#{"t_start": 1676137650.8692534, "env_id": null}
r,l,t
3422,3000,17.657808
3698,3000,33.899461
3048,3000,50.18299
3382,3000,66.841234
3226,3000,83.855355
3462,3000,100.467194
3088,3000,117.418528
3152,3000,133.810232
3610,3000,151.099063
3638,3000,167.414684
3662,3000,184.10372
3288,3000,200.587819
3056,3000,217.125328
3500,3000,234.222126
2874,3000,251.39241
3274,3000,267.665786
3096,3000,284.997091
3622,3000,302.201076
3364,3000,319.02906
4334,3000,335.520156
3298,3000,352.424375
3748,3000,368.643639
3484,3000,385.284095
3444,3000,402.469226
3224,3000,418.930548
3412,3000,435.57005
3736,3000,453.218409
3118,3000,469.576732
3344,3000,486.737436
3290,3000,503.983258
3722,3000,520.782788
3240,3000,537.054648
3650,3000,553.682094
3708,3000,569.816798
3498,3000,586.700046
3766,3000,602.656141
3516,3000,619.140963
3802,3000,636.361563
3520,3000,652.682316
3444,3000,668.912655
3370,3000,685.355849
3748,3000,702.438949
3342,3000,720.283558
3882,3000,736.926935
3662,3000,753.531658
3150,3000,770.80969
3544,3000,787.740264
3974,3000,805.487554
3772,3000,822.593434
3598,3000,841.393408
3674,3000,859.725041
3484,3000,877.578907
3552,3000,898.121714
3056,3000,917.364119
3586,3000,938.365346
3658,3000,957.869754
3786,3000,978.876069
4788,3000,998.606761
3660,3000,1018.863593
3366,3000,1039.437893
3740,3000,1059.69906
3638,3000,1080.903232
3612,3000,1102.254666
3654,3000,1122.184311
3682,3000,1141.695762
3452,3000,1161.493202
3824,3000,1195.412145
3260,3000,1215.412705
3154,3000,1236.096262
3438,3000,1255.686409
3862,3000,1275.996948
4240,3000,1296.862589
3546,3000,1316.672295
3984,3000,1336.284693
3760,3000,1355.542316
3638,3000,1375.189718
4216,3000,1394.142508
3652,3000,1413.397323
3790,3000,1432.924644
3278,3000,1453.183536
3766,3000,1473.179585
3070,3000,1493.159564
3716,3000,1512.669567
3774,3000,1532.261251
4454,3000,1551.659147
3366,3000,1572.185792
4062,3000,1593.058116
3766,3000,1612.996248
3202,3000,1632.725309
3972,3000,1652.82802
3560,3000,1673.16811
3754,3000,1692.791823
3604,3000,1712.355197
3588,3000,1732.499373
3790,3000,1751.882943
3724,3000,1770.95331
3120,3000,1790.372247
4018,3000,1809.052419
3244,3000,1828.823757
3458,3000,1849.586215
3526,3000,1869.642609
3616,3000,1889.373832
4532,3000,1909.226028
3852,3000,1928.275434
3336,3000,1948.20782
4136,3000,1968.256046
4070,3000,1987.83882
3608,3000,2007.09602
3606,3000,2027.469807
4256,3000,2047.400282
3838,3000,2067.023854
3806,3000,2085.668265
4276,3000,2105.035899
3638,3000,2124.579533
3584,3000,2143.898103
4002,3000,2163.073445
3520,3000,2182.109392
3948,3000,2201.455599
3850,3000,2221.447893
4382,3000,2241.08189
4172,3000,2260.358703
3624,3000,2280.631606
2898,3000,2300.306995
3802,3000,2319.856988
3680,3000,2339.680616
3826,3000,2359.13662
4134,3000,2378.511825
3868,3000,2399.183712
4210,3000,2419.042332
3720,3000,2439.334705
4162,3000,2459.05254
3958,3000,2478.068733
3576,3000,2497.43916
4326,3000,2531.512907
4028,3000,2551.466331
4620,3000,2570.95336
4020,3000,2590.249527
3660,3000,2609.879133
3916,3000,2629.370671
3982,3000,2648.346891
4044,3000,2667.55046
4216,3000,2686.907185
4106,3000,2706.046475
4460,3000,2725.000975
3358,3000,2744.158357
3900,3000,2763.021004
3898,3000,2783.166602
4400,3000,2802.576472
3636,3000,2821.028791
3854,3000,2840.323323
3944,3000,2859.703171
3930,3000,2879.334341
4168,3000,2898.243592
3966,3000,2917.44034
4594,3000,2937.16694
3750,3000,2955.580407
3822,3000,2974.72092
3876,3000,2994.10933
4212,3000,3013.28529
4006,3000,3032.226709
3962,3000,3051.624428
4294,3000,3070.63102
4020,3000,3090.269646
3760,3000,3109.262886
4220,3000,3128.390663
4228,3000,3147.151429
3736,3000,3166.660351
4296,3000,3185.252676
3768,3000,3204.717167
4122,3000,3223.710101
4816,3000,3242.34997
4032,3000,3261.240246
4240,3000,3279.292195
4178,3000,3298.796118
3900,3000,3316.981906
3788,3000,3335.807094
4640,3000,3354.238593
4140,3000,3373.471517
3588,3000,3392.275262
4016,3000,3411.47941
4246,3000,3430.200187
4500,3000,3448.912488
4148,3000,3467.444602
4068,3000,3486.933531
4360,3000,3506.788704
4166,3000,3525.869262
3912,3000,3544.848684
3594,3000,3563.834903
3326,3000,3583.245003
4084,3000,3602.360731
3982,3000,3621.908484
4140,3000,3640.21886
4298,3000,3659.246917
4214,3000,3677.816029
3850,3000,3696.666572
3936,3000,3716.130914
3800,3000,3735.792418
4424,3000,3754.737385
4704,3000,3774.467214
4504,3000,3793.660561
4082,3000,3825.934612
4776,3000,3845.05646
4402,3000,3864.336327
3974,3000,3884.012923
4332,3000,3902.827169
4438,3000,3922.634138
4292,3000,3942.175449
4580,3000,3961.48646
4684,3000,3980.598375
4598,3000,3999.897954
4258,3000,4019.088877
4580,3000,4038.008387
4558,3000,4057.322627
4828,3000,4076.24466
4874,3000,4094.567004
4564,3000,4114.309691
5172,3000,4133.039145
4502,3000,4151.95661
4902,3000,4170.489821
4422,3000,4188.934142
4918,3000,4207.694692
5142,3000,4226.524943
4632,3000,4245.445101
5220,3000,4264.183481
4866,3000,4283.774993
4996,3000,4302.018523
4800,3000,4320.785023
4934,3000,4339.401474
4610,3000,4357.846046
4792,3000,4376.570754
5416,3000,4394.46398
4926,3000,4413.594151
4944,3000,4431.81837
4568,3000,4449.97864
4862,3000,4469.061085
5070,3000,4488.052628
5084,3000,4506.342151
5002,3000,4524.596379
4924,3000,4542.971677
5368,3000,4560.995703
5122,3000,4579.813566
5352,3000,4598.648956
4676,3000,4617.438458
5028,3000,4636.377972
5522,3000,4655.485209
4956,3000,4674.980127
4676,3000,4694.465758
5118,3000,4712.826551
4512,3000,4733.19066
4376,3000,4752.330119
4968,3000,4771.081492
5012,3000,4790.205483
4912,3000,4808.04591
5476,3000,4826.325736
5010,3000,4843.910118
5884,3000,4862.001857
5050,3000,4880.597508
4896,3000,4899.257129
5112,3000,4917.634731
4762,3000,4935.752852
4712,3000,4954.031216
5232,3000,4972.450459
5060,3000,4990.692745
5034,3000,5009.251134
5362,3000,5028.473999
5130,3000,5046.776083
4962,3000,5077.08814
4690,3000,5095.322623
5386,3000,5113.440649
4920,3000,5131.84048
4856,3000,5149.873573
5144,3000,5168.784096
5338,3000,5187.732009
4932,3000,5206.381243
5506,3000,5224.630775
5224,3000,5242.405603
5162,3000,5262.091272
4752,3000,5280.411981
5450,3000,5298.909825
5380,3000,5317.972349
5196,3000,5336.224273
4364,3000,5354.340516
5372,3000,5371.906128
5370,3000,5389.569563
5166,3000,5407.91377
5108,3000,5425.898709
5186,3000,5444.220976
5348,3000,5462.743169
5346,3000,5481.42576
5138,3000,5500.690293
5294,3000,5519.238374
5158,3000,5536.960683
5392,3000,5555.692443
5354,3000,5574.544362
5642,3000,5592.367757
5118,3000,5610.854843
4916,3000,5629.840316
5506,3000,5648.575973
5954,3000,5667.424364
5812,3000,5686.372665
5520,3000,5705.319024
5176,3000,5724.006051
5794,3000,5742.12508
5570,3000,5760.593343
5784,3000,5778.477608
5286,3000,5797.092899
5584,3000,5815.552858
5716,3000,5833.607453
5118,3000,5851.316842
5554,3000,5869.248425
5000,3000,5887.363563
5098,3000,5905.992032
5180,3000,5924.073848
5738,3000,5941.919096
5272,3000,5960.13963
5632,3000,5978.313894
5550,3000,5996.012552
4954,3000,6013.690756
5236,3000,6031.318379
5672,3000,6049.534954
5106,3000,6068.283193
5384,3000,6086.957502
5490,3000,6104.804271
5410,3000,6123.026694
5580,3000,6140.97873
5320,3000,6158.868786
5386,3000,6176.189921
5602,3000,6193.432583
5324,3000,6210.305525
5144,3000,6228.224207
5534,3000,6245.948
5086,3000,6264.127058
5992,3000,6282.097858
5258,3000,6312.322669
5216,3000,6330.143688
4910,3000,6347.355742
5380,3000,6365.606421
5270,3000,6383.199924
5740,3000,6401.102829
5646,3000,6418.638259
5552,3000,6437.276315
5480,3000,6455.002782
5934,3000,6473.216234
5486,3000,6491.031942
6100,3000,6508.920978
5246,3000,6526.923806
5812,3000,6545.031387
5208,3000,6563.090457
5148,3000,6581.096806
5354,3000,6598.852261
5930,3000,6616.406091
5122,3000,6634.089304
5608,3000,6652.026117
5970,3000,6669.41127
6092,3000,6686.574437
5986,3000,6703.56547
5930,3000,6722.149009
5970,3000,6739.975075
5736,3000,6757.846987
6048,3000,6775.693232
5634,3000,6794.277429
5820,3000,6811.864051
5614,3000,6829.778454
5566,3000,6848.249103
5534,3000,6866.884934
5682,3000,6885.039167
5912,3000,6902.553792
5588,3000,6921.237471
5900,3000,6939.373321
5060,3000,6957.47023
6104,3000,6976.330726
5846,3000,6994.474568
6200,3000,7011.604848
5786,3000,7028.920389
5630,3000,7046.75766
5890,3000,7064.084459
6172,3000,7081.701712
6212,3000,7100.208927
5822,3000,7117.277828
5700,3000,7135.467499
5826,3000,7153.599844
6186,3000,7171.557769
5474,3000,7189.810264
6006,3000,7207.718848
5750,3000,7225.664763
5218,3000,7243.505313
6196,3000,7261.62427
5328,3000,7279.594881
5818,3000,7297.131355
5958,3000,7313.921277
5510,3000,7332.903822
6000,3000,7351.667465
5938,3000,7370.445265
5590,3000,7388.811334
5714,3000,7406.775165
5810,3000,7424.584983
6126,3000,7442.707374
5208,3000,7460.049768
5692,3000,7478.336154
5594,3000,7496.213377
5792,3000,7526.245368
5924,3000,7544.227177
5664,3000,7562.041616
6250,3000,7580.308247
5504,3000,7598.916238
5816,3000,7617.006605
6126,3000,7634.325924
5904,3000,7651.504009
5508,3000,7668.891019
6156,3000,7686.911047
6234,3000,7704.593984
5802,3000,7721.770706
6158,3000,7739.184344
5644,3000,7756.896972
6512,3000,7774.877702
6136,3000,7792.790762
5682,3000,7810.239269
6016,3000,7828.379678
5908,3000,7846.564306
6040,3000,7863.724343
5916,3000,7881.664548
5674,3000,7899.553675
6334,3000,7917.306001
5716,3000,7934.716985
5970,3000,7952.319143
6112,3000,7969.610137
5762,3000,7987.682666
5910,3000,8005.775823
6210,3000,8023.538054
6258,3000,8041.481733
6152,3000,8059.616902
6338,3000,8077.634524
5924,3000,8095.785509
6514,3000,8114.34326
6254,3000,8133.056345
5944,3000,8150.823522
5896,3000,8168.464796
6014,3000,8185.640548
6438,3000,8202.935306
6140,3000,8220.335192
6500,3000,8237.943398
6034,3000,8255.02155
5920,3000,8272.503087
6586,3000,8289.698816
6138,3000,8306.964504
6414,3000,8324.55014
6290,3000,8341.918928
6292,3000,8359.099864
6198,3000,8376.821722
5784,3000,8394.070096
6190,3000,8411.317614
6100,3000,8429.105912
6816,3000,8446.830265
5994,3000,8464.150692
5964,3000,8481.530074
6266,3000,8499.343596
5986,3000,8516.691495
5894,3000,8533.743397
5826,3000,8551.347155
6574,3000,8569.696829
6342,3000,8587.950277
6262,3000,8605.497005
6674,3000,8623.752576
6298,3000,8641.203998
5978,3000,8659.119419
6456,3000,8676.833261
6060,3000,8705.102823
6530,3000,8722.409085
6172,3000,8739.640249
6758,3000,8756.922441
6070,3000,8774.470593
6614,3000,8792.229931
6698,3000,8809.414047
6216,3000,8826.735649
6544,3000,8844.096277
5780,3000,8861.164679
6188,3000,8877.927592
6760,3000,8894.307791
6636,3000,8911.462577
6728,3000,8928.649175
6560,3000,8945.723263
6456,3000,8963.486062
6800,3000,8980.564734
6416,3000,8997.304488
6788,3000,9014.154176
6856,3000,9031.514913
6874,3000,9048.48574
6272,3000,9065.95936
6490,3000,9083.418998
6414,3000,9100.123319
6786,3000,9117.305855
6234,3000,9134.614847
6642,3000,9151.996986
6304,3000,9169.639634
6042,3000,9186.887844
6742,3000,9204.385918
6538,3000,9221.827502
7082,3000,9239.525097
6590,3000,9256.724408
6586,3000,9273.878049
6802,3000,9291.966166
6580,3000,9309.026192
6442,3000,9326.617741
6528,3000,9343.819721
7092,3000,9361.697588
6956,3000,9378.840309
6962,3000,9395.782445
7102,3000,9412.60289
6848,3000,9429.413026
6918,3000,9446.659252
6566,3000,9464.052015
7072,3000,9481.62352
7092,3000,9498.846218
6926,3000,9516.171485
6824,3000,9533.697915
6648,3000,9551.592425
6528,3000,9568.955977
6574,3000,9585.716559
6732,3000,9603.213346
6986,3000,9620.912448
7322,3000,9638.293351
7454,3000,9655.381811
7076,3000,9673.081194
7022,3000,9689.336066
7202,3000,9706.446937
7294,3000,9723.401058
7208,3000,9739.893001
7076,3000,9757.159507
7086,3000,9773.968634
7360,3000,9790.852518
6930,3000,9808.224
6924,3000,9824.959043
7200,3000,9842.238979
7588,3000,9871.236428
6682,3000,9888.712643
7146,3000,9905.037738
6910,3000,9921.757157
7260,3000,9938.337226
7226,3000,9955.25257
7400,3000,9972.481857
6570,3000,9989.189078
7352,3000,10006.182337
7230,3000,10022.889293
7402,3000,10039.469959
7240,3000,10056.342146
7712,3000,10073.353351
7880,3000,10090.280697
7872,3000,10107.165067
7672,3000,10124.444963
7728,3000,10141.831602
7238,3000,10158.607702
7324,3000,10175.843045
7498,3000,10193.057922
7846,3000,10209.634142
7654,3000,10226.465779
7968,3000,10243.363296
7948,3000,10260.183486
6994,3000,10276.628297
7886,3000,10293.044684
7658,3000,10309.827412
7784,3000,10325.779293
7660,3000,10341.517573
7454,3000,10357.907461
7774,3000,10374.237525
7976,3000,10390.827065
7460,3000,10407.334912
8166,3000,10424.113948
7772,3000,10440.927644
8230,3000,10457.258724
7640,3000,10473.876453
7832,3000,10489.933927
7786,3000,10506.239066
7574,3000,10522.750283
7812,3000,10538.879797
7728,3000,10555.430571
8012,3000,10570.903674
7976,3000,10587.438329
7950,3000,10603.680401
8384,3000,10621.069655
7982,3000,10638.580966
8408,3000,10655.517572
7736,3000,10671.397279
7604,3000,10688.439351
7866,3000,10705.761201
7354,3000,10722.331425
7624,3000,10739.139469
7642,3000,10756.506067
8524,3000,10772.754984
7884,3000,10788.982957
8002,3000,10805.441482
7762,3000,10821.388489
8076,3000,10838.768078
8202,3000,10855.706565
7644,3000,10871.767791
7350,3000,10888.741267
7838,3000,10905.599172
7908,3000,10922.476635
8286,3000,10939.345452
7918,3000,10956.193458
8156,3000,10973.386577
8350,3000,11002.127473
8120,3000,11018.537228
8220,3000,11035.504455
7808,3000,11052.030933
8062,3000,11068.216048
8190,3000,11084.780007
8290,3000,11100.921065
8206,3000,11117.254489
7770,3000,11133.256663
7916,3000,11149.39284
8740,3000,11166.331116
8018,3000,11182.43548
7964,3000,11199.237383
8236,3000,11215.47005
7868,3000,11231.749783
8352,3000,11248.162551
8426,3000,11264.442904
8246,3000,11281.392142
8466,3000,11298.331656
8530,3000,11315.371907
8072,3000,11331.308681
8046,3000,11347.488966
8258,3000,11363.614562
8004,3000,11380.206989
8366,3000,11396.412544
8130,3000,11412.419951
8684,3000,11428.598283
7890,3000,11444.96975
7944,3000,11461.634917
8396,3000,11478.052207
8262,3000,11495.60524
8588,3000,11512.58241
8966,3000,11528.93021
8100,3000,11544.366175
8258,3000,11560.726852
8062,3000,11576.867781
8490,3000,11592.804528
8202,3000,11608.600066
8310,3000,11624.385936
8528,3000,11640.168138
8198,3000,11656.144444
8270,3000,11671.558733
8360,3000,11687.550622
8128,3000,11703.580025
8448,3000,11719.28683
8582,3000,11735.81958
8362,3000,11752.108575
8090,3000,11768.203203
8412,3000,11784.05801
8220,3000,11799.926075
8446,3000,11816.518101
8818,3000,11833.217515
8534,3000,11849.498219
8274,3000,11865.421798
8534,3000,11881.508554
8252,3000,11897.986332
8728,3000,11914.339041
8902,3000,11930.456721
8984,3000,11947.012182
8420,3000,11962.450035
8940,3000,11978.743986
8948,3000,11995.313623
8588,3000,12011.556937
8446,3000,12027.175872
8844,3000,12043.973298
8648,3000,12059.616709
9202,3000,12086.456659
8982,3000,12103.593867
8844,3000,12119.85722
8386,3000,12135.902055
8490,3000,12152.863087
8964,3000,12168.703235
9050,3000,12185.030436
8836,3000,12201.843952
8564,3000,12218.338455
8716,3000,12235.00548
8908,3000,12251.619058
8638,3000,12268.091024
9036,3000,12284.203653
9134,3000,12300.209178
8984,3000,12316.588978
8762,3000,12332.406363
9168,3000,12347.776754
9362,3000,12363.83898
9494,3000,12379.734129
8962,3000,12396.480339
9546,3000,12412.227427
9406,3000,12428.093064
9230,3000,12444.40301
9298,3000,12460.3104
9364,3000,12476.27252
9312,3000,12492.366554
9316,3000,12508.265988
9756,3000,12524.559786
9348,3000,12540.146004
9574,3000,12556.006779
9688,3000,12571.97132
9438,3000,12587.842577
9114,3000,12603.774842
9288,3000,12620.294508
9692,3000,12636.195722
9004,3000,12651.609638
9476,3000,12667.372966
9226,3000,12683.422302
9820,3000,12699.24928
9318,3000,12715.26834
9762,3000,12731.405678
9684,3000,12747.88539
9154,3000,12764.766957
9548,3000,12781.14701
8862,3000,12796.986824
9570,3000,12813.014135
9606,3000,12829.232769
9252,3000,12845.722963
9464,3000,12861.959691
9392,3000,12878.692373
9468,3000,12894.7129
9210,3000,12910.942501
9506,3000,12926.185983
9672,3000,12942.253213
9588,3000,12957.783069
9660,3000,12973.723919
9624,3000,12989.702592
9814,3000,13006.03357
9814,3000,13022.340172
9482,3000,13038.487081
9366,3000,13054.284424
9482,3000,13069.454418
9444,3000,13085.266041
9538,3000,13100.646145
9986,3000,13116.779337
9488,3000,13132.995845
9630,3000,13149.002205
9828,3000,13176.460158
9568,3000,13192.92886
9842,3000,13209.327313
9512,3000,13224.976242
9658,3000,13240.291101
10024,3000,13255.80815
9550,3000,13271.40085
9874,3000,13287.298623
9734,3000,13303.31776
9522,3000,13318.615567
9640,3000,13333.797852
9710,3000,13349.298198
9764,3000,13364.6672
9968,3000,13380.171337
9568,3000,13396.062433
10156,3000,13412.112994
9708,3000,13428.474871
9718,3000,13443.654636
9692,3000,13459.778564
10352,3000,13475.730159
10038,3000,13490.872805
9800,3000,13506.647594
10082,3000,13522.927929
10244,3000,13538.684699
9876,3000,13554.572178
10250,3000,13571.128143
10090,3000,13587.135967
10054,3000,13603.948586
10024,3000,13620.287633
10192,3000,13636.496313
10104,3000,13652.926751
10064,3000,13669.116736
9536,3000,13684.785518
10058,3000,13699.823211
9750,3000,13715.932388
10390,3000,13731.458565
10118,3000,13747.610903
9880,3000,13763.846869
9744,3000,13778.764557
10070,3000,13794.049215
10354,3000,13810.042879
9936,3000,13826.015421
10308,3000,13841.211959
9900,3000,13856.176208
10316,3000,13871.883797
10220,3000,13888.010662
10236,3000,13902.867655
10408,3000,13918.126145
9934,3000,13933.867204
10410,3000,13949.880671
10406,3000,13965.836958
10050,3000,13981.988687
10562,3000,13997.375323
10608,3000,14013.055893
10576,3000,14028.848643
10568,3000,14044.653484
10310,3000,14060.441162
10278,3000,14076.748955
10484,3000,14093.109996
10330,3000,14108.730655
10594,3000,14124.106294
10736,3000,14139.868187
10300,3000,14156.631542
10564,3000,14172.472387
10676,3000,14188.790386
10244,3000,14204.952201
10280,3000,14220.732967
10452,3000,14248.713669
10542,3000,14264.487055
10612,3000,14279.861615
10666,3000,14295.3078
10152,3000,14311.562504
10922,3000,14327.337204
10612,3000,14343.651765
10600,3000,14359.566584
9986,3000,14375.222649
10566,3000,14390.408288
10394,3000,14405.834558
10672,3000,14421.898058
10544,3000,14436.937436
10652,3000,14452.567506
10452,3000,14467.881861
10710,3000,14483.887274
10928,3000,14499.458072
10794,3000,14515.138161
10744,3000,14529.819856
10688,3000,14545.597252
10632,3000,14560.991466
10852,3000,14576.664383
10682,3000,14593.160105
10182,3000,14608.795686
10800,3000,14624.583932
10268,3000,14640.500699
10552,3000,14656.454243
10790,3000,14672.328293
10712,3000,14688.354335
10570,3000,14704.500034
11224,3000,14719.968544
10982,3000,14735.637333
10602,3000,14751.682139
10838,3000,14768.251786
10854,3000,14783.803156
10536,3000,14800.263409
10548,3000,14816.676968
10972,3000,14833.689291
10678,3000,14849.177911
10732,3000,14864.530962
10490,3000,14879.70323
10732,3000,14895.75433
10982,3000,14910.532574
10440,3000,14925.68515
11056,3000,14941.343672
10762,3000,14957.153708
11056,3000,14972.994752
10524,3000,14989.017536
10626,3000,15004.374038
11124,3000,15019.88138
11158,3000,15036.071391
10824,3000,15051.851375
10666,3000,15067.458188
11084,3000,15083.404629
10654,3000,15099.137099
10664,3000,15114.705353
10702,3000,15130.328163
11018,3000,15146.008394
10824,3000,15161.6194
10728,3000,15176.599247
10548,3000,15192.231062
11130,3000,15207.638797
10792,3000,15223.604644
11002,3000,15239.205889
10948,3000,15254.916001
10588,3000,15270.22178
10842,3000,15296.509696
10976,3000,15312.055674
10948,3000,15328.873808
10838,3000,15344.728511
11146,3000,15361.055917
10974,3000,15376.435793
11172,3000,15392.65645
10978,3000,15408.222047
11096,3000,15424.64297
10924,3000,15440.971049
10676,3000,15456.94917
11124,3000,15472.652137
11276,3000,15488.635664
11178,3000,15504.071899
11312,3000,15520.05807
11048,3000,15535.882905
10994,3000,15551.027294
11310,3000,15566.827314
11314,3000,15582.638701
10910,3000,15598.672388
11026,3000,15614.196584
11130,3000,15629.679679
11290,3000,15645.532623
11260,3000,15661.457382
11086,3000,15677.017652
11654,3000,15692.125781
10942,3000,15707.854793
11036,3000,15723.846078
11562,3000,15739.06068
11140,3000,15754.684775
11264,3000,15770.110043
11292,3000,15785.675439
11264,3000,15801.28634
11630,3000,15816.934169
11618,3000,15832.743432
11070,3000,15848.299018
11158,3000,15864.186025
11224,3000,15880.220932
11416,3000,15896.397811
11166,3000,15912.526349
11294,3000,15928.620653
11172,3000,15944.722525
11218,3000,15961.354103
11588,3000,15977.096281
11140,3000,15992.69744
11208,3000,16008.031694
10964,3000,16023.31229
11232,3000,16037.922972
11594,3000,16052.953384
11554,3000,16068.773803
11104,3000,16083.856881
11746,3000,16099.327965
11210,3000,16114.796062
11440,3000,16130.204199
11398,3000,16145.933496
11690,3000,16161.709419
11370,3000,16177.188179
11302,3000,16193.07702
11474,3000,16208.186275
11596,3000,16223.912934
11582,3000,16239.737613
11326,3000,16254.77516
11426,3000,16269.815174
11496,3000,16285.696244
11762,3000,16301.286491
11618,3000,16316.458644
11338,3000,16331.941635
11416,3000,16359.00034
11788,3000,16375.089923
11906,3000,16391.328627
11454,3000,16406.955257
11698,3000,16422.17086
11640,3000,16437.598003
11832,3000,16452.768215
11474,3000,16468.301068
11494,3000,16483.907191
11776,3000,16498.80597
11454,3000,16514.407395
11506,3000,16529.855409
11562,3000,16545.152712
11592,3000,16560.402867
11688,3000,16575.515504
11642,3000,16591.698167
11780,3000,16606.483427
11572,3000,16621.873573
11952,3000,16636.736753
11860,3000,16651.885087
11780,3000,16667.378667
11546,3000,16683.587289
11382,3000,16699.706296
11566,3000,16716.282828
11748,3000,16731.870729
11954,3000,16747.711931
11654,3000,16762.371567
11718,3000,16777.533659
11560,3000,16793.239356
11882,3000,16808.69245
11566,3000,16824.508823
11728,3000,16839.900081
11556,3000,16855.060332
11650,3000,16870.567851
11966,3000,16886.340452
12212,3000,16902.040771
11616,3000,16916.528824
11838,3000,16932.023183
11750,3000,16946.64554
11978,3000,16962.130479
12148,3000,16978.408212
11958,3000,16993.314453
11770,3000,17009.256653
11882,3000,17024.724111
12368,3000,17039.442512
11942,3000,17055.663116
12080,3000,17072.537346
11960,3000,17087.866144
11884,3000,17103.433738
11904,3000,17119.435844
11954,3000,17135.168115
11732,3000,17150.375619
11664,3000,17166.02215
12248,3000,17181.346404
12012,3000,17196.24871
11672,3000,17212.291101
12040,3000,17227.237493
12064,3000,17242.938265
11794,3000,17258.347861
11910,3000,17273.614307
12050,3000,17288.995455
11982,3000,17305.241485
12200,3000,17320.197398
12008,3000,17335.654895
11746,3000,17351.072649
12216,3000,17366.248816
12112,3000,17381.53076
12198,3000,17407.703535
12132,3000,17423.235389
12488,3000,17439.22141
11846,3000,17454.166153
12104,3000,17469.45542
12006,3000,17484.678122
12216,3000,17499.818054
12158,3000,17515.170047
12002,3000,17530.713624
12184,3000,17545.919264
11934,3000,17561.51216
12186,3000,17576.76682
12116,3000,17592.043649
11846,3000,17607.774694
12096,3000,17623.400876
12122,3000,17638.525733
12138,3000,17654.347088
12066,3000,17669.27943
12128,3000,17685.118165
12162,3000,17700.602454
12206,3000,17715.6188
12056,3000,17730.762829
12430,3000,17746.723814
12180,3000,17762.069207
12122,3000,17777.283318
12184,3000,17792.778597
12290,3000,17808.770096
12338,3000,17824.948211
12226,3000,17840.756901
12288,3000,17855.97237
11990,3000,17871.384808
12060,3000,17886.477192
12156,3000,17901.991856
12246,3000,17917.30804
12312,3000,17933.981611
12034,3000,17950.118783
11954,3000,17965.48597
11894,3000,17981.279916
12334,3000,17997.164142
12490,3000,18012.912027
12084,3000,18027.851373
12428,3000,18042.666218
12234,3000,18057.853933
12194,3000,18072.855148
12194,3000,18087.161834
12150,3000,18102.091743
12266,3000,18116.99446
12088,3000,18132.138536
11918,3000,18147.867015
12230,3000,18163.545835
11714,3000,18178.755171
12574,3000,18193.978277
11728,3000,18208.880303
12148,3000,18224.079984
12274,3000,18239.595812
12028,3000,18255.002415
12316,3000,18269.549455
12266,3000,18284.934639
11964,3000,18299.856713
12010,3000,18315.057857
12176,3000,18330.242686
12010,3000,18345.623252
12316,3000,18361.041243
11960,3000,18375.97393
12242,3000,18391.741592
12212,3000,18406.999958
12244,3000,18433.475686
11922,3000,18449.491317
12146,3000,18464.826998
12404,3000,18480.426757
12148,3000,18496.151054
12112,3000,18511.580817
12384,3000,18527.550457
12236,3000,18543.003996
11996,3000,18558.419984
12200,3000,18573.718265
12274,3000,18589.952977
12100,3000,18605.717674
12090,3000,18620.692508
11796,3000,18636.33458
12160,3000,18651.596878
11956,3000,18667.244451
12220,3000,18682.644143
12302,3000,18697.93006
11810,3000,18713.488075
12222,3000,18728.688554
12106,3000,18744.647987
12154,3000,18759.531869
12296,3000,18775.218535
12000,3000,18790.617978
12102,3000,18805.488148
12256,3000,18820.490396
11968,3000,18836.209538
12078,3000,18851.556332
12026,3000,18866.756025
12214,3000,18881.956953
12172,3000,18896.922721
12182,3000,18912.223995
12412,3000,18927.422354
12310,3000,18943.291601
12294,3000,18960.086795
12118,3000,18975.745333
11956,3000,18992.140986
12110,3000,19007.976224
12184,3000,19024.209748
12082,3000,19039.882897
11964,3000,19055.533374
12368,3000,19071.209189
11936,3000,19086.177804
12116,3000,19101.83992
12046,3000,19117.529131
12078,3000,19133.787561
12072,3000,19149.348539
11992,3000,19164.742032
12408,3000,19180.412009
12176,3000,19196.256382
12358,3000,19212.338344
12574,3000,19229.119254
12290,3000,19244.897496
12026,3000,19260.371521
11876,3000,19276.146539
12420,3000,19293.054865
12284,3000,19308.731792
12060,3000,19324.306831
12288,3000,19339.755151
12070,3000,19354.881852
11988,3000,19369.938418
12130,3000,19385.302358
12240,3000,19400.75367
12010,3000,19416.314343
12336,3000,19431.519822
12440,3000,19446.653743
12278,3000,19461.314088
11974,3000,19487.030915
12268,3000,19502.235379
12178,3000,19517.686926
12036,3000,19533.061584
12252,3000,19548.111465
11916,3000,19562.920465
12198,3000,19578.600614
12402,3000,19594.092633
12056,3000,19609.966763
11980,3000,19624.876655
12240,3000,19640.069595
12068,3000,19655.476613
12120,3000,19671.526746
12286,3000,19687.813576
12124,3000,19703.177997
12226,3000,19719.673303
11918,3000,19735.765772
11916,3000,19752.009662
12178,3000,19768.633267
12210,3000,19784.080894
12208,3000,19799.841532
12004,3000,19815.941096
12164,3000,19831.03046
12326,3000,19846.160361
11496,3000,19861.417213
12052,3000,19876.873538
12078,3000,19892.173795
11916,3000,19908.060297
12310,3000,19922.876265
12246,3000,19938.046803
12222,3000,19953.617833
11902,3000,19968.518053
12342,3000,19984.400624
12116,3000,19999.903988
12410,3000,20015.9801
12382,3000,20031.973864
12298,3000,20046.852584
12146,3000,20062.436441
12172,3000,20077.952453
12420,3000,20093.207365
11936,3000,20109.106056
11940,3000,20125.176581
12192,3000,20140.713156
12122,3000,20156.363542
12322,3000,20171.917313
12382,3000,20188.157836
12504,3000,20203.395626
12334,3000,20219.144346
12242,3000,20234.499404
12122,3000,20250.143606
11920,3000,20265.31254
11978,3000,20280.019593
12020,3000,20295.44902
12112,3000,20310.489014
12558,3000,20326.394369
12498,3000,20341.911939
12348,3000,20357.71931
12270,3000,20372.689458
12386,3000,20389.403405
12128,3000,20405.004291
12090,3000,20420.287599
12078,3000,20435.663501
11834,3000,20451.761058
12530,3000,20466.894186
12178,3000,20482.673264
12032,3000,20497.244611
12534,3000,20512.979288
12704,3000,20538.79992
12366,3000,20554.555874
11790,3000,20569.496365
12070,3000,20584.549813
12290,3000,20600.225433
12048,3000,20615.470516
12396,3000,20630.937657
12188,3000,20647.695091
12090,3000,20663.1391
12224,3000,20678.946914
12126,3000,20694.36587
12400,3000,20710.291145
12290,3000,20726.871793
12126,3000,20742.624051
11954,3000,20758.533847
12512,3000,20774.530779
12024,3000,20790.015465
11832,3000,20805.388435
12256,3000,20821.14802
12280,3000,20836.407722
11874,3000,20851.413052
11946,3000,20866.960231
12206,3000,20882.675151
12226,3000,20898.491284
12244,3000,20913.788386
11858,3000,20929.434713
11886,3000,20944.14175
12550,3000,20959.887429
12222,3000,20975.340414
12328,3000,20991.380789
11964,3000,21006.524551
11690,3000,21021.746954
12272,3000,21036.959443
12222,3000,21052.205354
12518,3000,21067.748105
12196,3000,21082.492332
12518,3000,21097.991825
12092,3000,21113.586413
12340,3000,21129.071879
12338,3000,21143.771375
12194,3000,21158.55456
12112,3000,21173.39141
12308,3000,21188.139668
12208,3000,21204.0519
12260,3000,21220.093464
12244,3000,21235.508598
12208,3000,21250.176871
12416,3000,21265.497672
12410,3000,21280.721636
12034,3000,21296.968957
12226,3000,21312.700744
12154,3000,21328.050644
11600,3000,21342.87043
12412,3000,21358.9939
12112,3000,21375.314215
12030,3000,21390.432879
12086,3000,21406.077064
12028,3000,21421.024184
12190,3000,21436.471065
12054,3000,21452.578977
12172,3000,21467.95786
12000,3000,21483.082387
11936,3000,21498.048725
12278,3000,21513.436055
11800,3000,21527.890414
12142,3000,21542.78095
12112,3000,21569.128591
12234,3000,21585.355268
12144,3000,21600.781254
12552,3000,21616.134938
12004,3000,21631.780626
12260,3000,21646.885577
11920,3000,21662.013168
11918,3000,21677.409473
12146,3000,21692.115101
12396,3000,21707.49875
12176,3000,21723.78677
12138,3000,21739.929476
11840,3000,21755.152289
12428,3000,21770.969447
11954,3000,21786.450293
12446,3000,21801.405514
12244,3000,21817.161579
11996,3000,21832.880841
12236,3000,21848.863314
12344,3000,21865.063154
12270,3000,21880.132098
12452,3000,21895.764049
12146,3000,21911.183912
12350,3000,21926.388051
12118,3000,21941.250825
11862,3000,21957.255932
12138,3000,21973.591513
12148,3000,21989.146056
12300,3000,22004.311778
12046,3000,22019.729471
11844,3000,22035.413382
12412,3000,22051.180776
12224,3000,22067.115278
12258,3000,22082.902855
12000,3000,22098.818123
12362,3000,22114.220597
12120,3000,22130.005048
12136,3000,22144.779767
11874,3000,22160.314955
12092,3000,22175.127066
12274,3000,22190.029604
12688,3000,22204.916913
12152,3000,22220.462978
12188,3000,22236.201607
12218,3000,22251.777037
12326,3000,22267.77426
12138,3000,22283.554135
12240,3000,22299.007617
12154,3000,22314.785578
12010,3000,22330.497427
12260,3000,22345.974564
12472,3000,22362.211333
12024,3000,22377.908154
12242,3000,22393.856641
12216,3000,22410.307023
12426,3000,22426.398374
12144,3000,22442.412184
12348,3000,22457.057533
12298,3000,22472.665194
12004,3000,22488.536875
12220,3000,22504.059253
12414,3000,22519.752337
12246,3000,22535.265505
12008,3000,22549.897201
12550,3000,22566.289687
12378,3000,22582.323901
12266,3000,22599.049117
12468,3000,22625.892627
12300,3000,22641.450144
12282,3000,22656.940496
12504,3000,22672.123458
12256,3000,22688.604598
12002,3000,22703.668602
12222,3000,22720.318549
12384,3000,22735.769309
12380,3000,22751.550293
11888,3000,22766.689212
12214,3000,22781.609725
12220,3000,22796.95919
12420,3000,22812.24527
12518,3000,22828.226231
12344,3000,22843.594433
12092,3000,22859.538959
12206,3000,22874.769085
12162,3000,22889.807325
12132,3000,22904.957802
12546,3000,22919.918103
12514,3000,22935.304457
12394,3000,22950.21817
12332,3000,22965.754873
12416,3000,22981.228145
12616,3000,22997.027034
11984,3000,23012.86732
12278,3000,23028.286229
12310,3000,23044.090175
12240,3000,23059.539099
12490,3000,23074.923855
12534,3000,23089.914418
12156,3000,23104.323768
12342,3000,23119.56721
12244,3000,23135.236648
12382,3000,23150.936543
12336,3000,23166.324077
12470,3000,23182.321371
12302,3000,23197.553661
12176,3000,23213.469141
12250,3000,23229.071523
12206,3000,23244.227863
12044,3000,23259.414488
12356,3000,23275.796834
12298,3000,23291.518358
12074,3000,23307.115323
12044,3000,23322.160712
12228,3000,23337.485143
12542,3000,23353.045002
12444,3000,23368.924835
12404,3000,23384.489219
12348,3000,23399.747746
12430,3000,23416.084769
12084,3000,23431.639334
11902,3000,23446.618232
11968,3000,23461.461147
12168,3000,23478.10792
12238,3000,23493.60633
12038,3000,23509.445124
12194,3000,23525.120547
12008,3000,23540.328583
12400,3000,23556.272991
12574,3000,23572.525194
12250,3000,23588.987508
12214,3000,23604.807061
12254,3000,23620.487097
12276,3000,23636.526534
12346,3000,23651.99768
12306,3000,23679.705096
12390,3000,23695.433111
12210,3000,23711.287652
12186,3000,23727.540215
12462,3000,23742.172055
12374,3000,23757.965299
12494,3000,23774.286118
12140,3000,23790.261049
12184,3000,23805.592923
12238,3000,23820.812427
12090,3000,23836.339919
12298,3000,23851.505878
12266,3000,23867.268921
12310,3000,23882.540109
12160,3000,23897.687669
12556,3000,23912.922032
12664,3000,23928.682121
12296,3000,23944.090937
12162,3000,23959.599288
12122,3000,23975.446551
12316,3000,23991.111699
12418,3000,24006.793095
12698,3000,24023.111371
12098,3000,24039.229829
12362,3000,24055.698689
12400,3000,24070.75147
12378,3000,24087.211294
12086,3000,24103.382628
12254,3000,24118.898188
12210,3000,24134.629826
12178,3000,24150.338807
12474,3000,24166.490962
12210,3000,24181.370033
12456,3000,24197.222559
12218,3000,24212.601212
12328,3000,24227.549824
12496,3000,24243.191392
12444,3000,24259.603646
12126,3000,24274.613421
12238,3000,24290.457487
12288,3000,24305.871377
12338,3000,24321.112339
11998,3000,24336.245299
12492,3000,24351.38357
12338,3000,24367.069085
12080,3000,24382.375332
12444,3000,24398.280596
12158,3000,24413.758338
12264,3000,24428.99864
12248,3000,24444.197867
12172,3000,24460.431928
12226,3000,24476.206013
12426,3000,24491.251406
12472,3000,24508.479806
12184,3000,24524.155588
12118,3000,24539.673051
12234,3000,24554.808957
12196,3000,24570.390402
12232,3000,24585.593652
12434,3000,24601.170911
12546,3000,24616.61469
12754,3000,24632.20386
12468,3000,24647.714143
12414,3000,24664.21549
12352,3000,24679.69573
12180,3000,24695.647914
12150,3000,24722.539199
12142,3000,24739.028203
12274,3000,24754.378183
12308,3000,24771.21035
12400,3000,24787.547359
12408,3000,24804.194072
12408,3000,24820.385096
12112,3000,24836.18478
12394,3000,24851.983392
12122,3000,24867.725657
12338,3000,24884.385996
12196,3000,24900.758002
12384,3000,24916.512624
12470,3000,24931.883769
12252,3000,24948.121238
12038,3000,24963.339847
12462,3000,24979.47919
12524,3000,24995.081819
12366,3000,25010.287508
12278,3000,25026.737057
12232,3000,25042.72728
12048,3000,25057.869071
12136,3000,25073.814264
12250,3000,25090.179113
12474,3000,25106.504492
12348,3000,25123.507102
12470,3000,25139.741626
12152,3000,25155.823729
12318,3000,25170.788933
12094,3000,25187.226783
12126,3000,25202.526544
12436,3000,25218.141773
12484,3000,25234.101479
12192,3000,25249.843024
12418,3000,25265.696054
12584,3000,25281.014768
12478,3000,25296.688707
12546,3000,25312.175382
12550,3000,25328.308398
12206,3000,25344.006779
12376,3000,25358.914585
12458,3000,25374.948426
12488,3000,25390.630316
12090,3000,25405.486355
12294,3000,25421.202484
12080,3000,25436.218978
12318,3000,25451.927743
12050,3000,25467.581851
12218,3000,25482.139425
12374,3000,25497.704144
12240,3000,25513.271532
12050,3000,25528.605412
12634,3000,25544.104127
12284,3000,25558.253692
12098,3000,25573.885178
12228,3000,25589.041306
12398,3000,25605.14808
12214,3000,25621.480439
12322,3000,25636.860095
12434,3000,25651.999816
12544,3000,25668.847406
12638,3000,25684.484312
12682,3000,25700.010559
12010,3000,25715.615627
12302,3000,25730.357677
12270,3000,25746.006121
12358,3000,25761.476481
12130,3000,25787.957957
12574,3000,25803.74297
12206,3000,25818.712579
12484,3000,25834.844975
12636,3000,25850.681555
12112,3000,25865.894863
12292,3000,25882.07278
12444,3000,25898.370354
12742,3000,25914.155296
12170,3000,25929.591872
12612,3000,25944.88437
12152,3000,25960.81285
12224,3000,25976.209311
12044,3000,25992.673708
12422,3000,26007.908548
12238,3000,26023.198295
12398,3000,26039.302113
12686,3000,26056.210613
12068,3000,26073.205587
12392,3000,26089.16025
12330,3000,26105.114408
12240,3000,26120.789407
12124,3000,26136.976246
12212,3000,26152.09233
12154,3000,26166.943941
12240,3000,26181.63195
12716,3000,26196.79417
12304,3000,26212.568739
12106,3000,26228.092468
12178,3000,26243.36379
12358,3000,26259.111316
12428,3000,26274.924012
12122,3000,26291.306188
12376,3000,26306.876055
12232,3000,26322.07181
12564,3000,26337.873424
12224,3000,26352.962406
12298,3000,26368.342666
12374,3000,26384.640652
12400,3000,26400.476381
12420,3000,26416.11858
12250,3000,26432.473174
12266,3000,26448.380532
12590,3000,26464.081919
12110,3000,26478.85798
12168,3000,26494.090417
12366,3000,26509.492494
12486,3000,26525.70816
12514,3000,26541.643972
12498,3000,26556.800152
12206,3000,26572.390243
12294,3000,26588.799908
12170,3000,26604.718746
12210,3000,26620.506529
12068,3000,26636.382251
12292,3000,26651.855423
12296,3000,26667.72838
12538,3000,26683.599634
12628,3000,26700.024863
12260,3000,26715.548879
12294,3000,26730.451581
12694,3000,26746.444462
12340,3000,26762.127234
12016,3000,26777.341707
12210,3000,26793.492936
12622,3000,26808.88939
12362,3000,26824.793111
12230,3000,26851.525021
12202,3000,26866.36764
12542,3000,26882.242218
12332,3000,26897.457484
12224,3000,26912.604637
12450,3000,26928.903651
12430,3000,26945.191137
12260,3000,26960.732775
12072,3000,26975.355789
12390,3000,26991.632148
11972,3000,27007.2128
12636,3000,27023.069478
12328,3000,27039.160745
12248,3000,27055.210817
12300,3000,27071.135991
12338,3000,27087.42977
12580,3000,27103.558464
12304,3000,27119.459062
12456,3000,27134.696409
12618,3000,27150.532588
12088,3000,27166.239697
12318,3000,27181.930269
12550,3000,27197.508031
12332,3000,27212.068581
12428,3000,27227.783731
12116,3000,27244.053195
12754,3000,27260.160758
11904,3000,27275.85026
12126,3000,27290.996808
12822,3000,27306.73321
12392,3000,27322.786781
12306,3000,27337.812958
12266,3000,27353.1109
12446,3000,27369.184461
11932,3000,27384.343323
12258,3000,27400.255008
12396,3000,27415.440456
12340,3000,27430.83323
12098,3000,27445.933861
12512,3000,27461.366236
12322,3000,27476.534957
12384,3000,27491.408038
12148,3000,27506.516805
12608,3000,27521.745581
11936,3000,27536.673079
12282,3000,27552.505152
12244,3000,27568.209342
12312,3000,27583.641483
11994,3000,27599.681962
12330,3000,27615.485025
12388,3000,27631.296029
12558,3000,27647.140175
12274,3000,27663.054843
12224,3000,27679.15316
12434,3000,27695.241676
12506,3000,27711.279963
12442,3000,27727.195952
12376,3000,27743.438797
12530,3000,27759.149067
12198,3000,27773.927351
12454,3000,27790.192299
12164,3000,27805.534806
12212,3000,27821.256952
12424,3000,27837.250269
12176,3000,27854.001683
12100,3000,27870.026849
12390,3000,27896.661479
12560,3000,27913.19985
12086,3000,27928.934826
12516,3000,27944.951603
12402,3000,27960.135785
12500,3000,27975.860706
12166,3000,27991.170734
12396,3000,28007.099474
12296,3000,28022.930804
12542,3000,28038.72016
12048,3000,28054.73849
12410,3000,28070.04672
12242,3000,28085.980135
12424,3000,28101.024667
12474,3000,28116.818306
12300,3000,28133.05261
12636,3000,28148.847254
12384,3000,28164.484546
12040,3000,28179.990533
12306,3000,28195.511047
12342,3000,28210.567719
12532,3000,28225.744935
12404,3000,28242.257739
12300,3000,28257.670336
12296,3000,28273.92363
12450,3000,28289.122888
12152,3000,28304.183215
12146,3000,28319.717915
12546,3000,28335.490313
12414,3000,28350.488107
12256,3000,28366.692131
12312,3000,28382.617408
12330,3000,28396.900573
12330,3000,28412.84701
12282,3000,28428.822302
12382,3000,28444.199399
12116,3000,28459.873351
12286,3000,28475.603284
12318,3000,28492.015476
12344,3000,28507.042296
12214,3000,28522.793401
11954,3000,28537.902859
12294,3000,28553.515228
12616,3000,28569.001393
12496,3000,28584.146764
12310,3000,28599.059577
12538,3000,28615.098825
12178,3000,28629.992758
12188,3000,28645.634015
12370,3000,28661.606205
12050,3000,28677.613609
12062,3000,28693.120542
12232,3000,28708.63954
12546,3000,28724.083215
12338,3000,28740.464046
12342,3000,28756.74105
12238,3000,28772.857247
12434,3000,28788.808537
12402,3000,28804.887562
12148,3000,28820.688552
12436,3000,28836.681681
12206,3000,28852.359309
12350,3000,28868.452712
12268,3000,28883.212474
12036,3000,28898.22576
12378,3000,28914.411704
12386,3000,28930.10634
12342,3000,28957.978622
12260,3000,28974.355804
12388,3000,28990.42558
12636,3000,29006.263415
12200,3000,29020.931664
12312,3000,29036.126264
12528,3000,29052.010921
12474,3000,29067.030057
12302,3000,29082.650344
12382,3000,29098.185134
12226,3000,29114.267617
12058,3000,29129.863657
12188,3000,29145.753917
12082,3000,29161.33115
12358,3000,29178.040924
12360,3000,29193.675162
12036,3000,29209.077286
12170,3000,29225.985172
12246,3000,29241.919722
12294,3000,29258.784569
12346,3000,29274.004713
12226,3000,29289.582958
11894,3000,29304.615494
12516,3000,29320.001764
12580,3000,29335.717033
12468,3000,29351.128584
12600,3000,29366.95191
12130,3000,29382.476755
12234,3000,29398.312045
12614,3000,29414.174266
12196,3000,29429.524985
12306,3000,29445.411543
12498,3000,29460.646881
12398,3000,29476.824206
12206,3000,29492.483691
12374,3000,29507.915783
12264,3000,29523.167736
12558,3000,29537.745653
12158,3000,29553.393378
12516,3000,29569.013512
12216,3000,29584.522358
12520,3000,29599.204454
12170,3000,29614.892708
12180,3000,29630.628213
12332,3000,29646.258711
12230,3000,29661.335172
12362,3000,29677.0806
12492,3000,29692.841233
12474,3000,29708.395804
12254,3000,29723.765492
12536,3000,29739.109849
12248,3000,29754.64171
12396,3000,29770.366509
12530,3000,29786.110348
12118,3000,29801.541049
12398,3000,29816.502979
12496,3000,29831.456212
12278,3000,29846.981426
12224,3000,29863.268988
12262,3000,29878.271178
12454,3000,29893.483619
12232,3000,29908.492687
12334,3000,29923.243477
12644,3000,29939.108229
12422,3000,29954.344681
12448,3000,29969.291744
12302,3000,29984.784028
12308,3000,30011.83503
12676,3000,30027.901228
12524,3000,30043.737587
12582,3000,30059.416444
12538,3000,30074.980845
12230,3000,30090.046575
11974,3000,30105.996464
12312,3000,30120.881378
12294,3000,30136.601398
12210,3000,30151.733851
12396,3000,30166.66273
12272,3000,30182.04934
12212,3000,30197.464441
12540,3000,30213.433643
12364,3000,30228.495291
12454,3000,30243.998682
12514,3000,30260.010059
12168,3000,30275.896853
12432,3000,30290.983927
12242,3000,30306.973078
12346,3000,30322.663328
12638,3000,30338.484685
12174,3000,30353.992838
12440,3000,30369.891895
12454,3000,30385.095291
12214,3000,30400.079258
12132,3000,30416.137588
12586,3000,30431.488199
12228,3000,30446.844244
12182,3000,30462.694388
12514,3000,30478.296242
12250,3000,30493.888894
12560,3000,30509.78395
12360,3000,30526.377298
12406,3000,30542.829918
12170,3000,30558.467698
12604,3000,30574.104776
12394,3000,30590.147187
12536,3000,30605.538159
12502,3000,30621.390676
12172,3000,30637.196161
12418,3000,30653.39091
12450,3000,30668.698531
12566,3000,30684.29585
12244,3000,30699.886492
12290,3000,30715.582016
12424,3000,30731.262202
12366,3000,30747.158512
12448,3000,30763.112375
12264,3000,30778.11854
12508,3000,30793.080855
12380,3000,30807.56707
11968,3000,30823.349889
12094,3000,30838.403649
12370,3000,30854.299182
12662,3000,30870.535345
12186,3000,30885.395916
12378,3000,30901.354772
12024,3000,30917.647798
12386,3000,30933.389836
12552,3000,30948.566137
12470,3000,30963.926094
12244,3000,30979.55073
12284,3000,30995.334132
12556,3000,31010.647109
12686,3000,31026.492638
12534,3000,31053.057559
12090,3000,31068.883619
12038,3000,31084.472938
12178,3000,31100.146984
12084,3000,31115.798994
12360,3000,31131.787694
12268,3000,31146.627166
12498,3000,31162.850268
12610,3000,31179.248018
12432,3000,31195.096094
12344,3000,31210.745467
12560,3000,31226.506209
12682,3000,31241.88555
12292,3000,31257.457728
12210,3000,31272.87589
12308,3000,31289.021223
11886,3000,31304.477361
12500,3000,31319.773161
12110,3000,31335.372252
11966,3000,31350.735636
12750,3000,31367.09662
12220,3000,31383.020668
12410,3000,31398.819797
12486,3000,31414.127067
12348,3000,31429.808232
12562,3000,31446.04485
12206,3000,31462.296227
12532,3000,31477.940717
12482,3000,31493.812632
12414,3000,31510.003867
12454,3000,31526.416083
12552,3000,31541.528402
12010,3000,31556.934145
12242,3000,31572.937635
12140,3000,31589.60119
12234,3000,31605.412095
12216,3000,31620.773299
12324,3000,31636.200433
12526,3000,31652.338917
12186,3000,31668.383344
12222,3000,31684.816072
12730,3000,31700.970335
12060,3000,31716.642491
12032,3000,31732.950305
12326,3000,31748.361098
12492,3000,31764.439311
12204,3000,31779.920734
12454,3000,31795.676576
12340,3000,31811.207633
12492,3000,31826.279824
12338,3000,31842.72975
12232,3000,31858.458185
12554,3000,31874.525883
12408,3000,31890.548888
12294,3000,31905.46225
12136,3000,31921.092046
12300,3000,31936.086094
12308,3000,31951.706892
12032,3000,31966.880782
12286,3000,31981.838493
12544,3000,31997.491725
12612,3000,32012.940181
12216,3000,32028.458094
12260,3000,32044.692446
12344,3000,32060.092126
12340,3000,32075.81635
12226,3000,32090.481129
12256,3000,32117.161113
12556,3000,32132.760503
12100,3000,32149.085095
12226,3000,32163.522544
12376,3000,32178.875873
12364,3000,32194.513328
11970,3000,32209.326746
12492,3000,32224.838917
12250,3000,32240.13851
12350,3000,32255.186357
12518,3000,32270.629274
12330,3000,32285.67348
12288,3000,32300.589958
11986,3000,32315.298447
12504,3000,32330.021415
12374,3000,32345.200646
12202,3000,32361.023789
12122,3000,32376.51424
12440,3000,32391.586118
12510,3000,32407.208915
12360,3000,32422.236584
12218,3000,32437.647026
12276,3000,32452.634921
12130,3000,32468.572374
12346,3000,32483.571379
12512,3000,32499.719495
12428,3000,32515.644076
12252,3000,32531.25928
12414,3000,32546.117241
12552,3000,32562.108949
12462,3000,32577.631959
12616,3000,32593.980982
12322,3000,32609.604522
12364,3000,32625.661379
12154,3000,32640.399216
12296,3000,32656.09775
12152,3000,32671.431477
12356,3000,32685.776808
12432,3000,32700.952519
12424,3000,32716.620339
12572,3000,32731.643869
12648,3000,32747.721223
12130,3000,32763.644991
12542,3000,32778.992166
12414,3000,32794.5357
12324,3000,32809.634403
12178,3000,32825.466753
12524,3000,32841.066429
12348,3000,32857.448809
12522,3000,32873.421685
12374,3000,32889.019764
12216,3000,32904.678626
12158,3000,32919.655847
11944,3000,32935.010448
12336,3000,32950.304278
12224,3000,32966.317518
12340,3000,32982.725397
12028,3000,32998.618612
12330,3000,33013.474025
12230,3000,33028.721979
12256,3000,33043.586758
12548,3000,33059.682118
12336,3000,33075.457622
12370,3000,33090.894876
12424,3000,33106.948892
12188,3000,33122.442526
12424,3000,33138.194303
12558,3000,33165.530652
12310,3000,33180.984924
12370,3000,33196.280106
12504,3000,33212.853671
12474,3000,33227.919775
12728,3000,33244.222101
12188,3000,33259.206404
12320,3000,33275.230536
12144,3000,33291.314878
12504,3000,33306.89415
12542,3000,33322.415632
12210,3000,33338.329748
12392,3000,33354.363954
12398,3000,33369.870674
12600,3000,33385.223353
12040,3000,33400.348875
12438,3000,33416.521189
12004,3000,33432.297763
12354,3000,33447.593982
12538,3000,33463.777027
12264,3000,33478.767091
12180,3000,33494.728202
12144,3000,33510.144359
12370,3000,33526.63731
12618,3000,33543.234632
12372,3000,33559.042417
12632,3000,33575.656019
12402,3000,33591.094228
12658,3000,33606.859715
12228,3000,33622.562728
12486,3000,33639.005825
12618,3000,33654.856297
12508,3000,33671.010791
12130,3000,33687.151821
12512,3000,33703.401668
12484,3000,33719.307499
12344,3000,33734.680157
12114,3000,33749.80381
12488,3000,33765.757097
12308,3000,33781.83586
12516,3000,33797.675287
12382,3000,33813.409128
12506,3000,33829.451818
12468,3000,33845.785674
12102,3000,33861.059617
12552,3000,33876.808467
12496,3000,33893.460904
12304,3000,33909.839974
12414,3000,33925.309049
12228,3000,33940.477076
12578,3000,33956.548358
12302,3000,33972.567919
12048,3000,33987.562836
12446,3000,34003.124286
12568,3000,34018.492709
12294,3000,34034.348851
12218,3000,34049.743658
12190,3000,34065.368003
11898,3000,34080.622176
12364,3000,34096.250633
12062,3000,34113.000846
12286,3000,34129.11463
12504,3000,34144.924152
12316,3000,34160.503797
12238,3000,34176.108192
12290,3000,34190.841826
12074,3000,34217.408535
12382,3000,34233.193827
12400,3000,34248.930666
12590,3000,34264.243409
12730,3000,34280.196849
12326,3000,34295.675795
12268,3000,34311.501484
12280,3000,34327.732821
12276,3000,34343.889213
12108,3000,34359.257119
12396,3000,34375.047584
12222,3000,34391.274665
12172,3000,34407.420103
12348,3000,34423.545319
12186,3000,34439.210704
12444,3000,34455.391623
12382,3000,34471.343557
12458,3000,34487.090793
12316,3000,34503.01956
12560,3000,34518.22399
12408,3000,34533.936104
12480,3000,34549.862196
12520,3000,34566.261122
12298,3000,34581.680078
12836,3000,34597.272017
12532,3000,34612.91179
12232,3000,34628.157723
12240,3000,34643.23174
12418,3000,34658.686697
12472,3000,34674.59602
12444,3000,34689.69798
12418,3000,34704.551754
12332,3000,34720.758696
12262,3000,34736.14564
12414,3000,34751.747759
12026,3000,34767.501508
12390,3000,34783.174808
12636,3000,34798.620729
12194,3000,34814.299631
12394,3000,34830.014984
12304,3000,34845.210327
12214,3000,34860.870632
12136,3000,34876.210602
12540,3000,34891.890935
12254,3000,34907.357045
12164,3000,34923.388588
12006,3000,34938.445945
12050,3000,34953.781693
12248,3000,34968.865829
12320,3000,34984.211638
12416,3000,35000.278747
12594,3000,35015.795855
12220,3000,35031.555382
12456,3000,35047.778803
12444,3000,35063.683635
12262,3000,35078.963046
12504,3000,35094.406909
12466,3000,35110.171401
12322,3000,35125.065853
12600,3000,35140.992667
12458,3000,35156.458256
12292,3000,35172.983006
12180,3000,35188.578681
12158,3000,35204.864722
12470,3000,35222.286997
12370,3000,35238.286755
12204,3000,35254.162536
12368,3000,35280.297402
12234,3000,35296.010426
12444,3000,35311.148373
12184,3000,35326.644099
12474,3000,35342.118812
12326,3000,35357.93793
12370,3000,35373.60757
12394,3000,35388.951661
12440,3000,35404.429435
12508,3000,35421.209242
12326,3000,35437.330369
12696,3000,35453.754484
12428,3000,35469.170708
12146,3000,35485.122952
12212,3000,35501.190341
12474,3000,35516.321814
12396,3000,35532.411399
12530,3000,35548.204688
12566,3000,35563.923019
12274,3000,35579.592399
12154,3000,35594.662629
12638,3000,35610.055349
12294,3000,35625.610864
12190,3000,35640.98997
12400,3000,35655.787028
12352,3000,35671.323123
12340,3000,35687.379492
12038,3000,35703.469231
12168,3000,35719.250158
12338,3000,35735.406553
12086,3000,35751.032479
12214,3000,35767.092953
12742,3000,35781.894755
12252,3000,35797.925962
12602,3000,35814.045062
12210,3000,35830.013412
12316,3000,35846.331175
12144,3000,35862.613258
12196,3000,35878.659508
12100,3000,35894.173286
12340,3000,35909.959917
12692,3000,35926.169729
12320,3000,35941.695847
12266,3000,35957.205882
12572,3000,35973.188992
12244,3000,35989.170585
12586,3000,36006.03323
12490,3000,36022.173521
12838,3000,36039.00156
12610,3000,36055.682858
12416,3000,36071.632567
12272,3000,36088.051598
12412,3000,36104.347866
12498,3000,36120.249509
12094,3000,36136.252365
12638,3000,36152.776
12616,3000,36168.480626
12516,3000,36183.436637
12022,3000,36199.027955
12342,3000,36214.126682
12242,3000,36229.838947
12186,3000,36245.579255
12234,3000,36260.870694
12114,3000,36276.031652
12134,3000,36290.718035
12658,3000,36305.941831
11850,3000,36321.519676
12298,3000,36348.093559
12662,3000,36363.09197
12292,3000,36378.764603
12218,3000,36394.745831
12256,3000,36410.257942
12310,3000,36425.790904
12496,3000,36441.33205
12200,3000,36456.480437
12374,3000,36471.935311
12500,3000,36488.150069
12356,3000,36503.133913
12262,3000,36518.119899
12490,3000,36534.340361
12534,3000,36550.758806
12356,3000,36566.410929
12466,3000,36581.588828
12580,3000,36597.610686
12294,3000,36614.325043
12346,3000,36629.730861
12518,3000,36646.033554
12382,3000,36660.798157
12514,3000,36676.776935
12362,3000,36692.859885
12558,3000,36708.669267
12268,3000,36724.043946
12186,3000,36739.645396
12572,3000,36755.524967
12486,3000,36771.51671
12422,3000,36787.222064
12388,3000,36803.369163
12498,3000,36819.349086
12290,3000,36834.892209
12478,3000,36849.918951
12532,3000,36866.156422
11998,3000,36881.336816
12330,3000,36897.43414
12552,3000,36913.543058
12158,3000,36928.745406
12408,3000,36944.741582
12400,3000,36960.527237
12316,3000,36976.222437
12300,3000,36991.590721
12710,3000,37007.201045
12514,3000,37021.998408
12420,3000,37037.368308
12352,3000,37053.138508
12416,3000,37068.651659
12376,3000,37084.079712
12332,3000,37100.16749
12458,3000,37116.03426
12462,3000,37131.790294
12142,3000,37147.27268
12540,3000,37163.37414
12630,3000,37179.625262
12366,3000,37195.375432
12432,3000,37211.460475
12494,3000,37227.340326
12346,3000,37242.642862
12044,3000,37257.970778
12208,3000,37273.628258
12278,3000,37289.981041
12250,3000,37305.812465
12284,3000,37321.854162
12284,3000,37337.88434
12590,3000,37352.998809
12318,3000,37368.717081
12186,3000,37395.421401
12504,3000,37410.718516
11970,3000,37426.329419
12292,3000,37442.766746
12056,3000,37458.489172
12348,3000,37474.414363
12360,3000,37489.900405
12194,3000,37505.444417
12322,3000,37521.451368
12360,3000,37537.458251
12364,3000,37554.410653
12426,3000,37569.505175
12276,3000,37585.279198
12220,3000,37601.257214
12480,3000,37616.872663
12122,3000,37632.518384
12338,3000,37648.391593
12310,3000,37664.424543
12304,3000,37680.068952
12432,3000,37695.495572
12396,3000,37711.220562
12320,3000,37727.16948
12214,3000,37742.571575
12234,3000,37758.581043
12412,3000,37773.751418
12006,3000,37788.623219
12268,3000,37803.859015
12220,3000,37819.726555
12150,3000,37835.501837
12182,3000,37851.731825
12516,3000,37866.880217
12668,3000,37882.512047
12392,3000,37897.800204
12450,3000,37913.910653
12188,3000,37930.307279
12170,3000,37946.665554
12208,3000,37961.832897
12428,3000,37977.711542
12042,3000,37993.292013
12302,3000,38008.190071
12380,3000,38023.302538
12262,3000,38039.904717
12632,3000,38055.195082
12424,3000,38071.259456
12304,3000,38086.934323
12270,3000,38101.604359
12670,3000,38117.852933
12338,3000,38133.169858
12652,3000,38148.431247
12640,3000,38163.746887
12094,3000,38179.405719
12046,3000,38194.290373
12252,3000,38210.55229
12312,3000,38226.746348
12534,3000,38243.216066
12354,3000,38258.925609
12222,3000,38275.232169
12494,3000,38291.187711
12088,3000,38306.024946
12184,3000,38321.529304
12152,3000,38337.347503
12282,3000,38352.807715
12650,3000,38367.451275
12234,3000,38382.879589
12340,3000,38399.180808
12464,3000,38415.172907
12266,3000,38430.873509
12508,3000,38457.90867
12472,3000,38473.522177
12506,3000,38489.265384
12110,3000,38505.238488
12572,3000,38520.24679
12338,3000,38537.343325
12302,3000,38554.160529
12620,3000,38570.364581
12198,3000,38586.264513
12464,3000,38602.069086
12244,3000,38618.243199
12138,3000,38634.53538
12398,3000,38651.708096
12560,3000,38667.364022
12466,3000,38683.508357
11968,3000,38699.714803
12244,3000,38715.970684
12762,3000,38731.206048
12552,3000,38746.448767
12378,3000,38762.204098
12222,3000,38778.33902
12190,3000,38794.995842
12054,3000,38811.324401
12192,3000,38827.662718
12362,3000,38843.988878
12116,3000,38860.088686
12308,3000,38876.742964
12198,3000,38892.457262
12392,3000,38909.297783
12160,3000,38924.981102
12512,3000,38941.125738
12370,3000,38956.309906
12298,3000,38971.755272
12468,3000,38987.966831
12298,3000,39003.525374
12508,3000,39019.7268
12448,3000,39035.197544
12368,3000,39051.362244
12414,3000,39066.894557
12584,3000,39082.803915
12320,3000,39098.395232
12434,3000,39112.88783
12284,3000,39129.387078
12300,3000,39145.176686
12164,3000,39161.143187
12362,3000,39177.184553
12502,3000,39192.075128
12312,3000,39207.496159
12680,3000,39223.312151
12326,3000,39239.093594
12392,3000,39254.63833
12228,3000,39270.570129
12636,3000,39285.671825
12364,3000,39301.662157
12372,3000,39317.594842
12530,3000,39333.390658
12568,3000,39350.111084
12132,3000,39366.512627
12350,3000,39382.774397
12060,3000,39399.62457
12408,3000,39416.905105
12412,3000,39433.612002
12140,3000,39449.339626
12274,3000,39465.448244
12368,3000,39480.770398
12474,3000,39496.386264
12336,3000,39512.0427
12400,3000,39539.396234
12406,3000,39555.409803
12456,3000,39571.969717
12478,3000,39588.594597
11972,3000,39603.787853
12312,3000,39619.963927
12640,3000,39636.022885
12580,3000,39651.036904
12178,3000,39666.79693
12414,3000,39682.632649
12558,3000,39698.286942
12354,3000,39713.447336
12354,3000,39728.80873
12186,3000,39743.898932
12404,3000,39759.658861
12212,3000,39775.642782
12400,3000,39790.875031
12270,3000,39806.485433
12136,3000,39821.779982
12430,3000,39836.510557
12172,3000,39851.940922
12418,3000,39867.478206
12348,3000,39882.326852
12438,3000,39897.492699
12356,3000,39912.648331
12128,3000,39927.991069
12580,3000,39944.073724
12364,3000,39959.211429
12420,3000,39974.507034
12396,3000,39990.488757
12164,3000,40005.873782
12364,3000,40020.697138
12286,3000,40036.184154
12258,3000,40051.310989
12032,3000,40067.395397
12680,3000,40083.297393
12680,3000,40098.830492
12592,3000,40114.972136
12542,3000,40130.218592
12524,3000,40146.262261
12312,3000,40162.060291
12506,3000,40178.916916
12084,3000,40194.101145
12190,3000,40209.743291
12624,3000,40225.407064
12556,3000,40242.250741
12222,3000,40258.743343
11978,3000,40274.716855
12486,3000,40291.492278
12532,3000,40307.483615
12638,3000,40323.85574
12022,3000,40339.251198
12454,3000,40355.434855
12376,3000,40370.867762
12578,3000,40387.055035
12190,3000,40403.060621
12376,3000,40418.653672
12434,3000,40434.39544
12692,3000,40449.805511
12222,3000,40465.466631
12588,3000,40481.867733
12266,3000,40497.105335
12150,3000,40512.495468
12266,3000,40527.545817
12140,3000,40543.539713
12480,3000,40559.102833
12276,3000,40585.805049
12206,3000,40601.517359
12288,3000,40616.696115
12540,3000,40631.930851
12398,3000,40647.499784
12466,3000,40663.087877
12412,3000,40678.800598
12070,3000,40694.68994
12574,3000,40709.622076
12496,3000,40725.655871
12188,3000,40741.574645
12418,3000,40756.667603
12220,3000,40772.798296
12360,3000,40788.54312
12574,3000,40804.624685
12362,3000,40820.711953
12164,3000,40835.871529
12384,3000,40851.395636
12328,3000,40867.13822
12264,3000,40882.947846
12638,3000,40899.003466
12310,3000,40914.750145
12686,3000,40930.125468
11976,3000,40945.589998
12298,3000,40960.743462
12486,3000,40976.029977
12298,3000,40991.858708
12324,3000,41008.439999
12302,3000,41024.704324
12324,3000,41040.343324
12204,3000,41056.387771
12332,3000,41071.803976
12276,3000,41087.663548
12486,3000,41104.422306
12390,3000,41119.361134
12330,3000,41135.060344
12526,3000,41150.971509
12196,3000,41166.639628
12374,3000,41182.860128
12134,3000,41199.011425
12448,3000,41215.238051
12264,3000,41231.50988
12476,3000,41247.600621
12514,3000,41263.736909
12186,3000,41279.295045
12472,3000,41295.327368
12216,3000,41311.726554
12436,3000,41327.916571
12292,3000,41343.501396
12756,3000,41358.40061
12396,3000,41373.747711
12276,3000,41389.017893
12712,3000,41404.621276
11710,3000,41419.825683
12138,3000,41435.626777
12736,3000,41451.763862
12074,3000,41467.394195
12656,3000,41483.384265
12592,3000,41499.960075
12328,3000,41515.478625
12284,3000,41531.053877
12414,3000,41546.249917
12632,3000,41562.129604
12316,3000,41577.935091
12496,3000,41593.347989
12148,3000,41609.298268
12330,3000,41625.02798
12032,3000,41652.664817
12524,3000,41668.390058
12296,3000,41683.792244
12182,3000,41699.223208
12724,3000,41715.121356
12282,3000,41730.78971
12282,3000,41746.546754
12250,3000,41761.871202
12148,3000,41777.466985
12002,3000,41792.91527
12392,3000,41808.365222
12526,3000,41823.599836
12588,3000,41838.982083
12228,3000,41854.323305
12196,3000,41869.650746
12456,3000,41884.796102
12452,3000,41900.351568
12486,3000,41915.841658
12568,3000,41931.023599
12432,3000,41947.597184
12352,3000,41962.375137
12572,3000,41978.698187
12336,3000,41994.095001
12366,3000,42009.027218
12656,3000,42024.394038
12362,3000,42040.223515
12584,3000,42056.011247
12420,3000,42072.439433
12112,3000,42087.629485
12086,3000,42103.330091
12278,3000,42118.587257
12470,3000,42133.407861
12226,3000,42149.387587
12158,3000,42165.483979
12378,3000,42182.065125
12548,3000,42197.299768
12478,3000,42213.163755
12056,3000,42228.843541
12266,3000,42244.387244
12962,3000,42259.991155
12620,3000,42275.107327
12156,3000,42290.623386
12434,3000,42305.874367
12428,3000,42321.601778
12656,3000,42338.168128
12178,3000,42354.138155
12330,3000,42370.294186
12558,3000,42386.463326
12404,3000,42401.811858
12336,3000,42418.529386
12298,3000,42435.107105
12248,3000,42450.540793
12476,3000,42466.466145
12446,3000,42482.551378
12362,3000,42497.820964
12474,3000,42513.899603
12210,3000,42529.432491
12116,3000,42545.289721
12340,3000,42561.669037
12292,3000,42577.386494
12520,3000,42593.432411
12714,3000,42609.444666
12342,3000,42625.934994
12418,3000,42641.18608
12386,3000,42656.617797
12338,3000,42672.992322
12342,3000,42688.627448
12156,3000,42715.850019
12556,3000,42731.436228
12128,3000,42747.532409
12436,3000,42763.453841
12084,3000,42779.04397
12556,3000,42795.03596
12574,3000,42810.327157
12244,3000,42825.766184
12384,3000,42841.096165
12246,3000,42857.27835
12476,3000,42872.865719
12480,3000,42889.299967
12382,3000,42904.673519
12392,3000,42920.391768
12128,3000,42935.266591
12320,3000,42950.938594
12620,3000,42966.85223
12480,3000,42983.201197
12608,3000,42998.096913
12294,3000,43013.621988
12332,3000,43029.6747
11904,3000,43045.708902
12128,3000,43061.601516
12434,3000,43077.395982
12114,3000,43093.320216
12556,3000,43108.783671
12124,3000,43125.852722
12426,3000,43142.625617
12406,3000,43157.531772
12630,3000,43174.355343
12054,3000,43189.826574
12466,3000,43205.579994
12128,3000,43221.752631
12598,3000,43238.029891
12280,3000,43253.477806
12658,3000,43269.470037
12394,3000,43285.258473
12266,3000,43300.611813
12240,3000,43315.878744
12202,3000,43332.207959
12630,3000,43347.940646
12332,3000,43363.548829
12660,3000,43379.601283
12578,3000,43395.370119
12202,3000,43410.587818
12584,3000,43426.129141
12272,3000,43442.018734
12442,3000,43457.156863
11988,3000,43473.024722
12150,3000,43489.023557
12210,3000,43504.463741
12406,3000,43520.694231
12312,3000,43536.330511
12574,3000,43552.623696
12090,3000,43568.675196
12544,3000,43584.589568
11940,3000,43600.405639
12384,3000,43615.956897
12466,3000,43631.317528
12230,3000,43647.141144
11948,3000,43663.201874
12394,3000,43679.931635
12360,3000,43696.185461
12318,3000,43712.040184
12226,3000,43727.468205
12118,3000,43743.335645
12424,3000,43770.360981
12410,3000,43785.247199
12418,3000,43801.51214
12490,3000,43816.91377
12556,3000,43833.013319
12236,3000,43848.599123
12320,3000,43865.192408
12328,3000,43880.528677
12640,3000,43895.634634
12386,3000,43911.39034
12442,3000,43927.392051
12344,3000,43942.774695
12160,3000,43958.728293
12528,3000,43973.987249
12396,3000,43989.532017
12336,3000,44005.728846
12334,3000,44020.709549
12252,3000,44036.10519
12340,3000,44051.647867
12164,3000,44067.404434
11906,3000,44082.80947
12674,3000,44099.148212
12470,3000,44115.29394
12508,3000,44130.827127
12402,3000,44146.72235
12394,3000,44162.422347
12268,3000,44178.049816
12574,3000,44193.284682
12698,3000,44210.064975
12264,3000,44225.190104
12624,3000,44240.390015
12686,3000,44256.294626
12572,3000,44272.41669
11894,3000,44288.341779
12252,3000,44303.52884
12382,3000,44319.240944
12476,3000,44335.352169
12530,3000,44351.455244
12302,3000,44367.780766
12320,3000,44383.398808
12194,3000,44399.315699
12202,3000,44415.52232
12598,3000,44431.769345
12198,3000,44447.40345
12282,3000,44462.603374
12456,3000,44477.999597
12494,3000,44494.584127
12172,3000,44510.810634
12226,3000,44526.999018
12170,3000,44543.310602
12366,3000,44559.04624
12480,3000,44574.42323
12518,3000,44589.678053
12302,3000,44605.42821
12322,3000,44621.414146
12256,3000,44636.356941
12370,3000,44651.559
12570,3000,44667.163668
12334,3000,44682.348405
12440,3000,44697.956422
12330,3000,44714.324759
12342,3000,44730.01655
12434,3000,44745.566262
12376,3000,44761.103396
12576,3000,44777.438618
12314,3000,44793.113672
12450,3000,44809.063145
11892,3000,44835.350341
12218,3000,44850.902496
12240,3000,44865.631256
12680,3000,44880.7352
12356,3000,44895.760206
12338,3000,44911.432327
12404,3000,44926.921745
12436,3000,44943.281702
12374,3000,44958.898968
12264,3000,44975.23367
12184,3000,44990.178256
12332,3000,45005.813203
11884,3000,45020.831801
12284,3000,45036.558114
12542,3000,45052.655696
12146,3000,45068.748634
12380,3000,45084.850515
12434,3000,45100.902146
12434,3000,45116.881457
12332,3000,45133.093364
12474,3000,45149.570272
12628,3000,45164.929716
12678,3000,45181.157969
12376,3000,45197.023384
12416,3000,45213.377353
12446,3000,45230.025609
12238,3000,45245.857296
12310,3000,45261.431486
12244,3000,45276.484227
12400,3000,45291.631955
12544,3000,45307.836086
12226,3000,45324.05524
11908,3000,45340.517701
12348,3000,45356.109761
12484,3000,45372.123801
12488,3000,45388.643225
12546,3000,45404.752325
12510,3000,45419.915149
12410,3000,45436.147431
12470,3000,45451.48173
12268,3000,45466.938204
12230,3000,45481.928164
12460,3000,45497.202874
12140,3000,45512.566737
12714,3000,45528.301502
12486,3000,45544.176779
12340,3000,45560.453627
12068,3000,45576.52702
12440,3000,45592.858223
12260,3000,45608.267207
12276,3000,45624.150308
12250,3000,45639.412126
12218,3000,45655.88066
12236,3000,45671.428101
12410,3000,45687.402141
12778,3000,45703.16588
12282,3000,45718.516775
12318,3000,45734.479153
12676,3000,45750.140433
12186,3000,45765.912217
12238,3000,45782.238425
12474,3000,45797.509995
12156,3000,45812.634611
11934,3000,45828.138974
12796,3000,45843.321144
12642,3000,45858.807975
12244,3000,45874.199019
12394,3000,45901.459479
12390,3000,45916.824079
11934,3000,45932.310772
12350,3000,45948.203079
12452,3000,45963.43081
12614,3000,45980.041544
12268,3000,45995.810513
12414,3000,46010.773184
12290,3000,46026.082244
12706,3000,46041.62807
12632,3000,46057.508128
12284,3000,46072.345829
11932,3000,46088.226395
12440,3000,46103.564494
12304,3000,46119.171869
12446,3000,46134.01371
12242,3000,46148.760288
11820,3000,46163.123435
12242,3000,46178.676349
12428,3000,46194.642247
12708,3000,46210.342576
12834,3000,46226.088676
12220,3000,46241.352849
12420,3000,46256.980451
12472,3000,46272.531749
12440,3000,46288.254647
12130,3000,46303.841575
12336,3000,46319.276469
12540,3000,46335.230951
12396,3000,46350.279395
12476,3000,46365.833443
12266,3000,46380.885003
12060,3000,46396.460228
12418,3000,46412.254136
12504,3000,46427.792047
12748,3000,46444.068824
12454,3000,46459.324126
12366,3000,46475.121452
12368,3000,46490.11788
12164,3000,46505.595447
12392,3000,46521.240906
12186,3000,46536.537372
12326,3000,46552.619925
12544,3000,46568.29619
12220,3000,46583.254164
12070,3000,46599.374083
12368,3000,46615.528135
12444,3000,46631.152548
12130,3000,46647.196034
12420,3000,46662.204483
12372,3000,46677.735472
12782,3000,46693.18367
12622,3000,46707.676266
12330,3000,46722.588288
12242,3000,46738.105094
12330,3000,46753.564246
12832,3000,46769.051406
12458,3000,46784.887543
12174,3000,46799.28516
12302,3000,46814.374225
12156,3000,46829.947032
12112,3000,46845.428084
12232,3000,46860.872781
12648,3000,46876.509669
12584,3000,46892.008107
12398,3000,46907.747783
12350,3000,46934.359484
12606,3000,46950.25172
12314,3000,46965.984676
12576,3000,46981.822317
12444,3000,46997.671517
12190,3000,47012.833279
12720,3000,47029.528475
12612,3000,47045.869748
12354,3000,47061.486211
12506,3000,47077.778837
12510,3000,47093.262747
12266,3000,47109.667958
12286,3000,47125.132942
12302,3000,47140.410995
12346,3000,47155.51697
12464,3000,47170.884156
12606,3000,47185.776519
12486,3000,47201.187059
12482,3000,47217.114995
12706,3000,47232.689374
12450,3000,47247.484826
12258,3000,47261.975113
12434,3000,47277.290901
12540,3000,47291.905495
12628,3000,47307.183267
12466,3000,47323.565671
12538,3000,47338.844753
12192,3000,47353.793278
12720,3000,47369.206676
12374,3000,47384.55074
12330,3000,47399.912461
12316,3000,47415.180013
12286,3000,47431.126376
12302,3000,47446.253183
12272,3000,47461.636353
12262,3000,47476.524807
12418,3000,47491.009306
12496,3000,47506.725423
12740,3000,47522.316183
12598,3000,47537.094865
12558,3000,47552.250036
12548,3000,47567.858781
12608,3000,47582.810301
12336,3000,47597.83995
12244,3000,47613.122926
12390,3000,47628.709534
12372,3000,47643.781775
12390,3000,47659.405768
12512,3000,47675.103971
11946,3000,47690.023257
12840,3000,47705.455745
12430,3000,47720.323867
12674,3000,47735.94276
12830,3000,47751.787249
12672,3000,47767.488008
12686,3000,47782.839647
12334,3000,47798.01948
12280,3000,47813.50341
12492,3000,47828.274248
12532,3000,47843.40312
12256,3000,47858.765033
12792,3000,47873.742799
12672,3000,47888.556836
12428,3000,47903.904074
12454,3000,47920.181661
12458,3000,47935.356404
12564,3000,47950.948719
12360,3000,47977.254506
12334,3000,47993.45526
12344,3000,48009.17917
12480,3000,48024.65789
12556,3000,48040.209338
12610,3000,48055.093742
12274,3000,48069.865829
12876,3000,48085.642
12550,3000,48100.668969
12938,3000,48115.315923
12666,3000,48130.439289
12314,3000,48145.167123
12790,3000,48160.341415
12292,3000,48175.50248
12496,3000,48190.965072
12642,3000,48206.198555
12662,3000,48221.261114
12666,3000,48236.299769
12186,3000,48251.339676
12466,3000,48266.224821
12734,3000,48281.197941
12658,3000,48295.986039
12356,3000,48311.961238
12574,3000,48327.617703
12422,3000,48342.634264
12264,3000,48357.405196
12634,3000,48372.197948
12302,3000,48387.347901
12164,3000,48401.868666
12542,3000,48417.284035
12500,3000,48432.617532
12030,3000,48447.098974
12532,3000,48462.130491
12664,3000,48477.677899
12764,3000,48492.597139
12212,3000,48508.329376
12332,3000,48523.387938
12702,3000,48538.140936
12396,3000,48552.902647
12654,3000,48568.505834
12676,3000,48583.344959
12498,3000,48599.163778
12402,3000,48614.781235
12754,3000,48629.610499
11956,3000,48644.679795
12442,3000,48659.310035
12272,3000,48674.061031
12780,3000,48689.648898
12596,3000,48705.161516
12476,3000,48720.734543
12668,3000,48736.820079
12166,3000,48751.387245
12550,3000,48766.549031
12116,3000,48781.415588
12576,3000,48796.755635
12932,3000,48812.288876
12378,3000,48826.913976
12310,3000,48842.259794
12280,3000,48857.143561
12284,3000,48872.019778
12534,3000,48887.551712
12572,3000,48902.545005
12520,3000,48917.397886
12568,3000,48932.68703
12756,3000,48947.916165
12634,3000,48963.755242
12486,3000,48978.610204
12458,3000,49004.827026
12500,3000,49020.057141
12544,3000,49035.544924
12174,3000,49050.109271
12664,3000,49065.926131
12452,3000,49081.491294
12642,3000,49097.219559
12288,3000,49112.781455
12276,3000,49129.051977
12504,3000,49143.910143
12516,3000,49159.632861
12594,3000,49175.094794
12242,3000,49190.178912
12460,3000,49206.020005
12444,3000,49221.279545
12394,3000,49237.076411
12434,3000,49252.614512
12334,3000,49267.567719
12632,3000,49282.857109
12426,3000,49298.332521
12448,3000,49314.022913
12924,3000,49329.073995
12490,3000,49344.338517
12460,3000,49360.385209
12374,3000,49376.327838
12496,3000,49391.199176
12498,3000,49406.855119
12664,3000,49423.101315
12358,3000,49439.19778
12834,3000,49455.46728
12448,3000,49470.85265
12554,3000,49486.081939
12534,3000,49501.203852
12388,3000,49516.780454
12216,3000,49532.138533
12600,3000,49547.314514
12502,3000,49562.011169
12546,3000,49577.431478
12638,3000,49592.788188
12428,3000,49608.398559
12512,3000,49623.603456
12364,3000,49638.525345
12738,3000,49654.037215
12660,3000,49669.067749
12526,3000,49684.698755
12512,3000,49700.688888
12704,3000,49716.082136
12358,3000,49730.575208
12608,3000,49746.126165
12690,3000,49761.325557
12442,3000,49777.02158
12682,3000,49792.452678
12734,3000,49808.201082
12696,3000,49822.98545
12560,3000,49838.502482
12596,3000,49854.174109
12588,3000,49869.148201
12688,3000,49885.091514
12714,3000,49900.43996
12398,3000,49915.735493
12676,3000,49930.52583
12624,3000,49945.113906
12826,3000,49960.128302
12338,3000,49975.941201
12672,3000,49991.395493
12534,3000,50006.28664
12248,3000,50032.971289
12972,3000,50048.799726
12288,3000,50063.459682
12114,3000,50079.148574
12652,3000,50094.614588
12380,3000,50109.640254
12282,3000,50124.429672
12214,3000,50139.429791
12416,3000,50154.442765
12434,3000,50169.386
12298,3000,50184.88466
12488,3000,50199.704015
12608,3000,50215.069682
12356,3000,50230.276241
12584,3000,50245.801683
12556,3000,50259.970429
12388,3000,50275.413739
12460,3000,50290.537073
12528,3000,50305.776914
12500,3000,50320.840276
12164,3000,50335.996513
12654,3000,50351.323659
12434,3000,50365.925182
12666,3000,50381.330696
12522,3000,50396.816371
12582,3000,50411.951169
12578,3000,50427.115896
12692,3000,50442.728009
12644,3000,50458.428246
12816,3000,50474.069916
12152,3000,50489.299673
12378,3000,50504.008607
12380,3000,50518.745877
12448,3000,50534.000513
12332,3000,50550.516109
12792,3000,50566.180404
12464,3000,50581.343643
12378,3000,50596.504069
12348,3000,50611.459731
12520,3000,50626.703153
12630,3000,50642.084363
12644,3000,50657.409228
12248,3000,50672.575687
12186,3000,50688.254115
12506,3000,50703.002005
12116,3000,50718.056955
12636,3000,50733.237539
12648,3000,50748.868776
12784,3000,50764.93576
12686,3000,50780.602033
12446,3000,50796.256317
12656,3000,50811.773087
12238,3000,50827.09358
12826,3000,50842.873676
12226,3000,50857.755895
12338,3000,50873.11133
12804,3000,50887.765267
12754,3000,50903.215008
12276,3000,50918.296446
12518,3000,50933.841413
12696,3000,50948.794969
12234,3000,50964.218488
12678,3000,50979.672724
12606,3000,50994.476046
12556,3000,51009.800896
12556,3000,51023.966683
12496,3000,51039.423286
12448,3000,51066.469423
12492,3000,51081.52376
12764,3000,51097.712574
12642,3000,51113.290317
12772,3000,51129.439608
12294,3000,51145.879964
12688,3000,51160.797598
12622,3000,51175.890828
12316,3000,51190.928031
12236,3000,51206.063895
12612,3000,51221.273559
12376,3000,51236.542245
12458,3000,51251.000239
12504,3000,51266.47168
12662,3000,51283.066302
12434,3000,51298.361843
12618,3000,51313.212633
12526,3000,51328.039263
12378,3000,51343.648236
12138,3000,51358.152879
12542,3000,51374.171419
12568,3000,51389.260417
12334,3000,51404.279363
12800,3000,51419.414809
12292,3000,51434.603601
12342,3000,51449.747882
12100,3000,51464.913614
12366,3000,51480.226295
12406,3000,51494.943459
12444,3000,51509.944631
12392,3000,51525.431678
12726,3000,51541.402267
12298,3000,51556.918574
12716,3000,51572.220892
12662,3000,51587.517417
12494,3000,51602.584086
12522,3000,51618.593485
12600,3000,51634.15682
12564,3000,51649.596223
12646,3000,51665.202306
12676,3000,51680.624709
12544,3000,51695.971943
12562,3000,51710.780222
12688,3000,51726.538942
12522,3000,51741.747246
12472,3000,51757.965388
12800,3000,51773.591609
12586,3000,51788.625952
12370,3000,51802.891897
12694,3000,51817.91697
12696,3000,51833.318571
12566,3000,51848.288512
12640,3000,51863.442666
12648,3000,51877.897773
12610,3000,51893.050605
12340,3000,51907.699551
12490,3000,51922.928826
12744,3000,51937.703258
12616,3000,51953.259273
12698,3000,51968.128073
12474,3000,51983.867244
12522,3000,51999.444422
12466,3000,52015.451831
12222,3000,52030.637448
12276,3000,52045.367735
12036,3000,52060.569029
12552,3000,52075.736553
12672,3000,52101.240934
12370,3000,52116.282083
12444,3000,52131.323618
12424,3000,52145.803479
12684,3000,52161.171576
12744,3000,52177.043799
12558,3000,52192.134138
12432,3000,52206.903809
12506,3000,52222.4335
12776,3000,52236.96893
12590,3000,52252.0702
12558,3000,52267.159049
12352,3000,52281.934274
12534,3000,52297.163422
12252,3000,52312.30525
12576,3000,52327.471485
12512,3000,52342.706723
12428,3000,52357.814022
12396,3000,52373.140472
12604,3000,52387.51157
12502,3000,52402.492655
12580,3000,52418.159644
12238,3000,52433.384646
12610,3000,52448.728344
12360,3000,52463.582642
12516,3000,52479.15943
12642,3000,52494.962441
12500,3000,52510.520233
12286,3000,52525.422427
12420,3000,52540.815902
12538,3000,52555.860576
12578,3000,52570.729681
12844,3000,52586.151469
12188,3000,52601.18068
12716,3000,52616.37077
12606,3000,52632.352
12234,3000,52647.209806
12384,3000,52662.059607
12236,3000,52676.898799
12150,3000,52692.149416
12528,3000,52707.703838
12450,3000,52723.153409
12640,3000,52738.868986
12566,3000,52754.442729
12460,3000,52769.496011
12470,3000,52784.456922
12350,3000,52799.918466
12384,3000,52815.448748
12428,3000,52830.889827
12716,3000,52846.300237
12662,3000,52861.652109
12730,3000,52877.178483
12570,3000,52892.859617
12576,3000,52908.189178
12798,3000,52923.685726
12216,3000,52939.346531
12468,3000,52954.186647
12152,3000,52969.719905
12260,3000,52984.326167
12578,3000,52999.671315
12608,3000,53015.640673
12700,3000,53031.499641
12296,3000,53046.347517
12366,3000,53060.95366
12512,3000,53076.421772
12636,3000,53091.852188
12688,3000,53118.698592
12250,3000,53133.809059
12548,3000,53149.326833
12460,3000,53164.961123
12462,3000,53180.298475
12656,3000,53195.130235
12318,3000,53210.032904
12450,3000,53225.206385
12246,3000,53240.164607
12688,3000,53255.475977
12580,3000,53271.309333
12326,3000,53286.102714
12796,3000,53301.452443
12190,3000,53316.399702
12382,3000,53331.492631
12526,3000,53347.256674
12162,3000,53362.444701
12528,3000,53377.597297
12502,3000,53392.541471
12802,3000,53407.908863
12324,3000,53423.341124
12106,3000,53439.072901
12246,3000,53455.157926
12770,3000,53471.066336
12250,3000,53486.793365
12570,3000,53502.557132
12342,3000,53517.289987
12770,3000,53533.535743
12774,3000,53548.292231
12548,3000,53564.138026
12714,3000,53579.069846
12564,3000,53593.910487
12446,3000,53608.983222
12436,3000,53624.356875
12564,3000,53640.721057
12628,3000,53655.874954
12502,3000,53671.049187
12654,3000,53685.392337
12594,3000,53700.615228
12676,3000,53715.371427
12610,3000,53730.581093
12636,3000,53745.856312
12626,3000,53760.571582
12440,3000,53775.668256
12374,3000,53790.96349
12730,3000,53805.802058
12898,3000,53820.598346
12182,3000,53835.264454
12238,3000,53851.016783
12624,3000,53866.821987
12620,3000,53883.028356
12590,3000,53898.999352
12326,3000,53913.919311
12676,3000,53929.474839
12350,3000,53944.91112
12522,3000,53960.953238
12654,3000,53977.091797
12822,3000,53993.868556
12418,3000,54006.751717
12596,3000,54019.888865
12430,3000,54032.917667
12236,3000,54045.350369
12308,3000,54057.713469
12032,3000,54070.380788
12440,3000,54082.507325
12360,3000,54094.624905
12526,3000,54107.361565
12342,3000,54128.996904
12714,3000,54141.965779
12610,3000,54155.097107
12204,3000,54167.201614
12540,3000,54180.107939
12318,3000,54193.039333
12718,3000,54205.710816
12206,3000,54218.354021
12832,3000,54230.994863
12728,3000,54243.753645
12456,3000,54256.496413
12688,3000,54269.476713
12304,3000,54282.241638
12432,3000,54294.934274
12764,3000,54307.958312
12492,3000,54320.880915
12640,3000,54333.201621
12522,3000,54345.874836
12768,3000,54359.510736
12224,3000,54372.575187
12416,3000,54384.85066
12688,3000,54397.593324
12548,3000,54410.081107
12690,3000,54422.606544
12226,3000,54435.227467
12446,3000,54448.277488
12660,3000,54460.972616
12460,3000,54473.850362
12416,3000,54486.135245
12540,3000,54499.234057
12548,3000,54511.960607
12378,3000,54525.132323
12428,3000,54538.126869
12232,3000,54551.224298
12636,3000,54564.541447
12784,3000,54577.155837
12528,3000,54589.833835
12256,3000,54602.694875
12642,3000,54615.398628
12298,3000,54627.667655
12712,3000,54640.436493
12542,3000,54653.654174
12756,3000,54666.466008
12844,3000,54679.157173
12472,3000,54692.478764
12644,3000,54705.776014
12280,3000,54717.846153
12596,3000,54730.10628
12852,3000,54743.315501
12584,3000,54756.760362
12796,3000,54769.649822
12902,3000,54782.518956
12720,3000,54795.513286
12662,3000,54808.380739
12638,3000,54821.263735
12604,3000,54834.26604
12548,3000,54847.60901
12596,3000,54860.396911
12544,3000,54873.434932
12446,3000,54886.39798
12822,3000,54899.117764
12438,3000,54911.712651
12188,3000,54925.069714
12832,3000,54937.658337
12362,3000,54950.896569
12834,3000,54963.126729
12646,3000,54976.244442
12808,3000,54999.867662
12306,3000,55012.669999
12608,3000,55025.142005
12322,3000,55038.230158
12348,3000,55050.955307
12440,3000,55063.286806
12760,3000,55075.75569
12824,3000,55089.122351
12460,3000,55102.224963
12156,3000,55115.62543
12492,3000,55127.768925
12610,3000,55140.44598
12338,3000,55153.812376
12504,3000,55166.145547
12316,3000,55178.728805
12582,3000,55191.577905
12516,3000,55204.005906
12570,3000,55216.900486
12558,3000,55229.858441
12682,3000,55242.920658
12506,3000,55255.781823
12802,3000,55268.337661
12698,3000,55281.251923
12902,3000,55294.32682
12318,3000,55306.919918
12798,3000,55320.278895
12504,3000,55332.970399
12260,3000,55345.307875
12472,3000,55358.081297
12594,3000,55371.184493
12600,3000,55383.674519
12658,3000,55396.874057
12702,3000,55409.718239
12324,3000,55422.677349
13092,3000,55435.529997
12848,3000,55448.161926
12722,3000,55461.002928
12568,3000,55473.662362
12318,3000,55486.491206
12018,3000,55499.35668
12584,3000,55512.13805
12346,3000,55525.073662
12788,3000,55537.617792
12688,3000,55550.177133
12562,3000,55562.911422
12732,3000,55575.770423
12470,3000,55589.223993
12516,3000,55601.805521
12718,3000,55614.68384
12632,3000,55627.287692
12578,3000,55640.593023
12622,3000,55653.342747
12710,3000,55665.97864
12714,3000,55678.669037
12434,3000,55691.911112
12466,3000,55704.76752
12688,3000,55717.124097
12284,3000,55729.492581
12574,3000,55742.076328
12296,3000,55754.383688
12836,3000,55766.694187
12482,3000,55780.234864
12814,3000,55793.1847
12560,3000,55806.354356
12404,3000,55819.367032
12754,3000,55832.96333
12638,3000,55855.386349
12604,3000,55867.835849
12808,3000,55880.352739
12380,3000,55893.238878
12406,3000,55905.89301
12536,3000,55918.240462
12666,3000,55931.393035
12346,3000,55944.362057
12444,3000,55957.452604
12478,3000,55970.30639
12420,3000,55983.654327
12482,3000,55996.264232
12652,3000,56009.124644
12526,3000,56022.021155
12406,3000,56034.648275
12470,3000,56047.939241
12814,3000,56060.486996
12452,3000,56073.501603
12610,3000,56086.716858
12860,3000,56099.461861
12680,3000,56112.593143
12506,3000,56125.026226
12260,3000,56137.824986
12360,3000,56150.562319
12634,3000,56163.573624
12276,3000,56175.999698
13076,3000,56189.00726
12520,3000,56202.281646
12606,3000,56214.523646
12782,3000,56227.203572
12346,3000,56240.233019
12522,3000,56252.876917
12194,3000,56266.167966
12554,3000,56279.233402
12702,3000,56292.18839
12376,3000,56304.794121
12690,3000,56317.891916
12824,3000,56331.649307
12592,3000,56344.379532
12512,3000,56356.802536
12308,3000,56369.024065
12484,3000,56381.726859
12880,3000,56394.623412
12480,3000,56407.130243
12618,3000,56419.68765
12818,3000,56432.637702
12552,3000,56445.464069
12360,3000,56457.654983
12848,3000,56470.41504
12606,3000,56483.22803
12854,3000,56496.39528
13028,3000,56509.293978
12658,3000,56521.834401
12158,3000,56534.080419
12588,3000,56546.35222
12756,3000,56559.545377
12372,3000,56571.964746
12546,3000,56585.10595
12512,3000,56598.480866
12826,3000,56610.926451
12200,3000,56623.577295
12382,3000,56636.945077
12534,3000,56650.02907
12876,3000,56663.277202
12634,3000,56676.052653
12250,3000,56688.696957
12798,3000,56701.425038
12538,3000,56723.976456
12102,3000,56736.847122
12342,3000,56750.042822
12698,3000,56762.374495
12676,3000,56775.586019
12520,3000,56788.499579
12926,3000,56801.351911
12484,3000,56814.361831
12330,3000,56827.108361
12464,3000,56839.436812
12572,3000,56852.111436
12764,3000,56864.90227
12570,3000,56877.240229
12710,3000,56889.940187
12800,3000,56902.194128
12756,3000,56915.06381
12984,3000,56927.961022
12542,3000,56941.00256
12350,3000,56953.641566
12754,3000,56966.664812
12806,3000,56979.131167
12516,3000,56991.820331
12636,3000,57004.203184
12922,3000,57017.280489
12636,3000,57029.878002
12328,3000,57043.204375
12658,3000,57056.382923
12930,3000,57069.396348
12906,3000,57081.932656
12816,3000,57094.986288
12682,3000,57108.122265
12470,3000,57120.658066
12898,3000,57133.960898
12572,3000,57147.557226
12646,3000,57160.697852
12252,3000,57172.667309
12488,3000,57185.490331
12400,3000,57197.45699
12760,3000,57210.31618
12724,3000,57223.500214
12774,3000,57236.294873
13126,3000,57249.503045
12952,3000,57262.742019
12792,3000,57276.282648
12648,3000,57289.133101
12618,3000,57302.000978
12708,3000,57314.942534
12614,3000,57327.773568
12742,3000,57340.035576
12704,3000,57352.925376
12316,3000,57365.175528
12722,3000,57377.887689
12650,3000,57390.127715
12616,3000,57402.800551
12834,3000,57415.679608
12546,3000,57428.74488
12324,3000,57441.723078
12648,3000,57454.36151
12282,3000,57466.79915
12422,3000,57479.961004
13174,3000,57492.524238
12476,3000,57505.214479
12692,3000,57518.120847
12382,3000,57530.839896
13032,3000,57542.879499
12548,3000,57555.375625
12722,3000,57568.050991
12436,3000,57590.194085
12548,3000,57603.315452
12616,3000,57616.355516
12410,3000,57629.288087
12718,3000,57641.991247
12406,3000,57654.815556
12360,3000,57667.524559
12848,3000,57680.04192
12492,3000,57692.679296
12618,3000,57705.88137
12636,3000,57718.336417
12374,3000,57731.089382
12540,3000,57743.739787
12464,3000,57756.529243
12506,3000,57769.678446
12648,3000,57782.448704
12704,3000,57795.094031
12490,3000,57807.855262
12800,3000,57820.186634
12834,3000,57833.072914
12484,3000,57845.802966
12792,3000,57858.536522
12588,3000,57871.512428
12626,3000,57884.571789
12672,3000,57897.121622
12562,3000,57909.599405
12840,3000,57921.749978
12612,3000,57934.407152
12674,3000,57947.320282
12538,3000,57960.239828
12296,3000,57972.79258
12626,3000,57985.881469
12854,3000,57998.527649
12574,3000,58011.717712
12352,3000,58024.625618
12712,3000,58037.315302
12656,3000,58050.116761
12716,3000,58063.005705
12920,3000,58075.88232
12764,3000,58089.179598
12836,3000,58102.562502
12792,3000,58115.861839
12620,3000,58128.659518
12748,3000,58141.357927
12618,3000,58153.63812
12756,3000,58166.697213
12558,3000,58179.523806
12744,3000,58192.657485
12930,3000,58205.457057
12618,3000,58218.328173
12526,3000,58231.553105
12394,3000,58244.446924
12506,3000,58256.446415
12598,3000,58269.776335
12618,3000,58282.933894
12680,3000,58296.055713
12646,3000,58308.820925
12598,3000,58321.114016
12678,3000,58334.252528
12826,3000,58346.774728
12362,3000,58359.462632
12742,3000,58371.986865
12602,3000,58384.36319
12700,3000,58397.587252
12562,3000,58410.497237
12510,3000,58424.05005
12250,3000,58445.960927
12868,3000,58459.451186
12510,3000,58472.42414
12526,3000,58485.017034
12676,3000,58497.916829
12540,3000,58511.091542
12536,3000,58524.186598
12418,3000,58536.465238
12390,3000,58549.444718
12576,3000,58562.496665
12720,3000,58575.704012
12862,3000,58588.863251
12392,3000,58601.36088
12980,3000,58614.862094
12776,3000,58627.81248
12836,3000,58641.042173
12332,3000,58653.826672
12640,3000,58666.644629
12612,3000,58679.055253
12912,3000,58692.113269
12770,3000,58704.756976
12552,3000,58717.279218
12450,3000,58730.020659
12368,3000,58742.062038
12742,3000,58754.693008
12638,3000,58767.646539
12432,3000,58780.420668
12760,3000,58793.219604
12772,3000,58806.439003
12476,3000,58819.268024
12726,3000,58832.163004
12440,3000,58845.00802
12444,3000,58857.648562
12786,3000,58870.588063
12852,3000,58883.261266
12752,3000,58896.612827
12532,3000,58909.269813
12834,3000,58921.4658
12694,3000,58934.771338
12684,3000,58947.955841
12586,3000,58961.403951
12558,3000,58974.632017
12672,3000,58987.531581
12722,3000,59000.783261
12354,3000,59013.047793
12946,3000,59025.70656
12756,3000,59039.027678
12634,3000,59051.876894
12854,3000,59064.800696
12642,3000,59077.571816
12448,3000,59089.805951
12572,3000,59102.59613
12642,3000,59115.955145
12498,3000,59129.063739
12602,3000,59142.393593
12612,3000,59155.186497
12632,3000,59168.253137
12730,3000,59181.44974
12548,3000,59194.199853
12600,3000,59206.707098
12620,3000,59219.043277
12806,3000,59232.014604
12972,3000,59244.218359
12306,3000,59257.040457
12856,3000,59269.973558
12900,3000,59282.128818
12872,3000,59295.159827
12702,3000,59317.706819
12270,3000,59330.425811
12704,3000,59344.088215
12528,3000,59356.655673
12526,3000,59369.420522
12456,3000,59381.687476
12438,3000,59394.1834
12616,3000,59407.191882
12492,3000,59419.417956
12600,3000,59432.082031
12852,3000,59445.154139
12410,3000,59457.832409
13060,3000,59470.631051
12816,3000,59483.535087
12718,3000,59496.721649
12584,3000,59509.913155
12648,3000,59522.535004
12688,3000,59535.094895
12616,3000,59548.090639
12502,3000,59561.007479
12440,3000,59573.853494
12262,3000,59586.862459
12496,3000,59598.979426
12726,3000,59611.624141
12668,3000,59624.638027
12584,3000,59637.367029
12664,3000,59650.548799
12678,3000,59663.847356
12674,3000,59676.29195
13032,3000,59689.426588
12792,3000,59702.253381
12796,3000,59714.92998
12396,3000,59727.540027
12330,3000,59739.456667
12688,3000,59752.278801
12576,3000,59765.297118
13046,3000,59778.356722
12736,3000,59790.682008
12610,3000,59803.010755
12688,3000,59815.942218
12934,3000,59828.132711
12746,3000,59841.230414
12642,3000,59853.457092
12874,3000,59866.219988
12638,3000,59879.054536
12896,3000,59891.700538
12580,3000,59904.613888
12620,3000,59917.570443
12920,3000,59930.762775
12522,3000,59943.73765
12528,3000,59956.38847
12704,3000,59969.399776
12952,3000,59982.18933
12606,3000,59995.388894
12786,3000,60008.64553
12912,3000,60021.16177
13040,3000,60034.312088
12744,3000,60047.235867
12754,3000,60060.039083
12486,3000,60072.589486
12724,3000,60085.391944
12786,3000,60098.142639
12582,3000,60111.30114
12610,3000,60123.887938
12526,3000,60136.742385
12568,3000,60150.143693
12716,3000,60163.047781
12448,3000,60185.610059
12900,3000,60198.552927
12708,3000,60211.482097
12604,3000,60224.365468
12810,3000,60237.755106
12436,3000,60250.862297
12456,3000,60263.384252
12368,3000,60275.771806
12970,3000,60289.289088
12790,3000,60302.028002
12446,3000,60315.370695
12510,3000,60328.460977
12508,3000,60341.349263
12608,3000,60354.018489
12534,3000,60366.037135
12610,3000,60378.957865
13210,3000,60392.624375
12412,3000,60405.105329
12670,3000,60417.779171
12552,3000,60431.220915
12440,3000,60443.995893
12558,3000,60457.450257
12512,3000,60470.369569
12812,3000,60483.168194
12574,3000,60495.823752
12432,3000,60508.691704
12884,3000,60521.585007
12238,3000,60533.987417
12480,3000,60546.875426
12450,3000,60559.934773
12478,3000,60572.803484
12392,3000,60585.416901
12566,3000,60598.440393
12776,3000,60610.725663
12644,3000,60623.726769
12616,3000,60636.816369
12680,3000,60649.430321
12602,3000,60662.414426
12700,3000,60674.271529
12892,3000,60686.760563
12560,3000,60699.883291
12406,3000,60712.563093
12790,3000,60724.921279
12848,3000,60737.995815
12466,3000,60750.758301
12824,3000,60764.034339
12606,3000,60776.935568
12630,3000,60789.342222
12826,3000,60802.258457
12420,3000,60814.829957
12814,3000,60827.343238
12256,3000,60840.563744
12564,3000,60853.3747
12332,3000,60866.216126
12656,3000,60878.934265
12396,3000,60891.622029
12762,3000,60904.786496
12810,3000,60918.036612
12394,3000,60930.828613
12854,3000,60943.590986
13106,3000,60955.683728
12288,3000,60968.834398
12814,3000,60981.886871
12402,3000,60995.020799
12808,3000,61007.789121
12770,3000,61020.925875
12510,3000,61042.587203
12464,3000,61056.041754
12290,3000,61068.725092
12828,3000,61081.292821
12522,3000,61094.55274
12264,3000,61106.893272
12696,3000,61119.252623
12546,3000,61131.82687
12430,3000,61144.556623
12612,3000,61157.332606
12548,3000,61170.158145
12916,3000,61182.477926
13104,3000,61194.895257
12308,3000,61207.392999
12412,3000,61219.694471
12598,3000,61232.507984
12360,3000,61244.910737
12506,3000,61257.536343
12232,3000,61270.552436
13012,3000,61283.420037
12632,3000,61296.306007
12774,3000,61309.539969
12704,3000,61322.741261
12500,3000,61335.083067
12988,3000,61348.213669
12692,3000,61361.134231
12402,3000,61373.707782
12712,3000,61386.407839
12794,3000,61399.117858
12734,3000,61411.896846
12662,3000,61424.79879
12352,3000,61437.573187
12632,3000,61449.79467
12878,3000,61463.155575
12424,3000,61475.782943
12692,3000,61488.46473
12694,3000,61500.889046
12298,3000,61513.526752
12366,3000,61526.176104
12476,3000,61539.320755
12844,3000,61552.139319
12874,3000,61564.831186
12710,3000,61578.138195
13040,3000,61591.488409
12600,3000,61604.525173
12422,3000,61616.885152
12478,3000,61629.27692
12512,3000,61642.104317
12528,3000,61654.604336
12518,3000,61667.283978
12544,3000,61680.402451
12752,3000,61693.632411
12858,3000,61706.294416
12472,3000,61718.788627
12774,3000,61732.062461
12706,3000,61744.764816
12350,3000,61758.316684
12832,3000,61771.149924
12678,3000,61784.134513
12616,3000,61796.865516
12488,3000,61809.117512
12696,3000,61821.73802
12984,3000,61834.170295
12098,3000,61846.872344
12526,3000,61859.84192
12864,3000,61872.68815
12296,3000,61885.373843
12136,3000,61907.008158
12310,3000,61919.771772
12656,3000,61932.272099
12492,3000,61944.673087
12564,3000,61957.27681
12782,3000,61971.060746
12672,3000,61983.825505
12850,3000,61997.210677
12332,3000,62010.229106
12660,3000,62023.158951
12310,3000,62035.942753
12670,3000,62048.675086
12984,3000,62062.025394
12674,3000,62075.258117
12650,3000,62087.725793
12782,3000,62100.49055
12402,3000,62113.279929
12660,3000,62126.187803
12560,3000,62138.766347
12762,3000,62151.925596
12504,3000,62165.843935
12672,3000,62178.612547
12990,3000,62191.363801
12404,3000,62204.22167
12646,3000,62216.766985
12548,3000,62230.262375
12650,3000,62243.171899
13214,3000,62255.671153
12124,3000,62267.901349
12864,3000,62280.579513
12508,3000,62293.424127
12714,3000,62306.404481
12852,3000,62319.442164
12654,3000,62331.801383
12798,3000,62344.258351
12470,3000,62356.726409
12988,3000,62369.87602
12950,3000,62382.17102
12630,3000,62395.0746
12842,3000,62408.208468
12534,3000,62420.847947
13028,3000,62433.877409
12480,3000,62446.491055
12720,3000,62459.251956
12704,3000,62472.373071
12492,3000,62484.64227
12656,3000,62497.739036
12672,3000,62509.991419
12448,3000,62522.947217
12510,3000,62535.822931
12376,3000,62549.322873
12920,3000,62562.47431
12680,3000,62575.464971
12654,3000,62588.718029
12636,3000,62601.97408
12662,3000,62615.563532
12514,3000,62628.461782
12546,3000,62641.45587
12626,3000,62654.35875
12340,3000,62666.418204
12684,3000,62678.945159
12628,3000,62691.227764
12648,3000,62704.371149
12658,3000,62716.443249
12434,3000,62728.606654
12786,3000,62741.898474
12660,3000,62754.720571
12706,3000,62777.675735
12836,3000,62790.507571
12416,3000,62803.295689
12466,3000,62816.30057
12600,3000,62828.957883
12448,3000,62842.437248
12526,3000,62854.888399
12796,3000,62867.426042
12602,3000,62880.313791
12738,3000,62892.900963
12612,3000,62905.849715
12706,3000,62919.122297
12300,3000,62932.103673
12464,3000,62945.22108
12778,3000,62957.837139
12766,3000,62970.728874
12368,3000,62983.058477
12730,3000,62995.886899
12844,3000,63008.582332
12658,3000,63021.601426
12372,3000,63034.65871
12556,3000,63046.979735
12354,3000,63059.525848
12546,3000,63072.381644
12456,3000,63085.167207
12576,3000,63097.944212
12546,3000,63111.021169
12476,3000,63123.76459
12524,3000,63137.347187
12314,3000,63149.95447
12566,3000,63163.042996
12380,3000,63175.312969
12610,3000,63188.639676
12352,3000,63201.412403
12270,3000,63214.048185
12840,3000,63227.101925
12766,3000,63240.057247
12722,3000,63252.82243
12762,3000,63265.817371
12804,3000,63278.707757
12420,3000,63291.261235
12592,3000,63304.4786
12516,3000,63317.33152
12612,3000,63330.157461
12246,3000,63342.821919
12286,3000,63355.425019
12978,3000,63368.794239
12712,3000,63381.688347
12718,3000,63394.206393
12358,3000,63407.28639
12834,3000,63420.422092
12394,3000,63432.69641
12314,3000,63445.210783
12568,3000,63458.523799
12678,3000,63471.082372
12686,3000,63483.73489
12322,3000,63496.6789
12538,3000,63509.831335
12476,3000,63523.220213
12630,3000,63535.845865
12742,3000,63549.009185
12716,3000,63562.585803
12380,3000,63575.484391
12630,3000,63588.025019
12586,3000,63600.753071
12874,3000,63613.739282
12820,3000,63636.188833
12654,3000,63649.059613
12984,3000,63661.926157
12582,3000,63674.661673
12664,3000,63687.526632
12556,3000,63700.36601
12264,3000,63713.293272
12796,3000,63726.461121
12724,3000,63739.727118
12500,3000,63752.967959
12768,3000,63765.911408
12944,3000,63778.734227
12986,3000,63791.340882
12638,3000,63804.195666
12610,3000,63817.318083
12782,3000,63830.512193
12540,3000,63843.029279
12650,3000,63856.221958
12658,3000,63869.59293
12512,3000,63882.132977
12678,3000,63895.456248
12914,3000,63907.912054
12472,3000,63921.0153
12648,3000,63933.906469
12450,3000,63946.62346
12410,3000,63959.042078
12696,3000,63971.396824
12892,3000,63984.261137
12610,3000,63997.284466
12980,3000,64010.77622
13000,3000,64023.840275
12774,3000,64036.519287
12584,3000,64049.707637
12970,3000,64063.184375
12532,3000,64075.188399
12714,3000,64088.618942
12418,3000,64101.562167
12748,3000,64114.207133
12664,3000,64126.803913
12790,3000,64139.806882
12656,3000,64152.911711
12578,3000,64165.738052
12580,3000,64178.593729
11998,3000,64191.063342
12340,3000,64203.910012
12856,3000,64216.127977
12438,3000,64228.863517
12516,3000,64241.706326
12732,3000,64254.734695
12736,3000,64268.018764
12630,3000,64280.869215
12560,3000,64293.659468
12794,3000,64306.245506
12890,3000,64318.851522
12960,3000,64331.831276
12444,3000,64344.441595
12732,3000,64357.284725
12364,3000,64370.09852
12674,3000,64382.499585
12966,3000,64395.663034
12762,3000,64410.209339
12540,3000,64422.552142
12296,3000,64435.128533
12840,3000,64447.654916
12436,3000,64460.246477
12856,3000,64473.690604
12434,3000,64487.150419
12532,3000,64508.927272
12696,3000,64522.334173
12394,3000,64534.675499
12652,3000,64547.950801
12760,3000,64561.129445
12840,3000,64573.67942
12858,3000,64585.767683
12756,3000,64598.816903
12402,3000,64611.634565
12496,3000,64624.547581
12882,3000,64638.010362
12826,3000,64651.065817
12726,3000,64664.070347
12866,3000,64676.477762
12678,3000,64689.12519
12630,3000,64701.768438
12434,3000,64715.09332
12648,3000,64727.311229
12730,3000,64739.391136
12752,3000,64752.181025
12520,3000,64764.949171
12742,3000,64777.936112
12754,3000,64790.57656
12482,3000,64803.014946
12564,3000,64815.950805
12950,3000,64828.802201
12244,3000,64841.556311
12572,3000,64853.951034
12472,3000,64866.96345
12594,3000,64880.221036
12534,3000,64892.593049
12528,3000,64905.927069
12612,3000,64918.766109
12712,3000,64931.68998
12490,3000,64944.432816
13014,3000,64957.539466
12730,3000,64970.298799
12870,3000,64983.028949
12950,3000,64995.808952
12500,3000,65008.479706
13050,3000,65021.844354
12508,3000,65033.845004
12650,3000,65046.615395
12662,3000,65059.145646
12304,3000,65071.932006
12546,3000,65084.142576
12752,3000,65097.222818
12580,3000,65110.298633
12536,3000,65122.869712
12640,3000,65136.247201
12372,3000,65149.48063
12440,3000,65162.080745
12640,3000,65174.451468
12988,3000,65187.13921
12514,3000,65199.48984
12716,3000,65211.90411
12686,3000,65224.626034
12662,3000,65237.487478
12642,3000,65250.059373
12262,3000,65262.451203
12460,3000,65274.775673
12580,3000,65287.474934
13196,3000,65300.260324
12672,3000,65313.499005
12796,3000,65326.654566
12810,3000,65339.075146
13060,3000,65353.361413
12778,3000,65375.271649
12784,3000,65387.805664
12560,3000,65400.262289
12720,3000,65413.020365
12340,3000,65425.798933
12688,3000,65438.588459
12738,3000,65452.292432
12660,3000,65465.827864
12412,3000,65478.669339
12604,3000,65491.715693
12544,3000,65504.824516
12264,3000,65517.85272
12736,3000,65530.91878
13082,3000,65544.271665
12418,3000,65556.575678
12760,3000,65569.356148
12734,3000,65582.567619
12278,3000,65594.741608
12178,3000,65607.076763
12624,3000,65620.006631
12506,3000,65633.297584
12712,3000,65646.416685
12290,3000,65658.516572
12630,3000,65671.175162
12468,3000,65684.103408
12780,3000,65696.877005
12796,3000,65709.442003
12592,3000,65722.476589
12490,3000,65735.035906
12572,3000,65748.373712
12312,3000,65760.905589
12610,3000,65773.405035
12522,3000,65786.006759
12458,3000,65798.91755
12956,3000,65812.130453
12440,3000,65825.315462
12608,3000,65837.764785
12410,3000,65851.018575
12776,3000,65863.879162
12354,3000,65876.723001
12308,3000,65888.856168
12454,3000,65901.849517
12698,3000,65914.889224
12886,3000,65927.056397
12514,3000,65938.982493
12768,3000,65951.304361
12288,3000,65963.988919
12452,3000,65977.426138
12380,3000,65989.850084
12430,3000,66003.295109
12408,3000,66015.549052
12690,3000,66028.178281
12706,3000,66040.689747
12700,3000,66054.068339
12778,3000,66067.027397
12514,3000,66079.754042
12390,3000,66092.412593
12460,3000,66105.245894
12632,3000,66117.982452
12676,3000,66130.292922
12608,3000,66143.422818
13076,3000,66155.973194
12488,3000,66168.898307
12670,3000,66180.988884
12532,3000,66193.345283
12680,3000,66206.24973
12700,3000,66228.453438
12724,3000,66241.927926
12756,3000,66254.686861
13046,3000,66267.620651
12836,3000,66280.442104
12494,3000,66292.418788
12712,3000,66305.244398
13084,3000,66318.192745
12696,3000,66331.149926
12758,3000,66344.06359
12860,3000,66356.951753
12496,3000,66369.669407
12908,3000,66382.888494
12650,3000,66395.846941
12436,3000,66408.467365
12812,3000,66421.438992
12690,3000,66434.175642
12994,3000,66446.54639
12722,3000,66459.185572
12744,3000,66472.051036
12272,3000,66484.869565
12618,3000,66497.572587
12544,3000,66510.246614
12558,3000,66523.178543
12166,3000,66535.56258
12550,3000,66548.329192
12852,3000,66561.495004
12414,3000,66574.14681
12424,3000,66587.097539
12850,3000,66599.4544
12446,3000,66611.944725
12546,3000,66625.031971
12588,3000,66637.55183
13030,3000,66650.215817
12520,3000,66662.685312
13110,3000,66676.136172
12786,3000,66689.369193
13038,3000,66701.741183
12594,3000,66714.643502
12472,3000,66726.785873
12792,3000,66740.555213
12634,3000,66753.057127
12932,3000,66766.101757
12464,3000,66778.741306
12552,3000,66790.943591
12612,3000,66804.036285
12746,3000,66817.212238
12750,3000,66830.250189
12622,3000,66843.320233
12686,3000,66855.789882
12650,3000,66868.444607
12726,3000,66881.435002
12932,3000,66894.732212
12800,3000,66907.001768
12472,3000,66919.463154
12742,3000,66931.809191
12640,3000,66944.699675
12684,3000,66957.126931
12440,3000,66970.27582
12676,3000,66982.894674
12348,3000,66995.517235
12582,3000,67008.26803
12692,3000,67020.741685
12622,3000,67033.62862
12678,3000,67046.447829
12412,3000,67058.614917
12590,3000,67071.585584
12734,3000,67093.420802
12940,3000,67106.086277
12504,3000,67119.00152
12776,3000,67131.805095
12830,3000,67144.755014
12382,3000,67157.345336
12344,3000,67169.982181
12656,3000,67182.871563
12618,3000,67195.528334
12532,3000,67207.386864
12546,3000,67219.747515
12864,3000,67232.522036
12788,3000,67245.124457
13010,3000,67257.874084
12864,3000,67271.500177
12828,3000,67284.32049
12666,3000,67296.693654
12518,3000,67308.855433
12724,3000,67321.244466
12650,3000,67333.479771
12532,3000,67346.86903
12622,3000,67359.39094
12652,3000,67371.683879
12924,3000,67385.189734
12936,3000,67398.223802
12686,3000,67411.119667
12498,3000,67423.897979
12420,3000,67437.424172
12392,3000,67450.360217
12670,3000,67463.326485
12288,3000,67475.546749
12964,3000,67488.486284
12420,3000,67500.774752
12752,3000,67513.905962
12534,3000,67527.015141
12642,3000,67540.202215
12692,3000,67553.498938
12644,3000,67566.352947
12442,3000,67579.219571
12472,3000,67591.61469
12440,3000,67604.076983
12818,3000,67616.408692
12648,3000,67629.189119
12616,3000,67641.760607
12468,3000,67655.204837
12876,3000,67668.215693
12592,3000,67680.857167
12628,3000,67693.419371
12844,3000,67706.972389
12594,3000,67719.618778
13076,3000,67732.379763
12958,3000,67744.893353
12630,3000,67758.369401
12916,3000,67771.63292
12674,3000,67784.435476
12508,3000,67797.594329
12628,3000,67810.685189
12960,3000,67824.149553
12640,3000,67837.408686
12592,3000,67850.223635
12844,3000,67862.833642
12542,3000,67875.898593
12936,3000,67888.952309
12684,3000,67901.934208
12184,3000,67914.253197
12532,3000,67927.181709
12338,3000,67940.094249
12756,3000,67962.059226
12366,3000,67975.120217
12742,3000,67988.101594
12656,3000,68000.657448
12302,3000,68013.245543
12998,3000,68025.629543
12682,3000,68038.799903
12730,3000,68051.49893
12802,3000,68064.726132
12628,3000,68077.881932
12906,3000,68091.073349
12568,3000,68103.813315
12966,3000,68116.433149
12590,3000,68128.980789
12746,3000,68142.180938
12652,3000,68154.520284
12484,3000,68167.732728
12172,3000,68179.916229
12898,3000,68192.799904
12374,3000,68205.549741
12488,3000,68218.315394
12974,3000,68231.35131
12394,3000,68243.976344
12402,3000,68256.173806
12654,3000,68268.219885
12782,3000,68280.690641
12244,3000,68293.246553
12852,3000,68305.981464
12640,3000,68318.969366
12646,3000,68331.664113
12864,3000,68344.915835
12434,3000,68357.852732
12686,3000,68370.94411
12386,3000,68383.670329
12606,3000,68396.191773
12446,3000,68408.681094
12484,3000,68421.369866
12584,3000,68434.591885
12816,3000,68447.519263
12922,3000,68460.743555
12624,3000,68474.315361
12700,3000,68487.336733
12390,3000,68500.209943
12556,3000,68512.92783
12660,3000,68526.152391
12840,3000,68538.7692
12668,3000,68551.961151
12460,3000,68564.588946
12286,3000,68577.378941
12370,3000,68589.819636
12714,3000,68602.747504
12396,3000,68615.228284
12456,3000,68628.900644
13102,3000,68641.709065
12484,3000,68654.85641
12564,3000,68668.015363
12604,3000,68680.390264
12680,3000,68693.521044
12554,3000,68706.554623
12188,3000,68718.65402
12722,3000,68731.498557
12548,3000,68743.752867
12888,3000,68756.03345
12600,3000,68768.90498
12854,3000,68782.215739
12898,3000,68794.837485
12476,3000,68818.028496
13028,3000,68831.15603
12656,3000,68844.273432
12658,3000,68857.384048
12808,3000,68869.635185
12774,3000,68882.857966
12652,3000,68895.926276
12632,3000,68908.970609
12586,3000,68922.067742
12638,3000,68935.317466
12550,3000,68948.214835
12678,3000,68960.844617
12904,3000,68974.066395
12586,3000,68985.798352
12714,3000,68998.433512
12570,3000,69010.811637
12676,3000,69023.52934
12412,3000,69035.401065
12344,3000,69048.100297
12640,3000,69061.070188
12620,3000,69074.136055
12970,3000,69087.492986
12492,3000,69101.12429
12636,3000,69113.591579
12182,3000,69126.80683
12882,3000,69140.042378
12528,3000,69152.591743
12418,3000,69165.377479
12542,3000,69178.885044
12924,3000,69191.788043
12468,3000,69204.227442
12752,3000,69217.060874
12826,3000,69229.32206
12648,3000,69242.46644
12762,3000,69255.547346
12782,3000,69268.087175
12518,3000,69280.94706
12904,3000,69293.902697
12798,3000,69306.316598
12676,3000,69319.123693
12524,3000,69331.917207
12876,3000,69344.285916
12532,3000,69356.247461
12276,3000,69368.840136
12708,3000,69382.021662
12882,3000,69394.683087
12588,3000,69407.234581
12392,3000,69419.578997
12982,3000,69432.528652
13022,3000,69445.726245
12840,3000,69458.977895
12500,3000,69471.092023
12872,3000,69483.608743
12556,3000,69496.584634
12592,3000,69509.388184
12612,3000,69522.233631
12756,3000,69535.582017
12748,3000,69548.518078
12518,3000,69561.571796
12338,3000,69574.406208
12940,3000,69587.329591
12894,3000,69599.702285
12500,3000,69612.344893
12812,3000,69625.603363
12676,3000,69637.856285
12530,3000,69650.148663
12526,3000,69662.526699
12748,3000,69686.016082
12498,3000,69699.172631
12846,3000,69712.189921
12428,3000,69724.703196
13152,3000,69737.636552
12866,3000,69749.928601
12826,3000,69762.791102
12516,3000,69775.384752
12836,3000,69788.56472
12576,3000,69801.178018
12328,3000,69813.491814
12876,3000,69826.00764
12368,3000,69838.409405
12566,3000,69850.332479
12834,3000,69863.425881
12424,3000,69876.352973
12598,3000,69888.796075
12466,3000,69901.930007
12566,3000,69914.505067
12772,3000,69927.337596
12428,3000,69940.028784
12254,3000,69952.940443
13004,3000,69965.788856
12544,3000,69979.030506
12694,3000,69991.655948
12688,3000,70005.214655
12722,3000,70017.736102
12886,3000,70030.24087
12592,3000,70042.955388
12614,3000,70055.607582
12940,3000,70068.989113
12624,3000,70082.129724
12704,3000,70094.529954
13000,3000,70107.661036
12786,3000,70120.337409
12946,3000,70133.441357
12782,3000,70146.47484
13008,3000,70159.237978
12546,3000,70171.659064
12626,3000,70184.760419
13156,3000,70197.144156
12486,3000,70209.393772
12372,3000,70222.408204
12676,3000,70235.009205
12704,3000,70248.438016
12688,3000,70261.564423
12978,3000,70274.417675
13030,3000,70287.349677
12700,3000,70299.867488
12534,3000,70312.581514
12708,3000,70325.600216
12758,3000,70338.632445
12386,3000,70351.475713
12652,3000,70363.888008
12618,3000,70376.211371
12708,3000,70388.842901
12436,3000,70401.468145
12912,3000,70414.185185
12734,3000,70427.629807
12654,3000,70440.39382
12594,3000,70452.528752
12474,3000,70464.765469
12978,3000,70477.732821
12346,3000,70489.789688
12344,3000,70502.649549
12652,3000,70515.111569
12702,3000,70528.066824
12616,3000,70549.94064
12612,3000,70562.543539
12410,3000,70575.436279
12720,3000,70587.796714
12718,3000,70600.33798
12290,3000,70612.85305
12882,3000,70625.699596
12740,3000,70638.993073
12324,3000,70652.340655
12634,3000,70665.342094
12960,3000,70678.112246
12652,3000,70690.809438
12750,3000,70703.424246
12724,3000,70716.305044
12656,3000,70729.251998
12656,3000,70741.780193
12552,3000,70754.479898
12762,3000,70766.668458
12796,3000,70779.989066
12920,3000,70792.917263
12758,3000,70805.784491
12368,3000,70818.946883
12390,3000,70831.812594
12652,3000,70844.099733
12434,3000,70856.714114
12728,3000,70868.919225
12796,3000,70881.571165
13074,3000,70894.698556
12480,3000,70907.724375
12852,3000,70920.22969
12680,3000,70932.831628
12896,3000,70946.066888
12484,3000,70958.439632
12564,3000,70971.120937
12790,3000,70983.637826
12834,3000,70996.566473
12820,3000,71009.993091
12586,3000,71022.606514
12610,3000,71035.022179
12464,3000,71047.06246
12794,3000,71059.99097
12812,3000,71073.04349
12794,3000,71086.150648
12616,3000,71099.044204
12594,3000,71111.52735
12440,3000,71124.179331
12740,3000,71137.55607
12532,3000,71149.982133
13122,3000,71163.416719
12776,3000,71176.287554
12462,3000,71188.512366
12806,3000,71201.513606
12560,3000,71214.56844
12576,3000,71226.947912
12678,3000,71239.971878
12840,3000,71252.767459
12828,3000,71265.020507
12380,3000,71277.590435
12548,3000,71290.124083
12742,3000,71302.99499
12576,3000,71315.699486
12806,3000,71327.946386
12980,3000,71340.386239
12670,3000,71352.678868
13040,3000,71366.088252
12476,3000,71379.484097
12340,3000,71401.551008
12502,3000,71415.268678
12606,3000,71428.208616
12426,3000,71440.862888
12724,3000,71453.902543
12618,3000,71466.207735
12544,3000,71478.989064
12890,3000,71491.199167
12570,3000,71503.758006
12594,3000,71516.340395
12680,3000,71528.557755
12710,3000,71540.946967
12220,3000,71553.170009
12530,3000,71565.497284
13094,3000,71578.422114
12766,3000,71591.841106
12584,3000,71604.710069
12650,3000,71617.484409
12650,3000,71630.306843
13114,3000,71643.00748
12506,3000,71655.343158
12332,3000,71667.981107
12392,3000,71680.677624
12546,3000,71693.060598
12648,3000,71706.356363
12430,3000,71718.706295
12506,3000,71731.072838
12450,3000,71744.134774
12536,3000,71757.053051
12690,3000,71769.534148
12806,3000,71781.725308
12372,3000,71794.54337
12450,3000,71807.208085
12626,3000,71819.824707
12724,3000,71832.629219
12560,3000,71845.457117
12728,3000,71858.383734
12750,3000,71871.024048
12592,3000,71885.223545
13060,3000,71898.155575
12676,3000,71911.006335
12798,3000,71923.388509
12780,3000,71936.840596
12490,3000,71949.849365
12416,3000,71962.96736
12690,3000,71975.127509
12554,3000,71987.812382
12776,3000,72000.457519
12870,3000,72013.264884
12624,3000,72025.97152
12354,3000,72039.051609
12628,3000,72051.590292
12126,3000,72064.393161
12844,3000,72077.193394
13164,3000,72089.630127
12360,3000,72102.235807
12650,3000,72115.130625
12776,3000,72128.034448
12906,3000,72140.605146
12798,3000,72154.111712
13086,3000,72167.34009
12782,3000,72180.298782
12554,3000,72192.715703
12722,3000,72205.259748
12682,3000,72218.022261
12714,3000,72231.297184
12512,3000,72244.305908
12322,3000,72266.612463
12638,3000,72279.750595
12618,3000,72293.196779
12828,3000,72306.361004
12248,3000,72318.871063
12810,3000,72332.100962
12776,3000,72345.069267
12404,3000,72357.326112
12644,3000,72370.617217
12604,3000,72383.515157
12642,3000,72396.392338
12592,3000,72409.138215
12674,3000,72422.300246
12716,3000,72435.246918
12980,3000,72448.678601
12724,3000,72461.904753
12402,3000,72475.465035
12594,3000,72488.344021
12554,3000,72501.273347
12686,3000,72513.702559
12790,3000,72527.374379
12484,3000,72540.911739
12470,3000,72554.3873
12402,3000,72566.985553
12412,3000,72579.188378
12780,3000,72591.872207
12472,3000,72605.157559
12860,3000,72618.157284
12934,3000,72630.707024
12746,3000,72643.836967
12392,3000,72656.583358
12418,3000,72669.103435
12620,3000,72681.82385
12454,3000,72694.245911
12616,3000,72707.105604
12774,3000,72720.661487
12570,3000,72733.357424
12514,3000,72746.086655
12992,3000,72759.465268
12606,3000,72771.686659
13136,3000,72784.5855
12486,3000,72796.813384
12776,3000,72809.988552
12552,3000,72822.790895
12688,3000,72835.497911
12412,3000,72847.545904
12396,3000,72860.598015
12416,3000,72873.443133
12936,3000,72886.33673
12852,3000,72898.677115
13096,3000,72911.586768
12730,3000,72924.330259
12926,3000,72937.325027
12814,3000,72950.562083
12862,3000,72963.573286
12712,3000,72975.999988
12766,3000,72988.056722
12956,3000,73000.893659
12470,3000,73013.712922
12688,3000,73026.478957
12496,3000,73039.032509
12504,3000,73052.017411
12896,3000,73064.621996
12818,3000,73077.045993
12362,3000,73090.025723
12626,3000,73102.623403
12584,3000,73115.099132
12562,3000,73137.237321
12894,3000,73150.762614
12698,3000,73163.534229
12882,3000,73176.52974
12516,3000,73189.901922
12650,3000,73202.980394
12580,3000,73215.479915
12700,3000,73228.773617
12502,3000,73241.127749
12536,3000,73254.097154
12578,3000,73267.32714
12570,3000,73280.002836
12722,3000,73293.253011
12718,3000,73306.590553
12440,3000,73319.027289
12786,3000,73332.1907
12696,3000,73344.952301
12612,3000,73357.860114
12634,3000,73371.300191
12492,3000,73383.584569
12402,3000,73395.277062
12598,3000,73407.992009
12798,3000,73420.386656
12592,3000,73433.143214
12746,3000,73445.765714
12526,3000,73458.031004
12736,3000,73471.30909
12472,3000,73483.958678
12254,3000,73496.284414
12758,3000,73509.160541
12518,3000,73522.127612
12664,3000,73535.099049
12806,3000,73548.09658
12730,3000,73560.968083
12678,3000,73573.898185
12542,3000,73586.230981
12872,3000,73598.921369
12882,3000,73611.708858
12396,3000,73624.27
12884,3000,73636.671812
12496,3000,73649.51163
12692,3000,73662.353549
12702,3000,73675.041298
12856,3000,73687.619164
12692,3000,73700.060455
12568,3000,73712.940332
12716,3000,73725.994047
12786,3000,73738.459348
12694,3000,73751.636468
12614,3000,73763.836513
12836,3000,73776.249864
12452,3000,73788.522202
12480,3000,73801.478695
12392,3000,73814.141391
12944,3000,73826.137482
12856,3000,73838.501034
12478,3000,73851.167243
12692,3000,73864.132974
12742,3000,73876.981776
12562,3000,73888.864355
12612,3000,73902.157766
12814,3000,73915.513612
12368,3000,73928.191735
12692,3000,73941.590624
12840,3000,73954.679521
12286,3000,73967.635405
12554,3000,73988.962671
12776,3000,74002.264299
12368,3000,74015.827153
12680,3000,74029.069401
12848,3000,74041.149553
12922,3000,74054.454184
12418,3000,74067.620709
12772,3000,74080.284541
12758,3000,74092.570795
12564,3000,74104.955997
12294,3000,74117.439909
12672,3000,74130.332713
12670,3000,74143.287839
12362,3000,74156.295982
12450,3000,74169.512263
12668,3000,74182.904401
12962,3000,74196.196732
12298,3000,74209.16458
12790,3000,74222.211356
12458,3000,74234.683388
12786,3000,74247.808773
12472,3000,74260.72647
12222,3000,74274.09681
12466,3000,74286.974537
12536,3000,74299.483388
12658,3000,74312.655911
12536,3000,74325.655117
12338,3000,74338.536326
12652,3000,74350.868896
12688,3000,74364.138693
12582,3000,74377.209777
12854,3000,74389.979168
12434,3000,74402.928895
12994,3000,74415.559908
12910,3000,74428.914624
12418,3000,74441.943188
12606,3000,74454.581642
12430,3000,74467.329308
12322,3000,74479.921575
13072,3000,74492.633542
12488,3000,74505.810983
12534,3000,74518.730328
12592,3000,74531.405065
12812,3000,74544.167665
12456,3000,74556.306595
12370,3000,74569.30057
12798,3000,74581.690522
12466,3000,74594.662551
12686,3000,74607.496269
12562,3000,74620.357751
12338,3000,74633.038302
12694,3000,74645.791387
12490,3000,74658.649883
12254,3000,74671.23133
12832,3000,74683.96905
12844,3000,74697.04349
12634,3000,74710.365743
12316,3000,74723.487497
12856,3000,74735.937851
12522,3000,74748.665158
12474,3000,74761.404334
12664,3000,74773.912304
12612,3000,74786.441925
12816,3000,74798.863578
12542,3000,74811.103467
12238,3000,74823.480665
12798,3000,74836.546924
12684,3000,74858.358687
12560,3000,74871.472355
12440,3000,74884.4249
12666,3000,74896.429861
12894,3000,74909.095338
12532,3000,74921.757449
12508,3000,74934.776343
12694,3000,74948.04373
12504,3000,74959.890973
12776,3000,74972.7722
12598,3000,74985.29535
12764,3000,74997.752965
13086,3000,75010.746663
12998,3000,75024.354808
11990,3000,75036.835405
12622,3000,75050.005181
12330,3000,75062.936041
12586,3000,75075.292215
12812,3000,75088.671927
12694,3000,75101.361228
12816,3000,75114.705716
12434,3000,75127.567094
12656,3000,75140.006585
12346,3000,75153.144127
12314,3000,75165.164265
12794,3000,75178.22298
12412,3000,75191.331406
12348,3000,75203.625685
12726,3000,75216.470303
12570,3000,75229.208713
12702,3000,75241.698273
12668,3000,75254.658347
12590,3000,75267.142151
12734,3000,75279.538808
12582,3000,75292.134581
12816,3000,75305.007687
12706,3000,75318.020855
12452,3000,75330.769837
12652,3000,75344.581267
12682,3000,75357.795523
12534,3000,75370.489526
12742,3000,75382.777732
12674,3000,75395.977952
12700,3000,75408.7552
12536,3000,75422.24007
12802,3000,75435.501671
12600,3000,75448.73307
12462,3000,75461.310703
12392,3000,75474.068991
12526,3000,75487.562883
12668,3000,75500.587552
12274,3000,75513.645383
12602,3000,75526.548334
12648,3000,75539.150643
12872,3000,75552.097834
12456,3000,75565.163815
12564,3000,75578.513589
12634,3000,75591.424191
12518,3000,75603.478172
12606,3000,75616.099694
12240,3000,75628.07739
12626,3000,75640.827063
13032,3000,75653.09234
12482,3000,75665.936802
12590,3000,75679.062145
12540,3000,75692.187089
12438,3000,75704.905069
12626,3000,75726.572042
12740,3000,75739.5261
12926,3000,75751.737189
12844,3000,75764.543278
12506,3000,75777.255597
12606,3000,75790.455979
12490,3000,75803.785493
12848,3000,75815.729819
12378,3000,75828.144533
12610,3000,75841.053378
12802,3000,75853.731661
12840,3000,75866.229371
12400,3000,75878.527442
12402,3000,75890.687276
12674,3000,75903.081731
12460,3000,75916.091983
12954,3000,75928.069112
12770,3000,75940.826228
12516,3000,75953.85565
12802,3000,75967.408739
12436,3000,75979.664588
12938,3000,75993.055485
12672,3000,76005.723081
12618,3000,76018.670573
12652,3000,76031.11629
12622,3000,76043.828609
12734,3000,76056.099931
12580,3000,76069.051568
13072,3000,76081.993945
12620,3000,76094.844697
12500,3000,76107.100101
12610,3000,76120.565493
12480,3000,76133.171521
12712,3000,76146.590662
12672,3000,76159.547213
12378,3000,76172.257168
12784,3000,76185.29276
12726,3000,76198.161161
12680,3000,76210.727745
12392,3000,76223.351601
12492,3000,76236.109849
12446,3000,76248.245324
13116,3000,76261.170632
12344,3000,76273.802672
12854,3000,76287.148126
12402,3000,76300.198888
12776,3000,76312.730658
12510,3000,76325.850687
12544,3000,76338.504836
12544,3000,76351.430549
12238,3000,76364.32684
12624,3000,76376.8541
12590,3000,76389.588435
12848,3000,76401.664078
12578,3000,76414.450536
12654,3000,76427.313341
12766,3000,76440.197638
12594,3000,76452.822768
12918,3000,76466.049036
12538,3000,76478.638633
12492,3000,76491.292852
12720,3000,76504.153636
12592,3000,76516.65057
12518,3000,76529.570431
12940,3000,76542.499083
12670,3000,76555.722669
12644,3000,76577.728041
12912,3000,76590.40694
12634,3000,76602.575159
12522,3000,76615.030216
12508,3000,76627.305517
12814,3000,76639.981508
12642,3000,76652.775447
12658,3000,76665.327775
12426,3000,76678.003109
12458,3000,76690.799979
12834,3000,76703.860636
12296,3000,76716.30209
12612,3000,76728.66014
12936,3000,76741.37768
12894,3000,76754.532683
12530,3000,76767.10112
13006,3000,76780.348805
12942,3000,76793.457435
12718,3000,76806.809254
12476,3000,76820.523063
12432,3000,76833.174761
12674,3000,76846.103595
12556,3000,76858.998673
12702,3000,76872.189211
12454,3000,76884.810871
12538,3000,76897.626535
12610,3000,76910.783427
12830,3000,76923.698302
12818,3000,76937.550188
12476,3000,76949.552362
12632,3000,76962.224595
12546,3000,76975.144467
12728,3000,76987.435577
12604,3000,76999.623477
12406,3000,77013.063123
12622,3000,77025.74123
12864,3000,77038.707406
12772,3000,77051.626538
12716,3000,77064.361028
12728,3000,77077.052476
12634,3000,77089.559143
12854,3000,77102.411057
12546,3000,77115.006795
12952,3000,77127.41634
12740,3000,77140.113371
12630,3000,77152.495593
12484,3000,77165.841937
12602,3000,77179.448941
12770,3000,77192.732124
12468,3000,77205.140769
13084,3000,77217.860228
12822,3000,77230.614605
12710,3000,77243.864192
12498,3000,77256.394094
12604,3000,77268.64904
12774,3000,77281.892333
12494,3000,77294.528333
12556,3000,77307.438248
13074,3000,77319.817758
12540,3000,77332.356902
12768,3000,77345.339056
12498,3000,77357.884009
12652,3000,77370.174228
12806,3000,77383.087342
13018,3000,77396.11876
12490,3000,77408.74439
12236,3000,77421.546551
12794,3000,77444.041543
13076,3000,77456.804191
12780,3000,77470.217783
12268,3000,77483.340156
12810,3000,77495.579073
12842,3000,77508.347282
12732,3000,77521.233752
12740,3000,77533.79591
12872,3000,77547.011156
12632,3000,77559.864335
12462,3000,77572.567019
12590,3000,77584.930927
12734,3000,77597.532929
12658,3000,77610.69812
12602,3000,77622.898689
12376,3000,77635.634195
12538,3000,77648.285236
12882,3000,77661.26907
12674,3000,77674.497597
12338,3000,77687.328441
12366,3000,77699.603883
12980,3000,77712.45038
12624,3000,77725.661501
12772,3000,77739.261222
12312,3000,77752.032035
12610,3000,77765.213038
12718,3000,77778.293929
12622,3000,77791.755237
12470,3000,77804.454865
12688,3000,77817.610438
12506,3000,77830.468825
12448,3000,77842.777809
12832,3000,77855.644253
12838,3000,77868.888423
12746,3000,77882.537879
12640,3000,77895.207944
12538,3000,77908.067049
12944,3000,77921.172295
12860,3000,77933.863846
13036,3000,77946.468846
12514,3000,77959.358107
12500,3000,77971.844641
12466,3000,77984.408818
12670,3000,77996.918398
12594,3000,78009.158337
12692,3000,78022.298483
12440,3000,78035.818853
12342,3000,78048.405976
12500,3000,78061.113972
12688,3000,78074.248181
12916,3000,78087.361222
12314,3000,78100.045044
12680,3000,78112.398488
12328,3000,78124.785052
12484,3000,78137.161903
12712,3000,78150.767319
12998,3000,78163.555462
12832,3000,78176.611999
12748,3000,78189.663174
12898,3000,78203.273608
12490,3000,78216.122281
12742,3000,78229.429147
12650,3000,78242.315492
12648,3000,78255.147098
12546,3000,78267.404064
12706,3000,78279.756317
12516,3000,78293.063056
12880,3000,78314.860443
12550,3000,78328.048785
12572,3000,78340.650575
12318,3000,78352.616187
12706,3000,78365.768358
12704,3000,78378.370396
12618,3000,78390.326057
12624,3000,78403.002469
12708,3000,78415.900625
12644,3000,78428.904958
12174,3000,78441.209354
12972,3000,78454.014991
12906,3000,78467.267079
12392,3000,78480.263775
12556,3000,78493.460715
12832,3000,78506.379159
12756,3000,78518.896415
12428,3000,78531.479506
12692,3000,78543.661452
12676,3000,78556.728451
12814,3000,78569.513189
12398,3000,78581.939374
13038,3000,78595.180075
12930,3000,78608.288102
12578,3000,78620.595752
12506,3000,78633.287305
12558,3000,78645.996854
13108,3000,78658.467635
13068,3000,78671.812883
12770,3000,78684.565949
12460,3000,78696.937177
12366,3000,78709.931556
12842,3000,78722.78453
12658,3000,78735.329131
12474,3000,78747.784616
12756,3000,78760.718699
12312,3000,78773.567388
12308,3000,78785.106886
12518,3000,78798.167702
12536,3000,78811.274471
12728,3000,78823.948681
12736,3000,78836.651204
12522,3000,78849.860917
12794,3000,78863.219113
12436,3000,78875.5529
12420,3000,78888.721649
12480,3000,78901.706854
12610,3000,78914.492578
12778,3000,78927.654843
12836,3000,78940.467086
12764,3000,78953.080304
12434,3000,78965.550952
12692,3000,78978.309807
12544,3000,78990.585881
12828,3000,79003.191409
12918,3000,79016.108397
12644,3000,79028.326733
12804,3000,79040.788229
12344,3000,79053.924114
12512,3000,79066.835201
12698,3000,79079.07934
12390,3000,79091.633487
12538,3000,79103.997851
12608,3000,79116.283806
12548,3000,79128.714821
12520,3000,79141.351949
12922,3000,79163.786367
12748,3000,79177.292487
12704,3000,79190.255445
12438,3000,79202.647925
12976,3000,79214.889779
12932,3000,79227.605195
12416,3000,79240.604712
12656,3000,79253.551528
12678,3000,79266.789308
12528,3000,79279.734961
12632,3000,79292.008165
12686,3000,79305.483444
12546,3000,79318.478729
12418,3000,79331.432353
12320,3000,79344.206487
12576,3000,79356.615965
12466,3000,79369.232718
12708,3000,79382.384289
12588,3000,79394.98035
12872,3000,79407.945503
13030,3000,79420.513117
12806,3000,79433.441234
12380,3000,79445.617868
12442,3000,79458.439453
12638,3000,79470.866046
12456,3000,79483.663637
12340,3000,79496.830804
12126,3000,79509.83231
12840,3000,79522.512142
12582,3000,79534.57145
12410,3000,79547.287157
12758,3000,79559.970208
12894,3000,79572.736779
12292,3000,79585.800477
12430,3000,79598.493256
12816,3000,79611.344673
12416,3000,79624.055069
12800,3000,79636.841012
12496,3000,79649.87662
13030,3000,79662.876048
12758,3000,79675.950492
12680,3000,79688.79041
12420,3000,79701.711601
12608,3000,79714.877874
12180,3000,79727.864384
12662,3000,79741.450605
12562,3000,79753.210644
12744,3000,79765.714096
12652,3000,79778.677887
12666,3000,79791.385772
12598,3000,79804.026398
12492,3000,79817.003271
12620,3000,79829.962148
12784,3000,79842.727582
12572,3000,79855.173729
12382,3000,79867.433726
12446,3000,79880.292124
12242,3000,79893.375031
12346,3000,79906.687375
12702,3000,79919.324532
12324,3000,79932.24672
12352,3000,79944.903522
12728,3000,79957.994257
12390,3000,79970.990106
13080,3000,79983.749602
12642,3000,79996.407515
12748,3000,80009.318989
12542,3000,80031.154444
12414,3000,80043.433993
12906,3000,80056.873746
12490,3000,80070.013984
12666,3000,80083.24743
12910,3000,80096.043996
12832,3000,80109.22753
12496,3000,80122.452028
12630,3000,80135.69203
12698,3000,80148.09895
13008,3000,80160.669016
12240,3000,80173.334724
12324,3000,80185.615866
12810,3000,80198.939581
12718,3000,80212.483287
12542,3000,80225.03842
12636,3000,80238.111705
12176,3000,80250.639715
12412,3000,80263.981876
12360,3000,80276.475101
12302,3000,80288.896922
12492,3000,80301.842669
12494,3000,80314.829752
12552,3000,80327.321051
12898,3000,80340.19812
12792,3000,80353.244702
12546,3000,80365.744976
12866,3000,80378.594079
12634,3000,80390.770333
12758,3000,80403.933914
12882,3000,80417.272552
12284,3000,80429.808969
12394,3000,80442.492416
12598,3000,80455.539033
12810,3000,80468.976765
12428,3000,80482.211191
12820,3000,80495.522264
13076,3000,80508.838859
12556,3000,80521.317928
12458,3000,80533.66516
12798,3000,80546.409965
12558,3000,80559.337004
12406,3000,80571.13475
12718,3000,80584.057479
12456,3000,80597.088273
12940,3000,80609.82456
12298,3000,80622.602432
12772,3000,80635.460435
12266,3000,80647.795629
12776,3000,80660.273015
12674,3000,80673.185865
12476,3000,80685.418128
12694,3000,80698.223697
12818,3000,80711.04561
12656,3000,80723.194107
12908,3000,80736.08683
12624,3000,80749.393182
12296,3000,80762.060332
13262,3000,80775.345351
12458,3000,80787.661775
12864,3000,80800.965946
12532,3000,80813.273998
12356,3000,80825.142272
12400,3000,80837.788863
12856,3000,80850.88296
12728,3000,80864.003662
13006,3000,80877.027891
12672,3000,80900.168548
12746,3000,80913.420028
12870,3000,80926.989208
12726,3000,80940.088837
12704,3000,80953.214449
12694,3000,80965.474149
12652,3000,80978.908763
12512,3000,80991.728371
12650,3000,81004.556569
12548,3000,81017.10951
12694,3000,81029.645645
12812,3000,81042.935715
12598,3000,81055.534229
12678,3000,81068.637352
13022,3000,81081.582771
12694,3000,81094.229748
12746,3000,81106.934521
12458,3000,81119.776052
12476,3000,81131.993013
12538,3000,81145.329308
12734,3000,81158.570654
12620,3000,81170.970405
12672,3000,81184.057317
12324,3000,81196.433536
12460,3000,81209.041446
12658,3000,81221.997438
12588,3000,81234.376595
12424,3000,81247.575087
12322,3000,81260.169437
12486,3000,81273.292385
12658,3000,81286.321233
12702,3000,81299.561898
12618,3000,81312.255867
12982,3000,81325.400334
12604,3000,81338.47793
12510,3000,81350.873488
12580,3000,81363.851282
12704,3000,81377.076077
12372,3000,81390.008009
12602,3000,81402.96366
12754,3000,81415.969651
12668,3000,81427.694624
12372,3000,81440.67755
12844,3000,81453.712096
12310,3000,81466.40274
12546,3000,81479.269527
12856,3000,81491.79021
12586,3000,81504.706837
12520,3000,81517.675219
12860,3000,81530.225371
12614,3000,81543.117034
12336,3000,81555.763862
12582,3000,81568.570575
12276,3000,81581.751548
12692,3000,81594.576018
12336,3000,81607.18245
12932,3000,81619.957862
12020,3000,81632.75815
12396,3000,81645.858721
12918,3000,81659.002744
12472,3000,81672.574094
12308,3000,81685.527454
12806,3000,81698.660203
12960,3000,81711.660757
12820,3000,81724.473492
12750,3000,81737.666189
12574,3000,81760.017371
12608,3000,81772.592212
12426,3000,81784.86379
12576,3000,81797.66748
12978,3000,81810.643214
12546,3000,81823.959361
12556,3000,81836.484681
12636,3000,81848.899787
12888,3000,81862.213859
12528,3000,81874.427313
12774,3000,81887.114758
12810,3000,81899.684429
12628,3000,81911.912831
12730,3000,81925.20005
12228,3000,81938.139838
12548,3000,81950.792732
12468,3000,81963.752002
12290,3000,81975.628673
12412,3000,81988.096746
12896,3000,82000.712047
13036,3000,82013.82794
12818,3000,82026.596898
12446,3000,82039.246593
12728,3000,82051.766814
12346,3000,82064.413035
12812,3000,82076.495218
12678,3000,82089.650564
12666,3000,82102.122109
12592,3000,82114.544881
12858,3000,82127.519178
12628,3000,82139.727328
12362,3000,82152.877712
12678,3000,82165.364774
12518,3000,82178.140142
12536,3000,82191.028231
12858,3000,82203.51308
12376,3000,82216.138391
12338,3000,82228.975052
12630,3000,82241.518152
12684,3000,82253.988953
12498,3000,82267.19748
12736,3000,82280.389652
12280,3000,82292.064549
12820,3000,82304.391156
12422,3000,82317.255534
12450,3000,82330.021177
12722,3000,82343.248717
12910,3000,82355.538456
12662,3000,82368.416132
12292,3000,82381.159894
12918,3000,82393.86222
12726,3000,82406.290918
13066,3000,82419.148073
12944,3000,82431.718371
12714,3000,82444.60496
13004,3000,82457.598083
12378,3000,82470.83334
12232,3000,82483.062531
12618,3000,82495.377716
12790,3000,82507.676955
12312,3000,82520.739757
12456,3000,82533.324103
12458,3000,82547.036972
12558,3000,82560.198804
12620,3000,82573.408695
12830,3000,82586.055609
12636,3000,82598.934366
12530,3000,82620.780839
12754,3000,82633.690542
12506,3000,82646.122514
12560,3000,82659.22763
12668,3000,82672.294252
12400,3000,82685.536046
12532,3000,82698.783644
12376,3000,82711.740108
12786,3000,82724.444292
12692,3000,82737.538889
12704,3000,82750.452646
12652,3000,82763.026794
12908,3000,82775.932367
12706,3000,82788.650344
12472,3000,82801.160324
12548,3000,82813.705376
12936,3000,82826.219656
12612,3000,82839.357526
12542,3000,82851.915104
12924,3000,82865.029161
12462,3000,82877.55215
12488,3000,82890.154109
12482,3000,82903.315619
12726,3000,82915.575492
12560,3000,82927.936731
12562,3000,82940.938409
12878,3000,82953.247673
12404,3000,82966.628443
12814,3000,82979.428516
12496,3000,82992.033617
12184,3000,83004.8516
12402,3000,83017.528315
12596,3000,83029.802515
12516,3000,83043.171438
12666,3000,83056.435131
12564,3000,83068.962039
12618,3000,83081.251133
12610,3000,83093.676872
12752,3000,83106.222107
12284,3000,83118.681972
12950,3000,83131.08636
12894,3000,83144.215392
12620,3000,83157.315636
12640,3000,83170.278673
12670,3000,83183.545263
12508,3000,83196.640152
12628,3000,83209.10315
12678,3000,83221.361528
12022,3000,83234.265258
12424,3000,83246.520819
12782,3000,83259.928635
12600,3000,83272.545071
12620,3000,83284.97493
12816,3000,83297.044826
12746,3000,83309.213786
12756,3000,83322.059844
12578,3000,83334.745026
12838,3000,83347.984174
12466,3000,83360.806803
12758,3000,83373.607604
12910,3000,83386.697859
12522,3000,83399.219799
12852,3000,83412.087304
12478,3000,83424.771871
12964,3000,83437.48157
12664,3000,83450.393855
12760,3000,83463.574823
12558,3000,83485.948132
12746,3000,83498.907958
12580,3000,83512.19943
12302,3000,83524.72401
12942,3000,83538.293319
12660,3000,83551.626667
12726,3000,83564.83393
12328,3000,83577.079131
12718,3000,83590.047947
12772,3000,83603.325922
12488,3000,83615.182025
12726,3000,83627.629348
12804,3000,83640.409806
12766,3000,83653.074568
12966,3000,83665.987478
12550,3000,83678.548871
12374,3000,83691.390998
12860,3000,83703.943674
12740,3000,83716.651761
13140,3000,83730.152858
12890,3000,83742.94135
12492,3000,83756.173419
12614,3000,83768.596361
12750,3000,83781.81983
12512,3000,83794.782799
12866,3000,83807.292415
12464,3000,83820.218287
12662,3000,83833.467706
12854,3000,83845.862569
12722,3000,83858.772737
12288,3000,83871.521507
12476,3000,83884.017671
12780,3000,83896.816444
12388,3000,83909.523642
12892,3000,83922.07386
12626,3000,83934.831461
12734,3000,83948.054563
12634,3000,83961.1617
12478,3000,83973.931268
12850,3000,83987.06601
12934,3000,84000.156441
12650,3000,84013.446042
12474,3000,84025.89828
12874,3000,84039.016588
12928,3000,84052.293509
12852,3000,84065.037894
12578,3000,84078.11436
12406,3000,84091.220182
12662,3000,84104.707913
12916,3000,84118.112897
12656,3000,84131.609267
12690,3000,84144.508251
13038,3000,84157.62052
12676,3000,84170.640416
12510,3000,84183.849768
12956,3000,84196.277728
12586,3000,84209.429886
12686,3000,84222.609716
12738,3000,84235.639754
12188,3000,84248.362782
12592,3000,84261.294252
12904,3000,84274.209364
12716,3000,84286.777799
12576,3000,84299.125641
12678,3000,84312.28983
12470,3000,84324.979794
12142,3000,84347.325304
12746,3000,84360.597326
12900,3000,84373.591606
12720,3000,84387.496668
12068,3000,84400.170428
12638,3000,84413.220015
12628,3000,84425.643414
12766,3000,84438.952632
12456,3000,84452.063647
12400,3000,84465.172477
12600,3000,84478.622169
12506,3000,84491.801721
12884,3000,84505.355847
12760,3000,84517.503784
12454,3000,84530.078471
12472,3000,84542.977552
12192,3000,84555.954869
12464,3000,84568.536527
12890,3000,84580.923415
13040,3000,84595.202624
12314,3000,84607.089428
12734,3000,84620.460451
12556,3000,84633.208372
12476,3000,84646.063936
12838,3000,84658.849702
12472,3000,84671.740929
12738,3000,84684.129217
12588,3000,84696.61994
12554,3000,84709.721993
12398,3000,84722.416553
12578,3000,84735.51791
12600,3000,84747.983649
12354,3000,84760.520401
12786,3000,84773.290436
12556,3000,84786.210474
12704,3000,84799.11892
12220,3000,84810.967472
12532,3000,84823.302302
12514,3000,84836.208923
12536,3000,84847.954072
12626,3000,84860.811709
12560,3000,84873.180509
12372,3000,84886.184302
12584,3000,84899.133222
12526,3000,84911.70375
12562,3000,84924.031268
12810,3000,84937.321696
12916,3000,84950.173255
13024,3000,84962.818608
12436,3000,84975.266487
12574,3000,84988.472926
12818,3000,85001.66781
12958,3000,85014.545366
12278,3000,85027.279477
12766,3000,85040.049398
12414,3000,85053.454501
12742,3000,85065.835666
12612,3000,85078.653455
12970,3000,85091.367008
12500,3000,85103.384894
12932,3000,85116.475423
12678,3000,85129.547987
12352,3000,85142.611581
12704,3000,85155.009538
12846,3000,85167.571849
12950,3000,85180.248291
12608,3000,85193.064469
12164,3000,85215.302333
12512,3000,85228.060153
12902,3000,85241.196467
12566,3000,85253.989455
12702,3000,85266.811303
12742,3000,85279.472464
12772,3000,85292.52714
12566,3000,85304.925161
12734,3000,85317.552264
12844,3000,85330.32225
12472,3000,85342.972186
12848,3000,85354.942814
12706,3000,85367.366384
12802,3000,85380.58525
13012,3000,85393.441904
12736,3000,85407.169392
12444,3000,85419.568949
12440,3000,85432.732031
12914,3000,85445.937902
12596,3000,85458.451537
12560,3000,85470.822096
12528,3000,85483.848125
12626,3000,85496.804808
12308,3000,85509.080724
12754,3000,85521.570728
12644,3000,85534.157106
12872,3000,85547.160275
12186,3000,85559.811831
12908,3000,85572.013456
12832,3000,85585.206475
12774,3000,85598.497665
12534,3000,85611.107352
12560,3000,85623.443625
12570,3000,85635.880751
12376,3000,85648.263479
12886,3000,85660.961473
12558,3000,85673.293473
12316,3000,85685.218744
12696,3000,85697.663258
12584,3000,85710.435538
12410,3000,85723.10185
12660,3000,85735.590979
12378,3000,85748.212167
12718,3000,85760.073087
12696,3000,85772.383749
12578,3000,85785.310356
12836,3000,85797.628966
12714,3000,85810.174589
12932,3000,85823.879548
12750,3000,85836.432936
12922,3000,85849.689912
12354,3000,85862.093715
12804,3000,85875.160712
12884,3000,85888.256199
12314,3000,85901.238997
12584,3000,85913.762788
12472,3000,85926.171873
12446,3000,85938.864949
12718,3000,85951.959209
12454,3000,85964.478868
12820,3000,85977.885086
12402,3000,85991.073496
12562,3000,86003.912224
12852,3000,86017.657684
12476,3000,86030.184574
12482,3000,86042.600748
12952,3000,86055.241671
12524,3000,86076.923793
12490,3000,86089.800718
12538,3000,86103.157891
12332,3000,86115.988314
12464,3000,86128.044979
12742,3000,86141.125968
12430,3000,86154.920349
12690,3000,86168.327136
12890,3000,86181.485223
12148,3000,86193.69771
12628,3000,86206.263647
12480,3000,86218.823964
12816,3000,86232.085908
12876,3000,86244.807459
12390,3000,86257.68002
12600,3000,86270.737812
12734,3000,86283.600059
12640,3000,86296.894059
12776,3000,86309.918725
13262,3000,86322.408585
12396,3000,86334.569957
12578,3000,86347.619816
12680,3000,86361.027183
12734,3000,86373.929179
12648,3000,86386.535375
12924,3000,86399.313684
12398,3000,86412.516177
12726,3000,86425.219656
12376,3000,86438.185898
12718,3000,86451.249176
12456,3000,86464.415728
13080,3000,86477.509172
12798,3000,86489.936239
12584,3000,86502.981039
12768,3000,86516.227065
12646,3000,86528.250953
12214,3000,86540.831734
12652,3000,86553.592984
12414,3000,86566.142816
12392,3000,86579.369384
12980,3000,86592.010473
12680,3000,86605.103734
12648,3000,86617.97611
12332,3000,86630.560545
12438,3000,86643.604454
12544,3000,86656.565182
12790,3000,86669.332646
12336,3000,86681.725403
12848,3000,86694.220937
12624,3000,86706.757465
12684,3000,86719.7064
12762,3000,86732.503056
12372,3000,86745.546168
12426,3000,86758.433758
12734,3000,86770.635268
12550,3000,86783.887211
12452,3000,86796.642318
12640,3000,86809.607116
12890,3000,86822.654093
12748,3000,86835.423694
12552,3000,86847.939103
12670,3000,86861.535378
12664,3000,86874.22155
12442,3000,86886.90829
12520,3000,86899.939692
12516,3000,86912.812588
12590,3000,86934.959767
12328,3000,86947.608134
12794,3000,86960.295689
12680,3000,86972.576875
13038,3000,86985.882091
12482,3000,86998.685836
12348,3000,87011.392333
12778,3000,87023.9724
12416,3000,87036.348462
12942,3000,87049.322018
12844,3000,87062.532361
12766,3000,87075.52267
12360,3000,87088.109248
12522,3000,87100.654176
12718,3000,87113.637769
12616,3000,87125.790099
12742,3000,87139.160747
12788,3000,87151.846817
12862,3000,87165.050223
12886,3000,87177.844129
12830,3000,87191.056762
12570,3000,87204.237133
12582,3000,87216.814214
12806,3000,87229.641058
12664,3000,87242.193003
12684,3000,87255.539698
12390,3000,87267.649951
12470,3000,87280.973767
12498,3000,87293.296414
12384,3000,87306.174405
12670,3000,87318.842249
12546,3000,87331.270459
12648,3000,87344.157525
12668,3000,87357.59549
12670,3000,87370.685349
12378,3000,87382.822821
13000,3000,87396.983992
12624,3000,87409.616217
13010,3000,87422.641814
12634,3000,87435.511119
12518,3000,87448.371959
12674,3000,87461.109505
12526,3000,87473.649227
12482,3000,87486.607036
12760,3000,87499.46417
12630,3000,87512.858288
12784,3000,87525.482959
12556,3000,87538.176203
12604,3000,87551.073258
12718,3000,87564.565163
12712,3000,87577.952078
12912,3000,87591.380133
12762,3000,87603.921175
13002,3000,87617.141643
12672,3000,87630.124901
12700,3000,87643.383457
12846,3000,87656.30757
12922,3000,87669.248918
12448,3000,87682.255614
12800,3000,87695.23681
12650,3000,87708.14583
12414,3000,87721.261802
12640,3000,87733.998425
12436,3000,87747.231776
12924,3000,87760.185992
12706,3000,87772.946278
12886,3000,87786.25307
12990,3000,87808.880703
12268,3000,87821.572719
12646,3000,87835.030786
12640,3000,87847.697483
12726,3000,87860.805889
12140,3000,87873.695352
12434,3000,87886.259609
12564,3000,87898.807678
12676,3000,87911.641133
12650,3000,87924.024114
12630,3000,87936.460385
12956,3000,87949.705318
12844,3000,87962.554974
12456,3000,87975.285566
12880,3000,87987.842718
12600,3000,88000.828768
12472,3000,88013.126583
12986,3000,88026.298637
12526,3000,88038.682508
12704,3000,88051.368673
12600,3000,88064.550023
12514,3000,88076.308924
12570,3000,88089.460652
12372,3000,88102.40236
12624,3000,88114.934403
12602,3000,88127.531949
12766,3000,88140.626519
12308,3000,88153.439173
12602,3000,88166.044425
12616,3000,88178.980574
12694,3000,88192.007603
12686,3000,88204.392295
12562,3000,88216.503864
12978,3000,88229.455014
12730,3000,88242.515857
12474,3000,88255.183693
12896,3000,88268.380949
12346,3000,88281.195194
12762,3000,88293.74919
12560,3000,88307.186089
12864,3000,88320.112219
12554,3000,88332.796599
12786,3000,88345.3447
12368,3000,88357.951514
12670,3000,88370.833179
12714,3000,88383.557097
12354,3000,88396.008334
12352,3000,88409.001057
12574,3000,88421.857904
12670,3000,88434.20308
13018,3000,88447.323815
12794,3000,88460.377148
12702,3000,88473.134659
12542,3000,88486.315493
12622,3000,88499.44521
12566,3000,88512.055593
12508,3000,88524.417279
12438,3000,88537.108962
12584,3000,88549.923262
12668,3000,88563.184186
12756,3000,88576.069391
12906,3000,88588.772646
12382,3000,88601.462499
12652,3000,88614.230788
12342,3000,88626.881932
12682,3000,88639.686222
12742,3000,88652.349557
12388,3000,88674.167233
12698,3000,88686.797893
12512,3000,88699.658275
12770,3000,88712.292171
13006,3000,88725.043233
12654,3000,88737.19703
12430,3000,88749.925208
12644,3000,88762.853496
12452,3000,88775.823062
12710,3000,88788.403272
12422,3000,88801.588462
13000,3000,88814.654347
12446,3000,88827.307005
12904,3000,88840.813087
12838,3000,88853.841123
12870,3000,88866.840595
12476,3000,88879.377219
12396,3000,88892.507675
12644,3000,88905.493257
12396,3000,88918.420527
12620,3000,88931.782579
12692,3000,88944.381207
12534,3000,88957.13668
12434,3000,88969.519652
13076,3000,88983.144678
12734,3000,88995.230669
12790,3000,89007.847273
12476,3000,89020.679864
12778,3000,89033.56936
13092,3000,89046.499387
12800,3000,89059.583263
12726,3000,89072.857791
12502,3000,89085.150655
12388,3000,89097.586032
12430,3000,89110.378309
12228,3000,89122.694456
12582,3000,89135.591073
12976,3000,89148.021953
12802,3000,89161.626693
12276,3000,89174.792822
12616,3000,89186.808815
12598,3000,89199.943193
12804,3000,89213.462663
12754,3000,89226.501822
12550,3000,89238.762329
12996,3000,89251.4727
12700,3000,89264.713421
12726,3000,89277.496191
12688,3000,89290.532156
12378,3000,89302.606005
12672,3000,89316.217272
12354,3000,89329.288893
12612,3000,89341.584219
12528,3000,89353.941421
12416,3000,89367.132709
12772,3000,89380.018859
12732,3000,89392.498687
12436,3000,89405.588415
12640,3000,89418.265568
12530,3000,89430.527627
12768,3000,89444.282423
12956,3000,89457.255807
12786,3000,89470.194768
12598,3000,89482.849431
12764,3000,89495.775152
12556,3000,89508.499609
12698,3000,89531.577326
12724,3000,89544.267253
12578,3000,89557.777205
12502,3000,89570.242121
12474,3000,89583.039577
12480,3000,89595.78412
12750,3000,89608.933554
12510,3000,89621.875045
12680,3000,89635.342213
12700,3000,89648.204913
12628,3000,89661.147667
12402,3000,89674.12813
12552,3000,89687.189044
12590,3000,89700.283034
12740,3000,89713.062485
12606,3000,89725.985681
12130,3000,89738.425901
12742,3000,89751.143444
12734,3000,89763.951028
12690,3000,89776.366997
12580,3000,89788.859657
12488,3000,89801.545149
12810,3000,89813.975616
12838,3000,89826.407887
12510,3000,89839.557716
12952,3000,89852.593445
12968,3000,89865.774436
12530,3000,89878.513925
12588,3000,89891.516569
12690,3000,89904.548132
12722,3000,89917.286669
12744,3000,89930.189811
12836,3000,89943.122448
12432,3000,89955.991044
12462,3000,89969.180367
12688,3000,89982.047785
12778,3000,89994.407191
12424,3000,90006.662293
12822,3000,90019.439863
12368,3000,90031.71724
12348,3000,90044.475043
12680,3000,90057.22122
12484,3000,90069.476629
12738,3000,90081.646948
12452,3000,90094.995397
12568,3000,90107.629572
12256,3000,90120.797084
12498,3000,90133.408706
12518,3000,90146.259948
12842,3000,90159.488089
12866,3000,90173.01326
12564,3000,90185.691097
12234,3000,90199.136828
12486,3000,90210.793993
12496,3000,90223.051006
12514,3000,90235.690654
12564,3000,90249.012395
12904,3000,90262.250644
12670,3000,90274.488777
12532,3000,90287.288847
12780,3000,90300.251221
12420,3000,90313.39091
12306,3000,90325.97127
12822,3000,90338.079386
12644,3000,90350.984989
12724,3000,90364.374295
12692,3000,90377.042654
12522,3000,90398.459593
12418,3000,90411.260336
12802,3000,90424.371326
12764,3000,90436.961077
12422,3000,90449.747322
12560,3000,90463.412881
12370,3000,90476.361984
12826,3000,90488.652256
12524,3000,90501.568449
12486,3000,90514.368434
12634,3000,90527.923347
12594,3000,90541.089474
12488,3000,90553.269529
12410,3000,90566.189124
12496,3000,90578.408703
12482,3000,90590.547287
12770,3000,90604.507149
13010,3000,90617.668699
12510,3000,90630.182081
12530,3000,90642.985
12270,3000,90655.182258
12426,3000,90667.809347
12362,3000,90680.130923
12666,3000,90693.718129
12530,3000,90705.968801
12470,3000,90718.567687
13010,3000,90731.467144
12746,3000,90743.722238
12768,3000,90756.708229
12962,3000,90769.463237
12584,3000,90782.347318
12766,3000,90794.970506
12610,3000,90808.390694
13052,3000,90821.614985
12800,3000,90834.244474
12402,3000,90846.808816
12400,3000,90859.655776
12420,3000,90872.564059
12858,3000,90885.392974
12388,3000,90897.716007
12704,3000,90910.747916
12710,3000,90923.720265
12582,3000,90936.330387
12398,3000,90949.368374
12364,3000,90962.176762
13016,3000,90975.068292
12738,3000,90987.512421
12572,3000,91000.456179
12466,3000,91013.792176
12794,3000,91026.228819
12230,3000,91038.947694
12764,3000,91051.832341
12762,3000,91064.679431
12582,3000,91077.140335
12446,3000,91089.674855
12368,3000,91102.218052
12328,3000,91115.07418
12396,3000,91127.52597
12338,3000,91139.961298
12764,3000,91152.888191
12912,3000,91165.532803
12968,3000,91178.910428
12662,3000,91192.123568
13106,3000,91204.819845
12664,3000,91218.020731
12582,3000,91231.40877
12098,3000,91243.796567
12714,3000,91265.877262
12842,3000,91278.835571
12678,3000,91291.631726
12630,3000,91304.151951
12350,3000,91317.257189
12896,3000,91330.357299
12882,3000,91343.505826
12604,3000,91356.398678
12560,3000,91369.093241
12706,3000,91381.933344
12582,3000,91394.182765
12832,3000,91406.898613
12790,3000,91419.547285
12316,3000,91432.029258
12640,3000,91444.462042
12522,3000,91457.772639
12770,3000,91471.211565
12890,3000,91484.070029
12778,3000,91497.831807
12426,3000,91510.115361
12534,3000,91523.378613
12858,3000,91536.075992
13010,3000,91548.83377
12512,3000,91562.282088
12766,3000,91574.997828
12264,3000,91588.284109
12634,3000,91601.050059
12406,3000,91614.419361
12928,3000,91627.567525
12716,3000,91640.138271
13040,3000,91652.659994
12964,3000,91665.78037
12580,3000,91679.083579
12852,3000,91691.814698
12882,3000,91704.318291
12406,3000,91716.678792
12764,3000,91729.588967
12556,3000,91742.826814
12572,3000,91755.311781
12640,3000,91767.913282
12424,3000,91781.23674
12496,3000,91793.6086
12520,3000,91806.004762
12732,3000,91819.000734
12448,3000,91831.807308
12982,3000,91844.744388
12546,3000,91857.995948
12638,3000,91870.860137
12754,3000,91883.917506
12688,3000,91896.395631
12766,3000,91909.270931
12592,3000,91922.205497
12634,3000,91934.640689
12608,3000,91947.626322
12846,3000,91960.070713
12368,3000,91972.794738
12634,3000,91985.83623
12576,3000,91998.900176
12786,3000,92011.760324
12562,3000,92024.353864
12458,3000,92036.848151
12854,3000,92049.244651
12540,3000,92061.967788
13126,3000,92075.368812
12930,3000,92088.438572
12650,3000,92101.869486
12606,3000,92124.074186
12468,3000,92137.003233
12486,3000,92149.244471
12524,3000,92163.161329
12578,3000,92175.679564
12270,3000,92188.248256
12692,3000,92201.222037
12666,3000,92214.029723
12512,3000,92226.636061
12702,3000,92239.709936
12426,3000,92252.177706
12586,3000,92265.044429
12574,3000,92278.46602
12554,3000,92291.518529
12424,3000,92304.784386
12586,3000,92317.841206
12542,3000,92330.778734
12642,3000,92343.907664
12934,3000,92356.510172
12160,3000,92369.643984
12386,3000,92382.022023
12660,3000,92395.301838
12608,3000,92408.568333
12854,3000,92421.626365
12678,3000,92434.375344
12790,3000,92447.993636
12654,3000,92460.975116
12540,3000,92473.381424
12586,3000,92485.733124
12632,3000,92498.586555
13186,3000,92511.614409
12186,3000,92525.004013
12588,3000,92537.416289
12598,3000,92550.052258
12644,3000,92562.644836
12642,3000,92575.566167
12644,3000,92588.917085
12658,3000,92602.158287
12598,3000,92614.659244
12794,3000,92628.008045
12648,3000,92640.984007
12380,3000,92653.696073
12722,3000,92666.77543
12638,3000,92680.130743
12584,3000,92692.537513
12382,3000,92704.295353
12820,3000,92716.475362
12464,3000,92728.939718
12994,3000,92741.128571
12694,3000,92753.452241
12584,3000,92765.331712
12512,3000,92777.111286
12460,3000,92789.136776
12360,3000,92801.64429
12572,3000,92813.407807
12524,3000,92825.802589
12488,3000,92837.473103
12420,3000,92849.841302
12402,3000,92861.897454
12558,3000,92874.22438
12728,3000,92886.303248
12726,3000,92898.60114
12804,3000,92911.049395
12744,3000,92923.366981
12748,3000,92936.382305
12410,3000,92948.482047
12386,3000,92960.097245
12234,3000,92981.777114
12196,3000,92993.863286
12848,3000,93006.010241
12564,3000,93018.493195
12636,3000,93031.043488
12556,3000,93043.299596
12620,3000,93055.739772
12480,3000,93068.013665
12304,3000,93080.027664
12510,3000,93091.892452
13178,3000,93104.519934
12552,3000,93116.80806
12430,3000,93128.74715
12248,3000,93140.840208
12676,3000,93153.026918
12378,3000,93164.764548
12832,3000,93176.805359
12398,3000,93188.149629
12736,3000,93200.623652
12780,3000,93212.704637
12672,3000,93224.551663
12730,3000,93235.96437
12742,3000,93248.424007
12754,3000,93260.83218
12690,3000,93273.209535
12886,3000,93285.651276
12576,3000,93298.448872
12716,3000,93310.615689
12654,3000,93323.127131
12818,3000,93335.109998
12560,3000,93347.065204
12926,3000,93359.002142
12750,3000,93370.953225
12686,3000,93383.274631
12316,3000,93395.695891
12320,3000,93407.755943
12390,3000,93419.923836
12734,3000,93432.175459
12732,3000,93444.647658
12972,3000,93456.891802
12306,3000,93468.610657
12464,3000,93480.468145
12482,3000,93492.301277
12562,3000,93504.337285
12688,3000,93516.429941
12252,3000,93528.049671
12626,3000,93540.205931
12642,3000,93552.267205
12366,3000,93564.254679
12748,3000,93576.333685
12412,3000,93588.966625
12618,3000,93601.118168
12716,3000,93613.633249
12508,3000,93626.049025
12756,3000,93638.279956
12822,3000,93650.517994
12534,3000,93663.113353
12502,3000,93675.066765
12286,3000,93687.623694
12766,3000,93699.772157
12944,3000,93711.913278
12664,3000,93724.068993
12564,3000,93736.457108
12948,3000,93748.502412
12782,3000,93760.57907
12472,3000,93772.376231
12632,3000,93785.028718
12708,3000,93805.887739
12734,3000,93817.832294
12830,3000,93830.044097
12416,3000,93842.386974
12844,3000,93854.429897
12466,3000,93866.034798
12536,3000,93877.725188
12652,3000,93890.321995
12586,3000,93902.151125
12898,3000,93914.729973
12504,3000,93926.607974
12656,3000,93938.094326
13096,3000,93950.689821
12852,3000,93963.251739
12650,3000,93975.247337
12520,3000,93986.910229
12624,3000,93998.805958
12898,3000,94010.893923
12626,3000,94022.207762
12492,3000,94033.999026
12524,3000,94046.25019
12472,3000,94058.094374
12294,3000,94070.420155
12510,3000,94082.401968
12516,3000,94094.307729
12538,3000,94106.385649
12950,3000,94118.558996
12584,3000,94130.928732
12920,3000,94143.220346
12544,3000,94155.494291
12702,3000,94167.787589
12486,3000,94179.989646
12434,3000,94192.272636
12722,3000,94204.026521
12452,3000,94215.685595
12468,3000,94227.320272
12436,3000,94239.164675
12694,3000,94251.364708
12670,3000,94263.203396
12670,3000,94275.404154
12498,3000,94287.013518
12500,3000,94299.012336
12548,3000,94310.972713
12546,3000,94323.258661
12752,3000,94335.232324
12462,3000,94346.845773
12828,3000,94359.344149
12346,3000,94370.843663
12598,3000,94382.623961
12784,3000,94395.179079
12206,3000,94407.25899
12738,3000,94419.440603
12712,3000,94432.157954
12216,3000,94443.847585
12804,3000,94456.16431
12634,3000,94467.832023
12776,3000,94480.235122
12370,3000,94491.78726
12448,3000,94504.057204
12554,3000,94516.027157
12450,3000,94527.898737
12534,3000,94539.733297
12360,3000,94551.91343
12324,3000,94563.777079
12656,3000,94575.611312
12530,3000,94588.102916
12800,3000,94609.605455
12710,3000,94621.837389
12672,3000,94634.282444
12706,3000,94646.221786
12808,3000,94657.781785
12586,3000,94670.57425
12490,3000,94681.942226
12324,3000,94693.45295
12206,3000,94704.957806
12460,3000,94716.273673
12450,3000,94728.486589
12822,3000,94740.580932
12984,3000,94753.081215
12486,3000,94764.828815
12268,3000,94777.05268
12836,3000,94789.712602
12626,3000,94801.855323
12576,3000,94813.657203
12258,3000,94825.273211
12994,3000,94837.202511
12852,3000,94849.480342
12492,3000,94861.924538
12684,3000,94873.710159
12902,3000,94885.950305
12822,3000,94898.174459
12884,3000,94910.328463
12598,3000,94922.636839
12624,3000,94934.293068
12494,3000,94946.265213
12676,3000,94958.313926
12472,3000,94970.471166
12640,3000,94982.988283
12716,3000,94995.100295
12418,3000,95007.562261
12272,3000,95019.612086
12612,3000,95031.393678
12802,3000,95043.24701
12480,3000,95055.256675
12478,3000,95066.993651
12618,3000,95079.674736
12556,3000,95091.594574
12206,3000,95103.814948
12400,3000,95116.158423
12658,3000,95128.216223
12772,3000,95140.881999
12880,3000,95152.899385
12784,3000,95165.32191
12784,3000,95177.654345
12730,3000,95189.684456
12456,3000,95202.514662
12590,3000,95215.31604
12420,3000,95227.791681
12400,3000,95240.218554
12504,3000,95252.557298
12434,3000,95264.551906
12404,3000,95275.987589
12308,3000,95287.60744
13036,3000,95301.175876
12820,3000,95312.816025
12352,3000,95325.10199
12548,3000,95337.696912
12496,3000,95349.487297
12630,3000,95361.45362
12526,3000,95373.589714
12608,3000,95385.284568
12534,3000,95397.367972
12548,3000,95409.122327
12380,3000,95430.458793
12868,3000,95443.160156
12494,3000,95454.625262
12288,3000,95467.203937
12374,3000,95479.463717
12634,3000,95491.418072
12776,3000,95503.689344
12754,3000,95515.698733
12584,3000,95527.270421
12692,3000,95539.117473
12362,3000,95550.686121
12478,3000,95562.649348
12938,3000,95575.474062
12790,3000,95587.285764
12548,3000,95599.307057
12634,3000,95611.832129
12566,3000,95623.730217
12446,3000,95635.997756
12412,3000,95647.98206
12706,3000,95660.346398
12554,3000,95673.043907
12788,3000,95685.516156
13032,3000,95698.270194
12544,3000,95711.01775
12634,3000,95723.312111
12832,3000,95735.419178
12656,3000,95747.434519
12402,3000,95759.836589
12946,3000,95772.033811
12700,3000,95783.900924
12478,3000,95795.962672
12338,3000,95807.986935
12842,3000,95819.949101
12676,3000,95832.089457
12690,3000,95844.445341
12350,3000,95856.162217
12888,3000,95868.781034
12550,3000,95880.662493
12908,3000,95892.726737
12368,3000,95905.194798
12534,3000,95916.927152
12458,3000,95928.709508
12590,3000,95941.23126
12496,3000,95953.509447
12488,3000,95965.375543
12360,3000,95977.303309
12554,3000,95989.574495
12982,3000,96001.633276
12200,3000,96013.968665
12556,3000,96025.876114
12438,3000,96037.672061
12210,3000,96049.04501
12474,3000,96061.421079
12718,3000,96073.38748
12542,3000,96085.584162
12382,3000,96097.184064
12634,3000,96109.135938
12472,3000,96121.319498
12600,3000,96133.353465
12892,3000,96145.447106
12402,3000,96157.275986
12486,3000,96168.984171
12834,3000,96181.214418
12578,3000,96193.4781
12940,3000,96205.431423
12520,3000,96217.035572
12780,3000,96228.52881
12746,3000,96249.665705
12530,3000,96262.334069
12432,3000,96274.302778
12736,3000,96286.619562
12552,3000,96299.0435
12552,3000,96311.128483
12312,3000,96323.082525
12286,3000,96334.879818
12812,3000,96347.29719
12478,3000,96359.732357
12580,3000,96371.545807
12570,3000,96383.967335
12520,3000,96396.072891
12686,3000,96407.898554
12734,3000,96420.463847
12430,3000,96431.914896
12686,3000,96444.593664
12780,3000,96456.839849
12672,3000,96469.49491
12948,3000,96481.264343
12588,3000,96493.027766
12280,3000,96505.026713
12538,3000,96517.935022
12724,3000,96530.329622
12740,3000,96542.458838
12788,3000,96554.412159
13032,3000,96566.392671
12728,3000,96578.67237
12534,3000,96590.96705
12822,3000,96602.633139
12544,3000,96614.79297
12556,3000,96627.047338
12546,3000,96639.627431
12678,3000,96651.789321
12550,3000,96663.957117
12768,3000,96676.571074
12390,3000,96688.477859
12892,3000,96700.877666
12506,3000,96713.306956
12622,3000,96725.290594
12866,3000,96736.451433
12538,3000,96748.318801
12556,3000,96760.481714
12550,3000,96773.093748
12738,3000,96784.929046
12386,3000,96797.488845
13052,3000,96810.596079
12886,3000,96823.439046
12376,3000,96835.73441
12734,3000,96847.905764
12422,3000,96859.787043
12642,3000,96871.386341
12244,3000,96883.408306
12420,3000,96895.545157
12110,3000,96907.374758
12498,3000,96919.878695
12520,3000,96932.15043
12728,3000,96944.271837
12588,3000,96956.302532
12832,3000,96968.356522
12524,3000,96980.856002
12578,3000,96992.900773
12366,3000,97005.149757
12530,3000,97016.969136
12542,3000,97028.953121
12816,3000,97041.734041
12070,3000,97062.884832
12548,3000,97074.657512
12644,3000,97087.232595
12534,3000,97098.953665
12550,3000,97111.189596
12412,3000,97123.206049
12506,3000,97135.1687
12414,3000,97147.091386
12392,3000,97158.707626
12524,3000,97170.343272
12464,3000,97182.415116
12304,3000,97194.523031
12276,3000,97206.811188
12724,3000,97219.044928
12294,3000,97230.658872
12526,3000,97242.100341
12228,3000,97254.329501
12542,3000,97266.213573
12558,3000,97277.873131
12922,3000,97290.496914
12444,3000,97302.51934
12768,3000,97314.669573
12438,3000,97326.529112
12718,3000,97338.17067
12648,3000,97350.14381
12350,3000,97362.236708
12772,3000,97374.650157
12338,3000,97386.817197
12382,3000,97399.087801
13188,3000,97411.266352
12334,3000,97423.693095
12918,3000,97436.290112
12730,3000,97448.255252
12310,3000,97460.39447
12432,3000,97472.838559
12518,3000,97484.680626
12662,3000,97497.047551
12408,3000,97508.677376
12186,3000,97521.386636
12494,3000,97533.912514
12370,3000,97545.61644
12796,3000,97557.542035
12418,3000,97570.278476
12542,3000,97582.401303
12618,3000,97594.39663
12760,3000,97606.301425
12430,3000,97618.721261
12170,3000,97630.366209
12790,3000,97642.42936
12190,3000,97653.669425
12632,3000,97666.441721
12458,3000,97677.892139
12824,3000,97690.137681
12436,3000,97702.156997
12620,3000,97714.203615
12660,3000,97727.89784
12622,3000,97740.384938
12532,3000,97752.723593
12570,3000,97764.912492
12562,3000,97776.719495
12692,3000,97788.70523
12490,3000,97800.333178
12562,3000,97813.256083
12806,3000,97825.452836
12638,3000,97837.314456
12614,3000,97849.386142
12774,3000,97861.677651
12776,3000,97882.767813
12354,3000,97894.601992
12574,3000,97906.098208
12948,3000,97918.190209
12670,3000,97930.288733
12470,3000,97942.287045
12736,3000,97954.379546
12748,3000,97966.754428
12072,3000,97978.509295
12660,3000,97990.942022
12402,3000,98003.265395
12626,3000,98015.012775
12018,3000,98026.885971
12632,3000,98038.564323
12810,3000,98051.438888
12400,3000,98063.457711
12342,3000,98075.629988
12524,3000,98087.623619
12624,3000,98099.496164
12546,3000,98111.69533
12770,3000,98123.98191
12730,3000,98135.940903
12596,3000,98147.791659
12568,3000,98159.797537
12652,3000,98171.784817
12906,3000,98184.266465
12870,3000,98196.089886
12792,3000,98208.209171
12180,3000,98220.477169
12874,3000,98233.436395
12674,3000,98245.624147
12506,3000,98257.849383
12534,3000,98269.979716
12740,3000,98282.130933
12424,3000,98294.0695
12552,3000,98305.806095
12396,3000,98318.072631
12774,3000,98330.379019
12790,3000,98342.419157
12452,3000,98354.155265
12562,3000,98366.928286
12652,3000,98378.420816
12994,3000,98391.443213
12670,3000,98403.758838
12658,3000,98416.157199
12804,3000,98429.389574
12346,3000,98441.592778
12924,3000,98453.871127
12182,3000,98465.967145
12432,3000,98477.932105
12442,3000,98490.007147
12806,3000,98502.448912
12620,3000,98514.349655
12870,3000,98526.246037
12464,3000,98538.512582
12368,3000,98551.123446
12718,3000,98563.553517
12588,3000,98575.646057
12556,3000,98588.393673
12706,3000,98600.91724
12956,3000,98613.02965
12562,3000,98625.744239
12258,3000,98637.743188
12806,3000,98649.517385
12514,3000,98661.903024
12740,3000,98673.947873
12916,3000,98686.111705
13044,3000,98707.712451
12654,3000,98719.210015
12578,3000,98731.449581
12512,3000,98743.863231
12508,3000,98755.926407
12398,3000,98767.991859
12434,3000,98779.891122
12440,3000,98792.572461
12142,3000,98805.081089
13104,3000,98818.462521
12254,3000,98830.34288
12612,3000,98842.685462
12706,3000,98855.169921
12626,3000,98868.243554
12760,3000,98880.95053
12782,3000,98893.020212
12422,3000,98905.133659
12502,3000,98917.610661
12550,3000,98929.970857
12786,3000,98942.127463
12532,3000,98954.19057
12740,3000,98966.336155
12576,3000,98978.537499
12638,3000,98990.930348
12342,3000,99002.936074
12652,3000,99015.128699
12636,3000,99027.702916
12420,3000,99039.863624
12590,3000,99051.954318
12596,3000,99063.868103
12706,3000,99075.96911
12590,3000,99088.555113
12660,3000,99100.284985
12674,3000,99112.388477
12484,3000,99124.874597
12362,3000,99136.854073
13046,3000,99148.885935
12608,3000,99161.044607
12706,3000,99172.937585
12954,3000,99184.952533
12782,3000,99197.638613
12666,3000,99209.16219
13156,3000,99221.408208
12384,3000,99234.064832
12612,3000,99246.393368
12448,3000,99258.50469
12548,3000,99270.34278
12806,3000,99282.804105
12370,3000,99295.478458
12538,3000,99307.76197
12554,3000,99319.753615
12720,3000,99332.30661
12770,3000,99344.172873
12392,3000,99355.835615
12618,3000,99367.873025
12564,3000,99380.413896
12536,3000,99392.598032
12374,3000,99404.436231
12580,3000,99416.669097
12702,3000,99429.239894
12400,3000,99440.762049
12268,3000,99453.27451
12500,3000,99464.839862
12938,3000,99477.473051
12762,3000,99489.563725
12460,3000,99502.097704
12474,3000,99523.146516
12674,3000,99534.855174
12694,3000,99546.437874
12730,3000,99558.847179
12602,3000,99571.240078
12844,3000,99583.780766
12530,3000,99596.126459
12554,3000,99609.002685
12370,3000,99620.869539
12792,3000,99633.367932
12378,3000,99645.59148
12502,3000,99657.994675
12672,3000,99669.829209
12786,3000,99682.192883
13018,3000,99694.697117
12738,3000,99707.704108
12742,3000,99720.530374
11814,3000,99732.649053
12696,3000,99745.073757
12468,3000,99757.292316
12616,3000,99769.351802
12264,3000,99781.499379
12444,3000,99793.216987
12878,3000,99805.421167
12850,3000,99817.430527
12386,3000,99829.672869
12588,3000,99841.62047
12270,3000,99853.494021
12610,3000,99865.396775
12554,3000,99877.524215
12814,3000,99890.012883
12762,3000,99902.702113
12504,3000,99915.269524
12458,3000,99926.949067
12642,3000,99939.491644
12508,3000,99951.826365
12628,3000,99963.622117
12584,3000,99975.60293
12714,3000,99987.906925
12602,3000,99999.884737
12576,3000,100011.599113
12720,3000,100023.877695
12426,3000,100036.222175
12892,3000,100048.462192
12432,3000,100060.553405
12616,3000,100072.556804
12480,3000,100084.626348
12324,3000,100097.057071
12290,3000,100108.802436
12442,3000,100120.488528
12602,3000,100131.874139
12506,3000,100143.759986
12566,3000,100156.298891
12906,3000,100169.079782
12494,3000,100181.856652
12704,3000,100193.979871
12658,3000,100205.969406
12454,3000,100218.366051
12722,3000,100230.60942
12618,3000,100242.599617
12632,3000,100255.156477
12538,3000,100267.463336
12674,3000,100279.405069
12712,3000,100291.244055
12708,3000,100303.717974
12548,3000,100315.625894
12720,3000,100328.145998
12446,3000,100348.978755
12452,3000,100361.365832
12772,3000,100373.737078
12534,3000,100385.706885
12318,3000,100397.711529
12568,3000,100410.103221
12348,3000,100421.836453
12620,3000,100434.37201
12374,3000,100446.908324
12590,3000,100459.538316
12436,3000,100471.512899
12814,3000,100483.848663
12442,3000,100495.750753
12808,3000,100507.591634
12578,3000,100520.071084
12878,3000,100531.992084
12634,3000,100544.380532
12502,3000,100556.70585
12956,3000,100568.429829
12434,3000,100580.151222
12524,3000,100592.333552
12620,3000,100604.708195
12834,3000,100617.106932
12690,3000,100629.580352
12418,3000,100641.903734
12428,3000,100653.898293
12482,3000,100666.660785
12398,3000,100679.035767
12824,3000,100691.307394
12528,3000,100702.973884
12522,3000,100714.536747
12440,3000,100726.833727
12838,3000,100739.841987
12832,3000,100752.185697
12732,3000,100764.317653
12338,3000,100776.236785
12576,3000,100789.201121
12818,3000,100801.546965
12508,3000,100813.599712
12526,3000,100826.451634
12540,3000,100838.116188
12916,3000,100850.158147
12416,3000,100862.44667
12684,3000,100874.329808
12308,3000,100886.255111
12630,3000,100898.193518
12776,3000,100910.093947
12302,3000,100921.752034
12144,3000,100934.081057
12558,3000,100946.493516
12760,3000,100958.950263
12446,3000,100970.836939
12588,3000,100983.400106
12746,3000,100996.182694
12418,3000,101007.749218
12720,3000,101020.569141
12728,3000,101032.871909
12572,3000,101045.084246
12788,3000,101057.400987
12600,3000,101069.87219
12778,3000,101081.592391
12238,3000,101093.596881
12568,3000,101105.53661
12854,3000,101118.040837
12500,3000,101129.810123
12714,3000,101142.241221
12850,3000,101153.987596
12450,3000,101174.891237
12132,3000,101187.315972
12808,3000,101199.673975
12538,3000,101211.750615
12566,3000,101223.438033
12804,3000,101235.70434
12684,3000,101248.121774
12480,3000,101260.229934
12766,3000,101272.708391
12640,3000,101284.885129
12666,3000,101297.279477
13008,3000,101309.527479
12874,3000,101321.676582
12656,3000,101333.930429
12346,3000,101345.840166
12548,3000,101358.115805
12544,3000,101369.805875
12468,3000,101382.379486
12588,3000,101394.442108
12630,3000,101406.337305
12536,3000,101419.118061
12510,3000,101431.181012
12582,3000,101442.994393
12490,3000,101455.401853
12342,3000,101467.467237
12740,3000,101479.873297
12668,3000,101491.875665
12834,3000,101504.378381
12602,3000,101516.391938
12894,3000,101529.041912
12518,3000,101541.054317
12642,3000,101553.28467
12890,3000,101566.077003
12464,3000,101577.713823
12256,3000,101589.853795
12532,3000,101602.453056
12342,3000,101615.081133
12566,3000,101627.158775
12306,3000,101639.412024
12516,3000,101651.241363
12634,3000,101663.081729
12860,3000,101675.228598
12506,3000,101686.857875
12844,3000,101699.284685
12842,3000,101711.412848
12090,3000,101723.165453
12566,3000,101735.738204
12396,3000,101748.046142
12654,3000,101760.356301
12752,3000,101773.266352
12784,3000,101784.82637
12846,3000,101796.594771
12308,3000,101808.008397
12410,3000,101819.607078
12794,3000,101831.499639
12542,3000,101843.251643
12288,3000,101854.432651
12434,3000,101865.954221
12720,3000,101877.474458
12510,3000,101889.582282
12556,3000,101900.703164
12334,3000,101911.556678
12398,3000,101922.844212
12678,3000,101934.527968
12470,3000,101945.154466
12408,3000,101956.96752
12550,3000,101976.626935
12818,3000,101987.704411
12442,3000,101998.924382
12540,3000,102009.862282
12486,3000,102021.032362
12360,3000,102031.844454
12302,3000,102043.633873
12728,3000,102055.092262
12494,3000,102066.178723
12514,3000,102077.280129
12418,3000,102088.854479
12482,3000,102100.571052
12682,3000,102111.781052
12858,3000,102123.678192
12748,3000,102135.409624
12520,3000,102147.036949
12440,3000,102158.595495
12662,3000,102169.991433
12568,3000,102181.618949
12652,3000,102192.790946
12498,3000,102203.907369
12610,3000,102215.781219
12486,3000,102227.272165
12652,3000,102238.327649
12350,3000,102249.923211
12396,3000,102262.117721
12488,3000,102272.850106
12342,3000,102283.975711
12368,3000,102295.539642
12482,3000,102306.776339
12922,3000,102318.599695
12512,3000,102329.97586
12456,3000,102341.418334
12400,3000,102353.228203
12550,3000,102364.809771
12296,3000,102376.760342
12562,3000,102388.192788
12796,3000,102399.697003
12698,3000,102410.904333
12706,3000,102422.118854
13064,3000,102433.716915
12600,3000,102444.91629
12720,3000,102456.422819
12550,3000,102467.992113
12648,3000,102479.419763
12450,3000,102490.872205
12524,3000,102501.97135
13026,3000,102513.176044
12588,3000,102524.267529
12438,3000,102536.193113
12632,3000,102548.319555
12316,3000,102559.33547
12724,3000,102571.09418
12840,3000,102583.053949
12806,3000,102594.708549
12674,3000,102606.198681
12700,3000,102617.465377
12612,3000,102628.704862
12614,3000,102640.343323
12792,3000,102652.079525
12592,3000,102663.254147
12648,3000,102674.534621
12624,3000,102685.949865
12820,3000,102698.485471
12446,3000,102709.92344
12566,3000,102720.804718
12256,3000,102732.068433
12368,3000,102751.370339
12262,3000,102763.336344
12434,3000,102774.852376
12482,3000,102786.347942
12468,3000,102797.736251
12614,3000,102809.231789
12768,3000,102820.945447
12604,3000,102832.882512
12890,3000,102844.892404
12636,3000,102856.427942
12384,3000,102867.646914
12828,3000,102879.662645
12640,3000,102891.216117
12122,3000,102903.04595
12526,3000,102914.235026
12572,3000,102925.874195
12828,3000,102937.712165
12302,3000,102948.906991
12390,3000,102960.005409
12670,3000,102971.570376
12524,3000,102982.697786
12558,3000,102994.112107
12562,3000,103005.676917
12616,3000,103017.059118
12586,3000,103028.590097
12408,3000,103039.822544
12648,3000,103051.46135
12596,3000,103062.839889
12400,3000,103074.907693
12696,3000,103086.951481
12496,3000,103098.132056
12306,3000,103109.87531
12708,3000,103121.160938
12458,3000,103132.877547
12874,3000,103144.349235
12910,3000,103156.028759
12712,3000,103167.167183
12604,3000,103178.645127
12354,3000,103190.060689
12448,3000,103201.742746
12828,3000,103213.204168
13024,3000,103225.587268
12914,3000,103237.08094
12514,3000,103248.631367
12766,3000,103259.803364
12712,3000,103271.520049
12584,3000,103282.827783
12500,3000,103294.402685
12762,3000,103306.421142
12568,3000,103318.177817
12226,3000,103329.912814
12580,3000,103341.202121
12578,3000,103352.520042
12494,3000,103364.351086
12040,3000,103375.621203
12568,3000,103386.936546
12456,3000,103397.860393
12734,3000,103409.563744
12658,3000,103422.276355
12544,3000,103433.830872
12608,3000,103445.686788
12298,3000,103457.552524
12676,3000,103468.952992
12688,3000,103480.30124
12710,3000,103492.268971
12614,3000,103503.43083
12450,3000,103514.69465
12678,3000,103535.037319
12474,3000,103546.993818
12786,3000,103558.327093
12488,3000,103570.148646
12272,3000,103581.010861
12816,3000,103591.961916
12580,3000,103603.494113
12724,3000,103614.922035
12298,3000,103626.651821
12616,3000,103638.417092
12612,3000,103650.513454
12602,3000,103661.965655
12826,3000,103673.944128
12494,3000,103685.915072
12604,3000,103696.961316
12402,3000,103708.217868
12638,3000,103719.301777
12524,3000,103730.853437
12608,3000,103742.727072
12650,3000,103754.32176
12470,3000,103765.808617
12156,3000,103777.700625
12382,3000,103789.111052
12638,3000,103801.012701
12666,3000,103812.647578
12590,3000,103823.999642
12484,3000,103835.259448
12602,3000,103847.243039
12844,3000,103858.626877
12366,3000,103870.061588
12928,3000,103881.933026
12738,3000,103893.967309
12608,3000,103905.64854
12548,3000,103916.911056
12784,3000,103928.672258
12270,3000,103940.104639
12304,3000,103951.324216
12582,3000,103963.365767
12478,3000,103975.163963
12474,3000,103987.105965
12950,3000,103998.943596
12480,3000,104010.266438
12472,3000,104021.637958
12454,3000,104033.629324
12542,3000,104044.740624
12634,3000,104055.838541
12534,3000,104067.003646
12734,3000,104078.427122
12576,3000,104090.19546
12798,3000,104102.32145
13020,3000,104113.457568
12458,3000,104124.852423
12904,3000,104136.536311
12632,3000,104148.249585
12676,3000,104159.335536
12652,3000,104170.636163
12326,3000,104181.970695
12592,3000,104193.258962
12396,3000,104204.632395
12854,3000,104216.099915
12794,3000,104228.013352
12310,3000,104239.933014
13000,3000,104251.907992
12404,3000,104263.38139
12448,3000,104274.774322
12294,3000,104286.404835
12742,3000,104306.232238
12480,3000,104317.651635
12992,3000,104329.688241
12424,3000,104341.688155
12326,3000,104353.132216
12926,3000,104364.588605
12258,3000,104375.689724
12696,3000,104387.737231
12466,3000,104399.490755
12746,3000,104410.998085
12708,3000,104422.727686
12610,3000,104433.980108
12610,3000,104445.393605
12296,3000,104456.743464
12622,3000,104467.844041
12354,3000,104479.493141
12418,3000,104490.540658
12738,3000,104502.100651
12746,3000,104513.957219
12328,3000,104525.320979
12206,3000,104537.066063
12740,3000,104548.517459
12724,3000,104559.768029
12322,3000,104571.474992
12500,3000,104582.294537
12538,3000,104594.437757
12562,3000,104605.496638
12744,3000,104616.734634
12456,3000,104627.760329
12876,3000,104639.515744
12528,3000,104651.630753
12454,3000,104663.476765
12748,3000,104674.847276
12372,3000,104686.473388
12590,3000,104697.987149
12416,3000,104709.600398
12476,3000,104721.191839
12228,3000,104732.650899
12458,3000,104744.199753
12646,3000,104756.058975
12452,3000,104767.630795
12492,3000,104778.952364
12318,3000,104790.360902
12640,3000,104802.507271
12568,3000,104813.894929
12460,3000,104824.808161
12680,3000,104836.642809
12808,3000,104848.093375
12766,3000,104859.305874
12890,3000,104870.505781
12590,3000,104881.9544
12624,3000,104893.198576
12792,3000,104904.452394
12222,3000,104915.881629
12670,3000,104927.300525
12912,3000,104938.153357
12590,3000,104950.031136
12838,3000,104961.520023
12472,3000,104973.681046
12344,3000,104985.277267
12530,3000,104997.208678
12730,3000,105009.13148
12510,3000,105020.76019
12856,3000,105032.952546
12534,3000,105044.536028
12984,3000,105056.234628
12422,3000,105067.586226
12716,3000,105087.87288
12672,3000,105100.210325
12452,3000,105111.585603
12790,3000,105123.57601
12526,3000,105134.918092
12716,3000,105145.684901
12738,3000,105156.667835
12236,3000,105168.135314
12314,3000,105179.967654
12440,3000,105191.423651
12518,3000,105202.716583
12704,3000,105214.625157
12908,3000,105226.704991
12740,3000,105238.622538
12768,3000,105251.089026
12524,3000,105262.153357
12986,3000,105274.425248
12526,3000,105285.945889
12720,3000,105297.899805
12560,3000,105309.626366
12188,3000,105321.149524
12466,3000,105332.519243
12822,3000,105344.000458
13024,3000,105355.185555
12332,3000,105366.228136
12572,3000,105377.734192
12732,3000,105389.985134
12432,3000,105401.706614
12486,3000,105413.680768
12356,3000,105425.481952
12752,3000,105437.200956
12626,3000,105448.819991
12778,3000,105460.512657
12754,3000,105472.373059
12726,3000,105484.070801
12134,3000,105495.629814
12532,3000,105507.406217
12702,3000,105518.89621
12854,3000,105530.409559
12690,3000,105542.069457
12812,3000,105553.635538
12594,3000,105565.080705
12302,3000,105576.071598
12456,3000,105587.696368
12636,3000,105599.185647
12574,3000,105610.659742
12552,3000,105622.209536
12728,3000,105633.681706
12334,3000,105645.1098
12444,3000,105656.522241
12286,3000,105667.890359
12564,3000,105679.540565
12152,3000,105691.443121
12386,3000,105702.737851
12870,3000,105714.553058
12414,3000,105725.817065
12464,3000,105737.712922
12468,3000,105749.219077
12558,3000,105760.517371
12858,3000,105772.209138
12922,3000,105783.779016
12616,3000,105795.386241
12536,3000,105806.843523
12584,3000,105819.059778
12770,3000,105830.675408
12786,3000,105842.024213
12606,3000,105853.478815
12464,3000,105873.774601
12628,3000,105885.001716
12730,3000,105896.10849
12478,3000,105907.613002
12482,3000,105918.778153
12860,3000,105929.8927
12298,3000,105941.825544
12650,3000,105953.348899
12900,3000,105965.911713
12370,3000,105977.310358
12316,3000,105988.913498
12912,3000,106000.559253
12802,3000,106012.268074
12598,3000,106023.896055
13094,3000,106036.223247
12552,3000,106048.00332
12640,3000,106059.339842
12408,3000,106071.204317
12770,3000,106082.469273
12558,3000,106094.075374
12740,3000,106105.499473
12738,3000,106117.02835
12854,3000,106129.183754
12662,3000,106141.53538
12412,3000,106152.590127
12684,3000,106163.684001
12866,3000,106175.355287
12620,3000,106187.320975
12760,3000,106199.288427
12692,3000,106210.573643
12502,3000,106221.520669
12808,3000,106233.036821
12202,3000,106244.524579
12716,3000,106256.180026
12338,3000,106268.292668
12588,3000,106279.703267
12426,3000,106291.724546
12382,3000,106303.212826
12746,3000,106314.427099
12532,3000,106325.878869
12648,3000,106337.197087
12274,3000,106348.987327
12730,3000,106360.228884
12762,3000,106371.903376
12380,3000,106383.578139
12548,3000,106395.455613
12316,3000,106406.989385
12098,3000,106418.406574
12510,3000,106430.039029
12374,3000,106441.090073
12858,3000,106452.060611
12496,3000,106463.034423
12558,3000,106474.610401
13166,3000,106486.103685
12578,3000,106496.900864
12660,3000,106507.075542
12468,3000,106517.931648
12216,3000,106528.72604
12752,3000,106539.747389
12736,3000,106550.284998
12580,3000,106561.126345
12518,3000,106571.936182
12564,3000,106582.911467
12682,3000,106593.849913
12778,3000,106604.562736
12658,3000,106615.864486
12722,3000,106634.136554
12844,3000,106644.91224
12546,3000,106656.334139
12620,3000,106667.040787
12218,3000,106677.431627
12530,3000,106688.437397
12398,3000,106699.638319
12534,3000,106710.171399
12332,3000,106721.536163
12818,3000,106732.676819
12308,3000,106743.409766
12822,3000,106754.883427
12570,3000,106765.800871
12544,3000,106776.638791
12576,3000,106787.587623
12680,3000,106798.314633
12574,3000,106809.244396
12694,3000,106819.793668
12252,3000,106830.239156
12166,3000,106841.093809
12940,3000,106852.364578
12480,3000,106862.647832
12300,3000,106873.708156
12250,3000,106883.911943
12646,3000,106895.088228
12556,3000,106906.269755
12654,3000,106917.839335
12728,3000,106928.912322
12710,3000,106940.115046
12562,3000,106950.506217
12636,3000,106961.473116
12770,3000,106971.806707
12228,3000,106982.372451
12492,3000,106992.848907
12454,3000,107003.820223
12490,3000,107014.589011
12770,3000,107025.860412
12616,3000,107036.849767
12710,3000,107047.587807
12642,3000,107058.792016
12580,3000,107069.75381
12380,3000,107080.323616
12564,3000,107090.685562
12744,3000,107101.541409
12298,3000,107112.306681
12436,3000,107122.706996
12714,3000,107133.564852
12644,3000,107144.871595
12554,3000,107155.529902
12408,3000,107166.154359
12498,3000,107176.339947
12144,3000,107187.088394
12448,3000,107197.266121
12732,3000,107207.854064
12900,3000,107218.651905
12140,3000,107229.074018
12460,3000,107239.634106
12578,3000,107250.432091
12438,3000,107261.203556
12512,3000,107271.911747
12466,3000,107282.625054
12464,3000,107293.243484
12484,3000,107304.516071
12624,3000,107315.600362
12736,3000,107326.611472
13002,3000,107337.633652
12624,3000,107348.285452
12716,3000,107367.285166
12126,3000,107378.325095
12664,3000,107389.297864
12588,3000,107400.35289
12590,3000,107410.765338
12532,3000,107421.413948
12754,3000,107431.755641
12874,3000,107442.553688
12576,3000,107453.6513
12262,3000,107464.730919
12544,3000,107475.147495
12488,3000,107485.863945
12266,3000,107496.564342
12352,3000,107507.190903
12462,3000,107517.908488
12594,3000,107528.953317
12414,3000,107540.170503
12438,3000,107551.258826
12870,3000,107561.98046
12412,3000,107572.755057
12340,3000,107583.180391
12588,3000,107594.532221
12342,3000,107605.760246
12530,3000,107616.877264
12434,3000,107627.21386
12434,3000,107638.561958
12456,3000,107649.757
12172,3000,107660.65948
12806,3000,107671.154065
12610,3000,107682.387294
12526,3000,107692.724979
12182,3000,107703.070886
12502,3000,107714.164366
12684,3000,107725.5708
12252,3000,107736.10667
12714,3000,107747.179154
12490,3000,107757.972572
12554,3000,107769.153329
12700,3000,107779.996265
12330,3000,107790.62132
12220,3000,107801.359552
12412,3000,107811.94173
12868,3000,107822.618842
12580,3000,107833.019428
12514,3000,107843.399366
12734,3000,107854.11142
12796,3000,107865.085137
12598,3000,107875.558121
12424,3000,107886.151985
12600,3000,107897.195833
12588,3000,107907.964901
13004,3000,107919.172779
12422,3000,107929.770739
12746,3000,107940.664033
12678,3000,107951.607485
12464,3000,107962.777948
12734,3000,107973.15681
12496,3000,107983.807265
12782,3000,107994.920532
12860,3000,108005.988998
12656,3000,108017.208769
12534,3000,108028.698732
12748,3000,108039.133114
12398,3000,108049.707713
12522,3000,108060.142325
12948,3000,108071.309515
12528,3000,108082.623739
12590,3000,108101.663373
12544,3000,108112.239413
12690,3000,108123.317192
12654,3000,108134.307603
12684,3000,108144.953908
12602,3000,108155.813178
12502,3000,108166.545208
12708,3000,108177.278478
12938,3000,108188.664626
12830,3000,108199.338328
12900,3000,108210.277255
12704,3000,108221.432875
12374,3000,108232.033446
12422,3000,108243.163158
12476,3000,108254.080936
12760,3000,108264.335472
12216,3000,108274.735695
12278,3000,108285.365168
12530,3000,108295.829099
12560,3000,108306.484303
12284,3000,108317.488174
13008,3000,108328.6615
12752,3000,108339.769325
12822,3000,108350.4954
12488,3000,108361.402022
12386,3000,108371.789726
12336,3000,108382.325601
12450,3000,108392.97337
12388,3000,108403.88665
12302,3000,108414.504972
12564,3000,108425.179139
12470,3000,108435.963527
12622,3000,108447.390782
12610,3000,108458.47829
12336,3000,108468.984623
12462,3000,108479.760829
12604,3000,108490.598408
12974,3000,108501.0713
12504,3000,108511.437587
12642,3000,108522.029789
12462,3000,108533.047535
12942,3000,108543.768911
12464,3000,108555.226656
12160,3000,108566.179019
12238,3000,108577.115573
12534,3000,108587.946898
12252,3000,108598.952179
12902,3000,108609.707792
12610,3000,108621.055444
12834,3000,108631.936085
12190,3000,108642.497399
12496,3000,108652.9626
12224,3000,108663.534062
12598,3000,108673.994591
12450,3000,108684.894686
12632,3000,108695.916826
12324,3000,108706.638967
12464,3000,108717.237825
12314,3000,108727.741831
12666,3000,108738.639076
12404,3000,108749.449344
12470,3000,108760.353289
12504,3000,108770.697864
12444,3000,108781.66333
12280,3000,108792.500757
12494,3000,108803.29345
12646,3000,108822.156017
12464,3000,108833.260908
12462,3000,108844.250748
12760,3000,108854.919285
12786,3000,108866.029857
12686,3000,108876.490157
12258,3000,108887.382493
12550,3000,108898.059218
12492,3000,108909.133103
12304,3000,108919.679607
12206,3000,108930.251163
12384,3000,108940.84052
12568,3000,108951.45543
12294,3000,108962.421987
12858,3000,108973.15687
12472,3000,108984.137966
12280,3000,108995.240805
12888,3000,109006.35158
12230,3000,109017.570963
12500,3000,109028.266454
12426,3000,109039.570353
12328,3000,109050.597284
12514,3000,109061.987211
12702,3000,109072.974326
12700,3000,109083.996389
12528,3000,109094.633059
12688,3000,109105.171048
12198,3000,109116.059334
12976,3000,109126.514238
12238,3000,109137.4719
12596,3000,109148.072778
12522,3000,109158.403464
12390,3000,109169.337719
12650,3000,109180.489864
12804,3000,109191.675787
12420,3000,109202.601735
12332,3000,109213.491807
12712,3000,109223.904052
12878,3000,109234.701168
12428,3000,109245.604196
12442,3000,109256.671703
12384,3000,109267.08539
12670,3000,109277.522697
12796,3000,109288.537035
12866,3000,109298.867545
12532,3000,109309.737675
12488,3000,109320.470883
12328,3000,109330.971578
12868,3000,109341.99843
12490,3000,109352.852935
12740,3000,109364.037242
12370,3000,109375.148916
12400,3000,109385.565891
12480,3000,109396.665956
12810,3000,109407.467025
12870,3000,109418.373878
12258,3000,109429.372382
12656,3000,109440.128274
12346,3000,109450.696817
12382,3000,109461.055922
12490,3000,109471.93337
12756,3000,109483.312293
13058,3000,109494.277154
12830,3000,109505.567513
12326,3000,109516.287691
12386,3000,109527.731311
12484,3000,109538.485963
12612,3000,109557.127295
12394,3000,109567.999661
12614,3000,109578.792762
12322,3000,109589.865872
12654,3000,109600.847879
12250,3000,109611.461007
12636,3000,109622.532589
12694,3000,109633.101389
12576,3000,109643.519709
12154,3000,109654.216076
12452,3000,109664.860147
12498,3000,109675.953645
12506,3000,109686.958171
12406,3000,109697.495585
12398,3000,109708.683966
12496,3000,109719.037807
12482,3000,109729.457151
12568,3000,109739.916831
12788,3000,109750.838009
12508,3000,109761.479156
12742,3000,109772.429363
12448,3000,109783.242247
12488,3000,109793.825711
12520,3000,109804.30454
12472,3000,109815.240403
12624,3000,109826.319764
12332,3000,109837.524334
12730,3000,109848.964958
12294,3000,109859.246231
12494,3000,109870.093402
12472,3000,109881.449261
12420,3000,109892.151362
12518,3000,109903.192204
12482,3000,109913.982834
12556,3000,109925.154732
12866,3000,109935.950068
12550,3000,109946.598118
12388,3000,109956.791055
12448,3000,109967.863981
12630,3000,109978.439003
12614,3000,109988.757851
12362,3000,109999.251957
12720,3000,110009.935352
12618,3000,110020.998698
12620,3000,110031.62828
12780,3000,110042.239746
12394,3000,110053.514403
12848,3000,110064.579889
12778,3000,110075.45698
12236,3000,110086.140156
12536,3000,110097.442776
12684,3000,110108.26717
12448,3000,110119.300118
13120,3000,110130.427287
12724,3000,110141.181519
12314,3000,110152.165759
12630,3000,110163.319129
12572,3000,110174.688931
12430,3000,110185.672648
12490,3000,110196.144948
12400,3000,110207.081593
12240,3000,110217.926357
12614,3000,110228.642224
12596,3000,110238.888817
12646,3000,110249.603309
12274,3000,110260.391289
12906,3000,110271.004155
12618,3000,110289.509654
12686,3000,110300.372586
12594,3000,110311.267824
12654,3000,110321.78426
12600,3000,110332.681132
12752,3000,110343.812271
12524,3000,110354.056015
12788,3000,110364.603885
12954,3000,110375.863579
12232,3000,110385.862097
12552,3000,110396.547948
12842,3000,110407.898439
12754,3000,110419.107619
12702,3000,110429.662524
12662,3000,110440.466797
12732,3000,110451.248335
12468,3000,110462.279032
12368,3000,110473.264776
12796,3000,110484.243785
12936,3000,110494.684022
12442,3000,110505.47532
12416,3000,110516.268479
12510,3000,110527.343875
12668,3000,110538.206581
12766,3000,110548.65679
12386,3000,110559.709132
12476,3000,110570.200184
12434,3000,110580.520109
12586,3000,110591.3196
12816,3000,110602.418786
12742,3000,110613.125385
12548,3000,110623.78993
12662,3000,110634.321753
12658,3000,110645.031837
12666,3000,110656.225906
12664,3000,110666.606764
12562,3000,110677.151335
12404,3000,110687.824509
12536,3000,110698.413388
12274,3000,110709.229741
12468,3000,110719.740154
12626,3000,110730.755045
12338,3000,110741.189631
12856,3000,110752.417085
12396,3000,110762.818761
12606,3000,110773.345666
12420,3000,110783.998469
12346,3000,110794.929147
12428,3000,110805.879925
12484,3000,110817.058736
12080,3000,110827.661912
12420,3000,110838.639013
12746,3000,110849.418917
12382,3000,110859.558841
12596,3000,110870.621921
12488,3000,110881.475834
12666,3000,110892.193761
12728,3000,110903.028327
12560,3000,110913.697476
12456,3000,110924.400176
12520,3000,110935.200741
12276,3000,110945.761527
12326,3000,110956.58337
12226,3000,110967.594412
12622,3000,110978.516389
12570,3000,110989.057888
12374,3000,111007.729759
12328,3000,111018.348881
12462,3000,111029.376782
12522,3000,111039.81126
12358,3000,111050.152709
12566,3000,111060.479422
12870,3000,111071.43378
12602,3000,111082.402065
12256,3000,111093.02233
12672,3000,111103.664791
12392,3000,111114.402779
12508,3000,111125.133674
12484,3000,111135.517967
12820,3000,111146.041228
12764,3000,111156.487909
12790,3000,111167.490769
12616,3000,111178.27924
12644,3000,111189.084471
12528,3000,111200.263109
12338,3000,111211.20201
12666,3000,111221.792795
12322,3000,111232.455568
12434,3000,111243.058393
12666,3000,111254.034812
12524,3000,111264.9361
12352,3000,111275.952008
12772,3000,111286.677388
12756,3000,111297.740375
12496,3000,111309.423357
12698,3000,111320.315362
12402,3000,111331.189354
12684,3000,111342.271395
12662,3000,111353.584419
12354,3000,111364.244196
12522,3000,111375.143969
12464,3000,111385.681332
12744,3000,111396.285505
12724,3000,111407.3054
12752,3000,111418.362789
12442,3000,111429.226562
12518,3000,111439.646533
12656,3000,111450.759468
12544,3000,111461.876213
12538,3000,111472.772308
12424,3000,111483.363884
12838,3000,111494.545836
12550,3000,111505.549952
12456,3000,111516.132213
12388,3000,111527.34939
12524,3000,111537.896838
12750,3000,111548.602646
12730,3000,111559.397679
12176,3000,111569.600018
12528,3000,111580.669005
12562,3000,111591.504055
12372,3000,111602.069844
12708,3000,111613.331493
12504,3000,111624.051617
12316,3000,111635.246839
12842,3000,111646.279152
12880,3000,111657.343398
12716,3000,111668.228121
12368,3000,111678.513446
12312,3000,111688.970512
12746,3000,111700.151941
12418,3000,111711.021779
12640,3000,111720.661102
12508,3000,111738.128534
12476,3000,111747.750851
12622,3000,111757.597777
12264,3000,111767.285463
12300,3000,111777.123832
12630,3000,111786.858939
12828,3000,111797.306093
12732,3000,111807.739026
12476,3000,111817.608966
12526,3000,111827.663003
12020,3000,111837.751423
12366,3000,111847.492738
12490,3000,111857.825896
12798,3000,111866.996443
12738,3000,111877.025687
12452,3000,111886.99312
12368,3000,111896.88032
12726,3000,111907.08356
12652,3000,111916.880105
12608,3000,111926.68956
12930,3000,111936.286429
12564,3000,111946.641241
12860,3000,111956.51299
12478,3000,111966.347884
12752,3000,111976.216095
12202,3000,111985.836429
12978,3000,111996.029061
12552,3000,112006.64762
12500,3000,112016.228278
12456,3000,112026.217255
12820,3000,112036.299142
12534,3000,112046.34605
12822,3000,112056.228589
12382,3000,112066.502345
12524,3000,112076.036472
12794,3000,112085.674521
12518,3000,112095.078081
12534,3000,112104.387213
12576,3000,112113.983988
12640,3000,112124.543992
12428,3000,112134.102869
12762,3000,112143.683109
12488,3000,112153.580948
12294,3000,112163.261376
12572,3000,112172.926046
12250,3000,112182.273706
12928,3000,112192.312561
11990,3000,112202.276809
12652,3000,112211.575373
12492,3000,112221.302965
12424,3000,112231.489468
12610,3000,112241.255518
12684,3000,112251.15748
12438,3000,112261.032934
12472,3000,112271.159104
12510,3000,112280.785251
12396,3000,112290.724653
12554,3000,112300.592269
12908,3000,112310.863032
12404,3000,112320.391454
12724,3000,112330.039593
12580,3000,112340.101439
12422,3000,112349.881552
12440,3000,112359.634403
12448,3000,112369.57073
12408,3000,112379.414857
12534,3000,112388.945777
12656,3000,112405.928485
12720,3000,112415.994458
12448,3000,112425.77188
12676,3000,112435.36139
12214,3000,112444.976711
12376,3000,112454.890634
12880,3000,112465.020535
12592,3000,112474.452868
12872,3000,112484.325894
12738,3000,112493.883432
12500,3000,112503.903692
12210,3000,112514.039093
12930,3000,112523.575249
12866,3000,112533.42388
12208,3000,112543.067756
12494,3000,112552.76786
12342,3000,112563.128149
12520,3000,112572.822467
12654,3000,112582.454446
12470,3000,112592.278405
12382,3000,112602.227912
12544,3000,112611.592033
12644,3000,112621.284628
12382,3000,112630.928715
12866,3000,112640.689768
12534,3000,112650.626359
12468,3000,112659.989866
12404,3000,112669.622956
12574,3000,112679.659168
12568,3000,112689.656869
12618,3000,112699.373444
12544,3000,112708.755914
12502,3000,112717.842772
12538,3000,112727.868811
12530,3000,112737.772789
12536,3000,112747.274998
12260,3000,112757.721801
12428,3000,112767.940597
12868,3000,112777.975294
12230,3000,112787.903484
12518,3000,112797.472811
12824,3000,112806.786903
12182,3000,112816.687523
13086,3000,112827.760813
12376,3000,112837.951637
12596,3000,112848.176023
12832,3000,112857.642282
12646,3000,112868.0189
12562,3000,112878.255151
12488,3000,112888.824815
12524,3000,112898.959455
12816,3000,112908.782589
12624,3000,112918.413982
12698,3000,112928.430148
12722,3000,112938.338778
12506,3000,112947.980576
12728,3000,112957.921425
12716,3000,112967.609255
12884,3000,112977.353543
12512,3000,112987.181823
12352,3000,112996.520798
12392,3000,113005.902624
12366,3000,113015.627944
12460,3000,113025.697952
12544,3000,113035.253972
12726,3000,113044.910947
12622,3000,113062.001437
12678,3000,113071.434528
12478,3000,113080.991167
12670,3000,113091.0056
12488,3000,113101.009395
12822,3000,113111.452893
12200,3000,113121.16786
12546,3000,113130.801897
12566,3000,113140.554714
12588,3000,113150.75975
12804,3000,113160.396178
12806,3000,113170.465298
12458,3000,113180.126624
12762,3000,113190.014421
12616,3000,113200.124135
12650,3000,113209.694494
12264,3000,113219.632545
12466,3000,113229.226034
12578,3000,113239.076767
12560,3000,113249.060198
12292,3000,113259.188725
12392,3000,113269.277512
12138,3000,113278.791602
12740,3000,113288.459683
12412,3000,113298.008102
12822,3000,113307.620638
12826,3000,113317.767665
12216,3000,113327.318649
12396,3000,113336.976595
12842,3000,113346.613923
12568,3000,113356.873229
12588,3000,113366.524985
12754,3000,113376.526734
12626,3000,113386.559732
12504,3000,113396.108688
12808,3000,113406.386087
12664,3000,113416.239486
12610,3000,113426.300792
12932,3000,113436.336299
12530,3000,113446.47797
12166,3000,113456.053932
12708,3000,113465.613475
12282,3000,113475.208319
12612,3000,113484.772852
12426,3000,113494.819311
12512,3000,113504.690011
12760,3000,113514.313094
12596,3000,113524.11574
12604,3000,113533.920395
12236,3000,113543.929136
12696,3000,113553.670326
12316,3000,113563.356041
12384,3000,113572.978948
12478,3000,113582.672281
12648,3000,113591.698764
12588,3000,113601.10084
12646,3000,113611.375478
12502,3000,113621.446704
12516,3000,113630.500842
12362,3000,113640.628651
12536,3000,113650.405053
12626,3000,113659.68207
12460,3000,113669.364624
12676,3000,113679.575447
12322,3000,113689.681787
12710,3000,113699.717117
12232,3000,113710.009546
12310,3000,113727.449324
12364,3000,113737.308166
12354,3000,113746.889963
12458,3000,113756.589189
12242,3000,113766.391798
12468,3000,113776.074041
12634,3000,113785.513495
12200,3000,113795.283032
12296,3000,113805.070467
12420,3000,113814.837061
12684,3000,113824.489652
12804,3000,113834.179633
12474,3000,113843.361762
12320,3000,113853.64474
12862,3000,113864.021055
12672,3000,113874.475208
12156,3000,113884.239125
12642,3000,113894.133991
12404,3000,113904.149203
12872,3000,113913.895061
12800,3000,113924.051981
12524,3000,113934.0612
12350,3000,113943.838191
12710,3000,113953.729123
12192,3000,113963.738153
12432,3000,113973.509002
12548,3000,113983.203097
12546,3000,113993.000972
12532,3000,114002.43705
12974,3000,114011.923048
12334,3000,114021.985897
12794,3000,114031.760225
12688,3000,114041.51484
12434,3000,114051.585094
12928,3000,114061.3262
12564,3000,114070.787251
12448,3000,114081.01081
12614,3000,114091.340219
12480,3000,114101.420873
12220,3000,114110.710025
12594,3000,114119.951126
12520,3000,114129.260123
12508,3000,114138.952033
12166,3000,114148.378769
12800,3000,114158.245148
12962,3000,114168.337931
12602,3000,114178.362315
12340,3000,114187.589064
12416,3000,114197.356039
12606,3000,114206.99839
12486,3000,114217.224695
12518,3000,114227.131577
12928,3000,114236.716995
12766,3000,114246.100399
12932,3000,114256.054161
12932,3000,114265.810808
13066,3000,114275.198639
12804,3000,114285.135484
12576,3000,114294.761943
12566,3000,114304.684196
12636,3000,114314.917711
12374,3000,114324.57692
12344,3000,114334.579858
12568,3000,114344.917913
12756,3000,114354.836981
12432,3000,114364.975467
12252,3000,114374.32409
12346,3000,114391.070154
12512,3000,114400.693381
12796,3000,114410.117266
12526,3000,114420.099369
12686,3000,114429.698323
12182,3000,114439.38969
12352,3000,114448.948914
12640,3000,114458.448977
12496,3000,114468.265386
12688,3000,114478.430249
12522,3000,114488.765975
12372,3000,114498.436384
12528,3000,114508.191621
12560,3000,114517.880237
12484,3000,114528.081929
12566,3000,114537.669019
12850,3000,114548.17731
12588,3000,114557.830429
12208,3000,114567.681595
12810,3000,114577.951503
12710,3000,114587.475584
12222,3000,114597.45657
12948,3000,114607.55309
12436,3000,114617.834206
12532,3000,114627.721465
12800,3000,114637.508876
12902,3000,114647.53909
12860,3000,114656.980605
12960,3000,114667.437021
12712,3000,114677.378742
12300,3000,114686.668616
12598,3000,114696.386601
12432,3000,114706.348268
12910,3000,114716.279009
12810,3000,114726.699551
12450,3000,114736.375049
12550,3000,114746.141411
12342,3000,114756.080957
12764,3000,114766.499912
12354,3000,114775.778175
12640,3000,114785.180176
12640,3000,114795.398578
12552,3000,114805.311478
12716,3000,114814.913663
12388,3000,114825.001882
12264,3000,114834.614035
12658,3000,114844.109844
12634,3000,114854.613008
12364,3000,114863.954488
12688,3000,114873.665132
12346,3000,114883.486381
12756,3000,114893.601933
12664,3000,114903.093521
12670,3000,114913.006287
12750,3000,114923.118096
12750,3000,114933.032717
12872,3000,114942.365796
12824,3000,114952.332737
12040,3000,114962.069712
12442,3000,114972.132889
12390,3000,114982.250466
12212,3000,114991.877114
12566,3000,115001.923848
12820,3000,115011.772195
12616,3000,115021.854011
12456,3000,115031.76812
12686,3000,115048.68578
12472,3000,115058.489232
12422,3000,115068.21637
12492,3000,115077.89401
12562,3000,115088.178323
12518,3000,115097.667713
12984,3000,115107.421067
12156,3000,115117.255865
12656,3000,115126.969161
12600,3000,115136.648342
12606,3000,115146.618048
12632,3000,115156.346948
13026,3000,115166.143455
12564,3000,115176.052892
12486,3000,115186.228151
12360,3000,115196.040072
12554,3000,115205.941811
12734,3000,115215.567189
12590,3000,115225.396485
12356,3000,115234.931617
12920,3000,115244.55218
12598,3000,115254.110102
12588,3000,115264.145745
12542,3000,115273.560841
12518,3000,115283.824487
12794,3000,115293.372713
12788,3000,115303.716039
12504,3000,115313.191685
12324,3000,115323.244061
12676,3000,115332.743671
12620,3000,115342.780396
12298,3000,115352.12091
12676,3000,115362.107668
12576,3000,115371.307846
12594,3000,115381.271914
12928,3000,115391.075524
12478,3000,115400.028548
12572,3000,115409.443314
12374,3000,115419.164946
12502,3000,115428.861855
12484,3000,115438.120273
12468,3000,115447.166816
12680,3000,115456.992592
12838,3000,115467.449098
12488,3000,115477.017775
12516,3000,115486.765566
12444,3000,115496.140978
12662,3000,115506.050924
12568,3000,115516.212089
12616,3000,115526.525904
12750,3000,115536.00625
12566,3000,115545.752837
12540,3000,115555.240561
12478,3000,115564.943511
12520,3000,115574.604732
12172,3000,115584.296572
12342,3000,115594.136031
12982,3000,115604.299951
12702,3000,115614.398878
12360,3000,115624.02618
12650,3000,115633.824814
12362,3000,115643.293712
12376,3000,115652.809467
12498,3000,115662.631719
12666,3000,115672.63178
12332,3000,115681.752866
12582,3000,115692.038845
12496,3000,115709.183085
12744,3000,115718.972873
12354,3000,115728.676859
12318,3000,115737.717948
12130,3000,115747.691557
12472,3000,115757.021309
12464,3000,115766.829033
12352,3000,115776.834689
12682,3000,115786.686176
12508,3000,115795.981548
12764,3000,115805.514875
12496,3000,115815.444181
12444,3000,115825.221425
12664,3000,115835.355117
12304,3000,115845.686874
12616,3000,115854.706697
12666,3000,115864.351711
12492,3000,115874.217959
12620,3000,115883.782256
12290,3000,115893.461684
12576,3000,115903.223711
12450,3000,115912.857742
12744,3000,115923.016346
12504,3000,115932.769446
12592,3000,115942.742296
12600,3000,115952.368354
12750,3000,115962.29464
12318,3000,115972.160528
12282,3000,115982.134454
12510,3000,115991.887878
12342,3000,116001.342467
12526,3000,116011.05973
12276,3000,116020.666856
12650,3000,116030.642998
12688,3000,116040.900323
12818,3000,116050.744696
12766,3000,116060.452479
12738,3000,116070.322262
12942,3000,116079.791672
12410,3000,116089.286794
12550,3000,116099.664073
12584,3000,116109.914254
12880,3000,116119.680178
12248,3000,116129.404446
12494,3000,116139.241704
12378,3000,116149.640198
12284,3000,116158.955125
12636,3000,116168.909958
12424,3000,116178.458358
12530,3000,116188.202616
12648,3000,116198.429018
12454,3000,116208.704334
12802,3000,116218.90764
12908,3000,116228.870255
12256,3000,116239.386602
12766,3000,116249.511252
12660,3000,116258.915404
12680,3000,116268.446688
12774,3000,116278.115248
12636,3000,116287.930318
12508,3000,116297.737942
12456,3000,116307.57515
12656,3000,116317.352731
12662,3000,116327.52189
12196,3000,116336.914438
12508,3000,116346.606682
12522,3000,116356.39809
12382,3000,116373.40314
12590,3000,116382.699692
12706,3000,116392.567003
12790,3000,116402.432837
12716,3000,116412.553813
12688,3000,116422.245807
12686,3000,116432.211682
12592,3000,116441.806492
12670,3000,116451.828306
12186,3000,116461.438474
12560,3000,116471.255166
12602,3000,116481.224184
12486,3000,116491.091846
12636,3000,116500.804997
12916,3000,116510.738688
12582,3000,116520.862266
12584,3000,116530.512153
12534,3000,116540.800941
12372,3000,116550.286573
12768,3000,116559.762886
12620,3000,116569.392887
12350,3000,116579.257518
12410,3000,116589.120666
12332,3000,116598.78022
12272,3000,116608.004336
12716,3000,116617.372541
12580,3000,116627.604717
12512,3000,116637.544014
12682,3000,116647.109799
12820,3000,116657.559104
12712,3000,116667.513709
12598,3000,116677.601947
12634,3000,116687.333584
12702,3000,116697.368633
12774,3000,116706.985576
12512,3000,116716.78092
12612,3000,116726.245616
12832,3000,116736.332048
12262,3000,116745.279892
12552,3000,116754.7174
12442,3000,116764.267551
12760,3000,116773.746144
12704,3000,116783.504029
12714,3000,116792.959728
12468,3000,116802.494794
12632,3000,116812.480406
12588,3000,116822.540805
12752,3000,116832.529522
12788,3000,116842.966855
12440,3000,116853.039895
12576,3000,116862.927849
12494,3000,116873.159379
12218,3000,116882.983532
12802,3000,116892.70026
12404,3000,116902.376186
12384,3000,116912.324692
12390,3000,116921.769529
12568,3000,116931.557973
12492,3000,116941.963058
12972,3000,116951.976604
12538,3000,116961.148442
12762,3000,116971.103457
12592,3000,116980.689584
12678,3000,116990.388595
12778,3000,117000.464992
12206,3000,117010.514017
12500,3000,117027.292815
12380,3000,117037.326084
12926,3000,117047.303941
12690,3000,117057.012904
12738,3000,117066.419815
12326,3000,117076.288702
12642,3000,117086.463166
12754,3000,117096.191683
12500,3000,117105.905422
12036,3000,117115.545887
12516,3000,117125.745054
12244,3000,117134.85907
12560,3000,117144.555335
12600,3000,117154.23809
12834,3000,117163.994035
12728,3000,117174.043782
12734,3000,117183.956431
12836,3000,117194.122662
12452,3000,117203.768234
12304,3000,117213.493871
12664,3000,117223.174122
12888,3000,117233.229639
12708,3000,117242.632741
12744,3000,117251.961344
12388,3000,117261.722846
12440,3000,117271.493924
12562,3000,117281.035661
12676,3000,117291.028165
12772,3000,117300.705582
12572,3000,117310.749293
12692,3000,117320.355118
12598,3000,117330.422817
12670,3000,117340.160881
12364,3000,117349.872171
13066,3000,117360.233941
12698,3000,117370.580961
12632,3000,117381.199769
12674,3000,117390.657803
12856,3000,117400.064192
12838,3000,117409.71296
12556,3000,117419.054187
12770,3000,117429.174389
12266,3000,117438.937656
12426,3000,117448.639425
12512,3000,117458.179735
12570,3000,117468.048873
12640,3000,117477.389945
12552,3000,117486.667305
12404,3000,117496.376269
12890,3000,117506.2625
12922,3000,117516.214122
12518,3000,117525.605462
12534,3000,117535.096932
12576,3000,117544.958232
12688,3000,117555.235196
12682,3000,117565.080813
12850,3000,117574.684802
12756,3000,117584.54565
12718,3000,117594.012356
12588,3000,117603.596252
12878,3000,117613.257442
12778,3000,117623.386689
12264,3000,117633.259089
12392,3000,117643.647398
12556,3000,117653.236305
12592,3000,117662.729239
12724,3000,117672.551871
12876,3000,117689.490463
12422,3000,117698.624883
12224,3000,117707.929578
12468,3000,117717.733079
12574,3000,117726.894232
12412,3000,117736.595958
12696,3000,117746.16039
12508,3000,117755.345807
12646,3000,117765.084676
12680,3000,117774.913311
12538,3000,117784.061781
12542,3000,117793.402091
12520,3000,117803.471944
12824,3000,117813.505375
12594,3000,117822.950368
12420,3000,117832.586398
12440,3000,117841.871564
12296,3000,117851.361777
12344,3000,117861.139641
12432,3000,117870.519602
12530,3000,117880.12612
12768,3000,117889.911546
12356,3000,117899.377036
12600,3000,117909.534749
12450,3000,117919.188144
12712,3000,117928.944861
12870,3000,117938.712643
12354,3000,117948.293788
12748,3000,117957.757841
12578,3000,117967.837462
12586,3000,117978.201015
12702,3000,117987.97604
12586,3000,117997.485849
12768,3000,118007.330803
12480,3000,118016.426036
12838,3000,118025.885689
12244,3000,118035.736937
12558,3000,118045.685653
12574,3000,118055.609569
12772,3000,118065.990516
12148,3000,118074.959203
12560,3000,118084.633091
12652,3000,118093.718849
12702,3000,118103.65279
12846,3000,118113.259632
12736,3000,118123.185822
12468,3000,118132.991299
12504,3000,118142.824854
12386,3000,118152.351168
12402,3000,118161.69266
13002,3000,118171.712004
12712,3000,118181.667558
12504,3000,118191.395075
12620,3000,118201.575463
12710,3000,118211.618513
12634,3000,118221.430174
12732,3000,118231.261279
12758,3000,118241.432334
12346,3000,118251.004135
12618,3000,118261.213988
12848,3000,118270.562403
12670,3000,118280.407274
12682,3000,118289.804026
12938,3000,118299.696187
12656,3000,118309.737282
12388,3000,118319.401517
12688,3000,118329.348202
12312,3000,118346.653711
13146,3000,118356.888923
12456,3000,118366.357662
12714,3000,118376.795542
12476,3000,118386.201998
12806,3000,118395.348361
12950,3000,118405.274232
13130,3000,118415.443377
12570,3000,118424.880946
12322,3000,118434.437577
12546,3000,118444.651469
12514,3000,118454.575395
12270,3000,118463.986541
12506,3000,118473.617118
12214,3000,118483.352303
12640,3000,118493.089276
12278,3000,118502.793307
12564,3000,118512.151572
12582,3000,118522.351465
12316,3000,118532.020792
12896,3000,118542.086457
12458,3000,118551.922958
12250,3000,118561.603341
12464,3000,118571.292205
12500,3000,118581.188007
12688,3000,118591.12885
12776,3000,118600.71427
12398,3000,118610.324509
12476,3000,118619.843136
12686,3000,118629.612374
12374,3000,118638.94966
12886,3000,118647.99068
12562,3000,118657.013553
12426,3000,118665.917126
12706,3000,118674.947818
12784,3000,118684.466204
12284,3000,118693.496356
12946,3000,118702.179376
12748,3000,118711.039784
12700,3000,118720.122743
12510,3000,118729.233959
12996,3000,118738.4849
12842,3000,118747.668857
12364,3000,118757.087099
12504,3000,118765.503807
12446,3000,118774.295767
12520,3000,118782.913035
12400,3000,118792.306161
12408,3000,118801.023353
12482,3000,118809.999528
12248,3000,118818.995456
12716,3000,118827.830905
12414,3000,118837.18568
12624,3000,118846.127603
12510,3000,118855.114879
12308,3000,118864.459734
12268,3000,118873.217546
12612,3000,118882.597476
12746,3000,118891.610942
12874,3000,118900.643264
12872,3000,118909.750694
12380,3000,118918.361309
12328,3000,118927.701855
12548,3000,118936.512057
12926,3000,118945.361565
12586,3000,118954.400271
12856,3000,118969.900735
12548,3000,118979.172616
12348,3000,118988.329563
12572,3000,118997.250249
12620,3000,119006.09314
12284,3000,119014.912074
12842,3000,119023.930827
12804,3000,119032.992041
12786,3000,119041.893121
12728,3000,119050.938694
12332,3000,119059.783112
12734,3000,119068.793287
12942,3000,119078.01406
12758,3000,119087.237591
12418,3000,119095.953608
12708,3000,119105.16105
12562,3000,119114.173733
12766,3000,119123.186118
12472,3000,119132.197123
12378,3000,119141.484238
12692,3000,119150.926882
12422,3000,119159.917357
12706,3000,119168.957899
12352,3000,119178.219254
12648,3000,119187.502461
12684,3000,119197.108891
12570,3000,119206.601666
12356,3000,119215.148598
12896,3000,119224.102308
12320,3000,119233.102252
12706,3000,119242.316166
12644,3000,119251.147734
12900,3000,119260.77357
12642,3000,119269.725913
12536,3000,119278.860693
12374,3000,119287.95397
12900,3000,119296.749105
12626,3000,119306.123669
12814,3000,119314.999551
12752,3000,119324.084244
12734,3000,119333.135441
12812,3000,119342.233993
12768,3000,119351.451895
12754,3000,119360.602307
12530,3000,119369.603481
12330,3000,119378.777495
12822,3000,119388.318726
12586,3000,119397.543139
12356,3000,119406.558065
12638,3000,119415.719564
12544,3000,119424.506638
12516,3000,119433.409036
12456,3000,119442.330186
12444,3000,119451.318124
12276,3000,119459.992912
12380,3000,119468.602385
12480,3000,119477.288133
12250,3000,119486.394619
12870,3000,119495.054245
12724,3000,119503.981777
12468,3000,119512.92484
12862,3000,119522.087682
12686,3000,119531.140641
12802,3000,119540.158696
12674,3000,119548.750495
12776,3000,119557.774805
12556,3000,119566.41579
12696,3000,119582.466782
12640,3000,119591.776949
12788,3000,119601.202514
12294,3000,119610.074327
12510,3000,119618.835756
12830,3000,119627.992581
12650,3000,119636.979338
12502,3000,119646.078714
12394,3000,119655.315552
12868,3000,119664.750792
12646,3000,119673.921614
12500,3000,119682.980874
12598,3000,119691.94248
12948,3000,119700.736587
12740,3000,119709.744449
12644,3000,119718.673498
12552,3000,119727.911327
12810,3000,119737.021816
12564,3000,119745.773322
12342,3000,119754.609404
12378,3000,119763.85631
12612,3000,119773.01384
12414,3000,119781.789546
12404,3000,119790.546776
12586,3000,119799.50861
12722,3000,119808.935185
12758,3000,119817.876448
12510,3000,119826.536805
12620,3000,119835.56985
12790,3000,119844.310477
12768,3000,119853.660259
12266,3000,119862.581061
12676,3000,119871.898163
12362,3000,119881.004768
12758,3000,119890.125775
12576,3000,119899.073562
12768,3000,119907.8314
12496,3000,119916.984069
12660,3000,119926.330333
12390,3000,119935.401669
12492,3000,119944.613584
12730,3000,119953.869321
12396,3000,119962.749605
12894,3000,119971.90411
12622,3000,119980.791596
12666,3000,119989.709866
12710,3000,119998.591154
12438,3000,120007.766112
12836,3000,120016.713082
12718,3000,120025.878352
12598,3000,120034.849569
12250,3000,120043.601835
12864,3000,120052.823176
12394,3000,120061.765253
12516,3000,120070.919354
12596,3000,120079.726795
12644,3000,120088.694044
12646,3000,120097.715762
12506,3000,120107.029418
12728,3000,120116.001293
12670,3000,120125.311458
12674,3000,120134.45341
12656,3000,120143.335704
12466,3000,120152.624555
12248,3000,120161.320388
12420,3000,120170.179414
12770,3000,120179.4862
12370,3000,120194.859477
12886,3000,120204.004055
12484,3000,120213.001907
12728,3000,120222.168152
13024,3000,120231.328464
12830,3000,120240.777218
12650,3000,120249.621395
12550,3000,120258.546992
12416,3000,120267.483838
12546,3000,120276.217215
12520,3000,120285.24731
12596,3000,120294.579278
12744,3000,120303.393222
12306,3000,120312.101258
12440,3000,120320.952654
12590,3000,120329.608812
12498,3000,120339.098549
12622,3000,120348.644743
12566,3000,120357.8655
12462,3000,120367.324564
12690,3000,120376.221187
12920,3000,120385.508135
12616,3000,120394.869226
12544,3000,120404.099905
12802,3000,120413.224302
12812,3000,120422.303952
12634,3000,120431.54059
12570,3000,120440.62034
12600,3000,120449.742756
12382,3000,120458.540064
12944,3000,120467.82268
12592,3000,120477.402298
12894,3000,120486.500439
12734,3000,120495.379085
12664,3000,120504.303344
12628,3000,120513.131001
12696,3000,120522.441034
12634,3000,120531.587343
12382,3000,120540.624474
12190,3000,120549.478697
12746,3000,120559.054504
12502,3000,120568.051151
12670,3000,120577.263556
12958,3000,120586.260693
12954,3000,120595.615115
12524,3000,120604.592029
12856,3000,120613.709209
12662,3000,120622.640175
12640,3000,120631.87514
12710,3000,120641.163485
12680,3000,120650.248218
12906,3000,120659.546467
12656,3000,120668.708377
12662,3000,120678.13767
12482,3000,120687.272137
12548,3000,120696.687815
12446,3000,120705.647041
12268,3000,120714.635919
12526,3000,120723.464077
12570,3000,120732.259664
12876,3000,120741.392694
12780,3000,120750.700929
12230,3000,120759.75052
12496,3000,120768.7093
12610,3000,120777.872455
12734,3000,120786.811885
12542,3000,120802.452746
12576,3000,120811.470461
12666,3000,120820.556175
12630,3000,120829.680279
12420,3000,120838.726935
12812,3000,120847.809464
12696,3000,120857.046299
12372,3000,120866.065617
12624,3000,120875.419358
12650,3000,120884.608797
12578,3000,120893.426747
12784,3000,120902.55253
12896,3000,120911.628243
12834,3000,120920.750857
12492,3000,120929.497504
12850,3000,120938.539038
12586,3000,120947.891556
12706,3000,120957.005234
12324,3000,120965.89133
12620,3000,120974.763812
12210,3000,120983.935742
12502,3000,120992.707593
12522,3000,121001.912882
13268,3000,121011.049381
12140,3000,121019.8463
12886,3000,121028.838354
12690,3000,121037.80374
12542,3000,121046.72639
12322,3000,121055.988653
12762,3000,121064.845621
12806,3000,121073.872707
12642,3000,121083.367744
12310,3000,121092.257708
12760,3000,121101.07804
12748,3000,121110.552368
12628,3000,121120.144715
12292,3000,121128.683722
12474,3000,121137.97715
12700,3000,121147.062782
12574,3000,121156.324203
12868,3000,121165.504938
12630,3000,121174.556998
12618,3000,121183.954887
12830,3000,121192.755208
12600,3000,121201.359008
12430,3000,121210.444236
12088,3000,121219.347471
12376,3000,121228.307987
12506,3000,121236.982004
12730,3000,121246.082452
12372,3000,121255.287743
12946,3000,121264.839781
12600,3000,121273.842374
12618,3000,121282.941167
12452,3000,121291.754668
12454,3000,121300.5877
12888,3000,121309.637625
12742,3000,121318.909529
12850,3000,121328.208667
12606,3000,121336.87572
12404,3000,121345.808049
12712,3000,121355.120419
12484,3000,121363.845694
12564,3000,121372.772375
12460,3000,121381.921884
12464,3000,121390.904878
12560,3000,121399.715829
13210,3000,121415.780892
12612,3000,121424.567087
12762,3000,121433.425991
12606,3000,121442.242509
12880,3000,121451.760516
12524,3000,121460.950197
12506,3000,121470.000463
12628,3000,121479.30906
12354,3000,121488.577052
12448,3000,121496.988325
12762,3000,121506.351182
12902,3000,121515.334152
12502,3000,121524.143138
12482,3000,121532.886098
12538,3000,121541.592001
12806,3000,121551.093432
12072,3000,121560.092168
12464,3000,121569.192839
12708,3000,121578.656324
12720,3000,121588.160485
12592,3000,121597.36886
12574,3000,121606.582388
12198,3000,121615.728559
12402,3000,121624.753416
12546,3000,121633.79593
12864,3000,121642.755654
12164,3000,121651.709365
12494,3000,121660.483244
12516,3000,121669.457523
12658,3000,121678.56253
12398,3000,121687.13144
12656,3000,121696.309846
12588,3000,121705.751535
12550,3000,121714.982876
12396,3000,121723.795954
12498,3000,121732.830482
12568,3000,121741.563645
12532,3000,121750.267037
12486,3000,121759.155395
12782,3000,121768.378127
12098,3000,121777.168974
12598,3000,121786.031384
12382,3000,121795.3317
12818,3000,121804.070377
12570,3000,121813.451544
12576,3000,121822.464077
12478,3000,121831.466356
12948,3000,121840.361711
12648,3000,121849.352158
12454,3000,121858.687239
12852,3000,121867.740615
12762,3000,121877.074557
12764,3000,121885.929415
12442,3000,121894.518437
12490,3000,121903.646145
12720,3000,121912.644168
12534,3000,121921.36373
12308,3000,121930.249367
12326,3000,121938.943372
12692,3000,121948.007513
12400,3000,121956.798337
12458,3000,121965.525524
12482,3000,121974.466659
12846,3000,121983.638062
12964,3000,121992.822545
12502,3000,122002.114599
12850,3000,122011.111879
12728,3000,122026.332472
12214,3000,122034.985921
12476,3000,122043.865154
12690,3000,122053.05201
12428,3000,122061.697602
12672,3000,122070.91482
12646,3000,122080.223974
12576,3000,122089.233264
12584,3000,122098.338077
12304,3000,122107.316583
12808,3000,122116.811413
12340,3000,122125.77789
12778,3000,122134.902404
12490,3000,122143.880216
12608,3000,122152.955111
12610,3000,122162.037714
12540,3000,122171.100909
12532,3000,122179.803334
12706,3000,122188.503161
12476,3000,122197.294412
12574,3000,122206.298538
12702,3000,122215.22376
12580,3000,122223.875124
12552,3000,122232.60061
12472,3000,122241.798524
12460,3000,122250.588534
12568,3000,122259.805275
12246,3000,122268.742806
12792,3000,122277.930328
12318,3000,122287.17971
12594,3000,122296.431992
12726,3000,122305.772386
12524,3000,122314.781407
12496,3000,122324.178591
12602,3000,122333.074198
12758,3000,122341.871282
12294,3000,122350.597429
12802,3000,122359.732411
12492,3000,122368.355145
12604,3000,122377.396244
12316,3000,122386.282559
12436,3000,122395.328102
12774,3000,122404.248176
12962,3000,122414.047434
12790,3000,122422.844867
12742,3000,122431.983909
12690,3000,122440.810923
12256,3000,122450.227628
12640,3000,122459.232913
12394,3000,122468.38126
12680,3000,122477.433156
12302,3000,122486.42342
12774,3000,122495.731662
12500,3000,122504.52916
12790,3000,122513.408792
12584,3000,122522.211672
12664,3000,122531.423355
12516,3000,122540.289255
12518,3000,122549.25791
12544,3000,122557.950266
12582,3000,122566.81601
12810,3000,122575.817253
12782,3000,122584.695677
12420,3000,122593.79635
12688,3000,122603.219237
12744,3000,122612.400419
12558,3000,122627.72105
12508,3000,122636.588018
12488,3000,122645.63159
12678,3000,122654.912083
12640,3000,122663.910566
12382,3000,122672.854624
12562,3000,122682.247493
12806,3000,122691.449133
12592,3000,122700.576434
12690,3000,122709.815467
12770,3000,122719.172653
12758,3000,122728.259197
12392,3000,122737.293524
12524,3000,122746.172792
12448,3000,122755.280414
12592,3000,122764.500061
12810,3000,122773.359092
12562,3000,122782.388208
12542,3000,122791.28572
12970,3000,122800.435981
12492,3000,122809.369507
12520,3000,122818.263499
12534,3000,122827.644723
12784,3000,122836.894173
12746,3000,122846.235434
12562,3000,122855.418039
12970,3000,122864.232447
12600,3000,122873.259367
12692,3000,122882.407863
12794,3000,122891.194126
12600,3000,122900.278595
12786,3000,122908.987552
12326,3000,122917.590323
12630,3000,122926.327535
12736,3000,122934.732185
12284,3000,122943.739642
12612,3000,122952.441155
12686,3000,122961.080538
12354,3000,122969.537908
12834,3000,122978.576975
12640,3000,122987.357034
12732,3000,122996.12103
12612,3000,123004.747288
12650,3000,123013.445719
12680,3000,123022.289017
12412,3000,123030.652388
12682,3000,123039.152793
12786,3000,123048.080253
12714,3000,123056.488159
12598,3000,123065.566791
12612,3000,123074.086158
12612,3000,123082.73303
12526,3000,123091.436923
12842,3000,123100.206952
12724,3000,123109.274037
12276,3000,123117.534094
12734,3000,123126.374008
12828,3000,123135.37569
12330,3000,123143.667851
12864,3000,123152.510149
12846,3000,123161.421534
12496,3000,123169.797232
12706,3000,123178.544232
12526,3000,123187.244456
12842,3000,123195.701239
12434,3000,123204.352786
12720,3000,123213.214818
12708,3000,123228.235437
12368,3000,123236.958871
12574,3000,123245.847888
12574,3000,123254.927052
12556,3000,123263.496584
12600,3000,123272.003607
12340,3000,123280.541176
12558,3000,123289.497167
12804,3000,123298.163526
12352,3000,123306.756376
12560,3000,123315.376429
12230,3000,123323.715624
12664,3000,123331.962985
12516,3000,123340.588263
12666,3000,123349.08914
12568,3000,123357.987586
12890,3000,123366.717601
12476,3000,123375.524618
12320,3000,123383.883596
12444,3000,123392.856002
12464,3000,123401.818659
12592,3000,123410.323575
12724,3000,123418.93144
12672,3000,123427.90534
12658,3000,123436.288612
12426,3000,123445.31299
12498,3000,123453.829717
12742,3000,123462.365731
12530,3000,123471.146924
12114,3000,123479.546996
12490,3000,123488.268652
12640,3000,123497.072469
12870,3000,123505.616831
12620,3000,123514.832568
12586,3000,123523.376129
12490,3000,123532.239755
12472,3000,123540.943626
12584,3000,123549.646362
12568,3000,123557.997075
12534,3000,123566.200319
12526,3000,123575.22598
12328,3000,123583.491699
12600,3000,123592.00174
12396,3000,123600.525323
12784,3000,123609.69539
12384,3000,123618.474265
12712,3000,123627.189199
12934,3000,123636.022564
12320,3000,123644.761128
12438,3000,123653.492667
12324,3000,123661.800112
12674,3000,123670.576
12756,3000,123679.395667
12470,3000,123687.902824
12782,3000,123696.695449
12536,3000,123705.235795
12342,3000,123714.098108
12766,3000,123723.022905
12394,3000,123731.746922
12350,3000,123740.194476
12654,3000,123749.137628
12510,3000,123757.818119
12644,3000,123766.486876
12818,3000,123775.475352
12614,3000,123784.190697
12624,3000,123792.764023
12560,3000,123801.562324
12590,3000,123816.524791
12392,3000,123825.309101
12788,3000,123834.362301
12354,3000,123842.975204
12482,3000,123851.350909
12664,3000,123860.049978
12596,3000,123868.663394
12274,3000,123877.365822
12456,3000,123885.964312
12912,3000,123894.790161
12580,3000,123903.581179
12762,3000,123912.240566
12548,3000,123920.839105
12648,3000,123928.974768
12404,3000,123937.718381
12754,3000,123946.733301
12818,3000,123955.477689
12444,3000,123964.250615
12696,3000,123973.152639
12630,3000,123981.711247
12334,3000,123990.715898
12600,3000,123999.448135
12710,3000,124007.939459
12502,3000,124016.352758
12530,3000,124025.074533
12782,3000,124033.808716
12550,3000,124042.536265
12434,3000,124051.202905
12404,3000,124059.32846
12564,3000,124067.806862
12828,3000,124076.205816
12394,3000,124084.6994
12750,3000,124092.974487
12704,3000,124101.472804
12382,3000,124109.805179
12692,3000,124118.488863
12596,3000,124126.82937
12844,3000,124135.320027
12728,3000,124143.499625
12486,3000,124151.790811
12576,3000,124160.452085
12632,3000,124168.694898
12400,3000,124177.42992
12686,3000,124185.897418
12306,3000,124194.249032
12418,3000,124202.647156
12454,3000,124211.201068
12582,3000,124219.598999
12422,3000,124227.858536
12778,3000,124236.013687
12446,3000,124244.307241
12442,3000,124252.323373
12636,3000,124260.821173
12824,3000,124269.517473
12564,3000,124278.126153
12488,3000,124286.976643
12084,3000,124295.680638
12544,3000,124304.412401
12636,3000,124312.747961
12692,3000,124321.247651
12822,3000,124329.848925
12768,3000,124338.133873
12904,3000,124346.334349
12282,3000,124354.681577
12450,3000,124362.893857
12548,3000,124371.142225
12712,3000,124385.42116
12388,3000,124393.434876
12674,3000,124401.634569
12766,3000,124410.27665
12784,3000,124419.002916
12690,3000,124427.080192
12668,3000,124435.53339
12778,3000,124443.756561
12462,3000,124452.212873
12908,3000,124460.644596
12704,3000,124469.32706
12834,3000,124477.329153
12868,3000,124485.721399
12760,3000,124494.501407
12560,3000,124502.585545
12444,3000,124511.486194
12822,3000,124519.988457
12478,3000,124528.748116
12682,3000,124536.785661
12498,3000,124545.088588
12610,3000,124553.344021
12646,3000,124561.399345
12742,3000,124570.242494
12752,3000,124578.726285
12432,3000,124587.119258
12846,3000,124595.550541
12960,3000,124604.140229
12744,3000,124612.395115
12312,3000,124620.778931
12618,3000,124629.503499
12572,3000,124638.091513
12848,3000,124646.651743
12824,3000,124655.31073
12732,3000,124663.798882
12616,3000,124672.24701
12494,3000,124680.486553
12458,3000,124688.714301
12454,3000,124696.696232
12566,3000,124704.979705
12152,3000,124713.466508
12422,3000,124722.164266
12736,3000,124730.541153
12396,3000,124738.541985
12510,3000,124746.835541
12880,3000,124755.449684
12550,3000,124763.990239
12366,3000,124772.528859
12442,3000,124781.010531
12738,3000,124789.091911
12632,3000,124797.514754
12382,3000,124805.829253
12608,3000,124814.257353
12866,3000,124822.541551
12712,3000,124830.797828
12504,3000,124838.911996
12822,3000,124847.365319
12610,3000,124855.632495
12748,3000,124863.778065
12676,3000,124871.889897
12348,3000,124880.112236
13094,3000,124889.238483
12644,3000,124898.075387
12716,3000,124906.204367
12186,3000,124914.464525
12742,3000,124922.813639
12376,3000,124930.999499
12412,3000,124939.234679
12294,3000,124953.491078
12672,3000,124961.838211
12816,3000,124970.725719
12600,3000,124979.300308
12660,3000,124987.387028
12332,3000,124995.727587
12624,3000,125004.217554
13080,3000,125012.964821
12836,3000,125021.742654
12710,3000,125030.267757
12812,3000,125038.650293
12464,3000,125047.037321
12508,3000,125055.394298
12720,3000,125063.432156
12740,3000,125072.128791
12856,3000,125080.447815
12666,3000,125088.486378
12444,3000,125096.652756
12462,3000,125105.346531
12252,3000,125113.92457
12656,3000,125122.394074
12608,3000,125130.522201
12438,3000,125138.752241
12264,3000,125146.926561
12488,3000,125155.266279
12846,3000,125163.73783
12894,3000,125172.520216
12484,3000,125180.833483
12640,3000,125189.071133
12490,3000,125197.855141
12176,3000,125206.073517
12546,3000,125214.292182
12576,3000,125222.870376
12660,3000,125231.681859
12614,3000,125240.175738
12830,3000,125248.528949
13124,3000,125256.715274
12550,3000,125265.246986
12770,3000,125273.710784
12372,3000,125281.968117
12574,3000,125289.738337
12854,3000,125298.339958
12894,3000,125306.533827
12684,3000,125314.613806
12500,3000,125322.735644
12592,3000,125331.265121
12606,3000,125339.591473
12678,3000,125347.64508
12338,3000,125356.106327
12628,3000,125364.411736
12604,3000,125372.499254
12744,3000,125381.328444
12650,3000,125389.507117
12656,3000,125398.076678
12540,3000,125406.633604
12878,3000,125415.120958
12234,3000,125423.788723
12736,3000,125432.03497
12266,3000,125440.437135
12578,3000,125448.716999
12456,3000,125457.168468
12822,3000,125465.816636
12386,3000,125473.89747
12526,3000,125482.210459
12572,3000,125490.754708
12520,3000,125499.098858
12442,3000,125507.161838
12508,3000,125521.689766
12494,3000,125530.153476
12582,3000,125538.426412
12754,3000,125547.068192
12594,3000,125555.645711
12544,3000,125563.965041
12506,3000,125573.259669
12938,3000,125581.466292
12806,3000,125589.747183
12706,3000,125598.115155
12602,3000,125606.769474
12420,3000,125614.932009
12716,3000,125623.496834
12150,3000,125631.856619
12442,3000,125640.187707
12366,3000,125648.576593
12710,3000,125656.845391
12800,3000,125665.322278
12390,3000,125673.741502
12564,3000,125681.991253
12732,3000,125690.558993
12672,3000,125698.955272
12662,3000,125707.653768
12764,3000,125716.098787
12956,3000,125724.563721
12428,3000,125733.031807
12616,3000,125741.383818
12590,3000,125749.843985
12586,3000,125758.470204
12626,3000,125766.454771
12750,3000,125774.721003
12528,3000,125783.046064
12864,3000,125791.70489
12696,3000,125799.769407
12768,3000,125808.031843
12616,3000,125816.803005
12622,3000,125825.169499
12548,3000,125833.319769
12308,3000,125841.790104
12398,3000,125849.975188
12690,3000,125858.810807
12564,3000,125867.13113
12550,3000,125875.507266
12646,3000,125884.229998
12906,3000,125892.711814
12644,3000,125901.087425
12584,3000,125909.084653
12762,3000,125917.765628
12464,3000,125925.866638
12458,3000,125934.29354
12272,3000,125942.593384
12540,3000,125950.814396
12698,3000,125959.125432
12274,3000,125967.480821
12740,3000,125975.948352
12418,3000,125983.791084
12622,3000,125992.023237
12552,3000,126000.548968
12464,3000,126009.071314
12814,3000,126017.190227
12762,3000,126025.531301
12358,3000,126033.67134
12564,3000,126042.424541
12560,3000,126050.729794
12476,3000,126058.971496
12658,3000,126067.342182
12086,3000,126081.717527
12708,3000,126089.907775
12630,3000,126098.26035
12512,3000,126107.017736
12318,3000,126115.376914
12768,3000,126123.924423
12998,3000,126132.536397
12558,3000,126140.675962
12606,3000,126149.070446
12286,3000,126157.662421
12662,3000,126165.895172
12920,3000,126174.38371
12332,3000,126182.424315
12464,3000,126190.50256
12502,3000,126199.287738
12720,3000,126207.927674
12418,3000,126216.445086
12786,3000,126224.807205
12506,3000,126233.252299
12480,3000,126241.455505
12518,3000,126249.733602
12804,3000,126258.092848
12504,3000,126266.244368
12578,3000,126274.837849
12932,3000,126283.304787
12660,3000,126291.813062
12828,3000,126300.0631
12364,3000,126308.223675
12696,3000,126316.554796
12766,3000,126325.316046
12688,3000,126334.056069
12656,3000,126342.428904
12842,3000,126350.845263
12604,3000,126359.120713
12434,3000,126367.439185
12284,3000,126375.668931
12328,3000,126383.815507
12678,3000,126392.235543
13108,3000,126401.132529
12414,3000,126409.606787
12126,3000,126417.640676
12590,3000,126425.934767
12366,3000,126434.266148
12262,3000,126442.219171
12428,3000,126450.468036
12570,3000,126458.622792
12444,3000,126467.118287
12922,3000,126475.544298
12586,3000,126483.985806
12378,3000,126492.87288
12208,3000,126501.087742
12484,3000,126509.583502
12442,3000,126518.278886
12484,3000,126526.936025
12998,3000,126535.531893
12578,3000,126543.763698
12608,3000,126552.078491
12584,3000,126560.644521
12768,3000,126568.984511
12480,3000,126577.675105
12734,3000,126585.570369
12624,3000,126593.980961
12438,3000,126602.652318
12402,3000,126611.371236
12538,3000,126619.982544
12414,3000,126628.30706
12462,3000,126636.757265
12872,3000,126651.641239
12736,3000,126660.446028
13088,3000,126668.895619
12458,3000,126677.299842
12458,3000,126685.497591
12480,3000,126693.807266
12708,3000,126702.20746
12724,3000,126710.403081
12620,3000,126719.109939
12584,3000,126727.639941
12390,3000,126736.192863
12522,3000,126744.639175
12532,3000,126753.301923
12540,3000,126761.506571
12696,3000,126769.943862
12602,3000,126778.072145
12420,3000,126786.274936
12464,3000,126794.719144
12948,3000,126802.887225
12314,3000,126811.448668
12262,3000,126819.820258
12692,3000,126828.328334
12836,3000,126836.367619
12924,3000,126844.963097
12524,3000,126853.429853
12520,3000,126861.431611
12464,3000,126869.591593
12814,3000,126878.257864
12632,3000,126886.599941
12770,3000,126895.38629
12816,3000,126903.729266
12376,3000,126912.235915
12298,3000,126920.212807
12800,3000,126928.46438
12648,3000,126937.128507
12484,3000,126945.365451
12558,3000,126954.025785
12560,3000,126962.596984
12436,3000,126970.583109
12338,3000,126978.86113
12308,3000,126987.303171
12678,3000,126995.62895
12426,3000,127004.008791
12578,3000,127012.730577
12448,3000,127021.33139
12256,3000,127030.034541
12652,3000,127039.327163
12638,3000,127047.880727
12696,3000,127056.236508
12420,3000,127064.55187
12308,3000,127072.814614
12650,3000,127081.004225
12498,3000,127089.508255
12518,3000,127097.971664
12450,3000,127106.433253
12278,3000,127114.675831
12788,3000,127122.886211
12218,3000,127130.848165
12838,3000,127139.682386
12406,3000,127147.88972
12608,3000,127156.15397
12348,3000,127165.091104
12808,3000,127173.433632
12654,3000,127182.019359
12582,3000,127190.651792
12616,3000,127199.075565
12362,3000,127207.47038
12290,3000,127221.901446
12228,3000,127230.461668
12382,3000,127239.068806
12276,3000,127247.280446
12674,3000,127255.55781
13100,3000,127264.293474
12026,3000,127272.807107
12712,3000,127281.022438
12334,3000,127289.867607
12594,3000,127298.283838
12758,3000,127307.055456
12776,3000,127315.893245
12766,3000,127324.108043
12670,3000,127332.521117
12594,3000,127340.832967
12234,3000,127349.003962
12420,3000,127357.212565
12634,3000,127365.636767
12526,3000,127373.615937
12782,3000,127382.443155
12774,3000,127390.539903
12612,3000,127399.158205
12744,3000,127407.577141
12328,3000,127416.202752
12486,3000,127424.048463
12682,3000,127432.203051
12632,3000,127440.858843
12300,3000,127449.262799
12396,3000,127457.673496
12932,3000,127466.678975
12354,3000,127475.424672
12614,3000,127483.867623
12724,3000,127492.621912
12488,3000,127500.909979
12584,3000,127509.151916
12656,3000,127517.719106
12920,3000,127526.257333
12568,3000,127534.719537
12996,3000,127543.345741
12456,3000,127551.325843
