#{"t_start": 1680175727.6997492, "env_id": null}
r,l,t
-359307,3000,19.789077
-388330,3000,38.989913
-346324,3000,58.102782
-349295,3000,76.070185
-385315,3000,94.672982
-391351,3000,114.106021
-380340,3000,133.320621
-379322,3000,151.879394
-404308,3000,170.332699
-378291,3000,188.223368
-386322,3000,206.645059
-356294,3000,224.476875
-387312,3000,242.342861
-377305,3000,260.472344
-381323,3000,278.767226
-374335,3000,297.099288
-388314,3000,315.304331
-375330,3000,333.124935
-366306,3000,351.608981
-377318,3000,369.178165
-394334,3000,387.293257
-379289,3000,405.881913
-359290,3000,423.602108
-389305,3000,442.806032
-365326,3000,463.418673
-396334,3000,482.248404
-385337,3000,500.941743
-376342,3000,519.583812
-368312,3000,538.550669
-376337,3000,557.48543
-384306,3000,576.411408
-387297,3000,595.321199
-365313,3000,613.355688
-378288,3000,632.470188
-362327,3000,650.681199
-372316,3000,669.096302
-386316,3000,686.93653
-402323,3000,705.378093
-366303,3000,724.137563
-340278,3000,742.33239
-396299,3000,761.077223
-383296,3000,780.454811
-382333,3000,799.622389
-381297,3000,817.907451
-365303,3000,836.085734
-382289,3000,854.819153
-348310,3000,872.551112
-357287,3000,890.650117
-390314,3000,909.010912
-358297,3000,926.651127
-383318,3000,945.280065
-394300,3000,963.233085
-356328,3000,981.737633
-356290,3000,1000.34588
-394311,3000,1018.484576
-390328,3000,1036.661152
-378301,3000,1054.753943
-362296,3000,1072.223702
-380286,3000,1089.70709
-369318,3000,1108.423189
-410320,3000,1127.141147
-356304,3000,1145.244113
-386320,3000,1163.615221
-386336,3000,1181.647462
-358319,3000,1200.060787
-354325,3000,1218.994914
-387329,3000,1243.571819
-370310,3000,1261.800679
-344294,3000,1280.292192
-346294,3000,1297.966892
-352303,3000,1316.083157
-385304,3000,1335.211412
-381333,3000,1353.619436
-404333,3000,1371.953853
-413322,3000,1389.799904
-382337,3000,1407.246361
-387309,3000,1425.490484
-321284,3000,1443.509949
-350287,3000,1461.062944
-388330,3000,1479.404449
-380293,3000,1497.096453
-372324,3000,1515.754661
-395306,3000,1533.207788
-373307,3000,1551.861155
-366295,3000,1570.053159
-362300,3000,1588.921349
-374290,3000,1606.86896
-372318,3000,1625.857932
-358300,3000,1643.181191
-388306,3000,1661.242841
-352299,3000,1680.140084
-370313,3000,1697.666425
-364283,3000,1715.707122
-365315,3000,1734.37219
-354287,3000,1752.661776
-343287,3000,1770.485259
-387312,3000,1788.419419
-358278,3000,1806.744185
-382305,3000,1824.782446
-368318,3000,1843.402182
-378325,3000,1861.999654
-385296,3000,1880.352614
-370304,3000,1898.423086
-353282,3000,1916.041031
-362295,3000,1934.421753
-379314,3000,1952.74394
-380284,3000,1970.4626
-358297,3000,1989.119897
-364316,3000,2006.511631
-360305,3000,2025.190923
-381285,3000,2043.677195
-375297,3000,2061.792218
-350261,3000,2079.247527
-361273,3000,2097.324742
-346302,3000,2114.840091
-376305,3000,2132.115366
-358273,3000,2150.138741
-340305,3000,2168.280468
-326254,3000,2184.939881
-379282,3000,2203.131323
-360292,3000,2221.656991
-348287,3000,2239.303942
-372298,3000,2257.470494
-345303,3000,2274.696442
-389301,3000,2292.462647
-353264,3000,2310.313752
-385293,3000,2328.08425
-376283,3000,2345.635612
-358308,3000,2363.564492
-351298,3000,2381.495903
-376294,3000,2399.502902
-358295,3000,2417.858658
-371313,3000,2436.240886
-351289,3000,2459.610022
-354284,3000,2477.381888
-352282,3000,2494.731217
-362286,3000,2512.848349
-353292,3000,2530.403998
-364308,3000,2548.492375
-360282,3000,2566.312038
-351297,3000,2584.399936
-361276,3000,2602.610868
-346264,3000,2620.706078
-336250,3000,2639.446689
-340306,3000,2657.791941
-350264,3000,2675.690802
-356307,3000,2693.781996
-335304,3000,2711.979982
-344282,3000,2730.419114
-376286,3000,2748.601846
-354265,3000,2766.236919
-386306,3000,2784.148107
-359282,3000,2802.321677
-383294,3000,2820.360481
-373274,3000,2837.579026
-351291,3000,2855.291993
-367266,3000,2874.335879
-336297,3000,2892.875241
-330241,3000,2911.22631
-380287,3000,2929.032011
-385321,3000,2948.055968
-363277,3000,2965.536634
-358265,3000,2983.394811
-348292,3000,3000.762038
-348280,3000,3018.816049
-345268,3000,3036.68502
-347295,3000,3055.030878
-351295,3000,3072.425911
-351283,3000,3090.31217
-388310,3000,3108.171353
-362276,3000,3126.71436
-368279,3000,3144.498674
-375271,3000,3162.330707
-379286,3000,3180.665338
-359286,3000,3198.085163
-377283,3000,3216.247441
-333268,3000,3234.216828
-352309,3000,3252.228706
-358276,3000,3269.457396
-362300,3000,3287.970784
-336281,3000,3306.055881
-356277,3000,3325.103657
-333290,3000,3342.985527
-340258,3000,3361.566296
-384300,3000,3379.592395
-350244,3000,3398.395579
-319257,3000,3416.807446
-328238,3000,3434.564618
-328263,3000,3451.934128
-366273,3000,3470.128589
-355264,3000,3487.759417
-317289,3000,3505.238527
-362281,3000,3523.229848
-358267,3000,3540.614296
-328256,3000,3558.428394
-336234,3000,3576.590366
-385292,3000,3594.156337
-344286,3000,3612.026902
-319238,3000,3629.810123
-337248,3000,3647.261753
-337273,3000,3671.063236
-355243,3000,3688.448618
-361268,3000,3706.392424
-363265,3000,3724.104075
-336268,3000,3741.335537
-330248,3000,3759.07911
-315274,3000,3776.856142
-341239,3000,3794.79386
-350272,3000,3812.627844
-339270,3000,3830.758103
-351279,3000,3849.77814
-363285,3000,3867.766636
-339248,3000,3886.257675
-333262,3000,3903.723512
-309255,3000,3920.394452
-362272,3000,3939.084252
-341256,3000,3957.724767
-347263,3000,3976.575687
-348276,3000,3994.62022
-330245,3000,4013.211239
-360272,3000,4031.219085
-357272,3000,4049.105076
-344289,3000,4066.670386
-333278,3000,4084.49877
-348264,3000,4102.795243
-311252,3000,4120.674339
-341284,3000,4138.681349
-366283,3000,4157.139254
-355283,3000,4175.818849
-339290,3000,4193.494591
-341264,3000,4211.494421
-306260,3000,4230.177753
-346255,3000,4248.210709
-342282,3000,4266.066598
-333255,3000,4284.207907
-337292,3000,4302.291198
-335247,3000,4319.422353
-334261,3000,4336.66
-340254,3000,4355.635657
-336272,3000,4373.628608
-335258,3000,4391.491468
-319249,3000,4409.055496
-344263,3000,4427.600286
-330255,3000,4444.918687
-369265,3000,4463.183484
-358249,3000,4482.080581
-308245,3000,4500.818726
-362273,3000,4517.342129
-353297,3000,4536.664114
-331263,3000,4555.417844
-352279,3000,4574.294896
-327265,3000,4592.84835
-337274,3000,4610.575741
-345280,3000,4628.12777
-313236,3000,4645.800955
-344268,3000,4664.245421
-367249,3000,4681.929623
-323235,3000,4699.617496
-333264,3000,4717.772539
-290223,3000,4735.733117
-358280,3000,4754.376277
-321254,3000,4772.551859
-359241,3000,4790.159544
-335255,3000,4807.838722
-356295,3000,4825.459812
-334237,3000,4843.049671
-339268,3000,4867.055228
-336251,3000,4884.665936
-333249,3000,4902.450205
-314267,3000,4920.340986
-323238,3000,4938.256515
-342267,3000,4957.345479
-336226,3000,4976.310632
-335241,3000,4993.504491
-321245,3000,5010.814004
-314248,3000,5028.670615
-326258,3000,5046.313374
-328266,3000,5063.686349
-323258,3000,5082.492689
-356274,3000,5100.794056
-358269,3000,5119.166357
-373256,3000,5139.037589
-322262,3000,5156.856797
-313240,3000,5175.837003
-326248,3000,5194.332816
-363260,3000,5212.232848
-321236,3000,5230.597112
-331250,3000,5248.500387
-310235,3000,5265.78117
-365261,3000,5283.110291
-351270,3000,5300.187497
-323247,3000,5318.215016
-343283,3000,5336.289118
-315235,3000,5353.633648
-323260,3000,5371.118417
-319260,3000,5389.356059
-311239,3000,5407.166541
-344237,3000,5424.236905
-302236,3000,5441.418648
-285255,3000,5458.667213
-314231,3000,5475.825089
-320236,3000,5493.668458
-324225,3000,5511.758018
-337248,3000,5529.205768
-340264,3000,5546.337374
-346278,3000,5564.884243
-321234,3000,5582.503008
-324232,3000,5600.710381
-315233,3000,5617.94647
-344247,3000,5635.380682
-306267,3000,5652.815085
-370260,3000,5670.332553
-341246,3000,5687.404856
-337241,3000,5704.663277
-349254,3000,5722.17861
-328245,3000,5739.538653
-308225,3000,5757.805073
-340255,3000,5775.321618
-348272,3000,5792.593287
-322246,3000,5810.038672
-346261,3000,5827.831414
-339243,3000,5845.340125
-320237,3000,5862.891695
-304253,3000,5880.039848
-291235,3000,5897.582186
-328266,3000,5915.258465
-345229,3000,5933.321248
-335246,3000,5950.614116
-312255,3000,5967.786041
-330264,3000,5985.003512
-334240,3000,6003.111304
-318251,3000,6020.806014
-323228,3000,6040.267287
-319257,3000,6065.837926
-301232,3000,6083.892786
-314219,3000,6101.748542
-323239,3000,6119.628444
-302249,3000,6138.439361
-315238,3000,6157.118431
-286217,3000,6174.912139
-303231,3000,6192.551632
-305243,3000,6211.23307
-331265,3000,6228.379605
-321211,3000,6245.562206
-338239,3000,6264.236527
-330252,3000,6282.429265
-331266,3000,6301.451632
-341232,3000,6319.593851
-305219,3000,6337.108012
-328250,3000,6355.172352
-335267,3000,6373.183777
-294223,3000,6390.942125
-324221,3000,6408.795703
-343233,3000,6426.598613
-347258,3000,6444.739251
-319199,3000,6462.511967
-311236,3000,6479.90837
-321249,3000,6496.96303
-326224,3000,6515.052792
-304224,3000,6532.303436
-310236,3000,6548.960613
-293206,3000,6567.038079
-339257,3000,6584.849316
-333271,3000,6602.324861
-318244,3000,6619.448918
-301248,3000,6637.512615
-318209,3000,6655.057198
-341280,3000,6672.32976
-321240,3000,6690.098439
-312228,3000,6707.597011
-329236,3000,6724.316489
-306210,3000,6742.501562
-305237,3000,6760.08511
-320221,3000,6778.016127
-324232,3000,6795.096075
-287227,3000,6813.453532
-282205,3000,6831.161214
-314234,3000,6850.967673
-320240,3000,6869.159622
-305237,3000,6887.499682
-305224,3000,6905.580296
-317229,3000,6925.257492
-298251,3000,6943.462849
-309241,3000,6961.560576
-326234,3000,6979.742819
-347246,3000,6998.740963
-296249,3000,7016.304105
-328244,3000,7034.496196
-292197,3000,7052.177412
-306218,3000,7070.965046
-345256,3000,7090.272124
-310211,3000,7108.523956
-274240,3000,7126.216686
-304217,3000,7144.268507
-313231,3000,7162.981257
-301218,3000,7181.704408
-299239,3000,7200.464128
-306243,3000,7219.363084
-328235,3000,7238.88181
-299214,3000,7258.646924
-315226,3000,7283.850778
-287224,3000,7304.702666
-286220,3000,7324.341585
-299262,3000,7344.336016
-297254,3000,7367.868867
-293220,3000,7389.761434
-278184,3000,7411.373543
-312218,3000,7434.126547
-302226,3000,7456.642948
-313241,3000,7479.664552
-281233,3000,7500.040483
-316247,3000,7519.990576
-318231,3000,7541.544268
-322241,3000,7562.292751
-295220,3000,7585.527578
-336245,3000,7607.548836
-312229,3000,7629.05438
-301219,3000,7649.789747
-309235,3000,7673.877785
-284202,3000,7696.350109
-289225,3000,7717.384972
-309266,3000,7738.010399
-300229,3000,7759.306737
-311228,3000,7778.382391
-302211,3000,7797.926836
-290179,3000,7818.118299
-285224,3000,7856.772566
-295220,3000,7880.102676
-275218,3000,7901.936979
-292234,3000,7923.793242
-281216,3000,7942.816235
-317251,3000,7961.733533
-287198,3000,7980.715537
-288225,3000,8001.353978
-319230,3000,8022.219682
-300216,3000,8043.295566
-317204,3000,8063.157247
-283207,3000,8081.893433
-302252,3000,8101.711202
-320217,3000,8122.642926
-280198,3000,8143.033315
-303215,3000,8163.581636
-308222,3000,8183.40782
-297240,3000,8204.545055
-310237,3000,8225.08345
-291200,3000,8244.936937
-301233,3000,8266.805729
-305210,3000,8286.813409
-305227,3000,8306.773633
-314218,3000,8326.274954
-288236,3000,8348.192846
-278221,3000,8367.284398
-312206,3000,8579.455111
-310229,3000,8596.744132
-307238,3000,8613.353292
-299234,3000,8630.149233
-289207,3000,8646.680852
-314223,3000,8663.442659
-315234,3000,8679.983081
-288201,3000,8697.260622
-281218,3000,8714.069344
-300188,3000,8730.484611
-326236,3000,8747.232163
-286206,3000,8764.110643
-285208,3000,8781.140101
-264209,3000,8798.278341
-320199,3000,8821.593411
-289194,3000,8838.873252
-298254,3000,8855.757948
-289208,3000,8873.42582
-293201,3000,8889.735592
-284212,3000,8906.687606
-287225,3000,8922.734733
-291176,3000,8939.44577
-280222,3000,8956.412487
-309220,3000,8973.715736
-287207,3000,8990.064106
-283224,3000,9007.121091
-271200,3000,9024.310988
-296197,3000,9041.399182
-294232,3000,9058.832453
-299210,3000,9077.071508
-295215,3000,9094.051025
-285200,3000,9110.857041
-286234,3000,9128.459554
-296210,3000,9145.145428
-280203,3000,9162.439939
-305200,3000,9179.20771
-307224,3000,9196.392017
-279198,3000,9213.785901
-286192,3000,9230.702266
-309207,3000,9248.572985
-315222,3000,9266.514927
-294198,3000,9283.467108
-282188,3000,9300.850614
-298219,3000,9317.996628
-283199,3000,9334.747897
-275199,3000,9351.437846
-268202,3000,9368.519117
-280193,3000,9384.243175
-294228,3000,9401.220756
-336217,3000,9417.425576
-266188,3000,9434.370823
-294182,3000,9451.479285
-315221,3000,9469.294878
-293208,3000,9486.023678
-306199,3000,9503.022637
-293198,3000,9520.002722
-300212,3000,9537.191437
-281208,3000,9554.044609
-290213,3000,9570.777855
-302214,3000,9587.614199
-264238,3000,9604.343753
-305217,3000,9620.930607
-274192,3000,9637.417238
-268190,3000,9653.967836
-284212,3000,9671.037077
-272193,3000,9687.719759
-284195,3000,9703.8287
-297226,3000,9720.010789
-297185,3000,9737.079705
-301210,3000,9755.250755
-279210,3000,9772.649574
-269186,3000,9789.098812
-294197,3000,9805.452435
-284189,3000,9821.86784
-259187,3000,9838.358557
-297229,3000,9855.195429
-274209,3000,9871.24364
-282241,3000,9887.751474
-279202,3000,9904.782016
-246174,3000,9921.965275
-291185,3000,9938.873344
-299195,3000,9961.930902
-307229,3000,9978.965538
-262193,3000,9995.517996
-284189,3000,10012.445896
-280221,3000,10029.674462
-276191,3000,10045.97151
-283194,3000,10063.067892
-293222,3000,10079.095511
-302237,3000,10095.439804
-271193,3000,10112.122187
-276200,3000,10128.872356
-299223,3000,10145.605822
-278174,3000,10162.165234
-266208,3000,10179.124942
-306200,3000,10195.910567
-268224,3000,10213.20346
-286217,3000,10229.895734
-292202,3000,10246.479489
-289211,3000,10263.724301
-276204,3000,10280.79179
-322218,3000,10297.643215
-291208,3000,10313.813555
-257177,3000,10330.694584
-288209,3000,10347.092741
-305202,3000,10363.526151
-270156,3000,10380.726443
-275194,3000,10397.770773
-266171,3000,10414.330525
-291211,3000,10431.192749
-267174,3000,10448.387042
-253170,3000,10465.103066
-287198,3000,10482.125121
-280166,3000,10498.221688
-256162,3000,10513.714589
-284204,3000,10530.380559
-300197,3000,10546.976235
-265201,3000,10564.56518
-251162,3000,10581.734317
-227174,3000,10597.825041
-264203,3000,10614.605389
-254177,3000,10630.912518
-284177,3000,10647.665745
-283190,3000,10664.762159
-292182,3000,10680.495272
-287192,3000,10697.442173
-274204,3000,10714.204534
-276207,3000,10730.968055
-288182,3000,10747.077662
-255184,3000,10763.082627
-281187,3000,10779.733263
-298223,3000,10796.211674
-260188,3000,10812.513486
-261214,3000,10828.76422
-279169,3000,10845.040256
-281205,3000,10861.873577
-274197,3000,10878.92567
-258195,3000,10895.682171
-289211,3000,10912.593472
-298189,3000,10929.249793
-272188,3000,10946.61867
-285208,3000,10963.590963
-290209,3000,10980.297713
-256188,3000,10997.090908
-263179,3000,11013.937838
-291203,3000,11029.838559
-271185,3000,11046.627652
-255190,3000,11063.349599
-253193,3000,11085.618702
-299192,3000,11102.312003
-260182,3000,11119.093472
-260193,3000,11134.75392
-259159,3000,11151.404796
-263167,3000,11168.080903
-255127,3000,11184.52091
-262182,3000,11200.707817
-265169,3000,11217.325626
-269177,3000,11234.179811
-262182,3000,11250.416927
-268175,3000,11266.718234
-270172,3000,11282.66273
-254180,3000,11298.649262
-247161,3000,11315.198183
-279192,3000,11331.542743
-258199,3000,11347.973447
-261169,3000,11364.140358
-253184,3000,11380.266638
-251161,3000,11396.376127
-251171,3000,11412.941886
-275167,3000,11429.392277
-268176,3000,11445.697402
-268155,3000,11462.64453
-255146,3000,11479.103825
-269169,3000,11495.573201
-247148,3000,11512.001752
-273191,3000,11528.719903
-237187,3000,11544.450332
-273175,3000,11559.989053
-292211,3000,11576.961133
-259182,3000,11593.257078
-257146,3000,11609.240186
-257186,3000,11625.670541
-259186,3000,11641.997301
-279197,3000,11658.410839
-250173,3000,11675.042007
-260195,3000,11692.24531
-266191,3000,11708.878918
-278175,3000,11725.059728
-263166,3000,11741.443516
-260182,3000,11758.11885
-256153,3000,11775.181236
-282194,3000,11792.052737
-262174,3000,11808.098908
-259174,3000,11825.10546
-286204,3000,11841.728331
-261161,3000,11858.010836
-264170,3000,11874.149742
-273157,3000,11891.484074
-267182,3000,11907.635419
-250147,3000,11924.235576
-274188,3000,11941.122142
-227187,3000,11957.315669
-257159,3000,11973.471968
-236153,3000,11989.463522
-235123,3000,12006.125653
-245168,3000,12022.717615
-243156,3000,12039.413614
-262174,3000,12055.724272
-240158,3000,12071.856316
-247161,3000,12087.639639
-262172,3000,12103.74187
-249172,3000,12120.010985
-255128,3000,12137.098619
-252157,3000,12152.477393
-272167,3000,12175.170964
-269173,3000,12192.367779
-262180,3000,12208.629202
-259209,3000,12225.146328
-265178,3000,12241.320772
-276198,3000,12256.984514
-246158,3000,12273.085205
-258175,3000,12289.601513
-255161,3000,12305.857032
-257135,3000,12322.057724
-240155,3000,12338.234661
-244167,3000,12354.640249
-242164,3000,12370.54297
-290184,3000,12386.701598
-228141,3000,12403.619645
-258188,3000,12419.832919
-247178,3000,12436.042185
-252147,3000,12452.737113
-252162,3000,12469.924254
-235164,3000,12485.777234
-233173,3000,12501.963862
-235160,3000,12517.493613
-265164,3000,12533.743826
-252175,3000,12549.574501
-275159,3000,12565.421534
-261160,3000,12580.975016
-260168,3000,12597.286269
-243165,3000,12613.547725
-257168,3000,12630.086834
-262161,3000,12646.327195
-267157,3000,12662.243089
-263177,3000,12677.607599
-267194,3000,12693.458485
-243143,3000,12710.586177
-277152,3000,12726.995853
-248156,3000,12742.992531
-247165,3000,12760.303717
-258143,3000,12776.269391
-262167,3000,12791.76373
-259160,3000,12808.362024
-260182,3000,12824.609297
-241169,3000,12840.284636
-233154,3000,12856.436655
-231138,3000,12872.361612
-249169,3000,12888.752234
-220135,3000,12904.769344
-243153,3000,12920.334361
-245156,3000,12936.683837
-245175,3000,12952.811793
-253153,3000,12968.65876
-253148,3000,12984.811454
-255175,3000,13001.010348
-242160,3000,13017.432031
-252170,3000,13033.867645
-258174,3000,13050.842693
-239162,3000,13067.009679
-239176,3000,13082.847729
-246136,3000,13097.987268
-258146,3000,13114.271878
-256144,3000,13130.35713
-239169,3000,13146.687685
-240141,3000,13162.50728
-234156,3000,13179.589173
-262151,3000,13195.659006
-273155,3000,13212.281184
-248138,3000,13229.270736
-247145,3000,13245.178676
-243115,3000,13267.169413
-234154,3000,13283.428374
-258159,3000,13299.932439
-263143,3000,13316.029706
-269156,3000,13332.444601
-225148,3000,13349.021861
-273174,3000,13364.742176
-243179,3000,13380.807115
-259154,3000,13396.849212
-253153,3000,13413.288206
-245129,3000,13429.282698
-256180,3000,13445.80398
-245121,3000,13462.059674
-252169,3000,13477.860372
-250165,3000,13493.753612
-224152,3000,13510.147148
-249179,3000,13526.612793
-262159,3000,13542.249178
-258156,3000,13559.402272
-231127,3000,13575.913209
-230124,3000,13592.427893
-247158,3000,13609.252892
-240136,3000,13625.313279
-233135,3000,13641.638419
-246146,3000,13657.043437
-224145,3000,13673.670932
-255158,3000,13689.663796
-239169,3000,13706.161205
-238168,3000,13721.340881
-220164,3000,13737.654369
-254139,3000,13754.266495
-244170,3000,13770.285156
-248140,3000,13786.700577
-256162,3000,13803.282708
-236155,3000,13819.459458
-241135,3000,13835.323569
-223121,3000,13851.519898
-238156,3000,13867.795987
-272165,3000,13883.970036
-252131,3000,13899.682073
-209124,3000,13915.481645
-237139,3000,13931.530073
-241137,3000,13948.328011
-233141,3000,13965.105621
-240125,3000,13981.989831
-251134,3000,13998.3197
-239150,3000,14014.995363
-244136,3000,14031.317588
-222143,3000,14047.952294
-246148,3000,14064.541152
-248129,3000,14081.311501
-259157,3000,14097.947817
-228130,3000,14114.187931
-270184,3000,14129.999618
-230137,3000,14147.398117
-255172,3000,14163.379395
-242137,3000,14179.220989
-249147,3000,14194.857781
-222143,3000,14210.86691
-223141,3000,14227.278084
-264174,3000,14243.438038
-212135,3000,14258.917674
-225147,3000,14274.971853
-236150,3000,14291.085698
-254150,3000,14306.669416
-248140,3000,14323.078622
-232139,3000,14339.920377
-240155,3000,14362.456578
-224128,3000,14378.728723
-236139,3000,14394.80257
-232139,3000,14411.054261
-230158,3000,14426.491431
-236129,3000,14442.577008
-230132,3000,14458.511619
-216141,3000,14474.586133
-248166,3000,14490.375217
-241159,3000,14506.301156
-247150,3000,14522.334984
-269157,3000,14537.951608
-224135,3000,14554.020607
-208174,3000,14570.48605
-250146,3000,14586.942134
-236162,3000,14603.53462
-242152,3000,14620.464261
-234144,3000,14636.388406
-235142,3000,14652.309417
-227150,3000,14667.966749
-228162,3000,14684.308558
-218135,3000,14700.141639
-222159,3000,14716.826663
-230136,3000,14732.624439
-213129,3000,14749.101898
-234145,3000,14765.681718
-233145,3000,14781.693493
-207091,3000,14797.088971
-207120,3000,14813.180201
-226119,3000,14829.275999
-234155,3000,14845.091884
-225135,3000,14861.096717
-226110,3000,14877.673527
-224140,3000,14893.971529
-232124,3000,14909.67063
-220154,3000,14926.018516
-192082,3000,14942.280737
-216162,3000,14958.672925
-204131,3000,14974.000662
-232125,3000,14990.281972
-241176,3000,15006.883367
-228115,3000,15022.915639
-244153,3000,15039.002149
-229152,3000,15054.981473
-210155,3000,15070.982102
-208113,3000,15086.665089
-219132,3000,15102.379731
-221124,3000,15118.259053
-229142,3000,15134.251606
-220106,3000,15149.700904
-220121,3000,15165.75931
-221149,3000,15180.781617
-225100,3000,15196.623037
-218109,3000,15213.019982
-235157,3000,15229.112844
-215125,3000,15245.964113
-220141,3000,15261.503656
-221141,3000,15277.251346
-216133,3000,15293.474849
-210147,3000,15309.345436
-234153,3000,15325.036172
-229142,3000,15341.450181
-197126,3000,15357.671877
-204135,3000,15374.255563
-215153,3000,15390.431633
-240141,3000,15405.857356
-237137,3000,15427.577018
-209116,3000,15443.515184
-220115,3000,15459.297155
-235151,3000,15475.178591
-214113,3000,15491.159625
-217102,3000,15507.199513
-218136,3000,15522.813247
-247138,3000,15538.210628
-231161,3000,15553.865034
-244127,3000,15570.117775
-207126,3000,15585.742233
-228152,3000,15601.799122
-227146,3000,15618.417579
-211109,3000,15635.278815
-207132,3000,15650.842438
-195114,3000,15666.367524
-228151,3000,15682.504091
-210121,3000,15698.187938
-227151,3000,15713.782339
-257168,3000,15729.425941
-209122,3000,15744.742
-217121,3000,15760.008105
-241137,3000,15775.709357
-248143,3000,15791.835702
-204127,3000,15807.765182
-205155,3000,15823.570125
-205110,3000,15840.048364
-226142,3000,15855.898939
-184109,3000,15872.081119
-210145,3000,15887.567214
-219075,3000,15903.669768
-223151,3000,15919.961921
-212098,3000,15936.796524
-219157,3000,15952.857732
-224138,3000,15969.19464
-220147,3000,15984.733618
-214126,3000,16000.466547
-211125,3000,16016.343911
-208122,3000,16032.443004
-224122,3000,16048.65115
-231151,3000,16064.94753
-212145,3000,16080.299727
-228124,3000,16096.392701
-207117,3000,16111.822317
-214116,3000,16127.280234
-222107,3000,16143.575562
-227106,3000,16159.799194
-222145,3000,16175.339761
-225156,3000,16192.27418
-206101,3000,16208.472896
-210138,3000,16224.075511
-199133,3000,16239.23613
-212161,3000,16255.185129
-208124,3000,16271.134515
-210096,3000,16287.387145
-226123,3000,16303.080446
-201137,3000,16319.07418
-205119,3000,16335.247101
-214142,3000,16351.201007
-227128,3000,16366.605243
-231141,3000,16382.566456
-198100,3000,16398.805694
-221159,3000,16414.335489
-198128,3000,16429.194242
-224155,3000,16444.963346
-229153,3000,16460.194934
-211102,3000,16476.541546
-214116,3000,16498.125579
-225131,3000,16513.525096
-184129,3000,16529.015023
-198120,3000,16544.716978
-193136,3000,16560.411961
-198114,3000,16576.268975
-199114,3000,16591.395734
-205152,3000,16606.675942
-202112,3000,16622.335873
-201106,3000,16637.679171
-224156,3000,16653.537461
-217115,3000,16669.461077
-205155,3000,16685.017914
-204118,3000,16701.128283
-192088,3000,16717.230098
-202128,3000,16732.856
-200124,3000,16749.147589
-220118,3000,16765.11343
-179109,3000,16780.482613
-198090,3000,16796.508483
-210118,3000,16812.278447
-215146,3000,16827.982589
-200116,3000,16843.72777
-216113,3000,16859.848049
-198127,3000,16876.098711
-199114,3000,16891.78298
-201103,3000,16907.777323
-189117,3000,16923.471424
-196141,3000,16939.164751
-189129,3000,16955.452605
-225145,3000,16971.294356
-203113,3000,16987.979234
-213123,3000,17004.674085
-224141,3000,17020.95259
-189134,3000,17036.790632
-210106,3000,17052.557641
-193114,3000,17068.334961
-215141,3000,17083.535145
-219125,3000,17099.316385
-207116,3000,17115.443497
-189139,3000,17130.700656
-213144,3000,17146.964773
-207103,3000,17162.403056
-196128,3000,17178.069566
-188129,3000,17193.433056
-221128,3000,17209.264229
-204136,3000,17224.73209
-205128,3000,17239.927918
-192130,3000,17255.361037
-198149,3000,17271.212583
-213126,3000,17287.099461
-210138,3000,17303.716639
-210121,3000,17319.825548
-186135,3000,17335.577513
-221116,3000,17352.299526
-193140,3000,17368.287292
-209126,3000,17383.667687
-197136,3000,17399.97811
-192091,3000,17415.917166
-193125,3000,17431.714922
-216146,3000,17447.353572
-186097,3000,17463.300889
-171104,3000,17478.909539
-186102,3000,17494.40139
-189107,3000,17509.945419
-202105,3000,17525.998653
-199125,3000,17541.69961
-198117,3000,17563.76265
-234116,3000,17579.868529
-182110,3000,17596.097999
-196136,3000,17612.200826
-189109,3000,17628.743434
-204135,3000,17644.329758
-183109,3000,17660.50457
-194115,3000,17676.381802
-184093,3000,17692.875058
-196122,3000,17709.091932
-186106,3000,17725.060407
-211136,3000,17740.434644
-207155,3000,17756.395322
-214145,3000,17772.895799
-207117,3000,17789.126921
-194119,3000,17804.621999
-179088,3000,17820.53483
-193124,3000,17835.987439
-191133,3000,17851.4361
-211130,3000,17867.602769
-178094,3000,17883.275471
-200122,3000,17898.856087
-180135,3000,17914.489447
-201107,3000,17930.359139
-211156,3000,17945.621373
-174127,3000,17960.829571
-173103,3000,17976.52
-200127,3000,17992.42568
-188135,3000,18008.096243
-221140,3000,18023.923512
-183124,3000,18039.863392
-180123,3000,18055.638957
-207128,3000,18071.364089
-177110,3000,18086.999431
-177112,3000,18102.030868
-202118,3000,18117.575063
-187163,3000,18132.880871
-192114,3000,18149.02391
-199134,3000,18164.660054
-198109,3000,18180.949427
-204122,3000,18196.254302
-187121,3000,18211.714502
-201123,3000,18227.217194
-190085,3000,18243.311857
-195093,3000,18259.437038
-182141,3000,18275.235584
-195125,3000,18291.190718
-159102,3000,18307.669553
-198110,3000,18322.942731
-179126,3000,18338.607327
-172142,3000,18354.283026
-197128,3000,18369.811593
-187129,3000,18385.709466
-177099,3000,18401.694391
-193112,3000,18417.430576
-212145,3000,18433.778572
-211126,3000,18449.355192
-185116,3000,18465.141492
-161094,3000,18481.345479
-169117,3000,18497.048259
-184137,3000,18512.254547
-204112,3000,18527.274172
-173111,3000,18543.198987
-193107,3000,18559.316916
-180147,3000,18574.880016
-200108,3000,18590.460647
-188119,3000,18612.279666
-181122,3000,18627.54002
-179093,3000,18643.400413
-173105,3000,18659.383216
-183078,3000,18675.781048
-189091,3000,18691.516493
-181089,3000,18707.44205
-167130,3000,18723.678234
-185113,3000,18740.174063
-167086,3000,18755.777375
-161119,3000,18770.670122
-176129,3000,18786.512218
-187074,3000,18803.104024
-181113,3000,18819.205319
-175090,3000,18835.868171
-193101,3000,18852.12114
-170090,3000,18867.969285
-185086,3000,18883.65932
-186125,3000,18899.502695
-165117,3000,18914.948236
-201078,3000,18931.18948
-182126,3000,18946.83022
-184143,3000,18962.281587
-178127,3000,18978.10412
-203095,3000,18994.514953
-180118,3000,19010.32184
-190130,3000,19025.979108
-184110,3000,19041.275011
-164098,3000,19056.907821
-178114,3000,19072.706472
-182127,3000,19088.080126
-175128,3000,19103.470867
-180111,3000,19118.930255
-189129,3000,19134.849877
-204115,3000,19150.686548
-162126,3000,19166.267204
-145092,3000,19182.113234
-159100,3000,19197.718742
-175106,3000,19213.18261
-190118,3000,19228.712657
-167129,3000,19244.455728
-170091,3000,19260.711265
-179124,3000,19276.044841
-188087,3000,19292.047321
-176115,3000,19308.481616
-169110,3000,19323.651649
-195096,3000,19339.724131
-180097,3000,19354.960794
-163133,3000,19370.400287
-185124,3000,19386.072442
-199140,3000,19402.078758
-182128,3000,19418.072484
-184122,3000,19434.603359
-197110,3000,19450.097772
-219137,3000,19466.070552
-159109,3000,19481.452826
-173102,3000,19497.583024
-184097,3000,19514.289642
-185113,3000,19529.771212
-174098,3000,19545.360625
-159104,3000,19560.314064
-176110,3000,19575.968755
-175132,3000,19591.074598
-161125,3000,19606.779955
-171121,3000,19622.204707
-170090,3000,19637.57857
-174105,3000,19653.914389
-157116,3000,19676.013045
-163096,3000,19692.394594
-168119,3000,19707.91561
-170131,3000,19723.642703
-162110,3000,19739.79641
-168115,3000,19755.549858
-151088,3000,19771.893186
-177119,3000,19787.677026
-190084,3000,19803.551405
-158100,3000,19819.425548
-177115,3000,19834.93708
-167110,3000,19850.151951
-170091,3000,19866.097584
-186147,3000,19881.952103
-188155,3000,19898.13275
-153106,3000,19913.823015
-160083,3000,19930.053457
-182132,3000,19945.601691
-187148,3000,19961.232818
-168102,3000,19977.022918
-159107,3000,19991.993589
-160101,3000,20007.547392
-170094,3000,20023.397996
-192135,3000,20038.683455
-166115,3000,20054.483395
-166118,3000,20070.273079
-171099,3000,20086.136113
-165116,3000,20102.496714
-184121,3000,20118.477368
-159129,3000,20134.227547
-163083,3000,20150.337733
-165114,3000,20166.597287
-162071,3000,20182.833591
-144105,3000,20198.382103
-156129,3000,20213.950725
-169106,3000,20229.510247
-154096,3000,20245.634331
-145093,3000,20261.165065
-187136,3000,20277.201213
-177135,3000,20293.602519
-145116,3000,20309.54633
-176126,3000,20325.027298
-170107,3000,20340.299126
-155107,3000,20356.264582
-173127,3000,20371.919436
-163115,3000,20387.134693
-155120,3000,20401.902537
-172105,3000,20417.503128
-144096,3000,20433.276914
-174118,3000,20449.74552
-160086,3000,20465.564196
-147105,3000,20480.890044
-192126,3000,20496.796271
-165121,3000,20512.179715
-161087,3000,20527.289933
-153093,3000,20543.110647
-163123,3000,20558.248274
-164093,3000,20574.578011
-190142,3000,20589.876011
-153097,3000,20605.329565
-162119,3000,20620.453115
-151104,3000,20636.136367
-155125,3000,20651.973654
-151090,3000,20667.85972
-186119,3000,20683.13721
-169115,3000,20699.007142
-170120,3000,20715.448879
-169117,3000,20736.561423
-148122,3000,20752.366293
-158124,3000,20768.146681
-149096,3000,20784.216803
-144077,3000,20800.196286
-168104,3000,20816.221804
-156115,3000,20832.139157
-150117,3000,20848.098186
-148090,3000,20863.591182
-162100,3000,20879.078852
-152108,3000,20895.203973
-183131,3000,20910.625678
-147090,3000,20926.417053
-164095,3000,20942.659356
-152113,3000,20958.260309
-148110,3000,20973.461895
-157112,3000,20989.346573
-176136,3000,21004.72088
-146084,3000,21020.666094
-145096,3000,21036.509649
-161119,3000,21051.923894
-180113,3000,21067.738006
-171110,3000,21083.480252
-149103,3000,21099.53122
-155112,3000,21114.657703
-162104,3000,21130.302433
-163117,3000,21145.60768
-153094,3000,21161.34205
-166091,3000,21176.342427
-177125,3000,21191.519115
-141125,3000,21206.506279
-171104,3000,21222.198064
-165098,3000,21237.635394
-153088,3000,21253.876591
-168133,3000,21269.676776
-163130,3000,21284.466971
-182119,3000,21300.336146
-168094,3000,21316.392418
-148121,3000,21332.091754
-161103,3000,21347.888256
-175115,3000,21364.092016
-148123,3000,21379.874045
-162115,3000,21395.509644
-174127,3000,21411.912885
-146086,3000,21427.937435
-159112,3000,21442.982798
-173115,3000,21458.863457
-165133,3000,21474.343213
-172152,3000,21489.725568
-157116,3000,21505.220626
-152113,3000,21520.661618
-154105,3000,21536.773516
-159108,3000,21551.968979
-176099,3000,21567.667275
-145100,3000,21583.585132
-156106,3000,21599.261322
-135117,3000,21614.794336
-146118,3000,21630.793271
-155157,3000,21646.125069
-141113,3000,21661.890762
-151143,3000,21677.456867
-145109,3000,21692.818924
-150105,3000,21708.199398
-144091,3000,21724.132529
-146105,3000,21739.754288
-154101,3000,21755.426595
-122081,3000,21777.218027
-175126,3000,21792.964841
-152109,3000,21808.346957
-151101,3000,21823.821346
-141147,3000,21839.686417
-144065,3000,21855.444843
-145128,3000,21871.150953
-139121,3000,21886.655752
-149116,3000,21902.889844
-164108,3000,21918.057497
-136070,3000,21933.390685
-141151,3000,21949.551316
-151112,3000,21964.943143
-152150,3000,21980.35712
-137094,3000,21996.582614
-152113,3000,22012.054394
-150103,3000,22028.310957
-159108,3000,22043.507211
-149118,3000,22059.485256
-137092,3000,22074.840346
-150094,3000,22090.695502
-130084,3000,22106.405189
-149089,3000,22122.287108
-137088,3000,22137.652459
-148131,3000,22153.883563
-162093,3000,22169.643968
-151126,3000,22185.690656
-152113,3000,22201.232511
-139102,3000,22216.738012
-152117,3000,22232.404853
-144117,3000,22247.918455
-146098,3000,22263.086894
-145081,3000,22278.417313
-141088,3000,22293.907889
-144112,3000,22309.909616
-141119,3000,22324.58065
-128110,3000,22339.761358
-159129,3000,22355.20279
-136113,3000,22371.338526
-138096,3000,22386.944286
-131099,3000,22402.831309
-140111,3000,22418.443859
-155117,3000,22434.582703
-129105,3000,22450.486563
-148131,3000,22465.715949
-140095,3000,22480.953435
-151112,3000,22496.394738
-152099,3000,22512.104284
-140115,3000,22528.663784
-147142,3000,22544.261741
-127093,3000,22559.014645
-155135,3000,22574.717016
-130097,3000,22590.11273
-138094,3000,22606.189167
-140119,3000,22621.41392
-144094,3000,22637.017067
-146117,3000,22652.222262
-132116,3000,22667.734947
-125102,3000,22682.751142
-138109,3000,22698.706322
-135127,3000,22714.372944
-122118,3000,22729.303914
-148124,3000,22744.760352
-161107,3000,22760.472536
-126116,3000,22776.16399
-134103,3000,22791.234754
-148137,3000,22806.529253
-129123,3000,22828.13419
-123087,3000,22844.482012
-120103,3000,22860.668369
-137120,3000,22876.845115
-135106,3000,22893.515303
-143091,3000,22909.972598
-149127,3000,22926.015839
-144136,3000,22940.919321
-127136,3000,22956.816713
-147098,3000,22972.634005
-135089,3000,22988.425854
-128081,3000,23003.919903
-128101,3000,23019.858836
-131083,3000,23035.54832
-135094,3000,23051.253342
-160098,3000,23067.214805
-155094,3000,23083.601999
-132085,3000,23098.929639
-137113,3000,23114.55305
-111079,3000,23130.13489
-112119,3000,23145.925061
-125095,3000,23161.83657
-124122,3000,23176.85473
-144120,3000,23192.761096
-132119,3000,23208.641641
-141090,3000,23224.454385
-135082,3000,23240.772267
-139097,3000,23256.137633
-131116,3000,23272.276651
-122096,3000,23287.436693
-144116,3000,23303.424996
-132096,3000,23319.176549
-116106,3000,23335.031179
-131110,3000,23351.131221
-126087,3000,23367.074136
-111110,3000,23382.766505
-117086,3000,23398.702258
-151099,3000,23414.034216
-136111,3000,23429.710399
-132117,3000,23445.333972
-148153,3000,23460.791073
-130137,3000,23477.48702
-128136,3000,23494.6744
-115124,3000,23510.469632
-130073,3000,23526.819589
-126086,3000,23542.392422
-142130,3000,23557.734525
-109101,3000,23573.688425
-102040,3000,23589.83388
-137081,3000,23605.881279
-128101,3000,23621.159971
-123110,3000,23636.872696
-108079,3000,23653.181838
-146098,3000,23669.442866
-125125,3000,23685.248369
-116134,3000,23700.487858
-113087,3000,23716.225061
-141094,3000,23732.094977
-129108,3000,23747.844539
-112061,3000,23763.433123
-124112,3000,23778.548978
-125107,3000,23794.490376
-116075,3000,23810.2402
-125075,3000,23825.934173
-128094,3000,23841.949195
-121112,3000,23857.826253
-134106,3000,23873.600136
-127120,3000,23894.572152
-119051,3000,23910.224818
-136112,3000,23925.431115
-123100,3000,23940.610525
-118109,3000,23956.108786
-123110,3000,23971.325432
-112077,3000,23987.053475
-158081,3000,24003.028453
-124092,3000,24019.751039
-121104,3000,24035.615838
-123101,3000,24051.670658
-125101,3000,24067.841966
-120106,3000,24084.034272
-131111,3000,24100.260567
-133085,3000,24116.797585
-118059,3000,24132.694035
-119103,3000,24148.452809
-122074,3000,24163.999174
-94070,3000,24180.095084
-139120,3000,24196.201794
-131097,3000,24212.627133
-121078,3000,24228.685149
-126108,3000,24244.149741
-116121,3000,24259.555834
-128110,3000,24275.250452
-116096,3000,24291.884294
-136116,3000,24307.952989
-108107,3000,24324.184087
-114109,3000,24340.266601
-115082,3000,24355.872851
-142098,3000,24371.397
-94073,3000,24387.756234
-127078,3000,24403.846785
-123086,3000,24419.026017
-139120,3000,24436.086312
-117094,3000,24452.683131
-121090,3000,24470.349897
-121099,3000,24488.312544
-112130,3000,24504.339309
-120098,3000,24520.254387
-111103,3000,24536.628008
-105059,3000,24552.623158
-122092,3000,24568.622415
-111118,3000,24585.996825
-125103,3000,24601.661544
-131084,3000,24616.477585
-112087,3000,24633.125584
-119051,3000,24650.754807
-126092,3000,24666.413546
-107106,3000,24683.663713
-117098,3000,24699.425823
-104103,3000,24715.893381
-113117,3000,24731.196496
-125062,3000,24746.967424
-118097,3000,24763.741178
-114098,3000,24779.309729
-106127,3000,24795.007951
-112058,3000,24810.465437
-107071,3000,24826.738087
-107091,3000,24843.723946
-109090,3000,24859.927298
-113101,3000,24875.870847
-118107,3000,24891.580149
-118081,3000,24908.837905
-115117,3000,24925.850441
-118081,3000,24941.680992
-116077,3000,24964.504569
-120096,3000,24981.917796
-127121,3000,24999.148398
-89103,3000,25015.748416
-110092,3000,25032.472823
-121073,3000,25046.992471
-105061,3000,25062.225707
-103094,3000,25077.883627
-113079,3000,25093.519028
-109073,3000,25109.370327
-128087,3000,25124.780452
-109118,3000,25141.33497
-133070,3000,25157.432631
-104084,3000,25173.005552
-100070,3000,25188.740687
-115053,3000,25204.348476
-119048,3000,25219.867627
-115066,3000,25234.624431
-100045,3000,25250.229721
-103082,3000,25265.815169
-84041,3000,25281.692768
-116101,3000,25296.638129
-122076,3000,25311.492708
-130081,3000,25326.77683
-108075,3000,25341.286484
-105075,3000,25356.830161
-99074,3000,25372.459608
-124103,3000,25387.807264
-109088,3000,25402.56603
-116128,3000,25417.726303
-116046,3000,25433.939219
-91050,3000,25449.21191
-80011,3000,25464.600091
-109065,3000,25478.929257
-100034,3000,25494.547381
-108065,3000,25510.617999
-133049,3000,25526.143147
-113079,3000,25542.976338
-106062,3000,25558.927104
-112048,3000,25574.615914
-121052,3000,25590.834467
-108055,3000,25606.805911
-108091,3000,25622.373515
-113056,3000,25637.64521
-94049,3000,25653.305601
-111020,3000,25669.053087
-97035,3000,25684.384142
-116067,3000,25699.775109
-107076,3000,25716.355016
-106066,3000,25732.747145
-102061,3000,25748.97162
-104055,3000,25763.885238
-120080,3000,25779.307096
-89014,3000,25794.966617
-103073,3000,25811.045238
-106036,3000,25826.961174
-112062,3000,25842.276137
-103022,3000,25858.564547
-107067,3000,25875.077522
-98067,3000,25890.716496
-91076,3000,25905.482785
-103066,3000,25920.67641
-110043,3000,25935.542769
-114087,3000,25950.219442
-106065,3000,25965.364635
-86061,3000,25980.353868
-96043,3000,25995.455625
-105064,3000,26017.528705
-98040,3000,26032.721334
-88024,3000,26048.483725
-106037,3000,26063.264389
-100047,3000,26078.561077
-102059,3000,26094.65434
-102068,3000,26110.920216
-106073,3000,26127.138078
-107048,3000,26143.031976
-105053,3000,26159.143401
-90038,3000,26174.4742
-98043,3000,26189.593732
-87018,3000,26204.512579
-115051,3000,26219.502206
-102056,3000,26234.442072
-96042,3000,26249.815398
-96067,3000,26265.321962
-80034,3000,26280.489878
-108042,3000,26295.555435
-107037,3000,26310.649205
-102017,3000,26326.200096
-104072,3000,26341.286226
-93019,3000,26356.917762
-95025,3000,26372.22459
-89040,3000,26387.39696
-92025,3000,26402.536303
-98039,3000,26418.298679
-90020,3000,26433.769784
-73010,3000,26448.823786
-86997,3000,26463.792208
-103019,3000,26478.424366
-95031,3000,26493.420288
-97039,3000,26508.561973
-80019,3000,26523.077432
-93027,3000,26537.947383
-94049,3000,26552.824751
-91010,3000,26567.82603
-95034,3000,26582.905001
-95005,3000,26598.057148
-110001,3000,26612.719701
-104020,3000,26627.5872
-108022,3000,26642.554249
-107036,3000,26657.483221
-99020,3000,26672.555657
-88026,3000,26687.32855
-98032,3000,26702.441073
-98020,3000,26717.412024
-97016,3000,26732.480938
-85012,3000,26746.890152
-90007,3000,26762.368198
-96058,3000,26777.47575
-96020,3000,26792.887154
-94049,3000,26807.953457
-74009,3000,26822.869351
-92031,3000,26838.330369
-92056,3000,26852.563123
-92043,3000,26867.617824
-89023,3000,26883.113014
-105006,3000,26898.573243
-91993,3000,26913.853958
-92026,3000,26928.889007
-96047,3000,26944.473214
-96017,3000,26959.258756
-80986,3000,26974.761883
-96028,3000,26989.585291
-107029,3000,27004.521953
-93001,3000,27019.270921
-90982,3000,27040.748847
-97047,3000,27055.850786
-85003,3000,27070.937451
-91051,3000,27086.34225
-78010,3000,27101.427905
-85986,3000,27116.899418
-88058,3000,27131.62006
-76991,3000,27147.130507
-82010,3000,27162.239136
-95003,3000,27177.202323
-74019,3000,27192.279151
-80002,3000,27207.279131
-80018,3000,27222.293698
-83022,3000,27236.858778
-70988,3000,27251.314747
-92039,3000,27266.191133
-91012,3000,27281.006885
-92002,3000,27296.440828
-85979,3000,27311.843091
-93993,3000,27326.290291
-101038,3000,27341.643572
-82997,3000,27356.535299
-87048,3000,27371.659235
-85028,3000,27386.888979
-85996,3000,27402.63404
-92014,3000,27417.553372
-82018,3000,27432.636847
-82019,3000,27447.334764
-75001,3000,27462.416805
-71988,3000,27477.062765
-75007,3000,27492.076728
-85020,3000,27507.011072
-74010,3000,27521.492092
-77021,3000,27536.255851
-83020,3000,27551.17013
-69011,3000,27565.892455
-83004,3000,27581.021632
-88992,3000,27595.850116
-74008,3000,27610.990119
-77991,3000,27625.654958
-77002,3000,27640.255068
-86989,3000,27655.499485
-73971,3000,27670.512794
-80991,3000,27684.640999
-70002,3000,27698.805701
-69968,3000,27713.261594
-66971,3000,27727.984441
-80981,3000,27742.229784
-83014,3000,27757.2111
-79986,3000,27771.667889
-89995,3000,27785.782963
-92036,3000,27800.441758
-81003,3000,27815.405986
-85035,3000,27830.328731
-71001,3000,27844.608891
-67993,3000,27859.392044
-93000,3000,27873.631796
-94033,3000,27888.33655
-77976,3000,27903.5541
-78963,3000,27919.150981
-76987,3000,27933.977832
-82026,3000,27948.591835
-77975,3000,27963.020205
-68956,3000,27978.378449
-83018,3000,27993.610388
-71987,3000,28008.704642
-81984,3000,28029.267323
-61988,3000,28043.575716
-74959,3000,28058.382565
-76014,3000,28073.297025
-77970,3000,28088.454338
-74025,3000,28103.395837
-80005,3000,28118.1226
-93014,3000,28132.403824
-78011,3000,28146.94678
-78975,3000,28161.704839
-61985,3000,28176.582741
-88957,3000,28191.811794
-67957,3000,28206.713351
-70988,3000,28221.098185
-68992,3000,28235.474173
-71002,3000,28249.809048
-85010,3000,28263.736433
-74981,3000,28277.896076
-75998,3000,28292.728438
-88962,3000,28308.273105
-71967,3000,28322.847502
-86000,3000,28337.278799
-86972,3000,28351.541208
-73961,3000,28365.425815
-76968,3000,28380.09146
-82966,3000,28394.670935
-80997,3000,28409.554613
-74046,3000,28423.764697
-69971,3000,28439.017985
-63974,3000,28453.832408
-84971,3000,28468.303991
-69980,3000,28483.019368
-64977,3000,28497.579223
-61955,3000,28511.99195
-86980,3000,28526.378759
-60989,3000,28540.589279
-77000,3000,28554.891226
-77983,3000,28569.283771
-75974,3000,28583.698035
-70913,3000,28598.61614
-71953,3000,28612.837218
-74975,3000,28627.608723
-75973,3000,28641.852319
-62938,3000,28656.448534
-72958,3000,28671.118729
-62953,3000,28686.11583
-70958,3000,28700.585877
-70970,3000,28714.916837
-72994,3000,28728.912471
-79970,3000,28743.413836
-70973,3000,28757.800313
-73973,3000,28771.937106
-78974,3000,28786.568535
-66979,3000,28800.995664
-63954,3000,28815.816094
-61960,3000,28830.566626
-76955,3000,28844.820224
-70002,3000,28858.608341
-75988,3000,28872.753284
-74973,3000,28887.094668
-53965,3000,28901.919905
-61963,3000,28916.521751
-68995,3000,28930.653563
-69927,3000,28946.004899
-71968,3000,28960.365997
-59952,3000,28975.160872
-67950,3000,28990.156904
-54977,3000,29010.100455
-66970,3000,29024.575835
-56980,3000,29039.355628
-69951,3000,29054.184525
-70957,3000,29068.699351
-60961,3000,29083.052635
-51952,3000,29097.345396
-60956,3000,29112.104643
-53973,3000,29126.116212
-62954,3000,29140.472845
-68971,3000,29154.56276
-67965,3000,29169.007082
-63930,3000,29183.74239
-61972,3000,29197.51326
-65980,3000,29212.230867
-61942,3000,29227.203477
-63983,3000,29241.890834
-64963,3000,29256.258723
-58934,3000,29270.65681
-62011,3000,29285.467659
-54975,3000,29299.952726
-57978,3000,29314.902845
-71969,3000,29329.338328
-54969,3000,29344.08752
-59986,3000,29358.812307
-71975,3000,29373.27403
-49942,3000,29388.111686
-62985,3000,29402.412701
-59979,3000,29417.786121
-54951,3000,29432.19577
-66960,3000,29446.839342
-58942,3000,29461.425827
-55959,3000,29475.396041
-56916,3000,29489.671575
-70941,3000,29504.358067
-58955,3000,29517.975087
-66995,3000,29531.797367
-52947,3000,29546.222754
-62974,3000,29560.308735
-60926,3000,29575.056967
-56944,3000,29589.293487
-56950,3000,29603.777546
-55963,3000,29617.605534
-72954,3000,29632.142603
-63956,3000,29646.602431
-70968,3000,29661.378701
-67951,3000,29675.98339
-58945,3000,29691.494746
-72916,3000,29706.177995
-57926,3000,29719.942689
-63962,3000,29734.871425
-64958,3000,29751.388816
-52950,3000,29767.814589
-62954,3000,29782.683473
-61957,3000,29799.00834
-43912,3000,29815.451628
-52934,3000,29831.53925
-54911,3000,29847.188496
-51922,3000,29864.073615
-55908,3000,29880.187285
-56964,3000,29895.937675
-58978,3000,29911.92097
-46946,3000,29929.113847
-50958,3000,29944.34384
-50939,3000,29958.846953
-44933,3000,29973.94003
-42945,3000,29989.514218
-60966,3000,30010.800931
-55957,3000,30025.857248
-41933,3000,30041.529032
-49959,3000,30057.144343
-54925,3000,30072.801603
-40936,3000,30087.723143
-54962,3000,30102.090772
-45957,3000,30116.635204
-55921,3000,30132.346478
-51963,3000,30148.841368
-39942,3000,30164.783048
-47981,3000,30182.326336
-54929,3000,30202.924733
-65962,3000,30225.90688
-56943,3000,30247.171606
-49970,3000,30266.406557
-42923,3000,30281.425368
-50915,3000,30296.936176
-56963,3000,30311.578518
-51915,3000,30328.204408
-47925,3000,30344.876856
-47933,3000,30360.559052
-51933,3000,30375.723256
-47934,3000,30390.213452
-36901,3000,30404.947872
-57952,3000,30419.764274
-51930,3000,30433.980006
-47967,3000,30449.437513
-44957,3000,30464.234343
-35931,3000,30478.801182
-56953,3000,30493.181247
-57940,3000,30507.595323
-46937,3000,30522.380411
-53955,3000,30537.983581
-51961,3000,30552.647209
-45946,3000,30566.665293
-40949,3000,30581.064274
-33935,3000,30595.651228
-46943,3000,30610.097011
-45940,3000,30624.38044
-39908,3000,30638.661949
-42949,3000,30653.163449
-55949,3000,30667.921907
-37941,3000,30681.765911
-43914,3000,30695.80181
-46938,3000,30709.830937
-54952,3000,30724.137513
-40962,3000,30738.573183
-44954,3000,30752.361773
-47927,3000,30766.563493
-60933,3000,30781.354407
-36911,3000,30796.020872
-48951,3000,30810.413887
-44949,3000,30824.456306
-52933,3000,30838.438508
-51923,3000,30852.108198
-34920,3000,30866.324099
-41923,3000,30880.768403
-43965,3000,30895.008678
-45940,3000,30909.38053
-45931,3000,30923.934593
-44918,3000,30938.699787
-39947,3000,30953.306856
-37931,3000,30967.55734
-44943,3000,30982.239511
-37919,3000,30996.897429
-41949,3000,31016.595056
-35933,3000,31030.37595
-46917,3000,31044.067561
-41939,3000,31058.319309
-35890,3000,31072.587623
-42920,3000,31086.872443
-41921,3000,31101.245259
-52933,3000,31116.09068
-40947,3000,31130.307161
-41904,3000,31144.509728
-39916,3000,31158.771133
-44940,3000,31172.810984
-37916,3000,31186.374547
-34886,3000,31200.256877
-42941,3000,31214.519912
-36899,3000,31228.305304
-46936,3000,31242.628957
-33904,3000,31256.699075
-45955,3000,31270.55511
-38927,3000,31284.906507
-34938,3000,31299.270963
-34934,3000,31312.872241
-30930,3000,31326.781814
-33921,3000,31340.885934
-39930,3000,31355.158075
-47934,3000,31369.283686
-43917,3000,31383.666946
-34960,3000,31397.715544
-41930,3000,31412.226846
-27911,3000,31426.55859
-41907,3000,31441.46725
-33901,3000,31456.053223
-36914,3000,31470.870924
-31901,3000,31486.021032
-33941,3000,31500.497951
-18927,3000,31514.892738
-30889,3000,31529.501936
-30942,3000,31543.275962
-22885,3000,31557.396108
-18930,3000,31571.698128
-33896,3000,31586.306075
-36952,3000,31600.748389
-55899,3000,31614.958731
-37949,3000,31629.444255
-29912,3000,31643.607561
-27896,3000,31657.442583
-36960,3000,31671.773798
-36919,3000,31686.455908
-35915,3000,31700.190716
-32905,3000,31714.324081
-32937,3000,31728.161571
-40938,3000,31742.273111
-36914,3000,31756.616018
-32888,3000,31770.779305
-20937,3000,31785.099167
-26896,3000,31799.872911
-38920,3000,31813.82111
-39919,3000,31827.559561
-31928,3000,31841.284505
-36928,3000,31855.72157
-30924,3000,31869.978301
-26935,3000,31883.66502
-36931,3000,31897.779653
-33917,3000,31911.963458
-28912,3000,31926.249184
-20932,3000,31941.165131
-31930,3000,31955.86246
-31915,3000,31975.742575
-19916,3000,31990.055164
-33900,3000,32004.137204
-31935,3000,32018.04164
-25906,3000,32032.205993
-25928,3000,32045.604867
-23916,3000,32059.69314
-27915,3000,32074.317693
-18911,3000,32088.620343
-22907,3000,32102.713466
-24939,3000,32116.847417
-22932,3000,32131.34329
-30930,3000,32145.375904
-34933,3000,32159.274131
-24899,3000,32173.417509
-28900,3000,32188.18504
-19920,3000,32202.271522
-22920,3000,32216.380003
-24919,3000,32230.561476
-23941,3000,32244.779001
-25906,3000,32259.5614
-27938,3000,32273.230724
-25902,3000,32287.271869
-22895,3000,32301.685001
-16921,3000,32316.020017
-25949,3000,32329.558073
-16901,3000,32343.93836
-23907,3000,32357.861972
-21910,3000,32371.883001
-18899,3000,32385.762561
-18894,3000,32399.817254
-22918,3000,32413.245843
-21886,3000,32427.337949
-23896,3000,32441.523217
-21922,3000,32455.305339
-21915,3000,32469.416697
-24934,3000,32483.349894
-22902,3000,32497.730438
-20925,3000,32511.062548
-23927,3000,32525.12427
-27886,3000,32539.184578
-11927,3000,32553.649842
-29922,3000,32567.574991
-13894,3000,32581.528259
-24906,3000,32595.60699
-21905,3000,32609.309493
-19926,3000,32623.843233
-18903,3000,32637.942127
-14927,3000,32652.245127
-21921,3000,32666.616836
-18887,3000,32680.769284
-27901,3000,32694.260883
-24917,3000,32708.762431
-19875,3000,32723.086195
-28926,3000,32737.043688
-20889,3000,32751.431857
-20887,3000,32765.813979
-17919,3000,32780.283461
-6863,3000,32794.315469
-20907,3000,32808.928576
-20938,3000,32823.005622
-31901,3000,32837.988405
-19912,3000,32852.209965
-15905,3000,32866.25547
-18923,3000,32880.176377
-19904,3000,32894.993833
-10922,3000,32909.170968
-17898,3000,32929.547504
-18876,3000,32943.273964
-15863,3000,32957.526589
-18892,3000,32971.498046
-11897,3000,32985.853667
-20870,3000,33000.425307
-12877,3000,33014.698395
-25914,3000,33028.382564
-19891,3000,33043.051426
-17899,3000,33057.31388
-11879,3000,33071.58973
-15901,3000,33085.381258
-16908,3000,33100.093238
-16899,3000,33114.245226
-28924,3000,33127.751898
-9916,3000,33141.914301
-16905,3000,33156.277494
-25922,3000,33170.363589
-17890,3000,33184.44901
-13898,3000,33198.607574
-15860,3000,33212.63626
-19922,3000,33226.064595
-15922,3000,33239.807868
-14912,3000,33254.292745
-11924,3000,33268.751532
-13923,3000,33282.671591
-19919,3000,33296.618112
-14884,3000,33310.792086
-15866,3000,33325.43951
-15889,3000,33339.053567
-21904,3000,33352.877251
-15920,3000,33366.53251
-16877,3000,33380.72442
-17896,3000,33394.783621
-9919,3000,33408.389842
-18879,3000,33422.511332
-17930,3000,33436.818741
-15889,3000,33450.725031
-19891,3000,33464.884794
-18892,3000,33479.381749
-9880,3000,33493.56828
-20889,3000,33507.938218
-15889,3000,33521.96909
-21900,3000,33535.85151
-12877,3000,33549.208965
-15868,3000,33563.288173
-10903,3000,33577.249415
-16870,3000,33591.308318
-19921,3000,33605.603623
-24914,3000,33619.941871
-19912,3000,33633.464834
-11928,3000,33647.309088
-20896,3000,33660.895063
-14877,3000,33674.88005
-8913,3000,33689.284123
-15879,3000,33703.441571
-17892,3000,33717.455232
-19914,3000,33731.587087
-22878,3000,33745.590979
-12899,3000,33759.595601
-23910,3000,33773.467451
-16912,3000,33787.031572
-9892,3000,33800.805943
-23923,3000,33814.291438
-20918,3000,33828.549571
-16934,3000,33842.707181
-18933,3000,33862.448002
-19925,3000,33876.624273
-14883,3000,33890.501989
-11895,3000,33905.193757
-16882,3000,33919.523948
-25899,3000,33933.93839
-12861,3000,33948.334484
-27937,3000,33961.774074
-14907,3000,33975.331851
-18949,3000,33988.970586
-11914,3000,34002.383885
-9928,3000,34015.961242
-15901,3000,34029.586497
-17913,3000,34043.1482
-18902,3000,34057.076211
-13919,3000,34070.952362
-12917,3000,34085.04874
-18884,3000,34098.975867
-21888,3000,34112.979495
-9884,3000,34126.982843
-12905,3000,34141.219914
-13911,3000,34155.058743
-18890,3000,34169.179859
-20936,3000,34183.195044
-10883,3000,34197.199262
-10899,3000,34210.713544
-19902,3000,34224.374639
-19925,3000,34238.446627
-20897,3000,34252.139256
-18877,3000,34266.332714
-14930,3000,34279.897801
-19886,3000,34293.661492
-13925,3000,34307.642195
-17930,3000,34320.738243
-17902,3000,34334.694334
-24896,3000,34348.694023
-8859,3000,34363.105148
-21891,3000,34377.209457
-20905,3000,34391.147013
-12921,3000,34404.910232
-15886,3000,34419.149516
-16916,3000,34433.181416
-24878,3000,34447.439489
-17937,3000,34461.275017
-24960,3000,34475.790365
-21908,3000,34489.915755
-21907,3000,34504.087234
-18922,3000,34517.869318
-19893,3000,34531.392889
-21936,3000,34545.277298
-19945,3000,34559.03108
-11927,3000,34573.091731
-14916,3000,34587.331268
-11903,3000,34601.44779
-19891,3000,34615.622357
-22920,3000,34629.850527
-18915,3000,34643.682641
-14928,3000,34657.771217
-13897,3000,34672.201196
-19914,3000,34685.640419
-16904,3000,34699.922248
-22879,3000,34714.30196
-16895,3000,34728.836191
-18927,3000,34742.90974
-15960,3000,34756.425271
-13891,3000,34770.688604
-20894,3000,34784.722247
-11873,3000,34804.447969
-17887,3000,34819.155766
-16904,3000,34832.825741
-20891,3000,34847.250391
-23889,3000,34861.944756
-22885,3000,34876.142187
-10900,3000,34890.049531
-22910,3000,34903.45918
-13888,3000,34917.779471
-19929,3000,34931.327545
-18946,3000,34945.650049
-18910,3000,34959.094716
-17937,3000,34972.903367
-15879,3000,34986.864823
-20876,3000,35000.703083
-19925,3000,35014.79598
-19923,3000,35028.721903
-16922,3000,35043.039989
-16908,3000,35056.867129
-15887,3000,35071.676988
-23905,3000,35085.13605
-17901,3000,35099.227371
-17919,3000,35113.222863
-9908,3000,35127.671075
-22898,3000,35142.198631
-18900,3000,35156.666616
-12899,3000,35170.911449
-20883,3000,35185.624459
-10905,3000,35199.075972
-23913,3000,35213.358563
-15884,3000,35227.525827
-22898,3000,35241.398016
-21896,3000,35255.319986
-18923,3000,35269.535178
-22902,3000,35283.124256
-20913,3000,35296.966358
-18907,3000,35310.771518
-13884,3000,35325.097375
-16890,3000,35339.325072
-17885,3000,35353.586126
-15899,3000,35367.093575
-15885,3000,35380.679471
-23918,3000,35394.894967
-19876,3000,35408.790624
-12887,3000,35422.917562
-17915,3000,35437.249018
-18924,3000,35451.204167
-18912,3000,35465.058691
-14903,3000,35478.964391
-16926,3000,35492.646952
-20886,3000,35507.081251
-20925,3000,35521.300505
-16917,3000,35535.228879
-13907,3000,35548.562723
-28901,3000,35562.713532
-12877,3000,35576.79042
-15879,3000,35590.527946
-18913,3000,35604.727979
-13874,3000,35618.645558
-9875,3000,35633.156101
-18888,3000,35647.056169
-21904,3000,35661.002418
-16918,3000,35674.641153
-16876,3000,35688.757642
-22887,3000,35702.681304
-15881,3000,35716.477661
-14872,3000,35730.764133
-19914,3000,35750.129083
-26883,3000,35764.369721
-19900,3000,35778.293437
-23903,3000,35791.667898
-21891,3000,35806.092763
-18909,3000,35820.153646
-18936,3000,35833.498722
-19885,3000,35847.839141
-13908,3000,35861.673205
-21913,3000,35874.876346
-19859,3000,35888.983484
-19881,3000,35902.952798
-21883,3000,35917.202851
-19890,3000,35930.810802
-11896,3000,35944.417248
-20928,3000,35958.581679
-12908,3000,35972.517431
-14900,3000,35986.673445
-11913,3000,36000.392908
-15877,3000,36014.271981
-29910,3000,36028.270071
-12877,3000,36041.848701
-16904,3000,36055.769355
-12896,3000,36069.200691
-20922,3000,36082.506043
-13903,3000,36096.449214
-13893,3000,36110.588742
-20932,3000,36124.579288
-13907,3000,36138.329324
-12888,3000,36152.872285
-21933,3000,36167.229805
-15881,3000,36181.674194
-18874,3000,36195.872334
-18896,3000,36210.368699
-22900,3000,36224.056168
-24918,3000,36238.346392
-3915,3000,36252.031723
-15904,3000,36266.187046
-14893,3000,36279.976309
-14900,3000,36293.81143
-18905,3000,36307.656702
-21874,3000,36321.796868
-22890,3000,36335.623888
-10879,3000,36349.307906
-12879,3000,36362.883024
-15908,3000,36376.874744
-23895,3000,36390.733356
-13883,3000,36405.271525
-17885,3000,36419.771535
-16894,3000,36433.983626
-16902,3000,36447.935957
-23884,3000,36461.715361
-16902,3000,36475.582474
-15894,3000,36489.119604
-15898,3000,36502.437926
-14887,3000,36517.409831
-17906,3000,36531.589929
-17885,3000,36545.770104
-23901,3000,36559.975516
-15931,3000,36574.396145
-19867,3000,36588.919786
-19874,3000,36603.432073
-19886,3000,36617.733397
-26918,3000,36632.346789
-11886,3000,36646.654866
-19867,3000,36661.013202
-18889,3000,36681.166984
-15856,3000,36695.249376
-11854,3000,36709.718683
-16906,3000,36723.841997
-15858,3000,36737.670454
-12877,3000,36752.035815
-18926,3000,36766.364523
-17921,3000,36780.091777
-20901,3000,36794.312244
-16914,3000,36808.782779
-24912,3000,36822.572212
-16906,3000,36836.069317
-22898,3000,36849.902984
-20911,3000,36863.900002
-25899,3000,36877.704598
-11882,3000,36891.674505
-23895,3000,36905.428954
-19913,3000,36919.429271
-23908,3000,36932.711185
-18917,3000,36946.73592
-13886,3000,36960.294336
-17904,3000,36973.770087
-14902,3000,36987.798732
-20890,3000,37001.531923
-13885,3000,37015.146765
-17909,3000,37028.727855
-13902,3000,37043.436164
-21904,3000,37057.27437
-16939,3000,37071.267164
-9896,3000,37085.151273
-18890,3000,37099.55224
-8893,3000,37113.362732
-17901,3000,37126.999026
-16862,3000,37141.256384
-16892,3000,37155.232489
-13919,3000,37168.524447
-7897,3000,37181.681489
-12906,3000,37195.299911
-20877,3000,37209.120827
-17890,3000,37222.517554
-17911,3000,37235.919058
-28878,3000,37250.123272
-19873,3000,37264.130882
-21888,3000,37278.098131
-15929,3000,37291.913008
-12941,3000,37305.458724
-17890,3000,37318.685998
-10858,3000,37332.529332
-17928,3000,37346.259587
-14901,3000,37360.034759
-14905,3000,37373.714286
-25929,3000,37387.167659
-17875,3000,37401.518238
-16872,3000,37415.98516
-16906,3000,37430.077783
-18887,3000,37444.070542
-20895,3000,37458.048735
-18878,3000,37472.303406
-19933,3000,37486.087179
-19918,3000,37500.063924
-16930,3000,37514.113126
-17900,3000,37527.584314
-24899,3000,37541.535856
-21915,3000,37555.589729
-19917,3000,37569.135639
-20898,3000,37583.140727
-19876,3000,37597.208079
-17889,3000,37616.380257
-13856,3000,37630.144502
-15865,3000,37644.133139
-9875,3000,37658.087739
-19905,3000,37672.641882
-20900,3000,37686.229681
-21871,3000,37700.431822
-17875,3000,37714.526609
-14931,3000,37728.054506
-20887,3000,37742.23674
-20905,3000,37756.437854
-18905,3000,37770.026607
-23906,3000,37783.450246
-16847,3000,37797.978675
-18883,3000,37811.617406
-17858,3000,37826.232088
-16881,3000,37840.46974
-9884,3000,37854.642449
-15918,3000,37868.619348
-13884,3000,37883.077358
-14858,3000,37897.246587
-21886,3000,37911.486876
-24915,3000,37925.854838
-17888,3000,37939.728312
-24916,3000,37953.89277
-15906,3000,37967.781634
-14875,3000,37982.465925
-17889,3000,37995.930984
-17868,3000,38010.367312
-15894,3000,38024.423205
-13905,3000,38038.33084
-14911,3000,38052.529107
-21886,3000,38067.003858
-17886,3000,38080.338721
-14890,3000,38093.967022
-25896,3000,38107.963196
-17893,3000,38121.931909
-23919,3000,38135.77131
-15885,3000,38150.321679
-20892,3000,38164.007219
-17905,3000,38177.903662
-18892,3000,38192.923114
-19905,3000,38206.392974
-13874,3000,38220.397331
-10880,3000,38234.326533
-14878,3000,38248.499662
-13890,3000,38262.483101
-13904,3000,38276.513968
-12851,3000,38290.352764
-18899,3000,38304.36162
-16862,3000,38318.701522
-9885,3000,38332.946298
-13851,3000,38346.838613
-18900,3000,38360.679431
-21904,3000,38375.181393
-18841,3000,38389.523928
-23887,3000,38403.149326
-14866,3000,38417.815718
-11866,3000,38432.241616
-22911,3000,38446.139551
-14850,3000,38460.254556
-20893,3000,38474.132692
-16889,3000,38488.332828
-23879,3000,38502.201883
-24899,3000,38516.430979
-12894,3000,38530.35752
-11869,3000,38544.217001
-15883,3000,38564.413076
-25887,3000,38578.82607
-9883,3000,38592.70573
-13891,3000,38606.241344
-13884,3000,38620.068271
-12873,3000,38633.636084
-21899,3000,38647.426838
-17887,3000,38661.474211
-19908,3000,38675.301537
-14903,3000,38688.373745
-16904,3000,38701.952155
-23902,3000,38715.551538
-14886,3000,38729.441668
-17909,3000,38743.343356
-19882,3000,38757.641127
-21891,3000,38771.566448
-21900,3000,38785.543536
-21898,3000,38799.674968
-13853,3000,38813.832943
-17906,3000,38827.575486
-12885,3000,38841.868137
-18884,3000,38856.030911
-19880,3000,38870.177389
-16924,3000,38884.137078
-16905,3000,38898.092656
-16906,3000,38911.839433
-17890,3000,38925.191856
-16876,3000,38938.883252
-12906,3000,38952.508206
-18885,3000,38967.270474
-17892,3000,38980.908718
-15885,3000,38995.088505
-16903,3000,39008.886842
-22903,3000,39023.05081
-25891,3000,39037.105817
-22865,3000,39051.308321
-19912,3000,39065.099344
-27871,3000,39079.284963
-29886,3000,39093.550795
-18901,3000,39107.835896
-14882,3000,39122.136128
-16891,3000,39136.310785
-17870,3000,39150.564661
-13884,3000,39164.343625
-15887,3000,39178.52574
-18894,3000,39193.004031
-18869,3000,39207.189682
-21939,3000,39220.867882
-20909,3000,39234.563475
-21907,3000,39248.267475
-14905,3000,39262.084782
-18906,3000,39275.672549
-13882,3000,39289.329344
-18906,3000,39302.654333
-19897,3000,39316.002998
-17870,3000,39329.322204
-12910,3000,39342.984237
-22875,3000,39356.578859
-15898,3000,39370.092654
-19871,3000,39383.988999
-17903,3000,39397.921035
-16885,3000,39411.572554
-12881,3000,39425.192977
-12875,3000,39438.348952
-11887,3000,39452.199881
-20937,3000,39466.081465
-17871,3000,39485.79408
-27877,3000,39500.06248
-20885,3000,39514.051663
-15890,3000,39528.066671
-17906,3000,39542.611537
-16878,3000,39556.13289
-14889,3000,39569.531235
-23907,3000,39583.06304
-17890,3000,39597.49204
-23903,3000,39611.762166
-18899,3000,39625.589274
-20888,3000,39639.841574
-13863,3000,39654.201424
-13891,3000,39668.048374
-20884,3000,39682.025917
-13912,3000,39695.526999
-15865,3000,39709.174356
-23909,3000,39723.256342
-16884,3000,39737.029724
-16857,3000,39751.057909
-11867,3000,39765.269114
-16915,3000,39778.819733
-19902,3000,39792.654279
-19923,3000,39806.10966
-17887,3000,39819.905394
-9878,3000,39833.656758
-9887,3000,39847.987954
-17905,3000,39862.134019
-13878,3000,39876.291916
-11843,3000,39891.338151
-13862,3000,39905.48015
-17904,3000,39919.76824
-21899,3000,39933.472893
-19858,3000,39947.542544
-29915,3000,39961.759515
-10889,3000,39975.897398
-15920,3000,39989.542549
-18892,3000,40003.352463
-19907,3000,40017.50269
-23877,3000,40031.230893
-23915,3000,40044.503293
-24880,3000,40058.608097
-23871,3000,40073.086694
-20891,3000,40086.922773
-13874,3000,40101.074728
-9872,3000,40115.331858
-17888,3000,40129.809296
-15915,3000,40143.631884
-16860,3000,40157.634404
-21909,3000,40171.146381
-13886,3000,40185.357583
-24899,3000,40198.888164
-19895,3000,40212.460663
-9865,3000,40226.64643
-20920,3000,40239.893434
-14913,3000,40253.211675
-20898,3000,40267.442185
-16879,3000,40281.436278
-21867,3000,40295.281756
-21919,3000,40309.148075
-18903,3000,40322.785285
-10896,3000,40336.987424
-11859,3000,40351.603444
-14882,3000,40365.870128
-13917,3000,40379.112653
-22921,3000,40392.742443
-16889,3000,40406.575386
-20855,3000,40426.930751
-11879,3000,40441.032795
-11907,3000,40455.391254
-24896,3000,40469.771148
-28904,3000,40483.927312
-19881,3000,40497.624975
-18896,3000,40511.482971
-19896,3000,40525.850801
-22888,3000,40540.004551
-11886,3000,40553.491203
-24896,3000,40567.427193
-12894,3000,40581.607796
-17924,3000,40595.15648
-20881,3000,40609.14328
-15914,3000,40623.18408
-16881,3000,40636.952639
-15873,3000,40651.24073
-10886,3000,40665.194855
-20898,3000,40678.77736
-17909,3000,40692.373813
-18888,3000,40706.858948
-18854,3000,40721.380849
-22896,3000,40735.219992
-13905,3000,40749.172012
-18879,3000,40763.112572
-12874,3000,40776.705132
-17890,3000,40790.837973
-17861,3000,40805.183211
-10840,3000,40819.237853
-17880,3000,40833.14069
-14853,3000,40847.220832
-18883,3000,40861.392221
-20889,3000,40875.720834
-16879,3000,40889.696993
-17893,3000,40903.393552
-12932,3000,40917.097654
-11853,3000,40931.009212
-25897,3000,40944.934051
-14906,3000,40959.06782
-18893,3000,40973.236356
-24917,3000,40987.281969
-17900,3000,41000.832869
-17871,3000,41014.90778
-18876,3000,41028.946504
-16879,3000,41043.734273
-17881,3000,41057.608199
-14856,3000,41071.84538
-14923,3000,41085.50865
-8884,3000,41099.082209
-17887,3000,41112.702009
-20874,3000,41126.844553
-17888,3000,41140.770159
-10894,3000,41154.329179
-10888,3000,41167.866486
-23910,3000,41181.642784
-18927,3000,41195.221955
-22873,3000,41209.333027
-24912,3000,41223.206887
-26888,3000,41237.560602
-18914,3000,41251.270707
-16892,3000,41265.384118
-20892,3000,41279.866165
-16907,3000,41293.688229
-17847,3000,41308.039047
-18877,3000,41322.1823
-22888,3000,41336.057302
-20886,3000,41349.475575
-11880,3000,41368.989645
-18902,3000,41383.071256
-23908,3000,41397.086924
-17886,3000,41411.237157
-16900,3000,41425.70958
-17857,3000,41439.770656
-13916,3000,41454.253049
-24894,3000,41468.635118
-14908,3000,41483.046698
-9873,3000,41496.979767
-18904,3000,41510.08533
-12868,3000,41523.80053
-19896,3000,41537.667174
-15868,3000,41552.066241
-10877,3000,41565.91284
-9865,3000,41580.308048
-17862,3000,41594.666447
-23872,3000,41608.939316
-12897,3000,41623.22433
-17886,3000,41637.073376
-18870,3000,41651.610756
-15892,3000,41665.702865
-9864,3000,41679.795084
-14887,3000,41693.422914
-11903,3000,41707.761349
-17916,3000,41721.977551
-20861,3000,41736.558496
-19901,3000,41749.994131
-18951,3000,41764.080628
-15893,3000,41778.210653
-21907,3000,41792.172105
-25923,3000,41806.229099
-10874,3000,41820.02789
-13889,3000,41833.811595
-13869,3000,41847.964139
-12884,3000,41862.272839
-16911,3000,41876.271932
-24925,3000,41890.555591
-16894,3000,41905.03419
-23916,3000,41919.293475
-12927,3000,41933.644212
-10880,3000,41947.203799
-16891,3000,41961.066698
-16883,3000,41975.126644
-19874,3000,41989.312864
-16868,3000,42003.414324
-13890,3000,42017.530917
-11878,3000,42030.767313
-21871,3000,42044.484456
-16862,3000,42058.491915
-18877,3000,42072.131115
-20868,3000,42085.909474
-11878,3000,42100.351319
-16898,3000,42114.1741
-19881,3000,42128.512683
-14904,3000,42141.900737
-14862,3000,42156.645033
-8936,3000,42170.285648
-14869,3000,42184.307503
-19914,3000,42197.386689
-12911,3000,42211.06303
-12903,3000,42224.842753
-11895,3000,42238.454382
-17910,3000,42251.810701
-20895,3000,42265.553087
-11892,3000,42279.066583
-12885,3000,42299.091494
-20922,3000,42313.427689
-10887,3000,42327.659924
-21894,3000,42341.675886
-11894,3000,42355.383661
-19892,3000,42369.677698
-26902,3000,42383.543528
-13876,3000,42397.545619
-14897,3000,42411.396049
-14857,3000,42425.234742
-22878,3000,42439.490255
-12885,3000,42453.701385
-17889,3000,42467.123707
-22902,3000,42481.021767
-21880,3000,42494.892824
-16886,3000,42509.204801
-13881,3000,42523.123827
-15858,3000,42537.402736
-15923,3000,42550.833905
-29883,3000,42565.673135
-20903,3000,42579.318389
-18870,3000,42593.471835
-16936,3000,42606.843757
-12874,3000,42620.481844
-12905,3000,42634.619431
-14930,3000,42648.684467
-15873,3000,42662.830572
-15879,3000,42676.31199
-9888,3000,42690.388665
-14899,3000,42704.762413
-13861,3000,42719.452297
-13885,3000,42733.151421
-25914,3000,42746.776932
-16909,3000,42760.787864
-17918,3000,42774.721379
-13889,3000,42788.936526
-19901,3000,42803.14553
-16907,3000,42817.121649
-16901,3000,42831.143479
-17875,3000,42845.001935
-20905,3000,42858.550477
-24913,3000,42871.943113
-14907,3000,42885.823697
-17880,3000,42900.192306
-20888,3000,42914.230299
-15889,3000,42927.804986
-10862,3000,42942.065878
-13892,3000,42956.071982
-27955,3000,42969.721179
-13885,3000,42983.911895
-16900,3000,42997.705502
-16883,3000,43011.777438
-10915,3000,43025.177642
-14896,3000,43039.013582
-13879,3000,43053.441546
-29901,3000,43067.604946
-22876,3000,43081.406357
-7911,3000,43094.851416
-25885,3000,43108.90458
-20887,3000,43122.714781
-12883,3000,43137.135138
-16892,3000,43150.574743
-12884,3000,43164.66954
-15883,3000,43178.652229
-14903,3000,43192.249177
-22882,3000,43206.89147
-14894,3000,43221.045583
-17908,3000,43240.746938
-20900,3000,43254.9403
-18913,3000,43269.31193
-14884,3000,43283.547663
-13915,3000,43297.129132
-19897,3000,43311.239758
-20905,3000,43325.2806
-13886,3000,43339.289996
-11920,3000,43353.031533
-23928,3000,43367.604845
-15900,3000,43382.34575
-16874,3000,43396.632415
-19919,3000,43409.987248
-21897,3000,43423.767004
-17864,3000,43438.325209
-18896,3000,43451.879739
-14886,3000,43465.767044
-18891,3000,43480.488529
-21887,3000,43494.353073
-21916,3000,43508.629047
-14907,3000,43522.403167
-10900,3000,43536.154659
-16892,3000,43550.068845
-14918,3000,43563.954942
-17879,3000,43577.779973
-20882,3000,43591.725125
-19870,3000,43606.239449
-20908,3000,43619.959983
-21920,3000,43633.678485
-17901,3000,43648.364501
-19876,3000,43662.917018
-19903,3000,43676.494859
-17889,3000,43691.143756
-17905,3000,43704.890675
-19893,3000,43718.654587
-13874,3000,43732.993802
-18916,3000,43746.663599
-11858,3000,43760.428569
-13902,3000,43774.511518
-12900,3000,43788.186129
-13905,3000,43802.334727
-12865,3000,43815.938972
-18921,3000,43829.76691
-11863,3000,43843.891552
-13889,3000,43857.323279
-11873,3000,43870.431712
-18889,3000,43884.573695
-19862,3000,43899.22554
-10892,3000,43912.926998
-11870,3000,43926.984532
-20908,3000,43941.157621
-13872,3000,43954.775268
-14892,3000,43968.69608
-18884,3000,43982.502909
-24869,3000,43996.698319
-18849,3000,44011.137805
-25879,3000,44025.465375
-22933,3000,44039.856661
-13894,3000,44054.126586
-16880,3000,44068.050882
-18912,3000,44082.031618
-8896,3000,44096.247206
-20893,3000,44110.217124
-16883,3000,44124.481483
-12883,3000,44138.443088
-13893,3000,44152.572896
-10875,3000,44166.500524
-19892,3000,44185.480808
-10885,3000,44199.400644
-18876,3000,44213.508316
-11880,3000,44227.294702
-13853,3000,44241.231433
-19918,3000,44255.523041
-15872,3000,44270.138634
-17908,3000,44284.298876
-21882,3000,44298.664521
-12874,3000,44312.968127
-26871,3000,44327.278114
-20906,3000,44341.482906
-19919,3000,44355.342933
-14919,3000,44369.505897
-12876,3000,44382.895646
-8915,3000,44396.34561
-22897,3000,44410.257831
-13847,3000,44425.275581
-15879,3000,44439.285845
-17909,3000,44453.312818
-12874,3000,44467.495793
-17875,3000,44481.347985
-13894,3000,44495.720661
-17868,3000,44509.987471
-8871,3000,44524.278816
-17910,3000,44538.153304
-19882,3000,44552.296742
-26917,3000,44566.21325
-18892,3000,44579.900922
-23893,3000,44594.192766
-8887,3000,44608.310894
-16914,3000,44622.105627
-17923,3000,44635.849686
-19907,3000,44649.287847
-18885,3000,44663.732277
-8907,3000,44677.314037
-12917,3000,44691.729179
-14908,3000,44705.651274
-25908,3000,44719.610224
-17881,3000,44733.446268
-22876,3000,44747.498745
-13893,3000,44761.823541
-16908,3000,44775.213931
-20900,3000,44789.32772
-11940,3000,44803.026
-23913,3000,44816.396189
-14890,3000,44829.611258
-17915,3000,44843.042502
-15874,3000,44857.46309
-16881,3000,44871.658888
-16900,3000,44885.617842
-17849,3000,44900.032621
-16919,3000,44914.110522
-16899,3000,44927.933432
-21865,3000,44942.244402
-15889,3000,44955.842777
-12898,3000,44969.198073
-14922,3000,44982.313792
-18875,3000,44996.418653
-17904,3000,45009.715305
-14918,3000,45023.942364
-20870,3000,45038.043087
-13871,3000,45052.167833
-16878,3000,45065.743689
-9888,3000,45079.327718
-21896,3000,45093.037227
-16897,3000,45112.403973
-13855,3000,45126.588155
-18857,3000,45140.526175
-18872,3000,45154.171031
-18898,3000,45167.919327
-15873,3000,45181.933366
-13906,3000,45195.873601
-12908,3000,45209.83824
-21890,3000,45223.581741
-12880,3000,45237.399232
-22899,3000,45250.975858
-24864,3000,45265.258932
-15880,3000,45279.750616
-21876,3000,45293.871636
-11878,3000,45308.304242
-14912,3000,45322.070527
-13874,3000,45336.553018
-16886,3000,45351.095506
-15897,3000,45365.318005
-13849,3000,45380.148184
-14899,3000,45394.750219
-20888,3000,45409.075073
-20882,3000,45423.356408
-12906,3000,45437.559474
-22912,3000,45451.757658
-18907,3000,45465.59299
-15897,3000,45479.379969
-18867,3000,45493.12281
-16868,3000,45507.78721
-12887,3000,45522.73366
-10918,3000,45536.113005
-13889,3000,45550.122895
-11861,3000,45563.560997
-8898,3000,45577.410375
-24884,3000,45591.670063
-21890,3000,45605.987726
-18893,3000,45620.184276
-17870,3000,45634.052657
-4895,3000,45647.545679
-16866,3000,45661.0184
-15887,3000,45674.822846
-14925,3000,45688.54553
-7903,3000,45702.81025
-23886,3000,45716.497802
-15882,3000,45730.929273
-17877,3000,45744.778329
-14884,3000,45758.890604
-15908,3000,45772.903603
-14884,3000,45786.911632
-15873,3000,45800.629034
-15884,3000,45815.048406
-13903,3000,45828.89213
-12909,3000,45842.279706
-20915,3000,45856.19176
-12903,3000,45870.002322
-22898,3000,45884.163074
-21902,3000,45897.979262
-22935,3000,45912.09359
-18859,3000,45926.282868
-17903,3000,45939.874415
-28885,3000,45954.39332
-16872,3000,45968.127551
-13888,3000,45981.78645
-10882,3000,45995.772798
-24893,3000,46009.599615
-11896,3000,46023.842566
-17881,3000,46037.397307
-25899,3000,46056.585472
-23875,3000,46070.552063
-21899,3000,46084.339803
-16903,3000,46098.34673
-11904,3000,46112.437839
-20892,3000,46125.570002
-9885,3000,46139.041508
-17877,3000,46153.409087
-19887,3000,46167.048376
-19905,3000,46181.041401
-9907,3000,46194.961811
-13883,3000,46209.31289
-7874,3000,46223.342759
-14875,3000,46237.362345
-22887,3000,46251.582794
-13889,3000,46265.801765
-14907,3000,46279.28634
-16912,3000,46293.472152
-21884,3000,46307.091917
-22936,3000,46321.326249
-11894,3000,46335.603577
-14896,3000,46349.739051
-23911,3000,46363.212848
-18868,3000,46377.604631
-14860,3000,46391.648052
-13860,3000,46405.330106
-25912,3000,46419.527018
-17890,3000,46433.520303
-17887,3000,46447.729464
-19928,3000,46461.310076
-15859,3000,46475.530119
-12904,3000,46489.163126
-19893,3000,46503.221786
-19916,3000,46516.92483
-11873,3000,46530.629605
-25901,3000,46544.326815
-21905,3000,46558.057003
-21911,3000,46572.155602
-23918,3000,46586.050926
-11896,3000,46600.195596
-19887,3000,46613.958136
-21895,3000,46628.020673
-12918,3000,46641.7297
-18899,3000,46655.554576
-18891,3000,46669.699753
-15920,3000,46683.325413
-14851,3000,46698.597942
-16921,3000,46712.038563
-16869,3000,46726.725446
-14899,3000,46740.774405
-20897,3000,46754.386708
-16869,3000,46768.672837
-15873,3000,46782.73289
-23891,3000,46796.778482
-13900,3000,46810.919095
-19914,3000,46824.845243
-19880,3000,46838.941503
-17903,3000,46853.288111
-18878,3000,46867.69632
-20889,3000,46881.301342
-17881,3000,46895.85084
-23899,3000,46910.500394
-19890,3000,46924.575975
-14927,3000,46938.350823
-18895,3000,46952.113037
-14905,3000,46966.436202
-13846,3000,46980.868927
-20921,3000,47001.102169
-21912,3000,47015.009002
-23891,3000,47028.886155
-17870,3000,47042.665704
-21910,3000,47056.992719
-15909,3000,47071.050895
-20884,3000,47085.024372
-20909,3000,47098.967983
-27924,3000,47113.089743
-18893,3000,47127.240942
-16861,3000,47140.738746
-13909,3000,47155.276804
-14912,3000,47169.131578
-15881,3000,47183.311596
-24892,3000,47196.886126
-24892,3000,47211.101626
-17901,3000,47225.47126
-17919,3000,47238.650287
-15880,3000,47252.865882
-21849,3000,47267.007522
-11844,3000,47281.083294
-8895,3000,47294.857174
-18911,3000,47308.190845
-26939,3000,47321.938869
-16919,3000,47336.297874
-13906,3000,47349.951231
-16911,3000,47363.814841
-15875,3000,47377.706354
-20904,3000,47391.350213
-12884,3000,47405.995672
-11918,3000,47419.180754
-14914,3000,47433.669304
-12884,3000,47446.978137
-7895,3000,47460.682972
-21892,3000,47474.704722
-12933,3000,47488.751246
-16905,3000,47502.105232
-21875,3000,47516.293126
-9878,3000,47530.358757
-16847,3000,47544.588808
-17898,3000,47558.42534
-16925,3000,47572.029992
-19909,3000,47585.529336
-12912,3000,47599.860115
-10861,3000,47614.6224
-17914,3000,47628.864592
-11886,3000,47642.91112
-12914,3000,47657.031805
-15886,3000,47670.690227
-19892,3000,47684.752267
-25872,3000,47699.149331
-14884,3000,47712.551116
-17879,3000,47726.518975
-10906,3000,47739.59181
-18917,3000,47753.506638
-22871,3000,47767.878828
-18886,3000,47781.870808
-11853,3000,47796.495238
-15892,3000,47810.530437
-18901,3000,47824.653012
-11879,3000,47839.201683
-11889,3000,47852.896972
-18910,3000,47866.833442
-16886,3000,47880.765501
-16878,3000,47894.862093
-10851,3000,47909.919793
-22874,3000,47930.236604
-18901,3000,47944.663154
-16928,3000,47958.628432
-19908,3000,47973.173535
-18920,3000,47987.315452
-20869,3000,48001.316552
-14920,3000,48015.225428
-22913,3000,48029.866357
-17849,3000,48044.382585
-14896,3000,48058.457688
-20889,3000,48072.408806
-15894,3000,48086.624603
-20953,3000,48100.291092
-17880,3000,48114.577224
-15886,3000,48128.711243
-13879,3000,48142.782474
-12911,3000,48157.348102
-20935,3000,48171.109042
-16880,3000,48186.251338
-17883,3000,48200.584055
-25903,3000,48214.239396
-16897,3000,48227.820723
-17915,3000,48242.014334
-17911,3000,48256.288166
-11882,3000,48270.310073
-16877,3000,48284.760836
-20912,3000,48299.291403
-18952,3000,48312.821048
-15868,3000,48327.484294
-16895,3000,48341.902045
-18898,3000,48355.470601
-21892,3000,48369.196922
-18896,3000,48383.44553
-16896,3000,48397.069552
-12862,3000,48411.289642
-22889,3000,48425.405314
-11901,3000,48438.621351
-16866,3000,48452.785901
-14903,3000,48466.651412
-16922,3000,48480.870381
-14898,3000,48495.004846
-12886,3000,48508.457217
-27899,3000,48522.857255
-19910,3000,48536.888105
-13867,3000,48550.805942
-7879,3000,48565.555144
-12902,3000,48579.858649
-15869,3000,48594.084708
-12883,3000,48608.446009
-11873,3000,48622.837432
-19902,3000,48637.158552
-23891,3000,48650.943336
-20886,3000,48665.131809
-18927,3000,48679.160315
-17890,3000,48692.447042
-12894,3000,48706.425465
-16876,3000,48720.536166
-16910,3000,48734.401844
-16887,3000,48748.21225
-17872,3000,48762.507233
-22913,3000,48776.924348
-20919,3000,48790.641422
-21915,3000,48804.613552
-17911,3000,48818.569467
-15909,3000,48832.537632
-12866,3000,48846.807825
-16894,3000,48860.962157
-13866,3000,48880.787968
-10853,3000,48895.101437
-13891,3000,48908.939604
-22910,3000,48922.833938
-20904,3000,48936.422271
-10890,3000,48950.447561
-17882,3000,48964.48601
-14917,3000,48978.183651
-24894,3000,48991.913548
-18894,3000,49005.764017
-20904,3000,49019.718949
-16910,3000,49033.411451
-11872,3000,49046.941119
-17894,3000,49061.424302
-10887,3000,49075.829891
-13891,3000,49089.689713
-18898,3000,49103.516715
-13897,3000,49116.982043
-20907,3000,49130.568264
-25890,3000,49144.145645
-18886,3000,49158.310802
-12881,3000,49171.99275
-17881,3000,49185.581109
-19877,3000,49199.750281
-26872,3000,49213.835508
-14899,3000,49227.423965
-14890,3000,49241.317478
-16910,3000,49254.725044
-20943,3000,49269.038946
-12893,3000,49283.468693
-15890,3000,49297.837523
-14917,3000,49311.7359
-10851,3000,49326.311721
-21938,3000,49340.383902
-17920,3000,49354.913327
-13902,3000,49368.650806
-15893,3000,49382.55209
-17857,3000,49396.916741
-15869,3000,49411.100172
-9865,3000,49425.514236
-18903,3000,49440.018092
-20879,3000,49454.462999
-24886,3000,49469.139499
-14901,3000,49483.523342
-14880,3000,49497.439596
-18912,3000,49511.729524
-18907,3000,49525.93679
-8893,3000,49539.786229
-15874,3000,49553.700989
-29902,3000,49567.743452
-12888,3000,49582.422644
-15892,3000,49596.472954
-16874,3000,49610.33986
-22904,3000,49624.758179
-17873,3000,49638.571314
-17904,3000,49653.09001
-16886,3000,49667.035565
-23892,3000,49681.639148
-16874,3000,49695.926302
-17891,3000,49710.055207
-11885,3000,49724.183153
-11881,3000,49737.780025
-17898,3000,49751.384784
-13886,3000,49765.297838
-18893,3000,49779.432059
-22906,3000,49792.920981
-21897,3000,49806.542418
-18888,3000,49826.28253
-15877,3000,49840.491711
-19909,3000,49854.323166
-14890,3000,49868.781548
-19903,3000,49882.519717
-19897,3000,49896.597241
-15872,3000,49910.47918
-10875,3000,49924.551528
-14886,3000,49938.054105
-10885,3000,49951.648128
-24912,3000,49965.369843
-17926,3000,49979.010479
-15921,3000,49992.8869
-20877,3000,50006.82302
-14930,3000,50020.588661
-21920,3000,50033.979821
-13890,3000,50047.392632
-21886,3000,50061.579791
-9885,3000,50075.493674
-17853,3000,50089.424706
-19919,3000,50103.349264
-18888,3000,50117.105162
-24887,3000,50131.713385
-8895,3000,50145.654967
-14912,3000,50159.555969
-20884,3000,50173.262128
-18899,3000,50187.226385
-20907,3000,50201.079962
-23886,3000,50215.170594
-17911,3000,50229.089572
-9892,3000,50243.479226
-25889,3000,50257.288466
-8914,3000,50271.04934
-18916,3000,50284.585743
-14862,3000,50297.885476
-14879,3000,50312.06512
-18901,3000,50326.044095
-15939,3000,50339.883018
-11881,3000,50353.686732
-15907,3000,50367.653238
-14887,3000,50382.023658
-25866,3000,50395.938249
-27871,3000,50410.561792
-16897,3000,50424.617619
-12888,3000,50438.819923
-17883,3000,50452.60553
-13916,3000,50466.852413
-16896,3000,50481.463713
-21895,3000,50495.152049
-16903,3000,50509.307533
-18914,3000,50523.450796
-12876,3000,50537.359348
-14875,3000,50551.900203
-19891,3000,50565.920734
-21896,3000,50579.599399
-15903,3000,50593.133482
-19930,3000,50606.537929
-23875,3000,50621.287715
-18891,3000,50635.422588
-14896,3000,50650.285114
-16915,3000,50664.496413
-11866,3000,50678.826728
-20936,3000,50692.503251
-14881,3000,50706.921399
-11886,3000,50721.207637
-12909,3000,50734.692828
-20960,3000,50754.433589
-31885,3000,50769.19773
-18861,3000,50783.867472
-23920,3000,50797.746324
-25901,3000,50811.939229
-27887,3000,50826.465574
-12885,3000,50840.388509
-16900,3000,50854.183762
-16865,3000,50868.709772
-23918,3000,50882.203485
-16872,3000,50896.508927
-16883,3000,50909.804146
-11935,3000,50923.28175
-15873,3000,50937.206567
-10890,3000,50950.909122
-17874,3000,50964.91502
-21846,3000,50978.980787
-22909,3000,50992.605098
-16908,3000,51006.16053
-17884,3000,51020.047922
-12882,3000,51034.359467
-11894,3000,51048.117774
-18855,3000,51061.99876
-13883,3000,51076.259212
-19915,3000,51090.597763
-14875,3000,51104.513548
-14882,3000,51118.526687
-17883,3000,51132.882122
-14892,3000,51147.096343
-10897,3000,51161.205239
-16903,3000,51174.914387
-16904,3000,51188.515572
-17912,3000,51202.776192
-19926,3000,51216.903458
-18903,3000,51231.188801
-22906,3000,51245.471341
-8896,3000,51259.988989
-22908,3000,51273.774151
-18901,3000,51287.18754
-11885,3000,51301.304158
-16920,3000,51314.961868
-19889,3000,51329.161807
-12889,3000,51343.511776
-16886,3000,51357.443679
-18903,3000,51371.635923
-19894,3000,51385.548639
-12923,3000,51399.294339
-15929,3000,51413.587647
-23887,3000,51427.394141
-19931,3000,51440.853791
-13900,3000,51454.629009
-7854,3000,51469.423701
-10928,3000,51483.07654
-16911,3000,51497.100808
-18934,3000,51510.977918
-24878,3000,51525.123743
-19886,3000,51539.106816
-20865,3000,51552.98606
-13897,3000,51566.716302
-10887,3000,51580.823256
-12852,3000,51594.935091
-16860,3000,51609.082476
-11902,3000,51622.801985
-12874,3000,51637.265113
-18904,3000,51651.040502
-12873,3000,51665.097916
-18853,3000,51679.287342
-11896,3000,51699.022508
-8873,3000,51713.59102
-17876,3000,51728.094092
-22865,3000,51741.755235
-23903,3000,51756.08216
-23884,3000,51770.343749
-14881,3000,51784.170852
-23926,3000,51798.121098
-15886,3000,51812.625548
-15918,3000,51826.635917
-17878,3000,51841.004507
-14918,3000,51854.328517
-21894,3000,51868.576896
-16908,3000,51882.73298
-16952,3000,51896.59738
-15890,3000,51910.146679
-13890,3000,51924.703208
-17885,3000,51939.466808
-18892,3000,51953.308192
-16890,3000,51967.251143
-23925,3000,51980.562457
-19891,3000,51994.452367
-19871,3000,52008.243915
-15872,3000,52021.930507
-24881,3000,52035.859976
-20848,3000,52049.963384
-19887,3000,52063.49876
-10895,3000,52077.57309
-19885,3000,52091.196662
-11903,3000,52105.694113
-7828,3000,52120.367443
-19876,3000,52134.610795
-12874,3000,52148.290509
-23883,3000,52161.673989
-26884,3000,52175.4093
-23882,3000,52189.605804
-21912,3000,52203.668801
-19900,3000,52217.836505
-14886,3000,52231.902974
-15856,3000,52246.084121
-12903,3000,52260.683907
-12874,3000,52274.878787
-12896,3000,52288.635659
-14869,3000,52302.830763
-18897,3000,52316.851619
-19925,3000,52330.646331
-16917,3000,52344.389127
-14868,3000,52358.493445
-20908,3000,52372.203029
-9873,3000,52386.012758
-15884,3000,52399.81276
-16899,3000,52414.001783
-18880,3000,52427.954343
-19891,3000,52441.203673
-16918,3000,52455.580751
-19912,3000,52469.025542
-10880,3000,52483.012058
-15875,3000,52497.703326
-16878,3000,52511.812545
-14896,3000,52526.078385
-20893,3000,52540.082519
-22929,3000,52554.056043
-14901,3000,52568.303341
-12885,3000,52582.396983
-16909,3000,52596.729423
-16892,3000,52610.98728
-8901,3000,52624.546473
-15885,3000,52644.049003
-14889,3000,52657.889611
-14858,3000,52672.053403
-20864,3000,52686.013425
-22915,3000,52699.619756
-17902,3000,52713.651868
-18897,3000,52727.542387
-15909,3000,52740.83076
-13912,3000,52754.785369
-20897,3000,52769.002119
-15900,3000,52782.68942
-13881,3000,52796.871884
-12853,3000,52811.915332
-15908,3000,52826.352616
-19901,3000,52840.367597
-21909,3000,52854.189736
-22875,3000,52868.041792
-13918,3000,52881.711524
-15880,3000,52896.031467
-18897,3000,52910.077556
-17890,3000,52924.358684
-12882,3000,52938.198214
-15894,3000,52951.878181
-17882,3000,52965.736926
-19902,3000,52980.017248
-18911,3000,52994.095118
-14894,3000,53008.604337
-12892,3000,53022.79117
-20894,3000,53036.84843
-13927,3000,53050.576901
-12909,3000,53064.529424
-14903,3000,53078.467975
-12905,3000,53092.178012
-21907,3000,53105.920276
-16884,3000,53119.788603
-13893,3000,53133.777883
-15924,3000,53148.544889
-20896,3000,53163.09929
-15916,3000,53177.075548
-18900,3000,53191.292066
-15863,3000,53205.135603
-24895,3000,53219.819952
-13883,3000,53233.518216
-21868,3000,53247.337289
-22887,3000,53261.562079
-14868,3000,53276.019273
-19894,3000,53289.850168
-18875,3000,53304.044294
-15920,3000,53318.24426
-14909,3000,53331.847885
-12859,3000,53345.579658
-9907,3000,53359.89952
-11896,3000,53373.779921
-20908,3000,53387.955321
-21864,3000,53401.701371
-15890,3000,53415.42849
-22902,3000,53429.684448
-15902,3000,53443.673424
-16883,3000,53457.927546
-20920,3000,53472.161753
-13900,3000,53486.305907
-18885,3000,53500.097268
-26888,3000,53513.75696
-27906,3000,53528.114077
-22895,3000,53541.812684
-10922,3000,53556.335159
-12885,3000,53576.375775
-14907,3000,53590.847387
-17923,3000,53604.656653
-14893,3000,53618.428089
-17893,3000,53633.035262
-16906,3000,53646.768181
-12870,3000,53660.822232
-14868,3000,53674.806269
-11866,3000,53688.659749
-15886,3000,53702.647171
-17912,3000,53716.016044
-16897,3000,53729.736854
-17859,3000,53744.406629
-23876,3000,53758.592775
-19895,3000,53772.454442
-20925,3000,53786.364512
-23913,3000,53800.335558
-14890,3000,53814.336327
-19904,3000,53828.659416
-15883,3000,53842.677789
-16893,3000,53856.261754
-10906,3000,53869.760206
-15881,3000,53883.691981
-15872,3000,53897.319355
-12928,3000,53910.863936
-13903,3000,53924.775224
-16917,3000,53938.374081
-21885,3000,53952.285308
-17927,3000,53966.406431
-18882,3000,53980.550554
-14891,3000,53994.731391
-15881,3000,54009.865303
-13886,3000,54024.292768
-10903,3000,54038.152356
-22882,3000,54052.553055
-18902,3000,54066.609406
-15903,3000,54080.9402
-16885,3000,54094.448982
-10923,3000,54108.153568
-20896,3000,54121.707962
-17887,3000,54135.877669
-10881,3000,54150.270122
-17861,3000,54164.422052
-16885,3000,54178.623825
-20865,3000,54193.215055
-15895,3000,54207.261481
-24884,3000,54221.776684
-9913,3000,54235.688184
-12929,3000,54249.087079
-20875,3000,54263.584264
-16901,3000,54277.588884
-24913,3000,54291.719039
-10919,3000,54305.965391
-23909,3000,54319.819314
-18873,3000,54333.864274
-13879,3000,54348.082199
-21904,3000,54362.385158
-16908,3000,54376.605369
-13884,3000,54390.675233
-14905,3000,54404.600054
-18895,3000,54418.538287
-14884,3000,54432.372323
-15874,3000,54446.803722
-12890,3000,54460.546815
-25911,3000,54474.39023
-17863,3000,54488.276203
-16919,3000,54501.978375
-24889,3000,54521.107002
-15895,3000,54534.683157
-13882,3000,54548.272413
-15883,3000,54562.671677
-15897,3000,54576.170689
-19901,3000,54589.924461
-16894,3000,54603.813486
-15901,3000,54617.439856
-17933,3000,54630.898487
-22866,3000,54644.988969
-17876,3000,54658.938007
-11870,3000,54673.063193
-13862,3000,54686.769016
-14889,3000,54701.280228
-14877,3000,54715.052822
-15888,3000,54729.323412
-8880,3000,54742.706808
-14872,3000,54757.101505
-24895,3000,54770.4483
-18896,3000,54784.746852
-11906,3000,54798.282094
-25894,3000,54812.990482
-17898,3000,54827.155214
-9910,3000,54840.712717
-22893,3000,54854.632866
-23921,3000,54869.220665
-15885,3000,54883.094409
-14892,3000,54897.39791
-16867,3000,54911.34703
-13876,3000,54926.066403
-26882,3000,54940.58711
-23926,3000,54954.803132
-13889,3000,54968.826728
-13887,3000,54983.300503
-21917,3000,54997.472296
-14883,3000,55011.246983
-22875,3000,55026.015538
-14889,3000,55039.995243
-19859,3000,55054.538504
-15858,3000,55069.171128
-14874,3000,55083.736631
-15913,3000,55097.672594
-16874,3000,55112.359324
-9845,3000,55125.551544
-17883,3000,55139.781853
-15925,3000,55153.449735
-14894,3000,55167.437153
-12882,3000,55180.927696
-9879,3000,55194.94162
-18879,3000,55208.205199
-19916,3000,55221.920827
-12909,3000,55235.969703
-13909,3000,55250.419395
-22872,3000,55264.813487
-13868,3000,55279.21352
-21912,3000,55292.885662
-21889,3000,55306.686601
-18924,3000,55320.3403
-17909,3000,55333.78582
-21904,3000,55347.631475
-11888,3000,55361.647015
-18922,3000,55375.478849
-10875,3000,55389.149172
-17876,3000,55403.389265
-17855,3000,55417.37517
-14898,3000,55431.57965
-16902,3000,55445.612688
-19921,3000,55465.671134
-14906,3000,55480.234039
-12892,3000,55493.925258
-20854,3000,55508.174048
-20908,3000,55522.062572
-12844,3000,55535.747822
-20888,3000,55548.523254
-14868,3000,55562.430593
-22904,3000,55576.594529
-13900,3000,55590.004194
-11849,3000,55604.126297
-15891,3000,55618.383801
-10893,3000,55632.27888
-13886,3000,55646.282666
-19879,3000,55660.096251
-14874,3000,55674.063404
-20903,3000,55687.92182
-22890,3000,55701.958252
-18892,3000,55715.583224
-16872,3000,55729.520856
-14877,3000,55743.052105
-18870,3000,55756.863944
-13918,3000,55770.336222
-15888,3000,55784.175904
-20889,3000,55798.508446
-18862,3000,55812.341783
-11879,3000,55826.028837
-15915,3000,55839.40647
-19915,3000,55853.626128
-15912,3000,55867.273794
-18885,3000,55881.803749
-19898,3000,55896.002258
-13869,3000,55910.330857
-11912,3000,55924.308238
-7887,3000,55938.501247
-18913,3000,55952.996804
-17915,3000,55967.093147
-21878,3000,55981.322742
-17884,3000,55995.471297
-19898,3000,56009.632965
-15920,3000,56023.921033
-12897,3000,56038.308124
-17886,3000,56052.59054
-18913,3000,56066.848571
-13900,3000,56080.760198
-20911,3000,56094.846849
-17905,3000,56109.112864
-11895,3000,56123.41235
-22865,3000,56137.619039
-9869,3000,56151.910904
-16906,3000,56166.100052
-22887,3000,56180.413916
-13897,3000,56194.941282
-7883,3000,56208.928749
-24899,3000,56222.961302
-20912,3000,56237.144606
-20856,3000,56251.358045
-19894,3000,56265.256572
-8891,3000,56278.756644
-18892,3000,56292.686224
-17872,3000,56307.280755
-21884,3000,56321.167852
-13906,3000,56335.509182
-16880,3000,56349.726111
-13878,3000,56363.894709
-21900,3000,56377.724154
-16898,3000,56397.828919
-19916,3000,56411.478838
-17879,3000,56426.202555
-17931,3000,56440.122455
-20910,3000,56454.121803
-16883,3000,56468.208372
-12882,3000,56482.213785
-18927,3000,56495.945486
-15923,3000,56509.570705
-12892,3000,56523.606018
-14892,3000,56537.507567
-14895,3000,56551.452326
-15869,3000,56566.165393
-14855,3000,56581.141281
-13939,3000,56594.951026
-16889,3000,56608.709437
-19890,3000,56623.01944
-18878,3000,56637.171974
-11923,3000,56650.512773
-8862,3000,56664.282589
-13895,3000,56677.943183
-10911,3000,56691.883235
-16935,3000,56705.805352
-14906,3000,56719.962443
-17886,3000,56734.995291
-23903,3000,56749.287509
-11908,3000,56763.476752
-20902,3000,56777.77844
-18881,3000,56792.01416
-18921,3000,56806.111633
-17904,3000,56820.041674
-14887,3000,56834.591581
-13897,3000,56848.438995
-13875,3000,56863.201734
-17891,3000,56877.389568
-11871,3000,56891.80183
-18917,3000,56905.655649
-14926,3000,56919.499251
-14887,3000,56934.194042
-22885,3000,56949.063274
-17905,3000,56963.402739
-12900,3000,56977.636769
-17918,3000,56992.483032
-12871,3000,57006.865024
-10904,3000,57021.681342
-10914,3000,57035.734617
-11913,3000,57049.848614
-12904,3000,57064.216961
-15899,3000,57078.252524
-20887,3000,57092.544983
-19901,3000,57106.752453
-15878,3000,57120.587917
-11904,3000,57134.41122
-17882,3000,57148.826159
-15868,3000,57163.302272
-17885,3000,57177.408219
-12857,3000,57191.579977
-17895,3000,57205.266361
-14877,3000,57218.965913
-23875,3000,57232.969671
-19922,3000,57247.398903
-12879,3000,57262.260067
-16904,3000,57275.764617
-28894,3000,57290.281823
-14887,3000,57304.422872
-14925,3000,57318.285581
-22894,3000,57332.187876
-20918,3000,57352.482842
-17887,3000,57366.664814
-14846,3000,57380.835124
-16888,3000,57395.145725
-14890,3000,57409.721886
-19911,3000,57423.60893
-15919,3000,57437.171507
-16876,3000,57451.391822
-18894,3000,57465.284604
-16854,3000,57479.698097
-17902,3000,57493.892438
-22908,3000,57507.908716
-15894,3000,57521.884055
-19929,3000,57536.418824
-16885,3000,57550.488716
-18866,3000,57565.009856
-17936,3000,57578.542188
-13914,3000,57592.680599
-22918,3000,57606.416149
-15898,3000,57620.801647
-20874,3000,57634.712549
-24900,3000,57648.878379
-15883,3000,57662.751977
-19922,3000,57676.59483
-15883,3000,57690.686551
-23886,3000,57704.875161
-16944,3000,57718.564943
-7886,3000,57732.253733
-9863,3000,57746.061452
-11897,3000,57760.378682
-15881,3000,57773.824454
-13907,3000,57787.615324
-12880,3000,57801.573292
-12898,3000,57815.214478
-16896,3000,57829.281126
-16913,3000,57843.238716
-10924,3000,57856.937413
-7875,3000,57870.624199
-13889,3000,57884.411546
-17881,3000,57898.478819
-18901,3000,57912.359344
-8878,3000,57926.306599
-17908,3000,57940.040182
-12888,3000,57954.038692
-21892,3000,57967.780198
-22873,3000,57981.862378
-18901,3000,57995.939304
-19892,3000,58009.966883
-15894,3000,58024.21119
-10870,3000,58038.541239
-19894,3000,58052.003906
-21916,3000,58066.041955
-12892,3000,58080.103918
-23903,3000,58094.994534
-18935,3000,58109.404221
-21875,3000,58123.316087
-22867,3000,58137.327096
-17879,3000,58151.709873
-14863,3000,58165.87733
-17868,3000,58180.058846
-13882,3000,58193.763124
-13905,3000,58207.371482
-22890,3000,58221.120677
-16897,3000,58235.100866
-13872,3000,58249.22515
-17850,3000,58263.454215
-14868,3000,58277.164494
-19874,3000,58297.112355
-22897,3000,58311.170819
-23906,3000,58324.69428
-13918,3000,58338.46722
-17892,3000,58352.345212
-13877,3000,58366.720817
-17878,3000,58380.683708
-13903,3000,58394.424388
-13873,3000,58408.141264
-25918,3000,58422.212654
-25899,3000,58435.822094
-13868,3000,58449.522114
-17888,3000,58463.488084
-20894,3000,58477.269137
-7890,3000,58491.549985
-15882,3000,58505.217246
-18904,3000,58519.642915
-24913,3000,58533.39866
-16901,3000,58547.100763
-18911,3000,58561.677445
-20907,3000,58575.623125
-17896,3000,58590.001671
-18909,3000,58604.165445
-25924,3000,58618.777203
-13900,3000,58632.736851
-15920,3000,58646.78876
-17923,3000,58660.656136
-26890,3000,58674.648506
-16890,3000,58688.717216
-23945,3000,58703.085701
-18862,3000,58717.339957
-15925,3000,58731.203529
-17890,3000,58745.669741
-10894,3000,58760.15243
-17915,3000,58774.612637
-19873,3000,58788.898642
-11867,3000,58802.804492
-19863,3000,58816.910411
-9884,3000,58830.78047
-28910,3000,58844.517912
-16879,3000,58858.620028
-23889,3000,58873.004569
-18892,3000,58887.073435
-19892,3000,58901.265667
-16918,3000,58915.2971
-12913,3000,58929.662888
-17940,3000,58943.429448
-15888,3000,58957.793831
-10913,3000,58972.241407
-23901,3000,58986.619636
-16900,3000,59000.901798
-15888,3000,59014.525068
-18888,3000,59028.690363
-25930,3000,59042.628726
-21925,3000,59056.909718
-7886,3000,59071.448337
-13944,3000,59085.279871
-15874,3000,59099.781161
-23866,3000,59114.139998
-16911,3000,59128.004416
-16890,3000,59140.842756
-16872,3000,59154.805577
-18878,3000,59168.334137
-16895,3000,59182.62424
-18873,3000,59196.677318
-16881,3000,59210.733651
-24928,3000,59230.701712
-23874,3000,59244.305471
-17866,3000,59258.532365
-16919,3000,59272.516266
-18877,3000,59286.777795
-13903,3000,59301.053563
-17878,3000,59315.49626
-9898,3000,59329.031169
-32900,3000,59343.39414
-15899,3000,59357.560753
-23918,3000,59371.577182
-14905,3000,59386.223879
-11892,3000,59400.553841
-16909,3000,59414.127624
-15894,3000,59428.18827
-18871,3000,59442.160651
-10903,3000,59456.02545
-14880,3000,59469.63686
-13929,3000,59483.748699
-12880,3000,59498.421348
-25922,3000,59512.603033
-18898,3000,59526.513979
-15897,3000,59540.455029
-27934,3000,59554.372855
-14876,3000,59568.625884
-17885,3000,59582.084922
-11874,3000,59596.272288
-11907,3000,59609.650266
-17893,3000,59623.841279
-15877,3000,59637.500668
-11911,3000,59651.25498
-26910,3000,59665.156995
-24894,3000,59679.143706
-17889,3000,59692.856842
-18892,3000,59706.837382
-13904,3000,59720.606842
-17885,3000,59733.99618
-14876,3000,59748.443706
-5893,3000,59762.112827
-28902,3000,59776.387461
-15898,3000,59789.816036
-12883,3000,59803.913747
-20916,3000,59817.634928
-20903,3000,59832.025071
-18888,3000,59846.486598
-8885,3000,59860.40801
-21875,3000,59873.946908
-18909,3000,59888.179931
-13903,3000,59902.595772
-15888,3000,59916.71841
-19873,3000,59931.315847
-15885,3000,59945.331727
-14887,3000,59959.49855
-29892,3000,59974.21375
-16915,3000,59987.777086
-20908,3000,60001.878683
-15936,3000,60015.764402
-19926,3000,60029.842453
-15891,3000,60043.871669
-16872,3000,60057.720964
-16936,3000,60071.741246
-21907,3000,60085.916077
-18880,3000,60099.721329
-16910,3000,60114.221766
-18897,3000,60127.966104
-16919,3000,60141.9314
-22886,3000,60155.968464
-20898,3000,60176.165406
-26873,3000,60189.887277
-17889,3000,60203.656085
-17909,3000,60217.666725
-13889,3000,60231.296208
-20890,3000,60245.340441
-14870,3000,60259.800505
-12884,3000,60273.79173
-21907,3000,60287.695867
-16896,3000,60301.459662
-18887,3000,60314.928974
-11908,3000,60328.416874
-11926,3000,60341.895043
-24965,3000,60355.642023
-8882,3000,60369.092908
-15888,3000,60383.376294
-18895,3000,60397.679898
-7864,3000,60412.047956
-15879,3000,60425.787984
-20893,3000,60440.23219
-13900,3000,60454.121074
-19881,3000,60468.132813
-13886,3000,60481.793467
-18915,3000,60495.641731
-18896,3000,60509.730091
-16873,3000,60523.357312
-16916,3000,60536.661412
-13872,3000,60550.926473
-12887,3000,60564.734676
-14880,3000,60578.644475
-11878,3000,60592.928981
-17931,3000,60606.453282
-11886,3000,60620.192524
-21889,3000,60633.643835
-16881,3000,60647.321857
-17906,3000,60660.788553
-11898,3000,60674.572399
-25902,3000,60688.59199
-10908,3000,60703.026281
-13890,3000,60717.494032
-15859,3000,60731.346819
-14866,3000,60744.85956
-19916,3000,60758.349339
-14924,3000,60771.95223
-16874,3000,60786.156849
-14899,3000,60799.788963
-13845,3000,60814.683712
-15856,3000,60828.812008
-18884,3000,60842.592001
-18892,3000,60856.257251
-17891,3000,60870.12877
-14873,3000,60884.336067
-19889,3000,60898.033506
-14864,3000,60911.86263
-15855,3000,60925.338092
-9883,3000,60938.98274
-17878,3000,60953.011933
-17921,3000,60966.926783
-15878,3000,60980.959116
-12874,3000,60994.760598
-18878,3000,61008.853025
-16896,3000,61022.438015
-17847,3000,61037.311803
-21901,3000,61051.488451
-8865,3000,61065.527091
-12896,3000,61079.925179
-20881,3000,61094.406528
-19867,3000,61114.238315
-14926,3000,61128.557022
-21905,3000,61142.855329
-17870,3000,61156.646417
-16887,3000,61170.249825
-14900,3000,61184.384259
-19868,3000,61198.025244
-14927,3000,61211.717956
-13870,3000,61225.594604
-17848,3000,61240.085753
-20857,3000,61253.662938
-17912,3000,61267.543439
-13909,3000,61281.582677
-7882,3000,61295.971561
-28877,3000,61309.798517
-20900,3000,61323.952316
-17884,3000,61337.437322
-14872,3000,61351.692348
-18885,3000,61365.696197
-15901,3000,61379.297129
-22880,3000,61393.89206
-22917,3000,61407.553796
-17896,3000,61421.383708
-16890,3000,61434.876302
-16854,3000,61449.616395
-9888,3000,61463.084978
-12924,3000,61476.739292
-14879,3000,61490.911101
-16885,3000,61504.757036
-19887,3000,61519.072241
-18867,3000,61533.003503
-25909,3000,61546.567879
-18845,3000,61561.349256
-22893,3000,61574.856756
-19946,3000,61588.361454
-19887,3000,61602.375633
-18864,3000,61616.39394
-15855,3000,61630.979205
-20879,3000,61645.104071
-14897,3000,61659.61937
-18899,3000,61673.583408
-15906,3000,61687.403426
-18904,3000,61701.766379
-12849,3000,61716.282122
-22915,3000,61730.124536
-13888,3000,61743.920968
-12871,3000,61757.891483
-14876,3000,61772.197344
-12897,3000,61786.933276
-23899,3000,61800.52474
-18891,3000,61814.388834
-19906,3000,61828.387872
-14874,3000,61842.393204
-25909,3000,61856.554772
-17878,3000,61870.795015
-18895,3000,61884.857145
-18853,3000,61899.492857
-16858,3000,61913.446654
-12870,3000,61926.871779
-16924,3000,61940.351382
-16888,3000,61955.181825
-22910,3000,61968.112447
-15901,3000,61981.161297
-14859,3000,61994.947986
-19880,3000,62008.754776
-8867,3000,62022.452032
-5891,3000,62042.250656
-18892,3000,62056.19926
-18877,3000,62070.496498
-24918,3000,62084.479736
-18886,3000,62098.144998
-19905,3000,62111.498407
-22872,3000,62125.521494
-15928,3000,62139.696058
-21878,3000,62153.645759
-19897,3000,62167.698645
-16943,3000,62181.304235
-26874,3000,62195.79074
-15857,3000,62209.373784
-9871,3000,62223.784399
-23906,3000,62237.455271
-16914,3000,62251.223912
-22902,3000,62265.028597
-17872,3000,62278.964181
-17884,3000,62293.238608
-20868,3000,62307.633328
-15938,3000,62320.773185
-14886,3000,62334.735877
-11904,3000,62347.94003
-17901,3000,62361.817414
-13873,3000,62376.136056
-15876,3000,62390.093001
-16874,3000,62404.082616
-13865,3000,62418.531235
-13892,3000,62432.540393
-14893,3000,62446.288805
-18855,3000,62460.651216
-18891,3000,62474.323516
-18939,3000,62487.688599
-12897,3000,62501.675757
-13877,3000,62515.837046
-13892,3000,62529.698848
-18906,3000,62543.501642
-20910,3000,62557.350165
-17894,3000,62571.258816
-10886,3000,62585.138511
-20913,3000,62599.261552
-14898,3000,62613.412886
-16882,3000,62627.459411
-25904,3000,62641.155469
-11887,3000,62654.963207
-10887,3000,62668.77118
-17898,3000,62683.120878
-19863,3000,62697.790176
-9881,3000,62712.014248
-19891,3000,62726.041087
-13862,3000,62740.624039
-8859,3000,62754.271871
-14921,3000,62767.612641
-12898,3000,62781.394116
-13881,3000,62795.085114
-11897,3000,62808.120396
-18902,3000,62822.256739
-22885,3000,62836.177221
-19913,3000,62849.594857
-12907,3000,62863.303627
-28905,3000,62877.435246
-15881,3000,62890.88994
-12898,3000,62904.826703
-18922,3000,62918.161688
-13885,3000,62932.378234
-17918,3000,62945.962981
-14871,3000,62960.228282
-12887,3000,62979.084015
-10897,3000,62993.204422
-18901,3000,63007.413178
-15909,3000,63021.365717
-18888,3000,63035.351928
-16889,3000,63049.126868
-17876,3000,63063.218248
-24894,3000,63077.114184
-19873,3000,63090.755093
-11868,3000,63104.947754
-20911,3000,63118.801019
-9932,3000,63132.173461
-22861,3000,63146.695713
-18884,3000,63160.604723
-24903,3000,63174.606596
-18942,3000,63188.434258
-19899,3000,63202.573635
-22860,3000,63216.67624
-20903,3000,63230.557453
-18932,3000,63243.998671
-16866,3000,63258.24049
-15893,3000,63271.991679
-25905,3000,63286.054155
-18937,3000,63300.050548
-13885,3000,63313.847794
-21899,3000,63328.119214
-24871,3000,63342.209644
-19913,3000,63356.297682
-24904,3000,63370.71872
-16859,3000,63384.779691
-14844,3000,63398.90449
-10868,3000,63413.189135
-20901,3000,63427.663766
-17894,3000,63441.479716
-15880,3000,63455.562307
-8874,3000,63469.730333
-9867,3000,63484.122861
-12887,3000,63498.494718
-21907,3000,63512.732405
-15900,3000,63527.022639
-12882,3000,63541.92418
-12849,3000,63556.043199
-16921,3000,63569.948671
-9873,3000,63583.254243
-28892,3000,63597.578933
-20885,3000,63612.015828
-22872,3000,63626.406242
-16894,3000,63640.180887
-9854,3000,63653.99411
-20891,3000,63668.051361
-9868,3000,63682.813199
-22911,3000,63696.551644
-17907,3000,63711.235425
-12887,3000,63725.074199
-19877,3000,63739.132387
-10901,3000,63752.740601
-11889,3000,63766.066858
-6850,3000,63779.735412
-22877,3000,63793.754833
-18854,3000,63807.675091
-11880,3000,63822.15911
-21883,3000,63835.481118
-14929,3000,63849.15629
-12930,3000,63863.787155
-23905,3000,63877.821671
-15902,3000,63892.271014
-16924,3000,63905.660868
-13911,3000,63925.695225
-12896,3000,63939.490024
-13859,3000,63953.195451
-22893,3000,63967.311888
-23872,3000,63981.99152
-14890,3000,63996.543441
-23899,3000,64010.678958
-21910,3000,64024.364376
-16905,3000,64038.62834
-19925,3000,64052.314665
-14888,3000,64066.228459
-16894,3000,64080.19979
-20906,3000,64094.221562
-21916,3000,64107.794098
-13899,3000,64121.85097
-19885,3000,64135.803317
-15859,3000,64150.210986
-19899,3000,64164.77936
-17874,3000,64178.994946
-11890,3000,64192.49856
-10911,3000,64206.024933
-22857,3000,64220.249089
-17940,3000,64233.875662
-24943,3000,64247.38797
-16880,3000,64261.744629
-15872,3000,64275.410271
-22860,3000,64289.415267
-13907,3000,64303.217575
-16875,3000,64317.385818
-16898,3000,64331.335508
-12903,3000,64344.773334
-19861,3000,64358.333451
-15909,3000,64372.475828
-19902,3000,64386.442955
-16900,3000,64399.987914
-14884,3000,64414.006888
-23901,3000,64428.656949
-23890,3000,64442.691709
-17906,3000,64456.459222
-20920,3000,64470.088273
-12881,3000,64484.308599
-25871,3000,64498.058476
-14918,3000,64511.593789
-15890,3000,64525.789282
-14888,3000,64539.595437
-15896,3000,64552.75854
-18916,3000,64566.394189
-8888,3000,64580.815495
-14880,3000,64594.861579
-13861,3000,64609.242667
-17891,3000,64622.923884
-17911,3000,64637.094459
-17909,3000,64651.107255
-18892,3000,64664.914526
-15875,3000,64678.282944
-18884,3000,64692.776295
-18883,3000,64706.62775
-23917,3000,64720.151468
-20891,3000,64734.013221
-14868,3000,64747.742272
-14926,3000,64761.558773
-18861,3000,64776.127748
-14909,3000,64789.815058
-11916,3000,64803.126284
-13942,3000,64817.604554
-13895,3000,64831.264182
-11898,3000,64850.535072
-15910,3000,64863.99569
-21901,3000,64877.793998
-15897,3000,64891.721501
-15914,3000,64905.258971
-22926,3000,64918.64731
-18906,3000,64931.963797
-13891,3000,64945.89729
-13895,3000,64959.130402
-12909,3000,64972.971064
-20868,3000,64986.70302
-11900,3000,65000.605804
-17901,3000,65014.709473
-14911,3000,65028.780881
-22876,3000,65042.521139
-21875,3000,65056.152328
-14876,3000,65070.179764
-15892,3000,65084.598074
-23866,3000,65098.589673
-19868,3000,65112.539082
-19904,3000,65126.383034
-20912,3000,65139.732576
-14893,3000,65153.458155
-10888,3000,65167.529274
-22899,3000,65180.949085
-21884,3000,65195.230174
-21872,3000,65209.934012
-7886,3000,65224.032911
-12916,3000,65236.987278
-16886,3000,65251.040908
-21875,3000,65265.439538
-18906,3000,65279.519256
-20905,3000,65293.590066
-17902,3000,65307.780474
-16893,3000,65322.242968
-20912,3000,65337.104177
-23887,3000,65351.300527
-18918,3000,65365.277601
-23905,3000,65378.786225
-12869,3000,65392.380769
-15872,3000,65406.332762
-20869,3000,65420.251408
-18920,3000,65434.285149
-15866,3000,65448.702149
-5873,3000,65463.162483
-17911,3000,65477.374913
-15867,3000,65491.288909
-17908,3000,65505.006955
-24906,3000,65519.459743
-15885,3000,65533.439345
-25910,3000,65547.884852
-10864,3000,65562.386926
-17893,3000,65576.496138
-12913,3000,65590.388908
-16898,3000,65604.567612
-9888,3000,65619.603325
-14937,3000,65633.450592
-18905,3000,65647.798358
-16916,3000,65661.830909
-26888,3000,65676.088855
-11873,3000,65689.800556
-11888,3000,65703.486685
-14899,3000,65716.988337
-17902,3000,65731.342004
-11869,3000,65746.06668
-20947,3000,65759.551783
-21887,3000,65773.326188
-7874,3000,65793.585649
-21922,3000,65807.728425
-11889,3000,65821.105452
-15891,3000,65834.945245
-18893,3000,65848.591341
-26897,3000,65861.995914
-18900,3000,65875.934594
-19873,3000,65889.269118
-7889,3000,65903.803785
-14894,3000,65917.822496
-19913,3000,65931.28349
-15889,3000,65945.452175
-23908,3000,65959.726281
-12890,3000,65973.925321
-25888,3000,65988.030716
-20883,3000,66002.453134
-20878,3000,66015.84929
-6930,3000,66029.71931
-15904,3000,66043.372953
-16902,3000,66057.613096
-16889,3000,66071.253539
-13899,3000,66084.743896
-17894,3000,66098.200844
-14869,3000,66112.610786
-8864,3000,66126.506143
-11867,3000,66140.103208
-16893,3000,66154.082997
-23898,3000,66168.026951
-11879,3000,66182.28855
-11849,3000,66196.387224
-23889,3000,66210.195891
-13865,3000,66224.205025
-14907,3000,66237.759572
-14904,3000,66251.972857
-6872,3000,66265.895209
-10908,3000,66279.96896
-16906,3000,66293.804662
-18893,3000,66308.230753
-16875,3000,66321.793697
-19905,3000,66335.313643
-17905,3000,66348.743192
-20922,3000,66362.893784
-16884,3000,66377.132908
-12860,3000,66390.751408
-11885,3000,66404.759895
-9903,3000,66418.695022
-19913,3000,66433.032201
-12913,3000,66447.078813
-18934,3000,66461.082461
-15908,3000,66474.922705
-10893,3000,66489.199419
-13878,3000,66503.11723
-18888,3000,66517.528423
-13926,3000,66531.208207
-6880,3000,66545.679984
-19901,3000,66559.359958
-17907,3000,66572.827239
-23908,3000,66587.176334
-10893,3000,66600.093083
-24904,3000,66614.233104
-13926,3000,66627.651562
-24903,3000,66641.89955
-18859,3000,66655.575686
-13923,3000,66668.949403
-12903,3000,66682.406653
-17893,3000,66696.203259
-11846,3000,66710.311976
-16893,3000,66730.506734
-12929,3000,66744.196426
-11899,3000,66758.149201
-12946,3000,66771.94504
-15921,3000,66786.086794
-17856,3000,66799.264782
-19897,3000,66813.595449
-14853,3000,66827.713934
-17870,3000,66841.893181
-18876,3000,66855.64814
-19878,3000,66869.415531
-13910,3000,66883.602955
-13855,3000,66898.014036
-20878,3000,66912.064144
-12900,3000,66926.350336
-15868,3000,66940.128741
-23891,3000,66954.994739
-13898,3000,66969.262413
-12882,3000,66983.787054
-14874,3000,66997.994923
-19897,3000,67012.289186
-6865,3000,67025.962822
-11873,3000,67040.475004
-14918,3000,67054.066455
-15902,3000,67068.245436
-18877,3000,67082.391998
-20906,3000,67096.656159
-13878,3000,67110.049624
-10891,3000,67123.82531
-17905,3000,67137.890227
-15935,3000,67151.274639
-28891,3000,67165.088763
-18903,3000,67178.936836
-13889,3000,67193.031662
-14901,3000,67207.50567
-17887,3000,67221.412887
-20880,3000,67235.68321
-14902,3000,67250.007779
-22888,3000,67263.451567
-19886,3000,67277.978469
-16875,3000,67292.618153
-19893,3000,67306.483747
-19873,3000,67320.634408
-14898,3000,67335.114703
-7845,3000,67349.140947
-22908,3000,67363.238804
-8899,3000,67377.197532
-15868,3000,67391.688402
-16843,3000,67405.686355
-17892,3000,67419.686795
-18938,3000,67433.746713
-22899,3000,67447.869946
-20916,3000,67461.306017
-16874,3000,67475.750206
-23884,3000,67490.368726
-14907,3000,67504.147476
-14904,3000,67518.039533
-16902,3000,67532.033643
-14921,3000,67546.186486
-22891,3000,67559.834867
-11865,3000,67573.957948
-12888,3000,67588.485414
-16882,3000,67602.531612
-14882,3000,67616.790108
-16892,3000,67630.760108
-11881,3000,67645.068155
-21914,3000,67664.628739
-15865,3000,67679.109596
-19853,3000,67693.381411
-17892,3000,67706.873662
-19901,3000,67720.914247
-21875,3000,67735.54704
-24882,3000,67750.212423
-25919,3000,67763.617129
-18868,3000,67777.925014
-10874,3000,67791.95101
-23904,3000,67805.422781
-21893,3000,67819.79507
-12881,3000,67833.709862
-19884,3000,67847.724094
-17884,3000,67861.650871
-15896,3000,67875.087584
-16945,3000,67889.090027
-18913,3000,67902.373418
-26902,3000,67916.543041
-13900,3000,67930.450739
-16913,3000,67944.954158
-13915,3000,67958.461016
-16935,3000,67972.08629
-19903,3000,67985.491897
-14865,3000,67999.738237
-17881,3000,68013.561413
-12889,3000,68027.509761
-22925,3000,68041.741346
-24853,3000,68056.124259
-19872,3000,68070.317385
-10863,3000,68084.636137
-11919,3000,68099.010785
-9900,3000,68112.543074
-12889,3000,68126.163432
-16928,3000,68139.542356
-17893,3000,68153.541213
-9904,3000,68167.363736
-10872,3000,68181.28523
-17918,3000,68195.278978
-16868,3000,68209.338791
-14892,3000,68223.344332
-21899,3000,68237.08959
-11898,3000,68250.700086
-12939,3000,68264.659738
-18907,3000,68278.606352
-9896,3000,68292.579759
-20903,3000,68306.757282
-15898,3000,68320.669096
-15909,3000,68334.648387
-23889,3000,68348.946716
-26924,3000,68362.650328
-10899,3000,68376.899869
-17853,3000,68391.764462
-13891,3000,68405.519093
-26885,3000,68419.456639
-14883,3000,68433.222652
-16926,3000,68447.208892
-13899,3000,68461.473652
-15902,3000,68475.668703
-21901,3000,68489.605402
-13879,3000,68503.606342
-17904,3000,68517.221947
-19886,3000,68531.431185
-25898,3000,68545.647975
-14887,3000,68560.595828
-15886,3000,68574.600909
-17887,3000,68588.167648
-16868,3000,68607.922326
-21854,3000,68622.120239
-10893,3000,68636.489378
-20899,3000,68650.999531
-13869,3000,68664.921602
-7885,3000,68679.145497
-19867,3000,68693.350263
-14908,3000,68707.333148
-9899,3000,68721.707052
-17902,3000,68736.121357
-19896,3000,68749.702255
-18902,3000,68764.026218
-10878,3000,68777.717437
-14890,3000,68791.478101
-16917,3000,68805.088871
-13885,3000,68819.252828
-20890,3000,68833.848344
-20892,3000,68847.667779
-23908,3000,68861.965064
-13917,3000,68875.751201
-23903,3000,68889.849952
-17873,3000,68904.468251
-17903,3000,68918.27661
-15856,3000,68932.623798
-19903,3000,68946.641694
-10898,3000,68960.141663
-18857,3000,68974.208719
-13877,3000,68988.635083
-14907,3000,69002.845543
-21927,3000,69017.58759
-11914,3000,69031.307401
-16927,3000,69044.974148
-16909,3000,69059.007231
-24892,3000,69072.519303
-18893,3000,69086.755223
-20923,3000,69100.511701
-17900,3000,69114.950451
-21873,3000,69128.685839
-16893,3000,69142.63901
-17916,3000,69156.816033
-19881,3000,69170.652932
-18889,3000,69184.567682
-11891,3000,69198.293654
-19919,3000,69212.58719
-14892,3000,69226.774647
-22914,3000,69241.375776
-22888,3000,69255.319272
-18888,3000,69269.148901
-22897,3000,69282.748959
-17864,3000,69296.874151
-17902,3000,69310.74468
-11933,3000,69324.441128
-20896,3000,69338.601634
-13908,3000,69352.645266
-18883,3000,69366.219069
-21872,3000,69379.244922
-12889,3000,69393.325365
-19904,3000,69407.558088
-15882,3000,69421.940603
-21917,3000,69435.714708
-20881,3000,69449.760891
-19915,3000,69464.115237
-14882,3000,69478.380736
-23896,3000,69492.736301
-15925,3000,69506.670331
-14864,3000,69520.48574
-16894,3000,69534.76252
-8897,3000,69554.626747
-30904,3000,69569.640336
-21902,3000,69583.684313
-16884,3000,69597.745584
-14872,3000,69611.84181
-13889,3000,69626.07462
-15859,3000,69640.322231
-16879,3000,69654.136008
-13887,3000,69668.583628
-19892,3000,69683.053223
-11875,3000,69697.572828
-14859,3000,69711.812084
-17871,3000,69725.80932
-17921,3000,69740.243189
-14902,3000,69755.125465
-14908,3000,69769.037984
-15891,3000,69783.220226
-13880,3000,69797.236644
-11892,3000,69811.626277
-11914,3000,69824.849717
-12938,3000,69839.426699
-20909,3000,69854.201499
-25904,3000,69868.392512
-20893,3000,69882.668055
-15895,3000,69897.168782
-15874,3000,69911.161496
-14920,3000,69924.712642
-13914,3000,69938.879398
-21942,3000,69952.462114
-19891,3000,69966.14922
-18895,3000,69980.127331
-17870,3000,69993.916277
-8877,3000,70007.903002
-17879,3000,70021.280195
-20916,3000,70035.410821
-14883,3000,70049.893596
-12914,3000,70064.213814
-22901,3000,70078.332795
-12885,3000,70092.843834
-5863,3000,70106.944053
-15908,3000,70120.29956
-23878,3000,70134.744327
-15873,3000,70148.511806
-16840,3000,70162.828284
-21891,3000,70177.117088
-11902,3000,70191.18184
-15905,3000,70205.761551
-18882,3000,70219.748332
-13857,3000,70234.440383
-8834,3000,70248.969574
-15899,3000,70263.012133
-11885,3000,70277.527059
-13913,3000,70291.249571
-25918,3000,70305.614955
-23916,3000,70319.657085
-10863,3000,70333.986115
-9888,3000,70348.053738
-20885,3000,70361.721361
-18870,3000,70376.089927
-6882,3000,70389.795894
-15894,3000,70403.307057
-19893,3000,70417.187249
-19875,3000,70431.15586
-17893,3000,70444.906504
-16898,3000,70458.771186
-14887,3000,70472.848729
-15889,3000,70492.354333
-16924,3000,70506.965795
-20925,3000,70521.02824
-20896,3000,70535.27024
-11913,3000,70550.306658
-15907,3000,70564.549198
-20880,3000,70579.033051
-9929,3000,70592.947503
-18908,3000,70607.123151
-17906,3000,70620.707485
-9925,3000,70634.473242
-8886,3000,70648.572364
-14907,3000,70663.036756
-18917,3000,70676.496041
-15902,3000,70690.371008
-12877,3000,70704.364825
-18914,3000,70718.068934
-13893,3000,70732.232488
-21911,3000,70746.550105
-15872,3000,70760.56925
-16885,3000,70774.543826
-16851,3000,70788.098475
-17885,3000,70801.782994
-20865,3000,70815.612977
-14868,3000,70829.892512
-18900,3000,70843.403433
-28872,3000,70857.367534
-31889,3000,70870.940083
-19868,3000,70885.235999
-13891,3000,70899.248847
-19857,3000,70913.022156
-22902,3000,70926.923733
-16888,3000,70940.492345
-13866,3000,70954.951777
-15883,3000,70968.694758
-23926,3000,70982.290154
-19884,3000,70996.634419
-15886,3000,71011.552424
-28880,3000,71024.943418
-24889,3000,71038.948999
-19886,3000,71052.495306
-11897,3000,71066.346202
-11870,3000,71080.832323
-17915,3000,71094.91985
-24901,3000,71108.331021
-20904,3000,71122.659529
-13890,3000,71137.082002
-13876,3000,71150.8393
-15911,3000,71165.185915
-23897,3000,71179.255001
-20938,3000,71193.464363
-14869,3000,71207.842294
-18892,3000,71221.586756
-15894,3000,71235.541203
-12929,3000,71249.703858
-10866,3000,71263.810116
-16862,3000,71277.960835
-14904,3000,71292.532364
-21896,3000,71306.857164
-16919,3000,71320.71757
-17866,3000,71335.058103
-14865,3000,71349.205945
-15896,3000,71363.343889
-18902,3000,71377.714535
-16905,3000,71392.075979
-20924,3000,71405.857533
-17917,3000,71420.21859
-21875,3000,71440.331405
-17933,3000,71454.32261
-17902,3000,71467.890685
-19871,3000,71481.996452
-16938,3000,71495.545608
-21945,3000,71509.204152
-19877,3000,71523.074323
-18904,3000,71536.744105
-17880,3000,71550.460623
-27887,3000,71564.582231
-16871,3000,71578.673159
-12841,3000,71592.680763
-17888,3000,71607.171261
-17893,3000,71621.793991
-23902,3000,71635.182657
-21918,3000,71648.53249
-12882,3000,71662.557376
-24905,3000,71676.372079
-23897,3000,71690.799644
-9855,3000,71705.292806
-14887,3000,71719.140375
-16864,3000,71733.066713
-20878,3000,71747.328522
-29900,3000,71760.852224
-19875,3000,71774.704134
-18915,3000,71788.861079
-14885,3000,71803.736175
-16903,3000,71818.759234
-11881,3000,71833.635076
-14859,3000,71848.245897
-15866,3000,71862.323508
-20887,3000,71876.459353
-13833,3000,71891.615946
-14887,3000,71905.23421
-12874,3000,71919.370846
-18919,3000,71933.205956
-12896,3000,71947.563839
-16860,3000,71961.965309
-15927,3000,71975.988895
-14859,3000,71990.035822
-21854,3000,72004.884155
-15880,3000,72019.156252
-20895,3000,72033.436336
-16902,3000,72047.900045
-12847,3000,72062.237819
-20904,3000,72076.123707
-23885,3000,72090.293905
-19884,3000,72104.506501
-14891,3000,72118.188643
-13902,3000,72131.901729
-12915,3000,72145.677863
-11874,3000,72159.51608
-15879,3000,72173.755632
-16892,3000,72187.418846
-12910,3000,72201.095098
-11864,3000,72214.438021
-10873,3000,72228.162284
-14838,3000,72241.993167
-20890,3000,72256.122022
-19907,3000,72270.107745
-18886,3000,72283.913426
-18860,3000,72297.989
-14882,3000,72311.379605
-25895,3000,72325.415324
-18921,3000,72338.784117
-13915,3000,72352.2748
-11890,3000,72366.484026
-17875,3000,72385.923862
-11848,3000,72400.309595
-20878,3000,72415.479878
-13896,3000,72429.851562
-23871,3000,72444.699633
-18885,3000,72459.198259
-12870,3000,72473.594007
-23889,3000,72488.517549
-12892,3000,72502.811447
-21890,3000,72516.746144
-16885,3000,72531.561124
-14849,3000,72546.221716
-25873,3000,72560.486577
-17900,3000,72575.235108
-21918,3000,72589.84176
-20869,3000,72604.750753
-16880,3000,72620.160283
-22849,3000,72635.898526
-13857,3000,72651.307105
-14888,3000,72666.532925
-12914,3000,72681.352733
-22916,3000,72697.355172
-17905,3000,72712.092974
-22914,3000,72726.711817
-17907,3000,72741.389544
-20868,3000,72756.793494
-18897,3000,72770.949183
-14873,3000,72785.313368
-23912,3000,72799.597808
-25892,3000,72815.918621
-24891,3000,72830.549155
-25868,3000,72844.960207
-15878,3000,72859.732213
-9896,3000,72874.158562
-22884,3000,72888.406383
-18861,3000,72903.364886
-17909,3000,72918.69563
-16903,3000,72933.251199
-30909,3000,72948.212922
-12849,3000,72962.598111
-16899,3000,72977.357741
-17862,3000,72991.999624
-19897,3000,73007.653271
-20889,3000,73023.240991
-18878,3000,73038.850398
-21909,3000,73052.877139
-23878,3000,73067.588254
-14941,3000,73082.011693
-25887,3000,73096.774873
-26903,3000,73110.677515
-10868,3000,73124.586986
-16864,3000,73139.080226
-25896,3000,73153.761008
-18879,3000,73168.199344
-15890,3000,73183.485406
-18918,3000,73197.827044
-11911,3000,73212.320031
-12861,3000,73227.377073
-12860,3000,73242.570333
-12907,3000,73257.825939
-19891,3000,73273.350016
-14874,3000,73286.807602
-19929,3000,73301.022094
-16896,3000,73315.857145
-13896,3000,73330.01375
-14869,3000,73344.05103
-19858,3000,73363.767006
-16885,3000,73378.309233
-23916,3000,73392.282849
-7861,3000,73406.869783
-14885,3000,73420.351198
-10901,3000,73434.966819
-13856,3000,73449.039464
-27889,3000,73464.165032
-13873,3000,73478.941097
-16874,3000,73494.026723
-4901,3000,73508.890968
-14874,3000,73523.276719
-16862,3000,73537.824146
-12877,3000,73553.008888
-11888,3000,73567.742116
-23907,3000,73582.386229
-12872,3000,73597.08227
-22866,3000,73612.211096
-12896,3000,73627.165389
-16911,3000,73643.119432
-16896,3000,73658.291902
-17883,3000,73672.120958
-27915,3000,73687.069099
-19863,3000,73701.362525
-15891,3000,73716.244117
-18897,3000,73731.091999
-16885,3000,73746.219407
-21912,3000,73760.672799
-14855,3000,73775.388863
-20892,3000,73790.45891
-19870,3000,73804.502237
-17877,3000,73819.934687
-17902,3000,73834.521553
-8912,3000,73849.644838
-12886,3000,73863.956785
-11894,3000,73878.603744
-13898,3000,73892.941847
-21917,3000,73908.047986
-16866,3000,73923.589617
-10881,3000,73937.861259
-11876,3000,73952.703742
-14867,3000,73967.399275
-23898,3000,73982.724525
-13878,3000,73996.816675
-13888,3000,74012.278692
-18891,3000,74027.603
-14876,3000,74042.945539
-21887,3000,74057.364066
-6872,3000,74072.282802
-17900,3000,74087.400568
-8950,3000,74101.537426
-16881,3000,74115.309904
-18880,3000,74130.016857
-23895,3000,74144.914713
-9871,3000,74159.234999
-25865,3000,74173.85492
-17878,3000,74188.304142
-15883,3000,74203.021564
-17871,3000,74217.888871
-19839,3000,74232.291038
-14897,3000,74247.280325
-20911,3000,74261.774175
-11862,3000,74276.142169
-15862,3000,74291.074199
-19891,3000,74305.417003
-17867,3000,74320.357336
-17889,3000,74334.749006
-16891,3000,74355.221565
-22883,3000,74369.618431
-13876,3000,74383.23033
-13876,3000,74397.056679
-11886,3000,74410.799317
-12907,3000,74424.986433
-11884,3000,74439.226588
-17878,3000,74453.545845
-17875,3000,74467.584496
-20872,3000,74481.882964
-17875,3000,74497.284316
-20882,3000,74512.085994
-12890,3000,74526.788585
-10883,3000,74542.102104
-23918,3000,74556.891784
-21879,3000,74571.051836
-19890,3000,74584.660795
-15899,3000,74598.559885
-15868,3000,74612.503662
-14884,3000,74625.962478
-14884,3000,74640.270461
-17901,3000,74654.840604
-13901,3000,74668.771217
-24912,3000,74683.295006
-15881,3000,74697.880299
-14871,3000,74712.599355
-17908,3000,74727.218545
-18866,3000,74741.250773
-23867,3000,74754.874099
-18865,3000,74768.560305
-21932,3000,74783.351099
-10873,3000,74798.456368
-21913,3000,74813.825464
-10900,3000,74828.087608
-18900,3000,74842.862521
-17897,3000,74857.265332
-14899,3000,74871.61672
-11911,3000,74885.741819
-17880,3000,74900.435619
-19894,3000,74914.749496
-14942,3000,74928.273982
-11874,3000,74942.905618
-14935,3000,74957.885367
-14909,3000,74972.740818
-6904,3000,74987.574785
-21862,3000,75002.25263
-18896,3000,75017.268803
-16890,3000,75032.525871
-12882,3000,75047.121442
-24854,3000,75061.511022
-11866,3000,75075.76224
-20894,3000,75090.522442
-24907,3000,75105.442756
-16871,3000,75119.742767
-16896,3000,75133.99256
-21892,3000,75148.563274
-18903,3000,75162.185532
-15851,3000,75176.69961
-17926,3000,75191.730088
-15906,3000,75206.876333
-13941,3000,75221.454828
-13883,3000,75235.940393
-14896,3000,75251.282052
-7875,3000,75265.325672
-21891,3000,75279.671818
-18892,3000,75294.029477
-14901,3000,75307.514206
-14854,3000,75327.718831
-16907,3000,75341.426654
-14883,3000,75356.142698
-15899,3000,75370.685821
-15907,3000,75386.203209
-15932,3000,75400.907876
-18917,3000,75415.620875
-19873,3000,75430.309453
-22895,3000,75443.854668
-19883,3000,75458.376743
-16875,3000,75472.998826
-12888,3000,75487.400226
-17914,3000,75501.647988
-24877,3000,75516.246685
-25868,3000,75531.793214
-14872,3000,75546.017461
-11891,3000,75561.395223
-9840,3000,75577.028244
-24902,3000,75592.523226
-17905,3000,75607.735481
-18888,3000,75622.699588
-13921,3000,75636.771186
-18912,3000,75651.299183
-18893,3000,75665.481139
-28912,3000,75679.829524
-22873,3000,75694.100629
-17862,3000,75708.109659
-20896,3000,75722.602443
-17925,3000,75736.215079
-22891,3000,75750.570308
-15893,3000,75764.843048
-27868,3000,75779.578974
-16879,3000,75794.936554
-14885,3000,75808.830529
-18889,3000,75823.815357
-22909,3000,75837.875661
-20915,3000,75852.267856
-19885,3000,75866.356228
-16861,3000,75880.889566
-16890,3000,75895.236413
-18899,3000,75908.868699
-26891,3000,75922.648263
-20934,3000,75936.412376
-19868,3000,75950.210767
-11886,3000,75964.051676
-15842,3000,75978.9124
-11876,3000,75993.040728
-14909,3000,76007.086231
-15892,3000,76021.365523
-12923,3000,76035.135164
-20894,3000,76049.16758
-15847,3000,76064.194743
-14902,3000,76078.725126
-16885,3000,76093.017389
-15847,3000,76106.997692
-14877,3000,76121.236339
-17864,3000,76135.972571
-16895,3000,76150.198587
-11854,3000,76164.114723
-14881,3000,76178.209726
-18904,3000,76192.463327
-18865,3000,76206.664248
-14884,3000,76220.788072
-14911,3000,76235.581341
-14906,3000,76250.665361
-14877,3000,76265.190495
-19869,3000,76284.832994
-17918,3000,76299.077546
-16838,3000,76313.943834
-17920,3000,76328.562017
-20898,3000,76342.685149
-13903,3000,76356.503087
-13895,3000,76370.936815
-20896,3000,76385.375786
-23881,3000,76400.004647
-16873,3000,76413.648081
-16889,3000,76428.060382
-19845,3000,76442.471079
-16872,3000,76456.839172
-15860,3000,76472.337481
-16896,3000,76487.680094
-12875,3000,76502.496675
-10899,3000,76518.182457
-10858,3000,76533.311847
-17875,3000,76549.368754
-10923,3000,76565.013778
-18850,3000,76581.107388
-20878,3000,76596.739233
-14898,3000,76611.595485
-19959,3000,76626.84823
-22882,3000,76640.833943
-17877,3000,76655.406252
-13902,3000,76669.317577
-13853,3000,76684.157522
-24873,3000,76698.23933
-20900,3000,76712.824232
-16908,3000,76728.88641
-18888,3000,76743.593776
-20871,3000,76758.383041
-23905,3000,76773.001202
-13902,3000,76788.230696
-17884,3000,76802.78682
-16894,3000,76817.778716
-12850,3000,76832.438094
-18892,3000,76846.965411
-14918,3000,76861.876081
-21886,3000,76876.492711
-15895,3000,76890.959602
-19876,3000,76905.956671
-22881,3000,76920.407359
-11909,3000,76934.429712
-24891,3000,76948.82326
-21891,3000,76963.543574
-20909,3000,76978.382928
-9892,3000,76992.973441
-17930,3000,77006.740737
-11848,3000,77021.202653
-16872,3000,77035.611404
-13871,3000,77049.48064
-19866,3000,77064.504049
-14866,3000,77079.049537
-6902,3000,77093.269101
-13905,3000,77107.947817
-16904,3000,77122.518009
-16848,3000,77137.486716
-19862,3000,77152.715363
-15916,3000,77167.724419
-16885,3000,77182.804665
-15872,3000,77197.379202
-17887,3000,77211.666404
-13914,3000,77226.006695
-19895,3000,77240.453979
-22868,3000,77255.163253
-21898,3000,77276.076068
-14911,3000,77291.132959
-16881,3000,77306.056559
-13898,3000,77320.425966
-18875,3000,77335.264552
-21872,3000,77350.586924
-20884,3000,77365.428128
-16897,3000,77380.27304
-18869,3000,77394.977838
-19891,3000,77410.487358
-7876,3000,77425.763917
-13920,3000,77440.859521
-10846,3000,77456.321234
-18886,3000,77470.038882
-12868,3000,77484.078856
-20876,3000,77498.22375
-15862,3000,77513.000967
-17898,3000,77526.95434
-16886,3000,77542.530201
-18839,3000,77557.885082
-13891,3000,77573.579655
-9911,3000,77588.593067
-22863,3000,77604.50885
-20889,3000,77618.520615
-17863,3000,77633.711733
-18908,3000,77648.090849
-15889,3000,77662.711496
-16871,3000,77676.590058
-13894,3000,77690.245571
-13891,3000,77704.636243
-16853,3000,77718.806208
-16903,3000,77732.374813
-12893,3000,77746.960206
-11873,3000,77760.562932
-13888,3000,77774.528616
-11868,3000,77790.779123
-17869,3000,77805.30296
-18920,3000,77820.320032
-14889,3000,77836.047584
-8872,3000,77851.637096
-14854,3000,77866.419133
-18909,3000,77881.99905
-15868,3000,77897.196153
-17878,3000,77912.85122
-12887,3000,77928.737793
-14902,3000,77944.017601
-23875,3000,77959.197075
-21891,3000,77974.596395
-15868,3000,77989.965012
-7910,3000,78003.417614
-15896,3000,78017.824576
-19875,3000,78032.527192
-13920,3000,78047.663716
-17873,3000,78062.609896
-13910,3000,78076.399072
-24900,3000,78091.316665
-16865,3000,78105.405639
-17872,3000,78120.282411
-19900,3000,78136.113198
-16882,3000,78151.415618
-17878,3000,78166.048656
-14849,3000,78180.232889
-12887,3000,78194.831907
-17869,3000,78209.229714
-22921,3000,78224.209947
-24918,3000,78238.645295
-22897,3000,78252.977842
-10870,3000,78272.609187
-21887,3000,78286.136726
-17855,3000,78301.143638
-15851,3000,78315.071783
-18872,3000,78329.456231
-11870,3000,78344.081823
-21907,3000,78358.167211
-15864,3000,78373.21015
-14894,3000,78387.573238
-23868,3000,78401.726262
-19900,3000,78415.334948
-17880,3000,78429.080456
-20890,3000,78443.760561
-22898,3000,78457.830374
-17925,3000,78471.525426
-11876,3000,78486.548595
-17890,3000,78501.062322
-20877,3000,78515.596229
-13886,3000,78529.699106
-16895,3000,78544.30259
-14864,3000,78558.139433
-22888,3000,78572.800264
-14901,3000,78587.462168
-23893,3000,78601.92665
-11846,3000,78615.848947
-16881,3000,78630.581466
-22894,3000,78644.508085
-13890,3000,78658.356848
-10890,3000,78673.549585
-17852,3000,78687.799499
-13937,3000,78702.502853
-13889,3000,78717.339626
-13869,3000,78731.328953
-16903,3000,78745.357471
-16892,3000,78760.078779
-14886,3000,78775.791606
-24927,3000,78791.333707
-14846,3000,78805.970916
-20875,3000,78819.884713
-21890,3000,78834.479789
-17899,3000,78849.174566
-13899,3000,78862.697911
-28885,3000,78878.264837
-21883,3000,78893.979007
-15876,3000,78908.898825
-22883,3000,78923.532562
-21885,3000,78937.859334
-19889,3000,78952.58557
-20881,3000,78966.286953
-7867,3000,78980.10003
-24881,3000,78995.781708
-18891,3000,79010.557338
-16930,3000,79024.486867
-27900,3000,79038.807937
-19889,3000,79053.36344
-16897,3000,79067.818076
-20843,3000,79083.048135
-14883,3000,79097.69138
-16890,3000,79112.855055
-23892,3000,79128.057867
-14870,3000,79143.520728
-14911,3000,79158.254842
-27880,3000,79173.084777
-22897,3000,79187.013459
-20925,3000,79201.317436
-20884,3000,79215.240473
-21854,3000,79235.840907
-25888,3000,79251.020851
-12867,3000,79265.266116
-18873,3000,79279.566165
-12886,3000,79294.366342
-20923,3000,79307.811157
-18891,3000,79321.575925
-15909,3000,79336.754946
-11857,3000,79352.001903
-15890,3000,79365.724418
-9869,3000,79380.913251
-22851,3000,79395.507234
-10923,3000,79409.829092
-15930,3000,79424.385939
-19883,3000,79438.130936
-13896,3000,79452.577878
-17879,3000,79467.875713
-20874,3000,79483.606882
-19896,3000,79499.387496
-18908,3000,79514.095023
-15880,3000,79530.170467
-26881,3000,79544.55183
-10861,3000,79558.857228
-25911,3000,79573.861691
-15833,3000,79589.467709
-23919,3000,79604.337521
-26906,3000,79618.437215
-17888,3000,79632.139328
-16883,3000,79645.820753
-18915,3000,79659.071453
-17869,3000,79672.884275
-15870,3000,79687.474768
-23852,3000,79702.641037
-16889,3000,79717.205754
-18896,3000,79733.102746
-18892,3000,79748.471321
-20861,3000,79763.259912
-8869,3000,79777.695509
-13883,3000,79791.6548
-14850,3000,79806.017593
-12875,3000,79820.300291
-16912,3000,79834.138343
-19904,3000,79847.750995
-21890,3000,79861.961566
-11848,3000,79876.015791
-20900,3000,79890.914066
-10881,3000,79905.213739
-15888,3000,79919.822994
-11874,3000,79933.276366
-17879,3000,79946.669761
-22886,3000,79961.135329
-21879,3000,79975.611137
-26878,3000,79989.946152
-20915,3000,80004.173523
-12877,3000,80018.710574
-16910,3000,80033.897019
-11894,3000,80048.679146
-12924,3000,80063.880219
-12898,3000,80078.981195
-21887,3000,80093.599563
-13848,3000,80107.893273
-18830,3000,80122.531355
-24913,3000,80136.677165
-21882,3000,80151.167032
-15905,3000,80166.518314
-12858,3000,80182.385243
-23873,3000,80197.083227
-26870,3000,80218.191845
-19886,3000,80232.559267
-13905,3000,80246.659124
-13865,3000,80261.315162
-22914,3000,80275.225355
-16874,3000,80289.665848
-12875,3000,80304.460521
-20872,3000,80318.817799
-17892,3000,80333.784658
-10878,3000,80348.204494
-16899,3000,80362.265516
-13848,3000,80376.103177
-14890,3000,80389.989314
-13886,3000,80403.813599
-19894,3000,80417.716139
-11887,3000,80431.900011
-20857,3000,80447.37979
-26872,3000,80461.861495
-17882,3000,80476.240365
-12910,3000,80491.601079
-16883,3000,80506.483262
-18896,3000,80521.111825
-16867,3000,80535.647854
-15826,3000,80550.48956
-18895,3000,80565.051825
-13855,3000,80580.02055
-17906,3000,80594.24116
-13919,3000,80608.929615
-16909,3000,80623.286632
-13904,3000,80637.409587
-19883,3000,80652.397374
-21883,3000,80667.516167
-18874,3000,80681.869787
-19879,3000,80695.560672
-17897,3000,80709.542378
-16893,3000,80722.988098
-19873,3000,80737.342471
-18897,3000,80751.155699
-13893,3000,80765.116383
-18878,3000,80779.871969
-16895,3000,80794.075614
-24874,3000,80808.648003
-13858,3000,80823.00392
-31895,3000,80837.624701
-20890,3000,80851.585815
-14854,3000,80865.456556
-18855,3000,80879.576288
-21906,3000,80894.036173
-25894,3000,80908.830692
-13882,3000,80923.276943
-18882,3000,80937.37176
-11852,3000,80951.450859
-18850,3000,80965.974511
-22885,3000,80980.783524
-9866,3000,80994.986239
-15870,3000,81009.363341
-17925,3000,81024.160271
-16894,3000,81038.838826
-12897,3000,81052.473539
-17886,3000,81066.713883
-14883,3000,81081.984925
-10874,3000,81097.052972
-23863,3000,81112.038595
-19870,3000,81126.454886
-13888,3000,81140.669277
-17895,3000,81154.835163
-14838,3000,81169.615218
-15943,3000,81189.948934
-22890,3000,81206.091429
-9879,3000,81221.551813
-16892,3000,81236.661477
-18858,3000,81252.482601
-13880,3000,81267.551891
-23885,3000,81281.385566
-20918,3000,81296.576089
-10869,3000,81311.430885
-19867,3000,81325.41878
-15853,3000,81340.336354
-15865,3000,81355.478502
-21867,3000,81369.799334
-8892,3000,81383.101108
-24915,3000,81397.769429
-12867,3000,81412.450814
-12848,3000,81427.04859
-19893,3000,81440.924219
-14875,3000,81455.652449
-10865,3000,81470.037817
-15916,3000,81484.279696
-18869,3000,81498.237449
-14925,3000,81512.697148
-21901,3000,81527.080167
-24879,3000,81540.535707
-11882,3000,81554.416539
-20863,3000,81568.576689
-10883,3000,81582.422728
-14856,3000,81597.123181
-13912,3000,81611.127897
-17920,3000,81625.290988
-6894,3000,81639.631198
-24882,3000,81653.777328
-18894,3000,81668.490654
-18873,3000,81682.361448
-23871,3000,81697.104607
-20878,3000,81711.50067
-22895,3000,81725.88715
-16884,3000,81740.294575
-12876,3000,81755.641739
-17860,3000,81770.060008
-24865,3000,81785.7554
-14859,3000,81800.354441
-17870,3000,81815.184962
-15889,3000,81829.735565
-15919,3000,81844.207504
-19877,3000,81859.18504
-19871,3000,81874.235197
-20894,3000,81889.917078
-10890,3000,81904.817092
-19895,3000,81920.400124
-14901,3000,81935.832839
-13875,3000,81949.475981
-12852,3000,81963.351233
-12892,3000,81977.94905
-26867,3000,81992.278958
-14891,3000,82006.625915
-12908,3000,82021.391301
-14892,3000,82035.498717
-10865,3000,82049.019519
-25887,3000,82064.542661
-18928,3000,82079.488867
-13900,3000,82094.257398
-16863,3000,82108.64659
-15873,3000,82122.563708
-16846,3000,82136.372359
-12894,3000,82156.667085
-20853,3000,82171.348518
-13903,3000,82185.061819
-18887,3000,82200.140302
-12894,3000,82214.709917
-15878,3000,82228.391511
-12880,3000,82242.242741
-12871,3000,82257.033614
-22902,3000,82270.705584
-18879,3000,82285.198331
-15847,3000,82299.711077
-15875,3000,82314.14069
-15876,3000,82328.445976
-19915,3000,82343.414702
-22852,3000,82358.331987
-13883,3000,82373.00979
-19865,3000,82387.637452
-12876,3000,82402.389624
-14814,3000,82417.210665
-16911,3000,82431.144143
-9877,3000,82445.138165
-26864,3000,82459.743159
-13880,3000,82473.711925
-21914,3000,82488.005174
-22891,3000,82502.616485
-10894,3000,82516.843865
-18892,3000,82531.739783
-15893,3000,82546.590474
-22889,3000,82560.143185
-17883,3000,82575.802555
-9850,3000,82589.871387
-23877,3000,82604.220549
-11867,3000,82617.79004
-16871,3000,82632.905714
-16889,3000,82646.394087
-19877,3000,82661.145815
-17886,3000,82675.436797
-13877,3000,82689.868418
-18895,3000,82703.162421
-15878,3000,82717.686341
-18881,3000,82731.982214
-22903,3000,82746.59498
-15858,3000,82761.560145
-12888,3000,82775.103359
-8873,3000,82789.302943
-15880,3000,82803.36534
-19874,3000,82817.240477
-17898,3000,82831.936798
-14865,3000,82847.141005
-24881,3000,82861.831345
-18864,3000,82876.277896
-11846,3000,82890.89578
-15882,3000,82905.299746
-14887,3000,82919.07554
-19897,3000,82933.056036
-11870,3000,82946.931477
-11875,3000,82960.688654
-11899,3000,82974.440718
-15880,3000,82988.46564
-8891,3000,83003.026943
-19841,3000,83017.867301
-17875,3000,83033.737891
-14926,3000,83048.284019
-22891,3000,83063.348631
-15889,3000,83077.073246
-18893,3000,83091.421415
-24928,3000,83105.399933
-16898,3000,83125.723604
-13889,3000,83140.097659
-15892,3000,83154.122298
-16870,3000,83170.190789
-19894,3000,83184.880549
-13879,3000,83199.341068
-15840,3000,83215.20169
-14869,3000,83230.541928
-17876,3000,83246.09865
-12818,3000,83260.933684
-17878,3000,83274.762691
-6849,3000,83289.535207
-19867,3000,83303.941058
-7900,3000,83317.878335
-25910,3000,83332.428821
-7865,3000,83346.734411
-16864,3000,83361.28819
-22907,3000,83375.740379
-18906,3000,83390.461383
-15870,3000,83404.462916
-16922,3000,83419.314169
-19901,3000,83433.983022
-21871,3000,83449.734705
-14858,3000,83464.723218
-12888,3000,83478.952207
-12870,3000,83494.885242
-15887,3000,83510.650086
-17893,3000,83525.885602
-15885,3000,83540.105616
-14896,3000,83555.569739
-21894,3000,83570.602515
-18891,3000,83584.766222
-14895,3000,83598.481754
-13910,3000,83612.83453
-8907,3000,83627.410954
-18892,3000,83641.735441
-14873,3000,83656.511794
-11878,3000,83670.740365
-21874,3000,83685.293814
-15866,3000,83699.366629
-21835,3000,83713.247672
-10853,3000,83727.821388
-21854,3000,83742.573669
-15856,3000,83757.14375
-15880,3000,83771.238308
-14856,3000,83786.285864
-15876,3000,83800.416225
-13898,3000,83816.07461
-16868,3000,83831.650446
-17907,3000,83846.065771
-9876,3000,83860.413971
-21901,3000,83874.601797
-19901,3000,83889.124089
-12886,3000,83903.126304
-22870,3000,83918.323899
-14874,3000,83933.282508
-20892,3000,83948.550282
-13862,3000,83963.434762
-10880,3000,83978.421673
-17903,3000,83992.983518
-16883,3000,84006.636458
-14871,3000,84021.419063
-17881,3000,84035.45538
-7910,3000,84049.77492
-17888,3000,84064.884397
-22919,3000,84080.391028
-14903,3000,84095.265979
-26841,3000,84115.77721
-14884,3000,84130.041403
-15879,3000,84144.928716
-12900,3000,84159.694731
-14842,3000,84174.22504
-18904,3000,84188.621542
-22881,3000,84202.948568
-17855,3000,84218.025436
-18883,3000,84232.031498
-10865,3000,84247.357233
-19896,3000,84262.178974
-15861,3000,84278.033373
-12911,3000,84292.699031
-17869,3000,84307.403856
-18845,3000,84321.298927
-20887,3000,84336.016657
-25886,3000,84350.617192
-16830,3000,84365.896575
-13884,3000,84380.522547
-13883,3000,84395.940175
-17850,3000,84409.82266
-13859,3000,84424.388238
-13869,3000,84438.042344
-18898,3000,84452.184009
-16884,3000,84466.483288
-18906,3000,84481.927463
-21851,3000,84496.669371
-14854,3000,84510.761828
-19877,3000,84525.168486
-20896,3000,84539.773029
-16846,3000,84553.754308
-20867,3000,84567.655713
-23889,3000,84582.550919
-20904,3000,84596.788512
-17886,3000,84611.867189
-11891,3000,84625.659575
-10854,3000,84640.56476
-16877,3000,84654.981848
-15885,3000,84669.272455
-13911,3000,84683.548228
-9862,3000,84697.870067
-21893,3000,84712.297076
-5858,3000,84726.657292
-12848,3000,84741.363332
-18872,3000,84756.140883
-11909,3000,84770.41191
-17892,3000,84785.191018
-20893,3000,84799.831051
-14873,3000,84814.941936
-13896,3000,84829.441202
-18914,3000,84843.761609
-18856,3000,84858.842028
-10881,3000,84873.308179
-10900,3000,84888.212209
-16905,3000,84902.704562
-12852,3000,84917.166842
-18919,3000,84931.498972
-11861,3000,84946.560298
-18896,3000,84960.561918
-13877,3000,84974.823797
-21857,3000,84989.55472
-10889,3000,85003.954999
-16863,3000,85018.238357
-19886,3000,85033.123165
-16930,3000,85048.264675
-23909,3000,85062.343659
-16903,3000,85082.179439
-18851,3000,85096.78735
-21874,3000,85110.293159
-23884,3000,85124.601979
-18845,3000,85139.266975
-24894,3000,85153.883815
-14908,3000,85168.672566
-19895,3000,85183.402357
-19889,3000,85197.867218
-22860,3000,85212.90335
-25912,3000,85226.923093
-20893,3000,85240.944237
-9831,3000,85255.979498
-13856,3000,85270.083048
-19869,3000,85283.908165
-14875,3000,85297.505463
-30880,3000,85311.988944
-22911,3000,85325.704038
-13868,3000,85340.263352
-15886,3000,85355.710447
-16884,3000,85370.95461
-15871,3000,85385.175881
-17871,3000,85399.395989
-21875,3000,85414.294877
-25877,3000,85429.004314
-19885,3000,85443.149718
-10865,3000,85456.596462
-19891,3000,85470.437849
-20884,3000,85484.559496
-15870,3000,85499.982003
-18915,3000,85514.433595
-12893,3000,85529.193005
-26908,3000,85543.959199
-20887,3000,85558.914951
-16887,3000,85573.337088
-22870,3000,85588.369113
-25889,3000,85602.871799
-15842,3000,85617.921178
-27884,3000,85632.317724
-15851,3000,85646.726178
-18866,3000,85661.699263
-23900,3000,85676.336411
-19916,3000,85691.222158
-19872,3000,85705.435354
-17895,3000,85720.336802
-18871,3000,85734.247602
-14904,3000,85748.695464
-12887,3000,85762.355744
-12856,3000,85776.492976
-16899,3000,85791.618624
-22859,3000,85806.325252
-12892,3000,85821.152966
-26860,3000,85835.239386
-16881,3000,85850.670328
-21883,3000,85864.710513
-20900,3000,85879.377181
-13862,3000,85893.992406
-7854,3000,85909.171163
-19914,3000,85923.989169
-11838,3000,85938.413247
-12894,3000,85953.39442
-17872,3000,85967.64709
-14859,3000,85981.532824
-15884,3000,85995.518668
-12888,3000,86010.182585
-14891,3000,86024.845381
-26878,3000,86038.182753
-22893,3000,86058.528056
-14872,3000,86073.045564
-17907,3000,86086.157201
-11897,3000,86100.268347
-15876,3000,86114.834507
-12883,3000,86129.272755
-22909,3000,86143.413835
-17878,3000,86157.955142
-8901,3000,86172.059417
-12880,3000,86186.724787
-16861,3000,86201.527521
-15921,3000,86215.269053
-24879,3000,86230.239414
-15859,3000,86245.372309
-19833,3000,86260.518558
-14868,3000,86276.613837
-20857,3000,86291.278297
-18926,3000,86305.819349
-11862,3000,86319.676521
-12892,3000,86334.397662
-21873,3000,86348.733825
-8882,3000,86362.86862
-14877,3000,86376.889859
-18912,3000,86390.621374
-15863,3000,86404.616836
-20914,3000,86419.049881
-14882,3000,86433.344239
-20849,3000,86447.951827
-21864,3000,86461.940942
-23893,3000,86476.543923
-9876,3000,86490.827662
-18867,3000,86506.421348
-21871,3000,86520.371233
-15833,3000,86534.461991
-22870,3000,86548.509096
-15884,3000,86562.800853
-18886,3000,86577.5393
-19865,3000,86592.068125
-12918,3000,86606.22932
-18881,3000,86620.922072
-25883,3000,86634.488656
-13846,3000,86648.645913
-16890,3000,86662.822768
-15862,3000,86678.20645
-21885,3000,86693.074048
-9898,3000,86706.75207
-21859,3000,86721.174045
-13863,3000,86735.093328
-17896,3000,86749.426848
-24893,3000,86763.740057
-16862,3000,86778.352502
-9921,3000,86792.892875
-11831,3000,86807.662684
-18876,3000,86821.578325
-22883,3000,86836.853435
-20851,3000,86852.417158
-28856,3000,86867.821238
-13869,3000,86881.860961
-18859,3000,86896.060933
-10864,3000,86911.554829
-6865,3000,86926.040648
-17871,3000,86940.931731
-20887,3000,86955.765667
-16906,3000,86970.639253
-12875,3000,86985.758042
-19902,3000,87001.380683
-15896,3000,87015.1272
-20874,3000,87035.921942
-13878,3000,87050.794761
-20953,3000,87064.949051
-19904,3000,87079.753441
-23912,3000,87093.520883
-21857,3000,87107.25672
-22899,3000,87121.225458
-17903,3000,87136.141101
-13896,3000,87150.853648
-15874,3000,87165.53038
-23883,3000,87180.254724
-17868,3000,87194.559167
-15877,3000,87208.266174
-9883,3000,87222.337548
-11880,3000,87236.695055
-11858,3000,87251.029289
-25912,3000,87264.608615
-15894,3000,87278.550774
-16866,3000,87293.759307
-7894,3000,87308.840791
-14851,3000,87322.827714
-12860,3000,87337.276264
-20891,3000,87352.097369
-18852,3000,87367.124169
-14835,3000,87381.23423
-19878,3000,87396.497021
-17910,3000,87412.22492
-13848,3000,87426.64343
-11883,3000,87441.676386
-15869,3000,87457.288379
-18908,3000,87472.266823
-11904,3000,87486.007236
-22896,3000,87500.336297
-18879,3000,87514.820489
-19845,3000,87529.426456
-11841,3000,87543.834626
-22906,3000,87558.217947
-22873,3000,87573.224837
-17894,3000,87587.566402
-21886,3000,87601.470862
-19912,3000,87615.165299
-13908,3000,87629.201776
-15876,3000,87643.765971
-25867,3000,87657.472643
-25862,3000,87671.413683
-14869,3000,87685.614272
-11861,3000,87699.179914
-9887,3000,87713.14358
-14861,3000,87727.356731
-28876,3000,87742.158779
-12902,3000,87756.173347
-12869,3000,87770.204814
-13870,3000,87784.526912
-11903,3000,87799.10173
-14850,3000,87813.139908
-14868,3000,87828.113158
-22860,3000,87842.31411
-17921,3000,87857.221056
-16900,3000,87871.606304
-18879,3000,87885.222875
-19898,3000,87899.573342
-14910,3000,87913.391731
-17896,3000,87927.587078
-19885,3000,87941.595084
-15877,3000,87956.6124
-10888,3000,87972.123776
-11862,3000,87992.188938
-19870,3000,88007.203297
-18851,3000,88022.278426
-20867,3000,88037.238404
-13869,3000,88052.482341
-19883,3000,88066.01467
-25891,3000,88080.437924
-12883,3000,88093.806815
-12868,3000,88108.129533
-18860,3000,88123.397474
-20890,3000,88137.395673
-23883,3000,88152.233489
-21886,3000,88166.458038
-20898,3000,88179.977575
-18909,3000,88195.09086
-23893,3000,88208.692493
-20892,3000,88223.241024
-21880,3000,88238.542074
-15906,3000,88252.844585
-19901,3000,88267.523795
-17854,3000,88281.390028
-12898,3000,88295.582455
-21900,3000,88309.729263
-14859,3000,88324.563145
-13894,3000,88338.78751
-22890,3000,88353.39038
-16853,3000,88367.883292
-17876,3000,88382.473899
-21857,3000,88397.516503
-12900,3000,88411.922402
-10870,3000,88426.529601
-16883,3000,88440.948069
-18867,3000,88454.781766
-17859,3000,88468.857018
-17869,3000,88482.796294
-21860,3000,88496.707172
-19896,3000,88511.530465
-18911,3000,88526.120694
-15844,3000,88541.572694
-21898,3000,88555.752868
-18905,3000,88568.843749
-18881,3000,88583.386698
-17884,3000,88597.133757
-26912,3000,88611.662508
-16857,3000,88626.540288
-11867,3000,88641.761011
-16891,3000,88656.404367
-16896,3000,88671.141565
-20868,3000,88685.693924
-18853,3000,88701.007544
-14885,3000,88715.705531
-15886,3000,88730.336221
-15899,3000,88744.577705
-5878,3000,88759.106926
-10887,3000,88773.594344
-11904,3000,88787.329284
-20862,3000,88801.692731
-16902,3000,88816.490382
-19878,3000,88831.005257
-28921,3000,88846.357991
-22890,3000,88859.979108
-21889,3000,88875.475753
-22866,3000,88889.624688
-20862,3000,88905.580615
-14851,3000,88920.37891
-16867,3000,88935.180857
-15889,3000,88950.479838
-14883,3000,88971.415125
-21871,3000,88985.74656
-15845,3000,88999.936717
-17891,3000,89014.847197
-11866,3000,89029.621541
-25886,3000,89044.093091
-13864,3000,89059.110366
-18874,3000,89074.079716
-10876,3000,89087.955171
-23858,3000,89101.901571
-13894,3000,89117.071099
-17839,3000,89132.782372
-19885,3000,89147.413125
-20893,3000,89160.832478
-13886,3000,89174.902014
-15898,3000,89189.425376
-24886,3000,89203.914223
-22904,3000,89219.17724
-10886,3000,89233.720537
-15881,3000,89248.64486
-15870,3000,89263.563483
-14872,3000,89278.852797
-9883,3000,89293.527117
-12871,3000,89307.841119
-19893,3000,89321.945961
-15888,3000,89336.434819
-28863,3000,89352.001745
-21863,3000,89366.706607
-13866,3000,89381.057099
-28872,3000,89396.416619
-13914,3000,89410.31971
-16864,3000,89423.903776
-18881,3000,89438.243475
-17901,3000,89453.366279
-18885,3000,89467.872844
-33881,3000,89482.166831
-17899,3000,89497.151091
-15899,3000,89511.941195
-20879,3000,89526.72118
-20872,3000,89541.336128
-17866,3000,89556.319562
-21861,3000,89570.785391
-16890,3000,89584.998609
-8832,3000,89600.961692
-20890,3000,89616.318893
-21892,3000,89631.219206
-24902,3000,89646.279152
-17863,3000,89659.773041
-17869,3000,89674.619243
-18905,3000,89689.159217
-19867,3000,89703.09338
-17868,3000,89716.757792
-11844,3000,89730.908905
-17906,3000,89744.657116
-16886,3000,89759.263346
-12871,3000,89773.234688
-15876,3000,89787.083556
-19847,3000,89801.120822
-19910,3000,89814.380399
-12899,3000,89828.510998
-27869,3000,89844.106322
-10900,3000,89858.00405
-24879,3000,89873.033788
-17868,3000,89887.601937
-24907,3000,89902.298609
-17870,3000,89917.241307
-13886,3000,89931.846895
-15863,3000,89951.592519
-15881,3000,89965.775126
-18896,3000,89979.438359
-24872,3000,89994.071322
-9883,3000,90008.918021
-13868,3000,90023.463774
-21862,3000,90037.392155
-17893,3000,90050.98847
-18858,3000,90065.099043
-24938,3000,90079.179363
-10861,3000,90093.372346
-11870,3000,90107.533642
-16874,3000,90122.01123
-18861,3000,90136.575404
-16907,3000,90150.844193
-20903,3000,90164.646815
-11889,3000,90178.081409
-15872,3000,90191.943095
-17860,3000,90206.434495
-22889,3000,90220.128774
-21881,3000,90234.23737
-14883,3000,90249.315605
-16873,3000,90263.773275
-22853,3000,90279.198889
-14880,3000,90294.141206
-17872,3000,90310.185198
-15872,3000,90325.940982
-22846,3000,90340.832313
-20862,3000,90354.779812
-9860,3000,90370.090669
-19863,3000,90384.622274
-22872,3000,90399.414411
-21887,3000,90413.495953
-8881,3000,90427.830886
-17886,3000,90441.725524
-16911,3000,90456.013552
-21871,3000,90470.133367
-16846,3000,90484.248094
-5833,3000,90498.889124
-27872,3000,90513.754492
-21897,3000,90527.446422
-18856,3000,90542.332764
-14856,3000,90556.623752
-12865,3000,90571.049409
-9853,3000,90586.216462
-20876,3000,90601.784642
-16854,3000,90616.208349
-13873,3000,90631.554248
-17933,3000,90646.19078
-19887,3000,90660.588642
-18865,3000,90674.97846
-16883,3000,90689.783305
-21847,3000,90705.070347
-13893,3000,90719.470074
-13862,3000,90734.511921
-19887,3000,90748.82182
-13906,3000,90763.42988
-18872,3000,90778.187233
-14904,3000,90792.114612
-12887,3000,90807.403332
-16871,3000,90822.292611
-11871,3000,90836.948782
-18896,3000,90851.236388
-24873,3000,90866.029847
-16887,3000,90879.972444
-20872,3000,90894.264132
-17875,3000,90914.928978
-15836,3000,90929.827383
-26883,3000,90944.644767
-12859,3000,90959.637887
-8890,3000,90973.927271
-17874,3000,90988.034162
-15891,3000,91002.739907
-18853,3000,91017.649786
-19874,3000,91031.877096
-16848,3000,91046.877344
-12881,3000,91062.209093
-16890,3000,91076.79425
-18888,3000,91091.600518
-22886,3000,91106.17513
-18879,3000,91121.016659
-17873,3000,91136.075982
-22917,3000,91151.184232
-19889,3000,91166.28987
-17869,3000,91180.810692
-19868,3000,91195.473254
-24895,3000,91210.175771
-17915,3000,91224.830304
-12893,3000,91239.134069
-12902,3000,91252.769464
-14877,3000,91267.232601
-13886,3000,91281.649443
-6876,3000,91296.545331
-11879,3000,91312.180876
-15876,3000,91326.793426
-18884,3000,91341.726761
-19880,3000,91356.20342
-17896,3000,91371.242454
-23880,3000,91385.406808
-12841,3000,91399.788245
-12898,3000,91413.817782
-15851,3000,91428.053676
-15825,3000,91441.70603
-13852,3000,91455.767869
-15837,3000,91470.104246
-16901,3000,91484.036269
-17874,3000,91499.195268
-20894,3000,91513.897966
-14856,3000,91528.694225
-14864,3000,91543.386878
-15881,3000,91557.750263
-15925,3000,91572.659268
-19860,3000,91587.202594
-10874,3000,91601.5604
-17873,3000,91616.999289
-23896,3000,91631.542756
-16870,3000,91645.537176
-10882,3000,91659.835583
-18882,3000,91673.529497
-19909,3000,91687.725744
-20856,3000,91702.073596
-16883,3000,91716.838804
-15870,3000,91731.266222
-18899,3000,91745.577601
-16880,3000,91759.516134
-25909,3000,91773.019153
-10884,3000,91787.189606
-20904,3000,91801.156292
-12877,3000,91814.894871
-16900,3000,91828.107002
-15881,3000,91842.006802
-13852,3000,91855.560044
-19888,3000,91868.930372
-21924,3000,91888.635149
-15886,3000,91902.821889
-17855,3000,91916.817939
-14872,3000,91930.423528
-15861,3000,91944.170312
-15891,3000,91958.044517
-15883,3000,91971.710793
-14886,3000,91985.986622
-21891,3000,91999.631094
-16878,3000,92013.242439
-21886,3000,92027.624905
-17873,3000,92041.776433
-18889,3000,92055.361093
-21882,3000,92069.049704
-11887,3000,92082.895923
-12865,3000,92096.736015
-15897,3000,92110.935201
-11881,3000,92125.075814
-26869,3000,92139.000465
-13876,3000,92153.143749
-12835,3000,92167.571826
-16850,3000,92181.854301
-19889,3000,92196.239481
-15889,3000,92210.171704
-25835,3000,92224.716049
-16850,3000,92238.704767
-15870,3000,92252.770534
-8871,3000,92266.94522
-21881,3000,92281.25825
-16878,3000,92295.514501
-20880,3000,92309.459506
-20897,3000,92322.984755
-21856,3000,92337.681958
-18888,3000,92351.707645
-15871,3000,92365.579309
-15901,3000,92378.819318
-30871,3000,92392.323758
-22900,3000,92406.632194
-14894,3000,92420.480964
-18870,3000,92433.960107
-9865,3000,92447.767466
-19865,3000,92461.885587
-16863,3000,92475.417133
-19920,3000,92489.027169
-14893,3000,92503.285324
-17866,3000,92517.151672
-16895,3000,92530.322181
-22872,3000,92544.32066
-20873,3000,92558.276234
-19883,3000,92571.927911
-25868,3000,92586.336003
-15869,3000,92600.24826
-16883,3000,92614.833813
-24888,3000,92628.820576
-13850,3000,92643.325608
-21898,3000,92656.89984
-21883,3000,92670.411675
-19860,3000,92684.464661
-10881,3000,92698.26345
-15887,3000,92711.879514
-16881,3000,92725.362829
-19898,3000,92738.697277
-19865,3000,92752.518796
-19870,3000,92766.897806
-13866,3000,92780.659626
-21914,3000,92794.121363
-19912,3000,92807.418332
-14884,3000,92827.426527
-12866,3000,92841.140396
-13876,3000,92854.614295
-16864,3000,92868.368524
-16846,3000,92882.641642
-9898,3000,92896.601909
-14860,3000,92910.92204
-19865,3000,92924.798754
-16856,3000,92938.720963
-21875,3000,92952.836734
-15889,3000,92966.935809
-17860,3000,92981.706586
-16840,3000,92995.855761
-26881,3000,93009.383596
-10839,3000,93023.181984
-22889,3000,93037.416531
-10883,3000,93051.424268
-17878,3000,93064.870583
-19881,3000,93078.449495
-12873,3000,93092.496201
-16857,3000,93106.985994
-19875,3000,93120.389542
-21861,3000,93133.942572
-7839,3000,93147.94809
-20895,3000,93161.630841
-13877,3000,93175.486197
-27876,3000,93188.877264
-17854,3000,93202.453698
-15835,3000,93216.642631
-15833,3000,93230.545814
-23866,3000,93244.210301
-16839,3000,93258.085669
-12879,3000,93271.957329
-16854,3000,93286.022696
-19832,3000,93299.987122
-15905,3000,93313.441186
-7862,3000,93326.552428
-17861,3000,93340.189212
-13891,3000,93353.463883
-19896,3000,93367.092067
-15865,3000,93380.703844
-20858,3000,93394.564093
-12868,3000,93408.497909
-13868,3000,93422.231479
-19887,3000,93435.86508
-12873,3000,93449.94869
-11874,3000,93464.288449
-19854,3000,93477.70076
-12868,3000,93491.599397
-12860,3000,93505.433671
-14859,3000,93519.637512
-14837,3000,93533.671626
-21858,3000,93547.326368
-7886,3000,93560.869104
-17882,3000,93574.8276
-20865,3000,93589.644154
-22861,3000,93603.691369
-21877,3000,93617.663495
-17886,3000,93631.276363
-19860,3000,93645.083074
-24888,3000,93658.714143
-12857,3000,93672.465239
-15830,3000,93686.802026
-18894,3000,93699.983227
-13861,3000,93713.6765
-15852,3000,93727.066063
-12857,3000,93746.780469
-11879,3000,93759.979755
-15876,3000,93773.541713
-14870,3000,93787.541436
-12884,3000,93800.394687
-17846,3000,93814.032691
-23884,3000,93827.118111
-16876,3000,93841.071428
-19855,3000,93855.089925
-18880,3000,93868.799476
-26863,3000,93882.795324
-17881,3000,93896.910512
-12843,3000,93910.67183
-15865,3000,93924.750221
-22912,3000,93938.32474
-14875,3000,93952.393206
-16865,3000,93966.07926
-21891,3000,93979.402128
-19882,3000,93993.106283
-16882,3000,94006.565391
-16860,3000,94019.72016
-13889,3000,94033.63474
-16871,3000,94047.466202
-9855,3000,94060.776071
-23895,3000,94074.613355
-22898,3000,94089.11773
-20845,3000,94102.492694
-12860,3000,94116.216939
-20869,3000,94129.965585
-13844,3000,94144.072494
-20858,3000,94157.456833
-17860,3000,94171.134959
-16882,3000,94184.740434
-13858,3000,94198.280025
-15865,3000,94212.106645
-17879,3000,94225.787471
-15899,3000,94239.016076
-11846,3000,94252.938647
-16871,3000,94266.750757
-13862,3000,94279.935721
-20883,3000,94293.749675
-12882,3000,94307.483462
-14880,3000,94321.371749
-8872,3000,94335.142101
-21849,3000,94348.504672
-18856,3000,94362.658511
-15864,3000,94377.199161
-17843,3000,94390.755389
-19878,3000,94404.273693
-23897,3000,94417.971137
-19897,3000,94431.630393
-15884,3000,94445.41285
-12847,3000,94459.249506
-24881,3000,94472.657794
-19867,3000,94486.666246
-18892,3000,94500.678262
-12875,3000,94514.302552
-17844,3000,94527.805854
-17874,3000,94541.155826
-14863,3000,94554.819963
-12860,3000,94568.544934
-16881,3000,94582.291229
-8868,3000,94596.310571
-18863,3000,94609.36534
-18893,3000,94623.234803
-14881,3000,94636.890204
-18877,3000,94650.914407
-17882,3000,94670.199177
-20842,3000,94684.709043
-17866,3000,94698.222592
-28877,3000,94712.107252
-22898,3000,94725.259248
-19857,3000,94739.150798
-16862,3000,94752.775988
-22849,3000,94766.221161
-10883,3000,94779.863317
-22875,3000,94793.526725
-15868,3000,94806.908943
-14834,3000,94820.854816
-19881,3000,94834.773575
-18858,3000,94848.478231
-14895,3000,94862.363606
-12893,3000,94876.180941
-22882,3000,94890.365345
-18869,3000,94904.575773
-10869,3000,94918.940693
-15875,3000,94932.557954
-10899,3000,94946.919742
-17871,3000,94959.995556
-23884,3000,94973.468943
-14872,3000,94987.260654
-14882,3000,95001.214871
-14890,3000,95014.467334
-17856,3000,95028.485384
-20865,3000,95042.760776
-19850,3000,95056.508202
-16848,3000,95070.262487
-17878,3000,95083.393293
-19872,3000,95097.045275
-20872,3000,95111.274633
-23851,3000,95125.368109
-23877,3000,95139.13119
-17846,3000,95153.339337
-19862,3000,95167.045406
-15864,3000,95180.863252
-18875,3000,95194.92644
-17873,3000,95209.352098
-16894,3000,95223.180175
-17870,3000,95236.859534
-21838,3000,95251.147488
-13856,3000,95264.813333
-18896,3000,95278.259589
-20885,3000,95291.88275
-16862,3000,95305.820616
-13874,3000,95319.596392
-10866,3000,95333.385821
-18873,3000,95347.093539
-22901,3000,95360.707813
-16852,3000,95374.882406
-24892,3000,95387.858893
-15848,3000,95401.825686
-15851,3000,95415.558875
-24891,3000,95429.604054
-23872,3000,95443.9914
-16880,3000,95457.066004
-17884,3000,95470.970742
-21878,3000,95485.004874
-21846,3000,95498.600628
-13865,3000,95512.475726
-17865,3000,95526.560599
-17872,3000,95540.222089
-15882,3000,95554.074456
-14884,3000,95568.073957
-26849,3000,95581.791474
-14843,3000,95601.184681
-23841,3000,95615.297792
-12858,3000,95629.311815
-11869,3000,95643.259488
-14882,3000,95656.34566
-18876,3000,95669.51967
-21862,3000,95683.106321
-20873,3000,95696.953928
-16864,3000,95710.975595
-13871,3000,95725.008401
-18851,3000,95738.733347
-17882,3000,95752.118176
-10838,3000,95766.063763
-9868,3000,95780.069788
-11853,3000,95793.69169
-14853,3000,95808.071881
-9878,3000,95821.442767
-11856,3000,95835.25882
-15838,3000,95849.261119
-11859,3000,95862.842363
-18870,3000,95877.071079
-11816,3000,95890.670404
-16837,3000,95905.185494
-14863,3000,95918.484311
-16874,3000,95932.27769
-12859,3000,95945.666446
-8832,3000,95959.643247
-12870,3000,95973.37542
-14845,3000,95987.628664
-14871,3000,96001.694986
-14836,3000,96015.429503
-25908,3000,96028.991195
-17857,3000,96042.737186
-14872,3000,96056.054346
-15890,3000,96069.751944
-20858,3000,96083.67455
-27855,3000,96097.532001
-18871,3000,96111.101371
-26885,3000,96124.682438
-18877,3000,96138.077921
-16881,3000,96151.622802
-19842,3000,96165.315178
-17891,3000,96178.686285
-26862,3000,96193.185642
-12861,3000,96207.227679
-23912,3000,96221.841227
-15845,3000,96235.863835
-12857,3000,96249.316903
-15878,3000,96262.964199
-11896,3000,96276.43779
-20864,3000,96290.208925
-14850,3000,96304.624269
-19861,3000,96318.079892
-25881,3000,96331.606949
-19844,3000,96346.084274
-7857,3000,96360.172179
-12895,3000,96373.837214
-21865,3000,96387.364794
-22850,3000,96401.096193
-6880,3000,96414.289671
-17869,3000,96428.228616
-19883,3000,96441.468174
-19851,3000,96455.33217
-18861,3000,96469.237757
-12884,3000,96482.871393
-14860,3000,96496.149711
-26872,3000,96515.624562
-21861,3000,96529.503249
-15865,3000,96543.407356
-16840,3000,96557.570901
-16850,3000,96571.439284
-14856,3000,96585.622347
-13875,3000,96599.480699
-18871,3000,96613.312077
-21871,3000,96626.271603
-20898,3000,96639.450165
-20865,3000,96653.008406
-18847,3000,96667.219089
-16847,3000,96680.994121
-15883,3000,96694.502458
-15858,3000,96708.31567
-13838,3000,96722.307337
-16854,3000,96736.582153
-29880,3000,96750.710763
-8825,3000,96764.944804
-21858,3000,96778.464766
-14878,3000,96792.217278
-14867,3000,96806.004463
-14862,3000,96819.63164
-16869,3000,96833.024864
-21880,3000,96845.897428
-16886,3000,96859.086595
-16901,3000,96872.306046
-13882,3000,96885.940968
-16871,3000,96899.677943
-7896,3000,96913.105118
-14864,3000,96926.662777
-10865,3000,96939.747479
-17875,3000,96953.51075
-20854,3000,96967.310587
-12916,3000,96980.757167
-14864,3000,96994.270544
-15871,3000,97007.775059
-20877,3000,97021.490068
-17828,3000,97035.480815
-17873,3000,97049.7372
-18898,3000,97063.299133
-16835,3000,97077.192852
-19896,3000,97090.906847
-17902,3000,97103.986586
-16857,3000,97117.632306
-19884,3000,97130.996011
-11862,3000,97144.15997
-12854,3000,97157.719197
-14842,3000,97171.258811
-18870,3000,97184.768366
-17867,3000,97198.105304
-14857,3000,97212.220194
-22900,3000,97225.743395
-22870,3000,97239.513364
-18855,3000,97252.874202
-18850,3000,97266.248645
-17873,3000,97279.574341
-15855,3000,97293.257857
-25867,3000,97306.870675
-13838,3000,97320.3072
-17861,3000,97333.896397
-15901,3000,97347.168091
-13884,3000,97360.919296
-18880,3000,97374.713816
-17840,3000,97388.431151
-14883,3000,97402.085614
-19866,3000,97416.005862
-19883,3000,97435.590328
-24846,3000,97449.794765
-18868,3000,97463.866728
-20886,3000,97477.251955
-15879,3000,97491.008046
-13846,3000,97504.691363
-12841,3000,97518.661855
-17877,3000,97532.152159
-8847,3000,97546.222688
-10869,3000,97560.080649
-12859,3000,97573.736868
-14865,3000,97587.443544
-20860,3000,97601.241882
-15904,3000,97614.842759
-18876,3000,97628.463714
-17875,3000,97641.896875
-10862,3000,97655.326324
-16877,3000,97668.817091
-18910,3000,97682.191256
-21876,3000,97696.336802
-13868,3000,97710.014257
-9846,3000,97723.524726
-13886,3000,97737.197792
-17850,3000,97750.680882
-10868,3000,97764.180999
-19894,3000,97777.048978
-15887,3000,97790.291838
-23841,3000,97803.987431
-14853,3000,97817.139857
-17848,3000,97830.615392
-16837,3000,97844.002216
-20862,3000,97857.19409
-12861,3000,97870.810364
-20878,3000,97884.232113
-20839,3000,97898.126796
-16870,3000,97911.61568
-11871,3000,97925.208629
-14857,3000,97939.219966
-8839,3000,97952.7592
-12871,3000,97966.814873
-21873,3000,97980.832468
-17872,3000,97994.654247
-19864,3000,98008.606862
-18874,3000,98022.191132
-20858,3000,98035.891662
-11825,3000,98050.611707
-18902,3000,98064.252744
-22869,3000,98077.75992
-18872,3000,98091.314603
-19876,3000,98105.005683
-15870,3000,98119.334404
-20865,3000,98132.918997
-10897,3000,98146.48236
-19843,3000,98159.985941
-17870,3000,98173.405648
-11888,3000,98187.243202
-20849,3000,98200.40017
-16875,3000,98213.860298
-16856,3000,98227.291402
-10856,3000,98240.316868
-16858,3000,98253.872587
-27850,3000,98267.61066
-9863,3000,98281.445654
-25889,3000,98294.895483
-7916,3000,98308.412091
-5866,3000,98321.883743
-20849,3000,98336.089509
-13880,3000,98355.327055
-18861,3000,98369.3109
-14867,3000,98383.005208
-15865,3000,98397.107164
-17896,3000,98410.247678
-20843,3000,98424.292957
-20864,3000,98438.127573
-16833,3000,98451.970256
-14884,3000,98465.179334
-17848,3000,98478.968907
-14873,3000,98491.860506
-11867,3000,98505.447583
-12866,3000,98519.243217
-15872,3000,98533.090436
-17864,3000,98547.313421
-16872,3000,98561.2534
-14870,3000,98575.038825
-19849,3000,98588.743441
-16874,3000,98602.52784
-19882,3000,98616.333385
-15842,3000,98629.553522
-18855,3000,98643.135853
-14852,3000,98656.872622
-18870,3000,98670.305787
-17879,3000,98684.112229
-21868,3000,98698.102882
-25884,3000,98711.633728
-21879,3000,98725.612117
-16854,3000,98739.278636
-9844,3000,98753.410478
-20843,3000,98766.663269
-18867,3000,98780.175691
-15836,3000,98794.249633
-16884,3000,98807.500833
-13872,3000,98820.922163
-12862,3000,98834.586148
-10874,3000,98848.620717
-7834,3000,98862.335809
-13831,3000,98876.054046
-15868,3000,98889.536433
-15848,3000,98903.392327
-15857,3000,98917.444624
-11885,3000,98930.854473
-22839,3000,98944.713178
-28878,3000,98958.237925
-11864,3000,98972.052591
-21868,3000,98985.978448
-15875,3000,98999.536651
-22866,3000,99014.004385
-20882,3000,99027.746385
-17885,3000,99041.520776
-16879,3000,99054.938383
-20862,3000,99069.326139
-13885,3000,99083.173937
-14852,3000,99097.518792
-15855,3000,99111.127136
-19875,3000,99125.365421
-17889,3000,99138.812293
-19855,3000,99152.519346
-11856,3000,99166.258185
-18871,3000,99179.968231
-13884,3000,99193.307837
-15862,3000,99206.944209
-15846,3000,99220.431896
-23869,3000,99234.551955
-12851,3000,99248.133341
-25840,3000,99267.979015
-17897,3000,99281.013539
-12849,3000,99294.635564
-16843,3000,99308.414589
-17833,3000,99321.944948
-14847,3000,99336.197993
-17872,3000,99350.13002
-14837,3000,99363.870434
-22897,3000,99377.041791
-13861,3000,99390.298674
-28884,3000,99404.072107
-10849,3000,99417.914472
-16844,3000,99431.055981
-17840,3000,99444.745583
-20884,3000,99458.874271
-12871,3000,99472.551655
-14859,3000,99486.126937
-12894,3000,99500.078585
-17861,3000,99513.710109
-14845,3000,99527.721862
-18854,3000,99541.321386
-9843,3000,99555.240944
-24838,3000,99569.903938
-23838,3000,99584.29126
-15868,3000,99597.588118
-20869,3000,99611.407072
-17844,3000,99625.296105
-16866,3000,99638.617856
-22864,3000,99652.751541
-19874,3000,99666.496037
-24850,3000,99680.624643
-18828,3000,99694.731879
-19894,3000,99707.829127
-18858,3000,99721.899782
-29870,3000,99735.593367
-13886,3000,99749.015104
-20903,3000,99762.44881
-19913,3000,99775.659651
-17884,3000,99788.510813
-10822,3000,99801.945402
-15876,3000,99815.110744
-22856,3000,99828.962809
-25883,3000,99842.77931
-10881,3000,99856.763281
-17875,3000,99870.459865
-10864,3000,99884.42713
-18858,3000,99898.144114
-14863,3000,99911.443134
-11910,3000,99924.891671
-19886,3000,99939.142438
-13874,3000,99953.248195
-17855,3000,99966.943807
-20880,3000,99980.077927
-15868,3000,99993.806493
-20843,3000,100007.325327
-25857,3000,100020.861757
-24889,3000,100034.597305
-22848,3000,100049.071508
-19865,3000,100062.707325
-15884,3000,100076.224502
-14832,3000,100090.125632
-17836,3000,100104.406631
-14842,3000,100118.999973
-15831,3000,100133.076287
-17844,3000,100146.88529
-19853,3000,100161.414163
-16894,3000,100174.659188
-12833,3000,100194.370244
-19852,3000,100209.392383
-14859,3000,100223.768992
-13842,3000,100237.33572
-12864,3000,100250.863482
-11854,3000,100264.307568
-19870,3000,100278.431483
-15864,3000,100292.440886
-17875,3000,100306.512326
-15859,3000,100320.400941
-18867,3000,100334.106609
-14848,3000,100347.771719
-20882,3000,100361.892865
-22865,3000,100375.265247
-19871,3000,100389.201731
-19838,3000,100402.89953
-23865,3000,100416.998298
-18853,3000,100431.134943
-17867,3000,100444.686203
-16869,3000,100458.793387
-13877,3000,100472.022948
-17857,3000,100485.627573
-19874,3000,100499.532103
-21861,3000,100513.063886
-18861,3000,100526.974124
-10890,3000,100540.771483
-21858,3000,100554.841549
-15858,3000,100568.365927
-21854,3000,100581.940735
-8855,3000,100595.684019
-16868,3000,100609.432724
-19855,3000,100622.999248
-23860,3000,100636.510312
-13893,3000,100649.804148
-17843,3000,100663.300581
-18871,3000,100676.956004
-23860,3000,100690.782374
-18856,3000,100704.754653
-25868,3000,100718.019897
-15860,3000,100731.786757
-16866,3000,100744.851672
-9862,3000,100758.602879
-17857,3000,100771.680844
-18877,3000,100785.791286
-20838,3000,100800.182047
-18854,3000,100813.566651
-15831,3000,100828.371546
-22875,3000,100841.938892
-19887,3000,100855.262306
-25878,3000,100869.189708
-16847,3000,100882.768711
-14878,3000,100896.411913
-22869,3000,100910.433559
-17857,3000,100924.832222
-15841,3000,100938.324553
-18845,3000,100951.98243
-13861,3000,100965.688626
-21817,3000,100979.493638
-24883,3000,100993.762249
-16868,3000,101007.062286
-19880,3000,101020.842317
-19852,3000,101035.218167
-16865,3000,101048.987678
-11834,3000,101062.503045
-9871,3000,101076.271111
-12865,3000,101090.158657
-19866,3000,101103.495037
-15869,3000,101122.935721
-18857,3000,101136.371925
-17868,3000,101150.087217
-13868,3000,101163.848889
-19834,3000,101177.671601
-25870,3000,101191.513329
-14877,3000,101204.351355
-21869,3000,101217.784938
-21865,3000,101231.277894
-20851,3000,101245.190382
-18837,3000,101259.411484
-17865,3000,101272.68255
-16892,3000,101285.841233
-15871,3000,101298.859261
-17870,3000,101312.415381
-14911,3000,101325.532951
-17876,3000,101339.185864
-16871,3000,101352.7462
-16876,3000,101365.796529
-17875,3000,101379.514211
-18887,3000,101393.633539
-22897,3000,101407.036066
-11870,3000,101421.103755
-18838,3000,101434.712889
-19847,3000,101448.583868
-21883,3000,101462.155602
-24887,3000,101475.871075
-22871,3000,101489.779676
-22880,3000,101503.591732
-17887,3000,101516.920903
-5848,3000,101530.501502
-12863,3000,101544.115012
-12862,3000,101557.72498
-14837,3000,101571.903754
-14859,3000,101585.462631
-14892,3000,101599.012836
-14892,3000,101612.452612
-20857,3000,101626.173532
-17852,3000,101640.14455
-15851,3000,101653.819207
-9853,3000,101667.2984
-8826,3000,101681.110853
-12857,3000,101694.869345
-14874,3000,101708.465151
-22858,3000,101722.410027
-17856,3000,101736.228856
-17864,3000,101749.360431
-15854,3000,101763.181533
-22843,3000,101777.175336
-15867,3000,101791.732096
-20845,3000,101805.751131
-15898,3000,101819.261378
-18873,3000,101833.28799
-18862,3000,101847.639645
-13849,3000,101861.802795
-13854,3000,101875.571888
-11853,3000,101889.420397
-11857,3000,101903.714281
-22889,3000,101917.725269
-11884,3000,101931.525059
-14853,3000,101945.567145
-17862,3000,101958.884825
-15871,3000,101972.234872
-16858,3000,101986.172468
-14869,3000,101999.744861
-15860,3000,102013.31961
-19874,3000,102032.939802
-21835,3000,102047.147508
-12871,3000,102061.15411
-14861,3000,102074.831364
-17860,3000,102088.822659
-20855,3000,102102.466153
-16863,3000,102116.514451
-18853,3000,102130.351462
-15871,3000,102143.814206
-9824,3000,102157.616959
-13879,3000,102171.073304
-13848,3000,102184.587114
-12860,3000,102198.360646
-22872,3000,102211.813634
-11854,3000,102225.165959
-21865,3000,102239.185553
-18846,3000,102252.94322
-18863,3000,102266.119526
-14853,3000,102279.470975
-19854,3000,102292.817678
-18849,3000,102306.011763
-23863,3000,102319.461718
-15869,3000,102332.969239
-15867,3000,102346.472791
-16837,3000,102360.230477
-18880,3000,102373.955053
-24868,3000,102387.358806
-14890,3000,102400.579241
-15866,3000,102413.903054
-25872,3000,102427.039476
-20851,3000,102440.566972
-13855,3000,102454.265069
-19848,3000,102467.798365
-13844,3000,102481.118345
-25873,3000,102494.863721
-14855,3000,102509.092638
-20888,3000,102523.010156
-12877,3000,102536.647823
-11878,3000,102550.529861
-12845,3000,102564.350786
-16861,3000,102577.766371
-12842,3000,102591.611065
-14866,3000,102605.323969
-11856,3000,102618.904154
-21848,3000,102632.727328
-13849,3000,102646.771763
-21859,3000,102660.471202
-18866,3000,102674.460804
-19868,3000,102688.766953
-9870,3000,102702.010823
-15868,3000,102716.157024
-19866,3000,102730.123635
-23877,3000,102743.696125
-18889,3000,102756.911979
-13862,3000,102770.55003
-14841,3000,102784.634587
-11867,3000,102798.574585
-14873,3000,102812.296042
-23854,3000,102825.941929
-18871,3000,102840.23816
-14862,3000,102854.300826
-15877,3000,102868.15469
-15831,3000,102881.916603
-7850,3000,102895.392986
-26864,3000,102908.941822
-17843,3000,102922.091114
-18856,3000,102935.91657
-19863,3000,102955.177805
-17841,3000,102969.613384
-14871,3000,102983.206627
-17870,3000,102996.68251
-20848,3000,103010.698272
-16869,3000,103024.083428
-13862,3000,103037.609671
-27877,3000,103051.201894
-13857,3000,103064.867386
-18828,3000,103077.994052
-12825,3000,103091.568378
-15838,3000,103105.487767
-13835,3000,103119.377813
-12867,3000,103132.996282
-12871,3000,103146.207007
-16856,3000,103160.235335
-11827,3000,103173.609911
-18834,3000,103187.824454
-15865,3000,103201.85295
-15839,3000,103215.709234
-22851,3000,103230.211717
-22888,3000,103244.311281
-10854,3000,103257.641576
-13861,3000,103270.697916
-15822,3000,103284.627829
-21860,3000,103298.185105
-13827,3000,103312.07226
-22893,3000,103325.896783
-18879,3000,103339.23466
-17866,3000,103352.993175
-17833,3000,103366.575917
-15856,3000,103380.107912
-15851,3000,103393.952576
-15865,3000,103407.768634
-12876,3000,103421.242155
-16848,3000,103435.344909
-22869,3000,103449.559213
-19857,3000,103462.851738
-16850,3000,103476.620733
-14828,3000,103490.748819
-12854,3000,103504.267889
-14872,3000,103518.260199
-16869,3000,103531.764824
-16846,3000,103545.583486
-21860,3000,103559.150921
-17846,3000,103573.145891
-12850,3000,103586.919279
-20863,3000,103600.752434
-22866,3000,103614.595311
-9871,3000,103628.959331
-18869,3000,103642.365906
-11855,3000,103656.460398
-15862,3000,103670.529462
-12881,3000,103683.698846
-15883,3000,103696.930237
-15879,3000,103710.573471
-19848,3000,103724.064132
-12856,3000,103737.476174
-20826,3000,103750.753458
-15840,3000,103764.475662
-23859,3000,103777.687496
-16866,3000,103791.77458
-17873,3000,103805.241377
-16863,3000,103818.385592
-13843,3000,103831.831429
-18863,3000,103845.237546
-20841,3000,103857.97989
-13846,3000,103877.525815
-21844,3000,103890.900589
-23880,3000,103904.975006
-10872,3000,103918.766336
-14888,3000,103932.052227
-16839,3000,103945.789266
-17872,3000,103959.357367
-20899,3000,103973.108324
-13865,3000,103986.616742
-12813,3000,104000.918836
-18885,3000,104015.056554
-19862,3000,104028.68503
-16845,3000,104042.228992
-19861,3000,104055.689143
-13834,3000,104069.706447
-12848,3000,104083.133094
-23870,3000,104097.190388
-25860,3000,104110.87776
-16853,3000,104124.643972
-22878,3000,104138.155903
-24861,3000,104152.728935
-9884,3000,104167.294823
-17883,3000,104181.090435
-19846,3000,104195.096017
-15847,3000,104208.240142
-13852,3000,104221.968418
-20864,3000,104235.746087
-12834,3000,104249.411724
-12855,3000,104263.242289
-17872,3000,104277.195601
-8866,3000,104290.61829
-15848,3000,104304.980539
-15852,3000,104319.038342
-16841,3000,104332.78008
-21832,3000,104347.542765
-20864,3000,104361.590838
-18832,3000,104374.764841
-13859,3000,104388.123371
-21866,3000,104401.589642
-10839,3000,104415.007705
-19881,3000,104428.145458
-13844,3000,104441.688696
-14824,3000,104455.288887
-12867,3000,104468.833201
-17830,3000,104482.210812
-22875,3000,104495.624874
-15842,3000,104508.786289
-12847,3000,104522.885615
-20853,3000,104536.470948
-22846,3000,104550.157137
-18873,3000,104563.251333
-16865,3000,104576.681406
-26863,3000,104590.639438
-23846,3000,104604.131592
-16844,3000,104618.224115
-13860,3000,104632.236927
-16837,3000,104646.383402
-26897,3000,104659.941992
-21817,3000,104673.57418
-20854,3000,104687.310864
-21822,3000,104701.05426
-19861,3000,104714.26676
-16854,3000,104728.731493
-14866,3000,104742.405416
-12873,3000,104755.781814
-14868,3000,104769.500876
-18858,3000,104789.066288
-16859,3000,104802.601742
-16872,3000,104816.16643
-17891,3000,104829.316622
-12852,3000,104842.791947
-18860,3000,104856.078469
-19825,3000,104870.278949
-21858,3000,104884.088439
-15868,3000,104898.196948
-7860,3000,104911.875185
-20880,3000,104925.260165
-16835,3000,104938.986133
-15843,3000,104952.815112
-15842,3000,104967.169158
-11852,3000,104980.845193
-24849,3000,104994.267385
-13852,3000,105008.376881
-12875,3000,105021.35956
-15850,3000,105035.413841
-14867,3000,105048.694731
-17846,3000,105062.176635
-15842,3000,105075.905532
-10838,3000,105089.451677
-22871,3000,105103.373802
-22884,3000,105116.834532
-22849,3000,105130.460103
-13845,3000,105144.275737
-19855,3000,105157.865706
-19885,3000,105171.322087
-14868,3000,105184.741855
-15847,3000,105198.069707
-16857,3000,105211.733216
-12899,3000,105225.135273
-9853,3000,105238.152894
-4853,3000,105251.676564
-20849,3000,105264.991392
-14852,3000,105278.497423
-22845,3000,105291.990337
-14848,3000,105305.06066
-25834,3000,105319.011227
-15836,3000,105332.677355
-18845,3000,105346.376399
-14828,3000,105360.775075
-20877,3000,105373.999907
-10852,3000,105387.564706
-19842,3000,105401.503782
-19860,3000,105415.464481
-15855,3000,105428.607417
-11891,3000,105441.809524
-19834,3000,105455.854007
-16870,3000,105468.920136
-19831,3000,105482.625258
-19864,3000,105496.434926
-10894,3000,105509.501723
-16831,3000,105522.66933
-14854,3000,105536.195902
-16864,3000,105550.051411
-18825,3000,105563.906942
-19844,3000,105577.830091
-20863,3000,105591.754965
-18868,3000,105604.785997
-14845,3000,105618.693816
-12851,3000,105632.268464
-27841,3000,105646.220949
-17843,3000,105660.358345
-16852,3000,105674.084225
-12884,3000,105687.412262
-15853,3000,105706.635854
-10845,3000,105719.939077
-13846,3000,105733.531343
-16883,3000,105747.570748
-14837,3000,105761.222617
-19852,3000,105775.352945
-14831,3000,105789.662744
-19867,3000,105802.875748
-15842,3000,105816.392837
-16880,3000,105830.213453
-15853,3000,105843.061249
-14826,3000,105857.204907
-19869,3000,105871.240734
-13862,3000,105884.786008
-15879,3000,105898.123885
-11831,3000,105911.871822
-13855,3000,105925.268823
-20833,3000,105939.144694
-21846,3000,105952.625276
-11864,3000,105965.900751
-24864,3000,105979.700409
-14873,3000,105993.433568
-18854,3000,106006.833869
-17892,3000,106019.787307
-19847,3000,106033.730197
-14808,3000,106047.957062
-15850,3000,106061.210598
-24829,3000,106075.106789
-14872,3000,106089.033107
-21818,3000,106102.377473
-17834,3000,106116.403726
-18843,3000,106130.269079
-22846,3000,106143.697232
-14840,3000,106157.491415
-18845,3000,106170.80169
-12837,3000,106184.967725
-16852,3000,106198.871461
-7822,3000,106212.699804
-21861,3000,106226.79531
-12841,3000,106240.058858
-17841,3000,106254.398157
-12845,3000,106268.367926
-28851,3000,106281.833473
-14841,3000,106295.83002
-20869,3000,106309.841967
-15845,3000,106324.081171
-13869,3000,106338.175361
-19858,3000,106351.81937
-16836,3000,106365.611311
-22841,3000,106380.074751
-27846,3000,106393.717818
-11855,3000,106407.705744
-21840,3000,106421.069361
-12839,3000,106435.084121
-19852,3000,106448.570122
-14822,3000,106462.596215
-22822,3000,106475.988109
-15839,3000,106489.472347
-20824,3000,106503.70879
-15861,3000,106516.862672
-15840,3000,106531.107303
-11824,3000,106545.006381
-15867,3000,106558.276098
-9866,3000,106571.559614
-12856,3000,106585.351711
-15827,3000,106599.203809
-9851,3000,106612.754619
-7836,3000,106632.151126
-13874,3000,106646.195729
-11832,3000,106660.193097
-14855,3000,106673.508345
-21859,3000,106687.039875
-19859,3000,106700.988951
-9807,3000,106714.950001
-12838,3000,106728.47192
-25838,3000,106742.895319
-18870,3000,106756.840078
-25861,3000,106770.734509
-15821,3000,106784.438823
-13831,3000,106797.986008
-15857,3000,106812.098774
-21851,3000,106825.630507
-17831,3000,106839.312838
-14851,3000,106852.887191
-13833,3000,106867.102305
-14855,3000,106880.852902
-24830,3000,106894.966025
-17851,3000,106908.459162
-15863,3000,106922.229004
-17852,3000,106935.91152
-23847,3000,106949.232174
-20848,3000,106963.165858
-12839,3000,106976.932458
-19865,3000,106989.961848
-17835,3000,107003.968118
-14819,3000,107017.954477
-14848,3000,107031.908927
-13849,3000,107045.215807
-20856,3000,107059.091294
-14827,3000,107073.030283
-20847,3000,107086.314109
-17856,3000,107099.843447
-15833,3000,107113.600633
-23882,3000,107127.510156
-7824,3000,107141.456738
-20864,3000,107154.268156
-21864,3000,107168.005534
-15858,3000,107181.86012
-26854,3000,107195.121458
-11834,3000,107208.336351
-19865,3000,107222.064701
-18843,3000,107235.683107
-13899,3000,107248.925529
-21822,3000,107262.96595
-20837,3000,107277.189249
-9844,3000,107290.93702
-15836,3000,107304.552947
-16836,3000,107318.130278
-22849,3000,107331.704447
-22874,3000,107345.417307
-22842,3000,107358.938601
-15855,3000,107371.939162
-19851,3000,107385.274828
-11866,3000,107398.662119
-11857,3000,107412.242071
-17867,3000,107425.864815
-18864,3000,107439.58494
-17833,3000,107452.9558
-24839,3000,107466.146508
-20810,3000,107479.82261
-19847,3000,107493.671076
-21823,3000,107507.680172
-28872,3000,107521.402784
-13835,3000,107540.613716
-19872,3000,107554.223901
-12859,3000,107567.638502
-19854,3000,107581.438503
-20851,3000,107595.179832
-14816,3000,107608.935117
-17844,3000,107622.266812
-16852,3000,107636.11144
-18854,3000,107649.897591
-15830,3000,107663.487183
-16820,3000,107677.3678
-14850,3000,107691.315241
-22855,3000,107704.428281
-18870,3000,107717.985474
-19816,3000,107731.950649
-10845,3000,107745.244908
-14841,3000,107758.375274
-19839,3000,107772.234543
-12842,3000,107786.896096
-11873,3000,107801.294941
-14822,3000,107815.192612
-12831,3000,107828.793915
-12816,3000,107842.930046
-14818,3000,107856.68067
-14859,3000,107870.453223
-18853,3000,107883.84183
-19851,3000,107897.67666
-20848,3000,107911.079449
-11879,3000,107924.986616
-16831,3000,107938.892785
-20846,3000,107952.434675
-22839,3000,107965.926356
-15846,3000,107979.492787
-24831,3000,107993.150281
-25815,3000,108007.134594
-17852,3000,108020.705149
-21831,3000,108034.207451
-17846,3000,108047.767581
-10860,3000,108061.364289
-19840,3000,108075.202994
-17845,3000,108088.860002
-17824,3000,108102.637625
-20857,3000,108116.074784
-12830,3000,108129.617639
-14824,3000,108143.856358
-12848,3000,108157.765954
-18851,3000,108170.890604
-18820,3000,108184.68825
-22836,3000,108198.232318
-13852,3000,108211.499328
-16861,3000,108225.377645
-12844,3000,108238.169235
-15840,3000,108251.677041
-17848,3000,108266.117244
-19848,3000,108280.185916
-13815,3000,108294.256044
-16835,3000,108308.65482
-15860,3000,108322.107658
-19857,3000,108336.023208
-17860,3000,108349.035696
-13841,3000,108362.662009
-11815,3000,108376.756495
-24846,3000,108390.383143
-24838,3000,108404.726239
-17849,3000,108418.577435
-25826,3000,108432.615864
-26843,3000,108446.638005
-18853,3000,108465.301461
-14853,3000,108479.300233
-14865,3000,108493.105451
-17821,3000,108506.925769
-18860,3000,108520.364561
-17848,3000,108534.17848
-21837,3000,108547.721401
-26844,3000,108560.861145
-21825,3000,108574.289447
-15832,3000,108587.937652
-18866,3000,108601.624314
-14804,3000,108615.332735
-18806,3000,108629.322103
-21851,3000,108643.165542
-28835,3000,108656.920557
-11845,3000,108669.674451
-17838,3000,108683.888856
-19810,3000,108698.044236
-14843,3000,108711.098249
-14832,3000,108725.086161
-19841,3000,108738.618984
-15820,3000,108752.665873
-16811,3000,108766.003567
-11824,3000,108779.205818
-20858,3000,108792.830994
-10854,3000,108806.167634
-14864,3000,108819.354802
-16840,3000,108832.610907
-17853,3000,108846.231221
-24846,3000,108860.739673
-11842,3000,108874.623509
-19836,3000,108888.149114
-15853,3000,108902.469307
-16846,3000,108916.321686
-15815,3000,108930.135414
-17868,3000,108944.285016
-12855,3000,108958.209463
-16837,3000,108971.581325
-13801,3000,108985.814093
-19815,3000,109000.017101
-15833,3000,109013.50639
-19864,3000,109026.68155
-20862,3000,109039.719973
-14825,3000,109053.84843
-22846,3000,109067.489563
-25820,3000,109081.094059
-13845,3000,109095.039501
-13805,3000,109108.775963
-14823,3000,109122.434094
-15857,3000,109135.649946
-16870,3000,109148.924187
-16835,3000,109162.343417
-21815,3000,109176.049339
-15862,3000,109189.347969
-21825,3000,109202.898325
-19843,3000,109216.46104
-18841,3000,109230.382936
-15852,3000,109243.945668
-20863,3000,109257.843983
-16852,3000,109271.292718
-12831,3000,109284.664071
-16879,3000,109297.941636
-15832,3000,109311.704744
-18854,3000,109325.008727
-15841,3000,109338.512832
-10806,3000,109352.345036
-25815,3000,109366.69266
-19851,3000,109385.93494
-14817,3000,109399.929273
-23845,3000,109413.552974
-19868,3000,109427.085426
-19854,3000,109440.851351
-17848,3000,109454.648677
-18831,3000,109468.563412
-16816,3000,109481.86443
-15848,3000,109494.738198
-23810,3000,109508.112606
-20823,3000,109522.315046
-13800,3000,109536.112368
-16892,3000,109549.508834
-22852,3000,109562.709203
-9821,3000,109576.738532
-22841,3000,109590.771404
-21838,3000,109604.552615
-19862,3000,109618.39259
-20808,3000,109632.423214
-16821,3000,109646.815443
-14823,3000,109660.714712
-14801,3000,109674.632979
-16830,3000,109688.731859
-16823,3000,109702.927178
-17867,3000,109717.04433
-10824,3000,109730.747889
-11820,3000,109744.61968
-15846,3000,109758.30479
-10825,3000,109772.024448
-15843,3000,109785.5609
-16815,3000,109799.937632
-17832,3000,109813.846502
-17826,3000,109827.533567
-14844,3000,109841.126763
-19850,3000,109855.245993
-17828,3000,109869.15363
-25867,3000,109883.730418
-21853,3000,109897.36889
-15844,3000,109910.508654
-16830,3000,109924.304556
-10856,3000,109938.446001
-30856,3000,109952.915576
-13817,3000,109967.307342
-17832,3000,109980.355829
-17845,3000,109993.982952
-13810,3000,110007.972729
-14876,3000,110021.501082
-16823,3000,110035.354544
-9828,3000,110049.462671
-27808,3000,110064.221916
-15813,3000,110077.172992
-19833,3000,110090.438586
-14843,3000,110103.232303
-12866,3000,110116.738271
-30869,3000,110131.042856
-15812,3000,110144.259214
-24825,3000,110157.622776
-16825,3000,110171.248541
-16831,3000,110184.883295
-12829,3000,110198.373041
-17812,3000,110212.985606
-22856,3000,110226.404412
-18826,3000,110240.146083
-24865,3000,110253.527626
-13829,3000,110267.576756
-19807,3000,110281.040772
-21858,3000,110300.745488
-23837,3000,110314.657259
-11831,3000,110328.944566
-16858,3000,110342.645123
-14787,3000,110355.827956
-19823,3000,110369.646106
-19823,3000,110383.43556
-18816,3000,110397.266179
-17856,3000,110411.369563
-16785,3000,110425.051505
-26853,3000,110439.213791
-21852,3000,110453.265854
-20821,3000,110466.940482
-14811,3000,110480.481561
-22797,3000,110494.966933
-12827,3000,110508.758543
-18832,3000,110522.789087
-17809,3000,110536.130187
-20834,3000,110549.739942
-13836,3000,110563.874609
-11806,3000,110578.212023
-16829,3000,110591.564421
-15831,3000,110605.037485
-15869,3000,110618.251472
-15826,3000,110632.129525
-26852,3000,110644.969688
-20842,3000,110659.220091
-16806,3000,110673.756752
-14812,3000,110687.26704
-18839,3000,110701.526595
-18828,3000,110715.651136
-17854,3000,110729.781269
-22831,3000,110743.967135
-6823,3000,110758.08483
-24851,3000,110771.796238
-23858,3000,110785.961147
-15841,3000,110799.768835
-12824,3000,110813.472364
-13886,3000,110827.044998
-16830,3000,110840.719723
-23866,3000,110854.050069
-11824,3000,110867.386811
-17826,3000,110881.510503
-13852,3000,110894.692438
-17849,3000,110908.170662
-18841,3000,110921.379657
-25843,3000,110935.09686
-22821,3000,110949.055303
-12801,3000,110963.117036
-17823,3000,110976.688452
-18864,3000,110989.907212
-16837,3000,111004.00867
-17813,3000,111018.101803
-12835,3000,111031.71252
-11832,3000,111046.223647
-15835,3000,111060.052929
-18841,3000,111073.905145
-13839,3000,111087.842129
-15820,3000,111101.697737
-19828,3000,111115.328122
-21804,3000,111129.264278
-14799,3000,111143.132
-17837,3000,111156.746006
-17832,3000,111170.861503
-17812,3000,111184.939233
-11827,3000,111198.798306
-15833,3000,111212.963837
-13830,3000,111232.457138
-18828,3000,111246.373744
-21824,3000,111260.283428
-17841,3000,111274.495481
-15842,3000,111288.286887
-13833,3000,111302.354184
-15819,3000,111316.277529
-16868,3000,111330.028961
-13821,3000,111343.653584
-18830,3000,111357.509842
-14860,3000,111371.595256
-19856,3000,111385.852877
-22803,3000,111399.458623
-14830,3000,111413.197519
-27822,3000,111427.227043
-15845,3000,111440.753321
-13857,3000,111454.556588
-21839,3000,111467.783605
-16837,3000,111481.239625
-13840,3000,111495.156588
-12823,3000,111508.600018
-12832,3000,111522.02497
-20845,3000,111535.68284
-11848,3000,111549.575209
-10807,3000,111563.076866
-19839,3000,111576.727463
-25812,3000,111591.077972
-20832,3000,111604.807934
-14832,3000,111618.519154
-19823,3000,111632.315037
-10841,3000,111646.187783
-17839,3000,111659.908374
-14845,3000,111673.843181
-9845,3000,111687.613478
-11827,3000,111701.470932
-15830,3000,111715.271607
-19818,3000,111729.267925
-22826,3000,111743.7007
-20796,3000,111757.487214
-21834,3000,111770.905742
-15853,3000,111785.078817
-13838,3000,111798.995643
-14836,3000,111812.767413
-9820,3000,111826.414642
-17819,3000,111840.173618
-16874,3000,111853.778718
-14809,3000,111867.693764
-11824,3000,111881.585118
-18831,3000,111895.078419
-13834,3000,111908.571867
-13829,3000,111921.909891
-10805,3000,111935.901975
-12815,3000,111950.45644
-16820,3000,111964.273371
-17843,3000,111977.88373
-16833,3000,111991.040622
-18823,3000,112004.512434
-11840,3000,112017.993548
-15844,3000,112032.314792
-17836,3000,112046.361337
-17814,3000,112060.69151
-12833,3000,112074.664851
-18814,3000,112088.685999
-17828,3000,112102.062974
-19818,3000,112116.45912
-8821,3000,112130.103398
-18842,3000,112143.618925
-21834,3000,112162.818089
-23828,3000,112176.781745
-20800,3000,112190.641114
-14855,3000,112204.68619
-15819,3000,112218.187432
-12828,3000,112231.71879
-18821,3000,112244.919347
-14815,3000,112259.291717
-24821,3000,112273.261766
-10807,3000,112286.992191
-16835,3000,112300.705058
-25852,3000,112315.094831
-10817,3000,112328.830955
-25822,3000,112342.124069
-17804,3000,112356.134182
-15816,3000,112370.066296
-16837,3000,112384.016855
-22834,3000,112397.647833
-14817,3000,112411.375199
-18823,3000,112425.376321
-28851,3000,112439.360671
-25841,3000,112453.01455
-20802,3000,112466.622794
-13814,3000,112481.05264
-14820,3000,112494.581203
-18833,3000,112508.574182
-16829,3000,112522.681906
-25832,3000,112536.472388
-13832,3000,112549.905155
-9804,3000,112563.650849
-20837,3000,112577.378971
-13857,3000,112590.856685
-19837,3000,112605.081012
-25838,3000,112619.092424
-20812,3000,112633.011376
-24850,3000,112647.264995
-14841,3000,112661.667863
-18829,3000,112675.188911
-21836,3000,112688.65021
-12818,3000,112702.474838
-10796,3000,112717.039115
-14823,3000,112730.567645
-15820,3000,112744.036207
-14858,3000,112757.581647
-18820,3000,112770.947937
-16822,3000,112784.867901
-23858,3000,112798.488174
-18819,3000,112812.019401
-20830,3000,112825.713556
-5822,3000,112838.960377
-15831,3000,112852.791997
-17808,3000,112867.064391
-25862,3000,112880.470309
-16837,3000,112894.721735
-15837,3000,112908.541692
-15805,3000,112922.879588
-19847,3000,112936.63245
-11809,3000,112950.206706
-22864,3000,112963.832978
-13820,3000,112977.468715
-3786,3000,112990.979093
-15806,3000,113004.647898
-16805,3000,113018.097539
-17822,3000,113030.948169
-13828,3000,113044.584753
-9815,3000,113058.378716
-18830,3000,113077.648179
-14820,3000,113091.35374
-17804,3000,113105.432148
-15826,3000,113118.955056
-25836,3000,113132.980303
-16831,3000,113146.645996
-5819,3000,113160.196181
-17816,3000,113174.319299
-20838,3000,113188.414525
-15853,3000,113201.58866
-18828,3000,113215.687747
-21839,3000,113229.689912
-15836,3000,113243.893975
-21821,3000,113257.1879
-14846,3000,113270.714059
-23832,3000,113284.772949
-19829,3000,113298.80444
-12830,3000,113312.706519
-14805,3000,113326.237604
-21826,3000,113339.912966
-26860,3000,113353.432805
-23827,3000,113366.865621
-16834,3000,113380.089025
-20828,3000,113393.754375
-20835,3000,113407.838018
-16815,3000,113421.647421
-12852,3000,113435.262095
-20802,3000,113449.53235
-14804,3000,113463.691192
-20803,3000,113477.338393
-21865,3000,113490.830017
-13853,3000,113504.807792
-17825,3000,113518.204068
-14841,3000,113532.126476
-14818,3000,113546.131057
-15818,3000,113559.832504
-20829,3000,113573.661098
-12816,3000,113588.028932
-15818,3000,113601.817741
-17813,3000,113615.484145
-22819,3000,113628.832201
-13883,3000,113642.161355
-13818,3000,113656.148448
-21838,3000,113670.36046
-13822,3000,113684.648746
-22805,3000,113698.26011
-21852,3000,113711.665602
-12828,3000,113725.142073
-20839,3000,113738.724078
-17838,3000,113751.888636
-9799,3000,113765.47675
-22799,3000,113779.023262
-12815,3000,113792.264878
-25846,3000,113805.786183
-14840,3000,113819.583034
-15837,3000,113833.384952
-16799,3000,113847.067616
-18843,3000,113859.96659
-23832,3000,113873.23099
-21820,3000,113886.868007
-18807,3000,113900.553509
-16837,3000,113914.368398
-20820,3000,113927.81603
-13841,3000,113941.249351
-15819,3000,113954.885912
-12838,3000,113968.158063
-18856,3000,113982.221707
-21851,3000,114001.467854
-19830,3000,114015.217457
-14814,3000,114029.123938
-28830,3000,114043.060401
-17802,3000,114056.500551
-14810,3000,114069.714351
-19832,3000,114083.73835
-19814,3000,114097.250336
-19824,3000,114111.198519
-14811,3000,114124.90886
-17822,3000,114138.837058
-19859,3000,114152.583008
-15845,3000,114166.098929
-8828,3000,114179.753734
-24850,3000,114193.634361
-15838,3000,114207.421352
-19825,3000,114221.158242
-14812,3000,114235.05912
-18845,3000,114249.438582
-7821,3000,114264.075865
-10826,3000,114278.320988
-15829,3000,114292.190645
-11823,3000,114306.116423
-19824,3000,114320.180856
-18793,3000,114334.131705
-27828,3000,114348.439182
-20835,3000,114361.866281
-17828,3000,114375.196313
-16831,3000,114389.556216
-23828,3000,114403.215847
-18810,3000,114417.115146
-11805,3000,114431.316941
-18842,3000,114444.912931
-9835,3000,114458.463775
-26861,3000,114472.245532
-13807,3000,114486.277518
-14807,3000,114500.136593
-14858,3000,114514.131978
-13828,3000,114527.532724
-16837,3000,114541.182059
-18821,3000,114555.208607
-18835,3000,114569.269496
-14813,3000,114582.263471
-30822,3000,114595.839255
-18827,3000,114610.151906
-13812,3000,114624.103284
-25834,3000,114638.607222
-27800,3000,114652.839052
-14801,3000,114666.909569
-16829,3000,114680.630551
-12837,3000,114694.024725
-13835,3000,114707.632475
-19823,3000,114720.752975
-21817,3000,114734.357571
-9815,3000,114748.350032
-26819,3000,114762.183588
-8822,3000,114775.419019
-13835,3000,114789.228945
-17847,3000,114802.641709
-22832,3000,114816.105806
-23794,3000,114830.109388
-22833,3000,114843.546095
-12806,3000,114857.393465
-15827,3000,114870.985303
-12817,3000,114885.072497
-24857,3000,114898.718823
-20821,3000,114912.613146
-21823,3000,114931.845728
-19824,3000,114945.89562
-17824,3000,114959.866354
-24845,3000,114973.732733
-14785,3000,114987.294627
-16824,3000,115000.737689
-22824,3000,115014.996196
-14799,3000,115029.127204
-17804,3000,115042.559626
-20820,3000,115055.947361
-21810,3000,115069.680607
-16805,3000,115083.110709
-16843,3000,115097.343585
-20801,3000,115111.469269
-9827,3000,115124.689047
-14828,3000,115138.280408
-16834,3000,115151.314318
-14841,3000,115164.503123
-15834,3000,115177.53195
-9825,3000,115191.165055
-22807,3000,115204.791789
-23831,3000,115218.360534
-28820,3000,115231.953682
-12816,3000,115245.489737
-13796,3000,115259.597636
-17841,3000,115273.059137
-21812,3000,115286.898617
-16850,3000,115299.969928
-24818,3000,115313.867259
-16826,3000,115328.139742
-16861,3000,115341.506555
-20847,3000,115355.180711
-16800,3000,115369.134346
-13862,3000,115382.813067
-19840,3000,115396.526133
-18851,3000,115410.381853
-12836,3000,115424.525461
-17818,3000,115438.821027
-12797,3000,115452.806345
-17816,3000,115466.639778
-16844,3000,115480.698179
-19824,3000,115494.71844
-15823,3000,115508.522303
-20825,3000,115522.384765
-14800,3000,115535.647231
-15799,3000,115549.445894
-15822,3000,115563.051859
-20835,3000,115576.63154
-18785,3000,115590.521244
-15821,3000,115603.94975
-16808,3000,115618.072662
-13816,3000,115632.278392
-16831,3000,115645.771734
-17832,3000,115659.293668
-14835,3000,115672.575637
-18821,3000,115686.300637
-15838,3000,115699.679478
-18798,3000,115713.096372
-12829,3000,115726.225134
-9823,3000,115739.770448
-18809,3000,115753.489473
-20844,3000,115767.366301
-16812,3000,115780.96078
-22829,3000,115794.876794
-18793,3000,115808.374654
-10798,3000,115821.89158
-19816,3000,115841.016873
-18782,3000,115854.209431
-27843,3000,115867.859859
-19822,3000,115881.423506
-23839,3000,115895.267364
-14808,3000,115909.087969
-16810,3000,115922.061019
-15816,3000,115935.47169
-28834,3000,115949.110792
-15802,3000,115963.018342
-18781,3000,115976.660284
-15813,3000,115989.987838
-14821,3000,116003.180717
-10810,3000,116016.903839
-19810,3000,116030.506109
-20810,3000,116044.188014
-19832,3000,116057.809244
-21849,3000,116071.90189
-18790,3000,116085.396494
-21832,3000,116098.453013
-15859,3000,116112.011571
-22821,3000,116125.978081
-19816,3000,116140.27714
-12820,3000,116153.827486
-16824,3000,116167.60728
-13803,3000,116181.180489
-18809,3000,116194.399331
-25815,3000,116208.279135
-15837,3000,116222.118373
-13793,3000,116236.6293
-18812,3000,116250.719774
-18811,3000,116264.710805
-21816,3000,116278.487622
-14793,3000,116292.143108
-13795,3000,116305.540526
-19792,3000,116319.678399
-5796,3000,116332.930212
-12834,3000,116346.111824
-15860,3000,116359.333342
-16815,3000,116372.900597
-24817,3000,116386.344585
-22878,3000,116399.560108
-28859,3000,116413.33414
-15815,3000,116426.536229
-14826,3000,116440.38965
-17844,3000,116453.804441
-18798,3000,116467.556626
-18786,3000,116481.668962
-21810,3000,116495.393503
-18828,3000,116508.575862
-18850,3000,116522.474611
-13825,3000,116536.137394
-21820,3000,116549.422525
-15810,3000,116563.216026
-14850,3000,116577.16237
-20813,3000,116591.376075
-16847,3000,116604.962921
-12836,3000,116618.061553
-23851,3000,116631.786189
-13805,3000,116645.613503
-14829,3000,116659.868412
-14810,3000,116673.238341
-21829,3000,116686.711819
-12808,3000,116700.168792
-14822,3000,116713.913378
-18823,3000,116727.191853
-18811,3000,116741.007054
-16789,3000,116760.559143
-14812,3000,116774.240641
-18792,3000,116788.639831
-21816,3000,116801.804714
-19815,3000,116815.5492
-15840,3000,116828.60258
-15850,3000,116841.366951
-18818,3000,116854.713517
-14809,3000,116868.684782
-21792,3000,116882.176891
-21846,3000,116895.658744
-12828,3000,116909.286458
-15800,3000,116923.15009
-13806,3000,116936.717945
-11802,3000,116950.552999
-24795,3000,116964.682822
-34828,3000,116978.372957
-20829,3000,116992.616937
-9806,3000,117006.079811
-18788,3000,117019.90053
-12805,3000,117033.242393
-21803,3000,117046.859781
-18786,3000,117061.062847
-13814,3000,117074.529095
-17820,3000,117087.910937
-14801,3000,117101.187389
-17792,3000,117114.730155
-18819,3000,117128.254831
-14811,3000,117141.983349
-18830,3000,117155.965973
-11816,3000,117169.924562
-10860,3000,117183.814294
-21795,3000,117198.431498
-22806,3000,117212.969225
-23831,3000,117226.625291
-15828,3000,117239.805515
-15816,3000,117253.250127
-16818,3000,117266.623047
-16813,3000,117280.302253
-12846,3000,117293.412018
-19835,3000,117307.253962
-20824,3000,117320.593024
-26837,3000,117334.318661
-23840,3000,117347.837902
-14840,3000,117361.538632
-13845,3000,117374.579025
-18821,3000,117388.102867
-25843,3000,117401.834893
-12813,3000,117415.857472
-16805,3000,117429.724148
-19816,3000,117443.785571
-16854,3000,117456.965598
-16816,3000,117470.766423
-10798,3000,117484.036244
-9785,3000,117497.716323
-14838,3000,117512.082004
-21837,3000,117525.33936
-21832,3000,117539.158246
-10803,3000,117553.096738
-22799,3000,117566.827778
-9805,3000,117580.014203
-27833,3000,117593.707599
-19817,3000,117607.225422
-13825,3000,117620.769218
-17811,3000,117634.263331
-19826,3000,117647.373916
-15835,3000,117660.945489
-17826,3000,117681.133459
-16815,3000,117695.131715
-18827,3000,117709.347713
-15833,3000,117723.179155
-24823,3000,117736.955752
-15818,3000,117750.300647
-14817,3000,117763.765555
-20820,3000,117777.416254
-11751,3000,117791.842132
-22832,3000,117805.512678
-22844,3000,117819.652105
-15807,3000,117833.489512
-13811,3000,117847.380532
-17820,3000,117860.795966
-12820,3000,117874.662245
-14779,3000,117888.029738
-6776,3000,117901.70473
-22784,3000,117914.931321
-17814,3000,117928.610683
-21820,3000,117941.751436
-16842,3000,117955.999207
-24820,3000,117969.161785
-15829,3000,117982.54064
-18822,3000,117996.359004
-14819,3000,118009.970801
-18834,3000,118023.653739
-21854,3000,118037.023431
-18830,3000,118050.520007
-17828,3000,118064.468455
-19822,3000,118078.219709
-15808,3000,118091.511711
-17779,3000,118104.79594
-9815,3000,118118.604615
-13841,3000,118131.806096
-17806,3000,118144.933659
-16834,3000,118158.580855
-16872,3000,118171.717849
-18782,3000,118185.552063
-11789,3000,118199.1849
-20846,3000,118212.913626
-14817,3000,118226.681079
-23834,3000,118239.648052
-17853,3000,118252.862541
-12829,3000,118266.567392
-21801,3000,118280.4187
-23825,3000,118294.315587
-17794,3000,118308.770583
-9849,3000,118321.828202
-22791,3000,118335.184661
-19803,3000,118348.787641
-17817,3000,118362.002848
-12783,3000,118375.710422
-10802,3000,118389.354031
-14802,3000,118403.053122
-14821,3000,118416.659669
-19827,3000,118429.735353
-13796,3000,118443.269756
-19792,3000,118456.739623
-25845,3000,118470.033146
-14846,3000,118483.335861
-22827,3000,118496.97361
-17815,3000,118510.932448
-23803,3000,118524.544016
-15797,3000,118538.160617
-17808,3000,118551.445046
-16833,3000,118564.678015
-7834,3000,118583.277637
-21807,3000,118596.744282
-14809,3000,118610.382317
-16789,3000,118624.399394
-16806,3000,118637.19259
-11779,3000,118650.664874
-19812,3000,118664.253272
-18834,3000,118678.378338
-15801,3000,118692.407082
-19792,3000,118706.149063
-16817,3000,118719.806786
-23809,3000,118733.250294
-28830,3000,118746.898659
-20810,3000,118760.13194
-16791,3000,118773.448663
-21846,3000,118786.898119
-27849,3000,118800.712982
-21815,3000,118814.079866
-16820,3000,118826.975264
-18798,3000,118840.710294
-16826,3000,118854.280148
-14830,3000,118867.713539
-27844,3000,118881.668408
-23837,3000,118894.524491
-27821,3000,118907.724093
-10790,3000,118921.616995
-18824,3000,118935.609743
-18787,3000,118949.452798
-23804,3000,118963.36667
-10762,3000,118977.337387
-23792,3000,118991.219167
-21834,3000,119005.156408
-10808,3000,119018.252184
-11818,3000,119032.784956
-15799,3000,119046.41947
-11800,3000,119059.689049
-14837,3000,119072.553332
-13805,3000,119085.646575
-11813,3000,119099.48206
-18803,3000,119113.430653
-23852,3000,119126.845056
-15805,3000,119141.281363
-22831,3000,119154.77586
-21821,3000,119168.490453
-28829,3000,119182.388251
-21797,3000,119196.200933
-8825,3000,119209.800718
-20835,3000,119223.163161
-9804,3000,119237.125862
-22830,3000,119250.302149
-14844,3000,119263.265133
-19788,3000,119276.758527
-16830,3000,119289.841748
-24828,3000,119303.205481
-17835,3000,119316.904602
-14838,3000,119329.923542
-21809,3000,119343.35551
-18807,3000,119356.958575
-14792,3000,119371.178062
-17820,3000,119384.837942
-13810,3000,119398.257119
-16813,3000,119411.946386
-15843,3000,119425.475273
-15816,3000,119439.860315
-15813,3000,119454.279078
-22806,3000,119467.797314
-26801,3000,119480.74334
-21818,3000,119500.33191
-17837,3000,119513.964412
-16794,3000,119528.162063
-15848,3000,119541.539624
-22838,3000,119555.2185
-24819,3000,119568.737522
-15818,3000,119581.860848
-20816,3000,119595.391663
-21812,3000,119609.186147
-20843,3000,119622.187662
-20817,3000,119636.162409
-11812,3000,119649.989086
-12826,3000,119663.739747
-25847,3000,119678.569947
-14833,3000,119692.642957
-25820,3000,119706.371469
-20815,3000,119719.840372
-16829,3000,119733.274533
-14819,3000,119747.722174
-16827,3000,119761.280936
-17813,3000,119774.603046
-13799,3000,119788.265992
-27795,3000,119802.12211
-15815,3000,119815.99926
-23827,3000,119830.005358
-12819,3000,119843.836639
-19827,3000,119857.757408
-13778,3000,119871.819335
-12807,3000,119885.229822
-11836,3000,119899.011378
-13835,3000,119912.664398
-11780,3000,119926.354507
-13822,3000,119940.220813
-18815,3000,119953.975091
-20828,3000,119967.594205
-21809,3000,119981.217139
-19831,3000,119994.670417
-14852,3000,120009.042712
-23827,3000,120022.997895
-12798,3000,120036.858176
-15804,3000,120049.964152
-14813,3000,120063.968191
-13808,3000,120077.683317
-18797,3000,120091.259658
-15815,3000,120105.138188
-18849,3000,120119.058623
-10829,3000,120132.598519
-12826,3000,120146.14171
-30815,3000,120159.880775
-20838,3000,120173.209689
-16821,3000,120187.100868
-17801,3000,120201.380644
-18805,3000,120215.438313
-9819,3000,120228.426003
-12809,3000,120242.481942
-16799,3000,120256.394076
-13812,3000,120270.130465
-13813,3000,120283.639136
-20812,3000,120297.835733
-19840,3000,120311.292681
-15824,3000,120324.837875
-13795,3000,120338.888759
-16815,3000,120352.660439
-25799,3000,120367.057789
-14806,3000,120380.507215
-24799,3000,120394.279407
-14821,3000,120407.44427
-15828,3000,120426.687239
-15801,3000,120440.498104
-13820,3000,120453.765967
-9811,3000,120467.298566
-18830,3000,120480.563989
-15812,3000,120494.125894
-27876,3000,120507.32577
-16791,3000,120520.755792
-27794,3000,120534.601903
-12788,3000,120548.61887
-15805,3000,120562.692471
-24837,3000,120576.26425
-18832,3000,120589.550752
-14801,3000,120603.01229
-20831,3000,120616.284109
-13813,3000,120629.71524
-8823,3000,120643.122931
-18844,3000,120656.620659
-10767,3000,120670.568833
-18784,3000,120684.765079
-18790,3000,120698.849862
-26854,3000,120711.59066
-19815,3000,120725.000623
-22836,3000,120738.498201
-16808,3000,120751.882371
-12824,3000,120766.012788
-14805,3000,120779.792559
-16820,3000,120793.001683
-18850,3000,120806.578395
-12807,3000,120820.101905
-11823,3000,120833.522487
-13815,3000,120847.101077
-6779,3000,120860.562215
-13850,3000,120873.974072
-14816,3000,120887.437423
-12817,3000,120900.598573
-5802,3000,120914.024913
-16830,3000,120927.589648
-17841,3000,120940.746865
-13789,3000,120954.566036
-14818,3000,120968.164355
-15826,3000,120981.955151
-16823,3000,120995.841997
-23816,3000,121009.748893
-12806,3000,121023.422158
-21811,3000,121037.632847
-15836,3000,121051.749815
-16811,3000,121065.20362
-17827,3000,121079.339612
-16789,3000,121093.34376
-20827,3000,121107.257509
-13829,3000,121121.167217
-13832,3000,121134.505601
-23792,3000,121148.193802
-22796,3000,121161.961947
-10811,3000,121175.86659
-24811,3000,121190.013887
-14807,3000,121203.86016
-21825,3000,121217.366743
-26826,3000,121231.16092
-16797,3000,121244.985993
-22812,3000,121259.35976
-18816,3000,121273.49364
-14822,3000,121287.086587
-11835,3000,121300.344744
-11818,3000,121313.931365
-18839,3000,121334.08497
-22813,3000,121347.899319
-10792,3000,121362.633836
-21822,3000,121377.049081
-17817,3000,121391.194135
-18831,3000,121405.16091
-15773,3000,121419.372876
-18813,3000,121433.583842
-17819,3000,121447.451508
-24825,3000,121461.705353
-26812,3000,121475.46371
-18806,3000,121489.330692
-13779,3000,121503.286932
-21833,3000,121516.974675
-27815,3000,121530.814304
-15841,3000,121544.639763
-9812,3000,121558.814443
-20799,3000,121573.00461
-17792,3000,121587.172709
-12780,3000,121601.139899
-21841,3000,121615.245906
-13832,3000,121628.861334
-25829,3000,121642.61491
-11802,3000,121656.565923
-14824,3000,121670.499161
-13791,3000,121684.198093
-16776,3000,121698.37904
-22833,3000,121712.888915
-14812,3000,121726.571515
-17810,3000,121740.50508
-11769,3000,121753.856892
-19827,3000,121767.782017
-20823,3000,121781.200776
-16792,3000,121794.79572
-20791,3000,121808.0168
-9813,3000,121821.859777
-10782,3000,121835.371661
-18864,3000,121848.912619
-28803,3000,121862.788635
-27820,3000,121876.653356
-17836,3000,121889.730222
-16825,3000,121903.99224
-14819,3000,121917.886246
-22804,3000,121932.013807
-19795,3000,121945.607399
-21811,3000,121959.319853
-18822,3000,121972.880673
-10778,3000,121986.498417
-15804,3000,122000.110182
-15807,3000,122013.605402
-25797,3000,122026.656438
-18803,3000,122040.463937
-20792,3000,122054.217103
-23808,3000,122068.168645
-16822,3000,122081.86947
-14786,3000,122095.487784
-14824,3000,122109.000139
-13796,3000,122122.335357
-25804,3000,122136.018969
-25799,3000,122149.922434
-17820,3000,122163.075965
-18826,3000,122176.445564
-18827,3000,122189.910534
-18786,3000,122203.775568
-19830,3000,122217.272466
-18803,3000,122231.227041
-16816,3000,122244.729079
-21803,3000,122264.022402
-18795,3000,122277.685942
-16807,3000,122290.807236
-22794,3000,122304.605959
-26818,3000,122318.439888
-19795,3000,122332.749078
-13814,3000,122346.38999
-20851,3000,122360.332466
-15860,3000,122373.790087
-19818,3000,122387.434438
-14792,3000,122401.532725
-21841,3000,122415.127662
-24816,3000,122428.765831
-24799,3000,122441.95894
-20801,3000,122456.309308
-9806,3000,122469.657041
-14803,3000,122483.95112
-17809,3000,122497.877018
-12780,3000,122511.715044
-21811,3000,122525.335569
-18836,3000,122538.661476
-13787,3000,122552.335683
-19807,3000,122566.406706
-13808,3000,122579.405403
-19785,3000,122593.794076
-18816,3000,122607.296012
-15797,3000,122621.047427
-18832,3000,122634.925183
-13792,3000,122649.122675
-17799,3000,122662.923253
-11785,3000,122676.89306
-17798,3000,122690.814152
-12826,3000,122703.931595
-19819,3000,122717.741079
-15823,3000,122731.319528
-15778,3000,122744.86405
-9805,3000,122758.446355
-13826,3000,122771.683472
-10798,3000,122785.169369
-10815,3000,122798.828719
-17820,3000,122812.969059
-17807,3000,122826.777519
-23797,3000,122840.605086
-15807,3000,122854.310965
-20791,3000,122867.541036
-27813,3000,122881.131544
-9798,3000,122895.392125
-21811,3000,122909.294748
-18813,3000,122922.450948
-11790,3000,122936.190047
-25812,3000,122949.889308
-17813,3000,122963.400708
-15812,3000,122977.10619
-14834,3000,122990.560978
-16817,3000,123003.771243
-16824,3000,123017.755808
-8815,3000,123031.327167
-18840,3000,123044.85763
-17811,3000,123058.692808
-24829,3000,123072.639007
-12786,3000,123086.180218
-16834,3000,123100.418633
-21829,3000,123114.051882
-14811,3000,123127.994334
-15805,3000,123141.521641
-10800,3000,123155.154515
-12796,3000,123169.613729
-22822,3000,123189.618903
-6783,3000,123203.339279
-18792,3000,123217.622163
-18808,3000,123231.52246
-17832,3000,123244.852407
-14820,3000,123258.640107
-13791,3000,123272.7974
-17806,3000,123287.344373
-15840,3000,123300.871838
-21817,3000,123314.417239
-18806,3000,123328.446233
-20817,3000,123342.437221
-15790,3000,123356.554189
-17821,3000,123370.714047
-12818,3000,123384.660558
-11831,3000,123398.551608
-16823,3000,123412.902695
-24822,3000,123426.793499
-16817,3000,123440.85436
-17796,3000,123454.305229
-24862,3000,123468.090821
-15792,3000,123482.268584
-20861,3000,123495.733017
-17802,3000,123509.434283
-17832,3000,123522.97033
-17811,3000,123536.814046
-17798,3000,123550.949114
-15802,3000,123564.701332
-14804,3000,123578.019726
-13772,3000,123592.15983
-18821,3000,123605.813378
-22806,3000,123619.376483
-15804,3000,123633.048865
-18807,3000,123647.269712
-16777,3000,123661.533093
-12818,3000,123675.185835
-12804,3000,123688.970731
-12785,3000,123703.41814
-21834,3000,123717.503557
-14792,3000,123731.240855
-12812,3000,123745.066745
-20855,3000,123758.77301
-13825,3000,123772.97311
-12824,3000,123786.707616
-11786,3000,123800.821075
-14842,3000,123814.925996
-14803,3000,123828.378678
-11824,3000,123842.217152
-18813,3000,123855.547777
-19849,3000,123868.491589
-23783,3000,123882.147488
-24794,3000,123895.766444
-25805,3000,123909.631645
-12807,3000,123923.109555
-17826,3000,123936.500203
-23827,3000,123950.176996
-19809,3000,123963.743394
-14826,3000,123977.144325
-23794,3000,123990.965136
-13804,3000,124004.375003
-19814,3000,124017.537516
-26818,3000,124030.964745
-18783,3000,124044.534048
-19812,3000,124058.62925
-14819,3000,124072.236814
-27793,3000,124085.8086
-23843,3000,124104.557016
-18829,3000,124118.652692
-15802,3000,124132.468689
-19785,3000,124146.926953
-12803,3000,124160.681776
-16821,3000,124174.147743
-14806,3000,124188.102695
-19803,3000,124201.192688
-23823,3000,124215.066458
-15816,3000,124228.761565
-14786,3000,124242.260757
-17807,3000,124255.937516
-19809,3000,124270.26448
-20812,3000,124284.025836
-19824,3000,124297.875948
-25793,3000,124312.07876
-17820,3000,124325.671005
-12791,3000,124339.539165
-18822,3000,124353.388431
-23819,3000,124366.592885
-19811,3000,124380.398518
-10767,3000,124393.979825
-15809,3000,124407.20449
-14834,3000,124420.338477
-15789,3000,124434.068019
-25817,3000,124447.897831
-19806,3000,124461.736372
-13835,3000,124476.216887
-18823,3000,124489.762818
-16810,3000,124502.878935
-19808,3000,124516.519571
-12831,3000,124530.211567
-12800,3000,124543.687227
-19811,3000,124557.040807
-14812,3000,124570.416257
-21795,3000,124584.373447
-15825,3000,124597.849452
-24807,3000,124611.830398
-22800,3000,124625.109831
-14788,3000,124638.65181
-14803,3000,124651.981665
-18801,3000,124665.312726
-21831,3000,124679.121264
-12800,3000,124692.477052
-24817,3000,124705.560574
-10812,3000,124719.267746
-15804,3000,124732.964719
-14830,3000,124746.442384
-26838,3000,124759.752662
-15843,3000,124773.507897
-15798,3000,124787.388181
-19830,3000,124800.591975
-21802,3000,124814.209551
-21806,3000,124827.592153
-19832,3000,124841.1587
-24834,3000,124854.186813
-18792,3000,124867.928679
-16818,3000,124881.821536
-18805,3000,124895.572932
-19819,3000,124909.46351
-13789,3000,124923.205035
-11830,3000,124936.669156
-24807,3000,124949.615932
-28811,3000,124963.35693
-18809,3000,124976.995193
-18785,3000,124990.978812
-15785,3000,125004.694545
-11804,3000,125024.289221
-15803,3000,125037.675055
-16807,3000,125051.186203
-19820,3000,125064.574119
-19789,3000,125078.24252
-18791,3000,125092.088727
-19787,3000,125105.620045
-19796,3000,125119.230126
-17811,3000,125132.93657
-14868,3000,125147.265548
-13820,3000,125160.353209
-15793,3000,125174.095896
-29809,3000,125187.595546
-15812,3000,125201.636232
-17777,3000,125215.533675
-24811,3000,125229.458598
-13804,3000,125243.065459
-17786,3000,125256.816977
-14803,3000,125270.923913
-24820,3000,125284.678312
-25821,3000,125298.242805
-25809,3000,125311.278563
-24796,3000,125324.964677
-19789,3000,125338.913912
-13806,3000,125352.492516
-10780,3000,125366.358071
-14839,3000,125379.364289
-11785,3000,125393.673104
-20778,3000,125407.534746
-23795,3000,125421.352433
-14772,3000,125434.984002
-19811,3000,125447.922507
-15812,3000,125461.841932
-14812,3000,125475.440938
-13803,3000,125489.24525
-17833,3000,125502.583882
-22805,3000,125516.47431
-23805,3000,125530.643978
-21815,3000,125544.257188
-20814,3000,125557.727264
-17832,3000,125571.477406
-10784,3000,125585.622474
-19768,3000,125600.49171
-12807,3000,125614.448245
-20775,3000,125628.446463
-19786,3000,125641.864876
-21798,3000,125655.535971
-24852,3000,125669.21216
-16798,3000,125682.941253
-14778,3000,125696.472594
-15816,3000,125710.193506
-16787,3000,125723.758753
-22799,3000,125737.62823
-14802,3000,125751.652084
-19819,3000,125765.630531
-21809,3000,125779.185891
-16789,3000,125793.325002
-11811,3000,125806.657619
-21814,3000,125820.675569
-16819,3000,125834.559049
-15785,3000,125848.359003
-17793,3000,125862.408128
-12795,3000,125876.219066
-13803,3000,125890.526104
-19821,3000,125904.432835
-14812,3000,125917.598339
-20808,3000,125931.332545
-23805,3000,125951.000456
-17797,3000,125965.001879
-17807,3000,125979.13789
-27813,3000,125992.463103
-13776,3000,126006.452715
-12803,3000,126019.832138
-15820,3000,126033.505947
-18822,3000,126046.72036
-20801,3000,126061.075884
-18804,3000,126075.126303
-10813,3000,126088.428793
-13828,3000,126101.729595
-16825,3000,126115.333589
-23825,3000,126129.38229
-15807,3000,126142.986385
-21803,3000,126157.004189
-15794,3000,126170.970591
-16782,3000,126184.889434
-18820,3000,126198.611682
-23791,3000,126212.410967
-8820,3000,126225.908184
-12829,3000,126239.412685
-26810,3000,126253.198971
-15803,3000,126266.733732
-21816,3000,126280.547292
-13770,3000,126294.29416
-17819,3000,126307.743226
-17813,3000,126321.046155
-25799,3000,126334.28742
-11793,3000,126347.666013
-24795,3000,126361.798095
-17801,3000,126375.796869
-24801,3000,126389.711052
-10822,3000,126403.210608
-22847,3000,126416.555251
-18808,3000,126430.161501
-25810,3000,126444.514721
-18798,3000,126458.952052
-12777,3000,126472.866193
-21813,3000,126486.506075
-26806,3000,126500.534468
-23813,3000,126514.603888
-16799,3000,126528.102324
-16809,3000,126542.395616
-13833,3000,126555.745564
-17799,3000,126569.470264
-17812,3000,126583.079827
-20821,3000,126596.334614
-21797,3000,126609.81166
-19818,3000,126624.128498
-11791,3000,126638.017237
-17797,3000,126651.741036
-20806,3000,126665.623268
-21778,3000,126679.14206
-19813,3000,126692.83625
-24816,3000,126706.573807
-25820,3000,126720.370159
-13794,3000,126733.619013
-18787,3000,126747.109035
-14798,3000,126760.869251
-18794,3000,126774.558081
-21825,3000,126788.038845
-15833,3000,126801.206771
-15805,3000,126814.893722
-18810,3000,126828.48234
-22815,3000,126842.030294
-22809,3000,126861.804742
-16842,3000,126875.742571
-23818,3000,126889.112971
-16773,3000,126902.515832
-18805,3000,126916.393458
-24813,3000,126930.600494
-21814,3000,126944.193079
-17817,3000,126957.803046
-21837,3000,126971.565381
-24788,3000,126985.457607
-15820,3000,126999.064632
-21793,3000,127012.612989
-14796,3000,127025.778637
-22793,3000,127039.296349
-16821,3000,127052.514313
-13808,3000,127065.835319
-14810,3000,127078.963854
-15812,3000,127092.152924
-15818,3000,127105.637841
-18794,3000,127119.396645
-25776,3000,127133.461653
-20813,3000,127147.315227
-17808,3000,127160.80112
-27806,3000,127174.236569
-24791,3000,127187.656884
-14819,3000,127200.925177
-22819,3000,127215.011804
-18824,3000,127228.812194
-19796,3000,127242.335459
-15812,3000,127256.295341
-27827,3000,127270.379805
-20810,3000,127283.919351
-13815,3000,127298.048608
-27828,3000,127311.379305
-22808,3000,127325.327569
-13792,3000,127339.121753
-20827,3000,127352.930072
-16791,3000,127366.798886
-23800,3000,127380.601347
-17780,3000,127394.434349
-12808,3000,127407.831361
-17782,3000,127421.649032
-20826,3000,127435.240954
-12802,3000,127449.035037
-20823,3000,127462.374026
-13814,3000,127476.288522
-25786,3000,127490.652833
-23826,3000,127504.060394
-22785,3000,127517.995108
-14815,3000,127531.25226
-17822,3000,127545.074648
-19800,3000,127559.085149
-21836,3000,127572.642521
-19816,3000,127586.23566
-23801,3000,127599.955579
-14818,3000,127613.779682
-11822,3000,127627.603668
-30820,3000,127641.33496
-19826,3000,127654.832804
-21820,3000,127668.438985
-9763,3000,127682.471452
-19809,3000,127696.303524
-14787,3000,127709.594646
-21804,3000,127723.191327
-20807,3000,127736.267158
-22821,3000,127750.06485
-12792,3000,127763.709873
-16769,3000,127783.255361
-18768,3000,127797.54751
-16796,3000,127811.425157
-12804,3000,127825.100326
-17819,3000,127838.809479
-18820,3000,127852.409896
-11787,3000,127865.803194
-13799,3000,127879.103998
-15803,3000,127892.943969
-16833,3000,127906.102566
-20805,3000,127919.609627
-29825,3000,127932.905869
-13806,3000,127946.35712
-15804,3000,127960.148659
-22800,3000,127974.137753
-23796,3000,127987.486316
-25815,3000,128000.965714
-18787,3000,128014.568551
-16783,3000,128028.442749
-26797,3000,128042.745707
-17809,3000,128055.894072
-22814,3000,128069.495845
-26803,3000,128083.302163
-18806,3000,128096.66394
-17806,3000,128110.334712
-21805,3000,128123.534514
-19826,3000,128137.347331
-14795,3000,128150.821001
-13776,3000,128164.683837
-14833,3000,128177.981567
-19793,3000,128191.663402
-13772,3000,128205.500179
-17803,3000,128218.793545
-11807,3000,128232.453101
-13789,3000,128246.532259
-26815,3000,128260.314593
-18792,3000,128274.262483
-17784,3000,128288.625554
-15785,3000,128302.183869
-18819,3000,128315.905869
-28838,3000,128330.285049
-11819,3000,128344.089775
-11795,3000,128357.630273
-28803,3000,128371.305418
-17805,3000,128384.513362
-23768,3000,128398.287048
-22793,3000,128412.303604
-23811,3000,128425.717753
-17831,3000,128438.999273
-13822,3000,128452.604623
-18808,3000,128465.999179
-16818,3000,128478.686626
-18815,3000,128491.611706
-16813,3000,128505.325668
-17839,3000,128519.401873
-15803,3000,128532.998989
-10788,3000,128546.526982
-22799,3000,128560.347657
-15785,3000,128574.298515
-18786,3000,128588.462543
-21807,3000,128602.161511
-25799,3000,128615.938787
-14805,3000,128629.83687
-18808,3000,128643.162774
-13814,3000,128656.369942
-16785,3000,128670.200061
-10776,3000,128683.532552
-20824,3000,128703.034213
-20823,3000,128716.378516
-13803,3000,128730.045803
-32784,3000,128743.776436
-15799,3000,128757.191895
-21798,3000,128770.176313
-19804,3000,128784.191478
-17818,3000,128797.919918
-14830,3000,128810.599648
-25783,3000,128824.556425
-19796,3000,128837.906716
-18800,3000,128851.873934
-10798,3000,128864.937527
-11823,3000,128878.355855
-23809,3000,128892.121407
-19822,3000,128905.510592
-15797,3000,128918.87516
-14795,3000,128932.502837
-26818,3000,128946.23752
-16798,3000,128959.75914
-21811,3000,128972.793512
-18784,3000,128986.330268
-19792,3000,129000.097003
-21816,3000,129014.174878
-16816,3000,129027.928516
-13785,3000,129041.397306
-20814,3000,129055.020644
-17816,3000,129069.056976
-24809,3000,129082.480749
-15818,3000,129095.988096
-21809,3000,129109.28176
-9827,3000,129122.168855
-9817,3000,129135.91497
-15812,3000,129149.375753
-17820,3000,129162.927105
-24810,3000,129176.841062
-17778,3000,129190.558788
-16808,3000,129203.817019
-14815,3000,129217.030909
-24801,3000,129230.831665
-28788,3000,129244.756737
-18797,3000,129258.545257
-17810,3000,129272.001812
-9777,3000,129285.905358
-14817,3000,129299.364383
-20800,3000,129312.827738
-24794,3000,129326.246358
-20845,3000,129339.820108
-28811,3000,129353.307054
-22807,3000,129366.847032
-12780,3000,129380.725796
-21783,3000,129394.900004
-16787,3000,129408.439293
-12803,3000,129422.279528
-25824,3000,129436.075625
-25829,3000,129449.831249
-17814,3000,129464.125448
-15806,3000,129477.64411
-22787,3000,129491.018194
-16806,3000,129503.807389
-14806,3000,129517.309359
-16771,3000,129530.715568
-15811,3000,129544.219175
-20796,3000,129557.662107
-20830,3000,129570.857605
-19804,3000,129584.194303
-16818,3000,129603.525029
-13780,3000,129617.026874
-18802,3000,129630.645285
-17786,3000,129644.668793
-19801,3000,129658.764084
-20808,3000,129673.015859
-10795,3000,129686.738694
-25804,3000,129701.202766
-17790,3000,129714.982524
-13819,3000,129728.51936
-23805,3000,129742.29719
-19799,3000,129756.281318
-18792,3000,129770.506683
-18797,3000,129784.413253
-9794,3000,129798.340928
-20783,3000,129812.696053
-16793,3000,129826.545094
-14805,3000,129840.44654
-20825,3000,129854.185251
-11787,3000,129868.281304
-19822,3000,129881.351683
-15790,3000,129895.108325
-21812,3000,129908.615209
-19814,3000,129922.345717
-18807,3000,129936.140857
-10811,3000,129949.444686
-21793,3000,129962.992115
-25822,3000,129976.843491
-17811,3000,129990.526042
-16797,3000,130004.103632
-16789,3000,130017.693203
-14817,3000,130031.407313
-24814,3000,130045.344522
-13797,3000,130058.759721
-10794,3000,130072.848473
-19817,3000,130086.159523
-20784,3000,130100.555247
-18807,3000,130114.558394
-17804,3000,130128.130317
-26829,3000,130141.407183
-17798,3000,130155.463799
-23797,3000,130170.111712
-12806,3000,130183.552329
-25806,3000,130197.324976
-16811,3000,130211.100274
-26802,3000,130224.8504
-27818,3000,130238.89248
-21803,3000,130252.914635
-14799,3000,130267.135125
-23811,3000,130280.483125
-25782,3000,130294.37026
-23813,3000,130308.567241
-17782,3000,130322.293561
-18825,3000,130335.897259
-27842,3000,130349.698963
-13819,3000,130363.842377
-22816,3000,130376.948107
-14793,3000,130391.085902
-20814,3000,130404.763773
-19816,3000,130418.562448
-16816,3000,130431.742541
-20801,3000,130445.324752
-17835,3000,130458.982167
-11804,3000,130472.755226
-16805,3000,130486.813232
-16794,3000,130500.820304
-17789,3000,130514.727062
-13792,3000,130534.515893
-19806,3000,130548.620492
-15812,3000,130562.06872
-22801,3000,130575.419455
-25789,3000,130589.788846
-26782,3000,130603.661035
-10799,3000,130617.638842
-19833,3000,130630.753795
-24768,3000,130644.482438
-13787,3000,130658.104358
-15784,3000,130671.790102
-18813,3000,130685.581804
-15777,3000,130699.357774
-9804,3000,130712.73002
-16781,3000,130726.227948
-15810,3000,130740.17701
-14841,3000,130753.587264
-17837,3000,130767.475957
-12779,3000,130781.492305
-12819,3000,130795.521111
-26805,3000,130809.514802
-23763,3000,130824.002503
-18820,3000,130837.882148
-16795,3000,130851.088469
-15802,3000,130864.661821
-17803,3000,130878.466015
-20763,3000,130892.127412
-16816,3000,130906.434719
-21819,3000,130919.804996
-26765,3000,130934.244867
-25810,3000,130947.474051
-24798,3000,130960.982451
-19815,3000,130974.903453
-26797,3000,130988.671916
-13799,3000,131002.869097
-16793,3000,131016.303332
-20786,3000,131029.992294
-17831,3000,131043.321533
-19823,3000,131057.206145
-17796,3000,131070.635628
-19808,3000,131084.396167
-17786,3000,131098.149473
-13776,3000,131112.044051
-17796,3000,131125.708771
-29806,3000,131139.672272
-16800,3000,131152.751663
-25791,3000,131166.706481
-15778,3000,131180.596592
-21807,3000,131194.354093
-10827,3000,131207.577895
-18802,3000,131221.160304
-17824,3000,131234.326863
-20814,3000,131248.222495
-30808,3000,131262.067835
-15793,3000,131276.107663
-19781,3000,131290.226656
-21795,3000,131303.936954
-14787,3000,131317.613147
-12811,3000,131331.378054
-18808,3000,131345.706893
-20826,3000,131359.143386
-25781,3000,131372.999963
-25819,3000,131386.478692
-13786,3000,131399.79802
-18807,3000,131413.24871
-14825,3000,131426.769032
-17786,3000,131440.516433
-20803,3000,131459.495506
-16803,3000,131472.98317
-13785,3000,131485.994364
-21794,3000,131499.606544
-29843,3000,131513.317279
-20783,3000,131526.788585
-19823,3000,131539.648935
-18791,3000,131553.220252
-17807,3000,131566.741687
-17827,3000,131580.122764
-14783,3000,131593.985905
-22789,3000,131607.640839
-15806,3000,131621.107866
-14809,3000,131634.632584
-12811,3000,131648.288733
-30815,3000,131662.306105
-20812,3000,131675.776297
-18796,3000,131689.718454
-25837,3000,131703.239858
-18811,3000,131716.694836
-19787,3000,131730.101348
-13763,3000,131744.307435
-22820,3000,131757.212152
-16814,3000,131770.409853
-10807,3000,131783.852326
-15775,3000,131797.727429
-23808,3000,131811.409429
-17802,3000,131825.210719
-16793,3000,131838.565364
-20791,3000,131851.751933
-23814,3000,131865.521885
-9811,3000,131879.156997
-18817,3000,131892.422595
-20847,3000,131905.599461
-17794,3000,131919.591652
-18762,3000,131933.140078
-16824,3000,131946.533342
-23776,3000,131960.24359
-26798,3000,131973.719299
-15765,3000,131987.185679
-19795,3000,132000.824507
-15833,3000,132014.05443
-15826,3000,132027.345381
-13820,3000,132040.554005
-29820,3000,132053.658234
-18821,3000,132066.847398
-19812,3000,132081.546236
-17786,3000,132095.383098
-12802,3000,132109.010638
-21786,3000,132122.540288
-22803,3000,132135.533017
-20806,3000,132149.592341
-18805,3000,132162.829954
-16796,3000,132176.530379
-22791,3000,132190.632032
-24791,3000,132204.37934
-22826,3000,132218.245537
-22824,3000,132231.843868
-21828,3000,132245.665934
-12784,3000,132259.669035
-22813,3000,132274.083495
-14800,3000,132288.395364
-9790,3000,132302.337129
-15784,3000,132316.271618
-21781,3000,132330.59679
-20791,3000,132344.369677
-11808,3000,132363.615855
-15773,3000,132377.945381
-12788,3000,132392.431611
-17794,3000,132406.492394
-26782,3000,132420.637131
-9802,3000,132434.324615
-23777,3000,132447.95208
-13785,3000,132461.771564
-15778,3000,132475.678328
-13788,3000,132489.159601
-17807,3000,132503.307508
-16821,3000,132516.74865
-18807,3000,132530.168287
-24815,3000,132543.762358
-15773,3000,132557.604316
-16794,3000,132571.345366
-19790,3000,132585.06868
-18824,3000,132598.686741
-10816,3000,132612.107551
-10775,3000,132625.959979
-16820,3000,132639.729841
-17778,3000,132653.588054
-16794,3000,132667.723803
-20789,3000,132681.054223
-10766,3000,132695.104279
-11800,3000,132708.892383
-22805,3000,132722.564423
-20814,3000,132735.938346
-24789,3000,132750.024244
-14788,3000,132764.153826
-22818,3000,132778.113952
-23811,3000,132791.973099
-13815,3000,132804.965929
-11786,3000,132818.346434
-15788,3000,132831.975344
-17784,3000,132845.655255
-12797,3000,132859.648098
-13805,3000,132872.847288
-15810,3000,132886.165697
-17791,3000,132900.191028
-18825,3000,132914.04244
-22822,3000,132927.079908
-24820,3000,132940.793222
-17818,3000,132954.056613
-13811,3000,132967.51329
-12803,3000,132981.138608
-17824,3000,132994.332913
-22792,3000,133007.952202
-22775,3000,133022.058511
-18797,3000,133035.414659
-22811,3000,133048.370314
-21802,3000,133061.387191
-27814,3000,133074.921864
-27806,3000,133088.976952
-19794,3000,133103.074697
-18814,3000,133116.40379
-18798,3000,133129.904681
-17816,3000,133142.782881
-16789,3000,133156.075339
-19801,3000,133169.69255
-15768,3000,133183.680987
-10805,3000,133197.050308
-7811,3000,133210.530253
-12816,3000,133224.465522
-15805,3000,133238.229863
-16786,3000,133251.741874
-20783,3000,133265.416726
-22804,3000,133285.164442
-8845,3000,133298.359678
-11762,3000,133312.079409
-15840,3000,133325.264542
-18811,3000,133339.107359
-14793,3000,133352.331542
-19813,3000,133365.536157
-13809,3000,133379.12188
-17798,3000,133391.909618
-21795,3000,133406.007637
-16777,3000,133419.371751
-17816,3000,133433.014633
-17794,3000,133446.328173
-14798,3000,133460.089393
-19791,3000,133474.057739
-20825,3000,133488.00316
-17785,3000,133502.540233
-19806,3000,133516.154468
-19814,3000,133530.427621
-17826,3000,133544.226946
-18783,3000,133558.442711
-28808,3000,133572.416695
-22800,3000,133585.845702
-23789,3000,133600.154249
-20793,3000,133613.89301
-10825,3000,133627.060049
-21800,3000,133640.878537
-9814,3000,133654.132568
-18798,3000,133667.564797
-20811,3000,133680.934485
-20830,3000,133694.377814
-12812,3000,133708.731943
-23787,3000,133722.205294
-21803,3000,133735.826905
-14814,3000,133749.434587
-18786,3000,133762.806908
-11791,3000,133776.199289
-18798,3000,133790.066809
-16787,3000,133803.603684
-19794,3000,133817.93939
-14773,3000,133832.019973
-17784,3000,133845.566725
-15782,3000,133858.992865
-19792,3000,133872.56206
-16804,3000,133886.653188
-16815,3000,133900.555129
-21814,3000,133913.948507
-11795,3000,133927.367981
-14776,3000,133941.417077
-18806,3000,133954.688042
-22825,3000,133968.077105
-25829,3000,133981.241085
-20810,3000,133994.709465
-19769,3000,134008.685152
-19816,3000,134021.619253
-12783,3000,134035.296861
-25787,3000,134049.211469
-14827,3000,134063.235094
-20781,3000,134076.727798
-20834,3000,134090.312313
-15768,3000,134103.820133
-14841,3000,134117.179673
-17812,3000,134130.551691
-17802,3000,134144.268183
-11796,3000,134157.94174
-21825,3000,134171.635225
-23826,3000,134184.881594
-21817,3000,134204.00396
-15807,3000,134217.356864
-15798,3000,134231.073128
-17819,3000,134244.893449
-23792,3000,134258.574964
-21825,3000,134271.691078
-13809,3000,134285.539104
-12777,3000,134299.418805
-27780,3000,134312.994399
-19796,3000,134326.58236
-13801,3000,134340.017022
-6797,3000,134353.524623
-10776,3000,134367.045385
-20817,3000,134381.020501
-19795,3000,134394.880673
-23805,3000,134408.176698
-19807,3000,134421.764081
-19839,3000,134435.282347
-14795,3000,134449.16101
-18811,3000,134463.183861
-16820,3000,134476.922897
-22792,3000,134490.832615
-14776,3000,134504.40361
-15806,3000,134517.965446
-11791,3000,134531.778685
-11819,3000,134545.513017
-16786,3000,134559.490037
-24794,3000,134573.126365
-17780,3000,134587.021581
-14790,3000,134600.716099
-22821,3000,134614.53613
-20798,3000,134628.612014
-21772,3000,134642.657439
-19788,3000,134655.751497
-18783,3000,134669.270505
-19792,3000,134682.764174
-25788,3000,134696.863287
-16797,3000,134710.867971
-20799,3000,134724.010401
-19792,3000,134737.463049
-12794,3000,134749.817046
-15809,3000,134762.367363
-15784,3000,134775.229906
-15814,3000,134788.144037
-19829,3000,134800.946278
-21812,3000,134813.671775
-19827,3000,134826.799424
-23800,3000,134839.538035
-8804,3000,134852.164682
-14815,3000,134864.614811
-19810,3000,134877.384019
-17813,3000,134890.209627
-17764,3000,134903.639817
-14809,3000,134916.543314
-13781,3000,134929.538107
-13788,3000,134942.640941
-14832,3000,134955.461467
-16836,3000,134968.739319
-10804,3000,134981.693398
-16795,3000,134994.327452
-14823,3000,135007.401674
-22803,3000,135020.112675
-10776,3000,135032.822261
-21806,3000,135045.149155
-19782,3000,135058.389499
-17788,3000,135071.196546
-9813,3000,135088.994374
-16808,3000,135101.560905
-25774,3000,135115.320888
-12782,3000,135127.999994
-12799,3000,135141.107483
-19794,3000,135154.414612
-15805,3000,135167.231469
-14823,3000,135180.04852
-13801,3000,135193.124733
-17770,3000,135206.259331
-15824,3000,135219.407679
-20807,3000,135232.271892
-21776,3000,135245.456119
-20797,3000,135258.345065
-15801,3000,135271.3922
-9791,3000,135284.624992
-22790,3000,135297.364298
-18817,3000,135310.015158
-13798,3000,135322.897571
-12803,3000,135335.596942
-18822,3000,135348.262411
-14790,3000,135360.784994
-18797,3000,135373.48075
-19791,3000,135386.807225
-14780,3000,135399.660002
-13815,3000,135412.95927
-13797,3000,135425.444281
-23797,3000,135438.361658
-16810,3000,135451.357307
-9803,3000,135464.277662
-25795,3000,135477.167995
-22799,3000,135490.407554
-17812,3000,135503.629652
-26814,3000,135516.392876
-11793,3000,135529.073634
-18790,3000,135541.677053
-25812,3000,135554.927964
-23808,3000,135568.783553
-15800,3000,135581.614096
-12793,3000,135594.68762
-23815,3000,135607.381389
-18788,3000,135620.072384
-20809,3000,135633.27541
-19786,3000,135646.062226
-20812,3000,135659.273141
-18803,3000,135672.182609
-19795,3000,135685.473206
-10793,3000,135698.300652
-22801,3000,135710.914108
-12792,3000,135724.472346
-17793,3000,135738.218901
-23801,3000,135751.285572
-21790,3000,135763.247005
-16816,3000,135776.534756
-18801,3000,135789.580236
-21817,3000,135802.648453
-18790,3000,135815.557057
-14785,3000,135828.861006
-23782,3000,135841.837792
-33813,3000,135855.020916
-20779,3000,135868.48351
-12819,3000,135881.591463
-12806,3000,135894.15263
-22802,3000,135907.166097
-9805,3000,135919.943058
-15805,3000,135932.236833
-17786,3000,135945.279619
-17834,3000,135963.524022
-26790,3000,135976.200757
-14797,3000,135988.63121
-15807,3000,136001.494967
-23808,3000,136014.417295
-17800,3000,136027.347018
-18783,3000,136040.525261
-24807,3000,136053.276426
-20798,3000,136066.547222
-15794,3000,136079.796976
-16827,3000,136092.682369
-13809,3000,136105.511029
-14792,3000,136119.083923
-22806,3000,136132.130526
-16786,3000,136145.127318
-17797,3000,136157.622954
-12812,3000,136170.934928
-21766,3000,136183.609366
-19807,3000,136196.216195
-19801,3000,136209.267995
-18779,3000,136222.019099
-22805,3000,136235.219697
-22793,3000,136248.48188
-10807,3000,136260.921916
-19813,3000,136273.311934
-24819,3000,136286.044384
-13798,3000,136298.900849
-15782,3000,136312.243215
-22783,3000,136325.001154
-11779,3000,136337.957495
-33802,3000,136351.074856
-20784,3000,136363.760666
-16817,3000,136376.50314
-24800,3000,136388.96886
-14799,3000,136401.87747
-24799,3000,136415.361179
-24782,3000,136428.389448
-13820,3000,136440.644111
-12819,3000,136453.712958
-27802,3000,136466.898132
-14801,3000,136478.960567
-20801,3000,136491.756499
-16822,3000,136503.707095
-24809,3000,136516.496837
-11823,3000,136529.047393
-14804,3000,136542.373828
-17790,3000,136555.274503
-20800,3000,136568.113836
-18794,3000,136581.34568
-15791,3000,136594.521782
-13820,3000,136607.093876
-17822,3000,136619.482312
-17766,3000,136633.192531
-8782,3000,136646.85019
-19806,3000,136659.589511
-21779,3000,136672.490223
-26817,3000,136685.744793
-19797,3000,136698.054999
-20769,3000,136711.310113
-25833,3000,136723.932781
-21801,3000,136737.072046
-19816,3000,136749.885396
-20794,3000,136763.326787
-16772,3000,136776.370467
-14796,3000,136788.939934
-13805,3000,136801.778504
-18806,3000,136815.015063
-13794,3000,136833.532113
-16811,3000,136846.30504
-22818,3000,136859.021286
-20831,3000,136871.641201
-16813,3000,136884.568041
-32787,3000,136897.868073
-23804,3000,136910.697834
-12812,3000,136923.373974
-12817,3000,136936.293702
-20789,3000,136948.495021
-16807,3000,136961.520086
-38820,3000,136974.95856
-17808,3000,136987.427951
-15847,3000,136999.727442
-15828,3000,137012.755152
-18781,3000,137025.700845
-14763,3000,137038.169449
-17819,3000,137051.069388
-14770,3000,137064.140628
-18817,3000,137076.701335
-20773,3000,137089.787805
-17788,3000,137102.827226
-14785,3000,137116.061097
-13822,3000,137128.264797
-12797,3000,137140.655855
-19817,3000,137153.568375
-18763,3000,137166.769919
-9792,3000,137179.729902
-18806,3000,137193.046804
-22796,3000,137205.496533
-18816,3000,137217.742927
-22850,3000,137230.048324
-22789,3000,137242.672889
-14781,3000,137255.438169
-10800,3000,137268.233417
-12793,3000,137281.415132
-25766,3000,137294.992347
-18815,3000,137307.720408
-14804,3000,137320.68439
-16803,3000,137333.68765
-22805,3000,137346.185697
-19789,3000,137359.234218
-30818,3000,137371.930236
-22816,3000,137384.280146
-7770,3000,137397.457439
-16766,3000,137410.873196
-19795,3000,137423.23431
-12811,3000,137435.829037
-12793,3000,137449.052407
-22801,3000,137462.02272
-22798,3000,137475.093207
-20800,3000,137488.576199
-20786,3000,137501.462527
-15789,3000,137514.760488
-20795,3000,137527.339555
-15787,3000,137540.079844
-7847,3000,137553.157088
-22808,3000,137565.667692
-16806,3000,137578.022422
-12792,3000,137590.936292
-19774,3000,137604.087018
-13776,3000,137617.410909
-16808,3000,137630.749017
-15777,3000,137644.020134
-12775,3000,137656.667682
-17792,3000,137669.705734
-14812,3000,137688.187288
-10812,3000,137701.029913
-13748,3000,137714.100581
-28832,3000,137726.584634
-20792,3000,137739.612668
-21797,3000,137752.912046
-12811,3000,137764.925087
-23817,3000,137777.448261
-26813,3000,137790.274759
-22804,3000,137803.212514
-16821,3000,137816.298811
-18798,3000,137829.41936
-14813,3000,137842.44636
-20778,3000,137855.501807
-18804,3000,137868.008015
-15812,3000,137880.96617
-25794,3000,137893.907821
-19802,3000,137907.141851
-26823,3000,137920.253538
-17814,3000,137933.094431
-15775,3000,137945.950448
-14786,3000,137959.067033
-17800,3000,137971.971823
-23829,3000,137984.061148
-15784,3000,137996.814509
-17803,3000,138009.843007
-24800,3000,138022.533056
-17775,3000,138035.574023
-16770,3000,138049.037797
-16789,3000,138061.849676
-20796,3000,138074.936717
-17765,3000,138088.092818
-13816,3000,138100.998302
-15802,3000,138113.982561
-29809,3000,138127.264159
-16784,3000,138139.765121
-22795,3000,138153.406864
-22842,3000,138166.27563
-16813,3000,138178.873102
-14764,3000,138192.377454
-17775,3000,138205.377102
-11775,3000,138218.170353
-16818,3000,138230.539829
-21771,3000,138243.396588
-17786,3000,138255.845695
-14806,3000,138268.43514
-25797,3000,138281.538498
-14798,3000,138295.110226
-18820,3000,138308.218886
-22803,3000,138321.164448
-16806,3000,138333.523817
-14814,3000,138346.436774
-20815,3000,138359.606576
-25813,3000,138372.701577
-16800,3000,138384.996409
-12821,3000,138397.928308
-17803,3000,138410.431265
-18797,3000,138423.241964
-15761,3000,138436.338857
-14790,3000,138449.51774
-19827,3000,138461.704169
-15839,3000,138474.213034
-16803,3000,138487.5679
-20796,3000,138500.704842
-18783,3000,138513.680455
-10794,3000,138525.844573
-13801,3000,138538.661999
-16772,3000,138557.029159
-19815,3000,138570.030078
-12787,3000,138583.077382
-14811,3000,138595.476194
-14787,3000,138608.422137
-26822,3000,138621.751572
-17790,3000,138634.415315
-20811,3000,138647.251184
-10779,3000,138660.084488
-15807,3000,138672.519343
-27793,3000,138685.876225
-14792,3000,138699.173582
-32787,3000,138712.229681
-13791,3000,138724.917443
-14813,3000,138737.335853
-16781,3000,138749.835566
-26792,3000,138763.34778
-16811,3000,138776.477767
-13794,3000,138789.359061
-16796,3000,138802.400305
-20776,3000,138815.351787
-19792,3000,138828.386287
-23806,3000,138841.300689
-17781,3000,138853.896671
-19807,3000,138866.358518
-18780,3000,138879.647398
-24777,3000,138892.488534
-13778,3000,138906.09291
-17811,3000,138918.793693
-20775,3000,138932.387381
-18809,3000,138944.760602
-16798,3000,138957.972038
-15781,3000,138970.718908
-15810,3000,138983.182617
-16783,3000,138996.003735
-17802,3000,139008.652071
-21810,3000,139021.583926
-14787,3000,139034.038591
-15798,3000,139047.058618
-15804,3000,139059.644278
-11786,3000,139072.125173
-27815,3000,139084.07986
-13805,3000,139097.003255
-17785,3000,139109.371166
-14814,3000,139122.625354
-12821,3000,139135.224286
-21787,3000,139148.167876
-14787,3000,139161.246521
-13783,3000,139174.405993
-16821,3000,139186.814561
-21817,3000,139199.983573
-14797,3000,139212.850616
-16799,3000,139226.025992
-23776,3000,139239.052141
-17841,3000,139251.830783
-16793,3000,139264.812076
-10796,3000,139277.387107
-19795,3000,139290.32356
-24784,3000,139303.936366
-15789,3000,139316.614219
-17767,3000,139329.97165
-20796,3000,139342.450736
-23814,3000,139354.774529
-15806,3000,139367.660381
-18791,3000,139380.634896
-20792,3000,139393.90709
-20807,3000,139406.212108
-19801,3000,139425.373796
-19793,3000,139437.977617
-11792,3000,139451.161692
-18785,3000,139464.197206
-18798,3000,139477.573792
-10776,3000,139490.719307
-21798,3000,139503.632173
-10806,3000,139516.144301
-25826,3000,139529.151637
-17816,3000,139541.729591
-19792,3000,139554.453296
-19792,3000,139567.732392
-16795,3000,139580.973216
-18800,3000,139594.17347
-15814,3000,139607.388211
-9817,3000,139619.805516
-17786,3000,139632.613615
-18799,3000,139645.379632
-25809,3000,139657.806968
-23798,3000,139670.963067
-20790,3000,139683.72494
-19808,3000,139696.516675
-12784,3000,139709.405935
-19814,3000,139721.947085
-23790,3000,139734.519748
-14784,3000,139747.516682
-25791,3000,139759.899346
-19799,3000,139773.123381
-11801,3000,139785.554863
-18801,3000,139798.151497
-25812,3000,139810.854615
-25824,3000,139823.043732
-13814,3000,139835.3419
-19808,3000,139847.775506
-16793,3000,139860.909487
-23804,3000,139873.8775
-13769,3000,139886.893525
-11789,3000,139899.994903
-19801,3000,139913.248414
-12810,3000,139926.173309
-18813,3000,139938.756887
-13783,3000,139951.263573
-21819,3000,139964.332056
-20814,3000,139977.039813
-14806,3000,139989.843668
-28796,3000,140002.783809
-12796,3000,140015.139576
-21795,3000,140027.892463
-23779,3000,140041.08749
-14789,3000,140053.915687
-19821,3000,140066.817702
-13822,3000,140080.05722
-22796,3000,140093.352223
-15783,3000,140106.704286
-25792,3000,140119.798203
-14799,3000,140132.610019
-18797,3000,140145.168143
-24791,3000,140157.477916
-15784,3000,140170.752049
-19793,3000,140183.426653
-10775,3000,140196.422928
-19793,3000,140209.736593
-19792,3000,140222.907043
-20829,3000,140235.53919
-16816,3000,140247.599014
-14805,3000,140260.050039
-15781,3000,140278.740408
-15787,3000,140291.713466
-19812,3000,140304.333138
-12780,3000,140317.245226
-14783,3000,140329.980967
-19794,3000,140342.873162
-14774,3000,140355.634714
-17781,3000,140368.670769
-21793,3000,140381.251265
-18827,3000,140393.635812
-15767,3000,140406.874441
-21811,3000,140419.58158
-19784,3000,140432.203847
-21793,3000,140444.64385
-13798,3000,140457.939996
-20809,3000,140470.94957
-22806,3000,140483.782639
-20810,3000,140496.266104
-24799,3000,140509.408765
-12817,3000,140521.887692
-21805,3000,140534.207569
-16772,3000,140546.8744
-16789,3000,140559.811082
-21776,3000,140573.035787
-17826,3000,140585.168379
-23808,3000,140597.938395
-22803,3000,140610.563888
-18811,3000,140623.899332
-24805,3000,140636.898786
-17770,3000,140650.062854
-19797,3000,140663.253633
-25814,3000,140676.366908
-19781,3000,140689.507705
-21813,3000,140701.513333
-21792,3000,140714.802849
-14802,3000,140727.178096
-19824,3000,140740.021138
-19792,3000,140752.617539
-20784,3000,140765.522497
-18786,3000,140778.414754
-19806,3000,140791.444588
-12804,3000,140804.163213
-23799,3000,140816.841941
-26795,3000,140830.651556
-22833,3000,140843.488476
-15810,3000,140856.212826
-13784,3000,140868.979801
-20771,3000,140882.072464
-12787,3000,140895.829744
-24803,3000,140908.627071
-18776,3000,140921.930499
-15775,3000,140934.679277
-17772,3000,140947.891703
-18809,3000,140960.671973
-18789,3000,140974.027185
-12788,3000,140987.505787
-12771,3000,141000.462063
-12825,3000,141012.584777
-16811,3000,141025.210021
-10768,3000,141037.998355
-19806,3000,141051.022827
-19804,3000,141063.629185
-24792,3000,141076.085701
-21782,3000,141089.479538
-25800,3000,141102.433919
-16803,3000,141115.396754
-18808,3000,141127.785217
-13806,3000,141146.602662
-23803,3000,141159.663367
-16796,3000,141172.247482
-24776,3000,141185.71126
-17786,3000,141198.220311
-14781,3000,141211.007251
-14768,3000,141224.52003
-18797,3000,141237.597928
-14791,3000,141250.714298
-18803,3000,141263.461061
-13811,3000,141276.498204
-21787,3000,141289.446607
-25806,3000,141302.054162
-18779,3000,141315.569716
-14825,3000,141328.388643
-18798,3000,141340.770064
-10805,3000,141353.107579
-16812,3000,141365.738251
-19822,3000,141378.157133
-24781,3000,141391.556296
-16784,3000,141404.344236
-14785,3000,141417.501064
-18788,3000,141430.550279
-27782,3000,141443.541775
-20789,3000,141456.472725
-22778,3000,141469.523729
-12800,3000,141482.397552
-11788,3000,141495.145634
-10808,3000,141508.040171
-20791,3000,141520.570164
-11804,3000,141533.45486
-18799,3000,141546.351971
-23798,3000,141559.505023
-15772,3000,141572.650766
-17772,3000,141585.769033
-19770,3000,141598.871219
-23791,3000,141612.277332
-23771,3000,141625.845721
-16789,3000,141638.748383
-15802,3000,141652.020566
-22805,3000,141665.140547
-17804,3000,141677.491173
-8805,3000,141690.397969
-20810,3000,141703.383107
-16793,3000,141716.671564
-19815,3000,141729.767127
-19821,3000,141742.681016
-14799,3000,141755.435761
-19801,3000,141768.381013
-19803,3000,141781.2363
-21781,3000,141794.503868
-22803,3000,141806.496318
-17800,3000,141819.442294
-26831,3000,141831.931718
-20789,3000,141844.960756
-16784,3000,141858.079325
-14747,3000,141871.190302
-18795,3000,141884.182438
-19786,3000,141897.400114
-16789,3000,141910.299353
-22788,3000,141922.943706
-18810,3000,141936.403872
-28787,3000,141949.185894
-19775,3000,141962.063413
-15803,3000,141974.382297
-20786,3000,141987.007626
-19807,3000,142000.091718
-18807,3000,142017.922034
-25819,3000,142030.556705
-24800,3000,142042.712806
-16791,3000,142055.756532
-19803,3000,142068.67951
-12799,3000,142081.800405
-12756,3000,142095.191196
-14779,3000,142107.415811
-18795,3000,142120.028719
-18786,3000,142133.095752
-21815,3000,142145.399058
-24803,3000,142157.946123
-16774,3000,142170.75512
-12792,3000,142183.457914
-20791,3000,142196.157405
-12803,3000,142208.238725
-10810,3000,142221.048966
-13810,3000,142233.581768
-11794,3000,142246.504213
-19773,3000,142259.382302
-12806,3000,142271.623971
-20775,3000,142284.750804
-13804,3000,142297.515985
-11826,3000,142309.734544
-21813,3000,142322.485061
-18789,3000,142335.667581
-14800,3000,142348.744963
-17816,3000,142361.422055
-22805,3000,142374.175661
-22799,3000,142387.446349
-20786,3000,142400.721112
-17795,3000,142413.161937
-21793,3000,142425.719889
-21782,3000,142438.977673
-14807,3000,142451.833603
-9787,3000,142464.544002
-14781,3000,142477.92763
-19779,3000,142490.515129
-17783,3000,142504.038677
-20788,3000,142516.968285
-19789,3000,142529.875696
-18840,3000,142542.264362
-17808,3000,142554.965495
-18794,3000,142568.134394
-17819,3000,142581.052145
-21804,3000,142593.965232
-17808,3000,142606.683771
-16817,3000,142619.684783
-21818,3000,142632.612176
-21796,3000,142646.144926
-16792,3000,142659.05841
-29793,3000,142672.440516
-18798,3000,142685.551185
-15793,3000,142698.170817
-11752,3000,142710.967201
-16787,3000,142723.288559
-14815,3000,142736.05623
-14759,3000,142749.791197
-25791,3000,142763.100424
-29774,3000,142775.965733
-18808,3000,142788.711415
-10782,3000,142801.260489
-13785,3000,142814.306856
-15790,3000,142827.050769
-16799,3000,142839.747044
-16796,3000,142852.469126
-16798,3000,142870.931437
-13804,3000,142883.373488
-25781,3000,142896.715384
-18800,3000,142909.688437
-13792,3000,142923.175173
-23821,3000,142935.663972
-22806,3000,142948.021157
-21810,3000,142960.356125
-20796,3000,142973.235768
-18799,3000,142986.469468
-20814,3000,142999.268393
-11792,3000,143012.211232
-19807,3000,143024.826724
-18815,3000,143037.028919
-15786,3000,143050.206136
-20787,3000,143063.085738
-13760,3000,143076.664707
-18811,3000,143089.630676
-21819,3000,143102.164328
-14800,3000,143114.791306
-12798,3000,143127.223975
-15769,3000,143139.932187
-16777,3000,143153.119061
-22752,3000,143166.11875
-10789,3000,143179.319931
-17799,3000,143192.241669
-15793,3000,143205.157034
-24816,3000,143217.629937
-23808,3000,143229.654976
-20812,3000,143242.702507
-15773,3000,143255.519274
-13817,3000,143267.474366
-22794,3000,143280.497595
-23762,3000,143293.891397
-15798,3000,143306.940999
-15805,3000,143319.840573
-19784,3000,143333.217353
-25785,3000,143346.390835
-13782,3000,143359.045662
-11784,3000,143371.958027
-17773,3000,143385.324972
-10801,3000,143398.489761
-12789,3000,143411.26187
-12797,3000,143423.780849
-28805,3000,143436.737958
-25810,3000,143449.525177
-21773,3000,143462.210095
-17773,3000,143475.481636
-17817,3000,143488.579896
-17794,3000,143501.930774
-13791,3000,143514.812888
-16794,3000,143527.786902
-16781,3000,143540.470003
-19771,3000,143553.033962
-14830,3000,143565.667804
-18787,3000,143579.041046
-17816,3000,143591.502987
-21802,3000,143604.024471
-17798,3000,143616.560735
-13781,3000,143629.322598
-20811,3000,143642.222195
-18775,3000,143655.150543
-20793,3000,143668.553065
-19779,3000,143681.013289
-17804,3000,143694.100936
-27789,3000,143706.965637
-18814,3000,143719.801874
-16804,3000,143738.997579
-19806,3000,143751.646477
-26817,3000,143764.704388
-26811,3000,143777.300053
-25812,3000,143790.090966
-24802,3000,143802.653922
-18788,3000,143815.651926
-24778,3000,143828.710186
-21792,3000,143841.151408
-23811,3000,143853.348926
-13808,3000,143865.670525
-18798,3000,143878.362713
-13786,3000,143890.507448
-12780,3000,143903.489466
-23779,3000,143916.2871
-28797,3000,143929.54767
-21789,3000,143942.138975
-18792,3000,143954.897768
-28792,3000,143968.333342
-18812,3000,143980.898601
-27779,3000,143993.980335
-27789,3000,144007.043682
-10762,3000,144020.205985
-18772,3000,144033.131843
-7803,3000,144045.598171
-18785,3000,144058.292235
-17791,3000,144070.666923
-19782,3000,144083.563396
-24784,3000,144096.344172
-20781,3000,144109.081568
-20794,3000,144121.627897
-21772,3000,144134.917464
-19808,3000,144147.641572
-16792,3000,144161.006979
-11746,3000,144174.738343
-16791,3000,144188.021786
-14783,3000,144201.154811
-18836,3000,144214.154008
-24793,3000,144227.13872
-15774,3000,144240.457489
-20772,3000,144254.428637
-11799,3000,144266.959828
-19815,3000,144279.337583
-24793,3000,144291.498738
-17807,3000,144304.462919
-23779,3000,144317.64712
-15772,3000,144330.536261
-19772,3000,144344.260244
-20812,3000,144356.484556
-18802,3000,144369.608291
-17805,3000,144382.47198
-21805,3000,144395.25262
-21815,3000,144408.590413
-17765,3000,144422.577771
-16807,3000,144434.902542
-20826,3000,144447.662263
-21803,3000,144460.507241
-20780,3000,144473.81155
-18802,3000,144486.500955
-21790,3000,144499.504902
-24779,3000,144512.564058
-22790,3000,144525.651929
-21821,3000,144537.898791
-11778,3000,144551.026975
-24796,3000,144564.535457
-19803,3000,144578.017016
-12768,3000,144591.946275
-9750,3000,144610.433896
-19795,3000,144623.859538
-19762,3000,144636.86354
-19789,3000,144649.907327
-19793,3000,144663.429755
-23791,3000,144675.955867
-24771,3000,144689.130565
-17822,3000,144701.74331
-20784,3000,144714.6879
-19813,3000,144727.42852
-19802,3000,144740.418101
-10773,3000,144753.310665
-11797,3000,144766.633406
-18769,3000,144780.068555
-12774,3000,144792.942063
-15777,3000,144806.153043
-16802,3000,144819.045402
-18801,3000,144831.655759
-28806,3000,144844.743546
-19774,3000,144857.978903
-17800,3000,144870.731623
-22779,3000,144884.08165
-17778,3000,144896.804044
-17806,3000,144909.290505
-15813,3000,144922.003875
-16801,3000,144934.753298
-17774,3000,144948.264439
-16800,3000,144961.237024
-19800,3000,144973.622784
-23798,3000,144986.461976
-15781,3000,144999.146554
-16772,3000,145012.422979
-17800,3000,145025.166917
-25801,3000,145038.181542
-23810,3000,145050.544569
-15764,3000,145064.302265
-19790,3000,145076.970733
-19784,3000,145090.156749
-29785,3000,145103.662204
-18796,3000,145116.91373
-17814,3000,145129.308472
-32775,3000,145142.287138
-19802,3000,145155.386812
-14774,3000,145168.211509
-12809,3000,145180.972
-16809,3000,145193.977673
-21778,3000,145206.771857
-20810,3000,145218.887308
-11784,3000,145231.576804
-21809,3000,145243.308031
-29793,3000,145255.985004
-19802,3000,145267.63745
-23783,3000,145279.607253
-17782,3000,145291.36913
-24791,3000,145303.95713
-25797,3000,145316.212454
-23784,3000,145328.468647
-21805,3000,145340.420097
-19811,3000,145351.720676
-28777,3000,145364.155192
-32799,3000,145376.56285
-14799,3000,145388.682817
-18784,3000,145401.181767
-13803,3000,145412.818401
-17816,3000,145424.817701
-20774,3000,145437.165505
-18796,3000,145454.579744
-17772,3000,145466.863935
-11772,3000,145479.19956
-24804,3000,145491.436611
-17801,3000,145503.312196
-17772,3000,145515.664851
-27795,3000,145528.017993
-18788,3000,145539.321731
-19776,3000,145551.121805
-17802,3000,145562.985457
-11751,3000,145575.400507
-19789,3000,145587.592394
-19813,3000,145599.453388
-13785,3000,145611.292978
-18781,3000,145623.673502
-20781,3000,145635.620649
-12796,3000,145647.619746
-15797,3000,145659.034369
-15791,3000,145671.929729
-7803,3000,145683.724923
-22784,3000,145695.303881
-17811,3000,145706.748177
-11783,3000,145718.867013
-22805,3000,145731.380842
-14773,3000,145743.209087
-27786,3000,145754.918559
-14814,3000,145767.058351
-17787,3000,145779.325572
-21760,3000,145791.906409
-17810,3000,145803.601324
-13796,3000,145815.597998
-15807,3000,145827.642496
-16792,3000,145839.343051
-28785,3000,145852.043965
-23811,3000,145863.92543
-23751,3000,145876.5103
-17762,3000,145888.712901
-19781,3000,145901.128109
-17808,3000,145912.835191
-19819,3000,145924.848194
-27798,3000,145937.111645
-26803,3000,145948.725501
-13802,3000,145960.606937
-13808,3000,145972.394855
-14798,3000,145984.456303
-17789,3000,145996.911997
-16777,3000,146009.407015
-18809,3000,146021.625444
-15790,3000,146033.43725
-16774,3000,146045.468419
-18776,3000,146057.754347
-24791,3000,146070.054231
-21787,3000,146081.973476
-17772,3000,146094.228117
-8751,3000,146106.761931
-17787,3000,146119.459301
-12786,3000,146131.621771
-22814,3000,146143.687492
-21787,3000,146156.003466
-15770,3000,146168.670734
-24776,3000,146181.322952
-23792,3000,146193.181243
-18779,3000,146205.808177
-22790,3000,146218.121587
-13762,3000,146230.771098
-18791,3000,146243.452487
-20787,3000,146255.186255
-20762,3000,146273.1887
-18800,3000,146284.86191
-23797,3000,146297.223852
-19768,3000,146309.718805
-19794,3000,146321.634167
-14790,3000,146333.927639
-21785,3000,146345.772755
-20780,3000,146357.842444
-18791,3000,146370.257295
-23771,3000,146383.090116
-13806,3000,146395.515672
-19776,3000,146407.910333
-16786,3000,146419.933674
-24814,3000,146431.818224
-12799,3000,146443.6082
-24810,3000,146455.568548
-23797,3000,146467.963571
-17793,3000,146480.33685
-15814,3000,146492.454826
-16782,3000,146504.556448
-16761,3000,146517.658948
-14778,3000,146529.72475
-22828,3000,146541.320896
-17756,3000,146554.306115
-17776,3000,146567.005407
-17754,3000,146579.196397
-19786,3000,146591.115628
-15785,3000,146603.733385
-20774,3000,146615.818725
-17779,3000,146627.909929
-18793,3000,146640.082442
-12769,3000,146652.960641
-19791,3000,146664.730894
-19787,3000,146677.165254
-16787,3000,146689.577938
-25771,3000,146701.218848
-12801,3000,146713.405522
-17791,3000,146725.552245
-16805,3000,146738.101343
-33774,3000,146750.547081
-15787,3000,146762.241308
-9796,3000,146774.382709
-21817,3000,146786.283292
-22807,3000,146798.405217
-16788,3000,146810.584946
-18797,3000,146822.990558
-10777,3000,146834.922403
-22775,3000,146847.254239
-20788,3000,146859.401087
-16785,3000,146872.055898
-25785,3000,146884.251577
-21787,3000,146896.094481
-22803,3000,146908.497247
-19781,3000,146920.397118
-22763,3000,146932.7196
-16794,3000,146945.131855
-20791,3000,146957.479799
-16796,3000,146969.691566
-16762,3000,146981.843647
-21788,3000,146994.501406
-18797,3000,147006.11885
-16809,3000,147017.818768
-24794,3000,147029.658594
-21780,3000,147041.519698
-25792,3000,147053.59392
-21790,3000,147065.731615
-21785,3000,147077.7633
-24793,3000,147094.914969
-20787,3000,147107.299361
-6779,3000,147119.522652
-13800,3000,147131.388659
-23779,3000,147143.462534
-17799,3000,147155.415823
-11798,3000,147167.63381
-17814,3000,147179.36807
-11779,3000,147191.814475
-17772,3000,147204.068019
-14784,3000,147216.39818
-10803,3000,147228.60712
-16801,3000,147240.653288
-16761,3000,147252.955842
-8823,3000,147264.317456
-18788,3000,147276.453969
-21785,3000,147288.51916
-23795,3000,147300.815648
-14798,3000,147312.834117
-22768,3000,147325.120617
-19801,3000,147337.171177
-14790,3000,147349.016774
-17794,3000,147361.138179
-22795,3000,147373.867095
-14777,3000,147386.502697
-19793,3000,147398.790258
-18790,3000,147410.261338
-20771,3000,147422.335074
-19788,3000,147434.318178
-21795,3000,147446.153768
-18802,3000,147458.414255
-15808,3000,147470.028962
-18790,3000,147481.894673
-12793,3000,147493.842556
-22761,3000,147506.155021
-17790,3000,147518.040904
-24807,3000,147530.267591
-31784,3000,147543.061135
-23773,3000,147554.537453
-16785,3000,147566.702637
-20801,3000,147578.760468
-23749,3000,147591.538914
-18780,3000,147603.538848
-12804,3000,147615.231805
-13813,3000,147627.078765
-23781,3000,147639.605641
-13812,3000,147651.445798
-15803,3000,147663.545884
-17762,3000,147676.018233
-17785,3000,147687.721469
-22789,3000,147699.932006
-13781,3000,147712.013104
-21805,3000,147724.12443
-15791,3000,147736.052676
-21776,3000,147747.865304
-21762,3000,147761.035278
-13786,3000,147773.197869
-12764,3000,147785.063774
-25782,3000,147797.122579
-15764,3000,147809.716586
-23789,3000,147821.706182
-14787,3000,147834.018396
-13796,3000,147845.956139
-17798,3000,147857.845423
-13790,3000,147870.376045
-13787,3000,147882.687356
-25759,3000,147899.706205
-23779,3000,147912.419124
-19816,3000,147924.29139
-13788,3000,147936.452581
-17757,3000,147948.483582
-21784,3000,147960.983187
-17773,3000,147972.659069
-15805,3000,147984.271874
-20769,3000,147996.736086
-21798,3000,148008.9553
-21800,3000,148021.154646
-21768,3000,148033.629645
-12757,3000,148046.332494
-17786,3000,148058.297679
-14770,3000,148070.308225
-23785,3000,148082.806453
-16799,3000,148094.526726
-18790,3000,148106.96098
-24772,3000,148119.4513
-19762,3000,148131.453985
-24810,3000,148143.76679
-12791,3000,148155.926152
-13784,3000,148168.186796
-22776,3000,148180.294821
-17782,3000,148192.353115
-21815,3000,148203.811854
-17761,3000,148215.858943
-16766,3000,148227.897422
-13766,3000,148240.307092
-16760,3000,148252.294267
-18769,3000,148264.967113
-18800,3000,148276.79213
-22788,3000,148288.815605
-17763,3000,148300.840185
-25803,3000,148312.685575
-22795,3000,148324.455725
-19766,3000,148336.936393
-15789,3000,148348.406109
-12782,3000,148360.875982
-16821,3000,148372.538138
-21809,3000,148384.020086
-16808,3000,148396.203431
-19784,3000,148408.439131
-18790,3000,148420.788416
-12772,3000,148432.983256
-14760,3000,148445.583342
-20779,3000,148457.837687
-19784,3000,148470.067014
-14789,3000,148482.516218
-12788,3000,148494.276958
-17767,3000,148506.633974
-18803,3000,148519.168535
-15790,3000,148530.912979
-22787,3000,148543.47325
-19780,3000,148555.851203
-15769,3000,148567.790906
-19774,3000,148579.984045
-19781,3000,148592.322221
-18800,3000,148604.458127
-23793,3000,148616.965892
-16781,3000,148629.443981
-17794,3000,148641.430922
-16793,3000,148653.519732
-19796,3000,148665.581909
-18780,3000,148677.676072
-22783,3000,148689.836568
-22783,3000,148702.631909
-12798,3000,148719.907432
-23774,3000,148732.550195
-19805,3000,148744.64814
-24791,3000,148756.750861
-16802,3000,148768.463109
-18786,3000,148780.299866
-8790,3000,148792.512094
-15811,3000,148803.944245
-20792,3000,148816.258029
-19786,3000,148828.606121
-25784,3000,148840.889206
-29800,3000,148852.631412
-17782,3000,148864.70376
-20787,3000,148877.145972
-19801,3000,148888.858338
-15790,3000,148900.526552
-11756,3000,148912.988599
-15764,3000,148925.967757
-17788,3000,148938.315057
-12779,3000,148950.588196
-23772,3000,148962.870879
-24802,3000,148974.667252
-23774,3000,148987.421186
-19786,3000,148999.220971
-28788,3000,149011.389849
-20767,3000,149023.285997
-19776,3000,149035.493688
-22811,3000,149047.220812
-17820,3000,149059.669955
-18799,3000,149071.595356
-24785,3000,149084.091657
-19768,3000,149095.695364
-19798,3000,149108.020498
-23789,3000,149120.154205
-21789,3000,149132.557978
-14782,3000,149144.57225
-14785,3000,149156.954078
-22796,3000,149168.886999
-17798,3000,149181.195828
-17793,3000,149192.988169
-13780,3000,149205.260483
-14826,3000,149216.708012
-22825,3000,149228.417637
-18756,3000,149240.733328
-15797,3000,149252.157339
-16810,3000,149264.578074
-21774,3000,149276.621878
-21794,3000,149289.040585
-13776,3000,149301.112856
-12816,3000,149312.554527
-25794,3000,149324.744841
-16792,3000,149336.590592
-19777,3000,149348.649648
-8803,3000,149360.952215
-20792,3000,149372.937283
-21794,3000,149385.694957
-23782,3000,149398.325419
-16792,3000,149409.801388
-18819,3000,149421.859502
-15802,3000,149434.050125
-22809,3000,149446.21479
-25812,3000,149458.814018
-16788,3000,149470.835751
-9806,3000,149483.043693
-19772,3000,149495.201532
-17808,3000,149507.097275
-18809,3000,149519.001678
-16797,3000,149536.772896
-28794,3000,149549.660201
-14778,3000,149562.003663
-26772,3000,149574.701755
-18771,3000,149587.591543
-16758,3000,149600.28347
-16768,3000,149612.817431
-18773,3000,149625.754205
-28784,3000,149638.424595
-12794,3000,149650.350845
-15770,3000,149661.922182
-10766,3000,149674.279371
-17791,3000,149686.379211
-17803,3000,149698.642956
-20789,3000,149710.925286
-15792,3000,149723.262102
-15798,3000,149735.307977
-26812,3000,149747.459659
-19796,3000,149759.507749
-14766,3000,149771.901957
-16791,3000,149783.95428
-12806,3000,149796.039039
-23778,3000,149808.327395
-17803,3000,149820.632171
-22781,3000,149833.145827
-17780,3000,149844.892229
-21804,3000,149856.27482
-18789,3000,149868.458779
-12773,3000,149879.968382
-25784,3000,149892.798526
-21784,3000,149905.324451
-18757,3000,149917.752199
-22774,3000,149930.307688
-26816,3000,149942.187501
-13775,3000,149954.424466
-15768,3000,149966.664198
-23800,3000,149978.867953
-17770,3000,149991.488076
-14789,3000,150003.233982
-16794,3000,150015.381289
-23811,3000,150027.480609
-16791,3000,150039.697026
-24826,3000,150051.396042
-18761,3000,150063.32749
-15742,3000,150076.108701
-19789,3000,150088.172524
-17789,3000,150100.464715
-27775,3000,150112.46295
-13772,3000,150124.473305
-23772,3000,150136.8245
-23809,3000,150149.153905
-19776,3000,150161.147939
-19783,3000,150173.165777
-21792,3000,150184.661711
-12775,3000,150197.36587
-12789,3000,150209.504246
-22748,3000,150222.119793
-25794,3000,150233.689707
-28790,3000,150245.493173
-15794,3000,150257.638814
-17795,3000,150269.525831
-8787,3000,150281.760383
-12779,3000,150294.437461
-25779,3000,150306.797679
-18787,3000,150318.98958
-24800,3000,150331.005726
-16777,3000,150348.755155
-25775,3000,150360.360239
-15752,3000,150372.922146
-13785,3000,150385.093137
-19791,3000,150397.242963
-18780,3000,150408.819563
-9781,3000,150421.29635
-19795,3000,150433.215855
-15790,3000,150445.331984
-22773,3000,150457.888166
-13800,3000,150469.637165
-21811,3000,150481.781729
-22781,3000,150493.755131
-13775,3000,150506.020537
-19797,3000,150518.320841
-20782,3000,150530.352489
-22811,3000,150541.849905
-20813,3000,150554.292576
-21779,3000,150566.385882
-18788,3000,150578.780897
-24803,3000,150591.582349
-20777,3000,150603.287606
-25825,3000,150615.025603
-21769,3000,150626.861594
-20792,3000,150638.820622
-16781,3000,150651.031835
-22757,3000,150664.061519
-12783,3000,150676.071265
-17778,3000,150688.236076
-14790,3000,150700.070442
-14807,3000,150712.045423
-17772,3000,150724.49858
-19771,3000,150736.824611
-22760,3000,150750.138247
-11784,3000,150762.18246
-19765,3000,150774.528465
-20785,3000,150787.161912
-16771,3000,150799.195209
-21788,3000,150811.210648
-17775,3000,150823.877042
-14813,3000,150835.917342
-21785,3000,150848.107887
-18794,3000,150859.481119
-24803,3000,150871.779168
-22767,3000,150883.75659
-18770,3000,150895.378527
-16792,3000,150907.516732
-21798,3000,150919.927488
-18797,3000,150931.730459
-22795,3000,150943.846568
-20805,3000,150955.82145
-17776,3000,150968.384418
-19778,3000,150980.685179
-19794,3000,150992.766747
-16779,3000,151004.525265
-13781,3000,151016.634373
-17801,3000,151029.095037
-16782,3000,151041.230703
-11758,3000,151052.581673
-21794,3000,151064.23876
-23779,3000,151075.670183
-28801,3000,151087.020341
-13791,3000,151098.324085
-23796,3000,151109.78723
-13793,3000,151121.161733
-20795,3000,151133.041233
-19780,3000,151144.244888
-20760,3000,151161.025616
-13784,3000,151172.373397
-14796,3000,151184.493843
-14757,3000,151196.607252
-17765,3000,151207.559945
-21817,3000,151218.89947
-17793,3000,151230.196204
-15790,3000,151241.780311
-13790,3000,151253.03447
-24798,3000,151263.713837
-22794,3000,151275.087435
-18811,3000,151287.018925
-19782,3000,151298.243016
-17814,3000,151309.486866
-15781,3000,151321.034274
-15774,3000,151332.891737
-20795,3000,151344.456267
-17812,3000,151355.075056
-29771,3000,151366.916787
-14765,3000,151378.828283
-15790,3000,151389.943508
-17802,3000,151401.273712
-17805,3000,151412.427918
-24803,3000,151424.158543
-12800,3000,151435.887843
-15780,3000,151447.338904
-26794,3000,151458.592584
-21768,3000,151470.147263
-18813,3000,151481.567743
-18782,3000,151492.99837
-16818,3000,151504.858929
-18783,3000,151516.662883
-15781,3000,151528.282663
-14777,3000,151539.904134
-14778,3000,151551.354426
-20794,3000,151562.780592
-18777,3000,151573.674716
-18796,3000,151584.755132
-15809,3000,151595.736681
-17803,3000,151607.372163
-23764,3000,151619.088006
-18808,3000,151630.049019
-23766,3000,151641.661671
-21783,3000,151653.112069
-17803,3000,151664.590414
-20782,3000,151675.969046
-22789,3000,151687.561433
-20788,3000,151699.656692
-16768,3000,151711.172553
-21803,3000,151722.639891
-18769,3000,151734.215488
-11808,3000,151745.937639
-15790,3000,151756.902918
-17770,3000,151768.288149
-20770,3000,151780.376529
-18799,3000,151791.699985
-16781,3000,151802.812526
-25787,3000,151814.322837
-22798,3000,151825.336757
-21802,3000,151836.031925
-12775,3000,151847.691142
-17812,3000,151859.187591
-14799,3000,151870.723121
-22779,3000,151882.778465
-11809,3000,151893.618296
-16792,3000,151905.277352
-19790,3000,151916.931603
-15777,3000,151933.774821
-18782,3000,151945.617424
-20762,3000,151957.575421
-19820,3000,151969.022784
-15767,3000,151980.520338
-22804,3000,151991.290886
-14783,3000,152002.157034
-16809,3000,152012.945307
-15780,3000,152024.791225
-22780,3000,152036.231122
-22801,3000,152047.3945
-25797,3000,152058.431832
-17786,3000,152069.626501
-17802,3000,152081.36672
-22781,3000,152092.739283
-12774,3000,152104.346513
-14784,3000,152116.246274
-19760,3000,152128.404353
-18798,3000,152139.634409
-14787,3000,152151.06855
-16804,3000,152162.35453
-17800,3000,152173.730189
-12757,3000,152185.770062
-20819,3000,152196.492434
-19816,3000,152207.587244
-20790,3000,152218.925081
-13785,3000,152230.31588
-18797,3000,152241.665426
-6785,3000,152253.184368
-14786,3000,152264.550484
-20810,3000,152275.379831
-22790,3000,152286.954606
-13779,3000,152298.622763
-14787,3000,152309.460974
-9764,3000,152320.849588
-22767,3000,152332.340441
-18780,3000,152343.864652
-21797,3000,152354.932684
-18779,3000,152366.572794
-19777,3000,152377.931912
-18768,3000,152389.160702
-17814,3000,152400.049768
-11759,3000,152412.022463
-9786,3000,152423.303157
-18763,3000,152434.981356
-10766,3000,152446.777733
-20774,3000,152458.268535
-18796,3000,152468.959249
-18801,3000,152480.353484
-22806,3000,152491.437769
-17789,3000,152502.347977
-22799,3000,152514.065079
-17805,3000,152524.856417
-17792,3000,152536.01996
-16772,3000,152547.575108
-25760,3000,152559.437167
-16757,3000,152570.881276
-21780,3000,152582.560831
-26789,3000,152594.153674
-23789,3000,152605.666664
-20788,3000,152617.115445
-16772,3000,152628.566557
-18798,3000,152640.592917
-17795,3000,152652.390505
-25797,3000,152663.781733
-20785,3000,152675.491441
-20814,3000,152691.606476
-19807,3000,152702.889703
-22801,3000,152713.922816
-12797,3000,152725.018539
-21782,3000,152736.262249
-18768,3000,152748.134346
-24783,3000,152760.040453
-18807,3000,152770.972591
-9771,3000,152782.771988
-22791,3000,152793.685489
-17763,3000,152805.038867
-13767,3000,152816.362826
-23782,3000,152827.842474
-15802,3000,152838.79473
-20784,3000,152850.140207
-15754,3000,152861.494356
-20796,3000,152872.672953
-16792,3000,152884.369354
-8759,3000,152896.008487
-24787,3000,152907.779585
-10815,3000,152919.026451
-16781,3000,152931.381413
-20788,3000,152942.780772
-20786,3000,152954.011864
-22795,3000,152965.095168
-16781,3000,152975.89643
-18796,3000,152986.20653
-21788,3000,152996.874793
-17783,3000,153007.569148
-23782,3000,153018.511292
-16781,3000,153029.499043
-16783,3000,153040.23687
-15788,3000,153050.945571
-15786,3000,153061.919255
-17797,3000,153072.236589
-15781,3000,153082.889796
-14783,3000,153093.706639
-25772,3000,153104.632926
-21799,3000,153115.685538
-20781,3000,153126.369316
-18804,3000,153137.071971
-18783,3000,153147.434785
-24801,3000,153158.666739
-18840,3000,153169.249675
-12805,3000,153180.121381
-19812,3000,153190.830898
-8806,3000,153201.378369
-22817,3000,153212.167155
-19781,3000,153223.166658
-13767,3000,153234.226218
-16791,3000,153245.230042
-22781,3000,153256.170979
-19792,3000,153266.443884
-19750,3000,153277.101745
-16807,3000,153288.228443
-16786,3000,153299.094421
-17795,3000,153310.104522
-14775,3000,153320.589863
-11779,3000,153331.057556
-21803,3000,153342.172263
-18779,3000,153353.296659
-17792,3000,153363.959356
-11778,3000,153375.133726
-19823,3000,153385.768835
-12762,3000,153396.772376
-19796,3000,153407.407637
-10776,3000,153417.914539
-12773,3000,153433.808659
-13779,3000,153444.500241
-12784,3000,153455.420853
-19788,3000,153466.11393
-23786,3000,153476.870341
-23790,3000,153487.70871
-13787,3000,153498.503047
-15795,3000,153509.341769
-17781,3000,153519.901254
-14805,3000,153530.361317
-19805,3000,153541.183849
-13799,3000,153551.934087
-17747,3000,153563.184858
-14788,3000,153574.103117
-10772,3000,153585.234784
-18841,3000,153595.804736
-21764,3000,153607.14913
-15767,3000,153617.924548
-20794,3000,153628.452597
-21788,3000,153639.621957
-19792,3000,153650.248479
-15804,3000,153661.023317
-22760,3000,153672.635453
-13780,3000,153683.43697
-21789,3000,153694.437466
-16782,3000,153705.109108
-15797,3000,153716.237131
-16763,3000,153726.997993
-16800,3000,153737.56437
-14788,3000,153748.193274
-20754,3000,153759.183919
-18777,3000,153770.14057
-19805,3000,153781.096915
-20781,3000,153792.478837
-11779,3000,153802.963598
-17775,3000,153814.328783
-18807,3000,153825.214188
-19762,3000,153836.055209
-9774,3000,153846.564953
-21803,3000,153857.441936
-21768,3000,153868.391026
-24794,3000,153878.978935
-20783,3000,153890.201789
-12780,3000,153900.725542
-17788,3000,153911.434078
-20790,3000,153922.335317
-20789,3000,153933.861293
-12784,3000,153944.389563
-18801,3000,153955.746197
-16769,3000,153967.074482
-17767,3000,153978.21972
-24812,3000,153988.94687
-9775,3000,153999.36938
-20768,3000,154010.395744
-19765,3000,154021.730411
-18808,3000,154032.503823
-18803,3000,154043.712629
-19775,3000,154054.761626
-16783,3000,154065.424279
-11793,3000,154076.103823
-14745,3000,154086.934494
-11787,3000,154097.989602
-16782,3000,154108.868351
-17785,3000,154119.871075
-14767,3000,154131.15853
-19800,3000,154141.731233
-19778,3000,154152.225221
-15763,3000,154168.184026
-18784,3000,154179.255787
-23794,3000,154189.731259
-26769,3000,154201.206951
-19809,3000,154211.745932
-14807,3000,154222.283463
-20805,3000,154232.905296
-12742,3000,154243.754893
-19805,3000,154254.099682
-25771,3000,154265.401563
-22811,3000,154276.515431
-23781,3000,154287.240812
-18795,3000,154298.145339
-10778,3000,154308.975716
-18790,3000,154319.712424
-18804,3000,154330.824688
-20795,3000,154341.965282
-18795,3000,154352.801171
-17793,3000,154363.267273
-19807,3000,154374.226063
-15781,3000,154385.081973
-21779,3000,154395.776143
-13767,3000,154407.027463
-20830,3000,154417.855429
-13785,3000,154428.853188
-17767,3000,154440.006645
-18814,3000,154451.055961
-18764,3000,154461.909183
-17792,3000,154472.50748
-14818,3000,154482.647751
-17798,3000,154493.656024
-19779,3000,154504.816237
-17777,3000,154515.845613
-19784,3000,154526.69874
-13778,3000,154537.42011
-14793,3000,154548.048154
-16799,3000,154558.531182
-21788,3000,154569.356734
-23803,3000,154580.310609
-20795,3000,154591.001294
-11765,3000,154601.857198
-15787,3000,154612.939484
-19791,3000,154624.01357
-19790,3000,154635.069329
-21802,3000,154646.119254
-14760,3000,154657.222919
-15792,3000,154668.336382
-15742,3000,154679.219559
-12802,3000,154689.580522
-19774,3000,154700.153862
-16798,3000,154710.733956
-16768,3000,154721.606068
-23777,3000,154732.105209
-12808,3000,154742.110553
-21799,3000,154752.928415
-15768,3000,154763.813901
-14774,3000,154774.824617
-7777,3000,154785.093018
-19802,3000,154795.511565
-21804,3000,154805.762146
-12771,3000,154816.664695
-22813,3000,154827.021862
-21825,3000,154837.796402
-17782,3000,154848.690212
-17787,3000,154859.482434
-15788,3000,154870.594898
-13776,3000,154886.274074
-13786,3000,154896.908239
-19789,3000,154907.833213
-23769,3000,154918.32218
-17759,3000,154929.202816
-19797,3000,154940.160187
-10767,3000,154951.311927
-20804,3000,154962.054074
-15757,3000,154973.530425
-18800,3000,154984.629813
-21794,3000,154995.682085
-19776,3000,155006.774745
-17749,3000,155017.480585
-13803,3000,155027.541958
-22777,3000,155038.240954
-18796,3000,155049.22039
-14754,3000,155060.409035
-20797,3000,155070.865408
-24792,3000,155081.43323
-21777,3000,155091.938033
-20779,3000,155102.509499
-15786,3000,155113.403557
-20800,3000,155124.173794
-18781,3000,155134.949713
-19768,3000,155146.352088
-27767,3000,155157.304097
-26769,3000,155168.340721
-14780,3000,155179.292453
-20764,3000,155190.271782
-24768,3000,155201.4989
-18782,3000,155212.206971
-19813,3000,155223.498718
-28805,3000,155234.552911
-17804,3000,155245.60477
-21825,3000,155255.956847
-17790,3000,155266.631516
-21792,3000,155277.499683
-16755,3000,155288.558039
-22801,3000,155298.947515
-19787,3000,155309.636606
-15787,3000,155320.250652
-14770,3000,155330.89521
-24814,3000,155342.052907
-16783,3000,155352.618181
-15808,3000,155362.944938
-12779,3000,155373.786913
-16791,3000,155384.383263
-23800,3000,155394.985292
-16800,3000,155405.358949
-20801,3000,155416.304521
-17790,3000,155426.930113
-23791,3000,155437.67464
-16767,3000,155448.153283
-27791,3000,155459.553746
-15781,3000,155470.609001
-9767,3000,155481.309407
-30813,3000,155491.841037
-14803,3000,155502.653266
-23806,3000,155513.607925
-22795,3000,155524.976094
-17786,3000,155535.937242
-23805,3000,155546.51616
-9783,3000,155557.635075
-11787,3000,155567.895044
-21775,3000,155579.330144
-11786,3000,155590.5271
-21793,3000,155601.28174
-17784,3000,155616.539874
-10802,3000,155627.725292
-21807,3000,155638.361917
-25801,3000,155649.420441
-21785,3000,155660.237615
-18804,3000,155670.50027
-19783,3000,155681.459206
-26762,3000,155692.688868
-21799,3000,155703.302448
-19781,3000,155714.491019
-16778,3000,155724.960794
-18795,3000,155735.18811
-20791,3000,155745.531932
-21788,3000,155756.337144
-16772,3000,155767.273422
-15763,3000,155777.951649
-20792,3000,155788.761481
-15802,3000,155799.9008
-17778,3000,155811.017407
-11773,3000,155822.093721
-17764,3000,155833.331125
-20801,3000,155844.212379
-20797,3000,155855.047119
-19779,3000,155865.899491
-15761,3000,155876.726683
-13748,3000,155887.749512
-19809,3000,155898.43862
-20795,3000,155909.200297
-19788,3000,155920.148132
-18800,3000,155930.701094
-19774,3000,155942.03249
-22806,3000,155952.641244
-19782,3000,155963.621487
-19778,3000,155974.319098
-18795,3000,155984.958162
-18824,3000,155995.802153
-17776,3000,156006.376945
-32815,3000,156016.712823
-16794,3000,156027.62075
-19797,3000,156038.503196
-11777,3000,156049.335747
-15774,3000,156060.501085
-21806,3000,156071.256464
-31800,3000,156081.853285
-12769,3000,156092.7472
-19801,3000,156103.30513
-17777,3000,156114.413486
-15779,3000,156124.939217
-19790,3000,156135.992089
-20796,3000,156147.024222
-15770,3000,156157.434247
-25805,3000,156168.043294
-18791,3000,156179.526021
-26841,3000,156190.031353
-19774,3000,156201.27999
-29780,3000,156212.603509
-12796,3000,156223.467135
-20791,3000,156234.359297
-14762,3000,156245.413425
-26806,3000,156256.096414
-18781,3000,156266.662954
-18772,3000,156277.25623
-18798,3000,156287.850876
-19771,3000,156298.876856
-27795,3000,156309.42274
-21786,3000,156320.392987
-15797,3000,156331.253889
-15762,3000,156346.637042
-13780,3000,156356.878177
-9799,3000,156367.755164
-20785,3000,156378.276614
-8777,3000,156389.023902
-19793,3000,156399.993675
-17787,3000,156410.865161
-15787,3000,156421.696886
-16789,3000,156432.807134
-23784,3000,156443.567111
-19806,3000,156454.258724
-12776,3000,156464.735612
-24807,3000,156475.609171
-19802,3000,156486.486762
-16790,3000,156497.843027
-17778,3000,156508.500343
-17768,3000,156519.823832
-14797,3000,156530.361745
-11768,3000,156541.351296
-16787,3000,156552.324078
-11759,3000,156562.909004
-19790,3000,156573.257314
-15767,3000,156584.019535
-22786,3000,156594.704818
-16764,3000,156605.750369
-26798,3000,156616.413208
-19772,3000,156627.487842
-11795,3000,156638.515024
-18791,3000,156649.214443
-13795,3000,156660.090961
-29801,3000,156670.918105
-22797,3000,156681.889796
-19795,3000,156692.817683
-21782,3000,156703.747048
-14766,3000,156714.428054
-19765,3000,156725.717273
-13786,3000,156736.666288
-19795,3000,156747.446663
-13796,3000,156758.099732
-18779,3000,156768.655597
-21801,3000,156779.389706
-16750,3000,156789.97142
-20769,3000,156801.009416
-30806,3000,156812.002672
-20766,3000,156823.635724
-16785,3000,156834.469807
-12788,3000,156845.120784
-17766,3000,156856.505036
-14781,3000,156867.248736
-22813,3000,156877.837493
-19768,3000,156888.578109
-17798,3000,156899.177589
-18768,3000,156910.267723
-16775,3000,156921.187108
-12768,3000,156932.331205
-21806,3000,156943.159554
-14788,3000,156954.079485
-22773,3000,156964.585067
-16806,3000,156975.034175
-16801,3000,156985.492035
-17755,3000,156996.718705
-25803,3000,157007.477383
-16785,3000,157018.082469
-22796,3000,157029.395894
-27799,3000,157040.426647
-20773,3000,157051.862141
-17745,3000,157067.269289
-16794,3000,157078.317225
-10783,3000,157089.016357
-14778,3000,157099.858397
-24810,3000,157110.194525
-16785,3000,157121.165495
-16799,3000,157131.706355
-24777,3000,157142.253124
-19781,3000,157152.600574
-16789,3000,157163.447191
-25772,3000,157174.012509
-24805,3000,157184.351469
-17787,3000,157195.414746
-24794,3000,157206.256978
-17782,3000,157217.58402
-22788,3000,157228.522752
-23784,3000,157239.500262
-27783,3000,157250.28121
-16753,3000,157261.59743
-19777,3000,157272.374593
-23786,3000,157283.547023
-15800,3000,157293.954823
-16805,3000,157304.618277
-16789,3000,157315.821705
-23759,3000,157327.34409
-18784,3000,157337.808603
-20774,3000,157348.060858
-20765,3000,157359.002373
-16813,3000,157369.104755
-14804,3000,157379.597957
-27800,3000,157390.618023
-13785,3000,157401.670675
-16783,3000,157412.272074
-15780,3000,157422.680401
-22799,3000,157432.991223
-22760,3000,157444.122759
-19810,3000,157454.452452
-19798,3000,157465.45684
-21829,3000,157476.05602
-22808,3000,157486.715675
-13794,3000,157497.579304
-19782,3000,157508.011132
-17791,3000,157518.461352
-19803,3000,157529.230034
-23780,3000,157540.454963
-19768,3000,157551.395863
-13800,3000,157562.46352
-19787,3000,157573.448573
-18799,3000,157584.170545
-19773,3000,157594.892799
-14803,3000,157605.788378
-14787,3000,157616.542187
-10784,3000,157627.245063
-23800,3000,157638.221873
-23798,3000,157648.882313
-12802,3000,157659.312886
-18791,3000,157669.900338
-21785,3000,157680.545396
-24807,3000,157691.459741
-24778,3000,157702.435186
-19797,3000,157712.95721
-16794,3000,157723.260186
-13778,3000,157734.314032
-28780,3000,157745.282369
-19821,3000,157756.015452
-16785,3000,157766.598953
-16773,3000,157777.701793
-17782,3000,157793.314401
-8774,3000,157804.193336
-17775,3000,157815.107985
-19770,3000,157825.685436
-12788,3000,157835.885561
-10766,3000,157846.838826
-21752,3000,157857.574683
-27791,3000,157868.60336
-15773,3000,157880.053871
-16755,3000,157891.699652
-21767,3000,157902.513497
-16795,3000,157913.686653
-29758,3000,157925.060539
-24780,3000,157935.655169
-23793,3000,157946.487355
-25800,3000,157957.242815
-21784,3000,157968.107038
-30825,3000,157978.271896
-16773,3000,157989.486375
-10780,3000,158000.272119
-12759,3000,158011.189222
-10777,3000,158021.675757
-13765,3000,158032.927861
-13777,3000,158044.114909
-18803,3000,158054.339694
-23805,3000,158064.769524
-12803,3000,158075.068235
-12768,3000,158085.96207
-20790,3000,158096.256177
-15813,3000,158106.504643
-15782,3000,158117.746225
-16789,3000,158128.488615
-16784,3000,158139.029424
-19781,3000,158150.081813
-19799,3000,158160.922301
-23784,3000,158172.088484
-22815,3000,158182.38249
-21786,3000,158193.735639
-19778,3000,158204.324135
-17797,3000,158215.030263
-19810,3000,158225.342767
-24803,3000,158236.094787
-25743,3000,158246.936688
-13787,3000,158257.21761
-17803,3000,158267.781199
-12785,3000,158278.804002
-16792,3000,158289.363577
-21783,3000,158300.192782
-20784,3000,158311.237773
-18816,3000,158321.644609
-24806,3000,158332.076692
-21816,3000,158342.993671
-14756,3000,158353.79806
-34793,3000,158364.568017
-22774,3000,158375.170434
-16760,3000,158385.921105
-13779,3000,158396.887658
-13783,3000,158407.7472
-19782,3000,158418.732485
-16797,3000,158429.682703
-12780,3000,158440.449519
-8776,3000,158451.281923
-15789,3000,158462.455712
-10796,3000,158473.352515
-30771,3000,158484.562427
-16782,3000,158495.169358
-15818,3000,158505.812968
-18754,3000,158521.139417
-16817,3000,158531.672308
-17777,3000,158542.285531
-17785,3000,158553.651819
-12778,3000,158564.544685
-17776,3000,158575.526138
-20796,3000,158586.044013
-29798,3000,158596.697535
-18774,3000,158607.588859
-22794,3000,158617.933817
-15780,3000,158628.515158
-20806,3000,158639.045064
-14778,3000,158650.243075
-23782,3000,158661.27468
-16820,3000,158671.724535
-18779,3000,158682.832281
-14786,3000,158693.083735
-16779,3000,158704.278562
-15802,3000,158714.868214
-16765,3000,158726.142909
-17787,3000,158736.82181
-23781,3000,158748.096887
-20779,3000,158759.16645
-16797,3000,158770.0185
-18767,3000,158781.280319
-14759,3000,158791.566957
-14771,3000,158802.534354
-22786,3000,158813.101768
-26791,3000,158824.145557
-18817,3000,158834.813205
-13759,3000,158845.639786
-15795,3000,158855.862378
-17820,3000,158866.178462
-19772,3000,158877.206369
-22804,3000,158888.352198
-19778,3000,158898.985629
-20809,3000,158909.340149
-24782,3000,158920.408299
-14772,3000,158931.13702
-20776,3000,158942.212275
-21777,3000,158953.18212
-13777,3000,158963.936867
-16809,3000,158974.780009
-10811,3000,158985.24871
-17793,3000,158996.186873
-22794,3000,159007.250186
-14759,3000,159018.063444
-13802,3000,159029.029372
-17779,3000,159040.138096
-18794,3000,159051.419386
-23819,3000,159061.907914
-20777,3000,159073.079849
-18764,3000,159084.342096
-15763,3000,159095.320055
-13785,3000,159106.305781
-20783,3000,159117.087748
-9768,3000,159128.09991
-14745,3000,159139.195256
-12795,3000,159149.425804
-22799,3000,159160.393442
-13774,3000,159171.1368
-22791,3000,159182.060374
-19791,3000,159192.605886
-19796,3000,159203.120759
-15784,3000,159213.629164
-26829,3000,159223.584316
-24795,3000,159238.977729
-19806,3000,159249.896396
-11776,3000,159260.430672
-17804,3000,159271.48959
-16791,3000,159282.618422
-14758,3000,159293.613852
-21775,3000,159304.296264
-11810,3000,159314.625614
-15772,3000,159325.506413
-15823,3000,159335.962538
-21802,3000,159346.409199
-19779,3000,159357.499759
-22786,3000,159367.971331
-15809,3000,159378.71319
-16760,3000,159390.077174
-27782,3000,159400.962729
-20795,3000,159411.342281
-26788,3000,159422.586763
-20774,3000,159433.553582
-16791,3000,159444.435789
-19813,3000,159454.754694
-22801,3000,159465.212818
-15756,3000,159476.625076
-21786,3000,159487.540474
-17792,3000,159498.546857
-19785,3000,159509.330557
-16785,3000,159520.485827
-18775,3000,159531.533849
-24780,3000,159542.249612
-18757,3000,159553.237831
-20768,3000,159563.828311
-14788,3000,159575.368641
-17781,3000,159586.767914
-23774,3000,159597.326459
-17794,3000,159608.006594
-21783,3000,159619.212271
-13779,3000,159629.785927
-16758,3000,159640.635859
-13779,3000,159651.28399
-15789,3000,159662.372198
-11806,3000,159672.907996
-18757,3000,159684.554793
-16802,3000,159694.893931
-15778,3000,159705.544568
-20822,3000,159715.919398
-14775,3000,159726.985424
-16802,3000,159737.396942
-14773,3000,159748.072363
-15782,3000,159759.264192
-11819,3000,159769.833327
-14817,3000,159779.93922
-19778,3000,159790.955496
-28805,3000,159801.502913
-19785,3000,159812.455062
-19783,3000,159822.801211
-23800,3000,159833.636499
-20766,3000,159844.665577
-23769,3000,159856.024103
-22779,3000,159866.68705
-16775,3000,159877.51175
-17781,3000,159888.006098
-20784,3000,159899.321666
-23803,3000,159909.796379
-25776,3000,159920.660587
-16794,3000,159931.743519
-13764,3000,159943.131384
-13774,3000,159953.939999
-23783,3000,159969.140674
-22797,3000,159979.821966
-19760,3000,159990.989739
-14807,3000,160001.665606
-14761,3000,160012.721987
-18794,3000,160023.116295
-7791,3000,160034.000053
-20810,3000,160044.388413
-20787,3000,160055.160441
-18803,3000,160066.041062
-19820,3000,160077.034395
-25776,3000,160087.753486
-21804,3000,160098.977623
-14784,3000,160109.724811
-14766,3000,160120.71738
-14806,3000,160131.07064
-19777,3000,160141.812849
-19827,3000,160152.628086
-14789,3000,160163.367767
-14814,3000,160173.717084
-15766,3000,160184.420597
-21789,3000,160195.093045
-14791,3000,160206.218745
-21822,3000,160216.806519
-18783,3000,160227.678264
-16779,3000,160238.909347
-17791,3000,160249.669628
-14787,3000,160260.237905
-22795,3000,160271.000448
-21793,3000,160281.978026
-26808,3000,160292.187136
-18770,3000,160302.812942
-13775,3000,160314.055095
-24786,3000,160324.93243
-19765,3000,160336.026011
-17795,3000,160346.658345
-11780,3000,160357.268397
-9783,3000,160368.480398
-14808,3000,160379.000651
-16780,3000,160389.702519
-10786,3000,160401.00152
-25788,3000,160411.871172
-14792,3000,160422.83498
-18788,3000,160433.514687
-20797,3000,160444.176464
-30774,3000,160455.120752
-11782,3000,160465.9912
-20801,3000,160476.705236
-18773,3000,160487.280764
-20804,3000,160498.237637
-16804,3000,160509.083388
-17797,3000,160520.149207
-18783,3000,160530.378804
-20803,3000,160540.776576
-18787,3000,160551.603009
-22766,3000,160562.328018
-20793,3000,160572.593105
-23803,3000,160583.550143
-20746,3000,160594.511755
-25788,3000,160604.919525
-16774,3000,160616.036957
-18768,3000,160626.64985
-15762,3000,160637.460442
-14815,3000,160647.771239
-24785,3000,160658.500372
-19798,3000,160669.322618
-9779,3000,160680.13459
-24833,3000,160695.589295
-22790,3000,160706.606001
-21797,3000,160717.37094
-18802,3000,160727.873358
-15773,3000,160738.80187
-14790,3000,160749.243605
-19781,3000,160759.637685
-18791,3000,160770.766914
-19778,3000,160781.817013
-24803,3000,160792.219918
-17795,3000,160803.200952
-19781,3000,160814.062106
-18758,3000,160825.367605
-21800,3000,160835.979869
-15776,3000,160846.684376
-10827,3000,160856.77577
-25794,3000,160867.969795
-15769,3000,160879.476972
-21763,3000,160890.444092
-26782,3000,160901.079591
-16780,3000,160911.622763
-16809,3000,160921.917552
-13776,3000,160932.875014
-22797,3000,160943.477615
-29789,3000,160954.47349
-18794,3000,160965.035553
-15800,3000,160975.458136
-20790,3000,160985.822703
-15760,3000,160996.544032
-14786,3000,161007.249714
-14782,3000,161017.71774
-23793,3000,161028.467909
-20747,3000,161040.055516
-16784,3000,161050.622488
-22802,3000,161061.216828
-18805,3000,161071.730631
-10776,3000,161082.666345
-15782,3000,161093.592904
-24768,3000,161104.664155
-28763,3000,161115.514403
-18766,3000,161126.441987
-14806,3000,161136.877217
-25792,3000,161147.841609
-14817,3000,161158.188088
-12781,3000,161169.276501
-21796,3000,161179.61065
-18785,3000,161190.016888
-22797,3000,161200.849702
-25819,3000,161211.688836
-15783,3000,161222.684168
-19771,3000,161233.353364
-10747,3000,161244.403493
-16767,3000,161254.972402
-18767,3000,161265.734308
-22807,3000,161275.985574
-17775,3000,161287.023208
-20771,3000,161297.564072
-16766,3000,161308.22411
-13766,3000,161319.023287
-16778,3000,161330.149845
-22787,3000,161340.791667
-15808,3000,161351.341243
-13785,3000,161362.24032
-20756,3000,161373.788042
-17749,3000,161385.309303
-23800,3000,161395.93419
-23789,3000,161410.604528
-20751,3000,161421.180733
-22822,3000,161431.909477
-21784,3000,161442.800539
-25789,3000,161454.273604
-20778,3000,161465.288302
-17737,3000,161476.821624
-16750,3000,161487.657427
-9783,3000,161498.891754
-16765,3000,161509.683148
-20775,3000,161520.040409
-23760,3000,161530.984397
-23796,3000,161541.962335
-14773,3000,161553.084975
-13777,3000,161563.469428
-23781,3000,161573.765168
-16794,3000,161584.946848
-9748,3000,161595.305929
-22789,3000,161606.51037
-11766,3000,161617.495255
-17810,3000,161628.19637
-22788,3000,161638.923625
-15798,3000,161649.231437
-20791,3000,161660.257516
-15785,3000,161671.210928
-16768,3000,161682.15666
-27765,3000,161693.94717
-22809,3000,161705.286235
-23793,3000,161715.72881
-26786,3000,161726.950598
-29806,3000,161737.136093
-18763,3000,161748.63096
-21775,3000,161759.865119
-27782,3000,161770.779363
-25797,3000,161781.271628
-17778,3000,161792.890278
-22770,3000,161803.790291
-24790,3000,161814.764533
-19776,3000,161825.221938
-27806,3000,161836.19083
-14797,3000,161846.771027
-25775,3000,161858.279134
-15790,3000,161869.113612
-13789,3000,161880.344263
-21796,3000,161890.99573
-13773,3000,161902.06585
-18812,3000,161912.880828
-12792,3000,161923.303643
-11798,3000,161934.510859
-15796,3000,161945.279023
-11766,3000,161955.937346
-27806,3000,161966.234278
-20804,3000,161977.122048
-22774,3000,161987.986617
-16779,3000,161999.029662
-21789,3000,162009.452546
-25768,3000,162020.242946
-13800,3000,162030.80012
-17776,3000,162042.215135
-16777,3000,162052.790031
-14826,3000,162063.393907
-13781,3000,162074.375492
-19774,3000,162085.40573
-13792,3000,162096.016208
-26774,3000,162107.058734
-18807,3000,162117.824498
-14787,3000,162128.845049
-21787,3000,162144.643062
-19799,3000,162155.264407
-13798,3000,162166.043014
-16787,3000,162177.772617
-15788,3000,162188.50932
-18795,3000,162199.089874
-21798,3000,162208.86796
-19782,3000,162219.292261
-13761,3000,162229.503332
-18798,3000,162239.784579
-14771,3000,162250.496791
-17800,3000,162260.992533
-14778,3000,162270.948216
-11775,3000,162281.111336
-17786,3000,162291.257719
-24782,3000,162301.414606
-13810,3000,162311.313738
-21781,3000,162321.609748
-14797,3000,162331.88821
-21802,3000,162341.205052
-22776,3000,162351.354316
-15772,3000,162361.425527
-15751,3000,162372.137173
-23806,3000,162382.367463
-13797,3000,162392.46034
-21793,3000,162402.588314
-25798,3000,162412.691261
-15784,3000,162422.49354
-15766,3000,162432.811942
-21785,3000,162442.7079
-15769,3000,162453.034012
-22756,3000,162462.940881
-18810,3000,162473.160337
-17791,3000,162483.129061
-23778,3000,162492.884655
-9789,3000,162502.647869
-16772,3000,162513.232707
-19798,3000,162523.050708
-16802,3000,162532.777092
-17766,3000,162543.445812
-17784,3000,162553.676996
-22811,3000,162562.997981
-11776,3000,162573.183244
-24795,3000,162582.943915
-13779,3000,162592.616612
-13784,3000,162602.476038
-12780,3000,162612.989079
-12761,3000,162623.470464
-18792,3000,162633.598774
-11776,3000,162644.191909
-14804,3000,162654.415781
-31773,3000,162665.654204
-10786,3000,162675.546519
-15799,3000,162685.815556
-14770,3000,162696.61455
-19792,3000,162706.832253
-17812,3000,162716.689511
-21795,3000,162727.060321
-23742,3000,162737.54868
-18758,3000,162747.914479
-15757,3000,162757.862379
-17783,3000,162768.30004
-18767,3000,162779.028192
-17777,3000,162789.604737
-15768,3000,162799.657288
-13780,3000,162809.860158
-20776,3000,162819.624978
-23795,3000,162833.969634
-21794,3000,162844.101347
-26782,3000,162854.135476
-23770,3000,162864.274443
-20773,3000,162874.256238
-20749,3000,162884.331083
-20796,3000,162894.303728
-24772,3000,162904.695843
-17776,3000,162915.128889
-17773,3000,162925.555881
-13768,3000,162935.7682
-21766,3000,162946.511642
-18784,3000,162956.58253
-15774,3000,162966.531703
-16776,3000,162976.710769
-19792,3000,162987.187622
-19785,3000,162997.11658
-16771,3000,163007.2511
-14766,3000,163017.341223
-13815,3000,163027.517858
-9785,3000,163037.761597
-20792,3000,163047.596615
-14752,3000,163058.052461
-25786,3000,163068.249933
-13744,3000,163078.410092
-28792,3000,163088.816597
-16814,3000,163099.13165
-14782,3000,163109.603957
-11771,3000,163119.918331
-14794,3000,163130.06871
-22791,3000,163140.513508
-24743,3000,163151.515335
-19786,3000,163161.492593
-17784,3000,163170.819508
-21794,3000,163180.026981
-15812,3000,163189.489086
-13797,3000,163198.595632
-12786,3000,163208.102318
-18806,3000,163217.480223
-23749,3000,163227.285471
-16794,3000,163236.882044
-14805,3000,163246.010245
-13790,3000,163255.43633
-15810,3000,163264.527947
-18788,3000,163273.850176
-17819,3000,163283.331487
-19768,3000,163292.74004
-15771,3000,163302.230618
-26799,3000,163311.363792
-16792,3000,163321.059794
-24789,3000,163330.884176
-14777,3000,163340.247
-21809,3000,163349.507188
-21795,3000,163359.449704
-17784,3000,163368.975623
-11770,3000,163378.483693
-23802,3000,163387.809499
-18782,3000,163397.29223
-19797,3000,163407.01124
-20797,3000,163416.544291
-15808,3000,163425.769201
-15769,3000,163435.264899
-21801,3000,163444.286759
-23784,3000,163453.735578
-21789,3000,163462.760814
-18757,3000,163472.476158
-21794,3000,163485.750085
-20785,3000,163495.989566
-27796,3000,163505.300041
-25776,3000,163514.673594
-13762,3000,163524.133995
-18780,3000,163533.337091
-19802,3000,163542.600788
-18752,3000,163552.39134
-16768,3000,163562.168199
-9795,3000,163572.133229
-17776,3000,163581.732622
-15788,3000,163591.325773
-23794,3000,163601.040469
-12810,3000,163610.260323
-18820,3000,163619.315841
-20797,3000,163628.51012
-14789,3000,163638.150434
-16788,3000,163647.525106
-15793,3000,163656.947631
-20760,3000,163666.547279
-19779,3000,163675.99993
-15784,3000,163685.568371
-8765,3000,163694.913187
-15765,3000,163704.422366
-14767,3000,163713.833575
-20775,3000,163723.531864
-23817,3000,163732.899249
-14780,3000,163742.435323
-16796,3000,163751.860211
-18781,3000,163761.605166
-23780,3000,163771.100347
-23806,3000,163780.443505
-25793,3000,163790.093683
-9785,3000,163799.384018
-20790,3000,163808.528892
-20770,3000,163818.082888
-19796,3000,163827.808325
-12763,3000,163836.995524
-16756,3000,163846.732656
-27790,3000,163856.250218
-14800,3000,163866.005538
-11765,3000,163875.228116
-20797,3000,163884.622086
-13762,3000,163893.932487
-20777,3000,163903.015647
-20786,3000,163912.54345
-26808,3000,163922.190018
-19776,3000,163931.830571
-25766,3000,163941.424065
-21754,3000,163951.60625
-21790,3000,163960.765243
-16782,3000,163970.703804
-20773,3000,163980.497296
-19796,3000,163990.336774
-18792,3000,164000.207339
-18801,3000,164009.690136
-13804,3000,164019.280402
-13796,3000,164028.997947
-25770,3000,164038.344549
-14788,3000,164048.016561
-15787,3000,164057.679403
-22798,3000,164067.11299
-17790,3000,164076.533042
-21787,3000,164086.116792
-22796,3000,164095.649439
-19808,3000,164104.840535
-11792,3000,164114.102563
-18772,3000,164127.858244
-16786,3000,164137.586636
-15762,3000,164147.180682
-12775,3000,164156.856446
-24743,3000,164166.434908
-15780,3000,164175.965987
-16764,3000,164185.576097
-26797,3000,164195.253229
-23789,3000,164204.746987
-20759,3000,164214.289732
-16828,3000,164223.613591
-19772,3000,164233.273346
-13770,3000,164243.024711
-18819,3000,164252.104158
-22790,3000,164261.626173
-21781,3000,164270.742994
-15778,3000,164280.135989
-27790,3000,164289.57474
-22804,3000,164299.104111
-20770,3000,164308.75267
-13782,3000,164318.075487
-21786,3000,164327.765822
-21767,3000,164337.307406
-21782,3000,164346.856223
-14776,3000,164356.369262
-21805,3000,164365.523257
-25786,3000,164375.248128
-19809,3000,164384.480666
-26822,3000,164393.785448
-28811,3000,164402.919838
-14813,3000,164411.790409
-16807,3000,164420.872018
-16806,3000,164429.716896
-14807,3000,164438.910369
-18780,3000,164448.635281
-21768,3000,164458.756904
-21788,3000,164468.440527
-8802,3000,164478.039886
-17788,3000,164487.68367
-21808,3000,164496.923272
-25803,3000,164506.296986
-18768,3000,164516.330215
-16779,3000,164525.976725
-20808,3000,164535.357089
-16821,3000,164545.175611
-9772,3000,164554.51663
-11778,3000,164564.047798
-24792,3000,164573.568959
-19799,3000,164583.298113
-22788,3000,164593.013184
-16763,3000,164602.827699
-17786,3000,164612.367203
-14773,3000,164622.211405
-18804,3000,164631.660926
-23792,3000,164641.054931
-18794,3000,164650.656612
-23791,3000,164660.591192
-18792,3000,164670.234753
-18808,3000,164679.397274
-15790,3000,164688.656106
-19788,3000,164698.337547
-14769,3000,164708.496268
-13787,3000,164718.155945
-17759,3000,164727.685502
-23792,3000,164736.913798
-16759,3000,164746.951421
-16761,3000,164756.374801
-12794,3000,164769.561212
-12779,3000,164778.918215
-18784,3000,164788.094169
-18769,3000,164797.594519
-13805,3000,164806.71893
-13766,3000,164816.199618
-11780,3000,164825.855136
-14786,3000,164835.005643
-16777,3000,164844.399877
-18760,3000,164854.152669
-19790,3000,164863.883844
-12771,3000,164873.444399
-21781,3000,164883.363421
-14788,3000,164892.946825
-19806,3000,164902.747024
-23783,3000,164912.102926
-29789,3000,164921.828629
-23814,3000,164931.383395
-17778,3000,164940.725292
-22788,3000,164950.433979
-28823,3000,164959.740937
-18780,3000,164969.216712
-18795,3000,164978.291063
-23777,3000,164987.902177
-30768,3000,164997.801581
-19780,3000,165007.059695
-16765,3000,165016.262848
-26785,3000,165026.256285
-10804,3000,165035.27265
-12771,3000,165045.254831
-21835,3000,165054.666107
-17776,3000,165064.16469
-19775,3000,165073.695464
-18801,3000,165083.162304
-14769,3000,165092.618502
-14789,3000,165102.047013
-20784,3000,165111.685602
-19760,3000,165121.708465
-21782,3000,165131.148787
-19801,3000,165140.855006
-11777,3000,165150.434004
-22759,3000,165159.645778
-18794,3000,165169.466948
-20776,3000,165179.024167
-15760,3000,165188.652941
-27792,3000,165198.394451
-28771,3000,165208.232582
-13783,3000,165217.689119
-23784,3000,165227.171826
-15768,3000,165236.536828
-22789,3000,165246.535257
-22782,3000,165256.099881
-12810,3000,165265.406934
-16809,3000,165274.360107
-10775,3000,165283.740857
-16794,3000,165293.047742
-25776,3000,165302.527454
-23783,3000,165312.020386
-20774,3000,165321.806455
-13755,3000,165331.190429
-17771,3000,165341.047475
-16768,3000,165350.52391
-20795,3000,165360.143276
-24776,3000,165369.817076
-23801,3000,165379.639832
-13781,3000,165389.508158
-21769,3000,165403.117692
-16770,3000,165412.764712
-15788,3000,165422.618967
-16786,3000,165431.981847
-13782,3000,165441.638099
-22773,3000,165450.969417
-21771,3000,165460.188455
-22766,3000,165469.781791
-27771,3000,165479.11618
-22806,3000,165488.706553
-19798,3000,165498.292432
-12751,3000,165508.277297
-20775,3000,165517.643933
-13786,3000,165526.772106
-13783,3000,165536.464695
-18789,3000,165545.834457
-13787,3000,165555.280262
-19792,3000,165565.315591
-21797,3000,165575.018297
-23782,3000,165584.428897
-19788,3000,165593.795933
-20791,3000,165603.853273
-20761,3000,165613.464324
-21757,3000,165623.151635
-12777,3000,165632.852874
-21786,3000,165642.332821
-17766,3000,165651.805816
-23784,3000,165661.227932
-16776,3000,165670.772506
-16798,3000,165680.050466
-21801,3000,165689.260246
-21797,3000,165698.322126
-19778,3000,165708.19796
-22806,3000,165717.845898
-17772,3000,165727.589271
-12773,3000,165737.27422
-14790,3000,165746.653097
-14766,3000,165756.316533
-16790,3000,165765.975428
-16788,3000,165775.075596
-14797,3000,165784.41785
-24763,3000,165794.405461
-17805,3000,165803.925711
-18770,3000,165813.528088
-15788,3000,165823.126881
-19782,3000,165832.525984
-16774,3000,165842.252763
-14790,3000,165851.430466
-19773,3000,165860.741938
-25800,3000,165870.010651
-23776,3000,165879.56857
-13775,3000,165889.755632
-18814,3000,165899.448517
-27802,3000,165909.054771
-18787,3000,165918.448808
-17788,3000,165927.361406
-17762,3000,165936.825978
-18809,3000,165945.922607
-17781,3000,165955.899102
-21807,3000,165965.475541
-23786,3000,165975.013861
-19796,3000,165984.970215
-25819,3000,165994.089404
-20806,3000,166003.319971
-19824,3000,166012.84195
-21776,3000,166022.677013
-28766,3000,166032.685342
-12769,3000,166046.592463
-24781,3000,166055.887419
-13799,3000,166064.751301
-11769,3000,166074.589457
-12780,3000,166084.464651
-23804,3000,166093.83066
-13787,3000,166103.444828
-20784,3000,166112.603954
-12779,3000,166121.999667
-28797,3000,166131.796061
-13785,3000,166141.67903
-20769,3000,166151.017535
-14786,3000,166160.713687
-18805,3000,166170.207121
-16786,3000,166179.757744
-14784,3000,166189.336799
-18788,3000,166198.504071
-7792,3000,166208.412991
-16783,3000,166217.924453
-19777,3000,166227.464851
-24805,3000,166236.697534
-10791,3000,166246.05579
-19793,3000,166255.13257
-13795,3000,166264.361775
-12802,3000,166273.782668
-14806,3000,166282.725045
-13774,3000,166292.275396
-14777,3000,166301.777076
-15782,3000,166311.207358
-19800,3000,166320.63149
-23792,3000,166329.819848
-10780,3000,166339.239596
-20780,3000,166349.002218
-22791,3000,166358.649009
-14804,3000,166367.789339
-22799,3000,166377.145143
-28790,3000,166386.882774
-14811,3000,166395.932479
-14773,3000,166405.830498
-15770,3000,166415.078126
-17783,3000,166424.437114
-23807,3000,166433.571977
-16819,3000,166442.87981
-20795,3000,166451.876027
-11777,3000,166461.638758
-22788,3000,166471.033366
-17804,3000,166479.881593
-13770,3000,166489.377107
-17788,3000,166498.844426
-7780,3000,166508.635576
-20787,3000,166518.046855
-18800,3000,166527.191571
-17776,3000,166536.924326
-10757,3000,166546.273921
-17782,3000,166556.169132
-18757,3000,166565.545699
-18783,3000,166575.596146
-21799,3000,166585.003418
-23794,3000,166594.241227
-24793,3000,166603.8987
-20799,3000,166613.388336
-21802,3000,166622.351707
-21765,3000,166631.795008
-16785,3000,166641.018914
-14793,3000,166650.953717
-21777,3000,166660.772062
-19766,3000,166670.380731
-15781,3000,166683.874856
-19791,3000,166693.592187
-20773,3000,166703.044839
-14775,3000,166712.496415
-19819,3000,166721.671684
-15756,3000,166731.488621
-21783,3000,166740.93766
-25808,3000,166750.55274
-15802,3000,166760.143741
-12763,3000,166769.658242
-26795,3000,166779.014035
-22765,3000,166788.475979
-20766,3000,166798.012889
-24769,3000,166807.516148
-19835,3000,166816.419953
-19778,3000,166825.589442
-17764,3000,166834.917489
-10780,3000,166844.923118
-10785,3000,166854.314526
-12789,3000,166863.829596
-26807,3000,166873.407593
-25792,3000,166882.582713
-19819,3000,166891.979253
-21789,3000,166901.863254
-17807,3000,166910.967587
-15789,3000,166920.099271
-18781,3000,166929.137167
-23811,3000,166938.614379
-19761,3000,166948.280212
-19775,3000,166957.841783
-16754,3000,166968.219251
-14780,3000,166977.767898
-23791,3000,166986.908514
-19764,3000,166996.127834
-25783,3000,167005.347326
-19785,3000,167014.547868
-24793,3000,167024.303084
-17782,3000,167034.251929
-15787,3000,167043.986425
-13766,3000,167053.654477
-15765,3000,167063.141778
-22789,3000,167072.416787
-13808,3000,167081.579267
-20796,3000,167090.823887
-14763,3000,167100.324928
-21772,3000,167110.36197
-26812,3000,167119.992886
-19807,3000,167128.99042
-20778,3000,167138.701064
-17789,3000,167148.396279
-22799,3000,167157.717327
-12786,3000,167166.938628
-18794,3000,167176.666484
-11785,3000,167186.139587
-15795,3000,167195.784608
-18772,3000,167205.478567
-12779,3000,167214.960388
-19800,3000,167224.782651
-17793,3000,167233.978298
-11780,3000,167243.838565
-17803,3000,167252.95106
-15802,3000,167262.476179
-18810,3000,167271.929902
-14791,3000,167281.567515
-14763,3000,167291.015355
-12783,3000,167300.794519
-17799,3000,167314.033544
-14780,3000,167323.856252
-14785,3000,167333.27647
-13782,3000,167342.933235
-20785,3000,167352.755182
-14783,3000,167362.102531
-11825,3000,167371.108619
-13779,3000,167380.211155
-23802,3000,167389.915136
-14790,3000,167399.507941
-8760,3000,167409.148602
-17792,3000,167418.528604
-21776,3000,167428.333754
-9764,3000,167437.759404
-19764,3000,167447.651449
-15822,3000,167457.34088
-24767,3000,167467.236789
-10791,3000,167476.659316
-18782,3000,167486.154933
-12791,3000,167496.229239
-13771,3000,167506.120625
-14782,3000,167515.898956
-20766,3000,167525.846058
-21791,3000,167535.493018
-13773,3000,167545.175597
-18778,3000,167556.001862
-10795,3000,167566.310482
-16781,3000,167576.659149
-14796,3000,167586.901293
-23788,3000,167597.045144
-14787,3000,167607.31583
-26771,3000,167617.683523
-13787,3000,167627.736242
-21774,3000,167637.915029
-15783,3000,167648.04804
-19816,3000,167658.540618
-22788,3000,167669.390124
-22808,3000,167680.066492
-22766,3000,167691.303536
-18780,3000,167702.517634
-13802,3000,167713.827566
-28781,3000,167725.628348
-20792,3000,167737.349686
-20817,3000,167749.434164
-16768,3000,167761.910675
-17795,3000,167774.485774
-24792,3000,167787.261285
-17800,3000,167799.08929
-19788,3000,167811.92092
-17783,3000,167824.407007
-21792,3000,167836.96465
-23792,3000,167849.746517
-12775,3000,167863.659518
-18807,3000,167876.80052
-10791,3000,167889.263754
-12761,3000,167902.246111
-14773,3000,167915.897843
-15790,3000,167929.616969
-17790,3000,167943.499627
-16806,3000,167957.504642
-18814,3000,167971.633272
-23779,3000,167984.952874
-21795,3000,167998.072738
-10780,3000,168011.608246
-9781,3000,168024.637941
-18804,3000,168037.143349
-14766,3000,168050.637937
-15772,3000,168070.00053
-22789,3000,168083.756619
-11759,3000,168097.299784
-22785,3000,168111.063545
-21799,3000,168124.466139
-22809,3000,168137.873154
-22794,3000,168151.130716
-24802,3000,168164.309047
-23767,3000,168177.881196
-17762,3000,168191.330479
-13764,3000,168204.947321
-19792,3000,168218.311443
-13788,3000,168231.776934
-33791,3000,168245.509609
-12811,3000,168258.114933
-9778,3000,168272.026633
-14796,3000,168284.963548
-12792,3000,168298.691016
-19794,3000,168312.096414
-20769,3000,168325.527776
-23763,3000,168338.902523
-24790,3000,168352.091087
-18781,3000,168365.327081
-23781,3000,168378.634109
-15750,3000,168392.700832
-19789,3000,168404.950968
-19752,3000,168417.552619
-23769,3000,168430.780467
-15755,3000,168443.842334
-25764,3000,168456.517948
-16801,3000,168469.566313
-18783,3000,168482.054011
-23791,3000,168494.468359
-21781,3000,168507.035853
-15755,3000,168520.039285
-11780,3000,168532.714266
-23798,3000,168545.000279
-13809,3000,168557.800826
-29805,3000,168570.146535
-23774,3000,168583.551831
-11810,3000,168595.485433
-15749,3000,168608.790644
-20792,3000,168620.787442
-19776,3000,168634.190884
-16766,3000,168647.210219
-18787,3000,168659.898916
-18810,3000,168672.035937
-12802,3000,168684.653806
-24803,3000,168697.511593
-22800,3000,168709.761938
-22770,3000,168722.302211
-17783,3000,168735.698217
-17798,3000,168748.507351
-14766,3000,168761.563657
-19758,3000,168774.413971
-15815,3000,168787.086335
-20757,3000,168800.439774
-14787,3000,168813.245549
-16782,3000,168825.650502
-23793,3000,168838.345669
-18774,3000,168851.438716
-17777,3000,168863.53036
-20808,3000,168875.960435
-21786,3000,168888.263719
-21786,3000,168901.827973
-11803,3000,168914.301799
-21786,3000,168927.162468
-13787,3000,168946.143486
-17765,3000,168958.939368
-19796,3000,168971.598765
-19769,3000,168983.527385
-18809,3000,168995.849809
-20774,3000,169008.401167
-11766,3000,169021.722605
-11764,3000,169035.284764
-20793,3000,169047.401871
-13797,3000,169060.112352
-18785,3000,169072.867041
-22780,3000,169085.399255
-14789,3000,169097.712488
-26781,3000,169110.320154
-21780,3000,169123.065604
-21787,3000,169134.872672
-16805,3000,169147.153273
-13762,3000,169159.930097
-15760,3000,169173.043952
-15764,3000,169185.521265
-9757,3000,169198.366776
-14778,3000,169210.280436
-16762,3000,169222.993092
-20792,3000,169235.834771
-11765,3000,169248.168959
-15767,3000,169261.02036
-18788,3000,169273.434719
-18789,3000,169285.651775
-17799,3000,169298.179326
-15744,3000,169310.922262
-10756,3000,169323.919943
-14783,3000,169336.582643
-13754,3000,169349.937315
-19789,3000,169363.10386
-16777,3000,169376.696475
-19806,3000,169389.318393
-18802,3000,169401.204541
-14784,3000,169414.038855
-16773,3000,169426.456363
-12778,3000,169438.761059
-19777,3000,169451.274413
-20802,3000,169464.426961
-18782,3000,169476.95644
-19797,3000,169489.484273
-17766,3000,169502.887206
-19817,3000,169515.180899
-11788,3000,169527.700624
-10766,3000,169540.653548
-14806,3000,169553.600537
-19788,3000,169566.755111
-12781,3000,169580.220853
-19796,3000,169592.848966
-17806,3000,169605.89987
-16792,3000,169618.303731
-18770,3000,169631.044826
-17782,3000,169643.679314
-14784,3000,169656.004024
-15789,3000,169668.44475
-24760,3000,169681.003933
-12753,3000,169693.448553
-19785,3000,169706.254933
-15791,3000,169718.244234
-23799,3000,169730.8479
-14781,3000,169743.45166
-18802,3000,169756.206567
-25787,3000,169768.862381
-21787,3000,169787.257408
-16786,3000,169799.910889
-15797,3000,169812.917474
-21807,3000,169826.143368
-17757,3000,169838.936979
-17819,3000,169851.311631
-25808,3000,169864.242177
-24765,3000,169876.667502
-17788,3000,169889.10362
-15779,3000,169902.209768
-24809,3000,169914.079807
-25807,3000,169926.113132
-11787,3000,169939.200055
-7789,3000,169950.928765
-13798,3000,169964.049411
-14761,3000,169977.667243
-24762,3000,169990.267823
-24818,3000,170002.966864
-17770,3000,170015.868106
-12795,3000,170027.951838
-14796,3000,170040.538851
-13792,3000,170053.242879
-15795,3000,170065.64165
-18779,3000,170077.421374
-16790,3000,170089.930181
-22770,3000,170102.712246
-21787,3000,170115.072337
-13783,3000,170127.665744
-18784,3000,170140.653189
-25798,3000,170153.573932
-12786,3000,170166.357744
-12777,3000,170178.765563
-25808,3000,170190.757987
-19750,3000,170203.557756
-14803,3000,170215.85715
-17763,3000,170229.355288
-18788,3000,170241.88119
-16791,3000,170254.382046
-21805,3000,170266.698964
-19775,3000,170279.195219
-12770,3000,170292.154928
-8768,3000,170304.987125
-10781,3000,170318.237005
-20784,3000,170331.246877
-16809,3000,170343.717026
-17800,3000,170356.08022
-15775,3000,170368.98753
-19794,3000,170381.508416
-28776,3000,170394.510036
-9781,3000,170407.412992
-20774,3000,170420.022983
-16769,3000,170433.463909
-22778,3000,170446.107596
-16783,3000,170459.142276
-19789,3000,170471.643337
-23781,3000,170484.633171
-23750,3000,170497.926589
-14752,3000,170511.591346
-12773,3000,170524.037945
-22781,3000,170537.183154
-25812,3000,170549.465559
-15768,3000,170562.137029
-22768,3000,170575.456154
-17767,3000,170588.536877
-15779,3000,170601.363957
-21771,3000,170614.258033
-19786,3000,170626.705377
-19785,3000,170645.609489
-12798,3000,170657.82849
-24777,3000,170670.934235
-21772,3000,170683.68616
-18803,3000,170695.913905
-18756,3000,170709.032162
-18813,3000,170721.455536
-19816,3000,170733.940576
-16777,3000,170747.020023
-14769,3000,170758.914534
-21791,3000,170771.445132
-26762,3000,170784.616366
-19798,3000,170796.595462
-26778,3000,170809.68317
-16809,3000,170822.177922
-24759,3000,170834.426965
-17772,3000,170847.655914
-19772,3000,170859.937416
-11765,3000,170871.875612
-21789,3000,170883.742015
-21790,3000,170896.328199
-23795,3000,170909.180411
-17781,3000,170922.10702
-16766,3000,170934.748688
-12776,3000,170947.299697
-17795,3000,170960.091287
-16737,3000,170972.632161
-22782,3000,170985.544916
-21794,3000,170998.280806
-18752,3000,171011.427946
-11777,3000,171024.68755
-30818,3000,171037.342006
-15782,3000,171050.155353
-15790,3000,171062.546502
-19786,3000,171075.4269
-24812,3000,171088.035904
-22828,3000,171100.238741
-15764,3000,171113.332895
-25803,3000,171125.398282
-20813,3000,171137.877198
-24794,3000,171150.613377
-23816,3000,171163.163266
-14780,3000,171175.631899
-22782,3000,171188.070555
-23796,3000,171200.163072
-21779,3000,171212.80342
-21784,3000,171225.692672
-10753,3000,171238.252386
-17812,3000,171250.405721
-26788,3000,171263.39447
-23818,3000,171275.926173
-21765,3000,171288.449932
-12786,3000,171301.081604
-21795,3000,171313.419117
-19767,3000,171326.181052
-15779,3000,171338.991679
-19786,3000,171351.524278
-15765,3000,171364.164765
-19790,3000,171377.167904
-26766,3000,171389.809176
-9771,3000,171402.450407
-19794,3000,171414.987199
-15759,3000,171427.59495
-19788,3000,171440.251229
-16777,3000,171453.260951
-21764,3000,171466.107455
-18794,3000,171478.658529
-18782,3000,171496.541749
-19782,3000,171509.430779
-28809,3000,171522.13843
-19772,3000,171534.812508
-18771,3000,171546.989268
-20793,3000,171558.828814
-15812,3000,171571.254457
-14760,3000,171584.477383
-20783,3000,171596.782954
-19790,3000,171609.626431
-15779,3000,171622.945713
-24756,3000,171635.666614
-19793,3000,171648.116858
-24787,3000,171661.17392
-23774,3000,171673.675219
-25772,3000,171687.091963
-26832,3000,171699.05928
-19814,3000,171710.696355
-21770,3000,171723.593792
-29806,3000,171736.19053
-21797,3000,171748.478347
-19785,3000,171760.209223
-19806,3000,171772.000003
-15774,3000,171784.804774
-20800,3000,171797.179422
-23776,3000,171809.489717
-26781,3000,171822.3803
-13803,3000,171834.415106
-21778,3000,171847.361136
-22786,3000,171860.586645
-16798,3000,171872.701727
-18816,3000,171884.463634
-19783,3000,171896.678885
-20786,3000,171909.580334
-14787,3000,171922.201717
-23798,3000,171935.235609
-16781,3000,171947.483677
-26750,3000,171960.645854
-12804,3000,171973.293346
-14784,3000,171986.360261
-18792,3000,171999.217346
-13776,3000,172011.25602
-19765,3000,172023.532683
-17794,3000,172036.057323
-15755,3000,172049.218689
-22796,3000,172061.856773
-17775,3000,172074.446195
-11774,3000,172087.018653
-16801,3000,172099.765393
-18776,3000,172112.411836
-10807,3000,172124.277218
-16762,3000,172137.111562
-17782,3000,172150.167002
-17777,3000,172162.526562
-17787,3000,172175.499632
-18779,3000,172187.762468
-16752,3000,172200.669949
-11802,3000,172212.867423
-18811,3000,172224.784829
-29813,3000,172236.933873
-16798,3000,172250.231762
-8768,3000,172263.78502
-10778,3000,172276.72117
-21776,3000,172289.790884
-25768,3000,172302.534557
-26758,3000,172315.800491
-18783,3000,172335.349912
-12775,3000,172348.826333
-13776,3000,172361.741599
-19784,3000,172375.148322
-19785,3000,172388.111392
-22770,3000,172401.092025
-16757,3000,172414.434452
-14817,3000,172427.471685
-18786,3000,172440.682934
-17792,3000,172453.353077
-19768,3000,172466.473319
-19803,3000,172479.318983
-12777,3000,172492.212049
-21780,3000,172505.305022
-21754,3000,172519.872788
-16772,3000,172533.698711
-26801,3000,172547.234065
-16785,3000,172560.225462
-15773,3000,172573.055738
-14762,3000,172586.071471
-15776,3000,172598.495208
-14811,3000,172612.134049
-21769,3000,172626.0012
-20812,3000,172639.277909
-18798,3000,172652.265034
-12778,3000,172664.790575
-16756,3000,172678.749627
-20784,3000,172692.127988
-16769,3000,172705.528586
-11780,3000,172718.388202
-20818,3000,172731.189451
-13794,3000,172744.036683
-17764,3000,172757.056492
-22772,3000,172770.194634
-9810,3000,172783.660793
-21807,3000,172796.404787
-15764,3000,172809.830679
-14779,3000,172822.048425
-16782,3000,172834.889051
-20783,3000,172848.054198
-25799,3000,172860.93738
-20794,3000,172873.813222
-14772,3000,172886.536566
-19763,3000,172899.530184
-16761,3000,172912.050386
-29812,3000,172925.159208
-21783,3000,172938.576526
-13806,3000,172951.980958
-16772,3000,172964.874573
-18778,3000,172978.206236
-18747,3000,172991.45258
-17799,3000,173004.824065
-8771,3000,173018.078149
-21800,3000,173031.36671
-18756,3000,173044.325552
-18792,3000,173057.679058
-21783,3000,173070.183645
-21799,3000,173083.165178
-13756,3000,173096.394347
-22764,3000,173109.722829
-20773,3000,173122.7916
-19795,3000,173135.341632
-13781,3000,173148.038587
-11785,3000,173160.49745
-25785,3000,173173.285902
-17773,3000,173186.391754
-16782,3000,173199.307208
-16743,3000,173217.895458
-12785,3000,173230.802766
-22760,3000,173243.218599
-22767,3000,173256.069586
-9776,3000,173269.067189
-13785,3000,173281.810383
-23785,3000,173294.346884
-23773,3000,173307.573711
-14748,3000,173320.330513
-16759,3000,173333.976095
-15763,3000,173347.609268
-19767,3000,173360.680546
-19781,3000,173373.103117
-10786,3000,173385.583697
-14823,3000,173398.353755
-25757,3000,173410.893519
-18780,3000,173423.68186
-16792,3000,173435.762079
-21789,3000,173448.12343
-22782,3000,173460.843432
-14772,3000,173474.297323
-14792,3000,173487.640476
-20750,3000,173500.692859
-18766,3000,173513.044188
-22807,3000,173525.037683
-10801,3000,173537.459651
-13757,3000,173550.333259
-18757,3000,173563.113236
-20780,3000,173575.899668
-11747,3000,173588.949934
-23803,3000,173601.759824
-16789,3000,173614.834408
-19784,3000,173627.086078
-18783,3000,173640.317824
-16776,3000,173652.888347
-13787,3000,173665.94025
-12801,3000,173678.180184
-28779,3000,173691.018881
-20794,3000,173703.324908
-24778,3000,173715.725319
-17779,3000,173728.508824
-19795,3000,173740.637081
-9797,3000,173753.63462
-17765,3000,173766.135401
-17805,3000,173778.487769
-20775,3000,173790.766879
-20784,3000,173803.868903
-22771,3000,173816.850671
-17804,3000,173829.771223
-20784,3000,173842.410086
-22749,3000,173855.246819
-12812,3000,173867.488236
-21783,3000,173880.031233
-10770,3000,173892.771339
-12787,3000,173906.247583
-15783,3000,173918.49011
-10756,3000,173931.441351
-13750,3000,173944.599302
-26754,3000,173957.490254
-15767,3000,173969.722489
-15795,3000,173982.122519
-19778,3000,173994.851526
-10752,3000,174008.499225
-12788,3000,174021.117795
-15754,3000,174033.943658
-17785,3000,174046.152733
-18788,3000,174058.84037
-23781,3000,174076.268217
-25763,3000,174089.770222
-16781,3000,174102.235779
-15759,3000,174114.939329
-13799,3000,174126.748358
-19771,3000,174139.662833
-16775,3000,174152.515834
-18783,3000,174165.449764
-15768,3000,174178.555983
-10785,3000,174191.597742
-19802,3000,174204.00423
-24789,3000,174216.352301
-17752,3000,174228.730184
-15804,3000,174241.657798
-14776,3000,174253.38448
-9778,3000,174265.872223
-18779,3000,174278.807356
-11772,3000,174291.591737
-17754,3000,174304.10803
-15775,3000,174316.540107
-12804,3000,174328.790544
-18791,3000,174341.672688
-15800,3000,174354.251966
-12765,3000,174367.536012
-18764,3000,174381.461827
-13788,3000,174394.666229
-20793,3000,174407.714308
-22800,3000,174420.445535
-18769,3000,174433.417207
-23780,3000,174446.562507
-12779,3000,174459.441724
-23800,3000,174473.078122
-13770,3000,174485.996552
-26787,3000,174498.158648
-25781,3000,174510.133498
-26788,3000,174522.389436
-22776,3000,174535.422375
-20766,3000,174548.443732
-21797,3000,174561.268325
-13771,3000,174574.168409
-19769,3000,174587.432848
-12789,3000,174600.05815
-14779,3000,174611.618439
-18767,3000,174624.434194
-12781,3000,174637.938398
-17765,3000,174650.696402
-20785,3000,174663.319343
-22798,3000,174676.997162
-29754,3000,174690.228857
-24745,3000,174703.488829
-24797,3000,174715.572536
-23775,3000,174728.292992
-13772,3000,174741.077272
-20769,3000,174753.970006
-13750,3000,174767.504947
-25819,3000,174780.215194
-14782,3000,174793.415975
-11777,3000,174806.642712
-15807,3000,174819.409123
-18799,3000,174832.330518
-14825,3000,174844.463632
-18754,3000,174856.698763
-22775,3000,174869.966514
-18775,3000,174882.734444
-8784,3000,174895.416048
-22784,3000,174908.342109
-15767,3000,174927.34821
-20789,3000,174940.495448
-16763,3000,174952.378357
-15755,3000,174965.480385
-15807,3000,174977.729271
-17751,3000,174990.725002
-12789,3000,175003.330907
-23789,3000,175016.353206
-14759,3000,175029.676202
-11770,3000,175042.473752
-15756,3000,175056.58084
-14765,3000,175069.724466
-15768,3000,175083.51266
-14765,3000,175097.52032
-20787,3000,175110.110595
-16796,3000,175122.101043
-16766,3000,175134.490263
-19788,3000,175147.046455
-17773,3000,175159.323254
-19764,3000,175171.943048
-14769,3000,175183.78131
-21796,3000,175196.251805
-13800,3000,175208.83981
-19784,3000,175220.886791
-28773,3000,175233.363384
-18780,3000,175245.507799
-19780,3000,175257.717616
-19753,3000,175270.790573
-21760,3000,175283.397186
-17788,3000,175295.555943
-18806,3000,175307.564082
-16787,3000,175318.902662
-15787,3000,175330.462927
-18759,3000,175342.683617
-16786,3000,175354.079801
-14778,3000,175366.479342
-9774,3000,175379.314898
-23800,3000,175392.21818
-10768,3000,175404.138562
-14778,3000,175416.498604
-18780,3000,175428.320761
-19771,3000,175441.089574
-13766,3000,175453.528873
-16750,3000,175465.613801
-16793,3000,175477.38641
-26774,3000,175490.469227
-12796,3000,175502.006476
-19764,3000,175513.843441
-18779,3000,175525.427333
-15746,3000,175537.229909
-24753,3000,175549.81029
-26772,3000,175561.180812
-19769,3000,175573.292766
-27775,3000,175585.453269
-14769,3000,175596.729406
-16774,3000,175608.960459
-20767,3000,175619.987044
-14772,3000,175632.355382
-6767,3000,175644.359597
-20774,3000,175656.980712
-19761,3000,175669.034355
-19797,3000,175680.816496
-18783,3000,175692.385679
-15769,3000,175704.404347
-15790,3000,175716.618042
-16726,3000,175729.941097
-18780,3000,175742.292904
-15759,3000,175760.010211
-18780,3000,175772.121639
-17787,3000,175784.732932
-22744,3000,175796.85393
-19800,3000,175808.86857
-15766,3000,175820.835759
-19756,3000,175834.152897
-23777,3000,175846.290257
-15796,3000,175858.878855
-29797,3000,175870.590616
-16768,3000,175882.966043
-24784,3000,175895.623225
-15799,3000,175907.553946
-16776,3000,175919.693791
-30783,3000,175932.060571
-18832,3000,175943.976082
-23750,3000,175955.703444
-16786,3000,175967.788514
-17778,3000,175979.457314
-22772,3000,175991.456839
-19741,3000,176003.954843
-6798,3000,176015.798686
-19776,3000,176026.963714
-17755,3000,176039.066542
-16763,3000,176051.324538
-15762,3000,176064.046578
-15764,3000,176076.236478
-14770,3000,176088.299596
-30785,3000,176100.588643
-17764,3000,176112.961555
-24781,3000,176125.086519
-22767,3000,176137.296935
-18776,3000,176149.806021
-18767,3000,176162.47318
-18816,3000,176174.976053
-19776,3000,176186.817479
-29787,3000,176201.020799
-26769,3000,176213.834154
-20805,3000,176225.871527
-12781,3000,176238.311422
-14766,3000,176250.900998
-15765,3000,176263.211606
-13760,3000,176275.831455
-11766,3000,176287.981888
-23764,3000,176300.727893
-14763,3000,176313.559873
-24793,3000,176326.332024
-24791,3000,176339.072645
-11761,3000,176351.147062
-17743,3000,176363.680098
-16793,3000,176376.017788
-17767,3000,176387.242473
-14788,3000,176399.23026
-12766,3000,176411.829599
-10754,3000,176424.466556
-25782,3000,176437.357315
-18750,3000,176450.390001
-29749,3000,176463.345959
-21787,3000,176475.87724
-14780,3000,176488.143051
-21770,3000,176500.479113
-21755,3000,176512.86474
-23777,3000,176524.650362
-14779,3000,176536.756786
-14749,3000,176549.470676
-20777,3000,176561.372757
-13795,3000,176572.838663
-23777,3000,176589.590269
-14779,3000,176601.833841
-6797,3000,176613.787015
-17765,3000,176626.895427
-16758,3000,176639.128025
-12776,3000,176650.954497
-23777,3000,176663.081212
-16779,3000,176674.914336
-9777,3000,176687.368658
-20754,3000,176700.804763
-15771,3000,176713.521724
-18784,3000,176725.859611
-17760,3000,176738.745425
-16778,3000,176750.839327
-24793,3000,176763.865516
-9760,3000,176776.575968
-21778,3000,176789.765028
-20771,3000,176802.79518
-22786,3000,176815.77456
-22769,3000,176828.735562
-22758,3000,176840.898631
-23812,3000,176853.331661
-10776,3000,176865.796724
-18768,3000,176878.24596
-18740,3000,176890.325475
-14746,3000,176902.115349
-18793,3000,176914.284206
-19778,3000,176926.165125
-18799,3000,176938.733715
-17767,3000,176950.821979
-14779,3000,176962.824373
-20752,3000,176975.377661
-15764,3000,176987.654965
-19757,3000,177000.481948
-14774,3000,177013.006559
-21772,3000,177024.726626
-15747,3000,177037.111052
-20756,3000,177049.157442
-16778,3000,177061.699637
-26767,3000,177073.446933
-10757,3000,177085.413613
-14791,3000,177097.580712
-12752,3000,177109.374162
-15765,3000,177121.799643
-15780,3000,177134.993321
-14773,3000,177147.255092
-16776,3000,177159.237904
-19771,3000,177170.880193
-14789,3000,177182.715096
-17776,3000,177194.763285
-18759,3000,177206.927874
-19759,3000,177219.322609
-10793,3000,177231.104599
-16805,3000,177242.87298
-21818,3000,177254.104799
-23764,3000,177266.584485
-20778,3000,177278.962579
-14763,3000,177291.19065
-10770,3000,177303.760476
-18768,3000,177315.038987
-14769,3000,177326.749125
-15781,3000,177338.150019
-21770,3000,177350.231639
-17765,3000,177362.20324
-10762,3000,177373.993212
-20771,3000,177386.154185
-10750,3000,177403.746451
-15786,3000,177415.481858
-21778,3000,177428.014222
-14760,3000,177440.630011
-18779,3000,177452.973633
-15758,3000,177465.875361
-23776,3000,177478.687489
-22764,3000,177491.680221
-20754,3000,177503.996982
-17748,3000,177516.985078
-9769,3000,177529.992979
-11782,3000,177542.123043
-18773,3000,177554.354463
-18808,3000,177566.452401
-11771,3000,177578.731074
-26780,3000,177590.365578
-15794,3000,177603.210721
-16773,3000,177615.379664
-15758,3000,177627.496556
-15777,3000,177639.643523
-16750,3000,177652.434253
-21810,3000,177664.862948
-20754,3000,177677.53211
-15812,3000,177690.022564
-17761,3000,177702.591365
-15775,3000,177715.103829
-11778,3000,177727.997149
-15802,3000,177740.288413
-13795,3000,177753.022239
-15754,3000,177765.81846
-15746,3000,177778.768335
-21756,3000,177791.008474
-23768,3000,177803.573907
-20758,3000,177815.52921
-22752,3000,177828.257763
-20799,3000,177840.197156
-21769,3000,177851.757334
-27791,3000,177864.012138
-17781,3000,177876.686293
-16779,3000,177888.511246
-19771,3000,177901.612893
-19790,3000,177913.56867
-11768,3000,177925.466222
-17781,3000,177937.794332
-19766,3000,177950.57274
-23753,3000,177963.357243
-18760,3000,177976.449261
-13739,3000,177989.702675
-14765,3000,178001.303855
-12805,3000,178013.072015
-11770,3000,178024.931443
-12793,3000,178037.169755
-29752,3000,178049.999294
-15771,3000,178062.18405
-15765,3000,178074.046767
-21759,3000,178086.423021
-25777,3000,178098.44299
-14757,3000,178111.050195
-19736,3000,178122.967201
-21791,3000,178134.942999
-16756,3000,178147.077021
-22743,3000,178158.911365
-18772,3000,178171.441838
-19762,3000,178183.430376
-15767,3000,178195.915745
-14756,3000,178207.703088
-19779,3000,178219.808427
-20774,3000,178237.266948
-23756,3000,178250.321251
-21781,3000,178262.549423
-12785,3000,178275.564907
-9773,3000,178288.15405
-17777,3000,178300.174702
-8746,3000,178312.636599
-20797,3000,178324.648775
-14755,3000,178336.295
-30797,3000,178348.579461
-22765,3000,178360.196105
-17773,3000,178372.651054
-15778,3000,178384.632485
-12754,3000,178396.805763
-15767,3000,178408.585053
-16771,3000,178420.68856
-19815,3000,178432.765778
-14755,3000,178444.692065
-14784,3000,178456.202308
-27780,3000,178468.016659
-22778,3000,178480.012719
-18751,3000,178491.931072
-17758,3000,178504.239037
-14777,3000,178516.64339
-19782,3000,178528.934838
-16786,3000,178540.979385
-10763,3000,178552.535329
-19786,3000,178564.364423
-18758,3000,178576.579303
-25783,3000,178587.758806
-12773,3000,178599.588671
-16775,3000,178611.194325
-15771,3000,178623.30396
-27790,3000,178636.102881
-12745,3000,178648.428542
-19790,3000,178660.669535
-13769,3000,178672.441518
-18793,3000,178684.348482
-16766,3000,178695.39874
-16762,3000,178707.28253
-13775,3000,178718.527786
-20762,3000,178730.999367
-13750,3000,178743.493261
-20787,3000,178755.106718
-14785,3000,178767.000397
-12787,3000,178778.851999
-14755,3000,178790.753381
-16766,3000,178802.977571
-20754,3000,178815.859421
-21803,3000,178827.998202
-20791,3000,178840.103643
-14759,3000,178852.498111
-23746,3000,178864.919245
-26779,3000,178877.359733
-13764,3000,178889.625862
-21777,3000,178901.881667
-17760,3000,178913.889823
-24752,3000,178926.420024
-14762,3000,178938.287632
-17790,3000,178950.565244
-20766,3000,178963.088016
-12750,3000,178975.829013
-19773,3000,178988.319321
-13766,3000,179000.485957
-24777,3000,179012.607287
-22726,3000,179025.193423
-15781,3000,179037.709784
-18772,3000,179054.406865
-19788,3000,179066.751568
-15753,3000,179079.130476
-22777,3000,179091.65788
-16799,3000,179103.559691
-16775,3000,179114.859045
-20779,3000,179127.567355
-16814,3000,179139.968189
-13758,3000,179152.65086
-12783,3000,179164.579746
-16759,3000,179176.389367
-18766,3000,179188.463766
-27765,3000,179201.202322
-19774,3000,179213.073064
-28748,3000,179226.081303
-20779,3000,179238.897622
-15792,3000,179250.439552
-20784,3000,179262.167891
-11765,3000,179274.327727
-21797,3000,179286.443302
-23767,3000,179298.408095
-21756,3000,179310.905707
-15751,3000,179323.506867
-22774,3000,179334.889153
-24789,3000,179346.810812
-26791,3000,179358.729118
-13759,3000,179370.822897
-21777,3000,179382.857695
-20778,3000,179394.938298
-12761,3000,179407.368168
-15763,3000,179420.028062
-27777,3000,179432.219139
-8750,3000,179444.734181
-19758,3000,179456.612232
-21772,3000,179468.844632
-23815,3000,179480.105576
-21780,3000,179491.894072
-10753,3000,179504.137018
-16766,3000,179517.059714
-15749,3000,179529.799715
-18770,3000,179541.884289
-20770,3000,179553.28696
-24776,3000,179565.681191
-20784,3000,179578.022466
-15756,3000,179590.636198
-10768,3000,179603.121135
-18748,3000,179615.971427
-23742,3000,179628.049676
-19766,3000,179639.872067
-21754,3000,179652.362444
-21783,3000,179665.337559
-19767,3000,179678.114892
-21751,3000,179690.320135
-15757,3000,179702.2095
-19776,3000,179714.357277
-18778,3000,179727.074242
-11765,3000,179740.128345
-23766,3000,179752.454943
-17717,3000,179764.665282
-14772,3000,179776.705993
-17786,3000,179787.566341
-17805,3000,179799.00579
-20744,3000,179811.91346
-16750,3000,179823.424587
-5739,3000,179836.097002
-17776,3000,179847.931598
-22774,3000,179866.157146
-23775,3000,179878.65745
-19761,3000,179889.789305
-22745,3000,179902.038699
-10788,3000,179914.101879
-16738,3000,179926.124226
-22787,3000,179937.168826
-23781,3000,179949.094177
-16769,3000,179961.641356
-24773,3000,179974.029716
-17756,3000,179986.011571
-16836,3000,179997.815092
-22755,3000,180009.885271
-25798,3000,180021.647919
-22771,3000,180034.121969
-25772,3000,180046.589074
-21752,3000,180058.659757
-12790,3000,180070.558775
-22782,3000,180083.091675
-12746,3000,180095.359036
-22776,3000,180107.713746
-8768,3000,180119.429645
-13763,3000,180132.283472
-20776,3000,180144.850008
-16786,3000,180156.712319
-13738,3000,180169.688091
-11773,3000,180181.413852
-28781,3000,180193.25134
-25752,3000,180205.402719
-14804,3000,180217.79571
-19776,3000,180229.944592
-20765,3000,180241.814874
-15750,3000,180254.456267
-17768,3000,180266.587554
-10759,3000,180278.511633
-11741,3000,180290.395568
-17798,3000,180301.514531
-16765,3000,180313.872827
-18774,3000,180326.612721
-22806,3000,180337.999561
-17759,3000,180350.022843
-26781,3000,180361.655705
-27790,3000,180373.501331
-21771,3000,180385.619696
-16771,3000,180397.534635
-22791,3000,180410.052351
-12775,3000,180422.261654
-16778,3000,180434.532563
-16802,3000,180446.680378
-17756,3000,180459.301641
-9774,3000,180471.192727
-16750,3000,180483.704649
-16785,3000,180495.510185
-21796,3000,180508.14796
-20759,3000,180520.91612
-20755,3000,180533.018477
-16787,3000,180545.602327
-23794,3000,180557.504322
-25767,3000,180569.492417
-30753,3000,180581.786511
-26802,3000,180593.715767
-8764,3000,180605.860292
-18779,3000,180618.407004
-20772,3000,180631.26991
-7776,3000,180643.352429
-17829,3000,180655.062295
-9787,3000,180667.366169
-11737,3000,180684.789522
-22766,3000,180697.20158
-22740,3000,180710.283488
-19749,3000,180721.842892
-15742,3000,180734.356503
-17769,3000,180746.888227
-16750,3000,180758.655516
-11774,3000,180770.767517
-14765,3000,180783.024747
-27789,3000,180794.99906
-9734,3000,180806.9793
-19782,3000,180819.362541
-21750,3000,180830.83902
-11766,3000,180842.730186
-24784,3000,180854.923766
-24751,3000,180867.125479
-14804,3000,180879.251457
-16756,3000,180891.339583
-18762,3000,180903.758003
-15755,3000,180915.884014
-16785,3000,180927.986292
-12758,3000,180940.723064
-21778,3000,180952.968187
-13762,3000,180965.352677
-21779,3000,180978.508712
-17782,3000,180991.355048
-25757,3000,181004.033941
-17809,3000,181016.169875
-15750,3000,181028.62708
-7746,3000,181041.532893
-16766,3000,181054.247511
-18738,3000,181066.693904
-16730,3000,181079.181467
-14772,3000,181091.709203
-18768,3000,181103.949145
-14785,3000,181116.072193
-18760,3000,181128.209017
-16780,3000,181141.068133
-12749,3000,181152.901562
-17777,3000,181164.781045
-16767,3000,181175.8055
-14739,3000,181188.217141
-17752,3000,181200.445895
-20803,3000,181211.442815
-22775,3000,181223.860613
-25767,3000,181236.445864
-25764,3000,181248.30215
-17766,3000,181260.456825
-19758,3000,181272.236793
-17746,3000,181284.496124
-20741,3000,181296.680484
-13778,3000,181308.711843
-16760,3000,181321.297471
-10781,3000,181333.378644
-15788,3000,181345.083436
-19769,3000,181357.134774
-24761,3000,181368.886662
-17754,3000,181381.237478
-14761,3000,181393.555555
-19776,3000,181406.097699
-19774,3000,181418.718077
-10765,3000,181430.326401
-10764,3000,181442.829068
-23790,3000,181455.150115
-17774,3000,181467.167463
-15776,3000,181479.534158
-21782,3000,181490.615693
-14781,3000,181507.196408
-16787,3000,181518.853804
-12787,3000,181530.426151
-12766,3000,181543.202337
-28768,3000,181555.587659
-24744,3000,181567.78773
-17779,3000,181579.695049
-22715,3000,181592.522679
-22787,3000,181604.881587
-25764,3000,181617.534157
-16749,3000,181630.442827
-14756,3000,181642.18032
-18770,3000,181654.420601
-22752,3000,181666.546873
-21786,3000,181678.844754
-16730,3000,181690.952682
-15780,3000,181702.478631
-15792,3000,181714.252148
-20766,3000,181726.013812
-16758,3000,181738.186849
-15747,3000,181750.124302
-17771,3000,181762.925272
-18781,3000,181774.88361
-21767,3000,181786.69801
-22771,3000,181798.499563
-17774,3000,181810.086381
-18808,3000,181821.809359
-13775,3000,181834.53943
-18751,3000,181846.430286
-18778,3000,181857.96793
-19776,3000,181870.571363
-24759,3000,181882.41148
-13767,3000,181893.982085
-16763,3000,181906.540556
-15768,3000,181917.857891
-15729,3000,181930.013942
-14776,3000,181941.805899
-20767,3000,181953.727313
-19778,3000,181966.660966
-16744,3000,181978.917416
-24761,3000,181991.1763
-20754,3000,182002.611319
-27782,3000,182015.146134
-12795,3000,182027.375262
-21757,3000,182039.340295
-20786,3000,182050.848874
-18752,3000,182063.472637
-27763,3000,182075.863458
-38754,3000,182087.746374
-22776,3000,182099.661963
-19758,3000,182111.783424
-16764,3000,182123.886858
-18755,3000,182135.723239
-22822,3000,182147.348414
-15768,3000,182159.786318
-14742,3000,182172.306541
-13769,3000,182184.49685
-19772,3000,182196.419254
-16806,3000,182208.167425
-12775,3000,182219.870793
-24796,3000,182232.24878
-15767,3000,182244.386033
-24763,3000,182256.876834
-16767,3000,182267.793831
-21777,3000,182279.684187
-16761,3000,182291.752538
-22778,3000,182308.636198
-10765,3000,182321.315079
-17783,3000,182333.104163
-22774,3000,182345.294791
-14758,3000,182356.99532
-24804,3000,182367.900428
-11741,3000,182380.066958
-14769,3000,182392.440664
-13779,3000,182404.071547
-12737,3000,182416.574311
-13785,3000,182427.219648
-20764,3000,182439.420464
-17739,3000,182451.39377
-21753,3000,182463.452785
-16738,3000,182475.762336
-24793,3000,182487.426795
-14748,3000,182498.975336
-23790,3000,182510.539567
-19778,3000,182522.323261
-13765,3000,182533.509925
-26756,3000,182545.814575
-19775,3000,182557.76549
-14744,3000,182570.119446
-16762,3000,182582.489933
-24760,3000,182594.866303
-14807,3000,182606.371497
-24805,3000,182617.974823
-18797,3000,182629.458504
-22799,3000,182641.048011
-12758,3000,182653.087942
-17761,3000,182665.508954
-22777,3000,182677.550625
-12755,3000,182689.217522
-24781,3000,182700.390453
-21775,3000,182713.068208
-16791,3000,182725.294551
-20765,3000,182737.235339
-24814,3000,182749.478428
-26782,3000,182761.48214
-16754,3000,182774.297743
-27771,3000,182786.547784
-23773,3000,182799.235906
-15780,3000,182811.551768
-27794,3000,182822.73277
-11787,3000,182834.144278
-16787,3000,182845.96496
-17780,3000,182857.847972
-10734,3000,182869.775077
-18782,3000,182881.932362
-21755,3000,182893.633118
-22763,3000,182905.631156
-24797,3000,182918.020985
-17775,3000,182929.558192
-18740,3000,182941.97339
-15775,3000,182953.756738
-13757,3000,182965.6338
-12767,3000,182978.205096
-17787,3000,182989.873739
-13776,3000,183001.980856
-19758,3000,183013.876831
-22791,3000,183025.348277
-16800,3000,183037.54599
-18751,3000,183049.531332
-17753,3000,183062.785053
-16809,3000,183074.991416
-17760,3000,183087.862201
-15759,3000,183099.763913
1248,3000,183121.237888
1250,3000,183131.592127
1229,3000,183143.052154
1263,3000,183154.375047
1249,3000,183164.548127
