---> Week : 0
--> Day : 0
-> Request 0
43
(4, 3, 1)
1
(16, 28)
-> Request 1
126
(4, 1, 2)
2
(14, 17)
-> Request 2
296
(4, 1, 2)
3
(4, 79)
-> Request 3
725
(3, 2, 2)
2
(11, 14)
-> Request 4
1065
(2, 2, 2)
3
(58, 28)
-> Request 5
1404
(4, 2, 2)
3
(19, 32)
--> Day : 1
-> Request 0
365
(3, 3, 1)
2
(52, 28)
-> Request 1
499
(2, 3, 1)
1
(48, 49)
-> Request 2
933
(2, 1, 1)
1
(16, 18)
-> Request 3
1383
(3, 1, 1)
3
(10, 71)
-> Request 4
1409
(1, 3, 1)
3
(54, 72)
--> Day : 2
-> Request 0
434
(1, 1, 1)
3
(45, 30)
-> Request 1
675
(3, 3, 2)
3
(53, 28)
-> Request 2
859
(3, 1, 1)
2
(54, 41)
-> Request 3
1380
(4, 2, 2)
2
(59, 71)
--> Day : 3
-> Request 0
7
(3, 2, 1)
3
(41, 75)
-> Request 1
97
(4, 3, 1)
3
(60, 28)
-> Request 2
538
(3, 2, 1)
2
(49, 28)
-> Request 3
736
(4, 3, 2)
1
(42, 27)
-> Request 4
862
(1, 3, 1)
3
(47, 3)
-> Request 5
1077
(1, 2, 2)
2
(53, 43)
-> Request 6
1146
(2, 3, 1)
1
(50, 41)
-> Request 7
1372
(2, 3, 1)
1
(61, 65)
--> Day : 4
-> Request 0
902
(2, 3, 2)
3
(62, 44)
-> Request 1
1344
(4, 1, 1)
1
(52, 67)
-> Request 2
1393
(3, 3, 1)
1
(55, 76)
---> Week : 1
--> Day : 0
-> Request 0
882
(3, 2, 2)
1
(60, 38)
-> Request 1
883
(2, 1, 1)
1
(63, 74)
-> Request 2
950
(1, 1, 1)
3
(39, 23)
-> Request 3
983
(3, 3, 2)
2
(49, 29)
-> Request 4
1330
(1, 3, 1)
1
(52, 69)
--> Day : 1
-> Request 0
339
(3, 1, 2)
1
(63, 51)
-> Request 1
712
(4, 3, 2)
2
(51, 34)
-> Request 2
1276
(4, 3, 2)
2
(43, 45)
--> Day : 2
-> Request 0
228
(4, 3, 2)
3
(11, 25)
-> Request 1
1436
(2, 1, 1)
2
(18, 5)
--> Day : 3
-> Request 0
232
(1, 3, 2)
3
(61, 72)
-> Request 1
243
(3, 2, 1)
1
(54, 32)
-> Request 2
272
(1, 2, 1)
3
(41, 14)
-> Request 3
752
(2, 3, 1)
2
(50, 29)
--> Day : 4
-> Request 0
185
(3, 3, 1)
1
(62, 30)
-> Request 1
808
(2, 1, 2)
2
(47, 12)
-> Request 2
958
(3, 1, 2)
2
(61, 44)
-> Request 3
1041
(3, 1, 1)
2
(76, 58)
---> Week : 2
--> Day : 0
-> Request 0
71
(2, 3, 1)
3
(52, 47)
-> Request 1
1062
(4, 1, 2)
1
(25, 38)
--> Day : 1
-> Request 0
218
(1, 2, 2)
1
(74, 30)
-> Request 1
534
(2, 1, 2)
1
(45, 32)
-> Request 2
627
(2, 3, 2)
3
(53, 39)
-> Request 3
633
(2, 1, 1)
1
(53, 77)
-> Request 4
706
(1, 2, 1)
3
(12, 28)
--> Day : 2
-> Request 0
717
(2, 3, 1)
3
(58, 70)
-> Request 1
775
(3, 3, 1)
1
(43, 31)
-> Request 2
1130
(2, 2, 2)
1
(30, 18)
-> Request 3
1164
(2, 1, 1)
3
(70, 10)
--> Day : 3
-> Request 0
84
(2, 1, 1)
3
(47, 41)
-> Request 1
98
(2, 2, 2)
2
(51, 39)
-> Request 2
372
(2, 1, 2)
2
(55, 34)
-> Request 3
764
(3, 3, 2)
1
(0, 14)
-> Request 4
1008
(1, 3, 2)
3
(56, 35)
-> Request 5
1116
(2, 3, 1)
1
(51, 78)
--> Day : 4
-> Request 0
145
(1, 1, 2)
1
(47, 16)
-> Request 1
204
(2, 1, 2)
3
(54, 49)
-> Request 2
419
(2, 3, 2)
2
(62, 75)
-> Request 3
603
(4, 1, 1)
2
(71, 15)
-> Request 4
1024
(2, 1, 2)
1
(62, 38)
-> Request 5
1031
(2, 1, 2)
3
(71, 78)
-> Request 6
1193
(3, 3, 1)
3
(47, 40)
---> Week : 3
--> Day : 0
-> Request 0
292
(2, 3, 1)
2
(27, 35)
-> Request 1
319
(3, 1, 2)
1
(66, 69)
-> Request 2
542
(4, 1, 1)
3
(77, 55)
--> Day : 1
-> Request 0
134
(2, 2, 2)
2
(48, 44)
-> Request 1
654
(4, 2, 1)
2
(38, 17)
-> Request 2
722
(3, 2, 1)
2
(12, 65)
-> Request 3
799
(2, 1, 2)
3
(61, 68)
-> Request 4
845
(3, 3, 1)
3
(14, 22)
-> Request 5
972
(3, 1, 2)
3
(54, 76)
-> Request 6
1410
(1, 2, 2)
1
(66, 69)
--> Day : 2
-> Request 0
104
(3, 3, 1)
2
(49, 44)
-> Request 1
286
(4, 1, 1)
2
(53, 33)
-> Request 2
861
(3, 2, 1)
2
(59, 22)
-> Request 3
979
(2, 3, 2)
3
(51, 43)
-> Request 4
1293
(2, 3, 1)
3
(55, 39)
--> Day : 3
-> Request 0
557
(1, 2, 2)
2
(31, 5)
-> Request 1
694
(1, 3, 2)
3
(65, 73)
-> Request 2
1308
(1, 2, 2)
2
(17, 28)
--> Day : 4
-> Request 0
17
(2, 3, 2)
2
(16, 57)
-> Request 1
471
(1, 2, 2)
1
(63, 77)
-> Request 2
929
(3, 2, 1)
2
(60, 31)
-> Request 3
945
(4, 2, 1)
2
(62, 43)
-> Request 4
1066
(2, 2, 2)
2
(25, 23)
-> Request 5
1365
(1, 3, 1)
3
(66, 65)
---> Week : 4
--> Day : 0
-> Request 0
393
(1, 3, 1)
3
(55, 68)
-> Request 1
1091
(2, 1, 1)
3
(46, 45)
-> Request 2
1153
(2, 1, 2)
3
(11, 26)
-> Request 3
1276
(4, 1, 1)
1
(46, 27)
-> Request 4
1316
(4, 1, 1)
2
(25, 28)
--> Day : 1
-> Request 0
169
(4, 3, 2)
1
(59, 38)
-> Request 1
306
(1, 3, 1)
3
(60, 43)
-> Request 2
505
(4, 1, 2)
2
(60, 27)
--> Day : 2
-> Request 0
401
(3, 1, 2)
2
(13, 20)
--> Day : 3
-> Request 0
269
(2, 3, 1)
2
(15, 25)
-> Request 1
590
(3, 1, 1)
1
(58, 36)
-> Request 2
988
(4, 3, 2)
1
(53, 27)
--> Day : 4
-> Request 0
130
(4, 2, 2)
3
(46, 34)
-> Request 1
239
(1, 3, 1)
3
(59, 32)
-> Request 2
1224
(3, 3, 2)
3
(32, 28)
---> Week : 5
--> Day : 0
-> Request 0
238
(3, 2, 1)
2
(54, 65)
-> Request 1
253
(1, 1, 2)
1
(56, 76)
-> Request 2
254
(2, 1, 2)
3
(63, 71)
-> Request 3
800
(2, 3, 2)
3
(54, 30)
-> Request 4
1242
(3, 1, 1)
3
(57, 29)
--> Day : 1
-> Request 0
1221
(2, 2, 2)
1
(59, 5)
--> Day : 2
-> Request 0
85
(3, 1, 1)
1
(63, 66)
-> Request 1
137
(1, 3, 1)
1
(53, 64)
-> Request 2
675
(1, 1, 1)
3
(64, 46)
-> Request 3
1154
(4, 2, 2)
3
(15, 22)
--> Day : 3
-> Request 0
239
(1, 3, 2)
2
(11, 21)
-> Request 1
527
(3, 3, 1)
2
(45, 75)
-> Request 2
997
(1, 2, 1)
3
(38, 36)
--> Day : 4
-> Request 0
223
(2, 2, 1)
3
(59, 28)
-> Request 1
377
(2, 2, 2)
1
(57, 27)
-> Request 2
717
(2, 3, 1)
2
(41, 36)
-> Request 3
749
(1, 3, 1)
1
(58, 31)
-> Request 4
840
(3, 2, 2)
2
(61, 74)
---> Week : 6
--> Day : 0
-> Request 0
22
(3, 3, 2)
3
(52, 66)
-> Request 1
549
(1, 1, 2)
3
(58, 43)
-> Request 2
1024
(4, 3, 2)
1
(44, 42)
-> Request 3
1348
(3, 1, 1)
1
(78, 24)
--> Day : 1
-> Request 0
192
(2, 1, 2)
1
(66, 66)
-> Request 1
282
(2, 2, 1)
1
(37, 6)
-> Request 2
979
(4, 2, 1)
3
(20, 1)
-> Request 3
1128
(4, 3, 2)
2
(11, 28)
-> Request 4
1295
(1, 3, 1)
3
(30, 78)
--> Day : 2
-> Request 0
268
(2, 1, 2)
2
(53, 76)
-> Request 1
1151
(1, 1, 1)
3
(11, 46)
-> Request 2
1347
(2, 3, 1)
3
(79, 63)
--> Day : 3
-> Request 0
924
(2, 3, 2)
1
(78, 79)
-> Request 1
985
(3, 3, 1)
2
(39, 48)
-> Request 2
1274
(4, 1, 2)
3
(49, 36)
--> Day : 4
-> Request 0
109
(1, 3, 2)
2
(65, 67)
-> Request 1
225
(2, 1, 1)
1
(27, 16)
-> Request 2
409
(4, 2, 2)
3
(51, 40)
-> Request 3
636
(4, 1, 2)
2
(8, 20)
-> Request 4
1075
(4, 1, 1)
1
(1, 13)
-> Request 5
1398
(1, 2, 2)
2
(47, 37)
---> Week : 7
--> Day : 0
-> Request 0
486
(2, 1, 2)
3
(60, 30)
-> Request 1
932
(4, 1, 1)
3
(59, 19)
--> Day : 1
-> Request 0
530
(1, 1, 1)
1
(59, 32)
-> Request 1
973
(2, 2, 1)
2
(54, 44)
-> Request 2
978
(1, 1, 1)
2
(31, 7)
-> Request 3
1399
(1, 3, 1)
1
(0, 39)
-> Request 4
1435
(1, 2, 2)
1
(54, 37)
--> Day : 2
-> Request 0
70
(1, 1, 1)
2
(8, 27)
-> Request 1
619
(4, 1, 2)
1
(15, 76)
-> Request 2
1075
(4, 2, 1)
2
(43, 36)
--> Day : 3
-> Request 0
1004
(4, 1, 1)
2
(35, 6)
-> Request 1
1207
(2, 2, 2)
1
(55, 30)
--> Day : 4
-> Request 0
355
(2, 2, 2)
1
(63, 74)
-> Request 1
563
(4, 1, 2)
3
(24, 66)
-> Request 2
731
(2, 3, 1)
2
(56, 74)
-> Request 3
1037
(1, 3, 2)
3
(52, 78)
-> Request 4
1085
(2, 3, 1)
2
(53, 74)
---> Week : 8
--> Day : 0
-> Request 0
75
(3, 3, 2)
1
(59, 27)
-> Request 1
97
(4, 3, 2)
3
(61, 37)
-> Request 2
446
(3, 2, 2)
3
(49, 44)
-> Request 3
709
(2, 1, 1)
2
(29, 21)
-> Request 4
987
(1, 3, 1)
3
(45, 79)
-> Request 5
1266
(3, 2, 1)
2
(31, 49)
--> Day : 1
-> Request 0
224
(1, 1, 2)
2
(53, 71)
-> Request 1
326
(3, 1, 1)
3
(61, 28)
-> Request 2
566
(2, 1, 2)
1
(56, 74)
--> Day : 2
-> Request 0
294
(4, 1, 1)
2
(52, 66)
-> Request 1
601
(2, 2, 2)
3
(43, 32)
-> Request 2
1177
(2, 1, 1)
1
(1, 69)
--> Day : 3
-> Request 0
374
(1, 3, 2)
1
(52, 32)
-> Request 1
424
(1, 1, 2)
1
(62, 39)
-> Request 2
486
(1, 1, 1)
1
(31, 72)
-> Request 3
512
(4, 1, 2)
2
(79, 43)
-> Request 4
865
(1, 2, 2)
3
(50, 36)
--> Day : 4
-> Request 0
230
(3, 3, 2)
1
(9, 22)
-> Request 1
231
(1, 3, 2)
2
(27, 79)
-> Request 2
888
(1, 3, 2)
3
(57, 31)
-> Request 3
1196
(1, 3, 2)
1
(55, 31)
-> Request 4
1205
(1, 3, 2)
2
(53, 71)
---> Week : 9
--> Day : 0
-> Request 0
1187
(4, 1, 2)
1
(43, 44)
-> Request 1
1190
(2, 3, 2)
2
(61, 60)
-> Request 2
1325
(3, 3, 2)
2
(55, 73)
-> Request 3
1403
(4, 3, 2)
3
(61, 68)
--> Day : 1
-> Request 0
350
(3, 1, 1)
2
(64, 71)
-> Request 1
1155
(2, 3, 1)
1
(43, 61)
--> Day : 2
-> Request 0
680
(1, 3, 2)
2
(53, 18)
-> Request 1
1268
(2, 1, 1)
2
(34, 49)
-> Request 2
1292
(4, 1, 1)
3
(21, 43)
--> Day : 3
-> Request 0
249
(4, 2, 1)
2
(69, 13)
-> Request 1
525
(4, 3, 1)
3
(57, 65)
-> Request 2
717
(3, 3, 1)
3
(62, 45)
-> Request 3
818
(1, 1, 1)
1
(54, 33)
--> Day : 4
-> Request 0
263
(2, 2, 2)
1
(61, 70)
-> Request 1
307
(3, 3, 2)
2
(62, 39)
-> Request 2
776
(3, 3, 1)
1
(5, 30)
-> Request 3
1220
(3, 2, 2)
2
(50, 27)
-> Request 4
1374
(2, 3, 2)
3
(51, 27)
---> Week : 10
--> Day : 0
-> Request 0
327
(4, 3, 1)
1
(70, 50)
-> Request 1
419
(4, 2, 2)
2
(9, 63)
--> Day : 1
-> Request 0
368
(4, 3, 1)
3
(62, 32)
-> Request 1
716
(3, 1, 1)
2
(28, 20)
-> Request 2
1117
(1, 2, 2)
3
(33, 10)
-> Request 3
1416
(4, 3, 2)
2
(12, 21)
--> Day : 2
-> Request 0
332
(1, 1, 2)
2
(36, 68)
-> Request 1
390
(1, 3, 2)
2
(13, 44)
-> Request 2
1415
(1, 3, 2)
3
(42, 2)
--> Day : 3
-> Request 0
77
(2, 2, 1)
1
(10, 27)
-> Request 1
308
(4, 2, 1)
2
(50, 33)
-> Request 2
394
(3, 1, 2)
3
(73, 36)
-> Request 3
943
(1, 3, 2)
1
(45, 64)
-> Request 4
1080
(4, 3, 1)
1
(46, 66)
--> Day : 4
-> Request 0
249
(3, 1, 1)
2
(10, 1)
-> Request 1
807
(1, 2, 1)
3
(58, 78)
-> Request 2
880
(1, 3, 1)
1
(58, 69)
-> Request 3
1087
(1, 2, 2)
1
(59, 66)
---> Week : 11
--> Day : 0
-> Request 0
532
(3, 3, 2)
2
(46, 37)
-> Request 1
702
(2, 3, 1)
3
(54, 36)
-> Request 2
729
(1, 2, 2)
2
(79, 64)
-> Request 3
729
(1, 2, 2)
3
(61, 73)
-> Request 4
764
(3, 3, 1)
1
(20, 30)
-> Request 5
1245
(2, 3, 2)
3
(26, 31)
--> Day : 1
-> Request 0
70
(1, 1, 1)
1
(24, 26)
-> Request 1
174
(4, 2, 2)
1
(54, 38)
-> Request 2
190
(1, 2, 2)
3
(25, 27)
-> Request 3
258
(4, 2, 2)
3
(15, 25)
-> Request 4
489
(1, 3, 2)
1
(53, 72)
-> Request 5
493
(2, 1, 1)
2
(16, 28)
-> Request 6
1012
(4, 1, 2)
1
(68, 3)
-> Request 7
1141
(4, 2, 1)
1
(63, 35)
-> Request 8
1362
(4, 3, 1)
3
(55, 67)
--> Day : 2
-> Request 0
0
(4, 2, 2)
2
(58, 79)
-> Request 1
79
(1, 2, 2)
2
(45, 6)
-> Request 2
463
(3, 2, 1)
1
(11, 28)
-> Request 3
615
(4, 3, 1)
2
(54, 56)
--> Day : 3
-> Request 0
554
(3, 3, 1)
3
(55, 33)
-> Request 1
610
(2, 3, 1)
2
(50, 36)
-> Request 2
671
(3, 2, 1)
1
(45, 29)
-> Request 3
701
(3, 3, 2)
2
(14, 2)
-> Request 4
1177
(3, 2, 1)
1
(4, 42)
--> Day : 4
-> Request 0
743
(4, 3, 1)
3
(76, 40)
-> Request 1
876
(2, 1, 2)
2
(12, 21)
---> Week : 12
--> Day : 0
-> Request 0
529
(3, 2, 1)
1
(13, 75)
-> Request 1
625
(2, 1, 2)
3
(10, 43)
--> Day : 1
-> Request 0
37
(4, 3, 2)
2
(46, 38)
-> Request 1
355
(2, 2, 1)
2
(58, 70)
-> Request 2
376
(3, 3, 1)
3
(76, 19)
-> Request 3
1084
(2, 1, 1)
1
(15, 19)
-> Request 4
1179
(2, 3, 2)
3
(46, 30)
-> Request 5
1212
(1, 1, 2)
2
(62, 69)
-> Request 6
1333
(2, 1, 2)
1
(1, 73)
-> Request 7
1337
(2, 1, 2)
1
(63, 72)
--> Day : 2
-> Request 0
394
(3, 1, 2)
3
(69, 11)
-> Request 1
854
(4, 1, 2)
2
(50, 40)
-> Request 2
1107
(3, 3, 2)
1
(57, 20)
--> Day : 3
-> Request 0
1208
(1, 1, 1)
3
(71, 62)
-> Request 1
1348
(1, 1, 2)
1
(17, 24)
--> Day : 4
-> Request 0
44
(4, 1, 1)
3
(47, 41)
-> Request 1
1072
(3, 2, 1)
1
(44, 28)
---> Week : 13
--> Day : 0
-> Request 0
492
(3, 1, 1)
2
(10, 25)
-> Request 1
816
(4, 1, 2)
2
(0, 76)
-> Request 2
935
(2, 3, 2)
2
(57, 33)
-> Request 3
1056
(1, 2, 1)
3
(17, 25)
--> Day : 1
-> Request 0
81
(4, 1, 2)
3
(40, 53)
-> Request 1
665
(3, 1, 1)
1
(60, 67)
-> Request 2
1001
(2, 1, 2)
1
(65, 65)
--> Day : 2
-> Request 0
0
(1, 3, 1)
1
(57, 43)
-> Request 1
467
(4, 2, 2)
1
(16, 27)
-> Request 2
676
(4, 3, 2)
3
(49, 55)
-> Request 3
852
(2, 2, 2)
3
(48, 35)
-> Request 4
1071
(1, 2, 1)
1
(53, 79)
--> Day : 3
-> Request 0
25
(3, 2, 2)
1
(62, 40)
-> Request 1
211
(2, 3, 2)
3
(56, 76)
-> Request 2
643
(2, 2, 1)
3
(12, 28)
-> Request 3
904
(4, 1, 2)
3
(56, 70)
-> Request 4
1382
(1, 3, 2)
2
(35, 73)
--> Day : 4
-> Request 0
652
(2, 3, 2)
1
(65, 30)
-> Request 1
735
(2, 3, 2)
3
(54, 68)
-> Request 2
1048
(1, 3, 1)
1
(54, 28)
-> Request 3
1082
(4, 1, 1)
2
(66, 69)
---> Week : 14
--> Day : 0
-> Request 0
317
(2, 3, 1)
1
(58, 42)
-> Request 1
440
(3, 2, 1)
3
(37, 56)
-> Request 2
598
(2, 3, 2)
1
(61, 71)
--> Day : 1
-> Request 0
346
(4, 2, 2)
2
(15, 29)
-> Request 1
361
(2, 1, 2)
1
(53, 27)
-> Request 2
868
(3, 2, 2)
2
(78, 68)
-> Request 3
1023
(3, 2, 2)
2
(49, 27)
--> Day : 2
-> Request 0
152
(4, 3, 2)
2
(47, 46)
-> Request 1
972
(1, 1, 2)
1
(60, 74)
-> Request 2
1108
(3, 3, 2)
3
(10, 39)
-> Request 3
1282
(4, 1, 1)
3
(56, 55)
--> Day : 3
-> Request 0
55
(4, 2, 1)
1
(51, 30)
-> Request 1
775
(3, 3, 2)
3
(25, 38)
-> Request 2
1357
(2, 1, 1)
1
(11, 20)
-> Request 3
1372
(4, 3, 2)
3
(65, 71)
--> Day : 4
-> Request 0
15
(3, 2, 2)
3
(59, 41)
-> Request 1
556
(3, 3, 2)
2
(53, 31)
---> Week : 15
--> Day : 0
-> Request 0
564
(2, 1, 2)
1
(62, 42)
-> Request 1
1077
(1, 1, 2)
1
(8, 42)
--> Day : 1
-> Request 0
96
(2, 3, 2)
3
(54, 72)
-> Request 1
441
(4, 1, 2)
3
(4, 61)
-> Request 2
893
(1, 2, 2)
2
(62, 65)
--> Day : 2
-> Request 0
131
(1, 2, 2)
3
(15, 29)
-> Request 1
616
(1, 3, 2)
2
(65, 73)
-> Request 2
845
(1, 1, 1)
1
(59, 43)
-> Request 3
1195
(1, 2, 2)
2
(13, 58)
-> Request 4
1264
(2, 3, 1)
2
(62, 77)
--> Day : 3
-> Request 0
266
(4, 3, 1)
3
(55, 75)
-> Request 1
463
(2, 2, 1)
3
(50, 46)
-> Request 2
478
(2, 2, 1)
1
(60, 34)
-> Request 3
700
(3, 1, 1)
3
(68, 79)
-> Request 4
865
(4, 2, 2)
1
(75, 37)
-> Request 5
1432
(3, 1, 2)
1
(12, 46)
--> Day : 4
-> Request 0
396
(3, 2, 1)
1
(45, 18)
-> Request 1
474
(2, 3, 1)
1
(62, 27)
-> Request 2
889
(4, 1, 2)
1
(55, 41)
-> Request 3
961
(4, 1, 1)
2
(63, 7)
---> Week : 16
--> Day : 0
-> Request 0
305
(2, 3, 1)
1
(36, 3)
-> Request 1
369
(4, 2, 2)
2
(66, 33)
-> Request 2
1028
(3, 1, 2)
2
(38, 1)
--> Day : 1
-> Request 0
158
(2, 2, 2)
2
(12, 25)
-> Request 1
192
(3, 2, 2)
2
(55, 74)
-> Request 2
751
(2, 1, 1)
2
(13, 24)
-> Request 3
957
(3, 1, 1)
2
(26, 14)
-> Request 4
1405
(1, 2, 2)
2
(44, 28)
--> Day : 2
-> Request 0
66
(3, 2, 1)
2
(28, 6)
-> Request 1
83
(4, 2, 1)
2
(53, 71)
-> Request 2
296
(4, 3, 2)
1
(15, 21)
-> Request 3
518
(3, 2, 1)
3
(7, 1)
-> Request 4
1124
(4, 2, 2)
2
(27, 14)
-> Request 5
1301
(3, 3, 2)
3
(58, 41)
--> Day : 3
-> Request 0
549
(4, 2, 2)
1
(16, 27)
-> Request 1
584
(4, 2, 1)
3
(29, 65)
-> Request 2
1211
(3, 3, 2)
3
(63, 65)
--> Day : 4
-> Request 0
519
(1, 3, 2)
2
(65, 47)
-> Request 1
552
(1, 2, 2)
1
(58, 29)
-> Request 2
640
(2, 2, 2)
1
(48, 31)
---> Week : 17
--> Day : 0
-> Request 0
633
(1, 3, 1)
3
(58, 60)
-> Request 1
756
(3, 1, 1)
2
(52, 21)
-> Request 2
1404
(4, 3, 1)
2
(44, 44)
--> Day : 1
-> Request 0
134
(1, 1, 1)
1
(52, 73)
-> Request 1
622
(2, 1, 1)
2
(8, 37)
-> Request 2
708
(3, 1, 1)
3
(56, 64)
-> Request 3
1189
(2, 1, 2)
3
(76, 19)
--> Day : 2
-> Request 0
30
(3, 1, 1)
3
(62, 72)
-> Request 1
152
(4, 1, 2)
2
(54, 39)
-> Request 2
304
(2, 2, 1)
3
(57, 36)
-> Request 3
584
(1, 1, 1)
3
(52, 40)
-> Request 4
1109
(2, 3, 1)
2
(55, 34)
-> Request 5
1122
(2, 3, 2)
2
(34, 11)
-> Request 6
1263
(4, 1, 2)
2
(61, 71)
-> Request 7
1365
(3, 2, 1)
1
(36, 10)
--> Day : 3
-> Request 0
590
(4, 1, 2)
2
(55, 69)
-> Request 1
625
(4, 1, 2)
3
(46, 29)
-> Request 2
948
(3, 2, 1)
2
(0, 5)
--> Day : 4
-> Request 0
4
(1, 1, 1)
1
(12, 36)
-> Request 1
367
(4, 3, 1)
3
(60, 32)
-> Request 2
377
(3, 2, 1)
2
(51, 31)
-> Request 3
608
(4, 3, 2)
2
(45, 33)
-> Request 4
1381
(1, 2, 2)
1
(78, 15)
---> Week : 18
--> Day : 0
-> Request 0
373
(1, 1, 2)
2
(44, 42)
-> Request 1
906
(2, 2, 1)
1
(67, 13)
--> Day : 1
-> Request 0
33
(1, 2, 1)
3
(34, 64)
-> Request 1
138
(4, 3, 2)
1
(23, 20)
-> Request 2
185
(1, 2, 2)
3
(54, 39)
-> Request 3
358
(1, 2, 1)
2
(10, 51)
-> Request 4
1111
(3, 2, 2)
1
(21, 61)
-> Request 5
1368
(4, 2, 2)
2
(31, 70)
-> Request 6
1433
(3, 2, 2)
3
(61, 77)
--> Day : 2
-> Request 0
1284
(1, 2, 2)
3
(64, 16)
-> Request 1
1412
(3, 2, 1)
3
(11, 70)
--> Day : 3
-> Request 0
543
(4, 3, 2)
2
(43, 43)
--> Day : 4
-> Request 0
295
(4, 1, 1)
1
(59, 31)
-> Request 1
308
(4, 2, 2)
1
(39, 3)
-> Request 2
767
(4, 1, 1)
1
(58, 10)
-> Request 3
1035
(4, 1, 1)
3
(47, 46)
-> Request 4
1142
(1, 2, 1)
3
(75, 13)
---> Week : 19
--> Day : 0
-> Request 0
911
(4, 2, 2)
3
(71, 27)
-> Request 1
951
(1, 2, 1)
1
(43, 55)
-> Request 2
1032
(2, 1, 2)
2
(14, 59)
-> Request 3
1254
(3, 2, 1)
1
(76, 37)
--> Day : 1
-> Request 0
36
(3, 3, 1)
2
(44, 38)
-> Request 1
39
(3, 3, 2)
1
(73, 3)
-> Request 2
135
(4, 1, 1)
1
(24, 50)
-> Request 3
372
(2, 2, 2)
1
(44, 33)
-> Request 4
644
(1, 1, 2)
3
(19, 24)
-> Request 5
781
(2, 3, 1)
1
(67, 20)
-> Request 6
1093
(4, 1, 2)
1
(56, 45)
-> Request 7
1241
(4, 1, 1)
2
(54, 19)
-> Request 8
1311
(2, 2, 2)
1
(31, 43)
--> Day : 2
-> Request 0
36
(4, 2, 2)
1
(48, 42)
-> Request 1
525
(2, 2, 1)
3
(48, 46)
-> Request 2
629
(2, 2, 2)
1
(5, 16)
-> Request 3
759
(1, 2, 1)
3
(49, 37)
-> Request 4
810
(4, 3, 1)
1
(36, 33)
-> Request 5
1221
(3, 3, 2)
3
(61, 75)
-> Request 6
1389
(4, 2, 2)
3
(57, 39)
--> Day : 3
-> Request 0
421
(1, 3, 2)
1
(58, 42)
-> Request 1
638
(3, 2, 2)
3
(46, 24)
-> Request 2
689
(2, 1, 2)
2
(42, 13)
-> Request 3
728
(2, 2, 2)
3
(77, 7)
-> Request 4
1247
(2, 2, 1)
1
(44, 44)
--> Day : 4
-> Request 0
113
(4, 3, 1)
2
(49, 22)
-> Request 1
212
(1, 1, 2)
1
(58, 44)
-> Request 2
640
(4, 2, 2)
3
(9, 49)
-> Request 3
930
(4, 3, 1)
3
(35, 72)
-> Request 4
986
(3, 1, 1)
3
(76, 35)
-> Request 5
1025
(1, 1, 2)
3
(53, 65)
---> Week : 20
--> Day : 0
-> Request 0
151
(1, 3, 2)
3
(49, 29)
-> Request 1
844
(4, 3, 2)
2
(58, 70)
-> Request 2
1045
(1, 3, 2)
3
(15, 21)
-> Request 3
1108
(3, 1, 2)
2
(55, 42)
-> Request 4
1169
(2, 1, 1)
1
(42, 18)
--> Day : 1
-> Request 0
194
(3, 3, 1)
3
(60, 45)
-> Request 1
381
(3, 3, 2)
2
(58, 64)
-> Request 2
457
(3, 2, 1)
2
(15, 21)
-> Request 3
950
(4, 2, 2)
2
(8, 29)
-> Request 4
950
(1, 3, 2)
1
(21, 53)
-> Request 5
1357
(4, 2, 1)
3
(29, 22)
--> Day : 2
-> Request 0
70
(4, 3, 2)
1
(45, 79)
-> Request 1
300
(4, 2, 2)
2
(67, 77)
-> Request 2
544
(1, 1, 2)
2
(53, 28)
-> Request 3
1037
(2, 2, 2)
2
(52, 34)
-> Request 4
1080
(3, 2, 1)
1
(44, 38)
-> Request 5
1260
(3, 1, 2)
2
(52, 75)
-> Request 6
1434
(1, 2, 2)
3
(57, 70)
--> Day : 3
-> Request 0
244
(4, 2, 2)
2
(28, 39)
-> Request 1
454
(4, 3, 1)
2
(75, 9)
-> Request 2
543
(4, 1, 1)
3
(58, 71)
-> Request 3
807
(2, 2, 1)
1
(44, 38)
--> Day : 4
-> Request 0
754
(1, 3, 2)
2
(13, 28)
-> Request 1
1085
(4, 2, 1)
3
(54, 59)
---> Week : 21
--> Day : 0
-> Request 0
151
(2, 3, 1)
2
(55, 26)
-> Request 1
423
(4, 1, 1)
3
(51, 63)
-> Request 2
1302
(4, 1, 1)
1
(64, 69)
-> Request 3
1350
(2, 1, 2)
2
(51, 37)
--> Day : 1
-> Request 0
352
(2, 3, 2)
2
(55, 43)
-> Request 1
812
(2, 1, 2)
2
(15, 26)
--> Day : 2
-> Request 0
698
(2, 2, 1)
3
(39, 45)
--> Day : 3
-> Request 0
597
(1, 2, 1)
2
(66, 76)
-> Request 1
764
(3, 1, 1)
3
(15, 28)
-> Request 2
859
(2, 3, 1)
1
(62, 72)
-> Request 3
1279
(1, 2, 2)
1
(53, 69)
-> Request 4
1307
(3, 2, 2)
2
(63, 26)
-> Request 5
1367
(2, 2, 2)
3
(48, 37)
--> Day : 4
-> Request 0
57
(1, 3, 2)
2
(52, 27)
-> Request 1
129
(2, 3, 1)
2
(62, 72)
-> Request 2
257
(3, 1, 1)
1
(46, 36)
-> Request 3
541
(3, 3, 1)
3
(29, 61)
-> Request 4
1116
(1, 3, 1)
2
(13, 14)
-> Request 5
1231
(3, 2, 1)
2
(15, 27)
---> Week : 22
--> Day : 0
--> Day : 1
-> Request 0
587
(1, 2, 2)
2
(32, 47)
-> Request 1
687
(3, 1, 2)
3
(64, 69)
-> Request 2
942
(4, 1, 1)
2
(31, 54)
-> Request 3
1060
(4, 1, 1)
2
(54, 77)
-> Request 4
1220
(1, 3, 2)
1
(43, 46)
-> Request 5
1370
(1, 2, 2)
1
(73, 70)
-> Request 6
1430
(2, 1, 1)
1
(76, 31)
--> Day : 2
-> Request 0
503
(4, 3, 1)
3
(41, 37)
-> Request 1
564
(4, 3, 2)
3
(42, 46)
--> Day : 3
-> Request 0
978
(1, 1, 1)
2
(54, 36)
-> Request 1
1410
(3, 3, 1)
3
(78, 58)
--> Day : 4
-> Request 0
487
(3, 1, 1)
2
(60, 29)
-> Request 1
593
(4, 1, 1)
3
(51, 28)
-> Request 2
766
(3, 3, 1)
2
(58, 35)
-> Request 3
911
(1, 2, 1)
1
(50, 3)
-> Request 4
1418
(4, 1, 1)
1
(52, 39)
---> Week : 23
--> Day : 0
-> Request 0
830
(1, 3, 2)
2
(65, 67)
-> Request 1
919
(2, 1, 2)
2
(9, 49)
-> Request 2
1187
(4, 3, 1)
1
(49, 62)
--> Day : 1
-> Request 0
164
(1, 2, 2)
2
(48, 34)
-> Request 1
289
(4, 1, 2)
2
(53, 38)
-> Request 2
532
(2, 2, 1)
1
(74, 15)
-> Request 3
1036
(3, 2, 1)
3
(54, 29)
--> Day : 2
-> Request 0
305
(4, 2, 1)
3
(10, 8)
--> Day : 3
-> Request 0
50
(2, 2, 1)
3
(54, 38)
-> Request 1
105
(1, 2, 2)
1
(10, 72)
-> Request 2
806
(4, 2, 2)
3
(46, 31)
-> Request 3
1362
(3, 3, 2)
3
(60, 32)
-> Request 4
1389
(1, 3, 1)
1
(56, 68)
--> Day : 4
-> Request 0
398
(2, 3, 2)
2
(66, 68)
-> Request 1
710
(4, 3, 2)
2
(50, 32)
-> Request 2
848
(1, 2, 2)
2
(50, 45)
-> Request 3
882
(1, 2, 2)
2
(33, 35)
-> Request 4
934
(4, 1, 1)
1
(16, 3)
-> Request 5
978
(4, 3, 2)
3
(45, 30)
-> Request 6
979
(3, 2, 1)
3
(51, 37)
-> Request 7
1377
(1, 2, 2)
3
(61, 74)
-> Request 8
1424
(1, 2, 1)
1
(48, 58)
---> Week : 24
--> Day : 0
-> Request 0
220
(3, 1, 1)
2
(69, 23)
-> Request 1
419
(2, 2, 2)
2
(56, 68)
-> Request 2
598
(3, 2, 2)
2
(48, 9)
-> Request 3
1029
(2, 2, 1)
2
(62, 78)
-> Request 4
1083
(3, 1, 2)
1
(13, 60)
-> Request 5
1154
(3, 2, 1)
1
(68, 35)
-> Request 6
1369
(3, 1, 2)
2
(28, 44)
-> Request 7
1386
(4, 1, 2)
3
(64, 73)
--> Day : 1
--> Day : 2
-> Request 0
184
(1, 1, 2)
2
(58, 61)
-> Request 1
224
(3, 3, 2)
1
(59, 43)
-> Request 2
307
(3, 1, 1)
1
(45, 51)
-> Request 3
356
(4, 3, 1)
3
(58, 39)
-> Request 4
788
(3, 2, 1)
3
(50, 44)
-> Request 5
1229
(3, 1, 1)
3
(22, 20)
-> Request 6
1243
(3, 3, 1)
2
(10, 23)
--> Day : 3
-> Request 0
267
(3, 3, 1)
3
(58, 27)
-> Request 1
513
(3, 2, 1)
2
(62, 32)
-> Request 2
851
(2, 2, 1)
3
(57, 36)
-> Request 3
1001
(4, 2, 2)
2
(28, 78)
-> Request 4
1215
(4, 3, 1)
2
(48, 35)
--> Day : 4
-> Request 0
359
(3, 2, 1)
3
(63, 65)
-> Request 1
1014
(4, 3, 2)
2
(17, 32)
-> Request 2
1146
(2, 1, 1)
2
(56, 37)
-> Request 3
1202
(2, 1, 1)
1
(46, 32)
---> Week : 25
--> Day : 0
-> Request 0
616
(1, 1, 2)
1
(59, 35)
-> Request 1
1125
(4, 3, 2)
3
(53, 64)
--> Day : 1
-> Request 0
611
(1, 2, 2)
1
(62, 70)
-> Request 1
638
(3, 1, 1)
1
(66, 70)
-> Request 2
757
(1, 3, 1)
1
(12, 23)
-> Request 3
775
(2, 3, 2)
1
(62, 26)
-> Request 4
1316
(4, 1, 2)
2
(63, 65)
-> Request 5
1360
(3, 1, 1)
1
(23, 42)
-> Request 6
1383
(3, 1, 2)
1
(46, 77)
--> Day : 2
-> Request 0
177
(1, 3, 1)
1
(46, 37)
-> Request 1
476
(4, 3, 1)
1
(50, 40)
-> Request 2
579
(4, 2, 2)
3
(60, 16)
-> Request 3
833
(3, 1, 2)
3
(17, 28)
-> Request 4
1014
(1, 3, 2)
1
(52, 7)
-> Request 5
1125
(1, 2, 1)
2
(50, 32)
-> Request 6
1398
(2, 2, 1)
1
(61, 45)
--> Day : 3
-> Request 0
8
(4, 2, 1)
3
(64, 70)
-> Request 1
39
(2, 1, 1)
1
(31, 3)
-> Request 2
145
(1, 3, 1)
3
(21, 5)
-> Request 3
638
(1, 3, 1)
3
(59, 27)
-> Request 4
740
(4, 1, 2)
2
(51, 30)
-> Request 5
792
(2, 1, 2)
3
(13, 23)
--> Day : 4
-> Request 0
274
(4, 1, 1)
1
(54, 35)
-> Request 1
595
(3, 2, 1)
2
(56, 43)
-> Request 2
698
(1, 1, 1)
3
(61, 78)
-> Request 3
1299
(2, 2, 2)
2
(56, 64)
---> Week : 26
--> Day : 0
-> Request 0
312
(2, 3, 2)
2
(0, 34)
-> Request 1
1280
(3, 3, 2)
3
(44, 37)
-> Request 2
1298
(1, 1, 1)
1
(51, 37)
--> Day : 1
-> Request 0
71
(3, 1, 1)
2
(53, 67)
-> Request 1
170
(4, 3, 1)
3
(60, 70)
-> Request 2
205
(4, 1, 1)
1
(15, 6)
-> Request 3
537
(3, 1, 2)
2
(50, 36)
-> Request 4
735
(1, 1, 2)
1
(24, 30)
-> Request 5
1131
(1, 1, 2)
3
(51, 52)
-> Request 6
1227
(2, 1, 2)
2
(29, 45)
--> Day : 2
-> Request 0
12
(3, 2, 2)
3
(12, 23)
-> Request 1
259
(1, 3, 2)
1
(13, 5)
-> Request 2
552
(4, 2, 1)
1
(64, 71)
-> Request 3
735
(1, 2, 2)
1
(44, 41)
-> Request 4
748
(3, 2, 1)
3
(43, 40)
-> Request 5
769
(1, 1, 1)
3
(72, 26)
-> Request 6
834
(1, 3, 2)
2
(51, 31)
-> Request 7
1198
(4, 3, 2)
3
(52, 37)
-> Request 8
1243
(2, 3, 2)
3
(48, 27)
--> Day : 3
-> Request 0
31
(3, 3, 1)
1
(55, 78)
-> Request 1
181
(2, 1, 1)
3
(15, 2)
-> Request 2
443
(1, 3, 1)
2
(9, 29)
-> Request 3
586
(1, 3, 1)
3
(41, 29)
-> Request 4
628
(3, 3, 1)
1
(39, 74)
-> Request 5
675
(4, 3, 1)
3
(36, 7)
--> Day : 4
-> Request 0
31
(2, 3, 2)
3
(40, 35)
-> Request 1
120
(1, 3, 1)
2
(54, 74)
-> Request 2
1059
(2, 2, 1)
2
(63, 65)
---> Week : 27
--> Day : 0
-> Request 0
805
(3, 1, 1)
2
(58, 66)
-> Request 1
1349
(1, 1, 2)
3
(47, 38)
--> Day : 1
-> Request 0
421
(3, 2, 1)
2
(15, 7)
--> Day : 2
-> Request 0
61
(4, 2, 1)
1
(61, 46)
-> Request 1
430
(3, 1, 1)
2
(42, 20)
-> Request 2
775
(3, 2, 1)
1
(49, 75)
-> Request 3
787
(4, 3, 1)
3
(1, 9)
--> Day : 3
-> Request 0
547
(1, 2, 1)
2
(51, 34)
-> Request 1
794
(4, 2, 1)
3
(43, 36)
--> Day : 4
-> Request 0
428
(3, 3, 1)
1
(59, 34)
-> Request 1
856
(4, 3, 1)
2
(62, 75)
-> Request 2
897
(3, 3, 1)
3
(14, 23)
-> Request 3
948
(1, 1, 2)
1
(46, 48)
-> Request 4
951
(4, 1, 2)
2
(60, 28)
-> Request 5
970
(3, 1, 1)
3
(27, 73)
-> Request 6
1197
(2, 3, 2)
3
(21, 18)
-> Request 7
1265
(1, 2, 2)
1
(65, 67)
-> Request 8
1410
(3, 2, 2)
1
(8, 23)
---> Week : 28
--> Day : 0
-> Request 0
225
(4, 3, 1)
3
(39, 14)
-> Request 1
863
(2, 3, 1)
3
(42, 22)
-> Request 2
936
(3, 3, 2)
1
(30, 48)
-> Request 3
1211
(4, 2, 1)
2
(0, 44)
--> Day : 1
-> Request 0
307
(3, 2, 1)
3
(65, 75)
-> Request 1
562
(2, 1, 2)
3
(42, 44)
-> Request 2
668
(4, 3, 1)
1
(73, 11)
-> Request 3
710
(3, 1, 2)
3
(62, 65)
-> Request 4
820
(4, 1, 1)
3
(45, 33)
-> Request 5
1189
(2, 2, 2)
1
(46, 28)
-> Request 6
1236
(1, 3, 1)
3
(25, 35)
-> Request 7
1314
(4, 2, 1)
1
(12, 26)
--> Day : 2
-> Request 0
260
(3, 1, 1)
3
(29, 23)
-> Request 1
708
(2, 3, 1)
1
(61, 35)
-> Request 2
785
(2, 3, 2)
3
(37, 34)
-> Request 3
835
(3, 3, 1)
1
(8, 22)
-> Request 4
930
(4, 2, 2)
2
(10, 23)
--> Day : 3
-> Request 0
535
(3, 1, 2)
2
(53, 77)
-> Request 1
556
(4, 1, 2)
2
(5, 37)
-> Request 2
623
(1, 3, 1)
1
(62, 65)
-> Request 3
860
(2, 3, 1)
3
(11, 76)
--> Day : 4
-> Request 0
769
(4, 1, 1)
1
(55, 46)
---> Week : 29
--> Day : 0
-> Request 0
87
(4, 1, 2)
1
(44, 38)
-> Request 1
491
(1, 1, 2)
3
(53, 39)
-> Request 2
1094
(3, 1, 2)
2
(30, 41)
-> Request 3
1361
(4, 3, 1)
3
(79, 50)
--> Day : 1
-> Request 0
523
(1, 2, 1)
2
(57, 40)
-> Request 1
1250
(4, 3, 2)
1
(50, 45)
--> Day : 2
-> Request 0
220
(3, 2, 1)
2
(78, 22)
-> Request 1
472
(1, 2, 1)
3
(53, 29)
-> Request 2
941
(2, 2, 1)
3
(24, 9)
-> Request 3
1071
(2, 3, 1)
1
(43, 10)
-> Request 4
1164
(3, 1, 1)
3
(55, 41)
--> Day : 3
-> Request 0
1109
(1, 2, 1)
1
(56, 42)
--> Day : 4
-> Request 0
35
(3, 1, 2)
2
(23, 30)
-> Request 1
600
(4, 1, 2)
3
(52, 74)
-> Request 2
982
(3, 1, 1)
1
(58, 45)
-> Request 3
1012
(3, 1, 1)
2
(75, 44)
-> Request 4
1038
(2, 2, 2)
1
(60, 52)
-> Request 5
1334
(1, 1, 1)
1
(65, 65)
-> Request 6
1383
(3, 1, 2)
3
(49, 37)
---> Week : 30
--> Day : 0
-> Request 0
521
(3, 3, 1)
3
(20, 64)
-> Request 1
588
(4, 1, 1)
2
(73, 16)
-> Request 2
1092
(3, 2, 1)
3
(18, 9)
--> Day : 1
-> Request 0
106
(2, 1, 1)
1
(53, 54)
-> Request 1
186
(4, 3, 2)
1
(65, 67)
-> Request 2
325
(2, 3, 1)
1
(35, 1)
-> Request 3
955
(2, 2, 1)
3
(75, 32)
-> Request 4
1178
(3, 2, 1)
1
(55, 37)
--> Day : 2
-> Request 0
91
(1, 1, 2)
2
(51, 33)
-> Request 1
709
(1, 3, 1)
3
(61, 66)
-> Request 2
952
(3, 3, 2)
2
(53, 49)
-> Request 3
1407
(1, 3, 1)
3
(53, 70)
--> Day : 3
-> Request 0
102
(3, 3, 1)
2
(49, 79)
-> Request 1
562
(4, 1, 2)
3
(54, 43)
-> Request 2
874
(1, 3, 2)
3
(4, 71)
-> Request 3
1012
(3, 3, 2)
3
(47, 61)
--> Day : 4
-> Request 0
202
(3, 2, 1)
3
(36, 32)
-> Request 1
246
(2, 3, 1)
2
(62, 72)
-> Request 2
382
(4, 3, 2)
2
(72, 63)
-> Request 3
1236
(3, 3, 1)
3
(3, 34)
---> Week : 31
--> Day : 0
-> Request 0
42
(1, 1, 1)
2
(52, 78)
-> Request 1
230
(2, 3, 2)
1
(17, 23)
-> Request 2
798
(2, 2, 2)
3
(8, 50)
-> Request 3
1210
(3, 1, 1)
2
(76, 23)
-> Request 4
1250
(1, 3, 2)
1
(67, 41)
--> Day : 1
-> Request 0
315
(3, 2, 2)
3
(39, 63)
--> Day : 2
-> Request 0
128
(1, 2, 2)
1
(54, 74)
-> Request 1
912
(3, 3, 1)
3
(29, 2)
-> Request 2
1201
(1, 3, 1)
2
(56, 70)
-> Request 3
1297
(1, 3, 1)
2
(45, 37)
-> Request 4
1314
(2, 2, 1)
3
(43, 45)
--> Day : 3
-> Request 0
53
(1, 2, 1)
1
(65, 13)
-> Request 1
219
(3, 2, 2)
3
(54, 33)
-> Request 2
1414
(1, 3, 1)
1
(44, 45)
--> Day : 4
-> Request 0
222
(2, 1, 1)
3
(47, 40)
-> Request 1
865
(2, 3, 1)
2
(58, 34)
-> Request 2
1428
(3, 1, 2)
2
(8, 65)
---> Week : 32
--> Day : 0
-> Request 0
19
(4, 3, 2)
3
(50, 71)
-> Request 1
71
(2, 3, 2)
3
(17, 6)
-> Request 2
183
(1, 2, 2)
1
(12, 13)
-> Request 3
1181
(3, 3, 1)
1
(47, 46)
-> Request 4
1335
(3, 2, 1)
1
(35, 61)
--> Day : 1
-> Request 0
785
(2, 2, 2)
1
(74, 14)
-> Request 1
963
(1, 3, 1)
1
(62, 30)
-> Request 2
980
(4, 2, 2)
1
(44, 34)
-> Request 3
1124
(2, 2, 1)
2
(63, 68)
--> Day : 2
--> Day : 3
-> Request 0
141
(3, 1, 2)
2
(58, 35)
-> Request 1
519
(3, 3, 2)
2
(37, 30)
-> Request 2
662
(4, 2, 1)
1
(71, 58)
-> Request 3
820
(3, 2, 2)
1
(66, 48)
-> Request 4
979
(1, 2, 1)
3
(64, 76)
-> Request 5
1095
(2, 2, 2)
2
(53, 68)
--> Day : 4
-> Request 0
164
(2, 2, 1)
3
(64, 77)
-> Request 1
705
(3, 1, 1)
2
(60, 65)
-> Request 2
1179
(2, 1, 1)
3
(61, 72)
-> Request 3
1307
(2, 2, 1)
3
(27, 58)
---> Week : 33
--> Day : 0
-> Request 0
504
(4, 1, 1)
1
(65, 70)
-> Request 1
893
(2, 1, 1)
1
(50, 40)
-> Request 2
1109
(4, 1, 2)
1
(62, 40)
--> Day : 1
-> Request 0
467
(2, 1, 1)
1
(46, 40)
-> Request 1
1046
(4, 1, 1)
3
(2, 48)
-> Request 2
1102
(4, 1, 1)
2
(36, 15)
-> Request 3
1177
(4, 1, 2)
3
(35, 58)
--> Day : 2
-> Request 0
800
(1, 1, 2)
2
(58, 30)
-> Request 1
853
(3, 3, 2)
2
(27, 56)
-> Request 2
900
(1, 3, 2)
2
(51, 33)
-> Request 3
1017
(2, 2, 1)
3
(23, 76)
-> Request 4
1091
(4, 2, 2)
2
(72, 1)
--> Day : 3
-> Request 0
416
(2, 2, 2)
2
(10, 20)
-> Request 1
1317
(3, 2, 2)
3
(17, 28)
--> Day : 4
-> Request 0
836
(4, 3, 1)
3
(15, 24)
-> Request 1
889
(1, 3, 1)
3
(55, 29)
-> Request 2
967
(3, 1, 2)
1
(11, 20)
-> Request 3
1046
(1, 2, 2)
2
(61, 45)
-> Request 4
1224
(1, 2, 1)
1
(54, 30)
---> Week : 34
--> Day : 0
-> Request 0
147
(3, 2, 2)
1
(52, 78)
-> Request 1
1353
(2, 2, 1)
3
(61, 45)
--> Day : 1
-> Request 0
90
(4, 2, 1)
3
(38, 59)
-> Request 1
525
(1, 2, 1)
2
(55, 76)
-> Request 2
586
(1, 3, 2)
1
(11, 34)
-> Request 3
733
(4, 1, 1)
3
(64, 31)
-> Request 4
797
(4, 3, 2)
3
(8, 22)
-> Request 5
931
(3, 2, 2)
1
(53, 71)
-> Request 6
1058
(3, 2, 2)
2
(47, 36)
-> Request 7
1273
(1, 1, 2)
3
(11, 27)
--> Day : 2
-> Request 0
299
(2, 3, 2)
2
(70, 25)
-> Request 1
302
(3, 3, 2)
3
(32, 17)
-> Request 2
667
(1, 1, 2)
3
(54, 66)
-> Request 3
1120
(2, 2, 2)
2
(51, 34)
-> Request 4
1403
(1, 1, 1)
3
(10, 29)
--> Day : 3
-> Request 0
776
(4, 3, 2)
3
(43, 39)
-> Request 1
793
(3, 2, 1)
2
(54, 14)
-> Request 2
1380
(1, 2, 2)
1
(58, 34)
--> Day : 4
-> Request 0
31
(4, 2, 1)
1
(47, 41)
-> Request 1
112
(4, 3, 1)
1
(63, 72)
-> Request 2
894
(1, 1, 2)
3
(62, 45)
-> Request 3
1083
(1, 2, 2)
2
(37, 3)
---> Week : 35
--> Day : 0
-> Request 0
335
(2, 2, 1)
2
(23, 24)
-> Request 1
1149
(4, 3, 1)
2
(34, 64)
-> Request 2
1296
(2, 1, 1)
3
(51, 30)
-> Request 3
1426
(4, 3, 1)
3
(39, 74)
--> Day : 1
-> Request 0
119
(2, 2, 1)
2
(49, 44)
-> Request 1
279
(1, 2, 1)
3
(39, 31)
-> Request 2
967
(4, 3, 1)
1
(4, 27)
-> Request 3
1057
(2, 3, 1)
2
(52, 31)
--> Day : 2
-> Request 0
580
(1, 1, 2)
3
(62, 64)
-> Request 1
1051
(4, 1, 1)
3
(52, 71)
-> Request 2
1258
(4, 1, 1)
1
(45, 42)
--> Day : 3
-> Request 0
15
(2, 2, 2)
3
(57, 42)
-> Request 1
261
(4, 2, 1)
2
(54, 64)
-> Request 2
1161
(2, 2, 2)
2
(54, 34)
--> Day : 4
-> Request 0
689
(4, 1, 2)
1
(48, 37)
-> Request 1
887
(3, 2, 1)
2
(53, 56)
-> Request 2
1297
(4, 1, 2)
3
(40, 58)
---> Week : 36
--> Day : 0
-> Request 0
382
(1, 3, 1)
3
(57, 26)
-> Request 1
496
(4, 3, 1)
2
(60, 77)
-> Request 2
498
(2, 1, 1)
3
(56, 19)
-> Request 3
713
(3, 3, 1)
1
(58, 70)
-> Request 4
1345
(3, 1, 1)
3
(55, 45)
--> Day : 1
-> Request 0
92
(2, 2, 2)
1
(14, 29)
-> Request 1
432
(1, 2, 1)
2
(66, 39)
-> Request 2
904
(4, 1, 1)
1
(43, 29)
--> Day : 2
-> Request 0
153
(3, 3, 2)
3
(53, 77)
-> Request 1
217
(2, 2, 2)
1
(60, 76)
-> Request 2
720
(4, 2, 2)
2
(40, 15)
-> Request 3
897
(3, 2, 1)
2
(60, 46)
--> Day : 3
-> Request 0
783
(1, 3, 2)
3
(25, 64)
--> Day : 4
-> Request 0
641
(1, 1, 2)
2
(52, 27)
---> Week : 37
--> Day : 0
-> Request 0
579
(2, 1, 2)
1
(47, 61)
-> Request 1
1379
(2, 3, 2)
1
(45, 26)
--> Day : 1
-> Request 0
479
(2, 2, 2)
3
(60, 73)
-> Request 1
945
(1, 1, 1)
3
(12, 23)
-> Request 2
1376
(2, 3, 2)
1
(46, 34)
--> Day : 2
-> Request 0
1031
(2, 1, 1)
3
(31, 32)
--> Day : 3
-> Request 0
530
(4, 1, 2)
2
(48, 27)
-> Request 1
1088
(1, 3, 2)
3
(59, 79)
--> Day : 4
-> Request 0
878
(3, 2, 2)
3
(53, 76)
-> Request 1
913
(4, 3, 1)
3
(54, 44)
---> Week : 38
--> Day : 0
-> Request 0
316
(3, 3, 2)
2
(43, 37)
-> Request 1
429
(4, 3, 2)
1
(47, 29)
-> Request 2
922
(4, 2, 2)
1
(26, 69)
-> Request 3
1273
(1, 1, 2)
1
(14, 35)
--> Day : 1
-> Request 0
173
(2, 3, 2)
2
(43, 21)
-> Request 1
265
(2, 3, 1)
3
(66, 3)
-> Request 2
303
(1, 3, 1)
2
(72, 18)
-> Request 3
1041
(2, 2, 1)
2
(62, 64)
-> Request 4
1076
(3, 3, 1)
3
(9, 24)
-> Request 5
1149
(1, 3, 2)
2
(19, 46)
-> Request 6
1386
(2, 2, 1)
1
(61, 74)
--> Day : 2
-> Request 0
216
(1, 2, 1)
2
(52, 69)
-> Request 1
293
(3, 3, 1)
3
(49, 26)
-> Request 2
968
(1, 3, 2)
3
(40, 40)
-> Request 3
1356
(3, 3, 2)
3
(55, 72)
--> Day : 3
-> Request 0
112
(2, 2, 1)
2
(59, 38)
-> Request 1
327
(2, 1, 1)
1
(43, 56)
-> Request 2
1123
(4, 1, 1)
2
(56, 66)
-> Request 3
1272
(2, 1, 2)
2
(13, 22)
--> Day : 4
-> Request 0
297
(3, 3, 1)
3
(48, 46)
-> Request 1
1408
(3, 2, 1)
2
(51, 31)
---> Week : 39
--> Day : 0
-> Request 0
126
(4, 1, 1)
1
(2, 41)
-> Request 1
373
(2, 1, 1)
2
(65, 15)
-> Request 2
491
(3, 2, 2)
3
(51, 65)
--> Day : 1
-> Request 0
1216
(4, 1, 2)
3
(59, 42)
--> Day : 2
-> Request 0
276
(3, 2, 2)
2
(15, 9)
-> Request 1
705
(4, 1, 1)
3
(3, 3)
-> Request 2
830
(2, 2, 1)
1
(12, 25)
-> Request 3
1187
(2, 2, 2)
3
(14, 64)
-> Request 4
1402
(3, 2, 1)
1
(45, 43)
--> Day : 3
-> Request 0
97
(1, 3, 2)
3
(57, 64)
-> Request 1
528
(3, 3, 1)
2
(28, 22)
-> Request 2
647
(1, 2, 2)
1
(60, 30)
-> Request 3
776
(4, 2, 2)
1
(41, 77)
-> Request 4
1324
(4, 1, 2)
2
(33, 40)
--> Day : 4
-> Request 0
590
(1, 3, 2)
2
(44, 31)
-> Request 1
1113
(4, 2, 2)
2
(46, 45)
-> Request 2
1168
(3, 3, 2)
1
(60, 69)
-> Request 3
1309
(3, 3, 2)
1
(53, 34)
---> Week : 40
--> Day : 0
-> Request 0
132
(3, 2, 1)
1
(54, 76)
-> Request 1
170
(4, 1, 1)
3
(55, 67)
-> Request 2
539
(4, 2, 1)
3
(61, 71)
-> Request 3
670
(3, 1, 1)
1
(58, 45)
-> Request 4
783
(2, 2, 2)
1
(56, 37)
-> Request 5
906
(3, 1, 2)
1
(44, 79)
-> Request 6
1008
(2, 3, 1)
1
(21, 48)
--> Day : 1
-> Request 0
543
(4, 3, 1)
2
(3, 8)
-> Request 1
892
(4, 2, 2)
2
(45, 36)
-> Request 2
1089
(2, 1, 1)
2
(55, 37)
-> Request 3
1392
(3, 2, 2)
1
(9, 28)
--> Day : 2
-> Request 0
1015
(1, 2, 2)
1
(56, 33)
--> Day : 3
-> Request 0
38
(2, 2, 1)
1
(63, 69)
-> Request 1
354
(1, 3, 2)
2
(2, 51)
-> Request 2
444
(3, 3, 2)
2
(46, 38)
-> Request 3
511
(2, 2, 2)
2
(55, 38)
-> Request 4
626
(4, 2, 1)
2
(64, 66)
-> Request 5
670
(1, 2, 1)
3
(57, 34)
-> Request 6
1360
(4, 3, 1)
2
(43, 32)
--> Day : 4
-> Request 0
26
(4, 2, 1)
1
(71, 66)
-> Request 1
113
(1, 3, 2)
3
(8, 34)
-> Request 2
131
(4, 1, 1)
1
(54, 71)
-> Request 3
980
(3, 1, 1)
1
(9, 33)
-> Request 4
1018
(4, 2, 1)
2
(60, 77)
---> Week : 41
--> Day : 0
-> Request 0
25
(1, 2, 1)
3
(56, 75)
-> Request 1
116
(4, 2, 1)
1
(77, 66)
-> Request 2
194
(2, 3, 1)
1
(14, 26)
-> Request 3
1024
(2, 2, 2)
2
(54, 45)
-> Request 4
1400
(4, 2, 2)
2
(13, 26)
--> Day : 1
-> Request 0
23
(3, 2, 2)
1
(61, 67)
-> Request 1
807
(2, 1, 2)
1
(53, 40)
-> Request 2
1096
(4, 3, 2)
3
(2, 1)
-> Request 3
1151
(2, 3, 2)
1
(55, 33)
--> Day : 2
-> Request 0
298
(4, 2, 2)
1
(59, 28)
--> Day : 3
-> Request 0
788
(3, 3, 1)
2
(69, 50)
-> Request 1
1127
(1, 2, 1)
2
(43, 33)
--> Day : 4
-> Request 0
427
(1, 2, 2)
3
(51, 45)
-> Request 1
515
(4, 3, 1)
2
(10, 11)
-> Request 2
611
(3, 2, 1)
2
(61, 35)
-> Request 3
696
(4, 3, 1)
3
(74, 60)
-> Request 4
926
(2, 1, 2)
2
(30, 28)
---> Week : 42
--> Day : 0
-> Request 0
869
(2, 3, 1)
1
(41, 63)
-> Request 1
945
(3, 2, 2)
1
(43, 45)
--> Day : 1
-> Request 0
213
(4, 3, 2)
2
(57, 35)
-> Request 1
314
(2, 2, 1)
1
(5, 35)
-> Request 2
1071
(3, 2, 1)
1
(46, 78)
-> Request 3
1193
(3, 3, 2)
2
(66, 74)
-> Request 4
1272
(4, 3, 1)
3
(61, 77)
--> Day : 2
-> Request 0
1052
(1, 1, 1)
1
(67, 58)
--> Day : 3
-> Request 0
293
(1, 2, 2)
1
(4, 17)
-> Request 1
355
(3, 1, 2)
3
(47, 41)
-> Request 2
361
(2, 2, 2)
2
(16, 0)
-> Request 3
532
(1, 1, 1)
3
(25, 29)
-> Request 4
601
(4, 2, 2)
2
(58, 64)
-> Request 5
633
(3, 2, 1)
3
(31, 40)
-> Request 6
687
(4, 1, 2)
3
(63, 65)
-> Request 7
888
(4, 1, 1)
1
(73, 47)
-> Request 8
1385
(1, 3, 1)
3
(41, 22)
-> Request 9
1428
(4, 3, 2)
3
(16, 9)
--> Day : 4
-> Request 0
693
(3, 1, 1)
3
(35, 12)
---> Week : 43
--> Day : 0
-> Request 0
215
(3, 2, 2)
3
(78, 49)
-> Request 1
498
(4, 1, 1)
2
(50, 40)
-> Request 2
627
(4, 3, 1)
2
(47, 79)
-> Request 3
642
(2, 2, 1)
1
(47, 22)
--> Day : 1
-> Request 0
195
(3, 2, 1)
2
(66, 76)
-> Request 1
932
(2, 1, 1)
1
(40, 54)
-> Request 2
940
(1, 3, 2)
3
(60, 44)
--> Day : 2
-> Request 0
579
(1, 1, 1)
1
(64, 75)
--> Day : 3
-> Request 0
1397
(2, 1, 1)
1
(56, 66)
-> Request 1
1436
(1, 2, 2)
3
(55, 39)
--> Day : 4
-> Request 0
58
(3, 1, 1)
2
(49, 56)
-> Request 1
155
(4, 3, 2)
2
(71, 66)
-> Request 2
626
(2, 1, 1)
1
(6, 7)
-> Request 3
693
(3, 3, 1)
1
(40, 66)
-> Request 4
1014
(4, 1, 1)
1
(12, 25)
-> Request 5
1081
(4, 2, 1)
1
(54, 46)
---> Week : 44
--> Day : 0
-> Request 0
298
(3, 2, 2)
2
(65, 72)
-> Request 1
384
(4, 1, 2)
1
(61, 71)
-> Request 2
467
(3, 1, 2)
2
(65, 70)
-> Request 3
747
(1, 1, 1)
2
(46, 36)
-> Request 4
751
(3, 2, 2)
3
(55, 77)
-> Request 5
907
(1, 1, 1)
3
(56, 62)
-> Request 6
986
(3, 2, 1)
3
(62, 77)
-> Request 7
1059
(2, 3, 1)
1
(46, 26)
-> Request 8
1093
(3, 1, 1)
1
(73, 30)
-> Request 9
1298
(4, 2, 2)
1
(62, 46)
--> Day : 1
-> Request 0
112
(1, 3, 2)
3
(38, 26)
-> Request 1
426
(3, 3, 2)
1
(33, 21)
-> Request 2
648
(2, 1, 2)
3
(77, 38)
-> Request 3
1002
(1, 2, 2)
3
(57, 67)
-> Request 4
1066
(3, 3, 1)
2
(47, 28)
--> Day : 2
-> Request 0
103
(1, 3, 1)
1
(28, 36)
-> Request 1
171
(3, 3, 1)
2
(54, 64)
--> Day : 3
-> Request 0
754
(3, 2, 2)
1
(50, 44)
-> Request 1
946
(2, 2, 1)
1
(13, 25)
-> Request 2
1361
(1, 3, 2)
2
(7, 67)
--> Day : 4
-> Request 0
303
(1, 2, 2)
1
(55, 39)
-> Request 1
412
(2, 3, 2)
3
(6, 34)
-> Request 2
482
(2, 2, 1)
1
(53, 78)
-> Request 3
741
(2, 1, 1)
3
(10, 27)
-> Request 4
1126
(1, 2, 2)
2
(46, 31)
---> Week : 45
--> Day : 0
-> Request 0
48
(4, 1, 1)
2
(50, 46)
-> Request 1
127
(1, 1, 2)
2
(31, 67)
-> Request 2
1166
(4, 1, 2)
3
(65, 64)
-> Request 3
1431
(3, 3, 2)
3
(60, 40)
--> Day : 1
-> Request 0
191
(4, 3, 2)
1
(77, 3)
-> Request 1
194
(1, 3, 2)
1
(55, 69)
-> Request 2
243
(2, 3, 1)
2
(51, 36)
-> Request 3
1117
(3, 3, 2)
2
(54, 48)
-> Request 4
1133
(4, 1, 1)
3
(55, 55)
-> Request 5
1224
(2, 3, 1)
3
(47, 40)
--> Day : 2
-> Request 0
593
(4, 1, 1)
3
(14, 2)
-> Request 1
1139
(2, 3, 1)
1
(79, 54)
-> Request 2
1139
(1, 2, 1)
2
(0, 57)
-> Request 3
1376
(2, 1, 1)
3
(50, 31)
--> Day : 3
-> Request 0
64
(4, 1, 2)
1
(56, 46)
-> Request 1
311
(1, 1, 2)
1
(75, 72)
-> Request 2
439
(3, 1, 1)
2
(56, 34)
-> Request 3
621
(1, 2, 1)
1
(61, 58)
-> Request 4
646
(1, 2, 2)
2
(46, 44)
-> Request 5
692
(4, 2, 2)
1
(27, 17)
-> Request 6
960
(3, 1, 2)
3
(5, 77)
-> Request 7
1360
(2, 2, 1)
2
(46, 34)
--> Day : 4
-> Request 0
124
(2, 3, 1)
2
(50, 25)
-> Request 1
572
(1, 3, 1)
3
(63, 70)
-> Request 2
712
(1, 3, 1)
3
(49, 29)
-> Request 3
873
(4, 3, 2)
1
(49, 2)
---> Week : 46
--> Day : 0
-> Request 0
280
(3, 3, 1)
1
(58, 28)
-> Request 1
632
(4, 1, 2)
1
(13, 79)
-> Request 2
860
(3, 1, 2)
1
(18, 1)
--> Day : 1
-> Request 0
84
(3, 3, 2)
2
(46, 39)
-> Request 1
370
(2, 2, 2)
3
(43, 50)
-> Request 2
555
(1, 2, 2)
1
(55, 77)
-> Request 3
818
(3, 2, 2)
3
(76, 41)
-> Request 4
1362
(1, 2, 2)
1
(56, 40)
-> Request 5
1380
(3, 1, 2)
3
(57, 36)
--> Day : 2
-> Request 0
261
(1, 3, 2)
2
(53, 77)
-> Request 1
464
(2, 3, 2)
3
(53, 43)
-> Request 2
750
(2, 1, 2)
2
(32, 53)
--> Day : 3
-> Request 0
573
(3, 2, 1)
2
(64, 59)
-> Request 1
607
(4, 1, 2)
2
(58, 36)
-> Request 2
757
(3, 3, 1)
3
(10, 27)
-> Request 3
1247
(2, 3, 1)
2
(49, 42)
--> Day : 4
-> Request 0
333
(4, 3, 2)
2
(48, 55)
-> Request 1
671
(3, 3, 1)
2
(60, 32)
-> Request 2
1243
(3, 2, 2)
3
(77, 20)
-> Request 3
1273
(3, 2, 2)
1
(52, 66)
---> Week : 47
--> Day : 0
-> Request 0
672
(4, 2, 2)
2
(43, 73)
-> Request 1
1048
(4, 3, 1)
1
(41, 30)
-> Request 2
1390
(2, 2, 2)
2
(19, 27)
--> Day : 1
-> Request 0
94
(4, 2, 1)
1
(56, 43)
-> Request 1
412
(1, 1, 2)
2
(23, 62)
-> Request 2
477
(2, 1, 2)
3
(7, 74)
-> Request 3
662
(3, 1, 2)
3
(46, 38)
-> Request 4
960
(2, 3, 1)
2
(62, 42)
-> Request 5
1051
(3, 1, 1)
3
(11, 37)
--> Day : 2
-> Request 0
189
(3, 1, 2)
1
(69, 36)
-> Request 1
252
(1, 1, 2)
3
(56, 32)
-> Request 2
402
(1, 2, 2)
3
(60, 32)
-> Request 3
569
(2, 3, 1)
2
(69, 52)
-> Request 4
914
(3, 2, 2)
2
(56, 37)
--> Day : 3
-> Request 0
370
(4, 1, 1)
2
(57, 13)
-> Request 1
522
(4, 3, 2)
2
(56, 72)
-> Request 2
748
(3, 2, 1)
1
(10, 61)
-> Request 3
1315
(4, 2, 2)
3
(15, 20)
-> Request 4
1338
(3, 3, 1)
3
(58, 74)
--> Day : 4
-> Request 0
285
(4, 3, 2)
3
(31, 71)
-> Request 1
309
(1, 3, 2)
2
(3, 68)
-> Request 2
605
(3, 2, 2)
3
(54, 65)
-> Request 3
636
(2, 3, 1)
1
(70, 64)
-> Request 4
797
(2, 2, 1)
1
(22, 78)
-> Request 5
1017
(2, 3, 1)
2
(29, 27)
-> Request 6
1078
(3, 3, 2)
3
(24, 31)
-> Request 7
1093
(3, 3, 2)
3
(42, 72)
-> Request 8
1157
(4, 3, 1)
3
(64, 57)
---> Week : 48
--> Day : 0
-> Request 0
255
(2, 2, 2)
1
(45, 58)
-> Request 1
380
(4, 1, 1)
3
(3, 68)
-> Request 2
792
(3, 3, 1)
3
(46, 36)
-> Request 3
821
(1, 2, 2)
2
(40, 69)
-> Request 4
912
(3, 1, 2)
1
(11, 25)
-> Request 5
1101
(4, 2, 2)
2
(10, 21)
--> Day : 1
-> Request 0
223
(1, 1, 2)
2
(61, 74)
--> Day : 2
-> Request 0
22
(4, 1, 1)
2
(54, 35)
-> Request 1
278
(4, 2, 1)
3
(38, 74)
-> Request 2
350
(3, 3, 1)
2
(43, 65)
-> Request 3
511
(2, 3, 2)
1
(46, 34)
-> Request 4
518
(1, 3, 2)
1
(51, 28)
-> Request 5
519
(4, 1, 1)
1
(18, 67)
-> Request 6
619
(1, 1, 1)
1
(46, 43)
-> Request 7
889
(3, 2, 1)
2
(44, 42)
-> Request 8
993
(1, 1, 2)
3
(76, 52)
-> Request 9
1029
(1, 1, 2)
1
(62, 76)
--> Day : 3
-> Request 0
645
(4, 1, 1)
1
(63, 66)
-> Request 1
931
(3, 1, 2)
2
(2, 3)
-> Request 2
1274
(1, 1, 1)
2
(54, 58)
--> Day : 4
-> Request 0
638
(4, 2, 2)
1
(52, 78)
-> Request 1
743
(2, 2, 2)
2
(51, 35)
-> Request 2
1166
(2, 1, 1)
3
(9, 11)
-> Request 3
1268
(2, 3, 1)
1
(59, 77)
---> Week : 49
--> Day : 0
-> Request 0
89
(3, 3, 1)
1
(44, 27)
-> Request 1
371
(2, 2, 1)
3
(13, 28)
-> Request 2
699
(2, 2, 1)
3
(55, 71)
-> Request 3
1307
(4, 1, 1)
1
(16, 22)
--> Day : 1
-> Request 0
514
(3, 3, 2)
1
(60, 40)
-> Request 1
1214
(3, 1, 2)
1
(18, 32)
--> Day : 2
-> Request 0
714
(4, 2, 2)
3
(30, 43)
--> Day : 3
-> Request 0
387
(2, 1, 1)
3
(45, 38)
-> Request 1
561
(1, 3, 2)
3
(15, 28)
-> Request 2
1377
(4, 2, 1)
3
(34, 15)
--> Day : 4
-> Request 0
430
(4, 3, 1)
1
(58, 44)
---> Week : 50
--> Day : 0
-> Request 0
312
(4, 3, 1)
2
(10, 23)
-> Request 1
584
(4, 3, 2)
1
(54, 37)
-> Request 2
693
(1, 3, 2)
1
(26, 0)
--> Day : 1
-> Request 0
234
(2, 3, 1)
2
(43, 43)
-> Request 1
693
(4, 1, 2)
2
(53, 33)
-> Request 2
919
(2, 2, 1)
2
(65, 72)
-> Request 3
1224
(1, 2, 1)
2
(62, 16)
--> Day : 2
-> Request 0
529
(4, 2, 2)
1
(61, 70)
-> Request 1
556
(4, 1, 2)
3
(57, 64)
-> Request 2
1114
(2, 1, 1)
3
(58, 31)
--> Day : 3
-> Request 0
720
(4, 2, 1)
2
(71, 58)
--> Day : 4
-> Request 0
574
(4, 1, 2)
2
(53, 42)
-> Request 1
612
(3, 3, 2)
2
(5, 29)
-> Request 2
660
(2, 1, 2)
2
(15, 20)
-> Request 3
831
(3, 3, 1)
2
(10, 22)
---> Week : 51
--> Day : 0
-> Request 0
588
(3, 3, 2)
2
(9, 28)
-> Request 1
1264
(3, 1, 2)
1
(55, 43)
-> Request 2
1425
(4, 2, 2)
3
(48, 77)
--> Day : 1
-> Request 0
388
(3, 1, 1)
3
(51, 29)
-> Request 1
411
(4, 3, 1)
3
(43, 38)
-> Request 2
447
(3, 3, 1)
2
(43, 35)
-> Request 3
535
(1, 2, 2)
3
(5, 50)
--> Day : 2
-> Request 0
396
(4, 2, 1)
1
(44, 46)
-> Request 1
417
(4, 2, 1)
1
(17, 17)
-> Request 2
822
(3, 1, 1)
1
(62, 14)
-> Request 3
1237
(1, 1, 1)
2
(66, 71)
--> Day : 3
-> Request 0
613
(4, 3, 2)
3
(24, 9)
-> Request 1
700
(1, 2, 1)
2
(62, 76)
-> Request 2
1330
(4, 2, 2)
2
(15, 22)
--> Day : 4
-> Request 0
948
(4, 1, 1)
3
(52, 66)
---> Week : 52
--> Day : 0
-> Request 0
18
(1, 1, 1)
3
(76, 33)
-> Request 1
514
(2, 3, 2)
3
(49, 21)
-> Request 2
943
(4, 1, 2)
1
(58, 63)
-> Request 3
1211
(3, 3, 2)
3
(10, 22)
--> Day : 1
-> Request 0
81
(4, 2, 2)
3
(32, 59)
-> Request 1
1082
(3, 2, 2)
3
(33, 46)
--> Day : 2
-> Request 0
558
(2, 2, 1)
3
(7, 18)
-> Request 1
826
(2, 2, 2)
2
(55, 16)
-> Request 2
1012
(3, 2, 2)
1
(56, 30)
--> Day : 3
-> Request 0
946
(3, 3, 1)
2
(48, 32)
--> Day : 4
-> Request 0
59
(4, 3, 1)
3
(21, 23)
-> Request 1
112
(3, 3, 2)
2
(74, 11)
-> Request 2
459
(3, 2, 1)
3
(69, 78)
-> Request 3
1262
(4, 3, 2)
1
(11, 26)
---> Week : 53
--> Day : 0
-> Request 0
241
(2, 2, 1)
1
(51, 30)
-> Request 1
521
(1, 3, 1)
2
(13, 29)
-> Request 2
655
(3, 1, 1)
2
(62, 32)
-> Request 3
1322
(3, 3, 2)
1
(25, 33)
--> Day : 1
-> Request 0
1136
(4, 1, 2)
1
(69, 75)
-> Request 1
1353
(4, 1, 1)
1
(52, 39)
--> Day : 2
-> Request 0
496
(1, 3, 2)
3
(45, 40)
--> Day : 3
-> Request 0
966
(3, 2, 1)
1
(55, 54)
-> Request 1
995
(2, 1, 1)
2
(33, 71)
-> Request 2
1087
(4, 2, 1)
3
(54, 33)
--> Day : 4
-> Request 0
83
(4, 3, 2)
3
(50, 35)
-> Request 1
201
(3, 2, 2)
2
(12, 12)
-> Request 2
948
(1, 1, 1)
2
(58, 67)
-> Request 3
1308
(3, 2, 2)
1
(51, 46)
---> Week : 54
--> Day : 0
-> Request 0
330
(2, 1, 2)
3
(53, 36)
-> Request 1
517
(3, 2, 1)
2
(29, 55)
-> Request 2
605
(4, 3, 1)
1
(27, 7)
-> Request 3
893
(2, 2, 1)
1
(52, 61)
-> Request 4
971
(4, 3, 2)
1
(69, 13)
-> Request 5
1067
(2, 2, 2)
2
(48, 22)
-> Request 6
1221
(2, 3, 1)
1
(16, 29)
--> Day : 1
-> Request 0
226
(4, 2, 1)
2
(62, 71)
-> Request 1
952
(3, 2, 2)
1
(66, 77)
--> Day : 2
-> Request 0
103
(3, 1, 1)
1
(56, 38)
-> Request 1
359
(2, 1, 2)
2
(44, 31)
-> Request 2
527
(3, 1, 2)
1
(10, 38)
-> Request 3
884
(1, 1, 1)
2
(60, 74)
-> Request 4
995
(1, 3, 2)
1
(48, 41)
--> Day : 3
-> Request 0
200
(2, 2, 2)
1
(45, 27)
-> Request 1
375
(2, 2, 2)
2
(44, 15)
--> Day : 4
-> Request 0
11
(1, 3, 2)
1
(44, 35)
---> Week : 55
--> Day : 0
-> Request 0
203
(2, 2, 1)
3
(58, 75)
-> Request 1
273
(1, 2, 2)
3
(50, 29)
-> Request 2
478
(4, 2, 2)
3
(52, 44)
-> Request 3
675
(1, 3, 1)
1
(61, 41)
-> Request 4
722
(1, 3, 2)
1
(58, 60)
-> Request 5
867
(4, 1, 2)
1
(40, 44)
-> Request 6
1130
(2, 3, 1)
2
(46, 28)
-> Request 7
1142
(4, 1, 1)
1
(17, 29)
--> Day : 1
-> Request 0
309
(4, 1, 2)
2
(45, 32)
-> Request 1
1167
(4, 2, 1)
3
(5, 49)
--> Day : 2
-> Request 0
181
(4, 2, 1)
2
(51, 34)
-> Request 1
761
(4, 3, 1)
3
(64, 67)
--> Day : 3
-> Request 0
67
(1, 3, 2)
3
(50, 44)
-> Request 1
251
(4, 2, 1)
1
(31, 62)
-> Request 2
256
(3, 1, 2)
3
(49, 39)
-> Request 3
301
(3, 2, 1)
2
(5, 44)
-> Request 4
813
(4, 3, 2)
1
(47, 28)
--> Day : 4
-> Request 0
367
(1, 2, 1)
3
(8, 39)
-> Request 1
729
(1, 3, 1)
1
(16, 21)
-> Request 2
840
(2, 1, 2)
1
(58, 75)
-> Request 3
1252
(2, 2, 1)
3
(39, 15)
-> Request 4
1424
(3, 3, 2)
2
(47, 45)
---> Week : 56
--> Day : 0
-> Request 0
60
(1, 3, 1)
2
(52, 69)
-> Request 1
152
(4, 3, 2)
3
(20, 60)
-> Request 2
215
(4, 1, 1)
2
(51, 37)
-> Request 3
407
(3, 1, 2)
2
(1, 34)
-> Request 4
933
(2, 1, 2)
2
(59, 68)
-> Request 5
1173
(4, 1, 2)
3
(32, 55)
--> Day : 1
-> Request 0
25
(2, 1, 2)
1
(52, 78)
-> Request 1
212
(2, 1, 2)
3
(49, 37)
-> Request 2
212
(1, 1, 1)
2
(48, 29)
-> Request 3
360
(1, 1, 1)
3
(63, 67)
-> Request 4
839
(4, 1, 2)
1
(48, 29)
--> Day : 2
-> Request 0
321
(1, 3, 2)
3
(71, 58)
-> Request 1
424
(4, 1, 2)
1
(53, 9)
-> Request 2
697
(4, 1, 2)
3
(64, 37)
-> Request 3
761
(3, 3, 2)
2
(37, 17)
-> Request 4
915
(3, 1, 2)
1
(16, 52)
-> Request 5
1059
(2, 3, 2)
3
(59, 16)
-> Request 6
1344
(2, 2, 1)
2
(54, 72)
--> Day : 3
-> Request 0
101
(3, 1, 2)
2
(59, 73)
-> Request 1
795
(2, 2, 2)
3
(65, 76)
--> Day : 4
-> Request 0
64
(1, 2, 2)
3
(63, 65)
-> Request 1
249
(3, 1, 2)
2
(61, 78)
-> Request 2
290
(4, 2, 1)
3
(53, 42)
-> Request 3
1173
(4, 1, 2)
3
(52, 35)
---> Week : 57
--> Day : 0
-> Request 0
20
(1, 3, 2)
2
(25, 14)
-> Request 1
123
(1, 3, 2)
3
(55, 46)
-> Request 2
1158
(2, 3, 2)
1
(52, 43)
--> Day : 1
-> Request 0
466
(4, 2, 2)
2
(70, 63)
-> Request 1
611
(1, 1, 1)
1
(48, 76)
-> Request 2
672
(4, 2, 2)
1
(29, 42)
-> Request 3
691
(1, 1, 2)
3
(52, 35)
-> Request 4
710
(1, 1, 1)
3
(44, 44)
-> Request 5
1280
(2, 2, 2)
2
(55, 71)
-> Request 6
1405
(2, 3, 2)
3
(53, 70)
--> Day : 2
-> Request 0
548
(2, 3, 1)
2
(48, 39)
-> Request 1
913
(1, 3, 1)
2
(58, 41)
--> Day : 3
-> Request 0
37
(4, 2, 1)
2
(58, 42)
-> Request 1
395
(4, 2, 1)
2
(32, 9)
-> Request 2
489
(2, 1, 1)
3
(56, 35)
-> Request 3
1420
(1, 3, 2)
2
(6, 2)
--> Day : 4
-> Request 0
165
(3, 3, 2)
1
(21, 65)
-> Request 1
316
(1, 3, 2)
3
(4, 72)
-> Request 2
582
(1, 1, 2)
3
(37, 28)
-> Request 3
765
(3, 2, 1)
1
(12, 26)
-> Request 4
1428
(3, 1, 1)
3
(51, 47)
---> Week : 58
--> Day : 0
-> Request 0
2
(4, 2, 2)
3
(8, 20)
-> Request 1
405
(1, 3, 1)
1
(79, 6)
-> Request 2
1194
(4, 2, 2)
3
(45, 63)
--> Day : 1
-> Request 0
60
(1, 3, 2)
1
(5, 78)
-> Request 1
228
(4, 1, 2)
3
(3, 43)
-> Request 2
278
(3, 2, 2)
3
(47, 34)
-> Request 3
355
(3, 3, 1)
1
(76, 32)
-> Request 4
742
(1, 3, 1)
1
(24, 34)
-> Request 5
1155
(4, 2, 1)
2
(38, 60)
-> Request 6
1247
(4, 1, 1)
1
(65, 76)
--> Day : 2
-> Request 0
39
(4, 2, 2)
3
(10, 36)
-> Request 1
812
(4, 2, 2)
2
(47, 39)
--> Day : 3
-> Request 0
558
(1, 1, 2)
2
(79, 78)
-> Request 1
575
(2, 1, 2)
2
(61, 69)
-> Request 2
717
(4, 1, 1)
2
(4, 53)
-> Request 3
1136
(1, 1, 1)
1
(60, 18)
-> Request 4
1139
(2, 3, 1)
2
(54, 29)
-> Request 5
1154
(3, 3, 2)
2
(49, 38)
-> Request 6
1190
(3, 3, 1)
1
(28, 48)
--> Day : 4
-> Request 0
731
(3, 1, 1)
2
(64, 64)
-> Request 1
917
(1, 2, 1)
3
(53, 43)
---> Week : 59
--> Day : 0
-> Request 0
248
(2, 3, 2)
1
(63, 68)
-> Request 1
418
(3, 1, 2)
1
(15, 70)
-> Request 2
580
(2, 1, 2)
2
(59, 42)
-> Request 3
617
(3, 2, 2)
1
(29, 27)
--> Day : 1
-> Request 0
330
(2, 3, 1)
2
(13, 23)
-> Request 1
469
(1, 1, 2)
3
(24, 21)
--> Day : 2
-> Request 0
414
(4, 3, 1)
3
(43, 32)
-> Request 1
774
(4, 3, 1)
3
(43, 29)
-> Request 2
788
(4, 1, 1)
2
(54, 50)
-> Request 3
1116
(1, 1, 2)
3
(62, 31)
-> Request 4
1356
(3, 3, 1)
1
(54, 12)
--> Day : 3
-> Request 0
357
(1, 2, 2)
3
(2, 4)
-> Request 1
409
(2, 1, 1)
1
(4, 53)
-> Request 2
454
(2, 1, 2)
1
(60, 40)
-> Request 3
922
(3, 3, 1)
1
(58, 44)
-> Request 4
992
(1, 2, 1)
1
(60, 64)
-> Request 5
1253
(3, 1, 2)
3
(78, 37)
--> Day : 4
-> Request 0
284
(2, 3, 1)
3
(62, 18)
-> Request 1
885
(3, 3, 1)
3
(6, 4)
-> Request 2
976
(3, 2, 2)
3
(50, 38)
-> Request 3
1088
(2, 2, 1)
2
(61, 32)
---> Week : 60
--> Day : 0
-> Request 0
970
(4, 3, 2)
1
(50, 35)
--> Day : 1
-> Request 0
304
(3, 3, 2)
2
(5, 9)
-> Request 1
426
(4, 1, 1)
3
(14, 28)
-> Request 2
477
(2, 1, 1)
1
(39, 3)
-> Request 3
617
(2, 3, 1)
2
(24, 0)
-> Request 4
682
(1, 1, 1)
1
(63, 76)
-> Request 5
889
(3, 3, 1)
2
(55, 64)
-> Request 6
1044
(4, 2, 1)
2
(52, 32)
--> Day : 2
-> Request 0
562
(3, 2, 1)
2
(68, 16)
-> Request 1
653
(4, 3, 1)
1
(7, 46)
-> Request 2
740
(3, 1, 2)
2
(51, 79)
-> Request 3
1096
(3, 2, 2)
2
(63, 65)
--> Day : 3
-> Request 0
231
(1, 3, 1)
3
(42, 75)
-> Request 1
888
(2, 2, 1)
3
(33, 37)
-> Request 2
940
(4, 3, 2)
1
(40, 18)
--> Day : 4
-> Request 0
269
(3, 3, 1)
2
(58, 60)
-> Request 1
482
(3, 2, 2)
3
(51, 30)
-> Request 2
658
(4, 3, 2)
1
(14, 53)
-> Request 3
661
(2, 1, 2)
3
(57, 77)
-> Request 4
898
(4, 1, 2)
1
(21, 20)
-> Request 5
1044
(1, 1, 1)
3
(45, 42)
---> Week : 61
--> Day : 0
-> Request 0
250
(1, 2, 1)
3
(46, 30)
-> Request 1
263
(2, 2, 2)
3
(26, 25)
-> Request 2
383
(4, 3, 1)
2
(10, 58)
-> Request 3
431
(2, 1, 2)
2
(47, 33)
-> Request 4
769
(1, 3, 1)
3
(50, 34)
-> Request 5
944
(3, 3, 2)
2
(11, 23)
--> Day : 1
-> Request 0
149
(4, 1, 2)
1
(55, 36)
-> Request 1
153
(3, 3, 2)
3
(15, 20)
-> Request 2
326
(2, 3, 2)
2
(11, 65)
-> Request 3
368
(2, 2, 1)
2
(62, 43)
-> Request 4
1144
(2, 3, 1)
2
(57, 37)
-> Request 5
1211
(3, 2, 2)
1
(17, 77)
--> Day : 2
-> Request 0
79
(2, 1, 2)
2
(59, 46)
-> Request 1
581
(1, 1, 2)
2
(28, 66)
-> Request 2
634
(2, 1, 1)
1
(15, 0)
-> Request 3
1030
(3, 1, 2)
3
(16, 28)
--> Day : 3
-> Request 0
686
(1, 2, 1)
2
(47, 31)
-> Request 1
1392
(1, 3, 1)
2
(54, 64)
--> Day : 4
-> Request 0
584
(3, 1, 1)
2
(11, 58)
-> Request 1
967
(4, 1, 2)
3
(58, 46)
---> Week : 62
--> Day : 0
-> Request 0
276
(2, 3, 1)
2
(58, 71)
-> Request 1
484
(4, 2, 1)
2
(57, 27)
-> Request 2
775
(4, 2, 2)
1
(78, 12)
-> Request 3
778
(3, 2, 1)
3
(13, 69)
-> Request 4
825
(4, 3, 1)
2
(7, 71)
-> Request 5
971
(1, 3, 2)
2
(54, 69)
--> Day : 1
-> Request 0
174
(1, 1, 2)
1
(47, 43)
-> Request 1
189
(2, 1, 1)
1
(58, 35)
-> Request 2
571
(3, 3, 2)
1
(66, 54)
-> Request 3
657
(4, 2, 1)
2
(38, 73)
-> Request 4
924
(3, 1, 2)
3
(18, 32)
-> Request 5
983
(3, 2, 1)
3
(53, 31)
--> Day : 2
-> Request 0
167
(3, 3, 2)
1
(45, 38)
-> Request 1
209
(3, 1, 1)
2
(14, 55)
-> Request 2
772
(3, 2, 1)
2
(53, 38)
-> Request 3
1126
(2, 1, 2)
1
(79, 64)
--> Day : 3
-> Request 0
992
(3, 2, 2)
2
(14, 22)
-> Request 1
1389
(1, 2, 2)
3
(59, 37)
-> Request 2
1399
(1, 3, 1)
3
(59, 1)
--> Day : 4
-> Request 0
735
(1, 3, 1)
1
(43, 43)
-> Request 1
1164
(2, 3, 1)
1
(63, 73)
-> Request 2
1193
(4, 2, 2)
2
(59, 31)
---> Week : 63
--> Day : 0
-> Request 0
125
(1, 3, 2)
2
(45, 68)
-> Request 1
572
(2, 3, 2)
3
(69, 74)
-> Request 2
638
(4, 1, 2)
3
(66, 72)
--> Day : 1
-> Request 0
644
(1, 1, 2)
1
(9, 28)
-> Request 1
1032
(3, 1, 2)
1
(9, 28)
-> Request 2
1313
(4, 1, 1)
1
(46, 45)
--> Day : 2
-> Request 0
123
(2, 1, 1)
1
(55, 43)
-> Request 1
741
(1, 3, 2)
3
(51, 41)
-> Request 2
838
(4, 2, 2)
1
(30, 4)
-> Request 3
993
(3, 1, 2)
3
(77, 57)
--> Day : 3
-> Request 0
8
(2, 1, 2)
2
(34, 56)
-> Request 1
27
(3, 1, 1)
3
(7, 68)
-> Request 2
300
(3, 2, 2)
2
(63, 77)
-> Request 3
414
(4, 3, 2)
2
(63, 69)
-> Request 4
450
(4, 2, 1)
3
(66, 73)
-> Request 5
500
(4, 1, 2)
2
(62, 37)
-> Request 6
1100
(3, 3, 1)
1
(43, 39)
-> Request 7
1410
(3, 3, 2)
1
(53, 70)
--> Day : 4
-> Request 0
142
(3, 3, 2)
2
(52, 69)
-> Request 1
326
(3, 2, 1)
3
(9, 26)
-> Request 2
479
(2, 1, 2)
3
(58, 35)
-> Request 3
785
(1, 1, 2)
1
(57, 37)
---> Week : 64
--> Day : 0
-> Request 0
610
(2, 3, 1)
3
(16, 50)
-> Request 1
947
(4, 3, 1)
2
(64, 43)
-> Request 2
1221
(4, 2, 2)
2
(55, 76)
--> Day : 1
-> Request 0
294
(2, 3, 1)
2
(45, 29)
-> Request 1
384
(4, 3, 2)
2
(6, 65)
-> Request 2
722
(4, 3, 1)
3
(2, 22)
-> Request 3
939
(1, 1, 1)
3
(66, 64)
-> Request 4
1119
(3, 2, 2)
2
(8, 23)
--> Day : 2
-> Request 0
403
(3, 3, 1)
1
(73, 20)
-> Request 1
415
(1, 3, 1)
3
(60, 64)
-> Request 2
664
(2, 2, 1)
1
(49, 5)
-> Request 3
1166
(4, 3, 1)
2
(58, 69)
-> Request 4
1239
(3, 3, 1)
2
(42, 60)
--> Day : 3
-> Request 0
340
(3, 3, 2)
2
(33, 62)
-> Request 1
830
(2, 2, 2)
3
(78, 23)
-> Request 2
943
(3, 2, 1)
3
(61, 34)
-> Request 3
1220
(2, 2, 1)
1
(32, 30)
--> Day : 4
-> Request 0
927
(2, 2, 1)
1
(66, 67)
-> Request 1
999
(2, 2, 2)
2
(59, 35)
-> Request 2
1295
(1, 3, 1)
3
(46, 39)
---> Week : 65
--> Day : 0
-> Request 0
460
(3, 2, 2)
3
(32, 20)
-> Request 1
480
(2, 2, 2)
3
(55, 72)
-> Request 2
1023
(2, 2, 2)
2
(10, 70)
-> Request 3
1368
(2, 3, 1)
2
(66, 69)
--> Day : 1
-> Request 0
537
(1, 1, 2)
3
(50, 33)
-> Request 1
724
(2, 2, 2)
3
(51, 65)
--> Day : 2
-> Request 0
368
(2, 3, 1)
3
(52, 76)
-> Request 1
411
(1, 3, 1)
2
(56, 32)
-> Request 2
569
(1, 2, 1)
3
(44, 37)
-> Request 3
1066
(4, 1, 1)
1
(64, 49)
--> Day : 3
-> Request 0
1234
(2, 2, 2)
1
(55, 39)
--> Day : 4
-> Request 0
315
(4, 2, 2)
3
(10, 3)
-> Request 1
1432
(4, 2, 2)
2
(53, 30)
---> Week : 66
--> Day : 0
-> Request 0
369
(3, 3, 2)
3
(0, 5)
-> Request 1
457
(4, 2, 1)
1
(64, 77)
-> Request 2
588
(4, 1, 2)
2
(43, 27)
-> Request 3
1017
(1, 1, 2)
1
(42, 63)
-> Request 4
1029
(4, 2, 1)
2
(61, 44)
--> Day : 1
-> Request 0
128
(4, 3, 1)
3
(61, 73)
-> Request 1
1389
(2, 3, 2)
2
(51, 44)
--> Day : 2
-> Request 0
141
(4, 1, 2)
1
(14, 32)
-> Request 1
235
(4, 1, 2)
1
(11, 26)
--> Day : 3
-> Request 0
124
(1, 3, 2)
3
(56, 75)
-> Request 1
441
(1, 3, 1)
3
(42, 24)
-> Request 2
967
(4, 3, 1)
3
(10, 5)
-> Request 3
1439
(1, 3, 2)
3
(50, 39)
--> Day : 4
-> Request 0
868
(1, 2, 2)
2
(2, 17)
-> Request 1
878
(1, 3, 2)
3
(47, 46)
---> Week : 67
--> Day : 0
-> Request 0
287
(2, 1, 2)
1
(61, 76)
-> Request 1
331
(3, 2, 2)
1
(41, 48)
-> Request 2
800
(2, 1, 1)
3
(28, 20)
-> Request 3
883
(4, 1, 2)
3
(32, 68)
-> Request 4
987
(3, 2, 2)
3
(57, 54)
-> Request 5
1218
(1, 2, 1)
3
(56, 32)
--> Day : 1
-> Request 0
179
(4, 3, 1)
1
(12, 0)
-> Request 1
411
(3, 1, 1)
1
(29, 33)
-> Request 2
539
(3, 3, 1)
1
(53, 31)
--> Day : 2
-> Request 0
6
(1, 3, 2)
1
(42, 45)
-> Request 1
129
(1, 2, 1)
3
(14, 20)
-> Request 2
895
(2, 2, 1)
1
(56, 33)
-> Request 3
1073
(3, 1, 2)
2
(37, 20)
-> Request 4
1100
(2, 1, 1)
2
(31, 3)
--> Day : 3
--> Day : 4
-> Request 0
123
(2, 2, 1)
3
(27, 9)
-> Request 1
238
(2, 2, 2)
1
(1, 75)
-> Request 2
416
(3, 2, 2)
2
(56, 45)
-> Request 3
1261
(4, 1, 2)
2
(2, 66)
---> Week : 68
--> Day : 0
-> Request 0
85
(3, 2, 1)
1
(44, 30)
-> Request 1
752
(4, 2, 2)
3
(46, 56)
-> Request 2
1210
(2, 2, 1)
3
(62, 46)
-> Request 3
1365
(3, 2, 2)
2
(74, 24)
--> Day : 1
-> Request 0
457
(1, 1, 1)
1
(63, 76)
-> Request 1
806
(2, 3, 2)
3
(9, 23)
--> Day : 2
-> Request 0
843
(1, 1, 1)
3
(10, 22)
-> Request 1
1065
(2, 2, 2)
2
(54, 78)
--> Day : 3
-> Request 0
162
(2, 2, 2)
2
(8, 23)
-> Request 1
509
(4, 2, 2)
3
(26, 5)
-> Request 2
642
(3, 2, 2)
3
(76, 37)
-> Request 3
697
(1, 3, 1)
2
(15, 26)
-> Request 4
1187
(4, 2, 1)
2
(42, 8)
--> Day : 4
-> Request 0
28
(1, 3, 2)
3
(35, 75)
-> Request 1
53
(2, 1, 1)
2
(11, 34)
-> Request 2
1215
(2, 3, 1)
2
(26, 17)
---> Week : 69
--> Day : 0
-> Request 0
924
(2, 1, 1)
2
(26, 67)
-> Request 1
1038
(3, 1, 1)
2
(79, 9)
-> Request 2
1077
(1, 1, 2)
2
(53, 34)
--> Day : 1
-> Request 0
41
(4, 3, 1)
2
(2, 0)
-> Request 1
460
(2, 1, 1)
3
(45, 63)
-> Request 2
947
(2, 3, 2)
3
(50, 14)
-> Request 3
1422
(1, 1, 2)
1
(48, 35)
--> Day : 2
-> Request 0
934
(3, 2, 1)
2
(21, 53)
--> Day : 3
-> Request 0
1100
(1, 1, 1)
2
(19, 61)
-> Request 1
1168
(1, 2, 1)
1
(59, 18)
--> Day : 4
-> Request 0
7
(4, 3, 1)
1
(62, 77)
-> Request 1
384
(4, 2, 1)
1
(67, 30)
-> Request 2
483
(2, 2, 2)
1
(43, 41)
-> Request 3
619
(3, 1, 1)
2
(63, 15)
---> Week : 70
--> Day : 0
-> Request 0
1036
(3, 2, 2)
2
(62, 31)
-> Request 1
1205
(2, 3, 2)
2
(39, 16)
-> Request 2
1435
(2, 1, 2)
1
(55, 63)
--> Day : 1
-> Request 0
234
(1, 1, 1)
1
(15, 22)
-> Request 1
321
(2, 3, 2)
1
(53, 37)
-> Request 2
517
(1, 3, 1)
1
(53, 64)
-> Request 3
888
(4, 3, 2)
3
(72, 68)
-> Request 4
1099
(3, 1, 2)
2
(42, 49)
-> Request 5
1129
(1, 1, 1)
2
(74, 35)
-> Request 6
1434
(4, 1, 1)
2
(51, 41)
--> Day : 2
-> Request 0
866
(1, 2, 1)
2
(73, 33)
--> Day : 3
-> Request 0
876
(4, 2, 1)
2
(66, 70)
--> Day : 4
-> Request 0
31
(3, 1, 2)
1
(54, 73)
-> Request 1
75
(3, 3, 2)
1
(22, 66)
-> Request 2
979
(3, 1, 1)
2
(67, 17)
-> Request 3
1021
(3, 3, 2)
2
(0, 47)
-> Request 4
1192
(3, 3, 1)
1
(50, 27)
---> Week : 71
--> Day : 0
-> Request 0
281
(1, 3, 1)
3
(58, 34)
-> Request 1
535
(3, 3, 2)
1
(9, 26)
-> Request 2
1085
(3, 3, 1)
2
(59, 33)
-> Request 3
1347
(3, 1, 1)
2
(54, 35)
--> Day : 1
-> Request 0
484
(2, 3, 2)
1
(53, 63)
-> Request 1
648
(2, 1, 1)
3
(13, 35)
--> Day : 2
-> Request 0
11
(2, 2, 1)
3
(51, 43)
-> Request 1
45
(4, 1, 2)
2
(78, 67)
-> Request 2
79
(4, 3, 2)
1
(58, 72)
-> Request 3
215
(2, 3, 1)
2
(13, 59)
-> Request 4
800
(1, 1, 2)
2
(40, 1)
-> Request 5
937
(4, 2, 1)
1
(44, 36)
-> Request 6
1213
(4, 3, 1)
1
(53, 67)
--> Day : 3
-> Request 0
2
(3, 3, 2)
1
(5, 3)
-> Request 1
608
(2, 2, 1)
3
(77, 30)
-> Request 2
1381
(3, 3, 2)
1
(49, 45)
--> Day : 4
-> Request 0
1257
(2, 2, 2)
1
(62, 29)
---> Week : 72
--> Day : 0
-> Request 0
91
(3, 2, 2)
2
(65, 42)
-> Request 1
216
(2, 3, 1)
1
(57, 27)
-> Request 2
322
(1, 2, 2)
2
(63, 76)
-> Request 3
664
(1, 3, 1)
2
(47, 43)
--> Day : 1
-> Request 0
899
(4, 2, 2)
1
(46, 45)
--> Day : 2
-> Request 0
176
(4, 3, 2)
3
(65, 78)
-> Request 1
959
(1, 1, 1)
3
(17, 20)
-> Request 2
1107
(3, 2, 2)
2
(12, 25)
-> Request 3
1244
(4, 1, 2)
3
(11, 50)
-> Request 4
1317
(4, 3, 2)
1
(62, 40)
--> Day : 3
-> Request 0
1264
(1, 1, 2)
1
(6, 20)
-> Request 1
1363
(2, 3, 1)
3
(60, 12)
--> Day : 4
-> Request 0
9
(3, 3, 2)
1
(62, 64)
-> Request 1
1024
(1, 1, 2)
2
(67, 1)
-> Request 2
1108
(1, 2, 2)
1
(49, 74)
-> Request 3
1202
(4, 1, 1)
3
(46, 11)
-> Request 4
1223
(2, 1, 2)
2
(46, 58)
-> Request 5
1277
(4, 1, 1)
3
(23, 6)
---> Week : 73
--> Day : 0
-> Request 0
35
(3, 2, 1)
3
(62, 64)
-> Request 1
439
(4, 2, 2)
2
(43, 30)
-> Request 2
448
(2, 3, 2)
2
(75, 61)
-> Request 3
478
(4, 2, 1)
3
(29, 0)
-> Request 4
596
(4, 2, 2)
1
(9, 59)
-> Request 5
940
(1, 3, 1)
2
(66, 71)
-> Request 6
1274
(2, 2, 1)
1
(59, 72)
--> Day : 1
-> Request 0
1318
(2, 2, 2)
1
(35, 51)
--> Day : 2
-> Request 0
138
(3, 2, 2)
2
(51, 25)
-> Request 1
282
(3, 2, 1)
1
(1, 27)
--> Day : 3
-> Request 0
607
(4, 2, 2)
1
(18, 46)
-> Request 1
701
(3, 3, 2)
2
(34, 18)
-> Request 2
1111
(4, 1, 2)
1
(7, 30)
--> Day : 4
-> Request 0
274
(3, 3, 1)
2
(50, 39)
-> Request 1
826
(4, 2, 1)
1
(17, 71)
---> Week : 74
--> Day : 0
-> Request 0
676
(3, 2, 1)
2
(64, 76)
-> Request 1
885
(1, 3, 2)
2
(17, 31)
-> Request 2
995
(1, 3, 1)
1
(10, 21)
-> Request 3
1036
(4, 2, 2)
2
(65, 77)
-> Request 4
1326
(4, 1, 1)
1
(65, 77)
-> Request 5
1379
(4, 2, 2)
1
(46, 27)
--> Day : 1
-> Request 0
91
(2, 3, 1)
1
(62, 20)
-> Request 1
268
(3, 3, 1)
1
(56, 71)
-> Request 2
550
(1, 2, 2)
2
(17, 27)
-> Request 3
912
(4, 3, 2)
2
(71, 16)
--> Day : 2
-> Request 0
117
(1, 3, 2)
2
(6, 13)
-> Request 1
200
(3, 1, 2)
2
(7, 34)
-> Request 2
488
(1, 3, 1)
2
(53, 27)
-> Request 3
1138
(4, 1, 1)
3
(36, 26)
-> Request 4
1159
(2, 1, 2)
1
(58, 31)
-> Request 5
1306
(4, 3, 1)
1
(67, 6)
--> Day : 3
-> Request 0
192
(3, 1, 2)
2
(14, 22)
-> Request 1
340
(2, 3, 2)
1
(77, 5)
-> Request 2
405
(3, 1, 2)
2
(61, 40)
-> Request 3
646
(2, 3, 1)
2
(60, 46)
-> Request 4
947
(1, 2, 2)
3
(11, 23)
--> Day : 4
-> Request 0
1060
(1, 3, 1)
1
(58, 73)
-> Request 1
1259
(2, 2, 2)
2
(66, 40)
---> Week : 75
--> Day : 0
-> Request 0
555
(1, 2, 2)
1
(45, 11)
-> Request 1
1085
(1, 1, 1)
2
(65, 76)
--> Day : 1
-> Request 0
708
(4, 2, 2)
3
(48, 51)
-> Request 1
916
(3, 1, 2)
2
(22, 2)
-> Request 2
1081
(1, 2, 2)
3
(16, 39)
-> Request 3
1097
(4, 2, 2)
1
(54, 69)
-> Request 4
1154
(4, 2, 2)
1
(11, 27)
--> Day : 2
-> Request 0
490
(2, 2, 1)
1
(43, 33)
-> Request 1
1198
(2, 3, 1)
1
(60, 63)
--> Day : 3
-> Request 0
486
(1, 2, 1)
3
(62, 42)
-> Request 1
832
(4, 2, 1)
2
(45, 36)
-> Request 2
1053
(1, 1, 1)
3
(28, 63)
--> Day : 4
-> Request 0
363
(1, 1, 1)
3
(1, 16)
-> Request 1
502
(1, 2, 2)
2
(61, 44)
-> Request 2
751
(3, 1, 1)
1
(59, 77)
-> Request 3
1204
(4, 3, 1)
3
(64, 75)
---> Week : 76
--> Day : 0
-> Request 0
294
(3, 3, 2)
3
(17, 24)
-> Request 1
418
(2, 2, 2)
3
(28, 52)
-> Request 2
1430
(2, 1, 1)
1
(57, 76)
--> Day : 1
-> Request 0
214
(2, 3, 1)
2
(61, 65)
-> Request 1
485
(2, 2, 1)
3
(76, 77)
-> Request 2
626
(4, 1, 1)
1
(22, 70)
--> Day : 2
-> Request 0
123
(3, 2, 1)
3
(1, 15)
-> Request 1
233
(1, 1, 1)
3
(74, 45)
-> Request 2
265
(2, 1, 2)
1
(47, 44)
-> Request 3
1043
(4, 3, 2)
2
(58, 73)
-> Request 4
1078
(1, 1, 1)
2
(36, 50)
--> Day : 3
-> Request 0
259
(3, 1, 1)
1
(31, 22)
--> Day : 4
-> Request 0
197
(2, 2, 1)
3
(46, 36)
-> Request 1
1047
(1, 2, 2)
3
(77, 61)
-> Request 2
1244
(4, 3, 1)
3
(24, 13)
-> Request 3
1376
(4, 1, 1)
3
(43, 13)
---> Week : 77
--> Day : 0
-> Request 0
122
(4, 3, 1)
1
(34, 2)
-> Request 1
264
(3, 1, 1)
3
(55, 34)
-> Request 2
457
(1, 1, 2)
3
(51, 27)
-> Request 3
865
(3, 3, 2)
2
(43, 34)
-> Request 4
1248
(3, 1, 2)
2
(24, 75)
-> Request 5
1377
(4, 2, 1)
2
(35, 39)
--> Day : 1
-> Request 0
159
(1, 2, 1)
3
(53, 75)
-> Request 1
314
(4, 3, 1)
3
(39, 40)
-> Request 2
1120
(2, 3, 2)
2
(1, 45)
--> Day : 2
-> Request 0
380
(4, 3, 1)
2
(11, 28)
-> Request 1
599
(2, 3, 2)
3
(8, 1)
-> Request 2
633
(4, 2, 1)
3
(51, 42)
-> Request 3
672
(1, 1, 2)
1
(31, 64)
-> Request 4
704
(1, 1, 1)
1
(64, 77)
-> Request 5
1015
(1, 2, 1)
3
(49, 31)
-> Request 6
1089
(4, 2, 1)
1
(55, 68)
-> Request 7
1301
(4, 3, 2)
2
(53, 40)
--> Day : 3
-> Request 0
262
(4, 1, 2)
1
(58, 33)
-> Request 1
1027
(1, 1, 1)
3
(46, 36)
--> Day : 4
-> Request 0
316
(3, 3, 1)
2
(62, 39)
-> Request 1
678
(2, 3, 1)
1
(60, 77)
-> Request 2
724
(2, 2, 2)
1
(64, 44)
-> Request 3
730
(1, 1, 1)
2
(55, 73)
-> Request 4
751
(3, 2, 2)
1
(61, 29)
---> Week : 78
--> Day : 0
-> Request 0
447
(1, 2, 2)
2
(53, 74)
-> Request 1
583
(3, 1, 1)
2
(52, 35)
-> Request 2
1226
(1, 2, 1)
2
(69, 42)
--> Day : 1
-> Request 0
833
(1, 3, 2)
3
(47, 27)
--> Day : 2
-> Request 0
317
(4, 3, 2)
1
(13, 29)
-> Request 1
1020
(1, 2, 1)
3
(14, 35)
-> Request 2
1153
(2, 1, 1)
1
(46, 10)
-> Request 3
1370
(2, 1, 2)
2
(52, 62)
--> Day : 3
-> Request 0
889
(1, 2, 2)
3
(48, 26)
-> Request 1
1079
(2, 1, 1)
2
(8, 25)
--> Day : 4
-> Request 0
61
(4, 2, 2)
2
(63, 78)
-> Request 1
82
(3, 3, 1)
2
(61, 14)
-> Request 2
136
(4, 3, 1)
2
(51, 43)
-> Request 3
239
(4, 1, 1)
1
(45, 37)
-> Request 4
412
(4, 3, 1)
2
(29, 4)
-> Request 5
463
(1, 2, 1)
2
(10, 75)
-> Request 6
1306
(1, 3, 1)
2
(56, 1)
---> Week : 79
--> Day : 0
-> Request 0
168
(2, 2, 1)
1
(52, 29)
--> Day : 1
-> Request 0
271
(1, 2, 2)
3
(11, 19)
-> Request 1
729
(3, 3, 1)
2
(14, 21)
-> Request 2
1223
(2, 2, 2)
1
(51, 34)
-> Request 3
1394
(3, 3, 2)
3
(36, 65)
-> Request 4
1428
(1, 1, 2)
1
(61, 78)
--> Day : 2
-> Request 0
574
(1, 2, 1)
2
(62, 46)
-> Request 1
739
(4, 3, 2)
1
(45, 33)
-> Request 2
820
(2, 1, 2)
2
(26, 19)
-> Request 3
1218
(4, 3, 2)
1
(16, 25)
--> Day : 3
-> Request 0
245
(1, 2, 2)
3
(13, 20)
-> Request 1
402
(1, 1, 1)
3
(65, 69)
-> Request 2
641
(2, 3, 2)
1
(61, 70)
-> Request 3
808
(4, 3, 1)
2
(13, 28)
-> Request 4
843
(4, 2, 2)
1
(34, 6)
-> Request 5
1389
(2, 2, 2)
2
(53, 31)
--> Day : 4
-> Request 0
422
(1, 3, 2)
2
(50, 41)
-> Request 1
657
(2, 3, 1)
3
(75, 38)
-> Request 2
719
(3, 1, 2)
2
(60, 68)
-> Request 3
800
(1, 2, 1)
2
(8, 24)
-> Request 4
917
(4, 2, 2)
2
(17, 23)
-> Request 5
1316
(4, 3, 1)
3
(46, 31)
---> Week : 80
--> Day : 0
--> Day : 1
-> Request 0
64
(3, 1, 1)
3
(75, 77)
-> Request 1
112
(1, 2, 1)
1
(54, 39)
-> Request 2
117
(3, 1, 1)
3
(56, 40)
-> Request 3
423
(2, 3, 1)
1
(60, 30)
-> Request 4
825
(4, 2, 1)
2
(11, 28)
--> Day : 2
-> Request 0
106
(1, 1, 2)
2
(64, 9)
-> Request 1
871
(3, 2, 2)
1
(57, 36)
--> Day : 3
-> Request 0
255
(1, 1, 1)
3
(56, 31)
-> Request 1
676
(4, 1, 1)
1
(52, 72)
-> Request 2
840
(3, 2, 1)
1
(18, 10)
--> Day : 4
-> Request 0
339
(4, 3, 1)
2
(27, 7)
-> Request 1
720
(3, 2, 1)
2
(34, 32)
-> Request 2
737
(1, 1, 2)
3
(59, 29)
---> Week : 81
--> Day : 0
-> Request 0
402
(1, 3, 2)
1
(58, 35)
-> Request 1
508
(4, 2, 1)
3
(26, 74)
-> Request 2
1269
(3, 2, 2)
2
(65, 65)
-> Request 3
1325
(2, 2, 1)
2
(54, 35)
--> Day : 1
-> Request 0
220
(4, 1, 2)
1
(66, 66)
-> Request 1
506
(4, 1, 1)
1
(76, 7)
-> Request 2
559
(1, 2, 1)
3
(61, 70)
-> Request 3
850
(4, 2, 2)
2
(9, 25)
--> Day : 2
-> Request 0
377
(2, 1, 1)
3
(53, 41)
-> Request 1
1401
(1, 3, 1)
3
(30, 78)
--> Day : 3
-> Request 0
336
(4, 2, 2)
2
(47, 33)
-> Request 1
803
(3, 3, 2)
3
(42, 33)
-> Request 2
1271
(1, 3, 1)
1
(33, 1)
--> Day : 4
-> Request 0
42
(1, 1, 2)
1
(56, 31)
-> Request 1
113
(2, 3, 1)
1
(31, 79)
-> Request 2
976
(2, 1, 1)
3
(60, 30)
---> Week : 82
--> Day : 0
-> Request 0
82
(4, 1, 1)
1
(66, 18)
-> Request 1
106
(2, 3, 2)
1
(68, 10)
-> Request 2
361
(4, 2, 2)
1
(63, 61)
--> Day : 1
-> Request 0
303
(4, 2, 1)
2
(60, 71)
-> Request 1
419
(3, 2, 2)
1
(43, 45)
-> Request 2
450
(2, 1, 1)
3
(8, 25)
-> Request 3
1438
(1, 1, 1)
1
(49, 22)
--> Day : 2
-> Request 0
13
(2, 3, 2)
1
(56, 38)
-> Request 1
198
(3, 3, 2)
2
(65, 75)
-> Request 2
491
(3, 2, 2)
3
(60, 37)
-> Request 3
1383
(2, 1, 2)
2
(62, 43)
-> Request 4
1424
(1, 1, 1)
1
(43, 46)
--> Day : 3
-> Request 0
52
(1, 3, 2)
3
(12, 20)
--> Day : 4
-> Request 0
436
(1, 1, 1)
3
(75, 24)
-> Request 1
475
(1, 3, 2)
1
(39, 52)
-> Request 2
815
(2, 2, 2)
2
(52, 38)
-> Request 3
1136
(3, 1, 1)
3
(57, 77)
---> Week : 83
--> Day : 0
--> Day : 1
-> Request 0
63
(4, 2, 2)
3
(28, 40)
-> Request 1
664
(2, 1, 1)
1
(61, 31)
-> Request 2
965
(4, 3, 2)
2
(57, 77)
-> Request 3
1269
(4, 1, 2)
1
(12, 24)
-> Request 4
1409
(3, 1, 2)
2
(55, 71)
--> Day : 2
-> Request 0
132
(4, 3, 2)
3
(57, 29)
-> Request 1
228
(4, 3, 2)
3
(55, 78)
-> Request 2
291
(2, 1, 2)
1
(43, 42)
-> Request 3
422
(1, 2, 1)
1
(53, 74)
-> Request 4
1380
(3, 1, 2)
2
(60, 66)
--> Day : 3
-> Request 0
326
(1, 1, 1)
1
(57, 39)
-> Request 1
463
(2, 2, 2)
2
(62, 2)
-> Request 2
474
(4, 1, 2)
1
(2, 11)
-> Request 3
773
(2, 1, 1)
1
(58, 67)
-> Request 4
886
(4, 3, 2)
3
(65, 72)
--> Day : 4
-> Request 0
392
(2, 2, 2)
2
(59, 71)
-> Request 1
457
(2, 1, 1)
2
(49, 37)
-> Request 2
493
(1, 1, 1)
3
(21, 62)
-> Request 3
513
(2, 2, 2)
2
(62, 65)
-> Request 4
640
(1, 1, 1)
3
(15, 70)
-> Request 5
899
(1, 1, 1)
1
(47, 45)
---> Week : 84
--> Day : 0
-> Request 0
529
(2, 3, 2)
1
(40, 34)
-> Request 1
531
(2, 2, 1)
3
(79, 51)
-> Request 2
719
(3, 3, 1)
3
(44, 59)
-> Request 3
804
(4, 2, 2)
2
(48, 40)
-> Request 4
1425
(3, 3, 2)
3
(24, 19)
--> Day : 1
-> Request 0
203
(1, 3, 1)
1
(50, 47)
-> Request 1
547
(3, 1, 2)
2
(49, 35)
-> Request 2
909
(1, 3, 1)
2
(7, 78)
--> Day : 2
-> Request 0
120
(1, 2, 2)
3
(59, 42)
-> Request 1
353
(2, 3, 1)
3
(39, 29)
-> Request 2
440
(1, 1, 2)
3
(55, 67)
-> Request 3
718
(4, 1, 2)
1
(69, 59)
--> Day : 3
-> Request 0
546
(4, 3, 2)
2
(51, 23)
-> Request 1
612
(1, 2, 2)
2
(8, 24)
--> Day : 4
-> Request 0
262
(3, 2, 1)
3
(11, 25)
-> Request 1
486
(2, 1, 2)
2
(68, 22)
-> Request 2
888
(2, 3, 2)
3
(58, 36)
-> Request 3
1345
(2, 3, 2)
2
(57, 41)
---> Week : 85
--> Day : 0
-> Request 0
211
(2, 3, 1)
2
(9, 29)
-> Request 1
1167
(1, 3, 1)
1
(65, 74)
-> Request 2
1324
(3, 3, 2)
1
(62, 66)
--> Day : 1
-> Request 0
67
(2, 3, 2)
2
(25, 4)
-> Request 1
633
(1, 1, 2)
3
(58, 31)
-> Request 2
734
(3, 1, 2)
2
(72, 33)
-> Request 3
1222
(4, 2, 2)
3
(64, 77)
--> Day : 2
-> Request 0
966
(2, 2, 2)
1
(66, 74)
-> Request 1
1244
(3, 3, 2)
1
(69, 49)
--> Day : 3
-> Request 0
189
(4, 3, 2)
1
(29, 29)
-> Request 1
371
(2, 3, 2)
3
(55, 36)
-> Request 2
491
(3, 3, 1)
2
(42, 18)
-> Request 3
499
(1, 2, 2)
3
(65, 70)
--> Day : 4
-> Request 0
520
(2, 1, 1)
3
(14, 70)
-> Request 1
854
(2, 3, 1)
1
(7, 29)
-> Request 2
1184
(1, 2, 2)
2
(69, 26)
-> Request 3
1275
(1, 3, 1)
1
(11, 25)
---> Week : 86
--> Day : 0
-> Request 0
544
(4, 3, 2)
2
(54, 35)
-> Request 1
575
(2, 1, 1)
3
(44, 33)
-> Request 2
605
(3, 3, 2)
1
(45, 67)
-> Request 3
1164
(3, 3, 2)
2
(58, 71)
-> Request 4
1434
(1, 1, 1)
1
(7, 17)
--> Day : 1
-> Request 0
77
(1, 1, 1)
3
(52, 26)
-> Request 1
245
(1, 2, 2)
1
(19, 14)
-> Request 2
510
(2, 3, 2)
1
(44, 37)
--> Day : 2
-> Request 0
248
(1, 1, 1)
2
(67, 10)
-> Request 1
499
(2, 3, 2)
1
(53, 76)
-> Request 2
789
(4, 1, 1)
2
(57, 64)
--> Day : 3
-> Request 0
1433
(4, 1, 2)
2
(55, 76)
--> Day : 4
-> Request 0
37
(2, 3, 1)
3
(32, 70)
-> Request 1
344
(3, 1, 1)
2
(55, 12)
-> Request 2
540
(1, 1, 1)
2
(2, 24)
-> Request 3
653
(2, 2, 1)
2
(6, 31)
-> Request 4
1074
(1, 2, 1)
2
(53, 67)
---> Week : 87
--> Day : 0
-> Request 0
371
(4, 3, 1)
3
(79, 61)
-> Request 1
414
(3, 2, 1)
2
(65, 64)
-> Request 2
459
(4, 2, 1)
2
(46, 46)
-> Request 3
483
(4, 2, 2)
3
(59, 46)
-> Request 4
762
(3, 3, 2)
1
(34, 48)
-> Request 5
798
(4, 1, 1)
3
(52, 46)
-> Request 6
1228
(2, 3, 2)
1
(52, 74)
--> Day : 1
-> Request 0
404
(2, 2, 2)
3
(49, 37)
-> Request 1
654
(2, 3, 1)
2
(56, 77)
-> Request 2
1407
(1, 3, 1)
3
(65, 73)
--> Day : 2
-> Request 0
289
(1, 1, 2)
2
(68, 48)
-> Request 1
890
(3, 3, 1)
1
(19, 63)
-> Request 2
1188
(2, 3, 1)
1
(10, 23)
--> Day : 3
-> Request 0
308
(1, 3, 2)
3
(24, 73)
-> Request 1
670
(4, 2, 2)
3
(14, 70)
-> Request 2
1325
(2, 3, 1)
2
(48, 46)
--> Day : 4
-> Request 0
519
(4, 2, 1)
2
(30, 13)
-> Request 1
911
(2, 2, 2)
3
(24, 34)
-> Request 2
1202
(3, 1, 1)
2
(15, 21)
-> Request 3
1227
(2, 3, 1)
3
(62, 45)
---> Week : 88
--> Day : 0
-> Request 0
350
(4, 3, 2)
1
(46, 42)
-> Request 1
538
(3, 2, 2)
3
(43, 31)
-> Request 2
1023
(1, 1, 1)
2
(64, 71)
-> Request 3
1393
(2, 3, 1)
2
(45, 40)
-> Request 4
1407
(4, 1, 2)
2
(54, 19)
--> Day : 1
-> Request 0
741
(4, 2, 2)
2
(74, 16)
-> Request 1
807
(1, 1, 2)
3
(72, 11)
-> Request 2
1212
(1, 3, 2)
1
(25, 32)
-> Request 3
1360
(3, 3, 1)
2
(24, 45)
--> Day : 2
-> Request 0
330
(1, 2, 1)
2
(54, 32)
-> Request 1
759
(2, 3, 2)
2
(49, 35)
-> Request 2
1172
(4, 3, 1)
2
(44, 45)
--> Day : 3
-> Request 0
24
(2, 2, 1)
1
(11, 22)
-> Request 1
508
(1, 1, 1)
3
(3, 18)
-> Request 2
663
(4, 1, 1)
2
(50, 59)
-> Request 3
726
(1, 2, 2)
1
(17, 37)
-> Request 4
1016
(1, 2, 1)
2
(60, 36)
--> Day : 4
-> Request 0
541
(1, 3, 1)
3
(64, 66)
-> Request 1
815
(1, 2, 1)
2
(59, 37)
-> Request 2
1145
(2, 1, 1)
1
(46, 35)
-> Request 3
1225
(3, 3, 1)
1
(52, 75)
-> Request 4
1227
(3, 1, 1)
2
(62, 42)
---> Week : 89
--> Day : 0
-> Request 0
411
(1, 2, 2)
1
(53, 32)
--> Day : 1
-> Request 0
57
(2, 1, 1)
1
(65, 46)
-> Request 1
126
(4, 3, 2)
3
(58, 69)
-> Request 2
149
(2, 1, 1)
1
(49, 43)
-> Request 3
951
(2, 1, 2)
2
(13, 33)
-> Request 4
1170
(4, 3, 1)
1
(3, 12)
-> Request 5
1185
(2, 1, 2)
3
(28, 24)
-> Request 6
1270
(3, 2, 2)
1
(57, 78)
-> Request 7
1384
(4, 3, 1)
3
(21, 64)
--> Day : 2
-> Request 0
323
(4, 1, 2)
1
(57, 35)
-> Request 1
1077
(2, 3, 1)
1
(45, 40)
-> Request 2
1084
(2, 1, 1)
3
(54, 66)
--> Day : 3
-> Request 0
278
(1, 1, 2)
1
(3, 63)
--> Day : 4
-> Request 0
827
(1, 1, 1)
2
(71, 38)
-> Request 1
1426
(1, 1, 1)
1
(60, 36)
---> Week : 90
--> Day : 0
-> Request 0
357
(2, 1, 2)
1
(70, 60)
-> Request 1
505
(2, 2, 2)
3
(44, 40)
-> Request 2
778
(1, 3, 2)
1
(63, 6)
-> Request 3
827
(3, 3, 1)
3
(54, 40)
-> Request 4
854
(3, 1, 2)
2
(55, 72)
-> Request 5
1098
(1, 3, 1)
3
(17, 29)
--> Day : 1
-> Request 0
47
(4, 3, 1)
1
(77, 7)
-> Request 1
79
(1, 2, 2)
3
(48, 19)
-> Request 2
535
(4, 1, 1)
1
(43, 58)
-> Request 3
603
(1, 2, 1)
2
(49, 33)
-> Request 4
979
(4, 2, 2)
2
(57, 69)
-> Request 5
1321
(2, 2, 1)
2
(25, 69)
--> Day : 2
-> Request 0
204
(2, 1, 1)
1
(9, 30)
-> Request 1
300
(2, 3, 2)
2
(76, 6)
-> Request 2
846
(4, 3, 2)
2
(42, 11)
-> Request 3
987
(4, 3, 2)
1
(33, 69)
--> Day : 3
-> Request 0
193
(2, 1, 1)
1
(78, 33)
-> Request 1
198
(2, 2, 2)
2
(47, 35)
-> Request 2
440
(1, 2, 2)
2
(46, 42)
-> Request 3
898
(2, 1, 2)
1
(76, 23)
-> Request 4
1155
(1, 3, 1)
2
(46, 42)
--> Day : 4
-> Request 0
435
(4, 2, 2)
2
(63, 76)
-> Request 1
628
(1, 2, 1)
2
(18, 1)
-> Request 2
912
(3, 3, 2)
2
(57, 72)
-> Request 3
1060
(4, 3, 2)
3
(47, 31)
-> Request 4
1161
(3, 1, 1)
2
(21, 63)
---> Week : 91
--> Day : 0
-> Request 0
278
(3, 1, 2)
1
(59, 40)
-> Request 1
508
(3, 1, 2)
1
(28, 30)
-> Request 2
581
(3, 2, 1)
1
(46, 56)
-> Request 3
661
(3, 2, 2)
1
(63, 65)
-> Request 4
865
(4, 2, 2)
3
(60, 29)
-> Request 5
920
(3, 3, 1)
1
(13, 25)
--> Day : 1
-> Request 0
527
(3, 2, 2)
1
(39, 74)
-> Request 1
655
(2, 3, 1)
3
(61, 71)
-> Request 2
673
(3, 1, 1)
3
(75, 67)
-> Request 3
1108
(3, 1, 1)
1
(68, 3)
-> Request 4
1342
(4, 1, 1)
3
(36, 56)
--> Day : 2
-> Request 0
144
(3, 3, 1)
3
(41, 63)
-> Request 1
280
(4, 1, 2)
2
(12, 8)
-> Request 2
543
(4, 3, 2)
2
(40, 27)
-> Request 3
936
(2, 1, 2)
2
(54, 42)
--> Day : 3
-> Request 0
12
(4, 2, 2)
2
(13, 15)
-> Request 1
148
(2, 3, 1)
1
(55, 70)
-> Request 2
532
(3, 3, 2)
1
(27, 16)
-> Request 3
818
(2, 3, 2)
1
(52, 40)
-> Request 4
925
(2, 2, 1)
2
(44, 37)
-> Request 5
948
(1, 3, 1)
3
(75, 26)
--> Day : 4
-> Request 0
743
(4, 3, 2)
1
(17, 26)
-> Request 1
1413
(4, 2, 1)
3
(13, 59)
---> Week : 92
--> Day : 0
-> Request 0
240
(3, 3, 2)
2
(45, 27)
-> Request 1
1293
(3, 1, 2)
2
(51, 37)
-> Request 2
1419
(3, 2, 2)
2
(48, 35)
--> Day : 1
-> Request 0
566
(1, 3, 1)
3
(59, 27)
-> Request 1
1326
(4, 3, 2)
3
(57, 66)
--> Day : 2
-> Request 0
195
(2, 1, 1)
3
(59, 29)
-> Request 1
384
(3, 2, 2)
2
(67, 46)
-> Request 2
828
(4, 1, 2)
1
(51, 33)
-> Request 3
868
(2, 2, 2)
2
(26, 19)
-> Request 4
886
(2, 3, 1)
3
(51, 58)
--> Day : 3
-> Request 0
135
(3, 1, 1)
2
(20, 39)
-> Request 1
803
(2, 3, 1)
3
(5, 27)
-> Request 2
943
(4, 3, 1)
2
(40, 72)
--> Day : 4
-> Request 0
57
(4, 3, 2)
3
(46, 38)
-> Request 1
484
(2, 1, 1)
3
(76, 51)
-> Request 2
491
(1, 2, 1)
1
(79, 52)
-> Request 3
725
(4, 2, 2)
3
(13, 50)
-> Request 4
1270
(4, 2, 2)
3
(11, 26)
-> Request 5
1326
(4, 2, 1)
2
(38, 10)
---> Week : 93
--> Day : 0
--> Day : 1
-> Request 0
49
(3, 1, 1)
1
(75, 48)
-> Request 1
186
(2, 3, 2)
3
(64, 27)
-> Request 2
816
(3, 2, 2)
2
(60, 44)
-> Request 3
1218
(3, 1, 2)
2
(1, 51)
--> Day : 2
-> Request 0
263
(3, 1, 1)
1
(68, 64)
-> Request 1
557
(1, 1, 1)
3
(75, 72)
-> Request 2
988
(2, 3, 1)
2
(58, 31)
-> Request 3
1197
(1, 1, 2)
3
(27, 64)
-> Request 4
1229
(1, 2, 1)
2
(56, 78)
--> Day : 3
-> Request 0
122
(3, 3, 1)
1
(58, 43)
-> Request 1
1035
(1, 2, 2)
3
(45, 55)
-> Request 2
1311
(4, 1, 2)
1
(52, 16)
-> Request 3
1390
(2, 2, 1)
1
(48, 60)
--> Day : 4
-> Request 0
24
(2, 2, 1)
2
(72, 19)
-> Request 1
24
(3, 3, 1)
3
(57, 32)
-> Request 2
171
(4, 2, 1)
1
(66, 12)
-> Request 3
1030
(2, 1, 1)
3
(48, 32)
-> Request 4
1041
(2, 2, 2)
3
(57, 28)
-> Request 5
1084
(3, 1, 2)
3
(19, 62)
---> Week : 94
--> Day : 0
-> Request 0
450
(3, 3, 2)
3
(46, 46)
-> Request 1
749
(4, 2, 1)
1
(71, 1)
-> Request 2
1090
(1, 1, 2)
2
(62, 74)
-> Request 3
1104
(4, 2, 2)
1
(28, 15)
--> Day : 1
-> Request 0
104
(1, 3, 2)
3
(32, 8)
-> Request 1
401
(3, 2, 2)
3
(43, 39)
--> Day : 2
-> Request 0
21
(4, 2, 1)
3
(35, 40)
-> Request 1
822
(4, 1, 1)
3
(56, 65)
-> Request 2
1323
(2, 3, 2)
1
(56, 31)
--> Day : 3
-> Request 0
17
(4, 3, 1)
2
(50, 33)
-> Request 1
30
(1, 2, 1)
2
(9, 79)
-> Request 2
340
(2, 2, 1)
1
(62, 42)
-> Request 3
404
(1, 1, 1)
2
(67, 21)
-> Request 4
1289
(1, 3, 2)
3
(58, 21)
--> Day : 4
-> Request 0
628
(2, 1, 1)
2
(77, 1)
-> Request 1
1337
(4, 1, 2)
3
(43, 44)
---> Week : 95
--> Day : 0
-> Request 0
347
(4, 3, 1)
2
(20, 77)
-> Request 1
586
(2, 2, 2)
1
(31, 4)
-> Request 2
1344
(1, 1, 2)
1
(10, 21)
--> Day : 1
-> Request 0
165
(1, 1, 1)
1
(54, 70)
-> Request 1
727
(4, 2, 1)
3
(13, 39)
-> Request 2
966
(4, 3, 2)
1
(46, 37)
-> Request 3
1396
(2, 2, 1)
3
(55, 41)
--> Day : 2
-> Request 0
187
(2, 3, 1)
2
(47, 56)
-> Request 1
633
(1, 1, 2)
1
(65, 75)
-> Request 2
837
(1, 1, 2)
2
(62, 28)
-> Request 3
1173
(1, 3, 1)
2
(79, 69)
--> Day : 3
-> Request 0
286
(2, 3, 2)
2
(61, 73)
-> Request 1
289
(2, 3, 1)
2
(64, 75)
-> Request 2
717
(3, 1, 1)
1
(61, 67)
-> Request 3
1036
(4, 3, 2)
2
(41, 31)
-> Request 4
1085
(1, 1, 1)
1
(54, 71)
-> Request 5
1174
(2, 2, 2)
2
(62, 42)
-> Request 6
1230
(1, 3, 2)
1
(59, 64)
-> Request 7
1339
(1, 3, 2)
2
(50, 36)
--> Day : 4
-> Request 0
1091
(3, 3, 1)
3
(50, 62)
-> Request 1
1368
(1, 3, 1)
2
(61, 40)
---> Week : 96
--> Day : 0
-> Request 0
715
(2, 3, 2)
3
(79, 8)
-> Request 1
1025
(2, 3, 1)
3
(60, 76)
-> Request 2
1044
(2, 2, 2)
1
(45, 74)
-> Request 3
1077
(1, 2, 2)
2
(55, 65)
-> Request 4
1268
(2, 3, 2)
1
(77, 30)
-> Request 5
1301
(1, 2, 1)
3
(56, 31)
-> Request 6
1400
(1, 2, 1)
1
(4, 21)
--> Day : 1
-> Request 0
236
(3, 1, 2)
1
(0, 19)
-> Request 1
458
(2, 1, 1)
3
(26, 57)
-> Request 2
837
(2, 1, 1)
3
(47, 31)
-> Request 3
911
(4, 1, 1)
3
(57, 68)
--> Day : 2
-> Request 0
128
(4, 1, 1)
3
(8, 73)
-> Request 1
182
(2, 1, 1)
1
(64, 10)
-> Request 2
495
(1, 3, 2)
1
(57, 36)
-> Request 3
535
(1, 1, 1)
2
(79, 57)
--> Day : 3
-> Request 0
1060
(3, 2, 2)
1
(0, 0)
-> Request 1
1230
(1, 1, 1)
3
(29, 44)
-> Request 2
1275
(1, 2, 2)
3
(52, 44)
--> Day : 4
-> Request 0
63
(3, 1, 1)
3
(17, 8)
-> Request 1
261
(2, 2, 1)
1
(59, 46)
-> Request 2
474
(1, 2, 1)
3
(54, 68)
-> Request 3
524
(4, 3, 2)
1
(54, 8)
-> Request 4
823
(4, 1, 1)
1
(55, 78)
-> Request 5
837
(1, 1, 1)
2
(48, 32)
-> Request 6
875
(1, 1, 2)
3
(46, 44)
-> Request 7
1304
(3, 2, 1)
1
(14, 28)
---> Week : 97
--> Day : 0
-> Request 0
85
(4, 2, 2)
2
(24, 10)
-> Request 1
558
(3, 3, 2)
3
(52, 28)
-> Request 2
764
(4, 1, 1)
1
(16, 28)
-> Request 3
881
(4, 3, 2)
2
(61, 40)
-> Request 4
1088
(1, 2, 1)
2
(46, 27)
-> Request 5
1386
(2, 2, 2)
3
(34, 34)
--> Day : 1
-> Request 0
709
(3, 3, 1)
3
(58, 65)
-> Request 1
800
(2, 3, 1)
2
(25, 12)
-> Request 2
1325
(4, 3, 1)
2
(51, 39)
--> Day : 2
-> Request 0
36
(2, 3, 2)
1
(55, 41)
-> Request 1
102
(2, 1, 1)
3
(7, 56)
-> Request 2
209
(1, 1, 2)
3
(7, 36)
-> Request 3
1437
(3, 1, 2)
2
(62, 30)
--> Day : 3
-> Request 0
144
(4, 3, 1)
2
(47, 28)
-> Request 1
345
(4, 1, 1)
2
(42, 1)
-> Request 2
346
(4, 3, 1)
1
(41, 33)
-> Request 3
352
(2, 2, 1)
1
(10, 23)
-> Request 4
426
(1, 1, 2)
1
(54, 72)
-> Request 5
1248
(2, 3, 2)
3
(66, 76)
--> Day : 4
-> Request 0
533
(3, 2, 2)
1
(30, 19)
-> Request 1
548
(2, 2, 2)
3
(49, 46)
-> Request 2
1161
(1, 3, 2)
1
(58, 75)
-> Request 3
1293
(3, 2, 1)
1
(31, 39)
---> Week : 98
--> Day : 0
-> Request 0
318
(3, 1, 1)
2
(50, 79)
-> Request 1
489
(2, 2, 1)
3
(78, 32)
-> Request 2
984
(1, 3, 2)
2
(7, 3)
-> Request 3
992
(1, 2, 2)
1
(61, 44)
-> Request 4
1094
(4, 1, 1)
2
(59, 27)
--> Day : 1
-> Request 0
653
(1, 3, 2)
2
(57, 31)
-> Request 1
661
(2, 1, 2)
1
(29, 20)
-> Request 2
1217
(4, 2, 1)
2
(61, 68)
-> Request 3
1406
(4, 2, 2)
3
(62, 67)
--> Day : 2
-> Request 0
189
(3, 3, 2)
1
(56, 5)
-> Request 1
707
(2, 3, 2)
1
(58, 50)
-> Request 2
902
(1, 3, 1)
3
(62, 32)
-> Request 3
1212
(4, 1, 1)
1
(57, 43)
-> Request 4
1361
(4, 1, 1)
2
(24, 9)
--> Day : 3
-> Request 0
124
(3, 3, 1)
1
(4, 67)
-> Request 1
246
(2, 2, 2)
2
(58, 76)
-> Request 2
403
(2, 3, 2)
3
(52, 36)
-> Request 3
791
(2, 2, 1)
3
(61, 67)
--> Day : 4
-> Request 0
768
(3, 3, 2)
2
(44, 39)
-> Request 1
1079
(4, 1, 1)
1
(14, 29)
-> Request 2
1342
(2, 3, 2)
1
(63, 9)
---> Week : 99
--> Day : 0
-> Request 0
341
(4, 3, 2)
3
(40, 75)
-> Request 1
538
(2, 1, 2)
2
(44, 1)
-> Request 2
1116
(1, 2, 2)
1
(11, 26)
--> Day : 1
-> Request 0
8
(1, 2, 2)
1
(64, 14)
-> Request 1
1068
(4, 1, 2)
1
(70, 70)
--> Day : 2
-> Request 0
827
(2, 3, 2)
3
(0, 16)
-> Request 1
1348
(4, 1, 2)
3
(14, 26)
--> Day : 3
-> Request 0
429
(3, 1, 1)
3
(79, 26)
-> Request 1
714
(3, 1, 2)
1
(76, 51)
-> Request 2
728
(1, 1, 1)
1
(45, 33)
-> Request 3
841
(3, 3, 2)
3
(6, 25)
-> Request 4
1263
(1, 3, 2)
2
(59, 75)
--> Day : 4
-> Request 0
45
(4, 2, 1)
2
(58, 74)
-> Request 1
101
(3, 1, 2)
3
(46, 31)
-> Request 2
376
(3, 1, 2)
2
(44, 41)
-> Request 3
646
(2, 3, 2)
3
(14, 20)
-> Request 4
854
(1, 3, 1)
2
(65, 67)
---> Week : 100
--> Day : 0
-> Request 0
503
(4, 1, 2)
1
(56, 50)
-> Request 1
732
(1, 3, 2)
1
(66, 55)
--> Day : 1
-> Request 0
468
(2, 1, 1)
1
(52, 38)
--> Day : 2
-> Request 0
200
(4, 1, 2)
2
(62, 29)
-> Request 1
615
(2, 2, 1)
3
(60, 44)
-> Request 2
1117
(2, 3, 2)
3
(20, 53)
-> Request 3
1335
(4, 1, 2)
2
(51, 29)
--> Day : 3
-> Request 0
118
(4, 3, 1)
2
(54, 68)
-> Request 1
436
(4, 1, 1)
2
(53, 75)
-> Request 2
759
(2, 3, 1)
2
(55, 77)
-> Request 3
889
(3, 1, 2)
3
(47, 36)
-> Request 4
1048
(2, 3, 1)
2
(25, 8)
-> Request 5
1050
(2, 2, 2)
3
(3, 57)
-> Request 6
1209
(3, 1, 2)
2
(72, 21)
-> Request 7
1439
(2, 2, 2)
1
(63, 71)
--> Day : 4
-> Request 0
176
(3, 3, 2)
2
(53, 30)
-> Request 1
512
(1, 1, 2)
1
(45, 31)
-> Request 2
718
(1, 1, 2)
2
(52, 65)
-> Request 3
738
(1, 3, 2)
3
(45, 40)
---> Week : 101
--> Day : 0
-> Request 0
1240
(3, 3, 2)
3
(61, 76)
--> Day : 1
-> Request 0
315
(4, 3, 1)
3
(52, 77)
-> Request 1
385
(1, 2, 1)
1
(9, 22)
-> Request 2
672
(2, 3, 1)
3
(58, 42)
-> Request 3
1195
(3, 1, 1)
2
(77, 41)
--> Day : 2
-> Request 0
780
(2, 1, 1)
3
(53, 49)
--> Day : 3
-> Request 0
195
(2, 1, 2)
3
(61, 45)
-> Request 1
276
(2, 2, 2)
2
(47, 58)
--> Day : 4
-> Request 0
644
(4, 1, 1)
3
(52, 66)
---> Week : 102
--> Day : 0
-> Request 0
150
(1, 1, 2)
2
(44, 37)
-> Request 1
767
(3, 3, 1)
1
(58, 24)
-> Request 2
999
(4, 2, 1)
3
(36, 59)
-> Request 3
1279
(4, 3, 2)
3
(48, 38)
--> Day : 1
-> Request 0
82
(4, 1, 2)
1
(52, 36)
-> Request 1
559
(2, 1, 2)
3
(59, 72)
-> Request 2
606
(4, 1, 2)
1
(63, 73)
-> Request 3
1151
(3, 2, 2)
2
(58, 67)
--> Day : 2
-> Request 0
340
(3, 2, 2)
1
(53, 66)
-> Request 1
631
(2, 2, 1)
1
(47, 33)
-> Request 2
876
(4, 3, 2)
1
(45, 28)
-> Request 3
1067
(4, 3, 1)
1
(48, 14)
-> Request 4
1215
(2, 1, 1)
1
(8, 15)
-> Request 5
1239
(3, 1, 2)
1
(15, 22)
--> Day : 3
-> Request 0
323
(1, 1, 2)
2
(56, 68)
-> Request 1
408
(3, 2, 2)
2
(78, 78)
--> Day : 4
-> Request 0
211
(1, 1, 1)
1
(64, 50)
-> Request 1
921
(4, 3, 2)
3
(60, 67)
-> Request 2
1137
(4, 3, 1)
1
(75, 76)
-> Request 3
1374
(3, 3, 1)
3
(55, 69)
---> Week : 103
--> Day : 0
-> Request 0
938
(4, 3, 1)
2
(56, 43)
-> Request 1
1159
(4, 1, 1)
1
(64, 0)
--> Day : 1
-> Request 0
192
(1, 1, 2)
3
(51, 35)
-> Request 1
599
(1, 3, 1)
1
(59, 76)
-> Request 2
879
(3, 3, 1)
2
(3, 2)
-> Request 3
1367
(2, 3, 2)
2
(66, 73)
--> Day : 2
-> Request 0
172
(2, 2, 1)
3
(55, 68)
-> Request 1
284
(4, 3, 1)
1
(44, 27)
-> Request 2
990
(1, 3, 1)
3
(76, 55)
-> Request 3
1221
(2, 2, 1)
3
(49, 63)
-> Request 4
1228
(3, 3, 1)
3
(71, 37)
--> Day : 3
-> Request 0
592
(3, 3, 2)
3
(66, 72)
-> Request 1
761
(2, 3, 1)
3
(54, 77)
-> Request 2
1001
(1, 2, 2)
3
(53, 1)
-> Request 3
1361
(2, 2, 1)
1
(10, 63)
-> Request 4
1367
(1, 1, 2)
2
(43, 31)
--> Day : 4
-> Request 0
503
(3, 2, 2)
1
(3, 30)
-> Request 1
918
(4, 3, 2)
2
(58, 29)
-> Request 2
1037
(1, 1, 2)
3
(46, 39)
-> Request 3
1315
(4, 1, 1)
3
(57, 38)
---> Week : 104
--> Day : 0
-> Request 0
1247
(2, 1, 1)
1
(49, 56)
-> Request 1
1412
(3, 3, 2)
2
(64, 33)
--> Day : 1
-> Request 0
56
(4, 1, 1)
2
(15, 26)
-> Request 1
216
(2, 2, 2)
3
(45, 32)
-> Request 2
256
(3, 1, 1)
1
(50, 44)
-> Request 3
389
(1, 3, 1)
1
(50, 33)
-> Request 4
652
(2, 2, 2)
3
(41, 55)
-> Request 5
1109
(3, 3, 2)
3
(58, 75)
--> Day : 2
-> Request 0
41
(3, 3, 1)
3
(9, 50)
-> Request 1
99
(4, 1, 2)
2
(57, 59)
-> Request 2
194
(4, 3, 2)
3
(31, 50)
-> Request 3
252
(1, 3, 2)
3
(54, 75)
-> Request 4
1034
(3, 1, 1)
3
(72, 38)
-> Request 5
1080
(1, 2, 2)
2
(28, 55)
-> Request 6
1332
(2, 2, 2)
1
(1, 76)
--> Day : 3
-> Request 0
303
(1, 3, 1)
3
(61, 27)
--> Day : 4
-> Request 0
313
(3, 2, 1)
3
(34, 64)
-> Request 1
434
(1, 1, 1)
1
(19, 17)
---> Week : 105
--> Day : 0
-> Request 0
436
(1, 3, 1)
2
(73, 78)
-> Request 1
865
(4, 3, 2)
3
(58, 41)
-> Request 2
899
(3, 1, 1)
3
(55, 45)
-> Request 3
1112
(1, 3, 2)
2
(3, 54)
--> Day : 1
-> Request 0
350
(3, 1, 2)
1
(66, 17)
-> Request 1
422
(2, 1, 1)
3
(57, 75)
-> Request 2
549
(4, 2, 2)
2
(52, 71)
-> Request 3
1160
(4, 1, 2)
3
(54, 54)
-> Request 4
1433
(3, 2, 2)
1
(42, 67)
--> Day : 2
-> Request 0
959
(1, 2, 2)
2
(48, 45)
-> Request 1
1268
(2, 1, 1)
1
(76, 32)
-> Request 2
1291
(4, 2, 1)
1
(8, 57)
--> Day : 3
-> Request 0
852
(2, 2, 1)
1
(62, 64)
-> Request 1
1140
(4, 1, 1)
3
(10, 26)
--> Day : 4
-> Request 0
77
(2, 3, 2)
3
(63, 42)
-> Request 1
842
(3, 3, 2)
1
(43, 40)
-> Request 2
1276
(1, 3, 2)
3
(57, 70)
---> Week : 106
--> Day : 0
-> Request 0
165
(1, 1, 1)
3
(24, 4)
-> Request 1
379
(1, 1, 2)
3
(37, 28)
-> Request 2
441
(2, 3, 2)
3
(54, 7)
-> Request 3
776
(1, 1, 2)
3
(55, 71)
-> Request 4
798
(2, 1, 1)
3
(13, 20)
-> Request 5
1189
(4, 2, 2)
1
(52, 32)
-> Request 6
1364
(3, 1, 2)
2
(44, 27)
--> Day : 1
-> Request 0
175
(2, 2, 1)
1
(19, 38)
-> Request 1
849
(1, 3, 2)
3
(58, 75)
-> Request 2
871
(1, 3, 1)
1
(27, 40)
-> Request 3
1135
(4, 3, 2)
3
(10, 13)
-> Request 4
1141
(4, 3, 1)
2
(57, 66)
-> Request 5
1166
(2, 3, 1)
2
(17, 20)
--> Day : 2
-> Request 0
136
(3, 2, 1)
1
(52, 57)
-> Request 1
424
(4, 3, 2)
2
(54, 0)
-> Request 2
613
(4, 3, 2)
2
(51, 42)
-> Request 3
738
(4, 1, 1)
2
(54, 10)
-> Request 4
819
(2, 1, 2)
3
(15, 53)
-> Request 5
1138
(1, 2, 1)
1
(3, 21)
-> Request 6
1145
(3, 2, 1)
1
(18, 36)
-> Request 7
1334
(3, 3, 2)
3
(43, 28)
--> Day : 3
-> Request 0
384
(1, 1, 1)
3
(12, 31)
-> Request 1
577
(2, 2, 2)
2
(56, 66)
-> Request 2
1215
(1, 3, 2)
1
(63, 42)
--> Day : 4
-> Request 0
83
(4, 1, 2)
1
(28, 61)
-> Request 1
91
(4, 3, 2)
2
(58, 43)
-> Request 2
269
(4, 2, 1)
3
(15, 21)
---> Week : 107
--> Day : 0
-> Request 0
165
(1, 2, 1)
1
(74, 66)
-> Request 1
398
(4, 2, 2)
1
(54, 77)
-> Request 2
666
(1, 2, 2)
3
(56, 43)
-> Request 3
1031
(3, 3, 2)
2
(48, 42)
-> Request 4
1208
(3, 1, 2)
1
(49, 27)
--> Day : 1
-> Request 0
243
(2, 3, 2)
3
(61, 71)
-> Request 1
300
(2, 1, 1)
2
(79, 54)
-> Request 2
776
(3, 1, 1)
2
(55, 71)
-> Request 3
854
(1, 1, 2)
1
(8, 21)
-> Request 4
1164
(4, 3, 1)
2
(61, 30)
-> Request 5
1229
(2, 2, 2)
2
(33, 52)
-> Request 6
1287
(4, 1, 1)
2
(11, 22)
--> Day : 2
-> Request 0
80
(4, 1, 1)
1
(43, 42)
-> Request 1
210
(1, 2, 1)
2
(53, 68)
-> Request 2
381
(4, 1, 1)
2
(3, 22)
-> Request 3
735
(4, 2, 1)
2
(65, 71)
-> Request 4
802
(1, 1, 2)
1
(56, 72)
--> Day : 3
-> Request 0
180
(1, 2, 2)
3
(7, 55)
-> Request 1
503
(1, 3, 2)
2
(59, 69)
-> Request 2
1032
(4, 1, 2)
3
(16, 28)
-> Request 3
1180
(2, 2, 2)
2
(17, 51)
-> Request 4
1371
(1, 1, 1)
3
(55, 77)
--> Day : 4
-> Request 0
310
(3, 3, 2)
3
(11, 20)
-> Request 1
331
(4, 1, 1)
2
(50, 33)
-> Request 2
414
(4, 3, 1)
3
(67, 57)
-> Request 3
500
(1, 1, 1)
2
(45, 10)
-> Request 4
639
(2, 1, 1)
2
(7, 37)
-> Request 5
820
(4, 1, 2)
3
(5, 9)
---> Week : 108
--> Day : 0
-> Request 0
15
(3, 3, 2)
1
(4, 18)
-> Request 1
358
(2, 1, 2)
3
(56, 31)
-> Request 2
403
(1, 1, 2)
3
(9, 6)
-> Request 3
486
(2, 2, 2)
1
(61, 63)
--> Day : 1
-> Request 0
258
(3, 1, 2)
1
(16, 20)
-> Request 1
716
(3, 1, 1)
3
(10, 55)
-> Request 2
972
(1, 1, 2)
2
(24, 28)
-> Request 3
1162
(4, 1, 2)
2
(57, 68)
-> Request 4
1229
(2, 3, 1)
3
(59, 30)
-> Request 5
1239
(2, 2, 2)
3
(58, 38)
--> Day : 2
-> Request 0
128
(2, 3, 1)
3
(54, 61)
-> Request 1
670
(1, 2, 2)
1
(3, 3)
--> Day : 3
-> Request 0
124
(4, 1, 2)
1
(55, 30)
-> Request 1
164
(1, 3, 2)
3
(45, 37)
-> Request 2
400
(2, 2, 1)
2
(54, 77)
--> Day : 4
-> Request 0
211
(2, 2, 1)
1
(36, 55)
-> Request 1
352
(4, 2, 2)
2
(5, 15)
-> Request 2
362
(1, 3, 1)
2
(62, 41)
-> Request 3
657
(2, 2, 2)
1
(60, 29)
-> Request 4
665
(3, 3, 2)
3
(24, 48)
-> Request 5
692
(3, 1, 1)
3
(43, 27)
-> Request 6
906
(1, 1, 1)
1
(49, 44)
-> Request 7
1223
(1, 3, 2)
1
(62, 38)
---> Week : 109
--> Day : 0
-> Request 0
74
(2, 2, 1)
1
(15, 13)
-> Request 1
606
(1, 3, 1)
1
(16, 23)
-> Request 2
1245
(3, 3, 1)
3
(10, 63)
-> Request 3
1377
(4, 2, 1)
1
(60, 37)
-> Request 4
1388
(2, 2, 2)
3
(21, 27)
--> Day : 1
-> Request 0
662
(3, 2, 2)
1
(49, 41)
-> Request 1
1019
(4, 2, 1)
3
(56, 34)
-> Request 2
1111
(3, 1, 1)
2
(50, 35)
-> Request 3
1255
(2, 2, 2)
1
(43, 42)
--> Day : 2
-> Request 0
141
(2, 3, 1)
3
(64, 75)
-> Request 1
840
(1, 3, 2)
3
(57, 65)
-> Request 2
1199
(2, 1, 2)
2
(16, 23)
-> Request 3
1355
(2, 3, 2)
2
(53, 75)
-> Request 4
1381
(2, 2, 2)
1
(38, 38)
--> Day : 3
-> Request 0
107
(4, 1, 1)
3
(11, 22)
-> Request 1
133
(1, 2, 2)
3
(59, 70)
-> Request 2
299
(1, 2, 2)
2
(60, 45)
--> Day : 4
-> Request 0
77
(2, 2, 2)
3
(72, 6)
-> Request 1
575
(4, 2, 1)
2
(17, 26)
-> Request 2
576
(3, 2, 1)
1
(48, 34)
-> Request 3
1143
(2, 2, 2)
3
(59, 2)
-> Request 4
1319
(4, 1, 2)
3
(21, 32)
---> Week : 110
--> Day : 0
-> Request 0
143
(3, 1, 1)
1
(36, 53)
-> Request 1
296
(3, 1, 1)
1
(24, 49)
--> Day : 1
-> Request 0
327
(3, 2, 1)
1
(4, 15)
-> Request 1
393
(4, 1, 2)
3
(47, 44)
-> Request 2
398
(1, 3, 2)
3
(59, 75)
-> Request 3
1011
(3, 3, 1)
3
(64, 75)
--> Day : 2
-> Request 0
636
(4, 3, 2)
3
(52, 30)
-> Request 1
954
(4, 3, 2)
3
(51, 79)
--> Day : 3
-> Request 0
82
(3, 1, 2)
1
(23, 75)
-> Request 1
371
(2, 2, 1)
3
(60, 78)
--> Day : 4
-> Request 0
1141
(4, 2, 1)
2
(47, 72)
---> Week : 111
--> Day : 0
-> Request 0
46
(3, 1, 1)
2
(8, 20)
-> Request 1
284
(1, 3, 2)
2
(21, 48)
-> Request 2
545
(4, 1, 2)
2
(47, 47)
-> Request 3
651
(3, 1, 2)
2
(16, 21)
-> Request 4
780
(3, 2, 2)
1
(32, 45)
--> Day : 1
-> Request 0
391
(3, 3, 1)
2
(9, 21)
-> Request 1
720
(4, 1, 1)
1
(73, 31)
-> Request 2
903
(1, 1, 2)
2
(52, 69)
-> Request 3
979
(1, 3, 2)
2
(53, 31)
--> Day : 2
-> Request 0
300
(2, 2, 2)
1
(10, 24)
-> Request 1
359
(2, 3, 2)
3
(63, 73)
-> Request 2
512
(3, 2, 1)
1
(11, 49)
-> Request 3
1024
(2, 3, 2)
3
(42, 43)
-> Request 4
1234
(3, 1, 2)
3
(21, 41)
--> Day : 3
-> Request 0
203
(4, 3, 2)
3
(60, 36)
-> Request 1
1029
(3, 2, 1)
2
(58, 39)
--> Day : 4
-> Request 0
901
(2, 1, 1)
2
(62, 75)
-> Request 1
1133
(1, 1, 2)
3
(9, 44)
---> Week : 112
--> Day : 0
-> Request 0
360
(3, 3, 2)
3
(71, 46)
-> Request 1
587
(2, 3, 1)
3
(71, 8)
-> Request 2
595
(2, 1, 2)
2
(63, 78)
-> Request 3
756
(2, 2, 2)
2
(59, 70)
-> Request 4
1148
(4, 2, 2)
3
(15, 27)
-> Request 5
1273
(3, 1, 1)
1
(48, 37)
-> Request 6
1401
(2, 1, 2)
2
(60, 71)
--> Day : 1
-> Request 0
77
(1, 2, 1)
1
(27, 48)
-> Request 1
576
(1, 1, 1)
2
(46, 33)
-> Request 2
995
(1, 3, 1)
2
(52, 66)
-> Request 3
1113
(4, 2, 2)
1
(54, 26)
--> Day : 2
-> Request 0
631
(1, 2, 2)
1
(76, 73)
-> Request 1
854
(1, 3, 2)
3
(56, 35)
--> Day : 3
-> Request 0
547
(4, 1, 2)
3
(3, 52)
-> Request 1
1254
(1, 1, 2)
2
(59, 50)
-> Request 2
1392
(2, 2, 1)
1
(5, 36)
--> Day : 4
-> Request 0
1015
(3, 3, 2)
1
(12, 4)
---> Week : 113
--> Day : 0
-> Request 0
493
(2, 3, 2)
2
(61, 34)
-> Request 1
602
(1, 1, 1)
2
(4, 65)
-> Request 2
745
(2, 2, 1)
2
(44, 29)
-> Request 3
1130
(1, 3, 1)
1
(59, 77)
--> Day : 1
-> Request 0
305
(1, 1, 1)
2
(12, 61)
-> Request 1
537
(4, 2, 2)
1
(56, 65)
-> Request 2
622
(3, 1, 2)
1
(4, 63)
-> Request 3
657
(3, 1, 2)
3
(55, 40)
--> Day : 2
-> Request 0
165
(1, 1, 1)
2
(12, 46)
-> Request 1
223
(1, 3, 2)
2
(47, 64)
-> Request 2
983
(4, 3, 1)
3
(59, 45)
--> Day : 3
-> Request 0
249
(1, 2, 2)
1
(54, 55)
-> Request 1
903
(4, 2, 2)
3
(57, 30)
-> Request 2
936
(2, 2, 1)
2
(59, 66)
--> Day : 4
-> Request 0
431
(3, 3, 2)
3
(7, 65)
-> Request 1
975
(3, 3, 1)
2
(61, 28)
-> Request 2
1105
(1, 2, 2)
1
(63, 13)
-> Request 3
1334
(1, 3, 1)
2
(45, 34)
-> Request 4
1360
(1, 1, 2)
3
(6, 79)
---> Week : 114
--> Day : 0
-> Request 0
313
(4, 1, 1)
2
(59, 44)
-> Request 1
1013
(4, 2, 1)
3
(59, 40)
--> Day : 1
-> Request 0
557
(1, 1, 2)
1
(63, 70)
-> Request 1
1365
(4, 2, 1)
1
(63, 67)
--> Day : 2
-> Request 0
34
(4, 2, 2)
3
(54, 77)
-> Request 1
573
(4, 2, 1)
2
(53, 65)
-> Request 2
839
(4, 1, 1)
1
(21, 57)
--> Day : 3
-> Request 0
153
(1, 2, 2)
2
(78, 41)
-> Request 1
513
(3, 1, 1)
3
(48, 69)
-> Request 2
905
(3, 2, 2)
1
(59, 76)
-> Request 3
1077
(1, 1, 2)
2
(62, 41)
-> Request 4
1272
(3, 3, 2)
2
(58, 30)
-> Request 5
1419
(1, 3, 2)
1
(74, 72)
--> Day : 4
-> Request 0
55
(2, 3, 2)
3
(54, 30)
-> Request 1
312
(2, 2, 1)
2
(14, 27)
-> Request 2
871
(1, 3, 1)
1
(45, 47)
---> Week : 115
--> Day : 0
-> Request 0
72
(2, 2, 1)
2
(15, 26)
-> Request 1
1031
(4, 3, 1)
3
(18, 4)
--> Day : 1
-> Request 0
114
(4, 3, 2)
3
(47, 30)
-> Request 1
400
(4, 2, 2)
1
(10, 20)
-> Request 2
525
(3, 1, 1)
3
(45, 46)
-> Request 3
773
(1, 1, 2)
1
(61, 73)
-> Request 4
1122
(2, 1, 2)
1
(31, 47)
-> Request 5
1201
(4, 1, 1)
3
(1, 4)
-> Request 6
1274
(3, 2, 2)
1
(36, 65)
-> Request 7
1281
(4, 3, 1)
1
(72, 37)
--> Day : 2
-> Request 0
236
(2, 1, 1)
3
(68, 37)
-> Request 1
408
(2, 1, 2)
2
(6, 57)
-> Request 2
741
(4, 1, 2)
1
(17, 20)
-> Request 3
852
(2, 1, 1)
1
(59, 67)
-> Request 4
1182
(1, 1, 1)
2
(39, 1)
--> Day : 3
-> Request 0
1140
(3, 1, 1)
1
(58, 73)
-> Request 1
1411
(3, 1, 1)
2
(63, 74)
--> Day : 4
-> Request 0
561
(1, 2, 2)
1
(56, 64)
-> Request 1
763
(2, 3, 1)
1
(17, 25)
-> Request 2
937
(3, 3, 2)
2
(60, 44)
-> Request 3
985
(1, 2, 1)
1
(78, 32)
-> Request 4
1322
(4, 3, 1)
3
(43, 28)
---> Week : 116
--> Day : 0
-> Request 0
808
(1, 3, 2)
2
(57, 65)
-> Request 1
1105
(4, 1, 2)
3
(78, 4)
-> Request 2
1120
(2, 3, 2)
3
(55, 72)
--> Day : 1
-> Request 0
1324
(1, 1, 1)
3
(39, 49)
--> Day : 2
-> Request 0
54
(1, 3, 2)
2
(67, 2)
-> Request 1
293
(1, 2, 1)
3
(43, 51)
-> Request 2
641
(1, 3, 1)
1
(56, 70)
-> Request 3
989
(4, 2, 1)
2
(23, 72)
-> Request 4
1049
(1, 1, 1)
3
(53, 14)
--> Day : 3
-> Request 0
91
(3, 2, 2)
3
(60, 69)
-> Request 1
410
(4, 1, 2)
1
(41, 49)
-> Request 2
632
(2, 2, 1)
2
(79, 31)
-> Request 3
935
(4, 1, 1)
3
(65, 72)
-> Request 4
953
(4, 2, 1)
1
(51, 28)
--> Day : 4
-> Request 0
538
(2, 3, 2)
3
(50, 63)
-> Request 1
1279
(2, 1, 1)
2
(26, 29)
---> Week : 117
--> Day : 0
-> Request 0
603
(3, 2, 1)
2
(2, 17)
-> Request 1
1002
(4, 3, 2)
1
(48, 44)
--> Day : 1
-> Request 0
188
(3, 2, 2)
1
(57, 32)
-> Request 1
252
(1, 1, 2)
3
(22, 29)
-> Request 2
562
(1, 1, 1)
2
(55, 71)
-> Request 3
911
(4, 1, 2)
2
(44, 51)
--> Day : 2
-> Request 0
829
(1, 1, 2)
2
(13, 71)
-> Request 1
1247
(4, 1, 2)
2
(55, 48)
--> Day : 3
-> Request 0
36
(1, 1, 1)
1
(43, 28)
-> Request 1
349
(1, 1, 2)
2
(52, 44)
-> Request 2
456
(2, 2, 1)
2
(60, 68)
-> Request 3
811
(3, 2, 2)
2
(9, 78)
-> Request 4
1218
(2, 1, 2)
1
(52, 34)
--> Day : 4
-> Request 0
583
(3, 1, 2)
2
(66, 73)
---> Week : 118
--> Day : 0
-> Request 0
433
(3, 2, 2)
1
(11, 27)
-> Request 1
581
(2, 2, 1)
2
(18, 26)
-> Request 2
622
(3, 3, 2)
3
(17, 61)
-> Request 3
622
(4, 3, 2)
3
(65, 57)
-> Request 4
872
(2, 3, 2)
2
(77, 64)
-> Request 5
909
(3, 2, 1)
2
(23, 51)
-> Request 6
920
(3, 3, 2)
2
(10, 22)
-> Request 7
964
(1, 3, 1)
2
(60, 38)
-> Request 8
1379
(4, 1, 1)
2
(49, 71)
--> Day : 1
-> Request 0
72
(2, 3, 1)
3
(40, 35)
-> Request 1
239
(4, 2, 2)
1
(34, 62)
-> Request 2
505
(2, 1, 2)
3
(54, 29)
-> Request 3
764
(3, 3, 1)
3
(56, 67)
--> Day : 2
-> Request 0
116
(4, 2, 2)
2
(52, 35)
-> Request 1
642
(2, 1, 1)
1
(51, 37)
-> Request 2
687
(2, 2, 1)
2
(44, 69)
-> Request 3
941
(1, 3, 2)
3
(17, 10)
-> Request 4
964
(3, 2, 1)
2
(47, 45)
--> Day : 3
-> Request 0
364
(2, 2, 2)
2
(48, 61)
-> Request 1
537
(4, 3, 1)
3
(10, 23)
-> Request 2
784
(4, 2, 1)
1
(41, 28)
--> Day : 4
-> Request 0
490
(1, 1, 1)
3
(36, 56)
-> Request 1
624
(1, 3, 1)
3
(64, 77)
-> Request 2
627
(2, 2, 2)
1
(11, 21)
-> Request 3
772
(1, 3, 2)
3
(50, 30)
-> Request 4
1124
(1, 1, 1)
3
(40, 43)
-> Request 5
1405
(2, 1, 1)
1
(48, 43)
---> Week : 119
--> Day : 0
-> Request 0
6
(4, 1, 2)
1
(15, 29)
-> Request 1
222
(3, 1, 2)
2
(48, 37)
-> Request 2
988
(2, 2, 1)
2
(54, 38)
--> Day : 1
-> Request 0
601
(3, 3, 2)
1
(49, 42)
-> Request 1
605
(3, 3, 1)
3
(70, 78)
-> Request 2
692
(1, 3, 1)
3
(33, 44)
-> Request 3
1215
(4, 1, 2)
1
(45, 64)
-> Request 4
1236
(1, 2, 2)
1
(64, 65)
-> Request 5
1284
(1, 1, 2)
1
(59, 70)
--> Day : 2
-> Request 0
999
(4, 2, 1)
2
(50, 28)
-> Request 1
1203
(4, 1, 1)
1
(68, 38)
-> Request 2
1337
(3, 3, 2)
1
(53, 45)
--> Day : 3
-> Request 0
852
(2, 3, 1)
1
(65, 27)
--> Day : 4
-> Request 0
116
(1, 1, 2)
1
(44, 31)
-> Request 1
1430
(1, 3, 2)
1
(57, 36)
---> Week : 120
--> Day : 0
-> Request 0
1189
(3, 3, 1)
3
(53, 62)
--> Day : 1
-> Request 0
175
(3, 2, 2)
1
(61, 75)
-> Request 1
206
(3, 3, 2)
3
(48, 34)
-> Request 2
254
(1, 3, 2)
1
(75, 8)
-> Request 3
443
(4, 2, 1)
3
(69, 42)
-> Request 4
973
(1, 2, 2)
3
(64, 72)
-> Request 5
1291
(2, 1, 1)
3
(41, 1)
--> Day : 2
-> Request 0
97
(2, 3, 1)
1
(70, 69)
-> Request 1
251
(2, 3, 2)
2
(44, 24)
-> Request 2
489
(1, 2, 1)
3
(51, 41)
-> Request 3
674
(3, 1, 1)
2
(43, 50)
-> Request 4
840
(2, 1, 2)
2
(79, 17)
-> Request 5
971
(3, 2, 1)
3
(56, 28)
-> Request 6
1213
(3, 2, 1)
2
(63, 72)
-> Request 7
1315
(4, 1, 1)
2
(32, 58)
-> Request 8
1333
(4, 1, 2)
2
(62, 66)
--> Day : 3
-> Request 0
231
(2, 3, 2)
2
(21, 49)
-> Request 1
663
(2, 1, 1)
2
(55, 75)
-> Request 2
743
(1, 1, 2)
1
(44, 41)
-> Request 3
1272
(4, 1, 1)
3
(58, 22)
-> Request 4
1290
(2, 2, 2)
2
(30, 7)
--> Day : 4
-> Request 0
28
(3, 1, 2)
2
(58, 66)
-> Request 1
273
(2, 1, 2)
1
(50, 33)
-> Request 2
292
(2, 2, 1)
3
(58, 32)
-> Request 3
461
(3, 3, 2)
3
(61, 66)
-> Request 4
623
(2, 3, 1)
1
(57, 37)
-> Request 5
656
(4, 2, 2)
2
(52, 45)
-> Request 6
815
(4, 1, 2)
1
(8, 28)
-> Request 7
1291
(3, 2, 1)
3
(50, 35)
---> Week : 121
--> Day : 0
-> Request 0
206
(3, 2, 2)
3
(52, 47)
-> Request 1
213
(2, 1, 1)
3
(62, 73)
-> Request 2
237
(2, 1, 2)
2
(71, 3)
-> Request 3
464
(1, 1, 2)
1
(65, 75)
--> Day : 1
-> Request 0
123
(2, 1, 1)
2
(38, 36)
--> Day : 2
-> Request 0
70
(2, 1, 2)
2
(9, 22)
-> Request 1
106
(2, 3, 2)
2
(47, 46)
-> Request 2
1085
(2, 2, 1)
2
(16, 41)
--> Day : 3
-> Request 0
42
(1, 2, 1)
1
(10, 18)
-> Request 1
280
(1, 2, 1)
1
(56, 44)
-> Request 2
319
(2, 2, 1)
1
(64, 10)
-> Request 3
541
(2, 3, 2)
3
(52, 1)
-> Request 4
1043
(4, 2, 1)
2
(66, 71)
-> Request 5
1359
(2, 2, 2)
2
(26, 66)
--> Day : 4
-> Request 0
299
(4, 3, 1)
2
(53, 39)
-> Request 1
383
(3, 2, 1)
2
(51, 33)
-> Request 2
644
(3, 3, 1)
2
(57, 78)
-> Request 3
874
(2, 1, 1)
3
(8, 21)
---> Week : 122
--> Day : 0
-> Request 0
180
(2, 1, 2)
3
(59, 13)
-> Request 1
648
(2, 3, 2)
1
(54, 28)
-> Request 2
702
(3, 3, 1)
2
(48, 3)
-> Request 3
1127
(4, 3, 2)
1
(17, 34)
-> Request 4
1175
(4, 2, 1)
1
(45, 74)
--> Day : 1
-> Request 0
475
(4, 1, 2)
1
(20, 43)
-> Request 1
573
(1, 3, 1)
1
(54, 60)
-> Request 2
790
(4, 3, 1)
2
(55, 71)
-> Request 3
1284
(4, 3, 2)
3
(54, 46)
-> Request 4
1364
(1, 3, 2)
1
(60, 42)
--> Day : 2
-> Request 0
221
(1, 2, 2)
1
(57, 37)
-> Request 1
531
(2, 3, 2)
3
(9, 25)
--> Day : 3
-> Request 0
319
(2, 2, 1)
2
(12, 26)
-> Request 1
1144
(3, 1, 1)
3
(35, 3)
--> Day : 4
-> Request 0
365
(4, 2, 2)
1
(52, 16)
-> Request 1
1042
(2, 2, 2)
1
(62, 66)
-> Request 2
1236
(2, 1, 2)
1
(29, 44)
-> Request 3
1333
(2, 2, 2)
1
(58, 42)
---> Week : 123
--> Day : 0
-> Request 0
497
(1, 2, 2)
3
(64, 76)
-> Request 1
966
(4, 2, 2)
3
(73, 14)
-> Request 2
989
(2, 2, 1)
2
(54, 40)
-> Request 3
1423
(4, 2, 1)
3
(46, 42)
--> Day : 1
-> Request 0
354
(2, 1, 1)
1
(43, 38)
-> Request 1
882
(3, 3, 2)
2
(47, 44)
-> Request 2
1062
(3, 3, 2)
2
(49, 31)
-> Request 3
1303
(2, 2, 2)
1
(70, 23)
--> Day : 2
-> Request 0
557
(3, 1, 1)
3
(45, 41)
-> Request 1
882
(1, 3, 2)
2
(72, 76)
-> Request 2
1145
(3, 1, 2)
1
(12, 26)
--> Day : 3
-> Request 0
605
(4, 3, 2)
1
(57, 74)
-> Request 1
848
(3, 1, 2)
1
(63, 71)
-> Request 2
985
(1, 3, 1)
1
(38, 31)
-> Request 3
1201
(3, 1, 2)
3
(19, 17)
--> Day : 4
-> Request 0
365
(2, 2, 2)
1
(60, 44)
-> Request 1
429
(1, 2, 2)
3
(56, 46)
-> Request 2
437
(4, 3, 1)
3
(66, 70)
-> Request 3
486
(4, 2, 2)
2
(11, 29)
-> Request 4
570
(2, 2, 2)
2
(66, 77)
-> Request 5
595
(2, 3, 1)
3
(22, 4)
---> Week : 124
--> Day : 0
-> Request 0
138
(2, 2, 2)
2
(76, 30)
-> Request 1
207
(3, 3, 2)
3
(57, 72)
-> Request 2
388
(3, 2, 2)
2
(9, 58)
-> Request 3
637
(2, 1, 1)
3
(25, 53)
-> Request 4
692
(2, 3, 1)
2
(50, 31)
-> Request 5
973
(3, 3, 1)
3
(32, 53)
-> Request 6
1137
(2, 3, 1)
1
(56, 69)
-> Request 7
1438
(2, 1, 1)
2
(23, 21)
--> Day : 1
-> Request 0
195
(2, 1, 2)
3
(44, 38)
-> Request 1
363
(4, 3, 1)
1
(8, 26)
-> Request 2
493
(3, 1, 2)
2
(55, 34)
-> Request 3
531
(3, 2, 1)
2
(14, 21)
-> Request 4
659
(3, 3, 2)
1
(61, 54)
-> Request 5
695
(4, 1, 1)
1
(60, 73)
--> Day : 2
-> Request 0
4
(1, 3, 1)
2
(54, 33)
-> Request 1
546
(4, 3, 2)
3
(55, 71)
-> Request 2
641
(2, 2, 1)
1
(46, 39)
-> Request 3
885
(1, 2, 1)
1
(62, 3)
--> Day : 3
-> Request 0
310
(1, 1, 1)
3
(41, 31)
-> Request 1
342
(3, 3, 1)
2
(9, 47)
--> Day : 4
-> Request 0
390
(1, 3, 1)
2
(14, 24)
-> Request 1
450
(4, 2, 2)
1
(3, 39)
-> Request 2
748
(2, 2, 1)
3
(55, 68)
-> Request 3
824
(2, 3, 2)
1
(45, 64)
---> Week : 125
--> Day : 0
-> Request 0
933
(2, 1, 1)
2
(66, 71)
-> Request 1
956
(1, 3, 1)
2
(48, 41)
--> Day : 1
-> Request 0
156
(3, 3, 1)
3
(21, 62)
-> Request 1
271
(3, 3, 1)
2
(75, 4)
-> Request 2
271
(1, 2, 2)
1
(69, 50)
--> Day : 2
-> Request 0
35
(1, 3, 2)
2
(58, 30)
-> Request 1
343
(3, 1, 1)
2
(62, 71)
-> Request 2
1235
(1, 1, 2)
1
(14, 28)
--> Day : 3
-> Request 0
498
(3, 2, 2)
2
(60, 78)
--> Day : 4
-> Request 0
170
(3, 3, 2)
2
(67, 38)
-> Request 1
1062
(4, 3, 1)
3
(59, 64)
---> Week : 126
--> Day : 0
-> Request 0
338
(3, 2, 2)
1
(1, 1)
-> Request 1
869
(4, 1, 1)
3
(45, 36)
-> Request 2
1438
(1, 1, 1)
2
(60, 30)
--> Day : 1
-> Request 0
710
(2, 2, 2)
3
(64, 37)
-> Request 1
1087
(2, 3, 1)
1
(28, 66)
-> Request 2
1416
(4, 3, 2)
1
(17, 0)
--> Day : 2
-> Request 0
616
(1, 1, 2)
1
(56, 75)
-> Request 1
883
(4, 1, 2)
3
(60, 70)
-> Request 2
1319
(3, 2, 1)
1
(51, 37)
--> Day : 3
-> Request 0
99
(4, 3, 2)
3
(54, 29)
-> Request 1
436
(3, 1, 2)
3
(46, 46)
-> Request 2
787
(2, 3, 1)
1
(66, 70)
-> Request 3
975
(3, 1, 1)
2
(54, 46)
-> Request 4
1373
(4, 1, 1)
3
(19, 12)
-> Request 5
1427
(1, 2, 2)
2
(11, 17)
--> Day : 4
-> Request 0
618
(1, 1, 2)
1
(37, 20)
-> Request 1
1217
(4, 3, 1)
1
(29, 47)
---> Week : 127
--> Day : 0
-> Request 0
104
(3, 3, 2)
2
(55, 44)
-> Request 1
354
(1, 3, 1)
3
(68, 12)
-> Request 2
627
(3, 3, 2)
1
(2, 14)
-> Request 3
1285
(4, 3, 2)
2
(55, 33)
--> Day : 1
-> Request 0
4
(3, 2, 1)
1
(64, 66)
-> Request 1
432
(3, 1, 2)
1
(60, 41)
-> Request 2
1082
(3, 1, 2)
1
(55, 43)
-> Request 3
1396
(2, 3, 1)
3
(50, 27)
--> Day : 2
-> Request 0
163
(4, 2, 1)
2
(59, 40)
-> Request 1
638
(2, 2, 2)
3
(51, 28)
-> Request 2
985
(3, 2, 2)
3
(57, 45)
-> Request 3
1086
(3, 2, 1)
3
(46, 27)
--> Day : 3
--> Day : 4
-> Request 0
837
(2, 2, 2)
3
(5, 14)
---> Week : 128
--> Day : 0
-> Request 0
276
(2, 2, 1)
2
(45, 31)
-> Request 1
1012
(1, 1, 2)
3
(11, 24)
-> Request 2
1377
(1, 1, 1)
3
(51, 43)
--> Day : 1
-> Request 0
415
(1, 2, 1)
3
(76, 33)
-> Request 1
1059
(1, 1, 1)
1
(46, 30)
-> Request 2
1264
(4, 2, 2)
3
(44, 45)
--> Day : 2
-> Request 0
103
(3, 2, 2)
3
(36, 25)
-> Request 1
730
(2, 1, 1)
3
(43, 29)
-> Request 2
1138
(1, 3, 1)
3
(40, 37)
-> Request 3
1189
(3, 1, 1)
2
(27, 65)
-> Request 4
1208
(4, 1, 2)
3
(46, 41)
-> Request 5
1359
(4, 1, 1)
3
(61, 77)
--> Day : 3
-> Request 0
291
(3, 1, 1)
3
(54, 60)
--> Day : 4
-> Request 0
654
(2, 3, 2)
3
(36, 68)
-> Request 1
717
(3, 3, 1)
2
(54, 76)
-> Request 2
768
(2, 1, 1)
1
(26, 3)
-> Request 3
895
(2, 1, 1)
2
(32, 50)
---> Week : 129
--> Day : 0
-> Request 0
17
(3, 3, 2)
2
(55, 31)
-> Request 1
67
(1, 1, 2)
2
(60, 66)
-> Request 2
174
(1, 3, 1)
3
(12, 12)
-> Request 3
778
(3, 2, 1)
1
(79, 70)
-> Request 4
1098
(3, 2, 2)
3
(2, 8)
-> Request 5
1145
(2, 1, 2)
3
(12, 75)
--> Day : 1
-> Request 0
836
(4, 3, 2)
2
(44, 31)
-> Request 1
1163
(4, 3, 2)
3
(56, 75)
--> Day : 2
-> Request 0
1106
(3, 3, 2)
2
(59, 57)
--> Day : 3
-> Request 0
37
(2, 2, 1)
1
(53, 55)
-> Request 1
665
(2, 1, 2)
3
(68, 66)
-> Request 2
767
(2, 2, 2)
2
(52, 73)
-> Request 3
1093
(4, 2, 2)
1
(8, 27)
-> Request 4
1294
(2, 3, 2)
3
(11, 27)
--> Day : 4
-> Request 0
242
(2, 2, 2)
1
(55, 68)
-> Request 1
391
(4, 1, 2)
2
(16, 66)
-> Request 2
703
(4, 1, 1)
3
(59, 77)
-> Request 3
808
(4, 3, 1)
2
(10, 56)
-> Request 4
942
(1, 1, 2)
1
(38, 32)
---> Week : 130
--> Day : 0
-> Request 0
661
(2, 3, 2)
1
(69, 32)
--> Day : 1
-> Request 0
496
(1, 3, 2)
1
(54, 68)
-> Request 1
612
(1, 3, 1)
1
(21, 55)
-> Request 2
696
(3, 2, 2)
3
(78, 71)
-> Request 3
726
(1, 3, 2)
3
(2, 44)
-> Request 4
884
(2, 2, 2)
1
(53, 36)
-> Request 5
1164
(4, 2, 2)
2
(56, 66)
-> Request 6
1272
(4, 1, 2)
3
(32, 56)
--> Day : 2
--> Day : 3
-> Request 0
28
(4, 2, 2)
1
(66, 72)
-> Request 1
138
(4, 2, 1)
3
(55, 36)
-> Request 2
285
(4, 3, 2)
1
(43, 28)
-> Request 3
353
(2, 2, 1)
2
(72, 14)
-> Request 4
807
(3, 3, 1)
1
(18, 65)
-> Request 5
911
(3, 3, 2)
3
(52, 65)
-> Request 6
965
(1, 2, 2)
2
(53, 65)
-> Request 7
1017
(4, 1, 2)
1
(17, 76)
--> Day : 4
-> Request 0
0
(1, 2, 2)
2
(54, 31)
-> Request 1
104
(2, 2, 2)
1
(36, 26)
-> Request 2
277
(4, 1, 2)
3
(61, 28)
-> Request 3
629
(3, 1, 1)
2
(40, 61)
-> Request 4
1254
(3, 1, 1)
1
(64, 76)
---> Week : 131
--> Day : 0
-> Request 0
243
(1, 2, 2)
2
(14, 8)
-> Request 1
456
(2, 3, 1)
1
(9, 9)
-> Request 2
983
(3, 2, 1)
2
(73, 28)
-> Request 3
1025
(4, 3, 1)
3
(65, 70)
-> Request 4
1037
(1, 3, 2)
2
(66, 73)
--> Day : 1
-> Request 0
122
(2, 2, 2)
1
(58, 29)
-> Request 1
238
(4, 2, 2)
1
(2, 57)
-> Request 2
398
(2, 1, 1)
1
(49, 44)
-> Request 3
440
(2, 2, 2)
3
(64, 47)
-> Request 4
1037
(2, 3, 2)
2
(22, 8)
-> Request 5
1090
(4, 2, 2)
2
(56, 43)
--> Day : 2
-> Request 0
318
(3, 1, 2)
2
(41, 78)
--> Day : 3
-> Request 0
448
(2, 1, 2)
2
(35, 41)
-> Request 1
451
(4, 2, 1)
3
(65, 49)
-> Request 2
744
(4, 3, 1)
2
(43, 17)
-> Request 3
972
(4, 1, 1)
2
(57, 38)
-> Request 4
1244
(1, 2, 1)
3
(49, 32)
--> Day : 4
-> Request 0
46
(1, 3, 2)
2
(55, 70)
-> Request 1
615
(2, 3, 1)
2
(16, 11)
-> Request 2
749
(3, 1, 2)
3
(79, 78)
---> Week : 132
--> Day : 0
--> Day : 1
-> Request 0
154
(4, 3, 2)
3
(50, 44)
-> Request 1
216
(4, 2, 2)
1
(15, 49)
-> Request 2
782
(3, 2, 1)
2
(76, 74)
-> Request 3
1377
(4, 2, 2)
1
(15, 28)
--> Day : 2
-> Request 0
197
(3, 2, 2)
3
(54, 34)
-> Request 1
827
(3, 1, 2)
3
(44, 63)
--> Day : 3
-> Request 0
982
(2, 2, 1)
1
(60, 43)
-> Request 1
1132
(4, 2, 2)
2
(55, 39)
--> Day : 4
-> Request 0
517
(4, 1, 1)
2
(17, 47)
-> Request 1
789
(2, 3, 2)
3
(51, 38)
-> Request 2
855
(4, 1, 1)
1
(51, 11)
-> Request 3
1251
(2, 2, 1)
2
(11, 27)
---> Week : 133
--> Day : 0
-> Request 0
969
(3, 1, 1)
3
(45, 41)
-> Request 1
1018
(3, 2, 2)
2
(16, 31)
--> Day : 1
-> Request 0
656
(3, 1, 2)
1
(15, 20)
--> Day : 2
-> Request 0
68
(2, 1, 2)
3
(12, 37)
-> Request 1
749
(4, 1, 2)
2
(8, 30)
-> Request 2
927
(1, 3, 2)
2
(46, 44)
-> Request 3
1069
(1, 1, 2)
2
(50, 39)
-> Request 4
1101
(4, 3, 2)
1
(49, 33)
-> Request 5
1415
(4, 1, 1)
2
(4, 33)
--> Day : 3
-> Request 0
76
(1, 2, 1)
2
(56, 69)
-> Request 1
956
(4, 1, 2)
3
(2, 68)
-> Request 2
1200
(2, 1, 2)
1
(17, 30)
--> Day : 4
-> Request 0
83
(4, 3, 1)
3
(23, 37)
-> Request 1
167
(2, 2, 2)
1
(0, 15)
-> Request 2
185
(1, 1, 1)
2
(62, 66)
-> Request 3
462
(2, 1, 2)
3
(46, 31)
-> Request 4
592
(2, 1, 1)
2
(6, 34)
-> Request 5
1120
(3, 1, 2)
3
(71, 77)
-> Request 6
1433
(2, 2, 1)
3
(5, 61)
---> Week : 134
--> Day : 0
-> Request 0
37
(1, 1, 1)
2
(62, 22)
-> Request 1
90
(1, 3, 1)
3
(10, 28)
-> Request 2
291
(2, 2, 2)
2
(16, 29)
-> Request 3
437
(3, 1, 1)
2
(46, 39)
-> Request 4
692
(1, 3, 2)
2
(25, 7)
--> Day : 1
-> Request 0
239
(1, 1, 2)
2
(62, 77)
-> Request 1
955
(2, 1, 1)
1
(10, 28)
-> Request 2
1015
(2, 2, 2)
2
(79, 53)
-> Request 3
1035
(2, 2, 1)
2
(64, 78)
--> Day : 2
-> Request 0
640
(4, 2, 1)
1
(8, 67)
-> Request 1
1003
(4, 3, 1)
2
(12, 29)
-> Request 2
1032
(2, 3, 1)
3
(55, 11)
--> Day : 3
-> Request 0
1325
(1, 2, 1)
2
(77, 60)
--> Day : 4
-> Request 0
64
(4, 2, 1)
3
(17, 78)
-> Request 1
611
(1, 3, 1)
1
(30, 12)
-> Request 2
678
(2, 3, 1)
2
(16, 75)
-> Request 3
1112
(1, 1, 1)
2
(33, 65)
---> Week : 135
--> Day : 0
-> Request 0
258
(3, 2, 1)
2
(68, 12)
-> Request 1
479
(3, 2, 1)
3
(64, 74)
-> Request 2
1220
(1, 3, 1)
2
(54, 74)
-> Request 3
1406
(1, 1, 2)
2
(55, 44)
--> Day : 1
-> Request 0
278
(1, 1, 1)
3
(52, 32)
-> Request 1
768
(2, 2, 2)
2
(15, 51)
--> Day : 2
-> Request 0
568
(1, 3, 1)
1
(14, 23)
-> Request 1
922
(2, 2, 2)
3
(24, 53)
-> Request 2
1297
(3, 3, 1)
1
(42, 79)
--> Day : 3
-> Request 0
304
(3, 1, 2)
1
(41, 38)
-> Request 1
800
(3, 3, 2)
3
(0, 58)
-> Request 2
1046
(1, 1, 1)
2
(64, 67)
-> Request 3
1212
(1, 2, 2)
2
(23, 49)
-> Request 4
1426
(2, 3, 2)
2
(58, 73)
--> Day : 4
-> Request 0
758
(1, 1, 2)
1
(52, 7)
-> Request 1
999
(4, 2, 2)
1
(64, 67)
-> Request 2
1157
(1, 1, 1)
2
(65, 26)
-> Request 3
1186
(2, 2, 2)
1
(74, 65)
---> Week : 136
--> Day : 0
-> Request 0
678
(1, 2, 2)
1
(11, 56)
-> Request 1
734
(2, 1, 2)
1
(55, 68)
-> Request 2
1192
(4, 1, 2)
2
(17, 25)
--> Day : 1
-> Request 0
280
(3, 2, 1)
2
(43, 28)
-> Request 1
433
(2, 2, 1)
2
(67, 9)
-> Request 2
846
(1, 1, 1)
3
(44, 28)
-> Request 3
1060
(4, 2, 2)
3
(64, 65)
-> Request 4
1164
(2, 3, 1)
2
(73, 79)
-> Request 5
1380
(4, 1, 2)
2
(25, 71)
--> Day : 2
--> Day : 3
-> Request 0
404
(1, 1, 2)
2
(20, 40)
-> Request 1
983
(2, 1, 2)
2
(19, 56)
-> Request 2
1203
(4, 1, 2)
3
(52, 43)
--> Day : 4
-> Request 0
63
(3, 2, 2)
2
(50, 46)
-> Request 1
605
(4, 3, 2)
3
(46, 19)
---> Week : 137
--> Day : 0
-> Request 0
134
(1, 3, 1)
3
(13, 3)
-> Request 1
294
(3, 3, 2)
3
(65, 73)
-> Request 2
423
(2, 1, 2)
1
(52, 27)
-> Request 3
714
(2, 2, 2)
3
(29, 18)
--> Day : 1
-> Request 0
333
(2, 1, 2)
3
(60, 65)
-> Request 1
793
(4, 1, 2)
2
(38, 15)
--> Day : 2
-> Request 0
153
(2, 3, 1)
2
(61, 41)
-> Request 1
396
(3, 3, 1)
2
(43, 36)
-> Request 2
773
(4, 1, 1)
2
(75, 74)
-> Request 3
1344
(1, 1, 2)
1
(46, 40)
-> Request 4
1433
(4, 3, 2)
1
(17, 25)
--> Day : 3
-> Request 0
34
(1, 2, 2)
2
(24, 13)
-> Request 1
492
(1, 1, 2)
3
(44, 37)
-> Request 2
719
(3, 1, 2)
1
(47, 31)
-> Request 3
972
(4, 2, 1)
2
(35, 70)
-> Request 4
1007
(4, 3, 2)
3
(51, 30)
-> Request 5
1436
(2, 2, 2)
3
(66, 78)
--> Day : 4
-> Request 0
42
(2, 2, 1)
3
(19, 59)
-> Request 1
407
(4, 2, 2)
2
(10, 25)
-> Request 2
1256
(3, 2, 1)
1
(73, 18)
---> Week : 138
--> Day : 0
-> Request 0
208
(3, 3, 1)
2
(1, 75)
-> Request 1
803
(2, 1, 1)
1
(71, 65)
--> Day : 1
-> Request 0
456
(4, 3, 1)
1
(6, 70)
-> Request 1
1308
(3, 2, 1)
1
(60, 69)
-> Request 2
1355
(2, 2, 2)
2
(64, 74)
-> Request 3
1370
(4, 1, 1)
3
(49, 69)
--> Day : 2
-> Request 0
240
(1, 3, 2)
1
(50, 34)
-> Request 1
575
(1, 1, 2)
3
(14, 79)
-> Request 2
660
(3, 1, 1)
1
(64, 78)
-> Request 3
971
(4, 3, 1)
1
(56, 29)
-> Request 4
974
(4, 1, 1)
1
(23, 6)
-> Request 5
1115
(1, 1, 2)
3
(60, 29)
--> Day : 3
-> Request 0
281
(2, 2, 2)
3
(46, 36)
-> Request 1
451
(4, 1, 2)
1
(79, 34)
-> Request 2
579
(4, 1, 1)
2
(51, 45)
-> Request 3
742
(3, 1, 2)
3
(10, 23)
-> Request 4
1343
(2, 2, 2)
1
(52, 30)
-> Request 5
1379
(3, 2, 2)
1
(17, 25)
--> Day : 4
-> Request 0
122
(4, 1, 1)
1
(60, 37)
-> Request 1
344
(4, 1, 2)
1
(58, 37)
-> Request 2
410
(1, 2, 1)
2
(45, 41)
-> Request 3
425
(2, 3, 1)
1
(14, 24)
-> Request 4
865
(2, 2, 2)
1
(16, 26)
-> Request 5
1104
(1, 1, 2)
1
(4, 16)
---> Week : 139
--> Day : 0
-> Request 0
455
(2, 2, 2)
3
(54, 74)
-> Request 1
1309
(4, 2, 1)
2
(20, 22)
--> Day : 1
-> Request 0
96
(4, 1, 1)
2
(50, 33)
-> Request 1
132
(4, 2, 2)
1
(12, 22)
-> Request 2
415
(2, 1, 2)
3
(49, 43)
-> Request 3
447
(3, 3, 1)
1
(13, 21)
-> Request 4
489
(3, 2, 2)
1
(63, 31)
-> Request 5
675
(2, 2, 2)
1
(62, 38)
-> Request 6
868
(1, 2, 1)
2
(55, 42)
-> Request 7
1221
(4, 3, 2)
2
(64, 67)
-> Request 8
1231
(2, 2, 2)
2
(38, 69)
-> Request 9
1385
(3, 1, 1)
2
(57, 65)
--> Day : 2
-> Request 0
226
(1, 1, 1)
1
(37, 58)
-> Request 1
230
(3, 1, 1)
3
(18, 24)
-> Request 2
680
(2, 1, 1)
1
(10, 1)
-> Request 3
698
(1, 1, 1)
3
(67, 47)
-> Request 4
930
(1, 1, 2)
3
(6, 67)
-> Request 5
1196
(1, 2, 2)
1
(13, 27)
-> Request 6
1362
(4, 3, 1)
3
(47, 43)
--> Day : 3
-> Request 0
532
(4, 1, 1)
3
(61, 34)
-> Request 1
745
(3, 2, 2)
3
(50, 48)
-> Request 2
800
(4, 1, 1)
2
(23, 59)
-> Request 3
1351
(2, 1, 2)
3
(1, 33)
--> Day : 4
-> Request 0
477
(1, 1, 1)
2
(61, 73)
-> Request 1
1265
(3, 3, 2)
3
(62, 39)
-> Request 2
1284
(3, 3, 2)
2
(50, 50)
---> Week : 140
--> Day : 0
-> Request 0
15
(3, 3, 2)
2
(59, 76)
-> Request 1
203
(1, 3, 2)
1
(52, 17)
--> Day : 1
-> Request 0
223
(4, 2, 1)
1
(26, 30)
-> Request 1
336
(3, 3, 1)
2
(43, 35)
-> Request 2
458
(4, 2, 1)
2
(53, 64)
-> Request 3
929
(2, 3, 2)
3
(13, 71)
--> Day : 2
-> Request 0
241
(2, 3, 1)
1
(11, 48)
-> Request 1
373
(3, 1, 2)
2
(58, 69)
-> Request 2
698
(3, 1, 1)
3
(47, 43)
-> Request 3
870
(1, 1, 2)
1
(53, 71)
-> Request 4
1105
(2, 2, 2)
1
(41, 6)
-> Request 5
1282
(3, 3, 1)
1
(43, 5)
--> Day : 3
-> Request 0
704
(2, 1, 2)
1
(53, 42)
-> Request 1
779
(3, 3, 1)
3
(38, 5)
-> Request 2
914
(3, 3, 1)
3
(63, 78)
-> Request 3
1043
(2, 2, 1)
3
(61, 67)
--> Day : 4
-> Request 0
29
(3, 1, 1)
2
(53, 41)
-> Request 1
51
(1, 2, 1)
2
(54, 68)
-> Request 2
316
(3, 1, 2)
3
(56, 29)
-> Request 3
523
(1, 1, 1)
3
(53, 72)
-> Request 4
809
(4, 3, 2)
1
(39, 14)
-> Request 5
878
(1, 1, 2)
3
(8, 21)
-> Request 6
1074
(2, 3, 1)
1
(60, 27)
---> Week : 141
--> Day : 0
-> Request 0
116
(2, 3, 2)
2
(45, 31)
-> Request 1
264
(3, 1, 1)
2
(56, 68)
-> Request 2
524
(1, 2, 1)
3
(58, 31)
-> Request 3
560
(4, 3, 1)
1
(39, 75)
-> Request 4
803
(1, 2, 2)
2
(38, 17)
-> Request 5
870
(1, 3, 2)
2
(44, 34)
-> Request 6
1438
(3, 1, 1)
1
(48, 46)
--> Day : 1
-> Request 0
815
(4, 3, 2)
2
(17, 56)
-> Request 1
1099
(2, 1, 2)
1
(56, 31)
-> Request 2
1187
(3, 1, 2)
3
(53, 76)
-> Request 3
1260
(4, 3, 2)
1
(49, 33)
--> Day : 2
-> Request 0
257
(3, 3, 2)
2
(57, 65)
-> Request 1
715
(4, 2, 2)
3
(59, 63)
-> Request 2
1371
(3, 1, 2)
1
(51, 4)
--> Day : 3
-> Request 0
465
(2, 1, 2)
3
(58, 66)
-> Request 1
532
(2, 1, 2)
1
(30, 41)
-> Request 2
637
(1, 2, 1)
3
(56, 47)
--> Day : 4
-> Request 0
308
(2, 1, 2)
2
(46, 45)
-> Request 1
507
(4, 1, 1)
1
(53, 33)
-> Request 2
758
(2, 1, 1)
2
(10, 31)
-> Request 3
1056
(1, 2, 2)
3
(46, 28)
---> Week : 142
--> Day : 0
-> Request 0
103
(1, 2, 2)
3
(56, 68)
-> Request 1
282
(2, 2, 1)
2
(46, 42)
-> Request 2
1379
(2, 1, 1)
2
(52, 61)
--> Day : 1
-> Request 0
235
(4, 1, 1)
1
(58, 45)
-> Request 1
646
(2, 3, 1)
2
(60, 31)
-> Request 2
834
(1, 3, 2)
1
(17, 26)
-> Request 3
919
(3, 2, 1)
1
(43, 45)
-> Request 4
1081
(3, 3, 2)
2
(49, 29)
--> Day : 2
-> Request 0
754
(4, 3, 1)
2
(56, 34)
-> Request 1
842
(4, 1, 1)
3
(52, 66)
-> Request 2
853
(2, 3, 1)
1
(53, 28)
-> Request 3
1407
(2, 3, 1)
1
(58, 46)
--> Day : 3
-> Request 0
108
(3, 1, 1)
3
(49, 31)
-> Request 1
568
(1, 1, 1)
3
(49, 43)
-> Request 2
1232
(3, 1, 1)
1
(4, 55)
--> Day : 4
-> Request 0
441
(2, 1, 1)
3
(55, 37)
-> Request 1
691
(3, 1, 1)
3
(57, 78)
-> Request 2
692
(1, 3, 1)
1
(60, 69)
-> Request 3
1087
(4, 1, 1)
3
(52, 60)
-> Request 4
1250
(1, 3, 2)
3
(12, 28)
---> Week : 143
--> Day : 0
-> Request 0
257
(3, 2, 2)
1
(44, 71)
-> Request 1
400
(4, 2, 1)
2
(43, 57)
-> Request 2
754
(4, 1, 1)
3
(51, 40)
-> Request 3
1042
(4, 2, 1)
3
(52, 77)
--> Day : 1
-> Request 0
659
(2, 2, 2)
2
(7, 37)
-> Request 1
883
(1, 1, 1)
3
(49, 65)
-> Request 2
1084
(3, 2, 1)
3
(66, 70)
-> Request 3
1411
(2, 1, 1)
3
(58, 32)
-> Request 4
1417
(4, 2, 1)
1
(23, 2)
--> Day : 2
-> Request 0
74
(4, 1, 1)
3
(5, 52)
-> Request 1
827
(3, 1, 1)
3
(49, 45)
-> Request 2
1312
(4, 2, 2)
3
(74, 34)
-> Request 3
1425
(4, 1, 1)
2
(19, 2)
--> Day : 3
-> Request 0
380
(3, 1, 1)
2
(14, 29)
-> Request 1
439
(3, 1, 2)
3
(37, 22)
-> Request 2
614
(4, 3, 1)
3
(45, 40)
-> Request 3
619
(2, 1, 2)
1
(59, 64)
-> Request 4
655
(3, 2, 2)
1
(49, 30)
-> Request 5
1244
(4, 2, 2)
1
(44, 3)
--> Day : 4
-> Request 0
782
(3, 3, 1)
3
(54, 44)
-> Request 1
791
(1, 3, 1)
1
(44, 36)
-> Request 2
876
(4, 3, 2)
2
(27, 65)
-> Request 3
1350
(2, 3, 1)
2
(55, 66)
---> Week : 144
--> Day : 0
-> Request 0
814
(3, 2, 1)
3
(56, 31)
-> Request 1
965
(3, 1, 1)
2
(55, 65)
-> Request 2
997
(2, 2, 2)
3
(31, 79)
-> Request 3
1137
(2, 3, 2)
2
(75, 38)
-> Request 4
1142
(4, 2, 2)
1
(44, 32)
--> Day : 1
-> Request 0
306
(4, 2, 1)
2
(66, 71)
-> Request 1
708
(3, 2, 2)
1
(69, 30)
-> Request 2
954
(3, 3, 2)
2
(22, 71)
-> Request 3
1256
(2, 1, 2)
2
(12, 25)
--> Day : 2
-> Request 0
835
(2, 2, 1)
2
(14, 39)
--> Day : 3
-> Request 0
497
(4, 2, 2)
1
(54, 37)
-> Request 1
850
(3, 1, 1)
2
(29, 24)
-> Request 2
960
(3, 1, 1)
3
(58, 71)
--> Day : 4
-> Request 0
259
(2, 1, 1)
1
(60, 33)
-> Request 1
404
(1, 1, 2)
1
(4, 2)
-> Request 2
480
(1, 2, 2)
3
(43, 43)
-> Request 3
550
(1, 3, 2)
3
(18, 64)
-> Request 4
729
(2, 2, 2)
2
(13, 12)
-> Request 5
792
(3, 1, 2)
2
(5, 61)
-> Request 6
868
(2, 3, 1)
3
(51, 31)
-> Request 7
1122
(4, 1, 2)
1
(19, 71)
---> Week : 145
--> Day : 0
-> Request 0
1093
(4, 1, 2)
2
(15, 23)
--> Day : 1
-> Request 0
117
(4, 1, 1)
1
(43, 31)
-> Request 1
652
(4, 2, 2)
1
(62, 31)
-> Request 2
1343
(1, 3, 2)
1
(71, 54)
--> Day : 2
-> Request 0
225
(2, 1, 2)
3
(43, 30)
-> Request 1
232
(1, 3, 1)
1
(60, 46)
-> Request 2
340
(2, 2, 2)
1
(62, 70)
-> Request 3
779
(2, 3, 2)
2
(35, 33)
-> Request 4
851
(1, 2, 2)
1
(57, 43)
--> Day : 3
-> Request 0
69
(1, 3, 2)
1
(52, 65)
-> Request 1
556
(1, 1, 1)
3
(64, 13)
--> Day : 4
-> Request 0
16
(1, 2, 2)
2
(46, 0)
-> Request 1
266
(3, 1, 1)
2
(54, 44)
-> Request 2
871
(1, 2, 2)
3
(53, 40)
---> Week : 146
--> Day : 0
-> Request 0
787
(3, 2, 1)
3
(58, 78)
-> Request 1
793
(4, 2, 2)
1
(53, 23)
--> Day : 1
-> Request 0
46
(4, 1, 2)
3
(54, 77)
-> Request 1
48
(4, 3, 2)
1
(62, 51)
-> Request 2
332
(4, 2, 1)
2
(55, 71)
-> Request 3
609
(3, 1, 1)
1
(43, 44)
-> Request 4
718
(2, 2, 2)
3
(1, 59)
-> Request 5
1191
(4, 2, 1)
3
(54, 65)
-> Request 6
1290
(3, 2, 1)
2
(36, 13)
--> Day : 2
-> Request 0
64
(1, 1, 1)
3
(32, 76)
-> Request 1
76
(1, 3, 1)
1
(69, 17)
-> Request 2
189
(1, 2, 2)
2
(57, 68)
-> Request 3
1182
(2, 2, 1)
1
(45, 36)
-> Request 4
1230
(4, 3, 2)
1
(46, 46)
--> Day : 3
-> Request 0
463
(3, 2, 2)
3
(8, 25)
-> Request 1
901
(3, 3, 2)
1
(40, 54)
-> Request 2
960
(3, 1, 2)
3
(15, 26)
--> Day : 4
-> Request 0
72
(4, 2, 1)
1
(55, 77)
-> Request 1
395
(1, 1, 2)
1
(52, 67)
-> Request 2
466
(1, 2, 2)
1
(16, 28)
-> Request 3
1085
(1, 2, 1)
2
(49, 28)
-> Request 4
1254
(1, 1, 1)
1
(54, 42)
---> Week : 147
--> Day : 0
-> Request 0
372
(4, 1, 1)
3
(58, 31)
-> Request 1
741
(4, 2, 2)
2
(72, 38)
-> Request 2
932
(4, 1, 1)
1
(59, 34)
-> Request 3
1340
(4, 2, 2)
2
(43, 61)
--> Day : 1
-> Request 0
342
(2, 3, 2)
3
(46, 27)
--> Day : 2
-> Request 0
520
(1, 2, 1)
3
(45, 15)
-> Request 1
1417
(3, 2, 1)
1
(22, 9)
--> Day : 3
-> Request 0
1181
(4, 1, 1)
1
(45, 43)
-> Request 1
1412
(3, 3, 1)
3
(16, 21)
--> Day : 4
-> Request 0
32
(1, 2, 2)
1
(58, 77)
-> Request 1
199
(1, 2, 1)
3
(64, 73)
-> Request 2
816
(4, 3, 2)
2
(57, 42)
-> Request 3
860
(2, 3, 2)
2
(59, 72)
---> Week : 148
--> Day : 0
-> Request 0
174
(4, 3, 1)
2
(58, 66)
--> Day : 1
-> Request 0
92
(1, 1, 2)
3
(65, 71)
-> Request 1
1130
(4, 3, 2)
2
(56, 44)
-> Request 2
1152
(4, 2, 2)
3
(76, 22)
-> Request 3
1190
(4, 1, 2)
2
(61, 64)
-> Request 4
1329
(2, 2, 1)
2
(65, 18)
--> Day : 2
-> Request 0
5
(2, 3, 1)
1
(22, 29)
-> Request 1
143
(4, 2, 2)
3
(38, 42)
-> Request 2
663
(4, 3, 2)
1
(78, 28)
-> Request 3
1172
(4, 2, 1)
3
(19, 14)
-> Request 4
1370
(2, 3, 2)
3
(60, 32)
--> Day : 3
-> Request 0
565
(3, 3, 1)
3
(3, 73)
-> Request 1
702
(2, 1, 1)
1
(4, 16)
-> Request 2
1126
(1, 3, 2)
1
(61, 39)
-> Request 3
1161
(1, 2, 1)
2
(48, 29)
-> Request 4
1315
(4, 3, 2)
3
(33, 66)
--> Day : 4
-> Request 0
237
(4, 3, 1)
2
(53, 65)
-> Request 1
357
(1, 1, 1)
1
(46, 28)
-> Request 2
389
(4, 3, 2)
1
(58, 32)
-> Request 3
959
(4, 3, 2)
1
(14, 77)
---> Week : 149
--> Day : 0
-> Request 0
159
(2, 3, 1)
1
(33, 10)
-> Request 1
674
(3, 2, 2)
2
(52, 32)
-> Request 2
1018
(2, 1, 2)
1
(58, 75)
--> Day : 1
-> Request 0
176
(4, 2, 2)
2
(11, 25)
-> Request 1
697
(1, 1, 2)
2
(50, 29)
-> Request 2
701
(4, 2, 1)
3
(53, 42)
-> Request 3
738
(3, 1, 1)
1
(43, 78)
-> Request 4
1146
(4, 3, 1)
1
(8, 32)
-> Request 5
1285
(3, 3, 1)
1
(26, 13)
--> Day : 2
-> Request 0
556
(2, 1, 1)
2
(21, 11)
-> Request 1
1264
(4, 3, 2)
1
(62, 37)
--> Day : 3
-> Request 0
259
(1, 2, 2)
1
(19, 68)
-> Request 1
514
(1, 1, 2)
1
(7, 61)
-> Request 2
580
(2, 3, 1)
1
(11, 60)
-> Request 3
667
(2, 3, 2)
3
(55, 35)
-> Request 4
1393
(3, 1, 2)
2
(59, 75)
--> Day : 4
-> Request 0
518
(4, 2, 1)
3
(60, 28)
-> Request 1
640
(3, 1, 1)
1
(66, 52)
-> Request 2
700
(2, 1, 1)
2
(56, 77)
-> Request 3
1009
(2, 2, 2)
2
(9, 52)
-> Request 4
1376
(1, 3, 2)
2
(50, 36)
