#{"t_start": 1676137627.5696077, "env_id": null}
r,l,t
3360,3000,15.121238
2848,3000,30.704768
3226,3000,47.092534
3676,3000,62.578448
3162,3000,78.348332
2640,3000,94.337249
2880,3000,109.592113
3070,3000,124.635767
2858,3000,140.031201
3348,3000,155.038052
2890,3000,171.096702
3420,3000,186.244317
3044,3000,201.234974
3272,3000,216.238747
3032,3000,231.823857
2970,3000,247.376935
2980,3000,262.725611
3148,3000,277.985894
3370,3000,293.661068
3154,3000,308.770259
2936,3000,323.850727
3436,3000,339.352892
3334,3000,354.531384
2876,3000,369.965454
2978,3000,385.692285
2668,3000,401.119497
2910,3000,416.881466
3152,3000,432.40696
3268,3000,448.305108
3028,3000,464.078954
2844,3000,480.015351
3070,3000,495.682528
3324,3000,510.541172
3384,3000,526.030957
3032,3000,541.32154
3272,3000,556.701177
3204,3000,571.630426
3050,3000,586.346214
3266,3000,601.581254
3868,3000,616.895226
3478,3000,632.357718
3414,3000,647.89102
2862,3000,663.838757
3028,3000,678.916572
3596,3000,694.121217
3382,3000,710.162317
3042,3000,725.397412
3484,3000,741.4726
3030,3000,756.790975
3374,3000,772.07587
3076,3000,788.530867
3192,3000,804.245322
3294,3000,820.95074
3454,3000,837.823248
3076,3000,854.503233
2620,3000,871.853504
3366,3000,889.528938
3692,3000,906.197577
3056,3000,923.915172
3114,3000,942.500037
2852,3000,961.878798
3464,3000,980.857007
2940,3000,1000.187303
2708,3000,1018.707647
3156,3000,1037.238851
2902,3000,1056.771654
2842,3000,1087.56016
2994,3000,1105.782781
3140,3000,1123.876614
3212,3000,1141.897532
3234,3000,1159.776829
3338,3000,1177.830114
3286,3000,1196.827571
3354,3000,1215.707851
3694,3000,1233.472087
3042,3000,1251.40072
4122,3000,1269.237755
2940,3000,1287.105303
3062,3000,1304.185631
3610,3000,1321.317441
3450,3000,1338.794708
3464,3000,1357.256667
3948,3000,1375.200344
3034,3000,1393.372304
3498,3000,1411.390194
3746,3000,1429.492301
3374,3000,1447.433989
3544,3000,1465.551859
2856,3000,1483.867679
3172,3000,1502.052035
2922,3000,1520.180655
3588,3000,1537.719762
3654,3000,1555.486375
3190,3000,1573.352361
3546,3000,1592.042579
3788,3000,1609.892053
2904,3000,1628.179773
3160,3000,1646.091569
3414,3000,1663.960001
3166,3000,1682.71716
2960,3000,1700.311306
3250,3000,1717.967335
3630,3000,1735.289703
3550,3000,1753.743369
3396,3000,1772.588365
3262,3000,1790.633078
3174,3000,1808.466843
3716,3000,1827.348122
3310,3000,1845.948514
3318,3000,1863.763926
3444,3000,1881.336242
3038,3000,1899.819685
4272,3000,1917.881711
2774,3000,1936.632662
3832,3000,1954.969904
2896,3000,1973.555245
3596,3000,1991.793084
3598,3000,2010.598036
3514,3000,2028.864794
3450,3000,2046.47376
3184,3000,2064.969117
3658,3000,2083.092591
3592,3000,2100.757059
3492,3000,2119.163872
3898,3000,2137.120636
3654,3000,2156.212903
3620,3000,2173.699193
3190,3000,2192.258347
3212,3000,2210.83604
3574,3000,2229.735968
3784,3000,2247.594856
3062,3000,2265.449372
3450,3000,2282.731964
3750,3000,2313.948206
3812,3000,2331.831138
3170,3000,2350.070996
3738,3000,2368.3044
3614,3000,2385.827734
3888,3000,2403.462448
3646,3000,2420.898961
3358,3000,2439.114269
3620,3000,2457.408754
3510,3000,2474.668881
3798,3000,2491.949714
3278,3000,2510.083234
3528,3000,2528.217351
4070,3000,2545.866799
3634,3000,2563.388575
3500,3000,2582.209625
3430,3000,2600.261925
3596,3000,2618.664974
3508,3000,2636.564929
3606,3000,2654.647689
3414,3000,2673.37685
3666,3000,2691.192503
3730,3000,2709.070457
3662,3000,2726.987155
3798,3000,2745.471982
3084,3000,2763.52068
3980,3000,2781.610884
4228,3000,2800.645224
3220,3000,2818.980652
4126,3000,2836.985482
3584,3000,2855.335645
3608,3000,2873.023657
3924,3000,2890.598436
3696,3000,2908.943649
3360,3000,2926.597627
3296,3000,2944.96636
3358,3000,2962.222993
3852,3000,2979.488236
4110,3000,2997.437169
3824,3000,3015.032401
3074,3000,3033.243866
3960,3000,3051.327861
3436,3000,3069.383928
3948,3000,3086.830682
3856,3000,3104.97798
3344,3000,3122.4861
3374,3000,3140.813623
3522,3000,3158.80943
3644,3000,3176.265915
3560,3000,3193.707039
3596,3000,3210.610156
3748,3000,3228.071748
4024,3000,3245.812127
3426,3000,3263.154939
3842,3000,3280.537908
3868,3000,3298.436828
4088,3000,3315.949389
4216,3000,3333.585862
4058,3000,3351.725754
3990,3000,3368.864166
3652,3000,3386.228529
3956,3000,3404.229239
4162,3000,3421.305895
4668,3000,3438.748294
3980,3000,3456.443755
4710,3000,3474.333242
4538,3000,3492.541065
3976,3000,3521.663124
4340,3000,3538.975708
4392,3000,3555.950166
4010,3000,3573.312785
4482,3000,3590.496882
3956,3000,3607.690342
4412,3000,3624.677101
4304,3000,3641.898103
4758,3000,3658.998408
4242,3000,3675.780627
4096,3000,3692.879849
4378,3000,3710.899213
4536,3000,3728.06247
4832,3000,3745.803712
3950,3000,3763.418322
3968,3000,3781.067057
4620,3000,3797.945887
4492,3000,3814.967451
4210,3000,3831.83719
4300,3000,3849.531087
4300,3000,3866.906272
4596,3000,3884.516101
4332,3000,3901.883953
4064,3000,3918.947845
4606,3000,3936.59778
4194,3000,3954.397574
4384,3000,3972.080239
5284,3000,3989.116275
4512,3000,4006.660233
4818,3000,4024.586068
4660,3000,4042.288073
4648,3000,4059.876111
4906,3000,4076.861289
4738,3000,4093.98648
4016,3000,4111.055303
4090,3000,4127.992061
4944,3000,4145.092159
4746,3000,4162.042549
4942,3000,4179.345375
4664,3000,4196.637823
4602,3000,4213.767395
4994,3000,4230.459928
4726,3000,4247.626242
5060,3000,4264.950584
4422,3000,4282.137091
5116,3000,4299.469604
4756,3000,4317.006725
5114,3000,4333.662483
4722,3000,4350.982368
4640,3000,4368.311008
4468,3000,4384.964961
4872,3000,4402.531394
5066,3000,4419.838214
4922,3000,4437.388258
4588,3000,4454.116701
4940,3000,4471.479456
4912,3000,4488.437155
4830,3000,4504.628166
4958,3000,4521.635607
5178,3000,4539.295602
4770,3000,4556.437815
5318,3000,4574.266264
5052,3000,4591.676471
4806,3000,4608.922037
4396,3000,4625.894369
5336,3000,4643.046571
5090,3000,4670.451685
4662,3000,4687.668447
4540,3000,4705.398712
5046,3000,4722.237459
4956,3000,4738.571537
5120,3000,4754.917641
4944,3000,4771.16429
4504,3000,4788.118817
5570,3000,4805.057798
4628,3000,4822.635079
5024,3000,4839.734176
4934,3000,4857.319364
4974,3000,4874.546623
4606,3000,4891.929319
5158,3000,4909.07114
4698,3000,4926.39151
4492,3000,4943.324955
4892,3000,4960.55937
5204,3000,4977.289148
4974,3000,4993.717477
5372,3000,5009.495875
5314,3000,5026.244382
5750,3000,5042.392815
5100,3000,5059.554199
5022,3000,5076.202788
5400,3000,5092.762294
5098,3000,5109.72794
5212,3000,5126.852223
5680,3000,5143.614736
4948,3000,5160.372028
5070,3000,5176.791232
5172,3000,5192.880176
5482,3000,5209.636846
5404,3000,5226.025512
5522,3000,5242.943148
5370,3000,5259.129776
5376,3000,5275.951132
5570,3000,5291.672504
5316,3000,5308.34727
5018,3000,5325.024414
5416,3000,5342.1682
4964,3000,5358.846411
5302,3000,5376.082159
5324,3000,5392.388068
5256,3000,5408.604171
5024,3000,5424.699827
5598,3000,5441.051529
5346,3000,5457.796433
5648,3000,5475.338353
5644,3000,5492.326079
5518,3000,5509.544568
5792,3000,5526.217579
5662,3000,5542.310755
5580,3000,5558.654006
5040,3000,5575.003383
5940,3000,5591.669743
5156,3000,5608.103368
5332,3000,5624.717356
5482,3000,5640.870837
5706,3000,5657.546599
5880,3000,5674.4018
5498,3000,5690.788048
5482,3000,5707.980009
5370,3000,5724.418655
5366,3000,5740.587856
5114,3000,5757.525066
5284,3000,5774.424704
5610,3000,5802.050805
5444,3000,5818.874488
6014,3000,5835.221447
5344,3000,5851.843096
6006,3000,5868.652734
5590,3000,5884.841053
5754,3000,5902.432552
6128,3000,5919.743473
5536,3000,5936.771297
5302,3000,5953.295161
5714,3000,5969.578779
5560,3000,5986.47418
5792,3000,6003.969101
5752,3000,6021.18841
6240,3000,6037.815276
5670,3000,6054.911709
5156,3000,6071.342235
5476,3000,6088.156517
5588,3000,6104.494025
5624,3000,6121.031586
5004,3000,6137.068296
5650,3000,6153.48447
6066,3000,6169.623501
5976,3000,6186.120444
6138,3000,6201.888596
5478,3000,6217.862753
6012,3000,6233.663923
5670,3000,6250.559396
5730,3000,6266.638846
5804,3000,6282.760267
5512,3000,6299.338916
5904,3000,6315.598226
6080,3000,6332.357796
5314,3000,6349.598798
5598,3000,6365.913969
5592,3000,6382.187929
5450,3000,6398.944094
5334,3000,6415.353096
6290,3000,6431.593607
5786,3000,6448.031345
5766,3000,6464.364599
5592,3000,6481.072476
6064,3000,6497.651539
5850,3000,6514.695876
5942,3000,6531.8436
5920,3000,6548.000105
5456,3000,6564.492296
5794,3000,6581.018864
5576,3000,6597.167315
5580,3000,6614.010175
6004,3000,6629.587052
5608,3000,6645.630287
5740,3000,6662.593292
6300,3000,6679.873975
5624,3000,6696.055415
5970,3000,6712.783896
6100,3000,6729.312466
5986,3000,6745.617274
6072,3000,6761.19716
6400,3000,6777.849231
5894,3000,6794.453223
6008,3000,6810.7691
6286,3000,6826.81742
5918,3000,6843.947998
5844,3000,6859.85567
5944,3000,6876.109349
5678,3000,6891.715142
6198,3000,6917.941936
5822,3000,6934.872669
6256,3000,6951.459308
6270,3000,6966.820761
5988,3000,6983.342329
5962,3000,6999.797696
6278,3000,7016.411287
6278,3000,7032.967726
6350,3000,7049.327003
5730,3000,7065.465816
6118,3000,7082.085646
6264,3000,7098.213567
6070,3000,7113.60383
5838,3000,7129.599459
6382,3000,7145.985234
5982,3000,7161.909959
6358,3000,7177.87614
6074,3000,7193.948831
5876,3000,7210.045832
6410,3000,7226.40131
6246,3000,7242.867109
6292,3000,7259.595389
6578,3000,7276.086313
6044,3000,7292.313351
6288,3000,7307.899504
6292,3000,7324.556521
5718,3000,7340.992534
5926,3000,7357.598728
6130,3000,7373.520108
5976,3000,7390.004935
6490,3000,7406.242335
6140,3000,7422.498024
6398,3000,7439.078912
6362,3000,7454.89316
6406,3000,7470.895065
6524,3000,7487.074904
6080,3000,7503.476795
6522,3000,7519.967239
6342,3000,7535.645159
6480,3000,7551.271898
6468,3000,7567.282106
6470,3000,7583.542059
6058,3000,7599.524245
6614,3000,7615.161493
6302,3000,7630.98377
6352,3000,7646.921954
6508,3000,7663.448289
6104,3000,7680.659544
6226,3000,7696.812895
6460,3000,7713.612766
6424,3000,7729.790509
6594,3000,7746.216254
6062,3000,7761.735769
6710,3000,7778.109419
6242,3000,7794.28209
6224,3000,7810.064747
6470,3000,7825.798287
6032,3000,7841.922084
6290,3000,7857.779431
6508,3000,7873.729764
6772,3000,7890.371553
6144,3000,7906.277919
6228,3000,7923.271989
6226,3000,7939.639416
6538,3000,7955.485742
6174,3000,7971.491374
6738,3000,7997.516975
6992,3000,8013.337375
6706,3000,8029.275501
6622,3000,8045.87099
6088,3000,8061.655975
6480,3000,8077.184008
6906,3000,8092.931573
6680,3000,8108.743288
6376,3000,8124.095698
6560,3000,8140.312226
6200,3000,8156.427338
6234,3000,8173.237528
6236,3000,8188.655148
6780,3000,8204.636034
6414,3000,8220.922576
6662,3000,8237.514006
6652,3000,8253.392726
6264,3000,8269.184257
6334,3000,8285.166225
6476,3000,8300.973253
6844,3000,8316.411276
6244,3000,8332.427947
6226,3000,8348.169444
6440,3000,8363.592368
6930,3000,8379.298513
6680,3000,8395.212402
6676,3000,8410.653766
6714,3000,8426.772084
6942,3000,8442.867163
6594,3000,8458.589038
6536,3000,8474.435099
6760,3000,8490.91853
6648,3000,8507.104295
7078,3000,8523.051333
6614,3000,8539.758524
6590,3000,8555.160167
6450,3000,8570.887788
6766,3000,8587.365057
6840,3000,8603.008693
6722,3000,8618.085469
6962,3000,8633.943001
6906,3000,8650.24417
6962,3000,8666.294751
6878,3000,8681.961153
6736,3000,8698.399169
7042,3000,8713.854881
6640,3000,8729.848865
6408,3000,8745.425102
6678,3000,8761.738463
6836,3000,8777.236943
6292,3000,8792.72123
6966,3000,8809.412348
7190,3000,8824.657387
7094,3000,8840.260958
6840,3000,8855.574629
6574,3000,8870.414823
7182,3000,8886.388966
6858,3000,8901.587678
7302,3000,8916.855846
6454,3000,8933.169823
7218,3000,8948.597245
6814,3000,8964.325118
6984,3000,8980.113615
6894,3000,8995.784117
6900,3000,9011.988719
6582,3000,9027.943312
6480,3000,9043.696603
6598,3000,9070.140235
6072,3000,9085.889262
7312,3000,9101.403892
7206,3000,9117.042639
6912,3000,9132.768265
7070,3000,9148.413239
7094,3000,9163.781777
6400,3000,9178.683483
7418,3000,9194.505825
7046,3000,9209.496167
7366,3000,9224.785875
6742,3000,9240.53927
7150,3000,9256.110815
7174,3000,9271.597593
6644,3000,9287.260105
7258,3000,9302.084961
7060,3000,9317.411172
6902,3000,9332.988244
6936,3000,9349.104991
6728,3000,9364.846098
7226,3000,9380.501106
7296,3000,9396.01547
7506,3000,9411.417022
7294,3000,9426.954505
6736,3000,9442.868834
6936,3000,9458.637204
6916,3000,9474.363274
6976,3000,9489.897645
6668,3000,9506.384576
7468,3000,9522.290814
7094,3000,9537.53825
7114,3000,9553.178733
6842,3000,9568.284081
7520,3000,9583.776539
6834,3000,9600.126654
7030,3000,9615.210728
6750,3000,9630.524063
7506,3000,9646.732303
7060,3000,9661.436498
7294,3000,9676.810239
6980,3000,9692.494
7122,3000,9707.971347
7608,3000,9723.744495
7580,3000,9739.132829
7404,3000,9754.683077
7044,3000,9770.273149
7158,3000,9785.800807
7180,3000,9800.819628
7200,3000,9816.199504
7486,3000,9831.785614
6842,3000,9846.927859
6920,3000,9862.545369
6604,3000,9877.864435
7622,3000,9893.378162
7632,3000,9907.902061
7640,3000,9922.960844
7226,3000,9938.055947
7008,3000,9953.325604
7092,3000,9968.522768
7080,3000,9983.254344
7006,3000,9998.089189
7392,3000,10013.363678
6992,3000,10028.695948
7302,3000,10044.367011
7468,3000,10059.999218
7320,3000,10075.448829
7092,3000,10090.609541
6588,3000,10117.387043
7088,3000,10132.990484
7134,3000,10148.188973
7218,3000,10163.06211
7258,3000,10178.186422
7588,3000,10193.70712
7398,3000,10208.742123
7286,3000,10224.217781
7420,3000,10239.217021
7050,3000,10254.894813
7244,3000,10270.102854
6940,3000,10285.481794
7252,3000,10300.841222
7226,3000,10315.928807
7460,3000,10330.861353
7566,3000,10345.839565
7134,3000,10360.196634
7770,3000,10375.986008
7762,3000,10391.577224
7302,3000,10406.679945
7788,3000,10422.010048
6686,3000,10437.083334
7592,3000,10452.6185
7496,3000,10467.449327
7076,3000,10483.107939
7632,3000,10499.036765
7624,3000,10514.059381
7190,3000,10529.85624
7922,3000,10545.525107
7560,3000,10560.586239
7336,3000,10576.095512
7854,3000,10591.843724
7810,3000,10607.286643
7560,3000,10622.648344
7578,3000,10637.83212
7320,3000,10653.090105
7254,3000,10668.419098
7656,3000,10684.018147
7024,3000,10700.171829
7480,3000,10715.295598
7558,3000,10730.357169
7298,3000,10746.142085
7688,3000,10761.295716
7508,3000,10777.260566
7632,3000,10793.107402
7668,3000,10808.269104
7838,3000,10823.572165
7422,3000,10838.791461
7534,3000,10854.363619
7910,3000,10869.734003
7638,3000,10884.996046
7632,3000,10900.295079
8046,3000,10916.503766
7976,3000,10931.366786
7782,3000,10946.722142
7668,3000,10962.393899
8030,3000,10977.762191
7520,3000,10992.374541
7844,3000,11007.676952
7902,3000,11022.363122
7650,3000,11036.856551
8120,3000,11051.845715
8424,3000,11066.692537
8026,3000,11081.322617
8110,3000,11095.989113
8226,3000,11111.380862
8420,3000,11135.300408
8290,3000,11150.685
8010,3000,11165.856777
7944,3000,11181.256596
7638,3000,11196.478011
8446,3000,11211.551395
8262,3000,11226.500954
8172,3000,11241.427745
8386,3000,11256.125333
8480,3000,11271.244219
8412,3000,11286.474208
8366,3000,11301.695086
8256,3000,11316.291508
8398,3000,11330.594565
8626,3000,11345.298231
8570,3000,11359.364074
8082,3000,11374.755528
8364,3000,11389.944427
8674,3000,11404.426386
8570,3000,11419.459119
8716,3000,11434.364546
8754,3000,11448.310956
8678,3000,11463.843472
8560,3000,11478.7623
8490,3000,11493.433352
9066,3000,11508.109714
8952,3000,11523.223042
8742,3000,11537.738276
8808,3000,11552.057081
8634,3000,11566.673399
8774,3000,11581.669319
8664,3000,11596.716126
8626,3000,11611.780329
8910,3000,11626.48734
9254,3000,11641.045058
8874,3000,11654.900041
8778,3000,11669.177663
8902,3000,11683.725423
9084,3000,11698.258834
8580,3000,11712.925177
9176,3000,11727.661611
9290,3000,11742.038994
9180,3000,11756.056211
8898,3000,11770.335766
8410,3000,11785.092093
8628,3000,11800.35481
8838,3000,11814.94005
9080,3000,11829.857176
8934,3000,11844.169681
8968,3000,11858.287785
9008,3000,11874.233662
8596,3000,11889.504441
9152,3000,11903.885096
8666,3000,11918.125072
8890,3000,11933.436349
9262,3000,11947.002382
8978,3000,11961.413448
9226,3000,11975.547168
9048,3000,11989.982359
9154,3000,12004.736403
9076,3000,12019.841267
9004,3000,12034.404463
9544,3000,12048.835003
9230,3000,12062.961034
9532,3000,12077.139204
8862,3000,12091.966706
9082,3000,12106.491546
9310,3000,12130.31953
9454,3000,12144.228272
9196,3000,12159.182141
8978,3000,12174.29724
9120,3000,12188.579703
9182,3000,12203.572066
9298,3000,12217.648424
9402,3000,12232.343179
9188,3000,12246.523084
8996,3000,12261.009596
8846,3000,12275.65888
9194,3000,12290.467743
9348,3000,12304.810544
9292,3000,12318.937412
8904,3000,12332.504271
9194,3000,12347.131425
9266,3000,12361.912124
9460,3000,12377.142911
9240,3000,12392.111842
9390,3000,12406.226306
9486,3000,12420.474339
9842,3000,12435.512847
9732,3000,12449.512572
9532,3000,12463.92994
9336,3000,12478.909829
9238,3000,12493.696291
9584,3000,12508.540035
9312,3000,12523.412259
9786,3000,12538.508233
9158,3000,12553.014344
9544,3000,12567.681062
9372,3000,12582.225993
9326,3000,12596.408903
9500,3000,12611.369854
9640,3000,12625.723525
9404,3000,12640.800491
9324,3000,12654.896584
9850,3000,12669.172909
9204,3000,12684.549918
9530,3000,12699.183966
9370,3000,12713.991031
9560,3000,12729.048541
9270,3000,12743.24608
9514,3000,12757.969596
9642,3000,12772.405452
9706,3000,12786.535413
9658,3000,12800.559985
9720,3000,12815.007332
9572,3000,12829.982277
9740,3000,12844.577602
9834,3000,12859.086376
9744,3000,12873.338876
9756,3000,12888.050949
9822,3000,12902.873375
9390,3000,12917.124858
9336,3000,12931.805362
9810,3000,12946.109531
9594,3000,12960.121444
9514,3000,12974.285056
9820,3000,12988.89198
9494,3000,13002.94495
10250,3000,13017.91386
9676,3000,13033.444317
9742,3000,13047.955595
10190,3000,13063.000081
9610,3000,13077.61872
9574,3000,13092.462493
9674,3000,13116.071464
9828,3000,13130.493613
10104,3000,13144.995264
10014,3000,13158.838101
9366,3000,13173.50955
9896,3000,13187.83916
9972,3000,13202.351838
10294,3000,13216.190452
9798,3000,13230.427931
9720,3000,13245.236877
10202,3000,13259.488665
10122,3000,13273.828476
10218,3000,13287.877745
9806,3000,13302.462275
9920,3000,13316.45349
10086,3000,13331.272622
9904,3000,13345.999366
9854,3000,13360.739227
9854,3000,13375.119091
10060,3000,13389.729981
9904,3000,13403.580455
10040,3000,13417.79464
10022,3000,13432.487667
10114,3000,13446.95653
10398,3000,13461.237059
9992,3000,13476.088576
9900,3000,13490.769901
9946,3000,13504.686693
10132,3000,13519.105678
10104,3000,13533.415936
10260,3000,13547.507629
10336,3000,13562.008028
10136,3000,13576.850247
10298,3000,13591.335707
10220,3000,13605.840519
10146,3000,13619.470274
10142,3000,13633.391426
10326,3000,13647.356468
10074,3000,13661.576487
10390,3000,13676.260345
10204,3000,13691.019595
10116,3000,13705.197241
10394,3000,13719.588931
10358,3000,13734.834705
10350,3000,13749.149745
9996,3000,13763.285069
10116,3000,13777.724648
10210,3000,13791.824264
10376,3000,13805.870395
10446,3000,13819.951224
10452,3000,13834.386433
10300,3000,13848.708832
10310,3000,13863.080868
9992,3000,13877.095706
10426,3000,13891.320851
10000,3000,13906.082263
10356,3000,13921.066699
10306,3000,13935.201159
10012,3000,13948.801577
10574,3000,13963.03038
10354,3000,13977.050499
10234,3000,13991.493649
10436,3000,14006.538951
10448,3000,14020.837694
10168,3000,14035.067517
10628,3000,14049.333195
10550,3000,14073.303506
10540,3000,14087.83375
10430,3000,14102.727312
10654,3000,14117.551083
10356,3000,14131.567028
10538,3000,14145.633996
10322,3000,14159.79113
10412,3000,14173.89343
10756,3000,14188.11361
10374,3000,14202.37216
10464,3000,14216.435648
10616,3000,14230.797036
10448,3000,14245.830991
10826,3000,14260.768243
10586,3000,14274.865763
10812,3000,14288.895668
10736,3000,14303.06249
10750,3000,14317.718339
10318,3000,14331.759805
10668,3000,14346.016102
10766,3000,14360.63068
10778,3000,14374.849865
10508,3000,14389.03109
10580,3000,14403.445932
10632,3000,14418.18947
10850,3000,14432.546251
10602,3000,14446.535469
10488,3000,14460.93318
10754,3000,14475.904946
10844,3000,14490.480921
10494,3000,14505.091775
10544,3000,14519.389098
10552,3000,14533.857184
10844,3000,14548.375784
11070,3000,14562.586839
10718,3000,14577.545518
10710,3000,14591.734987
10820,3000,14605.638158
10480,3000,14619.99797
10656,3000,14633.938547
10648,3000,14647.986533
10500,3000,14662.058766
10432,3000,14676.616305
10698,3000,14691.439776
10868,3000,14705.985836
10972,3000,14719.434646
10880,3000,14734.119681
10648,3000,14748.218928
10954,3000,14762.68623
11138,3000,14776.579075
10576,3000,14790.827983
10986,3000,14804.428187
10920,3000,14818.706609
10754,3000,14832.774027
10798,3000,14846.464108
10558,3000,14860.407254
10406,3000,14874.66033
11212,3000,14889.01501
11194,3000,14902.936648
11070,3000,14916.964939
10784,3000,14930.892155
11278,3000,14945.231681
11040,3000,14959.714842
10928,3000,14973.467963
11018,3000,14988.626663
11376,3000,15003.250511
10938,3000,15017.285786
11450,3000,15041.344576
11038,3000,15055.38699
11146,3000,15069.626542
10804,3000,15083.861295
10640,3000,15097.672719
10940,3000,15111.531953
10690,3000,15124.986541
10870,3000,15138.67891
11164,3000,15152.89112
11076,3000,15166.984806
10982,3000,15180.737432
11090,3000,15194.594288
11474,3000,15208.864312
11358,3000,15223.087337
10822,3000,15236.929725
10852,3000,15251.447645
11186,3000,15264.821169
11168,3000,15279.253546
11426,3000,15293.581933
11030,3000,15308.038977
11002,3000,15322.321376
11138,3000,15337.203005
11544,3000,15351.539435
11358,3000,15366.210786
11206,3000,15380.551971
11080,3000,15394.881016
11460,3000,15409.15863
11006,3000,15423.366411
11082,3000,15437.524908
11256,3000,15451.705606
11128,3000,15465.440397
10786,3000,15479.586407
11118,3000,15493.187812
11082,3000,15507.865884
11634,3000,15522.326443
11322,3000,15536.555916
11032,3000,15550.886919
11800,3000,15565.663316
11188,3000,15579.73436
11324,3000,15594.794647
11280,3000,15608.952564
11166,3000,15623.047966
11660,3000,15637.403296
11226,3000,15651.326245
11516,3000,15665.342731
11342,3000,15679.778476
11188,3000,15693.215759
11114,3000,15707.827305
11454,3000,15721.688647
11588,3000,15735.684717
11380,3000,15749.603636
11314,3000,15763.936417
11170,3000,15778.314855
11360,3000,15792.716034
11210,3000,15806.88499
11608,3000,15821.240819
11394,3000,15835.904763
11542,3000,15849.664718
11512,3000,15864.197876
11188,3000,15877.794142
11502,3000,15891.508297
11324,3000,15905.79324
11860,3000,15919.895316
11550,3000,15933.94082
11388,3000,15948.831116
11456,3000,15962.561602
12154,3000,15976.464552
11454,3000,15999.732781
11450,3000,16014.350355
11394,3000,16028.446378
11378,3000,16041.560092
11760,3000,16055.789648
11544,3000,16069.824621
11624,3000,16083.469892
11546,3000,16096.669237
11596,3000,16110.226943
11550,3000,16124.124759
11336,3000,16137.969306
11484,3000,16151.754611
11378,3000,16166.14566
11266,3000,16180.377738
12080,3000,16194.834513
11826,3000,16208.649541
11398,3000,16223.482707
11432,3000,16236.563987
11322,3000,16250.211285
11656,3000,16264.367235
11550,3000,16278.486914
11576,3000,16292.816446
11532,3000,16306.894315
11942,3000,16320.259349
11414,3000,16334.244902
11692,3000,16347.81698
11660,3000,16361.16791
11514,3000,16375.911089
11494,3000,16390.226324
11588,3000,16404.727972
11486,3000,16418.570746
11474,3000,16431.951607
11622,3000,16445.495954
11462,3000,16459.189761
11696,3000,16472.779475
11580,3000,16487.421136
11482,3000,16502.170977
11250,3000,16517.085554
11486,3000,16531.65637
11200,3000,16546.268984
11714,3000,16560.759536
11566,3000,16574.771865
11528,3000,16588.875393
11564,3000,16603.200959
11690,3000,16617.475931
11410,3000,16631.244895
11370,3000,16645.216285
11488,3000,16658.70913
11386,3000,16672.287535
11594,3000,16685.725115
11686,3000,16699.475555
11654,3000,16714.04089
11642,3000,16727.527829
11654,3000,16740.999936
11306,3000,16755.006799
11610,3000,16769.199675
11662,3000,16782.934961
11334,3000,16795.930269
11650,3000,16809.415115
11562,3000,16824.076231
11462,3000,16837.994959
11644,3000,16852.927262
11582,3000,16867.127802
11416,3000,16880.903279
11650,3000,16895.051706
11500,3000,16909.482109
11586,3000,16933.281654
11492,3000,16947.426626
11386,3000,16962.313642
11598,3000,16975.922586
11550,3000,16989.281726
11760,3000,17002.683413
11714,3000,17016.931408
11378,3000,17031.297105
11666,3000,17045.637185
11672,3000,17059.148013
11638,3000,17073.04861
11906,3000,17087.485093
11794,3000,17101.551956
11816,3000,17116.160292
11628,3000,17129.996294
11330,3000,17143.911816
11710,3000,17158.359117
11794,3000,17172.87446
11506,3000,17187.348569
11668,3000,17201.755759
11230,3000,17215.406307
11458,3000,17228.463047
11722,3000,17242.163391
11582,3000,17255.499262
11132,3000,17269.389477
11692,3000,17283.609105
11116,3000,17297.304371
11654,3000,17311.639047
11414,3000,17325.332768
11588,3000,17338.556688
11420,3000,17352.666604
11508,3000,17366.756484
11720,3000,17380.863158
11404,3000,17394.804227
11432,3000,17408.521743
11484,3000,17423.361423
11250,3000,17437.369248
11458,3000,17452.228571
11306,3000,17466.318729
11050,3000,17480.262205
11618,3000,17493.914339
11532,3000,17507.94868
11648,3000,17522.216902
11438,3000,17536.108895
11470,3000,17550.307289
11332,3000,17564.056076
11414,3000,17578.067416
11502,3000,17592.989499
11662,3000,17607.328833
11620,3000,17621.586582
11520,3000,17635.298906
11494,3000,17649.255536
11626,3000,17663.38896
11540,3000,17676.896791
11692,3000,17691.488522
11510,3000,17705.773515
11714,3000,17719.883574
11620,3000,17733.122997
11706,3000,17747.551856
11608,3000,17761.765004
11522,3000,17775.719037
11520,3000,17789.537747
11702,3000,17804.130637
11360,3000,17818.730917
11288,3000,17832.352413
11598,3000,17846.80653
11446,3000,17861.246067
11696,3000,17885.613635
11384,3000,17900.064957
11838,3000,17914.027346
11392,3000,17928.351085
11576,3000,17942.119226
11464,3000,17955.813243
11618,3000,17970.460653
11624,3000,17985.268804
11440,3000,17999.600117
11506,3000,18014.077029
11384,3000,18027.792645
11848,3000,18042.6155
11754,3000,18057.206999
11614,3000,18071.229158
11832,3000,18085.582995
11068,3000,18099.375242
11492,3000,18113.422836
11494,3000,18128.048958
11496,3000,18142.004796
11648,3000,18155.826824
11616,3000,18169.602498
11758,3000,18184.109832
11760,3000,18199.524837
11688,3000,18214.040739
11326,3000,18227.918446
11620,3000,18242.052258
11804,3000,18256.354063
11572,3000,18270.572751
11362,3000,18284.467461
11672,3000,18299.430405
11632,3000,18314.221125
11710,3000,18328.38428
11688,3000,18342.494888
11286,3000,18356.77172
11310,3000,18370.980676
11206,3000,18384.649436
11594,3000,18399.314965
11284,3000,18413.670509
11414,3000,18428.199316
11566,3000,18442.280169
11616,3000,18456.045499
11660,3000,18471.184469
11564,3000,18484.762495
11734,3000,18498.707669
11442,3000,18512.592277
11718,3000,18526.978453
11546,3000,18541.114084
11756,3000,18555.588888
11674,3000,18569.178175
11530,3000,18583.619433
11334,3000,18597.225266
11654,3000,18611.059883
11690,3000,18624.697518
11700,3000,18638.728582
11486,3000,18652.845096
11440,3000,18666.597966
11712,3000,18680.470452
11760,3000,18694.534444
11442,3000,18708.907314
11632,3000,18722.935467
11556,3000,18736.686909
11632,3000,18750.243979
11848,3000,18764.562367
11690,3000,18778.709468
11384,3000,18792.261324
11642,3000,18806.078032
11542,3000,18820.25707
11652,3000,18843.294438
11666,3000,18857.216025
11902,3000,18871.346182
11448,3000,18885.990723
11380,3000,18900.607255
11502,3000,18914.888165
11634,3000,18929.140842
11838,3000,18943.158566
11636,3000,18957.10256
11538,3000,18970.642349
11288,3000,18984.990366
11640,3000,18999.374143
11648,3000,19013.994982
11900,3000,19028.086246
11536,3000,19041.471992
11628,3000,19056.227087
11658,3000,19070.738984
11760,3000,19084.952221
11418,3000,19099.090125
11538,3000,19112.969155
11634,3000,19127.288095
11502,3000,19141.486121
11206,3000,19155.309801
11368,3000,19169.354203
11702,3000,19183.952214
11570,3000,19198.281287
11574,3000,19212.309761
11848,3000,19226.637885
11698,3000,19240.744735
11466,3000,19254.620238
11420,3000,19268.88974
11416,3000,19283.254343
11498,3000,19296.480141
11486,3000,19309.558003
11852,3000,19324.065238
11736,3000,19338.868321
11720,3000,19352.750116
11534,3000,19366.67843
11798,3000,19380.533862
11334,3000,19394.704092
11498,3000,19408.947083
11622,3000,19422.114758
11446,3000,19436.146445
11506,3000,19449.929629
11502,3000,19463.473269
11776,3000,19477.372838
11490,3000,19491.010301
11420,3000,19505.058244
11450,3000,19518.483412
11724,3000,19532.253385
11506,3000,19546.285853
11288,3000,19560.068506
11882,3000,19574.682922
11520,3000,19588.901167
11198,3000,19603.140097
11800,3000,19617.299599
11632,3000,19631.049165
11546,3000,19645.008134
11802,3000,19659.070297
11406,3000,19673.82237
11810,3000,19688.279866
11492,3000,19702.44203
11692,3000,19716.650738
11664,3000,19729.909798
11416,3000,19743.425237
11582,3000,19757.514524
11780,3000,19780.826043
11498,3000,19795.283364
11634,3000,19809.21888
11476,3000,19823.231469
11368,3000,19836.571639
11744,3000,19851.413213
11630,3000,19865.943332
11662,3000,19880.025256
11682,3000,19894.57718
11512,3000,19908.803415
11728,3000,19922.955106
11384,3000,19936.795199
11320,3000,19951.01512
11614,3000,19965.635795
11536,3000,19979.674271
11486,3000,19993.376521
11566,3000,20007.945688
11400,3000,20022.185433
11302,3000,20036.040784
11214,3000,20049.530825
11902,3000,20063.839275
11842,3000,20078.459406
11786,3000,20092.976791
11812,3000,20107.091878
11820,3000,20121.343277
11430,3000,20135.220818
11764,3000,20148.849073
11348,3000,20162.09103
11606,3000,20176.197918
11642,3000,20190.092789
11460,3000,20204.374136
11418,3000,20218.542371
11652,3000,20232.743405
11732,3000,20247.053019
11300,3000,20261.352038
11344,3000,20275.128756
11640,3000,20289.265917
11698,3000,20302.822725
11490,3000,20316.89823
11758,3000,20331.383887
11448,3000,20345.219104
11610,3000,20359.124939
11706,3000,20373.136722
11568,3000,20386.945532
11520,3000,20400.828619
11550,3000,20415.006068
11600,3000,20429.072362
11570,3000,20443.089239
11812,3000,20457.070146
11846,3000,20471.195616
11466,3000,20486.000571
11842,3000,20500.667907
11920,3000,20515.431264
12034,3000,20530.105992
11504,3000,20543.719023
11452,3000,20557.407798
11282,3000,20571.077839
11596,3000,20584.308526
11834,3000,20597.793631
11398,3000,20611.450167
11472,3000,20625.328928
11630,3000,20639.477479
11464,3000,20653.554718
11540,3000,20667.830601
11984,3000,20682.043415
11516,3000,20696.239792
11788,3000,20710.189178
11732,3000,20733.882968
11376,3000,20747.725258
11524,3000,20761.560082
12004,3000,20776.601248
11454,3000,20791.172882
11514,3000,20805.281005
11610,3000,20819.671329
11880,3000,20834.237261
11726,3000,20849.152388
11656,3000,20864.234409
11272,3000,20877.945267
12002,3000,20892.201581
11876,3000,20907.007116
11670,3000,20921.550628
11516,3000,20936.185806
12024,3000,20950.321187
11638,3000,20964.738117
11828,3000,20979.109474
12026,3000,20993.735475
11750,3000,21008.041336
11410,3000,21022.258665
11878,3000,21036.384345
11854,3000,21050.602034
11836,3000,21065.614225
11856,3000,21078.873189
11854,3000,21093.217122
11512,3000,21107.043163
11616,3000,21120.932273
11450,3000,21135.194913
11638,3000,21148.581711
11544,3000,21163.517361
11718,3000,21177.466409
11584,3000,21191.460085
11584,3000,21205.109266
11434,3000,21219.244069
12000,3000,21233.751549
11498,3000,21247.504111
11730,3000,21261.160114
11608,3000,21274.655467
11616,3000,21289.034151
11820,3000,21303.2991
11834,3000,21317.12611
11584,3000,21332.242579
11430,3000,21346.517221
11430,3000,21360.986624
11640,3000,21375.837558
12030,3000,21389.990273
11908,3000,21403.592252
11454,3000,21417.63641
11466,3000,21430.947022
11942,3000,21445.520568
11988,3000,21459.863805
11766,3000,21474.067477
11876,3000,21488.253743
11786,3000,21503.489494
11704,3000,21518.112272
11584,3000,21532.008134
11438,3000,21545.876794
11602,3000,21560.153536
11908,3000,21574.597807
12072,3000,21589.370409
11992,3000,21604.132498
11910,3000,21618.536993
11740,3000,21632.236964
11720,3000,21646.360865
11518,3000,21661.132968
11668,3000,21675.582304
11616,3000,21698.691163
11602,3000,21712.336497
11492,3000,21726.016956
12040,3000,21740.376468
12084,3000,21755.654749
11744,3000,21769.339347
11970,3000,21783.656428
11864,3000,21798.002598
11744,3000,21812.171983
11756,3000,21826.271356
11674,3000,21840.318292
11772,3000,21854.073213
11834,3000,21868.627002
11540,3000,21882.654558
11630,3000,21897.03314
11744,3000,21911.676941
11874,3000,21926.251085
11832,3000,21940.423808
11860,3000,21954.361352
11760,3000,21968.190225
11620,3000,21982.604217
11754,3000,21997.210091
11702,3000,22011.457198
12002,3000,22026.109864
12068,3000,22040.654077
11862,3000,22055.462561
11498,3000,22068.864789
11558,3000,22082.824291
11424,3000,22096.818238
11844,3000,22110.715847
11502,3000,22123.976339
11902,3000,22138.398602
11872,3000,22152.604019
11934,3000,22166.590598
11646,3000,22181.030532
11682,3000,22194.819916
11700,3000,22209.393823
11888,3000,22223.145575
11864,3000,22237.799868
11776,3000,22252.034958
11566,3000,22266.158803
11742,3000,22280.926998
11754,3000,22295.122001
11674,3000,22308.233439
11654,3000,22322.052322
11482,3000,22335.897955
11798,3000,22349.429266
11734,3000,22363.826376
11844,3000,22378.093947
11866,3000,22392.230946
11780,3000,22406.072872
11714,3000,22419.667856
11808,3000,22433.912765
11594,3000,22447.279727
11766,3000,22461.74827
11686,3000,22475.388175
11676,3000,22489.10955
11696,3000,22503.57602
11574,3000,22517.434536
11912,3000,22531.08532
11930,3000,22545.425663
12072,3000,22559.085773
11704,3000,22573.240924
11812,3000,22587.719452
12100,3000,22602.164251
11156,3000,22615.773245
11588,3000,22638.991145
11628,3000,22652.643863
11816,3000,22667.078047
11664,3000,22681.767023
11350,3000,22696.169038
11532,3000,22710.246354
11880,3000,22724.292398
11686,3000,22738.63588
11974,3000,22753.405572
11712,3000,22766.924303
11924,3000,22781.287296
11682,3000,22795.459952
12052,3000,22809.63797
11550,3000,22823.983237
11472,3000,22838.698605
11528,3000,22853.117951
11978,3000,22866.959594
11952,3000,22881.456942
12028,3000,22895.299664
11914,3000,22910.244012
11778,3000,22924.073511
11308,3000,22937.253641
11804,3000,22951.886415
11802,3000,22966.059801
11786,3000,22980.781252
11670,3000,22995.410952
11734,3000,23009.311054
11464,3000,23023.080534
11926,3000,23037.142083
11760,3000,23050.782639
11870,3000,23064.968756
11620,3000,23078.939484
11978,3000,23093.525589
11740,3000,23107.640594
12000,3000,23121.611908
11492,3000,23135.859076
11628,3000,23150.30746
11812,3000,23165.147787
11608,3000,23179.387095
11752,3000,23194.253557
12042,3000,23208.956394
11710,3000,23224.015728
12012,3000,23238.616452
11850,3000,23252.814556
12004,3000,23266.961108
11624,3000,23280.590849
11340,3000,23294.169841
11742,3000,23308.866009
11886,3000,23322.705623
11652,3000,23336.919498
12118,3000,23351.798213
11322,3000,23365.523546
11754,3000,23379.510104
11688,3000,23393.663421
12160,3000,23407.707361
11602,3000,23421.631601
11830,3000,23436.536521
11670,3000,23450.003293
11460,3000,23463.641029
11664,3000,23477.394136
11738,3000,23491.616673
11714,3000,23505.822104
11464,3000,23519.96446
11432,3000,23533.959629
11858,3000,23548.362559
11498,3000,23562.57212
11666,3000,23576.496537
11758,3000,23600.08257
12012,3000,23614.770501
11932,3000,23629.095067
12148,3000,23643.170618
12002,3000,23657.348708
11740,3000,23670.85062
11652,3000,23685.230167
11754,3000,23699.506836
11926,3000,23713.86884
11958,3000,23728.557453
11666,3000,23742.317206
11536,3000,23756.220692
11718,3000,23770.290976
11504,3000,23783.75582
11956,3000,23798.186647
11766,3000,23812.652061
11884,3000,23826.914044
11636,3000,23841.432839
11630,3000,23855.673406
11822,3000,23870.106313
11618,3000,23884.018106
11478,3000,23898.637281
11582,3000,23912.497243
11708,3000,23926.47441
11618,3000,23940.792571
11904,3000,23954.783927
11556,3000,23968.510342
11672,3000,23982.699001
11436,3000,23996.424017
11486,3000,24010.15189
11800,3000,24024.738697
11378,3000,24038.981672
11954,3000,24054.09956
11776,3000,24068.81519
11738,3000,24084.074589
11916,3000,24098.469662
11556,3000,24112.306579
11826,3000,24127.034255
11946,3000,24141.91642
11796,3000,24156.578565
11792,3000,24170.497179
11664,3000,24184.813321
11516,3000,24198.41786
11638,3000,24212.503416
11580,3000,24226.472587
11614,3000,24240.670004
11696,3000,24254.472497
12272,3000,24268.833561
11740,3000,24283.421576
11890,3000,24297.746632
11498,3000,24312.130297
12102,3000,24326.55889
11686,3000,24340.505434
11840,3000,24354.272048
11886,3000,24368.4019
11736,3000,24382.235397
11838,3000,24396.635777
11622,3000,24410.675626
11968,3000,24425.102656
11816,3000,24439.489936
12076,3000,24453.542163
11908,3000,24467.894423
11802,3000,24481.377273
11836,3000,24495.61395
11658,3000,24509.873111
11656,3000,24523.583967
11932,3000,24538.291911
11584,3000,24561.888065
11850,3000,24576.496654
11886,3000,24591.436385
11910,3000,24606.30354
11824,3000,24620.623898
12074,3000,24634.975145
11698,3000,24649.761427
11760,3000,24664.242353
11638,3000,24678.248804
11886,3000,24692.183485
11386,3000,24706.180044
11864,3000,24720.416465
12022,3000,24734.528272
11744,3000,24749.362552
11814,3000,24763.012016
11976,3000,24777.674166
11410,3000,24791.548382
11824,3000,24806.295623
11816,3000,24820.5782
11628,3000,24834.663172
11646,3000,24848.846936
11636,3000,24862.919339
11496,3000,24877.57279
11884,3000,24892.322329
11384,3000,24906.253936
12028,3000,24920.437737
11676,3000,24934.917253
11788,3000,24949.106088
11638,3000,24962.737621
11584,3000,24976.63729
11854,3000,24991.515193
11834,3000,25005.761042
12158,3000,25020.61344
11550,3000,25035.158731
11514,3000,25049.993248
11770,3000,25064.883266
11968,3000,25079.222892
11842,3000,25093.713004
11810,3000,25107.983702
11792,3000,25121.996752
11630,3000,25136.297236
11852,3000,25151.092232
11760,3000,25165.341239
11956,3000,25180.032549
11690,3000,25194.418614
11838,3000,25208.588599
11554,3000,25223.547354
11626,3000,25237.754185
11732,3000,25252.707107
11564,3000,25267.7256
11924,3000,25282.105724
11722,3000,25296.43343
11980,3000,25310.780968
12204,3000,25325.097668
11778,3000,25339.51429
11752,3000,25353.952019
11670,3000,25367.774473
12064,3000,25381.675776
11710,3000,25396.815819
12074,3000,25410.742136
11748,3000,25425.506744
11894,3000,25439.989576
11836,3000,25454.07307
11926,3000,25468.128484
12164,3000,25482.463143
11776,3000,25497.537451
12044,3000,25522.605522
11848,3000,25537.121265
11638,3000,25551.473016
11658,3000,25565.606363
11600,3000,25580.624243
12008,3000,25595.091911
11808,3000,25609.207974
12024,3000,25623.568416
11802,3000,25638.278309
11616,3000,25652.384997
11570,3000,25666.78199
11952,3000,25681.869295
11786,3000,25695.531184
11402,3000,25709.083473
11914,3000,25723.519029
12066,3000,25737.373446
12194,3000,25752.020684
11806,3000,25766.084152
11722,3000,25780.383166
12254,3000,25795.313443
11836,3000,25809.557264
11906,3000,25824.311886
11890,3000,25837.866914
11582,3000,25851.438112
11600,3000,25865.71247
11848,3000,25879.84497
11706,3000,25893.931732
11782,3000,25907.794927
11580,3000,25922.139169
11634,3000,25936.334352
11732,3000,25950.352932
11968,3000,25964.585755
11836,3000,25978.976015
11646,3000,25993.545188
11570,3000,26007.57494
11914,3000,26021.834311
11622,3000,26036.238307
11602,3000,26050.82117
11776,3000,26065.116227
11756,3000,26079.662342
11936,3000,26094.238087
11716,3000,26108.576069
11680,3000,26122.987873
11536,3000,26137.02942
12008,3000,26151.729043
11536,3000,26166.611795
11776,3000,26181.469496
11892,3000,26195.541691
11662,3000,26209.749756
11770,3000,26223.099597
11758,3000,26237.565896
11378,3000,26251.888917
11720,3000,26266.861278
11550,3000,26280.857605
11604,3000,26294.37553
11944,3000,26308.896357
11598,3000,26323.03151
11922,3000,26337.78095
11632,3000,26351.737846
11866,3000,26366.342721
11842,3000,26380.663127
12086,3000,26394.639415
11710,3000,26409.169546
11926,3000,26424.408431
11854,3000,26439.107141
12002,3000,26453.464563
11956,3000,26469.085725
11450,3000,26492.902475
11792,3000,26507.990602
11474,3000,26521.901615
11844,3000,26535.688665
12016,3000,26550.785567
11612,3000,26565.663275
11780,3000,26579.855101
12032,3000,26594.417808
11732,3000,26608.497223
12134,3000,26622.49438
11738,3000,26636.578741
12126,3000,26651.605611
12186,3000,26665.905951
11378,3000,26680.384558
11968,3000,26694.588319
11784,3000,26708.948665
11902,3000,26723.516237
11564,3000,26738.444079
12184,3000,26753.052768
11944,3000,26767.59617
11500,3000,26781.76943
11800,3000,26795.88734
11800,3000,26810.785715
11732,3000,26825.785578
11782,3000,26840.595637
11812,3000,26854.987426
11628,3000,26869.343153
11810,3000,26883.755158
11592,3000,26898.409214
11686,3000,26912.702887
11968,3000,26927.443009
12062,3000,26941.148599
11680,3000,26954.995471
11872,3000,26969.356747
11748,3000,26983.239929
11622,3000,26996.690391
11762,3000,27011.187552
11946,3000,27024.922429
11586,3000,27039.706586
11944,3000,27054.558161
11798,3000,27069.375246
11744,3000,27083.588775
11812,3000,27098.42128
11810,3000,27112.211803
11498,3000,27127.077526
11710,3000,27141.541396
11684,3000,27156.763585
11840,3000,27171.023237
11658,3000,27185.339117
11938,3000,27200.647133
12104,3000,27215.89448
11630,3000,27230.27387
11706,3000,27243.991546
12008,3000,27259.026271
11500,3000,27273.319019
11684,3000,27288.214245
11776,3000,27302.272001
11918,3000,27316.769313
11564,3000,27330.892943
11296,3000,27344.88143
11832,3000,27358.992564
11498,3000,27372.570801
11814,3000,27387.098462
12182,3000,27401.427799
12066,3000,27416.009088
11974,3000,27430.003358
11422,3000,27444.154096
11844,3000,27468.000729
11688,3000,27482.171219
11564,3000,27495.889148
11974,3000,27510.497678
12032,3000,27524.791164
11382,3000,27538.703352
11682,3000,27552.877433
11950,3000,27567.168075
11784,3000,27580.840507
11444,3000,27595.139287
11818,3000,27609.302433
12038,3000,27623.773455
11688,3000,27637.990978
11960,3000,27652.187413
11530,3000,27666.493996
11820,3000,27680.408866
11970,3000,27695.223641
11798,3000,27710.075774
11704,3000,27724.208905
12022,3000,27737.721269
12168,3000,27752.23869
11866,3000,27767.060433
12048,3000,27781.947067
11836,3000,27796.519169
11952,3000,27810.943668
11556,3000,27825.413032
11590,3000,27839.327213
12318,3000,27854.320985
11614,3000,27868.268995
11740,3000,27881.8073
11836,3000,27896.076993
11884,3000,27910.70258
11788,3000,27924.91407
11660,3000,27940.400488
11638,3000,27954.868463
12046,3000,27969.907966
11862,3000,27984.165764
11952,3000,27998.371728
11394,3000,28012.711281
11632,3000,28027.176682
11500,3000,28041.61586
11664,3000,28055.101802
11822,3000,28069.138354
11676,3000,28083.52255
11950,3000,28097.582859
11628,3000,28112.467209
11720,3000,28127.644231
11594,3000,28141.550664
12064,3000,28156.624596
11666,3000,28170.971067
11350,3000,28185.069289
11738,3000,28199.673972
11924,3000,28214.198336
11486,3000,28228.395192
11790,3000,28242.975832
11568,3000,28257.065572
11572,3000,28270.594765
11804,3000,28284.734981
11854,3000,28298.872487
11878,3000,28312.915857
11540,3000,28327.257373
11588,3000,28341.9309
11686,3000,28356.069923
11924,3000,28370.99055
11832,3000,28385.746499
11812,3000,28400.083548
11450,3000,28424.940872
12030,3000,28440.190525
12106,3000,28454.884626
11854,3000,28469.541792
11482,3000,28483.263754
11622,3000,28497.528668
11768,3000,28511.198876
11604,3000,28525.165609
11764,3000,28539.577171
11420,3000,28552.948665
11718,3000,28566.451041
11796,3000,28580.724311
11672,3000,28595.208532
12018,3000,28609.719237
11452,3000,28623.719954
11758,3000,28637.488657
11430,3000,28651.069947
12070,3000,28665.579299
11992,3000,28680.91196
11578,3000,28695.456779
11886,3000,28709.94121
11968,3000,28724.528617
11542,3000,28738.187077
12026,3000,28752.932668
11770,3000,28767.78746
11978,3000,28782.713609
11592,3000,28796.966262
11582,3000,28811.197618
12032,3000,28825.589179
11622,3000,28839.302692
11686,3000,28853.634768
11966,3000,28867.921257
11678,3000,28881.710546
11384,3000,28895.81194
11912,3000,28910.048933
11820,3000,28924.650799
11706,3000,28939.664553
11892,3000,28954.472831
11798,3000,28969.261757
11746,3000,28982.987288
11590,3000,28997.723011
11642,3000,29011.961855
11598,3000,29026.268801
11944,3000,29041.569641
11980,3000,29055.450154
11808,3000,29069.646425
11702,3000,29083.766061
11720,3000,29098.500536
11544,3000,29111.937853
12032,3000,29126.138377
11758,3000,29140.178693
11542,3000,29154.975074
11924,3000,29169.00117
11850,3000,29183.783476
11874,3000,29197.932348
11590,3000,29212.309342
11726,3000,29226.436744
11868,3000,29240.810408
11718,3000,29255.388197
11836,3000,29269.975617
11838,3000,29283.675432
11610,3000,29297.574421
11698,3000,29312.371471
11960,3000,29326.184134
11602,3000,29340.57038
11920,3000,29354.896276
11620,3000,29369.401197
11808,3000,29394.018832
11920,3000,29408.895129
11522,3000,29424.183514
11618,3000,29438.240265
11904,3000,29453.285228
11638,3000,29467.703937
11684,3000,29482.054818
11810,3000,29496.2948
11972,3000,29510.895173
12064,3000,29525.719159
12206,3000,29540.71157
11696,3000,29555.288944
11540,3000,29569.570066
11416,3000,29583.32976
11630,3000,29597.42765
11692,3000,29612.132862
11928,3000,29626.577112
11792,3000,29640.820289
11542,3000,29655.619868
11914,3000,29669.865024
11880,3000,29684.118581
11612,3000,29698.052572
11454,3000,29711.380385
11932,3000,29725.289499
11718,3000,29739.354939
11856,3000,29753.171582
11870,3000,29767.691222
11790,3000,29781.959737
11860,3000,29796.661536
11438,3000,29811.870338
11978,3000,29827.004725
11982,3000,29841.234416
11848,3000,29855.339249
11688,3000,29869.897799
11964,3000,29884.368752
11628,3000,29898.670688
11462,3000,29912.88904
11518,3000,29926.642982
12060,3000,29940.139031
11912,3000,29953.990257
11624,3000,29967.840255
11936,3000,29981.907233
11808,3000,29996.51791
12176,3000,30010.974108
11682,3000,30025.277248
11654,3000,30039.585481
11798,3000,30053.982415
11830,3000,30068.725118
11566,3000,30082.607677
11962,3000,30096.701419
11726,3000,30111.063243
11904,3000,30125.193242
11548,3000,30139.291686
11844,3000,30153.58749
11880,3000,30167.912392
11972,3000,30182.682982
11920,3000,30197.643838
11496,3000,30211.628416
12012,3000,30226.32145
12130,3000,30241.559196
11940,3000,30255.305623
11832,3000,30269.566971
11792,3000,30284.269037
11668,3000,30298.552749
11816,3000,30312.637159
11790,3000,30326.715984
12014,3000,30340.659714
11810,3000,30364.446039
11874,3000,30378.555934
11762,3000,30393.104158
11902,3000,30407.160256
11760,3000,30421.330575
11892,3000,30436.102422
11594,3000,30450.250658
11662,3000,30465.443837
11374,3000,30479.260494
11378,3000,30493.657041
12070,3000,30508.223616
11818,3000,30522.32772
11696,3000,30536.18669
12124,3000,30551.575413
11594,3000,30565.204536
11886,3000,30579.649419
11722,3000,30593.698881
11700,3000,30607.826586
11904,3000,30622.455338
11966,3000,30637.355912
11634,3000,30652.202429
11634,3000,30665.954091
11912,3000,30680.785843
11910,3000,30695.101025
11942,3000,30709.278719
11634,3000,30723.123213
11658,3000,30737.406687
11824,3000,30751.306536
11492,3000,30764.827834
11738,3000,30778.915329
11708,3000,30793.011381
11768,3000,30807.139916
11488,3000,30821.734117
11304,3000,30835.845713
11866,3000,30850.109667
11684,3000,30864.218803
11706,3000,30878.71942
12050,3000,30893.982542
11928,3000,30908.692854
12130,3000,30923.840655
11894,3000,30938.090878
11720,3000,30951.780309
11662,3000,30965.793968
11642,3000,30980.31745
11696,3000,30994.305387
11846,3000,31008.510249
11716,3000,31022.890676
11838,3000,31037.059682
11872,3000,31051.448819
11898,3000,31066.270391
11800,3000,31080.8296
12152,3000,31095.940675
11734,3000,31110.263306
11620,3000,31124.456695
12318,3000,31138.752487
11986,3000,31152.382463
11696,3000,31166.545389
11592,3000,31180.6211
11656,3000,31194.979851
11816,3000,31208.90285
11886,3000,31223.085939
11844,3000,31237.140765
11830,3000,31251.609867
11598,3000,31266.376702
11590,3000,31280.900468
11886,3000,31294.65041
11932,3000,31319.065869
11786,3000,31333.770234
11970,3000,31348.285583
11614,3000,31362.658455
11760,3000,31376.868674
12112,3000,31391.471014
11398,3000,31405.476644
11884,3000,31419.621346
11710,3000,31433.594475
11852,3000,31448.028952
11914,3000,31462.890854
11828,3000,31477.721725
11854,3000,31492.694537
11688,3000,31506.300072
11562,3000,31520.527059
11854,3000,31535.061989
11796,3000,31549.897356
11702,3000,31564.808954
11492,3000,31579.417304
11722,3000,31593.981403
11530,3000,31608.116167
11674,3000,31622.248286
11928,3000,31636.677163
11692,3000,31651.121081
11926,3000,31665.059971
11774,3000,31679.148865
11928,3000,31693.539983
11738,3000,31708.004782
11422,3000,31722.193095
11742,3000,31736.134891
11986,3000,31750.212078
12066,3000,31765.204678
11714,3000,31778.630825
12020,3000,31793.238054
11560,3000,31807.168527
11852,3000,31821.10478
11574,3000,31835.38467
11660,3000,31849.112425
11768,3000,31862.982483
11816,3000,31876.896326
11676,3000,31891.677947
11932,3000,31906.585568
12010,3000,31921.573375
12098,3000,31936.564039
11938,3000,31950.783603
11598,3000,31964.531672
11952,3000,31979.078095
11682,3000,31993.462848
11876,3000,32007.916283
11818,3000,32022.113695
11484,3000,32036.866625
11932,3000,32050.877808
11964,3000,32065.263198
11886,3000,32079.772113
11794,3000,32094.976793
11590,3000,32109.65307
11418,3000,32123.561202
11860,3000,32137.813003
11718,3000,32152.008513
11462,3000,32166.468438
12022,3000,32180.736666
11796,3000,32194.661201
12036,3000,32209.801537
11634,3000,32224.217008
11770,3000,32238.438508
11554,3000,32252.719707
11980,3000,32266.873409
11850,3000,32291.028829
11396,3000,32305.145924
11396,3000,32318.701421
11636,3000,32332.747583
11800,3000,32347.182139
11412,3000,32361.794244
12062,3000,32376.633403
11578,3000,32390.167845
11854,3000,32404.114673
11552,3000,32419.072266
11782,3000,32432.833694
11888,3000,32447.234974
11762,3000,32461.35632
11890,3000,32475.42537
11642,3000,32489.848216
11716,3000,32504.327269
11852,3000,32519.434707
11998,3000,32534.047905
11716,3000,32548.312997
11766,3000,32563.01867
11774,3000,32577.945399
11736,3000,32592.189314
11790,3000,32606.336948
12018,3000,32621.231717
11870,3000,32635.19789
11754,3000,32649.44098
11412,3000,32663.442082
11924,3000,32678.799673
11514,3000,32692.042882
12090,3000,32706.056867
11874,3000,32720.453927
11606,3000,32734.964278
11822,3000,32749.39586
11552,3000,32763.839686
11506,3000,32778.498139
11806,3000,32793.696959
11644,3000,32807.923023
11916,3000,32822.531055
11776,3000,32836.604001
11628,3000,32850.929229
11856,3000,32865.033101
12100,3000,32880.32082
11586,3000,32894.824636
11538,3000,32908.658332
11688,3000,32923.197852
11776,3000,32937.456957
11634,3000,32952.396779
11888,3000,32966.060005
11712,3000,32979.758688
11972,3000,32993.935217
12132,3000,33008.914221
11992,3000,33023.877875
11562,3000,33038.277966
11834,3000,33053.241812
11660,3000,33067.328576
11732,3000,33081.613399
11804,3000,33094.894045
11930,3000,33109.435977
11780,3000,33123.758032
11784,3000,33138.174299
12098,3000,33153.076411
12064,3000,33167.791799
11482,3000,33181.892992
11856,3000,33196.436908
11898,3000,33210.553273
12026,3000,33225.270624
11802,3000,33240.175158
12038,3000,33265.574616
11772,3000,33280.045999
11804,3000,33294.57058
11940,3000,33309.434241
11950,3000,33323.630753
11994,3000,33338.334826
11866,3000,33352.440018
11786,3000,33367.528608
11428,3000,33381.68968
11832,3000,33396.4002
11980,3000,33411.200716
11924,3000,33425.809879
11702,3000,33440.668336
12206,3000,33455.955966
11832,3000,33471.188519
11980,3000,33485.289694
11734,3000,33498.847358
11666,3000,33513.169852
11778,3000,33527.38785
11816,3000,33541.868826
11740,3000,33555.770172
11598,3000,33570.444936
12080,3000,33584.327613
11576,3000,33598.937537
11562,3000,33613.399057
11768,3000,33627.358841
11934,3000,33641.677497
11934,3000,33656.465163
12038,3000,33670.866388
12042,3000,33684.829221
12046,3000,33698.69891
11748,3000,33713.188655
11828,3000,33727.36364
11828,3000,33741.568892
11716,3000,33756.760485
11864,3000,33771.576332
12152,3000,33787.017727
11906,3000,33801.423307
11574,3000,33815.083017
12046,3000,33829.237739
11768,3000,33844.334386
11866,3000,33858.918881
11858,3000,33873.680527
11346,3000,33887.516094
11658,3000,33902.5989
11432,3000,33916.702913
11590,3000,33931.264342
11908,3000,33945.831812
11882,3000,33960.244736
11728,3000,33973.879958
12234,3000,33988.155032
11474,3000,34002.674631
11954,3000,34016.512938
11766,3000,34031.275587
12162,3000,34045.948728
11744,3000,34059.325791
11980,3000,34074.679973
11766,3000,34088.985391
11766,3000,34103.386279
11724,3000,34117.487775
11628,3000,34131.911458
11582,3000,34146.098255
11548,3000,34159.876904
11668,3000,34174.692305
11762,3000,34189.148059
12216,3000,34203.497712
11390,3000,34227.153053
11802,3000,34241.320328
11916,3000,34256.196282
12168,3000,34270.627879
12302,3000,34285.408097
12140,3000,34299.836385
11996,3000,34314.029398
12200,3000,34328.713642
11990,3000,34343.423105
11558,3000,34357.307929
11840,3000,34372.183271
11762,3000,34386.169262
11660,3000,34400.558523
11754,3000,34415.321073
11368,3000,34429.443173
11564,3000,34443.457206
11558,3000,34457.763548
11798,3000,34472.696409
11668,3000,34486.300414
11670,3000,34500.975641
11940,3000,34514.896652
11748,3000,34529.037577
12260,3000,34543.612435
11800,3000,34557.676499
11972,3000,34572.664838
11378,3000,34586.648721
11818,3000,34600.758392
11802,3000,34614.413784
11752,3000,34628.562747
11780,3000,34642.990367
11484,3000,34657.152397
11884,3000,34671.233511
11912,3000,34686.20094
11776,3000,34701.187778
11954,3000,34716.481091
11980,3000,34730.743119
11736,3000,34744.674274
11956,3000,34759.050817
11684,3000,34773.894736
11788,3000,34788.294904
11648,3000,34803.326602
11904,3000,34818.055637
11938,3000,34832.308591
11518,3000,34846.643011
11864,3000,34861.08899
11714,3000,34874.917045
11694,3000,34889.114913
11652,3000,34903.88006
11714,3000,34917.90527
11476,3000,34932.209903
11570,3000,34946.196858
12084,3000,34961.522864
11906,3000,34975.532334
11510,3000,34989.506009
11608,3000,35003.619875
11738,3000,35017.761382
12028,3000,35032.401759
11934,3000,35046.77857
11856,3000,35061.986065
11484,3000,35076.063591
12166,3000,35091.237877
11818,3000,35105.69193
12108,3000,35119.87265
11696,3000,35133.88396
11804,3000,35148.728121
11702,3000,35162.835801
11784,3000,35177.76969
11682,3000,35202.083009
11832,3000,35217.141351
11934,3000,35232.199386
11608,3000,35246.45339
11880,3000,35260.808805
11832,3000,35275.599711
11748,3000,35290.271399
11706,3000,35304.248395
11626,3000,35318.085562
11606,3000,35332.182641
11650,3000,35346.871579
11756,3000,35361.655921
11696,3000,35375.98735
11618,3000,35389.864963
11928,3000,35404.326353
11978,3000,35419.254445
11834,3000,35433.302684
11796,3000,35447.770871
11944,3000,35462.874883
11778,3000,35477.434089
11656,3000,35491.327942
11776,3000,35505.591704
11646,3000,35519.225959
11992,3000,35532.79806
11898,3000,35547.036042
11956,3000,35561.444099
11962,3000,35575.665153
11988,3000,35590.155597
12164,3000,35604.534142
11906,3000,35618.732197
11656,3000,35632.992723
11982,3000,35647.236926
11646,3000,35661.726114
11892,3000,35676.136634
12108,3000,35690.548856
11664,3000,35704.579587
11840,3000,35718.8361
11932,3000,35733.191046
11872,3000,35747.573627
11854,3000,35761.716383
11438,3000,35776.265537
11908,3000,35790.822418
11402,3000,35805.110131
11824,3000,35819.757115
11804,3000,35834.182598
11728,3000,35847.916847
11966,3000,35861.704007
12004,3000,35876.005417
11414,3000,35889.835634
12100,3000,35904.766129
11656,3000,35918.966228
11656,3000,35933.112135
11676,3000,35947.616006
11938,3000,35961.863132
11512,3000,35976.802806
12060,3000,35991.539938
11586,3000,36005.626414
11836,3000,36019.531797
11662,3000,36033.527467
11688,3000,36048.143336
12110,3000,36062.354271
12040,3000,36076.750422
11422,3000,36090.967508
11952,3000,36105.274658
11578,3000,36119.859498
12194,3000,36133.843141
12134,3000,36147.721118
11778,3000,36171.678428
11560,3000,36185.069413
11566,3000,36199.92463
11604,3000,36215.024541
12248,3000,36229.316887
11808,3000,36243.901718
11896,3000,36258.101385
11910,3000,36273.407684
11634,3000,36287.801924
11812,3000,36303.003904
11860,3000,36317.4249
11728,3000,36331.907459
11964,3000,36346.387836
11516,3000,36360.200607
12054,3000,36375.214186
11868,3000,36389.925972
11826,3000,36404.221319
12082,3000,36418.577864
11428,3000,36432.186114
12014,3000,36446.352525
11948,3000,36460.587622
12006,3000,36474.489018
11412,3000,36488.261569
11990,3000,36502.027426
11900,3000,36516.519392
11916,3000,36530.958756
11782,3000,36545.073276
11838,3000,36559.420876
11798,3000,36573.717349
11830,3000,36588.120759
11760,3000,36602.1759
11934,3000,36616.67799
12038,3000,36632.498052
12090,3000,36646.335656
11434,3000,36660.237279
11554,3000,36674.398664
11800,3000,36688.840641
11614,3000,36702.471946
11794,3000,36717.509138
12012,3000,36730.832761
11552,3000,36744.845331
11824,3000,36758.881152
11486,3000,36773.035715
12188,3000,36787.542075
11700,3000,36802.2641
11748,3000,36816.70624
11644,3000,36831.778723
12026,3000,36846.273967
11890,3000,36860.221623
11576,3000,36874.163777
11722,3000,36887.578358
11774,3000,36901.748087
11660,3000,36915.790399
11862,3000,36929.712998
11740,3000,36943.891253
11692,3000,36958.301043
11652,3000,36972.440257
11924,3000,36987.158581
12198,3000,37001.356403
11778,3000,37016.126353
11668,3000,37030.703074
11428,3000,37044.999629
11580,3000,37059.243191
11542,3000,37072.932459
11694,3000,37087.557535
11872,3000,37102.075267
11970,3000,37126.500939
11898,3000,37141.383058
11530,3000,37155.986433
11684,3000,37169.575082
11968,3000,37184.767282
11628,3000,37199.317028
11760,3000,37213.876734
11918,3000,37228.590072
11618,3000,37243.111787
11804,3000,37257.658684
11694,3000,37272.000251
12018,3000,37286.997115
11868,3000,37301.647034
11940,3000,37316.297293
11484,3000,37331.095653
11932,3000,37345.3672
11932,3000,37359.176394
11428,3000,37372.823112
11366,3000,37386.377017
11890,3000,37400.057851
11780,3000,37413.882915
11676,3000,37428.215482
11932,3000,37443.417662
12050,3000,37457.795341
12000,3000,37472.380845
11492,3000,37486.080422
11950,3000,37500.3175
11642,3000,37514.606222
11746,3000,37528.437043
11922,3000,37542.69358
11550,3000,37556.741023
11772,3000,37571.428349
11740,3000,37585.252932
11672,3000,37598.800893
11534,3000,37613.497496
12092,3000,37627.487612
11810,3000,37641.737341
11828,3000,37655.698745
11860,3000,37669.687784
11862,3000,37684.293348
11904,3000,37698.517557
11760,3000,37712.682512
11708,3000,37726.335397
11760,3000,37739.977621
11666,3000,37754.374556
11716,3000,37768.546474
11684,3000,37782.586749
11752,3000,37796.979211
11780,3000,37811.563948
11828,3000,37825.616004
11616,3000,37839.313981
12016,3000,37853.568362
12102,3000,37867.774937
11764,3000,37882.465524
12162,3000,37896.300515
12064,3000,37910.588157
12074,3000,37924.529355
11612,3000,37939.279349
11760,3000,37953.614018
12018,3000,37967.961757
11854,3000,37982.311996
11864,3000,37997.150093
11850,3000,38011.184998
11580,3000,38024.645127
12024,3000,38039.225865
11540,3000,38053.044835
11898,3000,38068.052582
11532,3000,38092.424186
11710,3000,38106.790491
12078,3000,38121.078597
11750,3000,38135.64389
11502,3000,38150.224157
11792,3000,38164.041099
11920,3000,38178.869792
11844,3000,38192.880841
11880,3000,38207.698646
12076,3000,38222.079633
11376,3000,38236.285485
11656,3000,38251.721622
11788,3000,38266.669586
11862,3000,38281.99902
12066,3000,38296.542592
12064,3000,38310.594582
11866,3000,38324.375015
11942,3000,38339.190046
12260,3000,38353.698123
11972,3000,38368.08698
11658,3000,38382.205783
11446,3000,38396.464809
11794,3000,38411.05928
11886,3000,38425.288882
11826,3000,38439.809949
11872,3000,38453.900817
11944,3000,38468.94191
11960,3000,38482.732555
12064,3000,38496.853028
11416,3000,38511.386595
11710,3000,38526.093362
12050,3000,38541.032058
11642,3000,38555.423615
11702,3000,38569.626142
11606,3000,38584.069344
11760,3000,38598.450077
11850,3000,38612.750107
11680,3000,38627.097806
11896,3000,38641.684136
11994,3000,38655.536538
11648,3000,38671.073643
11622,3000,38685.718601
12024,3000,38701.112949
12074,3000,38715.277021
11340,3000,38729.717331
11870,3000,38744.53464
11780,3000,38758.83045
12076,3000,38772.879262
11770,3000,38786.516507
11778,3000,38800.414859
12042,3000,38814.99352
11772,3000,38829.518098
11858,3000,38843.131159
11606,3000,38857.722328
11866,3000,38871.959046
11572,3000,38885.630743
11934,3000,38899.506971
11636,3000,38913.959967
11302,3000,38927.765527
11696,3000,38942.001442
11704,3000,38955.787796
11440,3000,38969.630208
11534,3000,38983.577471
11590,3000,38997.251677
11634,3000,39011.584321
11578,3000,39026.296973
12304,3000,39040.769534
11468,3000,39064.856312
11824,3000,39079.710042
11408,3000,39093.95679
11554,3000,39108.482946
11762,3000,39123.072033
12120,3000,39137.130946
12018,3000,39151.573597
12146,3000,39165.707558
11576,3000,39179.833061
11550,3000,39194.495159
12010,3000,39208.925116
11778,3000,39223.453918
12060,3000,39237.265573
12028,3000,39252.292317
11752,3000,39267.086355
11914,3000,39281.362869
11702,3000,39295.743415
11664,3000,39309.920944
11972,3000,39323.203174
11522,3000,39337.653392
11672,3000,39351.840687
11796,3000,39366.427024
11574,3000,39379.967947
11852,3000,39395.148429
11884,3000,39408.708822
11624,3000,39422.643306
11906,3000,39436.94907
11766,3000,39450.890955
11666,3000,39465.963968
11550,3000,39480.606429
11712,3000,39495.090841
11776,3000,39509.515791
11818,3000,39523.369369
11728,3000,39537.228107
11988,3000,39552.151092
11718,3000,39565.802773
11636,3000,39581.15468
11734,3000,39595.364602
11994,3000,39610.100851
11848,3000,39624.165027
11700,3000,39638.22067
12010,3000,39653.056803
11640,3000,39667.647516
11918,3000,39682.299284
11778,3000,39696.321613
11916,3000,39710.501356
11600,3000,39724.931705
11660,3000,39738.605277
11482,3000,39752.859567
11250,3000,39766.57198
11870,3000,39781.53397
11912,3000,39796.361313
11648,3000,39810.636889
11550,3000,39826.200412
11782,3000,39840.376446
11562,3000,39855.026655
11816,3000,39869.264714
11730,3000,39882.928729
11804,3000,39896.288738
11516,3000,39911.066028
11396,3000,39924.815836
11720,3000,39938.663859
11724,3000,39953.08377
11872,3000,39968.435852
11840,3000,39982.26945
11414,3000,39996.82197
11796,3000,40021.223582
12170,3000,40035.604508
11806,3000,40049.722828
11640,3000,40063.786137
12024,3000,40078.317555
11550,3000,40093.046876
11836,3000,40107.503682
11950,3000,40122.069318
11864,3000,40137.047934
11672,3000,40151.031055
11832,3000,40165.039367
11940,3000,40179.442602
11446,3000,40193.786448
11470,3000,40207.575796
11420,3000,40221.357067
11826,3000,40235.445452
12240,3000,40250.680016
11570,3000,40264.731967
11830,3000,40279.588483
11534,3000,40294.0087
11634,3000,40308.271598
12144,3000,40322.671191
11556,3000,40336.853261
12102,3000,40351.49324
11914,3000,40365.961875
11766,3000,40379.817707
11954,3000,40393.517476
11820,3000,40407.497812
12154,3000,40422.293706
12062,3000,40437.164214
11870,3000,40451.507774
11806,3000,40465.195187
11976,3000,40479.6302
11540,3000,40494.021199
11562,3000,40508.052594
11488,3000,40521.79192
11962,3000,40536.860123
11784,3000,40552.050207
11810,3000,40566.699895
11874,3000,40581.907508
11874,3000,40596.535703
11664,3000,40611.032541
11672,3000,40625.165749
11882,3000,40640.072959
11728,3000,40654.705815
11552,3000,40668.393447
11580,3000,40682.414115
11586,3000,40696.818945
11466,3000,40711.508312
11740,3000,40725.930732
11706,3000,40740.080966
11954,3000,40753.959778
11730,3000,40767.848831
11602,3000,40781.505752
11660,3000,40795.793789
11664,3000,40810.270254
11572,3000,40824.370137
11588,3000,40838.802327
11736,3000,40853.353224
11700,3000,40868.085125
11532,3000,40882.142514
12108,3000,40896.36517
11734,3000,40910.553693
11796,3000,40924.66484
11854,3000,40939.04469
11882,3000,40953.356369
11914,3000,40967.652847
11496,3000,40992.257191
12138,3000,41006.541281
12110,3000,41021.960276
11874,3000,41036.822615
12094,3000,41050.980592
11620,3000,41064.996794
11702,3000,41079.281849
11672,3000,41094.018227
11874,3000,41108.501521
11724,3000,41122.630753
11894,3000,41136.875147
12036,3000,41150.604876
11774,3000,41164.92965
11876,3000,41179.321737
11976,3000,41193.795844
11730,3000,41207.893322
11862,3000,41222.583453
11796,3000,41236.942915
12000,3000,41251.508296
11762,3000,41265.302423
11914,3000,41279.336256
11804,3000,41293.230267
11800,3000,41308.126591
11454,3000,41321.725778
11868,3000,41335.854487
11854,3000,41349.94975
11576,3000,41363.915919
11710,3000,41378.349328
12072,3000,41392.674826
11732,3000,41406.443783
11778,3000,41420.977506
11740,3000,41434.608418
11502,3000,41449.151738
11958,3000,41463.706861
11752,3000,41478.360647
11890,3000,41493.050879
12062,3000,41507.440326
12140,3000,41522.217105
12052,3000,41536.70912
11852,3000,41551.39459
11702,3000,41565.495777
11724,3000,41579.559301
11754,3000,41593.64693
11878,3000,41608.37707
11774,3000,41622.162266
11806,3000,41636.683051
11348,3000,41650.49349
11702,3000,41663.943483
11610,3000,41677.748987
11946,3000,41692.601537
11794,3000,41706.725931
11782,3000,41720.035691
11882,3000,41733.371858
11296,3000,41747.335445
12046,3000,41761.881606
11782,3000,41776.220103
11778,3000,41791.195527
11710,3000,41805.618872
11688,3000,41819.626938
11782,3000,41834.074178
11738,3000,41848.13657
11920,3000,41862.634164
11790,3000,41877.241324
11614,3000,41892.561616
11368,3000,41906.834639
11500,3000,41921.099493
11934,3000,41935.255913
11540,3000,41959.045934
11928,3000,41973.516785
11986,3000,41988.948392
11772,3000,42003.692872
12002,3000,42018.141847
11672,3000,42032.7967
11792,3000,42047.840229
11778,3000,42062.104336
11680,3000,42076.269347
12068,3000,42090.65335
11452,3000,42104.97142
11746,3000,42119.154652
11308,3000,42133.514258
11734,3000,42147.966995
11982,3000,42162.545408
11806,3000,42176.435915
11984,3000,42190.093159
11846,3000,42204.136132
11694,3000,42218.527342
11978,3000,42233.425924
11806,3000,42247.710403
11930,3000,42262.015564
11732,3000,42276.27406
11746,3000,42291.192947
11982,3000,42305.012077
11642,3000,42319.236967
11902,3000,42332.825044
11468,3000,42346.483314
11614,3000,42360.682735
11858,3000,42374.915854
11784,3000,42389.11093
11902,3000,42403.370446
12008,3000,42418.082654
11768,3000,42432.475729
11692,3000,42446.63546
11966,3000,42460.749186
11868,3000,42475.585829
11622,3000,42489.824726
11882,3000,42503.39719
11728,3000,42518.297161
11690,3000,42532.529093
11510,3000,42546.090185
12078,3000,42560.674245
11948,3000,42575.300694
11746,3000,42589.896571
11404,3000,42604.077965
11770,3000,42618.484501
11882,3000,42632.646307
11778,3000,42647.077189
11784,3000,42661.46661
11934,3000,42676.010411
11796,3000,42690.719445
11944,3000,42705.5811
11742,3000,42720.46604
11972,3000,42735.234175
11936,3000,42750.066257
11752,3000,42764.792493
11706,3000,42778.849003
12082,3000,42793.623121
11534,3000,42807.900767
11980,3000,42822.460613
11676,3000,42836.493887
12276,3000,42851.480201
12020,3000,42865.702788
12004,3000,42879.76784
11650,3000,42893.811871
11844,3000,42919.047665
11790,3000,42933.069356
11966,3000,42947.19645
11590,3000,42961.22099
11848,3000,42975.723565
11816,3000,42989.630696
11982,3000,43003.771688
12098,3000,43018.287538
11864,3000,43032.773487
11650,3000,43047.16178
11854,3000,43061.824259
11638,3000,43076.073875
11948,3000,43090.964507
11928,3000,43105.887775
11778,3000,43119.921642
11442,3000,43133.729702
12026,3000,43147.888909
11638,3000,43162.057111
11790,3000,43175.986593
12082,3000,43190.426173
11822,3000,43204.657776
11588,3000,43218.043533
11706,3000,43232.338339
11668,3000,43246.562117
11834,3000,43260.930776
11930,3000,43275.201237
11866,3000,43290.447637
11934,3000,43305.102823
11820,3000,43319.706559
11628,3000,43334.008814
12126,3000,43347.467483
11876,3000,43362.280465
12070,3000,43376.693159
11834,3000,43390.499238
11590,3000,43406.214215
11774,3000,43420.412864
11804,3000,43434.109816
11504,3000,43448.108463
11790,3000,43462.33349
11934,3000,43476.694696
11950,3000,43491.664559
12054,3000,43505.751668
12016,3000,43519.745548
11774,3000,43534.284393
11768,3000,43549.443485
11640,3000,43564.120706
11658,3000,43578.215348
11862,3000,43592.879428
11618,3000,43607.14819
11676,3000,43621.457799
11658,3000,43635.629975
11856,3000,43650.398331
11854,3000,43664.871561
11634,3000,43679.545247
11914,3000,43694.193402
11806,3000,43708.440846
11730,3000,43722.821603
11692,3000,43737.404502
11848,3000,43751.906059
11700,3000,43766.190244
11730,3000,43780.025578
11924,3000,43794.830404
11842,3000,43809.299188
11506,3000,43823.118136
12110,3000,43837.292118
12026,3000,43852.017832
11636,3000,43866.124313
11950,3000,43890.684859
11478,3000,43905.288889
11782,3000,43919.727397
11998,3000,43933.872978
11370,3000,43948.442845
11840,3000,43963.172108
11820,3000,43977.063797
11652,3000,43991.873394
11680,3000,44006.365055
11560,3000,44020.125184
11670,3000,44034.010517
11582,3000,44048.329421
12136,3000,44062.900469
11916,3000,44077.209314
11694,3000,44091.895373
12088,3000,44106.165584
11922,3000,44120.612238
12244,3000,44134.637251
11936,3000,44149.762625
11720,3000,44163.957696
11662,3000,44178.352404
11698,3000,44193.103708
11660,3000,44207.320776
11482,3000,44221.406785
11772,3000,44235.337839
11650,3000,44249.780095
12018,3000,44264.754367
12076,3000,44279.410575
11748,3000,44294.030371
11306,3000,44308.009897
11708,3000,44322.517663
11786,3000,44336.387529
11532,3000,44349.995109
11716,3000,44364.02753
11756,3000,44378.435722
11624,3000,44392.71724
12066,3000,44407.166463
12062,3000,44421.848077
11576,3000,44436.23741
11850,3000,44450.043661
11904,3000,44465.002788
11598,3000,44479.289251
11578,3000,44493.154344
11620,3000,44507.026916
11886,3000,44521.883273
11768,3000,44536.428772
11692,3000,44550.345741
11644,3000,44564.85778
11912,3000,44580.238932
11806,3000,44595.358077
11708,3000,44610.180807
11608,3000,44624.502992
11896,3000,44638.827249
11996,3000,44654.084936
12170,3000,44668.328994
11726,3000,44682.595626
11674,3000,44696.25829
11970,3000,44710.288976
11650,3000,44724.18832
11868,3000,44738.2216
11920,3000,44752.695031
11812,3000,44767.312957
11830,3000,44781.504095
11908,3000,44795.541831
12012,3000,44809.689533
12096,3000,44824.33173
11890,3000,44839.037979
11974,3000,44862.927348
11736,3000,44877.31879
11686,3000,44891.362591
11462,3000,44905.443743
11648,3000,44919.33957
12156,3000,44933.546516
11754,3000,44946.800655
11824,3000,44960.938961
11730,3000,44975.42206
11580,3000,44989.224746
11664,3000,45003.609622
12002,3000,45018.083888
11740,3000,45032.107364
12018,3000,45046.627245
12452,3000,45061.125911
11758,3000,45075.292742
12160,3000,45089.622329
11986,3000,45104.650863
11668,3000,45118.814165
11756,3000,45133.338702
11914,3000,45147.51761
11956,3000,45161.111371
11974,3000,45174.967649
11566,3000,45188.906132
11822,3000,45202.747771
11604,3000,45216.926648
11852,3000,45230.686009
11766,3000,45245.119873
11696,3000,45260.045278
11754,3000,45274.622047
11688,3000,45288.825281
11728,3000,45302.582538
11650,3000,45316.894648
11870,3000,45331.882662
11742,3000,45345.992404
11648,3000,45360.856695
11700,3000,45375.379303
11796,3000,45389.708429
12000,3000,45404.087943
11528,3000,45418.307248
11862,3000,45432.844694
11820,3000,45447.948611
11920,3000,45462.781794
12020,3000,45476.850879
11552,3000,45491.999551
11786,3000,45507.087545
12112,3000,45521.136548
11438,3000,45535.079208
11760,3000,45549.296995
11802,3000,45563.496987
11964,3000,45577.990704
12034,3000,45591.947273
11718,3000,45606.957442
12070,3000,45621.583137
11438,3000,45635.184439
11542,3000,45649.821588
11468,3000,45664.92684
11514,3000,45678.948712
12116,3000,45693.864645
11634,3000,45707.868394
11754,3000,45721.218318
11684,3000,45735.778666
11420,3000,45749.92362
11740,3000,45764.188873
11644,3000,45777.835832
11920,3000,45792.139215
11840,3000,45816.823278
11802,3000,45830.887069
11798,3000,45845.682094
11926,3000,45860.043988
11810,3000,45874.958884
11552,3000,45889.10422
11698,3000,45904.043964
11698,3000,45918.358384
11478,3000,45932.675915
11634,3000,45947.114678
11732,3000,45961.535453
11946,3000,45976.038078
11762,3000,45989.949929
11984,3000,46004.238336
11656,3000,46018.72813
12098,3000,46033.458384
11822,3000,46046.934902
11582,3000,46061.225855
11794,3000,46075.157189
11452,3000,46088.930702
11586,3000,46103.432441
11854,3000,46118.632195
11548,3000,46133.06784
11712,3000,46147.732015
11820,3000,46161.741448
11750,3000,46175.768842
11760,3000,46188.89054
11842,3000,46202.970898
11836,3000,46217.457667
11630,3000,46231.507109
11934,3000,46245.255565
11846,3000,46259.969205
11594,3000,46273.659555
11834,3000,46287.61894
11578,3000,46301.504057
11600,3000,46315.129287
11638,3000,46328.675235
11508,3000,46342.250841
12302,3000,46356.394459
11510,3000,46370.458985
11904,3000,46384.507288
11808,3000,46398.961467
11898,3000,46413.617935
11658,3000,46427.454165
12342,3000,46442.683216
11818,3000,46457.154426
12016,3000,46471.357999
12000,3000,46486.061291
11680,3000,46500.145536
12092,3000,46514.562204
11630,3000,46529.015059
11630,3000,46543.050884
11978,3000,46557.189206
12004,3000,46571.479547
11974,3000,46585.608056
12008,3000,46600.257326
11986,3000,46614.436339
11450,3000,46628.129104
11766,3000,46642.135446
11828,3000,46656.690516
11452,3000,46670.756244
11908,3000,46685.610103
11852,3000,46699.472097
11784,3000,46713.438918
11592,3000,46727.826615
11856,3000,46742.146201
11746,3000,46757.131654
11726,3000,46782.6647
11842,3000,46797.5802
11824,3000,46811.737623
11562,3000,46825.667191
11850,3000,46839.975114
11662,3000,46854.718958
11908,3000,46868.546283
11842,3000,46882.483035
11200,3000,46896.09691
12088,3000,46910.927412
12080,3000,46925.727726
11710,3000,46939.933642
11822,3000,46954.485348
11616,3000,46968.357517
11780,3000,46982.562431
11766,3000,46997.253342
11830,3000,47011.156045
11738,3000,47025.088479
11506,3000,47039.503128
11396,3000,47053.872787
11532,3000,47068.117491
11890,3000,47082.483122
11556,3000,47096.635085
11872,3000,47110.84629
11858,3000,47125.547517
11844,3000,47139.768835
11736,3000,47153.890476
11814,3000,47167.90985
11100,3000,47182.291826
11798,3000,47197.550834
11696,3000,47212.036402
12238,3000,47226.348263
12074,3000,47241.456796
11970,3000,47255.984548
11652,3000,47270.506139
11708,3000,47284.4532
11712,3000,47298.527507
11818,3000,47313.959679
11590,3000,47328.08892
11872,3000,47342.943107
11456,3000,47357.424448
11842,3000,47371.576275
11936,3000,47386.350939
11730,3000,47400.768125
11704,3000,47415.458215
11808,3000,47429.764351
12134,3000,47443.970527
11798,3000,47458.854558
11674,3000,47472.959594
12104,3000,47487.922652
11692,3000,47501.473415
11998,3000,47515.067382
11810,3000,47529.750724
11840,3000,47544.891202
11752,3000,47559.185392
11842,3000,47573.45922
11386,3000,47587.188099
11408,3000,47600.972162
12012,3000,47615.765873
11392,3000,47630.007495
11904,3000,47644.848892
12006,3000,47659.066805
11760,3000,47674.425952
11652,3000,47688.650845
11742,3000,47702.485669
11650,3000,47717.028663
11518,3000,47730.596991
11602,3000,47754.914473
11932,3000,47769.093627
11916,3000,47783.122122
12016,3000,47797.632986
11494,3000,47812.059029
11904,3000,47826.275681
11796,3000,47840.499443
11844,3000,47854.397859
11722,3000,47867.979673
12052,3000,47881.75879
11392,3000,47896.604957
11944,3000,47910.610723
11410,3000,47923.938603
11862,3000,47938.560889
11734,3000,47953.639888
11752,3000,47967.475556
11822,3000,47980.96474
11622,3000,47994.880856
11828,3000,48009.024256
11918,3000,48023.002984
11620,3000,48036.675114
11948,3000,48050.558341
11948,3000,48064.653509
11552,3000,48078.398854
11796,3000,48092.11396
11760,3000,48106.169251
12018,3000,48121.364336
12042,3000,48135.868896
11744,3000,48149.952102
11794,3000,48163.99828
11990,3000,48177.948671
12022,3000,48192.367951
12128,3000,48206.936748
11534,3000,48220.956601
11798,3000,48235.270693
11756,3000,48249.60362
11834,3000,48263.67203
11962,3000,48277.938517
11904,3000,48292.487911
12022,3000,48306.757356
11618,3000,48320.994661
11812,3000,48335.752803
11276,3000,48350.470286
12002,3000,48364.697414
11744,3000,48378.811691
11762,3000,48392.864371
11662,3000,48406.95979
11756,3000,48421.510649
11350,3000,48435.847327
11760,3000,48450.336792
11366,3000,48464.307384
11840,3000,48478.543333
12086,3000,48492.180888
11870,3000,48506.873834
11466,3000,48520.60912
12028,3000,48534.889318
11818,3000,48549.199758
11524,3000,48563.905062
11618,3000,48577.91234
11826,3000,48592.093585
11776,3000,48606.590336
12046,3000,48620.550929
11458,3000,48634.891293
11978,3000,48649.026306
11796,3000,48663.688887
11878,3000,48678.072236
11596,3000,48702.122821
11480,3000,48716.346359
11864,3000,48730.673091
11600,3000,48744.596468
11972,3000,48759.285226
11508,3000,48773.14198
11868,3000,48787.308042
12042,3000,48801.960397
12054,3000,48816.126136
11576,3000,48829.819768
11644,3000,48844.00072
11812,3000,48857.881552
11668,3000,48871.394875
11914,3000,48885.191221
11750,3000,48899.442053
11480,3000,48912.884253
11676,3000,48927.703094
11422,3000,48941.499716
11956,3000,48955.833874
11428,3000,48969.627981
11558,3000,48983.880314
11856,3000,48997.864351
11676,3000,49011.764585
11378,3000,49025.414884
11976,3000,49039.899929
11868,3000,49053.78261
12148,3000,49067.953652
11934,3000,49082.754079
11820,3000,49097.009435
11960,3000,49111.661345
11980,3000,49126.062225
11698,3000,49140.128686
11742,3000,49154.507667
11830,3000,49168.765697
11968,3000,49183.547869
11818,3000,49198.53661
11806,3000,49213.085085
12010,3000,49227.730293
11812,3000,49241.358437
11808,3000,49255.225359
11592,3000,49269.11843
11504,3000,49283.129508
11794,3000,49297.410104
12178,3000,49312.323514
11748,3000,49326.541317
11830,3000,49340.751567
11446,3000,49354.968543
11736,3000,49369.861997
11534,3000,49384.625076
12072,3000,49399.129997
11466,3000,49413.052396
11858,3000,49428.266273
11718,3000,49443.004587
11352,3000,49456.863621
11796,3000,49471.508016
11674,3000,49485.519243
11632,3000,49499.697376
11936,3000,49513.475149
11804,3000,49527.250596
12182,3000,49542.26215
11776,3000,49557.036233
12128,3000,49571.923656
11834,3000,49586.122373
11736,3000,49600.251494
11692,3000,49614.893147
11850,3000,49628.818581
11930,3000,49642.874654
11654,3000,49666.680769
11808,3000,49680.305276
11908,3000,49694.406832
11544,3000,49708.775414
11536,3000,49722.65681
11860,3000,49736.157786
12002,3000,49750.132493
11780,3000,49763.969425
11902,3000,49778.56203
11524,3000,49792.366653
11834,3000,49805.878361
11586,3000,49819.637
11884,3000,49834.034778
11776,3000,49848.509238
12002,3000,49862.933274
11510,3000,49877.217981
11732,3000,49891.354409
11604,3000,49905.151255
11828,3000,49919.321432
11338,3000,49933.385527
11746,3000,49947.824371
11700,3000,49961.663855
12074,3000,49975.689335
11702,3000,49989.962753
12048,3000,50004.090164
11712,3000,50017.917989
11778,3000,50031.808716
11658,3000,50045.866579
11542,3000,50059.822469
11658,3000,50074.394051
11656,3000,50088.525108
11826,3000,50103.510712
11792,3000,50117.58396
11938,3000,50132.150833
11690,3000,50145.895974
11536,3000,50160.210591
11742,3000,50174.050694
11458,3000,50188.001347
11772,3000,50202.075366
11792,3000,50217.243463
11710,3000,50230.786322
11244,3000,50244.454179
12016,3000,50258.506248
11770,3000,50272.526095
11700,3000,50286.243565
11896,3000,50300.550896
11758,3000,50314.476452
12078,3000,50329.197836
11600,3000,50343.527105
11648,3000,50357.653539
11826,3000,50372.38154
11842,3000,50386.813455
11814,3000,50400.571442
11596,3000,50414.712612
11762,3000,50428.187368
11722,3000,50442.11187
12198,3000,50456.639539
11628,3000,50470.371579
11900,3000,50484.392549
11452,3000,50498.547592
11770,3000,50513.108027
11556,3000,50527.076639
11682,3000,50540.856389
11824,3000,50555.903185
11992,3000,50570.350764
11858,3000,50585.229616
11694,3000,50599.601433
11968,3000,50624.13285
11904,3000,50638.429516
11604,3000,50652.602268
11744,3000,50666.881571
11558,3000,50681.490215
11936,3000,50696.729512
11554,3000,50711.818049
11720,3000,50725.642505
12000,3000,50740.097504
11744,3000,50754.942127
11720,3000,50769.557845
11698,3000,50784.453355
11572,3000,50798.514783
11612,3000,50812.575488
11568,3000,50826.407781
11676,3000,50840.835703
11824,3000,50854.517206
11966,3000,50869.624276
12186,3000,50883.728179
11908,3000,50897.815172
11574,3000,50911.788754
11992,3000,50926.183046
11644,3000,50940.621351
11740,3000,50954.413399
11726,3000,50967.627778
11812,3000,50981.94785
11792,3000,50996.302652
11824,3000,51011.210676
11726,3000,51025.577619
11664,3000,51040.52231
11662,3000,51054.52897
11618,3000,51068.324201
12010,3000,51082.248364
11712,3000,51096.255928
11984,3000,51110.497964
11902,3000,51124.49916
12106,3000,51138.549331
12056,3000,51153.273119
11752,3000,51167.263347
11580,3000,51181.248265
11516,3000,51195.087654
11638,3000,51209.806276
11616,3000,51224.139287
11908,3000,51238.85037
11550,3000,51253.000243
11930,3000,51267.362727
11876,3000,51281.47335
11760,3000,51295.285947
11442,3000,51309.074846
11498,3000,51323.214099
11882,3000,51337.94883
11662,3000,51352.34485
11842,3000,51366.374343
12126,3000,51380.734562
11936,3000,51395.294247
11680,3000,51409.515134
11568,3000,51423.73112
12092,3000,51437.754499
11634,3000,51452.123636
11728,3000,51466.074175
11544,3000,51479.939758
11852,3000,51493.618849
11860,3000,51507.594319
11764,3000,51521.616086
11422,3000,51536.02403
12230,3000,51550.634944
12324,3000,51574.537938
11840,3000,51589.437147
11758,3000,51603.569395
11974,3000,51618.11331
11536,3000,51632.979018
11378,3000,51647.109241
11928,3000,51661.252073
11868,3000,51675.630723
11954,3000,51689.676941
11880,3000,51703.783206
11774,3000,51718.498008
12040,3000,51733.315445
11718,3000,51747.498512
11788,3000,51761.92585
11684,3000,51776.176017
11572,3000,51790.333799
11872,3000,51804.813297
12036,3000,51819.006077
11536,3000,51832.967878
11936,3000,51847.052322
12180,3000,51860.939513
12096,3000,51875.422786
11796,3000,51889.915185
11502,3000,51904.109362
11496,3000,51918.885198
11618,3000,51932.781458
11636,3000,51946.723611
12114,3000,51960.795021
11586,3000,51975.452297
11794,3000,51989.843048
12018,3000,52004.55969
11860,3000,52019.109127
11468,3000,52032.627785
12182,3000,52047.065534
12002,3000,52062.386384
11696,3000,52076.472064
12102,3000,52090.538583
11666,3000,52104.661438
11642,3000,52118.882372
11804,3000,52133.249234
11742,3000,52147.144264
11534,3000,52161.472576
11998,3000,52175.400704
12042,3000,52190.242582
11996,3000,52204.61693
11838,3000,52218.950826
11726,3000,52233.693108
11990,3000,52247.885449
11774,3000,52261.405455
11756,3000,52275.343272
11870,3000,52289.805271
11416,3000,52303.467287
11574,3000,52317.369286
11502,3000,52331.139168
11714,3000,52345.179485
11632,3000,52359.134203
11528,3000,52373.402579
11628,3000,52387.460025
11726,3000,52402.039137
11920,3000,52415.976983
11598,3000,52430.624522
12024,3000,52445.550529
12132,3000,52459.294537
11754,3000,52473.254474
11862,3000,52487.571707
11974,3000,52501.360678
11814,3000,52515.372167
11596,3000,52538.963776
11640,3000,52553.225443
11928,3000,52567.304826
11704,3000,52581.803265
11726,3000,52596.565103
11708,3000,52611.218402
11640,3000,52625.213905
11584,3000,52639.425945
11820,3000,52654.161372
11668,3000,52668.488132
12016,3000,52682.614333
11936,3000,52696.553967
12104,3000,52711.519865
11932,3000,52726.089816
11628,3000,52740.023643
11644,3000,52754.496121
11806,3000,52768.334518
11566,3000,52783.19028
11522,3000,52797.335623
12054,3000,52811.93275
11616,3000,52825.862498
11708,3000,52839.716864
11448,3000,52853.672101
11770,3000,52868.408069
11742,3000,52882.237649
11614,3000,52896.727955
11526,3000,52910.799654
12038,3000,52925.227892
12248,3000,52939.815961
11944,3000,52953.895276
11694,3000,52968.190691
11688,3000,52982.768441
11898,3000,52996.986556
11812,3000,53011.84524
11798,3000,53025.746391
11698,3000,53040.168173
11570,3000,53054.512632
11848,3000,53069.067892
12042,3000,53083.347841
11980,3000,53098.468589
12022,3000,53113.236439
12054,3000,53127.410438
11462,3000,53141.69294
11710,3000,53156.022024
11542,3000,53170.108778
12122,3000,53184.918811
11862,3000,53198.670596
11662,3000,53213.41298
11824,3000,53227.874212
12006,3000,53242.759159
11688,3000,53257.778461
11930,3000,53271.77997
12110,3000,53286.523136
11884,3000,53300.545222
12134,3000,53315.50139
11748,3000,53329.752487
11690,3000,53343.222606
11948,3000,53357.310674
11608,3000,53371.144819
12038,3000,53385.754447
11778,3000,53400.179331
11784,3000,53414.17428
11966,3000,53428.681869
12004,3000,53443.525212
11548,3000,53456.985296
11762,3000,53470.828607
11936,3000,53485.593136
11762,3000,53510.637917
11756,3000,53524.536711
11388,3000,53538.098131
12022,3000,53552.078112
12024,3000,53566.587567
11952,3000,53581.144722
11532,3000,53595.496789
11726,3000,53609.609422
12110,3000,53624.019004
11738,3000,53637.964735
11914,3000,53652.284887
12016,3000,53667.185094
11640,3000,53680.989965
11920,3000,53695.502703
11514,3000,53709.837263
11386,3000,53723.976565
11764,3000,53738.369404
11634,3000,53752.623117
11768,3000,53766.389554
11624,3000,53780.363607
11830,3000,53794.640109
11736,3000,53808.89263
11768,3000,53823.473007
11664,3000,53837.968596
11588,3000,53852.881984
12038,3000,53867.919572
11676,3000,53883.321712
11660,3000,53897.688203
11852,3000,53912.576351
11548,3000,53926.466805
11730,3000,53940.692269
11812,3000,53954.502836
12362,3000,53968.882184
11982,3000,53982.516977
11710,3000,53997.885223
11428,3000,54013.921126
11824,3000,54026.149031
11750,3000,54038.019105
11860,3000,54049.773628
11464,3000,54061.305041
11878,3000,54073.755991
11654,3000,54086.130833
11860,3000,54098.257309
12052,3000,54111.387898
11918,3000,54123.187739
11664,3000,54135.255973
11852,3000,54147.381351
11594,3000,54159.32435
11944,3000,54171.23419
11892,3000,54183.158137
11778,3000,54195.429473
11946,3000,54207.860727
11872,3000,54219.924441
12048,3000,54231.906565
11790,3000,54243.675832
11574,3000,54255.756435
11700,3000,54268.058246
11722,3000,54279.553255
11664,3000,54292.066927
12072,3000,54304.652473
11888,3000,54316.346951
11654,3000,54327.930035
12294,3000,54340.251576
11714,3000,54352.080093
11808,3000,54363.261798
11936,3000,54375.526855
11196,3000,54395.595178
11874,3000,54407.478863
12068,3000,54419.414033
12046,3000,54431.891888
12046,3000,54443.932004
12002,3000,54456.236827
11948,3000,54468.23204
11606,3000,54480.143276
11882,3000,54492.342895
11536,3000,54503.93008
11828,3000,54515.993898
11848,3000,54528.664643
11702,3000,54540.911228
11828,3000,54553.100355
11790,3000,54565.172976
11746,3000,54577.058827
11748,3000,54588.560658
11454,3000,54600.658959
12008,3000,54612.743931
11568,3000,54624.43015
11996,3000,54636.48023
11666,3000,54648.040587
11868,3000,54659.96389
11452,3000,54672.01187
11896,3000,54684.274489
11716,3000,54695.859963
11864,3000,54707.787661
11814,3000,54719.451503
11648,3000,54731.302197
11710,3000,54743.060749
11696,3000,54755.465596
11862,3000,54768.000779
11542,3000,54780.012328
11916,3000,54791.752543
11596,3000,54803.784892
11632,3000,54815.852221
11704,3000,54827.47088
12056,3000,54839.21746
11572,3000,54851.236748
11892,3000,54862.641608
11208,3000,54874.035701
11890,3000,54885.515341
11902,3000,54897.869769
11416,3000,54910.061574
11734,3000,54922.229839
11922,3000,54934.153895
11698,3000,54946.34127
11728,3000,54957.623489
11732,3000,54968.904217
11546,3000,54980.797627
11950,3000,54992.852453
11908,3000,55004.523107
12124,3000,55016.481422
11742,3000,55028.137643
12114,3000,55040.163873
11800,3000,55052.512436
11826,3000,55064.549445
11612,3000,55076.867984
11702,3000,55088.996928
11542,3000,55100.891774
11674,3000,55112.331837
11828,3000,55124.469791
12266,3000,55137.130524
11774,3000,55148.428054
11446,3000,55160.280678
11632,3000,55171.673832
11878,3000,55183.677517
11628,3000,55203.885539
11942,3000,55215.42877
12010,3000,55226.871797
12126,3000,55238.217629
11750,3000,55249.839843
11928,3000,55261.515673
11394,3000,55273.106501
11766,3000,55284.89667
11956,3000,55296.745902
11384,3000,55308.617506
11990,3000,55320.410806
12140,3000,55332.603086
12052,3000,55344.521247
12066,3000,55356.708932
11688,3000,55367.946316
11696,3000,55379.545628
11798,3000,55390.966941
11818,3000,55403.216639
11650,3000,55415.185501
11806,3000,55427.579076
11844,3000,55439.441658
11392,3000,55451.409496
11762,3000,55462.937329
11856,3000,55474.849297
11800,3000,55486.101774
11814,3000,55497.79122
11828,3000,55509.646545
11578,3000,55521.316199
11582,3000,55532.739603
11814,3000,55543.978685
11962,3000,55555.377718
11552,3000,55566.638166
12060,3000,55578.262724
11792,3000,55589.739113
12054,3000,55601.416481
11632,3000,55613.351928
11954,3000,55625.738857
11678,3000,55637.535208
12066,3000,55649.152977
11920,3000,55661.230461
11286,3000,55672.785024
11752,3000,55684.82562
11660,3000,55697.289112
11746,3000,55709.708425
11652,3000,55721.321904
11888,3000,55733.447448
11842,3000,55745.265475
11646,3000,55757.419364
11744,3000,55769.01379
11862,3000,55781.410313
11918,3000,55793.949323
11704,3000,55806.28115
11464,3000,55818.233575
11712,3000,55829.976615
11918,3000,55842.010613
11784,3000,55853.357385
11604,3000,55865.0267
11998,3000,55876.830061
11998,3000,55889.20611
11692,3000,55900.977168
11622,3000,55912.519495
12156,3000,55925.05428
11692,3000,55937.702027
11826,3000,55949.707845
11924,3000,55962.006336
11682,3000,55973.80052
12134,3000,55986.177502
11796,3000,56006.556637
11534,3000,56018.345189
11678,3000,56030.547736
11696,3000,56042.156255
11678,3000,56054.031313
11648,3000,56065.779137
11710,3000,56077.444942
11790,3000,56089.547478
12106,3000,56101.68425
11698,3000,56113.632845
11500,3000,56125.953859
11524,3000,56137.158352
11882,3000,56149.109843
12000,3000,56161.425991
12116,3000,56173.191757
11708,3000,56184.708469
11926,3000,56196.384082
11938,3000,56208.007455
11928,3000,56220.028915
11862,3000,56231.723657
11982,3000,56244.158325
12126,3000,56256.701478
11686,3000,56268.720061
12030,3000,56280.553062
11764,3000,56292.079623
11772,3000,56304.378941
11654,3000,56315.996513
11530,3000,56328.063915
12126,3000,56340.187425
11694,3000,56351.375017
11652,3000,56363.176206
11528,3000,56374.74723
11390,3000,56386.512628
12110,3000,56398.317002
11544,3000,56410.264946
11826,3000,56422.348224
11856,3000,56434.65257
11430,3000,56446.11833
11670,3000,56458.488975
11324,3000,56470.043557
11884,3000,56482.039959
11740,3000,56493.716133
11838,3000,56506.002018
11866,3000,56518.369577
11588,3000,56530.264864
11950,3000,56542.078591
11622,3000,56554.186025
11858,3000,56565.958755
11820,3000,56578.077599
11772,3000,56590.273119
12066,3000,56602.468847
11930,3000,56613.906769
11546,3000,56625.562787
11788,3000,56638.049154
11728,3000,56650.034756
11622,3000,56662.115657
11550,3000,56673.688744
11844,3000,56685.929275
11788,3000,56698.203102
11920,3000,56709.738287
11794,3000,56721.644511
11722,3000,56733.22313
11566,3000,56744.889311
12034,3000,56756.663516
11638,3000,56768.595736
11986,3000,56780.307049
11610,3000,56799.974128
11782,3000,56811.980581
11692,3000,56823.945125
11732,3000,56836.086376
11808,3000,56847.78391
11762,3000,56859.424396
12042,3000,56871.469738
12208,3000,56883.905781
11488,3000,56895.679822
11692,3000,56907.107499
11860,3000,56918.841714
11906,3000,56930.765619
12056,3000,56942.550196
11790,3000,56954.627576
11548,3000,56966.21578
11476,3000,56977.681759
12062,3000,56990.106657
11826,3000,57001.770438
11774,3000,57013.408931
11522,3000,57025.033571
11444,3000,57036.862297
11906,3000,57049.145299
11826,3000,57061.029688
11728,3000,57073.039484
11850,3000,57085.158479
11780,3000,57096.966722
11810,3000,57108.018204
11852,3000,57120.11048
11746,3000,57132.093989
11832,3000,57143.912806
11574,3000,57155.182919
11506,3000,57166.683116
11590,3000,57178.362262
11610,3000,57190.415296
11678,3000,57202.281862
12104,3000,57214.360247
11694,3000,57226.606768
11854,3000,57239.23345
12090,3000,57251.181396
11902,3000,57263.16182
11740,3000,57274.427498
11752,3000,57286.291778
11860,3000,57297.410806
11764,3000,57309.389786
11742,3000,57321.449189
11974,3000,57333.316797
11618,3000,57345.066798
11482,3000,57356.973236
11866,3000,57368.428381
11522,3000,57379.513702
11808,3000,57391.611265
11922,3000,57403.364075
11596,3000,57414.884602
12082,3000,57426.618213
11732,3000,57438.340559
11816,3000,57450.029055
11816,3000,57461.492572
11780,3000,57473.042376
11752,3000,57485.5744
11904,3000,57497.558581
11926,3000,57509.447236
11618,3000,57521.113319
12032,3000,57532.708546
11936,3000,57544.595402
11818,3000,57556.159537
11900,3000,57567.483576
11884,3000,57579.138063
11832,3000,57599.383764
11960,3000,57611.08555
11978,3000,57622.902461
11690,3000,57634.92343
11738,3000,57646.478879
11726,3000,57658.152102
11794,3000,57669.90511
11656,3000,57681.367334
11678,3000,57693.263232
11822,3000,57705.55606
11862,3000,57718.466648
12048,3000,57730.1715
11862,3000,57742.357421
11522,3000,57753.956771
12058,3000,57765.70329
11800,3000,57777.991526
11818,3000,57789.908471
11856,3000,57801.317918
11722,3000,57812.847702
11644,3000,57824.909274
11756,3000,57836.813406
11714,3000,57848.508355
11774,3000,57860.158982
11808,3000,57872.245436
11740,3000,57883.978683
11500,3000,57895.576552
11928,3000,57907.464683
11972,3000,57919.90534
11588,3000,57931.191617
12094,3000,57943.382911
11680,3000,57954.765542
11960,3000,57966.73204
11876,3000,57978.496047
11850,3000,57990.772778
11844,3000,58002.505196
12138,3000,58015.324973
11902,3000,58027.322305
12032,3000,58039.113387
12140,3000,58050.913025
11812,3000,58063.024172
11530,3000,58075.190025
11754,3000,58086.798419
11760,3000,58098.810731
11598,3000,58110.593072
11880,3000,58122.26691
12026,3000,58133.776592
11828,3000,58145.538898
11834,3000,58157.098541
11392,3000,58169.018689
11924,3000,58180.559155
11542,3000,58192.069165
11768,3000,58203.641785
11828,3000,58215.088329
11806,3000,58227.263291
11690,3000,58239.293998
11654,3000,58251.110379
11952,3000,58262.768682
11974,3000,58275.610053
12032,3000,58287.905912
11836,3000,58299.141262
11924,3000,58311.471397
11908,3000,58323.964054
11880,3000,58335.966858
11640,3000,58347.601516
11680,3000,58358.916607
11934,3000,58370.990585
11844,3000,58382.934514
11466,3000,58403.139645
12002,3000,58415.462997
11726,3000,58426.993866
11962,3000,58439.180948
11980,3000,58451.132291
11878,3000,58463.391486
12216,3000,58475.301344
11944,3000,58486.877365
12038,3000,58498.921935
12012,3000,58510.811076
11704,3000,58522.074266
11646,3000,58534.715896
11502,3000,58546.902182
11702,3000,58559.032356
11858,3000,58571.302202
12074,3000,58583.42568
11692,3000,58595.336074
12164,3000,58606.899521
11758,3000,58618.862291
11568,3000,58630.951966
11894,3000,58642.922647
11448,3000,58654.890266
12072,3000,58666.804799
11854,3000,58678.609717
11734,3000,58690.41295
11990,3000,58702.803782
11966,3000,58714.435476
11590,3000,58726.843697
11600,3000,58738.431714
11770,3000,58750.197143
11806,3000,58762.735887
11892,3000,58773.999802
11678,3000,58785.535471
11782,3000,58797.575004
11746,3000,58809.758225
11720,3000,58822.143034
11922,3000,58834.186505
11948,3000,58846.598486
11890,3000,58858.600867
11906,3000,58870.520732
11872,3000,58882.807227
12022,3000,58894.936665
12096,3000,58907.064033
12068,3000,58919.12579
11246,3000,58931.623243
11696,3000,58943.392769
12010,3000,58954.943794
11510,3000,58966.428566
11502,3000,58978.289356
11936,3000,58990.308876
11440,3000,59001.992807
11682,3000,59013.577076
11974,3000,59025.490812
12170,3000,59037.236553
11354,3000,59048.833125
11738,3000,59060.895262
11750,3000,59072.167994
11990,3000,59084.51236
11846,3000,59095.91588
11620,3000,59107.164568
11746,3000,59119.211265
11524,3000,59130.980967
11756,3000,59142.68631
11698,3000,59154.662052
11758,3000,59166.709718
12114,3000,59178.748414
11630,3000,59198.214618
11626,3000,59209.478868
11866,3000,59221.258156
11430,3000,59232.969593
11726,3000,59244.41361
12110,3000,59256.554109
11898,3000,59268.563961
11546,3000,59280.349241
11984,3000,59292.148206
12076,3000,59303.93642
11606,3000,59316.348176
11638,3000,59327.587647
11866,3000,59339.285293
11786,3000,59351.715288
11782,3000,59363.739173
11710,3000,59376.276858
11772,3000,59388.176739
11690,3000,59399.801146
11642,3000,59411.874854
11730,3000,59423.662321
11776,3000,59435.788465
12084,3000,59448.14141
11598,3000,59459.539284
11628,3000,59471.37393
11604,3000,59483.314552
12154,3000,59495.642508
11714,3000,59507.762245
11928,3000,59519.938059
11862,3000,59531.825408
11810,3000,59543.34154
12118,3000,59555.108778
11710,3000,59566.641337
11514,3000,59577.355218
11648,3000,59590.051783
11892,3000,59602.062965
11796,3000,59613.477498
11768,3000,59625.37554
11480,3000,59637.559086
11306,3000,59649.432556
12106,3000,59661.307465
11822,3000,59673.718465
12098,3000,59686.4567
11490,3000,59698.584792
11756,3000,59710.412204
11766,3000,59722.21944
11912,3000,59733.958384
11786,3000,59745.472887
11546,3000,59757.539655
11814,3000,59769.559391
12010,3000,59780.895965
11596,3000,59792.142474
11450,3000,59803.727337
11738,3000,59815.42507
11958,3000,59827.859062
12342,3000,59839.438644
11630,3000,59850.348086
11728,3000,59862.294832
11786,3000,59874.968734
11802,3000,59886.887336
11822,3000,59898.538753
11550,3000,59910.887451
11864,3000,59922.701311
12118,3000,59935.171781
11688,3000,59947.335179
11994,3000,59958.933975
12254,3000,59971.531743
11804,3000,59983.373282
11778,3000,60003.228298
11688,3000,60014.764809
11940,3000,60026.377279
11978,3000,60038.501458
11934,3000,60050.785422
11736,3000,60062.457025
11794,3000,60074.745128
12008,3000,60087.450355
11864,3000,60099.56551
11922,3000,60112.071683
11708,3000,60123.632267
11462,3000,60135.321496
12030,3000,60147.497445
11686,3000,60159.154246
12076,3000,60171.06768
11646,3000,60183.020574
11836,3000,60194.753675
11668,3000,60206.557102
12136,3000,60218.311093
11726,3000,60230.726871
11700,3000,60242.409
11758,3000,60254.91617
11662,3000,60267.445226
12196,3000,60279.386133
11674,3000,60291.170864
11706,3000,60302.976074
11936,3000,60314.884744
11800,3000,60326.964908
11310,3000,60339.162536
12082,3000,60351.160242
11980,3000,60362.982172
11652,3000,60374.625797
11796,3000,60386.282216
11704,3000,60398.356948
11640,3000,60410.024589
11872,3000,60421.450659
12004,3000,60433.625268
11860,3000,60446.337679
11926,3000,60458.154598
11646,3000,60470.020515
11964,3000,60481.453674
11788,3000,60493.126718
11880,3000,60505.553764
11520,3000,60516.813056
12176,3000,60529.198263
11708,3000,60540.741743
11862,3000,60552.399791
11694,3000,60564.41236
11738,3000,60576.608472
11932,3000,60588.744736
11554,3000,60600.431948
11388,3000,60612.186711
11894,3000,60624.250083
11924,3000,60635.964163
11476,3000,60647.084931
11916,3000,60659.524518
11712,3000,60671.499265
11744,3000,60683.293739
11214,3000,60694.85374
11818,3000,60707.00896
11710,3000,60718.846458
11532,3000,60730.744977
11676,3000,60742.568406
11530,3000,60754.650139
12110,3000,60766.821407
12144,3000,60779.301451
11780,3000,60790.961159
12064,3000,60811.326061
11874,3000,60823.58191
11958,3000,60835.251218
11646,3000,60847.518119
11392,3000,60859.824262
11626,3000,60872.091308
11658,3000,60883.215508
11626,3000,60895.113888
11684,3000,60906.931803
11758,3000,60918.953159
11750,3000,60930.994643
11502,3000,60942.44528
11822,3000,60954.413691
12036,3000,60967.321608
11930,3000,60979.34832
11894,3000,60991.752332
11822,3000,61003.076003
11680,3000,61014.85954
11804,3000,61026.96868
11812,3000,61038.654601
11712,3000,61051.199085
11812,3000,61063.031245
11700,3000,61074.678001
11802,3000,61086.634818
11988,3000,61099.284713
11890,3000,61111.148812
11758,3000,61123.407507
11742,3000,61135.358262
11604,3000,61147.161359
11750,3000,61159.606047
11878,3000,61172.061545
12176,3000,61184.495059
11840,3000,61196.56258
11760,3000,61208.883713
11706,3000,61220.51237
11846,3000,61232.378562
11704,3000,61244.218587
11872,3000,61256.105544
11544,3000,61267.942326
12002,3000,61280.205331
11926,3000,61292.368707
11668,3000,61304.404884
12006,3000,61316.084729
11650,3000,61327.855312
11594,3000,61340.102506
11972,3000,61352.264791
12008,3000,61364.30014
12132,3000,61377.032129
11812,3000,61389.115866
11744,3000,61400.735343
11996,3000,61412.914917
11476,3000,61424.806361
11696,3000,61436.833918
11820,3000,61448.918011
11600,3000,61459.781479
11324,3000,61471.015759
11622,3000,61482.572647
11884,3000,61494.373972
11890,3000,61506.300876
11534,3000,61518.274738
12084,3000,61530.214306
11844,3000,61541.838864
12000,3000,61553.872162
11984,3000,61566.008196
11538,3000,61577.909155
12044,3000,61589.430879
12036,3000,61610.261369
12040,3000,61621.945114
11600,3000,61633.670376
11968,3000,61645.381161
11706,3000,61657.099312
11264,3000,61669.12194
11890,3000,61681.47745
11832,3000,61693.343382
11606,3000,61705.491491
11748,3000,61717.668342
11624,3000,61729.460005
11940,3000,61741.752468
11928,3000,61753.641455
11964,3000,61765.431258
11536,3000,61777.296805
11650,3000,61789.47596
11658,3000,61801.120154
12354,3000,61813.487339
11744,3000,61825.683544
11790,3000,61837.408076
11558,3000,61849.047734
11786,3000,61861.28768
11730,3000,61873.135005
11882,3000,61884.820575
11974,3000,61896.66047
12154,3000,61908.371531
11784,3000,61920.301338
11482,3000,61932.1144
11936,3000,61944.107959
12118,3000,61956.514835
11512,3000,61968.156986
11698,3000,61979.919706
11768,3000,61991.546811
11982,3000,62003.208028
11438,3000,62014.871433
11568,3000,62026.055015
11834,3000,62038.054425
11834,3000,62049.790797
11580,3000,62061.387301
11764,3000,62073.296258
11706,3000,62085.216434
11412,3000,62097.081851
11568,3000,62108.288591
11904,3000,62120.447013
11796,3000,62132.535834
11740,3000,62144.710134
11788,3000,62156.584728
11732,3000,62168.774134
11284,3000,62180.678611
11834,3000,62192.612327
11740,3000,62204.042457
11912,3000,62215.279969
11740,3000,62227.568717
11818,3000,62239.488858
11476,3000,62251.052571
12238,3000,62263.312022
12006,3000,62276.05465
11584,3000,62288.130012
11622,3000,62299.869423
11586,3000,62311.665072
11710,3000,62323.034574
11824,3000,62334.929569
11860,3000,62347.409282
12152,3000,62358.729208
11868,3000,62370.299715
11770,3000,62381.874088
11580,3000,62393.444813
11778,3000,62412.95398
11550,3000,62424.424463
12002,3000,62435.765245
11770,3000,62447.659772
11926,3000,62459.815583
11706,3000,62471.874212
11722,3000,62483.938758
11886,3000,62495.76091
12016,3000,62507.791152
12120,3000,62519.556018
11758,3000,62531.646075
11716,3000,62543.299071
11940,3000,62554.675613
11806,3000,62566.384376
11904,3000,62578.977945
11892,3000,62590.470592
12032,3000,62602.530463
11846,3000,62614.165166
11950,3000,62625.781212
12064,3000,62638.159703
11406,3000,62650.108568
11892,3000,62661.664039
11596,3000,62673.772083
12390,3000,62686.092732
11904,3000,62697.440509
11626,3000,62709.064388
11450,3000,62720.253874
11836,3000,62731.706848
11506,3000,62743.710098
11986,3000,62754.914088
11826,3000,62766.375204
11832,3000,62777.728122
11750,3000,62789.396637
12106,3000,62801.2832
12132,3000,62814.055034
11818,3000,62825.700077
11880,3000,62837.642156
11610,3000,62849.281961
12218,3000,62861.461669
11546,3000,62873.506595
11466,3000,62885.704183
11820,3000,62897.247509
11996,3000,62908.941629
11986,3000,62921.3945
11958,3000,62932.985041
11822,3000,62945.048804
11484,3000,62956.627041
11434,3000,62967.948484
11450,3000,62979.535238
11670,3000,62990.731406
12226,3000,63002.70806
12052,3000,63015.000514
11958,3000,63026.729261
12138,3000,63038.768229
11906,3000,63050.6005
11714,3000,63063.062794
12166,3000,63075.146424
11746,3000,63087.183992
11858,3000,63098.817175
11918,3000,63110.783268
11790,3000,63122.679154
11582,3000,63134.504476
11770,3000,63146.104604
12074,3000,63157.839986
11740,3000,63169.642996
11838,3000,63181.233515
11830,3000,63192.647212
11418,3000,63212.595174
11802,3000,63224.557794
11502,3000,63236.137743
11662,3000,63248.315745
11832,3000,63261.068971
11936,3000,63272.662847
11890,3000,63284.954611
11858,3000,63296.821194
11654,3000,63308.861845
12024,3000,63321.028321
11732,3000,63333.092085
11828,3000,63345.199654
11786,3000,63356.975754
11558,3000,63368.857551
11856,3000,63380.142725
11626,3000,63391.989437
11842,3000,63404.060883
11536,3000,63415.950607
11972,3000,63427.937705
11770,3000,63439.855448
11896,3000,63452.307144
12348,3000,63464.128299
11942,3000,63475.632138
11660,3000,63488.046467
12076,3000,63500.04636
12026,3000,63511.575224
11250,3000,63522.95902
12048,3000,63534.43412
11860,3000,63546.437554
11470,3000,63558.928783
11694,3000,63570.3653
11352,3000,63581.731027
11956,3000,63593.221527
11644,3000,63604.466534
11632,3000,63616.57306
11694,3000,63628.252295
11616,3000,63639.810322
11870,3000,63651.257339
11962,3000,63663.092666
12072,3000,63674.936188
11930,3000,63686.795585
11854,3000,63699.211966
11748,3000,63711.252108
11766,3000,63723.743259
11844,3000,63735.578403
11876,3000,63747.21483
11766,3000,63758.769542
11574,3000,63770.30388
11760,3000,63782.027071
11912,3000,63794.321945
11574,3000,63805.928984
11986,3000,63818.434305
11590,3000,63830.184557
12412,3000,63841.858289
11768,3000,63853.624881
11850,3000,63865.306684
12194,3000,63877.162822
11734,3000,63888.484971
11720,3000,63899.97293
11616,3000,63911.662088
11706,3000,63923.53688
12060,3000,63935.07641
11688,3000,63947.286749
12062,3000,63959.456554
11800,3000,63971.365342
11816,3000,63983.632395
12082,3000,64003.420872
11808,3000,64015.116481
11818,3000,64027.025796
11646,3000,64038.904629
11692,3000,64050.94494
11894,3000,64063.287063
11592,3000,64075.693818
11266,3000,64087.629339
11538,3000,64099.867372
11648,3000,64111.794253
11526,3000,64124.344735
11540,3000,64135.79362
11870,3000,64147.671319
11882,3000,64159.726704
11548,3000,64171.183246
11614,3000,64182.908501
11996,3000,64194.796172
11914,3000,64207.287905
11732,3000,64219.423953
11780,3000,64231.503792
11716,3000,64243.024082
11968,3000,64253.838652
11882,3000,64265.519282
11544,3000,64277.397097
11668,3000,64289.758543
11798,3000,64301.44794
11856,3000,64312.883369
11198,3000,64325.072824
11778,3000,64336.462571
11884,3000,64347.950092
11732,3000,64359.401558
12446,3000,64371.481724
11466,3000,64383.363397
11750,3000,64395.316412
11784,3000,64406.331766
11964,3000,64418.546164
11888,3000,64430.464607
11962,3000,64442.504495
11682,3000,64454.258937
11920,3000,64466.012418
11644,3000,64477.776276
11664,3000,64490.029425
11662,3000,64502.185159
11956,3000,64514.44858
11686,3000,64525.629198
11908,3000,64537.22004
11590,3000,64549.120017
11632,3000,64561.281175
11782,3000,64573.487279
12046,3000,64585.277764
11612,3000,64597.092689
11862,3000,64608.845403
11902,3000,64621.337178
11760,3000,64632.909288
11794,3000,64644.757119
11928,3000,64656.956011
11804,3000,64668.938099
11806,3000,64680.229743
11940,3000,64692.45141
11746,3000,64704.487881
11206,3000,64715.961191
11918,3000,64727.464273
11806,3000,64739.282759
11890,3000,64751.151721
11826,3000,64763.4462
11816,3000,64775.448723
11692,3000,64787.263164
12032,3000,64807.837391
11662,3000,64819.93484
11954,3000,64831.948522
11636,3000,64843.923064
11876,3000,64855.151923
12008,3000,64866.739368
11660,3000,64879.411805
11846,3000,64891.454654
12128,3000,64903.779387
11606,3000,64915.829329
11658,3000,64927.964617
11970,3000,64939.607161
11892,3000,64951.760093
12050,3000,64963.660455
11754,3000,64974.917381
11836,3000,64987.017182
11558,3000,64998.88852
11518,3000,65010.413502
11528,3000,65022.265948
11826,3000,65034.289287
11682,3000,65045.859079
11776,3000,65058.005015
11810,3000,65070.114697
11848,3000,65081.796965
11748,3000,65093.43837
11742,3000,65105.2751
11928,3000,65116.480125
12074,3000,65128.534052
12200,3000,65141.218202
11688,3000,65152.925053
11336,3000,65164.48724
11788,3000,65176.166956
11992,3000,65187.668648
11560,3000,65199.783768
11966,3000,65211.550721
11572,3000,65223.493149
11596,3000,65235.360752
11948,3000,65247.223171
11538,3000,65259.311632
11732,3000,65270.732832
11908,3000,65282.302173
11900,3000,65294.029652
12100,3000,65306.061325
12038,3000,65317.720026
11770,3000,65329.968021
11680,3000,65342.23981
12034,3000,65354.297253
11788,3000,65365.902258
11810,3000,65377.01406
11762,3000,65388.862944
11874,3000,65400.599712
12194,3000,65412.474055
11872,3000,65425.103885
11696,3000,65436.707789
11942,3000,65449.061594
11826,3000,65461.180322
11566,3000,65472.662141
11812,3000,65484.553535
11680,3000,65496.308716
11660,3000,65507.502296
11688,3000,65519.409127
11836,3000,65531.865817
12232,3000,65543.647766
11588,3000,65555.825971
11792,3000,65568.457946
11946,3000,65580.364217
11588,3000,65592.220915
11674,3000,65611.747069
11654,3000,65623.765488
11664,3000,65635.744009
11828,3000,65647.612284
11964,3000,65659.386998
11594,3000,65670.992943
11802,3000,65682.094462
11952,3000,65693.500054
12184,3000,65706.048237
12212,3000,65718.533982
11932,3000,65730.225112
11658,3000,65741.903589
11794,3000,65754.005353
12064,3000,65766.715554
11748,3000,65778.66119
12012,3000,65790.601403
12022,3000,65802.136443
11612,3000,65814.378293
11680,3000,65826.387406
12146,3000,65837.929087
11906,3000,65849.943511
11772,3000,65862.036585
11622,3000,65874.920593
11602,3000,65886.79775
12058,3000,65898.236019
11816,3000,65909.314516
11614,3000,65921.200003
12020,3000,65933.410516
11714,3000,65945.347335
11542,3000,65957.949209
11748,3000,65969.28527
11910,3000,65981.186775
11728,3000,65993.046358
11974,3000,66004.845371
11634,3000,66017.132331
11864,3000,66028.74462
11898,3000,66040.314369
11658,3000,66052.594178
11834,3000,66065.301145
11686,3000,66076.590217
11940,3000,66088.327921
11950,3000,66100.749086
11900,3000,66112.472689
12176,3000,66124.00557
11692,3000,66135.208059
11872,3000,66147.192858
11862,3000,66159.78379
12064,3000,66171.233622
11496,3000,66182.961451
11602,3000,66195.361014
11798,3000,66207.730204
11736,3000,66219.814671
11698,3000,66231.734296
11578,3000,66243.263784
11418,3000,66255.676097
11686,3000,66267.39927
11794,3000,66279.660595
11652,3000,66291.081191
11556,3000,66303.106987
11528,3000,66314.591128
11738,3000,66326.568547
11648,3000,66338.683091
11772,3000,66350.35631
11848,3000,66362.152973
11676,3000,66374.335061
11624,3000,66385.973455
11994,3000,66406.46314
11438,3000,66417.907655
11546,3000,66430.210915
12150,3000,66442.346378
11734,3000,66454.018896
11822,3000,66465.871739
12196,3000,66477.751629
11932,3000,66489.626137
11986,3000,66501.173674
11774,3000,66513.272943
11900,3000,66525.339733
11774,3000,66536.693327
11922,3000,66548.95056
11788,3000,66561.236074
11664,3000,66573.203747
11616,3000,66584.867589
11460,3000,66596.271916
11922,3000,66608.61602
11650,3000,66620.430829
11492,3000,66632.857852
12030,3000,66644.938648
11640,3000,66656.160011
11642,3000,66667.967264
11442,3000,66679.901078
11782,3000,66691.184231
11602,3000,66703.447678
12000,3000,66716.017547
11814,3000,66727.526653
11554,3000,66739.91033
11500,3000,66751.772355
11934,3000,66764.262786
12008,3000,66776.0978
12018,3000,66787.857499
11738,3000,66800.10955
11666,3000,66812.244539
11780,3000,66824.129336
11746,3000,66836.477073
11732,3000,66848.234666
12178,3000,66860.785913
11820,3000,66873.349716
11906,3000,66885.692261
11994,3000,66897.392245
11922,3000,66909.146185
12186,3000,66921.60979
11532,3000,66933.385293
11790,3000,66945.517363
11938,3000,66957.088938
11906,3000,66968.966813
11824,3000,66980.825978
11712,3000,66993.291834
11990,3000,67005.433558
12082,3000,67017.176754
11630,3000,67029.373933
11742,3000,67041.699969
11446,3000,67053.662318
11662,3000,67065.627332
11618,3000,67077.882324
12044,3000,67089.969766
11684,3000,67102.48741
11486,3000,67114.03036
11716,3000,67125.899215
11318,3000,67137.69066
11566,3000,67149.31715
11724,3000,67160.059701
11946,3000,67172.412049
11652,3000,67183.897901
11824,3000,67195.818289
11536,3000,67216.392176
11426,3000,67227.987624
11734,3000,67239.633575
11690,3000,67251.325839
11936,3000,67263.542433
11696,3000,67275.336941
12084,3000,67287.979067
11674,3000,67299.988288
11698,3000,67311.471996
11992,3000,67323.002042
11870,3000,67335.295176
11862,3000,67347.14119
11762,3000,67358.401066
11556,3000,67370.472485
11860,3000,67382.311093
11762,3000,67394.156731
12064,3000,67405.748821
11996,3000,67417.85184
11654,3000,67429.474086
12152,3000,67441.930896
11692,3000,67453.645921
11812,3000,67465.586612
12228,3000,67478.203743
11836,3000,67490.137202
11954,3000,67502.190665
11850,3000,67514.002786
11718,3000,67526.143126
11910,3000,67537.912347
11798,3000,67549.92636
11584,3000,67561.118018
11770,3000,67573.140492
11850,3000,67584.861762
11758,3000,67596.62309
11586,3000,67607.878567
11964,3000,67619.786517
11432,3000,67631.035852
11796,3000,67642.82058
11914,3000,67654.811298
11736,3000,67666.861536
12166,3000,67678.767348
11836,3000,67690.940102
11532,3000,67702.70155
11784,3000,67714.803331
12032,3000,67726.870849
11464,3000,67739.222659
11578,3000,67750.60331
11656,3000,67762.200226
11836,3000,67774.298359
11758,3000,67786.619581
11936,3000,67799.286781
11780,3000,67811.19218
12072,3000,67823.426717
11828,3000,67835.50663
11540,3000,67847.426393
11702,3000,67859.346076
11860,3000,67871.590199
12080,3000,67883.689259
12082,3000,67895.769376
11852,3000,67907.267263
11744,3000,67919.462051
11590,3000,67931.261713
11434,3000,67942.774312
11748,3000,67954.590104
11826,3000,67965.9259
11752,3000,67977.788216
11484,3000,67989.621257
11690,3000,68001.656167
11828,3000,68021.818165
11722,3000,68033.586155
11798,3000,68045.538874
11728,3000,68057.54247
12120,3000,68070.039715
11546,3000,68081.666885
11738,3000,68093.518802
11894,3000,68105.70738
12070,3000,68117.794574
11852,3000,68129.587837
11834,3000,68141.943996
11862,3000,68153.787857
11932,3000,68166.164916
11646,3000,68178.213534
11628,3000,68189.798517
12024,3000,68201.904942
11724,3000,68213.609613
11674,3000,68225.41108
12176,3000,68237.096937
11962,3000,68249.915375
11958,3000,68261.969458
11810,3000,68274.976668
11938,3000,68286.640793
11448,3000,68298.981195
11590,3000,68310.423689
11808,3000,68322.651956
11986,3000,68334.723931
11692,3000,68346.378409
11926,3000,68358.125107
11886,3000,68370.231083
11608,3000,68382.511588
11688,3000,68394.453436
11870,3000,68406.217474
11930,3000,68418.426682
11970,3000,68430.159266
11984,3000,68442.02753
11712,3000,68454.317335
11716,3000,68466.335548
11764,3000,68477.962001
11806,3000,68489.976282
11880,3000,68501.613583
11722,3000,68513.253017
11638,3000,68525.371571
11758,3000,68537.518473
11722,3000,68549.18663
11836,3000,68561.716862
11974,3000,68573.158994
11612,3000,68584.86336
11804,3000,68596.596023
11386,3000,68608.216193
11964,3000,68620.508287
11684,3000,68631.942971
11540,3000,68643.326776
11676,3000,68654.83217
11880,3000,68666.621249
11706,3000,68679.18306
12036,3000,68690.881961
11970,3000,68702.501634
11862,3000,68714.985405
11842,3000,68726.778877
11884,3000,68738.594808
11488,3000,68750.429615
12302,3000,68762.574787
11900,3000,68774.156899
11906,3000,68785.921906
11796,3000,68797.752115
11562,3000,68817.411366
11888,3000,68829.62328
12104,3000,68841.691213
11846,3000,68853.670551
11856,3000,68865.708402
11946,3000,68876.874347
11836,3000,68888.994681
11602,3000,68900.797844
11918,3000,68912.029632
11954,3000,68924.097597
11784,3000,68935.90967
11722,3000,68948.031579
11158,3000,68959.544527
11904,3000,68971.063957
11864,3000,68983.193646
11850,3000,68995.261937
11862,3000,69006.998188
11820,3000,69019.351671
12100,3000,69032.037837
11884,3000,69044.048531
12026,3000,69056.4367
12050,3000,69068.297805
11386,3000,69080.08023
12072,3000,69091.9645
11868,3000,69104.259491
11734,3000,69116.238688
11636,3000,69127.71658
11770,3000,69139.940571
11728,3000,69151.576514
11790,3000,69163.885182
11636,3000,69175.228016
11700,3000,69186.878587
11700,3000,69198.666643
11868,3000,69210.641704
11424,3000,69222.151805
12192,3000,69234.066822
11970,3000,69246.16226
11696,3000,69257.769978
11634,3000,69269.669681
11694,3000,69281.856825
11924,3000,69293.818317
11526,3000,69305.290283
11594,3000,69316.865806
12110,3000,69328.257513
11708,3000,69340.610812
11642,3000,69352.567657
12198,3000,69364.475917
11524,3000,69376.110954
12198,3000,69388.525688
11714,3000,69400.109282
11634,3000,69411.555494
11542,3000,69423.980235
11454,3000,69435.899291
11660,3000,69447.972623
12046,3000,69459.829777
11540,3000,69471.262621
11804,3000,69483.590107
11876,3000,69495.346336
11674,3000,69507.232434
11378,3000,69519.605037
11656,3000,69531.608656
11804,3000,69543.593428
12046,3000,69555.103561
12174,3000,69566.732595
11590,3000,69578.331598
12262,3000,69590.499038
11566,3000,69602.182723
11740,3000,69622.965693
11934,3000,69634.727851
11862,3000,69646.656671
11794,3000,69659.098177
11684,3000,69670.951778
11534,3000,69682.674045
11826,3000,69694.687346
11756,3000,69706.877457
11754,3000,69719.009662
12054,3000,69730.960631
12392,3000,69742.503454
11994,3000,69754.920476
11716,3000,69766.767355
11816,3000,69778.172055
11858,3000,69789.906878
11876,3000,69801.972851
11692,3000,69813.279358
11856,3000,69825.076881
11838,3000,69837.254408
11750,3000,69849.197778
11802,3000,69861.737018
11798,3000,69873.341088
11730,3000,69885.046013
11672,3000,69896.986357
11484,3000,69908.563209
11850,3000,69920.184321
11736,3000,69932.175122
11740,3000,69943.73081
11804,3000,69955.643973
11656,3000,69967.173686
11746,3000,69979.386744
11812,3000,69991.635733
11624,3000,70003.597252
11750,3000,70015.963956
11692,3000,70028.360351
11736,3000,70040.641623
11628,3000,70052.13765
11576,3000,70063.660233
11554,3000,70074.968259
11704,3000,70086.792294
11784,3000,70098.150227
12164,3000,70109.900993
12030,3000,70122.385788
11732,3000,70134.416763
11810,3000,70146.700425
12214,3000,70159.103436
11834,3000,70170.977824
11788,3000,70182.770023
11622,3000,70194.686439
12274,3000,70206.85419
11804,3000,70219.016623
11602,3000,70231.40789
12098,3000,70243.570979
11754,3000,70255.405519
11720,3000,70267.198812
11626,3000,70278.7197
12074,3000,70290.650189
11844,3000,70302.323558
11658,3000,70314.244795
12006,3000,70326.480193
11906,3000,70338.534209
11644,3000,70350.568703
11930,3000,70362.411767
11868,3000,70374.217906
11790,3000,70386.481382
11756,3000,70399.107379
11754,3000,70410.732932
12142,3000,70431.463246
11724,3000,70443.362779
11780,3000,70455.575984
12080,3000,70467.834108
12054,3000,70479.663837
11438,3000,70491.561807
11634,3000,70503.166133
11534,3000,70514.457286
11924,3000,70526.514918
11690,3000,70538.470453
11618,3000,70550.052315
12042,3000,70562.059049
11642,3000,70573.561125
11930,3000,70585.510944
11714,3000,70597.069553
11384,3000,70608.681379
11666,3000,70619.753971
11430,3000,70631.205795
11448,3000,70643.576192
11766,3000,70655.805031
11772,3000,70667.43039
11654,3000,70679.585855
11818,3000,70691.496013
11708,3000,70703.49285
11586,3000,70715.596939
11478,3000,70727.343536
11732,3000,70739.153067
11808,3000,70751.335
11702,3000,70763.307689
11490,3000,70775.028027
11790,3000,70786.376044
11718,3000,70798.139057
11730,3000,70810.297022
12036,3000,70822.179702
11812,3000,70834.133652
11836,3000,70846.215001
11488,3000,70858.484675
11650,3000,70870.510086
12074,3000,70882.928539
11970,3000,70895.127491
11918,3000,70907.53524
11786,3000,70919.363888
11772,3000,70931.609484
11692,3000,70943.107078
11698,3000,70955.122748
11896,3000,70966.555948
11962,3000,70977.973841
12046,3000,70989.679797
12066,3000,71001.502425
11858,3000,71013.564118
11882,3000,71025.941256
12036,3000,71037.860833
11780,3000,71049.318708
11666,3000,71060.731804
11686,3000,71071.960541
11822,3000,71083.514172
11672,3000,71095.01834
11736,3000,71107.45228
11780,3000,71119.98781
11612,3000,71131.715123
11614,3000,71143.381371
11756,3000,71155.531226
12072,3000,71167.401269
11982,3000,71178.840878
12016,3000,71190.7363
11772,3000,71203.183405
11764,3000,71223.353113
11752,3000,71234.75713
11718,3000,71246.521162
11940,3000,71258.888589
11394,3000,71270.721279
11888,3000,71282.549062
11666,3000,71294.107606
11938,3000,71306.196242
11694,3000,71318.129195
12016,3000,71330.040086
11800,3000,71342.325724
11832,3000,71354.425114
11870,3000,71366.37873
11788,3000,71378.304266
11624,3000,71390.928241
12256,3000,71403.118625
11950,3000,71415.205432
11846,3000,71427.248801
11748,3000,71439.300529
11362,3000,71450.626117
11758,3000,71462.636791
11628,3000,71474.90222
11546,3000,71486.717453
11778,3000,71498.801043
11476,3000,71511.072617
11950,3000,71523.120825
11954,3000,71534.224319
11668,3000,71545.700843
11868,3000,71557.435618
11448,3000,71568.984608
12278,3000,71581.418803
11950,3000,71593.72055
11736,3000,71605.792648
11754,3000,71617.234369
11536,3000,71628.831787
11714,3000,71641.013294
11682,3000,71653.137806
11614,3000,71665.090695
11686,3000,71677.206403
11708,3000,71688.214565
11880,3000,71699.828734
12108,3000,71712.173409
11608,3000,71724.528546
12052,3000,71736.785593
12072,3000,71749.12747
11532,3000,71760.805221
11734,3000,71772.691011
11740,3000,71784.274296
11638,3000,71795.831701
11748,3000,71807.970527
11774,3000,71819.623755
11552,3000,71831.355626
11698,3000,71843.029508
11546,3000,71855.152768
11946,3000,71867.485118
11810,3000,71879.066813
12064,3000,71891.043427
12016,3000,71903.939678
11852,3000,71915.94735
12012,3000,71928.069688
11692,3000,71939.784652
11744,3000,71952.157682
12160,3000,71963.985338
11632,3000,71975.485127
11926,3000,71986.718972
11538,3000,71998.333685
11506,3000,72009.708599
11762,3000,72029.498173
11684,3000,72040.772575
11864,3000,72052.675694
11678,3000,72064.969689
11810,3000,72076.362489
11644,3000,72088.37552
11746,3000,72100.702876
12114,3000,72112.881617
11788,3000,72124.564254
11548,3000,72136.468799
11438,3000,72148.404335
11754,3000,72160.947179
12138,3000,72172.864093
11648,3000,72184.474007
11838,3000,72195.960696
11926,3000,72208.253781
11494,3000,72220.028545
11736,3000,72231.854641
11658,3000,72243.542234
11532,3000,72255.731475
11960,3000,72267.657505
11666,3000,72279.448818
11716,3000,72291.548824
12220,3000,72303.41436
11482,3000,72314.921024
11848,3000,72326.782782
12056,3000,72338.613471
11544,3000,72350.441213
11918,3000,72362.147429
11646,3000,72374.197505
11552,3000,72385.576344
11954,3000,72397.059662
11668,3000,72408.541714
11834,3000,72420.113505
11900,3000,72431.750829
11962,3000,72443.740842
11542,3000,72456.141608
11884,3000,72467.26827
11780,3000,72479.330689
11756,3000,72492.129688
12060,3000,72503.986164
11556,3000,72516.242038
12008,3000,72528.302699
11842,3000,72540.570925
11928,3000,72551.559261
11502,3000,72563.822075
11646,3000,72576.17923
11672,3000,72588.691041
11660,3000,72601.238939
11710,3000,72613.319191
11800,3000,72625.343834
11950,3000,72636.720201
11810,3000,72648.946862
11798,3000,72661.1695
11652,3000,72673.403301
11998,3000,72685.345684
12108,3000,72697.339328
11460,3000,72709.048309
11824,3000,72720.611738
11744,3000,72732.587097
11992,3000,72744.249346
11974,3000,72756.212329
11566,3000,72768.554335
12048,3000,72780.66139
11552,3000,72792.408819
11834,3000,72804.630191
11390,3000,72816.128975
11908,3000,72836.878162
11466,3000,72848.82444
11738,3000,72860.731766
11782,3000,72873.015754
11672,3000,72884.627227
11600,3000,72896.658738
12024,3000,72909.226943
11636,3000,72920.799123
11766,3000,72933.021461
11652,3000,72945.0891
11662,3000,72957.80764
11510,3000,72970.197962
11774,3000,72981.75957
11512,3000,72993.426043
11850,3000,73005.105198
11648,3000,73017.034291
12098,3000,73029.287863
12036,3000,73041.492805
11948,3000,73052.920157
11556,3000,73065.148696
11598,3000,73077.071019
11820,3000,73088.519177
11628,3000,73100.077313
11736,3000,73112.072542
11668,3000,73124.416884
11794,3000,73136.662066
11912,3000,73148.202681
12022,3000,73160.67161
12062,3000,73172.467054
12002,3000,73184.493028
11686,3000,73196.183179
11752,3000,73207.682904
11862,3000,73219.844416
11798,3000,73231.241081
11674,3000,73243.396295
11806,3000,73255.091008
12078,3000,73267.76494
11782,3000,73280.208568
12050,3000,73292.4716
11504,3000,73303.746943
11676,3000,73315.644674
11894,3000,73327.716997
11852,3000,73339.280046
11680,3000,73351.005966
11832,3000,73362.784135
11546,3000,73374.44848
11562,3000,73386.795017
11764,3000,73398.736659
11678,3000,73410.240752
12134,3000,73421.840611
11786,3000,73434.012219
11892,3000,73446.222671
11818,3000,73458.359863
11664,3000,73470.504181
11668,3000,73482.582861
11766,3000,73494.551427
11862,3000,73506.34404
11684,3000,73517.66513
11666,3000,73529.360858
11990,3000,73541.090726
11966,3000,73552.802667
12078,3000,73564.770242
11440,3000,73576.875466
11770,3000,73589.436741
11922,3000,73601.400211
11792,3000,73613.472389
12300,3000,73633.882088
11634,3000,73645.100169
11886,3000,73657.064279
11902,3000,73668.869895
11652,3000,73681.124916
12138,3000,73693.620746
11960,3000,73705.019009
12098,3000,73717.04877
11814,3000,73728.874564
11848,3000,73740.693372
11558,3000,73752.137894
11950,3000,73764.217267
11612,3000,73775.750459
11954,3000,73787.811741
11972,3000,73799.247496
11880,3000,73811.135746
11948,3000,73822.980075
11670,3000,73835.467009
12246,3000,73847.583925
11822,3000,73859.193936
11882,3000,73871.376791
11732,3000,73883.505341
11458,3000,73895.496305
11638,3000,73907.678017
12044,3000,73920.345908
11602,3000,73931.873804
11794,3000,73943.691065
12002,3000,73955.338457
11800,3000,73967.175252
11436,3000,73979.148151
11704,3000,73990.778574
11842,3000,74002.733942
11830,3000,74015.001922
11712,3000,74026.653402
11642,3000,74038.764787
12074,3000,74050.9286
11726,3000,74062.703083
11798,3000,74074.708465
11750,3000,74086.391358
11858,3000,74098.126689
11566,3000,74110.342406
11956,3000,74122.362047
11996,3000,74134.087091
11642,3000,74145.35097
11700,3000,74157.305872
11718,3000,74169.097021
11904,3000,74181.400684
11862,3000,74192.844038
11836,3000,74204.141839
12070,3000,74216.001875
11772,3000,74227.846592
11738,3000,74239.71138
11586,3000,74251.712856
11734,3000,74263.230718
11900,3000,74274.90265
11448,3000,74287.04772
11664,3000,74299.419521
12294,3000,74311.010477
11880,3000,74322.541582
11828,3000,74334.583173
11814,3000,74346.310936
11760,3000,74358.332618
11722,3000,74370.696951
12132,3000,74382.609328
11782,3000,74394.472339
11906,3000,74406.65112
11976,3000,74418.196326
11650,3000,74438.523004
11622,3000,74450.30843
11750,3000,74462.446632
11614,3000,74474.382977
11898,3000,74485.914385
11836,3000,74497.60116
12022,3000,74509.771482
11656,3000,74521.352271
11650,3000,74533.244763
11974,3000,74544.812913
11648,3000,74556.549992
11996,3000,74568.566283
11682,3000,74580.014304
11744,3000,74592.104823
12042,3000,74603.934767
11740,3000,74616.029225
11706,3000,74627.757993
11710,3000,74639.128726
11702,3000,74651.510974
11924,3000,74663.001283
11862,3000,74675.026968
11734,3000,74686.988947
11388,3000,74698.638122
11642,3000,74710.625709
11714,3000,74722.594674
11994,3000,74733.870386
12348,3000,74745.884644
11516,3000,74758.144861
11750,3000,74770.12629
12078,3000,74781.526056
11656,3000,74793.433851
11712,3000,74805.649233
11952,3000,74817.216963
12206,3000,74829.344809
11774,3000,74841.094513
12218,3000,74853.596251
11858,3000,74865.044956
11980,3000,74877.274605
11876,3000,74889.214927
11750,3000,74900.922723
11826,3000,74912.498617
12104,3000,74924.486832
12002,3000,74936.159242
11510,3000,74948.366292
11944,3000,74960.334861
12008,3000,74972.861586
11798,3000,74984.75039
12044,3000,74996.367881
11540,3000,75008.159643
11804,3000,75019.972307
11692,3000,75032.607859
11968,3000,75044.576903
12004,3000,75056.936622
11650,3000,75068.918248
12016,3000,75080.096694
11622,3000,75092.066024
11946,3000,75104.753307
11818,3000,75115.99262
11548,3000,75127.340048
11722,3000,75139.325231
12074,3000,75151.308769
11792,3000,75163.63737
11480,3000,75175.461243
12000,3000,75187.755934
12048,3000,75200.093696
11748,3000,75211.613799
12002,3000,75223.501769
12260,3000,75243.544562
11774,3000,75255.664217
11838,3000,75268.121276
11964,3000,75279.431321
11654,3000,75291.282536
11854,3000,75303.358729
12024,3000,75316.099395
11840,3000,75327.634173
11442,3000,75339.667729
11510,3000,75351.356497
11752,3000,75363.43427
11688,3000,75375.713198
11772,3000,75387.795305
11450,3000,75399.783141
11502,3000,75411.635676
11884,3000,75423.819012
11786,3000,75436.143935
11864,3000,75447.865003
12178,3000,75459.796039
11652,3000,75471.867942
11662,3000,75483.685431
11824,3000,75495.830156
11892,3000,75507.791055
12008,3000,75520.429972
11598,3000,75532.026669
11788,3000,75544.122399
11990,3000,75555.741965
11918,3000,75567.498307
11714,3000,75579.170093
11440,3000,75591.013419
12032,3000,75602.953438
11582,3000,75614.956272
12064,3000,75626.692907
11746,3000,75638.860545
11598,3000,75650.809053
11724,3000,75662.809029
11818,3000,75674.164196
11916,3000,75685.923835
11720,3000,75697.933628
11810,3000,75709.796574
11560,3000,75721.382877
11584,3000,75733.252698
11692,3000,75745.794834
11630,3000,75757.616669
11638,3000,75769.529791
11962,3000,75781.971177
11772,3000,75793.869572
11268,3000,75805.722807
11692,3000,75818.238174
11892,3000,75830.149753
12072,3000,75841.521632
11730,3000,75853.172574
11710,3000,75865.089462
11694,3000,75877.447629
11750,3000,75889.098301
11512,3000,75900.808193
11768,3000,75912.673058
11580,3000,75924.017993
12046,3000,75936.339749
11514,3000,75947.937624
11938,3000,75960.084779
11714,3000,75971.781497
11908,3000,75984.162431
11838,3000,75995.916576
11692,3000,76007.521561
11992,3000,76019.448711
11474,3000,76039.460452
11644,3000,76051.582467
11724,3000,76063.136408
11870,3000,76074.755316
11906,3000,76086.762688
12298,3000,76098.805812
11728,3000,76111.010626
11660,3000,76122.941824
11648,3000,76135.034952
11952,3000,76147.422948
12192,3000,76159.956344
11742,3000,76171.887012
12014,3000,76183.906904
11530,3000,76195.721042
11882,3000,76207.663496
12028,3000,76219.597522
12110,3000,76231.442678
11886,3000,76243.336027
11916,3000,76254.546584
11350,3000,76266.217982
11952,3000,76278.06686
11794,3000,76290.585967
11750,3000,76302.689061
11694,3000,76315.224371
11836,3000,76327.418024
12034,3000,76339.112822
11830,3000,76351.373708
11724,3000,76363.320073
11750,3000,76374.910048
11940,3000,76386.685428
11734,3000,76398.735021
11708,3000,76410.790471
11768,3000,76422.601925
12016,3000,76434.226341
11836,3000,76446.042107
11960,3000,76457.68006
11634,3000,76469.346487
11632,3000,76480.881853
11824,3000,76493.256599
11750,3000,76505.044597
11782,3000,76516.888644
11766,3000,76529.218416
11710,3000,76540.962305
11962,3000,76553.545182
12176,3000,76565.589775
11986,3000,76577.212068
11838,3000,76588.71519
11660,3000,76600.072509
11790,3000,76612.083052
11766,3000,76624.370802
12198,3000,76636.962282
11846,3000,76649.012439
11830,3000,76660.338143
11826,3000,76672.793917
11698,3000,76684.774893
12016,3000,76696.29726
11892,3000,76707.624085
11532,3000,76719.074219
11696,3000,76731.5801
11584,3000,76743.541773
11878,3000,76755.276068
11606,3000,76767.13379
11462,3000,76778.940252
11756,3000,76790.780261
12016,3000,76803.211637
11628,3000,76815.588622
11510,3000,76827.284461
12072,3000,76848.505901
12246,3000,76860.537063
12066,3000,76873.232243
11836,3000,76885.61881
12020,3000,76897.99313
11598,3000,76909.995004
11878,3000,76922.096862
11820,3000,76934.247153
11846,3000,76946.167307
11874,3000,76958.020026
11892,3000,76969.896039
12294,3000,76982.142023
11694,3000,76993.874534
11650,3000,77005.916198
11818,3000,77017.919523
12072,3000,77029.854192
11730,3000,77041.856611
11640,3000,77053.501551
11884,3000,77065.530074
12034,3000,77077.517368
11422,3000,77090.195622
11746,3000,77102.649714
11602,3000,77114.183574
11726,3000,77126.391515
11780,3000,77138.163471
11640,3000,77149.870588
11736,3000,77162.252134
11744,3000,77174.507677
11834,3000,77185.869342
11870,3000,77197.63313
11858,3000,77208.909273
11972,3000,77221.506594
11934,3000,77233.683599
11690,3000,77245.961123
11796,3000,77257.715419
11630,3000,77269.0701
11604,3000,77281.290763
11832,3000,77293.639097
12072,3000,77306.184502
11682,3000,77317.720165
11776,3000,77329.503396
11982,3000,77341.503978
11826,3000,77353.528492
11710,3000,77366.074215
11624,3000,77378.019319
11846,3000,77390.823735
11816,3000,77402.560366
11774,3000,77414.071724
11840,3000,77425.865463
11856,3000,77438.611111
11894,3000,77450.924195
11970,3000,77463.87878
11778,3000,77476.268749
11722,3000,77488.297087
11778,3000,77500.164618
11774,3000,77512.187193
12090,3000,77524.067341
11768,3000,77535.888701
11600,3000,77548.052995
11868,3000,77559.992707
11870,3000,77571.720403
11814,3000,77583.209351
11712,3000,77595.137229
11864,3000,77607.392374
12214,3000,77619.17374
11776,3000,77631.237993
11648,3000,77643.018868
11918,3000,77663.096804
11736,3000,77674.946293
11692,3000,77687.285582
11738,3000,77698.85616
11746,3000,77710.802692
11790,3000,77722.873223
11760,3000,77735.051377
11634,3000,77747.017313
11786,3000,77759.014144
11560,3000,77770.598635
11738,3000,77782.324425
11856,3000,77794.285542
11466,3000,77805.861129
11968,3000,77818.246409
11972,3000,77829.817855
11892,3000,77841.752031
11780,3000,77853.873215
11900,3000,77865.780403
12056,3000,77877.522712
11680,3000,77889.135122
11776,3000,77901.565434
11848,3000,77913.787942
11930,3000,77926.058232
11686,3000,77937.501686
11668,3000,77949.689918
11662,3000,77961.160631
11860,3000,77972.68154
11954,3000,77984.800917
11644,3000,77996.48257
11536,3000,78007.878269
11870,3000,78020.379447
11826,3000,78031.97018
11306,3000,78043.471553
11704,3000,78055.327196
11760,3000,78066.782497
11724,3000,78078.630486
12040,3000,78090.447985
11776,3000,78102.168275
11570,3000,78114.503122
11938,3000,78126.225705
12208,3000,78137.780375
11394,3000,78149.480719
11974,3000,78161.608675
11662,3000,78173.401074
11818,3000,78185.930073
11924,3000,78197.718254
12026,3000,78209.402914
11754,3000,78222.030918
11874,3000,78234.590605
11762,3000,78247.114046
11522,3000,78258.48322
11988,3000,78270.28386
11764,3000,78282.193715
11788,3000,78294.024471
11674,3000,78306.405594
11552,3000,78317.674723
11900,3000,78329.707769
12036,3000,78341.667265
11794,3000,78353.505975
11794,3000,78365.491302
11740,3000,78377.83652
12192,3000,78390.057393
11628,3000,78401.886705
11372,3000,78414.141676
11518,3000,78426.064362
11626,3000,78437.780848
11448,3000,78458.47491
11850,3000,78470.129831
11514,3000,78481.599272
11804,3000,78493.384267
11876,3000,78505.49228
11906,3000,78517.972365
11610,3000,78529.306082
11914,3000,78541.245998
12018,3000,78552.698397
11820,3000,78564.71082
11836,3000,78576.104369
12016,3000,78588.088448
11892,3000,78599.768566
11594,3000,78611.280243
12016,3000,78623.593052
11932,3000,78634.706675
11966,3000,78647.003545
11790,3000,78658.355189
11528,3000,78670.318142
11990,3000,78682.258343
11850,3000,78693.928867
12104,3000,78705.837968
11594,3000,78718.229009
11680,3000,78729.547222
11666,3000,78741.463591
11740,3000,78754.010204
11698,3000,78766.398518
11720,3000,78777.658604
11754,3000,78789.480191
11962,3000,78801.577313
11962,3000,78813.795191
11456,3000,78825.443295
11882,3000,78837.648648
11770,3000,78849.677114
11838,3000,78861.774457
11434,3000,78873.171495
11776,3000,78885.395217
12016,3000,78897.560875
11942,3000,78909.803988
11318,3000,78921.252819
11760,3000,78932.887739
11722,3000,78945.238314
11608,3000,78957.445165
11966,3000,78968.637337
11540,3000,78980.146283
11622,3000,78992.329911
11808,3000,79004.205494
11600,3000,79016.211107
11926,3000,79028.397347
11784,3000,79040.427862
11650,3000,79052.775549
11792,3000,79064.692697
11768,3000,79076.141882
11998,3000,79087.885426
11700,3000,79099.517802
11390,3000,79111.631375
11812,3000,79123.270229
11790,3000,79135.087358
11918,3000,79147.221468
11742,3000,79159.264296
11984,3000,79171.765463
11836,3000,79183.876432
11760,3000,79195.30606
11922,3000,79207.6228
12122,3000,79219.662493
11870,3000,79231.27613
11832,3000,79244.233443
11504,3000,79264.01997
11752,3000,79275.887264
11592,3000,79288.278661
11988,3000,79300.506985
11698,3000,79312.585342
11812,3000,79324.359355
11676,3000,79335.721082
11480,3000,79347.081124
11716,3000,79358.710616
11470,3000,79370.612194
11726,3000,79382.53931
11972,3000,79394.615573
11714,3000,79406.852381
11726,3000,79418.844826
11826,3000,79430.550237
11680,3000,79442.249049
11476,3000,79453.729442
11868,3000,79466.975891
11870,3000,79478.804395
11796,3000,79490.807739
11600,3000,79502.564141
11580,3000,79514.296637
11656,3000,79526.083964
11628,3000,79537.700321
11826,3000,79549.599714
11788,3000,79561.585247
11880,3000,79573.498302
11742,3000,79584.609487
11862,3000,79596.455925
11746,3000,79608.248465
11980,3000,79620.21231
11716,3000,79632.906858
11670,3000,79645.205595
11642,3000,79657.399138
11946,3000,79669.418952
12064,3000,79681.427174
11644,3000,79693.427192
11436,3000,79705.427731
12098,3000,79718.283506
11548,3000,79730.13167
11760,3000,79741.736474
12074,3000,79753.426962
11760,3000,79765.274394
11788,3000,79777.129508
11852,3000,79789.075719
11746,3000,79801.098913
11488,3000,79812.665078
11962,3000,79824.967806
11514,3000,79837.540545
11864,3000,79849.063253
11784,3000,79860.756735
12066,3000,79873.138762
11754,3000,79885.057692
11798,3000,79897.140705
11518,3000,79908.339603
12000,3000,79920.475388
11722,3000,79932.861866
12168,3000,79944.337803
11550,3000,79955.974705
11434,3000,79967.945468
11710,3000,79979.707103
11966,3000,79991.409394
11234,3000,80002.957135
11774,3000,80015.721637
11498,3000,80027.792339
11900,3000,80039.887885
11742,3000,80051.902083
11928,3000,80072.695072
11904,3000,80084.62278
11920,3000,80097.604678
11894,3000,80108.883148
11866,3000,80120.615404
11986,3000,80131.571127
11848,3000,80143.179026
11860,3000,80155.504596
11562,3000,80166.931448
11742,3000,80178.706981
11690,3000,80190.795594
12216,3000,80203.156796
11874,3000,80215.238548
11874,3000,80227.371467
11248,3000,80238.804453
11840,3000,80250.823741
11772,3000,80262.483434
11682,3000,80275.201746
11830,3000,80287.433796
12060,3000,80299.795698
11730,3000,80312.215529
11860,3000,80324.373611
11784,3000,80336.422086
12014,3000,80348.526065
11818,3000,80360.03607
11630,3000,80372.566607
11446,3000,80384.170202
11950,3000,80396.600095
11710,3000,80409.015319
11626,3000,80421.039577
11608,3000,80433.423781
11906,3000,80445.141988
11836,3000,80457.571143
11806,3000,80469.834999
11534,3000,80481.823624
11884,3000,80494.172667
11852,3000,80505.662814
12068,3000,80517.791615
11652,3000,80530.075718
11498,3000,80541.497649
11912,3000,80553.912924
11640,3000,80565.794167
11386,3000,80577.637095
11894,3000,80589.730155
11840,3000,80601.826344
11416,3000,80613.292658
12094,3000,80625.393877
11902,3000,80637.607818
12266,3000,80649.621628
11820,3000,80661.62483
11968,3000,80673.971329
11864,3000,80686.046789
11786,3000,80697.877476
12192,3000,80709.641475
11648,3000,80720.971998
11638,3000,80733.290669
11664,3000,80745.588596
11676,3000,80757.4386
11880,3000,80769.210326
11730,3000,80780.815081
11710,3000,80793.222441
11694,3000,80804.833269
11434,3000,80817.247202
11722,3000,80829.038577
11706,3000,80840.832315
12112,3000,80852.865874
11578,3000,80873.111746
12056,3000,80885.531504
11746,3000,80897.173492
11650,3000,80908.661258
12122,3000,80920.217697
11950,3000,80932.414871
11874,3000,80944.019589
11554,3000,80956.050175
11444,3000,80967.627614
11568,3000,80979.255716
11856,3000,80991.603993
11962,3000,81004.205973
11496,3000,81015.776214
11454,3000,81027.053657
11750,3000,81038.575434
12036,3000,81050.542995
11912,3000,81062.641087
11852,3000,81074.946899
11944,3000,81086.900488
11906,3000,81098.605311
11968,3000,81110.692415
11890,3000,81122.4998
11848,3000,81134.439412
11994,3000,81146.65518
11686,3000,81158.575587
12016,3000,81170.452383
11866,3000,81182.547057
11618,3000,81194.966268
11788,3000,81206.47999
11910,3000,81218.561166
11560,3000,81230.16579
11752,3000,81242.031197
11460,3000,81254.183852
11876,3000,81267.06128
11700,3000,81279.140212
11552,3000,81291.816192
11900,3000,81304.279007
11902,3000,81315.731196
11976,3000,81327.825562
11684,3000,81339.324061
11834,3000,81350.934172
11742,3000,81363.418418
12032,3000,81376.002721
11634,3000,81387.7306
11586,3000,81400.066604
11974,3000,81411.753412
11878,3000,81423.117747
11666,3000,81434.451253
11480,3000,81446.494871
11926,3000,81458.783139
11810,3000,81470.474852
11766,3000,81481.970699
11850,3000,81493.852398
11786,3000,81505.450828
11676,3000,81518.004578
11904,3000,81529.724005
11740,3000,81541.674231
11454,3000,81553.603981
11784,3000,81566.381595
11990,3000,81577.521757
11650,3000,81589.937568
11786,3000,81602.467515
11992,3000,81614.671947
11386,3000,81626.236556
11486,3000,81639.370589
11676,3000,81651.074434
11634,3000,81662.945297
11752,3000,81682.785837
11536,3000,81694.630839
12110,3000,81706.151047
11690,3000,81718.069964
11944,3000,81730.15818
11926,3000,81742.570885
11940,3000,81754.619328
11712,3000,81767.04275
11936,3000,81778.785801
11968,3000,81791.081084
11700,3000,81802.832733
11450,3000,81815.144015
11632,3000,81826.215621
11538,3000,81837.929328
11890,3000,81849.96766
11652,3000,81861.600156
11672,3000,81873.356375
11804,3000,81885.079298
12038,3000,81897.492459
11810,3000,81909.918406
12058,3000,81921.565856
11832,3000,81933.34253
12182,3000,81946.112957
11786,3000,81957.734778
11684,3000,81969.151553
11772,3000,81981.415875
11708,3000,81993.333324
11550,3000,82005.68353
11826,3000,82017.363106
11954,3000,82029.430438
11680,3000,82041.34761
11770,3000,82053.726964
11970,3000,82065.798205
11730,3000,82077.756957
11794,3000,82090.011696
11832,3000,82102.539088
12248,3000,82114.81939
11784,3000,82126.487857
12078,3000,82138.767902
11754,3000,82150.405065
11648,3000,82162.260707
11802,3000,82174.302779
11644,3000,82186.00882
11822,3000,82197.683456
11640,3000,82209.407419
11848,3000,82221.45165
11730,3000,82232.761446
11766,3000,82244.55784
11588,3000,82256.512867
11872,3000,82268.448385
11800,3000,82280.438301
11626,3000,82292.082606
11742,3000,82304.43659
11842,3000,82316.49559
12016,3000,82329.113174
11650,3000,82341.244049
11976,3000,82352.952581
11406,3000,82364.252236
11704,3000,82375.858316
11736,3000,82387.992375
11550,3000,82399.756055
11862,3000,82411.973144
11754,3000,82423.429598
11480,3000,82435.86167
11670,3000,82447.138901
11996,3000,82459.298293
11862,3000,82471.522423
11706,3000,82491.927639
12094,3000,82503.764823
11804,3000,82515.953204
11788,3000,82527.803565
11758,3000,82539.435464
12000,3000,82551.462525
11512,3000,82563.218455
11824,3000,82575.33351
11906,3000,82587.175816
11940,3000,82599.030123
11828,3000,82611.197964
11832,3000,82623.306942
11718,3000,82635.480755
11544,3000,82647.442171
11954,3000,82659.449382
11944,3000,82671.392555
11952,3000,82683.134759
11308,3000,82694.89503
12152,3000,82706.618302
11666,3000,82718.690058
11826,3000,82730.443746
12010,3000,82742.615862
12064,3000,82754.969667
11876,3000,82766.846668
12088,3000,82778.423285
11882,3000,82790.250956
12208,3000,82802.514387
11846,3000,82814.101814
11722,3000,82825.733423
11834,3000,82837.744915
11496,3000,82849.477067
11904,3000,82861.753694
11690,3000,82873.287921
11556,3000,82884.825846
11690,3000,82896.906582
11486,3000,82908.959907
11626,3000,82921.529179
11812,3000,82933.9571
11680,3000,82945.894989
12036,3000,82957.834126
11282,3000,82969.431158
11750,3000,82981.484938
11918,3000,82993.05204
11618,3000,83004.764468
11854,3000,83016.507971
11668,3000,83028.980122
11636,3000,83040.647191
11980,3000,83052.891593
11896,3000,83065.036411
11700,3000,83077.451017
11938,3000,83088.81671
11842,3000,83100.287274
11882,3000,83112.423994
12024,3000,83124.057311
11620,3000,83136.007228
11836,3000,83147.714418
11718,3000,83159.584364
11770,3000,83171.450417
11992,3000,83183.28784
11886,3000,83194.200436
11914,3000,83206.780667
11724,3000,83219.01061
11822,3000,83230.654796
11772,3000,83243.255193
11696,3000,83255.227947
11690,3000,83266.719549
11774,3000,83287.196536
11858,3000,83299.456999
11670,3000,83310.905769
11734,3000,83323.242601
11742,3000,83335.443747
11582,3000,83347.066477
11726,3000,83358.626377
11556,3000,83370.414266
12280,3000,83382.845889
11830,3000,83395.453057
11788,3000,83407.309258
11800,3000,83419.605027
11744,3000,83431.296734
11216,3000,83442.918749
11924,3000,83455.103766
11762,3000,83468.018248
11742,3000,83480.204129
11834,3000,83492.258698
11536,3000,83503.601165
11748,3000,83515.455357
11684,3000,83527.113604
12042,3000,83539.421079
11566,3000,83550.818302
11284,3000,83562.345021
12012,3000,83574.663446
11630,3000,83586.938585
11842,3000,83598.925964
11752,3000,83611.209558
12066,3000,83623.551124
11732,3000,83635.684424
11982,3000,83647.613039
11704,3000,83660.034877
12074,3000,83672.279653
11810,3000,83684.671808
11960,3000,83696.680083
12008,3000,83708.504961
11748,3000,83720.83057
11524,3000,83732.71016
11922,3000,83744.77758
11814,3000,83757.123497
11468,3000,83768.940479
11644,3000,83780.990891
11640,3000,83792.435278
12028,3000,83804.670778
11548,3000,83816.222952
11824,3000,83828.850677
11558,3000,83840.104678
11970,3000,83851.744137
11518,3000,83863.401549
11812,3000,83875.371156
12322,3000,83887.908689
11792,3000,83899.578105
11826,3000,83910.998899
11804,3000,83923.147727
11634,3000,83935.115031
11718,3000,83947.677564
11680,3000,83959.921399
11712,3000,83971.986143
11630,3000,83983.292292
11808,3000,83995.003752
11646,3000,84006.46943
11838,3000,84018.324865
11822,3000,84030.236563
11688,3000,84041.863621
11928,3000,84053.854841
11918,3000,84065.5181
11904,3000,84077.725274
11680,3000,84097.901636
11602,3000,84109.848875
11726,3000,84121.998115
12076,3000,84133.562781
11854,3000,84145.158727
11636,3000,84157.439903
11844,3000,84169.76193
11826,3000,84181.813643
11420,3000,84193.756419
12180,3000,84205.455457
11878,3000,84217.50882
11850,3000,84229.979119
11896,3000,84242.061268
11856,3000,84253.923815
11706,3000,84266.189264
11914,3000,84278.031345
11582,3000,84289.225579
11882,3000,84301.117801
11302,3000,84312.906897
11714,3000,84324.69734
11958,3000,84336.516716
11624,3000,84349.260958
11852,3000,84362.304482
11884,3000,84375.012413
11230,3000,84386.368276
11938,3000,84398.440681
11750,3000,84409.817307
12012,3000,84421.891633
11566,3000,84433.528749
11788,3000,84444.705521
11516,3000,84456.397914
12068,3000,84467.838509
12058,3000,84480.05681
11764,3000,84491.970374
11680,3000,84503.730799
11822,3000,84515.563989
11574,3000,84527.499455
11382,3000,84539.277151
12062,3000,84551.665061
11836,3000,84563.357151
11698,3000,84575.054081
11736,3000,84586.397377
11660,3000,84598.716771
11928,3000,84610.373396
11882,3000,84622.601016
11952,3000,84634.585467
11778,3000,84646.085632
12034,3000,84657.836172
11440,3000,84669.683377
11706,3000,84682.2187
11630,3000,84693.890226
11772,3000,84706.31584
11684,3000,84718.486558
11822,3000,84730.27151
11428,3000,84741.792762
11656,3000,84753.50728
11928,3000,84765.076663
11702,3000,84776.920622
11764,3000,84789.189523
11822,3000,84801.116088
11630,3000,84812.639153
12114,3000,84824.573654
11448,3000,84836.469482
11876,3000,84848.258202
11560,3000,84859.625254
11820,3000,84870.865658
11396,3000,84882.261514
12286,3000,84902.432489
11978,3000,84914.69421
11952,3000,84926.700109
12060,3000,84938.363291
11744,3000,84950.420952
11672,3000,84962.760631
11694,3000,84974.379444
11750,3000,84986.486152
11610,3000,84998.50839
11638,3000,85010.768245
11762,3000,85023.451066
11808,3000,85035.560397
11534,3000,85048.684185
11798,3000,85060.184303
11862,3000,85071.822632
11752,3000,85083.502009
11898,3000,85095.867904
11864,3000,85108.425962
11682,3000,85120.350383
11966,3000,85132.230305
11652,3000,85143.953473
11428,3000,85155.728762
12080,3000,85167.506982
11632,3000,85179.329597
11830,3000,85191.46048
11514,3000,85203.574725
11642,3000,85215.637276
11896,3000,85227.503708
11970,3000,85239.307561
12008,3000,85251.28678
11642,3000,85263.181002
12108,3000,85274.888447
11866,3000,85286.626698
12018,3000,85298.752461
11632,3000,85310.588049
11718,3000,85322.577564
11986,3000,85333.722385
11824,3000,85345.182317
12142,3000,85357.295743
11884,3000,85369.882423
11562,3000,85381.830879
11852,3000,85393.927914
11624,3000,85405.161973
11936,3000,85418.06326
11652,3000,85429.612833
11846,3000,85441.515311
11680,3000,85452.811964
11646,3000,85465.171889
12004,3000,85476.84472
12148,3000,85488.459403
11982,3000,85500.608712
12298,3000,85512.520615
11322,3000,85524.092889
11704,3000,85536.011946
11898,3000,85547.72081
11604,3000,85559.452923
11806,3000,85571.343279
11858,3000,85582.995814
11912,3000,85594.810104
12146,3000,85606.784717
11918,3000,85619.160625
11906,3000,85631.343172
11734,3000,85643.137004
11468,3000,85655.137944
11930,3000,85667.026562
11650,3000,85678.80369
11688,3000,85698.525561
11742,3000,85710.180219
11996,3000,85722.363029
11708,3000,85734.450609
11694,3000,85746.632801
12146,3000,85758.343662
11964,3000,85770.262859
11672,3000,85781.766576
11524,3000,85793.505641
11760,3000,85805.524941
11750,3000,85817.091024
12010,3000,85829.528016
11742,3000,85842.117108
11874,3000,85853.916456
11760,3000,85865.05794
12048,3000,85876.858663
11714,3000,85888.868453
11850,3000,85900.493927
12008,3000,85912.287654
11466,3000,85923.753725
11602,3000,85935.997044
11758,3000,85948.148115
11386,3000,85959.765071
11610,3000,85971.470107
11468,3000,85983.33964
11610,3000,85995.941716
11676,3000,86007.802941
11970,3000,86020.018373
11792,3000,86032.276755
11900,3000,86044.274429
11886,3000,86056.529344
11882,3000,86068.484734
11664,3000,86079.960894
11550,3000,86092.00253
11668,3000,86103.824436
11834,3000,86115.511985
11956,3000,86127.835071
11882,3000,86139.769111
11714,3000,86151.600257
11828,3000,86163.665002
11924,3000,86175.576787
11678,3000,86187.425344
11908,3000,86200.224915
11856,3000,86212.275305
11670,3000,86224.633779
11622,3000,86236.818174
11616,3000,86248.595947
11894,3000,86260.425656
11898,3000,86271.992973
12008,3000,86283.453105
11908,3000,86295.598667
11668,3000,86307.435196
12116,3000,86319.448755
11834,3000,86331.534459
11712,3000,86343.187104
11812,3000,86355.369377
11876,3000,86367.477369
11744,3000,86379.931164
11762,3000,86392.613698
11488,3000,86404.791074
11768,3000,86416.714617
11982,3000,86428.987373
12092,3000,86440.769277
11870,3000,86452.976932
11810,3000,86464.431835
11824,3000,86476.627801
11612,3000,86488.03818
11780,3000,86508.06766
11862,3000,86520.460593
11658,3000,86532.489201
11416,3000,86544.446343
11624,3000,86556.159546
11500,3000,86567.545396
11880,3000,86579.51288
11978,3000,86591.57408
12172,3000,86604.009956
11638,3000,86615.790355
11786,3000,86627.244291
11728,3000,86639.580111
11760,3000,86651.677878
11638,3000,86663.696015
11992,3000,86675.579608
11674,3000,86687.58327
12040,3000,86699.446772
12000,3000,86711.488957
11914,3000,86723.042056
11646,3000,86735.084973
11906,3000,86746.614599
11892,3000,86758.749908
11822,3000,86771.396263
11686,3000,86782.953331
12000,3000,86795.117164
11680,3000,86807.111843
11776,3000,86818.193418
12032,3000,86830.419593
11842,3000,86842.660565
11936,3000,86854.655755
11816,3000,86866.736253
11902,3000,86878.905523
11660,3000,86890.760615
11744,3000,86902.190239
11472,3000,86914.247991
11706,3000,86926.496629
11856,3000,86938.397436
11932,3000,86951.631025
12050,3000,86963.676263
11956,3000,86975.235895
11614,3000,86987.139812
11596,3000,86998.739841
11534,3000,87010.436134
11798,3000,87022.45141
11520,3000,87034.211163
12034,3000,87046.942312
11716,3000,87058.582928
12060,3000,87070.546843
11678,3000,87082.51993
11586,3000,87095.113555
12142,3000,87106.671955
11666,3000,87117.580396
12076,3000,87130.034756
11428,3000,87141.882556
11970,3000,87153.788086
11728,3000,87166.506312
11698,3000,87178.805759
11924,3000,87190.794499
11752,3000,87203.035046
11760,3000,87214.829442
11524,3000,87227.110858
11878,3000,87238.559984
11602,3000,87250.420105
11792,3000,87262.453967
12002,3000,87274.549534
11668,3000,87286.296333
11994,3000,87298.407568
11752,3000,87318.860042
11526,3000,87331.807322
11978,3000,87344.555267
12112,3000,87356.434895
12022,3000,87368.252395
11790,3000,87380.226187
11690,3000,87392.144579
11850,3000,87404.429144
11714,3000,87416.216533
11768,3000,87428.050764
11722,3000,87439.614487
11922,3000,87451.594735
11522,3000,87463.368748
11972,3000,87475.187036
11830,3000,87487.045769
11872,3000,87499.009876
11982,3000,87510.975231
11618,3000,87522.881383
11950,3000,87534.51252
11880,3000,87546.39378
11374,3000,87557.6077
11764,3000,87569.85556
11750,3000,87581.147613
11804,3000,87592.527401
12030,3000,87604.704375
12086,3000,87616.546164
11862,3000,87628.658317
11930,3000,87640.435833
11816,3000,87652.443808
11684,3000,87664.419099
11612,3000,87676.734117
11484,3000,87688.605755
11688,3000,87700.46421
12312,3000,87712.570755
11652,3000,87724.22897
11584,3000,87736.550825
11842,3000,87748.528224
11642,3000,87760.789804
11678,3000,87772.839212
11852,3000,87785.360905
11428,3000,87796.70963
11718,3000,87808.729318
11734,3000,87820.944263
11574,3000,87833.495303
11806,3000,87845.138816
11484,3000,87857.132221
11416,3000,87869.389076
11728,3000,87881.49856
11978,3000,87893.148766
11654,3000,87904.81533
11422,3000,87916.64177
11722,3000,87928.704161
11862,3000,87940.541152
11872,3000,87952.563641
11692,3000,87964.491522
12008,3000,87976.265917
12078,3000,87988.585542
11868,3000,88000.960401
11730,3000,88012.58798
11918,3000,88024.625995
11924,3000,88036.821768
11838,3000,88048.79903
11774,3000,88060.659589
11544,3000,88072.965039
11602,3000,88085.792318
11630,3000,88097.288466
11718,3000,88117.707675
11882,3000,88129.457054
11760,3000,88141.396307
11582,3000,88153.32958
11380,3000,88165.362538
11602,3000,88176.503842
11954,3000,88188.362186
11864,3000,88200.351306
11616,3000,88212.177853
11592,3000,88223.644732
11574,3000,88235.221128
11962,3000,88246.620128
11856,3000,88258.931169
11854,3000,88270.412075
11996,3000,88281.67095
11882,3000,88293.820411
11670,3000,88305.362195
11738,3000,88317.249433
12040,3000,88329.249015
11798,3000,88341.256601
11866,3000,88353.005667
11824,3000,88364.227956
11908,3000,88376.573572
12048,3000,88388.817395
12026,3000,88400.600259
11564,3000,88412.682134
11852,3000,88425.337668
11814,3000,88437.879899
11846,3000,88449.651266
12134,3000,88462.124514
11416,3000,88474.283679
11616,3000,88486.24442
11876,3000,88497.762389
12072,3000,88510.002664
12018,3000,88522.304561
11760,3000,88533.833087
11718,3000,88545.416112
11926,3000,88557.486998
11484,3000,88568.753456
11584,3000,88580.005985
11706,3000,88592.06547
11840,3000,88603.917385
11668,3000,88615.460507
11520,3000,88627.269743
11700,3000,88638.783695
11724,3000,88651.10746
11760,3000,88662.998136
12064,3000,88674.390799
12238,3000,88686.150911
11888,3000,88698.208074
11758,3000,88710.460791
11824,3000,88721.942883
11396,3000,88733.649196
12148,3000,88746.506538
11800,3000,88758.336207
11812,3000,88770.37143
11720,3000,88782.016368
11912,3000,88794.130506
11784,3000,88805.467145
11478,3000,88817.693343
11476,3000,88829.85732
11834,3000,88841.996925
11694,3000,88854.073073
11912,3000,88865.679883
11932,3000,88877.0495
11642,3000,88889.011725
11710,3000,88901.073693
11788,3000,88921.267692
11710,3000,88933.634961
11632,3000,88945.203796
12098,3000,88957.347939
11656,3000,88969.412403
11948,3000,88981.255561
11786,3000,88992.751792
11338,3000,89004.463696
12116,3000,89016.035009
11590,3000,89027.676857
12260,3000,89039.668244
11958,3000,89051.184758
11988,3000,89063.265134
11918,3000,89074.489655
11660,3000,89086.780477
11656,3000,89098.248137
12000,3000,89110.440334
11574,3000,89122.011246
11876,3000,89134.452753
11630,3000,89145.518837
11790,3000,89157.061919
11688,3000,89168.861164
11754,3000,89180.03874
11620,3000,89191.84006
11648,3000,89203.066863
11682,3000,89214.816006
11706,3000,89226.61164
11566,3000,89238.669131
11638,3000,89251.152576
12178,3000,89263.758584
11586,3000,89275.87596
11756,3000,89287.600612
11746,3000,89299.06629
11820,3000,89310.853314
11566,3000,89322.978755
11742,3000,89334.615831
11688,3000,89346.729209
12154,3000,89358.539396
11720,3000,89370.785959
11660,3000,89383.135032
11854,3000,89394.972951
11694,3000,89407.584451
11706,3000,89419.591894
12076,3000,89431.386172
11820,3000,89443.962815
12022,3000,89455.7732
11578,3000,89467.603957
11672,3000,89478.960048
11932,3000,89491.536835
11568,3000,89503.783159
11748,3000,89515.508934
11622,3000,89527.429343
11848,3000,89539.434075
12254,3000,89551.693451
11482,3000,89563.848366
11946,3000,89576.004687
11638,3000,89587.258874
11716,3000,89599.318517
11872,3000,89611.410093
11820,3000,89623.155733
11312,3000,89634.575045
11684,3000,89646.418326
11774,3000,89657.858728
11858,3000,89669.44605
11952,3000,89681.206824
12006,3000,89693.40916
12006,3000,89705.650094
11730,3000,89725.914583
11712,3000,89737.923033
11966,3000,89750.334853
11616,3000,89762.711196
11858,3000,89774.774239
11766,3000,89786.117005
11472,3000,89797.717902
11704,3000,89809.3274
11518,3000,89820.943184
11650,3000,89832.756213
11732,3000,89845.344765
11978,3000,89857.179332
11734,3000,89868.326809
11656,3000,89880.228971
11730,3000,89892.557392
11640,3000,89904.297233
11848,3000,89916.134605
11870,3000,89927.989866
11996,3000,89939.791734
11338,3000,89951.760037
11862,3000,89964.368721
11598,3000,89976.862986
11914,3000,89988.389945
11476,3000,90000.10128
11974,3000,90011.850501
11964,3000,90024.473415
11798,3000,90037.323272
11790,3000,90049.579353
11866,3000,90061.201304
11430,3000,90072.908271
11732,3000,90084.846488
12040,3000,90096.592569
12060,3000,90108.859754
12188,3000,90120.909349
11908,3000,90132.566617
11832,3000,90144.113182
11678,3000,90155.671011
11852,3000,90167.481171
11572,3000,90178.950517
11518,3000,90190.986945
11760,3000,90202.815678
11692,3000,90214.755847
11880,3000,90226.801035
11862,3000,90238.870788
11730,3000,90251.023941
11854,3000,90262.473569
11852,3000,90274.487204
11860,3000,90287.118027
11626,3000,90299.044916
11666,3000,90311.137315
11988,3000,90323.165204
11740,3000,90334.297259
11280,3000,90345.762536
11794,3000,90357.90172
11814,3000,90369.563815
11784,3000,90381.466363
11898,3000,90393.134203
11806,3000,90404.889687
11828,3000,90416.480817
11644,3000,90428.479473
11646,3000,90441.093783
11784,3000,90453.378155
12030,3000,90465.922391
12004,3000,90477.945103
11972,3000,90489.506615
11876,3000,90501.407979
11944,3000,90522.206423
11660,3000,90534.26456
12000,3000,90546.153933
11564,3000,90558.314908
11936,3000,90570.16164
12114,3000,90582.72903
11664,3000,90594.830719
11808,3000,90606.716502
11750,3000,90619.028813
11720,3000,90630.728043
11796,3000,90642.653113
11594,3000,90654.842097
11738,3000,90666.682298
11798,3000,90678.358359
12064,3000,90690.457895
11810,3000,90702.278239
11808,3000,90713.76334
11540,3000,90725.661075
11932,3000,90737.802344
12250,3000,90749.663243
11678,3000,90761.49437
11848,3000,90773.510497
11946,3000,90785.472399
11530,3000,90797.171994
11686,3000,90809.142013
11586,3000,90820.965451
11796,3000,90832.481061
12082,3000,90844.397529
11758,3000,90856.656412
11684,3000,90869.130978
11718,3000,90881.212975
11956,3000,90892.582239
11714,3000,90904.730909
12030,3000,90916.075118
11702,3000,90927.528517
11948,3000,90939.605714
12056,3000,90951.786467
11752,3000,90963.53659
11714,3000,90975.821399
11642,3000,90987.464
11710,3000,90999.579086
12024,3000,91011.418725
11650,3000,91023.168048
12054,3000,91035.624473
11792,3000,91047.466608
12110,3000,91058.997017
12080,3000,91071.63889
11844,3000,91083.471863
11770,3000,91095.469093
11762,3000,91107.843539
11696,3000,91119.820224
11512,3000,91131.344041
11922,3000,91143.364903
11438,3000,91154.941935
11688,3000,91167.214605
11682,3000,91179.352453
11420,3000,91190.651107
11602,3000,91201.619304
11934,3000,91213.672643
11910,3000,91225.578976
11590,3000,91237.243609
11508,3000,91248.657519
11606,3000,91261.256988
11710,3000,91272.70764
11910,3000,91284.247255
11800,3000,91296.110856
11938,3000,91308.127713
11462,3000,91327.958557
11702,3000,91339.957712
12024,3000,91352.119749
11686,3000,91364.282245
11810,3000,91376.381371
11430,3000,91387.680009
11992,3000,91400.327215
11866,3000,91411.577875
11720,3000,91423.727911
11600,3000,91435.703414
11818,3000,91447.828834
11732,3000,91459.569071
11730,3000,91471.648045
11890,3000,91483.299448
11706,3000,91495.74309
12086,3000,91507.963944
11790,3000,91520.158715
11688,3000,91532.008404
11602,3000,91543.551349
11660,3000,91555.81321
12104,3000,91567.504847
11706,3000,91579.136855
11876,3000,91591.272345
11670,3000,91603.141291
11878,3000,91616.219745
11964,3000,91627.787869
11958,3000,91639.78962
11568,3000,91651.277348
11864,3000,91663.496008
11622,3000,91675.62839
11918,3000,91687.661779
11646,3000,91700.098483
11874,3000,91711.956466
11964,3000,91723.992368
12180,3000,91736.389097
11810,3000,91747.078322
11276,3000,91758.60599
11792,3000,91771.227932
11880,3000,91782.419805
11960,3000,91794.617759
12048,3000,91807.313118
12094,3000,91818.427497
12080,3000,91830.953384
11662,3000,91843.175151
11550,3000,91855.481043
11728,3000,91867.34638
11608,3000,91878.796594
12110,3000,91891.233629
11700,3000,91903.221192
11918,3000,91915.280521
11728,3000,91926.591568
11666,3000,91938.152246
11520,3000,91949.932392
11936,3000,91961.995544
11912,3000,91973.670026
11962,3000,91985.821403
11588,3000,91996.856452
12068,3000,92009.167264
11840,3000,92020.983573
11986,3000,92033.482125
11798,3000,92044.972821
11712,3000,92056.738028
11538,3000,92068.33679
11602,3000,92080.532591
11828,3000,92092.018765
11684,3000,92103.785853
11348,3000,92115.422592
12004,3000,92135.374163
11872,3000,92147.648504
11834,3000,92159.133528
11790,3000,92170.324904
11438,3000,92182.07147
12196,3000,92193.562832
11636,3000,92205.851935
11756,3000,92218.331564
11800,3000,92229.737078
11778,3000,92242.059999
11696,3000,92254.184587
11366,3000,92265.722268
11978,3000,92278.2057
11860,3000,92290.086368
11668,3000,92302.576581
11894,3000,92313.97125
11790,3000,92325.782902
11842,3000,92336.982675
11880,3000,92348.995917
11900,3000,92361.452031
11666,3000,92373.191193
11632,3000,92385.188433
11834,3000,92397.449504
11806,3000,92410.027343
12000,3000,92421.744305
11786,3000,92433.697927
11936,3000,92445.429401
11970,3000,92457.605821
11814,3000,92469.929152
11744,3000,92482.034371
11590,3000,92493.501359
11586,3000,92505.006438
11808,3000,92516.905392
11972,3000,92528.349956
11972,3000,92540.180469
11856,3000,92552.250348
11642,3000,92563.955066
11816,3000,92576.054649
11902,3000,92587.772638
11456,3000,92599.178606
11756,3000,92610.63183
11964,3000,92622.299551
11896,3000,92634.048029
11954,3000,92646.122157
11926,3000,92657.918875
12084,3000,92670.424777
11906,3000,92682.403505
11940,3000,92693.425151
11688,3000,92705.299304
11842,3000,92717.315202
11644,3000,92728.378179
11830,3000,92739.795202
11766,3000,92751.333482
12080,3000,92763.08125
12120,3000,92774.0821
11646,3000,92784.718969
12026,3000,92795.691092
11700,3000,92807.08256
11228,3000,92818.102244
11808,3000,92829.15216
11804,3000,92840.384769
11756,3000,92851.467931
12054,3000,92862.611137
11688,3000,92874.343273
11674,3000,92884.956703
11754,3000,92895.96018
11676,3000,92914.919006
11892,3000,92926.519157
11660,3000,92937.508654
12092,3000,92949.011907
11990,3000,92960.197585
11674,3000,92970.936128
11588,3000,92982.709425
11688,3000,92994.18556
11572,3000,93005.044949
11496,3000,93015.924187
11878,3000,93027.635424
12110,3000,93038.960681
11880,3000,93050.262236
11830,3000,93061.361779
11720,3000,93072.624925
11914,3000,93084.067164
11776,3000,93095.682098
11390,3000,93106.171781
11958,3000,93117.282259
11480,3000,93127.829169
11562,3000,93138.607017
11566,3000,93149.616237
11544,3000,93160.49924
12102,3000,93172.023111
11686,3000,93183.945175
11916,3000,93195.318139
11966,3000,93207.048727
11804,3000,93218.200166
11580,3000,93229.223974
11618,3000,93240.468472
11582,3000,93251.818062
11808,3000,93263.408496
11692,3000,93275.007271
11502,3000,93286.622361
11670,3000,93297.781894
11766,3000,93308.498629
11584,3000,93319.927578
12030,3000,93331.527267
11606,3000,93342.578819
12082,3000,93354.134533
11842,3000,93365.299236
12076,3000,93376.012921
11554,3000,93387.206154
11876,3000,93397.751706
12096,3000,93408.918591
11614,3000,93419.755137
11744,3000,93431.101771
11330,3000,93441.93789
12180,3000,93452.99981
11616,3000,93464.471745
11740,3000,93475.408264
11990,3000,93487.11223
11440,3000,93497.886088
11846,3000,93508.729208
11598,3000,93520.361923
12116,3000,93531.351607
11688,3000,93542.269404
11320,3000,93553.091848
11874,3000,93564.844848
12082,3000,93576.66058
11478,3000,93587.789133
11762,3000,93598.932278
11876,3000,93609.389213
11634,3000,93619.516029
11952,3000,93630.970654
12100,3000,93642.113798
11700,3000,93653.414004
11616,3000,93672.443256
11452,3000,93683.921248
11796,3000,93695.288291
11892,3000,93706.086707
11296,3000,93717.301482
11670,3000,93728.385714
12134,3000,93739.752085
11890,3000,93750.921751
12064,3000,93762.669154
11702,3000,93773.434061
11980,3000,93784.581786
11498,3000,93796.094715
12046,3000,93807.108935
12178,3000,93817.835319
12044,3000,93829.034788
11696,3000,93839.774967
12240,3000,93851.346385
11982,3000,93862.263759
11876,3000,93873.427037
11640,3000,93884.382839
11856,3000,93895.537003
11738,3000,93907.043917
11716,3000,93918.109115
11922,3000,93929.44356
11698,3000,93941.164951
12010,3000,93952.225503
11904,3000,93962.903881
11800,3000,93974.255567
11698,3000,93985.781726
11700,3000,93996.808792
11716,3000,94008.053278
11760,3000,94019.315633
11630,3000,94030.641061
11802,3000,94042.404131
12008,3000,94052.994858
11666,3000,94064.077254
11806,3000,94075.209321
12102,3000,94086.095521
11812,3000,94096.767283
11662,3000,94107.307847
11668,3000,94118.833172
11900,3000,94130.12001
11660,3000,94141.013841
11816,3000,94152.456719
12060,3000,94164.337794
11724,3000,94176.243584
12034,3000,94187.538245
11796,3000,94198.709177
11624,3000,94209.830279
11570,3000,94220.910084
11648,3000,94232.292352
11734,3000,94243.672002
11698,3000,94254.839211
11784,3000,94266.163914
11668,3000,94277.119295
11714,3000,94288.698455
11426,3000,94300.207994
11704,3000,94311.905284
11834,3000,94323.727078
11924,3000,94335.950717
11824,3000,94347.133064
11764,3000,94357.374552
11952,3000,94368.872424
11878,3000,94379.620038
12082,3000,94391.277669
11496,3000,94402.52025
11808,3000,94413.864062
11796,3000,94433.095479
11334,3000,94443.950851
11838,3000,94455.64676
11632,3000,94466.518958
11874,3000,94478.320686
11698,3000,94489.26739
11854,3000,94500.70407
11744,3000,94512.178404
11834,3000,94522.685686
11748,3000,94533.796043
11378,3000,94545.05868
11640,3000,94556.432913
11792,3000,94567.928928
12252,3000,94579.638644
11746,3000,94590.7706
11590,3000,94602.336838
11652,3000,94613.32972
11608,3000,94624.138558
11960,3000,94635.625445
11724,3000,94646.734502
11658,3000,94657.786709
12030,3000,94669.106628
11534,3000,94680.000009
11710,3000,94691.26839
11496,3000,94702.710802
11868,3000,94714.546308
11424,3000,94725.685761
11558,3000,94736.349536
11568,3000,94747.915547
11708,3000,94759.262683
11844,3000,94770.790509
11642,3000,94781.673522
11916,3000,94792.955038
12122,3000,94804.737288
11868,3000,94816.691153
11634,3000,94827.244506
11762,3000,94838.300072
11806,3000,94849.483755
11774,3000,94860.867283
11592,3000,94871.991265
11534,3000,94883.027887
11758,3000,94893.620161
11752,3000,94904.928823
11692,3000,94916.149786
11852,3000,94927.336663
11750,3000,94938.728231
11566,3000,94949.658271
11816,3000,94961.040972
11904,3000,94972.72635
11928,3000,94984.392266
11852,3000,94995.496889
11758,3000,95006.979747
11902,3000,95017.756091
11586,3000,95029.379726
12212,3000,95040.095488
11682,3000,95051.205754
11708,3000,95062.771597
11730,3000,95074.146629
11728,3000,95085.503719
11460,3000,95096.160945
11738,3000,95107.050049
11588,3000,95118.098769
11548,3000,95129.337371
11848,3000,95140.440675
11542,3000,95151.515639
11624,3000,95163.096227
12150,3000,95181.811557
11944,3000,95192.451178
11802,3000,95203.552751
11958,3000,95215.267699
11884,3000,95226.333654
11652,3000,95236.886063
11866,3000,95247.903457
12084,3000,95259.101821
11824,3000,95270.457756
12100,3000,95281.534893
11936,3000,95293.426798
11802,3000,95304.929197
11828,3000,95315.942152
11600,3000,95327.370384
11710,3000,95338.703149
11706,3000,95349.782761
11848,3000,95360.974438
11874,3000,95371.869814
11848,3000,95382.779504
11560,3000,95393.514668
11798,3000,95404.855161
11778,3000,95416.052651
11958,3000,95427.306342
11920,3000,95438.228468
11946,3000,95448.691311
11422,3000,95459.937556
11760,3000,95470.886986
11986,3000,95482.143356
11656,3000,95493.482814
11650,3000,95505.3879
11988,3000,95516.420339
11822,3000,95528.028843
12026,3000,95539.047396
11778,3000,95550.352409
12046,3000,95561.552803
11868,3000,95573.031134
12234,3000,95584.365595
11530,3000,95595.35096
11788,3000,95606.546609
12128,3000,95617.970719
11908,3000,95629.233225
12028,3000,95640.828482
11952,3000,95652.078348
11814,3000,95662.926744
11962,3000,95674.022101
11532,3000,95684.652617
12294,3000,95696.23612
11728,3000,95707.257047
11664,3000,95718.562443
11708,3000,95729.549121
11718,3000,95741.024177
11566,3000,95752.087798
11916,3000,95763.044026
11888,3000,95774.213114
11672,3000,95785.832684
11780,3000,95796.39389
11786,3000,95808.346082
11942,3000,95819.933941
11724,3000,95830.598131
11976,3000,95842.321959
12240,3000,95853.732588
11904,3000,95864.929053
11898,3000,95875.623464
11984,3000,95886.739296
11744,3000,95898.155023
12158,3000,95909.494469
11974,3000,95920.286705
11692,3000,95939.761023
11794,3000,95950.464734
11828,3000,95961.204459
11552,3000,95972.650209
11944,3000,95983.756437
11568,3000,95994.608081
12046,3000,96005.694417
11820,3000,96017.198874
11788,3000,96028.793495
11654,3000,96040.715942
11680,3000,96052.38607
11878,3000,96063.55063
11748,3000,96074.628724
11698,3000,96086.236449
11702,3000,96097.691695
12164,3000,96109.017703
11678,3000,96119.854439
11352,3000,96131.419219
11934,3000,96142.836919
11682,3000,96153.876868
12098,3000,96165.977654
11598,3000,96177.2227
11814,3000,96188.932308
11654,3000,96200.532308
11818,3000,96211.872799
11386,3000,96222.912702
11970,3000,96234.551772
11962,3000,96245.295107
12114,3000,96256.371449
11660,3000,96267.361351
11800,3000,96278.781952
11924,3000,96289.829348
11496,3000,96301.15916
11520,3000,96312.145485
11858,3000,96323.431858
11834,3000,96334.677128
11574,3000,96345.930114
12182,3000,96356.682404
11590,3000,96367.654076
11724,3000,96378.364581
12002,3000,96389.790185
11744,3000,96400.531778
11578,3000,96411.521201
11598,3000,96422.438204
11772,3000,96433.841126
11764,3000,96445.224627
11986,3000,96456.79072
11556,3000,96467.428228
11608,3000,96478.699215
11674,3000,96489.659184
11434,3000,96500.32208
11786,3000,96511.747653
11786,3000,96523.020782
11814,3000,96534.290683
11826,3000,96545.627903
11646,3000,96557.112514
12046,3000,96568.40798
11872,3000,96579.802923
11928,3000,96591.476066
11894,3000,96602.609271
12108,3000,96613.999373
11950,3000,96624.913261
12082,3000,96636.929604
11628,3000,96647.80726
11728,3000,96658.746973
11996,3000,96670.055192
12068,3000,96681.077934
11652,3000,96700.352343
11788,3000,96711.547394
11604,3000,96722.580757
11920,3000,96733.708924
11734,3000,96744.785291
11948,3000,96756.346301
11704,3000,96767.648817
11714,3000,96779.133112
11708,3000,96790.743841
11956,3000,96802.057323
12254,3000,96813.413075
11714,3000,96824.77416
12058,3000,96835.903414
11616,3000,96846.646359
11514,3000,96857.485121
11744,3000,96868.622129
11956,3000,96879.611428
11602,3000,96890.496643
11596,3000,96902.301572
11538,3000,96913.28475
11938,3000,96924.389397
11908,3000,96935.990155
11480,3000,96946.96996
11878,3000,96958.643092
11636,3000,96969.639524
11912,3000,96980.903716
11960,3000,96992.513776
11746,3000,97004.050634
11900,3000,97015.148532
11574,3000,97026.328086
11882,3000,97037.570751
11714,3000,97048.846659
11548,3000,97059.598035
12050,3000,97071.112428
11910,3000,97081.751336
11814,3000,97093.273506
11662,3000,97104.199617
12032,3000,97116.321177
11798,3000,97128.011324
11746,3000,97138.685074
11714,3000,97149.901488
11484,3000,97161.011646
11904,3000,97171.912776
11954,3000,97183.359491
12076,3000,97194.758198
11632,3000,97206.0088
11672,3000,97217.128669
11908,3000,97228.244653
12124,3000,97239.660445
11764,3000,97250.783255
11888,3000,97262.150708
11760,3000,97273.232621
11786,3000,97284.41344
11514,3000,97295.238333
11734,3000,97306.620361
11914,3000,97318.195032
11958,3000,97329.640169
11646,3000,97341.467844
11824,3000,97352.826862
11850,3000,97363.751776
11692,3000,97374.978467
11478,3000,97386.27756
11878,3000,97397.024501
11830,3000,97407.820676
11532,3000,97418.815345
11820,3000,97429.912471
12112,3000,97449.276514
11826,3000,97460.62416
12172,3000,97472.032539
11928,3000,97483.802078
11800,3000,97495.176082
11932,3000,97506.595414
11556,3000,97517.921367
11890,3000,97529.475739
11724,3000,97540.968998
11750,3000,97552.338167
12126,3000,97563.93632
11960,3000,97575.186419
11938,3000,97586.837671
11820,3000,97598.301517
11650,3000,97609.122693
11768,3000,97620.546184
11888,3000,97632.197501
11806,3000,97643.560408
11670,3000,97654.679291
11888,3000,97666.50856
12084,3000,97677.550952
11764,3000,97687.873847
11560,3000,97699.378647
12200,3000,97710.823647
12018,3000,97722.1337
11794,3000,97733.477525
11320,3000,97744.086351
11530,3000,97755.232581
11916,3000,97766.733973
11308,3000,97777.522532
11948,3000,97788.786754
11780,3000,97799.415399
11498,3000,97810.671238
11706,3000,97822.022692
11438,3000,97833.242024
11656,3000,97844.444074
12032,3000,97856.335485
11698,3000,97866.931949
11844,3000,97878.650152
11544,3000,97889.777537
12166,3000,97900.692583
11412,3000,97912.574376
11900,3000,97924.444525
11778,3000,97935.731552
11994,3000,97947.143711
11874,3000,97958.6588
12058,3000,97969.777796
11820,3000,97980.868941
11632,3000,97992.644036
11856,3000,98004.585284
12050,3000,98015.91502
11730,3000,98026.802333
11504,3000,98037.600202
11986,3000,98048.948315
11884,3000,98060.493644
11584,3000,98071.5266
11740,3000,98082.840436
12198,3000,98094.136524
11730,3000,98105.446335
11930,3000,98116.401542
11982,3000,98127.595931
11574,3000,98139.513458
11996,3000,98150.875421
11708,3000,98162.019251
12104,3000,98173.116474
11650,3000,98183.92425
11592,3000,98194.975973
11488,3000,98214.202991
11750,3000,98225.698548
12116,3000,98237.28696
11580,3000,98248.421469
12072,3000,98259.547378
11476,3000,98270.400564
11542,3000,98281.41564
11584,3000,98292.744076
11668,3000,98304.355915
11616,3000,98315.668244
11744,3000,98326.87152
11740,3000,98338.108987
12072,3000,98348.938207
11674,3000,98360.034276
11642,3000,98370.962142
11708,3000,98381.799078
12002,3000,98393.339687
11470,3000,98404.490224
11552,3000,98415.353442
11774,3000,98426.524976
11742,3000,98437.412316
11862,3000,98448.871416
11998,3000,98460.074246
11862,3000,98471.209898
11894,3000,98482.569381
12048,3000,98494.254494
11594,3000,98505.932184
11962,3000,98516.890984
11898,3000,98529.013092
12064,3000,98540.860024
11660,3000,98551.852904
11880,3000,98562.616522
11282,3000,98573.908965
12050,3000,98585.418619
11944,3000,98595.97371
11826,3000,98607.083607
11766,3000,98618.049295
11738,3000,98629.427544
11786,3000,98640.961679
11510,3000,98652.560551
11688,3000,98663.228341
12088,3000,98673.906329
11776,3000,98684.978181
11546,3000,98696.132131
11816,3000,98707.328363
12136,3000,98718.541505
11664,3000,98730.176044
12030,3000,98741.576468
11754,3000,98753.253013
11872,3000,98764.872963
11554,3000,98776.098819
12230,3000,98787.347953
11776,3000,98798.668201
11746,3000,98809.886768
11594,3000,98821.274481
11862,3000,98832.862585
11728,3000,98844.492674
12024,3000,98856.206605
11610,3000,98867.201278
11896,3000,98878.071695
12098,3000,98889.084341
12048,3000,98900.380565
11888,3000,98911.27743
11900,3000,98922.676786
11826,3000,98934.454814
11786,3000,98946.010061
11602,3000,98957.052402
11842,3000,98976.084824
11996,3000,98986.979328
11590,3000,98998.271803
11730,3000,99009.64932
11630,3000,99020.869222
11746,3000,99032.014548
11814,3000,99043.14887
11994,3000,99053.984078
11830,3000,99065.497704
11904,3000,99076.875001
11786,3000,99087.897495
12034,3000,99098.817596
11690,3000,99109.925524
11418,3000,99120.901033
11760,3000,99131.961526
11890,3000,99142.965346
12258,3000,99155.104245
11650,3000,99166.373593
12010,3000,99177.409178
11728,3000,99189.224792
11364,3000,99200.640745
12060,3000,99211.983223
11758,3000,99222.811546
11768,3000,99233.988399
11982,3000,99245.614232
11630,3000,99256.875408
11848,3000,99267.98141
12266,3000,99279.18087
11594,3000,99290.299056
11556,3000,99301.826651
11634,3000,99312.96053
11866,3000,99324.685859
11910,3000,99335.957666
11678,3000,99346.727576
12128,3000,99357.843638
11710,3000,99369.213029
11942,3000,99380.235566
11988,3000,99390.982254
11698,3000,99402.534257
11974,3000,99414.011637
11992,3000,99424.959336
11544,3000,99436.766137
11706,3000,99447.539183
11548,3000,99458.702487
11708,3000,99469.547077
11990,3000,99480.852885
11540,3000,99491.744753
11748,3000,99502.576792
12052,3000,99514.027555
11690,3000,99525.269152
11794,3000,99536.736286
11480,3000,99547.68521
11624,3000,99558.677364
12216,3000,99570.28548
11570,3000,99581.775732
11626,3000,99592.816315
11644,3000,99603.847427
11664,3000,99614.842026
12050,3000,99626.156101
11640,3000,99637.216079
12044,3000,99648.335816
11852,3000,99659.351901
11570,3000,99670.597792
11890,3000,99681.675622
11830,3000,99693.005575
11546,3000,99704.106673
11696,3000,99722.580402
11522,3000,99733.696267
11938,3000,99744.938647
11700,3000,99756.121801
11756,3000,99767.624484
11734,3000,99778.986954
11806,3000,99790.022302
11296,3000,99800.84651
12038,3000,99811.996005
12124,3000,99823.660231
12012,3000,99835.254325
11556,3000,99846.411379
12016,3000,99857.442882
11930,3000,99868.975169
11794,3000,99880.585382
11666,3000,99891.775382
11860,3000,99902.844026
11828,3000,99914.053479
11584,3000,99924.805925
11840,3000,99935.787366
11838,3000,99947.003243
11898,3000,99957.822714
11628,3000,99968.897232
11828,3000,99980.70267
12100,3000,99992.005941
11916,3000,100003.517034
11808,3000,100014.256116
12044,3000,100025.735885
11806,3000,100036.755677
11838,3000,100048.218932
11726,3000,100058.863566
11968,3000,100070.127897
11702,3000,100081.56946
11974,3000,100092.546154
11748,3000,100103.757022
11498,3000,100115.111121
11966,3000,100126.616687
11838,3000,100137.605751
11738,3000,100148.870426
11194,3000,100160.009718
11874,3000,100170.523386
11546,3000,100181.997389
11536,3000,100192.774902
12096,3000,100204.681306
11514,3000,100215.723321
11824,3000,100227.558576
11540,3000,100239.242993
11910,3000,100251.076544
11636,3000,100262.404963
12034,3000,100273.972622
11650,3000,100285.121537
12012,3000,100296.989237
11536,3000,100307.877158
11566,3000,100318.717363
11658,3000,100329.818739
11972,3000,100341.365753
12276,3000,100353.42782
12072,3000,100364.776394
11754,3000,100375.998072
11814,3000,100386.918261
11746,3000,100398.106736
11826,3000,100409.518816
11708,3000,100421.444818
11982,3000,100432.843255
11814,3000,100444.209268
11916,3000,100455.466261
11618,3000,100465.955266
11994,3000,100485.439626
11844,3000,100496.452093
12050,3000,100507.643837
11920,3000,100518.725714
11610,3000,100529.853838
11726,3000,100541.239294
11758,3000,100553.369653
11870,3000,100564.556226
11698,3000,100575.803343
12110,3000,100586.872624
11986,3000,100598.208531
11984,3000,100609.732382
11504,3000,100620.835299
11632,3000,100631.726029
11486,3000,100642.929712
11786,3000,100654.580191
11592,3000,100665.937182
11936,3000,100677.309958
11858,3000,100688.804255
11648,3000,100699.789053
11756,3000,100711.238609
11860,3000,100722.679229
11914,3000,100734.078225
11778,3000,100745.989405
11520,3000,100756.538955
11354,3000,100767.418628
11716,3000,100778.246832
12092,3000,100789.762309
11994,3000,100801.154331
12044,3000,100812.970385
11924,3000,100824.120219
12194,3000,100835.82218
11898,3000,100847.381213
11926,3000,100858.928002
12102,3000,100870.433913
12020,3000,100882.072345
11712,3000,100893.268808
11688,3000,100904.562795
11910,3000,100915.659943
11682,3000,100926.791161
11898,3000,100938.209614
11990,3000,100948.981202
11752,3000,100959.639352
11782,3000,100970.407295
11782,3000,100981.596076
11828,3000,100992.926156
11796,3000,101004.630215
11954,3000,101015.986481
11658,3000,101027.348489
11938,3000,101038.217082
11804,3000,101049.818622
12044,3000,101061.314336
11836,3000,101073.190738
11796,3000,101084.761702
11912,3000,101096.417291
11704,3000,101107.904614
11852,3000,101119.236551
11594,3000,101130.550773
11570,3000,101141.98479
11642,3000,101152.764881
11866,3000,101163.746273
11946,3000,101174.842523
12086,3000,101185.878556
11488,3000,101196.341013
11610,3000,101207.396877
12054,3000,101218.762995
12128,3000,101230.42553
11714,3000,101249.578468
11682,3000,101260.844376
11566,3000,101271.68313
11770,3000,101283.667918
11968,3000,101294.967664
11952,3000,101306.025578
11818,3000,101317.645864
11906,3000,101328.941832
11804,3000,101340.203001
12060,3000,101352.352639
12032,3000,101364.145093
11876,3000,101375.424789
11730,3000,101386.876637
11680,3000,101398.490736
12060,3000,101409.871638
11914,3000,101421.11575
12004,3000,101432.237546
12032,3000,101444.058028
11850,3000,101455.3569
11624,3000,101466.192245
12146,3000,101478.063116
11696,3000,101489.404726
11570,3000,101500.646054
11818,3000,101511.748
11862,3000,101522.802394
11598,3000,101533.813289
11740,3000,101545.066255
11708,3000,101556.509582
12006,3000,101568.069813
11874,3000,101578.846333
11878,3000,101589.995724
11844,3000,101601.16196
11944,3000,101612.655142
11676,3000,101623.967526
11910,3000,101635.166155
11516,3000,101646.313382
11698,3000,101657.648535
11922,3000,101668.614516
11880,3000,101679.707972
11644,3000,101690.776597
11916,3000,101701.656231
11762,3000,101713.112398
11704,3000,101725.122122
12150,3000,101736.710382
11794,3000,101748.955422
12114,3000,101760.607424
11920,3000,101772.46656
11716,3000,101783.525444
11846,3000,101794.442907
11744,3000,101805.112871
11908,3000,101815.442021
11602,3000,101826.135905
11702,3000,101836.455967
11906,3000,101847.464233
12014,3000,101858.119395
11836,3000,101868.581291
11724,3000,101878.891619
11806,3000,101889.612648
11682,3000,101900.060093
11506,3000,101910.24573
12048,3000,101921.097154
11708,3000,101931.703977
11754,3000,101942.175877
11610,3000,101953.035074
11898,3000,101963.469518
12014,3000,101974.368222
11556,3000,101992.20592
11784,3000,102002.434974
12102,3000,102013.616466
11778,3000,102023.938098
11800,3000,102034.669816
11858,3000,102045.547727
11956,3000,102056.133777
12044,3000,102067.49114
11784,3000,102078.076111
11688,3000,102088.975613
11868,3000,102099.667095
11628,3000,102110.644958
11564,3000,102121.09008
11480,3000,102131.431892
11924,3000,102142.45277
11764,3000,102153.487029
12012,3000,102164.797924
11732,3000,102175.476232
11904,3000,102186.069726
11534,3000,102196.91994
11830,3000,102207.637618
11758,3000,102218.693749
11606,3000,102229.365883
11680,3000,102239.940645
11740,3000,102250.964065
11478,3000,102261.552719
11864,3000,102272.238507
11592,3000,102283.418613
11822,3000,102293.965583
11692,3000,102304.318871
11532,3000,102315.092691
12018,3000,102325.971159
11760,3000,102336.014118
11516,3000,102345.979796
11904,3000,102356.630786
11916,3000,102366.857883
11788,3000,102377.349796
12008,3000,102387.778953
11736,3000,102398.088588
11554,3000,102408.293066
11552,3000,102418.875838
11450,3000,102429.242369
11702,3000,102439.788247
11502,3000,102450.417574
12184,3000,102460.692374
11642,3000,102470.892842
12012,3000,102482.460236
11666,3000,102492.596056
11842,3000,102503.162751
11808,3000,102513.426862
12198,3000,102524.279395
11886,3000,102535.397685
11550,3000,102545.978086
11662,3000,102556.590121
11434,3000,102566.929916
11660,3000,102577.504446
11842,3000,102588.052689
12142,3000,102598.486201
11684,3000,102609.329031
11528,3000,102619.667212
11724,3000,102630.447824
12028,3000,102641.006667
11960,3000,102651.665977
11782,3000,102662.191215
11724,3000,102672.877001
11908,3000,102683.537391
11630,3000,102694.030714
11792,3000,102712.636304
11854,3000,102723.346993
11866,3000,102733.675607
11638,3000,102744.204282
11860,3000,102754.634149
12026,3000,102765.968721
12166,3000,102776.47985
12080,3000,102787.451305
11854,3000,102798.044778
11868,3000,102809.162496
11762,3000,102819.941727
11954,3000,102830.246297
11826,3000,102840.847204
11380,3000,102851.152343
11826,3000,102861.953204
11644,3000,102872.491839
11784,3000,102883.324368
11602,3000,102894.097554
11960,3000,102904.478802
12218,3000,102914.923023
12058,3000,102925.954964
11490,3000,102936.630282
11782,3000,102947.303613
11908,3000,102958.160267
12086,3000,102968.799142
11680,3000,102978.938046
11320,3000,102989.155138
11714,3000,102999.426957
11686,3000,103009.738953
11516,3000,103020.57078
11820,3000,103031.292683
11454,3000,103042.253685
11660,3000,103052.944539
11816,3000,103064.222992
11986,3000,103074.742331
11742,3000,103084.853667
11846,3000,103095.744962
11878,3000,103106.298626
11852,3000,103117.306467
11796,3000,103128.125609
11946,3000,103138.69603
11750,3000,103149.371578
11796,3000,103160.164286
11956,3000,103171.264538
11720,3000,103181.675731
11682,3000,103192.283593
11388,3000,103203.094303
11750,3000,103213.277548
11616,3000,103223.519063
11714,3000,103233.601326
11838,3000,103243.991336
11844,3000,103254.893265
11822,3000,103265.36404
11966,3000,103275.720361
11966,3000,103286.58545
11866,3000,103297.330863
11530,3000,103307.808282
11458,3000,103318.047182
11754,3000,103328.304151
11924,3000,103339.395069
11606,3000,103350.13343
11734,3000,103360.963042
11770,3000,103372.118801
12072,3000,103382.547159
11692,3000,103392.995728
11888,3000,103403.578837
11442,3000,103414.231677
11672,3000,103432.061538
11930,3000,103443.078577
11918,3000,103453.790935
11702,3000,103464.361679
11780,3000,103474.916985
11872,3000,103485.302378
11434,3000,103495.942761
11966,3000,103506.434868
11348,3000,103516.709085
11620,3000,103527.862745
11792,3000,103538.5025
12118,3000,103549.672318
11888,3000,103560.299845
11746,3000,103570.736481
11932,3000,103581.445729
12086,3000,103592.99172
11638,3000,103603.615515
11734,3000,103614.499201
11808,3000,103625.571646
11866,3000,103637.015584
11900,3000,103647.821633
11836,3000,103658.760657
11758,3000,103669.652524
11788,3000,103680.446626
11670,3000,103691.322246
11772,3000,103701.501359
11914,3000,103711.381083
11660,3000,103721.975178
11850,3000,103732.407272
11878,3000,103743.092743
11976,3000,103753.791517
12222,3000,103764.652181
12238,3000,103775.630843
11684,3000,103785.606283
11918,3000,103796.51246
11742,3000,103807.357394
11922,3000,103818.089048
11712,3000,103828.768048
11906,3000,103839.239836
11572,3000,103849.337184
11938,3000,103860.133229
11738,3000,103870.882878
11924,3000,103881.508073
11972,3000,103892.235159
11790,3000,103903.100062
11774,3000,103913.763068
11750,3000,103924.14656
11546,3000,103934.183594
11938,3000,103945.194947
11842,3000,103955.889013
11806,3000,103966.552305
12010,3000,103977.298895
11892,3000,103987.899942
12160,3000,103998.827072
11788,3000,104009.43032
11542,3000,104019.842133
11822,3000,104030.571374
11964,3000,104041.455517
12000,3000,104052.63377
11956,3000,104064.058464
11916,3000,104074.795753
11740,3000,104085.366906
11564,3000,104095.242589
11764,3000,104105.668102
11620,3000,104116.457569
12088,3000,104126.945137
11876,3000,104145.240911
11944,3000,104155.571453
11908,3000,104166.72694
11950,3000,104177.244593
11916,3000,104188.745636
11954,3000,104199.729572
11984,3000,104210.482276
12152,3000,104221.576838
11730,3000,104232.514758
11836,3000,104243.495184
11748,3000,104254.051847
11674,3000,104264.482188
11808,3000,104274.201921
11880,3000,104284.638426
11542,3000,104295.099599
11832,3000,104305.788637
11620,3000,104316.445292
11516,3000,104327.30959
11538,3000,104338.043465
12092,3000,104348.923937
11832,3000,104359.835011
11180,3000,104370.415608
11546,3000,104381.055227
11980,3000,104391.685996
11830,3000,104402.377915
11772,3000,104412.905128
11800,3000,104423.672928
11816,3000,104434.149799
11820,3000,104444.903736
11772,3000,104455.740264
12208,3000,104466.14393
11912,3000,104476.495721
11684,3000,104486.772884
11622,3000,104497.45776
12098,3000,104508.199162
11890,3000,104519.22385
12180,3000,104530.226671
11792,3000,104540.516643
11430,3000,104551.120673
11862,3000,104561.269
12134,3000,104571.602662
11646,3000,104581.705855
11542,3000,104591.900534
11960,3000,104602.912893
11864,3000,104613.467039
11966,3000,104623.907032
11724,3000,104634.645845
11966,3000,104645.07036
11848,3000,104655.980014
11646,3000,104666.594482
12044,3000,104678.068913
11862,3000,104688.735505
11986,3000,104699.637819
12042,3000,104710.653438
11806,3000,104721.097728
11528,3000,104731.432516
11766,3000,104741.767094
11950,3000,104752.74072
11564,3000,104763.118871
11612,3000,104773.665956
11872,3000,104784.559842
11866,3000,104795.131881
11860,3000,104805.870024
11560,3000,104816.902066
12170,3000,104828.083221
11720,3000,104838.493236
11908,3000,104849.885698
11978,3000,104868.089957
11668,3000,104878.274132
11876,3000,104888.565281
11608,3000,104899.270118
11736,3000,104910.266407
11742,3000,104920.296396
11624,3000,104930.990371
11692,3000,104941.961561
11936,3000,104952.78698
11838,3000,104963.223655
11852,3000,104974.233514
11782,3000,104984.825696
11752,3000,104995.578772
11990,3000,105005.725949
11764,3000,105016.322969
11726,3000,105026.698614
11690,3000,105037.281123
11634,3000,105048.099217
11736,3000,105058.696663
11942,3000,105069.193749
11652,3000,105080.163545
11976,3000,105091.035245
11664,3000,105102.189322
11734,3000,105113.376833
11366,3000,105124.141593
12092,3000,105135.257195
11844,3000,105146.094514
11328,3000,105156.859813
11810,3000,105167.188279
11504,3000,105177.612246
11912,3000,105188.500171
11910,3000,105198.951779
11614,3000,105209.849023
11578,3000,105221.154919
11778,3000,105232.002034
11560,3000,105242.651965
11844,3000,105253.38606
12134,3000,105263.740303
11682,3000,105274.290952
11952,3000,105284.681618
11844,3000,105295.190382
11878,3000,105305.964288
11552,3000,105316.456865
11856,3000,105326.904455
11832,3000,105338.12471
11710,3000,105348.168631
11924,3000,105358.997383
11520,3000,105369.698259
11910,3000,105380.587389
11656,3000,105391.15166
11726,3000,105401.976868
12036,3000,105412.722859
11968,3000,105423.061836
11864,3000,105433.677343
11688,3000,105444.42473
11882,3000,105455.058035
11956,3000,105465.840729
11560,3000,105476.177244
12022,3000,105486.923989
11866,3000,105497.523623
11760,3000,105508.03943
11932,3000,105518.708462
11620,3000,105529.407179
11878,3000,105540.364175
11918,3000,105550.814457
11854,3000,105561.587801
11896,3000,105572.793134
11702,3000,105590.466692
11992,3000,105601.353918
11690,3000,105611.472988
11732,3000,105621.93696
11926,3000,105632.756672
11970,3000,105643.676334
11830,3000,105654.336118
11942,3000,105665.279596
12200,3000,105675.647318
11630,3000,105686.932569
11836,3000,105697.510276
11512,3000,105708.31198
11886,3000,105718.881616
11812,3000,105729.82889
11612,3000,105740.921604
11722,3000,105751.214162
11880,3000,105761.986864
11934,3000,105772.546284
11896,3000,105782.858643
11956,3000,105793.457304
11698,3000,105804.410357
11898,3000,105815.293377
12056,3000,105826.578425
11584,3000,105837.009492
11770,3000,105847.497138
12138,3000,105858.597189
11810,3000,105869.795256
11504,3000,105880.272367
11766,3000,105891.142908
12090,3000,105901.884062
12036,3000,105912.64551
11842,3000,105923.409608
11892,3000,105933.910391
11606,3000,105944.267733
11870,3000,105955.300049
12062,3000,105965.508543
12294,3000,105976.499958
11912,3000,105987.269346
11992,3000,105997.625638
11740,3000,106008.610899
12090,3000,106018.999002
11670,3000,106029.199941
12022,3000,106039.753209
11914,3000,106049.754876
11940,3000,106060.199666
12112,3000,106071.066334
11740,3000,106081.60245
11778,3000,106091.735281
11936,3000,106102.542344
11836,3000,106113.26155
11732,3000,106123.356514
11694,3000,106134.072087
11766,3000,106144.164597
11632,3000,106154.792079
11790,3000,106165.561516
11716,3000,106176.059715
11592,3000,106186.646503
12022,3000,106197.291231
11868,3000,106208.103771
11702,3000,106218.850075
11476,3000,106229.731561
11412,3000,106240.043683
12114,3000,106250.889804
11804,3000,106261.295837
11958,3000,106271.501911
11808,3000,106281.626064
12032,3000,106299.468609
11916,3000,106309.994016
11534,3000,106320.649047
12120,3000,106331.132475
11898,3000,106341.756989
11944,3000,106352.005128
12072,3000,106362.563013
11576,3000,106373.46616
11984,3000,106384.098858
11938,3000,106394.76111
11838,3000,106405.661473
12144,3000,106416.209194
11778,3000,106426.998352
11624,3000,106437.372321
11888,3000,106448.4682
11638,3000,106458.997441
11318,3000,106469.462756
11684,3000,106479.539988
11564,3000,106490.25495
11926,3000,106500.826107
11884,3000,106511.089838
11906,3000,106520.530638
11842,3000,106530.844435
11880,3000,106540.760891
11642,3000,106550.510313
12130,3000,106560.423249
11818,3000,106569.880328
11588,3000,106579.953593
11270,3000,106590.184864
11824,3000,106600.224235
11798,3000,106609.95152
11928,3000,106619.999922
11332,3000,106629.389698
11362,3000,106639.871701
11666,3000,106650.131312
11754,3000,106659.839435
11986,3000,106669.969095
12042,3000,106679.844085
11458,3000,106689.743601
12028,3000,106699.694272
11776,3000,106709.479782
12068,3000,106719.567305
11760,3000,106729.828692
11858,3000,106739.71843
11572,3000,106749.935451
11762,3000,106760.11624
11830,3000,106770.015083
11982,3000,106779.577652
11816,3000,106788.961052
11804,3000,106799.38515
11898,3000,106809.287459
12060,3000,106819.599145
11544,3000,106829.359252
11844,3000,106839.836223
12118,3000,106849.70844
11744,3000,106859.681159
11924,3000,106869.915323
11924,3000,106879.974058
11828,3000,106889.817224
11806,3000,106899.241107
12002,3000,106909.126649
11948,3000,106919.030084
11682,3000,106929.543755
12018,3000,106939.901268
11726,3000,106950.002742
11870,3000,106959.97218
11648,3000,106969.57469
11834,3000,106986.186487
11986,3000,106996.28437
12022,3000,107006.453063
11806,3000,107016.289568
11878,3000,107026.402248
11506,3000,107036.61693
12020,3000,107046.52774
11958,3000,107056.633273
11516,3000,107066.61476
11350,3000,107076.438061
11428,3000,107086.117883
11872,3000,107096.391819
11700,3000,107106.200378
11622,3000,107115.925553
11396,3000,107125.613997
11798,3000,107135.69377
11870,3000,107145.716213
12108,3000,107155.987188
11664,3000,107166.285639
11654,3000,107175.69713
12052,3000,107185.466189
11816,3000,107195.23748
11600,3000,107204.843414
11612,3000,107214.810924
11992,3000,107224.607396
11762,3000,107234.813045
11780,3000,107244.91363
11922,3000,107254.441141
11918,3000,107264.467937
11754,3000,107274.695923
11532,3000,107284.931459
11662,3000,107294.760671
11794,3000,107304.566881
11802,3000,107314.509284
11786,3000,107324.425278
11918,3000,107334.221854
11600,3000,107344.252492
11538,3000,107354.159871
11504,3000,107363.624523
11744,3000,107373.350866
11910,3000,107383.414178
12158,3000,107393.333514
11784,3000,107403.117207
11492,3000,107413.447121
11986,3000,107423.529378
11700,3000,107433.117028
11940,3000,107443.099993
11822,3000,107453.306566
11684,3000,107463.703005
11606,3000,107474.176826
11958,3000,107484.69285
11740,3000,107494.752584
11900,3000,107504.649114
11856,3000,107514.830244
11784,3000,107524.935261
11468,3000,107534.844774
12146,3000,107545.046651
11700,3000,107555.153336
11646,3000,107565.015229
11544,3000,107574.920094
11484,3000,107584.923493
11974,3000,107595.102033
12082,3000,107605.425848
11742,3000,107615.092994
11950,3000,107624.854541
11954,3000,107634.791818
12090,3000,107644.878696
11888,3000,107661.232877
11802,3000,107671.154688
11516,3000,107681.218521
11922,3000,107691.519984
11906,3000,107701.922294
12086,3000,107712.089175
11506,3000,107722.179535
11714,3000,107731.641619
11512,3000,107741.673239
11938,3000,107751.919405
11916,3000,107762.183474
11754,3000,107771.919094
11728,3000,107781.723047
11640,3000,107791.664011
11968,3000,107801.653515
11922,3000,107811.210538
11748,3000,107821.446416
11874,3000,107831.219731
11862,3000,107840.975567
11712,3000,107851.001153
11996,3000,107861.258763
11380,3000,107871.260335
11754,3000,107880.648079
11938,3000,107890.273963
11676,3000,107899.983587
11808,3000,107909.886245
11772,3000,107919.974165
12070,3000,107930.175205
11934,3000,107940.070508
11802,3000,107950.274954
11980,3000,107959.76258
11644,3000,107969.735786
12048,3000,107979.459544
11940,3000,107989.565401
11770,3000,107999.823557
11942,3000,108009.17977
12328,3000,108018.963728
11968,3000,108028.772952
11698,3000,108038.203178
11668,3000,108048.178422
12174,3000,108058.16189
11748,3000,108068.090977
11912,3000,108078.178024
11968,3000,108088.163558
12126,3000,108098.825339
12064,3000,108108.873872
11590,3000,108118.541502
12102,3000,108128.535945
11412,3000,108138.127923
11520,3000,108147.845127
11400,3000,108158.0031
12068,3000,108168.030561
11662,3000,108177.831711
11630,3000,108187.8403
11772,3000,108198.411295
11818,3000,108208.595961
11582,3000,108217.844919
11604,3000,108227.857826
12046,3000,108238.121654
11760,3000,108248.029311
11880,3000,108258.418838
11724,3000,108268.631326
11784,3000,108278.182019
11842,3000,108288.035671
11868,3000,108298.338915
11950,3000,108308.737671
11570,3000,108325.254825
11968,3000,108335.190447
11912,3000,108345.669911
11700,3000,108355.75684
11794,3000,108365.448992
11946,3000,108375.384444
11726,3000,108384.905011
11506,3000,108394.766464
11816,3000,108404.873246
12076,3000,108415.229287
11896,3000,108425.315132
11988,3000,108435.052584
11936,3000,108444.879769
12138,3000,108455.28481
11738,3000,108465.088308
11918,3000,108475.197469
11998,3000,108484.702211
11950,3000,108494.652624
11852,3000,108504.766437
12044,3000,108514.376982
11760,3000,108524.22347
11974,3000,108534.262788
11812,3000,108544.254808
11926,3000,108554.499382
12274,3000,108564.111855
11770,3000,108573.907763
12122,3000,108583.69286
11646,3000,108593.636837
11802,3000,108603.395933
12212,3000,108613.491827
12340,3000,108623.266881
11504,3000,108633.442188
12104,3000,108643.641729
12066,3000,108653.945414
11632,3000,108663.75572
11726,3000,108674.046623
11806,3000,108684.073993
11518,3000,108694.315387
11580,3000,108704.028318
11520,3000,108714.263718
11744,3000,108724.071307
11698,3000,108734.106522
11762,3000,108744.308698
11710,3000,108754.370299
11844,3000,108764.646096
11766,3000,108774.288388
11524,3000,108783.87921
11900,3000,108793.862072
11580,3000,108803.48106
12018,3000,108813.474982
11778,3000,108823.500782
11632,3000,108833.618125
11732,3000,108843.90255
11882,3000,108854.389545
12096,3000,108865.273057
11890,3000,108875.278417
11616,3000,108885.695475
11902,3000,108895.395648
11968,3000,108905.586637
11788,3000,108915.741217
11634,3000,108925.528515
11996,3000,108936.286959
11922,3000,108945.911679
11792,3000,108955.795948
11862,3000,108965.815417
11170,3000,108975.422166
12170,3000,108985.66871
11902,3000,109002.662538
11518,3000,109012.183661
11718,3000,109021.993567
11754,3000,109032.302534
11734,3000,109042.848271
11706,3000,109052.880776
11712,3000,109062.723364
11960,3000,109072.502234
11972,3000,109082.28516
11938,3000,109091.893696
11990,3000,109102.038615
11948,3000,109112.018095
11716,3000,109121.797469
11812,3000,109131.634823
11696,3000,109141.310305
11980,3000,109151.335667
11650,3000,109161.388192
11468,3000,109171.081705
11938,3000,109181.416965
11648,3000,109191.060757
11664,3000,109200.949069
11870,3000,109211.05145
11624,3000,109221.180492
11742,3000,109231.155615
12148,3000,109241.506088
12206,3000,109251.384188
12070,3000,109261.600403
11778,3000,109271.053308
11756,3000,109280.625236
11712,3000,109290.558069
11912,3000,109301.139576
11854,3000,109311.4144
11582,3000,109321.717185
11852,3000,109331.632997
11678,3000,109341.70312
11640,3000,109351.163157
11962,3000,109361.10899
12076,3000,109371.206432
11852,3000,109381.568067
11754,3000,109391.647641
11758,3000,109401.641592
12064,3000,109411.593885
11762,3000,109421.298378
12052,3000,109431.525688
11794,3000,109442.396644
11436,3000,109452.49704
12120,3000,109463.145696
11654,3000,109473.309271
11870,3000,109483.253309
12100,3000,109493.6365
11700,3000,109503.364849
12132,3000,109513.396226
11918,3000,109523.303864
11758,3000,109533.272471
11518,3000,109543.032251
11874,3000,109552.568009
12248,3000,109562.451329
11832,3000,109572.235208
11820,3000,109582.297899
12132,3000,109592.377635
11950,3000,109602.233205
11852,3000,109612.182663
11746,3000,109621.849749
11744,3000,109631.465992
11892,3000,109641.803177
11972,3000,109651.560634
11784,3000,109661.260546
11624,3000,109678.361068
11918,3000,109688.541905
11860,3000,109698.478314
11468,3000,109708.185545
12124,3000,109718.347204
11808,3000,109728.413611
11666,3000,109738.612311
12044,3000,109748.602665
11604,3000,109758.530096
11982,3000,109768.855657
11720,3000,109778.95036
11966,3000,109789.344721
11798,3000,109799.635536
11552,3000,109809.574449
12014,3000,109819.475267
11942,3000,109829.70282
11558,3000,109840.126221
11874,3000,109850.526531
12048,3000,109860.617855
11828,3000,109870.331333
11612,3000,109880.434406
11790,3000,109890.574752
11682,3000,109900.425162
11938,3000,109910.56065
11822,3000,109920.4661
11842,3000,109930.791148
11974,3000,109941.054466
11844,3000,109951.097926
11784,3000,109960.927342
11918,3000,109971.181022
11554,3000,109981.130655
11952,3000,109991.42553
11816,3000,110001.236493
11964,3000,110010.785694
12048,3000,110020.363255
11622,3000,110030.155771
11804,3000,110039.929184
11718,3000,110049.553139
11714,3000,110059.177434
11944,3000,110069.055598
11814,3000,110079.026894
11860,3000,110088.847272
11782,3000,110099.035376
11874,3000,110108.98619
11760,3000,110118.935677
11796,3000,110128.582594
11990,3000,110138.57291
11724,3000,110148.622771
11870,3000,110158.686735
11636,3000,110168.536455
11542,3000,110179.042143
11734,3000,110188.769818
11906,3000,110198.744519
12188,3000,110208.48288
12040,3000,110218.836371
11876,3000,110228.759678
11884,3000,110238.998374
11808,3000,110249.124192
11952,3000,110258.802171
12032,3000,110268.882437
11878,3000,110278.557877
11618,3000,110288.446948
12130,3000,110299.197562
12160,3000,110309.014526
12240,3000,110318.848071
12012,3000,110328.602551
11556,3000,110345.158476
11858,3000,110355.417713
12074,3000,110365.114622
11890,3000,110374.94894
11604,3000,110385.19279
11842,3000,110394.921256
11616,3000,110404.798182
12162,3000,110414.81204
11994,3000,110425.073245
11808,3000,110435.211868
11844,3000,110445.101061
12118,3000,110454.979712
11662,3000,110465.067179
11628,3000,110474.985987
11800,3000,110485.281328
11710,3000,110495.510521
11856,3000,110505.436421
11860,3000,110514.96512
11866,3000,110524.910334
11298,3000,110534.659463
11844,3000,110544.563805
12152,3000,110554.391621
11942,3000,110564.980425
11798,3000,110574.915911
11716,3000,110585.150158
11824,3000,110595.129491
11718,3000,110605.427858
12018,3000,110615.049993
11886,3000,110625.03148
11800,3000,110634.949598
11204,3000,110644.921342
11886,3000,110655.196332
12000,3000,110665.425936
11944,3000,110675.603163
11888,3000,110685.037286
11798,3000,110695.006427
11724,3000,110705.150967
11854,3000,110715.356874
12124,3000,110725.680702
11976,3000,110735.774388
11898,3000,110745.591311
11776,3000,110755.319107
11476,3000,110765.210252
11988,3000,110774.973042
11806,3000,110784.695443
11694,3000,110794.583642
11842,3000,110804.744329
11906,3000,110814.175556
11700,3000,110824.442549
11524,3000,110834.037968
11974,3000,110844.186394
11768,3000,110854.391094
11952,3000,110864.559069
12000,3000,110874.255974
11582,3000,110884.008478
11878,3000,110893.651692
11968,3000,110903.633791
12174,3000,110913.856463
11654,3000,110923.806499
12060,3000,110933.89058
11718,3000,110944.016232
12184,3000,110954.121481
11770,3000,110964.444582
11734,3000,110973.816195
11860,3000,110983.764761
11826,3000,110993.527165
11946,3000,111003.206261
12032,3000,111020.580092
12044,3000,111030.382836
11746,3000,111039.939136
11898,3000,111049.872577
11824,3000,111059.967221
11638,3000,111069.853806
12180,3000,111080.518352
12084,3000,111090.218974
12018,3000,111100.32475
11966,3000,111110.48978
12056,3000,111120.452239
11680,3000,111130.0316
11818,3000,111139.999213
11616,3000,111149.657388
11732,3000,111159.888209
11794,3000,111169.972583
11984,3000,111180.055296
11590,3000,111189.70705
11702,3000,111199.898318
11990,3000,111209.881564
11810,3000,111219.571599
11722,3000,111229.324972
11986,3000,111239.974431
11760,3000,111249.519262
11880,3000,111259.064569
11634,3000,111268.687942
11664,3000,111278.41612
12220,3000,111288.852411
12010,3000,111299.298769
11714,3000,111309.249146
11706,3000,111319.380397
12010,3000,111329.128429
11870,3000,111339.134826
11780,3000,111349.081211
12310,3000,111358.882551
11772,3000,111369.085719
11886,3000,111379.061286
12068,3000,111388.903415
11456,3000,111398.151188
11590,3000,111408.157774
11552,3000,111417.816806
11674,3000,111427.436534
11882,3000,111437.184585
11912,3000,111447.35834
11806,3000,111458.021653
11588,3000,111467.893708
11914,3000,111478.080222
11936,3000,111488.465438
11728,3000,111498.345416
11672,3000,111508.18609
11912,3000,111518.112005
11908,3000,111528.624006
11704,3000,111538.26173
11778,3000,111548.103131
11748,3000,111557.828159
11682,3000,111567.530342
11804,3000,111577.529146
11904,3000,111587.228183
11718,3000,111596.721302
11786,3000,111607.017563
12076,3000,111616.970272
11974,3000,111627.163417
11712,3000,111636.805972
11820,3000,111646.28496
11722,3000,111655.82077
11584,3000,111665.461296
11800,3000,111675.482021
11810,3000,111692.167807
11786,3000,111701.828838
11716,3000,111711.87767
11534,3000,111721.16159
11692,3000,111730.901461
11438,3000,111740.317159
11912,3000,111749.974008
12148,3000,111759.210929
11826,3000,111768.107118
11646,3000,111777.806554
11738,3000,111786.981635
11750,3000,111796.334193
11480,3000,111805.394433
11616,3000,111814.477272
11950,3000,111824.15793
11890,3000,111833.185247
11850,3000,111842.042079
11894,3000,111851.284383
11980,3000,111860.110471
11802,3000,111869.437984
11776,3000,111878.200096
11512,3000,111887.744565
12090,3000,111897.442379
11596,3000,111906.3016
11744,3000,111915.263039
12032,3000,111924.789131
11552,3000,111933.333317
11954,3000,111942.030309
11716,3000,111951.337142
11570,3000,111960.170502
11550,3000,111968.949815
11674,3000,111977.714414
11882,3000,111987.231745
11752,3000,111995.843676
11706,3000,112004.35806
11848,3000,112013.160728
11474,3000,112022.383649
12254,3000,112030.891204
11774,3000,112039.624468
11642,3000,112048.626098
11882,3000,112058.348324
11782,3000,112066.54459
11812,3000,112075.473606
11942,3000,112084.622808
12190,3000,112094.051908
11838,3000,112103.558623
11518,3000,112112.797337
11712,3000,112121.833158
11554,3000,112131.003129
12040,3000,112140.508636
11964,3000,112149.545447
11738,3000,112158.620275
11834,3000,112167.660009
12070,3000,112176.729984
12044,3000,112186.320827
12236,3000,112195.622969
11370,3000,112204.525496
11854,3000,112213.693565
12102,3000,112222.775959
11536,3000,112231.807589
12438,3000,112240.431367
11778,3000,112249.769064
11784,3000,112258.344831
11574,3000,112267.157094
11786,3000,112276.104091
12276,3000,112284.877584
11958,3000,112300.598747
11568,3000,112309.575084
11786,3000,112318.109341
11666,3000,112326.859014
11556,3000,112336.103374
11380,3000,112344.966273
11814,3000,112353.906599
11820,3000,112362.755683
11824,3000,112371.705329
11868,3000,112381.043646
12002,3000,112390.42417
11780,3000,112399.546726
11834,3000,112408.81698
11716,3000,112417.408092
11786,3000,112426.376164
11536,3000,112435.3343
11634,3000,112444.331763
12166,3000,112453.411216
11886,3000,112462.619197
12034,3000,112471.738407
11912,3000,112480.698233
11780,3000,112489.511042
11544,3000,112498.838288
11754,3000,112507.915651
11702,3000,112516.905877
11880,3000,112526.175946
11864,3000,112535.0749
11650,3000,112543.741931
11574,3000,112552.758076
11798,3000,112562.030693
11762,3000,112571.284972
11846,3000,112580.254228
12078,3000,112589.542565
11836,3000,112599.085696
12032,3000,112608.733088
11798,3000,112617.501198
11878,3000,112626.377111
11762,3000,112635.291477
11952,3000,112644.212991
12306,3000,112653.449874
12066,3000,112662.253971
11604,3000,112671.181306
11946,3000,112679.990251
11576,3000,112688.992345
11844,3000,112698.108228
12104,3000,112707.460057
11694,3000,112716.755346
11852,3000,112725.968168
11890,3000,112735.13807
11412,3000,112743.955395
11838,3000,112752.47755
11736,3000,112761.698277
11626,3000,112770.179675
11612,3000,112779.467528
11614,3000,112788.663539
12222,3000,112798.134852
12030,3000,112807.601714
11494,3000,112816.523684
12176,3000,112825.944646
11950,3000,112835.235768
11788,3000,112844.220857
11832,3000,112853.22439
11712,3000,112862.673823
12008,3000,112872.039986
11988,3000,112881.194326
11826,3000,112890.258857
11820,3000,112899.39028
11706,3000,112914.7672
11890,3000,112923.66505
11686,3000,112932.634845
11744,3000,112941.33541
12130,3000,112950.851873
11462,3000,112960.19242
12148,3000,112969.751079
12186,3000,112979.016826
11292,3000,112987.802082
11868,3000,112996.66416
11834,3000,113005.873037
11938,3000,113015.163543
11620,3000,113024.044209
11912,3000,113032.788721
11806,3000,113041.670293
12152,3000,113050.772892
11586,3000,113059.681101
11614,3000,113068.856371
12170,3000,113077.793955
11924,3000,113086.952902
11810,3000,113096.174358
11928,3000,113104.816061
11982,3000,113113.999935
11526,3000,113122.841807
11742,3000,113131.827492
11966,3000,113140.825777
12194,3000,113150.044291
11642,3000,113158.620713
11728,3000,113167.347677
11620,3000,113176.098653
12068,3000,113184.940309
12004,3000,113194.2213
11716,3000,113203.222089
11454,3000,113212.55814
11638,3000,113221.774418
11680,3000,113230.730929
12110,3000,113239.75976
11984,3000,113249.118406
11840,3000,113258.02777
11654,3000,113267.485265
11994,3000,113276.667357
11580,3000,113285.94056
11904,3000,113294.616163
11716,3000,113303.307048
12154,3000,113312.395414
11608,3000,113321.800747
12020,3000,113330.348422
11392,3000,113339.102323
11728,3000,113348.109867
11740,3000,113357.113165
11762,3000,113366.306182
12060,3000,113375.467256
11966,3000,113384.789499
11814,3000,113393.857133
11672,3000,113402.770572
11600,3000,113412.062065
11874,3000,113421.151318
11558,3000,113429.871719
11536,3000,113439.224691
11562,3000,113448.097691
11798,3000,113457.556152
11464,3000,113466.45235
12096,3000,113475.93923
11590,3000,113485.021111
12090,3000,113494.168226
11432,3000,113502.755394
11738,3000,113512.050269
11618,3000,113527.498963
12166,3000,113536.884339
11840,3000,113546.106832
11608,3000,113555.700117
11984,3000,113565.244802
11884,3000,113574.715036
11604,3000,113583.901416
11754,3000,113592.804297
11796,3000,113601.798234
11918,3000,113610.839303
11712,3000,113619.887949
12092,3000,113629.211324
11718,3000,113637.798132
12018,3000,113647.298844
11908,3000,113656.30682
11638,3000,113665.011959
11830,3000,113674.437601
11946,3000,113683.320962
11652,3000,113692.427571
12342,3000,113701.139315
12076,3000,113710.60933
12048,3000,113719.80247
11724,3000,113728.907569
11600,3000,113737.558682
11778,3000,113746.375774
11788,3000,113755.854265
11800,3000,113764.836826
12368,3000,113774.043159
11644,3000,113782.642612
11892,3000,113791.215565
12002,3000,113800.653847
11626,3000,113810.247419
11906,3000,113818.918857
11744,3000,113828.076234
11984,3000,113837.017087
11614,3000,113846.735911
11658,3000,113855.930486
11600,3000,113864.622595
11632,3000,113874.125903
11492,3000,113883.182192
12060,3000,113892.661569
11700,3000,113901.669479
11546,3000,113910.778735
11830,3000,113919.95103
11942,3000,113929.047762
12160,3000,113938.36094
11758,3000,113947.614114
11672,3000,113956.503276
11626,3000,113965.268888
11738,3000,113974.68138
11720,3000,113983.581651
12004,3000,113992.750888
12012,3000,114001.604291
11782,3000,114010.896285
11680,3000,114020.372743
11690,3000,114029.264192
11644,3000,114038.055652
11696,3000,114047.14825
11794,3000,114056.297535
12042,3000,114064.976195
11866,3000,114073.837388
11712,3000,114083.096246
12016,3000,114092.26202
11444,3000,114101.421374
11616,3000,114110.425161
12056,3000,114119.56089
11990,3000,114135.428742
11950,3000,114144.099168
11816,3000,114153.236595
11552,3000,114162.160362
11558,3000,114171.279615
11812,3000,114180.116238
11862,3000,114188.845745
11900,3000,114197.536165
11898,3000,114206.64385
11904,3000,114215.564767
11570,3000,114224.973555
12208,3000,114234.560447
11696,3000,114243.298517
11652,3000,114252.309498
11682,3000,114261.343765
11868,3000,114270.916406
11826,3000,114279.911381
11662,3000,114289.060213
11684,3000,114298.194533
11784,3000,114307.201168
11918,3000,114315.838213
11704,3000,114324.709858
11708,3000,114333.525537
11994,3000,114342.321078
11754,3000,114351.358734
11752,3000,114360.647314
11606,3000,114369.666046
11540,3000,114378.635663
11650,3000,114387.431965
11650,3000,114396.860087
11784,3000,114405.817549
11434,3000,114414.69627
11892,3000,114423.847169
12072,3000,114433.227053
11530,3000,114442.459258
11622,3000,114451.432848
11664,3000,114460.303375
11564,3000,114469.675622
11830,3000,114479.103674
11800,3000,114488.301344
11546,3000,114497.139843
11964,3000,114506.687709
12004,3000,114515.638738
11860,3000,114524.779887
11896,3000,114533.953908
11950,3000,114543.448114
11658,3000,114552.433256
11786,3000,114561.581108
11706,3000,114570.475744
11750,3000,114579.680327
11566,3000,114588.404209
11982,3000,114597.596084
12048,3000,114606.890643
11924,3000,114615.689685
11978,3000,114625.36576
12006,3000,114633.973204
11560,3000,114642.64555
11564,3000,114651.664334
11986,3000,114660.950848
11978,3000,114670.452446
11730,3000,114679.532554
11920,3000,114688.269758
11762,3000,114697.394823
11900,3000,114706.759133
11740,3000,114716.278102
11750,3000,114725.569052
11510,3000,114734.723479
11650,3000,114750.010486
11772,3000,114759.09944
11734,3000,114767.786982
11742,3000,114777.020889
11802,3000,114786.023225
11800,3000,114794.853848
11738,3000,114803.634579
11886,3000,114812.850854
11440,3000,114822.035303
11978,3000,114831.581941
11736,3000,114840.519746
11492,3000,114849.517238
11752,3000,114858.522376
11874,3000,114867.097321
11722,3000,114876.054481
11810,3000,114885.302101
11500,3000,114894.154182
12286,3000,114903.486582
11722,3000,114912.284101
11664,3000,114920.795192
11840,3000,114929.875688
11554,3000,114938.997074
11668,3000,114948.153618
11722,3000,114956.870528
11932,3000,114965.863546
11884,3000,114975.364304
11610,3000,114984.36583
11944,3000,114993.253223
11744,3000,115002.221187
11494,3000,115011.561853
11666,3000,115020.432924
11656,3000,115029.210769
11634,3000,115037.419152
11782,3000,115046.746579
12200,3000,115056.026509
11636,3000,115064.87893
12238,3000,115074.131746
11788,3000,115083.578995
11740,3000,115092.438789
11810,3000,115101.579225
11888,3000,115110.604711
11864,3000,115120.47017
11864,3000,115129.782291
11790,3000,115139.068353
11368,3000,115148.079992
11918,3000,115157.391876
11900,3000,115166.683
11814,3000,115175.743319
12100,3000,115184.854822
11620,3000,115194.078498
12060,3000,115203.36427
11856,3000,115212.476531
11956,3000,115221.513404
12140,3000,115230.931194
12126,3000,115240.103895
11288,3000,115249.231585
12068,3000,115257.854515
11864,3000,115266.569177
11816,3000,115276.004999
11718,3000,115285.102779
11758,3000,115294.286408
11978,3000,115303.646161
11778,3000,115313.039965
11812,3000,115322.533263
11586,3000,115331.699528
11794,3000,115340.408821
11886,3000,115349.379833
11600,3000,115364.705515
11744,3000,115373.762599
11948,3000,115382.726739
11662,3000,115391.57674
11654,3000,115400.262395
11760,3000,115409.237941
11714,3000,115418.622382
11606,3000,115427.909271
11784,3000,115437.05195
11676,3000,115446.040553
11938,3000,115455.062332
12096,3000,115464.628907
11836,3000,115474.069709
12034,3000,115483.09517
11836,3000,115491.897189
11600,3000,115500.97522
11800,3000,115510.21122
12052,3000,115519.487368
11580,3000,115528.648888
11718,3000,115537.68584
11846,3000,115546.623317
11854,3000,115555.977793
11840,3000,115564.632546
11598,3000,115573.537168
12208,3000,115582.604196
11918,3000,115591.34512
12022,3000,115600.433441
11892,3000,115609.510055
12264,3000,115618.582823
11574,3000,115627.636928
11592,3000,115636.293636
11904,3000,115645.422956
11590,3000,115654.054632
11590,3000,115662.887968
11790,3000,115672.050158
11960,3000,115681.068407
11610,3000,115690.010162
11708,3000,115699.050286
11964,3000,115708.631323
11512,3000,115717.526324
11674,3000,115726.492951
11924,3000,115735.377498
11866,3000,115744.778151
11754,3000,115753.671072
11828,3000,115763.18369
11922,3000,115772.238173
11570,3000,115781.717782
11460,3000,115790.769141
11916,3000,115799.636495
12072,3000,115808.788299
11966,3000,115817.458065
11394,3000,115826.655131
11962,3000,115835.965426
11846,3000,115845.024184
11952,3000,115853.948184
11746,3000,115862.627789
11698,3000,115871.788492
12008,3000,115881.03
11574,3000,115889.887345
11798,3000,115899.232062
11970,3000,115908.835859
11978,3000,115917.827446
11842,3000,115926.113185
11842,3000,115935.267909
11784,3000,115944.261318
11886,3000,115953.565368
11694,3000,115968.976077
12058,3000,115978.276347
11832,3000,115987.665889
11466,3000,115996.229351
11924,3000,116005.478946
11698,3000,116014.595021
12278,3000,116024.350008
11742,3000,116033.028642
11816,3000,116041.651193
12226,3000,116050.83014
11630,3000,116059.414102
11842,3000,116068.730715
11568,3000,116077.63644
11864,3000,116086.746339
11828,3000,116095.860962
11864,3000,116104.807431
12124,3000,116113.679075
11588,3000,116122.942305
11932,3000,116132.613844
11882,3000,116141.226985
11662,3000,116149.772978
11900,3000,116158.910093
11352,3000,116167.869973
11980,3000,116177.146126
12052,3000,116186.419752
11690,3000,116195.388737
11928,3000,116204.098517
11780,3000,116213.288936
11756,3000,116222.124703
12188,3000,116231.02648
11358,3000,116239.884937
11868,3000,116248.981004
12008,3000,116258.818532
12152,3000,116268.149763
11724,3000,116277.746521
11634,3000,116286.559796
11454,3000,116295.353262
12052,3000,116304.614324
11832,3000,116313.421508
11966,3000,116322.409112
11886,3000,116331.373121
11572,3000,116340.281326
11450,3000,116349.213661
11870,3000,116358.391313
11708,3000,116367.525471
12036,3000,116376.746967
11916,3000,116386.068322
11944,3000,116394.998066
11974,3000,116404.001882
11788,3000,116412.773781
11670,3000,116421.98933
11516,3000,116430.781529
11864,3000,116439.740687
11376,3000,116448.769563
11562,3000,116457.541655
12050,3000,116467.100822
11574,3000,116476.636497
11582,3000,116485.717786
12248,3000,116495.141154
11890,3000,116504.16514
11564,3000,116513.398697
11792,3000,116522.421293
11828,3000,116531.331733
12042,3000,116540.742492
12164,3000,116549.82777
12014,3000,116559.144002
11870,3000,116568.278911
11818,3000,116583.487628
11932,3000,116592.182198
11888,3000,116601.23054
11798,3000,116610.231777
11886,3000,116619.475489
12214,3000,116628.491381
11774,3000,116637.376205
11818,3000,116646.3866
12176,3000,116655.802385
11436,3000,116664.925262
11582,3000,116673.787349
11874,3000,116682.5379
11632,3000,116691.31467
11640,3000,116700.086742
11864,3000,116708.935727
11414,3000,116717.664623
11522,3000,116726.306496
12066,3000,116736.109789
11638,3000,116745.541336
11810,3000,116754.591461
12000,3000,116764.037136
11642,3000,116773.093071
11942,3000,116781.884887
11296,3000,116790.387792
11988,3000,116799.457879
11910,3000,116808.550243
12108,3000,116818.161332
11958,3000,116827.617584
11982,3000,116837.093294
11600,3000,116845.803226
11778,3000,116854.71883
11868,3000,116863.454101
11990,3000,116872.890813
11556,3000,116881.863999
12066,3000,116891.037183
11874,3000,116900.091126
11990,3000,116908.426117
11746,3000,116917.2347
11706,3000,116926.038201
11926,3000,116935.204741
12232,3000,116943.988635
11670,3000,116953.295278
11686,3000,116962.863614
11658,3000,116971.689668
11788,3000,116980.56356
11662,3000,116989.864847
11958,3000,116998.977169
12250,3000,117008.179505
12026,3000,117017.07654
11732,3000,117025.905934
11522,3000,117035.187579
11556,3000,117043.814112
11518,3000,117052.686755
12022,3000,117061.8985
12120,3000,117070.96919
11972,3000,117080.078223
11720,3000,117089.139153
11438,3000,117097.811403
11638,3000,117106.734578
11322,3000,117115.949974
11828,3000,117125.353603
12058,3000,117134.416867
11818,3000,117143.407507
11900,3000,117152.035131
11832,3000,117161.225539
12210,3000,117169.952551
11920,3000,117179.203616
11780,3000,117194.481976
11934,3000,117203.197
12008,3000,117212.086195
11820,3000,117221.381407
11758,3000,117230.533814
11870,3000,117239.682233
11814,3000,117248.670177
11834,3000,117257.398299
11922,3000,117266.701232
11922,3000,117275.959137
11726,3000,117285.352959
11854,3000,117294.852865
11642,3000,117304.036832
11550,3000,117312.477587
11732,3000,117321.669526
11842,3000,117330.751878
11942,3000,117339.916064
12036,3000,117349.105911
11420,3000,117358.086679
11816,3000,117367.34613
11938,3000,117376.764002
11720,3000,117385.396309
11876,3000,117394.297275
11848,3000,117403.54309
11870,3000,117412.923728
11540,3000,117421.870325
11722,3000,117430.590521
11746,3000,117439.528278
11824,3000,117448.609279
11914,3000,117457.739396
12184,3000,117467.136661
11876,3000,117476.335369
11664,3000,117485.383899
11850,3000,117495.038667
12034,3000,117504.313752
11884,3000,117513.246018
11538,3000,117522.579232
11652,3000,117532.043775
11376,3000,117541.221637
11804,3000,117550.435467
11702,3000,117559.059658
12084,3000,117568.080561
11856,3000,117576.928642
11648,3000,117585.867444
11482,3000,117595.022026
11540,3000,117604.21856
11560,3000,117612.928583
11574,3000,117622.319429
11692,3000,117631.166328
11768,3000,117640.152441
11880,3000,117649.236079
11964,3000,117658.934729
12216,3000,117668.280775
11724,3000,117677.408136
11932,3000,117685.939294
11850,3000,117695.161293
11718,3000,117704.425848
11962,3000,117714.31633
11582,3000,117722.915637
11972,3000,117731.863783
11918,3000,117740.499093
11690,3000,117749.458755
11612,3000,117758.071893
11640,3000,117766.948937
11844,3000,117775.885046
12136,3000,117784.913112
11886,3000,117800.197285
11586,3000,117808.911868
12000,3000,117818.173969
11802,3000,117827.068113
11780,3000,117836.301406
11770,3000,117845.49249
11464,3000,117854.342667
11774,3000,117863.460506
11632,3000,117872.411159
11778,3000,117881.05377
11854,3000,117889.854839
11512,3000,117898.919897
11496,3000,117907.613284
11910,3000,117916.443808
11750,3000,117925.532671
12070,3000,117934.43538
11634,3000,117943.145939
11940,3000,117952.061531
11702,3000,117960.685083
12014,3000,117970.281525
11722,3000,117979.767121
11902,3000,117988.14448
12110,3000,117997.567718
11784,3000,118006.844165
12124,3000,118015.742886
11450,3000,118024.899832
12214,3000,118034.491784
11720,3000,118043.918962
11720,3000,118052.873858
11950,3000,118062.129769
11772,3000,118070.943384
11814,3000,118080.042465
11894,3000,118088.953221
12184,3000,118098.502671
11654,3000,118107.066181
11754,3000,118116.014521
11744,3000,118124.659108
12042,3000,118133.869835
11668,3000,118143.114459
11540,3000,118152.512225
12060,3000,118161.336595
11856,3000,118170.680693
11716,3000,118180.034211
11954,3000,118188.505649
11932,3000,118197.591393
11752,3000,118206.482915
11936,3000,118215.314188
11378,3000,118224.40228
11942,3000,118233.819445
12056,3000,118242.983568
12036,3000,118251.810011
11748,3000,118261.204828
11818,3000,118270.417508
11882,3000,118279.827548
12028,3000,118288.72468
11762,3000,118297.834858
11916,3000,118306.890521
11846,3000,118315.821847
11610,3000,118325.065647
11394,3000,118333.816374
11674,3000,118343.081464
11916,3000,118351.923759
12048,3000,118361.508891
11532,3000,118370.426136
11802,3000,118379.870484
11860,3000,118388.73179
12052,3000,118397.828063
11902,3000,118413.61257
11874,3000,118423.117864
11466,3000,118431.671346
11634,3000,118440.86632
11876,3000,118449.858315
11484,3000,118458.913451
11966,3000,118468.013414
11820,3000,118477.785399
12088,3000,118486.88165
11940,3000,118496.306293
11736,3000,118505.451221
11684,3000,118514.735719
11826,3000,118523.326162
11688,3000,118532.262903
11824,3000,118541.832182
12012,3000,118550.711102
11644,3000,118560.076293
12296,3000,118569.175569
11520,3000,118578.264579
11656,3000,118587.620786
11722,3000,118596.943265
11752,3000,118605.930107
11982,3000,118614.804591
11864,3000,118623.851271
11812,3000,118632.883915
11288,3000,118642.224306
11760,3000,118651.356977
11598,3000,118660.289612
11598,3000,118668.829991
12076,3000,118677.098798
11610,3000,118685.590008
11704,3000,118693.754528
11956,3000,118701.77046
11962,3000,118710.39782
12434,3000,118718.612116
11616,3000,118727.038471
11758,3000,118735.786496
11676,3000,118743.790017
11818,3000,118752.417526
11522,3000,118760.619703
11836,3000,118768.759984
11476,3000,118776.971989
12050,3000,118785.327885
11844,3000,118793.793583
11988,3000,118802.204062
11924,3000,118810.687079
11782,3000,118819.324412
12028,3000,118827.857314
11816,3000,118836.276844
11556,3000,118844.588674
11758,3000,118852.928818
11796,3000,118861.288095
11844,3000,118869.586318
12150,3000,118877.810784
11624,3000,118885.822201
11802,3000,118894.165615
11536,3000,118902.730193
11892,3000,118910.930022
11646,3000,118919.260664
11542,3000,118927.794519
11570,3000,118936.626911
11932,3000,118945.266398
11894,3000,118953.627094
11748,3000,118961.928722
11924,3000,118970.459471
11812,3000,118978.673559
11742,3000,118987.509375
11736,3000,119001.601005
11794,3000,119009.850018
11974,3000,119017.950754
11706,3000,119026.512327
11918,3000,119035.196553
11794,3000,119043.654795
11562,3000,119052.225865
11880,3000,119060.644812
11772,3000,119069.047133
11814,3000,119077.405878
12052,3000,119085.907526
11578,3000,119094.258226
11626,3000,119102.424836
12262,3000,119110.798628
12020,3000,119119.405433
11674,3000,119127.493574
12002,3000,119135.525875
11850,3000,119144.157746
12276,3000,119152.934448
11680,3000,119161.47457
12000,3000,119170.086179
12028,3000,119178.734695
11612,3000,119187.040623
11802,3000,119195.617958
11630,3000,119203.886989
11720,3000,119212.311465
12154,3000,119221.154828
11868,3000,119229.407885
11660,3000,119237.789156
12020,3000,119246.44188
11754,3000,119254.70807
11714,3000,119263.01991
11706,3000,119271.44448
11776,3000,119279.987849
12002,3000,119288.322892
11730,3000,119297.062653
11918,3000,119305.426463
11622,3000,119314.218235
12116,3000,119322.557305
11792,3000,119330.905699
11676,3000,119339.356751
11804,3000,119347.609391
12270,3000,119356.48803
11448,3000,119364.65255
12026,3000,119372.892336
11832,3000,119381.645196
11796,3000,119389.955302
12076,3000,119398.645809
11798,3000,119407.031203
11638,3000,119415.411053
11604,3000,119423.514599
12170,3000,119431.721307
11730,3000,119439.958094
11822,3000,119448.960656
12176,3000,119457.516591
11778,3000,119466.103811
11774,3000,119474.084113
11936,3000,119482.31846
11718,3000,119490.761742
12108,3000,119498.997122
12118,3000,119507.319496
11712,3000,119515.548311
11948,3000,119523.727593
12018,3000,119532.197901
11788,3000,119540.297546
12194,3000,119548.771518
11654,3000,119563.107873
11944,3000,119571.372185
11472,3000,119579.161212
11618,3000,119587.596141
11470,3000,119596.013463
12106,3000,119604.586429
11958,3000,119612.890726
11696,3000,119621.323652
11788,3000,119629.785881
12114,3000,119638.471744
11602,3000,119646.836606
11892,3000,119655.230441
11466,3000,119663.833569
11910,3000,119672.244767
11838,3000,119680.804417
11762,3000,119689.248299
11444,3000,119697.698878
11768,3000,119706.145087
11926,3000,119714.671494
11850,3000,119723.056688
11958,3000,119731.642045
11616,3000,119739.767305
11742,3000,119748.054358
11568,3000,119756.273304
11852,3000,119764.363065
11962,3000,119772.93935
12014,3000,119781.522556
11550,3000,119789.529864
11884,3000,119797.680725
11860,3000,119806.218974
11706,3000,119814.892385
11776,3000,119823.406669
11650,3000,119831.355076
11964,3000,119839.584038
11420,3000,119848.243703
11828,3000,119856.793995
11972,3000,119865.399757
11804,3000,119873.958371
12134,3000,119882.246134
12188,3000,119890.459151
12028,3000,119898.818835
11788,3000,119907.496501
11598,3000,119915.982436
11842,3000,119924.359081
11928,3000,119932.391666
11912,3000,119940.785618
11806,3000,119949.003034
11356,3000,119957.650317
11750,3000,119966.061038
11740,3000,119974.618544
11468,3000,119982.967239
11860,3000,119990.85476
12000,3000,119999.452688
11914,3000,120007.578556
11948,3000,120015.666349
11360,3000,120023.817961
11614,3000,120031.996165
11604,3000,120040.217389
11744,3000,120048.48919
11750,3000,120056.545273
11876,3000,120064.810334
11958,3000,120073.425673
11668,3000,120082.132351
11898,3000,120090.460063
11314,3000,120098.549925
11908,3000,120107.126112
11808,3000,120115.695498
11838,3000,120130.06594
11878,3000,120138.651936
11932,3000,120146.893604
11744,3000,120155.206354
11816,3000,120163.27825
12014,3000,120171.856098
11844,3000,120180.374422
11932,3000,120188.689192
11708,3000,120197.16108
11988,3000,120206.014463
11658,3000,120214.345741
11698,3000,120222.742858
11766,3000,120231.339099
11846,3000,120240.140679
11802,3000,120248.381501
12084,3000,120256.818872
11920,3000,120265.205428
11798,3000,120273.474577
11646,3000,120281.760069
11726,3000,120289.922572
11934,3000,120298.357729
11806,3000,120306.585274
11896,3000,120314.384751
11682,3000,120322.452946
12048,3000,120330.737111
11880,3000,120339.03299
11832,3000,120347.066494
11726,3000,120355.491448
11944,3000,120364.356533
12164,3000,120373.115563
11494,3000,120381.057933
11790,3000,120388.998382
11950,3000,120397.567236
11636,3000,120405.555291
11672,3000,120413.972819
12122,3000,120422.673551
11838,3000,120431.420751
11950,3000,120440.009242
12110,3000,120448.845765
12098,3000,120457.441849
11664,3000,120465.517426
11764,3000,120474.026726
11908,3000,120482.427994
11984,3000,120490.890248
11774,3000,120498.980446
11750,3000,120507.227502
11382,3000,120515.335934
11790,3000,120523.445433
12028,3000,120531.802773
11722,3000,120540.09432
11996,3000,120548.643012
12010,3000,120557.116376
12094,3000,120565.646679
11528,3000,120573.506831
11616,3000,120582.156218
11692,3000,120590.583661
11712,3000,120598.943608
11966,3000,120607.590655
11580,3000,120615.989656
11826,3000,120624.585268
11836,3000,120632.947738
11660,3000,120641.195314
12052,3000,120649.504779
11820,3000,120657.71662
11780,3000,120666.076993
11976,3000,120674.838274
11838,3000,120683.007696
11672,3000,120697.139626
11786,3000,120705.528453
12152,3000,120713.521285
11836,3000,120722.138765
11750,3000,120729.83097
11944,3000,120738.6504
11884,3000,120747.307652
11850,3000,120756.028793
11582,3000,120764.597356
11850,3000,120772.86845
11778,3000,120781.423305
11740,3000,120789.703118
11992,3000,120797.794861
11610,3000,120805.756394
11842,3000,120814.178982
12184,3000,120822.788905
11820,3000,120830.881635
12132,3000,120839.677853
11728,3000,120847.881926
11692,3000,120856.000435
11478,3000,120864.411681
11804,3000,120873.123386
12028,3000,120881.778993
11896,3000,120889.999997
11804,3000,120898.708139
11846,3000,120906.551598
11640,3000,120914.522157
11516,3000,120922.438019
11690,3000,120930.61508
11536,3000,120938.738116
11666,3000,120947.137644
12038,3000,120955.770578
11612,3000,120964.234529
12108,3000,120972.62758
11782,3000,120980.920137
11798,3000,120989.36094
12244,3000,120998.005848
12050,3000,121006.956305
12006,3000,121015.542542
11548,3000,121023.494876
11720,3000,121031.854468
11988,3000,121039.645149
11728,3000,121047.746838
11610,3000,121056.350347
11934,3000,121064.53408
11844,3000,121072.557095
11720,3000,121080.843248
11606,3000,121089.113798
12176,3000,121097.541957
11776,3000,121105.625666
11884,3000,121113.981991
11720,3000,121122.491848
12136,3000,121130.791893
11764,3000,121138.608177
11754,3000,121146.557997
11716,3000,121155.348396
11668,3000,121163.837666
11868,3000,121171.632938
11782,3000,121180.10956
12000,3000,121188.269497
11890,3000,121196.771517
11714,3000,121205.261024
11862,3000,121213.768055
11842,3000,121222.284598
12026,3000,121230.543665
11836,3000,121238.777105
12114,3000,121253.078365
11878,3000,121261.527456
11788,3000,121270.486786
11532,3000,121278.779305
11738,3000,121286.998262
11692,3000,121295.574649
11592,3000,121303.677116
11712,3000,121312.178022
11710,3000,121320.255947
11758,3000,121328.540568
11882,3000,121336.833733
11798,3000,121345.089821
11722,3000,121353.735656
11748,3000,121361.958662
11598,3000,121369.857567
11998,3000,121378.541325
12044,3000,121386.705475
11628,3000,121394.96501
11602,3000,121403.337633
12044,3000,121411.617033
12214,3000,121419.982711
11704,3000,121428.400512
11708,3000,121436.956351
11810,3000,121445.250413
11742,3000,121453.673299
11878,3000,121462.060659
11502,3000,121470.335668
11190,3000,121478.167671
11754,3000,121486.522069
11934,3000,121495.00035
11922,3000,121503.524868
11820,3000,121512.002517
11906,3000,121520.683383
12210,3000,121529.191378
11476,3000,121537.211448
11498,3000,121545.583954
12030,3000,121553.721997
11530,3000,121561.840883
11494,3000,121569.929093
11734,3000,121578.325085
11742,3000,121586.331353
11476,3000,121594.66238
11866,3000,121602.878849
11864,3000,121611.349929
11580,3000,121619.817192
11904,3000,121628.331476
11622,3000,121636.434473
12068,3000,121644.894548
11518,3000,121653.097348
11920,3000,121661.820127
11710,3000,121670.216257
11560,3000,121678.14905
11616,3000,121686.25595
11524,3000,121694.574736
11542,3000,121702.901287
11832,3000,121711.464045
11790,3000,121719.599863
12022,3000,121727.990638
11890,3000,121736.311951
12046,3000,121744.555705
11840,3000,121752.652434
11918,3000,121761.049258
11630,3000,121769.341061
11696,3000,121777.582467
11442,3000,121785.548114
11626,3000,121793.99979
11906,3000,121801.955841
11938,3000,121815.879939
11754,3000,121824.419505
11894,3000,121832.829655
11896,3000,121841.082851
11794,3000,121849.655882
11866,3000,121857.971882
11726,3000,121866.22761
11998,3000,121874.305852
11832,3000,121882.713831
11748,3000,121890.517793
11686,3000,121899.09539
11838,3000,121907.786432
11940,3000,121916.182329
11464,3000,121924.420714
12004,3000,121932.806177
11718,3000,121940.960561
11946,3000,121949.352283
12004,3000,121957.917522
11918,3000,121966.204053
11904,3000,121974.587755
11592,3000,121982.70944
11730,3000,121990.842301
11896,3000,121998.917764
11994,3000,122007.662907
11610,3000,122016.061802
11902,3000,122024.432153
11966,3000,122032.630944
11960,3000,122040.953343
12060,3000,122049.545448
11480,3000,122058.206446
11934,3000,122066.531409
11666,3000,122074.837604
11592,3000,122083.451406
11892,3000,122091.708905
11778,3000,122100.092091
11980,3000,122108.386424
11762,3000,122116.468809
11988,3000,122124.481993
11814,3000,122132.712495
11870,3000,122141.315403
11872,3000,122150.069331
11806,3000,122158.629061
12042,3000,122167.130559
11744,3000,122175.44053
11886,3000,122183.763013
11618,3000,122192.080291
11878,3000,122200.315464
11686,3000,122208.325004
12018,3000,122216.745959
11318,3000,122224.631104
12334,3000,122233.544719
12298,3000,122242.070756
11878,3000,122250.539637
11940,3000,122259.180773
11872,3000,122267.961053
11526,3000,122276.153698
11778,3000,122284.691613
11442,3000,122292.934748
11526,3000,122301.251427
12210,3000,122309.304538
11764,3000,122317.517942
11654,3000,122325.984136
11856,3000,122334.547503
11822,3000,122343.048312
11578,3000,122351.159626
11574,3000,122359.597993
11928,3000,122367.652006
11716,3000,122381.745208
11504,3000,122389.959708
12100,3000,122398.287201
11774,3000,122406.31946
11498,3000,122414.348803
11560,3000,122422.497125
12024,3000,122431.150622
11762,3000,122439.630929
11634,3000,122448.006538
11982,3000,122456.655795
12010,3000,122465.104729
11818,3000,122473.494321
11802,3000,122482.428609
12012,3000,122490.849073
11618,3000,122499.399977
11816,3000,122507.58516
11928,3000,122515.86663
11896,3000,122524.315224
12164,3000,122532.637584
11814,3000,122541.027026
12054,3000,122549.345055
12120,3000,122558.004416
11674,3000,122566.617942
11744,3000,122574.846264
11862,3000,122583.556272
11780,3000,122591.872462
11914,3000,122600.35713
11882,3000,122608.552226
11846,3000,122617.462811
11686,3000,122625.896847
11724,3000,122633.803805
11364,3000,122641.734734
11980,3000,122650.126139
11830,3000,122658.758492
11810,3000,122667.627727
11906,3000,122675.962618
12004,3000,122684.214826
11926,3000,122692.649121
11748,3000,122701.141875
11442,3000,122709.295064
11622,3000,122717.840961
12072,3000,122725.955219
11816,3000,122734.245554
11764,3000,122742.8267
11804,3000,122751.375009
11646,3000,122759.848091
11980,3000,122768.68254
11846,3000,122777.129462
11868,3000,122785.306877
11678,3000,122793.84531
11874,3000,122802.791388
11564,3000,122811.357256
11956,3000,122820.042848
11824,3000,122828.182956
11812,3000,122836.55847
12074,3000,122844.798439
11830,3000,122852.894511
11876,3000,122861.271059
11500,3000,122869.465029
11564,3000,122877.626327
11764,3000,122885.854948
11642,3000,122893.996763
11508,3000,122902.420133
11722,3000,122910.7347
11812,3000,122918.938296
11782,3000,122927.241221
11942,3000,122940.892705
11452,3000,122948.727553
11948,3000,122957.167654
12330,3000,122965.442386
11586,3000,122973.277766
11568,3000,122981.500862
11744,3000,122989.22725
11890,3000,122997.206784
11734,3000,123005.645208
11762,3000,123013.729222
12092,3000,123022.330439
11542,3000,123029.906857
11892,3000,123037.957326
11864,3000,123045.745944
12114,3000,123053.509615
11444,3000,123061.295075
11668,3000,123069.157497
11594,3000,123077.133365
11650,3000,123084.722306
12116,3000,123092.752679
11718,3000,123100.898908
11740,3000,123108.789922
11764,3000,123116.65654
11854,3000,123124.762878
11878,3000,123132.787529
11504,3000,123140.596204
11876,3000,123148.820433
12032,3000,123156.760353
11724,3000,123164.765201
12100,3000,123172.685846
11632,3000,123180.623559
11888,3000,123189.223087
12262,3000,123197.656092
11636,3000,123205.497982
11948,3000,123213.482299
11662,3000,123221.553196
11752,3000,123229.682565
11864,3000,123237.768477
11404,3000,123245.268739
11566,3000,123253.217112
11614,3000,123261.353374
11440,3000,123269.04309
11754,3000,123277.129498
11710,3000,123285.071961
11580,3000,123293.036455
11798,3000,123300.668746
12036,3000,123308.838833
11874,3000,123317.291682
11668,3000,123324.976901
11894,3000,123332.741455
11804,3000,123340.704683
11760,3000,123348.997484
11364,3000,123356.893687
11922,3000,123365.045543
12232,3000,123373.390151
11890,3000,123381.783318
11742,3000,123389.894066
12034,3000,123398.401953
11484,3000,123406.479994
11666,3000,123414.556975
11832,3000,123422.708543
11960,3000,123430.982553
11714,3000,123438.637732
12140,3000,123447.037561
11848,3000,123455.117836
11880,3000,123463.302197
11602,3000,123471.207732
11948,3000,123484.791638
11640,3000,123492.866349
11946,3000,123501.004213
11676,3000,123509.390573
11920,3000,123517.229643
11952,3000,123525.225772
11852,3000,123533.217025
11948,3000,123540.727209
11684,3000,123548.801732
11914,3000,123556.804664
11582,3000,123564.746263
11872,3000,123572.650688
11886,3000,123580.869263
11688,3000,123588.977633
11812,3000,123597.246807
11876,3000,123605.341201
11864,3000,123613.412829
11764,3000,123621.489115
11562,3000,123629.587045
11528,3000,123637.501444
11774,3000,123645.270458
11886,3000,123653.001942
11872,3000,123661.171954
11680,3000,123669.523956
12052,3000,123678.086715
11968,3000,123685.862645
11980,3000,123694.078557
11790,3000,123701.822246
11852,3000,123709.540524
11798,3000,123717.61335
11972,3000,123725.772783
11808,3000,123733.652724
11718,3000,123741.787845
11876,3000,123750.025881
11840,3000,123758.064139
11826,3000,123766.057824
11968,3000,123773.651272
11744,3000,123781.594747
11700,3000,123789.655424
11562,3000,123797.832098
12136,3000,123805.805671
11914,3000,123813.82376
12008,3000,123822.05985
11348,3000,123829.707
12036,3000,123837.550302
11924,3000,123845.29361
11806,3000,123853.310371
12016,3000,123861.528898
11722,3000,123869.906525
11734,3000,123877.745991
11520,3000,123885.415439
11676,3000,123893.539173
11876,3000,123901.432727
11676,3000,123909.444133
11632,3000,123917.217929
11970,3000,123925.115086
11688,3000,123933.275973
12092,3000,123941.437852
11506,3000,123949.175448
11696,3000,123957.105449
11888,3000,123964.710511
12056,3000,123972.948177
11830,3000,123980.797991
11550,3000,123988.986877
11624,3000,123997.168659
11588,3000,124004.95673
11872,3000,124012.942043
11896,3000,124025.582495
12004,3000,124032.882432
12424,3000,124040.097578
12080,3000,124047.23781
12380,3000,124054.796869
