#{"t_start": 1676274039.9864075, "env_id": null}
r,l,t
6102,3000,38.953826
6312,3000,72.238194
6096,3000,107.645595
6308,3000,139.792824
6172,3000,171.973423
6454,3000,204.657082
5548,3000,240.348423
5764,3000,276.554511
5924,3000,313.076821
6166,3000,348.510928
6494,3000,387.468627
6546,3000,423.821119
6984,3000,461.182035
6970,3000,498.56041
6562,3000,535.241601
6044,3000,574.190149
6318,3000,613.857113
6374,3000,653.381124
6502,3000,693.46794
5994,3000,733.412554
6316,3000,773.22552
6420,3000,815.661203
6742,3000,853.132274
7136,3000,891.396168
6132,3000,930.026745
6360,3000,969.203327
6694,3000,1007.544864
6434,3000,1047.033799
5886,3000,1086.397449
6812,3000,1124.945004
6802,3000,1162.510267
6188,3000,1202.717836
6878,3000,1242.663375
6186,3000,1283.944398
6744,3000,1322.672596
6570,3000,1366.164439
5724,3000,1404.755175
6716,3000,1442.92467
6576,3000,1481.036386
6230,3000,1519.435321
6716,3000,1556.474754
6790,3000,1598.124161
6878,3000,1639.727721
6522,3000,1676.609766
6080,3000,1717.290271
6340,3000,1755.336513
6674,3000,1793.02264
5984,3000,1831.057458
5900,3000,1869.635995
5862,3000,1907.897497
6496,3000,1946.662689
6642,3000,1985.622096
5630,3000,2022.425452
6036,3000,2060.085311
5910,3000,2098.545586
6904,3000,2135.59291
5834,3000,2175.911399
6298,3000,2215.482294
5528,3000,2251.351153
5584,3000,2293.364537
6898,3000,2331.777897
6206,3000,2370.531571
5816,3000,2411.816339
5792,3000,2449.651318
5834,3000,2487.242952
6816,3000,2525.261306
6832,3000,2771.652837
7120,3000,2809.74189
6570,3000,2847.103393
5720,3000,2884.804186
5842,3000,2924.796019
6234,3000,2962.93155
6140,3000,3000.538973
5950,3000,3036.67631
6748,3000,3077.805766
6128,3000,3114.966198
5564,3000,3153.47772
5332,3000,3191.251372
6214,3000,3231.355506
5922,3000,3270.781458
5536,3000,3310.575843
6312,3000,3350.949268
5724,3000,3388.393395
6930,3000,3429.357035
6160,3000,3465.81694
7190,3000,3506.430252
5532,3000,3543.876764
6136,3000,3582.513379
5594,3000,3622.433011
5898,3000,3662.82421
6212,3000,3700.550939
6876,3000,3736.10736
5744,3000,3773.800794
6308,3000,3811.729055
5508,3000,3848.682137
7114,3000,3885.614481
6348,3000,3923.330582
6450,3000,3961.328235
6898,3000,3998.481969
6278,3000,4034.626008
6502,3000,4070.968699
6296,3000,4107.54852
7164,3000,4144.581296
7344,3000,4181.249766
7288,3000,4217.29943
7452,3000,4252.993836
6472,3000,4291.164626
6342,3000,4328.300213
6626,3000,4364.508527
6448,3000,4399.41117
6636,3000,4437.742211
5304,3000,4472.839382
6174,3000,4510.228935
6682,3000,4549.705148
5710,3000,4587.550196
6434,3000,4621.201499
7254,3000,4658.203977
6726,3000,4694.481941
6838,3000,4732.326371
5908,3000,4768.800556
7514,3000,4807.683758
7266,3000,4845.093697
6756,3000,4880.156124
7470,3000,4916.764678
7502,3000,4952.110385
6482,3000,4987.934093
6770,3000,5023.907692
7274,3000,5057.706297
7628,3000,5093.058781
8034,3000,5130.059708
6362,3000,5166.061521
7436,3000,5202.688931
7020,3000,5237.068739
6720,3000,5366.082097
7034,3000,5403.084458
7192,3000,5438.73895
6840,3000,5475.606479
7478,3000,5509.210756
7986,3000,5544.363038
7530,3000,5579.100037
6598,3000,5615.002474
5606,3000,5651.604131
6794,3000,5686.443456
6902,3000,5723.35959
7078,3000,5760.413024
7598,3000,5796.600916
7404,3000,5832.394529
7140,3000,5868.745374
7546,3000,5902.8975
7192,3000,5937.483957
7790,3000,5970.932778
6932,3000,6007.5685
7382,3000,6043.967602
7072,3000,6080.696974
7836,3000,6117.085741
7526,3000,6152.781217
7634,3000,6189.56301
7372,3000,6226.217654
7342,3000,6260.751333
7490,3000,6295.263439
7794,3000,6329.945075
6844,3000,6366.250653
6708,3000,6403.095893
7260,3000,6438.393071
6714,3000,6473.375421
6286,3000,6510.838842
6984,3000,6545.885584
7472,3000,6583.460938
8142,3000,6618.37323
6952,3000,6654.02559
7598,3000,6689.019443
7360,3000,6723.608327
6594,3000,6761.383154
7562,3000,6795.603654
7204,3000,6828.701692
7238,3000,6861.901309
8268,3000,6896.086212
7564,3000,6931.720651
7190,3000,6964.768129
7404,3000,6997.11109
6756,3000,7032.993036
8026,3000,7068.131599
7318,3000,7102.572666
6620,3000,7139.566438
7610,3000,7173.977429
6812,3000,7208.638787
6722,3000,7244.414952
6572,3000,7278.805107
7438,3000,7313.541278
7654,3000,7348.617356
7622,3000,7381.550562
7862,3000,7415.652625
8622,3000,7448.958978
7902,3000,7482.363023
7966,3000,7517.853965
7320,3000,7554.726967
7866,3000,7592.025427
7892,3000,7626.649169
7502,3000,7660.970668
8590,3000,7694.232782
6968,3000,7818.003153
7460,3000,7855.272289
6938,3000,7892.468439
7000,3000,7927.521146
7044,3000,7962.155923
7456,3000,7998.477857
8098,3000,8032.882607
7130,3000,8066.503246
7314,3000,8102.101876
7562,3000,8139.490349
7650,3000,8173.633756
7248,3000,8207.408684
7368,3000,8242.887492
7966,3000,8276.346713
8348,3000,8309.379558
7720,3000,8344.807502
7770,3000,8380.632885
7698,3000,8413.763552
8302,3000,8448.592519
7692,3000,8482.804589
8224,3000,8517.435151
8188,3000,8551.492269
8924,3000,8585.842731
7706,3000,8618.091552
8042,3000,8652.787717
8434,3000,8684.3333
8366,3000,8721.169575
8298,3000,8754.258341
7618,3000,8786.387906
8110,3000,8820.885092
8158,3000,8855.562237
8236,3000,8886.756273
7422,3000,8920.77164
8340,3000,8954.994096
8954,3000,8988.426034
8164,3000,9023.309538
9622,3000,9057.528407
8218,3000,9091.878294
8620,3000,9126.048144
8646,3000,9157.570686
8914,3000,9189.552543
7892,3000,9223.652787
8302,3000,9255.533863
8474,3000,9289.656797
8560,3000,9323.708141
8242,3000,9355.292023
8714,3000,9389.037425
8834,3000,9421.405251
7922,3000,9452.685668
7974,3000,9487.20647
8384,3000,9519.038369
9872,3000,9552.976379
8898,3000,9586.568829
8074,3000,9618.14353
7970,3000,9650.506951
8362,3000,9683.982509
9046,3000,9717.515129
8676,3000,9750.281729
9098,3000,9782.859105
9288,3000,9815.378367
8678,3000,9848.637874
8774,3000,9880.629823
8542,3000,9914.944561
9020,3000,9947.407261
7810,3000,9979.602558
8526,3000,10013.547875
8934,3000,10125.770168
8224,3000,10155.995946
8396,3000,10192.034689
8936,3000,10227.233805
8378,3000,10259.584186
8384,3000,10291.739369
8958,3000,10324.633814
9732,3000,10357.017383
9298,3000,10389.231823
9676,3000,10421.435852
9506,3000,10455.665541
9234,3000,10486.956607
8574,3000,10519.133561
8708,3000,10552.354157
9290,3000,10586.569929
8436,3000,10620.047336
8442,3000,10653.949739
8704,3000,10687.961449
8460,3000,10721.902555
8556,3000,10754.377899
9014,3000,10784.837476
9668,3000,10818.086836
9612,3000,10849.007228
9166,3000,10883.787207
9064,3000,10917.33575
9452,3000,10948.962828
9098,3000,10980.214665
9254,3000,11012.90297
9084,3000,11045.770983
9504,3000,11080.703551
9308,3000,11113.376142
9690,3000,11145.545614
9818,3000,11179.529493
9238,3000,11210.591719
9430,3000,11242.499442
9532,3000,11274.42198
9404,3000,11305.240926
8820,3000,11338.607694
9500,3000,11371.22464
9622,3000,11402.427237
8954,3000,11433.073172
9392,3000,11463.672979
9476,3000,11497.081615
9214,3000,11529.569724
9500,3000,11563.520988
8650,3000,11595.359754
8730,3000,11626.187985
8674,3000,11657.647101
9784,3000,11691.742154
9858,3000,11725.434074
9310,3000,11755.737582
9324,3000,11789.344806
9366,3000,11820.956013
9644,3000,11853.838949
8566,3000,11886.172896
9118,3000,11918.541096
9246,3000,11950.340226
9178,3000,11983.559358
10048,3000,12014.84306
10066,3000,12049.142594
9264,3000,12081.399083
9382,3000,12114.910546
9508,3000,12145.461207
10242,3000,12178.928247
9644,3000,12210.52826
9816,3000,12241.348331
9440,3000,12275.57262
9450,3000,12382.99027
9888,3000,12415.296902
9188,3000,12446.638934
9352,3000,12478.080295
9570,3000,12509.033729
9416,3000,12542.159457
9354,3000,12573.744982
8806,3000,12605.626552
10268,3000,12634.461908
9592,3000,12667.472536
10160,3000,12699.299204
9550,3000,12734.079922
9724,3000,12767.631171
10216,3000,12800.026994
9938,3000,12834.569746
8938,3000,12866.008926
9362,3000,12897.168776
10044,3000,12929.352829
8976,3000,12960.925963
9882,3000,12992.665013
9594,3000,13023.76045
9476,3000,13054.77306
10520,3000,13089.058706
10004,3000,13122.582768
10500,3000,13155.23859
10192,3000,13184.702353
10122,3000,13218.791651
10056,3000,13250.203706
9710,3000,13282.088205
9620,3000,13314.366453
9600,3000,13347.091468
9802,3000,13377.872476
9784,3000,13408.839336
10090,3000,13440.067606
9254,3000,13473.456496
9672,3000,13504.46247
10244,3000,13536.462756
9762,3000,13568.213344
10128,3000,13598.950245
10012,3000,13630.925885
9878,3000,13664.046427
10318,3000,13698.833685
10630,3000,13733.117569
9372,3000,13764.568675
10172,3000,13797.763266
10342,3000,13831.013155
9570,3000,13859.30605
10430,3000,13891.741419
10616,3000,13922.679772
10096,3000,13954.397853
10390,3000,13984.25262
10246,3000,14015.897235
9462,3000,14046.337069
10676,3000,14078.654267
9714,3000,14109.376968
10368,3000,14140.974501
10194,3000,14173.247698
10138,3000,14203.141639
10046,3000,14233.031837
10540,3000,14263.971117
9518,3000,14296.516017
10080,3000,14327.573931
10312,3000,14358.466786
9756,3000,14389.290824
10368,3000,14421.526524
10262,3000,14452.851925
10492,3000,14483.556965
10712,3000,14588.537474
10828,3000,14619.16019
9842,3000,14649.449957
9650,3000,14677.95577
10046,3000,14707.677026
10366,3000,14738.92916
10666,3000,14770.845549
10636,3000,14801.979452
10338,3000,14833.69371
10706,3000,14863.388047
10076,3000,14893.650789
10108,3000,14923.754401
10490,3000,14954.449494
10070,3000,14987.952696
10634,3000,15019.129335
10058,3000,15054.00332
10016,3000,15088.785895
10644,3000,15124.259058
10850,3000,15161.14497
10244,3000,15195.940067
10980,3000,15229.774292
10196,3000,15265.206981
10908,3000,15299.22261
10430,3000,15334.668846
10736,3000,15370.294008
11084,3000,15406.861308
10092,3000,15441.582703
10438,3000,15475.661006
10812,3000,15509.273054
10774,3000,15545.394326
10808,3000,15581.296926
10832,3000,15614.651446
10512,3000,15651.923492
10772,3000,15688.222094
11202,3000,15723.686549
10546,3000,15759.197193
10262,3000,15795.213448
10572,3000,15832.201112
10246,3000,15868.466015
10970,3000,15903.184376
11380,3000,15939.291114
10742,3000,15976.466866
10730,3000,16012.356852
10778,3000,16047.033592
10560,3000,16082.22592
10340,3000,16117.940831
10186,3000,16151.953588
11062,3000,16188.408165
11180,3000,16224.062429
11010,3000,16260.884844
10660,3000,16296.395459
10720,3000,16333.036798
11160,3000,16368.016254
10484,3000,16401.820064
10596,3000,16436.743016
10656,3000,16472.207695
11004,3000,16506.138298
10648,3000,16541.849667
10184,3000,16577.547058
10304,3000,16611.271466
11080,3000,16647.9865
11378,3000,16682.640598
11100,3000,16717.072865
10348,3000,16753.776272
10626,3000,16790.63511
11070,3000,16825.274691
11140,3000,16948.436092
10994,3000,16982.927292
10896,3000,17019.74767
10884,3000,17055.820174
10646,3000,17091.394175
11104,3000,17129.349107
11558,3000,17167.275428
10824,3000,17201.923644
11108,3000,17236.416037
10698,3000,17272.312462
10460,3000,17309.182029
10944,3000,17348.924422
10946,3000,17385.87761
11142,3000,17422.531912
10046,3000,17457.418357
11466,3000,17490.091733
11038,3000,17526.13915
10758,3000,17561.685075
10812,3000,17598.598033
10456,3000,17634.988715
11864,3000,17673.547531
11210,3000,17715.650129
10242,3000,17760.546781
10654,3000,17804.180864
11178,3000,17846.860938
11470,3000,17892.919632
10502,3000,17936.957005
11196,3000,17978.354882
11320,3000,18019.336988
11140,3000,18066.334115
11404,3000,18110.896545
11760,3000,18155.086143
12128,3000,18196.410817
11060,3000,18241.831846
11496,3000,18278.659286
10968,3000,18322.482532
11638,3000,18367.602703
11506,3000,18410.746419
10894,3000,18453.93697
11192,3000,18497.560846
11578,3000,18539.830912
11052,3000,18580.935683
10802,3000,18624.880469
11032,3000,18661.390617
11068,3000,18695.788212
11308,3000,18734.958366
11506,3000,18776.878733
10678,3000,18821.402568
10974,3000,18865.576729
11212,3000,18909.292912
10488,3000,18953.164502
11040,3000,18995.703182
11228,3000,19039.68565
10920,3000,19078.540567
11720,3000,19118.837213
11768,3000,19154.911315
11034,3000,19193.767963
11344,3000,19233.788846
10690,3000,19277.387157
11060,3000,19316.539289
10930,3000,19352.970612
11182,3000,19394.89828
10922,3000,19435.492692
11868,3000,19479.18998
11132,3000,19522.994025
11642,3000,19564.397563
11802,3000,19608.326243
11632,3000,19749.134282
11402,3000,19787.075416
11660,3000,19825.373395
11642,3000,19863.033072
11182,3000,19903.63564
11730,3000,19940.910488
11666,3000,19982.528021
11680,3000,20024.933516
12048,3000,20064.588731
11636,3000,20103.189503
11644,3000,20143.285804
11590,3000,20184.966393
11636,3000,20229.590483
11670,3000,20273.983532
11756,3000,20309.446835
11710,3000,20349.718948
11836,3000,20390.127655
11688,3000,20433.711321
11734,3000,20474.957934
11960,3000,20512.6266
11902,3000,20550.772314
11644,3000,20587.551495
11454,3000,20630.224624
11192,3000,20671.089203
11416,3000,20712.75081
11966,3000,20752.419134
11612,3000,20793.150154
11856,3000,20832.058402
11628,3000,20875.086344
11542,3000,20913.94452
11804,3000,20953.468015
12390,3000,20995.551606
12418,3000,21036.382345
12450,3000,21077.122977
11564,3000,21120.311095
12020,3000,21159.728923
11830,3000,21197.140529
12382,3000,21234.337509
12062,3000,21274.505725
11910,3000,21311.886811
11540,3000,21350.608673
12552,3000,21392.005816
11586,3000,21426.448462
11864,3000,21463.619332
12268,3000,21497.006919
11588,3000,21531.851958
11740,3000,21572.35171
12294,3000,21613.291009
12186,3000,21653.609384
11988,3000,21695.056354
11860,3000,21736.961926
12580,3000,21778.376378
11720,3000,21821.47546
12174,3000,21861.393604
12580,3000,21904.379065
11950,3000,21944.465969
12484,3000,21985.354005
11752,3000,22025.005205
12188,3000,22062.740764
11576,3000,22106.15108
11700,3000,22145.709795
12132,3000,22180.861322
12072,3000,22222.106792
12248,3000,22264.191904
12422,3000,22304.253634
12036,3000,22349.605591
12382,3000,22390.954324
12290,3000,22536.033787
12222,3000,22578.864595
11696,3000,22622.601516
12610,3000,22659.129748
12626,3000,22702.188627
12384,3000,22740.354003
12274,3000,22778.660841
11428,3000,22820.065397
12188,3000,22863.32553
11866,3000,22902.12212
12046,3000,22944.202981
12606,3000,22985.354292
11520,3000,23024.994602
11558,3000,23064.333707
11992,3000,23100.059218
12280,3000,23143.072566
12376,3000,23184.220725
12170,3000,23225.046974
12678,3000,23261.492547
12372,3000,23303.23909
12308,3000,23338.756656
11862,3000,23378.960545
12146,3000,23420.061379
12338,3000,23461.606068
11636,3000,23502.514449
12216,3000,23539.946077
12628,3000,23580.15365
12532,3000,23620.0352
12668,3000,23661.890679
12648,3000,23702.11483
12562,3000,23740.700218
12390,3000,23780.054286
12490,3000,23817.06994
12274,3000,23855.266576
11970,3000,23898.241163
12132,3000,23936.760266
12664,3000,23978.851826
12354,3000,24015.76449
11902,3000,24052.614086
12376,3000,24084.383845
12622,3000,24124.319337
11974,3000,24167.080274
12148,3000,24211.211831
12138,3000,24252.127984
12484,3000,24291.8413
12072,3000,24332.335171
12612,3000,24365.228133
11860,3000,24404.76161
11648,3000,24442.537251
12494,3000,24485.721789
12304,3000,24528.383645
12794,3000,24563.441759
12508,3000,24598.257908
13076,3000,24637.083349
12676,3000,24674.84326
12034,3000,24716.486241
12258,3000,24753.495135
12784,3000,24794.556906
12002,3000,24833.756284
12384,3000,24877.080567
12834,3000,24916.898864
11676,3000,24953.857162
12480,3000,24991.473677
12490,3000,25030.842943
13420,3000,25064.532935
12756,3000,25103.87653
11976,3000,25243.241396
12430,3000,25279.346151
12160,3000,25319.062259
12066,3000,25357.439745
12414,3000,25395.175287
12610,3000,25432.948847
12562,3000,25472.401314
11938,3000,25508.404582
12526,3000,25539.710608
12748,3000,25574.189576
12882,3000,25616.715214
12886,3000,25654.875135
12922,3000,25690.552397
12376,3000,25726.916352
12992,3000,25763.487184
12252,3000,25801.414804
12474,3000,25833.517857
12696,3000,25874.387225
13270,3000,25910.580403
12816,3000,25947.57618
12970,3000,25984.972539
13258,3000,26023.82643
12654,3000,26064.208783
12774,3000,26098.958374
12510,3000,26135.168418
12458,3000,26175.756474
12178,3000,26210.867712
12682,3000,26249.515848
12878,3000,26290.354212
12660,3000,26329.035923
12926,3000,26365.692051
12348,3000,26404.487742
12274,3000,26440.619292
12322,3000,26482.416188
12654,3000,26522.000151
12360,3000,26562.232759
12576,3000,26598.130452
12794,3000,26635.10499
13250,3000,26675.505663
12560,3000,26716.464883
12460,3000,26755.808422
12820,3000,26797.301536
12758,3000,26835.820788
12946,3000,26870.746614
12292,3000,26912.3874
12816,3000,26953.144047
12680,3000,26993.336474
12474,3000,27026.064447
13018,3000,27059.391603
12942,3000,27098.61775
12722,3000,27136.312117
12554,3000,27176.470582
11948,3000,27219.508451
12608,3000,27259.134911
13080,3000,27302.581261
12452,3000,27338.582599
12444,3000,27374.344726
13118,3000,27412.455732
12584,3000,27451.798437
12588,3000,27492.398926
12402,3000,27530.650634
13132,3000,27562.346613
12798,3000,27600.472724
13168,3000,27639.935331
13454,3000,27683.391983
12120,3000,27727.566327
13174,3000,27765.594846
12708,3000,27912.249895
12372,3000,27946.087089
12584,3000,27982.082145
12668,3000,28024.404275
12808,3000,28065.389755
12172,3000,28103.143255
12600,3000,28140.45027
12030,3000,28177.386275
12618,3000,28215.213581
12944,3000,28248.944829
12242,3000,28285.69179
12262,3000,28328.457275
12656,3000,28368.322544
12478,3000,28403.599191
12606,3000,28440.025669
12070,3000,28480.892392
12418,3000,28523.748033
11414,3000,28561.874305
12142,3000,28603.743574
13104,3000,28643.445768
12488,3000,28684.184096
12814,3000,28721.096444
12116,3000,28756.597303
12702,3000,28794.575126
12114,3000,28838.043643
12556,3000,28878.472507
12220,3000,28916.057754
12430,3000,28953.485654
12930,3000,28993.542726
12448,3000,29027.298123
12268,3000,29063.978563
12970,3000,29105.775874
12608,3000,29147.018058
12252,3000,29177.375406
12404,3000,29218.021923
12316,3000,29250.64136
12900,3000,29286.030051
12530,3000,29322.114926
12758,3000,29359.709743
12234,3000,29404.303311
13152,3000,29448.04787
12908,3000,29483.656554
12982,3000,29521.474029
12828,3000,29560.093119
12508,3000,29598.28845
12090,3000,29634.758352
12188,3000,29673.05099
13462,3000,29710.540454
11972,3000,29749.977376
11880,3000,29786.548187
11806,3000,29823.702581
12134,3000,29862.013559
12698,3000,29901.830435
12620,3000,29940.079895
12528,3000,29981.719228
12956,3000,30018.056998
12950,3000,30055.052594
12624,3000,30093.113581
12634,3000,30132.725687
12564,3000,30171.704866
12722,3000,30207.349665
12792,3000,30244.778229
12196,3000,30281.673462
12676,3000,30324.925016
12836,3000,30366.312514
11546,3000,30409.246528
12184,3000,30449.53986
11284,3000,30596.600211
12476,3000,30637.537842
12648,3000,30675.1929
11680,3000,30713.965746
11230,3000,30752.74651
11922,3000,30793.771827
11868,3000,30828.580448
12280,3000,30870.790419
12686,3000,30905.439402
12628,3000,30944.232661
12364,3000,30983.508889
12838,3000,31020.143699
12722,3000,31062.358956
12048,3000,31100.910195
12866,3000,31140.539163
12346,3000,31179.558807
12526,3000,31219.667763
12638,3000,31252.993484
12824,3000,31290.715439
12918,3000,31323.891277
12794,3000,31353.002778
11936,3000,31392.770939
12908,3000,31431.256004
12312,3000,31465.813827
12838,3000,31504.613317
12214,3000,31538.162229
11758,3000,31580.37865
12940,3000,31617.497854
12652,3000,31652.796153
12052,3000,31692.695839
11964,3000,31730.717134
12866,3000,31772.043731
13782,3000,31808.476561
13794,3000,31845.500832
12410,3000,31886.570293
13426,3000,31921.315542
13586,3000,31956.816681
13210,3000,31998.060179
13186,3000,32033.27025
12232,3000,32071.686128
13432,3000,32112.444694
12452,3000,32153.664245
12700,3000,32194.988982
12722,3000,32230.578414
12850,3000,32258.905796
13058,3000,32304.595155
11860,3000,32344.09064
12148,3000,32381.251857
13104,3000,32419.917277
13238,3000,32457.487902
12240,3000,32496.804267
12330,3000,32539.371605
12666,3000,32585.427748
11038,3000,32628.394986
12570,3000,32666.552287
11572,3000,32707.087323
12136,3000,32749.047678
12454,3000,32787.735706
12256,3000,32825.891237
11674,3000,32863.354861
12518,3000,32902.217732
12886,3000,32942.626914
12622,3000,32979.091283
12528,3000,33013.652479
13440,3000,33052.670111
12844,3000,33090.522843
13322,3000,33234.608958
12960,3000,33272.339683
13126,3000,33311.057178
12062,3000,33345.536676
12992,3000,33382.1585
12244,3000,33423.677634
12726,3000,33460.027365
12072,3000,33497.232026
12290,3000,33536.655507
11738,3000,33577.558358
13132,3000,33614.980624
12218,3000,33657.645141
11654,3000,33698.088887
12478,3000,33739.571715
11754,3000,33775.868389
12706,3000,33814.578003
12444,3000,33852.771922
11742,3000,33890.972413
12868,3000,33932.727189
12470,3000,33969.760712
12416,3000,34008.289081
12390,3000,34050.790772
12748,3000,34090.55361
12492,3000,34130.813307
12674,3000,34167.449736
13234,3000,34201.37945
11842,3000,34237.749225
13090,3000,34278.255667
13378,3000,34314.094935
13194,3000,34349.24425
12972,3000,34385.047597
12730,3000,34423.678658
12738,3000,34464.768849
12760,3000,34503.421334
13196,3000,34542.50208
12940,3000,34581.135718
12748,3000,34622.043735
12852,3000,34663.428029
13396,3000,34706.27545
13654,3000,34746.285427
13276,3000,34786.764943
11814,3000,34829.190068
12836,3000,34868.941781
12490,3000,34907.348294
12782,3000,34948.210711
12472,3000,34987.246471
12770,3000,35027.253929
13442,3000,35067.65474
12432,3000,35108.038391
12298,3000,35145.030034
12310,3000,35180.745805
12850,3000,35214.737197
13634,3000,35250.236271
12592,3000,35288.012359
12520,3000,35326.968724
12226,3000,35361.644463
12344,3000,35398.961312
12420,3000,35437.599749
12554,3000,35475.727275
12352,3000,35509.209276
11714,3000,35544.987083
13380,3000,35580.077436
12568,3000,35617.791845
13012,3000,35655.408186
13110,3000,35696.532594
12888,3000,35735.589731
11258,3000,35776.472459
12576,3000,35927.97089
13058,3000,35964.250062
13954,3000,35998.522956
12454,3000,36037.564583
12792,3000,36074.233489
13330,3000,36111.967386
12374,3000,36147.793309
12380,3000,36188.844989
13798,3000,36228.813889
12662,3000,36266.443531
13592,3000,36302.932615
12956,3000,36342.804449
11382,3000,36385.203003
13098,3000,36419.612366
13092,3000,36455.048848
13440,3000,36494.111261
11358,3000,36534.684134
13086,3000,36571.625371
12990,3000,36608.427527
12892,3000,36640.751658
11928,3000,36683.900956
12314,3000,36723.831208
11700,3000,36761.752117
12162,3000,36797.615724
12898,3000,36836.981947
12972,3000,36872.912888
12626,3000,36908.198706
12948,3000,36943.583625
12548,3000,36986.394801
13378,3000,37026.049919
12552,3000,37065.861861
12978,3000,37101.941395
13256,3000,37141.730758
13228,3000,37178.417034
13300,3000,37218.007432
13004,3000,37249.038008
13034,3000,37288.573147
12808,3000,37323.051138
12982,3000,37362.216355
12750,3000,37397.471201
13266,3000,37432.851509
12718,3000,37463.056172
11134,3000,37502.734591
11784,3000,37540.5574
12084,3000,37580.780177
12938,3000,37621.17292
13242,3000,37655.51757
13384,3000,37686.941402
13904,3000,37723.463499
13478,3000,37760.192976
12160,3000,37797.158982
11534,3000,37833.864881
12322,3000,37873.031991
13650,3000,37909.219078
12852,3000,37943.40495
11944,3000,37980.672973
11388,3000,38017.30767
11642,3000,38058.488722
11280,3000,38090.07083
9176,3000,38137.516289
13264,3000,38175.180374
12382,3000,38210.408028
13186,3000,38244.918178
13040,3000,38282.37725
13824,3000,38321.213308
14366,3000,38354.865663
14604,3000,38389.624157
13354,3000,38525.646593
13548,3000,38563.828352
13546,3000,38595.149422
14192,3000,38632.434503
14702,3000,38670.251078
13860,3000,38699.859541
13936,3000,38735.26977
13980,3000,38764.869067
14460,3000,38803.486343
14654,3000,38840.722018
11426,3000,38878.691732
13796,3000,38919.001661
13600,3000,38956.177852
12286,3000,38993.449282
10660,3000,39034.736251
11674,3000,39074.063811
9520,3000,39120.455918
10992,3000,39161.149338
12486,3000,39201.482119
11778,3000,39242.80553
13896,3000,39278.739198
13520,3000,39314.693267
13178,3000,39348.7471
12374,3000,39385.200944
12962,3000,39419.229989
13128,3000,39457.473845
12770,3000,39496.209757
13572,3000,39532.97332
13780,3000,39570.134965
11886,3000,39612.608908
14042,3000,39650.359474
12242,3000,39689.65885
13764,3000,39729.32214
12684,3000,39767.12186
14182,3000,39805.36564
13276,3000,39844.065161
13168,3000,39880.282168
13350,3000,39918.561049
13622,3000,39950.92698
14378,3000,39986.261098
14090,3000,40025.636097
14082,3000,40064.771677
13724,3000,40102.760701
13990,3000,40141.51454
13720,3000,40178.840077
14424,3000,40213.350062
13802,3000,40246.609249
12290,3000,40285.130321
13382,3000,40325.69993
11248,3000,40356.22929
13838,3000,40395.382111
9398,3000,40440.492441
8826,3000,40480.991304
8350,3000,40529.761607
10842,3000,40574.143665
9200,3000,40615.015806
11142,3000,40653.45939
10134,3000,40694.145749
12270,3000,40726.515505
13690,3000,40765.432386
14130,3000,40799.482697
15106,3000,40833.82149
13596,3000,40870.223411
13550,3000,40903.594282
13560,3000,40942.668963
13612,3000,40978.12248
14112,3000,41121.450452
14456,3000,41157.580548
13938,3000,41195.870687
13908,3000,41234.080056
13182,3000,41270.230345
13964,3000,41305.670677
13872,3000,41341.424669
13718,3000,41377.166071
13930,3000,41410.143807
13516,3000,41441.736795
13594,3000,41479.604408
13912,3000,41513.929555
13666,3000,41548.06307
13904,3000,41580.821569
13474,3000,41610.465394
13852,3000,41644.401817
13256,3000,41678.638949
13902,3000,41716.153485
13652,3000,41754.395492
13994,3000,41793.34708
13080,3000,41829.113043
14296,3000,41868.297479
13264,3000,41905.656568
13870,3000,41942.274935
12654,3000,41980.243274
13344,3000,42017.654216
12266,3000,42050.300336
13304,3000,42087.17603
10606,3000,42120.582302
10428,3000,42166.389044
9526,3000,42215.720718
8160,3000,42265.192015
11488,3000,42303.769673
7294,3000,42353.596427
7614,3000,42401.831565
9606,3000,42445.780081
12102,3000,42485.588067
12766,3000,42524.30294
12886,3000,42562.312113
13612,3000,42600.452973
13422,3000,42636.371773
14556,3000,42672.764559
13864,3000,42705.053726
13882,3000,42739.087498
13486,3000,42775.896515
13620,3000,42815.736581
14108,3000,42851.815676
12708,3000,42889.065785
13282,3000,42927.826504
13430,3000,42962.470545
13186,3000,42999.673756
13246,3000,43034.177914
13408,3000,43069.861174
13702,3000,43113.313738
13696,3000,43149.900903
13226,3000,43188.273265
13330,3000,43224.101796
13302,3000,43265.766256
13338,3000,43306.102049
14168,3000,43345.0611
13720,3000,43380.515977
13800,3000,43415.864927
14304,3000,43450.957963
13694,3000,43484.753294
13102,3000,43522.547738
13170,3000,43557.986165
13966,3000,43592.917877
13638,3000,43738.081485
13570,3000,43775.312152
12840,3000,43811.594781
13996,3000,43839.036744
13424,3000,43879.018411
12998,3000,43915.689697
13028,3000,43955.009933
13452,3000,43991.989903
12990,3000,44029.784913
13804,3000,44065.929848
13692,3000,44099.325349
12480,3000,44139.298601
11288,3000,44178.509944
13904,3000,44217.669928
11896,3000,44250.15443
13014,3000,44287.765043
10316,3000,44328.278579
12600,3000,44368.006523
12722,3000,44406.142838
13358,3000,44438.418319
13158,3000,44470.6404
13530,3000,44502.95582
13546,3000,44538.586069
13532,3000,44567.6061
13736,3000,44600.445917
13810,3000,44635.48036
13238,3000,44670.706562
14850,3000,44706.214937
12916,3000,44741.957283
13448,3000,44783.100416
13134,3000,44819.348346
13054,3000,44852.905049
13734,3000,44886.506736
12588,3000,44918.206622
12460,3000,44958.438138
12580,3000,44996.962323
10418,3000,45040.484021
10708,3000,45080.33682
8612,3000,45126.960414
12684,3000,45166.007382
11478,3000,45205.813095
8072,3000,45244.808657
13514,3000,45281.997956
14332,3000,45320.594344
13380,3000,45354.993335
13772,3000,45388.274223
13696,3000,45423.588015
13432,3000,45457.804136
13654,3000,45491.984646
13348,3000,45527.729075
14456,3000,45564.409331
13650,3000,45604.346781
12980,3000,45640.816913
13212,3000,45676.01924
14238,3000,45709.753259
14440,3000,45740.624557
13714,3000,45772.622021
13802,3000,45804.853627
13702,3000,45841.654547
13870,3000,45880.965953
13304,3000,45919.661555
13208,3000,45960.128029
14178,3000,45992.519871
13678,3000,46024.69251
13400,3000,46057.341801
13170,3000,46092.397208
13692,3000,46125.900792
13300,3000,46262.770729
14228,3000,46301.0324
13582,3000,46340.678086
11386,3000,46381.968765
10208,3000,46426.277239
13684,3000,46465.553676
12432,3000,46508.755916
13072,3000,46545.548018
13314,3000,46581.778873
13036,3000,46615.238411
12856,3000,46653.496759
11282,3000,46693.450523
13168,3000,46734.048344
13186,3000,46773.82096
14102,3000,46809.21683
14098,3000,46851.070647
14192,3000,46890.976577
13540,3000,46933.573741
13938,3000,46970.116133
13082,3000,47003.609432
13710,3000,47039.102513
12858,3000,47071.614413
13648,3000,47109.24738
14358,3000,47149.265125
13246,3000,47188.009561
13086,3000,47224.847244
13242,3000,47262.685311
12630,3000,47298.694232
10864,3000,47327.986442
12436,3000,47363.261352
13290,3000,47395.109282
12884,3000,47431.471417
13228,3000,47469.091125
13060,3000,47509.485754
13210,3000,47547.961923
13074,3000,47587.4475
13152,3000,47624.010689
13694,3000,47661.463348
12966,3000,47695.637813
12330,3000,47733.940138
12916,3000,47771.912579
13540,3000,47808.156017
13194,3000,47845.457507
13454,3000,47882.510023
11988,3000,47920.377633
13336,3000,47958.129601
14010,3000,47995.914729
13472,3000,48033.981824
13184,3000,48074.369499
11026,3000,48110.81322
12740,3000,48145.12746
12526,3000,48188.483654
11354,3000,48230.688898
12136,3000,48276.180736
11704,3000,48308.192855
11100,3000,48346.207687
8944,3000,48392.803706
10940,3000,48436.458439
12710,3000,48473.471224
14044,3000,48510.584547
13174,3000,48548.551951
14062,3000,48587.33453
13482,3000,48618.837819
13684,3000,48652.397422
13246,3000,48688.988982
13930,3000,48724.988766
13250,3000,48892.154801
13932,3000,48929.31864
12900,3000,48968.170368
13524,3000,48998.080746
12376,3000,49037.86884
13272,3000,49074.250733
12832,3000,49111.362119
13554,3000,49150.914405
13342,3000,49188.286854
13338,3000,49227.863678
14446,3000,49264.195754
13404,3000,49298.090714
13366,3000,49336.573942
14224,3000,49375.132071
13152,3000,49410.699815
13170,3000,49445.156119
13244,3000,49484.805881
12586,3000,49523.136496
12084,3000,49566.607692
13452,3000,49598.165216
12870,3000,49630.311677
13726,3000,49672.76158
12876,3000,49709.652934
13510,3000,49748.530724
13754,3000,49789.675898
13078,3000,49826.38258
13490,3000,49866.215277
12710,3000,49905.580284
13488,3000,49943.237091
13278,3000,49983.60719
12516,3000,50022.98816
13202,3000,50060.971324
13894,3000,50098.229796
13682,3000,50134.965519
13522,3000,50169.967762
11036,3000,50209.288594
12230,3000,50244.068991
12994,3000,50278.134187
12258,3000,50317.758444
13452,3000,50351.081055
13754,3000,50388.432745
13092,3000,50427.300241
13020,3000,50464.874053
13528,3000,50499.849941
13634,3000,50539.561508
13360,3000,50577.591656
13720,3000,50613.303931
12898,3000,50645.749089
12342,3000,50685.615139
13504,3000,50723.719493
13158,3000,50760.148602
13742,3000,50798.29085
12710,3000,50840.634836
12496,3000,50880.705219
12642,3000,50920.163876
13176,3000,50959.092554
13920,3000,50994.927485
12072,3000,51035.976087
13206,3000,51072.496645
13474,3000,51113.005333
14278,3000,51152.572738
13716,3000,51190.517249
13092,3000,51227.971107
13720,3000,51262.757397
13958,3000,51296.269354
13748,3000,51333.572679
13314,3000,51371.398808
13670,3000,51510.577665
12362,3000,51547.584312
12502,3000,51580.617236
12468,3000,51613.442862
13998,3000,51645.780935
13364,3000,51683.845275
12720,3000,51721.357316
14222,3000,51760.105878
12398,3000,51795.303702
13154,3000,51829.701866
12904,3000,51861.494855
13298,3000,51900.438827
12476,3000,51938.824891
11310,3000,51978.247853
12582,3000,52015.241598
10660,3000,52056.400811
10714,3000,52098.083969
12122,3000,52134.965564
13016,3000,52172.52704
13808,3000,52209.403384
12798,3000,52249.933346
12716,3000,52288.729687
13412,3000,52325.304519
13566,3000,52362.152246
12832,3000,52396.580023
13372,3000,52435.527181
14070,3000,52470.435049
13836,3000,52510.658642
13072,3000,52551.52854
13136,3000,52584.258875
12412,3000,52623.552097
13246,3000,52660.559707
12876,3000,52699.388694
13844,3000,52742.46702
12678,3000,52783.697071
12590,3000,52821.665062
12540,3000,52861.156517
12532,3000,52899.668684
12956,3000,52936.797998
12222,3000,52974.221436
11862,3000,53010.866233
13294,3000,53045.582639
13244,3000,53082.919448
13062,3000,53118.720339
13450,3000,53160.078889
12856,3000,53194.106535
12280,3000,53231.490921
13072,3000,53270.055453
13476,3000,53311.902743
12956,3000,53348.479192
13042,3000,53387.633306
13250,3000,53421.277054
12956,3000,53458.396765
12362,3000,53495.232756
12700,3000,53529.413733
13510,3000,53570.16756
12060,3000,53610.254262
11304,3000,53649.955229
11528,3000,53689.713657
13090,3000,53728.295811
11736,3000,53765.677369
13138,3000,53803.823139
12968,3000,53837.36749
12812,3000,53872.138074
12916,3000,53910.101121
12808,3000,53949.536546
12788,3000,53986.121362
14158,3000,54127.156686
13242,3000,54165.370481
13544,3000,54206.51076
11686,3000,54248.149397
13376,3000,54284.648872
12660,3000,54317.658863
11858,3000,54357.172089
13228,3000,54392.325222
13998,3000,54431.949253
13486,3000,54466.294969
12942,3000,54503.843693
13820,3000,54538.765536
13102,3000,54579.341058
14192,3000,54616.360189
13532,3000,54655.516141
12582,3000,54694.948989
13086,3000,54732.779092
13378,3000,54771.91101
12842,3000,54802.279572
12466,3000,54848.117857
13598,3000,54886.684005
13646,3000,54918.132046
13822,3000,54959.597193
12246,3000,55001.881737
13642,3000,55039.329297
12078,3000,55080.591194
12640,3000,55118.088295
10266,3000,55161.238746
12358,3000,55200.927855
13974,3000,55238.614675
12144,3000,55280.178785
12882,3000,55316.665316
13420,3000,55356.972719
13024,3000,55391.682999
13306,3000,55434.185794
12892,3000,55475.582013
12716,3000,55512.573171
13270,3000,55549.583508
12970,3000,55588.278336
12140,3000,55626.390797
13088,3000,55659.612816
13634,3000,55696.760862
13322,3000,55739.86353
12846,3000,55778.273138
13122,3000,55817.145498
12398,3000,55853.401508
12262,3000,55892.749086
11808,3000,55935.461879
14090,3000,55976.36695
11924,3000,56019.696842
12792,3000,56060.897711
13218,3000,56094.768493
13678,3000,56131.594695
12786,3000,56171.411893
13942,3000,56210.249254
13144,3000,56250.080548
13130,3000,56287.883137
13638,3000,56330.427106
13096,3000,56373.478568
14124,3000,56408.182229
12930,3000,56450.008384
14852,3000,56487.358262
13386,3000,56522.537327
12858,3000,56560.00082
12688,3000,56596.687879
13144,3000,56629.380394
13926,3000,56765.250001
13450,3000,56803.525073
12076,3000,56842.04519
12808,3000,56878.072829
12448,3000,56919.310529
12196,3000,56962.41217
12446,3000,56998.338218
14126,3000,57026.572588
14354,3000,57066.140957
13396,3000,57102.899202
14252,3000,57136.356114
12902,3000,57176.572461
12666,3000,57219.821516
13732,3000,57255.66306
14008,3000,57291.914708
12672,3000,57328.908722
13084,3000,57365.418872
13476,3000,57402.393632
14016,3000,57437.056334
13876,3000,57476.415077
12484,3000,57513.01021
11740,3000,57555.965877
9488,3000,57606.486217
11902,3000,57640.706806
9014,3000,57684.830154
10664,3000,57723.292717
10888,3000,57762.798339
11992,3000,57804.701738
10912,3000,57846.101979
13022,3000,57888.471607
12940,3000,57930.262891
14374,3000,57970.55768
13182,3000,58014.219066
14108,3000,58050.0499
13938,3000,58087.398084
13726,3000,58125.101147
13248,3000,58163.950156
13314,3000,58206.882565
13766,3000,58244.889602
13926,3000,58281.922436
14054,3000,58317.633174
13708,3000,58352.684387
13580,3000,58386.743847
13954,3000,58423.211352
13428,3000,58461.018628
13264,3000,58496.675623
11450,3000,58537.509732
13790,3000,58577.037336
13252,3000,58615.207966
13244,3000,58645.024761
12378,3000,58684.755633
13250,3000,58720.249918
13236,3000,58755.614182
13198,3000,58793.619301
12982,3000,58833.402971
13584,3000,58875.421046
13340,3000,58913.617367
13622,3000,58946.843887
13740,3000,58983.224626
13712,3000,59022.413558
13538,3000,59056.692169
12654,3000,59098.934034
13840,3000,59132.523167
13762,3000,59173.327546
12106,3000,59219.183342
14044,3000,59253.833159
13532,3000,59289.47472
12982,3000,59436.614767
13122,3000,59472.713641
13698,3000,59510.326939
14038,3000,59542.63701
12342,3000,59579.062748
13212,3000,59618.353873
12720,3000,59655.575284
13222,3000,59695.287632
13056,3000,59734.383126
13980,3000,59772.910049
13930,3000,59810.748104
14042,3000,59846.754728
13444,3000,59887.975392
13614,3000,59926.698892
13540,3000,59963.5074
11044,3000,60007.021356
13540,3000,60048.936153
14038,3000,60087.517205
13024,3000,60127.770791
12520,3000,60173.023943
13208,3000,60214.089617
13914,3000,60254.999571
12390,3000,60294.341258
14226,3000,60335.825674
13654,3000,60374.382297
12958,3000,60414.754591
12566,3000,60449.532469
12492,3000,60486.593363
13586,3000,60532.098178
13776,3000,60571.640781
13096,3000,60609.190653
11946,3000,60649.13447
11740,3000,60693.997528
13386,3000,60733.412148
12830,3000,60769.866325
12324,3000,60809.696322
13300,3000,60849.827871
12824,3000,60892.825391
12996,3000,60934.703114
13500,3000,60973.216161
12922,3000,61012.680931
14142,3000,61046.960686
13704,3000,61088.576231
14026,3000,61129.636179
13746,3000,61166.686294
13758,3000,61206.10376
13310,3000,61241.719666
12856,3000,61281.452618
13008,3000,61323.647103
12594,3000,61358.15034
13428,3000,61394.556742
10110,3000,61447.462271
12916,3000,61488.430401
13716,3000,61522.566732
13184,3000,61560.992484
14100,3000,61600.681729
13084,3000,61638.432227
13516,3000,61676.33707
12860,3000,61714.751939
13186,3000,61752.823133
11916,3000,61792.721598
13750,3000,61828.458137
12392,3000,61875.682834
14024,3000,61912.44984
12796,3000,61952.711988
12848,3000,61995.665464
12836,3000,62036.833013
12994,3000,62205.710004
13358,3000,62244.776587
12810,3000,62286.84348
12694,3000,62332.142336
12618,3000,62375.134827
13204,3000,62415.608417
12716,3000,62454.712527
13330,3000,62497.811727
12830,3000,62540.283337
13046,3000,62580.52975
12532,3000,62623.931227
13442,3000,62662.711577
12362,3000,62704.640414
12932,3000,62748.896538
13880,3000,62790.631287
14144,3000,62833.581287
13406,3000,62874.518945
12308,3000,62913.573067
14064,3000,62954.056772
12632,3000,62999.18589
12936,3000,63035.124321
11362,3000,63083.806516
13128,3000,63119.039247
13388,3000,63156.330863
13228,3000,63188.83237
12558,3000,63225.24697
12150,3000,63259.618829
12534,3000,63302.169603
13460,3000,63343.234357
10608,3000,63400.421808
13342,3000,63445.175536
13054,3000,63486.95725
14114,3000,63521.745536
12286,3000,63560.745313
13030,3000,63599.664124
13272,3000,63640.004021
13396,3000,63682.875027
13240,3000,63722.059911
13314,3000,63757.921648
13564,3000,63796.867909
11742,3000,63849.287283
11292,3000,63894.77604
13258,3000,63934.041234
13332,3000,63970.71231
13768,3000,64010.028092
13578,3000,64046.155765
13276,3000,64081.999494
13410,3000,64118.797209
13006,3000,64156.444578
8568,3000,64215.966699
13424,3000,64251.888814
12986,3000,64291.69936
13276,3000,64328.314718
12974,3000,64372.06013
12536,3000,64415.066365
13650,3000,64457.238984
13732,3000,64495.199116
12588,3000,64540.002395
13066,3000,64582.001793
13630,3000,64620.428364
13598,3000,64660.143898
13492,3000,64698.983998
13016,3000,64735.779455
13034,3000,64777.233618
12632,3000,64820.975185
12820,3000,64857.415278
11936,3000,65027.82386
10628,3000,65076.419616
13740,3000,65116.972698
12726,3000,65160.545065
6236,3000,65238.222339
12732,3000,65275.843055
12986,3000,65321.208544
12808,3000,65362.610129
11346,3000,65412.919112
13050,3000,65450.89991
13460,3000,65490.728138
11748,3000,65528.448916
13836,3000,65563.85504
13660,3000,65604.17846
13932,3000,65643.312376
13466,3000,65681.409246
13700,3000,65721.711081
13546,3000,65756.502286
13508,3000,65792.831832
14306,3000,65829.90625
14044,3000,65867.95008
11646,3000,65916.847069
13798,3000,65955.565264
12806,3000,65994.099146
10780,3000,66043.729629
9852,3000,66095.875991
10502,3000,66141.370588
13410,3000,66180.231605
9464,3000,66243.470387
13068,3000,66281.502698
12744,3000,66329.363016
12302,3000,66374.826094
13480,3000,66414.431406
12886,3000,66451.419966
12180,3000,66489.877322
12730,3000,66534.563451
12760,3000,66573.158822
13078,3000,66611.458466
13612,3000,66647.212198
13572,3000,66686.844821
11322,3000,66733.674559
13916,3000,66774.491581
13582,3000,66807.504438
13422,3000,66846.156709
12398,3000,66885.522681
13620,3000,66918.277894
12100,3000,66955.288504
11836,3000,67000.856396
12650,3000,67046.403475
14850,3000,67086.035004
11508,3000,67133.588434
12222,3000,67181.752141
13078,3000,67220.791287
12938,3000,67257.929973
13668,3000,67299.275218
13828,3000,67337.123904
13366,3000,67370.235002
10844,3000,67415.416523
13348,3000,67457.686815
13466,3000,67494.690681
10974,3000,67540.894343
13994,3000,67575.061835
13418,3000,67614.872029
8594,3000,67675.984612
12890,3000,67718.957578
14210,3000,67756.45476
11014,3000,67804.432108
11792,3000,68047.127292
10744,3000,68098.67259
11786,3000,68140.964654
13478,3000,68176.959864
13142,3000,68213.937185
4060,3000,68299.0521
5566,3000,68384.485573
13240,3000,68421.908947
13438,3000,68460.108392
13860,3000,68497.622703
13510,3000,68537.394652
12874,3000,68580.031808
13362,3000,68621.64151
13606,3000,68661.110952
13044,3000,68702.145364
14368,3000,68736.719454
13710,3000,68777.334582
13000,3000,68814.781348
13108,3000,68853.210218
13636,3000,68889.659613
12928,3000,68931.761744
13292,3000,68971.415813
14568,3000,69004.827443
12890,3000,69045.196514
13164,3000,69082.871222
14048,3000,69119.923993
13688,3000,69154.828588
13264,3000,69193.168574
13330,3000,69233.492799
13002,3000,69272.143794
13604,3000,69312.687421
13966,3000,69353.912516
13660,3000,69393.999287
13740,3000,69430.44749
13220,3000,69469.007957
13832,3000,69499.071763
13652,3000,69541.409307
13052,3000,69579.826971
12820,3000,69620.494393
13294,3000,69658.636428
14076,3000,69694.577798
13464,3000,69734.714422
13692,3000,69773.764266
13266,3000,69815.437221
14280,3000,69847.220876
12974,3000,69881.520319
13480,3000,69925.425167
13880,3000,69964.704904
13326,3000,70000.403865
13156,3000,70043.97609
13456,3000,70085.988249
13898,3000,70127.920352
13736,3000,70166.807621
13496,3000,70208.132143
11304,3000,70260.357147
13288,3000,70295.340522
13358,3000,70332.593451
13524,3000,70368.409667
12904,3000,70408.083983
13580,3000,70446.897173
11090,3000,70495.623693
13884,3000,70529.830218
10750,3000,70583.650591
9888,3000,70639.896167
13412,3000,70682.167197
13358,3000,70718.776197
11878,3000,70761.955914
12766,3000,70996.154406
13692,3000,71031.656601
13294,3000,71069.512524
13804,3000,71109.840502
4742,3000,71198.491768
13644,3000,71235.639623
14142,3000,71272.656731
11338,3000,71325.916444
12872,3000,71362.762832
14114,3000,71400.598753
13638,3000,71434.1327
14176,3000,71472.628938
13630,3000,71510.087553
14474,3000,71550.301593
13768,3000,71592.511752
13876,3000,71631.311021
5872,3000,71708.016673
13792,3000,71750.13615
14048,3000,71784.91835
7348,3000,71861.77374
11496,3000,71910.261912
13556,3000,71946.341876
14372,3000,71986.095158
13252,3000,72028.843023
14226,3000,72067.821813
13892,3000,72110.773607
13602,3000,72153.651059
12920,3000,72194.892977
12568,3000,72245.698759
13692,3000,72274.846393
13458,3000,72311.575151
14312,3000,72347.855833
14108,3000,72386.627863
14418,3000,72423.743645
13478,3000,72461.233039
13736,3000,72499.758506
14000,3000,72540.721671
14238,3000,72581.895583
12716,3000,72622.769927
12192,3000,72671.348486
13396,3000,72712.749042
13716,3000,72753.27056
13838,3000,72791.037348
13654,3000,72832.404251
13718,3000,72868.783632
13736,3000,72903.672404
13532,3000,72946.625144
13268,3000,72986.402838
13242,3000,73019.315376
14442,3000,73057.030806
13926,3000,73095.911674
13768,3000,73132.33118
13844,3000,73168.494707
14298,3000,73208.991773
14188,3000,73246.337287
14014,3000,73282.328942
14408,3000,73319.170284
13382,3000,73356.094904
9274,3000,73420.386964
13386,3000,73458.43034
13498,3000,73499.111262
13414,3000,73535.489587
13610,3000,73576.418439
13552,3000,73615.41133
13592,3000,73652.98085
13568,3000,73692.843312
13474,3000,73888.295542
12484,3000,73931.692438
14020,3000,73968.700888
13878,3000,74008.814672
14310,3000,74042.403321
12972,3000,74086.499706
12874,3000,74124.163378
9500,3000,74185.794828
9184,3000,74252.683113
12572,3000,74297.169686
13684,3000,74335.667237
13178,3000,74379.633928
13238,3000,74421.481228
13470,3000,74454.045468
13736,3000,74494.883163
12918,3000,74535.47999
13902,3000,74574.382322
13382,3000,74614.537528
13382,3000,74651.309889
13468,3000,74687.468623
13406,3000,74723.423833
13372,3000,74763.503408
11826,3000,74805.736666
13694,3000,74847.670794
13940,3000,74888.098878
13550,3000,74924.563782
13256,3000,74957.842827
12612,3000,74996.857954
14226,3000,75036.088372
14266,3000,75070.830128
13838,3000,75109.055172
12856,3000,75153.699001
11436,3000,75210.381028
12890,3000,75250.434111
13820,3000,75286.588578
14198,3000,75325.634833
13370,3000,75363.470089
13828,3000,75395.992353
13700,3000,75435.881003
13818,3000,75484.257756
12750,3000,75528.073194
13458,3000,75565.182748
13818,3000,75603.026
13240,3000,75639.375408
13294,3000,75680.979591
13322,3000,75717.35581
13708,3000,75759.078407
14618,3000,75801.299797
13174,3000,75845.797727
14078,3000,75884.64721
8934,3000,75940.298567
13210,3000,75984.354819
12072,3000,76035.413261
13290,3000,76073.194393
11664,3000,76114.981185
12246,3000,76159.687
14032,3000,76198.444819
13460,3000,76238.266566
13938,3000,76277.252565
14270,3000,76312.464134
13256,3000,76353.58478
12748,3000,76396.602449
13564,3000,76433.434148
13176,3000,76472.550997
12830,3000,76515.579254
12828,3000,76555.316556
13296,3000,76597.591894
13286,3000,76762.933117
13222,3000,76805.086555
13572,3000,76844.642143
6602,3000,76926.879287
13012,3000,76969.755099
13682,3000,77011.619179
12758,3000,77050.787603
13240,3000,77092.839157
12270,3000,77134.155212
13562,3000,77172.462939
13096,3000,77214.977134
13446,3000,77249.842334
13572,3000,77292.054623
13780,3000,77329.568828
14196,3000,77361.77156
13868,3000,77402.605135
14518,3000,77443.513537
14270,3000,77482.938131
13686,3000,77522.892907
13766,3000,77565.563167
14118,3000,77603.49914
13594,3000,77643.2725
13524,3000,77682.173692
14114,3000,77720.930016
13238,3000,77756.635996
13266,3000,77793.476151
13804,3000,77834.130322
12950,3000,77874.399179
13074,3000,77915.051525
13958,3000,77953.04019
13736,3000,77997.235126
13856,3000,78037.19623
13018,3000,78079.213211
13316,3000,78119.024372
12804,3000,78158.339667
14208,3000,78196.39502
13252,3000,78229.852185
13500,3000,78275.889353
13832,3000,78314.251019
12972,3000,78358.718987
13844,3000,78398.519789
13510,3000,78435.175285
13028,3000,78476.125426
12856,3000,78511.558767
13632,3000,78553.123425
12610,3000,78589.673937
14034,3000,78628.719353
13318,3000,78670.465881
12636,3000,78707.908872
9310,3000,78768.711929
13836,3000,78807.271815
8894,3000,78875.06341
13258,3000,78911.879431
13230,3000,78955.631872
12646,3000,78993.706228
12712,3000,79034.39842
13210,3000,79075.65
13766,3000,79110.635506
13076,3000,79152.734602
14064,3000,79191.784368
13216,3000,79229.885473
13052,3000,79266.11425
13566,3000,79307.850776
13442,3000,79354.310182
12878,3000,79395.423399
13370,3000,79432.878369
13154,3000,79470.460757
14072,3000,79664.655291
13632,3000,79704.236805
11780,3000,79753.291751
13386,3000,79792.585674
10956,3000,79839.237304
11812,3000,79882.7557
12746,3000,79924.552046
12912,3000,79962.805144
11512,3000,80010.869116
13378,3000,80049.450559
13004,3000,80094.108395
13154,3000,80138.711724
13162,3000,80181.992719
12840,3000,80221.645588
12838,3000,80265.93801
13090,3000,80305.553793
13150,3000,80341.860617
12628,3000,80383.236824
12720,3000,80421.725556
13012,3000,80465.784186
13702,3000,80508.012429
11364,3000,80562.101927
13484,3000,80605.924447
13246,3000,80648.651654
12900,3000,80692.018678
13236,3000,80730.922408
12888,3000,80773.339885
13652,3000,80814.475777
13602,3000,80852.780026
12986,3000,80890.032325
13664,3000,80930.218601
13110,3000,80969.277815
11760,3000,81023.195017
11926,3000,81068.886506
14034,3000,81113.023933
13354,3000,81151.583511
13298,3000,81195.131089
12710,3000,81233.562586
12776,3000,81273.860564
12666,3000,81317.278401
13108,3000,81351.655419
13580,3000,81387.880767
11874,3000,81431.23965
13062,3000,81470.112938
13572,3000,81512.367943
13286,3000,81552.02829
13420,3000,81590.134356
13206,3000,81631.476718
13548,3000,81670.998141
13806,3000,81706.767345
13066,3000,81745.925371
13918,3000,81785.048489
14112,3000,81818.887594
12828,3000,81859.30431
13332,3000,81895.733623
8402,3000,81970.917054
12158,3000,82014.320144
10932,3000,82064.326631
13600,3000,82110.83353
14082,3000,82151.633767
13736,3000,82192.869205
13420,3000,82231.722963
13416,3000,82272.184298
12994,3000,82307.525819
13392,3000,82346.332405
12410,3000,82386.828682
13112,3000,82556.665038
14160,3000,82596.469581
13288,3000,82634.181162
13688,3000,82676.886341
13204,3000,82717.697213
13992,3000,82760.246358
13676,3000,82801.195146
13610,3000,82840.652595
13342,3000,82885.472466
13346,3000,82926.060326
12456,3000,82961.432404
13736,3000,83006.148052
8732,3000,83068.328246
13360,3000,83113.462547
12880,3000,83153.699447
13390,3000,83197.024923
13924,3000,83241.151658
13308,3000,83286.285719
12848,3000,83327.27201
13000,3000,83367.528966
13252,3000,83410.113691
14000,3000,83448.844072
12574,3000,83487.67664
12920,3000,83531.102146
13374,3000,83572.981245
13776,3000,83619.332405
13366,3000,83658.167351
13000,3000,83696.814929
12908,3000,83736.952855
12648,3000,83776.036393
13630,3000,83818.430583
13034,3000,83860.881649
13858,3000,83903.19681
13164,3000,83948.339055
13306,3000,83990.065224
12316,3000,84033.620856
12236,3000,84077.342983
8994,3000,84138.964367
12850,3000,84186.804631
12878,3000,84226.103916
13350,3000,84266.417523
13086,3000,84303.68269
13510,3000,84338.56986
13588,3000,84380.82301
13246,3000,84427.122821
12864,3000,84462.736734
9180,3000,84525.674923
13018,3000,84569.52825
13296,3000,84608.276057
12936,3000,84646.663897
13090,3000,84689.321827
13082,3000,84730.71628
12878,3000,84771.820996
13374,3000,84810.638103
12560,3000,84856.57495
13264,3000,84899.495076
12808,3000,84943.992582
13590,3000,84988.589581
12514,3000,85030.891992
12858,3000,85077.017619
13330,3000,85119.17549
12150,3000,85166.672937
13316,3000,85210.903538
13144,3000,85252.045778
1326,3000,85352.671914
3990,3000,85453.847486
11798,3000,85503.144517
13182,3000,85697.663307
13160,3000,85738.52928
13024,3000,85783.098298
12898,3000,85822.624715
12838,3000,85864.651316
12362,3000,85907.483748
13256,3000,85944.749464
13020,3000,85984.974322
12416,3000,86021.452636
12714,3000,86063.222057
13032,3000,86102.860433
12798,3000,86145.754163
13128,3000,86187.787033
13168,3000,86230.518503
12494,3000,86274.713267
13942,3000,86316.473378
13534,3000,86357.713053
12792,3000,86394.909925
13284,3000,86438.745448
12692,3000,86481.240162
12592,3000,86523.117092
13376,3000,86567.8074
13700,3000,86610.606905
12562,3000,86652.272676
12690,3000,86694.787901
13144,3000,86736.662288
13902,3000,86780.812635
13698,3000,86822.658469
12632,3000,86863.524333
13250,3000,86904.161473
13582,3000,86941.744376
12716,3000,86983.226291
12558,3000,87028.481492
13192,3000,87076.513752
12838,3000,87117.217402
12918,3000,87161.167778
13634,3000,87200.226578
13146,3000,87234.288844
13570,3000,87271.945521
12934,3000,87311.864257
13370,3000,87353.866613
12968,3000,87397.372547
13646,3000,87439.41836
13334,3000,87485.160933
12878,3000,87526.987725
13268,3000,87571.004798
12570,3000,87607.358064
9032,3000,87675.419888
13096,3000,87718.542659
12822,3000,87756.914323
13364,3000,87800.977798
13208,3000,87841.209617
13320,3000,87881.482065
13326,3000,87919.722405
13354,3000,87964.338876
13494,3000,88007.173905
7472,3000,88087.859857
13868,3000,88123.90517
13498,3000,88161.856117
12910,3000,88202.639407
12798,3000,88244.968459
13048,3000,88283.882853
13096,3000,88319.634586
12932,3000,88359.859121
13676,3000,88399.493225
13426,3000,88439.280352
13502,3000,88482.280821
12770,3000,88687.361919
13392,3000,88729.055065
12638,3000,88766.69443
13362,3000,88807.326552
13608,3000,88850.157635
12890,3000,88887.584532
13620,3000,88922.734238
13116,3000,88958.297531
13008,3000,88997.75311
13184,3000,89043.560444
13168,3000,89084.493268
13408,3000,89127.515913
13322,3000,89169.685688
13152,3000,89205.059129
13144,3000,89246.901689
13174,3000,89289.311741
13308,3000,89328.569886
13774,3000,89367.879952
13404,3000,89408.655725
13712,3000,89454.280993
13178,3000,89496.273347
12988,3000,89531.711006
13050,3000,89573.583793
13528,3000,89613.822487
13294,3000,89659.782442
13182,3000,89705.592789
1448,3000,89809.915052
1682,3000,89916.224316
13516,3000,89960.505686
12494,3000,90007.961339
12268,3000,90047.736999
12682,3000,90089.058753
13388,3000,90129.307353
12940,3000,90170.558875
12796,3000,90211.737554
13192,3000,90251.885558
13316,3000,90289.205168
12982,3000,90330.994134
13570,3000,90371.879523
12850,3000,90412.362406
13272,3000,90450.619627
12818,3000,90487.278971
11702,3000,90530.890484
12354,3000,90569.807206
13148,3000,90608.894008
13516,3000,90651.314999
13296,3000,90690.038413
13172,3000,90733.002249
12092,3000,90775.774306
12874,3000,90815.006815
13166,3000,90854.041024
13270,3000,90894.217485
13638,3000,90933.819516
13848,3000,90974.783305
13534,3000,91014.088115
13184,3000,91054.565747
12714,3000,91094.061352
13282,3000,91137.040869
13222,3000,91179.004034
13236,3000,91223.333148
13606,3000,91261.233316
12814,3000,91303.375794
13914,3000,91345.733565
12900,3000,91387.835298
13922,3000,91434.478624
13084,3000,91474.060771
14252,3000,91699.12223
13198,3000,91737.373924
13494,3000,91779.423254
13776,3000,91821.119083
10512,3000,91880.811681
13462,3000,91920.709748
13406,3000,91961.317381
13454,3000,92000.671344
13334,3000,92043.27813
10906,3000,92088.545626
13064,3000,92127.053381
13010,3000,92170.047238
12866,3000,92211.244261
12864,3000,92255.14419
13786,3000,92288.607633
12610,3000,92331.508221
13106,3000,92374.57391
12852,3000,92413.58576
12864,3000,92453.227279
12718,3000,92488.997137
13066,3000,92527.682969
13552,3000,92571.377655
13630,3000,92610.814473
13422,3000,92652.673757
13576,3000,92695.808577
13316,3000,92736.657746
1146,3000,92849.291874
13404,3000,92894.836592
6106,3000,92984.287327
12758,3000,93030.139699
13194,3000,93068.504557
13470,3000,93105.422766
13542,3000,93146.253924
13064,3000,93185.099026
13374,3000,93222.825535
12248,3000,93261.169081
13018,3000,93298.644158
12716,3000,93341.264411
12962,3000,93377.76491
12924,3000,93421.254974
12976,3000,93460.121109
12572,3000,93504.829286
12984,3000,93552.71991
12410,3000,93593.286811
13166,3000,93633.396801
13402,3000,93672.173867
13208,3000,93715.013842
14120,3000,93759.791681
13208,3000,93803.38921
12622,3000,93842.405563
13316,3000,93882.505735
12650,3000,93919.077518
13416,3000,93960.137439
13244,3000,94002.745418
13186,3000,94046.943166
13576,3000,94088.573964
13586,3000,94128.779041
13120,3000,94169.982498
13586,3000,94212.820893
13504,3000,94256.821489
12908,3000,94298.743129
13876,3000,94332.330906
13232,3000,94375.947903
13014,3000,94417.318521
13368,3000,94455.83574
13958,3000,94494.714595
13538,3000,94532.795105
12248,3000,94800.669254
12820,3000,94843.216439
13012,3000,94885.98955
13132,3000,94927.708817
9574,3000,94989.400204
13170,3000,95032.549427
12860,3000,95075.15792
13434,3000,95114.936588
13470,3000,95156.186794
13040,3000,95201.098792
13524,3000,95242.331178
13246,3000,95286.268849
13616,3000,95323.438988
13470,3000,95361.734681
12924,3000,95398.682464
13708,3000,95440.024045
13660,3000,95476.510306
13794,3000,95508.368258
13394,3000,95553.405136
13102,3000,95592.437641
13504,3000,95630.060604
13622,3000,95672.387266
13674,3000,95712.525123
14218,3000,95751.528776
12892,3000,95788.593228
13514,3000,95829.471067
13422,3000,95870.919014
13042,3000,95907.488459
12944,3000,95947.886065
12874,3000,95993.259084
13314,3000,96036.429279
13172,3000,96073.165547
13160,3000,96113.202088
13462,3000,96158.365489
13216,3000,96196.694149
12654,3000,96237.699756
13108,3000,96279.735999
13496,3000,96323.067533
13992,3000,96363.918732
12976,3000,96403.62504
13662,3000,96438.556749
12654,3000,96478.466048
13270,3000,96516.95507
13102,3000,96558.43604
13226,3000,96600.729486
13282,3000,96644.874039
13652,3000,96680.084235
13304,3000,96724.913775
12878,3000,96768.093041
12952,3000,96812.983727
13230,3000,96858.18375
13268,3000,96896.768059
13336,3000,96938.293811
13696,3000,96981.816136
12992,3000,97024.043226
12568,3000,97061.841636
12750,3000,97105.049486
13176,3000,97146.837843
13820,3000,97190.587192
13396,3000,97232.056917
13122,3000,97276.388875
12800,3000,97319.282577
12946,3000,97359.697119
12600,3000,97400.600975
12720,3000,97443.196985
13210,3000,97483.979943
13198,3000,97524.053841
13048,3000,97777.977439
12642,3000,97817.268903
13360,3000,97862.161748
13120,3000,97904.585264
11478,3000,97955.858621
12616,3000,97995.876974
13082,3000,98035.086774
13068,3000,98077.178925
12130,3000,98117.090704
13140,3000,98158.694322
12852,3000,98201.070563
12578,3000,98245.169872
13388,3000,98290.146422
12996,3000,98336.587668
13452,3000,98382.7721
12822,3000,98425.682181
13370,3000,98474.589224
13232,3000,98519.423661
12356,3000,98563.013421
13134,3000,98610.658832
12910,3000,98662.02248
13592,3000,98710.503956
12884,3000,98760.290125
13034,3000,98801.455307
13468,3000,98845.329728
12888,3000,98888.551342
12436,3000,98937.424455
12522,3000,98988.596502
13326,3000,99035.295399
12832,3000,99081.230883
12992,3000,99128.045182
12994,3000,99179.286867
13098,3000,99231.524857
9382,3000,99333.771457
13478,3000,99386.800611
12882,3000,99438.557651
13242,3000,99485.65268
10770,3000,99555.628923
12238,3000,99606.758572
13296,3000,99657.093129
7726,3000,99760.989944
13104,3000,99818.994962
12894,3000,99869.197966
12418,3000,99921.991125
11288,3000,99991.613596
12968,3000,100041.133421
13656,3000,100091.39436
12494,3000,100146.021975
13412,3000,100195.711667
13418,3000,100246.209298
12620,3000,100298.879135
13300,3000,100347.67948
13260,3000,100400.407813
12826,3000,100454.378545
12824,3000,100504.373308
13736,3000,100558.31039
14030,3000,100609.440883
13602,3000,100657.460954
13810,3000,100710.593856
13162,3000,100757.574506
13074,3000,100804.319445
13398,3000,100851.437251
13438,3000,100898.792699
13028,3000,100940.52823
13152,3000,100984.196517
12698,3000,101029.55862
13120,3000,101237.827293
12830,3000,101285.15343
13002,3000,101332.926883
12710,3000,101384.953806
11268,3000,101448.979518
11848,3000,101504.554876
13552,3000,101561.877575
11632,3000,101626.829675
12540,3000,101679.289197
11962,3000,101722.325752
11878,3000,101787.573146
12450,3000,101846.063582
12236,3000,101901.75581
12734,3000,101950.429557
11782,3000,102021.117869
12186,3000,102082.434658
12492,3000,102134.416024
12398,3000,102200.131998
12576,3000,102262.08088
12678,3000,102316.141866
11042,3000,102401.36986
12736,3000,102450.290776
13350,3000,102501.278054
13464,3000,102557.994223
13244,3000,102616.876699
12570,3000,102665.75078
13052,3000,102722.764517
12576,3000,102775.677318
12990,3000,102831.860742
13130,3000,102886.551782
12896,3000,102937.290139
13142,3000,102986.940216
13168,3000,103037.909222
12950,3000,103091.956956
12242,3000,103137.999563
13138,3000,103185.001168
12766,3000,103234.809915
12512,3000,103286.104503
13182,3000,103337.453466
13762,3000,103383.293389
13100,3000,103431.296861
13008,3000,103481.271428
13036,3000,103538.595098
13140,3000,103589.764493
13210,3000,103643.59558
13592,3000,103688.183832
12768,3000,103736.12755
13420,3000,103787.927161
10570,3000,103867.656179
13096,3000,103923.839447
12716,3000,103980.847876
13016,3000,104035.17607
11488,3000,104110.28984
12586,3000,104168.14861
13410,3000,104218.680529
12718,3000,104274.588815
13272,3000,104327.88135
12600,3000,104383.088919
12830,3000,104439.046845
12884,3000,104498.003071
13226,3000,104549.60442
12754,3000,104605.26088
13630,3000,104656.448212
12944,3000,104704.350293
12128,3000,104753.296705
12548,3000,104814.749196
12816,3000,104860.936812
13252,3000,105045.298322
12892,3000,105097.029724
12966,3000,105148.136959
12734,3000,105203.141785
13324,3000,105252.217952
12938,3000,105307.618155
12228,3000,105358.329505
13426,3000,105408.469184
13316,3000,105455.4389
12878,3000,105506.482375
13576,3000,105562.477391
13222,3000,105615.694543
13122,3000,105673.289496
13384,3000,105729.02072
12548,3000,105786.611809
13146,3000,105837.541352
13178,3000,105889.419295
12928,3000,105942.549336
12098,3000,105999.735933
12474,3000,106048.005187
13260,3000,106103.676659
12332,3000,106165.203127
11938,3000,106221.130634
12744,3000,106271.409091
13052,3000,106329.369123
12404,3000,106387.674678
12604,3000,106443.110256
13096,3000,106495.697596
12668,3000,106547.612
12338,3000,106600.862263
12926,3000,106653.28068
12798,3000,106708.20784
12882,3000,106758.456431
13610,3000,106811.549803
13276,3000,106861.356782
13298,3000,106914.792825
13450,3000,106965.687881
12998,3000,107023.623873
13522,3000,107077.504253
13430,3000,107130.968014
12392,3000,107186.693784
12536,3000,107249.5816
13386,3000,107300.740022
13112,3000,107356.032586
13204,3000,107411.12078
12278,3000,107465.903833
12866,3000,107509.464635
12632,3000,107561.664066
12480,3000,107612.532726
11304,3000,107672.006886
12688,3000,107730.838278
12652,3000,107789.74874
13048,3000,107839.818116
12428,3000,107902.688315
12634,3000,107953.781893
13128,3000,108004.976823
14126,3000,108062.593195
12220,3000,108115.323089
12956,3000,108169.258792
12812,3000,108226.379272
12618,3000,108280.669326
13306,3000,108332.292788
13078,3000,108383.047561
13050,3000,108440.780635
13072,3000,108496.616772
13760,3000,108549.632428
13124,3000,108593.913133
13318,3000,108853.098977
13736,3000,108904.779985
13358,3000,108956.587472
13242,3000,109005.861672
12882,3000,109054.942295
13792,3000,109107.868548
12842,3000,109150.798044
13152,3000,109201.763887
13122,3000,109250.148022
12730,3000,109301.175461
13148,3000,109343.679623
12544,3000,109393.326134
12552,3000,109441.075435
12962,3000,109496.933124
12444,3000,109551.526734
13286,3000,109600.242973
12648,3000,109641.054651
13072,3000,109692.616506
13570,3000,109743.644086
12704,3000,109789.744307
12964,3000,109846.077193
12378,3000,109908.497526
12728,3000,109961.136149
12136,3000,110020.535596
12550,3000,110071.77647
12672,3000,110122.625329
13140,3000,110171.021131
12138,3000,110225.686907
13120,3000,110265.309341
11818,3000,110328.837846
13352,3000,110376.915241
12844,3000,110427.984393
12188,3000,110477.722355
12680,3000,110526.272984
13380,3000,110578.668616
12276,3000,110627.397808
12808,3000,110679.435684
12966,3000,110728.740069
12970,3000,110787.017356
12708,3000,110831.483434
12370,3000,110882.79807
13064,3000,110935.336886
12302,3000,110987.116962
12808,3000,111035.048421
12884,3000,111076.369042
13088,3000,111127.740465
13388,3000,111176.481546
13038,3000,111227.466691
12952,3000,111282.297266
13260,3000,111330.416234
12938,3000,111380.238228
13368,3000,111433.482814
12950,3000,111481.060723
12626,3000,111536.795618
13164,3000,111584.08395
13062,3000,111633.85443
12718,3000,111684.060384
12922,3000,111742.921438
12738,3000,111804.727025
12590,3000,111853.390886
13430,3000,111904.569981
13368,3000,111956.957267
12408,3000,112017.820069
12422,3000,112074.75628
12266,3000,112127.968019
12984,3000,112176.916379
12988,3000,112454.360847
13328,3000,112505.726362
13092,3000,112551.523286
12468,3000,112601.312061
12732,3000,112658.074754
12874,3000,112709.206929
13754,3000,112755.948871
13688,3000,112808.958523
13324,3000,112856.629395
12642,3000,112909.714728
12928,3000,112961.212426
13086,3000,113016.130947
12580,3000,113068.751694
12688,3000,113118.296151
12858,3000,113172.840331
12728,3000,113226.290272
13000,3000,113279.94556
13074,3000,113336.987563
12996,3000,113389.426264
11190,3000,113450.259376
12714,3000,113503.90339
13264,3000,113557.426044
13060,3000,113607.00265
12976,3000,113659.336638
12570,3000,113705.655189
13362,3000,113758.679673
7940,3000,113830.98841
12438,3000,113884.045073
13154,3000,113937.838768
12568,3000,113989.894359
13202,3000,114044.247989
12628,3000,114105.430893
12746,3000,114156.898621
12112,3000,114212.349625
13246,3000,114267.807985
13102,3000,114313.750858
13170,3000,114367.611818
13032,3000,114414.731297
12966,3000,114467.154581
12572,3000,114515.175253
12740,3000,114562.638336
12624,3000,114614.094083
13038,3000,114660.510545
12628,3000,114713.034886
13104,3000,114768.496384
13290,3000,114822.354244
12640,3000,114872.931289
12482,3000,114925.741819
13020,3000,114972.197294
13376,3000,115016.777566
13454,3000,115066.965837
13190,3000,115123.284994
12792,3000,115168.089482
13150,3000,115215.758187
12928,3000,115267.10745
12882,3000,115320.120433
12944,3000,115368.063538
12840,3000,115421.823498
12354,3000,115478.117646
12258,3000,115530.630337
12318,3000,115586.414149
12000,3000,115646.02169
13018,3000,115694.867429
11542,3000,115751.621222
12174,3000,115801.557917
13072,3000,115858.120743
13034,3000,115905.625175
12484,3000,116162.634523
12820,3000,116215.758163
12734,3000,116258.472492
13118,3000,116311.901299
12910,3000,116364.690712
13034,3000,116415.608257
12532,3000,116471.736763
13064,3000,116522.155107
12998,3000,116570.059878
12726,3000,116626.412785
13128,3000,116680.287613
13614,3000,116727.250506
12902,3000,116778.31495
13086,3000,116828.358855
13216,3000,116875.420403
12562,3000,116923.491513
13010,3000,116976.298759
13104,3000,117032.296393
13110,3000,117083.330791
12794,3000,117128.034187
13100,3000,117182.343239
13030,3000,117232.064985
12124,3000,117278.212654
12458,3000,117326.946366
12686,3000,117374.9648
12902,3000,117425.762672
11216,3000,117495.08762
13428,3000,117544.003199
12670,3000,117594.2592
12600,3000,117644.489289
12870,3000,117694.832528
12480,3000,117748.309783
10764,3000,117814.238662
12728,3000,117864.648923
11882,3000,117922.900322
13658,3000,117968.195922
13318,3000,118013.967582
12608,3000,118061.91191
11820,3000,118120.14458
13222,3000,118173.166579
12656,3000,118223.845515
12594,3000,118276.552802
12846,3000,118325.18949
13138,3000,118374.236418
12896,3000,118432.443688
13192,3000,118481.785331
12456,3000,118542.34661
12932,3000,118594.199237
12658,3000,118650.437381
12712,3000,118704.295988
11784,3000,118756.874385
12714,3000,118807.817104
12952,3000,118859.667011
12934,3000,118905.66196
11754,3000,118953.839077
12942,3000,119007.881716
13162,3000,119062.075029
13198,3000,119110.668366
13594,3000,119165.01915
12614,3000,119219.604616
12556,3000,119273.209245
12670,3000,119325.555271
12840,3000,119372.942379
12672,3000,119421.994118
12720,3000,119468.61612
12982,3000,119521.397783
13124,3000,119572.705891
13026,3000,119872.504543
13156,3000,119931.10575
12886,3000,119976.616219
12800,3000,120023.963799
12420,3000,120073.157845
12696,3000,120119.886793
12910,3000,120171.424649
12864,3000,120220.261206
12244,3000,120271.45781
12834,3000,120328.557651
13368,3000,120375.786809
12706,3000,120428.880641
12336,3000,120480.192499
13150,3000,120531.278185
13276,3000,120580.110643
12348,3000,120629.783813
12750,3000,120679.520488
12794,3000,120732.904191
12200,3000,120794.175488
13574,3000,120844.025486
13142,3000,120892.492595
12836,3000,120941.801256
12896,3000,120991.708932
12966,3000,121042.58992
13080,3000,121098.052373
13430,3000,121142.410584
13580,3000,121193.029559
13152,3000,121244.752571
13204,3000,121294.106633
11948,3000,121344.711257
13518,3000,121396.719679
12516,3000,121446.097818
13030,3000,121497.543682
12540,3000,121548.804416
12894,3000,121591.906851
12704,3000,121644.935868
12656,3000,121693.00767
12454,3000,121744.314898
12760,3000,121787.852707
12506,3000,121837.558277
13282,3000,121886.838405
10546,3000,121944.522826
13324,3000,122000.034675
12420,3000,122050.498973
12836,3000,122101.622406
12838,3000,122157.316443
13162,3000,122211.057274
13324,3000,122261.164989
12028,3000,122308.87584
12774,3000,122363.753487
12918,3000,122420.169554
12136,3000,122471.355206
13996,3000,122519.132678
12746,3000,122569.478437
12138,3000,122623.845222
12264,3000,122679.692758
12628,3000,122736.299694
12408,3000,122797.426933
13036,3000,122846.165682
13046,3000,122895.923023
12900,3000,122953.050353
12352,3000,123003.693446
13024,3000,123053.078225
12608,3000,123103.872536
12956,3000,123155.375086
13128,3000,123206.331994
12378,3000,123508.549402
12808,3000,123553.776766
13074,3000,123604.354916
12062,3000,123656.636152
12476,3000,123702.396586
12326,3000,123749.7279
13130,3000,123804.819211
13374,3000,123862.154694
12450,3000,123916.307744
13160,3000,123973.259905
12716,3000,124024.366139
12880,3000,124073.006308
13712,3000,124129.038989
13406,3000,124184.719554
12622,3000,124231.891186
12722,3000,124281.264096
13604,3000,124334.345984
12756,3000,124386.035565
13198,3000,124438.570198
12992,3000,124491.406811
13072,3000,124542.619007
12922,3000,124600.536675
13276,3000,124653.876926
13582,3000,124710.904325
12954,3000,124759.269971
12988,3000,124806.898488
12932,3000,124862.130627
12186,3000,124911.695057
12480,3000,124965.788548
12922,3000,125021.457319
12786,3000,125073.850937
12786,3000,125129.532297
13220,3000,125187.307758
13228,3000,125243.493595
12878,3000,125294.956349
12662,3000,125348.643843
12342,3000,125405.893356
12732,3000,125459.932662
12462,3000,125514.421567
12682,3000,125571.813333
11788,3000,125625.945897
12856,3000,125678.745018
12080,3000,125729.187951
12306,3000,125774.697725
12552,3000,125822.093692
12488,3000,125867.384952
12000,3000,125916.339362
12532,3000,125967.278047
13126,3000,126021.966624
13022,3000,126079.892946
12674,3000,126131.936279
12910,3000,126183.917087
13318,3000,126233.646343
12766,3000,126288.058082
13230,3000,126336.350887
12718,3000,126383.570996
12840,3000,126431.075452
13064,3000,126483.524917
12442,3000,126532.238313
12956,3000,126579.81473
12892,3000,126623.21733
12856,3000,126682.404769
13020,3000,126736.487167
13066,3000,126779.408601
13436,3000,126833.559551
13046,3000,126889.183352
13078,3000,126941.395069
13148,3000,127258.388063
12578,3000,127314.417797
12364,3000,127371.696196
12506,3000,127423.257535
13346,3000,127470.303771
12948,3000,127525.527101
12630,3000,127577.149618
12868,3000,127631.869991
13360,3000,127681.642301
13580,3000,127735.737709
13226,3000,127792.02624
12900,3000,127848.377421
12804,3000,127900.708101
12350,3000,127948.932098
12566,3000,128004.274697
12668,3000,128057.680206
12212,3000,128114.205063
13418,3000,128163.038834
13058,3000,128216.694777
12846,3000,128266.760093
12216,3000,128329.138296
12958,3000,128383.716053
13016,3000,128436.11847
12136,3000,128489.01252
12874,3000,128539.169701
12366,3000,128586.520556
12434,3000,128637.657954
12976,3000,128688.95832
12820,3000,128736.344706
13188,3000,128792.814288
12966,3000,128844.420472
13142,3000,128892.548075
13174,3000,128951.392705
12766,3000,129003.155706
12436,3000,129061.753083
11888,3000,129116.665532
12696,3000,129168.694152
13182,3000,129216.323713
12846,3000,129261.667526
12878,3000,129318.683009
12326,3000,129374.341606
12982,3000,129425.900524
13344,3000,129477.009481
12430,3000,129523.877754
12686,3000,129580.180799
13220,3000,129632.449895
12668,3000,129688.388671
12686,3000,129739.690481
13088,3000,129794.123454
12292,3000,129843.765289
13724,3000,129893.291118
12984,3000,129950.717845
13178,3000,129998.890887
12720,3000,130053.730805
13148,3000,130105.54649
12392,3000,130164.378243
13314,3000,130216.412497
12854,3000,130266.908723
12554,3000,130320.9823
13012,3000,130374.884145
12892,3000,130425.270607
12698,3000,130474.106774
13134,3000,130519.221088
13404,3000,130569.897119
12252,3000,130617.24229
13616,3000,130656.069493
12502,3000,130702.006975
13288,3000,131027.432968
13176,3000,131074.731449
12472,3000,131127.093045
13316,3000,131178.964018
13150,3000,131234.389257
13058,3000,131284.845038
12636,3000,131341.398557
12298,3000,131398.138613
11986,3000,131454.063585
13330,3000,131508.462752
12696,3000,131563.550229
12848,3000,131620.36818
12420,3000,131677.977167
12596,3000,131730.244778
12144,3000,131782.915812
13280,3000,131837.08839
12404,3000,131886.901246
12642,3000,131935.160121
12756,3000,131994.770953
13500,3000,132043.436163
13796,3000,132103.643169
13088,3000,132154.249891
12996,3000,132200.702449
13170,3000,132245.285847
12618,3000,132303.479326
12300,3000,132356.540241
12950,3000,132409.464866
13068,3000,132464.588058
12002,3000,132516.078047
13326,3000,132571.963179
13736,3000,132621.379359
13038,3000,132672.596242
12806,3000,132726.424043
12048,3000,132781.034235
12762,3000,132834.704503
13406,3000,132887.992453
11994,3000,132938.80578
12482,3000,132986.625965
13086,3000,133035.522042
12624,3000,133083.839741
12528,3000,133137.648192
12910,3000,133195.891788
13058,3000,133246.057173
12588,3000,133303.461652
12274,3000,133359.206042
12686,3000,133405.420028
13802,3000,133455.550633
12394,3000,133511.392344
13582,3000,133561.481816
13370,3000,133610.493441
12582,3000,133663.525395
13160,3000,133721.525608
13312,3000,133771.083034
12710,3000,133825.428882
12936,3000,133875.702308
12798,3000,133926.096304
12816,3000,133985.262894
12280,3000,134038.184733
12402,3000,134090.83694
12436,3000,134150.132214
12800,3000,134205.793356
11648,3000,134263.058264
13094,3000,134318.579768
12568,3000,134382.972198
13220,3000,134432.066305
12792,3000,134486.157654
13446,3000,134781.736089
13368,3000,134838.837958
12952,3000,134889.851217
12652,3000,134939.963876
12806,3000,134988.037817
12644,3000,135034.695393
13116,3000,135083.64303
13034,3000,135124.937215
13894,3000,135171.361847
12634,3000,135231.108643
13016,3000,135288.243481
13030,3000,135339.787041
12822,3000,135386.977719
13400,3000,135438.221033
12484,3000,135489.424147
12694,3000,135541.742101
12992,3000,135598.483627
12712,3000,135654.267872
13352,3000,135708.038992
12662,3000,135758.358655
12856,3000,135801.276761
12232,3000,135853.71405
12412,3000,135906.916263
13000,3000,135960.667969
13272,3000,136010.75983
12666,3000,136064.768146
13128,3000,136112.778278
11850,3000,136165.682762
12640,3000,136223.043414
12592,3000,136272.345075
13288,3000,136319.520357
13548,3000,136364.940987
12672,3000,136415.739125
12712,3000,136466.472009
12884,3000,136518.142196
12928,3000,136563.902667
12910,3000,136613.771401
12780,3000,136659.527562
13022,3000,136713.929295
12778,3000,136766.524255
13028,3000,136818.374598
12606,3000,136867.344653
13420,3000,136910.098817
12840,3000,136963.546944
13238,3000,137013.29687
12944,3000,137067.14889
12950,3000,137117.254923
12550,3000,137166.480103
12674,3000,137229.637042
13110,3000,137281.331211
13514,3000,137331.372778
12882,3000,137378.470747
13452,3000,137429.079084
13044,3000,137485.295511
12634,3000,137535.115791
12986,3000,137582.798207
13174,3000,137630.348585
12102,3000,137679.749825
13358,3000,137737.308681
12854,3000,137793.233789
13156,3000,137845.248012
13140,3000,137899.421973
12622,3000,137948.152644
12334,3000,138000.878689
12966,3000,138056.791796
13032,3000,138104.378004
13138,3000,138162.696073
13194,3000,138492.830845
13446,3000,138547.825229
13338,3000,138608.584998
12996,3000,138651.872929
13288,3000,138705.405741
11836,3000,138768.97543
13250,3000,138818.198615
12970,3000,138867.09812
12878,3000,138919.890957
13284,3000,138971.697624
13162,3000,139022.383442
13140,3000,139068.528911
13056,3000,139127.195742
13046,3000,139176.890609
12818,3000,139225.809913
13538,3000,139278.52004
12492,3000,139329.144799
12838,3000,139387.089818
13130,3000,139437.384395
12400,3000,139493.577355
13516,3000,139540.758987
12224,3000,139592.686265
12746,3000,139645.88585
13184,3000,139704.9436
12994,3000,139757.58363
13338,3000,139814.344994
12922,3000,139866.859763
12748,3000,139915.649422
12936,3000,139965.162454
13026,3000,140019.286936
12310,3000,140069.719164
13086,3000,140117.979167
13084,3000,140170.870597
12956,3000,140217.274703
13072,3000,140264.402016
12454,3000,140323.280581
12374,3000,140374.476418
13070,3000,140429.849059
13426,3000,140477.771337
13354,3000,140529.669577
12882,3000,140579.695069
13022,3000,140636.372526
12988,3000,140685.829446
12486,3000,140739.072415
12840,3000,140782.313318
12872,3000,140825.716536
12932,3000,140877.134796
13076,3000,140924.662405
13332,3000,140980.092055
12692,3000,141028.157294
13166,3000,141079.539426
12960,3000,141127.897742
12430,3000,141187.314075
12746,3000,141242.677828
12348,3000,141295.775246
12610,3000,141344.016499
11760,3000,141404.101144
11346,3000,141465.954414
12668,3000,141515.320343
11824,3000,141572.159336
12932,3000,141626.445827
12264,3000,141683.544327
12698,3000,141737.815209
12904,3000,141791.261156
12380,3000,141845.327308
13126,3000,141893.187631
13178,3000,141951.349996
12820,3000,142236.806803
12332,3000,142279.907308
13076,3000,142331.87043
13296,3000,142383.415329
12950,3000,142426.901987
12258,3000,142475.065777
12504,3000,142523.728184
12506,3000,142576.587088
13126,3000,142632.264281
12852,3000,142684.667797
12698,3000,142738.318598
12910,3000,142788.030691
12742,3000,142845.602337
13036,3000,142900.20995
13762,3000,142947.936291
12532,3000,142996.239237
12928,3000,143047.56827
13378,3000,143100.418416
13300,3000,143154.97843
12772,3000,143203.720545
12584,3000,143253.881644
12544,3000,143306.461818
13122,3000,143351.756324
12558,3000,143406.877602
12270,3000,143457.897493
12882,3000,143510.01615
12628,3000,143561.851372
12766,3000,143613.412365
12610,3000,143664.619824
12604,3000,143711.560813
12736,3000,143762.126681
12156,3000,143809.595835
13334,3000,143856.477382
12624,3000,143910.668611
11762,3000,143962.250858
13346,3000,144017.640631
12972,3000,144066.338129
12982,3000,144116.008657
12890,3000,144170.053185
13668,3000,144225.878931
13088,3000,144270.145016
12762,3000,144321.872409
13064,3000,144371.891757
12922,3000,144426.945939
13390,3000,144477.56631
12840,3000,144527.363352
13526,3000,144581.615668
12952,3000,144631.399446
12332,3000,144683.385072
11944,3000,144740.564997
12514,3000,144796.450969
13034,3000,144852.070611
12222,3000,144898.957786
12694,3000,144956.235532
12542,3000,145009.8443
12838,3000,145054.292328
12540,3000,145106.782401
12552,3000,145163.042071
12910,3000,145213.934881
13280,3000,145266.153537
13390,3000,145315.172791
13140,3000,145369.919661
13296,3000,145428.03833
13320,3000,145480.869711
13920,3000,145529.99182
13634,3000,145580.186751
13746,3000,145870.2887
13066,3000,145918.043194
13226,3000,145972.592917
12422,3000,146025.903774
13326,3000,146078.48947
12256,3000,146131.102212
12292,3000,146182.435942
12050,3000,146227.892338
12772,3000,146280.516476
12966,3000,146330.165086
12706,3000,146383.536729
13442,3000,146434.472421
12952,3000,146490.178503
12650,3000,146538.898563
12690,3000,146584.306712
12702,3000,146633.858024
13028,3000,146682.915664
12850,3000,146731.874043
13172,3000,146782.421686
13264,3000,146835.015877
13862,3000,146882.554743
12922,3000,146936.166616
12710,3000,146984.84802
12630,3000,147030.491202
12814,3000,147081.466083
12356,3000,147131.762378
12846,3000,147184.365322
12534,3000,147240.469278
12678,3000,147291.347083
11870,3000,147351.50943
12674,3000,147405.820348
12878,3000,147458.008096
12800,3000,147505.911007
13058,3000,147562.154219
13224,3000,147611.238134
13436,3000,147656.546273
12998,3000,147714.944693
13118,3000,147768.181767
13130,3000,147817.948269
12962,3000,147874.609562
12336,3000,147925.22729
13618,3000,147980.115653
13028,3000,148028.697044
12428,3000,148080.485914
12982,3000,148125.613693
13014,3000,148177.775947
12490,3000,148229.625742
12898,3000,148286.58232
12344,3000,148338.937764
12536,3000,148388.750268
12814,3000,148441.908415
12258,3000,148495.790867
13092,3000,148546.554339
12780,3000,148589.895699
12944,3000,148639.724703
13070,3000,148686.713819
12984,3000,148738.381645
13156,3000,148790.224524
12956,3000,148838.845123
12898,3000,148898.195377
13504,3000,148949.089439
13400,3000,149001.531838
12686,3000,149052.441218
12244,3000,149094.305678
13566,3000,149142.884095
13776,3000,149196.22419
13560,3000,149244.112809
13304,3000,149550.41628
12846,3000,149605.45794
13390,3000,149657.173729
13140,3000,149707.24406
12448,3000,149762.648817
12040,3000,149813.703894
12560,3000,149869.20654
13040,3000,149910.323959
12512,3000,149961.852384
12202,3000,150017.999145
13450,3000,150073.066478
13420,3000,150118.963126
12758,3000,150173.525386
13122,3000,150217.206795
13026,3000,150267.816981
12648,3000,150318.198531
13062,3000,150369.520198
12212,3000,150420.723181
13388,3000,150469.271588
12944,3000,150519.429188
13678,3000,150571.510774
13490,3000,150620.856025
13284,3000,150674.639289
12408,3000,150734.546773
12454,3000,150785.225561
12738,3000,150839.035753
12676,3000,150885.553928
13482,3000,150941.072227
12924,3000,150991.804518
13560,3000,151046.38253
13584,3000,151100.064972
12506,3000,151149.530853
13156,3000,151199.118353
12948,3000,151257.077523
12902,3000,151304.633293
12984,3000,151359.731719
13052,3000,151410.372551
13530,3000,151464.494744
12870,3000,151515.153922
13704,3000,151571.930883
12626,3000,151622.132407
13098,3000,151673.974694
13152,3000,151726.346789
11666,3000,151781.094263
12974,3000,151829.38162
12792,3000,151879.804502
13282,3000,151926.96373
13220,3000,151973.445859
12714,3000,152024.085131
12886,3000,152075.378556
12894,3000,152126.218002
13586,3000,152178.276674
13306,3000,152231.988298
13550,3000,152280.479377
13858,3000,152332.201704
13676,3000,152384.924371
13348,3000,152434.960183
13510,3000,152487.027509
14114,3000,152543.793314
12996,3000,152600.865512
12734,3000,152655.421067
12972,3000,152706.583139
12700,3000,152761.310786
11776,3000,152812.384462
13330,3000,152866.25211
12670,3000,152919.835085
13022,3000,152973.816208
12626,3000,153297.072665
12702,3000,153348.644443
12766,3000,153400.087741
12554,3000,153451.445877
12374,3000,153503.758572
12758,3000,153564.364573
13004,3000,153620.521673
12470,3000,153684.517868
12536,3000,153736.490656
12334,3000,153789.294079
12530,3000,153838.081422
12504,3000,153899.044274
12992,3000,153952.264716
13226,3000,154007.411603
13830,3000,154057.752589
12746,3000,154113.32908
13144,3000,154170.76023
13312,3000,154223.093141
13158,3000,154274.614855
12534,3000,154314.877081
11710,3000,154362.620588
12996,3000,154411.198212
12646,3000,154462.700177
13212,3000,154508.687833
12802,3000,154553.208908
12926,3000,154602.529171
13510,3000,154649.841902
12976,3000,154703.8153
12546,3000,154751.048712
13912,3000,154801.380521
13200,3000,154849.184438
12878,3000,154898.658066
12922,3000,154948.458913
13970,3000,155003.753768
13428,3000,155052.961715
13266,3000,155095.09508
13156,3000,155139.923985
13194,3000,155191.592371
12422,3000,155242.822134
13598,3000,155288.117239
12714,3000,155337.98632
12018,3000,155389.548307
12886,3000,155444.525564
12878,3000,155499.100831
12892,3000,155545.041072
13522,3000,155595.718947
13646,3000,155647.324841
13070,3000,155692.904402
13688,3000,155744.735272
13552,3000,155796.54319
14046,3000,155840.73981
13564,3000,155896.191025
12606,3000,155948.676428
13506,3000,156003.261328
13160,3000,156063.025716
13406,3000,156112.894719
13292,3000,156164.011756
13092,3000,156210.022121
12762,3000,156255.274137
13018,3000,156297.618397
12954,3000,156346.456193
11968,3000,156397.37046
12772,3000,156450.786653
12638,3000,156505.999827
13234,3000,156554.313592
12928,3000,156602.670779
12834,3000,156908.98206
13316,3000,156958.236504
12724,3000,157011.394754
13026,3000,157060.154023
13452,3000,157107.413708
12742,3000,157160.014165
13422,3000,157207.699688
13816,3000,157258.313315
13100,3000,157310.503399
12558,3000,157360.485984
13846,3000,157405.538877
13308,3000,157443.941806
13464,3000,157485.520987
14302,3000,157522.84474
13428,3000,157563.334707
12824,3000,157608.314907
14068,3000,157644.816919
13794,3000,157682.508586
13782,3000,157727.01286
13416,3000,157771.741174
14434,3000,157809.937291
12418,3000,157863.326245
14846,3000,157897.956492
13306,3000,157938.690954
13398,3000,157971.943313
13686,3000,158005.785747
14206,3000,158042.117897
13992,3000,158082.941308
13920,3000,158121.504205
14380,3000,158156.146293
13972,3000,158195.587819
14084,3000,158230.102415
13932,3000,158267.118736
13982,3000,158305.589631
14086,3000,158341.470544
14064,3000,158381.161863
14328,3000,158419.443466
14144,3000,158456.913608
14318,3000,158495.031892
14118,3000,158530.016645
14072,3000,158568.763114
14400,3000,158604.57885
14168,3000,158643.931925
14032,3000,158681.657115
13856,3000,158724.17642
14508,3000,158767.16723
14172,3000,158809.319335
14090,3000,158844.81292
14128,3000,158881.93698
14090,3000,158919.255883
14922,3000,158957.312047
13874,3000,158998.528454
13526,3000,159035.211174
13716,3000,159074.941819
14234,3000,159113.145484
13798,3000,159146.074556
13674,3000,159180.575166
14024,3000,159219.50808
13886,3000,159259.175122
14018,3000,159296.18054
13866,3000,159332.85294
13570,3000,159367.636538
14200,3000,159401.866621
13714,3000,159431.784227
13630,3000,159467.574197
13670,3000,159506.253727
13480,3000,159540.582147
12714,3000,159840.860032
13992,3000,159880.51806
13624,3000,159921.358982
13548,3000,159969.232769
13878,3000,160005.097211
13622,3000,160042.235748
13024,3000,160078.64416
13764,3000,160113.813985
14106,3000,160152.691791
13760,3000,160190.705028
14482,3000,160236.196039
14506,3000,160275.400072
14822,3000,160315.792144
13824,3000,160356.871648
14050,3000,160394.026555
14472,3000,160432.326316
14158,3000,160470.296722
14254,3000,160498.341814
13988,3000,160536.676648
13588,3000,160567.387466
14162,3000,160609.002119
15130,3000,160643.483234
14118,3000,160676.968288
14366,3000,160714.904366
14244,3000,160748.026192
13640,3000,160782.838717
14218,3000,160815.447587
14384,3000,160850.179721
13576,3000,160885.413718
13754,3000,160928.139945
14120,3000,160965.337604
13322,3000,161008.934821
14026,3000,161044.821246
13458,3000,161083.729546
13898,3000,161117.963657
14492,3000,161153.141676
13492,3000,161191.134929
14500,3000,161232.58728
13946,3000,161268.864515
14428,3000,161309.950637
13214,3000,161352.766171
14370,3000,161389.27673
13524,3000,161425.843282
14370,3000,161466.097765
13808,3000,161503.169847
14332,3000,161540.378428
14736,3000,161579.571196
13882,3000,161618.871387
14486,3000,161654.348902
14040,3000,161690.052365
14722,3000,161722.82754
14882,3000,161755.936337
14410,3000,161796.177222
14140,3000,161829.921179
13956,3000,161871.536315
14052,3000,161909.315594
14552,3000,161947.312087
13688,3000,161985.068915
13840,3000,162018.864394
14556,3000,162055.538496
14034,3000,162092.099054
13296,3000,162127.966858
14370,3000,162164.6012
14084,3000,162201.897929
14424,3000,162240.369054
14082,3000,162283.516526
14450,3000,162321.497414
14082,3000,162661.236661
14066,3000,162699.0516
14578,3000,162734.998158
13722,3000,162776.717986
14546,3000,162812.609161
14098,3000,162853.059759
13596,3000,162887.293892
14342,3000,162926.394579
14260,3000,162961.607256
14322,3000,162995.289741
14508,3000,163033.18395
14550,3000,163072.880816
13608,3000,163112.178071
14220,3000,163156.301512
14976,3000,163192.754918
14298,3000,163226.921671
14552,3000,163263.736092
14320,3000,163302.396096
14342,3000,163339.748524
14712,3000,163375.83877
14892,3000,163413.343245
13558,3000,163449.646378
14538,3000,163488.051216
14750,3000,163522.009889
14076,3000,163559.668102
14298,3000,163599.028988
14658,3000,163632.466394
14482,3000,163674.827471
13596,3000,163716.423311
14614,3000,163748.713029
14286,3000,163780.632599
14220,3000,163818.621753
14486,3000,163860.77117
14802,3000,163901.870901
14314,3000,163941.501901
14232,3000,163983.646879
14202,3000,164018.417692
14558,3000,164056.134717
14790,3000,164096.801649
14176,3000,164137.642156
14324,3000,164178.366332
14360,3000,164211.807843
14346,3000,164246.828927
14518,3000,164285.848214
14674,3000,164326.347236
14212,3000,164366.789595
14262,3000,164396.974471
14318,3000,164437.942163
14142,3000,164480.907778
14246,3000,164518.232417
14696,3000,164560.008993
14120,3000,164596.629468
14226,3000,164634.477223
13870,3000,164673.603936
13902,3000,164710.897923
14378,3000,164749.79599
14074,3000,164786.001045
14496,3000,164820.086209
14858,3000,164860.842617
14018,3000,164900.902719
14270,3000,164933.326534
14808,3000,164968.495544
14610,3000,165002.576204
14130,3000,165039.471472
14338,3000,165076.184902
14436,3000,165115.407437
14134,3000,165446.531526
14682,3000,165486.442708
14448,3000,165521.470803
14772,3000,165562.003343
13970,3000,165596.097806
14358,3000,165635.797222
14288,3000,165673.243269
14528,3000,165708.781748
15554,3000,165751.820092
14570,3000,165789.713927
14270,3000,165832.572044
14150,3000,165869.64016
14038,3000,165911.18832
14686,3000,165946.80377
14508,3000,165986.874666
14732,3000,166026.50297
14772,3000,166065.719182
14364,3000,166104.594312
15120,3000,166139.612137
14748,3000,166177.933794
14436,3000,166214.863722
14210,3000,166246.815256
14756,3000,166282.652306
14122,3000,166321.432478
14896,3000,166353.115628
14222,3000,166389.391776
14670,3000,166426.524465
14398,3000,166463.437674
13914,3000,166506.932783
13670,3000,166547.230141
14634,3000,166585.287195
14996,3000,166621.36729
14818,3000,166660.358518
14998,3000,166698.474555
14596,3000,166734.317108
14446,3000,166764.503511
14130,3000,166799.112542
14388,3000,166837.158913
14564,3000,166875.711785
14724,3000,166909.330762
14728,3000,166947.955153
14696,3000,166981.30068
14806,3000,167016.531723
14788,3000,167056.99533
14590,3000,167093.80951
13960,3000,167131.266303
14566,3000,167162.749618
14142,3000,167196.941866
14084,3000,167238.454759
14424,3000,167281.189589
14282,3000,167318.914878
13600,3000,167356.947092
13758,3000,167397.856808
14354,3000,167431.210668
14332,3000,167463.568935
13840,3000,167500.539449
14640,3000,167537.634146
14406,3000,167570.843343
14122,3000,167611.150001
14810,3000,167649.868105
15260,3000,167689.488103
14218,3000,167728.007663
13886,3000,167758.326779
13982,3000,167794.638186
14396,3000,167831.974925
14532,3000,167874.395296
13430,3000,167916.06276
14344,3000,168238.881217
14504,3000,168275.437007
14956,3000,168312.223566
13654,3000,168355.235115
14826,3000,168388.230483
14484,3000,168426.673267
14444,3000,168462.026565
14602,3000,168500.69235
14334,3000,168532.451715
14006,3000,168563.868373
14610,3000,168600.090649
14814,3000,168629.587165
14470,3000,168668.130662
15028,3000,168703.932801
14668,3000,168742.919981
14644,3000,168782.250117
14542,3000,168824.846825
15098,3000,168863.548625
14094,3000,168902.349673
14224,3000,168937.64473
14764,3000,168978.8594
14470,3000,169017.766671
14868,3000,169054.273936
15084,3000,169093.567028
14780,3000,169132.032179
14432,3000,169169.693539
14688,3000,169205.268669
14706,3000,169245.706254
13928,3000,169280.56851
14876,3000,169318.965963
14376,3000,169355.584877
14744,3000,169393.066181
14644,3000,169428.75612
14738,3000,169471.991768
15044,3000,169511.656393
14234,3000,169553.40451
14310,3000,169591.193962
14642,3000,169632.850679
14606,3000,169672.584831
14786,3000,169710.769052
15140,3000,169749.814624
14764,3000,169786.870557
14572,3000,169827.352417
14308,3000,169871.219582
14712,3000,169906.039811
14774,3000,169938.521674
14376,3000,169977.103687
14490,3000,170015.845778
14324,3000,170052.455152
13932,3000,170092.528435
14700,3000,170128.925494
14170,3000,170165.919238
14232,3000,170206.759086
14394,3000,170241.093584
14502,3000,170281.511584
15336,3000,170316.873726
14366,3000,170353.265758
14762,3000,170392.297305
14976,3000,170430.290371
14852,3000,170470.935361
14244,3000,170513.994444
14562,3000,170551.580799
14298,3000,170590.310381
14518,3000,170624.167376
15030,3000,170658.819647
13962,3000,170704.876936
14768,3000,170739.518158
14568,3000,171077.987418
14858,3000,171110.951923
14108,3000,171150.320349
14602,3000,171188.562109
14658,3000,171222.148303
14060,3000,171264.109724
15070,3000,171304.557233
14310,3000,171341.950521
14554,3000,171376.158042
14338,3000,171416.768587
14360,3000,171456.597692
14928,3000,171493.647479
14518,3000,171532.33594
14664,3000,171570.81859
15388,3000,171607.724282
14628,3000,171640.698436
14992,3000,171677.362026
14482,3000,171713.839021
14710,3000,171749.598645
14778,3000,171787.201301
14274,3000,171828.938949
15100,3000,171862.357104
14220,3000,171898.373992
13926,3000,171939.565858
14886,3000,171970.144238
14792,3000,172012.805122
15124,3000,172048.63936
14856,3000,172085.313112
14918,3000,172121.638128
15204,3000,172159.181425
14426,3000,172200.746187
14664,3000,172237.055721
14324,3000,172273.661141
14802,3000,172312.67577
13940,3000,172352.487777
14546,3000,172391.757085
14558,3000,172430.980091
14864,3000,172467.304745
15002,3000,172505.029839
13816,3000,172540.897815
14742,3000,172578.63298
14348,3000,172617.624091
14376,3000,172653.8174
14580,3000,172689.021054
14708,3000,172730.829646
14606,3000,172767.441316
14774,3000,172803.56703
14162,3000,172839.24457
14550,3000,172878.736801
14436,3000,172917.438021
14382,3000,172960.023356
14642,3000,172999.979697
14806,3000,173037.480773
14254,3000,173075.047787
13610,3000,173107.339991
14908,3000,173140.91411
14738,3000,173181.590429
15114,3000,173222.277412
14128,3000,173261.637631
15326,3000,173301.931809
14204,3000,173342.74696
14576,3000,173380.197192
14240,3000,173420.691157
14520,3000,173461.916539
14694,3000,173499.629308
14724,3000,173537.075946
13908,3000,173847.518044
14626,3000,173885.779943
14362,3000,173925.61603
14798,3000,173966.459984
14414,3000,174005.921924
14116,3000,174045.509893
13666,3000,174083.915412
15344,3000,174119.115056
14264,3000,174157.341392
14208,3000,174197.250462
13646,3000,174233.527655
14176,3000,174270.657995
14352,3000,174306.947383
14548,3000,174344.989289
14572,3000,174382.548037
14698,3000,174422.190374
14850,3000,174462.379963
14576,3000,174501.609593
15168,3000,174541.444501
14322,3000,174575.164331
14356,3000,174611.559258
14740,3000,174647.777092
14400,3000,174683.863034
14236,3000,174720.476494
14616,3000,174757.145264
14710,3000,174793.593152
14806,3000,174833.519615
14652,3000,174869.513768
13796,3000,174903.821181
14720,3000,174942.350124
14890,3000,174975.986721
14336,3000,175014.843802
14700,3000,175052.33579
14242,3000,175092.592624
14434,3000,175128.36687
14800,3000,175170.0871
14632,3000,175208.567619
14320,3000,175250.91979
14420,3000,175289.894681
14356,3000,175329.549164
15132,3000,175364.221716
14544,3000,175400.818291
14770,3000,175438.671841
15176,3000,175477.324404
14686,3000,175511.983676
14788,3000,175555.351144
14110,3000,175594.185323
14384,3000,175630.595438
14050,3000,175669.146083
14666,3000,175708.825013
14642,3000,175742.206189
14812,3000,175777.457467
15012,3000,175816.876884
14530,3000,175857.148236
14332,3000,175902.052047
14504,3000,175941.749489
14288,3000,175978.045854
15026,3000,176013.686145
14492,3000,176050.641292
14630,3000,176082.407706
15158,3000,176118.11653
14680,3000,176154.401753
14794,3000,176194.678117
15370,3000,176228.110266
14554,3000,176265.763776
15032,3000,176300.017956
15112,3000,176340.307081
14270,3000,176678.46799
15100,3000,176716.081553
14796,3000,176753.933771
14614,3000,176797.876981
14888,3000,176834.757424
14436,3000,176872.387382
14470,3000,176908.650673
14734,3000,176943.672186
14654,3000,176980.620906
13978,3000,177013.538252
14460,3000,177051.62127
13594,3000,177088.351695
14438,3000,177126.349295
14390,3000,177167.001282
14344,3000,177204.582305
14622,3000,177242.457237
14648,3000,177277.378257
14626,3000,177314.348348
14304,3000,177350.871082
14702,3000,177391.201296
13930,3000,177430.371848
14468,3000,177472.53085
14514,3000,177516.535328
13784,3000,177564.724413
14970,3000,177601.459808
14840,3000,177639.930308
14372,3000,177676.137138
15022,3000,177711.329192
14570,3000,177749.730129
14836,3000,177786.109323
14666,3000,177823.814489
14772,3000,177867.235252
14388,3000,177908.625883
14154,3000,177950.348472
15130,3000,177991.252868
14310,3000,178031.124108
14546,3000,178070.398137
14852,3000,178104.108713
14826,3000,178143.05035
14732,3000,178179.74953
14386,3000,178214.162333
13870,3000,178251.434563
15484,3000,178289.365896
14682,3000,178327.614103
13726,3000,178363.87099
14466,3000,178405.103997
15422,3000,178443.905413
15076,3000,178479.023647
13460,3000,178512.505492
14578,3000,178548.016453
14438,3000,178588.100875
13646,3000,178626.995524
14540,3000,178670.822873
14488,3000,178712.91174
14538,3000,178749.900124
15502,3000,178788.460363
14148,3000,178825.351271
15438,3000,178865.186579
15004,3000,178899.462397
14860,3000,178937.009858
14660,3000,178971.274271
14780,3000,179010.664386
14818,3000,179048.706998
15094,3000,179085.95358
14634,3000,179122.558503
14768,3000,179161.166784
14798,3000,179200.464073
14894,3000,179493.731104
14146,3000,179535.058887
14674,3000,179571.89189
14352,3000,179611.777336
14808,3000,179649.929295
14742,3000,179686.547962
14984,3000,179725.573711
15170,3000,179761.629016
14568,3000,179796.266903
14910,3000,179839.204154
15076,3000,179880.656333
14080,3000,179919.366048
14872,3000,179957.754117
14588,3000,179992.635575
14468,3000,180030.233367
14518,3000,180068.384025
14360,3000,180104.137741
14026,3000,180143.684031
15164,3000,180176.320506
14376,3000,180215.956757
14452,3000,180254.870651
14480,3000,180290.293109
14264,3000,180330.100899
14716,3000,180367.203015
14514,3000,180401.99727
14840,3000,180435.082833
14318,3000,180472.664661
14688,3000,180508.408453
14796,3000,180548.735611
14712,3000,180585.706688
15030,3000,180621.197724
13990,3000,180658.555555
14648,3000,180699.724342
15318,3000,180737.141747
14522,3000,180771.557679
14718,3000,180811.107738
14588,3000,180847.472556
14108,3000,180886.220937
14656,3000,180924.283163
14878,3000,180954.688956
14890,3000,180993.174978
14904,3000,181030.557271
14884,3000,181067.153749
14324,3000,181107.718676
14788,3000,181145.154618
14334,3000,181186.333474
14660,3000,181226.21151
15056,3000,181262.796239
14730,3000,181297.308404
14542,3000,181331.146386
14676,3000,181366.403651
14432,3000,181405.621356
14528,3000,181448.285502
14680,3000,181490.284508
14702,3000,181528.121272
15010,3000,181562.980708
14716,3000,181600.008871
14624,3000,181639.824411
14232,3000,181680.358927
14696,3000,181713.522257
14788,3000,181747.551247
15682,3000,181786.366737
14052,3000,181825.103271
14768,3000,181861.355246
14216,3000,181900.531614
14922,3000,181937.463486
14606,3000,182248.069741
14156,3000,182285.565846
14726,3000,182322.061265
14626,3000,182353.005914
14778,3000,182388.992521
14416,3000,182432.023555
14408,3000,182474.02807
15746,3000,182508.700152
14648,3000,182546.540158
14820,3000,182586.030397
14364,3000,182622.522471
14390,3000,182663.281079
14684,3000,182702.187708
14628,3000,182739.713884
14566,3000,182776.14084
15074,3000,182815.167481
14534,3000,182854.5393
14652,3000,182892.131864
14638,3000,182927.689046
14622,3000,182967.060729
15128,3000,183002.099648
14062,3000,183036.811163
15766,3000,183070.995408
15122,3000,183107.247213
14938,3000,183144.915271
14478,3000,183181.170701
15106,3000,183217.198625
14734,3000,183255.479028
14538,3000,183293.188576
14974,3000,183332.907501
14438,3000,183371.848706
14718,3000,183405.793802
15006,3000,183445.503349
14704,3000,183479.948411
14316,3000,183517.078587
15204,3000,183557.595846
14468,3000,183594.795153
14414,3000,183630.538115
14626,3000,183670.062841
14836,3000,183708.366092
14264,3000,183744.69884
14540,3000,183776.484054
14420,3000,183813.808929
13954,3000,183849.98303
15236,3000,183884.183782
14960,3000,183922.135443
14274,3000,183962.707136
14736,3000,184004.104172
15120,3000,184039.327084
14402,3000,184075.904846
14422,3000,184116.235967
14698,3000,184157.180643
14922,3000,184193.951688
14652,3000,184226.642744
14872,3000,184268.427056
14820,3000,184304.595289
14760,3000,184343.943515
14500,3000,184383.033646
14806,3000,184421.995297
15368,3000,184463.913652
15110,3000,184500.990147
14428,3000,184544.013531
14806,3000,184583.803305
14058,3000,184619.154512
14374,3000,184657.476372
14698,3000,184699.270482
14322,3000,184737.442306
15316,3000,185037.545883
15392,3000,185079.362313
14630,3000,185119.150029
15202,3000,185155.505086
15204,3000,185193.027467
14734,3000,185228.777217
14448,3000,185266.71018
14754,3000,185304.200112
14838,3000,185342.692086
15124,3000,185380.031563
13832,3000,185416.105437
14960,3000,185451.123867
14612,3000,185483.930649
14796,3000,185521.55922
14936,3000,185557.262175
15164,3000,185599.130054
14388,3000,185636.243162
14732,3000,185674.993157
15062,3000,185712.265219
14078,3000,185749.476749
14892,3000,185790.418675
15216,3000,185828.792211
14940,3000,185869.641383
14492,3000,185909.30542
14372,3000,185943.585067
14648,3000,185984.100496
14602,3000,186019.627567
15046,3000,186054.603985
14226,3000,186090.980416
15174,3000,186131.158481
14520,3000,186169.845141
15078,3000,186209.097186
14796,3000,186246.863666
14902,3000,186288.740323
14552,3000,186324.838471
15306,3000,186359.659409
14792,3000,186397.855525
15090,3000,186434.31934
14870,3000,186469.435643
14614,3000,186504.439059
14406,3000,186538.239033
14806,3000,186572.071182
14814,3000,186613.298897
14682,3000,186650.054723
14382,3000,186689.129216
15266,3000,186727.618513
14196,3000,186766.176995
14738,3000,186800.998642
15450,3000,186841.847502
14696,3000,186878.110651
14648,3000,186917.379013
13960,3000,186952.236153
14982,3000,186984.488851
15194,3000,187025.032987
14784,3000,187060.887429
15158,3000,187094.075744
14604,3000,187132.99387
14514,3000,187168.416766
14868,3000,187203.209671
15272,3000,187241.440066
14922,3000,187278.906672
14528,3000,187318.552735
14824,3000,187355.840008
14836,3000,187391.918917
14726,3000,187430.761257
15084,3000,187468.17425
14456,3000,187504.879398
15320,3000,187859.929835
14272,3000,187898.470991
15054,3000,187937.55004
14186,3000,187977.798934
14450,3000,188013.445645
15206,3000,188045.316605
14840,3000,188082.575838
15130,3000,188117.019676
15392,3000,188153.340942
14790,3000,188191.097462
14530,3000,188224.811294
14474,3000,188262.684945
15094,3000,188305.015587
15268,3000,188347.154004
13868,3000,188389.429626
14898,3000,188425.811768
14674,3000,188466.828698
15472,3000,188503.215582
15886,3000,188540.143219
14762,3000,188578.233231
14836,3000,188617.654665
14308,3000,188658.686194
14510,3000,188695.180733
13636,3000,188738.281733
14314,3000,188777.081504
14398,3000,188813.002501
14410,3000,188852.928433
14464,3000,188890.01967
14484,3000,188927.523094
14460,3000,188962.149833
15350,3000,189001.450209
14514,3000,189041.116709
14558,3000,189075.862581
14300,3000,189115.78489
15144,3000,189148.006227
14704,3000,189184.104754
14120,3000,189224.409523
14538,3000,189259.47263
14736,3000,189298.431046
15192,3000,189338.440147
14876,3000,189380.97807
13830,3000,189423.815155
14512,3000,189463.74683
15154,3000,189497.317406
14752,3000,189534.974377
14682,3000,189574.240796
14966,3000,189612.59153
14926,3000,189653.572005
14402,3000,189696.581833
15104,3000,189731.961061
14974,3000,189766.854013
14138,3000,189801.263559
14758,3000,189835.638566
14802,3000,189872.405864
14674,3000,189909.593103
15012,3000,189950.369745
15084,3000,189984.713823
14994,3000,190021.605251
14702,3000,190056.984579
15008,3000,190094.290857
14424,3000,190128.340125
14776,3000,190169.80366
15136,3000,190209.119003
14450,3000,190248.779703
14684,3000,190285.8501
14640,3000,190325.016485
15040,3000,190633.909828
14558,3000,190676.285182
14698,3000,190712.518613
14210,3000,190751.263895
14536,3000,190787.805119
14936,3000,190828.243845
14804,3000,190864.466605
15242,3000,190896.199886
15010,3000,190933.351883
14682,3000,190973.400519
14802,3000,191011.299133
14570,3000,191051.531265
14196,3000,191086.378994
15138,3000,191122.424253
14526,3000,191160.243326
14936,3000,191199.77838
14706,3000,191234.647972
13942,3000,191276.934063
14078,3000,191314.577413
13722,3000,191351.216543
14936,3000,191385.449452
13792,3000,191422.340726
15298,3000,191453.365519
14830,3000,191483.874332
14668,3000,191521.957993
14518,3000,191563.277676
14688,3000,191601.653905
14624,3000,191633.35502
14298,3000,191672.297248
15228,3000,191711.815861
14774,3000,191747.986195
14990,3000,191788.422094
14608,3000,191824.884968
15198,3000,191860.95425
14824,3000,191896.391041
15278,3000,191929.55554
14570,3000,191967.564764
14872,3000,192001.835378
13908,3000,192039.592041
14886,3000,192076.683176
14652,3000,192116.194459
14882,3000,192151.446427
14048,3000,192184.377404
14302,3000,192224.112948
14904,3000,192262.362458
14848,3000,192306.359801
14680,3000,192346.86043
14582,3000,192385.370103
14652,3000,192420.612769
15468,3000,192459.140975
14540,3000,192499.069858
15006,3000,192531.72887
13978,3000,192564.971119
15062,3000,192603.974447
14608,3000,192639.469986
14124,3000,192673.935095
15178,3000,192709.197635
15148,3000,192742.58428
14906,3000,192781.340946
14222,3000,192818.693719
15270,3000,192855.773109
15374,3000,192888.104533
14734,3000,192927.681676
14810,3000,192967.123482
14714,3000,193005.612806
14574,3000,193047.007232
15126,3000,193083.7776
14912,3000,193399.833493
13990,3000,193436.047176
15058,3000,193469.558858
15260,3000,193504.879075
14828,3000,193543.358433
14536,3000,193583.849131
14940,3000,193619.867514
14442,3000,193653.155243
15058,3000,193688.143223
14906,3000,193722.061378
15062,3000,193758.841239
15238,3000,193793.116149
14572,3000,193820.989025
14848,3000,193857.228389
15042,3000,193894.289917
15178,3000,193934.121105
14544,3000,193970.450666
14048,3000,194011.347824
14636,3000,194047.698563
15092,3000,194084.058746
14758,3000,194118.796055
14774,3000,194157.038733
14310,3000,194198.782565
14698,3000,194236.960974
15134,3000,194268.055494
13610,3000,194304.975969
14720,3000,194334.45674
14592,3000,194372.858961
15104,3000,194412.491506
14824,3000,194451.0292
14676,3000,194489.47643
15412,3000,194526.3644
15080,3000,194562.462594
14794,3000,194599.817187
14578,3000,194631.152263
15000,3000,194662.387591
14876,3000,194701.003473
14738,3000,194740.204018
14636,3000,194774.300314
14808,3000,194807.183798
14692,3000,194842.593673
14756,3000,194875.810824
14356,3000,194914.42374
15030,3000,194948.98046
14896,3000,194982.238852
14560,3000,195020.725789
14448,3000,195058.941883
14810,3000,195099.810278
14736,3000,195138.348767
14224,3000,195181.389554
14566,3000,195218.692478
14506,3000,195258.349641
14378,3000,195297.506057
14770,3000,195334.544306
15010,3000,195371.825307
15032,3000,195413.212972
14992,3000,195448.559289
15070,3000,195484.488627
15114,3000,195520.132146
15122,3000,195552.759419
15356,3000,195588.514061
14722,3000,195619.67432
14702,3000,195659.647449
14664,3000,195700.752701
14156,3000,195736.511603
14484,3000,195774.560393
14618,3000,195811.949382
13822,3000,196130.391491
14280,3000,196168.764963
14658,3000,196202.505359
14524,3000,196236.338921
14520,3000,196275.341494
15312,3000,196315.491881
14868,3000,196351.280026
15288,3000,196385.843456
13988,3000,196427.071117
14786,3000,196466.309951
15018,3000,196504.378354
14616,3000,196545.459546
15072,3000,196580.669379
14746,3000,196611.013417
14938,3000,196646.484281
14704,3000,196684.601039
14716,3000,196721.812378
14748,3000,196758.498719
14458,3000,196791.900052
15552,3000,196827.181538
14226,3000,196865.306931
14718,3000,196898.170036
14952,3000,196933.007292
13808,3000,196970.384951
14760,3000,197007.11622
13988,3000,197040.37453
14984,3000,197077.563971
14766,3000,197119.929602
14760,3000,197161.288334
15022,3000,197195.824703
14554,3000,197232.866612
14502,3000,197268.256738
14826,3000,197299.348816
15538,3000,197332.542346
15094,3000,197369.422577
14904,3000,197405.836284
14450,3000,197443.182278
14988,3000,197482.359429
14734,3000,197523.435955
14750,3000,197562.831048
14950,3000,197601.14906
14574,3000,197637.521872
14840,3000,197672.850294
14434,3000,197709.872684
14792,3000,197747.422464
14770,3000,197783.87462
15260,3000,197822.72751
14844,3000,197859.680474
14894,3000,197899.178536
14862,3000,197936.153504
14832,3000,197973.358734
14516,3000,198010.932791
14358,3000,198051.928428
15038,3000,198091.316319
14506,3000,198126.036026
14468,3000,198161.881093
14992,3000,198201.320381
14316,3000,198235.768872
15034,3000,198270.25208
14770,3000,198306.640721
14636,3000,198342.89684
15386,3000,198376.975693
15014,3000,198415.455353
15342,3000,198456.425717
15350,3000,198497.392362
15252,3000,198537.073178
14362,3000,198841.543893
15040,3000,198878.227475
14550,3000,198911.994338
14726,3000,198951.319476
15474,3000,198988.980351
14594,3000,199027.19529
14038,3000,199062.545295
14518,3000,199101.219994
13862,3000,199140.156884
14510,3000,199178.508166
15120,3000,199216.732038
15144,3000,199255.676464
14724,3000,199293.238304
14216,3000,199338.967105
14730,3000,199375.928538
14942,3000,199417.632017
14316,3000,199455.619978
14996,3000,199496.427504
14698,3000,199533.794416
14514,3000,199568.725982
14644,3000,199601.583869
14586,3000,199640.566833
14884,3000,199673.441696
14980,3000,199707.21419
14704,3000,199743.930807
14620,3000,199781.261694
15008,3000,199817.595336
14598,3000,199853.861733
15020,3000,199887.341773
15166,3000,199926.250736
14910,3000,199967.667911
14886,3000,200003.700883
14168,3000,200042.92203
14858,3000,200079.184236
14334,3000,200115.289312
14786,3000,200150.691286
14868,3000,200185.989944
14966,3000,200224.879453
14374,3000,200267.025272
14728,3000,200307.217663
14700,3000,200341.84081
14884,3000,200379.106401
14900,3000,200415.376442
14996,3000,200450.445238
14398,3000,200486.260548
14324,3000,200524.411156
14948,3000,200558.720572
14108,3000,200592.47722
15108,3000,200629.64849
14870,3000,200668.556701
14686,3000,200705.046157
14724,3000,200737.846683
14146,3000,200776.970462
15662,3000,200817.470978
14850,3000,200857.341263
14742,3000,200893.971138
14960,3000,200929.355737
15218,3000,200960.908532
13862,3000,200994.71099
14912,3000,201031.918448
14182,3000,201067.365021
14748,3000,201103.682567
14824,3000,201140.866515
15476,3000,201177.415931
14374,3000,201217.087259
14440,3000,201255.713681
15400,3000,201293.538442
13770,3000,201620.316552
14970,3000,201654.817271
15096,3000,201693.253587
13808,3000,201737.184882
15050,3000,201777.52224
14730,3000,201816.265346
15322,3000,201857.151492
14866,3000,201894.20409
14624,3000,201929.201473
15026,3000,201961.954622
14974,3000,201995.871873
15154,3000,202030.798977
14872,3000,202069.680419
14552,3000,202108.827264
14786,3000,202143.916263
14288,3000,202178.288611
15092,3000,202211.514508
15152,3000,202243.519371
14492,3000,202279.526353
15316,3000,202314.042768
14466,3000,202351.213242
14814,3000,202387.828086
14912,3000,202421.077955
14378,3000,202459.89313
14446,3000,202500.950554
15230,3000,202538.922603
14648,3000,202574.155568
14640,3000,202607.827032
14738,3000,202641.880687
14974,3000,202681.13679
14344,3000,202718.482787
14590,3000,202754.087807
14180,3000,202788.478529
14766,3000,202820.890967
14554,3000,202856.03818
14942,3000,202895.469153
14816,3000,202930.990427
14530,3000,202969.485529
14642,3000,203002.903153
14702,3000,203037.316895
15406,3000,203076.541022
14792,3000,203116.676676
14526,3000,203152.800617
14686,3000,203191.302697
14598,3000,203226.29471
14452,3000,203260.031141
14614,3000,203298.593271
15226,3000,203334.542285
14656,3000,203372.109126
14662,3000,203408.965518
14104,3000,203443.88071
15392,3000,203480.470077
14526,3000,203516.978681
15014,3000,203552.847671
15050,3000,203589.753675
14774,3000,203626.612212
14984,3000,203665.877395
15348,3000,203708.377691
15288,3000,203741.831421
14982,3000,203780.279963
14612,3000,203817.685169
14346,3000,203857.34743
14178,3000,203894.271991
15160,3000,203928.681888
14238,3000,203966.917262
14334,3000,204005.153116
13804,3000,204039.533269
15088,3000,204311.160212
14988,3000,204340.756984
15012,3000,204376.586877
14426,3000,204413.854764
14372,3000,204451.284089
14450,3000,204488.88856
14638,3000,204527.051069
15190,3000,204561.723549
14398,3000,204599.889561
14736,3000,204639.706066
14828,3000,204678.921721
14904,3000,204714.70588
14764,3000,204746.459239
14730,3000,204781.292166
14064,3000,204811.639466
14820,3000,204844.185659
14830,3000,204878.910593
14994,3000,204915.930364
13500,3000,204954.528708
14866,3000,204994.177825
14316,3000,205032.498945
14944,3000,205067.68715
14826,3000,205107.707195
15090,3000,205148.158717
14586,3000,205185.857763
15136,3000,205223.841912
14798,3000,205255.773815
15110,3000,205291.308949
14424,3000,205325.126585
14822,3000,205360.65903
15528,3000,205397.992389
14930,3000,205436.653182
15544,3000,205474.701255
15076,3000,205510.856748
14056,3000,205546.651761
14764,3000,205586.465451
14150,3000,205623.119172
14470,3000,205662.512677
15190,3000,205699.051398
14016,3000,205741.721187
14582,3000,205780.220425
13982,3000,205814.080856
14850,3000,205848.627876
14730,3000,205886.516751
15088,3000,205919.74178
14808,3000,205957.673984
14946,3000,205995.773608
14918,3000,206034.145803
14248,3000,206074.435331
14542,3000,206112.396857
14702,3000,206149.957196
15184,3000,206187.092618
14882,3000,206225.118054
14930,3000,206264.742514
14562,3000,206302.694852
14696,3000,206340.521984
15084,3000,206376.204839
15478,3000,206407.835328
14840,3000,206445.266621
14852,3000,206485.671431
14286,3000,206519.566137
14810,3000,206553.793046
14642,3000,206587.148268
15162,3000,206626.469059
14964,3000,206660.525006
14584,3000,206695.374248
14196,3000,206963.709565
15436,3000,207004.648725
15340,3000,207041.571037
14372,3000,207078.037045
15122,3000,207119.263669
14728,3000,207158.087827
14562,3000,207197.474087
14148,3000,207233.011061
14388,3000,207268.333842
14796,3000,207305.78981
14402,3000,207341.645539
14798,3000,207378.504254
15050,3000,207416.989523
15042,3000,207454.319965
14698,3000,207493.017385
14786,3000,207530.812372
14804,3000,207566.361745
14742,3000,207605.44663
14654,3000,207636.786859
14742,3000,207674.951438
13688,3000,207709.370066
14578,3000,207741.916366
14892,3000,207770.627876
14824,3000,207807.044712
14876,3000,207842.274609
14646,3000,207874.925958
14732,3000,207912.70549
14486,3000,207953.26214
14732,3000,207995.454931
14836,3000,208026.816505
14886,3000,208067.349776
15010,3000,208107.463655
14282,3000,208145.449417
14852,3000,208179.965401
14450,3000,208213.69077
14962,3000,208250.094484
15002,3000,208291.528024
14790,3000,208322.779459
15164,3000,208361.77911
14644,3000,208397.413786
14572,3000,208431.465423
14574,3000,208470.942527
14962,3000,208509.248858
15052,3000,208544.486715
13192,3000,208588.353045
15096,3000,208624.120416
14574,3000,208660.966109
15322,3000,208698.634171
14656,3000,208730.965284
14426,3000,208768.631046
14948,3000,208800.889876
15024,3000,208835.025587
14476,3000,208866.136541
14458,3000,208902.334721
14872,3000,208938.094481
14706,3000,208973.526708
14856,3000,209004.637678
14254,3000,209041.18403
15240,3000,209076.679924
15052,3000,209113.631991
14618,3000,209155.234347
14810,3000,209194.595885
14934,3000,209227.315441
15104,3000,209265.268698
14984,3000,209300.517343
14840,3000,209337.014075
14476,3000,209371.035939
14456,3000,209682.500551
14776,3000,209718.82865
14482,3000,209757.582299
14800,3000,209793.627849
14944,3000,209828.815142
15040,3000,209866.430176
14006,3000,209904.114161
14320,3000,209945.289457
14988,3000,209981.103892
14850,3000,210018.836826
14622,3000,210059.753684
15086,3000,210098.563716
14450,3000,210130.827779
14782,3000,210163.825548
15072,3000,210201.316351
14932,3000,210231.901772
15018,3000,210263.661577
14890,3000,210297.444746
14468,3000,210328.743328
14968,3000,210360.241686
14994,3000,210395.254153
15326,3000,210432.763476
15096,3000,210472.141808
14762,3000,210506.128822
14266,3000,210544.701173
14668,3000,210585.067458
14904,3000,210619.49517
15562,3000,210660.611989
13958,3000,210697.314708
14820,3000,210734.35695
14566,3000,210769.188585
14572,3000,210807.751975
14660,3000,210843.370034
13986,3000,210877.747721
14084,3000,210910.197055
14936,3000,210947.112781
15264,3000,210985.295398
15054,3000,211023.402837
15218,3000,211059.484925
14658,3000,211096.209452
15554,3000,211132.998113
14462,3000,211169.102085
14746,3000,211202.816108
15348,3000,211238.687973
14382,3000,211280.247529
14640,3000,211316.777534
14786,3000,211353.551639
14722,3000,211393.161583
14470,3000,211431.82099
14948,3000,211470.574123
14572,3000,211512.784958
14692,3000,211545.866846
14550,3000,211581.83568
15000,3000,211616.283832
14744,3000,211647.142019
15010,3000,211685.634626
14662,3000,211723.33553
14564,3000,211754.279712
14670,3000,211790.869609
15208,3000,211830.403515
14940,3000,211871.235083
15012,3000,211905.962665
15056,3000,211948.496599
14910,3000,211979.705035
15014,3000,212017.177496
15442,3000,212053.894689
14806,3000,212094.483768
14658,3000,212295.010699
15418,3000,212332.900888
15016,3000,212370.624885
14474,3000,212410.35684
13922,3000,212447.905575
14172,3000,212486.593138
14560,3000,212522.326953
14716,3000,212557.866934
15054,3000,212594.546858
14978,3000,212627.326357
14978,3000,212658.003943
14548,3000,212692.17452
14578,3000,212732.805835
14640,3000,212772.757432
15006,3000,212808.05493
14764,3000,212842.448926
14728,3000,212880.774115
14898,3000,212919.097446
15062,3000,212957.766631
14716,3000,212986.527614
14844,3000,213027.157145
14436,3000,213062.280722
14212,3000,213101.907964
15508,3000,213141.413461
14582,3000,213178.4883
14622,3000,213218.082726
14574,3000,213254.208229
15342,3000,213289.826424
14464,3000,213328.093807
14782,3000,213361.343991
14922,3000,213391.949013
14536,3000,213430.316338
14928,3000,213466.698195
13878,3000,213508.328079
14780,3000,213542.273812
14792,3000,213580.267712
14620,3000,213620.504377
14670,3000,213660.379308
15416,3000,213695.778972
15136,3000,213732.636209
14778,3000,213771.895955
15010,3000,213804.517455
15084,3000,213842.158422
13714,3000,213877.734493
15198,3000,213912.563483
14268,3000,213948.175726
14214,3000,213985.057719
14554,3000,214024.830547
15040,3000,214063.917264
14408,3000,214100.1795
13848,3000,214135.88766
14186,3000,214171.352979
14344,3000,214206.2674
14704,3000,214244.432349
14706,3000,214276.026479
14622,3000,214309.148934
14346,3000,214346.450486
14648,3000,214384.021644
14210,3000,214423.223213
14662,3000,214458.540287
14752,3000,214496.340095
15334,3000,214534.44901
15266,3000,214570.578879
13744,3000,214606.564771
15150,3000,214645.589537
14928,3000,214684.463498
14260,3000,214967.426394
15128,3000,215003.08129
15032,3000,215042.697698
15752,3000,215083.394454
15018,3000,215120.46052
15290,3000,215157.800872
14510,3000,215192.030993
14750,3000,215226.050508
14954,3000,215261.934053
14944,3000,215300.139835
14684,3000,215334.312379
15232,3000,215368.815958
14126,3000,215407.734054
14740,3000,215445.021585
14198,3000,215485.81023
14706,3000,215522.929353
14554,3000,215558.912314
14982,3000,215591.733819
14744,3000,215631.675667
14846,3000,215663.185395
14772,3000,215699.796707
14302,3000,215734.203289
14984,3000,215771.623366
14446,3000,215808.389235
14582,3000,215848.544113
14794,3000,215886.705936
14850,3000,215920.957294
15038,3000,215948.434092
14092,3000,215985.719835
15068,3000,216018.424769
15590,3000,216052.723578
14618,3000,216086.774739
14504,3000,216123.237546
14820,3000,216159.752121
14402,3000,216202.400521
15004,3000,216236.503992
15076,3000,216274.307485
15552,3000,216312.060984
14630,3000,216349.249247
14876,3000,216383.170729
14304,3000,216419.226207
14860,3000,216459.918345
14954,3000,216499.466248
15018,3000,216536.981467
14280,3000,216574.636636
14586,3000,216608.451851
14618,3000,216643.556755
14240,3000,216682.918659
15544,3000,216720.579811
14596,3000,216754.226959
15070,3000,216789.457614
14708,3000,216829.04852
15244,3000,216866.845848
14662,3000,216904.609655
14920,3000,216942.452954
15266,3000,216976.188545
14178,3000,217012.290675
15002,3000,217046.026871
15146,3000,217084.97831
14672,3000,217123.690361
14650,3000,217161.694811
15166,3000,217204.027791
15296,3000,217236.635788
14612,3000,217276.858938
14284,3000,217316.113941
15506,3000,217349.317603
14672,3000,217383.746684
14972,3000,217661.503639
14508,3000,217696.654281
14520,3000,217732.445071
14640,3000,217769.548746
15442,3000,217808.555495
14242,3000,217843.911376
14956,3000,217883.516052
14490,3000,217918.407565
15108,3000,217957.523336
14642,3000,217997.673996
14258,3000,218037.170725
15230,3000,218073.609256
15374,3000,218106.07649
15286,3000,218142.168299
14642,3000,218177.147329
13872,3000,218213.605867
15230,3000,218245.511142
14572,3000,218281.507325
14472,3000,218313.157104
15088,3000,218350.589919
14918,3000,218386.992203
14766,3000,218422.055356
14260,3000,218459.562241
14910,3000,218495.430959
14692,3000,218534.645362
14958,3000,218568.983472
13886,3000,218603.484702
14386,3000,218640.153862
14370,3000,218678.724477
14408,3000,218718.092259
14900,3000,218754.304783
14698,3000,218792.874518
14978,3000,218831.431305
14498,3000,218867.981303
15080,3000,218903.999515
15324,3000,218941.738053
14506,3000,218980.374576
14794,3000,219017.489958
15500,3000,219052.701919
14566,3000,219088.642994
14672,3000,219125.919186
14774,3000,219161.457349
14830,3000,219194.612175
14416,3000,219232.962761
14726,3000,219268.945296
14526,3000,219302.165279
14798,3000,219338.582974
14514,3000,219369.002872
14946,3000,219405.52229
14644,3000,219436.995909
14832,3000,219474.882309
14006,3000,219509.774244
14860,3000,219546.74096
14888,3000,219579.561388
14556,3000,219613.076555
14718,3000,219647.850241
14618,3000,219684.081344
14388,3000,219719.355396
14764,3000,219758.801395
14466,3000,219798.292938
15058,3000,219833.6144
14976,3000,219870.776901
15336,3000,219910.985559
15228,3000,219944.029294
15092,3000,219979.695405
14996,3000,220018.13245
14398,3000,220054.439093
14924,3000,220327.186685
14748,3000,220363.637491
15274,3000,220397.505593
15306,3000,220434.556911
14432,3000,220469.716419
14692,3000,220507.672879
14694,3000,220539.994215
14290,3000,220577.251559
14356,3000,220614.652366
14580,3000,220653.87549
14434,3000,220691.611708
14624,3000,220730.359519
13946,3000,220765.902809
14422,3000,220799.15888
14582,3000,220837.257848
15372,3000,220875.004174
15028,3000,220908.771468
14824,3000,220944.336074
14896,3000,220980.731089
14790,3000,221019.91039
14908,3000,221058.968301
14604,3000,221098.563645
14196,3000,221133.694473
14422,3000,221176.671395
14626,3000,221217.780569
14490,3000,221248.907346
15160,3000,221286.750794
14640,3000,221327.14842
15120,3000,221362.690438
14700,3000,221399.499743
14780,3000,221436.753727
14830,3000,221470.029703
14386,3000,221506.570369
14876,3000,221542.293854
14678,3000,221579.002981
14784,3000,221612.890765
15082,3000,221648.615475
14980,3000,221686.318352
14568,3000,221723.033222
14638,3000,221763.495432
14634,3000,221808.057778
14802,3000,221845.368129
14474,3000,221885.194236
14578,3000,221916.318299
15464,3000,221952.605078
14810,3000,221987.674893
15082,3000,222021.963442
14690,3000,222059.789424
14522,3000,222095.030164
14180,3000,222133.121315
14526,3000,222166.081745
14458,3000,222198.222841
14326,3000,222233.921427
15384,3000,222272.121531
14458,3000,222310.878602
15146,3000,222349.015255
14430,3000,222391.940815
14796,3000,222429.97462
14120,3000,222465.756412
14492,3000,222505.129339
15106,3000,222541.733399
14104,3000,222580.497754
14882,3000,222620.04415
14920,3000,222657.211942
15042,3000,222694.845864
14294,3000,222729.397593
14758,3000,223010.765622
15284,3000,223046.786302
14910,3000,223084.481635
14498,3000,223124.21708
14264,3000,223160.464588
15000,3000,223190.917777
14656,3000,223231.157018
14596,3000,223269.675577
14856,3000,223311.193992
13932,3000,223348.242797
14718,3000,223383.412485
14534,3000,223417.34841
14346,3000,223451.033823
14768,3000,223489.103497
14798,3000,223528.483288
15410,3000,223571.157463
15196,3000,223608.082289
14420,3000,223645.322025
14694,3000,223684.103103
15258,3000,223717.998581
15268,3000,223754.134737
14976,3000,223789.082822
14432,3000,223824.578972
14626,3000,223859.198648
14430,3000,223894.410864
14912,3000,223932.748542
15000,3000,223967.439388
14894,3000,224006.748875
14690,3000,224045.652507
14072,3000,224085.554759
13922,3000,224124.059555
14798,3000,224161.233813
14834,3000,224193.141444
14528,3000,224234.505477
14686,3000,224271.896668
14692,3000,224307.993451
14696,3000,224341.545183
14484,3000,224375.138149
14146,3000,224412.295731
14582,3000,224453.660603
14954,3000,224492.547406
14170,3000,224529.199829
15216,3000,224565.668601
14876,3000,224602.423807
14926,3000,224640.834761
15254,3000,224674.456428
14892,3000,224713.618705
15004,3000,224746.057081
15168,3000,224779.861071
14524,3000,224815.387432
14512,3000,224857.785058
14548,3000,224895.245427
15258,3000,224930.398191
14530,3000,224965.428462
14062,3000,225001.815451
14894,3000,225032.266953
15416,3000,225063.148659
15258,3000,225100.932033
14998,3000,225136.431571
14408,3000,225173.087984
14910,3000,225211.657186
14152,3000,225251.530929
14222,3000,225290.143539
14188,3000,225325.505889
14768,3000,225359.836944
14572,3000,225393.09506
14066,3000,225430.838267
14732,3000,225720.747008
14436,3000,225758.152702
15100,3000,225793.517818
14356,3000,225830.35393
13536,3000,225872.391805
14544,3000,225907.830309
14578,3000,225943.520061
15046,3000,225982.48138
14178,3000,226021.578846
15172,3000,226057.743151
14832,3000,226095.052842
15162,3000,226134.844043
14792,3000,226171.346612
15054,3000,226208.652137
14834,3000,226244.232144
14744,3000,226284.592535
14732,3000,226320.586206
14428,3000,226353.751349
14322,3000,226386.974594
14686,3000,226427.629655
14652,3000,226463.463075
14462,3000,226502.250457
15078,3000,226539.553109
14282,3000,226582.96437
15034,3000,226619.627536
14404,3000,226662.795188
14566,3000,226696.366088
14996,3000,226738.029156
14910,3000,226775.481219
14616,3000,226806.549354
14776,3000,226846.197168
14086,3000,226888.926464
15022,3000,226929.027857
15032,3000,226964.47
15134,3000,227004.369681
14822,3000,227040.635312
14964,3000,227077.550555
14408,3000,227117.110598
14898,3000,227153.833887
15088,3000,227189.175573
14544,3000,227224.212155
13828,3000,227266.010412
14590,3000,227305.29699
14784,3000,227339.081521
14352,3000,227377.960648
14132,3000,227417.782272
14856,3000,227457.879143
15080,3000,227496.834123
14468,3000,227528.721687
14694,3000,227565.400543
14490,3000,227599.450753
14958,3000,227636.450264
13996,3000,227671.689038
15000,3000,227706.590085
14884,3000,227744.491215
14786,3000,227777.952052
14712,3000,227819.987211
14736,3000,227852.936407
14724,3000,227892.2166
14232,3000,227930.605947
14336,3000,227967.480739
14684,3000,228002.249714
14938,3000,228033.979486
15020,3000,228065.563581
14942,3000,228098.620214
14830,3000,228132.471585
14976,3000,228172.43557
15644,3000,228482.557933
14558,3000,228517.360523
15076,3000,228556.438156
14922,3000,228594.246746
14728,3000,228632.209236
14638,3000,228669.137994
14632,3000,228711.448855
14812,3000,228748.444761
13980,3000,228786.91915
14800,3000,228821.761079
14392,3000,228853.654281
14410,3000,228887.936006
14818,3000,228920.974083
14864,3000,228953.794475
14512,3000,228986.769333
15052,3000,229021.570312
14872,3000,229059.878792
14768,3000,229097.245198
14466,3000,229130.847611
15648,3000,229164.350121
14754,3000,229206.497943
14908,3000,229247.764562
14896,3000,229287.30786
14564,3000,229315.966772
14330,3000,229356.493745
14696,3000,229394.901829
15154,3000,229430.941648
14968,3000,229469.069821
14866,3000,229504.639424
14068,3000,229543.217283
14768,3000,229577.169066
15614,3000,229609.606731
14972,3000,229647.212291
14212,3000,229686.232335
15028,3000,229720.492689
14942,3000,229754.763485
14274,3000,229789.763668
14674,3000,229826.011142
15196,3000,229863.358826
14352,3000,229900.540204
15006,3000,229939.587637
14780,3000,229976.454113
14304,3000,230012.486282
14630,3000,230050.290609
14894,3000,230088.064125
14560,3000,230125.389229
15112,3000,230164.709803
14244,3000,230203.338858
14874,3000,230243.307992
15210,3000,230280.906347
14894,3000,230318.004085
14540,3000,230349.816248
14854,3000,230386.117637
14526,3000,230422.820401
14506,3000,230455.555492
14722,3000,230492.526384
14464,3000,230531.110412
14432,3000,230572.215648
14702,3000,230610.961055
14478,3000,230646.575343
14710,3000,230686.257873
14178,3000,230718.91258
15040,3000,230756.425522
15236,3000,230790.192055
14556,3000,230825.501754
15246,3000,230859.218914
14316,3000,231165.699166
14754,3000,231205.935133
14874,3000,231242.41119
14606,3000,231277.420982
14452,3000,231312.131455
14714,3000,231348.062551
14490,3000,231381.16912
15340,3000,231418.806108
14846,3000,231451.665902
14254,3000,231488.623449
14654,3000,231527.852927
14658,3000,231563.576911
14334,3000,231598.830243
15026,3000,231632.895273
14278,3000,231672.545568
14414,3000,231711.599563
13882,3000,231745.77011
16122,3000,231786.488657
14816,3000,231821.874362
14846,3000,231857.594859
15064,3000,231894.555164
14492,3000,231933.827572
14948,3000,231973.528488
14404,3000,232016.486226
15220,3000,232052.144217
14944,3000,232091.525314
14896,3000,232131.620478
14292,3000,232172.837623
14636,3000,232209.163182
14546,3000,232249.868387
14506,3000,232286.672295
15146,3000,232324.777914
15062,3000,232360.169252
15006,3000,232398.630514
14630,3000,232436.45725
15104,3000,232470.154808
14554,3000,232506.623092
14384,3000,232542.507709
14396,3000,232581.523052
14526,3000,232617.68495
13794,3000,232655.614409
14552,3000,232696.548501
14524,3000,232736.72811
14728,3000,232775.378009
14858,3000,232811.397688
15210,3000,232851.371977
15306,3000,232887.778197
14686,3000,232922.658427
14478,3000,232959.418072
14618,3000,232999.461663
14618,3000,233038.300195
14690,3000,233078.846345
14274,3000,233119.22263
14384,3000,233153.960986
14724,3000,233195.228696
15060,3000,233232.164958
14834,3000,233269.414639
14318,3000,233304.51407
14516,3000,233345.372787
14338,3000,233383.005242
14320,3000,233421.567338
14734,3000,233461.405213
14690,3000,233500.453164
14466,3000,233536.593858
15250,3000,233579.826488
14774,3000,233620.255568
14380,3000,233657.60129
14720,3000,233993.398162
14200,3000,234029.923272
14268,3000,234068.614868
14096,3000,234101.627095
14670,3000,234139.928421
14136,3000,234180.509131
15038,3000,234214.11004
14826,3000,234246.822378
14578,3000,234286.546952
14738,3000,234323.953307
14396,3000,234361.718991
15082,3000,234398.490464
14754,3000,234435.763639
14160,3000,234480.027002
14330,3000,234522.278985
14008,3000,234557.963083
13950,3000,234595.399578
14640,3000,234634.219043
14870,3000,234673.087193
14650,3000,234709.956392
14292,3000,234747.83472
14542,3000,234785.319362
14654,3000,234826.651216
14794,3000,234867.418237
14816,3000,234904.995062
14400,3000,234943.425371
14728,3000,234978.970244
14762,3000,235016.419661
15118,3000,235046.651943
14436,3000,235079.954752
14122,3000,235119.499482
14412,3000,235155.789441
14914,3000,235192.45282
14154,3000,235228.883268
13892,3000,235267.373181
14626,3000,235300.814082
14738,3000,235342.392514
15152,3000,235380.597608
15086,3000,235419.873412
14292,3000,235458.403308
15154,3000,235495.000322
14872,3000,235526.833898
14646,3000,235558.580194
15630,3000,235596.070155
15388,3000,235633.183346
15382,3000,235670.747908
14870,3000,235707.57681
14564,3000,235740.62797
14846,3000,235774.293995
15244,3000,235813.39185
14400,3000,235851.483686
14642,3000,235888.382263
15072,3000,235924.159604
15132,3000,235959.235213
15150,3000,235998.370516
14748,3000,236035.284905
15082,3000,236074.974385
14282,3000,236110.260844
15042,3000,236149.074089
14612,3000,236185.303408
14348,3000,236221.463379
14458,3000,236263.443896
14114,3000,236299.764066
14844,3000,236337.915741
14412,3000,236375.627021
14050,3000,236410.468258
14356,3000,236450.945126
15498,3000,236786.603199
14434,3000,236828.975152
14774,3000,236867.32079
15286,3000,236905.580465
14940,3000,236943.436689
14818,3000,236981.604257
14448,3000,237015.066527
14962,3000,237048.874897
14732,3000,237089.376248
14812,3000,237125.276985
14924,3000,237161.455604
14516,3000,237201.608302
15080,3000,237234.430669
15154,3000,237275.63007
15002,3000,237311.837713
15088,3000,237349.820138
14820,3000,237390.669834
14984,3000,237430.806244
15000,3000,237465.299806
14560,3000,237503.228562
14820,3000,237546.213156
14944,3000,237583.378009
14538,3000,237618.664871
14734,3000,237655.445893
14554,3000,237695.902187
13484,3000,237732.788486
15238,3000,237768.603182
14264,3000,237801.038758
14236,3000,237839.777681
14726,3000,237881.560491
14706,3000,237916.613512
14842,3000,237951.763618
14670,3000,237988.691717
14852,3000,238024.565385
14858,3000,238060.348173
14794,3000,238101.277857
14590,3000,238141.277159
15022,3000,238176.643193
14698,3000,238215.355849
15522,3000,238249.386429
14890,3000,238291.640867
14890,3000,238329.247342
14544,3000,238369.253106
14716,3000,238406.125852
15592,3000,238441.062063
14656,3000,238477.096318
14922,3000,238512.569266
14654,3000,238543.770339
14354,3000,238580.149558
14604,3000,238613.682866
14928,3000,238644.332924
14496,3000,238677.133504
14994,3000,238714.053332
14918,3000,238748.59359
15136,3000,238782.145353
14328,3000,238815.864047
15196,3000,238848.369417
14754,3000,238883.066972
15042,3000,238917.044422
14492,3000,238950.113585
14480,3000,238988.085394
14656,3000,239024.964496
14456,3000,239061.226446
14824,3000,239097.141159
14848,3000,239134.064121
15120,3000,239172.03605
14408,3000,239550.090784
14030,3000,239588.526155
14320,3000,239623.550469
14286,3000,239661.847188
14570,3000,239701.824188
14850,3000,239740.82353
14580,3000,239777.66224
14356,3000,239812.646994
14424,3000,239844.758223
14190,3000,239881.368073
14780,3000,239911.474983
15316,3000,239949.00997
14156,3000,239991.935156
14854,3000,240022.01129
14864,3000,240057.740293
15228,3000,240098.085045
14908,3000,240137.515589
14860,3000,240174.00034
14912,3000,240209.888337
14942,3000,240248.303893
15102,3000,240280.866194
14924,3000,240318.676841
15068,3000,240356.019233
14510,3000,240386.385155
14934,3000,240418.795866
14844,3000,240458.078207
14412,3000,240494.432162
14716,3000,240534.541726
14418,3000,240577.497149
14686,3000,240616.765898
14620,3000,240659.147188
14306,3000,240696.449189
14802,3000,240736.535835
14818,3000,240772.861421
14536,3000,240808.959059
14278,3000,240844.426235
15288,3000,240880.109735
15056,3000,240917.774937
14782,3000,240955.237729
14024,3000,240994.810969
14748,3000,241031.968771
14680,3000,241071.876876
14682,3000,241108.540987
14548,3000,241143.509094
14642,3000,241177.327664
14960,3000,241213.191765
14352,3000,241254.883621
14454,3000,241289.022781
14980,3000,241328.428425
14698,3000,241368.267751
14722,3000,241410.810059
14808,3000,241447.146957
14892,3000,241482.479371
14582,3000,241519.602937
14214,3000,241554.053872
14744,3000,241586.545455
14980,3000,241623.037873
14744,3000,241660.370558
15062,3000,241692.228331
14734,3000,241732.021328
15314,3000,241771.154749
14794,3000,241805.79089
14652,3000,241847.952969
15012,3000,241885.085315
15572,3000,241920.468111
14640,3000,241954.699839
14330,3000,241990.416169
15296,3000,242309.068911
14446,3000,242345.845762
14782,3000,242384.505386
14756,3000,242421.188764
14064,3000,242463.316682
14802,3000,242497.300052
14474,3000,242531.739054
14484,3000,242563.646111
14256,3000,242603.417336
14386,3000,242641.308864
14808,3000,242678.420913
14796,3000,242715.681862
14890,3000,242749.759101
15444,3000,242784.562813
14544,3000,242817.326254
14842,3000,242854.258806
14344,3000,242894.644251
14940,3000,242929.663068
14920,3000,242964.44573
14878,3000,243003.043017
14802,3000,243038.91509
14752,3000,243079.441906
14646,3000,243122.173339
15144,3000,243164.004293
15428,3000,243205.425393
14776,3000,243241.134617
14796,3000,243273.749227
14670,3000,243309.323336
14872,3000,243346.659183
14434,3000,243383.444146
14496,3000,243419.331941
15018,3000,243460.480529
14526,3000,243502.335613
13676,3000,243544.558921
14854,3000,243583.215015
14850,3000,243617.182258
14414,3000,243656.570427
14512,3000,243694.643309
14820,3000,243724.839027
14504,3000,243759.989542
15040,3000,243795.358061
14408,3000,243832.946684
14508,3000,243872.110461
14734,3000,243914.185396
15074,3000,243953.596549
15002,3000,243993.168849
15150,3000,244029.367833
14864,3000,244068.523498
14720,3000,244107.622738
14578,3000,244146.406436
14536,3000,244184.790136
14844,3000,244222.767416
14804,3000,244262.300714
15054,3000,244294.772108
14298,3000,244331.631434
15250,3000,244366.985908
14502,3000,244399.451444
14902,3000,244436.157927
15068,3000,244472.938835
14698,3000,244512.432833
14826,3000,244547.270599
14344,3000,244581.306901
15358,3000,244618.866809
15654,3000,244656.323245
15124,3000,244693.157076
14722,3000,244728.812639
15500,3000,244764.879143
14712,3000,245116.480695
14500,3000,245154.535089
14666,3000,245196.329946
15094,3000,245233.870472
14446,3000,245273.998051
14636,3000,245315.967282
14828,3000,245355.646479
14858,3000,245397.421276
14888,3000,245431.769552
15126,3000,245466.221169
14614,3000,245505.362402
14724,3000,245544.01445
15454,3000,245584.311638
14792,3000,245623.142686
14758,3000,245666.537698
14016,3000,245708.132868
15100,3000,245746.443162
15776,3000,245785.484472
14746,3000,245821.946125
15144,3000,245858.333546
15662,3000,245892.474732
14998,3000,245930.78913
14786,3000,245968.569409
14872,3000,246008.363224
14396,3000,246044.020737
14382,3000,246086.680691
14578,3000,246122.303072
14754,3000,246161.309152
14610,3000,246195.085555
15244,3000,246231.303686
14690,3000,246270.492316
14924,3000,246305.388126
14580,3000,246341.579457
14468,3000,246381.824508
14106,3000,246420.501498
14198,3000,246455.907425
15188,3000,246488.502819
14462,3000,246524.17106
14584,3000,246560.518724
14556,3000,246596.644669
14774,3000,246639.618112
14682,3000,246672.762969
13966,3000,246713.84324
14694,3000,246748.905672
14650,3000,246784.472858
14648,3000,246824.907019
14854,3000,246859.964408
14796,3000,246894.65997
14540,3000,246936.679608
14698,3000,246971.537103
15030,3000,247014.328862
14820,3000,247050.064061
14532,3000,247079.822501
15062,3000,247116.288331
14922,3000,247154.261133
14476,3000,247191.883389
15354,3000,247224.757782
14558,3000,247254.816101
15000,3000,247289.354087
14830,3000,247326.630282
14394,3000,247366.599265
14890,3000,247400.531743
14844,3000,247436.928362
14752,3000,247473.770797
14200,3000,247509.520141
14454,3000,247550.046296
15086,3000,247911.408469
14452,3000,247945.626297
14914,3000,247984.427295
14682,3000,248022.348974
15014,3000,248059.443599
15010,3000,248096.499789
15302,3000,248130.755183
15056,3000,248165.904617
14244,3000,248203.667168
14534,3000,248242.783171
15306,3000,248276.164601
14938,3000,248313.749709
14766,3000,248349.177951
15346,3000,248388.005177
14392,3000,248424.760426
14738,3000,248458.941608
14932,3000,248497.86394
14798,3000,248535.29611
14812,3000,248573.839945
14514,3000,248613.833039
15044,3000,248648.169563
15156,3000,248689.317358
15170,3000,248729.658192
14850,3000,248767.888533
14882,3000,248804.604734
14542,3000,248850.733201
15150,3000,248890.047455
15370,3000,248926.668998
14622,3000,248961.948206
15210,3000,248995.761533
14810,3000,249033.432417
15416,3000,249068.807045
14682,3000,249111.55522
14490,3000,249145.602724
14800,3000,249178.474237
14024,3000,249215.098477
14394,3000,249249.441349
14992,3000,249282.702849
14912,3000,249321.998892
14152,3000,249360.612953
14884,3000,249397.242568
14988,3000,249435.235974
14814,3000,249475.64661
14674,3000,249508.537582
14486,3000,249542.859
14878,3000,249580.537764
15278,3000,249621.419765
14702,3000,249655.801435
14984,3000,249687.562267
14426,3000,249724.436504
14396,3000,249760.979412
14812,3000,249798.601944
14502,3000,249834.008735
15010,3000,249872.643851
14622,3000,249907.729546
14516,3000,249947.303256
14222,3000,249993.759101
14474,3000,250032.692336
14816,3000,250067.247794
14644,3000,250106.242869
14816,3000,250145.822711
14818,3000,250183.686335
14714,3000,250213.588629
14404,3000,250256.59359
14560,3000,250295.274032
14546,3000,250334.829
15440,3000,250373.972479
13936,3000,250609.096504
14296,3000,250649.732613
14960,3000,250686.986987
15290,3000,250727.132324
14654,3000,250763.927313
15574,3000,250798.929188
14452,3000,250840.104344
14516,3000,250878.923914
14768,3000,250915.873992
14622,3000,250949.561961
14422,3000,250986.878713
14850,3000,251024.785331
14626,3000,251065.623729
15052,3000,251108.132384
14934,3000,251145.884575
14666,3000,251175.600274
14326,3000,251213.338179
14540,3000,251252.450836
14766,3000,251289.71609
14806,3000,251329.385333
14590,3000,251368.27019
14880,3000,251407.253775
14788,3000,251445.59366
14814,3000,251483.867527
14006,3000,251520.867293
15536,3000,251560.532368
15608,3000,251594.97533
14912,3000,251634.122168
14154,3000,251669.912637
14928,3000,251708.12784
13800,3000,251743.599367
14800,3000,251784.96638
14352,3000,251824.33921
14306,3000,251866.096294
14396,3000,251905.502094
14558,3000,251941.415351
14872,3000,251983.815445
14192,3000,252017.276933
14526,3000,252049.438995
14830,3000,252087.3555
14996,3000,252121.680741
14812,3000,252158.47039
15012,3000,252196.104855
14236,3000,252237.615174
15086,3000,252273.092112
15140,3000,252304.059654
14384,3000,252342.121114
14918,3000,252379.259677
14908,3000,252413.128191
13808,3000,252449.055185
15134,3000,252481.1591
14574,3000,252521.390305
14780,3000,252560.08414
14832,3000,252602.404931
14660,3000,252641.903985
15106,3000,252680.707841
14606,3000,252718.783012
15288,3000,252755.514719
14568,3000,252791.106763
14716,3000,252828.342461
15022,3000,252861.993746
14664,3000,252896.806408
14578,3000,252931.719135
14826,3000,252967.730141
14802,3000,253004.781055
15178,3000,253042.848822
14738,3000,253077.374622
14766,3000,253267.85147
14954,3000,253308.372282
14980,3000,253343.253875
14824,3000,253381.102117
15052,3000,253417.719915
14720,3000,253452.35236
14796,3000,253491.311017
14668,3000,253533.177512
15066,3000,253571.695529
14526,3000,253610.211704
15244,3000,253649.960261
14584,3000,253689.309881
14918,3000,253726.315206
14672,3000,253764.63913
14528,3000,253806.880309
15004,3000,253847.234593
15118,3000,253887.742748
14892,3000,253922.867325
14500,3000,253963.682625
14914,3000,253997.054055
15036,3000,254036.692433
15194,3000,254075.188349
15192,3000,254107.451553
14830,3000,254148.53797
14090,3000,254182.377702
14848,3000,254221.176492
14890,3000,254262.287374
14220,3000,254304.320345
14864,3000,254337.542598
14642,3000,254375.519903
15028,3000,254418.656919
14988,3000,254460.064979
15086,3000,254501.051869
14880,3000,254541.743616
14982,3000,254583.307738
14408,3000,254624.287465
14916,3000,254659.826463
14812,3000,254696.67054
14486,3000,254737.040559
14582,3000,254779.492517
14530,3000,254820.130667
14776,3000,254858.788185
14880,3000,254898.718852
14448,3000,254936.1783
14370,3000,254978.238069
14988,3000,255017.29528
14694,3000,255058.907365
15230,3000,255097.851695
14920,3000,255136.954622
15202,3000,255177.981955
14368,3000,255217.390532
14392,3000,255257.511886
14964,3000,255295.570358
14786,3000,255332.725779
15140,3000,255369.781763
14958,3000,255407.042346
14748,3000,255443.058385
14896,3000,255481.838726
14710,3000,255523.0705
14216,3000,255564.513298
14528,3000,255605.612169
14854,3000,255641.539755
14896,3000,255677.507102
15070,3000,255714.338228
14952,3000,255752.926296
14360,3000,255794.175269
14312,3000,256050.559656
15188,3000,256088.54583
14474,3000,256125.149133
14548,3000,256162.329507
14986,3000,256198.333313
14382,3000,256232.849696
14314,3000,256276.702091
14648,3000,256313.240415
14870,3000,256347.743992
14834,3000,256384.747612
14246,3000,256423.606893
14184,3000,256461.619437
14548,3000,256497.857579
14660,3000,256540.416952
14720,3000,256583.163965
14726,3000,256621.197513
14528,3000,256660.341916
14738,3000,256697.325418
14812,3000,256738.293899
14782,3000,256780.971455
14348,3000,256823.3463
14754,3000,256861.251476
14492,3000,256901.20222
14320,3000,256936.911628
14656,3000,256978.79291
14102,3000,257020.126938
15236,3000,257061.475559
14658,3000,257102.482585
14684,3000,257142.731344
15462,3000,257176.398813
15168,3000,257214.905964
14470,3000,257252.032103
15128,3000,257290.96621
15052,3000,257325.202912
14802,3000,257364.799
14792,3000,257405.520818
15094,3000,257446.127793
13912,3000,257490.391625
15416,3000,257530.406073
15578,3000,257569.899398
14880,3000,257611.50992
14708,3000,257651.282437
15288,3000,257688.917545
14300,3000,257723.33835
15014,3000,257759.649485
14650,3000,257798.184401
14702,3000,257835.861557
14328,3000,257877.538646
14856,3000,257914.179996
14680,3000,257954.977022
14854,3000,257993.279736
14872,3000,258033.510038
14954,3000,258072.404057
14488,3000,258111.592479
14076,3000,258151.777829
14998,3000,258191.640762
14308,3000,258232.349518
15110,3000,258269.721815
14788,3000,258313.024014
14628,3000,258354.004569
14730,3000,258395.78199
14548,3000,258431.989703
14970,3000,258470.800342
14754,3000,258505.148115
14942,3000,258537.406657
14962,3000,258568.172529
15134,3000,258608.555534
15026,3000,258807.105489
13876,3000,258845.986029
15018,3000,258881.4324
14580,3000,258922.046729
14994,3000,258961.351067
14542,3000,258996.132729
14358,3000,259040.855982
14876,3000,259078.173554
15150,3000,259118.452327
15526,3000,259159.310031
15252,3000,259194.75536
14790,3000,259232.938838
14912,3000,259272.159102
14916,3000,259307.216874
14916,3000,259346.970178
14622,3000,259385.209883
14800,3000,259425.320138
14898,3000,259465.163691
15292,3000,259497.953393
14942,3000,259534.680572
14814,3000,259574.079332
14820,3000,259612.591865
14606,3000,259653.981592
14610,3000,259692.21955
15014,3000,259732.114456
14650,3000,259773.258987
14886,3000,259811.514842
15196,3000,259848.973965
14838,3000,259883.067555
14742,3000,259920.129001
15018,3000,259953.410661
15074,3000,259988.135769
14666,3000,260030.13693
15206,3000,260066.405039
14924,3000,260100.08451
15062,3000,260139.713366
14636,3000,260177.976689
15164,3000,260215.244289
14600,3000,260253.313007
14182,3000,260294.907553
14572,3000,260334.461745
14588,3000,260370.877956
14528,3000,260409.485641
15278,3000,260447.916257
14642,3000,260481.854979
15174,3000,260519.643609
14118,3000,260558.945762
15066,3000,260591.861806
15056,3000,260626.209371
15062,3000,260664.347173
15274,3000,260702.286998
14358,3000,260739.630339
14604,3000,260788.709132
15076,3000,260828.843029
14482,3000,260866.675256
15242,3000,260907.141791
15480,3000,260946.153522
14986,3000,260986.024995
15014,3000,261024.360463
14878,3000,261056.905475
13964,3000,261090.013285
14820,3000,261128.186088
14924,3000,261167.544684
14874,3000,261202.562193
15516,3000,261239.56863
13780,3000,261274.523996
14432,3000,261314.775753
15030,3000,261506.422029
14982,3000,261545.671652
15108,3000,261578.720292
15084,3000,261616.353629
14508,3000,261657.090094
14802,3000,261692.491213
15100,3000,261728.837892
14644,3000,261765.535808
15982,3000,261805.101878
14808,3000,261843.483061
14436,3000,261881.632513
14952,3000,261917.600101
14194,3000,261957.149782
15322,3000,261996.719537
14648,3000,262034.265584
13512,3000,262073.118069
14676,3000,262111.842316
14672,3000,262148.301336
14286,3000,262186.232127
15102,3000,262227.781807
13948,3000,262263.951679
15136,3000,262302.035119
14664,3000,262341.306329
14586,3000,262378.176706
14772,3000,262416.574889
14810,3000,262451.419037
14692,3000,262493.157295
14420,3000,262530.42471
15134,3000,262566.276361
14882,3000,262607.858952
15506,3000,262640.704697
14380,3000,262680.673147
14460,3000,262720.191628
14552,3000,262761.955374
14556,3000,262800.086694
14802,3000,262841.61123
14672,3000,262879.727287
14290,3000,262919.912903
14886,3000,262958.12309
14602,3000,262995.221638
14728,3000,263034.765885
14008,3000,263066.644601
15386,3000,263102.500784
14952,3000,263142.652415
15188,3000,263183.178349
14356,3000,263224.184499
14850,3000,263258.780952
15026,3000,263298.2396
15070,3000,263341.10499
14950,3000,263377.272404
14270,3000,263420.395303
14700,3000,263459.60738
14956,3000,263497.761004
14710,3000,263537.627567
14370,3000,263575.296251
14946,3000,263613.948071
14834,3000,263651.646997
15062,3000,263690.145026
14708,3000,263727.960962
14798,3000,263766.640976
14858,3000,263801.093495
14866,3000,263842.478303
15054,3000,263876.96566
15062,3000,263919.223602
14784,3000,263955.849351
14720,3000,263994.439919
15118,3000,264175.781014
14892,3000,264211.951521
14362,3000,264252.533108
14734,3000,264286.82574
15282,3000,264326.213358
15336,3000,264366.177574
14688,3000,264406.248542
14876,3000,264440.523614
15128,3000,264476.905963
13990,3000,264514.511204
15020,3000,264551.157167
14846,3000,264589.574457
14114,3000,264626.230253
15010,3000,264660.777416
14500,3000,264699.979992
14434,3000,264738.443665
14592,3000,264776.210491
14960,3000,264813.5093
14282,3000,264848.791678
14504,3000,264886.933551
14650,3000,264922.261643
14454,3000,264959.15652
14976,3000,264994.930341
14630,3000,265031.424165
14446,3000,265063.42704
14464,3000,265104.60618
14848,3000,265146.317556
14724,3000,265187.182055
14530,3000,265227.712826
14728,3000,265268.074352
14490,3000,265304.133328
14578,3000,265348.242037
14840,3000,265386.245764
14838,3000,265429.610148
14652,3000,265471.124345
14322,3000,265509.422993
15036,3000,265549.056866
14152,3000,265591.867806
14862,3000,265630.450593
15146,3000,265670.878415
15138,3000,265711.017778
14706,3000,265750.96347
14188,3000,265792.100338
14968,3000,265826.873597
14964,3000,265870.503011
14626,3000,265908.661828
14836,3000,265950.412765
14978,3000,265990.279521
13938,3000,266023.224391
15042,3000,266059.340132
14984,3000,266097.524671
14924,3000,266138.529885
14040,3000,266182.971062
14470,3000,266221.278293
14832,3000,266255.080133
14526,3000,266295.144922
15140,3000,266335.653146
14964,3000,266372.393164
14836,3000,266409.693155
14182,3000,266451.345443
14636,3000,266494.572141
15520,3000,266532.667507
14614,3000,266570.766331
15160,3000,266609.49515
14860,3000,266646.837014
15066,3000,266685.461768
14622,3000,266723.163904
14670,3000,266900.747357
14438,3000,266939.01372
14594,3000,266976.92863
14960,3000,267019.542246
15136,3000,267056.501387
14620,3000,267095.853521
14210,3000,267136.0249
15094,3000,267177.282245
14842,3000,267208.936161
14632,3000,267248.702589
15014,3000,267285.495597
14472,3000,267320.540244
15104,3000,267361.509192
14568,3000,267400.075745
14838,3000,267440.025841
14776,3000,267473.891965
14410,3000,267512.156051
14668,3000,267553.057936
14756,3000,267595.911726
15894,3000,267631.31094
14788,3000,267671.780685
15124,3000,267711.1368
14458,3000,267745.516759
14486,3000,267786.329804
14430,3000,267820.063014
14968,3000,267857.450893
14220,3000,267892.103908
15252,3000,267931.384471
14660,3000,267969.976023
14702,3000,268011.596378
15264,3000,268052.087368
14858,3000,268091.797085
14892,3000,268129.543654
14660,3000,268168.290438
15098,3000,268205.336122
14780,3000,268245.755964
14898,3000,268286.06357
14534,3000,268329.230111
14616,3000,268363.167653
14420,3000,268403.208276
14936,3000,268444.265768
15054,3000,268482.994318
14790,3000,268519.472826
14114,3000,268558.402843
14546,3000,268597.363868
14150,3000,268634.114917
14462,3000,268679.210335
15154,3000,268714.02425
14644,3000,268751.013383
14348,3000,268789.642995
14680,3000,268828.181538
15028,3000,268866.879372
15010,3000,268905.036948
15118,3000,268943.47944
15234,3000,268980.276789
14372,3000,269021.464716
14138,3000,269068.450908
14614,3000,269110.074357
14928,3000,269145.921574
15106,3000,269179.522048
15060,3000,269214.918818
14384,3000,269253.535609
14464,3000,269292.597949
15210,3000,269327.638104
14538,3000,269370.095718
15018,3000,269407.984553
14722,3000,269444.841121
14788,3000,269626.627612
14714,3000,269667.403749
14552,3000,269707.994788
15386,3000,269748.495522
14994,3000,269783.29693
15208,3000,269823.120875
14664,3000,269864.998192
14742,3000,269905.826885
14566,3000,269939.335519
14870,3000,269976.511751
14974,3000,270014.257499
15038,3000,270052.069369
15128,3000,270092.727815
14564,3000,270132.657452
15204,3000,270169.933682
14944,3000,270210.909891
15032,3000,270249.57283
14922,3000,270287.975676
15738,3000,270334.198283
15164,3000,270367.498315
14922,3000,270405.161106
14728,3000,270440.573172
14674,3000,270483.936199
14782,3000,270522.385587
15010,3000,270556.776789
14820,3000,270595.540765
15206,3000,270635.916437
14472,3000,270679.742283
14536,3000,270717.705276
14690,3000,270752.648919
15410,3000,270791.194189
14588,3000,270829.077821
14410,3000,270867.591244
15092,3000,270907.732026
14826,3000,270948.009638
14552,3000,270990.046044
14672,3000,271025.305511
15474,3000,271066.364761
14448,3000,271102.301706
15074,3000,271143.099183
14782,3000,271180.715584
15698,3000,271226.041742
14718,3000,271262.03869
15294,3000,271298.837664
14682,3000,271341.365137
15092,3000,271378.095759
14822,3000,271416.989277
14870,3000,271455.256476
15130,3000,271493.99494
15220,3000,271530.852665
14458,3000,271569.347265
14704,3000,271609.123997
14544,3000,271650.736074
14596,3000,271686.891603
14106,3000,271725.468977
14730,3000,271761.391174
14938,3000,271799.702532
14906,3000,271839.122588
15014,3000,271878.684237
15174,3000,271914.278047
15598,3000,271951.821264
15364,3000,271993.544569
15128,3000,272033.659753
14312,3000,272074.514718
15084,3000,272118.196366
14580,3000,272155.063706
14946,3000,272334.405009
15390,3000,272371.205095
14960,3000,272403.911229
14222,3000,272443.378649
14200,3000,272482.683975
14138,3000,272525.974775
15452,3000,272562.841856
15054,3000,272602.421575
14738,3000,272642.527509
15026,3000,272678.10761
14676,3000,272712.222465
14514,3000,272747.273572
15574,3000,272783.313064
14606,3000,272822.322184
14594,3000,272862.301161
14658,3000,272901.317123
14600,3000,272938.126236
15426,3000,272973.814818
14678,3000,273015.196378
14720,3000,273054.664429
14990,3000,273092.63373
14942,3000,273128.337321
14568,3000,273167.880565
15008,3000,273206.667281
14400,3000,273245.194856
14500,3000,273281.814319
14536,3000,273323.534527
13732,3000,273363.298515
14600,3000,273398.274115
15164,3000,273433.592162
14750,3000,273475.659412
14738,3000,273516.259528
14830,3000,273557.38534
14372,3000,273591.458683
15376,3000,273629.712774
14864,3000,273667.094661
15170,3000,273705.927662
14948,3000,273740.240095
14826,3000,273778.639639
14112,3000,273819.454646
14900,3000,273860.261152
14760,3000,273900.343856
14486,3000,273938.915497
14812,3000,273975.765097
14744,3000,274013.305782
14092,3000,274049.782899
14706,3000,274093.700997
14874,3000,274130.543531
14698,3000,274166.76426
15024,3000,274201.446672
13894,3000,274236.997298
15126,3000,274277.905616
14330,3000,274315.57672
15116,3000,274356.386187
14480,3000,274396.236867
14490,3000,274431.205359
14716,3000,274467.702919
14850,3000,274503.09229
15064,3000,274539.901248
14584,3000,274578.832824
14606,3000,274617.202039
14048,3000,274652.827497
15462,3000,274693.195216
14158,3000,274733.582484
14640,3000,274774.236387
15156,3000,274813.606454
15418,3000,274851.649077
14586,3000,275047.844564
14888,3000,275086.121961
15032,3000,275127.91103
14614,3000,275164.053388
14702,3000,275205.1849
14648,3000,275244.630166
14746,3000,275279.448814
14106,3000,275319.073129
14608,3000,275355.477543
14914,3000,275392.167857
14866,3000,275429.478955
14238,3000,275469.708216
14592,3000,275507.75668
14750,3000,275545.194831
14584,3000,275582.844744
14650,3000,275622.197793
14834,3000,275663.687377
14582,3000,275700.777721
14312,3000,275743.23664
14910,3000,275777.370167
14404,3000,275816.899265
15066,3000,275855.346598
14854,3000,275895.004817
14752,3000,275936.940999
14348,3000,275978.509905
14734,3000,276013.778189
14542,3000,276050.11861
14940,3000,276084.804624
14784,3000,276127.18077
15034,3000,276164.186591
14808,3000,276202.4297
15022,3000,276239.416548
14936,3000,276279.517046
15082,3000,276316.512273
15146,3000,276350.256884
15060,3000,276387.921994
15076,3000,276424.577399
14096,3000,276462.462025
15322,3000,276501.829178
14020,3000,276540.494271
15316,3000,276577.840524
14702,3000,276615.562691
15042,3000,276655.730336
14104,3000,276696.36515
14962,3000,276735.018761
14750,3000,276772.294263
15024,3000,276810.802382
14582,3000,276849.982851
15614,3000,276885.99544
14968,3000,276922.763309
14076,3000,276956.215771
16278,3000,276997.453575
14714,3000,277033.854162
14126,3000,277073.491862
14986,3000,277107.599816
14428,3000,277148.896438
14420,3000,277188.623976
14658,3000,277228.274482
14414,3000,277265.838426
14598,3000,277306.8654
14894,3000,277344.401625
14666,3000,277379.154812
14606,3000,277414.059986
14112,3000,277457.564974
14364,3000,277496.427193
15502,3000,277533.619068
14782,3000,277574.818263
14938,3000,277765.982036
14570,3000,277804.235035
14748,3000,277840.422689
14786,3000,277882.127647
15250,3000,277921.33616
14260,3000,277961.816245
15312,3000,277997.805049
15480,3000,278033.166792
14616,3000,278072.278182
15042,3000,278105.582004
14736,3000,278141.0906
14606,3000,278178.347736
14306,3000,278219.383662
14484,3000,278257.375921
14718,3000,278291.781042
14794,3000,278331.28216
14424,3000,278370.720773
14494,3000,278405.168969
14496,3000,278441.245256
15068,3000,278479.141045
14768,3000,278517.057038
15480,3000,278554.871828
15212,3000,278591.001881
15002,3000,278623.384667
14930,3000,278656.433448
14862,3000,278697.27061
14102,3000,278737.011656
14090,3000,278777.617734
15154,3000,278814.643344
14308,3000,278854.017378
14358,3000,278889.141925
14590,3000,278926.484067
15188,3000,278965.408189
14698,3000,279007.71361
14968,3000,279045.499872
14668,3000,279084.040037
14516,3000,279120.603513
14748,3000,279159.403686
14504,3000,279197.078506
14388,3000,279234.697378
14310,3000,279275.464112
15332,3000,279309.15206
14530,3000,279346.411313
14516,3000,279383.822535
14686,3000,279420.774334
15002,3000,279454.396412
14604,3000,279494.658316
14868,3000,279536.064405
14942,3000,279573.677081
14392,3000,279615.689008
14744,3000,279650.760372
14688,3000,279693.002048
14384,3000,279727.92621
14528,3000,279765.256209
15146,3000,279805.630892
14576,3000,279840.49277
14902,3000,279879.464352
14992,3000,279915.976684
14288,3000,279948.872219
15444,3000,279986.068668
14602,3000,280022.252224
15084,3000,280056.557389
15258,3000,280089.812303
14846,3000,280123.746093
14638,3000,280163.722708
14760,3000,280204.793957
14640,3000,280379.576072
14888,3000,280419.457102
14798,3000,280458.278738
14184,3000,280496.76847
14714,3000,280531.013364
14754,3000,280570.062144
15194,3000,280606.909112
15340,3000,280642.405001
15230,3000,280683.532504
15190,3000,280719.972529
14672,3000,280757.114024
15106,3000,280794.909536
14756,3000,280835.231417
14060,3000,280873.013651
14930,3000,280913.649913
14816,3000,280948.800984
14502,3000,280986.075153
14540,3000,281023.115757
14994,3000,281059.74499
15216,3000,281098.370624
14782,3000,281138.13069
14734,3000,281178.216212
14192,3000,281211.259931
14644,3000,281249.76071
14862,3000,281289.387177
14956,3000,281326.954393
15150,3000,281366.462618
14138,3000,281403.052441
14504,3000,281443.820855
13732,3000,281484.755226
14548,3000,281525.122673
14424,3000,281562.793946
14766,3000,281596.227798
14434,3000,281639.1674
14804,3000,281676.201379
14288,3000,281716.117295
14398,3000,281757.182352
14230,3000,281795.953357
14730,3000,281833.545213
14962,3000,281871.3707
14488,3000,281912.115689
15120,3000,281950.06495
15246,3000,281990.203836
14284,3000,282032.307691
14744,3000,282066.625011
15028,3000,282103.607123
14400,3000,282145.607562
14276,3000,282183.141239
14648,3000,282223.03502
14940,3000,282263.056382
15090,3000,282302.564118
14560,3000,282341.061914
14460,3000,282378.780455
14594,3000,282414.876008
14910,3000,282457.681536
14380,3000,282496.438759
14980,3000,282534.015515
14576,3000,282572.741958
14750,3000,282609.039635
14420,3000,282648.789988
14046,3000,282685.815113
14932,3000,282719.150428
15128,3000,282756.56992
14518,3000,282793.865721
15102,3000,282831.984451
14098,3000,282867.979695
14674,3000,282902.814263
14918,3000,283092.058398
14608,3000,283133.441491
14926,3000,283173.84649
14508,3000,283209.449191
15014,3000,283246.060647
14512,3000,283281.601335
14868,3000,283319.065626
15572,3000,283357.753044
15108,3000,283397.529837
14892,3000,283434.523017
14786,3000,283474.568575
14560,3000,283514.692851
15260,3000,283547.453908
14920,3000,283587.108774
14528,3000,283627.080002
14188,3000,283668.584119
14802,3000,283712.287969
14838,3000,283752.699989
14336,3000,283790.38759
14150,3000,283830.026214
14740,3000,283872.228253
15476,3000,283910.459549
14796,3000,283942.877487
14624,3000,283977.056389
14234,3000,284025.012601
14756,3000,284060.538808
14544,3000,284097.439016
14802,3000,284135.560049
14610,3000,284173.090332
14776,3000,284211.029589
14576,3000,284249.732697
13858,3000,284288.228949
14764,3000,284325.903177
14564,3000,284362.640534
14602,3000,284399.847253
14688,3000,284436.389914
15184,3000,284471.351027
14482,3000,284503.76594
14916,3000,284541.044311
14918,3000,284580.758588
14690,3000,284616.652758
14184,3000,284653.053771
14268,3000,284692.871925
14900,3000,284733.630258
14526,3000,284772.366279
15206,3000,284806.688161
14898,3000,284842.837015
14796,3000,284875.940164
15348,3000,284913.832959
15610,3000,284946.441705
14734,3000,284983.740569
15428,3000,285024.158566
14998,3000,285059.881691
14476,3000,285097.790013
15288,3000,285136.010917
14354,3000,285177.83462
14890,3000,285217.809159
14640,3000,285253.379767
14592,3000,285286.637205
14554,3000,285325.927078
15000,3000,285365.519971
14436,3000,285397.991678
14676,3000,285436.382455
14780,3000,285471.283375
14258,3000,285512.314315
14790,3000,285548.914148
15072,3000,285586.72375
14500,3000,285771.289098
14362,3000,285809.18638
14832,3000,285846.151179
14782,3000,285883.681227
14168,3000,285921.413504
13876,3000,285959.77131
15542,3000,286000.56022
14916,3000,286037.370448
14080,3000,286073.645701
14636,3000,286113.140975
14468,3000,286152.276591
14734,3000,286188.449942
14712,3000,286231.254585
13982,3000,286271.498395
14626,3000,286309.930734
15182,3000,286348.430046
15236,3000,286389.027536
14786,3000,286429.999381
14670,3000,286464.155739
15028,3000,286502.907596
14764,3000,286539.772371
14920,3000,286577.943277
14586,3000,286616.111591
13908,3000,286655.08358
14852,3000,286686.88027
15068,3000,286727.520208
14542,3000,286766.690623
14416,3000,286807.080669
14528,3000,286841.663498
14466,3000,286876.278452
15194,3000,286916.564416
15222,3000,286950.56738
14754,3000,286989.94229
15406,3000,287027.510662
14540,3000,287062.437425
14214,3000,287099.996384
15208,3000,287137.359571
15008,3000,287178.441673
15514,3000,287214.462675
14524,3000,287251.523463
14790,3000,287292.772244
14752,3000,287331.940138
15054,3000,287369.866231
14728,3000,287406.156378
15472,3000,287446.628028
14678,3000,287482.870029
14650,3000,287521.360393
14848,3000,287559.019092
14672,3000,287594.642964
14714,3000,287632.507087
14728,3000,287668.945789
14328,3000,287708.249986
14322,3000,287742.603183
14506,3000,287783.728011
14172,3000,287824.849005
14740,3000,287864.984595
14068,3000,287904.29948
13954,3000,287945.604105
14654,3000,287980.247596
14388,3000,288016.634778
15870,3000,288053.886673
14780,3000,288092.621097
14782,3000,288124.542767
15048,3000,288164.572263
14658,3000,288204.960313
14890,3000,288239.143606
15046,3000,288437.980409
14412,3000,288480.434777
14024,3000,288514.749678
14660,3000,288551.951563
14580,3000,288592.227505
14608,3000,288627.357646
15326,3000,288665.696775
14790,3000,288702.433712
14420,3000,288737.552459
14828,3000,288773.371705
14646,3000,288813.085862
14928,3000,288848.442907
14738,3000,288886.251414
13976,3000,288924.996575
15044,3000,288959.342542
14440,3000,288997.981573
14734,3000,289036.787418
14762,3000,289075.179734
15106,3000,289113.190438
15240,3000,289152.00331
14178,3000,289196.527476
15140,3000,289228.079252
14616,3000,289263.668137
14844,3000,289299.909677
14370,3000,289342.445189
14314,3000,289377.79861
14640,3000,289417.481901
14896,3000,289448.824473
14576,3000,289483.44347
15024,3000,289518.23482
14876,3000,289556.251384
14856,3000,289591.427428
14442,3000,289625.925287
14000,3000,289663.914041
14704,3000,289699.555754
15166,3000,289740.344585
13870,3000,289779.850874
14276,3000,289822.003828
14802,3000,289862.89247
14872,3000,289902.295929
14772,3000,289940.308513
14794,3000,289976.458297
14170,3000,290019.906362
14184,3000,290059.114187
15138,3000,290095.305661
15232,3000,290131.895293
14764,3000,290164.254215
15076,3000,290198.018063
14786,3000,290236.073476
14950,3000,290273.258976
13958,3000,290304.351053
14614,3000,290340.63575
14926,3000,290375.894786
15326,3000,290413.159439
15468,3000,290451.147388
14382,3000,290492.014744
15026,3000,290527.304172
14996,3000,290557.610534
14654,3000,290594.633469
15042,3000,290636.925125
15608,3000,290673.883038
14916,3000,290709.209087
14648,3000,290743.002555
14994,3000,290780.143463
14416,3000,290815.910024
14810,3000,290846.857336
14948,3000,290878.539335
14234,3000,291066.907231
15124,3000,291101.536592
15172,3000,291138.423546
14956,3000,291177.162117
14430,3000,291212.891756
14614,3000,291250.021436
14808,3000,291287.461935
14206,3000,291320.090007
14266,3000,291357.791072
14518,3000,291393.657617
14980,3000,291429.318063
14814,3000,291463.199258
14704,3000,291499.180676
14546,3000,291536.523611
15088,3000,291570.530805
14204,3000,291605.018729
14168,3000,291647.361749
14832,3000,291679.61646
14910,3000,291714.909045
15538,3000,291756.165431
14830,3000,291796.443068
14584,3000,291833.92933
13988,3000,291870.658023
14882,3000,291913.04925
15224,3000,291948.785742
14450,3000,291983.683481
14866,3000,292021.89638
14818,3000,292060.065196
15140,3000,292099.930899
14886,3000,292137.440469
15346,3000,292176.016677
14446,3000,292214.495221
14898,3000,292254.57541
14302,3000,292291.994267
15626,3000,292333.974739
14766,3000,292371.049125
14396,3000,292410.614136
14228,3000,292450.387422
14782,3000,292492.094643
14536,3000,292532.103313
14928,3000,292567.342325
14660,3000,292604.568594
15234,3000,292642.46673
14556,3000,292676.472667
14652,3000,292709.003062
14842,3000,292746.825548
14664,3000,292778.862864
14678,3000,292816.44263
14372,3000,292857.058665
15012,3000,292893.656973
14224,3000,292930.449625
14490,3000,292967.708615
14864,3000,293005.412046
14844,3000,293041.794775
14878,3000,293078.44676
14626,3000,293120.593497
14670,3000,293157.543914
14372,3000,293196.054067
15262,3000,293231.924502
15032,3000,293268.946513
14544,3000,293313.749142
14458,3000,293351.367221
14548,3000,293385.380654
14588,3000,293423.567295
14404,3000,293460.244532
14728,3000,293501.528119
15306,3000,293535.632931
14626,3000,293734.928884
15178,3000,293769.939544
14680,3000,293806.28709
15036,3000,293844.828646
14728,3000,293885.869695
14080,3000,293927.059275
14410,3000,293962.216299
14180,3000,293998.308964
14640,3000,294040.377162
14570,3000,294073.91557
14426,3000,294112.037904
14650,3000,294150.036704
14950,3000,294182.607677
14420,3000,294213.447089
14314,3000,294252.27178
14978,3000,294290.19424
14222,3000,294329.439343
14478,3000,294369.508657
15556,3000,294403.481257
14788,3000,294438.765664
14326,3000,294473.779082
14934,3000,294509.298384
15272,3000,294549.033298
14748,3000,294585.878903
14186,3000,294623.338451
14508,3000,294665.712271
14334,3000,294704.211944
15234,3000,294740.55685
14310,3000,294774.976446
14560,3000,294815.159162
15032,3000,294847.870492
14384,3000,294890.352789
13922,3000,294933.903422
14732,3000,294970.436651
14930,3000,295007.154349
14438,3000,295046.008959
15144,3000,295079.891829
14852,3000,295113.166833
14530,3000,295150.071101
14440,3000,295188.326942
14688,3000,295224.075451
14568,3000,295259.026325
15050,3000,295297.874691
14306,3000,295338.693105
13970,3000,295377.910535
14708,3000,295414.923262
14270,3000,295448.426595
14604,3000,295486.838235
14418,3000,295526.479779
14528,3000,295561.709185
15068,3000,295598.343307
14640,3000,295632.177651
14576,3000,295672.136494
14670,3000,295710.667
14914,3000,295748.292764
14560,3000,295780.74426
15246,3000,295816.619211
14690,3000,295850.919013
14620,3000,295888.872471
14554,3000,295928.812828
14832,3000,295970.741964
15194,3000,296009.826208
14696,3000,296050.295115
14818,3000,296088.64075
15384,3000,296130.30781
15012,3000,296171.227221
14258,3000,296375.733056
14502,3000,296416.480396
14526,3000,296458.198671
15106,3000,296495.427675
14920,3000,296537.003211
14904,3000,296572.949711
14788,3000,296614.652713
14350,3000,296653.516172
14026,3000,296695.942883
14678,3000,296735.268209
14898,3000,296768.954941
14048,3000,296806.432655
14428,3000,296846.431706
14778,3000,296888.653768
14690,3000,296930.838292
15064,3000,296970.39846
14472,3000,297013.784479
14662,3000,297050.258692
15222,3000,297087.189298
14144,3000,297124.224254
14738,3000,297164.33208
14448,3000,297205.705156
14028,3000,297244.078347
15508,3000,297283.928033
14948,3000,297322.968522
14266,3000,297363.485927
15406,3000,297399.852545
14384,3000,297437.81277
14728,3000,297476.364103
15140,3000,297513.448584
14622,3000,297554.262288
15214,3000,297589.197221
15194,3000,297631.137584
14722,3000,297667.59811
15032,3000,297704.863597
14754,3000,297740.627681
14282,3000,297777.227793
15162,3000,297813.112715
14592,3000,297851.56557
14408,3000,297892.49773
14768,3000,297928.493727
14898,3000,297965.287853
14650,3000,298005.120997
14414,3000,298043.848442
14716,3000,298082.489797
14744,3000,298120.505085
14904,3000,298157.353229
14828,3000,298196.051077
14924,3000,298233.192103
15560,3000,298272.100202
14744,3000,298306.09531
14932,3000,298342.639217
15024,3000,298378.06075
14656,3000,298414.693862
14700,3000,298449.469174
15002,3000,298484.233189
14812,3000,298518.540359
14646,3000,298552.750719
14956,3000,298586.607336
14850,3000,298630.752807
14540,3000,298667.855645
14440,3000,298702.608405
14966,3000,298743.01411
15096,3000,298782.021786
15100,3000,298818.41597
14988,3000,298860.246424
14684,3000,298900.424311
14974,3000,299092.396618
13954,3000,299130.738466
14848,3000,299170.010216
14760,3000,299206.94531
14536,3000,299247.78858
14736,3000,299284.981989
14848,3000,299319.53632
14488,3000,299357.7489
15132,3000,299397.622528
14878,3000,299431.419075
14954,3000,299472.254683
15022,3000,299505.522338
14496,3000,299538.062485
15074,3000,299574.040753
14482,3000,299607.619111
14778,3000,299641.703542
15350,3000,299677.538566
14562,3000,299717.581618
14518,3000,299752.796486
14506,3000,299790.24768
14532,3000,299825.776697
14460,3000,299865.461811
14652,3000,299903.473775
14486,3000,299944.335479
15134,3000,299981.128144
14530,3000,300018.041547
14448,3000,300057.672017
14906,3000,300096.040689
14760,3000,300137.695721
14558,3000,300175.934623
14448,3000,300213.222532
15332,3000,300252.294584
15258,3000,300291.233065
14212,3000,300327.249404
15544,3000,300365.34527
14502,3000,300404.525389
14928,3000,300445.888717
14854,3000,300483.75059
15076,3000,300518.649591
14826,3000,300556.65715
15160,3000,300594.805586
14924,3000,300636.02015
14594,3000,300676.438016
15128,3000,300720.152854
14616,3000,300759.737364
15136,3000,300797.051039
14624,3000,300833.684544
14426,3000,300878.183179
15012,3000,300926.647404
14390,3000,300966.977002
15214,3000,301005.837631
14946,3000,301039.008674
14560,3000,301081.651822
14358,3000,301117.173164
14918,3000,301153.114014
14914,3000,301197.123188
14860,3000,301231.783797
14782,3000,301269.962986
14386,3000,301309.073245
16294,3000,301345.876702
14936,3000,301383.379497
15412,3000,301421.264837
14562,3000,301459.764215
14784,3000,301500.334084
14396,3000,301540.346041
15062,3000,301578.053707
14146,3000,301612.236603
14270,3000,301795.823119
14652,3000,301832.67992
14320,3000,301862.273309
15406,3000,301896.292558
14554,3000,301937.374394
14676,3000,301969.93891
14972,3000,302010.246217
14764,3000,302050.330602
14420,3000,302083.631125
14526,3000,302122.72684
14392,3000,302162.047549
14646,3000,302198.378997
14582,3000,302234.853176
15350,3000,302272.605869
14894,3000,302309.400786
14230,3000,302347.355403
14268,3000,302384.33224
14424,3000,302423.503127
14544,3000,302461.820562
14328,3000,302505.414407
14544,3000,302545.518891
15138,3000,302584.233467
14882,3000,302620.412922
14594,3000,302657.887691
14340,3000,302701.205765
14596,3000,302738.02392
14186,3000,302773.701255
14698,3000,302809.929449
14968,3000,302848.793581
14750,3000,302889.486788
15176,3000,302928.865134
14556,3000,302967.578894
14782,3000,303004.171552
14818,3000,303041.66727
14538,3000,303074.148949
14634,3000,303109.619177
14898,3000,303148.969281
15136,3000,303190.5603
14484,3000,303228.213745
14776,3000,303267.956215
14884,3000,303305.783004
14744,3000,303339.86255
14680,3000,303373.768788
15122,3000,303411.313964
15206,3000,303444.295892
15426,3000,303482.103402
14892,3000,303520.690781
14350,3000,303564.09468
15608,3000,303601.437332
14970,3000,303640.163275
14864,3000,303678.321362
15002,3000,303711.425348
14958,3000,303752.370365
14050,3000,303788.783492
14382,3000,303823.453229
14052,3000,303864.118613
14978,3000,303905.760279
14484,3000,303938.852522
14796,3000,303979.915293
14374,3000,304014.24151
15034,3000,304050.87768
14720,3000,304090.294721
14292,3000,304124.98497
14938,3000,304162.03968
14570,3000,304202.622644
14326,3000,304239.683728
14666,3000,304427.090971
15086,3000,304466.146235
14602,3000,304506.96395
14962,3000,304545.981573
14896,3000,304586.657844
14680,3000,304623.739666
14536,3000,304661.757401
14566,3000,304695.706717
14952,3000,304729.793942
14752,3000,304770.14857
14716,3000,304806.439706
14774,3000,304846.790887
14596,3000,304886.835959
15054,3000,304926.729945
15034,3000,304963.751631
14452,3000,304997.878627
13952,3000,305031.780945
14522,3000,305067.379486
14742,3000,305103.29613
14918,3000,305133.825186
14150,3000,305170.208889
15276,3000,305207.593512
14628,3000,305250.613816
14970,3000,305286.786059
14614,3000,305326.022027
14974,3000,305365.548579
14710,3000,305404.892138
14594,3000,305440.130699
14458,3000,305481.165562
14138,3000,305521.295047
14856,3000,305560.822986
14724,3000,305603.907799
14852,3000,305639.073393
15062,3000,305673.853079
14976,3000,305712.886245
14832,3000,305748.868501
14822,3000,305785.473302
14834,3000,305825.56092
14652,3000,305866.31569
14792,3000,305904.263029
15120,3000,305945.141704
15040,3000,305984.615833
14132,3000,306029.182858
15482,3000,306062.100755
15180,3000,306099.79757
14544,3000,306134.17118
14396,3000,306168.55588
14894,3000,306211.06667
14920,3000,306249.734912
15372,3000,306290.633458
14324,3000,306328.696806
14958,3000,306371.585363
14886,3000,306410.558032
15146,3000,306450.494864
14240,3000,306485.733977
14930,3000,306522.830529
14646,3000,306561.960873
14940,3000,306601.838137
15306,3000,306639.402908
14846,3000,306679.345994
15132,3000,306714.630309
14720,3000,306751.201982
14972,3000,306788.76291
14432,3000,306823.61919
15136,3000,306866.9152
14944,3000,306909.740586
14454,3000,306947.706271
14234,3000,307143.107318
14662,3000,307179.497251
14654,3000,307217.516149
14714,3000,307246.926341
14876,3000,307277.638313
14482,3000,307316.21813
14474,3000,307358.018487
14732,3000,307395.255878
14736,3000,307437.949247
14998,3000,307475.540698
14766,3000,307510.399179
14868,3000,307547.590984
14268,3000,307586.690423
14544,3000,307626.246317
14924,3000,307657.329076
14766,3000,307695.928406
14526,3000,307735.196522
14652,3000,307773.973944
14854,3000,307810.746992
15014,3000,307850.839192
14006,3000,307893.475769
14518,3000,307926.312248
14818,3000,307968.457057
14878,3000,308006.016676
14668,3000,308051.471385
15020,3000,308087.832464
14670,3000,308127.74097
14354,3000,308165.101808
15100,3000,308199.76809
14486,3000,308240.159688
15578,3000,308280.912672
14816,3000,308321.974746
13758,3000,308359.471045
14776,3000,308399.582346
14508,3000,308434.638153
15102,3000,308468.514656
14364,3000,308508.955559
14918,3000,308545.078503
14760,3000,308576.718036
14714,3000,308616.298978
14468,3000,308655.692
15318,3000,308687.765159
13962,3000,308723.223464
14754,3000,308761.844528
14598,3000,308803.784063
14686,3000,308836.770036
15104,3000,308872.283459
13988,3000,308915.699927
14214,3000,308954.152434
14890,3000,308987.933136
13928,3000,309023.53535
14560,3000,309063.040764
15480,3000,309103.988152
14236,3000,309137.843316
14322,3000,309171.554067
14786,3000,309203.762883
14992,3000,309242.129915
14946,3000,309277.473714
15032,3000,309312.918564
14594,3000,309350.884473
14852,3000,309391.189472
14662,3000,309432.063174
15236,3000,309469.263855
14170,3000,309510.700342
14710,3000,309543.352706
14814,3000,309578.002867
15196,3000,309618.425324
14642,3000,309795.985555
14674,3000,309836.78056
14742,3000,309875.731043
14330,3000,309920.69271
14666,3000,309958.383565
14382,3000,310000.825516
15296,3000,310040.893069
15280,3000,310079.149562
14520,3000,310116.728791
14828,3000,310156.490322
14818,3000,310191.336605
15280,3000,310229.886102
14928,3000,310266.2763
14702,3000,310300.568429
13864,3000,310335.960906
14598,3000,310373.644534
14942,3000,310408.988203
15056,3000,310442.511287
15044,3000,310476.317938
14776,3000,310511.888304
15046,3000,310550.095414
14080,3000,310591.062414
15332,3000,310631.784352
15062,3000,310668.58086
15010,3000,310700.433198
15256,3000,310739.032043
14254,3000,310772.30692
14670,3000,310812.042425
14508,3000,310849.836712
14408,3000,310886.02134
14422,3000,310923.058972
14630,3000,310961.859365
15304,3000,311002.303278
14292,3000,311040.927263
14654,3000,311077.410628
14848,3000,311115.607549
14584,3000,311152.888803
14320,3000,311190.002858
14654,3000,311229.577187
15184,3000,311269.45018
15162,3000,311309.131602
14954,3000,311349.150386
14824,3000,311386.475014
14440,3000,311428.526249
15386,3000,311463.528471
14256,3000,311504.503861
13882,3000,311540.265785
15352,3000,311579.810567
14152,3000,311619.594102
14376,3000,311658.115041
14618,3000,311699.657602
14694,3000,311738.512766
15472,3000,311775.619368
14666,3000,311814.862283
14822,3000,311855.772663
14662,3000,311895.256837
14506,3000,311934.825834
15052,3000,311967.622113
14938,3000,312005.442423
14956,3000,312048.230635
15376,3000,312084.332202
13984,3000,312122.953709
14244,3000,312160.92509
14484,3000,312196.44864
14568,3000,312230.397941
14288,3000,312265.396627
14978,3000,312449.241331
15066,3000,312482.924762
15082,3000,312520.884237
14498,3000,312559.424734
14486,3000,312598.988383
14290,3000,312639.06583
14902,3000,312677.073928
14850,3000,312713.164756
14606,3000,312752.08052
15246,3000,312790.860582
15030,3000,312834.255217
14630,3000,312870.878339
14586,3000,312909.134898
14578,3000,312939.684658
14500,3000,312977.232646
15216,3000,313009.432733
15010,3000,313047.580173
15270,3000,313087.347053
13900,3000,313125.571083
14370,3000,313159.751702
15182,3000,313195.32396
14380,3000,313240.841678
14996,3000,313279.084223
14586,3000,313318.110533
14790,3000,313351.690443
14248,3000,313396.584208
14826,3000,313436.762698
14328,3000,313475.540182
14396,3000,313515.270368
14934,3000,313549.739115
14868,3000,313586.374733
14498,3000,313623.391014
14494,3000,313657.549311
14742,3000,313693.217557
14684,3000,313727.591606
14774,3000,313760.152156
14556,3000,313799.096862
14756,3000,313832.839534
14384,3000,313870.337843
15116,3000,313905.307223
14914,3000,313935.197472
13948,3000,313973.019959
14750,3000,314013.583728
14212,3000,314060.276752
14576,3000,314098.428919
14720,3000,314133.642848
14440,3000,314179.628447
14570,3000,314217.961034
15194,3000,314255.741328
14606,3000,314291.217637
14534,3000,314332.158234
14962,3000,314370.305629
14778,3000,314406.935625
14516,3000,314438.831523
14876,3000,314477.799589
14610,3000,314516.478378
14840,3000,314555.339448
15432,3000,314594.815432
14562,3000,314636.284299
14748,3000,314670.492302
14068,3000,314702.684617
15004,3000,314738.895022
14874,3000,314778.779023
14418,3000,314818.64046
15140,3000,314854.054398
14896,3000,314893.488358
14700,3000,314935.40571
14600,3000,315117.971184
14870,3000,315152.447591
15294,3000,315189.239916
15000,3000,315223.155527
14626,3000,315260.650991
14702,3000,315294.850949
14458,3000,315335.113482
15100,3000,315373.669561
14612,3000,315410.113712
14862,3000,315446.696747
14820,3000,315481.28912
14462,3000,315518.537915
14948,3000,315554.859806
15016,3000,315588.443451
14760,3000,315629.808898
15000,3000,315664.565688
14728,3000,315697.941334
15080,3000,315736.121031
14516,3000,315777.408101
14674,3000,315811.612078
14816,3000,315844.989618
14990,3000,315880.72012
14838,3000,315917.073116
14782,3000,315951.023465
14718,3000,315989.244539
14430,3000,316032.543334
14452,3000,316069.044347
14868,3000,316110.546076
14256,3000,316145.048115
14816,3000,316183.07824
15186,3000,316219.640044
14684,3000,316255.001637
14698,3000,316296.166877
14828,3000,316335.322082
14886,3000,316369.514251
14860,3000,316406.138667
14792,3000,316444.091081
14834,3000,316484.051405
14976,3000,316519.594815
14856,3000,316555.96627
15130,3000,316595.344145
14470,3000,316630.681409
15248,3000,316668.288173
14978,3000,316706.920116
14620,3000,316742.707174
14858,3000,316783.352591
14446,3000,316821.482388
14476,3000,316860.042836
14270,3000,316895.878862
14674,3000,316936.029018
14946,3000,316975.579144
14820,3000,317008.594407
14722,3000,317050.183562
15168,3000,317088.997849
14510,3000,317125.412029
14986,3000,317165.331672
14720,3000,317205.469772
15198,3000,317244.471299
14932,3000,317285.569973
14814,3000,317317.683695
14812,3000,317357.29485
14842,3000,317394.083186
14774,3000,317432.469994
14938,3000,317470.590848
14994,3000,317509.178621
14884,3000,317547.210881
14160,3000,317587.676008
14624,3000,317767.543689
14530,3000,317800.419508
15124,3000,317835.397663
14796,3000,317872.56467
14780,3000,317911.142336
14634,3000,317950.142822
14988,3000,317983.825131
14780,3000,318018.221716
15030,3000,318054.397372
14662,3000,318093.62377
14378,3000,318131.233234
14520,3000,318168.927783
14938,3000,318206.69873
14780,3000,318247.962888
14726,3000,318283.243407
14816,3000,318321.124783
14438,3000,318358.228256
14646,3000,318393.996946
14840,3000,318434.082042
15076,3000,318473.57094
14466,3000,318515.167441
14722,3000,318547.438512
14818,3000,318582.924231
14388,3000,318625.324216
14740,3000,318662.913568
14066,3000,318702.435257
14954,3000,318741.23552
13746,3000,318778.799284
14406,3000,318822.27573
13694,3000,318862.519772
14972,3000,318903.861834
15114,3000,318941.013468
14904,3000,318982.328259
15122,3000,319015.22841
15058,3000,319054.714278
14140,3000,319089.435467
14678,3000,319130.681156
14942,3000,319169.564706
14304,3000,319206.446354
15018,3000,319240.609006
15212,3000,319279.561821
14816,3000,319310.756093
14404,3000,319350.17966
14930,3000,319388.983797
15020,3000,319423.564062
14352,3000,319459.300372
14102,3000,319496.986438
14808,3000,319537.605452
15076,3000,319571.999125
14628,3000,319609.477404
14480,3000,319647.752537
14370,3000,319691.244441
15174,3000,319728.646005
14660,3000,319767.530448
14560,3000,319804.793782
15070,3000,319843.468562
13782,3000,319883.629061
14858,3000,319923.228128
14376,3000,319959.596925
14878,3000,319998.197642
14966,3000,320035.041357
15066,3000,320074.168804
14870,3000,320110.650797
14672,3000,320145.990432
15160,3000,320180.344046
14496,3000,320217.166525
14784,3000,320385.658234
14930,3000,320428.22342
15060,3000,320464.512893
14088,3000,320500.271842
14614,3000,320541.150778
15498,3000,320579.045372
14902,3000,320614.252182
14334,3000,320650.181301
14476,3000,320691.784004
14826,3000,320729.653696
14338,3000,320768.089915
14142,3000,320804.305265
14726,3000,320842.73477
15022,3000,320879.453353
14730,3000,320914.407283
14804,3000,320957.545656
14924,3000,320992.835293
14526,3000,321028.460144
13980,3000,321065.384545
14100,3000,321102.944777
15246,3000,321143.177401
14656,3000,321182.374941
14406,3000,321226.846099
14760,3000,321264.506964
14398,3000,321303.138436
14870,3000,321341.286767
14734,3000,321382.363116
14668,3000,321423.590522
14908,3000,321462.872057
14818,3000,321498.732445
14714,3000,321540.45104
14852,3000,321579.747718
14536,3000,321613.482186
14918,3000,321651.780237
14412,3000,321688.574364
14364,3000,321728.18697
14428,3000,321768.884371
14662,3000,321811.902308
14758,3000,321846.674827
14734,3000,321886.896649
14612,3000,321926.983804
14294,3000,321969.919828
14218,3000,322006.438378
14818,3000,322042.13007
15088,3000,322076.755542
14210,3000,322123.406479
14402,3000,322158.250885
14582,3000,322197.466705
14934,3000,322225.815926
14752,3000,322262.837994
15466,3000,322300.865022
13992,3000,322338.660625
15508,3000,322374.360895
14972,3000,322409.874465
14946,3000,322448.804189
15098,3000,322485.772327
15116,3000,322522.662526
14982,3000,322560.295474
14974,3000,322597.714051
14420,3000,322635.019245
15368,3000,322671.082727
14584,3000,322711.08628
14858,3000,322744.175085
14508,3000,322782.436521
14674,3000,322819.782706
14882,3000,322857.433969
14348,3000,322896.613945
14692,3000,323080.31763
14490,3000,323111.643813
14560,3000,323143.650561
14312,3000,323184.527435
14410,3000,323222.22414
14812,3000,323255.173512
14584,3000,323294.672958
15008,3000,323327.377687
15262,3000,323354.079136
13952,3000,323389.235427
14712,3000,323428.986088
14650,3000,323471.313257
14198,3000,323510.010984
14532,3000,323551.089297
14788,3000,323591.988591
14434,3000,323625.038418
14578,3000,323666.304192
14922,3000,323699.495879
15254,3000,323736.498309
14660,3000,323769.803908
15044,3000,323803.507252
14662,3000,323837.631574
14334,3000,323879.128525
14822,3000,323916.102535
15140,3000,323954.324885
14334,3000,323990.538407
14396,3000,324028.857932
14532,3000,324069.719872
15426,3000,324109.329238
14854,3000,324148.623809
14792,3000,324182.837216
14760,3000,324220.759213
14912,3000,324255.875098
14638,3000,324296.343711
14148,3000,324338.943459
14500,3000,324378.845502
14502,3000,324412.622574
14644,3000,324449.237926
14336,3000,324495.806372
14426,3000,324532.469756
14292,3000,324569.151162
14082,3000,324598.714051
14734,3000,324632.10258
14932,3000,324667.068257
15184,3000,324705.387606
14812,3000,324742.863495
15178,3000,324779.952095
14816,3000,324819.025116
14298,3000,324860.395673
14976,3000,324892.417996
14474,3000,324926.858256
15764,3000,324956.975264
14786,3000,324986.108491
14784,3000,325020.221732
14230,3000,325056.083137
14872,3000,325094.336309
14644,3000,325131.128268
15162,3000,325170.893343
14994,3000,325205.432862
14786,3000,325241.543528
15290,3000,325274.067998
14748,3000,325311.762984
14790,3000,325352.798165
14650,3000,325389.675435
15076,3000,325424.508693
15354,3000,325461.52811
14652,3000,325501.864399
14602,3000,325669.574399
14146,3000,325707.915579
14728,3000,325748.891081
14368,3000,325786.634328
14530,3000,325819.212152
14690,3000,325856.252796
14634,3000,325887.959705
14368,3000,325925.170914
14778,3000,325967.191195
15122,3000,326005.188209
14508,3000,326042.231672
15002,3000,326080.90424
14730,3000,326116.680918
15058,3000,326155.055461
14606,3000,326191.777593
15064,3000,326230.79284
15180,3000,326268.047364
14184,3000,326301.699411
14860,3000,326331.657196
14688,3000,326371.059268
14748,3000,326412.694673
14598,3000,326448.023997
14384,3000,326482.408918
14042,3000,326525.671167
15358,3000,326561.886323
14304,3000,326599.636131
14690,3000,326633.034301
14536,3000,326672.270147
14518,3000,326712.979246
14566,3000,326746.890248
15122,3000,326787.32054
15056,3000,326827.68432
14472,3000,326856.0973
14072,3000,326891.792901
14824,3000,326925.823029
14624,3000,326971.601246
14668,3000,327009.854149
14964,3000,327050.326925
14752,3000,327087.424603
15078,3000,327124.167536
14626,3000,327167.997761
14154,3000,327205.06058
14718,3000,327244.691725
14454,3000,327286.653404
14774,3000,327325.1843
14448,3000,327359.597715
14386,3000,327395.985758
14550,3000,327434.858559
14674,3000,327477.491579
14780,3000,327515.959221
14956,3000,327551.373616
15044,3000,327585.645127
15284,3000,327625.828339
14732,3000,327660.941839
14636,3000,327697.473638
14660,3000,327733.482091
14210,3000,327770.046723
14658,3000,327806.644804
14520,3000,327844.009206
14638,3000,327880.138656
14596,3000,327919.396281
15128,3000,327955.180828
14712,3000,327988.520637
14832,3000,328027.695112
14626,3000,328066.936478
15312,3000,328102.873673
14216,3000,328262.761962
14802,3000,328297.850108
14898,3000,328333.92249
14856,3000,328372.2003
15350,3000,328410.408642
14968,3000,328451.358191
14634,3000,328488.853456
14480,3000,328524.369594
14682,3000,328558.330618
14968,3000,328596.09111
14746,3000,328635.16968
14514,3000,328671.58849
14560,3000,328712.756063
14982,3000,328753.336516
15136,3000,328792.853813
14668,3000,328827.555197
14260,3000,328864.062104
15044,3000,328904.860358
14612,3000,328943.318894
14412,3000,328976.572855
14408,3000,329013.007378
14720,3000,329052.216885
14164,3000,329093.757951
14394,3000,329133.978934
14876,3000,329172.388916
15244,3000,329210.729836
15482,3000,329252.300083
14438,3000,329289.699376
15086,3000,329323.828585
14772,3000,329357.590522
15300,3000,329398.162019
14806,3000,329431.660552
14478,3000,329464.471948
14560,3000,329501.921278
14728,3000,329542.32446
14980,3000,329579.739793
14798,3000,329617.00234
14922,3000,329652.914507
15130,3000,329694.38521
14846,3000,329735.722963
14570,3000,329777.626102
13964,3000,329824.948945
14894,3000,329861.748615
14888,3000,329902.729977
14428,3000,329941.842548
14224,3000,329976.835165
14582,3000,330007.500069
14554,3000,330044.365009
14526,3000,330081.910602
14152,3000,330116.267291
14364,3000,330148.329427
14190,3000,330184.788853
14764,3000,330227.623981
14724,3000,330262.678535
14684,3000,330302.314674
14474,3000,330343.867496
14574,3000,330376.418111
14130,3000,330416.589217
14310,3000,330452.57128
14708,3000,330492.665623
14546,3000,330528.863965
14122,3000,330568.823747
14502,3000,330605.838124
14888,3000,330640.304387
14388,3000,330678.999197
14752,3000,330716.69131
14234,3000,330751.871885
15032,3000,330933.153426
14698,3000,330977.564164
14578,3000,331013.958878
15088,3000,331051.417829
14888,3000,331094.097392
14916,3000,331131.753779
14752,3000,331173.712585
14582,3000,331220.065357
15480,3000,331258.810762
15298,3000,331294.341001
14252,3000,331333.967238
14318,3000,331370.285489
14108,3000,331409.358775
15784,3000,331445.21282
15150,3000,331481.771317
15028,3000,331521.307051
14440,3000,331561.749169
14610,3000,331601.944385
14958,3000,331635.573349
14824,3000,331673.497325
15294,3000,331717.163791
14622,3000,331757.629456
14514,3000,331797.334704
14662,3000,331836.668126
14622,3000,331874.754689
14380,3000,331920.421552
14562,3000,331960.96037
14830,3000,332000.234008
14902,3000,332039.875288
15004,3000,332082.628617
14918,3000,332123.483559
15116,3000,332169.049752
15128,3000,332205.976755
14792,3000,332244.489782
14820,3000,332282.361875
15278,3000,332320.770389
14530,3000,332361.840668
15082,3000,332400.80251
14600,3000,332436.740935
14646,3000,332472.16625
14842,3000,332507.215403
15036,3000,332544.512941
14304,3000,332580.353691
14500,3000,332616.053931
15022,3000,332653.616712
13638,3000,332696.390382
14602,3000,332730.124925
15066,3000,332766.079911
14062,3000,332799.758407
14440,3000,332839.87005
14824,3000,332876.506169
15826,3000,332908.752337
14648,3000,332946.120897
15014,3000,332985.880235
14820,3000,333026.07881
15074,3000,333061.840414
14860,3000,333100.08288
15008,3000,333142.13596
14230,3000,333180.799866
14578,3000,333213.914395
14456,3000,333245.761671
15042,3000,333281.06508
15066,3000,333311.377046
14870,3000,333348.674971
14658,3000,333388.383782
14676,3000,333424.632998
14644,3000,333464.620099
14616,3000,333639.943961
15406,3000,333683.571116
14376,3000,333722.568769
14292,3000,333763.500273
14798,3000,333805.368976
14488,3000,333842.947042
14346,3000,333882.910979
14614,3000,333925.270144
14968,3000,333960.081562
14462,3000,334001.939061
14366,3000,334038.650344
14954,3000,334073.202904
14850,3000,334115.155322
14444,3000,334148.616028
15296,3000,334188.114914
15126,3000,334227.44922
14948,3000,334262.401485
14628,3000,334299.393166
14370,3000,334341.075845
14612,3000,334377.447672
14072,3000,334418.457768
14572,3000,334460.780161
14944,3000,334499.297274
14332,3000,334538.22699
14670,3000,334578.188835
15210,3000,334616.07837
14708,3000,334653.402189
14714,3000,334692.116211
14792,3000,334729.069882
15038,3000,334764.727299
14932,3000,334801.376473
14302,3000,334845.041437
14578,3000,334884.428903
14268,3000,334921.737652
14886,3000,334959.463441
14840,3000,334998.371126
14946,3000,335035.205559
14554,3000,335072.795466
14452,3000,335112.415768
14838,3000,335149.781951
15162,3000,335186.562087
14936,3000,335225.438889
15346,3000,335268.827956
15098,3000,335301.305868
14818,3000,335335.584813
14752,3000,335371.522644
14512,3000,335404.851797
14780,3000,335441.931196
14764,3000,335477.415719
14952,3000,335517.252006
14718,3000,335556.231751
14732,3000,335596.223249
14694,3000,335636.964837
15488,3000,335679.433967
14962,3000,335722.826542
14534,3000,335761.743547
14916,3000,335797.727995
14108,3000,335834.89651
14448,3000,335874.367651
15130,3000,335914.886765
14878,3000,335955.609952
14656,3000,335990.664431
14662,3000,336027.156426
14584,3000,336066.592751
14552,3000,336109.040765
14256,3000,336146.737615
14932,3000,336341.443612
14382,3000,336383.159333
14524,3000,336425.403776
14020,3000,336471.376103
14332,3000,336510.278716
15288,3000,336552.451066
14856,3000,336594.18365
14676,3000,336637.914815
14510,3000,336676.850387
14892,3000,336713.610935
15392,3000,336751.18305
14376,3000,336789.982682
14718,3000,336828.052053
15020,3000,336862.13966
14650,3000,336893.477045
14740,3000,336930.230257
14970,3000,336970.996646
14780,3000,337011.373109
15164,3000,337049.977175
14804,3000,337087.771618
15458,3000,337121.927876
14772,3000,337154.82911
14836,3000,337189.202364
13938,3000,337225.489231
14724,3000,337261.74247
14820,3000,337299.232538
14794,3000,337337.761371
14494,3000,337375.700563
14618,3000,337410.864228
14476,3000,337451.075518
14398,3000,337490.399332
14400,3000,337530.903472
14422,3000,337569.681044
14606,3000,337605.036185
15252,3000,337644.18194
14510,3000,337681.941084
14506,3000,337722.524168
13760,3000,337759.701405
14480,3000,337798.067213
14696,3000,337832.791205
14666,3000,337876.093495
15244,3000,337914.462104
14036,3000,337951.109962
15126,3000,337992.009207
14814,3000,338030.914637
14256,3000,338063.570917
14442,3000,338102.245461
15568,3000,338134.014885
14468,3000,338174.995385
14174,3000,338212.193886
14640,3000,338249.346173
14782,3000,338284.196076
14900,3000,338323.262447
14234,3000,338355.948053
14624,3000,338396.479947
14734,3000,338431.460891
14520,3000,338466.156004
14950,3000,338501.000492
14492,3000,338541.270244
14832,3000,338582.009484
14472,3000,338622.277671
14698,3000,338659.344944
15010,3000,338695.31473
15226,3000,338733.27054
14832,3000,338765.634346
14814,3000,338805.51332
14660,3000,338846.279841
14490,3000,339023.88811
14266,3000,339057.944989
14022,3000,339095.450323
14886,3000,339137.624236
14946,3000,339174.89533
14862,3000,339212.157973
14870,3000,339245.920199
14992,3000,339284.09713
14544,3000,339323.808082
14968,3000,339364.125036
14324,3000,339401.370129
15008,3000,339433.8121
15150,3000,339468.046134
15394,3000,339503.863231
14828,3000,339548.050491
15014,3000,339584.370889
14660,3000,339625.997574
14474,3000,339661.586731
14718,3000,339697.837749
15042,3000,339734.551261
14674,3000,339771.609362
14816,3000,339813.895892
14628,3000,339850.097528
14766,3000,339880.283423
14482,3000,339914.786355
14780,3000,339951.333775
14158,3000,339993.640755
14798,3000,340027.197971
14858,3000,340065.499942
14664,3000,340101.920718
14802,3000,340133.26571
14558,3000,340166.893236
14368,3000,340202.271331
14342,3000,340239.622291
14624,3000,340273.207498
14784,3000,340310.760984
14706,3000,340347.063405
15164,3000,340386.191659
14882,3000,340425.806539
14796,3000,340458.86032
15006,3000,340492.232936
14522,3000,340532.75247
14516,3000,340570.841712
15114,3000,340611.273218
15012,3000,340650.035185
14482,3000,340684.227926
13576,3000,340722.09541
14536,3000,340765.145777
14914,3000,340805.328226
14952,3000,340841.737211
14680,3000,340879.775626
14972,3000,340916.44006
14970,3000,340950.293759
14096,3000,340989.353025
14754,3000,341029.763628
14290,3000,341069.652968
14264,3000,341107.878631
14712,3000,341145.98887
14032,3000,341192.447223
14786,3000,341227.269943
14528,3000,341266.94104
15114,3000,341306.287667
14532,3000,341341.946568
14888,3000,341381.784416
15090,3000,341413.165757
14522,3000,341447.973247
15058,3000,341486.960629
14122,3000,341673.423342
15072,3000,341711.125797
15460,3000,341751.545944
14926,3000,341791.410008
14786,3000,341831.243125
14552,3000,341870.744951
14904,3000,341912.001209
15124,3000,341948.491577
14886,3000,341984.436678
14570,3000,342024.017226
14754,3000,342066.911472
14930,3000,342105.899368
14680,3000,342144.772774
15118,3000,342179.068773
14678,3000,342219.724501
14398,3000,342261.292485
14502,3000,342299.089527
14726,3000,342336.034554
14750,3000,342373.860582
14640,3000,342412.828406
14952,3000,342444.714944
13932,3000,342480.600862
14304,3000,342520.730253
14262,3000,342558.256899
14812,3000,342598.132217
14934,3000,342637.567282
14428,3000,342681.459
15214,3000,342724.891303
14768,3000,342763.491733
13682,3000,342807.04064
14500,3000,342841.694754
14722,3000,342879.250056
14508,3000,342916.277379
14936,3000,342953.528618
15124,3000,342991.954739
15010,3000,343030.440078
14784,3000,343068.174811
14550,3000,343105.927117
15226,3000,343143.801095
14368,3000,343187.075992
14762,3000,343224.219376
14566,3000,343263.451574
14758,3000,343299.191
14900,3000,343338.150544
14794,3000,343375.86023
14532,3000,343418.449565
14686,3000,343455.335709
14442,3000,343495.359809
14938,3000,343531.722482
14428,3000,343571.642515
14682,3000,343615.354129
14534,3000,343652.119587
14856,3000,343685.088814
15066,3000,343723.665291
14584,3000,343763.384271
14272,3000,343795.917778
14800,3000,343834.195094
14174,3000,343866.035968
14744,3000,343902.073774
14672,3000,343940.736481
15492,3000,343976.266643
14956,3000,344007.241858
14694,3000,344049.273739
14760,3000,344085.424883
14886,3000,344120.415349
14918,3000,344155.759172
14958,3000,344335.376973
14792,3000,344372.933531
14870,3000,344414.080385
14906,3000,344450.928928
14656,3000,344487.974066
14910,3000,344525.097239
14902,3000,344562.959169
15008,3000,344602.2981
15224,3000,344639.765808
14514,3000,344682.916274
15092,3000,344721.092237
14714,3000,344757.65523
15054,3000,344793.317391
14918,3000,344831.051988
15122,3000,344863.303839
14410,3000,344903.248862
14730,3000,344945.284049
14958,3000,344985.664582
14656,3000,345027.684152
14488,3000,345072.762615
15038,3000,345113.117037
14622,3000,345151.048821
14404,3000,345195.325429
15278,3000,345232.827027
14758,3000,345264.172898
14538,3000,345307.614595
14486,3000,345344.730091
14250,3000,345382.23066
14428,3000,345429.511955
13872,3000,345464.115163
14796,3000,345501.67392
14456,3000,345536.130717
14414,3000,345575.059361
14376,3000,345614.32319
14342,3000,345649.947331
15022,3000,345688.145717
14662,3000,345732.207062
15314,3000,345770.786939
14632,3000,345807.528345
14880,3000,345843.465188
14586,3000,345880.59053
14100,3000,345921.686206
14918,3000,345958.514872
14264,3000,345996.226334
14866,3000,346034.24874
14182,3000,346077.402303
14610,3000,346121.251761
14962,3000,346158.780583
15122,3000,346197.96126
15072,3000,346239.010463
14930,3000,346278.423141
14886,3000,346316.212894
13844,3000,346352.58735
14820,3000,346388.83655
15378,3000,346429.169832
15160,3000,346468.85444
14570,3000,346505.451265
14450,3000,346543.810074
14608,3000,346579.491192
14296,3000,346618.64083
14516,3000,346653.843528
14486,3000,346687.06877
15234,3000,346720.266761
14876,3000,346761.056383
14718,3000,346798.263063
14820,3000,346836.019685
15112,3000,346874.693272
15112,3000,347053.84471
14604,3000,347091.877869
14354,3000,347133.919456
14632,3000,347176.97756
14582,3000,347220.898352
14620,3000,347258.439938
14610,3000,347295.157416
14822,3000,347328.940687
14452,3000,347368.445749
14278,3000,347408.810989
14686,3000,347449.783437
15068,3000,347488.975595
14314,3000,347527.32534
15064,3000,347564.002316
15326,3000,347601.096447
14952,3000,347641.301952
14374,3000,347680.346929
15264,3000,347720.969806
14454,3000,347761.209361
14290,3000,347794.491847
14378,3000,347837.558537
15062,3000,347873.391986
15018,3000,347913.670028
15048,3000,347949.907441
14582,3000,347990.632207
15294,3000,348021.55235
14618,3000,348061.318918
14798,3000,348097.558732
15038,3000,348131.504048
14684,3000,348169.634147
14256,3000,348209.031958
14910,3000,348249.609824
15174,3000,348294.859302
14110,3000,348336.693915
15054,3000,348377.075074
14700,3000,348416.623996
14860,3000,348458.452629
15014,3000,348496.986331
14992,3000,348535.152454
14786,3000,348575.916264
14670,3000,348616.951811
14510,3000,348659.975308
14464,3000,348700.781778
14592,3000,348738.273972
14628,3000,348772.327609
14822,3000,348809.815313
15100,3000,348850.318902
15200,3000,348887.82244
14544,3000,348924.633466
13998,3000,348966.708616
15294,3000,349002.658339
14592,3000,349040.73103
14750,3000,349079.679186
14856,3000,349122.36258
14894,3000,349162.055026
14690,3000,349199.337829
15184,3000,349236.533432
14388,3000,349274.065574
14552,3000,349310.911197
15206,3000,349346.839322
14286,3000,349387.834666
14302,3000,349425.051574
14620,3000,349463.914439
14574,3000,349502.725253
14890,3000,349545.276991
14598,3000,349583.451561
14942,3000,349627.602074
14910,3000,349815.192796
14850,3000,349853.667055
14316,3000,349892.509824
15184,3000,349931.731222
14496,3000,349967.14549
14660,3000,350011.861689
15052,3000,350050.733836
14578,3000,350088.672084
14676,3000,350128.982548
14852,3000,350166.795794
14372,3000,350205.716654
14824,3000,350238.450326
14516,3000,350276.868155
14392,3000,350314.731219
15022,3000,350353.178398
14734,3000,350391.916352
14536,3000,350435.289178
14866,3000,350473.858687
14742,3000,350509.130422
15090,3000,350549.708787
14294,3000,350592.439219
15570,3000,350628.35389
14716,3000,350665.121719
14626,3000,350703.192506
15004,3000,350739.238184
15218,3000,350772.122795
15120,3000,350807.510184
15714,3000,350846.988726
14748,3000,350886.970041
14252,3000,350926.25665
14590,3000,350964.596671
14622,3000,351005.519478
14844,3000,351044.366741
14766,3000,351082.38456
14696,3000,351118.870266
14900,3000,351154.582402
14772,3000,351194.258722
14726,3000,351237.129965
14588,3000,351277.434185
14776,3000,351318.219792
15170,3000,351354.195417
14724,3000,351389.649637
15050,3000,351427.244272
14530,3000,351466.619304
14704,3000,351506.678606
14794,3000,351543.134594
14692,3000,351580.673908
14514,3000,351622.009462
15120,3000,351657.912937
14446,3000,351699.022771
14528,3000,351739.674568
14740,3000,351774.047123
14762,3000,351813.161472
14386,3000,351851.872949
14062,3000,351886.706493
14664,3000,351922.873567
15384,3000,351960.617451
14810,3000,352001.611629
14316,3000,352047.867068
14678,3000,352090.110661
14456,3000,352125.573598
14956,3000,352161.846756
14368,3000,352201.765428
14966,3000,352240.632671
15108,3000,352279.19343
14554,3000,352321.253858
14172,3000,352500.689838
14694,3000,352544.915845
14532,3000,352587.050509
14816,3000,352626.711136
14350,3000,352665.462343
14578,3000,352704.225106
15106,3000,352739.921151
14990,3000,352777.886904
14560,3000,352815.015999
14530,3000,352853.240529
15210,3000,352894.071068
14544,3000,352932.241619
13960,3000,352978.838786
15022,3000,353019.014046
14338,3000,353061.327582
14772,3000,353100.642002
15154,3000,353139.489369
15094,3000,353172.27724
14752,3000,353209.038697
14422,3000,353249.668765
15002,3000,353290.548367
14366,3000,353326.138308
15210,3000,353363.305862
14624,3000,353403.632621
14736,3000,353440.209805
15294,3000,353482.899932
15108,3000,353520.354125
14478,3000,353559.189881
15166,3000,353594.55149
14636,3000,353629.586526
14640,3000,353665.898496
14236,3000,353701.110077
14494,3000,353745.868563
14802,3000,353783.924849
15418,3000,353818.360177
14982,3000,353855.550491
14504,3000,353893.159958
14602,3000,353928.25871
14664,3000,353967.045303
14634,3000,354006.247112
14934,3000,354052.340859
14478,3000,354095.164199
14296,3000,354133.960198
14470,3000,354174.894058
14136,3000,354214.768385
14488,3000,354255.666605
15008,3000,354294.067312
14858,3000,354331.814931
15024,3000,354371.080069
15032,3000,354404.21511
14566,3000,354438.420434
14742,3000,354472.204103
15580,3000,354509.951136
15006,3000,354544.492848
14404,3000,354581.06504
14858,3000,354621.341496
14900,3000,354652.063889
15016,3000,354686.175437
14134,3000,354717.124598
14766,3000,354753.050025
14574,3000,354789.765209
14458,3000,354825.643361
14876,3000,354862.953686
14240,3000,354903.476367
14306,3000,354946.754839
15232,3000,354985.245435
14740,3000,355025.520586
15090,3000,355205.832646
15094,3000,355244.15347
15388,3000,355281.750132
14758,3000,355323.017184
13892,3000,355362.941654
15056,3000,355401.343521
14764,3000,355440.943927
14420,3000,355483.159759
15038,3000,355519.964973
14584,3000,355562.101194
14070,3000,355600.327667
15298,3000,355636.757891
14238,3000,355672.164562
14936,3000,355713.006783
14748,3000,355746.203112
14594,3000,355784.415566
14458,3000,355822.282152
14854,3000,355866.184335
14546,3000,355906.677469
14976,3000,355945.172061
14492,3000,355984.228051
14768,3000,356026.887691
14518,3000,356067.373518
13966,3000,356106.058961
14616,3000,356145.956957
14326,3000,356179.522781
14794,3000,356214.889796
14824,3000,356256.398409
15024,3000,356294.600791
14964,3000,356331.297422
14448,3000,356369.536
14810,3000,356407.556276
14730,3000,356447.363139
15096,3000,356484.156302
15198,3000,356525.307922
14928,3000,356561.833785
14794,3000,356598.074765
15068,3000,356635.08087
15074,3000,356670.301542
14048,3000,356711.616203
14902,3000,356748.29426
14954,3000,356788.271166
14934,3000,356825.360973
14472,3000,356863.925185
14972,3000,356901.024923
14712,3000,356931.095841
14202,3000,356963.694905
14706,3000,357001.516444
14816,3000,357041.384427
14880,3000,357077.441279
15110,3000,357114.298249
15226,3000,357148.55599
14978,3000,357187.360951
15420,3000,357226.961132
14808,3000,357269.305544
15024,3000,357305.599144
14898,3000,357341.765478
15290,3000,357383.42808
14718,3000,357421.53923
15058,3000,357459.264357
15240,3000,357496.044221
14198,3000,357531.925907
14112,3000,357573.579498
15438,3000,357608.744393
15526,3000,357645.191826
14518,3000,357683.171397
14986,3000,357719.151286
14352,3000,357872.599464
15172,3000,357909.774835
14494,3000,357951.034886
15414,3000,357988.489418
13950,3000,358033.261694
14934,3000,358072.197348
14752,3000,358108.989519
14486,3000,358147.224811
15196,3000,358182.58957
14510,3000,358217.504274
14540,3000,358256.951924
15334,3000,358295.760015
14266,3000,358333.910451
14778,3000,358375.70961
14714,3000,358407.18469
14716,3000,358444.167089
14470,3000,358479.830428
14688,3000,358517.296372
14564,3000,358551.123161
14870,3000,358588.887928
14594,3000,358632.261236
14194,3000,358671.637645
14448,3000,358706.941921
14548,3000,358750.537747
14582,3000,358788.16851
15074,3000,358826.442032
15160,3000,358868.444096
14930,3000,358906.652386
15280,3000,358943.340783
14066,3000,358978.193097
14274,3000,359015.322016
14750,3000,359052.168537
14446,3000,359089.564577
14936,3000,359128.559413
14872,3000,359162.405006
14450,3000,359196.027927
14396,3000,359239.857689
14776,3000,359281.618593
14364,3000,359319.881038
14488,3000,359356.882214
14980,3000,359389.138027
14638,3000,359427.817958
14092,3000,359469.458925
14134,3000,359508.216362
14512,3000,359547.673643
14616,3000,359587.951035
14874,3000,359623.878343
14836,3000,359660.910066
14486,3000,359698.908002
14562,3000,359738.8606
15016,3000,359777.749366
14876,3000,359815.744587
14578,3000,359853.748211
14502,3000,359902.626318
14394,3000,359941.315199
14184,3000,359985.515432
14140,3000,360022.914237
14606,3000,360059.07095
14368,3000,360099.950256
14784,3000,360135.407806
14172,3000,360177.783459
14556,3000,360210.741959
14914,3000,360249.757395
14924,3000,360287.567449
14700,3000,360328.449958
14200,3000,360373.673821
14840,3000,360548.272568
14726,3000,360584.600591
14874,3000,360620.178218
15296,3000,360657.423209
15436,3000,360700.643044
14706,3000,360736.703258
14994,3000,360773.738693
14936,3000,360812.743274
14326,3000,360854.971103
14648,3000,360891.394428
14454,3000,360931.108678
14776,3000,360962.77221
14490,3000,361002.870677
14940,3000,361042.268304
15016,3000,361076.153191
14824,3000,361113.834139
14330,3000,361151.032624
15002,3000,361184.758582
14690,3000,361223.278709
14440,3000,361266.521197
14582,3000,361306.493713
14258,3000,361349.145279
14892,3000,361388.525956
14288,3000,361426.864968
14518,3000,361463.530178
13970,3000,361503.769505
15136,3000,361536.159328
15176,3000,361574.466785
15112,3000,361616.402176
15768,3000,361654.005112
14790,3000,361687.589644
14626,3000,361729.349275
14758,3000,361769.325774
15050,3000,361804.251251
15476,3000,361842.580292
14536,3000,361878.952831
14230,3000,361914.330009
14336,3000,361957.851913
15294,3000,361996.241071
14678,3000,362031.721734
14876,3000,362067.941015
14178,3000,362104.529515
14646,3000,362141.461244
14384,3000,362182.437026
14438,3000,362214.402879
14438,3000,362255.890772
15878,3000,362291.950351
14884,3000,362330.042541
15228,3000,362366.011303
14556,3000,362409.273598
14604,3000,362445.077992
14636,3000,362480.855591
14570,3000,362520.936915
14414,3000,362565.45688
14758,3000,362599.930754
14438,3000,362636.327867
14630,3000,362675.888789
15214,3000,362711.647398
14394,3000,362756.458278
14676,3000,362795.735675
14248,3000,362832.648811
14376,3000,362870.923758
14186,3000,362904.720345
14908,3000,362938.953702
15136,3000,362976.583795
15218,3000,363021.036514
14782,3000,363066.300047
14922,3000,363249.663381
14936,3000,363290.881213
14054,3000,363336.13457
14796,3000,363372.530149
14540,3000,363408.489958
14850,3000,363445.166181
14534,3000,363478.67596
15042,3000,363514.574895
14550,3000,363556.359636
14590,3000,363595.614408
14366,3000,363637.209927
14480,3000,363674.986832
14730,3000,363713.517187
14716,3000,363748.561589
14630,3000,363782.324801
14800,3000,363817.947385
15334,3000,363856.845395
14194,3000,363898.683919
14406,3000,363931.541517
14702,3000,363963.114194
14276,3000,364003.859638
14632,3000,364043.92434
14138,3000,364082.022834
14774,3000,364120.820296
14548,3000,364159.972918
15446,3000,364200.128146
14984,3000,364236.848445
14768,3000,364275.723506
14200,3000,364312.152143
15202,3000,364349.586378
14634,3000,364387.165713
15128,3000,364422.735354
14582,3000,364460.678367
14928,3000,364496.932925
14924,3000,364532.51458
15016,3000,364568.209877
14522,3000,364602.655247
14406,3000,364638.487438
14758,3000,364673.78001
14454,3000,364710.65035
14546,3000,364746.270961
14866,3000,364782.679363
14568,3000,364816.330337
15166,3000,364852.082625
14768,3000,364891.636841
14688,3000,364925.283318
15068,3000,364961.335277
14628,3000,364997.832072
14684,3000,365035.388892
14096,3000,365069.773815
15342,3000,365102.472392
15060,3000,365137.01243
14582,3000,365168.184429
14814,3000,365209.305278
14896,3000,365245.929809
14260,3000,365287.398308
14056,3000,365326.58332
13844,3000,365370.87626
13872,3000,365409.72439
14924,3000,365447.324397
14836,3000,365486.175833
14302,3000,365525.372259
15024,3000,365556.21671
14602,3000,365595.309866
14066,3000,365633.576169
14150,3000,365673.816277
15350,3000,365712.556231
14590,3000,365885.430974
14828,3000,365923.976615
14394,3000,365964.96981
14978,3000,366006.792029
14562,3000,366041.806472
15250,3000,366078.356323
14790,3000,366114.750558
15516,3000,366155.807229
14586,3000,366189.209127
15152,3000,366224.768311
14970,3000,366263.507636
14678,3000,366299.20002
14254,3000,366338.815438
14178,3000,366378.002723
14782,3000,366415.335001
14914,3000,366462.27317
15168,3000,366501.130761
14932,3000,366541.959498
15096,3000,366577.093909
14884,3000,366615.354109
14582,3000,366657.745538
14758,3000,366691.716087
15038,3000,366728.729534
14296,3000,366766.439551
14556,3000,366807.178277
14638,3000,366849.108734
14134,3000,366883.663992
15312,3000,366922.086584
15058,3000,366959.514478
14256,3000,366998.629219
14680,3000,367033.934167
14460,3000,367071.597852
15424,3000,367111.242436
15178,3000,367148.213966
14528,3000,367185.891878
14704,3000,367224.204946
14716,3000,367264.426255
15074,3000,367304.178056
14914,3000,367333.27024
14812,3000,367363.999561
14752,3000,367400.925709
15136,3000,367440.511856
14760,3000,367480.507018
14314,3000,367520.03835
14778,3000,367559.751364
14972,3000,367602.351062
14576,3000,367640.704072
14858,3000,367678.899373
15498,3000,367715.141491
15182,3000,367750.08788
14408,3000,367783.710695
14494,3000,367819.540818
14434,3000,367856.919182
14226,3000,367899.041932
13840,3000,367938.380876
15396,3000,367973.132964
15050,3000,368012.419757
14878,3000,368057.872518
14640,3000,368092.364383
14744,3000,368128.178805
14148,3000,368164.322403
15034,3000,368197.23741
14118,3000,368232.263026
14932,3000,368275.693617
14504,3000,368314.470226
14492,3000,368356.981176
15424,3000,368542.531343
14390,3000,368578.531998
14522,3000,368616.337771
15204,3000,368653.605651
14706,3000,368688.626687
14754,3000,368728.669833
14634,3000,368767.622217
14360,3000,368808.447943
14654,3000,368843.814363
14190,3000,368879.963022
14964,3000,368921.796802
14686,3000,368961.312768
14830,3000,368995.993559
14446,3000,369035.680279
15008,3000,369078.995007
15108,3000,369113.892123
14758,3000,369148.706045
15578,3000,369180.743773
13892,3000,369226.362831
14602,3000,369266.296134
14890,3000,369303.419878
14852,3000,369346.169204
14574,3000,369388.004158
14764,3000,369427.378961
15350,3000,369470.299668
14952,3000,369508.536839
14574,3000,369550.176306
14444,3000,369586.076577
14498,3000,369622.109338
14500,3000,369665.690506
14172,3000,369699.81038
14602,3000,369738.611885
14942,3000,369781.031976
15006,3000,369813.284288
14474,3000,369852.511709
15422,3000,369892.936318
14996,3000,369933.847828
14178,3000,369976.899825
14722,3000,370013.87914
15260,3000,370048.0236
15246,3000,370083.640481
15040,3000,370121.194974
14760,3000,370158.177632
14084,3000,370197.555716
14742,3000,370233.126511
15418,3000,370270.628652
14738,3000,370311.405397
15022,3000,370352.058466
14890,3000,370394.549228
14176,3000,370432.39734
14894,3000,370472.796659
13894,3000,370513.660887
14974,3000,370548.438082
15270,3000,370590.724663
14732,3000,370627.582981
15028,3000,370664.37918
14800,3000,370701.836367
14072,3000,370744.652328
14486,3000,370785.593044
14658,3000,370826.70654
15236,3000,370864.413077
14410,3000,370902.343481
14484,3000,370934.071656
14290,3000,370967.004406
14764,3000,371002.772079
15028,3000,371041.346686
14070,3000,371080.096412
14200,3000,371263.68121
14660,3000,371304.266438
15208,3000,371343.201396
14770,3000,371378.925026
14702,3000,371413.784362
14644,3000,371449.433954
14412,3000,371485.330323
15190,3000,371521.062699
14350,3000,371557.802646
14526,3000,371594.96725
14762,3000,371630.018282
14722,3000,371672.384373
14442,3000,371709.989607
14622,3000,371750.201364
15036,3000,371791.243887
14700,3000,371829.368411
14870,3000,371870.808449
15022,3000,371912.834033
14988,3000,371951.868619
14802,3000,371991.397487
14860,3000,372022.66664
14750,3000,372055.849362
14510,3000,372098.155364
14748,3000,372138.492323
14968,3000,372171.595492
14708,3000,372209.31422
14774,3000,372246.013125
15022,3000,372283.772398
15004,3000,372320.218622
15158,3000,372356.940192
14724,3000,372399.182837
15304,3000,372436.451941
14984,3000,372473.675875
14694,3000,372506.985193
14300,3000,372543.889134
14544,3000,372583.506848
14752,3000,372617.598713
14614,3000,372653.082052
14612,3000,372683.25212
14604,3000,372719.497379
14598,3000,372757.20583
14350,3000,372791.307965
14956,3000,372832.209905
15080,3000,372868.807158
15000,3000,372908.806712
14422,3000,372946.802953
14584,3000,372989.14378
15066,3000,373025.344191
15398,3000,373061.218459
14422,3000,373098.028244
14550,3000,373133.420784
14780,3000,373168.353821
15060,3000,373202.716603
14906,3000,373235.622396
14746,3000,373271.94881
15162,3000,373307.571487
15192,3000,373346.68328
15230,3000,373380.199279
14764,3000,373412.999132
14488,3000,373449.985798
14076,3000,373494.524836
14808,3000,373531.967784
14726,3000,373575.402766
14322,3000,373615.63756
14080,3000,373653.155192
14544,3000,373692.715493
14848,3000,373726.682112
14084,3000,373892.708888
15072,3000,373925.857432
14762,3000,373961.69425
14352,3000,373998.84189
15316,3000,374040.970884
14508,3000,374078.099691
15516,3000,374116.067582
15106,3000,374151.131226
14360,3000,374188.900653
14636,3000,374226.338031
14774,3000,374263.816853
14714,3000,374304.483533
14750,3000,374345.041888
14712,3000,374382.491087
14556,3000,374421.334196
14248,3000,374462.870574
14316,3000,374500.710261
15072,3000,374539.655917
14650,3000,374579.726767
14246,3000,374620.854134
15494,3000,374656.797458
14396,3000,374692.157902
14730,3000,374727.884792
14552,3000,374763.350242
14954,3000,374801.515397
14880,3000,374837.867728
14890,3000,374874.432657
15342,3000,374910.388845
14710,3000,374945.107736
14666,3000,374984.654527
14884,3000,375018.271289
14786,3000,375055.972786
15032,3000,375092.223866
14544,3000,375130.833435
15032,3000,375172.371598
14950,3000,375207.98497
15156,3000,375243.143385
13874,3000,375279.041487
14792,3000,375318.894217
14848,3000,375352.024389
15192,3000,375390.274734
14678,3000,375430.052883
14430,3000,375469.411252
14488,3000,375510.260387
15036,3000,375546.174654
14326,3000,375590.104293
14526,3000,375626.460716
15336,3000,375666.932348
14730,3000,375706.728694
14840,3000,375744.747877
14804,3000,375781.830401
14990,3000,375818.571556
14838,3000,375856.428538
14592,3000,375898.166162
14260,3000,375933.412736
14208,3000,375968.773941
15134,3000,376007.175534
14066,3000,376051.291701
14630,3000,376089.665693
14326,3000,376131.075564
14630,3000,376170.865598
14802,3000,376212.792397
14406,3000,376251.563696
14836,3000,376290.48754
15100,3000,376330.193596
14644,3000,376373.678429
14724,3000,376551.283164
14906,3000,376591.303973
14160,3000,376632.73652
14740,3000,376671.664567
14908,3000,376704.945277
14442,3000,376752.656636
14784,3000,376789.908142
14296,3000,376830.094407
14854,3000,376867.515331
15092,3000,376907.325836
14718,3000,376947.282879
14794,3000,376985.927332
14612,3000,377023.155424
15066,3000,377061.636535
14272,3000,377098.930767
14540,3000,377140.6746
14652,3000,377177.115392
14506,3000,377214.138693
15094,3000,377249.419099
14708,3000,377287.124945
14268,3000,377327.081184
14678,3000,377368.056575
14134,3000,377405.318931
14846,3000,377444.676878
14432,3000,377484.383761
15326,3000,377530.225287
14768,3000,377570.798908
13736,3000,377610.948286
14736,3000,377651.151351
14662,3000,377686.735262
14758,3000,377727.933719
14334,3000,377769.80105
14812,3000,377808.496755
14566,3000,377852.447121
13770,3000,377891.209439
14282,3000,377932.822196
14478,3000,377973.770849
15626,3000,378008.793773
14578,3000,378051.982155
14582,3000,378089.143848
13870,3000,378129.533673
14448,3000,378171.584405
14698,3000,378215.30155
14440,3000,378255.058731
14628,3000,378293.350572
14188,3000,378336.664438
14210,3000,378371.577069
14180,3000,378405.387169
14506,3000,378441.672451
14824,3000,378483.955132
14746,3000,378525.680931
14610,3000,378564.171113
14764,3000,378601.382505
14710,3000,378642.718069
14280,3000,378683.902075
15232,3000,378720.508455
14190,3000,378756.125766
14960,3000,378793.312657
14818,3000,378835.118698
13354,3000,378884.264445
13764,3000,378932.81121
14580,3000,378969.960444
14366,3000,379011.270621
14796,3000,379056.792416
14388,3000,379096.180154
14554,3000,379132.76093
13916,3000,379173.516626
14288,3000,379346.346118
15172,3000,379381.068324
14602,3000,379422.241112
14350,3000,379457.95196
15248,3000,379497.952167
14994,3000,379536.767237
14296,3000,379581.266882
14648,3000,379623.609231
14350,3000,379662.383404
14568,3000,379702.503768
15106,3000,379742.382356
14564,3000,379775.687333
14478,3000,379815.932139
14408,3000,379857.736825
14852,3000,379891.202801
14858,3000,379925.198458
14922,3000,379963.514625
14352,3000,379999.931666
14698,3000,380040.836213
14836,3000,380079.533412
14690,3000,380118.267312
14364,3000,380158.07038
14868,3000,380198.741133
14222,3000,380241.224109
14626,3000,380287.517403
14412,3000,380322.387726
14364,3000,380360.545607
14648,3000,380399.102948
13754,3000,380440.23954
14198,3000,380478.135481
14766,3000,380516.230673
14142,3000,380556.703405
14708,3000,380594.025256
14530,3000,380633.311199
15270,3000,380677.650686
14864,3000,380716.806014
14538,3000,380755.883735
15014,3000,380794.80005
14362,3000,380830.928379
15010,3000,380864.098696
14680,3000,380901.793438
14654,3000,380937.860769
14838,3000,380971.648962
14572,3000,381011.263991
14404,3000,381048.995083
14952,3000,381087.21949
14896,3000,381122.643212
14936,3000,381160.481468
14870,3000,381195.880507
14298,3000,381234.36494
14016,3000,381269.495136
14922,3000,381305.486238
15020,3000,381342.679527
15474,3000,381378.796
14856,3000,381415.65968
14136,3000,381452.985814
15370,3000,381492.287443
15148,3000,381532.232822
14944,3000,381572.370631
14782,3000,381608.880503
14640,3000,381644.321626
14992,3000,381683.466568
14542,3000,381719.398739
14374,3000,381752.627998
14628,3000,381789.684553
14694,3000,381827.522106
14532,3000,381863.861783
14918,3000,382042.307746
14664,3000,382078.467921
14766,3000,382114.881214
15156,3000,382156.246161
14806,3000,382192.216472
14774,3000,382232.535702
14864,3000,382274.132737
14720,3000,382313.253783
14596,3000,382345.364097
15140,3000,382386.534115
14874,3000,382426.661954
14590,3000,382465.559788
15610,3000,382502.856562
14988,3000,382545.552822
14834,3000,382584.096429
14574,3000,382621.353529
15648,3000,382660.709748
15288,3000,382697.499689
14630,3000,382738.946868
14108,3000,382777.333396
14590,3000,382819.661396
14784,3000,382857.914665
14650,3000,382895.819409
15064,3000,382935.864872
14864,3000,382974.584486
14332,3000,383012.55759
14898,3000,383050.388673
14650,3000,383090.027291
15040,3000,383135.039831
14752,3000,383168.714273
14598,3000,383208.331147
14312,3000,383245.235835
14802,3000,383278.044903
14392,3000,383316.948904
15504,3000,383358.682455
15070,3000,383393.606271
14876,3000,383433.499691
14722,3000,383473.775659
14616,3000,383509.091358
14808,3000,383548.37454
14220,3000,383584.299584
15180,3000,383616.467889
15292,3000,383652.334641
14680,3000,383692.411118
14750,3000,383733.067085
15040,3000,383772.546989
14832,3000,383812.487258
14812,3000,383846.947312
14272,3000,383883.011307
14974,3000,383921.482186
15120,3000,383960.54102
14878,3000,383997.949556
14162,3000,384039.789375
14740,3000,384077.608293
15110,3000,384109.33064
14438,3000,384143.237668
14728,3000,384182.338341
14326,3000,384226.225293
15156,3000,384258.93451
15082,3000,384298.343533
14590,3000,384337.964993
14088,3000,384376.652326
14686,3000,384416.080643
14734,3000,384456.400307
14850,3000,384490.126721
14728,3000,384526.116906
14980,3000,384708.621416
15046,3000,384749.701252
14982,3000,384787.147431
14888,3000,384822.987145
14794,3000,384864.479195
14176,3000,384906.002634
14078,3000,384945.690865
14746,3000,384985.277575
14144,3000,385028.713423
14774,3000,385067.863495
15084,3000,385108.633149
14430,3000,385142.457102
14932,3000,385176.073774
14244,3000,385215.664431
14850,3000,385251.963977
14998,3000,385289.346752
14710,3000,385326.01445
14534,3000,385362.793834
14840,3000,385401.876083
15164,3000,385438.054585
14096,3000,385477.132887
14716,3000,385509.976949
14604,3000,385547.731026
14676,3000,385590.278495
14890,3000,385628.752058
14184,3000,385667.202686
14266,3000,385706.352909
14308,3000,385743.024596
14486,3000,385782.502635
14568,3000,385818.731117
14282,3000,385860.549571
14676,3000,385902.622394
14598,3000,385937.72035
14940,3000,385975.411428
14738,3000,386017.436833
14410,3000,386049.710809
14964,3000,386087.119929
14836,3000,386126.094412
15182,3000,386166.490831
14386,3000,386209.724057
14610,3000,386244.59654
13940,3000,386279.891837
15256,3000,386315.002825
14812,3000,386354.810488
14580,3000,386394.010236
14584,3000,386431.828975
14440,3000,386466.231129
14238,3000,386504.025553
14732,3000,386537.193079
14744,3000,386574.664371
15108,3000,386612.448382
15178,3000,386647.722458
15044,3000,386683.777534
14992,3000,386723.882526
14700,3000,386763.224842
15158,3000,386801.818752
15162,3000,386838.237401
15310,3000,386874.492481
14666,3000,386911.912283
14716,3000,386950.456516
15046,3000,386987.200236
14616,3000,387023.921908
14600,3000,387061.278409
15046,3000,387096.883261
14704,3000,387138.612637
14588,3000,387178.441873
14680,3000,387214.923898
14236,3000,387390.970959
14684,3000,387430.546297
14968,3000,387468.988195
14664,3000,387505.774144
14822,3000,387546.06625
14774,3000,387587.032417
14582,3000,387624.298005
14638,3000,387660.773007
14522,3000,387701.569582
14864,3000,387739.840429
14700,3000,387773.250979
14290,3000,387812.925323
14744,3000,387852.475714
15476,3000,387884.943375
14602,3000,387923.011817
14602,3000,387958.418139
15188,3000,387994.30247
14778,3000,388030.166129
14574,3000,388071.514579
14596,3000,388107.443404
15380,3000,388141.741496
14966,3000,388175.14711
14836,3000,388210.897872
15742,3000,388247.171718
14572,3000,388288.74697
14426,3000,388326.468105
14292,3000,388363.60684
14420,3000,388400.841673
14764,3000,388435.537725
13824,3000,388472.868377
14504,3000,388504.012969
14572,3000,388541.640095
15614,3000,388580.562845
14726,3000,388615.241434
14234,3000,388649.813628
14546,3000,388686.31723
14572,3000,388722.370582
14830,3000,388757.587192
14886,3000,388791.556262
14550,3000,388827.078733
14810,3000,388868.561243
15192,3000,388906.285152
15062,3000,388949.318418
14716,3000,388983.583495
14996,3000,389018.862189
14270,3000,389052.60999
14908,3000,389089.900198
14858,3000,389127.42657
15146,3000,389167.265321
14380,3000,389202.440291
14676,3000,389238.89724
14762,3000,389274.549649
14800,3000,389315.92547
14914,3000,389355.061476
14746,3000,389394.492553
15086,3000,389432.065443
14432,3000,389469.344978
14700,3000,389507.265111
14632,3000,389549.156729
14144,3000,389586.719624
14910,3000,389621.725671
14382,3000,389657.339726
14930,3000,389694.220933
14462,3000,389736.731395
14928,3000,389775.203653
14562,3000,389816.610283
14924,3000,389852.48204
14438,3000,390044.427811
14108,3000,390083.162701
14706,3000,390123.987985
14886,3000,390162.118283
14416,3000,390203.691103
15328,3000,390242.021084
14778,3000,390281.545374
14292,3000,390314.342941
15014,3000,390353.41642
14320,3000,390392.039073
14884,3000,390432.282823
14588,3000,390468.381206
14798,3000,390505.137295
14674,3000,390547.178133
14602,3000,390585.312199
14268,3000,390619.393814
14696,3000,390652.930544
13546,3000,390691.173937
14520,3000,390730.136098
14966,3000,390765.15949
15208,3000,390802.028747
15204,3000,390836.549938
15052,3000,390873.155065
14734,3000,390910.374577
14962,3000,390947.175058
14646,3000,390987.348651
14744,3000,391025.651706
14776,3000,391059.577312
14804,3000,391094.103402
14056,3000,391138.290009
14132,3000,391178.563778
14748,3000,391218.316203
14468,3000,391262.601737
14868,3000,391303.17804
14968,3000,391337.649342
15118,3000,391379.025028
14766,3000,391420.380509
15264,3000,391456.018626
14606,3000,391492.972559
14892,3000,391529.238992
14738,3000,391565.338932
14750,3000,391602.308953
14878,3000,391637.827434
14542,3000,391681.698378
14300,3000,391715.308239
14474,3000,391753.290206
14692,3000,391790.823547
14380,3000,391827.455349
14472,3000,391862.022969
14408,3000,391896.71022
14192,3000,391936.55222
14632,3000,391974.887482
14360,3000,392013.405369
14490,3000,392053.19587
14704,3000,392091.234365
15552,3000,392121.2573
14348,3000,392163.363978
14900,3000,392205.197697
14310,3000,392247.681614
15062,3000,392283.546163
14668,3000,392321.675326
14494,3000,392363.371444
14806,3000,392403.682809
14846,3000,392441.643288
14370,3000,392477.208215
13868,3000,392518.492984
15054,3000,392696.268511
14926,3000,392739.466048
14730,3000,392781.688176
14802,3000,392820.313209
14434,3000,392856.993412
13640,3000,392900.664886
14158,3000,392934.026638
14796,3000,392966.968821
15036,3000,393007.123381
14752,3000,393044.696534
15026,3000,393085.549215
14572,3000,393124.022783
14884,3000,393158.527565
14686,3000,393196.720304
14682,3000,393234.444446
14976,3000,393272.659222
15162,3000,393307.323685
15006,3000,393341.960993
14650,3000,393384.183661
14738,3000,393417.52165
14402,3000,393457.867491
15222,3000,393494.632752
14960,3000,393531.567974
14204,3000,393571.420657
14948,3000,393611.34509
15176,3000,393650.94992
14158,3000,393694.792655
14350,3000,393737.120554
14192,3000,393772.456032
14938,3000,393807.103913
14958,3000,393847.615259
14914,3000,393882.002113
14676,3000,393919.140126
15012,3000,393958.389627
13888,3000,393995.804639
14904,3000,394032.75859
14512,3000,394069.333094
14300,3000,394109.596061
14742,3000,394151.810519
14772,3000,394190.540081
14974,3000,394225.527495
14742,3000,394261.193173
15288,3000,394297.29982
14658,3000,394338.394253
14670,3000,394376.060686
14848,3000,394415.630794
14518,3000,394458.938517
14652,3000,394496.953259
14560,3000,394533.079816
15404,3000,394571.980422
15100,3000,394612.690453
14140,3000,394653.619124
14932,3000,394691.922312
14494,3000,394728.335222
14618,3000,394772.511579
15242,3000,394813.810735
14936,3000,394854.755317
14848,3000,394892.876699
14582,3000,394930.702962
14808,3000,394968.087022
14594,3000,395003.45701
14394,3000,395042.411955
14550,3000,395080.886413
14740,3000,395123.720949
14554,3000,395164.454352
15060,3000,395199.232293
14450,3000,395234.290219
14072,3000,395411.322053
15204,3000,395443.760746
14292,3000,395487.590101
14500,3000,395530.563426
14382,3000,395568.607529
15052,3000,395605.974362
14798,3000,395644.909671
14580,3000,395689.812248
14038,3000,395726.779224
14712,3000,395764.389574
14288,3000,395803.684377
14384,3000,395844.110126
14874,3000,395881.552719
14560,3000,395922.103746
15244,3000,395955.33842
15314,3000,395993.810881
14560,3000,396033.160276
14082,3000,396070.047859
14136,3000,396104.807208
14894,3000,396144.163019
15216,3000,396181.193505
13984,3000,396217.2654
14730,3000,396251.960195
14578,3000,396289.097815
14624,3000,396327.046293
14684,3000,396369.361284
14546,3000,396405.999679
14924,3000,396444.422301
14754,3000,396479.99995
14532,3000,396518.071559
15002,3000,396559.000472
15000,3000,396596.83735
14442,3000,396633.380001
15016,3000,396670.518234
14686,3000,396703.820797
14918,3000,396740.9326
14774,3000,396779.693255
14460,3000,396814.817499
14722,3000,396852.787587
14742,3000,396893.548836
14478,3000,396938.305844
15120,3000,396977.011467
14282,3000,397014.907495
14518,3000,397051.725714
14514,3000,397092.654359
14216,3000,397132.049264
14978,3000,397169.487067
14582,3000,397208.048096
14620,3000,397247.618434
14558,3000,397289.574529
14922,3000,397323.547221
14728,3000,397355.968395
15268,3000,397394.823545
15002,3000,397437.520358
14480,3000,397473.840093
14354,3000,397504.285086
14522,3000,397540.254021
14648,3000,397579.966631
14670,3000,397616.69253
14386,3000,397648.979693
14456,3000,397692.315438
14836,3000,397731.919253
14652,3000,397771.323109
14632,3000,397803.442647
14746,3000,397840.86675
14824,3000,397877.20739
15016,3000,397914.069419
14420,3000,398089.911127
14862,3000,398124.698775
14210,3000,398160.114625
14426,3000,398200.732141
14434,3000,398239.876305
14466,3000,398281.385209
14564,3000,398318.242853
14458,3000,398361.542789
14132,3000,398399.354884
13990,3000,398442.074386
15096,3000,398480.141021
14348,3000,398517.389511
14226,3000,398555.285237
14752,3000,398590.714952
15218,3000,398627.502603
14182,3000,398665.951948
15138,3000,398700.736913
14860,3000,398742.421018
14834,3000,398778.13728
14262,3000,398815.057973
14014,3000,398854.849724
14856,3000,398893.977751
14706,3000,398932.887275
14166,3000,398973.902777
14934,3000,399013.203519
14674,3000,399050.647982
14384,3000,399088.616144
14880,3000,399121.479274
14050,3000,399159.60696
14908,3000,399196.34695
14896,3000,399232.234574
15030,3000,399271.783085
15106,3000,399306.456785
14908,3000,399341.200397
14806,3000,399378.673446
14648,3000,399415.26669
14596,3000,399451.401772
15266,3000,399486.12456
14502,3000,399523.237093
14726,3000,399567.041774
15582,3000,399607.765963
14756,3000,399650.829746
15046,3000,399688.661346
14070,3000,399719.861474
14774,3000,399760.733211
15154,3000,399800.038724
14540,3000,399836.812662
14496,3000,399874.694025
15064,3000,399914.818977
14320,3000,399951.440998
14708,3000,399988.443185
14972,3000,400027.137854
14322,3000,400067.060067
13726,3000,400112.071281
14952,3000,400146.643886
14350,3000,400183.666099
14250,3000,400225.629709
14184,3000,400262.198697
14938,3000,400300.102216
15110,3000,400343.18834
14240,3000,400382.560167
14140,3000,400424.336838
14890,3000,400465.28781
14922,3000,400504.803626
14390,3000,400541.951743
14314,3000,400580.359055
14552,3000,400750.061838
14636,3000,400793.034655
14854,3000,400832.479488
15130,3000,400869.805787
14482,3000,400914.878678
14852,3000,400954.581525
14692,3000,400993.336707
14902,3000,401028.298361
14268,3000,401067.572407
14698,3000,401102.674216
14986,3000,401138.257903
14732,3000,401175.382561
14052,3000,401213.885638
15052,3000,401252.187536
14652,3000,401289.640458
14250,3000,401331.522677
14322,3000,401373.011736
15076,3000,401413.47762
14768,3000,401454.141335
15006,3000,401487.514809
14996,3000,401520.738157
14728,3000,401558.922209
14354,3000,401596.738055
14342,3000,401635.414681
14480,3000,401675.110874
14826,3000,401714.915891
14612,3000,401754.306152
14156,3000,401793.337607
14530,3000,401831.749313
15004,3000,401864.690474
14568,3000,401906.520756
14894,3000,401942.243412
14982,3000,401981.734021
14894,3000,402020.454436
14018,3000,402061.534262
14546,3000,402095.308798
14120,3000,402134.568748
15062,3000,402170.019877
15008,3000,402210.608681
14758,3000,402251.566696
14728,3000,402293.631792
15056,3000,402330.218036
14394,3000,402367.248882
15726,3000,402403.523351
14564,3000,402443.199895
15170,3000,402479.712868
14448,3000,402516.505702
14156,3000,402553.105778
14024,3000,402585.230866
14984,3000,402621.375277
14658,3000,402656.233665
14772,3000,402693.364157
15294,3000,402728.082509
14380,3000,402768.586749
14724,3000,402800.773166
14324,3000,402837.060608
14240,3000,402876.083784
14338,3000,402914.43925
14434,3000,402951.06427
14592,3000,402986.33455
14382,3000,403022.842332
14498,3000,403060.720849
14520,3000,403099.760033
14692,3000,403134.512705
15090,3000,403170.641452
15000,3000,403209.530434
14462,3000,403244.07264
15500,3000,403403.053591
15026,3000,403438.762605
15302,3000,403477.73983
15154,3000,403514.155539
14852,3000,403551.191321
15588,3000,403586.354456
14968,3000,403625.094499
14818,3000,403661.505296
15112,3000,403698.650181
14908,3000,403736.086217
15234,3000,403777.060459
14812,3000,403814.421953
14320,3000,403853.905203
14918,3000,403892.162596
14934,3000,403932.762903
14502,3000,403972.878886
14704,3000,404010.614053
14398,3000,404051.18358
14832,3000,404091.900128
14760,3000,404127.056835
14446,3000,404162.145745
14418,3000,404197.001486
14110,3000,404235.732949
14334,3000,404272.51749
15142,3000,404309.712517
14294,3000,404346.720026
14886,3000,404387.923137
15008,3000,404426.057055
14766,3000,404464.208841
15108,3000,404502.250317
14640,3000,404537.658339
15004,3000,404577.322947
14802,3000,404613.087336
15138,3000,404650.802917
14590,3000,404688.117996
14772,3000,404726.151683
14678,3000,404763.412989
14924,3000,404800.883834
15062,3000,404836.513027
15036,3000,404880.597122
14466,3000,404923.322873
14764,3000,404964.297329
14856,3000,405001.790064
15176,3000,405042.822779
14632,3000,405081.793122
13698,3000,405122.466517
14236,3000,405166.463074
14460,3000,405199.379422
13962,3000,405241.011834
14624,3000,405279.050434
14990,3000,405318.560496
14784,3000,405358.649475
14164,3000,405401.863822
14858,3000,405440.097891
14776,3000,405475.610299
14450,3000,405515.726709
14606,3000,405555.609447
14320,3000,405595.842287
14266,3000,405629.941829
15510,3000,405668.410566
14880,3000,405709.180547
14924,3000,405746.894188
14854,3000,405787.119975
14584,3000,405831.315789
14092,3000,405868.275143
14224,3000,405908.195964
14624,3000,405943.217458
14780,3000,406123.378032
14556,3000,406160.206792
14962,3000,406197.502695
14374,3000,406235.417181
14662,3000,406270.305555
14824,3000,406306.068639
14924,3000,406345.004548
14800,3000,406382.16249
14884,3000,406420.893677
14668,3000,406457.184952
14888,3000,406494.979465
14696,3000,406530.978337
14188,3000,406574.538462
15298,3000,406611.311634
14928,3000,406648.982267
14650,3000,406684.787019
13958,3000,406726.287873
15282,3000,406766.107996
13988,3000,406805.672565
14446,3000,406842.383458
14930,3000,406879.839981
14634,3000,406921.935063
14790,3000,406957.23873
14950,3000,406993.828094
14302,3000,407030.497906
14474,3000,407066.878907
14692,3000,407101.422654
14594,3000,407139.693538
14872,3000,407179.057866
14372,3000,407215.488811
14212,3000,407253.721144
14656,3000,407290.639555
14952,3000,407323.843714
14918,3000,407356.832121
14860,3000,407395.579835
14534,3000,407428.061069
14464,3000,407466.78907
14780,3000,407504.880018
14074,3000,407542.480766
14970,3000,407582.637489
15196,3000,407618.481678
15036,3000,407656.949708
14330,3000,407694.588741
14310,3000,407732.439847
14952,3000,407767.395986
14612,3000,407808.228426
14882,3000,407842.358071
14140,3000,407880.002601
14870,3000,407916.256922
14818,3000,407953.108407
14842,3000,407995.916835
14460,3000,408033.686174
14750,3000,408069.852209
15144,3000,408102.745648
14576,3000,408138.584597
15166,3000,408175.298364
14428,3000,408209.808606
14322,3000,408246.886185
14894,3000,408282.263087
14532,3000,408321.364958
14614,3000,408361.169493
14666,3000,408401.507578
14080,3000,408436.967448
14340,3000,408479.721441
14996,3000,408521.074366
14540,3000,408568.298835
15134,3000,408751.667964
14728,3000,408788.466657
14486,3000,408831.575709
14348,3000,408869.416807
14512,3000,408907.736141
14258,3000,408948.973056
14490,3000,408988.096151
14716,3000,409024.015112
15138,3000,409060.825358
15180,3000,409101.225036
14710,3000,409141.690111
14822,3000,409177.5996
14424,3000,409219.567173
14540,3000,409258.733494
14962,3000,409298.640818
14950,3000,409336.969081
14740,3000,409376.511033
14836,3000,409406.888614
14048,3000,409444.965913
14934,3000,409482.944754
14492,3000,409526.564475
14628,3000,409566.39887
14678,3000,409604.53014
14410,3000,409643.744735
15316,3000,409677.476689
14402,3000,409718.45456
14220,3000,409753.565152
15180,3000,409791.807526
14634,3000,409830.129094
15056,3000,409867.170344
15144,3000,409902.80361
14390,3000,409941.628627
14502,3000,409975.702192
14192,3000,410014.956386
14748,3000,410055.892045
15454,3000,410092.432048
14414,3000,410133.599026
14718,3000,410172.132528
14106,3000,410212.107511
14630,3000,410248.17793
14772,3000,410283.533933
14612,3000,410317.949033
15124,3000,410358.281653
14728,3000,410395.164197
14176,3000,410427.546513
14826,3000,410468.461811
15326,3000,410506.651004
15116,3000,410545.164469
14040,3000,410583.305685
14590,3000,410619.801956
15858,3000,410659.042527
15244,3000,410691.11305
14424,3000,410726.939725
14738,3000,410766.978442
14084,3000,410802.999357
14708,3000,410836.660835
14816,3000,410874.88963
14840,3000,410914.947238
14470,3000,410955.094813
15004,3000,410993.407709
14730,3000,411037.943863
13866,3000,411081.828337
14770,3000,411121.679867
14296,3000,411157.085802
14788,3000,411194.827799
14288,3000,411236.945741
14580,3000,411281.008188
15100,3000,411444.96771
14930,3000,411485.523445
14614,3000,411524.158374
14322,3000,411562.102563
14860,3000,411597.609429
14966,3000,411633.947562
14620,3000,411668.068184
15258,3000,411704.428804
14758,3000,411741.755683
14222,3000,411775.043885
14534,3000,411808.369431
14688,3000,411847.232559
14438,3000,411879.031605
15564,3000,411913.719236
15100,3000,411946.809739
14894,3000,411980.84694
14714,3000,412021.794727
14660,3000,412055.259166
14732,3000,412091.682119
14872,3000,412128.623465
13962,3000,412165.928081
15008,3000,412201.301169
15026,3000,412235.657838
15028,3000,412272.871291
14588,3000,412312.866471
14504,3000,412351.448184
14438,3000,412391.523619
14904,3000,412427.210883
14820,3000,412462.638688
14274,3000,412499.929888
13974,3000,412538.06778
14788,3000,412576.411755
14216,3000,412617.466598
14410,3000,412654.945027
14070,3000,412694.959124
14304,3000,412727.584062
14806,3000,412765.94755
14418,3000,412801.276344
14754,3000,412838.608912
14156,3000,412875.485265
14444,3000,412911.298507
15042,3000,412941.891275
14606,3000,412978.297783
14206,3000,413017.081445
14384,3000,413063.990087
15290,3000,413105.351191
14490,3000,413144.890551
15086,3000,413179.673233
14520,3000,413220.991604
14608,3000,413256.284565
15054,3000,413299.342436
15124,3000,413337.929806
14582,3000,413375.541027
14498,3000,413410.154949
14688,3000,413445.738193
14584,3000,413487.352217
14610,3000,413526.693189
14956,3000,413568.167028
14244,3000,413608.147331
14998,3000,413639.719299
14398,3000,413680.139919
14612,3000,413720.499748
14780,3000,413765.31741
15244,3000,413799.186402
14796,3000,413834.211776
14966,3000,413870.639944
14466,3000,413908.814236
14322,3000,414087.979661
15116,3000,414124.965706
14872,3000,414162.598192
14772,3000,414200.546627
15016,3000,414229.626106
15382,3000,414268.453974
14498,3000,414309.49579
14642,3000,414350.320951
14324,3000,414390.62543
14630,3000,414429.194125
14054,3000,414472.295415
14026,3000,414511.1286
15134,3000,414544.536566
14444,3000,414585.195012
14676,3000,414621.857576
14506,3000,414660.4257
14972,3000,414698.309718
15000,3000,414738.037253
15192,3000,414773.962091
14578,3000,414813.331289
15492,3000,414851.753701
15022,3000,414892.045141
14700,3000,414929.35157
14156,3000,414965.728409
14448,3000,415006.113412
14496,3000,415045.123218
14742,3000,415079.746967
14912,3000,415113.942748
15208,3000,415154.525069
14508,3000,415191.844132
14612,3000,415231.46194
15162,3000,415270.091241
14418,3000,415304.852587
14946,3000,415343.99341
14814,3000,415383.546902
14990,3000,415422.419394
15200,3000,415460.518954
14322,3000,415502.683428
14658,3000,415534.045755
15056,3000,415568.163195
15700,3000,415601.289631
15228,3000,415632.158002
15088,3000,415669.752486
14534,3000,415708.087198
15052,3000,415742.259132
15162,3000,415777.502554
14464,3000,415815.065646
14956,3000,415848.750028
14786,3000,415882.689994
15082,3000,415920.924973
14688,3000,415958.926091
14980,3000,416000.621858
15016,3000,416037.670341
14436,3000,416074.726543
14530,3000,416113.62227
15118,3000,416149.276568
15150,3000,416183.040508
14574,3000,416219.452548
14920,3000,416259.447313
14730,3000,416298.522056
14270,3000,416333.406752
14906,3000,416372.515785
14362,3000,416413.538933
14478,3000,416450.54929
14816,3000,416488.831445
15142,3000,416525.795164
14542,3000,416711.529824
14590,3000,416748.457371
14786,3000,416790.18279
14764,3000,416829.262842
14776,3000,416869.735412
13846,3000,416905.994581
14710,3000,416948.665384
14646,3000,416987.383447
15006,3000,417028.575944
14880,3000,417072.134841
14880,3000,417108.848346
14156,3000,417148.574379
15086,3000,417186.029176
14928,3000,417224.675759
14978,3000,417258.485712
14760,3000,417293.858293
15936,3000,417331.023067
15160,3000,417363.487559
14906,3000,417403.510744
13796,3000,417438.937687
14808,3000,417472.619127
14638,3000,417511.124527
14392,3000,417545.975724
14924,3000,417583.124008
14642,3000,417622.000887
15370,3000,417658.043622
14900,3000,417697.666352
14898,3000,417735.331091
14766,3000,417769.57974
15192,3000,417805.205902
14420,3000,417845.290004
14334,3000,417888.293039
14602,3000,417927.535768
14802,3000,417966.237185
14590,3000,418003.201633
14466,3000,418038.358867
14484,3000,418081.109994
14666,3000,418119.021892
14896,3000,418158.049668
14550,3000,418195.88776
14640,3000,418235.711819
14890,3000,418277.679577
15126,3000,418318.5869
14668,3000,418358.472871
15096,3000,418396.662945
14904,3000,418440.81332
15294,3000,418475.654826
14706,3000,418520.570364
14816,3000,418560.779621
14460,3000,418599.923423
14682,3000,418639.721481
14996,3000,418683.403591
15036,3000,418724.501853
14354,3000,418759.99204
14726,3000,418796.545034
14748,3000,418835.743289
15318,3000,418875.635638
14922,3000,418910.122075
14522,3000,418946.408153
14978,3000,418982.730605
14138,3000,419029.292795
14434,3000,419068.85216
14746,3000,419107.843187
14530,3000,419150.233223
14894,3000,419190.973717
15084,3000,419231.017425
14176,3000,419273.996096
14362,3000,419446.653313
14810,3000,419483.400689
14548,3000,419521.311289
14888,3000,419559.190416
14662,3000,419596.353282
14006,3000,419634.018946
14260,3000,419671.570768
14158,3000,419714.74171
14578,3000,419758.993701
14560,3000,419800.75009
14270,3000,419842.276695
14340,3000,419879.077857
14814,3000,419915.613975
14392,3000,419951.831954
14672,3000,419993.157272
14238,3000,420029.898111
14420,3000,420066.154827
14932,3000,420101.917452
14882,3000,420142.125407
14746,3000,420179.526943
14676,3000,420218.117381
14444,3000,420257.147115
14994,3000,420293.221925
14370,3000,420331.027709
15072,3000,420367.832984
14284,3000,420407.700433
14738,3000,420446.269063
14948,3000,420479.519357
14078,3000,420518.054454
14722,3000,420556.835701
15392,3000,420593.406682
13952,3000,420632.176652
14270,3000,420670.076185
14904,3000,420706.67623
14376,3000,420745.118129
14752,3000,420784.81051
14214,3000,420823.415952
14614,3000,420862.887355
13988,3000,420896.874269
14996,3000,420932.94838
15478,3000,420967.414721
15346,3000,421006.327987
14406,3000,421042.931957
14914,3000,421080.613478
14806,3000,421114.78875
14880,3000,421150.308318
15232,3000,421181.669898
14602,3000,421224.793232
14952,3000,421260.987778
14110,3000,421304.384394
14308,3000,421341.879369
14766,3000,421381.775558
14392,3000,421424.318316
14596,3000,421461.82626
14910,3000,421498.72738
14218,3000,421532.936188
14292,3000,421576.215543
14686,3000,421612.298042
14380,3000,421653.157008
14624,3000,421691.996859
14096,3000,421732.765833
14924,3000,421771.991482
14604,3000,421809.88133
14622,3000,421845.959475
14286,3000,421888.706183
14936,3000,421918.838428
14512,3000,421952.973239
14994,3000,422127.502367
15470,3000,422158.357007
15224,3000,422195.774002
15376,3000,422227.972186
15278,3000,422265.495021
