---> Week : 0
--> Day : 0
-> Request 0
615
(3, 2, 2)
1
(47, 6)
-> Request 1
760
(4, 3, 2)
1
(57, 12)
-> Request 2
1009
(2, 2, 1)
2
(48, 66)
--> Day : 1
-> Request 0
533
(4, 2, 1)
3
(68, 16)
-> Request 1
556
(2, 1, 2)
1
(13, 27)
--> Day : 2
-> Request 0
246
(2, 2, 2)
3
(52, 52)
-> Request 1
978
(1, 3, 2)
2
(66, 47)
-> Request 2
1392
(1, 1, 2)
3
(8, 44)
--> Day : 3
-> Request 0
238
(1, 1, 1)
2
(18, 28)
-> Request 1
260
(3, 3, 1)
1
(55, 52)
-> Request 2
524
(1, 2, 2)
3
(73, 45)
-> Request 3
822
(3, 1, 1)
2
(29, 27)
-> Request 4
1260
(3, 1, 1)
3
(41, 31)
--> Day : 4
-> Request 0
794
(1, 1, 2)
3
(41, 42)
-> Request 1
905
(4, 1, 2)
1
(46, 2)
-> Request 2
1218
(2, 2, 2)
1
(44, 17)
---> Week : 1
--> Day : 0
-> Request 0
96
(3, 2, 2)
3
(52, 57)
-> Request 1
195
(1, 2, 1)
2
(25, 69)
-> Request 2
941
(4, 1, 2)
1
(54, 19)
-> Request 3
964
(2, 1, 1)
2
(74, 51)
-> Request 4
1022
(2, 1, 2)
2
(67, 55)
-> Request 5
1195
(2, 3, 2)
1
(33, 37)
--> Day : 1
-> Request 0
309
(1, 2, 1)
1
(12, 30)
-> Request 1
493
(1, 1, 2)
3
(39, 64)
-> Request 2
645
(1, 1, 1)
1
(9, 79)
-> Request 3
819
(3, 2, 2)
2
(61, 69)
-> Request 4
1061
(4, 1, 1)
3
(43, 64)
-> Request 5
1407
(2, 3, 1)
1
(32, 21)
--> Day : 2
-> Request 0
365
(2, 2, 1)
1
(3, 15)
-> Request 1
1106
(3, 3, 2)
2
(60, 14)
--> Day : 3
-> Request 0
972
(4, 3, 1)
1
(10, 11)
-> Request 1
1213
(3, 2, 2)
3
(1, 21)
-> Request 2
1332
(4, 1, 2)
2
(54, 62)
--> Day : 4
-> Request 0
101
(4, 2, 1)
2
(42, 21)
-> Request 1
161
(4, 3, 1)
3
(70, 28)
-> Request 2
723
(4, 2, 1)
3
(24, 2)
-> Request 3
858
(2, 1, 2)
3
(72, 38)
-> Request 4
1010
(1, 3, 2)
2
(29, 8)
---> Week : 2
--> Day : 0
-> Request 0
1281
(2, 3, 2)
2
(6, 25)
--> Day : 1
-> Request 0
1318
(2, 2, 1)
1
(56, 61)
--> Day : 2
-> Request 0
820
(1, 1, 1)
2
(52, 26)
-> Request 1
870
(3, 1, 2)
2
(71, 25)
-> Request 2
918
(2, 1, 2)
1
(5, 58)
--> Day : 3
-> Request 0
246
(3, 1, 2)
1
(46, 14)
-> Request 1
307
(3, 1, 1)
1
(6, 3)
-> Request 2
336
(2, 3, 1)
3
(46, 76)
--> Day : 4
-> Request 0
875
(2, 2, 2)
3
(79, 2)
-> Request 1
1111
(2, 2, 1)
3
(34, 52)
---> Week : 3
--> Day : 0
-> Request 0
212
(3, 2, 1)
1
(70, 27)
--> Day : 1
-> Request 0
300
(3, 3, 1)
1
(1, 68)
-> Request 1
479
(3, 2, 1)
2
(41, 30)
-> Request 2
975
(3, 1, 2)
1
(19, 14)
-> Request 3
991
(3, 2, 1)
1
(65, 77)
-> Request 4
1035
(4, 3, 2)
1
(64, 31)
-> Request 5
1112
(1, 2, 1)
1
(7, 71)
--> Day : 2
-> Request 0
795
(4, 1, 1)
2
(27, 79)
-> Request 1
1067
(2, 3, 2)
2
(40, 24)
--> Day : 3
-> Request 0
123
(1, 2, 2)
1
(67, 45)
-> Request 1
359
(3, 1, 2)
1
(59, 44)
-> Request 2
551
(3, 1, 1)
3
(74, 24)
-> Request 3
574
(2, 3, 1)
2
(21, 32)
-> Request 4
806
(2, 2, 1)
2
(69, 49)
-> Request 5
933
(2, 3, 2)
1
(40, 29)
--> Day : 4
-> Request 0
65
(2, 3, 1)
2
(61, 49)
-> Request 1
758
(4, 3, 1)
2
(59, 14)
-> Request 2
1396
(4, 2, 2)
1
(23, 62)
---> Week : 4
--> Day : 0
-> Request 0
206
(1, 2, 2)
1
(23, 76)
-> Request 1
321
(2, 3, 2)
2
(30, 46)
-> Request 2
324
(1, 3, 2)
2
(39, 4)
-> Request 3
403
(3, 2, 2)
2
(59, 59)
-> Request 4
432
(3, 1, 1)
2
(23, 20)
-> Request 5
495
(1, 1, 2)
3
(73, 7)
-> Request 6
959
(2, 1, 1)
3
(10, 54)
-> Request 7
1139
(2, 3, 2)
1
(12, 79)
-> Request 8
1147
(4, 1, 2)
3
(59, 29)
--> Day : 1
-> Request 0
330
(1, 3, 2)
1
(61, 78)
-> Request 1
841
(1, 1, 1)
3
(41, 53)
-> Request 2
1160
(1, 1, 2)
2
(58, 41)
-> Request 3
1173
(4, 3, 1)
2
(75, 30)
--> Day : 2
-> Request 0
259
(1, 2, 1)
1
(79, 10)
-> Request 1
547
(1, 3, 2)
2
(35, 66)
-> Request 2
641
(2, 3, 1)
3
(32, 16)
-> Request 3
1207
(1, 1, 1)
1
(46, 72)
--> Day : 3
-> Request 0
312
(1, 2, 1)
3
(19, 76)
-> Request 1
416
(1, 2, 2)
1
(2, 26)
-> Request 2
609
(3, 2, 1)
3
(21, 1)
-> Request 3
704
(2, 1, 2)
3
(53, 7)
-> Request 4
877
(3, 1, 1)
1
(1, 2)
-> Request 5
1126
(2, 2, 2)
2
(52, 4)
-> Request 6
1359
(2, 2, 2)
1
(65, 23)
--> Day : 4
-> Request 0
273
(2, 1, 1)
1
(69, 23)
-> Request 1
502
(4, 2, 2)
1
(70, 50)
-> Request 2
832
(3, 1, 2)
3
(2, 31)
-> Request 3
950
(3, 2, 1)
3
(18, 43)
-> Request 4
1333
(2, 1, 2)
1
(53, 15)
---> Week : 5
--> Day : 0
-> Request 0
740
(2, 2, 1)
3
(22, 27)
-> Request 1
1034
(4, 3, 1)
3
(31, 16)
-> Request 2
1155
(3, 3, 2)
2
(41, 76)
-> Request 3
1247
(3, 2, 1)
2
(63, 22)
--> Day : 1
-> Request 0
303
(1, 1, 1)
2
(31, 12)
-> Request 1
335
(3, 2, 2)
3
(9, 44)
-> Request 2
1303
(4, 1, 1)
2
(36, 55)
--> Day : 2
-> Request 0
348
(3, 2, 2)
3
(76, 31)
-> Request 1
427
(2, 2, 1)
1
(10, 53)
-> Request 2
626
(1, 2, 1)
1
(41, 26)
-> Request 3
878
(1, 3, 1)
2
(21, 36)
-> Request 4
1142
(2, 2, 2)
2
(7, 34)
-> Request 5
1364
(3, 2, 2)
3
(35, 61)
--> Day : 3
-> Request 0
101
(2, 2, 1)
2
(31, 19)
-> Request 1
229
(2, 1, 1)
3
(46, 17)
-> Request 2
829
(4, 3, 1)
2
(45, 60)
-> Request 3
1064
(1, 1, 1)
3
(41, 69)
-> Request 4
1174
(1, 1, 1)
1
(30, 71)
-> Request 5
1432
(3, 1, 2)
3
(60, 67)
--> Day : 4
-> Request 0
80
(1, 2, 1)
2
(32, 50)
-> Request 1
179
(1, 3, 2)
3
(26, 67)
-> Request 2
429
(2, 3, 1)
1
(57, 65)
-> Request 3
475
(1, 3, 2)
3
(33, 52)
-> Request 4
599
(1, 1, 2)
1
(19, 13)
-> Request 5
639
(2, 2, 2)
2
(61, 55)
-> Request 6
1146
(3, 3, 2)
1
(55, 6)
---> Week : 6
--> Day : 0
-> Request 0
1080
(4, 1, 1)
1
(3, 57)
-> Request 1
1241
(2, 1, 2)
1
(29, 38)
-> Request 2
1286
(2, 3, 2)
2
(71, 58)
--> Day : 1
-> Request 0
81
(1, 1, 2)
2
(74, 71)
-> Request 1
467
(4, 3, 2)
3
(49, 0)
-> Request 2
746
(2, 1, 2)
1
(65, 1)
-> Request 3
1035
(4, 3, 1)
3
(61, 56)
--> Day : 2
-> Request 0
249
(3, 2, 2)
2
(76, 59)
-> Request 1
872
(4, 1, 2)
2
(38, 26)
-> Request 2
995
(3, 2, 2)
1
(31, 66)
--> Day : 3
-> Request 0
453
(3, 1, 1)
2
(62, 32)
-> Request 1
1067
(3, 1, 2)
2
(26, 66)
--> Day : 4
-> Request 0
134
(3, 1, 2)
1
(27, 8)
-> Request 1
285
(4, 1, 2)
1
(7, 43)
-> Request 2
614
(2, 1, 1)
3
(53, 12)
-> Request 3
621
(4, 3, 2)
1
(6, 73)
---> Week : 7
--> Day : 0
-> Request 0
34
(2, 3, 2)
3
(22, 48)
-> Request 1
183
(2, 2, 1)
3
(17, 73)
-> Request 2
354
(4, 1, 2)
2
(30, 64)
-> Request 3
579
(1, 2, 1)
2
(46, 26)
--> Day : 1
-> Request 0
211
(1, 3, 2)
3
(4, 5)
-> Request 1
426
(4, 1, 1)
3
(51, 8)
--> Day : 2
-> Request 0
212
(1, 2, 2)
3
(35, 5)
-> Request 1
802
(4, 1, 1)
2
(68, 41)
-> Request 2
831
(2, 2, 1)
2
(18, 39)
-> Request 3
1378
(3, 1, 1)
1
(6, 1)
--> Day : 3
-> Request 0
543
(3, 3, 1)
3
(46, 42)
-> Request 1
1273
(1, 1, 2)
1
(7, 64)
-> Request 2
1295
(1, 1, 2)
2
(56, 9)
-> Request 3
1311
(3, 1, 1)
3
(40, 7)
--> Day : 4
-> Request 0
336
(2, 1, 2)
3
(60, 51)
-> Request 1
583
(3, 3, 2)
3
(69, 60)
-> Request 2
1083
(1, 2, 2)
3
(59, 26)
-> Request 3
1216
(1, 3, 2)
3
(62, 7)
-> Request 4
1246
(2, 2, 2)
1
(29, 61)
---> Week : 8
--> Day : 0
-> Request 0
104
(1, 1, 1)
3
(54, 1)
-> Request 1
776
(2, 1, 1)
2
(79, 72)
-> Request 2
809
(1, 3, 2)
2
(48, 40)
-> Request 3
995
(1, 1, 1)
2
(30, 15)
-> Request 4
1104
(4, 3, 1)
3
(74, 36)
--> Day : 1
-> Request 0
694
(4, 3, 2)
2
(14, 58)
-> Request 1
865
(3, 1, 1)
1
(50, 70)
-> Request 2
1355
(3, 2, 1)
1
(42, 73)
--> Day : 2
-> Request 0
285
(2, 1, 1)
3
(45, 25)
-> Request 1
556
(1, 3, 2)
1
(72, 55)
-> Request 2
610
(1, 1, 2)
1
(4, 5)
--> Day : 3
-> Request 0
371
(1, 2, 1)
3
(6, 17)
-> Request 1
577
(3, 2, 2)
1
(10, 13)
-> Request 2
745
(1, 3, 2)
3
(59, 71)
-> Request 3
1352
(4, 3, 2)
1
(18, 73)
-> Request 4
1377
(2, 2, 1)
2
(74, 54)
--> Day : 4
-> Request 0
45
(1, 3, 1)
1
(9, 3)
-> Request 1
983
(1, 3, 2)
3
(20, 33)
-> Request 2
1007
(4, 1, 2)
2
(20, 13)
---> Week : 9
--> Day : 0
-> Request 0
989
(2, 3, 1)
2
(35, 22)
-> Request 1
1046
(1, 2, 1)
3
(14, 47)
--> Day : 1
-> Request 0
269
(2, 1, 1)
1
(40, 18)
-> Request 1
585
(1, 2, 1)
3
(22, 65)
-> Request 2
632
(2, 2, 1)
2
(6, 12)
-> Request 3
690
(3, 1, 2)
2
(42, 66)
-> Request 4
878
(2, 3, 2)
3
(35, 28)
-> Request 5
885
(4, 1, 1)
1
(3, 22)
-> Request 6
966
(1, 3, 1)
1
(71, 56)
--> Day : 2
-> Request 0
0
(1, 1, 1)
3
(11, 70)
-> Request 1
295
(3, 3, 1)
1
(17, 20)
-> Request 2
406
(2, 2, 2)
2
(19, 5)
-> Request 3
511
(2, 1, 1)
3
(79, 71)
-> Request 4
777
(4, 1, 1)
2
(70, 18)
-> Request 5
950
(1, 3, 1)
2
(35, 22)
-> Request 6
983
(3, 3, 2)
1
(68, 2)
--> Day : 3
-> Request 0
210
(1, 3, 1)
2
(59, 60)
-> Request 1
705
(2, 2, 1)
1
(11, 26)
-> Request 2
1236
(1, 2, 1)
1
(41, 46)
-> Request 3
1317
(3, 1, 1)
3
(47, 40)
--> Day : 4
-> Request 0
111
(1, 1, 2)
3
(59, 20)
-> Request 1
595
(1, 3, 1)
3
(35, 53)
-> Request 2
791
(2, 3, 1)
3
(43, 42)
-> Request 3
894
(2, 1, 2)
1
(46, 62)
-> Request 4
1310
(2, 3, 1)
1
(40, 22)
---> Week : 10
--> Day : 0
-> Request 0
81
(3, 2, 2)
3
(16, 30)
-> Request 1
247
(2, 3, 1)
1
(26, 28)
-> Request 2
739
(2, 1, 2)
1
(8, 18)
-> Request 3
848
(2, 1, 2)
3
(8, 57)
-> Request 4
1301
(4, 2, 2)
1
(5, 41)
-> Request 5
1372
(3, 3, 1)
2
(75, 35)
-> Request 6
1378
(2, 3, 1)
2
(9, 39)
--> Day : 1
-> Request 0
325
(4, 1, 2)
2
(25, 26)
-> Request 1
775
(2, 2, 2)
1
(24, 76)
-> Request 2
940
(1, 3, 1)
1
(24, 62)
-> Request 3
1004
(1, 1, 1)
1
(9, 28)
-> Request 4
1250
(1, 3, 1)
1
(53, 26)
-> Request 5
1285
(2, 2, 2)
3
(29, 79)
--> Day : 2
-> Request 0
49
(2, 2, 1)
1
(21, 42)
-> Request 1
882
(2, 2, 2)
3
(2, 18)
-> Request 2
915
(2, 2, 2)
2
(16, 0)
--> Day : 3
-> Request 0
148
(3, 2, 2)
3
(27, 76)
-> Request 1
363
(3, 3, 2)
1
(56, 33)
-> Request 2
1200
(1, 2, 2)
3
(75, 10)
-> Request 3
1360
(2, 2, 1)
1
(14, 65)
-> Request 4
1399
(1, 1, 1)
3
(13, 69)
--> Day : 4
-> Request 0
862
(2, 2, 2)
3
(28, 14)
-> Request 1
1263
(4, 3, 1)
1
(29, 16)
---> Week : 11
--> Day : 0
-> Request 0
125
(4, 2, 1)
3
(27, 37)
-> Request 1
214
(3, 3, 1)
3
(59, 60)
-> Request 2
494
(4, 2, 1)
1
(75, 76)
-> Request 3
693
(3, 1, 2)
1
(27, 51)
-> Request 4
723
(1, 1, 1)
3
(60, 41)
-> Request 5
1330
(1, 2, 1)
3
(63, 20)
--> Day : 1
-> Request 0
1151
(2, 2, 1)
3
(69, 18)
--> Day : 2
-> Request 0
472
(1, 1, 1)
3
(66, 23)
-> Request 1
1313
(1, 3, 1)
1
(32, 33)
--> Day : 3
-> Request 0
226
(1, 2, 2)
2
(53, 3)
-> Request 1
407
(2, 1, 1)
2
(52, 69)
-> Request 2
629
(2, 3, 2)
1
(55, 57)
--> Day : 4
-> Request 0
102
(1, 2, 2)
3
(2, 71)
-> Request 1
132
(1, 3, 2)
2
(57, 26)
-> Request 2
1203
(4, 2, 2)
2
(31, 24)
-> Request 3
1383
(2, 2, 2)
3
(65, 69)
---> Week : 12
--> Day : 0
-> Request 0
241
(3, 1, 1)
1
(21, 62)
-> Request 1
502
(1, 2, 2)
2
(48, 55)
-> Request 2
640
(4, 2, 1)
3
(27, 64)
-> Request 3
1223
(4, 2, 2)
1
(53, 19)
-> Request 4
1263
(2, 2, 1)
1
(15, 43)
--> Day : 1
-> Request 0
1189
(4, 1, 1)
1
(62, 68)
--> Day : 2
-> Request 0
17
(2, 2, 2)
1
(50, 32)
-> Request 1
802
(1, 3, 1)
3
(67, 58)
-> Request 2
1102
(2, 1, 1)
1
(65, 20)
-> Request 3
1129
(2, 3, 1)
2
(5, 8)
--> Day : 3
-> Request 0
87
(3, 1, 1)
3
(49, 79)
-> Request 1
847
(3, 2, 1)
1
(8, 70)
-> Request 2
973
(1, 2, 2)
1
(69, 73)
-> Request 3
1176
(1, 1, 2)
3
(3, 61)
-> Request 4
1189
(4, 2, 1)
3
(44, 23)
-> Request 5
1306
(1, 3, 1)
2
(32, 48)
-> Request 6
1420
(4, 1, 2)
3
(79, 33)
--> Day : 4
-> Request 0
1386
(3, 1, 1)
1
(38, 65)
---> Week : 13
--> Day : 0
-> Request 0
283
(2, 3, 2)
3
(68, 18)
-> Request 1
643
(2, 1, 2)
3
(35, 19)
-> Request 2
1146
(1, 3, 2)
3
(31, 28)
--> Day : 1
-> Request 0
385
(4, 1, 1)
1
(65, 38)
-> Request 1
533
(4, 2, 1)
3
(28, 47)
-> Request 2
535
(4, 3, 2)
3
(4, 3)
-> Request 3
673
(4, 2, 1)
2
(44, 76)
-> Request 4
903
(4, 2, 1)
3
(45, 14)
-> Request 5
1256
(1, 3, 2)
2
(3, 24)
--> Day : 2
-> Request 0
339
(2, 3, 2)
1
(6, 29)
-> Request 1
386
(2, 1, 1)
3
(7, 28)
-> Request 2
866
(4, 2, 1)
3
(62, 27)
-> Request 3
1190
(4, 1, 1)
1
(61, 2)
--> Day : 3
-> Request 0
150
(4, 2, 1)
1
(63, 66)
-> Request 1
619
(3, 1, 2)
3
(31, 0)
-> Request 2
708
(4, 3, 2)
1
(78, 11)
-> Request 3
793
(2, 2, 2)
2
(32, 67)
-> Request 4
1287
(2, 2, 2)
3
(27, 14)
--> Day : 4
-> Request 0
446
(4, 3, 2)
2
(66, 45)
-> Request 1
1088
(4, 3, 1)
3
(57, 72)
-> Request 2
1311
(4, 3, 2)
2
(7, 65)
---> Week : 14
--> Day : 0
-> Request 0
467
(4, 1, 2)
3
(7, 30)
-> Request 1
933
(4, 2, 2)
2
(67, 57)
-> Request 2
1099
(2, 1, 1)
2
(78, 1)
-> Request 3
1179
(3, 2, 2)
3
(22, 14)
--> Day : 1
-> Request 0
826
(4, 1, 1)
3
(26, 25)
-> Request 1
852
(2, 1, 1)
2
(45, 46)
-> Request 2
1093
(1, 1, 2)
1
(73, 67)
--> Day : 2
-> Request 0
654
(4, 1, 1)
3
(14, 65)
-> Request 1
981
(3, 3, 2)
3
(69, 24)
-> Request 2
1386
(2, 2, 2)
2
(61, 35)
-> Request 3
1406
(3, 1, 2)
1
(31, 7)
--> Day : 3
-> Request 0
624
(1, 1, 2)
3
(42, 35)
-> Request 1
1164
(2, 3, 1)
1
(17, 49)
-> Request 2
1179
(2, 3, 2)
2
(55, 14)
--> Day : 4
-> Request 0
150
(1, 2, 2)
2
(36, 74)
-> Request 1
305
(3, 2, 1)
3
(74, 64)
-> Request 2
313
(1, 1, 2)
2
(58, 19)
-> Request 3
328
(2, 1, 1)
3
(38, 17)
-> Request 4
375
(2, 1, 2)
2
(50, 51)
-> Request 5
685
(2, 3, 1)
3
(38, 11)
-> Request 6
870
(1, 1, 2)
2
(51, 8)
-> Request 7
979
(2, 1, 1)
2
(1, 65)
-> Request 8
1327
(2, 2, 2)
3
(62, 77)
---> Week : 15
--> Day : 0
-> Request 0
214
(2, 2, 2)
1
(41, 35)
-> Request 1
214
(3, 3, 2)
3
(33, 18)
-> Request 2
365
(3, 2, 1)
2
(55, 1)
-> Request 3
525
(1, 3, 1)
3
(7, 49)
-> Request 4
1214
(1, 2, 2)
2
(39, 34)
--> Day : 1
-> Request 0
261
(2, 1, 2)
2
(5, 9)
-> Request 1
315
(4, 2, 1)
1
(33, 50)
-> Request 2
536
(4, 3, 2)
3
(15, 1)
-> Request 3
1205
(3, 1, 2)
3
(11, 25)
-> Request 4
1301
(2, 1, 2)
2
(18, 55)
--> Day : 2
-> Request 0
168
(4, 1, 2)
3
(56, 60)
-> Request 1
192
(3, 2, 1)
1
(74, 79)
-> Request 2
437
(1, 2, 1)
2
(9, 74)
-> Request 3
1421
(1, 3, 1)
3
(25, 1)
--> Day : 3
-> Request 0
350
(2, 2, 2)
3
(16, 37)
-> Request 1
494
(1, 2, 1)
3
(12, 75)
-> Request 2
728
(3, 3, 1)
2
(16, 38)
-> Request 3
1109
(1, 1, 2)
3
(69, 39)
-> Request 4
1168
(1, 1, 2)
2
(10, 50)
-> Request 5
1182
(3, 2, 2)
1
(14, 27)
-> Request 6
1213
(2, 1, 1)
3
(43, 38)
--> Day : 4
-> Request 0
99
(2, 3, 2)
1
(55, 4)
-> Request 1
406
(4, 1, 1)
3
(73, 46)
-> Request 2
800
(2, 2, 2)
1
(68, 47)
---> Week : 16
--> Day : 0
-> Request 0
360
(4, 3, 1)
1
(12, 30)
-> Request 1
656
(3, 3, 1)
1
(22, 53)
-> Request 2
1002
(1, 3, 2)
3
(32, 42)
-> Request 3
1228
(2, 3, 1)
3
(22, 44)
-> Request 4
1335
(3, 2, 1)
2
(21, 33)
--> Day : 1
-> Request 0
10
(2, 2, 2)
3
(4, 18)
-> Request 1
53
(1, 2, 1)
3
(55, 36)
-> Request 2
307
(4, 3, 2)
2
(55, 45)
-> Request 3
455
(4, 3, 1)
1
(57, 8)
-> Request 4
524
(4, 2, 2)
1
(64, 52)
-> Request 5
1111
(3, 1, 1)
3
(59, 44)
--> Day : 2
-> Request 0
467
(3, 3, 1)
2
(47, 38)
-> Request 1
543
(4, 1, 1)
1
(59, 45)
-> Request 2
875
(1, 3, 2)
3
(46, 35)
-> Request 3
1033
(2, 3, 2)
2
(15, 19)
--> Day : 3
-> Request 0
11
(1, 1, 1)
1
(28, 18)
-> Request 1
62
(4, 1, 2)
3
(63, 3)
-> Request 2
269
(2, 1, 2)
3
(21, 11)
-> Request 3
1163
(1, 2, 2)
2
(45, 27)
--> Day : 4
-> Request 0
602
(2, 1, 1)
2
(27, 43)
-> Request 1
971
(1, 3, 1)
1
(2, 4)
-> Request 2
1206
(4, 3, 1)
2
(47, 74)
-> Request 3
1359
(4, 1, 1)
3
(39, 20)
---> Week : 17
--> Day : 0
--> Day : 1
-> Request 0
14
(4, 2, 2)
2
(11, 63)
-> Request 1
136
(3, 3, 1)
2
(23, 63)
-> Request 2
358
(2, 3, 2)
2
(48, 55)
-> Request 3
913
(1, 1, 2)
3
(43, 1)
-> Request 4
1125
(1, 2, 2)
3
(3, 70)
-> Request 5
1305
(3, 2, 1)
2
(70, 34)
--> Day : 2
-> Request 0
350
(3, 2, 2)
3
(21, 29)
-> Request 1
864
(3, 1, 1)
2
(26, 62)
-> Request 2
1316
(4, 3, 2)
1
(51, 4)
--> Day : 3
-> Request 0
184
(1, 2, 1)
3
(14, 75)
-> Request 1
256
(1, 3, 2)
3
(62, 53)
-> Request 2
499
(4, 1, 2)
1
(48, 73)
-> Request 3
512
(2, 3, 1)
2
(3, 40)
-> Request 4
950
(3, 2, 2)
1
(62, 42)
--> Day : 4
-> Request 0
84
(1, 1, 1)
3
(70, 50)
-> Request 1
210
(2, 2, 2)
2
(65, 1)
-> Request 2
613
(2, 1, 2)
2
(62, 45)
-> Request 3
745
(1, 3, 2)
3
(51, 74)
-> Request 4
813
(4, 2, 2)
2
(58, 17)
-> Request 5
937
(3, 1, 1)
2
(67, 15)
---> Week : 18
--> Day : 0
-> Request 0
256
(1, 3, 2)
1
(20, 19)
-> Request 1
664
(1, 3, 1)
2
(18, 49)
-> Request 2
1416
(2, 2, 1)
3
(45, 67)
--> Day : 1
--> Day : 2
-> Request 0
659
(1, 2, 1)
3
(19, 21)
-> Request 1
690
(3, 1, 1)
1
(38, 37)
-> Request 2
717
(3, 2, 1)
2
(77, 6)
-> Request 3
1198
(4, 1, 2)
2
(7, 76)
-> Request 4
1412
(2, 1, 2)
1
(55, 72)
--> Day : 3
-> Request 0
79
(4, 2, 1)
2
(44, 64)
-> Request 1
397
(1, 2, 2)
3
(44, 39)
-> Request 2
779
(3, 3, 2)
3
(51, 13)
-> Request 3
1329
(1, 2, 2)
2
(10, 61)
-> Request 4
1422
(4, 2, 2)
2
(57, 40)
--> Day : 4
-> Request 0
70
(2, 3, 1)
3
(44, 71)
-> Request 1
1159
(3, 2, 1)
1
(13, 70)
-> Request 2
1360
(2, 2, 1)
2
(10, 43)
---> Week : 19
--> Day : 0
-> Request 0
209
(4, 2, 1)
3
(78, 72)
-> Request 1
336
(4, 3, 2)
1
(18, 72)
-> Request 2
867
(2, 2, 1)
1
(7, 52)
-> Request 3
874
(3, 3, 2)
2
(1, 37)
-> Request 4
983
(2, 3, 1)
2
(11, 61)
-> Request 5
991
(3, 3, 2)
1
(73, 32)
--> Day : 1
-> Request 0
834
(1, 2, 1)
2
(64, 21)
--> Day : 2
-> Request 0
417
(3, 2, 1)
3
(18, 17)
-> Request 1
494
(4, 1, 1)
2
(3, 33)
-> Request 2
1298
(4, 1, 2)
2
(55, 65)
--> Day : 3
-> Request 0
693
(4, 3, 2)
1
(7, 61)
-> Request 1
877
(4, 3, 2)
2
(24, 78)
-> Request 2
1231
(3, 3, 1)
1
(19, 28)
-> Request 3
1382
(1, 3, 1)
1
(30, 79)
-> Request 4
1419
(2, 1, 2)
3
(44, 4)
--> Day : 4
-> Request 0
147
(4, 1, 1)
3
(54, 3)
---> Week : 20
--> Day : 0
-> Request 0
741
(2, 1, 1)
3
(69, 0)
-> Request 1
825
(1, 3, 1)
3
(47, 1)
-> Request 2
835
(4, 1, 2)
1
(69, 27)
-> Request 3
886
(2, 1, 2)
1
(68, 17)
--> Day : 1
-> Request 0
472
(1, 3, 2)
3
(21, 48)
-> Request 1
711
(4, 3, 2)
1
(68, 27)
-> Request 2
1209
(1, 3, 1)
3
(22, 20)
--> Day : 2
-> Request 0
794
(3, 3, 2)
2
(1, 5)
-> Request 1
1249
(1, 2, 2)
3
(3, 27)
-> Request 2
1428
(4, 2, 2)
1
(17, 75)
--> Day : 3
-> Request 0
174
(1, 3, 1)
1
(2, 21)
-> Request 1
360
(1, 1, 1)
3
(23, 6)
-> Request 2
740
(2, 1, 2)
1
(59, 49)
--> Day : 4
-> Request 0
95
(3, 1, 1)
1
(77, 31)
-> Request 1
174
(4, 1, 1)
2
(52, 8)
-> Request 2
1218
(3, 2, 1)
3
(38, 64)
---> Week : 21
--> Day : 0
-> Request 0
24
(2, 1, 2)
1
(69, 70)
-> Request 1
693
(3, 3, 1)
3
(62, 28)
-> Request 2
964
(1, 2, 1)
1
(13, 50)
-> Request 3
1128
(3, 1, 1)
1
(18, 78)
-> Request 4
1360
(2, 2, 2)
3
(1, 26)
--> Day : 1
-> Request 0
247
(3, 3, 1)
3
(13, 24)
-> Request 1
608
(2, 2, 1)
2
(4, 26)
-> Request 2
761
(4, 1, 1)
3
(2, 18)
-> Request 3
1176
(3, 1, 1)
2
(77, 22)
-> Request 4
1354
(4, 1, 2)
1
(23, 79)
--> Day : 2
-> Request 0
333
(2, 2, 2)
1
(31, 22)
-> Request 1
368
(3, 3, 2)
3
(48, 5)
-> Request 2
746
(4, 2, 1)
1
(21, 8)
-> Request 3
1170
(4, 1, 1)
2
(17, 34)
--> Day : 3
-> Request 0
201
(1, 3, 1)
1
(16, 29)
-> Request 1
546
(4, 2, 1)
3
(59, 58)
-> Request 2
1046
(4, 2, 1)
2
(41, 8)
-> Request 3
1214
(1, 3, 2)
1
(73, 24)
--> Day : 4
-> Request 0
1121
(4, 1, 1)
1
(61, 1)
---> Week : 22
--> Day : 0
-> Request 0
76
(2, 1, 1)
2
(56, 17)
-> Request 1
448
(4, 2, 1)
3
(41, 20)
--> Day : 1
-> Request 0
675
(3, 2, 1)
3
(79, 4)
-> Request 1
701
(2, 2, 1)
2
(55, 7)
-> Request 2
1106
(3, 2, 1)
2
(3, 52)
-> Request 3
1167
(1, 2, 2)
2
(43, 10)
-> Request 4
1248
(4, 2, 2)
2
(10, 9)
--> Day : 2
-> Request 0
315
(4, 3, 1)
3
(58, 75)
-> Request 1
828
(1, 1, 1)
3
(4, 49)
-> Request 2
912
(4, 3, 2)
3
(19, 64)
-> Request 3
1207
(3, 2, 1)
3
(3, 49)
--> Day : 3
-> Request 0
332
(2, 3, 2)
2
(34, 4)
-> Request 1
765
(1, 2, 2)
1
(41, 64)
-> Request 2
872
(4, 3, 2)
3
(25, 8)
--> Day : 4
-> Request 0
118
(4, 1, 1)
1
(22, 51)
-> Request 1
474
(3, 1, 2)
3
(61, 49)
-> Request 2
516
(1, 3, 2)
1
(30, 4)
-> Request 3
633
(2, 1, 1)
2
(29, 2)
-> Request 4
703
(1, 2, 2)
2
(22, 36)
-> Request 5
717
(2, 1, 1)
2
(60, 16)
-> Request 6
1031
(4, 3, 2)
2
(50, 7)
-> Request 7
1419
(4, 3, 2)
3
(26, 22)
---> Week : 23
--> Day : 0
-> Request 0
906
(3, 2, 2)
2
(75, 28)
--> Day : 1
-> Request 0
1330
(3, 3, 1)
3
(75, 21)
-> Request 1
1435
(4, 2, 2)
2
(18, 32)
--> Day : 2
-> Request 0
339
(1, 2, 2)
2
(44, 19)
-> Request 1
349
(2, 3, 1)
1
(19, 28)
-> Request 2
652
(3, 2, 1)
1
(31, 54)
-> Request 3
1155
(2, 2, 2)
1
(40, 4)
--> Day : 3
-> Request 0
124
(4, 2, 2)
3
(19, 28)
-> Request 1
804
(2, 2, 2)
2
(73, 56)
-> Request 2
1169
(1, 1, 2)
1
(31, 25)
--> Day : 4
-> Request 0
571
(3, 1, 2)
2
(9, 34)
-> Request 1
620
(1, 3, 2)
2
(7, 68)
-> Request 2
1423
(4, 2, 2)
3
(66, 0)
-> Request 3
1429
(1, 2, 1)
1
(66, 58)
---> Week : 24
--> Day : 0
-> Request 0
491
(1, 3, 2)
3
(2, 15)
-> Request 1
648
(4, 1, 1)
2
(65, 21)
-> Request 2
763
(4, 1, 1)
2
(33, 49)
-> Request 3
974
(1, 1, 2)
2
(50, 4)
--> Day : 1
-> Request 0
388
(1, 1, 2)
3
(73, 21)
-> Request 1
606
(2, 2, 1)
1
(35, 50)
-> Request 2
848
(3, 3, 1)
3
(28, 50)
-> Request 3
961
(1, 3, 2)
1
(45, 9)
-> Request 4
1417
(1, 1, 2)
1
(22, 62)
--> Day : 2
-> Request 0
613
(1, 2, 2)
3
(77, 42)
-> Request 1
1269
(1, 3, 2)
2
(16, 72)
--> Day : 3
-> Request 0
114
(1, 1, 2)
2
(55, 3)
-> Request 1
530
(2, 3, 2)
2
(50, 19)
-> Request 2
675
(3, 1, 2)
1
(48, 75)
-> Request 3
875
(3, 2, 1)
2
(57, 17)
-> Request 4
971
(1, 1, 2)
1
(77, 44)
-> Request 5
1123
(4, 2, 2)
3
(49, 79)
--> Day : 4
-> Request 0
605
(2, 1, 1)
2
(53, 39)
-> Request 1
1314
(3, 3, 2)
1
(39, 0)
-> Request 2
1349
(3, 2, 1)
3
(25, 55)
-> Request 3
1382
(1, 1, 1)
1
(78, 77)
---> Week : 25
--> Day : 0
-> Request 0
193
(4, 2, 2)
2
(51, 3)
-> Request 1
316
(2, 2, 2)
3
(12, 24)
--> Day : 1
-> Request 0
474
(3, 1, 1)
2
(64, 44)
-> Request 1
540
(4, 3, 1)
1
(13, 5)
-> Request 2
1148
(1, 2, 1)
3
(32, 43)
-> Request 3
1154
(1, 2, 2)
2
(34, 61)
-> Request 4
1319
(2, 1, 2)
2
(14, 16)
-> Request 5
1364
(4, 2, 2)
1
(45, 70)
--> Day : 2
-> Request 0
908
(2, 2, 1)
3
(50, 57)
-> Request 1
990
(4, 1, 1)
3
(70, 70)
-> Request 2
1352
(4, 3, 1)
2
(17, 4)
--> Day : 3
-> Request 0
980
(2, 2, 2)
2
(33, 42)
--> Day : 4
-> Request 0
569
(2, 2, 2)
2
(67, 78)
-> Request 1
691
(3, 1, 2)
2
(68, 9)
-> Request 2
729
(4, 3, 1)
2
(71, 69)
-> Request 3
1054
(4, 3, 2)
1
(72, 69)
---> Week : 26
--> Day : 0
-> Request 0
6
(1, 1, 1)
3
(29, 4)
-> Request 1
515
(3, 2, 2)
1
(50, 51)
-> Request 2
1309
(4, 1, 2)
3
(22, 24)
--> Day : 1
-> Request 0
865
(1, 1, 2)
3
(30, 50)
--> Day : 2
-> Request 0
640
(1, 3, 2)
3
(28, 1)
-> Request 1
676
(1, 1, 2)
3
(27, 49)
-> Request 2
1272
(1, 2, 2)
1
(6, 40)
--> Day : 3
-> Request 0
1068
(4, 2, 2)
2
(37, 23)
--> Day : 4
-> Request 0
135
(4, 3, 2)
2
(76, 37)
-> Request 1
1105
(3, 3, 1)
1
(8, 25)
-> Request 2
1124
(3, 1, 1)
1
(4, 66)
-> Request 3
1298
(3, 3, 1)
1
(11, 31)
---> Week : 27
--> Day : 0
-> Request 0
1011
(1, 1, 1)
1
(8, 0)
-> Request 1
1017
(2, 2, 1)
2
(55, 32)
-> Request 2
1291
(2, 2, 1)
3
(55, 64)
--> Day : 1
-> Request 0
111
(1, 1, 2)
1
(59, 65)
-> Request 1
548
(2, 1, 1)
3
(53, 69)
-> Request 2
652
(4, 3, 1)
1
(33, 21)
-> Request 3
762
(4, 3, 2)
1
(68, 21)
-> Request 4
1068
(2, 1, 1)
1
(56, 39)
--> Day : 2
-> Request 0
68
(4, 2, 1)
1
(19, 40)
-> Request 1
83
(2, 1, 1)
2
(27, 57)
-> Request 2
113
(1, 1, 2)
1
(30, 75)
-> Request 3
238
(2, 3, 2)
3
(44, 18)
-> Request 4
492
(3, 2, 1)
3
(72, 36)
-> Request 5
944
(1, 1, 1)
2
(34, 48)
-> Request 6
954
(4, 3, 1)
1
(62, 36)
--> Day : 3
-> Request 0
1074
(3, 2, 2)
2
(74, 72)
-> Request 1
1226
(1, 1, 1)
2
(4, 39)
--> Day : 4
-> Request 0
123
(2, 1, 1)
1
(4, 44)
-> Request 1
1262
(3, 1, 1)
1
(54, 7)
-> Request 2
1293
(4, 3, 1)
2
(18, 50)
---> Week : 28
--> Day : 0
-> Request 0
141
(2, 3, 1)
3
(16, 50)
-> Request 1
759
(4, 2, 2)
1
(21, 22)
-> Request 2
871
(3, 1, 2)
1
(47, 49)
-> Request 3
998
(1, 2, 1)
3
(43, 72)
--> Day : 1
-> Request 0
63
(4, 2, 1)
2
(72, 1)
-> Request 1
454
(4, 3, 2)
3
(65, 40)
-> Request 2
571
(1, 1, 1)
3
(43, 35)
-> Request 3
915
(4, 1, 1)
1
(69, 34)
-> Request 4
1139
(1, 1, 2)
1
(7, 14)
-> Request 5
1162
(2, 1, 2)
2
(75, 17)
-> Request 6
1176
(1, 3, 2)
2
(30, 33)
-> Request 7
1275
(4, 1, 2)
3
(47, 63)
--> Day : 2
-> Request 0
213
(2, 2, 1)
1
(72, 19)
-> Request 1
264
(4, 1, 2)
3
(28, 3)
-> Request 2
462
(1, 3, 2)
2
(31, 34)
-> Request 3
935
(3, 2, 2)
3
(63, 53)
-> Request 4
1029
(1, 1, 1)
3
(2, 65)
-> Request 5
1036
(2, 1, 2)
2
(27, 13)
-> Request 6
1222
(4, 1, 1)
3
(16, 32)
--> Day : 3
-> Request 0
704
(1, 3, 1)
1
(17, 56)
-> Request 1
1100
(2, 1, 2)
2
(22, 7)
--> Day : 4
-> Request 0
33
(3, 2, 1)
2
(58, 72)
-> Request 1
229
(4, 1, 2)
2
(49, 50)
-> Request 2
1296
(2, 2, 1)
2
(57, 12)
---> Week : 29
--> Day : 0
-> Request 0
143
(1, 2, 2)
1
(68, 68)
-> Request 1
914
(2, 1, 2)
2
(52, 11)
--> Day : 1
-> Request 0
317
(1, 3, 2)
1
(34, 1)
-> Request 1
348
(1, 3, 1)
3
(33, 61)
-> Request 2
538
(2, 2, 1)
2
(15, 59)
-> Request 3
891
(3, 3, 1)
3
(21, 5)
--> Day : 2
-> Request 0
121
(4, 1, 2)
2
(56, 65)
-> Request 1
236
(3, 2, 1)
1
(58, 69)
--> Day : 3
-> Request 0
568
(3, 1, 1)
2
(65, 10)
-> Request 1
1145
(1, 2, 1)
3
(20, 31)
--> Day : 4
-> Request 0
133
(2, 1, 2)
1
(37, 60)
-> Request 1
277
(4, 3, 2)
3
(25, 56)
---> Week : 30
--> Day : 0
-> Request 0
206
(3, 3, 1)
1
(28, 17)
-> Request 1
367
(4, 3, 1)
3
(23, 50)
-> Request 2
371
(3, 3, 1)
2
(4, 55)
-> Request 3
400
(2, 3, 2)
1
(24, 52)
--> Day : 1
-> Request 0
440
(4, 1, 1)
2
(60, 55)
-> Request 1
557
(4, 3, 1)
3
(62, 26)
--> Day : 2
-> Request 0
189
(2, 3, 2)
2
(39, 45)
-> Request 1
338
(2, 3, 1)
3
(52, 2)
-> Request 2
556
(2, 2, 2)
2
(50, 72)
-> Request 3
703
(4, 1, 2)
2
(74, 65)
-> Request 4
710
(4, 2, 2)
2
(9, 5)
-> Request 5
1362
(4, 2, 2)
1
(70, 22)
--> Day : 3
-> Request 0
324
(1, 2, 2)
2
(2, 62)
-> Request 1
451
(3, 1, 2)
3
(13, 63)
-> Request 2
599
(1, 2, 1)
1
(38, 8)
-> Request 3
774
(4, 3, 1)
3
(8, 25)
-> Request 4
1188
(1, 3, 1)
1
(53, 32)
--> Day : 4
-> Request 0
265
(1, 3, 2)
3
(0, 55)
-> Request 1
405
(3, 3, 1)
3
(69, 11)
---> Week : 31
--> Day : 0
-> Request 0
185
(2, 3, 1)
3
(45, 78)
-> Request 1
264
(3, 1, 1)
1
(62, 8)
-> Request 2
275
(3, 1, 1)
2
(65, 58)
-> Request 3
615
(2, 3, 2)
2
(56, 32)
-> Request 4
1055
(4, 1, 2)
2
(26, 60)
--> Day : 1
-> Request 0
875
(1, 2, 2)
1
(15, 45)
--> Day : 2
-> Request 0
528
(3, 2, 1)
1
(15, 77)
-> Request 1
1236
(4, 1, 2)
2
(25, 63)
-> Request 2
1362
(2, 3, 2)
3
(27, 39)
--> Day : 3
-> Request 0
8
(2, 3, 1)
1
(59, 9)
-> Request 1
252
(2, 2, 1)
3
(12, 10)
-> Request 2
662
(2, 2, 2)
2
(30, 18)
-> Request 3
1068
(4, 1, 2)
3
(43, 8)
--> Day : 4
-> Request 0
1042
(2, 1, 2)
3
(1, 16)
-> Request 1
1260
(1, 2, 1)
1
(31, 2)
-> Request 2
1421
(2, 2, 1)
1
(64, 33)
---> Week : 32
--> Day : 0
-> Request 0
37
(2, 3, 1)
2
(20, 12)
-> Request 1
413
(1, 1, 1)
1
(0, 5)
-> Request 2
559
(4, 1, 2)
1
(49, 78)
-> Request 3
1101
(2, 3, 2)
1
(35, 44)
-> Request 4
1422
(1, 2, 1)
3
(11, 34)
--> Day : 1
-> Request 0
331
(4, 1, 1)
1
(1, 36)
-> Request 1
512
(1, 2, 1)
1
(41, 49)
-> Request 2
668
(1, 1, 2)
1
(79, 49)
-> Request 3
752
(3, 2, 2)
3
(52, 59)
-> Request 4
805
(2, 3, 1)
2
(48, 17)
--> Day : 2
-> Request 0
1330
(1, 1, 1)
2
(13, 11)
-> Request 1
1366
(3, 3, 1)
1
(21, 59)
-> Request 2
1391
(4, 2, 1)
3
(31, 62)
--> Day : 3
-> Request 0
467
(3, 2, 2)
3
(21, 71)
-> Request 1
597
(2, 1, 1)
2
(8, 57)
-> Request 2
751
(2, 2, 1)
3
(26, 68)
-> Request 3
778
(4, 2, 1)
3
(29, 17)
-> Request 4
973
(1, 1, 2)
3
(64, 48)
-> Request 5
1041
(3, 2, 1)
1
(75, 49)
-> Request 6
1341
(2, 3, 2)
3
(23, 47)
-> Request 7
1401
(4, 3, 2)
3
(58, 60)
--> Day : 4
---> Week : 33
--> Day : 0
-> Request 0
1315
(2, 2, 2)
2
(37, 39)
--> Day : 1
-> Request 0
176
(1, 2, 1)
3
(1, 23)
-> Request 1
977
(3, 1, 1)
3
(75, 21)
--> Day : 2
-> Request 0
11
(4, 1, 1)
1
(50, 56)
-> Request 1
372
(1, 3, 1)
3
(79, 61)
-> Request 2
529
(3, 1, 1)
3
(52, 19)
-> Request 3
833
(1, 2, 1)
2
(32, 44)
-> Request 4
891
(3, 1, 1)
2
(68, 1)
-> Request 5
1055
(2, 2, 2)
2
(68, 74)
-> Request 6
1065
(1, 3, 2)
2
(54, 52)
-> Request 7
1133
(4, 3, 1)
1
(64, 51)
--> Day : 3
-> Request 0
367
(1, 1, 2)
3
(29, 15)
-> Request 1
397
(2, 1, 2)
1
(29, 57)
-> Request 2
473
(2, 1, 2)
1
(63, 35)
-> Request 3
983
(1, 3, 1)
2
(71, 73)
--> Day : 4
-> Request 0
632
(3, 3, 1)
2
(57, 66)
---> Week : 34
--> Day : 0
-> Request 0
413
(1, 3, 1)
2
(1, 49)
-> Request 1
847
(1, 2, 1)
1
(32, 25)
-> Request 2
1126
(3, 2, 2)
2
(54, 73)
--> Day : 1
-> Request 0
16
(3, 1, 1)
1
(73, 55)
-> Request 1
78
(4, 3, 2)
3
(29, 53)
-> Request 2
343
(1, 3, 1)
1
(52, 9)
-> Request 3
897
(4, 2, 2)
1
(34, 64)
-> Request 4
1144
(4, 1, 2)
1
(35, 28)
--> Day : 2
-> Request 0
753
(3, 3, 2)
1
(31, 59)
-> Request 1
796
(2, 2, 2)
2
(18, 76)
-> Request 2
796
(1, 3, 1)
2
(24, 38)
--> Day : 3
-> Request 0
747
(4, 2, 1)
1
(38, 17)
-> Request 1
764
(2, 1, 1)
3
(71, 62)
-> Request 2
861
(2, 3, 2)
1
(31, 13)
-> Request 3
1055
(1, 3, 1)
1
(78, 72)
-> Request 4
1296
(4, 2, 2)
3
(77, 27)
--> Day : 4
-> Request 0
50
(2, 1, 1)
1
(33, 50)
-> Request 1
133
(3, 2, 2)
3
(10, 15)
-> Request 2
343
(4, 3, 2)
3
(1, 24)
-> Request 3
464
(2, 2, 1)
1
(31, 27)
-> Request 4
1351
(2, 2, 1)
3
(3, 38)
---> Week : 35
--> Day : 0
-> Request 0
397
(1, 3, 1)
3
(7, 30)
-> Request 1
435
(4, 3, 2)
1
(48, 72)
-> Request 2
558
(3, 2, 2)
3
(61, 0)
-> Request 3
1186
(3, 3, 1)
2
(55, 36)
--> Day : 1
-> Request 0
274
(1, 1, 1)
1
(23, 24)
-> Request 1
759
(3, 3, 1)
3
(18, 2)
-> Request 2
827
(2, 2, 2)
3
(12, 9)
-> Request 3
1026
(3, 1, 2)
3
(69, 36)
-> Request 4
1141
(4, 2, 2)
2
(30, 57)
--> Day : 2
-> Request 0
252
(3, 1, 1)
1
(79, 11)
-> Request 1
1088
(4, 1, 1)
1
(49, 20)
-> Request 2
1223
(1, 3, 2)
1
(16, 36)
-> Request 3
1255
(1, 2, 2)
2
(79, 18)
--> Day : 3
-> Request 0
235
(3, 1, 1)
1
(13, 56)
-> Request 1
252
(3, 2, 1)
2
(21, 74)
-> Request 2
524
(2, 2, 1)
2
(0, 22)
-> Request 3
1005
(4, 2, 2)
2
(40, 5)
-> Request 4
1116
(2, 3, 2)
3
(31, 54)
-> Request 5
1120
(1, 1, 1)
3
(9, 6)
--> Day : 4
-> Request 0
14
(2, 2, 2)
2
(6, 71)
-> Request 1
624
(4, 3, 2)
1
(39, 32)
-> Request 2
809
(1, 3, 1)
2
(62, 44)
-> Request 3
873
(4, 2, 2)
2
(25, 33)
-> Request 4
1068
(1, 2, 1)
2
(17, 56)
---> Week : 36
--> Day : 0
-> Request 0
102
(1, 2, 2)
3
(48, 34)
-> Request 1
120
(4, 1, 2)
3
(38, 58)
-> Request 2
507
(4, 2, 1)
2
(73, 7)
--> Day : 1
-> Request 0
1054
(2, 3, 1)
2
(64, 59)
--> Day : 2
-> Request 0
94
(1, 1, 2)
1
(22, 50)
-> Request 1
735
(4, 1, 2)
2
(61, 71)
--> Day : 3
-> Request 0
241
(1, 2, 2)
2
(12, 35)
-> Request 1
425
(4, 3, 2)
1
(8, 19)
-> Request 2
472
(4, 1, 2)
1
(6, 62)
-> Request 3
859
(1, 3, 1)
3
(17, 69)
-> Request 4
896
(2, 2, 1)
2
(76, 39)
-> Request 5
970
(3, 2, 1)
2
(55, 61)
-> Request 6
1198
(4, 1, 1)
2
(8, 8)
-> Request 7
1263
(3, 2, 1)
3
(6, 48)
--> Day : 4
-> Request 0
39
(2, 2, 2)
3
(22, 41)
-> Request 1
71
(4, 1, 1)
1
(11, 63)
-> Request 2
676
(1, 1, 1)
1
(77, 24)
-> Request 3
1414
(2, 1, 2)
1
(52, 35)
---> Week : 37
--> Day : 0
-> Request 0
58
(4, 1, 1)
2
(73, 10)
-> Request 1
479
(4, 1, 1)
1
(55, 15)
-> Request 2
713
(1, 3, 2)
1
(44, 72)
-> Request 3
767
(4, 2, 1)
1
(15, 76)
-> Request 4
1116
(4, 2, 2)
2
(9, 33)
--> Day : 1
-> Request 0
293
(4, 3, 1)
2
(30, 38)
-> Request 1
917
(1, 2, 2)
3
(35, 67)
-> Request 2
965
(2, 3, 1)
1
(55, 49)
--> Day : 2
-> Request 0
471
(3, 2, 1)
2
(48, 19)
-> Request 1
474
(3, 1, 1)
3
(5, 64)
-> Request 2
1304
(2, 3, 2)
2
(61, 28)
--> Day : 3
-> Request 0
41
(1, 3, 1)
3
(26, 52)
-> Request 1
185
(1, 1, 1)
2
(9, 10)
-> Request 2
632
(2, 3, 2)
2
(65, 14)
--> Day : 4
-> Request 0
25
(3, 1, 2)
1
(58, 22)
-> Request 1
889
(3, 2, 2)
3
(11, 58)
-> Request 2
928
(3, 2, 1)
3
(10, 38)
---> Week : 38
--> Day : 0
-> Request 0
198
(2, 1, 2)
1
(37, 23)
-> Request 1
1021
(1, 1, 2)
1
(26, 35)
-> Request 2
1155
(2, 3, 1)
3
(54, 23)
-> Request 3
1155
(4, 3, 2)
3
(69, 69)
-> Request 4
1264
(4, 3, 1)
1
(16, 35)
-> Request 5
1269
(1, 3, 1)
1
(12, 18)
--> Day : 1
-> Request 0
385
(1, 1, 2)
3
(42, 12)
-> Request 1
386
(4, 1, 1)
2
(49, 38)
-> Request 2
433
(3, 1, 2)
2
(12, 47)
-> Request 3
677
(2, 1, 1)
3
(1, 13)
-> Request 4
1048
(3, 2, 1)
3
(27, 39)
--> Day : 2
-> Request 0
1048
(4, 3, 2)
3
(52, 74)
-> Request 1
1391
(1, 2, 2)
1
(60, 41)
--> Day : 3
-> Request 0
38
(4, 2, 1)
1
(64, 3)
-> Request 1
306
(4, 3, 1)
1
(69, 10)
-> Request 2
569
(4, 3, 2)
3
(69, 30)
-> Request 3
731
(2, 1, 2)
2
(55, 16)
-> Request 4
1092
(1, 1, 2)
2
(16, 8)
-> Request 5
1315
(2, 3, 2)
2
(56, 46)
--> Day : 4
-> Request 0
855
(1, 2, 1)
2
(40, 76)
-> Request 1
923
(3, 3, 2)
3
(52, 52)
---> Week : 39
--> Day : 0
-> Request 0
73
(4, 1, 2)
3
(79, 5)
-> Request 1
140
(1, 1, 2)
2
(9, 12)
-> Request 2
731
(1, 3, 1)
2
(59, 3)
-> Request 3
884
(2, 3, 1)
3
(31, 18)
-> Request 4
1010
(2, 1, 2)
3
(15, 25)
-> Request 5
1054
(4, 2, 1)
3
(49, 43)
-> Request 6
1069
(3, 3, 1)
2
(16, 73)
-> Request 7
1077
(2, 2, 1)
1
(47, 33)
--> Day : 1
-> Request 0
80
(4, 3, 1)
2
(72, 1)
-> Request 1
1006
(3, 1, 2)
3
(9, 18)
-> Request 2
1047
(2, 3, 1)
2
(76, 38)
-> Request 3
1091
(3, 3, 2)
2
(23, 77)
-> Request 4
1233
(2, 1, 1)
1
(53, 69)
--> Day : 2
-> Request 0
900
(2, 2, 1)
2
(0, 59)
-> Request 1
1142
(3, 1, 1)
1
(13, 36)
--> Day : 3
-> Request 0
75
(1, 2, 1)
3
(25, 46)
-> Request 1
340
(3, 2, 2)
3
(20, 61)
-> Request 2
547
(4, 3, 1)
2
(49, 68)
-> Request 3
780
(4, 3, 1)
3
(14, 8)
-> Request 4
792
(1, 1, 1)
2
(59, 54)
-> Request 5
1087
(2, 2, 1)
1
(51, 0)
--> Day : 4
-> Request 0
603
(3, 3, 2)
3
(66, 17)
-> Request 1
876
(3, 3, 1)
2
(14, 66)
-> Request 2
1185
(2, 2, 1)
2
(3, 54)
-> Request 3
1373
(4, 3, 2)
1
(55, 4)
---> Week : 40
--> Day : 0
-> Request 0
326
(2, 2, 1)
1
(0, 30)
-> Request 1
419
(1, 1, 1)
3
(2, 71)
-> Request 2
785
(3, 3, 1)
3
(26, 37)
-> Request 3
821
(2, 3, 2)
3
(31, 63)
-> Request 4
1019
(4, 3, 2)
3
(57, 11)
--> Day : 1
-> Request 0
281
(3, 1, 1)
1
(4, 15)
-> Request 1
390
(1, 3, 2)
3
(67, 68)
-> Request 2
458
(3, 2, 1)
1
(12, 9)
-> Request 3
932
(2, 1, 2)
3
(70, 78)
--> Day : 2
-> Request 0
169
(1, 3, 1)
1
(64, 44)
-> Request 1
482
(3, 3, 1)
3
(70, 70)
-> Request 2
493
(1, 1, 1)
3
(78, 53)
--> Day : 3
-> Request 0
996
(1, 3, 2)
1
(0, 58)
--> Day : 4
-> Request 0
1364
(3, 1, 2)
1
(7, 21)
---> Week : 41
--> Day : 0
-> Request 0
435
(2, 1, 1)
3
(64, 0)
--> Day : 1
-> Request 0
286
(3, 2, 2)
1
(49, 54)
--> Day : 2
-> Request 0
286
(4, 1, 1)
2
(10, 47)
-> Request 1
329
(3, 3, 2)
3
(10, 42)
-> Request 2
422
(3, 3, 2)
3
(51, 65)
-> Request 3
570
(1, 2, 1)
2
(25, 11)
-> Request 4
919
(1, 2, 2)
2
(32, 3)
--> Day : 3
--> Day : 4
-> Request 0
6
(1, 1, 1)
1
(52, 74)
-> Request 1
77
(3, 1, 2)
1
(0, 22)
-> Request 2
657
(4, 2, 2)
2
(57, 63)
-> Request 3
659
(2, 2, 2)
3
(58, 40)
-> Request 4
837
(1, 2, 2)
3
(46, 32)
-> Request 5
954
(3, 3, 1)
2
(12, 12)
---> Week : 42
--> Day : 0
-> Request 0
139
(3, 2, 2)
3
(58, 30)
-> Request 1
701
(1, 2, 2)
3
(11, 33)
-> Request 2
953
(3, 2, 2)
1
(5, 13)
-> Request 3
1278
(3, 3, 2)
3
(76, 41)
-> Request 4
1405
(3, 3, 1)
3
(55, 57)
--> Day : 1
-> Request 0
306
(3, 2, 1)
1
(29, 43)
-> Request 1
829
(3, 3, 2)
3
(65, 54)
-> Request 2
842
(4, 1, 2)
2
(69, 34)
-> Request 3
963
(4, 3, 1)
3
(10, 39)
-> Request 4
1015
(3, 1, 1)
3
(15, 38)
-> Request 5
1017
(1, 3, 2)
2
(33, 66)
-> Request 6
1179
(3, 2, 2)
1
(56, 54)
--> Day : 2
-> Request 0
176
(3, 3, 2)
3
(22, 2)
-> Request 1
349
(1, 3, 1)
1
(63, 17)
-> Request 2
791
(4, 3, 1)
3
(30, 23)
-> Request 3
816
(3, 2, 2)
1
(47, 48)
-> Request 4
974
(1, 2, 1)
3
(14, 27)
--> Day : 3
-> Request 0
845
(2, 3, 2)
1
(1, 7)
-> Request 1
880
(2, 2, 2)
2
(29, 25)
-> Request 2
1439
(2, 2, 2)
2
(1, 69)
--> Day : 4
-> Request 0
421
(4, 1, 1)
1
(50, 74)
-> Request 1
983
(2, 3, 1)
2
(26, 36)
---> Week : 43
--> Day : 0
-> Request 0
685
(3, 3, 1)
1
(37, 4)
-> Request 1
1354
(3, 3, 2)
1
(68, 30)
-> Request 2
1438
(1, 2, 1)
2
(46, 17)
--> Day : 1
-> Request 0
883
(3, 3, 2)
3
(41, 5)
-> Request 1
1120
(4, 1, 2)
3
(28, 62)
--> Day : 2
-> Request 0
609
(3, 1, 2)
3
(64, 63)
-> Request 1
1042
(1, 3, 2)
2
(19, 39)
-> Request 2
1147
(2, 3, 1)
3
(65, 71)
--> Day : 3
-> Request 0
118
(4, 1, 2)
1
(30, 73)
-> Request 1
200
(3, 2, 2)
2
(37, 35)
-> Request 2
266
(3, 1, 1)
1
(47, 23)
-> Request 3
671
(4, 3, 1)
3
(28, 5)
-> Request 4
688
(4, 2, 2)
2
(15, 30)
-> Request 5
725
(4, 2, 2)
2
(11, 18)
-> Request 6
1064
(1, 1, 2)
3
(12, 73)
--> Day : 4
-> Request 0
459
(3, 1, 1)
3
(23, 50)
-> Request 1
881
(1, 3, 1)
3
(61, 9)
---> Week : 44
--> Day : 0
-> Request 0
1080
(3, 1, 1)
1
(51, 47)
-> Request 1
1207
(3, 1, 2)
3
(71, 72)
--> Day : 1
-> Request 0
807
(4, 3, 2)
2
(3, 59)
--> Day : 2
-> Request 0
622
(2, 1, 1)
1
(26, 19)
--> Day : 3
-> Request 0
1089
(2, 1, 1)
1
(52, 29)
-> Request 1
1152
(3, 3, 2)
2
(16, 72)
-> Request 2
1277
(3, 1, 2)
2
(29, 38)
--> Day : 4
-> Request 0
756
(1, 2, 1)
1
(0, 34)
-> Request 1
769
(2, 1, 1)
1
(58, 44)
-> Request 2
1213
(2, 1, 2)
3
(16, 43)
---> Week : 45
--> Day : 0
-> Request 0
359
(3, 3, 2)
2
(66, 51)
--> Day : 1
-> Request 0
254
(2, 3, 2)
2
(43, 43)
-> Request 1
406
(3, 1, 2)
1
(40, 26)
--> Day : 2
-> Request 0
781
(3, 2, 1)
2
(62, 67)
-> Request 1
1157
(2, 2, 2)
1
(30, 59)
--> Day : 3
-> Request 0
427
(1, 1, 2)
1
(5, 67)
-> Request 1
535
(1, 3, 1)
3
(73, 55)
-> Request 2
578
(4, 1, 2)
2
(29, 68)
-> Request 3
856
(4, 2, 1)
2
(34, 31)
-> Request 4
1092
(1, 2, 2)
1
(22, 4)
--> Day : 4
-> Request 0
161
(1, 2, 2)
1
(67, 67)
-> Request 1
321
(3, 2, 2)
3
(0, 38)
-> Request 2
459
(2, 2, 1)
1
(6, 16)
-> Request 3
654
(4, 2, 1)
2
(73, 7)
-> Request 4
1117
(1, 1, 1)
2
(72, 23)
---> Week : 46
--> Day : 0
-> Request 0
944
(1, 3, 2)
2
(55, 45)
-> Request 1
1428
(2, 2, 1)
3
(64, 51)
--> Day : 1
-> Request 0
72
(4, 3, 1)
1
(11, 59)
-> Request 1
188
(1, 3, 1)
1
(0, 3)
-> Request 2
548
(4, 3, 1)
2
(36, 32)
-> Request 3
953
(2, 1, 2)
3
(53, 68)
-> Request 4
1171
(3, 1, 1)
1
(21, 16)
--> Day : 2
-> Request 0
1383
(4, 2, 1)
1
(75, 12)
--> Day : 3
-> Request 0
1008
(3, 3, 2)
2
(62, 54)
--> Day : 4
-> Request 0
165
(3, 3, 1)
2
(5, 76)
-> Request 1
184
(4, 1, 2)
2
(8, 65)
-> Request 2
504
(4, 1, 2)
3
(74, 12)
-> Request 3
661
(1, 2, 1)
3
(20, 19)
-> Request 4
927
(4, 1, 2)
2
(46, 19)
-> Request 5
1219
(4, 2, 2)
3
(21, 1)
---> Week : 47
--> Day : 0
-> Request 0
139
(4, 2, 2)
2
(43, 35)
-> Request 1
275
(1, 3, 1)
2
(41, 3)
-> Request 2
404
(3, 1, 2)
1
(45, 6)
-> Request 3
537
(1, 1, 2)
3
(19, 45)
-> Request 4
721
(4, 2, 2)
1
(74, 19)
-> Request 5
768
(1, 2, 1)
2
(24, 61)
-> Request 6
1018
(3, 2, 2)
3
(7, 79)
-> Request 7
1164
(3, 3, 1)
1
(52, 25)
-> Request 8
1212
(4, 2, 2)
3
(69, 49)
-> Request 9
1277
(3, 3, 2)
2
(11, 44)
-> Request 10
1280
(1, 2, 1)
2
(72, 26)
--> Day : 1
-> Request 0
27
(3, 3, 2)
3
(17, 34)
-> Request 1
80
(1, 1, 1)
2
(54, 38)
-> Request 2
407
(2, 3, 1)
1
(19, 1)
-> Request 3
457
(1, 2, 2)
2
(42, 75)
-> Request 4
897
(3, 1, 2)
3
(34, 52)
-> Request 5
986
(2, 2, 1)
1
(39, 38)
--> Day : 2
-> Request 0
434
(4, 1, 1)
2
(56, 19)
-> Request 1
456
(4, 2, 1)
3
(22, 7)
-> Request 2
511
(4, 3, 2)
2
(46, 56)
-> Request 3
694
(1, 1, 2)
2
(21, 42)
-> Request 4
903
(1, 3, 1)
1
(14, 59)
-> Request 5
959
(2, 1, 2)
2
(35, 57)
--> Day : 3
-> Request 0
386
(4, 2, 2)
1
(75, 43)
-> Request 1
641
(1, 3, 2)
2
(34, 30)
-> Request 2
1113
(1, 3, 1)
1
(41, 59)
-> Request 3
1187
(2, 2, 2)
3
(72, 16)
--> Day : 4
-> Request 0
248
(3, 3, 2)
3
(22, 36)
-> Request 1
489
(2, 1, 1)
3
(77, 72)
-> Request 2
1176
(2, 2, 1)
1
(8, 33)
---> Week : 48
--> Day : 0
-> Request 0
380
(4, 3, 1)
2
(4, 24)
-> Request 1
783
(1, 3, 2)
1
(61, 13)
-> Request 2
1059
(3, 1, 1)
3
(66, 16)
-> Request 3
1160
(4, 3, 1)
3
(49, 57)
--> Day : 1
-> Request 0
1112
(3, 2, 1)
3
(5, 62)
-> Request 1
1122
(2, 1, 2)
1
(13, 6)
-> Request 2
1310
(2, 1, 2)
3
(7, 21)
--> Day : 2
-> Request 0
381
(1, 3, 2)
2
(13, 27)
-> Request 1
452
(1, 3, 2)
1
(34, 48)
-> Request 2
980
(2, 1, 1)
2
(42, 15)
-> Request 3
1042
(3, 3, 2)
2
(59, 12)
-> Request 4
1161
(3, 1, 1)
3
(74, 74)
--> Day : 3
-> Request 0
602
(4, 3, 1)
2
(75, 77)
-> Request 1
617
(3, 2, 2)
2
(13, 9)
-> Request 2
1004
(4, 1, 2)
1
(21, 67)
-> Request 3
1056
(3, 1, 1)
3
(13, 47)
-> Request 4
1131
(4, 3, 2)
2
(23, 72)
--> Day : 4
-> Request 0
182
(1, 3, 2)
1
(27, 2)
-> Request 1
759
(3, 1, 1)
1
(20, 47)
-> Request 2
828
(3, 1, 2)
3
(32, 51)
---> Week : 49
--> Day : 0
-> Request 0
210
(1, 2, 2)
3
(69, 24)
-> Request 1
499
(4, 2, 1)
1
(60, 38)
-> Request 2
1210
(3, 3, 2)
3
(26, 43)
--> Day : 1
-> Request 0
704
(2, 2, 2)
1
(54, 55)
-> Request 1
870
(1, 1, 1)
3
(31, 71)
-> Request 2
938
(3, 1, 2)
2
(15, 45)
-> Request 3
977
(3, 2, 1)
1
(31, 8)
-> Request 4
1190
(3, 1, 1)
2
(29, 18)
--> Day : 2
-> Request 0
97
(3, 1, 2)
1
(27, 79)
-> Request 1
335
(3, 1, 2)
2
(5, 55)
-> Request 2
339
(3, 3, 2)
2
(21, 24)
-> Request 3
1180
(2, 1, 2)
2
(6, 3)
-> Request 4
1238
(3, 1, 1)
1
(61, 69)
--> Day : 3
-> Request 0
260
(4, 2, 1)
1
(32, 24)
-> Request 1
1131
(2, 1, 1)
3
(15, 6)
--> Day : 4
-> Request 0
145
(3, 3, 1)
2
(69, 57)
-> Request 1
508
(3, 1, 1)
1
(57, 57)
-> Request 2
576
(3, 2, 2)
1
(26, 22)
-> Request 3
1016
(4, 2, 2)
2
(56, 9)
-> Request 4
1355
(1, 3, 2)
1
(40, 77)
-> Request 5
1414
(2, 1, 1)
1
(52, 79)
---> Week : 50
--> Day : 0
-> Request 0
252
(2, 2, 2)
2
(28, 55)
-> Request 1
492
(4, 2, 2)
3
(72, 8)
-> Request 2
973
(3, 1, 2)
1
(1, 10)
-> Request 3
1201
(2, 2, 1)
3
(18, 63)
--> Day : 1
-> Request 0
154
(2, 1, 2)
2
(62, 60)
-> Request 1
437
(3, 1, 2)
1
(21, 57)
-> Request 2
502
(2, 1, 2)
2
(43, 28)
-> Request 3
545
(2, 3, 2)
2
(60, 18)
-> Request 4
749
(2, 3, 1)
1
(53, 14)
-> Request 5
867
(2, 2, 2)
3
(18, 71)
-> Request 6
1188
(1, 2, 2)
2
(46, 3)
-> Request 7
1304
(2, 2, 1)
3
(33, 53)
-> Request 8
1372
(2, 2, 1)
3
(14, 12)
--> Day : 2
-> Request 0
31
(4, 1, 2)
1
(22, 68)
-> Request 1
105
(4, 2, 2)
1
(41, 22)
-> Request 2
664
(2, 1, 1)
2
(76, 64)
-> Request 3
831
(2, 3, 2)
1
(29, 52)
-> Request 4
846
(1, 1, 1)
1
(74, 27)
-> Request 5
1054
(3, 1, 2)
1
(30, 1)
-> Request 6
1206
(3, 2, 1)
1
(33, 29)
-> Request 7
1252
(1, 3, 2)
3
(48, 27)
-> Request 8
1371
(1, 1, 2)
3
(67, 2)
--> Day : 3
-> Request 0
44
(4, 2, 2)
2
(52, 76)
-> Request 1
324
(2, 2, 1)
2
(64, 51)
-> Request 2
1095
(3, 3, 1)
1
(24, 40)
--> Day : 4
-> Request 0
418
(1, 2, 2)
2
(43, 27)
-> Request 1
958
(3, 2, 2)
1
(49, 29)
-> Request 2
1179
(3, 1, 1)
3
(65, 37)
---> Week : 51
--> Day : 0
-> Request 0
262
(2, 3, 1)
3
(77, 14)
-> Request 1
779
(4, 3, 1)
2
(66, 37)
-> Request 2
965
(3, 1, 1)
3
(76, 22)
--> Day : 1
-> Request 0
576
(2, 2, 2)
2
(35, 28)
-> Request 1
790
(4, 3, 2)
3
(79, 37)
-> Request 2
853
(2, 2, 1)
1
(9, 27)
-> Request 3
970
(2, 2, 1)
3
(76, 12)
-> Request 4
1023
(3, 3, 1)
1
(32, 58)
-> Request 5
1038
(2, 1, 1)
2
(8, 63)
-> Request 6
1377
(3, 2, 2)
3
(33, 49)
--> Day : 2
-> Request 0
25
(4, 1, 2)
1
(41, 27)
-> Request 1
89
(2, 2, 2)
1
(11, 32)
-> Request 2
410
(4, 3, 2)
1
(61, 68)
-> Request 3
437
(1, 1, 2)
1
(74, 48)
--> Day : 3
-> Request 0
4
(3, 2, 1)
1
(18, 18)
-> Request 1
413
(2, 1, 1)
3
(39, 23)
-> Request 2
679
(2, 2, 1)
1
(69, 74)
-> Request 3
701
(4, 3, 2)
3
(27, 39)
-> Request 4
856
(3, 3, 1)
1
(6, 46)
-> Request 5
908
(3, 2, 2)
2
(3, 57)
-> Request 6
1380
(3, 3, 2)
1
(16, 30)
--> Day : 4
-> Request 0
624
(3, 1, 1)
3
(18, 17)
-> Request 1
706
(1, 3, 2)
2
(55, 22)
-> Request 2
713
(4, 3, 1)
2
(54, 75)
-> Request 3
896
(3, 2, 1)
1
(58, 76)
-> Request 4
1007
(4, 1, 1)
2
(44, 7)
-> Request 5
1243
(1, 3, 2)
3
(74, 64)
-> Request 6
1353
(1, 3, 2)
2
(50, 7)
---> Week : 52
--> Day : 0
-> Request 0
552
(4, 3, 2)
1
(17, 37)
-> Request 1
585
(1, 3, 1)
1
(66, 60)
-> Request 2
758
(1, 3, 1)
3
(14, 61)
-> Request 3
1098
(2, 1, 2)
3
(28, 40)
--> Day : 1
-> Request 0
10
(4, 3, 2)
3
(55, 11)
-> Request 1
28
(4, 3, 2)
2
(8, 44)
-> Request 2
556
(4, 3, 1)
3
(35, 70)
--> Day : 2
-> Request 0
618
(3, 2, 1)
3
(58, 25)
-> Request 1
1049
(2, 2, 2)
3
(30, 37)
-> Request 2
1351
(4, 1, 2)
3
(5, 55)
-> Request 3
1366
(2, 3, 2)
2
(54, 51)
--> Day : 3
-> Request 0
59
(2, 3, 1)
1
(75, 23)
-> Request 1
455
(1, 2, 1)
2
(37, 24)
--> Day : 4
-> Request 0
302
(4, 2, 2)
1
(0, 35)
-> Request 1
519
(2, 3, 1)
3
(69, 9)
-> Request 2
731
(3, 1, 1)
2
(13, 43)
-> Request 3
773
(4, 1, 1)
3
(23, 50)
-> Request 4
919
(2, 1, 1)
1
(36, 56)
-> Request 5
950
(2, 2, 2)
2
(68, 26)
---> Week : 53
--> Day : 0
-> Request 0
368
(2, 2, 2)
2
(74, 34)
-> Request 1
1007
(1, 1, 2)
1
(70, 47)
-> Request 2
1091
(4, 1, 1)
3
(34, 54)
--> Day : 1
-> Request 0
163
(2, 2, 1)
3
(24, 7)
-> Request 1
668
(4, 3, 1)
2
(78, 72)
-> Request 2
1089
(1, 2, 2)
2
(16, 74)
-> Request 3
1237
(2, 2, 2)
1
(74, 35)
--> Day : 2
-> Request 0
782
(2, 2, 1)
3
(27, 17)
--> Day : 3
-> Request 0
291
(2, 2, 2)
3
(19, 48)
-> Request 1
724
(1, 1, 2)
3
(45, 62)
-> Request 2
1267
(4, 1, 1)
3
(77, 11)
--> Day : 4
-> Request 0
203
(4, 2, 2)
2
(24, 67)
-> Request 1
484
(4, 1, 2)
2
(79, 45)
-> Request 2
694
(1, 3, 1)
3
(3, 51)
---> Week : 54
--> Day : 0
-> Request 0
805
(1, 3, 2)
2
(12, 15)
-> Request 1
1160
(3, 3, 1)
2
(39, 76)
-> Request 2
1430
(3, 3, 2)
3
(17, 5)
--> Day : 1
-> Request 0
70
(1, 1, 2)
2
(56, 32)
-> Request 1
600
(2, 3, 1)
2
(71, 9)
-> Request 2
1226
(3, 2, 1)
1
(30, 34)
--> Day : 2
-> Request 0
122
(2, 2, 2)
2
(48, 0)
-> Request 1
339
(4, 1, 1)
2
(3, 61)
-> Request 2
425
(1, 2, 1)
3
(18, 47)
-> Request 3
1020
(2, 2, 2)
1
(21, 11)
-> Request 4
1168
(2, 2, 2)
1
(12, 53)
--> Day : 3
-> Request 0
133
(2, 2, 1)
3
(14, 11)
-> Request 1
182
(1, 3, 1)
1
(17, 51)
-> Request 2
475
(4, 1, 1)
1
(77, 74)
-> Request 3
1036
(4, 3, 1)
3
(50, 13)
-> Request 4
1259
(2, 2, 2)
2
(25, 71)
-> Request 5
1418
(2, 1, 2)
3
(62, 56)
--> Day : 4
-> Request 0
62
(1, 1, 1)
3
(46, 36)
-> Request 1
476
(1, 2, 1)
2
(59, 2)
-> Request 2
1116
(4, 2, 2)
3
(7, 8)
-> Request 3
1401
(2, 3, 1)
1
(21, 0)
---> Week : 55
--> Day : 0
-> Request 0
692
(2, 2, 1)
2
(51, 34)
-> Request 1
797
(4, 3, 1)
2
(65, 11)
-> Request 2
928
(1, 2, 1)
3
(13, 24)
-> Request 3
1150
(2, 2, 2)
2
(6, 64)
--> Day : 1
--> Day : 2
-> Request 0
11
(3, 3, 1)
3
(41, 32)
-> Request 1
121
(2, 1, 1)
2
(75, 73)
-> Request 2
413
(3, 1, 2)
3
(15, 28)
-> Request 3
525
(4, 1, 1)
2
(35, 59)
-> Request 4
544
(2, 1, 1)
3
(51, 74)
--> Day : 3
-> Request 0
338
(3, 1, 1)
3
(77, 46)
-> Request 1
404
(4, 2, 1)
1
(30, 26)
-> Request 2
1095
(4, 1, 1)
2
(73, 4)
--> Day : 4
-> Request 0
449
(4, 2, 1)
3
(40, 31)
---> Week : 56
--> Day : 0
-> Request 0
144
(3, 1, 1)
3
(1, 34)
-> Request 1
424
(1, 1, 1)
1
(73, 23)
-> Request 2
480
(3, 1, 1)
1
(35, 0)
-> Request 3
1084
(2, 2, 2)
1
(58, 58)
--> Day : 1
-> Request 0
482
(1, 3, 1)
1
(54, 69)
--> Day : 2
-> Request 0
386
(3, 1, 1)
1
(27, 11)
-> Request 1
769
(2, 3, 2)
3
(40, 43)
-> Request 2
780
(2, 3, 2)
2
(54, 51)
--> Day : 3
-> Request 0
206
(2, 3, 1)
2
(75, 70)
-> Request 1
504
(4, 2, 2)
3
(7, 29)
-> Request 2
1362
(3, 2, 1)
3
(68, 41)
--> Day : 4
-> Request 0
166
(3, 3, 2)
1
(7, 63)
-> Request 1
396
(2, 2, 1)
1
(75, 16)
-> Request 2
435
(2, 1, 1)
2
(34, 4)
-> Request 3
576
(3, 1, 1)
1
(49, 14)
-> Request 4
890
(4, 2, 2)
1
(18, 38)
-> Request 5
1162
(2, 1, 1)
3
(14, 74)
---> Week : 57
--> Day : 0
-> Request 0
14
(3, 1, 2)
2
(34, 32)
-> Request 1
886
(2, 3, 2)
2
(47, 75)
--> Day : 1
-> Request 0
41
(2, 3, 2)
2
(55, 53)
-> Request 1
1262
(1, 3, 2)
1
(15, 34)
--> Day : 2
-> Request 0
587
(2, 1, 2)
3
(79, 38)
-> Request 1
1253
(3, 3, 2)
2
(46, 22)
-> Request 2
1340
(3, 3, 2)
2
(7, 17)
--> Day : 3
-> Request 0
642
(1, 1, 1)
2
(37, 70)
--> Day : 4
-> Request 0
1172
(1, 1, 1)
3
(60, 72)
-> Request 1
1385
(2, 2, 1)
2
(11, 29)
---> Week : 58
--> Day : 0
-> Request 0
767
(3, 2, 2)
3
(30, 51)
-> Request 1
1183
(2, 2, 1)
3
(25, 7)
-> Request 2
1331
(4, 1, 1)
1
(62, 23)
--> Day : 1
-> Request 0
325
(3, 2, 1)
2
(12, 27)
-> Request 1
1123
(1, 2, 1)
3
(41, 63)
-> Request 2
1195
(1, 3, 1)
2
(51, 39)
-> Request 3
1363
(3, 3, 2)
3
(4, 21)
--> Day : 2
-> Request 0
368
(1, 2, 1)
1
(10, 2)
-> Request 1
833
(3, 1, 1)
2
(1, 36)
-> Request 2
1229
(4, 2, 1)
2
(10, 30)
-> Request 3
1242
(3, 2, 1)
2
(9, 79)
-> Request 4
1413
(2, 3, 1)
2
(44, 7)
--> Day : 3
-> Request 0
419
(3, 2, 1)
3
(2, 73)
-> Request 1
593
(1, 2, 1)
2
(79, 61)
-> Request 2
1226
(3, 1, 1)
2
(16, 41)
-> Request 3
1316
(1, 1, 2)
3
(69, 49)
--> Day : 4
-> Request 0
13
(3, 1, 1)
1
(32, 12)
-> Request 1
257
(1, 3, 1)
3
(67, 43)
-> Request 2
1435
(3, 1, 1)
1
(2, 45)
---> Week : 59
--> Day : 0
-> Request 0
68
(4, 1, 2)
2
(10, 11)
--> Day : 1
-> Request 0
558
(1, 2, 2)
2
(61, 52)
-> Request 1
850
(2, 1, 2)
1
(64, 27)
--> Day : 2
-> Request 0
34
(3, 2, 2)
2
(4, 21)
-> Request 1
530
(3, 2, 1)
2
(3, 1)
-> Request 2
859
(4, 2, 1)
2
(0, 69)
--> Day : 3
-> Request 0
124
(4, 2, 2)
3
(12, 79)
-> Request 1
454
(4, 2, 2)
2
(75, 55)
-> Request 2
499
(3, 3, 2)
3
(32, 61)
--> Day : 4
-> Request 0
368
(3, 1, 2)
2
(65, 46)
-> Request 1
524
(1, 1, 1)
3
(73, 72)
-> Request 2
1012
(1, 1, 1)
3
(59, 25)
---> Week : 60
--> Day : 0
-> Request 0
626
(2, 2, 1)
2
(31, 55)
-> Request 1
924
(3, 3, 1)
2
(32, 56)
-> Request 2
938
(1, 1, 1)
1
(1, 49)
--> Day : 1
-> Request 0
224
(2, 2, 1)
1
(25, 63)
-> Request 1
570
(4, 1, 1)
3
(34, 3)
-> Request 2
1264
(3, 3, 1)
2
(49, 71)
--> Day : 2
--> Day : 3
-> Request 0
322
(3, 3, 1)
1
(30, 6)
-> Request 1
604
(3, 2, 1)
3
(6, 22)
-> Request 2
608
(1, 1, 2)
3
(48, 6)
-> Request 3
627
(4, 3, 1)
3
(22, 24)
-> Request 4
695
(4, 2, 2)
3
(41, 26)
--> Day : 4
-> Request 0
178
(3, 2, 1)
3
(38, 39)
-> Request 1
796
(3, 3, 1)
3
(69, 65)
-> Request 2
1066
(2, 3, 2)
1
(40, 54)
-> Request 3
1094
(2, 3, 1)
1
(65, 14)
-> Request 4
1312
(1, 1, 1)
3
(45, 3)
---> Week : 61
--> Day : 0
-> Request 0
284
(4, 2, 2)
2
(72, 0)
-> Request 1
616
(1, 1, 2)
3
(19, 9)
-> Request 2
896
(4, 3, 1)
1
(60, 38)
-> Request 3
920
(1, 3, 1)
1
(79, 15)
--> Day : 1
-> Request 0
988
(2, 2, 1)
3
(5, 79)
-> Request 1
1084
(4, 2, 1)
1
(39, 18)
-> Request 2
1095
(3, 3, 2)
1
(26, 49)
-> Request 3
1258
(4, 1, 2)
1
(55, 44)
-> Request 4
1390
(2, 3, 1)
3
(22, 26)
--> Day : 2
-> Request 0
469
(4, 2, 1)
3
(31, 67)
-> Request 1
586
(4, 1, 1)
2
(71, 72)
-> Request 2
811
(2, 2, 2)
1
(61, 2)
-> Request 3
862
(3, 1, 1)
1
(69, 53)
-> Request 4
1030
(4, 1, 2)
2
(24, 7)
-> Request 5
1264
(3, 3, 2)
3
(43, 47)
-> Request 6
1302
(3, 2, 2)
3
(57, 43)
--> Day : 3
-> Request 0
224
(3, 2, 2)
1
(36, 5)
-> Request 1
227
(2, 2, 1)
2
(1, 78)
-> Request 2
457
(1, 3, 2)
2
(9, 34)
-> Request 3
522
(1, 3, 1)
1
(36, 2)
-> Request 4
672
(2, 2, 1)
2
(2, 76)
-> Request 5
687
(2, 3, 1)
1
(27, 49)
-> Request 6
1034
(2, 1, 2)
3
(18, 69)
-> Request 7
1127
(4, 3, 2)
1
(9, 50)
-> Request 8
1132
(3, 1, 1)
2
(74, 3)
-> Request 9
1305
(2, 1, 1)
1
(58, 8)
--> Day : 4
-> Request 0
282
(2, 2, 2)
1
(9, 13)
-> Request 1
358
(3, 3, 1)
2
(24, 69)
-> Request 2
458
(1, 2, 1)
3
(44, 38)
-> Request 3
573
(3, 3, 1)
2
(70, 55)
-> Request 4
604
(2, 2, 1)
1
(1, 39)
-> Request 5
694
(3, 2, 1)
1
(8, 48)
-> Request 6
738
(1, 3, 1)
2
(44, 66)
-> Request 7
1256
(4, 3, 2)
1
(77, 70)
---> Week : 62
--> Day : 0
-> Request 0
288
(4, 2, 1)
2
(6, 17)
-> Request 1
487
(3, 3, 1)
3
(47, 73)
-> Request 2
706
(3, 2, 1)
2
(11, 3)
-> Request 3
755
(3, 3, 1)
3
(37, 28)
-> Request 4
984
(3, 3, 2)
2
(42, 73)
-> Request 5
1231
(1, 3, 1)
3
(68, 63)
-> Request 6
1357
(3, 2, 1)
3
(35, 65)
--> Day : 1
-> Request 0
452
(2, 1, 1)
1
(14, 25)
-> Request 1
748
(4, 1, 1)
1
(61, 70)
-> Request 2
1175
(3, 3, 1)
1
(51, 63)
--> Day : 2
-> Request 0
510
(1, 3, 2)
2
(24, 57)
-> Request 1
596
(2, 1, 1)
1
(8, 5)
-> Request 2
619
(4, 3, 1)
2
(46, 54)
-> Request 3
696
(3, 2, 1)
3
(25, 44)
-> Request 4
731
(2, 2, 2)
3
(67, 70)
-> Request 5
1434
(4, 1, 2)
1
(54, 57)
--> Day : 3
-> Request 0
331
(1, 2, 2)
2
(45, 13)
-> Request 1
482
(3, 1, 1)
1
(0, 42)
-> Request 2
580
(2, 1, 2)
2
(78, 55)
-> Request 3
1183
(3, 1, 1)
2
(6, 34)
--> Day : 4
-> Request 0
309
(2, 2, 1)
2
(48, 11)
-> Request 1
413
(2, 1, 2)
1
(65, 40)
-> Request 2
1089
(2, 3, 1)
1
(44, 74)
-> Request 3
1329
(2, 2, 1)
3
(4, 68)
---> Week : 63
--> Day : 0
-> Request 0
151
(1, 1, 2)
3
(19, 53)
-> Request 1
332
(1, 2, 2)
3
(16, 17)
-> Request 2
882
(1, 2, 1)
1
(72, 4)
-> Request 3
988
(2, 2, 2)
2
(67, 13)
-> Request 4
1059
(2, 2, 2)
1
(64, 64)
-> Request 5
1275
(1, 2, 1)
2
(70, 12)
-> Request 6
1280
(3, 1, 2)
1
(45, 33)
--> Day : 1
-> Request 0
1175
(2, 3, 2)
2
(76, 7)
-> Request 1
1311
(4, 2, 2)
3
(19, 66)
--> Day : 2
-> Request 0
457
(3, 2, 2)
1
(41, 3)
-> Request 1
643
(1, 3, 2)
1
(7, 0)
-> Request 2
746
(1, 3, 2)
1
(68, 73)
-> Request 3
769
(4, 3, 2)
2
(59, 62)
-> Request 4
904
(3, 1, 1)
1
(38, 77)
-> Request 5
1421
(4, 1, 2)
1
(51, 7)
--> Day : 3
-> Request 0
812
(3, 1, 2)
2
(14, 49)
-> Request 1
1054
(2, 2, 1)
3
(37, 64)
-> Request 2
1201
(4, 2, 2)
3
(26, 52)
--> Day : 4
-> Request 0
925
(3, 3, 1)
1
(33, 45)
---> Week : 64
--> Day : 0
-> Request 0
676
(4, 1, 2)
1
(60, 2)
-> Request 1
843
(4, 1, 2)
3
(75, 54)
-> Request 2
900
(3, 3, 2)
3
(69, 63)
-> Request 3
937
(3, 2, 1)
1
(29, 18)
--> Day : 1
-> Request 0
58
(3, 2, 1)
3
(5, 23)
-> Request 1
194
(3, 1, 2)
2
(54, 42)
-> Request 2
360
(1, 3, 2)
2
(60, 50)
-> Request 3
1335
(1, 3, 1)
2
(39, 57)
--> Day : 2
-> Request 0
53
(2, 1, 1)
2
(64, 37)
-> Request 1
232
(1, 3, 1)
2
(27, 64)
-> Request 2
248
(4, 3, 1)
1
(0, 65)
-> Request 3
352
(1, 2, 1)
1
(18, 6)
-> Request 4
353
(4, 1, 2)
1
(28, 1)
-> Request 5
1242
(3, 3, 2)
3
(39, 12)
--> Day : 3
-> Request 0
13
(3, 3, 2)
1
(22, 58)
-> Request 1
37
(1, 2, 2)
3
(2, 10)
-> Request 2
858
(4, 3, 1)
2
(42, 11)
-> Request 3
1180
(3, 2, 1)
2
(33, 73)
--> Day : 4
-> Request 0
418
(1, 2, 1)
2
(18, 74)
-> Request 1
769
(1, 2, 1)
1
(9, 29)
-> Request 2
1079
(1, 3, 2)
3
(12, 30)
-> Request 3
1249
(3, 3, 1)
1
(4, 77)
---> Week : 65
--> Day : 0
-> Request 0
23
(3, 2, 1)
1
(74, 19)
-> Request 1
666
(2, 1, 2)
3
(35, 38)
-> Request 2
993
(2, 1, 1)
3
(8, 5)
-> Request 3
1109
(4, 3, 1)
2
(66, 22)
--> Day : 1
-> Request 0
30
(1, 1, 2)
1
(69, 64)
-> Request 1
600
(1, 1, 2)
2
(73, 23)
-> Request 2
790
(4, 3, 2)
2
(63, 25)
-> Request 3
855
(2, 1, 2)
2
(56, 48)
--> Day : 2
-> Request 0
125
(3, 2, 1)
2
(20, 76)
-> Request 1
143
(4, 2, 2)
2
(14, 23)
-> Request 2
148
(1, 3, 2)
1
(59, 21)
-> Request 3
512
(3, 1, 1)
3
(45, 26)
-> Request 4
1291
(4, 3, 1)
1
(34, 24)
--> Day : 3
-> Request 0
419
(4, 3, 2)
3
(78, 37)
-> Request 1
610
(4, 1, 1)
1
(8, 70)
-> Request 2
1051
(1, 2, 2)
3
(53, 69)
-> Request 3
1123
(2, 1, 1)
3
(9, 5)
--> Day : 4
-> Request 0
55
(4, 2, 1)
2
(69, 35)
-> Request 1
113
(1, 1, 1)
2
(57, 45)
-> Request 2
236
(2, 3, 2)
3
(22, 38)
---> Week : 66
--> Day : 0
-> Request 0
145
(1, 3, 1)
1
(20, 35)
-> Request 1
1106
(4, 2, 1)
3
(75, 70)
-> Request 2
1138
(3, 2, 1)
2
(58, 19)
-> Request 3
1364
(1, 2, 2)
3
(7, 8)
-> Request 4
1369
(1, 1, 2)
1
(77, 36)
-> Request 5
1420
(2, 1, 1)
1
(55, 39)
--> Day : 1
-> Request 0
222
(1, 3, 2)
3
(35, 27)
-> Request 1
264
(3, 1, 1)
1
(59, 17)
-> Request 2
928
(1, 1, 2)
3
(65, 40)
-> Request 3
988
(4, 1, 2)
1
(68, 23)
-> Request 4
1003
(4, 1, 1)
2
(79, 18)
-> Request 5
1009
(1, 1, 1)
1
(50, 47)
--> Day : 2
-> Request 0
332
(3, 2, 2)
2
(75, 62)
-> Request 1
527
(3, 3, 2)
2
(71, 16)
-> Request 2
1124
(2, 3, 1)
3
(29, 62)
--> Day : 3
-> Request 0
258
(1, 2, 1)
3
(25, 70)
-> Request 1
582
(2, 3, 1)
2
(2, 46)
-> Request 2
1016
(2, 1, 2)
3
(39, 42)
-> Request 3
1118
(2, 3, 1)
3
(26, 20)
-> Request 4
1134
(3, 3, 1)
3
(52, 18)
--> Day : 4
-> Request 0
685
(4, 1, 2)
2
(61, 38)
-> Request 1
794
(1, 2, 2)
1
(63, 3)
-> Request 2
872
(4, 1, 2)
1
(52, 39)
-> Request 3
1226
(2, 2, 2)
3
(78, 51)
---> Week : 67
--> Day : 0
-> Request 0
181
(3, 1, 1)
1
(19, 73)
-> Request 1
223
(4, 2, 2)
1
(63, 67)
--> Day : 1
-> Request 0
589
(3, 2, 2)
3
(68, 48)
-> Request 1
701
(4, 3, 1)
1
(75, 56)
-> Request 2
832
(4, 3, 2)
2
(43, 11)
-> Request 3
892
(3, 1, 2)
1
(7, 27)
-> Request 4
907
(4, 2, 2)
2
(46, 70)
--> Day : 2
-> Request 0
18
(4, 3, 1)
3
(9, 72)
-> Request 1
22
(1, 2, 2)
2
(19, 21)
-> Request 2
939
(1, 2, 2)
1
(6, 71)
--> Day : 3
-> Request 0
672
(2, 1, 1)
3
(24, 28)
-> Request 1
1124
(4, 3, 2)
3
(7, 24)
-> Request 2
1204
(3, 3, 1)
3
(3, 23)
-> Request 3
1309
(3, 1, 1)
1
(69, 66)
-> Request 4
1428
(4, 1, 2)
3
(38, 31)
--> Day : 4
-> Request 0
593
(3, 2, 2)
1
(14, 19)
-> Request 1
705
(2, 1, 1)
1
(77, 34)
-> Request 2
930
(2, 1, 2)
3
(68, 6)
---> Week : 68
--> Day : 0
-> Request 0
44
(4, 1, 1)
2
(45, 68)
-> Request 1
75
(1, 3, 2)
2
(3, 8)
-> Request 2
223
(4, 2, 2)
2
(79, 24)
-> Request 3
359
(3, 3, 1)
2
(19, 5)
-> Request 4
416
(3, 2, 2)
3
(65, 29)
-> Request 5
578
(4, 2, 2)
1
(62, 26)
-> Request 6
1003
(4, 1, 1)
1
(47, 40)
-> Request 7
1005
(4, 2, 1)
2
(50, 0)
-> Request 8
1223
(3, 3, 2)
2
(19, 49)
--> Day : 1
-> Request 0
1014
(3, 1, 1)
3
(49, 23)
--> Day : 2
-> Request 0
283
(2, 1, 2)
1
(5, 36)
-> Request 1
628
(3, 3, 2)
3
(0, 14)
-> Request 2
864
(4, 3, 1)
1
(52, 62)
-> Request 3
1085
(3, 1, 1)
1
(0, 74)
-> Request 4
1417
(2, 3, 2)
2
(10, 49)
--> Day : 3
-> Request 0
240
(2, 2, 2)
2
(35, 22)
-> Request 1
518
(2, 3, 1)
1
(8, 28)
-> Request 2
940
(2, 3, 1)
2
(37, 66)
-> Request 3
1247
(4, 1, 1)
1
(28, 6)
-> Request 4
1253
(4, 1, 2)
2
(39, 52)
-> Request 5
1261
(1, 3, 1)
3
(69, 2)
-> Request 6
1359
(2, 3, 2)
2
(35, 10)
-> Request 7
1422
(1, 1, 2)
3
(9, 52)
--> Day : 4
-> Request 0
183
(3, 3, 2)
1
(62, 1)
-> Request 1
1034
(1, 3, 2)
2
(8, 50)
-> Request 2
1368
(1, 1, 2)
3
(65, 33)
---> Week : 69
--> Day : 0
-> Request 0
153
(1, 2, 1)
1
(75, 51)
-> Request 1
395
(4, 1, 1)
2
(17, 15)
-> Request 2
1410
(3, 3, 1)
2
(39, 78)
--> Day : 1
-> Request 0
232
(3, 2, 1)
2
(63, 36)
-> Request 1
365
(1, 2, 2)
1
(75, 68)
-> Request 2
449
(2, 1, 2)
1
(30, 20)
-> Request 3
1399
(3, 3, 1)
1
(71, 22)
--> Day : 2
-> Request 0
128
(3, 1, 1)
1
(35, 19)
-> Request 1
799
(2, 3, 2)
2
(21, 10)
-> Request 2
866
(4, 1, 2)
2
(32, 59)
-> Request 3
893
(4, 1, 2)
3
(10, 39)
-> Request 4
973
(4, 2, 2)
2
(35, 6)
--> Day : 3
-> Request 0
29
(1, 1, 2)
1
(11, 79)
-> Request 1
284
(1, 2, 1)
3
(27, 32)
-> Request 2
397
(3, 2, 2)
2
(0, 73)
--> Day : 4
-> Request 0
595
(1, 1, 1)
1
(22, 7)
-> Request 1
1190
(1, 1, 2)
2
(32, 74)
-> Request 2
1220
(3, 2, 1)
3
(11, 24)
---> Week : 70
--> Day : 0
-> Request 0
34
(1, 3, 2)
1
(65, 66)
-> Request 1
432
(3, 1, 1)
2
(36, 39)
-> Request 2
937
(4, 2, 2)
2
(27, 0)
--> Day : 1
-> Request 0
531
(3, 1, 1)
1
(72, 27)
-> Request 1
638
(1, 1, 2)
1
(49, 67)
-> Request 2
1374
(4, 2, 2)
1
(25, 68)
--> Day : 2
-> Request 0
400
(4, 2, 1)
1
(8, 37)
-> Request 1
873
(1, 2, 1)
2
(62, 38)
-> Request 2
997
(1, 3, 1)
1
(6, 51)
--> Day : 3
-> Request 0
551
(3, 2, 2)
3
(75, 50)
-> Request 1
559
(1, 1, 2)
1
(5, 18)
-> Request 2
577
(3, 3, 1)
1
(1, 52)
-> Request 3
812
(1, 1, 1)
1
(43, 59)
-> Request 4
1316
(3, 3, 1)
3
(30, 45)
--> Day : 4
-> Request 0
153
(2, 3, 2)
2
(79, 27)
-> Request 1
196
(4, 2, 1)
2
(27, 29)
-> Request 2
493
(3, 1, 2)
3
(48, 16)
-> Request 3
610
(1, 1, 2)
1
(38, 31)
-> Request 4
1353
(2, 3, 1)
2
(75, 21)
---> Week : 71
--> Day : 0
-> Request 0
161
(4, 1, 1)
3
(54, 34)
-> Request 1
399
(2, 1, 1)
2
(9, 43)
-> Request 2
590
(4, 3, 1)
3
(7, 54)
-> Request 3
1249
(1, 2, 1)
1
(75, 16)
--> Day : 1
-> Request 0
287
(4, 3, 2)
1
(65, 76)
-> Request 1
359
(4, 3, 1)
2
(49, 46)
-> Request 2
1087
(2, 2, 2)
2
(35, 10)
-> Request 3
1425
(3, 3, 2)
1
(22, 56)
-> Request 4
1431
(3, 1, 1)
1
(71, 48)
--> Day : 2
-> Request 0
335
(4, 2, 2)
3
(67, 3)
-> Request 1
463
(4, 3, 2)
3
(48, 50)
-> Request 2
719
(3, 2, 1)
3
(14, 2)
-> Request 3
1021
(2, 2, 1)
1
(34, 65)
-> Request 4
1429
(2, 1, 2)
2
(74, 48)
--> Day : 3
-> Request 0
350
(1, 1, 1)
2
(39, 35)
-> Request 1
872
(2, 2, 2)
2
(41, 42)
--> Day : 4
-> Request 0
532
(2, 2, 1)
3
(49, 16)
-> Request 1
1091
(1, 3, 1)
1
(77, 3)
-> Request 2
1095
(1, 3, 1)
3
(45, 32)
-> Request 3
1134
(4, 2, 1)
1
(74, 79)
---> Week : 72
--> Day : 0
-> Request 0
271
(1, 2, 2)
3
(45, 34)
-> Request 1
688
(1, 1, 1)
3
(57, 68)
-> Request 2
1317
(1, 1, 2)
2
(42, 38)
--> Day : 1
-> Request 0
92
(3, 1, 2)
3
(46, 13)
-> Request 1
212
(1, 1, 2)
3
(13, 47)
-> Request 2
525
(3, 1, 2)
1
(53, 3)
-> Request 3
628
(1, 1, 1)
1
(37, 20)
-> Request 4
967
(2, 3, 2)
2
(62, 69)
-> Request 5
1132
(2, 2, 1)
1
(63, 60)
--> Day : 2
-> Request 0
490
(1, 1, 2)
3
(51, 14)
-> Request 1
606
(3, 1, 1)
3
(54, 10)
-> Request 2
730
(1, 1, 2)
2
(76, 50)
-> Request 3
1215
(1, 2, 2)
1
(73, 22)
-> Request 4
1329
(3, 2, 1)
1
(28, 52)
--> Day : 3
-> Request 0
74
(1, 3, 2)
1
(16, 47)
-> Request 1
526
(2, 1, 1)
1
(46, 1)
-> Request 2
798
(1, 2, 1)
2
(54, 76)
-> Request 3
871
(4, 3, 2)
1
(35, 9)
-> Request 4
988
(2, 2, 1)
2
(34, 11)
-> Request 5
1097
(2, 3, 2)
1
(53, 38)
-> Request 6
1135
(1, 2, 1)
2
(1, 73)
-> Request 7
1286
(2, 1, 2)
2
(58, 57)
-> Request 8
1399
(4, 2, 2)
1
(49, 33)
--> Day : 4
-> Request 0
596
(1, 3, 1)
3
(3, 75)
-> Request 1
620
(1, 1, 1)
3
(62, 47)
-> Request 2
830
(1, 1, 1)
3
(76, 23)
---> Week : 73
--> Day : 0
-> Request 0
251
(3, 2, 1)
3
(32, 21)
-> Request 1
534
(3, 2, 2)
1
(67, 26)
-> Request 2
815
(1, 2, 2)
1
(70, 43)
-> Request 3
954
(1, 2, 2)
3
(9, 63)
-> Request 4
1362
(3, 2, 1)
1
(27, 46)
--> Day : 1
-> Request 0
528
(4, 3, 1)
2
(29, 21)
-> Request 1
1261
(4, 2, 1)
2
(57, 0)
-> Request 2
1264
(4, 2, 1)
3
(23, 62)
-> Request 3
1414
(4, 2, 2)
1
(64, 48)
--> Day : 2
-> Request 0
52
(1, 2, 2)
1
(23, 0)
-> Request 1
68
(1, 2, 1)
1
(32, 67)
-> Request 2
164
(3, 1, 1)
2
(25, 25)
-> Request 3
316
(1, 2, 1)
3
(71, 3)
-> Request 4
387
(3, 2, 2)
1
(68, 20)
-> Request 5
522
(3, 2, 1)
2
(50, 9)
--> Day : 3
-> Request 0
259
(4, 2, 2)
3
(36, 47)
-> Request 1
481
(3, 1, 1)
3
(10, 77)
-> Request 2
920
(4, 2, 2)
2
(26, 28)
-> Request 3
1297
(1, 1, 1)
3
(51, 42)
-> Request 4
1350
(2, 2, 2)
1
(25, 18)
--> Day : 4
-> Request 0
411
(2, 1, 1)
2
(74, 59)
-> Request 1
447
(1, 1, 2)
3
(31, 52)
-> Request 2
1318
(4, 1, 2)
3
(66, 22)
-> Request 3
1354
(3, 2, 2)
2
(39, 68)
-> Request 4
1414
(2, 1, 2)
2
(66, 40)
---> Week : 74
--> Day : 0
-> Request 0
501
(2, 2, 2)
2
(4, 67)
-> Request 1
532
(4, 3, 2)
2
(18, 56)
-> Request 2
719
(2, 2, 2)
1
(35, 35)
-> Request 3
727
(4, 1, 1)
1
(61, 13)
-> Request 4
783
(1, 1, 1)
1
(24, 4)
-> Request 5
1408
(4, 1, 2)
1
(0, 54)
--> Day : 1
-> Request 0
683
(2, 2, 1)
2
(23, 37)
-> Request 1
950
(1, 2, 2)
3
(55, 11)
--> Day : 2
-> Request 0
4
(3, 3, 1)
1
(64, 60)
-> Request 1
246
(1, 3, 1)
3
(33, 39)
-> Request 2
357
(4, 3, 1)
3
(24, 13)
-> Request 3
869
(4, 1, 1)
2
(13, 0)
-> Request 4
873
(1, 3, 1)
3
(38, 55)
--> Day : 3
-> Request 0
285
(4, 2, 1)
3
(73, 35)
-> Request 1
688
(4, 3, 2)
3
(50, 11)
-> Request 2
801
(2, 2, 1)
1
(2, 38)
-> Request 3
1028
(3, 1, 2)
2
(18, 44)
--> Day : 4
-> Request 0
379
(2, 1, 2)
3
(56, 7)
-> Request 1
1031
(1, 1, 1)
2
(11, 70)
---> Week : 75
--> Day : 0
-> Request 0
568
(3, 1, 2)
2
(71, 29)
-> Request 1
1041
(1, 1, 1)
2
(69, 37)
-> Request 2
1321
(1, 2, 1)
2
(77, 36)
--> Day : 1
-> Request 0
7
(1, 1, 2)
3
(33, 29)
-> Request 1
151
(1, 3, 2)
2
(46, 42)
-> Request 2
532
(4, 1, 1)
1
(40, 5)
-> Request 3
550
(4, 2, 1)
1
(43, 12)
-> Request 4
1397
(2, 1, 1)
1
(48, 50)
--> Day : 2
-> Request 0
152
(2, 2, 2)
2
(46, 55)
-> Request 1
673
(4, 1, 2)
3
(10, 63)
-> Request 2
743
(1, 3, 1)
1
(40, 35)
--> Day : 3
-> Request 0
464
(1, 1, 1)
1
(61, 32)
-> Request 1
652
(2, 2, 1)
1
(76, 15)
--> Day : 4
-> Request 0
62
(2, 1, 2)
1
(27, 67)
-> Request 1
163
(2, 2, 1)
2
(65, 19)
-> Request 2
603
(2, 2, 2)
2
(50, 58)
-> Request 3
744
(4, 2, 1)
2
(29, 38)
-> Request 4
896
(2, 1, 2)
3
(69, 51)
---> Week : 76
--> Day : 0
-> Request 0
755
(2, 3, 2)
2
(0, 20)
-> Request 1
940
(3, 2, 1)
3
(52, 11)
--> Day : 1
-> Request 0
217
(2, 3, 1)
1
(21, 33)
-> Request 1
356
(2, 2, 2)
3
(42, 0)
-> Request 2
422
(2, 1, 1)
1
(31, 36)
-> Request 3
548
(2, 3, 1)
3
(12, 26)
-> Request 4
798
(2, 3, 1)
2
(0, 68)
--> Day : 2
-> Request 0
1018
(2, 1, 1)
3
(7, 43)
--> Day : 3
-> Request 0
112
(3, 1, 2)
3
(27, 14)
-> Request 1
453
(4, 2, 2)
3
(43, 55)
-> Request 2
577
(3, 2, 2)
1
(6, 56)
-> Request 3
661
(1, 3, 1)
3
(45, 30)
-> Request 4
699
(3, 2, 1)
1
(40, 2)
-> Request 5
752
(3, 2, 2)
3
(64, 27)
-> Request 6
927
(1, 1, 2)
1
(18, 41)
-> Request 7
1212
(2, 1, 1)
1
(45, 28)
--> Day : 4
-> Request 0
35
(4, 3, 2)
3
(31, 65)
-> Request 1
1246
(2, 1, 2)
1
(57, 39)
---> Week : 77
--> Day : 0
-> Request 0
85
(2, 3, 2)
1
(71, 79)
-> Request 1
146
(3, 3, 2)
3
(34, 10)
-> Request 2
296
(4, 3, 2)
2
(27, 37)
-> Request 3
598
(3, 3, 2)
2
(72, 13)
-> Request 4
686
(2, 1, 1)
1
(79, 75)
-> Request 5
1191
(1, 3, 2)
2
(63, 78)
-> Request 6
1347
(4, 1, 1)
1
(58, 57)
--> Day : 1
-> Request 0
364
(3, 2, 1)
2
(5, 16)
-> Request 1
554
(3, 2, 1)
3
(66, 32)
-> Request 2
1019
(3, 3, 2)
1
(44, 13)
-> Request 3
1050
(4, 1, 2)
2
(1, 8)
-> Request 4
1073
(3, 1, 2)
2
(24, 60)
--> Day : 2
-> Request 0
157
(1, 1, 1)
1
(30, 55)
-> Request 1
287
(3, 2, 2)
2
(52, 2)
-> Request 2
304
(1, 3, 1)
3
(25, 46)
-> Request 3
568
(3, 1, 1)
2
(71, 26)
--> Day : 3
-> Request 0
109
(2, 3, 1)
1
(23, 5)
-> Request 1
660
(4, 2, 1)
1
(52, 61)
-> Request 2
1009
(2, 2, 1)
2
(11, 69)
-> Request 3
1209
(4, 3, 1)
1
(77, 16)
-> Request 4
1271
(3, 2, 1)
2
(25, 55)
-> Request 5
1335
(1, 2, 1)
2
(32, 4)
--> Day : 4
-> Request 0
782
(1, 1, 2)
1
(75, 42)
-> Request 1
903
(1, 1, 2)
3
(30, 57)
---> Week : 78
--> Day : 0
-> Request 0
87
(3, 3, 2)
3
(45, 1)
-> Request 1
612
(4, 1, 2)
1
(51, 59)
-> Request 2
1123
(3, 2, 1)
1
(48, 53)
-> Request 3
1239
(3, 1, 1)
1
(70, 51)
-> Request 4
1398
(1, 3, 2)
2
(6, 79)
--> Day : 1
-> Request 0
541
(3, 2, 1)
2
(35, 6)
-> Request 1
1282
(1, 2, 2)
1
(67, 44)
--> Day : 2
-> Request 0
616
(2, 2, 1)
2
(47, 66)
-> Request 1
878
(3, 2, 2)
2
(72, 13)
-> Request 2
1355
(4, 1, 1)
3
(41, 60)
--> Day : 3
-> Request 0
339
(2, 2, 2)
2
(23, 32)
-> Request 1
365
(2, 2, 1)
1
(38, 69)
-> Request 2
389
(4, 2, 2)
2
(10, 63)
-> Request 3
693
(3, 2, 1)
2
(26, 3)
-> Request 4
824
(1, 3, 2)
3
(73, 40)
--> Day : 4
-> Request 0
893
(2, 3, 2)
3
(73, 55)
-> Request 1
903
(3, 3, 2)
2
(67, 31)
-> Request 2
1120
(3, 1, 1)
1
(65, 71)
-> Request 3
1377
(1, 3, 2)
3
(78, 61)
---> Week : 79
--> Day : 0
-> Request 0
719
(3, 2, 2)
2
(66, 78)
-> Request 1
1362
(4, 3, 1)
2
(78, 0)
--> Day : 1
-> Request 0
17
(4, 3, 1)
3
(35, 9)
-> Request 1
592
(3, 1, 1)
2
(46, 27)
-> Request 2
875
(3, 2, 2)
1
(11, 52)
-> Request 3
895
(4, 3, 1)
2
(26, 37)
--> Day : 2
-> Request 0
18
(1, 2, 1)
3
(3, 36)
-> Request 1
559
(4, 3, 1)
2
(5, 9)
-> Request 2
1032
(3, 2, 2)
3
(17, 50)
-> Request 3
1202
(1, 3, 1)
1
(34, 20)
--> Day : 3
-> Request 0
146
(1, 1, 1)
2
(32, 68)
-> Request 1
315
(1, 1, 2)
3
(56, 45)
-> Request 2
332
(3, 2, 2)
2
(39, 77)
-> Request 3
531
(1, 3, 1)
1
(22, 20)
-> Request 4
810
(1, 3, 1)
1
(73, 23)
-> Request 5
1058
(4, 3, 2)
3
(5, 25)
--> Day : 4
-> Request 0
260
(4, 3, 1)
3
(54, 62)
-> Request 1
487
(4, 2, 2)
1
(42, 15)
-> Request 2
983
(4, 3, 2)
3
(25, 15)
-> Request 3
1060
(3, 1, 2)
1
(24, 2)
-> Request 4
1198
(3, 3, 2)
2
(19, 61)
-> Request 5
1200
(1, 1, 1)
2
(71, 4)
---> Week : 80
--> Day : 0
-> Request 0
286
(2, 1, 1)
2
(42, 39)
-> Request 1
384
(1, 3, 1)
2
(37, 71)
-> Request 2
1193
(1, 3, 1)
2
(42, 69)
-> Request 3
1331
(3, 1, 2)
3
(4, 17)
--> Day : 1
-> Request 0
853
(1, 3, 2)
1
(46, 44)
-> Request 1
907
(3, 1, 1)
3
(28, 43)
-> Request 2
980
(2, 2, 2)
3
(22, 56)
-> Request 3
1264
(2, 3, 2)
2
(26, 45)
--> Day : 2
-> Request 0
91
(4, 3, 1)
2
(69, 9)
-> Request 1
398
(1, 2, 1)
3
(31, 6)
-> Request 2
536
(2, 3, 1)
2
(36, 13)
-> Request 3
706
(3, 3, 2)
2
(39, 31)
-> Request 4
1105
(4, 2, 1)
1
(49, 18)
--> Day : 3
-> Request 0
391
(1, 2, 1)
2
(15, 71)
-> Request 1
562
(1, 1, 1)
1
(71, 44)
-> Request 2
825
(3, 2, 1)
1
(32, 47)
-> Request 3
1222
(2, 3, 1)
1
(16, 43)
-> Request 4
1224
(4, 1, 2)
3
(52, 9)
-> Request 5
1382
(4, 1, 1)
1
(14, 77)
-> Request 6
1431
(3, 3, 1)
3
(53, 79)
--> Day : 4
-> Request 0
53
(2, 3, 1)
2
(30, 44)
-> Request 1
648
(2, 1, 1)
2
(58, 45)
-> Request 2
1071
(1, 2, 2)
3
(27, 40)
---> Week : 81
--> Day : 0
-> Request 0
125
(4, 2, 1)
3
(76, 27)
-> Request 1
140
(3, 3, 1)
1
(6, 36)
-> Request 2
177
(3, 1, 1)
1
(49, 58)
-> Request 3
706
(2, 1, 1)
3
(33, 5)
-> Request 4
1040
(2, 2, 1)
3
(35, 71)
-> Request 5
1142
(1, 3, 1)
3
(58, 0)
-> Request 6
1303
(3, 3, 1)
2
(43, 34)
--> Day : 1
-> Request 0
41
(1, 2, 2)
2
(28, 24)
-> Request 1
51
(3, 3, 2)
3
(63, 24)
-> Request 2
500
(1, 2, 1)
1
(53, 59)
-> Request 3
757
(2, 1, 2)
2
(21, 36)
-> Request 4
1043
(3, 3, 2)
2
(43, 30)
-> Request 5
1109
(2, 1, 1)
3
(5, 15)
--> Day : 2
-> Request 0
745
(1, 1, 1)
1
(3, 55)
-> Request 1
782
(4, 2, 2)
1
(58, 76)
-> Request 2
838
(4, 1, 1)
3
(29, 42)
-> Request 3
1183
(3, 2, 2)
1
(69, 8)
-> Request 4
1430
(4, 3, 1)
1
(41, 3)
--> Day : 3
-> Request 0
734
(1, 3, 2)
3
(41, 70)
-> Request 1
878
(3, 3, 2)
2
(57, 5)
-> Request 2
1009
(2, 2, 2)
2
(65, 19)
--> Day : 4
-> Request 0
283
(2, 3, 2)
1
(67, 8)
-> Request 1
775
(3, 3, 1)
2
(15, 32)
-> Request 2
863
(3, 1, 2)
3
(48, 23)
---> Week : 82
--> Day : 0
-> Request 0
62
(1, 2, 2)
1
(1, 36)
-> Request 1
499
(4, 2, 1)
3
(75, 38)
-> Request 2
589
(2, 2, 1)
3
(45, 79)
--> Day : 1
-> Request 0
102
(4, 3, 1)
3
(28, 27)
-> Request 1
561
(3, 1, 2)
2
(71, 27)
-> Request 2
971
(1, 2, 1)
1
(39, 18)
-> Request 3
1010
(4, 2, 1)
3
(9, 21)
--> Day : 2
-> Request 0
285
(4, 3, 2)
1
(25, 8)
--> Day : 3
-> Request 0
452
(2, 1, 2)
3
(1, 46)
-> Request 1
516
(3, 3, 2)
1
(74, 39)
--> Day : 4
-> Request 0
633
(3, 3, 2)
1
(8, 63)
-> Request 1
745
(1, 2, 1)
2
(1, 66)
-> Request 2
1033
(2, 1, 2)
1
(12, 6)
---> Week : 83
--> Day : 0
-> Request 0
374
(2, 3, 2)
3
(22, 21)
-> Request 1
748
(4, 3, 2)
3
(44, 40)
-> Request 2
813
(4, 3, 2)
3
(6, 62)
-> Request 3
907
(1, 3, 1)
1
(72, 44)
-> Request 4
986
(2, 2, 1)
2
(24, 40)
-> Request 5
1270
(2, 2, 1)
1
(65, 70)
--> Day : 1
-> Request 0
1088
(3, 2, 2)
1
(38, 31)
-> Request 1
1119
(2, 1, 1)
2
(30, 62)
--> Day : 2
-> Request 0
87
(2, 3, 2)
2
(38, 39)
-> Request 1
399
(4, 2, 1)
1
(25, 1)
-> Request 2
418
(1, 1, 1)
2
(24, 6)
-> Request 3
773
(3, 3, 2)
3
(68, 19)
-> Request 4
1189
(4, 2, 1)
2
(49, 2)
-> Request 5
1256
(2, 1, 2)
2
(38, 78)
-> Request 6
1283
(3, 1, 2)
2
(31, 15)
-> Request 7
1366
(3, 2, 2)
2
(4, 68)
--> Day : 3
-> Request 0
4
(4, 1, 2)
2
(22, 3)
-> Request 1
277
(3, 1, 1)
1
(69, 32)
-> Request 2
448
(3, 1, 1)
1
(74, 9)
-> Request 3
720
(3, 3, 2)
3
(1, 3)
--> Day : 4
-> Request 0
214
(1, 1, 1)
3
(53, 26)
-> Request 1
695
(2, 1, 2)
2
(17, 65)
-> Request 2
703
(1, 2, 2)
1
(75, 65)
-> Request 3
1206
(2, 3, 1)
1
(41, 54)
---> Week : 84
--> Day : 0
-> Request 0
70
(4, 2, 1)
3
(47, 11)
-> Request 1
814
(4, 2, 2)
2
(60, 15)
-> Request 2
1133
(1, 3, 2)
2
(11, 22)
--> Day : 1
--> Day : 2
-> Request 0
405
(1, 1, 2)
1
(42, 40)
-> Request 1
1417
(4, 2, 2)
2
(30, 46)
--> Day : 3
-> Request 0
580
(2, 1, 2)
1
(9, 45)
-> Request 1
759
(4, 2, 1)
3
(6, 29)
-> Request 2
871
(3, 2, 1)
1
(60, 59)
-> Request 3
1113
(1, 1, 2)
3
(33, 77)
--> Day : 4
-> Request 0
247
(4, 2, 2)
1
(77, 17)
-> Request 1
812
(1, 2, 2)
1
(1, 73)
-> Request 2
1020
(3, 1, 2)
3
(25, 15)
-> Request 3
1101
(3, 1, 1)
1
(29, 22)
---> Week : 85
--> Day : 0
-> Request 0
379
(1, 3, 1)
2
(33, 24)
-> Request 1
942
(1, 1, 1)
1
(39, 68)
--> Day : 1
-> Request 0
170
(2, 3, 2)
3
(25, 31)
-> Request 1
753
(2, 2, 1)
2
(10, 63)
-> Request 2
775
(1, 1, 1)
3
(21, 0)
-> Request 3
1337
(4, 2, 2)
1
(31, 22)
--> Day : 2
-> Request 0
25
(1, 3, 1)
3
(16, 22)
-> Request 1
211
(2, 3, 2)
2
(13, 19)
-> Request 2
527
(3, 1, 1)
3
(3, 12)
-> Request 3
650
(3, 1, 1)
2
(9, 31)
-> Request 4
666
(2, 3, 2)
1
(79, 25)
-> Request 5
704
(1, 3, 1)
3
(46, 28)
-> Request 6
1072
(2, 1, 2)
1
(9, 7)
-> Request 7
1226
(2, 2, 1)
3
(28, 8)
-> Request 8
1255
(4, 1, 2)
2
(6, 6)
--> Day : 3
-> Request 0
238
(3, 3, 1)
2
(1, 37)
-> Request 1
1187
(2, 2, 2)
3
(39, 19)
--> Day : 4
-> Request 0
309
(1, 3, 2)
1
(41, 79)
-> Request 1
322
(3, 3, 1)
1
(2, 0)
-> Request 2
832
(4, 1, 2)
1
(7, 37)
-> Request 3
935
(4, 2, 2)
2
(71, 73)
---> Week : 86
--> Day : 0
-> Request 0
90
(4, 2, 2)
3
(18, 60)
-> Request 1
769
(1, 1, 2)
2
(42, 25)
-> Request 2
1423
(4, 3, 2)
3
(55, 46)
-> Request 3
1431
(1, 1, 2)
1
(5, 58)
--> Day : 1
-> Request 0
12
(3, 3, 2)
3
(65, 1)
-> Request 1
15
(1, 3, 2)
2
(4, 51)
-> Request 2
224
(2, 2, 1)
3
(6, 30)
-> Request 3
608
(1, 3, 2)
1
(25, 21)
-> Request 4
686
(2, 2, 1)
3
(74, 1)
-> Request 5
1314
(2, 2, 1)
1
(11, 15)
--> Day : 2
-> Request 0
24
(4, 2, 2)
3
(26, 15)
-> Request 1
88
(2, 2, 1)
1
(40, 41)
-> Request 2
501
(4, 3, 1)
1
(22, 30)
-> Request 3
983
(4, 1, 2)
3
(71, 73)
-> Request 4
1021
(2, 2, 1)
2
(36, 78)
--> Day : 3
-> Request 0
528
(4, 3, 2)
1
(30, 33)
-> Request 1
683
(4, 2, 1)
1
(11, 74)
--> Day : 4
-> Request 0
23
(4, 2, 1)
3
(68, 66)
-> Request 1
318
(2, 3, 2)
1
(51, 12)
-> Request 2
1093
(3, 2, 2)
2
(23, 17)
---> Week : 87
--> Day : 0
-> Request 0
101
(1, 1, 1)
1
(58, 14)
-> Request 1
242
(2, 3, 2)
1
(5, 12)
--> Day : 1
-> Request 0
529
(4, 1, 1)
2
(9, 9)
-> Request 1
567
(2, 3, 2)
1
(9, 26)
-> Request 2
707
(2, 2, 2)
1
(7, 29)
-> Request 3
816
(1, 1, 2)
1
(16, 63)
-> Request 4
1351
(3, 1, 1)
1
(38, 26)
--> Day : 2
-> Request 0
182
(1, 2, 1)
3
(16, 73)
-> Request 1
570
(1, 1, 2)
3
(39, 16)
-> Request 2
705
(4, 1, 2)
2
(7, 56)
-> Request 3
793
(1, 3, 1)
2
(70, 59)
-> Request 4
1349
(2, 3, 2)
2
(39, 64)
--> Day : 3
-> Request 0
354
(2, 2, 1)
1
(0, 60)
-> Request 1
536
(1, 1, 1)
2
(67, 72)
-> Request 2
954
(1, 2, 1)
2
(69, 33)
-> Request 3
1091
(2, 2, 1)
3
(59, 77)
--> Day : 4
-> Request 0
4
(1, 2, 1)
3
(7, 62)
-> Request 1
50
(3, 3, 1)
3
(77, 68)
-> Request 2
499
(2, 2, 1)
3
(79, 71)
-> Request 3
616
(4, 1, 1)
1
(72, 72)
-> Request 4
972
(1, 3, 2)
3
(43, 19)
---> Week : 88
--> Day : 0
-> Request 0
127
(4, 2, 1)
3
(30, 41)
-> Request 1
1376
(3, 2, 2)
3
(76, 56)
--> Day : 1
-> Request 0
9
(3, 2, 1)
1
(17, 40)
-> Request 1
42
(4, 2, 2)
1
(10, 24)
-> Request 2
141
(3, 3, 1)
3
(58, 56)
-> Request 3
154
(4, 3, 1)
2
(39, 12)
-> Request 4
1195
(4, 2, 2)
2
(63, 49)
-> Request 5
1277
(4, 3, 2)
3
(43, 31)
--> Day : 2
-> Request 0
841
(1, 3, 1)
1
(55, 17)
--> Day : 3
-> Request 0
982
(3, 3, 1)
2
(49, 70)
-> Request 1
1067
(4, 2, 1)
2
(67, 40)
--> Day : 4
-> Request 0
320
(1, 2, 2)
3
(42, 17)
-> Request 1
642
(1, 1, 2)
3
(40, 72)
-> Request 2
1006
(3, 1, 2)
1
(23, 58)
-> Request 3
1115
(2, 1, 1)
3
(71, 56)
-> Request 4
1247
(2, 1, 1)
1
(15, 51)
---> Week : 89
--> Day : 0
-> Request 0
556
(2, 1, 1)
2
(9, 57)
-> Request 1
723
(2, 3, 1)
1
(48, 50)
-> Request 2
850
(4, 3, 2)
1
(66, 77)
-> Request 3
1237
(2, 1, 2)
3
(22, 65)
--> Day : 1
-> Request 0
21
(1, 2, 2)
2
(53, 14)
--> Day : 2
-> Request 0
313
(3, 2, 2)
1
(54, 40)
-> Request 1
392
(3, 3, 2)
3
(8, 65)
-> Request 2
562
(1, 2, 2)
3
(19, 14)
-> Request 3
685
(3, 2, 1)
2
(79, 57)
--> Day : 3
--> Day : 4
-> Request 0
382
(3, 2, 2)
3
(49, 61)
-> Request 1
695
(2, 1, 2)
3
(3, 62)
-> Request 2
717
(1, 1, 2)
1
(4, 27)
-> Request 3
940
(2, 2, 1)
1
(17, 19)
-> Request 4
980
(3, 3, 1)
3
(32, 38)
-> Request 5
1272
(1, 3, 1)
3
(31, 19)
-> Request 6
1393
(1, 3, 2)
1
(72, 10)
---> Week : 90
--> Day : 0
-> Request 0
169
(1, 1, 1)
1
(51, 64)
-> Request 1
430
(4, 1, 1)
2
(46, 20)
-> Request 2
671
(3, 3, 2)
1
(43, 66)
-> Request 3
893
(4, 2, 1)
1
(53, 6)
-> Request 4
1056
(3, 3, 2)
1
(11, 18)
-> Request 5
1382
(2, 1, 1)
1
(21, 1)
--> Day : 1
-> Request 0
130
(4, 3, 1)
3
(48, 15)
-> Request 1
267
(4, 1, 2)
3
(55, 41)
-> Request 2
284
(1, 1, 1)
3
(77, 38)
-> Request 3
311
(2, 1, 1)
2
(78, 8)
-> Request 4
444
(1, 2, 1)
1
(39, 59)
-> Request 5
504
(1, 2, 2)
3
(0, 70)
-> Request 6
1032
(3, 2, 1)
2
(53, 61)
--> Day : 2
-> Request 0
184
(3, 1, 2)
3
(25, 42)
-> Request 1
380
(2, 3, 1)
2
(7, 8)
-> Request 2
868
(3, 2, 1)
2
(48, 60)
-> Request 3
1216
(2, 2, 2)
3
(24, 71)
-> Request 4
1430
(4, 3, 1)
3
(28, 66)
--> Day : 3
-> Request 0
104
(3, 2, 2)
1
(6, 2)
-> Request 1
110
(1, 3, 2)
3
(41, 8)
-> Request 2
251
(2, 3, 2)
1
(46, 7)
-> Request 3
1069
(3, 3, 1)
1
(27, 59)
-> Request 4
1222
(4, 1, 2)
3
(32, 60)
-> Request 5
1356
(4, 1, 2)
3
(76, 28)
--> Day : 4
-> Request 0
129
(4, 2, 1)
2
(63, 55)
-> Request 1
331
(3, 3, 2)
2
(51, 63)
---> Week : 91
--> Day : 0
-> Request 0
164
(3, 3, 2)
2
(31, 5)
-> Request 1
639
(3, 2, 1)
2
(11, 14)
-> Request 2
1161
(2, 3, 1)
1
(79, 23)
--> Day : 1
-> Request 0
66
(1, 2, 1)
2
(12, 62)
-> Request 1
582
(4, 1, 1)
2
(55, 10)
-> Request 2
588
(4, 1, 1)
1
(4, 41)
-> Request 3
950
(2, 2, 1)
2
(14, 5)
-> Request 4
1082
(3, 1, 1)
2
(27, 23)
-> Request 5
1195
(2, 3, 1)
1
(52, 48)
--> Day : 2
-> Request 0
341
(2, 1, 2)
2
(7, 3)
-> Request 1
390
(3, 3, 1)
1
(52, 61)
-> Request 2
468
(1, 3, 1)
2
(49, 48)
-> Request 3
657
(4, 2, 2)
1
(9, 34)
-> Request 4
696
(2, 2, 2)
1
(1, 51)
-> Request 5
984
(1, 1, 1)
1
(55, 73)
-> Request 6
1386
(1, 2, 2)
1
(43, 10)
--> Day : 3
-> Request 0
206
(1, 3, 2)
2
(30, 50)
-> Request 1
403
(3, 1, 1)
3
(74, 69)
-> Request 2
883
(4, 2, 2)
2
(38, 47)
--> Day : 4
-> Request 0
380
(4, 1, 1)
3
(44, 55)
-> Request 1
561
(2, 2, 1)
3
(79, 61)
-> Request 2
1086
(2, 3, 2)
3
(31, 41)
-> Request 3
1412
(2, 2, 1)
2
(12, 39)
---> Week : 92
--> Day : 0
-> Request 0
40
(1, 1, 1)
2
(68, 27)
-> Request 1
198
(3, 3, 2)
3
(15, 24)
-> Request 2
342
(1, 3, 1)
2
(24, 78)
-> Request 3
1405
(1, 3, 2)
2
(23, 28)
--> Day : 1
-> Request 0
593
(2, 1, 2)
3
(21, 24)
-> Request 1
610
(1, 2, 1)
2
(34, 65)
--> Day : 2
-> Request 0
640
(4, 2, 2)
2
(55, 70)
-> Request 1
721
(2, 2, 1)
1
(0, 71)
-> Request 2
1058
(1, 2, 1)
2
(32, 43)
-> Request 3
1156
(1, 3, 1)
3
(3, 59)
--> Day : 3
-> Request 0
107
(3, 1, 1)
3
(38, 30)
-> Request 1
395
(2, 2, 2)
3
(26, 66)
-> Request 2
1166
(3, 1, 1)
1
(76, 66)
-> Request 3
1212
(1, 2, 1)
2
(65, 57)
--> Day : 4
-> Request 0
900
(4, 2, 2)
1
(68, 73)
-> Request 1
1137
(2, 2, 1)
2
(15, 69)
-> Request 2
1335
(2, 3, 1)
3
(4, 68)
---> Week : 93
--> Day : 0
-> Request 0
70
(3, 1, 1)
3
(61, 1)
-> Request 1
167
(3, 1, 2)
3
(63, 41)
-> Request 2
559
(3, 1, 1)
3
(26, 49)
-> Request 3
602
(2, 2, 2)
1
(77, 35)
--> Day : 1
-> Request 0
403
(1, 1, 2)
2
(50, 59)
-> Request 1
582
(1, 1, 2)
2
(51, 7)
-> Request 2
1213
(4, 2, 2)
1
(76, 7)
-> Request 3
1246
(2, 1, 1)
2
(34, 74)
--> Day : 2
-> Request 0
243
(1, 3, 1)
2
(70, 77)
-> Request 1
282
(4, 2, 2)
3
(74, 40)
-> Request 2
384
(2, 3, 2)
3
(28, 60)
-> Request 3
523
(3, 1, 2)
2
(75, 65)
-> Request 4
839
(4, 3, 1)
1
(77, 10)
-> Request 5
865
(2, 3, 2)
3
(65, 31)
-> Request 6
891
(2, 1, 2)
1
(31, 58)
--> Day : 3
-> Request 0
224
(1, 3, 1)
3
(65, 7)
-> Request 1
802
(3, 2, 2)
2
(31, 43)
-> Request 2
1017
(1, 2, 2)
2
(66, 0)
-> Request 3
1108
(2, 3, 2)
2
(34, 38)
--> Day : 4
-> Request 0
99
(4, 2, 2)
2
(50, 72)
-> Request 1
319
(1, 3, 2)
2
(64, 4)
-> Request 2
348
(1, 1, 2)
2
(33, 15)
-> Request 3
918
(1, 1, 1)
2
(54, 9)
-> Request 4
1146
(2, 2, 2)
2
(39, 53)
-> Request 5
1219
(1, 2, 2)
3
(78, 26)
---> Week : 94
--> Day : 0
-> Request 0
373
(1, 1, 2)
3
(0, 10)
-> Request 1
755
(3, 1, 1)
3
(42, 26)
-> Request 2
770
(2, 2, 1)
2
(5, 12)
-> Request 3
1223
(3, 2, 2)
2
(17, 44)
-> Request 4
1413
(1, 1, 1)
3
(72, 11)
--> Day : 1
-> Request 0
228
(1, 1, 1)
1
(14, 0)
-> Request 1
401
(1, 1, 2)
3
(18, 67)
-> Request 2
459
(1, 2, 2)
2
(34, 4)
-> Request 3
666
(2, 1, 2)
1
(77, 0)
-> Request 4
834
(4, 1, 2)
2
(39, 4)
-> Request 5
1295
(4, 3, 2)
3
(67, 33)
-> Request 6
1424
(1, 3, 2)
1
(10, 44)
-> Request 7
1431
(3, 3, 1)
3
(47, 47)
--> Day : 2
-> Request 0
283
(1, 3, 2)
2
(11, 61)
-> Request 1
328
(3, 1, 2)
2
(17, 54)
-> Request 2
405
(2, 2, 2)
2
(32, 53)
-> Request 3
688
(4, 1, 2)
2
(78, 32)
--> Day : 3
-> Request 0
48
(1, 2, 2)
1
(48, 27)
-> Request 1
298
(2, 2, 2)
2
(72, 23)
-> Request 2
411
(2, 1, 2)
3
(58, 79)
-> Request 3
688
(2, 1, 2)
1
(40, 79)
--> Day : 4
-> Request 0
204
(4, 2, 1)
2
(29, 25)
-> Request 1
482
(1, 3, 1)
2
(61, 49)
-> Request 2
483
(2, 3, 1)
3
(14, 36)
-> Request 3
1124
(4, 2, 2)
3
(76, 27)
---> Week : 95
--> Day : 0
-> Request 0
125
(3, 2, 1)
2
(41, 31)
-> Request 1
501
(4, 1, 1)
3
(31, 10)
-> Request 2
1124
(3, 3, 2)
2
(44, 62)
--> Day : 1
-> Request 0
343
(3, 3, 1)
2
(48, 3)
-> Request 1
430
(4, 3, 1)
2
(15, 10)
-> Request 2
430
(2, 1, 1)
3
(39, 79)
-> Request 3
545
(3, 3, 2)
2
(55, 42)
-> Request 4
1269
(2, 2, 2)
1
(66, 1)
--> Day : 2
-> Request 0
283
(2, 2, 1)
1
(33, 77)
-> Request 1
354
(3, 1, 2)
2
(50, 38)
-> Request 2
381
(3, 1, 1)
2
(37, 8)
-> Request 3
409
(1, 3, 1)
2
(44, 49)
-> Request 4
1100
(3, 2, 1)
3
(35, 2)
-> Request 5
1161
(3, 2, 2)
3
(65, 23)
-> Request 6
1396
(3, 3, 2)
2
(68, 78)
--> Day : 3
--> Day : 4
-> Request 0
797
(2, 3, 1)
1
(59, 24)
-> Request 1
1138
(1, 3, 2)
2
(34, 45)
-> Request 2
1195
(2, 1, 1)
1
(54, 33)
---> Week : 96
--> Day : 0
-> Request 0
455
(1, 3, 1)
1
(16, 49)
-> Request 1
605
(1, 1, 2)
3
(29, 28)
-> Request 2
704
(2, 3, 2)
1
(63, 50)
-> Request 3
1335
(3, 2, 2)
3
(38, 33)
-> Request 4
1337
(4, 2, 1)
2
(23, 43)
-> Request 5
1357
(2, 3, 1)
3
(3, 63)
--> Day : 1
-> Request 0
715
(3, 2, 2)
2
(78, 55)
-> Request 1
1244
(1, 1, 1)
2
(50, 53)
--> Day : 2
-> Request 0
0
(1, 2, 2)
2
(76, 10)
-> Request 1
56
(2, 1, 1)
3
(42, 21)
-> Request 2
169
(1, 3, 1)
1
(10, 3)
-> Request 3
427
(1, 1, 2)
1
(32, 37)
-> Request 4
648
(1, 1, 1)
2
(44, 11)
-> Request 5
800
(1, 3, 1)
3
(54, 32)
-> Request 6
1145
(2, 2, 1)
3
(33, 8)
-> Request 7
1279
(2, 2, 1)
1
(48, 44)
--> Day : 3
-> Request 0
66
(3, 2, 2)
1
(72, 21)
-> Request 1
270
(3, 2, 1)
1
(73, 8)
-> Request 2
1279
(2, 3, 2)
2
(15, 23)
--> Day : 4
-> Request 0
516
(4, 2, 2)
3
(55, 74)
-> Request 1
598
(4, 2, 1)
1
(18, 54)
-> Request 2
1222
(2, 3, 2)
1
(48, 3)
-> Request 3
1340
(3, 3, 2)
2
(20, 51)
---> Week : 97
--> Day : 0
-> Request 0
90
(1, 2, 2)
2
(42, 43)
-> Request 1
140
(2, 3, 2)
3
(70, 75)
-> Request 2
683
(2, 3, 2)
3
(21, 56)
-> Request 3
898
(1, 1, 1)
1
(62, 69)
-> Request 4
937
(2, 3, 2)
1
(53, 20)
-> Request 5
971
(2, 1, 2)
2
(12, 22)
-> Request 6
1166
(2, 3, 2)
1
(20, 1)
--> Day : 1
-> Request 0
405
(3, 2, 2)
1
(15, 66)
-> Request 1
552
(2, 1, 2)
3
(17, 61)
-> Request 2
1164
(2, 3, 2)
2
(3, 59)
-> Request 3
1244
(3, 2, 1)
1
(19, 69)
-> Request 4
1249
(2, 3, 1)
1
(53, 73)
--> Day : 2
-> Request 0
483
(3, 1, 1)
2
(78, 56)
-> Request 1
748
(3, 2, 1)
1
(46, 25)
-> Request 2
920
(2, 3, 1)
1
(24, 47)
--> Day : 3
-> Request 0
325
(2, 3, 2)
1
(17, 49)
-> Request 1
628
(1, 3, 2)
1
(59, 62)
-> Request 2
715
(4, 3, 2)
2
(12, 71)
--> Day : 4
-> Request 0
940
(2, 2, 1)
1
(5, 53)
-> Request 1
1333
(2, 1, 1)
3
(9, 68)
---> Week : 98
--> Day : 0
-> Request 0
316
(2, 1, 2)
2
(79, 10)
-> Request 1
809
(4, 1, 2)
2
(16, 27)
-> Request 2
912
(2, 2, 2)
2
(63, 71)
-> Request 3
1247
(4, 1, 2)
3
(78, 11)
--> Day : 1
-> Request 0
854
(2, 1, 2)
2
(36, 44)
-> Request 1
1183
(3, 1, 2)
1
(15, 79)
--> Day : 2
-> Request 0
658
(3, 1, 1)
1
(39, 15)
-> Request 1
848
(1, 2, 2)
3
(73, 67)
-> Request 2
875
(1, 2, 1)
1
(74, 15)
--> Day : 3
-> Request 0
157
(4, 3, 2)
2
(49, 74)
-> Request 1
162
(4, 1, 1)
1
(47, 32)
-> Request 2
553
(4, 3, 2)
2
(11, 31)
-> Request 3
623
(3, 1, 2)
2
(39, 69)
-> Request 4
780
(3, 3, 2)
1
(59, 23)
-> Request 5
1251
(4, 1, 2)
1
(29, 7)
--> Day : 4
-> Request 0
897
(2, 1, 1)
3
(35, 2)
-> Request 1
904
(3, 1, 2)
2
(21, 75)
-> Request 2
1149
(3, 2, 1)
1
(79, 48)
---> Week : 99
--> Day : 0
-> Request 0
228
(4, 2, 1)
2
(47, 34)
-> Request 1
1269
(1, 1, 2)
1
(7, 34)
--> Day : 1
-> Request 0
1029
(3, 1, 2)
3
(54, 24)
--> Day : 2
-> Request 0
105
(3, 2, 1)
3
(40, 2)
-> Request 1
824
(2, 2, 1)
1
(8, 62)
--> Day : 3
-> Request 0
96
(2, 2, 2)
3
(68, 49)
-> Request 1
188
(4, 3, 2)
3
(72, 19)
--> Day : 4
-> Request 0
292
(4, 3, 2)
1
(6, 24)
-> Request 1
1093
(2, 3, 1)
3
(44, 3)
-> Request 2
1261
(3, 3, 2)
3
(27, 76)
---> Week : 100
--> Day : 0
-> Request 0
342
(4, 1, 2)
1
(79, 37)
-> Request 1
1189
(4, 1, 1)
1
(28, 32)
-> Request 2
1417
(3, 1, 2)
2
(31, 2)
--> Day : 1
-> Request 0
90
(4, 3, 1)
1
(11, 63)
-> Request 1
752
(3, 2, 1)
3
(33, 5)
-> Request 2
942
(3, 3, 2)
1
(1, 51)
-> Request 3
1283
(2, 3, 2)
2
(75, 7)
--> Day : 2
-> Request 0
114
(4, 2, 2)
3
(12, 77)
-> Request 1
266
(4, 3, 2)
3
(29, 75)
-> Request 2
496
(2, 2, 2)
1
(55, 38)
-> Request 3
1267
(3, 3, 2)
1
(37, 41)
-> Request 4
1324
(3, 1, 1)
2
(55, 31)
-> Request 5
1360
(3, 2, 2)
2
(72, 61)
--> Day : 3
-> Request 0
332
(3, 1, 1)
1
(16, 62)
-> Request 1
435
(4, 1, 2)
1
(42, 31)
--> Day : 4
-> Request 0
160
(1, 1, 1)
3
(25, 78)
-> Request 1
466
(3, 1, 2)
2
(13, 54)
-> Request 2
1262
(1, 1, 2)
2
(54, 65)
-> Request 3
1400
(3, 1, 1)
1
(31, 67)
-> Request 4
1417
(4, 1, 1)
3
(12, 19)
-> Request 5
1419
(4, 2, 2)
2
(68, 57)
---> Week : 101
--> Day : 0
-> Request 0
53
(3, 2, 1)
1
(32, 43)
-> Request 1
326
(3, 2, 1)
1
(31, 25)
-> Request 2
601
(2, 1, 1)
2
(11, 40)
-> Request 3
1020
(2, 1, 1)
3
(37, 29)
--> Day : 1
-> Request 0
114
(2, 2, 1)
3
(60, 33)
-> Request 1
305
(2, 3, 2)
3
(43, 21)
-> Request 2
832
(4, 1, 1)
1
(22, 65)
-> Request 3
941
(3, 2, 1)
3
(1, 37)
-> Request 4
953
(3, 3, 1)
2
(53, 31)
--> Day : 2
-> Request 0
82
(3, 2, 1)
2
(44, 72)
-> Request 1
382
(2, 3, 2)
2
(22, 25)
--> Day : 3
-> Request 0
383
(4, 3, 1)
3
(44, 40)
-> Request 1
388
(1, 1, 1)
3
(15, 29)
-> Request 2
763
(2, 1, 2)
3
(36, 58)
-> Request 3
1075
(4, 1, 2)
3
(17, 44)
--> Day : 4
-> Request 0
28
(4, 2, 1)
3
(39, 33)
-> Request 1
240
(1, 1, 2)
2
(69, 68)
-> Request 2
339
(4, 3, 2)
2
(10, 32)
-> Request 3
427
(2, 3, 1)
3
(51, 16)
---> Week : 102
--> Day : 0
-> Request 0
77
(3, 1, 1)
3
(52, 45)
-> Request 1
879
(2, 1, 2)
1
(56, 57)
-> Request 2
879
(1, 1, 1)
3
(68, 29)
-> Request 3
1018
(1, 2, 1)
1
(75, 24)
-> Request 4
1380
(4, 3, 2)
3
(63, 64)
--> Day : 1
-> Request 0
78
(1, 2, 1)
2
(5, 54)
-> Request 1
191
(4, 3, 2)
1
(71, 48)
-> Request 2
705
(2, 2, 1)
1
(30, 47)
-> Request 3
996
(1, 1, 1)
2
(11, 47)
-> Request 4
1109
(1, 3, 1)
3
(62, 26)
--> Day : 2
-> Request 0
465
(1, 1, 2)
1
(15, 67)
-> Request 1
1079
(4, 3, 1)
3
(24, 0)
--> Day : 3
-> Request 0
80
(4, 3, 1)
2
(12, 40)
-> Request 1
151
(3, 3, 2)
2
(32, 10)
-> Request 2
177
(2, 2, 1)
2
(26, 76)
-> Request 3
240
(3, 3, 2)
2
(57, 38)
-> Request 4
262
(4, 2, 1)
2
(36, 68)
-> Request 5
342
(4, 2, 1)
2
(48, 20)
-> Request 6
708
(2, 2, 2)
1
(36, 19)
-> Request 7
1010
(1, 2, 2)
2
(60, 77)
--> Day : 4
-> Request 0
418
(1, 3, 2)
2
(21, 66)
-> Request 1
956
(3, 1, 2)
1
(52, 10)
-> Request 2
1068
(1, 2, 1)
2
(65, 10)
-> Request 3
1136
(4, 2, 2)
2
(31, 40)
---> Week : 103
--> Day : 0
-> Request 0
103
(3, 2, 1)
2
(16, 59)
-> Request 1
452
(2, 3, 2)
3
(48, 79)
-> Request 2
479
(3, 2, 1)
3
(35, 26)
-> Request 3
963
(2, 3, 1)
2
(5, 55)
-> Request 4
976
(3, 1, 1)
2
(40, 16)
--> Day : 1
-> Request 0
242
(1, 1, 1)
1
(38, 74)
-> Request 1
788
(4, 2, 2)
2
(28, 10)
-> Request 2
915
(1, 1, 2)
2
(2, 73)
-> Request 3
1165
(1, 3, 1)
1
(8, 37)
--> Day : 2
-> Request 0
350
(2, 2, 2)
3
(8, 24)
-> Request 1
427
(3, 1, 1)
3
(39, 22)
--> Day : 3
-> Request 0
356
(1, 2, 2)
2
(57, 10)
-> Request 1
385
(3, 2, 1)
2
(29, 55)
-> Request 2
751
(3, 2, 1)
2
(10, 11)
-> Request 3
911
(1, 1, 2)
2
(24, 48)
--> Day : 4
-> Request 0
104
(2, 1, 1)
2
(54, 74)
-> Request 1
133
(2, 1, 1)
3
(78, 54)
-> Request 2
570
(2, 2, 2)
2
(12, 22)
-> Request 3
592
(2, 3, 1)
3
(7, 5)
-> Request 4
779
(2, 2, 1)
2
(17, 58)
-> Request 5
1283
(4, 3, 2)
1
(6, 37)
-> Request 6
1351
(1, 2, 1)
3
(29, 43)
---> Week : 104
--> Day : 0
-> Request 0
3
(2, 1, 1)
2
(16, 26)
-> Request 1
532
(4, 1, 2)
2
(41, 21)
--> Day : 1
-> Request 0
143
(3, 1, 1)
1
(35, 24)
-> Request 1
933
(3, 1, 2)
1
(55, 47)
--> Day : 2
-> Request 0
154
(2, 3, 2)
2
(1, 64)
-> Request 1
293
(1, 2, 2)
3
(12, 32)
-> Request 2
509
(2, 3, 1)
2
(10, 68)
-> Request 3
1000
(3, 2, 2)
2
(26, 68)
--> Day : 3
-> Request 0
597
(2, 2, 2)
3
(12, 14)
-> Request 1
769
(3, 1, 1)
2
(45, 41)
-> Request 2
827
(4, 1, 2)
1
(59, 19)
-> Request 3
1247
(4, 2, 2)
3
(6, 72)
--> Day : 4
-> Request 0
595
(4, 2, 1)
2
(55, 42)
-> Request 1
693
(4, 1, 1)
2
(30, 43)
-> Request 2
1074
(3, 1, 1)
3
(6, 20)
-> Request 3
1175
(3, 1, 1)
3
(52, 15)
-> Request 4
1259
(1, 3, 2)
2
(25, 22)
-> Request 5
1309
(1, 1, 1)
2
(31, 74)
-> Request 6
1363
(4, 3, 1)
1
(4, 13)
---> Week : 105
--> Day : 0
-> Request 0
47
(4, 2, 2)
2
(60, 40)
-> Request 1
122
(1, 1, 1)
1
(11, 51)
-> Request 2
281
(1, 1, 1)
3
(37, 29)
-> Request 3
281
(1, 1, 2)
3
(78, 44)
-> Request 4
751
(4, 1, 1)
3
(22, 11)
-> Request 5
889
(3, 1, 2)
2
(46, 24)
--> Day : 1
-> Request 0
94
(4, 1, 1)
3
(73, 71)
-> Request 1
573
(2, 3, 1)
2
(48, 19)
-> Request 2
832
(3, 3, 2)
2
(49, 48)
-> Request 3
1257
(4, 1, 1)
2
(39, 4)
-> Request 4
1363
(3, 3, 2)
3
(42, 63)
--> Day : 2
-> Request 0
405
(3, 3, 2)
3
(37, 40)
-> Request 1
1150
(1, 3, 2)
1
(62, 16)
-> Request 2
1410
(4, 3, 1)
1
(2, 28)
--> Day : 3
-> Request 0
283
(1, 2, 1)
3
(22, 38)
-> Request 1
1024
(1, 3, 1)
1
(78, 72)
-> Request 2
1217
(3, 2, 1)
2
(8, 27)
--> Day : 4
-> Request 0
35
(1, 2, 2)
3
(66, 48)
-> Request 1
353
(1, 2, 1)
1
(24, 57)
-> Request 2
938
(1, 1, 1)
2
(35, 28)
-> Request 3
1032
(3, 3, 2)
1
(12, 4)
-> Request 4
1120
(1, 1, 2)
2
(77, 5)
-> Request 5
1232
(2, 3, 1)
3
(42, 47)
-> Request 6
1237
(1, 1, 2)
2
(18, 46)
---> Week : 106
--> Day : 0
-> Request 0
227
(2, 2, 2)
1
(76, 11)
-> Request 1
303
(1, 2, 1)
1
(55, 17)
-> Request 2
394
(3, 1, 2)
2
(20, 26)
-> Request 3
535
(2, 2, 2)
3
(70, 18)
-> Request 4
633
(4, 3, 1)
3
(3, 42)
--> Day : 1
--> Day : 2
-> Request 0
37
(3, 2, 2)
1
(26, 75)
-> Request 1
65
(2, 3, 1)
1
(13, 67)
-> Request 2
297
(1, 1, 1)
2
(1, 56)
-> Request 3
1059
(1, 3, 1)
1
(38, 62)
--> Day : 3
-> Request 0
1235
(1, 2, 1)
3
(54, 30)
--> Day : 4
-> Request 0
240
(4, 3, 1)
2
(79, 42)
-> Request 1
568
(3, 1, 1)
2
(16, 29)
-> Request 2
751
(1, 3, 2)
1
(48, 11)
-> Request 3
1213
(3, 2, 1)
3
(35, 36)
-> Request 4
1298
(2, 2, 1)
3
(74, 25)
---> Week : 107
--> Day : 0
-> Request 0
355
(3, 3, 1)
2
(13, 36)
-> Request 1
394
(4, 2, 1)
2
(61, 53)
-> Request 2
513
(4, 1, 1)
1
(13, 79)
-> Request 3
597
(3, 1, 1)
3
(4, 28)
-> Request 4
918
(3, 1, 2)
3
(8, 66)
--> Day : 1
-> Request 0
323
(1, 2, 1)
1
(38, 66)
-> Request 1
479
(2, 1, 1)
2
(20, 47)
-> Request 2
536
(3, 2, 2)
1
(53, 60)
-> Request 3
1222
(4, 3, 2)
2
(22, 12)
--> Day : 2
-> Request 0
443
(4, 3, 1)
1
(34, 19)
-> Request 1
723
(4, 2, 2)
1
(43, 67)
-> Request 2
986
(2, 1, 1)
2
(15, 65)
--> Day : 3
-> Request 0
687
(4, 2, 2)
2
(71, 20)
-> Request 1
1402
(3, 1, 1)
2
(13, 75)
--> Day : 4
-> Request 0
102
(2, 1, 2)
2
(50, 29)
-> Request 1
441
(4, 2, 2)
1
(28, 36)
-> Request 2
626
(3, 2, 1)
3
(8, 45)
-> Request 3
871
(2, 2, 2)
1
(11, 70)
-> Request 4
1260
(2, 2, 2)
2
(69, 28)
-> Request 5
1330
(1, 2, 2)
2
(34, 34)
---> Week : 108
--> Day : 0
-> Request 0
194
(4, 2, 1)
3
(27, 79)
-> Request 1
579
(2, 1, 2)
3
(76, 2)
-> Request 2
824
(4, 1, 2)
1
(52, 22)
--> Day : 1
-> Request 0
391
(3, 2, 1)
1
(50, 45)
-> Request 1
1026
(3, 1, 2)
1
(69, 35)
-> Request 2
1149
(4, 2, 1)
3
(72, 5)
--> Day : 2
-> Request 0
187
(3, 1, 1)
3
(55, 2)
-> Request 1
510
(1, 2, 2)
2
(3, 70)
-> Request 2
587
(2, 2, 2)
2
(14, 55)
-> Request 3
787
(4, 3, 2)
3
(65, 50)
-> Request 4
1235
(3, 3, 2)
2
(33, 59)
--> Day : 3
-> Request 0
370
(3, 3, 1)
1
(18, 35)
-> Request 1
1134
(3, 2, 2)
1
(52, 70)
--> Day : 4
-> Request 0
109
(4, 2, 2)
1
(53, 66)
-> Request 1
136
(1, 3, 1)
2
(73, 69)
-> Request 2
282
(4, 1, 1)
2
(7, 76)
-> Request 3
375
(3, 1, 1)
1
(79, 43)
-> Request 4
611
(1, 1, 1)
3
(13, 4)
-> Request 5
845
(1, 1, 2)
1
(59, 51)
-> Request 6
1094
(3, 1, 1)
3
(71, 20)
---> Week : 109
--> Day : 0
-> Request 0
50
(4, 1, 2)
2
(53, 57)
-> Request 1
370
(4, 1, 1)
2
(0, 58)
-> Request 2
439
(4, 2, 2)
1
(47, 41)
--> Day : 1
-> Request 0
360
(2, 2, 1)
3
(10, 76)
-> Request 1
490
(1, 1, 1)
2
(43, 0)
-> Request 2
539
(4, 3, 2)
1
(56, 73)
-> Request 3
1060
(2, 3, 2)
3
(30, 52)
--> Day : 2
-> Request 0
445
(2, 2, 2)
3
(31, 76)
-> Request 1
1236
(4, 2, 1)
3
(0, 65)
--> Day : 3
-> Request 0
11
(2, 2, 1)
1
(53, 64)
-> Request 1
228
(1, 3, 2)
1
(64, 3)
-> Request 2
310
(4, 1, 1)
2
(17, 20)
-> Request 3
1143
(2, 3, 2)
1
(17, 70)
-> Request 4
1400
(3, 2, 1)
3
(13, 53)
--> Day : 4
-> Request 0
415
(1, 2, 1)
3
(67, 67)
-> Request 1
913
(1, 2, 1)
3
(61, 68)
-> Request 2
1152
(4, 1, 2)
2
(12, 59)
---> Week : 110
--> Day : 0
-> Request 0
42
(3, 2, 2)
1
(42, 49)
-> Request 1
316
(3, 1, 1)
1
(38, 53)
-> Request 2
825
(2, 2, 1)
1
(58, 36)
-> Request 3
1373
(2, 2, 1)
1
(74, 20)
--> Day : 1
-> Request 0
89
(4, 2, 2)
2
(20, 67)
-> Request 1
460
(2, 3, 1)
2
(55, 1)
-> Request 2
844
(4, 1, 1)
1
(14, 17)
--> Day : 2
-> Request 0
185
(3, 2, 2)
2
(21, 11)
-> Request 1
912
(3, 1, 2)
1
(16, 1)
-> Request 2
1037
(3, 1, 2)
2
(5, 75)
-> Request 3
1397
(4, 1, 1)
1
(76, 45)
--> Day : 3
-> Request 0
88
(4, 3, 1)
3
(53, 20)
-> Request 1
227
(3, 1, 2)
2
(14, 19)
-> Request 2
600
(1, 2, 1)
3
(50, 29)
-> Request 3
616
(2, 1, 1)
1
(36, 58)
-> Request 4
1417
(2, 3, 1)
2
(28, 45)
-> Request 5
1429
(2, 1, 2)
1
(13, 70)
--> Day : 4
-> Request 0
921
(4, 1, 2)
2
(3, 56)
-> Request 1
962
(3, 3, 1)
2
(48, 54)
-> Request 2
989
(3, 2, 1)
3
(29, 51)
-> Request 3
1012
(4, 1, 1)
2
(56, 12)
-> Request 4
1047
(1, 3, 1)
3
(16, 72)
-> Request 5
1099
(1, 3, 2)
1
(10, 57)
-> Request 6
1182
(3, 2, 2)
1
(37, 2)
-> Request 7
1352
(4, 3, 2)
1
(26, 43)
---> Week : 111
--> Day : 0
-> Request 0
80
(2, 3, 2)
1
(79, 35)
-> Request 1
374
(4, 1, 2)
1
(36, 41)
-> Request 2
587
(3, 1, 1)
2
(7, 40)
-> Request 3
1292
(3, 1, 1)
3
(67, 18)
--> Day : 1
-> Request 0
14
(3, 2, 1)
1
(78, 27)
-> Request 1
21
(3, 2, 2)
1
(5, 15)
-> Request 2
105
(2, 1, 2)
3
(65, 75)
-> Request 3
266
(3, 3, 2)
3
(10, 60)
-> Request 4
455
(2, 2, 2)
1
(20, 35)
-> Request 5
881
(3, 3, 2)
1
(33, 38)
-> Request 6
1145
(4, 3, 1)
3
(5, 0)
-> Request 7
1217
(3, 3, 2)
1
(29, 55)
-> Request 8
1305
(4, 3, 1)
1
(6, 48)
-> Request 9
1312
(3, 1, 1)
1
(66, 56)
--> Day : 2
-> Request 0
351
(1, 1, 2)
3
(41, 34)
-> Request 1
359
(4, 3, 1)
1
(31, 14)
-> Request 2
682
(3, 1, 2)
1
(41, 27)
-> Request 3
720
(2, 3, 2)
1
(15, 50)
-> Request 4
1332
(1, 2, 1)
3
(45, 78)
-> Request 5
1374
(2, 3, 2)
2
(44, 33)
--> Day : 3
-> Request 0
22
(1, 2, 2)
2
(38, 6)
-> Request 1
194
(4, 1, 2)
3
(54, 28)
-> Request 2
471
(3, 2, 2)
3
(16, 59)
-> Request 3
547
(3, 3, 2)
2
(57, 62)
-> Request 4
1322
(2, 3, 2)
1
(19, 28)
--> Day : 4
-> Request 0
84
(2, 1, 2)
3
(43, 5)
-> Request 1
1006
(3, 3, 1)
1
(37, 49)
-> Request 2
1142
(1, 1, 2)
3
(15, 15)
-> Request 3
1227
(2, 2, 2)
3
(7, 12)
---> Week : 112
--> Day : 0
-> Request 0
271
(2, 2, 2)
3
(21, 0)
-> Request 1
1098
(2, 2, 2)
2
(50, 61)
-> Request 2
1155
(2, 2, 2)
3
(48, 2)
-> Request 3
1191
(3, 1, 1)
2
(51, 37)
-> Request 4
1235
(2, 1, 1)
3
(39, 76)
--> Day : 1
-> Request 0
72
(3, 2, 2)
3
(11, 13)
-> Request 1
509
(3, 1, 1)
1
(62, 22)
-> Request 2
555
(2, 3, 2)
1
(5, 64)
--> Day : 2
-> Request 0
306
(2, 3, 1)
2
(39, 75)
--> Day : 3
-> Request 0
55
(2, 2, 1)
3
(33, 47)
-> Request 1
359
(4, 1, 1)
1
(55, 77)
-> Request 2
432
(4, 2, 1)
2
(44, 22)
-> Request 3
857
(2, 2, 1)
1
(18, 1)
-> Request 4
893
(4, 3, 2)
2
(40, 67)
-> Request 5
937
(2, 1, 1)
3
(54, 53)
-> Request 6
974
(1, 2, 2)
1
(24, 23)
--> Day : 4
-> Request 0
1149
(4, 3, 1)
2
(79, 48)
-> Request 1
1340
(3, 2, 1)
1
(64, 30)
---> Week : 113
--> Day : 0
-> Request 0
288
(1, 2, 1)
2
(69, 28)
-> Request 1
773
(3, 3, 1)
2
(26, 22)
-> Request 2
1226
(2, 1, 1)
3
(44, 71)
--> Day : 1
-> Request 0
1123
(1, 2, 1)
2
(62, 67)
--> Day : 2
-> Request 0
237
(4, 3, 1)
3
(48, 26)
-> Request 1
404
(3, 2, 2)
1
(14, 13)
-> Request 2
1172
(4, 3, 1)
2
(5, 56)
-> Request 3
1332
(2, 2, 1)
2
(79, 46)
--> Day : 3
-> Request 0
475
(4, 1, 2)
3
(35, 76)
-> Request 1
999
(4, 3, 2)
1
(2, 35)
--> Day : 4
-> Request 0
82
(2, 3, 1)
3
(31, 44)
-> Request 1
144
(3, 3, 2)
3
(47, 65)
-> Request 2
319
(1, 3, 2)
1
(20, 47)
-> Request 3
378
(4, 2, 2)
3
(4, 43)
-> Request 4
378
(4, 3, 2)
3
(48, 4)
-> Request 5
654
(2, 3, 1)
1
(48, 3)
-> Request 6
692
(2, 1, 1)
2
(54, 75)
-> Request 7
1238
(1, 2, 1)
2
(60, 68)
---> Week : 114
--> Day : 0
-> Request 0
228
(3, 2, 2)
3
(29, 59)
-> Request 1
545
(4, 1, 2)
1
(63, 77)
-> Request 2
608
(1, 2, 2)
3
(32, 32)
-> Request 3
832
(4, 3, 2)
1
(41, 37)
-> Request 4
1384
(2, 3, 1)
1
(70, 10)
--> Day : 1
-> Request 0
865
(3, 2, 1)
2
(21, 51)
-> Request 1
1301
(2, 3, 2)
3
(56, 37)
--> Day : 2
-> Request 0
332
(3, 1, 2)
3
(66, 33)
-> Request 1
1076
(3, 2, 2)
3
(40, 31)
--> Day : 3
-> Request 0
621
(3, 1, 2)
1
(72, 32)
--> Day : 4
-> Request 0
226
(2, 2, 2)
1
(7, 40)
-> Request 1
275
(4, 1, 1)
2
(62, 49)
-> Request 2
333
(4, 2, 1)
2
(60, 36)
-> Request 3
781
(4, 3, 1)
3
(36, 33)
-> Request 4
1075
(1, 2, 2)
1
(5, 46)
-> Request 5
1256
(4, 3, 2)
2
(68, 20)
-> Request 6
1282
(3, 1, 1)
1
(14, 45)
---> Week : 115
--> Day : 0
-> Request 0
407
(2, 3, 1)
2
(46, 16)
-> Request 1
1361
(1, 1, 2)
2
(48, 8)
--> Day : 1
-> Request 0
48
(1, 3, 2)
1
(69, 20)
-> Request 1
79
(2, 1, 1)
3
(57, 79)
-> Request 2
297
(1, 1, 2)
2
(41, 76)
-> Request 3
1118
(2, 1, 1)
2
(47, 2)
--> Day : 2
-> Request 0
54
(4, 3, 2)
2
(54, 34)
-> Request 1
82
(2, 1, 2)
3
(48, 18)
-> Request 2
326
(3, 2, 2)
3
(12, 20)
--> Day : 3
-> Request 0
444
(3, 1, 2)
1
(52, 63)
-> Request 1
553
(1, 1, 2)
1
(79, 26)
-> Request 2
691
(1, 2, 2)
3
(37, 33)
--> Day : 4
-> Request 0
312
(1, 3, 2)
2
(55, 62)
-> Request 1
338
(3, 1, 2)
1
(44, 79)
-> Request 2
1027
(3, 1, 2)
2
(8, 4)
-> Request 3
1075
(1, 2, 2)
2
(27, 41)
---> Week : 116
--> Day : 0
-> Request 0
255
(2, 2, 1)
3
(34, 28)
-> Request 1
956
(1, 1, 2)
2
(58, 38)
-> Request 2
1137
(3, 1, 1)
3
(57, 9)
-> Request 3
1244
(2, 1, 2)
2
(0, 32)
--> Day : 1
-> Request 0
57
(4, 1, 2)
2
(58, 7)
-> Request 1
74
(4, 3, 1)
3
(9, 45)
-> Request 2
193
(1, 1, 1)
1
(38, 16)
-> Request 3
636
(2, 2, 2)
2
(25, 73)
--> Day : 2
-> Request 0
42
(4, 3, 2)
3
(70, 23)
-> Request 1
130
(3, 1, 2)
1
(76, 21)
-> Request 2
619
(1, 2, 2)
1
(64, 62)
-> Request 3
785
(3, 3, 2)
2
(63, 42)
-> Request 4
1236
(4, 1, 1)
1
(67, 69)
--> Day : 3
-> Request 0
190
(2, 2, 2)
3
(26, 44)
-> Request 1
483
(2, 2, 1)
1
(20, 56)
-> Request 2
690
(2, 3, 1)
3
(36, 67)
-> Request 3
918
(4, 2, 1)
2
(78, 25)
-> Request 4
1013
(1, 1, 2)
3
(22, 42)
--> Day : 4
-> Request 0
10
(1, 3, 1)
1
(6, 18)
-> Request 1
855
(3, 2, 2)
2
(59, 79)
-> Request 2
1155
(4, 3, 1)
2
(38, 73)
---> Week : 117
--> Day : 0
-> Request 0
35
(3, 1, 2)
2
(43, 34)
-> Request 1
123
(1, 1, 1)
2
(60, 74)
-> Request 2
320
(2, 1, 1)
1
(76, 76)
-> Request 3
504
(2, 3, 1)
1
(14, 5)
-> Request 4
1427
(3, 1, 1)
2
(3, 58)
--> Day : 1
-> Request 0
190
(2, 3, 2)
1
(60, 29)
-> Request 1
271
(1, 2, 2)
2
(59, 34)
-> Request 2
348
(4, 1, 2)
1
(8, 78)
-> Request 3
1252
(1, 2, 1)
2
(64, 9)
--> Day : 2
--> Day : 3
-> Request 0
102
(1, 1, 2)
3
(40, 41)
-> Request 1
499
(4, 3, 2)
1
(59, 44)
-> Request 2
574
(1, 1, 1)
2
(24, 75)
-> Request 3
1436
(1, 1, 2)
3
(64, 69)
--> Day : 4
-> Request 0
273
(4, 3, 2)
1
(46, 21)
-> Request 1
661
(2, 1, 2)
2
(5, 56)
-> Request 2
922
(4, 1, 2)
3
(28, 11)
---> Week : 118
--> Day : 0
-> Request 0
37
(4, 1, 1)
2
(47, 34)
-> Request 1
618
(1, 1, 1)
1
(28, 33)
-> Request 2
703
(4, 1, 1)
2
(0, 25)
-> Request 3
766
(3, 3, 2)
3
(11, 36)
-> Request 4
1391
(2, 3, 1)
1
(38, 33)
--> Day : 1
-> Request 0
62
(4, 2, 2)
1
(53, 5)
-> Request 1
1218
(1, 3, 2)
1
(32, 55)
-> Request 2
1333
(4, 1, 2)
3
(36, 2)
--> Day : 2
-> Request 0
149
(3, 1, 2)
3
(4, 43)
-> Request 1
234
(3, 2, 1)
2
(2, 19)
-> Request 2
344
(3, 1, 2)
3
(74, 11)
-> Request 3
521
(2, 2, 1)
3
(51, 61)
-> Request 4
1126
(4, 3, 1)
2
(10, 55)
-> Request 5
1311
(2, 2, 1)
3
(22, 55)
-> Request 6
1392
(2, 3, 1)
1
(57, 44)
--> Day : 3
-> Request 0
26
(3, 2, 1)
3
(19, 28)
-> Request 1
41
(1, 2, 2)
3
(15, 52)
-> Request 2
179
(4, 1, 1)
2
(73, 64)
-> Request 3
362
(1, 3, 1)
3
(57, 50)
-> Request 4
585
(3, 3, 2)
2
(27, 56)
-> Request 5
1184
(3, 2, 2)
2
(7, 64)
--> Day : 4
-> Request 0
211
(4, 1, 1)
1
(44, 46)
-> Request 1
268
(1, 3, 2)
2
(16, 57)
-> Request 2
680
(4, 3, 2)
3
(17, 20)
---> Week : 119
--> Day : 0
-> Request 0
628
(3, 1, 2)
3
(38, 29)
-> Request 1
1286
(2, 2, 1)
1
(40, 27)
--> Day : 1
-> Request 0
23
(2, 2, 1)
3
(32, 1)
-> Request 1
115
(3, 3, 2)
1
(28, 21)
-> Request 2
532
(3, 2, 2)
3
(52, 3)
-> Request 3
570
(1, 3, 1)
2
(19, 23)
-> Request 4
792
(4, 3, 2)
2
(41, 13)
-> Request 5
915
(4, 3, 2)
3
(58, 21)
-> Request 6
1414
(4, 3, 1)
1
(52, 76)
--> Day : 2
-> Request 0
1018
(1, 2, 2)
1
(0, 78)
--> Day : 3
-> Request 0
803
(4, 3, 1)
3
(39, 29)
-> Request 1
1105
(3, 2, 2)
3
(47, 30)
-> Request 2
1340
(3, 1, 1)
3
(38, 29)
--> Day : 4
-> Request 0
112
(1, 2, 2)
3
(38, 3)
-> Request 1
873
(4, 3, 1)
2
(40, 20)
-> Request 2
933
(1, 3, 1)
3
(65, 75)
-> Request 3
1262
(1, 2, 1)
3
(5, 50)
---> Week : 120
--> Day : 0
-> Request 0
622
(3, 3, 1)
2
(43, 57)
-> Request 1
732
(1, 1, 1)
3
(15, 38)
-> Request 2
1317
(4, 3, 2)
3
(62, 9)
--> Day : 1
-> Request 0
201
(2, 2, 1)
1
(17, 75)
-> Request 1
873
(3, 1, 1)
1
(46, 20)
-> Request 2
1039
(4, 3, 1)
1
(53, 66)
--> Day : 2
-> Request 0
1020
(3, 1, 2)
3
(18, 55)
--> Day : 3
-> Request 0
341
(4, 3, 1)
3
(18, 3)
-> Request 1
433
(1, 1, 2)
1
(29, 70)
-> Request 2
738
(2, 1, 1)
2
(78, 3)
-> Request 3
876
(2, 2, 1)
3
(64, 74)
-> Request 4
1087
(2, 1, 1)
2
(68, 43)
--> Day : 4
-> Request 0
1058
(4, 3, 2)
2
(15, 47)
---> Week : 121
--> Day : 0
-> Request 0
774
(1, 1, 2)
3
(51, 8)
-> Request 1
1193
(3, 2, 2)
3
(27, 53)
--> Day : 1
-> Request 0
680
(1, 1, 2)
1
(47, 27)
--> Day : 2
-> Request 0
1109
(2, 3, 1)
1
(11, 77)
-> Request 1
1365
(3, 3, 1)
1
(34, 5)
--> Day : 3
-> Request 0
196
(1, 2, 1)
3
(51, 35)
-> Request 1
539
(1, 1, 2)
3
(64, 28)
-> Request 2
562
(1, 2, 2)
3
(53, 74)
-> Request 3
1344
(2, 1, 2)
3
(31, 1)
-> Request 4
1360
(1, 2, 2)
2
(40, 36)
-> Request 5
1409
(2, 3, 2)
1
(6, 17)
--> Day : 4
-> Request 0
66
(2, 3, 1)
3
(36, 51)
-> Request 1
380
(1, 1, 2)
1
(62, 61)
-> Request 2
663
(4, 2, 1)
2
(37, 26)
-> Request 3
804
(2, 3, 2)
2
(42, 28)
-> Request 4
938
(4, 3, 2)
1
(55, 11)
-> Request 5
1181
(2, 3, 1)
1
(28, 75)
-> Request 6
1356
(3, 3, 2)
2
(35, 78)
---> Week : 122
--> Day : 0
-> Request 0
56
(4, 1, 2)
1
(45, 13)
-> Request 1
458
(4, 3, 2)
3
(60, 22)
-> Request 2
479
(3, 3, 2)
3
(15, 19)
-> Request 3
699
(4, 3, 2)
1
(20, 13)
-> Request 4
1004
(2, 1, 2)
3
(3, 6)
-> Request 5
1368
(3, 2, 2)
1
(72, 62)
-> Request 6
1408
(2, 2, 2)
1
(62, 10)
--> Day : 1
-> Request 0
55
(1, 3, 2)
1
(52, 76)
-> Request 1
1229
(1, 2, 1)
2
(67, 30)
-> Request 2
1394
(2, 2, 1)
3
(41, 18)
--> Day : 2
-> Request 0
403
(2, 2, 2)
3
(65, 54)
-> Request 1
755
(1, 3, 1)
1
(41, 18)
-> Request 2
786
(4, 3, 2)
1
(51, 48)
-> Request 3
1134
(3, 3, 2)
3
(66, 66)
--> Day : 3
-> Request 0
1157
(3, 2, 1)
2
(34, 53)
--> Day : 4
-> Request 0
34
(2, 1, 1)
2
(9, 23)
-> Request 1
197
(1, 1, 2)
3
(25, 40)
-> Request 2
344
(1, 2, 1)
3
(37, 57)
-> Request 3
396
(4, 2, 1)
3
(19, 19)
-> Request 4
411
(4, 3, 2)
2
(77, 54)
-> Request 5
462
(3, 1, 2)
2
(17, 44)
---> Week : 123
--> Day : 0
-> Request 0
265
(3, 2, 1)
3
(0, 7)
-> Request 1
371
(2, 3, 2)
2
(2, 24)
-> Request 2
386
(1, 2, 2)
2
(68, 37)
-> Request 3
906
(4, 2, 2)
1
(45, 35)
-> Request 4
1365
(2, 3, 1)
3
(23, 36)
--> Day : 1
-> Request 0
515
(2, 2, 1)
3
(40, 6)
-> Request 1
530
(4, 1, 2)
1
(34, 75)
-> Request 2
981
(1, 1, 2)
1
(7, 68)
--> Day : 2
-> Request 0
15
(3, 1, 1)
2
(0, 3)
-> Request 1
1019
(1, 1, 2)
2
(66, 55)
-> Request 2
1098
(4, 3, 1)
3
(7, 55)
-> Request 3
1153
(2, 3, 2)
3
(20, 29)
-> Request 4
1169
(3, 3, 2)
2
(67, 38)
--> Day : 3
-> Request 0
133
(1, 3, 2)
3
(35, 62)
-> Request 1
254
(4, 2, 2)
3
(33, 47)
-> Request 2
455
(4, 2, 1)
3
(67, 14)
-> Request 3
457
(1, 3, 2)
3
(76, 14)
-> Request 4
686
(2, 2, 1)
2
(32, 7)
-> Request 5
1385
(2, 2, 2)
3
(39, 25)
-> Request 6
1436
(2, 1, 1)
2
(56, 23)
--> Day : 4
-> Request 0
242
(2, 2, 2)
3
(37, 22)
-> Request 1
299
(1, 1, 1)
3
(4, 51)
-> Request 2
480
(3, 3, 1)
1
(74, 65)
-> Request 3
1064
(3, 2, 2)
2
(36, 34)
-> Request 4
1197
(2, 3, 1)
3
(32, 45)
---> Week : 124
--> Day : 0
-> Request 0
246
(2, 2, 2)
3
(55, 68)
-> Request 1
463
(4, 2, 1)
2
(41, 57)
-> Request 2
527
(4, 2, 1)
3
(64, 25)
-> Request 3
668
(2, 3, 1)
1
(30, 1)
-> Request 4
1251
(2, 2, 2)
2
(46, 8)
-> Request 5
1331
(4, 2, 2)
2
(52, 3)
--> Day : 1
-> Request 0
254
(1, 2, 1)
1
(70, 61)
-> Request 1
1285
(4, 3, 1)
1
(25, 44)
--> Day : 2
-> Request 0
689
(3, 3, 2)
3
(8, 56)
-> Request 1
803
(2, 1, 2)
3
(1, 52)
-> Request 2
833
(3, 1, 1)
3
(42, 17)
-> Request 3
1273
(4, 2, 2)
2
(54, 49)
-> Request 4
1401
(2, 2, 1)
2
(54, 40)
--> Day : 3
-> Request 0
210
(2, 2, 2)
3
(23, 39)
-> Request 1
266
(2, 1, 1)
3
(15, 48)
-> Request 2
470
(1, 1, 1)
1
(7, 32)
-> Request 3
760
(4, 3, 2)
1
(38, 71)
-> Request 4
1287
(1, 3, 2)
3
(51, 29)
--> Day : 4
-> Request 0
222
(1, 2, 2)
3
(28, 1)
-> Request 1
318
(2, 3, 2)
2
(29, 75)
-> Request 2
533
(2, 2, 1)
1
(32, 69)
-> Request 3
773
(2, 2, 2)
2
(36, 43)
---> Week : 125
--> Day : 0
-> Request 0
55
(3, 1, 2)
2
(72, 42)
-> Request 1
388
(3, 2, 1)
2
(10, 34)
-> Request 2
701
(1, 2, 1)
2
(12, 73)
-> Request 3
1246
(4, 3, 2)
2
(33, 8)
--> Day : 1
-> Request 0
159
(4, 1, 2)
2
(77, 77)
-> Request 1
553
(4, 3, 2)
2
(32, 17)
-> Request 2
714
(1, 2, 1)
3
(79, 70)
-> Request 3
748
(3, 2, 2)
3
(25, 44)
--> Day : 2
-> Request 0
407
(4, 2, 2)
3
(28, 72)
-> Request 1
776
(2, 2, 1)
3
(71, 31)
-> Request 2
848
(4, 3, 2)
3
(31, 11)
-> Request 3
1007
(4, 3, 1)
2
(41, 39)
-> Request 4
1198
(1, 1, 1)
2
(72, 26)
-> Request 5
1352
(2, 3, 1)
3
(78, 77)
-> Request 6
1353
(3, 2, 2)
3
(57, 28)
-> Request 7
1397
(4, 2, 1)
1
(16, 6)
--> Day : 3
-> Request 0
34
(3, 3, 2)
1
(73, 70)
-> Request 1
122
(1, 1, 1)
3
(9, 34)
-> Request 2
197
(3, 3, 2)
1
(28, 53)
-> Request 3
254
(3, 3, 2)
1
(10, 52)
-> Request 4
344
(3, 2, 1)
1
(13, 79)
-> Request 5
1111
(4, 1, 2)
2
(72, 7)
--> Day : 4
-> Request 0
296
(1, 2, 1)
2
(26, 48)
-> Request 1
1355
(4, 3, 2)
3
(7, 25)
---> Week : 126
--> Day : 0
-> Request 0
79
(4, 1, 2)
3
(63, 37)
-> Request 1
680
(1, 2, 1)
2
(28, 33)
--> Day : 1
-> Request 0
355
(2, 3, 1)
1
(21, 37)
-> Request 1
1200
(3, 2, 1)
2
(1, 78)
-> Request 2
1294
(4, 1, 2)
3
(9, 7)
--> Day : 2
-> Request 0
15
(4, 2, 2)
1
(41, 50)
-> Request 1
15
(2, 1, 1)
1
(39, 65)
-> Request 2
371
(2, 3, 2)
1
(2, 15)
-> Request 3
680
(4, 1, 1)
2
(27, 59)
-> Request 4
841
(3, 2, 1)
1
(24, 24)
-> Request 5
868
(1, 3, 1)
2
(20, 55)
-> Request 6
899
(1, 1, 1)
1
(47, 31)
-> Request 7
1042
(3, 3, 1)
3
(54, 17)
--> Day : 3
-> Request 0
308
(2, 1, 2)
2
(1, 3)
-> Request 1
942
(3, 2, 2)
3
(44, 43)
-> Request 2
1116
(4, 1, 2)
1
(29, 43)
--> Day : 4
-> Request 0
144
(3, 1, 2)
3
(50, 51)
-> Request 1
390
(3, 2, 2)
3
(6, 50)
-> Request 2
433
(1, 2, 2)
2
(27, 57)
-> Request 3
630
(2, 3, 1)
3
(41, 64)
-> Request 4
1177
(1, 3, 2)
2
(63, 26)
---> Week : 127
--> Day : 0
-> Request 0
122
(1, 3, 1)
1
(1, 24)
-> Request 1
380
(4, 3, 1)
2
(59, 35)
-> Request 2
394
(1, 1, 2)
2
(12, 19)
-> Request 3
539
(4, 3, 2)
2
(34, 48)
-> Request 4
924
(2, 1, 1)
2
(23, 19)
--> Day : 1
-> Request 0
291
(2, 1, 2)
2
(61, 49)
-> Request 1
724
(1, 1, 1)
1
(47, 6)
-> Request 2
1260
(2, 2, 2)
2
(66, 31)
--> Day : 2
-> Request 0
487
(3, 3, 2)
2
(9, 41)
-> Request 1
517
(3, 1, 2)
3
(76, 56)
-> Request 2
837
(2, 3, 1)
3
(52, 40)
-> Request 3
1071
(2, 1, 1)
1
(28, 32)
--> Day : 3
-> Request 0
508
(1, 1, 1)
1
(71, 73)
-> Request 1
1069
(1, 1, 1)
3
(47, 50)
-> Request 2
1331
(4, 3, 1)
1
(61, 8)
-> Request 3
1378
(3, 3, 2)
2
(59, 3)
--> Day : 4
-> Request 0
498
(3, 2, 1)
2
(61, 61)
-> Request 1
503
(3, 1, 1)
1
(8, 47)
-> Request 2
736
(2, 3, 1)
1
(37, 59)
-> Request 3
1015
(2, 2, 1)
2
(27, 51)
-> Request 4
1147
(4, 1, 1)
1
(42, 9)
---> Week : 128
--> Day : 0
-> Request 0
407
(4, 1, 1)
2
(19, 15)
-> Request 1
426
(2, 3, 1)
1
(51, 38)
-> Request 2
1218
(4, 1, 2)
3
(75, 41)
--> Day : 1
-> Request 0
1054
(1, 2, 2)
2
(24, 40)
-> Request 1
1119
(3, 1, 1)
2
(69, 47)
--> Day : 2
-> Request 0
106
(2, 3, 1)
1
(53, 38)
-> Request 1
264
(1, 2, 1)
1
(65, 5)
-> Request 2
995
(1, 3, 2)
1
(53, 17)
-> Request 3
1070
(2, 1, 1)
1
(63, 23)
--> Day : 3
-> Request 0
160
(2, 1, 1)
3
(57, 12)
-> Request 1
247
(1, 1, 1)
3
(61, 61)
-> Request 2
258
(1, 2, 1)
3
(76, 13)
-> Request 3
902
(1, 1, 2)
3
(22, 64)
-> Request 4
1323
(1, 2, 2)
3
(61, 24)
-> Request 5
1357
(3, 1, 2)
3
(48, 62)
-> Request 6
1383
(2, 1, 2)
3
(78, 59)
--> Day : 4
-> Request 0
347
(4, 2, 2)
1
(5, 46)
-> Request 1
802
(4, 1, 2)
3
(7, 63)
-> Request 2
867
(1, 1, 1)
1
(74, 48)
-> Request 3
941
(1, 3, 1)
2
(9, 79)
-> Request 4
987
(3, 2, 2)
3
(8, 15)
-> Request 5
1106
(1, 3, 1)
3
(27, 14)
---> Week : 129
--> Day : 0
-> Request 0
501
(1, 2, 2)
1
(45, 61)
-> Request 1
634
(4, 2, 2)
1
(41, 0)
--> Day : 1
-> Request 0
1039
(2, 2, 2)
1
(53, 2)
-> Request 1
1199
(3, 3, 1)
3
(69, 74)
-> Request 2
1384
(3, 1, 2)
3
(22, 24)
--> Day : 2
-> Request 0
292
(4, 3, 2)
2
(74, 26)
-> Request 1
432
(2, 3, 1)
1
(75, 52)
-> Request 2
694
(3, 2, 1)
1
(67, 44)
-> Request 3
1116
(2, 1, 2)
3
(12, 11)
-> Request 4
1124
(1, 2, 2)
2
(48, 44)
-> Request 5
1339
(2, 2, 1)
1
(43, 68)
--> Day : 3
-> Request 0
278
(3, 3, 2)
2
(47, 73)
-> Request 1
795
(1, 3, 2)
2
(71, 72)
-> Request 2
910
(3, 1, 2)
3
(15, 59)
-> Request 3
1007
(2, 1, 2)
2
(63, 18)
--> Day : 4
-> Request 0
52
(2, 2, 1)
1
(64, 76)
-> Request 1
1066
(4, 2, 1)
3
(45, 35)
-> Request 2
1341
(3, 2, 1)
3
(37, 68)
---> Week : 130
--> Day : 0
-> Request 0
1092
(1, 3, 1)
2
(47, 43)
--> Day : 1
-> Request 0
27
(4, 2, 2)
1
(29, 42)
-> Request 1
525
(1, 3, 2)
3
(17, 17)
-> Request 2
530
(2, 2, 1)
1
(62, 33)
-> Request 3
1018
(1, 3, 1)
1
(29, 0)
-> Request 4
1254
(1, 3, 2)
2
(7, 52)
--> Day : 2
-> Request 0
1296
(2, 1, 2)
3
(7, 75)
--> Day : 3
-> Request 0
1093
(2, 2, 2)
1
(55, 46)
-> Request 1
1423
(1, 1, 2)
1
(15, 53)
--> Day : 4
-> Request 0
21
(3, 1, 1)
3
(11, 58)
-> Request 1
261
(3, 2, 1)
2
(66, 66)
-> Request 2
945
(1, 3, 1)
3
(6, 28)
-> Request 3
1202
(3, 3, 2)
1
(33, 27)
-> Request 4
1237
(4, 3, 2)
2
(76, 54)
---> Week : 131
--> Day : 0
-> Request 0
270
(3, 3, 2)
3
(59, 67)
-> Request 1
321
(4, 3, 2)
2
(49, 27)
-> Request 2
444
(2, 2, 1)
2
(51, 76)
-> Request 3
1200
(1, 1, 2)
1
(65, 42)
-> Request 4
1381
(3, 1, 1)
1
(10, 23)
--> Day : 1
-> Request 0
648
(3, 3, 1)
1
(50, 39)
-> Request 1
993
(1, 1, 2)
1
(51, 54)
--> Day : 2
-> Request 0
564
(3, 2, 1)
3
(51, 4)
-> Request 1
835
(2, 3, 2)
1
(8, 63)
--> Day : 3
-> Request 0
98
(4, 1, 2)
3
(8, 79)
-> Request 1
559
(1, 1, 1)
2
(50, 49)
-> Request 2
752
(2, 3, 1)
2
(48, 58)
-> Request 3
912
(4, 1, 2)
2
(22, 2)
--> Day : 4
-> Request 0
1210
(2, 2, 1)
1
(20, 17)
---> Week : 132
--> Day : 0
-> Request 0
32
(1, 2, 2)
3
(20, 58)
-> Request 1
359
(3, 3, 1)
3
(78, 16)
-> Request 2
608
(4, 1, 1)
1
(36, 6)
-> Request 3
869
(1, 3, 1)
3
(75, 21)
-> Request 4
1304
(4, 1, 1)
3
(50, 33)
--> Day : 1
-> Request 0
89
(1, 2, 2)
1
(62, 79)
-> Request 1
572
(1, 2, 1)
1
(78, 10)
-> Request 2
811
(2, 2, 1)
1
(62, 9)
-> Request 3
889
(3, 1, 2)
1
(22, 22)
-> Request 4
985
(4, 2, 1)
2
(54, 3)
-> Request 5
1103
(2, 2, 1)
2
(8, 18)
-> Request 6
1129
(2, 1, 2)
3
(20, 56)
--> Day : 2
-> Request 0
102
(2, 2, 2)
3
(66, 55)
-> Request 1
488
(1, 3, 2)
3
(34, 61)
-> Request 2
802
(3, 1, 2)
2
(40, 0)
-> Request 3
813
(4, 1, 1)
3
(11, 20)
-> Request 4
994
(4, 3, 2)
2
(18, 16)
-> Request 5
1120
(4, 1, 2)
3
(37, 79)
-> Request 6
1228
(1, 3, 2)
1
(75, 59)
--> Day : 3
-> Request 0
343
(3, 1, 2)
3
(19, 68)
-> Request 1
1238
(3, 3, 2)
2
(54, 12)
-> Request 2
1384
(3, 1, 1)
1
(49, 68)
--> Day : 4
-> Request 0
213
(2, 1, 1)
1
(57, 44)
-> Request 1
605
(1, 1, 2)
3
(73, 18)
-> Request 2
796
(3, 3, 1)
3
(1, 28)
-> Request 3
1178
(3, 1, 1)
1
(77, 4)
-> Request 4
1386
(4, 2, 1)
1
(50, 19)
---> Week : 133
--> Day : 0
-> Request 0
18
(3, 1, 1)
3
(67, 34)
-> Request 1
63
(4, 2, 2)
2
(47, 1)
-> Request 2
343
(4, 3, 1)
1
(18, 38)
-> Request 3
574
(3, 1, 2)
3
(50, 45)
-> Request 4
1013
(2, 1, 2)
2
(66, 40)
--> Day : 1
-> Request 0
230
(3, 3, 1)
3
(69, 31)
-> Request 1
747
(1, 2, 2)
1
(38, 27)
-> Request 2
1329
(3, 2, 2)
3
(55, 9)
--> Day : 2
-> Request 0
123
(4, 2, 2)
2
(62, 42)
-> Request 1
237
(4, 1, 1)
1
(75, 26)
-> Request 2
277
(2, 2, 2)
3
(44, 17)
-> Request 3
766
(3, 3, 1)
3
(63, 51)
-> Request 4
1399
(4, 3, 1)
2
(20, 42)
--> Day : 3
-> Request 0
364
(3, 3, 1)
2
(38, 5)
-> Request 1
391
(4, 2, 1)
3
(37, 78)
-> Request 2
832
(3, 3, 2)
2
(29, 67)
-> Request 3
893
(1, 3, 1)
2
(61, 12)
--> Day : 4
-> Request 0
381
(1, 1, 2)
3
(75, 56)
-> Request 1
403
(3, 2, 2)
1
(51, 28)
-> Request 2
607
(2, 3, 1)
2
(63, 23)
-> Request 3
622
(3, 3, 1)
2
(40, 34)
-> Request 4
1097
(1, 2, 2)
3
(23, 21)
---> Week : 134
--> Day : 0
-> Request 0
91
(1, 2, 1)
1
(78, 35)
-> Request 1
322
(2, 3, 1)
2
(58, 45)
-> Request 2
351
(4, 1, 2)
1
(34, 42)
-> Request 3
562
(2, 2, 1)
2
(17, 1)
-> Request 4
973
(4, 2, 1)
3
(52, 56)
--> Day : 1
-> Request 0
1267
(1, 2, 2)
3
(3, 36)
--> Day : 2
-> Request 0
84
(2, 2, 2)
3
(41, 34)
-> Request 1
870
(4, 3, 2)
2
(40, 45)
-> Request 2
1123
(2, 3, 2)
3
(49, 1)
--> Day : 3
-> Request 0
872
(4, 1, 2)
3
(72, 78)
-> Request 1
968
(4, 3, 2)
1
(16, 59)
-> Request 2
1021
(4, 3, 2)
3
(55, 58)
-> Request 3
1030
(1, 2, 2)
1
(4, 15)
--> Day : 4
-> Request 0
307
(3, 1, 1)
1
(38, 42)
-> Request 1
718
(3, 2, 2)
3
(8, 51)
-> Request 2
813
(2, 3, 1)
3
(72, 2)
-> Request 3
1263
(2, 2, 1)
3
(27, 72)
---> Week : 135
--> Day : 0
-> Request 0
780
(1, 3, 2)
1
(12, 72)
-> Request 1
990
(1, 3, 2)
2
(62, 57)
-> Request 2
1164
(3, 2, 1)
2
(77, 51)
--> Day : 1
-> Request 0
430
(2, 2, 1)
2
(66, 58)
-> Request 1
637
(3, 3, 2)
1
(79, 65)
-> Request 2
719
(1, 3, 2)
2
(43, 66)
-> Request 3
797
(2, 2, 1)
2
(57, 77)
-> Request 4
942
(2, 1, 2)
3
(46, 76)
-> Request 5
969
(4, 3, 2)
1
(33, 67)
-> Request 6
1250
(4, 1, 2)
3
(2, 69)
-> Request 7
1252
(2, 2, 2)
3
(10, 27)
-> Request 8
1262
(3, 1, 1)
1
(53, 36)
--> Day : 2
-> Request 0
150
(1, 2, 1)
2
(31, 41)
-> Request 1
152
(4, 3, 1)
3
(75, 58)
-> Request 2
435
(2, 2, 1)
3
(61, 9)
-> Request 3
477
(4, 3, 1)
3
(5, 43)
-> Request 4
1281
(1, 3, 1)
1
(59, 69)
--> Day : 3
-> Request 0
507
(3, 3, 2)
2
(52, 17)
-> Request 1
621
(1, 2, 2)
2
(55, 0)
-> Request 2
1126
(3, 2, 1)
2
(28, 31)
-> Request 3
1372
(4, 2, 1)
3
(40, 50)
--> Day : 4
-> Request 0
960
(2, 1, 2)
1
(62, 65)
---> Week : 136
--> Day : 0
-> Request 0
171
(4, 1, 1)
2
(21, 53)
-> Request 1
883
(1, 1, 2)
2
(10, 41)
-> Request 2
963
(1, 1, 2)
2
(30, 63)
-> Request 3
1267
(1, 3, 1)
3
(28, 16)
--> Day : 1
-> Request 0
83
(3, 1, 2)
3
(23, 61)
-> Request 1
299
(4, 1, 1)
3
(32, 66)
-> Request 2
625
(1, 3, 2)
2
(29, 36)
-> Request 3
633
(3, 1, 2)
3
(17, 30)
-> Request 4
1211
(2, 1, 1)
1
(63, 50)
--> Day : 2
-> Request 0
87
(3, 3, 2)
1
(45, 31)
-> Request 1
135
(1, 3, 2)
3
(38, 3)
-> Request 2
264
(3, 1, 2)
2
(29, 43)
-> Request 3
306
(3, 3, 2)
2
(40, 42)
-> Request 4
409
(1, 1, 1)
2
(38, 35)
-> Request 5
788
(3, 2, 2)
1
(57, 66)
--> Day : 3
-> Request 0
101
(3, 2, 2)
1
(17, 77)
-> Request 1
967
(4, 3, 1)
3
(6, 22)
-> Request 2
1053
(3, 1, 2)
2
(67, 71)
-> Request 3
1392
(1, 2, 2)
1
(62, 37)
--> Day : 4
-> Request 0
84
(3, 2, 1)
3
(11, 60)
-> Request 1
436
(4, 1, 2)
1
(9, 50)
-> Request 2
449
(1, 3, 2)
2
(34, 44)
-> Request 3
472
(3, 1, 2)
1
(74, 63)
-> Request 4
753
(4, 2, 2)
3
(16, 54)
---> Week : 137
--> Day : 0
-> Request 0
826
(1, 2, 1)
1
(15, 47)
-> Request 1
853
(3, 2, 2)
3
(9, 11)
--> Day : 1
-> Request 0
133
(2, 3, 2)
3
(13, 30)
-> Request 1
242
(2, 3, 2)
2
(63, 69)
-> Request 2
268
(4, 3, 2)
3
(59, 78)
--> Day : 2
-> Request 0
667
(3, 3, 1)
2
(3, 1)
-> Request 1
972
(4, 2, 1)
2
(22, 41)
--> Day : 3
-> Request 0
555
(4, 3, 1)
1
(27, 17)
-> Request 1
558
(1, 2, 1)
3
(55, 44)
-> Request 2
583
(3, 1, 1)
1
(14, 8)
-> Request 3
643
(3, 2, 1)
2
(34, 79)
-> Request 4
814
(4, 2, 1)
1
(25, 7)
-> Request 5
903
(2, 2, 1)
2
(7, 2)
-> Request 6
1040
(2, 2, 2)
3
(17, 77)
-> Request 7
1327
(4, 2, 2)
3
(25, 61)
--> Day : 4
-> Request 0
244
(2, 3, 2)
1
(62, 45)
-> Request 1
359
(2, 1, 2)
1
(62, 10)
-> Request 2
794
(1, 2, 1)
2
(8, 66)
-> Request 3
957
(2, 2, 2)
1
(60, 15)
---> Week : 138
--> Day : 0
-> Request 0
24
(3, 1, 2)
1
(77, 19)
-> Request 1
403
(4, 1, 1)
1
(42, 9)
-> Request 2
650
(4, 1, 2)
1
(52, 71)
-> Request 3
704
(2, 3, 1)
2
(44, 48)
-> Request 4
1266
(1, 1, 1)
2
(61, 2)
-> Request 5
1318
(3, 3, 2)
1
(53, 13)
--> Day : 1
-> Request 0
42
(4, 1, 2)
3
(61, 48)
-> Request 1
243
(2, 3, 2)
1
(62, 54)
-> Request 2
386
(3, 2, 1)
1
(35, 73)
-> Request 3
984
(2, 3, 2)
3
(9, 27)
-> Request 4
1340
(2, 1, 2)
1
(79, 14)
-> Request 5
1411
(2, 2, 1)
2
(10, 36)
--> Day : 2
-> Request 0
203
(1, 1, 1)
1
(5, 77)
-> Request 1
917
(4, 3, 2)
2
(28, 23)
-> Request 2
1011
(1, 1, 2)
1
(12, 7)
-> Request 3
1013
(2, 1, 1)
2
(23, 57)
-> Request 4
1270
(4, 1, 2)
1
(66, 3)
--> Day : 3
-> Request 0
37
(2, 2, 2)
1
(50, 53)
-> Request 1
170
(1, 1, 1)
3
(74, 43)
-> Request 2
227
(1, 3, 1)
2
(16, 45)
-> Request 3
521
(3, 2, 1)
2
(18, 68)
-> Request 4
1176
(4, 2, 1)
3
(17, 8)
--> Day : 4
-> Request 0
137
(4, 1, 1)
1
(46, 54)
-> Request 1
1177
(4, 1, 1)
1
(41, 77)
---> Week : 139
--> Day : 0
-> Request 0
82
(4, 3, 2)
2
(17, 78)
-> Request 1
254
(1, 2, 1)
3
(54, 37)
-> Request 2
750
(1, 1, 1)
3
(69, 12)
-> Request 3
1187
(3, 3, 2)
1
(61, 42)
--> Day : 1
-> Request 0
560
(2, 1, 1)
1
(60, 10)
-> Request 1
1057
(4, 3, 2)
2
(70, 34)
-> Request 2
1200
(3, 3, 2)
2
(38, 32)
-> Request 3
1256
(3, 2, 1)
2
(71, 12)
-> Request 4
1381
(2, 3, 2)
1
(36, 19)
--> Day : 2
-> Request 0
1065
(2, 3, 2)
1
(67, 10)
-> Request 1
1067
(2, 1, 1)
3
(79, 66)
-> Request 2
1285
(3, 2, 2)
1
(21, 15)
--> Day : 3
-> Request 0
106
(2, 2, 2)
1
(38, 46)
-> Request 1
521
(4, 2, 1)
2
(19, 66)
-> Request 2
688
(1, 3, 2)
2
(68, 25)
--> Day : 4
-> Request 0
323
(3, 1, 1)
3
(76, 46)
-> Request 1
451
(4, 3, 2)
3
(41, 48)
-> Request 2
647
(1, 2, 1)
3
(56, 21)
-> Request 3
729
(1, 1, 1)
3
(7, 15)
-> Request 4
857
(4, 3, 1)
3
(78, 49)
---> Week : 140
--> Day : 0
-> Request 0
130
(4, 2, 1)
3
(15, 63)
-> Request 1
188
(1, 1, 2)
3
(9, 3)
-> Request 2
483
(1, 3, 1)
2
(27, 60)
-> Request 3
547
(4, 2, 2)
3
(47, 60)
-> Request 4
825
(3, 1, 1)
2
(74, 22)
--> Day : 1
-> Request 0
985
(4, 3, 2)
3
(76, 59)
-> Request 1
1043
(3, 1, 1)
2
(44, 45)
-> Request 2
1149
(2, 2, 1)
2
(61, 29)
-> Request 3
1280
(3, 2, 2)
2
(24, 76)
--> Day : 2
-> Request 0
130
(3, 1, 2)
3
(76, 45)
-> Request 1
390
(4, 3, 2)
3
(8, 1)
-> Request 2
1293
(1, 2, 2)
2
(2, 3)
-> Request 3
1323
(4, 3, 2)
2
(71, 50)
--> Day : 3
-> Request 0
253
(3, 2, 1)
2
(53, 73)
-> Request 1
346
(4, 3, 2)
2
(4, 43)
-> Request 2
508
(1, 3, 2)
2
(46, 23)
-> Request 3
601
(4, 2, 2)
1
(14, 8)
-> Request 4
677
(2, 3, 2)
2
(9, 44)
-> Request 5
1033
(4, 3, 1)
3
(39, 65)
-> Request 6
1304
(4, 2, 2)
2
(7, 10)
--> Day : 4
-> Request 0
812
(4, 2, 2)
1
(52, 40)
-> Request 1
1259
(3, 1, 1)
3
(48, 24)
---> Week : 141
--> Day : 0
-> Request 0
1220
(3, 3, 1)
3
(63, 0)
--> Day : 1
-> Request 0
423
(2, 2, 1)
2
(60, 1)
-> Request 1
792
(3, 3, 2)
1
(70, 34)
--> Day : 2
-> Request 0
455
(1, 1, 1)
3
(4, 59)
-> Request 1
753
(4, 1, 2)
1
(28, 32)
-> Request 2
886
(3, 3, 2)
2
(56, 50)
--> Day : 3
--> Day : 4
-> Request 0
124
(3, 1, 1)
1
(4, 10)
-> Request 1
532
(2, 1, 2)
1
(51, 20)
-> Request 2
802
(1, 2, 2)
2
(70, 23)
-> Request 3
1143
(2, 3, 2)
3
(69, 15)
---> Week : 142
--> Day : 0
-> Request 0
661
(2, 2, 1)
3
(7, 78)
-> Request 1
868
(2, 1, 1)
3
(25, 33)
-> Request 2
1236
(3, 2, 1)
1
(54, 42)
--> Day : 1
-> Request 0
16
(1, 3, 2)
1
(40, 46)
-> Request 1
35
(3, 1, 1)
2
(6, 8)
-> Request 2
694
(4, 1, 1)
2
(63, 76)
-> Request 3
1213
(4, 2, 1)
2
(15, 2)
-> Request 4
1223
(3, 1, 1)
2
(39, 79)
-> Request 5
1246
(1, 1, 2)
2
(3, 17)
-> Request 6
1299
(1, 1, 1)
3
(35, 41)
--> Day : 2
-> Request 0
86
(4, 3, 1)
3
(14, 55)
-> Request 1
197
(1, 2, 2)
3
(0, 72)
-> Request 2
623
(4, 3, 2)
3
(66, 74)
-> Request 3
906
(2, 1, 1)
2
(68, 32)
-> Request 4
1175
(4, 2, 2)
2
(51, 56)
-> Request 5
1223
(3, 2, 1)
2
(54, 28)
--> Day : 3
-> Request 0
9
(2, 3, 2)
1
(38, 71)
-> Request 1
372
(2, 1, 1)
2
(28, 34)
-> Request 2
552
(3, 3, 2)
3
(35, 67)
-> Request 3
1001
(4, 1, 1)
3
(32, 30)
-> Request 4
1030
(3, 3, 1)
3
(10, 3)
-> Request 5
1121
(1, 1, 2)
1
(21, 17)
-> Request 6
1137
(1, 1, 1)
3
(64, 52)
-> Request 7
1371
(1, 2, 1)
3
(11, 17)
--> Day : 4
-> Request 0
237
(4, 2, 2)
3
(75, 78)
-> Request 1
357
(2, 1, 2)
3
(35, 11)
-> Request 2
761
(1, 2, 2)
1
(79, 8)
-> Request 3
856
(4, 2, 2)
1
(49, 48)
-> Request 4
928
(3, 3, 2)
2
(76, 58)
-> Request 5
1417
(3, 3, 1)
2
(7, 40)
---> Week : 143
--> Day : 0
-> Request 0
77
(3, 3, 2)
2
(71, 29)
-> Request 1
226
(2, 2, 2)
1
(44, 20)
-> Request 2
528
(1, 2, 2)
2
(7, 59)
--> Day : 1
-> Request 0
569
(4, 3, 1)
1
(65, 63)
--> Day : 2
-> Request 0
586
(3, 1, 2)
2
(48, 73)
-> Request 1
754
(1, 2, 1)
2
(77, 77)
-> Request 2
1423
(4, 1, 1)
3
(66, 72)
--> Day : 3
-> Request 0
293
(2, 2, 2)
2
(77, 40)
-> Request 1
725
(2, 3, 1)
1
(53, 79)
--> Day : 4
-> Request 0
839
(2, 1, 1)
2
(35, 48)
-> Request 1
1024
(2, 2, 2)
2
(63, 2)
-> Request 2
1026
(4, 3, 1)
1
(37, 9)
-> Request 3
1099
(2, 2, 1)
2
(32, 10)
-> Request 4
1305
(1, 1, 2)
2
(78, 21)
-> Request 5
1339
(2, 1, 1)
3
(75, 75)
---> Week : 144
--> Day : 0
-> Request 0
413
(1, 3, 1)
1
(38, 37)
--> Day : 1
-> Request 0
125
(1, 1, 2)
2
(50, 47)
-> Request 1
383
(4, 2, 2)
1
(4, 75)
-> Request 2
878
(3, 3, 1)
3
(65, 54)
-> Request 3
922
(1, 3, 1)
3
(34, 51)
-> Request 4
1007
(4, 1, 1)
2
(72, 39)
-> Request 5
1079
(3, 2, 2)
2
(29, 45)
--> Day : 2
-> Request 0
91
(2, 2, 2)
3
(70, 57)
-> Request 1
213
(1, 2, 2)
3
(30, 27)
-> Request 2
366
(1, 1, 2)
1
(9, 17)
-> Request 3
384
(1, 3, 2)
2
(42, 57)
-> Request 4
580
(2, 1, 2)
2
(56, 40)
-> Request 5
889
(4, 1, 1)
2
(28, 51)
-> Request 6
1054
(2, 1, 1)
2
(13, 74)
--> Day : 3
-> Request 0
562
(4, 2, 1)
1
(69, 18)
-> Request 1
569
(1, 2, 2)
2
(54, 41)
-> Request 2
934
(3, 1, 1)
3
(56, 78)
--> Day : 4
-> Request 0
10
(3, 2, 1)
2
(24, 79)
-> Request 1
171
(4, 1, 2)
1
(46, 73)
-> Request 2
426
(2, 2, 1)
2
(1, 67)
-> Request 3
1134
(2, 3, 2)
3
(10, 63)
---> Week : 145
--> Day : 0
-> Request 0
830
(4, 1, 1)
2
(27, 62)
--> Day : 1
-> Request 0
286
(1, 2, 2)
1
(50, 33)
-> Request 1
687
(1, 3, 2)
1
(24, 7)
-> Request 2
850
(2, 1, 2)
2
(35, 33)
-> Request 3
851
(3, 2, 1)
3
(21, 60)
-> Request 4
1041
(4, 3, 2)
3
(75, 30)
-> Request 5
1131
(2, 2, 2)
2
(51, 53)
-> Request 6
1305
(1, 3, 1)
1
(35, 42)
--> Day : 2
-> Request 0
184
(4, 1, 2)
3
(20, 44)
-> Request 1
287
(3, 3, 2)
1
(38, 7)
-> Request 2
1305
(1, 2, 1)
1
(35, 44)
-> Request 3
1386
(1, 2, 1)
2
(75, 56)
--> Day : 3
-> Request 0
366
(1, 3, 1)
2
(18, 21)
-> Request 1
703
(3, 2, 1)
2
(22, 68)
-> Request 2
1341
(2, 3, 1)
1
(15, 34)
-> Request 3
1431
(1, 3, 2)
1
(20, 64)
--> Day : 4
-> Request 0
521
(2, 3, 1)
3
(22, 68)
---> Week : 146
--> Day : 0
-> Request 0
89
(2, 3, 1)
2
(37, 6)
-> Request 1
384
(2, 3, 1)
2
(4, 56)
-> Request 2
640
(3, 2, 2)
3
(69, 25)
-> Request 3
644
(2, 2, 1)
1
(32, 15)
-> Request 4
887
(2, 2, 1)
2
(66, 0)
-> Request 5
1119
(1, 1, 2)
1
(61, 60)
--> Day : 1
-> Request 0
831
(2, 1, 1)
2
(26, 46)
-> Request 1
1417
(3, 2, 2)
3
(9, 47)
--> Day : 2
-> Request 0
581
(3, 2, 2)
3
(20, 45)
-> Request 1
808
(1, 1, 2)
3
(11, 61)
-> Request 2
1089
(2, 2, 1)
1
(49, 67)
-> Request 3
1290
(1, 3, 1)
3
(56, 5)
-> Request 4
1392
(4, 2, 2)
2
(34, 70)
--> Day : 3
-> Request 0
540
(2, 1, 1)
1
(53, 3)
-> Request 1
918
(4, 1, 2)
1
(67, 55)
--> Day : 4
-> Request 0
67
(3, 3, 2)
1
(19, 38)
-> Request 1
275
(4, 3, 1)
3
(41, 65)
-> Request 2
465
(1, 1, 2)
3
(51, 60)
-> Request 3
618
(3, 1, 2)
1
(43, 55)
---> Week : 147
--> Day : 0
-> Request 0
141
(2, 1, 1)
2
(6, 2)
-> Request 1
195
(1, 1, 1)
3
(2, 70)
-> Request 2
484
(2, 2, 2)
3
(17, 60)
-> Request 3
1006
(2, 3, 1)
2
(52, 71)
-> Request 4
1034
(4, 2, 1)
2
(12, 11)
-> Request 5
1104
(4, 1, 1)
3
(61, 61)
--> Day : 1
-> Request 0
86
(3, 2, 2)
1
(78, 33)
-> Request 1
257
(4, 3, 1)
1
(9, 64)
-> Request 2
422
(4, 2, 2)
3
(70, 52)
--> Day : 2
-> Request 0
49
(3, 1, 2)
3
(74, 44)
-> Request 1
292
(3, 2, 2)
3
(50, 79)
-> Request 2
570
(4, 2, 1)
3
(39, 39)
-> Request 3
720
(1, 2, 2)
1
(52, 33)
-> Request 4
743
(4, 3, 2)
1
(41, 25)
-> Request 5
887
(4, 3, 2)
1
(16, 77)
-> Request 6
946
(3, 3, 2)
1
(76, 69)
-> Request 7
1051
(3, 3, 2)
2
(76, 35)
-> Request 8
1171
(3, 1, 2)
2
(55, 12)
-> Request 9
1239
(2, 1, 1)
3
(26, 50)
--> Day : 3
-> Request 0
103
(4, 1, 1)
1
(44, 38)
-> Request 1
109
(3, 1, 1)
1
(6, 63)
-> Request 2
142
(3, 3, 1)
2
(7, 49)
-> Request 3
247
(2, 1, 2)
1
(65, 71)
-> Request 4
1248
(3, 1, 2)
1
(55, 11)
--> Day : 4
-> Request 0
118
(1, 2, 1)
3
(21, 34)
-> Request 1
338
(4, 3, 2)
1
(55, 39)
-> Request 2
509
(3, 1, 1)
2
(25, 54)
-> Request 3
938
(1, 2, 2)
3
(50, 47)
-> Request 4
952
(1, 1, 1)
1
(38, 39)
-> Request 5
991
(4, 2, 1)
3
(33, 39)
---> Week : 148
--> Day : 0
-> Request 0
149
(2, 1, 1)
1
(42, 73)
-> Request 1
1181
(1, 3, 1)
3
(27, 71)
-> Request 2
1410
(1, 1, 2)
1
(57, 27)
--> Day : 1
-> Request 0
42
(2, 1, 2)
3
(15, 49)
-> Request 1
118
(1, 1, 1)
1
(72, 19)
-> Request 2
1368
(1, 1, 1)
3
(3, 28)
--> Day : 2
-> Request 0
501
(1, 1, 1)
1
(53, 74)
-> Request 1
1209
(2, 3, 2)
1
(52, 2)
--> Day : 3
-> Request 0
437
(4, 2, 2)
3
(56, 3)
-> Request 1
601
(4, 1, 2)
1
(36, 79)
-> Request 2
673
(4, 1, 2)
1
(2, 26)
-> Request 3
1387
(1, 1, 2)
2
(17, 63)
--> Day : 4
-> Request 0
91
(2, 2, 1)
3
(38, 60)
-> Request 1
529
(3, 1, 1)
1
(62, 8)
-> Request 2
677
(4, 1, 1)
2
(29, 45)
-> Request 3
952
(3, 3, 1)
2
(57, 53)
-> Request 4
1437
(2, 2, 2)
1
(55, 2)
---> Week : 149
--> Day : 0
-> Request 0
731
(2, 1, 1)
2
(20, 10)
-> Request 1
1133
(1, 3, 1)
3
(42, 24)
-> Request 2
1436
(4, 1, 2)
1
(5, 38)
--> Day : 1
-> Request 0
210
(1, 2, 1)
2
(28, 11)
-> Request 1
363
(3, 2, 2)
1
(49, 1)
-> Request 2
580
(3, 1, 2)
1
(14, 31)
-> Request 3
704
(4, 1, 1)
2
(12, 5)
-> Request 4
999
(1, 2, 2)
2
(24, 1)
-> Request 5
1154
(2, 1, 1)
1
(50, 23)
-> Request 6
1199
(1, 1, 1)
2
(68, 8)
-> Request 7
1364
(2, 2, 2)
3
(11, 27)
--> Day : 2
-> Request 0
153
(3, 3, 2)
2
(22, 45)
-> Request 1
628
(2, 3, 1)
2
(38, 6)
-> Request 2
1172
(2, 1, 2)
1
(11, 32)
-> Request 3
1253
(1, 3, 2)
3
(7, 44)
--> Day : 3
-> Request 0
49
(3, 1, 1)
3
(7, 19)
-> Request 1
267
(1, 2, 2)
3
(12, 50)
-> Request 2
485
(1, 1, 2)
1
(14, 12)
-> Request 3
724
(2, 2, 1)
3
(71, 4)
-> Request 4
799
(4, 3, 1)
1
(18, 2)
-> Request 5
811
(4, 3, 1)
1
(76, 51)
-> Request 6
988
(1, 2, 2)
2
(29, 7)
--> Day : 4
-> Request 0
328
(1, 2, 1)
1
(16, 49)
-> Request 1
979
(3, 1, 2)
3
(63, 12)
-> Request 2
1061
(3, 2, 2)
1
(61, 11)
