#{"t_start": 1680343412.7867842, "env_id": null}
r,l,t
-541056,3000,44.910729
-576728,3000,87.96178
-544736,3000,130.275266
-592736,3000,171.039042
-509040,3000,216.018209
-536088,3000,261.400572
-541776,3000,309.12756
-561824,3000,351.321728
-487872,3000,396.180776
-562816,3000,438.689183
-581896,3000,486.135314
-506992,3000,530.347509
-511976,3000,573.936001
-512112,3000,618.660835
-577848,3000,665.069267
-578072,3000,712.57387
-533064,3000,756.460164
-540136,3000,800.019211
-577376,3000,843.698546
-554784,3000,886.818628
-638224,3000,932.04959
-619864,3000,973.437674
-633072,3000,1018.258741
-534064,3000,1059.542724
-533696,3000,1105.018393
-497144,3000,1145.340591
-525992,3000,1189.913307
-537016,3000,1235.905863
-619232,3000,1279.330351
-504136,3000,1324.141677
-550632,3000,1366.892645
-566056,3000,1412.675929
-525200,3000,1453.91384
-589000,3000,1497.532887
-571920,3000,1541.985451
-507760,3000,1586.572435
-560800,3000,1629.247718
-575080,3000,1670.893785
-599960,3000,1714.641881
-554792,3000,1757.420589
-522248,3000,1798.95297
-543496,3000,1843.671767
-525056,3000,1890.706542
-538784,3000,1934.181863
-559112,3000,1979.397131
-530880,3000,2022.142235
-521512,3000,2063.696611
-513928,3000,2108.037435
-552952,3000,2151.879605
-554152,3000,2194.916857
-516920,3000,2240.707531
-488880,3000,2284.425528
-518976,3000,2325.538316
-572904,3000,2370.696094
-532976,3000,2412.778577
-546800,3000,2454.622768
-523712,3000,2500.252029
-592920,3000,2543.789476
-522952,3000,2587.370654
-526176,3000,2631.381677
-487824,3000,2673.478892
-428072,3000,2715.86516
-460864,3000,2759.206019
-471832,3000,2803.045408
-491784,3000,2844.713157
-526992,3000,2889.684013
-509800,3000,3242.815148
-467912,3000,3285.083119
-561792,3000,3327.003876
-549128,3000,3370.278133
-475952,3000,3413.782796
-560760,3000,3455.668447
-474928,3000,3495.386948
-506720,3000,3539.227663
-536792,3000,3582.535386
-497864,3000,3625.063511
-551024,3000,3667.291354
-519424,3000,3711.282729
-512840,3000,3752.957766
-526848,3000,3794.635723
-451304,3000,3835.377682
-492584,3000,3879.801894
-562672,3000,3923.16411
-532104,3000,3964.193635
-468800,3000,4008.344653
-486848,3000,4050.177983
-507768,3000,4093.55618
-531704,3000,4134.834127
-511872,3000,4178.164307
-453984,3000,4219.384074
-512032,3000,4260.395479
-556192,3000,4303.931449
-483672,3000,4346.55083
-478944,3000,4392.371219
-506984,3000,4435.908373
-485024,3000,4480.311598
-510760,3000,4521.726687
-526752,3000,4565.006468
-513144,3000,4609.114072
-540808,3000,4653.92614
-497216,3000,4695.81207
-539800,3000,4737.726872
-537968,3000,4781.6411
-471608,3000,4822.973063
-527088,3000,4864.646176
-502760,3000,4907.695019
-502000,3000,4952.341269
-470712,3000,4995.186718
-548944,3000,5038.697953
-458064,3000,5081.289634
-526872,3000,5123.15551
-452496,3000,5165.634737
-516216,3000,5209.364881
-497896,3000,5253.449468
-491752,3000,5296.01993
-461808,3000,5339.942072
-499088,3000,5381.339575
-536872,3000,5423.475999
-473944,3000,5465.270838
-449024,3000,5509.372134
-525840,3000,5552.096962
-465944,3000,5595.102458
-473848,3000,5636.669728
-426872,3000,5678.403117
-451592,3000,5722.690374
-510800,3000,5764.846366
-433904,3000,5806.595179
-516816,3000,5848.152949
-471696,3000,5891.427004
-446800,3000,5930.575905
-442960,3000,5972.698163
-459728,3000,6011.810441
-442648,3000,6050.931248
-471872,3000,6179.769533
-475800,3000,6221.229046
-513528,3000,6262.555461
-519952,3000,6303.844575
-545576,3000,6343.565116
-385080,3000,6384.474885
-485664,3000,6424.630129
-468656,3000,6464.843286
-486192,3000,6506.744632
-457656,3000,6548.321566
-479616,3000,6592.645513
-474920,3000,6635.440177
-454744,3000,6678.790413
-464960,3000,6719.410553
-387624,3000,6763.944792
-451920,3000,6809.674618
-441976,3000,6850.161264
-461976,3000,6890.847775
-501408,3000,6931.111795
-479904,3000,6971.858725
-423960,3000,7016.082977
-498848,3000,7058.19459
-469752,3000,7100.468559
-489960,3000,7144.271825
-499648,3000,7187.392052
-457768,3000,7227.820168
-518328,3000,7268.494091
-436640,3000,7309.142778
-458144,3000,7349.473617
-461744,3000,7393.612682
-486696,3000,7435.341102
-455888,3000,7476.326788
-436768,3000,7515.097329
-460584,3000,7553.994707
-472728,3000,7595.072955
-486752,3000,7634.389669
-449736,3000,7671.400599
-454768,3000,7709.617382
-457640,3000,7747.517721
-459568,3000,7786.86498
-448752,3000,7826.715744
-468816,3000,7864.073086
-483728,3000,7902.010606
-413720,3000,7941.45231
-447752,3000,7979.574221
-440656,3000,8017.854366
-489552,3000,8055.045382
-449760,3000,8092.836569
-486144,3000,8134.178426
-465096,3000,8172.629137
-553952,3000,8210.372997
-388840,3000,8247.881931
-518920,3000,8284.69165
-469664,3000,8323.082832
-490544,3000,8361.629892
-458752,3000,8400.175962
-498792,3000,8437.918278
-463560,3000,8476.225105
-474920,3000,8516.573082
-401704,3000,8552.69675
-518544,3000,8590.213584
-473664,3000,8627.754729
-417176,3000,8665.199485
-433864,3000,8702.614859
-425984,3000,8740.572041
-443832,3000,8778.240523
-376832,3000,8816.124954
-450976,3000,8932.824204
-370760,3000,8970.905344
-473768,3000,9009.033885
-448592,3000,9048.018832
-489632,3000,9087.376082
-447776,3000,9127.373408
-417640,3000,9164.4083
-425688,3000,9202.564234
-408368,3000,9239.694428
-490712,3000,9277.319818
-459808,3000,9317.11561
-461072,3000,9355.832486
-462672,3000,9393.09724
-395776,3000,9431.486991
-473928,3000,9470.301304
-458752,3000,9507.293249
-406760,3000,9543.678798
-501816,3000,9582.423839
-457888,3000,9619.057836
-394576,3000,9656.832011
-419776,3000,9695.689137
-432856,3000,9734.143604
-402544,3000,9772.200176
-474856,3000,9809.872804
-446568,3000,9849.81242
-506752,3000,9885.092332
-406016,3000,9923.743202
-441832,3000,9962.234461
-414696,3000,9998.123585
-502816,3000,10037.594253
-457864,3000,10077.520758
-499960,3000,10116.85079
-399656,3000,10155.724853
-487648,3000,10193.06777
-422880,3000,10230.405858
-487824,3000,10269.892402
-442872,3000,10305.694347
-431672,3000,10345.273566
-443872,3000,10382.063005
-450576,3000,10419.265317
-510760,3000,10456.951786
-454016,3000,10494.856426
-441016,3000,10530.902144
-472776,3000,10567.645205
-456648,3000,10604.640376
-437792,3000,10642.317841
-396856,3000,10678.469546
-456080,3000,10717.154961
-467360,3000,10754.854167
-468768,3000,10793.26538
-444480,3000,10832.609311
-460880,3000,10869.499347
-429768,3000,10904.179353
-416608,3000,10941.052716
-412952,3000,10980.142462
-411784,3000,11017.052638
-445688,3000,11051.459575
-402832,3000,11089.52123
-418592,3000,11125.524642
-439696,3000,11161.429448
-485504,3000,11196.983857
-393744,3000,11234.045523
-430808,3000,11270.112362
-409680,3000,11306.554344
-442968,3000,11342.978274
-458936,3000,11377.702014
-417688,3000,11488.516908
-355296,3000,11524.695673
-420984,3000,11562.774029
-464832,3000,11598.922557
-434680,3000,11634.815988
-397904,3000,11668.860706
-446592,3000,11707.182891
-383568,3000,11746.416345
-423016,3000,11782.403925
-418792,3000,11819.889274
-399008,3000,11857.801248
-425984,3000,11895.49477
-418736,3000,11932.721748
-418888,3000,11969.3797
-403856,3000,12006.355529
-422416,3000,12045.494635
-420832,3000,12081.781321
-444808,3000,12119.270003
-422720,3000,12155.826395
-404728,3000,12189.609332
-408896,3000,12227.548594
-471696,3000,12262.983281
-427784,3000,12299.967789
-482704,3000,12335.677976
-394600,3000,12372.501068
-429792,3000,12408.748164
-419824,3000,12445.991444
-388168,3000,12481.646985
-419576,3000,12515.842194
-435672,3000,12550.723561
-435752,3000,12587.406954
-413784,3000,12625.009934
-405656,3000,12662.897999
-388112,3000,12699.550899
-387536,3000,12736.85059
-401920,3000,12774.953401
-431528,3000,12812.211279
-409016,3000,12849.421152
-409528,3000,12885.150373
-388792,3000,12923.100857
-375640,3000,12959.076773
-361640,3000,12995.04657
-406792,3000,13032.763588
-425008,3000,13071.404703
-401928,3000,13105.36291
-400792,3000,13141.466727
-407928,3000,13178.318327
-403480,3000,13216.305405
-442784,3000,13253.899368
-398736,3000,13292.637089
-380744,3000,13329.123141
-421704,3000,13364.649701
-433424,3000,13401.492647
-417312,3000,13437.829527
-467872,3000,13477.245347
-430664,3000,13513.31535
-459568,3000,13548.721683
-440520,3000,13586.899291
-435584,3000,13622.109876
-410576,3000,13658.940468
-389480,3000,13693.710589
-390360,3000,13730.763588
-409712,3000,13766.957476
-413784,3000,13805.269726
-424744,3000,13842.464945
-444280,3000,13879.066671
-428640,3000,13914.278097
-360968,3000,14026.68985
-424792,3000,14062.344921
-402536,3000,14097.040814
-367496,3000,14133.371854
-416640,3000,14171.77047
-395008,3000,14209.023956
-349752,3000,14244.474951
-417864,3000,14280.343982
-409560,3000,14319.103054
-386968,3000,14355.773358
-387480,3000,14394.736448
-416680,3000,14429.673456
-442432,3000,14466.73675
-371296,3000,14502.32379
-374944,3000,14538.159238
-396928,3000,14574.345592
-370552,3000,14609.218659
-422800,3000,14645.5565
-377440,3000,14682.938447
-400800,3000,14718.963335
-443744,3000,14755.591573
-408752,3000,14790.146802
-384584,3000,14823.414069
-399456,3000,14859.096513
-444728,3000,14895.456699
-405792,3000,14931.670142
-403232,3000,14967.815574
-370528,3000,15002.951528
-472440,3000,15038.189983
-381816,3000,15075.289789
-417656,3000,15111.159956
-397680,3000,15149.136199
-457656,3000,15185.973809
-432744,3000,15219.976161
-405360,3000,15256.462962
-411904,3000,15292.876904
-431928,3000,15329.278829
-405544,3000,15366.610216
-404624,3000,15403.77345
-417712,3000,15440.957238
-418936,3000,15478.721925
-388640,3000,15512.673633
-348000,3000,15543.069017
-441560,3000,15575.768003
-363240,3000,15607.327756
-384784,3000,15636.91468
-379744,3000,15669.466031
-361608,3000,15700.185078
-384632,3000,15731.763408
-393640,3000,15765.289366
-365032,3000,15798.699985
-378936,3000,15831.943284
-348336,3000,15862.659831
-322840,3000,15896.272263
-399560,3000,15926.768245
-400704,3000,15956.602679
-372824,3000,15986.713213
-394888,3000,16016.026915
-370360,3000,16045.822367
-346336,3000,16074.007438
-413936,3000,16104.171054
-430856,3000,16134.194731
-388112,3000,16164.274441
-446712,3000,16194.988685
-376888,3000,16223.782869
-362776,3000,16253.459616
-416592,3000,16281.932971
-387168,3000,16369.153373
-374688,3000,16398.050393
-405936,3000,16429.765694
-412552,3000,16458.697758
-368536,3000,16486.08592
-371576,3000,16516.890077
-340792,3000,16545.873535
-394656,3000,16574.853943
-354864,3000,16607.45935
-413680,3000,16635.459139
-382392,3000,16663.892361
-366608,3000,16692.652976
-430656,3000,16722.768247
-445560,3000,16752.06149
-369608,3000,16780.563703
-393504,3000,16809.894684
-370840,3000,16839.391938
-382632,3000,16869.892203
-411520,3000,16898.612635
-380432,3000,16927.302059
-331592,3000,16955.61598
-369744,3000,16986.339231
-386856,3000,17014.425039
-414648,3000,17044.879548
-359784,3000,17072.431499
-333672,3000,17100.356074
-325760,3000,17129.266076
-339096,3000,17160.744503
-364696,3000,17190.268446
-408488,3000,17218.106803
-411504,3000,17246.765343
-417688,3000,17276.720531
-391696,3000,17303.315293
-381528,3000,17331.194711
-382784,3000,17360.142083
-376808,3000,17390.239602
-356688,3000,17418.853578
-409424,3000,17447.504374
-356440,3000,17477.102736
-368520,3000,17505.03028
-333000,3000,17533.6145
-393576,3000,17562.360227
-334736,3000,17591.536152
-381584,3000,17619.106248
-401680,3000,17649.237942
-412600,3000,17678.122029
-395704,3000,17705.036145
-397576,3000,17734.456453
-377496,3000,17762.755551
-356784,3000,17794.454492
-353592,3000,17822.23
-351872,3000,17849.601676
-392712,3000,17879.5274
-367496,3000,17909.255783
-365192,3000,17938.177777
-371496,3000,17968.090319
-390488,3000,17997.95901
-359264,3000,18027.48229
-350656,3000,18056.381438
-358592,3000,18083.683628
-402768,3000,18111.863975
-360792,3000,18141.818735
-368608,3000,18171.261243
-318840,3000,18199.381843
-377472,3000,18230.877904
-311832,3000,18259.267769
-376496,3000,18346.937139
-355344,3000,18377.366083
-332800,3000,18407.087269
-347552,3000,18436.08098
-417584,3000,18464.009356
-344576,3000,18495.173096
-354712,3000,18524.815099
-369536,3000,18553.534339
-390008,3000,18583.205078
-398424,3000,18611.476171
-380248,3000,18642.467654
-328912,3000,18670.036623
-363152,3000,18698.420756
-341680,3000,18725.242009
-343872,3000,18753.986063
-390576,3000,18782.802435
-351688,3000,18812.991342
-386680,3000,18841.07807
-365400,3000,18871.995717
-409760,3000,18901.600454
-376536,3000,18930.586226
-355552,3000,18960.776261
-406688,3000,18988.83656
-311576,3000,19018.40684
-330840,3000,19047.956846
-374832,3000,19075.698242
-347904,3000,19103.631757
-405584,3000,19133.436532
-367184,3000,19162.156416
-362864,3000,19192.527045
-359656,3000,19221.209962
-398424,3000,19248.057643
-357544,3000,19276.557734
-344312,3000,19305.315078
-348472,3000,19332.611461
-399912,3000,19362.049912
-340896,3000,19391.323453
-383424,3000,19418.900201
-356928,3000,19447.192923
-371760,3000,19475.437387
-290696,3000,19504.877137
-347416,3000,19534.134583
-354832,3000,19562.217703
-357568,3000,19589.109406
-337536,3000,19616.714076
-387528,3000,19644.963841
-327408,3000,19674.545875
-379528,3000,19702.893635
-348008,3000,19733.315708
-313712,3000,19762.381998
-366840,3000,19790.500584
-313600,3000,19819.029454
-355768,3000,19847.963294
-317800,3000,19875.636901
-319880,3000,19904.743795
-394256,3000,19932.477638
-348552,3000,19960.424205
-296784,3000,19989.495629
-372688,3000,20016.833193
-326784,3000,20045.039704
-314608,3000,20073.61317
-359288,3000,20101.538944
-387552,3000,20132.150263
-356856,3000,20159.960982
-343648,3000,20190.944005
-359664,3000,20218.463777
-323904,3000,20247.343356
-308696,3000,20334.420214
-403344,3000,20363.902524
-316752,3000,20392.371034
-326584,3000,20419.535844
-326488,3000,20447.767561
-338560,3000,20475.035613
-335520,3000,20503.643831
-368808,3000,20530.454212
-347480,3000,20558.33136
-320408,3000,20586.594626
-304688,3000,20615.394542
-327584,3000,20644.855147
-346312,3000,20673.037005
-361408,3000,20701.033732
-336776,3000,20730.096727
-315680,3000,20757.623259
-324344,3000,20785.286869
-370296,3000,20812.397509
-317944,3000,20840.277852
-330496,3000,20868.180909
-325768,3000,20895.355785
-341472,3000,20923.921127
-311960,3000,20952.71759
-311192,3000,20982.668581
-311648,3000,21010.127929
-365016,3000,21037.931399
-372320,3000,21066.923452
-312888,3000,21095.283254
-319832,3000,21124.497635
-281808,3000,21151.085241
-295576,3000,21180.640404
-332704,3000,21208.976874
-341464,3000,21238.288838
-316392,3000,21265.225939
-334944,3000,21292.876462
-351416,3000,21321.075912
-323400,3000,21349.250395
-308480,3000,21377.987376
-332480,3000,21404.122723
-287688,3000,21431.203758
-319504,3000,21459.181009
-356664,3000,21487.395464
-330416,3000,21516.046134
-286360,3000,21542.736531
-331776,3000,21571.578241
-344616,3000,21601.342043
-335800,3000,21629.505149
-322272,3000,21657.856206
-321800,3000,21687.754551
-372256,3000,21715.325963
-335760,3000,21743.735277
-336600,3000,21771.910278
-341712,3000,21799.161479
-286184,3000,21826.772613
-315176,3000,21854.522301
-326224,3000,21883.054704
-326800,3000,21909.942413
-285496,3000,21937.640117
-352616,3000,21964.589958
-372128,3000,21993.379901
-310432,3000,22021.198848
-324744,3000,22049.363299
-309176,3000,22078.05654
-303536,3000,22106.442227
-322608,3000,22133.600292
-301240,3000,22161.885641
-352600,3000,22191.122139
-329656,3000,22276.301919
-324528,3000,22305.0563
-306488,3000,22333.098235
-336208,3000,22361.97543
-334784,3000,22387.361668
-329344,3000,22415.199815
-329608,3000,22442.614818
-304136,3000,22471.08155
-312328,3000,22498.262666
-327336,3000,22526.036104
-267688,3000,22553.198495
-318552,3000,22581.461665
-337800,3000,22609.312756
-312872,3000,22639.121992
-309440,3000,22666.96853
-294080,3000,22694.18383
-381584,3000,22722.271886
-358248,3000,22750.804985
-322480,3000,22778.70527
-303296,3000,22807.21446
-302480,3000,22837.164861
-288336,3000,22864.012762
-305336,3000,22891.34106
-333456,3000,22918.879322
-270976,3000,22946.073116
-278432,3000,22972.943841
-307544,3000,23000.255943
-303464,3000,23029.430422
-345512,3000,23057.480018
-279864,3000,23086.315022
-333480,3000,23114.521862
-297312,3000,23142.820728
-352880,3000,23170.051864
-318560,3000,23199.310507
-317592,3000,23228.399001
-308552,3000,23255.877701
-293680,3000,23283.668174
-307680,3000,23310.93221
-323232,3000,23338.287106
-301704,3000,23367.174789
-293712,3000,23392.868048
-321792,3000,23420.080278
-343256,3000,23447.501025
-306232,3000,23475.295805
-306440,3000,23502.829858
-322488,3000,23530.332417
-277752,3000,23558.714141
-312648,3000,23585.71768
-318736,3000,23614.260493
-305832,3000,23643.24554
-290608,3000,23671.369958
-308424,3000,23699.508687
-306312,3000,23727.581764
-278304,3000,23756.278112
-363656,3000,23784.905422
-292448,3000,23811.842844
-294272,3000,23838.550732
-344232,3000,23865.225401
-304504,3000,23892.267149
-294552,3000,23921.550365
-288368,3000,23948.173356
-297528,3000,23976.524036
-266624,3000,24004.514055
-294576,3000,24031.715281
-304640,3000,24058.673863
-286408,3000,24086.096229
-309520,3000,24174.757336
-297768,3000,24201.492059
-327368,3000,24228.464291
-297680,3000,24257.418712
-291160,3000,24284.212075
-320608,3000,24309.693727
-284496,3000,24337.192313
-282936,3000,24363.476082
-295672,3000,24391.607675
-274448,3000,24418.136616
-301536,3000,24446.56183
-299504,3000,24473.183096
-315544,3000,24501.983128
-282792,3000,24528.492657
-313456,3000,24556.590512
-283880,3000,24583.323618
-336568,3000,24610.276042
-297344,3000,24636.317661
-300424,3000,24663.609059
-301664,3000,24690.403402
-297528,3000,24717.968471
-300144,3000,24745.210405
-308568,3000,24771.285481
-303800,3000,24800.526257
-297376,3000,24826.724752
-288544,3000,24855.434401
-287856,3000,24883.768887
-327408,3000,24913.261132
-327448,3000,24940.256198
-292760,3000,24967.012721
-267408,3000,24994.022696
-298328,3000,25022.786452
-272456,3000,25050.009322
-317304,3000,25078.753081
-288488,3000,25106.521867
-317552,3000,25135.158683
-311456,3000,25162.08275
-315432,3000,25188.760843
-318560,3000,25215.991658
-277488,3000,25241.529277
-284376,3000,25270.044157
-309512,3000,25297.392038
-320552,3000,25324.621863
-261624,3000,25350.698185
-285656,3000,25379.947598
-300480,3000,25406.891999
-278392,3000,25434.453546
-296688,3000,25461.814316
-316424,3000,25490.75518
-319584,3000,25518.782564
-263648,3000,25545.560973
-302384,3000,25572.948033
-251432,3000,25600.882255
-279600,3000,25628.256378
-258536,3000,25655.408449
-256304,3000,25682.652682
-269584,3000,25709.600368
-282384,3000,25737.803473
-273952,3000,25763.627807
-295584,3000,25789.753499
-309488,3000,25817.499521
-273392,3000,25844.66928
-266624,3000,25871.791006
-283688,3000,25898.195618
-281192,3000,25925.026245
-243496,3000,25953.51386
-280392,3000,25980.05851
-281568,3000,26062.836313
-297328,3000,26088.956638
-305624,3000,26119.062905
-243968,3000,26145.755069
-300640,3000,26172.747921
-296496,3000,26201.797009
-261544,3000,26229.2565
-271520,3000,26255.614991
-257536,3000,26283.821738
-310656,3000,26309.763496
-290440,3000,26337.166459
-294392,3000,26364.187123
-273728,3000,26390.685895
-278456,3000,26418.112858
-275712,3000,26444.944468
-273400,3000,26472.900413
-256584,3000,26500.86748
-298312,3000,26525.922019
-271416,3000,26551.581057
-253280,3000,26578.776805
-288456,3000,26604.42305
-266232,3000,26631.330577
-222416,3000,26657.109374
-252496,3000,26683.365842
-293272,3000,26710.33969
-275576,3000,26737.152624
-277408,3000,26766.022604
-287504,3000,26792.618021
-242336,3000,26820.36041
-293360,3000,26848.499956
-247840,3000,26875.41994
-244464,3000,26902.609866
-261584,3000,26930.414056
-281312,3000,26959.093257
-287144,3000,26985.539725
-282848,3000,27013.582019
-277504,3000,27041.069708
-282328,3000,27068.061453
-285264,3000,27096.746603
-261648,3000,27123.224289
-310528,3000,27149.277512
-278272,3000,27177.022201
-284424,3000,27203.675713
-238312,3000,27230.222775
-262432,3000,27255.64546
-259360,3000,27281.870264
-258552,3000,27309.137954
-254736,3000,27337.262374
-274480,3000,27362.887405
-292112,3000,27389.617411
-252520,3000,27415.548587
-229552,3000,27443.102654
-251504,3000,27469.481579
-284240,3000,27497.914985
-251456,3000,27524.143264
-244048,3000,27550.984884
-263304,3000,27578.795153
-282504,3000,27606.827132
-259376,3000,27635.506588
-241432,3000,27663.69328
-264384,3000,27688.814234
-241336,3000,27714.305279
-268472,3000,27739.894838
-258296,3000,27763.318458
-257640,3000,27785.535631
-241760,3000,27808.802581
-248608,3000,27831.605712
-259536,3000,27908.46974
-270296,3000,27931.314624
-239656,3000,27954.934411
-252384,3000,27977.753093
-232464,3000,28002.030349
-267656,3000,28025.938029
-230912,3000,28049.022533
-257640,3000,28071.430405
-275488,3000,28094.491179
-275128,3000,28117.973511
-262192,3000,28141.121974
-250592,3000,28163.798012
-278192,3000,28186.254933
-235496,3000,28208.765709
-237336,3000,28231.947331
-224336,3000,28255.401393
-248192,3000,28278.329438
-243656,3000,28303.464793
-233504,3000,28326.590399
-212280,3000,28349.588268
-306208,3000,28372.676219
-284352,3000,28395.762075
-251384,3000,28418.425905
-235280,3000,28442.533143
-247544,3000,28465.675001
-265360,3000,28488.285867
-258704,3000,28511.63961
-246384,3000,28535.081503
-276904,3000,28558.968926
-240496,3000,28582.15396
-265296,3000,28605.300198
-220504,3000,28627.642139
-254456,3000,28651.03854
-280280,3000,28675.512794
-265360,3000,28698.955609
-257136,3000,28721.563519
-260600,3000,28746.147107
-250312,3000,28769.323975
-237368,3000,28792.698232
-220352,3000,28817.021707
-261400,3000,28839.940597
-214392,3000,28861.815525
-257312,3000,28883.627493
-233320,3000,28906.557341
-230448,3000,28931.086588
-220480,3000,28955.896798
-264272,3000,28978.562024
-232008,3000,29001.102176
-233064,3000,29023.890829
-245696,3000,29049.948364
-250080,3000,29076.340177
-265600,3000,29101.131466
-245360,3000,29125.894822
-210584,3000,29150.064483
-263016,3000,29175.396632
-255416,3000,29199.588093
-264208,3000,29222.571996
-252920,3000,29246.509782
-262288,3000,29269.26171
-245448,3000,29290.945092
-273264,3000,29314.494619
-232344,3000,29337.498856
-224592,3000,29360.362844
-257160,3000,29383.348102
-234408,3000,29406.275999
-210240,3000,29428.725513
-225664,3000,29501.109434
-255784,3000,29525.580219
-270408,3000,29548.833811
-254856,3000,29573.431599
-244552,3000,29596.967904
-228608,3000,29619.693443
-225592,3000,29642.03024
-213408,3000,29663.969106
-289184,3000,29688.383702
-247456,3000,29711.894081
-235504,3000,29735.641579
-269400,3000,29759.12067
-234512,3000,29782.222748
-269448,3000,29804.3547
-214656,3000,29827.839722
-252288,3000,29850.551555
-242456,3000,29874.077656
-210728,3000,29897.172457
-229400,3000,29920.866061
-265264,3000,29944.313643
-203080,3000,29967.648279
-287312,3000,29990.394063
-252360,3000,30013.797562
-264560,3000,30037.394337
-197528,3000,30060.857594
-217464,3000,30084.52104
-287312,3000,30107.662904
-265288,3000,30131.479634
-227408,3000,30153.023029
-223272,3000,30175.882772
-201248,3000,30197.718612
-253416,3000,30221.504373
-260744,3000,30246.118491
-207312,3000,30269.707598
-221256,3000,30292.229125
-224304,3000,30315.639009
-250376,3000,30337.478856
-226216,3000,30360.060122
-244272,3000,30383.386547
-264152,3000,30406.323335
-230672,3000,30429.328525
-243320,3000,30454.176226
-227384,3000,30477.577654
-197920,3000,30500.784706
-255456,3000,30523.646759
-245088,3000,30546.639788
-262576,3000,30571.521151
-264096,3000,30595.547131
-273312,3000,30618.8253
-224344,3000,30642.034496
-246344,3000,30664.456254
-195128,3000,30686.605599
-229360,3000,30709.801803
-226472,3000,30732.962358
-285536,3000,30756.282749
-219408,3000,30779.317659
-199248,3000,30801.690382
-222896,3000,30824.276073
-222528,3000,30847.109063
-209264,3000,30871.36838
-227376,3000,30894.541248
-233184,3000,30917.142323
-230640,3000,30941.097903
-193480,3000,30963.775203
-219552,3000,30986.996477
-240568,3000,31009.922273
-229656,3000,31031.843765
-204504,3000,31109.703791
-204304,3000,31132.0506
-234080,3000,31156.34635
-273224,3000,31179.387557
-250536,3000,31202.161935
-226368,3000,31225.893902
-212536,3000,31249.06577
-217608,3000,31271.669817
-204160,3000,31293.887185
-226544,3000,31317.798212
-203672,3000,31341.805429
-206368,3000,31365.345302
-239376,3000,31387.769546
-225200,3000,31411.025802
-226496,3000,31433.678503
-180496,3000,31454.749095
-251320,3000,31477.965336
-233088,3000,31501.918192
-209136,3000,31524.985297
-195368,3000,31547.814417
-242464,3000,31570.160379
-263288,3000,31593.484899
-241448,3000,31617.082113
-185288,3000,31640.273675
-187504,3000,31663.061448
-192264,3000,31686.175466
-248472,3000,31709.838928
-208392,3000,31732.439425
-174584,3000,31755.569424
-236072,3000,31778.10385
-220336,3000,31800.611783
-238696,3000,31824.035595
-228352,3000,31845.826784
-195536,3000,31869.098024
-210792,3000,31892.096033
-185528,3000,31914.221366
-230296,3000,31939.023039
-224432,3000,31961.044125
-198984,3000,31984.969582
-237136,3000,32007.493
-242328,3000,32030.424499
-236440,3000,32053.943123
-192032,3000,32076.906362
-216720,3000,32101.04086
-213464,3000,32123.019659
-209256,3000,32144.29508
-226136,3000,32166.727148
-231448,3000,32189.964144
-210232,3000,32212.592522
-238256,3000,32235.729913
-199560,3000,32259.309771
-227184,3000,32282.446228
-206168,3000,32305.126283
-214408,3000,32327.385025
-215128,3000,32351.171119
-213368,3000,32373.657963
-199680,3000,32396.835893
-221048,3000,32419.27984
-162400,3000,32442.45433
-196488,3000,32465.915161
-221272,3000,32489.169281
-216408,3000,32512.324072
-215536,3000,32535.436396
-159744,3000,32557.566111
-191032,3000,32579.158297
-215328,3000,32601.536847
-176592,3000,32624.968581
-205448,3000,32701.522629
-231456,3000,32725.837533
-190488,3000,32747.996048
-217720,3000,32771.234601
-177400,3000,32793.413701
-251744,3000,32816.043509
-192328,3000,32838.88356
-215456,3000,32862.27346
-199144,3000,32885.380514
-227568,3000,32907.606856
-214368,3000,32930.926187
-207648,3000,32954.405484
-236256,3000,32976.189758
-205584,3000,32998.700665
-212368,3000,33021.019973
-209904,3000,33043.888884
-194192,3000,33066.03997
-228984,3000,33089.024347
-199088,3000,33112.005111
-207448,3000,33135.755085
-214432,3000,33159.104542
-220480,3000,33180.467918
-178408,3000,33203.620022
-188368,3000,33225.932823
-200392,3000,33249.390695
-211128,3000,33270.523693
-188360,3000,33292.798062
-235136,3000,33315.191318
-199480,3000,33336.718774
-201232,3000,33358.71941
-198304,3000,33381.233075
-173488,3000,33404.649426
-194424,3000,33427.958113
-196200,3000,33450.810966
-195424,3000,33473.302255
-188296,3000,33495.714286
-223200,3000,33519.144002
-173480,3000,33542.629888
-205352,3000,33564.920216
-199984,3000,33586.23963
-203432,3000,33608.170227
-202232,3000,33632.435884
-195456,3000,33655.23536
-175408,3000,33677.90569
-202120,3000,33699.375968
-189328,3000,33721.409725
-201352,3000,33744.443351
-183512,3000,33765.860405
-172440,3000,33789.273941
-190464,3000,33811.768568
-193536,3000,33834.071815
-214096,3000,33856.384652
-206232,3000,33878.15721
-199424,3000,33900.968433
-180232,3000,33922.878535
-222232,3000,33945.707068
-210272,3000,33966.820896
-218400,3000,33989.20153
-194432,3000,34012.423097
-226952,3000,34034.923051
-168360,3000,34057.407995
-202856,3000,34080.421598
-169096,3000,34102.784668
-214336,3000,34124.147076
-190304,3000,34147.247847
-169888,3000,34170.787536
-196392,3000,34251.160673
-181480,3000,34273.707361
-192728,3000,34295.869014
-196208,3000,34316.828826
-187320,3000,34339.237227
-173136,3000,34361.193528
-183472,3000,34384.310893
-171392,3000,34407.172216
-185536,3000,34429.915445
-156552,3000,34451.294532
-186520,3000,34474.238683
-163144,3000,34496.359909
-204304,3000,34518.97457
-176440,3000,34541.514066
-180264,3000,34565.262712
-187432,3000,34588.356361
-172528,3000,34610.105185
-177288,3000,34632.562877
-188128,3000,34654.74688
-188440,3000,34677.392784
-175440,3000,34700.156565
-158256,3000,34723.118778
-195656,3000,34746.190099
-190240,3000,34768.446178
-193168,3000,34791.700842
-196448,3000,34814.73336
-223384,3000,34837.141379
-165600,3000,34860.507381
-181992,3000,34882.10431
-173400,3000,34905.335148
-174112,3000,34927.565558
-148816,3000,34949.636841
-154216,3000,34971.595661
-188880,3000,34995.676992
-175208,3000,35018.031598
-173120,3000,35040.653669
-204424,3000,35062.48883
-170312,3000,35085.540533
-210224,3000,35108.026243
-183184,3000,35129.929433
-151112,3000,35152.121488
-140184,3000,35173.075037
-165120,3000,35195.341745
-166800,3000,35217.407589
-205080,3000,35239.216944
-187584,3000,35260.36826
-209496,3000,35283.493188
-187256,3000,35304.511318
-173064,3000,35327.741445
-203712,3000,35349.610702
-176272,3000,35372.768831
-195408,3000,35395.82297
-176264,3000,35419.207842
-190088,3000,35441.8479
-173456,3000,35463.912516
-210304,3000,35486.9543
-180464,3000,35508.797034
-208200,3000,35530.987431
-181152,3000,35553.59759
-181488,3000,35576.474865
-188200,3000,35597.552967
-164504,3000,35619.897141
-204496,3000,35642.147321
-161616,3000,35665.322776
-143152,3000,35687.308919
-190128,3000,35709.689828
-188168,3000,35732.262007
-181056,3000,35814.910848
-197824,3000,35838.493397
-148512,3000,35860.480706
-188432,3000,35883.478778
-182288,3000,35906.236123
-174544,3000,35927.523776
-186088,3000,35950.981839
-177984,3000,35973.017737
-185408,3000,35995.840818
-156120,3000,36018.71864
-178040,3000,36039.803959
-157360,3000,36062.608358
-163336,3000,36084.409068
-172432,3000,36106.936645
-175224,3000,36129.172402
-155544,3000,36150.975551
-156376,3000,36174.477952
-174296,3000,36196.383224
-177144,3000,36218.680034
-172296,3000,36239.898216
-179736,3000,36262.316578
-153344,3000,36283.098254
-176168,3000,36305.539917
-174184,3000,36327.444451
-158520,3000,36349.748067
-174136,3000,36371.265642
-162464,3000,36395.265069
-174160,3000,36415.693853
-207336,3000,36438.198555
-164272,3000,36458.822616
-148240,3000,36480.797339
-168488,3000,36502.702163
-172632,3000,36523.823343
-153120,3000,36545.723361
-134720,3000,36568.83259
-178736,3000,36591.361418
-175904,3000,36613.066743
-158328,3000,36634.315721
-150736,3000,36657.223009
-162448,3000,36679.838808
-168600,3000,36703.499192
-164024,3000,36724.614526
-149256,3000,36746.013197
-147304,3000,36768.007672
-171304,3000,36790.310253
-166256,3000,36812.963385
-186328,3000,36834.631037
-172160,3000,36857.404739
-133464,3000,36880.100703
-167288,3000,36904.372349
-142384,3000,36927.523592
-149120,3000,36949.090271
-163272,3000,36971.732947
-161088,3000,36993.197753
-186384,3000,37014.72484
-189072,3000,37036.773975
-161456,3000,37058.292685
-165048,3000,37080.838064
-142312,3000,37103.364115
-142168,3000,37126.757375
-162536,3000,37149.313405
-141520,3000,37170.536014
-149352,3000,37192.946209
-148800,3000,37214.893878
-167056,3000,37237.547663
-184224,3000,37259.759767
-150568,3000,37282.192929
-174080,3000,37358.688508
-158160,3000,37380.852639
-139440,3000,37402.5956
-154040,3000,37424.737603
-170904,3000,37445.384794
-163328,3000,37467.029078
-142416,3000,37489.014101
-152416,3000,37511.158691
-174008,3000,37533.020968
-147584,3000,37556.406173
-163872,3000,37578.267429
-148248,3000,37600.278867
-175568,3000,37622.053869
-146448,3000,37643.454013
-167248,3000,37665.116935
-147096,3000,37686.604461
-183360,3000,37708.7996
-137160,3000,37732.113906
-138160,3000,37754.781642
-138368,3000,37776.472226
-154232,3000,37798.716384
-160152,3000,37819.86443
-129496,3000,37840.78805
-149320,3000,37862.744667
-142192,3000,37884.355994
-156112,3000,37905.526517
-158224,3000,37927.762515
-161080,3000,37948.770171
-159168,3000,37971.180726
-122448,3000,37993.787048
-131232,3000,38016.057723
-162408,3000,38037.535719
-145544,3000,38059.183738
-142440,3000,38080.645885
-149208,3000,38101.757582
-173144,3000,38124.757457
-160304,3000,38148.867997
-150304,3000,38170.600187
-149784,3000,38191.771688
-140496,3000,38213.323608
-161152,3000,38235.782761
-167328,3000,38258.420215
-166352,3000,38280.862072
-147480,3000,38302.475646
-127672,3000,38324.308246
-150584,3000,38347.112173
-151120,3000,38369.802165
-147968,3000,38390.129866
-170136,3000,38411.063254
-159040,3000,38432.946227
-177296,3000,38454.48778
-170904,3000,38477.000909
-142472,3000,38499.176721
-132288,3000,38521.483351
-142248,3000,38542.830363
-155624,3000,38565.031687
-133256,3000,38588.300822
-146096,3000,38609.91702
-134200,3000,38632.471638
-131096,3000,38654.202426
-133208,3000,38676.12093
-151208,3000,38697.504497
-137128,3000,38719.416012
-177240,3000,38740.97502
-142216,3000,38762.376766
-153240,3000,38784.551838
-142176,3000,38858.336929
-130368,3000,38879.844489
-138272,3000,38901.547935
-130272,3000,38923.65723
-137176,3000,38945.039461
-130216,3000,38967.845747
-153248,3000,38990.005337
-161168,3000,39012.206636
-165168,3000,39034.072383
-137248,3000,39055.756863
-127280,3000,39077.849224
-136872,3000,39099.993343
-158208,3000,39121.497728
-138376,3000,39143.561887
-127416,3000,39165.453944
-146856,3000,39186.874894
-149056,3000,39208.246439
-153616,3000,39231.198598
-132944,3000,39252.603347
-140936,3000,39273.64377
-129424,3000,39294.638997
-132408,3000,39317.393682
-137992,3000,39338.583603
-137288,3000,39359.948982
-148216,3000,39381.645273
-114712,3000,39402.828666
-141336,3000,39425.745313
-126296,3000,39448.024222
-132104,3000,39469.149683
-170032,3000,39491.48568
-112928,3000,39512.498828
-162024,3000,39534.053292
-141232,3000,39555.958887
-155264,3000,39577.722521
-151616,3000,39599.776835
-136768,3000,39622.371345
-136064,3000,39642.881958
-142240,3000,39665.032962
-129392,3000,39685.288647
-125040,3000,39707.185397
-137304,3000,39728.933225
-146600,3000,39752.026217
-122272,3000,39773.940035
-175144,3000,39795.363557
-121256,3000,39817.508395
-104496,3000,39839.359565
-126264,3000,39861.483419
-140848,3000,39882.992143
-146728,3000,39905.620467
-133200,3000,39926.529919
-109832,3000,39947.716948
-144120,3000,39969.160651
-136520,3000,39991.388044
-131712,3000,40013.31888
-145088,3000,40034.891592
-153680,3000,40056.621928
-136160,3000,40078.694467
-135384,3000,40099.57777
-117032,3000,40120.392294
-140192,3000,40141.144634
-108616,3000,40162.999815
-108144,3000,40184.867924
-127784,3000,40207.245039
-113296,3000,40228.349615
-119152,3000,40250.511626
-136080,3000,40272.232395
-116792,3000,40293.99123
-131344,3000,40369.138394
-143200,3000,40391.963395
-130632,3000,40413.9835
-123104,3000,40435.753211
-121384,3000,40457.557326
-129056,3000,40479.038639
-125176,3000,40500.961231
-144528,3000,40523.419987
-129376,3000,40545.074396
-135016,3000,40566.241944
-115472,3000,40587.853032
-121232,3000,40609.737839
-128104,3000,40632.332124
-119168,3000,40654.007203
-135128,3000,40676.094688
-114968,3000,40697.836434
-155728,3000,40719.9145
-118192,3000,40741.483246
-128304,3000,40762.537971
-115040,3000,40784.143436
-122152,3000,40805.974205
-124192,3000,40827.935254
-107488,3000,40849.857375
-143112,3000,40871.767348
-135944,3000,40894.314158
-127824,3000,40915.603965
-124976,3000,40938.165294
-135928,3000,40958.586047
-121208,3000,40980.841278
-104568,3000,41002.108375
-146616,3000,41024.846959
-132008,3000,41045.942315
-136264,3000,41068.524927
-129088,3000,41090.493425
-134064,3000,41112.793591
-114056,3000,41134.167783
-110512,3000,41155.990579
-116944,3000,41178.551098
-123504,3000,41199.996437
-96640,3000,41221.813242
-118400,3000,41242.863658
-136960,3000,41263.234952
-134128,3000,41284.072813
-105312,3000,41305.516436
-119544,3000,41327.482174
-124144,3000,41350.008074
-114112,3000,41371.08788
-138112,3000,41392.301151
-85016,3000,41413.023328
-109192,3000,41435.209018
-123400,3000,41457.034736
-131320,3000,41479.318954
-120224,3000,41501.223797
-119408,3000,41523.038715
-107224,3000,41544.674546
-110104,3000,41565.695326
-112328,3000,41587.169369
-129840,3000,41609.225296
-98920,3000,41630.233819
-104216,3000,41652.25355
-116936,3000,41672.7532
-93216,3000,41694.396306
-113192,3000,41716.034178
-101368,3000,41738.539859
-122032,3000,41760.382699
-123232,3000,41782.096674
-122544,3000,41804.397449
-133280,3000,41877.632899
-117112,3000,41899.126538
-107648,3000,41920.581912
-125264,3000,41942.7073
-132384,3000,41964.383822
-101112,3000,41984.560987
-119344,3000,42007.542164
-116168,3000,42029.642295
-105888,3000,42050.212658
-102392,3000,42072.224323
-123032,3000,42094.236326
-101256,3000,42115.174146
-100240,3000,42136.510437
-108128,3000,42158.456906
-109392,3000,42179.661879
-133192,3000,42200.636945
-88136,3000,42220.500287
-108160,3000,42241.790421
-124288,3000,42263.913912
-120080,3000,42285.066247
-87488,3000,42307.0137
-132096,3000,42327.807955
-102184,3000,42349.571314
-119024,3000,42370.192364
-119376,3000,42391.729323
-98648,3000,42413.345305
-101320,3000,42435.424729
-115248,3000,42457.14429
-95272,3000,42478.474281
-113280,3000,42500.098498
-120912,3000,42522.351907
-99336,3000,42543.584143
-118640,3000,42564.489524
-114464,3000,42586.272917
-99368,3000,42607.405511
-109160,3000,42628.923412
-114200,3000,42650.084438
-99360,3000,42672.412207
-127160,3000,42693.375441
-105352,3000,42714.82313
-107944,3000,42736.467322
-120224,3000,42758.034546
-107176,3000,42779.346214
-98136,3000,42801.134204
-117232,3000,42822.891505
-111008,3000,42844.090419
-87288,3000,42865.257377
-89360,3000,42887.297847
-100544,3000,42908.309589
-112072,3000,42930.091812
-117296,3000,42952.228702
-102480,3000,42972.267634
-116336,3000,42994.960757
-121760,3000,43016.030602
-125080,3000,43038.117049
-109256,3000,43060.214072
-126224,3000,43082.287607
-112336,3000,43103.531574
-97336,3000,43124.567426
-99168,3000,43145.451447
-106000,3000,43167.711678
-96024,3000,43188.230298
-104104,3000,43209.819469
-90984,3000,43230.808885
-115176,3000,43253.012187
-84176,3000,43274.218959
-101592,3000,43346.456922
-114064,3000,43367.906547
-118200,3000,43389.127444
-97104,3000,43410.663235
-93376,3000,43431.88899
-101288,3000,43453.130159
-103720,3000,43474.627026
-85104,3000,43496.004977
-91216,3000,43517.548352
-94032,3000,43538.787374
-120984,3000,43559.916923
-102136,3000,43580.876511
-101448,3000,43602.370377
-107088,3000,43622.99406
-86992,3000,43644.708118
-80200,3000,43667.156413
-122904,3000,43687.985079
-104472,3000,43709.566949
-96024,3000,43731.511485
-121104,3000,43753.073993
-88232,3000,43774.593002
-104824,3000,43797.020695
-99408,3000,43818.181268
-93272,3000,43841.187923
-90264,3000,43861.507599
-103816,3000,43882.630192
-94216,3000,43904.267635
-86056,3000,43926.115995
-88056,3000,43947.438839
-105296,3000,43968.50871
-103272,3000,43988.934401
-105872,3000,44011.102495
-82224,3000,44032.656402
-95288,3000,44054.180438
-94752,3000,44075.032682
-96840,3000,44096.627346
-100632,3000,44117.110918
-76312,3000,44137.869613
-98168,3000,44158.940402
-101984,3000,44180.259066
-99136,3000,44202.467391
-90336,3000,44224.290054
-105952,3000,44244.623813
-83096,3000,44266.577305
-94256,3000,44288.543247
-81160,3000,44309.520125
-82104,3000,44331.151248
-100176,3000,44352.044545
-90072,3000,44374.403831
-102944,3000,44394.991379
-85448,3000,44417.962711
-96200,3000,44438.664566
-72152,3000,44460.307566
-94968,3000,44481.820888
-93784,3000,44504.223773
-94008,3000,44525.198123
-110216,3000,44545.778455
-83016,3000,44567.336434
-83144,3000,44588.682159
-89000,3000,44611.367154
-86120,3000,44632.731797
-91120,3000,44653.77738
-83120,3000,44675.955191
-85232,3000,44697.769424
-102528,3000,44719.698319
-93872,3000,44740.762621
-87112,3000,44762.57388
-87280,3000,44834.973836
-90176,3000,44856.879575
-102352,3000,44877.916011
-92056,3000,44898.61639
-93568,3000,44919.764636
-86128,3000,44941.004057
-86360,3000,44962.854358
-105056,3000,44984.741783
-116008,3000,45005.481732
-77248,3000,45028.470729
-78128,3000,45049.524002
-73016,3000,45071.007758
-67080,3000,45091.886346
-85232,3000,45112.998566
-84904,3000,45135.202198
-89200,3000,45156.997392
-85368,3000,45178.324595
-96480,3000,45200.137772
-80288,3000,45221.402786
-84160,3000,45242.655888
-90800,3000,45264.119684
-78232,3000,45285.066684
-78328,3000,45307.253211
-90600,3000,45328.963742
-70184,3000,45351.350271
-79248,3000,45373.573967
-94456,3000,45395.24223
-79344,3000,45415.991089
-65120,3000,45436.999267
-87304,3000,45458.003499
-88272,3000,45479.134099
-83136,3000,45499.77685
-95696,3000,45521.731568
-77248,3000,45541.666194
-83232,3000,45563.955397
-74008,3000,45586.203875
-70232,3000,45607.958211
-66232,3000,45630.338219
-91808,3000,45651.646045
-83200,3000,45673.819941
-93712,3000,45693.218798
-78736,3000,45714.902386
-71376,3000,45736.038531
-68856,3000,45756.705148
-93048,3000,45778.304559
-71968,3000,45800.265625
-74368,3000,45821.532051
-82344,3000,45843.119945
-89056,3000,45864.663782
-80288,3000,45886.419274
-88936,3000,45907.54374
-81224,3000,45930.960807
-88936,3000,45951.717905
-62304,3000,45974.074814
-73096,3000,45994.876431
-61512,3000,46015.896909
-66960,3000,46036.933594
-87152,3000,46057.941088
-69248,3000,46080.187093
-70864,3000,46101.492135
-68056,3000,46123.024827
-81000,3000,46143.334708
-86192,3000,46164.987142
-68208,3000,46186.182454
-60432,3000,46207.207621
-75760,3000,46227.892898
-81984,3000,46249.360216
-84568,3000,46320.496212
-82024,3000,46341.375771
-70376,3000,46362.259318
-62168,3000,46383.225955
-59032,3000,46404.358822
-77344,3000,46425.457704
-79456,3000,46447.078226
-88016,3000,46468.444748
-66208,3000,46489.930496
-71072,3000,46510.468234
-74768,3000,46531.668063
-67152,3000,46553.196764
-72736,3000,46573.878003
-78944,3000,46593.668099
-57120,3000,46615.242172
-74848,3000,46635.963548
-77992,3000,46656.840234
-86032,3000,46676.245252
-61560,3000,46696.704482
-61024,3000,46718.004502
-62416,3000,46740.267551
-74160,3000,46761.276516
-75008,3000,46782.825557
-72816,3000,46804.343264
-56336,3000,46827.166457
-68024,3000,46847.670475
-62280,3000,46867.649187
-54952,3000,46889.603858
-59680,3000,46911.100809
-50960,3000,46932.012752
-57984,3000,46953.578285
-75768,3000,46975.705395
-65296,3000,46996.918154
-85816,3000,47017.770005
-78136,3000,47038.698894
-69128,3000,47059.470504
-58104,3000,47079.977316
-78944,3000,47101.014608
-79976,3000,47122.296448
-63984,3000,47144.219825
-63016,3000,47165.137195
-78952,3000,47185.746887
-70072,3000,47206.535779
-66736,3000,47228.327935
-77368,3000,47249.428511
-71944,3000,47270.915415
-71936,3000,47291.522079
-81944,3000,47313.615502
-67168,3000,47334.871618
-55776,3000,47355.816648
-70152,3000,47376.049368
-78296,3000,47397.919003
-73232,3000,47418.533504
-47232,3000,47438.614952
-68880,3000,47458.877797
-61672,3000,47479.741573
-63072,3000,47501.124791
-80376,3000,47522.257038
-47144,3000,47543.528997
-59152,3000,47565.453158
-66904,3000,47587.011113
-82528,3000,47609.506124
-57104,3000,47630.679927
-54976,3000,47651.921282
-52000,3000,47672.605022
-70944,3000,47694.942008
-75752,3000,47764.773667
-62368,3000,47785.470395
-65040,3000,47806.046615
-46368,3000,47827.162978
-63416,3000,47848.188826
-56032,3000,47869.670174
-79416,3000,47890.248482
-79224,3000,47910.996645
-60936,3000,47932.827934
-64112,3000,47953.805924
-50744,3000,47975.171322
-71120,3000,47996.017283
-58208,3000,48017.621931
-57336,3000,48038.881491
-55000,3000,48060.863073
-41056,3000,48083.216789
-60232,3000,48104.098981
-55088,3000,48125.856465
-53776,3000,48145.888919
-67248,3000,48167.404022
-53792,3000,48188.379786
-61752,3000,48210.814312
-57008,3000,48232.638501
-64032,3000,48252.902496
-56032,3000,48273.594666
-59984,3000,48295.086014
-63056,3000,48315.148131
-58008,3000,48336.465412
-52696,3000,48357.369189
-51992,3000,48378.917292
-72000,3000,48400.200198
-43992,3000,48421.820496
-58016,3000,48442.886567
-51328,3000,48464.262706
-73904,3000,48484.729372
-50968,3000,48505.612935
-51072,3000,48526.741966
-60952,3000,48547.754832
-56024,3000,48568.677047
-60192,3000,48590.326167
-62024,3000,48611.676014
-81080,3000,48633.091665
-62856,3000,48653.756996
-47976,3000,48675.365813
-47752,3000,48697.493654
-44448,3000,48718.404606
-60808,3000,48739.804015
-47888,3000,48760.790413
-62216,3000,48781.489115
-71240,3000,48802.283605
-63016,3000,48823.39551
-55936,3000,48844.114235
-57160,3000,48866.121404
-55264,3000,48887.463512
-65968,3000,48909.307777
-51424,3000,48929.900777
-26824,3000,48950.423627
-51864,3000,48970.923567
-60048,3000,48991.071972
-42848,3000,49012.645838
-45976,3000,49033.978556
-49968,3000,49054.629681
-64632,3000,49075.170399
-45056,3000,49096.216829
-64880,3000,49117.213587
-49176,3000,49137.843444
-43016,3000,49159.379796
-53664,3000,49230.106275
-61232,3000,49251.669777
-58000,3000,49272.050624
-48064,3000,49293.564981
-49872,3000,49315.026145
-56128,3000,49336.437172
-50976,3000,49356.522262
-36104,3000,49378.19303
-47080,3000,49399.31754
-60272,3000,49421.291401
-60784,3000,49442.660361
-39776,3000,49463.566515
-45352,3000,49485.477874
-55040,3000,49507.470506
-44960,3000,49528.989112
-50888,3000,49550.063829
-69400,3000,49570.626957
-67728,3000,49592.060096
-53760,3000,49613.689971
-64032,3000,49634.802696
-50528,3000,49657.079203
-41152,3000,49678.525345
-53040,3000,49700.391567
-33088,3000,49720.662912
-47400,3000,49739.807077
-44264,3000,49761.076286
-41280,3000,49783.146417
-56792,3000,49804.73729
-57872,3000,49825.643484
-40960,3000,49846.750539
-36152,3000,49867.946233
-58144,3000,49888.459491
-57080,3000,49910.046094
-40344,3000,49932.670316
-53896,3000,49953.104808
-38936,3000,49974.632542
-45952,3000,49995.565528
-33264,3000,50016.146339
-50256,3000,50038.406645
-39920,3000,50059.656495
-36240,3000,50080.129851
-47848,3000,50100.294144
-48992,3000,50121.685229
-49840,3000,50142.09872
-43920,3000,50163.707418
-53344,3000,50184.568486
-45784,3000,50205.990273
-41224,3000,50227.517041
-42048,3000,50249.427635
-36584,3000,50271.634886
-57944,3000,50291.936482
-62592,3000,50314.118307
-45016,3000,50335.194655
-54112,3000,50356.549922
-43488,3000,50378.199255
-22376,3000,50399.867617
-34040,3000,50420.818288
-39664,3000,50442.042345
-44856,3000,50463.626118
-40208,3000,50483.456043
-48000,3000,50505.3384
-40280,3000,50527.054594
-34176,3000,50548.015737
-29736,3000,50568.158067
-39160,3000,50589.50169
-18888,3000,50609.940636
-37048,3000,50631.466953
-34040,3000,50700.363752
-46152,3000,50720.490708
-24104,3000,50741.338038
-38120,3000,50762.022385
-48080,3000,50782.669905
-34984,3000,50804.598575
-48720,3000,50826.171759
-33016,3000,50847.670954
-62008,3000,50869.131503
-42104,3000,50891.06827
-38960,3000,50911.7824
-43864,3000,50932.74764
-44888,3000,50954.606943
-34040,3000,50976.460154
-29944,3000,50997.356932
-47864,3000,51018.795187
-42928,3000,51039.843261
-44032,3000,51060.033345
-37976,3000,51080.802381
-41000,3000,51101.414376
-35920,3000,51123.654257
-20152,3000,51143.825246
-51096,3000,51165.707573
-31080,3000,51186.634332
-28824,3000,51206.971791
-33128,3000,51228.681616
-44288,3000,51249.910095
-35920,3000,51270.977268
-30208,3000,51292.821847
-32128,3000,51314.537673
-29792,3000,51335.76861
-43896,3000,51356.257515
-26952,3000,51376.811604
-28592,3000,51398.52098
-41912,3000,51418.924094
-39760,3000,51439.504725
-38208,3000,51461.468497
-36968,3000,51481.511193
-30896,3000,51502.415916
-34880,3000,51523.405587
-34608,3000,51545.421595
-26952,3000,51566.94098
-36128,3000,51588.445377
-29808,3000,51608.534544
-22944,3000,51629.209525
-42944,3000,51649.918539
-33848,3000,51671.664367
-21848,3000,51691.858855
-43832,3000,51712.337955
-31904,3000,51733.379172
-41904,3000,51754.686715
-39000,3000,51776.995974
-19768,3000,51798.278602
-25024,3000,51820.582994
-33960,3000,51841.358701
-33104,3000,51862.292469
-45928,3000,51883.435223
-25136,3000,51903.864978
-42688,3000,51925.727065
-18176,3000,51949.011704
-31144,3000,51970.583323
-30408,3000,51990.40776
-39504,3000,52011.673544
-34800,3000,52033.511066
-25768,3000,52055.347961
-32800,3000,52076.085874
-15752,3000,52146.584298
-33160,3000,52169.063948
-31728,3000,52189.928191
-23832,3000,52211.309931
-30888,3000,52232.745581
-25104,3000,52253.605963
-18600,3000,52274.966969
-32152,3000,52296.321718
-29784,3000,52317.534633
-19912,3000,52337.906076
-32968,3000,52359.044049
-23976,3000,52380.590311
-20920,3000,52400.920691
-19936,3000,52422.617875
-21352,3000,52443.895073
-20976,3000,52464.815703
-28904,3000,52486.885025
-18896,3000,52507.753591
-18904,3000,52529.66829
-21952,3000,52550.622551
-27216,3000,52572.162251
-28208,3000,52593.336092
-15952,3000,52613.979895
-26864,3000,52634.993695
-21936,3000,52655.53549
-27848,3000,52676.818207
-31968,3000,52697.852127
-24120,3000,52718.599584
-26192,3000,52739.528394
-27056,3000,52759.632209
-24808,3000,52780.759964
-20816,3000,52801.879039
-22208,3000,52823.429395
-26768,3000,52844.185395
-25112,3000,52866.505378
-10984,3000,52888.061976
-19064,3000,52909.705145
-19832,3000,52930.633211
-16000,3000,52951.993849
-27664,3000,52972.975267
-20760,3000,52993.464275
-15760,3000,53014.890748
-35712,3000,53035.934468
-21872,3000,53056.525764
-22400,3000,53078.61468
-12912,3000,53100.638827
-24792,3000,53122.993235
-23872,3000,53145.098935
-21888,3000,53165.75733
-37080,3000,53187.459282
-21056,3000,53208.60701
-18712,3000,53230.610449
-22976,3000,53251.972761
-27792,3000,53273.308724
-20096,3000,53293.930969
-13880,3000,53315.456404
-25000,3000,53336.964392
-15704,3000,53358.728074
-9984,3000,53380.697279
-16808,3000,53402.366639
-21784,3000,53423.748736
-18088,3000,53445.280117
-12176,3000,53466.049111
-20784,3000,53487.582443
-18904,3000,53509.196241
-14736,3000,53530.403498
-19480,3000,53550.946095
-18960,3000,53621.600363
-9800,3000,53642.53141
-24784,3000,53663.452044
-10064,3000,53684.357124
-15968,3000,53706.194926
-18952,3000,53726.605669
-15024,3000,53747.509627
-26616,3000,53768.816185
-12872,3000,53790.874304
-12032,3000,53811.815589
-6848,3000,53832.137955
-21672,3000,53854.148137
-11992,3000,53875.376724
-26808,3000,53896.475412
-20816,3000,53917.668536
-14920,3000,53938.267248
-12832,3000,53959.29585
-13760,3000,53981.060402
-15120,3000,54002.044769
-10984,3000,54022.669046
-11952,3000,54044.315527
-17400,3000,54066.113435
-11664,3000,54087.302904
-12904,3000,54108.56235
-8072,3000,54130.859374
-11688,3000,54151.663525
-14216,3000,54172.925963
-11640,3000,54194.697488
-11888,3000,54215.156193
-13952,3000,54238.758995
-14816,3000,54261.258852
-7864,3000,54281.993649
-21664,3000,54303.166931
-17832,3000,54323.811807
-16824,3000,54343.375627
-10000,3000,54364.149034
-12952,3000,54384.794347
-14968,3000,54405.142505
-12696,3000,54425.377916
-17848,3000,54444.792434
-17680,3000,54466.130351
-5064,3000,54485.501345
-14824,3000,54506.623643
-6032,3000,54527.507516
-7880,3000,54548.110694
-9936,3000,54569.142258
-11768,3000,54589.868214
-8624,3000,54610.371542
-9944,3000,54631.928195
-14000,3000,54652.685172
-9752,3000,54673.455498
-11784,3000,54695.33716
-8912,3000,54717.045877
-6504,3000,54739.129692
-17336,3000,54759.721935
-8176,3000,54781.260209
-752,3000,54802.112836
-14696,3000,54822.497725
-6864,3000,54844.106217
-14832,3000,54865.610513
-4040,3000,54886.531339
-17656,3000,54907.348323
-9704,3000,54929.035304
-11848,3000,54951.004358
-10184,3000,54971.785757
-7904,3000,54993.531123
-3936,3000,55015.271069
-11640,3000,55086.191643
-928,3000,55107.63505
-4056,3000,55129.247927
-1624,3000,55149.667725
-8736,3000,55169.818976
-3920,3000,55191.621583
-2256,3000,55213.378441
-16136,3000,55233.722859
-6016,3000,55254.69815
-6872,3000,55275.708686
-80,3000,55296.664495
-3008,3000,55317.610303
-12760,3000,55337.430763
-10048,3000,55358.810482
-8864,3000,55379.428364
-3840,3000,55400.697471
-7984,3000,55421.604609
-8688,3000,55443.319529
-3376,3000,55464.359649
-1144,3000,55486.3492
-4856,3000,55506.688112
-4856,3000,55527.742586
-8024,3000,55548.517809
-2040,3000,55569.999844
-7064,3000,55591.224977
-656,3000,55612.264906
-8968,3000,55634.065602
-7688,3000,55655.670318
-12080,3000,55677.350156
-4904,3000,55697.953068
-3928,3000,55717.900539
-8920,3000,55739.048509
328,3000,55759.455799
-12944,3000,55780.14956
-4808,3000,55801.068532
-4976,3000,55822.103754
-4304,3000,55843.098959
-4800,3000,55864.504364
-1688,3000,55885.359957
-13672,3000,55906.230864
-4776,3000,55926.929566
-10928,3000,55948.009642
-3736,3000,55969.115776
-6776,3000,55989.531108
-1952,3000,56010.945768
-6520,3000,56031.564358
-6208,3000,56053.372236
-5896,3000,56073.372145
-16800,3000,56095.000511
-12848,3000,56116.383055
-3760,3000,56138.156524
-7016,3000,56159.244056
-11704,3000,56181.233488
-10224,3000,56202.898198
-7096,3000,56224.046704
-2672,3000,56244.982204
-7984,3000,56266.807561
-4728,3000,56286.888089
-15760,3000,56307.442422
1656,3000,56328.702706
-8448,3000,56349.527411
-11584,3000,56369.994164
-11808,3000,56392.124433
-14400,3000,56413.784925
-3896,3000,56435.579717
-8096,3000,56456.952646
-7832,3000,56528.425291
-9848,3000,56550.304077
-3904,3000,56571.585609
-2856,3000,56593.279465
-5912,3000,56615.140182
-14016,3000,56636.940197
-15064,3000,56657.70153
-17848,3000,56678.906778
-7824,3000,56699.243803
-11872,3000,56721.924563
-9072,3000,56743.296111
-11144,3000,56764.154837
-16440,3000,56785.91272
-13816,3000,56808.034992
-2120,3000,56830.833913
-11016,3000,56851.17241
-2048,3000,56871.394762
-9792,3000,56891.32432
-10792,3000,56913.215226
-12336,3000,56933.903339
-4160,3000,56955.878356
-5776,3000,56977.304653
-13992,3000,56999.032766
-13432,3000,57019.352288
-8832,3000,57040.901128
-9624,3000,57061.795231
-8976,3000,57082.997462
-12040,3000,57104.139691
-5152,3000,57125.687057
-11816,3000,57147.06524
-7856,3000,57167.98652
-8784,3000,57188.816022
-5944,3000,57210.615767
-13736,3000,57232.08533
-5888,3000,57253.08965
-14824,3000,57274.761009
-5800,3000,57296.481045
-8768,3000,57317.922165
-7520,3000,57338.938542
-5280,3000,57359.532387
-7760,3000,57380.864769
-5904,3000,57401.643637
-7000,3000,57423.581556
-3800,3000,57445.351877
-8872,3000,57466.345374
-16120,3000,57487.587486
-1776,3000,57509.063962
-1960,3000,57531.456093
-6856,3000,57552.164243
-3008,3000,57573.968285
-7872,3000,57594.642789
-6784,3000,57615.477682
-2664,3000,57637.075016
-1784,3000,57658.189389
-4936,3000,57680.392164
-19656,3000,57702.310475
-11680,3000,57724.437763
1944,3000,57745.51926
-5888,3000,57766.427212
-9800,3000,57787.794691
-5576,3000,57808.060864
-9800,3000,57830.090724
-9944,3000,57852.31226
-11632,3000,57874.148992
-6744,3000,57895.227764
-8056,3000,57916.239336
1616,3000,57936.788026
-7880,3000,58008.194816
-15080,3000,58031.501503
-10712,3000,58052.517171
-5616,3000,58073.167383
-7920,3000,58094.6965
-5832,3000,58115.043498
-7552,3000,58136.462527
-10792,3000,58157.991215
-5704,3000,58179.14354
272,3000,58199.826501
-14872,3000,58221.558623
-5880,3000,58242.676922
-7056,3000,58263.540224
-5048,3000,58283.443238
-8872,3000,58305.225439
-15856,3000,58326.259693
-12688,3000,58346.920284
-10880,3000,58368.235408
-4272,3000,58388.898189
-11792,3000,58411.958084
-21712,3000,58433.369128
-8632,3000,58454.947529
-9184,3000,58475.590846
-5880,3000,58498.163303
-5792,3000,58520.18417
-5624,3000,58541.33726
-13848,3000,58562.436261
-4800,3000,58583.137547
-5672,3000,58604.863142
-6992,3000,58625.929519
-1976,3000,58647.065782
-11496,3000,58668.561134
-9856,3000,58689.892615
-12928,3000,58710.978364
-16728,3000,58732.140956
-8192,3000,58753.965096
-2744,3000,58774.305132
-10920,3000,58795.336215
-6904,3000,58816.998702
-4800,3000,58838.194479
-4816,3000,58859.660824
-3712,3000,58881.238451
-6872,3000,58902.951741
-10840,3000,58924.263512
-2760,3000,58945.493477
-8984,3000,58966.25246
80,3000,58986.625764
-6672,3000,59007.234784
-3752,3000,59027.449778
-4208,3000,59048.119184
-2544,3000,59069.107502
-10400,3000,59090.279915
-10528,3000,59110.553323
-10648,3000,59130.774471
-5096,3000,59151.310497
-2704,3000,59172.761096
6240,3000,59194.350076
-5992,3000,59215.750421
-6840,3000,59236.638703
-4600,3000,59258.269053
-12456,3000,59279.599113
-10080,3000,59300.55359
-9088,3000,59321.996415
-6952,3000,59344.115973
-4960,3000,59365.126421
-7728,3000,59385.353859
-1896,3000,59404.916006
-12744,3000,59478.046431
-10776,3000,59499.277814
-6000,3000,59519.703514
-12736,3000,59541.340692
-840,3000,59562.048785
-10032,3000,59584.860327
-8760,3000,59604.746102
-9720,3000,59627.276414
-7808,3000,59648.466727
-752,3000,59668.752558
-4672,3000,59689.917813
-6808,3000,59711.708529
-12568,3000,59733.652872
-3688,3000,59754.240833
-12824,3000,59775.734153
-9904,3000,59796.580834
-10680,3000,59819.015322
-8816,3000,59841.131023
-9848,3000,59862.048965
-7896,3000,59883.175953
-6872,3000,59902.801664
1736,3000,59923.750479
-2680,3000,59945.393859
-6704,3000,59966.785694
-10008,3000,59989.178351
-5960,3000,60010.245562
-7984,3000,60032.713267
-7064,3000,60053.651044
-3384,3000,60075.302319
-1448,3000,60095.743691
-11976,3000,60117.024634
-5336,3000,60138.446112
-7512,3000,60159.390721
-6608,3000,60180.285891
-6912,3000,60202.019818
-9888,3000,60223.673771
-2776,3000,60245.657917
-6784,3000,60267.186443
-9744,3000,60289.991998
-8848,3000,60311.810552
-12680,3000,60333.473668
-7616,3000,60354.445371
-3728,3000,60375.720374
-5984,3000,60396.45153
-6360,3000,60417.362619
-10520,3000,60437.715085
-3808,3000,60459.092206
-17536,3000,60480.477673
-8600,3000,60501.416744
-6352,3000,60523.412652
-7608,3000,60544.778625
-12608,3000,60565.590749
-18648,3000,60587.379252
-9880,3000,60608.735337
-10856,3000,60629.839369
-14792,3000,60651.804434
-10960,3000,60672.496231
-7968,3000,60693.384178
-3752,3000,60714.651321
-6632,3000,60734.886478
-10960,3000,60756.075531
-11376,3000,60777.468678
-9864,3000,60799.682283
-11560,3000,60821.608171
-3176,3000,60842.729977
-9200,3000,60864.230209
-5752,3000,60938.543244
-6776,3000,60960.276719
-6864,3000,60981.962415
-8776,3000,61003.841364
-7808,3000,61025.552184
-1792,3000,61045.529008
-10144,3000,61067.63456
-4824,3000,61088.914505
-9416,3000,61110.474663
-8696,3000,61131.541473
-5864,3000,61152.224726
-6960,3000,61173.805524
-15624,3000,61196.09502
-2944,3000,61217.254266
-14784,3000,61238.184712
-6640,3000,61259.368275
-1528,3000,61279.361851
-6960,3000,61302.340517
-3016,3000,61323.81564
-4704,3000,61345.481937
-4808,3000,61367.884875
-12712,3000,61389.829004
-1992,3000,61410.175847
-16688,3000,61432.392029
-6424,3000,61454.002297
-4720,3000,61475.431758
-4992,3000,61496.91128
-7744,3000,61518.350455
-6912,3000,61541.064947
-12728,3000,61561.854094
-6024,3000,61582.339248
-1680,3000,61602.880658
-15832,3000,61625.33161
-1224,3000,61646.504974
-8840,3000,61668.667764
-9808,3000,61689.185313
-3856,3000,61710.260398
-2824,3000,61731.295617
-4920,3000,61753.684502
-7072,3000,61773.810357
-14600,3000,61795.830505
-11016,3000,61817.389112
-10560,3000,61838.539602
-6832,3000,61860.180236
-14776,3000,61881.991866
-4016,3000,61903.73608
-1080,3000,61925.140574
-5696,3000,61946.405357
-12936,3000,61968.143278
-13656,3000,61988.84104
-7160,3000,62011.338907
-8608,3000,62033.237889
-9680,3000,62054.960284
-6736,3000,62074.868566
-7576,3000,62095.900447
-6920,3000,62117.250615
-14632,3000,62139.295638
-1896,3000,62160.723557
-6784,3000,62180.975585
-6520,3000,62202.396252
-8880,3000,62224.557837
-10856,3000,62244.977519
1144,3000,62267.104291
-9776,3000,62288.175968
-5800,3000,62309.672015
-9872,3000,62330.270384
-7688,3000,62351.632849
-8008,3000,62424.862575
-20056,3000,62448.017613
-4696,3000,62470.282276
-8824,3000,62492.314112
-2880,3000,62514.013467
-7848,3000,62536.252308
-4288,3000,62557.980471
-920,3000,62579.75877
-5568,3000,62601.358383
-9552,3000,62623.211069
-17048,3000,62644.723317
-8544,3000,62665.411303
-8864,3000,62687.503792
-3000,3000,62708.037508
-4672,3000,62728.611677
-3712,3000,62748.943905
-11856,3000,62770.887599
-3456,3000,62793.646059
-2976,3000,62812.805237
-13720,3000,62834.8293
-1504,3000,62856.126884
-6016,3000,62878.119905
-5560,3000,62899.977952
-6608,3000,62921.487494
-6816,3000,62943.307927
648,3000,62964.335755
-6600,3000,62985.96425
-12664,3000,63008.423641
-9712,3000,63030.84594
-14752,3000,63052.036179
-3920,3000,63073.515798
3024,3000,63094.67883
-10728,3000,63115.855305
-12528,3000,63138.355918
-13688,3000,63160.1839
-14448,3000,63180.839997
-3152,3000,63201.464837
-12376,3000,63221.912466
-696,3000,63243.159026
-8744,3000,63264.665139
-6664,3000,63284.386777
-9696,3000,63305.861172
-16824,3000,63326.614349
-11920,3000,63347.085332
-13840,3000,63367.550216
-4976,3000,63388.336162
-1640,3000,63409.580146
-9696,3000,63430.687037
-2592,3000,63451.752425
-2880,3000,63473.060544
-8736,3000,63494.459363
-5544,3000,63515.767055
-7704,3000,63536.933674
-6552,3000,63557.511791
-5112,3000,63578.510148
-6960,3000,63602.011425
-1616,3000,63623.501397
-9160,3000,63645.162726
-5600,3000,63667.155474
-13616,3000,63687.594106
-4864,3000,63709.076795
-2688,3000,63730.611308
-7752,3000,63750.854884
-13592,3000,63772.042283
-6664,3000,63792.47886
-9384,3000,63813.2017
-2728,3000,63835.500359
-8704,3000,63908.740747
-11808,3000,63930.285946
-8872,3000,63951.358156
-3864,3000,63973.708396
-8792,3000,63995.000766
-5624,3000,64016.068208
-11456,3000,64036.285288
-8600,3000,64057.025663
-5744,3000,64078.759594
-2632,3000,64099.754243
-9912,3000,64122.199231
-12376,3000,64143.231637
-2880,3000,64164.877962
-5888,3000,64186.497139
-4864,3000,64207.661946
-8896,3000,64229.016138
-10584,3000,64249.949321
-6528,3000,64270.941577
-9904,3000,64291.896464
-6912,3000,64312.613856
-3592,3000,64333.362214
-12120,3000,64354.870179
-6720,3000,64376.176838
-6752,3000,64396.323083
-7552,3000,64416.880844
-5096,3000,64438.260611
-7328,3000,64458.801528
-1528,3000,64479.810288
-752,3000,64500.298956
-9712,3000,64522.347073
-8664,3000,64543.469696
-7496,3000,64563.282199
-6664,3000,64584.984438
-3872,3000,64605.953213
-4600,3000,64625.976359
-8440,3000,64648.335995
-7744,3000,64670.163655
-11840,3000,64691.128772
-14632,3000,64712.020066
-4672,3000,64733.348445
-7720,3000,64755.428876
-6328,3000,64777.507886
-3792,3000,64798.735085
-7272,3000,64821.11695
-1456,3000,64841.423851
-5664,3000,64862.782009
-1632,3000,64884.318036
-9824,3000,64903.850633
-7800,3000,64926.058356
-8776,3000,64946.674772
-3096,3000,64968.790479
-10544,3000,64990.386301
-4808,3000,65011.987567
-14784,3000,65034.218076
-6696,3000,65055.891293
-3680,3000,65077.195399
-6752,3000,65099.253715
-9840,3000,65120.116147
-6872,3000,65141.899438
-3832,3000,65163.532643
-2704,3000,65184.252762
-6888,3000,65205.308148
-16280,3000,65226.446239
-1304,3000,65247.691992
-12888,3000,65268.507354
-5944,3000,65290.224034
-2808,3000,65362.573481
-8920,3000,65385.631019
-6720,3000,65406.227748
-4824,3000,65427.423092
-5544,3000,65447.983665
-7480,3000,65470.08341
-6816,3000,65490.322023
-8168,3000,65512.107619
-9680,3000,65534.316778
-6800,3000,65555.277543
-2616,3000,65576.759374
-16368,3000,65597.429804
-14104,3000,65619.360974
-2208,3000,65641.471312
-10480,3000,65662.96214
-8640,3000,65684.247679
-3848,3000,65706.111879
-11808,3000,65728.176882
-5752,3000,65750.2713
-3424,3000,65771.148823
-6552,3000,65792.829636
-9376,3000,65815.617419
-8008,3000,65836.064422
-6744,3000,65858.115926
-10600,3000,65879.911195
-744,3000,65900.406895
-7832,3000,65921.765869
-9816,3000,65943.696684
-1696,3000,65964.95524
-12072,3000,65987.839341
-4648,3000,66008.837693
-9160,3000,66031.142481
-4776,3000,66053.044452
-6480,3000,66075.408427
-10560,3000,66096.277621
-8664,3000,66118.037272
-3688,3000,66139.52037
-14320,3000,66161.830779
-8720,3000,66182.984893
-7064,3000,66204.94329
-7736,3000,66226.545973
-10640,3000,66248.49392
-8616,3000,66269.741166
-9064,3000,66291.024666
-14992,3000,66312.181126
-5792,3000,66332.532319
-4768,3000,66354.577308
-3736,3000,66377.023463
-6816,3000,66399.712301
-7736,3000,66421.05461
-3816,3000,66442.403883
-3024,3000,66463.542345
-10920,3000,66485.422263
-7928,3000,66507.054594
-11848,3000,66527.911283
-7728,3000,66548.356304
-13680,3000,66569.928016
-7496,3000,66592.075416
-14776,3000,66614.30242
-7280,3000,66635.864326
-3672,3000,66657.351567
-6112,3000,66678.283587
184,3000,66700.434402
-4152,3000,66721.73477
-13648,3000,66743.030389
-8608,3000,66764.188662
-7568,3000,66785.224944
-8728,3000,66857.828601
-20656,3000,66879.511621
-4968,3000,66901.317328
-11688,3000,66922.132902
-15720,3000,66944.262936
-4176,3000,66965.915442
-6624,3000,66986.846719
-4136,3000,67007.763339
-6616,3000,67028.366393
-5496,3000,67050.867315
-7032,3000,67074.081394
-6792,3000,67096.91467
-6816,3000,67117.158896
-5712,3000,67138.85619
-7888,3000,67159.092252
-2896,3000,67181.499381
-11512,3000,67201.508056
-4888,3000,67222.740574
-7736,3000,67244.481447
-12664,3000,67265.186196
-4824,3000,67285.938255
-13536,3000,67308.713592
-13136,3000,67329.619431
-5608,3000,67351.642127
-9688,3000,67372.37378
-8760,3000,67394.115375
-10048,3000,67415.234215
-1912,3000,67436.812497
-3344,3000,67457.174543
-2816,3000,67478.097959
-6584,3000,67498.221546
-10800,3000,67520.41382
-9944,3000,67542.618774
-5680,3000,67564.629229
-7768,3000,67585.096424
-17616,3000,67607.666276
-4824,3000,67628.235526
-8616,3000,67649.75335
-12032,3000,67673.293733
992,3000,67694.97248
-16704,3000,67715.940743
-3808,3000,67737.179463
-10696,3000,67758.722716
-3728,3000,67779.563582
-9672,3000,67799.938405
-6880,3000,67821.30195
-11920,3000,67842.739499
-2696,3000,67866.296061
-9400,3000,67887.2923
-7944,3000,67908.89627
-9984,3000,67929.99128
-6144,3000,67952.199031
-4800,3000,67973.44309
-1112,3000,67994.85482
-14888,3000,68015.890485
-8784,3000,68037.85613
-13856,3000,68059.938743
-5968,3000,68080.81638
-16656,3000,68101.431939
-10904,3000,68123.642878
-9296,3000,68143.361712
-6664,3000,68164.989777
-13752,3000,68186.650557
-6792,3000,68207.194505
-2696,3000,68229.317202
-11816,3000,68251.413532
-5752,3000,68272.747245
-10824,3000,68346.306938
-8160,3000,68368.194382
-5704,3000,68389.544102
-2664,3000,68411.164932
-10656,3000,68432.1696
-1256,3000,68453.454131
1904,3000,68474.359689
-11640,3000,68496.332324
-9888,3000,68516.677883
-14720,3000,68538.692141
-15776,3000,68560.127919
-1688,3000,68581.225519
-6584,3000,68602.548231
248,3000,68623.709306
-7432,3000,68645.653512
-2672,3000,68666.797174
-1672,3000,68687.181985
-14888,3000,68708.082335
-4808,3000,68728.738883
-2848,3000,68750.981371
-8600,3000,68772.446697
-2056,3000,68793.785107
-14784,3000,68814.70778
-3656,3000,68836.044817
-4792,3000,68856.766593
-13568,3000,68879.165109
-7408,3000,68898.768238
-10688,3000,68918.938281
-4976,3000,68939.831593
-3784,3000,68962.053717
-10648,3000,68983.2275
-5208,3000,69004.967062
-10688,3000,69027.819641
-2608,3000,69049.677404
-9512,3000,69070.178238
-9752,3000,69092.150009
-14896,3000,69113.351359
-8456,3000,69134.46496
-3856,3000,69155.409832
-2736,3000,69176.564108
-9824,3000,69197.279082
-7744,3000,69218.138065
-6728,3000,69238.560963
-4608,3000,69259.324569
-10384,3000,69281.398739
-7264,3000,69303.071386
-7928,3000,69325.281289
-9736,3000,69347.282355
-4760,3000,69369.683544
-10664,3000,69391.999852
-13912,3000,69412.685911
-6520,3000,69433.95858
-1136,3000,69455.617946
-13672,3000,69476.693741
-7960,3000,69498.026534
-7544,3000,69519.30026
-6552,3000,69539.848257
-5656,3000,69562.613678
-6496,3000,69583.699708
-6896,3000,69606.06556
-8720,3000,69626.882431
-8736,3000,69648.31922
-1080,3000,69670.219809
-6504,3000,69691.470995
-3920,3000,69712.574797
-13712,3000,69733.486514
-6896,3000,69806.313633
-6816,3000,69828.852363
-9792,3000,69850.140739
-6840,3000,69872.500779
-5760,3000,69893.687762
-10680,3000,69915.897238
-1688,3000,69936.664752
-10648,3000,69958.560605
-7928,3000,69980.438069
-8536,3000,70001.384883
-6592,3000,70023.891525
-5696,3000,70045.526473
-12688,3000,70065.863857
-3600,3000,70087.112151
-11528,3000,70108.953187
-7608,3000,70129.934211
-7600,3000,70152.307823
-8384,3000,70173.071185
-608,3000,70195.197335
-12608,3000,70215.110651
-10872,3000,70236.350197
-672,3000,70257.789447
-7464,3000,70278.69237
-4632,3000,70300.43496
-5552,3000,70321.214938
-3544,3000,70342.84235
-12608,3000,70364.59904
-2264,3000,70385.932993
-4816,3000,70407.656921
-6976,3000,70428.674545
-8528,3000,70450.787439
-8776,3000,70472.931575
-16872,3000,70495.108783
-8632,3000,70516.95447
-6664,3000,70538.025587
-8400,3000,70557.719466
-5696,3000,70577.629935
-17728,3000,70598.867251
-3152,3000,70621.840255
-1440,3000,70642.278444
-6632,3000,70664.050469
-6880,3000,70685.233278
-1632,3000,70707.019999
-10664,3000,70728.000467
-8816,3000,70749.959541
-3776,3000,70770.865612
-7584,3000,70792.378473
-10112,3000,70814.163686
-6664,3000,70835.626771
-3720,3000,70857.397894
-1048,3000,70878.60269
-6192,3000,70897.920837
-3608,3000,70918.943246
-4904,3000,70939.007129
-7520,3000,70960.496723
-8768,3000,70982.517972
-9664,3000,71002.965073
-2040,3000,71025.164612
-7688,3000,71044.167056
-7120,3000,71065.069967
-10512,3000,71086.413672
-8744,3000,71108.128881
-15536,3000,71129.613297
-6640,3000,71150.624197
-512,3000,71170.978999
-7824,3000,71192.081326
-1576,3000,71212.765495
-19008,3000,71287.062588
-4872,3000,71308.662364
-4776,3000,71331.090839
-15624,3000,71352.282424
312,3000,71374.157097
-10112,3000,71395.015214
-10864,3000,71415.957375
-3104,3000,71437.674986
-6720,3000,71459.821168
-9576,3000,71481.935505
-4840,3000,71501.795458
-600,3000,71523.170692
-5912,3000,71543.589178
-10768,3000,71565.180482
-6944,3000,71585.523559
-9784,3000,71607.782058
-6960,3000,71629.260388
-8576,3000,71651.01943
-11656,3000,71672.317472
-12672,3000,71694.093386
-4344,3000,71716.410075
-5776,3000,71738.770057
-9672,3000,71760.205768
-6800,3000,71780.928212
-10648,3000,71801.953394
-9656,3000,71824.304351
-8936,3000,71846.218534
-9656,3000,71868.348242
-728,3000,71889.051822
-592,3000,71909.895823
-4336,3000,71931.28966
-6800,3000,71951.617064
-8472,3000,71973.313319
-816,3000,71995.031792
-6736,3000,72016.477128
-5680,3000,72038.259951
-11680,3000,72059.642815
-13736,3000,72081.743384
-13352,3000,72103.704194
-7576,3000,72125.474075
-5584,3000,72147.364197
344,3000,72167.483845
1096,3000,72188.12602
-3656,3000,72209.622254
-3888,3000,72231.84848
-2944,3000,72252.515872
-3560,3000,72273.373958
-4768,3000,72294.671477
-3688,3000,72316.463526
-1504,3000,72337.857875
-7880,3000,72359.054019
-7800,3000,72379.689762
-3744,3000,72400.8718
-7544,3000,72422.183281
-10728,3000,72444.825391
-5864,3000,72466.205493
-15608,3000,72487.744579
-2936,3000,72510.082087
-9696,3000,72531.813115
-9720,3000,72552.357733
-10760,3000,72573.508547
-5792,3000,72595.116673
-12936,3000,72616.696104
-10608,3000,72636.924129
-680,3000,72658.702792
-13904,3000,72681.350641
-2408,3000,72703.532594
-6928,3000,72777.054263
-1632,3000,72797.906845
-14712,3000,72819.471833
-8616,3000,72840.597196
-7776,3000,72862.404176
-10232,3000,72884.303446
-8176,3000,72906.072032
-6608,3000,72928.337627
-5792,3000,72949.429462
-9848,3000,72969.66245
-15656,3000,72991.552792
-14600,3000,73013.537697
-5680,3000,73035.55623
-10888,3000,73057.10375
-4800,3000,73079.530523
-4280,3000,73099.404262
-9608,3000,73120.991029
-3800,3000,73142.601246
-1656,3000,73164.637591
-11064,3000,73185.649547
-7552,3000,73206.699977
-2768,3000,73227.521028
-5680,3000,73248.797664
-7704,3000,73270.878216
-2496,3000,73292.086958
-9576,3000,73314.190501
-6800,3000,73334.754046
-7960,3000,73355.178124
-19688,3000,73376.104551
-11912,3000,73398.656024
-3816,3000,73418.932118
-9688,3000,73440.186429
-7736,3000,73460.495759
-8624,3000,73482.701435
-9768,3000,73505.29754
-3128,3000,73527.215
-6480,3000,73548.676549
-7520,3000,73568.78663
-13744,3000,73589.854965
-11640,3000,73611.77544
-9808,3000,73633.390763
-4272,3000,73654.449299
-5504,3000,73676.591174
-9656,3000,73697.540675
-10504,3000,73718.915503
-8584,3000,73740.256791
-8672,3000,73761.492558
-11392,3000,73780.966301
-3800,3000,73802.656321
-18416,3000,73824.010958
-15240,3000,73845.917608
-3504,3000,73866.253969
2616,3000,73888.4271
-8776,3000,73910.133748
-5600,3000,73931.25791
-5816,3000,73953.255611
-8528,3000,73974.795415
-8336,3000,73996.612829
-8856,3000,74017.973539
-11608,3000,74040.105287
40,3000,74062.589136
-11896,3000,74082.487744
-8384,3000,74104.50634
-9000,3000,74125.579636
-8576,3000,74146.249698
-4904,3000,74168.823026
-10576,3000,74242.812412
-6840,3000,74264.793959
-5680,3000,74287.659332
-1800,3000,74309.482252
-4840,3000,74330.382143
-9648,3000,74351.810774
-10152,3000,74373.110555
-9608,3000,74394.631495
-7584,3000,74416.007326
-12936,3000,74436.324639
-10640,3000,74458.697031
-8048,3000,74480.291906
-14288,3000,74503.511723
-4760,3000,74525.477001
-4640,3000,74547.056196
-12288,3000,74568.78196
-2848,3000,74590.566391
-5840,3000,74610.760469
-9432,3000,74632.606783
-4712,3000,74654.461326
-6640,3000,74676.804197
-8656,3000,74698.558716
-6608,3000,74719.627493
-3440,3000,74740.689807
-8624,3000,74762.480384
-11632,3000,74784.409342
-4496,3000,74806.256654
-7624,3000,74827.311553
-8704,3000,74848.399319
-6360,3000,74869.473631
-7616,3000,74889.993862
-9776,3000,74910.690551
-5768,3000,74932.342561
-4736,3000,74953.36829
-7488,3000,74975.127643
-6720,3000,74996.196705
-8624,3000,75018.050369
-4800,3000,75038.936553
-2800,3000,75060.900876
-6856,3000,75081.937672
-5672,3000,75104.096876
-6760,3000,75126.057333
-2488,3000,75147.96893
-3088,3000,75169.185019
-5728,3000,75191.229002
-7856,3000,75212.004984
-9480,3000,75233.784798
-3768,3000,75253.763642
-12760,3000,75274.809808
-10552,3000,75295.802977
-9592,3000,75317.47044
-8760,3000,75339.296631
-8808,3000,75360.36883
-7312,3000,75382.753532
-5320,3000,75405.703671
-3504,3000,75426.899154
-15536,3000,75448.662457
-3776,3000,75469.44357
-6008,3000,75491.058022
-9520,3000,75511.64011
-16680,3000,75533.558762
-8848,3000,75555.985853
-6608,3000,75578.116544
440,3000,75598.518606
440,3000,75620.287362
1584,3000,75641.219754
-18512,3000,75663.443626
-9736,3000,75741.512069
-13520,3000,75763.770517
-3440,3000,75786.246967
-8616,3000,75808.457729
-11800,3000,75829.773563
-12320,3000,75851.727719
-3888,3000,75873.287702
-5824,3000,75894.333493
-9936,3000,75915.898314
-8608,3000,75938.494674
2304,3000,75959.39952
-2080,3000,75981.118263
-8912,3000,76002.623238
-2640,3000,76025.137548
-4792,3000,76046.723492
-1832,3000,76068.611944
-5624,3000,76089.267254
-7688,3000,76111.457751
-5576,3000,76132.198246
-16120,3000,76154.99433
-712,3000,76175.567594
-9856,3000,76198.651872
-7888,3000,76219.016904
-13368,3000,76241.737539
-11168,3000,76261.722665
-4552,3000,76282.706584
-8744,3000,76302.854005
-6760,3000,76324.779307
-6872,3000,76345.536469
-11632,3000,76366.755223
-8624,3000,76388.845258
-14096,3000,76409.836119
-4992,3000,76431.646017
-4760,3000,76454.196453
-1680,3000,76474.850835
-8200,3000,76495.551273
-2640,3000,76517.057824
-3360,3000,76538.29831
-16792,3000,76559.512054
-11824,3000,76581.780817
-9560,3000,76603.298896
-8736,3000,76625.014437
-2376,3000,76646.943603
-5536,3000,76667.270775
-13624,3000,76688.704643
-9968,3000,76710.274965
-9440,3000,76733.01076
-600,3000,76754.145149
-4992,3000,76775.46235
-10752,3000,76797.822039
-15128,3000,76819.82328
-1584,3000,76840.720025
-4760,3000,76862.091812
-3704,3000,76883.278167
-1608,3000,76905.047718
-7640,3000,76926.318887
-11632,3000,76947.914298
-10488,3000,76968.558666
-11768,3000,76992.069771
-17512,3000,77014.389751
-9712,3000,77035.621098
-14456,3000,77057.284786
-5864,3000,77079.182724
-1280,3000,77101.262276
-5576,3000,77123.383833
-2688,3000,77145.076151
-12768,3000,77166.963446
-7560,3000,77245.98344
-14360,3000,77267.718656
-6632,3000,77289.289287
-7056,3000,77311.248456
-5816,3000,77333.826831
-7000,3000,77355.683372
-8032,3000,77377.399326
-12576,3000,77397.944374
2544,3000,77418.35663
-5816,3000,77440.207883
-17576,3000,77461.928506
-3760,3000,77484.430466
-7832,3000,77506.348593
-9552,3000,77528.046262
-7584,3000,77550.837759
-8552,3000,77570.866684
-3744,3000,77592.597169
-6688,3000,77614.229454
-9456,3000,77636.239367
-8560,3000,77656.556117
-9776,3000,77677.805128
-9008,3000,77699.328048
-9704,3000,77719.375758
-2584,3000,77740.468488
-4768,3000,77761.030227
-9088,3000,77782.540641
-10424,3000,77804.753188
-10168,3000,77826.333032
-10928,3000,77848.151928
-6736,3000,77870.672354
-10784,3000,77891.724194
-7616,3000,77912.827511
-6792,3000,77933.31841
-6800,3000,77954.193972
-4952,3000,77976.141863
-624,3000,77998.365397
-2568,3000,78019.161236
-11688,3000,78042.19984
3880,3000,78062.843118
-16560,3000,78083.637819
-11456,3000,78104.908039
-11608,3000,78126.632088
-16456,3000,78147.623712
-5888,3000,78167.849903
-10824,3000,78190.065392
-10592,3000,78211.747983
-3648,3000,78232.428939
-9504,3000,78254.454794
-5848,3000,78276.735023
-3840,3000,78297.49778
-13904,3000,78317.857319
-7144,3000,78339.131516
-7632,3000,78360.990453
-7696,3000,78382.401886
-3504,3000,78403.080538
-11648,3000,78424.14557
-1648,3000,78444.590806
-9816,3000,78467.319284
-3752,3000,78489.656361
-7832,3000,78510.98095
-4624,3000,78531.940127
-14368,3000,78553.826663
-8664,3000,78574.427925
-3960,3000,78596.751145
-6736,3000,78619.769549
-6856,3000,78642.111406
-19472,3000,78726.900423
-6184,3000,78747.985079
-5984,3000,78769.469341
-8640,3000,78791.918524
-6880,3000,78813.834024
-15608,3000,78835.113271
-2912,3000,78856.959871
-13640,3000,78878.286216
-8608,3000,78898.534398
-10984,3000,78920.961988
-7560,3000,78942.948117
-2704,3000,78965.029792
-5656,3000,78986.035908
-10808,3000,79008.765926
-5840,3000,79030.133942
-3672,3000,79052.652857
-9776,3000,79073.776213
-3936,3000,79095.860909
-8784,3000,79116.549456
-5592,3000,79138.155497
-10536,3000,79159.76157
-17768,3000,79181.608889
-4656,3000,79202.656582
-11648,3000,79223.326206
-8384,3000,79245.003982
-9568,3000,79267.429506
-6608,3000,79290.173084
-19496,3000,79312.542864
-2672,3000,79334.677188
-8752,3000,79356.560236
-9696,3000,79379.36111
-5040,3000,79401.156942
-4088,3000,79424.427271
-18600,3000,79446.047673
-6856,3000,79467.210625
-11880,3000,79488.662956
-7456,3000,79509.471885
-7712,3000,79531.973065
200,3000,79553.440256
-22672,3000,79574.589578
-888,3000,79595.712918
-6560,3000,79617.007487
-9608,3000,79638.537271
-7656,3000,79659.738446
-8672,3000,79681.761592
-9816,3000,79702.508925
-1568,3000,79724.467288
-5744,3000,79745.033592
-5632,3000,79766.073043
-5464,3000,79788.26254
-4840,3000,79809.564302
-11656,3000,79830.539766
-8680,3000,79851.476576
-7696,3000,79872.57002
-15592,3000,79893.883953
-4792,3000,79915.776694
-728,3000,79937.523035
-10712,3000,79959.286227
-6776,3000,79980.924034
-16512,3000,80003.667891
-14600,3000,80024.298317
-15616,3000,80046.650122
-4768,3000,80067.521462
-12768,3000,80087.446157
-2976,3000,80107.452289
-6408,3000,80127.559938
-5744,3000,80147.334351
-10784,3000,80228.149696
-11432,3000,80249.227306
-4200,3000,80269.618591
-10552,3000,80288.223617
-7968,3000,80308.708467
-12864,3000,80328.353217
-14480,3000,80347.448141
-7664,3000,80366.359838
-9504,3000,80385.80867
-12768,3000,80405.519537
-7568,3000,80425.110564
-3920,3000,80445.02298
-9520,3000,80464.286585
-6008,3000,80484.045492
-9704,3000,80502.873117
-4608,3000,80522.6481
-20360,3000,80542.441652
-10040,3000,80562.481665
-12680,3000,80581.712714
-5672,3000,80602.613156
-6696,3000,80622.721233
-6288,3000,80642.455721
-9592,3000,80662.990077
-14664,3000,80683.118986
-10536,3000,80704.216386
-14760,3000,80724.321872
-9672,3000,80743.866256
-8848,3000,80763.139709
-5672,3000,80782.892217
-8872,3000,80802.921715
-7448,3000,80821.982465
-2808,3000,80843.455595
1224,3000,80863.279366
-6896,3000,80882.724581
-12848,3000,80902.510872
-3800,3000,80921.76222
2648,3000,80941.790542
-6464,3000,80961.207429
-13568,3000,80982.36942
-10624,3000,81001.584149
-9160,3000,81020.805278
-14840,3000,81040.278383
-12048,3000,81061.762007
-12640,3000,81080.611088
-7840,3000,81101.156395
-15720,3000,81121.510405
-10808,3000,81140.827563
-6296,3000,81160.646292
-8792,3000,81180.332603
-10536,3000,81200.490854
-4592,3000,81219.634169
-7616,3000,81239.43812
-12672,3000,81259.909023
-4752,3000,81277.963618
-10824,3000,81297.805275
-8784,3000,81317.899541
-13696,3000,81338.843039
-6360,3000,81358.897571
-4712,3000,81378.744586
-5576,3000,81397.73415
-10936,3000,81417.16702
-9752,3000,81437.55527
-10608,3000,81457.691318
-3744,3000,81478.962837
-3904,3000,81499.172139
-17440,3000,81518.369216
-5488,3000,81537.748305
-7528,3000,81617.405265
-7616,3000,81637.553137
-3896,3000,81656.562864
-6528,3000,81676.682648
-14824,3000,81696.560714
-4568,3000,81716.63927
-9608,3000,81735.233866
-9536,3000,81754.833641
-7680,3000,81774.374083
-2792,3000,81794.200164
-10800,3000,81813.670532
0,3000,81833.605003
-8728,3000,81853.113826
-10760,3000,81873.070328
-5800,3000,81892.699402
-6600,3000,81912.425377
-3608,3000,81931.838312
-15104,3000,81951.825285
-3640,3000,81971.139477
-12088,3000,81990.289645
-2672,3000,82010.909593
-10792,3000,82030.413396
-11120,3000,82049.810633
-7768,3000,82070.663915
-8728,3000,82089.459314
-10616,3000,82109.92807
-8520,3000,82129.664246
-8104,3000,82149.149581
-4376,3000,82168.618969
-12256,3000,82188.138333
-6192,3000,82208.148878
-7696,3000,82226.72106
-3776,3000,82247.069499
-10952,3000,82266.722813
-592,3000,82287.66185
-6720,3000,82307.17333
-7840,3000,82327.134249
-9832,3000,82346.368014
-8920,3000,82367.216023
-8232,3000,82387.739805
-2712,3000,82407.653378
-4608,3000,82427.859507
-13680,3000,82447.45101
-12536,3000,82467.551738
-6128,3000,82487.623754
-8608,3000,82507.159684
-12920,3000,82526.96513
-4784,3000,82546.607435
-4456,3000,82566.275624
-4608,3000,82585.393885
-7688,3000,82604.976785
-3592,3000,82624.957975
-7544,3000,82644.242821
-13624,3000,82663.412676
-10536,3000,82682.986851
-5712,3000,82703.77834
-8520,3000,82722.875299
-13824,3000,82742.727615
-10472,3000,82762.632365
-6616,3000,82782.592019
-3776,3000,82802.782947
-6504,3000,82822.967223
-7712,3000,82842.382756
1344,3000,82863.131894
-672,3000,82882.773123
-4752,3000,82901.96395
-10648,3000,82980.925464
-15424,3000,83000.719606
-16536,3000,83021.34067
-14648,3000,83041.145447
-13664,3000,83061.014725
-7696,3000,83080.759549
-4768,3000,83099.902136
-2656,3000,83118.903363
-10744,3000,83137.723433
-5640,3000,83156.767156
-4472,3000,83177.333326
-1616,3000,83196.542886
-10768,3000,83215.91015
-11560,3000,83235.643319
-3632,3000,83255.115468
-17360,3000,83275.062965
-10688,3000,83293.774548
-5624,3000,83314.365406
-4712,3000,83335.323205
-14600,3000,83355.846874
-8560,3000,83375.903011
-5896,3000,83395.752618
-6728,3000,83416.247633
-5640,3000,83436.293506
-11800,3000,83456.60447
-7632,3000,83476.568838
-1728,3000,83496.661354
-10640,3000,83515.744545
-2384,3000,83536.588737
-3544,3000,83556.356528
-1968,3000,83576.756608
-9664,3000,83597.224195
-12616,3000,83616.582975
-8624,3000,83635.915802
-8592,3000,83655.922912
-8664,3000,83675.845307
-5496,3000,83695.207087
-8576,3000,83714.137206
-4376,3000,83733.953309
-9576,3000,83753.897722
-17656,3000,83773.486263
-12920,3000,83793.053302
472,3000,83813.026831
-3640,3000,83833.359792
-9800,3000,83853.844909
-13584,3000,83873.801602
-9376,3000,83893.975093
-10728,3000,83914.596344
-2472,3000,83934.855257
-8928,3000,83954.125252
-4936,3000,83974.212934
-10056,3000,83994.511672
-13704,3000,84014.784643
-5680,3000,84034.946878
-6872,3000,84054.444186
-12576,3000,84075.044936
-8872,3000,84095.3959
-6160,3000,84114.51768
-11968,3000,84134.935734
-5848,3000,84154.729001
-2824,3000,84174.128893
-3464,3000,84194.992746
-8768,3000,84214.894897
-11824,3000,84234.467037
-8848,3000,84254.998736
-10360,3000,84274.651187
744,3000,84293.973171
-9808,3000,84371.05326
-10800,3000,84390.891103
-7744,3000,84409.995787
-9744,3000,84429.051253
-10696,3000,84448.469518
-12152,3000,84467.694147
-2880,3000,84487.313909
-7520,3000,84508.180409
-11584,3000,84528.804177
-5424,3000,84547.494214
-5904,3000,84566.509992
-5656,3000,84586.769181
-9680,3000,84607.390869
-7640,3000,84627.382791
-9632,3000,84647.504206
-9880,3000,84666.875625
-3704,3000,84686.720227
-8600,3000,84707.250863
-4720,3000,84727.226178
-13920,3000,84746.88862
-13696,3000,84765.600999
-3608,3000,84785.215453
-11720,3000,84806.348643
-7720,3000,84825.434399
-8720,3000,84844.69501
-7712,3000,84864.721588
-8664,3000,84884.283586
-15056,3000,84903.959528
-10840,3000,84924.310201
-4824,3000,84943.636122
-7552,3000,84962.234363
-10624,3000,84982.235287
-3928,3000,85001.922687
-15728,3000,85022.78362
-14608,3000,85043.4757
-13496,3000,85063.288091
-7904,3000,85083.233814
-6728,3000,85102.956396
-4696,3000,85123.037106
-6568,3000,85142.046202
-16720,3000,85162.082388
-8792,3000,85182.021544
-13016,3000,85201.050868
400,3000,85221.539511
-22680,3000,85240.79385
-8552,3000,85260.795826
-9752,3000,85280.960994
-3608,3000,85300.902437
-6624,3000,85320.684091
448,3000,85340.346449
-9672,3000,85359.011919
-9664,3000,85379.035325
-9456,3000,85398.340487
-2776,3000,85418.349066
-7688,3000,85438.324106
-14648,3000,85457.989831
-6552,3000,85477.598398
-12392,3000,85498.187915
-7912,3000,85517.355605
-11808,3000,85537.142854
-9056,3000,85557.280607
-15928,3000,85578.316932
-11464,3000,85597.699933
-5536,3000,85618.049721
-11656,3000,85638.286411
-7496,3000,85658.495857
-3960,3000,85678.686768
-5080,3000,85749.909328
-9720,3000,85769.655792
-15720,3000,85790.250816
-9464,3000,85810.773683
-12000,3000,85831.925867
-3448,3000,85851.598585
-10728,3000,85871.388104
-8768,3000,85892.58752
-4552,3000,85912.878273
-9832,3000,85933.457067
-8888,3000,85955.743544
-8512,3000,85977.594572
-12688,3000,85999.883605
-5544,3000,86021.097326
-13552,3000,86042.668383
-12512,3000,86066.984888
-7352,3000,86095.961678
1296,3000,86120.198874
-9928,3000,86147.359817
-5912,3000,86173.487389
-3160,3000,86201.565428
-6584,3000,86231.607466
-6632,3000,86261.322976
-8640,3000,86290.564688
-8088,3000,86321.445297
-12112,3000,86350.998554
-11808,3000,86382.464058
320,3000,86412.452758
-9440,3000,86443.167793
-7480,3000,86473.501969
-17888,3000,86502.894377
-6424,3000,86533.859757
-6664,3000,86562.525564
-3712,3000,86592.492496
-6320,3000,86619.817975
-5232,3000,86651.010607
408,3000,86679.487085
-11080,3000,86711.403088
-4704,3000,86740.508039
-8264,3000,86770.083906
-10464,3000,86798.864115
-8048,3000,86824.868113
-8704,3000,86855.739847
-6656,3000,86885.812109
-3768,3000,86916.352228
-8648,3000,86945.45196
-13576,3000,86974.601434
-8656,3000,87001.989417
-4008,3000,87030.699888
-8816,3000,87059.140452
-424,3000,87086.957475
-6480,3000,87117.008093
-5840,3000,87146.98376
-4800,3000,87175.546756
-15704,3000,87204.932746
-5360,3000,87230.430759
-12616,3000,87259.891906
-9464,3000,87291.10989
-7552,3000,87322.156965
-4312,3000,87352.759194
-4560,3000,87380.996547
-704,3000,87412.011238
-4904,3000,87442.832145
-15848,3000,87471.006123
-2936,3000,87499.845869
-14336,3000,87529.283975
-2680,3000,87639.375837
-10616,3000,87669.068799
-10672,3000,87699.927292
-3872,3000,87731.04515
-4968,3000,87757.546142
-10080,3000,87787.047032
1448,3000,87817.289603
-10584,3000,87846.677291
-11536,3000,87876.139294
-9648,3000,87905.679577
-4568,3000,87935.317069
-5560,3000,87965.286932
-8504,3000,87993.983567
-25752,3000,88021.744046
-6456,3000,88050.54812
1792,3000,88079.032476
-6576,3000,88107.9141
-9664,3000,88135.617772
-8088,3000,88165.016155
-8672,3000,88193.344961
-2656,3000,88221.629465
-8560,3000,88249.089591
-6600,3000,88281.037371
-5744,3000,88308.420676
-800,3000,88337.182461
-4632,3000,88367.029833
-7840,3000,88397.813754
-2912,3000,88424.478819
-11096,3000,88451.332798
-7120,3000,88477.986313
-11592,3000,88508.715779
-3440,3000,88539.396731
1392,3000,88568.018881
-1880,3000,88597.687677
-10736,3000,88625.864851
-3696,3000,88652.199378
-6520,3000,88683.068506
-6592,3000,88712.270915
-6768,3000,88742.092932
-7456,3000,88773.120939
-2848,3000,88801.670661
-7640,3000,88832.128712
-9184,3000,88860.449219
-10744,3000,88887.51827
-8528,3000,88915.995253
-5576,3000,88943.540792
-5816,3000,88973.699764
-7696,3000,89003.177306
-1816,3000,89034.185287
1312,3000,89064.142895
-12720,3000,89090.30992
-8208,3000,89120.177939
-7888,3000,89148.274512
-2384,3000,89178.800274
-6504,3000,89207.6219
-1800,3000,89238.744457
-10752,3000,89268.62371
-1400,3000,89298.674523
-14384,3000,89329.155883
-568,3000,89358.915934
-8712,3000,89388.322866
-6616,3000,89416.328811
-6944,3000,89443.992916
-13880,3000,89472.993422
-8784,3000,89502.432984
-6824,3000,89533.852256
-3456,3000,89563.41131
-9648,3000,89682.835835
-4424,3000,89713.278792
-9624,3000,89743.702584
-10456,3000,89775.129443
-4344,3000,89802.309441
-1608,3000,89829.620591
-2488,3000,89859.944223
-8600,3000,89889.654629
-7552,3000,89917.853202
-11584,3000,89947.804584
-2864,3000,89974.761473
-7504,3000,90003.693063
-3560,3000,90033.809677
-13752,3000,90062.753288
-2016,3000,90089.927076
-6648,3000,90120.304352
-6576,3000,90148.251948
-6016,3000,90178.965899
-14584,3000,90208.090189
-9560,3000,90238.215527
-3632,3000,90266.289706
-6728,3000,90296.642854
-8920,3000,90323.550387
-6488,3000,90354.991915
-3920,3000,90383.235333
-20432,3000,90412.36569
-1208,3000,90442.005312
-5448,3000,90471.558172
-10576,3000,90501.942657
-3672,3000,90532.157771
-10504,3000,90561.36342
-8656,3000,90593.489966
-7640,3000,90621.623312
-2680,3000,90650.408305
-3968,3000,90681.442706
-5784,3000,90713.197179
-3800,3000,90741.783371
-12952,3000,90771.811215
-6112,3000,90800.498003
-5544,3000,90828.063802
-824,3000,90858.202867
-7664,3000,90889.946267
-5696,3000,90917.976965
-11416,3000,90947.916648
-12648,3000,90976.192549
-3688,3000,91006.05424
-3488,3000,91033.962151
-4480,3000,91065.301208
-8560,3000,91091.42006
-11968,3000,91123.251668
-11736,3000,91152.672108
-4872,3000,91182.707523
-5400,3000,91211.706851
-7656,3000,91240.772123
-9264,3000,91267.62097
-11592,3000,91297.002663
-7632,3000,91326.780909
-6784,3000,91356.742069
-5576,3000,91385.547865
-9632,3000,91415.104753
-5680,3000,91445.938862
-11824,3000,91477.804142
-3880,3000,91507.440213
-11672,3000,91536.930887
-11592,3000,91566.656385
-9600,3000,91593.589313
-10616,3000,91620.171591
-5776,3000,91731.118217
-3080,3000,91759.694648
-8520,3000,91789.633931
-3752,3000,91817.607184
-10672,3000,91846.220152
-2512,3000,91876.484174
-11560,3000,91906.148482
-1712,3000,91936.454262
-11768,3000,91967.492916
-13960,3000,91998.913571
-920,3000,92027.919423
-4976,3000,92057.926919
-9680,3000,92087.740179
-11744,3000,92116.182862
-7616,3000,92146.140452
-1672,3000,92176.098029
-8704,3000,92204.758361
-6504,3000,92231.033051
-96,3000,92262.191684
-8800,3000,92292.516045
-4808,3000,92321.500285
-6496,3000,92351.698812
-3624,3000,92381.624713
-5544,3000,92411.57806
-792,3000,92441.009525
-11632,3000,92469.774194
2352,3000,92498.075689
-6576,3000,92527.787648
-13504,3000,92556.056694
-14568,3000,92587.003654
-3792,3000,92617.002623
-9088,3000,92645.442477
-4584,3000,92676.227286
744,3000,92704.741707
-8768,3000,92731.87559
-9616,3000,92759.743598
-4208,3000,92789.730203
-6712,3000,92818.289531
-7392,3000,92845.487796
-1920,3000,92874.875093
-5624,3000,92907.391721
-2680,3000,92935.379922
-9496,3000,92964.91788
-4528,3000,92992.768549
-5952,3000,93023.133087
-11920,3000,93051.979194
-8264,3000,93080.798634
-1616,3000,93110.324812
-3696,3000,93137.643176
-2504,3000,93163.759394
-15816,3000,93193.315313
-14000,3000,93222.790375
-4664,3000,93253.315096
-5680,3000,93284.948748
-7728,3000,93315.751793
-5688,3000,93345.445869
-9224,3000,93374.326222
-4280,3000,93402.968503
248,3000,93431.669915
1432,3000,93458.633298
-4648,3000,93488.462052
-1568,3000,93516.190228
-2936,3000,93546.254585
-8528,3000,93574.782383
-8392,3000,93602.257152
-8288,3000,93631.42454
-13632,3000,93743.861037
-4544,3000,93775.578427
-5624,3000,93803.523755
-4528,3000,93833.941875
-9704,3000,93864.262949
-12760,3000,93893.801891
-8528,3000,93924.01809
-8576,3000,93953.839782
-11576,3000,93984.104431
-12784,3000,94013.535961
-2400,3000,94044.11889
-3592,3000,94074.836225
-5464,3000,94104.568138
-2832,3000,94135.653484
-1600,3000,94166.116772
-12528,3000,94195.550088
-7600,3000,94224.188333
-9160,3000,94252.788289
-2656,3000,94281.025879
-1856,3000,94310.461347
-6944,3000,94338.374232
-1320,3000,94368.322317
-11728,3000,94396.056148
-3496,3000,94427.154104
-12888,3000,94458.258656
-9784,3000,94487.33997
-3280,3000,94517.095367
-14912,3000,94549.050332
-10864,3000,94578.340551
-6576,3000,94607.133036
-8648,3000,94636.579059
-9184,3000,94664.847778
-9712,3000,94694.842545
-3600,3000,94722.112864
-9672,3000,94752.628309
-7704,3000,94782.416648
-4744,3000,94810.397427
-15320,3000,94837.846802
-3784,3000,94865.048596
-11696,3000,94893.787526
-4544,3000,94924.585001
-11800,3000,94956.981624
-7808,3000,94983.704852
-5912,3000,95014.425085
-6728,3000,95042.570912
-560,3000,95072.070689
-4752,3000,95101.433474
-5640,3000,95130.878154
-4752,3000,95159.305001
-9736,3000,95187.935879
-10296,3000,95217.376125
-5808,3000,95248.124063
2304,3000,95276.293091
-9592,3000,95306.726879
-8648,3000,95335.374995
-3544,3000,95366.445364
-664,3000,95396.115731
-7208,3000,95423.594269
-12960,3000,95453.38242
-10368,3000,95481.26714
-8864,3000,95510.094296
-3544,3000,95537.863789
-8640,3000,95567.497157
-11576,3000,95599.387249
-6728,3000,95630.111606
-2616,3000,95658.190919
-18696,3000,95687.108719
-8616,3000,95801.196791
-12584,3000,95831.987385
-10944,3000,95862.711696
-8680,3000,95891.651124
-3752,3000,95919.268461
-3664,3000,95948.197053
-12544,3000,95977.275522
-576,3000,96009.073528
-2600,3000,96040.230122
-10648,3000,96071.450709
-5712,3000,96101.169719
-8872,3000,96131.526682
-9552,3000,96161.309105
-4960,3000,96191.007132
-9472,3000,96218.896585
-9576,3000,96249.830032
-8824,3000,96278.861816
-9224,3000,96309.298566
-8080,3000,96339.477939
-18768,3000,96368.781437
-1488,3000,96397.98932
-17264,3000,96427.464472
-9136,3000,96459.563867
-9304,3000,96487.339768
-6688,3000,96516.314441
-8264,3000,96544.699722
-12672,3000,96574.928962
-1648,3000,96603.990579
-4344,3000,96634.611124
-11776,3000,96664.945344
-6848,3000,96693.819023
-12888,3000,96722.26178
-8440,3000,96749.864538
-9224,3000,96777.527312
-5488,3000,96804.070838
-3640,3000,96835.766071
-3648,3000,96861.732993
-7736,3000,96891.332484
-4168,3000,96917.910082
-5984,3000,96948.631653
-7072,3000,96976.584394
-11160,3000,97004.71294
-14624,3000,97033.58779
-4688,3000,97065.852168
-6080,3000,97092.653214
-5648,3000,97123.934902
-12592,3000,97151.906586
-10928,3000,97180.207614
-17512,3000,97209.392314
-9920,3000,97237.053562
-12712,3000,97266.236816
-5560,3000,97296.680748
-8464,3000,97327.649154
-6696,3000,97356.765613
-8704,3000,97387.05288
-7328,3000,97413.534888
-11688,3000,97444.665147
88,3000,97475.442171
-6848,3000,97504.672039
-11568,3000,97534.832083
-8664,3000,97563.009932
-12576,3000,97592.728773
-16552,3000,97621.370933
-9720,3000,97649.908331
192,3000,97679.53118
-8920,3000,97710.587079
-5960,3000,97739.79037
-5752,3000,97853.628528
-13656,3000,97880.781088
-19832,3000,97912.48499
-5104,3000,97943.435075
1312,3000,97973.9327
-1496,3000,98003.902333
296,3000,98032.640958
-12616,3000,98064.490091
-4496,3000,98094.294481
-17600,3000,98123.876625
-19808,3000,98152.463711
-13696,3000,98181.476518
-17656,3000,98210.856029
-6560,3000,98240.162677
-2600,3000,98271.225615
-7728,3000,98299.956373
-8704,3000,98328.892829
-13552,3000,98356.174089
-5640,3000,98384.805945
-13752,3000,98414.047956
-13632,3000,98444.635215
-7576,3000,98472.680782
-5920,3000,98503.514596
-5736,3000,98533.154284
-2768,3000,98561.503322
-9600,3000,98592.143296
-4688,3000,98622.317682
-9472,3000,98650.219391
-5440,3000,98680.830839
-9576,3000,98712.296576
-1712,3000,98738.918941
-5840,3000,98769.035296
-4576,3000,98799.026657
-10584,3000,98829.737355
-4464,3000,98859.861092
-4744,3000,98888.600508
-5600,3000,98915.68769
-2752,3000,98945.261418
-7672,3000,98973.678132
-11696,3000,99001.880656
-5776,3000,99029.205456
-14448,3000,99060.688344
-5416,3000,99091.051125
-5080,3000,99118.671956
-1896,3000,99146.960617
-8688,3000,99175.872175
-6808,3000,99204.748263
-8424,3000,99235.937697
-2312,3000,99262.666888
-5496,3000,99291.812031
-3600,3000,99319.515834
-1528,3000,99347.602748
-11608,3000,99378.313027
-15944,3000,99407.491056
-5872,3000,99436.492289
-8656,3000,99467.276012
-8520,3000,99497.569374
-5744,3000,99527.651672
-2488,3000,99557.485088
-9544,3000,99586.954361
-11584,3000,99614.327555
-6656,3000,99644.786269
-6656,3000,99673.201194
-13880,3000,99701.619228
-5976,3000,99730.350152
-1040,3000,99760.615925
-7472,3000,99875.444721
-2688,3000,99905.38832
-12248,3000,99933.843539
-3752,3000,99963.273317
-10752,3000,99997.320729
-9864,3000,100026.070148
-4808,3000,100053.471762
-3544,3000,100082.798088
-10040,3000,100113.726793
-5736,3000,100141.782138
-1568,3000,100171.23128
-7704,3000,100200.75193
-12832,3000,100227.601779
-1664,3000,100257.654751
-4584,3000,100286.493397
-9896,3000,100314.704412
-2928,3000,100344.546517
-5760,3000,100371.718875
-7744,3000,100399.03054
-2680,3000,100428.01586
-5312,3000,100456.799732
-9600,3000,100486.50599
-5584,3000,100513.382492
-5112,3000,100544.066956
-10696,3000,100572.620167
-11776,3000,100601.669739
2352,3000,100630.901569
-5696,3000,100659.334235
-12920,3000,100690.353724
-6680,3000,100716.685029
1368,3000,100747.290997
-6832,3000,100775.553284
-11624,3000,100804.036022
-7624,3000,100833.46613
-3072,3000,100861.908981
-7744,3000,100891.061262
-8624,3000,100919.496287
-13696,3000,100948.491685
-11816,3000,100977.092436
-4696,3000,101007.443234
-6920,3000,101037.98061
-4560,3000,101069.19301
-11384,3000,101099.997375
-4736,3000,101129.655283
-5168,3000,101157.513673
-8616,3000,101186.282329
-10792,3000,101215.813036
-12072,3000,101247.039756
-5520,3000,101276.857846
-5944,3000,101306.328553
-9696,3000,101335.756663
-6480,3000,101364.956923
-8648,3000,101394.911057
-10584,3000,101423.531948
-17760,3000,101454.840938
-5672,3000,101483.128699
-4912,3000,101513.186283
-5696,3000,101542.565431
-14616,3000,101571.795305
-2544,3000,101600.565024
-15440,3000,101628.012826
-10448,3000,101659.325511
-6512,3000,101690.353737
-13560,3000,101718.283616
-12792,3000,101746.325313
-1656,3000,101776.197164
-3488,3000,101806.048437
-7192,3000,101921.540452
-12608,3000,101949.633202
-8800,3000,101979.475987
-3656,3000,102007.468919
-7680,3000,102037.821813
-5648,3000,102067.872913
-6800,3000,102097.47455
-6120,3000,102127.158022
-17640,3000,102156.03879
-5496,3000,102188.307022
-6616,3000,102216.978734
-6128,3000,102247.635596
-4408,3000,102277.131295
-11568,3000,102308.076529
-3848,3000,102336.607624
-4784,3000,102365.0432
-1456,3000,102394.037357
-792,3000,102419.873302
-5392,3000,102449.395413
-10528,3000,102479.005421
-7688,3000,102507.541285
-14744,3000,102540.744601
-6560,3000,102570.409894
-10432,3000,102599.021849
-13712,3000,102627.331904
-3664,3000,102658.32102
-5688,3000,102685.691328
-1528,3000,102717.125883
-10600,3000,102746.705343
-9272,3000,102775.689698
-4920,3000,102806.011484
-6640,3000,102837.137301
-3608,3000,102869.201133
1288,3000,102896.290763
-5672,3000,102926.984194
-1024,3000,102958.245199
-4472,3000,102989.398637
-376,3000,103019.753913
1232,3000,103048.723159
-13424,3000,103080.156892
-12704,3000,103108.577025
-4440,3000,103137.621123
-13656,3000,103166.695007
-14672,3000,103196.454018
-7536,3000,103224.223315
-4352,3000,103251.727464
-7712,3000,103279.744031
-7584,3000,103309.053837
-10784,3000,103341.978538
-4408,3000,103370.165933
-8840,3000,103401.43298
-5584,3000,103430.458979
-5664,3000,103458.689579
-6616,3000,103488.078437
-4656,3000,103517.276111
-3304,3000,103544.765219
-11720,3000,103576.346711
-3888,3000,103605.494139
-17616,3000,103633.683986
-5784,3000,103663.435338
-11968,3000,103693.809235
-5488,3000,103724.709008
-7720,3000,103755.542055
232,3000,103785.461298
1184,3000,103814.187689
-9720,3000,103841.86265
-10520,3000,103870.2575
-8552,3000,103985.805755
-13792,3000,104013.869674
-13632,3000,104041.60403
-7656,3000,104068.128719
-4744,3000,104096.347634
-5528,3000,104123.896297
-12808,3000,104152.974339
-2560,3000,104181.258714
-4632,3000,104206.636831
-2760,3000,104235.841523
-8160,3000,104264.250444
-12680,3000,104293.718034
-7640,3000,104320.678978
-5352,3000,104347.867341
-7992,3000,104374.835968
-1608,3000,104401.16092
-9072,3000,104429.511911
-5256,3000,104458.291299
-3616,3000,104484.189092
-4576,3000,104512.77586
-10784,3000,104539.624307
-7696,3000,104567.993149
-6608,3000,104594.086993
-1744,3000,104620.02061
-9760,3000,104644.725992
-2696,3000,104673.481682
-1680,3000,104700.267046
-8848,3000,104726.742357
240,3000,104753.405724
-7640,3000,104779.247622
-13624,3000,104807.35787
-7904,3000,104834.516534
-7800,3000,104860.828287
-9584,3000,104888.144107
-1680,3000,104915.381593
-11408,3000,104945.545366
-17728,3000,104973.871131
-5680,3000,105000.299419
-6888,3000,105029.992908
-1832,3000,105055.695801
-9920,3000,105082.830066
-9736,3000,105111.030507
-10888,3000,105140.581297
216,3000,105169.882964
-11600,3000,105197.006144
-9800,3000,105225.305967
2464,3000,105251.821693
-8744,3000,105279.893067
-7752,3000,105307.051295
-11736,3000,105334.895865
-6904,3000,105362.543607
-12600,3000,105389.313538
-8864,3000,105416.455859
-5752,3000,105442.150903
-19736,3000,105472.732035
-12656,3000,105501.013958
-11784,3000,105528.451711
-8776,3000,105554.476081
-80,3000,105581.066277
-8936,3000,105609.289175
-10776,3000,105637.638344
-8464,3000,105662.274674
-11672,3000,105690.029783
-2592,3000,105716.155888
-7592,3000,105741.514224
-6736,3000,105769.790837
-808,3000,105874.380625
-6824,3000,105900.072325
-6600,3000,105926.667093
-6568,3000,105954.757739
-10280,3000,105983.685272
1816,3000,106010.926375
-14696,3000,106037.854795
-7880,3000,106062.54683
-14600,3000,106093.487677
-8624,3000,106118.790503
-11712,3000,106145.446906
-14176,3000,106169.947894
-8504,3000,106197.484343
-208,3000,106224.796343
-7872,3000,106251.550272
-12504,3000,106279.094321
-7696,3000,106304.480708
-6632,3000,106332.798374
-8960,3000,106361.95937
-9352,3000,106391.741012
-11616,3000,106419.561391
-7304,3000,106444.951765
-5632,3000,106472.178763
-7888,3000,106498.483122
-3368,3000,106527.986664
-12824,3000,106555.717403
-11488,3000,106582.181179
-1552,3000,106610.914248
-5152,3000,106638.054936
-6136,3000,106664.473587
-6544,3000,106688.801413
-9024,3000,106717.819275
-3640,3000,106746.326712
-10592,3000,106775.170633
-6656,3000,106801.890671
-2752,3000,106830.135921
-11616,3000,106857.860552
-9152,3000,106886.369886
-3400,3000,106913.154613
-4760,3000,106942.351388
-6072,3000,106969.490364
-4432,3000,106997.091914
-3024,3000,107025.111931
-17728,3000,107050.987482
-2552,3000,107076.868229
-6568,3000,107103.393742
-7680,3000,107129.932818
-16552,3000,107157.938944
-7536,3000,107186.619519
-9296,3000,107213.541452
-2624,3000,107240.873772
-2768,3000,107265.736902
2016,3000,107290.867482
-720,3000,107317.057928
440,3000,107345.285906
-6856,3000,107374.163408
-15528,3000,107402.920531
-9552,3000,107430.588942
-11920,3000,107457.274797
-696,3000,107484.38889
-4664,3000,107511.608393
-8736,3000,107537.349871
-8736,3000,107563.523175
-3496,3000,107591.477576
1408,3000,107617.079806
-12688,3000,107646.950776
-9752,3000,107673.586094
-8712,3000,107794.136667
-3848,3000,107821.792393
-8760,3000,107851.507463
-8040,3000,107878.474078
-11384,3000,107906.129167
-8488,3000,107932.104591
-1720,3000,107957.995661
-9776,3000,107985.864281
-9744,3000,108013.152154
-12920,3000,108040.772378
-9736,3000,108067.749552
-4696,3000,108096.226646
-10784,3000,108121.782361
-7552,3000,108147.224613
-13736,3000,108174.14885
-15832,3000,108202.831383
-10616,3000,108231.574819
-11496,3000,108258.428112
-13816,3000,108284.108493
-4656,3000,108311.473137
-15736,3000,108340.571283
-5672,3000,108365.014054
-3616,3000,108392.689363
-6960,3000,108419.457813
-1096,3000,108449.537417
-12888,3000,108476.100792
-7632,3000,108503.942761
-3680,3000,108532.009789
-5960,3000,108560.707821
-7528,3000,108589.453666
-6472,3000,108618.721252
-9504,3000,108647.090235
-8752,3000,108675.6656
-3144,3000,108705.242272
-6424,3000,108730.930596
-8632,3000,108758.440324
-5728,3000,108784.122156
-14472,3000,108814.555602
-8632,3000,108843.895984
-4664,3000,108871.646823
-15704,3000,108900.393702
-8472,3000,108928.84472
-5576,3000,108954.335592
-3384,3000,108982.253501
-17616,3000,109008.100922
-12000,3000,109036.747473
-6752,3000,109063.396044
-7744,3000,109089.386766
-2648,3000,109117.364852
-9568,3000,109144.586004
-16832,3000,109170.205136
-15560,3000,109198.282017
-10136,3000,109227.418294
-12056,3000,109252.650115
-5808,3000,109281.54433
-4712,3000,109307.511864
-8736,3000,109335.014529
-10840,3000,109363.671057
-10688,3000,109391.35529
368,3000,109417.954636
-5456,3000,109447.857692
-9160,3000,109475.960649
-6944,3000,109504.05794
-7616,3000,109533.771217
-14280,3000,109560.164269
-5880,3000,109588.538164
-3656,3000,109615.47871
-6608,3000,109767.009722
-9456,3000,109796.36641
-4864,3000,109825.952085
-4576,3000,109852.927838
-6608,3000,109882.584408
-4872,3000,109910.334479
-232,3000,109937.117305
-9496,3000,109963.283771
-2632,3000,109990.732092
-14512,3000,110018.613326
-11736,3000,110045.919101
-11128,3000,110075.524085
-9512,3000,110104.748837
-704,3000,110130.458362
-12568,3000,110160.018555
-15904,3000,110187.572191
-7920,3000,110214.797905
-528,3000,110242.579981
-9760,3000,110269.177039
-4472,3000,110297.373642
-5624,3000,110326.62563
-8344,3000,110355.046597
-6424,3000,110381.63568
-5528,3000,110408.082753
-1720,3000,110435.516855
-13656,3000,110466.285624
-7736,3000,110496.723571
-12352,3000,110525.205742
-3496,3000,110552.413936
-2800,3000,110580.13817
-5648,3000,110608.904656
-9224,3000,110636.256004
-12408,3000,110662.886384
-9576,3000,110690.159622
-11400,3000,110716.822996
-11616,3000,110744.27668
-9720,3000,110771.636732
-5592,3000,110801.321528
-6552,3000,110827.925041
-5856,3000,110852.145294
-5792,3000,110879.37111
-7680,3000,110907.340717
-9568,3000,110935.208355
-11568,3000,110962.087629
-6432,3000,110989.328471
-11480,3000,111017.358612
-5592,3000,111045.256682
-1584,3000,111073.639346
-7432,3000,111099.069639
-10592,3000,111126.651663
-8448,3000,111152.022998
-10584,3000,111178.622292
-6976,3000,111204.698013
-13800,3000,111231.495454
-11448,3000,111258.319345
-7696,3000,111287.655552
-20824,3000,111316.285239
-12776,3000,111343.747648
-3584,3000,111369.510531
-8824,3000,111397.827532
-4728,3000,111426.602004
-4552,3000,111452.638674
-15112,3000,111479.027906
-11744,3000,111511.475127
-2768,3000,111538.769168
-2832,3000,111565.948439
-864,3000,111703.189917
-3752,3000,111730.714316
-8688,3000,111757.676874
-4568,3000,111784.415444
-3696,3000,111810.814795
-8512,3000,111838.303397
-3472,3000,111866.300335
-616,3000,111891.894176
-2016,3000,111918.858412
-6648,3000,111946.357804
-3344,3000,111973.8154
-5704,3000,112000.766688
-5728,3000,112030.777852
-8752,3000,112057.753796
-17536,3000,112089.049684
-1664,3000,112114.281628
-5224,3000,112142.739838
-14472,3000,112169.485119
-16752,3000,112197.137258
-8632,3000,112226.465767
-21728,3000,112252.326519
-8856,3000,112280.131056
-3840,3000,112307.583092
-7096,3000,112337.654681
-12728,3000,112365.01738
-4856,3000,112391.886208
-10928,3000,112421.504973
-10704,3000,112447.708027
-7808,3000,112473.357287
-5664,3000,112499.076935
-5720,3000,112526.675636
-3768,3000,112553.893615
-776,3000,112581.766502
376,3000,112610.130917
-7608,3000,112637.054397
-10816,3000,112664.61803
-10352,3000,112691.590117
-5200,3000,112719.775554
-2648,3000,112748.557356
-7352,3000,112774.568323
-4504,3000,112802.457997
-5624,3000,112828.277259
-8440,3000,112856.154612
3488,3000,112883.658811
-2592,3000,112910.235109
-3720,3000,112937.350129
-15784,3000,112966.038872
-16616,3000,112992.725593
-8568,3000,113019.311203
-2528,3000,113047.72371
-4632,3000,113075.007922
-4528,3000,113102.024053
-12952,3000,113127.326422
-5824,3000,113152.625972
-12512,3000,113178.962972
-5552,3000,113206.603216
-8648,3000,113233.856818
-8784,3000,113260.40336
-8808,3000,113287.522576
-12672,3000,113314.282112
-8584,3000,113343.298247
-8528,3000,113372.103401
-2816,3000,113400.151391
-1736,3000,113426.107608
-9616,3000,113452.683645
-1760,3000,113480.190392
-7488,3000,113507.998713
-10592,3000,113641.364988
-17784,3000,113667.980594
-9672,3000,113695.835284
-11248,3000,113723.423776
-13448,3000,113751.035658
-14696,3000,113776.421005
-2552,3000,113802.941916
-6104,3000,113832.2853
-2904,3000,113860.232286
-4448,3000,113887.017799
-13704,3000,113915.7885
-1640,3000,113942.17104
-17016,3000,113970.944604
-4640,3000,113999.578983
-8592,3000,114026.897175
-9104,3000,114053.763729
-14072,3000,114081.084122
1464,3000,114109.518327
-5280,3000,114136.998357
-4464,3000,114163.571346
-14360,3000,114190.890898
-5656,3000,114220.155504
-11912,3000,114247.605548
-2624,3000,114276.505903
-1728,3000,114304.177709
-7288,3000,114332.499458
-11512,3000,114359.634173
-8656,3000,114387.138813
-9448,3000,114415.247219
-8560,3000,114440.572112
-4520,3000,114468.428607
-3640,3000,114496.4312
-7320,3000,114527.862579
-9344,3000,114555.918689
-8792,3000,114583.420743
-3184,3000,114613.405218
-14560,3000,114640.011428
-11696,3000,114665.446705
-9544,3000,114693.560513
-7608,3000,114719.793592
-11648,3000,114746.58509
-10552,3000,114773.926478
-6632,3000,114802.351187
-9008,3000,114829.032305
-1792,3000,114860.408905
-5752,3000,114888.026365
-4624,3000,114915.977761
-11952,3000,114941.98687
-10464,3000,114970.520459
-18720,3000,114995.847095
-1856,3000,115023.020643
-8352,3000,115052.712473
-7592,3000,115079.35157
-5968,3000,115105.226793
1152,3000,115133.637304
-6704,3000,115159.616087
-5176,3000,115190.330698
-2704,3000,115219.0744
2712,3000,115246.878115
-744,3000,115274.758555
-776,3000,115300.304747
-5336,3000,115326.184517
-10520,3000,115354.217329
-912,3000,115381.066344
-4560,3000,115409.30787
-9728,3000,115436.589234
-6520,3000,115461.975302
-3800,3000,115581.351032
-5264,3000,115610.637713
-9680,3000,115638.594689
-1416,3000,115665.667251
-528,3000,115693.874907
-6528,3000,115722.280699
-6480,3000,115749.267205
-3408,3000,115775.852637
-15616,3000,115802.317763
-11552,3000,115830.337346
-848,3000,115856.551152
-7472,3000,115885.429938
-1544,3000,115913.087901
-13592,3000,115940.854807
-12472,3000,115969.466321
-5424,3000,115997.200704
-7696,3000,116024.895076
-9680,3000,116052.043049
-12496,3000,116080.530337
-6688,3000,116108.491056
-7784,3000,116134.94433
-3032,3000,116162.515125
-10824,3000,116188.676075
-9856,3000,116214.934995
-10568,3000,116243.84907
-3464,3000,116270.330999
-6440,3000,116299.396931
-6448,3000,116326.224466
-7328,3000,116353.111857
-10896,3000,116379.960778
-1792,3000,116405.932074
-5632,3000,116436.224362
-10496,3000,116465.172322
-10792,3000,116491.50408
-11496,3000,116521.051786
-5656,3000,116548.891648
-7448,3000,116575.312841
-10760,3000,116603.641186
-7592,3000,116630.63857
-1272,3000,116657.234186
-9608,3000,116685.37408
-6480,3000,116713.095248
-376,3000,116740.074669
-6248,3000,116766.495176
-9784,3000,116793.932033
-6224,3000,116821.247196
-6568,3000,116850.411458
-632,3000,116878.199548
-9616,3000,116905.548225
-6496,3000,116933.569353
-8544,3000,116960.436965
-10696,3000,116988.6644
-14664,3000,117013.625458
-2504,3000,117039.901717
1864,3000,117069.823523
-3672,3000,117096.698308
-2656,3000,117127.085742
-11616,3000,117153.645604
-1800,3000,117179.714391
-13696,3000,117207.001714
-11584,3000,117234.36271
-8712,3000,117259.109397
-7752,3000,117289.37579
-6576,3000,117315.787947
-4736,3000,117345.209073
-4320,3000,117371.255212
-3656,3000,117502.810325
-3472,3000,117531.496617
-3440,3000,117560.017078
-8312,3000,117587.515143
-728,3000,117614.479531
-22888,3000,117642.793471
-4808,3000,117671.525085
-15720,3000,117700.278929
-12712,3000,117728.038038
-4832,3000,117755.125403
-4616,3000,117781.419661
-10528,3000,117810.064755
-4360,3000,117837.185725
-11040,3000,117864.986952
704,3000,117891.964638
-13632,3000,117919.731103
-5864,3000,117946.268739
-1384,3000,117975.371674
-1944,3000,118003.060193
-4584,3000,118037.064828
-13232,3000,118065.587582
-8808,3000,118090.955408
-4784,3000,118115.980986
-2048,3000,118141.196566
-10536,3000,118166.102711
-8560,3000,118193.013175
-5208,3000,118219.04428
-8736,3000,118245.869772
-16128,3000,118274.971197
-15568,3000,118301.278467
-17928,3000,118328.98378
-4592,3000,118355.177074
-9632,3000,118382.512921
-3576,3000,118409.741694
-1576,3000,118437.966861
-13416,3000,118465.863291
-12712,3000,118495.074117
-11072,3000,118523.700201
-10856,3000,118550.961735
-2544,3000,118578.571943
-10640,3000,118606.311758
-11696,3000,118633.710342
-10352,3000,118659.589172
-6688,3000,118688.172727
-2624,3000,118715.249707
-4608,3000,118743.620466
-10936,3000,118770.290213
-5472,3000,118795.902209
-2640,3000,118821.66978
-10184,3000,118849.812225
-10440,3000,118874.805387
-9736,3000,118906.326246
-8616,3000,118933.546911
-11632,3000,118959.920069
-16384,3000,118987.040815
-16512,3000,119014.936638
-7960,3000,119042.11741
-7880,3000,119070.606319
-10680,3000,119099.682768
-8672,3000,119126.891649
-9600,3000,119153.86893
-10896,3000,119180.985063
-2728,3000,119207.433072
-704,3000,119235.309872
-3480,3000,119264.644321
680,3000,119293.953279
-11344,3000,119322.727223
-11232,3000,119518.55692
-14640,3000,119546.123872
-808,3000,119573.903045
-6416,3000,119600.221529
-6936,3000,119628.746755
-5736,3000,119655.672377
-11704,3000,119683.321908
-1720,3000,119709.489948
-3808,3000,119738.064219
-10760,3000,119766.515742
-8440,3000,119792.376084
-5864,3000,119821.877479
-2664,3000,119850.692915
-3688,3000,119875.743687
-5560,3000,119902.719921
-3928,3000,119931.630137
264,3000,119958.882303
-9800,3000,119987.317666
-12872,3000,120014.736324
-10592,3000,120041.066118
-10072,3000,120068.009123
-15480,3000,120095.180495
-5016,3000,120124.808372
-5592,3000,120151.918789
-9568,3000,120180.907611
-5424,3000,120208.618088
-10792,3000,120235.465098
-9136,3000,120266.092659
2168,3000,120294.024121
-5720,3000,120322.195069
-8680,3000,120349.412644
-13728,3000,120377.906456
-8328,3000,120406.775231
-4624,3000,120434.972991
-11600,3000,120459.519643
-3496,3000,120486.305335
-6664,3000,120513.386453
-2512,3000,120541.963388
-8664,3000,120567.874866
-7784,3000,120597.849741
-14720,3000,120626.657999
-7568,3000,120655.190445
-11728,3000,120682.662508
-5968,3000,120709.635153
1096,3000,120737.837315
-11608,3000,120764.967888
-7696,3000,120791.673193
-2656,3000,120819.081735
-7760,3000,120849.364361
-7616,3000,120877.562219
-4488,3000,120906.521926
-6616,3000,120936.530338
-10536,3000,120967.733609
-5072,3000,120996.17785
-8128,3000,121025.044099
-20704,3000,121050.650897
-1520,3000,121080.194486
-8704,3000,121107.09686
-9688,3000,121136.233171
-4528,3000,121162.116268
-4672,3000,121188.746636
-8344,3000,121215.697711
-9368,3000,121242.874177
-15824,3000,121271.631158
-10648,3000,121300.222707
-4624,3000,121327.923879
-5664,3000,121355.160716
-12656,3000,121521.564866
-6656,3000,121548.934641
-13544,3000,121576.371618
-5424,3000,121601.632293
-10496,3000,121626.35413
-10696,3000,121653.339016
-8880,3000,121679.390869
2296,3000,121708.021296
-14776,3000,121735.778166
-4720,3000,121762.288976
-14976,3000,121790.563192
-10752,3000,121817.747471
-4640,3000,121844.270713
-6784,3000,121870.526314
-12600,3000,121898.014283
936,3000,121926.822272
-8888,3000,121956.754521
-3624,3000,121983.165581
-3472,3000,122012.868344
-1464,3000,122042.468088
-1664,3000,122070.455473
-13680,3000,122095.711938
-6464,3000,122123.47871
-5728,3000,122151.233049
-5648,3000,122177.91288
-6440,3000,122206.484823
-9688,3000,122233.988931
-5960,3000,122264.285854
-10400,3000,122290.114008
-3568,3000,122315.807464
-13176,3000,122343.41136
-6792,3000,122372.309024
-15000,3000,122397.689026
-5856,3000,122425.845946
-11624,3000,122452.904371
-2968,3000,122480.319166
-2032,3000,122507.606001
-3552,3000,122535.118496
-7176,3000,122562.194602
-7224,3000,122590.043938
-8608,3000,122617.571752
-3632,3000,122645.375322
-6208,3000,122673.214453
-11704,3000,122699.594271
-2824,3000,122729.847037
-8584,3000,122759.353739
-9776,3000,122789.134762
-6480,3000,122818.34723
-9880,3000,122846.103235
-1224,3000,122874.377444
-10856,3000,122904.046149
-3992,3000,122932.371968
-12512,3000,122961.040682
-13544,3000,122987.153217
-9536,3000,123015.742093
-2464,3000,123041.630335
-5640,3000,123068.461049
-8584,3000,123094.833812
-6600,3000,123123.004423
-8768,3000,123151.992264
-1784,3000,123177.806177
-10312,3000,123206.576229
2464,3000,123235.974057
-1600,3000,123262.81416
-5728,3000,123290.306165
-1224,3000,123316.469417
-8992,3000,123463.828995
-16520,3000,123490.222558
-5840,3000,123516.690289
-10512,3000,123543.903437
-9720,3000,123575.436114
-8680,3000,123600.3318
-12024,3000,123628.030545
-12728,3000,123656.675379
-5656,3000,123683.321245
-9656,3000,123709.945632
-6544,3000,123735.257014
-13808,3000,123760.910583
-13528,3000,123788.236999
-2648,3000,123817.112124
-8608,3000,123844.475929
-9528,3000,123872.468074
-3448,3000,123900.833125
-4704,3000,123928.706889
-5792,3000,123957.456422
-12600,3000,123987.196731
-11568,3000,124016.024485
-12488,3000,124044.580442
-2488,3000,124073.72431
-8000,3000,124103.928846
-12640,3000,124133.750209
-11608,3000,124165.26371
-6528,3000,124196.050385
-12728,3000,124225.055014
-15864,3000,124257.090339
-6296,3000,124284.26174
-5760,3000,124314.373538
-10568,3000,124345.090102
-2472,3000,124373.220333
-1576,3000,124402.971557
-11656,3000,124431.370805
-5696,3000,124460.431345
-6080,3000,124490.769599
-8512,3000,124520.567866
-16912,3000,124551.96197
-7568,3000,124580.183177
-7784,3000,124609.694512
-5744,3000,124638.87999
-3728,3000,124667.932856
-12240,3000,124696.939806
-6432,3000,124725.888972
-13936,3000,124763.017271
-8632,3000,124792.736503
-7528,3000,124820.958263
-14736,3000,124848.487472
-7656,3000,124876.716751
-680,3000,124907.171044
-12528,3000,124937.597078
-10256,3000,124967.720115
-2128,3000,124997.431473
-1888,3000,125027.187995
-2584,3000,125055.900182
-12800,3000,125085.76271
-4520,3000,125115.014906
-7776,3000,125143.791018
-12416,3000,125170.173665
-9632,3000,125201.231023
-10656,3000,125231.998351
-5536,3000,125261.036405
-200,3000,125287.502786
-6328,3000,125313.761708
-536,3000,125344.04337
-11720,3000,125372.353876
-16632,3000,125507.857884
-14952,3000,125538.864135
-1832,3000,125569.533046
-5896,3000,125600.567042
-2648,3000,125630.450292
-11504,3000,125659.367467
-8696,3000,125689.428759
-5392,3000,125716.973158
-11512,3000,125746.669747
-10880,3000,125776.053687
-13896,3000,125809.010025
-5216,3000,125839.796628
-9408,3000,125869.226099
-2544,3000,125896.257173
-888,3000,125928.484205
-7176,3000,125973.199347
-13744,3000,126003.427736
-6904,3000,126031.517826
-12824,3000,126061.598537
-3744,3000,126091.947276
-6584,3000,126121.701681
-5568,3000,126150.463582
-11560,3000,126181.97714
-3872,3000,126210.533957
-11824,3000,126237.900975
-6864,3000,126268.401465
-6632,3000,126295.337971
-9896,3000,126323.120477
-8512,3000,126355.862123
-8800,3000,126388.591565
-8632,3000,126418.05444
-10712,3000,126445.575233
-11320,3000,126474.261385
-4768,3000,126504.062976
-5496,3000,126532.144004
-12760,3000,126560.12569
-8400,3000,126588.849334
-12632,3000,126617.27503
-5784,3000,126648.015509
-4640,3000,126678.495839
-10720,3000,126711.754897
-8440,3000,126740.279767
-6792,3000,126770.20679
-6736,3000,126796.685794
-9968,3000,126826.198365
-6720,3000,126853.145949
-7808,3000,126883.090166
-7664,3000,126914.318615
-1544,3000,126944.215538
-3544,3000,126974.010531
-14464,3000,127003.739193
-4400,3000,127033.459783
-8344,3000,127061.745402
-6464,3000,127090.743942
-22392,3000,127119.613266
-4184,3000,127148.235383
-5624,3000,127176.036593
-5536,3000,127205.884173
-8080,3000,127235.371728
-18808,3000,127265.722805
-11632,3000,127295.804201
-11888,3000,127323.750592
-1560,3000,127351.325947
-7712,3000,127379.282094
-13096,3000,127410.114985
-7616,3000,127437.459044
-9552,3000,127463.512903
-2904,3000,127603.364139
-10464,3000,127631.501304
-8632,3000,127665.285363
-8656,3000,127694.051202
-4208,3000,127725.808655
-11272,3000,127753.225392
-6560,3000,127782.045022
-9744,3000,127811.851477
-3872,3000,127838.744928
-2768,3000,127867.159402
-7656,3000,127896.752156
-11592,3000,127925.112313
-2832,3000,127953.531094
3320,3000,127982.195876
-3464,3000,128011.422607
-10296,3000,128039.664594
-9624,3000,128070.994784
-11688,3000,128098.060178
-1560,3000,128126.099056
-2440,3000,128155.178801
-1808,3000,128185.755931
-8648,3000,128213.339288
-9488,3000,128243.051839
-1752,3000,128272.587299
-7496,3000,128302.332736
-7576,3000,128333.32549
-4584,3000,128362.219479
-10768,3000,128390.707975
-9648,3000,128421.307492
-2632,3000,128449.409063
-7512,3000,128478.728112
-15560,3000,128507.00121
-4504,3000,128538.893443
-4624,3000,128563.899588
-5608,3000,128591.956081
-4456,3000,128620.577839
-10368,3000,128649.396159
-4864,3000,128677.704267
-11512,3000,128710.5331
-3736,3000,128740.328268
-16544,3000,128772.236186
-2120,3000,128801.683691
-10592,3000,128830.480201
-7408,3000,128857.088145
-6376,3000,128885.060903
-13480,3000,128913.130878
-8512,3000,128943.890575
-7568,3000,128973.226916
-12816,3000,129003.812323
-13592,3000,129033.15891
-5664,3000,129064.559147
-8944,3000,129097.088831
-5056,3000,129127.097716
-4752,3000,129156.215451
-4440,3000,129183.428885
-12784,3000,129215.191298
-5016,3000,129246.535947
-3800,3000,129275.70849
-9448,3000,129302.967199
-9752,3000,129330.389422
-14672,3000,129359.366953
-6544,3000,129388.609013
-10576,3000,129418.381725
-4408,3000,129447.508467
-5640,3000,129478.544834
-2504,3000,129507.337997
-6568,3000,129671.081271
-6272,3000,129697.242335
-9840,3000,129724.674601
448,3000,129753.476813
-9664,3000,129780.69483
-2528,3000,129810.069363
-8784,3000,129837.163643
-10736,3000,129863.364454
1016,3000,129889.671212
-7880,3000,129917.347821
-4640,3000,129946.337195
-14496,3000,129974.603789
-12584,3000,129999.758512
-15744,3000,130030.958292
-4776,3000,130057.058343
-11760,3000,130084.177247
-8608,3000,130111.704326
-9856,3000,130138.677974
888,3000,130165.350876
-5456,3000,130190.925871
-8744,3000,130217.819018
-8768,3000,130245.91481
-5648,3000,130272.770005
-6648,3000,130296.82809
-6584,3000,130326.039059
-12440,3000,130353.405594
-12672,3000,130379.601549
-5560,3000,130405.019515
-14712,3000,130433.025154
-2584,3000,130459.410207
-8640,3000,130488.638091
-6608,3000,130514.991565
-23288,3000,130542.305784
-2496,3000,130568.965765
-5656,3000,130597.038487
24,3000,130623.135206
-7832,3000,130651.03108
-8232,3000,130678.510905
-5528,3000,130706.529518
-1624,3000,130733.716371
-3832,3000,130762.590483
-10584,3000,130788.925206
-10896,3000,130816.338374
-6800,3000,130844.892812
-4616,3000,130872.296508
-9240,3000,130898.626196
-1976,3000,130927.278478
-18640,3000,130955.537462
-848,3000,130983.765102
-13840,3000,131010.074912
-13392,3000,131039.341716
-7768,3000,131070.046417
-11816,3000,131098.556011
-8728,3000,131123.077183
-10176,3000,131154.833543
-9624,3000,131182.601277
-7616,3000,131210.646518
-7480,3000,131234.983479
-12480,3000,131261.06547
-10736,3000,131286.020393
-11488,3000,131313.1825
-13616,3000,131342.137999
-504,3000,131370.200442
-10760,3000,131396.541703
-6688,3000,131426.207655
-8720,3000,131454.043916
-10968,3000,131481.295393
-10584,3000,131674.92615
-10456,3000,131702.393979
-9568,3000,131729.5678
-8376,3000,131756.131553
-13384,3000,131783.013488
-19880,3000,131810.521219
-9856,3000,131836.787615
-6840,3000,131863.900408
-5416,3000,131891.265479
-6696,3000,131918.450128
-3504,3000,131947.145408
-8656,3000,131974.68232
-7744,3000,131998.845238
-1480,3000,132025.454545
-10536,3000,132052.376256
-12432,3000,132078.985595
-11680,3000,132105.683771
-4624,3000,132132.856743
-13560,3000,132161.760571
-1376,3000,132188.173891
-4848,3000,132213.742298
-9816,3000,132240.063388
-1744,3000,132266.924802
-7056,3000,132293.124926
-6520,3000,132319.809774
-5560,3000,132347.921672
-10528,3000,132375.935186
-9952,3000,132402.27126
-8904,3000,132428.041911
-5424,3000,132457.89611
-696,3000,132483.985586
-7352,3000,132512.629736
-10656,3000,132539.376156
-6664,3000,132568.552866
-1072,3000,132595.818009
-8728,3000,132622.143596
-6864,3000,132648.96513
-7576,3000,132675.899917
-13680,3000,132703.653595
-14616,3000,132729.345131
-2624,3000,132754.355848
-800,3000,132781.038172
-6704,3000,132806.465307
-7696,3000,132834.631063
-6544,3000,132862.240209
-5600,3000,132891.255661
-12984,3000,132917.098821
-5800,3000,132944.171187
-5104,3000,132971.406146
-7568,3000,132998.197601
-2912,3000,133024.987947
-10488,3000,133052.783558
-11568,3000,133078.775334
-3032,3000,133108.054989
1328,3000,133136.046556
-6256,3000,133165.994578
-8192,3000,133192.417251
-8912,3000,133220.211941
-8688,3000,133248.973378
-6808,3000,133276.067795
-8736,3000,133304.06636
-4528,3000,133329.798605
-4520,3000,133358.403527
-5512,3000,133386.777702
-4632,3000,133414.037576
-12952,3000,133442.444824
-1760,3000,133470.558885
-10416,3000,133612.476753
-7696,3000,133642.809008
-12720,3000,133669.844999
-12696,3000,133697.944326
-8456,3000,133726.514909
-3192,3000,133754.104042
-10480,3000,133779.794423
-16704,3000,133806.552729
-12104,3000,133833.103756
-5744,3000,133864.344972
-2584,3000,133893.810521
-1488,3000,133920.901434
-8808,3000,133950.139264
-7392,3000,133976.780723
-7288,3000,134003.342529
-3688,3000,134033.181946
-12464,3000,134060.294695
-2616,3000,134090.308175
-6520,3000,134118.89978
-4752,3000,134147.676786
-11856,3000,134174.188502
-9288,3000,134202.497062
-9448,3000,134227.677657
-13592,3000,134257.035065
-15440,3000,134282.958845
-14040,3000,134311.086594
-7720,3000,134339.266921
-2608,3000,134368.774564
-3664,3000,134396.334858
-11512,3000,134423.407368
-7504,3000,134453.092802
-7672,3000,134478.33149
-10856,3000,134505.613907
-6520,3000,134533.206399
-13568,3000,134563.852872
-7528,3000,134588.956432
-15768,3000,134615.564952
-9864,3000,134644.277994
-10568,3000,134669.901418
-7712,3000,134698.27119
-1184,3000,134726.442576
-7576,3000,134752.967197
-15560,3000,134779.010332
-9712,3000,134806.471193
-5528,3000,134834.702948
-2384,3000,134862.084668
-1736,3000,134890.115445
-4408,3000,134919.098366
-4904,3000,134949.377267
-9528,3000,134975.545167
-14272,3000,135004.075494
-6552,3000,135033.016852
-2640,3000,135061.604661
-1888,3000,135088.244708
-1608,3000,135114.440979
-9624,3000,135140.897174
-14424,3000,135169.049838
-14568,3000,135195.406329
552,3000,135223.455939
-8592,3000,135248.236574
-16472,3000,135273.481868
-4928,3000,135301.979632
-1968,3000,135329.590886
-4696,3000,135357.319494
-1992,3000,135384.891235
-6568,3000,135411.955327
-10080,3000,135579.869744
-8464,3000,135607.123135
-6584,3000,135637.170792
-12568,3000,135666.833997
-9632,3000,135692.289352
-6584,3000,135719.010672
-13792,3000,135746.778336
-3560,3000,135774.656676
-11744,3000,135802.475582
-8472,3000,135830.249361
-10648,3000,135858.619107
-8616,3000,135883.899343
-7616,3000,135913.819643
-7632,3000,135940.516871
-8248,3000,135968.337953
-6472,3000,135995.307204
-360,3000,136020.141128
-5408,3000,136048.84732
-11856,3000,136076.121184
-10544,3000,136103.371252
-7712,3000,136131.262462
-9448,3000,136159.699149
-2624,3000,136185.541065
-11816,3000,136212.604811
-15496,3000,136239.801073
-7480,3000,136268.428983
-6656,3000,136295.489331
-5512,3000,136322.697088
1448,3000,136351.292784
-7584,3000,136374.213928
-14592,3000,136401.819589
-7824,3000,136429.855978
-5416,3000,136457.194619
-4664,3000,136485.30414
-13736,3000,136512.776517
-11640,3000,136540.525378
-12584,3000,136566.329542
-8760,3000,136595.298503
-3600,3000,136622.097803
-4368,3000,136650.036694
-2592,3000,136676.439193
-3936,3000,136703.126768
-11800,3000,136733.696235
-624,3000,136762.420619
-5592,3000,136789.271722
-7744,3000,136817.578139
-9752,3000,136845.834826
-7376,3000,136872.469312
-6760,3000,136900.788836
-8704,3000,136927.683935
-6920,3000,136957.095891
-7856,3000,136983.753126
-6640,3000,137011.427308
-8848,3000,137038.569574
-4704,3000,137066.602336
-3848,3000,137094.984544
-12712,3000,137123.053986
-2656,3000,137151.052073
-864,3000,137177.445637
-15936,3000,137207.108576
-9912,3000,137235.892029
-16104,3000,137267.086577
-11592,3000,137294.284122
-6776,3000,137318.418924
-672,3000,137346.683069
-9392,3000,137374.62087
-16824,3000,137401.581935
-9928,3000,137558.500815
-8488,3000,137587.023911
-10848,3000,137615.159653
-14816,3000,137642.075579
-5248,3000,137670.034409
-14624,3000,137696.709213
-7840,3000,137724.495224
-2456,3000,137752.37638
-5688,3000,137779.891718
-12536,3000,137808.159142
-8752,3000,137833.773555
1352,3000,137860.358727
-4496,3000,137889.777372
-15576,3000,137916.276489
-9104,3000,137943.16294
-5624,3000,137970.345314
-8272,3000,137999.10535
-5232,3000,138027.650994
-4936,3000,138055.781235
-6872,3000,138082.352493
-5504,3000,138109.45651
-576,3000,138136.238461
-14496,3000,138163.953359
-4600,3000,138191.001309
-15608,3000,138218.473316
-12736,3000,138245.393872
-7136,3000,138273.594372
-9304,3000,138300.963156
-10664,3000,138331.193867
-2480,3000,138358.741779
-9368,3000,138385.907696
-2800,3000,138414.685878
-6656,3000,138442.694362
-5552,3000,138471.029838
-10488,3000,138499.858814
-5664,3000,138525.000929
-7808,3000,138551.799347
-2752,3000,138579.856601
-3376,3000,138606.285743
-6720,3000,138634.362011
-6704,3000,138663.413632
-4552,3000,138690.226491
-5464,3000,138717.930173
-6552,3000,138744.476114
-8656,3000,138771.179522
-10760,3000,138798.473373
-7616,3000,138826.222599
-4640,3000,138854.81708
-7664,3000,138885.166893
-4784,3000,138911.471539
-8672,3000,138935.355324
-14648,3000,138962.583533
-9568,3000,138992.96201
-9688,3000,139019.200987
-6632,3000,139047.058068
-9816,3000,139075.252089
-6664,3000,139106.231713
-5592,3000,139133.536258
-1688,3000,139160.653232
-4624,3000,139190.693758
-8824,3000,139218.286146
-8672,3000,139242.071256
-7704,3000,139267.977597
-9848,3000,139294.617369
-9880,3000,139324.339064
-3768,3000,139352.347582
-9064,3000,139379.203533
-8600,3000,139517.986342
-20184,3000,139547.178082
-3736,3000,139576.786975
-9560,3000,139604.034645
-8888,3000,139633.155884
-5616,3000,139659.219913
-7680,3000,139685.781086
-10520,3000,139713.874361
-9768,3000,139742.895777
-4760,3000,139771.187558
-8744,3000,139798.55508
-6592,3000,139827.495569
-8504,3000,139855.339386
-9728,3000,139881.13388
-12744,3000,139910.136837
-5840,3000,139936.690198
-15448,3000,139961.81825
-4712,3000,139991.290925
-3640,3000,140018.709384
-7576,3000,140045.593087
-2520,3000,140073.648576
-11736,3000,140101.462914
-424,3000,140127.573828
-4560,3000,140155.953226
-11488,3000,140181.539979
-15048,3000,140208.459386
-10944,3000,140237.61475
-5168,3000,140264.625471
-10504,3000,140290.71623
-7824,3000,140326.246388
-3696,3000,140356.684813
-4616,3000,140386.390463
-776,3000,140413.710611
-16472,3000,140440.942774
-7808,3000,140469.579106
-1568,3000,140496.530569
-20712,3000,140523.993634
-11424,3000,140550.447055
-16744,3000,140574.372468
-7936,3000,140603.072038
-11624,3000,140629.028951
-4760,3000,140655.552205
-19160,3000,140684.400218
-7752,3000,140712.807058
-6824,3000,140740.757098
-9392,3000,140767.448139
-16480,3000,140795.389216
-7400,3000,140820.51427
-8800,3000,140851.735806
1184,3000,140878.184299
-9576,3000,140905.375535
-10560,3000,140933.028289
-920,3000,140957.518981
-18448,3000,140985.193215
-10496,3000,141011.851189
-5672,3000,141041.893976
-5584,3000,141071.725637
-4016,3000,141100.175179
3192,3000,141127.99569
-13592,3000,141155.001945
-17720,3000,141182.210595
-2696,3000,141211.696064
-4672,3000,141239.511079
-8520,3000,141268.833652
-5840,3000,141296.074864
-2656,3000,141322.94183
-8840,3000,141485.877939
-21584,3000,141515.818743
-5416,3000,141546.514436
-7904,3000,141574.061879
-9520,3000,141602.072912
-3856,3000,141629.132933
-6768,3000,141657.918403
-11072,3000,141686.64639
-6440,3000,141713.800447
-11200,3000,141741.818006
-10904,3000,141768.638473
-4944,3000,141796.392576
-8728,3000,141824.454327
-12872,3000,141854.482889
-5784,3000,141882.685096
-8608,3000,141909.070444
-14584,3000,142018.374298
-10624,3000,142047.257447
-8576,3000,142074.660826
-3280,3000,142101.161431
-2448,3000,142128.303639
-12512,3000,142155.373085
-1712,3000,142183.809411
-2416,3000,142210.451103
-10696,3000,142236.401982
-6536,3000,142261.772122
-7648,3000,142287.77248
-10680,3000,142313.838472
-2704,3000,142341.934264
-3752,3000,142370.043209
-8856,3000,142398.303185
-4480,3000,142426.730841
-8624,3000,142455.691424
-6512,3000,142484.861736
-7920,3000,142512.859175
-6216,3000,142539.040714
-3728,3000,142567.148563
-8312,3000,142596.909285
-12072,3000,142625.016449
-8760,3000,142651.567424
-6712,3000,142678.836707
-5648,3000,142704.850592
-6640,3000,142730.279359
-12528,3000,142758.352029
-13688,3000,142785.934592
-11096,3000,142814.779504
-3632,3000,142842.977321
-13688,3000,142871.043972
-4384,3000,142898.087011
-4696,3000,142926.021686
-11760,3000,142950.448993
-6560,3000,142982.483376
-14752,3000,143009.048283
-12584,3000,143037.304255
-4296,3000,143065.061329
-11752,3000,143093.947072
-8024,3000,143120.189974
-8704,3000,143150.055717
256,3000,143178.121506
-2056,3000,143206.860887
-6672,3000,143235.218364
-6864,3000,143263.333438
-11472,3000,143289.324823
-3576,3000,143314.680799
-1576,3000,143340.785394
-6072,3000,143367.996163
-13800,3000,143395.430332
-11680,3000,143548.97697
-8472,3000,143578.258011
-8552,3000,143606.742267
-11608,3000,143636.038783
-17576,3000,143663.503173
-8680,3000,143690.962197
-552,3000,143718.325337
-6208,3000,143745.573786
-13664,3000,143774.37536
-5664,3000,143801.02278
-11320,3000,143831.023365
-14600,3000,143859.125825
-12544,3000,143886.198048
-2760,3000,143912.340629
-5576,3000,143939.496349
-6888,3000,143965.250177
-12040,3000,143994.788248
-14504,3000,144021.816271
-13576,3000,144047.559571
-7648,3000,144076.002434
-6736,3000,144105.27341
-13512,3000,144133.589926
-13632,3000,144159.410207
-12048,3000,144300.26234
-2552,3000,144327.899449
-10392,3000,144353.281299
-9696,3000,144382.289313
-12552,3000,144407.307765
-3336,3000,144434.232453
-904,3000,144463.654348
-5872,3000,144489.932179
-21720,3000,144515.098839
-2520,3000,144542.544284
176,3000,144565.353793
-10152,3000,144593.048523
-6576,3000,144620.915032
-2464,3000,144647.225823
-14672,3000,144676.71035
-11784,3000,144703.165366
-8616,3000,144732.487587
-8248,3000,144762.100972
-14296,3000,144788.896157
-7640,3000,144814.337887
-4768,3000,144840.935619
-13272,3000,144867.204898
-14736,3000,144893.717175
-11848,3000,144920.918944
-9752,3000,144950.231898
-7744,3000,144976.883404
-4640,3000,145004.881223
-9696,3000,145034.260027
-10504,3000,145058.561588
-12384,3000,145086.124648
-10456,3000,145112.474283
-5760,3000,145144.357766
-8464,3000,145169.940616
-6440,3000,145195.428456
-5600,3000,145223.175874
-544,3000,145248.266874
-4712,3000,145279.102231
-7992,3000,145307.604048
-608,3000,145334.552034
-14688,3000,145362.162225
-13792,3000,145389.598446
-5728,3000,145418.2475
-928,3000,145447.212867
-6064,3000,145472.637573
-5040,3000,145599.816579
-9568,3000,145627.59125
-11696,3000,145655.34261
-11344,3000,145683.589054
-6392,3000,145711.052224
-3360,3000,145739.261126
-12728,3000,145769.196126
-4792,3000,145794.974952
-11456,3000,145821.482678
-10112,3000,145848.146867
-4528,3000,145875.870462
-11696,3000,145903.418381
-4304,3000,145932.086112
-8464,3000,145961.212224
-7632,3000,145990.106705
504,3000,146018.534518
-7696,3000,146045.227523
-4744,3000,146070.631037
-2528,3000,146097.500585
-7504,3000,146124.017561
-6536,3000,146151.59638
-11576,3000,146179.15138
-8608,3000,146207.85899
-5152,3000,146236.327996
-11656,3000,146263.34687
-3720,3000,146291.080236
-7528,3000,146321.35902
-6784,3000,146351.515461
-7856,3000,146379.686685
-9680,3000,146405.566619
-2808,3000,146432.507602
-8296,3000,146459.465956
-11360,3000,146489.533655
-15792,3000,146516.684716
-8616,3000,146545.748842
-8016,3000,146576.459849
-6576,3000,146604.337194
-4976,3000,146632.818974
-6480,3000,146661.020068
-9776,3000,146686.13929
-8576,3000,146714.229347
-5464,3000,146741.999221
-17384,3000,146859.360493
-7920,3000,146885.385765
-7608,3000,146909.710474
-4600,3000,146937.315537
-1904,3000,146967.49949
-14504,3000,146995.257406
-21576,3000,147022.463057
-5936,3000,147051.531595
-3120,3000,147077.9565
-6512,3000,147105.20981
-10856,3000,147132.13171
-7704,3000,147160.749974
-4632,3000,147187.515639
-9552,3000,147215.800692
-8776,3000,147242.389992
-3912,3000,147270.292879
-6144,3000,147296.181056
312,3000,147324.117319
-2608,3000,147351.032004
-7552,3000,147377.450404
-5680,3000,147405.665409
-7792,3000,147431.430714
-2128,3000,147460.281298
-4696,3000,147488.013188
-5688,3000,147593.475162
-12760,3000,147622.552912
-8704,3000,147650.733455
-8088,3000,147679.22195
-4688,3000,147707.225249
-12672,3000,147731.767118
-2536,3000,147759.559453
-8112,3000,147787.459068
-6544,3000,147813.921705
-8888,3000,147839.531511
-8624,3000,147866.448923
-9512,3000,147892.795553
-9776,3000,147919.582355
-5464,3000,147947.659986
-8664,3000,147976.1561
-4416,3000,148002.572737
-12768,3000,148029.286534
-7840,3000,148058.1676
-4424,3000,148085.83317
-10672,3000,148113.605041
-6704,3000,148144.733299
-9608,3000,148171.624567
-8584,3000,148199.805798
-2040,3000,148227.319983
-9936,3000,148261.349957
-8736,3000,148286.66544
-10880,3000,148315.999761
-11784,3000,148343.512262
-16392,3000,148372.558672
-15528,3000,148399.97066
-12656,3000,148427.384149
-15456,3000,148453.59607
-7656,3000,148481.007835
-4936,3000,148509.832017
-5784,3000,148536.079542
-11584,3000,148563.774251
-9664,3000,148592.513233
-5736,3000,148617.57848
-13552,3000,148647.423996
-6896,3000,148673.766681
-2176,3000,148701.936271
-14608,3000,148728.824886
-4824,3000,148756.345026
-9056,3000,148782.223362
-7512,3000,148810.326577
-12600,3000,148836.01927
-6512,3000,148863.07366
-9896,3000,148888.40919
-19664,3000,148917.225991
-7800,3000,148944.847766
-3992,3000,148974.31775
-7744,3000,149002.960099
-8520,3000,149031.061604
-832,3000,149062.732857
-16744,3000,149090.318263
-2712,3000,149116.893575
-3512,3000,149143.762303
-10696,3000,149175.937873
-8512,3000,149205.037883
256,3000,149233.620024
-10744,3000,149263.179006
-14560,3000,149289.766417
-7512,3000,149319.601925
-9864,3000,149345.568178
-6792,3000,149434.334711
-13280,3000,149463.329604
-6832,3000,149489.903977
-10816,3000,149639.180461
-7720,3000,149668.187692
-4632,3000,149697.243765
-7752,3000,149727.278398
-15232,3000,149753.299657
-4560,3000,149780.08531
-2808,3000,149807.313164
-5896,3000,149834.912673
-7856,3000,149860.046317
-8672,3000,149886.642572
-5560,3000,149914.027453
-536,3000,149941.348198
-9768,3000,149966.839231
-5672,3000,149994.872204
-20608,3000,150025.287438
-4528,3000,150052.535635
32,3000,150079.577441
-15560,3000,150106.980101
-3520,3000,150134.192682
-10768,3000,150162.296913
-14048,3000,150188.33118
-9504,3000,150215.504236
-8512,3000,150240.37778
-13848,3000,150266.54908
-7456,3000,150294.828479
-8248,3000,150322.228505
-7112,3000,150350.837325
-10080,3000,150379.542476
-11032,3000,150407.178262
-11760,3000,150434.273457
-5504,3000,150461.771571
-16080,3000,150490.871897
-7456,3000,150520.857453
-8000,3000,150548.228326
-4728,3000,150574.67292
-9600,3000,150602.963655
-3856,3000,150628.548001
-9576,3000,150657.491791
296,3000,150684.762481
1280,3000,150711.695374
-6488,3000,150739.057918
-4712,3000,150767.74024
-7888,3000,150795.104624
-13776,3000,150822.540523
112,3000,150849.0521
-6648,3000,150875.0381
-5624,3000,150901.52717
-2928,3000,150930.394395
-10464,3000,150958.734004
-9432,3000,150985.1965
-2544,3000,151013.269238
-1744,3000,151042.497262
-9664,3000,151068.660958
-11416,3000,151096.307462
-5800,3000,151124.901815
-2072,3000,151152.571132
-6264,3000,151179.405131
-1408,3000,151209.021636
-7608,3000,151236.77629
-8504,3000,151264.932426
-11504,3000,151292.475569
-8600,3000,151320.276406
-3592,3000,151348.115209
-3432,3000,151374.049859
-9752,3000,151399.227054
-12720,3000,151425.214278
-6640,3000,151452.054086
-9448,3000,151555.376119
-5664,3000,151583.581904
-15680,3000,151611.072187
448,3000,151638.289115
520,3000,151665.309595
-10600,3000,151694.897739
-5608,3000,151722.732407
-10120,3000,151748.600881
-14752,3000,151775.307949
-11096,3000,151801.088413
-10544,3000,151828.494681
-4480,3000,151854.106709
-7696,3000,151876.405838
-9592,3000,151904.656582
-14456,3000,151936.479217
-9520,3000,151962.322225
-8520,3000,151990.482003
-2888,3000,152018.533615
-9576,3000,152046.851293
-4056,3000,152076.699294
-12744,3000,152105.148537
-12256,3000,152133.911839
1296,3000,152160.904093
-928,3000,152189.908856
-1616,3000,152216.692804
-584,3000,152245.078447
-6568,3000,152270.45422
-5912,3000,152299.41949
-7280,3000,152326.665388
-9096,3000,152353.252841
-8656,3000,152382.334496
-2824,3000,152408.818731
-6568,3000,152438.763564
-8064,3000,152463.708133
-11608,3000,152490.870164
-4800,3000,152519.770787
-6720,3000,152547.406995
1384,3000,152574.82775
-9512,3000,152602.459351
-10136,3000,152628.872763
-4800,3000,152656.868956
-9696,3000,152682.801675
-4024,3000,152709.182032
-9464,3000,152739.453972
-11616,3000,152768.758647
-4536,3000,152798.460996
-7568,3000,152827.580962
-6936,3000,152857.023391
-11768,3000,152888.472121
-8368,3000,152915.084138
-11784,3000,152942.305509
-11616,3000,152971.039155
-4800,3000,152998.423825
-4960,3000,153058.958473
-6744,3000,153086.415213
-6640,3000,153113.275467
-10024,3000,153140.223294
-8744,3000,153169.203984
-8656,3000,153198.13625
-19768,3000,153225.392977
-6608,3000,153251.785188
-8864,3000,153280.157343
-5744,3000,153318.168153
-2832,3000,153347.478485
-8592,3000,153377.20922
-7256,3000,153405.657883
-8592,3000,153555.710276
-15488,3000,153583.280786
-1432,3000,153610.673123
-11616,3000,153639.4339
-4408,3000,153666.155163
-8712,3000,153692.449935
-12520,3000,153720.628085
-6616,3000,153748.525295
-11880,3000,153777.822037
-14392,3000,153804.825611
-4512,3000,153832.972878
-10544,3000,153861.33461
-1560,3000,153889.824901
-7464,3000,153917.967005
-12744,3000,153945.519015
-11816,3000,153972.792832
-10712,3000,154000.921504
-3944,3000,154030.76205
-4464,3000,154057.825548
-9568,3000,154087.351061
-11800,3000,154112.675569
-5784,3000,154141.136359
-7584,3000,154167.718
-9120,3000,154195.385559
-1720,3000,154224.500952
-9568,3000,154250.454497
-16,3000,154279.089126
-2768,3000,154307.669019
-5768,3000,154337.816802
-8520,3000,154364.067183
-7960,3000,154392.446568
-16528,3000,154420.603161
-10720,3000,154448.269451
-9608,3000,154476.98396
-12640,3000,154505.552902
-13600,3000,154531.080209
-1608,3000,154559.262321
-2632,3000,154586.336714
-8520,3000,154613.136858
-1808,3000,154639.187899
-12776,3000,154684.04077
-7408,3000,154713.693521
-6240,3000,154743.744423
304,3000,154772.190077
-10784,3000,154800.439574
-12064,3000,154828.23928
-600,3000,154855.757594
-7504,3000,154886.987181
-10608,3000,154913.619111
-4520,3000,154941.300274
-10512,3000,154970.649169
-10632,3000,154996.893992
-10352,3000,155023.079361
-6840,3000,155050.671572
-6512,3000,155080.06209
-10648,3000,155106.631427
-608,3000,155135.569307
-6192,3000,155164.259366
-4144,3000,155192.619083
-12648,3000,155221.134403
-728,3000,155250.496174
-5072,3000,155278.031604
-4464,3000,155305.790227
-6648,3000,155334.801828
-11704,3000,155363.327179
-3328,3000,155391.953015
-8000,3000,155419.910187
-12576,3000,155569.364471
-6792,3000,155596.405422
-6736,3000,155624.849133
-6920,3000,155652.915455
-11928,3000,155680.659303
-5736,3000,155709.12063
-8960,3000,155737.450191
-11464,3000,155763.552503
-5800,3000,155792.42716
-18920,3000,155821.049783
-7400,3000,155848.846313
-6336,3000,155875.625314
-6448,3000,155902.65509
-5760,3000,155928.038892
-9600,3000,155956.840858
-5528,3000,155983.820106
-18672,3000,156013.071273
-8904,3000,156040.288822
-5472,3000,156068.475536
-1696,3000,156096.346493
-5472,3000,156123.963471
-7600,3000,156151.225246
-12624,3000,156177.57244
-14056,3000,156205.666661
-9064,3000,156232.935454
-3616,3000,156262.571176
-2504,3000,156289.505403
-9856,3000,156316.919183
-8648,3000,156343.723018
-10720,3000,156372.181052
-7040,3000,156398.875066
-19056,3000,156428.263174
-8776,3000,156512.233531
-16528,3000,156540.695204
-11624,3000,156570.906462
-4664,3000,156599.676347
-8632,3000,156630.074941
-12856,3000,156657.548918
-5328,3000,156684.795457
-12488,3000,156714.559682
-15216,3000,156742.025561
-7680,3000,156770.297
-8552,3000,156798.718076
-7592,3000,156827.616075
-6584,3000,156856.068598
-2744,3000,156885.062885
-10576,3000,156913.156368
-8648,3000,156938.636969
-7616,3000,156965.363384
-8736,3000,156993.507827
-7616,3000,157020.819206
-13536,3000,157047.944581
-5424,3000,157075.723351
-2832,3000,157104.511873
-14704,3000,157131.804106
-13600,3000,157158.225868
-12720,3000,157187.753926
-376,3000,157217.37952
-11184,3000,157244.45885
-14904,3000,157270.211509
-4992,3000,157299.489059
-5760,3000,157326.929963
-5760,3000,157353.741008
-8576,3000,157384.33341
-15536,3000,157414.040075
-10296,3000,157440.359646
-10832,3000,157469.855546
-4280,3000,157631.032246
-7840,3000,157659.112273
-13736,3000,157683.723389
304,3000,157710.862636
-18248,3000,157759.821211
-7624,3000,157791.088733
-22448,3000,157820.940239
-6168,3000,157848.430515
3360,3000,157880.965855
-8704,3000,157911.124676
-21232,3000,157938.150724
-9616,3000,157968.636929
-11808,3000,157999.32023
-3024,3000,158027.608136
-4560,3000,158060.128426
-1784,3000,158090.585823
-7576,3000,158120.214223
-1656,3000,158150.991691
352,3000,158181.849567
-1936,3000,158212.524984
-888,3000,158245.451392
-9808,3000,158273.260851
-11848,3000,158303.400363
-14576,3000,158334.331435
-5792,3000,158363.466852
-14032,3000,158395.097616
-4208,3000,158427.088454
-1120,3000,158454.836519
-1920,3000,158485.725027
-13736,3000,158514.69885
-5616,3000,158544.914288
4152,3000,158573.668272
-8312,3000,158603.128893
-6592,3000,158631.086227
-6008,3000,158661.648892
-3680,3000,158691.094487
-12944,3000,158722.353714
-9680,3000,158751.982867
-3896,3000,158781.313001
-8440,3000,158812.109655
-11616,3000,158842.920157
-3728,3000,158873.711255
-13752,3000,158904.642276
-14720,3000,158934.012062
-11912,3000,158966.084048
-6736,3000,158994.100188
-9624,3000,159022.29326
-9544,3000,159049.779377
-9928,3000,159080.61118
-7792,3000,159111.486284
-9032,3000,159142.386179
-5784,3000,159171.224832
-6472,3000,159201.44373
-5696,3000,159230.461021
-14816,3000,159257.200045
-2760,3000,159288.882031
-8608,3000,159319.408198
-19976,3000,159349.493803
-10688,3000,159376.825934
-2488,3000,159407.397425
-10480,3000,159436.291069
-6592,3000,159466.288671
-2552,3000,159496.10338
-11672,3000,159524.367958
-8512,3000,159553.741848
-9224,3000,159580.466878
-1728,3000,159714.49399
-5592,3000,159743.692134
-11096,3000,159773.963931
-7656,3000,159802.547188
-8616,3000,159831.49481
-6880,3000,159862.333749
-3456,3000,159892.124953
-6704,3000,159921.098999
-5720,3000,159950.052427
-10680,3000,159979.082962
-4992,3000,160009.810028
-5944,3000,160038.135544
-7568,3000,160064.292008
-15816,3000,160093.942477
-6664,3000,160122.998769
-11768,3000,160154.04003
-10744,3000,160182.243495
-4816,3000,160213.42258
-12584,3000,160242.880653
-8432,3000,160271.565608
-2728,3000,160303.646382
-5776,3000,160334.527462
-6416,3000,160363.358649
-848,3000,160394.362432
-4776,3000,160423.826452
-13072,3000,160456.339239
-11728,3000,160487.329557
-2752,3000,160516.039406
-8616,3000,160544.917342
-5928,3000,160574.946172
-8632,3000,160603.350767
-4776,3000,160631.189324
-10712,3000,160662.866462
-11488,3000,160693.329263
-7056,3000,160723.962919
-13776,3000,160751.810467
-8744,3000,160781.842093
-14576,3000,160809.489382
-5576,3000,160838.048892
-10936,3000,160867.17633
-3288,3000,160898.301469
-13168,3000,160928.797266
-7184,3000,161035.092533
-10520,3000,161064.163021
-7728,3000,161092.52825
-648,3000,161122.144815
-1672,3000,161147.821904
-1104,3000,161176.050177
-12560,3000,161205.43719
-6416,3000,161233.702335
-20728,3000,161261.777031
-2424,3000,161288.998181
-3768,3000,161321.109802
-5488,3000,161352.224877
-7648,3000,161380.422709
-5920,3000,161413.904595
-5856,3000,161443.248732
-7936,3000,161471.827852
-7536,3000,161502.371668
-9640,3000,161533.677635
-12984,3000,161560.758617
-10976,3000,161588.8461
-6712,3000,161620.353502
-15752,3000,161652.87436
-8728,3000,161682.496912
-728,3000,161712.759009
-14592,3000,161741.58929
-5776,3000,161905.682208
-12328,3000,161935.096311
2040,3000,161962.262259
-10672,3000,161990.015632
-5856,3000,162021.376249
-9760,3000,162050.773045
-12640,3000,162079.551559
-11656,3000,162108.928703
1112,3000,162138.817235
-12168,3000,162170.545458
-424,3000,162199.847529
-11792,3000,162227.169533
-6624,3000,162255.377425
-4472,3000,162286.115454
-18680,3000,162315.937316
-14600,3000,162346.013476
-7664,3000,162374.462366
-10808,3000,162404.795449
-6736,3000,162437.304239
-5560,3000,162466.678413
-4712,3000,162495.098151
-4464,3000,162524.668888
288,3000,162555.87327
-10288,3000,162585.45776
-11736,3000,162614.98179
-5904,3000,162646.017309
-5128,3000,162674.884705
-3000,3000,162705.691044
-6664,3000,162730.203606
-9096,3000,162759.898524
-5848,3000,162788.463739
-6656,3000,162817.615977
-12632,3000,162844.947943
-10960,3000,162875.250638
-2648,3000,162902.612843
-13640,3000,162933.496105
-14200,3000,162963.12728
-6496,3000,162989.590465
-1720,3000,163019.798963
-12728,3000,163048.637793
-4736,3000,163078.380284
-11680,3000,163109.448926
-440,3000,163138.984961
-7416,3000,163166.49472
-10560,3000,163196.975073
-11664,3000,163225.584027
-7576,3000,163256.081217
-5664,3000,163287.148668
-9656,3000,163318.450545
-6472,3000,163347.093909
-7624,3000,163376.458071
-4608,3000,163405.609872
-4656,3000,163434.176607
-6672,3000,163465.428428
-5768,3000,163497.993638
-7456,3000,163525.918362
-5544,3000,163555.596591
-7512,3000,163588.288778
-9648,3000,163618.107724
-7696,3000,163651.246811
-736,3000,163679.754222
-4488,3000,163710.807421
-9040,3000,163739.041213
-13800,3000,163769.244842
-12640,3000,163797.24681
-14720,3000,163826.133557
-56,3000,163854.771474
-1736,3000,164028.886343
-4112,3000,164057.644437
-7704,3000,164085.507274
-7224,3000,164167.699307
-784,3000,164198.439722
-7760,3000,164227.766355
-15496,3000,164260.412265
-9552,3000,164287.634235
-4944,3000,164318.192674
-9640,3000,164348.672684
-8576,3000,164377.445005
-9104,3000,164406.933448
-17232,3000,164529.096143
-5528,3000,164559.390376
-10856,3000,164589.616735
-11936,3000,164619.257862
-8312,3000,164649.232225
-5408,3000,164679.093408
-4648,3000,164707.932636
-6760,3000,164734.998002
-8680,3000,164766.023776
-3424,3000,164797.947658
-3880,3000,164828.446005
-11176,3000,164859.022286
-8560,3000,164888.919369
-6608,3000,164918.084751
-13720,3000,164949.868906
-5616,3000,164980.571515
-6648,3000,165012.347405
-2480,3000,165042.494817
-9888,3000,165071.472322
-12312,3000,165102.908281
-2616,3000,165130.000469
328,3000,165159.016202
-9600,3000,165188.282601
-8768,3000,165217.584085
-11528,3000,165248.830194
-9672,3000,165278.937957
-8960,3000,165310.491974
-10808,3000,165340.014537
-11672,3000,165370.43573
-6680,3000,165401.904804
-6400,3000,165432.888787
-8472,3000,165463.211749
-8496,3000,165493.213879
-6496,3000,165523.684253
-5904,3000,165554.257463
-3304,3000,165585.323447
-14856,3000,165616.933336
-4256,3000,165648.373797
-10768,3000,165677.685465
-13104,3000,165707.037976
-11656,3000,165737.340474
-7960,3000,165767.688933
-6528,3000,165797.113866
-4968,3000,165828.193184
-2648,3000,165858.657952
-8992,3000,165890.612293
-5648,3000,165920.588953
-3760,3000,165949.227764
-11616,3000,165979.311226
-12736,3000,166011.736708
-5528,3000,166043.122594
-10712,3000,166072.893183
-7664,3000,166101.881745
-12520,3000,166132.272503
-12824,3000,166293.095878
-6752,3000,166323.789609
-10744,3000,166355.962146
-1560,3000,166385.374659
-6864,3000,166416.760538
-4832,3000,166447.019009
-11688,3000,166478.976688
-3920,3000,166510.394119
-6608,3000,166541.096566
-4792,3000,166571.096582
-4656,3000,166607.551498
-3928,3000,166637.463093
-9840,3000,166667.673883
-18056,3000,166698.649071
-7648,3000,166729.507309
-9344,3000,166759.729944
-7760,3000,166819.610113
-15976,3000,166850.565175
-9488,3000,166880.213884
-9544,3000,166911.008327
-7616,3000,166941.23401
-15712,3000,166970.421595
-8696,3000,167003.088113
-9032,3000,167034.449682
24,3000,167065.071611
-8504,3000,167096.7575
-1568,3000,167127.377253
-7576,3000,167157.29262
-6320,3000,167189.179843
-6584,3000,167219.101801
-11616,3000,167249.080927
-7568,3000,167279.858799
-7520,3000,167307.573824
-9528,3000,167337.786751
-3864,3000,167367.434168
-10504,3000,167396.791559
-6656,3000,167425.5413
-12928,3000,167455.751856
-8520,3000,167486.272884
-3584,3000,167517.774578
-18464,3000,167547.717027
-8712,3000,167576.682791
-10824,3000,167606.718132
-3472,3000,167638.117127
-3424,3000,167668.626187
-7152,3000,167699.689233
-7816,3000,167730.043239
-9536,3000,167757.088158
-16712,3000,167786.434383
-8696,3000,167813.355159
-2424,3000,167844.96482
-8448,3000,167874.130645
-6376,3000,167905.934914
-9192,3000,167935.000838
-7800,3000,167965.038189
-12696,3000,167994.869763
-7848,3000,168023.193827
-13552,3000,168053.493613
-9472,3000,168083.325062
-10664,3000,168115.87061
-1608,3000,168144.826669
-5472,3000,168173.841459
-6592,3000,168204.474971
-4912,3000,168235.694628
-3624,3000,168266.978063
-9640,3000,168298.767244
-17384,3000,168332.100478
288,3000,168455.213546
-15920,3000,168485.628085
-12568,3000,168516.621578
-8592,3000,168548.209491
1200,3000,168580.693099
-5880,3000,168613.050396
-7976,3000,168645.529492
-13432,3000,168676.607322
-8176,3000,168711.16708
-5952,3000,168744.477649
-3896,3000,168775.742816
-7576,3000,168809.221344
-4680,3000,168840.896446
-15640,3000,168872.057825
-10896,3000,168901.329292
-7456,3000,168934.355494
-7648,3000,168964.944858
-9464,3000,168994.144255
-6656,3000,169025.368604
-7552,3000,169056.094729
-16808,3000,169086.206248
-7688,3000,169117.718501
-5624,3000,169147.021184
-4888,3000,169178.363251
-11936,3000,169209.993971
-824,3000,169240.681145
-5832,3000,169266.259237
-6544,3000,169299.090534
-3784,3000,169336.608649
-9544,3000,169366.815574
-12536,3000,169397.638197
-1696,3000,169427.621267
-8768,3000,169460.763726
-24800,3000,169609.001084
-10656,3000,169638.684923
-2488,3000,169668.380718
-4832,3000,169697.734656
-15520,3000,169724.519426
-7808,3000,169753.57861
-16496,3000,169784.093892
-7088,3000,169813.713174
464,3000,169845.000468
-9752,3000,169871.166926
-15640,3000,169902.815783
-9176,3000,169932.482804
-7520,3000,169961.529966
-2560,3000,169994.0767
-8640,3000,170021.737196
-4416,3000,170053.104892
-9648,3000,170083.380629
-8752,3000,170114.847104
-4760,3000,170144.630195
-7864,3000,170173.79048
-12552,3000,170203.8118
-10656,3000,170235.795657
-6640,3000,170262.036189
-9720,3000,170293.282627
-7512,3000,170323.902782
-4528,3000,170352.040303
-4744,3000,170383.520351
-3624,3000,170413.487045
-7760,3000,170443.339805
-8960,3000,170476.044954
2192,3000,170505.499106
-7728,3000,170537.12205
-11744,3000,170566.163939
-13688,3000,170598.545016
-8744,3000,170722.658074
-8696,3000,170751.610621
-7528,3000,170782.286733
-12728,3000,170811.879868
-14680,3000,170841.516054
-3848,3000,170869.297618
-10472,3000,170899.249828
-12656,3000,170930.175873
-17608,3000,170960.310673
-12768,3000,170989.247963
-576,3000,171021.26381
-6632,3000,171051.150467
-8904,3000,171079.731558
-1672,3000,171109.851188
-1688,3000,171139.147973
-14664,3000,171170.063887
2352,3000,171201.653085
-1256,3000,171229.470102
-8432,3000,171258.883768
-2632,3000,171289.836942
-12856,3000,171318.719328
-5936,3000,171348.043983
-4024,3000,171379.351045
-5072,3000,171408.0049
-14408,3000,171439.41099
-8464,3000,171470.806003
-11648,3000,171500.302937
-12656,3000,171526.587661
-8696,3000,171556.384463
-8720,3000,171584.956527
-12488,3000,171615.445626
-5992,3000,171644.212119
-2672,3000,171671.754238
-1776,3000,171700.44451
-11256,3000,171730.479893
-2440,3000,171759.682974
-2632,3000,171793.165951
-4848,3000,171824.14185
-872,3000,171854.005729
-12496,3000,171884.406311
-12888,3000,171919.075538
-6464,3000,171947.332538
-7440,3000,171978.23348
-3808,3000,172007.56845
-5360,3000,172035.818843
-14176,3000,172064.921901
-2592,3000,172096.579228
-7648,3000,172127.64339
1888,3000,172157.707361
-8936,3000,172188.29221
-10480,3000,172215.372
-6584,3000,172244.573244
-13656,3000,172276.281719
-14504,3000,172308.992896
-14704,3000,172339.372705
-4536,3000,172368.267083
-8576,3000,172398.949276
-13016,3000,172427.05927
-7680,3000,172459.681611
-12904,3000,172490.872444
-6776,3000,172522.350258
-13688,3000,172551.538301
-14656,3000,172580.290214
-4544,3000,172612.879387
-8768,3000,172646.831708
-10400,3000,172674.501161
-7544,3000,172856.017669
-7696,3000,172886.976332
-5664,3000,172916.884279
-13664,3000,172954.155758
-6632,3000,172985.334082
-14112,3000,173017.755925
-8664,3000,173048.915126
-17248,3000,173130.822258
-5696,3000,173161.519321
616,3000,173192.479576
-8584,3000,173225.646962
-6896,3000,173255.418702
-8312,3000,173285.341277
-6616,3000,173316.76846
-7936,3000,173346.801584
-2480,3000,173377.061526
-7888,3000,173410.190281
-9576,3000,173442.933285
-12856,3000,173475.458746
-9112,3000,173509.534569
-6624,3000,173542.751572
-4816,3000,173573.223831
-9600,3000,173607.729176
-11704,3000,173638.442647
-11784,3000,173669.570117
-7496,3000,173700.35421
-14656,3000,173733.73955
-4680,3000,173766.336944
-6704,3000,173799.359663
-9584,3000,173829.656456
-7584,3000,173860.77428
-7480,3000,173891.827687
-10072,3000,173924.519776
-5056,3000,173954.043118
-8776,3000,173986.772952
-8800,3000,174018.275127
-4744,3000,174049.203091
-4864,3000,174081.615349
-4648,3000,174112.491498
-11776,3000,174144.43543
-9152,3000,174239.521099
-6616,3000,174272.872226
-8656,3000,174305.8929
-9784,3000,174339.502626
-4384,3000,174372.729405
-5912,3000,174403.20149
-4432,3000,174435.073259
-3464,3000,174467.000978
-11544,3000,174498.20299
-8512,3000,174531.6899
-10416,3000,174562.779537
-3704,3000,174593.444098
-1160,3000,174626.370989
-4792,3000,174659.615985
-9488,3000,174692.48541
-15240,3000,174726.578452
-5608,3000,174757.777488
-5800,3000,174790.259621
-12088,3000,174821.619373
-7816,3000,174854.800405
-7776,3000,174886.472372
-13920,3000,174918.898362
-9624,3000,174952.07373
-9224,3000,174983.441086
-3488,3000,175015.767671
-4696,3000,175047.56519
-9720,3000,175080.238155
-14712,3000,175199.119073
-6608,3000,175232.245811
-336,3000,175264.158202
-11136,3000,175301.173654
-7592,3000,175333.574549
-5648,3000,175366.762838
-1944,3000,175400.474971
-12720,3000,175433.253588
-1832,3000,175466.165402
-16712,3000,175498.951451
-5328,3000,175530.363669
-19336,3000,175561.9091
-7720,3000,175592.405466
-16616,3000,175624.983085
-1400,3000,175656.634793
-8632,3000,175688.280575
-4648,3000,175719.377425
-10824,3000,175751.030926
-7744,3000,175782.509591
-5472,3000,175813.967543
-11672,3000,175849.405833
-768,3000,175878.840972
-2664,3000,175908.439067
2400,3000,175936.729072
-8848,3000,175967.986718
-7776,3000,175996.054309
-5608,3000,176024.612145
-12000,3000,176056.77724
-5232,3000,176086.050818
-7776,3000,176117.014711
-2720,3000,176145.580155
-2664,3000,176174.9881
-5616,3000,176204.859983
-5968,3000,176234.807447
-384,3000,176263.720724
-8888,3000,176294.364165
-7688,3000,176324.616232
-8592,3000,176356.087516
-5704,3000,176388.40862
-7616,3000,176419.090789
-7688,3000,176454.914906
-5960,3000,176485.974902
-6608,3000,176515.910556
-9576,3000,176546.906611
-9920,3000,176575.753477
-12840,3000,176608.685606
-4872,3000,176638.195434
-5008,3000,176669.530143
-5096,3000,176698.927694
-5744,3000,176730.397969
-3920,3000,176757.696848
-5952,3000,176788.890166
-6496,3000,176815.784756
-7672,3000,176847.560269
-10808,3000,176873.728633
-9992,3000,176903.484747
-5856,3000,176932.720706
-5840,3000,176961.545092
-5440,3000,176990.708393
-15544,3000,177020.458889
-7736,3000,177048.869065
-9440,3000,177079.342945
-9704,3000,177109.820374
-7048,3000,177139.291834
-8672,3000,177168.951905
-12872,3000,177199.3177
-11520,3000,177226.65708
-7040,3000,177363.925585
-9912,3000,177392.901992
-1504,3000,177422.668156
-12408,3000,177450.774642
-15184,3000,177480.760107
-4728,3000,177511.978143
-6752,3000,177542.975343
-1368,3000,177570.78217
-15488,3000,177600.865998
-1568,3000,177634.467002
-6712,3000,177664.833884
-2816,3000,177694.301908
-5704,3000,177723.513302
-1488,3000,177753.625943
-11584,3000,177785.038951
-5760,3000,177815.022542
-3880,3000,177844.403757
-12848,3000,177873.2256
-10240,3000,177902.213124
-14512,3000,177932.347603
-12520,3000,177962.634501
-1856,3000,177990.931791
-5560,3000,178020.037379
-2792,3000,178049.24473
-4696,3000,178077.741906
-10448,3000,178107.329734
488,3000,178135.448375
-2600,3000,178166.715079
-5480,3000,178194.129908
-15704,3000,178224.831571
-6496,3000,178256.928201
-19616,3000,178286.031987
-11552,3000,178316.776237
-13552,3000,178347.710074
-6800,3000,178377.976427
-14752,3000,178408.304387
24,3000,178440.399125
-8792,3000,178471.975719
-21512,3000,178502.97326
-6360,3000,178534.959348
-3520,3000,178563.248231
-2552,3000,178594.148148
-7672,3000,178623.955056
-6904,3000,178653.201025
-8432,3000,178683.208788
-13352,3000,178716.08279
-7728,3000,178745.369281
-4824,3000,178776.023719
-12416,3000,178805.723596
-8712,3000,178837.094454
-9664,3000,178866.665651
-2512,3000,178896.933891
-6624,3000,178926.054453
-9896,3000,178956.280951
-5408,3000,178986.530404
-7440,3000,179014.309003
-2720,3000,179044.231036
-7456,3000,179072.958512
-704,3000,179102.390572
-5080,3000,179132.886277
-816,3000,179164.480891
-13440,3000,179195.155195
-5544,3000,179223.793395
-13296,3000,179254.64255
-6464,3000,179284.136244
-5752,3000,179313.214654
-3544,3000,179483.783141
-14720,3000,179513.395763
-3736,3000,179543.441754
-7656,3000,179570.080256
-9552,3000,179602.041016
-712,3000,179635.040563
-8464,3000,179666.847555
-2656,3000,179698.46973
-11808,3000,179806.02009
-5744,3000,179838.198248
-4280,3000,179869.578457
-2792,3000,179900.921851
-5576,3000,179930.509446
-10352,3000,179960.898499
-7544,3000,179994.41446
-4336,3000,180027.494903
-15608,3000,180059.324755
-15048,3000,180092.112061
-10688,3000,180124.369638
-2584,3000,180156.140261
-4672,3000,180187.452066
-14632,3000,180221.665887
-4680,3000,180254.257818
-17472,3000,180285.877647
-136,3000,180319.235123
-2920,3000,180354.014335
-7688,3000,180385.738459
-9712,3000,180419.534142
-11664,3000,180452.704056
-14832,3000,180485.42119
2280,3000,180517.866367
-9664,3000,180549.781531
-10528,3000,180581.300669
-11752,3000,180614.114309
-9608,3000,180642.865901
-4056,3000,180676.444557
-2744,3000,180709.718861
-3040,3000,180742.12353
-8776,3000,180776.091171
-9768,3000,180809.497519
-11864,3000,180840.937802
-6736,3000,180874.805045
-3816,3000,180906.982347
-11656,3000,180937.646237
-6656,3000,180970.174001
-9608,3000,181001.403573
-14736,3000,181030.693573
-4568,3000,181062.477245
-2688,3000,181096.491578
-10576,3000,181129.083823
-6752,3000,181162.220757
-7504,3000,181196.056565
-12024,3000,181228.995394
-272,3000,181261.02964
-6656,3000,181293.6471
-8928,3000,181324.876484
-5992,3000,181358.284898
-10768,3000,181391.50702
-11640,3000,181425.637005
-6568,3000,181453.800329
-9680,3000,181484.20189
-7656,3000,181518.034959
-9696,3000,181550.889446
-11336,3000,181583.887384
-7600,3000,181615.019663
-5528,3000,181647.428732
-7480,3000,181677.414448
-11712,3000,181855.978904
-12848,3000,181889.807354
-6728,3000,181922.985838
-15936,3000,181959.544816
-2888,3000,181992.673396
-8632,3000,182024.339822
-12592,3000,182055.15748
-10896,3000,182155.628511
-7480,3000,182187.753779
-8192,3000,182221.590593
-11808,3000,182253.915253
-5776,3000,182285.49192
-2776,3000,182316.1441
-4528,3000,182346.271671
-8656,3000,182376.520831
-6672,3000,182406.137466
-6784,3000,182439.714549
-17464,3000,182471.960247
-1552,3000,182503.010584
-5256,3000,182535.935522
-10720,3000,182567.340644
-3992,3000,182600.299423
-8648,3000,182630.851807
-9600,3000,182661.789164
184,3000,182693.592132
-6712,3000,182724.834949
-4760,3000,182756.142068
-5680,3000,182786.629089
-18424,3000,182822.628317
-944,3000,182855.304285
-14640,3000,182884.658548
-8648,3000,182916.212578
-1472,3000,182946.968058
-9472,3000,182978.883025
-11696,3000,183010.228967
88,3000,183041.354857
-4736,3000,183070.518557
-7496,3000,183102.605341
-4664,3000,183133.167981
-10176,3000,183166.385211
-10560,3000,183195.71348
-9808,3000,183227.129476
-5576,3000,183259.923109
-8648,3000,183293.137471
-5856,3000,183325.315596
-1792,3000,183358.39112
-6392,3000,183388.469393
-7840,3000,183420.145633
-9752,3000,183450.178518
-3584,3000,183483.96814
-3264,3000,183513.721533
-6560,3000,183546.009851
-5208,3000,183578.130425
-4928,3000,183608.544687
-15672,3000,183639.487043
-5008,3000,183670.96995
-4512,3000,183699.273149
-10000,3000,183730.917344
-12488,3000,183762.27417
-9520,3000,183793.424565
-16928,3000,183824.229016
-7728,3000,183856.329258
-10568,3000,183888.272628
-6480,3000,183920.067208
-6024,3000,183951.938799
-11624,3000,183982.087109
-7624,3000,184012.996037
-656,3000,184161.126009
-11680,3000,184192.470717
-3384,3000,184225.588695
-6776,3000,184257.890999
184,3000,184290.222271
-7976,3000,184323.519953
-8544,3000,184353.538664
-11752,3000,184384.670624
-5912,3000,184421.109904
-9760,3000,184454.159504
-5480,3000,184487.219216
-7784,3000,184518.198444
-10808,3000,184548.711474
-7608,3000,184581.462486
-7224,3000,184610.961661
-11888,3000,184640.419577
-352,3000,184672.632788
-10536,3000,184705.48535
-4704,3000,184737.982484
-13816,3000,184769.0112
-8856,3000,184801.680891
-10976,3000,184848.958379
472,3000,184877.589458
-10168,3000,184909.241328
-16824,3000,184944.900635
-9520,3000,184974.099972
-4472,3000,185004.175826
-13392,3000,185035.130903
-6536,3000,185065.772084
-4712,3000,185097.335465
-17744,3000,185130.84951
-2664,3000,185163.491427
-2608,3000,185195.052188
424,3000,185224.419416
-7712,3000,185256.078515
-7792,3000,185287.252952
-3928,3000,185318.980995
-6288,3000,185353.171794
-5648,3000,185384.929776
-9464,3000,185418.046762
-3760,3000,185449.213378
-12592,3000,185481.547621
-664,3000,185512.946337
-2848,3000,185543.129588
-8640,3000,185575.576423
-11600,3000,185606.198905
-10584,3000,185637.609209
-9784,3000,185670.058841
-11504,3000,185702.535084
-8600,3000,185735.706754
-2424,3000,185768.887629
328,3000,185799.433041
-3624,3000,185830.776714
-9648,3000,185861.569075
-13344,3000,185893.527332
-18584,3000,185927.377698
-12584,3000,185958.727241
-10536,3000,185990.954501
-9632,3000,186023.775598
-9768,3000,186056.288179
-10760,3000,186087.365459
-3880,3000,186119.115341
-12888,3000,186219.215434
-6664,3000,186250.65368
-10632,3000,186279.666095
-11704,3000,186313.710348
-5664,3000,186463.497852
-3744,3000,186494.344162
-5872,3000,186526.630162
-10920,3000,186555.833544
-5760,3000,186589.574117
-9880,3000,186621.015771
-7520,3000,186651.977672
-7448,3000,186682.270034
-9696,3000,186714.171196
-776,3000,186745.613381
-11896,3000,186775.328327
-7912,3000,186806.792479
-8664,3000,186838.104772
-12776,3000,186870.890981
-11904,3000,186904.642442
-7128,3000,186934.825421
-9232,3000,186966.0376
-12544,3000,186996.718375
-1744,3000,187027.154605
-5808,3000,187058.601167
-8776,3000,187092.449466
-7400,3000,187123.503757
-7592,3000,187157.088965
-8552,3000,187188.709987
-6456,3000,187220.110686
-2336,3000,187252.607065
-7608,3000,187283.983878
-10920,3000,187315.70266
-8536,3000,187346.3711
-2720,3000,187377.102794
-7992,3000,187408.434575
-6696,3000,187440.8919
-3848,3000,187473.393722
-7360,3000,187506.981286
-4920,3000,187536.797804
-4624,3000,187568.547153
-9680,3000,187599.54688
-5704,3000,187632.068227
-3584,3000,187663.726127
-12712,3000,187696.25159
-5784,3000,187728.648945
-7696,3000,187761.134677
-12792,3000,187793.708876
-6576,3000,187825.935802
-11760,3000,187855.123812
-8240,3000,187886.871923
-7880,3000,187917.256788
-3744,3000,187949.044304
-14720,3000,187981.266659
-8760,3000,188012.806144
-8688,3000,188044.372518
-2792,3000,188078.584715
-6608,3000,188112.592502
-6632,3000,188144.162182
2072,3000,188174.537803
-15888,3000,188208.617476
-6640,3000,188240.592659
-6272,3000,188272.01636
-14296,3000,188303.479416
-2672,3000,188331.732957
-392,3000,188364.353373
-14736,3000,188395.928123
-19760,3000,188430.663516
-9832,3000,188465.557373
-4552,3000,188501.087333
-6248,3000,188533.127614
-7800,3000,188566.441511
-14776,3000,188762.888852
-14392,3000,188794.369541
-8256,3000,188827.131206
-7824,3000,188859.27486
-5736,3000,188891.953456
-4560,3000,188923.27269
-7624,3000,188954.123293
-9704,3000,188985.253969
-11528,3000,189014.803795
-9048,3000,189055.194615
-6808,3000,189087.344958
-8216,3000,189172.156036
-11616,3000,189202.429111
-5800,3000,189232.973003
-6608,3000,189263.696048
-10520,3000,189295.999314
-9704,3000,189328.591859
-11712,3000,189360.874131
-5736,3000,189393.806695
-12616,3000,189427.094164
-9792,3000,189458.101962
-4824,3000,189490.312915
-5656,3000,189520.886054
-8544,3000,189549.832802
-5920,3000,189582.836859
-5680,3000,189614.721718
-6792,3000,189644.826312
528,3000,189674.347504
-17720,3000,189701.443305
368,3000,189729.923761
-5592,3000,189758.730411
-7688,3000,189787.97888
-9568,3000,189817.700241
-4528,3000,189846.09515
-4728,3000,189876.017442
1448,3000,189904.342216
-7504,3000,189934.296372
-5880,3000,189963.513005
-7152,3000,189995.575914
-10064,3000,190025.714166
-9496,3000,190052.175976
-6872,3000,190081.208462
-4696,3000,190108.348831
-8608,3000,190137.832911
-21488,3000,190169.42606
-10608,3000,190200.559078
-7408,3000,190231.243396
-12736,3000,190260.115997
-11728,3000,190289.451138
-7616,3000,190317.782958
-10464,3000,190349.170711
-2712,3000,190377.301473
-5288,3000,190408.195511
-15704,3000,190437.204909
-8816,3000,190467.378035
-13496,3000,190496.478823
-4752,3000,190527.890639
-5472,3000,190558.292436
-6680,3000,190588.64296
-2752,3000,190618.426346
-4872,3000,190646.789279
-26800,3000,190677.413202
-8096,3000,190705.56497
-10496,3000,190735.963966
-7704,3000,190767.799818
-5776,3000,190798.356313
-11848,3000,190829.166861
-7712,3000,190970.064095
-2888,3000,190998.73516
-8672,3000,191028.992211
-8800,3000,191058.2918
-8456,3000,191088.167276
-2864,3000,191119.891885
-7984,3000,191150.74972
-5920,3000,191181.204087
-10496,3000,191210.606677
-6784,3000,191239.854265
-10080,3000,191271.102757
-11528,3000,191299.539223
-15776,3000,191334.064461
-3816,3000,191363.761818
-8608,3000,191392.070775
-11856,3000,191419.502628
-5552,3000,191449.285202
-4880,3000,191478.739417
-8584,3000,191510.865993
-14504,3000,191544.23155
-20488,3000,191570.200288
-5776,3000,191598.78588
-12712,3000,191629.174528
-7760,3000,191657.947429
-24960,3000,191687.041329
-3544,3000,191718.637955
-11568,3000,191748.57515
-1616,3000,191777.850149
-10840,3000,191808.732243
-4880,3000,191844.599104
-4336,3000,191875.270452
-624,3000,191904.266798
-2496,3000,191934.307129
-5888,3000,191961.587871
-8456,3000,191990.369827
-8544,3000,192020.129321
-6336,3000,192053.802879
-9992,3000,192082.243001
-3872,3000,192110.795845
-3168,3000,192142.783548
-4568,3000,192170.96522
-5824,3000,192202.107519
-11608,3000,192242.861915
-18688,3000,192274.341282
-3432,3000,192306.385777
-1336,3000,192334.859532
-9648,3000,192365.192067
-7768,3000,192394.634365
-5648,3000,192423.558187
-6544,3000,192452.124563
-10040,3000,192479.367819
-1744,3000,192510.137263
-12368,3000,192538.310309
-7600,3000,192568.11202
-8552,3000,192596.826124
-416,3000,192628.046273
-6560,3000,192659.1622
-10696,3000,192690.727701
-8728,3000,192722.162589
-4224,3000,192753.078152
-6608,3000,192782.691589
-1592,3000,192813.068043
-16464,3000,192841.643135
-7800,3000,192868.697972
-17728,3000,192898.188832
-6032,3000,192928.414986
-13640,3000,193072.174063
-16792,3000,193099.635561
-3632,3000,193129.20873
-8192,3000,193157.170775
-5712,3000,193186.684067
-8840,3000,193214.468013
-6720,3000,193245.153646
-10616,3000,193277.929293
-4552,3000,193308.582174
-4840,3000,193338.785818
-11040,3000,193369.083715
1528,3000,193398.159256
-8832,3000,193428.882895
-6480,3000,193456.415788
-3656,3000,193483.540453
-7816,3000,193514.720833
-4552,3000,193544.449833
-6528,3000,193575.037113
-6800,3000,193605.942374
-14624,3000,193636.449464
-8536,3000,193665.277269
-10776,3000,193694.50793
-632,3000,193722.614591
-10376,3000,193753.352166
-2712,3000,193787.976743
-5408,3000,193816.868166
-11784,3000,193846.766212
-7696,3000,193876.149481
-5528,3000,193906.724144
-5528,3000,193934.913495
-6680,3000,193965.162989
-11512,3000,193992.62761
-13352,3000,194022.372831
-7544,3000,194048.812705
-18504,3000,194074.800798
-10880,3000,194104.283449
-8880,3000,194138.548776
-9816,3000,194168.157145
-3552,3000,194198.648845
-5424,3000,194228.554539
-4624,3000,194258.095016
-2224,3000,194288.534632
-4904,3000,194318.942999
-5808,3000,194354.232216
-3472,3000,194383.751087
-5632,3000,194410.44539
-9832,3000,194438.672053
-12352,3000,194468.459412
-2472,3000,194496.414721
3272,3000,194526.555178
-8480,3000,194555.758491
-15688,3000,194584.678284
-9720,3000,194612.141388
-10696,3000,194640.464732
-7688,3000,194670.795485
-3760,3000,194700.05239
-5656,3000,194729.171552
-5720,3000,194761.114573
-7072,3000,194790.771157
-10664,3000,194820.254336
-8744,3000,194850.788198
-5608,3000,194880.667366
-512,3000,194909.18376
-8504,3000,195084.905442
-13784,3000,195115.95514
-5816,3000,195145.569158
-10584,3000,195174.35153
-4592,3000,195341.725183
-12568,3000,195371.537289
-5992,3000,195401.746029
-9448,3000,195430.686774
-9512,3000,195458.070903
-6096,3000,195487.113082
-4624,3000,195514.096215
-9608,3000,195542.541063
376,3000,195572.210191
-9688,3000,195601.005034
-9784,3000,195632.849578
-11360,3000,195662.982354
-2928,3000,195690.634373
-10312,3000,195721.219466
280,3000,195751.238025
-880,3000,195780.219516
-4680,3000,195810.927623
-8712,3000,195839.314142
-5592,3000,195867.551233
-9872,3000,195896.695692
-1888,3000,195925.634706
-8728,3000,195954.941025
-6624,3000,195985.350211
-10656,3000,196013.944806
-13784,3000,196043.365217
-7728,3000,196074.936585
-3552,3000,196104.706259
-10952,3000,196136.267461
-832,3000,196166.870953
-3744,3000,196194.518893
-11656,3000,196225.599382
-2472,3000,196254.95481
-8776,3000,196286.432306
-9728,3000,196314.177338
-8408,3000,196342.451264
-6920,3000,196374.742371
-10584,3000,196404.389686
-11560,3000,196433.680219
-7360,3000,196461.098158
-6624,3000,196493.015933
-7896,3000,196522.002337
-5360,3000,196551.424095
-4592,3000,196578.734183
-7688,3000,196607.050001
-7640,3000,196635.520179
-1536,3000,196667.097745
-6656,3000,196696.229759
-5680,3000,196726.086728
-9912,3000,196754.769239
-1760,3000,196783.876321
-13128,3000,196812.300221
-2880,3000,196839.80078
-1560,3000,196868.115561
-6744,3000,196897.82599
-4480,3000,196926.802896
-4744,3000,196955.28796
-12992,3000,196987.447265
-9544,3000,197015.794737
-1720,3000,197046.679283
-9712,3000,197075.921576
-6752,3000,197104.34564
-5960,3000,197135.622186
-5696,3000,197165.706537
-13656,3000,197195.123451
-7616,3000,197222.67692
-10656,3000,197254.697243
-13048,3000,197284.702863
-7720,3000,197451.37406
-9504,3000,197477.252184
-5856,3000,197507.29357
-2552,3000,197535.861679
-11464,3000,197566.524194
-5904,3000,197597.016813
-6920,3000,197624.847078
-9176,3000,197654.418472
-6608,3000,197686.388939
-7824,3000,197713.036459
-17176,3000,197744.140331
-7768,3000,197772.926857
-9728,3000,197806.096162
-3808,3000,197834.368302
-3584,3000,197863.372891
-4664,3000,197892.064276
-6728,3000,197922.515146
-9544,3000,197949.006669
-8688,3000,197980.010674
-11576,3000,198011.9605
-9488,3000,198042.977681
-6744,3000,198073.067693
-4960,3000,198103.262199
-6712,3000,198135.123109
-12472,3000,198172.661191
-8360,3000,198201.501561
-11648,3000,198232.465558
-9648,3000,198263.07208
-13712,3000,198291.140887
-5752,3000,198321.592968
-9520,3000,198349.895267
-4160,3000,198377.181682
-2728,3000,198405.057315
-4888,3000,198437.327201
-20432,3000,198465.089693
-4456,3000,198494.064623
-8792,3000,198522.206203
-14488,3000,198552.523632
-5760,3000,198579.003037
-5712,3000,198608.98547
-10568,3000,198637.686113
-3664,3000,198670.125814
-8208,3000,198698.419733
-7744,3000,198729.467242
-6528,3000,198758.324105
-7448,3000,198787.769338
-10664,3000,198817.812572
-1616,3000,198846.507428
-4728,3000,198878.012852
-5040,3000,198909.016257
-5000,3000,198938.756525
-3504,3000,198969.439938
-6984,3000,198997.154314
-5144,3000,199027.713271
-3920,3000,199055.999753
-10792,3000,199084.978915
-12624,3000,199114.819467
-10720,3000,199146.541451
-10560,3000,199174.760516
-8736,3000,199203.063247
-2544,3000,199233.206041
-11776,3000,199263.542358
-5408,3000,199295.05949
-6968,3000,199323.70587
-2680,3000,199351.787902
-3824,3000,199380.96647
-7488,3000,199566.488317
-2736,3000,199594.932269
-16600,3000,199623.301884
-8784,3000,199653.312697
-8192,3000,199683.291409
-2368,3000,199715.112746
-4680,3000,199744.486058
-7712,3000,199772.393987
-7792,3000,199801.805503
-8464,3000,199829.77029
-11600,3000,199858.453114
-11712,3000,199886.384077
-12232,3000,200001.839576
-3600,3000,200033.179542
-4376,3000,200064.813331
-10720,3000,200095.38358
-3568,3000,200125.201065
-1928,3000,200153.482927
-3768,3000,200183.756533
-4424,3000,200214.750735
-7576,3000,200241.13279
-7208,3000,200273.291927
-11584,3000,200304.379864
-6608,3000,200332.776443
-1728,3000,200359.398574
-7944,3000,200388.003492
-6360,3000,200416.813453
-11208,3000,200447.236008
-8392,3000,200476.01023
-12608,3000,200506.337845
-1872,3000,200535.942516
-10648,3000,200565.449705
-8576,3000,200595.41845
864,3000,200624.192006
-744,3000,200653.868835
-11776,3000,200683.793913
-6936,3000,200711.836696
-2888,3000,200741.493918
-14640,3000,200845.231864
-13992,3000,200874.366811
-4624,3000,200903.131114
-800,3000,200932.474342
-8816,3000,200960.305084
-3624,3000,200986.157647
400,3000,201014.661482
-5688,3000,201043.813424
-5456,3000,201072.34342
-3576,3000,201103.469331
-8600,3000,201131.926477
-12816,3000,201161.168011
-7960,3000,201190.97859
-9512,3000,201221.793629
-6112,3000,201253.377304
2464,3000,201282.29568
-3880,3000,201311.100123
-4568,3000,201339.064443
-9872,3000,201366.821766
-8392,3000,201397.068296
-9664,3000,201429.368595
-2616,3000,201458.066258
-2296,3000,201488.990186
-6616,3000,201518.420895
-11424,3000,201547.56825
-10920,3000,201578.302893
-16704,3000,201606.60767
-6712,3000,201636.359046
-7568,3000,201666.435322
-4256,3000,201802.304657
-5104,3000,201829.016879
-2960,3000,201858.251063
-14744,3000,201888.015763
-9160,3000,201916.516465
-7192,3000,201946.369043
-2560,3000,201975.927254
-5568,3000,202003.421166
-4544,3000,202033.01393
-12920,3000,202066.524192
-7696,3000,202094.250435
-2504,3000,202121.51498
-2512,3000,202151.615937
-10480,3000,202179.58953
-10712,3000,202209.988195
-1696,3000,202241.087254
-2672,3000,202269.652437
-14784,3000,202298.137023
-7872,3000,202332.681192
-32592,3000,202406.450419
-10664,3000,202435.227501
-11856,3000,202462.403853
-15552,3000,202490.773336
-14600,3000,202518.987238
-6648,3000,202547.31714
-6784,3000,202575.48498
-9528,3000,202605.256552
-5632,3000,202634.710962
-10488,3000,202663.05125
-11888,3000,202690.482678
-4624,3000,202720.846554
-8680,3000,202751.519069
-10504,3000,202777.270973
-5424,3000,202808.092995
-7632,3000,202836.17157
-7768,3000,202866.104982
-6600,3000,202896.002929
-760,3000,202924.621681
-7632,3000,202952.797168
-4752,3000,202982.068236
-12648,3000,203010.859285
-5736,3000,203039.638279
-5768,3000,203070.549187
-608,3000,203101.090509
-10776,3000,203131.254915
-8720,3000,203160.809292
-3072,3000,203191.539631
-8736,3000,203220.847715
-6840,3000,203249.941171
-11640,3000,203278.106583
-19488,3000,203308.428072
-6456,3000,203336.847458
-8752,3000,203364.88167
-7632,3000,203394.177377
-11456,3000,203421.669713
1216,3000,203452.642593
-12672,3000,203480.280046
-6880,3000,203510.85838
-8768,3000,203536.697407
-9920,3000,203565.452154
-9896,3000,203595.867402
-3624,3000,203626.665299
-7800,3000,203654.639066
-5904,3000,203686.154358
-4512,3000,203714.579882
-4608,3000,203745.122635
-9728,3000,203776.014596
-4776,3000,203937.971615
-7680,3000,203966.412641
1328,3000,203997.560311
-5672,3000,204026.515561
-7568,3000,204054.995353
-872,3000,204084.716468
-7544,3000,204118.022374
-6728,3000,204148.475694
-8576,3000,204177.313656
-5592,3000,204206.805198
-11488,3000,204237.958391
-6704,3000,204269.132393
-4776,3000,204299.175307
-8232,3000,204331.220454
-2688,3000,204360.245047
-9808,3000,204387.4672
-6560,3000,204415.812244
-7528,3000,204445.278365
-15840,3000,204473.487469
-8104,3000,204505.641437
-9520,3000,204537.009809
-13584,3000,204568.247403
-9760,3000,204597.654346
-6520,3000,204627.17301
-3528,3000,204656.073901
-1360,3000,204685.923187
-6744,3000,204712.082196
-7592,3000,204741.046345
-1768,3000,204771.5117
-12200,3000,204801.243642
-1680,3000,204829.866491
-1560,3000,204861.565188
-2512,3000,204889.219907
-14600,3000,204919.441987
-544,3000,204947.971113
-7720,3000,204979.40751
-11528,3000,205007.54743
-2760,3000,205037.509094
-10128,3000,205066.343493
-17704,3000,205099.938425
-1608,3000,205132.896948
-12880,3000,205160.392533
-7488,3000,205188.878031
-13992,3000,205296.455619
-10800,3000,205325.317502
-14808,3000,205357.352121
-4368,3000,205384.682022
-4752,3000,205414.016881
-6640,3000,205444.876901
-8744,3000,205474.448076
-2768,3000,205502.564702
-6600,3000,205533.062608
-11680,3000,205563.292039
-9720,3000,205595.64373
-14928,3000,205627.229968
-16712,3000,205655.944846
-6744,3000,205683.76985
-9184,3000,205713.743436
-7848,3000,205741.292156
-7896,3000,205771.440925
-3688,3000,205800.274916
-7776,3000,205826.602688
-4576,3000,205857.907527
-12480,3000,205883.994107
-5616,3000,205913.628981
-7832,3000,205948.678545
-11752,3000,206102.810089
-10824,3000,206133.387964
-6560,3000,206161.419887
-12704,3000,206190.862659
-19056,3000,206219.219488
-9640,3000,206247.467858
-1480,3000,206276.281914
-13520,3000,206303.688473
-10816,3000,206336.206403
-9456,3000,206365.103531
-15768,3000,206392.856616
-16680,3000,206421.184831
-13112,3000,206451.351627
-13552,3000,206481.678332
120,3000,206510.289099
-10360,3000,206540.931929
-6616,3000,206571.708445
-10560,3000,206601.60236
-4616,3000,206629.09964
-11696,3000,206658.521797
-10752,3000,206690.421255
-6640,3000,206719.658806
-10056,3000,206749.345544
-1936,3000,206778.560097
-4544,3000,206808.207918
-4632,3000,206835.09152
-6952,3000,206866.266198
-6600,3000,206894.80524
-9304,3000,206925.324554
-10648,3000,206956.323766
-2648,3000,206989.565838
-6400,3000,207020.355422
-8512,3000,207049.83593
-13600,3000,207080.241951
-11696,3000,207111.725047
-6664,3000,207142.729888
-15624,3000,207172.893187
-7888,3000,207203.037344
-6840,3000,207233.470913
-4848,3000,207264.248986
-11776,3000,207294.153966
-9064,3000,207328.842956
-9608,3000,207359.507286
-17888,3000,207393.369223
-1672,3000,207424.577886
-4576,3000,207456.641878
-10792,3000,207487.927072
-2424,3000,207518.330691
-20928,3000,207567.327768
-2544,3000,207597.791849
1248,3000,207626.777802
-4712,3000,207660.787932
-7848,3000,207691.147309
-2736,3000,207720.465866
-3880,3000,207749.400363
-14352,3000,207779.820353
-4200,3000,207808.211802
-5192,3000,207837.814048
-10176,3000,207868.444684
-8712,3000,207897.535998
-10384,3000,207926.891847
-7672,3000,207958.784136
-8952,3000,207990.754788
-11216,3000,208019.712062
-7800,3000,208047.17721
-7856,3000,208077.106777
-2464,3000,208108.970011
-9888,3000,208245.488518
-6840,3000,208277.482597
-3824,3000,208307.344136
-2648,3000,208334.55135
-11904,3000,208361.110423
-10520,3000,208393.448424
-6592,3000,208426.553917
-6896,3000,208452.857129
-8608,3000,208481.893253
-13464,3000,208514.958022
-6704,3000,208545.386244
-1496,3000,208576.262176
-10512,3000,208607.74901
-12536,3000,208635.878731
-10552,3000,208664.580038
-3776,3000,208692.119334
-7808,3000,208724.307742
-4552,3000,208753.461939
-2600,3000,208783.957312
-10568,3000,208813.271521
-7824,3000,208844.863237
-5640,3000,208876.651495
-2232,3000,208944.573655
400,3000,208972.772089
-2952,3000,208999.006027
-5672,3000,209030.646251
-4464,3000,209061.926792
-2752,3000,209091.904262
-5728,3000,209122.636093
-12696,3000,209150.835972
-6448,3000,209180.395681
-5528,3000,209206.771501
-5216,3000,209236.658755
-6856,3000,209265.009507
2472,3000,209294.750928
-8480,3000,209325.10289
-10072,3000,209354.149665
-9640,3000,209382.498123
-5192,3000,209412.974127
-4656,3000,209442.354827
440,3000,209472.143427
-17944,3000,209499.690229
-1000,3000,209529.16245
-4600,3000,209555.266073
-11240,3000,209587.589487
-8720,3000,209617.45242
-9512,3000,209647.833069
-12552,3000,209677.086074
-7704,3000,209706.96565
-11616,3000,209737.892188
-6568,3000,209767.107929
-3152,3000,209797.553553
-7720,3000,209827.140423
-4560,3000,209854.773823
-11544,3000,209884.539451
-6528,3000,209914.577388
-5328,3000,209944.751703
-8432,3000,209973.428505
-16760,3000,210003.671023
-7752,3000,210031.968677
-1760,3000,210058.712401
-12400,3000,210088.467513
-6792,3000,210118.51306
-2968,3000,210147.391616
-1536,3000,210177.864034
-7808,3000,210206.100971
-13464,3000,210232.092794
-11520,3000,210373.05761
64,3000,210402.722466
-4480,3000,210433.965909
-10552,3000,210459.983902
-9176,3000,210492.360439
-7136,3000,210519.801319
-12808,3000,210549.386677
-16584,3000,210575.409928
-4976,3000,210605.133172
-7616,3000,210634.254146
-4744,3000,210663.177692
368,3000,210692.958634
-12816,3000,210722.485701
-6624,3000,210752.2326
-632,3000,210780.08433
-13776,3000,210809.337738
-3656,3000,210839.503424
-7720,3000,210869.329097
-632,3000,210900.226903
-9856,3000,210930.542551
-8968,3000,210960.523169
-816,3000,210988.64167
864,3000,211017.664829
-4720,3000,211044.795653
-5720,3000,211074.892448
-10504,3000,211103.158432
-1768,3000,211134.30146
-6976,3000,211164.133094
-1400,3000,211194.946292
-8632,3000,211225.688943
-3640,3000,211253.887838
-10520,3000,211285.844959
-14464,3000,211314.421916
-14736,3000,211345.978704
-10712,3000,211375.002447
-9512,3000,211404.983271
-14752,3000,211433.134135
-6448,3000,211461.339428
-4472,3000,211491.458676
-9760,3000,211521.996672
-9416,3000,211552.409372
-8664,3000,211583.852627
-11496,3000,211613.229396
-5792,3000,211640.934249
-8768,3000,211668.29025
-7464,3000,211697.714495
-10088,3000,211729.167915
-15544,3000,211759.501512
-752,3000,211786.760814
-13552,3000,211815.451374
-12704,3000,211843.770173
-4912,3000,211871.118575
-4024,3000,211901.900236
-9216,3000,211930.731933
-21680,3000,211957.600016
-10616,3000,211989.446226
-9352,3000,212018.9865
-15816,3000,212050.834401
-8816,3000,212079.444117
-4632,3000,212109.932462
-11296,3000,212138.66468
-12184,3000,212167.961763
-11680,3000,212199.033222
-11632,3000,212226.721335
-5960,3000,212258.418041
-10656,3000,212286.398276
-9432,3000,212458.680013
-13416,3000,212489.621796
-6472,3000,212517.521294
-7408,3000,212544.077362
-6712,3000,212573.574476
-2712,3000,212606.182675
-11368,3000,212634.976951
-10544,3000,212663.505689
-2472,3000,212693.662557
-4984,3000,212722.256225
-9888,3000,212753.053865
-10528,3000,212785.443155
-11800,3000,212813.216074
-1432,3000,212843.478307
-12768,3000,212878.527601
-10672,3000,212907.420555
-7672,3000,212938.161546
-5672,3000,212969.613057
-12192,3000,212999.650554
-3248,3000,213029.726998
-2688,3000,213060.963911
-4432,3000,213089.830876
-7760,3000,213123.334364
-16320,3000,213153.913159
-2568,3000,213184.299591
-11696,3000,213215.814945
-2552,3000,213244.226917
-7704,3000,213274.78237
-6728,3000,213304.734647
-4584,3000,213334.223126
-12560,3000,213363.446717
-7688,3000,213395.399776
-3592,3000,213423.897969
-16832,3000,213563.783533
-7752,3000,213596.756932
-10552,3000,213624.187323
-6864,3000,213654.622263
-3696,3000,213682.017708
-3576,3000,213711.966383
-6864,3000,213738.786868
-9184,3000,213769.247181
-3856,3000,213802.256761
-6280,3000,213831.048511
-19656,3000,213862.444772
-14664,3000,213893.095476
-9792,3000,213922.42592
-1648,3000,213953.339391
-6744,3000,213983.910527
-2496,3000,214013.053347
-8696,3000,214041.143989
-2840,3000,214071.179509
-9864,3000,214100.223814
-5064,3000,214129.184061
-5336,3000,214157.087547
-5288,3000,214186.420367
-10368,3000,214215.658007
-10728,3000,214246.410938
-2920,3000,214275.402219
-5840,3000,214305.671337
-4840,3000,214335.975102
-8720,3000,214367.577977
-7712,3000,214396.062452
-13384,3000,214422.265396
-6848,3000,214450.935892
-6920,3000,214478.291712
-1488,3000,214508.624275
-2480,3000,214537.667811
-14624,3000,214699.325886
-6824,3000,214730.41307
-6088,3000,214762.229393
-6704,3000,214793.455108
-3832,3000,214823.699708
-5560,3000,214852.941764
-47544,3000,214935.478626
-2408,3000,214963.702658
-6816,3000,214993.58944
-11944,3000,215020.32609
-14032,3000,215051.624903
-6880,3000,215078.63404
-7736,3000,215108.565545
-4520,3000,215135.581974
-15768,3000,215165.929637
-6752,3000,215195.471592
-19552,3000,215224.372777
-55720,3000,215255.235677
-4816,3000,215282.273218
-4952,3000,215311.269625
-9984,3000,215340.8759
-14672,3000,215369.626977
-5616,3000,215397.384106
-4896,3000,215428.660689
-5480,3000,215456.219202
-9656,3000,215486.693915
-12176,3000,215518.016507
-5576,3000,215545.910197
-864,3000,215574.355571
-7584,3000,215603.531509
-6576,3000,215635.278365
-13864,3000,215664.650664
-7208,3000,215694.662398
-10736,3000,215722.787099
-2904,3000,215752.781833
-9640,3000,215782.573763
-10664,3000,215811.318274
-10992,3000,215840.444252
-9144,3000,215872.551682
-11360,3000,215903.193138
-14560,3000,215928.699347
-7504,3000,215958.772131
-1632,3000,215986.367442
-7248,3000,216016.394839
-3456,3000,216047.162638
-10944,3000,216076.093312
-6824,3000,216106.384276
-5656,3000,216133.475385
-5496,3000,216162.382051
-5776,3000,216194.050976
-13784,3000,216224.884251
1320,3000,216255.100117
-10528,3000,216281.957808
-6736,3000,216311.737947
-7760,3000,216341.466353
-5488,3000,216368.51955
-10072,3000,216398.24028
-664,3000,216429.116861
-15048,3000,216460.601312
-7712,3000,216490.594128
-15768,3000,216518.785936
-7944,3000,216549.601118
-8552,3000,216581.145394
-10704,3000,216610.016117
-3824,3000,216639.094966
-3784,3000,216669.873321
-7296,3000,216697.413311
-7144,3000,216847.316999
-7544,3000,216875.232795
-6672,3000,216903.224738
-12568,3000,216935.249221
-6472,3000,216964.873269
-19096,3000,216995.41724
-2888,3000,217023.361379
-9808,3000,217054.064248
256,3000,217083.11549
-8856,3000,217115.39357
-10464,3000,217145.158067
-15744,3000,217177.353862
-8424,3000,217205.695501
-13792,3000,217234.180737
-8576,3000,217262.219923
-6760,3000,217293.588377
-1616,3000,217323.422479
-6576,3000,217352.605894
-8640,3000,217381.444885
-8520,3000,217409.189846
-6744,3000,217438.701995
-15544,3000,217467.600205
-20784,3000,217501.590641
-13632,3000,217529.699398
-2544,3000,217558.885535
-8832,3000,217587.129803
-2408,3000,217616.05034
-21712,3000,217645.869789
-7632,3000,217674.812806
-48440,3000,217710.681985
-10680,3000,217736.923915
-7600,3000,217765.235158
-11600,3000,217794.951888
-11624,3000,217823.569552
-12632,3000,217853.531903
-20800,3000,217879.681441
-11632,3000,217907.304045
-4360,3000,217938.440141
-6664,3000,217966.831852
-3920,3000,217996.431575
-2696,3000,218026.87337
-6568,3000,218053.830207
1016,3000,218083.825541
-5608,3000,218109.759855
-28376,3000,218137.646969
-2648,3000,218167.012956
-4920,3000,218196.287904
-9680,3000,218224.532797
-11680,3000,218257.017266
-624,3000,218285.46919
-1640,3000,218314.352179
-14952,3000,218343.469956
-9776,3000,218372.408275
-1688,3000,218401.003159
-3952,3000,218432.144799
-5624,3000,218461.270114
-12648,3000,218489.382295
-4744,3000,218518.899586
-2072,3000,218548.048253
-5832,3000,218576.358805
-4608,3000,218609.574538
-5056,3000,218637.886571
-5720,3000,218668.006038
-7360,3000,218698.032794
-7888,3000,218731.814058
-3840,3000,218763.557196
-6056,3000,218928.882274
-7704,3000,218959.85591
-8464,3000,218989.475318
-4592,3000,219019.237574
-5792,3000,219052.253481
-8976,3000,219082.819112
-6752,3000,219113.170582
-2808,3000,219145.463329
440,3000,219174.890475
-5000,3000,219207.162325
-8488,3000,219245.571691
-14784,3000,219276.37292
-17760,3000,219308.031718
-10056,3000,219338.602751
-9632,3000,219368.875919
-7760,3000,219397.742903
-3744,3000,219426.266993
-8000,3000,219454.663729
-5680,3000,219482.751704
-7392,3000,219510.216285
-9568,3000,219538.484406
-9592,3000,219566.469705
-6704,3000,219594.850115
-4800,3000,219620.708356
-6680,3000,219649.702058
-8936,3000,219678.073915
-2264,3000,219706.837425
-5640,3000,219735.813651
-7752,3000,219765.578068
-9680,3000,219794.049219
-7712,3000,219825.140503
-6696,3000,219855.781619
-6624,3000,219885.509511
-1232,3000,219913.936984
-2712,3000,219944.972183
-7952,3000,219973.459263
-6552,3000,220004.017983
-4760,3000,220032.512133
-3576,3000,220061.413902
-5904,3000,220092.743155
-12640,3000,220121.996447
-8648,3000,220153.620718
-3856,3000,220183.629917
-6936,3000,220214.412208
-4672,3000,220244.091496
-1120,3000,220271.988324
-1752,3000,220302.043164
-9896,3000,220328.568251
-5368,3000,220358.062169
-11048,3000,220387.128982
-2504,3000,220415.732792
-3544,3000,220448.496752
-1816,3000,220486.042781
-13896,3000,220516.69044
-3840,3000,220547.415442
-10704,3000,220577.804818
-10200,3000,220608.412922
-19288,3000,220641.419413
-9896,3000,220670.703756
-13536,3000,220703.959581
-12592,3000,220734.172468
-9576,3000,220764.376943
-2512,3000,220796.609472
-9896,3000,220827.626857
-11608,3000,220857.256255
-25688,3000,220886.118491
-14656,3000,220914.918987
-10640,3000,221056.025885
-3088,3000,221082.777956
-10728,3000,221111.943797
-9824,3000,221140.912325
-6528,3000,221172.059352
-7680,3000,221200.463205
-15440,3000,221232.405735
-2624,3000,221259.661104
-11624,3000,221290.153367
-8752,3000,221320.467869
-11744,3000,221352.67307
-12344,3000,221384.947399
-6752,3000,221413.757592
-5616,3000,221443.010295
-13920,3000,221475.368608
-2568,3000,221503.957106
-6488,3000,221532.946098
-11872,3000,221562.783405
-7088,3000,221592.960291
-9768,3000,221622.23105
-9704,3000,221651.548902
-11760,3000,221681.142108
-6608,3000,221709.525592
-8576,3000,221741.378841
-12320,3000,221769.055246
-8600,3000,221796.478922
-10568,3000,221825.259513
-12752,3000,221854.085362
-5368,3000,221885.153945
-8184,3000,221915.777613
-5680,3000,221944.3104
-5776,3000,221973.115174
-592,3000,222002.838633
-9840,3000,222033.136528
-10896,3000,222059.88701
-12104,3000,222094.036143
-2784,3000,222118.489954
-5720,3000,222146.958004
-9152,3000,222177.170369
-17672,3000,222203.971921
-10736,3000,222234.047944
-13696,3000,222264.995688
-11688,3000,222293.436852
-6848,3000,222322.940942
-1576,3000,222350.778802
-10320,3000,222379.59997
-8808,3000,222410.132563
-20744,3000,222436.173564
-5448,3000,222465.211789
-11448,3000,222492.168212
-6712,3000,222522.187529
-2520,3000,222550.903444
-11504,3000,222580.053151
-12520,3000,222610.19638
-6320,3000,222640.741746
-7608,3000,222670.872681
-9768,3000,222699.201889
-11840,3000,222728.487809
-4560,3000,222757.500619
-1976,3000,222785.449422
-5888,3000,222813.517325
-14760,3000,222845.254575
-11768,3000,222872.641058
-1912,3000,222901.763306
-6768,3000,222933.322077
-11800,3000,222965.54888
-8912,3000,222994.388566
-12120,3000,223145.771053
-9808,3000,223172.274309
-11688,3000,223201.931217
-11512,3000,223232.980867
-2808,3000,223261.172373
-9568,3000,223293.003049
-4648,3000,223323.313657
1536,3000,223351.993468
4320,3000,223383.360195
-10608,3000,223413.709665
-1440,3000,223443.223867
-3736,3000,223473.502446
-5680,3000,223502.399923
-7688,3000,223531.530978
-2928,3000,223560.594968
-12744,3000,223590.958948
-16712,3000,223621.399399
-5568,3000,223649.561909
1440,3000,223678.383989
-2608,3000,223708.879256
-5776,3000,223741.172899
-12208,3000,223769.926606
-11576,3000,223802.252585
1360,3000,223833.272324
-8480,3000,223864.741732
-25896,3000,223932.244163
-13800,3000,223960.06779
-8600,3000,223988.637327
-7480,3000,224016.936932
-8160,3000,224049.773985
-6816,3000,224080.428659
-4672,3000,224110.015746
-7904,3000,224137.375285
-5576,3000,224166.295419
-8656,3000,224194.47368
-10856,3000,224226.140027
-8520,3000,224255.0733
-15280,3000,224282.303624
-5704,3000,224312.849217
-6512,3000,224343.171366
-3640,3000,224370.679198
-13768,3000,224402.120904
-3928,3000,224430.525019
-8440,3000,224459.421623
328,3000,224488.378338
-6576,3000,224517.876953
-12024,3000,224544.07201
-11520,3000,224575.357015
-15688,3000,224602.722708
-2712,3000,224631.441916
-8336,3000,224661.783671
-12784,3000,224693.634138
-6696,3000,224720.393615
-656,3000,224749.591962
-9824,3000,224777.638363
-6576,3000,224807.724849
-3240,3000,224836.113836
-4832,3000,224865.56052
-13632,3000,224894.828749
-5664,3000,224922.744641
-7864,3000,224948.482202
-7096,3000,224981.395588
-10240,3000,225009.661226
-3736,3000,225040.572083
-3536,3000,225069.227861
-7560,3000,225097.67818
-10680,3000,225275.146019
-1192,3000,225306.464074
-10704,3000,225337.478523
-11896,3000,225366.65769
-18560,3000,225397.606904
-8608,3000,225425.279661
-1592,3000,225456.664746
-6584,3000,225487.226492
-8832,3000,225519.545609
-7600,3000,225550.342099
-9800,3000,225576.767335
-6736,3000,225608.270314
-8872,3000,225636.023703
-1960,3000,225662.458832
-7696,3000,225692.254985
-6600,3000,225721.406266
-2752,3000,225749.425374
-3704,3000,225777.950998
-11864,3000,225808.301829
-5664,3000,225839.328761
-10648,3000,225868.344125
-12560,3000,225896.780579
-6960,3000,225928.391798
-3680,3000,225959.331082
-12368,3000,225989.179756
-10712,3000,226018.883752
-9488,3000,226047.405277
-12136,3000,226076.089421
-13400,3000,226105.965002
-9744,3000,226136.85312
-6840,3000,226169.554327
-2240,3000,226232.221881
-4592,3000,226263.32919
-2344,3000,226292.165404
-1680,3000,226321.285369
-3864,3000,226349.993922
-4728,3000,226379.243593
-7512,3000,226409.082785
-4712,3000,226436.025248
-8848,3000,226466.188562
-7320,3000,226497.84147
-2336,3000,226527.708556
-5336,3000,226553.585312
-3728,3000,226582.475229
-12592,3000,226614.196399
-11480,3000,226643.810551
-2496,3000,226674.081259
-15096,3000,226703.911523
-2888,3000,226732.721144
-9576,3000,226761.355294
-11600,3000,226791.697578
-8744,3000,226820.296351
-11624,3000,226847.922897
-8608,3000,226876.389048
-3640,3000,226903.954783
-9576,3000,226934.930024
-7592,3000,226962.885701
-728,3000,226993.740659
-10624,3000,227025.54109
-7784,3000,227055.546667
-44608,3000,227154.769352
-3384,3000,227185.541009
-3712,3000,227213.704128
-2536,3000,227242.327256
2256,3000,227271.981741
-9576,3000,227301.682606
-6880,3000,227330.592699
-5616,3000,227473.028224
-11544,3000,227502.775788
-8880,3000,227532.539294
-4640,3000,227562.531254
-10696,3000,227594.356612
-10224,3000,227623.750896
-5968,3000,227654.366239
-7976,3000,227681.862448
-6696,3000,227709.694558
-13528,3000,227739.964458
-14568,3000,227768.415676
-11632,3000,227798.384472
-7544,3000,227828.005121
984,3000,227857.220661
-7760,3000,227886.280262
-9688,3000,227915.111536
-12440,3000,227944.138629
-712,3000,227975.208187
-7192,3000,228008.274109
-10456,3000,228037.108652
-584,3000,228067.128178
-9576,3000,228096.73973
-7136,3000,228126.871423
-1632,3000,228156.39109
-17504,3000,228183.629036
-6672,3000,228212.446578
-2520,3000,228241.434343
-6672,3000,228272.198838
-12464,3000,228300.896464
-7536,3000,228330.182002
-5456,3000,228358.084242
-7744,3000,228389.227706
-5624,3000,228417.088148
-9840,3000,228446.991421
-8928,3000,228475.218741
-8304,3000,228507.002981
-18728,3000,228535.732412
-3496,3000,228565.32894
-3520,3000,228593.110329
-4696,3000,228621.765165
-15456,3000,228649.656023
-10696,3000,228680.142768
-10496,3000,228709.535823
-6664,3000,228740.638665
-8768,3000,228767.928234
-14648,3000,228792.530955
-5648,3000,228820.732878
-7648,3000,228852.208325
-1008,3000,228879.864107
280,3000,228910.63515
-8256,3000,228937.184075
-15568,3000,228966.649444
-5416,3000,228995.678283
-14856,3000,229024.760875
-512,3000,229053.819086
-8720,3000,229084.265727
-9608,3000,229112.028581
-4760,3000,229141.930504
-10480,3000,229170.441516
-4520,3000,229197.95652
-6616,3000,229226.278817
-9672,3000,229255.322221
-6224,3000,229284.178804
-6720,3000,229314.75705
-4832,3000,229343.762147
-8608,3000,229374.045049
-14648,3000,229404.287442
-8624,3000,229560.071975
-4576,3000,229590.262536
-9840,3000,229621.281004
-11568,3000,229648.905728
-12504,3000,229678.510218
-16688,3000,229708.005273
-2688,3000,229735.152306
-5872,3000,229765.362273
-2840,3000,229794.157545
-16728,3000,229824.736566
-14568,3000,229853.669672
-11720,3000,229883.804774
-9016,3000,229912.335168
-11776,3000,229943.142853
-13560,3000,229972.832899
-14048,3000,230002.634243
-3656,3000,230030.365357
-6544,3000,230057.701781
-7728,3000,230088.01626
-6712,3000,230118.714583
-11384,3000,230149.275747
-10824,3000,230182.122796
-2680,3000,230210.441908
-14720,3000,230240.298665
-6368,3000,230273.084964
-4712,3000,230304.09038
-13776,3000,230334.016158
-7712,3000,230362.371347
-9600,3000,230392.480344
-2600,3000,230422.232108
-11616,3000,230454.063057
-11480,3000,230488.580484
-6664,3000,230519.089664
-9792,3000,230548.45067
-13696,3000,230577.66416
-5568,3000,230608.388312
-9816,3000,230640.710487
-8696,3000,230670.28384
-7096,3000,230700.137203
-5728,3000,230731.391766
-2800,3000,230762.148561
-7568,3000,230793.857109
-11656,3000,230823.525232
-536,3000,230854.433373
-16576,3000,230884.02282
-10712,3000,230915.297682
-9632,3000,230944.549048
64,3000,230977.059157
-9160,3000,231006.508003
-3560,3000,231036.363829
-6608,3000,231067.373434
-4648,3000,231098.053638
-5576,3000,231129.310401
-8792,3000,231188.228508
-7728,3000,231217.823442
-7432,3000,231246.376489
-12592,3000,231273.040757
-13520,3000,231302.381083
-14512,3000,231329.983617
-102792,3000,231362.863911
-12472,3000,231391.771064
-3112,3000,231420.715609
-10616,3000,231452.330386
-12560,3000,231482.050628
424,3000,231510.248098
-6688,3000,231539.577575
-9728,3000,231675.111618
-14640,3000,231708.386734
-8840,3000,231735.729371
-8616,3000,231766.99185
-7752,3000,231797.435873
-2936,3000,231826.407043
-14344,3000,231854.008843
-4568,3000,231880.914438
-17184,3000,231911.656654
-8368,3000,231942.407007
-14664,3000,231970.372073
-3952,3000,231999.249892
-84800,3000,232036.033545
-2760,3000,232066.631733
-7600,3000,232096.785739
-5752,3000,232125.297979
-8832,3000,232155.313906
-6640,3000,232184.638983
-11776,3000,232214.32296
-12832,3000,232245.791334
-1936,3000,232273.504254
-16712,3000,232303.339949
-7632,3000,232334.727272
-11760,3000,232365.685503
-7904,3000,232394.507201
-10080,3000,232421.883964
-736,3000,232451.342993
-6504,3000,232481.630686
-8424,3000,232513.922098
-3536,3000,232545.151361
-6552,3000,232574.385461
-12736,3000,232604.968235
-8816,3000,232634.656417
-11800,3000,232664.624
-14576,3000,232694.370418
104,3000,232731.480479
-2672,3000,232761.702929
-7792,3000,232792.176431
-13848,3000,232822.139614
-6600,3000,232852.564234
-9312,3000,232880.468366
-7592,3000,232909.805136
-12824,3000,232939.855175
-11400,3000,232972.903995
-5096,3000,233002.553333
-12680,3000,233039.110636
-4632,3000,233069.314416
-2664,3000,233100.955933
-3584,3000,233131.224037
-10768,3000,233158.923496
-6496,3000,233189.608622
-9792,3000,233217.580141
-5688,3000,233248.679745
-6632,3000,233278.81934
-2592,3000,233307.773205
-7648,3000,233342.057323
-6616,3000,233369.942791
-4576,3000,233398.059333
-4680,3000,233426.14782
-3808,3000,233457.577106
-3424,3000,233488.345348
-7424,3000,233514.941173
-12776,3000,233546.195343
-11504,3000,233576.19295
-9464,3000,233605.400557
-3104,3000,233634.72723
-10624,3000,233665.493125
-7576,3000,233822.914877
-9520,3000,233851.916439
-13728,3000,233881.384296
-8672,3000,233907.555132
-10736,3000,233939.174305
-10560,3000,233968.69821
-14632,3000,233999.877581
-11040,3000,234028.425283
-12560,3000,234062.893429
-17688,3000,234094.180355
-3720,3000,234122.104838
-8704,3000,234153.311822
-10760,3000,234183.541299
-18224,3000,234209.742454
-7848,3000,234242.757828
-13888,3000,234273.793058
-16608,3000,234302.400469
-17784,3000,234332.103935
-12768,3000,234357.844128
-8672,3000,234391.139143
-7984,3000,234418.937325
-4544,3000,234451.092835
-8104,3000,234483.069838
-7704,3000,234518.700866
-8368,3000,234547.58095
-10160,3000,234577.074571
-5504,3000,234605.986259
-7712,3000,234633.778141
-3960,3000,234663.360653
-12592,3000,234691.288574
-11456,3000,234721.893613
-3568,3000,234749.426046
-6848,3000,234779.524543
-9568,3000,234812.427781
-11752,3000,234841.52664
-9800,3000,234868.298899
-8688,3000,234899.484563
-1736,3000,234928.573318
-15440,3000,234956.611864
-5552,3000,234984.519431
-8808,3000,235014.812221
-9432,3000,235044.890929
-5416,3000,235075.883458
-8552,3000,235106.828605
-5856,3000,235135.853451
-4704,3000,235166.146698
-9648,3000,235195.687855
-6288,3000,235225.793576
-5968,3000,235254.790179
-10976,3000,235283.728247
-13704,3000,235312.706952
-10824,3000,235343.323926
-8360,3000,235375.864648
-8816,3000,235404.321675
-6608,3000,235435.910034
-7640,3000,235469.087791
-4832,3000,235499.150416
-13680,3000,235528.304872
-1472,3000,235556.831183
-6808,3000,235586.492844
-16840,3000,235617.339186
-2568,3000,235649.707174
-12376,3000,235679.039638
-7440,3000,235707.37994
-19032,3000,235753.801669
-2488,3000,235781.322053
-13672,3000,235810.800825
-11728,3000,235971.347821
-2488,3000,236002.243043
-10792,3000,236032.417295
-7720,3000,236061.931183
-10776,3000,236089.13918
-13528,3000,236120.240881
-9768,3000,236152.074459
