#{"t_start": 1680175712.0948963, "env_id": null}
r,l,t
-418462,3000,14.454976
-371432,3000,27.7905
-372466,3000,40.773551
-349457,3000,53.561952
-392455,3000,66.664493
-357445,3000,79.848655
-360467,3000,92.83297
-359453,3000,105.649954
-370433,3000,118.787431
-367439,3000,131.929783
-390463,3000,146.026235
-386453,3000,158.203894
-368452,3000,170.548253
-365428,3000,183.012719
-330437,3000,195.576204
-372454,3000,208.492115
-377463,3000,221.383051
-360455,3000,234.033041
-402474,3000,246.277358
-389455,3000,258.661417
-400462,3000,272.308072
-394442,3000,285.329559
-369426,3000,298.504286
-365444,3000,310.415722
-350446,3000,323.454789
-363449,3000,335.826608
-333456,3000,347.935294
-375461,3000,360.469753
-364445,3000,373.279864
-345429,3000,386.023377
-405437,3000,399.049133
-407452,3000,412.310128
-374446,3000,425.727268
-366428,3000,438.316341
-356442,3000,451.430499
-370442,3000,464.423521
-351434,3000,477.769923
-392441,3000,491.435726
-367445,3000,503.45774
-352441,3000,516.167014
-388431,3000,528.900554
-348416,3000,542.556051
-365467,3000,557.273912
-411438,3000,570.367289
-366430,3000,583.25861
-361437,3000,595.576509
-355442,3000,608.421601
-372431,3000,621.46173
-401437,3000,634.315552
-378475,3000,646.924688
-351429,3000,659.380293
-376421,3000,672.002303
-373466,3000,684.661237
-359449,3000,697.669601
-375438,3000,710.284971
-348445,3000,724.824407
-370427,3000,738.106309
-381457,3000,751.436946
-347420,3000,764.130009
-358434,3000,777.442738
-368453,3000,789.888589
-346457,3000,802.96367
-390479,3000,816.585447
-324426,3000,829.992918
-374451,3000,843.717922
-352436,3000,857.134672
-347411,3000,878.743464
-341436,3000,891.274096
-367450,3000,903.682502
-355433,3000,916.818587
-330446,3000,929.22893
-364423,3000,941.833194
-358441,3000,954.00718
-361452,3000,965.629822
-366445,3000,977.759965
-353457,3000,990.338285
-381464,3000,1002.740121
-359439,3000,1014.967183
-366445,3000,1027.354172
-384459,3000,1040.051282
-405454,3000,1052.288425
-337443,3000,1065.011692
-383432,3000,1077.845225
-349437,3000,1090.256252
-339434,3000,1102.277359
-363432,3000,1114.617504
-354423,3000,1127.122803
-340471,3000,1139.69626
-387445,3000,1152.233734
-389451,3000,1164.605136
-326447,3000,1176.766183
-361400,3000,1189.52125
-351432,3000,1201.893233
-359450,3000,1214.598183
-342430,3000,1227.032295
-350433,3000,1239.125666
-389477,3000,1251.09503
-357424,3000,1263.480043
-376442,3000,1276.448039
-341455,3000,1289.128377
-366468,3000,1301.681577
-361437,3000,1314.346825
-334413,3000,1327.222131
-347442,3000,1338.938138
-366419,3000,1351.331104
-366452,3000,1364.540616
-346411,3000,1377.302056
-356433,3000,1390.125287
-357447,3000,1402.569936
-359441,3000,1415.529589
-372417,3000,1427.927599
-347429,3000,1440.473846
-373453,3000,1452.804221
-349453,3000,1464.90747
-345428,3000,1477.330702
-348436,3000,1489.61165
-344413,3000,1502.672469
-368434,3000,1516.112033
-366436,3000,1528.734628
-360420,3000,1541.140789
-350452,3000,1553.371778
-351433,3000,1566.288209
-400464,3000,1578.807083
-322431,3000,1591.19312
-354431,3000,1603.595949
-340422,3000,1616.099189
-349401,3000,1628.593703
-400428,3000,1641.307533
-359424,3000,1653.64558
-362444,3000,1665.867003
-348430,3000,1678.06721
-354437,3000,1690.319577
-332420,3000,1702.440124
-360414,3000,1723.403537
-323424,3000,1736.148348
-344410,3000,1748.549479
-345414,3000,1760.736457
-353442,3000,1772.461934
-359446,3000,1784.282831
-363414,3000,1797.145637
-334461,3000,1809.905046
-332434,3000,1821.616435
-360433,3000,1833.859305
-336431,3000,1846.006366
-316421,3000,1858.676403
-351417,3000,1870.692436
-352435,3000,1883.50281
-351441,3000,1896.270477
-350421,3000,1908.763749
-325404,3000,1920.870775
-361423,3000,1933.005079
-365441,3000,1945.92944
-345433,3000,1958.664521
-347427,3000,1970.487823
-353419,3000,1983.236066
-365435,3000,1995.53599
-396444,3000,2008.081494
-358425,3000,2020.691562
-345424,3000,2032.87499
-334408,3000,2044.605643
-344442,3000,2057.338795
-359422,3000,2069.56634
-315425,3000,2081.845635
-347434,3000,2093.710872
-358416,3000,2106.063195
-356422,3000,2118.338398
-366445,3000,2130.335834
-374434,3000,2142.738604
-338430,3000,2154.521787
-347402,3000,2166.370829
-335410,3000,2178.542783
-384435,3000,2190.678026
-360430,3000,2202.459872
-380441,3000,2214.788376
-346424,3000,2227.454812
-362421,3000,2240.006235
-329426,3000,2252.365186
-363434,3000,2264.672067
-331411,3000,2277.299559
-327429,3000,2290.117471
-358451,3000,2302.377215
-338420,3000,2314.557479
-340421,3000,2327.285539
-356429,3000,2339.054059
-322422,3000,2351.027266
-363408,3000,2363.887566
-341422,3000,2376.020104
-321395,3000,2387.55494
-323424,3000,2399.739021
-346427,3000,2412.226012
-349412,3000,2424.379625
-332454,3000,2436.700735
-343433,3000,2448.897089
-333426,3000,2461.069336
-319433,3000,2472.984862
-342407,3000,2485.160294
-356423,3000,2496.659242
-332409,3000,2509.366504
-306431,3000,2521.28874
-355425,3000,2533.244037
-319429,3000,2554.273603
-367386,3000,2566.784164
-351419,3000,2579.182999
-348408,3000,2591.359195
-330425,3000,2603.511702
-322442,3000,2615.437417
-338431,3000,2627.983871
-334407,3000,2640.275239
-337422,3000,2652.235576
-344409,3000,2664.373663
-323418,3000,2676.042908
-355421,3000,2689.291531
-327405,3000,2702.626256
-351423,3000,2716.105363
-341446,3000,2728.956277
-340413,3000,2741.592614
-373438,3000,2753.630711
-343424,3000,2765.131708
-337434,3000,2777.164256
-311419,3000,2789.679876
-342412,3000,2802.040018
-328422,3000,2814.31975
-310433,3000,2826.704927
-329398,3000,2839.027611
-337408,3000,2851.689068
-332401,3000,2863.561379
-347435,3000,2875.553375
-340452,3000,2887.782825
-337445,3000,2900.03242
-314405,3000,2912.102454
-335430,3000,2924.883912
-309397,3000,2937.391106
-321406,3000,2949.577976
-334451,3000,2962.313526
-341394,3000,2975.685894
-342433,3000,2988.098971
-299402,3000,2999.766146
-332407,3000,3012.277985
-334400,3000,3024.349349
-321408,3000,3036.720392
-322410,3000,3048.689414
-320414,3000,3061.188484
-337430,3000,3073.742174
-330409,3000,3085.474263
-328410,3000,3097.696939
-329388,3000,3109.604571
-327419,3000,3121.95295
-326438,3000,3134.410756
-345464,3000,3147.09558
-357441,3000,3159.625117
-311412,3000,3172.275816
-323409,3000,3184.701367
-306419,3000,3196.921656
-320408,3000,3209.522818
-287399,3000,3220.973616
-333428,3000,3232.985572
-325408,3000,3245.472135
-328428,3000,3257.469974
-348441,3000,3269.613808
-310400,3000,3281.85562
-328415,3000,3293.772512
-311414,3000,3305.810648
-330388,3000,3317.813366
-345429,3000,3329.163692
-318414,3000,3341.017548
-318393,3000,3353.217024
-294397,3000,3374.399898
-329415,3000,3386.310407
-278389,3000,3398.085124
-332443,3000,3410.507408
-345430,3000,3421.525175
-337440,3000,3434.766389
-360417,3000,3447.151344
-311407,3000,3459.145675
-332417,3000,3471.317498
-332436,3000,3483.35858
-324410,3000,3495.702863
-353446,3000,3507.995647
-310427,3000,3520.190644
-321424,3000,3532.515478
-330421,3000,3544.81431
-324416,3000,3556.891918
-333423,3000,3568.962302
-323389,3000,3581.12072
-296429,3000,3592.979449
-310397,3000,3605.316693
-317397,3000,3617.243055
-319441,3000,3629.078146
-303403,3000,3641.046078
-337406,3000,3653.156183
-291422,3000,3665.429724
-315413,3000,3677.080442
-342419,3000,3689.509788
-318427,3000,3700.847122
-328429,3000,3712.624316
-282403,3000,3724.703289
-305420,3000,3736.323906
-326416,3000,3748.400161
-326422,3000,3760.651513
-285427,3000,3772.779286
-317402,3000,3784.893765
-310402,3000,3796.843603
-339428,3000,3809.036162
-340391,3000,3821.141742
-323418,3000,3833.493916
-283382,3000,3845.767955
-318424,3000,3858.059827
-302395,3000,3869.892535
-311402,3000,3882.038347
-334416,3000,3894.29787
-316431,3000,3906.592297
-328388,3000,3918.817848
-327416,3000,3931.991371
-332418,3000,3945.261432
-336443,3000,3956.866619
-296398,3000,3969.262571
-300413,3000,3980.963664
-309392,3000,3992.860122
-326428,3000,4005.053361
-296406,3000,4016.811777
-310383,3000,4029.129216
-317394,3000,4041.630963
-270408,3000,4053.426017
-300407,3000,4065.38856
-299401,3000,4077.384182
-336407,3000,4089.323672
-318404,3000,4101.118901
-327400,3000,4113.080144
-289392,3000,4125.031204
-340451,3000,4136.50513
-308419,3000,4148.422363
-327403,3000,4160.580337
-307410,3000,4172.588015
-313428,3000,4193.978882
-294398,3000,4205.849018
-335409,3000,4217.811593
-271411,3000,4230.298944
-317405,3000,4243.454924
-322403,3000,4255.933635
-299403,3000,4268.538338
-303435,3000,4280.08842
-290419,3000,4291.81499
-295401,3000,4304.046689
-337403,3000,4315.515736
-318399,3000,4327.466823
-291415,3000,4339.236603
-277413,3000,4351.046251
-297378,3000,4363.187937
-327405,3000,4375.330883
-301416,3000,4387.323338
-295401,3000,4399.509182
-307404,3000,4411.473723
-284395,3000,4423.068349
-328414,3000,4435.466822
-299410,3000,4446.783781
-331404,3000,4458.875021
-320404,3000,4471.429132
-301432,3000,4483.669557
-291429,3000,4495.581239
-258389,3000,4507.967907
-289407,3000,4519.972818
-304420,3000,4531.481568
-298427,3000,4543.700317
-317402,3000,4556.3687
-305433,3000,4567.953864
-312424,3000,4580.467746
-296405,3000,4593.077884
-299408,3000,4605.596128
-324417,3000,4618.777329
-297398,3000,4631.34764
-331403,3000,4643.229323
-294416,3000,4655.223117
-284405,3000,4666.761864
-293399,3000,4678.709782
-292388,3000,4690.636456
-294424,3000,4702.73344
-303410,3000,4714.82835
-312430,3000,4727.027851
-289396,3000,4738.784244
-278411,3000,4750.879481
-304395,3000,4764.418995
-284382,3000,4776.859316
-301406,3000,4788.923502
-266399,3000,4800.107172
-296404,3000,4812.103913
-326412,3000,4824.022237
-287432,3000,4835.447569
-296424,3000,4847.198775
-321405,3000,4859.061498
-297413,3000,4870.988723
-335428,3000,4882.991957
-303409,3000,4895.700393
-276412,3000,4907.657496
-294391,3000,4919.517674
-301402,3000,4932.110969
-300426,3000,4943.659579
-328422,3000,4955.854138
-284409,3000,4967.9944
-282398,3000,4980.010289
-301391,3000,4992.256689
-296402,3000,5013.479142
-310412,3000,5025.60548
-311410,3000,5037.615631
-293396,3000,5049.903381
-301409,3000,5062.537965
-322416,3000,5074.149621
-303382,3000,5086.19053
-294399,3000,5098.794399
-253373,3000,5111.409425
-289410,3000,5123.381072
-293401,3000,5135.528703
-275419,3000,5148.2756
-289387,3000,5160.831535
-291407,3000,5172.442476
-275383,3000,5184.806175
-280398,3000,5196.397291
-287409,3000,5207.802332
-307424,3000,5220.058492
-290399,3000,5232.730762
-305413,3000,5245.000162
-312423,3000,5257.176681
-282408,3000,5269.577005
-312439,3000,5281.485168
-264398,3000,5293.016599
-282393,3000,5304.540784
-283389,3000,5315.725
-317405,3000,5327.987609
-271402,3000,5340.465263
-293430,3000,5352.338303
-271412,3000,5364.044411
-256396,3000,5375.994343
-297431,3000,5387.423679
-265400,3000,5398.870823
-278410,3000,5411.596103
-313430,3000,5423.566191
-286400,3000,5435.31242
-308405,3000,5447.451351
-295412,3000,5459.206247
-306404,3000,5471.356988
-316382,3000,5483.77361
-303408,3000,5495.393826
-310404,3000,5507.593948
-281397,3000,5519.693881
-288408,3000,5531.985317
-303406,3000,5545.030007
-305410,3000,5557.256066
-271409,3000,5568.902429
-323423,3000,5581.697009
-287406,3000,5593.442022
-291381,3000,5605.938983
-282403,3000,5617.819046
-260396,3000,5629.329471
-305427,3000,5641.138147
-279401,3000,5652.904705
-286401,3000,5664.878076
-305414,3000,5676.209805
-258415,3000,5687.41361
-293399,3000,5699.139231
-294422,3000,5710.849
-291397,3000,5722.379424
-278418,3000,5733.715775
-292419,3000,5745.173661
-275389,3000,5756.629388
-251402,3000,5768.903958
-303407,3000,5781.316215
-252409,3000,5792.855289
-303389,3000,5814.051566
-266397,3000,5826.269632
-300391,3000,5838.894514
-302396,3000,5851.445181
-318404,3000,5863.011778
-280391,3000,5875.123282
-283401,3000,5887.297646
-261389,3000,5898.667675
-281424,3000,5910.545768
-267390,3000,5923.012303
-275395,3000,5935.886872
-277412,3000,5948.075465
-255390,3000,5960.725189
-265407,3000,5972.529186
-265400,3000,5984.036484
-310423,3000,5995.777968
-266372,3000,6008.077685
-281413,3000,6019.808548
-286405,3000,6032.129617
-288429,3000,6044.890708
-277398,3000,6057.693247
-314421,3000,6069.568851
-292405,3000,6082.964757
-269415,3000,6095.240433
-253398,3000,6107.183634
-324411,3000,6120.246722
-280382,3000,6133.202097
-296401,3000,6145.906398
-283418,3000,6158.12728
-276415,3000,6170.700434
-288409,3000,6182.791173
-244363,3000,6194.874625
-275397,3000,6207.226905
-268381,3000,6218.69891
-271402,3000,6230.8389
-330411,3000,6242.975906
-279428,3000,6254.241847
-275379,3000,6266.54125
-272400,3000,6279.097535
-264381,3000,6290.648114
-276387,3000,6302.449589
-286399,3000,6314.227467
-286419,3000,6326.280338
-273412,3000,6338.789398
-288429,3000,6350.372863
-277377,3000,6361.883186
-227406,3000,6373.646281
-285393,3000,6385.576027
-281389,3000,6397.632408
-282407,3000,6409.790618
-277400,3000,6423.597583
-287391,3000,6435.466856
-266390,3000,6447.497175
-275408,3000,6460.293213
-293400,3000,6472.749039
-277398,3000,6484.760069
-265392,3000,6496.982144
-255407,3000,6508.714939
-285412,3000,6520.134397
-254371,3000,6531.681497
-246388,3000,6543.704985
-301428,3000,6555.442032
-244412,3000,6567.34276
-276393,3000,6580.484846
-275423,3000,6593.24022
-259411,3000,6605.402186
-281409,3000,6617.849398
-267386,3000,6638.619984
-272382,3000,6651.536511
-279407,3000,6665.025502
-264388,3000,6677.194525
-279430,3000,6688.920037
-259404,3000,6701.106346
-258412,3000,6712.767902
-273408,3000,6724.291553
-285409,3000,6737.067093
-252395,3000,6749.423878
-257386,3000,6761.281852
-264416,3000,6772.461485
-243390,3000,6784.30358
-248410,3000,6796.261008
-312414,3000,6809.099983
-262414,3000,6821.949477
-269389,3000,6834.247258
-284378,3000,6847.104636
-284408,3000,6859.61122
-262413,3000,6872.35192
-291417,3000,6885.405092
-233410,3000,6900.257951
-271383,3000,6913.17043
-282386,3000,6926.626943
-270375,3000,6939.328035
-260377,3000,6952.570718
-295406,3000,6965.480629
-287376,3000,6979.160049
-283392,3000,6991.742511
-267407,3000,7004.600095
-253408,3000,7017.63126
-282394,3000,7029.825646
-261385,3000,7042.391176
-260394,3000,7055.494775
-242413,3000,7068.622485
-261386,3000,7081.040366
-240409,3000,7093.193348
-261378,3000,7106.206427
-234396,3000,7119.434451
-258425,3000,7131.763972
-267401,3000,7144.026855
-296372,3000,7156.811023
-267402,3000,7169.340531
-266408,3000,7181.540026
-271402,3000,7194.295312
-266408,3000,7207.836959
-279404,3000,7220.873403
-244388,3000,7233.679425
-269396,3000,7246.174068
-255402,3000,7259.800728
-273405,3000,7273.191236
-257409,3000,7287.966852
-285409,3000,7304.347528
-267415,3000,7317.978562
-286401,3000,7332.447831
-263422,3000,7347.112707
-250406,3000,7362.075525
-240415,3000,7377.751209
-266383,3000,7391.85278
-273412,3000,7407.131273
-225401,3000,7422.702954
-259419,3000,7437.929553
-249383,3000,7452.610765
-246420,3000,7467.56475
-255386,3000,7481.630368
-259409,3000,7496.057292
-267430,3000,7510.194674
-249428,3000,7537.317197
-276407,3000,7552.100722
-265395,3000,7566.99465
-231376,3000,7582.489241
-277389,3000,7597.101525
-247401,3000,7611.96392
-274387,3000,7626.706915
-265415,3000,7641.118794
-237394,3000,7655.061394
-251410,3000,7668.867664
-270405,3000,7684.352537
-246414,3000,7698.752509
-263416,3000,7712.895683
-234388,3000,7728.563959
-270423,3000,7743.206089
-239387,3000,7759.31787
-258417,3000,7774.116313
-262405,3000,7788.105409
-256412,3000,7802.212063
-279415,3000,7817.533649
-245386,3000,7832.498647
-280410,3000,7846.147417
-245395,3000,7860.420503
-245397,3000,7875.910893
-242385,3000,7891.760816
-242392,3000,7907.667874
-235405,3000,7921.924717
-242410,3000,7935.642878
-239414,3000,7949.371318
-268385,3000,7963.444635
-253417,3000,7977.678265
-249414,3000,7991.669435
-249414,3000,8006.78853
-242396,3000,8020.18053
-253391,3000,8035.085439
-253398,3000,8048.833335
-240398,3000,8063.08883
-262398,3000,8076.8916
-245415,3000,8090.824437
-251386,3000,8104.204493
-222384,3000,8117.45947
-251398,3000,8131.467923
-258405,3000,8145.55635
-264404,3000,8161.830813
-244396,3000,8175.031729
-253371,3000,8189.584629
-238379,3000,8204.033081
-250418,3000,8218.362815
-286387,3000,8232.127995
-251408,3000,8245.986171
-246402,3000,8260.559347
-258417,3000,8274.311866
-261409,3000,8288.831105
-223404,3000,8303.204974
-238384,3000,8317.876463
-239370,3000,8330.644684
-256419,3000,8345.293479
-256418,3000,8358.404435
-219394,3000,8372.625598
-277411,3000,8581.730024
-248405,3000,8593.508953
-250402,3000,8605.210854
-238392,3000,8616.793559
-258422,3000,8628.076107
-251409,3000,8639.386396
-260417,3000,8651.205983
-271425,3000,8672.343279
-232392,3000,8683.791222
-229404,3000,8695.034544
-266425,3000,8707.602575
-246395,3000,8719.281689
-246393,3000,8730.84589
-247412,3000,8742.427033
-230394,3000,8754.199469
-240385,3000,8765.721233
-236397,3000,8777.293516
-231383,3000,8789.404342
-229414,3000,8800.868116
-256422,3000,8812.543023
-231403,3000,8824.324168
-254418,3000,8835.771014
-253388,3000,8847.465196
-249421,3000,8859.227818
-236404,3000,8870.920689
-262412,3000,8882.766205
-253378,3000,8894.704534
-240423,3000,8906.317433
-222410,3000,8918.347668
-236417,3000,8929.594984
-267412,3000,8941.665793
-266431,3000,8953.232134
-250426,3000,8965.04814
-262403,3000,8976.703945
-214404,3000,8988.024538
-232429,3000,8999.598778
-232390,3000,9011.104958
-234401,3000,9023.111189
-266434,3000,9035.522937
-228423,3000,9047.079308
-250409,3000,9059.108992
-235398,3000,9070.502183
-271404,3000,9083.027856
-243395,3000,9094.938606
-243370,3000,9106.423972
-229413,3000,9117.771614
-252389,3000,9129.062636
-240406,3000,9140.226645
-218414,3000,9151.299536
-222414,3000,9162.991989
-235379,3000,9175.321825
-243401,3000,9187.141484
-226416,3000,9198.902329
-234412,3000,9210.566881
-242393,3000,9222.631048
-258421,3000,9234.747257
-247407,3000,9246.232675
-228384,3000,9258.39499
-256427,3000,9270.386719
-237376,3000,9282.321182
-245414,3000,9294.82669
-228407,3000,9306.353421
-230411,3000,9317.838784
-252444,3000,9329.847799
-249404,3000,9341.785064
-253427,3000,9353.50301
-238420,3000,9365.347221
-208401,3000,9377.268768
-233428,3000,9389.081629
-237412,3000,9400.884662
-234406,3000,9412.909693
-224409,3000,9424.184637
-265438,3000,9435.77525
-228426,3000,9447.364153
-223414,3000,9468.670533
-224427,3000,9480.505162
-263420,3000,9492.497607
-234415,3000,9504.094535
-235412,3000,9515.59123
-226430,3000,9527.243609
-230401,3000,9538.770732
-228401,3000,9550.454984
-254414,3000,9562.494802
-219402,3000,9574.435364
-238414,3000,9585.852248
-255414,3000,9597.968579
-236426,3000,9609.428036
-255414,3000,9621.534225
-224409,3000,9633.560508
-231450,3000,9645.193132
-241444,3000,9657.220243
-214428,3000,9669.292499
-219411,3000,9681.291151
-239396,3000,9692.688986
-235429,3000,9704.423206
-225415,3000,9716.508122
-232404,3000,9727.781115
-220412,3000,9739.725936
-231419,3000,9751.809958
-218435,3000,9763.141439
-248429,3000,9774.454632
-227419,3000,9785.920892
-236430,3000,9798.15057
-221421,3000,9810.525822
-249442,3000,9822.529955
-255430,3000,9834.906873
-246421,3000,9846.378015
-255418,3000,9858.482903
-237452,3000,9870.391566
-255419,3000,9882.001986
-207424,3000,9893.599423
-258420,3000,9905.643181
-253440,3000,9917.637316
-243429,3000,9929.626043
-231439,3000,9941.169238
-211394,3000,9952.89755
-217428,3000,9965.754741
-238447,3000,9977.662624
-230411,3000,9989.475624
-231428,3000,10001.140259
-229433,3000,10013.120677
-237440,3000,10025.416526
-225446,3000,10037.389846
-228453,3000,10049.46261
-227436,3000,10061.178994
-235423,3000,10073.525228
-231462,3000,10085.148518
-220420,3000,10097.07486
-207411,3000,10108.915184
-254460,3000,10120.592129
-241427,3000,10132.823524
-240447,3000,10145.295381
-224397,3000,10157.209973
-244453,3000,10169.347806
-216425,3000,10181.16587
-222428,3000,10193.294427
-215459,3000,10205.321841
-234447,3000,10217.627161
-236443,3000,10229.43723
-234438,3000,10241.559932
-237420,3000,10253.618281
-227457,3000,10276.088015
-236444,3000,10287.852979
-213422,3000,10299.495947
-228424,3000,10311.992632
-208420,3000,10323.887182
-252462,3000,10335.890729
-221412,3000,10347.675483
-228454,3000,10359.608169
-218433,3000,10371.56284
-188432,3000,10383.707006
-223431,3000,10395.852477
-228434,3000,10407.685375
-243430,3000,10420.018173
-196456,3000,10432.241838
-239449,3000,10444.335599
-242452,3000,10456.800883
-226452,3000,10468.615879
-203434,3000,10480.629712
-225458,3000,10492.449895
-195443,3000,10504.522014
-214432,3000,10516.809457
-213454,3000,10528.848733
-216436,3000,10541.18838
-225460,3000,10553.42907
-242449,3000,10565.975004
-217428,3000,10578.394999
-213425,3000,10590.803521
-234434,3000,10603.490392
-232472,3000,10615.584153
-234472,3000,10627.489645
-220457,3000,10639.495989
-220454,3000,10651.601735
-229425,3000,10663.648204
-231445,3000,10675.757035
-257449,3000,10688.325124
-204463,3000,10700.749002
-219454,3000,10712.899415
-235458,3000,10725.115588
-232462,3000,10737.671624
-212461,3000,10749.717628
-236451,3000,10762.162288
-206450,3000,10773.90244
-245449,3000,10786.239607
-218481,3000,10798.455561
-220469,3000,10810.509499
-240456,3000,10823.214878
-191449,3000,10834.94354
-245431,3000,10847.476765
-207459,3000,10859.529477
-198473,3000,10871.821297
-243477,3000,10883.96553
-250456,3000,10896.225185
-235478,3000,10908.165576
-202458,3000,10919.838033
-224471,3000,10932.103124
-221447,3000,10944.387973
-243457,3000,10956.359206
-211470,3000,10968.261166
-218458,3000,10981.030282
-183443,3000,10993.779318
-243444,3000,11006.494092
-234462,3000,11019.052621
-213466,3000,11031.909466
-213467,3000,11044.067407
-219475,3000,11056.144392
-217449,3000,11067.875492
-214480,3000,11090.44789
-219446,3000,11102.933851
-213466,3000,11115.053969
-209450,3000,11127.849222
-226460,3000,11140.421059
-193472,3000,11152.964929
-195442,3000,11165.339899
-212460,3000,11177.40465
-242458,3000,11190.391449
-217482,3000,11202.373348
-200484,3000,11214.841495
-232501,3000,11227.337982
-204466,3000,11239.58656
-225485,3000,11251.926638
-218449,3000,11264.44234
-208481,3000,11276.792821
-205443,3000,11289.824314
-167456,3000,11302.433151
-227484,3000,11314.711023
-230465,3000,11326.703582
-219476,3000,11339.147778
-241468,3000,11351.669772
-218458,3000,11364.50255
-215462,3000,11376.768615
-228487,3000,11389.916088
-218472,3000,11402.227178
-239459,3000,11414.810844
-211459,3000,11426.961163
-192469,3000,11439.29855
-206443,3000,11451.424575
-209481,3000,11464.09756
-227478,3000,11476.580885
-195450,3000,11488.87292
-210478,3000,11501.635835
-193445,3000,11514.569054
-206448,3000,11526.986358
-193479,3000,11538.951245
-240479,3000,11551.709452
-195437,3000,11563.939183
-216458,3000,11576.29534
-200471,3000,11588.990246
-213470,3000,11601.664527
-207457,3000,11613.936517
-215466,3000,11626.162261
-220455,3000,11638.666874
-224449,3000,11650.961221
-227446,3000,11663.393827
-208466,3000,11675.490268
-194497,3000,11687.801767
-205461,3000,11700.211117
-224482,3000,11712.717164
-197462,3000,11725.258261
-183480,3000,11736.900282
-216464,3000,11749.272598
-207454,3000,11761.683892
-217435,3000,11774.070561
-189458,3000,11786.996421
-206489,3000,11800.006372
-205482,3000,11812.522036
-200443,3000,11824.825731
-198493,3000,11837.757764
-210468,3000,11850.297453
-190458,3000,11862.930825
-204457,3000,11875.197728
-214484,3000,11887.88461
-222479,3000,11900.619226
-224457,3000,11912.777929
-213473,3000,11936.082247
-210484,3000,11948.776648
-188457,3000,11961.079242
-199452,3000,11973.21134
-204467,3000,11985.674685
-238473,3000,11997.901557
-209467,3000,12010.240406
-243489,3000,12022.738763
-196480,3000,12035.108218
-213482,3000,12047.204544
-215459,3000,12059.561889
-206476,3000,12072.54639
-195481,3000,12084.750953
-222474,3000,12096.681201
-208469,3000,12108.583671
-208492,3000,12120.854923
-217490,3000,12133.159927
-205474,3000,12145.244631
-207476,3000,12157.047275
-224468,3000,12168.846039
-224473,3000,12181.316845
-197459,3000,12193.709978
-187469,3000,12206.238461
-226474,3000,12218.856316
-217497,3000,12230.99248
-196464,3000,12243.477982
-205470,3000,12256.055886
-187464,3000,12268.792093
-218464,3000,12281.853815
-186475,3000,12294.198229
-192449,3000,12306.742999
-228477,3000,12319.453598
-189473,3000,12331.642202
-213465,3000,12343.987869
-191451,3000,12356.956098
-201465,3000,12369.624663
-202463,3000,12382.351238
-199483,3000,12394.092264
-223481,3000,12406.390079
-214439,3000,12418.818533
-193497,3000,12431.109808
-200471,3000,12443.104389
-197441,3000,12455.686156
-218484,3000,12468.352813
-210481,3000,12480.738967
-206492,3000,12493.280998
-173471,3000,12505.786998
-203452,3000,12518.725314
-207471,3000,12531.282218
-189448,3000,12543.80793
-213485,3000,12556.082537
-204472,3000,12568.902008
-200453,3000,12581.769437
-188464,3000,12594.515607
-218480,3000,12606.945517
-189469,3000,12619.113491
-215463,3000,12632.048469
-168442,3000,12644.556443
-175440,3000,12656.719107
-191472,3000,12668.798596
-210463,3000,12681.796652
-199476,3000,12694.29871
-184467,3000,12707.085858
-207491,3000,12719.561715
-211479,3000,12732.112068
-200451,3000,12743.979882
-194476,3000,12756.393928
-198464,3000,12779.01707
-215474,3000,12791.399755
-182445,3000,12803.547776
-188458,3000,12815.874917
-181475,3000,12828.281795
-191450,3000,12841.173018
-209455,3000,12853.50938
-195444,3000,12866.525624
-201490,3000,12879.028845
-181460,3000,12891.499371
-174455,3000,12904.24684
-216465,3000,12917.192011
-191471,3000,12929.282243
-210453,3000,12942.071868
-187473,3000,12954.682438
-195476,3000,12966.990854
-172467,3000,12979.47026
-206472,3000,12992.512024
-184475,3000,13004.888044
-209474,3000,13017.45646
-178466,3000,13030.725732
-194461,3000,13043.706246
-176456,3000,13056.589667
-196453,3000,13069.045302
-181478,3000,13081.730392
-184459,3000,13094.295827
-200456,3000,13106.820313
-192483,3000,13118.763675
-180494,3000,13131.490741
-218465,3000,13143.616578
-191475,3000,13156.178782
-198475,3000,13168.585133
-205468,3000,13181.166438
-175448,3000,13193.701055
-221463,3000,13207.214366
-176424,3000,13220.089098
-200461,3000,13232.817839
-199451,3000,13245.263067
-197468,3000,13257.677026
-189456,3000,13269.920365
-184437,3000,13282.270117
-196469,3000,13294.232355
-186457,3000,13306.867221
-206469,3000,13319.728592
-196463,3000,13332.135726
-174470,3000,13344.745354
-198447,3000,13357.223475
-172467,3000,13370.052489
-180445,3000,13382.912136
-184482,3000,13395.109017
-203472,3000,13407.631329
-187474,3000,13419.799314
-204450,3000,13432.751161
-177460,3000,13444.991373
-195483,3000,13457.028305
-202439,3000,13469.657871
-178461,3000,13481.838974
-167458,3000,13494.785055
-169483,3000,13506.886135
-198496,3000,13519.493663
-165446,3000,13532.238097
-192457,3000,13544.992085
-175448,3000,13557.114038
-209465,3000,13569.833056
-187451,3000,13582.266257
-178448,3000,13595.047777
-172443,3000,13618.418833
-170462,3000,13631.28266
-176479,3000,13643.864947
-169475,3000,13656.101615
-162464,3000,13667.991449
-180444,3000,13681.097509
-174459,3000,13693.776656
-178485,3000,13706.521578
-189478,3000,13719.151578
-172486,3000,13731.778769
-158467,3000,13744.746397
-168498,3000,13757.197131
-160464,3000,13769.821609
-170481,3000,13782.983107
-160435,3000,13795.499138
-167437,3000,13808.209471
-172464,3000,13820.949461
-186466,3000,13833.297182
-196480,3000,13845.741173
-200461,3000,13858.872362
-191478,3000,13871.733533
-165457,3000,13884.506529
-170494,3000,13897.125772
-180463,3000,13910.52076
-204452,3000,13922.785046
-179473,3000,13935.010469
-204480,3000,13948.286693
-160454,3000,13960.860327
-187503,3000,13973.946759
-178483,3000,13986.406586
-186470,3000,13998.513976
-164457,3000,14011.98627
-167449,3000,14024.31972
-173483,3000,14036.744837
-194502,3000,14049.455576
-165494,3000,14062.640852
-183469,3000,14075.74179
-163447,3000,14088.146451
-200472,3000,14101.36891
-154470,3000,14113.93834
-167481,3000,14126.746365
-173482,3000,14139.295696
-172467,3000,14151.814627
-172452,3000,14164.703749
-192468,3000,14177.330559
-172518,3000,14189.728978
-197474,3000,14202.470744
-202480,3000,14214.865995
-166479,3000,14227.814162
-173456,3000,14240.510428
-184475,3000,14252.725892
-183487,3000,14265.659883
-166456,3000,14278.425879
-189467,3000,14291.466567
-206478,3000,14303.89329
-146446,3000,14316.439959
-175482,3000,14329.302518
-193503,3000,14341.947226
-197499,3000,14354.657177
-161455,3000,14367.080591
-188484,3000,14380.381406
-162480,3000,14393.370468
-199500,3000,14405.86879
-148453,3000,14418.364296
-178497,3000,14431.687769
-160478,3000,14444.425204
-177474,3000,14456.819905
-137472,3000,14479.982172
-158494,3000,14492.413614
-141483,3000,14505.60617
-161482,3000,14518.879033
-156479,3000,14531.042678
-177508,3000,14545.309396
-157496,3000,14558.007823
-178476,3000,14571.300931
-182475,3000,14584.759446
-152482,3000,14598.046262
-155462,3000,14611.003571
-169488,3000,14623.758573
-166489,3000,14636.658081
-188489,3000,14649.88213
-186476,3000,14662.121334
-161470,3000,14675.106577
-150480,3000,14687.732723
-181494,3000,14700.448022
-170496,3000,14713.182132
-162486,3000,14725.794208
-178479,3000,14738.775285
-190503,3000,14751.584207
-171476,3000,14764.447028
-168469,3000,14777.705426
-149468,3000,14789.8592
-181485,3000,14802.920941
-192480,3000,14815.870977
-168484,3000,14829.26395
-185473,3000,14842.275477
-157490,3000,14855.21024
-170453,3000,14868.075918
-177532,3000,14880.971529
-168459,3000,14893.740358
-161480,3000,14907.094816
-167504,3000,14920.453501
-167466,3000,14933.415922
-163501,3000,14946.030063
-156501,3000,14958.814002
-169487,3000,14972.1678
-174517,3000,14985.165489
-174511,3000,14998.903518
-176505,3000,15011.885386
-180494,3000,15025.220485
-162508,3000,15038.773323
-162485,3000,15051.447219
-161464,3000,15064.647725
-174511,3000,15077.783403
-192510,3000,15091.125147
-150500,3000,15104.54964
-146479,3000,15118.760394
-166462,3000,15131.553542
-145457,3000,15144.811431
-178513,3000,15157.751112
-161479,3000,15170.698142
-158487,3000,15183.345982
-157491,3000,15196.315839
-148516,3000,15209.724901
-164472,3000,15222.361483
-170493,3000,15235.387276
-167508,3000,15248.53289
-157512,3000,15261.683515
-144482,3000,15274.245839
-176500,3000,15286.941929
-157490,3000,15300.579258
-163456,3000,15313.361562
-170460,3000,15326.75066
-168499,3000,15339.735403
-156482,3000,15364.003665
-160490,3000,15377.269377
-157493,3000,15390.328329
-150514,3000,15403.66135
-156486,3000,15416.558756
-177490,3000,15429.387125
-145498,3000,15442.541651
-170528,3000,15455.734582
-155486,3000,15469.350665
-134457,3000,15482.105903
-137477,3000,15495.764307
-151491,3000,15509.344286
-148493,3000,15521.697448
-158496,3000,15534.666713
-156484,3000,15547.913993
-169511,3000,15561.207109
-150494,3000,15574.684082
-148475,3000,15588.236737
-167515,3000,15601.232223
-149482,3000,15614.248513
-153484,3000,15627.18827
-160514,3000,15639.773118
-150469,3000,15653.380744
-177509,3000,15666.853374
-156493,3000,15680.298129
-145489,3000,15693.539468
-150502,3000,15707.3485
-155499,3000,15720.762972
-186483,3000,15734.383074
-160470,3000,15747.456911
-144490,3000,15760.710658
-169485,3000,15773.351825
-156479,3000,15786.870023
-161485,3000,15799.634095
-159490,3000,15813.502082
-145479,3000,15826.253253
-162467,3000,15839.927829
-156481,3000,15853.828683
-127512,3000,15866.703976
-164506,3000,15879.657552
-172492,3000,15893.215585
-162523,3000,15906.711439
-169509,3000,15920.355047
-167506,3000,15933.766087
-171511,3000,15947.097146
-173471,3000,15960.713946
-159495,3000,15974.084013
-164514,3000,15987.004289
-168513,3000,16000.590504
-166486,3000,16013.845035
-137513,3000,16027.034015
-160484,3000,16040.021417
-156498,3000,16053.407827
-177525,3000,16066.59093
-157509,3000,16079.595303
-149505,3000,16092.963079
-138507,3000,16105.95325
-135474,3000,16119.607284
-161512,3000,16132.852628
-146487,3000,16146.488585
-131505,3000,16159.480508
-175511,3000,16173.187875
-149528,3000,16186.435319
-152504,3000,16199.970198
-154517,3000,16213.252671
-150511,3000,16226.61727
-169525,3000,16252.448869
-168526,3000,16265.835238
-153504,3000,16278.213552
-140524,3000,16291.328712
-135494,3000,16304.16731
-147503,3000,16316.98928
-147500,3000,16330.480538
-132533,3000,16344.07348
-150509,3000,16357.783344
-148469,3000,16370.748147
-148488,3000,16383.464506
-125499,3000,16396.566698
-151492,3000,16409.62363
-162475,3000,16423.077378
-145485,3000,16436.406933
-162499,3000,16449.532877
-155500,3000,16463.222109
-166498,3000,16476.219995
-135492,3000,16489.951809
-125499,3000,16503.762306
-146507,3000,16517.3331
-144506,3000,16530.673645
-153497,3000,16543.230048
-157537,3000,16556.62719
-132498,3000,16569.970373
-168510,3000,16583.487592
-155507,3000,16596.847635
-130500,3000,16610.925678
-149505,3000,16624.785873
-133501,3000,16638.298714
-128502,3000,16651.824518
-137495,3000,16664.930631
-145500,3000,16678.374212
-170537,3000,16691.637165
-144483,3000,16705.095159
-150514,3000,16718.065577
-134539,3000,16731.293069
-127497,3000,16744.397588
-158528,3000,16758.03959
-137505,3000,16772.054672
-148496,3000,16785.777488
-146513,3000,16799.413984
-148500,3000,16812.697963
-148512,3000,16826.379552
-140544,3000,16839.976272
-151517,3000,16853.704661
-143470,3000,16866.747256
-154525,3000,16880.40634
-143506,3000,16894.031531
-127509,3000,16907.80647
-144530,3000,16921.947453
-143520,3000,16935.351844
-131539,3000,16948.901629
-154493,3000,16962.015248
-135516,3000,16975.470089
-163503,3000,16988.886076
-137529,3000,17003.311997
-145509,3000,17016.656842
-139525,3000,17029.907816
-149535,3000,17043.591326
-146527,3000,17057.564512
-131524,3000,17071.53806
-145482,3000,17085.360863
-159511,3000,17098.880002
-156531,3000,17112.983896
-142493,3000,17126.252145
-139512,3000,17139.910571
-111487,3000,17165.216232
-138520,3000,17179.200377
-141483,3000,17192.84186
-131491,3000,17206.44077
-155512,3000,17220.134467
-149527,3000,17234.174155
-142513,3000,17248.14991
-143508,3000,17262.131997
-138537,3000,17275.906693
-138508,3000,17289.350439
-165513,3000,17302.937376
-146529,3000,17316.917598
-133511,3000,17330.569695
-143541,3000,17344.563093
-126501,3000,17358.125545
-142548,3000,17371.381191
-164513,3000,17385.858603
-143480,3000,17398.913874
-156530,3000,17413.353363
-128525,3000,17426.921453
-126536,3000,17440.832222
-134516,3000,17454.886937
-133510,3000,17468.815364
-129538,3000,17482.826359
-138496,3000,17496.524662
-143483,3000,17510.399123
-134517,3000,17523.718331
-134544,3000,17537.293966
-145506,3000,17551.674672
-109501,3000,17565.241724
-153493,3000,17578.901611
-135533,3000,17593.063601
-127529,3000,17606.499339
-133490,3000,17619.520826
-129512,3000,17632.916102
-136548,3000,17647.036205
-134518,3000,17660.864284
-140477,3000,17673.858626
-142489,3000,17687.540138
-129521,3000,17701.948065
-134511,3000,17716.015218
-128531,3000,17729.674198
-131536,3000,17743.903948
-124523,3000,17757.347005
-129534,3000,17771.218069
-139537,3000,17784.543894
-126523,3000,17798.664253
-110481,3000,17812.756282
-115519,3000,17826.713319
-136493,3000,17840.995969
-122476,3000,17854.402435
-138483,3000,17867.918135
-123545,3000,17882.169687
-162513,3000,17896.03216
-123511,3000,17909.800331
-123523,3000,17924.01156
-113508,3000,17937.473774
-144511,3000,17951.113361
-127504,3000,17964.857322
-120545,3000,17978.700686
-124525,3000,17992.750176
-123489,3000,18006.770821
-132520,3000,18020.612815
-130526,3000,18034.194066
-124507,3000,18047.921135
-118511,3000,18061.884392
-156536,3000,18076.001554
-123500,3000,18100.686424
-116500,3000,18114.162501
-158528,3000,18127.697813
-127510,3000,18141.093774
-117493,3000,18154.710401
-118492,3000,18168.470244
-146550,3000,18182.830644
-142522,3000,18197.297453
-116533,3000,18211.346296
-138535,3000,18225.66397
-125522,3000,18239.381604
-113500,3000,18252.528602
-123502,3000,18265.695171
-133546,3000,18280.064294
-129528,3000,18293.891107
-124507,3000,18307.705496
-119517,3000,18322.012666
-124518,3000,18335.533493
-121564,3000,18350.011369
-131536,3000,18363.815239
-118549,3000,18378.906027
-141528,3000,18393.025028
-119473,3000,18406.768976
-131510,3000,18420.734838
-124481,3000,18434.103809
-118516,3000,18447.771851
-106508,3000,18461.886373
-119545,3000,18476.224769
-124585,3000,18490.234997
-113526,3000,18504.815858
-145551,3000,18519.127693
-114513,3000,18533.261376
-120502,3000,18547.271477
-122518,3000,18561.383962
-145541,3000,18574.897233
-133530,3000,18588.927368
-134539,3000,18603.156514
-113502,3000,18616.73231
-108535,3000,18632.204011
-125559,3000,18645.782075
-113554,3000,18660.368035
-124530,3000,18674.124999
-137497,3000,18687.744455
-129548,3000,18701.987972
-123502,3000,18715.77404
-131489,3000,18729.440097
-128545,3000,18743.409881
-121493,3000,18756.745437
-101514,3000,18770.848398
-131523,3000,18784.83325
-113525,3000,18798.783505
-107522,3000,18812.879678
-114555,3000,18827.134033
-121500,3000,18841.312917
-129544,3000,18856.117439
-103565,3000,18870.485882
-116539,3000,18884.825794
-121523,3000,18899.111422
-111518,3000,18913.511214
-125507,3000,18927.821399
-117521,3000,18941.39033
-114513,3000,18955.364781
-105520,3000,18969.551105
-119503,3000,18983.427462
-117541,3000,18996.727743
-110539,3000,19011.499791
-113503,3000,19035.774716
-126544,3000,19050.895403
-118504,3000,19065.262312
-98555,3000,19079.647507
-112516,3000,19093.87624
-124507,3000,19107.572707
-102515,3000,19121.511331
-94510,3000,19135.380163
-110493,3000,19149.510765
-110525,3000,19163.743112
-136536,3000,19177.051791
-123536,3000,19190.883006
-136509,3000,19204.776316
-106482,3000,19218.169713
-109510,3000,19232.422482
-120514,3000,19246.902763
-130522,3000,19261.228659
-111535,3000,19274.992618
-116512,3000,19289.014529
-108505,3000,19303.388346
-86512,3000,19317.641217
-110504,3000,19331.186232
-122514,3000,19345.234561
-107553,3000,19358.834814
-104526,3000,19373.470515
-101536,3000,19387.686967
-114568,3000,19402.33542
-119517,3000,19415.745557
-84503,3000,19429.565743
-111524,3000,19443.450153
-107561,3000,19457.647756
-123538,3000,19471.480785
-108529,3000,19485.37013
-102528,3000,19499.886702
-91510,3000,19513.273045
-112569,3000,19527.808784
-122494,3000,19540.532179
-113534,3000,19554.936998
-104538,3000,19568.609593
-124487,3000,19581.913598
-116527,3000,19595.71683
-112504,3000,19609.585426
-119519,3000,19623.683496
-124501,3000,19637.370365
-100507,3000,19651.734196
-102493,3000,19665.595421
-102502,3000,19679.45191
-116511,3000,19693.108243
-104532,3000,19706.333589
-102545,3000,19721.211783
-109542,3000,19734.981023
-136545,3000,19749.382216
-118497,3000,19763.745316
-93488,3000,19778.371565
-109514,3000,19792.844476
-108531,3000,19806.872795
-128502,3000,19821.244697
-109530,3000,19835.177279
-100530,3000,19849.686355
-106495,3000,19863.541103
-99518,3000,19877.872699
-104530,3000,19891.710001
-113527,3000,19906.181896
-115487,3000,19919.98035
-100494,3000,19934.384006
-96535,3000,19949.254858
-109528,3000,19963.598388
-108484,3000,19988.624113
-97537,3000,20002.461112
-90536,3000,20017.241215
-99530,3000,20031.524253
-119545,3000,20046.026186
-109526,3000,20059.988932
-102546,3000,20073.669636
-104524,3000,20088.425551
-121484,3000,20102.944649
-96551,3000,20117.366404
-101494,3000,20131.316367
-98537,3000,20145.853698
-89528,3000,20159.977578
-106511,3000,20173.596637
-97542,3000,20188.465631
-118516,3000,20202.13742
-94521,3000,20216.396829
-104537,3000,20231.244931
-109497,3000,20245.723952
-106546,3000,20259.618641
-102533,3000,20273.269903
-112562,3000,20287.091632
-100527,3000,20301.357048
-108484,3000,20315.655259
-82470,3000,20329.998884
-93520,3000,20344.310557
-108525,3000,20358.894149
-106532,3000,20373.463533
-87521,3000,20387.847834
-110534,3000,20402.79873
-97517,3000,20417.158261
-99545,3000,20430.998858
-101509,3000,20444.777405
-88511,3000,20459.76456
-100495,3000,20473.48131
-112500,3000,20487.281363
-94523,3000,20501.243859
-97515,3000,20515.547192
-103562,3000,20530.885247
-80492,3000,20544.886645
-107526,3000,20559.455821
-98493,3000,20573.070157
-108512,3000,20587.929497
-103508,3000,20602.257785
-86486,3000,20616.318805
-84525,3000,20630.471099
-95515,3000,20644.222808
-98500,3000,20658.815194
-91510,3000,20673.045807
-92528,3000,20687.097539
-107534,3000,20701.105654
-108538,3000,20715.680737
-107530,3000,20729.482512
-108522,3000,20744.380407
-80540,3000,20758.133832
-104525,3000,20773.197057
-88532,3000,20788.110334
-94478,3000,20802.124254
-87502,3000,20816.22315
-99507,3000,20830.725778
-88497,3000,20844.25595
-97495,3000,20858.507565
-91486,3000,20872.821464
-103517,3000,20887.005633
-108544,3000,20901.719027
-85506,3000,20916.053563
-84512,3000,20930.087677
-101526,3000,20955.523247
-93491,3000,20969.055742
-92538,3000,20983.752492
-89531,3000,20998.561042
-79545,3000,21013.451724
-102504,3000,21027.872819
-93501,3000,21042.001811
-77525,3000,21055.558387
-80496,3000,21069.257876
-93533,3000,21082.818996
-93544,3000,21097.290362
-97522,3000,21111.0647
-92531,3000,21124.447343
-89554,3000,21139.472323
-84508,3000,21154.350697
-89539,3000,21168.582302
-86522,3000,21182.262026
-83481,3000,21196.139858
-84539,3000,21209.869109
-86544,3000,21224.396397
-86537,3000,21238.608733
-94498,3000,21253.33895
-87475,3000,21266.915138
-93537,3000,21281.606257
-81535,3000,21295.530873
-80510,3000,21310.26228
-89520,3000,21324.737285
-96506,3000,21339.208476
-84521,3000,21353.249808
-85518,3000,21367.752902
-88478,3000,21381.997773
-76569,3000,21396.62432
-82545,3000,21410.414475
-85470,3000,21424.461623
-77524,3000,21438.818803
-94527,3000,21453.934303
-83500,3000,21468.856689
-93505,3000,21482.504432
-85492,3000,21496.823049
-86509,3000,21512.042354
-79545,3000,21527.444268
-98521,3000,21541.525352
-100530,3000,21555.989607
-108528,3000,21570.42583
-89540,3000,21585.198392
-67500,3000,21600.639125
-69473,3000,21614.643114
-84528,3000,21628.853545
-83502,3000,21643.895985
-95515,3000,21657.994832
-97506,3000,21673.034345
-84513,3000,21687.559273
-104508,3000,21702.011779
-69499,3000,21716.084802
-83562,3000,21729.67477
-82534,3000,21744.035328
-83526,3000,21757.649302
-85506,3000,21771.572611
-92505,3000,21785.695031
-101539,3000,21799.481426
-87490,3000,21813.093773
-74507,3000,21827.067945
-81464,3000,21841.526126
-83517,3000,21855.771488
-85539,3000,21869.959132
-74557,3000,21884.192423
-85483,3000,21910.236799
-67500,3000,21924.34082
-79483,3000,21938.690321
-85504,3000,21953.184792
-78536,3000,21967.480299
-67508,3000,21981.649637
-85518,3000,21996.730075
-84538,3000,22010.80168
-66511,3000,22024.989429
-79493,3000,22039.787014
-81512,3000,22055.021297
-90526,3000,22069.888895
-78473,3000,22083.375437
-79543,3000,22097.943092
-79521,3000,22112.20471
-71528,3000,22126.69261
-93509,3000,22141.52085
-66495,3000,22155.169927
-69497,3000,22169.244949
-81504,3000,22183.05968
-75483,3000,22197.024161
-72537,3000,22211.37198
-83496,3000,22225.339926
-76498,3000,22239.492259
-84509,3000,22253.726276
-85524,3000,22268.79205
-79525,3000,22283.541117
-83509,3000,22297.334327
-70510,3000,22311.795076
-81515,3000,22326.331053
-78486,3000,22340.941164
-73515,3000,22355.206047
-61480,3000,22368.541579
-90517,3000,22383.143767
-87480,3000,22397.768003
-68533,3000,22412.505268
-64500,3000,22426.290194
-74514,3000,22440.869914
-82529,3000,22455.062196
-74515,3000,22469.660239
-79531,3000,22484.352669
-84482,3000,22498.376449
-69499,3000,22512.141598
-69459,3000,22526.536635
-72525,3000,22540.156372
-80518,3000,22554.473032
-80499,3000,22569.220538
-78514,3000,22584.081981
-77513,3000,22598.19195
-74485,3000,22613.417013
-69534,3000,22627.682361
-73524,3000,22642.451411
-92537,3000,22657.161753
-82517,3000,22671.81695
-91548,3000,22687.173637
-64510,3000,22701.116049
-65527,3000,22716.221679
-61504,3000,22730.575902
-65527,3000,22744.549098
-78528,3000,22758.94351
-63522,3000,22773.410205
-73494,3000,22787.194386
-65446,3000,22801.236165
-72500,3000,22816.108315
-78506,3000,22830.284919
-60480,3000,22844.480957
-81524,3000,22859.278075
-55550,3000,22886.740464
-57501,3000,22900.549048
-67534,3000,22914.901751
-65459,3000,22929.040993
-79490,3000,22943.356929
-71525,3000,22958.073915
-67489,3000,22972.433556
-60488,3000,22986.483582
-49516,3000,23001.405652
-60488,3000,23015.183653
-70494,3000,23029.21294
-77481,3000,23043.585686
-54517,3000,23058.358655
-66500,3000,23071.541282
-65516,3000,23085.90955
-58497,3000,23100.739162
-70539,3000,23114.887511
-74485,3000,23129.63063
-62493,3000,23143.664691
-67513,3000,23158.540442
-53525,3000,23173.106328
-73466,3000,23187.758887
-69502,3000,23202.531446
-50546,3000,23217.143797
-65520,3000,23231.320265
-73480,3000,23245.023152
-57521,3000,23259.048534
-67482,3000,23273.411465
-58502,3000,23287.287374
-54523,3000,23302.48275
-65531,3000,23317.225906
-59485,3000,23330.999024
-58483,3000,23344.854853
-59538,3000,23359.838943
-58501,3000,23374.783302
-69518,3000,23389.566568
-77480,3000,23403.506148
-52502,3000,23417.574513
-73482,3000,23431.782898
-61475,3000,23445.875493
-59508,3000,23459.723846
-64487,3000,23474.645426
-64533,3000,23489.381356
-75499,3000,23503.432206
-66534,3000,23518.330688
-63540,3000,23532.743152
-59510,3000,23547.349391
-56500,3000,23561.747557
-60481,3000,23576.120354
-76483,3000,23590.107873
-60475,3000,23604.357168
-75525,3000,23618.660813
-80524,3000,23632.391603
-57536,3000,23647.230004
-63505,3000,23661.434795
-45521,3000,23676.714403
-41495,3000,23691.789306
-68505,3000,23706.794124
-51478,3000,23720.729892
-55518,3000,23735.600679
-66531,3000,23750.364375
-74508,3000,23765.283651
-52471,3000,23778.757972
-57558,3000,23794.289702
-59497,3000,23807.891484
-58438,3000,23821.883312
-47547,3000,23836.602617
-50513,3000,23863.502366
-61510,3000,23878.705238
-31534,3000,23893.951828
-51527,3000,23908.741661
-59526,3000,23923.003613
-46545,3000,23938.10844
-59506,3000,23952.937826
-58504,3000,23967.222712
-53513,3000,23982.155243
-67500,3000,23996.248354
-62506,3000,24010.62351
-60488,3000,24024.526543
-54496,3000,24038.893272
-62544,3000,24053.813911
-50515,3000,24068.627119
-54471,3000,24082.517637
-54498,3000,24096.481945
-61511,3000,24111.079804
-59467,3000,24125.117022
-50497,3000,24141.107914
-46496,3000,24156.511441
-48480,3000,24171.245834
-54504,3000,24186.046562
-49543,3000,24201.168983
-42484,3000,24216.855565
-62512,3000,24232.957776
-51509,3000,24248.383108
-39469,3000,24263.426829
-41494,3000,24276.63607
-51502,3000,24291.294332
-52517,3000,24305.90582
-50494,3000,24320.596664
-45442,3000,24335.865245
-47489,3000,24350.452109
-52522,3000,24365.723708
-58494,3000,24379.88855
-53502,3000,24394.460217
-42460,3000,24408.701982
-48471,3000,24422.924172
-45437,3000,24436.517973
-51504,3000,24450.243984
-49517,3000,24465.144076
-48502,3000,24480.210147
-40487,3000,24496.186915
-46484,3000,24512.360475
-49409,3000,24527.917099
-56479,3000,24542.645857
-44522,3000,24559.470341
-48480,3000,24574.872586
-44481,3000,24591.484948
-51479,3000,24607.181773
-49472,3000,24621.721853
-56522,3000,24638.309949
-46453,3000,24654.095102
-50486,3000,24669.817675
-60506,3000,24684.48732
-45452,3000,24699.614622
-59485,3000,24716.823736
-45481,3000,24731.438096
-40465,3000,24746.706056
-50514,3000,24761.913917
-44520,3000,24777.12683
-37487,3000,24792.939174
-42482,3000,24807.730595
-50490,3000,24822.955277
-47496,3000,24838.161065
-46496,3000,24865.248286
-39477,3000,24880.655726
-47498,3000,24896.542894
-35454,3000,24911.957405
-42471,3000,24927.293582
-37496,3000,24941.985651
-43485,3000,24956.772154
-43491,3000,24972.011354
-43453,3000,24988.253034
-48471,3000,25004.187542
-40477,3000,25020.220343
-32443,3000,25034.950798
-42510,3000,25048.678633
-52432,3000,25062.573992
-42487,3000,25076.968399
-36491,3000,25091.022874
-41440,3000,25105.542422
-24482,3000,25120.89488
-43498,3000,25134.777502
-34412,3000,25148.66809
-46475,3000,25163.140846
-36475,3000,25177.76299
-36477,3000,25192.52479
-34493,3000,25207.879803
-32483,3000,25221.24306
-44430,3000,25236.803802
-41510,3000,25251.67803
-36476,3000,25265.041293
-43514,3000,25278.980793
-39512,3000,25293.582077
-45450,3000,25307.756303
-40495,3000,25322.378226
-38485,3000,25336.854778
-38505,3000,25351.940549
-31442,3000,25366.654889
-31446,3000,25380.608698
-33459,3000,25395.264721
-36470,3000,25410.002746
-29498,3000,25425.371014
-28432,3000,25440.375869
-40469,3000,25455.54226
-38504,3000,25470.711271
-37467,3000,25485.618987
-33436,3000,25499.758846
-40430,3000,25513.557245
-32457,3000,25527.606001
-37457,3000,25542.906664
-35445,3000,25557.314128
-33486,3000,25571.658621
-35495,3000,25585.567193
-32476,3000,25599.77142
-44504,3000,25614.313331
-35458,3000,25629.591245
-35511,3000,25644.744396
-35465,3000,25659.67187
-34445,3000,25674.10263
-38443,3000,25688.492701
-27510,3000,25704.045618
-32483,3000,25719.139134
-37498,3000,25734.062328
-35466,3000,25749.005614
-24496,3000,25763.988894
-35469,3000,25778.972604
-35471,3000,25793.264213
-35516,3000,25808.359164
-27447,3000,25822.73565
-43491,3000,25838.082709
-37443,3000,25864.378017
-19474,3000,25880.067743
-31512,3000,25894.960591
-31467,3000,25909.371013
-34479,3000,25924.08565
-31470,3000,25939.109174
-34460,3000,25953.713049
-30504,3000,25968.221926
-29449,3000,25982.85608
-31456,3000,25998.692513
-27472,3000,26014.514114
-27481,3000,26029.52731
-28495,3000,26045.313429
-37519,3000,26059.89036
-38411,3000,26073.448529
-21470,3000,26088.674019
-26472,3000,26103.443346
-26521,3000,26118.964432
-35474,3000,26133.361775
-30504,3000,26148.240894
-31470,3000,26163.024605
-29457,3000,26177.758992
-35478,3000,26192.471751
-19437,3000,26206.643605
-23471,3000,26220.85624
-26431,3000,26234.666133
-25479,3000,26249.662375
-24461,3000,26263.334358
-25464,3000,26277.720556
-27485,3000,26291.889721
-29505,3000,26306.487629
-29486,3000,26320.931862
-23501,3000,26335.682605
-28435,3000,26349.581426
-18448,3000,26364.259185
-21463,3000,26378.967092
-21459,3000,26393.79257
-24486,3000,26408.284492
-27440,3000,26422.187636
-29418,3000,26435.823157
-28473,3000,26449.827774
-18465,3000,26464.005575
-26458,3000,26477.325386
-22431,3000,26490.969671
-18451,3000,26505.827313
-23498,3000,26520.043558
-24476,3000,26534.901125
-26465,3000,26549.609006
-19467,3000,26563.947039
-17482,3000,26577.908916
-25440,3000,26592.751799
-23455,3000,26606.299941
-22448,3000,26620.705575
-23416,3000,26634.802023
-22450,3000,26648.756718
-15478,3000,26663.139418
-18481,3000,26678.439541
-24401,3000,26692.021905
-10456,3000,26706.580836
-23456,3000,26720.849872
-14465,3000,26735.173993
-21457,3000,26749.108552
-21465,3000,26763.765175
-26454,3000,26777.171869
-14493,3000,26792.03573
-27459,3000,26806.35737
-17474,3000,26820.475933
-18455,3000,26846.792409
-20476,3000,26861.35939
-20438,3000,26874.963653
-23473,3000,26889.195349
-4493,3000,26903.343992
-25467,3000,26917.68066
-21448,3000,26931.968915
-24469,3000,26946.52998
-18422,3000,26960.703698
-24430,3000,26974.847271
-13446,3000,26989.058392
-15460,3000,27002.909491
-21455,3000,27016.930566
-15425,3000,27030.650932
-20472,3000,27045.483663
-8431,3000,27059.62762
-20478,3000,27074.353153
-30467,3000,27088.978284
-27465,3000,27103.257063
-8462,3000,27119.085021
-24417,3000,27133.144753
-23481,3000,27147.177854
-13476,3000,27161.668378
-20428,3000,27176.264976
-22417,3000,27190.669691
-10465,3000,27205.396098
-16414,3000,27219.123373
-19453,3000,27233.803175
-18444,3000,27247.436679
-15414,3000,27261.421892
-9409,3000,27274.288122
-14455,3000,27288.902321
-21426,3000,27302.742747
-22424,3000,27316.755084
-17428,3000,27330.148922
-20404,3000,27343.739891
-14434,3000,27357.57229
-21430,3000,27371.651346
-14427,3000,27385.240393
-21391,3000,27398.557573
-19428,3000,27412.995479
-24452,3000,27427.183619
-15412,3000,27440.376523
-23411,3000,27453.984554
-17445,3000,27466.988426
-18431,3000,27481.072177
-13408,3000,27494.701488
-20425,3000,27508.331723
-19453,3000,27521.815868
-20420,3000,27535.328604
-24428,3000,27549.418112
-13445,3000,27563.23305
-15422,3000,27576.775017
-17416,3000,27590.25548
-9427,3000,27603.630494
-16476,3000,27617.299463
-16426,3000,27630.549705
-13426,3000,27643.625269
-22428,3000,27657.186793
-16401,3000,27670.049108
-17429,3000,27683.404476
-17373,3000,27695.964917
-19417,3000,27709.732138
-18387,3000,27722.562725
-23426,3000,27736.154714
-16413,3000,27749.498979
-16420,3000,27774.19175
-23436,3000,27787.438226
-18426,3000,27801.166107
-10415,3000,27814.956757
-18394,3000,27828.192484
-25444,3000,27842.080517
-18420,3000,27855.205048
-18365,3000,27867.903798
-11379,3000,27881.062347
-14408,3000,27894.248826
-14438,3000,27907.728273
-18421,3000,27921.590319
-16423,3000,27934.983163
-14413,3000,27947.951972
-18365,3000,27961.287254
-19416,3000,27974.406718
-18422,3000,27988.30935
-20378,3000,28000.494158
-21424,3000,28013.662795
-11413,3000,28027.22922
-20401,3000,28040.354761
-20412,3000,28053.527492
-19393,3000,28066.625862
-23401,3000,28079.980799
-14386,3000,28092.483294
-13429,3000,28106.066798
-19421,3000,28119.142507
-24404,3000,28131.64827
-22420,3000,28145.434952
-27400,3000,28158.690324
-11423,3000,28172.469339
-27391,3000,28185.179292
-23409,3000,28198.46478
-17357,3000,28211.269111
-17407,3000,28224.301371
-24405,3000,28237.356065
-16401,3000,28251.889009
-18411,3000,28265.063781
-23342,3000,28278.042339
-15386,3000,28290.927608
-21385,3000,28304.874037
-25396,3000,28317.895381
-16383,3000,28331.02137
-22430,3000,28343.925444
-18390,3000,28356.371382
-26408,3000,28369.543444
-25381,3000,28382.468246
-12364,3000,28394.907069
-22411,3000,28408.499425
-22390,3000,28421.452173
-26370,3000,28434.520927
-18373,3000,28446.688365
-21361,3000,28459.347604
-18400,3000,28472.015896
-16360,3000,28485.497988
-22354,3000,28498.133435
-16422,3000,28511.464104
-15369,3000,28525.029894
-14388,3000,28538.278722
-16389,3000,28551.060392
-11414,3000,28563.825187
-18382,3000,28576.964285
-16428,3000,28590.400758
-15363,3000,28603.109374
-20414,3000,28616.042729
-18363,3000,28629.135308
-18389,3000,28641.460411
-15398,3000,28664.882965
-16377,3000,28677.752544
-22398,3000,28691.452243
-23397,3000,28704.749253
-21399,3000,28717.153853
-19372,3000,28730.29673
-13377,3000,28743.193369
-19350,3000,28756.095188
-14368,3000,28769.585456
-22361,3000,28782.834599
-23411,3000,28796.535676
-18426,3000,28810.445684
-17365,3000,28822.719709
-21365,3000,28835.467576
-20347,3000,28847.690946
-19390,3000,28860.72686
-20387,3000,28872.856052
-23414,3000,28886.172358
-19381,3000,28899.631858
-19343,3000,28912.97438
-33392,3000,28926.190624
-17394,3000,28938.991956
-14403,3000,28952.45782
-10416,3000,28965.266335
-12373,3000,28978.043362
-20422,3000,28991.381343
-18341,3000,29004.313312
-18334,3000,29016.979021
-18419,3000,29030.035857
-22379,3000,29042.890873
-22366,3000,29055.931749
-20375,3000,29068.74922
-18450,3000,29082.156457
-23401,3000,29095.208208
-18377,3000,29107.465051
-26369,3000,29120.330278
-15392,3000,29133.338346
-19380,3000,29145.611609
-16399,3000,29159.072767
-28373,3000,29171.430171
-21353,3000,29184.44489
-19380,3000,29197.22772
-25393,3000,29210.428077
-24341,3000,29222.628514
-19377,3000,29234.921507
-24453,3000,29248.661485
-15402,3000,29261.997294
-20345,3000,29274.852332
-18363,3000,29287.481802
-15406,3000,29300.664706
-15399,3000,29313.555551
-21397,3000,29326.80884
-26384,3000,29339.968046
-14412,3000,29352.725169
-19383,3000,29364.752334
-11357,3000,29376.491486
-9327,3000,29388.635956
-17342,3000,29400.937443
-19417,3000,29413.462393
-19405,3000,29427.62272
-19374,3000,29440.53675
-14404,3000,29452.894131
-14386,3000,29465.391989
-18402,3000,29478.539271
-23394,3000,29492.026726
-20390,3000,29505.014537
-17364,3000,29518.046384
-18344,3000,29541.207462
-19360,3000,29553.753577
-14349,3000,29566.913558
-20420,3000,29579.682917
-19389,3000,29592.479232
-21428,3000,29605.870468
-19360,3000,29619.166713
-20448,3000,29631.650196
-13379,3000,29644.654738
-17387,3000,29657.720706
-18392,3000,29670.695002
-16369,3000,29683.253593
-14347,3000,29696.125143
-16392,3000,29709.78313
-15407,3000,29723.128834
-14380,3000,29735.971351
-15392,3000,29749.879008
-22378,3000,29763.822762
-22387,3000,29777.121484
-12377,3000,29791.116122
-16376,3000,29805.924009
-14381,3000,29820.072742
-17312,3000,29831.882017
-16374,3000,29845.381966
-20404,3000,29859.878294
-17329,3000,29873.369585
-17358,3000,29887.171342
-22377,3000,29901.40675
-12395,3000,29914.458732
-17359,3000,29927.697122
-29374,3000,29940.645486
-19356,3000,29954.44689
-14343,3000,29968.488918
-19377,3000,29982.450666
-24384,3000,29996.991865
-22391,3000,30010.701519
-9381,3000,30026.259764
-14344,3000,30040.475623
-18371,3000,30055.147362
-17391,3000,30068.870597
-13371,3000,30082.307804
-15360,3000,30096.450227
-18356,3000,30111.011147
-12397,3000,30127.952762
-21367,3000,30142.514197
-20413,3000,30156.851796
-16356,3000,30172.083715
-18388,3000,30188.85758
-21341,3000,30205.915296
-15417,3000,30225.642153
-15430,3000,30244.603489
-27395,3000,30262.282278
-19372,3000,30280.058013
-21394,3000,30293.219016
-21371,3000,30305.839693
-17389,3000,30319.035151
-12376,3000,30333.061497
-15411,3000,30347.515604
-15395,3000,30360.832416
-24388,3000,30375.218946
-24364,3000,30389.296697
-22386,3000,30402.384031
-19396,3000,30415.354077
-15372,3000,30428.634175
-10348,3000,30441.918221
-10338,3000,30455.019181
-16333,3000,30478.688564
-10381,3000,30492.282575
-21385,3000,30506.159683
-16369,3000,30518.418035
-16367,3000,30531.030803
-20355,3000,30543.638705
-12351,3000,30556.574257
-29386,3000,30569.630512
-19384,3000,30582.932637
-15382,3000,30595.610886
-17353,3000,30608.711906
-20366,3000,30622.107332
-18354,3000,30634.231549
-19414,3000,30647.656983
-23364,3000,30660.460678
-18384,3000,30673.899361
-20393,3000,30686.662853
-18327,3000,30699.570716
-17409,3000,30712.805797
-14396,3000,30725.848761
-10339,3000,30738.179726
-18373,3000,30750.889686
-23318,3000,30762.620668
-19382,3000,30775.877595
-12382,3000,30788.993949
-17377,3000,30801.681332
-15362,3000,30815.364476
-14428,3000,30828.490907
-17396,3000,30841.339574
-21403,3000,30854.25438
-23346,3000,30866.90867
-18362,3000,30879.586084
-16335,3000,30891.507627
-9385,3000,30904.722643
-20306,3000,30916.369662
-16413,3000,30928.757221
-11358,3000,30941.468877
-19376,3000,30954.213481
-21363,3000,30966.838822
-17390,3000,30978.785035
-18396,3000,30991.994282
-23366,3000,31004.746865
-18352,3000,31016.632421
-23353,3000,31029.146484
-17365,3000,31041.51116
-14357,3000,31054.210841
-14383,3000,31067.039216
-21400,3000,31080.463242
-20398,3000,31093.613267
-16369,3000,31105.67629
-18364,3000,31118.34125
-27385,3000,31132.104144
-14356,3000,31145.154169
-13397,3000,31157.648401
-14431,3000,31170.308651
-13336,3000,31182.366664
-18365,3000,31195.435377
-18415,3000,31207.731012
-21358,3000,31219.885162
-21377,3000,31232.611616
-18376,3000,31244.733923
-19325,3000,31256.722711
-11360,3000,31269.237763
-21387,3000,31281.878482
-19386,3000,31294.517422
-21373,3000,31307.496939
-19388,3000,31319.987752
-14356,3000,31343.301566
-16375,3000,31356.297973
-15375,3000,31369.137228
-17356,3000,31381.774871
-16382,3000,31394.435748
-15357,3000,31407.441044
-23393,3000,31421.099033
-15406,3000,31434.3541
-14406,3000,31447.540987
-10345,3000,31460.912458
-18368,3000,31473.75023
-19394,3000,31486.366358
-17321,3000,31498.225192
-10350,3000,31511.362265
-18399,3000,31524.762856
-16337,3000,31537.243714
-19378,3000,31549.703305
-11368,3000,31563.132682
-20378,3000,31575.735542
-22386,3000,31588.752331
-22371,3000,31601.217177
-16316,3000,31613.125854
-29358,3000,31626.11933
-17323,3000,31638.410204
-21309,3000,31650.739486
-15308,3000,31662.476383
-14353,3000,31675.474968
-21392,3000,31688.01339
-21392,3000,31700.454787
-15392,3000,31714.002125
-25384,3000,31726.147636
-15389,3000,31739.013176
-15338,3000,31750.696732
-17354,3000,31763.218252
-13342,3000,31776.108273
-19349,3000,31788.799836
-17438,3000,31802.642209
-15352,3000,31815.071447
-13367,3000,31827.663214
-18385,3000,31840.954913
-15387,3000,31853.725224
-25370,3000,31867.474759
-15352,3000,31879.899638
-17349,3000,31893.610834
-18382,3000,31906.73228
-17380,3000,31919.564717
-16363,3000,31932.299941
-17356,3000,31944.330382
-27360,3000,31957.656657
-20350,3000,31970.6526
-17355,3000,31982.412679
-6336,3000,31994.682423
-25360,3000,32007.551258
-15408,3000,32020.171736
-17371,3000,32032.134017
-12343,3000,32044.366458
-18376,3000,32056.981913
-19343,3000,32069.347667
-15381,3000,32082.255906
-24379,3000,32094.255434
-11360,3000,32106.308048
-12326,3000,32118.166036
-20381,3000,32131.145712
-13386,3000,32144.017734
-20384,3000,32157.133756
-20367,3000,32169.738946
-19346,3000,32182.390939
-21348,3000,32205.470192
-22364,3000,32217.789819
-19371,3000,32230.752795
-11381,3000,32243.178608
-17371,3000,32256.156959
-15387,3000,32269.268499
-22358,3000,32281.298232
-22333,3000,32293.854697
-23385,3000,32307.177275
-19404,3000,32319.316573
-14388,3000,32332.412371
-20366,3000,32346.008943
-12353,3000,32358.194104
-22316,3000,32370.363403
-13387,3000,32383.447101
-25378,3000,32396.730867
-19395,3000,32409.391742
-12352,3000,32422.745255
-27369,3000,32435.223052
-24321,3000,32447.488745
-19375,3000,32460.237629
-18364,3000,32473.137331
-16345,3000,32485.423705
-22393,3000,32497.727991
-16355,3000,32510.477163
-20349,3000,32523.819142
-21373,3000,32535.904656
-18339,3000,32548.246396
-18379,3000,32560.81789
-19401,3000,32573.856204
-14354,3000,32586.388842
-21378,3000,32600.143661
-17381,3000,32613.161469
-22342,3000,32626.455111
-26406,3000,32639.857423
-21331,3000,32652.190548
-18368,3000,32665.180206
-22366,3000,32677.415089
-24354,3000,32689.506596
-21343,3000,32701.70508
-19364,3000,32713.944236
-21353,3000,32726.569312
-22382,3000,32739.855549
-9338,3000,32752.818867
-15355,3000,32765.748636
-17348,3000,32777.828588
-18367,3000,32790.333324
-20363,3000,32802.813927
-17388,3000,32816.271191
-22392,3000,32828.89444
-11326,3000,32841.474437
-12365,3000,32854.947597
-18366,3000,32867.633423
-15404,3000,32880.668471
-26422,3000,32893.73462
-24362,3000,32906.664497
-17365,3000,32919.503786
-24377,3000,32931.947827
-11353,3000,32944.062431
-20353,3000,32957.36082
-16359,3000,32970.308184
-30393,3000,32983.047653
-12356,3000,32995.523671
-23362,3000,33008.512753
-20356,3000,33021.223757
-23322,3000,33034.097953
-17341,3000,33056.983725
-29358,3000,33069.480341
-24343,3000,33082.199955
-19350,3000,33095.330367
-20328,3000,33107.891132
-21422,3000,33120.779351
-17387,3000,33134.673164
-25348,3000,33147.625447
-17365,3000,33160.61742
-24373,3000,33174.369608
-24387,3000,33187.21519
-19328,3000,33199.742421
-26361,3000,33212.872029
-14360,3000,33225.492816
-24363,3000,33237.773368
-16356,3000,33250.033661
-11363,3000,33262.477112
-19337,3000,33275.168847
-14317,3000,33287.588933
-19334,3000,33300.543478
-15368,3000,33313.611373
-17355,3000,33325.921632
-24379,3000,33339.097411
-26361,3000,33351.999459
-13333,3000,33365.273943
-11367,3000,33378.088101
-15339,3000,33390.505359
-14309,3000,33402.926731
-13365,3000,33415.397132
-14378,3000,33428.340566
-16358,3000,33440.950182
-16331,3000,33453.673278
-19394,3000,33466.638069
-16338,3000,33479.112063
-21335,3000,33492.617694
-9408,3000,33505.517059
-13379,3000,33517.236986
-29394,3000,33531.07041
-23334,3000,33543.156037
-16357,3000,33555.858731
-29404,3000,33568.876603
-14351,3000,33581.413645
-16393,3000,33594.382169
-20340,3000,33606.898192
-23368,3000,33619.223583
-9367,3000,33632.284942
-20324,3000,33644.29644
-18368,3000,33657.083644
-20357,3000,33669.793676
-16357,3000,33681.802324
-15341,3000,33694.50955
-29362,3000,33706.79597
-19329,3000,33718.485394
-18383,3000,33730.699017
-27355,3000,33743.22783
-15342,3000,33756.084321
-13359,3000,33768.86774
-10369,3000,33781.429632
-15345,3000,33794.244215
-15322,3000,33806.904647
-22342,3000,33819.843786
-20378,3000,33831.876971
-19340,3000,33843.974448
-31392,3000,33856.822408
-12342,3000,33869.820365
-17352,3000,33881.899919
-26375,3000,33894.665249
-21364,3000,33917.685854
-28345,3000,33930.914367
-17379,3000,33943.356254
-27322,3000,33955.880749
-23347,3000,33968.576899
-21393,3000,33981.29215
-18401,3000,33994.198886
-19354,3000,34006.783367
-22354,3000,34019.50915
-17392,3000,34033.575478
-28357,3000,34045.999485
-17354,3000,34058.732649
-20368,3000,34071.521058
-13362,3000,34084.560199
-15341,3000,34097.441665
-16356,3000,34109.71588
-12332,3000,34122.034695
-16339,3000,34134.188381
-16358,3000,34147.236634
-20335,3000,34160.158809
-17373,3000,34172.009009
-29343,3000,34184.402987
-15378,3000,34197.042151
-22370,3000,34210.015586
-15363,3000,34222.585824
-16333,3000,34235.243265
-16358,3000,34247.626981
-19362,3000,34260.303567
-18377,3000,34272.895929
-23362,3000,34285.699853
-23334,3000,34297.952416
-18346,3000,34310.671115
-23334,3000,34322.994229
-20347,3000,34335.774242
-18349,3000,34348.533177
-15359,3000,34361.572095
-14338,3000,34374.459655
-24355,3000,34386.896618
-15320,3000,34399.0478
-11350,3000,34412.052289
-29339,3000,34423.85129
-15317,3000,34435.842374
-14318,3000,34448.464705
-21339,3000,34460.734815
-22363,3000,34474.422871
-23335,3000,34487.301422
-26375,3000,34500.329582
-20314,3000,34513.098155
-27314,3000,34526.21314
-23367,3000,34538.962281
-19323,3000,34551.999519
-16361,3000,34564.868417
-10368,3000,34577.828502
-14374,3000,34590.468513
-20355,3000,34602.557492
-10332,3000,34614.927562
-20365,3000,34627.164458
-16328,3000,34639.94201
-30379,3000,34653.081451
-15380,3000,34665.064866
-18363,3000,34677.538921
-14333,3000,34690.097526
-19362,3000,34702.51901
-27376,3000,34715.532134
-12350,3000,34727.74875
-17368,3000,34740.522263
-19385,3000,34753.038985
-23393,3000,34777.425355
-13362,3000,34791.043394
-18348,3000,34803.279871
-21335,3000,34816.364411
-25317,3000,34829.270535
-15386,3000,34842.23003
-8335,3000,34854.699297
-21348,3000,34867.357822
-18386,3000,34880.610437
-22413,3000,34893.858367
-24383,3000,34906.72091
-20379,3000,34919.562565
-23339,3000,34931.880394
-13382,3000,34944.849464
-16370,3000,34957.038029
-15314,3000,34969.892402
-12385,3000,34983.407003
-27400,3000,34996.275771
-14370,3000,35010.023141
-17336,3000,35022.531466
-22366,3000,35035.121643
-14338,3000,35047.685963
-20371,3000,35060.612619
-17332,3000,35072.857403
-14375,3000,35085.800103
-18371,3000,35098.677946
-17331,3000,35110.998961
-23375,3000,35123.218123
-20345,3000,35135.668713
-17334,3000,35147.705543
-22318,3000,35160.235143
-22379,3000,35173.230011
-17372,3000,35186.62015
-14363,3000,35200.001343
-13346,3000,35213.068244
-19324,3000,35225.800098
-15331,3000,35237.312671
-20336,3000,35249.697549
-10353,3000,35263.178074
-25354,3000,35276.109764
-17350,3000,35288.57048
-18361,3000,35301.668387
-19345,3000,35314.345741
-18349,3000,35327.403622
-19396,3000,35340.769352
-19345,3000,35353.316336
-29367,3000,35367.351677
-21373,3000,35380.671061
-18356,3000,35393.797086
-19342,3000,35406.787906
-22316,3000,35419.417552
-13338,3000,35431.645617
-14371,3000,35444.65776
-14326,3000,35457.320044
-17334,3000,35469.270239
-20330,3000,35481.442736
-27371,3000,35494.952679
-14315,3000,35507.500699
-11347,3000,35520.671178
-20343,3000,35533.223479
-17347,3000,35546.737143
-11334,3000,35559.261715
-12342,3000,35571.730034
-14324,3000,35584.402045
-18355,3000,35597.545318
-17341,3000,35609.6241
-12349,3000,35633.176691
-19344,3000,35645.828151
-18325,3000,35658.347875
-10312,3000,35670.276245
-14327,3000,35682.619332
-13337,3000,35695.234057
-25381,3000,35707.885839
-25358,3000,35720.344002
-17357,3000,35733.271527
-12315,3000,35745.369094
-16363,3000,35758.54599
-19340,3000,35771.360343
-22371,3000,35783.491034
-21344,3000,35795.932474
-22293,3000,35808.196527
-23378,3000,35820.870894
-19341,3000,35833.363309
-14368,3000,35846.580031
-14368,3000,35858.388807
-23371,3000,35871.346997
-18351,3000,35883.979764
-17359,3000,35896.349398
-18314,3000,35909.157213
-21339,3000,35922.131583
-14344,3000,35934.842406
-20340,3000,35947.388868
-24394,3000,35960.417793
-23347,3000,35972.42176
-15343,3000,35984.800114
-18376,3000,35997.327143
-22385,3000,36010.175494
-12387,3000,36023.191175
-12365,3000,36036.160806
-21376,3000,36048.855819
-15376,3000,36061.439702
-23385,3000,36074.44309
-13361,3000,36086.741353
-18383,3000,36099.673156
-15323,3000,36112.104642
-22298,3000,36124.59529
-22366,3000,36136.588252
-13355,3000,36148.908795
-14361,3000,36161.692436
-13338,3000,36174.30506
-26359,3000,36187.205325
-15343,3000,36200.319973
-20356,3000,36212.515407
-21327,3000,36224.999341
-13365,3000,36237.753153
-12357,3000,36250.72836
-16353,3000,36263.278208
-22339,3000,36275.534225
-10350,3000,36287.812008
-21340,3000,36299.85778
-20372,3000,36312.468933
-22351,3000,36325.45641
-25349,3000,36338.053238
-11369,3000,36350.629312
-18335,3000,36363.034659
-9336,3000,36375.214109
-15341,3000,36387.298622
-19340,3000,36399.401828
-24361,3000,36411.113806
-16378,3000,36424.288304
-17338,3000,36437.245986
-21363,3000,36449.949159
-15358,3000,36462.748269
-15357,3000,36485.81871
-16362,3000,36499.093458
-15378,3000,36512.345444
-23341,3000,36525.208237
-14344,3000,36538.610107
-22353,3000,36551.137653
-19337,3000,36564.069183
-17368,3000,36575.998284
-20319,3000,36588.384575
-21365,3000,36601.657382
-21360,3000,36614.094183
-22388,3000,36627.044659
-24363,3000,36638.952619
-21355,3000,36651.872749
-17350,3000,36664.45444
-20357,3000,36677.31062
-17350,3000,36690.522144
-16356,3000,36702.822853
-21350,3000,36716.005082
-16331,3000,36728.345921
-15317,3000,36740.902258
-15330,3000,36753.907548
-16349,3000,36766.532692
-13353,3000,36778.930848
-15384,3000,36792.130265
-24358,3000,36804.577484
-16318,3000,36816.761964
-23341,3000,36830.023909
-18345,3000,36842.629531
-15344,3000,36855.590066
-19361,3000,36868.06998
-17390,3000,36880.796898
-27383,3000,36893.343763
-17370,3000,36905.745247
-16354,3000,36917.876201
-15328,3000,36929.055031
-16307,3000,36940.994604
-24351,3000,36954.393931
-16374,3000,36965.926544
-18336,3000,36978.576277
-11313,3000,36990.652794
-22361,3000,37002.978757
-21364,3000,37015.16621
-13393,3000,37027.962203
-17342,3000,37040.971546
-20346,3000,37053.3048
-18357,3000,37065.911451
-27388,3000,37078.77486
-18370,3000,37090.970894
-14346,3000,37104.172574
-15311,3000,37116.040643
-17334,3000,37128.011049
-17367,3000,37140.473934
-24344,3000,37153.299855
-21377,3000,37166.47897
-12351,3000,37179.414928
-22356,3000,37192.535771
-15367,3000,37205.357146
-13347,3000,37218.358007
-17379,3000,37231.707596
-18390,3000,37244.656414
-16364,3000,37256.751144
-21310,3000,37269.470271
-10322,3000,37281.514219
-11333,3000,37294.028722
-21386,3000,37306.58907
-17331,3000,37319.359306
-24308,3000,37341.835445
-19356,3000,37354.38037
-24355,3000,37367.205797
-15360,3000,37379.736532
-16355,3000,37393.200978
-23350,3000,37405.910583
-22306,3000,37418.211419
-12360,3000,37431.464844
-13375,3000,37445.070751
-18340,3000,37457.941452
-22319,3000,37471.119945
-23371,3000,37484.049603
-16343,3000,37496.803256
-16333,3000,37509.325102
-12349,3000,37522.161375
-14357,3000,37534.747548
-30356,3000,37548.319069
-18357,3000,37560.309378
-20356,3000,37573.014396
-27382,3000,37585.742262
-19346,3000,37598.259802
-14339,3000,37610.8429
-20348,3000,37623.365328
-18327,3000,37636.832853
-15341,3000,37649.46499
-16389,3000,37662.401362
-16336,3000,37675.072498
-24352,3000,37688.230448
-15385,3000,37701.140307
-21309,3000,37713.75929
-12360,3000,37727.183776
-20363,3000,37740.468744
-20373,3000,37753.760643
-18355,3000,37765.985296
-18310,3000,37778.899229
-16350,3000,37791.908338
-16322,3000,37804.732716
-25392,3000,37817.669955
-19412,3000,37831.204246
-16341,3000,37843.854995
-17287,3000,37856.250398
-23375,3000,37869.301558
-22363,3000,37882.068561
-27321,3000,37894.804904
-21345,3000,37907.542879
-20343,3000,37919.721996
-18392,3000,37933.308876
-16291,3000,37945.353029
-16351,3000,37958.743852
-19358,3000,37971.820087
-18366,3000,37985.062108
-21355,3000,37998.489714
-18324,3000,38011.87897
-22372,3000,38023.919871
-22397,3000,38037.105242
-17346,3000,38050.873021
-13317,3000,38063.402594
-17389,3000,38077.673032
-18320,3000,38089.747527
-17329,3000,38102.11722
-15356,3000,38115.453403
-17363,3000,38128.627655
-20311,3000,38140.68314
-17356,3000,38154.236084
-20343,3000,38167.175409
-21345,3000,38180.061361
-18335,3000,38203.691228
-17376,3000,38215.905533
-19380,3000,38228.738508
-24380,3000,38241.772824
-24335,3000,38254.638903
-18339,3000,38267.598186
-20385,3000,38280.498599
-17349,3000,38293.781271
-19352,3000,38306.370282
-18369,3000,38319.229153
-23316,3000,38330.690933
-25316,3000,38343.979248
-17331,3000,38356.102515
-24337,3000,38368.653044
-21368,3000,38382.253017
-20342,3000,38394.417819
-13364,3000,38407.419601
-17358,3000,38420.618088
-22339,3000,38432.66965
-16344,3000,38445.230108
-19376,3000,38458.423015
-19297,3000,38470.832869
-17334,3000,38484.105529
-12355,3000,38496.667472
-18320,3000,38509.526201
-13313,3000,38522.075335
-17334,3000,38534.60608
-22369,3000,38547.880403
-19352,3000,38560.779564
-10350,3000,38573.734273
-13334,3000,38585.891161
-18326,3000,38599.138837
-14356,3000,38611.687325
-12327,3000,38623.601073
-17333,3000,38636.546016
-19347,3000,38650.02755
-19371,3000,38663.200109
-21367,3000,38676.45498
-13353,3000,38689.265814
-20375,3000,38702.606903
-20328,3000,38715.829935
-16358,3000,38728.647184
-9374,3000,38741.88207
-25387,3000,38755.081513
-21324,3000,38767.544887
-19367,3000,38779.82235
-17350,3000,38791.953494
-25377,3000,38805.625563
-27346,3000,38818.995608
-24380,3000,38831.664279
-12364,3000,38844.727824
-10330,3000,38856.812747
-12341,3000,38869.505508
-13316,3000,38881.89543
-14380,3000,38894.279032
-26418,3000,38907.587689
-27323,3000,38920.723426
-15362,3000,38932.932687
-13335,3000,38946.05455
-15350,3000,38959.074229
-26330,3000,38972.223853
-22311,3000,38984.710089
-21345,3000,38997.391983
-11362,3000,39010.145347
-22301,3000,39022.397876
-9331,3000,39034.923612
-17318,3000,39047.661048
-19347,3000,39071.577092
-31389,3000,39085.289466
-11349,3000,39098.01356
-10305,3000,39109.3366
-19340,3000,39121.741024
-13317,3000,39134.098659
-13344,3000,39147.101014
-18358,3000,39160.779026
-25350,3000,39174.030809
-17309,3000,39186.559117
-12339,3000,39199.705128
-15334,3000,39212.546279
-16352,3000,39225.497913
-15348,3000,39237.831825
-10330,3000,39250.805167
-18316,3000,39263.320435
-16338,3000,39276.359009
-19372,3000,39289.081687
-24291,3000,39301.378472
-21363,3000,39314.141248
-16339,3000,39327.37338
-19345,3000,39340.226137
-25317,3000,39353.168745
-21348,3000,39366.111666
-19329,3000,39378.389516
-17288,3000,39390.706451
-22343,3000,39403.265908
-8381,3000,39416.235572
-22351,3000,39429.340779
-17309,3000,39441.961231
-20331,3000,39454.622456
-20345,3000,39466.33476
-17334,3000,39479.499608
-21336,3000,39492.09134
-15312,3000,39504.548346
-26355,3000,39516.99804
-17342,3000,39529.706465
-20328,3000,39542.36807
-18341,3000,39555.553464
-14341,3000,39567.695779
-19351,3000,39580.585591
-22342,3000,39593.224859
-24350,3000,39606.866878
-22346,3000,39619.678264
-22336,3000,39633.266415
-13331,3000,39646.11189
-19314,3000,39658.655381
-20343,3000,39672.199222
-19352,3000,39684.982174
-9319,3000,39697.244591
-20383,3000,39710.287325
-15400,3000,39723.352929
-20379,3000,39735.780098
-13347,3000,39749.028587
-14363,3000,39762.332412
-25325,3000,39774.212209
-26386,3000,39786.769714
-27387,3000,39799.822059
-18332,3000,39812.325866
-25366,3000,39824.725011
-16371,3000,39838.420548
-21371,3000,39852.05908
-18332,3000,39864.600677
-16342,3000,39877.536877
-13379,3000,39891.114192
-22335,3000,39904.576263
-16377,3000,39916.691475
-23384,3000,39941.915404
-20377,3000,39954.278848
-22373,3000,39967.11127
-23369,3000,39980.370986
-25373,3000,39993.519542
-14327,3000,40005.836196
-26343,3000,40018.353861
-16358,3000,40030.85595
-25329,3000,40043.350144
-19341,3000,40055.418413
-17313,3000,40067.992186
-17344,3000,40080.11609
-20368,3000,40092.663546
-14334,3000,40105.34209
-21346,3000,40118.196909
-28324,3000,40130.733045
-17367,3000,40142.5953
-19342,3000,40154.702399
-14350,3000,40167.550115
-22345,3000,40179.945643
-19303,3000,40192.674257
-11370,3000,40205.152002
-21311,3000,40217.936124
-22363,3000,40230.423619
-17367,3000,40242.883189
-19353,3000,40255.262234
-18344,3000,40268.108757
-10365,3000,40281.059285
-20324,3000,40293.301421
-16310,3000,40305.60656
-23309,3000,40318.507793
-20302,3000,40331.384735
-11370,3000,40344.199695
-21372,3000,40356.899051
-14332,3000,40369.53693
-16318,3000,40382.518427
-24378,3000,40395.64873
-19341,3000,40407.732256
-14338,3000,40420.110058
-25356,3000,40432.62279
-19382,3000,40444.785679
-15318,3000,40457.640578
-23313,3000,40470.526561
-14347,3000,40483.610941
-15340,3000,40496.288489
-24353,3000,40509.169469
-17306,3000,40521.295134
-19340,3000,40534.493016
-26375,3000,40546.828536
-15298,3000,40558.694077
-22333,3000,40570.745595
-15385,3000,40584.298652
-16334,3000,40596.936511
-11369,3000,40610.382982
-23315,3000,40622.698629
-17335,3000,40634.935623
-17352,3000,40647.689295
-18330,3000,40660.628031
-11354,3000,40673.349329
-18311,3000,40685.979402
-16368,3000,40698.881461
-26324,3000,40711.300865
-26333,3000,40723.641775
-17350,3000,40736.591738
-26365,3000,40748.817295
-18369,3000,40761.759889
-29354,3000,40785.812829
-16337,3000,40797.974015
-23348,3000,40810.070835
-22363,3000,40822.487206
-20353,3000,40835.450996
-21335,3000,40847.500074
-10334,3000,40860.308208
-16332,3000,40872.533888
-21304,3000,40885.197857
-18331,3000,40897.482422
-18296,3000,40909.409065
-18328,3000,40921.311204
-28325,3000,40934.068037
-17326,3000,40946.169246
-20286,3000,40957.612752
-15344,3000,40969.823908
-21313,3000,40981.810145
-26370,3000,40994.91959
-11334,3000,41007.427181
-18302,3000,41020.239132
-19339,3000,41032.944294
-28340,3000,41045.741655
-14364,3000,41059.00254
-21351,3000,41071.355925
-23322,3000,41084.188447
-16309,3000,41096.890515
-20329,3000,41109.219829
-22329,3000,41121.946699
-31322,3000,41134.563167
-13348,3000,41147.142317
-22355,3000,41159.8684
-21351,3000,41172.51526
-14327,3000,41185.326303
-24320,3000,41198.295205
-23352,3000,41211.397961
-23300,3000,41223.648824
-13339,3000,41235.910235
-24294,3000,41247.940217
-23330,3000,41260.620472
-23328,3000,41272.986279
-13379,3000,41286.176164
-16299,3000,41298.335454
-25333,3000,41311.393475
-22331,3000,41324.604846
-17330,3000,41337.585426
-16328,3000,41349.363156
-21355,3000,41362.438159
-16350,3000,41375.373011
-12330,3000,41388.301225
-18345,3000,41401.115804
-27337,3000,41413.772652
-26349,3000,41427.263106
-18303,3000,41440.141467
-21292,3000,41452.256617
-19328,3000,41464.629938
-19290,3000,41476.855168
-20351,3000,41489.361385
-25364,3000,41501.789722
-15332,3000,41514.401165
-21320,3000,41527.799521
-25332,3000,41540.556101
-22342,3000,41553.447668
-24352,3000,41566.5679
-20342,3000,41578.842395
-15329,3000,41591.417513
-12343,3000,41604.550087
-18331,3000,41617.6565
-14340,3000,41642.351512
-17339,3000,41655.314773
-10344,3000,41668.25052
-25334,3000,41681.221911
-19372,3000,41693.063623
-18342,3000,41705.46409
-28307,3000,41718.314085
-9351,3000,41731.572455
-22360,3000,41744.579069
-18374,3000,41757.692918
-22315,3000,41769.764148
-15318,3000,41782.675177
-18327,3000,41795.647191
-22324,3000,41808.319155
-20335,3000,41820.368907
-23351,3000,41833.341939
-14353,3000,41845.97554
-19346,3000,41858.640633
-12328,3000,41870.686491
-31364,3000,41883.204592
-19337,3000,41895.450714
-16355,3000,41908.654713
-20330,3000,41921.478436
-19334,3000,41933.599296
-21345,3000,41946.927655
-20308,3000,41960.221077
-9328,3000,41972.507519
-23317,3000,41984.140816
-30337,3000,41997.221603
-20336,3000,42009.801291
-18336,3000,42022.442342
-13326,3000,42035.284395
-20292,3000,42047.775753
-23379,3000,42060.812259
-26328,3000,42073.659108
-22343,3000,42086.623591
-15326,3000,42098.920511
-23322,3000,42111.568016
-17359,3000,42124.202377
-20307,3000,42136.011146
-24361,3000,42149.516232
-19331,3000,42162.198279
-27355,3000,42175.176663
-22352,3000,42187.825879
-4338,3000,42201.50304
-20339,3000,42213.562459
-22368,3000,42227.336548
-14335,3000,42240.294022
-28340,3000,42252.486185
-20353,3000,42265.582856
-23313,3000,42278.697555
-12336,3000,42291.212113
-26304,3000,42302.779931
-21313,3000,42315.218135
-25340,3000,42327.583179
-21367,3000,42340.406605
-18350,3000,42353.502598
-19334,3000,42366.380942
-19355,3000,42379.328957
-26389,3000,42392.309486
-22318,3000,42404.810202
-16334,3000,42417.942388
-19322,3000,42430.787368
-18323,3000,42443.692433
-21386,3000,42457.016832
-21338,3000,42469.790353
-21359,3000,42482.528525
-16356,3000,42506.109974
-15362,3000,42518.900915
-21369,3000,42532.326135
-17335,3000,42545.201329
-21319,3000,42558.056056
-28292,3000,42569.994843
-15329,3000,42582.688888
-16328,3000,42595.580356
-17338,3000,42608.641035
-16324,3000,42621.508749
-28329,3000,42634.319316
-10356,3000,42647.143032
-16350,3000,42659.55027
-20308,3000,42672.421382
-15333,3000,42685.407963
-24338,3000,42698.040316
-14321,3000,42710.35551
-18355,3000,42722.913848
-19354,3000,42735.507629
-26343,3000,42748.169277
-20313,3000,42761.027382
-16354,3000,42774.719887
-25331,3000,42787.369959
-19342,3000,42799.837797
-22330,3000,42812.636012
-17331,3000,42825.488223
-19324,3000,42837.668607
-9319,3000,42850.266027
-21352,3000,42863.407453
-21353,3000,42876.578408
-10329,3000,42889.189004
-28354,3000,42902.165693
-18366,3000,42914.96178
-25313,3000,42927.851294
-12312,3000,42940.552164
-9304,3000,42952.55617
-24368,3000,42964.550723
-15326,3000,42976.940839
-23379,3000,42990.219222
-16358,3000,43002.692814
-10361,3000,43015.813
-22359,3000,43028.754521
-22326,3000,43041.640403
-16358,3000,43054.4239
-19344,3000,43067.259355
-23315,3000,43079.569082
-12332,3000,43092.104482
-19315,3000,43104.5737
-18360,3000,43117.827632
-12304,3000,43129.881128
-17335,3000,43142.273615
-6344,3000,43154.185437
-12354,3000,43166.657711
-19347,3000,43179.010746
-20396,3000,43192.382893
-20337,3000,43204.86054
-17310,3000,43217.140535
-26347,3000,43230.170716
-19335,3000,43242.852341
-20355,3000,43255.989244
-17339,3000,43268.379697
-19346,3000,43281.624103
-21345,3000,43295.195503
-15330,3000,43307.619123
-20316,3000,43320.436499
-32359,3000,43333.191534
-21327,3000,43357.313905
-18394,3000,43370.841384
-21352,3000,43384.054062
-29383,3000,43397.723591
-20357,3000,43409.944989
-28334,3000,43422.397013
-15309,3000,43435.4631
-20346,3000,43448.735889
-26342,3000,43461.812581
-27362,3000,43474.964777
-11279,3000,43487.554808
-12365,3000,43500.462076
-16347,3000,43513.467843
-13340,3000,43525.647115
-18352,3000,43538.425076
-22338,3000,43550.469358
-25357,3000,43563.568398
-22365,3000,43577.015706
-22337,3000,43589.942536
-16317,3000,43602.41045
-18358,3000,43615.532186
-16346,3000,43628.233699
-21352,3000,43641.087356
-23353,3000,43654.424475
-20333,3000,43666.977494
-14326,3000,43679.773889
-16359,3000,43692.625651
-23363,3000,43705.338567
-18340,3000,43717.706557
-18357,3000,43730.454057
-17319,3000,43743.116726
-20335,3000,43755.436575
-14349,3000,43768.572948
-17342,3000,43781.240739
-23358,3000,43793.594329
-24316,3000,43804.899794
-12347,3000,43817.294071
-13344,3000,43829.925082
-14319,3000,43842.370604
-18332,3000,43854.670679
-17319,3000,43867.215939
-22326,3000,43879.23638
-16342,3000,43892.188158
-17359,3000,43904.877843
-16369,3000,43917.792623
-19360,3000,43930.838612
-16351,3000,43943.753407
-22331,3000,43956.641931
-37389,3000,43970.084964
-17326,3000,43982.845473
-21332,3000,43995.723804
-20348,3000,44008.280455
-17372,3000,44020.722574
-19340,3000,44033.557959
-27326,3000,44046.177178
-26336,3000,44058.519719
-22365,3000,44070.832413
-18372,3000,44083.438406
-16319,3000,44096.330105
-10358,3000,44109.505416
-16373,3000,44122.744704
-13354,3000,44135.632956
-20393,3000,44148.627676
-29332,3000,44160.866334
-25400,3000,44173.717684
-16330,3000,44186.266071
-20308,3000,44199.60265
-21330,3000,44223.731331
-24335,3000,44237.085815
-15323,3000,44249.263074
-24316,3000,44262.487746
-20328,3000,44275.397465
-21316,3000,44288.704343
-13336,3000,44301.164626
-20355,3000,44314.263401
-18367,3000,44326.991614
-21337,3000,44339.781574
-14334,3000,44352.354417
-20351,3000,44366.322839
-19363,3000,44379.309912
-17332,3000,44392.072324
-14366,3000,44405.242452
-19328,3000,44418.517094
-15304,3000,44431.024412
-20352,3000,44443.874246
-21351,3000,44456.237935
-28353,3000,44469.439743
-17313,3000,44481.671173
-14308,3000,44493.679149
-15317,3000,44505.261617
-24345,3000,44517.552538
-23360,3000,44530.190163
-28288,3000,44542.959841
-16384,3000,44555.486516
-25335,3000,44567.807516
-27335,3000,44579.979693
-17342,3000,44593.306543
-18353,3000,44606.25633
-17377,3000,44619.204755
-15341,3000,44631.635751
-26323,3000,44644.211535
-30332,3000,44656.511748
-24360,3000,44669.629664
-25352,3000,44682.271338
-24348,3000,44695.286221
-19330,3000,44708.101113
-20372,3000,44721.258819
-24335,3000,44733.988801
-19345,3000,44746.35462
-20312,3000,44759.409625
-14348,3000,44772.416737
-18345,3000,44784.429274
-15346,3000,44797.577038
-19362,3000,44810.329696
-18343,3000,44823.821441
-13356,3000,44836.517163
-14343,3000,44849.860675
-20378,3000,44862.846423
-16369,3000,44875.707473
-17297,3000,44888.186958
-15306,3000,44900.085792
-21345,3000,44912.741705
-24340,3000,44925.545232
-15335,3000,44938.242472
-24346,3000,44950.812142
-11314,3000,44963.370212
-14352,3000,44976.438039
-15342,3000,44989.354481
-18314,3000,45001.101807
-17341,3000,45013.566537
-15341,3000,45026.759592
-14318,3000,45039.329889
-17359,3000,45052.252208
-14332,3000,45064.906188
-16346,3000,45089.098951
-20352,3000,45101.947721
-14350,3000,45114.218318
-19375,3000,45127.260335
-17311,3000,45140.014818
-16349,3000,45153.26019
-13314,3000,45165.619894
-20313,3000,45179.185089
-17328,3000,45191.472151
-28356,3000,45204.663867
-17328,3000,45217.636907
-22393,3000,45231.588021
-21343,3000,45243.968376
-20332,3000,45256.747712
-20312,3000,45269.25376
-28364,3000,45282.581404
-28326,3000,45295.749949
-19315,3000,45308.235169
-20317,3000,45321.197924
-19337,3000,45333.631923
-21302,3000,45346.138918
-14324,3000,45358.732476
-19341,3000,45370.70497
-20353,3000,45383.478223
-25323,3000,45395.94096
-15333,3000,45409.015908
-22315,3000,45421.970052
-15322,3000,45434.596487
-16329,3000,45446.893061
-16349,3000,45459.895683
-13320,3000,45471.646225
-22367,3000,45484.660122
-17312,3000,45496.97028
-22371,3000,45510.637115
-19335,3000,45523.525956
-19343,3000,45536.284987
-22315,3000,45549.286228
-24278,3000,45561.85942
-15346,3000,45574.760172
-18337,3000,45587.052863
-19345,3000,45599.70882
-24330,3000,45612.34317
-18337,3000,45625.194918
-23334,3000,45638.354238
-14355,3000,45651.17889
-16276,3000,45663.698849
-19360,3000,45676.291434
-14320,3000,45689.072434
-19370,3000,45702.06303
-13354,3000,45715.003385
-15309,3000,45727.732507
-13328,3000,45740.304618
-12344,3000,45752.90696
-14303,3000,45765.575522
-24373,3000,45778.877949
-19309,3000,45790.81498
-23354,3000,45802.897521
-11313,3000,45815.634132
-29349,3000,45827.848619
-18312,3000,45840.270923
-15343,3000,45853.212533
-22317,3000,45866.142726
-18346,3000,45878.842745
-19329,3000,45891.155807
-20351,3000,45903.719033
-15334,3000,45916.8354
-17339,3000,45941.085647
-14341,3000,45953.662653
-20390,3000,45967.045565
-19346,3000,45980.131734
-23307,3000,45993.241918
-26330,3000,46006.37646
-21337,3000,46019.263585
-16356,3000,46031.87889
-18324,3000,46044.788206
-11307,3000,46057.231538
-23306,3000,46069.560147
-14302,3000,46082.01995
-16305,3000,46094.924946
-20363,3000,46108.249127
-28323,3000,46120.830804
-16352,3000,46133.369881
-24388,3000,46146.80609
-14322,3000,46159.633411
-29340,3000,46173.119677
-24343,3000,46185.967872
-18306,3000,46199.079909
-17335,3000,46211.769816
-18335,3000,46224.848005
-15295,3000,46237.299373
-19306,3000,46250.31814
-23289,3000,46262.927078
-8356,3000,46275.665604
-21334,3000,46289.075243
-23296,3000,46301.175454
-19327,3000,46313.899932
-21334,3000,46327.194382
-12320,3000,46340.082946
-24358,3000,46352.45652
-19339,3000,46365.507737
-13355,3000,46378.324357
-15333,3000,46390.879034
-22319,3000,46404.060466
-12342,3000,46416.557784
-20380,3000,46430.012202
-20347,3000,46442.481098
-21344,3000,46455.605241
-15345,3000,46469.068802
-25337,3000,46482.169983
-16335,3000,46494.910164
-20344,3000,46508.066102
-16310,3000,46520.551471
-26366,3000,46533.751979
-13348,3000,46547.188794
-16327,3000,46560.244602
-19309,3000,46572.331435
-13408,3000,46586.382857
-21334,3000,46598.960863
-19331,3000,46612.257241
-23348,3000,46625.618697
-20332,3000,46638.755267
-16335,3000,46651.617121
-17340,3000,46664.869982
-13346,3000,46678.327058
-17375,3000,46692.533198
-19362,3000,46705.801122
-22315,3000,46719.034613
-12331,3000,46731.892335
-13357,3000,46745.167437
-22357,3000,46758.100464
-20316,3000,46770.842047
-20337,3000,46783.789365
-18325,3000,46796.016076
-24337,3000,46819.531665
-16332,3000,46832.229647
-13358,3000,46845.588462
-18300,3000,46858.748497
-17339,3000,46871.615239
-19340,3000,46883.830176
-15355,3000,46896.699183
-20316,3000,46909.654507
-20344,3000,46922.534121
-17363,3000,46935.459373
-10344,3000,46949.32917
-21346,3000,46961.955656
-11359,3000,46974.750648
-23323,3000,46988.325566
-21316,3000,47001.840561
-22344,3000,47014.440098
-19343,3000,47027.369651
-17286,3000,47039.613611
-16368,3000,47052.851799
-26349,3000,47065.945632
-10314,3000,47078.720509
-20337,3000,47091.881344
-18318,3000,47104.390186
-19321,3000,47116.660543
-24350,3000,47130.285166
-28361,3000,47143.680878
-20295,3000,47156.166205
-22315,3000,47168.798571
-15334,3000,47181.615609
-21320,3000,47195.283902
-15342,3000,47208.174983
-21341,3000,47221.574446
-15357,3000,47234.87366
-15318,3000,47247.632572
-13359,3000,47260.748168
-22342,3000,47273.487084
-32323,3000,47286.256587
-18330,3000,47298.863173
-13336,3000,47311.610538
-22349,3000,47324.83802
-23326,3000,47337.445955
-10291,3000,47350.008182
-16348,3000,47362.524195
-18343,3000,47376.206919
-21314,3000,47389.040524
-14320,3000,47401.366291
-19329,3000,47414.404032
-16327,3000,47427.352428
-22322,3000,47439.40615
-23310,3000,47451.902877
-18322,3000,47464.289344
-24324,3000,47477.443832
-17328,3000,47490.097551
-15372,3000,47502.876833
-19344,3000,47515.912091
-18381,3000,47528.556641
-26338,3000,47541.665816
-20327,3000,47554.337343
-21326,3000,47567.297235
-23379,3000,47580.366239
-15352,3000,47593.49208
-14338,3000,47606.617332
-11304,3000,47619.461929
-19333,3000,47632.062212
-21313,3000,47644.123415
-21335,3000,47656.59201
-15307,3000,47669.067598
-23336,3000,47692.718749
-24317,3000,47705.665577
-14373,3000,47719.099938
-18305,3000,47731.642298
-23328,3000,47743.684069
-9352,3000,47756.931931
-26358,3000,47769.615797
-12303,3000,47782.090181
-28333,3000,47794.844069
-29338,3000,47808.468429
-14345,3000,47821.721465
-17326,3000,47834.579006
-20328,3000,47847.428607
-20335,3000,47860.415099
-19318,3000,47874.200922
-11328,3000,47886.829477
-21338,3000,47900.008888
-23322,3000,47912.463111
-18325,3000,47924.982019
-16318,3000,47937.844174
-17317,3000,47950.404653
-22336,3000,47963.284997
-16375,3000,47976.091897
-21344,3000,47988.8977
-27353,3000,48001.723024
-20368,3000,48014.740826
-14329,3000,48026.992308
-24356,3000,48040.295479
-16336,3000,48053.56248
-18300,3000,48066.634903
-22324,3000,48079.481909
-15340,3000,48092.078156
-18327,3000,48104.308093
-14361,3000,48117.171841
-17303,3000,48130.022193
-16341,3000,48142.506118
-23332,3000,48155.115187
-26361,3000,48167.749885
-16312,3000,48180.313066
-19366,3000,48193.633778
-18368,3000,48207.468
-13277,3000,48219.713855
-17333,3000,48232.838711
-23331,3000,48244.82474
-17338,3000,48257.585971
-16374,3000,48270.265746
-20350,3000,48283.129663
-14332,3000,48295.687481
-16332,3000,48308.981041
-14295,3000,48322.066094
-21304,3000,48334.687775
-25328,3000,48347.698317
-19346,3000,48361.177637
-10339,3000,48374.511395
-23355,3000,48387.593509
-19353,3000,48400.444239
-17298,3000,48413.458283
-27324,3000,48426.096976
-6299,3000,48438.848414
-20359,3000,48452.138216
-22319,3000,48465.168712
-22289,3000,48478.08868
-20329,3000,48491.264374
-18273,3000,48503.276795
-26348,3000,48516.18259
-26328,3000,48528.808656
-28322,3000,48552.685606
-16341,3000,48564.922679
-17329,3000,48577.709204
-25338,3000,48590.856705
-23349,3000,48603.070544
-14386,3000,48616.501176
-17375,3000,48629.134447
-26358,3000,48642.217858
-17380,3000,48655.658186
-23338,3000,48668.716372
-25348,3000,48681.170459
-14358,3000,48694.429871
-16310,3000,48706.556162
-8323,3000,48719.509824
-20322,3000,48732.071896
-25326,3000,48744.940144
-16317,3000,48757.552148
-18330,3000,48770.188911
-16339,3000,48783.179638
-20345,3000,48796.375393
-19340,3000,48809.47407
-14361,3000,48822.971818
-19305,3000,48835.921808
-22337,3000,48848.664099
-17311,3000,48860.722596
-21359,3000,48873.969088
-20378,3000,48887.17546
-12361,3000,48899.895369
-15354,3000,48913.610159
-14354,3000,48926.030617
-17347,3000,48939.155841
-24333,3000,48952.733485
-21369,3000,48965.312087
-19334,3000,48977.458594
-20341,3000,48991.209535
-23342,3000,49004.199815
-19367,3000,49016.724895
-19326,3000,49030.293824
-18262,3000,49042.481648
-26336,3000,49054.895648
-20337,3000,49067.755505
-14339,3000,49080.048825
-24334,3000,49093.308799
-22361,3000,49106.727366
-13374,3000,49120.130267
-16334,3000,49132.843904
-9343,3000,49146.176031
-15323,3000,49158.217644
-19374,3000,49171.792756
-22377,3000,49185.090607
-23362,3000,49198.435825
-21345,3000,49211.111066
-13296,3000,49223.337579
-19350,3000,49236.326177
-10351,3000,49249.342664
-16320,3000,49261.65722
-22306,3000,49274.310601
-17331,3000,49287.18765
-15316,3000,49299.488416
-22353,3000,49312.211883
-18314,3000,49325.246976
-21361,3000,49338.282804
-18303,3000,49350.387833
-21335,3000,49362.201748
-20332,3000,49375.046677
-19339,3000,49388.056695
-16344,3000,49400.812638
-18335,3000,49424.329258
-23329,3000,49437.667558
-12326,3000,49450.872457
-16348,3000,49463.866079
-12328,3000,49476.917676
-22304,3000,49489.960301
-20349,3000,49503.253934
-18338,3000,49515.313419
-20332,3000,49527.901484
-27360,3000,49541.189373
-15323,3000,49553.53008
-23337,3000,49566.62031
-7344,3000,49579.395227
-20335,3000,49592.197012
-19364,3000,49605.750657
-17354,3000,49618.927042
-22349,3000,49632.417553
-17314,3000,49645.431942
-15349,3000,49658.172543
-25362,3000,49671.602151
-26353,3000,49684.642655
-29318,3000,49697.162139
-15330,3000,49709.946953
-17362,3000,49723.401354
-19352,3000,49736.450002
-31346,3000,49749.855434
-25353,3000,49763.09375
-13332,3000,49775.934608
-10308,3000,49788.517437
-23315,3000,49801.66218
-15331,3000,49814.442434
-18315,3000,49827.578255
-16317,3000,49839.923753
-17339,3000,49853.093362
-14336,3000,49866.977288
-20352,3000,49880.943642
-13281,3000,49893.110538
-13366,3000,49906.387146
-18370,3000,49920.004171
-20376,3000,49933.431812
-19338,3000,49946.544492
-10323,3000,49959.583978
-26324,3000,49972.334839
-15341,3000,49985.766957
-24346,3000,49998.152189
-27377,3000,50011.574636
-20329,3000,50024.715364
-24368,3000,50038.092202
-22343,3000,50051.303258
-19354,3000,50063.921378
-17342,3000,50076.651656
-18367,3000,50090.129692
-14346,3000,50102.509855
-19358,3000,50115.804803
-16344,3000,50129.68582
-14350,3000,50142.49043
-12325,3000,50154.717808
-18307,3000,50166.922315
-26320,3000,50180.144862
-21348,3000,50192.732059
-21335,3000,50204.923571
-20355,3000,50217.504486
-31369,3000,50230.59753
-21337,3000,50243.632803
-14312,3000,50256.100531
-26379,3000,50269.093643
-14298,3000,50281.990365
-27359,3000,50306.469331
-12324,3000,50320.035891
-27338,3000,50333.346217
-19335,3000,50346.299839
-20333,3000,50359.436451
-17341,3000,50372.97043
-24325,3000,50386.307982
-18341,3000,50398.706494
-21308,3000,50411.271562
-20327,3000,50424.30157
-22347,3000,50437.314922
-24356,3000,50450.795922
-24327,3000,50463.837086
-23327,3000,50476.370128
-11291,3000,50488.21358
-20355,3000,50501.015696
-23351,3000,50513.953855
-21360,3000,50528.342075
-17276,3000,50540.340788
-20342,3000,50553.131912
-22335,3000,50567.140284
-13306,3000,50579.818142
-18354,3000,50593.279197
-30359,3000,50605.603586
-17297,3000,50618.333707
-22364,3000,50631.264567
-16349,3000,50644.481838
-22324,3000,50657.710613
-16328,3000,50670.266171
-19298,3000,50682.892092
-23341,3000,50695.854798
-21362,3000,50708.063985
-23315,3000,50721.014905
-19314,3000,50733.784234
-21332,3000,50746.295237
-22368,3000,50759.33862
-21313,3000,50772.065627
-14318,3000,50785.339194
-12366,3000,50798.441876
-16306,3000,50811.880215
-22374,3000,50825.428846
-18340,3000,50838.317036
-20291,3000,50851.036915
-11311,3000,50863.653245
-18383,3000,50877.246687
-24326,3000,50890.058863
-13314,3000,50903.024524
-21294,3000,50915.99105
-12337,3000,50928.404067
-20360,3000,50941.038583
-16325,3000,50953.93788
-22370,3000,50967.714322
-29352,3000,50980.346032
-25363,3000,50993.728848
-22341,3000,51006.692278
-14349,3000,51019.869904
-22320,3000,51032.251809
-20317,3000,51045.442526
-13315,3000,51058.254103
-21346,3000,51071.39534
-18328,3000,51084.083946
-21333,3000,51096.00127
-24337,3000,51108.232913
-14347,3000,51121.339792
-16341,3000,51134.401841
-11351,3000,51147.179029
-22349,3000,51171.382338
-26304,3000,51184.131687
-33328,3000,51197.011007
-15357,3000,51210.333102
-21332,3000,51222.387344
-17341,3000,51234.57703
-21342,3000,51247.007354
-20286,3000,51259.090297
-25335,3000,51271.858872
-15314,3000,51284.812756
-23333,3000,51298.027592
-18349,3000,51310.428238
-24281,3000,51322.788765
-14377,3000,51336.650311
-16375,3000,51350.484514
-20355,3000,51363.399946
-17358,3000,51376.431752
-16331,3000,51389.240406
-28309,3000,51402.752782
-16352,3000,51416.256098
-29333,3000,51428.458221
-19329,3000,51441.561137
-13319,3000,51454.132525
-17302,3000,51466.544817
-22347,3000,51478.923983
-23371,3000,51491.691965
-19377,3000,51504.951631
-14324,3000,51517.962366
-10320,3000,51530.494351
-8310,3000,51542.788352
-17327,3000,51555.130514
-27317,3000,51568.238996
-21310,3000,51581.247249
-20339,3000,51594.023183
-13306,3000,51606.632009
-15304,3000,51619.09812
-14312,3000,51631.44042
-24342,3000,51645.122089
-18357,3000,51657.666187
-21330,3000,51670.374929
-18336,3000,51683.354067
-20340,3000,51696.095797
-17328,3000,51708.842251
-25319,3000,51721.771539
-21335,3000,51734.713281
-19287,3000,51747.136732
-14328,3000,51760.423943
-18329,3000,51773.548779
-14338,3000,51786.439366
-25320,3000,51800.062848
-21337,3000,51812.838932
-14332,3000,51825.883162
-22311,3000,51838.915141
-25354,3000,51851.74786
-15313,3000,51863.845199
-28359,3000,51877.666322
-22345,3000,51890.636954
-17358,3000,51903.831386
-21292,3000,51916.325112
-14301,3000,51928.776985
-14327,3000,51941.904788
-26335,3000,51955.091131
-19309,3000,51967.941282
-15362,3000,51980.450132
-18333,3000,51993.485926
-20351,3000,52006.885163
-19330,3000,52019.165839
-22318,3000,52043.09263
-28326,3000,52055.867219
-22291,3000,52068.735161
-15299,3000,52081.581889
-18334,3000,52094.120786
-15339,3000,52106.603286
-19318,3000,52120.03039
-18281,3000,52132.711956
-25328,3000,52145.975601
-22337,3000,52158.936645
-22316,3000,52171.756672
-16334,3000,52184.594413
-13334,3000,52197.411259
-16337,3000,52210.624267
-21348,3000,52223.811108
-21369,3000,52236.837832
-19358,3000,52250.508357
-11339,3000,52263.725995
-20331,3000,52276.248283
-25321,3000,52288.68679
-24331,3000,52301.334488
-21332,3000,52314.114805
-18291,3000,52326.254623
-21329,3000,52339.131991
-19378,3000,52352.308198
-20335,3000,52365.28547
-19328,3000,52377.847775
-15355,3000,52390.225134
-21316,3000,52403.11806
-18277,3000,52415.171118
-18352,3000,52428.276516
-21354,3000,52441.926372
-12364,3000,52454.198349
-17303,3000,52466.235595
-19309,3000,52478.885228
-20333,3000,52491.791346
-17333,3000,52504.609479
-19307,3000,52517.1925
-18308,3000,52530.015378
-14317,3000,52542.425298
-22311,3000,52554.985255
-20345,3000,52567.391363
-29305,3000,52580.157805
-17283,3000,52592.640321
-22290,3000,52605.111157
-15336,3000,52617.98484
-15358,3000,52631.371439
-25353,3000,52643.643426
-16302,3000,52655.861027
-20289,3000,52667.870443
-27317,3000,52681.140882
-23329,3000,52693.960855
-18323,3000,52706.097651
-23296,3000,52718.403008
-14337,3000,52730.63252
-10319,3000,52743.868829
-18288,3000,52756.344017
-15316,3000,52768.13278
-22347,3000,52780.943079
-18313,3000,52793.708845
-18307,3000,52806.10653
-17307,3000,52819.182945
-15313,3000,52832.218205
-16316,3000,52844.4117
-19267,3000,52856.332445
-21299,3000,52868.603217
-15365,3000,52881.537968
-18309,3000,52905.123331
-27364,3000,52918.43304
-15332,3000,52930.787438
-23299,3000,52943.555593
-13353,3000,52957.037887
-18298,3000,52969.340903
-14314,3000,52981.967044
-16339,3000,52995.017377
-19347,3000,53007.044632
-18323,3000,53018.854777
-23332,3000,53031.389923
-35317,3000,53043.170601
-14325,3000,53055.178107
-21323,3000,53067.849905
-22324,3000,53080.864332
-21359,3000,53093.558203
-21329,3000,53106.021941
-19308,3000,53118.847446
-21318,3000,53131.840367
-25289,3000,53144.457671
-12347,3000,53157.040105
-23373,3000,53170.383574
-18317,3000,53182.608176
-18307,3000,53194.879838
-19332,3000,53207.866245
-21314,3000,53219.39656
-15329,3000,53231.716407
-16258,3000,53243.427148
-14283,3000,53255.538588
-23310,3000,53267.536865
-20338,3000,53280.513407
-24333,3000,53292.933981
-18312,3000,53305.125871
-24315,3000,53316.855608
-19307,3000,53329.094867
-23313,3000,53341.84174
-24309,3000,53354.270589
-20299,3000,53366.652374
-16287,3000,53379.342972
-15342,3000,53391.712212
-14289,3000,53404.368248
-23274,3000,53416.450171
-21318,3000,53428.581975
-18331,3000,53442.176534
-30325,3000,53454.991414
-19346,3000,53467.433235
-12323,3000,53479.406729
-19284,3000,53491.255983
-20292,3000,53503.068686
-28318,3000,53515.531537
-17327,3000,53527.645307
-22342,3000,53540.428107
-13350,3000,53553.210423
-19275,3000,53564.832633
-23331,3000,53578.050969
-15307,3000,53590.04781
-20302,3000,53603.024813
-18309,3000,53615.621599
-19292,3000,53627.627748
-25305,3000,53640.246742
-25344,3000,53652.768198
-17297,3000,53664.761029
-16308,3000,53676.714708
-26303,3000,53689.17444
-21297,3000,53701.2105
-13294,3000,53713.299973
-16315,3000,53736.226402
-16313,3000,53748.609473
-24343,3000,53760.682373
-22344,3000,53772.9479
-23337,3000,53786.132765
-13258,3000,53798.260358
-23318,3000,53810.848921
-21349,3000,53823.211936
-23299,3000,53835.10508
-19252,3000,53847.245259
-17283,3000,53859.608388
-18281,3000,53872.233638
-14290,3000,53884.839873
-7291,3000,53896.91657
-19298,3000,53909.10204
-16336,3000,53921.44391
-20317,3000,53933.681096
-19329,3000,53946.450887
-22300,3000,53959.793101
-19320,3000,53972.283251
-25288,3000,53984.295175
-18332,3000,53997.128392
-14299,3000,54009.532905
-20290,3000,54022.465126
-17320,3000,54035.238271
-23329,3000,54047.917003
-18311,3000,54060.366127
-16320,3000,54072.999702
-20302,3000,54085.761648
-16328,3000,54098.481603
-23337,3000,54110.809112
-20323,3000,54123.360389
-17302,3000,54135.514117
-19325,3000,54148.642033
-25327,3000,54160.904523
-17324,3000,54173.49963
-19325,3000,54186.073957
-22313,3000,54198.516478
-19334,3000,54211.031013
-13307,3000,54223.262719
-20308,3000,54235.771035
-17287,3000,54247.478368
-18278,3000,54259.622728
-22309,3000,54272.258322
-13254,3000,54284.294572
-14356,3000,54296.614498
-20317,3000,54309.036438
-26335,3000,54322.332464
-14275,3000,54334.611865
-22290,3000,54346.772391
-21297,3000,54358.515805
-10291,3000,54370.333374
-17334,3000,54382.271227
-11302,3000,54394.395879
-15283,3000,54406.951734
-18315,3000,54419.911436
-20288,3000,54431.751343
-22317,3000,54444.205267
-28294,3000,54456.650951
-14327,3000,54468.999939
-24275,3000,54480.795216
-15332,3000,54493.292591
-17290,3000,54505.681206
-21308,3000,54517.761345
-18325,3000,54530.436682
-17291,3000,54542.720882
-25258,3000,54554.848796
-17303,3000,54577.392486
-26313,3000,54589.839513
-18304,3000,54602.51055
-14314,3000,54614.537399
-19283,3000,54626.921819
-13272,3000,54638.531947
-12292,3000,54651.023456
-23294,3000,54663.233077
-17262,3000,54674.932474
-27330,3000,54687.68038
-21329,3000,54700.061673
-17276,3000,54712.692733
-19297,3000,54725.011858
-24320,3000,54736.812941
-16284,3000,54748.725412
-16321,3000,54760.609565
-14326,3000,54773.060179
-24284,3000,54785.37792
-19280,3000,54797.132108
-14323,3000,54809.235422
-16288,3000,54821.649915
-17305,3000,54834.242911
-27302,3000,54846.309159
-16330,3000,54858.345537
-15271,3000,54869.982159
-20293,3000,54882.407886
-26324,3000,54895.145347
-21302,3000,54907.722646
-25319,3000,54919.885314
-19283,3000,54931.716138
-26314,3000,54944.431383
-18341,3000,54956.868107
-20337,3000,54969.310728
-19280,3000,54981.266654
-12254,3000,54993.196331
-10302,3000,55005.582021
-7303,3000,55018.232704
-12269,3000,55029.855458
-16311,3000,55042.478665
-13306,3000,55055.46456
-20278,3000,55068.12968
-25304,3000,55080.390683
-21301,3000,55092.676405
-20288,3000,55104.947686
-17278,3000,55116.771626
-19285,3000,55128.746259
-16254,3000,55140.340445
-22300,3000,55152.766953
-22331,3000,55165.475609
-14287,3000,55177.195302
-17244,3000,55189.24392
-17297,3000,55201.369733
-22298,3000,55213.685851
-13340,3000,55225.695946
-23290,3000,55237.807609
-9266,3000,55250.020151
-17283,3000,55262.657781
-20300,3000,55275.47938
-22317,3000,55288.562868
-22321,3000,55301.122661
-16333,3000,55314.245211
-14310,3000,55326.556194
-22313,3000,55338.898113
-16293,3000,55351.297296
-29313,3000,55363.829582
-16306,3000,55376.792966
-17290,3000,55388.638191
-12277,3000,55411.251306
-16338,3000,55423.92082
-9257,3000,55435.54301
-13299,3000,55448.053526
-19316,3000,55460.046179
-21310,3000,55472.000306
-14292,3000,55484.099078
-22316,3000,55496.109787
-14288,3000,55507.90601
-22313,3000,55519.665898
-24324,3000,55532.33327
-21265,3000,55544.100883
-18301,3000,55556.901394
-16287,3000,55569.578245
-15264,3000,55581.550037
-20312,3000,55593.786577
-17300,3000,55605.995449
-20306,3000,55618.236794
-20297,3000,55631.280645
-14291,3000,55644.529674
-19294,3000,55656.709013
-20291,3000,55668.458254
-17303,3000,55681.351338
-20315,3000,55693.945323
-18294,3000,55706.087826
-23267,3000,55718.236717
-21310,3000,55730.004659
-11268,3000,55741.927081
-11315,3000,55754.470446
-15296,3000,55766.149215
-16290,3000,55778.848778
-22304,3000,55791.14272
-15294,3000,55803.223431
-21341,3000,55816.062116
-11308,3000,55828.475413
-24312,3000,55840.520415
-25299,3000,55852.617986
-29309,3000,55865.207512
-21307,3000,55878.360729
-20273,3000,55890.320688
-17330,3000,55902.50343
-25335,3000,55914.84761
-15303,3000,55926.951057
-19335,3000,55938.965012
-22320,3000,55951.266919
-16280,3000,55963.050531
-17292,3000,55975.098056
-10299,3000,55987.503433
-22321,3000,55999.066304
-20290,3000,56011.739166
-18305,3000,56024.303446
-18304,3000,56036.968318
-20314,3000,56049.317384
-17301,3000,56061.114671
-20279,3000,56073.788727
-18283,3000,56086.321895
-25301,3000,56097.991982
-29275,3000,56111.048199
-11284,3000,56122.651714
-20315,3000,56134.527883
-16249,3000,56146.757456
-24329,3000,56159.284588
-16302,3000,56171.544148
-17331,3000,56183.768538
-21299,3000,56195.546309
-18251,3000,56207.712517
-14268,3000,56231.170191
-17302,3000,56243.855238
-23264,3000,56255.839623
-13278,3000,56267.809857
-18292,3000,56279.867419
-20336,3000,56292.540932
-25331,3000,56305.330168
-14282,3000,56317.09358
-17321,3000,56329.863882
-19295,3000,56342.026766
-24301,3000,56354.443982
-15285,3000,56366.210604
-17327,3000,56378.313809
-13288,3000,56390.827629
-22298,3000,56402.866492
-20354,3000,56415.539972
-15286,3000,56428.099533
-16301,3000,56440.65164
-17285,3000,56451.928886
-17310,3000,56464.893086
-23300,3000,56476.904952
-13331,3000,56489.670737
-21302,3000,56501.764091
-14327,3000,56514.435028
-26317,3000,56526.857335
-18320,3000,56539.669497
-15317,3000,56551.805527
-12251,3000,56563.726143
-12309,3000,56576.233115
-14307,3000,56588.551034
-14300,3000,56601.386919
-18289,3000,56613.022151
-14271,3000,56624.865059
-11264,3000,56636.818905
-24271,3000,56649.14426
-19334,3000,56661.479223
-20279,3000,56673.560944
-20301,3000,56685.917565
-22297,3000,56698.147191
-13276,3000,56710.092483
-15287,3000,56722.176356
-17316,3000,56734.85808
-19296,3000,56746.90498
-16291,3000,56758.861354
-14293,3000,56770.847101
-15315,3000,56782.971639
-14296,3000,56795.116253
-17295,3000,56807.617916
-21322,3000,56819.458275
-19282,3000,56830.863219
-20293,3000,56843.141093
-11304,3000,56854.958795
-19345,3000,56867.420353
-18301,3000,56879.589041
-11266,3000,56891.512819
-19294,3000,56903.433889
-14307,3000,56916.197582
-14305,3000,56927.995457
-28305,3000,56939.297975
-20294,3000,56952.063109
-19311,3000,56964.587643
-14306,3000,56975.958724
-11273,3000,56988.450881
-18290,3000,57000.735898
-14288,3000,57011.988904
-20318,3000,57024.393003
-21310,3000,57036.495392
-9303,3000,57060.166871
-23273,3000,57072.091339
-22292,3000,57084.122955
-18308,3000,57096.070473
-14286,3000,57108.254644
-27286,3000,57120.032916
-16288,3000,57131.582983
-19316,3000,57143.628662
-12290,3000,57155.655596
-18257,3000,57167.059236
-25317,3000,57178.95633
-17251,3000,57190.779943
-18284,3000,57202.28698
-12259,3000,57214.006628
-30325,3000,57226.066137
-24307,3000,57238.258807
-18291,3000,57250.371644
-12315,3000,57262.806416
-12309,3000,57274.934869
-16294,3000,57286.873883
-19300,3000,57299.523561
-18335,3000,57312.214074
-13340,3000,57324.273415
-15299,3000,57336.624454
-14350,3000,57349.182902
-19330,3000,57360.92246
-24323,3000,57372.825737
-18312,3000,57384.585307
-21282,3000,57398.343587
-15288,3000,57410.425746
-18331,3000,57423.355002
-14314,3000,57435.913259
-13274,3000,57448.303994
-13282,3000,57460.379225
-9290,3000,57472.100243
-17347,3000,57484.696157
-26304,3000,57496.748119
-22268,3000,57508.774792
-17308,3000,57520.927833
-21324,3000,57533.360196
-20316,3000,57545.456689
-16278,3000,57557.653858
-17262,3000,57568.987015
-23284,3000,57580.831631
-19338,3000,57592.88803
-14312,3000,57605.185299
-18362,3000,57617.519271
-14277,3000,57630.779722
-23305,3000,57643.41837
-19287,3000,57655.32433
-17299,3000,57667.470976
-12267,3000,57679.125583
-20296,3000,57691.049874
-11312,3000,57703.614146
-17327,3000,57716.009968
-18254,3000,57728.415673
-18300,3000,57740.816011
-25292,3000,57752.944162
-17263,3000,57764.515791
-18288,3000,57776.457938
-11278,3000,57788.410286
-20306,3000,57800.048782
-26270,3000,57812.260821
-13311,3000,57824.395039
-19292,3000,57836.364223
-14239,3000,57848.614168
-15295,3000,57861.391148
-13286,3000,57883.543795
-21309,3000,57895.943931
-28341,3000,57908.022091
-19312,3000,57920.305542
-20282,3000,57932.793427
-16291,3000,57944.426794
-23309,3000,57956.846862
-15286,3000,57968.684125
-23309,3000,57980.971654
-10291,3000,57992.375491
-27302,3000,58005.479767
-18301,3000,58017.174218
-15286,3000,58029.302342
-21273,3000,58041.517006
-17287,3000,58054.476281
-24308,3000,58066.962169
-22268,3000,58079.008876
-24309,3000,58090.678755
-7282,3000,58102.802799
-21304,3000,58115.057328
-24293,3000,58126.992124
-18300,3000,58138.921677
-17284,3000,58150.87621
-17294,3000,58163.369833
-23278,3000,58175.567406
-20285,3000,58187.515125
-20287,3000,58199.196643
-22291,3000,58211.027538
-14289,3000,58222.860463
-25333,3000,58235.686412
-16283,3000,58247.990885
-24320,3000,58260.146947
-19260,3000,58272.00686
-18274,3000,58284.286684
-23302,3000,58296.583047
-13284,3000,58309.909658
-15344,3000,58323.091567
-15300,3000,58335.251199
-20303,3000,58347.394199
-15235,3000,58359.015939
-19308,3000,58370.980875
-15324,3000,58383.690219
-21316,3000,58395.602174
-18281,3000,58407.106193
-23310,3000,58419.164951
-18296,3000,58431.125334
-16304,3000,58443.01474
-17311,3000,58455.76486
-20319,3000,58468.262527
-20303,3000,58480.051031
-21295,3000,58492.182643
-22339,3000,58504.679
-17303,3000,58517.11201
-11315,3000,58529.820771
-19306,3000,58541.822631
-12310,3000,58553.896062
-18296,3000,58566.066805
-26313,3000,58578.92359
-13316,3000,58591.198097
-25294,3000,58604.290871
-11286,3000,58616.282045
-15287,3000,58629.558565
-21278,3000,58641.911091
-19285,3000,58654.224881
-18274,3000,58666.561856
-9311,3000,58678.472671
-21290,3000,58700.727345
-16291,3000,58712.552185
-16303,3000,58724.238149
-16280,3000,58736.568535
-20298,3000,58749.491421
-18300,3000,58761.311758
-25352,3000,58773.737424
-23309,3000,58785.632109
-22296,3000,58798.10061
-15319,3000,58809.366541
-18242,3000,58821.332945
-13258,3000,58832.609792
-21315,3000,58844.901284
-17301,3000,58857.045696
-17355,3000,58869.796557
-22371,3000,58882.176711
-14305,3000,58893.801415
-19291,3000,58906.586418
-20263,3000,58919.046573
-12284,3000,58930.64578
-19294,3000,58943.264354
-20275,3000,58955.217815
-19315,3000,58966.84683
-29335,3000,58980.127285
-12292,3000,58991.750329
-14245,3000,59003.051601
-15284,3000,59015.096656
-22250,3000,59026.870823
-32291,3000,59038.941949
-23275,3000,59051.005609
-15297,3000,59062.766239
-12305,3000,59075.399114
-17323,3000,59087.025261
-16299,3000,59099.353184
-27337,3000,59111.957389
-11277,3000,59123.402721
-25308,3000,59135.111493
-13299,3000,59146.855479
-19255,3000,59158.567242
-18307,3000,59170.567179
-16330,3000,59182.625717
-19278,3000,59194.644621
-13302,3000,59206.470275
-16250,3000,59217.472854
-22304,3000,59228.854342
-14311,3000,59241.09187
-26284,3000,59253.26441
-19265,3000,59265.351017
-20298,3000,59276.957723
-10280,3000,59288.399435
-24305,3000,59300.229293
-21336,3000,59312.683819
-14293,3000,59324.30916
-22293,3000,59336.233724
-23286,3000,59348.04125
-21296,3000,59360.464619
-16288,3000,59372.833049
-18325,3000,59384.345687
-14275,3000,59396.689564
-14317,3000,59409.101179
-24261,3000,59420.864279
-16294,3000,59432.356664
-20259,3000,59444.013263
-22315,3000,59455.537336
-18304,3000,59467.895966
-20291,3000,59480.275898
-17316,3000,59492.64675
-13330,3000,59515.553375
-27297,3000,59528.057243
-11300,3000,59539.452121
-25291,3000,59551.18798
-13279,3000,59562.979474
-19301,3000,59575.722856
-17333,3000,59588.180108
-21314,3000,59599.790967
-17267,3000,59611.353873
-21350,3000,59623.381802
-23291,3000,59635.342211
-17296,3000,59647.340986
-20273,3000,59659.409205
-7328,3000,59670.986034
-14299,3000,59683.113213
-19316,3000,59695.9474
-24311,3000,59708.429627
-18292,3000,59719.966277
-23294,3000,59732.548711
-18322,3000,59744.978289
-21280,3000,59756.896708
-14306,3000,59768.458921
-16315,3000,59780.924961
-15292,3000,59792.795996
-19306,3000,59804.686121
-16300,3000,59817.323026
-17314,3000,59829.66336
-18302,3000,59842.236571
-21275,3000,59854.97555
-13288,3000,59866.659843
-22257,3000,59878.205246
-18241,3000,59889.832255
-17262,3000,59901.636885
-18284,3000,59914.019362
-14300,3000,59925.50964
-17303,3000,59937.603085
-16346,3000,59949.789032
-11283,3000,59961.8751
-19283,3000,59973.337606
-14289,3000,59985.624532
-16273,3000,59998.099191
-13315,3000,60010.348833
-21306,3000,60022.581467
-17312,3000,60034.793264
-12319,3000,60047.373041
-21305,3000,60059.052575
-14324,3000,60071.359573
-16300,3000,60083.754966
-15264,3000,60095.416288
-17286,3000,60107.768524
-16303,3000,60119.365255
-16340,3000,60131.858865
-18267,3000,60143.351803
-19324,3000,60155.935785
-19289,3000,60168.205251
-19308,3000,60180.152874
-13280,3000,60192.877216
-24247,3000,60204.438016
-20341,3000,60216.221131
-16271,3000,60227.737492
-23287,3000,60239.116854
-23302,3000,60250.767504
-14318,3000,60263.202503
-26280,3000,60276.087037
-22329,3000,60288.578581
-13261,3000,60300.403575
-25303,3000,60312.050171
-13298,3000,60334.066353
-25327,3000,60346.539066
-28306,3000,60358.906938
-13261,3000,60370.608045
-21275,3000,60382.479646
-18263,3000,60395.005941
-24300,3000,60407.215504
-16273,3000,60419.253533
-26314,3000,60431.15036
-18310,3000,60443.022547
-16276,3000,60455.577603
-13298,3000,60467.878213
-17285,3000,60480.076901
-14296,3000,60492.360969
-17300,3000,60504.754205
-20289,3000,60516.885379
-20241,3000,60528.735538
-14272,3000,60540.450711
-24248,3000,60551.587465
-26291,3000,60564.004872
-22308,3000,60576.16264
-25283,3000,60588.283013
-27277,3000,60600.545765
-17317,3000,60613.050319
-18290,3000,60624.768427
-11314,3000,60637.371783
-18312,3000,60649.989236
-20258,3000,60661.692675
-13253,3000,60673.04325
-14305,3000,60685.174819
-15282,3000,60696.67504
-14303,3000,60708.331103
-11270,3000,60720.355011
-13281,3000,60732.074112
-26244,3000,60744.452315
-12281,3000,60756.554758
-13297,3000,60767.914579
-15296,3000,60780.253653
-8283,3000,60792.489874
-19321,3000,60804.861194
-15312,3000,60817.876455
-22287,3000,60829.73999
-13289,3000,60841.848016
-16251,3000,60854.252842
-15319,3000,60865.81072
-15293,3000,60877.506713
-18279,3000,60889.53519
-23332,3000,60901.651827
-13280,3000,60913.366659
-17316,3000,60925.063792
-25274,3000,60937.038586
-20291,3000,60948.938539
-15302,3000,60961.214253
-23252,3000,60973.204219
-19316,3000,60985.647297
-6290,3000,60997.775495
-14313,3000,61009.471958
-24293,3000,61021.012639
-19275,3000,61032.773583
-10258,3000,61044.25862
-17281,3000,61056.248021
-21279,3000,61067.975461
-17230,3000,61079.209967
-20282,3000,61091.219362
-22321,3000,61103.307811
-12330,3000,61115.335214
-17313,3000,61138.727276
-25348,3000,61150.812195
-23310,3000,61162.962098
-19274,3000,61174.94208
-20329,3000,61187.634856
-15283,3000,61199.594023
-20297,3000,61211.568931
-18272,3000,61223.841081
-13316,3000,61235.986386
-20268,3000,61247.693375
-11273,3000,61260.290408
-16269,3000,61272.897705
-12284,3000,61285.769031
-19329,3000,61297.75274
-21303,3000,61309.643561
-23271,3000,61321.737635
-18328,3000,61334.829988
-21258,3000,61347.662694
-12292,3000,61359.685309
-18301,3000,61371.985714
-21284,3000,61384.246002
-23266,3000,61395.808728
-28277,3000,61408.510803
-17309,3000,61420.456763
-18266,3000,61432.245703
-25284,3000,61444.536752
-20290,3000,61456.612697
-25281,3000,61467.76926
-23241,3000,61479.702405
-18308,3000,61492.169277
-18293,3000,61504.179736
-18290,3000,61516.677522
-23293,3000,61529.106942
-20307,3000,61541.782673
-11284,3000,61552.997419
-19293,3000,61564.749755
-18281,3000,61577.837035
-10269,3000,61589.837214
-20296,3000,61601.828974
-18310,3000,61614.587955
-18256,3000,61627.005839
-10297,3000,61639.342335
-16245,3000,61651.126281
-25297,3000,61663.168506
-25307,3000,61675.167795
-22328,3000,61686.846478
-17309,3000,61699.214373
-17321,3000,61711.038475
-13326,3000,61723.744352
-20307,3000,61736.54608
-19265,3000,61748.190167
-20272,3000,61761.126566
-16270,3000,61772.825753
-15289,3000,61784.172845
-15265,3000,61796.435702
-11274,3000,61808.567713
-19281,3000,61820.29646
-15259,3000,61831.79929
-10310,3000,61843.474253
-29333,3000,61855.666428
-18268,3000,61867.540165
-24288,3000,61879.340348
-15256,3000,61891.448326
-23295,3000,61903.576308
-12319,3000,61915.693845
-15296,3000,61927.812944
-24341,3000,61940.145209
-27333,3000,61963.24169
-16296,3000,61975.796024
-25266,3000,61988.133343
-19315,3000,62000.793703
-20282,3000,62013.040586
-25304,3000,62024.994123
-21310,3000,62037.795836
-26279,3000,62050.503216
-18318,3000,62062.99181
-21283,3000,62074.747653
-19282,3000,62086.995704
-11272,3000,62098.834553
-28324,3000,62110.79445
-15280,3000,62123.076599
-14288,3000,62135.497956
-16320,3000,62147.568939
-13289,3000,62159.253753
-25342,3000,62172.927748
-22327,3000,62185.98389
-9296,3000,62198.297618
-15308,3000,62209.898328
-21301,3000,62222.264965
-19280,3000,62233.930353
-21312,3000,62246.676525
-29298,3000,62258.664543
-25284,3000,62270.662369
-8270,3000,62282.362924
-17261,3000,62293.831517
-18274,3000,62305.415938
-20328,3000,62318.326611
-17280,3000,62330.108339
-22278,3000,62342.069789
-18262,3000,62354.389643
-19281,3000,62366.353172
-10281,3000,62378.850775
-17284,3000,62391.006962
-14324,3000,62402.760078
-22267,3000,62414.42293
-17311,3000,62426.640042
-12291,3000,62438.464952
-14313,3000,62450.216702
-24313,3000,62461.728102
-12276,3000,62473.374697
-18291,3000,62485.689064
-15310,3000,62497.934306
-22307,3000,62509.505172
-29296,3000,62522.241279
-19304,3000,62534.907515
-15278,3000,62547.235153
-12304,3000,62559.508994
-20314,3000,62571.400934
-12339,3000,62583.423749
-11332,3000,62595.644029
-15280,3000,62608.016145
-17308,3000,62620.657378
-13280,3000,62632.457081
-11286,3000,62645.452004
-15301,3000,62657.714899
-21281,3000,62670.064408
-23264,3000,62681.754243
-15281,3000,62693.98242
-21322,3000,62706.998496
-14300,3000,62719.30091
-26303,3000,62732.228889
-22284,3000,62744.229143
-16352,3000,62756.831109
-19294,3000,62769.16177
-14314,3000,62792.834029
-21291,3000,62804.991572
-17290,3000,62817.452355
-19285,3000,62830.071386
-14291,3000,62842.055593
-20264,3000,62853.834029
-13296,3000,62866.501933
-22255,3000,62877.826725
-14305,3000,62889.591666
-22328,3000,62901.76955
-13313,3000,62914.618482
-15254,3000,62926.696799
-24273,3000,62938.382442
-16295,3000,62950.396978
-16249,3000,62961.855174
-16281,3000,62973.205373
-16266,3000,62985.463254
-19281,3000,62996.914726
-16296,3000,63009.076205
-19286,3000,63021.664858
-15248,3000,63033.178321
-21311,3000,63045.417774
-19253,3000,63057.572398
-20287,3000,63069.441008
-19276,3000,63081.679202
-19303,3000,63093.868329
-18301,3000,63107.049283
-22333,3000,63120.33085
-20303,3000,63132.339191
-24319,3000,63143.98063
-16262,3000,63156.323836
-24254,3000,63168.152405
-25266,3000,63180.077065
-15272,3000,63191.685482
-16289,3000,63203.665332
-17318,3000,63215.756362
-24280,3000,63228.261425
-17324,3000,63241.132044
-20246,3000,63252.518045
-18276,3000,63264.187532
-25302,3000,63276.910896
-19306,3000,63289.520496
-23289,3000,63301.198006
-18300,3000,63313.781168
-19261,3000,63325.237461
-18274,3000,63337.337292
-19325,3000,63348.926296
-19326,3000,63360.727036
-23302,3000,63372.741915
-31292,3000,63384.817611
-17287,3000,63396.881546
-15321,3000,63408.858904
-26302,3000,63420.567732
-14308,3000,63433.428651
-10316,3000,63444.834997
-23283,3000,63456.422487
-14254,3000,63469.337094
-14248,3000,63480.833416
-15296,3000,63492.615264
-11293,3000,63503.941757
-17226,3000,63515.307462
-18282,3000,63527.572735
-23290,3000,63539.759746
-17329,3000,63552.012865
-15287,3000,63564.054115
-19296,3000,63576.184343
-18302,3000,63599.354131
-18272,3000,63612.128372
-16279,3000,63623.413361
-20335,3000,63636.047618
-18279,3000,63647.670144
-18278,3000,63659.318866
-13274,3000,63671.321523
-22275,3000,63683.730131
-21234,3000,63695.430187
-18322,3000,63707.303968
-14311,3000,63719.033392
-17273,3000,63731.473916
-24284,3000,63743.869131
-22330,3000,63756.395558
-14232,3000,63767.724857
-26309,3000,63780.291675
-15315,3000,63792.206332
-19294,3000,63804.098544
-15299,3000,63816.353843
-15316,3000,63828.017806
-14250,3000,63839.856223
-22261,3000,63851.40506
-21315,3000,63863.78312
-18305,3000,63875.520485
-17287,3000,63888.527822
-20267,3000,63900.931058
-20297,3000,63912.619084
-15279,3000,63924.30998
-22309,3000,63935.917218
-24340,3000,63948.401548
-18296,3000,63961.072815
-14292,3000,63973.133297
-15285,3000,63984.860373
-9282,3000,63996.345505
-18289,3000,64008.513846
-12294,3000,64019.480019
-13294,3000,64030.822098
-23318,3000,64042.434375
-28313,3000,64055.137799
-16277,3000,64067.283991
-12290,3000,64079.741659
-19280,3000,64091.144143
-16290,3000,64103.12524
-17281,3000,64115.255794
-19300,3000,64127.78957
-14298,3000,64140.30684
-10251,3000,64152.21641
-24269,3000,64164.812495
-15288,3000,64177.136869
-13301,3000,64190.629177
-18278,3000,64202.305272
-15336,3000,64214.362636
-25284,3000,64226.389655
-22268,3000,64238.018704
-16251,3000,64250.448485
-15274,3000,64262.172958
-25272,3000,64273.745064
-17267,3000,64285.637116
-15287,3000,64297.211903
-21263,3000,64309.502729
-18335,3000,64321.625837
-24309,3000,64334.046978
-8317,3000,64346.230994
-15296,3000,64358.614445
-27306,3000,64370.994831
-20332,3000,64382.899315
-19338,3000,64395.312119
-14296,3000,64417.797071
-22259,3000,64429.767019
-17290,3000,64441.766166
-17226,3000,64453.776198
-16309,3000,64465.672421
-20292,3000,64477.901418
-16268,3000,64489.542317
-22312,3000,64502.142053
-18297,3000,64514.510524
-14288,3000,64526.33918
-14309,3000,64538.631667
-13312,3000,64550.677578
-20254,3000,64562.590624
-12265,3000,64574.414702
-18266,3000,64586.402628
-22316,3000,64598.725807
-17331,3000,64610.716007
-19325,3000,64623.27369
-24289,3000,64635.533252
-16281,3000,64647.12146
-22297,3000,64658.656655
-19278,3000,64670.517795
-17253,3000,64682.766956
-21286,3000,64694.497899
-17276,3000,64706.259762
-18289,3000,64718.397124
-25256,3000,64731.130579
-15329,3000,64742.84646
-18309,3000,64755.158825
-17344,3000,64768.081069
-17272,3000,64779.709246
-12265,3000,64791.30002
-26329,3000,64804.345932
-18274,3000,64816.157215
-19285,3000,64828.185623
-11294,3000,64840.375113
-14305,3000,64851.91113
-17297,3000,64864.309332
-18321,3000,64877.193206
-11286,3000,64889.538923
-24277,3000,64902.264197
-5293,3000,64914.550642
-16298,3000,64926.649763
-22257,3000,64938.283259
-18300,3000,64951.516619
-19314,3000,64963.616563
-21282,3000,64975.265074
-21317,3000,64987.756236
-21268,3000,64999.930345
-28288,3000,65011.732448
-18280,3000,65023.816796
-13353,3000,65035.942323
-24281,3000,65047.472241
-21269,3000,65059.874685
-21280,3000,65071.784738
-25284,3000,65084.056494
-21278,3000,65095.7617
-18301,3000,65107.051469
-21278,3000,65118.883774
-26268,3000,65130.5592
-21307,3000,65142.589739
-14302,3000,65155.09268
-10262,3000,65166.541248
-13284,3000,65178.578895
-19323,3000,65190.6664
-21272,3000,65202.347796
-13301,3000,65215.132777
-14338,3000,65237.986214
-26278,3000,65250.072133
-22317,3000,65262.13427
-17287,3000,65274.613672
-19293,3000,65287.030122
-16279,3000,65299.415849
-19277,3000,65311.112531
-14329,3000,65323.91482
-21294,3000,65335.572517
-17307,3000,65347.504184
-8293,3000,65360.003592
-17290,3000,65372.45266
-20277,3000,65384.616323
-28289,3000,65396.960615
-22251,3000,65409.250801
-16304,3000,65421.183809
-18295,3000,65433.67245
-13294,3000,65446.53187
-19313,3000,65458.49723
-15274,3000,65470.20895
-15316,3000,65482.200541
-21283,3000,65494.000982
-14265,3000,65505.997194
-24348,3000,65518.872559
-21272,3000,65531.482377
-27316,3000,65543.722975
-13306,3000,65556.781922
-22310,3000,65568.72894
-19297,3000,65580.970392
-20261,3000,65593.005263
-18258,3000,65605.396209
-26299,3000,65618.404127
-18295,3000,65631.327777
-24293,3000,65643.78767
-17310,3000,65656.191688
-19298,3000,65668.059147
-26303,3000,65680.582065
-20303,3000,65692.643163
-18287,3000,65704.46648
-20289,3000,65717.058225
-19285,3000,65729.089237
-21316,3000,65741.396333
-19297,3000,65753.722662
-22284,3000,65765.352702
-13275,3000,65777.179209
-14265,3000,65789.439514
-12303,3000,65802.013016
-13316,3000,65814.212276
-10234,3000,65825.629115
-13291,3000,65837.458957
-24307,3000,65850.294661
-20270,3000,65862.350836
-15273,3000,65874.159737
-20310,3000,65885.658664
-16285,3000,65897.464094
-20302,3000,65909.662906
-21294,3000,65921.057516
-14239,3000,65932.992684
-19283,3000,65944.867083
-22301,3000,65957.242903
-14297,3000,65969.60321
-16321,3000,65981.998035
-18298,3000,65993.879282
-18275,3000,66005.630442
-13292,3000,66017.939573
-29280,3000,66029.657965
-18308,3000,66053.349692
-17302,3000,66064.997951
-16301,3000,66077.512211
-16310,3000,66089.7562
-14297,3000,66101.639665
-20318,3000,66113.925099
-24276,3000,66126.290045
-20274,3000,66138.779776
-27271,3000,66150.812087
-11269,3000,66163.013608
-22299,3000,66175.255492
-25319,3000,66187.228245
-19275,3000,66199.411397
-14266,3000,66211.270308
-16294,3000,66223.120007
-17316,3000,66235.08437
-13281,3000,66246.044031
-17307,3000,66257.717703
-16313,3000,66268.939244
-14265,3000,66280.888022
-27266,3000,66292.938955
-23298,3000,66305.270418
-19269,3000,66316.85411
-21273,3000,66329.102908
-26298,3000,66341.544053
-24261,3000,66353.122054
-22272,3000,66364.783114
-13289,3000,66377.057206
-21280,3000,66389.120816
-25312,3000,66401.056551
-17300,3000,66413.059136
-19272,3000,66425.07167
-22279,3000,66436.611121
-15287,3000,66448.858042
-21291,3000,66460.866229
-18289,3000,66473.596792
-22296,3000,66485.358278
-14271,3000,66497.046254
-17281,3000,66509.129317
-17261,3000,66520.808105
-21308,3000,66533.23077
-17263,3000,66545.347516
-21292,3000,66558.009513
-21296,3000,66570.018499
-8255,3000,66582.354669
-25296,3000,66594.738028
-16298,3000,66607.444123
-11287,3000,66619.511772
-17252,3000,66631.871426
-21275,3000,66644.088756
-17292,3000,66656.22172
-15286,3000,66668.082343
-17216,3000,66679.737367
-23242,3000,66691.351935
-16312,3000,66703.631376
-18271,3000,66715.612201
-24272,3000,66727.127312
-18271,3000,66738.934266
-12247,3000,66750.222963
-18262,3000,66761.654221
-23282,3000,66774.501879
-21342,3000,66787.335528
-21256,3000,66798.845263
-21233,3000,66810.423689
-12271,3000,66822.784677
-19320,3000,66835.167933
-17295,3000,66847.336465
-19291,3000,66870.165468
-17282,3000,66882.68509
-21298,3000,66894.277149
-17262,3000,66905.870455
-15252,3000,66917.579062
-18285,3000,66929.892497
-24278,3000,66941.475265
-20286,3000,66953.808175
-22254,3000,66966.110319
-28289,3000,66978.975247
-13274,3000,66991.264842
-20291,3000,67003.174321
-14292,3000,67014.633852
-19256,3000,67026.303523
-5281,3000,67038.677193
-18299,3000,67050.742394
-21283,3000,67062.705209
-18274,3000,67075.020892
-14296,3000,67087.156089
-20287,3000,67099.20566
-15278,3000,67111.201864
-9282,3000,67122.989413
-18243,3000,67134.77136
-22280,3000,67146.679329
-20294,3000,67159.349684
-17341,3000,67172.101236
-20320,3000,67183.629827
-22263,3000,67195.33127
-18300,3000,67207.376495
-17314,3000,67219.620788
-19277,3000,67231.231183
-18300,3000,67242.930669
-13282,3000,67254.936745
-20287,3000,67266.762261
-18250,3000,67278.857511
-17265,3000,67291.031772
-13267,3000,67303.108751
-6245,3000,67315.151248
-13270,3000,67327.530071
-15290,3000,67339.165648
-16294,3000,67351.241903
-14288,3000,67362.700634
-13334,3000,67375.509899
-19278,3000,67386.260963
-17282,3000,67398.414354
-22303,3000,67410.575308
-20310,3000,67422.716964
-20268,3000,67434.971544
-17299,3000,67446.843701
-22278,3000,67459.271754
-17311,3000,67471.241984
-14299,3000,67482.656887
-14321,3000,67494.552056
-23279,3000,67506.096369
-18313,3000,67518.323748
-18294,3000,67530.112655
-18300,3000,67543.026013
-17280,3000,67554.597411
-18291,3000,67565.961432
-19297,3000,67577.847961
-18266,3000,67589.695772
-18292,3000,67600.798146
-13273,3000,67612.411975
-11283,3000,67625.333346
-30303,3000,67637.585538
-18320,3000,67650.146169
-21270,3000,67662.110533
-11305,3000,67684.543199
-20256,3000,67696.315485
-18300,3000,67708.865206
-18302,3000,67721.061982
-16248,3000,67733.312296
-15288,3000,67744.725429
-18291,3000,67756.925262
-24299,3000,67769.530948
-18268,3000,67781.363166
-16312,3000,67793.665353
-23236,3000,67805.838222
-28293,3000,67817.828837
-17287,3000,67829.889454
-21338,3000,67843.084277
-18278,3000,67854.393874
-19275,3000,67866.134519
-19286,3000,67878.200135
-19284,3000,67889.615878
-15299,3000,67901.625273
-24289,3000,67913.626808
-14281,3000,67926.127884
-20274,3000,67938.162982
-16280,3000,67949.881427
-23310,3000,67961.611294
-29312,3000,67974.344684
-17291,3000,67986.12185
-31291,3000,67998.372608
-17287,3000,68010.284308
-11280,3000,68022.411721
-16272,3000,68034.082113
-11291,3000,68045.934956
-11340,3000,68058.733128
-15313,3000,68069.973455
-21288,3000,68081.195073
-21279,3000,68093.190533
-18297,3000,68105.290783
-25295,3000,68116.901897
-22248,3000,68128.388062
-18258,3000,68139.9921
-18244,3000,68151.866975
-14300,3000,68164.409533
-19297,3000,68176.212234
-22261,3000,68187.327734
-21277,3000,68199.353832
-17304,3000,68212.296848
-24271,3000,68224.553091
-20277,3000,68236.013213
-25304,3000,68248.063771
-16293,3000,68259.668305
-10260,3000,68271.030932
-17261,3000,68282.637316
-22284,3000,68294.161661
-12283,3000,68305.639561
-18308,3000,68316.999728
-18283,3000,68329.40352
-14288,3000,68341.722416
-19308,3000,68353.958631
-21283,3000,68365.431211
-23280,3000,68377.551665
-18261,3000,68389.304119
-22285,3000,68400.812923
-6260,3000,68412.420457
-25271,3000,68424.357337
-24232,3000,68435.882185
-24294,3000,68448.435921
-15294,3000,68460.56909
-23294,3000,68483.608079
-25260,3000,68494.95661
-11275,3000,68506.739207
-19281,3000,68518.593048
-17312,3000,68531.141192
-10253,3000,68542.911289
-15257,3000,68554.749131
-19280,3000,68566.283881
-21305,3000,68579.174299
-15297,3000,68591.306592
-18288,3000,68603.37233
-18287,3000,68615.408684
-10284,3000,68627.584804
-16305,3000,68640.023654
-9268,3000,68651.839044
-23302,3000,68663.92569
-21247,3000,68676.046571
-17311,3000,68688.315543
-11296,3000,68699.858398
-8254,3000,68711.740436
-17281,3000,68723.345717
-19299,3000,68735.362045
-20312,3000,68747.473823
-21285,3000,68759.265585
-15270,3000,68771.603072
-21316,3000,68783.668275
-21256,3000,68795.797153
-15319,3000,68808.30019
-21282,3000,68820.186649
-27244,3000,68832.406125
-20308,3000,68844.760617
-13233,3000,68856.805864
-17314,3000,68869.005096
-15284,3000,68881.1573
-22309,3000,68892.972978
-17271,3000,68904.820698
-18301,3000,68916.866035
-19277,3000,68928.504147
-16327,3000,68940.65779
-15255,3000,68952.332694
-16300,3000,68964.279468
-23293,3000,68977.006985
-26288,3000,68989.496175
-20319,3000,69001.739871
-14259,3000,69013.808098
-19260,3000,69025.558274
-12260,3000,69037.539468
-19249,3000,69049.237266
-16288,3000,69060.874387
-18282,3000,69071.359375
-26330,3000,69083.245174
-24305,3000,69096.628585
-22310,3000,69109.349052
-26284,3000,69121.657524
-16296,3000,69133.345461
-18284,3000,69145.217953
-15315,3000,69157.636646
-17318,3000,69170.613359
-21270,3000,69182.242522
-24337,3000,69194.541141
-18271,3000,69206.689898
-18302,3000,69219.017896
-20342,3000,69231.151487
-12255,3000,69243.378217
-23295,3000,69255.644497
-22282,3000,69267.770082
-18301,3000,69280.193419
-22240,3000,69302.599774
-16279,3000,69314.012747
-15307,3000,69326.067328
-21298,3000,69338.468996
-19289,3000,69350.410293
-15303,3000,69362.15625
-12303,3000,69374.729069
-14262,3000,69386.516416
-14283,3000,69397.225815
-18267,3000,69409.205729
-21268,3000,69421.547286
-23300,3000,69434.02348
-26319,3000,69446.342111
-17269,3000,69458.746009
-20271,3000,69470.40172
-14276,3000,69481.542816
-18272,3000,69493.292627
-19285,3000,69505.137796
-20235,3000,69516.966699
-19285,3000,69529.179461
-9275,3000,69541.50809
-19277,3000,69553.041463
-16255,3000,69564.731454
-13287,3000,69576.634326
-16286,3000,69588.469169
-15298,3000,69600.576284
-22313,3000,69612.632189
-22303,3000,69624.743915
-17256,3000,69636.889144
-16280,3000,69648.589658
-14324,3000,69660.787313
-28267,3000,69672.369756
-13273,3000,69683.976165
-14288,3000,69695.893252
-15278,3000,69707.32183
-18271,3000,69718.487503
-19283,3000,69729.674716
-20275,3000,69741.038839
-8282,3000,69752.275534
-18278,3000,69764.230775
-16261,3000,69775.682883
-20265,3000,69787.527212
-13276,3000,69799.516241
-21307,3000,69811.722403
-21257,3000,69824.055449
-25268,3000,69836.043898
-19291,3000,69848.757539
-16244,3000,69860.674441
-12266,3000,69872.851906
-15277,3000,69884.595579
-20288,3000,69896.3764
-14266,3000,69908.080242
-15287,3000,69919.994646
-14287,3000,69932.897729
-11229,3000,69944.361873
-16296,3000,69956.512479
-16272,3000,69968.456493
-14245,3000,69980.850955
-12320,3000,69993.155241
-12297,3000,70004.9992
-19239,3000,70016.65977
-14297,3000,70028.629232
-25284,3000,70040.834291
-17296,3000,70052.877419
-18228,3000,70064.662821
-15296,3000,70076.474616
-26293,3000,70088.0196
-11275,3000,70110.437129
-20257,3000,70122.501769
-15276,3000,70134.395144
-14297,3000,70146.478303
-24318,3000,70159.206357
-17272,3000,70171.223771
-23276,3000,70182.811534
-19262,3000,70194.681909
-22276,3000,70206.667306
-24319,3000,70219.060123
-17297,3000,70231.365735
-20268,3000,70243.648818
-17258,3000,70256.171648
-11269,3000,70267.286955
-24250,3000,70279.455482
-11274,3000,70291.647562
-21256,3000,70304.205843
-22266,3000,70316.664788
-22320,3000,70329.377808
-10287,3000,70341.556566
-20239,3000,70353.683256
-23290,3000,70366.163629
-16251,3000,70378.225727
-17271,3000,70390.743523
-28300,3000,70403.574956
-14280,3000,70415.280003
-9239,3000,70426.35257
-21255,3000,70437.88058
-22296,3000,70449.811539
-13293,3000,70461.091213
-11292,3000,70473.99988
-19294,3000,70486.136072
-17234,3000,70497.842382
-20272,3000,70509.902447
-19253,3000,70521.686997
-20268,3000,70533.083498
-18268,3000,70545.473254
-19272,3000,70557.647659
-18295,3000,70570.290329
-18279,3000,70582.345884
-15278,3000,70594.216293
-23285,3000,70605.645107
-24311,3000,70618.182466
-15272,3000,70630.201856
-13245,3000,70642.460861
-14268,3000,70654.265631
-12240,3000,70665.265033
-25339,3000,70677.832163
-17285,3000,70689.842753
-11312,3000,70701.765812
-14274,3000,70713.759764
-15258,3000,70725.66842
-20279,3000,70737.451907
-19267,3000,70749.125266
-7284,3000,70761.271424
-18285,3000,70773.313624
-16266,3000,70784.945424
-19296,3000,70796.228318
-13247,3000,70807.834392
-13286,3000,70820.004622
-24286,3000,70832.047346
-22232,3000,70843.568678
-19268,3000,70855.54188
-17274,3000,70867.90998
-15306,3000,70879.746732
-17270,3000,70891.651601
-10251,3000,70914.067883
-16252,3000,70926.639852
-20288,3000,70939.113968
-13324,3000,70951.121592
-14304,3000,70963.408789
-14258,3000,70976.328618
-13264,3000,70988.219241
-9253,3000,71000.332688
-22220,3000,71011.690541
-23278,3000,71023.456596
-18257,3000,71035.229666
-17262,3000,71046.999772
-13296,3000,71058.492462
-18294,3000,71070.437354
-20287,3000,71081.750072
-10251,3000,71093.226943
-20273,3000,71105.781852
-14270,3000,71118.143231
-16245,3000,71129.649368
-20289,3000,71141.676287
-13277,3000,71153.984063
-17275,3000,71165.457103
-24244,3000,71177.464426
-16295,3000,71189.568657
-16278,3000,71201.492448
-14239,3000,71212.982822
-24279,3000,71225.132409
-14251,3000,71236.69663
-18287,3000,71249.141786
-19293,3000,71261.575357
-25283,3000,71273.059075
-19281,3000,71285.044657
-12287,3000,71297.175412
-17305,3000,71308.937168
-18286,3000,71320.603841
-14281,3000,71332.516113
-21292,3000,71344.234168
-10260,3000,71355.514208
-23268,3000,71367.49523
-18281,3000,71379.339733
-11264,3000,71391.945336
-19307,3000,71403.504907
-25263,3000,71414.354467
-19293,3000,71426.260867
-11254,3000,71437.786492
-26273,3000,71449.930769
-24246,3000,71462.120958
-18260,3000,71474.095237
-28255,3000,71485.501917
-14300,3000,71498.015489
-19262,3000,71510.21993
-17246,3000,71521.722303
-12307,3000,71534.141877
-8249,3000,71546.135027
-18247,3000,71558.129598
-10285,3000,71570.072988
-15276,3000,71581.380717
-19298,3000,71592.899788
-14265,3000,71604.298845
-17260,3000,71615.158668
-28273,3000,71626.288418
-26287,3000,71638.503798
-11246,3000,71649.713031
-31264,3000,71661.505829
-10259,3000,71673.385736
-13272,3000,71684.921169
-22271,3000,71696.735548
-15280,3000,71718.562986
-13215,3000,71730.114772
-22267,3000,71741.324346
-14254,3000,71753.185426
-16266,3000,71765.08374
-18279,3000,71777.340152
-21218,3000,71788.538565
-20273,3000,71800.432952
-13288,3000,71812.519699
-21290,3000,71824.948589
-18248,3000,71836.833192
-11265,3000,71848.751469
-25238,3000,71860.919832
-15286,3000,71874.756658
-15282,3000,71886.783414
-10228,3000,71898.75501
-10267,3000,71910.227755
-19309,3000,71921.603518
-17289,3000,71934.13655
-19263,3000,71946.182767
-29260,3000,71958.170754
-19247,3000,71969.670244
-16261,3000,71981.306644
-25262,3000,71993.24458
-20253,3000,72005.382406
-17224,3000,72017.47889
-18275,3000,72029.44854
-19261,3000,72041.530678
-17266,3000,72053.76965
-20271,3000,72066.451696
-23262,3000,72077.957043
-16317,3000,72090.359131
-14234,3000,72102.290139
-17243,3000,72114.080272
-11261,3000,72126.942954
-20247,3000,72139.853069
-16271,3000,72151.895317
-12313,3000,72163.843597
-20259,3000,72175.903813
-13225,3000,72187.130793
-23290,3000,72198.973086
-15286,3000,72210.955253
-22240,3000,72222.201788
-25264,3000,72234.045684
-16288,3000,72246.015485
-14285,3000,72258.536157
-17230,3000,72269.869538
-13278,3000,72282.436032
-16263,3000,72294.398771
-25264,3000,72305.927481
-14265,3000,72317.644277
-16239,3000,72328.718448
-20247,3000,72340.734579
-18269,3000,72352.132301
-20213,3000,72363.451305
-13271,3000,72374.840827
-13269,3000,72386.430924
-19253,3000,72398.018587
-14264,3000,72409.346157
-21261,3000,72421.136806
-18265,3000,72433.181904
-11266,3000,72445.088006
-20221,3000,72456.419951
-14245,3000,72468.061252
-16266,3000,72479.71936
-17256,3000,72491.02576
-24273,3000,72503.401154
-23243,3000,72525.117144
-19228,3000,72537.000066
-19280,3000,72549.418817
-8231,3000,72560.973196
-15266,3000,72572.452806
-20251,3000,72584.063452
-18318,3000,72596.068736
-19318,3000,72608.513462
-22274,3000,72620.445675
-15244,3000,72632.935047
-15248,3000,72645.539196
-17278,3000,72657.785674
-17264,3000,72669.927001
-13295,3000,72682.548915
-19278,3000,72695.215711
-20258,3000,72707.433953
-20266,3000,72719.414779
-17275,3000,72731.453433
-21269,3000,72744.008559
-15285,3000,72756.272187
-17242,3000,72768.888583
-15294,3000,72781.953389
-12296,3000,72794.669623
-18290,3000,72806.886189
-15274,3000,72819.853475
-19285,3000,72832.677434
-21259,3000,72845.887342
-16248,3000,72857.625653
-18263,3000,72868.878394
-23286,3000,72881.908749
-23272,3000,72893.958317
-14301,3000,72906.67328
-14285,3000,72918.878399
-27258,3000,72930.688667
-20268,3000,72942.49929
-14266,3000,72954.038417
-28284,3000,72966.876043
-17254,3000,72978.908069
-22254,3000,72990.601864
-24266,3000,73002.859676
-16286,3000,73014.918147
-19300,3000,73027.905914
-12292,3000,73040.151768
-11242,3000,73051.673954
-24256,3000,73064.40223
-18285,3000,73076.026414
-23248,3000,73089.167098
-15272,3000,73101.626001
-21278,3000,73113.795046
-13238,3000,73125.468671
-16292,3000,73137.480825
-20267,3000,73150.219078
-12277,3000,73162.354878
-21222,3000,73173.967799
-16263,3000,73185.343636
-18248,3000,73197.124622
-24251,3000,73208.94996
-24242,3000,73220.749863
-14265,3000,73231.714929
-18258,3000,73243.786253
-10270,3000,73255.566843
-8271,3000,73266.683543
-22246,3000,73278.455925
-16250,3000,73290.455088
-22265,3000,73303.241707
-23230,3000,73315.266117
-20258,3000,73337.50866
-22274,3000,73349.220404
-25289,3000,73360.787149
-19243,3000,73373.465638
-21265,3000,73386.01622
-28281,3000,73398.075702
-18283,3000,73409.99627
-15249,3000,73422.087561
-8245,3000,73433.75511
-15268,3000,73445.901816
-22254,3000,73458.251184
-18238,3000,73469.874439
-9275,3000,73481.839978
-13272,3000,73493.728544
-21255,3000,73505.783032
-17288,3000,73517.499132
-26258,3000,73529.585794
-21242,3000,73542.086597
-16251,3000,73553.574121
-16265,3000,73565.500071
-18248,3000,73577.584016
-13242,3000,73589.267176
-20260,3000,73601.654505
-24262,3000,73613.317473
-21284,3000,73625.001384
-18256,3000,73637.983891
-12235,3000,73649.589657
-15265,3000,73661.762341
-10232,3000,73674.562382
-16256,3000,73685.866446
-24291,3000,73697.701259
-24264,3000,73710.005294
-31235,3000,73721.668243
-23254,3000,73733.444674
-16239,3000,73745.408074
-19215,3000,73756.693448
-22297,3000,73768.717118
-10248,3000,73779.902388
-29256,3000,73791.48809
-18261,3000,73803.624397
-17255,3000,73815.158003
-19276,3000,73826.793254
-13230,3000,73838.722373
-17254,3000,73850.293458
-16229,3000,73861.960062
-22229,3000,73873.71814
-14239,3000,73885.272314
-20228,3000,73897.149822
-22253,3000,73909.25333
-24242,3000,73921.98281
-27230,3000,73934.449154
-9262,3000,73945.916894
-15233,3000,73957.455925
-19268,3000,73968.720119
-18314,3000,73980.448842
-24267,3000,73992.623114
-16224,3000,74005.283603
-8236,3000,74018.997658
-15243,3000,74030.789064
-22261,3000,74043.225218
-17244,3000,74054.892032
-15248,3000,74067.173985
-13287,3000,74079.349306
-16251,3000,74092.491669
-15237,3000,74105.019508
-19243,3000,74117.183594
-23282,3000,74129.743187
-22275,3000,74150.524632
-23240,3000,74162.176317
-20217,3000,74173.397437
-18278,3000,74185.966063
-23223,3000,74198.075164
-14280,3000,74210.32143
-18233,3000,74222.532946
-27244,3000,74234.558223
-12273,3000,74245.690955
-22276,3000,74257.740122
-17286,3000,74270.061988
-15287,3000,74282.389467
-17265,3000,74294.196334
-8236,3000,74305.217129
-21254,3000,74316.580801
-16241,3000,74328.351274
-20247,3000,74340.67358
-21272,3000,74352.667446
-10264,3000,74363.92113
-14264,3000,74375.379601
-18268,3000,74387.500902
-22258,3000,74399.130375
-21308,3000,74411.176791
-16287,3000,74423.258571
-18285,3000,74435.508214
-16190,3000,74446.651664
-16227,3000,74458.187443
-20232,3000,74470.081325
-19233,3000,74481.57176
-15270,3000,74493.393345
-19247,3000,74505.595651
-17242,3000,74517.043734
-26264,3000,74529.143012
-24275,3000,74540.903523
-26278,3000,74552.786943
-11269,3000,74564.884183
-18265,3000,74575.951487
-16276,3000,74587.063823
-13254,3000,74598.377936
-18228,3000,74609.583198
-25283,3000,74621.220173
-16272,3000,74633.316239
-21239,3000,74644.984217
-13275,3000,74656.17121
-21249,3000,74667.922049
-13235,3000,74679.279735
-17221,3000,74690.946872
-28235,3000,74703.047775
-14275,3000,74715.187284
-24210,3000,74726.589853
-14241,3000,74737.34073
-13256,3000,74748.91646
-10306,3000,74760.868195
-15233,3000,74772.88029
-24255,3000,74784.468639
-20253,3000,74795.51466
-28288,3000,74807.469217
-18251,3000,74819.504899
-26257,3000,74831.814024
-13264,3000,74843.773671
-13258,3000,74855.680285
-19257,3000,74866.902611
-23199,3000,74879.054894
-18227,3000,74890.340629
-20236,3000,74902.764247
-19241,3000,74914.625979
-19205,3000,74925.972306
-21235,3000,74947.942551
-10241,3000,74959.833397
-21305,3000,74972.021661
-19238,3000,74984.245626
-20235,3000,74997.249902
-20230,3000,75010.552279
-16255,3000,75022.703943
-17290,3000,75034.831547
-13261,3000,75046.168357
-19259,3000,75058.502283
-29251,3000,75070.617867
-15270,3000,75082.826714
-14252,3000,75093.856185
-12267,3000,75105.14532
-14261,3000,75116.851893
-18239,3000,75128.811563
-16268,3000,75140.568824
-15224,3000,75151.794549
-13228,3000,75163.190992
-13251,3000,75175.39787
-15220,3000,75188.001956
-20268,3000,75200.614484
-23247,3000,75212.986543
-23246,3000,75224.728558
-18270,3000,75237.101673
-24248,3000,75248.187776
-21221,3000,75259.246047
-14225,3000,75270.187044
-16259,3000,75282.308258
-22219,3000,75293.876563
-20264,3000,75305.423712
-11242,3000,75316.684865
-16226,3000,75328.981714
-20237,3000,75340.652015
-21242,3000,75352.366533
-14236,3000,75364.69134
-25273,3000,75376.847332
-13282,3000,75388.699398
-23277,3000,75400.775723
-18240,3000,75412.779813
-16252,3000,75424.438276
-17241,3000,75436.653352
-18251,3000,75448.245923
-17223,3000,75459.16838
-17270,3000,75471.63088
-15252,3000,75483.041032
-20227,3000,75494.35767
-17245,3000,75506.338708
-14237,3000,75518.098519
-20261,3000,75529.937904
-15233,3000,75541.269701
-9229,3000,75553.250844
-17248,3000,75564.657135
-12244,3000,75576.481984
-17275,3000,75588.184333
-16276,3000,75599.958388
-20251,3000,75610.991622
-18235,3000,75622.580138
-19296,3000,75635.086701
-21254,3000,75645.97781
-20257,3000,75657.31736
-17255,3000,75668.564655
-20268,3000,75680.345262
-19237,3000,75691.942082
-21280,3000,75704.423167
-15226,3000,75716.517068
-15228,3000,75738.951207
-14212,3000,75750.564267
-24243,3000,75762.518312
-22242,3000,75774.461764
-15245,3000,75786.245959
-17285,3000,75797.608995
-11245,3000,75810.192154
-21231,3000,75822.714065
-13252,3000,75835.003259
-21263,3000,75846.739436
-14245,3000,75858.240205
-22292,3000,75870.692476
-26252,3000,75882.7356
-24229,3000,75894.718279
-25223,3000,75906.293736
-15247,3000,75918.594589
-21285,3000,75931.0288
-10263,3000,75942.92947
-21228,3000,75954.790442
-15223,3000,75966.546264
-13236,3000,75978.51423
-10273,3000,75990.186935
-17209,3000,76001.913199
-18239,3000,76013.929862
-12244,3000,76026.211853
-16233,3000,76038.29768
-19215,3000,76050.57042
-14213,3000,76062.63496
-17233,3000,76074.794768
-19183,3000,76086.79048
-17262,3000,76098.845932
-12265,3000,76110.66849
-19237,3000,76122.653691
-23266,3000,76134.822
-16227,3000,76147.548695
-23241,3000,76160.014938
-12233,3000,76173.089405
-21260,3000,76184.982367
-14227,3000,76196.627614
-18268,3000,76208.939699
-16255,3000,76220.500892
-21194,3000,76232.343316
-19238,3000,76244.199874
-26217,3000,76256.229165
-15300,3000,76267.918276
-18217,3000,76279.755833
-17211,3000,76291.665786
-22200,3000,76304.224072
-15273,3000,76316.726379
-7244,3000,76329.346601
-20225,3000,76341.585038
-10239,3000,76353.031214
-18246,3000,76364.806689
-11247,3000,76376.965378
-18229,3000,76389.222748
-13217,3000,76400.935824
-14222,3000,76413.109632
-14270,3000,76425.097256
-21203,3000,76437.389813
-13260,3000,76449.589669
-16268,3000,76462.772714
-21253,3000,76475.268244
-17238,3000,76487.97234
-22247,3000,76499.719685
-20266,3000,76512.064576
-15241,3000,76524.600283
-18241,3000,76536.162057
-18230,3000,76558.266274
-17220,3000,76570.71822
-16224,3000,76583.159414
-17229,3000,76595.839159
-13242,3000,76607.625308
-19285,3000,76619.895199
-14262,3000,76631.81116
-27232,3000,76644.120704
-12281,3000,76656.640908
-18208,3000,76667.826082
-12268,3000,76679.864803
-17248,3000,76691.498075
-15233,3000,76702.951321
-24209,3000,76715.553854
-14246,3000,76727.408238
-24254,3000,76739.896969
-23252,3000,76751.198985
-19239,3000,76763.455921
-17226,3000,76775.935013
-12242,3000,76787.458588
-18240,3000,76799.693496
-15251,3000,76812.176448
-17238,3000,76823.735761
-17239,3000,76835.670739
-28290,3000,76848.583708
-15236,3000,76860.85885
-21258,3000,76873.718924
-13262,3000,76885.353827
-20214,3000,76896.7043
-21293,3000,76909.357642
-16229,3000,76921.07342
-13248,3000,76933.648275
-20262,3000,76945.893429
-24222,3000,76958.446277
-20235,3000,76971.94039
-25257,3000,76984.323932
-7199,3000,76995.245272
-16223,3000,77006.412792
-16236,3000,77018.466787
-23242,3000,77030.993506
-18234,3000,77043.343168
-20239,3000,77056.579838
-16257,3000,77069.484361
-15242,3000,77082.702256
-26252,3000,77095.540846
-18226,3000,77107.989017
-23253,3000,77121.688158
-10243,3000,77134.598442
-20287,3000,77148.093283
-20256,3000,77160.807095
-17256,3000,77172.871827
-21252,3000,77185.07513
-12297,3000,77197.19998
-11252,3000,77209.52626
-14228,3000,77221.492013
-13251,3000,77233.592671
-20264,3000,77246.172814
-25266,3000,77258.515424
-20198,3000,77270.251592
-15246,3000,77281.805519
-14284,3000,77293.600542
-17247,3000,77305.33264
-18277,3000,77316.768595
-20288,3000,77329.134515
-20208,3000,77340.879726
-13274,3000,77352.525822
-16261,3000,77363.993087
-15247,3000,77386.588305
-11218,3000,77398.503363
-26269,3000,77410.326619
-17270,3000,77422.176143
-11281,3000,77435.47237
-19254,3000,77447.385272
-22240,3000,77458.510961
-19237,3000,77469.670321
-20229,3000,77481.571405
-18275,3000,77494.244368
-16244,3000,77505.712971
-17262,3000,77516.986942
-18240,3000,77529.240646
-24254,3000,77541.416885
-23274,3000,77553.998606
-23251,3000,77566.645351
-14236,3000,77577.330692
-17193,3000,77588.886615
-16250,3000,77601.015808
-25252,3000,77613.23341
-24221,3000,77625.875394
-17235,3000,77637.621996
-18285,3000,77649.827692
-22245,3000,77661.977768
-17254,3000,77674.195034
-27231,3000,77687.067302
-15237,3000,77698.504753
-23273,3000,77710.493221
-16268,3000,77721.509422
-10216,3000,77732.973419
-13255,3000,77744.313358
-16250,3000,77755.982482
-13262,3000,77767.288616
-16223,3000,77779.204182
-14227,3000,77790.935814
-23266,3000,77802.901481
-12228,3000,77815.487671
-18255,3000,77827.311751
-18244,3000,77838.818011
-19256,3000,77850.797121
-19285,3000,77863.607236
-26226,3000,77874.91038
-20235,3000,77886.207365
-23256,3000,77897.692006
-14246,3000,77909.57611
-33239,3000,77921.564039
-23266,3000,77933.021658
-18195,3000,77944.742595
-20229,3000,77957.100868
-24260,3000,77968.808451
-13216,3000,77980.70018
-18269,3000,77992.024537
-12270,3000,78003.83869
-17270,3000,78016.493153
-20254,3000,78028.922468
-21233,3000,78041.786145
-20244,3000,78054.760803
-26264,3000,78066.897379
-21237,3000,78079.132665
-9281,3000,78091.257364
-21261,3000,78102.809198
-18267,3000,78115.238545
-12270,3000,78128.099098
-27238,3000,78140.542217
-18257,3000,78152.77321
-27253,3000,78164.77504
-21232,3000,78187.742926
-17238,3000,78200.391418
-21256,3000,78213.721159
-16233,3000,78225.927256
-16252,3000,78238.446388
-16238,3000,78250.960719
-11266,3000,78262.135406
-22282,3000,78274.470853
-24258,3000,78287.018849
-21255,3000,78299.629276
-17245,3000,78311.840428
-13238,3000,78323.574932
-15256,3000,78334.847063
-22251,3000,78346.767478
-23238,3000,78358.640498
-19239,3000,78371.101359
-17280,3000,78383.486232
-22265,3000,78395.182896
-15229,3000,78406.485888
-18247,3000,78417.969597
-13240,3000,78430.307753
-14268,3000,78442.240588
-16272,3000,78454.523278
-13258,3000,78465.839491
-16269,3000,78477.989109
-19294,3000,78490.212245
-18233,3000,78502.161892
-20218,3000,78513.923818
-25239,3000,78526.325295
-17227,3000,78538.212787
-18281,3000,78550.10609
-19233,3000,78562.32033
-23254,3000,78574.196462
-19273,3000,78587.163656
-16256,3000,78598.438622
-24280,3000,78611.00422
-12256,3000,78622.765762
-22229,3000,78634.719306
-10258,3000,78646.971726
-23261,3000,78659.422713
-14276,3000,78670.866464
-15254,3000,78682.825665
-16263,3000,78695.968377
-10260,3000,78707.447396
-17255,3000,78719.105358
-17222,3000,78731.555278
-14230,3000,78744.163472
-17250,3000,78757.178346
-23230,3000,78769.72984
-22253,3000,78782.554137
-15277,3000,78794.588154
-15252,3000,78806.199842
-16269,3000,78818.846149
-21317,3000,78831.034563
-17218,3000,78842.386901
-16260,3000,78855.242543
-21230,3000,78866.880771
-16227,3000,78878.733441
-20245,3000,78890.933643
-25278,3000,78903.789025
-14256,3000,78917.00336
-21251,3000,78929.843775
-17223,3000,78942.361827
-19266,3000,78953.925642
-16257,3000,78966.78732
-20272,3000,78978.467283
-23256,3000,78990.050986
-24258,3000,79013.793914
-16247,3000,79026.389699
-19242,3000,79038.374405
-13234,3000,79050.061869
-17230,3000,79063.210114
-19253,3000,79075.458236
-19236,3000,79087.830279
-13263,3000,79099.723047
-17265,3000,79112.061213
-11253,3000,79124.37406
-21287,3000,79137.122124
-15271,3000,79149.817859
-15267,3000,79161.818501
-21269,3000,79174.136602
-17233,3000,79186.498573
-16221,3000,79198.902942
-22239,3000,79211.757245
-14258,3000,79224.221749
-26302,3000,79236.219356
-16267,3000,79248.931483
-20251,3000,79261.470992
-18263,3000,79273.93112
-20210,3000,79285.871892
-16275,3000,79298.069309
-22269,3000,79310.195425
-13271,3000,79322.025365
-20250,3000,79334.149988
-15289,3000,79346.757798
-21275,3000,79358.972608
-19280,3000,79371.42471
-26266,3000,79383.703367
-7268,3000,79395.768577
-14290,3000,79408.396837
-18280,3000,79421.842782
-21242,3000,79433.644924
-16241,3000,79445.777488
-22271,3000,79457.630566
-20231,3000,79468.937883
-11255,3000,79481.117265
-13262,3000,79493.543384
-16257,3000,79505.844856
-18265,3000,79517.959241
-22250,3000,79530.681239
-21297,3000,79543.075861
-24274,3000,79556.622425
-25253,3000,79568.950095
-15238,3000,79582.464484
-24265,3000,79595.078132
-23265,3000,79606.914669
-25232,3000,79620.158744
-29286,3000,79633.451972
-14240,3000,79647.29294
-11247,3000,79660.436965
-18245,3000,79673.465426
-16264,3000,79686.372032
-26262,3000,79698.6176
-17247,3000,79711.070745
-17211,3000,79722.94254
-14266,3000,79734.875249
-22254,3000,79747.465642
-23264,3000,79759.672712
-20247,3000,79771.991692
-28274,3000,79785.805758
-8237,3000,79797.760415
-24273,3000,79810.943443
-21215,3000,79822.585781
-21253,3000,79834.995039
-16265,3000,79858.09033
-14252,3000,79870.497797
-9268,3000,79882.709924
-25279,3000,79894.881473
-19240,3000,79907.062384
-13230,3000,79918.682389
-19279,3000,79932.133703
-21271,3000,79944.493243
-19249,3000,79956.307224
-16251,3000,79969.491776
-15228,3000,79981.437437
-15242,3000,79993.526272
-13219,3000,80005.910637
-23261,3000,80017.448086
-18258,3000,80030.293668
-23287,3000,80042.339854
-15284,3000,80054.204144
-17245,3000,80066.145964
-25222,3000,80078.496614
-15255,3000,80090.718414
-15242,3000,80102.581905
-16242,3000,80115.265691
-16287,3000,80128.195351
-17273,3000,80140.353002
-25291,3000,80153.592787
-15284,3000,80166.767212
-20265,3000,80179.289763
-24281,3000,80191.989369
-19246,3000,80204.732615
-26267,3000,80217.758118
-21288,3000,80230.398377
-20233,3000,80242.069623
-10279,3000,80254.062676
-14245,3000,80266.893546
-17272,3000,80278.747672
-22296,3000,80291.174373
-12247,3000,80303.080331
-23255,3000,80315.433889
-16262,3000,80327.620617
-13229,3000,80339.825602
-21273,3000,80353.287658
-14294,3000,80365.697068
-19233,3000,80378.234208
-10286,3000,80391.109705
-17253,3000,80402.905441
-20240,3000,80414.511636
-14304,3000,80427.899831
-21268,3000,80440.539712
-14264,3000,80453.197712
-21266,3000,80466.261795
-18264,3000,80478.541931
-17248,3000,80490.961141
-23288,3000,80503.337922
-13245,3000,80515.48701
-15222,3000,80527.597007
-23285,3000,80540.334102
-25290,3000,80552.874634
-18282,3000,80565.972199
-15267,3000,80578.585034
-15237,3000,80591.347579
-26240,3000,80603.04069
-17242,3000,80614.915931
-12205,3000,80627.058207
-17284,3000,80639.481806
-11253,3000,80653.105903
-21258,3000,80665.409596
-19273,3000,80688.991543
-16245,3000,80700.968341
-15252,3000,80712.738869
-22257,3000,80724.459243
-18241,3000,80736.758868
-19280,3000,80750.003583
-18231,3000,80762.086932
-22264,3000,80773.115125
-20251,3000,80785.837933
-20244,3000,80798.031879
-22268,3000,80810.5779
-19257,3000,80822.361695
-15273,3000,80834.814084
-19258,3000,80846.838343
-16229,3000,80859.007994
-18237,3000,80870.159026
-22270,3000,80882.718841
-15256,3000,80894.982227
-10236,3000,80906.531506
-27268,3000,80918.719191
-20270,3000,80931.097119
-12305,3000,80943.57035
-15282,3000,80956.472351
-17301,3000,80968.82108
-18234,3000,80980.702068
-22235,3000,80992.777516
-17306,3000,81006.111924
-16234,3000,81018.157781
-18233,3000,81029.989627
-14255,3000,81041.166183
-20255,3000,81053.315251
-20240,3000,81064.941512
-19261,3000,81077.206315
-15304,3000,81089.792458
-21256,3000,81101.508371
-11253,3000,81113.876701
-13249,3000,81125.576419
-16257,3000,81137.220677
-15294,3000,81150.39893
-20265,3000,81161.583043
-27225,3000,81173.868276
-14277,3000,81186.47642
-15277,3000,81198.247238
-26271,3000,81210.626889
-21244,3000,81222.582238
-22240,3000,81234.035217
-21238,3000,81246.053953
-15269,3000,81258.136435
-16245,3000,81270.404898
-14254,3000,81282.731837
-10257,3000,81294.458416
-17276,3000,81306.362198
-16279,3000,81318.501584
-31282,3000,81330.243651
-22241,3000,81342.593635
-16227,3000,81354.474772
-14286,3000,81367.111866
-22291,3000,81380.304082
-18244,3000,81392.500521
-18249,3000,81404.846344
-21278,3000,81417.348346
-16250,3000,81429.660537
-15249,3000,81441.483204
-16291,3000,81453.082535
-18246,3000,81465.338594
-17250,3000,81477.87246
-15238,3000,81489.954147
-21274,3000,81513.325339
-18239,3000,81525.087258
-17244,3000,81536.909692
-17269,3000,81549.739744
-27270,3000,81562.244378
-23262,3000,81574.811236
-22256,3000,81587.361489
-23261,3000,81599.235477
-15280,3000,81611.886916
-16277,3000,81623.488525
-18243,3000,81635.866095
-24262,3000,81647.865116
-23242,3000,81659.868821
-19269,3000,81671.769765
-11238,3000,81684.117593
-14221,3000,81695.691266
-21237,3000,81708.057758
-26286,3000,81720.514785
-16242,3000,81732.760418
-16253,3000,81745.41741
-11250,3000,81757.801876
-18227,3000,81769.50059
-23276,3000,81781.492022
-11253,3000,81793.557911
-23246,3000,81806.112347
-15247,3000,81818.171601
-18282,3000,81830.30383
-19222,3000,81842.84598
-26248,3000,81855.147517
-16234,3000,81867.17256
-21234,3000,81878.71877
-18231,3000,81890.857092
-22247,3000,81903.192263
-24239,3000,81914.630975
-23237,3000,81926.901845
-23244,3000,81939.931417
-24209,3000,81952.677951
-15207,3000,81965.526737
-25219,3000,81977.681189
-22271,3000,81990.763902
-23256,3000,82003.342987
-14284,3000,82016.151147
-24279,3000,82028.18031
-16222,3000,82039.930535
-14223,3000,82052.475365
-17251,3000,82064.340162
-15260,3000,82076.045968
-13266,3000,82088.908847
-22258,3000,82100.948486
-17237,3000,82112.971415
-15313,3000,82126.015255
-16264,3000,82137.938905
-24235,3000,82149.518412
-24237,3000,82161.630038
-15234,3000,82173.276066
-22279,3000,82185.441299
-18237,3000,82197.457476
-15265,3000,82208.943523
-15289,3000,82220.626678
-18254,3000,82232.444289
-17251,3000,82244.797025
-17264,3000,82257.372484
-21266,3000,82270.186512
-19232,3000,82282.883143
-15221,3000,82295.044545
-13235,3000,82306.623921
-22239,3000,82318.600287
-21249,3000,82341.8193
-18265,3000,82354.759838
-18271,3000,82367.461979
-15245,3000,82379.618314
-24277,3000,82391.969233
-16237,3000,82404.876365
-26266,3000,82417.426017
-13258,3000,82429.514726
-23229,3000,82442.298928
-10237,3000,82455.143805
-23253,3000,82467.859295
-13209,3000,82480.201418
-18262,3000,82492.64617
-11219,3000,82503.712875
-17253,3000,82515.921854
-16262,3000,82527.809502
-18256,3000,82539.629225
-21309,3000,82552.357133
-26234,3000,82564.500198
-12235,3000,82576.773953
-17269,3000,82588.383926
-17269,3000,82600.779265
-20300,3000,82613.116404
-15243,3000,82625.239653
-19277,3000,82637.824175
-13238,3000,82649.432564
-17265,3000,82661.415411
-13293,3000,82674.092477
-13230,3000,82686.13555
-21252,3000,82698.51351
-11210,3000,82710.278011
-31258,3000,82723.260592
-17206,3000,82734.845876
-12281,3000,82747.881585
-19245,3000,82759.415518
-21273,3000,82771.420972
-25262,3000,82783.282571
-28232,3000,82794.93136
-28259,3000,82806.55628
-16266,3000,82818.546038
-20294,3000,82830.746273
-17237,3000,82842.892
-12298,3000,82855.745339
-22242,3000,82867.470834
-18253,3000,82880.105843
-24273,3000,82892.306015
-18230,3000,82905.461994
-24252,3000,82917.401256
-16253,3000,82929.616071
-16306,3000,82942.615504
-15261,3000,82954.810328
-20275,3000,82966.961592
-18254,3000,82979.250804
-19241,3000,82991.028667
-11277,3000,83003.390669
-14249,3000,83014.935411
-18259,3000,83027.610949
-20286,3000,83040.254748
-15283,3000,83052.019449
-15232,3000,83064.030143
-11254,3000,83075.76596
-21234,3000,83087.863507
-21259,3000,83099.589649
-22296,3000,83112.142715
-21240,3000,83123.778956
-18264,3000,83136.051192
-25187,3000,83158.73589
-26212,3000,83171.005659
-12254,3000,83183.133307
-20256,3000,83196.032091
-21262,3000,83208.419343
-18239,3000,83220.457876
-17257,3000,83232.686454
-18268,3000,83244.912522
-16227,3000,83257.347913
-29281,3000,83269.963078
-21238,3000,83281.97819
-16263,3000,83294.11172
-16242,3000,83306.486633
-18231,3000,83318.397408
-10231,3000,83329.583912
-16220,3000,83340.624046
-23259,3000,83352.831942
-15248,3000,83364.696732
-15259,3000,83376.916894
-18249,3000,83388.418895
-15253,3000,83400.533056
-15202,3000,83412.151832
-19258,3000,83424.555998
-23227,3000,83436.403972
-19241,3000,83447.65983
-17239,3000,83459.754928
-22232,3000,83471.701513
-18274,3000,83484.132251
-11257,3000,83496.425415
-14247,3000,83508.179269
-19228,3000,83520.164579
-16238,3000,83531.879917
-20233,3000,83543.952778
-26247,3000,83556.580635
-17284,3000,83569.766413
-18275,3000,83583.136514
-16227,3000,83595.529807
-16211,3000,83607.007542
-22244,3000,83619.040471
-20230,3000,83631.446602
-18215,3000,83643.239078
-21245,3000,83654.498426
-19246,3000,83667.062468
-24260,3000,83678.836402
-28239,3000,83691.076854
-21248,3000,83702.334609
-18232,3000,83713.800287
-14276,3000,83726.080014
-16234,3000,83738.005418
-25266,3000,83750.423836
-18244,3000,83762.686138
-9251,3000,83774.877616
-20234,3000,83786.640899
-9273,3000,83798.514498
-27237,3000,83811.714504
-16255,3000,83823.910598
-15259,3000,83835.994134
-20251,3000,83848.376452
-28271,3000,83860.236453
-13216,3000,83872.165242
-22235,3000,83883.834895
-15254,3000,83895.679159
-24262,3000,83907.880246
-15239,3000,83920.375606
-22254,3000,83932.56901
-15280,3000,83944.468924
-15262,3000,83956.313776
-18247,3000,83978.822296
-24275,3000,83990.637399
-17228,3000,84002.696327
-16289,3000,84014.305741
-18253,3000,84025.981002
-14240,3000,84037.77968
-12215,3000,84049.498813
-12225,3000,84062.674562
-16240,3000,84074.83479
-13255,3000,84086.757212
-15242,3000,84098.019338
-25238,3000,84109.596332
-19253,3000,84120.764339
-12218,3000,84132.274643
-17218,3000,84145.06073
-12256,3000,84157.897101
-14303,3000,84170.622883
-18226,3000,84181.549114
-19275,3000,84193.075456
-16212,3000,84204.866793
-22245,3000,84216.674504
-17268,3000,84228.581841
-23256,3000,84240.35965
-14269,3000,84251.786788
-11252,3000,84263.943036
-24236,3000,84275.995712
-18243,3000,84287.854192
-22221,3000,84299.280301
-18269,3000,84312.373638
-12225,3000,84325.117237
-14237,3000,84338.013528
-20237,3000,84350.661581
-15239,3000,84362.459254
-15285,3000,84374.042446
-19243,3000,84386.387429
-10257,3000,84398.412244
-18242,3000,84410.039112
-18262,3000,84421.882997
-12237,3000,84433.569952
-20284,3000,84445.356176
-18255,3000,84457.516031
-19232,3000,84469.659822
-17260,3000,84480.762985
-23218,3000,84491.743222
-15266,3000,84502.795358
-13207,3000,84514.084043
-20204,3000,84524.981273
-21254,3000,84537.284467
-21275,3000,84549.613428
-14270,3000,84561.538913
-22266,3000,84573.395458
-17227,3000,84585.394539
-24256,3000,84597.280874
-17232,3000,84608.555724
-20257,3000,84620.026455
-13268,3000,84632.105963
-21235,3000,84644.438088
-14263,3000,84655.394874
-26268,3000,84667.922103
-17244,3000,84679.576411
-18249,3000,84691.29031
-27283,3000,84703.484327
-18234,3000,84716.568676
-22232,3000,84729.577438
-16238,3000,84741.796285
-14273,3000,84754.558927
-10223,3000,84766.847985
-11233,3000,84788.902328
-16257,3000,84800.973604
-14232,3000,84812.829553
-15243,3000,84825.321979
-21275,3000,84837.722239
-13262,3000,84849.134454
-21239,3000,84861.098173
-18228,3000,84872.876257
-13236,3000,84885.127829
-16258,3000,84897.407194
-24208,3000,84908.715258
-14269,3000,84920.851436
-18214,3000,84932.726254
-15238,3000,84944.226593
-22242,3000,84956.570495
-18247,3000,84969.264403
-15277,3000,84981.829673
-12218,3000,84993.296144
-15263,3000,85006.735026
-23281,3000,85017.848235
-19227,3000,85029.457827
-11268,3000,85041.620688
-14249,3000,85054.926224
-18291,3000,85068.25427
-18251,3000,85081.060706
-18275,3000,85092.951171
-18255,3000,85104.413738
-23265,3000,85117.917299
-21235,3000,85129.828775
-14262,3000,85142.684354
-24235,3000,85155.022838
-15248,3000,85167.419883
-21222,3000,85178.674152
-11240,3000,85190.081658
-17288,3000,85201.888015
-20204,3000,85214.094887
-13256,3000,85225.853511
-10230,3000,85237.592771
-13225,3000,85249.743316
-19246,3000,85261.708338
-13203,3000,85273.959565
-21249,3000,85287.227451
-18236,3000,85300.303091
-19247,3000,85313.094137
-20255,3000,85325.076551
-15228,3000,85336.929033
-24260,3000,85349.2475
-17254,3000,85361.479111
-21245,3000,85372.813484
-15268,3000,85384.815509
-14240,3000,85396.479602
-19255,3000,85407.864665
-24245,3000,85419.439289
-23254,3000,85432.309949
-15262,3000,85444.058076
-32256,3000,85455.411494
-21243,3000,85467.321159
-17280,3000,85480.218194
-20219,3000,85492.932658
-22245,3000,85505.511766
-19244,3000,85517.106716
-20239,3000,85529.057124
-22216,3000,85541.537599
-10223,3000,85554.562894
-25244,3000,85567.101936
-14309,3000,85579.869794
-19278,3000,85601.813527
-17245,3000,85613.603444
-12228,3000,85624.985083
-15226,3000,85637.171727
-23221,3000,85648.562724
-18265,3000,85660.758628
-13269,3000,85672.706341
-13249,3000,85685.471842
-25240,3000,85697.576639
-14222,3000,85708.459776
-27243,3000,85720.636934
-19236,3000,85731.908188
-15237,3000,85744.044266
-17228,3000,85756.476836
-21250,3000,85768.871051
-20255,3000,85780.947365
-21207,3000,85792.88804
-11257,3000,85805.156811
-20249,3000,85817.231086
-14226,3000,85829.233015
-19259,3000,85840.706191
-21254,3000,85853.886831
-21252,3000,85866.918514
-28205,3000,85879.306421
-17229,3000,85891.430686
-30241,3000,85904.131244
-19241,3000,85916.737946
-21259,3000,85928.791619
-23293,3000,85940.161779
-15247,3000,85951.463619
-23254,3000,85962.928519
-23219,3000,85975.157441
-21255,3000,85988.14123
-19265,3000,86000.99941
-29274,3000,86013.478097
-20242,3000,86025.894157
-22278,3000,86038.402128
-22265,3000,86050.769639
-19254,3000,86063.590404
-14227,3000,86076.126033
-14228,3000,86089.207088
-12209,3000,86100.840341
-25226,3000,86114.152346
-18216,3000,86126.896438
-12265,3000,86139.657898
-15252,3000,86151.669694
-13206,3000,86164.087803
-23230,3000,86176.675869
-18199,3000,86188.583118
-20235,3000,86200.135985
-18225,3000,86211.738391
-8219,3000,86222.515445
-14240,3000,86234.790917
-22236,3000,86247.093324
-17219,3000,86259.187513
-22200,3000,86271.817156
-19249,3000,86283.303036
-20253,3000,86295.506576
-17256,3000,86306.497519
-9237,3000,86318.781202
-18236,3000,86330.974029
-15232,3000,86343.576668
-18275,3000,86356.90995
-21223,3000,86368.612458
-22243,3000,86379.949248
-15233,3000,86391.412202
-21206,3000,86402.894765
-19208,3000,86425.24521
-24226,3000,86437.126091
-12238,3000,86448.885545
-18237,3000,86460.835027
-16272,3000,86472.768249
-12227,3000,86484.193824
-21229,3000,86496.49775
-19224,3000,86507.795541
-20264,3000,86519.902636
-20216,3000,86532.047844
-21215,3000,86544.395095
-18255,3000,86556.606462
-20249,3000,86569.21327
-15274,3000,86580.688687
-16273,3000,86592.633884
-14207,3000,86604.0036
-27223,3000,86615.625851
-26221,3000,86628.106217
-25240,3000,86639.927731
-20238,3000,86651.663804
-13248,3000,86664.050826
-20276,3000,86676.251191
-22227,3000,86687.826569
-21213,3000,86700.153245
-27220,3000,86711.759376
-18270,3000,86723.708629
-14233,3000,86735.007488
-20259,3000,86747.075831
-16255,3000,86759.703872
-16257,3000,86772.010526
-18246,3000,86784.145941
-21265,3000,86796.358717
-15246,3000,86807.579764
-18261,3000,86819.160366
-16239,3000,86831.852864
-16217,3000,86844.013624
-16273,3000,86856.552477
-20250,3000,86868.943544
-25234,3000,86881.333703
-21255,3000,86892.797835
-21237,3000,86904.640472
-14217,3000,86916.739281
-13219,3000,86928.801426
-25255,3000,86939.721922
-22251,3000,86951.901803
-20210,3000,86963.209857
-15274,3000,86975.50887
-16224,3000,86988.205572
-19246,3000,87000.56906
-16233,3000,87012.172534
-17248,3000,87024.846293
-14224,3000,87036.939313
-13242,3000,87049.055144
-13232,3000,87060.831298
-19273,3000,87073.373225
-18225,3000,87085.355305
-13258,3000,87097.212493
-17264,3000,87109.233636
-16231,3000,87121.189975
-22229,3000,87133.12852
-18233,3000,87144.928932
-25269,3000,87157.381596
-16274,3000,87168.902574
-17263,3000,87181.732059
-20236,3000,87193.700499
-21252,3000,87205.908611
-19216,3000,87217.53504
-19219,3000,87239.373348
-24199,3000,87251.648758
-15227,3000,87263.656539
-16243,3000,87275.939198
-26251,3000,87287.970415
-14274,3000,87300.10125
-18253,3000,87310.779557
-23237,3000,87323.349961
-15279,3000,87335.984664
-17256,3000,87348.844218
-17258,3000,87360.226257
-16241,3000,87372.028529
-15294,3000,87383.422145
-15216,3000,87394.83631
-19251,3000,87406.807727
-15240,3000,87418.655935
-24276,3000,87430.41302
-17249,3000,87441.660261
-21247,3000,87453.562615
-11227,3000,87465.569809
-25242,3000,87477.236931
-17233,3000,87489.443382
-21256,3000,87500.80916
-14225,3000,87513.480343
-18221,3000,87525.004855
-19245,3000,87536.221657
-28236,3000,87548.407977
-18232,3000,87560.365454
-15211,3000,87571.430514
-21216,3000,87583.686116
-15240,3000,87595.771265
-16207,3000,87607.41467
-11243,3000,87620.157743
-14236,3000,87631.565109
-14282,3000,87643.894725
-28214,3000,87656.098291
-16213,3000,87667.573902
-22222,3000,87678.987884
-20249,3000,87690.768297
-14227,3000,87701.810961
-15264,3000,87712.687249
-16222,3000,87725.382108
-16254,3000,87736.987577
-16276,3000,87748.275118
-19256,3000,87759.678236
-20252,3000,87771.645913
-15278,3000,87783.59417
-19219,3000,87794.735354
-16258,3000,87806.736902
-18261,3000,87819.09464
-23225,3000,87830.999429
-15197,3000,87842.209346
-16207,3000,87853.764161
-23242,3000,87865.278128
-18224,3000,87877.394197
-16284,3000,87888.889464
-14218,3000,87899.958108
-15291,3000,87912.072388
-25258,3000,87925.062027
-16244,3000,87938.404816
-10230,3000,87949.485857
-14270,3000,87961.283736
-19257,3000,87972.528137
-14232,3000,87983.41316
-15257,3000,87995.355574
-18270,3000,88007.326459
-20224,3000,88030.166936
-22284,3000,88041.770668
-17270,3000,88052.591772
-14220,3000,88064.658712
-16234,3000,88076.595693
-20252,3000,88089.158592
-26215,3000,88101.046222
-23255,3000,88113.31808
-16247,3000,88124.614062
-15251,3000,88136.10315
-12246,3000,88147.449542
-19241,3000,88159.086071
-21233,3000,88170.704384
-22242,3000,88182.329051
-17254,3000,88194.077979
-24188,3000,88206.037142
-23267,3000,88217.630075
-14246,3000,88228.429305
-16198,3000,88240.174119
-27219,3000,88251.847375
-23238,3000,88264.271646
-18280,3000,88276.611839
-18188,3000,88289.111661
-12202,3000,88301.075507
-17253,3000,88313.300241
-12176,3000,88324.253058
-24223,3000,88336.526483
-19207,3000,88347.570259
-17267,3000,88359.052117
-13225,3000,88370.564333
-20268,3000,88382.339171
-16237,3000,88394.144173
-20243,3000,88405.751694
-15211,3000,88417.236449
-18243,3000,88430.004516
-21232,3000,88441.338255
-16221,3000,88453.477773
-11234,3000,88465.454201
-9231,3000,88477.256378
-12236,3000,88489.717655
-14239,3000,88501.076821
-17235,3000,88511.755088
-20251,3000,88525.023
-14232,3000,88537.120842
-17231,3000,88548.842466
-9207,3000,88560.286023
-22224,3000,88572.604259
-27260,3000,88584.71674
-14228,3000,88596.21543
-14232,3000,88607.141861
-20238,3000,88618.605217
-27194,3000,88630.915961
-19240,3000,88642.662105
-21215,3000,88653.94092
-20261,3000,88665.751521
-18266,3000,88678.662689
-17239,3000,88690.627671
-15255,3000,88702.418139
-24266,3000,88714.651527
-19243,3000,88727.453147
-11259,3000,88738.841283
-22203,3000,88750.414508
-12203,3000,88762.080601
-14279,3000,88774.050159
-17229,3000,88786.087763
-20209,3000,88797.920513
-11233,3000,88809.260023
-16241,3000,88831.696668
-11228,3000,88843.569907
-20244,3000,88856.127721
-13249,3000,88866.826584
-29259,3000,88878.886538
-24221,3000,88891.576957
-10217,3000,88903.645031
-17244,3000,88915.856782
-22231,3000,88928.396139
-18236,3000,88939.544744
-18255,3000,88951.208839
-18247,3000,88963.267729
-15226,3000,88975.086413
-13203,3000,88986.462621
-12214,3000,88998.139642
-14247,3000,89009.263145
-8238,3000,89020.954098
-18220,3000,89033.444853
-17213,3000,89045.936847
-20251,3000,89056.876034
-15266,3000,89068.590137
-18193,3000,89080.796935
-17243,3000,89092.346856
-19241,3000,89103.942982
-15240,3000,89115.591891
-18246,3000,89126.803028
-17253,3000,89139.388582
-21218,3000,89150.865817
-17235,3000,89162.231613
-14210,3000,89173.589143
-23272,3000,89186.005459
-17221,3000,89197.354859
-17234,3000,89209.635086
-16251,3000,89222.030462
-15210,3000,89233.610751
-13236,3000,89245.499073
-15254,3000,89257.337364
-23243,3000,89269.720745
-11206,3000,89280.932842
-15279,3000,89292.771098
-18212,3000,89304.977072
-10223,3000,89316.126379
-19265,3000,89326.935361
-17246,3000,89338.874541
-19252,3000,89349.937742
-10233,3000,89361.336395
-12266,3000,89373.904031
-17263,3000,89385.815338
-13250,3000,89397.899683
-11204,3000,89409.557719
-13218,3000,89421.038399
-11225,3000,89432.669444
-25217,3000,89444.036185
-17239,3000,89456.374307
-20244,3000,89467.871051
-22214,3000,89479.491514
-25263,3000,89491.565133
-19226,3000,89502.778391
-18219,3000,89514.873224
-16248,3000,89526.50561
-14232,3000,89538.479597
-17251,3000,89549.85047
-16222,3000,89561.383397
-15232,3000,89573.127818
-20215,3000,89584.736373
-29259,3000,89595.921649
-17256,3000,89607.510665
-17254,3000,89628.974157
-14258,3000,89640.963571
-20255,3000,89652.375782
-18251,3000,89664.80429
-16268,3000,89676.818445
-17223,3000,89689.317178
-12247,3000,89700.455188
-16205,3000,89712.03239
-16264,3000,89723.706765
-14231,3000,89735.594382
-16228,3000,89746.807887
-22243,3000,89757.793491
-17214,3000,89769.761684
-23241,3000,89781.952873
-24238,3000,89793.6084
-14261,3000,89805.759769
-25212,3000,89817.437299
-20220,3000,89828.903636
-17233,3000,89840.803299
-19243,3000,89852.629937
-24258,3000,89864.297899
-13192,3000,89875.439059
-22227,3000,89887.286861
-23256,3000,89898.282671
-26253,3000,89910.733104
-15224,3000,89922.44382
-24229,3000,89934.481138
-22225,3000,89945.851134
-16247,3000,89957.659474
-20253,3000,89969.844179
-11238,3000,89981.923007
-21266,3000,89993.734903
-13226,3000,90005.927234
-14193,3000,90018.105933
-20225,3000,90029.097737
-26265,3000,90041.149516
-22239,3000,90052.207623
-14264,3000,90064.469038
-18234,3000,90076.071691
-12260,3000,90087.993648
-21215,3000,90100.119962
-12225,3000,90111.358845
-17205,3000,90122.404959
-18246,3000,90133.772938
-15213,3000,90145.539186
-23248,3000,90156.897455
-19209,3000,90168.60708
-15267,3000,90180.84886
-26253,3000,90191.985487
-26215,3000,90203.757162
-15270,3000,90216.067859
-14261,3000,90228.197707
-18217,3000,90240.477526
-13230,3000,90252.001228
-19241,3000,90263.681234
-14200,3000,90274.730457
-18269,3000,90286.760437
-26246,3000,90298.65202
-16191,3000,90309.724128
-16247,3000,90322.761019
-17223,3000,90334.833777
-17263,3000,90346.193903
-24243,3000,90358.626464
-15226,3000,90370.716776
-16260,3000,90382.284202
-20244,3000,90395.025898
-21222,3000,90417.303552
-9238,3000,90429.400326
-21228,3000,90441.529705
-12212,3000,90453.364148
-20223,3000,90465.059762
-17229,3000,90476.765855
-15224,3000,90488.75188
-17218,3000,90500.709697
-13237,3000,90512.88727
-15238,3000,90525.0636
-24271,3000,90537.189285
-21263,3000,90549.364785
-16256,3000,90561.145768
-21243,3000,90572.900564
-13268,3000,90584.924789
-24238,3000,90596.210863
-15237,3000,90607.944079
-16258,3000,90619.822411
-21249,3000,90631.836062
-16215,3000,90643.604348
-18260,3000,90655.706604
-15269,3000,90668.250748
-12244,3000,90679.953243
-21240,3000,90692.614829
-13247,3000,90704.331115
-22230,3000,90716.336868
-22264,3000,90728.61174
-14202,3000,90739.984044
-22274,3000,90752.646916
-13248,3000,90764.641119
-17235,3000,90776.209332
-28270,3000,90789.291268
-11226,3000,90801.105549
-19229,3000,90812.918418
-17257,3000,90825.090654
-16234,3000,90837.259102
-15254,3000,90849.059017
-14258,3000,90860.802578
-27237,3000,90872.762833
-15207,3000,90884.381409
-16196,3000,90895.751009
-15274,3000,90907.879094
-21229,3000,90920.046371
-21270,3000,90932.035565
-13270,3000,90944.66479
-19265,3000,90956.976824
-18256,3000,90969.525795
-15290,3000,90981.170541
-20285,3000,90993.579003
-21231,3000,91005.969934
-17218,3000,91017.754802
-20242,3000,91030.009827
-16245,3000,91040.980975
-16243,3000,91052.697431
-16271,3000,91064.849218
-13241,3000,91076.316256
-17249,3000,91088.211078
-19263,3000,91099.929417
-28272,3000,91111.841266
-12239,3000,91124.429224
-20242,3000,91136.185861
-14262,3000,91148.492476
-16237,3000,91160.913508
-20221,3000,91173.463713
-18245,3000,91186.034556
-16233,3000,91197.902985
-17243,3000,91209.824184
-20216,3000,91231.754825
-21247,3000,91243.127196
-9274,3000,91255.027203
-21235,3000,91266.941317
-16229,3000,91278.880709
-23233,3000,91291.254005
-15229,3000,91303.475771
-18256,3000,91314.988538
-12253,3000,91326.4589
-14245,3000,91337.247221
-12219,3000,91348.441345
-17243,3000,91361.178362
-24236,3000,91375.123764
-21239,3000,91388.638524
-14235,3000,91400.357865
-16238,3000,91411.855304
-10234,3000,91422.837907
-28214,3000,91434.592558
-19224,3000,91445.576118
-10223,3000,91456.34602
-25269,3000,91467.867628
-18244,3000,91479.642695
-20275,3000,91491.364031
-17249,3000,91503.391208
-18195,3000,91515.364556
-18247,3000,91526.966942
-11228,3000,91538.993484
-19250,3000,91551.073447
-10242,3000,91563.208585
-20246,3000,91575.79592
-14235,3000,91587.238835
-24260,3000,91598.96714
-30221,3000,91609.966685
-12201,3000,91621.614036
-18227,3000,91634.492909
-15236,3000,91646.650878
-22278,3000,91659.102255
-7232,3000,91669.513705
-24241,3000,91680.969793
-19238,3000,91692.49983
-23260,3000,91704.140968
-11232,3000,91715.024865
-12250,3000,91726.805018
-9206,3000,91738.036698
-18220,3000,91749.791052
-20225,3000,91761.780565
-15213,3000,91772.312699
-21205,3000,91783.683127
-19219,3000,91795.397567
-20247,3000,91807.446783
-33263,3000,91818.920682
-18203,3000,91830.126505
-17256,3000,91842.215296
-20250,3000,91853.25657
-22248,3000,91865.168064
-17223,3000,91875.960504
-32234,3000,91887.923025
-21230,3000,91899.267394
-18237,3000,91910.852055
-18189,3000,91922.116202
-17262,3000,91934.355344
-19255,3000,91945.210091
-14242,3000,91957.078867
-9221,3000,91968.09543
-15220,3000,91979.269058
-17244,3000,91989.871024
-11296,3000,92001.696579
-15238,3000,92023.338593
-9284,3000,92034.953401
-20206,3000,92046.122052
-12227,3000,92057.365791
-23223,3000,92068.86011
-8214,3000,92080.071188
-12233,3000,92091.302061
-15238,3000,92102.69634
-20249,3000,92114.427849
-17195,3000,92126.074957
-23205,3000,92136.929504
-16220,3000,92148.226655
-14242,3000,92159.049272
-27258,3000,92170.929703
-20230,3000,92182.160924
-15203,3000,92193.898296
-16213,3000,92205.293587
-15215,3000,92216.703241
-17220,3000,92228.374942
-19246,3000,92239.263483
-14255,3000,92250.551964
-14229,3000,92261.556945
-22265,3000,92272.977871
-16246,3000,92284.800137
-17227,3000,92296.22956
-20230,3000,92307.289939
-17242,3000,92318.797889
-12215,3000,92330.089295
-17240,3000,92341.090777
-18251,3000,92352.030266
-12238,3000,92363.490427
-13218,3000,92374.497555
-18226,3000,92385.653862
-20250,3000,92397.395154
-18204,3000,92408.033571
-24221,3000,92419.205995
-20227,3000,92430.025954
-22251,3000,92441.628674
-17266,3000,92453.525157
-18233,3000,92465.193491
-12207,3000,92476.250539
-17255,3000,92487.677059
-15202,3000,92499.332415
-21228,3000,92511.60769
-15225,3000,92522.505023
-20231,3000,92533.58219
-24212,3000,92545.513755
-19252,3000,92556.890921
-18217,3000,92568.929219
-16222,3000,92579.904561
-19253,3000,92591.415922
-19232,3000,92602.658622
-19228,3000,92614.200112
-20261,3000,92625.923666
-21225,3000,92637.585353
-15277,3000,92648.706614
-18251,3000,92660.082436
-14238,3000,92671.361414
-15207,3000,92682.311437
-22224,3000,92693.403094
-11234,3000,92704.726704
-23208,3000,92716.316676
-14235,3000,92728.078586
-19226,3000,92738.823451
-15233,3000,92750.115434
-23251,3000,92761.740588
-12224,3000,92782.438702
-19222,3000,92793.107094
-11201,3000,92803.995246
-14237,3000,92815.380919
-17232,3000,92826.196239
-11208,3000,92838.165606
-16188,3000,92849.489674
-23233,3000,92860.935849
-23243,3000,92871.717326
-12245,3000,92883.188306
-16230,3000,92893.946526
-21201,3000,92905.71818
-27218,3000,92917.362708
-20229,3000,92929.132288
-18214,3000,92939.983936
-15228,3000,92951.096364
-15237,3000,92962.493473
-16255,3000,92974.758131
-17232,3000,92986.110312
-15227,3000,92997.58103
-15205,3000,93007.931408
-10208,3000,93019.083819
-15218,3000,93030.267941
-7244,3000,93041.435433
-17238,3000,93052.533305
-14244,3000,93064.360301
-16239,3000,93075.36017
-12216,3000,93087.024379
-21213,3000,93098.678142
-17198,3000,93110.034291
-19257,3000,93121.184129
-14248,3000,93132.793105
-23231,3000,93144.641885
-24237,3000,93155.573217
-23285,3000,93167.090542
-13217,3000,93177.989625
-26234,3000,93189.191181
-21230,3000,93200.144633
-17233,3000,93211.196741
-21245,3000,93222.055696
-20222,3000,93233.38934
-13236,3000,93243.87897
-22208,3000,93254.752752
-19226,3000,93266.047674
-18265,3000,93277.419017
-17210,3000,93288.773753
-19244,3000,93299.720258
-20256,3000,93310.796429
-11238,3000,93322.207279
-14231,3000,93333.499337
-21227,3000,93344.694625
-17231,3000,93355.837928
-19272,3000,93367.039027
-25191,3000,93378.25409
-18197,3000,93389.045146
-19243,3000,93399.929654
-20225,3000,93411.340604
-17259,3000,93422.40966
-13172,3000,93433.357987
-16255,3000,93444.56063
-12241,3000,93456.26046
-21177,3000,93467.346391
-20250,3000,93478.529529
-26227,3000,93489.676467
-15192,3000,93500.990599
-15223,3000,93511.964175
-19247,3000,93523.313593
-22241,3000,93544.277119
-17226,3000,93554.714863
-18236,3000,93566.172288
-13254,3000,93577.225152
-12230,3000,93588.419989
-19224,3000,93599.666686
-11205,3000,93610.791567
-22270,3000,93622.029954
-11262,3000,93634.159759
-14221,3000,93645.16088
-20234,3000,93656.595111
-15218,3000,93667.84953
-18221,3000,93678.564871
-17233,3000,93689.309439
-21272,3000,93700.987908
-18221,3000,93712.365098
-24257,3000,93723.889369
-11260,3000,93735.218633
-20253,3000,93746.690907
-22255,3000,93758.310932
-18205,3000,93769.307281
-13209,3000,93780.44866
-19216,3000,93791.939091
-20187,3000,93802.841723
-20224,3000,93813.862715
-13223,3000,93824.661145
-15236,3000,93836.128981
-17220,3000,93846.972746
-25234,3000,93857.949671
-20209,3000,93868.913384
-5193,3000,93879.971928
-14243,3000,93891.261963
-16198,3000,93902.710183
-26256,3000,93913.901947
-8199,3000,93924.765647
-17232,3000,93935.514442
-19234,3000,93947.168404
-16208,3000,93958.328868
-11191,3000,93969.247469
-15250,3000,93980.788636
-14271,3000,93992.342551
-23240,3000,94003.778087
-16256,3000,94014.904327
-17213,3000,94025.646109
-19236,3000,94037.506496
-18259,3000,94048.667626
-15233,3000,94060.22298
-15235,3000,94071.739665
-15231,3000,94083.271732
-14273,3000,94094.795894
-17229,3000,94105.550494
-16194,3000,94116.584675
-18253,3000,94127.760598
-19212,3000,94139.051188
-26230,3000,94150.147438
-12232,3000,94162.293602
-18260,3000,94173.546612
-11208,3000,94184.798648
-24224,3000,94196.897553
-24232,3000,94208.281296
-11207,3000,94219.971786
-20252,3000,94231.790668
-19233,3000,94242.971167
-17228,3000,94254.752735
-15216,3000,94265.674134
-15221,3000,94276.797572
-27191,3000,94287.572736
-24211,3000,94308.572749
-12191,3000,94319.651741
-15234,3000,94331.122075
-16241,3000,94342.357464
-22179,3000,94353.228833
-16239,3000,94364.562323
-15219,3000,94375.652865
-25221,3000,94387.10215
-14215,3000,94398.13002
-13268,3000,94409.076684
-19180,3000,94420.368331
-12236,3000,94431.885069
-15263,3000,94444.064861
-20200,3000,94454.723555
-16230,3000,94465.281165
-23220,3000,94476.23455
-17232,3000,94487.605487
-15241,3000,94499.147583
-16230,3000,94510.217743
-12204,3000,94521.630852
-15205,3000,94532.45533
-14213,3000,94543.085893
-18222,3000,94554.269408
-14192,3000,94565.08373
-22232,3000,94576.189758
-21208,3000,94587.120164
-13228,3000,94597.790038
-15233,3000,94608.458705
-9225,3000,94619.683637
-19244,3000,94630.560138
-19237,3000,94641.920743
-16223,3000,94652.958443
-21235,3000,94663.41034
-17260,3000,94674.704506
-17212,3000,94685.908557
-16246,3000,94697.064955
-16219,3000,94708.178172
-18230,3000,94719.541828
-12211,3000,94730.724179
-18236,3000,94742.066084
-18243,3000,94753.865863
-19250,3000,94765.509814
-25227,3000,94777.776659
-16234,3000,94789.210054
-27217,3000,94800.920641
-18245,3000,94812.043085
-20230,3000,94822.533503
-19229,3000,94833.615452
-12237,3000,94844.352895
-20236,3000,94855.774628
-11244,3000,94867.516044
-19213,3000,94878.78127
-18230,3000,94890.318388
-19231,3000,94901.69659
-31261,3000,94913.087884
-17214,3000,94925.131317
-20207,3000,94936.333375
-17220,3000,94947.264014
-8236,3000,94958.712736
-16261,3000,94969.925425
-25217,3000,94981.726612
-15240,3000,94992.970041
-16278,3000,95004.00935
-22227,3000,95015.044442
-15227,3000,95025.388476
-15234,3000,95036.268882
-17253,3000,95057.554976
-16187,3000,95068.915421
-19222,3000,95080.456702
-14256,3000,95092.430432
-14244,3000,95103.52841
-11241,3000,95114.822496
-14220,3000,95125.8956
-25223,3000,95137.45796
-16226,3000,95148.178917
-11262,3000,95158.695872
-23233,3000,95170.018222
-26229,3000,95180.988876
-15207,3000,95191.786011
-13207,3000,95202.295937
-23203,3000,95212.790875
-23231,3000,95224.035417
-19264,3000,95235.532695
-15250,3000,95246.611756
-24237,3000,95257.680168
-12210,3000,95268.294443
-7198,3000,95279.271269
-20264,3000,95290.412649
-17234,3000,95301.641005
-14221,3000,95312.268032
-15226,3000,95323.462995
-25231,3000,95334.356685
-18226,3000,95345.339654
-14260,3000,95356.529637
-22232,3000,95367.689991
-15225,3000,95378.794445
-19212,3000,95390.255032
-19229,3000,95401.418118
-21240,3000,95412.626639
-14258,3000,95423.783966
-20217,3000,95434.672138
-16253,3000,95445.103209
-16276,3000,95456.670216
-16229,3000,95467.772748
-21232,3000,95479.305282
-23201,3000,95490.603381
-22241,3000,95501.393708
-14259,3000,95513.469459
-15219,3000,95524.654633
-21251,3000,95536.327292
-19229,3000,95546.820885
-22223,3000,95558.201016
-24255,3000,95569.099747
-26268,3000,95580.531177
-11217,3000,95591.838762
-20244,3000,95602.694584
-14203,3000,95613.834325
-14250,3000,95625.331879
-24222,3000,95636.454133
-17214,3000,95647.361549
-26231,3000,95658.577561
-20261,3000,95669.765047
-21222,3000,95681.059756
-21242,3000,95692.269046
-20236,3000,95703.169752
-16250,3000,95714.228057
-21229,3000,95725.640778
-23187,3000,95737.03353
-14237,3000,95748.373808
-19270,3000,95759.587017
-19221,3000,95770.810914
-10225,3000,95781.639392
-11210,3000,95792.726781
-16245,3000,95813.774368
-18239,3000,95824.77544
-20229,3000,95835.668622
-13245,3000,95846.818336
-20209,3000,95857.659499
-20233,3000,95868.447344
-13230,3000,95879.30462
-18223,3000,95890.587834
-14227,3000,95901.640045
-14229,3000,95913.020373
-21239,3000,95923.879708
-18205,3000,95934.614749
-14217,3000,95946.049399
-13235,3000,95956.883018
-19233,3000,95968.098182
-17236,3000,95979.68711
-21197,3000,95990.643317
-17257,3000,96001.944021
-20206,3000,96012.735264
-16224,3000,96023.951711
-11236,3000,96034.791454
-11232,3000,96046.160134
-18223,3000,96057.053358
-10238,3000,96067.863746
-18262,3000,96079.967921
-15208,3000,96091.41119
-21216,3000,96102.763051
-18219,3000,96114.143346
-18230,3000,96125.025234
-19227,3000,96136.643442
-14249,3000,96147.950763
-21267,3000,96159.317276
-21197,3000,96169.907962
-20243,3000,96181.205731
-19236,3000,96192.709316
-11217,3000,96203.826471
-12179,3000,96214.540653
-28222,3000,96225.606529
-17231,3000,96236.109201
-24225,3000,96247.371423
-13218,3000,96258.148972
-13209,3000,96269.329928
-16231,3000,96280.549658
-18236,3000,96291.492203
-15226,3000,96302.705422
-18257,3000,96314.232513
-25246,3000,96325.648046
-14234,3000,96337.126051
-12215,3000,96348.749016
-15223,3000,96359.7374
-14210,3000,96370.899001
-12268,3000,96381.885118
-16227,3000,96393.14493
-16236,3000,96403.967101
-24205,3000,96414.817003
-21216,3000,96425.986255
-14244,3000,96437.06977
-12230,3000,96447.827202
-12225,3000,96458.51131
-14244,3000,96469.616895
-17236,3000,96480.591631
-21232,3000,96491.28052
-18213,3000,96502.357062
-20244,3000,96513.336716
-22221,3000,96524.534737
-14226,3000,96535.760422
-16224,3000,96547.020875
-15228,3000,96567.908216
-27178,3000,96578.301986
-22207,3000,96589.201787
-17201,3000,96600.198173
-12258,3000,96611.6426
-19250,3000,96623.030681
-14213,3000,96634.302313
-15231,3000,96645.487033
-16205,3000,96656.412245
-17230,3000,96667.411328
-16207,3000,96678.229825
-17199,3000,96688.981392
-9240,3000,96700.962314
-17227,3000,96712.020047
-20207,3000,96723.132867
-22234,3000,96734.450918
-19232,3000,96745.616204
-21226,3000,96756.653718
-14219,3000,96767.458867
-18232,3000,96778.497918
-24229,3000,96788.705291
-20232,3000,96799.890866
-14196,3000,96810.875342
-11220,3000,96822.321604
-10226,3000,96833.803933
-20217,3000,96845.012678
-18252,3000,96855.955858
-19265,3000,96867.203327
-20225,3000,96878.499644
-20223,3000,96889.580579
-21220,3000,96900.291742
-12197,3000,96911.478443
-15243,3000,96922.692402
-23236,3000,96933.523236
-17224,3000,96945.231276
-24222,3000,96956.86642
-17222,3000,96967.755857
-15256,3000,96978.684046
-22250,3000,96990.092606
-15269,3000,97001.662895
-14235,3000,97012.187717
-11183,3000,97022.929303
-21221,3000,97033.425981
-15234,3000,97045.010291
-10224,3000,97055.73653
-16264,3000,97066.633367
-32268,3000,97078.15006
-21245,3000,97089.82262
-16233,3000,97100.846122
-10209,3000,97111.653577
-20206,3000,97122.991075
-22219,3000,97134.089507
-16254,3000,97145.369673
-9224,3000,97156.589965
-17206,3000,97167.716114
-22257,3000,97179.093013
-16209,3000,97189.696334
-14228,3000,97200.738805
-21211,3000,97211.735676
-19216,3000,97222.668283
-12210,3000,97234.008729
-21226,3000,97244.764206
-15223,3000,97255.856318
-6225,3000,97266.796287
-13213,3000,97277.864689
-14224,3000,97289.163448
-14229,3000,97310.422099
-19285,3000,97322.307119
-22263,3000,97333.804183
-22221,3000,97344.49857
-20233,3000,97355.41881
-17225,3000,97366.295631
-14195,3000,97377.726305
-21246,3000,97389.258068
-17216,3000,97400.311833
-21230,3000,97411.730587
-16218,3000,97422.843469
-11235,3000,97434.505
-17211,3000,97446.125807
-22225,3000,97457.389739
-16217,3000,97468.051188
-14186,3000,97479.371537
-16273,3000,97490.563401
-14249,3000,97502.038126
-17222,3000,97512.803184
-23254,3000,97524.154923
-18214,3000,97535.183621
-21232,3000,97546.334407
-23222,3000,97557.896988
-16205,3000,97568.880638
-24249,3000,97580.096376
-16215,3000,97591.437071
-12190,3000,97602.185117
-21248,3000,97613.748394
-19261,3000,97625.491836
-21229,3000,97636.374506
-26242,3000,97647.659391
-7213,3000,97658.379642
-21218,3000,97669.584856
-8244,3000,97680.530699
-16205,3000,97690.846224
-19227,3000,97701.528287
-18236,3000,97712.398547
-8255,3000,97724.488393
-11206,3000,97736.031871
-13230,3000,97747.232471
-15256,3000,97759.272948
-15245,3000,97770.207678
-14205,3000,97780.592794
-11202,3000,97791.923957
-18207,3000,97803.133301
-25222,3000,97814.301571
-10235,3000,97825.572649
-12208,3000,97836.219602
-16241,3000,97847.03541
-15211,3000,97858.548819
-12250,3000,97869.4867
-14241,3000,97880.938815
-9196,3000,97891.609199
-12236,3000,97902.868876
-16216,3000,97914.060195
-17217,3000,97925.278899
-21215,3000,97936.034826
-25228,3000,97947.441348
-21216,3000,97958.97709
-13243,3000,97969.99852
-22228,3000,97981.548852
-17223,3000,97992.593704
-26187,3000,98003.540039
-22228,3000,98014.068856
-16262,3000,98025.499651
-16249,3000,98036.939889
-15201,3000,98047.870103
-17242,3000,98068.718567
-16236,3000,98079.543006
-17203,3000,98090.447064
-21249,3000,98101.420491
-15220,3000,98112.464906
-14208,3000,98123.782764
-14224,3000,98134.804272
-7213,3000,98145.96674
-27203,3000,98157.263489
-15213,3000,98167.976579
-27237,3000,98178.821932
-15235,3000,98190.250186
-25200,3000,98200.925502
-14218,3000,98212.101625
-26206,3000,98222.789071
-16200,3000,98234.568484
-18226,3000,98245.661956
-17193,3000,98256.447794
-13216,3000,98267.393644
-13232,3000,98278.604917
-14238,3000,98290.060744
-12226,3000,98300.640928
-17204,3000,98311.225947
-18221,3000,98322.175601
-15238,3000,98333.281873
-17239,3000,98344.531606
-15210,3000,98355.446655
-19213,3000,98365.975177
-14239,3000,98376.928801
-26283,3000,98388.136621
-19239,3000,98398.907024
-19231,3000,98410.385261
-15201,3000,98421.199375
-23211,3000,98432.452585
-24245,3000,98443.210188
-19227,3000,98453.745329
-17237,3000,98464.3443
-14204,3000,98475.673154
-12211,3000,98486.410812
-19205,3000,98497.568653
-22183,3000,98508.438138
-14218,3000,98519.579242
-19228,3000,98530.849282
-24198,3000,98541.864347
-17229,3000,98553.726338
-16210,3000,98565.444415
-14219,3000,98577.71875
-19266,3000,98588.238644
-15240,3000,98599.703234
-10228,3000,98610.546943
-17225,3000,98621.438428
-12217,3000,98632.694649
-18248,3000,98644.365445
-16213,3000,98655.258847
-18238,3000,98666.439208
-14237,3000,98677.502298
-14230,3000,98688.753631
-15225,3000,98699.392659
-19251,3000,98710.797039
-22206,3000,98721.999085
-17236,3000,98732.766151
-13240,3000,98743.938968
-21217,3000,98754.711986
-8263,3000,98766.19349
-10195,3000,98777.046175
-15273,3000,98788.801148
-21226,3000,98799.873887
-17204,3000,98820.169076
-17213,3000,98831.184059
-15205,3000,98842.568524
-17231,3000,98853.65641
-25219,3000,98864.77449
-13237,3000,98876.148093
-18208,3000,98887.294583
-14257,3000,98899.172743
-16209,3000,98909.889996
-14262,3000,98920.62903
-16254,3000,98931.408287
-11254,3000,98943.099928
-19214,3000,98954.01125
-15238,3000,98964.727384
-22225,3000,98976.294907
-16200,3000,98987.298527
-20210,3000,98998.018643
-15226,3000,99009.431189
-13234,3000,99020.950619
-13204,3000,99032.175907
-23215,3000,99043.584402
-16237,3000,99054.354352
-18224,3000,99064.809615
-13247,3000,99076.008373
-17200,3000,99087.419861
-18221,3000,99098.465378
-24230,3000,99109.439332
-16211,3000,99119.98459
-19235,3000,99131.145082
-14203,3000,99142.433745
-12243,3000,99153.767261
-15245,3000,99164.507072
-13228,3000,99175.313128
-22212,3000,99185.880214
-10203,3000,99197.089118
-22183,3000,99207.629891
-12206,3000,99218.534198
-17228,3000,99229.47417
-14242,3000,99241.445827
-16211,3000,99252.121828
-11223,3000,99263.19976
-24228,3000,99274.355757
-17230,3000,99285.492609
-13222,3000,99296.883217
-13211,3000,99307.956115
-15179,3000,99318.992253
-19242,3000,99329.714951
-19207,3000,99340.180097
-23232,3000,99351.466714
-15214,3000,99362.45545
-25247,3000,99373.797982
-19226,3000,99385.091298
-19202,3000,99396.781024
-17210,3000,99408.457615
-21222,3000,99419.742994
-18215,3000,99430.82836
-17242,3000,99442.108587
-19214,3000,99453.69411
-14200,3000,99464.501205
-24236,3000,99476.141798
-18226,3000,99487.134494
-27217,3000,99498.786551
-20216,3000,99509.503692
-13203,3000,99520.138026
-21238,3000,99531.435229
-19252,3000,99542.909924
-27251,3000,99564.192943
-16226,3000,99575.798964
-21223,3000,99587.084273
-18221,3000,99598.655337
-20248,3000,99609.739266
-15232,3000,99620.652893
-11224,3000,99631.538027
-23204,3000,99643.608821
-23225,3000,99655.49816
-20197,3000,99666.587725
-14221,3000,99677.752187
-17215,3000,99688.790457
-21192,3000,99700.323894
-14210,3000,99711.382341
-26242,3000,99722.956617
-15222,3000,99734.296144
-17240,3000,99746.252521
-19234,3000,99758.036282
-23257,3000,99769.557872
-18255,3000,99781.293047
-18235,3000,99792.212441
-14233,3000,99803.436876
-17187,3000,99814.700626
-13246,3000,99825.259455
-17261,3000,99836.320034
-10255,3000,99847.65771
-10220,3000,99858.747697
-21276,3000,99870.998578
-25229,3000,99882.378419
-19263,3000,99894.09123
-18245,3000,99905.837819
-15217,3000,99916.582829
-13208,3000,99927.351937
-17207,3000,99938.563183
-13211,3000,99949.924314
-15208,3000,99960.872276
-10184,3000,99971.681919
-9257,3000,99982.620249
-15251,3000,99993.364753
-12188,3000,100004.589314
-22190,3000,100015.604866
-23228,3000,100027.137402
-30218,3000,100038.100401
-14212,3000,100048.688194
-18225,3000,100059.783963
-16243,3000,100070.735231
-15215,3000,100081.437066
-20214,3000,100092.787472
-9233,3000,100103.384409
-15221,3000,100114.207061
-16243,3000,100124.527842
-11256,3000,100135.313872
-16218,3000,100146.184545
-20245,3000,100157.111277
-18242,3000,100168.347622
-20238,3000,100179.303932
-14241,3000,100190.489931
-13247,3000,100201.694368
-28210,3000,100212.948297
-10231,3000,100224.495
-19235,3000,100235.058541
-16215,3000,100246.645777
-18223,3000,100257.890261
-20231,3000,100268.345694
-14239,3000,100279.597295
-18200,3000,100290.801098
-19218,3000,100301.806953
-21231,3000,100322.698111
-22215,3000,100333.564644
-18210,3000,100344.669043
-17214,3000,100355.878242
-22210,3000,100367.354828
-14193,3000,100378.217787
-16236,3000,100389.757195
-25263,3000,100400.048219
-11235,3000,100410.993556
-15239,3000,100422.375169
-28255,3000,100433.716092
-15196,3000,100444.751217
-23265,3000,100456.364488
-10195,3000,100467.101488
-16235,3000,100478.185489
-17228,3000,100488.685151
-19230,3000,100499.280087
-23243,3000,100510.236141
-14222,3000,100520.56479
-18259,3000,100531.5883
-18176,3000,100542.945927
-18220,3000,100553.564674
-10236,3000,100564.682726
-12224,3000,100575.547601
-20227,3000,100586.458703
-14219,3000,100596.892607
-11178,3000,100608.0948
-24242,3000,100618.238901
-20239,3000,100629.461101
-21236,3000,100640.740453
-13224,3000,100651.487915
-17213,3000,100662.629153
-19234,3000,100673.770288
-17201,3000,100684.351181
-17235,3000,100695.947276
-11230,3000,100707.328579
-21219,3000,100718.983338
-10199,3000,100729.802068
-13224,3000,100740.428864
-15239,3000,100752.122431
-25249,3000,100762.810484
-12221,3000,100773.905914
-28190,3000,100785.436613
-21245,3000,100796.168582
-16185,3000,100806.444496
-16203,3000,100817.750691
-21228,3000,100829.429258
-20213,3000,100840.480155
-8215,3000,100851.44527
-19196,3000,100862.389625
-14256,3000,100873.458013
-14232,3000,100884.940105
-16206,3000,100896.184319
-15265,3000,100907.465962
-18224,3000,100918.255643
-17209,3000,100929.197345
-19197,3000,100940.623629
-17228,3000,100951.77761
-9233,3000,100963.065729
-19228,3000,100974.332429
-8222,3000,100985.222354
-18248,3000,100997.048294
-19214,3000,101008.07176
-10210,3000,101019.488242
-11245,3000,101030.472539
-15219,3000,101041.789279
-19213,3000,101053.238199
-18245,3000,101073.810084
-24209,3000,101084.65851
-20218,3000,101095.916749
-12224,3000,101106.89088
-29236,3000,101117.786611
-13243,3000,101128.355166
-16216,3000,101139.051069
-25200,3000,101150.075875
-12218,3000,101160.472903
-26203,3000,101171.702363
-20216,3000,101182.538427
-13228,3000,101194.141832
-13203,3000,101205.639085
-19229,3000,101216.904866
-19235,3000,101228.201265
-21217,3000,101239.527293
-9235,3000,101250.497061
-13202,3000,101261.763321
-17189,3000,101273.008044
-14214,3000,101283.914192
-19212,3000,101294.371999
-19240,3000,101305.157581
-16256,3000,101316.07803
-21209,3000,101326.773499
-13222,3000,101337.959479
-18223,3000,101348.113691
-28248,3000,101359.643388
-23231,3000,101370.763323
-19234,3000,101381.915988
-17260,3000,101392.527413
-12234,3000,101403.082731
-16199,3000,101414.22515
-14223,3000,101425.336272
-18257,3000,101436.856871
-18229,3000,101447.748714
-15255,3000,101458.522363
-15217,3000,101469.507117
-18242,3000,101480.829107
-15208,3000,101491.95228
-21197,3000,101503.301594
-16228,3000,101514.267882
-20212,3000,101524.912545
-22226,3000,101536.129195
-22226,3000,101547.352083
-18232,3000,101559.006373
-15226,3000,101570.089522
-19229,3000,101581.168934
-13239,3000,101591.814436
-17230,3000,101603.444186
-15220,3000,101614.571809
-19242,3000,101625.790187
-16212,3000,101636.797204
-16201,3000,101647.806623
-17249,3000,101658.281294
-18205,3000,101669.307581
-17188,3000,101680.317085
-16216,3000,101691.296501
-18230,3000,101702.4953
-15232,3000,101713.484383
-10244,3000,101724.742193
-17179,3000,101735.861753
-16240,3000,101746.781153
-13219,3000,101756.819562
-19227,3000,101768.067194
-16231,3000,101778.859067
-16229,3000,101789.848552
-10198,3000,101810.313803
-19222,3000,101821.862768
-10220,3000,101832.296267
-18194,3000,101843.242858
-16227,3000,101854.612214
-10224,3000,101865.296054
-17204,3000,101876.729849
-15234,3000,101887.755953
-17180,3000,101897.937467
-19213,3000,101908.391385
-19206,3000,101919.028032
-11233,3000,101929.278717
-13186,3000,101940.510747
-16170,3000,101951.147798
-18182,3000,101961.8694
-15240,3000,101972.715095
-18196,3000,101983.558695
-23228,3000,101994.88032
-21196,3000,102006.245521
-23231,3000,102016.923627
-13198,3000,102028.00953
-16250,3000,102039.187306
-20195,3000,102049.81304
-22196,3000,102060.336693
-20208,3000,102071.324562
-14201,3000,102082.173417
-14208,3000,102093.418022
-16216,3000,102104.053705
-26230,3000,102114.715463
-19240,3000,102125.626376
-20230,3000,102137.053099
-16256,3000,102147.75359
-15182,3000,102159.375399
-18233,3000,102170.501576
-20220,3000,102181.716948
-12255,3000,102192.378685
-14217,3000,102202.874934
-10226,3000,102214.193064
-20199,3000,102224.969089
-16229,3000,102235.949403
-22287,3000,102246.957369
-21195,3000,102257.455254
-23264,3000,102267.864583
-13232,3000,102278.867002
-16217,3000,102290.06619
-16201,3000,102301.659542
-13200,3000,102312.709812
-17220,3000,102323.594317
-18216,3000,102334.830821
-22230,3000,102345.368152
-16239,3000,102356.102895
-17208,3000,102367.247564
-14194,3000,102378.143493
-25175,3000,102389.319762
-18235,3000,102400.198855
-14215,3000,102410.864486
-11223,3000,102421.381792
-18191,3000,102432.547612
-18211,3000,102443.415791
-17208,3000,102453.897015
-16229,3000,102465.119575
-13209,3000,102475.744954
-25206,3000,102486.349308
-18189,3000,102497.7589
-17256,3000,102509.036683
-21229,3000,102520.169319
-25205,3000,102530.920402
-19228,3000,102551.423314
-11203,3000,102561.965026
-24190,3000,102573.076275
-13186,3000,102584.106284
-14238,3000,102594.997298
-20229,3000,102606.024056
-23199,3000,102616.549903
-21251,3000,102627.59781
-20236,3000,102638.477273
-15214,3000,102649.409826
-21243,3000,102660.541026
-4176,3000,102670.974725
-20227,3000,102682.493514
-19230,3000,102693.490605
-17245,3000,102704.404385
-20249,3000,102715.760592
-22231,3000,102726.816332
-25264,3000,102737.485868
-13225,3000,102747.641379
-22230,3000,102758.615329
-18206,3000,102769.281852
-17239,3000,102780.352212
-16222,3000,102791.202241
-11223,3000,102801.846385
-19265,3000,102812.397351
-17223,3000,102822.725876
-20201,3000,102833.536472
-14219,3000,102844.536999
-20244,3000,102855.257898
-14196,3000,102866.188199
-17235,3000,102877.174848
-15206,3000,102888.377616
-14237,3000,102899.543083
-17222,3000,102910.368989
-13213,3000,102921.351338
-16200,3000,102931.964963
-19224,3000,102942.484376
-17190,3000,102953.399575
-21218,3000,102964.314651
-19194,3000,102975.32621
-14219,3000,102986.748749
-13192,3000,102997.568975
-11210,3000,103008.787118
-16218,3000,103019.52311
-13248,3000,103030.433303
-17217,3000,103041.650808
-13209,3000,103052.29325
-13242,3000,103062.843178
-21221,3000,103072.959704
-9249,3000,103083.777894
-14233,3000,103095.127126
-22214,3000,103106.376314
-14226,3000,103117.314354
-16242,3000,103128.532523
-17225,3000,103139.106484
-20199,3000,103150.351525
-22257,3000,103161.591462
-18255,3000,103173.515021
-18229,3000,103184.335304
-24227,3000,103195.197539
-20204,3000,103206.022766
-15204,3000,103216.871444
-14213,3000,103227.420654
-13181,3000,103238.065412
-9188,3000,103248.614837
-21210,3000,103259.344644
-10206,3000,103270.403094
-22252,3000,103291.384475
-17197,3000,103302.152671
-17269,3000,103313.272444
-17191,3000,103323.991435
-13222,3000,103334.874774
-20246,3000,103346.647671
-13202,3000,103357.53169
-17237,3000,103368.757582
-24229,3000,103379.523087
-16197,3000,103390.279588
-10201,3000,103400.996759
-15229,3000,103412.425439
-20221,3000,103423.417428
-14230,3000,103434.259558
-21161,3000,103445.098842
-12235,3000,103455.515354
-15235,3000,103466.772565
-20247,3000,103478.18513
-16214,3000,103488.746591
-18246,3000,103499.837974
-16209,3000,103510.715394
-23234,3000,103521.205552
-20212,3000,103531.786032
-16196,3000,103542.457117
-10218,3000,103553.212757
-3192,3000,103564.320536
-12182,3000,103575.035935
-14207,3000,103585.926092
-9203,3000,103596.535959
-16203,3000,103606.754978
-15227,3000,103617.769474
-16202,3000,103628.70277
-10219,3000,103639.468869
-17246,3000,103650.550309
-20201,3000,103661.580726
-16207,3000,103672.361826
-12201,3000,103682.901698
-11226,3000,103693.92144
-17188,3000,103704.349739
-23188,3000,103714.916481
-13191,3000,103725.927275
-26238,3000,103736.872895
-20220,3000,103748.014066
-16186,3000,103758.619674
-17236,3000,103769.510103
-17252,3000,103780.513045
-15227,3000,103791.22455
-14204,3000,103802.772948
-16279,3000,103814.40555
-11230,3000,103825.24698
-21223,3000,103836.187457
-14249,3000,103846.934351
-17214,3000,103857.453583
-10227,3000,103868.035694
-22210,3000,103878.908109
-16232,3000,103889.830282
-18231,3000,103900.200894
-19208,3000,103911.167751
-17231,3000,103922.015939
-18220,3000,103933.421535
-12269,3000,103944.564128
-19230,3000,103955.835345
-11213,3000,103966.72881
-24246,3000,103977.338389
-22215,3000,103988.43606
-18224,3000,103999.291362
-20219,3000,104020.429022
-21264,3000,104030.926011
-12211,3000,104042.327739
-23231,3000,104053.049289
-24246,3000,104063.600386
-14220,3000,104074.561257
-15186,3000,104085.434582
-21232,3000,104096.277143
-16213,3000,104107.19028
-9208,3000,104118.220637
-15229,3000,104129.324286
-11218,3000,104140.922519
-10246,3000,104151.855404
-20244,3000,104162.833375
-22254,3000,104173.257732
-11212,3000,104184.544673
-14174,3000,104194.940972
-10212,3000,104205.793987
-14233,3000,104217.109556
-23189,3000,104227.80076
-14236,3000,104239.378847
-15207,3000,104249.978823
-26198,3000,104261.203117
-14208,3000,104274.128889
-16214,3000,104285.178594
-10201,3000,104296.665363
-10210,3000,104308.367681
-25193,3000,104320.458154
-15218,3000,104332.422042
-17211,3000,104343.563841
-7182,3000,104355.258819
-12190,3000,104366.283119
-14236,3000,104377.572168
-15213,3000,104388.188246
-18213,3000,104399.055442
-13243,3000,104409.544809
-17234,3000,104420.442484
-20201,3000,104431.162219
-16236,3000,104441.652529
-21214,3000,104452.31944
-18214,3000,104463.655064
-12210,3000,104474.366774
-24219,3000,104485.461769
-20221,3000,104496.770108
-21219,3000,104508.441621
-16204,3000,104518.819721
-21209,3000,104530.098057
-15212,3000,104540.603058
-23240,3000,104551.223594
-23244,3000,104562.288688
-20207,3000,104573.156841
-14191,3000,104584.404776
-18217,3000,104595.14722
-16231,3000,104606.989891
-17213,3000,104617.651152
-16247,3000,104628.552716
-24214,3000,104639.480054
-14196,3000,104650.171123
-21215,3000,104660.972976
-17241,3000,104672.051181
-13194,3000,104682.965278
-18166,3000,104693.196328
-19200,3000,104704.222542
-21235,3000,104714.801487
-27201,3000,104725.091972
-20190,3000,104735.809202
-17192,3000,104746.737845
-14232,3000,104766.362506
-18227,3000,104777.101475
-15210,3000,104787.348402
-15193,3000,104798.839771
-18221,3000,104809.782749
-11217,3000,104820.616941
-16210,3000,104831.528232
-15247,3000,104842.052136
-20217,3000,104852.81379
-22245,3000,104863.343846
-18204,3000,104874.300944
-18236,3000,104884.916412
-22208,3000,104895.969994
-20211,3000,104906.835865
-15215,3000,104917.343066
-11200,3000,104928.312312
-17220,3000,104939.540688
-24256,3000,104951.296585
-13193,3000,104961.744668
-17222,3000,104973.060752
-11202,3000,104984.06536
-12182,3000,104994.521662
-24223,3000,105005.147699
-14184,3000,105015.724702
-12235,3000,105026.153268
-13192,3000,105037.461042
-17197,3000,105048.399879
-14201,3000,105059.263039
-15230,3000,105070.002687
-9193,3000,105081.098668
-13204,3000,105092.087701
-17216,3000,105102.86589
-17225,3000,105114.360824
-18181,3000,105125.536687
-11246,3000,105135.781305
-16210,3000,105147.082414
-16230,3000,105158.005428
-13219,3000,105168.854555
-14220,3000,105179.696062
-13196,3000,105190.084618
-15230,3000,105201.389345
-10198,3000,105212.084368
-14213,3000,105223.568182
-13222,3000,105234.821033
-19188,3000,105245.319171
-20191,3000,105256.358638
-13205,3000,105266.620903
-20189,3000,105277.679172
-15216,3000,105289.143693
-18211,3000,105300.254469
-13218,3000,105311.342453
-18214,3000,105322.368112
-16196,3000,105333.081976
-17223,3000,105344.517772
-15190,3000,105356.019881
-16229,3000,105367.176909
-14234,3000,105378.102657
-22202,3000,105388.434817
-13224,3000,105398.942849
-15233,3000,105409.659235
-17213,3000,105420.903509
-19198,3000,105431.47786
-13222,3000,105442.340551
-18205,3000,105453.02333
-16228,3000,105463.643276
-14218,3000,105474.645164
-11219,3000,105485.090646
-21225,3000,105505.242237
-13216,3000,105515.493904
-16204,3000,105526.756527
-21229,3000,105537.009868
-21201,3000,105548.05022
-14173,3000,105559.065213
-16186,3000,105569.889671
-17190,3000,105580.941885
-25218,3000,105591.476183
-13203,3000,105601.949625
-26252,3000,105613.219329
-23217,3000,105623.973795
-13198,3000,105634.693718
-15248,3000,105645.414692
-18223,3000,105656.578328
-15211,3000,105666.972076
-13217,3000,105677.370941
-16222,3000,105688.092415
-16222,3000,105699.068121
-15220,3000,105708.891898
-25229,3000,105720.039539
-17204,3000,105730.28055
-21232,3000,105741.570474
-11195,3000,105752.294614
-19221,3000,105763.871236
-14210,3000,105774.620386
-18200,3000,105785.669973
-29230,3000,105796.854797
-12183,3000,105807.677633
-26236,3000,105818.336995
-12253,3000,105829.363828
-14211,3000,105840.777514
-12221,3000,105851.231171
-18212,3000,105862.68582
-14209,3000,105873.640248
-14227,3000,105884.880197
-11205,3000,105895.7072
-17202,3000,105906.890543
-21203,3000,105918.061891
-12189,3000,105928.694359
-19216,3000,105939.567835
-11237,3000,105950.893346
-14199,3000,105961.499996
-11208,3000,105972.5556
-9214,3000,105983.711344
-10218,3000,105994.779192
-17225,3000,106005.662692
-12207,3000,106016.537536
-24202,3000,106027.413084
-17184,3000,106038.012345
-17218,3000,106048.480007
-14240,3000,106059.586496
-22204,3000,106070.450811
-14209,3000,106081.105836
-15213,3000,106091.928869
-13250,3000,106102.720122
-14188,3000,106113.357874
-12221,3000,106124.302028
-21234,3000,106134.835173
-17196,3000,106145.415462
-21221,3000,106155.888047
-16208,3000,106166.424857
-17214,3000,106177.324916
-14261,3000,106187.981896
-8240,3000,106198.727227
-26228,3000,106209.857178
-19204,3000,106230.919719
-22184,3000,106241.738639
-9236,3000,106252.423824
-16233,3000,106263.096407
-9218,3000,106274.074558
-18218,3000,106285.054359
-14200,3000,106296.144394
-15211,3000,106307.108088
-15163,3000,106317.824969
-15217,3000,106328.306452
-12213,3000,106338.693826
-15214,3000,106349.586055
-18208,3000,106359.860427
-20235,3000,106370.894717
-20211,3000,106381.340592
-14213,3000,106392.318003
-20212,3000,106402.662054
-15242,3000,106413.523939
-17205,3000,106423.689548
-19203,3000,106434.562952
-17227,3000,106445.634601
-12243,3000,106456.455407
-15242,3000,106467.039713
-13220,3000,106477.702865
-10226,3000,106488.666552
-24221,3000,106499.215814
-20210,3000,106509.667298
-7217,3000,106519.973595
-17210,3000,106530.468503
-15198,3000,106541.26728
-12217,3000,106552.098025
-12252,3000,106563.204113
-10216,3000,106573.478494
-23234,3000,106584.237387
-21204,3000,106594.763023
-13235,3000,106605.599797
-17201,3000,106615.967333
-22244,3000,106626.570651
-13232,3000,106637.032355
-10228,3000,106647.682497
-19269,3000,106659.020549
-21191,3000,106669.477344
-26208,3000,106679.995368
-13201,3000,106690.528885
-15209,3000,106701.308114
-13206,3000,106712.145715
-17225,3000,106723.261539
-17207,3000,106734.775005
-23250,3000,106746.052001
-15207,3000,106756.692833
-18200,3000,106768.514491
-12225,3000,106778.833752
-17219,3000,106789.698726
-24221,3000,106800.222017
-15199,3000,106811.483397
-26175,3000,106822.547398
-18202,3000,106833.521489
-14229,3000,106844.919515
-15221,3000,106855.839591
-14230,3000,106865.932806
-16218,3000,106877.057026
-9180,3000,106887.899856
-21218,3000,106899.214456
-14230,3000,106909.655809
-23220,3000,106920.360388
-27209,3000,106931.125624
-19204,3000,106942.591256
-10160,3000,106962.957092
-18211,3000,106973.771064
-14219,3000,106984.180126
-19240,3000,106995.135324
-23206,3000,107005.924162
-16186,3000,107017.372892
-20225,3000,107028.717748
-20251,3000,107040.39311
-23215,3000,107050.313486
-16181,3000,107060.966506
-17231,3000,107071.524545
-17189,3000,107081.50739
-12197,3000,107092.124262
-9163,3000,107102.593677
-20194,3000,107113.420858
-14238,3000,107124.141772
-13218,3000,107135.214878
-16235,3000,107145.706315
-16198,3000,107156.297353
-19206,3000,107166.831795
-19196,3000,107177.119757
-19218,3000,107187.768804
-16190,3000,107198.284276
-16208,3000,107209.179814
-10215,3000,107220.301719
-16185,3000,107231.117289
-13190,3000,107241.768658
-9206,3000,107252.431711
-18178,3000,107262.984165
-20194,3000,107273.96364
-19218,3000,107285.043669
-14218,3000,107295.55453
-15231,3000,107306.170146
-12206,3000,107317.175516
-10209,3000,107328.937868
-22217,3000,107339.940937
-15211,3000,107350.408552
-14225,3000,107360.822925
-20215,3000,107371.068265
-23203,3000,107381.618209
-19207,3000,107392.410182
-4208,3000,107402.913691
-15191,3000,107414.173184
-11202,3000,107424.913743
-27196,3000,107436.034947
-17217,3000,107446.43869
-7187,3000,107456.703331
-20199,3000,107467.428334
-20209,3000,107478.004605
-12164,3000,107488.368057
-16211,3000,107499.683015
-22232,3000,107510.148392
-18213,3000,107521.66976
-14224,3000,107532.960716
-10190,3000,107543.789819
-16238,3000,107554.277671
-21188,3000,107565.713129
-18162,3000,107576.342192
-20206,3000,107587.633605
-18230,3000,107597.68543
-11192,3000,107608.422836
-22231,3000,107619.50741
-14244,3000,107629.98741
-12195,3000,107640.678975
-16177,3000,107651.035237
-21231,3000,107661.846365
-12216,3000,107672.205183
-22228,3000,107692.685413
-14206,3000,107703.287626
-10225,3000,107713.950208
-12199,3000,107724.285863
-16190,3000,107735.089361
-13204,3000,107745.656936
-18215,3000,107756.593895
-16197,3000,107767.337657
-16193,3000,107777.719223
-18201,3000,107787.961032
-10210,3000,107798.404893
-17234,3000,107809.292968
-19206,3000,107819.483517
-21221,3000,107830.176066
-11202,3000,107841.189991
-18217,3000,107852.272943
-14202,3000,107863.13833
-9169,3000,107873.635343
-11238,3000,107884.358297
-14211,3000,107895.384983
-11205,3000,107906.451737
-20238,3000,107917.360865
-22223,3000,107927.803838
-22223,3000,107938.35481
-22206,3000,107949.330254
-13194,3000,107960.009521
-17188,3000,107970.303218
-17188,3000,107981.117843
-22229,3000,107991.953979
-13211,3000,108002.579436
-19218,3000,108013.545095
-15191,3000,108023.904903
-18266,3000,108035.024867
-18192,3000,108046.108516
-20178,3000,108056.680262
-16191,3000,108067.422629
-20235,3000,108078.328531
-12205,3000,108088.890759
-12201,3000,108099.5494
-15206,3000,108110.029299
-21217,3000,108120.776318
-15209,3000,108131.16974
-17207,3000,108142.033228
-20220,3000,108152.779156
-18226,3000,108163.845057
-18197,3000,108175.303612
-19240,3000,108186.33526
-21233,3000,108197.15705
-22223,3000,108208.106941
-14183,3000,108218.768559
-18215,3000,108229.496841
-15217,3000,108239.640871
-16209,3000,108251.23578
-15233,3000,108262.15703
-19229,3000,108272.427378
-14185,3000,108283.773421
-22227,3000,108294.859066
-15225,3000,108305.103249
-14204,3000,108315.677822
-18193,3000,108326.660393
-13220,3000,108337.527521
-16236,3000,108347.818344
-21192,3000,108358.593286
-13220,3000,108368.99914
-20236,3000,108379.421776
-27244,3000,108389.741312
-11184,3000,108410.399176
-13196,3000,108421.563495
-32224,3000,108432.339921
-22231,3000,108442.937727
-13228,3000,108453.534755
-23225,3000,108464.505629
-16186,3000,108475.132665
-12216,3000,108485.848759
-22193,3000,108496.146559
-19243,3000,108507.492874
-12204,3000,108517.978946
-22184,3000,108529.124943
-14239,3000,108539.76409
-20218,3000,108550.236024
-18198,3000,108561.337437
-15243,3000,108571.733825
-10220,3000,108582.434396
-13196,3000,108593.204473
-15206,3000,108603.868924
-21208,3000,108615.11667
-13220,3000,108625.298981
-18218,3000,108636.609278
-19199,3000,108647.521724
-17199,3000,108658.08841
-22187,3000,108668.918125
-16201,3000,108679.611527
-16223,3000,108690.269625
-15224,3000,108701.36566
-17180,3000,108712.316652
-20219,3000,108723.464617
-18233,3000,108733.823578
-25208,3000,108744.486665
-11209,3000,108754.794053
-17184,3000,108765.338441
-25201,3000,108775.861614
-22216,3000,108786.388361
-14228,3000,108797.39819
-14211,3000,108807.983461
-22213,3000,108818.902904
-12212,3000,108829.440528
-13189,3000,108840.445022
-17236,3000,108851.062154
-17203,3000,108861.750813
-21219,3000,108872.656818
-19248,3000,108883.840998
-17226,3000,108894.354199
-18193,3000,108904.838508
-21203,3000,108914.971081
-17213,3000,108925.303944
-15206,3000,108936.011517
-15195,3000,108946.598392
-21197,3000,108957.247463
-18189,3000,108968.415197
-17234,3000,108979.276315
-18235,3000,108989.919709
-16182,3000,109001.124218
-22193,3000,109012.44702
-23209,3000,109022.912646
-13237,3000,109033.975265
-21229,3000,109044.666703
-18215,3000,109055.927824
-16206,3000,109066.84426
-12223,3000,109077.80355
-14196,3000,109088.019946
-20224,3000,109098.639768
-22203,3000,109109.860618
-20203,3000,109120.517662
-17189,3000,109140.883121
-14208,3000,109151.564316
-19211,3000,109161.988011
-7216,3000,109172.702284
-6217,3000,109183.153505
-13249,3000,109194.691134
-18203,3000,109205.165457
-17247,3000,109215.796735
-17212,3000,109226.269618
-16187,3000,109236.865313
-13187,3000,109247.821207
-21211,3000,109258.633026
-14216,3000,109269.066324
-15220,3000,109279.941807
-18205,3000,109290.860349
-22236,3000,109301.311314
-26227,3000,109311.719507
-19214,3000,109322.084059
-18220,3000,109332.736576
-14203,3000,109343.288877
-17193,3000,109354.160163
-19192,3000,109364.757951
-16183,3000,109375.108659
-21202,3000,109386.045513
-19216,3000,109396.845867
-24209,3000,109407.541833
-11203,3000,109418.113596
-22196,3000,109428.984773
-15224,3000,109439.974108
-16225,3000,109450.65348
-7232,3000,109461.240896
-14223,3000,109471.974344
-17218,3000,109482.229909
-24179,3000,109493.708158
-10216,3000,109504.130755
-16166,3000,109514.286584
-11200,3000,109525.132196
-11184,3000,109535.444934
-20207,3000,109546.273512
-15155,3000,109556.577151
-21214,3000,109567.473855
-19199,3000,109578.173195
-9234,3000,109588.728454
-20192,3000,109599.205561
-11217,3000,109609.595696
-16172,3000,109620.340704
-13174,3000,109631.131973
-18210,3000,109641.920779
-23193,3000,109652.307167
-15203,3000,109662.711131
-17188,3000,109673.259821
-15208,3000,109684.085307
-23205,3000,109694.452771
-12214,3000,109705.380859
-17191,3000,109716.111118
-6217,3000,109727.22041
-16180,3000,109737.766108
-13196,3000,109748.478414
-22207,3000,109759.648347
-17207,3000,109770.0516
-16180,3000,109780.531238
-19166,3000,109791.037616
-16210,3000,109801.271148
-8188,3000,109811.691064
-10200,3000,109822.350972
-19244,3000,109833.039232
-19203,3000,109843.58097
-25178,3000,109864.024309
-24207,3000,109874.433076
-16189,3000,109885.420725
-18189,3000,109895.776185
-11216,3000,109906.181678
-19194,3000,109917.274414
-19194,3000,109927.966867
-23227,3000,109939.168366
-14197,3000,109949.501168
-18231,3000,109960.343971
-24192,3000,109971.591168
-20208,3000,109982.459874
-11225,3000,109992.652951
-12198,3000,110003.317334
-22223,3000,110014.263747
-20225,3000,110024.711497
-21203,3000,110035.385541
-12201,3000,110045.369333
-26191,3000,110056.108742
-14226,3000,110066.273077
-20216,3000,110076.763777
-15200,3000,110087.537261
-16215,3000,110098.249422
-20209,3000,110108.846565
-16186,3000,110118.748717
-16204,3000,110129.262822
-12231,3000,110139.677882
-12183,3000,110150.844689
-15206,3000,110162.1183
-10194,3000,110172.318043
-20183,3000,110182.685994
-16219,3000,110193.286887
-12240,3000,110203.5365
-15188,3000,110214.114612
-14195,3000,110224.499172
-20206,3000,110234.85858
-16231,3000,110245.686688
-19206,3000,110256.385704
-15206,3000,110266.713658
-22189,3000,110277.257985
-13200,3000,110287.480861
-17208,3000,110297.891799
-11205,3000,110307.988053
-10210,3000,110318.869472
-17217,3000,110329.284845
-17215,3000,110339.978777
-18216,3000,110350.931458
-27206,3000,110361.271425
-16199,3000,110371.446324
-20225,3000,110381.741765
-11216,3000,110392.010983
-27164,3000,110402.408807
-19240,3000,110413.02266
-18221,3000,110423.335636
-25210,3000,110434.409153
-16198,3000,110444.986989
-9192,3000,110455.753208
-12184,3000,110466.44133
-19191,3000,110476.854898
-12181,3000,110487.447408
-16184,3000,110497.901527
-15208,3000,110508.618386
-16189,3000,110519.540745
-15188,3000,110530.285508
-18185,3000,110541.071022
-21189,3000,110551.750146
-17206,3000,110571.81714
-17172,3000,110583.085493
-9177,3000,110593.42289
-16208,3000,110604.12778
-8202,3000,110614.723104
-18188,3000,110625.35848
-13206,3000,110636.315778
-22186,3000,110647.059881
-20190,3000,110657.508323
-16254,3000,110667.901348
-16191,3000,110678.953768
-19209,3000,110689.954365
-14202,3000,110700.47231
-12211,3000,110710.702874
-18173,3000,110721.536919
-20178,3000,110732.514415
-20223,3000,110743.562691
-17219,3000,110754.467454
-24211,3000,110765.425283
-12211,3000,110775.521312
-12193,3000,110785.722989
-17211,3000,110796.466936
-17217,3000,110807.321454
-15199,3000,110818.600559
-21233,3000,110828.77379
-17219,3000,110839.784449
-8208,3000,110850.597016
-18223,3000,110861.578926
-17185,3000,110872.234535
-18227,3000,110882.775505
-22219,3000,110893.663064
-13183,3000,110903.849201
-13246,3000,110914.382097
-12211,3000,110924.907775
-11219,3000,110935.802583
-9164,3000,110946.765735
-14229,3000,110957.59896
-14192,3000,110967.657578
-15224,3000,110978.30316
-22195,3000,110988.458854
-20212,3000,110998.589174
-13184,3000,111009.059555
-13171,3000,111019.53789
-26175,3000,111030.376819
-17219,3000,111040.843851
-20179,3000,111051.861841
-22215,3000,111062.55215
-18188,3000,111072.762187
-17176,3000,111083.3961
-16203,3000,111093.795644
-21224,3000,111104.347447
-14217,3000,111115.162891
-18204,3000,111125.530956
-30257,3000,111136.718524
-15202,3000,111147.588517
-12176,3000,111158.49009
-14222,3000,111168.612957
-9218,3000,111178.700836
-15211,3000,111189.07233
-15190,3000,111199.723012
-17225,3000,111210.162187
-10187,3000,111221.157985
-16210,3000,111231.775017
-12173,3000,111241.822574
-17208,3000,111252.104003
-12194,3000,111262.264947
-19209,3000,111273.019099
-15184,3000,111293.037013
-19244,3000,111303.73049
-14208,3000,111314.240421
-16197,3000,111324.483234
-18204,3000,111335.303355
-15159,3000,111346.403548
-25219,3000,111356.624739
-22236,3000,111367.52303
-20187,3000,111378.450095
-21201,3000,111389.484955
-16188,3000,111399.57318
-23212,3000,111410.195293
-15197,3000,111421.115937
-19171,3000,111431.877135
-17239,3000,111442.364568
-18237,3000,111452.511865
-13195,3000,111463.189291
-18191,3000,111473.417488
-19217,3000,111484.255232
-10203,3000,111494.630948
-31196,3000,111505.48599
-26241,3000,111516.096869
-14200,3000,111526.746611
-14177,3000,111537.270166
-18179,3000,111547.551203
-19167,3000,111558.04092
-29222,3000,111569.191646
-20180,3000,111579.443431
-21204,3000,111590.353274
-20236,3000,111601.294237
-21177,3000,111612.787292
-21199,3000,111623.646344
-20207,3000,111633.970304
-22223,3000,111644.281862
-13201,3000,111654.959353
-19236,3000,111665.31609
-14219,3000,111676.175667
-14185,3000,111686.804186
-23195,3000,111697.177505
-13188,3000,111707.803272
-15199,3000,111718.544606
-15183,3000,111729.331068
-12171,3000,111740.38815
-9177,3000,111750.832896
-19207,3000,111761.37921
-12198,3000,111771.916747
-24194,3000,111782.609207
-20182,3000,111793.172661
-17192,3000,111803.991391
-12228,3000,111814.616251
-18189,3000,111825.199803
-19209,3000,111835.939767
-15198,3000,111846.676505
-21151,3000,111856.754464
-19228,3000,111867.691905
-22224,3000,111878.525005
-8215,3000,111889.096102
-12229,3000,111900.174967
-11155,3000,111910.417351
-22187,3000,111920.414319
-17228,3000,111930.699804
-11195,3000,111941.200687
-21224,3000,111951.778882
-14188,3000,111962.243114
-17241,3000,111972.440283
-16153,3000,111983.008651
-17191,3000,111993.562729
-7185,3000,112012.955835
-13189,3000,112023.789607
-15186,3000,112034.247797
-19184,3000,112044.770997
-22196,3000,112054.982099
-11196,3000,112065.556087
-16202,3000,112076.331343
-16216,3000,112086.674299
-14218,3000,112097.254952
-11186,3000,112108.292913
-12188,3000,112118.998224
-23211,3000,112129.500116
-16210,3000,112139.820786
-17206,3000,112150.514028
-13213,3000,112161.175015
-33205,3000,112171.507523
-13184,3000,112181.935578
-17183,3000,112192.568892
-18219,3000,112203.592503
-13194,3000,112214.214274
-17233,3000,112224.926703
-17210,3000,112235.344078
-18216,3000,112246.034593
-11211,3000,112256.864406
-10165,3000,112267.326767
-19225,3000,112278.073915
-15198,3000,112288.997776
-17208,3000,112300.147053
-20207,3000,112310.674039
-17183,3000,112321.143382
-15207,3000,112331.905003
-16191,3000,112342.936476
-15183,3000,112353.178549
-18228,3000,112363.76113
-22200,3000,112374.940009
-14206,3000,112386.192417
-16221,3000,112396.852894
-15190,3000,112408.070381
-11226,3000,112418.54021
-16204,3000,112428.985673
-17204,3000,112439.250446
-15222,3000,112450.011346
-14201,3000,112460.706942
-21168,3000,112470.551518
-17197,3000,112481.067722
-13170,3000,112491.203561
-12196,3000,112501.33944
-19225,3000,112512.164989
-15213,3000,112523.583871
-16189,3000,112533.814592
-18175,3000,112544.445947
-12208,3000,112554.400318
-10206,3000,112565.458296
-18234,3000,112575.891222
-15218,3000,112586.491508
-12181,3000,112597.487342
-19214,3000,112608.01554
-24220,3000,112618.808119
-16215,3000,112629.221048
-15191,3000,112639.603137
-20210,3000,112650.35157
-7191,3000,112661.240973
-8169,3000,112672.643059
-14187,3000,112683.469752
-16205,3000,112693.487223
-15217,3000,112704.520458
-14199,3000,112724.370223
-10177,3000,112734.805237
-14186,3000,112745.671669
-14205,3000,112756.244492
-19183,3000,112766.770472
-16202,3000,112776.724348
-20204,3000,112787.102558
-11184,3000,112797.387449
-16229,3000,112808.186812
-17162,3000,112818.380682
-11199,3000,112828.740343
-16182,3000,112839.305341
-15190,3000,112849.980033
-21191,3000,112859.797501
-20180,3000,112870.276543
-22173,3000,112881.087553
-18195,3000,112891.012829
-19175,3000,112901.584562
-16178,3000,112911.877257
-7194,3000,112922.536738
-26210,3000,112932.704467
-15189,3000,112942.577874
-12190,3000,112953.369231
-11179,3000,112963.666384
-14179,3000,112973.485291
-14183,3000,112983.861134
-12186,3000,112994.194212
-16187,3000,113004.760626
-28199,3000,113015.41396
-21199,3000,113025.651048
-19201,3000,113036.198622
-15223,3000,113046.859153
-24180,3000,113057.519204
-17211,3000,113068.295434
-12231,3000,113079.071956
-10210,3000,113089.568345
-14218,3000,113099.87285
-19179,3000,113110.264749
-11227,3000,113120.875503
-16221,3000,113131.193629
-17201,3000,113141.632861
-29162,3000,113152.561234
-13175,3000,113162.92047
-17193,3000,113173.217496
-13192,3000,113183.358596
-18200,3000,113193.50564
-20182,3000,113203.835873
-17179,3000,113214.966519
-13205,3000,113225.586325
-12218,3000,113235.933525
-15187,3000,113246.877905
-17229,3000,113257.389292
-23187,3000,113268.305912
-15211,3000,113279.002189
-16194,3000,113289.46211
-16202,3000,113300.237061
-15223,3000,113310.979522
-15205,3000,113321.638361
-19175,3000,113331.737326
-21197,3000,113342.279041
-18221,3000,113352.30999
-16223,3000,113363.053182
-17155,3000,113373.338062
-10201,3000,113383.608692
-13178,3000,113393.939115
-23210,3000,113404.235105
-25208,3000,113414.425089
-15208,3000,113433.847057
-11188,3000,113444.105061
-22200,3000,113454.611516
-11226,3000,113465.626166
-16217,3000,113476.126757
-15231,3000,113486.710421
-16201,3000,113497.601794
-12209,3000,113507.736401
-16208,3000,113518.873833
-21212,3000,113529.582115
-16230,3000,113540.37909
-16207,3000,113551.221782
-17240,3000,113562.057645
-10166,3000,113572.55289
-17204,3000,113583.459297
-21190,3000,113594.412232
-9194,3000,113603.896617
-17217,3000,113614.473334
-19211,3000,113625.340513
-14257,3000,113635.720448
-24209,3000,113646.993282
-19173,3000,113657.549463
-13195,3000,113668.231917
-25214,3000,113678.943202
-19177,3000,113689.264214
-18193,3000,113699.987757
-18198,3000,113710.505014
-15203,3000,113720.828242
-15211,3000,113731.03893
-17193,3000,113741.10372
-11203,3000,113751.330744
-17221,3000,113762.431554
-16191,3000,113772.954575
-19178,3000,113783.421681
-22179,3000,113793.924129
-9229,3000,113804.232992
-7194,3000,113814.586
-10165,3000,113825.077189
-15207,3000,113835.311466
-16216,3000,113845.89215
-17175,3000,113856.410093
-10152,3000,113866.575309
-14196,3000,113877.565239
-21221,3000,113888.291951
-12211,3000,113898.333266
-14191,3000,113908.887416
-18201,3000,113919.185984
-15161,3000,113930.036182
-17193,3000,113940.35423
-27230,3000,113950.884737
-19169,3000,113961.184363
-10170,3000,113971.510642
-17207,3000,113982.525716
-17191,3000,113992.25969
-14182,3000,114002.573824
-13168,3000,114012.686026
-27192,3000,114022.796629
-14197,3000,114033.431367
-17172,3000,114044.249996
-18240,3000,114055.07918
-12168,3000,114065.817555
-13200,3000,114076.226876
-20213,3000,114087.363746
-16198,3000,114097.878819
-14202,3000,114108.564943
-16193,3000,114118.764812
-16174,3000,114128.982424
-8215,3000,114148.916853
-11204,3000,114159.216917
-15197,3000,114170.002408
-16180,3000,114180.69267
-15186,3000,114191.058249
-23197,3000,114201.250503
-20205,3000,114211.941402
-12175,3000,114222.260175
-22194,3000,114232.7277
-18213,3000,114242.780788
-13193,3000,114253.019971
-17226,3000,114263.130995
-12228,3000,114273.580014
-15218,3000,114284.234187
-18212,3000,114294.202598
-23207,3000,114303.92134
-16179,3000,114314.10105
-20182,3000,114324.783337
-17203,3000,114334.934024
-10177,3000,114344.858538
-21223,3000,114355.494886
-17159,3000,114365.498679
-12186,3000,114375.114679
-18182,3000,114385.765898
-15216,3000,114396.231846
-13185,3000,114406.461084
-14186,3000,114417.108243
-15199,3000,114427.591993
-19195,3000,114437.805403
-8149,3000,114448.117923
-18223,3000,114458.146285
-17200,3000,114468.461922
-13228,3000,114478.503781
-16212,3000,114488.624617
-20213,3000,114498.652746
-7226,3000,114508.944941
-16186,3000,114519.167065
-13174,3000,114529.558819
-21209,3000,114540.44305
-20228,3000,114551.053228
-14179,3000,114560.896725
-16190,3000,114571.438455
-12176,3000,114581.492843
-11228,3000,114592.06508
-14198,3000,114602.46328
-19196,3000,114613.040687
-16197,3000,114623.170199
-18195,3000,114633.807867
-8226,3000,114644.408951
-15217,3000,114654.456582
-23190,3000,114664.734213
-17204,3000,114675.323133
-11179,3000,114686.056473
-14209,3000,114696.290493
-14213,3000,114706.651227
-14185,3000,114716.558043
-17235,3000,114726.626666
-21190,3000,114737.459755
-12181,3000,114747.364254
-11222,3000,114757.86027
-10202,3000,114767.823723
-22170,3000,114778.53362
-9215,3000,114788.990473
-21204,3000,114798.87033
-18208,3000,114809.170747
-14172,3000,114819.529403
-12182,3000,114839.089131
-14198,3000,114849.324078
-15219,3000,114859.573509
-17188,3000,114870.010332
-19210,3000,114880.109995
-14176,3000,114890.666746
-15217,3000,114900.599795
-16187,3000,114911.563139
-21177,3000,114922.034235
-15173,3000,114932.618612
-17167,3000,114942.928637
-20217,3000,114953.489146
-10202,3000,114964.80721
-20223,3000,114974.906005
-13206,3000,114984.936723
-15207,3000,114995.605355
-12189,3000,115005.565057
-17208,3000,115015.768978
-14152,3000,115026.264771
-29214,3000,115036.315158
-15196,3000,115046.885985
-13204,3000,115057.184308
-15219,3000,115067.642404
-25180,3000,115078.039823
-8183,3000,115088.381136
-17189,3000,115098.509457
-23215,3000,115109.200673
-19185,3000,115119.329163
-24179,3000,115129.908753
-15176,3000,115140.086484
-12202,3000,115150.021296
-13223,3000,115159.643542
-14172,3000,115170.294264
-16195,3000,115180.561153
-12239,3000,115190.867136
-21195,3000,115201.368944
-17199,3000,115212.220265
-18169,3000,115222.568748
-14195,3000,115232.809431
-11182,3000,115243.489737
-17201,3000,115253.896621
-21200,3000,115263.709667
-13174,3000,115274.215075
-3203,3000,115284.340929
-15164,3000,115294.43109
-19206,3000,115304.756849
-13193,3000,115314.469362
-20180,3000,115324.527943
-15214,3000,115334.89065
-14203,3000,115345.601099
-17203,3000,115355.608062
-22216,3000,115365.467822
-16181,3000,115375.862978
-17198,3000,115386.227587
-14195,3000,115396.134119
-17180,3000,115406.528905
-14188,3000,115416.570408
-15180,3000,115426.726515
-27218,3000,115437.110024
-21159,3000,115447.722703
-20180,3000,115458.015267
-13155,3000,115468.610586
-15168,3000,115478.881364
-22180,3000,115489.222985
-20206,3000,115499.134499
-13173,3000,115509.585511
-14206,3000,115520.091335
-17192,3000,115540.356282
-21184,3000,115550.854439
-11179,3000,115561.083481
-19188,3000,115571.530843
-13206,3000,115582.016165
-11168,3000,115592.277441
-25197,3000,115603.028792
-15188,3000,115613.447249
-15209,3000,115623.431595
-13209,3000,115634.183294
-13183,3000,115644.598969
-8200,3000,115655.063088
-19193,3000,115665.597296
-8200,3000,115675.467935
-15193,3000,115685.756172
-17201,3000,115695.719114
-16192,3000,115706.394107
-17197,3000,115716.722504
-19187,3000,115727.061199
-21172,3000,115737.705407
-17167,3000,115747.794434
-14168,3000,115758.51363
-18201,3000,115768.86992
-14197,3000,115779.330347
-25201,3000,115789.974451
-16204,3000,115800.338073
-11161,3000,115810.832171
-15211,3000,115821.178418
-13175,3000,115831.198888
-18183,3000,115841.071121
-18190,3000,115851.198494
-17202,3000,115860.914529
-13206,3000,115870.55686
-21188,3000,115880.582099
-16179,3000,115891.495194
-16183,3000,115901.876313
-16198,3000,115911.736882
-17193,3000,115922.112177
-12206,3000,115931.932686
-21210,3000,115942.513829
-16174,3000,115953.762954
-13181,3000,115963.879233
-8181,3000,115974.184662
-9224,3000,115983.95048
-13157,3000,115994.637053
-20222,3000,116004.840177
-11216,3000,116014.938147
-21203,3000,116025.12524
-16190,3000,116035.272548
-22161,3000,116045.384097
-17222,3000,116055.499787
-13207,3000,116066.458508
-17168,3000,116076.799513
-19155,3000,116086.975921
-15183,3000,116097.103014
-18186,3000,116107.326384
-17153,3000,116117.317725
-13188,3000,116127.45683
-16214,3000,116137.758818
-20212,3000,116147.301775
-21216,3000,116157.672084
-18197,3000,116167.872447
-17216,3000,116178.228774
-18191,3000,116188.920235
-19232,3000,116200.056973
-22177,3000,116210.610735
-22219,3000,116220.785316
-22185,3000,116239.779715
-16165,3000,116250.208181
-17208,3000,116260.350816
-15208,3000,116270.833242
-18183,3000,116281.212134
-27176,3000,116291.430251
-22200,3000,116302.284282
-12162,3000,116311.996059
-15209,3000,116322.480242
-27238,3000,116332.734503
-20186,3000,116342.665583
-24205,3000,116352.774237
-14203,3000,116363.479252
-20173,3000,116374.106392
-16198,3000,116384.31388
-15203,3000,116394.803827
-15193,3000,116404.641389
-13165,3000,116414.77222
-17192,3000,116425.421434
-18179,3000,116435.405695
-11166,3000,116445.838556
-16199,3000,116456.023819
-13215,3000,116465.898948
-16195,3000,116476.659991
-15172,3000,116486.791597
-17165,3000,116496.964821
-18196,3000,116507.842753
-15195,3000,116517.64002
-11201,3000,116527.729656
-11191,3000,116537.844956
-15183,3000,116548.13947
-19189,3000,116558.842014
-15189,3000,116569.772801
-14180,3000,116580.721509
-12180,3000,116591.305851
-20162,3000,116601.576193
-34198,3000,116611.418786
-14169,3000,116622.205917
-12188,3000,116632.557348
-11172,3000,116643.058815
-21189,3000,116653.566622
-15191,3000,116663.654761
-14207,3000,116673.642771
-24149,3000,116684.372106
-11148,3000,116694.917656
-15192,3000,116705.388317
-13197,3000,116715.836651
-14158,3000,116725.815462
-15171,3000,116736.336446
-17187,3000,116746.691398
-20184,3000,116757.128526
-14171,3000,116767.554567
-23193,3000,116778.638952
-23182,3000,116788.862619
-20210,3000,116798.945601
-13180,3000,116809.037277
-12233,3000,116819.61727
-16162,3000,116830.674672
-16219,3000,116840.885873
-13147,3000,116851.328455
-17180,3000,116861.687668
-14197,3000,116871.796834
-11167,3000,116881.915097
-17194,3000,116892.449615
-12180,3000,116902.970755
-19158,3000,116913.099329
-12185,3000,116932.401075
-18185,3000,116942.476258
-12198,3000,116953.240246
-17182,3000,116963.858133
-22174,3000,116974.271036
-12178,3000,116984.870444
-14185,3000,116995.154641
-15199,3000,117005.357435
-18223,3000,117015.692652
-20211,3000,117026.248111
-11188,3000,117036.464642
-14195,3000,117046.854354
-17181,3000,117057.084316
-17180,3000,117067.282893
-14185,3000,117077.676073
-16168,3000,117087.719617
-19178,3000,117097.615473
-14193,3000,117107.576625
-17196,3000,117117.999161
-17150,3000,117128.287792
-17217,3000,117138.797368
-15226,3000,117149.542195
-12163,3000,117160.116734
-13161,3000,117170.213542
-23161,3000,117180.985952
-18176,3000,117191.392694
-20184,3000,117202.185457
-14194,3000,117213.006452
-18192,3000,117223.297782
-23169,3000,117233.322352
-11152,3000,117243.383667
-15204,3000,117253.663672
-13171,3000,117264.310333
-19173,3000,117274.613183
-25197,3000,117284.374254
-17203,3000,117294.607075
-15206,3000,117304.726982
-15172,3000,117314.578227
-12186,3000,117324.336088
-14166,3000,117334.142418
-13220,3000,117344.740166
-18212,3000,117355.24706
-19187,3000,117365.545919
-17213,3000,117375.462434
-14201,3000,117385.56037
-15175,3000,117396.20738
-14195,3000,117406.162367
-17160,3000,117417.154444
-18207,3000,117428.175731
-24160,3000,117438.945869
-18185,3000,117449.382975
-11183,3000,117459.83484
-18216,3000,117470.374941
-15193,3000,117480.431097
-17188,3000,117490.974309
-13137,3000,117500.832856
-13189,3000,117510.605428
-12181,3000,117520.872587
-16187,3000,117531.511453
-16206,3000,117541.42658
-21207,3000,117551.475478
-19199,3000,117561.68336
-13171,3000,117572.00726
-14204,3000,117582.218649
-18189,3000,117592.25954
-7189,3000,117602.671269
-11194,3000,117612.643957
-16186,3000,117632.250581
-24201,3000,117643.125173
-11193,3000,117653.624237
-21187,3000,117663.998581
-18199,3000,117673.909228
-15203,3000,117683.822281
-16199,3000,117693.941966
-9159,3000,117704.494551
-12155,3000,117714.798187
-21162,3000,117724.924585
-34167,3000,117735.256452
-12201,3000,117745.737996
-18185,3000,117755.904932
-15177,3000,117766.247991
-13195,3000,117776.458475
-15200,3000,117786.383267
-12193,3000,117796.997267
-21169,3000,117806.935194
-19179,3000,117816.749215
-11170,3000,117827.145567
-20234,3000,117837.809572
-15177,3000,117847.884952
-15188,3000,117858.330293
-14171,3000,117868.345389
-13180,3000,117878.507026
-15194,3000,117889.279137
-18200,3000,117899.671818
-16198,3000,117909.824256
-18207,3000,117920.064161
-20165,3000,117930.869817
-14151,3000,117941.146464
-23186,3000,117951.889009
-19192,3000,117962.122623
-19218,3000,117972.318161
-15228,3000,117982.171298
-11179,3000,117992.649997
-17209,3000,118002.354752
-11166,3000,118012.489806
-19149,3000,118022.552473
-13184,3000,118032.565717
-17157,3000,118042.392221
-18142,3000,118052.71287
-11153,3000,118063.010022
-18153,3000,118073.601501
-20189,3000,118083.931919
-12167,3000,118094.07057
-16212,3000,118104.604681
-16197,3000,118115.070594
-14182,3000,118124.939685
-16196,3000,118134.497047
-20183,3000,118145.196539
-13167,3000,118155.408778
-17190,3000,118165.74349
-12172,3000,118175.646069
-17184,3000,118186.423653
-21229,3000,118196.411485
-15190,3000,118206.842488
-16205,3000,118217.735597
-20199,3000,118227.731737
-19218,3000,118238.200832
-21194,3000,118248.951916
-20203,3000,118259.198935
-27179,3000,118269.863696
-18209,3000,118280.226037
-19204,3000,118290.451737
-13204,3000,118300.61019
-13184,3000,118311.551067
-23230,3000,118331.35762
-20189,3000,118341.71092
-12207,3000,118351.710864
-14190,3000,118362.51591
-15177,3000,118372.611466
-17170,3000,118383.286446
-16222,3000,118393.607476
-15164,3000,118404.53639
-16168,3000,118415.467307
-14175,3000,118425.04229
-18212,3000,118435.533837
-15186,3000,118445.637983
-9205,3000,118456.380434
-16191,3000,118466.582203
-20192,3000,118477.275735
-16187,3000,118487.411336
-12222,3000,118497.960978
-20175,3000,118508.2171
-17175,3000,118518.847709
-24173,3000,118529.078498
-17188,3000,118539.072593
-22182,3000,118549.231883
-7187,3000,118559.577369
-16186,3000,118570.012763
-18171,3000,118580.563235
-19176,3000,118591.251396
-18197,3000,118601.159687
-12202,3000,118612.098897
-14182,3000,118621.96287
-17198,3000,118632.395926
-18199,3000,118642.83348
-19160,3000,118652.767188
-16193,3000,118663.006733
-20183,3000,118673.361189
-13194,3000,118683.620064
-14182,3000,118693.832095
-10193,3000,118704.376817
-15177,3000,118714.186285
-16194,3000,118723.9246
-15189,3000,118734.576535
-14173,3000,118744.610403
-12221,3000,118754.521873
-18193,3000,118764.807616
-25152,3000,118775.08544
-15197,3000,118785.52883
-16189,3000,118796.361401
-14180,3000,118806.576032
-17166,3000,118816.471177
-14212,3000,118826.820836
-15219,3000,118837.339608
-16193,3000,118847.349907
-16167,3000,118857.569875
-14178,3000,118868.42281
-9179,3000,118878.638449
-24199,3000,118889.17686
-12159,3000,118899.17965
-19222,3000,118910.013331
-15191,3000,118920.471084
-7181,3000,118930.511876
-25200,3000,118940.861315
-10168,3000,118951.117591
-17199,3000,118961.757933
-12164,3000,118971.883542
-10172,3000,118982.406307
-17202,3000,118993.329895
-14186,3000,119003.436559
-20195,3000,119022.331257
-14174,3000,119032.231656
-12191,3000,119042.074836
-14188,3000,119052.632262
-12218,3000,119062.991831
-14200,3000,119072.95429
-11196,3000,119082.849857
-16197,3000,119092.904988
-20171,3000,119103.623566
-16161,3000,119114.039087
-9197,3000,119123.773309
-11172,3000,119133.732335
-12171,3000,119143.884365
-20195,3000,119153.981034
-14182,3000,119164.128814
-13163,3000,119174.512523
-18142,3000,119184.316045
-22184,3000,119194.403759
-17175,3000,119204.350787
-6169,3000,119214.479109
-15176,3000,119224.358778
-16202,3000,119234.355351
-23178,3000,119244.764686
-12204,3000,119254.853111
-21183,3000,119265.348803
-15198,3000,119275.157799
-14229,3000,119285.590869
-22173,3000,119295.620697
-30165,3000,119306.019939
-17157,3000,119316.657156
-13181,3000,119327.0487
-18186,3000,119337.890755
-14200,3000,119347.542714
-12215,3000,119357.575613
-19156,3000,119368.04347
-19195,3000,119378.181024
-20207,3000,119388.377088
-22173,3000,119398.797584
-14184,3000,119409.039196
-15160,3000,119419.125358
-21160,3000,119428.832559
-17199,3000,119438.705522
-25162,3000,119449.233034
-26196,3000,119459.483317
-20200,3000,119469.286721
-21177,3000,119479.742491
-14199,3000,119489.548937
-17193,3000,119499.844206
-11188,3000,119509.959836
-18172,3000,119520.573698
-17206,3000,119531.062407
-18199,3000,119541.353458
-19173,3000,119552.305319
-22178,3000,119562.773199
-19172,3000,119573.213456
-17167,3000,119583.248787
-14185,3000,119593.195351
-12184,3000,119603.533025
-13187,3000,119613.266597
-11191,3000,119623.774943
-13190,3000,119634.220844
-22177,3000,119644.066241
-21183,3000,119653.820974
-25184,3000,119664.285963
-9164,3000,119674.89252
-19173,3000,119684.798861
-14172,3000,119694.817333
-10175,3000,119714.169184
-22201,3000,119724.383843
-13147,3000,119734.984284
-10157,3000,119745.409196
-17216,3000,119755.592097
-10183,3000,119765.306806
-14182,3000,119775.880622
-12141,3000,119786.481122
-13157,3000,119796.98964
-19178,3000,119807.245742
-17183,3000,119817.058573
-17191,3000,119827.059071
-15210,3000,119837.10063
-10192,3000,119847.105059
-8197,3000,119856.894029
-15189,3000,119866.83843
-10193,3000,119876.752714
-11189,3000,119886.997117
-14197,3000,119896.818008
-26176,3000,119906.905776
-15135,3000,119917.122241
-13210,3000,119927.009634
-16195,3000,119936.707796
-19206,3000,119947.02012
-10190,3000,119957.11582
-18168,3000,119967.730807
-11171,3000,119978.085492
-16174,3000,119988.174287
-15179,3000,119998.345172
-10198,3000,120008.012139
-11207,3000,120018.399461
-10212,3000,120028.279218
-23191,3000,120038.129763
-15167,3000,120048.398148
-16210,3000,120057.901355
-14158,3000,120067.597578
-13200,3000,120077.761662
-17202,3000,120088.203035
-12187,3000,120098.898769
-18203,3000,120109.423179
-16175,3000,120119.829997
-15169,3000,120129.667506
-15182,3000,120139.331264
-15169,3000,120149.247317
-18204,3000,120159.225146
-16190,3000,120169.106233
-19180,3000,120178.870776
-21169,3000,120189.585631
-12173,3000,120199.832884
-19198,3000,120209.734484
-22171,3000,120219.89556
-14160,3000,120230.422185
-18202,3000,120240.509819
-18176,3000,120251.090837
-19192,3000,120261.227576
-16163,3000,120271.498221
-11181,3000,120281.349334
-15190,3000,120291.470564
-25159,3000,120301.825214
-18178,3000,120312.393637
-16194,3000,120322.368069
-11198,3000,120332.570387
-19164,3000,120343.233108
-17165,3000,120353.383513
-15184,3000,120362.898482
-19175,3000,120372.660054
-15229,3000,120383.159299
-25187,3000,120402.44379
-18177,3000,120412.560278
-14175,3000,120422.270154
-16176,3000,120432.09175
-16182,3000,120441.828149
-12186,3000,120452.061672
-14187,3000,120462.438205
-9187,3000,120472.284424
-12178,3000,120482.010716
-15174,3000,120492.031034
-13173,3000,120501.813495
-15194,3000,120512.100497
-13191,3000,120522.039824
-16183,3000,120532.418943
-16137,3000,120542.40194
-16161,3000,120552.065953
-16159,3000,120562.103299
-9161,3000,120572.445465
-9143,3000,120582.714728
-14173,3000,120593.684352
-15167,3000,120604.0727
-16204,3000,120613.959388
-15213,3000,120624.202238
-12160,3000,120633.93134
-24181,3000,120644.343881
-12189,3000,120654.057464
-16183,3000,120664.207561
-12166,3000,120674.926347
-15209,3000,120685.100328
-13177,3000,120695.274637
-16145,3000,120705.52558
-14181,3000,120715.541203
-15173,3000,120726.378
-13171,3000,120736.407218
-10188,3000,120746.212178
-12182,3000,120756.1863
-14194,3000,120766.219367
-18158,3000,120776.572258
-8188,3000,120786.989185
-20195,3000,120797.031536
-13169,3000,120806.780354
-23159,3000,120817.439234
-18186,3000,120827.524551
-17187,3000,120837.153321
-24175,3000,120847.671048
-20186,3000,120858.004145
-17216,3000,120867.988904
-13188,3000,120878.403398
-13165,3000,120887.875731
-12174,3000,120898.445037
-15207,3000,120908.589051
-11155,3000,120919.031069
-13186,3000,120929.028813
-21211,3000,120938.790073
-8193,3000,120949.087138
-12161,3000,120959.222735
-15192,3000,120969.034709
-16163,3000,120978.890127
-15165,3000,120989.11819
-16204,3000,120998.909825
-11217,3000,121009.116177
-12178,3000,121019.214452
-17169,3000,121029.277475
-15203,3000,121039.300136
-15219,3000,121049.232678
-13167,3000,121059.386248
-17153,3000,121079.052743
-11191,3000,121089.223175
-17240,3000,121099.250803
-9173,3000,121109.107812
-16196,3000,121119.035715
-11177,3000,121129.017223
-15169,3000,121139.782554
-15184,3000,121149.777648
-13172,3000,121159.932467
-13174,3000,121170.017158
-19185,3000,121180.395
-7193,3000,121191.369871
-19152,3000,121201.974916
-13162,3000,121212.034549
-15183,3000,121221.887228
-12161,3000,121232.436535
-19172,3000,121242.548111
-21165,3000,121253.239789
-22165,3000,121262.817215
-13200,3000,121272.641228
-13205,3000,121283.00389
-17160,3000,121293.24236
-17209,3000,121303.527344
-14169,3000,121313.761692
-11181,3000,121323.929528
-13188,3000,121333.959864
-19199,3000,121343.83084
-16197,3000,121353.968897
-18221,3000,121363.522915
-12181,3000,121373.398039
-24170,3000,121383.910492
-14161,3000,121393.968566
-23179,3000,121404.248449
-20174,3000,121414.64966
-15185,3000,121424.888307
-24206,3000,121434.966245
-13202,3000,121444.79536
-19184,3000,121454.989837
-13201,3000,121465.51423
-22170,3000,121475.069481
-17163,3000,121485.436066
-12181,3000,121495.615746
-15206,3000,121505.683276
-13193,3000,121515.774918
-21178,3000,121525.813963
-17175,3000,121535.915244
-13196,3000,121545.953642
-19201,3000,121555.739381
-15171,3000,121565.819733
-14167,3000,121575.758009
-17185,3000,121585.851621
-13155,3000,121596.314668
-14160,3000,121606.522513
-11185,3000,121616.825411
-7164,3000,121627.306611
-15183,3000,121637.749199
-17182,3000,121648.218204
-16187,3000,121657.985371
-17179,3000,121668.299668
-15187,3000,121677.994366
-17190,3000,121687.968717
-13170,3000,121697.820848
-16185,3000,121707.9626
-13207,3000,121717.486405
-15187,3000,121727.012668
-19211,3000,121737.008914
-12162,3000,121746.953154
-10186,3000,121766.753458
-10142,3000,121777.079397
-18181,3000,121787.311184
-21183,3000,121797.598431
-19160,3000,121807.440936
-19172,3000,121817.386997
-9179,3000,121827.531584
-10163,3000,121837.882289
-20184,3000,121848.069767
-15188,3000,121858.163822
-14198,3000,121868.417953
-19183,3000,121878.636792
-9151,3000,121888.659043
-19188,3000,121899.113859
-10210,3000,121908.873903
-17211,3000,121918.878157
-9180,3000,121929.406723
-16155,3000,121939.411644
-21190,3000,121949.855767
-12174,3000,121959.771787
-19171,3000,121969.932787
-13189,3000,121980.349509
-10190,3000,121990.046499
-28169,3000,122000.10113
-10198,3000,122010.308166
-5172,3000,122020.546561
-11179,3000,122030.756158
-16161,3000,122041.101742
-8148,3000,122051.584943
-18173,3000,122061.828429
-15174,3000,122071.945632
-21159,3000,122081.957908
-17154,3000,122092.282249
-12201,3000,122102.564213
-20159,3000,122112.530643
-16179,3000,122122.960906
-11193,3000,122133.312907
-13202,3000,122143.263836
-20195,3000,122153.396764
-15175,3000,122163.195356
-15171,3000,122173.015638
-14181,3000,122182.964988
-12167,3000,122192.927134
-15160,3000,122203.256243
-13152,3000,122213.598531
-25153,3000,122223.387254
-15179,3000,122233.54865
-20194,3000,122243.176421
-13190,3000,122253.190704
-18200,3000,122263.123697
-13153,3000,122273.242389
-18167,3000,122283.018586
-21181,3000,122293.132026
-12152,3000,122303.668839
-14188,3000,122313.425227
-17171,3000,122323.692014
-17167,3000,122333.64397
-12201,3000,122343.461816
-19166,3000,122353.842252
-18181,3000,122364.164017
-18180,3000,122374.461084
-14160,3000,122384.340121
-19170,3000,122394.366383
-19189,3000,122404.219862
-17185,3000,122414.338297
-13146,3000,122424.576968
-13170,3000,122434.659796
-9162,3000,122454.523537
-17194,3000,122464.24723
-15168,3000,122474.123688
-19196,3000,122483.972308
-18159,3000,122493.89733
-15203,3000,122503.467029
-18190,3000,122513.599768
-20188,3000,122523.655273
-14182,3000,122533.502077
-13183,3000,122543.909661
-25187,3000,122554.320357
-14171,3000,122564.527266
-6157,3000,122574.269598
-16165,3000,122584.151354
-12188,3000,122594.181691
-18186,3000,122604.233817
-20193,3000,122614.549414
-10174,3000,122624.952029
-21169,3000,122635.624216
-18171,3000,122645.75728
-11163,3000,122655.771619
-12170,3000,122665.667036
-14170,3000,122675.628672
-21184,3000,122685.293497
-11175,3000,122694.883828
-16171,3000,122705.101823
-23196,3000,122714.80063
-21221,3000,122725.176491
-15172,3000,122735.147578
-19169,3000,122744.973378
-11171,3000,122754.586387
-16170,3000,122764.734822
-19197,3000,122774.39815
-26172,3000,122784.598118
-20178,3000,122794.754588
-15185,3000,122804.849246
-19145,3000,122814.852906
-20190,3000,122825.192168
-14154,3000,122835.202833
-20184,3000,122845.169408
-17167,3000,122855.360648
-22168,3000,122865.910383
-12185,3000,122876.2244
-17200,3000,122886.379579
-13165,3000,122896.146292
-14170,3000,122905.765328
-13190,3000,122915.821266
-11174,3000,122925.831326
-11171,3000,122936.078544
-12162,3000,122945.908634
-17166,3000,122955.952915
-23144,3000,122965.953739
-22180,3000,122975.526233
-18159,3000,122985.448075
-18192,3000,122996.414705
-18192,3000,123006.21298
-27193,3000,123015.90507
-29180,3000,123025.884521
-16193,3000,123035.804965
-12175,3000,123045.804415
-18171,3000,123056.128212
-18176,3000,123066.21036
-11158,3000,123075.96719
-13197,3000,123085.683792
-12177,3000,123095.68903
-17158,3000,123105.527835
-22175,3000,123124.964038
-16151,3000,123135.199697
-10161,3000,123145.038222
-20162,3000,123155.372361
-14151,3000,123165.316206
-20192,3000,123175.206553
-18183,3000,123185.249329
-19191,3000,123194.881675
-19198,3000,123204.818999
-17175,3000,123214.915593
-12209,3000,123224.919466
-17185,3000,123234.678972
-12178,3000,123244.637951
-12201,3000,123255.009224
-21224,3000,123264.715751
-16161,3000,123274.86765
-11193,3000,123285.170817
-8197,3000,123295.411673
-14178,3000,123305.077981
-16142,3000,123315.547607
-12184,3000,123325.891241
-7152,3000,123335.685725
-20184,3000,123345.561033
-18147,3000,123355.783732
-15199,3000,123365.943035
-15182,3000,123375.620219
-17159,3000,123385.212515
-11182,3000,123394.712104
-25169,3000,123404.982866
-13166,3000,123415.237653
-12202,3000,123424.827391
-14150,3000,123435.371616
-15175,3000,123445.112059
-12177,3000,123455.055377
-21177,3000,123465.063096
-10196,3000,123474.703902
-8175,3000,123484.54557
-10176,3000,123494.626667
-16181,3000,123504.940763
-21171,3000,123515.043192
-22149,3000,123525.262913
-22181,3000,123535.376477
-15164,3000,123545.617955
-12191,3000,123555.441971
-14140,3000,123565.408216
-14183,3000,123575.241667
-16160,3000,123584.906622
-13185,3000,123595.390413
-13154,3000,123605.484798
-10202,3000,123615.01983
-13173,3000,123624.972082
-15158,3000,123634.873676
-15187,3000,123644.552129
-19146,3000,123655.045056
-10194,3000,123664.896644
-12196,3000,123674.621183
-12162,3000,123684.425454
-19186,3000,123694.767856
-22180,3000,123704.751448
-11163,3000,123715.081914
-24162,3000,123724.763185
-14167,3000,123734.907151
-15171,3000,123745.073903
-18187,3000,123754.707046
-17181,3000,123764.167618
-18173,3000,123773.855124
-16165,3000,123783.490702
-10170,3000,123802.36229
-8147,3000,123812.354814
-17164,3000,123822.13607
-19157,3000,123832.103115
-11182,3000,123842.751553
-17218,3000,123852.589806
-10180,3000,123862.425542
-16177,3000,123872.332851
-13173,3000,123882.336521
-14161,3000,123891.966147
-12146,3000,123902.226425
-12178,3000,123912.219637
-11171,3000,123922.264909
-15174,3000,123931.663283
-17166,3000,123942.064849
-20144,3000,123952.07977
-4189,3000,123962.019061
-13187,3000,123972.075429
-19169,3000,123982.199049
-11187,3000,123992.141927
-16191,3000,124001.887068
-17202,3000,124011.625718
-19199,3000,124021.51577
-13170,3000,124031.453235
-11199,3000,124041.620176
-15177,3000,124051.686782
-10200,3000,124061.480863
-11215,3000,124071.801196
-16173,3000,124081.898444
-19176,3000,124091.86414
-15176,3000,124101.356366
-19171,3000,124112.011208
-14182,3000,124122.185009
-13191,3000,124131.816999
-16207,3000,124141.964282
-12178,3000,124151.625242
-18178,3000,124161.114091
-19158,3000,124170.78678
-16191,3000,124180.549805
-12169,3000,124190.243116
-15187,3000,124199.931869
-11185,3000,124210.179804
-12158,3000,124219.900648
-20162,3000,124229.76036
-9164,3000,124239.856364
-17188,3000,124249.537206
-12186,3000,124259.147692
-17157,3000,124269.652909
-20180,3000,124279.645286
-11173,3000,124289.297049
-20164,3000,124299.156307
-12182,3000,124309.130236
-22197,3000,124319.231627
-17188,3000,124329.210958
-21192,3000,124339.039712
-9179,3000,124348.995327
-15151,3000,124359.411447
-11151,3000,124369.513494
-12166,3000,124379.538128
-15160,3000,124390.026031
-24220,3000,124400.159977
-10169,3000,124409.735513
-18197,3000,124419.547782
-18183,3000,124429.189994
-22184,3000,124438.891496
-14135,3000,124448.862254
-19156,3000,124459.065571
-13208,3000,124477.933161
-14147,3000,124488.740784
-17193,3000,124498.831655
-14174,3000,124508.466347
-16158,3000,124518.590152
-10181,3000,124528.290246
-10141,3000,124538.229068
-11152,3000,124547.909537
-17144,3000,124558.263388
-11187,3000,124568.044846
-11148,3000,124577.94319
-12159,3000,124588.049931
-17184,3000,124598.587884
-22150,3000,124608.680833
-18192,3000,124618.6521
-14187,3000,124628.32323
-21180,3000,124638.464594
-18202,3000,124648.321523
-21182,3000,124658.354378
-20169,3000,124668.358902
-22151,3000,124678.376304
-21184,3000,124687.632793
-12168,3000,124697.458069
-12158,3000,124707.315789
-14136,3000,124717.404729
-19184,3000,124727.527153
-19158,3000,124737.663733
-14214,3000,124747.603696
-20164,3000,124757.338242
-12181,3000,124767.145992
-17187,3000,124777.075436
-11165,3000,124787.179205
-18175,3000,124797.460719
-17171,3000,124807.638304
-16171,3000,124817.510004
-16177,3000,124827.364304
-14161,3000,124837.122182
-16198,3000,124847.120442
-20177,3000,124857.293155
-26179,3000,124867.36853
-26197,3000,124877.736969
-17163,3000,124887.662977
-19184,3000,124898.112347
-6146,3000,124908.555986
-16168,3000,124918.703701
-12171,3000,124928.207005
-16172,3000,124938.525415
-12192,3000,124948.528596
-19166,3000,124958.558015
-11170,3000,124968.526392
-10154,3000,124978.283932
-8155,3000,124988.206164
-14184,3000,124998.085573
-14178,3000,125008.242785
-8184,3000,125017.592418
-20173,3000,125027.536883
-12180,3000,125037.692442
-12163,3000,125047.705607
-27171,3000,125057.912407
-18157,3000,125067.768727
-16162,3000,125077.708279
-14190,3000,125087.940528
-17162,3000,125097.33694
-12155,3000,125107.715373
-18186,3000,125117.532737
-10140,3000,125127.471089
-17180,3000,125146.753721
-16153,3000,125156.879234
-14158,3000,125166.817426
-10182,3000,125176.753657
-12202,3000,125186.54876
-17138,3000,125196.798562
-14173,3000,125206.52798
-14184,3000,125215.99356
-14183,3000,125225.817696
-10147,3000,125235.579256
-10158,3000,125245.286099
-16165,3000,125255.182721
-12130,3000,125265.526172
-14165,3000,125275.77153
-11165,3000,125285.670442
-18194,3000,125295.262335
-11171,3000,125304.95947
-13149,3000,125315.11786
-16197,3000,125325.60792
-16170,3000,125335.850829
-15174,3000,125345.802743
-17176,3000,125355.485301
-12191,3000,125364.99759
-20129,3000,125375.205959
-14172,3000,125385.021127
-18171,3000,125394.829878
-20166,3000,125405.015687
-21167,3000,125414.933412
-20166,3000,125424.464693
-16163,3000,125434.652323
-4181,3000,125444.877267
-12163,3000,125454.524344
-15188,3000,125464.646483
-13195,3000,125474.39369
-14154,3000,125484.799784
-16187,3000,125494.45874
-15183,3000,125503.908633
-12190,3000,125513.982999
-16142,3000,125523.612949
-16133,3000,125533.889061
-19150,3000,125544.060661
-11165,3000,125554.103862
-13158,3000,125564.188694
-20140,3000,125574.360793
-14153,3000,125583.789211
-9187,3000,125593.385051
-15160,3000,125603.304511
-20156,3000,125613.226676
-18142,3000,125623.129688
-12186,3000,125632.543025
-12158,3000,125642.65137
-16153,3000,125652.462488
-15174,3000,125662.368055
-18165,3000,125671.888674
-15141,3000,125681.688767
-15175,3000,125691.911962
-18150,3000,125701.556535
-11180,3000,125710.927554
-16187,3000,125720.803016
-17189,3000,125730.293129
-14138,3000,125740.907938
-8163,3000,125750.88778
-10161,3000,125760.640801
-18180,3000,125770.181028
-15183,3000,125780.246962
-16145,3000,125790.326122
-15206,3000,125799.960454
-13194,3000,125818.6551
-12170,3000,125828.422825
-18179,3000,125837.973247
-23181,3000,125848.060988
-12160,3000,125858.20488
-20177,3000,125868.481092
-11135,3000,125878.250608
-19166,3000,125888.308103
-16202,3000,125898.384467
-13146,3000,125908.130096
-11175,3000,125917.660954
-21194,3000,125927.627444
-14140,3000,125937.885289
-18186,3000,125948.227364
-12148,3000,125958.170768
-14183,3000,125967.986332
-13179,3000,125977.76396
-18153,3000,125987.469158
-16163,3000,125997.128521
-14160,3000,126006.849388
-14177,3000,126017.340513
-24179,3000,126027.234002
-15193,3000,126037.126644
-19170,3000,126046.883829
-21183,3000,126056.524042
-20122,3000,126066.560827
-14175,3000,126076.602301
-11157,3000,126086.338505
-16148,3000,126095.961035
-12186,3000,126105.784029
-13163,3000,126115.726889
-13180,3000,126125.404869
-15176,3000,126135.247698
-11157,3000,126145.489838
-21173,3000,126155.585822
-12197,3000,126165.267462
-10160,3000,126175.360274
-17193,3000,126185.204354
-16164,3000,126194.777374
-11197,3000,126204.436625
-18165,3000,126214.206228
-11159,3000,126223.981787
-15150,3000,126233.64474
-16181,3000,126243.55383
-12186,3000,126253.3787
-13155,3000,126263.424344
-13149,3000,126273.440459
-22191,3000,126283.135585
-14167,3000,126293.076158
-13183,3000,126302.698349
-14180,3000,126312.583184
-20174,3000,126322.042734
-21189,3000,126331.889705
-11155,3000,126341.719642
-13163,3000,126351.539037
-22169,3000,126361.380372
-21203,3000,126371.323394
-20184,3000,126381.262242
-19168,3000,126391.043026
-14190,3000,126400.921906
-15175,3000,126410.563977
-13178,3000,126420.563853
-15179,3000,126430.748949
-10201,3000,126440.703978
-21126,3000,126450.769697
-12206,3000,126460.709537
-15157,3000,126470.546113
-6149,3000,126489.177859
-16170,3000,126498.90502
-13178,3000,126508.371854
-14150,3000,126518.280898
-20158,3000,126528.1154
-19150,3000,126537.756955
-13180,3000,126547.308116
-14154,3000,126556.863095
-18179,3000,126566.857669
-12213,3000,126576.510237
-13151,3000,126586.401159
-11203,3000,126596.60433
-11179,3000,126606.704566
-8182,3000,126616.210022
-13151,3000,126625.917424
-11188,3000,126635.456534
-15149,3000,126645.649031
-18148,3000,126655.573594
-23155,3000,126665.411008
-13161,3000,126674.907943
-11176,3000,126684.612124
-13131,3000,126694.579016
-13160,3000,126704.521856
-15172,3000,126714.451921
-19148,3000,126724.181734
-11175,3000,126733.467627
-19173,3000,126743.091636
-14168,3000,126752.853069
-11140,3000,126762.674385
-19145,3000,126772.241979
-11159,3000,126782.120619
-16146,3000,126792.07025
-13155,3000,126801.550939
-17168,3000,126811.205391
-14168,3000,126820.737515
-12182,3000,126830.532879
-16171,3000,126840.311025
-12158,3000,126850.482023
-15173,3000,126860.018839
-12121,3000,126869.877279
-24172,3000,126879.701913
-12144,3000,126889.155769
-18139,3000,126899.328586
-15137,3000,126909.145406
-18160,3000,126919.185662
-11181,3000,126928.573817
-14159,3000,126938.447447
-14147,3000,126948.580842
-11151,3000,126958.105603
-14183,3000,126967.824516
-22192,3000,126977.026065
-16161,3000,126986.445064
-14142,3000,126996.236212
-15154,3000,127006.105984
-11152,3000,127015.647862
-15187,3000,127025.491973
-15165,3000,127035.088959
-11197,3000,127044.437682
-18147,3000,127054.376397
-13170,3000,127064.104804
-12124,3000,127074.251225
-8142,3000,127084.133173
-12170,3000,127093.977761
-16163,3000,127104.34945
-13139,3000,127114.102283
-15163,3000,127123.672381
-13124,3000,127142.546377
-18179,3000,127152.022506
-20134,3000,127161.693286
-15151,3000,127171.744949
-12176,3000,127181.574893
-14169,3000,127191.351734
-11151,3000,127200.857148
-18152,3000,127210.508279
-13172,3000,127220.929749
-18166,3000,127230.328764
-15178,3000,127240.010032
-15159,3000,127249.829086
-19177,3000,127259.636258
-15142,3000,127269.456367
-19175,3000,127279.112258
-21180,3000,127288.858342
-18170,3000,127299.128209
-19153,3000,127308.530644
-12124,3000,127318.629689
-14149,3000,127328.335659
-12157,3000,127337.894886
-9168,3000,127347.650116
-15165,3000,127357.394867
-10181,3000,127366.723432
-21137,3000,127376.421637
-9129,3000,127385.799247
-14148,3000,127395.665575
-14171,3000,127405.395288
-17178,3000,127415.150324
-12189,3000,127424.619889
-15149,3000,127434.206427
-13137,3000,127444.279696
-19174,3000,127453.993745
-22144,3000,127464.235492
-13185,3000,127473.645668
-13136,3000,127483.324753
-21170,3000,127493.372558
-14152,3000,127502.970602
-15146,3000,127512.964661
-15141,3000,127522.997591
-13161,3000,127532.527279
-17188,3000,127542.461253
-14157,3000,127552.165754
-14194,3000,127561.603796
-9173,3000,127571.298704
-14156,3000,127581.156206
-18173,3000,127591.186321
-18161,3000,127600.68299
-14174,3000,127610.386093
-13166,3000,127620.171463
-10146,3000,127629.995888
-17157,3000,127640.034114
-22173,3000,127649.8061
-14178,3000,127659.226041
-17184,3000,127668.613431
-13141,3000,127678.252445
-8161,3000,127688.368864
-20135,3000,127698.034309
-8147,3000,127707.428738
-11146,3000,127717.354811
-11172,3000,127727.009987
-19162,3000,127736.463659
-6182,3000,127745.783603
-13168,3000,127755.166596
-9191,3000,127764.659722
-12161,3000,127774.156575
-12144,3000,127783.893138
-13156,3000,127803.201738
-14191,3000,127812.858268
-12170,3000,127822.462324
-11188,3000,127831.714123
-19146,3000,127841.657462
-18160,3000,127851.605655
-16186,3000,127861.243903
-7194,3000,127870.826878
-12162,3000,127880.801193
-21156,3000,127890.888674
-13170,3000,127900.237148
-17140,3000,127909.848993
-7162,3000,127919.717923
-11165,3000,127929.331865
-13151,3000,127939.186307
-19160,3000,127948.562334
-12145,3000,127958.144067
-17162,3000,127968.005693
-14155,3000,127977.675965
-9150,3000,127987.306102
-9124,3000,127997.523307
-14163,3000,128007.210278
-20155,3000,128016.906804
-21183,3000,128026.18259
-17186,3000,128036.201351
-12115,3000,128046.286106
-11180,3000,128056.342557
-12181,3000,128066.38141
-11175,3000,128075.952987
-15168,3000,128085.493946
-20147,3000,128095.172677
-11133,3000,128104.63528
-12150,3000,128114.312744
-15190,3000,128123.597835
-9154,3000,128133.722333
-17170,3000,128143.4868
-19152,3000,128153.25085
-12182,3000,128162.506974
-20141,3000,128172.449336
-11180,3000,128182.326335
-5149,3000,128191.824026
-21152,3000,128201.614637
-20152,3000,128210.925291
-21171,3000,128220.440549
-13194,3000,128230.020971
-17148,3000,128239.780762
-15184,3000,128249.210672
-16170,3000,128258.631416
-13173,3000,128268.233083
-14173,3000,128278.215888
-16159,3000,128287.652924
-10163,3000,128297.387695
-18195,3000,128306.945728
-10183,3000,128316.335668
-18140,3000,128326.573139
-7144,3000,128336.002921
-17177,3000,128346.202888
-18174,3000,128355.570704
-13191,3000,128364.645573
-16150,3000,128374.739602
-15198,3000,128384.822758
-12125,3000,128394.616381
-9183,3000,128403.922281
-17168,3000,128413.681274
-15194,3000,128423.218582
-11154,3000,128433.339966
-12166,3000,128442.650123
-14141,3000,128461.09467
-14186,3000,128470.646526
-9167,3000,128480.12764
-14144,3000,128490.006371
-12136,3000,128500.05202
-21149,3000,128510.02779
-7165,3000,128519.334427
-19175,3000,128528.963823
-16140,3000,128538.968424
-15167,3000,128548.727039
-10172,3000,128558.532508
-17124,3000,128568.433887
-11153,3000,128577.872045
-15172,3000,128587.464589
-19144,3000,128597.241684
-10161,3000,128607.281359
-20173,3000,128616.716696
-9148,3000,128626.624684
-7158,3000,128636.668314
-10171,3000,128646.122556
-12185,3000,128655.823338
-11163,3000,128665.356165
-10173,3000,128674.97681
-10175,3000,128684.870346
-19162,3000,128694.438956
-22161,3000,128704.309319
-16183,3000,128713.565408
-19176,3000,128723.142148
-7187,3000,128732.413246
-24174,3000,128742.52338
-13166,3000,128752.44061
-18174,3000,128762.072221
-14149,3000,128771.582969
-13169,3000,128781.326475
-17170,3000,128791.184646
-15155,3000,128800.824178
-11146,3000,128810.454437
-15162,3000,128820.233451
-15184,3000,128829.961261
-14164,3000,128839.646417
-18147,3000,128849.177007
-7170,3000,128858.70853
-13150,3000,128868.436223
-10150,3000,128878.235761
-11158,3000,128887.763648
-7173,3000,128897.453768
-14142,3000,128906.968581
-7126,3000,128916.861787
-16173,3000,128926.548612
-23145,3000,128935.756772
-10128,3000,128945.622882
-10178,3000,128955.113649
-11168,3000,128964.625826
-17149,3000,128974.325567
-12166,3000,128984.105832
-17172,3000,128993.689449
-16152,3000,129003.629378
-12178,3000,129013.330218
-17167,3000,129023.496809
-9126,3000,129033.352524
-18151,3000,129042.812499
-16186,3000,129052.438038
-12185,3000,129061.984108
-8206,3000,129071.314159
-25146,3000,129081.002916
-19164,3000,129090.775337
-14179,3000,129109.638695
-15152,3000,129119.246547
-16182,3000,129128.959166
-12162,3000,129138.703404
-18161,3000,129148.554155
-13143,3000,129158.264117
-18174,3000,129168.035188
-14184,3000,129177.677893
-15161,3000,129187.44098
-8159,3000,129197.300282
-11184,3000,129207.764775
-12165,3000,129217.539968
-16190,3000,129227.446994
-11167,3000,129237.139504
-20137,3000,129246.834666
-13175,3000,129256.22453
-18192,3000,129265.63528
-13182,3000,129275.289296
-12145,3000,129285.198716
-11156,3000,129294.702637
-5162,3000,129304.212169
-15156,3000,129313.599506
-15120,3000,129323.793439
-14180,3000,129333.389024
-13164,3000,129343.023334
-14214,3000,129352.285561
-19163,3000,129361.868964
-10162,3000,129371.824775
-15180,3000,129381.267133
-13143,3000,129390.854997
-21152,3000,129400.357087
-14167,3000,129409.80767
-16155,3000,129419.512576
-9139,3000,129428.60552
-16146,3000,129438.379941
-10144,3000,129447.541492
-16154,3000,129457.165394
-9121,3000,129466.678279
-12164,3000,129475.977286
-16154,3000,129485.53176
-14169,3000,129495.154977
-17154,3000,129505.182843
-18172,3000,129514.52361
-9159,3000,129524.26901
-11180,3000,129533.737635
-13174,3000,129543.30138
-13173,3000,129553.060546
-18184,3000,129562.513177
-11165,3000,129572.120466
-19158,3000,129581.728217
-13152,3000,129591.700084
-13170,3000,129601.279721
-9173,3000,129610.536454
-19189,3000,129620.337344
-10174,3000,129630.362593
-15175,3000,129639.962152
-10165,3000,129649.434214
-17161,3000,129659.046189
-13183,3000,129668.198593
-18171,3000,129677.443858
-19171,3000,129687.004039
-12136,3000,129696.435913
-19149,3000,129706.584281
-19156,3000,129716.423358
-15153,3000,129726.435742
-17159,3000,129736.493164
-13158,3000,129746.658439
-16181,3000,129765.064977
-8174,3000,129774.690957
-14187,3000,129784.773179
-22156,3000,129794.493469
-17163,3000,129804.242411
-16162,3000,129813.663183
-13177,3000,129823.078218
-14173,3000,129832.59057
-12174,3000,129842.37078
-17176,3000,129851.81879
-15171,3000,129861.126302
-17161,3000,129870.642815
-16165,3000,129880.19343
-15157,3000,129889.731988
-13145,3000,129899.408323
-21166,3000,129908.451728
-14173,3000,129917.854076
-14152,3000,129927.283781
-18186,3000,129936.564406
-16157,3000,129945.821212
-16138,3000,129955.848273
-14206,3000,129965.572202
-9153,3000,129975.460695
-18142,3000,129984.805305
-16161,3000,129994.490534
-12156,3000,130003.99784
-22167,3000,130013.483718
-13166,3000,130023.240469
-6155,3000,130032.598753
-14150,3000,130042.194356
-16175,3000,130052.071823
-19142,3000,130061.69296
-17153,3000,130071.471545
-9159,3000,130081.389949
-11194,3000,130090.870538
-13147,3000,130100.403694
-19151,3000,130110.152584
-17171,3000,130119.673416
-10154,3000,130129.221221
-8158,3000,130138.596967
-14178,3000,130148.148477
-16192,3000,130157.490892
-18152,3000,130167.296884
-12194,3000,130176.960437
-20176,3000,130186.675106
-11179,3000,130196.229975
-21181,3000,130205.806351
-9154,3000,130215.205426
-21178,3000,130225.018308
-17171,3000,130234.506615
-13166,3000,130244.285041
-16157,3000,130253.751624
-8132,3000,130263.655858
-15149,3000,130273.60237
-10164,3000,130283.270683
-15153,3000,130293.075419
-16139,3000,130303.048199
-9164,3000,130312.56038
-7173,3000,130321.747751
-14163,3000,130331.437211
-15145,3000,130341.044623
-15174,3000,130350.389308
-13183,3000,130359.897781
-16117,3000,130369.527601
-16144,3000,130379.035247
-10179,3000,130388.637518
-7169,3000,130397.889845
-11134,3000,130416.777584
-15176,3000,130426.300185
-23130,3000,130435.806905
-19164,3000,130445.590256
-18154,3000,130455.167426
-16196,3000,130464.498383
-15172,3000,130474.06571
-12160,3000,130483.990789
-15179,3000,130493.67141
-22132,3000,130503.605747
-18174,3000,130513.106022
-15159,3000,130522.414863
-16151,3000,130531.91735
-12187,3000,130541.174538
-13150,3000,130550.792809
-14156,3000,130560.382073
-16161,3000,130569.776832
-20171,3000,130579.296692
-20178,3000,130588.594968
-13181,3000,130598.131118
-14152,3000,130607.646612
-10180,3000,130617.174021
-9154,3000,130626.658248
-9189,3000,130635.812795
-15168,3000,130645.407142
-14135,3000,130655.284673
-17157,3000,130665.061836
-13174,3000,130674.63519
-15132,3000,130684.441142
-10142,3000,130694.25159
-18177,3000,130703.621122
-15182,3000,130713.227255
-9175,3000,130722.805063
-16164,3000,130732.418217
-13163,3000,130741.940761
-18178,3000,130751.113222
-13135,3000,130760.972071
-14156,3000,130770.605058
-10175,3000,130779.998914
-20169,3000,130789.752476
-10168,3000,130799.25907
-12193,3000,130808.569177
-18167,3000,130818.186915
-25188,3000,130827.508489
-11150,3000,130837.294881
-17163,3000,130846.876164
-18158,3000,130856.234264
-18161,3000,130865.574378
-14160,3000,130875.476805
-13176,3000,130885.280044
-9175,3000,130894.435097
-17188,3000,130903.851688
-16133,3000,130913.956201
-15165,3000,130923.39595
-19166,3000,130933.027632
-12178,3000,130942.617738
-8174,3000,130952.11401
-12162,3000,130961.461385
-20172,3000,130971.740311
-25160,3000,130981.448172
-18138,3000,130991.080631
-14158,3000,131000.755808
-18170,3000,131010.517279
-14127,3000,131020.317881
-14161,3000,131029.772387
-12141,3000,131039.092998
-14172,3000,131057.186485
-13161,3000,131066.896542
-16199,3000,131076.298549
-10148,3000,131086.10422
-14162,3000,131095.506246
-16144,3000,131104.874874
-10144,3000,131114.35954
-14174,3000,131123.759589
-17147,3000,131133.237784
-21158,3000,131143.317113
-22153,3000,131153.59269
-11129,3000,131163.389238
-16162,3000,131172.670052
-16158,3000,131181.756187
-22190,3000,131191.30104
-10121,3000,131201.224683
-17169,3000,131210.756087
-15168,3000,131219.922056
-14165,3000,131229.239954
-10157,3000,131238.639165
-15168,3000,131247.851445
-12146,3000,131257.42824
-17166,3000,131266.648637
-15160,3000,131276.323463
-14168,3000,131286.03363
-18159,3000,131295.380649
-13155,3000,131305.02102
-15162,3000,131314.632608
-16180,3000,131324.068136
-17154,3000,131333.700275
-16163,3000,131343.064749
-22155,3000,131352.396166
-18158,3000,131361.727838
-14178,3000,131370.889974
-16136,3000,131380.607667
-18167,3000,131390.156772
-17193,3000,131400.004951
-18189,3000,131409.266255
-9127,3000,131418.665863
-11169,3000,131428.223566
-16157,3000,131438.261663
-13165,3000,131447.652006
-22159,3000,131457.559499
-12189,3000,131467.470924
-18145,3000,131477.362452
-14152,3000,131486.782998
-15166,3000,131495.996201
-14171,3000,131505.241178
-16183,3000,131514.883815
-16133,3000,131524.539755
-17140,3000,131534.336404
-20186,3000,131543.756276
-17171,3000,131553.1868
-20161,3000,131562.779425
-15138,3000,131572.430231
-17139,3000,131582.370867
-16171,3000,131592.058112
-15127,3000,131601.775204
-8152,3000,131611.504971
-19137,3000,131621.228364
-15146,3000,131631.189594
-20129,3000,131640.900334
-8181,3000,131650.12362
-14136,3000,131660.157087
-13175,3000,131669.701267
-14157,3000,131679.701882
-19150,3000,131689.075095
-13167,3000,131707.979701
-19160,3000,131717.964174
-15175,3000,131727.491527
-16141,3000,131737.122799
-17151,3000,131746.36768
-10162,3000,131756.145829
-13164,3000,131765.778852
-22194,3000,131775.064416
-17156,3000,131784.694352
-17156,3000,131794.562905
-14132,3000,131804.402348
-15179,3000,131813.935076
-11164,3000,131824.256714
-13168,3000,131834.221158
-18154,3000,131843.808317
-16197,3000,131853.513658
-17157,3000,131863.335646
-8158,3000,131872.902975
-13130,3000,131882.475786
-8144,3000,131891.690764
-17135,3000,131901.495955
-15135,3000,131911.343472
-15137,3000,131921.37812
-17166,3000,131931.123018
-13186,3000,131940.33665
-6134,3000,131950.226834
-14147,3000,131959.960651
-23176,3000,131969.653404
-19137,3000,131979.629132
-17157,3000,131989.229235
-16154,3000,131998.470544
-8146,3000,132008.265408
-20124,3000,132018.145665
-9208,3000,132027.952391
-18191,3000,132037.534433
-15181,3000,132047.295451
-19148,3000,132057.305248
-10182,3000,132067.070444
-10174,3000,132076.912305
-17139,3000,132086.522311
-13174,3000,132095.98194
-15171,3000,132105.660999
-20155,3000,132115.09938
-19143,3000,132124.445028
-13150,3000,132133.841419
-13172,3000,132143.458133
-17146,3000,132153.370424
-17147,3000,132162.822386
-9183,3000,132172.435251
-22174,3000,132181.874947
-7159,3000,132191.492334
-31138,3000,132201.291831
-13175,3000,132210.827379
-20143,3000,132220.619156
-17144,3000,132230.007087
-10198,3000,132239.164059
-14154,3000,132248.916609
-17157,3000,132258.512359
-13184,3000,132268.049948
-19188,3000,132277.260772
-12123,3000,132286.877943
-13165,3000,132296.293281
-15133,3000,132305.64713
-14163,3000,132315.27609
-16168,3000,132324.721636
-13149,3000,132334.283842
-12149,3000,132344.241463
-17158,3000,132362.267783
-11168,3000,132371.885052
-15158,3000,132381.632787
-12190,3000,132391.186711
-10218,3000,132400.677103
-23144,3000,132410.175304
-16189,3000,132419.55887
-13162,3000,132429.121463
-12147,3000,132438.430509
-14185,3000,132447.868604
-18182,3000,132457.579092
-13181,3000,132467.523026
-16175,3000,132476.713876
-17144,3000,132486.17519
-10145,3000,132495.689225
-16176,3000,132505.015396
-18123,3000,132514.384207
-16161,3000,132523.733344
-12164,3000,132533.196952
-14196,3000,132542.489706
-15174,3000,132552.116185
-16150,3000,132561.790883
-15195,3000,132571.054567
-9138,3000,132580.52554
-22131,3000,132590.295804
-18159,3000,132599.828521
-10130,3000,132609.531242
-11137,3000,132619.02
-13181,3000,132628.409324
-27174,3000,132637.906582
-19169,3000,132647.550056
-18152,3000,132657.284309
-17168,3000,132666.948102
-11153,3000,132676.690687
-18174,3000,132686.168212
-12166,3000,132695.416058
-15147,3000,132705.521668
-17176,3000,132714.742264
-18127,3000,132724.592584
-17174,3000,132734.06531
-16214,3000,132743.480456
-14154,3000,132753.034707
-13168,3000,132762.438011
-21141,3000,132772.121269
-17200,3000,132781.361325
-18143,3000,132791.008564
-13136,3000,132801.128117
-11131,3000,132810.806765
-11143,3000,132820.424675
-22163,3000,132830.303452
-11136,3000,132839.524647
-16155,3000,132849.467582
-14145,3000,132858.787678
-16109,3000,132868.532144
-11175,3000,132878.140728
-14150,3000,132887.81576
-12182,3000,132897.210773
-15157,3000,132906.756983
-21150,3000,132916.37774
-24169,3000,132925.824942
-15132,3000,132935.783782
-16173,3000,132945.169268
-10159,3000,132954.829229
-14147,3000,132964.578819
-12153,3000,132974.214552
-11169,3000,132983.839381
-18170,3000,133001.826941
-3145,3000,133011.456669
-11163,3000,133021.000723
-22148,3000,133030.701512
-12154,3000,133040.384834
-15162,3000,133050.114835
-13159,3000,133060.540892
-18148,3000,133070.210449
-12160,3000,133079.538135
-15164,3000,133089.486905
-20180,3000,133099.147416
-23131,3000,133109.370895
-6149,3000,133119.018702
-13168,3000,133128.735771
-15167,3000,133138.454987
-12140,3000,133148.377977
-15150,3000,133157.955403
-20137,3000,133168.092119
-18139,3000,133177.877393
-10145,3000,133187.336571
-23149,3000,133196.819698
-17190,3000,133206.511186
-18133,3000,133216.384757
-12136,3000,133226.074275
-15132,3000,133235.885278
-12176,3000,133245.269939
-13144,3000,133255.435651
-18191,3000,133265.026608
-5149,3000,133274.372039
-14170,3000,133283.720392
-14133,3000,133293.199766
-9166,3000,133302.445271
-13197,3000,133311.687128
-8136,3000,133320.896983
-12163,3000,133330.665876
-16191,3000,133340.223417
-10175,3000,133350.070546
-20146,3000,133359.540083
-16171,3000,133368.812538
-13189,3000,133378.280992
-17147,3000,133387.874545
-25197,3000,133397.244032
-22162,3000,133406.949004
-19143,3000,133416.22304
-13169,3000,133425.805368
-17154,3000,133435.232632
-15173,3000,133445.104975
-14152,3000,133454.397422
-11153,3000,133463.947951
-11151,3000,133473.631592
-15167,3000,133482.894153
-10134,3000,133492.474991
-12128,3000,133502.636919
-16156,3000,133511.987175
-15167,3000,133521.412063
-14176,3000,133530.871891
-14157,3000,133540.149047
-20154,3000,133549.481465
-9142,3000,133558.934985
-16153,3000,133568.498677
-14164,3000,133577.777597
-14145,3000,133587.301833
-17158,3000,133597.433082
-16153,3000,133606.937082
-9164,3000,133616.428758
-17163,3000,133626.180166
-15132,3000,133635.786548
-16143,3000,133654.173833
-8180,3000,133663.784059
-11165,3000,133673.112417
-12168,3000,133682.846648
-6130,3000,133692.45999
-20132,3000,133702.371861
-17202,3000,133711.590575
-15184,3000,133720.931245
-12150,3000,133730.342698
-21136,3000,133740.094811
-17132,3000,133749.816185
-10174,3000,133759.535204
-17175,3000,133769.096968
-12177,3000,133778.211923
-11194,3000,133787.365458
-15165,3000,133796.578423
-12127,3000,133806.250384
-23168,3000,133815.831062
-8183,3000,133824.995002
-13144,3000,133834.605775
-15146,3000,133844.203104
-12177,3000,133854.084578
-11209,3000,133863.720018
-14156,3000,133872.916524
-19144,3000,133882.758128
-20182,3000,133892.183181
-13169,3000,133901.570971
-15158,3000,133911.769278
-16151,3000,133921.135436
-9142,3000,133930.477688
-9167,3000,133939.86047
-17159,3000,133949.861274
-9133,3000,133959.297503
-20157,3000,133969.103885
-16166,3000,133978.720361
-16163,3000,133988.663681
-18186,3000,133998.011455
-15182,3000,134007.141622
-16172,3000,134016.583703
-18137,3000,134026.444024
-8135,3000,134035.994513
-18148,3000,134045.772558
-12138,3000,134055.6418
-18185,3000,134065.100672
-9177,3000,134074.138928
-10159,3000,134083.802286
-11147,3000,134093.506789
-17182,3000,134102.778723
-13151,3000,134112.145405
-19178,3000,134121.716712
-25183,3000,134131.000527
-11144,3000,134140.597358
-18172,3000,134149.960168
-21151,3000,134159.63288
-14169,3000,134169.04675
-20146,3000,134178.759797
-17158,3000,134188.277351
-11149,3000,134198.250531
-9134,3000,134207.875586
-15167,3000,134217.243697
-18151,3000,134226.490962
-9152,3000,134235.888957
-14164,3000,134245.521746
-14168,3000,134254.9083
-15138,3000,134264.550129
-18136,3000,134274.059388
-11140,3000,134283.601429
-16131,3000,134301.527101
-12159,3000,134311.452259
-15180,3000,134320.961119
-14162,3000,134330.236455
-9137,3000,134339.730415
-4159,3000,134349.25045
-15152,3000,134358.534231
-9188,3000,134368.312006
-9158,3000,134377.968709
-13168,3000,134387.447702
-11176,3000,134396.999394
-14169,3000,134406.473562
-21136,3000,134416.054353
-13117,3000,134425.892063
-14148,3000,134435.449166
-9118,3000,134445.310549
-13170,3000,134454.755471
-15156,3000,134464.545858
-16150,3000,134473.937814
-19186,3000,134483.236699
-19171,3000,134492.426073
-14174,3000,134502.200496
-23155,3000,134512.022086
-15163,3000,134521.771815
-12175,3000,134531.062606
-12144,3000,134540.577104
-17189,3000,134550.04514
-20143,3000,134559.715526
-18182,3000,134569.153471
-15142,3000,134579.118803
-12142,3000,134588.827303
-21181,3000,134598.303866
-10132,3000,134608.209576
-10159,3000,134617.738043
-16149,3000,134627.542547
-18158,3000,134636.998516
-16162,3000,134646.364624
-4188,3000,134655.893424
-10163,3000,134665.33758
-22181,3000,134675.133752
-15164,3000,134684.984442
-14153,3000,134694.236121
-16148,3000,134704.118296
-10133,3000,134713.646503
-20149,3000,134723.532664
-13154,3000,134732.831963
-13168,3000,134741.373615
-8161,3000,134750.335019
-14168,3000,134759.276493
-17171,3000,134768.20224
-13172,3000,134777.107269
-11172,3000,134786.023188
-15158,3000,134795.177145
-10197,3000,134804.179831
-11149,3000,134813.128834
-18161,3000,134821.94583
-16153,3000,134830.801235
-16134,3000,134839.944741
-16184,3000,134848.750009
-15146,3000,134857.808154
-17178,3000,134867.180449
-17161,3000,134876.529771
-15186,3000,134885.525318
-13169,3000,134894.527016
-14148,3000,134903.262755
-8174,3000,134912.178714
-15172,3000,134929.162233
-17141,3000,134938.356469
-9142,3000,134947.230599
-17183,3000,134955.851894
-13172,3000,134964.467952
-17171,3000,134973.538233
-12185,3000,134981.998286
-13146,3000,134991.338771
-19183,3000,135000.312991
-7169,3000,135009.05517
-18161,3000,135018.026431
-15155,3000,135026.965369
-18141,3000,135036.022531
-10147,3000,135044.857137
-17149,3000,135054.056623
-15181,3000,135062.940323
-15159,3000,135071.737767
-20171,3000,135081.207026
-20164,3000,135090.585973
-15145,3000,135099.591235
-16191,3000,135108.600461
-13160,3000,135116.984481
-9165,3000,135125.897579
-10139,3000,135134.784322
-12160,3000,135143.660617
-12146,3000,135152.823229
-12159,3000,135162.356537
-14161,3000,135171.328358
-25135,3000,135180.083563
-20169,3000,135189.113357
-19161,3000,135198.026248
-18206,3000,135207.06357
-13154,3000,135215.838581
-12171,3000,135224.308866
-18156,3000,135233.082359
-10139,3000,135242.025335
-15115,3000,135251.466026
-15159,3000,135259.897832
-11169,3000,135268.951101
-14154,3000,135277.743554
-13175,3000,135286.514723
-13161,3000,135295.161115
-6138,3000,135304.077307
-13188,3000,135312.612835
-10166,3000,135321.385565
-10132,3000,135330.341029
-10169,3000,135339.839474
-7166,3000,135348.627906
-15183,3000,135357.20914
-16161,3000,135366.056198
-16154,3000,135375.339073
-10169,3000,135384.443498
-16147,3000,135393.418444
-12164,3000,135402.213698
-14149,3000,135411.197274
-24156,3000,135419.920206
-22174,3000,135428.671433
-17160,3000,135437.842251
-14174,3000,135446.705693
-7189,3000,135455.489237
-11159,3000,135464.263762
-9178,3000,135473.156872
-17174,3000,135482.185163
-11140,3000,135491.041054
-15149,3000,135500.286779
-15192,3000,135509.164313
-14175,3000,135517.795706
-15177,3000,135534.611079
-14163,3000,135543.861787
-11146,3000,135552.800512
-12160,3000,135561.252437
-11178,3000,135570.122026
-23156,3000,135578.91367
-9155,3000,135587.963102
-18168,3000,135596.687632
-14166,3000,135605.639829
-10157,3000,135614.36234
-13152,3000,135623.215217
-11159,3000,135631.95222
-16144,3000,135640.946764
-13173,3000,135649.582751
-11166,3000,135658.743683
-13157,3000,135667.502128
-14172,3000,135676.305918
-14206,3000,135684.931845
-11151,3000,135694.201596
-12154,3000,135703.486753
-16159,3000,135712.799047
-18135,3000,135721.797878
-13143,3000,135730.678862
-20154,3000,135739.66416
-21175,3000,135748.784098
-14156,3000,135757.349411
-11175,3000,135766.580658
-17171,3000,135775.590109
-19166,3000,135784.558711
-9173,3000,135793.98219
-20189,3000,135802.758051
-17177,3000,135811.440187
-17156,3000,135820.020937
-19160,3000,135829.533019
-23161,3000,135838.760405
-14149,3000,135847.610959
-10173,3000,135856.803585
-13174,3000,135865.546686
-14159,3000,135874.452944
-12191,3000,135883.305506
-19153,3000,135892.503614
-20166,3000,135901.755087
-17168,3000,135910.828386
-14131,3000,135919.461775
-17161,3000,135928.196528
-21154,3000,135936.899764
-14151,3000,135945.732126
-21171,3000,135954.782566
-11163,3000,135963.750283
-9167,3000,135972.77897
-14146,3000,135981.488632
-11180,3000,135990.053657
-18148,3000,135998.832456
-12163,3000,136007.590815
-17136,3000,136016.779113
-14168,3000,136025.665458
-16156,3000,136034.677287
-13170,3000,136043.343253
-20140,3000,136052.395754
-22156,3000,136061.715508
-14134,3000,136070.888139
-15133,3000,136079.624458
-15140,3000,136088.40588
-13140,3000,136097.510218
-21142,3000,136106.560557
-11169,3000,136115.578013
-9179,3000,136124.317796
-15178,3000,136141.211237
-8141,3000,136150.062921
-17168,3000,136159.737481
-18137,3000,136168.869467
-6156,3000,136177.88423
-11185,3000,136186.384651
-12180,3000,136194.980555
-12171,3000,136203.89092
-13178,3000,136212.914885
-21157,3000,136222.102221
-12164,3000,136231.079854
-13150,3000,136240.21019
-10157,3000,136248.913681
-16158,3000,136258.002191
-13161,3000,136266.898022
-5182,3000,136275.32756
-19158,3000,136284.304118
-16192,3000,136292.761849
-15185,3000,136301.732869
-23179,3000,136310.489183
-10152,3000,136319.435738
-18175,3000,136328.185763
-12143,3000,136337.098704
-19163,3000,136346.364388
-19153,3000,136355.289069
-15162,3000,136364.507543
-6133,3000,136373.690114
-14177,3000,136382.684804
-12166,3000,136391.569025
-17160,3000,136400.743496
-11152,3000,136409.320331
-11142,3000,136417.985083
-15142,3000,136426.965797
-17161,3000,136436.145396
-13163,3000,136445.452904
-13143,3000,136454.462226
-16179,3000,136463.662266
-10190,3000,136472.727287
-16177,3000,136481.875685
-18130,3000,136490.927242
-14161,3000,136499.905021
-12174,3000,136508.620623
-20168,3000,136517.568959
-12186,3000,136526.268691
-16182,3000,136535.012659
-13121,3000,136544.046909
-19186,3000,136552.691011
-12140,3000,136561.946413
-28160,3000,136571.087609
-17138,3000,136580.27542
-18150,3000,136589.023594
-11114,3000,136598.093816
-13182,3000,136606.945712
-16161,3000,136615.871338
-19133,3000,136625.023037
-13190,3000,136633.548397
-16164,3000,136642.544906
-20159,3000,136651.307502
-4134,3000,136660.473654
-11147,3000,136669.0929
-8148,3000,136677.949193
-18160,3000,136686.674059
-14169,3000,136695.800032
-13115,3000,136705.035422
-15199,3000,136713.420833
-11147,3000,136722.267897
-15179,3000,136739.016156
-13201,3000,136747.220618
-16152,3000,136755.897961
-16173,3000,136764.675723
-12158,3000,136773.453388
-14168,3000,136782.631808
-14168,3000,136791.232499
-9182,3000,136799.866971
-11163,3000,136808.639389
-12134,3000,136817.403897
-14159,3000,136826.340697
-22150,3000,136835.503835
-13159,3000,136844.87072
-12179,3000,136854.011805
-15136,3000,136862.960928
-16188,3000,136871.878454
-15180,3000,136880.614229
-10158,3000,136889.895129
-14138,3000,136898.905951
-13120,3000,136908.179924
-10164,3000,136916.789033
-14124,3000,136925.896248
-15158,3000,136934.845102
-9173,3000,136943.802167
-16123,3000,136953.235813
-5131,3000,136962.360803
-15138,3000,136971.086046
-17163,3000,136979.88317
-17144,3000,136988.463129
-15172,3000,136997.272054
-13137,3000,137006.20676
-15165,3000,137014.913409
-13150,3000,137023.943162
-21158,3000,137032.971805
-16119,3000,137041.972789
-22154,3000,137050.779053
-17127,3000,137059.534604
-16142,3000,137068.315695
-16179,3000,137076.857644
-20147,3000,137085.841756
-10159,3000,137094.670588
-20184,3000,137103.404303
-9173,3000,137111.920206
-15168,3000,137120.811816
-16181,3000,137129.480452
-15200,3000,137138.007939
-13163,3000,137146.694663
-8177,3000,137156.010111
-12149,3000,137165.0014
-16182,3000,137173.721961
-17148,3000,137182.972987
-17133,3000,137191.898304
-15161,3000,137200.866753
-16145,3000,137209.861606
-14183,3000,137218.708398
-19191,3000,137227.605737
-17170,3000,137236.71569
-14169,3000,137245.558909
-21184,3000,137254.408091
-18174,3000,137263.390923
-10147,3000,137272.421131
-10173,3000,137281.024933
-15158,3000,137290.135373
-19170,3000,137299.311848
-17169,3000,137308.427509
-17152,3000,137317.402466
-17156,3000,137326.494997
-18142,3000,137343.603606
-11151,3000,137352.40781
-12176,3000,137361.219509
-18170,3000,137369.85255
-14172,3000,137378.572815
-7145,3000,137387.44108
-14152,3000,137396.57755
-14147,3000,137405.539584
-14195,3000,137414.337024
-23148,3000,137423.411124
-13161,3000,137432.81739
-15162,3000,137441.984384
-8164,3000,137450.791844
-10173,3000,137459.859313
-20191,3000,137468.710142
-19158,3000,137477.754875
-13144,3000,137486.921534
-20159,3000,137495.757312
-7146,3000,137504.700612
-17175,3000,137514.047897
-13160,3000,137523.06428
-11108,3000,137532.180194
-18170,3000,137541.708147
-9157,3000,137550.689352
-18190,3000,137559.295302
-12180,3000,137568.096934
-17154,3000,137576.929228
-17137,3000,137585.92314
-11171,3000,137595.039114
-15135,3000,137603.837769
-18165,3000,137613.104127
-13161,3000,137621.897576
-17142,3000,137630.709754
-11189,3000,137639.288448
-15154,3000,137648.11825
-15154,3000,137657.108992
-16149,3000,137666.140883
-11171,3000,137674.822266
-17162,3000,137683.516808
-8150,3000,137692.211072
-20163,3000,137701.369076
-13166,3000,137710.347348
-8142,3000,137719.276132
-17151,3000,137728.343414
-9148,3000,137737.463353
-14156,3000,137746.545901
-12166,3000,137755.461198
-11165,3000,137763.92747
-10163,3000,137772.496926
-15150,3000,137781.46845
-20183,3000,137790.170938
-23170,3000,137798.972214
-18157,3000,137807.78349
-19169,3000,137816.745411
-14141,3000,137825.556447
-20154,3000,137834.476248
-16172,3000,137843.186801
-18137,3000,137852.572275
-15136,3000,137861.980912
-16166,3000,137870.422638
-8157,3000,137878.955747
-14180,3000,137887.634777
-17164,3000,137896.378671
-14169,3000,137905.454193
-17169,3000,137914.571975
-10138,3000,137923.310523
-14153,3000,137931.841593
-23135,3000,137949.376196
-13169,3000,137958.201137
-16164,3000,137967.07126
-15145,3000,137976.068612
-11168,3000,137984.955061
-21163,3000,137994.293958
-16160,3000,138003.55166
-20178,3000,138012.370866
-13181,3000,138020.861856
-18135,3000,138029.830115
-10197,3000,138038.805041
-10156,3000,138047.427782
-11167,3000,138055.91414
-10149,3000,138064.693541
-16197,3000,138073.46573
-6153,3000,138082.936354
-15178,3000,138092.086361
-8129,3000,138101.28923
-12152,3000,138109.968722
-14142,3000,138119.178459
-14138,3000,138128.192861
-15170,3000,138137.092784
-16157,3000,138145.572603
-17165,3000,138154.744081
-15173,3000,138163.071911
-8146,3000,138172.263273
-13167,3000,138181.447011
-6152,3000,138190.35178
-14191,3000,138199.100286
-15184,3000,138207.728501
-13134,3000,138216.66881
-12198,3000,138225.521481
-13178,3000,138233.922327
-17159,3000,138243.009161
-19166,3000,138251.811055
-18150,3000,138260.578631
-12143,3000,138269.235985
-14139,3000,138278.143828
-13180,3000,138286.619488
-23172,3000,138295.443453
-11150,3000,138304.244981
-8160,3000,138313.060554
-11163,3000,138321.919904
-19150,3000,138330.653442
-15150,3000,138339.284407
-12180,3000,138347.898071
-16144,3000,138356.68424
-14163,3000,138365.443913
-13166,3000,138374.228015
-17184,3000,138382.842499
-11169,3000,138391.586744
-12158,3000,138400.612749
-23156,3000,138409.651174
-22159,3000,138418.461069
-19164,3000,138427.791579
-10153,3000,138436.828506
-16143,3000,138445.801211
-15166,3000,138454.93295
-12190,3000,138463.567925
-7133,3000,138472.85395
-15161,3000,138482.158095
-20149,3000,138491.471079
-20152,3000,138500.22498
-10175,3000,138509.406025
-7171,3000,138517.873505
-14141,3000,138526.675145
-13197,3000,138543.466693
-10158,3000,138552.387648
-19136,3000,138561.306746
-12164,3000,138570.264501
-11133,3000,138579.404778
-9174,3000,138588.35148
-14148,3000,138597.495894
-13173,3000,138606.364462
-8155,3000,138614.773075
-11176,3000,138623.522466
-16141,3000,138632.831938
-11148,3000,138641.94019
-21159,3000,138650.571991
-11152,3000,138659.016797
-16163,3000,138667.867942
-9150,3000,138676.732821
-17168,3000,138685.423666
-10145,3000,138694.395679
-9127,3000,138703.18663
-13149,3000,138711.986076
-15167,3000,138720.684988
-15151,3000,138729.983008
-11137,3000,138738.960631
-11119,3000,138748.067355
-22156,3000,138757.280235
-16147,3000,138766.290296
-15176,3000,138775.515029
-15154,3000,138784.623708
-19126,3000,138793.914227
-17157,3000,138802.333253
-13160,3000,138810.972434
-13149,3000,138819.930762
-16157,3000,138828.922503
-8157,3000,138837.865303
-15155,3000,138846.614105
-14173,3000,138855.263088
-13151,3000,138863.980654
-17180,3000,138872.740958
-17196,3000,138881.518981
-13202,3000,138890.405797
-19159,3000,138899.395051
-14141,3000,138908.039684
-13162,3000,138916.442298
-13138,3000,138925.218522
-13151,3000,138933.818377
-13150,3000,138942.967673
-20168,3000,138951.826047
-12167,3000,138961.032769
-15168,3000,138969.79827
-20146,3000,138978.709068
-17141,3000,138987.382535
-13172,3000,138996.651937
-13187,3000,139005.073814
-13168,3000,139013.71323
-12157,3000,139022.575466
-10124,3000,139031.212059
-10165,3000,139040.135627
-7164,3000,139048.862322
-15177,3000,139057.364505
-14141,3000,139066.494538
-12161,3000,139075.216468
-22172,3000,139084.151531
-12118,3000,139093.456285
-10188,3000,139102.447181
-18153,3000,139111.276825
-16190,3000,139120.268863
-16175,3000,139128.925638
-16180,3000,139145.814522
-16162,3000,139154.612946
-18148,3000,139163.463912
-14164,3000,139172.242704
-13175,3000,139181.009979
-12128,3000,139189.585351
-25180,3000,139198.430945
-19138,3000,139207.318698
-14163,3000,139215.888371
-16190,3000,139224.213822
-21142,3000,139233.239852
-14136,3000,139242.282162
-10137,3000,139251.146093
-23161,3000,139259.823361
-16146,3000,139269.120522
-13148,3000,139278.249211
-9147,3000,139287.515939
-14145,3000,139296.412683
-17203,3000,139304.820179
-18132,3000,139313.732203
-15194,3000,139322.36475
-19128,3000,139331.236567
-16175,3000,139340.376376
-20164,3000,139349.63309
-10175,3000,139358.073182
-15145,3000,139367.375807
-17144,3000,139376.532233
-13149,3000,139385.384644
-14165,3000,139393.995695
-19174,3000,139402.383203
-14167,3000,139411.334622
-11112,3000,139420.514999
-15139,3000,139429.249015
-11156,3000,139438.171585
-17191,3000,139446.534267
-6174,3000,139455.681402
-15177,3000,139464.594111
-16162,3000,139473.265618
-18168,3000,139482.034398
-10141,3000,139490.690856
-18159,3000,139499.884568
-11161,3000,139508.533753
-14169,3000,139517.304261
-11184,3000,139526.000507
-11137,3000,139534.755798
-13156,3000,139543.496897
-9171,3000,139552.145465
-18151,3000,139561.132109
-15153,3000,139570.083447
-12136,3000,139579.212487
-17205,3000,139587.782956
-12177,3000,139596.707051
-11152,3000,139605.494298
-15189,3000,139614.442529
-19146,3000,139623.31737
-19134,3000,139632.755246
-16156,3000,139641.489618
-16153,3000,139650.359692
-18149,3000,139659.286354
-17152,3000,139668.299001
-15185,3000,139677.206016
-14160,3000,139686.155403
-18182,3000,139695.066452
-9190,3000,139703.974001
-20139,3000,139712.548569
-16215,3000,139721.308201
-5177,3000,139730.00176
-9154,3000,139747.252713
-14144,3000,139756.073434
-19144,3000,139764.687969
-11182,3000,139773.487195
-11161,3000,139782.59017
-16133,3000,139791.745383
-13171,3000,139801.001994
-12165,3000,139809.567164
-18197,3000,139817.991885
-16156,3000,139826.972852
-13159,3000,139835.358604
-13158,3000,139844.453394
-22197,3000,139853.489775
-11159,3000,139862.429994
-15156,3000,139871.373204
-23170,3000,139879.651331
-10170,3000,139888.612792
-22147,3000,139897.72256
-13131,3000,139906.746273
-16145,3000,139915.963493
-18147,3000,139925.017094
-15161,3000,139933.721357
-13147,3000,139942.832302
-11174,3000,139951.635811
-17155,3000,139960.569907
-16166,3000,139969.677302
-12144,3000,139978.525026
-12159,3000,139987.733042
-7165,3000,139996.412472
-10149,3000,140005.603499
-13167,3000,140014.639682
-6154,3000,140023.648541
-14173,3000,140032.802644
-17146,3000,140041.65768
-16170,3000,140050.58916
-16163,3000,140059.559829
-14144,3000,140068.653561
-22155,3000,140077.552797
-16161,3000,140086.489505
-14158,3000,140095.218128
-13150,3000,140104.487357
-10137,3000,140113.341543
-10146,3000,140122.445082
-12150,3000,140131.385844
-19118,3000,140140.774914
-9162,3000,140149.343755
-23146,3000,140158.447567
-17177,3000,140166.887764
-22127,3000,140175.92927
-12126,3000,140184.970714
-18151,3000,140194.137408
-13164,3000,140203.128428
-14155,3000,140212.115289
-10146,3000,140220.831695
-17175,3000,140229.286911
-15173,3000,140238.433135
-17154,3000,140247.791557
-12162,3000,140256.730095
-12143,3000,140265.690331
-18163,3000,140274.813118
-7148,3000,140283.728956
-10198,3000,140292.576745
-19160,3000,140301.68293
-20167,3000,140310.793169
-12138,3000,140320.165653
-15151,3000,140329.227104
-11160,3000,140345.989749
-9144,3000,140354.543636
-11155,3000,140363.552711
-13155,3000,140372.396914
-14166,3000,140381.512854
-11161,3000,140390.367654
-21165,3000,140398.876203
-11142,3000,140407.590795
-14184,3000,140416.68627
-22182,3000,140426.053551
-15152,3000,140435.195241
-14149,3000,140443.810482
-25190,3000,140452.507419
-11143,3000,140461.685095
-9150,3000,140470.392286
-14141,3000,140479.38668
-16188,3000,140488.256984
-12141,3000,140497.302571
-18119,3000,140506.053198
-15168,3000,140514.987343
-16145,3000,140523.936153
-14153,3000,140532.665142
-12182,3000,140541.465776
-18163,3000,140550.662125
-16168,3000,140559.462737
-16148,3000,140568.041888
-4169,3000,140576.526868
-18170,3000,140585.358391
-15156,3000,140594.579538
-11140,3000,140603.395731
-11186,3000,140612.226093
-20169,3000,140621.028109
-20163,3000,140629.644963
-12151,3000,140638.833047
-15176,3000,140647.780518
-7165,3000,140656.338216
-11124,3000,140665.37685
-14159,3000,140674.110801
-14169,3000,140683.388743
-19164,3000,140692.245507
-16163,3000,140701.023031
-13159,3000,140709.887533
-15158,3000,140718.758285
-13168,3000,140727.897383
-13172,3000,140736.402024
-16175,3000,140745.232726
-14155,3000,140754.214963
-11175,3000,140763.402929
-16167,3000,140772.548177
-14162,3000,140781.329879
-20167,3000,140790.57368
-16131,3000,140799.780269
-17138,3000,140808.829762
-10155,3000,140818.321485
-9120,3000,140827.626495
-21158,3000,140836.621059
-11154,3000,140845.544258
-14141,3000,140854.663695
-18151,3000,140863.47968
-16131,3000,140872.526298
-16181,3000,140881.234371
-20175,3000,140889.913835
-14138,3000,140898.679655
-11163,3000,140907.610379
-15178,3000,140916.39299
-10170,3000,140925.431397
-20173,3000,140934.692314
-13149,3000,140951.529529
-16199,3000,140959.760323
-8171,3000,140968.334759
-11142,3000,140977.299948
-13142,3000,140986.350387
-18161,3000,140994.761494
-11174,3000,141003.524951
-20185,3000,141012.686002
-5172,3000,141021.763939
-20124,3000,141030.750372
-11146,3000,141039.44463
-16150,3000,141048.247057
-11171,3000,141056.962187
-10149,3000,141065.967353
-15190,3000,141074.767572
-16186,3000,141083.470388
-12153,3000,141092.427431
-11136,3000,141101.316758
-13153,3000,141110.387092
-14170,3000,141119.078286
-23145,3000,141127.981728
-12150,3000,141137.053563
-16148,3000,141146.339903
-14153,3000,141155.504364
-18144,3000,141164.412969
-15119,3000,141173.246526
-14143,3000,141182.333203
-18182,3000,141191.094508
-10136,3000,141199.757075
-12171,3000,141208.56262
-10137,3000,141217.396816
-12161,3000,141226.254893
-9187,3000,141235.310474
-19156,3000,141244.21348
-11131,3000,141253.205499
-10151,3000,141261.745097
-17162,3000,141270.764074
-18150,3000,141280.072542
-15166,3000,141289.062433
-15173,3000,141297.741085
-17140,3000,141306.697408
-17173,3000,141315.637398
-13159,3000,141324.63021
-14193,3000,141333.56642
-7139,3000,141342.843532
-20135,3000,141351.579856
-11145,3000,141360.65119
-11153,3000,141369.327279
-14163,3000,141378.10674
-11173,3000,141386.945931
-23175,3000,141396.04303
-19155,3000,141404.875119
-15161,3000,141413.600741
-8161,3000,141422.651045
-14164,3000,141431.596911
-20163,3000,141440.65732
-16169,3000,141449.203564
-18201,3000,141457.775903
-14137,3000,141467.24734
-19185,3000,141475.947886
-15179,3000,141484.410856
-22160,3000,141493.442499
-14145,3000,141502.32405
-15164,3000,141511.223946
-12193,3000,141520.170823
-16181,3000,141528.869847
-18163,3000,141537.405574
-11165,3000,141554.253318
-18158,3000,141563.317229
-12185,3000,141572.491045
-11136,3000,141581.444791
-8175,3000,141590.268942
-13179,3000,141599.227349
-15182,3000,141608.100771
-20160,3000,141617.027958
-15174,3000,141625.593491
-9134,3000,141634.50317
-17176,3000,141643.054886
-17162,3000,141652.109302
-16194,3000,141660.996663
-19110,3000,141670.162653
-18165,3000,141678.990955
-18173,3000,141687.581609
-15143,3000,141697.185185
-18137,3000,141706.081835
-12136,3000,141715.167298
-13149,3000,141724.22017
-21155,3000,141733.152559
-15167,3000,141742.174911
-14133,3000,141751.414495
-22159,3000,141760.226599
-11189,3000,141769.274363
-16168,3000,141777.63211
-11175,3000,141786.470343
-21143,3000,141795.588611
-9168,3000,141804.507102
-11170,3000,141813.135283
-12172,3000,141821.622633
-14186,3000,141830.550227
-12156,3000,141840.002074
-12166,3000,141848.551795
-12150,3000,141857.651451
-14183,3000,141866.39279
-20182,3000,141875.217436
-18145,3000,141884.250395
-15140,3000,141893.208668
-8176,3000,141901.831799
-13151,3000,141911.108031
-14151,3000,141920.470254
-13120,3000,141929.404804
-14152,3000,141938.018668
-13177,3000,141947.032125
-15164,3000,141956.056234
-20177,3000,141965.362904
-19165,3000,141974.30506
-19165,3000,141982.978166
-9168,3000,141991.7715
-18145,3000,142000.742218
-10149,3000,142009.658568
-20142,3000,142018.403983
-10149,3000,142027.270015
-15170,3000,142035.851818
-25142,3000,142045.071707
-15160,3000,142054.017539
-10138,3000,142062.957149
-7166,3000,142071.685106
-12158,3000,142080.58835
-13203,3000,142089.340961
-11165,3000,142098.436506
-21143,3000,142107.490622
-10143,3000,142116.582491
-17162,3000,142125.812667
-18145,3000,142134.918109
-16140,3000,142152.155591
-17181,3000,142161.28019
-12174,3000,142169.970428
-11125,3000,142178.781924
-19151,3000,142187.296077
-16195,3000,142196.18613
-8169,3000,142205.113351
-9163,3000,142214.485848
-21145,3000,142223.514251
-14160,3000,142232.381138
-12148,3000,142241.075965
-15149,3000,142250.025868
-24137,3000,142258.796045
-10183,3000,142267.523457
-14172,3000,142276.005321
-20144,3000,142284.728359
-18180,3000,142294.246912
-10169,3000,142302.9331
-17128,3000,142312.13892
-9188,3000,142321.166543
-15143,3000,142330.109866
-11182,3000,142338.781809
-18140,3000,142347.623057
-14152,3000,142356.376887
-10169,3000,142364.753741
-14173,3000,142373.334028
-11154,3000,142382.151981
-15140,3000,142391.47079
-6135,3000,142400.562039
-28151,3000,142409.539234
-12179,3000,142418.776883
-16154,3000,142427.557943
-13172,3000,142436.262043
-18146,3000,142445.254068
-11183,3000,142453.903129
-16129,3000,142462.88587
-17166,3000,142471.483413
-17128,3000,142480.677117
-11182,3000,142489.320587
-14169,3000,142498.224312
-25186,3000,142507.261946
-18174,3000,142515.764049
-8164,3000,142524.941164
-13150,3000,142533.596784
-8133,3000,142542.551001
-15157,3000,142551.198486
-19169,3000,142560.22369
-12172,3000,142568.983881
-26172,3000,142577.641517
-20155,3000,142586.857361
-17129,3000,142595.992897
-17171,3000,142604.512347
-15185,3000,142613.420401
-17170,3000,142622.191792
-8172,3000,142630.626957
-19159,3000,142639.968911
-5151,3000,142648.923918
-12136,3000,142658.115453
-13150,3000,142667.492522
-12157,3000,142675.885584
-13141,3000,142685.049201
-16192,3000,142693.702553
-13131,3000,142702.802774
-8150,3000,142711.747844
-13172,3000,142720.724813
-13146,3000,142729.657821
-19170,3000,142738.545545
-12148,3000,142755.632945
-21169,3000,142764.740155
-12143,3000,142773.511238
-15186,3000,142782.170923
-20162,3000,142791.008742
-20139,3000,142799.779436
-17166,3000,142808.566278
-15189,3000,142817.81226
-11152,3000,142826.666696
-8126,3000,142835.757197
-15151,3000,142844.749179
-16161,3000,142854.012996
-20153,3000,142863.082479
-17142,3000,142871.919749
-22141,3000,142881.133732
-12166,3000,142890.305086
-11151,3000,142899.456845
-14164,3000,142908.300861
-21175,3000,142916.937023
-15169,3000,142925.703046
-15176,3000,142934.372699
-18154,3000,142943.487331
-12158,3000,142952.541249
-19144,3000,142961.215594
-10176,3000,142969.798946
-13189,3000,142978.307767
-13156,3000,142987.292898
-15211,3000,142995.753734
-11167,3000,143004.71191
-16174,3000,143013.004007
-16165,3000,143021.747821
-15156,3000,143030.817841
-22149,3000,143039.753763
-10179,3000,143048.767503
-11126,3000,143057.645747
-15143,3000,143066.521942
-11157,3000,143075.397994
-12153,3000,143084.825626
-25165,3000,143093.528816
-20163,3000,143102.276157
-12192,3000,143110.964461
-14158,3000,143120.166183
-11160,3000,143128.769651
-15163,3000,143137.324151
-8146,3000,143146.146201
-11176,3000,143154.847097
-16152,3000,143163.618728
-12148,3000,143172.418007
-16161,3000,143181.743858
-14143,3000,143190.671821
-19163,3000,143199.607953
-8185,3000,143208.41989
-19173,3000,143217.667477
-20158,3000,143226.274167
-18179,3000,143235.466417
-16202,3000,143244.40177
-15153,3000,143253.192095
-11178,3000,143262.046929
-22165,3000,143270.964991
-18190,3000,143279.755026
-21154,3000,143288.462682
-14191,3000,143297.440459
-17142,3000,143306.256133
-15165,3000,143315.03835
-14185,3000,143323.920916
-5146,3000,143332.997576
-15149,3000,143341.935725
-16148,3000,143359.059673
-11163,3000,143367.971437
-21157,3000,143376.92982
-16135,3000,143385.914419
-17140,3000,143394.508587
-18171,3000,143403.446877
-11179,3000,143412.711838
-13164,3000,143421.765159
-19151,3000,143431.11747
-12147,3000,143440.176625
-20149,3000,143449.288463
-11177,3000,143458.731704
-13190,3000,143467.410406
-24171,3000,143476.375984
-17153,3000,143485.392989
-16171,3000,143494.413121
-19151,3000,143503.148323
-15158,3000,143512.114047
-22146,3000,143521.105035
-13175,3000,143529.902305
-9149,3000,143538.777292
-11137,3000,143547.995262
-17162,3000,143557.037637
-9182,3000,143565.639314
-11141,3000,143574.751969
-10174,3000,143583.588875
-16151,3000,143592.465358
-9169,3000,143601.006084
-13137,3000,143610.097328
-10167,3000,143618.582276
-13135,3000,143627.557077
-14129,3000,143636.821026
-11142,3000,143645.494802
-19178,3000,143654.64055
-18136,3000,143663.408307
-14154,3000,143672.533626
-21165,3000,143681.438726
-16143,3000,143690.005757
-11173,3000,143698.450848
-11168,3000,143707.589061
-20166,3000,143716.888471
-17175,3000,143726.224305
-14163,3000,143734.969951
-14131,3000,143744.028377
-14154,3000,143753.18277
-9168,3000,143761.970524
-13141,3000,143771.123426
-13168,3000,143779.783949
-14121,3000,143789.007851
-16172,3000,143797.761809
-8145,3000,143806.663666
-16150,3000,143815.288233
-8156,3000,143824.119137
-16173,3000,143833.185707
-15164,3000,143842.25845
-12158,3000,143851.100171
-7132,3000,143860.303753
-12175,3000,143869.025828
-10165,3000,143877.598258
-17129,3000,143886.508824
-16171,3000,143895.834032
-17154,3000,143904.755746
-14128,3000,143913.515739
-20169,3000,143922.320571
-14185,3000,143930.866888
-16165,3000,143939.998502
-14151,3000,143956.907995
-17143,3000,143965.960923
-20138,3000,143975.31124
-17163,3000,143984.40993
-10166,3000,143993.156084
-16148,3000,144002.136001
-17142,3000,144011.115324
-14168,3000,144020.086029
-14176,3000,144029.208699
-11202,3000,144038.129968
-15147,3000,144046.745214
-16175,3000,144055.752367
-17148,3000,144064.59452
-12167,3000,144073.269878
-7166,3000,144082.006089
-10141,3000,144090.649132
-20173,3000,144099.479028
-18126,3000,144108.81875
-17140,3000,144117.566101
-12161,3000,144126.346128
-17159,3000,144135.279067
-10187,3000,144144.582051
-13126,3000,144153.699657
-10153,3000,144162.400454
-14174,3000,144171.206218
-11140,3000,144179.960881
-17145,3000,144189.108769
-10150,3000,144197.733907
-18163,3000,144206.816404
-21123,3000,144216.080338
-16149,3000,144225.204649
-11161,3000,144234.272064
-21168,3000,144242.796301
-12154,3000,144251.638734
-9150,3000,144260.437541
-19155,3000,144269.481432
-15162,3000,144278.364552
-18150,3000,144287.105434
-18151,3000,144295.807709
-6156,3000,144304.44611
-17149,3000,144313.712879
-12167,3000,144322.784906
-14164,3000,144331.358418
-14165,3000,144340.47854
-13178,3000,144349.064188
-20203,3000,144357.814379
-11181,3000,144366.767471
-20148,3000,144375.845548
-19158,3000,144384.821634
-11158,3000,144393.809106
-15189,3000,144402.493704
-14174,3000,144411.419368
-17153,3000,144420.570184
-16168,3000,144429.243795
-15181,3000,144438.349554
-13156,3000,144447.127896
-13166,3000,144455.938099
-12171,3000,144464.645334
-8142,3000,144473.055016
-16153,3000,144481.698951
-24168,3000,144490.43484
-12178,3000,144499.217051
-12140,3000,144508.451459
-14165,3000,144517.684686
-12169,3000,144526.360346
-17189,3000,144535.053987
-14139,3000,144544.124143
-25139,3000,144561.215041
-9171,3000,144569.936496
-17154,3000,144578.538759
-16177,3000,144587.139504
-12193,3000,144595.783411
-9170,3000,144604.620366
-15144,3000,144613.616879
-17159,3000,144622.867225
-13151,3000,144632.087347
-16180,3000,144641.029368
-15179,3000,144649.682597
-15147,3000,144658.372065
-16159,3000,144667.16034
-14167,3000,144675.702801
-15150,3000,144684.849122
-9170,3000,144693.722491
-16171,3000,144702.433915
-20154,3000,144711.774865
-17179,3000,144720.987863
-21148,3000,144730.178973
-20147,3000,144739.291449
-20156,3000,144748.207933
-13142,3000,144757.621232
-18158,3000,144766.593513
-9153,3000,144775.396152
-15177,3000,144783.857929
-8174,3000,144792.538016
-14172,3000,144801.556498
-12151,3000,144810.609499
-13166,3000,144819.188072
-10138,3000,144828.217927
-16147,3000,144837.369157
-14184,3000,144846.474344
-13151,3000,144855.307022
-14154,3000,144864.435223
-20159,3000,144873.490288
-24185,3000,144882.335262
-10175,3000,144891.349981
-18171,3000,144900.100877
-15186,3000,144908.533274
-8157,3000,144917.54817
-20128,3000,144926.633749
-15138,3000,144935.814845
-15159,3000,144944.415394
-18152,3000,144953.316932
-15161,3000,144962.009087
-13163,3000,144970.783489
-13166,3000,144979.809891
-15170,3000,144988.473692
-14160,3000,144997.581179
-13152,3000,145006.64885
-11153,3000,145015.587228
-11133,3000,145025.008305
-17150,3000,145033.991164
-15164,3000,145043.110438
-19154,3000,145052.043653
-17146,3000,145061.120315
-19158,3000,145070.433621
-20138,3000,145079.439847
-19194,3000,145088.204599
-16116,3000,145097.072494
-23142,3000,145105.967847
-21156,3000,145114.996991
-19185,3000,145123.619641
-14182,3000,145132.425302
-18180,3000,145141.225846
-16173,3000,145150.014008
-24166,3000,145167.281593
-14152,3000,145176.125867
-17161,3000,145184.671106
-19182,3000,145193.531343
-13167,3000,145202.36791
-12158,3000,145211.21895
-14159,3000,145220.053205
-8157,3000,145228.932829
-14180,3000,145237.798196
-11154,3000,145246.201159
-17145,3000,145254.989412
-18163,3000,145263.585687
-7148,3000,145272.211544
-9191,3000,145280.613456
-13162,3000,145288.920119
-21138,3000,145297.570734
-19157,3000,145306.143916
-14185,3000,145314.32107
-15199,3000,145322.317934
-16148,3000,145330.609476
-14164,3000,145339.031879
-17186,3000,145347.253046
-20166,3000,145355.49326
-7154,3000,145363.677366
-15167,3000,145371.969512
-15159,3000,145380.670688
-18147,3000,145389.541241
-11172,3000,145397.566403
-18172,3000,145405.903517
-14151,3000,145414.157306
-14147,3000,145422.651856
-12167,3000,145431.197162
-19135,3000,145439.483231
-21163,3000,145447.830226
-13152,3000,145456.06416
-15184,3000,145464.515913
-12182,3000,145472.56628
-21172,3000,145480.985619
-15194,3000,145489.000532
-10161,3000,145497.47019
-11148,3000,145505.778993
-15165,3000,145514.418345
-10147,3000,145522.697309
-17149,3000,145530.915554
-17126,3000,145539.619786
-9163,3000,145547.846583
-16151,3000,145556.20202
-14150,3000,145564.575051
-12156,3000,145572.967165
-15153,3000,145581.534869
-19161,3000,145590.030401
-14151,3000,145598.588446
-11153,3000,145607.263663
-22166,3000,145615.525053
-16159,3000,145624.221159
-16131,3000,145633.051851
-10193,3000,145641.662263
-9149,3000,145650.065093
-20165,3000,145658.579101
-13165,3000,145666.310022
-8161,3000,145675.058113
-12147,3000,145683.275836
-11153,3000,145691.561013
-17121,3000,145699.880091
-22161,3000,145707.935399
-16155,3000,145716.631677
-16159,3000,145732.990321
-13166,3000,145741.668509
-9151,3000,145750.059672
-14161,3000,145758.117084
-12168,3000,145766.274778
-16154,3000,145774.476472
-10142,3000,145783.038921
-14161,3000,145790.854547
-15141,3000,145799.239663
-18158,3000,145807.95901
-14164,3000,145816.197028
-18156,3000,145824.965122
-15162,3000,145833.372613
-20156,3000,145841.441566
-20197,3000,145849.715815
-12146,3000,145858.102008
-14147,3000,145866.706995
-16144,3000,145874.843992
-16161,3000,145883.213947
-17151,3000,145891.809392
-15135,3000,145900.333496
-12197,3000,145908.433322
-8126,3000,145917.043924
-17162,3000,145925.404884
-19190,3000,145933.48227
-13168,3000,145941.613975
-12194,3000,145949.755277
-21179,3000,145957.931024
-11164,3000,145966.422878
-10134,3000,145975.06918
-16149,3000,145983.568353
-13119,3000,145991.74544
-15186,3000,146000.290993
-16158,3000,146008.409002
-14144,3000,146016.679878
-14186,3000,146024.755911
-14143,3000,146033.05723
-18181,3000,146041.551614
-23188,3000,146049.9912
-19147,3000,146058.372515
-11181,3000,146066.563492
-19167,3000,146075.303192
-12170,3000,146083.935781
-13160,3000,146092.221722
-12162,3000,146100.34649
-24168,3000,146108.748207
-18143,3000,146117.773372
-14151,3000,146126.010994
-7143,3000,146134.335763
-9142,3000,146142.746008
-15147,3000,146151.301373
-22153,3000,146159.675804
-10142,3000,146167.831779
-24179,3000,146176.079746
-12142,3000,146184.609946
-14194,3000,146192.800428
-13160,3000,146201.18271
-8184,3000,146209.246152
-13174,3000,146217.50973
-26146,3000,146226.050591
-14171,3000,146234.263725
-12144,3000,146242.842845
-10214,3000,146251.031973
-14167,3000,146259.721859
-16186,3000,146267.863517
-12160,3000,146276.085066
-11170,3000,146284.652636
-8147,3000,146300.312159
-19122,3000,146308.701306
-17164,3000,146316.863729
-17141,3000,146325.135446
-17174,3000,146333.729043
-18202,3000,146341.804723
-18148,3000,146350.614561
-14182,3000,146358.454901
-13153,3000,146367.072716
-11173,3000,146375.593664
-15182,3000,146383.856734
-10172,3000,146392.02586
-15156,3000,146400.318724
-14176,3000,146408.478594
-12168,3000,146416.633494
-26196,3000,146424.906215
-16144,3000,146433.437232
-17155,3000,146441.762179
-16185,3000,146449.962674
-13169,3000,146458.842598
-8149,3000,146467.181804
-11160,3000,146475.543563
-19148,3000,146483.914472
-13138,3000,146492.334424
-19146,3000,146500.654028
-13152,3000,146508.610823
-16168,3000,146516.588054
-12199,3000,146524.773843
-18169,3000,146533.016379
-8143,3000,146541.147104
-15169,3000,146549.174857
-14181,3000,146556.911859
-15124,3000,146565.510214
-13167,3000,146573.819956
-10149,3000,146582.124745
-14161,3000,146590.453594
-15143,3000,146599.183646
-16177,3000,146607.189626
-15155,3000,146615.442321
-16173,3000,146623.963847
-15208,3000,146631.979698
-12146,3000,146640.332884
-14172,3000,146648.45994
-14157,3000,146656.611239
-10185,3000,146665.032716
-16197,3000,146672.977514
-15136,3000,146681.858092
-14123,3000,146690.196829
-12192,3000,146698.080837
-15153,3000,146706.572412
-18163,3000,146714.898798
-13173,3000,146722.767151
-13149,3000,146730.538465
-18203,3000,146738.167516
-10143,3000,146746.759198
-11186,3000,146755.055146
-11170,3000,146763.342783
-13120,3000,146771.857273
-16179,3000,146780.510738
-15142,3000,146788.747852
-16154,3000,146797.283041
-16198,3000,146805.830772
-11182,3000,146814.208527
-14169,3000,146822.60883
-9168,3000,146830.652332
-20177,3000,146839.260036
-18165,3000,146847.805198
-15162,3000,146863.767882
-17171,3000,146871.995641
-12140,3000,146880.792674
-18139,3000,146889.058104
-15174,3000,146897.337658
-14151,3000,146906.026367
-15169,3000,146914.75534
-12185,3000,146922.978872
-16166,3000,146931.280117
-15141,3000,146939.771044
-14180,3000,146948.552124
-12152,3000,146957.022614
-18175,3000,146965.482
-19163,3000,146973.853885
-18140,3000,146982.310267
-8187,3000,146991.129008
-17119,3000,146999.58217
-9149,3000,147007.399795
-7182,3000,147015.37213
-17168,3000,147023.466002
-12188,3000,147031.75378
-10143,3000,147040.396324
-18164,3000,147049.000954
-14118,3000,147057.481166
-12149,3000,147066.240627
-12149,3000,147074.773875
-20174,3000,147083.185503
-19144,3000,147092.388523
-13140,3000,147100.935084
-17176,3000,147109.501699
-12140,3000,147117.951297
-14163,3000,147126.267916
-8137,3000,147134.721873
-19124,3000,147143.245561
-19177,3000,147151.482503
-21143,3000,147160.065001
-14179,3000,147168.323381
-13155,3000,147176.905836
-11150,3000,147185.23959
-7147,3000,147193.419708
-11176,3000,147201.658419
-15172,3000,147209.879056
-9140,3000,147218.299143
-16168,3000,147226.469828
-15198,3000,147234.538875
-11171,3000,147242.967773
-13146,3000,147251.527312
-8155,3000,147259.811758
-21161,3000,147267.871906
-9159,3000,147275.536363
-24180,3000,147283.704877
-13147,3000,147292.219773
-15160,3000,147300.915926
-23149,3000,147309.582319
-13156,3000,147318.21496
-17167,3000,147326.783949
-15146,3000,147335.191402
-6177,3000,147343.636586
-15183,3000,147351.592312
-18175,3000,147360.210305
-15164,3000,147368.155775
-19135,3000,147376.442521
-19137,3000,147385.111588
-10158,3000,147393.286211
-12174,3000,147401.650393
-13144,3000,147410.089464
-13131,3000,147426.440718
-16160,3000,147435.357564
-13144,3000,147443.69958
-8181,3000,147452.078728
-4157,3000,147460.214338
-11172,3000,147468.34833
-20185,3000,147476.855958
-17167,3000,147485.158406
-7154,3000,147493.535306
-8148,3000,147502.039721
-11176,3000,147510.13435
-12149,3000,147518.606437
-20169,3000,147526.813026
-12157,3000,147535.364045
-11166,3000,147543.650199
-11160,3000,147552.099656
-13152,3000,147560.213518
-16168,3000,147569.042043
-8144,3000,147577.514199
-17158,3000,147586.112214
-15157,3000,147594.077045
-17159,3000,147602.565411
-8128,3000,147610.969421
-17129,3000,147619.742984
-25129,3000,147628.159675
-13150,3000,147636.589644
-13178,3000,147644.70808
-20163,3000,147653.05424
-9134,3000,147661.578315
-19166,3000,147670.040179
-11148,3000,147678.307028
-9152,3000,147686.593004
-10146,3000,147695.155701
-11157,3000,147703.512326
-11142,3000,147711.850794
-14153,3000,147720.068208
-10146,3000,147728.432499
-8155,3000,147736.790601
-13169,3000,147745.317757
-18173,3000,147753.469639
-18161,3000,147761.329148
-18177,3000,147769.754997
-17183,3000,147777.988398
-11163,3000,147786.622509
-16184,3000,147794.774145
-23128,3000,147802.84497
-17178,3000,147811.504789
-13166,3000,147819.882745
-12169,3000,147828.167412
-13156,3000,147836.747452
-13176,3000,147845.01853
-21137,3000,147852.92572
-16175,3000,147860.878148
-18159,3000,147869.252011
-9138,3000,147877.373431
-12162,3000,147885.743459
-18164,3000,147894.150121
-15163,3000,147902.792961
-7168,3000,147911.169655
-14147,3000,147919.37677
-13150,3000,147927.553963
-17178,3000,147935.445145
-15165,3000,147943.686638
-12144,3000,147951.723989
-17156,3000,147960.04491
-14150,3000,147968.35819
-16153,3000,147976.63047
-12141,3000,147992.981021
-26170,3000,148001.554208
-15192,3000,148009.770206
-18164,3000,148017.577987
-9153,3000,148025.781634
-13167,3000,148033.974066
-18165,3000,148042.348576
-17146,3000,148051.328892
-15143,3000,148059.911296
-11140,3000,148068.530594
-19146,3000,148077.478164
-14172,3000,148085.337183
-13136,3000,148093.809105
-16175,3000,148102.308869
-21165,3000,148111.269879
-16178,3000,148119.942219
-21154,3000,148127.98386
-15189,3000,148136.430446
-10174,3000,148144.558867
-17176,3000,148152.980822
-18172,3000,148161.325642
-11157,3000,148169.342407
-15194,3000,148177.291188
-18133,3000,148185.723051
-13161,3000,148193.951527
-11161,3000,148202.225104
-12156,3000,148210.887961
-16162,3000,148218.975513
-23164,3000,148227.576946
-11129,3000,148236.153842
-13176,3000,148244.630077
-26183,3000,148252.839564
-5164,3000,148261.397631
-12169,3000,148269.483838
-12163,3000,148277.614053
-15164,3000,148285.874051
-18178,3000,148293.710352
-13176,3000,148301.704708
-15147,3000,148310.29489
-11154,3000,148318.840781
-20148,3000,148327.385157
-20175,3000,148335.950788
-9183,3000,148343.636337
-12159,3000,148351.882576
-16170,3000,148360.24159
-13170,3000,148368.431272
-14143,3000,148377.184891
-15165,3000,148385.204771
-12142,3000,148393.419251
-7143,3000,148401.726155
-9176,3000,148409.508017
-19171,3000,148417.489935
-11164,3000,148425.952181
-8142,3000,148434.45543
-6170,3000,148442.6163
-20144,3000,148450.901853
-17166,3000,148459.16386
-19176,3000,148467.275766
-15129,3000,148475.831819
-18169,3000,148484.524743
-12170,3000,148492.992995
-20161,3000,148501.235327
-22155,3000,148509.841373
-16188,3000,148518.293094
-5133,3000,148526.867094
-15156,3000,148535.756822
-15152,3000,148544.105679
-22162,3000,148559.844621
-12147,3000,148568.515206
-5174,3000,148576.983023
-17181,3000,148584.81091
-17165,3000,148593.086514
-16141,3000,148601.80383
-15198,3000,148610.024092
-15144,3000,148618.353355
-16133,3000,148626.556157
-14176,3000,148634.786698
-17145,3000,148642.780151
-10177,3000,148651.029708
-15139,3000,148659.723003
-16141,3000,148668.187811
-17147,3000,148676.816761
-14129,3000,148685.213511
-12166,3000,148693.736959
-10124,3000,148702.486595
-13146,3000,148710.582316
-18188,3000,148719.028859
-11181,3000,148727.574906
-13166,3000,148735.975201
-17161,3000,148744.297382
-8140,3000,148752.962513
-9158,3000,148761.357693
-8161,3000,148769.625402
-15141,3000,148777.996405
-14150,3000,148786.430627
-8153,3000,148794.635577
-14180,3000,148802.802299
-12158,3000,148811.220383
-16163,3000,148819.361028
-12152,3000,148827.886326
-18173,3000,148836.50214
-13145,3000,148845.468397
-10119,3000,148854.059865
-12180,3000,148862.275672
-13179,3000,148870.689149
-15138,3000,148878.845049
-16150,3000,148887.223217
-12189,3000,148895.730503
-17156,3000,148904.006633
-9164,3000,148912.047049
-12146,3000,148920.637297
-14197,3000,148928.610181
-14153,3000,148936.902774
-14155,3000,148945.310443
-15148,3000,148954.014716
-8144,3000,148962.056938
-18161,3000,148970.689473
-10147,3000,148978.804256
-14162,3000,148986.916134
-20172,3000,148995.549789
-18171,3000,149003.96927
-12149,3000,149012.277403
-15133,3000,149020.573289
-18146,3000,149029.035518
-23185,3000,149037.535622
-7165,3000,149046.00589
-15144,3000,149054.288149
-12170,3000,149062.994753
-14151,3000,149071.770356
-15151,3000,149080.049704
-14166,3000,149088.479995
-18144,3000,149096.611746
-22152,3000,149104.84532
-16169,3000,149120.204813
-12134,3000,149128.481394
-12159,3000,149136.991283
-9164,3000,149145.925553
-17160,3000,149153.874271
-11144,3000,149162.541583
-19142,3000,149171.104128
-19130,3000,149179.551786
-18171,3000,149187.863003
-20163,3000,149195.812877
-9155,3000,149203.900752
-15168,3000,149211.716173
-13168,3000,149219.775243
-20170,3000,149228.142004
-14164,3000,149236.879749
-15169,3000,149245.180429
-14157,3000,149253.427744
-13159,3000,149261.41867
-15109,3000,149270.109567
-10153,3000,149278.420667
-17180,3000,149285.980324
-19151,3000,149294.353323
-17161,3000,149302.756223
-14182,3000,149311.196468
-10191,3000,149319.596407
-9135,3000,149328.19033
-8149,3000,149336.300068
-14158,3000,149344.552754
-14136,3000,149352.819262
-11126,3000,149361.488235
-8162,3000,149369.688534
-13166,3000,149378.121403
-20128,3000,149386.992347
-18167,3000,149395.238126
-16169,3000,149403.585183
-21141,3000,149411.992216
-9146,3000,149420.235626
-20186,3000,149428.621713
-11141,3000,149437.405999
-15176,3000,149445.838781
-18190,3000,149453.950672
-15169,3000,149462.376515
-14152,3000,149470.510911
-12152,3000,149479.045131
-14155,3000,149487.500122
-13170,3000,149495.657274
-15145,3000,149503.925148
-7202,3000,149512.056018
-9148,3000,149520.679695
-8153,3000,149528.840332
-13152,3000,149537.251234
-15156,3000,149545.42474
-20147,3000,149553.975907
-14197,3000,149562.138252
-12136,3000,149570.40494
-19168,3000,149578.481074
-13152,3000,149586.689196
-15135,3000,149594.980602
-14147,3000,149603.338264
-17171,3000,149611.180601
-15196,3000,149619.373935
-13182,3000,149627.898984
-14163,3000,149635.911349
-9148,3000,149644.486481
-12171,3000,149652.777558
-11159,3000,149661.163344
-12154,3000,149669.461138
-13156,3000,149685.320854
-18155,3000,149693.680141
-15155,3000,149701.816336
-15124,3000,149711.038232
-14164,3000,149719.186928
-11156,3000,149727.400279
-8184,3000,149735.153114
-13154,3000,149743.840059
-19155,3000,149752.098048
-18155,3000,149760.341379
-8159,3000,149768.508571
-14141,3000,149776.976265
-14173,3000,149785.869197
-13157,3000,149794.053473
-15148,3000,149802.447099
-17180,3000,149811.052545
-12147,3000,149819.500347
-9174,3000,149828.099034
-12165,3000,149836.541396
-18179,3000,149844.700201
-11139,3000,149852.699463
-13186,3000,149860.982458
-19183,3000,149869.329312
-14131,3000,149877.919658
-18135,3000,149886.607413
-11153,3000,149894.648217
-15164,3000,149902.988866
-19175,3000,149911.331567
-12157,3000,149919.733506
-10159,3000,149927.826517
-11159,3000,149936.355443
-17165,3000,149944.175101
-15179,3000,149952.57613
-14168,3000,149961.232313
-17180,3000,149969.600714
-23176,3000,149977.692925
-13140,3000,149986.268594
-18166,3000,149994.476532
-12123,3000,150002.602853
-21188,3000,150010.723218
-17155,3000,150018.993605
-15176,3000,150026.938794
-13154,3000,150035.694918
-13191,3000,150044.186669
-15177,3000,150052.651195
-23127,3000,150061.085559
-16154,3000,150069.546154
-5155,3000,150077.659161
-17162,3000,150086.077682
-17167,3000,150094.124561
-8151,3000,150102.36987
-7149,3000,150110.140893
-18136,3000,150118.784718
-20150,3000,150127.250566
-12127,3000,150136.257296
-21154,3000,150144.433161
-21181,3000,150152.481502
-15172,3000,150160.762855
-9155,3000,150169.19476
-14162,3000,150177.369074
-16169,3000,150185.74865
-10158,3000,150193.989261
-17153,3000,150202.896434
-12180,3000,150210.805261
-10149,3000,150219.258856
-15187,3000,150227.26392
-8142,3000,150235.727504
-17150,3000,150251.880348
-16142,3000,150259.920741
-16145,3000,150268.511066
-22169,3000,150276.994308
-12110,3000,150285.397461
-15125,3000,150293.591928
-19132,3000,150302.263633
-16159,3000,150310.928836
-16170,3000,150319.107488
-11151,3000,150327.393634
-23180,3000,150335.359673
-18156,3000,150343.901672
-11182,3000,150351.965866
-13149,3000,150360.011777
-22185,3000,150368.232176
-21162,3000,150376.62732
-11137,3000,150385.051046
-14164,3000,150393.751097
-10149,3000,150402.253129
-22158,3000,150410.666035
-16158,3000,150418.921511
-18142,3000,150427.306743
-9146,3000,150435.678213
-16130,3000,150444.403543
-11154,3000,150452.532983
-9181,3000,150460.913094
-14169,3000,150469.461733
-15172,3000,150477.56525
-13171,3000,150486.155014
-17139,3000,150494.568891
-11150,3000,150502.789632
-20153,3000,150511.260842
-12154,3000,150519.802926
-17123,3000,150528.084071
-11176,3000,150535.732623
-17131,3000,150544.021966
-17147,3000,150552.826114
-13146,3000,150560.848951
-16159,3000,150568.928504
-15157,3000,150577.377431
-11196,3000,150585.794867
-13145,3000,150594.204545
-16174,3000,150602.584607
-14185,3000,150610.526364
-9126,3000,150619.179662
-10170,3000,150627.691361
-15138,3000,150636.407073
-15173,3000,150644.689651
-13162,3000,150653.312691
-15148,3000,150661.441217
-16141,3000,150669.881816
-18158,3000,150678.936164
-13142,3000,150687.28826
-13182,3000,150695.646399
-13145,3000,150703.916613
-17150,3000,150712.271106
-7191,3000,150720.612164
-18159,3000,150728.96765
-11148,3000,150736.919708
-15144,3000,150745.109683
-11150,3000,150753.392476
-16167,3000,150761.788653
-15128,3000,150770.150009
-15162,3000,150778.741003
-4136,3000,150787.366611
-17154,3000,150795.97294
-17174,3000,150811.498808
-20159,3000,150819.941226
-10175,3000,150828.210216
-22181,3000,150836.197674
-14150,3000,150845.28283
-16153,3000,150853.746459
-13154,3000,150862.198483
-11177,3000,150870.595124
-14132,3000,150878.956074
-17126,3000,150887.078442
-19153,3000,150895.377308
-14184,3000,150903.562311
-11145,3000,150911.871552
-13161,3000,150920.164886
-23138,3000,150928.668307
-18141,3000,150936.794024
-15150,3000,150945.551999
-11131,3000,150953.951782
-23124,3000,150962.805417
-16188,3000,150970.708516
-19149,3000,150978.91935
-5178,3000,150987.108137
-13128,3000,150995.497274
-11168,3000,151003.913738
-12140,3000,151012.290809
-15159,3000,151020.466402
-19140,3000,151029.086661
-15181,3000,151037.444566
-26166,3000,151045.796056
-17166,3000,151053.727124
-17148,3000,151062.181299
-16160,3000,151070.269715
-7154,3000,151078.004874
-15163,3000,151085.764028
-17144,3000,151093.544013
-14139,3000,151101.425575
-19171,3000,151109.622599
-20116,3000,151117.501969
-19166,3000,151125.549233
-9146,3000,151133.526521
-12155,3000,151141.284627
-22204,3000,151148.987339
-18157,3000,151156.65171
-15173,3000,151164.068415
-14123,3000,151171.706689
-7170,3000,151179.143117
-17139,3000,151186.82751
-9160,3000,151194.722524
-8128,3000,151202.834588
-12161,3000,151210.499002
-12157,3000,151218.139441
-14159,3000,151225.982635
-14149,3000,151234.0908
-16166,3000,151241.783992
-13153,3000,151249.854654
-16149,3000,151257.586452
-13176,3000,151265.140906
-14134,3000,151273.071685
-13182,3000,151281.253076
-24194,3000,151288.930973
-16158,3000,151296.709019
-12141,3000,151304.413867
-18139,3000,151312.672197
-18184,3000,151320.297498
-10169,3000,151328.127679
-12163,3000,151335.945971
-12156,3000,151343.590584
-9141,3000,151358.356801
-15170,3000,151366.192731
-18130,3000,151374.214589
-15159,3000,151382.081714
-17163,3000,151390.238621
-16131,3000,151398.112129
-11162,3000,151405.811093
-6164,3000,151413.50861
-12142,3000,151421.831519
-13164,3000,151429.963912
-12108,3000,151438.155361
-17183,3000,151445.966249
-18153,3000,151453.694572
-14159,3000,151461.578413
-15143,3000,151469.282632
-16153,3000,151476.910438
-6162,3000,151484.396307
-8151,3000,151491.997043
-20125,3000,151499.748377
-16151,3000,151507.578063
-12142,3000,151515.125746
-14151,3000,151523.195346
-15161,3000,151531.165906
-16138,3000,151539.260845
-17153,3000,151546.855907
-19184,3000,151554.409754
-15162,3000,151562.172585
-16170,3000,151569.993317
-9150,3000,151577.759384
-13139,3000,151585.875189
-14129,3000,151593.643525
-17185,3000,151601.619832
-20173,3000,151609.466422
-11196,3000,151616.948459
-14170,3000,151624.831892
-16163,3000,151632.64483
-12165,3000,151640.552733
-12181,3000,151648.310378
-12165,3000,151656.089071
-16149,3000,151663.930623
-15181,3000,151671.697204
-11158,3000,151679.570827
-17166,3000,151687.271276
-15144,3000,151694.805737
-8150,3000,151702.75447
-15157,3000,151710.661032
-11158,3000,151718.468024
-18180,3000,151726.136426
-9177,3000,151733.927142
-12153,3000,151742.140263
-13180,3000,151750.031664
-10171,3000,151757.875093
-14182,3000,151766.209082
-14141,3000,151774.547107
-15167,3000,151782.03559
-17154,3000,151790.250004
-12167,3000,151797.835329
-12147,3000,151805.736652
-10184,3000,151813.384436
-14144,3000,151821.150255
-8148,3000,151828.950395
-6173,3000,151836.549297
-12118,3000,151844.432352
-16150,3000,151852.162437
-11176,3000,151859.950457
-19125,3000,151867.776816
-15161,3000,151875.665716
-9163,3000,151890.436219
-15170,3000,151897.638849
-14150,3000,151905.318963
-19149,3000,151913.414489
-18135,3000,151921.635523
-11114,3000,151929.713026
-20164,3000,151937.261228
-17149,3000,151944.930933
-13168,3000,151952.782296
-19148,3000,151961.086694
-10168,3000,151968.747707
-7129,3000,151977.026172
-19138,3000,151984.877879
-13195,3000,151992.472902
-13145,3000,152000.412344
-10175,3000,152008.771558
-15179,3000,152016.549998
-15166,3000,152024.58225
-21163,3000,152032.343827
-15165,3000,152040.032712
-14146,3000,152048.398913
-17148,3000,152057.094685
-18167,3000,152064.853111
-9175,3000,152072.381325
-18181,3000,152080.106621
-10154,3000,152087.769786
-14187,3000,152095.242928
-15151,3000,152103.146084
-11159,3000,152111.141383
-4152,3000,152118.623979
-12123,3000,152126.79113
-14165,3000,152134.436731
-14163,3000,152142.296669
-13160,3000,152149.722543
-16146,3000,152157.547729
-21152,3000,152165.630632
-12149,3000,152173.481714
-13185,3000,152181.311628
-16154,3000,152189.195907
-11168,3000,152196.974973
-10139,3000,152205.171788
-16161,3000,152213.267226
-11174,3000,152220.773678
-8154,3000,152228.372572
-12169,3000,152236.256879
-20173,3000,152244.300482
-16157,3000,152252.435816
-13177,3000,152260.07278
-27169,3000,152268.101409
-16178,3000,152275.723666
-15157,3000,152283.764102
-21164,3000,152291.699699
-12152,3000,152299.629751
-17153,3000,152307.660833
-8171,3000,152315.315251
-12127,3000,152323.330812
-11147,3000,152331.25918
-19168,3000,152338.997115
-13147,3000,152346.639646
-14147,3000,152354.434371
-21185,3000,152362.50029
-16159,3000,152369.929948
-22146,3000,152377.884001
-13183,3000,152385.590974
-16154,3000,152393.276381
-11180,3000,152400.931051
-17151,3000,152416.005721
-10166,3000,152423.880715
-14151,3000,152431.789711
-18159,3000,152439.523839
-19166,3000,152447.159081
-17145,3000,152454.447522
-19145,3000,152462.17697
-15170,3000,152470.061189
-15146,3000,152477.987372
-16170,3000,152485.945433
-11174,3000,152493.846129
-13136,3000,152501.76985
-10156,3000,152509.578614
-13191,3000,152517.436716
-22156,3000,152525.413647
-11147,3000,152533.212736
-14177,3000,152541.031016
-13164,3000,152548.954229
-23171,3000,152556.768938
-9146,3000,152564.535538
-28173,3000,152572.415454
-15174,3000,152580.190025
-12170,3000,152588.035301
-10192,3000,152595.964295
-21170,3000,152603.926509
-10129,3000,152611.852782
-21136,3000,152619.949174
-25168,3000,152627.703458
-14162,3000,152635.184449
-12167,3000,152642.982264
-11168,3000,152650.59239
-18151,3000,152658.28559
-10184,3000,152666.060521
-18163,3000,152673.700127
-15164,3000,152681.379616
-11150,3000,152689.295142
-12172,3000,152697.081708
-22170,3000,152705.117022
-20135,3000,152713.255341
-8138,3000,152721.330045
-17158,3000,152729.103775
-21156,3000,152737.098253
-12146,3000,152745.256299
-25158,3000,152752.762089
-21166,3000,152760.61425
-10148,3000,152768.394215
-13160,3000,152776.268828
-7118,3000,152784.331217
-16164,3000,152792.379754
-12155,3000,152800.074924
-18170,3000,152807.620636
-15143,3000,152815.553649
-14154,3000,152823.315469
-19141,3000,152831.253243
-10157,3000,152839.069621
-14156,3000,152846.623033
-15168,3000,152854.676581
-14176,3000,152862.444874
-20165,3000,152870.467641
-10174,3000,152878.515386
-14180,3000,152886.266985
-22157,3000,152894.083228
-14147,3000,152902.244498
-12162,3000,152910.428046
-23145,3000,152918.616169
-10161,3000,152926.184687
-13192,3000,152934.095589
887,3000,152951.617064
861,3000,152958.58683
835,3000,152965.517162
875,3000,152972.648484
823,3000,152979.802426
