---> Week : 0
--> Day : 0
-> Request 0
17
(4, 3, 1)
3
(43, 11)
-> Request 1
83
(2, 1, 1)
3
(25, 44)
-> Request 2
129
(2, 2, 2)
3
(16, 54)
-> Request 3
129
(3, 2, 2)
3
(16, 60)
-> Request 4
190
(3, 3, 1)
1
(78, 38)
-> Request 5
190
(2, 2, 2)
3
(57, 13)
-> Request 6
197
(2, 1, 1)
2
(62, 26)
-> Request 7
211
(4, 3, 2)
1
(59, 66)
-> Request 8
254
(4, 3, 2)
1
(78, 48)
-> Request 9
280
(2, 1, 2)
1
(50, 0)
-> Request 10
348
(1, 1, 2)
3
(62, 37)
-> Request 11
349
(3, 1, 1)
3
(55, 42)
-> Request 12
366
(4, 1, 2)
1
(25, 59)
-> Request 13
410
(3, 3, 1)
3
(29, 19)
-> Request 14
434
(3, 2, 1)
1
(20, 74)
-> Request 15
448
(4, 3, 2)
1
(45, 46)
-> Request 16
475
(3, 2, 1)
3
(28, 67)
-> Request 17
505
(2, 1, 1)
1
(50, 58)
-> Request 18
544
(4, 2, 2)
2
(68, 72)
-> Request 19
545
(2, 2, 2)
3
(14, 2)
-> Request 20
546
(4, 1, 2)
1
(9, 27)
-> Request 21
558
(2, 2, 2)
1
(48, 57)
-> Request 22
592
(2, 1, 1)
3
(24, 41)
-> Request 23
598
(3, 2, 1)
3
(71, 26)
-> Request 24
600
(1, 3, 2)
1
(40, 40)
-> Request 25
623
(2, 1, 1)
1
(21, 43)
-> Request 26
680
(4, 2, 2)
3
(66, 9)
-> Request 27
704
(2, 3, 1)
1
(79, 52)
-> Request 28
718
(1, 2, 1)
1
(56, 6)
-> Request 29
720
(4, 1, 1)
3
(0, 51)
-> Request 30
729
(3, 1, 1)
1
(52, 12)
-> Request 31
734
(3, 2, 2)
3
(18, 53)
-> Request 32
747
(3, 2, 2)
3
(74, 10)
-> Request 33
756
(4, 2, 2)
1
(44, 29)
-> Request 34
774
(1, 3, 1)
1
(13, 19)
-> Request 35
805
(3, 3, 1)
3
(78, 60)
-> Request 36
829
(4, 2, 2)
2
(34, 22)
-> Request 37
847
(1, 3, 2)
3
(47, 32)
-> Request 38
889
(4, 1, 2)
3
(36, 38)
-> Request 39
933
(1, 1, 1)
3
(45, 60)
-> Request 40
959
(4, 1, 2)
3
(37, 50)
-> Request 41
963
(4, 2, 1)
1
(29, 52)
-> Request 42
1026
(2, 3, 2)
2
(66, 43)
-> Request 43
1037
(2, 2, 2)
1
(6, 40)
-> Request 44
1047
(4, 2, 1)
3
(21, 1)
-> Request 45
1049
(1, 2, 1)
2
(6, 60)
-> Request 46
1066
(4, 2, 2)
3
(24, 36)
-> Request 47
1161
(4, 1, 2)
2
(71, 43)
-> Request 48
1165
(3, 2, 1)
1
(34, 47)
-> Request 49
1195
(2, 1, 2)
1
(52, 4)
-> Request 50
1290
(2, 1, 1)
3
(58, 63)
-> Request 51
1338
(3, 2, 2)
2
(72, 63)
-> Request 52
1356
(2, 2, 1)
2
(76, 20)
-> Request 53
1408
(1, 1, 1)
2
(40, 62)
-> Request 54
1411
(2, 3, 1)
2
(8, 78)
--> Day : 1
-> Request 0
75
(1, 3, 2)
2
(61, 45)
-> Request 1
111
(3, 2, 2)
2
(41, 57)
-> Request 2
111
(2, 2, 1)
2
(64, 73)
-> Request 3
145
(1, 2, 1)
2
(54, 26)
-> Request 4
180
(4, 3, 2)
2
(4, 74)
-> Request 5
202
(1, 3, 2)
1
(64, 49)
-> Request 6
215
(2, 1, 1)
1
(31, 25)
-> Request 7
271
(2, 2, 1)
2
(7, 68)
-> Request 8
299
(1, 2, 2)
3
(57, 23)
-> Request 9
334
(4, 1, 1)
3
(64, 26)
-> Request 10
356
(2, 3, 2)
2
(21, 69)
-> Request 11
396
(4, 3, 1)
1
(46, 73)
-> Request 12
397
(2, 3, 2)
1
(63, 27)
-> Request 13
397
(1, 2, 2)
3
(59, 17)
-> Request 14
432
(4, 3, 2)
1
(47, 7)
-> Request 15
435
(2, 2, 2)
2
(7, 40)
-> Request 16
445
(2, 1, 2)
3
(9, 68)
-> Request 17
486
(1, 1, 1)
3
(32, 72)
-> Request 18
506
(3, 3, 1)
2
(57, 36)
-> Request 19
552
(3, 2, 2)
3
(61, 14)
-> Request 20
563
(3, 1, 2)
1
(41, 8)
-> Request 21
593
(2, 1, 2)
1
(20, 47)
-> Request 22
650
(2, 1, 2)
1
(25, 66)
-> Request 23
652
(4, 3, 1)
2
(46, 60)
-> Request 24
652
(2, 1, 2)
3
(49, 22)
-> Request 25
698
(1, 2, 1)
1
(36, 41)
-> Request 26
703
(2, 2, 1)
2
(40, 56)
-> Request 27
720
(2, 3, 2)
1
(37, 78)
-> Request 28
742
(3, 2, 2)
3
(29, 77)
-> Request 29
767
(4, 3, 2)
3
(1, 6)
-> Request 30
798
(2, 3, 1)
2
(64, 69)
-> Request 31
798
(3, 3, 2)
3
(68, 38)
-> Request 32
830
(4, 3, 2)
2
(11, 63)
-> Request 33
835
(4, 1, 2)
3
(44, 46)
-> Request 34
863
(3, 1, 1)
1
(44, 16)
-> Request 35
933
(2, 1, 1)
3
(21, 20)
-> Request 36
945
(3, 1, 2)
2
(66, 57)
-> Request 37
949
(3, 1, 1)
3
(60, 64)
-> Request 38
978
(2, 3, 1)
3
(76, 56)
-> Request 39
980
(1, 1, 2)
2
(14, 16)
-> Request 40
988
(2, 1, 2)
3
(2, 22)
-> Request 41
1068
(1, 1, 2)
1
(5, 44)
-> Request 42
1070
(3, 2, 1)
3
(59, 63)
-> Request 43
1104
(1, 3, 2)
2
(23, 21)
-> Request 44
1160
(1, 2, 2)
1
(31, 72)
-> Request 45
1175
(3, 1, 2)
2
(58, 48)
-> Request 46
1176
(2, 1, 1)
1
(65, 48)
-> Request 47
1216
(1, 2, 1)
3
(19, 63)
-> Request 48
1229
(2, 2, 1)
1
(46, 26)
-> Request 49
1264
(3, 1, 2)
1
(46, 27)
-> Request 50
1270
(1, 2, 2)
3
(46, 57)
-> Request 51
1284
(3, 1, 2)
2
(41, 7)
-> Request 52
1345
(4, 2, 2)
2
(32, 65)
-> Request 53
1376
(1, 2, 1)
2
(59, 3)
-> Request 54
1385
(3, 2, 2)
1
(52, 17)
-> Request 55
1386
(1, 3, 2)
2
(24, 42)
-> Request 56
1420
(1, 2, 1)
2
(47, 79)
-> Request 57
1422
(4, 1, 1)
1
(20, 32)
-> Request 58
1433
(1, 2, 1)
3
(56, 6)
-> Request 59
1438
(4, 2, 2)
1
(45, 20)
--> Day : 2
-> Request 0
16
(1, 3, 2)
3
(20, 19)
-> Request 1
19
(2, 3, 1)
3
(1, 24)
-> Request 2
98
(2, 2, 1)
2
(0, 22)
-> Request 3
117
(2, 2, 2)
1
(19, 47)
-> Request 4
131
(4, 2, 1)
3
(75, 73)
-> Request 5
161
(4, 1, 1)
1
(61, 10)
-> Request 6
186
(4, 2, 2)
2
(14, 12)
-> Request 7
197
(2, 2, 1)
2
(60, 69)
-> Request 8
255
(1, 1, 1)
3
(14, 17)
-> Request 9
306
(2, 1, 1)
1
(5, 46)
-> Request 10
323
(4, 1, 2)
3
(3, 45)
-> Request 11
331
(2, 3, 1)
1
(1, 74)
-> Request 12
369
(3, 3, 1)
2
(30, 48)
-> Request 13
369
(3, 1, 2)
1
(72, 20)
-> Request 14
517
(2, 3, 1)
2
(63, 35)
-> Request 15
518
(3, 2, 2)
3
(20, 64)
-> Request 16
574
(3, 3, 2)
1
(7, 15)
-> Request 17
587
(4, 1, 2)
3
(61, 7)
-> Request 18
636
(4, 3, 1)
3
(21, 11)
-> Request 19
680
(4, 2, 2)
2
(39, 61)
-> Request 20
680
(1, 1, 1)
1
(16, 75)
-> Request 21
686
(4, 3, 1)
3
(50, 0)
-> Request 22
689
(1, 3, 1)
3
(64, 41)
-> Request 23
707
(2, 3, 2)
2
(36, 7)
-> Request 24
795
(3, 1, 1)
3
(13, 59)
-> Request 25
799
(1, 3, 1)
1
(73, 58)
-> Request 26
806
(1, 1, 1)
3
(3, 39)
-> Request 27
814
(4, 1, 2)
2
(28, 11)
-> Request 28
826
(1, 2, 2)
1
(47, 4)
-> Request 29
838
(1, 3, 2)
1
(41, 0)
-> Request 30
879
(1, 2, 2)
2
(36, 51)
-> Request 31
896
(2, 1, 2)
2
(46, 71)
-> Request 32
908
(1, 2, 2)
3
(1, 75)
-> Request 33
912
(1, 1, 2)
3
(23, 23)
-> Request 34
922
(1, 3, 2)
2
(29, 68)
-> Request 35
1088
(4, 3, 2)
2
(54, 69)
-> Request 36
1088
(1, 3, 2)
2
(25, 47)
-> Request 37
1088
(4, 2, 2)
1
(79, 29)
-> Request 38
1097
(3, 1, 2)
3
(40, 71)
-> Request 39
1143
(1, 3, 2)
3
(9, 42)
-> Request 40
1172
(3, 2, 2)
3
(17, 22)
-> Request 41
1191
(2, 2, 2)
2
(60, 3)
-> Request 42
1202
(3, 3, 1)
1
(65, 52)
-> Request 43
1248
(4, 1, 1)
3
(25, 28)
-> Request 44
1260
(1, 2, 2)
3
(68, 32)
-> Request 45
1346
(4, 2, 1)
1
(33, 24)
-> Request 46
1357
(1, 3, 1)
1
(11, 57)
--> Day : 3
-> Request 0
10
(1, 2, 2)
1
(47, 38)
-> Request 1
29
(4, 3, 1)
1
(20, 56)
-> Request 2
109
(1, 1, 1)
1
(40, 40)
-> Request 3
133
(3, 2, 2)
2
(68, 25)
-> Request 4
143
(2, 3, 1)
2
(54, 16)
-> Request 5
204
(3, 2, 2)
3
(57, 11)
-> Request 6
250
(3, 1, 2)
3
(66, 78)
-> Request 7
342
(4, 2, 1)
2
(4, 63)
-> Request 8
344
(4, 3, 2)
1
(49, 11)
-> Request 9
386
(2, 3, 1)
1
(48, 59)
-> Request 10
415
(1, 1, 2)
1
(56, 67)
-> Request 11
420
(1, 2, 1)
3
(79, 51)
-> Request 12
450
(4, 2, 1)
2
(60, 16)
-> Request 13
486
(2, 2, 2)
2
(77, 1)
-> Request 14
488
(2, 1, 1)
1
(58, 23)
-> Request 15
491
(2, 2, 2)
1
(34, 22)
-> Request 16
494
(1, 1, 2)
1
(11, 61)
-> Request 17
514
(3, 2, 1)
1
(72, 19)
-> Request 18
525
(1, 2, 2)
2
(50, 54)
-> Request 19
527
(4, 2, 2)
2
(55, 32)
-> Request 20
634
(2, 2, 2)
1
(30, 38)
-> Request 21
646
(3, 1, 1)
3
(72, 7)
-> Request 22
664
(2, 3, 2)
2
(49, 71)
-> Request 23
665
(3, 3, 1)
3
(55, 12)
-> Request 24
704
(4, 2, 2)
3
(55, 79)
-> Request 25
718
(4, 2, 2)
2
(17, 42)
-> Request 26
744
(2, 1, 1)
1
(48, 28)
-> Request 27
795
(3, 2, 2)
1
(51, 29)
-> Request 28
797
(3, 3, 1)
2
(65, 51)
-> Request 29
831
(2, 2, 1)
1
(0, 79)
-> Request 30
844
(4, 3, 1)
2
(65, 62)
-> Request 31
871
(2, 2, 2)
1
(18, 31)
-> Request 32
871
(2, 2, 2)
3
(3, 47)
-> Request 33
872
(1, 2, 2)
2
(56, 6)
-> Request 34
885
(1, 2, 1)
2
(74, 51)
-> Request 35
950
(2, 3, 1)
2
(58, 52)
-> Request 36
1007
(1, 2, 1)
3
(18, 35)
-> Request 37
1016
(2, 1, 2)
2
(0, 55)
-> Request 38
1053
(3, 1, 2)
3
(13, 55)
-> Request 39
1072
(3, 2, 1)
3
(57, 12)
-> Request 40
1082
(4, 3, 1)
3
(40, 52)
-> Request 41
1099
(3, 3, 1)
1
(44, 38)
-> Request 42
1118
(3, 1, 1)
2
(24, 68)
-> Request 43
1140
(2, 1, 1)
3
(25, 54)
-> Request 44
1145
(4, 1, 2)
1
(53, 77)
-> Request 45
1150
(4, 3, 1)
3
(71, 77)
-> Request 46
1170
(4, 2, 1)
2
(77, 45)
-> Request 47
1188
(2, 1, 1)
3
(69, 5)
-> Request 48
1208
(2, 3, 1)
1
(47, 33)
-> Request 49
1233
(4, 1, 2)
2
(37, 47)
-> Request 50
1243
(3, 1, 2)
1
(78, 71)
-> Request 51
1243
(3, 3, 2)
1
(48, 20)
-> Request 52
1259
(4, 2, 2)
3
(70, 68)
-> Request 53
1262
(3, 2, 1)
3
(30, 43)
-> Request 54
1316
(2, 1, 2)
3
(24, 64)
-> Request 55
1324
(4, 2, 1)
2
(59, 3)
-> Request 56
1336
(1, 2, 1)
3
(41, 55)
-> Request 57
1409
(3, 1, 1)
2
(69, 58)
-> Request 58
1429
(4, 2, 1)
1
(18, 19)
--> Day : 4
-> Request 0
7
(3, 2, 2)
3
(44, 38)
-> Request 1
19
(4, 3, 1)
3
(54, 29)
-> Request 2
31
(2, 1, 1)
1
(68, 8)
-> Request 3
32
(2, 2, 2)
2
(46, 5)
-> Request 4
63
(4, 2, 1)
1
(40, 52)
-> Request 5
106
(4, 3, 2)
1
(33, 70)
-> Request 6
114
(1, 1, 2)
3
(4, 21)
-> Request 7
202
(3, 2, 2)
2
(48, 26)
-> Request 8
218
(3, 1, 1)
2
(79, 35)
-> Request 9
247
(2, 3, 1)
3
(15, 70)
-> Request 10
248
(2, 3, 2)
2
(41, 51)
-> Request 11
296
(1, 3, 2)
2
(74, 60)
-> Request 12
323
(1, 2, 1)
3
(44, 7)
-> Request 13
336
(4, 2, 1)
2
(16, 78)
-> Request 14
343
(2, 1, 2)
2
(64, 4)
-> Request 15
359
(3, 1, 2)
2
(78, 39)
-> Request 16
360
(1, 1, 1)
2
(16, 63)
-> Request 17
375
(4, 1, 1)
1
(26, 27)
-> Request 18
395
(2, 3, 1)
2
(26, 29)
-> Request 19
398
(2, 3, 1)
1
(27, 36)
-> Request 20
423
(4, 1, 2)
1
(25, 3)
-> Request 21
444
(1, 1, 1)
2
(21, 16)
-> Request 22
465
(3, 3, 1)
1
(9, 43)
-> Request 23
491
(3, 3, 1)
1
(74, 69)
-> Request 24
497
(4, 1, 2)
2
(16, 44)
-> Request 25
531
(1, 3, 2)
3
(10, 49)
-> Request 26
538
(4, 3, 2)
2
(25, 40)
-> Request 27
565
(2, 2, 1)
1
(59, 28)
-> Request 28
590
(3, 2, 2)
3
(20, 50)
-> Request 29
592
(3, 2, 1)
3
(63, 51)
-> Request 30
615
(1, 2, 1)
3
(30, 23)
-> Request 31
622
(3, 2, 2)
1
(22, 50)
-> Request 32
625
(4, 3, 1)
2
(52, 30)
-> Request 33
660
(3, 1, 2)
3
(50, 69)
-> Request 34
666
(2, 3, 2)
2
(62, 4)
-> Request 35
696
(4, 2, 2)
3
(76, 40)
-> Request 36
740
(2, 3, 1)
2
(78, 49)
-> Request 37
745
(3, 3, 2)
2
(57, 54)
-> Request 38
767
(4, 3, 2)
3
(29, 41)
-> Request 39
770
(1, 1, 1)
1
(11, 33)
-> Request 40
782
(1, 1, 2)
3
(50, 51)
-> Request 41
821
(4, 3, 2)
2
(28, 2)
-> Request 42
821
(3, 1, 1)
3
(66, 75)
-> Request 43
864
(2, 1, 2)
3
(16, 8)
-> Request 44
906
(2, 1, 1)
3
(28, 9)
-> Request 45
933
(4, 2, 1)
3
(36, 32)
-> Request 46
957
(3, 2, 2)
3
(46, 66)
-> Request 47
963
(4, 2, 1)
2
(53, 19)
-> Request 48
1068
(2, 3, 2)
2
(34, 17)
-> Request 49
1070
(2, 2, 2)
3
(22, 29)
-> Request 50
1082
(3, 2, 2)
3
(42, 75)
-> Request 51
1095
(1, 2, 2)
1
(9, 3)
-> Request 52
1119
(3, 2, 1)
3
(3, 66)
-> Request 53
1120
(1, 3, 1)
3
(7, 55)
-> Request 54
1157
(1, 2, 1)
2
(14, 53)
-> Request 55
1158
(1, 1, 1)
2
(62, 16)
-> Request 56
1165
(1, 2, 2)
1
(2, 34)
-> Request 57
1201
(2, 2, 1)
3
(21, 26)
-> Request 58
1214
(4, 2, 2)
1
(21, 33)
-> Request 59
1226
(1, 2, 2)
2
(50, 40)
-> Request 60
1245
(1, 3, 2)
1
(44, 62)
-> Request 61
1333
(1, 2, 2)
1
(62, 35)
-> Request 62
1357
(2, 2, 2)
2
(29, 22)
-> Request 63
1368
(2, 3, 1)
1
(38, 23)
-> Request 64
1405
(1, 1, 1)
2
(66, 63)
-> Request 65
1413
(1, 3, 1)
3
(62, 38)
-> Request 66
1419
(3, 2, 1)
1
(34, 37)
-> Request 67
1423
(2, 1, 2)
1
(16, 71)
-> Request 68
1425
(3, 3, 1)
1
(1, 69)
---> Week : 1
--> Day : 0
-> Request 0
74
(3, 2, 1)
3
(75, 1)
-> Request 1
81
(4, 2, 1)
1
(22, 12)
-> Request 2
83
(1, 3, 2)
3
(62, 21)
-> Request 3
98
(3, 1, 2)
1
(40, 52)
-> Request 4
141
(2, 2, 1)
1
(40, 41)
-> Request 5
198
(4, 1, 2)
1
(19, 42)
-> Request 6
205
(3, 2, 1)
1
(21, 75)
-> Request 7
216
(4, 3, 2)
1
(72, 19)
-> Request 8
339
(1, 2, 2)
1
(44, 22)
-> Request 9
413
(3, 1, 1)
1
(7, 12)
-> Request 10
453
(4, 3, 1)
3
(52, 17)
-> Request 11
529
(1, 2, 1)
1
(52, 9)
-> Request 12
535
(4, 1, 2)
3
(2, 43)
-> Request 13
561
(1, 2, 2)
1
(30, 32)
-> Request 14
566
(4, 1, 1)
2
(37, 77)
-> Request 15
587
(1, 1, 2)
2
(63, 59)
-> Request 16
594
(1, 3, 1)
3
(71, 57)
-> Request 17
627
(1, 3, 2)
1
(78, 6)
-> Request 18
740
(4, 2, 1)
3
(39, 51)
-> Request 19
760
(3, 2, 1)
2
(23, 63)
-> Request 20
781
(1, 3, 2)
2
(64, 49)
-> Request 21
784
(4, 3, 1)
1
(79, 51)
-> Request 22
784
(4, 3, 1)
1
(3, 19)
-> Request 23
865
(3, 3, 2)
1
(68, 6)
-> Request 24
878
(1, 3, 2)
2
(76, 77)
-> Request 25
887
(2, 3, 2)
1
(22, 59)
-> Request 26
917
(1, 2, 1)
2
(51, 21)
-> Request 27
926
(2, 1, 1)
2
(7, 27)
-> Request 28
930
(4, 1, 2)
3
(28, 28)
-> Request 29
931
(4, 2, 2)
3
(43, 27)
-> Request 30
931
(1, 3, 2)
1
(50, 9)
-> Request 31
950
(3, 2, 1)
2
(21, 63)
-> Request 32
1029
(3, 2, 1)
1
(75, 52)
-> Request 33
1029
(1, 2, 1)
2
(44, 19)
-> Request 34
1048
(4, 2, 2)
2
(0, 1)
-> Request 35
1073
(2, 3, 2)
2
(26, 30)
-> Request 36
1094
(2, 3, 2)
3
(3, 13)
-> Request 37
1096
(1, 1, 1)
2
(45, 44)
-> Request 38
1098
(2, 1, 1)
3
(5, 24)
-> Request 39
1098
(2, 3, 1)
3
(58, 11)
-> Request 40
1104
(1, 1, 2)
2
(22, 25)
-> Request 41
1134
(3, 1, 1)
2
(73, 30)
-> Request 42
1135
(4, 3, 2)
3
(42, 30)
-> Request 43
1175
(1, 1, 2)
1
(72, 17)
-> Request 44
1176
(4, 2, 1)
3
(28, 6)
-> Request 45
1200
(1, 2, 1)
2
(26, 40)
-> Request 46
1257
(3, 3, 2)
3
(37, 25)
-> Request 47
1263
(4, 2, 1)
2
(31, 32)
-> Request 48
1290
(4, 3, 1)
2
(52, 62)
-> Request 49
1312
(4, 2, 2)
2
(25, 23)
-> Request 50
1315
(1, 3, 1)
3
(24, 30)
-> Request 51
1323
(2, 2, 1)
3
(28, 69)
-> Request 52
1342
(3, 2, 1)
3
(42, 40)
-> Request 53
1371
(4, 2, 2)
3
(30, 78)
-> Request 54
1419
(3, 3, 1)
1
(48, 9)
-> Request 55
1435
(3, 2, 1)
2
(76, 0)
--> Day : 1
-> Request 0
9
(4, 3, 1)
1
(53, 44)
-> Request 1
19
(1, 3, 1)
2
(44, 47)
-> Request 2
28
(2, 2, 2)
3
(75, 57)
-> Request 3
38
(4, 1, 2)
1
(67, 5)
-> Request 4
83
(1, 3, 2)
1
(70, 53)
-> Request 5
127
(1, 3, 1)
3
(1, 45)
-> Request 6
144
(1, 2, 2)
2
(16, 14)
-> Request 7
182
(3, 2, 1)
3
(35, 53)
-> Request 8
199
(3, 3, 1)
3
(60, 52)
-> Request 9
243
(1, 2, 1)
1
(24, 68)
-> Request 10
249
(1, 3, 1)
2
(0, 78)
-> Request 11
266
(2, 2, 2)
3
(50, 23)
-> Request 12
290
(4, 3, 1)
3
(45, 59)
-> Request 13
359
(3, 1, 2)
1
(50, 22)
-> Request 14
424
(4, 1, 1)
3
(50, 28)
-> Request 15
427
(2, 2, 1)
2
(28, 3)
-> Request 16
442
(1, 3, 1)
3
(76, 36)
-> Request 17
520
(1, 1, 2)
1
(47, 25)
-> Request 18
556
(1, 2, 1)
3
(31, 7)
-> Request 19
560
(2, 2, 2)
1
(66, 46)
-> Request 20
579
(4, 3, 2)
2
(29, 37)
-> Request 21
590
(1, 2, 2)
1
(39, 0)
-> Request 22
609
(4, 1, 1)
3
(63, 43)
-> Request 23
658
(1, 2, 2)
1
(63, 68)
-> Request 24
662
(4, 1, 1)
1
(7, 16)
-> Request 25
726
(2, 2, 1)
3
(8, 51)
-> Request 26
729
(2, 2, 2)
2
(36, 10)
-> Request 27
744
(4, 3, 1)
1
(18, 60)
-> Request 28
746
(2, 3, 2)
2
(24, 54)
-> Request 29
764
(3, 3, 2)
1
(66, 22)
-> Request 30
766
(1, 3, 2)
2
(78, 56)
-> Request 31
766
(4, 1, 2)
1
(43, 1)
-> Request 32
801
(3, 2, 2)
2
(70, 39)
-> Request 33
806
(4, 2, 2)
1
(52, 24)
-> Request 34
806
(1, 3, 2)
2
(51, 50)
-> Request 35
806
(2, 2, 1)
2
(35, 38)
-> Request 36
871
(3, 1, 1)
1
(41, 1)
-> Request 37
872
(1, 3, 1)
2
(25, 22)
-> Request 38
874
(1, 3, 1)
1
(6, 50)
-> Request 39
919
(1, 1, 2)
2
(78, 75)
-> Request 40
948
(1, 2, 2)
3
(21, 60)
-> Request 41
949
(1, 2, 1)
3
(27, 21)
-> Request 42
957
(1, 2, 2)
2
(58, 31)
-> Request 43
978
(2, 2, 2)
3
(49, 78)
-> Request 44
1010
(4, 1, 1)
2
(66, 73)
-> Request 45
1010
(4, 3, 1)
1
(48, 20)
-> Request 46
1036
(1, 2, 1)
1
(18, 35)
-> Request 47
1052
(2, 2, 2)
3
(26, 75)
-> Request 48
1079
(2, 1, 2)
3
(50, 43)
-> Request 49
1079
(2, 1, 2)
3
(75, 31)
-> Request 50
1088
(3, 1, 1)
2
(72, 27)
-> Request 51
1116
(3, 3, 1)
1
(63, 10)
-> Request 52
1117
(2, 2, 1)
1
(12, 9)
-> Request 53
1175
(3, 3, 2)
1
(16, 56)
-> Request 54
1188
(2, 2, 1)
2
(52, 8)
-> Request 55
1194
(1, 2, 2)
3
(31, 51)
-> Request 56
1194
(3, 1, 2)
1
(75, 47)
-> Request 57
1199
(2, 3, 2)
1
(66, 58)
-> Request 58
1252
(1, 3, 1)
2
(68, 65)
-> Request 59
1265
(1, 1, 1)
2
(31, 53)
-> Request 60
1293
(2, 3, 2)
1
(53, 36)
-> Request 61
1312
(2, 3, 2)
3
(10, 34)
-> Request 62
1338
(1, 2, 2)
3
(57, 23)
-> Request 63
1353
(4, 3, 1)
3
(67, 40)
-> Request 64
1364
(1, 3, 2)
3
(20, 37)
-> Request 65
1387
(1, 1, 1)
3
(63, 55)
-> Request 66
1433
(2, 2, 2)
2
(62, 36)
--> Day : 2
-> Request 0
0
(4, 1, 1)
2
(55, 73)
-> Request 1
1
(4, 2, 2)
2
(26, 38)
-> Request 2
33
(3, 3, 1)
2
(36, 68)
-> Request 3
60
(2, 2, 2)
1
(15, 43)
-> Request 4
82
(3, 2, 2)
3
(61, 24)
-> Request 5
177
(1, 3, 1)
1
(47, 22)
-> Request 6
182
(2, 3, 1)
3
(9, 17)
-> Request 7
182
(2, 2, 1)
2
(36, 51)
-> Request 8
182
(4, 2, 1)
1
(9, 2)
-> Request 9
182
(2, 3, 1)
3
(28, 51)
-> Request 10
233
(3, 1, 2)
3
(73, 4)
-> Request 11
233
(4, 1, 2)
2
(8, 73)
-> Request 12
277
(4, 3, 2)
1
(58, 16)
-> Request 13
283
(3, 2, 2)
3
(63, 12)
-> Request 14
332
(2, 3, 2)
2
(46, 67)
-> Request 15
355
(2, 3, 2)
1
(77, 47)
-> Request 16
507
(2, 1, 1)
1
(20, 58)
-> Request 17
533
(2, 1, 2)
2
(78, 70)
-> Request 18
550
(1, 2, 2)
3
(72, 75)
-> Request 19
600
(3, 2, 1)
2
(65, 75)
-> Request 20
648
(1, 2, 1)
3
(32, 39)
-> Request 21
649
(4, 2, 1)
2
(41, 42)
-> Request 22
715
(4, 3, 1)
3
(47, 19)
-> Request 23
727
(2, 3, 2)
1
(46, 68)
-> Request 24
750
(2, 1, 2)
2
(50, 7)
-> Request 25
807
(4, 3, 2)
1
(51, 38)
-> Request 26
826
(3, 3, 2)
1
(48, 79)
-> Request 27
887
(4, 1, 2)
1
(28, 77)
-> Request 28
935
(2, 2, 2)
1
(17, 6)
-> Request 29
970
(3, 1, 1)
1
(54, 49)
-> Request 30
971
(1, 1, 1)
1
(23, 21)
-> Request 31
999
(2, 2, 1)
2
(35, 29)
-> Request 32
1032
(3, 2, 1)
1
(70, 59)
-> Request 33
1074
(4, 3, 1)
2
(42, 67)
-> Request 34
1124
(2, 3, 1)
2
(79, 4)
-> Request 35
1135
(2, 2, 2)
1
(73, 60)
-> Request 36
1138
(1, 2, 1)
2
(63, 75)
-> Request 37
1156
(1, 1, 1)
1
(26, 67)
-> Request 38
1197
(3, 3, 2)
1
(51, 70)
-> Request 39
1197
(4, 3, 2)
3
(12, 20)
-> Request 40
1198
(2, 1, 1)
1
(5, 5)
-> Request 41
1224
(2, 1, 2)
3
(27, 57)
-> Request 42
1254
(4, 2, 1)
1
(44, 40)
-> Request 43
1263
(1, 1, 1)
1
(63, 44)
-> Request 44
1274
(4, 2, 1)
1
(18, 42)
-> Request 45
1283
(4, 2, 1)
1
(47, 5)
-> Request 46
1293
(3, 2, 1)
1
(9, 49)
-> Request 47
1327
(3, 1, 2)
3
(73, 11)
-> Request 48
1344
(2, 1, 1)
2
(58, 25)
-> Request 49
1376
(1, 2, 2)
2
(77, 14)
-> Request 50
1393
(3, 3, 2)
3
(17, 50)
-> Request 51
1433
(4, 3, 1)
3
(6, 59)
--> Day : 3
-> Request 0
7
(4, 3, 1)
3
(2, 33)
-> Request 1
19
(4, 1, 2)
3
(8, 22)
-> Request 2
21
(2, 3, 2)
3
(52, 15)
-> Request 3
94
(1, 2, 2)
2
(37, 15)
-> Request 4
98
(2, 1, 2)
1
(61, 13)
-> Request 5
101
(3, 1, 2)
3
(43, 1)
-> Request 6
130
(2, 3, 2)
3
(48, 33)
-> Request 7
131
(1, 1, 2)
1
(28, 65)
-> Request 8
196
(3, 1, 2)
2
(14, 37)
-> Request 9
238
(1, 3, 2)
1
(13, 22)
-> Request 10
247
(1, 3, 2)
2
(20, 33)
-> Request 11
304
(2, 2, 2)
3
(75, 61)
-> Request 12
311
(1, 1, 1)
2
(62, 54)
-> Request 13
318
(1, 2, 1)
2
(65, 25)
-> Request 14
320
(2, 3, 2)
2
(11, 5)
-> Request 15
379
(3, 2, 2)
1
(14, 3)
-> Request 16
379
(3, 1, 1)
3
(37, 49)
-> Request 17
391
(2, 2, 2)
3
(44, 67)
-> Request 18
445
(3, 3, 2)
3
(25, 74)
-> Request 19
472
(3, 3, 1)
3
(74, 37)
-> Request 20
520
(2, 2, 1)
2
(74, 70)
-> Request 21
595
(3, 1, 1)
2
(61, 32)
-> Request 22
654
(3, 2, 1)
3
(8, 20)
-> Request 23
674
(3, 3, 1)
3
(23, 40)
-> Request 24
707
(1, 3, 2)
3
(36, 10)
-> Request 25
724
(1, 1, 1)
2
(51, 29)
-> Request 26
725
(3, 3, 2)
3
(28, 17)
-> Request 27
741
(3, 2, 2)
1
(68, 62)
-> Request 28
746
(4, 3, 1)
2
(52, 30)
-> Request 29
752
(1, 2, 2)
3
(63, 66)
-> Request 30
763
(1, 1, 2)
3
(50, 58)
-> Request 31
768
(1, 2, 1)
1
(39, 22)
-> Request 32
790
(4, 1, 2)
3
(18, 14)
-> Request 33
793
(3, 1, 1)
1
(66, 29)
-> Request 34
798
(3, 1, 2)
3
(9, 53)
-> Request 35
819
(2, 1, 2)
2
(0, 49)
-> Request 36
845
(3, 3, 1)
1
(56, 5)
-> Request 37
869
(1, 2, 1)
3
(22, 71)
-> Request 38
874
(1, 1, 2)
3
(51, 15)
-> Request 39
886
(3, 2, 1)
3
(69, 26)
-> Request 40
895
(1, 2, 2)
3
(12, 24)
-> Request 41
909
(2, 1, 1)
3
(8, 57)
-> Request 42
940
(4, 2, 2)
1
(63, 36)
-> Request 43
963
(2, 2, 2)
3
(55, 18)
-> Request 44
978
(2, 2, 2)
1
(64, 31)
-> Request 45
1001
(2, 3, 2)
1
(23, 39)
-> Request 46
1015
(1, 3, 1)
1
(66, 16)
-> Request 47
1150
(1, 3, 2)
3
(30, 52)
-> Request 48
1169
(3, 2, 2)
3
(20, 72)
-> Request 49
1250
(3, 1, 2)
3
(17, 18)
-> Request 50
1314
(2, 1, 2)
2
(22, 50)
-> Request 51
1346
(3, 3, 2)
3
(64, 60)
-> Request 52
1396
(3, 2, 2)
2
(0, 35)
-> Request 53
1410
(4, 1, 1)
1
(43, 76)
--> Day : 4
-> Request 0
12
(4, 3, 1)
2
(41, 67)
-> Request 1
134
(4, 2, 1)
1
(51, 62)
-> Request 2
167
(2, 1, 2)
1
(44, 40)
-> Request 3
207
(2, 3, 1)
2
(10, 3)
-> Request 4
216
(3, 2, 1)
1
(62, 31)
-> Request 5
225
(4, 2, 2)
1
(79, 12)
-> Request 6
257
(4, 3, 2)
1
(36, 36)
-> Request 7
325
(4, 1, 2)
3
(49, 40)
-> Request 8
354
(2, 1, 2)
3
(29, 46)
-> Request 9
355
(4, 3, 2)
2
(66, 46)
-> Request 10
356
(4, 2, 2)
1
(33, 34)
-> Request 11
379
(2, 1, 2)
3
(6, 63)
-> Request 12
385
(1, 3, 2)
3
(14, 15)
-> Request 13
421
(1, 1, 2)
1
(28, 78)
-> Request 14
456
(1, 3, 2)
3
(20, 14)
-> Request 15
478
(3, 3, 1)
1
(13, 14)
-> Request 16
504
(3, 3, 1)
2
(72, 58)
-> Request 17
538
(2, 1, 1)
1
(45, 6)
-> Request 18
541
(2, 3, 2)
1
(63, 47)
-> Request 19
541
(3, 3, 2)
2
(44, 44)
-> Request 20
572
(4, 1, 2)
3
(69, 72)
-> Request 21
665
(1, 1, 1)
1
(37, 23)
-> Request 22
714
(2, 3, 1)
3
(21, 31)
-> Request 23
766
(4, 1, 1)
2
(34, 63)
-> Request 24
809
(1, 1, 1)
1
(45, 22)
-> Request 25
859
(4, 3, 1)
3
(12, 78)
-> Request 26
928
(1, 2, 2)
3
(20, 71)
-> Request 27
931
(1, 3, 2)
2
(78, 0)
-> Request 28
944
(4, 2, 2)
3
(0, 57)
-> Request 29
950
(4, 3, 2)
3
(42, 58)
-> Request 30
951
(3, 2, 1)
2
(37, 16)
-> Request 31
961
(1, 3, 1)
2
(67, 19)
-> Request 32
1009
(4, 1, 2)
3
(3, 17)
-> Request 33
1061
(4, 2, 1)
1
(68, 46)
-> Request 34
1122
(2, 1, 1)
1
(15, 78)
-> Request 35
1126
(4, 2, 1)
2
(66, 2)
-> Request 36
1135
(2, 3, 1)
3
(14, 15)
-> Request 37
1195
(3, 2, 2)
1
(56, 64)
-> Request 38
1210
(1, 1, 2)
1
(42, 24)
-> Request 39
1265
(4, 2, 1)
2
(75, 41)
-> Request 40
1277
(2, 1, 2)
3
(22, 30)
-> Request 41
1330
(2, 1, 2)
2
(18, 54)
-> Request 42
1335
(1, 3, 2)
3
(32, 41)
-> Request 43
1358
(1, 3, 1)
1
(25, 16)
-> Request 44
1359
(3, 1, 2)
2
(26, 32)
-> Request 45
1359
(4, 3, 1)
3
(38, 7)
-> Request 46
1372
(4, 3, 1)
2
(54, 36)
-> Request 47
1391
(2, 3, 2)
1
(9, 57)
-> Request 48
1413
(3, 3, 1)
1
(45, 16)
-> Request 49
1421
(3, 3, 2)
2
(5, 25)
-> Request 50
1424
(1, 2, 2)
3
(25, 5)
-> Request 51
1438
(1, 1, 1)
2
(11, 3)
---> Week : 2
--> Day : 0
-> Request 0
12
(4, 2, 2)
1
(76, 15)
-> Request 1
27
(1, 3, 1)
1
(4, 22)
-> Request 2
55
(2, 1, 2)
1
(30, 50)
-> Request 3
90
(2, 3, 2)
1
(16, 71)
-> Request 4
91
(3, 2, 1)
3
(47, 78)
-> Request 5
109
(3, 3, 1)
3
(72, 40)
-> Request 6
119
(1, 2, 1)
3
(41, 2)
-> Request 7
122
(1, 1, 2)
3
(46, 70)
-> Request 8
141
(3, 2, 1)
2
(18, 24)
-> Request 9
212
(1, 1, 1)
2
(72, 55)
-> Request 10
216
(4, 1, 1)
3
(68, 26)
-> Request 11
248
(4, 2, 2)
3
(75, 6)
-> Request 12
298
(3, 1, 2)
2
(75, 30)
-> Request 13
368
(2, 1, 2)
3
(22, 18)
-> Request 14
369
(3, 3, 1)
3
(5, 40)
-> Request 15
405
(3, 1, 2)
1
(52, 42)
-> Request 16
460
(4, 1, 2)
1
(74, 67)
-> Request 17
506
(1, 1, 2)
3
(42, 76)
-> Request 18
544
(4, 2, 1)
1
(71, 36)
-> Request 19
568
(4, 2, 1)
1
(44, 28)
-> Request 20
609
(3, 3, 1)
2
(7, 56)
-> Request 21
620
(4, 2, 1)
3
(76, 16)
-> Request 22
654
(4, 3, 2)
2
(30, 53)
-> Request 23
704
(3, 3, 2)
3
(2, 51)
-> Request 24
780
(2, 3, 2)
2
(16, 38)
-> Request 25
785
(3, 3, 1)
2
(76, 33)
-> Request 26
870
(4, 2, 1)
2
(25, 51)
-> Request 27
880
(2, 3, 2)
3
(57, 43)
-> Request 28
935
(3, 3, 1)
2
(9, 45)
-> Request 29
960
(1, 3, 1)
1
(14, 69)
-> Request 30
965
(4, 2, 1)
3
(32, 15)
-> Request 31
998
(2, 1, 2)
2
(14, 16)
-> Request 32
1002
(4, 3, 2)
2
(63, 44)
-> Request 33
1009
(1, 1, 1)
3
(45, 79)
-> Request 34
1038
(1, 3, 1)
2
(20, 5)
-> Request 35
1080
(4, 1, 2)
3
(26, 6)
-> Request 36
1134
(2, 1, 1)
1
(16, 32)
-> Request 37
1158
(4, 1, 1)
2
(28, 49)
-> Request 38
1172
(2, 1, 1)
3
(6, 18)
-> Request 39
1237
(4, 2, 2)
1
(49, 61)
-> Request 40
1243
(2, 2, 1)
3
(61, 79)
-> Request 41
1253
(2, 2, 1)
3
(57, 65)
-> Request 42
1318
(4, 1, 2)
2
(42, 52)
-> Request 43
1349
(1, 3, 1)
3
(37, 63)
-> Request 44
1399
(2, 3, 2)
2
(74, 32)
--> Day : 1
-> Request 0
7
(2, 1, 1)
1
(5, 23)
-> Request 1
11
(1, 3, 2)
1
(36, 70)
-> Request 2
21
(2, 3, 1)
1
(37, 25)
-> Request 3
46
(4, 1, 2)
1
(16, 58)
-> Request 4
50
(2, 1, 2)
3
(0, 0)
-> Request 5
71
(4, 2, 2)
1
(5, 31)
-> Request 6
135
(3, 1, 1)
3
(39, 71)
-> Request 7
161
(4, 2, 2)
1
(70, 73)
-> Request 8
182
(3, 3, 2)
1
(32, 73)
-> Request 9
189
(1, 2, 2)
2
(36, 59)
-> Request 10
204
(2, 3, 1)
3
(30, 41)
-> Request 11
206
(1, 3, 1)
1
(15, 55)
-> Request 12
218
(2, 1, 1)
2
(76, 6)
-> Request 13
223
(2, 2, 2)
2
(16, 65)
-> Request 14
229
(2, 2, 1)
1
(70, 21)
-> Request 15
231
(4, 2, 1)
1
(14, 68)
-> Request 16
257
(2, 3, 1)
2
(66, 2)
-> Request 17
274
(2, 2, 2)
2
(6, 2)
-> Request 18
275
(3, 3, 2)
1
(16, 16)
-> Request 19
308
(4, 3, 2)
1
(26, 78)
-> Request 20
339
(3, 1, 2)
3
(55, 54)
-> Request 21
358
(1, 1, 1)
1
(77, 4)
-> Request 22
363
(1, 3, 1)
2
(74, 21)
-> Request 23
365
(2, 3, 1)
3
(35, 3)
-> Request 24
479
(1, 3, 2)
2
(77, 64)
-> Request 25
489
(3, 3, 1)
1
(49, 76)
-> Request 26
520
(3, 2, 1)
2
(36, 21)
-> Request 27
538
(1, 2, 2)
1
(15, 35)
-> Request 28
587
(2, 2, 1)
1
(76, 63)
-> Request 29
613
(4, 3, 1)
1
(14, 52)
-> Request 30
617
(3, 2, 1)
3
(2, 36)
-> Request 31
633
(3, 2, 1)
2
(78, 29)
-> Request 32
638
(4, 1, 1)
3
(70, 67)
-> Request 33
705
(1, 1, 1)
1
(42, 60)
-> Request 34
727
(3, 1, 2)
2
(6, 75)
-> Request 35
738
(4, 2, 1)
3
(10, 60)
-> Request 36
746
(2, 3, 2)
1
(6, 61)
-> Request 37
774
(2, 1, 2)
3
(76, 72)
-> Request 38
800
(1, 1, 1)
1
(61, 58)
-> Request 39
835
(3, 2, 1)
1
(36, 9)
-> Request 40
899
(3, 2, 1)
1
(1, 61)
-> Request 41
906
(2, 3, 1)
2
(7, 24)
-> Request 42
926
(1, 2, 1)
2
(6, 53)
-> Request 43
956
(3, 1, 1)
2
(14, 12)
-> Request 44
982
(2, 3, 1)
1
(1, 5)
-> Request 45
993
(2, 2, 2)
1
(74, 37)
-> Request 46
1019
(4, 3, 1)
1
(30, 41)
-> Request 47
1051
(4, 1, 1)
2
(42, 38)
-> Request 48
1062
(1, 3, 1)
3
(2, 55)
-> Request 49
1078
(3, 2, 1)
1
(71, 31)
-> Request 50
1108
(1, 3, 2)
1
(40, 58)
-> Request 51
1111
(2, 1, 1)
3
(20, 49)
-> Request 52
1132
(2, 2, 1)
1
(8, 61)
-> Request 53
1161
(2, 1, 2)
1
(79, 65)
-> Request 54
1214
(4, 3, 1)
1
(46, 11)
-> Request 55
1229
(3, 3, 1)
1
(39, 48)
-> Request 56
1238
(1, 2, 1)
2
(49, 62)
-> Request 57
1278
(4, 3, 2)
3
(63, 75)
-> Request 58
1289
(4, 1, 1)
3
(30, 43)
-> Request 59
1317
(2, 1, 1)
1
(52, 69)
-> Request 60
1348
(2, 1, 2)
3
(6, 78)
-> Request 61
1348
(1, 1, 1)
1
(43, 50)
-> Request 62
1350
(4, 3, 1)
1
(21, 15)
-> Request 63
1352
(4, 3, 2)
3
(12, 56)
-> Request 64
1376
(3, 2, 2)
1
(76, 62)
-> Request 65
1434
(3, 1, 2)
1
(43, 30)
-> Request 66
1437
(3, 1, 1)
1
(1, 12)
--> Day : 2
-> Request 0
13
(1, 1, 1)
2
(46, 18)
-> Request 1
22
(3, 2, 1)
2
(12, 53)
-> Request 2
71
(4, 3, 2)
1
(23, 22)
-> Request 3
82
(4, 2, 1)
3
(38, 58)
-> Request 4
110
(4, 1, 1)
2
(53, 17)
-> Request 5
110
(3, 2, 1)
2
(45, 76)
-> Request 6
116
(2, 2, 2)
1
(50, 50)
-> Request 7
127
(4, 1, 1)
3
(29, 54)
-> Request 8
190
(2, 2, 2)
2
(74, 53)
-> Request 9
238
(2, 2, 2)
1
(32, 36)
-> Request 10
264
(2, 2, 1)
3
(15, 6)
-> Request 11
266
(4, 2, 2)
1
(52, 72)
-> Request 12
268
(4, 1, 2)
2
(8, 22)
-> Request 13
270
(2, 1, 1)
1
(18, 22)
-> Request 14
272
(2, 1, 2)
2
(51, 64)
-> Request 15
298
(1, 2, 1)
3
(50, 38)
-> Request 16
346
(1, 2, 2)
3
(31, 16)
-> Request 17
355
(1, 2, 1)
2
(74, 46)
-> Request 18
369
(2, 3, 1)
2
(68, 69)
-> Request 19
422
(1, 3, 1)
1
(4, 61)
-> Request 20
427
(2, 1, 1)
2
(53, 65)
-> Request 21
437
(2, 2, 1)
2
(52, 32)
-> Request 22
439
(1, 3, 1)
3
(60, 21)
-> Request 23
472
(1, 1, 2)
2
(11, 76)
-> Request 24
479
(2, 1, 2)
2
(4, 61)
-> Request 25
487
(2, 2, 2)
3
(3, 34)
-> Request 26
519
(4, 1, 2)
3
(43, 35)
-> Request 27
529
(4, 2, 1)
3
(75, 7)
-> Request 28
563
(3, 2, 1)
1
(52, 17)
-> Request 29
580
(1, 3, 1)
3
(37, 69)
-> Request 30
635
(4, 1, 2)
3
(65, 35)
-> Request 31
664
(4, 1, 2)
1
(43, 40)
-> Request 32
664
(3, 3, 1)
2
(5, 42)
-> Request 33
724
(3, 3, 1)
2
(5, 34)
-> Request 34
756
(2, 2, 1)
3
(3, 75)
-> Request 35
776
(3, 1, 1)
3
(33, 6)
-> Request 36
815
(1, 3, 2)
2
(5, 5)
-> Request 37
818
(4, 1, 2)
2
(24, 2)
-> Request 38
829
(4, 1, 2)
3
(60, 70)
-> Request 39
845
(2, 1, 1)
1
(17, 31)
-> Request 40
857
(3, 1, 1)
2
(60, 51)
-> Request 41
862
(4, 1, 2)
2
(12, 24)
-> Request 42
873
(3, 3, 1)
3
(62, 36)
-> Request 43
911
(3, 1, 2)
1
(40, 76)
-> Request 44
949
(1, 3, 2)
2
(37, 13)
-> Request 45
958
(3, 3, 2)
2
(1, 17)
-> Request 46
1029
(4, 2, 2)
1
(6, 2)
-> Request 47
1047
(2, 2, 2)
1
(1, 41)
-> Request 48
1047
(4, 1, 2)
1
(12, 11)
-> Request 49
1114
(4, 3, 2)
1
(9, 22)
-> Request 50
1182
(2, 3, 1)
3
(40, 36)
-> Request 51
1211
(3, 3, 2)
2
(42, 3)
-> Request 52
1224
(4, 1, 2)
3
(11, 78)
-> Request 53
1235
(3, 3, 1)
3
(39, 60)
-> Request 54
1236
(2, 1, 1)
1
(5, 41)
-> Request 55
1251
(4, 1, 2)
2
(64, 63)
-> Request 56
1262
(4, 2, 1)
2
(11, 41)
-> Request 57
1275
(4, 2, 1)
1
(40, 52)
-> Request 58
1306
(4, 1, 2)
3
(8, 55)
-> Request 59
1372
(1, 3, 1)
2
(72, 30)
-> Request 60
1386
(2, 2, 2)
2
(9, 13)
-> Request 61
1421
(1, 1, 1)
1
(19, 40)
--> Day : 3
-> Request 0
22
(2, 2, 1)
2
(1, 74)
-> Request 1
99
(2, 3, 2)
3
(62, 50)
-> Request 2
131
(2, 3, 2)
2
(29, 51)
-> Request 3
139
(4, 3, 2)
1
(12, 76)
-> Request 4
145
(3, 3, 1)
1
(70, 70)
-> Request 5
183
(4, 3, 1)
3
(13, 75)
-> Request 6
193
(1, 1, 2)
3
(20, 71)
-> Request 7
216
(4, 2, 2)
3
(4, 8)
-> Request 8
264
(1, 2, 2)
1
(55, 55)
-> Request 9
264
(3, 1, 1)
2
(26, 62)
-> Request 10
311
(2, 2, 1)
2
(29, 70)
-> Request 11
332
(2, 2, 1)
2
(17, 19)
-> Request 12
333
(1, 3, 2)
2
(56, 27)
-> Request 13
354
(2, 2, 1)
3
(79, 34)
-> Request 14
385
(1, 2, 2)
3
(44, 21)
-> Request 15
409
(4, 1, 2)
2
(78, 44)
-> Request 16
486
(4, 3, 1)
3
(37, 20)
-> Request 17
511
(2, 2, 1)
2
(35, 47)
-> Request 18
532
(2, 1, 2)
1
(28, 57)
-> Request 19
626
(4, 2, 2)
1
(68, 25)
-> Request 20
640
(2, 3, 2)
1
(72, 79)
-> Request 21
643
(3, 2, 1)
3
(20, 76)
-> Request 22
668
(2, 1, 2)
1
(39, 34)
-> Request 23
677
(4, 1, 2)
1
(69, 4)
-> Request 24
695
(1, 2, 2)
1
(60, 25)
-> Request 25
699
(3, 3, 2)
1
(7, 54)
-> Request 26
700
(4, 3, 1)
2
(3, 48)
-> Request 27
759
(3, 2, 1)
2
(77, 8)
-> Request 28
760
(1, 3, 2)
2
(42, 65)
-> Request 29
776
(2, 1, 1)
2
(37, 57)
-> Request 30
803
(1, 2, 2)
2
(16, 16)
-> Request 31
826
(3, 2, 1)
1
(11, 61)
-> Request 32
886
(3, 2, 2)
1
(62, 17)
-> Request 33
888
(4, 3, 2)
3
(78, 35)
-> Request 34
902
(3, 1, 2)
2
(50, 25)
-> Request 35
928
(1, 3, 1)
2
(11, 58)
-> Request 36
941
(2, 1, 2)
2
(32, 9)
-> Request 37
963
(2, 1, 1)
3
(77, 62)
-> Request 38
1039
(3, 1, 2)
2
(11, 74)
-> Request 39
1112
(2, 2, 1)
1
(4, 68)
-> Request 40
1135
(3, 2, 2)
2
(70, 17)
-> Request 41
1150
(1, 1, 1)
2
(37, 54)
-> Request 42
1201
(1, 3, 1)
3
(71, 59)
-> Request 43
1217
(2, 2, 1)
2
(13, 61)
-> Request 44
1217
(2, 2, 1)
2
(73, 69)
-> Request 45
1226
(3, 3, 2)
3
(12, 25)
-> Request 46
1341
(2, 3, 1)
1
(3, 34)
-> Request 47
1347
(4, 1, 1)
3
(68, 78)
-> Request 48
1382
(2, 1, 2)
1
(1, 40)
-> Request 49
1403
(3, 2, 2)
1
(59, 18)
-> Request 50
1427
(2, 2, 1)
1
(79, 37)
--> Day : 4
-> Request 0
8
(1, 3, 2)
1
(9, 44)
-> Request 1
28
(4, 3, 2)
2
(66, 13)
-> Request 2
79
(2, 1, 1)
3
(8, 17)
-> Request 3
105
(4, 2, 1)
3
(35, 44)
-> Request 4
157
(3, 3, 2)
1
(67, 13)
-> Request 5
193
(2, 2, 1)
1
(38, 23)
-> Request 6
206
(4, 3, 1)
3
(34, 5)
-> Request 7
213
(4, 1, 2)
3
(24, 10)
-> Request 8
214
(1, 2, 1)
3
(46, 33)
-> Request 9
251
(3, 1, 1)
2
(79, 3)
-> Request 10
308
(4, 3, 2)
3
(33, 65)
-> Request 11
312
(2, 1, 2)
2
(57, 11)
-> Request 12
330
(1, 1, 2)
1
(12, 12)
-> Request 13
342
(2, 1, 1)
2
(47, 9)
-> Request 14
380
(1, 1, 1)
3
(21, 72)
-> Request 15
387
(2, 3, 2)
2
(74, 70)
-> Request 16
397
(3, 2, 1)
1
(0, 5)
-> Request 17
418
(2, 2, 2)
3
(6, 61)
-> Request 18
422
(1, 1, 1)
1
(37, 69)
-> Request 19
436
(4, 1, 1)
1
(29, 1)
-> Request 20
448
(3, 3, 2)
1
(29, 78)
-> Request 21
451
(1, 3, 2)
3
(69, 50)
-> Request 22
460
(2, 1, 2)
2
(39, 17)
-> Request 23
490
(1, 1, 2)
3
(4, 5)
-> Request 24
523
(1, 3, 1)
2
(4, 63)
-> Request 25
563
(1, 3, 2)
1
(62, 30)
-> Request 26
574
(2, 3, 2)
3
(66, 39)
-> Request 27
585
(3, 2, 1)
3
(52, 52)
-> Request 28
589
(4, 2, 2)
1
(46, 0)
-> Request 29
615
(3, 3, 2)
3
(10, 47)
-> Request 30
653
(3, 2, 1)
1
(57, 36)
-> Request 31
674
(1, 3, 1)
3
(78, 7)
-> Request 32
708
(2, 3, 2)
2
(46, 39)
-> Request 33
737
(4, 1, 1)
2
(45, 21)
-> Request 34
749
(3, 3, 2)
2
(32, 44)
-> Request 35
793
(1, 2, 2)
2
(46, 29)
-> Request 36
920
(2, 2, 2)
2
(9, 57)
-> Request 37
997
(4, 2, 2)
1
(30, 42)
-> Request 38
1043
(2, 2, 1)
1
(7, 24)
-> Request 39
1103
(3, 1, 2)
2
(4, 55)
-> Request 40
1115
(3, 2, 1)
3
(26, 20)
-> Request 41
1133
(2, 3, 1)
1
(72, 61)
-> Request 42
1204
(1, 1, 2)
3
(42, 65)
-> Request 43
1239
(2, 2, 1)
3
(63, 11)
-> Request 44
1240
(2, 2, 1)
2
(69, 35)
-> Request 45
1257
(2, 1, 2)
1
(66, 1)
-> Request 46
1259
(2, 3, 1)
1
(27, 42)
-> Request 47
1291
(1, 3, 2)
1
(32, 1)
-> Request 48
1309
(3, 1, 1)
2
(10, 48)
-> Request 49
1327
(1, 3, 1)
2
(12, 70)
-> Request 50
1344
(4, 3, 1)
3
(26, 68)
-> Request 51
1357
(2, 1, 2)
1
(64, 5)
-> Request 52
1384
(2, 2, 2)
1
(58, 60)
-> Request 53
1433
(4, 3, 1)
3
(39, 42)
---> Week : 3
--> Day : 0
-> Request 0
14
(3, 2, 2)
1
(73, 8)
-> Request 1
23
(2, 1, 1)
2
(31, 53)
-> Request 2
138
(2, 2, 2)
1
(79, 54)
-> Request 3
151
(3, 3, 1)
3
(53, 76)
-> Request 4
160
(3, 1, 1)
1
(40, 30)
-> Request 5
172
(1, 1, 1)
1
(60, 70)
-> Request 6
199
(1, 3, 2)
2
(54, 70)
-> Request 7
235
(3, 1, 1)
3
(12, 4)
-> Request 8
253
(1, 2, 2)
1
(29, 11)
-> Request 9
257
(3, 1, 1)
2
(8, 43)
-> Request 10
282
(2, 3, 2)
3
(61, 28)
-> Request 11
293
(4, 1, 1)
3
(12, 36)
-> Request 12
327
(3, 1, 1)
2
(39, 15)
-> Request 13
398
(4, 3, 1)
2
(15, 51)
-> Request 14
399
(2, 3, 2)
3
(25, 38)
-> Request 15
406
(4, 2, 2)
3
(10, 53)
-> Request 16
413
(3, 2, 2)
3
(37, 28)
-> Request 17
439
(2, 3, 1)
1
(56, 40)
-> Request 18
454
(3, 3, 1)
1
(57, 30)
-> Request 19
502
(4, 3, 1)
3
(34, 37)
-> Request 20
582
(3, 3, 2)
2
(13, 5)
-> Request 21
608
(3, 1, 1)
3
(13, 38)
-> Request 22
615
(1, 3, 1)
2
(67, 62)
-> Request 23
660
(4, 1, 2)
1
(51, 74)
-> Request 24
702
(3, 3, 1)
2
(59, 9)
-> Request 25
746
(2, 3, 2)
2
(51, 23)
-> Request 26
772
(4, 3, 1)
1
(58, 73)
-> Request 27
773
(4, 3, 1)
2
(44, 17)
-> Request 28
778
(2, 2, 2)
1
(16, 18)
-> Request 29
810
(4, 1, 1)
3
(69, 34)
-> Request 30
826
(3, 2, 2)
1
(9, 44)
-> Request 31
847
(3, 3, 1)
1
(39, 23)
-> Request 32
865
(3, 1, 2)
2
(69, 54)
-> Request 33
886
(4, 2, 2)
1
(59, 5)
-> Request 34
930
(4, 1, 1)
2
(33, 13)
-> Request 35
971
(1, 2, 1)
1
(54, 64)
-> Request 36
987
(4, 2, 1)
3
(61, 28)
-> Request 37
996
(1, 1, 1)
1
(19, 3)
-> Request 38
1031
(3, 2, 2)
3
(71, 67)
-> Request 39
1057
(3, 1, 1)
2
(71, 42)
-> Request 40
1063
(3, 2, 2)
3
(72, 3)
-> Request 41
1108
(3, 1, 2)
1
(15, 24)
-> Request 42
1129
(1, 3, 1)
3
(50, 14)
-> Request 43
1162
(4, 2, 2)
3
(57, 64)
-> Request 44
1162
(4, 3, 1)
1
(26, 16)
-> Request 45
1201
(4, 2, 2)
1
(25, 42)
-> Request 46
1202
(4, 2, 1)
3
(19, 2)
-> Request 47
1208
(4, 2, 1)
1
(30, 79)
-> Request 48
1208
(4, 2, 1)
1
(69, 38)
-> Request 49
1232
(3, 2, 1)
3
(5, 79)
-> Request 50
1236
(1, 2, 1)
3
(19, 66)
-> Request 51
1368
(1, 2, 1)
2
(50, 48)
-> Request 52
1381
(3, 3, 1)
3
(17, 31)
-> Request 53
1403
(1, 2, 2)
1
(71, 75)
--> Day : 1
-> Request 0
14
(3, 2, 1)
3
(0, 60)
-> Request 1
63
(4, 3, 1)
3
(71, 78)
-> Request 2
79
(3, 3, 2)
2
(72, 9)
-> Request 3
93
(1, 1, 2)
3
(13, 63)
-> Request 4
99
(1, 3, 2)
2
(58, 16)
-> Request 5
126
(1, 1, 1)
2
(17, 36)
-> Request 6
160
(3, 2, 2)
3
(20, 32)
-> Request 7
164
(2, 2, 2)
1
(31, 24)
-> Request 8
164
(2, 2, 1)
2
(24, 15)
-> Request 9
278
(3, 1, 2)
1
(57, 32)
-> Request 10
279
(3, 1, 2)
1
(57, 74)
-> Request 11
279
(3, 2, 1)
2
(9, 66)
-> Request 12
317
(2, 3, 1)
3
(27, 50)
-> Request 13
362
(3, 2, 1)
1
(2, 28)
-> Request 14
364
(1, 2, 1)
1
(32, 61)
-> Request 15
385
(2, 1, 2)
1
(20, 5)
-> Request 16
400
(2, 3, 2)
2
(5, 60)
-> Request 17
417
(4, 1, 1)
2
(47, 78)
-> Request 18
480
(2, 3, 2)
2
(2, 75)
-> Request 19
483
(2, 3, 1)
1
(54, 77)
-> Request 20
515
(4, 3, 1)
3
(73, 67)
-> Request 21
549
(4, 3, 1)
1
(9, 75)
-> Request 22
651
(2, 2, 2)
3
(1, 21)
-> Request 23
654
(4, 3, 1)
1
(39, 48)
-> Request 24
769
(1, 1, 1)
2
(53, 55)
-> Request 25
866
(2, 1, 2)
3
(11, 39)
-> Request 26
915
(2, 2, 2)
2
(32, 73)
-> Request 27
929
(1, 2, 2)
1
(78, 50)
-> Request 28
941
(3, 1, 1)
2
(25, 42)
-> Request 29
991
(4, 1, 2)
3
(50, 22)
-> Request 30
1122
(1, 2, 1)
1
(48, 0)
-> Request 31
1150
(2, 3, 2)
1
(35, 77)
-> Request 32
1189
(3, 2, 1)
1
(61, 45)
-> Request 33
1201
(1, 2, 2)
1
(14, 23)
-> Request 34
1207
(3, 2, 2)
3
(71, 41)
-> Request 35
1230
(3, 3, 2)
2
(9, 31)
-> Request 36
1257
(1, 2, 2)
2
(50, 57)
-> Request 37
1282
(1, 2, 2)
1
(79, 61)
-> Request 38
1331
(3, 3, 2)
1
(3, 77)
-> Request 39
1375
(4, 2, 2)
1
(43, 3)
-> Request 40
1400
(1, 2, 2)
3
(33, 35)
-> Request 41
1410
(1, 3, 2)
3
(30, 3)
-> Request 42
1410
(3, 1, 1)
3
(0, 54)
-> Request 43
1413
(3, 2, 1)
1
(38, 21)
-> Request 44
1414
(1, 3, 2)
1
(75, 64)
-> Request 45
1427
(4, 1, 1)
2
(61, 33)
--> Day : 2
-> Request 0
28
(1, 3, 1)
2
(73, 21)
-> Request 1
76
(1, 2, 2)
1
(10, 47)
-> Request 2
195
(3, 2, 1)
2
(30, 57)
-> Request 3
208
(4, 1, 2)
2
(48, 51)
-> Request 4
222
(3, 1, 1)
1
(70, 7)
-> Request 5
234
(3, 2, 2)
1
(36, 16)
-> Request 6
246
(2, 1, 1)
2
(60, 23)
-> Request 7
256
(2, 1, 2)
2
(1, 69)
-> Request 8
280
(3, 3, 1)
1
(30, 15)
-> Request 9
338
(2, 1, 2)
2
(51, 74)
-> Request 10
343
(4, 2, 1)
2
(67, 59)
-> Request 11
350
(2, 2, 1)
1
(3, 64)
-> Request 12
389
(4, 1, 2)
1
(21, 48)
-> Request 13
408
(3, 2, 2)
2
(23, 19)
-> Request 14
420
(2, 1, 2)
2
(15, 66)
-> Request 15
438
(4, 1, 1)
1
(44, 48)
-> Request 16
439
(2, 3, 2)
3
(29, 74)
-> Request 17
540
(2, 3, 2)
3
(38, 58)
-> Request 18
575
(4, 1, 2)
3
(20, 6)
-> Request 19
603
(2, 3, 1)
1
(42, 62)
-> Request 20
625
(2, 3, 2)
1
(36, 36)
-> Request 21
659
(1, 3, 2)
2
(20, 62)
-> Request 22
672
(1, 1, 1)
2
(45, 62)
-> Request 23
686
(3, 1, 2)
1
(72, 73)
-> Request 24
695
(4, 2, 1)
2
(43, 66)
-> Request 25
726
(4, 3, 2)
2
(54, 30)
-> Request 26
817
(4, 3, 2)
3
(14, 57)
-> Request 27
819
(4, 1, 2)
1
(50, 51)
-> Request 28
820
(1, 1, 1)
1
(66, 30)
-> Request 29
838
(3, 2, 1)
2
(47, 76)
-> Request 30
879
(3, 2, 1)
1
(48, 10)
-> Request 31
909
(4, 2, 2)
2
(57, 36)
-> Request 32
912
(2, 3, 1)
1
(72, 59)
-> Request 33
993
(3, 3, 1)
3
(74, 70)
-> Request 34
1009
(4, 1, 1)
3
(76, 5)
-> Request 35
1009
(2, 2, 2)
1
(32, 29)
-> Request 36
1023
(3, 3, 1)
1
(50, 53)
-> Request 37
1031
(1, 3, 1)
2
(7, 39)
-> Request 38
1058
(1, 2, 2)
2
(64, 29)
-> Request 39
1093
(4, 1, 2)
2
(57, 65)
-> Request 40
1093
(4, 3, 2)
1
(38, 72)
-> Request 41
1098
(2, 1, 1)
2
(12, 5)
-> Request 42
1101
(2, 2, 2)
3
(67, 78)
-> Request 43
1114
(3, 1, 2)
3
(34, 25)
-> Request 44
1140
(4, 1, 1)
3
(60, 59)
-> Request 45
1159
(2, 3, 1)
2
(39, 13)
-> Request 46
1162
(2, 2, 2)
2
(64, 19)
-> Request 47
1184
(3, 3, 2)
2
(17, 58)
-> Request 48
1291
(4, 3, 1)
3
(2, 40)
-> Request 49
1299
(1, 1, 1)
1
(38, 70)
-> Request 50
1313
(2, 2, 2)
2
(10, 60)
-> Request 51
1344
(2, 3, 2)
2
(55, 72)
-> Request 52
1353
(4, 2, 2)
2
(52, 78)
-> Request 53
1361
(4, 1, 2)
3
(0, 76)
-> Request 54
1372
(2, 2, 2)
2
(73, 42)
-> Request 55
1380
(3, 1, 1)
1
(27, 25)
-> Request 56
1391
(1, 1, 1)
3
(33, 8)
-> Request 57
1411
(2, 3, 2)
2
(79, 76)
--> Day : 3
-> Request 0
67
(2, 3, 1)
1
(55, 61)
-> Request 1
71
(2, 1, 1)
3
(47, 15)
-> Request 2
132
(4, 2, 1)
3
(52, 3)
-> Request 3
210
(4, 3, 2)
2
(54, 6)
-> Request 4
210
(3, 3, 2)
3
(8, 56)
-> Request 5
284
(3, 3, 2)
1
(38, 30)
-> Request 6
286
(1, 2, 1)
2
(74, 46)
-> Request 7
387
(2, 2, 1)
2
(76, 14)
-> Request 8
388
(1, 1, 1)
2
(72, 10)
-> Request 9
459
(1, 3, 2)
1
(9, 27)
-> Request 10
483
(3, 3, 1)
3
(48, 7)
-> Request 11
491
(4, 1, 1)
2
(55, 1)
-> Request 12
511
(4, 1, 2)
2
(50, 25)
-> Request 13
590
(4, 1, 1)
3
(66, 59)
-> Request 14
604
(1, 1, 2)
2
(41, 52)
-> Request 15
617
(3, 3, 1)
2
(31, 17)
-> Request 16
631
(1, 2, 2)
2
(9, 36)
-> Request 17
641
(4, 1, 1)
2
(41, 18)
-> Request 18
668
(3, 2, 2)
3
(5, 51)
-> Request 19
679
(3, 1, 1)
2
(50, 16)
-> Request 20
683
(3, 3, 1)
2
(39, 55)
-> Request 21
683
(2, 3, 1)
1
(8, 42)
-> Request 22
714
(1, 1, 1)
2
(2, 37)
-> Request 23
719
(3, 2, 1)
2
(6, 17)
-> Request 24
755
(2, 2, 1)
3
(25, 79)
-> Request 25
830
(4, 3, 1)
2
(69, 15)
-> Request 26
881
(3, 3, 2)
3
(79, 6)
-> Request 27
886
(3, 3, 1)
1
(27, 53)
-> Request 28
892
(4, 1, 2)
2
(28, 31)
-> Request 29
915
(1, 2, 1)
3
(72, 73)
-> Request 30
931
(1, 2, 1)
3
(55, 60)
-> Request 31
959
(2, 1, 1)
1
(58, 16)
-> Request 32
988
(4, 3, 2)
1
(68, 78)
-> Request 33
1018
(2, 2, 2)
2
(7, 25)
-> Request 34
1027
(3, 3, 2)
3
(64, 5)
-> Request 35
1037
(3, 1, 2)
1
(79, 48)
-> Request 36
1112
(3, 3, 1)
1
(53, 15)
-> Request 37
1123
(1, 2, 1)
2
(29, 57)
-> Request 38
1139
(4, 1, 2)
3
(8, 79)
-> Request 39
1168
(2, 2, 2)
2
(29, 0)
-> Request 40
1207
(3, 3, 1)
1
(43, 12)
-> Request 41
1237
(4, 1, 2)
3
(47, 79)
-> Request 42
1238
(1, 1, 1)
1
(48, 65)
-> Request 43
1267
(4, 2, 2)
2
(57, 7)
-> Request 44
1285
(4, 1, 1)
3
(38, 30)
-> Request 45
1357
(3, 2, 1)
1
(14, 48)
-> Request 46
1396
(4, 2, 1)
3
(12, 74)
-> Request 47
1401
(3, 1, 2)
2
(53, 18)
-> Request 48
1420
(2, 2, 1)
1
(33, 56)
--> Day : 4
-> Request 0
9
(3, 3, 1)
1
(49, 68)
-> Request 1
13
(4, 3, 2)
2
(8, 9)
-> Request 2
18
(1, 2, 2)
2
(37, 8)
-> Request 3
30
(1, 3, 2)
2
(3, 41)
-> Request 4
77
(1, 1, 1)
1
(52, 33)
-> Request 5
91
(4, 3, 2)
3
(62, 14)
-> Request 6
94
(3, 1, 2)
1
(79, 77)
-> Request 7
95
(1, 2, 2)
1
(37, 40)
-> Request 8
97
(3, 1, 2)
3
(34, 14)
-> Request 9
127
(1, 2, 2)
2
(67, 76)
-> Request 10
135
(2, 2, 1)
3
(77, 45)
-> Request 11
155
(1, 1, 2)
1
(72, 65)
-> Request 12
168
(1, 2, 2)
2
(77, 26)
-> Request 13
222
(2, 2, 2)
2
(14, 8)
-> Request 14
247
(4, 2, 2)
1
(22, 43)
-> Request 15
254
(4, 2, 1)
1
(46, 8)
-> Request 16
254
(4, 2, 1)
1
(0, 23)
-> Request 17
278
(2, 2, 2)
1
(38, 61)
-> Request 18
296
(1, 1, 2)
2
(17, 78)
-> Request 19
331
(4, 1, 1)
1
(53, 10)
-> Request 20
361
(4, 1, 1)
3
(77, 22)
-> Request 21
387
(4, 1, 1)
2
(72, 44)
-> Request 22
414
(3, 2, 1)
2
(47, 18)
-> Request 23
485
(3, 1, 1)
2
(2, 8)
-> Request 24
496
(4, 1, 2)
2
(65, 37)
-> Request 25
526
(2, 2, 1)
3
(9, 70)
-> Request 26
546
(4, 3, 2)
2
(74, 4)
-> Request 27
599
(1, 2, 2)
1
(51, 40)
-> Request 28
621
(1, 2, 1)
3
(1, 65)
-> Request 29
675
(1, 2, 2)
3
(79, 75)
-> Request 30
681
(1, 2, 1)
3
(15, 36)
-> Request 31
748
(4, 3, 2)
3
(19, 14)
-> Request 32
761
(4, 3, 2)
3
(19, 29)
-> Request 33
811
(1, 2, 1)
3
(29, 39)
-> Request 34
821
(4, 2, 1)
3
(54, 43)
-> Request 35
863
(4, 3, 2)
2
(34, 51)
-> Request 36
876
(4, 3, 1)
2
(73, 39)
-> Request 37
925
(4, 1, 2)
2
(45, 48)
-> Request 38
955
(3, 2, 2)
1
(46, 63)
-> Request 39
1028
(4, 1, 1)
2
(3, 62)
-> Request 40
1039
(4, 2, 1)
1
(69, 76)
-> Request 41
1041
(4, 3, 2)
2
(3, 11)
-> Request 42
1043
(3, 3, 2)
2
(70, 27)
-> Request 43
1080
(1, 1, 1)
2
(43, 59)
-> Request 44
1104
(4, 1, 1)
2
(69, 77)
-> Request 45
1117
(2, 3, 1)
3
(34, 74)
-> Request 46
1126
(3, 3, 2)
1
(13, 60)
-> Request 47
1126
(2, 2, 2)
3
(1, 30)
-> Request 48
1142
(1, 1, 1)
3
(9, 23)
-> Request 49
1192
(4, 2, 2)
2
(35, 23)
-> Request 50
1192
(1, 1, 1)
2
(40, 45)
-> Request 51
1222
(3, 3, 2)
1
(70, 48)
-> Request 52
1222
(2, 3, 1)
2
(14, 53)
-> Request 53
1235
(4, 2, 2)
2
(67, 78)
-> Request 54
1339
(2, 1, 2)
2
(23, 5)
-> Request 55
1377
(1, 2, 2)
1
(36, 63)
-> Request 56
1417
(2, 1, 2)
3
(21, 56)
-> Request 57
1434
(2, 1, 2)
1
(65, 66)
---> Week : 4
--> Day : 0
-> Request 0
19
(4, 3, 2)
1
(4, 22)
-> Request 1
114
(2, 1, 2)
3
(26, 66)
-> Request 2
128
(1, 3, 1)
1
(27, 27)
-> Request 3
157
(1, 1, 2)
3
(39, 20)
-> Request 4
206
(4, 3, 1)
3
(31, 15)
-> Request 5
221
(4, 2, 2)
3
(62, 33)
-> Request 6
223
(4, 3, 1)
1
(8, 73)
-> Request 7
281
(2, 1, 1)
1
(54, 41)
-> Request 8
282
(4, 3, 2)
1
(79, 73)
-> Request 9
296
(3, 3, 2)
1
(40, 49)
-> Request 10
357
(3, 2, 1)
1
(42, 16)
-> Request 11
410
(2, 1, 1)
3
(56, 52)
-> Request 12
440
(4, 2, 2)
2
(60, 69)
-> Request 13
440
(1, 2, 1)
1
(69, 58)
-> Request 14
457
(2, 2, 2)
2
(47, 19)
-> Request 15
474
(4, 1, 2)
3
(27, 51)
-> Request 16
515
(1, 1, 1)
1
(74, 61)
-> Request 17
542
(4, 1, 2)
1
(39, 24)
-> Request 18
548
(3, 2, 1)
1
(15, 34)
-> Request 19
548
(1, 3, 2)
3
(5, 33)
-> Request 20
565
(2, 3, 1)
2
(55, 70)
-> Request 21
601
(3, 1, 2)
1
(39, 4)
-> Request 22
647
(3, 3, 2)
3
(76, 34)
-> Request 23
674
(4, 1, 1)
3
(14, 48)
-> Request 24
674
(1, 2, 1)
3
(1, 59)
-> Request 25
684
(2, 1, 1)
1
(37, 25)
-> Request 26
697
(3, 2, 2)
2
(53, 36)
-> Request 27
773
(4, 2, 1)
3
(67, 75)
-> Request 28
778
(2, 3, 1)
1
(64, 17)
-> Request 29
863
(2, 3, 1)
3
(25, 72)
-> Request 30
898
(1, 3, 1)
2
(31, 56)
-> Request 31
899
(1, 2, 2)
2
(41, 58)
-> Request 32
901
(3, 3, 2)
1
(64, 36)
-> Request 33
938
(2, 3, 2)
3
(52, 48)
-> Request 34
969
(4, 2, 2)
3
(31, 7)
-> Request 35
1003
(1, 1, 2)
3
(38, 21)
-> Request 36
1007
(1, 1, 2)
3
(3, 26)
-> Request 37
1032
(1, 3, 1)
1
(21, 5)
-> Request 38
1040
(3, 3, 2)
3
(52, 9)
-> Request 39
1060
(4, 1, 1)
3
(20, 2)
-> Request 40
1076
(1, 1, 1)
1
(15, 10)
-> Request 41
1106
(4, 1, 2)
1
(9, 5)
-> Request 42
1119
(1, 2, 2)
1
(3, 48)
-> Request 43
1161
(3, 3, 2)
2
(69, 57)
-> Request 44
1204
(2, 3, 2)
1
(0, 49)
-> Request 45
1233
(2, 3, 2)
2
(64, 52)
-> Request 46
1311
(2, 3, 1)
3
(56, 20)
-> Request 47
1317
(4, 1, 2)
2
(37, 0)
-> Request 48
1335
(1, 3, 1)
1
(76, 13)
-> Request 49
1343
(1, 2, 2)
1
(78, 2)
-> Request 50
1430
(1, 3, 1)
2
(56, 42)
-> Request 51
1439
(1, 2, 1)
3
(60, 32)
--> Day : 1
-> Request 0
28
(4, 1, 2)
3
(32, 23)
-> Request 1
57
(2, 1, 2)
1
(28, 61)
-> Request 2
66
(3, 2, 2)
2
(6, 53)
-> Request 3
74
(1, 3, 2)
2
(42, 6)
-> Request 4
110
(1, 3, 1)
2
(66, 13)
-> Request 5
130
(1, 1, 2)
2
(6, 17)
-> Request 6
136
(1, 3, 2)
2
(12, 6)
-> Request 7
179
(3, 1, 1)
1
(63, 4)
-> Request 8
187
(3, 2, 1)
3
(31, 27)
-> Request 9
222
(2, 3, 1)
1
(20, 32)
-> Request 10
224
(2, 1, 1)
3
(74, 42)
-> Request 11
241
(3, 1, 2)
3
(78, 46)
-> Request 12
321
(3, 3, 1)
2
(8, 17)
-> Request 13
365
(4, 2, 1)
1
(73, 38)
-> Request 14
378
(4, 2, 1)
1
(61, 65)
-> Request 15
395
(2, 3, 2)
2
(20, 2)
-> Request 16
409
(2, 1, 2)
1
(37, 52)
-> Request 17
414
(2, 1, 2)
1
(16, 38)
-> Request 18
432
(4, 1, 2)
3
(78, 72)
-> Request 19
489
(4, 1, 2)
3
(17, 73)
-> Request 20
569
(4, 1, 2)
3
(34, 65)
-> Request 21
593
(2, 2, 2)
3
(51, 11)
-> Request 22
596
(3, 1, 2)
1
(23, 16)
-> Request 23
640
(1, 1, 1)
3
(43, 24)
-> Request 24
648
(2, 3, 1)
3
(24, 22)
-> Request 25
652
(2, 3, 1)
3
(41, 47)
-> Request 26
658
(1, 2, 1)
2
(3, 48)
-> Request 27
667
(3, 2, 2)
1
(68, 49)
-> Request 28
815
(3, 2, 2)
2
(53, 56)
-> Request 29
824
(4, 3, 1)
2
(64, 21)
-> Request 30
900
(3, 2, 2)
3
(25, 21)
-> Request 31
901
(2, 1, 1)
2
(17, 10)
-> Request 32
962
(4, 1, 2)
3
(36, 62)
-> Request 33
975
(1, 2, 1)
2
(41, 5)
-> Request 34
1018
(2, 3, 1)
1
(37, 2)
-> Request 35
1064
(3, 3, 2)
2
(15, 32)
-> Request 36
1067
(1, 1, 2)
3
(42, 40)
-> Request 37
1105
(3, 2, 1)
3
(67, 12)
-> Request 38
1111
(1, 3, 2)
1
(1, 61)
-> Request 39
1113
(3, 3, 1)
2
(35, 70)
-> Request 40
1120
(4, 2, 1)
3
(55, 23)
-> Request 41
1144
(1, 3, 1)
2
(57, 55)
-> Request 42
1193
(1, 3, 2)
1
(58, 4)
-> Request 43
1246
(4, 3, 1)
3
(56, 32)
-> Request 44
1258
(3, 1, 2)
1
(57, 73)
-> Request 45
1280
(3, 2, 2)
3
(43, 50)
-> Request 46
1282
(1, 3, 2)
1
(62, 46)
-> Request 47
1284
(2, 2, 1)
1
(69, 72)
-> Request 48
1295
(3, 3, 1)
2
(30, 57)
-> Request 49
1332
(2, 2, 2)
2
(52, 7)
-> Request 50
1356
(3, 3, 2)
1
(37, 23)
-> Request 51
1386
(4, 3, 1)
2
(70, 34)
-> Request 52
1438
(1, 2, 1)
2
(59, 77)
-> Request 53
1439
(3, 2, 2)
3
(38, 11)
--> Day : 2
-> Request 0
37
(3, 1, 1)
1
(17, 18)
-> Request 1
46
(4, 1, 2)
2
(36, 45)
-> Request 2
54
(1, 1, 2)
3
(25, 31)
-> Request 3
65
(3, 3, 1)
3
(70, 55)
-> Request 4
73
(4, 3, 2)
3
(18, 72)
-> Request 5
80
(4, 2, 2)
1
(37, 22)
-> Request 6
107
(2, 2, 1)
3
(7, 28)
-> Request 7
121
(3, 2, 2)
2
(29, 33)
-> Request 8
122
(3, 1, 1)
2
(58, 69)
-> Request 9
176
(1, 1, 2)
2
(58, 65)
-> Request 10
181
(3, 1, 1)
2
(33, 62)
-> Request 11
228
(2, 2, 1)
3
(55, 66)
-> Request 12
314
(2, 3, 2)
3
(73, 13)
-> Request 13
316
(4, 3, 1)
2
(55, 75)
-> Request 14
323
(2, 1, 2)
1
(28, 13)
-> Request 15
338
(3, 2, 2)
2
(76, 0)
-> Request 16
386
(3, 3, 2)
2
(24, 20)
-> Request 17
386
(1, 3, 2)
1
(47, 34)
-> Request 18
390
(3, 2, 1)
2
(57, 11)
-> Request 19
426
(2, 2, 1)
3
(73, 70)
-> Request 20
454
(1, 3, 2)
3
(9, 61)
-> Request 21
496
(1, 1, 1)
1
(55, 52)
-> Request 22
507
(1, 1, 1)
3
(15, 35)
-> Request 23
535
(2, 3, 2)
2
(24, 14)
-> Request 24
569
(4, 3, 1)
1
(4, 17)
-> Request 25
592
(2, 3, 2)
2
(55, 57)
-> Request 26
639
(3, 1, 2)
3
(53, 15)
-> Request 27
639
(2, 3, 2)
1
(28, 64)
-> Request 28
639
(2, 1, 2)
1
(36, 60)
-> Request 29
645
(1, 3, 1)
1
(9, 78)
-> Request 30
647
(1, 1, 2)
2
(49, 11)
-> Request 31
665
(2, 3, 2)
3
(4, 18)
-> Request 32
706
(2, 2, 2)
3
(16, 37)
-> Request 33
720
(3, 1, 2)
1
(14, 18)
-> Request 34
742
(4, 3, 2)
3
(59, 43)
-> Request 35
757
(3, 3, 2)
2
(70, 75)
-> Request 36
763
(3, 2, 2)
3
(67, 35)
-> Request 37
814
(3, 2, 1)
2
(8, 55)
-> Request 38
845
(4, 1, 2)
1
(73, 36)
-> Request 39
851
(2, 2, 2)
3
(76, 58)
-> Request 40
866
(3, 1, 1)
2
(63, 36)
-> Request 41
870
(2, 3, 2)
2
(2, 3)
-> Request 42
878
(3, 2, 1)
1
(28, 74)
-> Request 43
910
(2, 3, 2)
2
(56, 23)
-> Request 44
975
(3, 3, 1)
2
(45, 69)
-> Request 45
1016
(4, 1, 1)
1
(29, 37)
-> Request 46
1069
(1, 3, 2)
1
(73, 70)
-> Request 47
1111
(1, 3, 1)
1
(57, 33)
-> Request 48
1114
(4, 2, 2)
3
(68, 75)
-> Request 49
1126
(4, 2, 1)
2
(79, 47)
-> Request 50
1143
(3, 3, 1)
2
(74, 23)
-> Request 51
1165
(3, 1, 2)
2
(61, 46)
-> Request 52
1165
(2, 2, 2)
1
(7, 14)
-> Request 53
1165
(3, 3, 2)
2
(64, 42)
-> Request 54
1168
(2, 3, 2)
2
(64, 62)
-> Request 55
1190
(1, 1, 2)
1
(4, 15)
-> Request 56
1196
(4, 2, 2)
1
(54, 14)
-> Request 57
1250
(3, 3, 1)
1
(41, 10)
-> Request 58
1256
(2, 1, 2)
3
(66, 23)
-> Request 59
1285
(4, 1, 2)
3
(37, 23)
-> Request 60
1291
(2, 3, 2)
2
(28, 65)
-> Request 61
1315
(2, 3, 1)
1
(4, 28)
-> Request 62
1317
(3, 2, 1)
2
(10, 74)
-> Request 63
1326
(3, 1, 2)
2
(14, 24)
-> Request 64
1345
(2, 2, 2)
1
(12, 47)
-> Request 65
1345
(2, 3, 1)
1
(23, 58)
--> Day : 3
-> Request 0
39
(4, 3, 1)
3
(57, 5)
-> Request 1
41
(1, 3, 2)
2
(8, 34)
-> Request 2
49
(3, 2, 1)
1
(6, 38)
-> Request 3
70
(3, 2, 2)
1
(30, 57)
-> Request 4
70
(4, 1, 2)
1
(61, 58)
-> Request 5
73
(3, 1, 1)
3
(25, 3)
-> Request 6
82
(2, 2, 1)
3
(20, 43)
-> Request 7
85
(1, 3, 1)
2
(7, 60)
-> Request 8
192
(4, 3, 1)
2
(4, 42)
-> Request 9
218
(4, 2, 1)
1
(31, 14)
-> Request 10
228
(1, 2, 1)
3
(42, 59)
-> Request 11
296
(1, 3, 2)
1
(22, 57)
-> Request 12
367
(3, 3, 2)
3
(8, 48)
-> Request 13
372
(4, 2, 1)
2
(63, 28)
-> Request 14
406
(1, 1, 1)
1
(63, 39)
-> Request 15
415
(4, 2, 2)
1
(46, 9)
-> Request 16
446
(2, 2, 2)
1
(47, 2)
-> Request 17
453
(3, 1, 1)
1
(78, 7)
-> Request 18
463
(2, 3, 1)
1
(1, 68)
-> Request 19
489
(1, 3, 2)
2
(22, 52)
-> Request 20
492
(4, 2, 1)
1
(34, 66)
-> Request 21
498
(1, 1, 2)
1
(15, 14)
-> Request 22
498
(1, 2, 2)
3
(68, 46)
-> Request 23
512
(3, 1, 1)
3
(14, 64)
-> Request 24
573
(2, 2, 2)
2
(7, 63)
-> Request 25
573
(3, 2, 1)
2
(64, 33)
-> Request 26
583
(3, 1, 2)
1
(65, 19)
-> Request 27
586
(1, 1, 1)
1
(63, 11)
-> Request 28
704
(3, 3, 2)
2
(12, 72)
-> Request 29
705
(4, 1, 1)
2
(38, 12)
-> Request 30
746
(4, 2, 1)
3
(12, 29)
-> Request 31
768
(2, 1, 2)
3
(37, 39)
-> Request 32
768
(1, 3, 2)
2
(43, 36)
-> Request 33
770
(1, 1, 2)
3
(13, 17)
-> Request 34
836
(3, 1, 1)
3
(9, 60)
-> Request 35
852
(3, 2, 1)
1
(36, 77)
-> Request 36
875
(2, 1, 1)
1
(61, 0)
-> Request 37
876
(4, 1, 2)
2
(0, 79)
-> Request 38
879
(2, 2, 1)
3
(1, 64)
-> Request 39
939
(1, 3, 1)
1
(13, 67)
-> Request 40
968
(4, 2, 1)
1
(66, 5)
-> Request 41
968
(1, 1, 1)
3
(13, 59)
-> Request 42
981
(4, 1, 2)
2
(5, 72)
-> Request 43
1000
(4, 3, 2)
1
(23, 17)
-> Request 44
1105
(3, 3, 1)
2
(20, 23)
-> Request 45
1125
(2, 2, 2)
3
(19, 12)
-> Request 46
1184
(4, 1, 1)
2
(72, 19)
-> Request 47
1219
(2, 2, 2)
3
(39, 5)
-> Request 48
1221
(4, 3, 2)
2
(5, 78)
-> Request 49
1306
(4, 2, 1)
1
(69, 25)
-> Request 50
1313
(1, 3, 2)
1
(51, 64)
-> Request 51
1328
(3, 3, 2)
2
(32, 53)
-> Request 52
1338
(1, 1, 1)
3
(23, 19)
-> Request 53
1378
(3, 1, 1)
3
(47, 68)
-> Request 54
1380
(2, 2, 2)
2
(68, 1)
-> Request 55
1402
(3, 1, 2)
1
(76, 3)
-> Request 56
1420
(2, 3, 2)
3
(53, 35)
-> Request 57
1428
(2, 3, 2)
1
(38, 39)
--> Day : 4
-> Request 0
52
(1, 2, 1)
3
(21, 34)
-> Request 1
57
(3, 2, 2)
3
(77, 39)
-> Request 2
59
(1, 1, 1)
2
(0, 19)
-> Request 3
63
(1, 1, 2)
2
(22, 5)
-> Request 4
76
(3, 2, 2)
1
(47, 57)
-> Request 5
79
(1, 2, 2)
3
(62, 54)
-> Request 6
176
(1, 2, 1)
2
(16, 74)
-> Request 7
207
(2, 2, 2)
3
(39, 72)
-> Request 8
245
(1, 1, 1)
2
(52, 60)
-> Request 9
262
(1, 2, 1)
1
(33, 13)
-> Request 10
265
(2, 3, 1)
3
(35, 75)
-> Request 11
273
(2, 3, 1)
3
(25, 56)
-> Request 12
281
(2, 1, 2)
1
(61, 36)
-> Request 13
332
(1, 3, 1)
3
(44, 69)
-> Request 14
339
(4, 1, 2)
3
(45, 7)
-> Request 15
350
(3, 1, 1)
2
(12, 62)
-> Request 16
365
(3, 3, 1)
3
(51, 44)
-> Request 17
415
(2, 3, 1)
2
(5, 46)
-> Request 18
420
(4, 3, 1)
2
(61, 62)
-> Request 19
455
(4, 3, 1)
1
(8, 0)
-> Request 20
478
(3, 1, 1)
3
(41, 53)
-> Request 21
487
(4, 3, 1)
2
(58, 29)
-> Request 22
506
(4, 3, 1)
3
(71, 22)
-> Request 23
516
(3, 3, 2)
1
(16, 41)
-> Request 24
531
(3, 1, 2)
1
(51, 19)
-> Request 25
538
(2, 1, 1)
2
(64, 75)
-> Request 26
542
(2, 2, 1)
2
(44, 46)
-> Request 27
611
(3, 1, 2)
1
(37, 78)
-> Request 28
624
(2, 2, 1)
2
(78, 73)
-> Request 29
624
(2, 3, 1)
3
(61, 66)
-> Request 30
654
(3, 2, 2)
1
(18, 69)
-> Request 31
676
(4, 2, 2)
2
(27, 77)
-> Request 32
680
(4, 2, 2)
3
(9, 43)
-> Request 33
714
(3, 3, 2)
2
(54, 34)
-> Request 34
731
(4, 2, 2)
2
(8, 22)
-> Request 35
766
(1, 1, 2)
3
(53, 15)
-> Request 36
798
(3, 3, 2)
3
(75, 52)
-> Request 37
802
(3, 2, 2)
2
(17, 77)
-> Request 38
825
(1, 1, 2)
3
(75, 22)
-> Request 39
834
(1, 3, 1)
1
(69, 7)
-> Request 40
856
(1, 3, 1)
3
(29, 54)
-> Request 41
861
(2, 3, 2)
3
(40, 20)
-> Request 42
893
(2, 1, 2)
3
(20, 61)
-> Request 43
912
(3, 1, 2)
1
(40, 42)
-> Request 44
945
(3, 2, 2)
1
(64, 4)
-> Request 45
974
(3, 2, 1)
2
(47, 3)
-> Request 46
1071
(2, 3, 1)
2
(2, 68)
-> Request 47
1086
(3, 1, 2)
3
(49, 17)
-> Request 48
1233
(2, 2, 2)
1
(66, 76)
-> Request 49
1254
(3, 1, 2)
1
(8, 33)
-> Request 50
1262
(4, 3, 1)
3
(24, 12)
-> Request 51
1281
(2, 2, 1)
1
(70, 23)
-> Request 52
1290
(2, 1, 1)
1
(44, 20)
-> Request 53
1307
(4, 1, 2)
1
(8, 42)
-> Request 54
1368
(4, 1, 2)
2
(6, 15)
-> Request 55
1434
(2, 1, 2)
1
(37, 54)
-> Request 56
1439
(4, 1, 2)
1
(11, 53)
---> Week : 5
--> Day : 0
-> Request 0
7
(1, 1, 2)
2
(14, 37)
-> Request 1
10
(4, 2, 2)
2
(30, 14)
-> Request 2
30
(1, 1, 1)
1
(71, 62)
-> Request 3
64
(3, 2, 2)
1
(72, 43)
-> Request 4
69
(1, 2, 1)
3
(26, 46)
-> Request 5
86
(2, 3, 2)
2
(67, 64)
-> Request 6
116
(1, 2, 1)
1
(69, 74)
-> Request 7
134
(1, 3, 1)
2
(9, 59)
-> Request 8
171
(4, 2, 2)
1
(26, 77)
-> Request 9
209
(3, 3, 1)
2
(29, 20)
-> Request 10
249
(3, 2, 1)
1
(34, 10)
-> Request 11
250
(2, 2, 1)
1
(56, 0)
-> Request 12
256
(1, 3, 1)
3
(50, 73)
-> Request 13
272
(3, 1, 2)
3
(10, 4)
-> Request 14
298
(4, 3, 2)
2
(52, 35)
-> Request 15
306
(4, 1, 1)
3
(24, 22)
-> Request 16
331
(2, 3, 1)
2
(75, 73)
-> Request 17
363
(4, 1, 2)
1
(33, 76)
-> Request 18
366
(2, 3, 1)
1
(20, 32)
-> Request 19
378
(2, 3, 1)
3
(61, 21)
-> Request 20
397
(2, 3, 2)
3
(76, 37)
-> Request 21
411
(1, 1, 2)
3
(53, 3)
-> Request 22
452
(4, 3, 2)
1
(43, 55)
-> Request 23
453
(2, 2, 2)
3
(70, 58)
-> Request 24
510
(3, 2, 2)
2
(56, 62)
-> Request 25
532
(4, 2, 1)
2
(63, 75)
-> Request 26
570
(1, 1, 2)
3
(53, 18)
-> Request 27
599
(4, 2, 2)
3
(65, 38)
-> Request 28
602
(4, 1, 2)
1
(77, 64)
-> Request 29
606
(4, 2, 1)
1
(46, 6)
-> Request 30
665
(2, 3, 1)
1
(26, 77)
-> Request 31
703
(2, 1, 2)
2
(69, 14)
-> Request 32
787
(2, 3, 2)
2
(26, 11)
-> Request 33
877
(4, 2, 2)
3
(27, 43)
-> Request 34
880
(4, 1, 1)
3
(71, 67)
-> Request 35
880
(4, 3, 2)
1
(13, 37)
-> Request 36
897
(3, 3, 1)
2
(2, 50)
-> Request 37
942
(1, 3, 2)
2
(63, 63)
-> Request 38
958
(2, 1, 1)
3
(50, 73)
-> Request 39
961
(4, 3, 1)
3
(1, 33)
-> Request 40
999
(2, 1, 1)
1
(52, 22)
-> Request 41
1035
(4, 2, 1)
2
(71, 23)
-> Request 42
1035
(4, 3, 2)
3
(72, 56)
-> Request 43
1050
(1, 3, 1)
1
(51, 29)
-> Request 44
1053
(2, 3, 1)
1
(55, 10)
-> Request 45
1055
(3, 2, 1)
1
(36, 58)
-> Request 46
1058
(1, 2, 1)
3
(47, 15)
-> Request 47
1069
(3, 1, 2)
3
(54, 14)
-> Request 48
1070
(3, 1, 2)
2
(34, 65)
-> Request 49
1072
(3, 2, 2)
1
(10, 59)
-> Request 50
1120
(2, 2, 2)
1
(14, 66)
-> Request 51
1186
(4, 3, 1)
2
(67, 18)
-> Request 52
1231
(4, 1, 2)
2
(39, 20)
-> Request 53
1312
(1, 3, 2)
3
(77, 39)
-> Request 54
1322
(2, 1, 2)
3
(60, 11)
-> Request 55
1330
(4, 3, 1)
2
(34, 38)
-> Request 56
1361
(3, 2, 2)
1
(54, 40)
-> Request 57
1363
(1, 2, 1)
2
(71, 12)
-> Request 58
1382
(2, 3, 1)
1
(74, 52)
-> Request 59
1389
(4, 3, 1)
3
(63, 73)
-> Request 60
1396
(1, 1, 1)
1
(71, 37)
-> Request 61
1429
(2, 2, 2)
1
(32, 23)
--> Day : 1
-> Request 0
8
(1, 1, 2)
2
(59, 48)
-> Request 1
8
(1, 3, 2)
3
(5, 32)
-> Request 2
52
(4, 1, 1)
3
(41, 51)
-> Request 3
57
(3, 1, 1)
2
(52, 76)
-> Request 4
94
(4, 2, 1)
2
(44, 17)
-> Request 5
122
(2, 2, 1)
1
(59, 20)
-> Request 6
125
(1, 1, 2)
1
(34, 49)
-> Request 7
178
(4, 1, 2)
1
(23, 19)
-> Request 8
192
(1, 1, 1)
2
(8, 77)
-> Request 9
205
(3, 3, 1)
2
(36, 4)
-> Request 10
237
(2, 1, 1)
1
(46, 50)
-> Request 11
250
(2, 1, 2)
3
(18, 14)
-> Request 12
254
(1, 2, 1)
3
(31, 60)
-> Request 13
284
(2, 3, 2)
1
(53, 15)
-> Request 14
328
(2, 1, 2)
1
(33, 14)
-> Request 15
396
(4, 2, 2)
3
(50, 46)
-> Request 16
424
(3, 1, 2)
3
(40, 11)
-> Request 17
424
(2, 2, 1)
2
(68, 31)
-> Request 18
479
(4, 1, 2)
1
(39, 16)
-> Request 19
500
(4, 1, 1)
3
(76, 0)
-> Request 20
506
(2, 1, 1)
1
(7, 28)
-> Request 21
555
(3, 1, 1)
2
(43, 62)
-> Request 22
569
(1, 2, 2)
2
(30, 35)
-> Request 23
573
(2, 2, 1)
3
(62, 0)
-> Request 24
597
(4, 2, 1)
1
(73, 13)
-> Request 25
597
(2, 2, 1)
2
(45, 55)
-> Request 26
617
(1, 2, 2)
3
(43, 48)
-> Request 27
633
(2, 3, 1)
1
(79, 64)
-> Request 28
638
(3, 3, 1)
2
(9, 43)
-> Request 29
644
(3, 3, 2)
2
(49, 68)
-> Request 30
648
(2, 1, 2)
2
(5, 43)
-> Request 31
664
(3, 2, 2)
2
(66, 53)
-> Request 32
673
(2, 2, 1)
3
(50, 13)
-> Request 33
684
(1, 3, 1)
1
(43, 18)
-> Request 34
689
(4, 1, 1)
1
(32, 34)
-> Request 35
701
(2, 2, 2)
3
(59, 56)
-> Request 36
703
(2, 1, 2)
3
(1, 14)
-> Request 37
703
(2, 1, 2)
3
(18, 63)
-> Request 38
749
(4, 3, 2)
1
(24, 14)
-> Request 39
781
(1, 2, 2)
1
(46, 68)
-> Request 40
786
(2, 3, 1)
2
(16, 47)
-> Request 41
873
(2, 1, 1)
3
(46, 32)
-> Request 42
887
(3, 1, 2)
3
(20, 57)
-> Request 43
892
(1, 1, 2)
1
(41, 74)
-> Request 44
905
(1, 3, 2)
3
(66, 71)
-> Request 45
923
(2, 1, 1)
2
(68, 2)
-> Request 46
937
(2, 3, 1)
1
(74, 34)
-> Request 47
992
(3, 2, 1)
2
(28, 38)
-> Request 48
997
(3, 3, 1)
2
(35, 43)
-> Request 49
998
(3, 3, 2)
1
(49, 73)
-> Request 50
1035
(2, 1, 1)
2
(69, 73)
-> Request 51
1047
(4, 1, 1)
2
(67, 36)
-> Request 52
1064
(1, 3, 2)
1
(66, 6)
-> Request 53
1076
(4, 2, 2)
1
(21, 69)
-> Request 54
1076
(2, 1, 1)
1
(3, 30)
-> Request 55
1079
(4, 3, 1)
3
(12, 49)
-> Request 56
1104
(2, 2, 1)
2
(45, 78)
-> Request 57
1115
(3, 2, 2)
3
(21, 62)
-> Request 58
1138
(3, 1, 1)
1
(26, 36)
-> Request 59
1268
(3, 2, 1)
3
(35, 27)
-> Request 60
1283
(4, 2, 1)
2
(36, 33)
-> Request 61
1321
(2, 2, 1)
3
(26, 33)
--> Day : 2
-> Request 0
26
(3, 3, 2)
3
(75, 64)
-> Request 1
52
(1, 3, 2)
2
(0, 17)
-> Request 2
68
(4, 3, 2)
2
(74, 73)
-> Request 3
76
(3, 3, 2)
3
(31, 22)
-> Request 4
94
(4, 2, 2)
3
(14, 2)
-> Request 5
147
(2, 2, 2)
3
(78, 72)
-> Request 6
192
(3, 2, 1)
2
(5, 73)
-> Request 7
198
(4, 1, 2)
2
(78, 43)
-> Request 8
206
(1, 2, 2)
1
(0, 63)
-> Request 9
209
(2, 2, 1)
3
(53, 9)
-> Request 10
219
(1, 1, 2)
3
(25, 0)
-> Request 11
239
(3, 3, 2)
3
(42, 72)
-> Request 12
309
(1, 3, 2)
3
(4, 64)
-> Request 13
338
(3, 2, 2)
3
(41, 40)
-> Request 14
339
(3, 3, 2)
3
(18, 40)
-> Request 15
401
(2, 1, 1)
1
(54, 50)
-> Request 16
412
(4, 1, 2)
2
(35, 67)
-> Request 17
491
(4, 1, 2)
3
(5, 61)
-> Request 18
554
(1, 1, 2)
3
(7, 20)
-> Request 19
557
(2, 2, 2)
1
(58, 36)
-> Request 20
580
(4, 1, 1)
2
(2, 36)
-> Request 21
591
(2, 2, 1)
2
(50, 5)
-> Request 22
601
(1, 3, 1)
2
(76, 16)
-> Request 23
607
(4, 2, 1)
1
(66, 9)
-> Request 24
648
(4, 2, 1)
3
(8, 20)
-> Request 25
655
(1, 3, 2)
1
(72, 57)
-> Request 26
658
(3, 2, 2)
2
(31, 17)
-> Request 27
678
(3, 3, 1)
1
(29, 68)
-> Request 28
688
(2, 3, 1)
1
(41, 15)
-> Request 29
697
(3, 3, 2)
2
(72, 9)
-> Request 30
700
(4, 1, 2)
2
(70, 74)
-> Request 31
739
(2, 3, 2)
2
(58, 59)
-> Request 32
866
(3, 3, 1)
3
(13, 40)
-> Request 33
872
(1, 1, 1)
1
(68, 69)
-> Request 34
909
(3, 1, 1)
1
(56, 14)
-> Request 35
919
(1, 3, 1)
2
(38, 70)
-> Request 36
939
(3, 2, 1)
1
(71, 54)
-> Request 37
944
(4, 2, 2)
2
(18, 73)
-> Request 38
970
(4, 2, 2)
3
(43, 45)
-> Request 39
975
(3, 1, 1)
1
(69, 79)
-> Request 40
1032
(1, 3, 2)
2
(52, 33)
-> Request 41
1039
(1, 2, 2)
1
(1, 28)
-> Request 42
1096
(3, 1, 2)
2
(35, 44)
-> Request 43
1097
(2, 2, 2)
1
(73, 33)
-> Request 44
1164
(2, 3, 1)
2
(71, 14)
-> Request 45
1233
(3, 3, 1)
3
(55, 0)
-> Request 46
1253
(3, 3, 1)
3
(61, 78)
-> Request 47
1253
(3, 2, 1)
2
(4, 39)
-> Request 48
1356
(2, 3, 1)
2
(39, 64)
-> Request 49
1411
(4, 2, 1)
1
(19, 58)
-> Request 50
1415
(1, 3, 2)
3
(76, 48)
-> Request 51
1420
(3, 1, 2)
3
(10, 3)
-> Request 52
1438
(2, 2, 2)
3
(50, 70)
--> Day : 3
-> Request 0
4
(1, 1, 1)
3
(44, 79)
-> Request 1
130
(1, 1, 2)
2
(14, 16)
-> Request 2
195
(2, 1, 1)
1
(32, 21)
-> Request 3
197
(4, 1, 2)
1
(75, 41)
-> Request 4
243
(4, 2, 1)
1
(33, 49)
-> Request 5
259
(3, 3, 2)
1
(48, 23)
-> Request 6
287
(4, 2, 2)
1
(12, 10)
-> Request 7
294
(2, 2, 1)
2
(22, 18)
-> Request 8
301
(4, 1, 2)
2
(54, 37)
-> Request 9
308
(2, 1, 1)
3
(35, 26)
-> Request 10
322
(1, 3, 2)
2
(79, 79)
-> Request 11
362
(3, 1, 2)
2
(54, 7)
-> Request 12
375
(4, 3, 1)
1
(19, 34)
-> Request 13
381
(3, 2, 1)
1
(78, 49)
-> Request 14
384
(1, 3, 2)
1
(79, 18)
-> Request 15
388
(3, 2, 2)
1
(62, 1)
-> Request 16
410
(1, 3, 1)
2
(31, 43)
-> Request 17
411
(1, 1, 2)
1
(51, 16)
-> Request 18
434
(3, 3, 2)
2
(30, 66)
-> Request 19
436
(4, 2, 2)
1
(51, 75)
-> Request 20
446
(1, 2, 1)
3
(64, 79)
-> Request 21
455
(4, 2, 2)
2
(44, 21)
-> Request 22
508
(4, 2, 2)
2
(69, 77)
-> Request 23
564
(2, 1, 1)
1
(75, 25)
-> Request 24
604
(1, 1, 1)
2
(29, 72)
-> Request 25
615
(3, 3, 1)
2
(49, 75)
-> Request 26
654
(2, 2, 1)
1
(43, 31)
-> Request 27
741
(4, 2, 2)
1
(9, 38)
-> Request 28
757
(3, 2, 2)
3
(27, 47)
-> Request 29
764
(1, 1, 2)
1
(62, 19)
-> Request 30
779
(2, 2, 2)
2
(46, 35)
-> Request 31
788
(3, 2, 1)
3
(22, 65)
-> Request 32
793
(1, 1, 1)
2
(48, 32)
-> Request 33
817
(2, 1, 1)
3
(6, 2)
-> Request 34
842
(4, 1, 2)
3
(68, 37)
-> Request 35
869
(3, 3, 2)
2
(68, 55)
-> Request 36
897
(3, 1, 2)
2
(3, 55)
-> Request 37
981
(4, 1, 2)
1
(57, 66)
-> Request 38
988
(2, 1, 2)
1
(3, 27)
-> Request 39
1047
(2, 2, 2)
2
(30, 60)
-> Request 40
1127
(3, 1, 2)
1
(62, 32)
-> Request 41
1167
(1, 2, 1)
1
(16, 79)
-> Request 42
1221
(4, 2, 2)
3
(3, 70)
-> Request 43
1303
(3, 2, 2)
3
(0, 73)
-> Request 44
1320
(4, 2, 1)
2
(64, 79)
-> Request 45
1406
(4, 1, 2)
2
(70, 17)
-> Request 46
1418
(1, 1, 1)
1
(60, 20)
--> Day : 4
-> Request 0
60
(1, 2, 2)
3
(2, 35)
-> Request 1
139
(3, 2, 2)
2
(78, 0)
-> Request 2
144
(1, 1, 1)
3
(49, 51)
-> Request 3
160
(4, 1, 2)
3
(76, 52)
-> Request 4
195
(1, 2, 2)
3
(75, 31)
-> Request 5
231
(4, 2, 1)
1
(21, 79)
-> Request 6
281
(1, 2, 2)
2
(25, 62)
-> Request 7
284
(1, 3, 1)
2
(64, 66)
-> Request 8
290
(2, 2, 1)
3
(29, 79)
-> Request 9
324
(3, 3, 2)
1
(2, 1)
-> Request 10
325
(3, 2, 2)
3
(18, 74)
-> Request 11
336
(3, 3, 1)
2
(67, 40)
-> Request 12
374
(4, 3, 2)
3
(41, 52)
-> Request 13
376
(2, 1, 1)
1
(18, 38)
-> Request 14
397
(3, 2, 2)
3
(0, 57)
-> Request 15
443
(1, 1, 1)
1
(41, 24)
-> Request 16
459
(1, 1, 2)
2
(24, 6)
-> Request 17
505
(4, 1, 2)
3
(4, 24)
-> Request 18
581
(2, 3, 1)
2
(62, 42)
-> Request 19
594
(4, 1, 1)
3
(45, 59)
-> Request 20
600
(4, 3, 1)
1
(64, 38)
-> Request 21
607
(4, 3, 1)
1
(9, 21)
-> Request 22
609
(4, 3, 1)
2
(33, 3)
-> Request 23
610
(2, 1, 1)
1
(23, 17)
-> Request 24
680
(4, 3, 2)
2
(61, 77)
-> Request 25
696
(2, 2, 2)
1
(4, 6)
-> Request 26
802
(4, 3, 1)
1
(64, 64)
-> Request 27
821
(3, 1, 1)
2
(14, 42)
-> Request 28
828
(4, 3, 1)
3
(12, 36)
-> Request 29
842
(1, 3, 1)
2
(67, 24)
-> Request 30
848
(3, 2, 2)
3
(13, 59)
-> Request 31
906
(4, 2, 1)
2
(8, 25)
-> Request 32
914
(2, 3, 1)
3
(26, 66)
-> Request 33
915
(3, 2, 1)
3
(12, 14)
-> Request 34
940
(2, 1, 1)
1
(71, 36)
-> Request 35
942
(1, 2, 2)
3
(0, 45)
-> Request 36
944
(1, 3, 2)
1
(14, 59)
-> Request 37
1033
(3, 3, 2)
2
(33, 74)
-> Request 38
1046
(2, 2, 2)
3
(21, 11)
-> Request 39
1068
(2, 2, 1)
1
(60, 65)
-> Request 40
1107
(3, 3, 2)
1
(13, 14)
-> Request 41
1116
(3, 1, 1)
2
(6, 13)
-> Request 42
1160
(1, 1, 2)
3
(22, 45)
-> Request 43
1249
(1, 2, 2)
2
(64, 56)
-> Request 44
1276
(2, 3, 1)
2
(57, 57)
-> Request 45
1363
(2, 3, 1)
3
(41, 14)
-> Request 46
1377
(4, 2, 2)
1
(1, 79)
-> Request 47
1381
(3, 3, 1)
2
(7, 60)
-> Request 48
1385
(2, 2, 1)
3
(31, 23)
---> Week : 6
--> Day : 0
-> Request 0
96
(3, 3, 2)
3
(6, 12)
-> Request 1
115
(3, 2, 2)
1
(58, 70)
-> Request 2
134
(2, 2, 2)
1
(27, 4)
-> Request 3
147
(3, 3, 1)
3
(17, 23)
-> Request 4
156
(4, 2, 1)
2
(61, 12)
-> Request 5
180
(4, 1, 1)
3
(45, 55)
-> Request 6
199
(1, 3, 1)
1
(27, 67)
-> Request 7
224
(1, 3, 2)
1
(57, 49)
-> Request 8
231
(2, 3, 2)
1
(11, 50)
-> Request 9
250
(3, 3, 2)
1
(35, 24)
-> Request 10
285
(2, 2, 2)
2
(54, 57)
-> Request 11
286
(2, 3, 1)
3
(66, 27)
-> Request 12
288
(1, 3, 1)
2
(40, 13)
-> Request 13
319
(3, 1, 2)
3
(27, 51)
-> Request 14
334
(1, 2, 2)
2
(2, 59)
-> Request 15
409
(1, 3, 2)
1
(79, 61)
-> Request 16
435
(1, 1, 1)
1
(21, 16)
-> Request 17
454
(3, 3, 2)
1
(30, 70)
-> Request 18
454
(4, 2, 2)
2
(53, 43)
-> Request 19
513
(2, 2, 1)
2
(79, 60)
-> Request 20
559
(4, 3, 2)
3
(73, 26)
-> Request 21
583
(3, 1, 2)
2
(59, 43)
-> Request 22
597
(4, 1, 2)
1
(23, 65)
-> Request 23
641
(1, 2, 2)
2
(7, 49)
-> Request 24
646
(1, 1, 1)
2
(76, 53)
-> Request 25
679
(1, 3, 1)
1
(42, 11)
-> Request 26
712
(4, 3, 2)
1
(25, 32)
-> Request 27
785
(3, 2, 2)
3
(17, 63)
-> Request 28
902
(1, 1, 2)
1
(48, 27)
-> Request 29
931
(3, 3, 1)
3
(0, 32)
-> Request 30
949
(3, 1, 1)
2
(42, 60)
-> Request 31
968
(3, 1, 1)
2
(18, 56)
-> Request 32
999
(1, 2, 2)
1
(31, 21)
-> Request 33
1009
(1, 1, 1)
3
(71, 56)
-> Request 34
1018
(1, 2, 1)
3
(63, 59)
-> Request 35
1049
(1, 3, 1)
1
(22, 15)
-> Request 36
1092
(2, 1, 1)
3
(28, 43)
-> Request 37
1097
(3, 3, 1)
1
(48, 41)
-> Request 38
1131
(1, 3, 2)
1
(6, 14)
-> Request 39
1134
(2, 3, 2)
2
(58, 23)
-> Request 40
1144
(1, 3, 2)
3
(61, 2)
-> Request 41
1171
(1, 2, 1)
1
(45, 22)
-> Request 42
1177
(4, 2, 1)
2
(54, 61)
-> Request 43
1182
(4, 3, 2)
1
(8, 37)
-> Request 44
1189
(4, 3, 1)
1
(79, 77)
-> Request 45
1243
(1, 2, 2)
3
(54, 59)
-> Request 46
1273
(1, 3, 1)
3
(14, 4)
-> Request 47
1324
(4, 2, 2)
2
(62, 29)
-> Request 48
1366
(2, 3, 1)
2
(72, 36)
-> Request 49
1399
(4, 1, 1)
1
(18, 77)
-> Request 50
1407
(2, 1, 2)
3
(50, 41)
-> Request 51
1413
(3, 2, 1)
2
(29, 15)
-> Request 52
1415
(4, 2, 2)
1
(54, 9)
-> Request 53
1436
(4, 2, 2)
1
(2, 56)
-> Request 54
1437
(4, 3, 1)
3
(26, 38)
--> Day : 1
-> Request 0
8
(4, 1, 1)
2
(5, 18)
-> Request 1
31
(3, 3, 2)
2
(68, 62)
-> Request 2
35
(2, 3, 2)
2
(71, 34)
-> Request 3
56
(2, 1, 2)
3
(8, 53)
-> Request 4
76
(4, 2, 2)
1
(24, 32)
-> Request 5
99
(4, 3, 2)
3
(51, 39)
-> Request 6
106
(1, 2, 2)
2
(24, 38)
-> Request 7
126
(3, 3, 1)
3
(12, 14)
-> Request 8
144
(4, 2, 1)
3
(59, 33)
-> Request 9
147
(2, 1, 1)
1
(3, 45)
-> Request 10
194
(2, 1, 2)
3
(10, 69)
-> Request 11
196
(3, 3, 1)
1
(58, 28)
-> Request 12
206
(1, 3, 1)
1
(23, 53)
-> Request 13
210
(4, 1, 1)
1
(78, 56)
-> Request 14
222
(3, 2, 2)
2
(64, 19)
-> Request 15
236
(3, 1, 1)
2
(10, 35)
-> Request 16
243
(2, 2, 2)
1
(55, 38)
-> Request 17
272
(2, 3, 2)
1
(54, 70)
-> Request 18
322
(2, 1, 1)
2
(79, 78)
-> Request 19
372
(4, 3, 1)
2
(48, 53)
-> Request 20
375
(1, 1, 1)
2
(39, 16)
-> Request 21
375
(4, 3, 1)
1
(63, 65)
-> Request 22
380
(4, 2, 2)
3
(49, 30)
-> Request 23
393
(3, 2, 1)
1
(7, 57)
-> Request 24
413
(3, 2, 2)
2
(9, 16)
-> Request 25
416
(4, 1, 1)
3
(26, 69)
-> Request 26
427
(3, 1, 1)
1
(31, 10)
-> Request 27
501
(3, 3, 2)
3
(9, 71)
-> Request 28
503
(1, 2, 1)
2
(63, 17)
-> Request 29
505
(2, 1, 2)
3
(51, 76)
-> Request 30
579
(3, 2, 1)
2
(56, 2)
-> Request 31
611
(2, 1, 1)
3
(51, 54)
-> Request 32
701
(2, 3, 2)
3
(59, 63)
-> Request 33
737
(1, 2, 2)
1
(38, 43)
-> Request 34
795
(1, 1, 2)
3
(76, 51)
-> Request 35
835
(1, 3, 2)
2
(20, 46)
-> Request 36
839
(3, 3, 1)
3
(14, 59)
-> Request 37
851
(3, 1, 1)
1
(67, 66)
-> Request 38
883
(1, 3, 1)
1
(19, 30)
-> Request 39
907
(1, 1, 2)
2
(26, 41)
-> Request 40
911
(3, 2, 1)
1
(31, 23)
-> Request 41
911
(4, 2, 2)
1
(79, 34)
-> Request 42
915
(1, 3, 1)
2
(21, 47)
-> Request 43
916
(1, 3, 1)
1
(29, 43)
-> Request 44
927
(2, 3, 2)
1
(27, 68)
-> Request 45
937
(4, 2, 1)
1
(66, 70)
-> Request 46
952
(2, 1, 1)
2
(1, 27)
-> Request 47
976
(3, 1, 1)
2
(31, 28)
-> Request 48
1022
(4, 3, 1)
1
(22, 34)
-> Request 49
1046
(1, 1, 1)
1
(12, 30)
-> Request 50
1054
(1, 2, 2)
1
(61, 20)
-> Request 51
1070
(2, 2, 2)
3
(62, 29)
-> Request 52
1073
(4, 1, 1)
2
(0, 2)
-> Request 53
1082
(3, 1, 1)
3
(45, 34)
-> Request 54
1082
(1, 1, 1)
2
(53, 50)
-> Request 55
1088
(3, 3, 1)
3
(16, 6)
-> Request 56
1114
(2, 2, 1)
1
(31, 13)
-> Request 57
1170
(1, 3, 1)
2
(63, 34)
-> Request 58
1184
(3, 2, 1)
2
(33, 16)
-> Request 59
1244
(2, 3, 1)
2
(43, 41)
-> Request 60
1273
(1, 2, 1)
2
(8, 27)
-> Request 61
1283
(4, 1, 2)
3
(66, 29)
-> Request 62
1292
(4, 3, 1)
3
(10, 12)
-> Request 63
1313
(3, 3, 1)
2
(19, 6)
-> Request 64
1347
(2, 2, 2)
3
(63, 39)
-> Request 65
1350
(3, 2, 2)
1
(78, 4)
-> Request 66
1376
(1, 2, 1)
2
(19, 45)
-> Request 67
1402
(1, 3, 1)
2
(14, 54)
-> Request 68
1428
(2, 2, 1)
2
(3, 26)
--> Day : 2
-> Request 0
7
(2, 3, 2)
2
(21, 45)
-> Request 1
15
(1, 2, 1)
2
(4, 55)
-> Request 2
48
(4, 2, 1)
1
(67, 75)
-> Request 3
63
(4, 2, 2)
3
(69, 64)
-> Request 4
74
(4, 3, 2)
3
(35, 28)
-> Request 5
104
(2, 2, 2)
3
(42, 55)
-> Request 6
117
(2, 3, 2)
1
(40, 8)
-> Request 7
128
(4, 1, 2)
3
(48, 70)
-> Request 8
144
(2, 2, 2)
3
(73, 72)
-> Request 9
156
(2, 3, 1)
3
(1, 30)
-> Request 10
160
(1, 2, 1)
3
(24, 25)
-> Request 11
196
(1, 1, 2)
2
(51, 76)
-> Request 12
214
(2, 1, 2)
2
(79, 37)
-> Request 13
227
(3, 2, 2)
2
(73, 26)
-> Request 14
237
(2, 3, 2)
3
(62, 78)
-> Request 15
241
(4, 2, 1)
1
(61, 3)
-> Request 16
250
(1, 3, 1)
3
(54, 36)
-> Request 17
314
(1, 3, 2)
3
(59, 34)
-> Request 18
316
(4, 2, 2)
1
(36, 36)
-> Request 19
345
(2, 2, 2)
1
(62, 44)
-> Request 20
346
(3, 1, 2)
1
(30, 53)
-> Request 21
351
(4, 1, 2)
3
(69, 27)
-> Request 22
363
(4, 1, 2)
2
(57, 14)
-> Request 23
383
(4, 2, 2)
1
(9, 35)
-> Request 24
427
(3, 2, 2)
1
(11, 45)
-> Request 25
434
(4, 3, 1)
1
(57, 69)
-> Request 26
436
(3, 2, 2)
2
(70, 72)
-> Request 27
498
(3, 3, 1)
1
(45, 11)
-> Request 28
517
(3, 1, 2)
2
(78, 36)
-> Request 29
523
(2, 3, 1)
3
(19, 70)
-> Request 30
535
(3, 3, 2)
1
(56, 14)
-> Request 31
543
(4, 2, 2)
2
(74, 57)
-> Request 32
553
(1, 2, 1)
1
(32, 25)
-> Request 33
573
(3, 3, 2)
3
(31, 67)
-> Request 34
595
(3, 3, 2)
1
(75, 75)
-> Request 35
649
(2, 3, 2)
3
(47, 0)
-> Request 36
662
(3, 3, 2)
1
(31, 69)
-> Request 37
722
(4, 1, 1)
2
(34, 69)
-> Request 38
755
(4, 2, 2)
3
(52, 41)
-> Request 39
803
(1, 3, 2)
3
(77, 21)
-> Request 40
834
(3, 2, 1)
3
(33, 65)
-> Request 41
897
(1, 2, 1)
3
(49, 69)
-> Request 42
907
(2, 2, 2)
3
(33, 36)
-> Request 43
920
(4, 2, 1)
2
(41, 60)
-> Request 44
959
(1, 1, 2)
1
(27, 33)
-> Request 45
964
(2, 3, 2)
1
(71, 33)
-> Request 46
1016
(3, 3, 1)
2
(12, 10)
-> Request 47
1022
(1, 1, 2)
3
(60, 50)
-> Request 48
1075
(3, 3, 2)
2
(41, 68)
-> Request 49
1076
(3, 2, 1)
3
(20, 74)
-> Request 50
1086
(2, 2, 1)
3
(23, 66)
-> Request 51
1123
(1, 2, 1)
3
(9, 5)
-> Request 52
1132
(2, 2, 1)
3
(34, 17)
-> Request 53
1157
(3, 2, 1)
1
(17, 17)
-> Request 54
1161
(2, 2, 1)
2
(38, 68)
-> Request 55
1192
(1, 3, 2)
1
(21, 21)
-> Request 56
1261
(1, 3, 1)
3
(35, 5)
-> Request 57
1280
(4, 2, 1)
2
(60, 29)
-> Request 58
1302
(3, 2, 1)
1
(46, 11)
-> Request 59
1337
(4, 1, 1)
2
(63, 30)
-> Request 60
1348
(4, 2, 1)
3
(42, 0)
-> Request 61
1404
(2, 2, 2)
3
(40, 1)
-> Request 62
1412
(1, 1, 1)
3
(16, 54)
-> Request 63
1427
(4, 2, 2)
2
(22, 23)
--> Day : 3
-> Request 0
0
(4, 2, 2)
2
(61, 0)
-> Request 1
4
(4, 1, 1)
3
(42, 1)
-> Request 2
40
(2, 2, 1)
2
(66, 35)
-> Request 3
49
(2, 3, 1)
2
(65, 79)
-> Request 4
134
(2, 1, 1)
3
(51, 42)
-> Request 5
214
(3, 2, 2)
1
(8, 14)
-> Request 6
228
(4, 2, 1)
1
(4, 77)
-> Request 7
231
(4, 3, 2)
3
(36, 52)
-> Request 8
239
(1, 3, 2)
2
(68, 6)
-> Request 9
267
(4, 2, 2)
2
(21, 43)
-> Request 10
286
(4, 3, 2)
1
(75, 34)
-> Request 11
293
(4, 3, 1)
1
(61, 57)
-> Request 12
305
(2, 2, 1)
2
(0, 49)
-> Request 13
369
(1, 1, 2)
1
(50, 37)
-> Request 14
406
(4, 2, 1)
1
(34, 13)
-> Request 15
461
(1, 3, 2)
2
(37, 53)
-> Request 16
491
(1, 2, 2)
2
(68, 24)
-> Request 17
497
(3, 2, 2)
1
(51, 39)
-> Request 18
514
(2, 1, 2)
3
(49, 39)
-> Request 19
521
(4, 2, 2)
3
(52, 72)
-> Request 20
525
(3, 1, 1)
3
(53, 26)
-> Request 21
584
(2, 2, 2)
3
(53, 64)
-> Request 22
591
(2, 1, 1)
1
(22, 48)
-> Request 23
611
(3, 2, 1)
3
(66, 50)
-> Request 24
612
(3, 3, 1)
2
(56, 1)
-> Request 25
627
(2, 3, 1)
1
(13, 60)
-> Request 26
638
(2, 2, 2)
3
(57, 2)
-> Request 27
657
(3, 3, 2)
3
(10, 54)
-> Request 28
676
(3, 2, 1)
2
(17, 37)
-> Request 29
678
(2, 2, 2)
1
(49, 38)
-> Request 30
694
(2, 2, 1)
2
(32, 5)
-> Request 31
694
(4, 2, 2)
2
(44, 63)
-> Request 32
700
(2, 2, 1)
3
(51, 19)
-> Request 33
744
(3, 2, 2)
3
(57, 74)
-> Request 34
747
(1, 3, 2)
1
(15, 0)
-> Request 35
785
(1, 3, 1)
3
(34, 0)
-> Request 36
785
(1, 3, 1)
1
(11, 13)
-> Request 37
791
(1, 3, 2)
1
(18, 37)
-> Request 38
794
(4, 1, 1)
1
(16, 25)
-> Request 39
797
(1, 2, 2)
3
(67, 65)
-> Request 40
809
(3, 1, 1)
2
(61, 32)
-> Request 41
812
(2, 2, 1)
1
(15, 53)
-> Request 42
874
(4, 2, 1)
2
(55, 70)
-> Request 43
874
(2, 3, 2)
3
(7, 66)
-> Request 44
878
(2, 1, 2)
3
(74, 30)
-> Request 45
885
(3, 3, 2)
2
(23, 56)
-> Request 46
904
(3, 1, 2)
3
(77, 67)
-> Request 47
904
(1, 3, 1)
3
(67, 32)
-> Request 48
953
(3, 2, 1)
1
(14, 24)
-> Request 49
954
(3, 3, 2)
2
(57, 10)
-> Request 50
967
(2, 2, 1)
1
(72, 59)
-> Request 51
1027
(1, 1, 2)
1
(52, 19)
-> Request 52
1057
(4, 3, 1)
3
(35, 56)
-> Request 53
1062
(1, 2, 1)
3
(62, 67)
-> Request 54
1068
(4, 2, 1)
3
(61, 3)
-> Request 55
1087
(1, 1, 1)
2
(78, 75)
-> Request 56
1100
(2, 1, 2)
2
(51, 35)
-> Request 57
1152
(3, 2, 1)
2
(13, 72)
-> Request 58
1156
(1, 2, 2)
2
(2, 15)
-> Request 59
1193
(2, 3, 2)
3
(1, 55)
-> Request 60
1195
(4, 3, 2)
2
(58, 3)
-> Request 61
1236
(3, 1, 2)
1
(56, 25)
-> Request 62
1246
(4, 2, 1)
3
(38, 56)
-> Request 63
1253
(4, 3, 2)
1
(75, 60)
-> Request 64
1272
(1, 1, 2)
2
(59, 33)
-> Request 65
1277
(4, 2, 1)
1
(10, 75)
-> Request 66
1300
(3, 3, 2)
2
(8, 36)
-> Request 67
1308
(1, 3, 2)
3
(46, 33)
-> Request 68
1359
(4, 1, 2)
2
(57, 6)
-> Request 69
1387
(4, 3, 1)
3
(15, 68)
-> Request 70
1422
(4, 1, 2)
1
(35, 27)
-> Request 71
1439
(2, 2, 1)
1
(21, 6)
--> Day : 4
-> Request 0
2
(4, 3, 1)
3
(25, 62)
-> Request 1
21
(4, 1, 2)
3
(14, 71)
-> Request 2
28
(1, 2, 1)
1
(19, 79)
-> Request 3
52
(4, 3, 2)
1
(74, 31)
-> Request 4
100
(4, 1, 2)
2
(66, 43)
-> Request 5
109
(2, 2, 2)
1
(68, 4)
-> Request 6
120
(1, 3, 2)
1
(7, 11)
-> Request 7
153
(1, 2, 1)
3
(67, 6)
-> Request 8
183
(3, 1, 2)
2
(47, 53)
-> Request 9
261
(4, 1, 2)
2
(46, 42)
-> Request 10
262
(4, 3, 1)
2
(32, 40)
-> Request 11
291
(4, 3, 2)
2
(17, 63)
-> Request 12
316
(1, 3, 1)
2
(61, 49)
-> Request 13
318
(3, 2, 2)
3
(37, 16)
-> Request 14
409
(4, 3, 2)
2
(11, 79)
-> Request 15
451
(4, 1, 2)
3
(61, 33)
-> Request 16
481
(2, 2, 1)
1
(40, 2)
-> Request 17
493
(1, 1, 2)
1
(48, 44)
-> Request 18
526
(2, 2, 2)
1
(45, 6)
-> Request 19
543
(2, 2, 2)
2
(65, 54)
-> Request 20
583
(1, 1, 1)
3
(27, 25)
-> Request 21
584
(3, 1, 2)
2
(18, 65)
-> Request 22
586
(2, 1, 2)
1
(48, 52)
-> Request 23
622
(2, 2, 2)
3
(52, 46)
-> Request 24
623
(2, 2, 1)
2
(54, 71)
-> Request 25
649
(3, 1, 2)
1
(56, 32)
-> Request 26
718
(2, 3, 1)
2
(29, 34)
-> Request 27
733
(4, 1, 2)
2
(38, 26)
-> Request 28
763
(2, 3, 2)
2
(49, 59)
-> Request 29
773
(3, 3, 2)
3
(71, 55)
-> Request 30
812
(4, 2, 1)
3
(21, 50)
-> Request 31
818
(3, 3, 2)
1
(50, 28)
-> Request 32
818
(2, 1, 1)
2
(20, 38)
-> Request 33
832
(3, 2, 1)
2
(29, 21)
-> Request 34
847
(2, 1, 1)
3
(66, 35)
-> Request 35
869
(3, 3, 2)
3
(79, 55)
-> Request 36
883
(2, 1, 2)
2
(44, 43)
-> Request 37
922
(4, 3, 1)
3
(70, 40)
-> Request 38
922
(3, 2, 2)
2
(47, 58)
-> Request 39
928
(2, 3, 1)
2
(44, 21)
-> Request 40
987
(4, 3, 2)
1
(39, 1)
-> Request 41
1015
(1, 1, 1)
3
(54, 17)
-> Request 42
1037
(2, 2, 2)
2
(25, 72)
-> Request 43
1059
(3, 3, 2)
2
(52, 52)
-> Request 44
1060
(4, 2, 2)
2
(65, 71)
-> Request 45
1104
(1, 3, 2)
3
(29, 30)
-> Request 46
1114
(1, 1, 1)
3
(1, 79)
-> Request 47
1134
(1, 2, 1)
1
(78, 30)
-> Request 48
1138
(3, 1, 1)
2
(43, 61)
-> Request 49
1162
(1, 3, 2)
3
(51, 50)
-> Request 50
1221
(3, 3, 2)
2
(64, 24)
-> Request 51
1228
(3, 3, 2)
1
(10, 23)
-> Request 52
1228
(2, 1, 2)
2
(47, 28)
-> Request 53
1230
(3, 3, 2)
3
(28, 8)
-> Request 54
1260
(4, 3, 2)
2
(34, 14)
-> Request 55
1261
(3, 1, 2)
1
(77, 4)
-> Request 56
1266
(1, 1, 1)
3
(26, 23)
-> Request 57
1268
(3, 2, 1)
2
(43, 7)
-> Request 58
1312
(4, 1, 1)
2
(17, 1)
-> Request 59
1341
(2, 3, 1)
3
(31, 4)
-> Request 60
1375
(1, 2, 2)
2
(56, 55)
-> Request 61
1394
(3, 3, 2)
3
(1, 12)
-> Request 62
1398
(3, 1, 2)
2
(1, 58)
-> Request 63
1407
(2, 3, 2)
2
(9, 1)
-> Request 64
1410
(3, 1, 1)
2
(19, 70)
-> Request 65
1418
(3, 3, 2)
2
(59, 39)
---> Week : 7
--> Day : 0
-> Request 0
43
(4, 1, 2)
1
(28, 69)
-> Request 1
86
(1, 1, 1)
2
(11, 4)
-> Request 2
110
(3, 1, 2)
3
(54, 4)
-> Request 3
119
(4, 3, 1)
3
(57, 44)
-> Request 4
122
(1, 2, 2)
1
(37, 24)
-> Request 5
153
(2, 3, 2)
2
(41, 12)
-> Request 6
280
(2, 3, 2)
3
(53, 3)
-> Request 7
342
(4, 2, 2)
2
(49, 71)
-> Request 8
353
(3, 3, 1)
1
(48, 48)
-> Request 9
385
(1, 3, 1)
1
(33, 5)
-> Request 10
391
(4, 2, 1)
1
(51, 44)
-> Request 11
438
(2, 2, 1)
1
(3, 63)
-> Request 12
457
(4, 2, 1)
3
(77, 7)
-> Request 13
476
(4, 3, 1)
2
(70, 11)
-> Request 14
488
(2, 1, 2)
3
(40, 51)
-> Request 15
530
(1, 3, 1)
2
(12, 17)
-> Request 16
530
(1, 3, 1)
1
(27, 66)
-> Request 17
560
(3, 3, 2)
2
(8, 69)
-> Request 18
567
(1, 2, 2)
3
(1, 13)
-> Request 19
581
(4, 2, 2)
2
(34, 19)
-> Request 20
607
(1, 2, 1)
1
(25, 14)
-> Request 21
620
(2, 2, 2)
2
(70, 67)
-> Request 22
631
(2, 2, 1)
3
(39, 0)
-> Request 23
707
(4, 2, 2)
2
(51, 65)
-> Request 24
717
(3, 1, 2)
3
(7, 32)
-> Request 25
721
(3, 1, 2)
1
(60, 46)
-> Request 26
743
(4, 3, 1)
1
(16, 18)
-> Request 27
746
(4, 1, 1)
1
(54, 23)
-> Request 28
750
(3, 2, 1)
2
(14, 68)
-> Request 29
780
(2, 1, 1)
3
(1, 0)
-> Request 30
787
(1, 3, 2)
2
(52, 20)
-> Request 31
790
(1, 1, 1)
3
(46, 13)
-> Request 32
794
(2, 3, 2)
3
(15, 59)
-> Request 33
808
(3, 2, 2)
3
(34, 43)
-> Request 34
818
(1, 2, 2)
2
(6, 30)
-> Request 35
818
(4, 3, 2)
3
(25, 42)
-> Request 36
986
(3, 1, 1)
2
(7, 79)
-> Request 37
998
(1, 3, 2)
3
(37, 47)
-> Request 38
1008
(3, 2, 2)
2
(55, 67)
-> Request 39
1008
(2, 2, 2)
1
(47, 11)
-> Request 40
1008
(4, 2, 1)
2
(22, 38)
-> Request 41
1009
(3, 1, 2)
3
(67, 58)
-> Request 42
1051
(3, 3, 1)
3
(4, 16)
-> Request 43
1073
(1, 3, 1)
1
(15, 11)
-> Request 44
1080
(3, 3, 1)
3
(15, 70)
-> Request 45
1090
(2, 1, 1)
1
(63, 32)
-> Request 46
1095
(4, 3, 2)
2
(45, 31)
-> Request 47
1121
(3, 3, 2)
3
(47, 2)
-> Request 48
1133
(2, 1, 2)
2
(67, 1)
-> Request 49
1143
(1, 1, 2)
1
(2, 36)
-> Request 50
1145
(4, 3, 1)
3
(59, 37)
-> Request 51
1177
(4, 2, 2)
3
(45, 48)
-> Request 52
1179
(1, 1, 2)
1
(20, 19)
-> Request 53
1184
(3, 1, 2)
3
(69, 33)
-> Request 54
1221
(4, 3, 2)
1
(69, 74)
-> Request 55
1230
(2, 2, 1)
2
(2, 48)
-> Request 56
1280
(2, 2, 1)
1
(61, 75)
-> Request 57
1304
(3, 2, 1)
1
(55, 1)
-> Request 58
1326
(4, 2, 2)
2
(6, 60)
-> Request 59
1348
(4, 3, 2)
2
(14, 8)
-> Request 60
1413
(3, 1, 1)
3
(5, 41)
-> Request 61
1419
(2, 1, 1)
1
(47, 37)
-> Request 62
1432
(2, 1, 1)
2
(31, 21)
--> Day : 1
-> Request 0
0
(1, 3, 2)
1
(34, 33)
-> Request 1
4
(4, 3, 2)
1
(74, 11)
-> Request 2
29
(2, 2, 1)
1
(7, 55)
-> Request 3
71
(4, 3, 2)
2
(1, 18)
-> Request 4
75
(4, 3, 2)
2
(77, 78)
-> Request 5
85
(1, 2, 1)
1
(8, 47)
-> Request 6
175
(4, 1, 2)
3
(23, 47)
-> Request 7
243
(2, 3, 2)
1
(26, 27)
-> Request 8
316
(3, 2, 2)
3
(30, 60)
-> Request 9
348
(3, 2, 1)
3
(68, 20)
-> Request 10
349
(2, 1, 1)
3
(2, 21)
-> Request 11
394
(4, 3, 1)
3
(75, 34)
-> Request 12
438
(3, 3, 1)
1
(10, 24)
-> Request 13
454
(4, 2, 1)
3
(24, 75)
-> Request 14
467
(1, 2, 1)
1
(30, 24)
-> Request 15
496
(4, 1, 1)
3
(17, 45)
-> Request 16
504
(3, 2, 2)
3
(35, 77)
-> Request 17
540
(4, 2, 1)
2
(28, 52)
-> Request 18
558
(1, 3, 2)
3
(37, 69)
-> Request 19
574
(2, 2, 1)
3
(25, 18)
-> Request 20
581
(3, 3, 2)
1
(51, 69)
-> Request 21
590
(1, 3, 1)
2
(41, 4)
-> Request 22
671
(1, 3, 1)
3
(66, 6)
-> Request 23
705
(1, 1, 1)
3
(15, 43)
-> Request 24
766
(2, 1, 2)
1
(51, 27)
-> Request 25
769
(1, 1, 2)
1
(7, 12)
-> Request 26
803
(4, 2, 1)
3
(57, 40)
-> Request 27
863
(2, 3, 2)
1
(4, 79)
-> Request 28
895
(4, 2, 1)
3
(79, 50)
-> Request 29
923
(4, 3, 1)
2
(44, 26)
-> Request 30
927
(3, 2, 1)
3
(15, 24)
-> Request 31
937
(1, 1, 2)
1
(30, 61)
-> Request 32
959
(1, 1, 1)
1
(63, 63)
-> Request 33
1016
(4, 3, 1)
2
(5, 7)
-> Request 34
1039
(4, 1, 2)
2
(56, 63)
-> Request 35
1039
(2, 3, 1)
1
(66, 16)
-> Request 36
1057
(3, 1, 2)
2
(51, 2)
-> Request 37
1059
(4, 2, 2)
1
(58, 70)
-> Request 38
1078
(2, 2, 1)
1
(17, 39)
-> Request 39
1092
(4, 1, 2)
3
(32, 73)
-> Request 40
1132
(3, 1, 2)
3
(55, 79)
-> Request 41
1132
(4, 1, 1)
2
(31, 31)
-> Request 42
1165
(1, 3, 2)
3
(38, 39)
-> Request 43
1177
(3, 2, 2)
1
(15, 51)
-> Request 44
1177
(4, 3, 1)
2
(28, 29)
-> Request 45
1195
(4, 2, 1)
2
(35, 46)
-> Request 46
1257
(2, 2, 2)
1
(36, 47)
-> Request 47
1332
(1, 2, 2)
3
(6, 29)
-> Request 48
1335
(1, 1, 2)
3
(4, 48)
-> Request 49
1364
(2, 1, 1)
2
(23, 28)
-> Request 50
1375
(3, 1, 1)
2
(28, 52)
-> Request 51
1377
(1, 3, 1)
3
(73, 71)
-> Request 52
1386
(3, 3, 1)
3
(36, 59)
--> Day : 2
-> Request 0
35
(1, 3, 2)
2
(29, 27)
-> Request 1
48
(4, 3, 2)
2
(13, 11)
-> Request 2
93
(4, 3, 2)
3
(7, 69)
-> Request 3
123
(3, 2, 2)
1
(21, 12)
-> Request 4
143
(1, 1, 2)
1
(65, 60)
-> Request 5
166
(2, 2, 2)
1
(8, 31)
-> Request 6
221
(2, 3, 2)
2
(46, 60)
-> Request 7
242
(2, 1, 1)
1
(49, 33)
-> Request 8
259
(1, 3, 1)
1
(39, 42)
-> Request 9
283
(1, 3, 1)
2
(57, 7)
-> Request 10
328
(2, 1, 1)
2
(3, 0)
-> Request 11
368
(1, 2, 1)
1
(41, 52)
-> Request 12
372
(1, 1, 1)
2
(31, 21)
-> Request 13
391
(3, 1, 2)
2
(32, 56)
-> Request 14
392
(3, 1, 2)
3
(58, 70)
-> Request 15
401
(3, 2, 1)
3
(63, 4)
-> Request 16
407
(3, 1, 2)
1
(2, 6)
-> Request 17
451
(3, 3, 1)
1
(26, 65)
-> Request 18
490
(4, 2, 1)
3
(61, 40)
-> Request 19
491
(1, 2, 2)
3
(65, 47)
-> Request 20
491
(2, 1, 1)
3
(67, 54)
-> Request 21
512
(4, 2, 1)
1
(65, 22)
-> Request 22
526
(2, 1, 2)
3
(70, 31)
-> Request 23
616
(1, 2, 2)
3
(77, 77)
-> Request 24
653
(4, 1, 2)
1
(76, 75)
-> Request 25
679
(1, 3, 1)
2
(45, 18)
-> Request 26
695
(3, 1, 1)
1
(7, 30)
-> Request 27
700
(3, 1, 2)
1
(21, 55)
-> Request 28
707
(2, 3, 2)
1
(67, 41)
-> Request 29
717
(3, 1, 2)
3
(62, 67)
-> Request 30
727
(3, 3, 2)
1
(75, 59)
-> Request 31
749
(3, 1, 2)
2
(23, 69)
-> Request 32
779
(2, 3, 1)
2
(17, 37)
-> Request 33
829
(3, 1, 1)
2
(75, 2)
-> Request 34
845
(3, 3, 2)
2
(24, 40)
-> Request 35
870
(4, 2, 1)
2
(31, 34)
-> Request 36
884
(2, 1, 1)
2
(70, 34)
-> Request 37
904
(1, 1, 2)
1
(58, 11)
-> Request 38
925
(1, 1, 2)
1
(62, 23)
-> Request 39
995
(4, 1, 1)
2
(18, 38)
-> Request 40
1002
(2, 1, 2)
1
(61, 14)
-> Request 41
1004
(1, 2, 2)
1
(0, 45)
-> Request 42
1006
(3, 1, 1)
3
(78, 66)
-> Request 43
1011
(1, 1, 2)
3
(36, 0)
-> Request 44
1023
(3, 3, 1)
3
(74, 62)
-> Request 45
1069
(1, 2, 2)
1
(41, 35)
-> Request 46
1084
(1, 1, 2)
2
(79, 64)
-> Request 47
1098
(4, 2, 1)
3
(4, 38)
-> Request 48
1122
(4, 3, 2)
3
(9, 4)
-> Request 49
1146
(2, 3, 2)
3
(14, 1)
-> Request 50
1251
(1, 1, 2)
2
(68, 50)
-> Request 51
1318
(4, 3, 1)
2
(11, 0)
-> Request 52
1321
(2, 3, 1)
2
(41, 48)
-> Request 53
1321
(4, 2, 2)
3
(30, 19)
-> Request 54
1399
(3, 2, 2)
1
(71, 7)
--> Day : 3
-> Request 0
86
(4, 3, 1)
1
(55, 62)
-> Request 1
87
(4, 1, 2)
3
(78, 30)
-> Request 2
96
(4, 3, 1)
1
(24, 16)
-> Request 3
118
(3, 3, 2)
2
(61, 78)
-> Request 4
147
(4, 2, 2)
1
(17, 14)
-> Request 5
158
(2, 3, 2)
3
(30, 73)
-> Request 6
164
(1, 2, 1)
3
(42, 0)
-> Request 7
208
(3, 1, 1)
1
(52, 53)
-> Request 8
209
(4, 1, 2)
1
(52, 64)
-> Request 9
209
(2, 3, 1)
3
(33, 25)
-> Request 10
246
(4, 3, 2)
1
(70, 53)
-> Request 11
285
(3, 3, 2)
3
(0, 56)
-> Request 12
306
(3, 1, 1)
2
(3, 12)
-> Request 13
345
(4, 1, 1)
2
(72, 5)
-> Request 14
368
(2, 3, 1)
1
(69, 14)
-> Request 15
412
(1, 1, 1)
2
(62, 12)
-> Request 16
414
(2, 2, 1)
3
(2, 1)
-> Request 17
445
(3, 3, 2)
3
(8, 41)
-> Request 18
517
(2, 3, 1)
3
(51, 40)
-> Request 19
526
(2, 2, 2)
3
(50, 79)
-> Request 20
532
(3, 1, 2)
1
(76, 54)
-> Request 21
569
(3, 1, 1)
3
(43, 52)
-> Request 22
576
(3, 1, 2)
1
(49, 2)
-> Request 23
595
(3, 2, 2)
2
(58, 51)
-> Request 24
687
(4, 2, 2)
3
(36, 51)
-> Request 25
700
(3, 2, 2)
2
(30, 10)
-> Request 26
702
(2, 2, 1)
1
(57, 4)
-> Request 27
705
(2, 1, 2)
1
(49, 40)
-> Request 28
713
(2, 1, 1)
2
(24, 39)
-> Request 29
739
(3, 2, 2)
2
(44, 34)
-> Request 30
778
(2, 3, 1)
2
(78, 69)
-> Request 31
830
(4, 2, 2)
1
(63, 17)
-> Request 32
854
(2, 3, 2)
2
(28, 44)
-> Request 33
866
(2, 2, 1)
2
(50, 39)
-> Request 34
868
(3, 2, 2)
1
(64, 59)
-> Request 35
884
(1, 1, 2)
1
(60, 23)
-> Request 36
919
(3, 2, 2)
2
(23, 21)
-> Request 37
919
(1, 3, 1)
1
(23, 32)
-> Request 38
949
(4, 3, 2)
3
(71, 76)
-> Request 39
1001
(3, 3, 2)
2
(27, 28)
-> Request 40
1017
(1, 1, 1)
1
(17, 62)
-> Request 41
1081
(1, 1, 2)
1
(0, 57)
-> Request 42
1121
(1, 1, 2)
3
(29, 11)
-> Request 43
1124
(4, 1, 1)
2
(61, 7)
-> Request 44
1147
(2, 1, 1)
2
(29, 79)
-> Request 45
1208
(1, 1, 2)
1
(60, 25)
-> Request 46
1330
(3, 2, 2)
1
(16, 13)
-> Request 47
1337
(3, 3, 1)
2
(57, 58)
-> Request 48
1337
(1, 1, 1)
3
(72, 53)
-> Request 49
1374
(2, 1, 1)
1
(74, 45)
-> Request 50
1388
(2, 2, 2)
2
(27, 46)
-> Request 51
1425
(1, 2, 1)
3
(74, 8)
--> Day : 4
-> Request 0
24
(4, 2, 1)
3
(60, 31)
-> Request 1
48
(3, 1, 2)
3
(30, 40)
-> Request 2
57
(4, 1, 2)
2
(30, 2)
-> Request 3
77
(4, 2, 1)
1
(77, 69)
-> Request 4
102
(1, 3, 2)
1
(76, 27)
-> Request 5
154
(3, 2, 2)
2
(25, 53)
-> Request 6
174
(1, 2, 1)
1
(62, 6)
-> Request 7
185
(3, 3, 1)
2
(71, 30)
-> Request 8
207
(4, 1, 1)
1
(30, 24)
-> Request 9
209
(3, 2, 2)
1
(41, 4)
-> Request 10
215
(4, 3, 2)
1
(12, 67)
-> Request 11
218
(1, 2, 2)
3
(79, 34)
-> Request 12
241
(3, 3, 1)
1
(42, 8)
-> Request 13
257
(3, 2, 2)
3
(41, 41)
-> Request 14
268
(2, 2, 2)
2
(4, 2)
-> Request 15
280
(4, 2, 2)
3
(34, 59)
-> Request 16
296
(1, 2, 2)
2
(6, 8)
-> Request 17
308
(4, 2, 2)
3
(5, 52)
-> Request 18
312
(2, 3, 2)
1
(64, 39)
-> Request 19
317
(1, 1, 2)
1
(42, 2)
-> Request 20
376
(4, 2, 1)
1
(13, 53)
-> Request 21
378
(4, 3, 2)
3
(57, 53)
-> Request 22
388
(3, 1, 1)
2
(73, 29)
-> Request 23
393
(1, 2, 1)
3
(67, 70)
-> Request 24
405
(1, 2, 2)
1
(26, 16)
-> Request 25
411
(2, 1, 1)
2
(10, 60)
-> Request 26
473
(3, 3, 2)
2
(27, 8)
-> Request 27
481
(1, 3, 2)
3
(23, 5)
-> Request 28
482
(1, 3, 2)
1
(36, 26)
-> Request 29
483
(1, 3, 2)
3
(6, 69)
-> Request 30
487
(2, 3, 1)
3
(20, 65)
-> Request 31
525
(1, 2, 2)
3
(62, 2)
-> Request 32
529
(3, 3, 2)
1
(28, 49)
-> Request 33
547
(3, 2, 1)
1
(43, 45)
-> Request 34
551
(1, 2, 1)
1
(27, 7)
-> Request 35
553
(3, 2, 1)
1
(32, 65)
-> Request 36
557
(3, 1, 1)
1
(36, 74)
-> Request 37
563
(2, 2, 1)
2
(19, 76)
-> Request 38
590
(1, 3, 2)
3
(31, 68)
-> Request 39
616
(3, 3, 1)
3
(43, 63)
-> Request 40
668
(4, 1, 2)
2
(40, 20)
-> Request 41
709
(4, 1, 1)
1
(17, 74)
-> Request 42
741
(3, 2, 1)
2
(36, 67)
-> Request 43
748
(2, 2, 1)
2
(42, 4)
-> Request 44
753
(3, 3, 1)
1
(74, 41)
-> Request 45
764
(2, 2, 2)
1
(45, 3)
-> Request 46
788
(3, 3, 2)
1
(3, 69)
-> Request 47
832
(2, 2, 1)
1
(36, 60)
-> Request 48
844
(4, 1, 2)
1
(66, 30)
-> Request 49
878
(2, 2, 1)
2
(67, 24)
-> Request 50
913
(1, 3, 1)
1
(6, 34)
-> Request 51
930
(3, 3, 1)
3
(19, 27)
-> Request 52
977
(1, 3, 1)
1
(36, 29)
-> Request 53
1004
(2, 1, 2)
3
(19, 18)
-> Request 54
1033
(1, 1, 1)
2
(56, 4)
-> Request 55
1167
(3, 1, 1)
2
(31, 79)
-> Request 56
1178
(3, 1, 1)
2
(43, 11)
-> Request 57
1216
(4, 1, 2)
1
(11, 19)
-> Request 58
1249
(4, 1, 2)
2
(21, 79)
-> Request 59
1255
(1, 2, 1)
2
(0, 71)
-> Request 60
1281
(4, 2, 1)
3
(71, 25)
-> Request 61
1325
(1, 2, 2)
3
(58, 70)
-> Request 62
1334
(1, 2, 2)
3
(27, 58)
-> Request 63
1334
(1, 3, 2)
3
(69, 27)
-> Request 64
1336
(1, 2, 2)
2
(32, 29)
-> Request 65
1380
(3, 3, 1)
2
(19, 18)
-> Request 66
1422
(2, 2, 1)
3
(10, 47)
---> Week : 8
--> Day : 0
-> Request 0
26
(3, 2, 1)
3
(58, 19)
-> Request 1
48
(1, 2, 1)
3
(7, 50)
-> Request 2
86
(4, 2, 2)
3
(36, 46)
-> Request 3
102
(3, 3, 2)
2
(27, 2)
-> Request 4
129
(4, 2, 2)
2
(57, 12)
-> Request 5
170
(2, 1, 2)
3
(56, 21)
-> Request 6
218
(4, 3, 2)
1
(62, 60)
-> Request 7
231
(2, 3, 1)
3
(8, 45)
-> Request 8
276
(2, 1, 1)
3
(40, 56)
-> Request 9
277
(2, 3, 1)
2
(77, 38)
-> Request 10
281
(4, 2, 2)
3
(61, 3)
-> Request 11
284
(2, 1, 1)
3
(72, 63)
-> Request 12
287
(1, 3, 2)
3
(65, 42)
-> Request 13
298
(4, 3, 2)
2
(36, 6)
-> Request 14
311
(3, 1, 2)
2
(3, 19)
-> Request 15
365
(2, 2, 1)
1
(72, 9)
-> Request 16
461
(2, 2, 1)
2
(67, 13)
-> Request 17
510
(2, 1, 2)
3
(11, 43)
-> Request 18
534
(3, 3, 2)
2
(78, 13)
-> Request 19
584
(2, 2, 2)
1
(30, 1)
-> Request 20
604
(2, 2, 1)
3
(51, 64)
-> Request 21
689
(3, 2, 2)
1
(61, 54)
-> Request 22
748
(2, 1, 2)
3
(75, 58)
-> Request 23
758
(1, 1, 1)
3
(50, 4)
-> Request 24
856
(1, 1, 2)
3
(36, 43)
-> Request 25
856
(2, 3, 2)
2
(3, 11)
-> Request 26
869
(3, 2, 2)
3
(53, 57)
-> Request 27
876
(1, 3, 1)
1
(67, 38)
-> Request 28
894
(1, 3, 1)
1
(10, 18)
-> Request 29
897
(3, 1, 1)
3
(39, 21)
-> Request 30
914
(1, 1, 1)
1
(59, 45)
-> Request 31
924
(3, 3, 1)
2
(40, 0)
-> Request 32
933
(4, 3, 1)
1
(23, 45)
-> Request 33
936
(3, 2, 2)
2
(27, 18)
-> Request 34
939
(4, 3, 1)
1
(37, 56)
-> Request 35
946
(3, 1, 1)
3
(45, 17)
-> Request 36
963
(4, 2, 1)
2
(47, 39)
-> Request 37
1011
(1, 2, 2)
3
(72, 48)
-> Request 38
1011
(4, 3, 2)
2
(41, 61)
-> Request 39
1026
(1, 1, 1)
2
(36, 34)
-> Request 40
1047
(2, 3, 2)
2
(7, 51)
-> Request 41
1068
(3, 1, 1)
2
(4, 30)
-> Request 42
1070
(3, 3, 2)
2
(52, 54)
-> Request 43
1078
(2, 3, 1)
2
(77, 32)
-> Request 44
1079
(1, 1, 2)
1
(0, 32)
-> Request 45
1103
(3, 2, 2)
3
(41, 53)
-> Request 46
1105
(1, 1, 2)
2
(54, 64)
-> Request 47
1118
(3, 3, 1)
1
(8, 77)
-> Request 48
1128
(3, 3, 1)
2
(63, 71)
-> Request 49
1177
(4, 2, 1)
3
(9, 0)
-> Request 50
1184
(4, 3, 1)
1
(24, 30)
-> Request 51
1207
(1, 1, 2)
1
(64, 0)
-> Request 52
1210
(4, 2, 1)
3
(45, 10)
-> Request 53
1226
(1, 1, 2)
3
(50, 5)
-> Request 54
1228
(1, 2, 2)
3
(39, 72)
-> Request 55
1245
(3, 1, 2)
3
(63, 47)
-> Request 56
1248
(1, 1, 1)
3
(30, 40)
-> Request 57
1248
(2, 1, 2)
3
(66, 14)
-> Request 58
1284
(1, 2, 2)
3
(4, 40)
-> Request 59
1285
(2, 2, 1)
1
(68, 49)
-> Request 60
1363
(1, 1, 1)
1
(68, 34)
-> Request 61
1376
(3, 1, 2)
2
(43, 41)
-> Request 62
1404
(3, 1, 1)
2
(20, 30)
-> Request 63
1417
(2, 2, 2)
2
(55, 46)
-> Request 64
1424
(2, 3, 2)
1
(13, 63)
-> Request 65
1431
(2, 2, 1)
3
(18, 52)
--> Day : 1
-> Request 0
64
(4, 1, 1)
1
(30, 18)
-> Request 1
147
(3, 3, 1)
2
(9, 9)
-> Request 2
147
(2, 3, 1)
1
(10, 41)
-> Request 3
173
(4, 3, 2)
2
(58, 35)
-> Request 4
182
(4, 2, 1)
3
(33, 3)
-> Request 5
220
(2, 3, 1)
2
(21, 37)
-> Request 6
232
(1, 1, 1)
3
(3, 34)
-> Request 7
312
(1, 2, 2)
2
(41, 79)
-> Request 8
345
(1, 3, 2)
1
(73, 66)
-> Request 9
372
(4, 1, 1)
1
(60, 0)
-> Request 10
413
(1, 2, 1)
1
(56, 30)
-> Request 11
425
(2, 1, 1)
2
(23, 76)
-> Request 12
469
(3, 2, 2)
3
(16, 74)
-> Request 13
493
(2, 1, 2)
2
(73, 52)
-> Request 14
520
(2, 1, 2)
2
(56, 60)
-> Request 15
535
(3, 2, 2)
3
(39, 63)
-> Request 16
535
(4, 2, 1)
3
(36, 61)
-> Request 17
558
(3, 3, 1)
2
(52, 50)
-> Request 18
560
(1, 1, 1)
3
(8, 52)
-> Request 19
578
(2, 2, 1)
1
(67, 39)
-> Request 20
596
(1, 2, 2)
3
(57, 75)
-> Request 21
598
(3, 3, 1)
1
(2, 44)
-> Request 22
667
(3, 1, 2)
2
(78, 58)
-> Request 23
701
(1, 2, 1)
2
(66, 49)
-> Request 24
716
(2, 3, 1)
3
(39, 45)
-> Request 25
763
(2, 3, 1)
3
(7, 2)
-> Request 26
772
(3, 2, 1)
1
(38, 14)
-> Request 27
803
(3, 1, 2)
2
(44, 78)
-> Request 28
812
(1, 2, 1)
2
(15, 13)
-> Request 29
823
(4, 1, 2)
3
(42, 69)
-> Request 30
829
(2, 1, 1)
3
(7, 61)
-> Request 31
836
(3, 1, 2)
2
(71, 18)
-> Request 32
851
(3, 3, 1)
1
(37, 33)
-> Request 33
865
(2, 3, 2)
1
(45, 21)
-> Request 34
912
(2, 1, 2)
1
(57, 13)
-> Request 35
934
(4, 2, 2)
1
(61, 68)
-> Request 36
957
(2, 3, 1)
3
(75, 59)
-> Request 37
968
(3, 1, 1)
2
(59, 79)
-> Request 38
1192
(4, 2, 1)
1
(58, 22)
-> Request 39
1208
(2, 2, 1)
1
(13, 18)
-> Request 40
1242
(4, 3, 1)
3
(76, 24)
-> Request 41
1297
(3, 3, 2)
2
(41, 41)
-> Request 42
1349
(3, 3, 1)
2
(0, 23)
-> Request 43
1393
(4, 1, 1)
2
(70, 73)
-> Request 44
1400
(2, 2, 2)
3
(52, 16)
-> Request 45
1427
(2, 2, 2)
1
(73, 11)
--> Day : 2
-> Request 0
11
(4, 1, 1)
3
(26, 66)
-> Request 1
36
(3, 2, 1)
2
(42, 71)
-> Request 2
43
(2, 2, 2)
2
(11, 17)
-> Request 3
63
(4, 2, 1)
1
(38, 69)
-> Request 4
80
(3, 2, 1)
1
(68, 40)
-> Request 5
85
(3, 3, 2)
1
(53, 24)
-> Request 6
111
(3, 2, 2)
3
(20, 14)
-> Request 7
119
(2, 1, 2)
2
(58, 36)
-> Request 8
126
(1, 2, 2)
3
(53, 20)
-> Request 9
152
(1, 1, 1)
2
(68, 44)
-> Request 10
167
(1, 2, 2)
3
(78, 53)
-> Request 11
170
(2, 1, 1)
2
(79, 1)
-> Request 12
173
(3, 1, 1)
2
(35, 1)
-> Request 13
211
(4, 2, 1)
3
(9, 47)
-> Request 14
212
(2, 1, 1)
3
(76, 43)
-> Request 15
250
(2, 3, 2)
3
(26, 62)
-> Request 16
268
(3, 3, 1)
3
(41, 76)
-> Request 17
279
(3, 2, 2)
2
(50, 42)
-> Request 18
307
(2, 2, 1)
1
(16, 17)
-> Request 19
326
(2, 3, 1)
1
(34, 78)
-> Request 20
379
(4, 3, 2)
2
(11, 46)
-> Request 21
379
(2, 2, 2)
2
(72, 6)
-> Request 22
397
(2, 3, 1)
1
(27, 27)
-> Request 23
403
(4, 2, 1)
3
(18, 19)
-> Request 24
433
(4, 3, 1)
3
(60, 76)
-> Request 25
444
(3, 1, 1)
3
(33, 10)
-> Request 26
447
(4, 2, 1)
3
(66, 41)
-> Request 27
501
(1, 2, 2)
2
(69, 71)
-> Request 28
507
(4, 3, 2)
3
(31, 42)
-> Request 29
510
(1, 3, 2)
2
(24, 50)
-> Request 30
542
(3, 2, 1)
2
(3, 63)
-> Request 31
560
(1, 1, 2)
3
(38, 75)
-> Request 32
561
(4, 2, 2)
1
(13, 66)
-> Request 33
561
(2, 2, 1)
3
(9, 60)
-> Request 34
576
(3, 3, 1)
3
(46, 27)
-> Request 35
590
(3, 3, 1)
3
(47, 14)
-> Request 36
627
(4, 1, 2)
2
(34, 55)
-> Request 37
662
(2, 1, 2)
1
(79, 49)
-> Request 38
665
(1, 1, 1)
1
(27, 77)
-> Request 39
675
(4, 1, 1)
3
(31, 6)
-> Request 40
683
(2, 1, 2)
3
(4, 13)
-> Request 41
685
(3, 3, 1)
3
(15, 70)
-> Request 42
696
(2, 2, 1)
3
(40, 61)
-> Request 43
701
(2, 1, 1)
3
(61, 28)
-> Request 44
728
(2, 2, 1)
1
(52, 56)
-> Request 45
729
(1, 2, 2)
3
(26, 19)
-> Request 46
738
(2, 3, 2)
1
(22, 37)
-> Request 47
738
(3, 1, 2)
3
(62, 31)
-> Request 48
739
(1, 1, 1)
1
(50, 9)
-> Request 49
747
(4, 3, 1)
2
(17, 54)
-> Request 50
770
(2, 2, 2)
3
(35, 62)
-> Request 51
778
(2, 2, 1)
3
(27, 13)
-> Request 52
783
(1, 3, 2)
3
(39, 68)
-> Request 53
829
(3, 3, 2)
2
(32, 65)
-> Request 54
838
(1, 2, 1)
1
(54, 67)
-> Request 55
855
(1, 1, 1)
2
(67, 14)
-> Request 56
888
(2, 2, 2)
3
(1, 30)
-> Request 57
960
(4, 1, 1)
2
(55, 38)
-> Request 58
978
(4, 2, 1)
1
(49, 58)
-> Request 59
1088
(3, 2, 1)
2
(71, 27)
-> Request 60
1103
(2, 2, 2)
2
(69, 10)
-> Request 61
1150
(1, 1, 2)
1
(59, 70)
-> Request 62
1155
(4, 3, 1)
1
(76, 53)
-> Request 63
1238
(3, 1, 2)
1
(77, 13)
-> Request 64
1323
(1, 3, 1)
1
(49, 11)
-> Request 65
1412
(3, 2, 1)
2
(71, 71)
-> Request 66
1437
(4, 1, 1)
3
(38, 36)
--> Day : 3
-> Request 0
1
(3, 1, 1)
1
(48, 56)
-> Request 1
38
(2, 2, 2)
3
(67, 27)
-> Request 2
54
(4, 2, 2)
2
(19, 79)
-> Request 3
91
(2, 2, 1)
3
(7, 1)
-> Request 4
95
(4, 1, 1)
1
(73, 18)
-> Request 5
164
(4, 1, 1)
3
(70, 50)
-> Request 6
185
(1, 2, 2)
1
(71, 41)
-> Request 7
227
(2, 2, 2)
1
(54, 58)
-> Request 8
241
(3, 2, 2)
3
(52, 63)
-> Request 9
247
(1, 3, 2)
1
(23, 50)
-> Request 10
365
(4, 2, 2)
2
(62, 27)
-> Request 11
393
(1, 3, 2)
3
(46, 37)
-> Request 12
428
(4, 3, 2)
1
(73, 21)
-> Request 13
465
(3, 2, 1)
1
(61, 62)
-> Request 14
486
(4, 2, 1)
3
(32, 19)
-> Request 15
493
(3, 3, 2)
3
(9, 2)
-> Request 16
544
(2, 2, 1)
3
(67, 73)
-> Request 17
587
(4, 2, 1)
1
(74, 7)
-> Request 18
674
(3, 2, 1)
3
(24, 27)
-> Request 19
688
(2, 3, 1)
3
(3, 63)
-> Request 20
690
(3, 2, 2)
1
(35, 18)
-> Request 21
693
(3, 2, 2)
1
(78, 38)
-> Request 22
704
(1, 1, 1)
1
(28, 11)
-> Request 23
708
(4, 2, 2)
2
(6, 8)
-> Request 24
719
(4, 1, 1)
3
(23, 12)
-> Request 25
757
(3, 1, 2)
1
(3, 59)
-> Request 26
786
(3, 3, 2)
2
(66, 43)
-> Request 27
809
(1, 2, 2)
3
(25, 14)
-> Request 28
844
(4, 3, 1)
1
(10, 13)
-> Request 29
869
(4, 2, 2)
1
(16, 26)
-> Request 30
870
(2, 2, 2)
1
(7, 65)
-> Request 31
944
(2, 3, 1)
1
(56, 74)
-> Request 32
967
(1, 1, 1)
1
(54, 9)
-> Request 33
1029
(1, 3, 1)
1
(62, 26)
-> Request 34
1044
(3, 2, 1)
1
(31, 59)
-> Request 35
1067
(3, 2, 2)
2
(48, 75)
-> Request 36
1067
(2, 1, 2)
2
(28, 13)
-> Request 37
1093
(4, 1, 2)
2
(10, 42)
-> Request 38
1093
(1, 2, 1)
3
(74, 13)
-> Request 39
1098
(4, 2, 2)
3
(13, 18)
-> Request 40
1111
(3, 2, 2)
2
(7, 64)
-> Request 41
1148
(4, 1, 1)
3
(5, 37)
-> Request 42
1217
(3, 1, 1)
3
(23, 74)
-> Request 43
1217
(4, 1, 2)
2
(19, 66)
-> Request 44
1242
(2, 2, 1)
2
(31, 60)
-> Request 45
1268
(1, 2, 2)
1
(19, 34)
-> Request 46
1358
(2, 1, 2)
3
(78, 16)
-> Request 47
1358
(3, 1, 1)
3
(60, 20)
-> Request 48
1374
(2, 2, 1)
2
(15, 72)
-> Request 49
1390
(3, 3, 1)
3
(75, 75)
-> Request 50
1430
(2, 2, 2)
3
(58, 76)
--> Day : 4
-> Request 0
5
(2, 3, 2)
3
(68, 75)
-> Request 1
15
(4, 3, 1)
2
(35, 57)
-> Request 2
20
(4, 1, 2)
2
(58, 71)
-> Request 3
27
(4, 3, 1)
3
(47, 12)
-> Request 4
60
(4, 2, 1)
1
(46, 14)
-> Request 5
64
(1, 3, 2)
1
(52, 7)
-> Request 6
67
(2, 3, 1)
2
(54, 64)
-> Request 7
70
(1, 2, 1)
2
(56, 37)
-> Request 8
71
(2, 1, 2)
3
(29, 3)
-> Request 9
114
(1, 3, 1)
3
(62, 63)
-> Request 10
135
(4, 2, 2)
3
(2, 59)
-> Request 11
137
(1, 1, 1)
2
(43, 23)
-> Request 12
171
(1, 2, 2)
3
(26, 33)
-> Request 13
199
(4, 2, 2)
2
(6, 45)
-> Request 14
229
(1, 1, 2)
2
(58, 62)
-> Request 15
232
(1, 2, 2)
1
(15, 66)
-> Request 16
245
(1, 2, 2)
2
(52, 25)
-> Request 17
262
(1, 3, 2)
3
(24, 68)
-> Request 18
270
(3, 1, 2)
3
(46, 75)
-> Request 19
282
(1, 2, 2)
1
(43, 55)
-> Request 20
282
(1, 3, 2)
2
(78, 73)
-> Request 21
290
(2, 2, 2)
1
(1, 62)
-> Request 22
344
(4, 1, 2)
2
(75, 9)
-> Request 23
389
(1, 1, 1)
1
(32, 76)
-> Request 24
391
(1, 1, 1)
3
(59, 50)
-> Request 25
416
(3, 2, 1)
1
(43, 73)
-> Request 26
458
(3, 2, 2)
3
(4, 55)
-> Request 27
460
(3, 1, 2)
2
(10, 68)
-> Request 28
468
(3, 1, 1)
3
(49, 20)
-> Request 29
528
(4, 2, 2)
2
(54, 73)
-> Request 30
543
(3, 3, 2)
2
(36, 43)
-> Request 31
569
(2, 1, 1)
3
(16, 48)
-> Request 32
579
(3, 2, 1)
3
(39, 47)
-> Request 33
592
(4, 3, 2)
3
(45, 43)
-> Request 34
601
(2, 3, 2)
1
(18, 41)
-> Request 35
607
(4, 3, 1)
3
(63, 65)
-> Request 36
633
(4, 3, 1)
1
(74, 46)
-> Request 37
634
(4, 1, 2)
3
(22, 10)
-> Request 38
636
(2, 3, 2)
3
(51, 12)
-> Request 39
688
(1, 1, 2)
1
(74, 28)
-> Request 40
699
(1, 1, 2)
3
(54, 7)
-> Request 41
704
(4, 1, 1)
1
(23, 49)
-> Request 42
719
(4, 2, 2)
1
(27, 66)
-> Request 43
753
(2, 3, 2)
2
(8, 18)
-> Request 44
756
(2, 3, 1)
1
(72, 41)
-> Request 45
767
(2, 1, 1)
1
(58, 69)
-> Request 46
789
(4, 1, 1)
3
(62, 55)
-> Request 47
794
(4, 1, 2)
1
(79, 2)
-> Request 48
850
(3, 1, 2)
1
(9, 61)
-> Request 49
885
(3, 1, 1)
1
(9, 6)
-> Request 50
890
(1, 2, 2)
2
(70, 55)
-> Request 51
893
(4, 1, 2)
3
(23, 50)
-> Request 52
992
(1, 1, 1)
2
(20, 61)
-> Request 53
1018
(3, 3, 1)
3
(49, 29)
-> Request 54
1045
(4, 2, 2)
1
(63, 53)
-> Request 55
1055
(4, 3, 1)
1
(78, 24)
-> Request 56
1057
(2, 3, 1)
1
(77, 35)
-> Request 57
1101
(4, 1, 2)
2
(8, 71)
-> Request 58
1105
(2, 3, 1)
3
(51, 38)
-> Request 59
1165
(2, 3, 1)
3
(78, 24)
-> Request 60
1187
(4, 1, 1)
2
(65, 21)
-> Request 61
1191
(4, 3, 2)
2
(10, 63)
-> Request 62
1209
(3, 1, 2)
1
(75, 2)
-> Request 63
1212
(2, 2, 2)
3
(3, 21)
-> Request 64
1228
(1, 2, 1)
3
(9, 24)
-> Request 65
1246
(3, 3, 1)
3
(59, 38)
-> Request 66
1267
(2, 1, 2)
2
(53, 41)
-> Request 67
1272
(2, 3, 2)
3
(57, 60)
-> Request 68
1272
(1, 1, 2)
2
(71, 57)
-> Request 69
1278
(4, 2, 2)
3
(17, 47)
-> Request 70
1283
(2, 2, 1)
3
(17, 78)
-> Request 71
1294
(4, 3, 2)
3
(7, 33)
-> Request 72
1343
(3, 2, 1)
2
(16, 73)
-> Request 73
1348
(3, 3, 2)
3
(54, 4)
-> Request 74
1355
(2, 2, 1)
2
(39, 22)
-> Request 75
1400
(2, 2, 2)
3
(38, 43)
-> Request 76
1437
(2, 3, 1)
1
(71, 69)
---> Week : 9
--> Day : 0
-> Request 0
15
(3, 1, 1)
1
(13, 19)
-> Request 1
23
(2, 3, 2)
1
(67, 30)
-> Request 2
31
(4, 1, 2)
3
(57, 63)
-> Request 3
35
(2, 2, 2)
3
(45, 13)
-> Request 4
46
(3, 1, 1)
2
(2, 66)
-> Request 5
56
(1, 3, 2)
3
(29, 0)
-> Request 6
81
(1, 3, 1)
3
(45, 15)
-> Request 7
88
(1, 2, 1)
1
(6, 28)
-> Request 8
119
(1, 2, 1)
3
(24, 13)
-> Request 9
166
(4, 3, 2)
1
(23, 40)
-> Request 10
181
(3, 3, 2)
3
(66, 63)
-> Request 11
191
(1, 1, 1)
3
(0, 30)
-> Request 12
211
(1, 1, 2)
1
(77, 56)
-> Request 13
214
(4, 3, 2)
3
(6, 33)
-> Request 14
263
(4, 3, 1)
1
(49, 2)
-> Request 15
302
(2, 1, 1)
1
(34, 66)
-> Request 16
303
(4, 3, 1)
2
(12, 33)
-> Request 17
307
(3, 2, 1)
2
(35, 8)
-> Request 18
325
(3, 3, 1)
1
(41, 45)
-> Request 19
359
(2, 1, 2)
2
(67, 61)
-> Request 20
383
(3, 3, 1)
3
(8, 56)
-> Request 21
396
(1, 3, 2)
3
(71, 46)
-> Request 22
425
(4, 1, 1)
3
(36, 34)
-> Request 23
432
(1, 1, 2)
2
(15, 35)
-> Request 24
456
(3, 1, 2)
3
(8, 56)
-> Request 25
490
(3, 1, 2)
2
(8, 30)
-> Request 26
512
(2, 3, 1)
1
(8, 33)
-> Request 27
522
(3, 2, 1)
3
(38, 18)
-> Request 28
561
(3, 1, 1)
2
(34, 54)
-> Request 29
589
(1, 3, 1)
1
(45, 75)
-> Request 30
603
(4, 2, 1)
1
(61, 4)
-> Request 31
609
(3, 3, 1)
2
(0, 5)
-> Request 32
653
(4, 3, 2)
2
(38, 60)
-> Request 33
653
(1, 2, 2)
1
(39, 79)
-> Request 34
691
(2, 3, 1)
1
(1, 6)
-> Request 35
701
(2, 3, 2)
1
(76, 48)
-> Request 36
732
(2, 1, 1)
1
(41, 50)
-> Request 37
788
(4, 2, 2)
2
(15, 43)
-> Request 38
804
(4, 3, 1)
2
(53, 45)
-> Request 39
821
(2, 1, 1)
1
(60, 68)
-> Request 40
838
(1, 3, 2)
3
(57, 46)
-> Request 41
900
(3, 1, 2)
1
(0, 65)
-> Request 42
908
(3, 1, 2)
3
(43, 33)
-> Request 43
920
(3, 2, 2)
1
(4, 75)
-> Request 44
932
(1, 3, 2)
3
(39, 27)
-> Request 45
998
(2, 1, 1)
2
(59, 41)
-> Request 46
1029
(3, 3, 2)
3
(9, 52)
-> Request 47
1071
(3, 2, 1)
2
(53, 66)
-> Request 48
1079
(3, 1, 1)
1
(7, 14)
-> Request 49
1102
(2, 3, 2)
2
(16, 15)
-> Request 50
1122
(1, 2, 2)
3
(12, 27)
-> Request 51
1131
(4, 2, 2)
1
(65, 20)
-> Request 52
1174
(1, 1, 2)
3
(48, 39)
-> Request 53
1190
(1, 3, 1)
1
(23, 71)
-> Request 54
1205
(4, 1, 1)
1
(53, 17)
-> Request 55
1215
(3, 3, 1)
2
(39, 46)
-> Request 56
1216
(3, 3, 1)
2
(72, 66)
-> Request 57
1218
(1, 1, 1)
3
(77, 79)
-> Request 58
1242
(1, 1, 2)
3
(61, 57)
-> Request 59
1287
(2, 2, 1)
2
(69, 42)
-> Request 60
1298
(1, 3, 1)
3
(22, 49)
-> Request 61
1298
(2, 1, 2)
2
(0, 62)
-> Request 62
1358
(1, 1, 1)
1
(48, 31)
-> Request 63
1381
(4, 3, 2)
3
(71, 73)
-> Request 64
1420
(1, 1, 2)
1
(33, 77)
--> Day : 1
-> Request 0
44
(4, 2, 2)
2
(37, 5)
-> Request 1
68
(4, 1, 1)
2
(44, 75)
-> Request 2
73
(3, 2, 2)
1
(63, 73)
-> Request 3
73
(4, 2, 1)
1
(8, 43)
-> Request 4
95
(4, 3, 1)
3
(48, 17)
-> Request 5
113
(2, 1, 2)
2
(20, 70)
-> Request 6
126
(4, 1, 1)
1
(41, 70)
-> Request 7
136
(2, 2, 1)
1
(76, 41)
-> Request 8
165
(2, 3, 2)
2
(50, 6)
-> Request 9
191
(2, 3, 1)
3
(13, 65)
-> Request 10
204
(2, 1, 1)
2
(54, 47)
-> Request 11
326
(1, 2, 1)
1
(57, 14)
-> Request 12
350
(3, 1, 1)
1
(69, 24)
-> Request 13
363
(1, 3, 1)
2
(11, 10)
-> Request 14
393
(2, 1, 1)
2
(35, 34)
-> Request 15
396
(2, 3, 1)
2
(78, 77)
-> Request 16
421
(1, 2, 2)
2
(42, 54)
-> Request 17
454
(3, 3, 1)
1
(50, 14)
-> Request 18
456
(4, 2, 2)
2
(37, 55)
-> Request 19
585
(4, 1, 2)
3
(61, 58)
-> Request 20
594
(4, 3, 1)
3
(16, 66)
-> Request 21
633
(1, 1, 1)
2
(52, 49)
-> Request 22
634
(4, 3, 1)
2
(32, 9)
-> Request 23
706
(4, 3, 1)
3
(69, 14)
-> Request 24
719
(2, 2, 1)
2
(33, 18)
-> Request 25
735
(3, 3, 1)
1
(36, 63)
-> Request 26
764
(1, 2, 2)
1
(0, 77)
-> Request 27
773
(1, 2, 1)
3
(13, 13)
-> Request 28
815
(1, 2, 1)
3
(31, 74)
-> Request 29
825
(2, 2, 2)
2
(54, 48)
-> Request 30
830
(1, 1, 1)
1
(50, 36)
-> Request 31
920
(4, 2, 1)
2
(2, 38)
-> Request 32
994
(3, 3, 2)
3
(79, 58)
-> Request 33
999
(3, 3, 1)
1
(16, 14)
-> Request 34
1011
(3, 2, 1)
3
(0, 54)
-> Request 35
1015
(4, 2, 2)
1
(63, 11)
-> Request 36
1027
(4, 3, 2)
3
(45, 74)
-> Request 37
1068
(2, 2, 1)
3
(41, 66)
-> Request 38
1073
(2, 1, 2)
2
(3, 8)
-> Request 39
1074
(1, 2, 1)
2
(26, 15)
-> Request 40
1093
(4, 3, 1)
1
(43, 77)
-> Request 41
1108
(3, 1, 2)
1
(57, 9)
-> Request 42
1123
(2, 2, 1)
3
(68, 77)
-> Request 43
1131
(1, 3, 2)
3
(37, 14)
-> Request 44
1142
(1, 1, 1)
2
(46, 68)
-> Request 45
1159
(2, 1, 1)
2
(18, 43)
-> Request 46
1195
(1, 3, 1)
3
(61, 35)
-> Request 47
1212
(3, 2, 1)
1
(25, 33)
-> Request 48
1229
(3, 1, 2)
1
(78, 32)
-> Request 49
1230
(4, 1, 1)
1
(50, 64)
-> Request 50
1263
(3, 2, 2)
3
(72, 5)
-> Request 51
1265
(1, 3, 1)
1
(48, 69)
-> Request 52
1285
(2, 3, 1)
1
(58, 30)
-> Request 53
1314
(1, 2, 2)
2
(59, 69)
-> Request 54
1328
(4, 1, 1)
1
(28, 48)
-> Request 55
1341
(4, 3, 2)
2
(27, 36)
-> Request 56
1353
(1, 3, 2)
3
(4, 57)
-> Request 57
1353
(1, 2, 1)
2
(69, 64)
-> Request 58
1354
(4, 2, 1)
1
(39, 4)
-> Request 59
1364
(4, 3, 2)
3
(25, 69)
-> Request 60
1393
(4, 2, 2)
1
(33, 25)
--> Day : 2
-> Request 0
36
(2, 1, 2)
3
(34, 10)
-> Request 1
55
(2, 1, 2)
2
(27, 79)
-> Request 2
64
(4, 2, 2)
3
(41, 67)
-> Request 3
67
(1, 1, 2)
3
(71, 41)
-> Request 4
70
(3, 3, 2)
3
(4, 75)
-> Request 5
89
(3, 2, 1)
2
(12, 76)
-> Request 6
125
(1, 1, 1)
3
(17, 39)
-> Request 7
135
(3, 3, 1)
3
(73, 60)
-> Request 8
161
(1, 1, 1)
3
(39, 63)
-> Request 9
170
(4, 1, 1)
3
(13, 4)
-> Request 10
190
(1, 3, 2)
3
(30, 64)
-> Request 11
202
(1, 1, 1)
3
(36, 62)
-> Request 12
232
(3, 3, 1)
1
(13, 1)
-> Request 13
243
(4, 1, 1)
2
(70, 38)
-> Request 14
284
(4, 3, 1)
1
(47, 12)
-> Request 15
287
(2, 1, 1)
2
(4, 75)
-> Request 16
316
(4, 2, 1)
3
(46, 44)
-> Request 17
356
(1, 2, 2)
1
(25, 63)
-> Request 18
385
(1, 1, 1)
1
(28, 58)
-> Request 19
419
(3, 2, 1)
1
(32, 4)
-> Request 20
421
(3, 2, 1)
2
(69, 26)
-> Request 21
462
(4, 2, 1)
3
(25, 3)
-> Request 22
472
(1, 2, 1)
2
(71, 42)
-> Request 23
476
(4, 2, 1)
2
(75, 40)
-> Request 24
479
(4, 3, 2)
3
(18, 63)
-> Request 25
481
(2, 1, 2)
2
(45, 56)
-> Request 26
500
(4, 1, 1)
3
(45, 8)
-> Request 27
511
(2, 3, 1)
2
(76, 11)
-> Request 28
518
(1, 3, 1)
3
(59, 4)
-> Request 29
545
(2, 3, 2)
1
(69, 59)
-> Request 30
547
(1, 2, 1)
3
(77, 43)
-> Request 31
560
(2, 3, 1)
2
(51, 13)
-> Request 32
570
(4, 2, 2)
3
(56, 38)
-> Request 33
598
(1, 3, 1)
3
(46, 67)
-> Request 34
599
(4, 2, 2)
1
(46, 35)
-> Request 35
666
(1, 3, 1)
1
(3, 70)
-> Request 36
702
(2, 1, 2)
1
(44, 20)
-> Request 37
762
(3, 1, 1)
1
(52, 9)
-> Request 38
768
(3, 1, 2)
2
(24, 38)
-> Request 39
804
(2, 1, 2)
2
(72, 70)
-> Request 40
870
(3, 2, 2)
2
(41, 46)
-> Request 41
882
(3, 1, 1)
2
(71, 53)
-> Request 42
890
(4, 2, 2)
2
(78, 51)
-> Request 43
898
(3, 1, 2)
2
(64, 32)
-> Request 44
966
(3, 3, 1)
2
(65, 71)
-> Request 45
988
(1, 3, 2)
1
(31, 54)
-> Request 46
1001
(3, 1, 2)
3
(17, 48)
-> Request 47
1013
(2, 3, 1)
1
(19, 27)
-> Request 48
1017
(3, 1, 2)
2
(14, 11)
-> Request 49
1029
(3, 2, 2)
1
(74, 8)
-> Request 50
1038
(3, 3, 2)
2
(78, 58)
-> Request 51
1107
(4, 3, 1)
2
(3, 54)
-> Request 52
1119
(1, 1, 1)
3
(56, 42)
-> Request 53
1127
(1, 2, 2)
2
(47, 78)
-> Request 54
1142
(4, 2, 1)
2
(67, 6)
-> Request 55
1142
(4, 3, 2)
2
(23, 24)
-> Request 56
1153
(2, 2, 1)
2
(69, 13)
-> Request 57
1202
(3, 3, 2)
1
(13, 37)
-> Request 58
1228
(4, 1, 1)
2
(78, 64)
-> Request 59
1247
(3, 1, 1)
1
(6, 45)
-> Request 60
1261
(4, 2, 1)
2
(77, 8)
-> Request 61
1265
(2, 3, 1)
1
(6, 64)
-> Request 62
1272
(3, 1, 1)
3
(2, 68)
-> Request 63
1295
(4, 1, 1)
1
(31, 51)
-> Request 64
1306
(3, 3, 2)
1
(16, 4)
-> Request 65
1418
(4, 1, 2)
3
(53, 22)
-> Request 66
1424
(3, 2, 1)
2
(8, 71)
--> Day : 3
-> Request 0
43
(2, 3, 1)
1
(9, 2)
-> Request 1
124
(3, 3, 2)
2
(19, 51)
-> Request 2
134
(4, 2, 2)
2
(50, 62)
-> Request 3
166
(3, 2, 2)
1
(37, 49)
-> Request 4
190
(4, 3, 2)
3
(55, 61)
-> Request 5
209
(1, 2, 1)
1
(55, 4)
-> Request 6
221
(3, 2, 1)
1
(11, 49)
-> Request 7
255
(3, 3, 1)
3
(63, 3)
-> Request 8
268
(4, 2, 1)
1
(26, 12)
-> Request 9
289
(2, 3, 1)
1
(5, 25)
-> Request 10
392
(1, 2, 1)
3
(4, 31)
-> Request 11
407
(2, 3, 1)
2
(63, 37)
-> Request 12
418
(3, 1, 1)
2
(51, 52)
-> Request 13
427
(4, 2, 1)
3
(75, 68)
-> Request 14
433
(4, 2, 2)
1
(9, 11)
-> Request 15
451
(1, 2, 1)
3
(21, 5)
-> Request 16
595
(4, 1, 1)
3
(32, 74)
-> Request 17
614
(3, 1, 1)
1
(7, 64)
-> Request 18
640
(4, 3, 2)
1
(76, 54)
-> Request 19
677
(2, 2, 1)
3
(64, 41)
-> Request 20
699
(4, 2, 2)
1
(30, 40)
-> Request 21
721
(2, 2, 1)
3
(13, 76)
-> Request 22
735
(4, 2, 2)
1
(22, 16)
-> Request 23
802
(3, 2, 1)
3
(34, 78)
-> Request 24
802
(1, 2, 1)
1
(28, 0)
-> Request 25
823
(3, 1, 2)
1
(55, 8)
-> Request 26
843
(2, 2, 1)
3
(53, 66)
-> Request 27
849
(2, 1, 2)
1
(69, 10)
-> Request 28
950
(4, 2, 2)
3
(30, 42)
-> Request 29
957
(2, 1, 1)
1
(24, 7)
-> Request 30
993
(2, 1, 1)
3
(36, 43)
-> Request 31
1034
(2, 1, 2)
3
(66, 32)
-> Request 32
1048
(2, 3, 2)
2
(35, 1)
-> Request 33
1188
(2, 3, 2)
2
(55, 39)
-> Request 34
1196
(1, 2, 2)
2
(48, 7)
-> Request 35
1198
(3, 3, 2)
3
(18, 34)
-> Request 36
1254
(2, 1, 1)
1
(53, 51)
-> Request 37
1260
(2, 2, 1)
1
(58, 31)
-> Request 38
1289
(2, 1, 2)
2
(43, 75)
-> Request 39
1318
(2, 3, 1)
1
(16, 46)
-> Request 40
1374
(2, 1, 1)
3
(58, 77)
-> Request 41
1375
(4, 2, 1)
1
(30, 55)
-> Request 42
1381
(2, 3, 1)
1
(15, 12)
-> Request 43
1428
(2, 3, 1)
3
(65, 6)
-> Request 44
1428
(1, 2, 1)
3
(17, 31)
--> Day : 4
-> Request 0
37
(2, 1, 2)
1
(79, 30)
-> Request 1
58
(2, 2, 1)
1
(9, 17)
-> Request 2
63
(4, 3, 1)
3
(79, 72)
-> Request 3
69
(1, 1, 1)
3
(79, 68)
-> Request 4
104
(2, 2, 1)
3
(0, 25)
-> Request 5
122
(1, 3, 2)
1
(20, 3)
-> Request 6
160
(2, 1, 1)
3
(11, 31)
-> Request 7
165
(2, 3, 2)
3
(52, 14)
-> Request 8
176
(4, 1, 2)
2
(41, 18)
-> Request 9
182
(4, 3, 2)
2
(30, 13)
-> Request 10
207
(3, 2, 1)
1
(44, 47)
-> Request 11
253
(3, 2, 2)
2
(56, 51)
-> Request 12
282
(3, 2, 1)
3
(8, 16)
-> Request 13
297
(3, 3, 2)
3
(8, 33)
-> Request 14
306
(2, 1, 1)
1
(16, 13)
-> Request 15
310
(2, 1, 2)
3
(28, 32)
-> Request 16
312
(4, 1, 2)
2
(48, 63)
-> Request 17
320
(4, 1, 1)
2
(68, 22)
-> Request 18
382
(2, 2, 2)
2
(18, 21)
-> Request 19
398
(1, 2, 2)
1
(68, 55)
-> Request 20
493
(2, 3, 1)
2
(9, 22)
-> Request 21
529
(4, 3, 2)
3
(48, 24)
-> Request 22
550
(3, 3, 1)
1
(8, 26)
-> Request 23
581
(1, 1, 1)
3
(58, 10)
-> Request 24
595
(2, 3, 1)
2
(68, 31)
-> Request 25
626
(1, 1, 2)
1
(10, 69)
-> Request 26
627
(4, 1, 2)
2
(26, 46)
-> Request 27
628
(2, 1, 1)
1
(67, 60)
-> Request 28
651
(1, 3, 1)
3
(48, 56)
-> Request 29
691
(1, 2, 2)
2
(34, 3)
-> Request 30
706
(3, 1, 1)
2
(36, 19)
-> Request 31
706
(4, 1, 1)
3
(75, 59)
-> Request 32
707
(2, 1, 2)
3
(24, 29)
-> Request 33
707
(1, 1, 1)
2
(32, 78)
-> Request 34
735
(2, 3, 2)
3
(3, 6)
-> Request 35
777
(1, 1, 1)
1
(26, 49)
-> Request 36
806
(3, 1, 1)
1
(29, 74)
-> Request 37
807
(3, 1, 2)
2
(26, 11)
-> Request 38
814
(1, 3, 1)
3
(79, 50)
-> Request 39
918
(1, 1, 2)
1
(25, 58)
-> Request 40
928
(3, 1, 1)
2
(62, 13)
-> Request 41
928
(1, 3, 1)
1
(22, 31)
-> Request 42
1007
(3, 2, 2)
2
(53, 44)
-> Request 43
1022
(3, 2, 2)
2
(70, 54)
-> Request 44
1055
(4, 1, 1)
3
(47, 4)
-> Request 45
1063
(2, 3, 2)
3
(41, 25)
-> Request 46
1148
(1, 2, 2)
1
(6, 6)
-> Request 47
1163
(2, 1, 2)
3
(19, 15)
-> Request 48
1183
(1, 3, 1)
3
(38, 32)
-> Request 49
1202
(1, 3, 1)
3
(19, 37)
-> Request 50
1314
(2, 2, 1)
2
(79, 13)
-> Request 51
1335
(2, 2, 1)
1
(50, 23)
-> Request 52
1359
(2, 2, 1)
1
(25, 20)
-> Request 53
1424
(1, 1, 1)
1
(69, 2)
