---> Week : 0
--> Day : 0
-> Request 0
280
(1, 2, 2)
2
(9, 22)
-> Request 1
333
(3, 1, 1)
1
(66, 64)
-> Request 2
361
(1, 3, 1)
3
(61, 37)
-> Request 3
418
(4, 1, 2)
2
(53, 39)
-> Request 4
602
(1, 1, 2)
2
(43, 37)
-> Request 5
689
(3, 2, 1)
1
(65, 64)
-> Request 6
705
(1, 1, 2)
1
(57, 34)
-> Request 7
716
(3, 3, 1)
1
(56, 42)
-> Request 8
780
(4, 3, 2)
2
(64, 65)
-> Request 9
933
(1, 1, 1)
3
(45, 35)
-> Request 10
1195
(4, 1, 2)
2
(58, 69)
-> Request 11
1400
(3, 1, 1)
1
(53, 29)
--> Day : 1
-> Request 0
197
(3, 2, 2)
3
(50, 32)
-> Request 1
469
(4, 1, 2)
2
(58, 45)
-> Request 2
506
(3, 2, 1)
2
(60, 42)
-> Request 3
508
(2, 3, 2)
2
(10, 28)
-> Request 4
587
(2, 2, 2)
1
(62, 72)
-> Request 5
741
(2, 1, 1)
1
(11, 23)
-> Request 6
1340
(4, 3, 1)
3
(17, 28)
--> Day : 2
-> Request 0
240
(3, 1, 2)
3
(61, 67)
-> Request 1
252
(4, 1, 1)
1
(56, 74)
-> Request 2
329
(4, 1, 2)
3
(45, 42)
-> Request 3
493
(2, 1, 1)
1
(53, 66)
-> Request 4
706
(3, 1, 2)
3
(15, 26)
-> Request 5
713
(3, 3, 2)
3
(15, 25)
-> Request 6
719
(1, 3, 1)
1
(55, 35)
-> Request 7
956
(4, 1, 1)
1
(54, 66)
-> Request 8
967
(1, 1, 1)
3
(13, 26)
-> Request 9
1036
(2, 3, 2)
3
(64, 65)
-> Request 10
1087
(2, 2, 2)
2
(58, 68)
-> Request 11
1200
(3, 3, 1)
2
(52, 34)
-> Request 12
1223
(4, 1, 2)
2
(58, 34)
-> Request 13
1246
(3, 2, 2)
2
(50, 29)
--> Day : 3
-> Request 0
75
(4, 1, 1)
3
(13, 24)
-> Request 1
210
(1, 1, 1)
2
(53, 66)
-> Request 2
253
(4, 1, 1)
3
(62, 37)
-> Request 3
293
(2, 3, 1)
1
(46, 42)
-> Request 4
413
(3, 3, 2)
2
(44, 45)
-> Request 5
413
(4, 3, 1)
2
(56, 30)
-> Request 6
419
(3, 2, 2)
2
(52, 43)
-> Request 7
447
(1, 3, 1)
3
(61, 37)
-> Request 8
939
(4, 3, 1)
2
(54, 29)
-> Request 9
968
(2, 1, 1)
3
(46, 35)
-> Request 10
999
(2, 2, 2)
3
(61, 32)
-> Request 11
1166
(3, 1, 2)
3
(62, 34)
--> Day : 4
-> Request 0
151
(2, 1, 2)
3
(61, 28)
-> Request 1
521
(2, 2, 2)
3
(64, 76)
-> Request 2
848
(1, 2, 2)
1
(63, 72)
-> Request 3
1064
(2, 1, 2)
2
(57, 46)
-> Request 4
1311
(2, 3, 1)
1
(13, 26)
-> Request 5
1386
(4, 1, 2)
2
(15, 26)
-> Request 6
1386
(1, 1, 2)
3
(52, 27)
-> Request 7
1412
(4, 3, 2)
3
(57, 46)
---> Week : 1
--> Day : 0
-> Request 0
255
(2, 3, 1)
1
(64, 72)
-> Request 1
305
(3, 1, 2)
3
(46, 35)
-> Request 2
318
(2, 1, 1)
3
(55, 46)
-> Request 3
372
(4, 3, 2)
3
(56, 44)
-> Request 4
622
(3, 2, 2)
1
(58, 64)
-> Request 5
1014
(2, 2, 2)
3
(58, 73)
-> Request 6
1083
(4, 1, 2)
3
(49, 36)
-> Request 7
1439
(3, 2, 2)
1
(55, 40)
--> Day : 1
-> Request 0
38
(4, 1, 2)
1
(55, 32)
-> Request 1
103
(4, 1, 2)
3
(56, 46)
-> Request 2
295
(4, 2, 2)
2
(62, 73)
-> Request 3
450
(3, 3, 2)
3
(56, 67)
-> Request 4
542
(2, 1, 2)
3
(61, 28)
-> Request 5
548
(1, 1, 1)
1
(45, 45)
-> Request 6
696
(1, 3, 2)
3
(54, 72)
-> Request 7
1033
(1, 2, 2)
3
(63, 69)
-> Request 8
1097
(1, 1, 2)
3
(53, 27)
--> Day : 2
-> Request 0
128
(2, 2, 1)
2
(59, 44)
-> Request 1
178
(2, 1, 1)
1
(59, 64)
-> Request 2
224
(4, 3, 2)
3
(56, 34)
-> Request 3
441
(2, 1, 2)
1
(64, 73)
-> Request 4
790
(2, 1, 1)
2
(55, 78)
-> Request 5
893
(3, 1, 2)
2
(60, 69)
-> Request 6
1045
(1, 3, 1)
3
(59, 75)
-> Request 7
1066
(2, 3, 2)
1
(12, 26)
-> Request 8
1175
(4, 1, 1)
2
(52, 69)
-> Request 9
1236
(2, 1, 1)
3
(50, 44)
-> Request 10
1405
(2, 1, 1)
1
(46, 32)
--> Day : 3
-> Request 0
457
(3, 2, 2)
3
(47, 27)
-> Request 1
572
(3, 2, 1)
3
(14, 28)
-> Request 2
1105
(1, 3, 1)
2
(62, 70)
-> Request 3
1252
(2, 3, 1)
1
(66, 77)
-> Request 4
1252
(2, 1, 1)
3
(47, 40)
-> Request 5
1382
(2, 2, 1)
3
(58, 30)
-> Request 6
1396
(3, 3, 1)
3
(61, 74)
--> Day : 4
-> Request 0
55
(1, 3, 2)
2
(53, 65)
-> Request 1
78
(4, 1, 1)
1
(60, 74)
-> Request 2
136
(1, 2, 1)
2
(63, 73)
-> Request 3
153
(1, 3, 1)
3
(55, 42)
-> Request 4
286
(4, 2, 1)
2
(47, 29)
-> Request 5
334
(2, 2, 2)
1
(55, 45)
-> Request 6
599
(1, 1, 2)
3
(55, 64)
-> Request 7
754
(1, 2, 2)
3
(52, 35)
-> Request 8
1170
(3, 3, 2)
3
(56, 38)
-> Request 9
1173
(3, 1, 1)
1
(59, 30)
-> Request 10
1229
(2, 2, 2)
1
(46, 45)
-> Request 11
1350
(2, 2, 1)
2
(65, 75)
-> Request 12
1379
(2, 1, 2)
1
(51, 37)
---> Week : 2
--> Day : 0
-> Request 0
36
(1, 2, 2)
3
(55, 69)
-> Request 1
79
(2, 2, 2)
1
(57, 46)
-> Request 2
293
(2, 1, 2)
2
(14, 26)
-> Request 3
456
(4, 3, 2)
3
(9, 24)
-> Request 4
744
(1, 1, 1)
1
(43, 36)
-> Request 5
778
(1, 3, 2)
1
(48, 33)
-> Request 6
1231
(1, 2, 2)
2
(59, 30)
-> Request 7
1240
(3, 2, 2)
3
(9, 23)
-> Request 8
1349
(4, 3, 2)
2
(55, 44)
-> Request 9
1378
(1, 3, 1)
2
(47, 45)
-> Request 10
1429
(4, 2, 1)
3
(62, 77)
--> Day : 1
-> Request 0
41
(2, 1, 2)
1
(47, 29)
-> Request 1
108
(1, 2, 2)
1
(50, 33)
-> Request 2
149
(2, 2, 2)
3
(60, 66)
-> Request 3
425
(2, 3, 2)
1
(59, 32)
-> Request 4
442
(2, 3, 2)
3
(61, 43)
-> Request 5
694
(2, 2, 1)
2
(59, 71)
-> Request 6
805
(3, 1, 1)
1
(50, 44)
-> Request 7
844
(1, 3, 2)
1
(61, 46)
--> Day : 2
-> Request 0
446
(3, 1, 1)
3
(55, 31)
-> Request 1
514
(4, 3, 2)
3
(61, 76)
-> Request 2
659
(4, 1, 1)
3
(53, 64)
-> Request 3
687
(4, 1, 2)
2
(55, 71)
-> Request 4
713
(2, 1, 2)
3
(43, 35)
-> Request 5
780
(3, 1, 1)
2
(47, 34)
-> Request 6
1019
(1, 1, 1)
1
(9, 24)
-> Request 7
1107
(2, 3, 2)
3
(64, 67)
-> Request 8
1165
(2, 1, 2)
3
(58, 31)
-> Request 9
1207
(4, 2, 1)
3
(47, 35)
-> Request 10
1356
(2, 3, 1)
2
(51, 45)
-> Request 11
1425
(4, 2, 1)
3
(57, 31)
--> Day : 3
-> Request 0
238
(1, 3, 2)
1
(66, 75)
-> Request 1
675
(1, 3, 1)
3
(56, 77)
-> Request 2
1176
(3, 1, 1)
1
(14, 25)
-> Request 3
1375
(1, 3, 1)
3
(52, 46)
--> Day : 4
-> Request 0
53
(4, 2, 1)
3
(64, 73)
-> Request 1
58
(4, 1, 2)
1
(61, 36)
-> Request 2
60
(3, 3, 2)
1
(51, 33)
-> Request 3
89
(1, 2, 2)
2
(60, 43)
-> Request 4
548
(1, 1, 2)
1
(61, 75)
-> Request 5
600
(2, 1, 1)
2
(57, 44)
-> Request 6
817
(2, 2, 2)
1
(62, 72)
-> Request 7
937
(4, 1, 1)
3
(63, 76)
-> Request 8
1235
(4, 1, 1)
2
(50, 30)
-> Request 9
1430
(2, 2, 1)
2
(53, 45)
---> Week : 3
--> Day : 0
-> Request 0
74
(4, 3, 1)
2
(52, 38)
-> Request 1
121
(4, 2, 2)
2
(58, 34)
-> Request 2
290
(2, 3, 1)
2
(66, 68)
-> Request 3
343
(2, 2, 2)
2
(57, 64)
-> Request 4
408
(2, 2, 2)
3
(54, 74)
-> Request 5
462
(2, 1, 1)
2
(50, 44)
-> Request 6
1003
(3, 3, 1)
3
(44, 46)
-> Request 7
1203
(1, 2, 1)
3
(48, 32)
-> Request 8
1287
(2, 2, 2)
3
(43, 27)
-> Request 9
1356
(2, 3, 1)
1
(52, 30)
--> Day : 1
-> Request 0
172
(3, 3, 2)
2
(49, 29)
-> Request 1
257
(2, 3, 2)
3
(48, 35)
-> Request 2
385
(2, 2, 1)
3
(54, 76)
-> Request 3
438
(4, 3, 2)
2
(55, 27)
-> Request 4
547
(1, 2, 2)
2
(17, 24)
-> Request 5
615
(1, 2, 2)
1
(60, 43)
-> Request 6
781
(4, 1, 1)
1
(56, 66)
-> Request 7
1289
(2, 3, 1)
1
(58, 43)
-> Request 8
1337
(3, 1, 2)
3
(11, 26)
--> Day : 2
-> Request 0
104
(1, 2, 1)
1
(58, 31)
-> Request 1
293
(2, 1, 1)
3
(44, 39)
-> Request 2
369
(3, 1, 1)
1
(64, 68)
-> Request 3
428
(2, 3, 1)
3
(60, 37)
-> Request 4
473
(4, 3, 2)
1
(53, 75)
-> Request 5
575
(1, 3, 1)
1
(53, 31)
-> Request 6
615
(3, 2, 1)
1
(48, 27)
-> Request 7
619
(1, 3, 1)
1
(13, 29)
-> Request 8
744
(2, 3, 2)
2
(57, 65)
-> Request 9
773
(3, 1, 2)
2
(61, 78)
-> Request 10
1019
(4, 2, 1)
3
(59, 31)
-> Request 11
1200
(2, 2, 1)
2
(52, 32)
-> Request 12
1266
(2, 1, 1)
2
(53, 35)
-> Request 13
1266
(3, 2, 1)
2
(45, 43)
-> Request 14
1298
(2, 1, 1)
1
(62, 37)
--> Day : 3
-> Request 0
211
(1, 2, 2)
1
(63, 77)
-> Request 1
366
(2, 1, 1)
3
(17, 29)
-> Request 2
506
(2, 2, 1)
3
(64, 77)
-> Request 3
572
(3, 2, 2)
2
(13, 21)
-> Request 4
677
(1, 3, 1)
3
(52, 32)
-> Request 5
766
(3, 2, 2)
3
(49, 34)
-> Request 6
963
(4, 1, 1)
1
(51, 41)
-> Request 7
1216
(1, 3, 2)
2
(54, 70)
-> Request 8
1239
(4, 2, 2)
3
(11, 28)
--> Day : 4
-> Request 0
53
(1, 2, 1)
1
(55, 30)
-> Request 1
185
(2, 3, 1)
1
(59, 72)
-> Request 2
337
(4, 2, 2)
2
(51, 31)
-> Request 3
375
(3, 2, 2)
2
(52, 33)
-> Request 4
393
(1, 1, 1)
1
(54, 75)
-> Request 5
425
(2, 1, 1)
1
(53, 46)
-> Request 6
669
(2, 3, 2)
3
(62, 69)
-> Request 7
1002
(1, 1, 1)
1
(54, 76)
---> Week : 4
--> Day : 0
-> Request 0
76
(3, 3, 1)
2
(49, 29)
-> Request 1
442
(1, 3, 2)
1
(61, 40)
-> Request 2
467
(3, 2, 1)
3
(50, 43)
-> Request 3
533
(4, 3, 2)
1
(56, 77)
-> Request 4
631
(3, 2, 2)
2
(54, 31)
-> Request 5
694
(2, 2, 2)
1
(11, 23)
-> Request 6
759
(2, 1, 1)
3
(60, 38)
-> Request 7
1065
(1, 3, 2)
1
(46, 46)
-> Request 8
1113
(1, 3, 1)
1
(61, 45)
-> Request 9
1141
(1, 1, 1)
1
(44, 42)
--> Day : 1
-> Request 0
264
(2, 3, 2)
3
(52, 66)
-> Request 1
345
(4, 2, 1)
2
(43, 29)
-> Request 2
532
(1, 3, 1)
3
(9, 28)
-> Request 3
636
(3, 3, 1)
2
(62, 37)
-> Request 4
756
(4, 1, 2)
2
(52, 44)
-> Request 5
931
(1, 3, 2)
1
(52, 27)
-> Request 6
1228
(4, 3, 1)
1
(48, 29)
-> Request 7
1280
(2, 2, 1)
1
(54, 69)
-> Request 8
1362
(3, 3, 1)
2
(55, 37)
--> Day : 2
-> Request 0
142
(2, 1, 2)
1
(8, 26)
-> Request 1
297
(3, 2, 2)
2
(60, 30)
-> Request 2
512
(2, 2, 1)
3
(59, 74)
-> Request 3
992
(2, 1, 1)
1
(56, 38)
--> Day : 3
-> Request 0
30
(3, 3, 1)
2
(57, 64)
-> Request 1
306
(3, 1, 2)
3
(45, 41)
-> Request 2
306
(3, 3, 2)
1
(65, 65)
-> Request 3
320
(1, 2, 1)
1
(65, 77)
-> Request 4
320
(3, 2, 1)
1
(50, 29)
-> Request 5
389
(3, 3, 2)
3
(62, 46)
-> Request 6
562
(3, 1, 2)
2
(54, 75)
-> Request 7
661
(1, 3, 2)
1
(64, 74)
-> Request 8
731
(4, 3, 2)
3
(53, 64)
-> Request 9
807
(4, 2, 2)
2
(49, 39)
-> Request 10
1224
(1, 3, 1)
2
(62, 65)
--> Day : 4
-> Request 0
12
(2, 3, 2)
2
(54, 43)
-> Request 1
214
(1, 2, 2)
3
(62, 71)
-> Request 2
271
(2, 2, 1)
2
(46, 41)
-> Request 3
353
(3, 2, 2)
2
(55, 31)
-> Request 4
465
(1, 3, 2)
2
(17, 25)
-> Request 5
564
(2, 1, 1)
1
(51, 36)
-> Request 6
571
(2, 3, 1)
3
(11, 21)
-> Request 7
648
(4, 3, 1)
3
(53, 29)
-> Request 8
699
(3, 1, 1)
1
(59, 32)
-> Request 9
760
(4, 2, 1)
1
(47, 37)
-> Request 10
1049
(2, 3, 2)
3
(52, 44)
-> Request 11
1070
(4, 1, 1)
2
(16, 25)
-> Request 12
1189
(4, 3, 1)
2
(56, 29)
-> Request 13
1245
(1, 2, 2)
3
(54, 65)
---> Week : 5
--> Day : 0
-> Request 0
191
(1, 1, 1)
3
(54, 77)
-> Request 1
498
(4, 3, 2)
2
(45, 37)
-> Request 2
521
(4, 1, 2)
3
(48, 43)
-> Request 3
551
(4, 2, 1)
3
(54, 76)
-> Request 4
573
(2, 3, 2)
1
(54, 41)
-> Request 5
718
(1, 2, 2)
3
(55, 46)
-> Request 6
818
(1, 3, 1)
1
(59, 73)
-> Request 7
926
(3, 1, 2)
3
(58, 46)
-> Request 8
978
(4, 3, 2)
3
(14, 27)
-> Request 9
1330
(2, 1, 1)
1
(52, 45)
--> Day : 1
-> Request 0
126
(2, 3, 2)
2
(51, 38)
-> Request 1
699
(3, 2, 2)
1
(48, 41)
-> Request 2
937
(1, 2, 1)
3
(59, 35)
-> Request 3
1150
(3, 1, 1)
1
(10, 20)
-> Request 4
1252
(2, 3, 2)
2
(62, 41)
-> Request 5
1283
(1, 2, 2)
2
(53, 77)
-> Request 6
1342
(3, 1, 1)
2
(44, 43)
-> Request 7
1352
(2, 3, 1)
3
(43, 40)
-> Request 8
1357
(3, 2, 2)
2
(64, 66)
--> Day : 2
-> Request 0
254
(2, 2, 1)
1
(8, 22)
-> Request 1
502
(4, 2, 1)
2
(45, 40)
-> Request 2
535
(4, 2, 1)
1
(44, 28)
-> Request 3
551
(1, 3, 1)
1
(62, 64)
-> Request 4
755
(2, 3, 1)
1
(49, 31)
-> Request 5
819
(2, 1, 2)
3
(56, 37)
-> Request 6
898
(1, 3, 1)
2
(61, 39)
-> Request 7
1011
(2, 2, 1)
2
(61, 44)
-> Request 8
1052
(1, 2, 2)
2
(56, 76)
--> Day : 3
-> Request 0
11
(1, 2, 2)
1
(47, 37)
-> Request 1
267
(3, 1, 2)
3
(55, 45)
-> Request 2
395
(1, 2, 1)
3
(44, 40)
-> Request 3
398
(2, 2, 1)
3
(44, 33)
-> Request 4
475
(1, 2, 2)
2
(62, 78)
-> Request 5
579
(1, 2, 2)
3
(62, 78)
-> Request 6
708
(1, 3, 1)
3
(58, 78)
-> Request 7
952
(3, 3, 2)
2
(64, 76)
-> Request 8
1329
(4, 1, 2)
3
(62, 35)
--> Day : 4
-> Request 0
28
(3, 2, 2)
3
(48, 34)
-> Request 1
131
(3, 3, 1)
2
(53, 43)
-> Request 2
258
(4, 1, 2)
2
(60, 44)
-> Request 3
532
(3, 1, 1)
1
(58, 44)
-> Request 4
756
(2, 2, 2)
2
(52, 70)
-> Request 5
1192
(2, 2, 1)
2
(62, 44)
-> Request 6
1293
(2, 1, 1)
3
(45, 43)
-> Request 7
1323
(2, 2, 2)
1
(47, 44)
-> Request 8
1412
(4, 1, 1)
1
(48, 30)
---> Week : 6
--> Day : 0
-> Request 0
83
(1, 1, 2)
1
(65, 73)
-> Request 1
122
(3, 2, 2)
1
(58, 45)
-> Request 2
166
(4, 3, 1)
3
(60, 73)
-> Request 3
167
(1, 3, 1)
2
(57, 36)
-> Request 4
204
(3, 1, 2)
2
(53, 71)
-> Request 5
237
(1, 3, 1)
2
(62, 34)
-> Request 6
689
(2, 3, 2)
2
(58, 36)
-> Request 7
710
(4, 1, 2)
2
(61, 27)
-> Request 8
825
(3, 2, 2)
2
(60, 43)
-> Request 9
1044
(4, 3, 2)
3
(52, 35)
-> Request 10
1319
(4, 2, 1)
1
(49, 46)
--> Day : 1
-> Request 0
8
(3, 1, 1)
3
(65, 66)
-> Request 1
90
(2, 2, 2)
3
(65, 70)
-> Request 2
153
(1, 2, 1)
1
(55, 45)
-> Request 3
575
(2, 3, 2)
3
(61, 27)
-> Request 4
639
(3, 3, 1)
3
(61, 40)
-> Request 5
787
(4, 3, 2)
2
(63, 74)
-> Request 6
930
(4, 1, 1)
3
(17, 22)
-> Request 7
986
(3, 3, 2)
1
(52, 66)
-> Request 8
1007
(3, 3, 1)
2
(53, 30)
-> Request 9
1080
(3, 1, 1)
3
(12, 24)
-> Request 10
1216
(1, 1, 1)
2
(45, 28)
-> Request 11
1227
(1, 2, 2)
2
(60, 75)
-> Request 12
1335
(2, 3, 1)
1
(55, 71)
--> Day : 2
-> Request 0
3
(2, 1, 1)
1
(56, 75)
-> Request 1
69
(1, 1, 2)
3
(54, 40)
-> Request 2
376
(2, 1, 2)
3
(57, 27)
-> Request 3
556
(3, 2, 1)
3
(54, 74)
-> Request 4
582
(3, 2, 1)
3
(52, 78)
-> Request 5
604
(4, 3, 1)
3
(12, 25)
-> Request 6
927
(3, 1, 2)
2
(60, 30)
-> Request 7
1130
(2, 1, 1)
3
(53, 66)
-> Request 8
1244
(4, 1, 2)
1
(53, 78)
--> Day : 3
-> Request 0
4
(2, 3, 2)
1
(54, 71)
-> Request 1
178
(2, 1, 2)
1
(48, 42)
-> Request 2
416
(3, 3, 2)
3
(53, 66)
-> Request 3
751
(2, 3, 2)
2
(52, 74)
-> Request 4
983
(1, 1, 1)
2
(57, 28)
-> Request 5
988
(4, 2, 2)
2
(44, 46)
-> Request 6
1264
(1, 1, 2)
2
(45, 41)
--> Day : 4
-> Request 0
126
(2, 3, 2)
3
(54, 39)
-> Request 1
183
(3, 3, 2)
2
(49, 30)
-> Request 2
204
(1, 3, 1)
2
(61, 69)
-> Request 3
270
(2, 1, 2)
1
(50, 34)
-> Request 4
476
(4, 2, 1)
1
(44, 41)
-> Request 5
727
(4, 3, 1)
3
(44, 27)
-> Request 6
851
(2, 2, 1)
1
(55, 78)
-> Request 7
1069
(2, 2, 2)
1
(15, 20)
-> Request 8
1223
(1, 2, 2)
3
(58, 32)
---> Week : 7
--> Day : 0
-> Request 0
6
(1, 1, 1)
1
(49, 27)
-> Request 1
219
(3, 2, 1)
3
(62, 68)
-> Request 2
333
(3, 3, 1)
2
(57, 66)
-> Request 3
395
(4, 1, 2)
3
(55, 74)
-> Request 4
478
(1, 1, 2)
3
(56, 34)
-> Request 5
673
(4, 2, 2)
2
(12, 26)
-> Request 6
909
(4, 3, 2)
1
(56, 32)
-> Request 7
1318
(1, 1, 2)
2
(57, 77)
--> Day : 1
-> Request 0
188
(4, 2, 1)
1
(62, 30)
-> Request 1
213
(2, 3, 2)
3
(51, 31)
-> Request 2
362
(1, 2, 1)
2
(45, 32)
-> Request 3
529
(3, 1, 1)
3
(57, 32)
-> Request 4
835
(4, 3, 2)
3
(57, 74)
-> Request 5
886
(4, 3, 2)
3
(64, 75)
-> Request 6
888
(2, 1, 1)
2
(56, 33)
-> Request 7
889
(2, 2, 2)
1
(61, 39)
-> Request 8
1036
(4, 2, 2)
3
(46, 32)
--> Day : 2
-> Request 0
209
(2, 1, 2)
3
(11, 20)
-> Request 1
304
(1, 3, 2)
3
(54, 33)
-> Request 2
660
(2, 3, 1)
2
(61, 72)
-> Request 3
1377
(4, 3, 1)
1
(56, 43)
--> Day : 3
-> Request 0
2
(3, 1, 1)
1
(62, 40)
-> Request 1
120
(3, 2, 1)
1
(57, 36)
-> Request 2
439
(2, 1, 2)
2
(45, 32)
-> Request 3
542
(3, 3, 1)
3
(56, 33)
-> Request 4
763
(3, 2, 1)
2
(57, 35)
-> Request 5
831
(1, 2, 1)
2
(50, 32)
-> Request 6
1046
(3, 2, 2)
1
(46, 28)
-> Request 7
1181
(2, 3, 2)
3
(14, 25)
--> Day : 4
-> Request 0
36
(3, 1, 1)
2
(53, 44)
-> Request 1
207
(2, 3, 2)
3
(59, 74)
-> Request 2
336
(3, 3, 2)
3
(12, 22)
-> Request 3
339
(2, 1, 2)
1
(63, 72)
-> Request 4
358
(1, 1, 1)
2
(43, 38)
-> Request 5
930
(1, 2, 1)
1
(49, 41)
-> Request 6
1220
(4, 1, 1)
3
(55, 27)
---> Week : 8
--> Day : 0
-> Request 0
25
(3, 1, 2)
3
(56, 76)
-> Request 1
70
(3, 2, 2)
2
(59, 75)
-> Request 2
175
(1, 2, 2)
3
(15, 20)
-> Request 3
441
(4, 1, 2)
2
(46, 36)
-> Request 4
810
(2, 2, 2)
1
(53, 74)
-> Request 5
930
(2, 3, 1)
3
(51, 37)
-> Request 6
956
(1, 1, 1)
1
(56, 38)
-> Request 7
1036
(4, 2, 2)
1
(43, 42)
-> Request 8
1125
(2, 3, 1)
3
(59, 76)
-> Request 9
1136
(4, 2, 2)
1
(44, 38)
--> Day : 1
-> Request 0
172
(4, 1, 2)
1
(61, 31)
-> Request 1
443
(1, 1, 2)
1
(45, 44)
-> Request 2
552
(3, 3, 2)
3
(55, 30)
-> Request 3
710
(2, 3, 2)
1
(48, 31)
-> Request 4
974
(3, 3, 2)
1
(59, 70)
-> Request 5
1084
(3, 3, 2)
1
(62, 45)
-> Request 6
1293
(2, 3, 2)
1
(60, 29)
--> Day : 2
-> Request 0
123
(4, 3, 1)
3
(17, 24)
-> Request 1
404
(4, 3, 1)
1
(62, 68)
-> Request 2
505
(4, 3, 1)
3
(64, 66)
-> Request 3
674
(4, 2, 1)
2
(49, 33)
-> Request 4
766
(3, 3, 2)
1
(11, 20)
-> Request 5
799
(2, 3, 1)
3
(64, 73)
-> Request 6
860
(2, 1, 1)
1
(47, 41)
-> Request 7
879
(1, 1, 1)
2
(51, 30)
-> Request 8
939
(1, 1, 2)
1
(66, 72)
-> Request 9
1049
(4, 1, 2)
1
(54, 37)
-> Request 10
1135
(1, 2, 1)
2
(12, 21)
-> Request 11
1141
(1, 1, 2)
1
(44, 41)
-> Request 12
1230
(3, 2, 2)
2
(8, 25)
-> Request 13
1247
(1, 3, 1)
1
(14, 24)
-> Request 14
1361
(3, 2, 1)
2
(54, 64)
--> Day : 3
-> Request 0
151
(2, 3, 1)
2
(58, 64)
-> Request 1
239
(1, 2, 2)
2
(12, 21)
-> Request 2
290
(4, 3, 2)
1
(47, 33)
-> Request 3
382
(4, 3, 2)
1
(58, 33)
-> Request 4
437
(2, 3, 1)
3
(46, 42)
-> Request 5
519
(3, 2, 1)
1
(62, 44)
-> Request 6
574
(3, 1, 2)
1
(66, 67)
-> Request 7
642
(1, 2, 1)
2
(60, 70)
-> Request 8
850
(3, 1, 2)
1
(11, 24)
-> Request 9
1070
(1, 2, 2)
2
(58, 68)
-> Request 10
1207
(1, 1, 2)
2
(59, 72)
-> Request 11
1301
(1, 1, 2)
2
(45, 42)
--> Day : 4
-> Request 0
270
(3, 3, 2)
3
(61, 46)
-> Request 1
274
(4, 2, 2)
2
(58, 72)
-> Request 2
505
(2, 1, 1)
1
(60, 71)
-> Request 3
547
(1, 3, 2)
3
(48, 46)
-> Request 4
564
(4, 1, 1)
2
(61, 44)
-> Request 5
799
(3, 1, 2)
3
(13, 21)
-> Request 6
835
(3, 3, 2)
2
(54, 38)
-> Request 7
1003
(2, 2, 2)
2
(57, 27)
-> Request 8
1042
(4, 3, 1)
2
(59, 43)
-> Request 9
1060
(1, 2, 2)
3
(63, 68)
---> Week : 9
--> Day : 0
-> Request 0
328
(3, 3, 1)
1
(45, 42)
-> Request 1
588
(2, 1, 1)
3
(52, 45)
-> Request 2
775
(3, 3, 1)
1
(53, 28)
-> Request 3
887
(3, 3, 1)
3
(59, 78)
-> Request 4
1046
(4, 2, 1)
2
(60, 44)
-> Request 5
1088
(1, 3, 1)
3
(53, 76)
-> Request 6
1103
(4, 2, 2)
1
(44, 27)
-> Request 7
1229
(2, 1, 1)
2
(53, 32)
--> Day : 1
-> Request 0
30
(3, 2, 1)
2
(50, 34)
-> Request 1
165
(3, 1, 1)
1
(52, 30)
-> Request 2
383
(3, 1, 2)
2
(52, 65)
-> Request 3
829
(1, 3, 1)
2
(54, 74)
-> Request 4
970
(1, 1, 2)
3
(57, 68)
-> Request 5
1042
(1, 1, 2)
1
(51, 44)
-> Request 6
1245
(2, 3, 1)
2
(60, 45)
--> Day : 2
-> Request 0
465
(2, 3, 1)
3
(15, 26)
-> Request 1
637
(3, 3, 2)
1
(49, 40)
-> Request 2
739
(2, 1, 1)
1
(14, 22)
-> Request 3
819
(3, 2, 1)
3
(55, 65)
-> Request 4
978
(2, 2, 2)
1
(53, 75)
-> Request 5
1427
(4, 3, 1)
1
(55, 31)
--> Day : 3
-> Request 0
41
(3, 1, 1)
3
(50, 46)
-> Request 1
287
(2, 3, 2)
2
(55, 67)
-> Request 2
406
(3, 3, 1)
3
(57, 33)
-> Request 3
480
(3, 2, 2)
2
(51, 29)
-> Request 4
641
(1, 1, 2)
1
(46, 46)
-> Request 5
986
(4, 2, 2)
3
(62, 37)
-> Request 6
1384
(2, 2, 2)
3
(60, 78)
--> Day : 4
-> Request 0
5
(4, 1, 2)
1
(43, 35)
-> Request 1
238
(2, 3, 2)
2
(45, 30)
-> Request 2
465
(2, 2, 2)
2
(53, 67)
-> Request 3
678
(1, 2, 1)
1
(44, 42)
-> Request 4
704
(1, 2, 1)
1
(43, 35)
-> Request 5
837
(3, 2, 2)
3
(44, 38)
-> Request 6
1103
(3, 2, 1)
3
(16, 26)
-> Request 7
1115
(4, 3, 1)
1
(50, 44)
-> Request 8
1275
(1, 3, 1)
3
(53, 70)
-> Request 9
1292
(2, 3, 2)
2
(11, 28)
-> Request 10
1366
(4, 1, 2)
3
(59, 66)
-> Request 11
1369
(3, 1, 1)
2
(56, 37)
-> Request 12
1414
(4, 2, 2)
2
(59, 39)
---> Week : 10
--> Day : 0
-> Request 0
553
(2, 3, 2)
2
(52, 32)
-> Request 1
822
(3, 3, 1)
2
(10, 28)
-> Request 2
1152
(4, 3, 1)
3
(12, 29)
-> Request 3
1289
(3, 3, 1)
3
(53, 38)
-> Request 4
1330
(3, 3, 2)
3
(47, 34)
-> Request 5
1389
(3, 1, 2)
2
(62, 45)
--> Day : 1
-> Request 0
134
(3, 3, 1)
3
(52, 74)
-> Request 1
361
(1, 1, 1)
2
(57, 46)
-> Request 2
428
(1, 2, 1)
2
(62, 72)
-> Request 3
463
(3, 1, 1)
3
(48, 39)
-> Request 4
511
(1, 2, 1)
3
(56, 39)
-> Request 5
626
(2, 3, 2)
1
(13, 24)
-> Request 6
762
(4, 1, 1)
3
(44, 45)
-> Request 7
829
(4, 2, 2)
2
(58, 70)
-> Request 8
877
(1, 1, 2)
2
(52, 43)
-> Request 9
975
(4, 1, 1)
3
(52, 68)
-> Request 10
1064
(2, 2, 2)
1
(43, 44)
--> Day : 2
-> Request 0
19
(1, 3, 1)
2
(49, 44)
-> Request 1
254
(4, 1, 1)
1
(58, 46)
-> Request 2
383
(1, 1, 1)
2
(51, 43)
-> Request 3
399
(4, 1, 1)
1
(52, 73)
-> Request 4
528
(4, 1, 2)
2
(60, 38)
-> Request 5
640
(2, 2, 2)
1
(53, 72)
-> Request 6
647
(1, 3, 2)
3
(50, 42)
-> Request 7
651
(4, 3, 1)
2
(47, 36)
-> Request 8
874
(1, 3, 2)
1
(52, 76)
-> Request 9
904
(2, 2, 2)
1
(12, 20)
-> Request 10
1006
(3, 3, 1)
3
(59, 64)
-> Request 11
1197
(4, 2, 1)
2
(55, 34)
-> Request 12
1213
(3, 2, 2)
3
(43, 37)
--> Day : 3
-> Request 0
70
(1, 3, 2)
1
(16, 23)
-> Request 1
243
(1, 2, 2)
2
(59, 28)
-> Request 2
340
(4, 1, 2)
1
(44, 30)
-> Request 3
410
(4, 2, 2)
1
(46, 40)
-> Request 4
416
(4, 1, 1)
2
(43, 32)
-> Request 5
502
(1, 1, 1)
1
(54, 34)
-> Request 6
545
(3, 2, 2)
2
(46, 29)
-> Request 7
1089
(1, 3, 2)
2
(58, 32)
-> Request 8
1143
(1, 2, 1)
1
(53, 37)
-> Request 9
1369
(1, 1, 1)
3
(48, 45)
--> Day : 4
-> Request 0
53
(2, 1, 2)
1
(64, 66)
-> Request 1
484
(4, 2, 2)
2
(52, 34)
-> Request 2
673
(3, 2, 2)
3
(15, 27)
-> Request 3
676
(2, 2, 2)
3
(60, 39)
-> Request 4
836
(2, 1, 2)
3
(54, 33)
-> Request 5
1430
(1, 1, 1)
2
(58, 27)
---> Week : 11
--> Day : 0
-> Request 0
137
(4, 3, 2)
1
(10, 27)
-> Request 1
148
(1, 3, 1)
3
(60, 27)
-> Request 2
611
(1, 3, 2)
3
(51, 29)
-> Request 3
652
(4, 2, 1)
2
(61, 77)
-> Request 4
727
(4, 2, 1)
3
(12, 28)
-> Request 5
924
(3, 3, 2)
3
(49, 37)
-> Request 6
929
(3, 3, 2)
2
(45, 28)
-> Request 7
943
(4, 3, 2)
2
(58, 78)
-> Request 8
1070
(3, 3, 1)
3
(62, 66)
-> Request 9
1191
(3, 3, 1)
2
(58, 76)
-> Request 10
1219
(2, 2, 1)
1
(53, 75)
-> Request 11
1251
(4, 2, 1)
1
(48, 35)
-> Request 12
1439
(1, 2, 1)
1
(54, 69)
--> Day : 1
-> Request 0
37
(4, 3, 1)
1
(11, 25)
-> Request 1
100
(4, 1, 1)
1
(62, 65)
-> Request 2
268
(4, 2, 1)
1
(49, 41)
-> Request 3
484
(1, 2, 1)
2
(49, 41)
-> Request 4
582
(1, 2, 1)
2
(63, 71)
-> Request 5
590
(2, 2, 2)
2
(12, 25)
-> Request 6
614
(2, 1, 2)
1
(57, 76)
-> Request 7
797
(3, 3, 1)
3
(11, 27)
-> Request 8
854
(1, 2, 1)
1
(62, 66)
-> Request 9
1008
(2, 1, 2)
3
(56, 75)
-> Request 10
1066
(4, 3, 1)
3
(64, 69)
-> Request 11
1132
(4, 1, 1)
1
(61, 71)
-> Request 12
1211
(4, 3, 2)
1
(60, 77)
--> Day : 2
-> Request 0
218
(2, 1, 2)
1
(13, 26)
-> Request 1
278
(2, 1, 1)
3
(49, 45)
-> Request 2
292
(2, 1, 2)
1
(62, 77)
-> Request 3
400
(1, 2, 1)
3
(44, 29)
-> Request 4
944
(2, 1, 2)
3
(17, 23)
-> Request 5
992
(3, 2, 1)
1
(59, 33)
-> Request 6
1011
(3, 2, 1)
2
(66, 78)
-> Request 7
1021
(2, 3, 2)
2
(55, 68)
-> Request 8
1041
(3, 2, 1)
2
(55, 70)
-> Request 9
1109
(3, 2, 1)
2
(60, 29)
-> Request 10
1117
(2, 3, 2)
1
(47, 31)
-> Request 11
1182
(1, 2, 1)
1
(60, 70)
-> Request 12
1282
(1, 1, 1)
2
(43, 40)
--> Day : 3
-> Request 0
44
(2, 3, 1)
3
(62, 78)
-> Request 1
196
(3, 1, 1)
1
(59, 31)
-> Request 2
500
(1, 1, 2)
2
(45, 27)
-> Request 3
681
(3, 3, 2)
1
(50, 37)
-> Request 4
775
(3, 3, 1)
2
(58, 37)
-> Request 5
803
(3, 3, 2)
2
(52, 72)
-> Request 6
818
(1, 2, 2)
2
(60, 35)
-> Request 7
917
(4, 3, 1)
1
(62, 73)
-> Request 8
928
(4, 3, 2)
2
(17, 26)
-> Request 9
978
(3, 1, 2)
3
(58, 33)
-> Request 10
982
(2, 2, 2)
3
(62, 75)
-> Request 11
1219
(1, 2, 2)
1
(63, 75)
-> Request 12
1293
(1, 2, 1)
1
(61, 43)
--> Day : 4
-> Request 0
1
(1, 1, 1)
3
(57, 75)
-> Request 1
551
(1, 1, 2)
1
(56, 45)
-> Request 2
769
(3, 3, 2)
1
(63, 77)
-> Request 3
822
(1, 1, 1)
1
(62, 73)
-> Request 4
851
(2, 3, 2)
1
(54, 34)
-> Request 5
969
(1, 1, 1)
1
(43, 37)
-> Request 6
1035
(1, 1, 2)
3
(52, 39)
-> Request 7
1190
(2, 2, 2)
2
(45, 44)
---> Week : 12
--> Day : 0
-> Request 0
292
(3, 1, 1)
2
(47, 29)
-> Request 1
342
(4, 2, 1)
2
(61, 76)
-> Request 2
442
(4, 2, 2)
2
(51, 40)
-> Request 3
575
(1, 2, 1)
2
(51, 28)
-> Request 4
732
(3, 2, 1)
3
(43, 34)
-> Request 5
996
(4, 2, 1)
2
(53, 31)
-> Request 6
1042
(2, 3, 2)
1
(49, 29)
-> Request 7
1267
(1, 3, 1)
1
(48, 27)
-> Request 8
1297
(3, 2, 2)
1
(59, 74)
-> Request 9
1354
(4, 1, 2)
3
(51, 30)
-> Request 10
1364
(3, 2, 1)
3
(57, 29)
-> Request 11
1417
(2, 1, 1)
3
(44, 33)
--> Day : 1
-> Request 0
207
(1, 3, 1)
3
(50, 36)
-> Request 1
457
(3, 3, 2)
2
(51, 27)
-> Request 2
918
(4, 1, 2)
3
(52, 41)
-> Request 3
1028
(2, 1, 1)
3
(50, 31)
-> Request 4
1183
(3, 1, 2)
1
(12, 29)
-> Request 5
1209
(1, 3, 1)
2
(63, 70)
-> Request 6
1271
(4, 3, 2)
2
(58, 40)
--> Day : 2
-> Request 0
26
(3, 2, 1)
2
(63, 66)
-> Request 1
272
(3, 1, 1)
1
(59, 41)
-> Request 2
366
(4, 1, 2)
3
(14, 28)
-> Request 3
447
(1, 3, 1)
1
(58, 40)
-> Request 4
514
(3, 3, 1)
3
(16, 27)
-> Request 5
600
(3, 3, 2)
3
(44, 44)
-> Request 6
710
(1, 2, 1)
3
(58, 45)
-> Request 7
869
(1, 1, 2)
2
(50, 28)
-> Request 8
870
(4, 1, 1)
1
(58, 35)
-> Request 9
1253
(3, 2, 1)
3
(59, 34)
-> Request 10
1271
(3, 2, 2)
1
(63, 73)
-> Request 11
1283
(4, 3, 1)
1
(63, 74)
-> Request 12
1298
(1, 1, 2)
3
(52, 39)
--> Day : 3
-> Request 0
159
(2, 3, 2)
2
(53, 31)
-> Request 1
183
(2, 3, 1)
2
(60, 40)
-> Request 2
422
(2, 3, 1)
3
(57, 29)
-> Request 3
434
(1, 2, 2)
2
(16, 22)
-> Request 4
490
(4, 1, 2)
3
(60, 30)
-> Request 5
493
(1, 2, 1)
1
(57, 38)
-> Request 6
580
(1, 2, 1)
3
(51, 43)
-> Request 7
626
(4, 1, 1)
3
(53, 29)
-> Request 8
736
(2, 2, 2)
2
(45, 34)
-> Request 9
876
(2, 2, 2)
2
(9, 21)
-> Request 10
985
(4, 2, 1)
3
(52, 43)
-> Request 11
1152
(4, 2, 1)
1
(60, 67)
-> Request 12
1171
(4, 2, 1)
3
(55, 73)
-> Request 13
1261
(2, 2, 1)
2
(10, 22)
-> Request 14
1413
(1, 2, 1)
3
(55, 39)
--> Day : 4
-> Request 0
184
(4, 3, 1)
1
(17, 23)
-> Request 1
209
(4, 3, 1)
1
(14, 29)
-> Request 2
314
(1, 3, 2)
2
(47, 42)
-> Request 3
525
(3, 1, 1)
3
(57, 34)
-> Request 4
526
(4, 3, 1)
2
(54, 43)
-> Request 5
826
(4, 3, 1)
3
(60, 33)
-> Request 6
998
(3, 1, 1)
1
(8, 24)
-> Request 7
1043
(1, 3, 1)
2
(57, 77)
-> Request 8
1074
(1, 3, 1)
2
(46, 37)
-> Request 9
1270
(1, 1, 1)
3
(45, 32)
---> Week : 13
--> Day : 0
-> Request 0
35
(3, 2, 1)
2
(59, 37)
-> Request 1
117
(4, 2, 1)
3
(63, 69)
-> Request 2
129
(3, 1, 1)
1
(52, 43)
-> Request 3
360
(4, 1, 1)
1
(55, 42)
-> Request 4
614
(3, 1, 1)
2
(66, 68)
-> Request 5
757
(1, 3, 2)
2
(55, 35)
-> Request 6
828
(4, 1, 2)
2
(57, 31)
--> Day : 1
-> Request 0
53
(4, 2, 2)
2
(47, 36)
-> Request 1
62
(2, 1, 2)
2
(54, 70)
-> Request 2
151
(1, 3, 2)
1
(51, 31)
-> Request 3
158
(1, 1, 1)
2
(48, 27)
-> Request 4
189
(4, 1, 1)
2
(57, 70)
-> Request 5
208
(3, 3, 1)
3
(57, 69)
-> Request 6
522
(3, 1, 2)
2
(58, 38)
-> Request 7
687
(2, 2, 1)
3
(65, 72)
-> Request 8
730
(3, 3, 2)
1
(63, 73)
-> Request 9
810
(1, 3, 1)
3
(54, 75)
-> Request 10
916
(3, 3, 2)
2
(60, 72)
-> Request 11
1318
(3, 1, 1)
3
(50, 34)
--> Day : 2
-> Request 0
35
(1, 3, 1)
1
(49, 30)
-> Request 1
136
(1, 1, 1)
3
(53, 27)
-> Request 2
186
(2, 1, 1)
3
(14, 21)
-> Request 3
497
(4, 2, 1)
3
(57, 44)
-> Request 4
637
(1, 2, 1)
1
(55, 44)
-> Request 5
704
(3, 2, 2)
1
(46, 35)
-> Request 6
716
(3, 1, 1)
1
(55, 72)
-> Request 7
1139
(4, 3, 1)
3
(62, 65)
-> Request 8
1185
(4, 3, 2)
2
(15, 25)
-> Request 9
1216
(1, 2, 1)
3
(13, 26)
-> Request 10
1308
(2, 1, 1)
2
(59, 43)
-> Request 11
1330
(1, 3, 1)
1
(48, 45)
--> Day : 3
-> Request 0
155
(1, 2, 2)
1
(51, 33)
-> Request 1
566
(3, 3, 1)
1
(15, 29)
-> Request 2
625
(1, 3, 1)
2
(48, 36)
-> Request 3
632
(1, 1, 2)
2
(64, 73)
-> Request 4
698
(2, 2, 1)
2
(65, 74)
-> Request 5
973
(2, 3, 2)
2
(60, 44)
-> Request 6
1230
(1, 2, 2)
3
(59, 27)
-> Request 7
1250
(2, 1, 1)
1
(54, 78)
--> Day : 4
-> Request 0
85
(2, 1, 2)
1
(52, 71)
-> Request 1
432
(1, 3, 2)
2
(10, 29)
-> Request 2
485
(3, 3, 2)
2
(57, 39)
-> Request 3
708
(4, 1, 2)
1
(52, 35)
-> Request 4
1071
(1, 1, 2)
2
(8, 27)
-> Request 5
1138
(1, 3, 1)
2
(47, 43)
-> Request 6
1146
(1, 2, 1)
1
(62, 78)
---> Week : 14
--> Day : 0
-> Request 0
7
(4, 2, 1)
3
(54, 66)
-> Request 1
128
(2, 2, 2)
1
(55, 34)
-> Request 2
154
(3, 2, 1)
2
(66, 75)
-> Request 3
159
(2, 3, 1)
2
(59, 46)
-> Request 4
645
(3, 3, 2)
2
(13, 24)
-> Request 5
736
(2, 2, 1)
2
(45, 32)
-> Request 6
1066
(3, 2, 2)
2
(60, 67)
-> Request 7
1098
(2, 3, 2)
3
(58, 65)
-> Request 8
1309
(1, 2, 1)
3
(56, 29)
-> Request 9
1412
(1, 3, 1)
3
(44, 44)
--> Day : 1
-> Request 0
11
(4, 1, 2)
2
(54, 76)
-> Request 1
98
(2, 2, 1)
1
(58, 33)
-> Request 2
287
(1, 1, 1)
2
(62, 73)
-> Request 3
755
(2, 1, 2)
1
(56, 39)
-> Request 4
828
(3, 2, 2)
1
(55, 38)
-> Request 5
869
(3, 3, 2)
3
(51, 30)
-> Request 6
1030
(4, 1, 1)
2
(64, 78)
-> Request 7
1158
(4, 3, 1)
2
(61, 39)
-> Request 8
1238
(4, 1, 2)
1
(61, 36)
-> Request 9
1244
(4, 2, 1)
2
(10, 24)
-> Request 10
1283
(2, 1, 2)
1
(53, 64)
-> Request 11
1347
(2, 1, 1)
3
(48, 45)
-> Request 12
1353
(2, 3, 1)
3
(47, 38)
--> Day : 2
-> Request 0
89
(1, 2, 2)
2
(17, 28)
-> Request 1
220
(2, 1, 1)
1
(48, 40)
-> Request 2
284
(1, 1, 2)
2
(49, 42)
-> Request 3
458
(1, 2, 2)
3
(14, 23)
-> Request 4
542
(4, 2, 2)
1
(55, 42)
-> Request 5
992
(1, 2, 2)
2
(16, 23)
-> Request 6
998
(1, 2, 1)
2
(12, 23)
-> Request 7
1138
(3, 2, 1)
2
(62, 32)
-> Request 8
1401
(4, 3, 2)
2
(56, 46)
--> Day : 3
-> Request 0
61
(1, 1, 2)
3
(13, 20)
-> Request 1
306
(1, 3, 2)
2
(54, 66)
-> Request 2
355
(3, 1, 1)
3
(46, 34)
-> Request 3
828
(1, 1, 1)
2
(58, 41)
-> Request 4
841
(4, 1, 1)
2
(52, 65)
-> Request 5
1363
(3, 1, 1)
1
(58, 40)
-> Request 6
1385
(1, 2, 1)
1
(51, 31)
-> Request 7
1394
(3, 1, 1)
3
(49, 32)
-> Request 8
1399
(1, 2, 2)
2
(59, 27)
-> Request 9
1422
(1, 1, 2)
2
(56, 34)
--> Day : 4
-> Request 0
148
(1, 1, 2)
3
(59, 78)
-> Request 1
609
(3, 3, 1)
1
(60, 36)
-> Request 2
622
(2, 1, 2)
3
(49, 35)
-> Request 3
662
(4, 2, 2)
2
(52, 74)
-> Request 4
1194
(3, 1, 1)
2
(45, 27)
-> Request 5
1277
(3, 1, 1)
3
(50, 45)
-> Request 6
1320
(4, 3, 2)
2
(53, 74)
-> Request 7
1426
(3, 1, 2)
1
(14, 27)
---> Week : 15
--> Day : 0
-> Request 0
8
(1, 3, 2)
2
(14, 26)
-> Request 1
372
(4, 3, 2)
1
(16, 28)
-> Request 2
479
(1, 3, 1)
1
(63, 65)
-> Request 3
727
(3, 1, 1)
1
(58, 68)
-> Request 4
1414
(1, 1, 1)
3
(47, 37)
-> Request 5
1430
(1, 1, 1)
2
(53, 29)
--> Day : 1
-> Request 0
119
(4, 2, 2)
3
(52, 77)
-> Request 1
356
(2, 3, 2)
3
(14, 23)
-> Request 2
1159
(3, 1, 2)
3
(62, 76)
-> Request 3
1388
(1, 3, 1)
1
(8, 20)
--> Day : 2
-> Request 0
86
(2, 2, 1)
3
(52, 46)
-> Request 1
120
(1, 2, 2)
3
(44, 42)
-> Request 2
462
(3, 3, 1)
3
(66, 67)
-> Request 3
567
(2, 1, 2)
3
(49, 29)
-> Request 4
1153
(1, 3, 2)
2
(53, 64)
-> Request 5
1219
(2, 2, 2)
3
(57, 40)
--> Day : 3
-> Request 0
640
(3, 2, 1)
2
(57, 33)
-> Request 1
843
(1, 2, 1)
3
(55, 29)
-> Request 2
1094
(1, 3, 1)
3
(56, 46)
-> Request 3
1223
(4, 2, 2)
1
(59, 77)
-> Request 4
1271
(3, 3, 2)
3
(49, 36)
-> Request 5
1280
(3, 3, 2)
2
(66, 66)
-> Request 6
1368
(1, 2, 2)
3
(10, 23)
--> Day : 4
-> Request 0
158
(1, 2, 2)
1
(48, 43)
-> Request 1
265
(4, 3, 2)
2
(45, 40)
-> Request 2
360
(1, 3, 1)
2
(55, 28)
-> Request 3
972
(2, 2, 1)
3
(60, 42)
-> Request 4
1077
(3, 2, 1)
3
(50, 36)
-> Request 5
1180
(1, 3, 2)
2
(51, 35)
-> Request 6
1192
(1, 1, 2)
2
(14, 24)
-> Request 7
1281
(1, 3, 2)
2
(12, 22)
-> Request 8
1312
(4, 3, 1)
3
(61, 65)
-> Request 9
1342
(1, 2, 1)
3
(60, 43)
---> Week : 16
--> Day : 0
-> Request 0
51
(3, 1, 1)
2
(45, 27)
-> Request 1
74
(3, 3, 1)
3
(50, 31)
-> Request 2
188
(4, 3, 2)
3
(51, 32)
-> Request 3
253
(4, 3, 2)
3
(53, 32)
-> Request 4
281
(4, 2, 2)
2
(63, 71)
-> Request 5
411
(2, 1, 2)
1
(57, 38)
-> Request 6
646
(4, 2, 1)
3
(16, 22)
-> Request 7
1153
(2, 3, 2)
2
(63, 70)
-> Request 8
1201
(2, 2, 1)
2
(59, 69)
-> Request 9
1356
(4, 2, 2)
2
(56, 74)
--> Day : 1
-> Request 0
233
(4, 2, 2)
3
(57, 64)
-> Request 1
302
(3, 3, 2)
1
(54, 32)
-> Request 2
309
(3, 1, 1)
1
(53, 40)
-> Request 3
730
(2, 1, 2)
3
(60, 69)
-> Request 4
887
(4, 1, 2)
2
(44, 28)
-> Request 5
969
(1, 3, 2)
2
(62, 36)
-> Request 6
1096
(2, 2, 1)
1
(52, 69)
-> Request 7
1197
(2, 1, 1)
1
(62, 36)
-> Request 8
1210
(1, 2, 1)
1
(62, 70)
--> Day : 2
-> Request 0
170
(2, 1, 2)
1
(47, 39)
-> Request 1
267
(4, 2, 2)
3
(58, 27)
-> Request 2
287
(4, 1, 2)
2
(44, 32)
-> Request 3
322
(4, 2, 1)
1
(57, 32)
-> Request 4
425
(4, 3, 2)
1
(53, 64)
-> Request 5
476
(2, 1, 1)
2
(16, 24)
-> Request 6
705
(3, 2, 2)
1
(55, 40)
-> Request 7
984
(1, 3, 2)
2
(61, 32)
-> Request 8
1216
(2, 1, 1)
3
(49, 40)
-> Request 9
1246
(1, 2, 1)
1
(53, 77)
-> Request 10
1429
(1, 1, 2)
3
(64, 73)
--> Day : 3
-> Request 0
289
(4, 2, 2)
2
(48, 29)
-> Request 1
299
(4, 1, 1)
1
(52, 34)
-> Request 2
522
(1, 3, 2)
1
(58, 29)
-> Request 3
683
(2, 2, 1)
1
(64, 72)
-> Request 4
684
(3, 1, 1)
2
(57, 71)
-> Request 5
933
(1, 3, 2)
3
(57, 37)
-> Request 6
995
(4, 1, 1)
2
(57, 72)
-> Request 7
1159
(4, 3, 1)
1
(45, 42)
-> Request 8
1327
(1, 1, 1)
2
(62, 44)
-> Request 9
1421
(4, 2, 2)
3
(58, 27)
--> Day : 4
-> Request 0
140
(4, 3, 2)
2
(12, 22)
-> Request 1
359
(3, 3, 2)
3
(52, 46)
-> Request 2
371
(4, 2, 2)
1
(9, 29)
-> Request 3
817
(4, 3, 1)
3
(54, 69)
-> Request 4
1143
(1, 1, 2)
2
(57, 33)
-> Request 5
1305
(4, 2, 2)
3
(9, 27)
---> Week : 17
--> Day : 0
-> Request 0
21
(1, 3, 2)
3
(50, 30)
-> Request 1
25
(1, 1, 1)
1
(49, 31)
-> Request 2
52
(2, 1, 1)
2
(53, 68)
-> Request 3
323
(1, 3, 1)
2
(49, 35)
-> Request 4
405
(2, 2, 1)
1
(14, 27)
-> Request 5
411
(4, 2, 2)
1
(45, 27)
-> Request 6
616
(1, 3, 1)
1
(54, 71)
-> Request 7
653
(4, 3, 1)
3
(57, 35)
-> Request 8
693
(3, 1, 2)
3
(49, 46)
-> Request 9
753
(1, 3, 2)
3
(53, 72)
-> Request 10
900
(3, 3, 1)
3
(44, 36)
-> Request 11
921
(3, 1, 2)
3
(65, 67)
-> Request 12
984
(2, 2, 2)
1
(59, 78)
-> Request 13
1308
(1, 2, 2)
2
(61, 64)
--> Day : 1
-> Request 0
146
(3, 2, 2)
1
(56, 74)
-> Request 1
282
(1, 1, 1)
2
(48, 33)
-> Request 2
412
(4, 3, 1)
3
(65, 66)
-> Request 3
475
(2, 2, 1)
3
(44, 35)
-> Request 4
519
(1, 1, 2)
3
(59, 44)
-> Request 5
594
(2, 1, 1)
3
(47, 38)
-> Request 6
607
(2, 3, 1)
2
(62, 42)
-> Request 7
635
(3, 2, 1)
1
(62, 64)
-> Request 8
758
(1, 2, 1)
3
(47, 27)
-> Request 9
795
(3, 3, 1)
1
(61, 73)
-> Request 10
1068
(3, 1, 2)
2
(58, 40)
-> Request 11
1102
(2, 1, 1)
1
(53, 67)
-> Request 12
1341
(3, 3, 2)
1
(45, 36)
-> Request 13
1412
(4, 3, 1)
3
(57, 70)
-> Request 14
1416
(2, 2, 2)
3
(10, 20)
--> Day : 2
-> Request 0
96
(1, 1, 1)
2
(62, 28)
-> Request 1
117
(1, 3, 1)
3
(64, 65)
-> Request 2
348
(2, 2, 1)
3
(47, 27)
-> Request 3
401
(4, 3, 2)
1
(57, 33)
-> Request 4
605
(2, 2, 2)
3
(50, 39)
-> Request 5
649
(4, 2, 1)
3
(15, 20)
-> Request 6
725
(3, 1, 1)
3
(63, 69)
-> Request 7
875
(3, 3, 2)
2
(9, 29)
-> Request 8
1109
(2, 1, 1)
3
(64, 70)
-> Request 9
1220
(3, 2, 2)
2
(57, 67)
--> Day : 3
-> Request 0
12
(4, 2, 1)
1
(56, 77)
-> Request 1
54
(4, 2, 1)
2
(17, 21)
-> Request 2
93
(2, 2, 2)
1
(58, 42)
-> Request 3
366
(2, 2, 1)
1
(57, 75)
-> Request 4
763
(3, 1, 2)
3
(55, 28)
-> Request 5
906
(3, 3, 2)
1
(61, 36)
-> Request 6
924
(1, 1, 1)
3
(13, 22)
-> Request 7
1258
(4, 1, 2)
3
(50, 38)
-> Request 8
1424
(4, 1, 1)
2
(53, 77)
--> Day : 4
-> Request 0
88
(1, 3, 1)
1
(48, 37)
-> Request 1
120
(4, 3, 2)
1
(8, 29)
-> Request 2
494
(3, 1, 1)
2
(12, 20)
-> Request 3
598
(1, 3, 2)
1
(49, 35)
-> Request 4
720
(3, 1, 2)
3
(62, 33)
-> Request 5
794
(4, 3, 2)
2
(49, 28)
-> Request 6
929
(3, 1, 2)
1
(57, 66)
-> Request 7
966
(4, 1, 1)
3
(52, 32)
-> Request 8
1017
(4, 3, 2)
1
(57, 43)
-> Request 9
1055
(3, 2, 1)
3
(65, 67)
-> Request 10
1122
(2, 2, 1)
2
(62, 40)
---> Week : 18
--> Day : 0
-> Request 0
32
(3, 3, 2)
2
(48, 39)
-> Request 1
36
(2, 2, 2)
1
(56, 34)
-> Request 2
261
(3, 2, 2)
2
(52, 65)
-> Request 3
480
(2, 2, 2)
1
(59, 77)
-> Request 4
580
(1, 3, 1)
3
(15, 29)
-> Request 5
585
(4, 3, 2)
3
(52, 42)
-> Request 6
798
(1, 1, 1)
1
(62, 76)
-> Request 7
978
(3, 3, 2)
3
(8, 26)
-> Request 8
1239
(2, 2, 1)
3
(52, 76)
-> Request 9
1388
(4, 2, 1)
1
(55, 71)
-> Request 10
1407
(2, 2, 1)
1
(51, 40)
--> Day : 1
-> Request 0
568
(2, 2, 2)
1
(15, 20)
-> Request 1
698
(4, 1, 2)
3
(58, 42)
-> Request 2
749
(2, 1, 2)
3
(62, 30)
-> Request 3
838
(2, 2, 2)
2
(55, 65)
-> Request 4
1224
(2, 2, 1)
3
(49, 31)
-> Request 5
1239
(1, 1, 2)
2
(57, 65)
-> Request 6
1386
(1, 2, 2)
1
(15, 21)
-> Request 7
1436
(4, 1, 2)
3
(60, 64)
--> Day : 2
-> Request 0
58
(2, 1, 2)
3
(62, 45)
-> Request 1
150
(4, 1, 2)
1
(9, 22)
-> Request 2
342
(3, 1, 1)
1
(45, 34)
-> Request 3
500
(1, 2, 2)
3
(53, 41)
-> Request 4
523
(4, 1, 1)
2
(49, 36)
-> Request 5
555
(3, 3, 1)
1
(16, 23)
-> Request 6
581
(4, 2, 1)
1
(50, 45)
-> Request 7
794
(3, 3, 1)
1
(8, 21)
-> Request 8
950
(4, 3, 2)
1
(55, 65)
-> Request 9
1154
(4, 3, 1)
3
(56, 31)
-> Request 10
1250
(3, 1, 2)
3
(53, 75)
-> Request 11
1424
(4, 2, 2)
2
(54, 34)
--> Day : 3
-> Request 0
73
(4, 1, 1)
1
(60, 27)
-> Request 1
219
(1, 1, 2)
2
(49, 40)
-> Request 2
436
(4, 1, 2)
2
(52, 27)
-> Request 3
487
(3, 1, 2)
2
(66, 69)
-> Request 4
508
(2, 1, 2)
1
(59, 32)
-> Request 5
581
(2, 2, 1)
3
(56, 74)
-> Request 6
812
(4, 3, 1)
1
(17, 22)
-> Request 7
1157
(3, 1, 1)
1
(58, 35)
-> Request 8
1161
(2, 1, 2)
1
(47, 44)
--> Day : 4
-> Request 0
190
(2, 1, 2)
1
(56, 66)
-> Request 1
333
(4, 2, 2)
2
(17, 20)
-> Request 2
530
(4, 1, 2)
3
(45, 41)
-> Request 3
798
(2, 3, 1)
3
(54, 46)
-> Request 4
876
(1, 1, 1)
2
(64, 67)
-> Request 5
1145
(2, 2, 2)
1
(62, 31)
-> Request 6
1347
(2, 1, 2)
3
(47, 37)
-> Request 7
1351
(1, 2, 1)
1
(55, 78)
-> Request 8
1375
(1, 2, 2)
3
(58, 28)
---> Week : 19
--> Day : 0
-> Request 0
190
(4, 3, 1)
3
(53, 76)
-> Request 1
516
(3, 1, 2)
2
(54, 75)
-> Request 2
745
(4, 2, 1)
2
(12, 24)
-> Request 3
835
(4, 2, 1)
3
(52, 77)
-> Request 4
1043
(4, 2, 1)
2
(10, 23)
--> Day : 1
-> Request 0
65
(4, 1, 2)
3
(46, 43)
-> Request 1
400
(4, 1, 2)
1
(14, 22)
-> Request 2
426
(2, 2, 1)
2
(66, 72)
-> Request 3
469
(3, 3, 1)
1
(65, 71)
-> Request 4
593
(3, 3, 2)
1
(45, 37)
-> Request 5
841
(2, 2, 1)
1
(17, 26)
-> Request 6
1048
(3, 3, 1)
2
(57, 65)
-> Request 7
1311
(4, 3, 2)
3
(57, 41)
--> Day : 2
-> Request 0
110
(3, 2, 1)
2
(60, 38)
-> Request 1
275
(3, 1, 1)
3
(51, 36)
-> Request 2
381
(2, 2, 2)
3
(56, 29)
-> Request 3
766
(2, 1, 1)
1
(57, 41)
-> Request 4
856
(2, 2, 2)
2
(61, 67)
-> Request 5
999
(2, 1, 1)
1
(48, 33)
-> Request 6
1434
(4, 2, 1)
1
(66, 75)
--> Day : 3
-> Request 0
59
(4, 3, 1)
2
(58, 40)
-> Request 1
187
(2, 2, 1)
2
(51, 31)
-> Request 2
319
(1, 2, 2)
1
(51, 29)
-> Request 3
496
(2, 1, 2)
1
(45, 36)
-> Request 4
635
(4, 1, 1)
1
(61, 45)
-> Request 5
718
(2, 2, 2)
3
(16, 26)
-> Request 6
768
(1, 3, 2)
1
(47, 37)
-> Request 7
1076
(3, 3, 1)
1
(50, 34)
-> Request 8
1152
(1, 3, 2)
2
(59, 28)
-> Request 9
1182
(3, 2, 2)
2
(55, 69)
-> Request 10
1251
(4, 3, 1)
2
(46, 46)
--> Day : 4
-> Request 0
211
(2, 3, 1)
2
(64, 72)
-> Request 1
226
(3, 3, 1)
2
(56, 73)
-> Request 2
348
(2, 1, 1)
3
(52, 35)
-> Request 3
542
(1, 3, 1)
3
(62, 41)
-> Request 4
703
(4, 1, 2)
3
(57, 45)
-> Request 5
863
(1, 1, 1)
1
(53, 27)
-> Request 6
1056
(1, 1, 1)
1
(16, 29)
-> Request 7
1146
(2, 2, 1)
1
(50, 40)
-> Request 8
1157
(4, 1, 1)
3
(64, 67)
---> Week : 20
--> Day : 0
-> Request 0
101
(1, 1, 2)
3
(66, 77)
-> Request 1
147
(4, 3, 1)
1
(63, 75)
-> Request 2
745
(2, 3, 1)
2
(14, 24)
-> Request 3
745
(4, 3, 1)
3
(43, 31)
-> Request 4
760
(4, 2, 2)
1
(59, 74)
-> Request 5
780
(3, 2, 2)
1
(52, 72)
-> Request 6
1035
(1, 3, 2)
3
(56, 45)
-> Request 7
1186
(1, 2, 2)
3
(9, 23)
-> Request 8
1210
(2, 3, 1)
1
(11, 23)
-> Request 9
1393
(1, 2, 2)
2
(14, 29)
-> Request 10
1425
(1, 1, 2)
1
(56, 36)
--> Day : 1
-> Request 0
10
(4, 2, 1)
3
(49, 28)
-> Request 1
409
(2, 3, 2)
1
(46, 29)
-> Request 2
471
(4, 1, 1)
1
(52, 67)
-> Request 3
471
(2, 1, 2)
2
(55, 77)
-> Request 4
493
(2, 3, 1)
3
(59, 35)
-> Request 5
630
(2, 3, 1)
3
(11, 22)
-> Request 6
702
(2, 3, 1)
2
(58, 73)
-> Request 7
870
(3, 3, 1)
2
(8, 26)
-> Request 8
902
(4, 3, 2)
3
(57, 33)
-> Request 9
1262
(3, 2, 1)
3
(57, 72)
-> Request 10
1288
(2, 3, 1)
1
(53, 40)
-> Request 11
1321
(3, 3, 1)
3
(66, 71)
-> Request 12
1398
(1, 1, 1)
2
(59, 71)
-> Request 13
1439
(4, 1, 1)
1
(58, 73)
--> Day : 2
-> Request 0
127
(3, 3, 2)
3
(59, 35)
-> Request 1
333
(1, 1, 1)
1
(53, 36)
-> Request 2
740
(3, 3, 1)
3
(12, 20)
-> Request 3
860
(3, 2, 2)
1
(15, 25)
-> Request 4
1010
(3, 1, 1)
3
(11, 24)
-> Request 5
1152
(4, 1, 1)
1
(54, 28)
--> Day : 3
-> Request 0
54
(4, 2, 2)
3
(58, 72)
-> Request 1
107
(4, 1, 1)
2
(55, 38)
-> Request 2
332
(2, 3, 2)
1
(58, 67)
-> Request 3
580
(1, 3, 2)
2
(66, 69)
-> Request 4
677
(1, 2, 1)
2
(62, 78)
-> Request 5
765
(2, 2, 2)
2
(50, 37)
-> Request 6
996
(2, 2, 2)
1
(47, 32)
-> Request 7
1022
(4, 3, 1)
2
(57, 42)
-> Request 8
1125
(2, 2, 1)
2
(54, 66)
-> Request 9
1262
(4, 2, 2)
3
(53, 33)
-> Request 10
1362
(3, 3, 2)
2
(58, 74)
-> Request 11
1364
(4, 1, 1)
3
(44, 43)
--> Day : 4
-> Request 0
283
(3, 2, 1)
3
(50, 38)
-> Request 1
293
(3, 3, 1)
2
(48, 44)
-> Request 2
376
(2, 3, 1)
3
(54, 78)
-> Request 3
473
(1, 1, 2)
1
(52, 28)
-> Request 4
510
(2, 1, 1)
1
(62, 40)
-> Request 5
789
(2, 3, 2)
2
(62, 28)
-> Request 6
1331
(1, 2, 2)
2
(60, 27)
-> Request 7
1352
(3, 1, 2)
1
(57, 44)
-> Request 8
1387
(1, 1, 1)
1
(9, 21)
---> Week : 21
--> Day : 0
-> Request 0
124
(1, 2, 1)
2
(58, 68)
-> Request 1
747
(4, 3, 2)
3
(62, 37)
-> Request 2
1010
(3, 1, 2)
2
(64, 69)
-> Request 3
1106
(4, 1, 1)
1
(64, 65)
-> Request 4
1176
(2, 1, 1)
2
(52, 64)
--> Day : 1
-> Request 0
111
(2, 2, 1)
1
(56, 72)
-> Request 1
120
(1, 2, 2)
2
(58, 30)
-> Request 2
511
(2, 2, 2)
1
(49, 36)
-> Request 3
742
(1, 2, 2)
1
(54, 77)
-> Request 4
1024
(3, 2, 1)
3
(62, 28)
-> Request 5
1136
(4, 3, 1)
3
(8, 23)
-> Request 6
1200
(2, 2, 1)
3
(55, 30)
-> Request 7
1329
(2, 1, 1)
2
(60, 37)
--> Day : 2
-> Request 0
79
(3, 2, 2)
1
(15, 24)
-> Request 1
342
(1, 1, 1)
2
(14, 21)
-> Request 2
667
(2, 2, 1)
1
(53, 67)
-> Request 3
853
(1, 3, 2)
1
(9, 27)
-> Request 4
992
(1, 2, 2)
2
(66, 75)
--> Day : 3
-> Request 0
38
(3, 3, 1)
1
(43, 43)
-> Request 1
183
(2, 1, 1)
1
(13, 24)
-> Request 2
571
(3, 1, 2)
3
(53, 70)
-> Request 3
595
(3, 3, 2)
2
(16, 29)
-> Request 4
649
(2, 3, 1)
1
(54, 31)
-> Request 5
687
(2, 1, 1)
2
(61, 29)
-> Request 6
691
(1, 2, 1)
3
(51, 46)
-> Request 7
883
(2, 1, 1)
2
(45, 35)
-> Request 8
953
(2, 3, 1)
2
(45, 37)
-> Request 9
1047
(3, 2, 1)
1
(60, 37)
-> Request 10
1186
(4, 3, 1)
1
(61, 39)
-> Request 11
1194
(2, 1, 2)
1
(9, 27)
-> Request 12
1223
(1, 1, 1)
2
(54, 67)
-> Request 13
1408
(2, 3, 1)
1
(57, 73)
--> Day : 4
-> Request 0
130
(1, 3, 2)
2
(57, 77)
-> Request 1
347
(2, 1, 1)
3
(58, 41)
-> Request 2
353
(2, 3, 1)
2
(63, 66)
-> Request 3
467
(2, 2, 2)
2
(47, 34)
-> Request 4
487
(1, 1, 2)
1
(60, 30)
-> Request 5
866
(2, 3, 1)
2
(56, 29)
-> Request 6
1076
(2, 1, 2)
1
(59, 42)
-> Request 7
1089
(1, 3, 2)
3
(52, 76)
-> Request 8
1330
(2, 3, 2)
3
(59, 42)
---> Week : 22
--> Day : 0
-> Request 0
201
(4, 3, 1)
2
(55, 65)
-> Request 1
426
(1, 2, 2)
3
(62, 35)
-> Request 2
992
(4, 2, 2)
1
(62, 30)
-> Request 3
1000
(2, 3, 1)
3
(47, 42)
-> Request 4
1339
(3, 3, 1)
2
(50, 39)
-> Request 5
1361
(4, 3, 1)
3
(51, 38)
-> Request 6
1433
(3, 1, 2)
3
(57, 64)
--> Day : 1
-> Request 0
344
(4, 2, 1)
1
(50, 41)
-> Request 1
644
(4, 2, 2)
3
(59, 64)
-> Request 2
804
(1, 1, 1)
2
(56, 46)
-> Request 3
1080
(4, 2, 2)
1
(64, 71)
-> Request 4
1151
(2, 3, 1)
2
(55, 44)
-> Request 5
1162
(3, 3, 1)
2
(61, 34)
-> Request 6
1274
(4, 1, 1)
1
(56, 66)
--> Day : 2
-> Request 0
116
(1, 3, 1)
1
(47, 36)
-> Request 1
511
(3, 3, 1)
2
(57, 68)
-> Request 2
639
(4, 1, 2)
3
(60, 45)
-> Request 3
668
(3, 1, 1)
3
(60, 64)
-> Request 4
849
(1, 1, 1)
3
(61, 31)
-> Request 5
1364
(2, 1, 1)
3
(62, 44)
-> Request 6
1406
(1, 1, 1)
3
(47, 33)
--> Day : 3
-> Request 0
374
(2, 3, 2)
3
(61, 43)
-> Request 1
635
(3, 2, 1)
1
(61, 72)
-> Request 2
698
(1, 1, 2)
2
(53, 29)
-> Request 3
900
(3, 2, 2)
3
(43, 46)
-> Request 4
912
(4, 1, 1)
2
(55, 76)
-> Request 5
1075
(3, 1, 1)
3
(52, 40)
-> Request 6
1230
(2, 1, 1)
1
(53, 36)
-> Request 7
1258
(3, 3, 2)
3
(62, 43)
--> Day : 4
-> Request 0
134
(3, 3, 1)
2
(54, 46)
-> Request 1
245
(1, 1, 1)
3
(50, 39)
-> Request 2
416
(1, 3, 2)
1
(51, 31)
-> Request 3
426
(2, 3, 2)
3
(59, 43)
-> Request 4
518
(2, 3, 1)
1
(48, 33)
-> Request 5
533
(3, 1, 1)
3
(53, 73)
-> Request 6
812
(2, 1, 2)
2
(55, 28)
-> Request 7
1117
(1, 3, 2)
3
(56, 74)
-> Request 8
1246
(2, 3, 2)
1
(52, 71)
---> Week : 23
--> Day : 0
-> Request 0
254
(1, 3, 1)
1
(16, 23)
-> Request 1
301
(1, 3, 1)
1
(9, 28)
-> Request 2
496
(2, 1, 1)
2
(44, 36)
-> Request 3
654
(2, 2, 1)
1
(59, 40)
-> Request 4
801
(1, 3, 1)
3
(59, 31)
-> Request 5
1006
(4, 2, 1)
1
(56, 71)
-> Request 6
1075
(1, 2, 2)
2
(48, 43)
-> Request 7
1107
(4, 3, 1)
3
(54, 64)
-> Request 8
1185
(3, 2, 2)
1
(43, 36)
-> Request 9
1326
(2, 1, 1)
2
(47, 30)
--> Day : 1
-> Request 0
142
(3, 2, 2)
3
(54, 75)
-> Request 1
204
(2, 1, 2)
1
(61, 27)
-> Request 2
305
(3, 1, 2)
2
(48, 31)
-> Request 3
361
(4, 2, 1)
1
(54, 34)
-> Request 4
486
(2, 1, 2)
1
(13, 22)
-> Request 5
594
(2, 1, 1)
1
(8, 24)
-> Request 6
1036
(2, 3, 1)
3
(65, 69)
-> Request 7
1154
(3, 2, 1)
1
(56, 70)
-> Request 8
1280
(4, 3, 1)
3
(48, 45)
-> Request 9
1333
(1, 2, 2)
3
(62, 36)
--> Day : 2
-> Request 0
44
(3, 2, 1)
1
(56, 27)
-> Request 1
145
(2, 3, 2)
3
(57, 39)
-> Request 2
390
(2, 1, 2)
1
(9, 20)
-> Request 3
854
(3, 1, 2)
3
(46, 37)
-> Request 4
862
(3, 3, 1)
1
(51, 40)
-> Request 5
886
(2, 3, 1)
3
(56, 40)
-> Request 6
1064
(1, 3, 2)
1
(57, 73)
-> Request 7
1182
(4, 1, 1)
2
(52, 74)
-> Request 8
1404
(2, 2, 1)
1
(44, 32)
-> Request 9
1423
(2, 3, 1)
3
(51, 42)
--> Day : 3
-> Request 0
301
(2, 1, 2)
3
(59, 64)
-> Request 1
359
(1, 2, 2)
1
(66, 77)
-> Request 2
393
(3, 2, 2)
1
(45, 39)
-> Request 3
626
(3, 2, 1)
1
(43, 42)
-> Request 4
843
(4, 1, 2)
1
(13, 29)
-> Request 5
870
(4, 3, 1)
2
(61, 65)
-> Request 6
1082
(3, 2, 1)
1
(53, 72)
-> Request 7
1197
(2, 2, 2)
3
(57, 78)
--> Day : 4
-> Request 0
50
(4, 3, 1)
1
(46, 44)
-> Request 1
98
(1, 3, 1)
3
(9, 24)
-> Request 2
170
(4, 1, 1)
2
(52, 28)
-> Request 3
179
(4, 2, 2)
2
(62, 44)
-> Request 4
217
(2, 3, 1)
2
(53, 70)
-> Request 5
277
(4, 3, 1)
3
(64, 69)
-> Request 6
391
(1, 3, 2)
2
(57, 32)
-> Request 7
655
(1, 2, 2)
2
(47, 27)
-> Request 8
771
(1, 3, 2)
1
(66, 71)
-> Request 9
1001
(1, 3, 2)
1
(63, 77)
-> Request 10
1126
(4, 1, 1)
3
(56, 42)
-> Request 11
1247
(4, 1, 1)
2
(45, 39)
-> Request 12
1370
(4, 3, 2)
3
(62, 42)
---> Week : 24
--> Day : 0
-> Request 0
6
(1, 2, 1)
1
(45, 36)
-> Request 1
35
(4, 3, 2)
1
(9, 21)
-> Request 2
219
(1, 1, 1)
2
(64, 73)
-> Request 3
406
(1, 3, 2)
2
(15, 26)
-> Request 4
467
(4, 3, 2)
3
(61, 28)
-> Request 5
647
(4, 1, 2)
3
(12, 27)
-> Request 6
884
(3, 3, 2)
3
(58, 68)
-> Request 7
973
(4, 2, 2)
2
(56, 44)
-> Request 8
1112
(1, 3, 2)
1
(48, 31)
-> Request 9
1265
(4, 1, 1)
2
(61, 73)
-> Request 10
1331
(3, 3, 2)
2
(60, 73)
--> Day : 1
-> Request 0
394
(4, 3, 2)
1
(56, 39)
-> Request 1
454
(2, 2, 2)
3
(57, 36)
-> Request 2
506
(3, 3, 2)
2
(47, 45)
-> Request 3
586
(3, 1, 1)
3
(54, 46)
-> Request 4
887
(2, 1, 1)
2
(65, 75)
-> Request 5
920
(4, 2, 1)
3
(58, 46)
-> Request 6
1052
(4, 3, 2)
3
(57, 78)
-> Request 7
1132
(4, 3, 2)
1
(59, 70)
-> Request 8
1301
(2, 2, 1)
3
(55, 28)
-> Request 9
1372
(4, 3, 2)
2
(43, 29)
-> Request 10
1393
(1, 3, 2)
1
(65, 65)
--> Day : 2
-> Request 0
441
(3, 1, 1)
1
(65, 73)
-> Request 1
468
(3, 1, 2)
2
(44, 45)
-> Request 2
861
(2, 2, 1)
3
(62, 28)
-> Request 3
1220
(1, 2, 1)
1
(61, 77)
--> Day : 3
-> Request 0
235
(2, 1, 1)
1
(9, 24)
-> Request 1
369
(2, 2, 2)
1
(59, 78)
-> Request 2
433
(2, 2, 2)
3
(12, 20)
-> Request 3
539
(1, 2, 2)
1
(56, 42)
-> Request 4
558
(4, 2, 2)
1
(60, 34)
-> Request 5
680
(2, 1, 1)
2
(60, 71)
-> Request 6
688
(2, 2, 1)
2
(47, 30)
-> Request 7
758
(4, 1, 2)
1
(43, 34)
-> Request 8
815
(4, 1, 1)
3
(52, 27)
-> Request 9
1067
(2, 3, 2)
1
(48, 38)
-> Request 10
1147
(3, 1, 2)
2
(45, 45)
-> Request 11
1229
(2, 1, 1)
3
(50, 44)
-> Request 12
1293
(2, 3, 1)
2
(52, 74)
--> Day : 4
-> Request 0
7
(4, 2, 2)
2
(55, 37)
-> Request 1
207
(4, 1, 1)
1
(45, 42)
-> Request 2
374
(4, 2, 1)
3
(44, 32)
-> Request 3
422
(4, 3, 2)
1
(44, 31)
-> Request 4
436
(1, 2, 2)
1
(51, 28)
-> Request 5
574
(1, 1, 2)
1
(61, 76)
-> Request 6
720
(1, 2, 1)
3
(49, 27)
-> Request 7
1097
(1, 1, 1)
1
(47, 37)
-> Request 8
1350
(2, 1, 1)
1
(55, 31)
---> Week : 25
--> Day : 0
-> Request 0
186
(3, 3, 1)
3
(15, 22)
-> Request 1
318
(2, 2, 2)
3
(61, 31)
-> Request 2
375
(3, 2, 1)
3
(61, 69)
-> Request 3
457
(2, 1, 2)
3
(66, 76)
-> Request 4
777
(4, 1, 2)
3
(50, 35)
-> Request 5
809
(1, 2, 2)
3
(50, 28)
-> Request 6
956
(1, 1, 1)
1
(55, 44)
-> Request 7
982
(4, 3, 1)
3
(61, 65)
-> Request 8
1052
(4, 3, 1)
2
(56, 64)
-> Request 9
1368
(4, 1, 1)
1
(50, 30)
--> Day : 1
-> Request 0
8
(3, 3, 1)
1
(58, 76)
-> Request 1
153
(2, 1, 1)
1
(57, 37)
-> Request 2
190
(3, 1, 1)
3
(49, 32)
-> Request 3
230
(1, 1, 1)
2
(13, 23)
-> Request 4
232
(3, 1, 1)
3
(61, 66)
-> Request 5
267
(2, 2, 2)
2
(52, 40)
-> Request 6
551
(3, 1, 1)
2
(15, 29)
-> Request 7
562
(2, 3, 2)
2
(60, 69)
-> Request 8
785
(1, 2, 1)
3
(57, 31)
-> Request 9
873
(4, 3, 2)
3
(58, 78)
-> Request 10
948
(1, 1, 1)
2
(58, 27)
-> Request 11
1261
(3, 1, 2)
2
(60, 66)
--> Day : 2
-> Request 0
141
(1, 1, 2)
2
(60, 77)
-> Request 1
778
(4, 2, 1)
1
(47, 38)
-> Request 2
973
(3, 2, 1)
2
(49, 31)
-> Request 3
1011
(3, 2, 1)
2
(15, 20)
-> Request 4
1033
(4, 3, 2)
2
(15, 20)
-> Request 5
1042
(3, 3, 2)
3
(62, 68)
-> Request 6
1153
(3, 1, 1)
1
(9, 23)
-> Request 7
1161
(2, 1, 1)
1
(62, 68)
-> Request 8
1307
(4, 1, 1)
2
(47, 36)
-> Request 9
1348
(4, 1, 1)
1
(53, 29)
--> Day : 3
-> Request 0
121
(3, 1, 1)
1
(15, 27)
-> Request 1
179
(4, 1, 1)
2
(57, 40)
-> Request 2
341
(3, 2, 1)
3
(62, 67)
-> Request 3
347
(1, 1, 1)
3
(56, 30)
-> Request 4
365
(3, 2, 1)
1
(57, 76)
-> Request 5
515
(1, 2, 2)
3
(59, 37)
-> Request 6
551
(4, 3, 2)
1
(46, 45)
-> Request 7
564
(3, 3, 2)
2
(56, 37)
-> Request 8
1082
(2, 1, 1)
3
(15, 20)
-> Request 9
1088
(3, 1, 1)
3
(59, 41)
-> Request 10
1108
(1, 2, 2)
3
(56, 30)
-> Request 11
1128
(4, 1, 2)
2
(61, 74)
-> Request 12
1245
(4, 3, 1)
1
(48, 44)
-> Request 13
1287
(4, 3, 2)
1
(46, 37)
--> Day : 4
-> Request 0
52
(2, 1, 2)
2
(44, 27)
-> Request 1
515
(4, 3, 1)
1
(54, 27)
-> Request 2
969
(1, 3, 2)
1
(55, 40)
-> Request 3
1110
(4, 3, 1)
1
(61, 36)
-> Request 4
1128
(1, 1, 2)
1
(59, 73)
---> Week : 26
--> Day : 0
-> Request 0
85
(2, 2, 2)
1
(57, 70)
-> Request 1
422
(2, 1, 1)
2
(44, 30)
-> Request 2
433
(3, 2, 2)
3
(52, 76)
-> Request 3
441
(4, 1, 1)
3
(61, 71)
-> Request 4
649
(2, 1, 1)
2
(59, 69)
-> Request 5
861
(4, 2, 1)
2
(46, 45)
-> Request 6
886
(3, 2, 2)
3
(52, 37)
-> Request 7
893
(2, 3, 2)
3
(9, 28)
-> Request 8
969
(4, 3, 1)
2
(64, 64)
-> Request 9
1065
(2, 2, 2)
3
(9, 21)
-> Request 10
1136
(2, 3, 2)
2
(62, 38)
-> Request 11
1147
(1, 2, 1)
3
(55, 73)
-> Request 12
1163
(1, 3, 1)
2
(54, 65)
-> Request 13
1380
(4, 1, 1)
2
(66, 64)
-> Request 14
1389
(3, 3, 2)
1
(53, 77)
--> Day : 1
-> Request 0
61
(4, 1, 1)
1
(51, 33)
-> Request 1
207
(1, 2, 1)
2
(47, 37)
-> Request 2
207
(3, 3, 2)
2
(50, 38)
-> Request 3
365
(2, 1, 1)
2
(58, 28)
-> Request 4
421
(3, 2, 2)
2
(57, 38)
-> Request 5
486
(4, 1, 1)
3
(59, 35)
-> Request 6
522
(4, 1, 2)
2
(53, 67)
-> Request 7
618
(2, 2, 2)
1
(63, 77)
-> Request 8
811
(4, 2, 1)
3
(55, 36)
-> Request 9
1026
(4, 1, 1)
2
(51, 32)
-> Request 10
1047
(1, 2, 2)
2
(59, 38)
-> Request 11
1116
(3, 3, 1)
3
(59, 73)
-> Request 12
1344
(4, 1, 1)
3
(56, 73)
-> Request 13
1383
(3, 3, 1)
1
(56, 75)
-> Request 14
1397
(3, 3, 1)
3
(52, 31)
--> Day : 2
-> Request 0
197
(4, 2, 1)
2
(62, 32)
-> Request 1
416
(3, 1, 1)
3
(58, 33)
-> Request 2
521
(2, 1, 2)
1
(58, 72)
-> Request 3
686
(4, 2, 1)
3
(55, 67)
-> Request 4
695
(2, 1, 1)
2
(55, 33)
-> Request 5
1175
(4, 2, 2)
1
(17, 29)
-> Request 6
1294
(2, 3, 1)
3
(44, 42)
-> Request 7
1383
(2, 1, 2)
3
(66, 70)
--> Day : 3
-> Request 0
60
(1, 2, 2)
2
(53, 30)
-> Request 1
167
(1, 3, 1)
3
(56, 31)
-> Request 2
301
(2, 1, 1)
2
(60, 28)
-> Request 3
533
(2, 3, 1)
2
(56, 39)
-> Request 4
562
(4, 3, 2)
3
(53, 68)
-> Request 5
584
(4, 1, 2)
1
(60, 75)
-> Request 6
627
(4, 3, 2)
1
(58, 40)
-> Request 7
1012
(4, 3, 1)
3
(65, 69)
-> Request 8
1136
(3, 3, 2)
1
(62, 29)
-> Request 9
1168
(3, 1, 1)
3
(61, 65)
-> Request 10
1275
(3, 2, 1)
1
(17, 22)
-> Request 11
1317
(3, 2, 2)
1
(48, 40)
--> Day : 4
-> Request 0
51
(4, 1, 2)
3
(53, 32)
-> Request 1
302
(1, 2, 2)
2
(8, 22)
-> Request 2
423
(4, 3, 2)
1
(13, 29)
-> Request 3
453
(4, 2, 2)
1
(58, 41)
-> Request 4
681
(3, 2, 1)
1
(44, 38)
-> Request 5
687
(4, 2, 2)
3
(46, 32)
-> Request 6
878
(1, 2, 1)
3
(10, 28)
---> Week : 27
--> Day : 0
-> Request 0
84
(3, 3, 1)
1
(14, 25)
-> Request 1
175
(1, 2, 1)
3
(52, 70)
-> Request 2
234
(4, 2, 2)
1
(60, 32)
-> Request 3
285
(2, 3, 2)
3
(58, 37)
-> Request 4
365
(4, 3, 1)
1
(49, 28)
-> Request 5
376
(3, 2, 2)
3
(59, 64)
-> Request 6
473
(1, 2, 2)
2
(47, 41)
-> Request 7
541
(2, 1, 1)
1
(66, 69)
-> Request 8
605
(2, 3, 2)
1
(58, 28)
-> Request 9
962
(3, 3, 2)
2
(58, 38)
-> Request 10
1293
(1, 3, 2)
1
(55, 66)
-> Request 11
1343
(1, 1, 2)
1
(47, 40)
-> Request 12
1370
(4, 2, 2)
3
(54, 31)
--> Day : 1
-> Request 0
81
(2, 3, 1)
2
(45, 41)
-> Request 1
159
(4, 3, 1)
2
(61, 72)
-> Request 2
227
(3, 3, 1)
3
(48, 46)
-> Request 3
238
(4, 3, 2)
1
(44, 36)
-> Request 4
313
(4, 2, 2)
3
(59, 27)
-> Request 5
937
(4, 3, 1)
3
(16, 25)
-> Request 6
1011
(3, 2, 2)
3
(47, 31)
-> Request 7
1070
(4, 2, 1)
1
(54, 45)
--> Day : 2
-> Request 0
68
(3, 2, 1)
1
(57, 28)
-> Request 1
285
(2, 1, 2)
1
(65, 67)
-> Request 2
417
(3, 3, 2)
1
(53, 77)
-> Request 3
621
(3, 3, 1)
3
(59, 45)
-> Request 4
802
(1, 1, 1)
3
(63, 71)
-> Request 5
947
(4, 2, 1)
3
(63, 69)
-> Request 6
1045
(2, 3, 2)
1
(53, 72)
-> Request 7
1064
(2, 2, 1)
1
(45, 27)
-> Request 8
1077
(1, 1, 2)
3
(51, 27)
-> Request 9
1250
(2, 1, 2)
1
(55, 65)
-> Request 10
1408
(4, 3, 1)
1
(49, 45)
--> Day : 3
-> Request 0
78
(4, 2, 1)
1
(55, 34)
-> Request 1
94
(2, 3, 2)
2
(62, 32)
-> Request 2
235
(2, 3, 2)
3
(16, 28)
-> Request 3
257
(2, 2, 2)
1
(14, 26)
-> Request 4
268
(3, 3, 2)
3
(45, 41)
-> Request 5
271
(1, 2, 1)
2
(55, 31)
-> Request 6
369
(4, 3, 2)
2
(11, 25)
-> Request 7
559
(4, 1, 2)
2
(43, 28)
-> Request 8
736
(1, 3, 1)
1
(56, 44)
-> Request 9
932
(4, 3, 2)
2
(66, 72)
-> Request 10
1031
(4, 2, 1)
3
(16, 26)
-> Request 11
1101
(3, 2, 2)
2
(65, 67)
-> Request 12
1129
(4, 2, 2)
3
(66, 73)
-> Request 13
1216
(1, 2, 2)
3
(58, 28)
-> Request 14
1367
(3, 3, 1)
2
(62, 43)
--> Day : 4
-> Request 0
46
(3, 1, 1)
3
(59, 37)
-> Request 1
246
(2, 1, 1)
3
(49, 45)
-> Request 2
734
(3, 3, 2)
1
(55, 38)
-> Request 3
955
(2, 1, 1)
3
(56, 65)
-> Request 4
955
(1, 2, 1)
1
(59, 65)
-> Request 5
1014
(3, 3, 1)
1
(59, 33)
-> Request 6
1168
(2, 2, 1)
1
(56, 41)
-> Request 7
1358
(2, 2, 1)
1
(51, 46)
---> Week : 28
--> Day : 0
-> Request 0
20
(4, 1, 1)
1
(60, 37)
-> Request 1
201
(4, 2, 2)
1
(59, 36)
-> Request 2
258
(4, 3, 1)
1
(47, 42)
-> Request 3
421
(1, 2, 1)
2
(8, 26)
-> Request 4
559
(1, 1, 1)
1
(54, 71)
-> Request 5
746
(2, 2, 2)
2
(52, 74)
-> Request 6
851
(3, 2, 1)
3
(59, 42)
-> Request 7
1065
(1, 3, 2)
3
(51, 38)
-> Request 8
1090
(1, 2, 2)
3
(43, 36)
-> Request 9
1201
(2, 3, 2)
3
(59, 27)
--> Day : 1
-> Request 0
97
(3, 1, 2)
2
(52, 64)
-> Request 1
201
(2, 2, 1)
3
(51, 40)
-> Request 2
299
(2, 3, 1)
3
(61, 71)
-> Request 3
539
(2, 2, 2)
1
(54, 69)
-> Request 4
582
(4, 2, 2)
2
(55, 36)
-> Request 5
1140
(1, 3, 2)
1
(61, 42)
-> Request 6
1184
(3, 1, 1)
3
(48, 45)
-> Request 7
1275
(2, 1, 1)
1
(55, 32)
--> Day : 2
-> Request 0
54
(1, 3, 2)
1
(61, 40)
-> Request 1
266
(3, 3, 1)
3
(62, 36)
-> Request 2
643
(4, 3, 2)
3
(58, 38)
-> Request 3
748
(3, 2, 1)
2
(46, 46)
-> Request 4
784
(2, 1, 2)
1
(54, 42)
-> Request 5
859
(2, 3, 1)
2
(56, 69)
-> Request 6
901
(3, 3, 2)
1
(59, 46)
-> Request 7
905
(4, 1, 1)
3
(55, 68)
-> Request 8
909
(1, 1, 2)
2
(64, 69)
-> Request 9
1018
(3, 3, 1)
3
(59, 35)
-> Request 10
1247
(3, 3, 1)
3
(52, 39)
--> Day : 3
-> Request 0
14
(2, 3, 2)
2
(44, 43)
-> Request 1
270
(4, 3, 2)
1
(62, 34)
-> Request 2
602
(2, 1, 2)
2
(45, 45)
-> Request 3
751
(1, 3, 1)
1
(61, 67)
-> Request 4
795
(2, 1, 1)
2
(8, 25)
-> Request 5
902
(3, 1, 1)
2
(54, 28)
-> Request 6
1317
(1, 3, 2)
3
(43, 43)
-> Request 7
1347
(1, 3, 2)
1
(17, 28)
--> Day : 4
-> Request 0
197
(4, 1, 2)
1
(59, 75)
-> Request 1
363
(1, 3, 2)
3
(47, 39)
-> Request 2
442
(3, 3, 1)
3
(50, 31)
-> Request 3
449
(4, 3, 1)
1
(45, 28)
-> Request 4
570
(3, 2, 2)
3
(65, 65)
-> Request 5
597
(2, 1, 1)
1
(10, 29)
-> Request 6
609
(3, 3, 2)
3
(52, 42)
-> Request 7
721
(1, 1, 2)
1
(13, 21)
-> Request 8
724
(4, 1, 1)
1
(48, 35)
-> Request 9
819
(4, 1, 1)
3
(59, 64)
-> Request 10
983
(4, 1, 2)
3
(65, 74)
-> Request 11
1016
(2, 2, 1)
3
(49, 27)
-> Request 12
1160
(1, 3, 2)
2
(61, 32)
---> Week : 29
--> Day : 0
-> Request 0
103
(4, 1, 1)
2
(46, 32)
-> Request 1
197
(3, 1, 2)
1
(13, 28)
-> Request 2
337
(3, 1, 1)
1
(61, 41)
-> Request 3
407
(3, 1, 2)
2
(57, 72)
-> Request 4
450
(1, 3, 1)
1
(12, 27)
-> Request 5
987
(3, 3, 2)
3
(66, 78)
-> Request 6
1015
(2, 1, 1)
2
(61, 29)
-> Request 7
1208
(1, 1, 1)
3
(16, 22)
-> Request 8
1352
(3, 1, 2)
3
(60, 78)
--> Day : 1
-> Request 0
14
(2, 1, 1)
2
(55, 28)
-> Request 1
558
(1, 1, 1)
3
(52, 40)
-> Request 2
659
(1, 3, 2)
1
(55, 78)
-> Request 3
1055
(2, 3, 1)
2
(56, 78)
-> Request 4
1262
(4, 3, 1)
3
(10, 24)
-> Request 5
1311
(4, 1, 1)
1
(56, 64)
--> Day : 2
-> Request 0
127
(2, 3, 1)
2
(12, 22)
-> Request 1
374
(3, 2, 1)
2
(61, 69)
-> Request 2
401
(3, 3, 2)
3
(17, 22)
-> Request 3
592
(2, 2, 1)
3
(60, 45)
-> Request 4
597
(2, 3, 1)
2
(65, 75)
-> Request 5
617
(4, 3, 2)
3
(66, 78)
-> Request 6
675
(3, 2, 1)
3
(44, 30)
-> Request 7
720
(3, 1, 1)
1
(51, 34)
-> Request 8
909
(4, 1, 2)
2
(58, 42)
-> Request 9
979
(4, 2, 2)
3
(54, 75)
-> Request 10
1086
(4, 2, 2)
2
(47, 39)
-> Request 11
1165
(1, 2, 2)
2
(16, 25)
-> Request 12
1200
(4, 3, 2)
2
(58, 39)
-> Request 13
1410
(1, 3, 2)
1
(58, 43)
--> Day : 3
-> Request 0
96
(1, 3, 2)
3
(59, 39)
-> Request 1
762
(1, 2, 1)
2
(52, 67)
-> Request 2
956
(1, 3, 2)
1
(43, 37)
-> Request 3
1109
(3, 2, 2)
2
(44, 37)
-> Request 4
1225
(1, 2, 2)
1
(53, 68)
-> Request 5
1289
(2, 1, 2)
1
(65, 77)
-> Request 6
1351
(2, 2, 2)
3
(54, 27)
--> Day : 4
-> Request 0
7
(1, 3, 2)
2
(8, 21)
-> Request 1
32
(4, 2, 1)
3
(61, 40)
-> Request 2
36
(3, 1, 1)
1
(65, 66)
-> Request 3
172
(4, 2, 2)
2
(49, 45)
-> Request 4
247
(3, 2, 1)
3
(56, 29)
-> Request 5
404
(1, 2, 2)
2
(56, 32)
-> Request 6
639
(2, 1, 1)
3
(47, 37)
-> Request 7
660
(2, 2, 2)
3
(9, 21)
-> Request 8
754
(4, 1, 2)
3
(52, 45)
-> Request 9
851
(3, 1, 2)
3
(60, 36)
-> Request 10
1101
(3, 1, 1)
2
(62, 40)
-> Request 11
1121
(2, 2, 1)
2
(62, 29)
-> Request 12
1127
(4, 2, 2)
2
(46, 35)
-> Request 13
1164
(4, 2, 1)
3
(61, 69)
-> Request 14
1188
(3, 1, 2)
3
(61, 28)
-> Request 15
1208
(3, 2, 2)
3
(57, 37)
-> Request 16
1376
(2, 3, 2)
2
(13, 26)
---> Week : 30
--> Day : 0
-> Request 0
339
(4, 1, 2)
2
(48, 38)
-> Request 1
371
(3, 1, 1)
2
(17, 23)
-> Request 2
527
(1, 3, 1)
1
(44, 30)
-> Request 3
855
(1, 1, 2)
3
(53, 78)
-> Request 4
878
(1, 2, 2)
3
(58, 71)
-> Request 5
1244
(4, 3, 1)
2
(55, 32)
-> Request 6
1420
(3, 3, 1)
2
(49, 28)
--> Day : 1
-> Request 0
94
(3, 3, 1)
2
(59, 74)
-> Request 1
115
(2, 3, 1)
3
(51, 30)
-> Request 2
180
(2, 2, 1)
2
(58, 73)
-> Request 3
242
(4, 3, 1)
3
(45, 34)
-> Request 4
500
(4, 1, 1)
2
(9, 27)
-> Request 5
713
(1, 1, 2)
1
(58, 69)
-> Request 6
815
(1, 1, 1)
3
(60, 43)
-> Request 7
943
(1, 2, 2)
2
(60, 66)
-> Request 8
1045
(2, 1, 2)
3
(59, 38)
-> Request 9
1089
(3, 3, 1)
2
(54, 27)
-> Request 10
1116
(1, 2, 1)
2
(48, 41)
-> Request 11
1146
(2, 1, 1)
3
(50, 44)
-> Request 12
1176
(4, 1, 1)
3
(54, 46)
-> Request 13
1191
(1, 2, 2)
3
(55, 75)
-> Request 14
1281
(1, 3, 1)
2
(61, 30)
-> Request 15
1283
(4, 3, 2)
1
(63, 66)
-> Request 16
1426
(2, 3, 1)
2
(64, 76)
--> Day : 2
-> Request 0
580
(2, 2, 2)
2
(56, 40)
-> Request 1
709
(3, 1, 1)
3
(51, 40)
-> Request 2
712
(3, 3, 2)
3
(58, 39)
-> Request 3
834
(4, 1, 1)
1
(47, 29)
-> Request 4
1057
(1, 2, 1)
2
(43, 32)
-> Request 5
1086
(3, 2, 2)
2
(65, 77)
-> Request 6
1107
(3, 2, 2)
3
(61, 41)
-> Request 7
1203
(3, 3, 1)
2
(54, 43)
-> Request 8
1313
(3, 2, 1)
3
(59, 42)
-> Request 9
1377
(4, 3, 2)
3
(63, 64)
-> Request 10
1399
(3, 3, 2)
2
(49, 32)
-> Request 11
1414
(2, 1, 1)
3
(58, 45)
--> Day : 3
-> Request 0
299
(1, 2, 1)
2
(61, 36)
-> Request 1
943
(3, 2, 1)
1
(45, 43)
-> Request 2
1112
(2, 1, 1)
3
(11, 22)
-> Request 3
1320
(2, 3, 2)
2
(52, 42)
-> Request 4
1392
(2, 3, 1)
3
(50, 41)
--> Day : 4
-> Request 0
146
(3, 2, 1)
3
(56, 42)
-> Request 1
366
(2, 3, 1)
2
(11, 27)
-> Request 2
561
(1, 1, 1)
3
(64, 65)
-> Request 3
607
(1, 1, 2)
3
(17, 23)
-> Request 4
658
(3, 1, 1)
3
(57, 41)
-> Request 5
680
(4, 3, 2)
3
(8, 26)
-> Request 6
749
(2, 1, 1)
1
(57, 68)
-> Request 7
797
(2, 1, 2)
1
(56, 39)
-> Request 8
828
(4, 1, 1)
2
(46, 29)
-> Request 9
936
(1, 1, 1)
2
(58, 33)
-> Request 10
1144
(3, 3, 2)
1
(62, 38)
-> Request 11
1307
(2, 3, 1)
2
(58, 37)
-> Request 12
1349
(3, 1, 2)
2
(61, 71)
---> Week : 31
--> Day : 0
-> Request 0
99
(3, 2, 1)
2
(47, 37)
-> Request 1
119
(3, 1, 2)
2
(64, 71)
-> Request 2
129
(1, 1, 1)
1
(47, 34)
-> Request 3
177
(4, 3, 1)
2
(59, 66)
-> Request 4
297
(2, 3, 2)
2
(14, 23)
-> Request 5
597
(2, 2, 1)
3
(53, 43)
-> Request 6
702
(3, 2, 1)
2
(43, 31)
-> Request 7
952
(1, 3, 2)
2
(54, 34)
-> Request 8
972
(2, 1, 1)
1
(66, 69)
-> Request 9
993
(1, 1, 2)
3
(58, 43)
-> Request 10
1050
(3, 3, 2)
3
(8, 24)
-> Request 11
1265
(2, 1, 2)
3
(58, 28)
-> Request 12
1278
(4, 1, 1)
3
(17, 26)
--> Day : 1
-> Request 0
218
(2, 1, 1)
2
(61, 30)
-> Request 1
242
(3, 3, 1)
1
(59, 66)
-> Request 2
343
(4, 3, 2)
1
(56, 76)
-> Request 3
397
(1, 2, 1)
2
(52, 28)
-> Request 4
419
(3, 3, 2)
1
(61, 70)
-> Request 5
526
(2, 3, 2)
3
(12, 25)
-> Request 6
674
(3, 1, 1)
3
(54, 74)
-> Request 7
776
(2, 3, 2)
3
(59, 32)
-> Request 8
924
(2, 1, 2)
1
(58, 35)
-> Request 9
930
(2, 3, 1)
2
(54, 27)
-> Request 10
1135
(4, 1, 2)
2
(61, 43)
-> Request 11
1221
(1, 3, 2)
2
(60, 40)
-> Request 12
1308
(2, 2, 1)
3
(65, 66)
-> Request 13
1395
(3, 3, 2)
2
(57, 66)
--> Day : 2
-> Request 0
41
(4, 1, 1)
3
(59, 42)
-> Request 1
297
(4, 1, 2)
3
(56, 73)
-> Request 2
482
(2, 1, 1)
2
(58, 43)
-> Request 3
517
(1, 1, 1)
3
(61, 69)
-> Request 4
671
(3, 1, 2)
3
(51, 38)
-> Request 5
814
(1, 3, 2)
2
(58, 30)
-> Request 6
826
(4, 1, 2)
1
(60, 37)
-> Request 7
855
(3, 1, 1)
2
(63, 72)
-> Request 8
922
(3, 1, 1)
2
(58, 72)
-> Request 9
1201
(2, 1, 1)
1
(55, 41)
-> Request 10
1255
(1, 2, 1)
3
(61, 30)
-> Request 11
1258
(2, 2, 2)
2
(63, 78)
-> Request 12
1342
(2, 3, 2)
2
(50, 36)
--> Day : 3
-> Request 0
645
(4, 2, 1)
3
(52, 42)
-> Request 1
790
(4, 1, 1)
1
(43, 39)
-> Request 2
851
(2, 2, 2)
1
(63, 74)
--> Day : 4
-> Request 0
342
(3, 3, 1)
1
(59, 31)
-> Request 1
696
(4, 1, 2)
3
(56, 71)
-> Request 2
724
(3, 2, 1)
1
(43, 41)
-> Request 3
842
(2, 3, 2)
2
(53, 66)
-> Request 4
1006
(3, 3, 1)
3
(54, 69)
-> Request 5
1084
(3, 3, 2)
2
(65, 76)
-> Request 6
1300
(3, 2, 1)
1
(45, 41)
---> Week : 32
--> Day : 0
-> Request 0
23
(1, 3, 1)
1
(43, 30)
-> Request 1
98
(2, 1, 1)
1
(53, 35)
-> Request 2
371
(4, 2, 2)
2
(63, 68)
-> Request 3
530
(3, 2, 2)
2
(13, 20)
-> Request 4
648
(1, 1, 2)
3
(56, 42)
-> Request 5
810
(3, 2, 1)
3
(65, 76)
-> Request 6
937
(2, 1, 1)
3
(11, 23)
-> Request 7
1015
(3, 1, 1)
2
(58, 27)
-> Request 8
1322
(1, 2, 2)
2
(61, 27)
-> Request 9
1370
(2, 3, 1)
3
(52, 40)
-> Request 10
1400
(4, 1, 1)
2
(13, 23)
-> Request 11
1438
(3, 2, 1)
2
(60, 38)
--> Day : 1
-> Request 0
565
(4, 1, 2)
1
(62, 66)
-> Request 1
799
(3, 3, 1)
1
(54, 64)
-> Request 2
888
(4, 3, 1)
3
(53, 44)
-> Request 3
911
(1, 1, 2)
2
(54, 34)
-> Request 4
1189
(1, 3, 1)
1
(49, 41)
--> Day : 2
-> Request 0
297
(1, 2, 2)
3
(54, 41)
-> Request 1
504
(3, 1, 2)
1
(50, 30)
-> Request 2
519
(1, 2, 2)
1
(10, 25)
-> Request 3
744
(1, 3, 2)
2
(53, 75)
-> Request 4
903
(2, 3, 1)
2
(55, 68)
-> Request 5
928
(3, 3, 2)
3
(53, 70)
-> Request 6
1107
(1, 1, 1)
2
(55, 68)
-> Request 7
1108
(4, 1, 2)
1
(55, 32)
-> Request 8
1437
(3, 3, 2)
3
(16, 28)
--> Day : 3
-> Request 0
58
(4, 3, 2)
2
(58, 65)
-> Request 1
110
(3, 2, 2)
1
(52, 75)
-> Request 2
132
(1, 3, 2)
1
(64, 76)
-> Request 3
132
(4, 1, 1)
3
(15, 23)
-> Request 4
328
(4, 1, 1)
3
(58, 76)
-> Request 5
647
(3, 1, 1)
1
(55, 76)
-> Request 6
835
(1, 3, 1)
1
(58, 34)
-> Request 7
842
(4, 1, 2)
3
(52, 36)
-> Request 8
858
(3, 1, 1)
3
(59, 72)
-> Request 9
894
(3, 2, 1)
2
(57, 73)
-> Request 10
1080
(1, 1, 2)
1
(52, 66)
-> Request 11
1212
(3, 2, 2)
2
(56, 37)
-> Request 12
1314
(2, 1, 2)
3
(48, 31)
-> Request 13
1348
(1, 2, 1)
3
(63, 76)
--> Day : 4
-> Request 0
45
(4, 1, 2)
3
(53, 77)
-> Request 1
289
(4, 1, 2)
1
(57, 35)
-> Request 2
403
(4, 3, 1)
1
(62, 69)
-> Request 3
774
(2, 3, 1)
3
(61, 46)
-> Request 4
957
(3, 3, 1)
1
(50, 42)
-> Request 5
1095
(3, 3, 2)
2
(56, 40)
---> Week : 33
--> Day : 0
-> Request 0
319
(4, 1, 1)
1
(59, 29)
-> Request 1
452
(3, 3, 2)
3
(62, 72)
-> Request 2
769
(4, 2, 2)
3
(59, 45)
-> Request 3
1140
(2, 2, 2)
3
(49, 37)
-> Request 4
1279
(4, 3, 1)
3
(60, 64)
-> Request 5
1404
(2, 2, 2)
3
(10, 20)
-> Request 6
1417
(1, 1, 1)
3
(59, 66)
-> Request 7
1422
(4, 3, 1)
3
(48, 40)
-> Request 8
1430
(2, 2, 2)
1
(58, 32)
--> Day : 1
-> Request 0
76
(4, 3, 1)
1
(60, 72)
-> Request 1
318
(2, 2, 2)
3
(48, 27)
-> Request 2
507
(2, 2, 1)
2
(43, 34)
-> Request 3
610
(4, 3, 1)
3
(16, 28)
-> Request 4
904
(2, 2, 1)
2
(59, 38)
-> Request 5
942
(2, 2, 2)
3
(58, 73)
-> Request 6
1108
(1, 2, 1)
1
(58, 77)
-> Request 7
1129
(1, 2, 2)
3
(58, 37)
-> Request 8
1144
(2, 2, 1)
3
(64, 74)
-> Request 9
1186
(2, 3, 2)
3
(54, 67)
-> Request 10
1219
(2, 3, 1)
1
(54, 38)
-> Request 11
1228
(3, 2, 2)
2
(59, 33)
-> Request 12
1244
(4, 1, 1)
1
(8, 21)
--> Day : 2
-> Request 0
11
(3, 2, 1)
1
(58, 65)
-> Request 1
221
(2, 1, 1)
1
(49, 30)
-> Request 2
504
(3, 1, 1)
3
(52, 41)
-> Request 3
680
(3, 2, 1)
3
(58, 33)
-> Request 4
784
(2, 1, 2)
3
(47, 28)
-> Request 5
862
(2, 1, 2)
2
(53, 28)
-> Request 6
1114
(4, 2, 2)
2
(49, 41)
-> Request 7
1205
(1, 2, 1)
3
(62, 73)
-> Request 8
1233
(2, 1, 2)
1
(8, 25)
-> Request 9
1348
(1, 1, 2)
2
(54, 70)
-> Request 10
1375
(3, 2, 1)
2
(16, 27)
--> Day : 3
-> Request 0
365
(2, 2, 2)
1
(63, 72)
-> Request 1
386
(2, 2, 2)
3
(45, 41)
-> Request 2
412
(4, 2, 1)
1
(47, 30)
-> Request 3
921
(2, 3, 2)
3
(51, 37)
-> Request 4
968
(3, 1, 2)
1
(60, 41)
-> Request 5
1304
(4, 2, 2)
3
(13, 27)
-> Request 6
1311
(2, 2, 1)
1
(11, 22)
-> Request 7
1408
(1, 1, 2)
3
(53, 30)
--> Day : 4
-> Request 0
137
(1, 3, 2)
1
(60, 67)
-> Request 1
203
(2, 2, 2)
1
(55, 30)
-> Request 2
310
(4, 1, 2)
1
(10, 20)
-> Request 3
340
(4, 3, 2)
3
(60, 36)
-> Request 4
642
(3, 2, 1)
3
(56, 66)
-> Request 5
652
(1, 2, 2)
2
(46, 28)
-> Request 6
882
(2, 3, 1)
2
(51, 32)
-> Request 7
941
(3, 3, 1)
1
(58, 64)
-> Request 8
968
(4, 3, 1)
3
(14, 21)
-> Request 9
1006
(2, 2, 2)
3
(46, 35)
-> Request 10
1041
(4, 1, 2)
2
(56, 72)
-> Request 11
1171
(1, 3, 1)
3
(12, 23)
-> Request 12
1342
(1, 3, 1)
2
(63, 75)
-> Request 13
1396
(3, 2, 2)
2
(59, 35)
---> Week : 34
--> Day : 0
-> Request 0
524
(2, 1, 1)
2
(58, 70)
-> Request 1
725
(1, 2, 2)
3
(55, 41)
-> Request 2
927
(4, 2, 1)
2
(56, 75)
-> Request 3
1036
(3, 3, 2)
3
(47, 38)
-> Request 4
1119
(3, 2, 1)
3
(49, 28)
-> Request 5
1202
(4, 2, 2)
1
(54, 71)
-> Request 6
1408
(1, 3, 1)
2
(54, 35)
--> Day : 1
-> Request 0
219
(4, 2, 1)
3
(43, 46)
-> Request 1
442
(1, 1, 2)
2
(12, 25)
-> Request 2
475
(2, 3, 2)
1
(63, 75)
-> Request 3
599
(4, 3, 2)
1
(47, 44)
-> Request 4
794
(1, 2, 2)
1
(62, 32)
-> Request 5
884
(3, 3, 2)
3
(66, 66)
--> Day : 2
-> Request 0
17
(1, 3, 2)
2
(10, 26)
-> Request 1
38
(1, 2, 1)
2
(44, 45)
-> Request 2
307
(3, 2, 1)
1
(48, 35)
-> Request 3
320
(3, 3, 1)
1
(54, 31)
-> Request 4
640
(1, 2, 1)
1
(48, 36)
-> Request 5
966
(1, 2, 1)
3
(51, 42)
-> Request 6
996
(2, 2, 1)
2
(17, 23)
-> Request 7
1074
(3, 1, 2)
2
(51, 34)
-> Request 8
1168
(3, 3, 2)
1
(46, 35)
-> Request 9
1318
(4, 3, 1)
3
(60, 68)
-> Request 10
1361
(3, 2, 2)
2
(57, 34)
--> Day : 3
-> Request 0
37
(3, 3, 2)
2
(55, 34)
-> Request 1
199
(2, 3, 2)
3
(53, 36)
-> Request 2
214
(1, 1, 1)
1
(62, 45)
-> Request 3
363
(1, 3, 2)
1
(64, 71)
-> Request 4
420
(4, 3, 2)
1
(50, 29)
-> Request 5
619
(2, 3, 1)
1
(66, 65)
-> Request 6
738
(2, 2, 1)
3
(59, 64)
-> Request 7
866
(4, 3, 1)
1
(59, 75)
-> Request 8
886
(4, 1, 1)
3
(61, 76)
-> Request 9
933
(4, 2, 2)
2
(60, 40)
-> Request 10
1133
(1, 2, 2)
2
(49, 27)
-> Request 11
1183
(3, 1, 2)
1
(60, 73)
-> Request 12
1200
(1, 2, 2)
2
(47, 35)
-> Request 13
1310
(2, 1, 1)
3
(44, 37)
--> Day : 4
-> Request 0
32
(3, 3, 1)
2
(59, 39)
-> Request 1
98
(2, 3, 1)
3
(53, 64)
-> Request 2
168
(1, 1, 1)
1
(62, 41)
-> Request 3
206
(2, 2, 2)
3
(50, 34)
-> Request 4
463
(1, 1, 1)
2
(47, 30)
-> Request 5
557
(4, 3, 2)
3
(55, 39)
-> Request 6
735
(4, 3, 1)
3
(10, 28)
-> Request 7
1011
(3, 2, 2)
2
(58, 35)
-> Request 8
1241
(4, 3, 1)
2
(49, 34)
-> Request 9
1266
(2, 2, 2)
1
(45, 32)
---> Week : 35
--> Day : 0
-> Request 0
141
(2, 1, 1)
1
(62, 46)
-> Request 1
599
(3, 3, 2)
2
(13, 26)
-> Request 2
691
(2, 2, 2)
3
(53, 32)
-> Request 3
703
(4, 2, 2)
1
(54, 78)
-> Request 4
776
(3, 3, 1)
1
(45, 31)
-> Request 5
809
(3, 2, 2)
3
(64, 78)
--> Day : 1
-> Request 0
37
(4, 2, 1)
3
(44, 29)
-> Request 1
147
(2, 3, 1)
3
(60, 35)
-> Request 2
247
(2, 1, 2)
1
(50, 31)
-> Request 3
334
(1, 1, 1)
2
(51, 42)
-> Request 4
431
(4, 1, 1)
2
(57, 39)
-> Request 5
554
(2, 3, 2)
3
(65, 69)
-> Request 6
604
(1, 3, 2)
1
(56, 39)
-> Request 7
656
(4, 1, 2)
3
(66, 65)
-> Request 8
1233
(3, 3, 2)
1
(57, 71)
-> Request 9
1341
(3, 2, 1)
3
(43, 37)
-> Request 10
1395
(1, 1, 2)
1
(58, 36)
--> Day : 2
-> Request 0
926
(2, 1, 2)
2
(15, 21)
-> Request 1
1028
(1, 1, 2)
2
(12, 28)
-> Request 2
1238
(1, 1, 2)
3
(16, 29)
--> Day : 3
-> Request 0
228
(2, 3, 1)
2
(57, 78)
-> Request 1
228
(3, 2, 1)
2
(47, 44)
-> Request 2
288
(1, 1, 1)
1
(52, 78)
-> Request 3
310
(4, 1, 2)
1
(47, 38)
-> Request 4
351
(1, 2, 2)
3
(60, 39)
-> Request 5
377
(2, 1, 1)
1
(61, 42)
-> Request 6
449
(4, 3, 1)
1
(60, 77)
-> Request 7
705
(2, 2, 1)
3
(43, 44)
-> Request 8
780
(1, 2, 1)
1
(15, 29)
-> Request 9
835
(4, 1, 1)
3
(52, 36)
-> Request 10
859
(3, 2, 1)
1
(65, 69)
-> Request 11
998
(1, 2, 2)
3
(16, 20)
-> Request 12
1060
(4, 1, 1)
2
(8, 21)
-> Request 13
1261
(2, 1, 2)
1
(51, 43)
--> Day : 4
-> Request 0
21
(3, 2, 1)
3
(50, 27)
-> Request 1
606
(3, 1, 1)
3
(59, 33)
-> Request 2
659
(1, 3, 1)
1
(54, 44)
-> Request 3
838
(3, 1, 2)
3
(53, 72)
-> Request 4
952
(1, 2, 1)
3
(53, 41)
-> Request 5
998
(4, 3, 1)
1
(46, 32)
-> Request 6
1054
(2, 3, 2)
1
(17, 24)
---> Week : 36
--> Day : 0
-> Request 0
585
(2, 1, 1)
1
(44, 42)
-> Request 1
691
(2, 2, 1)
3
(10, 22)
-> Request 2
1180
(3, 2, 2)
1
(58, 69)
-> Request 3
1185
(4, 2, 2)
3
(55, 78)
-> Request 4
1235
(4, 2, 2)
2
(52, 34)
--> Day : 1
-> Request 0
314
(3, 1, 1)
3
(46, 42)
-> Request 1
315
(4, 2, 2)
1
(56, 37)
-> Request 2
351
(1, 2, 1)
2
(54, 67)
-> Request 3
756
(3, 3, 2)
2
(51, 40)
-> Request 4
782
(2, 2, 2)
3
(53, 46)
--> Day : 2
-> Request 0
12
(4, 1, 1)
3
(61, 42)
-> Request 1
41
(2, 2, 2)
1
(43, 29)
-> Request 2
274
(4, 2, 1)
2
(43, 39)
-> Request 3
295
(3, 2, 2)
1
(61, 28)
-> Request 4
565
(1, 3, 2)
3
(16, 24)
-> Request 5
573
(4, 3, 2)
3
(52, 44)
-> Request 6
662
(1, 2, 1)
1
(15, 23)
-> Request 7
670
(4, 2, 2)
3
(64, 72)
-> Request 8
978
(2, 1, 2)
3
(55, 38)
-> Request 9
1100
(1, 1, 2)
1
(52, 72)
-> Request 10
1166
(1, 1, 2)
1
(44, 28)
-> Request 11
1319
(3, 1, 1)
2
(17, 26)
-> Request 12
1435
(3, 3, 1)
1
(62, 66)
--> Day : 3
-> Request 0
159
(4, 2, 2)
2
(64, 70)
-> Request 1
308
(3, 3, 1)
3
(53, 42)
-> Request 2
397
(4, 3, 1)
1
(63, 64)
-> Request 3
585
(1, 2, 1)
3
(53, 38)
-> Request 4
585
(2, 2, 1)
1
(54, 70)
-> Request 5
632
(1, 2, 2)
1
(66, 67)
-> Request 6
1055
(3, 2, 1)
1
(56, 67)
-> Request 7
1257
(4, 3, 2)
3
(8, 27)
-> Request 8
1308
(2, 2, 1)
2
(49, 40)
--> Day : 4
-> Request 0
109
(1, 1, 2)
1
(50, 38)
-> Request 1
646
(3, 2, 2)
1
(62, 31)
-> Request 2
876
(4, 1, 1)
2
(13, 23)
-> Request 3
917
(1, 1, 2)
2
(45, 44)
-> Request 4
1000
(2, 1, 2)
2
(61, 64)
-> Request 5
1009
(2, 3, 1)
1
(57, 69)
-> Request 6
1010
(2, 1, 2)
1
(8, 25)
-> Request 7
1107
(2, 1, 1)
1
(57, 71)
-> Request 8
1126
(3, 1, 2)
3
(53, 66)
-> Request 9
1143
(4, 3, 1)
1
(51, 42)
-> Request 10
1175
(4, 1, 1)
1
(51, 33)
-> Request 11
1189
(4, 1, 1)
3
(59, 32)
-> Request 12
1381
(4, 1, 1)
3
(63, 73)
-> Request 13
1407
(1, 3, 1)
3
(61, 70)
-> Request 14
1430
(4, 3, 1)
3
(49, 39)
---> Week : 37
--> Day : 0
-> Request 0
139
(4, 3, 1)
3
(45, 31)
-> Request 1
772
(3, 1, 2)
2
(53, 75)
-> Request 2
1043
(1, 1, 1)
2
(12, 27)
-> Request 3
1100
(3, 2, 2)
1
(58, 39)
-> Request 4
1119
(2, 2, 2)
1
(48, 36)
-> Request 5
1394
(2, 3, 1)
1
(47, 29)
--> Day : 1
-> Request 0
7
(3, 2, 2)
3
(50, 36)
-> Request 1
13
(3, 3, 2)
1
(60, 77)
-> Request 2
141
(4, 1, 2)
2
(62, 68)
-> Request 3
170
(2, 1, 2)
3
(57, 39)
-> Request 4
179
(4, 3, 2)
1
(57, 41)
-> Request 5
287
(1, 3, 1)
1
(49, 30)
-> Request 6
309
(1, 3, 1)
3
(46, 27)
-> Request 7
347
(4, 1, 1)
1
(53, 30)
-> Request 8
505
(4, 2, 1)
2
(12, 24)
-> Request 9
625
(3, 3, 1)
3
(13, 29)
-> Request 10
975
(4, 3, 1)
2
(53, 45)
-> Request 11
1067
(4, 2, 1)
2
(56, 70)
-> Request 12
1092
(1, 2, 2)
2
(17, 24)
-> Request 13
1148
(4, 1, 2)
3
(14, 24)
-> Request 14
1434
(4, 3, 2)
1
(43, 39)
--> Day : 2
-> Request 0
91
(1, 3, 1)
3
(59, 27)
-> Request 1
92
(4, 2, 2)
3
(58, 39)
-> Request 2
340
(1, 1, 1)
1
(56, 77)
-> Request 3
493
(1, 2, 2)
2
(43, 45)
-> Request 4
541
(1, 3, 1)
1
(56, 69)
-> Request 5
614
(1, 2, 1)
1
(63, 77)
-> Request 6
626
(2, 2, 2)
3
(14, 27)
-> Request 7
847
(4, 3, 2)
3
(59, 32)
-> Request 8
1281
(2, 1, 2)
3
(59, 43)
--> Day : 3
-> Request 0
21
(4, 1, 1)
2
(10, 24)
-> Request 1
173
(1, 2, 2)
3
(44, 41)
-> Request 2
340
(4, 2, 2)
3
(66, 76)
-> Request 3
537
(2, 1, 2)
3
(12, 22)
-> Request 4
765
(4, 2, 1)
2
(51, 42)
-> Request 5
840
(1, 2, 2)
1
(52, 67)
-> Request 6
890
(2, 1, 1)
2
(9, 29)
-> Request 7
1016
(2, 2, 2)
1
(62, 33)
-> Request 8
1112
(3, 2, 2)
1
(53, 72)
-> Request 9
1156
(1, 2, 2)
2
(10, 26)
-> Request 10
1175
(4, 3, 2)
2
(56, 43)
--> Day : 4
-> Request 0
305
(1, 1, 2)
3
(52, 75)
-> Request 1
391
(4, 3, 2)
2
(10, 26)
-> Request 2
421
(3, 1, 1)
3
(61, 76)
-> Request 3
457
(1, 3, 2)
2
(17, 22)
-> Request 4
598
(1, 1, 1)
1
(51, 40)
-> Request 5
745
(1, 3, 1)
2
(44, 45)
-> Request 6
1041
(2, 2, 1)
2
(62, 65)
-> Request 7
1319
(3, 3, 1)
2
(17, 25)
-> Request 8
1352
(4, 1, 1)
2
(11, 28)
---> Week : 38
--> Day : 0
-> Request 0
31
(3, 3, 2)
3
(52, 70)
-> Request 1
498
(3, 3, 2)
1
(60, 42)
-> Request 2
509
(3, 3, 2)
2
(59, 30)
-> Request 3
661
(3, 1, 1)
2
(55, 70)
-> Request 4
688
(4, 2, 1)
3
(58, 39)
-> Request 5
883
(2, 2, 2)
3
(61, 41)
-> Request 6
895
(4, 3, 2)
2
(48, 37)
-> Request 7
968
(4, 3, 2)
3
(45, 44)
-> Request 8
996
(3, 1, 1)
1
(56, 32)
-> Request 9
1222
(4, 1, 1)
3
(62, 34)
--> Day : 1
-> Request 0
6
(4, 2, 2)
3
(46, 37)
-> Request 1
53
(3, 3, 2)
2
(55, 39)
-> Request 2
175
(3, 2, 1)
2
(58, 39)
-> Request 3
386
(3, 3, 2)
1
(54, 76)
-> Request 4
410
(2, 3, 1)
3
(63, 64)
-> Request 5
619
(3, 1, 1)
3
(61, 44)
-> Request 6
649
(2, 2, 1)
3
(65, 65)
-> Request 7
905
(2, 1, 1)
2
(47, 35)
-> Request 8
1252
(3, 1, 2)
1
(62, 46)
--> Day : 2
-> Request 0
7
(4, 2, 1)
1
(66, 77)
-> Request 1
793
(1, 3, 1)
1
(59, 39)
-> Request 2
1293
(4, 3, 2)
2
(51, 35)
-> Request 3
1342
(2, 3, 1)
3
(58, 73)
--> Day : 3
-> Request 0
18
(2, 3, 1)
2
(52, 64)
-> Request 1
232
(1, 3, 2)
1
(60, 69)
-> Request 2
280
(2, 2, 1)
3
(46, 31)
-> Request 3
280
(3, 3, 1)
3
(9, 27)
-> Request 4
280
(1, 1, 2)
1
(47, 36)
-> Request 5
297
(1, 2, 1)
3
(58, 65)
-> Request 6
303
(2, 2, 1)
1
(45, 33)
-> Request 7
307
(1, 2, 1)
2
(14, 22)
-> Request 8
531
(1, 2, 1)
3
(13, 23)
-> Request 9
1118
(3, 2, 2)
3
(66, 70)
-> Request 10
1232
(2, 1, 1)
2
(57, 77)
-> Request 11
1259
(1, 2, 2)
1
(57, 73)
--> Day : 4
-> Request 0
420
(3, 3, 1)
1
(55, 36)
-> Request 1
502
(3, 1, 1)
2
(58, 44)
-> Request 2
686
(3, 1, 2)
2
(43, 28)
-> Request 3
1099
(3, 1, 2)
3
(51, 32)
-> Request 4
1192
(1, 2, 2)
3
(62, 40)
-> Request 5
1365
(1, 1, 2)
2
(46, 33)
---> Week : 39
--> Day : 0
-> Request 0
33
(2, 1, 1)
3
(46, 27)
-> Request 1
119
(3, 1, 2)
2
(57, 34)
-> Request 2
146
(4, 3, 2)
3
(60, 43)
-> Request 3
256
(3, 3, 1)
3
(56, 36)
-> Request 4
259
(3, 2, 2)
2
(16, 27)
-> Request 5
486
(4, 3, 1)
1
(59, 41)
-> Request 6
866
(4, 2, 2)
1
(54, 30)
-> Request 7
931
(4, 1, 1)
1
(60, 33)
-> Request 8
1157
(1, 3, 1)
3
(53, 71)
-> Request 9
1158
(4, 1, 2)
3
(50, 44)
-> Request 10
1206
(2, 3, 1)
1
(44, 37)
-> Request 11
1231
(3, 2, 1)
1
(56, 76)
-> Request 12
1328
(2, 3, 1)
1
(44, 43)
--> Day : 1
-> Request 0
20
(3, 1, 1)
2
(43, 43)
-> Request 1
77
(4, 3, 1)
3
(53, 75)
-> Request 2
182
(3, 2, 2)
2
(15, 20)
-> Request 3
265
(1, 1, 1)
1
(61, 40)
-> Request 4
313
(3, 3, 1)
3
(55, 69)
-> Request 5
636
(2, 2, 1)
3
(47, 27)
-> Request 6
807
(1, 3, 2)
3
(45, 44)
-> Request 7
861
(4, 2, 2)
1
(52, 67)
-> Request 8
865
(1, 2, 2)
1
(61, 33)
-> Request 9
944
(3, 3, 1)
2
(8, 25)
-> Request 10
984
(1, 1, 1)
3
(15, 29)
-> Request 11
1135
(2, 2, 1)
2
(54, 68)
-> Request 12
1235
(2, 3, 1)
1
(57, 72)
-> Request 13
1286
(4, 3, 1)
2
(60, 68)
--> Day : 2
-> Request 0
222
(3, 3, 1)
1
(54, 73)
-> Request 1
228
(1, 3, 1)
1
(52, 31)
-> Request 2
406
(4, 2, 1)
1
(8, 24)
-> Request 3
576
(1, 2, 1)
1
(16, 29)
-> Request 4
683
(3, 3, 2)
3
(50, 43)
-> Request 5
711
(1, 2, 2)
3
(61, 34)
-> Request 6
809
(3, 3, 1)
1
(55, 74)
-> Request 7
1061
(3, 3, 1)
1
(47, 43)
-> Request 8
1106
(2, 3, 2)
2
(15, 25)
-> Request 9
1354
(3, 2, 2)
2
(52, 39)
--> Day : 3
-> Request 0
231
(3, 1, 1)
1
(53, 77)
-> Request 1
565
(3, 3, 1)
2
(52, 65)
-> Request 2
873
(2, 3, 2)
2
(45, 44)
-> Request 3
879
(2, 2, 1)
2
(53, 76)
-> Request 4
973
(1, 2, 2)
2
(48, 27)
-> Request 5
1066
(2, 2, 1)
1
(43, 42)
--> Day : 4
-> Request 0
6
(4, 2, 2)
2
(60, 44)
-> Request 1
116
(4, 1, 1)
2
(56, 36)
-> Request 2
323
(3, 2, 1)
3
(48, 42)
-> Request 3
463
(1, 2, 2)
2
(51, 41)
-> Request 4
475
(4, 3, 1)
2
(48, 43)
-> Request 5
678
(1, 3, 1)
3
(66, 73)
-> Request 6
731
(3, 2, 2)
2
(49, 38)
-> Request 7
811
(1, 1, 2)
3
(55, 66)
-> Request 8
847
(2, 1, 1)
2
(56, 67)
---> Week : 40
--> Day : 0
-> Request 0
97
(1, 2, 2)
2
(9, 24)
-> Request 1
144
(1, 3, 2)
3
(17, 20)
-> Request 2
311
(4, 2, 1)
3
(66, 68)
-> Request 3
358
(3, 1, 2)
2
(10, 28)
-> Request 4
419
(4, 1, 2)
1
(61, 76)
-> Request 5
759
(1, 3, 2)
2
(55, 30)
-> Request 6
937
(3, 2, 1)
3
(53, 28)
-> Request 7
1126
(4, 2, 2)
3
(17, 23)
-> Request 8
1171
(1, 3, 2)
2
(47, 27)
-> Request 9
1176
(1, 2, 2)
1
(52, 73)
-> Request 10
1300
(2, 2, 2)
2
(54, 33)
--> Day : 1
-> Request 0
137
(4, 3, 1)
2
(43, 41)
-> Request 1
264
(4, 1, 1)
3
(46, 38)
-> Request 2
387
(2, 3, 1)
3
(59, 45)
-> Request 3
501
(4, 3, 2)
3
(65, 74)
-> Request 4
595
(2, 3, 2)
1
(10, 24)
-> Request 5
679
(2, 2, 1)
3
(54, 66)
-> Request 6
815
(3, 1, 2)
3
(60, 36)
-> Request 7
916
(3, 2, 2)
3
(49, 31)
-> Request 8
1086
(3, 3, 1)
1
(43, 36)
-> Request 9
1092
(2, 1, 1)
3
(59, 43)
-> Request 10
1241
(4, 3, 1)
2
(52, 31)
-> Request 11
1334
(4, 2, 1)
3
(46, 40)
--> Day : 2
-> Request 0
76
(3, 2, 1)
1
(55, 68)
-> Request 1
419
(3, 3, 1)
3
(43, 45)
-> Request 2
812
(4, 3, 2)
1
(49, 32)
-> Request 3
842
(1, 3, 1)
3
(61, 74)
-> Request 4
995
(1, 1, 2)
1
(55, 66)
-> Request 5
1429
(3, 1, 1)
3
(53, 43)
--> Day : 3
-> Request 0
180
(2, 3, 2)
1
(53, 42)
-> Request 1
193
(2, 1, 1)
1
(16, 22)
-> Request 2
319
(1, 2, 1)
1
(57, 33)
-> Request 3
434
(2, 1, 1)
3
(58, 27)
-> Request 4
473
(2, 3, 1)
2
(58, 33)
-> Request 5
791
(2, 2, 2)
1
(54, 65)
-> Request 6
901
(4, 3, 1)
1
(55, 73)
-> Request 7
1294
(3, 2, 2)
2
(17, 29)
--> Day : 4
-> Request 0
11
(2, 2, 1)
2
(62, 27)
-> Request 1
80
(4, 1, 2)
1
(55, 65)
-> Request 2
231
(3, 1, 2)
1
(48, 27)
-> Request 3
277
(4, 2, 2)
2
(54, 67)
-> Request 4
340
(2, 3, 2)
3
(47, 30)
-> Request 5
787
(4, 3, 2)
1
(44, 29)
-> Request 6
923
(3, 2, 1)
3
(61, 30)
-> Request 7
1112
(2, 3, 2)
3
(57, 36)
-> Request 8
1150
(2, 2, 1)
3
(12, 20)
-> Request 9
1263
(2, 2, 1)
2
(54, 67)
---> Week : 41
--> Day : 0
-> Request 0
10
(3, 2, 1)
3
(60, 67)
-> Request 1
344
(2, 3, 2)
2
(53, 65)
-> Request 2
347
(2, 3, 1)
2
(62, 37)
-> Request 3
572
(1, 3, 1)
3
(54, 44)
-> Request 4
767
(4, 2, 2)
1
(11, 21)
-> Request 5
778
(3, 1, 1)
3
(61, 64)
-> Request 6
935
(2, 1, 1)
3
(49, 45)
-> Request 7
1215
(1, 2, 1)
1
(53, 40)
-> Request 8
1393
(3, 1, 1)
1
(55, 41)
--> Day : 1
-> Request 0
80
(2, 2, 2)
2
(43, 28)
-> Request 1
403
(3, 2, 2)
2
(46, 35)
-> Request 2
1081
(3, 2, 1)
2
(48, 32)
-> Request 3
1278
(4, 3, 2)
2
(60, 46)
-> Request 4
1282
(1, 2, 1)
1
(58, 75)
-> Request 5
1376
(4, 2, 2)
3
(43, 40)
--> Day : 2
-> Request 0
144
(2, 1, 2)
2
(48, 40)
-> Request 1
403
(1, 1, 2)
3
(58, 41)
-> Request 2
597
(3, 2, 2)
2
(11, 25)
-> Request 3
718
(4, 2, 1)
3
(43, 46)
-> Request 4
750
(4, 1, 2)
2
(14, 23)
-> Request 5
837
(4, 3, 1)
3
(62, 67)
-> Request 6
904
(3, 3, 1)
3
(61, 35)
-> Request 7
956
(1, 2, 1)
2
(10, 25)
-> Request 8
1140
(3, 2, 2)
1
(62, 72)
-> Request 9
1141
(3, 2, 2)
2
(62, 74)
-> Request 10
1244
(1, 2, 1)
3
(58, 38)
-> Request 11
1263
(4, 3, 1)
3
(44, 37)
-> Request 12
1285
(4, 3, 1)
1
(56, 38)
-> Request 13
1332
(3, 1, 2)
2
(11, 29)
--> Day : 3
-> Request 0
45
(3, 2, 1)
3
(61, 65)
-> Request 1
483
(1, 2, 2)
2
(17, 28)
-> Request 2
654
(3, 3, 2)
3
(17, 28)
-> Request 3
705
(4, 1, 1)
3
(60, 70)
-> Request 4
773
(3, 3, 2)
2
(50, 36)
-> Request 5
1097
(4, 1, 2)
1
(52, 41)
-> Request 6
1166
(1, 1, 1)
1
(58, 42)
--> Day : 4
-> Request 0
149
(2, 1, 1)
1
(61, 29)
-> Request 1
460
(4, 1, 2)
3
(64, 71)
---> Week : 42
--> Day : 0
-> Request 0
22
(1, 3, 2)
1
(58, 70)
-> Request 1
40
(4, 2, 2)
2
(58, 70)
-> Request 2
96
(2, 1, 1)
1
(55, 72)
-> Request 3
739
(4, 3, 1)
2
(62, 64)
-> Request 4
765
(2, 1, 2)
1
(61, 35)
-> Request 5
770
(1, 1, 1)
1
(53, 70)
-> Request 6
1063
(4, 3, 1)
3
(9, 23)
-> Request 7
1075
(3, 1, 1)
3
(46, 37)
-> Request 8
1282
(1, 3, 1)
2
(58, 71)
-> Request 9
1344
(1, 2, 1)
3
(62, 31)
-> Request 10
1414
(4, 1, 1)
1
(52, 65)
-> Request 11
1414
(1, 3, 2)
3
(55, 27)
--> Day : 1
-> Request 0
39
(2, 3, 1)
1
(48, 32)
-> Request 1
132
(3, 3, 1)
3
(56, 40)
-> Request 2
146
(4, 2, 2)
3
(57, 64)
-> Request 3
264
(2, 3, 2)
1
(62, 70)
-> Request 4
339
(3, 2, 1)
1
(59, 69)
-> Request 5
754
(1, 3, 2)
2
(52, 33)
-> Request 6
809
(1, 3, 2)
1
(61, 75)
-> Request 7
1337
(1, 2, 2)
2
(65, 65)
--> Day : 2
-> Request 0
86
(2, 2, 2)
3
(57, 30)
-> Request 1
239
(1, 2, 2)
2
(59, 39)
-> Request 2
452
(3, 3, 2)
1
(59, 41)
-> Request 3
470
(1, 2, 2)
3
(50, 42)
-> Request 4
481
(1, 3, 1)
3
(43, 29)
-> Request 5
746
(1, 3, 1)
1
(55, 29)
-> Request 6
837
(1, 3, 2)
1
(64, 70)
-> Request 7
1045
(2, 2, 2)
1
(46, 35)
-> Request 8
1155
(3, 1, 2)
1
(66, 70)
--> Day : 3
-> Request 0
228
(4, 1, 1)
1
(57, 46)
-> Request 1
417
(2, 3, 1)
2
(59, 45)
-> Request 2
1058
(3, 1, 2)
3
(65, 66)
-> Request 3
1074
(1, 2, 1)
2
(48, 37)
-> Request 4
1098
(1, 1, 1)
2
(43, 35)
-> Request 5
1150
(2, 2, 1)
1
(62, 30)
-> Request 6
1255
(4, 3, 2)
2
(44, 45)
-> Request 7
1276
(3, 2, 1)
2
(59, 34)
-> Request 8
1437
(1, 3, 1)
2
(57, 35)
--> Day : 4
-> Request 0
75
(4, 3, 1)
1
(59, 39)
-> Request 1
240
(3, 1, 1)
1
(52, 30)
-> Request 2
310
(4, 3, 1)
1
(13, 27)
-> Request 3
695
(2, 1, 1)
3
(55, 46)
-> Request 4
705
(4, 2, 1)
2
(60, 28)
-> Request 5
798
(4, 1, 1)
2
(48, 29)
-> Request 6
1302
(2, 3, 2)
1
(15, 22)
-> Request 7
1303
(1, 1, 2)
1
(62, 76)
-> Request 8
1306
(3, 1, 1)
2
(65, 67)
-> Request 9
1329
(3, 2, 2)
3
(13, 20)
-> Request 10
1358
(4, 2, 1)
3
(66, 78)
---> Week : 43
--> Day : 0
-> Request 0
437
(3, 1, 2)
1
(54, 45)
-> Request 1
583
(4, 1, 2)
2
(17, 29)
-> Request 2
1134
(3, 3, 2)
1
(65, 65)
-> Request 3
1176
(3, 3, 2)
1
(57, 39)
-> Request 4
1297
(3, 2, 2)
1
(60, 73)
-> Request 5
1366
(1, 2, 1)
3
(65, 69)
-> Request 6
1413
(1, 3, 2)
2
(49, 33)
--> Day : 1
-> Request 0
244
(2, 1, 2)
2
(61, 64)
-> Request 1
246
(4, 2, 2)
2
(12, 20)
-> Request 2
427
(1, 3, 2)
2
(46, 29)
-> Request 3
468
(1, 2, 1)
2
(52, 28)
-> Request 4
534
(4, 3, 2)
3
(52, 44)
-> Request 5
1168
(3, 3, 2)
2
(49, 41)
-> Request 6
1318
(3, 3, 2)
2
(56, 66)
-> Request 7
1374
(4, 2, 2)
1
(56, 41)
--> Day : 2
-> Request 0
122
(1, 2, 2)
2
(50, 30)
-> Request 1
494
(3, 1, 2)
2
(62, 64)
-> Request 2
907
(1, 3, 2)
2
(48, 29)
-> Request 3
908
(1, 1, 1)
2
(59, 35)
-> Request 4
1074
(1, 3, 2)
3
(50, 32)
-> Request 5
1152
(4, 3, 1)
1
(54, 73)
-> Request 6
1184
(1, 2, 1)
2
(65, 72)
-> Request 7
1226
(3, 1, 1)
2
(60, 46)
-> Request 8
1284
(3, 3, 2)
2
(51, 46)
-> Request 9
1309
(4, 3, 1)
3
(62, 72)
--> Day : 3
-> Request 0
23
(4, 1, 1)
3
(59, 31)
-> Request 1
195
(2, 1, 2)
2
(47, 45)
-> Request 2
201
(2, 1, 1)
2
(64, 74)
-> Request 3
353
(1, 3, 1)
2
(46, 28)
-> Request 4
419
(1, 3, 1)
2
(8, 25)
-> Request 5
895
(3, 2, 1)
3
(8, 26)
-> Request 6
909
(1, 1, 2)
2
(12, 24)
-> Request 7
926
(3, 3, 2)
2
(47, 31)
-> Request 8
1081
(2, 2, 1)
3
(16, 25)
-> Request 9
1189
(2, 1, 1)
3
(63, 65)
--> Day : 4
-> Request 0
102
(2, 1, 2)
3
(66, 65)
-> Request 1
136
(3, 2, 1)
1
(59, 43)
-> Request 2
240
(1, 2, 1)
3
(51, 28)
-> Request 3
246
(1, 1, 2)
3
(57, 36)
-> Request 4
247
(2, 3, 2)
2
(13, 25)
-> Request 5
476
(1, 2, 2)
1
(54, 34)
-> Request 6
488
(2, 1, 1)
1
(54, 46)
-> Request 7
594
(2, 1, 2)
1
(66, 73)
-> Request 8
698
(2, 3, 1)
2
(61, 41)
-> Request 9
907
(4, 2, 1)
1
(61, 74)
-> Request 10
1108
(3, 1, 1)
3
(59, 34)
-> Request 11
1154
(3, 1, 1)
2
(61, 36)
-> Request 12
1191
(3, 2, 2)
2
(49, 35)
-> Request 13
1203
(1, 3, 2)
1
(62, 45)
-> Request 14
1210
(4, 1, 2)
3
(60, 76)
-> Request 15
1262
(3, 2, 1)
2
(52, 67)
---> Week : 44
--> Day : 0
-> Request 0
21
(4, 1, 2)
3
(60, 74)
-> Request 1
173
(4, 3, 2)
1
(55, 42)
-> Request 2
177
(4, 3, 2)
1
(47, 33)
-> Request 3
260
(3, 2, 1)
1
(54, 77)
-> Request 4
544
(2, 2, 1)
2
(59, 69)
-> Request 5
1051
(3, 3, 1)
1
(59, 41)
-> Request 6
1097
(3, 3, 2)
2
(63, 68)
-> Request 7
1235
(2, 3, 1)
2
(59, 66)
-> Request 8
1386
(2, 1, 1)
1
(62, 78)
--> Day : 1
-> Request 0
22
(4, 1, 1)
1
(56, 31)
-> Request 1
204
(2, 2, 1)
1
(13, 25)
-> Request 2
392
(2, 1, 1)
2
(62, 46)
-> Request 3
472
(3, 1, 2)
2
(47, 39)
-> Request 4
918
(2, 1, 1)
2
(50, 31)
-> Request 5
1018
(4, 3, 1)
1
(47, 42)
--> Day : 2
-> Request 0
152
(4, 2, 2)
2
(52, 73)
-> Request 1
199
(2, 2, 2)
2
(50, 38)
-> Request 2
247
(1, 1, 2)
1
(60, 39)
-> Request 3
353
(2, 2, 2)
2
(45, 39)
-> Request 4
462
(1, 2, 2)
2
(60, 41)
-> Request 5
483
(4, 1, 2)
1
(56, 38)
-> Request 6
502
(1, 2, 2)
1
(50, 42)
-> Request 7
588
(2, 2, 2)
1
(59, 32)
-> Request 8
666
(3, 3, 2)
3
(16, 29)
-> Request 9
678
(2, 2, 1)
3
(57, 28)
-> Request 10
683
(1, 1, 1)
3
(12, 27)
-> Request 11
923
(4, 3, 1)
3
(56, 64)
-> Request 12
1006
(2, 2, 2)
2
(58, 75)
-> Request 13
1052
(2, 1, 2)
1
(56, 71)
-> Request 14
1158
(1, 2, 2)
2
(45, 36)
-> Request 15
1299
(2, 3, 2)
1
(16, 23)
-> Request 16
1302
(2, 3, 2)
2
(62, 64)
-> Request 17
1309
(1, 2, 1)
3
(57, 46)
-> Request 18
1424
(1, 3, 2)
2
(54, 65)
--> Day : 3
-> Request 0
212
(4, 3, 2)
2
(52, 37)
-> Request 1
305
(4, 3, 1)
2
(62, 27)
-> Request 2
371
(1, 1, 2)
1
(58, 28)
-> Request 3
667
(3, 3, 2)
2
(56, 75)
-> Request 4
688
(3, 3, 2)
3
(53, 64)
-> Request 5
766
(2, 1, 1)
3
(50, 34)
-> Request 6
794
(2, 2, 1)
1
(66, 65)
-> Request 7
859
(4, 1, 2)
1
(59, 42)
-> Request 8
1011
(3, 2, 1)
3
(53, 71)
-> Request 9
1292
(3, 2, 1)
2
(56, 77)
-> Request 10
1293
(1, 1, 1)
2
(62, 66)
-> Request 11
1354
(3, 3, 1)
1
(11, 25)
-> Request 12
1379
(4, 2, 1)
1
(53, 71)
-> Request 13
1393
(4, 3, 2)
1
(59, 30)
--> Day : 4
-> Request 0
125
(2, 2, 2)
1
(13, 23)
-> Request 1
246
(2, 3, 1)
3
(45, 27)
-> Request 2
442
(1, 3, 2)
2
(60, 43)
-> Request 3
571
(3, 1, 2)
3
(47, 31)
-> Request 4
1111
(4, 2, 1)
1
(57, 33)
---> Week : 45
--> Day : 0
-> Request 0
109
(1, 1, 2)
2
(64, 68)
-> Request 1
117
(2, 3, 2)
1
(16, 20)
-> Request 2
184
(2, 1, 1)
3
(58, 64)
-> Request 3
599
(1, 3, 2)
2
(51, 37)
-> Request 4
668
(2, 3, 2)
1
(65, 73)
-> Request 5
728
(2, 3, 2)
3
(46, 44)
-> Request 6
796
(4, 3, 2)
2
(52, 66)
-> Request 7
823
(1, 1, 2)
2
(59, 77)
-> Request 8
916
(1, 1, 2)
3
(59, 40)
-> Request 9
1018
(4, 3, 2)
2
(53, 37)
-> Request 10
1300
(3, 3, 2)
3
(60, 43)
--> Day : 1
-> Request 0
25
(4, 2, 2)
3
(13, 23)
-> Request 1
138
(3, 1, 2)
3
(52, 31)
-> Request 2
140
(1, 2, 1)
2
(57, 28)
-> Request 3
310
(4, 3, 2)
3
(49, 37)
-> Request 4
756
(4, 1, 2)
3
(53, 36)
-> Request 5
854
(4, 3, 1)
3
(8, 29)
-> Request 6
905
(4, 3, 1)
3
(48, 32)
-> Request 7
909
(1, 2, 1)
3
(55, 32)
-> Request 8
1122
(1, 1, 2)
1
(13, 28)
-> Request 9
1207
(4, 3, 1)
1
(46, 41)
-> Request 10
1211
(4, 2, 1)
1
(56, 74)
-> Request 11
1359
(4, 1, 2)
2
(15, 20)
--> Day : 2
-> Request 0
58
(3, 3, 1)
3
(9, 27)
-> Request 1
420
(1, 3, 1)
3
(47, 40)
-> Request 2
470
(3, 3, 2)
3
(54, 65)
-> Request 3
709
(4, 3, 1)
3
(48, 42)
-> Request 4
1128
(3, 3, 2)
1
(46, 40)
-> Request 5
1162
(1, 1, 2)
1
(63, 67)
-> Request 6
1303
(2, 2, 1)
3
(46, 34)
-> Request 7
1367
(4, 3, 2)
3
(60, 41)
--> Day : 3
-> Request 0
224
(1, 3, 1)
3
(56, 69)
-> Request 1
981
(2, 2, 2)
1
(56, 31)
-> Request 2
1141
(4, 2, 1)
3
(60, 69)
-> Request 3
1273
(2, 3, 2)
3
(43, 46)
--> Day : 4
-> Request 0
147
(1, 3, 2)
2
(53, 46)
-> Request 1
264
(3, 2, 2)
2
(49, 39)
-> Request 2
329
(2, 1, 1)
2
(64, 69)
-> Request 3
356
(4, 2, 1)
1
(52, 73)
-> Request 4
596
(3, 3, 1)
3
(47, 29)
-> Request 5
756
(4, 1, 1)
2
(46, 33)
-> Request 6
854
(4, 3, 2)
1
(54, 69)
-> Request 7
861
(1, 3, 2)
3
(43, 44)
-> Request 8
982
(4, 3, 1)
2
(13, 27)
---> Week : 46
--> Day : 0
-> Request 0
13
(4, 3, 2)
3
(50, 43)
-> Request 1
125
(1, 3, 1)
2
(9, 21)
-> Request 2
132
(4, 1, 2)
1
(17, 23)
-> Request 3
278
(1, 1, 1)
1
(61, 76)
-> Request 4
284
(2, 2, 1)
3
(65, 69)
-> Request 5
555
(3, 2, 2)
1
(60, 67)
-> Request 6
944
(3, 3, 1)
3
(66, 67)
-> Request 7
1027
(2, 3, 1)
3
(60, 43)
--> Day : 1
-> Request 0
339
(4, 2, 2)
1
(66, 70)
-> Request 1
569
(4, 3, 2)
1
(60, 77)
-> Request 2
625
(2, 3, 1)
2
(52, 74)
-> Request 3
1040
(4, 2, 1)
3
(62, 40)
-> Request 4
1052
(2, 2, 1)
3
(45, 44)
-> Request 5
1239
(3, 2, 2)
2
(54, 71)
-> Request 6
1354
(2, 1, 2)
1
(45, 45)
-> Request 7
1370
(1, 2, 1)
3
(62, 34)
-> Request 8
1376
(3, 3, 2)
2
(8, 29)
-> Request 9
1406
(2, 1, 1)
2
(53, 42)
--> Day : 2
-> Request 0
501
(2, 1, 2)
1
(51, 31)
-> Request 1
534
(4, 1, 1)
3
(65, 66)
-> Request 2
534
(2, 2, 1)
2
(43, 38)
-> Request 3
775
(4, 3, 2)
1
(56, 73)
-> Request 4
978
(1, 2, 1)
1
(54, 67)
-> Request 5
1097
(3, 2, 2)
2
(57, 29)
-> Request 6
1162
(1, 1, 1)
2
(55, 76)
-> Request 7
1177
(2, 2, 2)
3
(17, 22)
--> Day : 3
-> Request 0
52
(2, 1, 2)
1
(52, 76)
-> Request 1
125
(4, 1, 1)
3
(59, 76)
-> Request 2
224
(1, 2, 2)
2
(53, 27)
-> Request 3
596
(2, 1, 1)
2
(60, 74)
-> Request 4
688
(3, 2, 1)
3
(60, 73)
-> Request 5
817
(3, 2, 1)
2
(55, 72)
-> Request 6
963
(4, 2, 2)
1
(52, 65)
-> Request 7
981
(4, 2, 2)
1
(49, 30)
-> Request 8
1207
(3, 1, 1)
3
(62, 27)
--> Day : 4
-> Request 0
381
(4, 3, 2)
1
(48, 43)
-> Request 1
477
(3, 1, 1)
3
(13, 21)
-> Request 2
573
(4, 3, 1)
3
(66, 68)
-> Request 3
606
(1, 2, 1)
3
(61, 27)
-> Request 4
981
(4, 2, 1)
1
(61, 77)
-> Request 5
1066
(1, 2, 1)
2
(64, 72)
---> Week : 47
--> Day : 0
-> Request 0
8
(4, 1, 2)
2
(64, 76)
-> Request 1
184
(1, 2, 1)
1
(60, 27)
-> Request 2
347
(4, 1, 2)
1
(12, 24)
-> Request 3
628
(1, 2, 1)
1
(52, 37)
-> Request 4
727
(1, 1, 1)
1
(66, 64)
-> Request 5
1350
(1, 3, 1)
3
(55, 30)
-> Request 6
1364
(3, 2, 2)
3
(44, 44)
-> Request 7
1418
(3, 3, 2)
1
(63, 74)
--> Day : 1
-> Request 0
46
(3, 2, 2)
1
(63, 67)
-> Request 1
671
(1, 2, 2)
1
(55, 71)
-> Request 2
760
(4, 2, 2)
1
(49, 34)
-> Request 3
981
(2, 2, 2)
1
(53, 67)
-> Request 4
1088
(2, 3, 2)
3
(57, 67)
-> Request 5
1155
(4, 3, 2)
1
(65, 68)
-> Request 6
1161
(4, 3, 1)
2
(44, 32)
-> Request 7
1198
(1, 3, 2)
1
(63, 65)
-> Request 8
1227
(3, 2, 1)
3
(56, 77)
-> Request 9
1297
(4, 2, 1)
2
(47, 39)
-> Request 10
1315
(3, 3, 1)
2
(55, 27)
-> Request 11
1318
(1, 1, 2)
1
(62, 73)
-> Request 12
1402
(2, 3, 2)
2
(61, 34)
--> Day : 2
-> Request 0
72
(2, 3, 1)
1
(58, 70)
-> Request 1
442
(1, 3, 1)
1
(63, 75)
-> Request 2
669
(1, 2, 2)
1
(54, 77)
-> Request 3
919
(3, 2, 1)
2
(50, 33)
-> Request 4
1277
(2, 2, 1)
1
(62, 31)
-> Request 5
1326
(2, 2, 2)
3
(60, 42)
--> Day : 3
-> Request 0
43
(2, 2, 2)
2
(56, 30)
-> Request 1
660
(3, 3, 1)
2
(11, 25)
-> Request 2
784
(1, 2, 2)
1
(53, 68)
-> Request 3
798
(4, 3, 2)
2
(49, 29)
-> Request 4
845
(4, 3, 1)
1
(54, 78)
-> Request 5
1075
(1, 2, 2)
1
(61, 66)
--> Day : 4
-> Request 0
384
(4, 1, 2)
2
(52, 65)
-> Request 1
418
(1, 3, 2)
3
(44, 39)
-> Request 2
957
(4, 2, 2)
1
(57, 43)
-> Request 3
1109
(1, 1, 1)
2
(57, 40)
---> Week : 48
--> Day : 0
-> Request 0
204
(2, 3, 2)
3
(53, 74)
-> Request 1
672
(4, 1, 2)
3
(55, 30)
-> Request 2
1004
(4, 1, 1)
1
(49, 38)
-> Request 3
1004
(4, 2, 2)
2
(57, 38)
-> Request 4
1135
(3, 3, 1)
3
(46, 45)
-> Request 5
1339
(2, 3, 2)
1
(50, 32)
-> Request 6
1417
(3, 2, 2)
1
(8, 21)
-> Request 7
1430
(2, 1, 1)
1
(55, 71)
--> Day : 1
-> Request 0
24
(1, 3, 2)
3
(51, 36)
-> Request 1
180
(1, 1, 1)
2
(57, 46)
-> Request 2
633
(3, 2, 1)
1
(62, 44)
-> Request 3
634
(4, 3, 1)
1
(66, 64)
-> Request 4
754
(2, 3, 1)
3
(58, 35)
-> Request 5
791
(1, 3, 2)
1
(48, 32)
-> Request 6
930
(3, 2, 2)
3
(13, 25)
-> Request 7
986
(3, 3, 1)
3
(62, 46)
-> Request 8
1042
(3, 1, 1)
1
(55, 65)
-> Request 9
1088
(2, 2, 2)
1
(10, 25)
-> Request 10
1174
(1, 2, 1)
3
(58, 37)
-> Request 11
1422
(3, 2, 2)
2
(43, 41)
--> Day : 2
-> Request 0
13
(4, 1, 2)
2
(61, 43)
-> Request 1
209
(2, 1, 1)
1
(43, 36)
-> Request 2
214
(2, 3, 1)
3
(46, 43)
-> Request 3
234
(1, 3, 1)
2
(61, 28)
-> Request 4
336
(4, 2, 1)
2
(54, 40)
-> Request 5
481
(2, 2, 1)
1
(59, 36)
-> Request 6
528
(4, 1, 2)
2
(16, 24)
-> Request 7
672
(1, 3, 2)
1
(53, 37)
-> Request 8
969
(2, 2, 1)
1
(14, 20)
-> Request 9
1076
(2, 2, 1)
3
(56, 40)
-> Request 10
1155
(1, 2, 1)
2
(49, 29)
-> Request 11
1239
(2, 1, 2)
3
(60, 66)
--> Day : 3
-> Request 0
591
(3, 2, 1)
1
(43, 46)
-> Request 1
969
(2, 2, 1)
3
(55, 46)
-> Request 2
1121
(3, 3, 2)
2
(50, 38)
-> Request 3
1309
(2, 3, 1)
3
(17, 20)
-> Request 4
1361
(2, 1, 2)
1
(52, 27)
--> Day : 4
-> Request 0
100
(3, 3, 1)
3
(44, 33)
-> Request 1
494
(3, 3, 1)
1
(63, 67)
-> Request 2
527
(3, 3, 2)
3
(43, 27)
-> Request 3
629
(1, 3, 1)
3
(61, 70)
-> Request 4
901
(3, 3, 2)
3
(48, 30)
-> Request 5
1036
(3, 2, 2)
1
(61, 76)
-> Request 6
1171
(4, 3, 1)
1
(52, 46)
-> Request 7
1199
(4, 2, 1)
1
(61, 38)
-> Request 8
1358
(3, 3, 1)
1
(52, 41)
---> Week : 49
--> Day : 0
-> Request 0
154
(1, 1, 2)
1
(44, 37)
-> Request 1
177
(1, 2, 2)
1
(15, 28)
-> Request 2
456
(2, 3, 2)
2
(62, 36)
-> Request 3
544
(3, 1, 1)
1
(46, 41)
-> Request 4
628
(4, 3, 1)
2
(54, 36)
-> Request 5
895
(4, 2, 2)
1
(14, 27)
-> Request 6
900
(3, 3, 2)
1
(64, 67)
-> Request 7
1140
(4, 1, 1)
3
(62, 64)
--> Day : 1
-> Request 0
482
(2, 1, 1)
2
(10, 25)
-> Request 1
797
(4, 3, 2)
2
(55, 31)
-> Request 2
801
(1, 1, 1)
3
(17, 21)
-> Request 3
1045
(4, 2, 1)
3
(61, 44)
-> Request 4
1094
(1, 2, 2)
2
(9, 28)
--> Day : 2
-> Request 0
5
(1, 2, 1)
1
(57, 38)
-> Request 1
137
(2, 1, 2)
2
(61, 69)
-> Request 2
307
(4, 2, 2)
2
(52, 45)
-> Request 3
457
(3, 3, 2)
2
(62, 46)
-> Request 4
518
(2, 3, 1)
2
(63, 74)
-> Request 5
559
(4, 2, 2)
3
(11, 25)
-> Request 6
632
(4, 1, 1)
2
(57, 74)
-> Request 7
808
(4, 2, 1)
3
(54, 43)
-> Request 8
924
(1, 1, 1)
3
(45, 44)
-> Request 9
996
(2, 3, 1)
2
(56, 77)
-> Request 10
1317
(1, 3, 1)
3
(55, 46)
-> Request 11
1341
(4, 3, 2)
1
(60, 45)
--> Day : 3
-> Request 0
159
(3, 3, 1)
2
(57, 68)
-> Request 1
298
(1, 1, 1)
3
(56, 66)
-> Request 2
340
(1, 3, 1)
1
(54, 70)
-> Request 3
543
(3, 2, 2)
3
(55, 65)
-> Request 4
603
(4, 2, 1)
2
(62, 44)
-> Request 5
638
(2, 1, 1)
2
(48, 28)
-> Request 6
760
(1, 2, 2)
3
(52, 34)
-> Request 7
780
(3, 1, 1)
2
(16, 23)
-> Request 8
834
(2, 1, 1)
1
(46, 38)
-> Request 9
863
(2, 1, 2)
3
(47, 35)
-> Request 10
1050
(3, 2, 2)
2
(55, 43)
-> Request 11
1114
(3, 1, 2)
2
(14, 21)
-> Request 12
1222
(3, 1, 2)
3
(54, 39)
-> Request 13
1274
(1, 3, 2)
2
(46, 40)
-> Request 14
1301
(3, 2, 1)
1
(58, 77)
-> Request 15
1328
(3, 3, 1)
2
(61, 66)
--> Day : 4
-> Request 0
60
(4, 2, 2)
3
(10, 22)
-> Request 1
375
(1, 2, 2)
2
(60, 65)
-> Request 2
376
(3, 3, 2)
3
(53, 73)
-> Request 3
466
(4, 3, 1)
1
(66, 73)
-> Request 4
526
(3, 2, 1)
3
(53, 76)
-> Request 5
770
(4, 3, 2)
2
(14, 23)
-> Request 6
808
(2, 2, 1)
1
(12, 26)
-> Request 7
1028
(1, 2, 2)
3
(60, 77)
-> Request 8
1346
(4, 3, 2)
3
(13, 21)
-> Request 9
1356
(2, 3, 2)
3
(57, 66)
---> Week : 50
--> Day : 0
-> Request 0
319
(1, 1, 1)
2
(60, 45)
-> Request 1
494
(2, 1, 2)
3
(49, 38)
-> Request 2
529
(2, 1, 1)
1
(52, 46)
-> Request 3
997
(2, 3, 1)
1
(44, 42)
-> Request 4
1138
(2, 2, 2)
1
(49, 42)
-> Request 5
1397
(3, 1, 2)
2
(47, 42)
--> Day : 1
-> Request 0
49
(4, 1, 1)
1
(9, 25)
-> Request 1
212
(2, 1, 1)
3
(54, 43)
-> Request 2
330
(2, 2, 2)
3
(57, 69)
-> Request 3
360
(4, 2, 1)
3
(45, 36)
-> Request 4
529
(2, 3, 1)
2
(53, 64)
-> Request 5
854
(3, 1, 1)
1
(16, 25)
-> Request 6
989
(2, 2, 1)
2
(50, 43)
-> Request 7
1174
(2, 1, 1)
3
(51, 44)
-> Request 8
1240
(3, 2, 1)
3
(55, 68)
-> Request 9
1326
(1, 3, 1)
3
(54, 38)
-> Request 10
1330
(1, 3, 1)
1
(59, 71)
--> Day : 2
-> Request 0
25
(1, 2, 2)
1
(62, 65)
-> Request 1
59
(4, 3, 1)
1
(58, 66)
-> Request 2
530
(3, 2, 1)
2
(47, 46)
-> Request 3
619
(1, 3, 1)
1
(58, 38)
-> Request 4
665
(1, 2, 1)
2
(50, 46)
-> Request 5
950
(2, 2, 2)
3
(60, 37)
-> Request 6
961
(3, 2, 2)
2
(50, 31)
-> Request 7
1188
(2, 3, 1)
1
(59, 69)
-> Request 8
1221
(1, 3, 1)
2
(60, 38)
-> Request 9
1352
(2, 1, 2)
1
(61, 33)
-> Request 10
1439
(2, 3, 2)
1
(56, 72)
--> Day : 3
-> Request 0
42
(2, 1, 1)
1
(43, 35)
-> Request 1
193
(2, 2, 1)
3
(8, 29)
-> Request 2
452
(4, 1, 1)
1
(48, 39)
-> Request 3
475
(4, 3, 2)
1
(49, 34)
-> Request 4
543
(1, 1, 1)
3
(57, 71)
-> Request 5
626
(2, 3, 2)
1
(57, 73)
-> Request 6
873
(2, 1, 1)
2
(54, 77)
-> Request 7
917
(4, 3, 2)
2
(58, 74)
-> Request 8
942
(1, 2, 1)
3
(57, 38)
-> Request 9
983
(1, 1, 2)
2
(48, 46)
-> Request 10
1155
(1, 1, 1)
2
(53, 65)
-> Request 11
1277
(4, 3, 1)
2
(58, 36)
-> Request 12
1341
(4, 3, 2)
1
(55, 37)
--> Day : 4
-> Request 0
59
(3, 1, 2)
3
(50, 39)
-> Request 1
84
(2, 1, 2)
3
(57, 34)
-> Request 2
559
(1, 3, 1)
2
(57, 70)
-> Request 3
714
(4, 2, 2)
1
(51, 39)
-> Request 4
939
(2, 1, 1)
3
(46, 38)
-> Request 5
984
(1, 2, 2)
2
(15, 20)
-> Request 6
1033
(3, 2, 1)
3
(14, 28)
-> Request 7
1066
(3, 3, 2)
2
(58, 71)
-> Request 8
1083
(2, 1, 1)
1
(58, 28)
-> Request 9
1150
(1, 2, 1)
2
(66, 73)
-> Request 10
1162
(1, 1, 1)
1
(56, 45)
-> Request 11
1190
(4, 3, 2)
2
(61, 72)
---> Week : 51
--> Day : 0
-> Request 0
169
(2, 2, 2)
2
(8, 20)
-> Request 1
297
(4, 2, 2)
3
(15, 26)
-> Request 2
547
(4, 3, 2)
3
(56, 72)
-> Request 3
593
(4, 2, 2)
3
(55, 78)
-> Request 4
812
(1, 3, 1)
1
(62, 38)
-> Request 5
823
(3, 2, 1)
2
(53, 34)
-> Request 6
976
(1, 2, 1)
2
(61, 76)
-> Request 7
1046
(1, 1, 1)
1
(46, 41)
-> Request 8
1101
(4, 2, 1)
2
(47, 46)
-> Request 9
1323
(1, 1, 1)
3
(54, 43)
--> Day : 1
-> Request 0
74
(4, 3, 1)
1
(44, 40)
-> Request 1
104
(2, 1, 1)
2
(57, 41)
-> Request 2
155
(4, 2, 2)
1
(8, 24)
-> Request 3
223
(3, 3, 1)
1
(61, 70)
-> Request 4
227
(3, 2, 1)
3
(49, 35)
-> Request 5
260
(2, 1, 1)
1
(11, 25)
-> Request 6
479
(2, 2, 2)
2
(61, 73)
-> Request 7
622
(1, 3, 1)
2
(58, 68)
-> Request 8
848
(1, 3, 2)
3
(55, 28)
-> Request 9
947
(1, 3, 1)
1
(51, 44)
-> Request 10
977
(2, 2, 1)
1
(62, 43)
-> Request 11
1171
(1, 2, 2)
3
(53, 75)
-> Request 12
1242
(3, 1, 2)
2
(52, 38)
-> Request 13
1275
(2, 3, 1)
3
(56, 72)
--> Day : 2
-> Request 0
48
(2, 1, 1)
2
(54, 77)
-> Request 1
154
(2, 3, 1)
2
(49, 35)
-> Request 2
227
(3, 1, 1)
2
(53, 71)
-> Request 3
382
(2, 3, 1)
3
(43, 45)
-> Request 4
393
(3, 1, 2)
1
(58, 65)
-> Request 5
464
(1, 3, 2)
3
(53, 76)
-> Request 6
581
(4, 2, 2)
2
(43, 42)
-> Request 7
665
(4, 3, 1)
3
(56, 45)
-> Request 8
678
(2, 2, 2)
3
(44, 46)
-> Request 9
892
(3, 3, 2)
1
(62, 69)
-> Request 10
1078
(2, 1, 1)
2
(46, 38)
-> Request 11
1282
(1, 1, 2)
2
(53, 41)
--> Day : 3
-> Request 0
40
(3, 3, 1)
2
(50, 46)
-> Request 1
337
(2, 2, 1)
3
(54, 75)
-> Request 2
556
(2, 2, 1)
2
(11, 23)
-> Request 3
667
(4, 1, 1)
2
(55, 30)
-> Request 4
884
(4, 2, 1)
1
(45, 35)
-> Request 5
1186
(1, 1, 1)
3
(66, 72)
--> Day : 4
-> Request 0
18
(3, 3, 1)
2
(10, 29)
-> Request 1
42
(4, 2, 2)
3
(59, 70)
-> Request 2
95
(4, 3, 2)
1
(50, 38)
-> Request 3
198
(1, 2, 1)
2
(14, 24)
-> Request 4
379
(4, 3, 1)
2
(57, 29)
-> Request 5
928
(4, 2, 2)
3
(49, 45)
-> Request 6
1092
(1, 3, 1)
2
(53, 74)
-> Request 7
1094
(4, 3, 2)
3
(59, 44)
-> Request 8
1178
(1, 1, 2)
1
(54, 77)
---> Week : 52
--> Day : 0
-> Request 0
173
(2, 1, 1)
3
(57, 64)
-> Request 1
231
(1, 1, 2)
2
(49, 30)
-> Request 2
553
(2, 3, 2)
1
(51, 29)
-> Request 3
682
(3, 2, 2)
3
(8, 20)
-> Request 4
903
(4, 3, 2)
2
(45, 43)
-> Request 5
1063
(1, 3, 1)
3
(13, 24)
-> Request 6
1072
(1, 3, 2)
1
(53, 77)
-> Request 7
1212
(1, 3, 1)
3
(11, 22)
-> Request 8
1303
(4, 1, 1)
3
(56, 46)
-> Request 9
1362
(4, 1, 2)
1
(61, 74)
-> Request 10
1370
(2, 3, 2)
1
(51, 42)
-> Request 11
1385
(3, 1, 2)
2
(43, 36)
--> Day : 1
-> Request 0
48
(4, 1, 1)
1
(55, 72)
-> Request 1
264
(2, 1, 2)
2
(58, 41)
-> Request 2
365
(4, 3, 2)
3
(65, 74)
-> Request 3
801
(4, 2, 2)
1
(44, 27)
-> Request 4
919
(4, 2, 1)
1
(12, 25)
-> Request 5
989
(3, 3, 2)
1
(61, 46)
-> Request 6
1233
(4, 2, 2)
1
(63, 72)
-> Request 7
1330
(4, 2, 1)
1
(58, 76)
-> Request 8
1420
(4, 1, 2)
1
(60, 30)
--> Day : 2
-> Request 0
80
(3, 1, 1)
2
(60, 72)
-> Request 1
199
(4, 3, 1)
3
(56, 34)
-> Request 2
621
(2, 3, 1)
2
(47, 42)
-> Request 3
730
(4, 1, 2)
2
(12, 23)
-> Request 4
776
(2, 1, 1)
2
(62, 64)
-> Request 5
862
(4, 2, 2)
2
(11, 21)
-> Request 6
1019
(1, 1, 2)
3
(57, 39)
-> Request 7
1169
(4, 3, 1)
2
(52, 36)
-> Request 8
1343
(4, 3, 1)
2
(48, 43)
--> Day : 3
-> Request 0
415
(2, 3, 2)
1
(53, 27)
-> Request 1
480
(4, 2, 1)
2
(46, 42)
-> Request 2
480
(2, 3, 1)
1
(48, 42)
-> Request 3
532
(3, 1, 2)
1
(53, 67)
-> Request 4
624
(2, 3, 2)
1
(49, 45)
-> Request 5
643
(2, 3, 1)
1
(47, 27)
-> Request 6
865
(2, 3, 1)
1
(56, 42)
-> Request 7
1013
(4, 2, 2)
2
(61, 76)
-> Request 8
1207
(4, 2, 2)
2
(45, 39)
--> Day : 4
-> Request 0
226
(1, 1, 2)
1
(55, 27)
-> Request 1
332
(1, 3, 2)
1
(49, 42)
-> Request 2
413
(2, 2, 1)
2
(53, 64)
-> Request 3
437
(2, 3, 2)
1
(62, 68)
-> Request 4
521
(4, 1, 1)
2
(53, 72)
-> Request 5
547
(2, 2, 1)
2
(11, 21)
-> Request 6
661
(1, 2, 1)
1
(64, 75)
-> Request 7
768
(2, 2, 1)
2
(44, 39)
-> Request 8
824
(2, 2, 1)
1
(52, 65)
-> Request 9
912
(4, 3, 1)
2
(46, 33)
-> Request 10
959
(3, 2, 1)
1
(57, 71)
-> Request 11
1368
(4, 1, 1)
3
(54, 37)
-> Request 12
1433
(1, 2, 1)
3
(58, 66)
---> Week : 53
--> Day : 0
-> Request 0
9
(3, 2, 1)
1
(53, 38)
-> Request 1
92
(1, 2, 1)
1
(11, 24)
-> Request 2
233
(4, 2, 1)
2
(52, 39)
-> Request 3
289
(1, 2, 1)
2
(46, 41)
-> Request 4
432
(2, 3, 2)
2
(57, 67)
-> Request 5
453
(2, 1, 1)
3
(59, 34)
-> Request 6
558
(1, 2, 2)
2
(15, 24)
-> Request 7
761
(1, 3, 2)
3
(58, 36)
-> Request 8
845
(3, 1, 1)
1
(57, 39)
-> Request 9
898
(3, 3, 2)
3
(51, 42)
-> Request 10
963
(2, 3, 2)
1
(56, 45)
-> Request 11
1126
(1, 2, 1)
1
(62, 30)
-> Request 12
1131
(4, 1, 1)
1
(61, 36)
-> Request 13
1136
(1, 3, 1)
1
(61, 28)
-> Request 14
1249
(3, 1, 1)
2
(13, 26)
-> Request 15
1358
(4, 3, 1)
3
(11, 28)
-> Request 16
1418
(2, 2, 1)
3
(52, 41)
--> Day : 1
-> Request 0
59
(1, 1, 1)
3
(55, 46)
-> Request 1
175
(3, 1, 2)
1
(46, 30)
-> Request 2
200
(2, 2, 2)
1
(10, 22)
-> Request 3
261
(4, 3, 1)
2
(53, 33)
-> Request 4
304
(2, 3, 1)
1
(60, 72)
-> Request 5
310
(4, 1, 2)
2
(9, 25)
-> Request 6
320
(1, 2, 1)
1
(49, 45)
-> Request 7
346
(3, 3, 1)
2
(56, 75)
-> Request 8
381
(4, 3, 1)
2
(54, 75)
-> Request 9
544
(2, 1, 2)
3
(62, 46)
-> Request 10
565
(4, 3, 1)
2
(65, 78)
-> Request 11
1005
(2, 3, 2)
2
(54, 42)
-> Request 12
1179
(1, 1, 1)
1
(54, 77)
-> Request 13
1435
(1, 2, 1)
3
(13, 21)
--> Day : 2
-> Request 0
64
(4, 2, 1)
3
(62, 76)
-> Request 1
64
(4, 3, 2)
1
(13, 23)
-> Request 2
121
(2, 1, 1)
3
(17, 24)
-> Request 3
229
(2, 1, 2)
3
(44, 28)
-> Request 4
233
(2, 1, 1)
3
(55, 42)
-> Request 5
297
(1, 2, 1)
1
(60, 35)
-> Request 6
405
(1, 1, 2)
3
(57, 72)
-> Request 7
581
(1, 3, 1)
2
(13, 25)
-> Request 8
740
(1, 2, 2)
2
(50, 46)
-> Request 9
793
(3, 3, 1)
1
(63, 70)
-> Request 10
818
(2, 1, 2)
2
(9, 23)
--> Day : 3
-> Request 0
94
(4, 1, 1)
3
(47, 41)
-> Request 1
278
(1, 2, 2)
1
(53, 78)
-> Request 2
333
(1, 2, 1)
1
(66, 75)
-> Request 3
419
(4, 1, 1)
2
(49, 34)
-> Request 4
582
(4, 2, 2)
2
(62, 67)
-> Request 5
602
(2, 2, 1)
3
(59, 72)
-> Request 6
609
(1, 1, 2)
1
(65, 70)
-> Request 7
961
(1, 2, 2)
1
(56, 30)
-> Request 8
1204
(4, 3, 1)
3
(49, 32)
-> Request 9
1266
(4, 2, 1)
1
(62, 66)
-> Request 10
1367
(2, 1, 2)
3
(61, 31)
--> Day : 4
-> Request 0
110
(1, 2, 2)
3
(55, 67)
-> Request 1
507
(3, 2, 2)
2
(49, 41)
-> Request 2
730
(3, 1, 1)
3
(48, 33)
-> Request 3
765
(2, 2, 1)
3
(11, 23)
-> Request 4
953
(2, 3, 2)
2
(16, 27)
---> Week : 54
--> Day : 0
-> Request 0
40
(3, 3, 2)
3
(8, 22)
-> Request 1
76
(2, 3, 1)
3
(54, 42)
-> Request 2
85
(3, 3, 2)
2
(52, 72)
-> Request 3
154
(4, 2, 1)
1
(54, 77)
-> Request 4
414
(2, 1, 2)
3
(53, 73)
-> Request 5
547
(2, 3, 2)
1
(56, 30)
-> Request 6
548
(2, 2, 2)
3
(58, 31)
-> Request 7
914
(3, 1, 2)
3
(9, 28)
-> Request 8
917
(4, 2, 2)
3
(62, 76)
-> Request 9
968
(3, 2, 2)
1
(62, 33)
-> Request 10
990
(2, 1, 2)
3
(12, 20)
-> Request 11
999
(3, 3, 2)
1
(44, 42)
-> Request 12
1252
(1, 3, 2)
1
(56, 29)
-> Request 13
1297
(3, 2, 1)
2
(65, 70)
-> Request 14
1389
(2, 2, 1)
3
(17, 21)
--> Day : 1
-> Request 0
70
(2, 2, 1)
3
(53, 78)
-> Request 1
91
(4, 2, 2)
3
(52, 33)
-> Request 2
751
(2, 3, 2)
2
(58, 74)
-> Request 3
866
(4, 2, 2)
1
(53, 64)
-> Request 4
883
(3, 2, 2)
1
(51, 39)
-> Request 5
1302
(2, 3, 2)
1
(53, 44)
-> Request 6
1408
(3, 2, 2)
1
(65, 64)
--> Day : 2
-> Request 0
208
(4, 1, 1)
2
(65, 67)
-> Request 1
360
(2, 2, 1)
1
(50, 27)
-> Request 2
456
(3, 1, 2)
3
(16, 23)
-> Request 3
550
(3, 3, 1)
1
(57, 71)
-> Request 4
1321
(1, 1, 1)
3
(50, 30)
--> Day : 3
-> Request 0
57
(1, 1, 2)
2
(52, 42)
-> Request 1
120
(2, 1, 2)
2
(54, 32)
-> Request 2
265
(1, 2, 2)
2
(46, 44)
-> Request 3
598
(3, 2, 2)
2
(43, 38)
-> Request 4
609
(1, 1, 1)
2
(44, 34)
-> Request 5
656
(1, 3, 1)
1
(61, 73)
-> Request 6
706
(4, 2, 2)
3
(58, 45)
-> Request 7
1147
(3, 2, 1)
3
(61, 77)
-> Request 8
1156
(3, 1, 2)
3
(55, 41)
-> Request 9
1195
(3, 2, 1)
2
(58, 78)
-> Request 10
1259
(1, 3, 1)
2
(51, 34)
--> Day : 4
-> Request 0
64
(4, 2, 2)
3
(44, 44)
-> Request 1
269
(2, 1, 1)
1
(66, 76)
-> Request 2
289
(3, 1, 2)
3
(53, 35)
-> Request 3
407
(4, 3, 2)
2
(62, 34)
-> Request 4
459
(3, 3, 1)
1
(58, 38)
-> Request 5
465
(3, 2, 2)
2
(52, 35)
-> Request 6
554
(3, 3, 1)
2
(54, 70)
-> Request 7
632
(3, 3, 2)
2
(9, 23)
-> Request 8
653
(2, 3, 1)
3
(54, 65)
-> Request 9
748
(1, 1, 2)
2
(60, 31)
-> Request 10
945
(4, 3, 1)
3
(66, 71)
-> Request 11
977
(2, 3, 1)
2
(52, 78)
-> Request 12
979
(2, 1, 2)
2
(55, 38)
-> Request 13
1029
(2, 2, 1)
1
(64, 65)
-> Request 14
1157
(4, 1, 1)
2
(61, 32)
-> Request 15
1200
(1, 2, 2)
1
(57, 36)
-> Request 16
1251
(1, 1, 2)
3
(66, 67)
-> Request 17
1409
(3, 2, 1)
3
(16, 26)
---> Week : 55
--> Day : 0
-> Request 0
194
(3, 3, 1)
2
(55, 27)
-> Request 1
383
(2, 2, 2)
3
(44, 44)
-> Request 2
391
(2, 3, 2)
1
(14, 20)
-> Request 3
585
(4, 1, 2)
2
(61, 66)
-> Request 4
795
(4, 1, 2)
3
(60, 42)
-> Request 5
1150
(3, 1, 2)
2
(55, 44)
-> Request 6
1364
(2, 3, 2)
3
(53, 74)
--> Day : 1
-> Request 0
118
(1, 2, 1)
2
(11, 26)
-> Request 1
394
(3, 1, 1)
1
(60, 65)
-> Request 2
459
(4, 1, 2)
3
(51, 27)
-> Request 3
471
(3, 3, 1)
1
(51, 30)
-> Request 4
484
(3, 2, 1)
3
(60, 37)
-> Request 5
523
(1, 1, 2)
1
(54, 35)
-> Request 6
544
(2, 3, 1)
3
(66, 69)
-> Request 7
704
(1, 1, 1)
2
(52, 42)
-> Request 8
788
(4, 1, 2)
2
(58, 33)
-> Request 9
887
(2, 2, 2)
1
(50, 33)
-> Request 10
939
(1, 1, 1)
1
(9, 21)
-> Request 11
940
(1, 1, 1)
1
(54, 66)
-> Request 12
1033
(4, 2, 1)
1
(15, 21)
-> Request 13
1191
(4, 1, 1)
1
(59, 38)
-> Request 14
1289
(4, 1, 2)
2
(62, 78)
-> Request 15
1300
(1, 3, 1)
3
(45, 34)
-> Request 16
1423
(4, 1, 1)
3
(8, 27)
--> Day : 2
-> Request 0
59
(4, 3, 2)
3
(55, 29)
-> Request 1
136
(4, 2, 1)
2
(52, 73)
-> Request 2
180
(4, 3, 1)
2
(10, 29)
-> Request 3
303
(4, 1, 1)
1
(44, 27)
-> Request 4
505
(1, 2, 2)
2
(11, 22)
-> Request 5
513
(4, 1, 1)
2
(45, 33)
-> Request 6
573
(2, 2, 2)
1
(56, 68)
-> Request 7
693
(2, 3, 1)
3
(65, 68)
-> Request 8
947
(2, 3, 2)
1
(52, 40)
-> Request 9
1094
(2, 3, 2)
3
(43, 29)
-> Request 10
1209
(4, 2, 1)
3
(52, 77)
-> Request 11
1219
(3, 1, 1)
3
(52, 69)
-> Request 12
1348
(1, 3, 1)
2
(64, 71)
--> Day : 3
-> Request 0
86
(1, 3, 2)
1
(60, 68)
-> Request 1
137
(3, 1, 2)
2
(45, 33)
-> Request 2
227
(2, 1, 2)
3
(62, 40)
-> Request 3
453
(4, 1, 2)
3
(60, 72)
-> Request 4
457
(2, 3, 2)
1
(47, 36)
-> Request 5
695
(2, 3, 1)
1
(10, 20)
-> Request 6
1009
(3, 2, 2)
1
(54, 68)
-> Request 7
1082
(3, 2, 1)
2
(64, 65)
-> Request 8
1083
(1, 2, 1)
3
(59, 30)
-> Request 9
1242
(3, 1, 2)
1
(56, 67)
-> Request 10
1308
(2, 3, 2)
3
(61, 30)
-> Request 11
1376
(4, 2, 2)
2
(60, 42)
--> Day : 4
-> Request 0
116
(1, 1, 2)
1
(53, 75)
-> Request 1
274
(1, 2, 1)
1
(47, 39)
-> Request 2
275
(3, 1, 2)
2
(54, 45)
-> Request 3
283
(1, 1, 2)
1
(65, 68)
-> Request 4
322
(2, 1, 1)
1
(61, 41)
-> Request 5
419
(3, 2, 2)
3
(56, 72)
-> Request 6
449
(3, 2, 2)
3
(59, 32)
-> Request 7
528
(4, 3, 2)
1
(45, 41)
-> Request 8
744
(2, 1, 2)
3
(56, 43)
-> Request 9
747
(2, 2, 1)
1
(66, 69)
-> Request 10
805
(4, 3, 2)
1
(13, 21)
-> Request 11
1069
(3, 1, 1)
1
(53, 40)
-> Request 12
1084
(3, 1, 2)
3
(8, 22)
-> Request 13
1108
(1, 2, 2)
3
(61, 27)
-> Request 14
1260
(1, 2, 1)
2
(61, 66)
---> Week : 56
--> Day : 0
-> Request 0
112
(1, 3, 1)
3
(61, 78)
-> Request 1
331
(2, 2, 2)
2
(60, 33)
-> Request 2
436
(2, 3, 1)
2
(60, 46)
-> Request 3
509
(4, 1, 2)
3
(62, 36)
-> Request 4
669
(3, 1, 2)
3
(43, 38)
-> Request 5
782
(2, 1, 1)
1
(53, 32)
-> Request 6
806
(4, 1, 2)
3
(15, 20)
-> Request 7
1160
(2, 1, 2)
3
(60, 44)
-> Request 8
1202
(1, 3, 1)
2
(64, 66)
--> Day : 1
-> Request 0
214
(4, 3, 1)
1
(58, 39)
-> Request 1
240
(1, 1, 2)
3
(56, 37)
-> Request 2
450
(3, 3, 1)
1
(60, 67)
-> Request 3
537
(3, 3, 2)
2
(9, 29)
-> Request 4
839
(4, 3, 2)
3
(56, 32)
-> Request 5
936
(4, 2, 2)
2
(61, 66)
--> Day : 2
-> Request 0
29
(4, 1, 2)
1
(52, 69)
-> Request 1
130
(4, 3, 1)
3
(11, 25)
-> Request 2
436
(1, 3, 1)
3
(60, 67)
-> Request 3
516
(4, 3, 1)
2
(45, 33)
-> Request 4
535
(3, 2, 1)
1
(13, 29)
-> Request 5
598
(2, 2, 2)
2
(54, 39)
-> Request 6
729
(1, 1, 2)
3
(48, 44)
-> Request 7
1203
(1, 3, 1)
1
(17, 24)
--> Day : 3
-> Request 0
89
(4, 3, 2)
3
(44, 28)
-> Request 1
144
(2, 3, 1)
3
(65, 70)
-> Request 2
187
(1, 3, 2)
3
(52, 36)
-> Request 3
566
(3, 3, 1)
1
(54, 41)
-> Request 4
841
(4, 1, 1)
1
(49, 46)
-> Request 5
841
(4, 2, 2)
3
(57, 40)
-> Request 6
862
(2, 2, 2)
3
(17, 23)
-> Request 7
885
(1, 1, 1)
1
(43, 39)
-> Request 8
972
(4, 1, 1)
2
(49, 40)
-> Request 9
1130
(3, 3, 1)
3
(60, 41)
-> Request 10
1175
(3, 2, 1)
1
(55, 73)
-> Request 11
1252
(1, 3, 2)
2
(61, 67)
-> Request 12
1280
(4, 2, 2)
1
(63, 76)
-> Request 13
1286
(2, 2, 2)
2
(53, 66)
-> Request 14
1290
(1, 1, 1)
3
(55, 27)
-> Request 15
1368
(2, 1, 1)
1
(62, 45)
-> Request 16
1404
(3, 1, 1)
2
(62, 67)
--> Day : 4
-> Request 0
289
(4, 3, 1)
1
(43, 34)
-> Request 1
371
(1, 2, 1)
3
(11, 28)
-> Request 2
514
(4, 3, 2)
3
(65, 73)
-> Request 3
552
(1, 3, 1)
2
(57, 32)
-> Request 4
1003
(2, 3, 1)
2
(48, 34)
-> Request 5
1078
(4, 1, 1)
2
(58, 69)
-> Request 6
1234
(2, 3, 2)
2
(50, 33)
---> Week : 57
--> Day : 0
-> Request 0
190
(1, 2, 1)
2
(61, 27)
-> Request 1
498
(3, 2, 2)
2
(43, 40)
-> Request 2
630
(2, 3, 2)
3
(65, 65)
-> Request 3
810
(2, 2, 2)
2
(54, 68)
-> Request 4
861
(3, 3, 1)
3
(54, 71)
-> Request 5
892
(4, 2, 2)
3
(59, 71)
-> Request 6
1225
(3, 2, 2)
2
(46, 39)
-> Request 7
1272
(1, 1, 2)
3
(53, 27)
-> Request 8
1324
(4, 3, 2)
2
(46, 46)
-> Request 9
1344
(4, 2, 1)
1
(58, 67)
--> Day : 1
-> Request 0
155
(1, 3, 2)
2
(60, 70)
-> Request 1
459
(1, 2, 2)
2
(57, 71)
-> Request 2
683
(1, 2, 1)
1
(62, 41)
-> Request 3
777
(2, 2, 1)
2
(59, 38)
-> Request 4
1084
(2, 3, 2)
2
(59, 75)
-> Request 5
1120
(2, 2, 1)
2
(52, 38)
-> Request 6
1372
(4, 2, 2)
1
(60, 46)
-> Request 7
1386
(4, 3, 2)
1
(46, 28)
--> Day : 2
-> Request 0
117
(2, 2, 2)
1
(56, 71)
-> Request 1
224
(2, 2, 1)
2
(43, 42)
-> Request 2
297
(3, 2, 1)
2
(43, 40)
-> Request 3
438
(3, 2, 1)
3
(62, 41)
-> Request 4
647
(1, 2, 2)
2
(45, 37)
-> Request 5
887
(2, 2, 1)
3
(59, 67)
-> Request 6
904
(2, 1, 2)
1
(47, 40)
-> Request 7
1072
(1, 2, 2)
1
(17, 27)
-> Request 8
1160
(3, 1, 2)
1
(65, 75)
-> Request 9
1328
(2, 2, 1)
3
(43, 34)
-> Request 10
1407
(4, 3, 1)
1
(52, 75)
--> Day : 3
-> Request 0
100
(3, 3, 1)
3
(63, 70)
-> Request 1
241
(3, 2, 1)
3
(49, 34)
-> Request 2
319
(2, 1, 2)
2
(59, 73)
-> Request 3
355
(4, 3, 1)
1
(53, 70)
-> Request 4
496
(4, 2, 2)
3
(46, 28)
-> Request 5
774
(3, 3, 1)
3
(53, 68)
-> Request 6
815
(2, 2, 2)
2
(10, 26)
-> Request 7
859
(2, 3, 2)
1
(60, 36)
-> Request 8
936
(2, 2, 1)
3
(48, 44)
-> Request 9
938
(4, 1, 2)
1
(55, 65)
-> Request 10
1074
(3, 1, 1)
1
(53, 64)
-> Request 11
1152
(4, 2, 1)
3
(65, 72)
--> Day : 4
-> Request 0
92
(1, 3, 2)
3
(49, 35)
-> Request 1
177
(2, 3, 1)
2
(65, 73)
-> Request 2
225
(2, 1, 1)
3
(54, 76)
-> Request 3
557
(4, 2, 2)
1
(60, 78)
-> Request 4
657
(2, 1, 1)
3
(61, 40)
-> Request 5
707
(1, 3, 2)
2
(47, 32)
-> Request 6
818
(2, 3, 1)
2
(44, 41)
-> Request 7
1179
(1, 2, 1)
3
(45, 37)
-> Request 8
1274
(4, 1, 2)
2
(59, 33)
---> Week : 58
--> Day : 0
-> Request 0
114
(2, 3, 2)
2
(61, 28)
-> Request 1
729
(4, 3, 1)
1
(44, 33)
-> Request 2
732
(2, 2, 1)
1
(11, 24)
-> Request 3
935
(1, 2, 1)
1
(61, 41)
-> Request 4
999
(1, 2, 1)
2
(52, 36)
-> Request 5
1153
(3, 2, 2)
2
(56, 69)
-> Request 6
1222
(1, 1, 2)
2
(63, 64)
-> Request 7
1240
(4, 1, 1)
3
(11, 20)
--> Day : 1
-> Request 0
117
(2, 2, 2)
3
(48, 40)
-> Request 1
465
(4, 3, 1)
3
(66, 71)
-> Request 2
590
(1, 1, 1)
1
(61, 32)
-> Request 3
666
(1, 2, 1)
2
(48, 40)
-> Request 4
711
(4, 2, 1)
3
(57, 42)
-> Request 5
726
(4, 3, 1)
2
(63, 71)
-> Request 6
822
(4, 3, 1)
2
(16, 29)
-> Request 7
950
(2, 1, 2)
1
(56, 35)
-> Request 8
970
(2, 1, 1)
1
(51, 43)
-> Request 9
998
(2, 2, 2)
3
(57, 41)
-> Request 10
1301
(4, 3, 1)
3
(58, 72)
--> Day : 2
-> Request 0
173
(4, 2, 2)
2
(64, 78)
-> Request 1
214
(1, 2, 2)
3
(57, 36)
-> Request 2
303
(4, 3, 1)
3
(16, 28)
-> Request 3
523
(1, 3, 1)
2
(50, 33)
-> Request 4
537
(4, 1, 1)
3
(12, 21)
-> Request 5
917
(1, 3, 2)
1
(64, 74)
-> Request 6
1011
(3, 2, 1)
1
(55, 74)
-> Request 7
1021
(3, 2, 1)
3
(59, 76)
-> Request 8
1085
(4, 1, 1)
2
(62, 43)
-> Request 9
1156
(2, 2, 1)
2
(66, 66)
--> Day : 3
-> Request 0
24
(2, 1, 2)
2
(44, 37)
-> Request 1
415
(1, 2, 1)
1
(45, 35)
-> Request 2
723
(1, 3, 1)
2
(60, 30)
-> Request 3
869
(3, 2, 1)
1
(49, 34)
-> Request 4
1408
(3, 3, 1)
1
(11, 24)
--> Day : 4
-> Request 0
40
(4, 1, 1)
3
(48, 46)
-> Request 1
475
(1, 3, 1)
2
(52, 71)
-> Request 2
660
(2, 1, 2)
1
(46, 38)
-> Request 3
831
(1, 3, 2)
3
(15, 20)
-> Request 4
1050
(1, 2, 1)
3
(66, 72)
-> Request 5
1220
(2, 1, 1)
1
(62, 32)
-> Request 6
1263
(4, 3, 1)
3
(52, 70)
-> Request 7
1279
(1, 1, 1)
2
(14, 20)
-> Request 8
1425
(4, 3, 2)
3
(58, 65)
---> Week : 59
--> Day : 0
-> Request 0
222
(2, 1, 1)
2
(45, 39)
-> Request 1
303
(1, 1, 2)
2
(45, 28)
-> Request 2
458
(3, 3, 1)
1
(58, 78)
-> Request 3
552
(4, 2, 2)
3
(59, 40)
-> Request 4
601
(3, 2, 2)
2
(51, 33)
-> Request 5
631
(4, 3, 1)
2
(59, 64)
-> Request 6
802
(3, 1, 2)
2
(54, 33)
-> Request 7
807
(2, 1, 1)
3
(16, 20)
-> Request 8
842
(1, 2, 2)
2
(46, 41)
-> Request 9
882
(4, 1, 1)
2
(51, 31)
-> Request 10
1001
(4, 2, 2)
2
(12, 25)
--> Day : 1
-> Request 0
11
(2, 3, 1)
3
(60, 37)
-> Request 1
15
(4, 2, 2)
1
(53, 34)
-> Request 2
87
(1, 2, 1)
3
(57, 43)
-> Request 3
210
(2, 3, 2)
3
(46, 45)
-> Request 4
329
(1, 2, 1)
2
(55, 30)
-> Request 5
433
(1, 1, 1)
1
(43, 35)
-> Request 6
789
(1, 1, 1)
1
(17, 29)
-> Request 7
861
(1, 3, 2)
1
(44, 41)
-> Request 8
1230
(3, 3, 2)
3
(44, 40)
-> Request 9
1231
(3, 2, 2)
1
(62, 44)
-> Request 10
1257
(3, 3, 2)
3
(53, 44)
--> Day : 2
-> Request 0
248
(3, 1, 2)
1
(9, 27)
-> Request 1
281
(4, 3, 2)
1
(61, 28)
-> Request 2
374
(1, 3, 2)
1
(65, 73)
-> Request 3
379
(1, 3, 1)
3
(65, 76)
-> Request 4
957
(2, 1, 1)
1
(53, 37)
-> Request 5
1012
(1, 3, 2)
2
(53, 68)
-> Request 6
1187
(2, 2, 1)
1
(57, 74)
--> Day : 3
-> Request 0
96
(2, 2, 2)
3
(53, 74)
-> Request 1
153
(3, 3, 2)
1
(63, 74)
-> Request 2
284
(1, 1, 2)
2
(57, 43)
-> Request 3
303
(2, 2, 2)
1
(52, 30)
-> Request 4
621
(4, 1, 2)
2
(60, 38)
-> Request 5
649
(2, 2, 2)
2
(50, 38)
-> Request 6
670
(4, 2, 1)
2
(60, 78)
-> Request 7
749
(1, 3, 2)
2
(43, 33)
-> Request 8
897
(3, 1, 1)
1
(53, 78)
-> Request 9
1053
(1, 1, 1)
3
(59, 33)
-> Request 10
1291
(3, 3, 1)
2
(43, 30)
-> Request 11
1348
(3, 2, 1)
2
(56, 31)
--> Day : 4
-> Request 0
78
(3, 2, 2)
1
(17, 28)
-> Request 1
162
(4, 1, 1)
1
(46, 44)
-> Request 2
534
(1, 2, 2)
1
(60, 39)
-> Request 3
604
(2, 1, 2)
3
(17, 22)
-> Request 4
879
(1, 2, 2)
1
(49, 43)
-> Request 5
889
(2, 1, 1)
2
(45, 36)
-> Request 6
1054
(1, 2, 1)
2
(62, 77)
-> Request 7
1074
(1, 1, 1)
2
(61, 67)
-> Request 8
1108
(4, 3, 2)
2
(59, 43)
-> Request 9
1179
(4, 3, 1)
2
(64, 72)
-> Request 10
1214
(2, 3, 2)
1
(61, 30)
-> Request 11
1337
(4, 3, 1)
3
(47, 34)
---> Week : 60
--> Day : 0
-> Request 0
44
(1, 3, 2)
3
(62, 30)
-> Request 1
141
(2, 2, 2)
3
(53, 31)
-> Request 2
258
(3, 1, 2)
1
(9, 28)
-> Request 3
748
(1, 2, 2)
3
(54, 70)
-> Request 4
894
(4, 2, 2)
3
(51, 45)
-> Request 5
1001
(1, 2, 1)
3
(66, 78)
-> Request 6
1059
(3, 2, 2)
3
(55, 43)
-> Request 7
1115
(2, 2, 1)
3
(61, 38)
-> Request 8
1181
(3, 1, 2)
3
(46, 33)
-> Request 9
1270
(4, 1, 2)
1
(56, 36)
-> Request 10
1305
(2, 3, 2)
3
(52, 31)
-> Request 11
1397
(3, 2, 2)
3
(61, 39)
--> Day : 1
-> Request 0
198
(1, 2, 2)
2
(10, 23)
-> Request 1
275
(2, 2, 2)
3
(60, 44)
-> Request 2
358
(4, 3, 2)
2
(45, 36)
-> Request 3
401
(2, 2, 1)
2
(43, 31)
-> Request 4
430
(2, 3, 2)
1
(46, 32)
-> Request 5
475
(3, 2, 1)
2
(48, 35)
-> Request 6
543
(3, 3, 2)
2
(46, 35)
-> Request 7
798
(1, 2, 2)
1
(62, 39)
-> Request 8
851
(4, 2, 1)
2
(53, 78)
-> Request 9
890
(2, 2, 1)
3
(53, 45)
--> Day : 2
-> Request 0
39
(2, 3, 1)
2
(8, 25)
-> Request 1
69
(4, 1, 2)
1
(13, 22)
-> Request 2
330
(4, 2, 1)
2
(46, 33)
-> Request 3
336
(3, 3, 1)
3
(64, 78)
-> Request 4
346
(1, 1, 2)
1
(56, 69)
-> Request 5
839
(1, 3, 1)
3
(57, 42)
-> Request 6
954
(2, 1, 1)
2
(64, 77)
-> Request 7
1042
(2, 3, 2)
1
(16, 29)
-> Request 8
1163
(3, 2, 1)
2
(66, 66)
-> Request 9
1189
(3, 2, 2)
2
(54, 32)
-> Request 10
1399
(1, 2, 1)
3
(57, 36)
--> Day : 3
-> Request 0
358
(2, 2, 2)
3
(53, 66)
-> Request 1
575
(1, 2, 2)
2
(45, 42)
-> Request 2
792
(3, 3, 2)
2
(48, 39)
-> Request 3
812
(1, 3, 1)
2
(60, 42)
-> Request 4
967
(1, 2, 1)
1
(61, 73)
-> Request 5
996
(2, 1, 1)
2
(53, 36)
-> Request 6
1026
(1, 1, 2)
1
(45, 45)
-> Request 7
1246
(3, 2, 1)
3
(56, 33)
-> Request 8
1295
(1, 2, 1)
1
(49, 38)
--> Day : 4
-> Request 0
346
(4, 1, 2)
1
(10, 25)
-> Request 1
393
(2, 1, 1)
2
(47, 27)
-> Request 2
640
(4, 3, 2)
2
(46, 43)
-> Request 3
642
(4, 1, 2)
1
(13, 26)
-> Request 4
648
(4, 3, 1)
3
(66, 65)
-> Request 5
780
(1, 1, 1)
3
(64, 76)
-> Request 6
798
(1, 2, 2)
1
(52, 33)
-> Request 7
840
(3, 2, 2)
2
(10, 20)
-> Request 8
980
(2, 2, 1)
2
(64, 64)
-> Request 9
1023
(4, 2, 1)
3
(49, 27)
-> Request 10
1092
(1, 1, 2)
3
(11, 23)
-> Request 11
1118
(2, 2, 1)
3
(62, 69)
-> Request 12
1189
(3, 2, 1)
2
(59, 34)
-> Request 13
1399
(4, 2, 2)
3
(10, 22)
-> Request 14
1432
(4, 3, 1)
1
(58, 31)
---> Week : 61
--> Day : 0
-> Request 0
180
(2, 2, 1)
2
(65, 66)
-> Request 1
619
(1, 1, 2)
1
(54, 31)
-> Request 2
681
(2, 2, 2)
2
(51, 42)
-> Request 3
762
(3, 3, 1)
2
(13, 26)
-> Request 4
1038
(3, 2, 2)
3
(61, 72)
-> Request 5
1161
(2, 3, 2)
3
(62, 76)
-> Request 6
1167
(3, 3, 2)
1
(58, 33)
-> Request 7
1348
(4, 2, 1)
2
(58, 69)
--> Day : 1
-> Request 0
70
(1, 3, 1)
1
(57, 69)
-> Request 1
162
(1, 3, 1)
1
(66, 72)
-> Request 2
270
(1, 3, 1)
2
(60, 78)
-> Request 3
506
(4, 2, 2)
1
(63, 68)
-> Request 4
506
(4, 2, 1)
1
(15, 21)
-> Request 5
520
(2, 3, 1)
2
(60, 33)
-> Request 6
552
(4, 3, 1)
2
(58, 67)
-> Request 7
680
(3, 3, 1)
3
(57, 72)
-> Request 8
883
(1, 1, 2)
2
(17, 21)
-> Request 9
952
(1, 2, 1)
1
(54, 64)
-> Request 10
1204
(3, 3, 2)
2
(12, 27)
-> Request 11
1364
(2, 1, 1)
2
(55, 31)
--> Day : 2
-> Request 0
28
(4, 2, 2)
2
(61, 36)
-> Request 1
177
(2, 2, 2)
3
(45, 41)
-> Request 2
658
(1, 3, 2)
2
(15, 23)
-> Request 3
662
(2, 2, 1)
3
(54, 66)
-> Request 4
832
(3, 2, 2)
2
(46, 40)
-> Request 5
1141
(3, 1, 2)
3
(60, 29)
--> Day : 3
-> Request 0
83
(3, 3, 2)
1
(57, 31)
-> Request 1
102
(4, 3, 2)
2
(55, 67)
-> Request 2
129
(4, 3, 1)
1
(17, 28)
-> Request 3
212
(3, 2, 2)
3
(46, 32)
-> Request 4
262
(4, 3, 2)
2
(49, 43)
-> Request 5
889
(2, 2, 2)
3
(60, 41)
-> Request 6
962
(2, 2, 1)
3
(61, 77)
-> Request 7
1066
(3, 1, 2)
2
(57, 74)
-> Request 8
1125
(1, 3, 1)
1
(53, 69)
-> Request 9
1277
(1, 2, 2)
1
(52, 64)
--> Day : 4
-> Request 0
9
(2, 2, 1)
1
(60, 44)
-> Request 1
34
(4, 3, 2)
2
(54, 77)
-> Request 2
133
(2, 3, 1)
3
(53, 37)
-> Request 3
199
(2, 2, 2)
1
(57, 66)
-> Request 4
204
(2, 3, 1)
2
(10, 25)
-> Request 5
311
(3, 1, 1)
2
(55, 77)
-> Request 6
455
(2, 3, 2)
2
(54, 72)
-> Request 7
585
(2, 2, 2)
3
(55, 42)
-> Request 8
833
(3, 2, 1)
3
(60, 67)
-> Request 9
921
(3, 3, 1)
2
(60, 68)
-> Request 10
1064
(2, 3, 2)
3
(49, 43)
-> Request 11
1176
(2, 2, 2)
3
(62, 43)
-> Request 12
1281
(3, 1, 1)
2
(16, 21)
-> Request 13
1337
(3, 2, 1)
3
(47, 46)
-> Request 14
1352
(1, 2, 2)
3
(59, 72)
---> Week : 62
--> Day : 0
-> Request 0
89
(3, 2, 2)
2
(43, 30)
-> Request 1
117
(3, 1, 1)
3
(48, 37)
-> Request 2
303
(2, 1, 2)
1
(44, 36)
-> Request 3
835
(3, 2, 2)
1
(57, 38)
-> Request 4
1004
(2, 2, 2)
1
(9, 28)
-> Request 5
1037
(2, 1, 2)
2
(60, 68)
-> Request 6
1146
(2, 2, 2)
2
(16, 24)
-> Request 7
1241
(1, 2, 2)
1
(55, 70)
--> Day : 1
-> Request 0
351
(1, 3, 2)
3
(58, 78)
-> Request 1
460
(4, 1, 2)
2
(49, 38)
-> Request 2
1002
(2, 2, 2)
3
(43, 33)
-> Request 3
1003
(3, 1, 1)
3
(59, 38)
-> Request 4
1062
(2, 1, 1)
3
(46, 40)
-> Request 5
1106
(4, 2, 1)
2
(48, 42)
-> Request 6
1201
(3, 2, 2)
3
(56, 31)
-> Request 7
1205
(3, 2, 2)
3
(48, 32)
--> Day : 2
-> Request 0
463
(4, 1, 1)
3
(52, 65)
-> Request 1
491
(4, 3, 1)
1
(8, 22)
-> Request 2
627
(3, 3, 1)
1
(48, 45)
-> Request 3
712
(2, 2, 1)
2
(43, 32)
-> Request 4
750
(2, 1, 2)
1
(47, 34)
-> Request 5
778
(2, 2, 2)
1
(53, 64)
-> Request 6
911
(2, 2, 2)
3
(66, 65)
-> Request 7
1163
(3, 1, 1)
3
(13, 21)
-> Request 8
1274
(3, 2, 1)
2
(53, 36)
-> Request 9
1349
(2, 1, 1)
2
(45, 34)
--> Day : 3
-> Request 0
169
(4, 3, 2)
3
(47, 28)
-> Request 1
209
(2, 3, 2)
2
(15, 23)
-> Request 2
301
(1, 1, 2)
3
(44, 36)
-> Request 3
313
(1, 1, 2)
1
(62, 74)
-> Request 4
513
(2, 2, 1)
2
(49, 33)
-> Request 5
543
(2, 2, 2)
1
(55, 78)
-> Request 6
613
(4, 3, 1)
3
(56, 39)
-> Request 7
637
(2, 3, 1)
2
(59, 64)
-> Request 8
685
(4, 2, 1)
3
(57, 44)
-> Request 9
782
(1, 1, 1)
3
(48, 45)
-> Request 10
852
(1, 2, 2)
1
(15, 24)
-> Request 11
1007
(3, 3, 1)
3
(52, 39)
-> Request 12
1089
(2, 2, 2)
3
(61, 40)
-> Request 13
1362
(1, 3, 2)
2
(58, 43)
-> Request 14
1368
(3, 2, 2)
1
(49, 36)
-> Request 15
1429
(2, 1, 1)
1
(51, 37)
--> Day : 4
-> Request 0
144
(3, 3, 1)
2
(60, 66)
-> Request 1
275
(1, 2, 2)
2
(54, 66)
-> Request 2
554
(4, 3, 1)
2
(44, 44)
-> Request 3
756
(1, 1, 2)
1
(56, 37)
-> Request 4
760
(2, 3, 1)
3
(57, 42)
-> Request 5
801
(3, 1, 2)
2
(56, 68)
-> Request 6
877
(1, 3, 1)
1
(47, 37)
-> Request 7
1133
(3, 1, 2)
2
(15, 20)
-> Request 8
1415
(1, 3, 1)
1
(48, 46)
---> Week : 63
--> Day : 0
-> Request 0
97
(2, 3, 1)
3
(57, 38)
-> Request 1
103
(4, 1, 2)
1
(62, 64)
-> Request 2
370
(2, 2, 1)
2
(61, 28)
-> Request 3
689
(4, 2, 2)
2
(44, 27)
-> Request 4
834
(4, 2, 2)
2
(49, 29)
-> Request 5
925
(4, 3, 2)
3
(11, 22)
-> Request 6
953
(3, 1, 2)
1
(43, 45)
-> Request 7
1141
(4, 2, 2)
1
(63, 78)
-> Request 8
1141
(3, 3, 2)
2
(61, 41)
-> Request 9
1342
(4, 3, 2)
1
(56, 34)
--> Day : 1
-> Request 0
453
(4, 3, 1)
2
(16, 20)
-> Request 1
518
(1, 1, 1)
2
(61, 39)
-> Request 2
569
(3, 2, 1)
2
(54, 72)
-> Request 3
699
(3, 2, 2)
1
(11, 22)
-> Request 4
760
(3, 3, 2)
2
(64, 66)
-> Request 5
795
(1, 2, 1)
3
(10, 28)
-> Request 6
1253
(3, 1, 1)
2
(48, 40)
-> Request 7
1297
(4, 1, 1)
1
(49, 32)
-> Request 8
1384
(1, 3, 1)
1
(63, 72)
-> Request 9
1406
(2, 2, 1)
1
(47, 41)
--> Day : 2
-> Request 0
185
(2, 3, 2)
2
(45, 41)
-> Request 1
189
(3, 1, 1)
3
(52, 43)
-> Request 2
385
(4, 3, 1)
1
(53, 27)
-> Request 3
444
(1, 1, 2)
2
(44, 27)
-> Request 4
651
(3, 3, 2)
2
(48, 37)
-> Request 5
765
(2, 1, 2)
1
(12, 23)
-> Request 6
812
(2, 2, 1)
3
(65, 65)
-> Request 7
947
(2, 2, 2)
3
(45, 40)
-> Request 8
1102
(4, 2, 1)
1
(48, 27)
--> Day : 3
-> Request 0
35
(3, 1, 1)
1
(56, 70)
-> Request 1
213
(2, 1, 1)
3
(55, 33)
-> Request 2
229
(3, 3, 2)
3
(52, 78)
-> Request 3
299
(3, 3, 2)
2
(57, 67)
-> Request 4
407
(3, 2, 1)
1
(65, 68)
-> Request 5
425
(4, 2, 1)
2
(58, 71)
-> Request 6
435
(2, 1, 2)
2
(59, 34)
-> Request 7
436
(2, 3, 1)
1
(51, 42)
-> Request 8
832
(1, 2, 2)
3
(61, 33)
-> Request 9
921
(3, 3, 2)
2
(12, 28)
-> Request 10
1066
(2, 3, 2)
3
(50, 33)
-> Request 11
1330
(2, 2, 1)
3
(52, 65)
-> Request 12
1349
(4, 3, 1)
2
(11, 25)
--> Day : 4
-> Request 0
177
(2, 3, 1)
3
(60, 77)
-> Request 1
282
(1, 3, 2)
2
(57, 66)
-> Request 2
293
(4, 2, 1)
1
(54, 45)
-> Request 3
485
(2, 2, 1)
1
(57, 35)
-> Request 4
879
(2, 1, 1)
2
(65, 76)
-> Request 5
1122
(3, 1, 2)
1
(13, 29)
---> Week : 64
--> Day : 0
-> Request 0
120
(3, 1, 2)
2
(60, 65)
-> Request 1
370
(2, 2, 2)
3
(48, 37)
-> Request 2
403
(1, 2, 1)
1
(51, 37)
-> Request 3
452
(3, 1, 1)
2
(55, 33)
-> Request 4
508
(1, 1, 2)
2
(61, 65)
-> Request 5
657
(2, 1, 2)
1
(50, 42)
-> Request 6
1053
(3, 1, 2)
2
(56, 71)
-> Request 7
1077
(3, 3, 2)
3
(54, 78)
-> Request 8
1221
(3, 3, 1)
3
(64, 71)
-> Request 9
1233
(3, 3, 2)
1
(9, 26)
--> Day : 1
-> Request 0
189
(4, 3, 1)
3
(14, 22)
-> Request 1
412
(1, 3, 1)
1
(60, 77)
-> Request 2
470
(4, 3, 2)
1
(12, 25)
-> Request 3
576
(1, 2, 1)
3
(44, 43)
-> Request 4
664
(1, 1, 2)
1
(52, 68)
-> Request 5
873
(4, 3, 1)
1
(50, 37)
-> Request 6
981
(3, 1, 2)
1
(54, 43)
-> Request 7
1235
(3, 3, 2)
1
(54, 78)
-> Request 8
1320
(1, 1, 2)
3
(52, 39)
--> Day : 2
-> Request 0
410
(1, 3, 1)
3
(59, 70)
-> Request 1
433
(3, 3, 2)
3
(49, 31)
-> Request 2
477
(3, 1, 1)
2
(51, 29)
-> Request 3
513
(2, 2, 1)
1
(62, 67)
-> Request 4
824
(2, 2, 1)
1
(54, 66)
-> Request 5
978
(1, 2, 2)
1
(45, 43)
-> Request 6
997
(4, 3, 2)
1
(43, 31)
-> Request 7
1043
(1, 1, 2)
3
(63, 64)
-> Request 8
1055
(3, 1, 2)
2
(56, 31)
-> Request 9
1078
(3, 1, 1)
3
(60, 71)
-> Request 10
1091
(2, 1, 1)
2
(45, 43)
-> Request 11
1432
(1, 1, 2)
1
(52, 68)
--> Day : 3
-> Request 0
65
(3, 2, 1)
3
(66, 69)
-> Request 1
137
(3, 2, 2)
2
(56, 35)
-> Request 2
153
(2, 2, 1)
3
(17, 23)
-> Request 3
209
(2, 2, 1)
2
(62, 45)
-> Request 4
528
(1, 3, 2)
1
(50, 46)
-> Request 5
565
(3, 2, 1)
2
(47, 46)
-> Request 6
815
(2, 2, 2)
3
(50, 44)
-> Request 7
1246
(2, 2, 2)
3
(55, 75)
-> Request 8
1321
(2, 2, 2)
3
(58, 35)
--> Day : 4
-> Request 0
172
(4, 2, 2)
3
(59, 74)
-> Request 1
243
(2, 1, 1)
2
(60, 37)
-> Request 2
405
(2, 3, 1)
2
(53, 36)
-> Request 3
837
(3, 3, 2)
2
(53, 36)
-> Request 4
1084
(3, 1, 2)
3
(50, 39)
-> Request 5
1390
(4, 1, 1)
2
(62, 43)
---> Week : 65
--> Day : 0
-> Request 0
16
(4, 2, 1)
2
(55, 72)
-> Request 1
346
(1, 1, 2)
2
(58, 38)
-> Request 2
421
(1, 1, 1)
3
(11, 24)
-> Request 3
732
(3, 1, 1)
2
(46, 36)
-> Request 4
732
(1, 3, 2)
1
(48, 31)
-> Request 5
878
(1, 2, 2)
3
(55, 32)
-> Request 6
938
(4, 1, 2)
2
(63, 74)
-> Request 7
970
(2, 3, 2)
1
(53, 32)
-> Request 8
1037
(2, 1, 2)
3
(55, 76)
-> Request 9
1080
(2, 1, 1)
2
(52, 35)
-> Request 10
1097
(2, 2, 1)
3
(55, 64)
--> Day : 1
-> Request 0
57
(2, 3, 1)
1
(49, 43)
-> Request 1
158
(1, 3, 2)
2
(61, 29)
-> Request 2
281
(2, 2, 2)
3
(48, 41)
-> Request 3
321
(3, 3, 2)
2
(14, 20)
-> Request 4
648
(1, 2, 1)
3
(47, 41)
-> Request 5
675
(2, 2, 2)
3
(55, 28)
-> Request 6
815
(4, 2, 2)
2
(51, 41)
-> Request 7
876
(2, 2, 1)
2
(62, 64)
-> Request 8
1260
(1, 2, 2)
3
(58, 37)
-> Request 9
1332
(3, 3, 1)
1
(52, 41)
--> Day : 2
-> Request 0
77
(3, 2, 1)
3
(55, 46)
-> Request 1
126
(3, 2, 2)
1
(49, 29)
-> Request 2
288
(1, 1, 2)
3
(65, 66)
-> Request 3
384
(4, 2, 2)
3
(48, 27)
-> Request 4
402
(1, 3, 1)
3
(45, 38)
-> Request 5
419
(1, 3, 1)
1
(55, 75)
-> Request 6
526
(3, 1, 1)
2
(64, 65)
-> Request 7
554
(1, 3, 2)
2
(53, 71)
-> Request 8
573
(4, 3, 1)
2
(54, 34)
-> Request 9
671
(4, 1, 2)
3
(54, 71)
-> Request 10
676
(4, 2, 1)
3
(60, 73)
-> Request 11
682
(2, 1, 2)
1
(48, 31)
-> Request 12
799
(4, 1, 2)
1
(43, 30)
-> Request 13
823
(1, 3, 2)
2
(56, 78)
-> Request 14
927
(3, 3, 1)
1
(45, 41)
-> Request 15
955
(4, 3, 1)
1
(52, 32)
-> Request 16
1013
(4, 3, 2)
2
(11, 21)
-> Request 17
1018
(1, 1, 2)
2
(46, 38)
-> Request 18
1375
(3, 2, 1)
2
(48, 28)
--> Day : 3
-> Request 0
116
(4, 1, 2)
1
(49, 42)
-> Request 1
189
(3, 1, 1)
2
(47, 37)
-> Request 2
716
(2, 1, 1)
1
(9, 27)
-> Request 3
853
(2, 2, 2)
1
(66, 72)
-> Request 4
924
(3, 3, 1)
2
(54, 40)
-> Request 5
1048
(4, 2, 2)
1
(54, 40)
--> Day : 4
-> Request 0
9
(4, 2, 2)
1
(11, 27)
-> Request 1
266
(3, 3, 1)
1
(60, 30)
-> Request 2
271
(1, 2, 2)
2
(57, 28)
-> Request 3
294
(4, 3, 1)
1
(11, 25)
-> Request 4
491
(1, 3, 1)
3
(52, 73)
-> Request 5
498
(1, 1, 2)
3
(55, 36)
-> Request 6
550
(4, 3, 2)
2
(66, 66)
-> Request 7
810
(1, 3, 2)
1
(60, 29)
-> Request 8
1004
(2, 1, 2)
3
(44, 30)
-> Request 9
1023
(1, 1, 1)
2
(45, 39)
-> Request 10
1212
(1, 2, 1)
2
(56, 43)
-> Request 11
1313
(3, 2, 2)
3
(53, 32)
---> Week : 66
--> Day : 0
-> Request 0
244
(1, 1, 2)
3
(51, 31)
-> Request 1
360
(1, 3, 1)
2
(48, 37)
-> Request 2
456
(1, 2, 1)
3
(66, 67)
-> Request 3
1114
(4, 1, 1)
3
(52, 35)
-> Request 4
1208
(2, 2, 1)
1
(66, 78)
-> Request 5
1349
(1, 1, 2)
2
(59, 41)
-> Request 6
1354
(1, 2, 1)
3
(54, 65)
-> Request 7
1363
(1, 3, 1)
3
(61, 32)
-> Request 8
1423
(4, 2, 2)
2
(52, 27)
--> Day : 1
-> Request 0
239
(2, 3, 2)
3
(61, 40)
-> Request 1
397
(1, 2, 2)
2
(44, 27)
-> Request 2
1081
(4, 1, 1)
2
(51, 43)
-> Request 3
1145
(2, 3, 2)
3
(55, 44)
-> Request 4
1156
(2, 2, 2)
3
(60, 29)
-> Request 5
1238
(1, 3, 2)
3
(51, 37)
-> Request 6
1320
(1, 3, 2)
1
(59, 39)
-> Request 7
1377
(2, 1, 2)
1
(47, 28)
--> Day : 2
-> Request 0
5
(1, 1, 1)
3
(59, 31)
-> Request 1
301
(1, 2, 1)
1
(48, 42)
-> Request 2
322
(3, 1, 2)
3
(51, 37)
-> Request 3
384
(3, 1, 1)
2
(62, 29)
-> Request 4
485
(4, 2, 1)
1
(56, 78)
-> Request 5
506
(3, 3, 2)
2
(63, 77)
-> Request 6
562
(1, 2, 2)
1
(53, 38)
-> Request 7
1033
(1, 1, 2)
1
(52, 77)
-> Request 8
1109
(2, 2, 2)
1
(8, 27)
-> Request 9
1364
(1, 1, 1)
3
(46, 28)
-> Request 10
1428
(2, 3, 1)
1
(61, 36)
-> Request 11
1430
(1, 2, 1)
2
(45, 29)
--> Day : 3
-> Request 0
181
(2, 1, 2)
2
(17, 29)
-> Request 1
361
(3, 2, 2)
3
(61, 28)
-> Request 2
386
(1, 3, 1)
1
(13, 26)
-> Request 3
416
(1, 3, 1)
1
(60, 72)
-> Request 4
416
(1, 2, 2)
3
(9, 22)
-> Request 5
438
(4, 3, 2)
2
(51, 30)
-> Request 6
669
(1, 2, 2)
2
(54, 68)
-> Request 7
696
(3, 1, 1)
3
(48, 39)
-> Request 8
1074
(3, 1, 1)
1
(44, 27)
-> Request 9
1166
(4, 3, 1)
3
(46, 35)
-> Request 10
1215
(4, 2, 1)
2
(52, 70)
--> Day : 4
-> Request 0
133
(2, 1, 2)
2
(59, 72)
-> Request 1
168
(2, 3, 1)
3
(48, 35)
-> Request 2
271
(3, 2, 2)
3
(54, 68)
-> Request 3
288
(2, 2, 1)
1
(53, 74)
-> Request 4
345
(1, 2, 1)
1
(64, 65)
-> Request 5
415
(3, 2, 2)
1
(57, 68)
-> Request 6
457
(4, 3, 1)
3
(54, 32)
-> Request 7
505
(1, 3, 1)
1
(15, 23)
-> Request 8
522
(2, 3, 1)
2
(55, 30)
-> Request 9
830
(4, 2, 2)
2
(44, 38)
-> Request 10
1221
(1, 3, 1)
3
(57, 45)
-> Request 11
1230
(2, 3, 1)
1
(57, 43)
-> Request 12
1376
(4, 3, 1)
3
(17, 27)
---> Week : 67
--> Day : 0
-> Request 0
186
(3, 3, 1)
2
(65, 76)
-> Request 1
288
(3, 3, 2)
2
(52, 67)
-> Request 2
471
(4, 3, 1)
2
(43, 40)
-> Request 3
501
(1, 3, 1)
3
(15, 28)
-> Request 4
502
(4, 3, 2)
3
(56, 27)
-> Request 5
619
(4, 2, 2)
3
(46, 32)
-> Request 6
659
(3, 2, 1)
3
(59, 36)
-> Request 7
746
(2, 1, 1)
2
(43, 45)
-> Request 8
891
(4, 1, 1)
1
(57, 29)
-> Request 9
1059
(4, 3, 2)
1
(49, 44)
-> Request 10
1144
(3, 1, 1)
1
(50, 40)
-> Request 11
1174
(2, 2, 1)
3
(14, 20)
--> Day : 1
-> Request 0
186
(3, 2, 2)
2
(55, 45)
-> Request 1
607
(2, 2, 1)
2
(53, 67)
-> Request 2
636
(3, 1, 1)
2
(59, 76)
-> Request 3
662
(3, 3, 1)
3
(58, 35)
-> Request 4
683
(1, 1, 2)
2
(56, 40)
-> Request 5
820
(3, 2, 1)
1
(54, 31)
-> Request 6
870
(4, 3, 1)
3
(13, 25)
-> Request 7
889
(3, 1, 1)
3
(60, 37)
-> Request 8
1022
(2, 2, 1)
3
(11, 22)
-> Request 9
1181
(1, 1, 1)
2
(17, 28)
--> Day : 2
-> Request 0
297
(4, 2, 1)
2
(53, 67)
-> Request 1
343
(2, 3, 2)
1
(61, 31)
-> Request 2
464
(4, 3, 1)
2
(47, 30)
-> Request 3
490
(4, 3, 2)
1
(58, 30)
-> Request 4
495
(3, 2, 2)
1
(63, 75)
-> Request 5
635
(2, 3, 2)
3
(43, 45)
-> Request 6
1049
(1, 3, 2)
2
(47, 28)
-> Request 7
1306
(2, 3, 1)
3
(58, 73)
--> Day : 3
-> Request 0
100
(2, 2, 1)
1
(62, 75)
-> Request 1
173
(3, 2, 1)
1
(56, 46)
-> Request 2
312
(3, 1, 2)
2
(57, 40)
-> Request 3
459
(4, 2, 1)
1
(59, 36)
-> Request 4
473
(4, 2, 1)
3
(43, 45)
-> Request 5
656
(1, 1, 1)
3
(45, 41)
-> Request 6
1247
(4, 3, 2)
2
(62, 35)
-> Request 7
1333
(1, 1, 1)
3
(53, 77)
-> Request 8
1346
(2, 3, 1)
3
(46, 31)
-> Request 9
1369
(3, 2, 1)
1
(57, 74)
--> Day : 4
-> Request 0
114
(3, 1, 1)
3
(43, 30)
-> Request 1
132
(1, 3, 1)
3
(45, 28)
-> Request 2
138
(3, 2, 1)
3
(60, 73)
-> Request 3
158
(3, 3, 2)
1
(50, 41)
-> Request 4
268
(4, 1, 1)
3
(59, 41)
-> Request 5
475
(1, 1, 1)
1
(62, 30)
-> Request 6
513
(2, 2, 1)
2
(10, 26)
-> Request 7
594
(2, 3, 1)
3
(49, 46)
-> Request 8
785
(1, 1, 1)
3
(60, 69)
-> Request 9
917
(1, 1, 2)
3
(44, 31)
-> Request 10
923
(2, 1, 2)
3
(46, 28)
-> Request 11
987
(4, 1, 2)
2
(66, 66)
-> Request 12
1036
(1, 2, 1)
2
(56, 73)
-> Request 13
1058
(2, 2, 2)
1
(58, 28)
-> Request 14
1079
(3, 3, 1)
1
(52, 67)
-> Request 15
1127
(1, 3, 2)
3
(57, 30)
-> Request 16
1136
(4, 2, 2)
3
(58, 29)
-> Request 17
1161
(3, 1, 1)
2
(45, 38)
-> Request 18
1248
(3, 2, 2)
3
(46, 31)
---> Week : 68
--> Day : 0
-> Request 0
83
(1, 2, 1)
1
(15, 21)
-> Request 1
168
(1, 3, 1)
2
(16, 22)
-> Request 2
227
(3, 2, 1)
1
(58, 34)
-> Request 3
658
(3, 2, 1)
1
(53, 46)
-> Request 4
730
(2, 3, 2)
2
(52, 29)
-> Request 5
826
(2, 2, 1)
1
(61, 44)
-> Request 6
827
(4, 3, 2)
2
(52, 73)
-> Request 7
831
(4, 1, 1)
3
(60, 39)
-> Request 8
940
(2, 3, 2)
1
(46, 43)
-> Request 9
1091
(1, 2, 1)
3
(57, 34)
-> Request 10
1097
(1, 3, 1)
1
(57, 72)
--> Day : 1
-> Request 0
120
(2, 3, 2)
1
(50, 37)
-> Request 1
401
(4, 1, 2)
1
(50, 38)
-> Request 2
475
(3, 1, 2)
3
(43, 35)
-> Request 3
535
(4, 3, 2)
2
(60, 37)
-> Request 4
776
(1, 1, 2)
2
(60, 38)
-> Request 5
846
(4, 3, 1)
3
(63, 69)
-> Request 6
927
(4, 2, 1)
3
(55, 43)
-> Request 7
1026
(2, 3, 2)
2
(63, 65)
-> Request 8
1202
(3, 3, 2)
2
(58, 39)
-> Request 9
1283
(3, 3, 1)
3
(9, 24)
-> Request 10
1373
(3, 1, 1)
3
(49, 34)
--> Day : 2
-> Request 0
582
(1, 2, 1)
2
(50, 36)
-> Request 1
717
(4, 1, 2)
3
(55, 76)
-> Request 2
826
(4, 3, 2)
2
(51, 29)
-> Request 3
1059
(3, 3, 1)
3
(46, 43)
-> Request 4
1261
(4, 2, 2)
2
(53, 71)
-> Request 5
1380
(4, 1, 1)
2
(43, 46)
--> Day : 3
-> Request 0
123
(1, 2, 2)
3
(9, 26)
-> Request 1
430
(2, 2, 2)
3
(66, 74)
-> Request 2
975
(2, 3, 1)
1
(17, 23)
-> Request 3
1024
(4, 3, 1)
1
(17, 26)
-> Request 4
1274
(2, 1, 2)
2
(65, 66)
-> Request 5
1372
(3, 1, 1)
3
(16, 27)
--> Day : 4
-> Request 0
214
(3, 3, 2)
1
(53, 70)
-> Request 1
333
(1, 2, 1)
1
(53, 68)
-> Request 2
657
(4, 2, 1)
1
(8, 22)
-> Request 3
723
(4, 2, 1)
3
(46, 38)
-> Request 4
774
(4, 2, 2)
2
(60, 41)
-> Request 5
1019
(1, 3, 1)
2
(51, 43)
-> Request 6
1126
(1, 3, 1)
2
(51, 45)
-> Request 7
1213
(1, 3, 1)
2
(12, 26)
---> Week : 69
--> Day : 0
-> Request 0
238
(2, 3, 2)
3
(62, 66)
-> Request 1
651
(2, 2, 2)
2
(52, 69)
-> Request 2
771
(1, 3, 2)
3
(51, 41)
-> Request 3
806
(4, 3, 1)
1
(45, 44)
-> Request 4
1421
(2, 3, 1)
2
(55, 39)
--> Day : 1
-> Request 0
194
(4, 1, 1)
1
(50, 39)
-> Request 1
529
(2, 1, 1)
2
(52, 35)
-> Request 2
1019
(1, 3, 1)
3
(59, 75)
-> Request 3
1314
(1, 3, 2)
2
(53, 29)
--> Day : 2
-> Request 0
6
(1, 1, 1)
2
(47, 44)
-> Request 1
59
(2, 1, 2)
3
(52, 38)
-> Request 2
136
(4, 3, 1)
3
(17, 29)
-> Request 3
174
(3, 2, 1)
2
(54, 71)
-> Request 4
196
(1, 2, 1)
2
(61, 27)
-> Request 5
216
(1, 2, 1)
2
(52, 27)
-> Request 6
294
(2, 1, 1)
1
(60, 65)
-> Request 7
454
(1, 2, 2)
3
(44, 46)
-> Request 8
532
(2, 3, 1)
3
(56, 78)
-> Request 9
816
(1, 2, 1)
2
(50, 43)
-> Request 10
1033
(4, 2, 1)
1
(55, 70)
-> Request 11
1355
(3, 1, 1)
1
(44, 38)
-> Request 12
1365
(4, 1, 1)
1
(56, 35)
-> Request 13
1429
(4, 2, 1)
1
(62, 35)
--> Day : 3
-> Request 0
129
(4, 2, 2)
1
(8, 24)
-> Request 1
191
(4, 2, 1)
2
(11, 27)
-> Request 2
215
(3, 1, 1)
1
(57, 46)
-> Request 3
294
(2, 2, 1)
2
(59, 69)
-> Request 4
376
(1, 1, 1)
1
(60, 27)
-> Request 5
447
(4, 3, 1)
2
(58, 69)
-> Request 6
474
(1, 1, 2)
2
(51, 32)
-> Request 7
661
(3, 1, 2)
2
(61, 34)
-> Request 8
674
(1, 3, 1)
2
(60, 43)
-> Request 9
808
(2, 1, 1)
3
(49, 32)
-> Request 10
811
(2, 3, 1)
2
(17, 21)
-> Request 11
874
(2, 3, 2)
1
(54, 35)
-> Request 12
1246
(4, 1, 2)
1
(57, 75)
-> Request 13
1333
(1, 3, 2)
1
(52, 74)
-> Request 14
1429
(3, 3, 1)
2
(57, 45)
--> Day : 4
-> Request 0
372
(4, 3, 1)
2
(17, 29)
-> Request 1
390
(4, 1, 1)
1
(59, 35)
-> Request 2
453
(2, 2, 1)
2
(11, 20)
-> Request 3
505
(4, 3, 1)
1
(55, 35)
-> Request 4
593
(1, 1, 1)
2
(53, 71)
-> Request 5
1135
(4, 3, 1)
1
(50, 46)
-> Request 6
1362
(3, 1, 2)
2
(8, 22)
---> Week : 70
--> Day : 0
-> Request 0
56
(3, 1, 1)
3
(59, 77)
-> Request 1
88
(4, 1, 2)
2
(57, 46)
-> Request 2
206
(3, 3, 1)
1
(58, 44)
-> Request 3
307
(1, 1, 1)
2
(49, 38)
-> Request 4
323
(2, 1, 1)
2
(16, 24)
-> Request 5
369
(3, 1, 2)
1
(46, 27)
-> Request 6
507
(2, 1, 1)
3
(60, 39)
-> Request 7
738
(1, 2, 2)
2
(59, 73)
-> Request 8
924
(3, 1, 2)
1
(12, 28)
-> Request 9
1341
(3, 3, 2)
3
(55, 37)
--> Day : 1
-> Request 0
67
(4, 1, 1)
2
(54, 71)
-> Request 1
112
(3, 3, 2)
3
(57, 78)
-> Request 2
165
(1, 1, 2)
3
(59, 28)
-> Request 3
276
(3, 3, 2)
3
(48, 37)
-> Request 4
489
(1, 2, 1)
3
(46, 32)
-> Request 5
783
(1, 1, 1)
3
(61, 72)
-> Request 6
1018
(4, 2, 2)
3
(65, 66)
-> Request 7
1111
(2, 1, 1)
1
(43, 31)
-> Request 8
1187
(4, 2, 1)
1
(55, 29)
-> Request 9
1400
(2, 3, 2)
3
(57, 40)
--> Day : 2
-> Request 0
12
(4, 3, 1)
1
(16, 23)
-> Request 1
194
(1, 3, 1)
2
(60, 72)
-> Request 2
209
(4, 1, 1)
3
(49, 40)
-> Request 3
350
(3, 1, 2)
3
(53, 43)
-> Request 4
363
(4, 2, 1)
3
(44, 37)
-> Request 5
605
(1, 3, 1)
3
(58, 34)
-> Request 6
828
(1, 2, 1)
1
(53, 68)
-> Request 7
1047
(4, 3, 1)
3
(56, 45)
-> Request 8
1107
(1, 1, 1)
1
(58, 37)
--> Day : 3
-> Request 0
119
(1, 1, 2)
3
(61, 42)
-> Request 1
381
(4, 3, 2)
3
(61, 31)
-> Request 2
441
(2, 1, 2)
2
(61, 45)
-> Request 3
723
(2, 3, 2)
1
(62, 41)
-> Request 4
750
(1, 1, 2)
1
(50, 43)
-> Request 5
858
(3, 1, 1)
1
(52, 72)
-> Request 6
954
(3, 3, 1)
1
(45, 27)
-> Request 7
1021
(2, 2, 1)
3
(49, 29)
-> Request 8
1057
(3, 2, 1)
1
(59, 34)
-> Request 9
1197
(4, 2, 1)
1
(55, 27)
-> Request 10
1204
(4, 2, 1)
3
(61, 43)
-> Request 11
1298
(3, 1, 2)
2
(47, 38)
--> Day : 4
-> Request 0
47
(1, 1, 2)
1
(55, 31)
-> Request 1
142
(4, 3, 1)
1
(66, 64)
-> Request 2
373
(3, 2, 2)
3
(54, 31)
-> Request 3
414
(1, 2, 2)
3
(60, 28)
-> Request 4
520
(2, 3, 1)
1
(60, 44)
-> Request 5
666
(3, 1, 2)
1
(52, 46)
-> Request 6
689
(3, 1, 2)
3
(55, 30)
-> Request 7
707
(2, 1, 2)
3
(55, 35)
-> Request 8
773
(1, 2, 2)
1
(56, 32)
-> Request 9
787
(3, 1, 1)
3
(9, 22)
-> Request 10
1014
(3, 3, 1)
2
(8, 20)
-> Request 11
1032
(3, 1, 1)
2
(11, 27)
-> Request 12
1169
(4, 3, 2)
3
(61, 72)
-> Request 13
1414
(4, 3, 2)
3
(57, 69)
---> Week : 71
--> Day : 0
-> Request 0
92
(3, 2, 2)
3
(55, 42)
-> Request 1
100
(2, 2, 2)
1
(59, 40)
-> Request 2
106
(2, 2, 1)
2
(44, 44)
-> Request 3
197
(1, 1, 1)
2
(47, 42)
-> Request 4
209
(2, 1, 2)
3
(59, 44)
-> Request 5
278
(1, 2, 2)
3
(56, 32)
-> Request 6
330
(4, 1, 1)
3
(58, 31)
-> Request 7
694
(3, 2, 2)
1
(51, 27)
-> Request 8
838
(4, 1, 1)
3
(55, 73)
-> Request 9
867
(1, 1, 1)
2
(62, 40)
-> Request 10
880
(2, 2, 2)
1
(45, 31)
-> Request 11
1263
(3, 3, 1)
1
(55, 65)
-> Request 12
1320
(4, 1, 2)
2
(44, 37)
--> Day : 1
-> Request 0
32
(1, 2, 2)
2
(52, 46)
-> Request 1
414
(1, 3, 1)
2
(57, 45)
-> Request 2
424
(3, 3, 2)
2
(44, 36)
-> Request 3
624
(1, 3, 2)
3
(57, 78)
-> Request 4
719
(3, 2, 2)
1
(55, 27)
-> Request 5
878
(4, 1, 1)
3
(58, 33)
-> Request 6
1257
(4, 2, 1)
1
(58, 36)
--> Day : 2
-> Request 0
22
(2, 2, 2)
1
(15, 28)
-> Request 1
318
(3, 3, 1)
1
(61, 74)
-> Request 2
345
(2, 2, 2)
1
(17, 22)
-> Request 3
474
(3, 2, 2)
2
(46, 38)
-> Request 4
667
(3, 1, 1)
3
(57, 36)
-> Request 5
682
(2, 1, 1)
1
(60, 69)
-> Request 6
683
(1, 2, 2)
3
(54, 64)
-> Request 7
776
(4, 3, 2)
3
(9, 20)
-> Request 8
834
(3, 2, 2)
2
(53, 29)
-> Request 9
949
(1, 2, 2)
3
(15, 28)
-> Request 10
1168
(1, 1, 2)
3
(52, 39)
-> Request 11
1311
(4, 2, 2)
3
(52, 32)
-> Request 12
1404
(3, 3, 2)
1
(43, 37)
--> Day : 3
-> Request 0
140
(4, 2, 1)
3
(43, 29)
-> Request 1
581
(2, 3, 2)
3
(61, 64)
-> Request 2
595
(3, 1, 2)
3
(55, 33)
-> Request 3
838
(4, 2, 2)
2
(56, 37)
-> Request 4
904
(3, 2, 1)
1
(52, 45)
-> Request 5
1089
(2, 3, 1)
2
(56, 43)
-> Request 6
1206
(2, 2, 1)
3
(48, 30)
-> Request 7
1261
(4, 1, 1)
3
(60, 66)
--> Day : 4
-> Request 0
40
(1, 3, 1)
3
(57, 66)
-> Request 1
283
(2, 2, 2)
1
(17, 20)
-> Request 2
359
(4, 2, 1)
2
(44, 44)
-> Request 3
657
(4, 1, 2)
1
(53, 72)
-> Request 4
984
(4, 2, 2)
2
(62, 31)
-> Request 5
987
(3, 1, 1)
1
(59, 37)
-> Request 6
1391
(1, 2, 1)
2
(13, 24)
---> Week : 72
--> Day : 0
-> Request 0
66
(1, 1, 1)
3
(59, 39)
-> Request 1
144
(1, 1, 2)
2
(8, 29)
-> Request 2
980
(3, 1, 2)
1
(64, 77)
-> Request 3
986
(2, 2, 1)
3
(17, 26)
-> Request 4
1188
(4, 1, 1)
1
(53, 76)
-> Request 5
1278
(3, 1, 2)
3
(57, 69)
--> Day : 1
-> Request 0
109
(2, 3, 2)
1
(52, 39)
-> Request 1
420
(1, 3, 2)
1
(61, 66)
-> Request 2
592
(3, 2, 1)
2
(62, 36)
-> Request 3
610
(1, 2, 2)
1
(49, 33)
-> Request 4
904
(1, 3, 2)
2
(57, 46)
-> Request 5
1285
(1, 2, 1)
1
(48, 29)
-> Request 6
1361
(3, 1, 2)
1
(52, 76)
--> Day : 2
-> Request 0
247
(4, 1, 1)
3
(64, 64)
-> Request 1
277
(3, 1, 2)
2
(54, 27)
-> Request 2
321
(3, 1, 2)
2
(58, 68)
-> Request 3
626
(1, 2, 2)
2
(50, 27)
-> Request 4
1198
(1, 1, 2)
2
(58, 69)
-> Request 5
1312
(4, 2, 1)
2
(12, 29)
-> Request 6
1353
(4, 1, 2)
3
(57, 78)
--> Day : 3
-> Request 0
105
(3, 3, 1)
1
(54, 29)
-> Request 1
636
(4, 3, 1)
2
(46, 39)
-> Request 2
960
(1, 2, 2)
2
(55, 34)
-> Request 3
994
(1, 1, 2)
1
(59, 69)
-> Request 4
1170
(1, 3, 1)
2
(43, 30)
-> Request 5
1433
(3, 2, 2)
3
(65, 76)
--> Day : 4
-> Request 0
218
(4, 2, 1)
3
(9, 21)
-> Request 1
244
(3, 1, 1)
3
(58, 44)
-> Request 2
748
(1, 1, 2)
2
(50, 33)
-> Request 3
864
(3, 2, 1)
2
(52, 65)
-> Request 4
1006
(1, 1, 2)
2
(59, 67)
-> Request 5
1144
(2, 3, 2)
1
(11, 23)
-> Request 6
1173
(2, 2, 1)
2
(50, 40)
-> Request 7
1287
(2, 1, 2)
2
(46, 45)
-> Request 8
1382
(4, 2, 1)
3
(64, 64)
---> Week : 73
--> Day : 0
-> Request 0
66
(3, 2, 1)
1
(52, 77)
-> Request 1
250
(4, 1, 2)
1
(58, 67)
-> Request 2
264
(1, 3, 1)
1
(49, 27)
-> Request 3
463
(2, 1, 1)
3
(62, 78)
-> Request 4
480
(4, 2, 2)
3
(43, 35)
-> Request 5
677
(4, 1, 1)
2
(57, 78)
-> Request 6
797
(1, 2, 1)
2
(57, 45)
-> Request 7
866
(2, 3, 1)
1
(64, 65)
-> Request 8
965
(3, 2, 2)
1
(53, 31)
-> Request 9
1040
(3, 1, 1)
3
(12, 21)
--> Day : 1
-> Request 0
206
(1, 3, 1)
2
(57, 68)
-> Request 1
217
(1, 2, 2)
2
(53, 33)
-> Request 2
245
(3, 1, 2)
3
(59, 67)
-> Request 3
376
(4, 1, 2)
3
(55, 75)
-> Request 4
407
(3, 1, 1)
1
(62, 65)
-> Request 5
437
(4, 2, 2)
2
(59, 72)
-> Request 6
493
(3, 3, 2)
2
(11, 26)
-> Request 7
509
(3, 3, 2)
3
(58, 68)
-> Request 8
724
(1, 3, 2)
2
(14, 27)
-> Request 9
984
(1, 2, 1)
2
(63, 74)
-> Request 10
1009
(2, 3, 2)
2
(53, 40)
-> Request 11
1417
(1, 3, 2)
1
(13, 23)
--> Day : 2
-> Request 0
231
(1, 3, 1)
1
(49, 38)
-> Request 1
231
(1, 1, 2)
2
(56, 36)
-> Request 2
340
(4, 3, 1)
2
(58, 38)
-> Request 3
353
(1, 3, 1)
1
(11, 28)
-> Request 4
377
(3, 2, 2)
2
(58, 46)
-> Request 5
505
(2, 3, 1)
1
(44, 38)
-> Request 6
536
(2, 1, 2)
3
(58, 28)
-> Request 7
585
(4, 2, 1)
2
(55, 28)
-> Request 8
615
(1, 1, 1)
1
(48, 44)
-> Request 9
1267
(3, 3, 1)
3
(50, 32)
-> Request 10
1298
(2, 1, 2)
2
(47, 42)
-> Request 11
1309
(2, 3, 2)
2
(56, 35)
--> Day : 3
-> Request 0
383
(2, 2, 1)
2
(16, 27)
-> Request 1
536
(2, 3, 2)
2
(47, 27)
-> Request 2
694
(3, 1, 1)
3
(12, 23)
-> Request 3
732
(4, 3, 2)
3
(13, 24)
-> Request 4
795
(1, 2, 1)
3
(54, 37)
-> Request 5
799
(1, 1, 1)
1
(47, 30)
--> Day : 4
-> Request 0
70
(1, 2, 2)
1
(53, 65)
-> Request 1
146
(2, 1, 1)
2
(13, 22)
-> Request 2
211
(4, 2, 1)
3
(58, 46)
-> Request 3
252
(2, 2, 2)
1
(59, 73)
-> Request 4
294
(1, 2, 2)
3
(55, 77)
-> Request 5
398
(1, 2, 2)
1
(47, 42)
-> Request 6
404
(1, 3, 1)
3
(57, 40)
-> Request 7
413
(2, 2, 2)
2
(43, 27)
-> Request 8
468
(1, 1, 1)
3
(49, 33)
-> Request 9
545
(4, 3, 1)
2
(55, 33)
-> Request 10
626
(2, 2, 2)
2
(12, 29)
-> Request 11
672
(2, 2, 2)
2
(44, 43)
-> Request 12
753
(4, 3, 2)
1
(58, 42)
-> Request 13
867
(4, 1, 1)
2
(62, 68)
-> Request 14
1115
(4, 1, 1)
1
(54, 35)
-> Request 15
1141
(2, 2, 1)
1
(17, 29)
-> Request 16
1318
(2, 2, 2)
1
(48, 33)
-> Request 17
1356
(4, 2, 1)
3
(65, 70)
-> Request 18
1360
(2, 2, 1)
1
(52, 34)
-> Request 19
1415
(1, 2, 1)
1
(57, 42)
---> Week : 74
--> Day : 0
-> Request 0
144
(2, 3, 1)
2
(61, 28)
-> Request 1
230
(1, 1, 1)
1
(49, 27)
-> Request 2
266
(1, 1, 2)
3
(9, 21)
-> Request 3
646
(3, 3, 2)
2
(47, 44)
-> Request 4
1233
(3, 1, 1)
2
(50, 36)
-> Request 5
1248
(4, 2, 1)
1
(12, 28)
-> Request 6
1285
(4, 1, 2)
2
(56, 68)
-> Request 7
1429
(4, 2, 1)
3
(66, 70)
--> Day : 1
-> Request 0
134
(3, 2, 2)
2
(52, 69)
-> Request 1
292
(2, 1, 2)
3
(43, 37)
-> Request 2
521
(2, 2, 1)
3
(50, 32)
-> Request 3
792
(2, 1, 2)
1
(48, 38)
-> Request 4
823
(4, 3, 1)
3
(44, 43)
-> Request 5
943
(2, 1, 1)
3
(56, 44)
-> Request 6
959
(4, 3, 2)
3
(52, 33)
-> Request 7
1015
(2, 2, 1)
1
(46, 31)
-> Request 8
1129
(1, 2, 2)
1
(62, 28)
-> Request 9
1151
(4, 2, 1)
1
(11, 22)
-> Request 10
1366
(4, 1, 2)
2
(51, 29)
-> Request 11
1372
(1, 3, 1)
1
(47, 46)
-> Request 12
1426
(1, 2, 2)
1
(49, 33)
--> Day : 2
-> Request 0
103
(4, 1, 1)
2
(64, 67)
-> Request 1
225
(1, 1, 1)
2
(60, 73)
-> Request 2
315
(2, 1, 1)
2
(11, 20)
-> Request 3
541
(2, 1, 1)
1
(60, 40)
-> Request 4
851
(4, 1, 1)
3
(60, 41)
-> Request 5
982
(3, 2, 1)
3
(55, 65)
-> Request 6
1353
(3, 1, 1)
1
(59, 29)
-> Request 7
1432
(1, 2, 1)
3
(57, 38)
--> Day : 3
-> Request 0
6
(1, 3, 1)
3
(58, 44)
-> Request 1
156
(3, 2, 2)
1
(60, 27)
-> Request 2
200
(4, 2, 2)
1
(62, 43)
-> Request 3
375
(4, 1, 1)
3
(57, 77)
-> Request 4
778
(3, 3, 2)
2
(50, 30)
-> Request 5
952
(2, 3, 2)
3
(55, 29)
-> Request 6
1082
(2, 3, 1)
3
(50, 33)
-> Request 7
1293
(1, 3, 1)
3
(52, 34)
-> Request 8
1347
(4, 3, 1)
2
(59, 77)
-> Request 9
1420
(3, 1, 2)
1
(62, 69)
-> Request 10
1431
(2, 2, 2)
2
(48, 31)
--> Day : 4
-> Request 0
295
(3, 3, 2)
2
(58, 76)
-> Request 1
766
(1, 3, 1)
1
(9, 28)
-> Request 2
831
(4, 1, 1)
1
(53, 39)
-> Request 3
1321
(2, 1, 1)
1
(56, 40)
---> Week : 75
--> Day : 0
-> Request 0
58
(3, 2, 1)
3
(58, 29)
-> Request 1
705
(1, 1, 1)
2
(60, 40)
-> Request 2
975
(2, 3, 2)
1
(47, 28)
-> Request 3
1000
(3, 2, 2)
1
(59, 65)
-> Request 4
1350
(3, 1, 1)
3
(53, 31)
-> Request 5
1350
(4, 3, 2)
2
(55, 46)
-> Request 6
1387
(3, 2, 2)
1
(45, 27)
-> Request 7
1416
(3, 3, 1)
2
(57, 41)
--> Day : 1
-> Request 0
407
(2, 2, 1)
1
(61, 76)
-> Request 1
596
(4, 1, 2)
3
(59, 37)
-> Request 2
626
(4, 2, 2)
2
(63, 70)
-> Request 3
779
(2, 1, 1)
3
(55, 64)
-> Request 4
1046
(2, 2, 1)
2
(60, 64)
-> Request 5
1139
(4, 1, 2)
3
(54, 32)
-> Request 6
1197
(3, 1, 2)
3
(10, 21)
--> Day : 2
-> Request 0
11
(2, 1, 2)
2
(56, 70)
-> Request 1
152
(4, 3, 2)
1
(16, 25)
-> Request 2
192
(2, 3, 2)
1
(10, 27)
-> Request 3
292
(2, 2, 2)
3
(44, 44)
-> Request 4
307
(3, 2, 2)
2
(11, 20)
-> Request 5
362
(1, 3, 1)
1
(44, 31)
-> Request 6
451
(3, 2, 2)
3
(46, 30)
-> Request 7
507
(4, 1, 2)
2
(58, 29)
-> Request 8
585
(4, 1, 1)
2
(48, 36)
-> Request 9
681
(1, 2, 1)
1
(63, 71)
-> Request 10
734
(4, 1, 1)
2
(58, 39)
-> Request 11
833
(3, 3, 2)
1
(55, 46)
-> Request 12
1038
(2, 1, 1)
3
(59, 73)
-> Request 13
1224
(4, 3, 2)
3
(58, 65)
-> Request 14
1249
(4, 2, 2)
2
(54, 41)
-> Request 15
1269
(1, 1, 1)
1
(15, 25)
--> Day : 3
-> Request 0
33
(1, 1, 1)
3
(64, 72)
-> Request 1
156
(2, 2, 1)
2
(43, 31)
-> Request 2
417
(3, 2, 2)
2
(59, 67)
-> Request 3
417
(4, 2, 2)
1
(52, 36)
-> Request 4
735
(1, 2, 2)
3
(56, 71)
-> Request 5
777
(4, 1, 2)
2
(60, 68)
-> Request 6
827
(4, 3, 1)
3
(44, 27)
-> Request 7
848
(2, 2, 1)
3
(61, 66)
-> Request 8
904
(3, 1, 1)
3
(15, 29)
-> Request 9
934
(1, 1, 2)
3
(48, 37)
-> Request 10
971
(4, 2, 2)
3
(54, 65)
-> Request 11
1297
(3, 1, 2)
3
(52, 35)
--> Day : 4
-> Request 0
66
(2, 2, 1)
1
(9, 28)
-> Request 1
526
(2, 1, 1)
1
(8, 20)
-> Request 2
603
(4, 2, 1)
3
(14, 29)
-> Request 3
774
(4, 3, 2)
2
(56, 64)
-> Request 4
929
(4, 3, 1)
2
(55, 36)
-> Request 5
961
(1, 3, 2)
2
(56, 74)
-> Request 6
1159
(3, 2, 2)
2
(52, 68)
-> Request 7
1206
(1, 2, 1)
1
(46, 28)
-> Request 8
1410
(2, 1, 2)
1
(63, 69)
-> Request 9
1434
(4, 1, 1)
1
(60, 67)
---> Week : 76
--> Day : 0
-> Request 0
101
(2, 3, 1)
3
(10, 29)
-> Request 1
250
(1, 1, 2)
2
(43, 46)
-> Request 2
331
(1, 2, 2)
3
(14, 28)
-> Request 3
495
(3, 3, 1)
3
(64, 71)
-> Request 4
653
(3, 3, 1)
1
(64, 67)
-> Request 5
689
(1, 2, 2)
3
(52, 30)
-> Request 6
715
(1, 1, 1)
2
(65, 72)
-> Request 7
1078
(3, 2, 2)
1
(53, 36)
-> Request 8
1270
(1, 1, 1)
1
(10, 24)
--> Day : 1
-> Request 0
50
(4, 2, 1)
3
(17, 26)
-> Request 1
294
(1, 3, 1)
3
(62, 30)
-> Request 2
320
(1, 3, 1)
2
(54, 35)
-> Request 3
322
(3, 2, 2)
3
(59, 43)
-> Request 4
396
(4, 3, 2)
3
(52, 70)
-> Request 5
785
(4, 1, 1)
2
(44, 28)
-> Request 6
1049
(1, 1, 2)
1
(55, 68)
-> Request 7
1051
(3, 3, 2)
1
(55, 69)
-> Request 8
1285
(4, 2, 1)
1
(56, 75)
--> Day : 2
-> Request 0
191
(1, 1, 1)
1
(43, 38)
-> Request 1
241
(4, 2, 2)
2
(14, 24)
-> Request 2
444
(1, 3, 2)
3
(52, 68)
-> Request 3
1234
(2, 3, 1)
2
(9, 23)
--> Day : 3
-> Request 0
385
(4, 1, 1)
2
(55, 71)
-> Request 1
439
(4, 2, 2)
1
(55, 42)
-> Request 2
505
(3, 2, 2)
2
(55, 35)
-> Request 3
610
(2, 1, 1)
1
(65, 73)
-> Request 4
901
(4, 2, 1)
2
(58, 70)
-> Request 5
1112
(3, 3, 2)
1
(9, 21)
-> Request 6
1153
(1, 1, 1)
2
(60, 67)
-> Request 7
1259
(4, 3, 1)
1
(52, 67)
-> Request 8
1267
(4, 3, 2)
3
(15, 27)
-> Request 9
1290
(4, 3, 2)
3
(48, 36)
-> Request 10
1305
(3, 3, 2)
1
(60, 76)
--> Day : 4
-> Request 0
82
(2, 2, 1)
1
(46, 36)
-> Request 1
146
(1, 2, 1)
1
(58, 65)
-> Request 2
373
(3, 3, 2)
3
(53, 35)
-> Request 3
559
(3, 1, 1)
3
(13, 22)
-> Request 4
629
(1, 3, 2)
2
(16, 21)
-> Request 5
888
(3, 1, 1)
3
(50, 37)
-> Request 6
926
(3, 3, 2)
3
(13, 25)
-> Request 7
1058
(1, 1, 2)
1
(59, 42)
-> Request 8
1060
(3, 1, 2)
2
(58, 72)
-> Request 9
1096
(3, 1, 1)
1
(44, 32)
-> Request 10
1386
(2, 1, 1)
1
(65, 71)
---> Week : 77
--> Day : 0
-> Request 0
14
(3, 2, 2)
3
(61, 30)
-> Request 1
108
(4, 2, 1)
3
(58, 45)
-> Request 2
111
(1, 3, 1)
3
(65, 71)
-> Request 3
234
(4, 2, 2)
3
(15, 23)
-> Request 4
323
(4, 2, 2)
3
(56, 39)
-> Request 5
583
(2, 2, 1)
3
(57, 69)
-> Request 6
1145
(2, 2, 2)
2
(47, 29)
-> Request 7
1342
(1, 1, 1)
3
(16, 26)
--> Day : 1
-> Request 0
3
(3, 1, 1)
1
(56, 45)
-> Request 1
127
(2, 3, 2)
1
(64, 66)
-> Request 2
392
(2, 3, 1)
3
(56, 33)
-> Request 3
482
(1, 2, 1)
1
(56, 39)
-> Request 4
798
(3, 1, 1)
1
(60, 30)
-> Request 5
804
(2, 1, 2)
3
(56, 36)
-> Request 6
1000
(3, 3, 1)
1
(57, 42)
-> Request 7
1201
(2, 2, 1)
2
(44, 33)
-> Request 8
1360
(1, 2, 1)
2
(56, 29)
-> Request 9
1366
(2, 3, 2)
2
(53, 43)
-> Request 10
1426
(4, 3, 2)
1
(8, 29)
--> Day : 2
-> Request 0
147
(3, 1, 2)
2
(45, 27)
-> Request 1
709
(3, 1, 1)
2
(49, 28)
-> Request 2
830
(4, 2, 2)
3
(62, 64)
-> Request 3
845
(4, 2, 2)
3
(56, 66)
--> Day : 3
-> Request 0
228
(2, 2, 2)
3
(63, 74)
-> Request 1
236
(3, 1, 1)
2
(66, 67)
-> Request 2
606
(1, 1, 1)
3
(53, 67)
-> Request 3
611
(4, 3, 1)
3
(17, 22)
-> Request 4
655
(3, 3, 2)
3
(57, 29)
-> Request 5
1003
(4, 2, 2)
3
(45, 27)
-> Request 6
1067
(3, 2, 1)
2
(48, 37)
-> Request 7
1162
(4, 1, 1)
1
(57, 74)
-> Request 8
1255
(2, 2, 2)
1
(53, 66)
-> Request 9
1361
(1, 1, 2)
2
(45, 27)
--> Day : 4
-> Request 0
123
(4, 2, 1)
3
(58, 33)
-> Request 1
132
(4, 2, 1)
2
(57, 71)
-> Request 2
167
(2, 2, 2)
2
(47, 29)
-> Request 3
173
(4, 2, 1)
1
(54, 69)
-> Request 4
201
(1, 2, 1)
3
(49, 29)
-> Request 5
290
(1, 3, 2)
1
(51, 29)
-> Request 6
583
(4, 2, 2)
3
(9, 24)
-> Request 7
694
(3, 2, 2)
1
(63, 73)
-> Request 8
764
(2, 2, 2)
2
(48, 28)
-> Request 9
1053
(2, 3, 1)
3
(58, 36)
-> Request 10
1113
(3, 3, 2)
3
(61, 30)
---> Week : 78
--> Day : 0
-> Request 0
65
(1, 1, 2)
2
(59, 72)
-> Request 1
166
(4, 2, 2)
1
(62, 40)
-> Request 2
372
(2, 3, 1)
1
(64, 66)
-> Request 3
538
(2, 1, 1)
3
(53, 36)
-> Request 4
624
(3, 3, 1)
2
(12, 24)
-> Request 5
713
(3, 2, 2)
2
(52, 64)
-> Request 6
796
(3, 3, 1)
3
(54, 35)
-> Request 7
1431
(3, 2, 1)
1
(66, 69)
--> Day : 1
-> Request 0
225
(1, 3, 2)
2
(63, 68)
-> Request 1
226
(4, 2, 1)
3
(60, 44)
-> Request 2
344
(1, 1, 1)
3
(63, 73)
-> Request 3
466
(1, 2, 1)
3
(64, 69)
-> Request 4
502
(4, 3, 2)
2
(64, 67)
-> Request 5
749
(4, 1, 2)
1
(54, 45)
-> Request 6
1057
(4, 3, 2)
3
(60, 66)
-> Request 7
1232
(3, 2, 2)
1
(14, 28)
-> Request 8
1240
(4, 3, 1)
1
(56, 77)
-> Request 9
1436
(3, 3, 2)
1
(58, 38)
--> Day : 2
-> Request 0
14
(1, 3, 2)
2
(13, 24)
-> Request 1
316
(3, 2, 2)
1
(66, 69)
-> Request 2
431
(3, 3, 2)
3
(54, 27)
-> Request 3
437
(2, 1, 1)
1
(44, 38)
-> Request 4
637
(2, 2, 2)
2
(47, 34)
-> Request 5
839
(1, 2, 1)
2
(57, 46)
-> Request 6
856
(1, 1, 1)
1
(56, 75)
-> Request 7
1147
(4, 1, 2)
3
(51, 44)
-> Request 8
1302
(1, 3, 1)
1
(44, 38)
-> Request 9
1428
(1, 1, 2)
1
(52, 36)
--> Day : 3
-> Request 0
354
(4, 3, 1)
2
(55, 36)
-> Request 1
426
(4, 2, 2)
1
(52, 65)
-> Request 2
555
(1, 2, 2)
1
(59, 65)
-> Request 3
692
(2, 1, 1)
1
(13, 28)
-> Request 4
784
(4, 3, 2)
1
(10, 24)
-> Request 5
844
(3, 2, 1)
3
(51, 33)
-> Request 6
913
(4, 2, 1)
2
(59, 37)
-> Request 7
1244
(1, 2, 2)
2
(63, 64)
-> Request 8
1301
(2, 3, 1)
3
(54, 77)
--> Day : 4
-> Request 0
21
(4, 1, 2)
3
(61, 65)
-> Request 1
100
(2, 2, 1)
1
(54, 71)
-> Request 2
112
(2, 1, 2)
3
(63, 77)
-> Request 3
305
(2, 1, 1)
1
(57, 73)
-> Request 4
475
(3, 3, 2)
1
(54, 28)
-> Request 5
547
(1, 2, 2)
1
(47, 40)
-> Request 6
641
(4, 2, 2)
3
(51, 45)
---> Week : 79
--> Day : 0
-> Request 0
137
(2, 1, 2)
1
(12, 23)
-> Request 1
357
(3, 2, 1)
1
(64, 72)
-> Request 2
413
(4, 3, 2)
1
(59, 72)
-> Request 3
499
(4, 1, 1)
1
(52, 76)
-> Request 4
516
(2, 2, 1)
1
(14, 21)
-> Request 5
1168
(4, 1, 1)
1
(13, 24)
-> Request 6
1197
(1, 1, 1)
2
(62, 46)
-> Request 7
1300
(2, 1, 2)
3
(11, 26)
-> Request 8
1354
(3, 3, 2)
2
(43, 35)
--> Day : 1
-> Request 0
253
(2, 1, 2)
3
(53, 41)
-> Request 1
370
(4, 2, 2)
3
(54, 64)
-> Request 2
472
(2, 2, 2)
1
(56, 76)
-> Request 3
561
(4, 2, 2)
3
(58, 38)
-> Request 4
642
(3, 1, 1)
3
(61, 65)
-> Request 5
851
(3, 3, 1)
2
(62, 42)
-> Request 6
1433
(4, 2, 2)
1
(55, 35)
--> Day : 2
-> Request 0
43
(4, 3, 1)
2
(56, 68)
-> Request 1
75
(2, 2, 2)
2
(54, 35)
-> Request 2
210
(4, 3, 1)
3
(45, 38)
-> Request 3
391
(3, 2, 2)
3
(61, 27)
-> Request 4
547
(4, 2, 2)
1
(54, 70)
-> Request 5
555
(3, 1, 2)
3
(48, 33)
-> Request 6
800
(3, 1, 2)
1
(53, 42)
-> Request 7
1058
(4, 3, 2)
1
(13, 20)
-> Request 8
1159
(1, 3, 2)
3
(47, 29)
-> Request 9
1192
(2, 2, 2)
3
(13, 23)
-> Request 10
1381
(2, 1, 2)
3
(46, 30)
-> Request 11
1425
(4, 3, 1)
3
(11, 28)
--> Day : 3
-> Request 0
37
(2, 1, 1)
1
(56, 66)
-> Request 1
293
(3, 3, 2)
3
(13, 27)
-> Request 2
335
(1, 3, 2)
3
(52, 34)
-> Request 3
364
(3, 3, 1)
3
(50, 29)
-> Request 4
562
(1, 3, 2)
1
(57, 38)
-> Request 5
835
(2, 3, 2)
3
(47, 33)
-> Request 6
883
(1, 1, 1)
2
(59, 29)
-> Request 7
918
(1, 3, 1)
2
(52, 46)
-> Request 8
965
(2, 1, 2)
3
(66, 68)
--> Day : 4
-> Request 0
170
(2, 2, 1)
3
(56, 70)
-> Request 1
255
(3, 2, 2)
1
(62, 29)
-> Request 2
359
(3, 3, 2)
3
(9, 25)
-> Request 3
373
(4, 3, 1)
3
(15, 21)
-> Request 4
491
(3, 3, 2)
1
(58, 76)
-> Request 5
509
(1, 3, 2)
3
(12, 29)
-> Request 6
514
(3, 2, 2)
3
(57, 38)
-> Request 7
574
(2, 1, 2)
1
(63, 64)
-> Request 8
612
(4, 3, 2)
1
(57, 67)
-> Request 9
661
(1, 3, 2)
2
(59, 78)
-> Request 10
940
(2, 2, 1)
2
(45, 44)
-> Request 11
971
(3, 3, 2)
1
(43, 43)
-> Request 12
1072
(4, 1, 1)
1
(15, 21)
-> Request 13
1208
(2, 2, 1)
2
(62, 33)
-> Request 14
1360
(1, 2, 1)
1
(51, 30)
---> Week : 80
--> Day : 0
-> Request 0
116
(4, 2, 2)
2
(11, 28)
-> Request 1
268
(4, 1, 2)
1
(14, 24)
-> Request 2
408
(2, 3, 2)
1
(64, 66)
-> Request 3
464
(3, 2, 2)
1
(49, 43)
-> Request 4
489
(4, 3, 1)
1
(48, 44)
-> Request 5
510
(2, 2, 2)
2
(59, 32)
-> Request 6
608
(3, 1, 2)
3
(60, 64)
-> Request 7
967
(3, 1, 1)
3
(51, 33)
-> Request 8
1062
(1, 3, 2)
2
(49, 27)
-> Request 9
1237
(1, 3, 1)
2
(50, 27)
-> Request 10
1318
(3, 3, 1)
1
(51, 43)
--> Day : 1
-> Request 0
16
(1, 1, 1)
2
(64, 69)
-> Request 1
199
(3, 2, 2)
2
(61, 29)
-> Request 2
236
(1, 3, 1)
1
(57, 29)
-> Request 3
416
(4, 3, 1)
1
(53, 74)
-> Request 4
469
(2, 1, 2)
2
(9, 28)
-> Request 5
629
(1, 3, 1)
1
(51, 34)
-> Request 6
724
(2, 1, 2)
3
(64, 66)
-> Request 7
762
(3, 2, 1)
2
(44, 38)
-> Request 8
812
(2, 1, 1)
1
(52, 67)
-> Request 9
1157
(1, 3, 1)
3
(52, 39)
-> Request 10
1315
(1, 1, 2)
1
(15, 27)
-> Request 11
1371
(1, 2, 2)
3
(43, 35)
-> Request 12
1380
(4, 1, 2)
1
(56, 67)
--> Day : 2
-> Request 0
80
(1, 3, 1)
2
(52, 69)
-> Request 1
115
(3, 3, 1)
2
(51, 37)
-> Request 2
307
(1, 3, 1)
2
(65, 69)
-> Request 3
316
(2, 1, 2)
2
(53, 39)
-> Request 4
458
(1, 3, 1)
3
(57, 38)
-> Request 5
540
(1, 2, 1)
3
(44, 29)
-> Request 6
590
(2, 2, 1)
2
(44, 41)
-> Request 7
663
(4, 1, 2)
3
(12, 22)
-> Request 8
726
(3, 3, 2)
1
(53, 36)
-> Request 9
1149
(2, 3, 2)
2
(60, 68)
-> Request 10
1226
(1, 3, 2)
2
(57, 78)
-> Request 11
1379
(4, 2, 2)
1
(52, 27)
--> Day : 3
-> Request 0
102
(2, 1, 1)
1
(44, 37)
-> Request 1
114
(4, 3, 2)
2
(43, 41)
-> Request 2
314
(4, 1, 2)
2
(59, 36)
-> Request 3
987
(2, 3, 1)
1
(51, 32)
-> Request 4
1000
(2, 3, 2)
2
(57, 73)
-> Request 5
1073
(2, 2, 1)
3
(61, 42)
-> Request 6
1146
(1, 2, 1)
1
(54, 32)
-> Request 7
1155
(1, 1, 2)
3
(43, 32)
-> Request 8
1404
(4, 1, 2)
1
(63, 77)
-> Request 9
1418
(3, 2, 2)
2
(43, 32)
--> Day : 4
-> Request 0
468
(4, 2, 1)
3
(53, 67)
-> Request 1
510
(3, 2, 2)
3
(57, 32)
-> Request 2
510
(1, 2, 2)
2
(66, 74)
-> Request 3
701
(2, 2, 2)
3
(45, 45)
-> Request 4
1274
(4, 1, 1)
3
(60, 39)
-> Request 5
1359
(3, 3, 2)
2
(44, 40)
---> Week : 81
--> Day : 0
-> Request 0
209
(4, 2, 1)
2
(60, 74)
-> Request 1
390
(4, 3, 2)
1
(43, 34)
-> Request 2
717
(2, 2, 1)
3
(58, 68)
-> Request 3
795
(4, 3, 1)
3
(43, 30)
-> Request 4
837
(1, 3, 1)
1
(14, 20)
-> Request 5
933
(3, 1, 2)
1
(60, 45)
-> Request 6
995
(1, 3, 2)
3
(57, 43)
--> Day : 1
-> Request 0
67
(1, 3, 2)
2
(60, 32)
-> Request 1
96
(1, 3, 1)
3
(61, 27)
-> Request 2
113
(4, 1, 2)
3
(8, 25)
-> Request 3
422
(4, 1, 2)
1
(44, 35)
-> Request 4
471
(4, 2, 2)
1
(57, 37)
-> Request 5
509
(4, 3, 2)
1
(50, 39)
-> Request 6
550
(3, 1, 2)
2
(47, 30)
-> Request 7
717
(1, 3, 1)
3
(53, 37)
--> Day : 2
-> Request 0
86
(4, 3, 1)
3
(53, 45)
-> Request 1
90
(4, 1, 1)
1
(64, 78)
-> Request 2
102
(3, 1, 2)
1
(9, 28)
-> Request 3
213
(2, 1, 2)
3
(43, 39)
-> Request 4
365
(4, 2, 2)
1
(60, 40)
-> Request 5
489
(4, 3, 2)
3
(58, 27)
-> Request 6
569
(2, 1, 1)
1
(64, 65)
-> Request 7
600
(3, 2, 2)
2
(60, 76)
-> Request 8
747
(4, 1, 1)
3
(11, 20)
-> Request 9
892
(3, 3, 1)
3
(46, 46)
-> Request 10
965
(3, 1, 1)
2
(63, 71)
-> Request 11
967
(4, 1, 1)
1
(10, 23)
-> Request 12
1085
(3, 2, 1)
1
(46, 30)
-> Request 13
1383
(3, 2, 1)
3
(62, 31)
--> Day : 3
-> Request 0
24
(1, 1, 2)
1
(47, 33)
-> Request 1
171
(4, 3, 1)
1
(13, 29)
-> Request 2
225
(2, 1, 1)
2
(56, 30)
-> Request 3
365
(3, 3, 1)
3
(65, 70)
-> Request 4
502
(2, 3, 2)
2
(58, 29)
-> Request 5
662
(2, 3, 1)
3
(64, 66)
-> Request 6
677
(1, 1, 1)
2
(44, 27)
-> Request 7
719
(4, 1, 1)
3
(50, 35)
-> Request 8
1042
(1, 2, 1)
1
(50, 27)
-> Request 9
1227
(1, 2, 2)
2
(55, 69)
-> Request 10
1277
(1, 3, 1)
1
(63, 74)
-> Request 11
1285
(4, 1, 1)
2
(63, 74)
-> Request 12
1335
(4, 3, 1)
3
(61, 70)
-> Request 13
1379
(2, 3, 1)
1
(43, 37)
--> Day : 4
-> Request 0
60
(4, 3, 1)
3
(50, 28)
-> Request 1
133
(1, 2, 2)
2
(57, 28)
-> Request 2
163
(4, 1, 2)
1
(57, 77)
-> Request 3
164
(2, 2, 2)
2
(54, 39)
-> Request 4
218
(4, 1, 1)
1
(43, 43)
-> Request 5
310
(3, 3, 1)
3
(58, 27)
-> Request 6
693
(1, 2, 1)
3
(13, 26)
-> Request 7
708
(3, 2, 1)
2
(51, 45)
-> Request 8
932
(3, 3, 2)
2
(62, 71)
-> Request 9
933
(2, 3, 1)
1
(9, 21)
-> Request 10
1016
(4, 2, 1)
1
(66, 71)
-> Request 11
1049
(2, 3, 2)
3
(63, 78)
-> Request 12
1309
(3, 2, 2)
2
(60, 73)
---> Week : 82
--> Day : 0
-> Request 0
247
(1, 3, 2)
2
(52, 35)
-> Request 1
319
(3, 2, 1)
3
(53, 39)
-> Request 2
358
(1, 2, 2)
1
(56, 28)
-> Request 3
882
(1, 1, 2)
3
(62, 31)
-> Request 4
987
(2, 1, 1)
2
(52, 35)
-> Request 5
1111
(4, 3, 1)
2
(54, 65)
-> Request 6
1121
(1, 2, 2)
2
(52, 67)
-> Request 7
1224
(3, 1, 2)
2
(50, 44)
-> Request 8
1277
(1, 2, 1)
2
(53, 33)
-> Request 9
1430
(3, 2, 1)
2
(48, 43)
--> Day : 1
-> Request 0
39
(4, 2, 2)
2
(56, 78)
-> Request 1
58
(4, 1, 1)
3
(9, 20)
-> Request 2
88
(1, 1, 2)
2
(50, 43)
-> Request 3
184
(3, 1, 2)
1
(59, 68)
-> Request 4
185
(3, 2, 1)
2
(62, 77)
-> Request 5
199
(3, 3, 1)
1
(10, 29)
-> Request 6
222
(1, 3, 2)
3
(63, 66)
-> Request 7
620
(3, 1, 1)
3
(57, 73)
-> Request 8
673
(1, 3, 1)
1
(52, 34)
-> Request 9
987
(3, 2, 2)
3
(50, 43)
-> Request 10
1003
(2, 3, 1)
1
(52, 35)
-> Request 11
1102
(1, 2, 2)
1
(55, 29)
-> Request 12
1150
(2, 3, 1)
1
(52, 77)
-> Request 13
1323
(4, 2, 2)
2
(52, 76)
--> Day : 2
-> Request 0
179
(1, 2, 2)
2
(9, 24)
-> Request 1
315
(4, 3, 2)
3
(52, 67)
-> Request 2
321
(4, 2, 1)
2
(15, 22)
-> Request 3
439
(1, 3, 1)
2
(15, 24)
-> Request 4
649
(1, 1, 2)
1
(61, 65)
-> Request 5
783
(3, 2, 1)
1
(54, 32)
-> Request 6
866
(3, 2, 2)
2
(66, 67)
-> Request 7
931
(2, 3, 1)
2
(11, 29)
-> Request 8
937
(2, 3, 2)
1
(48, 31)
-> Request 9
963
(3, 1, 1)
3
(43, 42)
-> Request 10
968
(4, 2, 1)
2
(44, 41)
--> Day : 3
-> Request 0
118
(1, 3, 1)
1
(53, 31)
-> Request 1
230
(4, 1, 1)
3
(59, 31)
-> Request 2
262
(3, 2, 2)
2
(56, 75)
-> Request 3
339
(2, 1, 1)
2
(55, 30)
-> Request 4
663
(1, 2, 1)
3
(15, 27)
-> Request 5
1122
(4, 1, 2)
3
(47, 39)
-> Request 6
1280
(4, 1, 1)
3
(61, 31)
--> Day : 4
-> Request 0
94
(1, 2, 1)
2
(65, 75)
-> Request 1
178
(4, 1, 1)
2
(50, 46)
-> Request 2
218
(1, 1, 2)
2
(55, 30)
-> Request 3
365
(3, 3, 1)
1
(52, 46)
-> Request 4
418
(1, 1, 2)
3
(49, 40)
-> Request 5
599
(2, 2, 1)
1
(49, 40)
-> Request 6
815
(3, 2, 1)
3
(58, 70)
-> Request 7
1089
(3, 2, 1)
1
(58, 66)
-> Request 8
1163
(4, 1, 2)
3
(59, 46)
-> Request 9
1182
(2, 1, 2)
2
(52, 39)
-> Request 10
1266
(4, 1, 1)
2
(47, 38)
---> Week : 83
--> Day : 0
-> Request 0
13
(1, 3, 2)
1
(51, 35)
-> Request 1
150
(3, 1, 2)
2
(48, 38)
-> Request 2
174
(1, 3, 2)
2
(11, 24)
-> Request 3
250
(4, 1, 2)
3
(52, 40)
-> Request 4
308
(1, 2, 2)
1
(43, 36)
-> Request 5
464
(3, 3, 2)
3
(61, 37)
-> Request 6
760
(3, 2, 1)
2
(55, 75)
-> Request 7
1060
(2, 2, 2)
1
(64, 78)
-> Request 8
1205
(3, 1, 1)
2
(45, 29)
-> Request 9
1241
(2, 3, 2)
3
(17, 28)
-> Request 10
1263
(2, 1, 1)
1
(53, 39)
--> Day : 1
-> Request 0
399
(3, 3, 2)
1
(56, 72)
-> Request 1
577
(1, 3, 1)
3
(61, 31)
-> Request 2
631
(1, 2, 2)
3
(66, 73)
-> Request 3
737
(1, 2, 1)
1
(62, 36)
-> Request 4
746
(3, 2, 1)
1
(52, 71)
-> Request 5
1160
(4, 2, 1)
1
(59, 71)
-> Request 6
1202
(2, 2, 2)
2
(51, 42)
-> Request 7
1409
(3, 1, 1)
2
(43, 42)
--> Day : 2
-> Request 0
35
(1, 1, 2)
3
(64, 73)
-> Request 1
325
(3, 3, 2)
2
(48, 30)
-> Request 2
392
(1, 2, 1)
1
(57, 76)
-> Request 3
396
(2, 1, 2)
1
(49, 41)
-> Request 4
496
(2, 3, 1)
1
(52, 69)
-> Request 5
528
(4, 3, 1)
3
(12, 20)
-> Request 6
573
(1, 1, 1)
1
(64, 67)
-> Request 7
768
(3, 2, 2)
2
(44, 35)
-> Request 8
809
(3, 2, 1)
1
(59, 35)
-> Request 9
894
(4, 1, 1)
3
(47, 37)
-> Request 10
935
(2, 2, 1)
3
(60, 27)
-> Request 11
1402
(4, 3, 2)
2
(45, 45)
--> Day : 3
-> Request 0
381
(4, 2, 1)
3
(53, 36)
-> Request 1
431
(1, 3, 2)
1
(8, 21)
-> Request 2
714
(3, 2, 2)
3
(59, 30)
-> Request 3
732
(3, 3, 2)
3
(48, 31)
-> Request 4
777
(2, 1, 1)
3
(61, 30)
-> Request 5
819
(3, 3, 1)
3
(50, 38)
-> Request 6
1057
(3, 3, 1)
2
(52, 66)
-> Request 7
1086
(1, 1, 2)
3
(14, 28)
-> Request 8
1113
(1, 3, 2)
2
(52, 42)
-> Request 9
1319
(2, 2, 2)
2
(59, 35)
-> Request 10
1335
(4, 3, 2)
3
(59, 78)
-> Request 11
1365
(4, 1, 1)
1
(56, 35)
--> Day : 4
-> Request 0
14
(3, 1, 2)
2
(43, 32)
-> Request 1
595
(4, 3, 2)
2
(64, 67)
-> Request 2
650
(3, 2, 1)
1
(48, 45)
-> Request 3
766
(4, 1, 1)
2
(62, 73)
-> Request 4
808
(1, 1, 2)
1
(46, 40)
-> Request 5
871
(1, 3, 2)
1
(43, 43)
-> Request 6
946
(2, 1, 1)
3
(49, 37)
-> Request 7
1130
(2, 1, 2)
1
(48, 31)
---> Week : 84
--> Day : 0
-> Request 0
113
(3, 2, 1)
2
(56, 65)
-> Request 1
168
(3, 3, 1)
2
(58, 36)
-> Request 2
249
(1, 3, 2)
1
(52, 33)
-> Request 3
262
(2, 1, 1)
3
(62, 27)
-> Request 4
332
(4, 3, 1)
1
(10, 27)
-> Request 5
580
(4, 1, 1)
3
(59, 77)
-> Request 6
674
(4, 2, 2)
1
(54, 34)
-> Request 7
749
(2, 1, 2)
2
(59, 32)
-> Request 8
1080
(1, 3, 1)
2
(59, 68)
-> Request 9
1184
(2, 1, 2)
2
(51, 40)
-> Request 10
1278
(4, 3, 1)
2
(65, 67)
-> Request 11
1391
(1, 3, 2)
3
(64, 74)
--> Day : 1
-> Request 0
387
(2, 3, 1)
2
(58, 35)
-> Request 1
613
(3, 2, 2)
2
(55, 36)
-> Request 2
916
(2, 2, 1)
3
(59, 29)
-> Request 3
1185
(3, 1, 2)
3
(49, 29)
-> Request 4
1203
(1, 2, 1)
1
(55, 30)
-> Request 5
1295
(1, 2, 1)
2
(60, 35)
-> Request 6
1373
(4, 1, 1)
2
(50, 45)
--> Day : 2
-> Request 0
44
(3, 2, 2)
1
(45, 44)
-> Request 1
261
(4, 2, 2)
1
(10, 20)
-> Request 2
647
(1, 1, 2)
2
(58, 46)
-> Request 3
872
(2, 3, 2)
2
(61, 35)
-> Request 4
885
(3, 3, 2)
2
(46, 46)
-> Request 5
1303
(2, 1, 1)
1
(54, 64)
-> Request 6
1344
(4, 3, 2)
2
(57, 46)
--> Day : 3
-> Request 0
58
(4, 2, 1)
2
(56, 32)
-> Request 1
672
(2, 2, 1)
2
(47, 31)
-> Request 2
849
(1, 3, 1)
3
(62, 42)
-> Request 3
1149
(4, 2, 2)
2
(53, 31)
-> Request 4
1228
(1, 2, 2)
2
(45, 46)
-> Request 5
1336
(1, 2, 1)
2
(59, 66)
--> Day : 4
-> Request 0
62
(4, 2, 1)
3
(12, 20)
-> Request 1
112
(4, 3, 1)
2
(61, 32)
-> Request 2
526
(4, 2, 2)
3
(54, 76)
-> Request 3
848
(4, 2, 2)
3
(44, 39)
-> Request 4
946
(2, 1, 2)
2
(46, 32)
-> Request 5
1143
(2, 2, 2)
1
(66, 66)
-> Request 6
1427
(2, 1, 1)
1
(16, 28)
---> Week : 85
--> Day : 0
-> Request 0
233
(2, 3, 2)
1
(49, 45)
-> Request 1
284
(3, 1, 1)
1
(55, 78)
-> Request 2
439
(3, 1, 2)
1
(56, 37)
-> Request 3
664
(4, 1, 2)
2
(66, 67)
-> Request 4
807
(2, 3, 2)
1
(53, 35)
-> Request 5
836
(2, 2, 1)
3
(59, 38)
-> Request 6
854
(1, 2, 2)
3
(66, 67)
-> Request 7
1136
(3, 1, 1)
2
(55, 67)
-> Request 8
1152
(3, 2, 1)
2
(45, 46)
-> Request 9
1297
(4, 1, 2)
1
(53, 38)
-> Request 10
1400
(3, 2, 2)
2
(46, 43)
--> Day : 1
-> Request 0
289
(1, 1, 2)
2
(64, 72)
-> Request 1
704
(4, 1, 1)
2
(53, 69)
-> Request 2
705
(4, 3, 1)
2
(13, 20)
-> Request 3
725
(2, 3, 2)
1
(16, 28)
-> Request 4
810
(1, 2, 1)
2
(52, 68)
-> Request 5
1101
(3, 1, 2)
3
(55, 70)
-> Request 6
1348
(1, 1, 2)
3
(47, 28)
-> Request 7
1402
(4, 3, 2)
1
(58, 76)
--> Day : 2
-> Request 0
204
(1, 1, 1)
3
(53, 32)
-> Request 1
224
(4, 2, 1)
1
(52, 74)
-> Request 2
348
(1, 2, 1)
2
(53, 69)
-> Request 3
752
(3, 1, 2)
2
(45, 28)
-> Request 4
899
(4, 3, 2)
3
(58, 66)
-> Request 5
953
(1, 1, 2)
3
(52, 34)
-> Request 6
961
(4, 2, 1)
3
(57, 73)
-> Request 7
1031
(3, 3, 2)
2
(51, 29)
-> Request 8
1031
(1, 3, 2)
3
(61, 78)
-> Request 9
1050
(4, 3, 1)
2
(46, 44)
-> Request 10
1179
(4, 3, 2)
1
(53, 44)
--> Day : 3
-> Request 0
8
(1, 2, 1)
2
(11, 23)
-> Request 1
263
(1, 2, 1)
1
(47, 43)
-> Request 2
403
(3, 3, 2)
3
(43, 29)
-> Request 3
408
(2, 3, 2)
1
(66, 74)
-> Request 4
652
(1, 3, 1)
3
(60, 36)
-> Request 5
869
(3, 1, 2)
2
(48, 43)
-> Request 6
965
(3, 1, 1)
1
(52, 32)
-> Request 7
1298
(4, 1, 1)
3
(66, 64)
-> Request 8
1355
(2, 3, 1)
2
(58, 27)
--> Day : 4
-> Request 0
112
(3, 2, 1)
2
(59, 72)
-> Request 1
327
(2, 2, 2)
1
(59, 45)
-> Request 2
351
(3, 2, 1)
3
(61, 37)
-> Request 3
422
(2, 1, 2)
1
(57, 71)
-> Request 4
671
(4, 2, 1)
2
(62, 72)
-> Request 5
974
(3, 1, 2)
2
(54, 68)
-> Request 6
1046
(2, 3, 1)
3
(50, 44)
---> Week : 86
--> Day : 0
-> Request 0
303
(3, 3, 2)
3
(47, 36)
-> Request 1
310
(4, 2, 1)
3
(63, 66)
-> Request 2
416
(1, 2, 1)
3
(44, 34)
-> Request 3
756
(4, 2, 2)
1
(45, 28)
-> Request 4
902
(1, 1, 2)
1
(64, 70)
-> Request 5
1138
(2, 3, 1)
1
(15, 23)
-> Request 6
1156
(4, 3, 1)
2
(56, 37)
-> Request 7
1253
(1, 2, 1)
1
(52, 29)
-> Request 8
1334
(1, 1, 1)
3
(14, 26)
--> Day : 1
-> Request 0
116
(3, 3, 1)
3
(9, 27)
-> Request 1
198
(4, 1, 1)
1
(62, 45)
-> Request 2
220
(3, 2, 1)
3
(46, 29)
-> Request 3
643
(2, 3, 2)
3
(61, 73)
-> Request 4
748
(2, 3, 1)
3
(59, 46)
-> Request 5
760
(4, 2, 1)
2
(62, 65)
-> Request 6
763
(2, 1, 1)
2
(46, 45)
-> Request 7
799
(3, 1, 1)
2
(9, 25)
-> Request 8
1044
(2, 3, 1)
3
(54, 65)
-> Request 9
1085
(1, 2, 2)
2
(63, 71)
-> Request 10
1273
(4, 1, 2)
2
(61, 29)
--> Day : 2
-> Request 0
56
(1, 1, 2)
2
(52, 65)
-> Request 1
630
(3, 3, 1)
3
(54, 31)
-> Request 2
880
(1, 3, 2)
1
(46, 37)
-> Request 3
910
(1, 3, 1)
3
(9, 27)
-> Request 4
987
(3, 1, 1)
1
(61, 29)
-> Request 5
1284
(1, 1, 1)
3
(57, 68)
-> Request 6
1414
(2, 1, 1)
3
(45, 42)
--> Day : 3
-> Request 0
314
(2, 1, 1)
3
(13, 23)
-> Request 1
635
(1, 3, 2)
1
(65, 72)
-> Request 2
653
(4, 3, 2)
2
(52, 42)
-> Request 3
883
(3, 3, 2)
2
(8, 20)
-> Request 4
931
(4, 1, 2)
1
(16, 29)
-> Request 5
986
(4, 3, 1)
3
(54, 78)
-> Request 6
1290
(3, 1, 1)
2
(51, 38)
-> Request 7
1338
(4, 3, 2)
3
(61, 69)
--> Day : 4
-> Request 0
244
(1, 1, 2)
2
(44, 28)
-> Request 1
652
(2, 1, 1)
3
(48, 32)
-> Request 2
1041
(2, 1, 1)
2
(58, 66)
-> Request 3
1065
(2, 1, 1)
3
(60, 74)
-> Request 4
1101
(1, 1, 2)
3
(62, 74)
-> Request 5
1388
(2, 1, 1)
3
(10, 20)
---> Week : 87
--> Day : 0
-> Request 0
6
(4, 1, 1)
2
(66, 73)
-> Request 1
79
(3, 3, 1)
2
(14, 27)
-> Request 2
1125
(4, 2, 1)
3
(49, 42)
-> Request 3
1175
(3, 1, 2)
3
(57, 37)
-> Request 4
1177
(3, 1, 2)
1
(56, 29)
-> Request 5
1384
(1, 2, 1)
2
(65, 76)
--> Day : 1
-> Request 0
58
(2, 2, 1)
2
(43, 34)
-> Request 1
306
(2, 2, 1)
2
(45, 42)
-> Request 2
354
(3, 3, 1)
2
(51, 37)
-> Request 3
396
(2, 2, 2)
3
(57, 32)
-> Request 4
563
(1, 2, 1)
2
(57, 69)
-> Request 5
830
(1, 1, 2)
1
(61, 36)
-> Request 6
870
(2, 1, 2)
2
(56, 67)
-> Request 7
1175
(2, 3, 2)
3
(56, 42)
-> Request 8
1186
(1, 1, 2)
3
(12, 29)
-> Request 9
1398
(2, 2, 1)
3
(65, 75)
--> Day : 2
-> Request 0
183
(3, 1, 1)
1
(54, 66)
-> Request 1
696
(1, 1, 1)
1
(46, 32)
-> Request 2
936
(4, 2, 1)
1
(9, 21)
-> Request 3
983
(3, 2, 1)
1
(63, 76)
-> Request 4
1033
(1, 3, 2)
1
(47, 27)
-> Request 5
1119
(1, 3, 2)
2
(64, 68)
-> Request 6
1233
(2, 3, 2)
3
(59, 41)
-> Request 7
1338
(3, 3, 2)
3
(53, 38)
--> Day : 3
-> Request 0
7
(2, 3, 1)
2
(52, 39)
-> Request 1
88
(1, 3, 2)
3
(60, 33)
-> Request 2
221
(3, 2, 2)
1
(57, 76)
-> Request 3
252
(1, 3, 1)
1
(54, 67)
-> Request 4
442
(1, 2, 1)
3
(45, 29)
-> Request 5
846
(3, 3, 1)
2
(57, 43)
-> Request 6
1175
(4, 3, 2)
2
(46, 43)
-> Request 7
1191
(1, 1, 2)
3
(59, 44)
-> Request 8
1401
(2, 1, 1)
3
(54, 44)
--> Day : 4
-> Request 0
93
(4, 1, 2)
1
(60, 40)
-> Request 1
153
(2, 1, 2)
3
(52, 41)
-> Request 2
304
(1, 3, 1)
1
(52, 65)
-> Request 3
479
(2, 3, 2)
2
(49, 33)
-> Request 4
497
(4, 1, 1)
2
(55, 30)
-> Request 5
668
(1, 1, 2)
2
(64, 68)
-> Request 6
829
(3, 1, 1)
3
(16, 22)
-> Request 7
840
(1, 3, 1)
1
(47, 36)
-> Request 8
1062
(1, 1, 2)
2
(9, 20)
-> Request 9
1075
(2, 1, 1)
1
(63, 76)
-> Request 10
1122
(4, 2, 1)
2
(48, 36)
-> Request 11
1130
(1, 1, 1)
3
(56, 29)
-> Request 12
1331
(1, 2, 2)
2
(52, 78)
---> Week : 88
--> Day : 0
-> Request 0
154
(2, 1, 2)
2
(57, 31)
-> Request 1
162
(3, 3, 1)
1
(58, 75)
-> Request 2
183
(4, 2, 2)
1
(45, 34)
-> Request 3
250
(4, 3, 1)
1
(57, 39)
-> Request 4
344
(2, 3, 2)
3
(47, 43)
-> Request 5
501
(4, 2, 1)
2
(45, 30)
-> Request 6
732
(2, 3, 1)
3
(55, 33)
-> Request 7
745
(4, 3, 1)
3
(60, 28)
-> Request 8
935
(3, 2, 2)
2
(63, 64)
-> Request 9
1049
(3, 3, 2)
3
(55, 76)
-> Request 10
1121
(4, 1, 1)
1
(48, 42)
--> Day : 1
-> Request 0
0
(3, 3, 2)
3
(11, 23)
-> Request 1
35
(2, 3, 2)
1
(58, 29)
-> Request 2
112
(3, 2, 1)
3
(15, 29)
-> Request 3
636
(4, 1, 2)
1
(62, 46)
-> Request 4
718
(2, 2, 1)
2
(54, 68)
-> Request 5
845
(3, 1, 2)
3
(8, 22)
-> Request 6
867
(1, 2, 2)
3
(53, 31)
-> Request 7
969
(2, 1, 1)
3
(52, 45)
-> Request 8
1090
(1, 3, 2)
3
(65, 64)
-> Request 9
1309
(4, 1, 1)
2
(59, 40)
-> Request 10
1350
(4, 3, 2)
2
(47, 36)
-> Request 11
1439
(2, 3, 2)
1
(51, 41)
--> Day : 2
-> Request 0
103
(3, 3, 1)
2
(54, 69)
-> Request 1
466
(4, 2, 1)
2
(51, 41)
-> Request 2
866
(4, 1, 1)
1
(52, 31)
-> Request 3
893
(2, 3, 2)
3
(51, 39)
-> Request 4
963
(4, 1, 2)
1
(50, 42)
-> Request 5
1002
(4, 1, 1)
3
(61, 71)
-> Request 6
1137
(3, 3, 2)
3
(63, 77)
--> Day : 3
-> Request 0
4
(4, 2, 2)
2
(49, 46)
-> Request 1
97
(1, 1, 2)
3
(65, 70)
-> Request 2
191
(1, 2, 2)
1
(46, 43)
-> Request 3
567
(4, 3, 1)
1
(52, 37)
-> Request 4
626
(2, 2, 2)
3
(61, 32)
-> Request 5
650
(1, 2, 1)
2
(56, 75)
-> Request 6
811
(4, 1, 1)
1
(56, 46)
-> Request 7
1070
(2, 2, 1)
1
(53, 31)
-> Request 8
1277
(3, 2, 2)
2
(56, 45)
--> Day : 4
-> Request 0
106
(2, 1, 2)
2
(52, 43)
-> Request 1
160
(4, 2, 2)
1
(45, 45)
-> Request 2
178
(4, 3, 2)
3
(62, 71)
-> Request 3
484
(3, 1, 2)
3
(59, 39)
-> Request 4
633
(4, 2, 1)
1
(51, 27)
-> Request 5
875
(4, 2, 1)
3
(48, 43)
-> Request 6
1054
(3, 2, 2)
3
(49, 43)
-> Request 7
1215
(2, 2, 1)
2
(54, 29)
---> Week : 89
--> Day : 0
-> Request 0
111
(2, 3, 2)
3
(46, 45)
-> Request 1
210
(3, 3, 2)
3
(50, 35)
-> Request 2
249
(4, 1, 1)
1
(54, 64)
-> Request 3
315
(1, 2, 1)
2
(54, 73)
-> Request 4
399
(2, 1, 2)
2
(55, 27)
-> Request 5
504
(3, 2, 2)
2
(46, 40)
-> Request 6
734
(3, 1, 2)
3
(13, 24)
-> Request 7
895
(4, 2, 2)
1
(52, 43)
-> Request 8
974
(4, 1, 2)
1
(57, 67)
-> Request 9
1015
(4, 1, 2)
3
(58, 70)
-> Request 10
1415
(3, 2, 2)
3
(60, 42)
-> Request 11
1438
(3, 3, 1)
2
(55, 71)
--> Day : 1
-> Request 0
76
(4, 1, 1)
2
(60, 78)
-> Request 1
479
(1, 3, 1)
3
(64, 71)
-> Request 2
503
(2, 1, 2)
2
(60, 66)
-> Request 3
521
(4, 3, 2)
1
(53, 66)
-> Request 4
656
(4, 3, 1)
3
(59, 38)
-> Request 5
850
(4, 2, 1)
3
(58, 66)
-> Request 6
864
(3, 1, 2)
3
(59, 37)
-> Request 7
1229
(3, 2, 1)
3
(46, 27)
-> Request 8
1297
(2, 1, 1)
2
(15, 21)
-> Request 9
1373
(1, 2, 1)
3
(50, 41)
-> Request 10
1410
(4, 3, 2)
2
(57, 38)
--> Day : 2
-> Request 0
29
(3, 1, 2)
3
(54, 78)
-> Request 1
327
(1, 3, 2)
1
(43, 40)
-> Request 2
432
(2, 2, 1)
2
(53, 43)
-> Request 3
448
(1, 2, 2)
3
(52, 45)
-> Request 4
464
(4, 2, 2)
1
(48, 34)
-> Request 5
581
(4, 2, 2)
1
(53, 77)
-> Request 6
848
(3, 3, 2)
3
(50, 46)
-> Request 7
1123
(4, 3, 2)
3
(61, 41)
-> Request 8
1193
(3, 3, 1)
1
(61, 74)
-> Request 9
1336
(4, 2, 2)
3
(44, 28)
-> Request 10
1378
(1, 3, 1)
1
(46, 32)
-> Request 11
1407
(2, 1, 1)
3
(55, 46)
-> Request 12
1422
(3, 3, 1)
3
(60, 27)
--> Day : 3
-> Request 0
15
(4, 1, 1)
1
(9, 22)
-> Request 1
72
(3, 1, 2)
3
(47, 30)
-> Request 2
329
(2, 2, 1)
1
(59, 39)
-> Request 3
358
(3, 2, 2)
2
(44, 42)
-> Request 4
421
(2, 1, 1)
2
(11, 23)
-> Request 5
525
(3, 3, 1)
1
(60, 43)
-> Request 6
725
(4, 2, 2)
3
(62, 78)
-> Request 7
1204
(4, 1, 1)
1
(48, 40)
-> Request 8
1219
(4, 3, 1)
2
(60, 44)
-> Request 9
1272
(2, 3, 1)
1
(56, 43)
--> Day : 4
-> Request 0
339
(4, 3, 1)
3
(61, 30)
-> Request 1
402
(4, 1, 2)
1
(58, 78)
-> Request 2
749
(3, 1, 1)
2
(63, 67)
-> Request 3
995
(4, 2, 1)
1
(59, 32)
---> Week : 90
--> Day : 0
-> Request 0
81
(2, 1, 2)
3
(44, 45)
-> Request 1
360
(4, 2, 2)
1
(56, 67)
-> Request 2
397
(1, 2, 1)
2
(58, 44)
-> Request 3
428
(1, 1, 1)
2
(58, 39)
-> Request 4
477
(2, 1, 1)
1
(43, 31)
-> Request 5
761
(4, 3, 2)
2
(59, 42)
-> Request 6
941
(4, 3, 2)
1
(46, 33)
-> Request 7
1064
(3, 3, 2)
2
(54, 66)
-> Request 8
1188
(3, 2, 1)
2
(48, 29)
-> Request 9
1204
(1, 2, 2)
2
(46, 33)
-> Request 10
1255
(1, 2, 2)
2
(61, 64)
-> Request 11
1278
(2, 3, 1)
3
(48, 44)
--> Day : 1
-> Request 0
122
(4, 3, 1)
2
(65, 71)
-> Request 1
192
(2, 1, 2)
2
(8, 28)
-> Request 2
209
(2, 2, 2)
1
(60, 29)
-> Request 3
301
(3, 2, 2)
3
(63, 78)
-> Request 4
429
(4, 2, 1)
2
(59, 35)
-> Request 5
603
(2, 2, 1)
3
(57, 30)
-> Request 6
735
(1, 3, 1)
1
(10, 27)
-> Request 7
865
(2, 3, 2)
1
(62, 28)
-> Request 8
878
(1, 1, 2)
3
(49, 32)
-> Request 9
1027
(1, 3, 1)
3
(61, 39)
-> Request 10
1045
(2, 3, 2)
1
(50, 34)
-> Request 11
1129
(2, 3, 1)
1
(54, 40)
-> Request 12
1168
(2, 2, 2)
3
(58, 30)
-> Request 13
1219
(1, 2, 2)
2
(60, 33)
--> Day : 2
-> Request 0
74
(2, 3, 2)
1
(14, 28)
-> Request 1
108
(2, 2, 1)
1
(59, 75)
-> Request 2
207
(2, 2, 2)
2
(60, 76)
-> Request 3
655
(2, 3, 2)
2
(62, 66)
-> Request 4
926
(4, 2, 1)
1
(63, 74)
-> Request 5
985
(3, 1, 2)
2
(62, 29)
-> Request 6
1079
(3, 2, 2)
3
(48, 37)
-> Request 7
1134
(4, 3, 2)
3
(14, 27)
-> Request 8
1148
(2, 3, 2)
3
(62, 44)
-> Request 9
1271
(2, 1, 1)
1
(43, 27)
-> Request 10
1409
(1, 3, 2)
3
(66, 65)
--> Day : 3
-> Request 0
46
(1, 2, 1)
3
(45, 31)
-> Request 1
289
(4, 3, 2)
2
(60, 30)
-> Request 2
424
(3, 3, 1)
1
(15, 26)
-> Request 3
456
(1, 3, 2)
2
(54, 66)
-> Request 4
517
(3, 2, 1)
1
(56, 65)
-> Request 5
719
(2, 2, 2)
3
(48, 28)
-> Request 6
757
(3, 3, 1)
2
(59, 34)
-> Request 7
803
(4, 1, 2)
2
(12, 24)
-> Request 8
961
(1, 2, 1)
2
(66, 68)
-> Request 9
1173
(4, 1, 1)
1
(65, 72)
-> Request 10
1182
(4, 3, 2)
2
(16, 29)
-> Request 11
1270
(2, 2, 2)
3
(60, 77)
-> Request 12
1363
(2, 2, 1)
1
(61, 27)
-> Request 13
1380
(1, 2, 1)
1
(15, 27)
--> Day : 4
-> Request 0
236
(1, 2, 1)
3
(52, 38)
-> Request 1
386
(1, 2, 1)
2
(17, 22)
-> Request 2
431
(1, 3, 1)
3
(53, 33)
-> Request 3
705
(3, 1, 1)
1
(46, 34)
-> Request 4
1087
(3, 3, 1)
3
(61, 71)
-> Request 5
1179
(3, 2, 1)
3
(55, 72)
-> Request 6
1240
(2, 2, 2)
1
(66, 71)
-> Request 7
1412
(2, 1, 2)
2
(64, 78)
---> Week : 91
--> Day : 0
-> Request 0
146
(4, 3, 1)
3
(10, 20)
-> Request 1
272
(1, 2, 1)
3
(61, 37)
-> Request 2
354
(2, 1, 2)
2
(62, 36)
-> Request 3
366
(1, 1, 1)
2
(58, 73)
-> Request 4
681
(3, 1, 2)
2
(14, 29)
-> Request 5
819
(3, 2, 1)
1
(47, 40)
-> Request 6
896
(3, 1, 1)
3
(52, 29)
-> Request 7
909
(2, 3, 1)
2
(61, 67)
-> Request 8
1062
(3, 1, 2)
2
(55, 28)
-> Request 9
1405
(1, 3, 1)
3
(58, 42)
--> Day : 1
-> Request 0
31
(4, 3, 2)
2
(66, 69)
-> Request 1
137
(1, 1, 1)
2
(59, 41)
-> Request 2
279
(4, 2, 1)
3
(14, 26)
-> Request 3
931
(1, 1, 1)
1
(9, 26)
-> Request 4
1325
(4, 2, 2)
3
(54, 71)
-> Request 5
1356
(1, 1, 2)
2
(66, 76)
--> Day : 2
-> Request 0
293
(2, 1, 2)
1
(48, 46)
-> Request 1
391
(1, 3, 1)
2
(47, 34)
-> Request 2
440
(3, 3, 2)
1
(13, 29)
-> Request 3
616
(1, 2, 1)
3
(58, 64)
-> Request 4
783
(1, 3, 1)
3
(60, 76)
-> Request 5
830
(3, 3, 1)
2
(14, 25)
-> Request 6
950
(3, 3, 2)
2
(52, 46)
-> Request 7
955
(2, 3, 2)
3
(58, 40)
-> Request 8
1307
(4, 2, 2)
1
(53, 31)
--> Day : 3
-> Request 0
122
(4, 1, 1)
2
(9, 21)
-> Request 1
362
(4, 2, 2)
1
(59, 29)
-> Request 2
651
(1, 3, 2)
1
(12, 24)
-> Request 3
807
(3, 1, 2)
2
(54, 35)
-> Request 4
908
(3, 1, 2)
2
(63, 65)
-> Request 5
908
(1, 3, 2)
1
(66, 75)
-> Request 6
1138
(4, 1, 1)
1
(44, 32)
-> Request 7
1245
(3, 3, 2)
2
(58, 66)
-> Request 8
1400
(4, 3, 1)
2
(57, 72)
--> Day : 4
-> Request 0
288
(2, 1, 2)
3
(48, 44)
-> Request 1
509
(3, 3, 2)
1
(56, 30)
-> Request 2
578
(2, 2, 2)
2
(17, 29)
-> Request 3
738
(2, 3, 1)
2
(61, 73)
-> Request 4
738
(3, 1, 1)
2
(60, 32)
-> Request 5
808
(3, 3, 1)
2
(63, 76)
-> Request 6
1055
(3, 2, 1)
3
(43, 42)
-> Request 7
1192
(1, 3, 1)
3
(52, 36)
-> Request 8
1208
(4, 1, 2)
2
(10, 27)
-> Request 9
1212
(1, 2, 1)
1
(49, 36)
-> Request 10
1286
(3, 2, 1)
1
(45, 38)
---> Week : 92
--> Day : 0
-> Request 0
46
(2, 3, 1)
3
(60, 76)
-> Request 1
139
(4, 3, 1)
3
(59, 34)
-> Request 2
254
(3, 1, 1)
3
(44, 30)
-> Request 3
438
(3, 3, 2)
2
(62, 65)
-> Request 4
442
(3, 3, 2)
3
(52, 38)
-> Request 5
508
(4, 2, 1)
3
(54, 37)
-> Request 6
629
(2, 3, 1)
1
(58, 35)
-> Request 7
693
(2, 3, 2)
1
(58, 46)
-> Request 8
708
(3, 2, 2)
1
(46, 34)
-> Request 9
867
(2, 2, 1)
2
(61, 39)
-> Request 10
947
(1, 3, 1)
3
(55, 34)
-> Request 11
1240
(2, 3, 1)
1
(45, 46)
--> Day : 1
-> Request 0
54
(3, 2, 2)
2
(15, 24)
-> Request 1
138
(3, 2, 2)
1
(60, 64)
-> Request 2
303
(2, 2, 2)
2
(63, 76)
-> Request 3
392
(4, 1, 2)
3
(53, 39)
-> Request 4
592
(4, 1, 1)
3
(50, 45)
-> Request 5
629
(4, 3, 2)
3
(57, 42)
-> Request 6
678
(2, 3, 1)
1
(60, 76)
-> Request 7
971
(2, 3, 1)
1
(44, 38)
-> Request 8
1254
(4, 1, 1)
1
(60, 67)
-> Request 9
1289
(1, 1, 1)
3
(44, 34)
-> Request 10
1368
(1, 1, 1)
2
(52, 29)
-> Request 11
1403
(3, 3, 2)
3
(53, 35)
-> Request 12
1405
(4, 1, 1)
1
(45, 33)
--> Day : 2
-> Request 0
593
(4, 3, 2)
1
(53, 74)
-> Request 1
681
(2, 3, 1)
1
(61, 65)
-> Request 2
830
(4, 3, 1)
1
(60, 30)
-> Request 3
848
(3, 1, 1)
2
(46, 37)
-> Request 4
1212
(4, 3, 1)
1
(61, 77)
-> Request 5
1356
(3, 1, 2)
3
(14, 28)
--> Day : 3
-> Request 0
70
(4, 1, 1)
1
(61, 70)
-> Request 1
431
(3, 3, 1)
1
(48, 36)
-> Request 2
769
(2, 2, 1)
1
(15, 27)
-> Request 3
827
(3, 3, 2)
2
(15, 26)
-> Request 4
1019
(2, 2, 1)
1
(45, 27)
--> Day : 4
-> Request 0
259
(1, 1, 2)
1
(56, 32)
-> Request 1
305
(2, 2, 2)
3
(43, 29)
-> Request 2
446
(4, 3, 2)
3
(56, 29)
-> Request 3
586
(1, 1, 1)
3
(48, 41)
-> Request 4
701
(1, 2, 2)
3
(56, 27)
---> Week : 93
--> Day : 0
-> Request 0
538
(3, 1, 2)
2
(52, 68)
-> Request 1
581
(1, 3, 1)
3
(14, 26)
-> Request 2
967
(3, 1, 1)
1
(59, 35)
-> Request 3
1135
(1, 3, 1)
1
(57, 36)
-> Request 4
1320
(2, 3, 1)
1
(59, 77)
-> Request 5
1329
(2, 2, 2)
2
(47, 46)
--> Day : 1
-> Request 0
667
(1, 2, 1)
1
(62, 66)
-> Request 1
729
(3, 1, 2)
1
(52, 70)
-> Request 2
821
(3, 1, 2)
2
(57, 42)
-> Request 3
1048
(1, 3, 2)
2
(47, 32)
-> Request 4
1104
(4, 1, 1)
3
(48, 43)
-> Request 5
1179
(2, 2, 1)
1
(63, 67)
--> Day : 2
-> Request 0
543
(2, 1, 2)
2
(62, 74)
-> Request 1
601
(2, 3, 1)
2
(59, 73)
-> Request 2
733
(2, 3, 2)
3
(62, 73)
-> Request 3
1043
(2, 2, 1)
3
(56, 67)
-> Request 4
1083
(4, 2, 2)
1
(54, 29)
-> Request 5
1178
(4, 1, 2)
1
(45, 32)
-> Request 6
1217
(4, 2, 2)
1
(66, 67)
-> Request 7
1270
(3, 1, 2)
3
(48, 27)
--> Day : 3
-> Request 0
5
(2, 3, 1)
1
(50, 36)
-> Request 1
93
(3, 2, 1)
2
(12, 27)
-> Request 2
336
(3, 1, 2)
2
(16, 25)
-> Request 3
384
(2, 1, 1)
1
(56, 27)
-> Request 4
807
(3, 3, 1)
1
(55, 28)
-> Request 5
925
(3, 2, 2)
1
(11, 27)
-> Request 6
953
(2, 3, 2)
3
(44, 34)
-> Request 7
1134
(3, 1, 2)
2
(53, 40)
-> Request 8
1305
(3, 2, 1)
1
(54, 34)
-> Request 9
1423
(2, 2, 1)
2
(48, 40)
-> Request 10
1431
(2, 2, 2)
3
(9, 27)
--> Day : 4
-> Request 0
75
(1, 1, 2)
1
(54, 43)
-> Request 1
80
(3, 3, 2)
2
(48, 44)
-> Request 2
101
(4, 3, 2)
3
(57, 73)
-> Request 3
123
(2, 3, 2)
1
(55, 77)
-> Request 4
172
(2, 2, 2)
1
(52, 75)
-> Request 5
234
(4, 3, 1)
3
(16, 22)
-> Request 6
486
(3, 1, 2)
1
(59, 30)
-> Request 7
590
(1, 2, 2)
3
(49, 27)
-> Request 8
665
(1, 1, 2)
3
(60, 41)
-> Request 9
667
(1, 3, 2)
3
(56, 38)
-> Request 10
753
(3, 2, 1)
3
(59, 45)
-> Request 11
1061
(3, 3, 2)
3
(66, 78)
-> Request 12
1257
(2, 2, 2)
2
(60, 78)
---> Week : 94
--> Day : 0
-> Request 0
158
(2, 3, 2)
2
(58, 29)
-> Request 1
184
(3, 2, 1)
2
(53, 43)
-> Request 2
532
(2, 2, 1)
3
(57, 33)
-> Request 3
543
(1, 3, 1)
1
(54, 67)
-> Request 4
590
(3, 2, 1)
2
(48, 43)
-> Request 5
735
(2, 1, 1)
3
(64, 66)
-> Request 6
894
(3, 3, 1)
2
(55, 74)
-> Request 7
929
(2, 1, 2)
3
(48, 35)
-> Request 8
1045
(3, 3, 1)
1
(60, 32)
-> Request 9
1176
(3, 1, 1)
1
(57, 68)
-> Request 10
1262
(2, 1, 1)
1
(17, 27)
--> Day : 1
-> Request 0
70
(4, 1, 2)
1
(66, 70)
-> Request 1
279
(4, 2, 2)
3
(61, 45)
-> Request 2
383
(1, 3, 1)
3
(65, 66)
-> Request 3
550
(2, 2, 2)
2
(10, 24)
-> Request 4
817
(2, 2, 1)
3
(15, 27)
-> Request 5
1120
(3, 3, 2)
2
(11, 29)
-> Request 6
1151
(1, 1, 2)
3
(56, 70)
-> Request 7
1267
(3, 1, 1)
3
(55, 75)
-> Request 8
1283
(3, 1, 1)
1
(15, 20)
-> Request 9
1336
(3, 3, 1)
3
(48, 30)
--> Day : 2
-> Request 0
91
(4, 1, 1)
3
(61, 29)
-> Request 1
110
(3, 2, 2)
3
(49, 29)
-> Request 2
192
(3, 3, 2)
1
(53, 28)
-> Request 3
403
(1, 1, 2)
2
(53, 43)
-> Request 4
603
(1, 2, 2)
3
(61, 28)
-> Request 5
650
(2, 2, 1)
2
(48, 42)
-> Request 6
749
(4, 3, 1)
3
(55, 72)
-> Request 7
1026
(3, 3, 2)
3
(49, 42)
-> Request 8
1274
(1, 1, 2)
2
(65, 66)
-> Request 9
1366
(4, 3, 1)
2
(43, 36)
--> Day : 3
-> Request 0
35
(3, 1, 1)
3
(59, 34)
-> Request 1
110
(4, 3, 2)
2
(61, 29)
-> Request 2
648
(2, 1, 1)
1
(57, 43)
-> Request 3
716
(4, 3, 1)
2
(14, 26)
-> Request 4
859
(2, 1, 2)
3
(48, 29)
-> Request 5
1316
(3, 1, 2)
3
(59, 30)
-> Request 6
1405
(4, 2, 1)
1
(44, 29)
--> Day : 4
-> Request 0
30
(2, 3, 2)
1
(53, 35)
-> Request 1
53
(3, 1, 2)
2
(56, 74)
-> Request 2
127
(3, 3, 2)
3
(51, 39)
-> Request 3
197
(1, 2, 2)
2
(49, 35)
-> Request 4
225
(4, 1, 1)
1
(48, 36)
-> Request 5
299
(3, 1, 2)
3
(46, 27)
-> Request 6
720
(1, 2, 1)
3
(59, 29)
-> Request 7
754
(2, 1, 1)
3
(56, 31)
-> Request 8
863
(2, 1, 2)
2
(59, 37)
-> Request 9
983
(2, 3, 2)
3
(50, 43)
-> Request 10
1307
(4, 1, 2)
3
(56, 28)
---> Week : 95
--> Day : 0
-> Request 0
287
(2, 2, 2)
1
(52, 27)
-> Request 1
513
(4, 3, 1)
2
(56, 72)
-> Request 2
621
(3, 2, 2)
2
(43, 37)
-> Request 3
717
(4, 1, 2)
2
(51, 36)
-> Request 4
1110
(3, 3, 2)
1
(58, 66)
-> Request 5
1147
(2, 2, 1)
1
(16, 29)
-> Request 6
1263
(1, 3, 2)
2
(55, 27)
-> Request 7
1331
(2, 1, 1)
3
(50, 32)
--> Day : 1
-> Request 0
26
(4, 1, 1)
1
(63, 66)
-> Request 1
254
(4, 1, 1)
3
(53, 34)
-> Request 2
405
(2, 2, 1)
3
(10, 21)
-> Request 3
535
(2, 2, 1)
2
(13, 29)
-> Request 4
541
(2, 2, 2)
1
(63, 74)
-> Request 5
546
(2, 1, 2)
2
(44, 37)
-> Request 6
817
(3, 2, 2)
1
(66, 75)
-> Request 7
1036
(4, 2, 1)
1
(56, 64)
-> Request 8
1125
(2, 3, 1)
3
(56, 67)
-> Request 9
1337
(1, 2, 1)
1
(59, 78)
--> Day : 2
-> Request 0
298
(4, 2, 2)
1
(65, 76)
-> Request 1
484
(1, 1, 2)
2
(65, 75)
-> Request 2
537
(2, 3, 1)
3
(49, 46)
-> Request 3
902
(1, 3, 2)
2
(57, 41)
-> Request 4
1347
(2, 1, 1)
3
(45, 33)
-> Request 5
1396
(3, 1, 2)
3
(50, 39)
--> Day : 3
-> Request 0
63
(1, 1, 2)
3
(63, 74)
-> Request 1
156
(4, 1, 1)
1
(59, 68)
-> Request 2
468
(2, 3, 2)
2
(17, 28)
-> Request 3
644
(2, 2, 1)
3
(53, 71)
-> Request 4
686
(4, 2, 1)
3
(60, 39)
-> Request 5
752
(1, 3, 1)
3
(52, 34)
-> Request 6
1197
(3, 3, 2)
3
(57, 69)
--> Day : 4
-> Request 0
17
(4, 2, 2)
3
(53, 28)
-> Request 1
158
(1, 1, 2)
2
(59, 30)
-> Request 2
197
(3, 2, 1)
3
(8, 26)
-> Request 3
263
(2, 2, 1)
3
(56, 78)
-> Request 4
385
(4, 1, 1)
2
(17, 20)
-> Request 5
434
(3, 1, 2)
2
(16, 20)
-> Request 6
727
(3, 2, 1)
1
(11, 24)
-> Request 7
1004
(1, 3, 2)
3
(43, 45)
-> Request 8
1011
(3, 2, 1)
2
(58, 41)
-> Request 9
1240
(1, 2, 2)
3
(8, 26)
-> Request 10
1360
(2, 1, 2)
2
(51, 33)
---> Week : 96
--> Day : 0
-> Request 0
129
(3, 1, 2)
2
(52, 32)
-> Request 1
163
(4, 3, 2)
1
(54, 36)
-> Request 2
226
(1, 3, 2)
2
(11, 26)
-> Request 3
312
(1, 1, 1)
2
(51, 41)
-> Request 4
540
(2, 2, 2)
3
(56, 42)
-> Request 5
1024
(4, 2, 2)
3
(55, 76)
--> Day : 1
-> Request 0
148
(1, 3, 1)
3
(9, 26)
-> Request 1
455
(3, 3, 2)
1
(48, 37)
-> Request 2
537
(1, 3, 1)
3
(17, 24)
-> Request 3
568
(1, 3, 2)
3
(61, 33)
-> Request 4
700
(2, 3, 2)
2
(11, 26)
-> Request 5
1185
(3, 2, 1)
1
(51, 40)
-> Request 6
1334
(4, 1, 2)
3
(57, 78)
-> Request 7
1399
(2, 2, 1)
3
(62, 72)
--> Day : 2
-> Request 0
335
(1, 1, 1)
2
(66, 77)
-> Request 1
640
(1, 1, 2)
1
(45, 38)
-> Request 2
713
(4, 1, 1)
2
(10, 29)
-> Request 3
761
(3, 2, 2)
2
(47, 31)
-> Request 4
839
(3, 3, 1)
2
(46, 45)
-> Request 5
987
(4, 1, 1)
1
(61, 46)
-> Request 6
1023
(3, 2, 1)
1
(53, 41)
-> Request 7
1077
(2, 3, 2)
3
(13, 26)
-> Request 8
1144
(2, 1, 2)
3
(50, 39)
-> Request 9
1294
(1, 2, 1)
2
(16, 21)
-> Request 10
1333
(4, 2, 1)
3
(45, 34)
-> Request 11
1345
(4, 1, 2)
2
(16, 27)
--> Day : 3
-> Request 0
231
(4, 2, 1)
2
(59, 31)
-> Request 1
290
(4, 1, 1)
1
(52, 70)
-> Request 2
552
(3, 3, 2)
1
(56, 70)
-> Request 3
1215
(2, 1, 1)
2
(66, 77)
-> Request 4
1385
(1, 1, 2)
2
(17, 29)
--> Day : 4
-> Request 0
99
(4, 2, 1)
1
(17, 20)
-> Request 1
164
(3, 3, 2)
1
(52, 33)
-> Request 2
350
(4, 2, 1)
3
(58, 67)
-> Request 3
466
(4, 2, 1)
1
(59, 30)
-> Request 4
553
(3, 1, 2)
1
(54, 30)
-> Request 5
731
(2, 3, 1)
3
(64, 69)
-> Request 6
751
(1, 1, 1)
1
(66, 65)
-> Request 7
1010
(3, 3, 2)
3
(13, 22)
-> Request 8
1012
(4, 1, 1)
1
(12, 23)
-> Request 9
1180
(3, 2, 1)
2
(45, 31)
-> Request 10
1296
(3, 1, 2)
2
(57, 31)
-> Request 11
1412
(1, 2, 1)
2
(55, 74)
-> Request 12
1421
(1, 1, 1)
3
(59, 36)
---> Week : 97
--> Day : 0
-> Request 0
268
(4, 1, 1)
3
(63, 77)
-> Request 1
655
(2, 3, 2)
1
(54, 73)
-> Request 2
711
(3, 1, 2)
3
(50, 38)
-> Request 3
940
(3, 1, 1)
1
(59, 33)
-> Request 4
979
(1, 1, 1)
1
(57, 65)
-> Request 5
1382
(3, 2, 2)
2
(45, 36)
--> Day : 1
-> Request 0
33
(3, 2, 1)
2
(57, 42)
-> Request 1
259
(1, 2, 2)
1
(47, 42)
-> Request 2
307
(3, 1, 2)
3
(11, 26)
-> Request 3
513
(4, 3, 2)
2
(61, 28)
-> Request 4
597
(3, 1, 2)
3
(61, 41)
-> Request 5
600
(1, 2, 1)
3
(13, 21)
-> Request 6
759
(2, 2, 1)
2
(59, 33)
-> Request 7
777
(3, 1, 1)
2
(45, 31)
-> Request 8
789
(3, 1, 2)
2
(14, 21)
-> Request 9
879
(3, 1, 2)
2
(47, 38)
-> Request 10
973
(4, 2, 2)
2
(61, 66)
-> Request 11
1017
(1, 2, 2)
2
(62, 67)
-> Request 12
1133
(2, 1, 2)
1
(50, 28)
-> Request 13
1274
(1, 1, 1)
3
(62, 32)
-> Request 14
1281
(4, 2, 1)
3
(45, 46)
-> Request 15
1321
(4, 3, 2)
1
(58, 77)
-> Request 16
1327
(3, 2, 2)
2
(57, 37)
--> Day : 2
-> Request 0
103
(1, 3, 1)
2
(46, 27)
-> Request 1
114
(4, 3, 1)
3
(43, 28)
-> Request 2
125
(1, 3, 2)
2
(57, 43)
-> Request 3
237
(1, 3, 1)
1
(60, 34)
-> Request 4
386
(2, 2, 1)
3
(54, 71)
-> Request 5
560
(2, 1, 1)
2
(58, 42)
-> Request 6
986
(4, 1, 2)
1
(66, 66)
-> Request 7
1067
(4, 3, 1)
1
(64, 65)
-> Request 8
1080
(4, 3, 2)
1
(55, 73)
-> Request 9
1379
(1, 2, 2)
1
(57, 29)
-> Request 10
1408
(4, 1, 1)
2
(44, 35)
--> Day : 3
-> Request 0
8
(3, 2, 1)
1
(50, 30)
-> Request 1
96
(2, 1, 2)
1
(56, 28)
-> Request 2
247
(4, 3, 2)
1
(51, 40)
-> Request 3
368
(4, 2, 2)
2
(13, 24)
-> Request 4
380
(2, 2, 2)
2
(55, 38)
-> Request 5
405
(3, 1, 2)
3
(58, 36)
-> Request 6
453
(4, 1, 1)
1
(44, 42)
-> Request 7
686
(2, 1, 2)
2
(46, 29)
-> Request 8
785
(1, 1, 1)
3
(65, 66)
-> Request 9
792
(1, 3, 1)
2
(50, 32)
-> Request 10
957
(2, 3, 1)
3
(56, 44)
-> Request 11
1005
(2, 2, 1)
1
(46, 34)
-> Request 12
1206
(2, 3, 2)
1
(49, 33)
--> Day : 4
-> Request 0
80
(2, 3, 2)
1
(57, 71)
-> Request 1
87
(2, 3, 2)
2
(54, 46)
-> Request 2
273
(2, 3, 2)
2
(11, 29)
-> Request 3
301
(2, 1, 1)
3
(14, 25)
-> Request 4
411
(1, 3, 1)
3
(45, 35)
-> Request 5
426
(3, 1, 2)
2
(52, 28)
-> Request 6
489
(1, 2, 2)
2
(62, 43)
-> Request 7
673
(3, 3, 2)
3
(62, 64)
-> Request 8
679
(3, 1, 2)
3
(56, 65)
-> Request 9
972
(1, 3, 1)
3
(11, 22)
-> Request 10
1264
(2, 2, 2)
3
(52, 70)
-> Request 11
1343
(3, 3, 2)
1
(55, 64)
---> Week : 98
--> Day : 0
-> Request 0
493
(4, 2, 2)
3
(44, 41)
-> Request 1
543
(4, 1, 1)
3
(62, 28)
-> Request 2
581
(2, 2, 2)
2
(13, 20)
-> Request 3
696
(2, 1, 1)
2
(61, 76)
-> Request 4
962
(1, 3, 1)
3
(48, 37)
-> Request 5
977
(4, 1, 2)
3
(53, 35)
--> Day : 1
-> Request 0
204
(3, 3, 2)
3
(57, 34)
-> Request 1
288
(2, 1, 1)
1
(15, 23)
-> Request 2
487
(2, 2, 2)
1
(55, 42)
-> Request 3
554
(3, 2, 2)
2
(53, 44)
-> Request 4
1143
(2, 3, 2)
2
(55, 39)
-> Request 5
1353
(2, 2, 2)
3
(15, 29)
-> Request 6
1361
(4, 1, 2)
1
(55, 76)
--> Day : 2
-> Request 0
377
(1, 3, 1)
2
(62, 72)
-> Request 1
572
(4, 1, 1)
2
(62, 39)
-> Request 2
678
(1, 2, 1)
1
(55, 65)
-> Request 3
882
(2, 1, 1)
3
(54, 64)
-> Request 4
998
(2, 1, 2)
1
(8, 25)
-> Request 5
1171
(3, 3, 1)
2
(58, 33)
-> Request 6
1330
(3, 1, 1)
1
(61, 71)
-> Request 7
1340
(1, 3, 2)
2
(60, 40)
-> Request 8
1401
(2, 2, 2)
2
(63, 66)
--> Day : 3
-> Request 0
41
(4, 3, 1)
1
(60, 42)
-> Request 1
191
(1, 2, 1)
3
(57, 70)
-> Request 2
452
(2, 1, 2)
2
(56, 71)
-> Request 3
911
(3, 3, 1)
3
(47, 38)
-> Request 4
917
(1, 3, 2)
2
(52, 36)
-> Request 5
938
(3, 2, 2)
2
(61, 45)
-> Request 6
961
(4, 1, 1)
3
(45, 38)
-> Request 7
985
(3, 1, 2)
1
(45, 28)
-> Request 8
1010
(2, 2, 1)
3
(58, 74)
-> Request 9
1115
(3, 1, 2)
2
(63, 67)
-> Request 10
1204
(3, 2, 2)
1
(56, 38)
-> Request 11
1204
(3, 2, 1)
1
(58, 71)
--> Day : 4
-> Request 0
155
(4, 3, 1)
2
(59, 34)
-> Request 1
270
(2, 3, 2)
3
(59, 43)
-> Request 2
403
(2, 1, 2)
2
(15, 25)
-> Request 3
673
(3, 1, 2)
1
(44, 33)
-> Request 4
758
(4, 3, 1)
2
(63, 69)
-> Request 5
1010
(2, 3, 2)
3
(55, 31)
-> Request 6
1046
(3, 2, 2)
1
(60, 72)
-> Request 7
1178
(2, 3, 1)
2
(66, 70)
-> Request 8
1294
(3, 1, 2)
2
(10, 21)
---> Week : 99
--> Day : 0
-> Request 0
6
(3, 1, 1)
1
(50, 39)
-> Request 1
71
(3, 1, 1)
1
(11, 21)
-> Request 2
96
(1, 1, 1)
1
(60, 68)
-> Request 3
751
(2, 2, 2)
2
(51, 46)
-> Request 4
915
(1, 1, 1)
2
(56, 37)
-> Request 5
995
(2, 3, 1)
3
(55, 39)
-> Request 6
1327
(4, 2, 2)
2
(65, 72)
-> Request 7
1335
(2, 3, 1)
1
(61, 43)
-> Request 8
1342
(4, 2, 2)
1
(62, 31)
--> Day : 1
-> Request 0
105
(2, 1, 1)
1
(62, 43)
-> Request 1
225
(3, 3, 1)
3
(11, 28)
-> Request 2
249
(1, 1, 2)
1
(47, 38)
-> Request 3
359
(1, 3, 1)
2
(57, 33)
-> Request 4
432
(4, 2, 2)
3
(66, 73)
-> Request 5
603
(4, 2, 2)
1
(53, 66)
-> Request 6
635
(1, 2, 1)
1
(48, 28)
-> Request 7
747
(2, 2, 1)
2
(59, 35)
-> Request 8
778
(1, 2, 1)
1
(9, 21)
-> Request 9
854
(2, 2, 1)
3
(59, 73)
-> Request 10
877
(4, 2, 2)
1
(66, 68)
-> Request 11
1320
(2, 2, 2)
1
(56, 64)
-> Request 12
1337
(3, 3, 1)
1
(43, 46)
--> Day : 2
-> Request 0
31
(2, 3, 2)
3
(57, 28)
-> Request 1
65
(3, 2, 2)
3
(57, 33)
-> Request 2
69
(1, 2, 2)
1
(13, 24)
-> Request 3
203
(3, 1, 1)
2
(58, 45)
-> Request 4
240
(3, 2, 2)
1
(46, 34)
-> Request 5
358
(2, 2, 1)
3
(43, 40)
-> Request 6
415
(3, 3, 1)
1
(43, 27)
-> Request 7
642
(1, 3, 1)
1
(11, 23)
-> Request 8
1212
(2, 3, 1)
2
(60, 64)
-> Request 9
1333
(3, 2, 1)
2
(54, 43)
--> Day : 3
-> Request 0
34
(2, 3, 2)
2
(53, 46)
-> Request 1
158
(1, 3, 2)
3
(62, 34)
-> Request 2
417
(1, 3, 2)
1
(52, 71)
-> Request 3
498
(2, 2, 1)
1
(58, 44)
-> Request 4
793
(1, 2, 1)
3
(63, 75)
-> Request 5
886
(3, 3, 2)
3
(62, 66)
-> Request 6
1104
(1, 3, 1)
1
(16, 24)
-> Request 7
1216
(1, 1, 1)
2
(60, 76)
-> Request 8
1242
(1, 1, 2)
2
(60, 27)
-> Request 9
1257
(4, 3, 1)
3
(54, 68)
-> Request 10
1301
(1, 2, 2)
1
(64, 64)
--> Day : 4
-> Request 0
235
(1, 3, 1)
1
(8, 23)
-> Request 1
252
(4, 1, 1)
2
(14, 23)
-> Request 2
357
(1, 1, 2)
1
(55, 27)
-> Request 3
465
(3, 3, 1)
1
(58, 44)
-> Request 4
517
(4, 1, 1)
1
(61, 69)
-> Request 5
622
(3, 3, 2)
2
(54, 41)
-> Request 6
1170
(3, 3, 2)
2
(47, 39)
-> Request 7
1184
(3, 2, 1)
2
(9, 21)
---> Week : 100
--> Day : 0
-> Request 0
24
(4, 1, 2)
2
(57, 38)
-> Request 1
99
(3, 2, 2)
3
(58, 68)
-> Request 2
136
(3, 3, 1)
3
(59, 44)
-> Request 3
330
(2, 3, 2)
2
(54, 37)
-> Request 4
362
(2, 2, 2)
3
(44, 38)
-> Request 5
428
(4, 1, 1)
2
(61, 33)
-> Request 6
492
(3, 2, 1)
2
(60, 45)
-> Request 7
519
(4, 3, 2)
1
(48, 36)
-> Request 8
530
(3, 3, 2)
1
(56, 40)
-> Request 9
624
(4, 1, 1)
1
(59, 76)
-> Request 10
1251
(2, 1, 2)
2
(66, 75)
--> Day : 1
-> Request 0
19
(4, 3, 1)
2
(59, 33)
-> Request 1
324
(1, 1, 2)
1
(54, 68)
-> Request 2
339
(3, 2, 1)
3
(55, 73)
-> Request 3
361
(1, 3, 1)
3
(53, 42)
-> Request 4
367
(1, 3, 2)
2
(61, 37)
-> Request 5
389
(4, 1, 2)
3
(14, 25)
-> Request 6
556
(4, 3, 1)
3
(12, 26)
-> Request 7
585
(1, 1, 1)
1
(50, 43)
-> Request 8
599
(4, 2, 2)
1
(66, 64)
-> Request 9
669
(2, 1, 1)
3
(62, 69)
-> Request 10
817
(3, 2, 2)
1
(58, 71)
-> Request 11
950
(3, 1, 1)
3
(54, 33)
-> Request 12
961
(1, 3, 1)
3
(52, 66)
-> Request 13
1259
(3, 1, 1)
1
(47, 44)
-> Request 14
1278
(3, 1, 1)
3
(17, 29)
-> Request 15
1323
(4, 1, 1)
1
(53, 32)
--> Day : 2
-> Request 0
140
(1, 2, 2)
1
(58, 42)
-> Request 1
386
(3, 3, 2)
1
(52, 27)
-> Request 2
641
(1, 3, 2)
1
(54, 70)
-> Request 3
867
(1, 3, 1)
3
(17, 27)
-> Request 4
1359
(3, 3, 1)
3
(59, 31)
--> Day : 3
-> Request 0
144
(1, 3, 2)
3
(44, 27)
-> Request 1
205
(4, 3, 1)
2
(52, 29)
-> Request 2
237
(3, 3, 2)
1
(48, 34)
-> Request 3
466
(4, 2, 1)
1
(56, 29)
-> Request 4
625
(3, 3, 2)
3
(59, 41)
-> Request 5
714
(3, 1, 2)
3
(66, 74)
-> Request 6
1045
(3, 3, 2)
3
(13, 28)
--> Day : 4
-> Request 0
101
(3, 1, 2)
2
(46, 42)
-> Request 1
189
(1, 3, 1)
1
(64, 74)
-> Request 2
225
(2, 3, 1)
1
(56, 74)
-> Request 3
485
(3, 2, 2)
3
(53, 27)
-> Request 4
556
(2, 3, 1)
3
(59, 78)
-> Request 5
754
(4, 1, 1)
2
(56, 41)
-> Request 6
887
(4, 1, 2)
2
(61, 31)
-> Request 7
921
(4, 2, 1)
2
(15, 26)
-> Request 8
1018
(4, 3, 1)
1
(17, 26)
---> Week : 101
--> Day : 0
-> Request 0
67
(1, 1, 1)
3
(50, 43)
-> Request 1
68
(4, 3, 2)
2
(14, 28)
-> Request 2
217
(2, 3, 1)
3
(57, 43)
-> Request 3
329
(1, 1, 1)
3
(49, 33)
-> Request 4
350
(4, 3, 2)
3
(57, 39)
-> Request 5
462
(2, 3, 1)
3
(60, 33)
-> Request 6
589
(1, 3, 2)
3
(14, 23)
-> Request 7
866
(3, 3, 1)
2
(58, 31)
-> Request 8
931
(3, 1, 1)
1
(51, 42)
-> Request 9
1121
(3, 1, 1)
1
(58, 41)
-> Request 10
1195
(4, 2, 2)
2
(46, 29)
--> Day : 1
-> Request 0
38
(3, 1, 1)
2
(57, 45)
-> Request 1
124
(1, 3, 1)
1
(43, 30)
-> Request 2
380
(3, 2, 2)
3
(62, 37)
-> Request 3
424
(3, 3, 2)
3
(45, 35)
-> Request 4
431
(4, 1, 1)
3
(44, 37)
-> Request 5
506
(4, 1, 1)
1
(54, 66)
-> Request 6
1088
(3, 2, 1)
2
(55, 65)
-> Request 7
1123
(1, 1, 2)
1
(65, 67)
-> Request 8
1224
(2, 3, 2)
2
(46, 38)
--> Day : 2
-> Request 0
403
(1, 2, 2)
2
(55, 28)
-> Request 1
462
(4, 3, 1)
3
(55, 72)
-> Request 2
584
(2, 2, 2)
2
(57, 68)
-> Request 3
707
(2, 3, 2)
2
(48, 46)
-> Request 4
775
(1, 2, 2)
3
(48, 40)
-> Request 5
814
(4, 3, 2)
1
(58, 35)
-> Request 6
830
(1, 3, 2)
3
(57, 41)
-> Request 7
1393
(4, 2, 1)
3
(48, 27)
--> Day : 3
-> Request 0
17
(4, 2, 2)
1
(9, 25)
-> Request 1
89
(1, 2, 1)
2
(60, 36)
-> Request 2
98
(1, 2, 1)
3
(56, 75)
-> Request 3
364
(4, 2, 1)
2
(63, 64)
-> Request 4
686
(3, 2, 1)
1
(46, 36)
-> Request 5
957
(4, 1, 2)
2
(62, 71)
-> Request 6
1018
(1, 2, 2)
1
(61, 78)
-> Request 7
1080
(2, 1, 2)
1
(53, 32)
-> Request 8
1095
(2, 3, 2)
3
(57, 36)
-> Request 9
1385
(3, 3, 1)
1
(43, 33)
--> Day : 4
-> Request 0
599
(3, 1, 2)
3
(47, 28)
-> Request 1
940
(3, 1, 1)
2
(57, 36)
-> Request 2
996
(3, 3, 1)
3
(57, 36)
-> Request 3
1112
(4, 1, 2)
2
(60, 75)
-> Request 4
1275
(2, 1, 2)
2
(57, 41)
-> Request 5
1343
(2, 2, 1)
3
(45, 29)
-> Request 6
1358
(2, 3, 2)
1
(52, 40)
---> Week : 102
--> Day : 0
-> Request 0
259
(2, 3, 1)
1
(54, 45)
-> Request 1
390
(2, 1, 2)
2
(10, 29)
-> Request 2
719
(2, 2, 2)
3
(61, 35)
-> Request 3
913
(4, 1, 1)
2
(44, 44)
-> Request 4
957
(2, 1, 2)
2
(61, 27)
-> Request 5
988
(2, 3, 2)
1
(50, 45)
-> Request 6
1258
(3, 1, 1)
3
(56, 41)
-> Request 7
1338
(4, 2, 1)
1
(55, 30)
--> Day : 1
-> Request 0
47
(3, 3, 2)
2
(63, 72)
-> Request 1
183
(4, 3, 1)
1
(62, 65)
-> Request 2
237
(2, 1, 1)
3
(52, 78)
-> Request 3
425
(2, 3, 2)
1
(47, 43)
-> Request 4
456
(2, 3, 2)
1
(51, 42)
-> Request 5
660
(1, 2, 1)
1
(44, 33)
-> Request 6
1033
(4, 3, 2)
2
(52, 29)
-> Request 7
1316
(1, 3, 1)
2
(50, 37)
-> Request 8
1347
(3, 3, 1)
1
(61, 35)
-> Request 9
1391
(2, 1, 2)
1
(49, 32)
--> Day : 2
-> Request 0
28
(2, 2, 1)
3
(43, 37)
-> Request 1
40
(3, 2, 1)
3
(60, 66)
-> Request 2
107
(4, 3, 1)
3
(46, 36)
-> Request 3
215
(2, 1, 2)
1
(45, 41)
-> Request 4
349
(2, 2, 2)
2
(60, 67)
-> Request 5
486
(2, 2, 2)
1
(55, 74)
-> Request 6
824
(3, 2, 1)
3
(60, 33)
-> Request 7
1027
(2, 1, 2)
2
(52, 77)
-> Request 8
1116
(4, 1, 1)
1
(46, 33)
--> Day : 3
-> Request 0
144
(2, 1, 2)
1
(61, 39)
-> Request 1
388
(3, 2, 2)
1
(44, 32)
-> Request 2
390
(4, 2, 1)
2
(60, 28)
-> Request 3
544
(1, 1, 2)
1
(60, 75)
-> Request 4
794
(3, 2, 1)
2
(64, 72)
-> Request 5
941
(1, 2, 1)
3
(56, 27)
-> Request 6
971
(2, 2, 2)
3
(53, 41)
-> Request 7
1404
(3, 3, 1)
1
(48, 28)
--> Day : 4
-> Request 0
60
(3, 2, 1)
1
(15, 23)
-> Request 1
74
(1, 1, 1)
3
(61, 39)
-> Request 2
140
(4, 2, 1)
3
(62, 44)
-> Request 3
227
(2, 1, 2)
1
(59, 41)
-> Request 4
434
(1, 2, 2)
1
(59, 71)
-> Request 5
910
(1, 2, 2)
2
(49, 34)
-> Request 6
1076
(2, 1, 2)
1
(59, 36)
-> Request 7
1111
(2, 1, 1)
1
(65, 72)
-> Request 8
1130
(1, 2, 2)
2
(57, 76)
-> Request 9
1398
(3, 2, 1)
2
(51, 37)
---> Week : 103
--> Day : 0
-> Request 0
5
(4, 3, 1)
3
(55, 39)
-> Request 1
221
(2, 2, 1)
1
(47, 39)
-> Request 2
305
(4, 1, 2)
3
(14, 21)
-> Request 3
546
(2, 2, 2)
1
(62, 40)
-> Request 4
663
(4, 1, 1)
3
(55, 69)
-> Request 5
678
(3, 1, 1)
3
(46, 27)
-> Request 6
784
(4, 3, 1)
1
(54, 75)
-> Request 7
799
(3, 2, 2)
3
(54, 65)
-> Request 8
998
(4, 1, 1)
1
(52, 37)
-> Request 9
1114
(3, 2, 2)
1
(56, 70)
-> Request 10
1118
(3, 2, 1)
3
(61, 40)
-> Request 11
1281
(2, 3, 2)
1
(56, 46)
-> Request 12
1316
(1, 2, 2)
1
(50, 37)
-> Request 13
1439
(3, 1, 1)
1
(61, 32)
--> Day : 1
-> Request 0
145
(1, 2, 1)
2
(50, 43)
-> Request 1
268
(4, 1, 1)
2
(54, 66)
-> Request 2
435
(1, 2, 2)
2
(65, 73)
-> Request 3
574
(3, 1, 2)
1
(58, 37)
-> Request 4
865
(2, 2, 2)
3
(61, 64)
-> Request 5
907
(4, 3, 1)
2
(51, 38)
-> Request 6
966
(1, 3, 2)
3
(57, 74)
-> Request 7
1068
(4, 2, 1)
2
(47, 36)
--> Day : 2
-> Request 0
32
(3, 3, 2)
2
(48, 32)
-> Request 1
52
(4, 2, 1)
2
(45, 42)
-> Request 2
439
(3, 3, 2)
3
(51, 40)
-> Request 3
767
(3, 1, 1)
3
(61, 32)
-> Request 4
768
(2, 3, 2)
1
(59, 73)
-> Request 5
769
(4, 2, 1)
3
(44, 28)
-> Request 6
829
(3, 3, 1)
3
(61, 46)
-> Request 7
1136
(4, 3, 2)
3
(54, 66)
-> Request 8
1422
(1, 1, 1)
2
(9, 27)
--> Day : 3
-> Request 0
16
(4, 2, 2)
1
(12, 22)
-> Request 1
79
(3, 2, 1)
1
(44, 46)
-> Request 2
105
(2, 1, 1)
1
(54, 42)
-> Request 3
312
(4, 1, 1)
3
(51, 45)
-> Request 4
313
(3, 3, 2)
1
(59, 38)
-> Request 5
506
(2, 1, 1)
3
(63, 67)
-> Request 6
779
(4, 2, 1)
2
(54, 35)
-> Request 7
1097
(3, 2, 1)
2
(8, 29)
--> Day : 4
-> Request 0
117
(1, 2, 1)
1
(47, 33)
-> Request 1
141
(2, 2, 2)
3
(63, 70)
-> Request 2
295
(4, 2, 2)
3
(53, 67)
-> Request 3
361
(3, 3, 2)
2
(44, 41)
-> Request 4
442
(2, 1, 1)
2
(57, 78)
-> Request 5
524
(1, 3, 1)
3
(43, 29)
-> Request 6
664
(1, 2, 1)
2
(52, 68)
-> Request 7
887
(3, 2, 2)
2
(17, 28)
-> Request 8
969
(2, 2, 2)
3
(46, 40)
-> Request 9
1140
(2, 1, 1)
3
(50, 38)
-> Request 10
1284
(3, 2, 1)
2
(58, 32)
-> Request 11
1308
(3, 1, 1)
3
(61, 40)
---> Week : 104
--> Day : 0
-> Request 0
405
(2, 3, 1)
3
(16, 21)
-> Request 1
947
(1, 2, 1)
3
(12, 29)
-> Request 2
1192
(3, 2, 2)
2
(56, 27)
-> Request 3
1324
(1, 2, 1)
3
(46, 46)
-> Request 4
1372
(3, 3, 2)
2
(58, 67)
-> Request 5
1373
(4, 3, 1)
3
(47, 40)
--> Day : 1
-> Request 0
104
(3, 3, 2)
1
(59, 77)
-> Request 1
134
(4, 2, 1)
1
(11, 27)
-> Request 2
307
(3, 3, 2)
1
(56, 32)
-> Request 3
816
(1, 3, 2)
2
(60, 32)
-> Request 4
849
(3, 3, 1)
1
(52, 41)
-> Request 5
894
(1, 2, 2)
3
(58, 29)
-> Request 6
1271
(1, 1, 1)
1
(57, 67)
-> Request 7
1371
(4, 2, 2)
2
(65, 73)
--> Day : 2
-> Request 0
121
(1, 2, 1)
3
(60, 71)
-> Request 1
185
(1, 1, 1)
3
(60, 77)
-> Request 2
459
(1, 2, 2)
3
(61, 64)
-> Request 3
822
(4, 3, 1)
3
(52, 43)
-> Request 4
945
(1, 3, 1)
3
(59, 78)
-> Request 5
1192
(4, 3, 2)
3
(47, 32)
-> Request 6
1248
(2, 3, 2)
2
(59, 69)
-> Request 7
1258
(3, 2, 1)
1
(56, 41)
-> Request 8
1375
(2, 3, 2)
1
(58, 69)
-> Request 9
1382
(3, 1, 1)
2
(9, 22)
-> Request 10
1395
(4, 1, 1)
1
(52, 30)
--> Day : 3
-> Request 0
191
(4, 1, 1)
3
(60, 71)
-> Request 1
294
(2, 2, 1)
1
(61, 78)
-> Request 2
470
(4, 2, 1)
3
(44, 41)
-> Request 3
520
(3, 3, 1)
1
(53, 65)
-> Request 4
579
(2, 1, 2)
2
(61, 43)
-> Request 5
849
(1, 3, 2)
2
(49, 42)
-> Request 6
945
(1, 2, 2)
2
(59, 30)
-> Request 7
962
(4, 2, 1)
1
(46, 35)
-> Request 8
992
(3, 2, 1)
3
(57, 35)
-> Request 9
1153
(4, 3, 2)
1
(50, 32)
-> Request 10
1225
(2, 2, 1)
2
(59, 70)
--> Day : 4
-> Request 0
285
(1, 3, 2)
3
(63, 73)
-> Request 1
473
(2, 3, 2)
3
(44, 46)
-> Request 2
538
(3, 3, 1)
2
(11, 21)
-> Request 3
597
(1, 3, 2)
1
(11, 26)
-> Request 4
828
(2, 3, 1)
3
(10, 20)
-> Request 5
841
(2, 3, 2)
3
(54, 38)
-> Request 6
1112
(2, 2, 2)
2
(66, 71)
-> Request 7
1120
(3, 1, 1)
3
(15, 29)
-> Request 8
1120
(2, 3, 2)
1
(64, 64)
-> Request 9
1420
(3, 2, 2)
3
(62, 69)
---> Week : 105
--> Day : 0
-> Request 0
88
(2, 3, 1)
1
(65, 67)
-> Request 1
279
(3, 1, 2)
2
(46, 46)
-> Request 2
507
(2, 3, 2)
2
(52, 71)
-> Request 3
632
(1, 2, 2)
2
(60, 46)
-> Request 4
844
(4, 2, 1)
1
(47, 37)
-> Request 5
850
(2, 2, 1)
2
(57, 66)
-> Request 6
894
(2, 1, 1)
1
(43, 31)
-> Request 7
901
(3, 3, 2)
2
(53, 36)
--> Day : 1
-> Request 0
414
(4, 2, 2)
1
(53, 65)
-> Request 1
417
(3, 2, 2)
3
(51, 28)
-> Request 2
579
(4, 3, 2)
2
(46, 32)
-> Request 3
882
(4, 3, 2)
2
(55, 73)
-> Request 4
1087
(1, 3, 2)
3
(57, 69)
-> Request 5
1156
(3, 3, 1)
1
(15, 22)
--> Day : 2
-> Request 0
44
(4, 2, 2)
1
(43, 38)
-> Request 1
85
(1, 1, 1)
2
(48, 35)
-> Request 2
228
(1, 2, 2)
2
(54, 46)
-> Request 3
249
(3, 1, 2)
1
(66, 68)
-> Request 4
411
(3, 1, 2)
2
(53, 70)
-> Request 5
565
(1, 3, 1)
3
(56, 31)
-> Request 6
587
(2, 3, 1)
1
(12, 29)
-> Request 7
843
(4, 2, 1)
3
(15, 28)
-> Request 8
905
(2, 3, 1)
2
(58, 71)
-> Request 9
919
(2, 2, 1)
3
(48, 30)
-> Request 10
1120
(2, 2, 2)
1
(56, 64)
-> Request 11
1297
(3, 1, 2)
3
(58, 42)
-> Request 12
1318
(2, 1, 2)
1
(57, 38)
--> Day : 3
-> Request 0
54
(2, 1, 1)
3
(15, 20)
-> Request 1
94
(3, 1, 2)
3
(61, 33)
-> Request 2
134
(3, 3, 2)
1
(50, 41)
-> Request 3
469
(4, 3, 1)
2
(55, 74)
-> Request 4
471
(3, 2, 1)
3
(48, 34)
-> Request 5
573
(4, 3, 1)
1
(62, 37)
-> Request 6
655
(4, 2, 1)
3
(52, 78)
-> Request 7
655
(1, 2, 2)
1
(57, 28)
-> Request 8
798
(2, 3, 2)
1
(56, 64)
-> Request 9
1144
(1, 1, 2)
2
(44, 36)
--> Day : 4
-> Request 0
59
(3, 1, 1)
1
(45, 33)
-> Request 1
315
(2, 2, 1)
2
(56, 70)
-> Request 2
479
(2, 1, 1)
3
(50, 28)
-> Request 3
1239
(3, 2, 2)
2
(16, 27)
---> Week : 106
--> Day : 0
-> Request 0
286
(4, 1, 2)
1
(63, 72)
-> Request 1
420
(4, 1, 2)
2
(49, 43)
-> Request 2
673
(3, 1, 1)
2
(47, 39)
-> Request 3
947
(4, 3, 2)
1
(43, 33)
-> Request 4
1061
(3, 3, 2)
3
(49, 30)
-> Request 5
1230
(3, 3, 1)
1
(61, 36)
--> Day : 1
-> Request 0
216
(1, 2, 2)
2
(54, 69)
-> Request 1
408
(3, 1, 1)
1
(53, 28)
-> Request 2
415
(3, 3, 1)
1
(59, 78)
-> Request 3
756
(1, 1, 2)
1
(65, 76)
-> Request 4
1006
(3, 2, 1)
2
(55, 78)
-> Request 5
1107
(3, 1, 2)
3
(62, 33)
-> Request 6
1129
(2, 2, 1)
1
(54, 35)
-> Request 7
1371
(4, 1, 1)
3
(13, 27)
--> Day : 2
-> Request 0
5
(3, 3, 1)
3
(55, 67)
-> Request 1
354
(4, 2, 1)
3
(61, 40)
-> Request 2
440
(3, 2, 1)
3
(54, 33)
-> Request 3
467
(3, 1, 1)
1
(14, 20)
-> Request 4
537
(2, 1, 1)
2
(61, 77)
-> Request 5
596
(3, 3, 2)
2
(63, 70)
-> Request 6
629
(3, 1, 1)
1
(55, 32)
-> Request 7
716
(1, 2, 1)
3
(62, 27)
-> Request 8
765
(2, 2, 1)
3
(11, 23)
-> Request 9
920
(1, 1, 1)
2
(60, 45)
-> Request 10
1004
(4, 2, 2)
2
(58, 68)
-> Request 11
1113
(1, 2, 1)
1
(51, 43)
-> Request 12
1350
(1, 2, 1)
2
(46, 45)
--> Day : 3
-> Request 0
43
(1, 1, 2)
2
(14, 22)
-> Request 1
166
(4, 2, 1)
2
(63, 74)
-> Request 2
238
(1, 3, 1)
3
(55, 75)
-> Request 3
268
(3, 1, 2)
3
(55, 72)
-> Request 4
347
(3, 3, 1)
3
(45, 30)
-> Request 5
432
(1, 3, 1)
1
(61, 35)
-> Request 6
545
(4, 3, 1)
3
(52, 45)
-> Request 7
590
(1, 3, 2)
1
(45, 44)
-> Request 8
620
(2, 3, 1)
1
(58, 67)
-> Request 9
668
(1, 2, 2)
2
(64, 72)
-> Request 10
959
(1, 1, 2)
3
(47, 41)
-> Request 11
1023
(4, 1, 2)
1
(57, 28)
-> Request 12
1182
(1, 2, 2)
3
(12, 27)
-> Request 13
1213
(4, 3, 1)
1
(46, 35)
--> Day : 4
-> Request 0
54
(4, 3, 2)
1
(58, 64)
-> Request 1
349
(3, 1, 1)
2
(45, 41)
-> Request 2
794
(4, 3, 2)
2
(60, 67)
-> Request 3
851
(2, 2, 2)
1
(64, 72)
---> Week : 107
--> Day : 0
-> Request 0
359
(2, 2, 2)
1
(61, 64)
-> Request 1
366
(2, 3, 1)
3
(59, 35)
-> Request 2
526
(3, 1, 2)
2
(52, 43)
-> Request 3
611
(4, 1, 1)
1
(65, 75)
-> Request 4
725
(3, 2, 1)
3
(47, 33)
-> Request 5
728
(3, 3, 2)
2
(66, 77)
-> Request 6
830
(4, 3, 2)
2
(61, 64)
-> Request 7
921
(1, 3, 2)
1
(52, 46)
-> Request 8
925
(2, 3, 2)
2
(60, 33)
-> Request 9
1350
(2, 1, 2)
3
(61, 30)
--> Day : 1
-> Request 0
58
(2, 2, 1)
2
(53, 27)
-> Request 1
77
(3, 2, 2)
3
(14, 28)
-> Request 2
103
(3, 2, 1)
3
(43, 45)
-> Request 3
146
(1, 2, 1)
2
(50, 39)
-> Request 4
358
(1, 3, 1)
3
(43, 30)
-> Request 5
562
(4, 1, 2)
3
(43, 45)
-> Request 6
727
(3, 3, 1)
2
(55, 39)
-> Request 7
1036
(2, 3, 2)
1
(60, 78)
-> Request 8
1039
(3, 2, 2)
2
(43, 39)
-> Request 9
1164
(3, 3, 2)
2
(49, 39)
--> Day : 2
-> Request 0
195
(3, 2, 2)
3
(54, 28)
-> Request 1
325
(2, 1, 2)
3
(49, 32)
-> Request 2
427
(3, 3, 2)
3
(48, 39)
-> Request 3
468
(4, 3, 2)
3
(56, 36)
-> Request 4
686
(2, 1, 2)
2
(62, 35)
-> Request 5
856
(1, 3, 1)
1
(55, 44)
-> Request 6
924
(2, 2, 2)
2
(16, 25)
-> Request 7
1244
(2, 1, 2)
2
(58, 78)
-> Request 8
1280
(4, 1, 1)
1
(54, 30)
--> Day : 3
-> Request 0
18
(2, 2, 1)
2
(56, 69)
-> Request 1
332
(3, 2, 2)
2
(43, 46)
-> Request 2
590
(4, 1, 2)
3
(65, 76)
-> Request 3
647
(1, 3, 1)
2
(61, 64)
-> Request 4
648
(4, 2, 1)
3
(58, 71)
-> Request 5
1135
(4, 2, 1)
3
(56, 27)
-> Request 6
1207
(2, 1, 2)
1
(49, 30)
-> Request 7
1360
(4, 2, 2)
2
(63, 71)
-> Request 8
1376
(2, 1, 1)
2
(46, 34)
--> Day : 4
-> Request 0
230
(3, 1, 1)
2
(59, 70)
-> Request 1
272
(2, 2, 2)
3
(48, 43)
-> Request 2
273
(1, 3, 1)
1
(48, 41)
-> Request 3
388
(2, 3, 2)
2
(58, 30)
-> Request 4
484
(1, 1, 1)
2
(61, 27)
-> Request 5
531
(2, 2, 2)
1
(58, 28)
-> Request 6
1270
(4, 2, 1)
1
(54, 39)
-> Request 7
1276
(2, 1, 1)
1
(57, 42)
-> Request 8
1415
(1, 1, 2)
2
(55, 27)
---> Week : 108
--> Day : 0
-> Request 0
215
(1, 1, 1)
1
(64, 70)
-> Request 1
393
(2, 3, 2)
3
(50, 33)
-> Request 2
413
(1, 2, 1)
3
(53, 66)
-> Request 3
504
(2, 3, 2)
3
(50, 33)
-> Request 4
1252
(2, 1, 2)
2
(44, 40)
-> Request 5
1351
(1, 3, 2)
3
(58, 69)
--> Day : 1
-> Request 0
348
(2, 2, 2)
2
(15, 22)
-> Request 1
472
(4, 3, 1)
2
(61, 36)
-> Request 2
874
(2, 3, 2)
3
(66, 67)
-> Request 3
1060
(1, 2, 1)
3
(55, 46)
-> Request 4
1117
(4, 3, 2)
3
(60, 73)
-> Request 5
1192
(3, 1, 2)
1
(50, 35)
-> Request 6
1250
(2, 3, 1)
1
(60, 31)
-> Request 7
1397
(2, 1, 1)
1
(62, 75)
-> Request 8
1436
(2, 1, 1)
3
(59, 28)
--> Day : 2
-> Request 0
50
(1, 2, 2)
2
(56, 30)
-> Request 1
578
(2, 1, 2)
3
(12, 21)
-> Request 2
676
(3, 3, 1)
3
(44, 35)
-> Request 3
684
(1, 3, 2)
1
(51, 46)
-> Request 4
691
(2, 1, 2)
1
(63, 67)
-> Request 5
763
(3, 3, 1)
2
(54, 29)
-> Request 6
855
(3, 1, 1)
3
(50, 31)
--> Day : 3
-> Request 0
48
(3, 2, 2)
3
(57, 40)
-> Request 1
135
(1, 2, 2)
2
(55, 30)
-> Request 2
165
(2, 2, 1)
3
(60, 29)
-> Request 3
230
(2, 3, 1)
3
(58, 44)
-> Request 4
368
(3, 3, 2)
3
(11, 26)
-> Request 5
389
(2, 3, 2)
2
(51, 39)
-> Request 6
493
(3, 2, 1)
2
(62, 65)
-> Request 7
528
(3, 3, 2)
1
(48, 43)
-> Request 8
733
(1, 1, 1)
1
(58, 72)
-> Request 9
781
(3, 2, 1)
3
(44, 30)
-> Request 10
867
(2, 1, 1)
2
(10, 21)
-> Request 11
875
(4, 1, 2)
1
(61, 69)
-> Request 12
917
(1, 1, 2)
3
(54, 76)
-> Request 13
1003
(2, 2, 2)
3
(58, 29)
--> Day : 4
-> Request 0
52
(3, 3, 2)
3
(47, 32)
-> Request 1
68
(4, 1, 2)
1
(60, 70)
-> Request 2
517
(3, 3, 2)
2
(57, 31)
-> Request 3
550
(4, 2, 1)
3
(11, 27)
-> Request 4
652
(3, 2, 1)
2
(62, 36)
-> Request 5
876
(2, 1, 2)
1
(16, 21)
-> Request 6
927
(4, 3, 1)
1
(49, 46)
-> Request 7
945
(2, 3, 1)
3
(47, 41)
-> Request 8
1062
(1, 1, 1)
2
(61, 44)
-> Request 9
1281
(1, 2, 1)
1
(46, 45)
---> Week : 109
--> Day : 0
-> Request 0
196
(3, 2, 2)
3
(44, 37)
-> Request 1
537
(3, 1, 2)
1
(17, 26)
-> Request 2
644
(1, 2, 2)
2
(61, 74)
-> Request 3
1083
(2, 2, 2)
2
(66, 64)
--> Day : 1
-> Request 0
268
(4, 2, 1)
1
(50, 43)
-> Request 1
416
(1, 3, 2)
3
(9, 26)
-> Request 2
416
(3, 2, 1)
3
(52, 30)
-> Request 3
512
(3, 2, 2)
1
(11, 27)
-> Request 4
1039
(3, 2, 2)
1
(44, 39)
-> Request 5
1146
(1, 3, 2)
1
(48, 40)
-> Request 6
1192
(3, 1, 1)
1
(56, 31)
-> Request 7
1254
(1, 2, 1)
1
(44, 37)
-> Request 8
1340
(3, 3, 1)
3
(54, 78)
-> Request 9
1368
(1, 1, 1)
1
(15, 20)
--> Day : 2
-> Request 0
78
(1, 2, 2)
2
(52, 64)
-> Request 1
81
(1, 2, 2)
1
(56, 43)
-> Request 2
245
(4, 2, 1)
2
(52, 37)
-> Request 3
685
(2, 3, 1)
3
(47, 37)
-> Request 4
780
(2, 1, 2)
3
(57, 39)
-> Request 5
805
(2, 2, 2)
1
(59, 36)
-> Request 6
924
(1, 3, 1)
3
(64, 78)
-> Request 7
1022
(4, 1, 2)
2
(60, 37)
-> Request 8
1122
(2, 1, 1)
3
(45, 29)
--> Day : 3
-> Request 0
32
(2, 3, 1)
1
(58, 76)
-> Request 1
221
(4, 1, 2)
3
(55, 42)
-> Request 2
341
(1, 1, 1)
1
(15, 22)
-> Request 3
371
(2, 1, 1)
2
(53, 78)
-> Request 4
637
(1, 3, 2)
2
(62, 73)
-> Request 5
1214
(3, 1, 2)
3
(58, 46)
-> Request 6
1221
(4, 3, 2)
3
(44, 43)
-> Request 7
1287
(3, 3, 1)
2
(55, 68)
-> Request 8
1302
(2, 1, 1)
3
(60, 28)
--> Day : 4
-> Request 0
329
(3, 1, 2)
2
(43, 38)
-> Request 1
391
(3, 2, 1)
2
(8, 25)
-> Request 2
412
(3, 3, 2)
1
(59, 31)
-> Request 3
664
(1, 3, 1)
1
(54, 73)
-> Request 4
752
(2, 2, 2)
1
(58, 43)
-> Request 5
815
(4, 2, 1)
2
(59, 75)
-> Request 6
1002
(4, 2, 2)
3
(55, 37)
-> Request 7
1055
(3, 2, 2)
3
(11, 21)
---> Week : 110
--> Day : 0
-> Request 0
67
(3, 2, 1)
1
(49, 34)
-> Request 1
242
(1, 1, 1)
1
(44, 32)
-> Request 2
312
(3, 3, 2)
2
(60, 42)
-> Request 3
414
(2, 3, 1)
1
(54, 27)
-> Request 4
445
(2, 1, 1)
2
(59, 66)
-> Request 5
555
(4, 2, 1)
1
(46, 27)
-> Request 6
706
(4, 3, 2)
3
(53, 30)
-> Request 7
1033
(1, 1, 2)
2
(58, 41)
-> Request 8
1251
(3, 2, 2)
3
(61, 73)
-> Request 9
1324
(3, 3, 2)
1
(53, 46)
--> Day : 1
-> Request 0
17
(3, 3, 2)
3
(62, 41)
-> Request 1
260
(4, 1, 2)
2
(14, 24)
-> Request 2
332
(4, 1, 1)
2
(50, 46)
-> Request 3
367
(1, 3, 2)
3
(58, 64)
-> Request 4
668
(4, 2, 2)
3
(15, 26)
-> Request 5
715
(3, 2, 1)
3
(58, 35)
-> Request 6
746
(4, 1, 1)
1
(12, 25)
-> Request 7
884
(2, 2, 2)
1
(60, 75)
-> Request 8
937
(2, 1, 1)
2
(59, 30)
-> Request 9
1022
(4, 1, 1)
1
(62, 37)
-> Request 10
1191
(2, 2, 1)
3
(13, 20)
-> Request 11
1264
(2, 2, 1)
2
(52, 71)
-> Request 12
1265
(1, 1, 1)
2
(11, 23)
-> Request 13
1290
(1, 2, 1)
3
(56, 45)
-> Request 14
1355
(2, 3, 2)
1
(8, 22)
--> Day : 2
-> Request 0
69
(1, 3, 1)
3
(55, 33)
-> Request 1
125
(2, 3, 2)
1
(57, 27)
-> Request 2
156
(3, 2, 2)
3
(9, 28)
-> Request 3
165
(4, 3, 2)
2
(66, 65)
-> Request 4
448
(1, 3, 1)
2
(53, 31)
-> Request 5
511
(3, 1, 1)
3
(45, 36)
-> Request 6
696
(1, 1, 1)
3
(58, 72)
-> Request 7
719
(1, 2, 1)
1
(12, 22)
-> Request 8
767
(4, 3, 1)
3
(49, 33)
-> Request 9
791
(2, 3, 2)
1
(62, 78)
-> Request 10
1017
(4, 3, 2)
3
(56, 69)
-> Request 11
1091
(2, 2, 1)
2
(49, 33)
-> Request 12
1141
(3, 3, 1)
2
(48, 45)
-> Request 13
1160
(2, 3, 2)
2
(58, 67)
--> Day : 3
-> Request 0
169
(1, 2, 1)
2
(66, 65)
-> Request 1
174
(1, 2, 2)
2
(66, 65)
-> Request 2
384
(4, 1, 2)
3
(58, 46)
-> Request 3
421
(3, 3, 2)
3
(59, 44)
-> Request 4
470
(4, 2, 2)
3
(55, 78)
-> Request 5
602
(3, 3, 2)
1
(55, 64)
-> Request 6
690
(1, 2, 1)
3
(47, 38)
-> Request 7
724
(4, 2, 1)
2
(49, 27)
-> Request 8
890
(2, 1, 1)
3
(46, 28)
-> Request 9
922
(1, 3, 1)
3
(57, 41)
--> Day : 4
-> Request 0
33
(4, 3, 2)
2
(14, 28)
-> Request 1
226
(3, 1, 1)
1
(10, 28)
-> Request 2
343
(2, 1, 1)
2
(61, 27)
-> Request 3
784
(1, 3, 1)
2
(49, 36)
---> Week : 111
--> Day : 0
-> Request 0
84
(2, 1, 1)
1
(60, 32)
-> Request 1
476
(3, 3, 1)
2
(57, 68)
-> Request 2
716
(3, 3, 1)
3
(54, 67)
-> Request 3
799
(2, 2, 1)
2
(59, 37)
-> Request 4
805
(1, 3, 2)
3
(52, 36)
-> Request 5
922
(1, 1, 1)
1
(54, 45)
-> Request 6
1133
(2, 1, 2)
2
(52, 34)
-> Request 7
1404
(2, 3, 2)
3
(62, 66)
--> Day : 1
-> Request 0
45
(3, 1, 2)
2
(61, 67)
-> Request 1
214
(4, 2, 1)
3
(53, 37)
-> Request 2
242
(3, 2, 1)
2
(51, 44)
-> Request 3
271
(1, 1, 2)
2
(60, 78)
-> Request 4
428
(4, 2, 2)
1
(47, 37)
-> Request 5
587
(2, 1, 1)
3
(53, 38)
-> Request 6
654
(1, 2, 1)
3
(44, 37)
-> Request 7
744
(2, 2, 2)
1
(12, 26)
-> Request 8
867
(1, 1, 2)
1
(51, 27)
-> Request 9
1009
(3, 3, 2)
1
(44, 40)
-> Request 10
1021
(4, 3, 2)
2
(9, 29)
-> Request 11
1067
(3, 1, 1)
1
(54, 68)
-> Request 12
1196
(3, 3, 1)
2
(45, 39)
-> Request 13
1284
(1, 1, 2)
3
(65, 69)
-> Request 14
1361
(4, 2, 1)
1
(51, 28)
--> Day : 2
-> Request 0
171
(3, 2, 1)
2
(59, 70)
-> Request 1
171
(3, 2, 1)
2
(53, 73)
-> Request 2
645
(1, 2, 1)
3
(46, 37)
-> Request 3
825
(4, 3, 1)
2
(48, 45)
-> Request 4
846
(2, 2, 1)
2
(10, 23)
-> Request 5
1141
(3, 1, 1)
3
(50, 28)
--> Day : 3
-> Request 0
204
(2, 1, 2)
2
(44, 32)
-> Request 1
274
(3, 3, 2)
3
(51, 37)
-> Request 2
388
(4, 3, 1)
3
(65, 72)
-> Request 3
517
(1, 1, 1)
1
(64, 70)
-> Request 4
555
(4, 1, 2)
1
(53, 73)
-> Request 5
702
(4, 2, 1)
3
(59, 31)
-> Request 6
971
(4, 3, 2)
3
(46, 38)
-> Request 7
1119
(1, 3, 1)
2
(53, 78)
-> Request 8
1204
(3, 3, 2)
3
(61, 73)
-> Request 9
1249
(1, 1, 1)
1
(46, 31)
-> Request 10
1403
(1, 1, 1)
1
(61, 75)
-> Request 11
1411
(4, 1, 2)
1
(57, 78)
--> Day : 4
-> Request 0
189
(2, 3, 1)
2
(16, 28)
-> Request 1
256
(1, 2, 1)
2
(57, 38)
-> Request 2
290
(4, 1, 1)
3
(47, 28)
-> Request 3
595
(4, 3, 2)
2
(45, 46)
-> Request 4
602
(3, 3, 2)
2
(52, 65)
-> Request 5
788
(3, 3, 1)
1
(13, 29)
-> Request 6
915
(3, 3, 2)
2
(52, 77)
-> Request 7
1064
(2, 2, 2)
1
(8, 26)
-> Request 8
1172
(4, 3, 2)
3
(61, 41)
-> Request 9
1228
(1, 2, 1)
2
(59, 45)
-> Request 10
1231
(2, 1, 2)
3
(43, 29)
-> Request 11
1337
(4, 2, 1)
2
(14, 26)
-> Request 12
1388
(3, 3, 1)
2
(63, 65)
---> Week : 112
--> Day : 0
-> Request 0
207
(2, 1, 1)
3
(16, 22)
-> Request 1
422
(3, 3, 1)
2
(62, 69)
-> Request 2
533
(1, 3, 1)
2
(66, 69)
-> Request 3
800
(4, 1, 2)
1
(55, 34)
-> Request 4
846
(3, 3, 1)
1
(49, 35)
-> Request 5
921
(4, 3, 2)
3
(57, 39)
-> Request 6
1013
(4, 2, 1)
1
(58, 33)
--> Day : 1
-> Request 0
7
(3, 1, 1)
3
(51, 33)
-> Request 1
332
(3, 2, 2)
2
(63, 65)
-> Request 2
482
(4, 1, 2)
1
(54, 28)
-> Request 3
884
(4, 1, 2)
3
(54, 42)
-> Request 4
1027
(4, 1, 1)
2
(46, 32)
-> Request 5
1167
(2, 2, 2)
2
(59, 75)
-> Request 6
1170
(2, 3, 1)
3
(61, 43)
-> Request 7
1240
(2, 3, 2)
1
(53, 64)
--> Day : 2
-> Request 0
21
(2, 2, 1)
1
(56, 76)
-> Request 1
132
(3, 3, 1)
3
(57, 36)
-> Request 2
664
(4, 3, 2)
2
(53, 74)
-> Request 3
1022
(2, 3, 1)
2
(59, 38)
-> Request 4
1057
(1, 3, 2)
1
(62, 28)
-> Request 5
1336
(2, 3, 2)
3
(58, 70)
-> Request 6
1436
(2, 3, 1)
3
(43, 35)
--> Day : 3
-> Request 0
402
(4, 2, 1)
1
(60, 45)
-> Request 1
581
(3, 1, 1)
2
(50, 31)
-> Request 2
826
(2, 1, 2)
2
(57, 68)
-> Request 3
908
(4, 1, 2)
2
(61, 42)
-> Request 4
1216
(2, 3, 2)
1
(53, 29)
--> Day : 4
-> Request 0
203
(3, 2, 2)
2
(61, 36)
-> Request 1
223
(1, 3, 1)
1
(52, 44)
-> Request 2
480
(1, 3, 2)
2
(50, 32)
-> Request 3
677
(2, 2, 2)
2
(61, 40)
-> Request 4
697
(2, 3, 2)
2
(60, 40)
-> Request 5
1014
(1, 3, 2)
2
(47, 29)
-> Request 6
1221
(4, 1, 2)
2
(59, 44)
-> Request 7
1315
(4, 1, 2)
2
(56, 71)
-> Request 8
1356
(2, 1, 1)
1
(56, 30)
-> Request 9
1380
(3, 2, 2)
2
(60, 29)
---> Week : 113
--> Day : 0
-> Request 0
228
(1, 3, 1)
1
(15, 26)
-> Request 1
548
(4, 3, 1)
2
(50, 33)
-> Request 2
635
(3, 3, 1)
1
(58, 75)
-> Request 3
729
(2, 1, 2)
2
(63, 73)
-> Request 4
798
(2, 3, 1)
3
(48, 29)
-> Request 5
1317
(2, 1, 1)
2
(59, 36)
--> Day : 1
-> Request 0
129
(3, 1, 1)
2
(64, 72)
-> Request 1
193
(4, 1, 1)
2
(47, 34)
-> Request 2
210
(1, 3, 1)
1
(43, 36)
-> Request 3
250
(3, 3, 2)
3
(14, 20)
-> Request 4
565
(1, 2, 1)
1
(64, 74)
-> Request 5
680
(4, 1, 2)
1
(55, 78)
-> Request 6
724
(1, 2, 1)
2
(49, 36)
-> Request 7
783
(1, 2, 1)
3
(44, 37)
-> Request 8
1272
(1, 1, 1)
1
(9, 24)
--> Day : 2
-> Request 0
159
(4, 2, 1)
1
(63, 65)
-> Request 1
169
(1, 3, 2)
3
(59, 70)
-> Request 2
347
(2, 1, 1)
3
(17, 23)
-> Request 3
351
(3, 2, 1)
3
(55, 34)
-> Request 4
373
(3, 1, 2)
2
(43, 43)
-> Request 5
377
(2, 1, 2)
2
(59, 46)
-> Request 6
420
(4, 1, 2)
3
(62, 73)
-> Request 7
430
(4, 2, 1)
1
(15, 23)
-> Request 8
1431
(4, 3, 2)
2
(57, 70)
--> Day : 3
-> Request 0
21
(3, 3, 2)
2
(63, 68)
-> Request 1
548
(4, 1, 2)
3
(54, 75)
-> Request 2
645
(2, 1, 1)
3
(45, 44)
-> Request 3
714
(4, 3, 2)
3
(54, 43)
-> Request 4
946
(3, 2, 2)
2
(43, 38)
-> Request 5
1072
(4, 1, 1)
1
(56, 64)
-> Request 6
1128
(3, 2, 2)
2
(48, 37)
-> Request 7
1364
(2, 2, 1)
1
(56, 32)
-> Request 8
1429
(3, 1, 2)
2
(44, 46)
--> Day : 4
-> Request 0
189
(3, 1, 1)
3
(58, 73)
-> Request 1
355
(1, 2, 1)
3
(49, 35)
-> Request 2
371
(3, 3, 1)
3
(58, 45)
-> Request 3
386
(1, 1, 2)
3
(62, 66)
-> Request 4
468
(4, 2, 1)
1
(61, 31)
-> Request 5
510
(4, 1, 1)
3
(15, 29)
-> Request 6
713
(1, 1, 1)
3
(50, 36)
-> Request 7
722
(1, 1, 1)
2
(51, 45)
-> Request 8
1318
(2, 2, 2)
3
(48, 46)
-> Request 9
1388
(4, 3, 1)
3
(53, 68)
-> Request 10
1396
(3, 1, 2)
1
(15, 22)
---> Week : 114
--> Day : 0
-> Request 0
242
(1, 2, 2)
1
(11, 23)
-> Request 1
328
(2, 3, 1)
2
(9, 26)
-> Request 2
704
(3, 1, 1)
1
(60, 74)
-> Request 3
732
(3, 2, 2)
1
(55, 34)
-> Request 4
1250
(4, 1, 1)
1
(56, 33)
-> Request 5
1432
(2, 2, 1)
3
(46, 44)
-> Request 6
1436
(3, 1, 2)
3
(54, 69)
--> Day : 1
-> Request 0
38
(1, 3, 1)
2
(10, 23)
-> Request 1
225
(2, 1, 1)
2
(61, 41)
-> Request 2
452
(4, 2, 1)
2
(44, 28)
-> Request 3
456
(1, 3, 1)
1
(16, 22)
-> Request 4
461
(1, 3, 1)
3
(54, 37)
-> Request 5
633
(1, 1, 1)
1
(62, 77)
-> Request 6
644
(2, 1, 1)
1
(62, 64)
-> Request 7
680
(4, 3, 1)
2
(54, 34)
-> Request 8
841
(1, 1, 2)
3
(45, 28)
-> Request 9
935
(4, 1, 2)
2
(63, 77)
-> Request 10
1014
(1, 1, 2)
1
(46, 34)
-> Request 11
1229
(4, 1, 1)
3
(54, 32)
-> Request 12
1328
(4, 1, 1)
2
(49, 27)
--> Day : 2
-> Request 0
227
(4, 3, 1)
2
(60, 76)
-> Request 1
241
(3, 2, 1)
3
(50, 32)
-> Request 2
416
(2, 2, 1)
2
(57, 75)
-> Request 3
435
(1, 3, 2)
3
(14, 24)
-> Request 4
591
(3, 3, 1)
1
(8, 20)
-> Request 5
602
(3, 1, 1)
3
(51, 43)
-> Request 6
732
(4, 3, 1)
3
(48, 46)
-> Request 7
858
(4, 2, 2)
2
(47, 40)
-> Request 8
867
(1, 3, 1)
1
(13, 27)
-> Request 9
1335
(2, 2, 1)
2
(43, 45)
--> Day : 3
-> Request 0
604
(2, 2, 1)
3
(46, 30)
-> Request 1
847
(2, 2, 2)
2
(57, 29)
-> Request 2
1145
(4, 1, 1)
2
(47, 33)
-> Request 3
1283
(4, 1, 2)
3
(57, 28)
--> Day : 4
-> Request 0
272
(2, 1, 1)
3
(58, 34)
-> Request 1
367
(2, 2, 1)
1
(50, 30)
-> Request 2
435
(3, 3, 1)
2
(58, 77)
-> Request 3
717
(2, 2, 2)
2
(43, 40)
-> Request 4
752
(3, 1, 2)
1
(50, 33)
-> Request 5
871
(3, 2, 2)
1
(60, 76)
-> Request 6
927
(4, 2, 1)
1
(58, 41)
-> Request 7
1071
(4, 3, 2)
3
(43, 34)
-> Request 8
1128
(1, 1, 2)
3
(60, 73)
-> Request 9
1182
(3, 2, 1)
2
(47, 38)
-> Request 10
1286
(2, 3, 1)
1
(13, 27)
-> Request 11
1297
(3, 2, 1)
2
(8, 24)
-> Request 12
1314
(2, 1, 1)
2
(13, 25)
---> Week : 115
--> Day : 0
-> Request 0
22
(3, 3, 1)
3
(16, 21)
-> Request 1
503
(3, 1, 1)
3
(53, 65)
-> Request 2
533
(4, 1, 1)
3
(52, 29)
-> Request 3
741
(1, 3, 2)
3
(50, 27)
-> Request 4
770
(4, 2, 1)
1
(62, 38)
-> Request 5
994
(4, 1, 1)
2
(64, 66)
-> Request 6
1088
(1, 2, 1)
1
(13, 22)
-> Request 7
1092
(1, 3, 2)
1
(58, 65)
-> Request 8
1257
(2, 3, 2)
1
(59, 71)
--> Day : 1
-> Request 0
86
(2, 1, 1)
3
(15, 24)
-> Request 1
94
(3, 1, 2)
3
(44, 38)
-> Request 2
252
(1, 3, 2)
3
(62, 74)
-> Request 3
609
(1, 3, 1)
2
(66, 71)
-> Request 4
779
(2, 1, 2)
1
(51, 35)
-> Request 5
886
(1, 3, 1)
2
(45, 35)
-> Request 6
1023
(3, 2, 1)
1
(14, 27)
-> Request 7
1228
(1, 1, 2)
3
(65, 64)
-> Request 8
1289
(3, 2, 2)
3
(14, 24)
--> Day : 2
-> Request 0
91
(2, 1, 1)
3
(11, 23)
-> Request 1
199
(2, 3, 1)
1
(58, 28)
-> Request 2
468
(3, 1, 2)
1
(59, 35)
-> Request 3
931
(2, 2, 2)
3
(53, 34)
-> Request 4
992
(4, 2, 2)
1
(16, 29)
-> Request 5
1171
(4, 3, 1)
2
(47, 33)
-> Request 6
1197
(4, 1, 1)
1
(63, 65)
-> Request 7
1241
(1, 2, 1)
2
(52, 65)
-> Request 8
1305
(1, 3, 2)
3
(56, 38)
-> Request 9
1389
(4, 1, 2)
1
(55, 32)
--> Day : 3
-> Request 0
96
(4, 1, 1)
1
(63, 76)
-> Request 1
230
(4, 1, 1)
2
(54, 76)
-> Request 2
365
(4, 1, 1)
2
(43, 42)
-> Request 3
447
(4, 3, 1)
2
(50, 41)
-> Request 4
752
(4, 3, 1)
3
(8, 29)
-> Request 5
810
(1, 1, 1)
2
(56, 44)
-> Request 6
980
(1, 3, 1)
1
(61, 29)
-> Request 7
1113
(1, 2, 2)
1
(60, 29)
-> Request 8
1248
(3, 2, 1)
2
(51, 35)
-> Request 9
1260
(1, 3, 2)
2
(48, 35)
-> Request 10
1313
(3, 2, 1)
1
(17, 23)
-> Request 11
1375
(1, 3, 1)
2
(51, 44)
-> Request 12
1398
(4, 2, 2)
3
(46, 40)
--> Day : 4
-> Request 0
407
(1, 3, 1)
1
(46, 30)
-> Request 1
537
(3, 3, 1)
2
(60, 32)
-> Request 2
695
(4, 1, 2)
3
(10, 28)
-> Request 3
775
(2, 2, 1)
3
(62, 38)
-> Request 4
776
(1, 1, 1)
1
(47, 34)
-> Request 5
965
(1, 3, 2)
1
(49, 34)
-> Request 6
1016
(4, 2, 2)
1
(61, 40)
-> Request 7
1256
(1, 1, 2)
3
(54, 45)
---> Week : 116
--> Day : 0
-> Request 0
217
(1, 3, 1)
3
(56, 73)
-> Request 1
273
(1, 1, 2)
1
(53, 36)
-> Request 2
333
(3, 3, 2)
2
(43, 45)
-> Request 3
347
(2, 2, 2)
2
(58, 76)
-> Request 4
510
(3, 3, 2)
2
(47, 31)
-> Request 5
594
(3, 1, 1)
1
(60, 70)
-> Request 6
725
(4, 3, 2)
3
(57, 37)
-> Request 7
823
(3, 1, 1)
1
(11, 26)
-> Request 8
995
(1, 1, 1)
3
(55, 76)
-> Request 9
1107
(2, 3, 2)
3
(9, 22)
-> Request 10
1161
(1, 2, 1)
1
(51, 46)
-> Request 11
1288
(1, 1, 2)
3
(55, 71)
--> Day : 1
-> Request 0
110
(1, 3, 1)
3
(63, 66)
-> Request 1
345
(3, 2, 2)
3
(52, 40)
-> Request 2
589
(4, 2, 1)
3
(10, 23)
-> Request 3
634
(3, 3, 1)
3
(12, 23)
-> Request 4
677
(2, 3, 2)
2
(62, 36)
-> Request 5
823
(4, 3, 1)
1
(14, 29)
-> Request 6
1048
(3, 2, 2)
2
(49, 28)
-> Request 7
1048
(3, 1, 2)
3
(62, 31)
-> Request 8
1233
(3, 3, 2)
1
(59, 71)
-> Request 9
1347
(1, 2, 2)
1
(63, 73)
--> Day : 2
-> Request 0
4
(3, 1, 1)
1
(56, 71)
-> Request 1
743
(4, 3, 2)
3
(61, 70)
-> Request 2
958
(1, 1, 2)
2
(44, 31)
-> Request 3
1124
(3, 3, 1)
3
(60, 34)
-> Request 4
1132
(2, 2, 1)
3
(55, 44)
-> Request 5
1255
(4, 2, 1)
3
(57, 27)
-> Request 6
1273
(3, 3, 1)
3
(56, 43)
-> Request 7
1278
(2, 1, 2)
2
(43, 43)
--> Day : 3
-> Request 0
279
(4, 1, 1)
1
(65, 70)
-> Request 1
471
(2, 1, 2)
2
(9, 23)
-> Request 2
586
(4, 2, 2)
1
(57, 68)
-> Request 3
636
(3, 2, 1)
1
(52, 28)
-> Request 4
740
(2, 1, 1)
2
(49, 42)
-> Request 5
834
(3, 2, 2)
3
(15, 23)
-> Request 6
845
(4, 1, 1)
1
(48, 32)
-> Request 7
947
(4, 3, 1)
1
(59, 37)
-> Request 8
980
(4, 3, 1)
1
(53, 74)
-> Request 9
1137
(2, 1, 2)
2
(51, 28)
-> Request 10
1140
(2, 1, 2)
1
(60, 30)
-> Request 11
1273
(4, 3, 1)
2
(56, 67)
-> Request 12
1331
(2, 2, 1)
3
(11, 28)
--> Day : 4
-> Request 0
33
(4, 2, 2)
2
(61, 29)
-> Request 1
37
(3, 2, 2)
3
(47, 37)
-> Request 2
57
(3, 2, 1)
2
(58, 45)
-> Request 3
64
(4, 1, 1)
3
(60, 29)
-> Request 4
260
(4, 2, 1)
2
(57, 76)
-> Request 5
312
(3, 2, 1)
3
(54, 77)
-> Request 6
418
(1, 3, 2)
2
(55, 77)
-> Request 7
450
(3, 3, 1)
2
(49, 45)
-> Request 8
556
(3, 1, 2)
3
(60, 27)
-> Request 9
588
(4, 2, 2)
3
(45, 29)
-> Request 10
680
(4, 2, 1)
3
(52, 34)
-> Request 11
1027
(2, 2, 2)
1
(52, 32)
-> Request 12
1282
(1, 2, 1)
3
(52, 28)
-> Request 13
1284
(3, 3, 1)
3
(53, 42)
---> Week : 117
--> Day : 0
-> Request 0
884
(4, 3, 1)
1
(61, 77)
-> Request 1
988
(3, 2, 2)
3
(56, 38)
-> Request 2
1036
(2, 3, 2)
2
(51, 46)
-> Request 3
1051
(3, 3, 1)
2
(63, 67)
-> Request 4
1077
(4, 3, 2)
3
(54, 27)
-> Request 5
1098
(3, 1, 1)
3
(61, 32)
-> Request 6
1174
(3, 1, 2)
1
(60, 39)
--> Day : 1
-> Request 0
543
(2, 3, 1)
1
(53, 38)
-> Request 1
769
(2, 3, 1)
2
(57, 69)
-> Request 2
825
(2, 2, 1)
3
(53, 36)
-> Request 3
935
(3, 1, 1)
3
(58, 29)
-> Request 4
1212
(1, 1, 1)
2
(51, 29)
-> Request 5
1240
(3, 3, 2)
2
(59, 66)
-> Request 6
1276
(1, 2, 2)
1
(53, 67)
-> Request 7
1393
(3, 1, 1)
1
(63, 74)
--> Day : 2
-> Request 0
298
(3, 1, 2)
2
(51, 36)
-> Request 1
448
(1, 2, 1)
1
(63, 66)
-> Request 2
538
(3, 2, 2)
3
(61, 67)
-> Request 3
657
(1, 3, 1)
2
(52, 46)
-> Request 4
697
(1, 3, 2)
2
(63, 77)
-> Request 5
896
(2, 3, 2)
2
(16, 22)
-> Request 6
949
(4, 1, 2)
3
(51, 29)
-> Request 7
955
(2, 2, 2)
1
(59, 42)
-> Request 8
1075
(3, 1, 1)
3
(60, 69)
-> Request 9
1145
(3, 3, 2)
1
(12, 24)
-> Request 10
1230
(1, 2, 1)
2
(65, 78)
-> Request 11
1268
(1, 2, 2)
1
(64, 68)
-> Request 12
1376
(3, 2, 1)
1
(57, 31)
--> Day : 3
-> Request 0
34
(3, 3, 1)
2
(43, 39)
-> Request 1
58
(1, 2, 1)
2
(61, 73)
-> Request 2
151
(1, 1, 2)
2
(53, 41)
-> Request 3
225
(1, 3, 2)
2
(54, 67)
-> Request 4
765
(1, 2, 2)
2
(50, 29)
-> Request 5
778
(1, 2, 1)
3
(64, 67)
-> Request 6
1112
(3, 3, 1)
1
(65, 78)
-> Request 7
1204
(1, 3, 1)
1
(52, 31)
--> Day : 4
-> Request 0
102
(3, 1, 2)
2
(62, 70)
-> Request 1
102
(4, 3, 1)
2
(53, 71)
-> Request 2
286
(2, 3, 2)
3
(17, 29)
-> Request 3
374
(4, 3, 2)
3
(63, 73)
-> Request 4
387
(1, 1, 2)
2
(11, 26)
-> Request 5
710
(2, 1, 2)
2
(52, 72)
-> Request 6
917
(1, 1, 1)
2
(11, 26)
-> Request 7
1084
(4, 2, 2)
2
(61, 29)
-> Request 8
1144
(1, 2, 1)
2
(62, 34)
-> Request 9
1376
(4, 1, 2)
2
(59, 32)
---> Week : 118
--> Day : 0
-> Request 0
87
(2, 2, 2)
2
(59, 42)
-> Request 1
430
(4, 2, 1)
2
(57, 68)
-> Request 2
646
(2, 2, 1)
3
(9, 21)
-> Request 3
662
(4, 2, 2)
3
(55, 70)
-> Request 4
663
(4, 3, 2)
2
(55, 30)
-> Request 5
802
(3, 2, 2)
2
(49, 44)
-> Request 6
827
(4, 1, 2)
2
(45, 44)
-> Request 7
1392
(1, 2, 1)
3
(57, 74)
--> Day : 1
-> Request 0
5
(3, 2, 2)
2
(45, 40)
-> Request 1
198
(3, 3, 2)
1
(61, 68)
-> Request 2
708
(2, 3, 1)
2
(46, 34)
-> Request 3
999
(3, 3, 1)
2
(57, 38)
-> Request 4
1001
(3, 1, 2)
2
(48, 28)
-> Request 5
1297
(2, 1, 1)
1
(44, 33)
-> Request 6
1383
(1, 3, 2)
1
(58, 41)
--> Day : 2
-> Request 0
137
(4, 2, 2)
3
(57, 75)
-> Request 1
201
(1, 2, 1)
2
(59, 38)
-> Request 2
592
(4, 2, 2)
1
(43, 40)
-> Request 3
643
(1, 3, 1)
3
(54, 37)
-> Request 4
943
(2, 3, 2)
3
(51, 33)
-> Request 5
960
(2, 1, 1)
2
(56, 38)
-> Request 6
1234
(4, 3, 2)
3
(43, 42)
--> Day : 3
-> Request 0
117
(3, 3, 1)
3
(51, 46)
-> Request 1
165
(2, 3, 2)
2
(43, 27)
-> Request 2
185
(4, 1, 2)
1
(50, 32)
-> Request 3
267
(2, 1, 2)
3
(58, 28)
-> Request 4
642
(2, 2, 2)
3
(64, 68)
-> Request 5
677
(2, 3, 2)
1
(48, 32)
-> Request 6
841
(1, 3, 2)
2
(60, 32)
-> Request 7
894
(3, 1, 1)
3
(16, 22)
-> Request 8
1018
(1, 3, 1)
2
(50, 35)
-> Request 9
1026
(4, 2, 1)
1
(53, 42)
-> Request 10
1056
(4, 2, 2)
2
(17, 28)
-> Request 11
1172
(3, 3, 1)
3
(45, 43)
--> Day : 4
-> Request 0
184
(1, 2, 1)
1
(53, 73)
-> Request 1
493
(3, 2, 1)
1
(62, 72)
-> Request 2
596
(4, 2, 1)
2
(44, 33)
-> Request 3
755
(3, 3, 1)
2
(12, 29)
-> Request 4
984
(3, 3, 1)
3
(51, 32)
-> Request 5
1075
(1, 1, 2)
2
(61, 70)
-> Request 6
1115
(2, 3, 1)
2
(49, 42)
---> Week : 119
--> Day : 0
-> Request 0
68
(3, 3, 2)
1
(56, 68)
-> Request 1
119
(1, 1, 1)
3
(52, 68)
-> Request 2
704
(3, 3, 1)
1
(54, 75)
-> Request 3
733
(4, 1, 1)
2
(55, 33)
-> Request 4
857
(1, 3, 1)
1
(60, 40)
-> Request 5
1033
(2, 1, 2)
3
(11, 26)
-> Request 6
1060
(1, 2, 1)
2
(54, 77)
-> Request 7
1080
(2, 2, 1)
2
(61, 33)
-> Request 8
1100
(4, 2, 2)
1
(44, 27)
-> Request 9
1246
(4, 3, 1)
2
(61, 66)
-> Request 10
1312
(1, 1, 1)
1
(12, 21)
-> Request 11
1350
(3, 1, 2)
1
(55, 77)
-> Request 12
1430
(4, 1, 2)
2
(53, 46)
--> Day : 1
-> Request 0
320
(1, 3, 2)
1
(62, 40)
-> Request 1
464
(4, 1, 1)
1
(63, 76)
-> Request 2
671
(1, 1, 2)
2
(57, 66)
-> Request 3
1116
(1, 1, 1)
2
(57, 35)
-> Request 4
1152
(1, 1, 1)
2
(59, 70)
--> Day : 2
-> Request 0
239
(4, 1, 2)
3
(43, 27)
-> Request 1
323
(1, 3, 1)
1
(61, 73)
-> Request 2
438
(2, 2, 2)
1
(62, 72)
-> Request 3
443
(4, 1, 1)
2
(63, 67)
-> Request 4
542
(2, 1, 2)
3
(59, 41)
-> Request 5
640
(3, 3, 1)
3
(17, 29)
-> Request 6
839
(4, 2, 2)
2
(59, 40)
-> Request 7
949
(1, 1, 2)
3
(9, 21)
-> Request 8
1155
(4, 1, 2)
1
(58, 37)
-> Request 9
1261
(2, 2, 1)
2
(9, 22)
--> Day : 3
-> Request 0
109
(4, 2, 1)
1
(61, 35)
-> Request 1
354
(2, 2, 2)
1
(53, 29)
-> Request 2
455
(2, 2, 1)
2
(65, 71)
-> Request 3
573
(4, 3, 2)
3
(59, 36)
-> Request 4
663
(4, 2, 1)
1
(51, 41)
-> Request 5
663
(2, 1, 2)
1
(50, 27)
-> Request 6
768
(4, 2, 2)
3
(53, 67)
-> Request 7
1062
(2, 3, 1)
3
(56, 77)
-> Request 8
1143
(4, 1, 2)
2
(60, 40)
-> Request 9
1238
(4, 3, 1)
1
(12, 22)
-> Request 10
1315
(1, 2, 2)
3
(43, 42)
--> Day : 4
-> Request 0
101
(2, 1, 2)
1
(8, 24)
-> Request 1
142
(2, 2, 1)
3
(45, 42)
-> Request 2
363
(3, 2, 1)
3
(53, 66)
-> Request 3
470
(3, 3, 1)
2
(61, 70)
-> Request 4
476
(3, 1, 1)
1
(43, 32)
-> Request 5
734
(1, 3, 1)
1
(57, 31)
-> Request 6
755
(2, 2, 1)
2
(14, 29)
---> Week : 120
--> Day : 0
-> Request 0
3
(2, 1, 2)
1
(48, 39)
-> Request 1
10
(2, 3, 2)
2
(54, 37)
-> Request 2
37
(2, 3, 1)
3
(50, 31)
-> Request 3
109
(2, 2, 2)
1
(45, 28)
-> Request 4
334
(2, 1, 1)
1
(53, 69)
-> Request 5
831
(4, 3, 1)
3
(13, 20)
-> Request 6
1039
(1, 2, 1)
2
(43, 37)
-> Request 7
1052
(1, 2, 2)
1
(50, 36)
-> Request 8
1216
(2, 3, 2)
3
(53, 35)
--> Day : 1
-> Request 0
167
(1, 1, 1)
3
(48, 32)
-> Request 1
186
(2, 2, 1)
2
(56, 39)
-> Request 2
389
(1, 2, 1)
1
(52, 30)
-> Request 3
636
(1, 1, 1)
3
(45, 38)
-> Request 4
641
(3, 2, 2)
3
(60, 43)
-> Request 5
773
(4, 3, 1)
2
(53, 41)
-> Request 6
1056
(2, 1, 2)
3
(62, 39)
-> Request 7
1106
(1, 1, 1)
2
(60, 29)
-> Request 8
1277
(4, 3, 2)
2
(62, 77)
-> Request 9
1370
(2, 2, 1)
1
(44, 32)
-> Request 10
1374
(2, 3, 2)
1
(49, 32)
--> Day : 2
-> Request 0
164
(3, 3, 2)
3
(60, 41)
-> Request 1
186
(1, 2, 1)
1
(55, 27)
-> Request 2
242
(1, 2, 1)
1
(58, 45)
-> Request 3
266
(3, 1, 2)
1
(65, 74)
-> Request 4
267
(4, 3, 2)
3
(16, 20)
-> Request 5
302
(2, 3, 1)
1
(58, 67)
-> Request 6
411
(3, 1, 1)
2
(51, 40)
-> Request 7
419
(2, 2, 2)
1
(56, 27)
-> Request 8
770
(2, 3, 2)
1
(59, 39)
-> Request 9
813
(1, 3, 1)
3
(16, 25)
-> Request 10
869
(1, 3, 2)
1
(54, 39)
-> Request 11
1025
(1, 3, 2)
2
(57, 74)
--> Day : 3
-> Request 0
47
(2, 3, 1)
3
(43, 43)
-> Request 1
271
(4, 3, 1)
2
(57, 36)
-> Request 2
674
(4, 3, 2)
2
(51, 36)
-> Request 3
1003
(1, 2, 1)
3
(60, 75)
-> Request 4
1052
(1, 3, 2)
1
(59, 39)
-> Request 5
1058
(3, 3, 2)
3
(52, 45)
-> Request 6
1100
(3, 1, 1)
3
(55, 45)
-> Request 7
1301
(2, 2, 2)
3
(45, 32)
--> Day : 4
-> Request 0
254
(2, 3, 1)
2
(58, 73)
-> Request 1
370
(1, 2, 1)
3
(53, 66)
-> Request 2
455
(3, 2, 2)
2
(43, 30)
-> Request 3
870
(4, 3, 1)
1
(51, 36)
-> Request 4
872
(1, 3, 2)
2
(11, 22)
-> Request 5
878
(1, 3, 1)
2
(63, 64)
-> Request 6
1128
(1, 3, 1)
1
(13, 24)
-> Request 7
1133
(3, 2, 1)
1
(58, 68)
-> Request 8
1262
(1, 2, 2)
1
(50, 35)
---> Week : 121
--> Day : 0
-> Request 0
16
(4, 2, 2)
3
(56, 31)
-> Request 1
36
(3, 2, 2)
1
(46, 40)
-> Request 2
121
(2, 3, 1)
2
(56, 30)
-> Request 3
129
(1, 1, 1)
3
(51, 39)
-> Request 4
563
(4, 2, 2)
3
(45, 45)
-> Request 5
583
(1, 3, 2)
1
(54, 37)
-> Request 6
791
(3, 3, 1)
1
(53, 66)
-> Request 7
858
(2, 1, 2)
2
(59, 65)
-> Request 8
1048
(3, 3, 1)
3
(11, 25)
-> Request 9
1125
(1, 3, 2)
2
(52, 29)
-> Request 10
1179
(2, 2, 2)
1
(54, 28)
--> Day : 1
-> Request 0
13
(2, 2, 1)
2
(16, 29)
-> Request 1
64
(3, 2, 1)
3
(57, 27)
-> Request 2
71
(2, 2, 1)
3
(66, 65)
-> Request 3
141
(3, 3, 2)
3
(43, 41)
-> Request 4
371
(4, 3, 2)
1
(49, 31)
-> Request 5
455
(3, 1, 2)
3
(44, 39)
-> Request 6
508
(3, 1, 2)
2
(54, 30)
-> Request 7
674
(3, 3, 1)
1
(49, 46)
-> Request 8
692
(3, 1, 1)
2
(9, 21)
-> Request 9
751
(2, 1, 1)
1
(43, 27)
-> Request 10
789
(2, 3, 1)
1
(61, 69)
-> Request 11
1248
(2, 2, 1)
3
(14, 28)
--> Day : 2
-> Request 0
73
(4, 1, 1)
3
(65, 72)
-> Request 1
95
(1, 3, 2)
2
(61, 66)
-> Request 2
187
(3, 2, 2)
3
(55, 46)
-> Request 3
202
(1, 3, 2)
3
(63, 71)
-> Request 4
261
(4, 1, 1)
2
(64, 64)
-> Request 5
270
(2, 3, 1)
3
(13, 20)
-> Request 6
277
(4, 3, 1)
2
(11, 21)
-> Request 7
413
(4, 3, 1)
3
(54, 29)
-> Request 8
720
(2, 1, 2)
2
(56, 31)
-> Request 9
923
(4, 1, 2)
2
(54, 77)
-> Request 10
972
(1, 3, 2)
1
(44, 46)
-> Request 11
975
(4, 2, 1)
3
(10, 22)
-> Request 12
1038
(2, 2, 1)
2
(55, 65)
-> Request 13
1407
(4, 1, 1)
1
(54, 36)
--> Day : 3
-> Request 0
80
(2, 3, 2)
2
(62, 75)
-> Request 1
188
(2, 3, 1)
3
(50, 27)
-> Request 2
268
(2, 2, 1)
2
(61, 65)
-> Request 3
394
(1, 3, 2)
3
(11, 25)
-> Request 4
410
(4, 3, 2)
2
(57, 32)
-> Request 5
602
(4, 1, 1)
3
(48, 31)
-> Request 6
622
(2, 1, 1)
3
(59, 31)
-> Request 7
1044
(2, 3, 2)
1
(45, 32)
-> Request 8
1121
(2, 1, 1)
2
(63, 64)
-> Request 9
1178
(2, 2, 1)
1
(54, 71)
-> Request 10
1221
(3, 1, 2)
3
(57, 34)
-> Request 11
1272
(1, 2, 1)
2
(16, 23)
--> Day : 4
-> Request 0
216
(2, 3, 2)
1
(50, 36)
-> Request 1
240
(4, 2, 2)
2
(55, 77)
-> Request 2
411
(3, 1, 2)
3
(46, 39)
-> Request 3
548
(3, 3, 2)
1
(59, 68)
-> Request 4
610
(1, 2, 2)
1
(60, 68)
-> Request 5
658
(4, 2, 1)
2
(46, 31)
-> Request 6
931
(1, 1, 2)
1
(55, 45)
-> Request 7
1080
(4, 1, 1)
1
(16, 29)
-> Request 8
1188
(4, 3, 1)
3
(57, 72)
-> Request 9
1438
(2, 2, 2)
3
(10, 20)
---> Week : 122
--> Day : 0
-> Request 0
2
(4, 1, 1)
3
(9, 22)
-> Request 1
242
(1, 3, 1)
2
(45, 40)
-> Request 2
387
(2, 3, 2)
3
(53, 72)
-> Request 3
391
(3, 1, 2)
2
(13, 24)
-> Request 4
438
(1, 2, 1)
3
(57, 42)
-> Request 5
445
(1, 1, 2)
1
(57, 76)
-> Request 6
472
(3, 1, 2)
3
(54, 29)
-> Request 7
533
(4, 3, 1)
2
(63, 70)
-> Request 8
899
(1, 3, 1)
3
(62, 68)
-> Request 9
986
(3, 1, 2)
3
(47, 38)
-> Request 10
1055
(2, 1, 2)
3
(52, 45)
-> Request 11
1269
(4, 2, 2)
3
(52, 68)
-> Request 12
1433
(1, 3, 2)
1
(50, 31)
--> Day : 1
-> Request 0
327
(4, 3, 2)
2
(49, 45)
-> Request 1
553
(1, 1, 2)
3
(59, 45)
-> Request 2
618
(4, 2, 1)
2
(43, 46)
-> Request 3
973
(4, 1, 2)
3
(59, 72)
-> Request 4
1126
(4, 1, 1)
3
(51, 41)
--> Day : 2
-> Request 0
81
(2, 3, 1)
1
(66, 75)
-> Request 1
131
(4, 2, 2)
1
(59, 42)
-> Request 2
166
(4, 2, 1)
2
(52, 40)
-> Request 3
236
(3, 3, 1)
3
(61, 65)
-> Request 4
578
(3, 1, 1)
1
(12, 25)
-> Request 5
616
(3, 1, 1)
2
(54, 29)
-> Request 6
699
(2, 1, 2)
2
(44, 35)
--> Day : 3
-> Request 0
242
(4, 2, 1)
3
(56, 73)
-> Request 1
387
(4, 1, 2)
2
(62, 29)
-> Request 2
845
(3, 1, 2)
2
(62, 39)
-> Request 3
929
(1, 1, 1)
2
(46, 37)
-> Request 4
964
(4, 2, 1)
3
(62, 34)
-> Request 5
995
(1, 2, 1)
2
(62, 41)
-> Request 6
1051
(3, 2, 2)
1
(46, 28)
-> Request 7
1221
(1, 1, 2)
1
(51, 46)
-> Request 8
1267
(1, 3, 1)
3
(53, 72)
--> Day : 4
-> Request 0
562
(4, 3, 2)
2
(46, 37)
-> Request 1
572
(1, 1, 1)
3
(15, 29)
-> Request 2
583
(4, 3, 1)
3
(55, 39)
-> Request 3
673
(1, 2, 1)
1
(63, 73)
-> Request 4
799
(1, 1, 2)
1
(49, 40)
---> Week : 123
--> Day : 0
-> Request 0
47
(2, 2, 2)
1
(50, 30)
-> Request 1
329
(1, 3, 2)
2
(53, 41)
-> Request 2
406
(4, 2, 2)
3
(55, 66)
-> Request 3
486
(3, 3, 1)
3
(52, 34)
-> Request 4
781
(4, 1, 1)
2
(66, 69)
-> Request 5
1161
(3, 2, 2)
3
(52, 46)
-> Request 6
1244
(2, 1, 2)
1
(56, 37)
--> Day : 1
-> Request 0
63
(4, 3, 2)
2
(44, 41)
-> Request 1
353
(2, 1, 1)
1
(60, 44)
-> Request 2
441
(4, 3, 1)
1
(49, 28)
-> Request 3
470
(2, 1, 1)
2
(58, 37)
-> Request 4
475
(2, 2, 1)
3
(43, 39)
-> Request 5
516
(4, 1, 1)
1
(51, 38)
-> Request 6
545
(3, 3, 1)
1
(51, 37)
-> Request 7
550
(1, 3, 1)
3
(14, 25)
-> Request 8
584
(3, 3, 2)
2
(13, 28)
-> Request 9
868
(3, 1, 2)
3
(57, 30)
-> Request 10
959
(4, 2, 2)
1
(12, 20)
--> Day : 2
-> Request 0
108
(1, 1, 2)
1
(62, 67)
-> Request 1
194
(3, 1, 2)
2
(9, 21)
-> Request 2
412
(4, 3, 2)
1
(47, 29)
-> Request 3
415
(3, 2, 1)
3
(50, 37)
-> Request 4
558
(2, 3, 1)
3
(66, 72)
-> Request 5
572
(4, 1, 1)
1
(51, 44)
-> Request 6
610
(3, 1, 1)
3
(47, 30)
-> Request 7
889
(2, 3, 1)
1
(52, 71)
-> Request 8
1084
(4, 3, 1)
3
(59, 65)
-> Request 9
1154
(4, 2, 1)
3
(47, 45)
-> Request 10
1158
(1, 2, 2)
3
(53, 75)
--> Day : 3
-> Request 0
35
(3, 2, 2)
1
(58, 46)
-> Request 1
137
(1, 3, 2)
1
(51, 43)
-> Request 2
273
(1, 2, 1)
2
(48, 30)
-> Request 3
303
(1, 1, 2)
2
(62, 43)
-> Request 4
1138
(2, 2, 1)
2
(57, 46)
-> Request 5
1178
(1, 2, 2)
2
(43, 38)
-> Request 6
1217
(3, 2, 1)
2
(63, 70)
-> Request 7
1278
(4, 2, 1)
1
(46, 46)
-> Request 8
1308
(1, 1, 2)
1
(58, 37)
--> Day : 4
-> Request 0
566
(1, 2, 1)
1
(52, 67)
-> Request 1
597
(1, 1, 1)
3
(47, 40)
-> Request 2
600
(1, 2, 1)
3
(64, 77)
-> Request 3
752
(2, 1, 2)
2
(55, 77)
-> Request 4
1043
(1, 2, 2)
1
(60, 37)
-> Request 5
1310
(3, 3, 1)
2
(46, 32)
-> Request 6
1404
(1, 1, 1)
2
(48, 28)
---> Week : 124
--> Day : 0
-> Request 0
357
(3, 3, 2)
2
(52, 36)
-> Request 1
531
(4, 3, 2)
2
(47, 45)
-> Request 2
659
(3, 2, 1)
2
(65, 70)
-> Request 3
708
(1, 1, 1)
2
(16, 21)
-> Request 4
860
(4, 1, 2)
1
(54, 42)
-> Request 5
1008
(2, 2, 2)
3
(54, 67)
-> Request 6
1027
(2, 2, 2)
3
(48, 42)
-> Request 7
1028
(2, 2, 1)
2
(49, 40)
-> Request 8
1097
(1, 2, 2)
2
(55, 40)
-> Request 9
1143
(2, 3, 1)
1
(45, 44)
-> Request 10
1344
(3, 3, 2)
1
(48, 34)
--> Day : 1
-> Request 0
162
(4, 1, 1)
3
(43, 33)
-> Request 1
309
(4, 2, 1)
3
(62, 27)
-> Request 2
493
(1, 2, 1)
1
(56, 46)
-> Request 3
515
(4, 1, 2)
2
(61, 34)
-> Request 4
594
(2, 1, 2)
1
(63, 75)
-> Request 5
594
(4, 1, 2)
2
(54, 29)
-> Request 6
765
(4, 3, 1)
1
(57, 37)
-> Request 7
833
(1, 1, 1)
2
(63, 74)
-> Request 8
918
(3, 3, 1)
2
(61, 74)
-> Request 9
1117
(3, 2, 2)
1
(44, 41)
-> Request 10
1172
(2, 2, 1)
1
(55, 27)
-> Request 11
1333
(1, 3, 2)
2
(8, 21)
-> Request 12
1382
(3, 3, 2)
2
(44, 29)
--> Day : 2
-> Request 0
109
(2, 3, 2)
3
(10, 28)
-> Request 1
135
(1, 1, 2)
1
(56, 72)
-> Request 2
322
(2, 2, 1)
3
(57, 71)
-> Request 3
537
(3, 3, 2)
2
(48, 41)
-> Request 4
939
(3, 1, 2)
2
(61, 74)
-> Request 5
1052
(1, 2, 2)
3
(53, 78)
-> Request 6
1107
(3, 2, 1)
3
(51, 42)
-> Request 7
1176
(4, 1, 1)
2
(59, 32)
--> Day : 3
-> Request 0
157
(2, 1, 2)
1
(53, 68)
-> Request 1
172
(2, 2, 1)
2
(50, 46)
-> Request 2
175
(2, 1, 2)
2
(56, 29)
-> Request 3
259
(4, 1, 2)
3
(52, 41)
-> Request 4
434
(3, 2, 2)
2
(54, 33)
-> Request 5
459
(1, 3, 2)
3
(56, 69)
-> Request 6
534
(4, 2, 1)
1
(8, 22)
-> Request 7
617
(1, 1, 2)
1
(61, 68)
-> Request 8
1026
(2, 2, 2)
3
(53, 75)
-> Request 9
1165
(2, 2, 1)
3
(44, 33)
-> Request 10
1333
(4, 1, 2)
3
(62, 73)
-> Request 11
1400
(3, 3, 1)
2
(56, 69)
--> Day : 4
-> Request 0
137
(1, 3, 2)
2
(45, 36)
-> Request 1
213
(3, 1, 1)
3
(11, 25)
-> Request 2
305
(2, 1, 1)
2
(64, 67)
-> Request 3
467
(2, 3, 1)
2
(48, 40)
-> Request 4
1242
(4, 1, 1)
3
(45, 28)
-> Request 5
1407
(4, 1, 1)
1
(59, 68)
---> Week : 125
--> Day : 0
-> Request 0
119
(2, 2, 1)
2
(52, 27)
-> Request 1
128
(4, 3, 1)
1
(46, 32)
-> Request 2
289
(3, 2, 1)
2
(58, 67)
-> Request 3
353
(2, 2, 1)
1
(56, 73)
-> Request 4
510
(4, 3, 1)
2
(56, 33)
-> Request 5
540
(4, 1, 1)
1
(55, 28)
-> Request 6
543
(3, 3, 1)
2
(53, 31)
-> Request 7
705
(4, 2, 2)
2
(47, 42)
-> Request 8
864
(4, 3, 1)
2
(54, 44)
-> Request 9
1043
(4, 1, 2)
1
(49, 35)
-> Request 10
1103
(4, 1, 1)
1
(56, 46)
-> Request 11
1405
(2, 3, 2)
2
(58, 46)
-> Request 12
1408
(2, 1, 1)
2
(61, 40)
--> Day : 1
-> Request 0
144
(4, 1, 1)
3
(52, 42)
-> Request 1
165
(2, 2, 2)
1
(59, 28)
-> Request 2
199
(3, 3, 2)
1
(44, 30)
-> Request 3
369
(4, 1, 2)
3
(44, 36)
-> Request 4
429
(3, 3, 2)
1
(65, 74)
-> Request 5
710
(4, 3, 2)
2
(58, 73)
-> Request 6
724
(4, 1, 2)
1
(44, 36)
-> Request 7
757
(3, 1, 1)
3
(53, 68)
-> Request 8
1119
(4, 1, 2)
2
(13, 22)
-> Request 9
1316
(4, 3, 1)
2
(66, 65)
-> Request 10
1333
(3, 2, 1)
3
(61, 43)
--> Day : 2
-> Request 0
345
(1, 1, 2)
1
(11, 25)
-> Request 1
636
(1, 2, 1)
2
(55, 73)
-> Request 2
651
(4, 2, 2)
2
(56, 37)
-> Request 3
953
(4, 2, 2)
3
(15, 22)
-> Request 4
960
(2, 2, 1)
2
(54, 28)
-> Request 5
1015
(2, 1, 1)
3
(62, 75)
-> Request 6
1212
(2, 1, 2)
2
(59, 64)
--> Day : 3
-> Request 0
46
(2, 2, 1)
2
(48, 34)
-> Request 1
284
(2, 1, 2)
2
(59, 27)
-> Request 2
446
(1, 2, 1)
1
(66, 77)
-> Request 3
485
(1, 2, 1)
2
(43, 29)
-> Request 4
497
(3, 3, 1)
1
(57, 27)
-> Request 5
592
(2, 2, 1)
1
(56, 74)
-> Request 6
672
(4, 3, 2)
1
(11, 29)
-> Request 7
685
(2, 1, 2)
3
(48, 40)
-> Request 8
730
(1, 3, 1)
3
(64, 70)
-> Request 9
730
(2, 2, 1)
3
(48, 44)
-> Request 10
739
(2, 3, 1)
1
(59, 70)
-> Request 11
813
(1, 1, 1)
2
(53, 31)
-> Request 12
857
(2, 2, 1)
3
(48, 32)
-> Request 13
997
(3, 1, 1)
3
(9, 22)
-> Request 14
997
(4, 3, 1)
3
(58, 42)
-> Request 15
1358
(2, 3, 1)
2
(63, 69)
-> Request 16
1367
(1, 2, 2)
1
(64, 70)
--> Day : 4
-> Request 0
192
(3, 2, 1)
2
(57, 64)
-> Request 1
397
(4, 3, 1)
1
(50, 35)
-> Request 2
505
(2, 1, 1)
1
(57, 43)
-> Request 3
934
(3, 2, 1)
2
(16, 28)
-> Request 4
1095
(2, 1, 1)
1
(59, 77)
-> Request 5
1134
(1, 3, 2)
3
(58, 44)
-> Request 6
1251
(3, 3, 1)
1
(57, 76)
-> Request 7
1341
(4, 3, 1)
2
(55, 73)
---> Week : 126
--> Day : 0
-> Request 0
24
(1, 2, 2)
1
(15, 26)
-> Request 1
134
(2, 3, 1)
2
(45, 27)
-> Request 2
518
(3, 1, 2)
2
(54, 27)
-> Request 3
631
(1, 1, 2)
2
(51, 27)
-> Request 4
689
(4, 1, 1)
1
(62, 29)
-> Request 5
735
(3, 2, 1)
2
(59, 46)
-> Request 6
800
(2, 1, 1)
3
(46, 43)
--> Day : 1
-> Request 0
69
(2, 3, 1)
3
(48, 37)
-> Request 1
332
(4, 1, 1)
1
(46, 27)
-> Request 2
657
(3, 2, 2)
1
(63, 74)
-> Request 3
894
(1, 3, 2)
2
(57, 42)
-> Request 4
987
(2, 1, 1)
1
(49, 37)
--> Day : 2
-> Request 0
99
(4, 3, 2)
1
(54, 33)
-> Request 1
195
(2, 1, 2)
2
(53, 76)
-> Request 2
359
(3, 3, 1)
3
(59, 72)
-> Request 3
523
(4, 3, 2)
2
(62, 27)
-> Request 4
523
(1, 1, 2)
2
(62, 66)
-> Request 5
530
(4, 3, 1)
2
(43, 36)
-> Request 6
599
(1, 1, 2)
1
(55, 44)
-> Request 7
620
(1, 2, 2)
2
(17, 29)
-> Request 8
658
(1, 1, 2)
1
(49, 41)
-> Request 9
832
(4, 1, 1)
3
(55, 35)
-> Request 10
1022
(1, 1, 1)
3
(59, 29)
-> Request 11
1036
(3, 1, 1)
3
(62, 43)
-> Request 12
1121
(4, 1, 1)
1
(48, 40)
-> Request 13
1257
(4, 1, 1)
3
(59, 45)
--> Day : 3
-> Request 0
15
(2, 3, 1)
1
(59, 39)
-> Request 1
163
(4, 3, 2)
3
(11, 20)
-> Request 2
546
(2, 2, 1)
2
(56, 44)
-> Request 3
622
(4, 2, 1)
1
(59, 41)
-> Request 4
669
(1, 3, 1)
1
(64, 74)
-> Request 5
793
(3, 3, 2)
1
(65, 69)
-> Request 6
1294
(4, 2, 2)
1
(46, 45)
--> Day : 4
-> Request 0
58
(4, 1, 2)
1
(43, 28)
-> Request 1
164
(1, 2, 1)
2
(57, 43)
-> Request 2
197
(3, 1, 2)
3
(61, 45)
-> Request 3
312
(3, 3, 2)
2
(56, 38)
-> Request 4
467
(4, 2, 2)
2
(10, 24)
-> Request 5
763
(2, 2, 1)
2
(57, 67)
-> Request 6
1038
(2, 1, 2)
2
(60, 76)
-> Request 7
1196
(2, 3, 2)
3
(59, 72)
-> Request 8
1232
(3, 2, 1)
3
(62, 36)
-> Request 9
1435
(1, 1, 2)
2
(56, 67)
---> Week : 127
--> Day : 0
-> Request 0
52
(3, 3, 1)
2
(65, 64)
-> Request 1
384
(1, 2, 1)
1
(54, 70)
-> Request 2
476
(2, 2, 2)
1
(49, 35)
-> Request 3
568
(1, 1, 2)
3
(49, 43)
-> Request 4
796
(3, 3, 1)
1
(55, 78)
-> Request 5
1410
(3, 2, 1)
3
(54, 34)
--> Day : 1
-> Request 0
75
(1, 1, 2)
2
(63, 74)
-> Request 1
125
(4, 3, 2)
3
(55, 42)
-> Request 2
195
(2, 1, 2)
2
(58, 46)
-> Request 3
197
(4, 2, 1)
2
(60, 35)
-> Request 4
292
(3, 2, 2)
3
(44, 38)
-> Request 5
480
(4, 1, 2)
3
(55, 74)
-> Request 6
508
(3, 2, 1)
2
(46, 43)
-> Request 7
637
(1, 3, 2)
2
(48, 39)
-> Request 8
664
(1, 2, 2)
1
(56, 30)
-> Request 9
910
(3, 1, 1)
1
(52, 71)
-> Request 10
916
(2, 1, 2)
3
(45, 45)
-> Request 11
933
(4, 1, 1)
1
(10, 20)
-> Request 12
940
(3, 1, 2)
1
(13, 23)
-> Request 13
1019
(4, 2, 2)
2
(64, 77)
-> Request 14
1176
(4, 1, 1)
1
(51, 28)
-> Request 15
1283
(1, 3, 1)
3
(51, 34)
-> Request 16
1286
(1, 1, 2)
1
(15, 29)
--> Day : 2
-> Request 0
463
(4, 3, 2)
2
(55, 42)
-> Request 1
532
(3, 1, 1)
3
(47, 27)
-> Request 2
605
(3, 2, 1)
1
(55, 42)
-> Request 3
937
(3, 1, 2)
3
(17, 22)
-> Request 4
989
(1, 3, 1)
1
(52, 65)
-> Request 5
1241
(4, 3, 1)
2
(59, 71)
--> Day : 3
-> Request 0
4
(3, 3, 2)
3
(14, 24)
-> Request 1
433
(2, 1, 2)
2
(56, 64)
-> Request 2
727
(2, 2, 1)
1
(63, 73)
-> Request 3
994
(2, 1, 2)
3
(59, 38)
-> Request 4
1197
(2, 1, 2)
2
(53, 34)
-> Request 5
1248
(1, 3, 1)
3
(53, 70)
-> Request 6
1353
(1, 1, 1)
1
(60, 75)
--> Day : 4
-> Request 0
191
(1, 2, 1)
2
(45, 34)
-> Request 1
306
(4, 1, 2)
1
(53, 45)
-> Request 2
319
(2, 3, 1)
3
(15, 24)
-> Request 3
396
(1, 2, 1)
2
(48, 41)
-> Request 4
625
(1, 1, 2)
3
(61, 70)
-> Request 5
675
(3, 3, 1)
3
(60, 67)
-> Request 6
787
(4, 2, 1)
2
(62, 40)
-> Request 7
856
(2, 2, 2)
2
(51, 32)
-> Request 8
917
(1, 1, 1)
3
(48, 33)
-> Request 9
1080
(4, 2, 2)
3
(54, 65)
---> Week : 128
--> Day : 0
-> Request 0
93
(3, 3, 1)
1
(57, 37)
-> Request 1
98
(2, 1, 2)
1
(45, 36)
-> Request 2
278
(4, 1, 1)
1
(58, 76)
-> Request 3
466
(1, 2, 1)
3
(60, 27)
-> Request 4
543
(2, 2, 1)
1
(63, 75)
-> Request 5
707
(2, 1, 2)
1
(45, 45)
-> Request 6
1027
(3, 2, 2)
2
(8, 21)
-> Request 7
1087
(1, 1, 1)
3
(54, 32)
-> Request 8
1166
(4, 1, 2)
3
(54, 72)
-> Request 9
1210
(4, 1, 2)
3
(62, 32)
--> Day : 1
-> Request 0
24
(2, 1, 1)
3
(58, 34)
-> Request 1
61
(3, 3, 1)
1
(62, 36)
-> Request 2
120
(1, 3, 2)
3
(59, 45)
-> Request 3
146
(2, 2, 1)
2
(55, 71)
-> Request 4
417
(2, 1, 2)
1
(64, 65)
-> Request 5
658
(3, 2, 2)
1
(45, 43)
-> Request 6
1384
(3, 2, 1)
3
(57, 36)
--> Day : 2
-> Request 0
85
(1, 1, 1)
2
(60, 69)
-> Request 1
124
(3, 1, 1)
1
(65, 65)
-> Request 2
125
(2, 1, 1)
2
(65, 75)
-> Request 3
216
(3, 2, 2)
1
(54, 67)
-> Request 4
553
(1, 1, 2)
2
(49, 27)
-> Request 5
610
(2, 1, 2)
1
(57, 42)
-> Request 6
1002
(3, 2, 2)
3
(60, 31)
-> Request 7
1009
(4, 1, 1)
1
(16, 27)
-> Request 8
1127
(4, 1, 2)
2
(55, 72)
-> Request 9
1180
(4, 1, 1)
3
(59, 30)
-> Request 10
1337
(1, 2, 1)
2
(53, 30)
-> Request 11
1407
(4, 2, 2)
3
(58, 71)
--> Day : 3
-> Request 0
96
(1, 2, 2)
2
(66, 70)
-> Request 1
338
(3, 3, 2)
3
(56, 65)
-> Request 2
518
(4, 2, 1)
1
(45, 40)
-> Request 3
591
(2, 3, 2)
3
(10, 27)
-> Request 4
669
(4, 3, 2)
1
(43, 27)
-> Request 5
691
(2, 1, 1)
2
(59, 34)
-> Request 6
788
(1, 2, 1)
3
(46, 31)
-> Request 7
950
(4, 1, 1)
3
(17, 21)
-> Request 8
985
(1, 1, 1)
2
(57, 71)
-> Request 9
989
(4, 3, 2)
3
(53, 46)
-> Request 10
1025
(1, 2, 2)
2
(61, 74)
-> Request 11
1035
(4, 1, 2)
1
(56, 73)
-> Request 12
1183
(3, 3, 1)
1
(46, 31)
--> Day : 4
-> Request 0
413
(4, 1, 1)
3
(10, 26)
-> Request 1
591
(1, 3, 2)
2
(52, 77)
-> Request 2
658
(4, 1, 2)
3
(15, 23)
-> Request 3
704
(4, 2, 1)
2
(55, 32)
-> Request 4
710
(4, 1, 1)
1
(47, 31)
-> Request 5
745
(2, 3, 2)
1
(66, 76)
-> Request 6
763
(4, 2, 2)
1
(53, 40)
-> Request 7
763
(1, 2, 1)
2
(49, 40)
-> Request 8
890
(1, 1, 1)
1
(11, 29)
-> Request 9
1090
(3, 2, 2)
1
(50, 36)
-> Request 10
1219
(3, 2, 2)
2
(55, 28)
-> Request 11
1350
(3, 3, 1)
3
(15, 28)
---> Week : 129
--> Day : 0
-> Request 0
264
(3, 3, 2)
1
(63, 74)
-> Request 1
290
(3, 3, 2)
3
(16, 26)
-> Request 2
312
(4, 1, 1)
3
(51, 41)
-> Request 3
360
(4, 2, 2)
2
(48, 28)
-> Request 4
411
(2, 3, 2)
2
(47, 40)
-> Request 5
462
(1, 1, 2)
2
(50, 34)
-> Request 6
735
(1, 3, 1)
1
(56, 32)
-> Request 7
910
(2, 3, 1)
1
(16, 21)
-> Request 8
1055
(4, 3, 1)
3
(55, 78)
-> Request 9
1131
(4, 2, 1)
3
(52, 27)
-> Request 10
1298
(3, 1, 1)
3
(45, 40)
-> Request 11
1391
(3, 1, 2)
3
(47, 39)
-> Request 12
1430
(2, 3, 2)
3
(61, 74)
--> Day : 1
-> Request 0
8
(2, 3, 1)
3
(53, 31)
-> Request 1
172
(1, 1, 1)
1
(61, 69)
-> Request 2
172
(1, 3, 1)
2
(44, 45)
-> Request 3
722
(1, 3, 1)
2
(47, 41)
-> Request 4
1037
(4, 2, 2)
2
(53, 30)
-> Request 5
1130
(2, 2, 2)
1
(46, 35)
-> Request 6
1265
(2, 3, 1)
3
(53, 29)
-> Request 7
1287
(2, 2, 1)
2
(50, 27)
-> Request 8
1354
(3, 2, 2)
1
(62, 75)
--> Day : 2
-> Request 0
154
(4, 1, 1)
1
(49, 45)
-> Request 1
253
(1, 1, 1)
2
(58, 35)
-> Request 2
329
(3, 2, 2)
3
(57, 33)
-> Request 3
987
(4, 2, 2)
2
(51, 33)
-> Request 4
997
(2, 2, 2)
1
(51, 30)
-> Request 5
1021
(2, 2, 1)
1
(58, 75)
-> Request 6
1099
(4, 2, 2)
3
(58, 65)
-> Request 7
1313
(3, 3, 2)
2
(57, 73)
--> Day : 3
-> Request 0
29
(2, 2, 1)
1
(56, 37)
-> Request 1
44
(3, 1, 1)
1
(46, 43)
-> Request 2
306
(4, 2, 1)
1
(48, 27)
-> Request 3
314
(2, 1, 1)
1
(52, 38)
-> Request 4
318
(4, 3, 1)
2
(47, 45)
-> Request 5
910
(3, 1, 2)
1
(64, 70)
-> Request 6
972
(4, 3, 2)
3
(55, 36)
-> Request 7
980
(3, 3, 2)
2
(56, 77)
-> Request 8
1031
(3, 1, 2)
2
(55, 38)
-> Request 9
1211
(1, 1, 2)
1
(48, 31)
-> Request 10
1339
(1, 2, 1)
3
(59, 78)
-> Request 11
1357
(2, 1, 1)
2
(56, 73)
-> Request 12
1403
(4, 1, 1)
1
(62, 78)
--> Day : 4
-> Request 0
69
(3, 2, 2)
3
(58, 28)
-> Request 1
540
(1, 2, 2)
2
(55, 45)
-> Request 2
919
(1, 1, 2)
3
(60, 68)
-> Request 3
1087
(2, 3, 1)
1
(9, 25)
-> Request 4
1366
(4, 2, 2)
2
(13, 28)
---> Week : 130
--> Day : 0
-> Request 0
213
(1, 3, 2)
1
(62, 72)
-> Request 1
465
(3, 2, 2)
1
(49, 37)
-> Request 2
526
(1, 3, 2)
1
(47, 29)
-> Request 3
590
(4, 2, 2)
2
(13, 22)
-> Request 4
681
(2, 2, 1)
3
(58, 35)
-> Request 5
753
(1, 2, 1)
2
(59, 73)
-> Request 6
806
(1, 2, 1)
2
(62, 32)
-> Request 7
861
(1, 1, 1)
1
(59, 71)
-> Request 8
960
(2, 3, 2)
1
(56, 42)
-> Request 9
975
(1, 2, 2)
1
(55, 43)
-> Request 10
1099
(4, 2, 2)
1
(61, 68)
-> Request 11
1205
(3, 1, 1)
3
(61, 74)
-> Request 12
1428
(2, 2, 2)
1
(45, 43)
--> Day : 1
-> Request 0
291
(4, 1, 1)
1
(15, 24)
-> Request 1
394
(1, 3, 1)
3
(53, 42)
-> Request 2
425
(4, 2, 1)
3
(65, 70)
-> Request 3
467
(1, 2, 1)
1
(56, 35)
-> Request 4
503
(4, 3, 1)
3
(53, 35)
-> Request 5
521
(4, 2, 2)
1
(52, 72)
-> Request 6
929
(2, 1, 1)
1
(64, 64)
-> Request 7
1021
(4, 2, 1)
3
(54, 32)
-> Request 8
1062
(4, 3, 2)
1
(44, 28)
-> Request 9
1102
(2, 3, 2)
3
(16, 22)
-> Request 10
1378
(4, 1, 2)
1
(62, 73)
--> Day : 2
-> Request 0
104
(2, 2, 2)
2
(51, 38)
-> Request 1
270
(1, 2, 1)
3
(60, 30)
-> Request 2
554
(4, 1, 1)
1
(55, 66)
-> Request 3
655
(3, 2, 1)
3
(57, 34)
-> Request 4
668
(3, 2, 2)
2
(57, 78)
-> Request 5
742
(3, 2, 2)
1
(43, 32)
-> Request 6
878
(2, 2, 2)
2
(15, 28)
-> Request 7
1236
(3, 1, 1)
1
(47, 45)
-> Request 8
1383
(3, 3, 2)
2
(55, 69)
--> Day : 3
-> Request 0
6
(4, 3, 2)
3
(59, 64)
-> Request 1
674
(3, 1, 1)
3
(58, 75)
-> Request 2
729
(3, 2, 1)
2
(59, 30)
-> Request 3
924
(3, 1, 1)
2
(14, 25)
-> Request 4
1155
(4, 3, 1)
2
(55, 73)
-> Request 5
1238
(1, 3, 1)
2
(53, 69)
-> Request 6
1327
(1, 1, 1)
3
(59, 44)
--> Day : 4
-> Request 0
43
(2, 3, 2)
3
(43, 37)
-> Request 1
430
(2, 2, 1)
3
(64, 67)
-> Request 2
793
(2, 3, 1)
3
(61, 75)
-> Request 3
844
(3, 3, 2)
2
(55, 70)
-> Request 4
1045
(1, 2, 2)
1
(49, 37)
-> Request 5
1056
(4, 2, 1)
1
(54, 38)
-> Request 6
1165
(4, 3, 1)
3
(59, 41)
-> Request 7
1167
(2, 2, 2)
2
(46, 40)
-> Request 8
1408
(3, 3, 1)
2
(10, 26)
---> Week : 131
--> Day : 0
-> Request 0
257
(1, 3, 2)
2
(66, 72)
-> Request 1
423
(3, 1, 2)
3
(54, 34)
-> Request 2
671
(1, 2, 1)
2
(13, 26)
-> Request 3
692
(3, 1, 1)
2
(57, 39)
-> Request 4
1059
(2, 2, 1)
2
(46, 39)
-> Request 5
1229
(2, 2, 1)
3
(52, 68)
--> Day : 1
-> Request 0
348
(2, 2, 2)
3
(9, 26)
-> Request 1
892
(4, 2, 2)
1
(56, 73)
--> Day : 2
-> Request 0
133
(1, 3, 2)
3
(43, 40)
-> Request 1
279
(3, 2, 1)
3
(55, 78)
-> Request 2
347
(3, 1, 2)
1
(61, 34)
-> Request 3
768
(4, 3, 2)
2
(59, 42)
-> Request 4
810
(4, 3, 2)
1
(52, 45)
-> Request 5
812
(2, 3, 2)
2
(59, 31)
-> Request 6
816
(4, 2, 2)
3
(53, 78)
-> Request 7
876
(4, 2, 2)
2
(64, 66)
-> Request 8
1079
(4, 1, 1)
1
(12, 29)
-> Request 9
1156
(4, 3, 2)
1
(9, 22)
-> Request 10
1340
(4, 3, 2)
3
(14, 29)
-> Request 11
1344
(2, 2, 2)
1
(56, 68)
--> Day : 3
-> Request 0
67
(2, 1, 1)
2
(49, 34)
-> Request 1
511
(4, 3, 1)
2
(59, 31)
-> Request 2
519
(2, 3, 1)
1
(62, 46)
-> Request 3
587
(3, 2, 1)
1
(60, 27)
-> Request 4
810
(3, 1, 2)
3
(59, 35)
-> Request 5
861
(1, 2, 2)
1
(63, 73)
-> Request 6
1026
(3, 2, 2)
3
(55, 32)
-> Request 7
1028
(1, 3, 1)
1
(47, 31)
-> Request 8
1066
(4, 3, 1)
1
(46, 35)
-> Request 9
1103
(4, 2, 2)
2
(60, 77)
-> Request 10
1197
(2, 3, 1)
2
(52, 46)
-> Request 11
1406
(1, 1, 1)
3
(63, 70)
--> Day : 4
-> Request 0
161
(2, 2, 1)
1
(52, 74)
-> Request 1
222
(3, 3, 1)
3
(58, 66)
-> Request 2
263
(1, 1, 1)
1
(52, 27)
-> Request 3
272
(2, 3, 1)
3
(58, 38)
-> Request 4
580
(3, 3, 2)
1
(45, 33)
-> Request 5
766
(1, 3, 2)
3
(45, 40)
-> Request 6
892
(1, 2, 2)
2
(44, 46)
-> Request 7
926
(4, 3, 1)
1
(52, 43)
-> Request 8
1217
(3, 2, 1)
3
(8, 26)
---> Week : 132
--> Day : 0
-> Request 0
34
(1, 3, 2)
1
(61, 74)
-> Request 1
172
(1, 3, 1)
1
(64, 69)
-> Request 2
214
(3, 1, 1)
1
(57, 73)
-> Request 3
254
(4, 2, 2)
2
(46, 35)
-> Request 4
270
(2, 3, 2)
2
(60, 31)
-> Request 5
305
(2, 3, 1)
1
(60, 77)
-> Request 6
320
(4, 1, 1)
1
(60, 41)
-> Request 7
343
(3, 2, 1)
3
(46, 27)
-> Request 8
381
(3, 1, 2)
2
(51, 33)
-> Request 9
513
(2, 3, 2)
3
(46, 34)
-> Request 10
553
(1, 1, 1)
2
(57, 74)
-> Request 11
765
(3, 2, 1)
2
(57, 70)
-> Request 12
772
(1, 3, 1)
2
(48, 40)
-> Request 13
801
(2, 1, 2)
2
(60, 42)
-> Request 14
932
(1, 3, 2)
2
(14, 24)
-> Request 15
960
(3, 1, 1)
3
(58, 34)
-> Request 16
971
(1, 1, 1)
2
(62, 77)
-> Request 17
1037
(2, 3, 1)
3
(61, 42)
-> Request 18
1085
(1, 2, 1)
2
(52, 39)
-> Request 19
1215
(4, 3, 1)
3
(50, 29)
-> Request 20
1248
(2, 2, 1)
2
(46, 40)
--> Day : 1
-> Request 0
179
(2, 1, 2)
2
(64, 69)
-> Request 1
304
(4, 1, 1)
1
(66, 66)
-> Request 2
491
(4, 2, 1)
1
(64, 73)
-> Request 3
560
(2, 2, 1)
2
(45, 38)
-> Request 4
767
(3, 3, 2)
3
(53, 45)
-> Request 5
1121
(3, 2, 2)
1
(49, 27)
--> Day : 2
-> Request 0
139
(3, 2, 1)
3
(52, 66)
-> Request 1
302
(1, 3, 1)
3
(53, 32)
-> Request 2
452
(1, 2, 1)
2
(8, 29)
-> Request 3
587
(3, 1, 2)
2
(44, 29)
-> Request 4
668
(4, 2, 2)
2
(59, 64)
-> Request 5
712
(2, 1, 2)
1
(44, 40)
-> Request 6
792
(4, 3, 1)
1
(46, 34)
-> Request 7
892
(1, 3, 1)
2
(59, 44)
-> Request 8
917
(3, 3, 2)
3
(48, 39)
--> Day : 3
-> Request 0
85
(3, 1, 1)
1
(13, 20)
-> Request 1
177
(3, 2, 2)
2
(65, 67)
-> Request 2
672
(2, 3, 2)
3
(54, 76)
-> Request 3
1320
(3, 3, 1)
1
(14, 27)
-> Request 4
1325
(2, 2, 2)
1
(43, 30)
--> Day : 4
-> Request 0
249
(4, 2, 2)
3
(59, 67)
-> Request 1
788
(4, 3, 1)
3
(62, 35)
-> Request 2
818
(3, 1, 1)
2
(43, 33)
-> Request 3
905
(1, 1, 2)
2
(55, 32)
-> Request 4
990
(4, 1, 2)
2
(59, 35)
-> Request 5
1021
(3, 1, 1)
2
(55, 77)
-> Request 6
1139
(3, 2, 2)
2
(52, 36)
-> Request 7
1281
(4, 2, 1)
2
(55, 39)
-> Request 8
1300
(4, 1, 1)
3
(54, 34)
-> Request 9
1406
(1, 3, 2)
3
(59, 39)
---> Week : 133
--> Day : 0
-> Request 0
15
(4, 3, 1)
3
(16, 26)
-> Request 1
31
(1, 3, 1)
2
(60, 30)
-> Request 2
93
(1, 3, 2)
1
(16, 23)
-> Request 3
445
(4, 1, 1)
1
(66, 77)
-> Request 4
661
(2, 1, 2)
2
(14, 22)
-> Request 5
667
(3, 2, 2)
2
(61, 69)
-> Request 6
852
(3, 3, 2)
2
(15, 25)
-> Request 7
1069
(2, 2, 2)
1
(53, 69)
-> Request 8
1148
(3, 3, 2)
3
(60, 68)
-> Request 9
1199
(2, 3, 1)
2
(53, 74)
-> Request 10
1245
(4, 2, 1)
2
(17, 24)
-> Request 11
1245
(2, 1, 1)
3
(16, 27)
--> Day : 1
-> Request 0
95
(3, 1, 1)
2
(53, 65)
-> Request 1
157
(3, 2, 2)
3
(11, 23)
-> Request 2
185
(4, 3, 2)
1
(43, 35)
-> Request 3
219
(4, 1, 2)
1
(60, 65)
-> Request 4
247
(2, 2, 1)
3
(52, 37)
-> Request 5
579
(1, 1, 1)
1
(62, 69)
-> Request 6
617
(2, 1, 2)
1
(62, 77)
-> Request 7
1107
(1, 1, 1)
3
(64, 72)
-> Request 8
1280
(1, 1, 2)
3
(47, 42)
-> Request 9
1285
(4, 2, 2)
2
(49, 32)
-> Request 10
1308
(1, 2, 1)
2
(64, 76)
-> Request 11
1324
(2, 1, 1)
3
(53, 32)
--> Day : 2
-> Request 0
30
(4, 1, 2)
3
(52, 42)
-> Request 1
269
(1, 2, 1)
1
(48, 42)
-> Request 2
525
(4, 3, 1)
3
(46, 44)
-> Request 3
639
(3, 1, 1)
3
(43, 31)
-> Request 4
886
(4, 1, 1)
1
(59, 27)
-> Request 5
1053
(2, 1, 2)
1
(61, 67)
-> Request 6
1359
(4, 1, 2)
1
(56, 70)
--> Day : 3
-> Request 0
58
(4, 2, 1)
2
(58, 66)
-> Request 1
114
(3, 2, 2)
1
(66, 70)
-> Request 2
141
(1, 2, 1)
3
(45, 44)
-> Request 3
194
(3, 1, 1)
3
(46, 38)
-> Request 4
544
(4, 1, 1)
1
(53, 40)
-> Request 5
548
(1, 3, 1)
3
(57, 44)
-> Request 6
580
(3, 3, 1)
1
(44, 40)
-> Request 7
993
(1, 1, 2)
3
(58, 73)
-> Request 8
1032
(3, 1, 2)
1
(50, 41)
-> Request 9
1162
(1, 1, 2)
2
(58, 72)
-> Request 10
1242
(2, 1, 2)
3
(12, 22)
-> Request 11
1292
(1, 3, 1)
2
(53, 39)
--> Day : 4
-> Request 0
43
(4, 2, 2)
3
(43, 44)
-> Request 1
108
(1, 1, 1)
2
(49, 30)
-> Request 2
119
(1, 1, 2)
2
(45, 38)
-> Request 3
202
(3, 2, 1)
2
(50, 36)
-> Request 4
236
(3, 3, 1)
3
(45, 34)
-> Request 5
595
(4, 2, 1)
2
(46, 42)
-> Request 6
600
(2, 1, 1)
1
(48, 36)
-> Request 7
604
(4, 2, 1)
1
(64, 77)
-> Request 8
830
(2, 1, 1)
2
(58, 38)
-> Request 9
840
(3, 3, 2)
2
(58, 37)
-> Request 10
875
(3, 1, 2)
2
(14, 24)
-> Request 11
1080
(4, 2, 1)
1
(44, 37)
-> Request 12
1103
(3, 2, 2)
1
(64, 70)
-> Request 13
1209
(4, 3, 2)
3
(56, 74)
-> Request 14
1313
(3, 3, 1)
3
(55, 34)
-> Request 15
1400
(2, 1, 1)
1
(62, 36)
---> Week : 134
--> Day : 0
-> Request 0
147
(3, 1, 2)
1
(62, 29)
-> Request 1
672
(1, 1, 1)
2
(44, 36)
-> Request 2
1114
(1, 3, 2)
1
(57, 74)
-> Request 3
1225
(3, 2, 1)
1
(17, 22)
-> Request 4
1252
(3, 3, 1)
3
(43, 40)
-> Request 5
1295
(4, 2, 2)
3
(10, 26)
-> Request 6
1393
(1, 1, 2)
2
(61, 65)
--> Day : 1
-> Request 0
469
(2, 1, 2)
3
(51, 30)
-> Request 1
502
(2, 1, 1)
3
(58, 71)
-> Request 2
1005
(3, 1, 2)
2
(61, 28)
-> Request 3
1028
(3, 3, 2)
3
(53, 42)
-> Request 4
1101
(2, 3, 2)
3
(52, 69)
-> Request 5
1109
(4, 3, 2)
3
(54, 45)
-> Request 6
1139
(1, 2, 2)
1
(59, 72)
-> Request 7
1186
(1, 3, 1)
1
(49, 38)
--> Day : 2
-> Request 0
147
(3, 3, 1)
1
(47, 30)
-> Request 1
209
(2, 3, 2)
3
(58, 28)
-> Request 2
361
(4, 1, 1)
1
(61, 74)
-> Request 3
487
(2, 3, 2)
1
(53, 46)
-> Request 4
509
(3, 1, 2)
1
(52, 39)
-> Request 5
1164
(2, 1, 1)
1
(55, 73)
--> Day : 3
-> Request 0
99
(4, 1, 1)
3
(51, 41)
-> Request 1
304
(3, 3, 2)
2
(62, 40)
-> Request 2
627
(4, 1, 2)
3
(46, 45)
-> Request 3
861
(2, 1, 2)
2
(61, 77)
-> Request 4
974
(1, 3, 2)
1
(63, 71)
-> Request 5
1035
(1, 2, 1)
1
(66, 78)
-> Request 6
1082
(2, 3, 1)
1
(43, 30)
-> Request 7
1232
(1, 1, 2)
3
(64, 66)
-> Request 8
1413
(4, 1, 1)
1
(14, 24)
--> Day : 4
-> Request 0
20
(3, 2, 2)
1
(44, 39)
-> Request 1
62
(1, 3, 2)
3
(46, 33)
-> Request 2
323
(3, 1, 2)
1
(58, 31)
-> Request 3
457
(3, 3, 2)
1
(50, 44)
-> Request 4
508
(3, 3, 1)
1
(55, 75)
-> Request 5
604
(4, 2, 1)
1
(57, 39)
-> Request 6
810
(4, 2, 1)
2
(63, 66)
-> Request 7
822
(4, 2, 1)
1
(58, 64)
---> Week : 135
--> Day : 0
-> Request 0
370
(4, 1, 2)
2
(55, 35)
-> Request 1
495
(2, 1, 2)
2
(53, 76)
-> Request 2
530
(2, 2, 2)
2
(54, 66)
-> Request 3
687
(3, 1, 1)
1
(51, 46)
-> Request 4
717
(4, 1, 1)
1
(59, 69)
-> Request 5
1086
(4, 2, 2)
3
(64, 74)
-> Request 6
1378
(4, 1, 2)
2
(52, 37)
--> Day : 1
-> Request 0
32
(4, 1, 1)
2
(10, 20)
-> Request 1
32
(4, 3, 2)
2
(54, 78)
-> Request 2
144
(4, 1, 2)
1
(45, 29)
-> Request 3
315
(2, 1, 2)
3
(62, 27)
-> Request 4
332
(2, 1, 2)
3
(55, 36)
-> Request 5
551
(3, 2, 1)
1
(57, 33)
-> Request 6
1274
(1, 1, 2)
1
(50, 30)
--> Day : 2
-> Request 0
32
(1, 2, 1)
2
(57, 76)
-> Request 1
179
(3, 1, 2)
3
(54, 77)
-> Request 2
352
(4, 1, 1)
2
(46, 38)
-> Request 3
402
(4, 1, 2)
2
(11, 23)
-> Request 4
561
(1, 1, 2)
2
(49, 30)
-> Request 5
567
(2, 1, 2)
2
(47, 37)
-> Request 6
628
(4, 2, 1)
3
(51, 39)
-> Request 7
661
(3, 1, 2)
2
(57, 41)
-> Request 8
662
(2, 2, 2)
1
(44, 39)
-> Request 9
807
(1, 3, 2)
2
(45, 41)
-> Request 10
988
(2, 2, 2)
1
(60, 31)
-> Request 11
1067
(2, 3, 2)
1
(46, 33)
-> Request 12
1106
(2, 3, 2)
2
(55, 41)
-> Request 13
1190
(3, 1, 1)
3
(10, 24)
-> Request 14
1202
(1, 3, 2)
3
(53, 28)
-> Request 15
1291
(1, 2, 2)
1
(62, 40)
--> Day : 3
-> Request 0
12
(4, 1, 2)
2
(45, 42)
-> Request 1
57
(2, 2, 2)
3
(48, 38)
-> Request 2
117
(1, 2, 1)
2
(57, 41)
-> Request 3
284
(3, 2, 1)
3
(46, 30)
-> Request 4
470
(1, 1, 2)
2
(16, 22)
-> Request 5
656
(4, 2, 2)
2
(8, 24)
-> Request 6
763
(2, 2, 2)
2
(50, 35)
-> Request 7
839
(2, 2, 1)
2
(62, 76)
-> Request 8
1055
(3, 3, 1)
2
(43, 36)
-> Request 9
1181
(4, 1, 1)
1
(59, 68)
-> Request 10
1287
(3, 1, 1)
1
(65, 64)
-> Request 11
1351
(2, 2, 1)
2
(45, 35)
--> Day : 4
-> Request 0
65
(3, 2, 1)
2
(16, 20)
-> Request 1
109
(1, 2, 2)
3
(14, 20)
-> Request 2
193
(3, 3, 1)
3
(55, 28)
-> Request 3
404
(4, 2, 2)
3
(43, 46)
-> Request 4
438
(3, 2, 1)
3
(54, 64)
-> Request 5
464
(4, 2, 1)
2
(50, 39)
-> Request 6
602
(3, 3, 2)
1
(45, 44)
-> Request 7
902
(4, 2, 2)
1
(60, 38)
-> Request 8
904
(3, 3, 1)
1
(16, 25)
-> Request 9
1003
(1, 1, 1)
2
(43, 41)
-> Request 10
1047
(4, 3, 2)
2
(48, 32)
-> Request 11
1062
(1, 3, 1)
1
(54, 40)
-> Request 12
1075
(4, 3, 2)
2
(55, 78)
-> Request 13
1254
(4, 2, 2)
3
(61, 65)
---> Week : 136
--> Day : 0
-> Request 0
176
(2, 3, 1)
2
(55, 74)
-> Request 1
265
(2, 2, 1)
2
(49, 28)
-> Request 2
556
(3, 3, 1)
2
(56, 65)
-> Request 3
659
(2, 1, 1)
1
(58, 38)
-> Request 4
931
(1, 1, 1)
3
(8, 20)
-> Request 5
1161
(1, 1, 1)
3
(16, 25)
-> Request 6
1231
(3, 3, 1)
2
(44, 41)
-> Request 7
1309
(3, 1, 2)
2
(48, 32)
-> Request 8
1322
(4, 3, 2)
2
(46, 30)
--> Day : 1
-> Request 0
18
(2, 2, 2)
3
(59, 44)
-> Request 1
169
(2, 3, 1)
2
(52, 28)
-> Request 2
328
(2, 3, 1)
2
(53, 71)
-> Request 3
355
(2, 1, 1)
2
(60, 43)
-> Request 4
382
(4, 2, 2)
1
(43, 33)
-> Request 5
407
(2, 2, 2)
1
(9, 28)
-> Request 6
579
(2, 1, 2)
1
(59, 64)
-> Request 7
666
(3, 1, 1)
3
(57, 29)
-> Request 8
698
(2, 2, 1)
2
(56, 45)
-> Request 9
977
(2, 1, 1)
1
(58, 71)
-> Request 10
1011
(1, 2, 1)
2
(57, 36)
-> Request 11
1044
(1, 3, 2)
3
(50, 34)
--> Day : 2
-> Request 0
248
(4, 1, 1)
1
(49, 30)
-> Request 1
257
(4, 2, 1)
1
(66, 74)
-> Request 2
410
(1, 3, 1)
2
(65, 76)
-> Request 3
1252
(2, 2, 2)
3
(50, 33)
-> Request 4
1272
(3, 1, 1)
1
(11, 24)
-> Request 5
1294
(4, 2, 2)
2
(59, 76)
-> Request 6
1349
(3, 2, 2)
3
(66, 76)
-> Request 7
1388
(1, 3, 2)
2
(53, 74)
-> Request 8
1423
(3, 3, 1)
3
(55, 65)
--> Day : 3
-> Request 0
19
(2, 2, 2)
3
(14, 28)
-> Request 1
135
(4, 3, 1)
3
(63, 77)
-> Request 2
160
(4, 1, 2)
1
(55, 75)
-> Request 3
185
(2, 2, 1)
3
(59, 42)
-> Request 4
395
(4, 1, 1)
2
(61, 44)
-> Request 5
907
(2, 3, 1)
1
(60, 74)
-> Request 6
923
(4, 3, 2)
2
(47, 31)
-> Request 7
1210
(4, 2, 1)
1
(54, 36)
-> Request 8
1328
(3, 3, 1)
2
(48, 43)
--> Day : 4
-> Request 0
185
(1, 1, 2)
1
(53, 72)
-> Request 1
193
(2, 1, 1)
3
(51, 37)
-> Request 2
402
(4, 2, 2)
2
(49, 46)
-> Request 3
557
(1, 3, 1)
1
(48, 45)
-> Request 4
704
(4, 1, 1)
3
(66, 75)
-> Request 5
727
(1, 3, 2)
2
(47, 46)
-> Request 6
931
(1, 3, 1)
2
(47, 28)
-> Request 7
1193
(3, 3, 2)
1
(47, 43)
-> Request 8
1334
(1, 3, 1)
3
(13, 20)
---> Week : 137
--> Day : 0
-> Request 0
113
(2, 1, 1)
1
(13, 21)
-> Request 1
126
(3, 2, 2)
1
(60, 71)
-> Request 2
139
(2, 1, 1)
3
(61, 40)
-> Request 3
308
(1, 3, 1)
3
(46, 27)
-> Request 4
516
(1, 2, 2)
2
(57, 45)
-> Request 5
853
(1, 2, 2)
2
(43, 27)
-> Request 6
880
(2, 1, 1)
2
(60, 29)
-> Request 7
1035
(2, 2, 2)
2
(44, 31)
-> Request 8
1222
(1, 1, 2)
3
(59, 31)
--> Day : 1
-> Request 0
51
(4, 2, 2)
1
(44, 45)
-> Request 1
174
(4, 2, 1)
1
(61, 28)
-> Request 2
585
(2, 2, 1)
1
(58, 69)
-> Request 3
673
(1, 2, 2)
1
(63, 72)
-> Request 4
705
(2, 2, 1)
1
(52, 73)
-> Request 5
921
(3, 3, 1)
2
(58, 75)
-> Request 6
1043
(2, 1, 2)
2
(50, 35)
-> Request 7
1075
(3, 3, 1)
1
(50, 42)
-> Request 8
1252
(3, 1, 2)
2
(56, 40)
-> Request 9
1274
(1, 2, 1)
2
(56, 46)
--> Day : 2
-> Request 0
23
(1, 1, 2)
2
(63, 73)
-> Request 1
83
(2, 1, 1)
3
(46, 35)
-> Request 2
212
(3, 3, 2)
3
(46, 29)
-> Request 3
640
(3, 1, 1)
1
(9, 25)
-> Request 4
801
(3, 1, 2)
1
(51, 27)
-> Request 5
1271
(3, 2, 1)
1
(14, 25)
--> Day : 3
-> Request 0
283
(4, 1, 2)
2
(62, 72)
-> Request 1
523
(4, 1, 2)
1
(59, 64)
-> Request 2
675
(2, 1, 2)
2
(62, 29)
-> Request 3
972
(2, 2, 2)
2
(56, 76)
-> Request 4
1258
(2, 3, 2)
2
(45, 30)
-> Request 5
1283
(4, 3, 2)
3
(57, 41)
-> Request 6
1294
(3, 3, 1)
2
(59, 35)
-> Request 7
1379
(1, 1, 2)
3
(59, 34)
--> Day : 4
-> Request 0
433
(3, 1, 1)
1
(55, 35)
-> Request 1
446
(2, 1, 2)
2
(52, 35)
-> Request 2
1102
(4, 3, 2)
3
(62, 74)
-> Request 3
1323
(4, 2, 1)
3
(57, 65)
-> Request 4
1353
(3, 3, 2)
2
(45, 38)
---> Week : 138
--> Day : 0
-> Request 0
98
(2, 1, 2)
2
(60, 37)
-> Request 1
146
(3, 2, 2)
3
(61, 42)
-> Request 2
207
(2, 3, 2)
1
(61, 29)
-> Request 3
365
(4, 1, 2)
1
(56, 64)
-> Request 4
463
(3, 1, 1)
1
(52, 32)
-> Request 5
772
(3, 2, 1)
2
(58, 69)
-> Request 6
1023
(2, 2, 2)
2
(53, 74)
-> Request 7
1369
(2, 2, 1)
3
(60, 31)
-> Request 8
1434
(4, 2, 1)
1
(61, 72)
--> Day : 1
-> Request 0
135
(3, 1, 1)
2
(60, 76)
-> Request 1
250
(4, 1, 1)
3
(62, 27)
-> Request 2
387
(4, 2, 2)
1
(16, 22)
-> Request 3
699
(1, 2, 2)
3
(63, 75)
-> Request 4
706
(1, 2, 2)
2
(53, 28)
-> Request 5
873
(1, 2, 1)
3
(52, 65)
-> Request 6
939
(3, 1, 2)
3
(10, 22)
-> Request 7
1422
(1, 3, 1)
1
(60, 68)
--> Day : 2
-> Request 0
151
(3, 3, 1)
1
(54, 67)
-> Request 1
163
(2, 2, 1)
2
(54, 69)
-> Request 2
210
(4, 1, 1)
3
(53, 31)
-> Request 3
210
(1, 2, 1)
3
(51, 28)
-> Request 4
360
(3, 3, 1)
2
(60, 33)
-> Request 5
412
(3, 3, 1)
3
(43, 41)
-> Request 6
440
(4, 2, 1)
1
(57, 44)
-> Request 7
522
(1, 1, 1)
1
(44, 34)
-> Request 8
762
(3, 3, 1)
1
(61, 31)
-> Request 9
762
(2, 2, 1)
1
(10, 21)
-> Request 10
943
(1, 1, 1)
3
(54, 76)
-> Request 11
1128
(4, 3, 2)
1
(62, 31)
--> Day : 3
-> Request 0
495
(4, 2, 2)
3
(48, 34)
-> Request 1
552
(3, 1, 1)
1
(54, 29)
-> Request 2
591
(2, 3, 1)
1
(66, 64)
-> Request 3
938
(4, 1, 1)
3
(61, 34)
-> Request 4
940
(1, 1, 1)
2
(11, 27)
-> Request 5
986
(4, 3, 2)
1
(52, 71)
-> Request 6
1064
(3, 2, 1)
2
(54, 29)
-> Request 7
1284
(1, 3, 2)
3
(48, 27)
-> Request 8
1318
(2, 3, 1)
3
(58, 76)
--> Day : 4
-> Request 0
3
(4, 3, 2)
3
(66, 74)
-> Request 1
139
(3, 2, 2)
1
(57, 76)
-> Request 2
139
(1, 1, 1)
2
(54, 64)
-> Request 3
314
(4, 2, 1)
1
(15, 22)
-> Request 4
677
(4, 1, 1)
3
(48, 42)
-> Request 5
771
(2, 3, 1)
2
(16, 29)
-> Request 6
839
(1, 3, 2)
3
(49, 44)
-> Request 7
1034
(1, 2, 1)
2
(52, 69)
-> Request 8
1316
(3, 2, 1)
2
(51, 30)
-> Request 9
1329
(3, 2, 2)
2
(57, 74)
-> Request 10
1375
(3, 3, 2)
3
(52, 73)
-> Request 11
1430
(1, 2, 1)
3
(60, 29)
---> Week : 139
--> Day : 0
-> Request 0
86
(2, 2, 1)
3
(62, 75)
-> Request 1
251
(4, 3, 2)
1
(59, 69)
-> Request 2
370
(2, 1, 1)
1
(51, 30)
-> Request 3
409
(1, 3, 2)
3
(17, 21)
-> Request 4
482
(2, 2, 2)
2
(53, 38)
-> Request 5
608
(2, 1, 2)
2
(63, 72)
-> Request 6
820
(1, 3, 2)
1
(56, 69)
-> Request 7
884
(1, 1, 2)
2
(58, 44)
-> Request 8
983
(3, 2, 1)
2
(47, 34)
--> Day : 1
-> Request 0
160
(2, 2, 2)
2
(52, 43)
-> Request 1
182
(3, 1, 1)
1
(58, 77)
-> Request 2
359
(4, 1, 1)
2
(56, 77)
-> Request 3
436
(4, 3, 1)
3
(53, 68)
-> Request 4
504
(3, 2, 2)
2
(59, 36)
-> Request 5
608
(2, 2, 1)
2
(54, 69)
-> Request 6
858
(4, 2, 1)
3
(54, 75)
-> Request 7
949
(3, 2, 2)
3
(54, 75)
-> Request 8
1138
(2, 2, 1)
1
(52, 34)
-> Request 9
1217
(1, 3, 2)
2
(43, 37)
--> Day : 2
-> Request 0
175
(4, 2, 2)
1
(59, 67)
-> Request 1
193
(1, 1, 1)
1
(63, 71)
-> Request 2
745
(2, 3, 2)
3
(62, 43)
-> Request 3
1157
(4, 2, 1)
1
(64, 70)
-> Request 4
1173
(4, 1, 2)
1
(50, 37)
-> Request 5
1192
(1, 3, 1)
1
(43, 28)
-> Request 6
1210
(1, 3, 1)
1
(60, 32)
-> Request 7
1356
(4, 2, 2)
1
(52, 34)
--> Day : 3
-> Request 0
11
(3, 3, 2)
3
(56, 39)
-> Request 1
75
(4, 1, 1)
2
(65, 74)
-> Request 2
139
(3, 2, 2)
3
(16, 28)
-> Request 3
157
(1, 1, 2)
2
(60, 34)
-> Request 4
237
(1, 3, 2)
2
(52, 38)
-> Request 5
359
(3, 3, 2)
2
(60, 37)
-> Request 6
414
(4, 1, 2)
3
(54, 77)
-> Request 7
439
(3, 1, 1)
3
(66, 70)
-> Request 8
1138
(2, 1, 2)
1
(51, 29)
-> Request 9
1309
(4, 1, 2)
2
(56, 65)
-> Request 10
1406
(3, 3, 1)
1
(55, 32)
-> Request 11
1408
(2, 3, 2)
1
(46, 43)
--> Day : 4
-> Request 0
413
(1, 3, 2)
1
(44, 42)
-> Request 1
501
(3, 1, 1)
3
(50, 39)
-> Request 2
762
(1, 3, 2)
2
(44, 27)
-> Request 3
862
(2, 3, 1)
3
(43, 44)
-> Request 4
897
(4, 2, 2)
1
(54, 67)
-> Request 5
897
(3, 3, 2)
3
(53, 40)
-> Request 6
1313
(4, 2, 2)
3
(61, 78)
---> Week : 140
--> Day : 0
-> Request 0
213
(4, 1, 1)
1
(48, 40)
-> Request 1
225
(3, 2, 2)
1
(13, 24)
-> Request 2
245
(1, 3, 2)
1
(62, 64)
-> Request 3
307
(2, 2, 1)
3
(49, 40)
-> Request 4
375
(2, 3, 1)
2
(12, 29)
-> Request 5
446
(2, 2, 2)
3
(56, 44)
-> Request 6
568
(1, 3, 1)
2
(52, 27)
-> Request 7
633
(2, 2, 1)
1
(11, 29)
-> Request 8
638
(2, 3, 2)
2
(10, 23)
-> Request 9
874
(4, 1, 1)
3
(45, 39)
-> Request 10
1123
(2, 1, 2)
2
(60, 72)
--> Day : 1
-> Request 0
30
(2, 2, 1)
1
(56, 37)
-> Request 1
275
(2, 3, 2)
1
(60, 27)
-> Request 2
295
(3, 1, 1)
3
(60, 75)
-> Request 3
487
(4, 3, 2)
3
(14, 26)
-> Request 4
589
(3, 2, 1)
3
(62, 44)
-> Request 5
597
(1, 1, 2)
3
(45, 35)
-> Request 6
691
(1, 1, 2)
3
(64, 75)
-> Request 7
1333
(2, 1, 1)
2
(64, 76)
--> Day : 2
-> Request 0
427
(1, 3, 1)
1
(44, 45)
-> Request 1
588
(1, 1, 1)
2
(56, 68)
-> Request 2
872
(3, 3, 1)
3
(16, 26)
-> Request 3
918
(1, 3, 1)
2
(43, 44)
-> Request 4
1318
(4, 2, 1)
1
(52, 45)
-> Request 5
1322
(1, 1, 1)
3
(53, 74)
-> Request 6
1420
(1, 2, 1)
1
(57, 31)
--> Day : 3
-> Request 0
188
(2, 1, 1)
1
(52, 72)
-> Request 1
215
(2, 2, 2)
2
(56, 65)
-> Request 2
1174
(3, 1, 2)
3
(45, 35)
-> Request 3
1338
(2, 2, 1)
1
(53, 31)
--> Day : 4
-> Request 0
291
(3, 2, 2)
3
(45, 31)
-> Request 1
524
(3, 1, 1)
3
(54, 35)
-> Request 2
762
(4, 3, 1)
2
(11, 29)
-> Request 3
768
(1, 1, 1)
3
(61, 27)
-> Request 4
1069
(3, 3, 2)
3
(61, 73)
-> Request 5
1107
(3, 3, 1)
3
(45, 39)
---> Week : 141
--> Day : 0
-> Request 0
2
(4, 3, 1)
3
(53, 30)
-> Request 1
85
(3, 3, 1)
1
(61, 65)
-> Request 2
119
(4, 1, 1)
2
(15, 29)
-> Request 3
476
(1, 3, 2)
1
(57, 32)
-> Request 4
675
(2, 1, 1)
2
(61, 77)
-> Request 5
819
(2, 1, 2)
2
(63, 66)
-> Request 6
926
(2, 2, 1)
3
(53, 28)
-> Request 7
1169
(1, 2, 1)
1
(61, 38)
-> Request 8
1247
(2, 2, 1)
3
(44, 45)
-> Request 9
1254
(4, 1, 2)
2
(52, 41)
-> Request 10
1416
(4, 1, 2)
3
(51, 31)
--> Day : 1
-> Request 0
74
(2, 3, 1)
2
(53, 41)
-> Request 1
200
(3, 2, 2)
1
(53, 71)
-> Request 2
569
(1, 3, 2)
2
(61, 73)
-> Request 3
760
(3, 3, 2)
2
(57, 35)
-> Request 4
879
(2, 3, 1)
3
(62, 78)
-> Request 5
1024
(4, 3, 1)
2
(47, 43)
-> Request 6
1335
(1, 2, 1)
2
(16, 23)
--> Day : 2
-> Request 0
101
(1, 3, 2)
3
(60, 41)
-> Request 1
104
(3, 2, 2)
2
(56, 41)
-> Request 2
583
(4, 1, 2)
1
(56, 65)
-> Request 3
625
(2, 1, 2)
2
(66, 66)
-> Request 4
1134
(4, 3, 2)
2
(57, 34)
-> Request 5
1280
(4, 3, 2)
3
(60, 27)
-> Request 6
1338
(4, 3, 1)
2
(50, 41)
-> Request 7
1348
(2, 1, 1)
1
(60, 68)
--> Day : 3
-> Request 0
6
(3, 2, 2)
1
(45, 27)
-> Request 1
225
(4, 3, 1)
2
(8, 29)
-> Request 2
485
(4, 3, 1)
2
(10, 23)
-> Request 3
711
(1, 3, 2)
2
(54, 71)
-> Request 4
717
(4, 2, 2)
2
(44, 43)
-> Request 5
870
(1, 3, 1)
3
(50, 35)
-> Request 6
1070
(4, 1, 1)
3
(59, 65)
-> Request 7
1090
(4, 3, 1)
1
(49, 43)
-> Request 8
1190
(3, 2, 2)
3
(16, 29)
--> Day : 4
-> Request 0
20
(4, 3, 2)
1
(46, 32)
-> Request 1
82
(2, 1, 2)
2
(45, 43)
-> Request 2
214
(1, 1, 2)
3
(53, 77)
-> Request 3
425
(2, 2, 2)
1
(48, 31)
-> Request 4
707
(1, 3, 1)
1
(48, 45)
-> Request 5
936
(3, 3, 1)
1
(59, 78)
-> Request 6
1061
(3, 2, 1)
3
(57, 32)
-> Request 7
1198
(4, 1, 1)
3
(60, 43)
---> Week : 142
--> Day : 0
-> Request 0
124
(4, 3, 2)
3
(51, 41)
-> Request 1
208
(2, 1, 1)
1
(65, 64)
-> Request 2
335
(2, 1, 2)
3
(63, 74)
-> Request 3
381
(2, 1, 1)
1
(54, 64)
-> Request 4
439
(2, 2, 2)
1
(62, 33)
-> Request 5
751
(2, 2, 1)
2
(55, 27)
-> Request 6
799
(3, 3, 1)
2
(46, 37)
-> Request 7
838
(2, 2, 2)
2
(44, 31)
-> Request 8
1005
(2, 2, 1)
2
(49, 40)
-> Request 9
1189
(3, 1, 1)
1
(65, 74)
-> Request 10
1229
(1, 2, 1)
1
(11, 25)
-> Request 11
1292
(3, 1, 1)
2
(8, 25)
-> Request 12
1358
(1, 2, 2)
1
(54, 41)
--> Day : 1
-> Request 0
238
(1, 1, 1)
2
(16, 25)
-> Request 1
278
(1, 2, 2)
3
(62, 33)
-> Request 2
361
(4, 2, 1)
2
(65, 68)
-> Request 3
458
(2, 1, 1)
1
(56, 70)
-> Request 4
912
(4, 1, 1)
1
(49, 40)
-> Request 5
1064
(4, 2, 1)
3
(59, 78)
-> Request 6
1136
(4, 2, 1)
2
(63, 66)
-> Request 7
1309
(4, 2, 1)
3
(45, 29)
--> Day : 2
-> Request 0
23
(3, 1, 2)
2
(52, 34)
-> Request 1
112
(2, 3, 2)
3
(10, 22)
-> Request 2
376
(4, 1, 1)
3
(61, 31)
-> Request 3
499
(2, 1, 2)
2
(60, 69)
-> Request 4
605
(1, 1, 2)
2
(54, 32)
-> Request 5
985
(2, 1, 2)
2
(45, 37)
-> Request 6
1010
(1, 1, 1)
3
(53, 46)
-> Request 7
1093
(3, 3, 1)
3
(60, 35)
-> Request 8
1129
(1, 3, 2)
2
(52, 73)
-> Request 9
1152
(4, 3, 2)
1
(43, 45)
--> Day : 3
-> Request 0
506
(2, 2, 1)
3
(60, 40)
-> Request 1
747
(1, 1, 1)
1
(60, 27)
-> Request 2
884
(4, 3, 1)
2
(53, 42)
-> Request 3
950
(1, 3, 2)
2
(62, 32)
-> Request 4
1226
(1, 2, 1)
1
(57, 44)
-> Request 5
1247
(1, 1, 1)
3
(56, 69)
-> Request 6
1297
(4, 2, 2)
2
(43, 33)
--> Day : 4
-> Request 0
99
(1, 1, 2)
2
(54, 66)
-> Request 1
221
(1, 3, 1)
1
(50, 43)
-> Request 2
282
(1, 2, 2)
2
(66, 72)
-> Request 3
312
(2, 3, 1)
3
(46, 33)
-> Request 4
601
(2, 3, 1)
3
(62, 42)
-> Request 5
777
(3, 2, 2)
3
(12, 27)
-> Request 6
1238
(3, 1, 1)
3
(46, 41)
-> Request 7
1295
(3, 3, 2)
1
(49, 32)
---> Week : 143
--> Day : 0
-> Request 0
104
(3, 2, 1)
1
(45, 37)
-> Request 1
222
(4, 2, 2)
3
(50, 27)
-> Request 2
511
(3, 2, 2)
2
(59, 27)
-> Request 3
745
(1, 2, 2)
2
(16, 20)
-> Request 4
796
(3, 3, 2)
2
(60, 41)
-> Request 5
937
(2, 2, 1)
1
(48, 46)
-> Request 6
1073
(2, 1, 2)
3
(51, 41)
-> Request 7
1284
(2, 2, 1)
1
(52, 69)
-> Request 8
1317
(3, 2, 1)
3
(61, 31)
--> Day : 1
-> Request 0
161
(2, 1, 2)
1
(65, 74)
-> Request 1
853
(3, 2, 2)
2
(47, 38)
-> Request 2
967
(4, 3, 1)
2
(49, 36)
-> Request 3
1365
(2, 2, 2)
2
(53, 42)
--> Day : 2
-> Request 0
175
(3, 3, 1)
1
(55, 42)
-> Request 1
586
(3, 2, 1)
1
(53, 31)
-> Request 2
804
(2, 2, 2)
3
(44, 29)
-> Request 3
944
(3, 2, 2)
2
(55, 37)
--> Day : 3
-> Request 0
217
(1, 2, 1)
3
(57, 67)
-> Request 1
275
(3, 2, 1)
3
(60, 74)
-> Request 2
310
(1, 2, 2)
3
(58, 42)
-> Request 3
337
(3, 2, 2)
3
(62, 32)
-> Request 4
518
(1, 2, 2)
3
(61, 27)
-> Request 5
570
(2, 3, 2)
3
(51, 39)
-> Request 6
760
(4, 1, 2)
2
(53, 42)
-> Request 7
847
(4, 3, 1)
2
(47, 43)
-> Request 8
922
(3, 2, 1)
2
(51, 45)
-> Request 9
1214
(1, 1, 2)
2
(55, 76)
-> Request 10
1219
(1, 3, 2)
1
(58, 64)
-> Request 11
1256
(2, 2, 1)
1
(49, 34)
-> Request 12
1319
(1, 1, 2)
3
(63, 67)
-> Request 13
1381
(4, 3, 2)
2
(50, 45)
--> Day : 4
-> Request 0
237
(4, 3, 2)
1
(9, 21)
-> Request 1
441
(4, 3, 1)
2
(53, 34)
-> Request 2
533
(2, 1, 1)
1
(64, 72)
-> Request 3
1154
(2, 3, 2)
1
(52, 68)
-> Request 4
1253
(3, 3, 1)
2
(48, 38)
-> Request 5
1338
(1, 2, 1)
1
(9, 20)
-> Request 6
1390
(3, 2, 2)
2
(61, 37)
---> Week : 144
--> Day : 0
-> Request 0
9
(2, 2, 1)
2
(51, 34)
-> Request 1
100
(3, 3, 1)
1
(59, 28)
-> Request 2
107
(1, 3, 1)
2
(58, 33)
-> Request 3
121
(4, 1, 2)
2
(58, 27)
-> Request 4
346
(2, 3, 1)
2
(62, 70)
-> Request 5
502
(3, 2, 1)
3
(59, 37)
-> Request 6
644
(4, 1, 1)
2
(43, 40)
-> Request 7
720
(3, 3, 2)
2
(52, 31)
-> Request 8
1234
(3, 1, 2)
1
(61, 39)
-> Request 9
1354
(2, 2, 1)
3
(61, 72)
--> Day : 1
-> Request 0
78
(4, 1, 2)
1
(60, 78)
-> Request 1
183
(1, 2, 2)
1
(49, 38)
-> Request 2
533
(2, 1, 1)
3
(64, 68)
-> Request 3
545
(2, 3, 1)
1
(57, 77)
-> Request 4
861
(3, 1, 1)
1
(43, 35)
-> Request 5
987
(3, 2, 2)
1
(56, 76)
-> Request 6
1227
(4, 1, 1)
1
(56, 69)
-> Request 7
1228
(4, 2, 1)
1
(44, 30)
--> Day : 2
-> Request 0
45
(1, 3, 1)
1
(57, 45)
-> Request 1
416
(1, 3, 2)
1
(14, 27)
-> Request 2
449
(3, 3, 2)
3
(15, 24)
-> Request 3
655
(1, 2, 1)
1
(57, 33)
-> Request 4
740
(2, 3, 2)
2
(61, 29)
-> Request 5
846
(4, 1, 2)
2
(49, 34)
-> Request 6
879
(3, 3, 1)
1
(65, 72)
-> Request 7
998
(2, 3, 2)
1
(63, 72)
-> Request 8
1035
(4, 2, 2)
1
(52, 35)
-> Request 9
1060
(3, 1, 1)
2
(57, 34)
-> Request 10
1158
(2, 2, 2)
2
(58, 64)
-> Request 11
1206
(2, 1, 1)
2
(54, 28)
-> Request 12
1311
(3, 2, 1)
2
(53, 34)
-> Request 13
1350
(2, 1, 2)
2
(54, 28)
-> Request 14
1423
(4, 1, 1)
2
(59, 31)
--> Day : 3
-> Request 0
8
(4, 1, 2)
1
(53, 27)
-> Request 1
28
(3, 2, 2)
2
(13, 29)
-> Request 2
56
(4, 2, 1)
3
(60, 76)
-> Request 3
631
(2, 3, 2)
2
(54, 69)
-> Request 4
716
(4, 3, 2)
2
(57, 39)
-> Request 5
885
(1, 2, 1)
2
(61, 33)
-> Request 6
980
(1, 2, 2)
1
(57, 29)
-> Request 7
990
(3, 3, 2)
2
(60, 42)
-> Request 8
1103
(1, 1, 1)
2
(55, 78)
-> Request 9
1160
(2, 3, 2)
3
(59, 77)
-> Request 10
1437
(3, 3, 1)
3
(15, 29)
--> Day : 4
-> Request 0
46
(4, 2, 1)
3
(44, 33)
-> Request 1
287
(4, 2, 1)
1
(64, 71)
-> Request 2
657
(1, 1, 1)
2
(56, 64)
-> Request 3
855
(3, 3, 2)
2
(53, 39)
-> Request 4
1111
(1, 1, 2)
3
(58, 73)
-> Request 5
1345
(3, 1, 2)
3
(62, 31)
---> Week : 145
--> Day : 0
-> Request 0
82
(2, 1, 2)
3
(60, 43)
-> Request 1
446
(3, 2, 2)
1
(56, 35)
-> Request 2
617
(3, 1, 2)
3
(62, 65)
-> Request 3
641
(4, 3, 2)
3
(58, 45)
-> Request 4
658
(3, 1, 1)
1
(59, 71)
-> Request 5
662
(3, 1, 1)
3
(9, 24)
-> Request 6
843
(2, 2, 2)
3
(54, 45)
-> Request 7
955
(4, 2, 2)
1
(55, 44)
-> Request 8
1149
(1, 3, 2)
2
(49, 32)
--> Day : 1
-> Request 0
557
(1, 2, 1)
3
(55, 37)
-> Request 1
630
(2, 2, 1)
2
(9, 27)
-> Request 2
693
(2, 3, 2)
3
(59, 31)
-> Request 3
1258
(1, 3, 2)
3
(51, 43)
--> Day : 2
-> Request 0
205
(3, 3, 1)
1
(44, 33)
-> Request 1
301
(1, 2, 2)
1
(58, 72)
-> Request 2
311
(2, 1, 1)
3
(52, 36)
-> Request 3
458
(1, 3, 1)
3
(57, 38)
-> Request 4
465
(1, 1, 1)
2
(56, 35)
-> Request 5
546
(2, 3, 1)
2
(51, 33)
-> Request 6
584
(2, 3, 1)
2
(60, 34)
-> Request 7
785
(1, 3, 2)
3
(60, 78)
-> Request 8
841
(2, 1, 2)
2
(45, 45)
-> Request 9
916
(4, 3, 2)
3
(43, 33)
-> Request 10
1132
(1, 3, 2)
3
(12, 25)
--> Day : 3
-> Request 0
72
(3, 3, 2)
2
(59, 42)
-> Request 1
247
(1, 3, 2)
3
(58, 76)
-> Request 2
300
(4, 2, 1)
3
(65, 73)
-> Request 3
696
(2, 3, 1)
1
(54, 36)
-> Request 4
768
(3, 3, 1)
1
(60, 41)
-> Request 5
1005
(1, 1, 1)
3
(51, 35)
-> Request 6
1158
(3, 1, 2)
2
(43, 33)
-> Request 7
1165
(4, 3, 1)
1
(54, 35)
--> Day : 4
-> Request 0
206
(2, 3, 1)
2
(14, 28)
-> Request 1
398
(4, 2, 2)
2
(64, 69)
-> Request 2
660
(4, 3, 2)
3
(59, 71)
-> Request 3
751
(2, 3, 1)
3
(60, 74)
-> Request 4
940
(2, 3, 2)
2
(44, 43)
-> Request 5
1016
(3, 3, 1)
1
(46, 28)
-> Request 6
1348
(1, 3, 1)
3
(58, 28)
---> Week : 146
--> Day : 0
-> Request 0
122
(3, 3, 2)
2
(60, 29)
-> Request 1
388
(4, 3, 2)
1
(53, 68)
-> Request 2
645
(4, 3, 1)
3
(55, 32)
-> Request 3
755
(1, 3, 2)
1
(57, 74)
-> Request 4
857
(1, 3, 2)
2
(57, 64)
-> Request 5
898
(1, 3, 2)
2
(45, 46)
-> Request 6
911
(2, 3, 2)
2
(46, 28)
-> Request 7
1081
(2, 1, 2)
1
(51, 40)
-> Request 8
1167
(2, 3, 2)
3
(60, 69)
-> Request 9
1282
(4, 3, 1)
1
(56, 27)
-> Request 10
1295
(2, 1, 1)
3
(10, 23)
-> Request 11
1353
(1, 2, 2)
3
(52, 69)
--> Day : 1
-> Request 0
13
(4, 1, 2)
3
(45, 28)
-> Request 1
206
(4, 2, 2)
1
(49, 42)
-> Request 2
294
(3, 3, 2)
3
(57, 31)
-> Request 3
304
(3, 2, 1)
2
(50, 34)
-> Request 4
335
(2, 2, 1)
2
(12, 29)
-> Request 5
423
(1, 2, 2)
2
(61, 36)
-> Request 6
516
(3, 2, 2)
1
(9, 20)
-> Request 7
620
(2, 3, 2)
2
(56, 76)
-> Request 8
705
(3, 2, 2)
2
(60, 45)
-> Request 9
793
(3, 3, 1)
2
(13, 26)
-> Request 10
862
(3, 1, 1)
1
(54, 72)
-> Request 11
911
(1, 2, 1)
1
(44, 33)
-> Request 12
914
(4, 2, 1)
3
(15, 22)
-> Request 13
943
(1, 1, 2)
2
(56, 70)
-> Request 14
974
(3, 1, 1)
1
(54, 44)
-> Request 15
1114
(1, 1, 1)
3
(57, 67)
-> Request 16
1135
(4, 3, 1)
3
(46, 42)
-> Request 17
1203
(4, 3, 1)
2
(47, 39)
-> Request 18
1250
(2, 3, 2)
1
(61, 71)
--> Day : 2
-> Request 0
118
(4, 3, 2)
2
(48, 46)
-> Request 1
787
(3, 1, 2)
1
(58, 36)
-> Request 2
1363
(4, 3, 1)
1
(54, 41)
-> Request 3
1376
(3, 2, 2)
2
(52, 70)
--> Day : 3
-> Request 0
10
(1, 1, 2)
2
(53, 66)
-> Request 1
10
(1, 2, 2)
2
(17, 27)
-> Request 2
144
(3, 3, 1)
1
(58, 68)
-> Request 3
419
(3, 3, 2)
3
(61, 30)
-> Request 4
485
(2, 2, 1)
3
(58, 31)
-> Request 5
815
(4, 2, 1)
3
(50, 43)
-> Request 6
1070
(1, 3, 1)
3
(49, 44)
-> Request 7
1329
(4, 3, 1)
1
(59, 29)
--> Day : 4
-> Request 0
358
(4, 3, 1)
2
(58, 41)
-> Request 1
539
(3, 2, 2)
1
(61, 75)
-> Request 2
793
(2, 1, 2)
2
(59, 69)
-> Request 3
824
(4, 1, 1)
2
(62, 67)
-> Request 4
1075
(4, 2, 2)
1
(13, 28)
-> Request 5
1143
(1, 2, 2)
2
(57, 64)
-> Request 6
1272
(2, 1, 1)
2
(52, 78)
-> Request 7
1288
(3, 1, 1)
1
(58, 37)
-> Request 8
1359
(4, 2, 1)
1
(60, 76)
---> Week : 147
--> Day : 0
-> Request 0
74
(4, 3, 1)
1
(58, 36)
-> Request 1
87
(4, 2, 2)
2
(63, 64)
-> Request 2
112
(2, 1, 1)
3
(46, 35)
-> Request 3
367
(4, 2, 1)
3
(53, 71)
-> Request 4
688
(2, 1, 2)
2
(61, 39)
-> Request 5
920
(3, 1, 1)
3
(64, 71)
-> Request 6
1007
(3, 1, 2)
2
(8, 21)
-> Request 7
1008
(4, 1, 2)
2
(47, 45)
-> Request 8
1153
(3, 2, 1)
1
(60, 30)
-> Request 9
1204
(4, 3, 1)
1
(56, 74)
-> Request 10
1309
(1, 1, 2)
3
(10, 27)
-> Request 11
1317
(4, 3, 1)
3
(11, 26)
--> Day : 1
-> Request 0
24
(1, 3, 2)
3
(47, 43)
-> Request 1
525
(2, 2, 1)
3
(11, 29)
-> Request 2
696
(1, 1, 1)
3
(15, 27)
-> Request 3
807
(4, 3, 1)
1
(43, 42)
-> Request 4
818
(2, 1, 2)
3
(53, 46)
-> Request 5
829
(4, 2, 2)
3
(54, 44)
-> Request 6
847
(1, 2, 1)
1
(58, 76)
--> Day : 2
-> Request 0
138
(1, 1, 1)
1
(66, 71)
-> Request 1
207
(2, 3, 1)
3
(59, 36)
-> Request 2
506
(2, 2, 1)
3
(58, 44)
-> Request 3
637
(1, 3, 1)
2
(10, 26)
-> Request 4
1085
(2, 2, 1)
1
(61, 70)
-> Request 5
1212
(3, 1, 2)
3
(50, 30)
-> Request 6
1282
(3, 1, 2)
1
(43, 45)
--> Day : 3
-> Request 0
43
(2, 2, 1)
3
(57, 68)
-> Request 1
178
(4, 2, 1)
1
(53, 64)
-> Request 2
252
(2, 3, 2)
3
(56, 41)
-> Request 3
383
(1, 3, 2)
2
(59, 66)
-> Request 4
833
(2, 3, 2)
2
(58, 78)
-> Request 5
983
(2, 2, 2)
2
(44, 46)
-> Request 6
1217
(1, 1, 2)
1
(61, 38)
--> Day : 4
-> Request 0
34
(1, 1, 1)
2
(44, 40)
-> Request 1
35
(3, 2, 1)
3
(16, 27)
-> Request 2
126
(3, 3, 2)
3
(58, 36)
-> Request 3
160
(4, 1, 1)
2
(51, 31)
-> Request 4
246
(1, 1, 1)
3
(9, 23)
-> Request 5
263
(3, 2, 2)
1
(48, 27)
-> Request 6
601
(4, 3, 1)
1
(64, 78)
-> Request 7
743
(4, 3, 1)
2
(65, 77)
-> Request 8
1133
(1, 1, 2)
3
(56, 28)
---> Week : 148
--> Day : 0
-> Request 0
38
(2, 3, 2)
1
(61, 71)
-> Request 1
177
(4, 3, 2)
2
(44, 35)
-> Request 2
367
(2, 3, 1)
2
(56, 74)
-> Request 3
429
(4, 3, 1)
3
(60, 44)
-> Request 4
539
(1, 1, 2)
3
(45, 30)
-> Request 5
858
(4, 2, 1)
3
(46, 34)
-> Request 6
1308
(4, 1, 2)
1
(59, 40)
--> Day : 1
-> Request 0
218
(2, 1, 2)
3
(59, 30)
-> Request 1
571
(3, 1, 2)
1
(54, 71)
-> Request 2
609
(3, 2, 2)
1
(54, 65)
-> Request 3
626
(4, 1, 2)
2
(55, 30)
-> Request 4
806
(4, 3, 2)
3
(48, 35)
-> Request 5
811
(4, 2, 2)
1
(17, 28)
-> Request 6
819
(2, 1, 1)
2
(57, 74)
-> Request 7
980
(4, 1, 2)
1
(58, 64)
-> Request 8
1012
(3, 3, 2)
3
(9, 27)
-> Request 9
1027
(3, 2, 1)
3
(12, 20)
-> Request 10
1241
(4, 2, 2)
3
(45, 46)
-> Request 11
1336
(2, 2, 2)
3
(52, 72)
--> Day : 2
-> Request 0
49
(3, 2, 1)
3
(56, 45)
-> Request 1
581
(4, 1, 2)
1
(9, 22)
-> Request 2
815
(2, 2, 2)
1
(9, 29)
-> Request 3
1141
(2, 1, 2)
1
(61, 38)
-> Request 4
1420
(1, 3, 2)
1
(48, 31)
--> Day : 3
-> Request 0
34
(1, 2, 1)
2
(62, 30)
-> Request 1
131
(1, 1, 1)
1
(50, 34)
-> Request 2
358
(1, 1, 2)
3
(54, 31)
-> Request 3
524
(2, 1, 2)
1
(17, 28)
-> Request 4
804
(2, 3, 1)
2
(59, 69)
-> Request 5
891
(2, 2, 2)
1
(57, 30)
-> Request 6
1069
(3, 3, 2)
2
(57, 71)
--> Day : 4
-> Request 0
49
(1, 2, 2)
3
(56, 67)
-> Request 1
109
(4, 3, 1)
2
(57, 30)
-> Request 2
165
(3, 2, 2)
2
(64, 67)
-> Request 3
192
(4, 3, 2)
2
(45, 32)
-> Request 4
336
(1, 1, 2)
1
(59, 43)
-> Request 5
382
(4, 2, 1)
1
(57, 65)
-> Request 6
804
(3, 1, 2)
1
(60, 38)
-> Request 7
970
(3, 2, 1)
1
(52, 64)
-> Request 8
1052
(2, 1, 2)
1
(14, 24)
-> Request 9
1066
(3, 3, 1)
2
(51, 37)
-> Request 10
1116
(1, 1, 2)
2
(57, 46)
-> Request 11
1165
(4, 1, 2)
1
(65, 64)
---> Week : 149
--> Day : 0
-> Request 0
76
(2, 1, 1)
3
(60, 70)
-> Request 1
322
(1, 1, 1)
2
(64, 64)
-> Request 2
375
(2, 3, 1)
2
(57, 71)
-> Request 3
414
(2, 1, 1)
1
(51, 43)
-> Request 4
523
(1, 2, 2)
1
(47, 39)
-> Request 5
600
(3, 1, 2)
3
(53, 36)
-> Request 6
650
(2, 3, 1)
3
(59, 42)
-> Request 7
720
(2, 1, 1)
1
(11, 21)
-> Request 8
771
(2, 3, 2)
2
(55, 33)
-> Request 9
843
(1, 1, 1)
1
(43, 43)
-> Request 10
1113
(1, 1, 1)
3
(64, 71)
-> Request 11
1300
(2, 3, 2)
2
(64, 74)
-> Request 12
1304
(2, 3, 1)
2
(59, 39)
-> Request 13
1369
(2, 1, 2)
2
(65, 70)
--> Day : 1
-> Request 0
126
(1, 1, 1)
3
(8, 28)
-> Request 1
150
(4, 2, 2)
3
(57, 31)
-> Request 2
352
(4, 3, 2)
1
(58, 40)
-> Request 3
363
(2, 3, 2)
2
(50, 42)
-> Request 4
613
(1, 1, 1)
2
(60, 31)
-> Request 5
740
(4, 3, 2)
3
(14, 20)
-> Request 6
943
(2, 3, 2)
2
(49, 27)
-> Request 7
964
(1, 3, 2)
1
(17, 25)
-> Request 8
1049
(2, 3, 1)
1
(64, 73)
-> Request 9
1103
(1, 1, 1)
2
(58, 31)
-> Request 10
1295
(3, 3, 1)
1
(50, 41)
-> Request 11
1334
(2, 1, 1)
2
(51, 36)
--> Day : 2
-> Request 0
376
(4, 1, 2)
1
(56, 64)
-> Request 1
589
(4, 1, 1)
2
(55, 36)
-> Request 2
834
(2, 2, 1)
3
(51, 33)
-> Request 3
855
(3, 1, 2)
2
(62, 38)
-> Request 4
919
(1, 1, 2)
1
(56, 69)
-> Request 5
1053
(4, 1, 2)
2
(58, 40)
-> Request 6
1208
(3, 1, 1)
3
(66, 71)
-> Request 7
1222
(4, 1, 2)
2
(61, 69)
--> Day : 3
-> Request 0
164
(4, 3, 2)
2
(54, 75)
-> Request 1
177
(2, 2, 1)
3
(49, 29)
-> Request 2
491
(2, 3, 2)
1
(51, 28)
-> Request 3
692
(2, 1, 2)
3
(60, 70)
-> Request 4
844
(2, 1, 2)
2
(44, 42)
-> Request 5
953
(1, 1, 1)
3
(55, 45)
-> Request 6
1190
(3, 2, 1)
2
(57, 66)
-> Request 7
1297
(2, 2, 2)
2
(60, 41)
--> Day : 4
-> Request 0
0
(4, 3, 1)
2
(47, 44)
-> Request 1
624
(3, 3, 2)
2
(55, 44)
-> Request 2
717
(4, 1, 2)
2
(55, 70)
