---> Week : 0
--> Day : 0
-> Request 0
44
(4, 1, 1)
3
(46, 34)
-> Request 1
53
(4, 2, 2)
3
(9, 25)
-> Request 2
65
(2, 1, 1)
3
(53, 75)
-> Request 3
109
(4, 1, 2)
2
(62, 64)
-> Request 4
247
(4, 3, 2)
1
(65, 71)
-> Request 5
323
(3, 2, 1)
2
(57, 64)
-> Request 6
451
(4, 3, 1)
2
(53, 68)
-> Request 7
658
(1, 3, 1)
2
(49, 35)
-> Request 8
750
(4, 1, 1)
1
(43, 33)
-> Request 9
753
(3, 1, 2)
2
(61, 70)
-> Request 10
898
(1, 3, 1)
1
(60, 29)
-> Request 11
1166
(3, 2, 2)
1
(62, 69)
-> Request 12
1191
(2, 1, 2)
2
(59, 77)
-> Request 13
1229
(1, 3, 1)
2
(54, 29)
--> Day : 1
-> Request 0
10
(1, 3, 1)
2
(55, 66)
-> Request 1
180
(2, 3, 1)
1
(43, 41)
-> Request 2
227
(4, 1, 1)
2
(57, 46)
-> Request 3
236
(1, 3, 1)
3
(51, 30)
-> Request 4
534
(2, 2, 2)
3
(57, 65)
-> Request 5
904
(3, 1, 1)
2
(59, 37)
-> Request 6
913
(2, 3, 1)
1
(9, 20)
-> Request 7
1101
(2, 1, 1)
1
(52, 70)
-> Request 8
1134
(2, 1, 2)
2
(63, 68)
-> Request 9
1286
(4, 3, 2)
1
(17, 27)
--> Day : 2
-> Request 0
372
(1, 3, 2)
3
(60, 78)
-> Request 1
463
(3, 2, 2)
1
(65, 72)
-> Request 2
502
(3, 3, 2)
1
(44, 30)
-> Request 3
638
(3, 2, 1)
2
(54, 44)
-> Request 4
951
(3, 3, 1)
2
(55, 33)
-> Request 5
1293
(1, 2, 2)
3
(54, 73)
-> Request 6
1319
(4, 2, 2)
1
(54, 46)
--> Day : 3
-> Request 0
116
(2, 3, 2)
2
(54, 29)
-> Request 1
167
(1, 3, 1)
1
(12, 26)
-> Request 2
216
(3, 2, 2)
3
(47, 27)
-> Request 3
630
(4, 2, 2)
1
(61, 41)
-> Request 4
816
(2, 3, 1)
1
(61, 30)
-> Request 5
858
(2, 2, 1)
3
(52, 31)
-> Request 6
937
(4, 3, 1)
1
(9, 28)
-> Request 7
958
(2, 3, 2)
2
(17, 22)
-> Request 8
1128
(3, 3, 2)
2
(60, 68)
-> Request 9
1220
(1, 3, 1)
1
(47, 32)
--> Day : 4
-> Request 0
26
(4, 2, 2)
3
(13, 27)
-> Request 1
106
(2, 2, 2)
1
(52, 27)
-> Request 2
436
(3, 3, 2)
1
(61, 75)
-> Request 3
852
(1, 3, 2)
2
(62, 39)
-> Request 4
1011
(2, 1, 1)
3
(63, 74)
-> Request 5
1027
(4, 2, 1)
1
(55, 66)
-> Request 6
1108
(4, 2, 2)
2
(64, 73)
-> Request 7
1112
(4, 3, 2)
1
(62, 38)
-> Request 8
1283
(4, 1, 1)
3
(57, 43)
-> Request 9
1316
(1, 2, 2)
3
(58, 71)
-> Request 10
1418
(4, 3, 1)
2
(53, 77)
---> Week : 1
--> Day : 0
-> Request 0
5
(2, 1, 1)
3
(45, 34)
-> Request 1
90
(1, 3, 1)
3
(48, 34)
-> Request 2
110
(1, 3, 1)
2
(62, 37)
-> Request 3
805
(2, 3, 2)
1
(48, 44)
-> Request 4
843
(4, 3, 1)
3
(56, 65)
-> Request 5
959
(3, 1, 1)
3
(52, 33)
-> Request 6
1285
(3, 1, 2)
2
(45, 44)
-> Request 7
1438
(3, 1, 1)
1
(51, 42)
--> Day : 1
-> Request 0
97
(1, 3, 2)
2
(48, 37)
-> Request 1
360
(4, 3, 2)
3
(46, 32)
-> Request 2
531
(3, 3, 2)
2
(56, 72)
-> Request 3
601
(1, 2, 2)
2
(49, 36)
-> Request 4
662
(2, 1, 1)
1
(56, 77)
-> Request 5
778
(4, 3, 1)
1
(52, 44)
-> Request 6
789
(2, 3, 2)
1
(54, 76)
-> Request 7
805
(1, 3, 2)
2
(54, 42)
-> Request 8
1061
(1, 2, 2)
2
(53, 75)
-> Request 9
1145
(3, 2, 1)
1
(62, 76)
-> Request 10
1273
(4, 2, 2)
1
(59, 37)
--> Day : 2
-> Request 0
94
(3, 2, 2)
1
(55, 41)
-> Request 1
122
(2, 1, 2)
1
(14, 21)
-> Request 2
148
(3, 3, 2)
1
(54, 33)
-> Request 3
151
(3, 2, 2)
3
(59, 33)
-> Request 4
224
(4, 2, 1)
1
(58, 41)
-> Request 5
366
(2, 3, 2)
1
(12, 21)
-> Request 6
391
(1, 2, 1)
1
(60, 68)
-> Request 7
604
(2, 3, 1)
3
(13, 27)
-> Request 8
617
(4, 2, 2)
3
(66, 71)
-> Request 9
922
(4, 2, 2)
1
(45, 46)
-> Request 10
1035
(2, 1, 1)
2
(47, 42)
-> Request 11
1074
(3, 3, 2)
2
(64, 65)
-> Request 12
1150
(1, 1, 1)
2
(56, 39)
-> Request 13
1256
(4, 3, 1)
1
(61, 38)
-> Request 14
1306
(2, 1, 1)
3
(45, 35)
-> Request 15
1335
(1, 2, 2)
2
(55, 44)
-> Request 16
1429
(1, 2, 2)
1
(43, 40)
--> Day : 3
-> Request 0
291
(1, 2, 1)
1
(53, 30)
-> Request 1
306
(3, 3, 1)
2
(15, 29)
-> Request 2
335
(4, 1, 1)
2
(52, 76)
-> Request 3
374
(3, 3, 1)
2
(53, 31)
-> Request 4
406
(1, 1, 1)
3
(13, 29)
-> Request 5
614
(1, 2, 2)
3
(55, 37)
-> Request 6
631
(4, 2, 2)
3
(51, 43)
-> Request 7
799
(3, 3, 1)
1
(53, 27)
-> Request 8
983
(2, 2, 1)
2
(52, 73)
-> Request 9
1122
(1, 2, 1)
3
(58, 72)
-> Request 10
1188
(4, 2, 1)
3
(54, 35)
-> Request 11
1192
(1, 3, 2)
1
(58, 34)
-> Request 12
1296
(4, 2, 2)
1
(56, 65)
--> Day : 4
-> Request 0
738
(2, 2, 2)
3
(61, 69)
-> Request 1
780
(3, 1, 1)
1
(62, 38)
-> Request 2
1082
(1, 1, 1)
1
(56, 69)
-> Request 3
1154
(3, 3, 2)
1
(52, 37)
-> Request 4
1231
(3, 1, 1)
2
(63, 78)
-> Request 5
1417
(4, 2, 2)
2
(49, 31)
---> Week : 2
--> Day : 0
-> Request 0
220
(2, 2, 2)
2
(49, 43)
-> Request 1
303
(1, 2, 1)
3
(46, 31)
-> Request 2
309
(3, 2, 2)
1
(44, 44)
-> Request 3
452
(3, 2, 2)
1
(58, 46)
-> Request 4
651
(2, 1, 2)
3
(58, 73)
-> Request 5
768
(3, 1, 1)
3
(56, 44)
-> Request 6
777
(3, 2, 1)
3
(59, 32)
-> Request 7
1329
(3, 2, 1)
1
(47, 28)
-> Request 8
1341
(2, 1, 1)
2
(11, 20)
-> Request 9
1388
(3, 2, 1)
1
(16, 23)
--> Day : 1
-> Request 0
45
(2, 2, 1)
3
(60, 42)
-> Request 1
63
(3, 2, 2)
3
(11, 25)
-> Request 2
139
(1, 2, 2)
2
(52, 29)
-> Request 3
156
(1, 2, 1)
1
(43, 30)
-> Request 4
168
(1, 3, 2)
2
(44, 28)
-> Request 5
197
(1, 2, 2)
1
(60, 34)
-> Request 6
371
(2, 2, 1)
1
(57, 67)
-> Request 7
385
(3, 3, 2)
2
(54, 32)
-> Request 8
619
(1, 1, 2)
3
(61, 65)
-> Request 9
678
(1, 2, 1)
3
(61, 27)
-> Request 10
808
(4, 1, 1)
3
(47, 36)
-> Request 11
1149
(1, 1, 1)
1
(59, 71)
-> Request 12
1257
(1, 3, 2)
1
(59, 36)
-> Request 13
1284
(4, 3, 1)
3
(61, 31)
-> Request 14
1370
(1, 1, 1)
2
(50, 42)
--> Day : 2
-> Request 0
367
(3, 3, 2)
1
(45, 41)
-> Request 1
420
(3, 1, 2)
2
(58, 68)
-> Request 2
427
(3, 1, 1)
1
(57, 68)
-> Request 3
624
(3, 2, 1)
1
(12, 29)
-> Request 4
803
(1, 1, 1)
3
(44, 42)
-> Request 5
1147
(1, 2, 2)
1
(53, 36)
--> Day : 3
-> Request 0
87
(1, 2, 1)
3
(52, 35)
-> Request 1
212
(1, 1, 2)
1
(52, 29)
-> Request 2
487
(1, 3, 1)
2
(62, 41)
-> Request 3
838
(1, 2, 1)
2
(46, 34)
-> Request 4
1266
(2, 1, 2)
3
(52, 37)
-> Request 5
1284
(1, 2, 2)
3
(55, 72)
-> Request 6
1332
(1, 3, 1)
1
(53, 44)
--> Day : 4
-> Request 0
55
(3, 1, 2)
2
(61, 68)
-> Request 1
207
(3, 1, 1)
1
(66, 70)
-> Request 2
422
(2, 1, 1)
3
(56, 38)
-> Request 3
531
(3, 3, 1)
3
(50, 36)
-> Request 4
1157
(3, 1, 1)
2
(55, 69)
-> Request 5
1245
(3, 1, 2)
2
(55, 68)
-> Request 6
1266
(2, 1, 2)
1
(60, 40)
-> Request 7
1408
(3, 3, 2)
3
(58, 69)
---> Week : 3
--> Day : 0
-> Request 0
1
(3, 1, 2)
3
(60, 73)
-> Request 1
170
(4, 2, 1)
2
(54, 74)
-> Request 2
223
(4, 3, 2)
3
(59, 67)
-> Request 3
312
(3, 1, 2)
3
(53, 28)
-> Request 4
526
(2, 2, 2)
3
(47, 37)
-> Request 5
894
(2, 2, 1)
1
(53, 44)
-> Request 6
924
(1, 3, 1)
3
(15, 29)
-> Request 7
952
(4, 2, 1)
3
(54, 75)
-> Request 8
1071
(2, 1, 1)
1
(66, 75)
-> Request 9
1088
(1, 3, 2)
1
(52, 35)
-> Request 10
1190
(4, 1, 1)
1
(46, 36)
-> Request 11
1268
(2, 1, 1)
2
(49, 28)
-> Request 12
1438
(1, 2, 2)
2
(54, 33)
--> Day : 1
-> Request 0
243
(1, 1, 1)
1
(48, 43)
-> Request 1
266
(2, 1, 2)
3
(45, 38)
-> Request 2
323
(3, 1, 2)
2
(52, 36)
-> Request 3
337
(1, 3, 2)
1
(44, 44)
-> Request 4
465
(3, 2, 2)
1
(60, 77)
-> Request 5
560
(2, 3, 1)
1
(51, 42)
-> Request 6
726
(1, 1, 1)
3
(46, 37)
-> Request 7
908
(3, 3, 1)
3
(48, 28)
-> Request 8
1098
(4, 1, 2)
1
(47, 45)
-> Request 9
1177
(2, 1, 2)
2
(56, 32)
-> Request 10
1183
(2, 3, 2)
3
(63, 76)
--> Day : 2
-> Request 0
105
(1, 2, 2)
3
(64, 78)
-> Request 1
423
(2, 2, 1)
1
(61, 36)
-> Request 2
739
(1, 3, 1)
1
(48, 33)
-> Request 3
1132
(2, 2, 2)
3
(61, 64)
-> Request 4
1368
(4, 3, 1)
2
(17, 21)
-> Request 5
1384
(3, 1, 2)
3
(62, 41)
--> Day : 3
-> Request 0
243
(2, 3, 1)
1
(54, 34)
-> Request 1
291
(1, 2, 1)
1
(52, 75)
-> Request 2
313
(1, 2, 1)
3
(61, 28)
-> Request 3
746
(3, 2, 2)
1
(53, 77)
-> Request 4
800
(4, 1, 1)
1
(45, 39)
-> Request 5
864
(3, 3, 1)
1
(56, 67)
-> Request 6
981
(1, 1, 1)
1
(56, 31)
-> Request 7
1111
(4, 1, 2)
3
(45, 33)
--> Day : 4
-> Request 0
5
(4, 1, 1)
1
(59, 29)
-> Request 1
25
(1, 2, 2)
1
(54, 69)
-> Request 2
273
(4, 1, 1)
3
(46, 28)
-> Request 3
434
(2, 1, 1)
2
(49, 32)
-> Request 4
608
(1, 2, 2)
1
(52, 35)
-> Request 5
635
(3, 2, 2)
1
(53, 43)
-> Request 6
925
(1, 3, 1)
3
(15, 28)
-> Request 7
997
(3, 1, 2)
3
(58, 76)
-> Request 8
1433
(3, 2, 2)
1
(58, 76)
---> Week : 4
--> Day : 0
-> Request 0
164
(2, 2, 1)
1
(12, 22)
-> Request 1
284
(1, 3, 1)
2
(54, 69)
-> Request 2
339
(3, 2, 2)
3
(62, 35)
-> Request 3
357
(1, 1, 1)
3
(57, 76)
-> Request 4
395
(1, 2, 1)
2
(62, 69)
-> Request 5
495
(4, 2, 2)
3
(59, 39)
-> Request 6
963
(4, 2, 2)
2
(49, 30)
-> Request 7
1047
(4, 1, 2)
2
(57, 28)
-> Request 8
1266
(4, 1, 2)
3
(65, 70)
--> Day : 1
-> Request 0
151
(4, 3, 1)
2
(62, 72)
-> Request 1
547
(4, 2, 1)
3
(8, 25)
-> Request 2
1004
(3, 3, 1)
3
(44, 44)
-> Request 3
1062
(2, 3, 1)
1
(55, 65)
-> Request 4
1067
(1, 2, 1)
1
(55, 35)
-> Request 5
1153
(1, 1, 1)
3
(48, 42)
-> Request 6
1162
(4, 2, 2)
1
(51, 29)
-> Request 7
1192
(2, 3, 2)
3
(8, 29)
-> Request 8
1297
(1, 2, 1)
1
(59, 34)
--> Day : 2
-> Request 0
164
(3, 1, 2)
2
(10, 20)
-> Request 1
469
(4, 1, 2)
1
(62, 78)
-> Request 2
784
(2, 3, 1)
1
(51, 40)
-> Request 3
875
(1, 1, 2)
1
(45, 41)
-> Request 4
1117
(2, 2, 2)
2
(55, 31)
-> Request 5
1220
(1, 2, 1)
1
(60, 72)
-> Request 6
1267
(2, 1, 2)
1
(53, 70)
-> Request 7
1300
(2, 1, 2)
2
(43, 46)
-> Request 8
1382
(3, 3, 1)
2
(17, 21)
--> Day : 3
-> Request 0
17
(4, 1, 2)
3
(54, 70)
-> Request 1
65
(4, 3, 2)
2
(61, 77)
-> Request 2
177
(2, 1, 2)
3
(60, 46)
-> Request 3
247
(1, 3, 1)
2
(52, 73)
-> Request 4
435
(2, 3, 1)
1
(54, 28)
-> Request 5
710
(4, 2, 1)
3
(15, 28)
-> Request 6
723
(3, 2, 1)
1
(54, 37)
-> Request 7
793
(1, 2, 2)
3
(64, 72)
-> Request 8
822
(1, 2, 2)
3
(55, 37)
-> Request 9
824
(4, 1, 2)
1
(62, 73)
-> Request 10
1052
(2, 2, 1)
3
(43, 37)
-> Request 11
1107
(3, 3, 1)
2
(49, 43)
-> Request 12
1228
(2, 3, 1)
3
(14, 26)
-> Request 13
1309
(2, 3, 1)
1
(54, 74)
--> Day : 4
-> Request 0
159
(4, 3, 1)
3
(61, 35)
-> Request 1
629
(4, 2, 1)
1
(61, 45)
-> Request 2
664
(2, 1, 2)
1
(53, 73)
-> Request 3
760
(1, 3, 1)
3
(63, 73)
-> Request 4
764
(1, 1, 2)
1
(60, 46)
-> Request 5
818
(3, 2, 1)
2
(44, 29)
-> Request 6
1016
(2, 1, 1)
2
(43, 27)
-> Request 7
1017
(2, 1, 1)
3
(61, 75)
-> Request 8
1191
(3, 1, 2)
2
(52, 35)
---> Week : 5
--> Day : 0
-> Request 0
79
(3, 3, 2)
3
(9, 27)
-> Request 1
368
(2, 2, 1)
3
(48, 33)
-> Request 2
464
(2, 2, 1)
1
(57, 70)
-> Request 3
897
(2, 2, 1)
3
(59, 28)
-> Request 4
909
(2, 3, 1)
1
(57, 38)
-> Request 5
979
(3, 2, 2)
3
(62, 38)
-> Request 6
1006
(2, 3, 2)
1
(58, 74)
-> Request 7
1209
(4, 1, 2)
2
(48, 37)
-> Request 8
1382
(4, 3, 1)
2
(58, 66)
--> Day : 1
-> Request 0
92
(2, 2, 2)
2
(53, 40)
-> Request 1
255
(3, 1, 1)
1
(52, 66)
-> Request 2
319
(2, 3, 1)
2
(46, 34)
-> Request 3
573
(2, 3, 1)
3
(51, 29)
-> Request 4
901
(3, 1, 2)
2
(62, 37)
-> Request 5
969
(3, 2, 2)
2
(59, 68)
-> Request 6
1298
(2, 2, 2)
2
(10, 23)
-> Request 7
1413
(2, 1, 2)
1
(54, 30)
--> Day : 2
-> Request 0
115
(4, 2, 2)
1
(57, 29)
-> Request 1
329
(1, 3, 1)
1
(60, 70)
-> Request 2
536
(3, 1, 1)
2
(51, 31)
-> Request 3
854
(2, 2, 1)
3
(60, 65)
-> Request 4
923
(1, 2, 1)
2
(12, 28)
-> Request 5
985
(1, 2, 2)
1
(62, 65)
-> Request 6
1108
(3, 1, 1)
2
(54, 70)
-> Request 7
1120
(4, 2, 1)
1
(54, 64)
-> Request 8
1350
(1, 2, 1)
2
(62, 78)
-> Request 9
1390
(4, 2, 1)
2
(61, 31)
--> Day : 3
-> Request 0
8
(4, 2, 1)
3
(46, 35)
-> Request 1
343
(4, 3, 2)
2
(57, 35)
-> Request 2
414
(2, 3, 2)
3
(51, 45)
-> Request 3
679
(2, 1, 1)
1
(45, 41)
-> Request 4
907
(4, 3, 1)
2
(11, 24)
-> Request 5
913
(2, 3, 1)
1
(62, 46)
-> Request 6
1028
(3, 1, 2)
2
(48, 33)
-> Request 7
1271
(3, 1, 1)
3
(58, 44)
-> Request 8
1310
(1, 2, 1)
1
(64, 75)
-> Request 9
1313
(1, 2, 2)
3
(55, 31)
-> Request 10
1343
(4, 2, 2)
3
(49, 30)
-> Request 11
1343
(4, 3, 1)
2
(56, 73)
-> Request 12
1392
(1, 2, 1)
2
(44, 38)
-> Request 13
1402
(3, 2, 1)
1
(62, 27)
--> Day : 4
-> Request 0
92
(3, 3, 1)
3
(14, 27)
-> Request 1
446
(2, 3, 1)
3
(55, 44)
-> Request 2
579
(4, 1, 1)
2
(9, 29)
-> Request 3
823
(3, 2, 2)
2
(62, 39)
-> Request 4
958
(2, 3, 2)
1
(61, 41)
-> Request 5
1100
(4, 2, 2)
2
(43, 30)
-> Request 6
1274
(2, 2, 2)
3
(54, 67)
---> Week : 6
--> Day : 0
-> Request 0
117
(2, 2, 1)
3
(66, 77)
-> Request 1
256
(1, 1, 2)
1
(59, 29)
-> Request 2
498
(2, 2, 2)
2
(63, 68)
-> Request 3
777
(4, 3, 2)
2
(55, 28)
-> Request 4
854
(2, 1, 2)
2
(53, 72)
-> Request 5
873
(3, 1, 1)
3
(62, 75)
-> Request 6
983
(1, 3, 2)
2
(57, 44)
-> Request 7
1058
(4, 3, 1)
2
(52, 28)
-> Request 8
1224
(2, 3, 2)
3
(55, 77)
-> Request 9
1242
(2, 2, 2)
1
(61, 76)
-> Request 10
1310
(4, 1, 1)
1
(56, 64)
-> Request 11
1311
(3, 2, 2)
1
(50, 45)
-> Request 12
1356
(2, 1, 1)
1
(59, 78)
--> Day : 1
-> Request 0
133
(4, 1, 1)
3
(66, 66)
-> Request 1
385
(4, 2, 1)
1
(54, 35)
-> Request 2
959
(3, 2, 1)
2
(10, 22)
-> Request 3
977
(1, 2, 1)
2
(14, 27)
-> Request 4
1093
(2, 2, 2)
1
(53, 78)
-> Request 5
1197
(2, 1, 1)
1
(16, 22)
-> Request 6
1223
(2, 3, 1)
1
(57, 42)
-> Request 7
1405
(1, 3, 2)
2
(9, 25)
--> Day : 2
-> Request 0
474
(1, 1, 1)
1
(57, 66)
-> Request 1
628
(2, 1, 2)
2
(62, 64)
-> Request 2
751
(4, 3, 1)
2
(53, 78)
-> Request 3
787
(3, 2, 2)
1
(56, 28)
--> Day : 3
-> Request 0
179
(4, 1, 2)
1
(55, 65)
-> Request 1
182
(2, 3, 2)
3
(11, 21)
-> Request 2
418
(4, 3, 1)
2
(60, 74)
-> Request 3
481
(3, 1, 2)
3
(8, 20)
-> Request 4
574
(1, 2, 1)
3
(61, 72)
-> Request 5
688
(2, 3, 2)
2
(44, 28)
-> Request 6
984
(2, 2, 1)
1
(54, 29)
-> Request 7
1005
(1, 1, 2)
3
(46, 30)
-> Request 8
1011
(2, 1, 2)
2
(54, 69)
-> Request 9
1115
(3, 1, 2)
3
(60, 66)
-> Request 10
1137
(3, 1, 1)
2
(58, 46)
-> Request 11
1262
(2, 2, 2)
1
(57, 43)
-> Request 12
1355
(3, 3, 1)
3
(9, 21)
--> Day : 4
-> Request 0
94
(3, 3, 2)
3
(59, 42)
-> Request 1
174
(4, 2, 1)
2
(10, 23)
-> Request 2
326
(2, 3, 2)
2
(8, 27)
-> Request 3
463
(1, 3, 1)
1
(17, 28)
-> Request 4
612
(1, 1, 2)
3
(54, 46)
-> Request 5
1049
(4, 3, 2)
2
(54, 70)
-> Request 6
1087
(1, 3, 1)
3
(65, 69)
-> Request 7
1186
(4, 1, 1)
3
(60, 42)
-> Request 8
1351
(2, 3, 1)
2
(54, 44)
---> Week : 7
--> Day : 0
-> Request 0
176
(1, 1, 1)
1
(47, 32)
-> Request 1
324
(3, 2, 2)
1
(61, 37)
-> Request 2
525
(3, 1, 1)
3
(11, 26)
-> Request 3
804
(2, 3, 1)
2
(57, 67)
-> Request 4
882
(1, 3, 2)
2
(57, 44)
-> Request 5
911
(1, 1, 1)
1
(63, 68)
-> Request 6
974
(1, 1, 1)
3
(57, 66)
-> Request 7
1133
(2, 1, 2)
3
(16, 20)
-> Request 8
1414
(3, 3, 2)
3
(9, 22)
--> Day : 1
-> Request 0
50
(1, 3, 1)
2
(61, 36)
-> Request 1
416
(4, 3, 2)
2
(45, 36)
-> Request 2
693
(4, 1, 1)
2
(15, 24)
-> Request 3
707
(1, 1, 1)
1
(66, 72)
-> Request 4
743
(1, 2, 1)
1
(59, 30)
-> Request 5
837
(1, 1, 2)
2
(17, 23)
-> Request 6
977
(3, 1, 2)
2
(47, 43)
-> Request 7
1034
(3, 3, 2)
2
(60, 66)
-> Request 8
1057
(2, 1, 2)
3
(61, 76)
-> Request 9
1074
(2, 1, 1)
1
(12, 21)
-> Request 10
1235
(2, 1, 2)
1
(62, 32)
-> Request 11
1311
(4, 3, 2)
2
(58, 39)
--> Day : 2
-> Request 0
6
(1, 3, 1)
3
(51, 45)
-> Request 1
242
(2, 2, 2)
3
(61, 39)
-> Request 2
417
(3, 2, 2)
3
(53, 32)
-> Request 3
516
(1, 1, 2)
3
(52, 73)
-> Request 4
518
(2, 2, 1)
2
(58, 78)
-> Request 5
1015
(2, 2, 2)
3
(60, 42)
-> Request 6
1080
(1, 1, 2)
2
(58, 45)
-> Request 7
1272
(2, 3, 1)
1
(63, 72)
-> Request 8
1308
(4, 1, 2)
3
(55, 73)
-> Request 9
1312
(2, 1, 1)
1
(44, 28)
--> Day : 3
-> Request 0
16
(3, 2, 1)
1
(62, 76)
-> Request 1
397
(2, 1, 2)
1
(51, 32)
-> Request 2
612
(3, 2, 2)
2
(58, 27)
-> Request 3
655
(2, 3, 2)
2
(62, 72)
-> Request 4
700
(1, 2, 1)
3
(13, 28)
-> Request 5
758
(3, 1, 1)
1
(61, 73)
-> Request 6
882
(2, 2, 2)
3
(46, 33)
-> Request 7
1030
(1, 2, 1)
2
(56, 30)
-> Request 8
1089
(4, 3, 1)
2
(50, 41)
-> Request 9
1392
(3, 3, 1)
3
(54, 73)
--> Day : 4
-> Request 0
28
(3, 3, 2)
3
(44, 38)
-> Request 1
85
(3, 2, 1)
1
(55, 71)
-> Request 2
535
(1, 1, 2)
2
(63, 77)
-> Request 3
753
(1, 1, 1)
2
(56, 32)
-> Request 4
801
(2, 3, 2)
3
(59, 28)
-> Request 5
881
(2, 3, 2)
1
(54, 29)
-> Request 6
1012
(4, 3, 1)
3
(60, 74)
-> Request 7
1079
(2, 1, 1)
1
(48, 41)
-> Request 8
1135
(4, 1, 1)
2
(57, 67)
-> Request 9
1265
(4, 2, 1)
1
(8, 27)
-> Request 10
1333
(1, 2, 2)
3
(53, 42)
-> Request 11
1337
(3, 2, 2)
1
(56, 66)
---> Week : 8
--> Day : 0
-> Request 0
48
(4, 1, 2)
2
(44, 29)
-> Request 1
83
(3, 3, 2)
2
(59, 43)
-> Request 2
265
(1, 2, 1)
1
(62, 72)
-> Request 3
416
(1, 2, 1)
3
(62, 44)
-> Request 4
546
(3, 3, 2)
2
(51, 29)
-> Request 5
573
(3, 3, 1)
2
(66, 74)
-> Request 6
1052
(2, 1, 1)
3
(66, 72)
--> Day : 1
-> Request 0
503
(3, 3, 2)
1
(57, 34)
-> Request 1
665
(2, 3, 2)
1
(64, 66)
-> Request 2
667
(2, 1, 1)
3
(62, 44)
-> Request 3
1017
(1, 3, 2)
3
(45, 27)
-> Request 4
1108
(4, 3, 2)
2
(61, 39)
-> Request 5
1111
(3, 3, 1)
1
(53, 67)
-> Request 6
1314
(3, 2, 1)
1
(61, 34)
-> Request 7
1436
(3, 3, 1)
3
(54, 70)
--> Day : 2
-> Request 0
6
(1, 2, 2)
2
(58, 70)
-> Request 1
538
(4, 3, 2)
2
(49, 45)
-> Request 2
675
(2, 3, 2)
1
(59, 39)
-> Request 3
836
(1, 2, 2)
2
(58, 67)
-> Request 4
1334
(4, 3, 1)
3
(51, 39)
-> Request 5
1394
(2, 1, 1)
2
(11, 22)
--> Day : 3
-> Request 0
62
(1, 2, 1)
3
(59, 77)
-> Request 1
87
(3, 3, 1)
1
(45, 37)
-> Request 2
181
(3, 3, 1)
3
(61, 64)
-> Request 3
320
(2, 1, 1)
1
(55, 31)
-> Request 4
413
(1, 2, 1)
1
(53, 36)
-> Request 5
538
(3, 1, 1)
3
(17, 29)
-> Request 6
562
(4, 2, 2)
2
(51, 39)
-> Request 7
661
(4, 1, 1)
1
(63, 76)
-> Request 8
835
(3, 2, 2)
2
(58, 77)
-> Request 9
1017
(3, 2, 1)
3
(45, 39)
-> Request 10
1257
(2, 1, 1)
3
(56, 36)
-> Request 11
1429
(4, 3, 1)
3
(53, 73)
-> Request 12
1434
(2, 1, 2)
1
(57, 46)
--> Day : 4
-> Request 0
218
(3, 3, 2)
1
(54, 69)
-> Request 1
230
(2, 3, 1)
3
(66, 70)
-> Request 2
260
(2, 3, 1)
1
(46, 29)
-> Request 3
691
(1, 1, 2)
1
(55, 30)
-> Request 4
782
(3, 2, 1)
3
(59, 36)
-> Request 5
813
(1, 3, 1)
1
(61, 71)
-> Request 6
855
(1, 3, 2)
3
(58, 46)
-> Request 7
865
(3, 1, 2)
2
(51, 32)
-> Request 8
884
(2, 2, 2)
1
(62, 78)
-> Request 9
988
(4, 1, 1)
2
(43, 43)
-> Request 10
1025
(3, 1, 1)
3
(51, 31)
-> Request 11
1316
(2, 1, 2)
1
(45, 41)
---> Week : 9
--> Day : 0
-> Request 0
44
(1, 3, 2)
1
(46, 38)
-> Request 1
283
(4, 3, 2)
2
(56, 35)
-> Request 2
505
(4, 3, 1)
3
(60, 67)
-> Request 3
700
(2, 3, 1)
3
(8, 20)
-> Request 4
809
(1, 2, 1)
2
(52, 44)
-> Request 5
909
(4, 3, 2)
1
(45, 43)
-> Request 6
1005
(3, 3, 2)
2
(54, 64)
-> Request 7
1018
(2, 3, 1)
2
(60, 34)
-> Request 8
1434
(2, 2, 1)
1
(45, 43)
--> Day : 1
-> Request 0
237
(1, 3, 1)
1
(13, 29)
-> Request 1
294
(3, 3, 1)
2
(55, 69)
-> Request 2
372
(4, 2, 1)
2
(63, 70)
-> Request 3
919
(3, 3, 2)
2
(45, 38)
-> Request 4
947
(3, 2, 2)
1
(60, 46)
-> Request 5
1014
(3, 3, 1)
1
(57, 76)
-> Request 6
1091
(1, 1, 2)
3
(53, 35)
--> Day : 2
-> Request 0
14
(3, 1, 2)
1
(43, 39)
-> Request 1
272
(2, 1, 2)
3
(58, 64)
-> Request 2
275
(3, 3, 1)
1
(53, 32)
-> Request 3
366
(1, 3, 2)
1
(57, 73)
-> Request 4
481
(1, 3, 1)
2
(45, 30)
-> Request 5
556
(2, 1, 1)
1
(16, 20)
-> Request 6
688
(3, 2, 1)
1
(44, 42)
-> Request 7
1009
(1, 3, 1)
3
(16, 29)
-> Request 8
1022
(1, 1, 1)
2
(52, 65)
-> Request 9
1083
(2, 3, 1)
2
(57, 40)
-> Request 10
1099
(1, 2, 1)
2
(56, 73)
-> Request 11
1212
(1, 1, 2)
3
(50, 39)
-> Request 12
1258
(4, 3, 2)
1
(60, 66)
-> Request 13
1306
(3, 2, 2)
1
(48, 29)
-> Request 14
1312
(2, 1, 2)
3
(45, 45)
-> Request 15
1340
(3, 1, 2)
1
(46, 43)
--> Day : 3
-> Request 0
111
(4, 3, 1)
3
(62, 39)
-> Request 1
193
(2, 1, 2)
2
(58, 67)
-> Request 2
604
(2, 3, 1)
2
(58, 35)
-> Request 3
701
(1, 3, 2)
2
(57, 73)
-> Request 4
856
(4, 3, 1)
3
(57, 46)
-> Request 5
910
(2, 1, 1)
3
(63, 75)
-> Request 6
1091
(3, 1, 2)
2
(49, 35)
-> Request 7
1275
(2, 1, 2)
2
(60, 44)
-> Request 8
1294
(3, 3, 1)
2
(58, 33)
-> Request 9
1394
(1, 2, 1)
2
(45, 40)
-> Request 10
1412
(4, 3, 1)
3
(54, 27)
--> Day : 4
-> Request 0
162
(4, 1, 1)
3
(16, 23)
-> Request 1
378
(2, 3, 2)
1
(49, 29)
-> Request 2
560
(2, 1, 2)
1
(58, 30)
-> Request 3
574
(4, 3, 1)
1
(53, 45)
-> Request 4
609
(4, 3, 1)
2
(61, 67)
-> Request 5
663
(1, 1, 1)
1
(60, 46)
-> Request 6
746
(2, 3, 1)
3
(54, 45)
-> Request 7
803
(1, 3, 1)
3
(57, 27)
-> Request 8
957
(4, 3, 1)
3
(10, 20)
-> Request 9
1043
(2, 3, 2)
1
(49, 45)
-> Request 10
1148
(4, 1, 1)
3
(60, 68)
-> Request 11
1288
(4, 2, 2)
1
(60, 65)
-> Request 12
1303
(2, 2, 1)
2
(13, 21)
-> Request 13
1367
(3, 1, 1)
2
(44, 33)
-> Request 14
1383
(3, 1, 1)
2
(57, 28)
-> Request 15
1436
(3, 2, 2)
3
(64, 78)
---> Week : 10
--> Day : 0
-> Request 0
229
(3, 3, 1)
1
(50, 39)
-> Request 1
264
(4, 3, 2)
1
(17, 24)
-> Request 2
357
(3, 3, 2)
3
(52, 34)
-> Request 3
543
(3, 2, 1)
2
(53, 71)
-> Request 4
683
(2, 1, 1)
1
(62, 33)
-> Request 5
1005
(3, 2, 1)
1
(61, 43)
-> Request 6
1010
(3, 2, 2)
2
(61, 27)
--> Day : 1
-> Request 0
11
(4, 3, 2)
3
(65, 67)
-> Request 1
133
(4, 1, 2)
2
(47, 38)
-> Request 2
169
(3, 1, 2)
1
(58, 39)
-> Request 3
528
(1, 2, 1)
1
(46, 42)
-> Request 4
577
(1, 2, 1)
3
(52, 68)
-> Request 5
739
(1, 3, 1)
2
(58, 74)
-> Request 6
814
(4, 3, 1)
3
(50, 29)
-> Request 7
1148
(1, 2, 2)
2
(57, 33)
-> Request 8
1191
(4, 2, 1)
2
(47, 42)
--> Day : 2
-> Request 0
80
(3, 1, 1)
1
(61, 68)
-> Request 1
166
(3, 2, 1)
1
(60, 32)
-> Request 2
413
(3, 2, 2)
1
(60, 70)
-> Request 3
429
(2, 2, 2)
3
(54, 69)
-> Request 4
446
(4, 3, 1)
2
(63, 73)
-> Request 5
643
(4, 2, 1)
1
(9, 24)
-> Request 6
688
(3, 1, 1)
3
(55, 32)
-> Request 7
727
(4, 1, 2)
3
(43, 39)
-> Request 8
883
(2, 2, 2)
3
(54, 67)
-> Request 9
1211
(1, 3, 1)
1
(47, 38)
--> Day : 3
-> Request 0
36
(2, 1, 2)
2
(53, 30)
-> Request 1
126
(2, 1, 2)
2
(55, 29)
-> Request 2
468
(3, 3, 2)
3
(44, 35)
-> Request 3
833
(2, 2, 1)
2
(60, 38)
-> Request 4
851
(1, 2, 1)
1
(43, 42)
-> Request 5
999
(1, 3, 1)
3
(9, 24)
-> Request 6
1138
(3, 1, 2)
2
(50, 43)
-> Request 7
1251
(4, 2, 2)
3
(54, 46)
--> Day : 4
-> Request 0
42
(4, 1, 1)
2
(61, 70)
-> Request 1
205
(4, 1, 2)
2
(50, 44)
-> Request 2
450
(4, 3, 2)
3
(51, 31)
-> Request 3
762
(4, 1, 1)
3
(55, 74)
-> Request 4
861
(2, 1, 1)
3
(55, 33)
-> Request 5
900
(2, 2, 2)
3
(51, 37)
-> Request 6
1174
(2, 3, 1)
1
(53, 36)
-> Request 7
1179
(4, 1, 2)
1
(56, 75)
---> Week : 11
--> Day : 0
-> Request 0
34
(2, 2, 2)
1
(63, 68)
-> Request 1
227
(4, 3, 2)
1
(13, 22)
-> Request 2
498
(3, 1, 1)
3
(54, 32)
-> Request 3
788
(3, 1, 2)
2
(61, 28)
-> Request 4
853
(3, 2, 1)
1
(44, 38)
-> Request 5
920
(1, 2, 2)
1
(16, 24)
-> Request 6
1136
(3, 3, 2)
1
(54, 72)
-> Request 7
1160
(3, 1, 1)
3
(51, 35)
-> Request 8
1210
(3, 3, 1)
1
(58, 67)
--> Day : 1
-> Request 0
33
(3, 3, 2)
3
(57, 44)
-> Request 1
52
(4, 2, 2)
3
(9, 23)
-> Request 2
56
(3, 3, 2)
3
(47, 36)
-> Request 3
399
(3, 2, 1)
3
(53, 46)
-> Request 4
492
(4, 3, 1)
2
(58, 30)
-> Request 5
528
(3, 3, 1)
1
(57, 74)
-> Request 6
529
(3, 2, 1)
3
(49, 45)
-> Request 7
1076
(3, 1, 2)
1
(61, 40)
-> Request 8
1114
(4, 1, 1)
3
(50, 34)
-> Request 9
1234
(2, 1, 1)
3
(53, 70)
-> Request 10
1273
(1, 1, 2)
3
(56, 76)
--> Day : 2
-> Request 0
105
(2, 3, 1)
2
(55, 67)
-> Request 1
219
(1, 2, 1)
3
(60, 69)
-> Request 2
243
(1, 3, 2)
1
(62, 29)
-> Request 3
416
(3, 2, 1)
3
(63, 66)
-> Request 4
477
(1, 3, 2)
2
(14, 25)
-> Request 5
1023
(4, 1, 1)
3
(14, 29)
-> Request 6
1025
(1, 3, 2)
1
(54, 37)
-> Request 7
1050
(1, 2, 1)
3
(57, 28)
-> Request 8
1141
(2, 3, 2)
1
(45, 37)
-> Request 9
1250
(1, 3, 1)
1
(46, 44)
--> Day : 3
-> Request 0
104
(2, 1, 2)
3
(17, 28)
-> Request 1
140
(1, 2, 2)
3
(60, 72)
-> Request 2
357
(4, 1, 2)
1
(43, 33)
-> Request 3
378
(3, 3, 2)
2
(53, 36)
-> Request 4
686
(2, 1, 1)
3
(15, 23)
-> Request 5
944
(1, 2, 1)
1
(59, 78)
-> Request 6
952
(3, 3, 2)
2
(60, 69)
-> Request 7
1140
(2, 1, 1)
3
(10, 23)
-> Request 8
1286
(2, 2, 2)
2
(43, 30)
-> Request 9
1287
(2, 1, 1)
1
(8, 28)
--> Day : 4
-> Request 0
102
(4, 2, 2)
2
(53, 77)
-> Request 1
151
(2, 2, 1)
1
(55, 37)
-> Request 2
536
(2, 1, 1)
3
(43, 30)
-> Request 3
834
(2, 1, 1)
1
(61, 42)
-> Request 4
913
(3, 2, 1)
2
(11, 27)
-> Request 5
1005
(1, 1, 2)
3
(62, 37)
-> Request 6
1177
(2, 2, 1)
3
(66, 69)
-> Request 7
1390
(1, 3, 2)
2
(55, 46)
---> Week : 12
--> Day : 0
-> Request 0
132
(4, 1, 1)
1
(61, 33)
-> Request 1
190
(4, 1, 2)
3
(12, 23)
-> Request 2
191
(3, 1, 2)
1
(55, 36)
-> Request 3
424
(4, 1, 2)
1
(66, 71)
-> Request 4
533
(4, 3, 1)
2
(54, 68)
-> Request 5
763
(1, 1, 2)
2
(58, 68)
-> Request 6
802
(3, 3, 2)
1
(55, 42)
-> Request 7
815
(1, 2, 1)
2
(54, 46)
-> Request 8
827
(3, 1, 2)
1
(55, 78)
-> Request 9
891
(2, 1, 1)
3
(54, 31)
-> Request 10
1356
(4, 1, 2)
1
(63, 65)
-> Request 11
1376
(1, 1, 2)
3
(58, 30)
--> Day : 1
-> Request 0
53
(3, 1, 1)
2
(46, 42)
-> Request 1
174
(2, 1, 1)
1
(55, 78)
-> Request 2
196
(2, 1, 2)
1
(43, 31)
-> Request 3
401
(3, 2, 1)
1
(55, 69)
-> Request 4
475
(4, 2, 1)
3
(54, 65)
-> Request 5
541
(4, 1, 1)
1
(52, 28)
-> Request 6
848
(2, 3, 2)
1
(57, 70)
-> Request 7
871
(4, 1, 2)
3
(56, 35)
-> Request 8
883
(1, 3, 2)
1
(58, 29)
-> Request 9
1235
(1, 1, 2)
3
(43, 45)
-> Request 10
1345
(2, 3, 2)
3
(16, 28)
--> Day : 2
-> Request 0
197
(1, 3, 1)
1
(64, 77)
-> Request 1
263
(1, 3, 2)
1
(65, 70)
-> Request 2
396
(2, 3, 2)
3
(44, 34)
-> Request 3
481
(1, 2, 2)
3
(54, 72)
-> Request 4
687
(2, 2, 1)
2
(44, 41)
-> Request 5
1091
(4, 2, 1)
2
(12, 24)
--> Day : 3
-> Request 0
338
(3, 2, 2)
3
(45, 30)
-> Request 1
680
(3, 1, 1)
1
(60, 37)
-> Request 2
719
(1, 3, 2)
2
(49, 45)
-> Request 3
740
(4, 1, 1)
1
(43, 34)
-> Request 4
991
(4, 3, 1)
1
(57, 65)
-> Request 5
1142
(2, 1, 2)
2
(52, 67)
-> Request 6
1263
(2, 2, 1)
2
(48, 35)
-> Request 7
1335
(2, 1, 2)
3
(55, 35)
--> Day : 4
-> Request 0
24
(2, 1, 2)
1
(46, 31)
-> Request 1
235
(1, 1, 2)
3
(60, 30)
-> Request 2
281
(2, 3, 1)
3
(46, 42)
-> Request 3
609
(2, 1, 2)
2
(9, 27)
-> Request 4
923
(4, 3, 2)
1
(52, 42)
-> Request 5
936
(2, 2, 1)
3
(61, 75)
-> Request 6
1166
(4, 1, 1)
3
(60, 72)
-> Request 7
1188
(2, 2, 1)
2
(60, 66)
-> Request 8
1210
(3, 2, 2)
1
(8, 27)
-> Request 9
1243
(3, 3, 1)
1
(56, 74)
-> Request 10
1305
(1, 3, 1)
1
(52, 38)
---> Week : 13
--> Day : 0
-> Request 0
193
(2, 2, 2)
3
(46, 37)
-> Request 1
295
(2, 1, 2)
2
(43, 43)
-> Request 2
367
(3, 2, 2)
1
(54, 78)
-> Request 3
429
(4, 1, 1)
2
(47, 40)
-> Request 4
635
(3, 2, 1)
2
(13, 24)
-> Request 5
692
(1, 3, 1)
2
(51, 40)
-> Request 6
1129
(2, 1, 2)
1
(46, 29)
-> Request 7
1130
(2, 3, 1)
2
(48, 33)
-> Request 8
1304
(3, 1, 1)
3
(55, 31)
-> Request 9
1387
(2, 3, 2)
2
(14, 28)
--> Day : 1
-> Request 0
154
(4, 2, 1)
2
(54, 78)
-> Request 1
242
(1, 2, 1)
3
(66, 70)
-> Request 2
791
(4, 3, 1)
1
(59, 27)
-> Request 3
954
(1, 3, 2)
2
(17, 27)
-> Request 4
1133
(3, 1, 2)
1
(60, 76)
--> Day : 2
-> Request 0
344
(2, 3, 1)
3
(15, 29)
-> Request 1
519
(1, 1, 1)
2
(13, 24)
-> Request 2
732
(1, 3, 2)
1
(46, 33)
-> Request 3
1093
(4, 3, 1)
2
(55, 68)
--> Day : 3
-> Request 0
57
(1, 2, 2)
2
(57, 76)
-> Request 1
135
(1, 1, 1)
1
(49, 33)
-> Request 2
243
(4, 2, 2)
3
(52, 30)
-> Request 3
615
(4, 1, 2)
1
(59, 31)
-> Request 4
791
(4, 1, 1)
3
(49, 38)
-> Request 5
1005
(2, 3, 1)
1
(64, 73)
-> Request 6
1034
(4, 2, 2)
1
(54, 76)
-> Request 7
1036
(2, 3, 1)
3
(55, 27)
-> Request 8
1097
(4, 1, 2)
3
(46, 44)
-> Request 9
1215
(4, 2, 1)
2
(43, 36)
-> Request 10
1298
(2, 2, 1)
2
(11, 28)
--> Day : 4
-> Request 0
127
(3, 1, 1)
1
(52, 34)
-> Request 1
144
(3, 1, 1)
1
(57, 77)
-> Request 2
161
(1, 2, 2)
2
(59, 43)
-> Request 3
401
(1, 3, 2)
3
(16, 26)
-> Request 4
431
(3, 1, 2)
1
(52, 29)
-> Request 5
701
(4, 3, 2)
2
(16, 23)
-> Request 6
742
(4, 2, 1)
3
(52, 67)
-> Request 7
951
(2, 1, 1)
3
(66, 65)
-> Request 8
1028
(1, 2, 2)
3
(49, 27)
-> Request 9
1111
(3, 3, 2)
3
(54, 67)
-> Request 10
1209
(3, 2, 1)
3
(59, 34)
-> Request 11
1247
(1, 1, 1)
1
(45, 43)
---> Week : 14
--> Day : 0
-> Request 0
314
(3, 3, 2)
1
(55, 45)
-> Request 1
702
(3, 1, 1)
3
(60, 74)
-> Request 2
862
(4, 3, 1)
2
(47, 31)
-> Request 3
918
(4, 2, 2)
1
(46, 36)
-> Request 4
1069
(4, 3, 1)
2
(59, 32)
-> Request 5
1134
(2, 3, 1)
2
(52, 78)
-> Request 6
1199
(1, 3, 2)
1
(61, 29)
-> Request 7
1318
(1, 2, 2)
1
(52, 78)
-> Request 8
1396
(1, 1, 1)
3
(55, 64)
--> Day : 1
-> Request 0
118
(1, 1, 1)
1
(65, 74)
-> Request 1
375
(2, 3, 2)
2
(54, 64)
-> Request 2
464
(1, 3, 2)
3
(47, 44)
-> Request 3
562
(4, 2, 2)
1
(61, 27)
-> Request 4
665
(1, 1, 1)
1
(53, 37)
-> Request 5
1090
(1, 1, 1)
3
(45, 36)
--> Day : 2
-> Request 0
506
(4, 1, 2)
2
(13, 22)
-> Request 1
549
(4, 3, 1)
3
(43, 38)
-> Request 2
1004
(2, 2, 2)
3
(15, 29)
-> Request 3
1091
(3, 1, 2)
1
(47, 35)
-> Request 4
1367
(1, 2, 2)
2
(48, 28)
-> Request 5
1415
(4, 1, 2)
1
(58, 39)
--> Day : 3
-> Request 0
34
(3, 2, 2)
1
(51, 46)
-> Request 1
65
(3, 3, 2)
3
(61, 70)
-> Request 2
97
(1, 3, 2)
3
(8, 26)
-> Request 3
283
(4, 3, 1)
1
(9, 24)
-> Request 4
493
(4, 1, 2)
2
(57, 75)
-> Request 5
518
(4, 3, 2)
3
(66, 69)
-> Request 6
552
(1, 2, 2)
3
(15, 28)
-> Request 7
561
(1, 3, 1)
3
(47, 44)
-> Request 8
803
(3, 2, 2)
1
(56, 29)
-> Request 9
912
(3, 2, 2)
1
(56, 71)
--> Day : 4
-> Request 0
14
(3, 1, 1)
3
(62, 65)
-> Request 1
29
(1, 3, 1)
2
(58, 36)
-> Request 2
49
(2, 2, 1)
2
(66, 64)
-> Request 3
147
(2, 1, 2)
3
(57, 31)
-> Request 4
193
(2, 3, 2)
1
(58, 72)
-> Request 5
260
(4, 3, 1)
2
(44, 33)
-> Request 6
722
(4, 2, 1)
3
(43, 42)
-> Request 7
742
(1, 2, 1)
3
(43, 41)
-> Request 8
834
(3, 3, 2)
1
(50, 30)
-> Request 9
854
(4, 3, 1)
1
(62, 42)
-> Request 10
908
(4, 1, 2)
1
(16, 21)
-> Request 11
1045
(2, 1, 2)
2
(60, 28)
-> Request 12
1127
(2, 2, 1)
2
(66, 66)
-> Request 13
1138
(1, 1, 2)
2
(56, 28)
-> Request 14
1193
(2, 2, 1)
3
(16, 27)
-> Request 15
1412
(4, 3, 2)
3
(17, 21)
---> Week : 15
--> Day : 0
-> Request 0
95
(1, 2, 2)
2
(52, 27)
-> Request 1
181
(4, 1, 1)
2
(62, 77)
-> Request 2
291
(1, 1, 1)
2
(53, 42)
-> Request 3
441
(1, 2, 2)
3
(60, 69)
-> Request 4
516
(1, 3, 1)
3
(50, 31)
-> Request 5
775
(3, 2, 1)
1
(43, 38)
-> Request 6
809
(4, 1, 2)
2
(17, 29)
-> Request 7
830
(3, 2, 1)
1
(45, 37)
-> Request 8
1008
(1, 1, 1)
1
(65, 74)
-> Request 9
1116
(2, 3, 1)
2
(55, 77)
-> Request 10
1124
(4, 2, 2)
2
(46, 31)
-> Request 11
1241
(1, 2, 1)
2
(45, 44)
-> Request 12
1391
(3, 3, 1)
1
(55, 43)
--> Day : 1
-> Request 0
222
(4, 1, 2)
2
(55, 28)
-> Request 1
247
(2, 2, 1)
1
(63, 72)
-> Request 2
545
(4, 3, 2)
3
(58, 69)
-> Request 3
548
(1, 2, 1)
1
(14, 21)
-> Request 4
676
(2, 1, 1)
2
(62, 75)
-> Request 5
849
(4, 1, 1)
3
(52, 67)
-> Request 6
970
(4, 2, 1)
2
(61, 28)
-> Request 7
1130
(1, 2, 1)
2
(60, 37)
-> Request 8
1271
(4, 2, 2)
3
(56, 76)
--> Day : 2
-> Request 0
57
(2, 3, 2)
1
(63, 78)
-> Request 1
115
(4, 2, 1)
3
(57, 67)
-> Request 2
121
(2, 1, 1)
1
(9, 28)
-> Request 3
208
(1, 2, 2)
2
(58, 73)
-> Request 4
286
(4, 1, 2)
1
(52, 45)
-> Request 5
312
(3, 3, 1)
3
(47, 32)
-> Request 6
485
(1, 2, 1)
1
(58, 43)
-> Request 7
558
(2, 1, 2)
3
(44, 28)
-> Request 8
608
(2, 3, 2)
1
(53, 39)
-> Request 9
624
(1, 1, 2)
1
(56, 33)
-> Request 10
810
(4, 3, 2)
1
(61, 76)
-> Request 11
950
(3, 3, 1)
2
(57, 75)
-> Request 12
1026
(4, 2, 1)
1
(50, 35)
-> Request 13
1096
(3, 1, 2)
3
(62, 36)
-> Request 14
1126
(3, 3, 2)
1
(57, 37)
-> Request 15
1147
(4, 1, 1)
2
(62, 46)
-> Request 16
1348
(1, 1, 1)
2
(58, 69)
--> Day : 3
-> Request 0
206
(1, 1, 1)
3
(45, 39)
-> Request 1
310
(3, 1, 1)
3
(16, 20)
-> Request 2
544
(3, 3, 2)
2
(56, 30)
-> Request 3
614
(3, 3, 1)
3
(54, 71)
-> Request 4
1032
(1, 1, 1)
2
(63, 71)
-> Request 5
1424
(1, 2, 2)
3
(11, 23)
--> Day : 4
-> Request 0
212
(3, 3, 2)
1
(61, 77)
-> Request 1
579
(4, 3, 1)
1
(55, 33)
-> Request 2
596
(3, 3, 1)
2
(9, 23)
-> Request 3
622
(4, 3, 1)
2
(60, 71)
-> Request 4
749
(3, 2, 1)
3
(44, 31)
-> Request 5
795
(3, 1, 2)
1
(57, 68)
-> Request 6
932
(3, 2, 1)
3
(61, 66)
-> Request 7
1017
(2, 3, 1)
2
(54, 75)
-> Request 8
1326
(4, 2, 1)
2
(46, 29)
-> Request 9
1342
(4, 1, 2)
2
(48, 46)
-> Request 10
1413
(4, 3, 2)
3
(49, 35)
---> Week : 16
--> Day : 0
-> Request 0
59
(3, 3, 2)
3
(58, 45)
-> Request 1
169
(2, 1, 1)
3
(10, 22)
-> Request 2
353
(3, 1, 2)
1
(60, 64)
-> Request 3
612
(2, 2, 1)
3
(58, 44)
-> Request 4
651
(4, 1, 1)
3
(61, 70)
-> Request 5
705
(3, 1, 2)
3
(61, 30)
-> Request 6
729
(4, 3, 1)
2
(50, 29)
-> Request 7
933
(3, 2, 1)
2
(56, 66)
-> Request 8
1367
(2, 2, 1)
1
(61, 32)
-> Request 9
1391
(3, 3, 2)
1
(11, 21)
--> Day : 1
-> Request 0
300
(3, 1, 1)
1
(54, 30)
-> Request 1
475
(3, 1, 2)
3
(48, 28)
-> Request 2
523
(4, 2, 1)
2
(52, 42)
-> Request 3
616
(3, 3, 1)
3
(52, 46)
-> Request 4
824
(2, 3, 1)
3
(58, 28)
-> Request 5
976
(3, 3, 1)
1
(59, 39)
-> Request 6
1213
(2, 2, 1)
2
(61, 76)
--> Day : 2
-> Request 0
101
(2, 1, 1)
1
(49, 39)
-> Request 1
190
(2, 1, 2)
1
(62, 38)
-> Request 2
220
(3, 1, 1)
2
(47, 35)
-> Request 3
233
(1, 3, 2)
1
(12, 23)
-> Request 4
472
(3, 1, 1)
1
(63, 72)
-> Request 5
671
(4, 1, 2)
1
(59, 70)
-> Request 6
980
(2, 2, 2)
1
(58, 45)
-> Request 7
1002
(1, 2, 1)
2
(56, 72)
-> Request 8
1199
(3, 2, 1)
3
(57, 67)
-> Request 9
1205
(2, 2, 1)
3
(54, 32)
--> Day : 3
-> Request 0
98
(3, 1, 2)
1
(59, 64)
-> Request 1
143
(1, 3, 2)
2
(51, 45)
-> Request 2
433
(1, 1, 1)
1
(45, 42)
-> Request 3
627
(1, 2, 1)
3
(56, 73)
-> Request 4
630
(2, 3, 2)
3
(53, 67)
-> Request 5
990
(3, 3, 1)
2
(65, 70)
-> Request 6
1205
(1, 2, 2)
2
(64, 78)
-> Request 7
1237
(1, 3, 1)
2
(52, 37)
-> Request 8
1355
(2, 2, 1)
1
(43, 46)
--> Day : 4
-> Request 0
109
(2, 3, 1)
1
(51, 27)
-> Request 1
708
(2, 2, 2)
3
(43, 34)
-> Request 2
781
(4, 1, 1)
1
(59, 31)
-> Request 3
1046
(2, 1, 2)
3
(44, 32)
-> Request 4
1259
(4, 1, 1)
3
(54, 34)
-> Request 5
1263
(4, 3, 1)
1
(62, 40)
-> Request 6
1303
(2, 1, 1)
2
(55, 37)
-> Request 7
1354
(1, 2, 1)
2
(52, 29)
---> Week : 17
--> Day : 0
-> Request 0
306
(4, 2, 2)
2
(49, 44)
-> Request 1
1132
(2, 1, 1)
1
(9, 26)
-> Request 2
1202
(2, 1, 1)
2
(56, 36)
-> Request 3
1227
(4, 1, 2)
3
(58, 43)
-> Request 4
1287
(3, 2, 2)
2
(9, 29)
-> Request 5
1395
(3, 2, 2)
3
(44, 37)
--> Day : 1
-> Request 0
187
(3, 1, 1)
1
(60, 73)
-> Request 1
230
(1, 1, 2)
3
(66, 67)
-> Request 2
592
(2, 3, 2)
2
(48, 36)
-> Request 3
678
(1, 1, 1)
2
(55, 67)
-> Request 4
838
(2, 3, 1)
1
(49, 36)
-> Request 5
922
(3, 2, 2)
1
(10, 27)
-> Request 6
926
(4, 3, 1)
1
(12, 27)
-> Request 7
1007
(4, 2, 2)
1
(44, 36)
-> Request 8
1074
(1, 3, 1)
1
(59, 33)
-> Request 9
1423
(1, 2, 1)
1
(62, 31)
--> Day : 2
-> Request 0
77
(2, 3, 1)
3
(44, 38)
-> Request 1
405
(1, 1, 2)
2
(56, 73)
-> Request 2
409
(4, 2, 2)
3
(57, 68)
-> Request 3
550
(1, 3, 1)
1
(53, 38)
-> Request 4
639
(3, 2, 2)
2
(53, 68)
-> Request 5
850
(1, 1, 1)
2
(45, 41)
-> Request 6
937
(4, 3, 1)
1
(63, 75)
-> Request 7
1075
(1, 1, 2)
1
(54, 67)
-> Request 8
1144
(4, 3, 1)
3
(57, 71)
--> Day : 3
-> Request 0
286
(3, 1, 1)
2
(61, 72)
-> Request 1
315
(1, 3, 1)
1
(48, 34)
-> Request 2
345
(4, 2, 1)
2
(52, 65)
-> Request 3
543
(4, 2, 2)
3
(44, 31)
-> Request 4
579
(2, 2, 2)
1
(62, 65)
-> Request 5
756
(3, 3, 1)
1
(46, 39)
-> Request 6
979
(3, 2, 2)
3
(62, 30)
--> Day : 4
-> Request 0
100
(3, 3, 1)
3
(55, 76)
-> Request 1
225
(4, 3, 1)
2
(44, 36)
-> Request 2
267
(1, 1, 2)
2
(54, 35)
-> Request 3
359
(1, 1, 2)
3
(48, 42)
-> Request 4
361
(3, 2, 2)
3
(60, 38)
-> Request 5
441
(3, 2, 2)
2
(61, 65)
-> Request 6
453
(1, 3, 2)
1
(52, 34)
-> Request 7
559
(2, 1, 2)
3
(47, 35)
-> Request 8
571
(3, 3, 1)
2
(59, 69)
-> Request 9
571
(1, 1, 2)
2
(48, 40)
-> Request 10
726
(2, 3, 2)
1
(10, 25)
-> Request 11
751
(1, 1, 2)
3
(51, 36)
-> Request 12
822
(2, 3, 1)
3
(54, 41)
-> Request 13
855
(2, 1, 2)
1
(55, 77)
-> Request 14
879
(2, 2, 1)
2
(61, 71)
-> Request 15
881
(1, 2, 1)
2
(62, 38)
-> Request 16
961
(4, 3, 2)
3
(47, 42)
-> Request 17
1365
(3, 2, 1)
1
(61, 76)
-> Request 18
1428
(4, 2, 2)
2
(48, 46)
---> Week : 18
--> Day : 0
-> Request 0
19
(3, 1, 2)
2
(51, 34)
-> Request 1
209
(3, 3, 1)
1
(56, 43)
-> Request 2
463
(4, 3, 2)
3
(46, 36)
-> Request 3
554
(3, 2, 1)
3
(64, 68)
-> Request 4
643
(3, 2, 2)
1
(66, 73)
-> Request 5
775
(4, 2, 2)
1
(55, 46)
-> Request 6
971
(1, 3, 1)
2
(59, 73)
-> Request 7
1044
(1, 1, 1)
3
(54, 78)
-> Request 8
1169
(4, 3, 1)
3
(63, 77)
-> Request 9
1264
(4, 3, 2)
2
(52, 65)
--> Day : 1
-> Request 0
108
(4, 2, 1)
2
(60, 71)
-> Request 1
124
(4, 1, 2)
2
(53, 41)
-> Request 2
242
(3, 1, 2)
2
(57, 74)
-> Request 3
282
(4, 1, 2)
3
(45, 30)
-> Request 4
458
(4, 2, 1)
1
(46, 45)
-> Request 5
1318
(3, 2, 2)
3
(47, 35)
-> Request 6
1325
(4, 3, 1)
1
(56, 32)
--> Day : 2
-> Request 0
79
(4, 3, 1)
1
(58, 76)
-> Request 1
147
(3, 2, 2)
3
(54, 31)
-> Request 2
264
(3, 3, 1)
1
(63, 74)
-> Request 3
390
(1, 3, 1)
2
(16, 29)
-> Request 4
633
(1, 1, 2)
1
(17, 25)
-> Request 5
641
(1, 3, 2)
1
(62, 72)
-> Request 6
675
(2, 1, 1)
3
(57, 71)
-> Request 7
681
(1, 2, 1)
3
(43, 28)
-> Request 8
705
(2, 3, 1)
2
(54, 66)
-> Request 9
748
(1, 2, 2)
3
(14, 24)
-> Request 10
771
(3, 3, 1)
2
(54, 67)
-> Request 11
771
(2, 3, 2)
1
(55, 67)
-> Request 12
790
(1, 2, 1)
2
(44, 35)
-> Request 13
1239
(3, 2, 1)
1
(64, 70)
--> Day : 3
-> Request 0
113
(3, 3, 2)
1
(12, 28)
-> Request 1
161
(1, 1, 1)
1
(44, 38)
-> Request 2
367
(4, 3, 1)
3
(11, 21)
-> Request 3
463
(1, 1, 1)
3
(17, 22)
-> Request 4
524
(2, 1, 2)
1
(51, 35)
-> Request 5
568
(3, 2, 1)
3
(45, 29)
-> Request 6
939
(3, 2, 1)
3
(55, 78)
-> Request 7
1286
(1, 2, 1)
3
(12, 20)
--> Day : 4
-> Request 0
263
(3, 2, 1)
1
(60, 27)
-> Request 1
341
(1, 2, 1)
1
(53, 74)
-> Request 2
420
(2, 2, 2)
1
(52, 29)
-> Request 3
917
(2, 1, 2)
3
(61, 28)
-> Request 4
1128
(4, 1, 1)
2
(8, 29)
-> Request 5
1370
(2, 2, 2)
3
(53, 78)
-> Request 6
1392
(4, 3, 2)
2
(51, 33)
---> Week : 19
--> Day : 0
-> Request 0
65
(3, 1, 2)
3
(51, 43)
-> Request 1
192
(4, 2, 2)
3
(10, 27)
-> Request 2
272
(4, 1, 1)
3
(54, 72)
-> Request 3
278
(1, 3, 2)
3
(52, 66)
-> Request 4
311
(2, 2, 2)
3
(13, 27)
-> Request 5
445
(2, 3, 1)
2
(43, 39)
-> Request 6
581
(4, 2, 2)
3
(65, 65)
-> Request 7
825
(1, 3, 2)
2
(53, 44)
-> Request 8
863
(2, 2, 2)
1
(14, 28)
-> Request 9
936
(3, 1, 2)
2
(54, 31)
-> Request 10
1091
(4, 1, 1)
3
(12, 29)
-> Request 11
1217
(3, 1, 1)
3
(57, 69)
-> Request 12
1290
(1, 2, 1)
3
(12, 20)
--> Day : 1
-> Request 0
173
(1, 2, 2)
2
(56, 39)
-> Request 1
239
(4, 3, 2)
2
(45, 45)
-> Request 2
269
(1, 1, 2)
1
(66, 74)
-> Request 3
320
(2, 2, 1)
2
(8, 26)
-> Request 4
816
(2, 3, 2)
3
(48, 30)
-> Request 5
1018
(3, 1, 1)
1
(8, 22)
-> Request 6
1134
(4, 1, 2)
2
(62, 33)
-> Request 7
1280
(3, 2, 2)
2
(44, 29)
-> Request 8
1416
(1, 1, 2)
1
(44, 29)
-> Request 9
1421
(2, 3, 2)
3
(56, 43)
-> Request 10
1427
(3, 3, 2)
3
(61, 40)
--> Day : 2
-> Request 0
17
(4, 3, 1)
1
(51, 28)
-> Request 1
546
(1, 3, 2)
1
(47, 46)
-> Request 2
729
(1, 1, 2)
3
(53, 27)
-> Request 3
943
(4, 1, 2)
2
(49, 36)
-> Request 4
1013
(3, 3, 1)
3
(57, 46)
-> Request 5
1281
(3, 2, 2)
2
(12, 23)
-> Request 6
1285
(2, 3, 1)
2
(48, 30)
-> Request 7
1399
(1, 1, 1)
2
(62, 45)
--> Day : 3
-> Request 0
25
(4, 1, 1)
2
(52, 68)
-> Request 1
56
(2, 2, 2)
3
(44, 34)
-> Request 2
153
(2, 3, 1)
1
(62, 65)
-> Request 3
180
(3, 1, 1)
3
(62, 73)
-> Request 4
515
(2, 1, 2)
2
(57, 38)
-> Request 5
562
(3, 1, 2)
3
(51, 37)
-> Request 6
961
(1, 1, 2)
3
(14, 25)
-> Request 7
1240
(4, 3, 2)
3
(15, 23)
-> Request 8
1364
(3, 1, 2)
3
(54, 34)
--> Day : 4
-> Request 0
45
(2, 1, 2)
3
(12, 23)
-> Request 1
45
(3, 1, 1)
1
(8, 28)
-> Request 2
123
(3, 1, 1)
3
(65, 73)
-> Request 3
319
(4, 3, 2)
1
(49, 44)
-> Request 4
441
(1, 2, 1)
2
(12, 21)
-> Request 5
717
(2, 1, 1)
3
(55, 35)
-> Request 6
1028
(3, 1, 2)
3
(63, 64)
-> Request 7
1090
(2, 2, 2)
3
(59, 31)
-> Request 8
1424
(1, 1, 1)
2
(9, 21)
---> Week : 20
--> Day : 0
-> Request 0
456
(1, 1, 2)
3
(60, 38)
-> Request 1
510
(2, 1, 1)
3
(53, 37)
-> Request 2
607
(2, 3, 1)
1
(16, 25)
-> Request 3
859
(3, 3, 2)
1
(17, 23)
-> Request 4
1116
(3, 2, 2)
2
(15, 29)
-> Request 5
1154
(1, 2, 1)
3
(45, 38)
--> Day : 1
-> Request 0
77
(1, 3, 2)
2
(63, 73)
-> Request 1
102
(4, 3, 1)
3
(12, 23)
-> Request 2
419
(1, 3, 2)
1
(61, 46)
-> Request 3
659
(4, 2, 2)
3
(53, 76)
-> Request 4
741
(4, 2, 1)
3
(9, 23)
-> Request 5
1189
(2, 1, 2)
3
(47, 46)
--> Day : 2
-> Request 0
175
(3, 2, 2)
2
(58, 33)
-> Request 1
209
(1, 2, 2)
1
(66, 65)
-> Request 2
270
(2, 2, 2)
2
(45, 37)
-> Request 3
355
(4, 3, 1)
1
(54, 76)
-> Request 4
429
(2, 2, 1)
3
(60, 66)
-> Request 5
633
(2, 2, 1)
3
(52, 38)
-> Request 6
673
(2, 3, 1)
2
(58, 64)
-> Request 7
753
(1, 2, 2)
3
(50, 41)
-> Request 8
1245
(3, 1, 2)
3
(48, 44)
-> Request 9
1266
(1, 2, 1)
2
(53, 73)
--> Day : 3
-> Request 0
53
(3, 3, 2)
2
(46, 27)
-> Request 1
76
(2, 1, 2)
1
(44, 39)
-> Request 2
230
(3, 1, 2)
2
(56, 68)
-> Request 3
1019
(3, 2, 2)
1
(16, 24)
-> Request 4
1329
(1, 2, 2)
2
(58, 46)
-> Request 5
1411
(2, 3, 2)
2
(17, 27)
--> Day : 4
-> Request 0
12
(3, 3, 2)
2
(47, 39)
-> Request 1
82
(4, 3, 1)
2
(17, 26)
-> Request 2
649
(2, 2, 1)
3
(17, 21)
-> Request 3
652
(3, 2, 2)
2
(52, 67)
-> Request 4
652
(2, 1, 2)
1
(8, 27)
-> Request 5
669
(2, 3, 1)
2
(43, 31)
-> Request 6
691
(3, 2, 2)
1
(54, 71)
-> Request 7
717
(1, 3, 2)
3
(54, 37)
-> Request 8
830
(2, 2, 2)
2
(47, 46)
-> Request 9
900
(3, 1, 1)
1
(56, 36)
-> Request 10
928
(3, 3, 1)
1
(17, 27)
-> Request 11
938
(2, 2, 2)
2
(50, 29)
-> Request 12
945
(1, 3, 2)
1
(47, 38)
-> Request 13
1253
(2, 2, 2)
2
(65, 67)
---> Week : 21
--> Day : 0
-> Request 0
100
(1, 3, 1)
3
(47, 32)
-> Request 1
181
(3, 1, 1)
2
(50, 31)
-> Request 2
275
(4, 1, 2)
2
(55, 76)
-> Request 3
504
(3, 2, 1)
2
(58, 73)
-> Request 4
630
(2, 1, 1)
2
(62, 64)
-> Request 5
793
(4, 1, 1)
1
(50, 41)
-> Request 6
1027
(3, 3, 1)
1
(60, 32)
-> Request 7
1248
(2, 1, 1)
2
(53, 64)
-> Request 8
1353
(1, 2, 2)
3
(54, 73)
--> Day : 1
-> Request 0
92
(4, 1, 2)
2
(16, 20)
-> Request 1
164
(1, 1, 1)
2
(59, 65)
-> Request 2
513
(1, 2, 2)
2
(58, 75)
-> Request 3
866
(1, 3, 1)
2
(12, 23)
-> Request 4
942
(2, 3, 2)
3
(66, 68)
-> Request 5
1417
(1, 1, 1)
1
(58, 28)
--> Day : 2
-> Request 0
77
(4, 1, 2)
2
(48, 33)
-> Request 1
387
(3, 3, 2)
3
(58, 73)
-> Request 2
491
(2, 2, 1)
3
(60, 39)
-> Request 3
858
(4, 1, 2)
2
(9, 27)
-> Request 4
1170
(4, 3, 1)
1
(47, 34)
-> Request 5
1241
(4, 2, 1)
3
(44, 27)
--> Day : 3
-> Request 0
314
(4, 2, 2)
2
(47, 44)
-> Request 1
370
(1, 2, 1)
1
(11, 29)
-> Request 2
388
(3, 3, 2)
3
(65, 70)
-> Request 3
445
(1, 3, 1)
3
(44, 46)
-> Request 4
792
(2, 1, 1)
3
(50, 29)
-> Request 5
992
(2, 2, 1)
2
(61, 38)
-> Request 6
1027
(4, 3, 1)
1
(58, 43)
-> Request 7
1072
(2, 1, 2)
3
(60, 72)
-> Request 8
1148
(3, 1, 2)
3
(16, 27)
-> Request 9
1151
(4, 3, 2)
3
(53, 30)
-> Request 10
1188
(3, 2, 2)
2
(8, 28)
-> Request 11
1189
(3, 2, 1)
3
(53, 27)
-> Request 12
1211
(2, 1, 2)
3
(9, 22)
-> Request 13
1251
(1, 3, 2)
3
(55, 65)
-> Request 14
1418
(4, 2, 2)
2
(53, 45)
--> Day : 4
-> Request 0
194
(1, 3, 2)
1
(51, 33)
-> Request 1
217
(1, 3, 1)
1
(66, 70)
-> Request 2
484
(2, 1, 2)
2
(57, 78)
-> Request 3
511
(2, 1, 2)
3
(52, 67)
-> Request 4
635
(2, 2, 1)
2
(44, 44)
-> Request 5
849
(2, 3, 2)
2
(49, 38)
-> Request 6
899
(2, 2, 2)
3
(62, 35)
-> Request 7
943
(3, 1, 1)
2
(62, 34)
-> Request 8
1301
(3, 2, 2)
1
(60, 72)
---> Week : 22
--> Day : 0
-> Request 0
149
(2, 3, 2)
1
(56, 33)
-> Request 1
237
(1, 3, 1)
3
(56, 66)
-> Request 2
366
(1, 2, 2)
1
(62, 28)
-> Request 3
550
(1, 3, 2)
1
(16, 29)
-> Request 4
551
(4, 3, 1)
3
(62, 72)
-> Request 5
609
(1, 3, 2)
3
(17, 20)
-> Request 6
636
(4, 1, 1)
3
(43, 43)
-> Request 7
713
(3, 2, 1)
2
(43, 32)
-> Request 8
836
(3, 2, 1)
3
(62, 33)
-> Request 9
901
(2, 2, 1)
2
(60, 78)
-> Request 10
1015
(3, 1, 2)
2
(57, 76)
-> Request 11
1080
(2, 1, 2)
3
(43, 29)
-> Request 12
1091
(3, 3, 1)
1
(52, 75)
-> Request 13
1140
(3, 1, 2)
3
(53, 75)
-> Request 14
1151
(3, 1, 2)
1
(54, 74)
-> Request 15
1179
(3, 2, 1)
1
(59, 28)
-> Request 16
1353
(3, 3, 2)
2
(64, 78)
--> Day : 1
-> Request 0
40
(4, 1, 2)
1
(55, 77)
-> Request 1
192
(1, 3, 1)
1
(48, 39)
-> Request 2
219
(4, 1, 1)
2
(15, 22)
-> Request 3
236
(2, 2, 2)
1
(9, 20)
-> Request 4
745
(1, 3, 1)
3
(62, 32)
-> Request 5
914
(1, 1, 2)
2
(62, 32)
-> Request 6
1146
(4, 2, 2)
2
(51, 32)
-> Request 7
1220
(4, 1, 2)
3
(60, 37)
-> Request 8
1255
(3, 1, 2)
3
(63, 72)
--> Day : 2
-> Request 0
110
(2, 3, 2)
3
(12, 25)
-> Request 1
140
(1, 3, 1)
3
(55, 67)
-> Request 2
330
(2, 2, 1)
2
(66, 72)
-> Request 3
381
(4, 2, 1)
2
(62, 31)
-> Request 4
517
(2, 2, 2)
3
(8, 22)
-> Request 5
520
(2, 3, 1)
2
(55, 34)
-> Request 6
675
(2, 1, 2)
2
(57, 64)
-> Request 7
926
(4, 3, 2)
3
(50, 35)
-> Request 8
933
(2, 2, 1)
3
(55, 46)
--> Day : 3
-> Request 0
496
(1, 3, 2)
1
(46, 40)
-> Request 1
523
(4, 1, 2)
1
(57, 64)
-> Request 2
710
(4, 2, 2)
3
(53, 71)
-> Request 3
841
(1, 3, 2)
1
(61, 41)
-> Request 4
960
(1, 1, 2)
1
(10, 24)
-> Request 5
1076
(4, 1, 1)
3
(52, 32)
-> Request 6
1108
(1, 3, 2)
1
(60, 71)
-> Request 7
1157
(3, 1, 2)
3
(44, 29)
-> Request 8
1202
(4, 2, 1)
2
(64, 75)
-> Request 9
1211
(3, 3, 1)
3
(48, 32)
-> Request 10
1436
(2, 1, 1)
2
(60, 28)
--> Day : 4
-> Request 0
11
(1, 2, 2)
2
(61, 31)
-> Request 1
51
(1, 3, 2)
3
(58, 64)
-> Request 2
55
(1, 3, 2)
2
(50, 35)
-> Request 3
155
(2, 1, 1)
2
(46, 43)
-> Request 4
193
(4, 1, 2)
2
(13, 26)
-> Request 5
609
(4, 1, 2)
2
(52, 31)
-> Request 6
627
(3, 2, 1)
2
(57, 32)
-> Request 7
700
(3, 3, 1)
3
(52, 44)
-> Request 8
1017
(1, 3, 1)
2
(55, 67)
-> Request 9
1027
(2, 1, 1)
2
(64, 67)
-> Request 10
1197
(2, 3, 1)
2
(59, 42)
-> Request 11
1206
(2, 2, 1)
2
(55, 30)
-> Request 12
1256
(4, 3, 1)
1
(57, 78)
-> Request 13
1290
(3, 3, 1)
3
(17, 24)
---> Week : 23
--> Day : 0
-> Request 0
219
(4, 1, 1)
3
(12, 25)
-> Request 1
371
(1, 3, 1)
3
(14, 27)
-> Request 2
389
(4, 3, 1)
3
(60, 65)
-> Request 3
416
(1, 2, 2)
1
(8, 21)
-> Request 4
506
(3, 2, 2)
2
(54, 39)
-> Request 5
564
(1, 3, 1)
3
(55, 40)
-> Request 6
647
(4, 2, 1)
2
(44, 30)
-> Request 7
665
(4, 2, 1)
2
(50, 28)
-> Request 8
699
(4, 2, 1)
1
(61, 41)
-> Request 9
820
(3, 1, 2)
1
(56, 29)
-> Request 10
885
(1, 1, 2)
1
(56, 35)
-> Request 11
1050
(4, 2, 1)
3
(58, 29)
-> Request 12
1162
(1, 2, 2)
2
(43, 37)
-> Request 13
1314
(3, 2, 2)
2
(55, 29)
--> Day : 1
-> Request 0
125
(2, 3, 2)
2
(44, 27)
-> Request 1
844
(2, 3, 2)
2
(52, 41)
-> Request 2
1010
(2, 1, 2)
1
(60, 74)
-> Request 3
1059
(4, 2, 2)
2
(62, 45)
-> Request 4
1139
(2, 1, 2)
1
(13, 24)
-> Request 5
1163
(1, 1, 1)
1
(58, 74)
--> Day : 2
-> Request 0
30
(4, 1, 2)
2
(66, 73)
-> Request 1
61
(4, 1, 2)
3
(58, 43)
-> Request 2
260
(2, 3, 2)
2
(49, 38)
-> Request 3
385
(2, 1, 1)
3
(61, 31)
-> Request 4
385
(1, 1, 1)
2
(64, 74)
-> Request 5
532
(3, 2, 1)
1
(60, 74)
-> Request 6
542
(4, 3, 2)
2
(46, 45)
-> Request 7
582
(1, 1, 1)
3
(11, 25)
-> Request 8
616
(1, 2, 2)
1
(56, 38)
-> Request 9
1085
(4, 2, 2)
3
(51, 40)
-> Request 10
1202
(4, 2, 2)
1
(43, 31)
-> Request 11
1230
(3, 2, 2)
2
(53, 78)
--> Day : 3
-> Request 0
9
(1, 3, 1)
2
(56, 30)
-> Request 1
165
(4, 1, 2)
2
(44, 29)
-> Request 2
194
(2, 1, 1)
3
(52, 40)
-> Request 3
365
(4, 1, 1)
2
(58, 42)
-> Request 4
445
(3, 3, 1)
3
(12, 27)
-> Request 5
498
(1, 2, 2)
2
(16, 27)
-> Request 6
573
(4, 3, 2)
1
(47, 40)
-> Request 7
602
(3, 1, 1)
2
(15, 24)
-> Request 8
747
(2, 2, 1)
2
(55, 36)
-> Request 9
846
(4, 1, 2)
3
(58, 76)
-> Request 10
930
(2, 3, 2)
2
(14, 24)
-> Request 11
1234
(2, 3, 2)
2
(53, 45)
-> Request 12
1279
(1, 1, 2)
3
(43, 28)
-> Request 13
1411
(3, 1, 1)
3
(64, 72)
--> Day : 4
-> Request 0
9
(4, 1, 1)
3
(58, 31)
-> Request 1
90
(3, 1, 1)
1
(55, 34)
-> Request 2
255
(3, 2, 1)
3
(54, 68)
-> Request 3
686
(4, 2, 1)
3
(52, 30)
-> Request 4
873
(4, 3, 2)
2
(58, 68)
-> Request 5
948
(3, 2, 2)
1
(49, 32)
-> Request 6
1061
(4, 1, 1)
2
(50, 38)
-> Request 7
1141
(2, 3, 2)
1
(58, 78)
-> Request 8
1188
(4, 3, 1)
3
(16, 26)
-> Request 9
1225
(3, 1, 2)
1
(62, 32)
-> Request 10
1227
(1, 2, 2)
3
(56, 75)
-> Request 11
1391
(2, 2, 2)
1
(13, 24)
---> Week : 24
--> Day : 0
-> Request 0
207
(2, 2, 2)
3
(9, 21)
-> Request 1
262
(1, 3, 2)
2
(56, 77)
-> Request 2
470
(3, 2, 1)
3
(54, 40)
-> Request 3
721
(3, 3, 1)
1
(12, 20)
-> Request 4
896
(3, 1, 1)
1
(60, 31)
-> Request 5
954
(2, 1, 2)
2
(53, 74)
-> Request 6
1171
(3, 1, 1)
3
(48, 44)
-> Request 7
1229
(2, 1, 1)
3
(52, 41)
-> Request 8
1276
(4, 3, 1)
1
(48, 28)
-> Request 9
1374
(4, 1, 1)
2
(58, 64)
--> Day : 1
-> Request 0
442
(3, 1, 1)
2
(60, 66)
-> Request 1
617
(3, 3, 1)
1
(46, 42)
-> Request 2
744
(4, 3, 1)
2
(54, 39)
-> Request 3
1124
(4, 2, 1)
2
(56, 46)
-> Request 4
1185
(4, 2, 2)
1
(49, 28)
-> Request 5
1239
(2, 3, 2)
2
(43, 44)
--> Day : 2
-> Request 0
138
(3, 1, 2)
1
(58, 76)
-> Request 1
321
(3, 3, 2)
3
(59, 45)
-> Request 2
324
(3, 1, 2)
1
(55, 35)
-> Request 3
381
(1, 2, 1)
1
(61, 30)
-> Request 4
408
(1, 1, 2)
2
(62, 78)
-> Request 5
621
(3, 1, 1)
3
(44, 34)
-> Request 6
895
(2, 2, 2)
3
(15, 25)
-> Request 7
1090
(2, 1, 1)
1
(55, 41)
-> Request 8
1095
(1, 3, 1)
1
(54, 70)
-> Request 9
1147
(4, 2, 2)
1
(57, 31)
-> Request 10
1332
(3, 1, 1)
3
(66, 65)
--> Day : 3
-> Request 0
385
(1, 1, 2)
2
(54, 71)
-> Request 1
429
(3, 1, 2)
2
(61, 72)
-> Request 2
467
(3, 3, 1)
2
(61, 76)
-> Request 3
642
(4, 2, 2)
3
(53, 28)
-> Request 4
864
(1, 2, 2)
1
(61, 78)
-> Request 5
955
(1, 2, 1)
2
(11, 22)
--> Day : 4
-> Request 0
87
(4, 2, 2)
3
(62, 38)
-> Request 1
136
(3, 3, 2)
1
(55, 65)
-> Request 2
160
(4, 1, 1)
1
(52, 32)
-> Request 3
399
(3, 2, 1)
3
(61, 68)
-> Request 4
405
(2, 3, 2)
3
(62, 74)
-> Request 5
459
(4, 1, 1)
3
(10, 28)
-> Request 6
586
(4, 1, 2)
2
(58, 74)
-> Request 7
642
(2, 2, 1)
1
(58, 78)
-> Request 8
905
(1, 1, 2)
1
(57, 70)
-> Request 9
950
(1, 2, 1)
1
(60, 40)
-> Request 10
1033
(2, 3, 2)
3
(57, 39)
-> Request 11
1378
(1, 2, 2)
2
(45, 43)
-> Request 12
1405
(4, 2, 1)
3
(62, 71)
---> Week : 25
--> Day : 0
-> Request 0
201
(3, 3, 1)
3
(65, 76)
-> Request 1
434
(2, 1, 2)
1
(61, 34)
-> Request 2
476
(1, 3, 2)
3
(59, 27)
-> Request 3
604
(3, 1, 1)
2
(11, 29)
-> Request 4
658
(4, 2, 2)
1
(56, 72)
-> Request 5
1005
(2, 3, 1)
2
(11, 28)
-> Request 6
1162
(3, 1, 1)
3
(43, 43)
-> Request 7
1365
(2, 3, 1)
1
(17, 29)
--> Day : 1
-> Request 0
202
(1, 1, 1)
3
(55, 39)
-> Request 1
205
(2, 2, 2)
3
(53, 78)
-> Request 2
232
(4, 1, 2)
2
(14, 28)
-> Request 3
376
(3, 2, 2)
1
(54, 30)
-> Request 4
386
(4, 3, 2)
3
(13, 21)
-> Request 5
666
(2, 2, 1)
2
(16, 21)
-> Request 6
1275
(4, 3, 1)
2
(58, 32)
-> Request 7
1351
(1, 2, 2)
2
(51, 30)
--> Day : 2
-> Request 0
48
(2, 1, 2)
2
(53, 32)
-> Request 1
60
(2, 3, 1)
3
(54, 77)
-> Request 2
77
(1, 3, 1)
2
(47, 45)
-> Request 3
210
(1, 1, 2)
2
(54, 69)
-> Request 4
241
(3, 3, 2)
1
(66, 71)
-> Request 5
332
(1, 3, 1)
2
(15, 27)
-> Request 6
351
(2, 2, 1)
3
(62, 29)
-> Request 7
358
(4, 2, 1)
3
(12, 25)
-> Request 8
544
(4, 3, 1)
1
(53, 39)
-> Request 9
626
(4, 1, 2)
1
(14, 20)
-> Request 10
974
(2, 1, 1)
1
(49, 38)
-> Request 11
1048
(4, 3, 2)
3
(57, 33)
-> Request 12
1199
(3, 2, 1)
3
(46, 29)
-> Request 13
1350
(4, 2, 2)
3
(50, 44)
--> Day : 3
-> Request 0
140
(2, 1, 1)
3
(49, 43)
-> Request 1
190
(4, 1, 2)
3
(49, 28)
-> Request 2
240
(2, 3, 2)
2
(57, 37)
-> Request 3
657
(1, 1, 2)
1
(15, 26)
-> Request 4
959
(2, 3, 1)
1
(45, 39)
-> Request 5
1109
(1, 2, 1)
2
(43, 32)
-> Request 6
1220
(3, 3, 1)
2
(45, 45)
-> Request 7
1254
(4, 2, 1)
2
(52, 36)
-> Request 8
1391
(3, 3, 2)
2
(49, 43)
--> Day : 4
-> Request 0
49
(1, 2, 1)
1
(65, 78)
-> Request 1
203
(1, 3, 2)
1
(52, 35)
-> Request 2
248
(4, 3, 2)
2
(17, 20)
-> Request 3
261
(3, 1, 1)
2
(60, 35)
-> Request 4
882
(2, 1, 1)
2
(48, 34)
-> Request 5
1003
(3, 1, 1)
3
(53, 27)
-> Request 6
1109
(1, 3, 2)
2
(10, 29)
-> Request 7
1122
(4, 3, 2)
1
(62, 43)
-> Request 8
1338
(4, 2, 1)
3
(10, 25)
---> Week : 26
--> Day : 0
-> Request 0
274
(2, 2, 1)
2
(61, 76)
-> Request 1
294
(2, 3, 1)
2
(52, 46)
-> Request 2
298
(2, 2, 2)
1
(59, 78)
-> Request 3
593
(4, 3, 2)
2
(49, 27)
-> Request 4
653
(1, 1, 2)
3
(62, 42)
-> Request 5
846
(3, 3, 2)
2
(57, 40)
-> Request 6
921
(2, 3, 1)
1
(48, 42)
-> Request 7
1005
(1, 1, 2)
3
(43, 37)
-> Request 8
1027
(1, 2, 1)
2
(64, 66)
-> Request 9
1185
(4, 3, 2)
1
(50, 44)
-> Request 10
1226
(2, 3, 2)
3
(14, 26)
-> Request 11
1346
(2, 3, 1)
1
(48, 36)
--> Day : 1
-> Request 0
187
(1, 2, 2)
1
(54, 31)
-> Request 1
317
(1, 1, 1)
1
(14, 29)
-> Request 2
353
(1, 2, 2)
1
(53, 36)
-> Request 3
619
(4, 2, 2)
1
(11, 24)
-> Request 4
812
(2, 2, 1)
2
(62, 37)
-> Request 5
981
(3, 2, 2)
1
(54, 34)
-> Request 6
1133
(2, 1, 1)
1
(56, 44)
-> Request 7
1139
(1, 1, 2)
3
(62, 35)
--> Day : 2
-> Request 0
14
(1, 2, 2)
1
(62, 38)
-> Request 1
313
(4, 3, 1)
1
(61, 41)
-> Request 2
567
(4, 1, 1)
2
(51, 40)
-> Request 3
571
(3, 3, 1)
1
(49, 32)
-> Request 4
834
(2, 3, 1)
1
(43, 27)
-> Request 5
841
(3, 1, 2)
3
(64, 71)
-> Request 6
889
(1, 1, 2)
2
(61, 41)
-> Request 7
999
(3, 3, 1)
3
(58, 46)
-> Request 8
1075
(4, 2, 2)
1
(45, 36)
-> Request 9
1093
(2, 1, 1)
2
(56, 74)
-> Request 10
1145
(3, 1, 2)
2
(56, 74)
-> Request 11
1241
(1, 2, 2)
1
(11, 27)
-> Request 12
1282
(3, 1, 1)
3
(61, 66)
-> Request 13
1343
(2, 2, 1)
1
(62, 33)
-> Request 14
1352
(4, 3, 1)
2
(52, 44)
--> Day : 3
-> Request 0
114
(3, 3, 2)
1
(64, 77)
-> Request 1
246
(2, 3, 2)
3
(53, 40)
-> Request 2
309
(4, 3, 2)
2
(52, 64)
-> Request 3
320
(2, 2, 2)
1
(55, 46)
-> Request 4
327
(4, 2, 1)
3
(60, 72)
-> Request 5
357
(2, 3, 1)
2
(56, 68)
-> Request 6
718
(4, 3, 2)
2
(60, 72)
-> Request 7
845
(2, 3, 2)
3
(11, 26)
-> Request 8
936
(3, 3, 1)
1
(63, 72)
-> Request 9
1279
(1, 1, 2)
2
(57, 68)
--> Day : 4
-> Request 0
98
(3, 2, 2)
2
(54, 41)
-> Request 1
436
(2, 2, 2)
2
(58, 40)
-> Request 2
663
(2, 1, 1)
2
(43, 27)
-> Request 3
709
(4, 3, 2)
2
(50, 45)
-> Request 4
718
(2, 3, 2)
3
(61, 31)
-> Request 5
789
(2, 2, 1)
1
(50, 27)
-> Request 6
1152
(3, 3, 1)
1
(60, 28)
-> Request 7
1416
(4, 1, 2)
2
(62, 35)
---> Week : 27
--> Day : 0
-> Request 0
31
(1, 2, 1)
2
(61, 73)
-> Request 1
162
(4, 3, 2)
3
(10, 23)
-> Request 2
306
(4, 2, 1)
3
(52, 46)
-> Request 3
450
(4, 2, 2)
2
(17, 20)
-> Request 4
700
(2, 3, 1)
1
(57, 40)
-> Request 5
999
(2, 1, 2)
3
(60, 27)
-> Request 6
999
(1, 1, 1)
2
(54, 73)
-> Request 7
1284
(3, 1, 2)
2
(54, 37)
-> Request 8
1436
(1, 2, 2)
1
(46, 46)
--> Day : 1
-> Request 0
9
(3, 2, 2)
2
(50, 27)
-> Request 1
145
(4, 2, 2)
2
(64, 70)
-> Request 2
180
(4, 1, 1)
3
(49, 43)
-> Request 3
337
(1, 2, 2)
2
(62, 65)
-> Request 4
467
(2, 2, 2)
1
(56, 30)
-> Request 5
486
(2, 3, 1)
2
(48, 37)
-> Request 6
492
(4, 1, 1)
1
(56, 29)
-> Request 7
867
(2, 3, 2)
1
(47, 44)
-> Request 8
984
(3, 1, 1)
1
(44, 32)
--> Day : 2
-> Request 0
189
(3, 1, 2)
1
(10, 21)
-> Request 1
332
(3, 3, 2)
2
(59, 45)
-> Request 2
409
(3, 1, 1)
3
(63, 70)
-> Request 3
837
(3, 1, 1)
3
(50, 37)
-> Request 4
887
(2, 2, 2)
3
(62, 76)
-> Request 5
1018
(4, 3, 2)
2
(62, 30)
-> Request 6
1233
(2, 2, 2)
2
(57, 27)
-> Request 7
1236
(1, 1, 1)
2
(64, 68)
-> Request 8
1305
(4, 2, 1)
2
(43, 45)
-> Request 9
1436
(2, 1, 2)
3
(62, 40)
--> Day : 3
-> Request 0
62
(2, 3, 2)
3
(58, 30)
-> Request 1
188
(4, 1, 1)
1
(58, 75)
-> Request 2
188
(1, 1, 1)
2
(53, 28)
-> Request 3
665
(4, 3, 1)
1
(63, 66)
-> Request 4
753
(1, 3, 1)
2
(57, 42)
-> Request 5
855
(1, 3, 2)
3
(17, 25)
-> Request 6
869
(2, 1, 1)
3
(65, 75)
-> Request 7
1053
(3, 2, 1)
3
(45, 31)
-> Request 8
1228
(1, 3, 2)
1
(57, 67)
-> Request 9
1383
(1, 1, 2)
2
(62, 69)
--> Day : 4
-> Request 0
226
(3, 3, 2)
2
(52, 37)
-> Request 1
289
(2, 1, 1)
1
(45, 34)
-> Request 2
303
(2, 1, 2)
3
(9, 29)
-> Request 3
446
(3, 2, 1)
2
(54, 29)
-> Request 4
480
(4, 1, 1)
3
(8, 23)
-> Request 5
756
(1, 1, 2)
3
(44, 31)
-> Request 6
974
(3, 1, 2)
1
(47, 29)
-> Request 7
1050
(1, 1, 2)
3
(46, 42)
-> Request 8
1283
(3, 1, 1)
2
(64, 68)
---> Week : 28
--> Day : 0
-> Request 0
95
(2, 2, 1)
3
(57, 42)
-> Request 1
96
(1, 3, 1)
1
(43, 37)
-> Request 2
254
(4, 1, 1)
2
(53, 37)
-> Request 3
255
(2, 3, 1)
2
(64, 74)
-> Request 4
370
(1, 3, 1)
2
(54, 67)
-> Request 5
819
(3, 1, 2)
1
(11, 24)
-> Request 6
901
(2, 1, 1)
1
(53, 46)
-> Request 7
916
(1, 2, 1)
1
(51, 27)
-> Request 8
944
(4, 1, 1)
3
(48, 31)
-> Request 9
946
(4, 3, 1)
1
(65, 75)
-> Request 10
1142
(2, 1, 2)
2
(59, 37)
-> Request 11
1162
(2, 3, 2)
3
(55, 64)
--> Day : 1
-> Request 0
36
(1, 1, 2)
3
(60, 32)
-> Request 1
93
(2, 1, 2)
2
(50, 39)
-> Request 2
179
(2, 3, 2)
3
(16, 20)
-> Request 3
352
(4, 3, 1)
3
(48, 29)
-> Request 4
408
(2, 1, 1)
3
(9, 23)
-> Request 5
582
(4, 2, 2)
3
(52, 45)
-> Request 6
641
(2, 3, 2)
3
(46, 28)
-> Request 7
716
(1, 2, 1)
2
(46, 40)
-> Request 8
723
(3, 2, 2)
3
(59, 73)
-> Request 9
1022
(1, 1, 2)
1
(62, 43)
-> Request 10
1149
(4, 2, 2)
2
(50, 32)
-> Request 11
1384
(1, 3, 2)
2
(45, 28)
--> Day : 2
-> Request 0
537
(3, 3, 1)
3
(57, 45)
-> Request 1
543
(4, 2, 2)
3
(62, 70)
-> Request 2
702
(4, 1, 2)
2
(59, 77)
-> Request 3
767
(2, 3, 1)
3
(57, 74)
-> Request 4
1081
(3, 1, 2)
2
(49, 29)
-> Request 5
1112
(4, 2, 2)
1
(56, 29)
-> Request 6
1140
(3, 2, 1)
2
(53, 29)
-> Request 7
1156
(1, 1, 1)
2
(47, 37)
-> Request 8
1308
(4, 2, 1)
3
(55, 39)
--> Day : 3
-> Request 0
3
(3, 3, 2)
1
(46, 35)
-> Request 1
57
(4, 3, 2)
1
(59, 41)
-> Request 2
63
(3, 1, 1)
1
(47, 31)
-> Request 3
331
(1, 2, 1)
2
(53, 72)
-> Request 4
331
(4, 2, 2)
3
(47, 42)
-> Request 5
393
(2, 1, 2)
3
(8, 25)
-> Request 6
429
(3, 1, 1)
2
(12, 23)
-> Request 7
449
(2, 3, 2)
2
(56, 34)
-> Request 8
569
(3, 1, 2)
3
(65, 74)
-> Request 9
735
(3, 1, 2)
1
(54, 31)
-> Request 10
916
(1, 1, 2)
1
(46, 42)
-> Request 11
956
(4, 2, 2)
2
(50, 29)
-> Request 12
1102
(3, 1, 2)
3
(57, 33)
-> Request 13
1199
(3, 1, 1)
3
(47, 35)
-> Request 14
1332
(3, 3, 2)
1
(43, 39)
-> Request 15
1350
(1, 1, 2)
2
(55, 41)
--> Day : 4
-> Request 0
13
(2, 1, 1)
1
(56, 44)
-> Request 1
47
(3, 3, 1)
3
(61, 30)
-> Request 2
161
(2, 3, 1)
1
(14, 27)
-> Request 3
278
(4, 1, 2)
2
(59, 73)
-> Request 4
337
(4, 1, 2)
3
(58, 33)
-> Request 5
715
(3, 2, 1)
3
(15, 26)
-> Request 6
1042
(1, 1, 2)
1
(8, 20)
-> Request 7
1307
(1, 3, 1)
1
(64, 74)
---> Week : 29
--> Day : 0
-> Request 0
18
(4, 3, 2)
1
(43, 41)
-> Request 1
212
(2, 3, 1)
1
(9, 28)
-> Request 2
584
(3, 2, 2)
3
(17, 23)
-> Request 3
641
(1, 2, 2)
2
(51, 41)
-> Request 4
822
(3, 2, 1)
2
(45, 29)
-> Request 5
857
(3, 3, 1)
1
(43, 36)
-> Request 6
911
(1, 3, 1)
3
(49, 35)
-> Request 7
913
(1, 2, 2)
3
(57, 32)
-> Request 8
973
(3, 3, 1)
2
(66, 76)
-> Request 9
1057
(2, 3, 2)
3
(62, 27)
-> Request 10
1253
(2, 1, 1)
3
(55, 78)
-> Request 11
1415
(2, 2, 2)
1
(51, 35)
--> Day : 1
-> Request 0
91
(4, 1, 2)
2
(55, 66)
-> Request 1
335
(3, 2, 2)
3
(48, 42)
-> Request 2
621
(2, 3, 2)
2
(59, 75)
-> Request 3
829
(1, 3, 1)
3
(62, 44)
-> Request 4
1283
(1, 2, 2)
1
(46, 45)
-> Request 5
1356
(3, 1, 2)
1
(51, 34)
--> Day : 2
-> Request 0
105
(2, 1, 1)
3
(50, 39)
-> Request 1
182
(1, 3, 1)
2
(45, 44)
-> Request 2
240
(1, 2, 1)
1
(51, 35)
-> Request 3
278
(2, 3, 2)
2
(64, 69)
-> Request 4
544
(4, 2, 2)
1
(56, 69)
-> Request 5
640
(1, 3, 2)
1
(12, 23)
-> Request 6
654
(2, 1, 2)
3
(54, 65)
-> Request 7
760
(3, 2, 1)
1
(45, 36)
-> Request 8
921
(4, 3, 2)
1
(55, 78)
-> Request 9
971
(1, 3, 2)
3
(52, 66)
-> Request 10
1101
(2, 3, 2)
3
(13, 27)
-> Request 11
1165
(1, 3, 1)
2
(46, 27)
-> Request 12
1322
(3, 1, 2)
3
(46, 43)
--> Day : 3
-> Request 0
42
(3, 3, 1)
3
(56, 31)
-> Request 1
70
(3, 3, 2)
3
(60, 75)
-> Request 2
391
(3, 3, 1)
1
(64, 74)
-> Request 3
408
(2, 1, 2)
2
(52, 70)
-> Request 4
494
(2, 1, 1)
3
(52, 66)
-> Request 5
902
(4, 1, 2)
1
(66, 76)
-> Request 6
1059
(3, 3, 2)
3
(52, 27)
--> Day : 4
-> Request 0
47
(4, 1, 1)
2
(17, 28)
-> Request 1
235
(4, 3, 2)
3
(51, 37)
-> Request 2
478
(2, 3, 1)
3
(60, 28)
---> Week : 30
--> Day : 0
-> Request 0
95
(3, 1, 2)
1
(58, 69)
-> Request 1
107
(2, 1, 1)
1
(60, 67)
-> Request 2
395
(4, 2, 2)
2
(61, 66)
-> Request 3
395
(2, 3, 1)
1
(56, 27)
-> Request 4
788
(2, 3, 1)
2
(63, 66)
-> Request 5
1218
(1, 2, 1)
1
(61, 64)
-> Request 6
1238
(3, 2, 1)
3
(45, 37)
-> Request 7
1266
(4, 3, 1)
1
(17, 29)
--> Day : 1
-> Request 0
326
(3, 2, 2)
1
(61, 76)
-> Request 1
457
(2, 1, 2)
2
(15, 21)
-> Request 2
502
(3, 2, 2)
3
(45, 34)
-> Request 3
835
(1, 1, 1)
1
(48, 38)
-> Request 4
932
(1, 1, 1)
3
(62, 78)
-> Request 5
1199
(3, 3, 2)
1
(52, 36)
-> Request 6
1360
(2, 3, 2)
3
(55, 43)
--> Day : 2
-> Request 0
165
(4, 3, 2)
1
(54, 46)
-> Request 1
182
(2, 1, 1)
2
(51, 34)
-> Request 2
489
(1, 3, 2)
2
(49, 28)
-> Request 3
786
(2, 2, 1)
3
(65, 75)
-> Request 4
860
(4, 1, 2)
1
(56, 67)
-> Request 5
913
(4, 2, 2)
2
(62, 71)
-> Request 6
930
(1, 1, 1)
3
(53, 32)
-> Request 7
1058
(4, 3, 2)
2
(43, 42)
--> Day : 3
-> Request 0
123
(3, 2, 2)
2
(62, 76)
-> Request 1
363
(1, 1, 2)
3
(63, 75)
-> Request 2
539
(3, 1, 2)
1
(64, 64)
-> Request 3
627
(4, 2, 1)
1
(51, 31)
-> Request 4
821
(3, 2, 2)
1
(11, 21)
-> Request 5
821
(1, 3, 2)
3
(47, 33)
-> Request 6
824
(4, 3, 2)
1
(62, 41)
-> Request 7
871
(1, 2, 1)
2
(60, 77)
-> Request 8
912
(2, 3, 2)
3
(59, 34)
-> Request 9
940
(1, 3, 1)
3
(60, 76)
-> Request 10
1084
(4, 2, 1)
2
(53, 69)
-> Request 11
1218
(4, 2, 2)
1
(64, 72)
-> Request 12
1267
(3, 1, 2)
2
(50, 43)
-> Request 13
1299
(3, 3, 1)
1
(45, 37)
-> Request 14
1301
(2, 2, 1)
1
(8, 21)
--> Day : 4
-> Request 0
466
(3, 3, 1)
1
(43, 37)
-> Request 1
563
(2, 3, 1)
3
(56, 78)
-> Request 2
650
(3, 2, 2)
1
(14, 24)
-> Request 3
729
(1, 1, 2)
2
(50, 40)
-> Request 4
758
(2, 1, 1)
3
(59, 27)
-> Request 5
789
(4, 1, 2)
2
(62, 75)
-> Request 6
801
(4, 3, 1)
2
(12, 20)
-> Request 7
971
(2, 1, 1)
1
(12, 24)
-> Request 8
1232
(4, 2, 2)
2
(63, 65)
-> Request 9
1263
(3, 2, 2)
2
(55, 67)
---> Week : 31
--> Day : 0
-> Request 0
130
(3, 1, 1)
1
(59, 39)
-> Request 1
309
(4, 3, 2)
2
(65, 77)
-> Request 2
470
(3, 1, 1)
2
(48, 37)
-> Request 3
927
(1, 1, 1)
1
(57, 46)
-> Request 4
959
(4, 3, 1)
2
(53, 44)
-> Request 5
1348
(2, 3, 1)
3
(16, 23)
--> Day : 1
-> Request 0
36
(3, 3, 2)
3
(61, 76)
-> Request 1
755
(4, 1, 2)
3
(62, 66)
-> Request 2
1061
(3, 3, 2)
3
(58, 32)
-> Request 3
1077
(3, 1, 2)
1
(64, 74)
-> Request 4
1095
(4, 3, 1)
1
(9, 25)
-> Request 5
1301
(1, 2, 1)
1
(47, 34)
-> Request 6
1424
(1, 3, 2)
3
(63, 66)
--> Day : 2
-> Request 0
61
(1, 1, 2)
2
(57, 33)
-> Request 1
82
(2, 3, 1)
2
(56, 76)
-> Request 2
91
(1, 2, 1)
3
(56, 74)
-> Request 3
194
(4, 3, 1)
2
(56, 69)
-> Request 4
656
(3, 3, 1)
2
(65, 64)
-> Request 5
946
(4, 3, 2)
2
(57, 27)
-> Request 6
1222
(3, 1, 1)
1
(57, 27)
-> Request 7
1306
(3, 1, 2)
3
(65, 69)
--> Day : 3
-> Request 0
19
(4, 3, 2)
3
(57, 69)
-> Request 1
125
(3, 1, 1)
2
(55, 34)
-> Request 2
254
(2, 3, 1)
3
(58, 27)
-> Request 3
318
(1, 1, 1)
2
(8, 29)
-> Request 4
704
(2, 1, 2)
1
(46, 39)
-> Request 5
985
(2, 2, 1)
3
(13, 21)
-> Request 6
1147
(4, 1, 1)
3
(45, 40)
-> Request 7
1319
(1, 2, 1)
3
(17, 27)
-> Request 8
1387
(3, 3, 1)
2
(55, 74)
--> Day : 4
-> Request 0
49
(4, 3, 2)
2
(63, 66)
-> Request 1
312
(4, 2, 2)
3
(61, 77)
-> Request 2
505
(3, 1, 2)
2
(62, 75)
-> Request 3
635
(1, 3, 1)
3
(61, 33)
-> Request 4
635
(1, 2, 1)
1
(61, 65)
-> Request 5
663
(3, 2, 2)
2
(61, 68)
-> Request 6
685
(2, 3, 2)
1
(57, 75)
-> Request 7
812
(1, 2, 2)
1
(56, 29)
-> Request 8
857
(4, 3, 2)
3
(45, 30)
-> Request 9
924
(2, 2, 1)
1
(54, 73)
-> Request 10
1034
(3, 3, 2)
2
(8, 24)
-> Request 11
1080
(3, 3, 1)
1
(56, 45)
-> Request 12
1322
(4, 2, 2)
2
(52, 67)
---> Week : 32
--> Day : 0
-> Request 0
123
(2, 2, 1)
1
(61, 65)
-> Request 1
149
(1, 1, 2)
3
(58, 40)
-> Request 2
399
(3, 3, 1)
2
(13, 21)
-> Request 3
446
(2, 3, 1)
3
(43, 40)
-> Request 4
451
(3, 3, 1)
1
(57, 34)
-> Request 5
550
(2, 1, 1)
1
(50, 46)
-> Request 6
844
(2, 2, 2)
2
(56, 76)
-> Request 7
898
(3, 2, 1)
2
(59, 64)
--> Day : 1
-> Request 0
211
(1, 2, 1)
3
(55, 71)
-> Request 1
301
(1, 3, 2)
3
(58, 39)
-> Request 2
365
(4, 2, 1)
3
(60, 35)
-> Request 3
490
(2, 2, 1)
2
(60, 29)
-> Request 4
751
(1, 1, 2)
3
(44, 40)
-> Request 5
783
(1, 2, 2)
3
(66, 66)
-> Request 6
1088
(4, 2, 2)
1
(59, 29)
-> Request 7
1096
(1, 3, 2)
3
(61, 42)
-> Request 8
1255
(1, 3, 2)
2
(53, 66)
-> Request 9
1263
(1, 2, 1)
1
(10, 27)
-> Request 10
1284
(3, 2, 1)
1
(62, 35)
--> Day : 2
-> Request 0
198
(4, 1, 2)
3
(47, 36)
-> Request 1
348
(4, 1, 2)
3
(56, 36)
-> Request 2
377
(4, 2, 2)
2
(49, 31)
-> Request 3
378
(3, 1, 2)
2
(53, 71)
-> Request 4
1050
(3, 2, 1)
1
(53, 64)
-> Request 5
1114
(3, 3, 2)
3
(48, 28)
-> Request 6
1186
(3, 3, 2)
3
(45, 36)
-> Request 7
1329
(1, 2, 2)
2
(52, 30)
--> Day : 3
-> Request 0
18
(2, 3, 1)
2
(53, 41)
-> Request 1
184
(3, 2, 2)
1
(45, 37)
-> Request 2
237
(3, 2, 1)
2
(55, 46)
-> Request 3
357
(4, 3, 1)
2
(53, 41)
-> Request 4
692
(4, 1, 1)
1
(61, 42)
-> Request 5
823
(1, 2, 1)
1
(54, 71)
-> Request 6
871
(2, 3, 1)
3
(60, 29)
-> Request 7
1069
(4, 2, 1)
1
(50, 31)
-> Request 8
1138
(2, 2, 2)
2
(12, 24)
-> Request 9
1290
(2, 3, 2)
2
(8, 25)
-> Request 10
1326
(1, 2, 2)
1
(9, 22)
-> Request 11
1392
(3, 2, 1)
3
(8, 22)
-> Request 12
1417
(3, 1, 2)
2
(61, 43)
--> Day : 4
-> Request 0
16
(1, 1, 1)
1
(43, 32)
-> Request 1
248
(2, 1, 2)
2
(61, 42)
-> Request 2
328
(2, 3, 2)
1
(61, 65)
-> Request 3
762
(4, 2, 2)
3
(15, 25)
-> Request 4
1412
(1, 3, 1)
3
(48, 37)
---> Week : 33
--> Day : 0
-> Request 0
139
(2, 2, 2)
2
(46, 35)
-> Request 1
363
(1, 3, 2)
3
(49, 37)
-> Request 2
474
(2, 1, 1)
3
(56, 35)
-> Request 3
495
(3, 2, 1)
2
(55, 74)
-> Request 4
784
(3, 2, 1)
3
(49, 40)
-> Request 5
1135
(3, 1, 2)
3
(13, 28)
-> Request 6
1296
(1, 2, 2)
2
(47, 31)
--> Day : 1
-> Request 0
59
(1, 2, 2)
1
(46, 35)
-> Request 1
148
(1, 2, 2)
2
(48, 30)
-> Request 2
568
(3, 3, 1)
2
(55, 42)
-> Request 3
610
(1, 3, 2)
1
(55, 65)
-> Request 4
703
(3, 3, 2)
2
(50, 39)
-> Request 5
769
(3, 1, 2)
2
(12, 29)
-> Request 6
777
(2, 3, 1)
3
(52, 39)
-> Request 7
873
(2, 1, 1)
2
(60, 37)
-> Request 8
916
(4, 2, 2)
3
(54, 36)
-> Request 9
1010
(2, 3, 2)
2
(60, 71)
-> Request 10
1038
(4, 1, 1)
1
(65, 64)
-> Request 11
1113
(4, 3, 2)
3
(53, 43)
-> Request 12
1229
(3, 1, 2)
3
(44, 36)
--> Day : 2
-> Request 0
117
(2, 2, 2)
1
(56, 27)
-> Request 1
278
(2, 2, 2)
3
(60, 42)
-> Request 2
485
(2, 2, 1)
1
(61, 29)
-> Request 3
526
(4, 2, 2)
2
(15, 26)
-> Request 4
738
(2, 2, 1)
3
(52, 34)
-> Request 5
1146
(2, 1, 1)
2
(55, 37)
-> Request 6
1261
(3, 3, 2)
1
(9, 21)
-> Request 7
1342
(4, 3, 2)
2
(51, 40)
--> Day : 3
-> Request 0
479
(1, 3, 1)
2
(52, 78)
-> Request 1
506
(1, 3, 2)
3
(60, 43)
-> Request 2
542
(1, 1, 2)
3
(9, 25)
-> Request 3
705
(1, 2, 1)
1
(61, 74)
-> Request 4
816
(2, 3, 1)
1
(45, 41)
-> Request 5
914
(2, 3, 1)
1
(44, 45)
-> Request 6
914
(3, 3, 1)
1
(58, 45)
-> Request 7
1055
(4, 3, 1)
3
(61, 45)
-> Request 8
1150
(4, 3, 1)
2
(51, 43)
-> Request 9
1243
(3, 3, 1)
3
(54, 34)
-> Request 10
1339
(2, 2, 1)
3
(56, 77)
--> Day : 4
-> Request 0
249
(2, 3, 1)
3
(65, 65)
-> Request 1
275
(3, 2, 1)
2
(55, 39)
-> Request 2
318
(2, 2, 1)
2
(52, 66)
-> Request 3
709
(4, 1, 1)
1
(10, 27)
-> Request 4
1032
(3, 2, 1)
1
(56, 34)
-> Request 5
1202
(2, 3, 1)
3
(44, 32)
---> Week : 34
--> Day : 0
-> Request 0
676
(4, 1, 1)
1
(52, 43)
-> Request 1
862
(3, 1, 1)
3
(55, 43)
-> Request 2
869
(2, 1, 1)
3
(44, 45)
-> Request 3
1029
(2, 2, 2)
2
(61, 77)
-> Request 4
1092
(2, 3, 2)
1
(57, 45)
-> Request 5
1125
(3, 3, 1)
3
(55, 75)
-> Request 6
1161
(4, 3, 2)
2
(44, 28)
--> Day : 1
-> Request 0
198
(4, 2, 1)
2
(12, 26)
-> Request 1
310
(3, 1, 2)
2
(58, 74)
-> Request 2
463
(1, 1, 2)
1
(60, 31)
-> Request 3
974
(2, 2, 2)
3
(46, 36)
-> Request 4
1196
(3, 1, 2)
1
(47, 29)
--> Day : 2
-> Request 0
267
(2, 3, 1)
1
(50, 37)
-> Request 1
359
(1, 1, 1)
3
(16, 24)
-> Request 2
385
(4, 3, 2)
2
(60, 34)
-> Request 3
526
(4, 1, 1)
1
(53, 77)
-> Request 4
710
(4, 1, 1)
3
(44, 44)
--> Day : 3
-> Request 0
143
(1, 2, 2)
1
(61, 30)
-> Request 1
996
(2, 1, 1)
1
(13, 21)
-> Request 2
1068
(2, 3, 1)
3
(54, 31)
-> Request 3
1079
(3, 2, 2)
2
(46, 28)
-> Request 4
1162
(3, 2, 2)
2
(45, 30)
-> Request 5
1213
(1, 3, 2)
3
(62, 40)
-> Request 6
1400
(1, 2, 1)
3
(45, 34)
-> Request 7
1419
(4, 3, 1)
3
(58, 36)
--> Day : 4
-> Request 0
156
(1, 3, 2)
3
(43, 40)
-> Request 1
515
(1, 3, 1)
2
(60, 40)
-> Request 2
856
(1, 2, 1)
1
(8, 28)
-> Request 3
879
(3, 2, 2)
2
(61, 28)
-> Request 4
902
(4, 2, 1)
1
(61, 34)
-> Request 5
963
(1, 2, 2)
2
(56, 43)
-> Request 6
1035
(4, 1, 2)
2
(62, 73)
---> Week : 35
--> Day : 0
-> Request 0
44
(2, 1, 1)
2
(9, 20)
-> Request 1
133
(3, 1, 2)
2
(54, 32)
-> Request 2
390
(2, 1, 2)
3
(49, 46)
-> Request 3
392
(3, 2, 1)
3
(62, 76)
-> Request 4
426
(4, 2, 1)
1
(49, 28)
-> Request 5
707
(4, 2, 2)
1
(56, 74)
-> Request 6
1099
(3, 2, 2)
3
(59, 67)
-> Request 7
1144
(3, 2, 2)
3
(13, 21)
-> Request 8
1253
(3, 1, 2)
1
(66, 68)
--> Day : 1
-> Request 0
1
(2, 1, 2)
2
(58, 34)
-> Request 1
31
(4, 2, 1)
3
(57, 38)
-> Request 2
32
(2, 1, 2)
1
(51, 32)
-> Request 3
594
(2, 3, 1)
3
(65, 78)
-> Request 4
701
(1, 2, 2)
2
(14, 22)
-> Request 5
728
(3, 1, 2)
1
(61, 29)
-> Request 6
829
(4, 1, 1)
3
(44, 44)
-> Request 7
1035
(2, 1, 1)
2
(44, 33)
-> Request 8
1283
(4, 2, 1)
2
(64, 69)
-> Request 9
1318
(4, 1, 1)
3
(59, 31)
--> Day : 2
-> Request 0
27
(1, 3, 1)
2
(61, 41)
-> Request 1
158
(3, 1, 1)
3
(15, 20)
-> Request 2
191
(2, 2, 1)
2
(15, 24)
-> Request 3
223
(4, 3, 1)
3
(60, 75)
-> Request 4
472
(3, 1, 2)
1
(58, 64)
-> Request 5
635
(3, 1, 2)
3
(58, 35)
-> Request 6
972
(2, 1, 1)
2
(59, 33)
-> Request 7
1079
(3, 2, 1)
2
(44, 44)
-> Request 8
1233
(4, 3, 2)
1
(52, 33)
--> Day : 3
-> Request 0
79
(3, 3, 1)
3
(52, 35)
-> Request 1
105
(1, 2, 2)
2
(57, 43)
-> Request 2
151
(3, 3, 2)
1
(56, 76)
-> Request 3
483
(2, 1, 1)
3
(46, 29)
-> Request 4
836
(2, 1, 2)
2
(53, 32)
-> Request 5
853
(1, 2, 2)
1
(54, 64)
-> Request 6
862
(3, 1, 2)
1
(53, 32)
-> Request 7
891
(3, 2, 1)
2
(52, 42)
-> Request 8
1196
(2, 2, 1)
3
(57, 64)
-> Request 9
1222
(3, 2, 2)
2
(16, 25)
-> Request 10
1389
(4, 1, 2)
2
(17, 22)
--> Day : 4
-> Request 0
23
(3, 3, 1)
3
(54, 72)
-> Request 1
259
(2, 1, 2)
3
(65, 64)
-> Request 2
485
(2, 1, 2)
1
(56, 78)
-> Request 3
567
(3, 1, 1)
1
(56, 31)
-> Request 4
710
(3, 3, 2)
3
(16, 23)
-> Request 5
737
(4, 1, 2)
2
(59, 30)
-> Request 6
865
(3, 2, 1)
1
(47, 28)
-> Request 7
890
(4, 2, 1)
2
(50, 33)
-> Request 8
1107
(2, 2, 2)
1
(58, 28)
-> Request 9
1423
(3, 3, 2)
2
(57, 65)
---> Week : 36
--> Day : 0
-> Request 0
99
(1, 1, 2)
3
(58, 78)
-> Request 1
105
(1, 2, 1)
2
(8, 20)
-> Request 2
383
(1, 3, 1)
3
(52, 27)
-> Request 3
465
(4, 1, 1)
2
(46, 33)
-> Request 4
495
(4, 1, 1)
3
(61, 33)
-> Request 5
801
(4, 2, 2)
2
(52, 30)
-> Request 6
877
(1, 3, 2)
1
(46, 34)
-> Request 7
1068
(3, 3, 1)
1
(65, 70)
-> Request 8
1089
(1, 3, 1)
3
(52, 71)
-> Request 9
1111
(4, 2, 1)
3
(55, 32)
-> Request 10
1250
(3, 3, 2)
3
(57, 27)
-> Request 11
1336
(4, 2, 1)
3
(60, 68)
-> Request 12
1424
(2, 2, 1)
2
(44, 43)
--> Day : 1
-> Request 0
37
(4, 2, 1)
1
(57, 32)
-> Request 1
131
(4, 3, 1)
3
(53, 77)
-> Request 2
136
(4, 2, 1)
1
(62, 36)
-> Request 3
251
(3, 3, 1)
1
(55, 35)
-> Request 4
377
(3, 1, 2)
1
(57, 42)
-> Request 5
522
(1, 3, 1)
2
(44, 38)
-> Request 6
629
(4, 1, 2)
2
(11, 27)
-> Request 7
781
(3, 1, 1)
1
(57, 38)
-> Request 8
1003
(3, 3, 1)
3
(64, 69)
-> Request 9
1156
(4, 1, 1)
1
(12, 20)
-> Request 10
1379
(3, 3, 1)
1
(43, 30)
--> Day : 2
-> Request 0
130
(2, 2, 1)
2
(48, 40)
-> Request 1
447
(2, 1, 2)
1
(47, 45)
-> Request 2
470
(4, 2, 2)
1
(12, 24)
-> Request 3
1118
(3, 2, 2)
3
(46, 45)
-> Request 4
1213
(2, 3, 2)
3
(46, 43)
-> Request 5
1239
(2, 1, 1)
1
(57, 27)
-> Request 6
1268
(2, 2, 1)
3
(63, 64)
-> Request 7
1339
(4, 1, 2)
2
(58, 37)
--> Day : 3
-> Request 0
312
(2, 3, 2)
3
(56, 27)
-> Request 1
361
(3, 1, 2)
3
(43, 29)
-> Request 2
494
(4, 2, 1)
3
(8, 20)
-> Request 3
555
(3, 2, 1)
1
(55, 69)
-> Request 4
607
(2, 3, 1)
2
(52, 38)
-> Request 5
629
(3, 1, 2)
2
(13, 20)
-> Request 6
681
(3, 3, 1)
3
(61, 78)
-> Request 7
996
(3, 1, 2)
3
(56, 64)
-> Request 8
1009
(2, 3, 2)
1
(66, 64)
-> Request 9
1116
(4, 3, 1)
3
(43, 46)
-> Request 10
1135
(3, 2, 1)
1
(52, 76)
-> Request 11
1182
(3, 1, 2)
1
(53, 38)
-> Request 12
1352
(1, 1, 1)
2
(58, 64)
-> Request 13
1421
(3, 3, 1)
1
(55, 34)
--> Day : 4
-> Request 0
156
(1, 2, 2)
1
(64, 70)
-> Request 1
214
(1, 2, 1)
3
(47, 28)
-> Request 2
298
(4, 3, 2)
1
(49, 37)
-> Request 3
306
(2, 1, 1)
3
(45, 36)
-> Request 4
392
(2, 1, 2)
1
(61, 38)
-> Request 5
570
(4, 2, 2)
3
(52, 33)
-> Request 6
574
(3, 2, 1)
2
(43, 45)
-> Request 7
636
(4, 3, 1)
1
(55, 74)
-> Request 8
763
(4, 3, 2)
3
(61, 77)
-> Request 9
803
(2, 1, 1)
1
(57, 66)
-> Request 10
974
(1, 1, 1)
1
(53, 70)
-> Request 11
1013
(2, 3, 2)
2
(58, 45)
---> Week : 37
--> Day : 0
-> Request 0
326
(2, 1, 2)
1
(14, 25)
-> Request 1
344
(3, 1, 1)
2
(55, 74)
-> Request 2
624
(2, 1, 1)
1
(9, 29)
-> Request 3
660
(4, 1, 2)
2
(61, 71)
-> Request 4
700
(4, 3, 1)
1
(55, 33)
-> Request 5
837
(2, 2, 2)
2
(53, 40)
-> Request 6
1025
(1, 3, 1)
2
(45, 44)
-> Request 7
1043
(3, 3, 1)
2
(10, 28)
-> Request 8
1205
(2, 2, 1)
1
(63, 76)
-> Request 9
1268
(2, 3, 2)
3
(56, 42)
--> Day : 1
-> Request 0
290
(2, 1, 1)
2
(61, 38)
-> Request 1
358
(3, 2, 2)
2
(60, 66)
-> Request 2
466
(1, 2, 2)
1
(50, 46)
-> Request 3
853
(2, 3, 2)
3
(46, 35)
-> Request 4
864
(2, 3, 2)
1
(55, 36)
-> Request 5
966
(1, 1, 2)
3
(17, 24)
-> Request 6
1192
(4, 1, 2)
3
(60, 27)
-> Request 7
1224
(4, 1, 1)
2
(11, 28)
-> Request 8
1319
(4, 1, 2)
2
(57, 72)
-> Request 9
1391
(3, 2, 1)
3
(57, 38)
--> Day : 2
-> Request 0
24
(4, 2, 2)
3
(10, 25)
-> Request 1
26
(3, 3, 1)
2
(47, 45)
-> Request 2
26
(4, 3, 2)
3
(62, 66)
-> Request 3
274
(1, 1, 2)
1
(46, 33)
-> Request 4
349
(4, 1, 2)
3
(66, 70)
-> Request 5
420
(2, 2, 2)
3
(52, 39)
-> Request 6
645
(1, 1, 1)
2
(65, 67)
-> Request 7
1199
(1, 1, 2)
3
(11, 28)
-> Request 8
1330
(2, 2, 2)
2
(64, 64)
-> Request 9
1332
(4, 3, 1)
3
(44, 31)
-> Request 10
1359
(1, 3, 1)
3
(13, 29)
--> Day : 3
-> Request 0
127
(1, 2, 1)
3
(48, 34)
-> Request 1
229
(4, 1, 2)
1
(60, 32)
-> Request 2
390
(3, 2, 1)
2
(54, 41)
-> Request 3
505
(4, 3, 2)
1
(60, 35)
-> Request 4
545
(3, 1, 2)
1
(51, 30)
-> Request 5
704
(3, 3, 2)
1
(60, 31)
-> Request 6
708
(1, 2, 1)
3
(57, 73)
-> Request 7
1107
(4, 1, 1)
1
(56, 44)
-> Request 8
1222
(1, 2, 1)
3
(58, 70)
--> Day : 4
-> Request 0
7
(2, 1, 1)
3
(56, 46)
-> Request 1
131
(4, 3, 2)
3
(50, 30)
-> Request 2
273
(1, 2, 1)
1
(60, 78)
-> Request 3
346
(4, 1, 2)
3
(66, 68)
-> Request 4
354
(4, 1, 1)
2
(53, 27)
-> Request 5
499
(2, 3, 2)
2
(47, 41)
-> Request 6
1248
(4, 1, 1)
2
(43, 46)
---> Week : 38
--> Day : 0
-> Request 0
41
(4, 2, 1)
3
(59, 78)
-> Request 1
211
(2, 1, 1)
2
(53, 38)
-> Request 2
282
(1, 2, 1)
3
(11, 21)
-> Request 3
590
(4, 2, 1)
3
(51, 29)
-> Request 4
728
(2, 1, 2)
1
(49, 42)
-> Request 5
795
(1, 1, 2)
3
(54, 77)
-> Request 6
1089
(1, 2, 2)
3
(44, 41)
-> Request 7
1270
(2, 3, 2)
1
(59, 66)
--> Day : 1
-> Request 0
306
(1, 1, 2)
3
(46, 40)
-> Request 1
412
(4, 2, 1)
1
(59, 65)
-> Request 2
533
(3, 1, 1)
3
(53, 64)
-> Request 3
740
(2, 3, 1)
3
(56, 39)
-> Request 4
755
(4, 1, 1)
1
(51, 31)
-> Request 5
813
(3, 3, 1)
3
(61, 28)
-> Request 6
1098
(2, 3, 1)
3
(56, 75)
--> Day : 2
-> Request 0
301
(2, 3, 1)
2
(45, 30)
-> Request 1
396
(1, 2, 2)
1
(54, 64)
-> Request 2
541
(4, 2, 2)
2
(17, 25)
-> Request 3
805
(1, 2, 2)
1
(65, 75)
-> Request 4
861
(1, 3, 2)
3
(65, 68)
-> Request 5
1018
(3, 3, 1)
3
(52, 66)
-> Request 6
1040
(2, 3, 2)
2
(53, 72)
-> Request 7
1218
(2, 2, 2)
3
(63, 67)
--> Day : 3
-> Request 0
8
(2, 2, 2)
2
(10, 26)
-> Request 1
275
(4, 2, 1)
3
(54, 27)
-> Request 2
384
(3, 1, 2)
2
(53, 43)
-> Request 3
408
(4, 3, 1)
3
(64, 71)
-> Request 4
515
(4, 1, 2)
3
(51, 34)
-> Request 5
733
(3, 2, 2)
1
(50, 27)
-> Request 6
739
(2, 1, 1)
1
(66, 74)
-> Request 7
807
(2, 3, 2)
1
(60, 44)
-> Request 8
810
(2, 2, 2)
3
(60, 35)
-> Request 9
988
(2, 1, 1)
2
(54, 78)
-> Request 10
1239
(4, 2, 2)
3
(61, 46)
-> Request 11
1314
(1, 2, 2)
1
(46, 27)
--> Day : 4
-> Request 0
108
(4, 1, 1)
2
(11, 21)
-> Request 1
160
(4, 3, 1)
3
(58, 64)
-> Request 2
435
(4, 2, 1)
3
(60, 27)
-> Request 3
497
(1, 1, 2)
1
(61, 38)
-> Request 4
832
(2, 2, 1)
1
(43, 39)
-> Request 5
854
(4, 3, 2)
2
(8, 28)
-> Request 6
1053
(4, 1, 2)
1
(46, 33)
-> Request 7
1057
(2, 1, 1)
1
(54, 35)
-> Request 8
1192
(4, 3, 2)
3
(62, 40)
-> Request 9
1334
(2, 3, 2)
1
(49, 40)
-> Request 10
1365
(2, 1, 2)
2
(57, 29)
-> Request 11
1382
(1, 1, 1)
2
(44, 37)
---> Week : 39
--> Day : 0
-> Request 0
64
(2, 1, 1)
3
(12, 21)
-> Request 1
158
(3, 2, 1)
3
(58, 34)
-> Request 2
165
(3, 2, 2)
1
(50, 33)
-> Request 3
292
(4, 1, 2)
3
(48, 38)
-> Request 4
647
(1, 3, 1)
3
(52, 27)
-> Request 5
713
(4, 2, 2)
1
(44, 35)
-> Request 6
1195
(3, 1, 1)
1
(49, 46)
-> Request 7
1196
(4, 3, 2)
1
(52, 31)
-> Request 8
1325
(2, 1, 1)
1
(17, 22)
-> Request 9
1346
(4, 1, 1)
2
(16, 26)
--> Day : 1
-> Request 0
48
(1, 1, 1)
2
(58, 34)
-> Request 1
232
(1, 2, 2)
3
(59, 64)
-> Request 2
303
(1, 3, 2)
1
(61, 41)
-> Request 3
728
(4, 2, 2)
3
(60, 32)
-> Request 4
991
(1, 1, 2)
2
(63, 70)
-> Request 5
1198
(4, 3, 1)
1
(56, 30)
--> Day : 2
-> Request 0
133
(4, 2, 1)
2
(11, 25)
-> Request 1
496
(2, 1, 2)
1
(59, 72)
-> Request 2
550
(2, 1, 1)
3
(44, 28)
-> Request 3
646
(4, 3, 2)
3
(58, 42)
-> Request 4
861
(4, 2, 1)
3
(65, 75)
-> Request 5
873
(1, 1, 2)
3
(55, 35)
-> Request 6
1113
(4, 3, 2)
1
(55, 77)
-> Request 7
1245
(2, 1, 1)
2
(13, 28)
--> Day : 3
-> Request 0
117
(1, 3, 1)
2
(45, 44)
-> Request 1
536
(1, 3, 1)
3
(43, 33)
-> Request 2
940
(1, 1, 1)
2
(17, 24)
-> Request 3
1092
(2, 2, 1)
3
(55, 33)
-> Request 4
1122
(4, 1, 1)
3
(16, 25)
-> Request 5
1210
(2, 2, 2)
1
(54, 69)
-> Request 6
1368
(1, 1, 2)
1
(46, 31)
-> Request 7
1376
(3, 1, 2)
2
(57, 78)
--> Day : 4
-> Request 0
60
(3, 2, 2)
1
(49, 30)
-> Request 1
118
(2, 3, 1)
1
(66, 68)
-> Request 2
120
(4, 3, 2)
3
(61, 36)
-> Request 3
248
(1, 2, 1)
1
(62, 27)
-> Request 4
264
(2, 2, 1)
1
(52, 76)
-> Request 5
276
(1, 2, 1)
2
(63, 77)
-> Request 6
578
(4, 3, 1)
1
(9, 23)
-> Request 7
955
(1, 1, 2)
2
(56, 72)
-> Request 8
968
(3, 1, 2)
2
(54, 67)
-> Request 9
1171
(2, 2, 1)
2
(66, 66)
-> Request 10
1299
(2, 2, 2)
2
(66, 72)
-> Request 11
1388
(2, 2, 2)
2
(63, 71)
---> Week : 40
--> Day : 0
-> Request 0
362
(3, 2, 2)
2
(55, 30)
-> Request 1
579
(2, 2, 2)
3
(63, 77)
-> Request 2
620
(1, 3, 1)
1
(46, 30)
-> Request 3
780
(4, 3, 2)
2
(49, 42)
-> Request 4
986
(4, 3, 2)
1
(60, 45)
-> Request 5
1437
(2, 1, 2)
2
(64, 75)
--> Day : 1
-> Request 0
461
(2, 1, 1)
1
(17, 22)
-> Request 1
498
(1, 2, 1)
3
(63, 71)
-> Request 2
875
(1, 1, 1)
1
(54, 33)
-> Request 3
934
(1, 2, 1)
3
(65, 65)
-> Request 4
1002
(4, 2, 1)
2
(17, 26)
-> Request 5
1105
(3, 2, 2)
3
(55, 34)
-> Request 6
1113
(4, 2, 2)
2
(57, 71)
-> Request 7
1185
(1, 2, 1)
1
(15, 26)
-> Request 8
1402
(1, 1, 2)
3
(51, 28)
--> Day : 2
-> Request 0
86
(2, 1, 1)
3
(14, 20)
-> Request 1
244
(1, 2, 2)
2
(60, 35)
-> Request 2
495
(1, 3, 2)
2
(60, 36)
-> Request 3
503
(3, 1, 1)
2
(52, 35)
-> Request 4
510
(3, 3, 2)
2
(66, 68)
-> Request 5
659
(3, 1, 1)
2
(64, 67)
-> Request 6
750
(1, 1, 2)
1
(53, 68)
-> Request 7
1037
(1, 3, 1)
2
(47, 40)
-> Request 8
1219
(4, 3, 1)
1
(15, 27)
-> Request 9
1356
(1, 3, 2)
1
(12, 26)
--> Day : 3
-> Request 0
89
(3, 1, 2)
1
(10, 29)
-> Request 1
182
(4, 3, 2)
3
(54, 68)
-> Request 2
260
(3, 3, 1)
2
(10, 24)
-> Request 3
339
(2, 3, 1)
2
(60, 68)
-> Request 4
489
(4, 1, 2)
3
(59, 46)
-> Request 5
876
(4, 2, 2)
2
(59, 35)
-> Request 6
1001
(4, 3, 1)
1
(56, 45)
-> Request 7
1035
(4, 3, 1)
1
(45, 30)
-> Request 8
1082
(2, 1, 2)
2
(53, 27)
-> Request 9
1240
(3, 1, 1)
2
(43, 30)
-> Request 10
1289
(4, 1, 2)
1
(61, 72)
--> Day : 4
-> Request 0
66
(4, 1, 2)
3
(46, 35)
-> Request 1
223
(4, 1, 1)
1
(12, 20)
-> Request 2
240
(4, 3, 2)
2
(55, 40)
-> Request 3
307
(4, 1, 1)
3
(54, 38)
-> Request 4
362
(2, 3, 1)
1
(59, 32)
-> Request 5
432
(2, 2, 1)
1
(13, 24)
-> Request 6
461
(1, 1, 1)
2
(66, 68)
-> Request 7
519
(2, 3, 2)
1
(45, 35)
-> Request 8
525
(4, 3, 1)
3
(58, 40)
-> Request 9
590
(3, 3, 2)
3
(53, 34)
-> Request 10
637
(3, 1, 1)
3
(49, 34)
-> Request 11
1076
(1, 3, 1)
3
(53, 74)
-> Request 12
1181
(1, 2, 2)
3
(47, 34)
---> Week : 41
--> Day : 0
-> Request 0
89
(4, 1, 2)
3
(54, 46)
-> Request 1
206
(2, 1, 2)
1
(64, 73)
-> Request 2
444
(2, 1, 1)
1
(47, 40)
-> Request 3
899
(2, 3, 1)
2
(54, 46)
-> Request 4
935
(4, 1, 1)
2
(14, 23)
-> Request 5
981
(1, 1, 1)
1
(57, 37)
-> Request 6
989
(3, 3, 1)
3
(52, 39)
-> Request 7
1088
(4, 1, 1)
3
(16, 21)
--> Day : 1
-> Request 0
347
(2, 1, 1)
3
(52, 73)
-> Request 1
483
(3, 1, 1)
3
(53, 34)
-> Request 2
648
(1, 3, 2)
3
(60, 68)
-> Request 3
1056
(2, 1, 2)
3
(58, 44)
-> Request 4
1095
(4, 1, 2)
3
(52, 28)
-> Request 5
1164
(4, 3, 1)
2
(57, 42)
-> Request 6
1354
(1, 3, 1)
3
(47, 44)
--> Day : 2
-> Request 0
513
(2, 1, 1)
1
(56, 33)
-> Request 1
677
(3, 2, 1)
1
(43, 45)
-> Request 2
773
(1, 3, 1)
3
(53, 75)
-> Request 3
812
(2, 1, 1)
3
(58, 71)
-> Request 4
872
(2, 3, 1)
2
(52, 75)
-> Request 5
1121
(4, 3, 1)
2
(56, 40)
--> Day : 3
-> Request 0
18
(1, 2, 1)
1
(55, 39)
-> Request 1
135
(4, 1, 2)
1
(44, 39)
-> Request 2
550
(2, 2, 2)
1
(10, 22)
-> Request 3
724
(2, 2, 2)
2
(60, 70)
-> Request 4
767
(3, 3, 2)
1
(47, 32)
-> Request 5
934
(4, 2, 2)
2
(57, 68)
-> Request 6
1002
(4, 1, 2)
3
(47, 40)
-> Request 7
1037
(4, 1, 1)
3
(45, 41)
-> Request 8
1323
(1, 2, 1)
2
(60, 71)
-> Request 9
1411
(2, 3, 2)
3
(47, 34)
--> Day : 4
-> Request 0
13
(1, 2, 2)
1
(14, 22)
-> Request 1
36
(4, 3, 2)
3
(55, 36)
-> Request 2
94
(1, 1, 1)
1
(56, 77)
-> Request 3
139
(4, 2, 1)
2
(15, 26)
-> Request 4
171
(2, 1, 2)
1
(54, 65)
-> Request 5
246
(1, 1, 2)
1
(48, 44)
-> Request 6
340
(4, 1, 2)
3
(45, 45)
-> Request 7
390
(3, 3, 2)
2
(55, 30)
-> Request 8
553
(4, 1, 2)
1
(51, 42)
-> Request 9
580
(1, 1, 1)
1
(58, 66)
-> Request 10
759
(2, 2, 1)
1
(53, 28)
-> Request 11
872
(3, 1, 2)
3
(44, 27)
-> Request 12
1064
(2, 1, 1)
1
(54, 65)
-> Request 13
1218
(1, 2, 1)
3
(50, 46)
-> Request 14
1333
(2, 3, 2)
1
(55, 70)
---> Week : 42
--> Day : 0
-> Request 0
110
(4, 1, 2)
1
(54, 40)
-> Request 1
244
(1, 1, 2)
2
(61, 29)
-> Request 2
565
(2, 2, 1)
3
(51, 35)
-> Request 3
620
(1, 3, 1)
3
(66, 78)
-> Request 4
650
(2, 3, 1)
2
(61, 76)
-> Request 5
1025
(2, 1, 1)
1
(56, 30)
-> Request 6
1047
(3, 1, 1)
1
(10, 29)
-> Request 7
1208
(3, 3, 2)
3
(65, 67)
--> Day : 1
-> Request 0
732
(4, 3, 1)
1
(60, 69)
-> Request 1
774
(4, 3, 2)
2
(11, 21)
-> Request 2
969
(2, 3, 1)
2
(58, 46)
-> Request 3
1100
(1, 1, 2)
1
(59, 34)
--> Day : 2
-> Request 0
14
(2, 1, 1)
1
(11, 27)
-> Request 1
32
(1, 2, 2)
1
(58, 76)
-> Request 2
258
(4, 3, 2)
3
(66, 70)
-> Request 3
326
(3, 1, 1)
1
(10, 21)
-> Request 4
365
(1, 2, 1)
1
(52, 69)
-> Request 5
405
(3, 1, 1)
3
(47, 38)
-> Request 6
744
(2, 1, 2)
1
(52, 28)
-> Request 7
915
(1, 3, 2)
2
(59, 29)
-> Request 8
1088
(1, 3, 2)
1
(61, 44)
-> Request 9
1294
(4, 2, 2)
2
(58, 31)
-> Request 10
1377
(1, 1, 1)
3
(15, 22)
--> Day : 3
-> Request 0
53
(4, 2, 1)
1
(48, 44)
-> Request 1
293
(1, 2, 2)
3
(56, 65)
-> Request 2
423
(3, 3, 2)
3
(56, 65)
-> Request 3
517
(4, 3, 1)
1
(62, 28)
-> Request 4
687
(1, 3, 2)
2
(59, 67)
-> Request 5
1369
(3, 3, 2)
2
(56, 29)
--> Day : 4
-> Request 0
443
(1, 2, 1)
3
(47, 30)
-> Request 1
572
(4, 3, 2)
3
(66, 68)
-> Request 2
634
(2, 1, 2)
3
(58, 30)
-> Request 3
988
(3, 2, 2)
3
(43, 33)
-> Request 4
1049
(3, 2, 1)
2
(62, 31)
-> Request 5
1129
(1, 3, 1)
1
(49, 39)
-> Request 6
1428
(2, 1, 1)
2
(45, 39)
---> Week : 43
--> Day : 0
-> Request 0
20
(3, 2, 1)
1
(47, 38)
-> Request 1
155
(4, 3, 2)
2
(8, 28)
-> Request 2
218
(2, 1, 1)
3
(52, 71)
-> Request 3
354
(1, 2, 2)
3
(60, 32)
-> Request 4
501
(3, 2, 2)
2
(43, 44)
-> Request 5
760
(1, 2, 2)
2
(49, 40)
-> Request 6
860
(2, 2, 2)
1
(56, 33)
-> Request 7
972
(3, 1, 1)
3
(46, 40)
-> Request 8
1020
(2, 3, 2)
3
(58, 71)
-> Request 9
1036
(1, 1, 2)
3
(8, 27)
-> Request 10
1066
(2, 1, 1)
3
(11, 26)
-> Request 11
1191
(1, 2, 1)
1
(44, 35)
-> Request 12
1277
(3, 2, 2)
2
(61, 36)
-> Request 13
1429
(3, 2, 1)
2
(44, 43)
--> Day : 1
-> Request 0
176
(3, 2, 1)
3
(60, 41)
-> Request 1
277
(4, 2, 2)
3
(62, 65)
-> Request 2
332
(4, 2, 1)
2
(50, 35)
-> Request 3
428
(2, 3, 2)
3
(9, 21)
-> Request 4
663
(2, 3, 2)
3
(49, 36)
-> Request 5
675
(4, 2, 1)
3
(66, 73)
-> Request 6
957
(4, 3, 2)
1
(52, 78)
-> Request 7
1022
(4, 2, 2)
2
(55, 32)
-> Request 8
1140
(4, 1, 1)
3
(62, 35)
-> Request 9
1400
(3, 2, 2)
1
(44, 35)
--> Day : 2
-> Request 0
205
(1, 3, 1)
3
(61, 64)
-> Request 1
206
(2, 1, 2)
1
(14, 27)
-> Request 2
369
(1, 3, 2)
1
(54, 46)
-> Request 3
395
(2, 3, 1)
2
(66, 69)
-> Request 4
641
(3, 2, 1)
3
(61, 64)
-> Request 5
657
(2, 2, 1)
2
(43, 43)
-> Request 6
706
(4, 3, 1)
2
(13, 20)
-> Request 7
714
(4, 2, 1)
3
(47, 30)
-> Request 8
731
(4, 1, 1)
3
(52, 34)
-> Request 9
1192
(1, 1, 2)
2
(51, 37)
-> Request 10
1406
(3, 1, 2)
2
(65, 73)
--> Day : 3
-> Request 0
49
(2, 1, 2)
3
(55, 34)
-> Request 1
213
(1, 1, 1)
3
(16, 25)
-> Request 2
357
(3, 2, 1)
1
(10, 28)
-> Request 3
478
(2, 3, 2)
3
(58, 44)
-> Request 4
859
(4, 3, 2)
3
(59, 36)
-> Request 5
884
(1, 2, 2)
1
(53, 30)
-> Request 6
903
(4, 2, 1)
2
(55, 42)
-> Request 7
946
(1, 3, 2)
2
(55, 69)
-> Request 8
1073
(3, 1, 1)
2
(60, 30)
-> Request 9
1313
(3, 1, 1)
2
(45, 27)
-> Request 10
1375
(1, 3, 2)
1
(54, 32)
--> Day : 4
-> Request 0
233
(2, 1, 1)
1
(43, 31)
-> Request 1
248
(3, 1, 2)
1
(58, 36)
-> Request 2
255
(2, 3, 1)
1
(62, 67)
-> Request 3
482
(3, 1, 2)
2
(56, 44)
-> Request 4
702
(3, 3, 1)
1
(54, 71)
-> Request 5
840
(2, 1, 2)
1
(57, 70)
-> Request 6
902
(4, 2, 1)
3
(60, 38)
-> Request 7
987
(1, 2, 2)
1
(56, 27)
-> Request 8
1064
(1, 3, 1)
1
(53, 73)
-> Request 9
1185
(4, 2, 1)
1
(50, 39)
---> Week : 44
--> Day : 0
-> Request 0
353
(3, 1, 1)
1
(53, 67)
-> Request 1
559
(2, 2, 2)
2
(52, 68)
-> Request 2
955
(1, 3, 2)
3
(60, 28)
-> Request 3
958
(3, 2, 2)
3
(54, 74)
-> Request 4
973
(2, 1, 1)
1
(54, 44)
-> Request 5
1072
(2, 3, 1)
3
(58, 32)
-> Request 6
1079
(4, 1, 2)
3
(66, 75)
-> Request 7
1234
(3, 1, 2)
3
(63, 72)
-> Request 8
1289
(1, 1, 1)
3
(51, 27)
--> Day : 1
-> Request 0
21
(3, 1, 2)
1
(65, 75)
-> Request 1
187
(1, 1, 2)
1
(44, 31)
-> Request 2
584
(1, 1, 1)
1
(17, 21)
-> Request 3
653
(1, 1, 2)
2
(58, 78)
-> Request 4
768
(4, 3, 2)
1
(11, 23)
-> Request 5
788
(2, 1, 2)
1
(55, 77)
-> Request 6
831
(1, 3, 2)
2
(47, 33)
-> Request 7
896
(3, 1, 1)
1
(52, 46)
-> Request 8
983
(2, 2, 2)
1
(17, 27)
-> Request 9
1057
(4, 1, 2)
1
(58, 73)
-> Request 10
1170
(1, 2, 2)
2
(50, 29)
-> Request 11
1276
(2, 3, 1)
3
(61, 38)
--> Day : 2
-> Request 0
35
(3, 3, 1)
3
(66, 78)
-> Request 1
76
(4, 3, 1)
1
(57, 77)
-> Request 2
353
(1, 3, 2)
1
(57, 36)
-> Request 3
809
(4, 1, 1)
2
(63, 69)
-> Request 4
1133
(2, 2, 2)
1
(54, 41)
--> Day : 3
-> Request 0
224
(1, 3, 2)
3
(46, 37)
-> Request 1
244
(2, 3, 1)
1
(56, 77)
-> Request 2
354
(4, 2, 1)
3
(57, 44)
-> Request 3
504
(4, 2, 1)
3
(64, 74)
-> Request 4
597
(2, 1, 1)
1
(63, 69)
-> Request 5
804
(4, 1, 1)
1
(44, 44)
-> Request 6
907
(4, 2, 1)
2
(49, 39)
-> Request 7
1005
(3, 2, 2)
1
(60, 39)
-> Request 8
1301
(1, 2, 1)
2
(59, 76)
-> Request 9
1435
(2, 1, 2)
1
(59, 28)
--> Day : 4
-> Request 0
136
(2, 2, 2)
3
(56, 46)
-> Request 1
213
(3, 1, 2)
3
(8, 27)
-> Request 2
456
(1, 2, 1)
3
(58, 64)
-> Request 3
460
(4, 2, 2)
3
(62, 39)
-> Request 4
911
(2, 3, 1)
3
(60, 27)
-> Request 5
947
(1, 2, 2)
1
(55, 72)
-> Request 6
961
(1, 3, 1)
3
(47, 28)
-> Request 7
1212
(3, 2, 1)
3
(65, 69)
---> Week : 45
--> Day : 0
-> Request 0
137
(4, 2, 1)
2
(46, 32)
-> Request 1
195
(1, 1, 1)
1
(48, 27)
-> Request 2
1040
(1, 3, 2)
2
(61, 41)
-> Request 3
1059
(2, 3, 1)
1
(64, 66)
-> Request 4
1339
(2, 3, 2)
3
(43, 32)
-> Request 5
1366
(4, 1, 2)
2
(46, 30)
--> Day : 1
-> Request 0
28
(2, 3, 1)
2
(51, 45)
-> Request 1
276
(4, 1, 2)
1
(58, 64)
-> Request 2
360
(2, 3, 1)
2
(60, 33)
-> Request 3
460
(2, 2, 1)
2
(47, 39)
-> Request 4
843
(4, 1, 2)
3
(59, 71)
-> Request 5
904
(3, 3, 1)
1
(63, 76)
-> Request 6
1063
(3, 2, 2)
2
(66, 76)
-> Request 7
1425
(2, 2, 1)
3
(57, 37)
--> Day : 2
-> Request 0
227
(2, 1, 1)
1
(65, 70)
-> Request 1
630
(1, 3, 2)
1
(66, 71)
-> Request 2
741
(2, 1, 2)
3
(52, 75)
-> Request 3
876
(2, 3, 2)
2
(56, 73)
-> Request 4
928
(3, 2, 1)
2
(58, 27)
-> Request 5
932
(3, 3, 2)
1
(54, 64)
-> Request 6
1094
(3, 1, 1)
2
(57, 36)
-> Request 7
1186
(2, 3, 1)
1
(13, 26)
-> Request 8
1233
(3, 3, 2)
1
(64, 73)
-> Request 9
1439
(2, 1, 2)
3
(43, 42)
--> Day : 3
-> Request 0
183
(1, 3, 1)
2
(49, 44)
-> Request 1
306
(2, 1, 1)
2
(62, 68)
-> Request 2
379
(3, 2, 2)
2
(60, 28)
-> Request 3
1077
(3, 1, 1)
2
(51, 36)
-> Request 4
1187
(4, 3, 2)
3
(55, 30)
-> Request 5
1230
(3, 3, 1)
3
(54, 64)
-> Request 6
1323
(2, 3, 1)
1
(45, 36)
-> Request 7
1372
(2, 3, 1)
2
(54, 34)
--> Day : 4
-> Request 0
63
(2, 1, 2)
3
(60, 46)
-> Request 1
75
(3, 2, 1)
3
(61, 35)
-> Request 2
419
(2, 1, 2)
3
(56, 34)
-> Request 3
940
(4, 1, 2)
3
(51, 29)
-> Request 4
965
(1, 2, 1)
2
(58, 66)
-> Request 5
1285
(4, 3, 1)
1
(61, 74)
---> Week : 46
--> Day : 0
-> Request 0
140
(1, 2, 1)
3
(53, 46)
-> Request 1
164
(3, 3, 2)
3
(17, 22)
-> Request 2
656
(4, 1, 2)
3
(59, 76)
-> Request 3
712
(2, 3, 1)
1
(64, 75)
-> Request 4
734
(3, 2, 2)
1
(65, 75)
-> Request 5
780
(4, 2, 2)
1
(61, 39)
-> Request 6
1217
(3, 3, 1)
2
(57, 44)
-> Request 7
1263
(4, 3, 1)
3
(49, 42)
--> Day : 1
-> Request 0
1
(4, 2, 2)
3
(53, 36)
-> Request 1
73
(4, 2, 1)
1
(47, 27)
-> Request 2
243
(2, 2, 1)
2
(53, 77)
-> Request 3
323
(3, 3, 1)
2
(55, 28)
-> Request 4
380
(3, 2, 2)
1
(57, 46)
-> Request 5
770
(4, 3, 1)
3
(53, 39)
-> Request 6
919
(1, 3, 1)
2
(55, 43)
-> Request 7
969
(3, 3, 1)
1
(58, 36)
-> Request 8
1155
(1, 1, 1)
3
(63, 68)
-> Request 9
1336
(1, 1, 2)
2
(61, 42)
-> Request 10
1374
(3, 3, 2)
3
(52, 78)
--> Day : 2
-> Request 0
74
(4, 1, 1)
3
(53, 41)
-> Request 1
154
(3, 2, 2)
1
(45, 40)
-> Request 2
628
(3, 3, 1)
3
(64, 69)
-> Request 3
643
(4, 1, 2)
1
(65, 69)
-> Request 4
769
(2, 1, 1)
3
(62, 28)
-> Request 5
785
(4, 1, 1)
2
(58, 78)
-> Request 6
875
(2, 2, 1)
3
(48, 37)
-> Request 7
1131
(4, 2, 2)
3
(51, 27)
-> Request 8
1294
(2, 1, 1)
1
(15, 21)
-> Request 9
1352
(2, 1, 1)
2
(63, 68)
-> Request 10
1380
(1, 2, 1)
2
(60, 41)
-> Request 11
1429
(3, 2, 2)
3
(60, 46)
--> Day : 3
-> Request 0
380
(2, 2, 2)
2
(52, 69)
-> Request 1
469
(4, 2, 1)
3
(50, 36)
-> Request 2
1132
(3, 2, 1)
2
(57, 35)
-> Request 3
1327
(2, 2, 1)
3
(55, 68)
--> Day : 4
-> Request 0
58
(3, 3, 1)
3
(10, 23)
-> Request 1
206
(4, 3, 2)
2
(59, 74)
-> Request 2
384
(2, 3, 1)
3
(55, 43)
-> Request 3
655
(4, 2, 2)
1
(49, 36)
-> Request 4
777
(4, 3, 1)
1
(43, 45)
-> Request 5
1027
(2, 2, 1)
3
(10, 27)
-> Request 6
1059
(4, 1, 1)
1
(58, 44)
-> Request 7
1096
(3, 3, 1)
3
(53, 27)
---> Week : 47
--> Day : 0
-> Request 0
120
(1, 1, 1)
2
(66, 70)
-> Request 1
259
(3, 1, 1)
2
(59, 66)
-> Request 2
330
(4, 2, 2)
2
(54, 71)
-> Request 3
456
(1, 1, 2)
1
(12, 27)
-> Request 4
696
(4, 3, 2)
1
(59, 73)
-> Request 5
1009
(4, 3, 2)
1
(47, 31)
-> Request 6
1042
(2, 3, 2)
3
(61, 67)
--> Day : 1
-> Request 0
164
(1, 3, 2)
2
(52, 37)
-> Request 1
412
(4, 1, 1)
1
(65, 70)
-> Request 2
907
(1, 3, 2)
3
(43, 39)
-> Request 3
1254
(3, 1, 1)
3
(50, 41)
--> Day : 2
-> Request 0
57
(3, 2, 1)
1
(53, 33)
-> Request 1
73
(4, 3, 1)
2
(14, 28)
-> Request 2
113
(2, 1, 2)
3
(53, 29)
-> Request 3
147
(1, 3, 2)
1
(55, 27)
-> Request 4
251
(4, 3, 2)
3
(47, 31)
-> Request 5
309
(2, 3, 1)
1
(60, 44)
-> Request 6
320
(4, 2, 2)
2
(48, 37)
-> Request 7
413
(1, 1, 1)
1
(15, 24)
-> Request 8
464
(4, 3, 1)
2
(46, 40)
-> Request 9
545
(4, 2, 1)
2
(45, 33)
-> Request 10
589
(2, 1, 1)
2
(66, 71)
-> Request 11
598
(1, 1, 2)
3
(44, 34)
-> Request 12
634
(3, 1, 2)
3
(52, 44)
-> Request 13
647
(4, 3, 2)
2
(44, 43)
-> Request 14
702
(3, 1, 2)
3
(49, 44)
-> Request 15
702
(3, 2, 1)
1
(43, 28)
-> Request 16
795
(2, 1, 2)
2
(51, 28)
-> Request 17
914
(1, 3, 1)
1
(57, 42)
-> Request 18
1422
(2, 2, 1)
3
(45, 44)
--> Day : 3
-> Request 0
4
(4, 1, 2)
1
(63, 69)
-> Request 1
149
(2, 2, 1)
1
(49, 36)
-> Request 2
437
(3, 3, 2)
3
(60, 75)
-> Request 3
514
(1, 2, 2)
2
(48, 38)
-> Request 4
579
(3, 2, 1)
1
(45, 32)
-> Request 5
686
(1, 1, 2)
3
(14, 20)
-> Request 6
798
(4, 2, 1)
1
(54, 43)
-> Request 7
843
(4, 2, 1)
3
(63, 74)
-> Request 8
1339
(2, 1, 2)
3
(64, 77)
--> Day : 4
-> Request 0
1
(1, 3, 1)
1
(65, 70)
-> Request 1
8
(2, 2, 2)
1
(47, 36)
-> Request 2
177
(1, 1, 1)
3
(59, 27)
-> Request 3
343
(3, 2, 1)
1
(48, 39)
-> Request 4
391
(4, 2, 2)
2
(63, 68)
-> Request 5
392
(4, 1, 1)
3
(46, 38)
-> Request 6
668
(2, 3, 2)
3
(43, 40)
-> Request 7
727
(2, 1, 1)
1
(53, 34)
-> Request 8
796
(2, 3, 2)
2
(64, 73)
-> Request 9
798
(1, 2, 2)
3
(51, 43)
-> Request 10
906
(2, 1, 1)
2
(54, 33)
-> Request 11
1101
(2, 1, 1)
1
(65, 71)
---> Week : 48
--> Day : 0
-> Request 0
32
(1, 3, 1)
2
(14, 20)
-> Request 1
118
(3, 3, 1)
1
(45, 44)
-> Request 2
265
(4, 2, 2)
2
(52, 74)
-> Request 3
281
(4, 3, 2)
1
(54, 35)
-> Request 4
306
(2, 1, 2)
2
(52, 69)
-> Request 5
336
(4, 1, 2)
1
(61, 72)
-> Request 6
339
(3, 3, 1)
3
(56, 75)
-> Request 7
340
(1, 2, 2)
2
(53, 66)
-> Request 8
356
(4, 3, 1)
2
(65, 64)
-> Request 9
452
(1, 3, 1)
2
(8, 21)
-> Request 10
559
(3, 1, 2)
1
(59, 77)
-> Request 11
1132
(2, 3, 2)
3
(59, 33)
-> Request 12
1164
(2, 2, 2)
2
(49, 32)
-> Request 13
1333
(3, 3, 2)
3
(11, 21)
-> Request 14
1413
(4, 1, 1)
2
(60, 69)
--> Day : 1
-> Request 0
436
(2, 1, 2)
1
(47, 43)
-> Request 1
646
(3, 1, 2)
3
(58, 65)
-> Request 2
852
(3, 1, 1)
2
(62, 31)
-> Request 3
1017
(3, 1, 2)
2
(64, 73)
-> Request 4
1026
(3, 2, 1)
2
(54, 71)
--> Day : 2
-> Request 0
43
(3, 1, 1)
1
(59, 73)
-> Request 1
66
(2, 2, 1)
1
(62, 34)
-> Request 2
92
(4, 3, 1)
1
(66, 78)
-> Request 3
1025
(3, 3, 1)
2
(57, 30)
-> Request 4
1056
(4, 1, 2)
2
(14, 28)
-> Request 5
1071
(2, 3, 2)
1
(55, 27)
-> Request 6
1268
(1, 1, 2)
2
(61, 68)
-> Request 7
1339
(3, 1, 2)
3
(13, 27)
--> Day : 3
-> Request 0
27
(2, 2, 1)
3
(54, 45)
-> Request 1
40
(2, 1, 1)
2
(61, 67)
-> Request 2
121
(2, 3, 2)
2
(61, 44)
-> Request 3
161
(1, 3, 1)
2
(43, 46)
-> Request 4
210
(3, 3, 2)
1
(43, 28)
-> Request 5
512
(4, 1, 2)
3
(52, 37)
-> Request 6
629
(2, 1, 2)
3
(53, 35)
-> Request 7
692
(3, 2, 2)
1
(48, 33)
-> Request 8
873
(2, 3, 2)
2
(46, 42)
-> Request 9
879
(3, 1, 1)
2
(49, 40)
-> Request 10
1032
(2, 2, 1)
3
(58, 43)
-> Request 11
1171
(3, 3, 2)
3
(57, 36)
-> Request 12
1274
(1, 3, 1)
1
(44, 35)
-> Request 13
1291
(2, 2, 2)
1
(59, 70)
--> Day : 4
-> Request 0
45
(1, 3, 1)
1
(63, 72)
-> Request 1
129
(3, 2, 1)
3
(65, 71)
-> Request 2
489
(4, 3, 2)
3
(62, 29)
-> Request 3
758
(2, 1, 1)
3
(46, 28)
-> Request 4
1041
(3, 1, 2)
2
(65, 78)
-> Request 5
1044
(3, 1, 1)
1
(57, 64)
-> Request 6
1104
(2, 3, 2)
3
(12, 21)
-> Request 7
1160
(2, 2, 1)
3
(57, 75)
-> Request 8
1430
(4, 1, 1)
2
(13, 21)
---> Week : 49
--> Day : 0
-> Request 0
277
(3, 2, 2)
1
(12, 22)
-> Request 1
369
(3, 2, 2)
1
(47, 38)
-> Request 2
373
(3, 1, 2)
3
(60, 32)
-> Request 3
635
(3, 1, 2)
3
(56, 65)
-> Request 4
1029
(4, 2, 2)
2
(60, 65)
--> Day : 1
-> Request 0
299
(2, 2, 1)
2
(45, 36)
-> Request 1
821
(2, 3, 2)
2
(47, 37)
-> Request 2
821
(4, 1, 2)
3
(45, 38)
-> Request 3
1176
(1, 2, 1)
3
(52, 40)
--> Day : 2
-> Request 0
229
(2, 2, 2)
1
(60, 36)
-> Request 1
248
(3, 2, 2)
3
(62, 65)
-> Request 2
381
(3, 3, 2)
2
(52, 42)
-> Request 3
432
(3, 3, 2)
3
(60, 43)
-> Request 4
444
(4, 1, 1)
2
(17, 20)
-> Request 5
866
(2, 3, 1)
2
(59, 46)
-> Request 6
944
(2, 1, 2)
1
(57, 31)
-> Request 7
1014
(1, 3, 1)
2
(44, 33)
-> Request 8
1125
(1, 3, 2)
3
(10, 22)
-> Request 9
1190
(4, 1, 2)
1
(59, 39)
-> Request 10
1329
(1, 2, 1)
2
(59, 46)
-> Request 11
1397
(1, 2, 2)
1
(53, 70)
--> Day : 3
-> Request 0
243
(3, 3, 2)
1
(43, 42)
-> Request 1
243
(3, 1, 1)
3
(57, 44)
-> Request 2
431
(4, 2, 1)
3
(61, 78)
-> Request 3
515
(2, 3, 2)
1
(61, 77)
-> Request 4
567
(2, 2, 1)
1
(60, 32)
-> Request 5
1032
(1, 3, 1)
3
(45, 27)
--> Day : 4
-> Request 0
237
(4, 3, 2)
1
(56, 65)
-> Request 1
538
(2, 3, 2)
1
(57, 36)
-> Request 2
818
(4, 2, 1)
3
(13, 25)
-> Request 3
848
(2, 2, 1)
1
(9, 25)
-> Request 4
1406
(1, 2, 2)
3
(16, 26)
---> Week : 50
--> Day : 0
-> Request 0
75
(1, 1, 1)
1
(62, 68)
-> Request 1
173
(2, 3, 2)
1
(14, 28)
-> Request 2
325
(4, 2, 2)
2
(44, 27)
-> Request 3
440
(4, 2, 1)
2
(15, 26)
-> Request 4
506
(2, 1, 2)
2
(54, 71)
-> Request 5
685
(3, 3, 2)
1
(62, 40)
-> Request 6
690
(3, 2, 2)
1
(12, 24)
-> Request 7
755
(2, 2, 1)
2
(59, 36)
-> Request 8
805
(3, 2, 2)
1
(53, 40)
-> Request 9
1005
(1, 1, 2)
3
(55, 30)
-> Request 10
1117
(2, 2, 2)
2
(60, 35)
-> Request 11
1331
(2, 3, 2)
3
(51, 29)
-> Request 12
1379
(2, 1, 1)
2
(53, 41)
--> Day : 1
-> Request 0
40
(2, 3, 1)
2
(57, 75)
-> Request 1
172
(3, 2, 2)
2
(54, 64)
-> Request 2
173
(4, 1, 2)
1
(16, 26)
-> Request 3
237
(3, 1, 2)
3
(45, 42)
-> Request 4
258
(4, 1, 2)
3
(62, 69)
-> Request 5
334
(1, 2, 2)
1
(9, 29)
-> Request 6
461
(1, 3, 2)
3
(61, 38)
-> Request 7
472
(4, 2, 2)
2
(52, 39)
-> Request 8
477
(2, 2, 2)
1
(52, 67)
-> Request 9
502
(4, 3, 1)
3
(62, 37)
-> Request 10
553
(2, 3, 2)
2
(55, 31)
-> Request 11
762
(3, 1, 1)
3
(52, 44)
-> Request 12
872
(2, 1, 1)
3
(56, 77)
-> Request 13
942
(1, 1, 2)
1
(57, 73)
-> Request 14
994
(1, 1, 2)
3
(47, 30)
--> Day : 2
-> Request 0
110
(3, 3, 1)
3
(65, 73)
-> Request 1
428
(4, 1, 2)
3
(57, 77)
-> Request 2
497
(3, 3, 2)
1
(52, 27)
-> Request 3
578
(4, 1, 2)
3
(56, 36)
-> Request 4
682
(3, 3, 2)
2
(59, 33)
-> Request 5
761
(2, 2, 1)
1
(65, 66)
-> Request 6
898
(2, 3, 2)
3
(52, 64)
-> Request 7
926
(2, 3, 2)
1
(64, 71)
-> Request 8
1317
(2, 1, 2)
1
(52, 69)
-> Request 9
1418
(3, 1, 2)
3
(53, 72)
--> Day : 3
-> Request 0
70
(1, 2, 2)
1
(62, 38)
-> Request 1
138
(4, 3, 1)
1
(61, 75)
-> Request 2
522
(2, 1, 1)
2
(43, 36)
-> Request 3
640
(2, 2, 2)
1
(63, 78)
-> Request 4
657
(1, 3, 2)
3
(14, 26)
-> Request 5
666
(1, 3, 2)
1
(56, 70)
-> Request 6
700
(1, 1, 2)
2
(59, 45)
-> Request 7
709
(1, 1, 2)
1
(64, 73)
-> Request 8
819
(3, 1, 2)
1
(48, 41)
-> Request 9
997
(4, 2, 2)
2
(51, 46)
-> Request 10
1080
(1, 3, 2)
3
(46, 33)
-> Request 11
1229
(3, 2, 1)
3
(11, 23)
-> Request 12
1322
(2, 3, 1)
1
(54, 38)
-> Request 13
1424
(2, 2, 1)
1
(66, 66)
--> Day : 4
-> Request 0
327
(1, 3, 2)
2
(53, 44)
-> Request 1
422
(4, 3, 2)
3
(66, 74)
-> Request 2
1005
(1, 3, 1)
3
(61, 37)
---> Week : 51
--> Day : 0
-> Request 0
13
(1, 3, 2)
3
(43, 36)
-> Request 1
174
(1, 3, 1)
3
(53, 45)
-> Request 2
196
(2, 3, 2)
1
(46, 32)
-> Request 3
410
(3, 3, 1)
1
(55, 67)
-> Request 4
621
(2, 1, 2)
2
(60, 27)
-> Request 5
709
(4, 1, 1)
3
(62, 28)
-> Request 6
835
(2, 2, 2)
3
(62, 74)
-> Request 7
1076
(2, 3, 2)
2
(59, 39)
-> Request 8
1130
(3, 2, 2)
3
(56, 73)
-> Request 9
1139
(1, 1, 2)
2
(49, 29)
-> Request 10
1195
(2, 2, 2)
2
(58, 42)
-> Request 11
1419
(3, 2, 2)
2
(51, 32)
--> Day : 1
-> Request 0
121
(2, 2, 2)
3
(53, 35)
-> Request 1
262
(1, 3, 1)
2
(53, 46)
-> Request 2
273
(4, 3, 1)
2
(62, 72)
-> Request 3
504
(4, 2, 1)
3
(59, 75)
-> Request 4
522
(3, 1, 1)
3
(46, 33)
-> Request 5
624
(1, 2, 2)
1
(58, 31)
-> Request 6
1008
(4, 3, 1)
1
(61, 29)
-> Request 7
1375
(4, 1, 2)
2
(59, 28)
--> Day : 2
-> Request 0
381
(2, 3, 2)
3
(61, 70)
-> Request 1
472
(2, 1, 2)
2
(55, 41)
-> Request 2
493
(1, 1, 1)
3
(14, 29)
-> Request 3
537
(1, 2, 2)
2
(59, 45)
-> Request 4
624
(4, 2, 2)
2
(59, 32)
-> Request 5
882
(3, 2, 1)
2
(52, 33)
-> Request 6
883
(1, 1, 1)
2
(65, 68)
-> Request 7
893
(2, 2, 2)
1
(62, 77)
-> Request 8
973
(1, 3, 2)
2
(59, 78)
-> Request 9
1045
(1, 2, 2)
1
(44, 42)
--> Day : 3
-> Request 0
38
(2, 1, 1)
1
(59, 46)
-> Request 1
317
(1, 1, 2)
2
(55, 68)
-> Request 2
334
(3, 2, 2)
1
(59, 28)
-> Request 3
833
(3, 2, 1)
2
(56, 39)
-> Request 4
914
(1, 2, 2)
2
(59, 32)
-> Request 5
928
(2, 3, 1)
2
(45, 33)
-> Request 6
1254
(1, 3, 1)
3
(57, 44)
--> Day : 4
-> Request 0
16
(1, 3, 2)
2
(62, 28)
-> Request 1
56
(3, 1, 1)
3
(63, 76)
-> Request 2
514
(1, 3, 2)
1
(57, 77)
-> Request 3
599
(4, 3, 1)
2
(59, 30)
-> Request 4
912
(2, 3, 1)
3
(57, 71)
-> Request 5
960
(2, 2, 2)
2
(54, 43)
-> Request 6
961
(4, 3, 1)
2
(46, 44)
-> Request 7
1115
(4, 2, 2)
1
(59, 31)
-> Request 8
1252
(2, 3, 1)
1
(15, 22)
-> Request 9
1341
(2, 2, 2)
3
(63, 66)
---> Week : 52
--> Day : 0
-> Request 0
71
(1, 2, 1)
2
(53, 40)
-> Request 1
141
(4, 3, 1)
3
(13, 26)
-> Request 2
374
(4, 1, 1)
3
(45, 33)
-> Request 3
610
(1, 2, 1)
3
(60, 37)
-> Request 4
804
(3, 2, 2)
2
(43, 28)
-> Request 5
870
(1, 2, 1)
2
(65, 66)
-> Request 6
1335
(4, 2, 2)
2
(62, 44)
--> Day : 1
-> Request 0
6
(4, 3, 2)
1
(66, 65)
-> Request 1
97
(1, 3, 1)
3
(51, 27)
-> Request 2
153
(2, 1, 1)
3
(14, 28)
-> Request 3
384
(1, 2, 1)
1
(62, 77)
-> Request 4
527
(3, 2, 2)
3
(58, 76)
-> Request 5
893
(3, 3, 2)
2
(52, 72)
-> Request 6
1111
(1, 2, 1)
3
(45, 43)
-> Request 7
1303
(2, 1, 1)
3
(65, 78)
-> Request 8
1343
(1, 3, 2)
2
(59, 38)
--> Day : 2
-> Request 0
34
(4, 2, 2)
2
(51, 28)
-> Request 1
417
(1, 1, 1)
2
(64, 64)
-> Request 2
787
(4, 2, 1)
1
(52, 29)
--> Day : 3
-> Request 0
227
(3, 1, 2)
2
(61, 38)
-> Request 1
289
(3, 2, 2)
1
(9, 29)
-> Request 2
416
(4, 1, 1)
1
(58, 27)
-> Request 3
604
(4, 1, 1)
2
(60, 72)
-> Request 4
849
(2, 2, 1)
1
(16, 29)
-> Request 5
942
(4, 2, 2)
1
(48, 42)
-> Request 6
963
(1, 3, 2)
3
(50, 27)
-> Request 7
1002
(2, 3, 2)
3
(65, 75)
-> Request 8
1143
(3, 3, 1)
3
(14, 29)
-> Request 9
1392
(2, 3, 1)
1
(54, 27)
-> Request 10
1432
(1, 3, 2)
3
(17, 28)
--> Day : 4
-> Request 0
386
(3, 2, 2)
3
(55, 34)
-> Request 1
386
(4, 2, 1)
1
(57, 33)
-> Request 2
420
(3, 2, 1)
1
(46, 41)
-> Request 3
599
(3, 1, 2)
3
(61, 69)
-> Request 4
754
(2, 3, 2)
1
(54, 66)
-> Request 5
785
(3, 3, 1)
1
(58, 77)
-> Request 6
841
(1, 3, 2)
3
(58, 76)
-> Request 7
1008
(3, 2, 2)
3
(49, 44)
-> Request 8
1051
(2, 3, 1)
2
(45, 33)
-> Request 9
1123
(2, 3, 2)
3
(53, 68)
-> Request 10
1203
(4, 1, 2)
2
(50, 34)
---> Week : 53
--> Day : 0
-> Request 0
13
(4, 3, 1)
3
(52, 33)
-> Request 1
181
(4, 1, 2)
3
(51, 35)
-> Request 2
584
(3, 3, 2)
1
(17, 24)
-> Request 3
584
(1, 1, 1)
1
(63, 76)
-> Request 4
935
(3, 3, 2)
3
(51, 28)
-> Request 5
995
(2, 1, 1)
2
(50, 29)
-> Request 6
1073
(3, 1, 1)
1
(49, 42)
-> Request 7
1094
(4, 2, 2)
2
(53, 67)
--> Day : 1
-> Request 0
22
(3, 3, 2)
1
(43, 40)
-> Request 1
92
(3, 2, 2)
3
(58, 67)
-> Request 2
574
(4, 1, 2)
3
(55, 77)
-> Request 3
589
(1, 1, 2)
1
(55, 32)
-> Request 4
806
(3, 1, 2)
1
(58, 73)
-> Request 5
871
(1, 2, 2)
3
(62, 78)
-> Request 6
891
(2, 1, 1)
1
(57, 69)
-> Request 7
932
(3, 1, 2)
3
(56, 68)
-> Request 8
992
(1, 1, 2)
2
(47, 34)
-> Request 9
1061
(4, 1, 2)
2
(14, 29)
-> Request 10
1157
(1, 2, 2)
1
(55, 31)
-> Request 11
1376
(3, 2, 2)
2
(57, 43)
--> Day : 2
-> Request 0
6
(4, 3, 2)
1
(44, 31)
-> Request 1
142
(2, 1, 2)
1
(60, 74)
-> Request 2
145
(4, 1, 2)
3
(16, 27)
-> Request 3
176
(3, 2, 2)
2
(17, 26)
-> Request 4
217
(4, 1, 2)
2
(14, 24)
-> Request 5
231
(1, 3, 2)
3
(53, 65)
-> Request 6
355
(3, 3, 2)
2
(56, 69)
-> Request 7
631
(4, 1, 2)
2
(54, 64)
-> Request 8
633
(1, 2, 2)
3
(53, 70)
-> Request 9
690
(1, 1, 2)
3
(47, 45)
-> Request 10
857
(4, 1, 2)
3
(17, 26)
-> Request 11
902
(3, 3, 2)
2
(65, 66)
-> Request 12
954
(1, 1, 2)
3
(14, 22)
-> Request 13
1042
(4, 2, 2)
1
(64, 73)
-> Request 14
1272
(4, 3, 2)
3
(52, 27)
-> Request 15
1374
(4, 2, 2)
3
(58, 27)
-> Request 16
1396
(1, 2, 2)
3
(63, 68)
--> Day : 3
-> Request 0
43
(4, 3, 1)
3
(54, 77)
-> Request 1
201
(4, 2, 2)
1
(63, 68)
-> Request 2
256
(2, 1, 2)
3
(54, 32)
-> Request 3
445
(3, 2, 1)
2
(51, 46)
-> Request 4
560
(1, 3, 1)
3
(49, 36)
-> Request 5
880
(4, 2, 1)
3
(60, 77)
-> Request 6
928
(3, 3, 2)
2
(61, 44)
-> Request 7
929
(1, 3, 1)
1
(51, 31)
-> Request 8
1254
(4, 1, 2)
1
(52, 27)
--> Day : 4
-> Request 0
67
(3, 3, 2)
2
(51, 28)
-> Request 1
420
(1, 2, 1)
3
(11, 25)
-> Request 2
460
(3, 1, 2)
3
(55, 46)
-> Request 3
664
(1, 2, 2)
2
(60, 27)
-> Request 4
681
(3, 1, 1)
1
(57, 70)
-> Request 5
706
(3, 1, 1)
2
(52, 28)
-> Request 6
758
(4, 2, 2)
2
(54, 69)
-> Request 7
854
(4, 1, 1)
2
(55, 29)
-> Request 8
954
(3, 2, 2)
2
(48, 35)
-> Request 9
965
(1, 2, 1)
1
(66, 65)
-> Request 10
999
(2, 2, 2)
2
(54, 27)
---> Week : 54
--> Day : 0
-> Request 0
18
(2, 3, 1)
3
(65, 71)
-> Request 1
59
(1, 2, 1)
1
(62, 68)
-> Request 2
163
(3, 2, 1)
3
(52, 32)
-> Request 3
284
(4, 3, 1)
1
(53, 34)
-> Request 4
579
(2, 1, 2)
2
(58, 29)
-> Request 5
844
(1, 2, 2)
2
(46, 31)
-> Request 6
990
(1, 3, 2)
1
(60, 31)
-> Request 7
1063
(2, 2, 1)
1
(65, 73)
-> Request 8
1428
(3, 1, 1)
1
(53, 37)
--> Day : 1
-> Request 0
22
(3, 2, 2)
1
(49, 36)
-> Request 1
92
(4, 1, 2)
3
(64, 68)
-> Request 2
281
(1, 1, 1)
1
(56, 40)
-> Request 3
284
(1, 3, 2)
3
(56, 41)
-> Request 4
451
(1, 2, 1)
1
(65, 69)
-> Request 5
694
(2, 1, 1)
1
(54, 30)
-> Request 6
925
(1, 3, 1)
3
(10, 29)
-> Request 7
1034
(3, 3, 1)
2
(57, 46)
-> Request 8
1079
(3, 1, 1)
3
(63, 71)
-> Request 9
1396
(4, 2, 1)
3
(57, 35)
--> Day : 2
-> Request 0
420
(4, 1, 2)
2
(46, 35)
-> Request 1
538
(1, 1, 2)
3
(58, 71)
-> Request 2
691
(4, 1, 2)
2
(8, 28)
-> Request 3
979
(2, 1, 1)
1
(54, 31)
-> Request 4
1286
(2, 3, 2)
1
(56, 42)
-> Request 5
1290
(4, 2, 1)
2
(51, 27)
--> Day : 3
-> Request 0
60
(3, 2, 1)
3
(61, 72)
-> Request 1
361
(2, 3, 2)
1
(44, 41)
-> Request 2
391
(2, 3, 1)
1
(55, 31)
-> Request 3
446
(4, 1, 1)
2
(17, 21)
-> Request 4
955
(2, 1, 1)
2
(8, 21)
-> Request 5
1073
(2, 2, 2)
1
(46, 35)
-> Request 6
1077
(3, 3, 1)
2
(53, 27)
-> Request 7
1185
(4, 1, 2)
1
(49, 39)
-> Request 8
1246
(4, 2, 2)
1
(17, 28)
-> Request 9
1292
(2, 2, 2)
3
(43, 39)
--> Day : 4
-> Request 0
42
(4, 3, 1)
1
(64, 73)
-> Request 1
43
(2, 2, 1)
3
(54, 46)
-> Request 2
91
(4, 1, 1)
1
(57, 72)
-> Request 3
181
(4, 2, 1)
3
(53, 70)
-> Request 4
360
(2, 2, 2)
1
(60, 72)
-> Request 5
547
(1, 2, 2)
1
(54, 29)
-> Request 6
670
(3, 3, 2)
1
(58, 68)
-> Request 7
865
(4, 3, 1)
1
(66, 67)
-> Request 8
1037
(1, 1, 1)
1
(65, 76)
-> Request 9
1048
(2, 2, 1)
3
(61, 32)
-> Request 10
1232
(3, 2, 2)
1
(62, 72)
---> Week : 55
--> Day : 0
-> Request 0
222
(1, 3, 2)
3
(9, 22)
-> Request 1
283
(4, 3, 1)
2
(55, 44)
-> Request 2
673
(2, 1, 1)
2
(55, 40)
-> Request 3
766
(4, 1, 2)
2
(50, 37)
-> Request 4
781
(1, 1, 2)
1
(15, 20)
-> Request 5
1003
(4, 1, 1)
3
(56, 74)
-> Request 6
1020
(2, 1, 1)
1
(54, 71)
-> Request 7
1079
(3, 2, 1)
3
(55, 71)
-> Request 8
1079
(2, 3, 2)
2
(13, 23)
-> Request 9
1132
(2, 3, 1)
1
(52, 37)
-> Request 10
1244
(2, 3, 2)
3
(55, 27)
-> Request 11
1305
(2, 3, 2)
1
(50, 46)
--> Day : 1
-> Request 0
381
(3, 1, 2)
2
(56, 34)
-> Request 1
533
(4, 2, 2)
1
(59, 38)
-> Request 2
538
(3, 1, 1)
3
(13, 26)
-> Request 3
606
(3, 3, 2)
2
(46, 33)
-> Request 4
871
(4, 1, 2)
2
(60, 29)
-> Request 5
932
(1, 2, 1)
2
(13, 24)
-> Request 6
1047
(4, 2, 2)
1
(55, 40)
-> Request 7
1062
(1, 3, 1)
2
(45, 44)
--> Day : 2
-> Request 0
22
(2, 3, 2)
2
(60, 72)
-> Request 1
40
(1, 3, 2)
1
(62, 77)
-> Request 2
160
(1, 1, 1)
1
(11, 21)
-> Request 3
263
(1, 1, 2)
2
(47, 41)
-> Request 4
343
(4, 3, 1)
3
(62, 27)
-> Request 5
707
(3, 3, 2)
2
(49, 42)
-> Request 6
776
(3, 2, 1)
1
(60, 46)
-> Request 7
872
(2, 3, 1)
2
(55, 45)
-> Request 8
927
(3, 3, 2)
1
(64, 64)
-> Request 9
1005
(4, 3, 2)
2
(64, 71)
-> Request 10
1129
(4, 3, 2)
2
(43, 44)
-> Request 11
1166
(1, 1, 2)
1
(58, 70)
-> Request 12
1326
(1, 2, 1)
1
(51, 27)
--> Day : 3
-> Request 0
334
(3, 1, 2)
1
(55, 77)
-> Request 1
532
(1, 1, 1)
1
(64, 67)
-> Request 2
1010
(4, 1, 2)
2
(62, 71)
--> Day : 4
-> Request 0
318
(3, 3, 2)
3
(17, 20)
-> Request 1
607
(4, 1, 1)
2
(60, 46)
-> Request 2
655
(3, 1, 2)
1
(64, 76)
-> Request 3
888
(4, 1, 1)
2
(53, 67)
-> Request 4
937
(4, 3, 2)
1
(47, 42)
-> Request 5
967
(4, 3, 1)
3
(52, 65)
-> Request 6
971
(4, 3, 2)
1
(57, 78)
-> Request 7
1123
(2, 1, 2)
1
(62, 70)
-> Request 8
1132
(2, 3, 2)
2
(16, 26)
-> Request 9
1411
(2, 3, 2)
3
(54, 73)
---> Week : 56
--> Day : 0
-> Request 0
659
(1, 1, 1)
1
(43, 43)
-> Request 1
758
(4, 3, 1)
3
(60, 38)
-> Request 2
952
(4, 3, 1)
1
(59, 46)
-> Request 3
954
(2, 1, 1)
1
(12, 21)
-> Request 4
993
(1, 3, 1)
3
(15, 23)
-> Request 5
1220
(1, 2, 2)
2
(46, 45)
-> Request 6
1352
(2, 2, 2)
2
(59, 77)
-> Request 7
1386
(2, 1, 1)
1
(55, 71)
-> Request 8
1397
(2, 1, 2)
3
(64, 77)
--> Day : 1
-> Request 0
69
(1, 2, 2)
3
(12, 24)
-> Request 1
295
(4, 2, 1)
2
(62, 77)
-> Request 2
440
(1, 1, 1)
3
(57, 33)
-> Request 3
554
(2, 1, 2)
3
(51, 42)
-> Request 4
566
(2, 1, 2)
1
(46, 30)
-> Request 5
959
(1, 1, 2)
2
(50, 41)
-> Request 6
1358
(3, 1, 1)
1
(15, 20)
-> Request 7
1396
(3, 3, 2)
3
(51, 44)
--> Day : 2
-> Request 0
103
(4, 3, 2)
2
(58, 39)
-> Request 1
304
(1, 3, 1)
1
(10, 29)
-> Request 2
494
(4, 2, 2)
3
(15, 23)
-> Request 3
850
(1, 3, 2)
3
(60, 46)
-> Request 4
891
(2, 1, 1)
2
(56, 33)
-> Request 5
900
(4, 2, 1)
2
(61, 37)
-> Request 6
934
(2, 3, 2)
1
(61, 32)
-> Request 7
1166
(2, 3, 2)
2
(47, 32)
-> Request 8
1248
(4, 3, 1)
2
(46, 40)
-> Request 9
1364
(2, 1, 1)
2
(56, 65)
-> Request 10
1371
(4, 2, 2)
1
(49, 41)
-> Request 11
1433
(2, 3, 2)
2
(59, 66)
--> Day : 3
-> Request 0
4
(1, 2, 2)
3
(57, 72)
-> Request 1
99
(4, 2, 1)
1
(54, 64)
-> Request 2
184
(2, 2, 2)
2
(61, 33)
-> Request 3
228
(3, 1, 2)
3
(57, 39)
-> Request 4
844
(3, 2, 2)
1
(48, 37)
-> Request 5
892
(1, 1, 2)
2
(56, 67)
-> Request 6
1414
(3, 2, 1)
2
(53, 64)
--> Day : 4
-> Request 0
85
(1, 2, 2)
3
(53, 64)
-> Request 1
101
(4, 2, 2)
1
(53, 31)
-> Request 2
210
(4, 2, 2)
1
(51, 45)
-> Request 3
351
(4, 3, 2)
3
(54, 38)
-> Request 4
648
(4, 3, 2)
2
(10, 24)
-> Request 5
846
(4, 1, 2)
3
(57, 77)
-> Request 6
1133
(4, 2, 1)
3
(56, 70)
-> Request 7
1364
(4, 1, 2)
1
(16, 29)
---> Week : 57
--> Day : 0
-> Request 0
367
(2, 3, 1)
2
(55, 65)
-> Request 1
446
(1, 3, 1)
1
(55, 32)
-> Request 2
462
(1, 1, 2)
2
(48, 33)
-> Request 3
607
(1, 2, 2)
3
(12, 23)
-> Request 4
677
(4, 1, 1)
2
(57, 27)
-> Request 5
724
(2, 3, 1)
3
(53, 40)
-> Request 6
794
(2, 2, 1)
1
(48, 42)
-> Request 7
945
(3, 1, 1)
1
(62, 29)
-> Request 8
1022
(1, 1, 2)
2
(57, 78)
-> Request 9
1026
(2, 3, 2)
2
(60, 75)
-> Request 10
1123
(1, 2, 2)
2
(49, 28)
-> Request 11
1143
(2, 2, 1)
1
(64, 71)
-> Request 12
1353
(4, 3, 1)
2
(61, 71)
--> Day : 1
-> Request 0
117
(4, 3, 2)
2
(59, 37)
-> Request 1
589
(3, 2, 2)
2
(12, 25)
-> Request 2
604
(4, 1, 1)
2
(57, 34)
-> Request 3
668
(1, 3, 2)
2
(60, 66)
-> Request 4
752
(3, 2, 2)
1
(16, 21)
-> Request 5
977
(2, 2, 2)
2
(46, 42)
-> Request 6
1269
(3, 2, 2)
1
(52, 78)
--> Day : 2
-> Request 0
169
(2, 2, 1)
1
(59, 75)
-> Request 1
174
(2, 2, 2)
3
(61, 75)
-> Request 2
184
(4, 2, 2)
3
(61, 64)
-> Request 3
393
(4, 1, 1)
3
(57, 39)
-> Request 4
511
(3, 2, 1)
3
(12, 20)
-> Request 5
616
(2, 2, 1)
2
(54, 68)
-> Request 6
756
(3, 3, 1)
1
(48, 39)
-> Request 7
820
(2, 2, 1)
1
(46, 34)
-> Request 8
829
(2, 1, 2)
1
(62, 73)
-> Request 9
1025
(2, 3, 1)
2
(56, 78)
-> Request 10
1216
(1, 3, 2)
1
(59, 74)
--> Day : 3
-> Request 0
37
(3, 3, 2)
1
(9, 23)
-> Request 1
232
(1, 3, 2)
1
(61, 27)
-> Request 2
270
(4, 3, 2)
2
(54, 29)
-> Request 3
391
(2, 3, 1)
2
(52, 29)
-> Request 4
487
(4, 2, 2)
3
(56, 38)
-> Request 5
577
(3, 1, 1)
1
(61, 66)
-> Request 6
580
(1, 3, 2)
3
(53, 33)
-> Request 7
613
(4, 1, 1)
3
(56, 28)
-> Request 8
936
(1, 2, 2)
2
(55, 43)
--> Day : 4
-> Request 0
56
(1, 1, 2)
3
(8, 21)
-> Request 1
410
(2, 2, 2)
3
(55, 75)
-> Request 2
439
(2, 2, 2)
1
(59, 72)
-> Request 3
548
(1, 3, 2)
2
(53, 65)
-> Request 4
736
(3, 1, 1)
2
(62, 74)
-> Request 5
767
(1, 2, 1)
2
(58, 67)
-> Request 6
1006
(1, 2, 2)
2
(46, 27)
-> Request 7
1277
(2, 3, 2)
3
(51, 42)
---> Week : 58
--> Day : 0
-> Request 0
27
(1, 3, 2)
2
(49, 31)
-> Request 1
129
(2, 2, 2)
2
(48, 45)
-> Request 2
201
(2, 1, 2)
2
(59, 64)
-> Request 3
232
(4, 1, 2)
2
(17, 25)
-> Request 4
456
(1, 2, 2)
2
(13, 26)
-> Request 5
474
(1, 2, 2)
1
(17, 23)
-> Request 6
876
(2, 3, 1)
3
(64, 77)
-> Request 7
907
(2, 2, 1)
2
(43, 38)
-> Request 8
1016
(3, 3, 2)
1
(57, 78)
-> Request 9
1269
(1, 2, 1)
1
(10, 26)
-> Request 10
1274
(2, 3, 2)
3
(46, 31)
-> Request 11
1437
(3, 3, 1)
2
(61, 73)
--> Day : 1
-> Request 0
48
(3, 2, 2)
1
(54, 33)
-> Request 1
286
(3, 2, 1)
3
(56, 43)
-> Request 2
308
(1, 2, 2)
1
(52, 72)
-> Request 3
409
(1, 3, 1)
3
(59, 34)
-> Request 4
655
(1, 1, 2)
3
(62, 28)
-> Request 5
713
(1, 1, 2)
2
(13, 21)
-> Request 6
809
(2, 1, 1)
3
(10, 26)
-> Request 7
856
(1, 1, 2)
2
(16, 22)
-> Request 8
910
(2, 1, 2)
2
(61, 43)
--> Day : 2
-> Request 0
167
(3, 2, 2)
2
(15, 29)
-> Request 1
181
(4, 1, 2)
2
(12, 28)
-> Request 2
300
(3, 3, 1)
2
(17, 23)
-> Request 3
629
(2, 3, 1)
3
(62, 65)
-> Request 4
709
(2, 2, 1)
1
(47, 28)
-> Request 5
852
(4, 2, 1)
1
(44, 43)
-> Request 6
904
(3, 2, 2)
3
(57, 64)
-> Request 7
1142
(3, 1, 2)
3
(50, 32)
--> Day : 3
-> Request 0
16
(2, 1, 2)
2
(47, 32)
-> Request 1
40
(2, 2, 1)
2
(46, 29)
-> Request 2
81
(4, 2, 1)
2
(11, 21)
-> Request 3
182
(2, 1, 1)
2
(58, 33)
-> Request 4
364
(4, 3, 2)
3
(53, 44)
-> Request 5
403
(3, 3, 1)
2
(49, 35)
-> Request 6
431
(4, 1, 2)
2
(17, 22)
-> Request 7
504
(1, 2, 1)
3
(57, 72)
-> Request 8
524
(1, 3, 2)
3
(58, 78)
-> Request 9
946
(1, 3, 1)
1
(62, 76)
-> Request 10
1295
(2, 2, 2)
3
(48, 35)
--> Day : 4
-> Request 0
105
(2, 3, 1)
2
(61, 35)
-> Request 1
303
(3, 3, 1)
3
(52, 43)
-> Request 2
359
(2, 1, 1)
2
(47, 37)
-> Request 3
383
(1, 1, 1)
1
(55, 72)
-> Request 4
569
(4, 1, 1)
2
(49, 31)
-> Request 5
572
(2, 1, 2)
1
(47, 38)
-> Request 6
682
(2, 2, 2)
1
(60, 39)
-> Request 7
854
(2, 3, 1)
3
(50, 43)
-> Request 8
1199
(3, 3, 2)
1
(53, 65)
-> Request 9
1313
(2, 3, 1)
2
(44, 36)
---> Week : 59
--> Day : 0
-> Request 0
588
(2, 3, 1)
2
(61, 65)
-> Request 1
786
(1, 3, 2)
3
(55, 77)
-> Request 2
1112
(1, 2, 2)
3
(55, 71)
-> Request 3
1154
(4, 3, 2)
1
(56, 68)
--> Day : 1
-> Request 0
114
(3, 3, 1)
1
(61, 34)
-> Request 1
318
(2, 2, 1)
2
(53, 29)
-> Request 2
327
(1, 2, 2)
3
(46, 38)
-> Request 3
640
(4, 2, 2)
1
(58, 74)
-> Request 4
1023
(1, 1, 1)
1
(49, 38)
-> Request 5
1172
(3, 3, 1)
3
(57, 64)
-> Request 6
1370
(1, 2, 1)
3
(16, 20)
--> Day : 2
-> Request 0
64
(2, 1, 1)
1
(52, 75)
-> Request 1
108
(3, 2, 1)
2
(56, 71)
-> Request 2
154
(3, 1, 1)
2
(52, 45)
-> Request 3
601
(3, 2, 1)
3
(54, 65)
-> Request 4
776
(1, 3, 1)
2
(44, 46)
-> Request 5
825
(2, 1, 2)
1
(52, 29)
-> Request 6
973
(4, 1, 1)
2
(49, 43)
-> Request 7
1025
(1, 3, 2)
1
(47, 42)
-> Request 8
1150
(1, 2, 1)
3
(62, 74)
-> Request 9
1274
(4, 2, 1)
2
(60, 66)
-> Request 10
1356
(2, 2, 1)
1
(11, 20)
--> Day : 3
-> Request 0
43
(1, 3, 1)
2
(58, 78)
-> Request 1
238
(4, 1, 2)
3
(48, 38)
-> Request 2
326
(3, 1, 2)
1
(13, 20)
-> Request 3
338
(1, 3, 1)
2
(55, 45)
-> Request 4
595
(2, 2, 1)
3
(64, 73)
-> Request 5
756
(3, 1, 1)
3
(64, 71)
-> Request 6
766
(3, 2, 1)
3
(54, 29)
-> Request 7
1005
(2, 1, 2)
2
(46, 36)
-> Request 8
1045
(1, 1, 1)
3
(60, 30)
-> Request 9
1062
(3, 3, 1)
2
(56, 64)
-> Request 10
1147
(1, 2, 1)
2
(59, 70)
-> Request 11
1193
(3, 2, 1)
2
(55, 68)
-> Request 12
1343
(3, 3, 2)
3
(60, 70)
--> Day : 4
-> Request 0
675
(2, 2, 2)
3
(63, 72)
-> Request 1
738
(2, 1, 1)
3
(56, 77)
-> Request 2
946
(1, 1, 2)
2
(48, 32)
-> Request 3
1106
(4, 3, 1)
3
(66, 74)
-> Request 4
1148
(3, 2, 1)
1
(51, 28)
---> Week : 60
--> Day : 0
-> Request 0
670
(4, 1, 1)
2
(55, 28)
-> Request 1
1174
(1, 2, 1)
3
(51, 45)
--> Day : 1
-> Request 0
283
(3, 2, 2)
3
(17, 26)
-> Request 1
599
(3, 3, 2)
3
(17, 29)
-> Request 2
797
(2, 2, 2)
3
(12, 21)
-> Request 3
1038
(1, 1, 2)
1
(11, 25)
-> Request 4
1076
(4, 2, 1)
3
(56, 68)
-> Request 5
1094
(4, 3, 2)
3
(62, 70)
-> Request 6
1143
(1, 1, 1)
3
(63, 66)
-> Request 7
1164
(1, 2, 2)
2
(62, 39)
-> Request 8
1222
(4, 2, 2)
3
(61, 71)
-> Request 9
1309
(3, 1, 2)
2
(66, 67)
-> Request 10
1397
(1, 1, 1)
2
(10, 26)
--> Day : 2
-> Request 0
124
(1, 2, 2)
1
(11, 25)
-> Request 1
317
(4, 1, 1)
1
(60, 29)
-> Request 2
541
(1, 1, 2)
3
(50, 41)
-> Request 3
876
(4, 3, 2)
3
(14, 27)
-> Request 4
1003
(3, 2, 2)
3
(16, 24)
-> Request 5
1162
(2, 2, 1)
3
(49, 43)
-> Request 6
1384
(3, 2, 1)
3
(48, 42)
--> Day : 3
-> Request 0
97
(2, 2, 1)
3
(53, 77)
-> Request 1
392
(2, 2, 1)
1
(11, 20)
--> Day : 4
-> Request 0
302
(1, 1, 1)
2
(57, 42)
-> Request 1
493
(2, 1, 2)
1
(63, 67)
-> Request 2
550
(3, 3, 2)
3
(62, 29)
-> Request 3
620
(3, 1, 2)
2
(45, 35)
-> Request 4
850
(3, 1, 1)
2
(65, 68)
-> Request 5
974
(2, 1, 1)
2
(45, 27)
-> Request 6
1206
(3, 2, 2)
3
(17, 27)
---> Week : 61
--> Day : 0
-> Request 0
51
(4, 2, 1)
2
(57, 64)
-> Request 1
99
(4, 2, 2)
1
(51, 44)
-> Request 2
126
(2, 2, 1)
3
(50, 35)
-> Request 3
201
(3, 2, 1)
1
(54, 29)
-> Request 4
278
(4, 1, 2)
3
(54, 65)
-> Request 5
327
(3, 1, 1)
2
(50, 41)
-> Request 6
446
(1, 3, 1)
2
(9, 27)
-> Request 7
497
(2, 3, 1)
2
(58, 77)
-> Request 8
497
(3, 3, 1)
3
(55, 27)
-> Request 9
519
(3, 1, 1)
3
(13, 21)
-> Request 10
1047
(1, 1, 2)
2
(43, 38)
-> Request 11
1081
(3, 2, 1)
1
(60, 67)
-> Request 12
1166
(4, 3, 2)
2
(14, 26)
-> Request 13
1277
(2, 3, 2)
1
(48, 34)
--> Day : 1
-> Request 0
97
(3, 2, 1)
1
(62, 44)
-> Request 1
367
(1, 1, 2)
3
(58, 32)
-> Request 2
588
(4, 1, 2)
3
(8, 24)
-> Request 3
816
(4, 3, 2)
3
(57, 69)
-> Request 4
922
(1, 2, 2)
3
(59, 29)
-> Request 5
1029
(2, 3, 1)
2
(53, 31)
-> Request 6
1381
(3, 1, 2)
1
(14, 21)
--> Day : 2
-> Request 0
255
(3, 3, 2)
2
(56, 76)
-> Request 1
671
(3, 1, 1)
1
(64, 78)
-> Request 2
803
(1, 2, 1)
2
(15, 29)
-> Request 3
1029
(3, 2, 1)
2
(56, 31)
-> Request 4
1092
(3, 1, 2)
1
(54, 31)
-> Request 5
1222
(1, 2, 2)
3
(58, 66)
-> Request 6
1239
(4, 2, 1)
2
(60, 38)
--> Day : 3
-> Request 0
117
(3, 1, 1)
3
(52, 71)
-> Request 1
262
(3, 3, 1)
2
(59, 39)
-> Request 2
262
(4, 1, 2)
3
(45, 43)
-> Request 3
270
(2, 1, 1)
3
(44, 43)
-> Request 4
400
(3, 3, 1)
3
(64, 68)
-> Request 5
533
(1, 1, 2)
3
(54, 66)
-> Request 6
602
(2, 3, 1)
2
(66, 72)
-> Request 7
806
(4, 3, 2)
2
(13, 25)
-> Request 8
885
(1, 1, 1)
2
(60, 38)
-> Request 9
968
(3, 1, 2)
2
(60, 27)
-> Request 10
1113
(2, 1, 2)
2
(54, 45)
--> Day : 4
-> Request 0
272
(4, 1, 2)
1
(45, 39)
-> Request 1
364
(4, 1, 1)
3
(8, 27)
-> Request 2
503
(3, 3, 2)
1
(63, 68)
-> Request 3
546
(1, 2, 2)
3
(57, 43)
-> Request 4
550
(2, 1, 1)
1
(43, 38)
-> Request 5
699
(2, 3, 2)
1
(58, 69)
-> Request 6
725
(1, 2, 2)
1
(56, 69)
-> Request 7
725
(4, 1, 1)
3
(58, 39)
-> Request 8
1051
(4, 1, 1)
1
(65, 76)
---> Week : 62
--> Day : 0
-> Request 0
813
(1, 3, 1)
3
(57, 44)
-> Request 1
899
(1, 3, 2)
3
(60, 33)
-> Request 2
1013
(4, 1, 2)
1
(59, 42)
-> Request 3
1082
(2, 2, 2)
1
(11, 24)
-> Request 4
1348
(2, 2, 1)
3
(53, 71)
-> Request 5
1407
(4, 3, 1)
3
(53, 71)
-> Request 6
1409
(3, 1, 2)
3
(53, 70)
--> Day : 1
-> Request 0
129
(3, 2, 2)
2
(15, 21)
-> Request 1
776
(1, 2, 2)
3
(49, 27)
-> Request 2
790
(4, 1, 2)
2
(55, 69)
-> Request 3
1394
(2, 1, 2)
2
(63, 64)
-> Request 4
1394
(4, 3, 2)
3
(62, 45)
--> Day : 2
-> Request 0
44
(2, 2, 1)
2
(57, 42)
-> Request 1
64
(4, 3, 1)
2
(17, 28)
-> Request 2
110
(4, 3, 1)
1
(58, 38)
-> Request 3
343
(4, 2, 2)
2
(55, 67)
-> Request 4
377
(3, 1, 2)
3
(65, 69)
-> Request 5
465
(1, 1, 2)
2
(63, 68)
-> Request 6
770
(4, 2, 2)
1
(61, 67)
-> Request 7
1295
(4, 3, 2)
3
(64, 66)
--> Day : 3
-> Request 0
31
(4, 2, 1)
2
(60, 38)
-> Request 1
198
(2, 2, 1)
1
(48, 40)
-> Request 2
323
(2, 1, 2)
3
(44, 43)
-> Request 3
378
(1, 1, 1)
1
(43, 31)
-> Request 4
532
(4, 1, 2)
3
(48, 32)
-> Request 5
645
(1, 2, 1)
2
(61, 35)
-> Request 6
752
(3, 3, 2)
2
(56, 64)
-> Request 7
890
(2, 3, 1)
1
(49, 41)
-> Request 8
1002
(3, 3, 1)
2
(55, 77)
-> Request 9
1054
(2, 1, 2)
3
(48, 46)
-> Request 10
1253
(1, 2, 2)
1
(47, 29)
-> Request 11
1365
(2, 3, 2)
2
(63, 64)
--> Day : 4
-> Request 0
33
(1, 3, 1)
1
(51, 45)
-> Request 1
124
(4, 1, 2)
2
(17, 23)
-> Request 2
193
(1, 2, 2)
1
(16, 28)
-> Request 3
418
(1, 3, 1)
3
(50, 30)
-> Request 4
593
(3, 2, 1)
3
(57, 72)
-> Request 5
647
(2, 3, 2)
1
(51, 32)
-> Request 6
763
(3, 2, 1)
3
(8, 21)
-> Request 7
1202
(3, 3, 2)
1
(57, 38)
---> Week : 63
--> Day : 0
-> Request 0
69
(1, 1, 1)
2
(52, 33)
-> Request 1
97
(3, 2, 1)
1
(60, 42)
-> Request 2
132
(3, 1, 1)
1
(48, 44)
-> Request 3
258
(1, 3, 1)
3
(49, 39)
-> Request 4
294
(1, 1, 1)
1
(57, 45)
-> Request 5
423
(1, 1, 1)
1
(60, 39)
-> Request 6
510
(3, 2, 1)
2
(11, 28)
-> Request 7
1011
(1, 2, 1)
3
(59, 42)
-> Request 8
1022
(1, 1, 2)
3
(58, 32)
-> Request 9
1248
(4, 2, 2)
1
(50, 27)
-> Request 10
1303
(4, 1, 2)
3
(64, 71)
--> Day : 1
-> Request 0
286
(4, 2, 1)
2
(50, 35)
-> Request 1
350
(4, 2, 2)
1
(47, 46)
-> Request 2
609
(1, 2, 1)
3
(53, 41)
-> Request 3
646
(2, 2, 1)
1
(60, 42)
-> Request 4
688
(2, 3, 2)
2
(43, 46)
-> Request 5
736
(4, 1, 2)
2
(55, 28)
-> Request 6
925
(2, 2, 1)
3
(53, 29)
-> Request 7
1117
(2, 1, 2)
1
(43, 37)
-> Request 8
1157
(1, 3, 1)
3
(49, 34)
-> Request 9
1358
(1, 1, 1)
2
(61, 68)
--> Day : 2
-> Request 0
20
(4, 1, 2)
2
(56, 38)
-> Request 1
116
(2, 3, 2)
1
(53, 29)
-> Request 2
149
(4, 2, 1)
1
(12, 28)
-> Request 3
238
(1, 2, 1)
2
(57, 64)
-> Request 4
247
(2, 3, 1)
3
(52, 37)
-> Request 5
402
(3, 3, 1)
3
(58, 68)
-> Request 6
470
(4, 2, 2)
3
(64, 69)
-> Request 7
538
(4, 3, 2)
2
(61, 72)
-> Request 8
563
(3, 3, 2)
2
(55, 75)
-> Request 9
636
(1, 3, 1)
1
(56, 78)
-> Request 10
656
(3, 2, 1)
3
(54, 34)
-> Request 11
685
(2, 2, 2)
1
(60, 65)
-> Request 12
706
(4, 2, 2)
2
(47, 33)
-> Request 13
927
(1, 1, 2)
2
(62, 72)
-> Request 14
957
(1, 1, 2)
1
(58, 70)
-> Request 15
1100
(1, 3, 2)
2
(65, 78)
--> Day : 3
-> Request 0
385
(3, 2, 2)
2
(61, 37)
-> Request 1
447
(1, 1, 2)
2
(55, 73)
-> Request 2
553
(3, 3, 2)
1
(52, 40)
-> Request 3
639
(4, 2, 1)
2
(15, 27)
-> Request 4
746
(4, 1, 1)
2
(49, 29)
-> Request 5
809
(4, 3, 2)
3
(46, 44)
-> Request 6
981
(3, 2, 1)
1
(64, 68)
-> Request 7
1259
(3, 2, 2)
2
(54, 39)
--> Day : 4
-> Request 0
305
(1, 2, 1)
2
(45, 38)
-> Request 1
316
(2, 2, 1)
2
(54, 66)
-> Request 2
328
(1, 2, 2)
3
(62, 42)
-> Request 3
645
(3, 1, 1)
2
(46, 35)
-> Request 4
678
(2, 3, 2)
2
(51, 30)
-> Request 5
726
(3, 3, 2)
1
(50, 44)
-> Request 6
823
(3, 3, 2)
2
(52, 42)
-> Request 7
850
(3, 2, 2)
1
(49, 38)
-> Request 8
926
(4, 2, 2)
3
(9, 20)
-> Request 9
960
(2, 3, 2)
1
(56, 39)
-> Request 10
1114
(2, 1, 1)
2
(45, 34)
-> Request 11
1137
(3, 3, 1)
3
(60, 27)
-> Request 12
1268
(4, 3, 1)
3
(48, 32)
-> Request 13
1395
(2, 3, 1)
2
(57, 31)
-> Request 14
1417
(1, 2, 1)
2
(48, 37)
---> Week : 64
--> Day : 0
-> Request 0
28
(2, 1, 2)
2
(14, 22)
-> Request 1
35
(3, 3, 2)
2
(52, 30)
-> Request 2
412
(1, 1, 2)
1
(51, 36)
-> Request 3
453
(2, 3, 2)
2
(54, 77)
-> Request 4
523
(4, 1, 1)
1
(17, 27)
-> Request 5
696
(1, 1, 1)
3
(58, 42)
-> Request 6
988
(3, 2, 1)
1
(51, 29)
-> Request 7
1176
(2, 1, 2)
2
(54, 44)
-> Request 8
1309
(3, 3, 2)
1
(57, 31)
--> Day : 1
-> Request 0
135
(2, 2, 1)
3
(61, 29)
-> Request 1
138
(4, 2, 2)
1
(52, 65)
-> Request 2
172
(1, 1, 1)
3
(60, 46)
-> Request 3
314
(1, 2, 1)
3
(60, 41)
-> Request 4
524
(1, 2, 1)
3
(57, 34)
-> Request 5
565
(3, 1, 2)
2
(9, 29)
-> Request 6
712
(2, 1, 1)
2
(60, 39)
-> Request 7
818
(1, 1, 1)
2
(44, 45)
-> Request 8
827
(4, 2, 2)
3
(54, 42)
-> Request 9
917
(1, 2, 1)
3
(63, 74)
-> Request 10
921
(1, 3, 1)
1
(12, 20)
-> Request 11
1124
(3, 1, 1)
1
(48, 36)
-> Request 12
1147
(3, 1, 1)
3
(56, 37)
-> Request 13
1155
(2, 2, 1)
2
(43, 46)
--> Day : 2
-> Request 0
462
(4, 1, 1)
2
(52, 68)
-> Request 1
523
(2, 1, 2)
3
(58, 38)
-> Request 2
531
(2, 2, 1)
1
(53, 46)
-> Request 3
610
(2, 1, 1)
2
(53, 71)
-> Request 4
754
(3, 2, 1)
2
(61, 34)
-> Request 5
870
(3, 2, 2)
3
(47, 46)
-> Request 6
965
(2, 2, 2)
3
(48, 32)
-> Request 7
1018
(3, 1, 1)
2
(55, 67)
-> Request 8
1147
(4, 3, 1)
2
(60, 44)
-> Request 9
1396
(4, 2, 2)
3
(50, 29)
--> Day : 3
-> Request 0
11
(2, 2, 1)
2
(55, 38)
-> Request 1
206
(4, 1, 1)
1
(66, 65)
-> Request 2
377
(2, 2, 1)
3
(54, 70)
-> Request 3
689
(3, 1, 2)
3
(66, 78)
-> Request 4
976
(4, 3, 2)
2
(45, 28)
-> Request 5
997
(4, 1, 2)
2
(64, 74)
--> Day : 4
-> Request 0
62
(2, 3, 2)
1
(64, 69)
-> Request 1
162
(3, 3, 1)
3
(48, 33)
-> Request 2
612
(2, 1, 2)
3
(60, 73)
-> Request 3
705
(4, 3, 1)
2
(45, 31)
-> Request 4
843
(2, 1, 2)
2
(58, 43)
-> Request 5
1030
(3, 2, 2)
2
(63, 64)
-> Request 6
1363
(3, 3, 2)
3
(58, 35)
---> Week : 65
--> Day : 0
-> Request 0
339
(3, 1, 1)
2
(64, 78)
-> Request 1
342
(4, 2, 2)
3
(45, 29)
-> Request 2
407
(4, 2, 1)
3
(53, 77)
-> Request 3
470
(3, 1, 2)
2
(62, 72)
-> Request 4
646
(4, 3, 1)
2
(53, 42)
-> Request 5
1303
(2, 1, 1)
1
(51, 43)
-> Request 6
1370
(3, 3, 2)
1
(50, 27)
--> Day : 1
-> Request 0
105
(3, 3, 1)
3
(62, 70)
-> Request 1
177
(1, 2, 1)
1
(62, 74)
-> Request 2
332
(3, 1, 2)
3
(53, 29)
-> Request 3
335
(4, 3, 2)
2
(58, 73)
-> Request 4
357
(1, 2, 1)
3
(62, 38)
-> Request 5
425
(3, 1, 1)
2
(49, 42)
-> Request 6
540
(4, 3, 2)
3
(61, 65)
-> Request 7
572
(4, 1, 1)
1
(53, 38)
-> Request 8
942
(1, 1, 1)
2
(49, 46)
-> Request 9
1062
(4, 2, 2)
2
(17, 20)
-> Request 10
1224
(4, 2, 1)
1
(54, 66)
-> Request 11
1361
(3, 3, 1)
1
(65, 77)
--> Day : 2
-> Request 0
249
(3, 3, 2)
1
(55, 44)
-> Request 1
323
(2, 1, 2)
2
(56, 78)
-> Request 2
400
(3, 1, 2)
2
(54, 41)
-> Request 3
643
(3, 3, 1)
2
(47, 43)
-> Request 4
733
(4, 3, 2)
1
(54, 65)
-> Request 5
763
(4, 3, 2)
3
(60, 39)
-> Request 6
798
(1, 2, 1)
2
(56, 69)
-> Request 7
844
(2, 2, 2)
2
(47, 40)
-> Request 8
870
(2, 3, 2)
1
(48, 31)
-> Request 9
874
(4, 1, 1)
3
(50, 27)
-> Request 10
917
(1, 2, 1)
1
(56, 77)
-> Request 11
940
(3, 1, 2)
1
(54, 39)
-> Request 12
1057
(2, 3, 2)
1
(58, 35)
-> Request 13
1383
(3, 1, 2)
1
(54, 76)
-> Request 14
1391
(3, 2, 2)
2
(9, 24)
-> Request 15
1421
(3, 3, 2)
3
(58, 27)
--> Day : 3
-> Request 0
592
(2, 3, 2)
3
(63, 75)
-> Request 1
622
(2, 1, 1)
1
(10, 26)
-> Request 2
754
(4, 3, 2)
2
(44, 35)
-> Request 3
756
(2, 1, 2)
2
(52, 72)
-> Request 4
1180
(1, 3, 2)
1
(17, 22)
-> Request 5
1194
(1, 1, 2)
2
(52, 45)
--> Day : 4
-> Request 0
363
(4, 1, 2)
1
(63, 64)
-> Request 1
684
(2, 1, 2)
1
(8, 23)
-> Request 2
736
(3, 2, 1)
3
(53, 45)
-> Request 3
819
(3, 3, 2)
1
(54, 68)
-> Request 4
844
(3, 3, 1)
2
(59, 69)
-> Request 5
1026
(2, 2, 1)
3
(13, 22)
-> Request 6
1206
(2, 3, 2)
2
(52, 35)
-> Request 7
1208
(1, 1, 2)
1
(52, 33)
---> Week : 66
--> Day : 0
-> Request 0
127
(1, 2, 1)
3
(60, 77)
-> Request 1
274
(2, 3, 2)
2
(62, 44)
-> Request 2
314
(1, 1, 2)
2
(46, 29)
-> Request 3
479
(4, 1, 1)
3
(47, 46)
-> Request 4
614
(2, 2, 1)
1
(57, 27)
-> Request 5
802
(2, 2, 2)
3
(62, 77)
-> Request 6
817
(4, 3, 1)
2
(61, 75)
-> Request 7
860
(1, 2, 1)
2
(56, 78)
-> Request 8
916
(3, 3, 1)
3
(59, 68)
-> Request 9
929
(2, 3, 2)
2
(15, 20)
-> Request 10
976
(1, 2, 1)
2
(56, 74)
-> Request 11
991
(4, 1, 2)
3
(12, 20)
-> Request 12
1042
(1, 1, 1)
1
(59, 43)
-> Request 13
1193
(2, 3, 1)
2
(55, 66)
-> Request 14
1344
(3, 3, 2)
2
(58, 77)
-> Request 15
1438
(2, 1, 2)
1
(53, 45)
--> Day : 1
-> Request 0
12
(1, 1, 2)
3
(58, 68)
-> Request 1
72
(4, 1, 1)
2
(53, 27)
-> Request 2
210
(1, 3, 2)
3
(54, 28)
-> Request 3
489
(3, 3, 2)
1
(59, 71)
-> Request 4
549
(1, 2, 2)
2
(62, 66)
-> Request 5
581
(4, 1, 1)
1
(58, 27)
-> Request 6
877
(3, 3, 2)
3
(45, 27)
-> Request 7
1008
(2, 2, 1)
2
(11, 21)
-> Request 8
1168
(2, 3, 1)
2
(14, 25)
-> Request 9
1243
(2, 2, 2)
1
(46, 27)
--> Day : 2
-> Request 0
179
(2, 1, 2)
1
(55, 72)
-> Request 1
206
(1, 2, 2)
3
(59, 37)
-> Request 2
293
(1, 3, 2)
2
(52, 75)
-> Request 3
429
(2, 2, 2)
1
(10, 28)
-> Request 4
429
(1, 1, 1)
3
(14, 24)
-> Request 5
493
(1, 1, 2)
2
(58, 68)
-> Request 6
897
(2, 3, 1)
2
(59, 41)
-> Request 7
1177
(3, 1, 2)
1
(54, 75)
-> Request 8
1409
(1, 1, 2)
3
(66, 65)
--> Day : 3
-> Request 0
426
(2, 2, 1)
2
(15, 24)
-> Request 1
531
(4, 2, 2)
3
(8, 24)
-> Request 2
603
(2, 1, 2)
3
(55, 42)
-> Request 3
1049
(1, 2, 2)
2
(61, 67)
-> Request 4
1167
(3, 2, 2)
1
(49, 32)
-> Request 5
1250
(3, 2, 2)
1
(56, 35)
-> Request 6
1280
(2, 1, 1)
3
(56, 33)
-> Request 7
1301
(3, 1, 2)
1
(14, 28)
-> Request 8
1358
(3, 1, 2)
2
(15, 21)
-> Request 9
1417
(1, 2, 1)
1
(43, 44)
--> Day : 4
-> Request 0
151
(1, 2, 1)
3
(14, 27)
-> Request 1
161
(3, 3, 1)
1
(46, 35)
-> Request 2
234
(2, 3, 2)
1
(59, 30)
-> Request 3
256
(2, 1, 1)
3
(46, 34)
-> Request 4
318
(2, 2, 1)
2
(57, 46)
-> Request 5
340
(4, 3, 2)
2
(47, 45)
-> Request 6
578
(4, 1, 2)
3
(60, 44)
-> Request 7
855
(1, 2, 1)
3
(61, 73)
-> Request 8
901
(4, 1, 2)
1
(52, 44)
-> Request 9
1139
(1, 1, 2)
3
(46, 41)
-> Request 10
1176
(4, 3, 2)
1
(65, 75)
-> Request 11
1341
(4, 2, 1)
1
(62, 68)
---> Week : 67
--> Day : 0
-> Request 0
22
(4, 1, 2)
1
(59, 30)
-> Request 1
37
(4, 3, 1)
2
(11, 21)
-> Request 2
490
(4, 1, 2)
3
(59, 73)
-> Request 3
1144
(3, 3, 1)
2
(54, 71)
-> Request 4
1150
(3, 3, 1)
2
(49, 31)
--> Day : 1
-> Request 0
17
(2, 1, 1)
2
(59, 28)
-> Request 1
55
(2, 2, 1)
2
(53, 68)
-> Request 2
80
(3, 2, 2)
1
(17, 25)
-> Request 3
228
(2, 1, 1)
3
(53, 41)
-> Request 4
233
(4, 1, 2)
1
(65, 66)
-> Request 5
483
(4, 1, 1)
1
(58, 31)
-> Request 6
510
(1, 1, 1)
1
(56, 43)
-> Request 7
544
(2, 1, 1)
2
(66, 70)
-> Request 8
792
(4, 2, 2)
2
(45, 38)
-> Request 9
873
(3, 2, 2)
2
(55, 35)
-> Request 10
920
(1, 1, 1)
3
(63, 75)
-> Request 11
953
(2, 1, 2)
2
(56, 75)
-> Request 12
953
(3, 3, 2)
2
(46, 32)
-> Request 13
1207
(4, 2, 2)
2
(58, 76)
-> Request 14
1301
(2, 1, 2)
1
(57, 43)
--> Day : 2
-> Request 0
270
(4, 1, 1)
2
(62, 66)
-> Request 1
290
(3, 3, 2)
1
(55, 30)
-> Request 2
292
(1, 3, 1)
2
(54, 35)
-> Request 3
371
(4, 2, 2)
1
(60, 31)
-> Request 4
395
(4, 1, 2)
2
(65, 65)
-> Request 5
395
(4, 3, 1)
1
(56, 75)
-> Request 6
584
(3, 3, 2)
1
(64, 65)
-> Request 7
646
(2, 2, 1)
2
(64, 65)
-> Request 8
683
(4, 2, 1)
2
(63, 64)
-> Request 9
725
(3, 3, 1)
3
(49, 41)
-> Request 10
792
(4, 3, 2)
2
(55, 72)
-> Request 11
912
(1, 2, 1)
2
(54, 70)
-> Request 12
960
(4, 2, 2)
2
(47, 43)
-> Request 13
1056
(2, 3, 1)
3
(59, 78)
-> Request 14
1090
(1, 1, 2)
1
(66, 74)
-> Request 15
1126
(2, 1, 2)
1
(60, 76)
-> Request 16
1171
(3, 3, 1)
3
(45, 27)
--> Day : 3
-> Request 0
112
(4, 2, 1)
1
(47, 41)
-> Request 1
351
(3, 2, 1)
3
(60, 75)
-> Request 2
392
(3, 2, 1)
1
(64, 75)
-> Request 3
548
(1, 1, 2)
1
(58, 64)
-> Request 4
646
(4, 1, 1)
3
(47, 40)
-> Request 5
778
(2, 2, 2)
1
(17, 21)
-> Request 6
932
(4, 2, 1)
2
(17, 23)
-> Request 7
1013
(2, 2, 1)
2
(53, 33)
-> Request 8
1089
(1, 3, 1)
1
(13, 24)
-> Request 9
1159
(2, 2, 1)
3
(60, 30)
-> Request 10
1162
(3, 3, 1)
3
(51, 42)
-> Request 11
1187
(2, 2, 1)
2
(61, 46)
-> Request 12
1246
(1, 1, 2)
1
(55, 42)
-> Request 13
1281
(3, 3, 2)
1
(65, 66)
-> Request 14
1367
(3, 1, 1)
2
(61, 69)
-> Request 15
1372
(3, 1, 1)
3
(16, 22)
--> Day : 4
-> Request 0
31
(4, 3, 1)
2
(45, 32)
-> Request 1
193
(1, 1, 1)
2
(48, 44)
-> Request 2
276
(1, 2, 2)
1
(59, 44)
-> Request 3
493
(1, 2, 2)
1
(58, 31)
-> Request 4
556
(1, 1, 1)
3
(47, 29)
-> Request 5
888
(3, 2, 1)
2
(11, 29)
-> Request 6
1040
(4, 3, 2)
2
(64, 71)
-> Request 7
1056
(3, 2, 2)
3
(61, 64)
-> Request 8
1200
(1, 3, 2)
2
(52, 31)
-> Request 9
1338
(4, 3, 1)
3
(59, 78)
-> Request 10
1410
(1, 3, 1)
2
(53, 75)
---> Week : 68
--> Day : 0
-> Request 0
62
(2, 2, 2)
2
(59, 33)
-> Request 1
84
(2, 3, 2)
1
(66, 68)
-> Request 2
537
(2, 1, 1)
2
(56, 45)
-> Request 3
556
(2, 1, 1)
1
(57, 67)
-> Request 4
638
(4, 2, 1)
2
(15, 25)
-> Request 5
728
(4, 2, 2)
2
(46, 35)
-> Request 6
734
(3, 2, 1)
3
(58, 34)
-> Request 7
930
(2, 1, 1)
3
(52, 46)
-> Request 8
1084
(3, 1, 2)
2
(14, 24)
--> Day : 1
-> Request 0
34
(2, 1, 1)
3
(50, 40)
-> Request 1
991
(2, 1, 2)
3
(13, 25)
-> Request 2
1207
(1, 3, 1)
2
(54, 75)
-> Request 3
1398
(1, 3, 1)
1
(60, 34)
--> Day : 2
-> Request 0
11
(4, 3, 2)
1
(57, 70)
-> Request 1
361
(4, 2, 2)
2
(45, 46)
-> Request 2
576
(3, 1, 1)
2
(55, 67)
-> Request 3
624
(1, 3, 2)
2
(58, 29)
-> Request 4
721
(1, 2, 2)
1
(65, 76)
-> Request 5
815
(4, 3, 1)
1
(43, 30)
-> Request 6
930
(2, 1, 1)
1
(15, 25)
-> Request 7
1046
(1, 1, 2)
3
(54, 44)
-> Request 8
1203
(1, 2, 1)
3
(52, 40)
-> Request 9
1335
(4, 3, 2)
2
(57, 75)
--> Day : 3
-> Request 0
215
(2, 1, 1)
1
(58, 74)
-> Request 1
403
(4, 3, 1)
2
(55, 45)
-> Request 2
865
(3, 3, 1)
3
(58, 41)
-> Request 3
1150
(4, 2, 2)
3
(61, 41)
-> Request 4
1262
(1, 2, 2)
3
(54, 30)
-> Request 5
1365
(3, 2, 1)
1
(45, 44)
-> Request 6
1369
(4, 2, 2)
3
(45, 42)
--> Day : 4
-> Request 0
70
(2, 1, 1)
3
(64, 76)
-> Request 1
433
(3, 2, 1)
1
(64, 69)
-> Request 2
505
(3, 3, 1)
3
(55, 72)
-> Request 3
646
(1, 1, 1)
1
(57, 75)
-> Request 4
867
(3, 2, 1)
1
(53, 29)
-> Request 5
875
(2, 2, 1)
1
(56, 65)
-> Request 6
918
(4, 1, 2)
1
(47, 43)
-> Request 7
1148
(4, 1, 1)
1
(54, 68)
-> Request 8
1180
(2, 1, 1)
2
(16, 29)
---> Week : 69
--> Day : 0
-> Request 0
13
(4, 2, 2)
2
(59, 34)
-> Request 1
142
(3, 3, 2)
1
(52, 68)
-> Request 2
212
(2, 3, 1)
2
(14, 27)
-> Request 3
212
(2, 3, 2)
1
(62, 69)
-> Request 4
379
(2, 1, 2)
3
(61, 75)
-> Request 5
478
(3, 1, 1)
1
(12, 21)
-> Request 6
505
(3, 3, 2)
1
(58, 74)
-> Request 7
604
(3, 1, 1)
3
(49, 28)
-> Request 8
819
(4, 3, 2)
1
(10, 26)
-> Request 9
1061
(1, 1, 1)
2
(48, 45)
-> Request 10
1112
(1, 2, 2)
1
(64, 76)
-> Request 11
1355
(1, 2, 1)
3
(64, 64)
-> Request 12
1405
(4, 1, 1)
1
(55, 72)
--> Day : 1
-> Request 0
35
(2, 1, 2)
2
(49, 37)
-> Request 1
51
(2, 2, 1)
3
(43, 28)
-> Request 2
111
(1, 3, 2)
1
(9, 21)
-> Request 3
529
(4, 2, 1)
3
(60, 40)
-> Request 4
723
(2, 1, 1)
2
(66, 69)
-> Request 5
888
(2, 3, 2)
3
(55, 69)
-> Request 6
1150
(2, 2, 1)
2
(66, 65)
-> Request 7
1174
(4, 2, 1)
1
(54, 75)
-> Request 8
1217
(1, 2, 1)
1
(57, 43)
-> Request 9
1316
(2, 3, 2)
1
(59, 75)
-> Request 10
1390
(3, 1, 1)
2
(62, 43)
-> Request 11
1436
(4, 2, 2)
1
(61, 34)
--> Day : 2
-> Request 0
210
(2, 2, 2)
3
(44, 34)
-> Request 1
371
(4, 2, 2)
2
(54, 27)
-> Request 2
863
(2, 1, 2)
3
(50, 46)
-> Request 3
990
(4, 2, 2)
3
(57, 29)
-> Request 4
1318
(1, 3, 1)
3
(56, 28)
--> Day : 3
-> Request 0
337
(4, 2, 2)
2
(63, 64)
-> Request 1
493
(2, 3, 2)
1
(45, 41)
-> Request 2
609
(1, 2, 1)
3
(43, 30)
-> Request 3
654
(1, 1, 1)
1
(56, 71)
-> Request 4
887
(1, 2, 1)
1
(43, 39)
-> Request 5
1261
(4, 1, 2)
3
(54, 75)
-> Request 6
1327
(1, 2, 1)
2
(58, 78)
--> Day : 4
-> Request 0
149
(4, 2, 2)
1
(58, 73)
-> Request 1
275
(3, 3, 1)
2
(59, 78)
-> Request 2
304
(2, 2, 1)
3
(54, 32)
-> Request 3
327
(3, 2, 1)
1
(66, 73)
-> Request 4
348
(4, 3, 1)
2
(17, 21)
-> Request 5
859
(3, 1, 1)
3
(59, 74)
-> Request 6
944
(1, 1, 1)
2
(50, 41)
-> Request 7
962
(2, 1, 1)
2
(55, 32)
-> Request 8
1116
(4, 2, 1)
2
(52, 65)
---> Week : 70
--> Day : 0
-> Request 0
476
(2, 1, 2)
2
(62, 43)
-> Request 1
724
(2, 3, 1)
3
(63, 65)
-> Request 2
889
(2, 2, 1)
1
(59, 77)
-> Request 3
957
(4, 2, 2)
3
(62, 36)
-> Request 4
1010
(2, 1, 2)
1
(48, 44)
-> Request 5
1090
(4, 1, 2)
3
(10, 27)
-> Request 6
1290
(3, 1, 1)
2
(56, 39)
-> Request 7
1340
(3, 1, 1)
1
(57, 72)
--> Day : 1
-> Request 0
18
(3, 2, 2)
2
(51, 32)
-> Request 1
375
(1, 1, 1)
3
(62, 41)
-> Request 2
612
(3, 3, 1)
2
(56, 46)
-> Request 3
623
(4, 3, 2)
2
(59, 72)
-> Request 4
800
(3, 2, 1)
2
(61, 73)
-> Request 5
814
(4, 1, 2)
3
(66, 77)
-> Request 6
827
(2, 1, 2)
2
(58, 72)
-> Request 7
840
(4, 1, 1)
2
(55, 29)
-> Request 8
1053
(4, 2, 1)
1
(64, 72)
-> Request 9
1074
(3, 3, 2)
1
(50, 33)
-> Request 10
1150
(2, 1, 1)
2
(65, 74)
-> Request 11
1305
(3, 2, 2)
3
(9, 25)
-> Request 12
1308
(4, 1, 2)
1
(10, 28)
--> Day : 2
-> Request 0
38
(1, 2, 1)
1
(48, 36)
-> Request 1
95
(1, 2, 2)
1
(58, 44)
-> Request 2
690
(1, 2, 2)
1
(55, 75)
-> Request 3
811
(3, 1, 2)
3
(45, 46)
-> Request 4
1055
(3, 1, 2)
2
(59, 36)
-> Request 5
1099
(1, 2, 2)
2
(52, 33)
-> Request 6
1288
(3, 2, 2)
3
(9, 20)
-> Request 7
1335
(3, 1, 1)
3
(17, 28)
--> Day : 3
-> Request 0
42
(3, 2, 1)
1
(59, 41)
-> Request 1
169
(2, 2, 2)
1
(57, 78)
-> Request 2
367
(2, 1, 2)
1
(11, 24)
-> Request 3
419
(4, 2, 1)
1
(60, 69)
-> Request 4
459
(4, 3, 1)
2
(49, 38)
-> Request 5
507
(1, 1, 2)
3
(51, 29)
-> Request 6
599
(3, 1, 1)
2
(62, 71)
-> Request 7
676
(3, 2, 2)
1
(10, 27)
-> Request 8
799
(2, 3, 1)
1
(53, 42)
-> Request 9
960
(4, 1, 1)
2
(50, 40)
-> Request 10
1019
(4, 3, 1)
1
(14, 27)
-> Request 11
1164
(3, 3, 2)
3
(57, 46)
--> Day : 4
-> Request 0
88
(1, 3, 2)
1
(60, 38)
-> Request 1
108
(2, 2, 1)
2
(54, 66)
-> Request 2
726
(4, 1, 2)
1
(57, 39)
-> Request 3
1071
(2, 3, 1)
3
(46, 39)
-> Request 4
1274
(4, 3, 2)
3
(50, 28)
---> Week : 71
--> Day : 0
-> Request 0
47
(2, 1, 1)
2
(44, 39)
-> Request 1
180
(1, 3, 1)
1
(57, 33)
-> Request 2
197
(3, 1, 1)
3
(60, 74)
-> Request 3
381
(3, 1, 1)
3
(60, 74)
-> Request 4
716
(3, 3, 2)
1
(53, 78)
-> Request 5
743
(3, 3, 1)
3
(56, 78)
-> Request 6
760
(3, 1, 2)
1
(9, 29)
-> Request 7
899
(4, 1, 1)
2
(44, 44)
-> Request 8
1189
(3, 1, 1)
1
(49, 45)
-> Request 9
1212
(2, 3, 1)
2
(51, 40)
-> Request 10
1230
(2, 2, 1)
2
(57, 31)
--> Day : 1
-> Request 0
185
(1, 3, 2)
3
(62, 72)
-> Request 1
437
(3, 2, 2)
2
(60, 41)
-> Request 2
472
(1, 3, 1)
3
(49, 45)
-> Request 3
517
(4, 1, 2)
2
(61, 37)
-> Request 4
534
(1, 3, 2)
2
(56, 35)
-> Request 5
556
(2, 3, 2)
3
(53, 30)
-> Request 6
624
(4, 1, 2)
3
(53, 30)
-> Request 7
792
(3, 1, 2)
1
(60, 73)
-> Request 8
798
(2, 2, 1)
1
(50, 44)
-> Request 9
838
(3, 2, 2)
2
(60, 74)
-> Request 10
947
(4, 1, 2)
3
(62, 39)
-> Request 11
947
(4, 3, 1)
1
(59, 42)
-> Request 12
987
(4, 2, 1)
3
(63, 71)
-> Request 13
1019
(3, 2, 2)
1
(60, 72)
-> Request 14
1058
(2, 2, 1)
3
(53, 40)
-> Request 15
1320
(1, 2, 1)
1
(64, 67)
-> Request 16
1343
(2, 3, 1)
3
(62, 36)
-> Request 17
1352
(1, 3, 1)
1
(59, 65)
-> Request 18
1391
(2, 1, 1)
2
(63, 68)
--> Day : 2
-> Request 0
161
(3, 2, 1)
1
(14, 22)
-> Request 1
216
(2, 3, 1)
3
(50, 44)
-> Request 2
400
(1, 2, 2)
3
(45, 27)
-> Request 3
531
(2, 3, 1)
3
(55, 41)
-> Request 4
533
(1, 2, 1)
1
(54, 27)
-> Request 5
622
(3, 1, 1)
2
(62, 31)
-> Request 6
664
(2, 3, 1)
2
(47, 43)
-> Request 7
774
(3, 1, 1)
3
(46, 43)
-> Request 8
831
(3, 1, 2)
2
(54, 76)
-> Request 9
1134
(3, 3, 2)
3
(48, 34)
--> Day : 3
-> Request 0
73
(3, 1, 2)
2
(46, 35)
-> Request 1
774
(1, 1, 1)
3
(63, 71)
-> Request 2
846
(4, 3, 1)
1
(44, 44)
-> Request 3
1132
(1, 3, 2)
1
(62, 41)
--> Day : 4
-> Request 0
79
(2, 3, 1)
1
(14, 22)
-> Request 1
120
(1, 2, 1)
2
(55, 69)
-> Request 2
180
(3, 1, 1)
1
(59, 74)
-> Request 3
259
(4, 1, 1)
1
(60, 35)
-> Request 4
520
(1, 2, 1)
2
(46, 41)
-> Request 5
537
(2, 1, 2)
3
(55, 32)
-> Request 6
542
(1, 3, 2)
1
(61, 44)
-> Request 7
567
(4, 2, 2)
1
(59, 69)
-> Request 8
1179
(1, 3, 2)
1
(55, 31)
-> Request 9
1293
(4, 1, 2)
1
(50, 38)
---> Week : 72
--> Day : 0
-> Request 0
52
(2, 2, 2)
2
(17, 22)
-> Request 1
142
(1, 1, 2)
1
(10, 20)
-> Request 2
214
(3, 1, 1)
1
(58, 44)
-> Request 3
224
(4, 2, 2)
3
(56, 41)
-> Request 4
248
(4, 3, 1)
3
(64, 64)
-> Request 5
847
(3, 3, 2)
1
(60, 30)
-> Request 6
870
(1, 2, 1)
1
(62, 76)
-> Request 7
978
(1, 1, 1)
2
(47, 30)
-> Request 8
1026
(4, 3, 2)
2
(47, 39)
-> Request 9
1156
(4, 3, 1)
1
(17, 29)
-> Request 10
1394
(4, 3, 1)
3
(14, 27)
--> Day : 1
-> Request 0
6
(4, 1, 1)
2
(55, 41)
-> Request 1
65
(4, 3, 2)
2
(8, 28)
-> Request 2
69
(4, 3, 2)
2
(60, 33)
-> Request 3
393
(1, 3, 1)
1
(59, 64)
-> Request 4
690
(1, 2, 2)
2
(9, 26)
-> Request 5
833
(3, 3, 1)
3
(47, 44)
-> Request 6
922
(2, 1, 1)
1
(17, 29)
-> Request 7
1170
(1, 1, 2)
2
(53, 38)
-> Request 8
1232
(4, 3, 2)
2
(10, 28)
-> Request 9
1395
(1, 1, 1)
2
(64, 78)
-> Request 10
1420
(2, 2, 1)
1
(46, 31)
-> Request 11
1427
(4, 3, 2)
1
(59, 76)
--> Day : 2
-> Request 0
159
(4, 3, 1)
1
(47, 32)
-> Request 1
229
(3, 1, 1)
1
(52, 77)
-> Request 2
337
(3, 2, 2)
3
(61, 29)
-> Request 3
691
(3, 3, 2)
1
(14, 24)
-> Request 4
952
(2, 3, 1)
1
(53, 73)
-> Request 5
1127
(3, 3, 2)
1
(54, 32)
-> Request 6
1152
(1, 2, 2)
3
(17, 22)
-> Request 7
1222
(3, 2, 1)
3
(10, 26)
-> Request 8
1246
(2, 2, 2)
1
(63, 67)
-> Request 9
1383
(2, 1, 2)
3
(11, 23)
--> Day : 3
-> Request 0
5
(4, 3, 1)
3
(61, 46)
-> Request 1
43
(1, 2, 2)
2
(59, 37)
-> Request 2
152
(2, 2, 2)
3
(51, 27)
-> Request 3
198
(3, 3, 2)
1
(48, 44)
-> Request 4
236
(4, 1, 2)
3
(56, 30)
-> Request 5
392
(1, 3, 1)
3
(60, 67)
-> Request 6
594
(2, 1, 1)
1
(61, 75)
-> Request 7
598
(4, 2, 2)
2
(55, 46)
-> Request 8
600
(1, 2, 1)
1
(59, 67)
-> Request 9
669
(4, 2, 2)
3
(49, 43)
-> Request 10
922
(4, 2, 2)
1
(59, 68)
-> Request 11
936
(2, 3, 2)
3
(54, 44)
-> Request 12
1020
(2, 2, 1)
3
(16, 22)
-> Request 13
1120
(3, 2, 2)
2
(66, 71)
-> Request 14
1173
(1, 3, 2)
1
(47, 30)
--> Day : 4
-> Request 0
27
(1, 3, 2)
3
(53, 39)
-> Request 1
409
(1, 1, 2)
2
(17, 24)
-> Request 2
733
(4, 1, 2)
3
(53, 71)
-> Request 3
846
(1, 3, 2)
1
(64, 71)
-> Request 4
854
(3, 3, 1)
1
(52, 37)
-> Request 5
915
(4, 2, 1)
1
(9, 20)
-> Request 6
1095
(1, 2, 1)
3
(51, 42)
-> Request 7
1170
(4, 3, 2)
1
(55, 28)
---> Week : 73
--> Day : 0
-> Request 0
123
(1, 3, 2)
2
(12, 29)
-> Request 1
298
(4, 3, 1)
2
(50, 28)
-> Request 2
540
(4, 2, 1)
1
(56, 44)
-> Request 3
578
(3, 2, 2)
1
(8, 20)
-> Request 4
604
(4, 3, 1)
2
(57, 34)
-> Request 5
717
(2, 3, 2)
1
(62, 30)
-> Request 6
827
(1, 3, 2)
3
(64, 65)
-> Request 7
837
(3, 3, 1)
3
(16, 28)
-> Request 8
851
(2, 1, 2)
1
(50, 45)
-> Request 9
996
(2, 2, 2)
2
(57, 46)
-> Request 10
1036
(4, 3, 2)
1
(62, 33)
-> Request 11
1064
(3, 1, 1)
3
(47, 40)
-> Request 12
1325
(2, 1, 1)
3
(66, 69)
--> Day : 1
-> Request 0
237
(1, 1, 2)
1
(55, 29)
-> Request 1
286
(1, 3, 1)
3
(49, 35)
-> Request 2
579
(4, 3, 2)
1
(53, 28)
-> Request 3
579
(3, 3, 1)
2
(52, 45)
-> Request 4
664
(1, 2, 2)
3
(61, 77)
-> Request 5
664
(3, 3, 1)
3
(59, 70)
-> Request 6
757
(1, 2, 1)
1
(63, 75)
-> Request 7
838
(2, 3, 1)
2
(59, 46)
-> Request 8
1121
(2, 3, 2)
3
(59, 37)
-> Request 9
1126
(1, 3, 2)
3
(12, 20)
-> Request 10
1212
(2, 3, 2)
2
(14, 29)
-> Request 11
1287
(1, 3, 1)
2
(66, 75)
-> Request 12
1340
(1, 2, 1)
3
(59, 35)
--> Day : 2
-> Request 0
107
(2, 1, 1)
3
(60, 46)
-> Request 1
128
(3, 2, 2)
1
(8, 20)
-> Request 2
158
(1, 2, 2)
3
(60, 70)
-> Request 3
178
(1, 3, 1)
2
(64, 75)
-> Request 4
272
(4, 2, 2)
2
(66, 69)
-> Request 5
784
(4, 1, 1)
1
(10, 29)
-> Request 6
850
(2, 2, 1)
1
(56, 27)
-> Request 7
984
(1, 2, 2)
2
(64, 64)
-> Request 8
1005
(1, 1, 2)
3
(56, 38)
-> Request 9
1078
(3, 1, 1)
3
(61, 35)
-> Request 10
1086
(3, 1, 2)
3
(46, 31)
--> Day : 3
-> Request 0
7
(4, 2, 2)
3
(53, 38)
-> Request 1
342
(2, 3, 2)
1
(58, 43)
-> Request 2
988
(2, 3, 1)
2
(66, 71)
-> Request 3
1091
(2, 3, 2)
3
(58, 78)
--> Day : 4
-> Request 0
35
(4, 1, 1)
3
(55, 28)
-> Request 1
264
(1, 3, 1)
3
(60, 43)
-> Request 2
479
(4, 2, 1)
3
(12, 21)
-> Request 3
750
(2, 2, 2)
2
(53, 44)
-> Request 4
1051
(2, 3, 2)
2
(61, 44)
-> Request 5
1312
(3, 2, 2)
2
(49, 34)
---> Week : 74
--> Day : 0
-> Request 0
47
(4, 1, 1)
3
(47, 40)
-> Request 1
92
(2, 2, 2)
2
(49, 38)
-> Request 2
134
(2, 1, 1)
3
(47, 33)
-> Request 3
164
(3, 1, 2)
3
(48, 44)
-> Request 4
286
(4, 1, 2)
3
(55, 42)
-> Request 5
379
(4, 2, 2)
3
(44, 39)
-> Request 6
399
(3, 1, 1)
2
(57, 40)
-> Request 7
731
(3, 2, 1)
2
(50, 43)
-> Request 8
901
(4, 2, 2)
1
(12, 25)
-> Request 9
950
(1, 2, 2)
2
(54, 28)
-> Request 10
1056
(1, 2, 1)
2
(55, 65)
--> Day : 1
-> Request 0
111
(4, 1, 2)
2
(52, 40)
-> Request 1
194
(3, 3, 1)
2
(55, 76)
-> Request 2
359
(1, 3, 2)
3
(55, 76)
-> Request 3
374
(4, 2, 1)
3
(57, 78)
-> Request 4
412
(1, 1, 2)
2
(62, 73)
-> Request 5
508
(4, 1, 2)
3
(14, 22)
-> Request 6
567
(2, 2, 2)
2
(48, 39)
-> Request 7
574
(2, 2, 1)
2
(54, 77)
-> Request 8
1026
(3, 2, 2)
1
(50, 43)
-> Request 9
1411
(4, 2, 2)
2
(59, 71)
-> Request 10
1429
(3, 2, 2)
1
(9, 26)
--> Day : 2
-> Request 0
68
(1, 2, 1)
3
(59, 36)
-> Request 1
134
(3, 1, 2)
1
(49, 33)
-> Request 2
192
(4, 3, 1)
3
(11, 26)
-> Request 3
208
(3, 3, 1)
2
(59, 74)
-> Request 4
431
(4, 3, 1)
2
(61, 35)
-> Request 5
467
(3, 2, 1)
1
(65, 64)
-> Request 6
534
(4, 3, 1)
1
(61, 27)
-> Request 7
739
(3, 2, 2)
3
(55, 67)
-> Request 8
760
(3, 3, 1)
2
(63, 77)
-> Request 9
875
(2, 3, 2)
3
(45, 40)
-> Request 10
943
(4, 2, 2)
1
(51, 28)
-> Request 11
1324
(2, 2, 1)
3
(66, 66)
--> Day : 3
-> Request 0
51
(3, 2, 1)
3
(45, 46)
-> Request 1
193
(2, 1, 2)
1
(60, 66)
-> Request 2
292
(4, 2, 2)
2
(54, 66)
-> Request 3
324
(2, 1, 2)
1
(52, 64)
-> Request 4
366
(3, 2, 1)
1
(52, 30)
-> Request 5
907
(4, 3, 2)
2
(53, 42)
-> Request 6
925
(1, 3, 1)
2
(60, 75)
-> Request 7
1110
(3, 1, 2)
3
(53, 78)
-> Request 8
1240
(3, 2, 2)
2
(55, 78)
--> Day : 4
-> Request 0
60
(4, 1, 2)
3
(59, 64)
-> Request 1
257
(2, 3, 1)
3
(57, 71)
-> Request 2
421
(2, 1, 2)
1
(62, 36)
-> Request 3
635
(4, 1, 2)
3
(65, 70)
-> Request 4
791
(1, 3, 2)
2
(60, 43)
-> Request 5
903
(2, 2, 2)
2
(45, 40)
-> Request 6
1074
(4, 3, 2)
1
(60, 39)
-> Request 7
1074
(1, 2, 1)
3
(54, 42)
-> Request 8
1135
(3, 1, 1)
2
(50, 29)
-> Request 9
1191
(3, 2, 2)
1
(58, 36)
-> Request 10
1355
(4, 2, 2)
1
(56, 67)
-> Request 11
1389
(3, 3, 1)
3
(60, 43)
---> Week : 75
--> Day : 0
-> Request 0
40
(4, 3, 2)
3
(61, 39)
-> Request 1
40
(1, 2, 1)
3
(46, 34)
-> Request 2
253
(2, 3, 2)
3
(50, 29)
-> Request 3
646
(1, 2, 1)
1
(52, 74)
-> Request 4
759
(4, 1, 1)
3
(50, 30)
-> Request 5
761
(4, 1, 2)
3
(45, 28)
-> Request 6
1027
(1, 3, 2)
2
(53, 68)
-> Request 7
1153
(1, 3, 1)
3
(55, 41)
-> Request 8
1209
(2, 2, 2)
2
(55, 73)
-> Request 9
1256
(2, 3, 1)
1
(15, 23)
-> Request 10
1285
(1, 1, 2)
1
(61, 45)
--> Day : 1
-> Request 0
112
(2, 1, 1)
1
(51, 27)
-> Request 1
124
(2, 3, 2)
3
(45, 46)
-> Request 2
307
(2, 3, 2)
1
(61, 66)
-> Request 3
476
(1, 3, 1)
2
(60, 30)
-> Request 4
680
(4, 3, 1)
3
(53, 64)
-> Request 5
807
(2, 2, 1)
2
(49, 34)
-> Request 6
818
(3, 2, 1)
3
(54, 33)
-> Request 7
837
(3, 1, 2)
2
(56, 69)
-> Request 8
1047
(2, 2, 1)
3
(52, 70)
-> Request 9
1073
(1, 2, 2)
1
(57, 78)
-> Request 10
1150
(1, 3, 1)
1
(14, 24)
-> Request 11
1425
(3, 1, 2)
1
(53, 77)
--> Day : 2
-> Request 0
11
(4, 1, 2)
2
(59, 65)
-> Request 1
576
(3, 3, 2)
1
(66, 66)
-> Request 2
623
(3, 3, 2)
1
(47, 46)
-> Request 3
687
(2, 3, 2)
1
(50, 45)
-> Request 4
761
(1, 1, 2)
3
(51, 34)
-> Request 5
931
(4, 3, 1)
3
(57, 66)
-> Request 6
1034
(3, 2, 1)
1
(49, 31)
-> Request 7
1316
(4, 1, 1)
3
(63, 71)
--> Day : 3
-> Request 0
365
(1, 3, 2)
1
(54, 41)
-> Request 1
459
(3, 2, 2)
2
(58, 70)
-> Request 2
470
(2, 1, 1)
1
(10, 25)
-> Request 3
736
(3, 3, 1)
1
(52, 65)
-> Request 4
981
(1, 2, 2)
2
(60, 44)
-> Request 5
998
(3, 1, 1)
3
(64, 77)
-> Request 6
1035
(2, 3, 1)
1
(56, 41)
-> Request 7
1414
(2, 3, 2)
1
(47, 44)
--> Day : 4
-> Request 0
13
(3, 3, 2)
2
(52, 40)
-> Request 1
434
(1, 1, 2)
1
(66, 72)
-> Request 2
555
(2, 2, 1)
1
(50, 46)
-> Request 3
621
(3, 3, 1)
3
(56, 40)
-> Request 4
935
(2, 1, 2)
3
(63, 76)
-> Request 5
953
(1, 2, 2)
3
(59, 41)
-> Request 6
996
(4, 2, 2)
1
(55, 65)
---> Week : 76
--> Day : 0
-> Request 0
253
(2, 2, 1)
3
(58, 74)
-> Request 1
296
(2, 1, 1)
3
(62, 44)
-> Request 2
454
(3, 1, 1)
2
(55, 29)
-> Request 3
523
(3, 3, 2)
3
(62, 39)
-> Request 4
720
(3, 1, 2)
3
(58, 28)
-> Request 5
925
(1, 3, 2)
3
(57, 68)
-> Request 6
930
(2, 2, 1)
1
(17, 29)
-> Request 7
969
(4, 3, 1)
3
(62, 46)
-> Request 8
994
(4, 2, 2)
3
(45, 27)
-> Request 9
1069
(1, 2, 2)
2
(54, 43)
-> Request 10
1102
(1, 1, 1)
1
(61, 27)
-> Request 11
1284
(2, 3, 2)
2
(64, 66)
-> Request 12
1323
(1, 3, 1)
3
(60, 68)
--> Day : 1
-> Request 0
60
(4, 3, 2)
3
(11, 27)
-> Request 1
316
(1, 3, 1)
3
(8, 27)
-> Request 2
454
(2, 2, 2)
2
(46, 42)
-> Request 3
664
(2, 3, 1)
1
(46, 42)
-> Request 4
689
(3, 2, 2)
1
(55, 31)
-> Request 5
993
(4, 1, 1)
2
(53, 65)
-> Request 6
1216
(1, 2, 2)
1
(55, 37)
-> Request 7
1275
(3, 3, 1)
2
(46, 36)
-> Request 8
1329
(3, 3, 2)
3
(58, 32)
--> Day : 2
-> Request 0
223
(4, 1, 1)
2
(62, 65)
-> Request 1
344
(3, 2, 1)
1
(44, 32)
-> Request 2
382
(4, 3, 2)
1
(10, 21)
-> Request 3
728
(3, 3, 2)
3
(16, 27)
-> Request 4
920
(2, 1, 1)
3
(56, 74)
-> Request 5
1212
(1, 1, 2)
2
(59, 31)
-> Request 6
1431
(3, 2, 2)
3
(48, 28)
--> Day : 3
-> Request 0
14
(4, 2, 2)
1
(10, 25)
-> Request 1
36
(1, 2, 2)
1
(54, 40)
-> Request 2
270
(3, 3, 1)
2
(56, 32)
-> Request 3
271
(2, 3, 1)
3
(64, 71)
-> Request 4
311
(1, 1, 2)
2
(54, 36)
-> Request 5
322
(2, 3, 2)
1
(43, 28)
-> Request 6
666
(3, 1, 2)
3
(54, 76)
-> Request 7
706
(3, 3, 2)
1
(59, 44)
-> Request 8
861
(1, 2, 1)
2
(51, 30)
-> Request 9
974
(1, 2, 1)
1
(62, 68)
-> Request 10
1045
(3, 2, 2)
2
(62, 27)
-> Request 11
1104
(3, 2, 1)
1
(59, 68)
-> Request 12
1194
(1, 3, 2)
3
(57, 32)
-> Request 13
1257
(2, 3, 2)
3
(15, 20)
-> Request 14
1430
(4, 1, 1)
3
(60, 65)
--> Day : 4
-> Request 0
21
(3, 2, 1)
2
(59, 72)
-> Request 1
120
(2, 3, 2)
3
(66, 68)
-> Request 2
333
(3, 3, 1)
1
(57, 77)
-> Request 3
399
(1, 2, 1)
2
(65, 70)
-> Request 4
514
(1, 3, 1)
1
(65, 75)
-> Request 5
559
(2, 3, 1)
3
(57, 37)
-> Request 6
563
(1, 3, 2)
1
(13, 25)
-> Request 7
645
(3, 3, 2)
1
(61, 42)
-> Request 8
823
(1, 2, 1)
1
(44, 39)
-> Request 9
875
(4, 2, 2)
2
(54, 35)
-> Request 10
921
(4, 3, 2)
1
(47, 41)
-> Request 11
990
(2, 3, 1)
1
(53, 35)
---> Week : 77
--> Day : 0
-> Request 0
138
(1, 3, 1)
2
(63, 77)
-> Request 1
244
(1, 2, 2)
3
(13, 25)
-> Request 2
249
(4, 1, 2)
3
(65, 67)
-> Request 3
728
(2, 1, 2)
3
(59, 75)
-> Request 4
968
(2, 2, 2)
3
(57, 45)
-> Request 5
1005
(2, 3, 2)
3
(61, 68)
-> Request 6
1164
(2, 3, 1)
2
(60, 70)
--> Day : 1
-> Request 0
325
(2, 1, 2)
2
(51, 29)
-> Request 1
518
(3, 3, 1)
3
(58, 34)
-> Request 2
694
(4, 2, 1)
2
(57, 67)
-> Request 3
1060
(4, 2, 1)
1
(57, 44)
--> Day : 2
-> Request 0
144
(2, 3, 1)
2
(43, 30)
-> Request 1
184
(2, 3, 2)
3
(53, 71)
-> Request 2
497
(3, 1, 2)
2
(46, 41)
-> Request 3
666
(3, 3, 1)
1
(61, 73)
-> Request 4
793
(4, 2, 2)
2
(15, 23)
-> Request 5
810
(2, 3, 2)
2
(55, 43)
-> Request 6
977
(3, 2, 1)
2
(44, 41)
-> Request 7
1079
(1, 1, 1)
2
(52, 78)
-> Request 8
1327
(2, 3, 2)
3
(58, 71)
--> Day : 3
-> Request 0
17
(3, 1, 2)
3
(53, 39)
-> Request 1
81
(1, 1, 1)
3
(15, 21)
-> Request 2
186
(3, 2, 2)
2
(43, 44)
-> Request 3
281
(1, 3, 2)
2
(62, 30)
-> Request 4
526
(3, 1, 1)
3
(57, 38)
-> Request 5
566
(1, 3, 1)
3
(48, 38)
-> Request 6
823
(2, 1, 1)
1
(66, 65)
-> Request 7
860
(2, 3, 1)
3
(14, 23)
-> Request 8
1268
(2, 2, 1)
1
(61, 39)
-> Request 9
1333
(3, 1, 1)
3
(56, 29)
--> Day : 4
-> Request 0
86
(2, 3, 1)
3
(54, 73)
-> Request 1
198
(1, 1, 1)
1
(53, 72)
-> Request 2
291
(3, 1, 1)
1
(57, 71)
-> Request 3
577
(4, 1, 1)
1
(11, 24)
-> Request 4
579
(2, 2, 2)
3
(63, 68)
-> Request 5
683
(3, 1, 1)
2
(59, 34)
-> Request 6
749
(4, 3, 2)
3
(55, 73)
-> Request 7
785
(1, 1, 2)
3
(8, 20)
-> Request 8
873
(2, 2, 2)
3
(12, 26)
-> Request 9
1044
(3, 1, 2)
3
(13, 28)
-> Request 10
1077
(3, 2, 2)
1
(57, 70)
-> Request 11
1116
(2, 3, 1)
2
(59, 29)
---> Week : 78
--> Day : 0
-> Request 0
8
(2, 3, 1)
2
(59, 35)
-> Request 1
183
(1, 2, 2)
2
(48, 43)
-> Request 2
301
(3, 1, 2)
2
(58, 65)
-> Request 3
365
(1, 1, 1)
1
(12, 24)
-> Request 4
527
(1, 3, 1)
1
(46, 27)
-> Request 5
558
(3, 1, 2)
1
(58, 45)
-> Request 6
585
(3, 1, 2)
2
(45, 35)
-> Request 7
604
(1, 2, 2)
1
(47, 39)
-> Request 8
1000
(3, 2, 2)
1
(62, 74)
-> Request 9
1191
(4, 1, 2)
3
(62, 35)
-> Request 10
1354
(3, 2, 2)
2
(65, 78)
--> Day : 1
-> Request 0
14
(2, 2, 2)
1
(56, 71)
-> Request 1
38
(2, 2, 1)
1
(61, 35)
-> Request 2
605
(3, 2, 1)
3
(61, 76)
-> Request 3
634
(2, 3, 1)
3
(48, 38)
-> Request 4
720
(1, 3, 2)
3
(55, 35)
-> Request 5
797
(4, 1, 2)
2
(63, 68)
-> Request 6
909
(2, 1, 2)
2
(50, 35)
-> Request 7
1109
(1, 2, 1)
2
(51, 27)
-> Request 8
1119
(3, 1, 1)
2
(44, 27)
-> Request 9
1204
(2, 3, 2)
2
(61, 30)
-> Request 10
1436
(3, 1, 2)
3
(66, 72)
--> Day : 2
-> Request 0
2
(3, 2, 2)
2
(64, 77)
-> Request 1
349
(4, 2, 2)
2
(66, 72)
-> Request 2
521
(2, 3, 1)
1
(59, 74)
-> Request 3
613
(1, 2, 2)
2
(53, 66)
-> Request 4
1253
(1, 2, 2)
2
(57, 44)
-> Request 5
1318
(1, 3, 2)
2
(9, 23)
-> Request 6
1346
(3, 1, 1)
2
(52, 73)
--> Day : 3
-> Request 0
151
(1, 2, 2)
3
(56, 74)
-> Request 1
176
(1, 1, 2)
3
(58, 76)
-> Request 2
209
(3, 3, 2)
3
(49, 36)
-> Request 3
328
(4, 3, 1)
2
(46, 27)
-> Request 4
674
(4, 2, 1)
3
(55, 28)
-> Request 5
763
(4, 2, 2)
3
(60, 41)
-> Request 6
800
(1, 2, 1)
2
(55, 32)
-> Request 7
891
(3, 1, 1)
2
(57, 39)
-> Request 8
1133
(2, 2, 1)
2
(61, 31)
-> Request 9
1409
(2, 1, 2)
2
(64, 75)
-> Request 10
1418
(4, 1, 1)
2
(54, 44)
--> Day : 4
-> Request 0
324
(3, 1, 1)
2
(62, 42)
-> Request 1
488
(4, 1, 1)
1
(46, 29)
-> Request 2
826
(4, 3, 1)
2
(66, 74)
-> Request 3
1157
(1, 2, 2)
1
(55, 34)
-> Request 4
1269
(4, 2, 2)
1
(59, 39)
-> Request 5
1339
(3, 1, 1)
1
(61, 64)
---> Week : 79
--> Day : 0
-> Request 0
4
(4, 2, 2)
3
(52, 72)
-> Request 1
148
(3, 1, 1)
2
(61, 39)
-> Request 2
151
(4, 1, 1)
1
(50, 46)
-> Request 3
458
(3, 3, 1)
3
(54, 75)
-> Request 4
665
(1, 1, 2)
1
(53, 77)
-> Request 5
948
(2, 3, 1)
2
(48, 42)
-> Request 6
1331
(1, 3, 1)
2
(53, 27)
--> Day : 1
-> Request 0
110
(1, 3, 1)
1
(62, 64)
-> Request 1
602
(4, 1, 1)
1
(48, 44)
-> Request 2
646
(4, 1, 1)
2
(54, 78)
-> Request 3
677
(2, 3, 2)
1
(10, 28)
-> Request 4
992
(3, 3, 2)
3
(47, 42)
-> Request 5
1011
(4, 3, 1)
1
(58, 70)
-> Request 6
1113
(4, 1, 1)
3
(66, 69)
-> Request 7
1201
(3, 2, 1)
1
(64, 66)
--> Day : 2
-> Request 0
116
(1, 3, 1)
1
(56, 44)
-> Request 1
204
(2, 3, 1)
2
(55, 68)
-> Request 2
375
(3, 1, 1)
3
(53, 69)
-> Request 3
409
(1, 2, 1)
1
(11, 21)
-> Request 4
723
(4, 3, 1)
2
(56, 42)
-> Request 5
846
(4, 3, 1)
1
(60, 41)
-> Request 6
950
(2, 2, 2)
3
(57, 65)
-> Request 7
1129
(1, 1, 1)
2
(53, 28)
-> Request 8
1415
(2, 1, 2)
3
(66, 68)
--> Day : 3
-> Request 0
184
(1, 2, 1)
1
(56, 38)
-> Request 1
309
(4, 2, 1)
2
(60, 70)
-> Request 2
425
(3, 3, 1)
3
(43, 31)
-> Request 3
557
(1, 3, 2)
3
(60, 45)
-> Request 4
607
(3, 1, 1)
3
(49, 45)
-> Request 5
638
(2, 1, 1)
2
(17, 25)
-> Request 6
773
(3, 1, 2)
3
(48, 40)
-> Request 7
1140
(2, 3, 2)
3
(60, 74)
-> Request 8
1213
(4, 2, 2)
1
(52, 71)
--> Day : 4
-> Request 0
19
(3, 2, 1)
1
(48, 27)
-> Request 1
587
(4, 2, 2)
3
(13, 28)
-> Request 2
730
(4, 2, 1)
3
(13, 21)
-> Request 3
801
(3, 2, 2)
2
(61, 70)
-> Request 4
934
(4, 3, 1)
2
(63, 77)
-> Request 5
1101
(4, 3, 1)
1
(49, 44)
-> Request 6
1125
(4, 3, 1)
2
(15, 22)
---> Week : 80
--> Day : 0
-> Request 0
127
(3, 1, 1)
2
(48, 45)
-> Request 1
457
(1, 3, 1)
1
(53, 68)
-> Request 2
1264
(1, 2, 2)
3
(60, 34)
-> Request 3
1281
(4, 2, 2)
3
(52, 76)
-> Request 4
1416
(4, 2, 2)
1
(57, 66)
-> Request 5
1439
(4, 2, 2)
1
(52, 64)
--> Day : 1
-> Request 0
97
(3, 3, 1)
2
(49, 33)
-> Request 1
114
(4, 2, 2)
1
(49, 35)
-> Request 2
246
(3, 1, 1)
2
(55, 68)
-> Request 3
563
(3, 1, 1)
1
(57, 74)
-> Request 4
719
(3, 1, 2)
1
(57, 78)
-> Request 5
823
(4, 1, 1)
2
(49, 27)
-> Request 6
1052
(1, 2, 2)
1
(59, 28)
-> Request 7
1150
(2, 2, 1)
2
(49, 30)
-> Request 8
1347
(1, 3, 2)
2
(47, 36)
--> Day : 2
-> Request 0
29
(3, 1, 2)
3
(52, 37)
-> Request 1
183
(1, 3, 1)
1
(64, 66)
-> Request 2
293
(3, 1, 1)
3
(60, 46)
-> Request 3
645
(1, 1, 2)
2
(54, 78)
-> Request 4
884
(4, 1, 1)
2
(10, 24)
-> Request 5
950
(3, 1, 1)
1
(56, 69)
-> Request 6
1047
(4, 2, 1)
1
(50, 35)
-> Request 7
1207
(2, 3, 2)
2
(56, 72)
-> Request 8
1265
(1, 3, 1)
2
(65, 74)
-> Request 9
1403
(3, 3, 1)
3
(58, 32)
--> Day : 3
-> Request 0
199
(4, 1, 2)
2
(62, 39)
-> Request 1
252
(1, 2, 1)
1
(8, 22)
-> Request 2
283
(1, 3, 1)
3
(59, 33)
-> Request 3
534
(4, 1, 2)
2
(56, 33)
-> Request 4
562
(1, 1, 1)
1
(56, 36)
-> Request 5
613
(4, 1, 2)
1
(8, 20)
-> Request 6
624
(3, 3, 1)
1
(56, 28)
-> Request 7
776
(4, 3, 2)
3
(52, 39)
-> Request 8
925
(4, 3, 2)
3
(44, 46)
-> Request 9
930
(4, 1, 1)
3
(13, 26)
-> Request 10
969
(3, 2, 2)
1
(54, 70)
-> Request 11
1285
(1, 2, 2)
2
(50, 42)
-> Request 12
1374
(2, 1, 1)
3
(59, 78)
--> Day : 4
-> Request 0
204
(3, 2, 1)
3
(55, 70)
-> Request 1
205
(4, 1, 2)
3
(60, 67)
-> Request 2
239
(2, 2, 2)
1
(50, 30)
-> Request 3
342
(3, 2, 2)
2
(47, 39)
-> Request 4
573
(2, 3, 1)
3
(47, 32)
-> Request 5
735
(4, 3, 2)
3
(55, 66)
-> Request 6
863
(2, 1, 2)
1
(54, 28)
-> Request 7
910
(2, 1, 2)
1
(57, 28)
-> Request 8
1173
(4, 3, 1)
2
(58, 68)
-> Request 9
1221
(4, 2, 1)
2
(54, 64)
-> Request 10
1276
(2, 3, 2)
1
(61, 38)
-> Request 11
1344
(4, 3, 1)
3
(16, 29)
---> Week : 81
--> Day : 0
-> Request 0
17
(3, 1, 1)
2
(53, 38)
-> Request 1
78
(2, 2, 1)
2
(54, 35)
-> Request 2
195
(4, 1, 2)
1
(43, 42)
-> Request 3
569
(2, 1, 2)
3
(61, 71)
-> Request 4
688
(2, 1, 2)
2
(58, 34)
-> Request 5
923
(4, 2, 1)
2
(14, 24)
-> Request 6
1012
(2, 1, 2)
2
(51, 27)
-> Request 7
1271
(1, 1, 2)
3
(10, 22)
--> Day : 1
-> Request 0
100
(2, 3, 1)
2
(49, 35)
-> Request 1
103
(2, 1, 1)
2
(53, 67)
-> Request 2
128
(3, 1, 1)
3
(56, 70)
-> Request 3
231
(3, 2, 2)
2
(59, 30)
-> Request 4
242
(4, 3, 2)
3
(50, 39)
-> Request 5
336
(4, 2, 1)
2
(47, 27)
-> Request 6
406
(2, 3, 2)
1
(62, 64)
-> Request 7
827
(2, 1, 1)
1
(59, 69)
-> Request 8
1059
(3, 3, 1)
3
(47, 39)
-> Request 9
1094
(3, 2, 2)
2
(66, 73)
-> Request 10
1325
(3, 2, 2)
3
(48, 27)
-> Request 11
1397
(3, 3, 1)
2
(60, 30)
--> Day : 2
-> Request 0
12
(4, 2, 2)
3
(59, 32)
-> Request 1
162
(4, 3, 2)
2
(66, 76)
-> Request 2
580
(4, 2, 1)
1
(59, 74)
-> Request 3
673
(3, 3, 1)
1
(55, 39)
-> Request 4
1049
(4, 3, 2)
1
(45, 42)
-> Request 5
1067
(2, 2, 1)
2
(51, 41)
-> Request 6
1252
(2, 3, 1)
3
(46, 30)
--> Day : 3
-> Request 0
146
(4, 3, 2)
1
(52, 30)
-> Request 1
309
(3, 1, 2)
2
(55, 71)
-> Request 2
416
(4, 1, 2)
1
(45, 40)
-> Request 3
470
(4, 2, 2)
3
(64, 66)
-> Request 4
482
(2, 2, 1)
2
(62, 38)
-> Request 5
595
(3, 1, 1)
3
(48, 40)
-> Request 6
635
(3, 3, 1)
3
(49, 43)
-> Request 7
729
(3, 2, 2)
2
(61, 75)
-> Request 8
742
(2, 1, 1)
2
(54, 40)
-> Request 9
906
(3, 3, 2)
2
(52, 31)
-> Request 10
1098
(1, 3, 2)
2
(56, 38)
-> Request 11
1220
(2, 3, 2)
2
(62, 64)
-> Request 12
1323
(3, 1, 2)
2
(47, 29)
-> Request 13
1348
(1, 3, 1)
3
(64, 75)
--> Day : 4
-> Request 0
53
(1, 2, 2)
3
(44, 30)
-> Request 1
69
(2, 3, 1)
3
(48, 37)
-> Request 2
340
(2, 1, 1)
2
(17, 23)
-> Request 3
513
(1, 1, 1)
1
(44, 27)
-> Request 4
548
(3, 3, 1)
3
(57, 33)
-> Request 5
709
(2, 2, 1)
2
(14, 26)
-> Request 6
719
(1, 2, 1)
3
(59, 70)
-> Request 7
813
(4, 2, 1)
3
(43, 41)
-> Request 8
1263
(3, 2, 2)
1
(53, 69)
-> Request 9
1386
(4, 1, 2)
1
(60, 30)
---> Week : 82
--> Day : 0
-> Request 0
52
(1, 1, 2)
2
(59, 40)
-> Request 1
138
(4, 1, 2)
1
(64, 69)
-> Request 2
209
(4, 3, 2)
3
(60, 66)
-> Request 3
235
(4, 1, 1)
3
(60, 32)
-> Request 4
236
(3, 1, 1)
1
(66, 70)
-> Request 5
315
(2, 3, 1)
3
(44, 32)
-> Request 6
461
(2, 2, 2)
3
(57, 42)
-> Request 7
708
(4, 2, 1)
1
(50, 39)
-> Request 8
1154
(1, 2, 1)
3
(52, 35)
-> Request 9
1414
(1, 3, 1)
3
(63, 68)
-> Request 10
1426
(1, 1, 1)
3
(57, 64)
--> Day : 1
-> Request 0
105
(3, 1, 1)
2
(57, 34)
-> Request 1
364
(1, 2, 2)
3
(48, 45)
-> Request 2
368
(2, 1, 2)
3
(10, 21)
-> Request 3
542
(4, 2, 1)
1
(57, 67)
-> Request 4
691
(2, 1, 1)
1
(64, 66)
-> Request 5
961
(3, 1, 1)
2
(66, 75)
--> Day : 2
-> Request 0
169
(2, 3, 1)
2
(14, 26)
-> Request 1
419
(1, 3, 2)
2
(52, 43)
-> Request 2
538
(2, 2, 2)
1
(64, 72)
-> Request 3
685
(2, 3, 2)
1
(62, 27)
-> Request 4
806
(4, 2, 2)
2
(57, 42)
-> Request 5
814
(2, 3, 2)
2
(10, 23)
-> Request 6
1043
(3, 1, 1)
2
(62, 65)
-> Request 7
1064
(4, 2, 2)
3
(13, 27)
-> Request 8
1066
(3, 2, 2)
1
(43, 46)
-> Request 9
1097
(1, 3, 2)
1
(54, 40)
-> Request 10
1177
(4, 3, 1)
1
(8, 25)
-> Request 11
1250
(1, 1, 2)
3
(60, 45)
--> Day : 3
-> Request 0
22
(3, 3, 2)
2
(54, 37)
-> Request 1
44
(3, 1, 2)
2
(57, 32)
-> Request 2
218
(3, 1, 1)
3
(51, 31)
-> Request 3
225
(4, 1, 2)
2
(51, 40)
-> Request 4
756
(4, 1, 2)
1
(44, 42)
-> Request 5
863
(1, 3, 1)
1
(46, 33)
-> Request 6
992
(4, 2, 1)
2
(43, 43)
-> Request 7
1062
(1, 1, 2)
1
(65, 73)
-> Request 8
1102
(1, 2, 1)
2
(56, 66)
-> Request 9
1292
(3, 1, 2)
2
(13, 26)
--> Day : 4
-> Request 0
112
(1, 2, 1)
1
(60, 36)
-> Request 1
482
(1, 1, 2)
3
(45, 40)
-> Request 2
548
(2, 3, 1)
3
(58, 37)
-> Request 3
631
(1, 1, 2)
2
(60, 76)
-> Request 4
790
(1, 1, 1)
1
(44, 44)
-> Request 5
977
(2, 2, 1)
1
(16, 20)
-> Request 6
1308
(3, 3, 2)
3
(44, 39)
-> Request 7
1311
(1, 2, 1)
3
(56, 67)
---> Week : 83
--> Day : 0
-> Request 0
191
(3, 2, 2)
1
(50, 34)
-> Request 1
804
(4, 2, 2)
3
(62, 78)
-> Request 2
915
(2, 2, 2)
2
(56, 28)
-> Request 3
1290
(2, 2, 1)
2
(56, 68)
-> Request 4
1396
(4, 3, 2)
1
(57, 65)
--> Day : 1
-> Request 0
5
(4, 2, 1)
3
(62, 29)
-> Request 1
162
(4, 1, 2)
2
(51, 37)
-> Request 2
197
(3, 1, 2)
2
(54, 43)
-> Request 3
280
(3, 3, 2)
1
(9, 25)
-> Request 4
305
(2, 1, 2)
2
(44, 32)
-> Request 5
310
(2, 2, 2)
3
(15, 20)
-> Request 6
512
(2, 2, 1)
2
(57, 35)
-> Request 7
618
(4, 2, 2)
2
(62, 31)
-> Request 8
1285
(4, 1, 2)
2
(54, 32)
-> Request 9
1285
(3, 3, 1)
3
(53, 42)
-> Request 10
1285
(2, 1, 2)
3
(57, 43)
-> Request 11
1416
(2, 2, 1)
1
(62, 75)
-> Request 12
1432
(1, 2, 2)
1
(63, 72)
--> Day : 2
-> Request 0
243
(4, 3, 2)
1
(53, 74)
-> Request 1
528
(1, 2, 1)
3
(54, 42)
-> Request 2
801
(4, 3, 2)
2
(62, 77)
-> Request 3
927
(4, 2, 1)
2
(55, 74)
-> Request 4
1051
(1, 3, 2)
3
(8, 29)
-> Request 5
1285
(4, 1, 1)
1
(43, 38)
-> Request 6
1360
(1, 3, 2)
1
(49, 44)
--> Day : 3
-> Request 0
6
(2, 1, 1)
1
(17, 26)
-> Request 1
27
(2, 1, 2)
2
(48, 40)
-> Request 2
149
(3, 3, 2)
1
(61, 41)
-> Request 3
160
(3, 2, 1)
1
(55, 35)
-> Request 4
186
(3, 3, 1)
1
(58, 38)
-> Request 5
283
(1, 3, 2)
1
(53, 33)
-> Request 6
347
(3, 2, 1)
2
(43, 37)
-> Request 7
471
(4, 3, 1)
3
(54, 73)
-> Request 8
838
(3, 3, 2)
2
(62, 77)
-> Request 9
1301
(1, 1, 2)
1
(64, 70)
--> Day : 4
-> Request 0
156
(2, 2, 2)
2
(59, 77)
-> Request 1
430
(4, 2, 1)
1
(48, 40)
-> Request 2
646
(3, 1, 2)
3
(49, 43)
-> Request 3
748
(3, 3, 1)
3
(44, 38)
-> Request 4
911
(2, 1, 2)
2
(66, 65)
-> Request 5
1018
(4, 1, 2)
1
(62, 67)
---> Week : 84
--> Day : 0
-> Request 0
35
(2, 3, 2)
2
(65, 72)
-> Request 1
204
(1, 1, 2)
2
(47, 36)
-> Request 2
327
(4, 2, 1)
1
(50, 32)
-> Request 3
700
(2, 1, 2)
3
(54, 35)
-> Request 4
849
(2, 1, 1)
2
(54, 75)
-> Request 5
1042
(4, 2, 1)
1
(49, 45)
-> Request 6
1046
(3, 3, 1)
2
(53, 27)
-> Request 7
1082
(2, 1, 1)
2
(58, 29)
-> Request 8
1089
(3, 3, 1)
3
(57, 35)
-> Request 9
1108
(2, 3, 1)
3
(61, 36)
-> Request 10
1206
(3, 1, 2)
2
(53, 64)
-> Request 11
1315
(4, 2, 2)
3
(61, 28)
--> Day : 1
-> Request 0
205
(1, 3, 2)
1
(54, 45)
-> Request 1
304
(4, 3, 2)
1
(59, 75)
-> Request 2
307
(3, 2, 1)
3
(57, 29)
-> Request 3
485
(1, 2, 1)
2
(47, 31)
-> Request 4
578
(2, 3, 1)
3
(57, 66)
-> Request 5
827
(3, 2, 1)
2
(52, 74)
-> Request 6
1118
(4, 3, 2)
3
(65, 73)
-> Request 7
1144
(2, 3, 2)
1
(60, 65)
-> Request 8
1288
(3, 2, 1)
2
(58, 69)
-> Request 9
1414
(4, 2, 2)
1
(53, 38)
--> Day : 2
-> Request 0
21
(4, 2, 2)
1
(60, 39)
-> Request 1
66
(3, 3, 2)
2
(52, 75)
-> Request 2
782
(1, 2, 2)
2
(51, 39)
-> Request 3
814
(4, 2, 2)
2
(53, 46)
-> Request 4
1102
(2, 2, 1)
1
(62, 46)
-> Request 5
1321
(4, 1, 1)
2
(47, 39)
-> Request 6
1347
(2, 2, 2)
3
(46, 28)
--> Day : 3
-> Request 0
46
(3, 1, 2)
1
(56, 38)
-> Request 1
489
(1, 1, 2)
2
(60, 67)
-> Request 2
529
(4, 3, 1)
3
(58, 40)
-> Request 3
673
(4, 1, 2)
2
(56, 68)
-> Request 4
699
(2, 1, 2)
3
(56, 45)
-> Request 5
702
(1, 2, 2)
1
(57, 72)
-> Request 6
739
(3, 3, 2)
3
(60, 44)
-> Request 7
794
(3, 1, 2)
2
(65, 78)
-> Request 8
919
(3, 2, 1)
1
(54, 74)
-> Request 9
1159
(4, 1, 1)
1
(59, 73)
-> Request 10
1189
(2, 1, 2)
3
(61, 40)
--> Day : 4
-> Request 0
22
(1, 2, 1)
2
(60, 44)
-> Request 1
131
(3, 2, 2)
1
(61, 27)
-> Request 2
279
(2, 3, 2)
3
(52, 32)
-> Request 3
407
(2, 3, 2)
2
(57, 46)
-> Request 4
686
(2, 1, 2)
3
(16, 22)
-> Request 5
694
(3, 1, 2)
2
(52, 73)
-> Request 6
857
(4, 3, 2)
3
(55, 66)
-> Request 7
1141
(4, 2, 1)
2
(55, 33)
-> Request 8
1374
(2, 2, 1)
2
(57, 65)
---> Week : 85
--> Day : 0
-> Request 0
152
(1, 1, 2)
3
(55, 77)
-> Request 1
317
(1, 2, 2)
2
(60, 31)
-> Request 2
347
(3, 1, 2)
3
(56, 37)
-> Request 3
661
(2, 1, 1)
2
(49, 30)
-> Request 4
734
(3, 3, 1)
3
(56, 77)
-> Request 5
831
(2, 2, 1)
2
(59, 28)
-> Request 6
912
(4, 2, 1)
1
(49, 39)
-> Request 7
965
(2, 3, 2)
3
(48, 35)
-> Request 8
1215
(1, 2, 2)
2
(54, 73)
-> Request 9
1285
(1, 3, 2)
3
(54, 27)
-> Request 10
1422
(4, 3, 2)
3
(53, 28)
--> Day : 1
-> Request 0
243
(3, 1, 1)
2
(61, 40)
-> Request 1
714
(3, 3, 2)
3
(59, 45)
-> Request 2
959
(2, 2, 1)
3
(52, 28)
-> Request 3
1006
(3, 2, 2)
1
(54, 42)
-> Request 4
1076
(2, 1, 2)
1
(63, 65)
-> Request 5
1108
(1, 2, 1)
2
(52, 34)
-> Request 6
1133
(3, 2, 2)
3
(10, 24)
-> Request 7
1162
(2, 2, 2)
1
(11, 28)
--> Day : 2
-> Request 0
46
(2, 1, 1)
3
(48, 35)
-> Request 1
138
(4, 1, 2)
2
(61, 27)
-> Request 2
258
(2, 2, 1)
3
(58, 34)
-> Request 3
412
(4, 3, 1)
2
(52, 76)
-> Request 4
496
(4, 3, 1)
1
(44, 40)
-> Request 5
557
(2, 3, 2)
1
(61, 28)
-> Request 6
849
(3, 1, 1)
1
(65, 77)
-> Request 7
1106
(2, 1, 1)
1
(51, 32)
-> Request 8
1278
(2, 2, 2)
3
(57, 78)
--> Day : 3
-> Request 0
146
(1, 2, 1)
1
(51, 28)
-> Request 1
517
(4, 1, 1)
2
(44, 43)
-> Request 2
621
(1, 1, 1)
2
(48, 35)
-> Request 3
676
(4, 3, 1)
2
(8, 24)
-> Request 4
750
(3, 2, 2)
1
(59, 74)
-> Request 5
1012
(4, 2, 2)
2
(61, 71)
-> Request 6
1177
(2, 3, 1)
1
(61, 74)
-> Request 7
1363
(3, 3, 1)
1
(60, 42)
--> Day : 4
-> Request 0
121
(1, 1, 2)
1
(62, 38)
-> Request 1
260
(2, 3, 2)
3
(56, 70)
-> Request 2
292
(3, 3, 2)
1
(57, 44)
-> Request 3
887
(2, 3, 1)
1
(62, 30)
-> Request 4
1009
(2, 2, 1)
3
(64, 76)
-> Request 5
1161
(4, 1, 2)
3
(53, 27)
-> Request 6
1289
(3, 1, 2)
2
(43, 30)
---> Week : 86
--> Day : 0
-> Request 0
157
(1, 1, 1)
3
(57, 37)
-> Request 1
409
(4, 1, 2)
2
(55, 66)
-> Request 2
425
(2, 1, 1)
2
(59, 68)
-> Request 3
845
(4, 1, 2)
1
(45, 27)
-> Request 4
902
(2, 3, 2)
1
(11, 27)
-> Request 5
918
(3, 1, 2)
1
(55, 64)
-> Request 6
1236
(3, 3, 1)
2
(52, 78)
--> Day : 1
-> Request 0
31
(1, 2, 1)
3
(62, 41)
-> Request 1
441
(2, 1, 2)
2
(43, 45)
-> Request 2
695
(3, 2, 2)
2
(48, 44)
-> Request 3
730
(1, 2, 2)
1
(59, 31)
-> Request 4
757
(3, 3, 1)
2
(43, 43)
-> Request 5
895
(3, 1, 1)
2
(10, 22)
-> Request 6
1037
(2, 1, 1)
3
(52, 30)
-> Request 7
1037
(1, 1, 2)
1
(62, 72)
-> Request 8
1042
(4, 1, 2)
2
(15, 25)
-> Request 9
1226
(3, 2, 2)
1
(49, 37)
-> Request 10
1297
(1, 1, 2)
2
(10, 26)
-> Request 11
1315
(3, 1, 1)
2
(55, 67)
--> Day : 2
-> Request 0
60
(1, 3, 2)
2
(58, 76)
-> Request 1
116
(3, 3, 1)
1
(60, 77)
-> Request 2
117
(4, 1, 2)
3
(52, 67)
-> Request 3
334
(1, 3, 2)
1
(54, 30)
-> Request 4
485
(2, 3, 1)
3
(65, 67)
-> Request 5
825
(4, 1, 1)
2
(9, 24)
-> Request 6
909
(2, 2, 2)
3
(15, 29)
-> Request 7
1216
(2, 1, 1)
2
(57, 39)
-> Request 8
1246
(3, 2, 1)
3
(49, 31)
-> Request 9
1368
(3, 2, 2)
2
(60, 68)
-> Request 10
1372
(2, 2, 1)
3
(58, 68)
--> Day : 3
-> Request 0
174
(1, 1, 1)
3
(50, 36)
-> Request 1
898
(1, 1, 1)
2
(61, 38)
-> Request 2
932
(1, 1, 1)
1
(60, 76)
-> Request 3
969
(2, 1, 2)
3
(54, 67)
-> Request 4
1169
(4, 3, 2)
2
(17, 24)
-> Request 5
1197
(2, 2, 1)
2
(59, 74)
-> Request 6
1228
(3, 1, 1)
2
(61, 44)
-> Request 7
1331
(4, 3, 2)
2
(60, 42)
--> Day : 4
-> Request 0
127
(3, 1, 1)
1
(12, 24)
-> Request 1
291
(2, 3, 2)
3
(52, 33)
-> Request 2
309
(2, 3, 1)
1
(54, 44)
-> Request 3
336
(1, 1, 1)
3
(52, 39)
-> Request 4
371
(4, 3, 2)
2
(58, 44)
-> Request 5
575
(1, 2, 1)
3
(56, 35)
-> Request 6
622
(3, 1, 1)
2
(9, 23)
-> Request 7
938
(4, 2, 2)
1
(13, 23)
-> Request 8
1075
(3, 1, 1)
2
(57, 45)
-> Request 9
1212
(1, 3, 2)
2
(57, 77)
-> Request 10
1416
(2, 1, 1)
3
(59, 28)
-> Request 11
1434
(3, 1, 1)
3
(62, 45)
---> Week : 87
--> Day : 0
-> Request 0
70
(4, 3, 2)
3
(62, 41)
-> Request 1
157
(3, 3, 1)
2
(60, 70)
-> Request 2
536
(4, 2, 2)
3
(55, 42)
-> Request 3
542
(1, 3, 1)
3
(16, 25)
-> Request 4
710
(1, 1, 1)
3
(55, 30)
-> Request 5
738
(4, 1, 1)
3
(55, 68)
-> Request 6
906
(2, 1, 2)
2
(49, 37)
-> Request 7
1349
(1, 1, 2)
2
(12, 29)
--> Day : 1
-> Request 0
22
(4, 2, 2)
3
(8, 27)
-> Request 1
377
(1, 1, 2)
1
(49, 41)
-> Request 2
542
(1, 1, 1)
1
(61, 35)
-> Request 3
817
(2, 1, 1)
2
(54, 40)
-> Request 4
912
(4, 2, 1)
3
(13, 27)
-> Request 5
919
(1, 2, 2)
1
(14, 26)
-> Request 6
1233
(1, 2, 1)
3
(43, 43)
-> Request 7
1326
(4, 1, 2)
1
(52, 42)
-> Request 8
1433
(3, 2, 2)
1
(51, 36)
--> Day : 2
-> Request 0
267
(2, 2, 2)
3
(48, 36)
-> Request 1
284
(4, 3, 1)
2
(62, 75)
-> Request 2
335
(1, 1, 2)
2
(11, 26)
-> Request 3
715
(1, 2, 2)
1
(56, 45)
-> Request 4
749
(1, 1, 1)
1
(62, 28)
-> Request 5
875
(1, 2, 1)
3
(15, 25)
-> Request 6
975
(4, 1, 1)
3
(53, 44)
-> Request 7
1062
(2, 2, 2)
3
(46, 36)
-> Request 8
1118
(2, 1, 1)
1
(8, 22)
-> Request 9
1232
(4, 1, 1)
3
(11, 23)
-> Request 10
1282
(3, 2, 2)
1
(10, 21)
-> Request 11
1369
(2, 1, 2)
1
(53, 68)
-> Request 12
1371
(2, 1, 1)
2
(50, 41)
--> Day : 3
-> Request 0
110
(2, 3, 1)
3
(44, 32)
-> Request 1
507
(1, 1, 2)
1
(58, 41)
-> Request 2
587
(3, 3, 2)
3
(65, 73)
-> Request 3
692
(1, 1, 1)
3
(9, 24)
-> Request 4
726
(1, 2, 2)
2
(52, 28)
-> Request 5
866
(2, 3, 2)
2
(55, 65)
-> Request 6
1166
(3, 2, 2)
3
(60, 27)
-> Request 7
1234
(1, 3, 2)
3
(62, 69)
-> Request 8
1368
(4, 2, 1)
3
(43, 43)
-> Request 9
1419
(1, 2, 2)
2
(57, 27)
--> Day : 4
-> Request 0
127
(1, 1, 2)
2
(54, 34)
-> Request 1
227
(3, 3, 1)
1
(62, 67)
-> Request 2
1281
(1, 2, 2)
1
(9, 20)
---> Week : 88
--> Day : 0
-> Request 0
95
(4, 2, 2)
2
(58, 68)
-> Request 1
111
(4, 3, 1)
2
(55, 69)
-> Request 2
180
(2, 1, 2)
2
(45, 37)
-> Request 3
267
(1, 3, 1)
1
(10, 25)
-> Request 4
801
(4, 3, 2)
1
(53, 33)
-> Request 5
1065
(4, 3, 1)
1
(57, 32)
--> Day : 1
-> Request 0
78
(1, 3, 1)
3
(66, 71)
-> Request 1
83
(4, 3, 2)
2
(13, 27)
-> Request 2
384
(4, 2, 1)
1
(47, 28)
-> Request 3
580
(2, 2, 1)
1
(63, 74)
-> Request 4
661
(3, 1, 2)
1
(55, 73)
-> Request 5
761
(2, 2, 2)
1
(62, 37)
-> Request 6
1114
(3, 2, 2)
3
(64, 74)
-> Request 7
1137
(2, 3, 1)
3
(58, 42)
-> Request 8
1284
(1, 3, 1)
2
(52, 75)
--> Day : 2
-> Request 0
128
(2, 3, 1)
2
(58, 36)
-> Request 1
373
(2, 3, 1)
1
(51, 40)
-> Request 2
523
(4, 1, 1)
2
(61, 37)
-> Request 3
526
(4, 3, 2)
2
(54, 27)
-> Request 4
572
(2, 1, 2)
3
(53, 31)
-> Request 5
1309
(4, 3, 1)
2
(66, 68)
--> Day : 3
-> Request 0
195
(1, 1, 2)
2
(57, 45)
-> Request 1
256
(2, 1, 2)
3
(65, 77)
-> Request 2
384
(1, 2, 2)
2
(57, 66)
-> Request 3
417
(2, 2, 2)
3
(52, 78)
-> Request 4
550
(1, 3, 1)
1
(52, 77)
-> Request 5
662
(1, 3, 1)
2
(53, 43)
-> Request 6
803
(2, 1, 1)
1
(54, 74)
-> Request 7
922
(2, 1, 1)
3
(63, 78)
-> Request 8
1041
(2, 2, 2)
2
(64, 77)
-> Request 9
1305
(2, 1, 1)
3
(43, 42)
-> Request 10
1369
(2, 2, 1)
2
(48, 43)
--> Day : 4
-> Request 0
114
(4, 1, 1)
2
(13, 27)
-> Request 1
351
(1, 2, 1)
1
(66, 77)
-> Request 2
353
(4, 1, 2)
1
(52, 66)
-> Request 3
466
(1, 3, 1)
3
(62, 39)
-> Request 4
524
(3, 1, 2)
2
(57, 32)
-> Request 5
817
(2, 1, 2)
3
(47, 42)
-> Request 6
841
(2, 1, 2)
3
(48, 29)
-> Request 7
888
(1, 1, 2)
1
(55, 74)
-> Request 8
905
(1, 1, 1)
1
(51, 44)
-> Request 9
1160
(4, 3, 1)
1
(66, 65)
-> Request 10
1180
(3, 3, 1)
3
(46, 36)
-> Request 11
1302
(4, 3, 2)
2
(46, 35)
---> Week : 89
--> Day : 0
-> Request 0
71
(3, 2, 2)
1
(53, 46)
-> Request 1
322
(2, 2, 1)
1
(14, 20)
-> Request 2
675
(2, 1, 2)
3
(8, 22)
-> Request 3
761
(2, 2, 2)
2
(61, 67)
-> Request 4
830
(2, 3, 1)
2
(63, 75)
-> Request 5
840
(3, 1, 1)
2
(49, 40)
-> Request 6
1149
(1, 2, 1)
1
(56, 37)
-> Request 7
1339
(4, 3, 1)
3
(58, 71)
-> Request 8
1390
(1, 1, 2)
2
(11, 29)
--> Day : 1
-> Request 0
113
(1, 2, 1)
3
(45, 36)
-> Request 1
267
(4, 3, 1)
1
(59, 65)
-> Request 2
333
(3, 3, 1)
3
(14, 25)
-> Request 3
893
(4, 3, 1)
1
(57, 69)
-> Request 4
1030
(2, 1, 2)
3
(13, 20)
-> Request 5
1266
(2, 1, 2)
3
(54, 43)
-> Request 6
1311
(2, 1, 1)
2
(9, 28)
-> Request 7
1314
(4, 1, 2)
2
(54, 43)
-> Request 8
1331
(2, 1, 1)
1
(59, 64)
-> Request 9
1371
(4, 1, 2)
1
(56, 28)
--> Day : 2
-> Request 0
1098
(1, 2, 1)
2
(54, 75)
--> Day : 3
-> Request 0
36
(2, 3, 2)
3
(65, 67)
-> Request 1
185
(2, 1, 1)
1
(16, 22)
-> Request 2
666
(2, 2, 2)
2
(55, 64)
-> Request 3
810
(3, 1, 1)
1
(62, 41)
-> Request 4
878
(3, 3, 2)
2
(49, 41)
-> Request 5
1084
(1, 2, 1)
1
(58, 77)
-> Request 6
1404
(1, 1, 2)
2
(8, 21)
--> Day : 4
-> Request 0
275
(4, 1, 1)
3
(52, 45)
-> Request 1
375
(3, 1, 1)
3
(58, 35)
-> Request 2
535
(1, 3, 1)
3
(65, 76)
-> Request 3
815
(3, 2, 1)
1
(44, 39)
-> Request 4
865
(1, 1, 1)
3
(55, 46)
-> Request 5
970
(4, 1, 2)
2
(61, 35)
-> Request 6
1086
(3, 3, 2)
2
(58, 64)
-> Request 7
1089
(1, 3, 2)
2
(62, 36)
-> Request 8
1110
(4, 2, 2)
3
(51, 44)
-> Request 9
1154
(1, 2, 1)
3
(57, 39)
-> Request 10
1283
(2, 3, 1)
3
(45, 41)
---> Week : 90
--> Day : 0
-> Request 0
18
(3, 2, 2)
1
(61, 73)
-> Request 1
34
(3, 3, 1)
3
(44, 31)
-> Request 2
56
(1, 3, 2)
1
(8, 28)
-> Request 3
143
(3, 1, 2)
1
(52, 31)
-> Request 4
389
(3, 3, 2)
3
(8, 26)
-> Request 5
840
(3, 3, 2)
2
(61, 78)
-> Request 6
1140
(2, 1, 2)
3
(60, 66)
-> Request 7
1274
(2, 2, 1)
2
(62, 75)
--> Day : 1
-> Request 0
168
(3, 2, 1)
2
(54, 77)
-> Request 1
785
(2, 3, 1)
2
(55, 44)
-> Request 2
900
(4, 2, 2)
2
(51, 45)
--> Day : 2
-> Request 0
33
(3, 1, 2)
3
(61, 28)
-> Request 1
34
(4, 1, 2)
2
(46, 37)
-> Request 2
65
(3, 3, 1)
2
(59, 74)
-> Request 3
104
(3, 2, 1)
3
(58, 36)
-> Request 4
188
(1, 2, 2)
3
(54, 31)
-> Request 5
524
(4, 3, 2)
2
(57, 67)
-> Request 6
578
(2, 3, 2)
2
(65, 73)
-> Request 7
741
(2, 2, 2)
3
(44, 32)
-> Request 8
857
(2, 1, 2)
3
(66, 69)
-> Request 9
925
(4, 3, 1)
2
(14, 21)
-> Request 10
965
(2, 3, 2)
2
(60, 69)
-> Request 11
998
(1, 3, 1)
2
(55, 34)
-> Request 12
1013
(3, 1, 1)
2
(60, 73)
-> Request 13
1302
(1, 2, 2)
2
(53, 43)
-> Request 14
1364
(1, 1, 2)
1
(10, 22)
--> Day : 3
-> Request 0
18
(1, 2, 2)
2
(61, 46)
-> Request 1
571
(3, 3, 2)
1
(50, 27)
-> Request 2
1026
(4, 1, 2)
3
(58, 78)
-> Request 3
1217
(3, 3, 2)
1
(65, 78)
-> Request 4
1414
(3, 1, 1)
2
(60, 78)
--> Day : 4
-> Request 0
143
(3, 2, 1)
1
(53, 45)
-> Request 1
376
(1, 1, 2)
2
(59, 78)
-> Request 2
507
(4, 2, 2)
2
(54, 35)
-> Request 3
611
(1, 2, 2)
1
(47, 27)
-> Request 4
698
(2, 1, 2)
2
(54, 68)
-> Request 5
816
(3, 3, 2)
3
(12, 27)
-> Request 6
887
(4, 1, 2)
3
(51, 38)
-> Request 7
1298
(3, 1, 2)
3
(57, 65)
-> Request 8
1306
(2, 1, 2)
3
(57, 33)
-> Request 9
1346
(1, 2, 2)
2
(46, 44)
---> Week : 91
--> Day : 0
-> Request 0
3
(2, 1, 1)
3
(54, 32)
-> Request 1
76
(4, 1, 2)
2
(61, 30)
-> Request 2
141
(1, 1, 2)
1
(58, 36)
-> Request 3
217
(1, 2, 2)
3
(53, 42)
-> Request 4
670
(1, 3, 2)
1
(63, 67)
-> Request 5
1049
(2, 1, 1)
2
(51, 38)
--> Day : 1
-> Request 0
425
(4, 3, 2)
1
(56, 69)
-> Request 1
535
(3, 2, 1)
3
(43, 46)
-> Request 2
1063
(3, 2, 1)
1
(43, 31)
-> Request 3
1075
(4, 3, 1)
3
(57, 46)
-> Request 4
1159
(2, 1, 2)
3
(61, 75)
-> Request 5
1380
(4, 2, 2)
1
(47, 41)
--> Day : 2
-> Request 0
11
(1, 2, 2)
1
(55, 64)
-> Request 1
131
(4, 1, 2)
1
(56, 73)
-> Request 2
270
(2, 3, 2)
3
(16, 25)
-> Request 3
360
(3, 2, 2)
3
(62, 76)
-> Request 4
489
(1, 1, 2)
2
(53, 40)
-> Request 5
536
(1, 1, 1)
3
(8, 21)
-> Request 6
565
(1, 3, 1)
1
(48, 34)
-> Request 7
579
(4, 3, 2)
2
(62, 44)
-> Request 8
689
(3, 3, 1)
1
(13, 26)
-> Request 9
733
(4, 3, 1)
1
(47, 27)
-> Request 10
760
(2, 3, 2)
3
(52, 42)
-> Request 11
808
(4, 1, 2)
2
(45, 30)
-> Request 12
905
(3, 3, 1)
2
(66, 68)
-> Request 13
974
(3, 2, 1)
3
(43, 41)
-> Request 14
1097
(3, 3, 1)
3
(59, 72)
-> Request 15
1248
(2, 1, 1)
3
(55, 75)
-> Request 16
1314
(4, 1, 1)
2
(60, 29)
--> Day : 3
-> Request 0
187
(4, 1, 2)
3
(49, 46)
-> Request 1
214
(4, 1, 2)
3
(58, 68)
-> Request 2
1169
(3, 3, 1)
2
(52, 33)
-> Request 3
1378
(2, 1, 1)
3
(54, 43)
--> Day : 4
-> Request 0
17
(3, 2, 1)
1
(54, 74)
-> Request 1
228
(2, 2, 1)
3
(48, 29)
-> Request 2
299
(1, 3, 2)
3
(15, 21)
-> Request 3
370
(1, 1, 1)
3
(59, 30)
-> Request 4
565
(3, 2, 2)
2
(17, 23)
-> Request 5
753
(3, 1, 2)
1
(53, 64)
-> Request 6
836
(2, 2, 1)
3
(52, 78)
-> Request 7
966
(3, 1, 1)
3
(61, 72)
-> Request 8
1032
(1, 2, 1)
2
(63, 65)
-> Request 9
1415
(1, 1, 1)
1
(65, 75)
---> Week : 92
--> Day : 0
-> Request 0
558
(4, 2, 1)
2
(52, 74)
-> Request 1
736
(3, 2, 2)
1
(44, 31)
-> Request 2
753
(4, 2, 1)
3
(48, 45)
-> Request 3
802
(4, 3, 1)
2
(56, 73)
-> Request 4
1023
(2, 2, 2)
2
(51, 42)
-> Request 5
1032
(4, 1, 2)
3
(17, 22)
-> Request 6
1116
(4, 1, 2)
1
(48, 32)
-> Request 7
1123
(1, 3, 2)
3
(61, 37)
-> Request 8
1137
(2, 3, 2)
2
(16, 20)
-> Request 9
1216
(3, 1, 1)
2
(16, 24)
-> Request 10
1349
(2, 3, 2)
2
(44, 39)
-> Request 11
1417
(3, 3, 1)
3
(65, 68)
--> Day : 1
-> Request 0
53
(2, 1, 2)
1
(48, 44)
-> Request 1
86
(3, 3, 2)
1
(53, 66)
-> Request 2
87
(4, 1, 2)
3
(65, 65)
-> Request 3
125
(4, 1, 1)
3
(52, 71)
-> Request 4
441
(1, 2, 2)
3
(56, 35)
-> Request 5
447
(3, 2, 2)
1
(43, 44)
-> Request 6
467
(4, 1, 2)
2
(65, 71)
-> Request 7
561
(3, 1, 1)
3
(52, 72)
-> Request 8
674
(1, 3, 1)
3
(8, 20)
-> Request 9
783
(1, 1, 2)
3
(14, 20)
-> Request 10
914
(4, 1, 1)
1
(13, 27)
-> Request 11
1004
(2, 2, 2)
3
(54, 40)
-> Request 12
1113
(3, 2, 1)
2
(52, 42)
-> Request 13
1123
(3, 1, 2)
3
(54, 34)
-> Request 14
1428
(3, 2, 1)
2
(61, 27)
--> Day : 2
-> Request 0
347
(2, 3, 2)
1
(62, 37)
-> Request 1
367
(4, 1, 2)
1
(59, 71)
-> Request 2
561
(2, 3, 1)
1
(65, 75)
-> Request 3
678
(2, 1, 2)
3
(57, 41)
-> Request 4
1086
(3, 3, 1)
1
(62, 78)
-> Request 5
1089
(2, 1, 2)
1
(61, 46)
-> Request 6
1167
(4, 1, 1)
1
(52, 67)
--> Day : 3
-> Request 0
197
(2, 2, 2)
1
(14, 21)
-> Request 1
351
(2, 3, 2)
2
(48, 29)
-> Request 2
410
(3, 3, 1)
3
(51, 32)
-> Request 3
484
(1, 1, 2)
1
(8, 24)
-> Request 4
540
(4, 2, 2)
3
(62, 34)
-> Request 5
624
(4, 3, 2)
2
(55, 77)
-> Request 6
813
(2, 1, 2)
1
(57, 28)
-> Request 7
1192
(2, 1, 1)
1
(61, 43)
-> Request 8
1260
(4, 3, 2)
1
(51, 41)
-> Request 9
1351
(4, 3, 1)
3
(47, 31)
-> Request 10
1410
(2, 3, 1)
2
(46, 38)
--> Day : 4
-> Request 0
240
(2, 3, 2)
1
(46, 41)
-> Request 1
385
(2, 2, 2)
1
(45, 37)
-> Request 2
508
(2, 2, 1)
3
(60, 46)
-> Request 3
702
(3, 1, 2)
2
(49, 33)
-> Request 4
1023
(1, 2, 1)
1
(56, 46)
-> Request 5
1119
(4, 2, 2)
2
(62, 40)
-> Request 6
1126
(4, 1, 2)
3
(61, 29)
-> Request 7
1290
(1, 1, 2)
3
(51, 45)
-> Request 8
1329
(3, 3, 2)
1
(11, 28)
-> Request 9
1357
(2, 1, 1)
2
(56, 66)
---> Week : 93
--> Day : 0
-> Request 0
204
(3, 2, 1)
3
(10, 22)
-> Request 1
267
(2, 2, 1)
3
(54, 27)
-> Request 2
586
(3, 1, 2)
2
(52, 30)
-> Request 3
888
(2, 2, 2)
2
(57, 29)
-> Request 4
1006
(2, 2, 2)
1
(54, 67)
-> Request 5
1035
(4, 3, 2)
3
(58, 33)
-> Request 6
1085
(4, 2, 2)
2
(66, 66)
-> Request 7
1316
(1, 1, 2)
1
(57, 42)
-> Request 8
1408
(2, 2, 2)
1
(55, 27)
--> Day : 1
-> Request 0
150
(1, 2, 2)
3
(55, 45)
-> Request 1
211
(2, 1, 1)
2
(51, 29)
-> Request 2
419
(2, 2, 2)
2
(43, 44)
-> Request 3
1006
(1, 2, 2)
1
(43, 38)
-> Request 4
1135
(3, 2, 1)
2
(52, 73)
-> Request 5
1262
(3, 1, 2)
2
(58, 32)
-> Request 6
1332
(3, 1, 1)
3
(59, 36)
-> Request 7
1361
(4, 3, 2)
3
(48, 37)
-> Request 8
1401
(1, 1, 1)
3
(55, 33)
--> Day : 2
-> Request 0
29
(2, 2, 2)
1
(65, 65)
-> Request 1
29
(4, 3, 2)
2
(65, 71)
-> Request 2
48
(1, 2, 2)
2
(48, 37)
-> Request 3
291
(3, 2, 2)
2
(13, 24)
-> Request 4
324
(2, 3, 1)
2
(12, 28)
-> Request 5
445
(4, 3, 2)
3
(51, 36)
-> Request 6
553
(2, 1, 2)
1
(48, 42)
-> Request 7
573
(1, 2, 2)
3
(62, 31)
-> Request 8
778
(3, 2, 2)
1
(55, 43)
-> Request 9
908
(2, 3, 1)
1
(60, 33)
-> Request 10
923
(1, 1, 2)
3
(43, 34)
-> Request 11
1008
(4, 1, 2)
3
(53, 42)
-> Request 12
1063
(2, 3, 1)
3
(43, 46)
-> Request 13
1136
(4, 2, 1)
3
(53, 73)
-> Request 14
1166
(3, 3, 2)
1
(45, 32)
-> Request 15
1210
(1, 1, 2)
1
(43, 29)
-> Request 16
1276
(1, 1, 1)
2
(59, 27)
--> Day : 3
-> Request 0
469
(2, 2, 2)
2
(54, 32)
-> Request 1
540
(3, 1, 1)
1
(57, 70)
-> Request 2
781
(4, 2, 2)
1
(58, 72)
-> Request 3
841
(2, 1, 1)
3
(61, 27)
-> Request 4
990
(1, 2, 2)
3
(46, 45)
-> Request 5
1021
(1, 2, 1)
1
(61, 35)
-> Request 6
1048
(1, 1, 2)
3
(52, 74)
-> Request 7
1334
(2, 1, 2)
3
(66, 64)
-> Request 8
1407
(1, 2, 2)
2
(49, 31)
-> Request 9
1426
(3, 1, 1)
3
(52, 35)
--> Day : 4
-> Request 0
20
(2, 2, 2)
2
(62, 29)
-> Request 1
422
(1, 2, 1)
1
(64, 71)
-> Request 2
922
(3, 2, 2)
2
(51, 27)
-> Request 3
1005
(3, 2, 1)
1
(13, 24)
-> Request 4
1081
(2, 2, 2)
2
(61, 71)
-> Request 5
1087
(1, 1, 1)
1
(46, 35)
-> Request 6
1235
(4, 1, 2)
1
(47, 29)
-> Request 7
1252
(4, 3, 2)
1
(61, 74)
---> Week : 94
--> Day : 0
-> Request 0
105
(4, 3, 1)
2
(13, 21)
-> Request 1
457
(2, 2, 2)
2
(55, 68)
-> Request 2
645
(2, 1, 2)
2
(46, 40)
-> Request 3
661
(1, 1, 1)
3
(55, 77)
-> Request 4
721
(2, 3, 2)
1
(47, 31)
-> Request 5
831
(1, 2, 2)
3
(61, 33)
-> Request 6
852
(2, 3, 2)
3
(56, 38)
-> Request 7
871
(2, 1, 1)
2
(54, 38)
--> Day : 1
-> Request 0
35
(4, 3, 2)
1
(62, 29)
-> Request 1
44
(4, 1, 2)
3
(56, 76)
-> Request 2
61
(4, 3, 1)
1
(59, 38)
-> Request 3
63
(4, 3, 2)
2
(61, 35)
-> Request 4
167
(2, 2, 2)
2
(46, 30)
-> Request 5
735
(2, 3, 1)
1
(52, 71)
-> Request 6
908
(3, 1, 2)
2
(56, 69)
--> Day : 2
-> Request 0
125
(4, 3, 1)
3
(53, 35)
-> Request 1
217
(2, 2, 2)
1
(12, 23)
-> Request 2
587
(4, 3, 2)
3
(63, 68)
-> Request 3
640
(4, 1, 1)
3
(49, 28)
-> Request 4
712
(1, 3, 1)
3
(10, 27)
-> Request 5
764
(4, 3, 1)
1
(58, 71)
-> Request 6
778
(2, 1, 2)
2
(16, 25)
-> Request 7
802
(3, 2, 2)
1
(51, 33)
-> Request 8
819
(3, 3, 1)
1
(53, 41)
-> Request 9
1152
(2, 1, 1)
3
(58, 37)
-> Request 10
1359
(3, 1, 2)
3
(63, 72)
--> Day : 3
-> Request 0
98
(4, 1, 1)
1
(9, 24)
-> Request 1
115
(3, 2, 1)
3
(48, 46)
-> Request 2
192
(2, 1, 1)
2
(53, 46)
-> Request 3
207
(4, 3, 2)
2
(44, 32)
-> Request 4
282
(2, 3, 1)
1
(51, 33)
-> Request 5
469
(1, 3, 2)
3
(55, 28)
--> Day : 4
-> Request 0
317
(4, 1, 1)
2
(61, 43)
-> Request 1
328
(3, 1, 2)
3
(57, 38)
-> Request 2
390
(4, 3, 2)
1
(61, 64)
-> Request 3
797
(1, 3, 2)
3
(58, 42)
-> Request 4
966
(3, 3, 1)
1
(58, 65)
-> Request 5
1155
(1, 1, 2)
1
(55, 77)
---> Week : 95
--> Day : 0
-> Request 0
83
(4, 2, 1)
1
(59, 42)
-> Request 1
309
(1, 2, 2)
1
(55, 31)
-> Request 2
478
(1, 3, 2)
1
(54, 39)
-> Request 3
703
(3, 3, 1)
3
(49, 28)
-> Request 4
748
(2, 2, 2)
1
(57, 45)
-> Request 5
849
(1, 1, 1)
2
(58, 35)
-> Request 6
938
(3, 2, 2)
2
(58, 75)
-> Request 7
977
(2, 1, 1)
2
(17, 28)
-> Request 8
1006
(1, 1, 1)
3
(55, 76)
--> Day : 1
-> Request 0
125
(3, 1, 2)
2
(63, 72)
-> Request 1
199
(4, 2, 2)
1
(57, 74)
-> Request 2
208
(2, 3, 1)
1
(11, 28)
-> Request 3
209
(1, 3, 1)
2
(16, 27)
-> Request 4
512
(4, 1, 2)
2
(55, 66)
-> Request 5
645
(3, 1, 1)
3
(52, 43)
-> Request 6
799
(1, 2, 1)
1
(58, 34)
-> Request 7
800
(4, 2, 1)
1
(54, 33)
-> Request 8
827
(2, 1, 1)
3
(12, 22)
-> Request 9
1068
(2, 3, 1)
1
(44, 29)
-> Request 10
1231
(3, 3, 2)
3
(46, 31)
-> Request 11
1256
(1, 1, 2)
3
(12, 26)
-> Request 12
1420
(3, 2, 1)
3
(61, 68)
--> Day : 2
-> Request 0
114
(2, 2, 1)
3
(66, 64)
-> Request 1
121
(2, 2, 2)
2
(65, 74)
-> Request 2
198
(2, 1, 2)
1
(57, 39)
-> Request 3
307
(2, 2, 1)
2
(12, 29)
-> Request 4
801
(3, 2, 2)
3
(52, 73)
-> Request 5
930
(2, 2, 1)
3
(62, 74)
-> Request 6
940
(1, 3, 2)
2
(12, 20)
--> Day : 3
-> Request 0
23
(4, 2, 1)
2
(47, 44)
-> Request 1
27
(1, 2, 2)
3
(45, 33)
-> Request 2
117
(2, 1, 2)
2
(60, 27)
-> Request 3
304
(4, 1, 2)
3
(54, 77)
-> Request 4
335
(4, 1, 2)
2
(66, 76)
-> Request 5
400
(4, 2, 1)
3
(9, 24)
-> Request 6
509
(4, 2, 1)
1
(44, 40)
-> Request 7
538
(2, 2, 1)
3
(54, 65)
-> Request 8
648
(2, 3, 2)
2
(58, 33)
-> Request 9
677
(3, 2, 2)
1
(62, 37)
-> Request 10
690
(2, 1, 1)
2
(62, 74)
-> Request 11
691
(3, 1, 2)
1
(48, 35)
-> Request 12
906
(1, 2, 2)
3
(9, 29)
-> Request 13
1012
(4, 3, 2)
1
(57, 43)
-> Request 14
1096
(3, 1, 1)
1
(51, 32)
-> Request 15
1112
(4, 1, 2)
1
(53, 37)
--> Day : 4
-> Request 0
351
(2, 1, 1)
1
(52, 67)
-> Request 1
437
(4, 3, 1)
1
(57, 31)
-> Request 2
439
(1, 1, 2)
3
(59, 28)
-> Request 3
1034
(2, 2, 2)
1
(50, 45)
-> Request 4
1119
(4, 1, 1)
2
(52, 67)
-> Request 5
1148
(1, 2, 1)
2
(62, 36)
-> Request 6
1257
(2, 1, 1)
3
(43, 40)
---> Week : 96
--> Day : 0
-> Request 0
137
(3, 3, 1)
1
(51, 31)
-> Request 1
401
(3, 3, 1)
3
(58, 68)
-> Request 2
681
(4, 1, 1)
1
(52, 29)
-> Request 3
696
(2, 1, 1)
1
(14, 24)
-> Request 4
1021
(4, 1, 1)
3
(66, 72)
-> Request 5
1129
(2, 3, 2)
3
(53, 42)
-> Request 6
1408
(4, 3, 2)
2
(50, 45)
--> Day : 1
-> Request 0
176
(4, 3, 2)
1
(64, 75)
-> Request 1
293
(4, 2, 1)
1
(61, 64)
-> Request 2
726
(4, 2, 2)
2
(61, 29)
-> Request 3
785
(4, 2, 1)
3
(48, 32)
-> Request 4
912
(1, 1, 2)
2
(14, 29)
-> Request 5
1352
(2, 3, 1)
3
(65, 72)
--> Day : 2
-> Request 0
207
(1, 3, 1)
1
(55, 30)
-> Request 1
244
(1, 3, 2)
3
(56, 42)
-> Request 2
285
(4, 3, 1)
1
(58, 78)
-> Request 3
505
(2, 3, 1)
1
(66, 69)
-> Request 4
644
(4, 2, 2)
2
(66, 76)
-> Request 5
742
(2, 2, 2)
2
(46, 30)
-> Request 6
756
(4, 3, 2)
2
(17, 22)
-> Request 7
1210
(3, 1, 2)
2
(66, 65)
-> Request 8
1224
(3, 2, 2)
3
(51, 45)
-> Request 9
1353
(1, 1, 2)
3
(17, 25)
--> Day : 3
-> Request 0
264
(1, 3, 1)
3
(59, 65)
-> Request 1
335
(2, 3, 2)
1
(59, 29)
-> Request 2
505
(1, 2, 2)
3
(56, 36)
-> Request 3
780
(1, 3, 2)
1
(63, 77)
-> Request 4
891
(3, 3, 1)
1
(55, 69)
-> Request 5
1134
(1, 1, 1)
1
(52, 68)
--> Day : 4
-> Request 0
167
(4, 1, 2)
2
(54, 78)
-> Request 1
675
(3, 1, 2)
2
(10, 25)
-> Request 2
738
(4, 2, 1)
2
(16, 22)
-> Request 3
764
(1, 1, 1)
3
(15, 26)
-> Request 4
795
(2, 2, 1)
3
(15, 26)
---> Week : 97
--> Day : 0
-> Request 0
320
(1, 3, 2)
2
(62, 41)
-> Request 1
920
(1, 2, 1)
2
(16, 22)
-> Request 2
1161
(4, 2, 1)
3
(50, 46)
-> Request 3
1235
(3, 1, 1)
2
(43, 33)
-> Request 4
1272
(2, 2, 2)
2
(55, 40)
-> Request 5
1306
(3, 1, 1)
3
(53, 30)
--> Day : 1
-> Request 0
85
(4, 1, 1)
1
(56, 42)
-> Request 1
91
(1, 2, 2)
1
(46, 35)
-> Request 2
157
(1, 3, 2)
2
(57, 64)
-> Request 3
404
(3, 1, 2)
1
(58, 35)
-> Request 4
876
(4, 2, 2)
2
(61, 46)
-> Request 5
889
(2, 1, 1)
1
(61, 74)
-> Request 6
912
(4, 1, 2)
1
(54, 32)
-> Request 7
1082
(1, 3, 2)
2
(53, 46)
-> Request 8
1103
(2, 1, 1)
1
(55, 38)
-> Request 9
1111
(3, 1, 1)
1
(17, 28)
-> Request 10
1116
(4, 2, 2)
1
(64, 76)
-> Request 11
1244
(2, 3, 2)
1
(15, 28)
-> Request 12
1247
(3, 2, 1)
3
(60, 64)
-> Request 13
1311
(2, 1, 1)
3
(64, 76)
-> Request 14
1369
(4, 2, 2)
1
(51, 36)
-> Request 15
1416
(2, 1, 1)
2
(59, 42)
--> Day : 2
-> Request 0
82
(4, 3, 1)
1
(48, 38)
-> Request 1
583
(2, 1, 1)
1
(50, 28)
-> Request 2
701
(4, 1, 1)
3
(47, 40)
-> Request 3
791
(1, 1, 2)
2
(53, 67)
-> Request 4
927
(3, 2, 2)
3
(60, 71)
-> Request 5
960
(2, 1, 2)
1
(50, 42)
-> Request 6
1041
(4, 1, 1)
3
(60, 43)
-> Request 7
1084
(3, 1, 1)
1
(46, 43)
-> Request 8
1115
(2, 2, 1)
2
(44, 34)
-> Request 9
1209
(3, 1, 1)
3
(46, 45)
--> Day : 3
-> Request 0
18
(2, 1, 1)
1
(60, 34)
-> Request 1
941
(2, 1, 2)
1
(57, 30)
-> Request 2
950
(1, 1, 1)
2
(60, 37)
-> Request 3
1311
(2, 3, 2)
3
(16, 23)
-> Request 4
1340
(1, 2, 2)
2
(62, 29)
--> Day : 4
-> Request 0
31
(3, 2, 2)
1
(66, 73)
-> Request 1
144
(1, 1, 1)
3
(55, 74)
-> Request 2
508
(2, 2, 1)
2
(15, 27)
-> Request 3
767
(2, 1, 1)
3
(46, 30)
---> Week : 98
--> Day : 0
-> Request 0
117
(1, 2, 1)
3
(52, 31)
-> Request 1
437
(1, 3, 2)
3
(62, 33)
-> Request 2
1109
(1, 3, 1)
1
(9, 28)
-> Request 3
1184
(3, 3, 2)
3
(64, 77)
-> Request 4
1381
(1, 3, 2)
1
(62, 27)
-> Request 5
1396
(3, 1, 1)
1
(47, 41)
--> Day : 1
-> Request 0
180
(2, 3, 1)
2
(16, 23)
-> Request 1
254
(3, 3, 2)
2
(56, 43)
-> Request 2
257
(1, 1, 1)
1
(55, 67)
-> Request 3
347
(2, 1, 2)
3
(52, 66)
-> Request 4
379
(1, 2, 1)
3
(11, 28)
-> Request 5
452
(4, 2, 1)
2
(50, 31)
-> Request 6
497
(4, 3, 2)
1
(61, 40)
-> Request 7
558
(2, 2, 1)
3
(55, 64)
-> Request 8
628
(3, 3, 2)
2
(61, 71)
-> Request 9
854
(3, 2, 1)
3
(9, 24)
-> Request 10
866
(4, 2, 2)
2
(55, 69)
-> Request 11
1021
(2, 3, 2)
3
(58, 66)
-> Request 12
1035
(1, 1, 2)
1
(54, 74)
-> Request 13
1221
(2, 3, 1)
3
(53, 42)
-> Request 14
1237
(3, 3, 2)
3
(62, 43)
-> Request 15
1325
(2, 3, 2)
3
(48, 30)
-> Request 16
1356
(1, 2, 1)
2
(57, 31)
--> Day : 2
-> Request 0
79
(1, 1, 1)
2
(46, 32)
-> Request 1
96
(4, 3, 1)
2
(55, 44)
-> Request 2
141
(3, 3, 1)
3
(53, 42)
-> Request 3
171
(1, 2, 2)
2
(61, 74)
-> Request 4
212
(2, 3, 1)
1
(60, 44)
-> Request 5
242
(2, 2, 2)
1
(11, 26)
-> Request 6
628
(2, 1, 2)
1
(16, 27)
-> Request 7
1040
(2, 2, 2)
3
(54, 43)
-> Request 8
1147
(2, 2, 2)
3
(58, 29)
-> Request 9
1147
(1, 2, 2)
3
(54, 67)
-> Request 10
1439
(2, 2, 1)
2
(9, 20)
--> Day : 3
-> Request 0
2
(4, 1, 2)
3
(58, 34)
-> Request 1
4
(1, 3, 2)
2
(62, 46)
-> Request 2
20
(1, 2, 1)
1
(49, 30)
-> Request 3
78
(1, 3, 2)
3
(60, 46)
-> Request 4
208
(2, 1, 1)
2
(51, 41)
-> Request 5
210
(2, 3, 1)
2
(62, 78)
-> Request 6
309
(2, 1, 1)
1
(56, 68)
-> Request 7
732
(1, 1, 1)
1
(8, 26)
-> Request 8
1079
(2, 2, 2)
2
(66, 77)
-> Request 9
1121
(4, 1, 1)
3
(53, 71)
--> Day : 4
-> Request 0
63
(2, 2, 1)
3
(17, 21)
-> Request 1
166
(2, 2, 2)
1
(43, 28)
-> Request 2
168
(4, 2, 2)
1
(60, 32)
-> Request 3
364
(4, 2, 1)
1
(55, 46)
-> Request 4
500
(4, 3, 1)
1
(52, 41)
-> Request 5
564
(3, 2, 1)
1
(56, 78)
-> Request 6
1183
(1, 1, 2)
2
(55, 39)
---> Week : 99
--> Day : 0
-> Request 0
33
(1, 1, 2)
1
(11, 21)
-> Request 1
262
(4, 1, 2)
1
(56, 73)
-> Request 2
335
(2, 3, 2)
1
(58, 75)
-> Request 3
565
(2, 3, 2)
1
(52, 27)
-> Request 4
671
(1, 2, 1)
2
(61, 76)
-> Request 5
743
(3, 1, 2)
2
(59, 77)
-> Request 6
981
(4, 3, 1)
1
(51, 44)
-> Request 7
1087
(3, 1, 1)
1
(65, 67)
-> Request 8
1343
(1, 2, 2)
2
(56, 30)
-> Request 9
1364
(3, 1, 1)
2
(51, 36)
--> Day : 1
-> Request 0
192
(3, 2, 2)
3
(52, 72)
-> Request 1
663
(3, 2, 2)
2
(58, 77)
-> Request 2
866
(4, 2, 2)
2
(56, 71)
-> Request 3
1172
(4, 2, 2)
3
(45, 44)
-> Request 4
1201
(1, 1, 1)
1
(50, 32)
-> Request 5
1368
(1, 1, 1)
2
(46, 46)
--> Day : 2
-> Request 0
92
(1, 3, 1)
1
(49, 46)
-> Request 1
570
(2, 1, 1)
1
(62, 32)
-> Request 2
592
(2, 1, 1)
1
(9, 26)
-> Request 3
746
(4, 3, 1)
3
(53, 41)
-> Request 4
772
(1, 2, 1)
2
(62, 46)
-> Request 5
826
(1, 1, 2)
1
(59, 72)
-> Request 6
920
(2, 1, 2)
2
(63, 64)
-> Request 7
990
(2, 2, 1)
3
(54, 67)
-> Request 8
1264
(3, 3, 1)
3
(55, 64)
-> Request 9
1324
(2, 2, 1)
1
(9, 28)
--> Day : 3
-> Request 0
76
(2, 2, 2)
2
(55, 32)
-> Request 1
203
(1, 3, 1)
1
(45, 41)
-> Request 2
297
(4, 1, 1)
2
(49, 30)
-> Request 3
721
(1, 1, 1)
2
(47, 30)
-> Request 4
769
(1, 1, 1)
3
(56, 66)
-> Request 5
770
(1, 1, 2)
1
(54, 40)
-> Request 6
934
(3, 1, 1)
2
(55, 77)
-> Request 7
996
(1, 3, 2)
2
(53, 30)
-> Request 8
1004
(4, 3, 2)
3
(58, 30)
-> Request 9
1187
(1, 1, 1)
3
(61, 41)
--> Day : 4
-> Request 0
10
(4, 1, 1)
3
(55, 73)
-> Request 1
48
(1, 2, 2)
3
(11, 25)
-> Request 2
303
(1, 3, 1)
3
(57, 31)
-> Request 3
603
(2, 1, 2)
1
(58, 35)
-> Request 4
749
(2, 3, 1)
1
(52, 43)
-> Request 5
920
(4, 2, 1)
3
(17, 21)
-> Request 6
980
(3, 2, 1)
1
(54, 69)
-> Request 7
1104
(3, 3, 1)
2
(59, 64)
-> Request 8
1236
(2, 3, 2)
3
(63, 74)
-> Request 9
1280
(3, 1, 1)
3
(55, 27)
-> Request 10
1311
(3, 3, 2)
3
(59, 42)
---> Week : 100
--> Day : 0
-> Request 0
603
(1, 3, 1)
2
(58, 75)
-> Request 1
662
(4, 3, 1)
2
(58, 36)
-> Request 2
918
(4, 2, 2)
3
(60, 66)
-> Request 3
1025
(4, 3, 2)
3
(54, 46)
--> Day : 1
-> Request 0
20
(3, 3, 2)
3
(63, 76)
-> Request 1
121
(4, 1, 1)
3
(45, 43)
-> Request 2
348
(3, 3, 2)
2
(13, 24)
-> Request 3
437
(3, 2, 2)
2
(15, 23)
-> Request 4
608
(2, 1, 2)
1
(61, 44)
-> Request 5
645
(4, 1, 2)
3
(60, 28)
-> Request 6
818
(1, 3, 2)
1
(43, 27)
-> Request 7
823
(3, 3, 1)
2
(52, 43)
-> Request 8
1365
(1, 3, 1)
1
(62, 72)
--> Day : 2
-> Request 0
100
(3, 1, 2)
2
(59, 75)
-> Request 1
255
(3, 3, 1)
1
(9, 23)
-> Request 2
587
(2, 1, 2)
3
(58, 28)
-> Request 3
633
(4, 3, 2)
3
(54, 75)
-> Request 4
707
(2, 3, 2)
1
(57, 33)
-> Request 5
727
(4, 1, 1)
3
(49, 40)
-> Request 6
1165
(2, 1, 2)
1
(11, 25)
--> Day : 3
-> Request 0
55
(3, 2, 2)
2
(46, 28)
-> Request 1
458
(2, 1, 2)
1
(43, 32)
-> Request 2
524
(1, 3, 1)
2
(59, 27)
-> Request 3
545
(1, 3, 1)
3
(60, 46)
-> Request 4
1075
(4, 1, 1)
3
(64, 67)
-> Request 5
1334
(1, 1, 2)
2
(60, 66)
-> Request 6
1417
(4, 3, 2)
3
(63, 65)
--> Day : 4
-> Request 0
20
(1, 2, 2)
3
(66, 75)
-> Request 1
338
(1, 3, 2)
2
(48, 43)
-> Request 2
557
(1, 1, 2)
1
(59, 41)
-> Request 3
614
(3, 3, 2)
2
(9, 23)
-> Request 4
724
(1, 3, 1)
1
(52, 40)
-> Request 5
1144
(3, 1, 2)
1
(46, 36)
-> Request 6
1259
(4, 2, 2)
2
(52, 30)
-> Request 7
1331
(2, 2, 1)
2
(54, 67)
-> Request 8
1350
(2, 1, 1)
2
(48, 29)
-> Request 9
1379
(1, 3, 2)
3
(59, 66)
---> Week : 101
--> Day : 0
-> Request 0
60
(4, 2, 2)
2
(11, 27)
-> Request 1
200
(2, 2, 1)
1
(59, 68)
-> Request 2
286
(2, 1, 1)
1
(61, 71)
-> Request 3
330
(4, 1, 2)
1
(61, 72)
-> Request 4
355
(2, 2, 2)
1
(11, 23)
-> Request 5
453
(2, 1, 2)
1
(12, 21)
-> Request 6
550
(4, 1, 1)
3
(54, 40)
-> Request 7
600
(3, 1, 2)
2
(9, 20)
-> Request 8
763
(1, 2, 1)
3
(53, 65)
-> Request 9
1073
(4, 1, 2)
2
(57, 42)
--> Day : 1
-> Request 0
88
(4, 1, 1)
2
(8, 25)
-> Request 1
150
(1, 2, 1)
2
(51, 35)
-> Request 2
452
(2, 1, 2)
1
(64, 76)
-> Request 3
457
(3, 1, 2)
1
(59, 70)
-> Request 4
466
(1, 1, 1)
3
(53, 34)
-> Request 5
722
(4, 2, 1)
2
(65, 64)
-> Request 6
751
(3, 2, 2)
2
(63, 76)
-> Request 7
911
(1, 1, 2)
2
(55, 70)
-> Request 8
1117
(4, 2, 2)
2
(53, 70)
-> Request 9
1200
(3, 2, 1)
2
(60, 43)
-> Request 10
1278
(4, 2, 1)
3
(45, 39)
--> Day : 2
-> Request 0
115
(3, 2, 2)
3
(59, 45)
-> Request 1
140
(2, 2, 1)
1
(54, 69)
-> Request 2
259
(1, 2, 2)
3
(55, 31)
-> Request 3
416
(4, 2, 2)
3
(57, 39)
-> Request 4
462
(2, 3, 2)
3
(55, 35)
-> Request 5
620
(3, 1, 2)
1
(47, 45)
-> Request 6
649
(2, 2, 2)
1
(60, 78)
-> Request 7
768
(1, 2, 2)
1
(44, 33)
-> Request 8
802
(1, 3, 1)
3
(53, 46)
-> Request 9
861
(2, 2, 2)
2
(50, 37)
-> Request 10
871
(2, 3, 2)
1
(49, 36)
-> Request 11
1151
(2, 1, 2)
1
(61, 28)
-> Request 12
1152
(3, 3, 1)
3
(50, 44)
-> Request 13
1291
(4, 2, 2)
2
(51, 45)
-> Request 14
1400
(4, 2, 1)
2
(44, 35)
-> Request 15
1413
(4, 1, 1)
1
(46, 42)
-> Request 16
1416
(1, 1, 2)
2
(61, 34)
--> Day : 3
-> Request 0
28
(3, 1, 2)
1
(60, 36)
-> Request 1
30
(3, 3, 1)
1
(65, 66)
-> Request 2
284
(4, 3, 2)
3
(52, 64)
-> Request 3
303
(1, 1, 2)
1
(12, 22)
-> Request 4
336
(1, 3, 1)
1
(8, 21)
-> Request 5
648
(3, 2, 1)
3
(56, 75)
-> Request 6
812
(3, 2, 1)
2
(61, 64)
-> Request 7
875
(1, 1, 2)
1
(10, 25)
-> Request 8
928
(1, 2, 2)
2
(57, 33)
-> Request 9
1176
(4, 1, 1)
2
(46, 34)
-> Request 10
1196
(3, 1, 1)
3
(63, 78)
-> Request 11
1318
(2, 2, 2)
2
(54, 42)
--> Day : 4
-> Request 0
723
(4, 2, 1)
1
(43, 44)
-> Request 1
822
(2, 2, 1)
1
(46, 33)
-> Request 2
840
(4, 1, 2)
3
(56, 68)
-> Request 3
1009
(2, 1, 2)
2
(10, 23)
-> Request 4
1244
(2, 2, 1)
3
(66, 71)
---> Week : 102
--> Day : 0
-> Request 0
132
(1, 2, 2)
2
(66, 70)
-> Request 1
172
(4, 1, 2)
3
(43, 35)
-> Request 2
318
(1, 1, 2)
3
(51, 28)
-> Request 3
426
(1, 1, 1)
2
(59, 43)
-> Request 4
613
(1, 1, 1)
2
(48, 41)
-> Request 5
1019
(3, 2, 2)
3
(58, 32)
-> Request 6
1048
(4, 3, 1)
3
(55, 72)
-> Request 7
1277
(2, 2, 1)
1
(52, 75)
-> Request 8
1394
(4, 3, 1)
3
(44, 41)
--> Day : 1
-> Request 0
113
(4, 2, 2)
3
(16, 26)
-> Request 1
181
(3, 3, 2)
2
(52, 76)
-> Request 2
185
(2, 3, 2)
2
(14, 21)
-> Request 3
319
(4, 2, 1)
1
(9, 23)
-> Request 4
409
(2, 3, 2)
3
(57, 74)
-> Request 5
453
(4, 3, 2)
2
(47, 38)
-> Request 6
461
(3, 2, 1)
3
(58, 36)
-> Request 7
694
(2, 2, 1)
3
(61, 27)
-> Request 8
815
(2, 2, 1)
2
(15, 20)
-> Request 9
1001
(1, 3, 2)
3
(58, 32)
-> Request 10
1322
(4, 3, 2)
2
(48, 42)
--> Day : 2
-> Request 0
95
(1, 2, 2)
3
(48, 33)
-> Request 1
164
(3, 1, 2)
1
(64, 72)
-> Request 2
221
(3, 1, 1)
2
(14, 20)
-> Request 3
387
(1, 3, 1)
3
(62, 64)
-> Request 4
533
(1, 2, 2)
2
(43, 34)
-> Request 5
661
(4, 1, 2)
2
(54, 75)
-> Request 6
957
(3, 2, 2)
2
(48, 33)
-> Request 7
1253
(3, 1, 1)
2
(55, 31)
--> Day : 3
-> Request 0
131
(3, 2, 2)
2
(43, 30)
-> Request 1
217
(4, 3, 2)
3
(14, 25)
-> Request 2
262
(4, 2, 2)
3
(60, 70)
-> Request 3
426
(4, 2, 2)
1
(60, 38)
-> Request 4
500
(2, 2, 2)
2
(46, 27)
-> Request 5
579
(1, 1, 1)
1
(46, 46)
-> Request 6
655
(1, 3, 2)
2
(14, 26)
-> Request 7
1144
(2, 2, 1)
3
(16, 28)
-> Request 8
1169
(4, 2, 2)
1
(60, 28)
-> Request 9
1421
(3, 3, 2)
2
(60, 68)
-> Request 10
1437
(3, 2, 1)
1
(55, 38)
--> Day : 4
-> Request 0
364
(4, 1, 2)
1
(56, 74)
-> Request 1
407
(3, 2, 1)
3
(59, 33)
-> Request 2
513
(4, 1, 1)
3
(58, 40)
-> Request 3
655
(1, 3, 2)
1
(49, 39)
-> Request 4
752
(3, 1, 2)
1
(45, 36)
-> Request 5
752
(4, 1, 1)
2
(62, 32)
-> Request 6
840
(3, 1, 2)
1
(46, 46)
-> Request 7
971
(2, 2, 1)
2
(46, 28)
-> Request 8
1025
(4, 3, 1)
2
(51, 30)
-> Request 9
1078
(1, 1, 2)
1
(62, 37)
-> Request 10
1332
(2, 2, 2)
2
(60, 41)
---> Week : 103
--> Day : 0
-> Request 0
352
(1, 3, 1)
2
(46, 30)
-> Request 1
790
(2, 3, 2)
3
(10, 29)
-> Request 2
806
(4, 3, 2)
2
(15, 23)
-> Request 3
806
(1, 1, 1)
2
(63, 78)
-> Request 4
1259
(1, 1, 1)
1
(61, 70)
--> Day : 1
-> Request 0
218
(2, 2, 2)
2
(62, 40)
-> Request 1
395
(2, 1, 2)
2
(54, 64)
-> Request 2
614
(4, 2, 2)
3
(54, 28)
-> Request 3
874
(3, 3, 1)
1
(8, 22)
-> Request 4
923
(4, 2, 2)
1
(58, 45)
-> Request 5
934
(3, 3, 2)
3
(44, 37)
-> Request 6
986
(1, 2, 1)
1
(56, 44)
-> Request 7
1025
(1, 3, 1)
3
(46, 33)
-> Request 8
1325
(2, 3, 2)
1
(61, 78)
-> Request 9
1416
(4, 2, 2)
3
(17, 21)
--> Day : 2
-> Request 0
84
(1, 1, 1)
2
(47, 46)
-> Request 1
415
(3, 2, 1)
2
(52, 67)
-> Request 2
524
(1, 3, 2)
2
(56, 32)
-> Request 3
584
(4, 1, 2)
2
(60, 74)
-> Request 4
890
(4, 3, 2)
2
(60, 43)
-> Request 5
1016
(1, 3, 1)
2
(10, 27)
-> Request 6
1025
(4, 2, 1)
1
(61, 31)
-> Request 7
1170
(4, 1, 2)
1
(57, 68)
--> Day : 3
-> Request 0
432
(4, 3, 2)
3
(56, 27)
-> Request 1
553
(1, 1, 2)
2
(63, 66)
-> Request 2
784
(4, 3, 1)
2
(51, 41)
--> Day : 4
-> Request 0
514
(2, 2, 1)
3
(54, 69)
-> Request 1
613
(2, 2, 2)
1
(58, 34)
-> Request 2
671
(3, 1, 2)
3
(12, 21)
-> Request 3
674
(4, 1, 2)
3
(53, 34)
-> Request 4
702
(3, 1, 2)
1
(15, 24)
-> Request 5
1109
(3, 3, 1)
3
(59, 43)
-> Request 6
1232
(1, 2, 1)
1
(61, 39)
-> Request 7
1236
(3, 2, 1)
3
(11, 24)
-> Request 8
1335
(4, 1, 1)
1
(52, 38)
-> Request 9
1366
(4, 3, 1)
1
(66, 73)
---> Week : 104
--> Day : 0
-> Request 0
136
(1, 3, 2)
2
(64, 72)
-> Request 1
215
(4, 3, 2)
3
(57, 46)
-> Request 2
243
(4, 1, 1)
1
(47, 31)
-> Request 3
362
(4, 1, 2)
1
(11, 22)
-> Request 4
497
(3, 2, 2)
1
(59, 66)
-> Request 5
697
(1, 3, 2)
2
(62, 27)
-> Request 6
1047
(4, 2, 2)
1
(10, 25)
--> Day : 1
-> Request 0
400
(2, 2, 1)
2
(49, 36)
-> Request 1
502
(1, 3, 1)
1
(43, 44)
-> Request 2
529
(4, 2, 2)
3
(53, 28)
-> Request 3
776
(2, 1, 1)
3
(51, 41)
-> Request 4
908
(4, 3, 2)
2
(45, 28)
-> Request 5
1212
(4, 1, 1)
3
(50, 29)
-> Request 6
1373
(2, 3, 1)
1
(45, 38)
-> Request 7
1377
(4, 1, 2)
1
(44, 31)
--> Day : 2
-> Request 0
133
(4, 3, 2)
1
(59, 77)
-> Request 1
409
(4, 1, 1)
2
(55, 45)
-> Request 2
501
(1, 3, 2)
2
(15, 26)
-> Request 3
789
(2, 1, 2)
1
(48, 35)
-> Request 4
1349
(4, 3, 1)
3
(13, 25)
--> Day : 3
-> Request 0
101
(3, 2, 2)
2
(64, 68)
-> Request 1
302
(4, 1, 1)
1
(56, 30)
-> Request 2
831
(3, 3, 2)
3
(49, 29)
-> Request 3
901
(3, 2, 2)
2
(57, 67)
-> Request 4
963
(1, 1, 2)
3
(57, 39)
-> Request 5
1110
(3, 2, 2)
2
(47, 31)
-> Request 6
1179
(1, 3, 2)
2
(47, 42)
-> Request 7
1211
(1, 2, 2)
1
(58, 27)
-> Request 8
1254
(2, 3, 1)
3
(53, 33)
--> Day : 4
-> Request 0
222
(2, 2, 1)
3
(44, 37)
-> Request 1
238
(3, 1, 2)
3
(59, 42)
-> Request 2
242
(1, 1, 2)
3
(12, 29)
-> Request 3
391
(2, 3, 1)
2
(49, 34)
-> Request 4
604
(3, 1, 1)
2
(43, 28)
-> Request 5
740
(4, 3, 2)
3
(11, 26)
-> Request 6
764
(2, 3, 2)
3
(60, 34)
-> Request 7
1167
(1, 1, 1)
2
(61, 35)
-> Request 8
1302
(4, 3, 1)
3
(9, 23)
---> Week : 105
--> Day : 0
-> Request 0
66
(3, 1, 2)
1
(47, 29)
-> Request 1
85
(3, 1, 1)
1
(45, 43)
-> Request 2
91
(3, 1, 1)
1
(55, 74)
-> Request 3
136
(3, 2, 1)
3
(58, 29)
-> Request 4
234
(4, 3, 2)
1
(59, 34)
-> Request 5
337
(2, 3, 2)
1
(52, 74)
-> Request 6
503
(2, 2, 2)
1
(16, 25)
-> Request 7
680
(3, 3, 1)
3
(55, 73)
-> Request 8
697
(3, 1, 1)
2
(64, 76)
-> Request 9
816
(3, 2, 1)
3
(57, 78)
-> Request 10
1095
(4, 2, 2)
2
(55, 33)
-> Request 11
1364
(4, 2, 2)
1
(58, 77)
-> Request 12
1422
(3, 1, 2)
1
(12, 26)
--> Day : 1
-> Request 0
201
(1, 1, 2)
1
(53, 43)
-> Request 1
356
(3, 1, 1)
1
(51, 28)
-> Request 2
375
(4, 1, 1)
1
(44, 35)
-> Request 3
560
(3, 3, 2)
1
(58, 27)
-> Request 4
641
(4, 3, 2)
3
(55, 36)
-> Request 5
1000
(3, 2, 1)
3
(43, 39)
-> Request 6
1057
(1, 3, 2)
3
(15, 25)
--> Day : 2
-> Request 0
4
(2, 1, 2)
1
(56, 78)
-> Request 1
5
(4, 2, 2)
2
(47, 40)
-> Request 2
183
(2, 3, 1)
3
(50, 45)
-> Request 3
272
(2, 2, 1)
3
(56, 76)
-> Request 4
307
(1, 3, 1)
1
(59, 69)
-> Request 5
333
(2, 2, 1)
1
(48, 36)
-> Request 6
340
(3, 3, 2)
1
(54, 76)
-> Request 7
458
(3, 2, 2)
3
(62, 67)
-> Request 8
816
(1, 1, 2)
3
(55, 39)
-> Request 9
1391
(4, 1, 1)
3
(59, 43)
--> Day : 3
-> Request 0
275
(2, 1, 2)
3
(48, 32)
-> Request 1
344
(2, 2, 2)
1
(52, 33)
-> Request 2
687
(2, 2, 1)
3
(62, 72)
-> Request 3
736
(2, 3, 2)
1
(49, 33)
-> Request 4
879
(1, 3, 2)
3
(50, 41)
-> Request 5
933
(4, 2, 2)
1
(43, 33)
-> Request 6
1061
(1, 2, 2)
1
(55, 40)
-> Request 7
1085
(2, 1, 1)
1
(54, 31)
-> Request 8
1395
(1, 1, 2)
1
(44, 33)
--> Day : 4
-> Request 0
19
(2, 1, 2)
3
(44, 35)
-> Request 1
62
(1, 2, 1)
3
(61, 78)
-> Request 2
221
(1, 1, 2)
2
(44, 37)
-> Request 3
435
(4, 1, 1)
1
(62, 46)
-> Request 4
468
(4, 1, 2)
3
(60, 37)
-> Request 5
803
(2, 2, 1)
1
(57, 76)
-> Request 6
857
(3, 1, 2)
3
(56, 40)
-> Request 7
1194
(2, 1, 2)
3
(66, 68)
---> Week : 106
--> Day : 0
-> Request 0
490
(1, 1, 1)
1
(52, 40)
-> Request 1
501
(3, 3, 1)
3
(57, 32)
-> Request 2
712
(2, 3, 1)
1
(49, 40)
-> Request 3
722
(1, 3, 2)
3
(60, 33)
-> Request 4
834
(3, 2, 2)
2
(50, 36)
-> Request 5
1245
(1, 2, 1)
1
(55, 70)
-> Request 6
1323
(1, 2, 2)
1
(43, 38)
--> Day : 1
-> Request 0
20
(4, 3, 1)
3
(55, 66)
-> Request 1
27
(2, 2, 1)
2
(55, 34)
-> Request 2
42
(4, 2, 1)
1
(59, 74)
-> Request 3
87
(3, 1, 2)
2
(45, 27)
-> Request 4
109
(1, 3, 2)
2
(60, 70)
-> Request 5
178
(3, 3, 1)
1
(17, 22)
-> Request 6
790
(2, 1, 1)
1
(53, 66)
-> Request 7
798
(4, 1, 2)
3
(53, 29)
-> Request 8
829
(2, 2, 1)
3
(46, 36)
-> Request 9
876
(4, 2, 2)
1
(55, 67)
-> Request 10
955
(4, 1, 1)
3
(51, 30)
-> Request 11
1178
(4, 1, 2)
2
(53, 73)
--> Day : 2
-> Request 0
352
(3, 1, 1)
3
(50, 29)
-> Request 1
367
(1, 2, 2)
1
(56, 39)
-> Request 2
819
(2, 2, 1)
3
(43, 33)
-> Request 3
877
(3, 3, 1)
1
(15, 20)
-> Request 4
923
(4, 1, 1)
1
(58, 30)
-> Request 5
992
(2, 2, 1)
1
(59, 64)
-> Request 6
1294
(4, 2, 2)
1
(57, 43)
--> Day : 3
-> Request 0
165
(2, 1, 2)
2
(47, 45)
-> Request 1
370
(4, 1, 1)
1
(52, 45)
-> Request 2
511
(4, 1, 1)
1
(48, 43)
-> Request 3
695
(2, 1, 2)
1
(58, 36)
-> Request 4
1009
(3, 1, 1)
3
(54, 32)
-> Request 5
1173
(1, 2, 2)
2
(48, 38)
-> Request 6
1316
(4, 2, 1)
1
(65, 68)
--> Day : 4
-> Request 0
221
(3, 2, 2)
1
(45, 29)
-> Request 1
328
(4, 3, 2)
3
(56, 66)
-> Request 2
371
(3, 2, 2)
1
(60, 71)
-> Request 3
412
(3, 3, 2)
2
(56, 29)
-> Request 4
587
(1, 1, 1)
2
(46, 31)
-> Request 5
744
(1, 1, 1)
1
(55, 39)
-> Request 6
1292
(3, 3, 2)
2
(61, 38)
---> Week : 107
--> Day : 0
-> Request 0
78
(1, 1, 1)
1
(47, 36)
-> Request 1
108
(4, 2, 2)
3
(12, 29)
-> Request 2
329
(1, 1, 2)
1
(54, 74)
-> Request 3
783
(1, 1, 2)
1
(54, 42)
-> Request 4
889
(2, 2, 1)
2
(58, 67)
-> Request 5
955
(4, 2, 1)
2
(57, 32)
--> Day : 1
-> Request 0
133
(2, 3, 1)
1
(64, 75)
-> Request 1
312
(1, 3, 2)
3
(57, 28)
-> Request 2
424
(2, 1, 2)
1
(57, 37)
-> Request 3
481
(3, 3, 1)
3
(43, 44)
-> Request 4
867
(1, 3, 1)
2
(65, 77)
-> Request 5
1103
(2, 3, 1)
3
(57, 37)
-> Request 6
1170
(3, 2, 1)
1
(54, 75)
-> Request 7
1175
(3, 1, 1)
2
(16, 20)
--> Day : 2
-> Request 0
19
(4, 2, 2)
1
(43, 28)
-> Request 1
226
(1, 1, 2)
1
(57, 36)
-> Request 2
510
(3, 2, 2)
2
(45, 41)
-> Request 3
1030
(2, 1, 1)
3
(58, 65)
--> Day : 3
-> Request 0
60
(4, 1, 1)
3
(53, 68)
-> Request 1
533
(4, 3, 2)
1
(55, 38)
-> Request 2
797
(2, 2, 2)
1
(57, 78)
-> Request 3
1178
(4, 2, 2)
1
(66, 75)
-> Request 4
1180
(1, 1, 2)
2
(55, 74)
-> Request 5
1196
(1, 2, 2)
2
(58, 69)
-> Request 6
1222
(4, 1, 2)
3
(53, 70)
-> Request 7
1371
(1, 3, 2)
3
(46, 41)
--> Day : 4
-> Request 0
231
(3, 2, 2)
1
(65, 64)
-> Request 1
339
(2, 1, 2)
3
(59, 69)
-> Request 2
679
(4, 2, 2)
2
(64, 67)
-> Request 3
776
(1, 3, 2)
3
(55, 74)
-> Request 4
822
(4, 1, 1)
1
(60, 42)
-> Request 5
1041
(3, 3, 2)
1
(56, 28)
-> Request 6
1074
(2, 3, 2)
1
(63, 69)
-> Request 7
1105
(4, 3, 1)
1
(54, 77)
-> Request 8
1257
(3, 3, 1)
2
(58, 29)
-> Request 9
1293
(3, 1, 1)
1
(55, 36)
-> Request 10
1329
(3, 1, 1)
3
(61, 45)
---> Week : 108
--> Day : 0
-> Request 0
120
(3, 2, 1)
2
(57, 34)
-> Request 1
360
(1, 2, 1)
2
(58, 33)
-> Request 2
491
(2, 2, 2)
2
(51, 37)
-> Request 3
594
(3, 1, 2)
3
(48, 35)
-> Request 4
872
(4, 3, 2)
2
(12, 28)
--> Day : 1
-> Request 0
26
(2, 2, 2)
2
(58, 75)
-> Request 1
117
(2, 2, 1)
2
(61, 39)
-> Request 2
144
(4, 3, 1)
1
(55, 30)
-> Request 3
541
(1, 1, 2)
2
(51, 31)
-> Request 4
1179
(1, 3, 1)
1
(59, 77)
-> Request 5
1373
(1, 3, 2)
3
(8, 24)
--> Day : 2
-> Request 0
538
(1, 3, 2)
3
(63, 76)
-> Request 1
700
(1, 1, 1)
1
(56, 69)
-> Request 2
938
(4, 3, 2)
2
(60, 45)
-> Request 3
1047
(4, 3, 2)
1
(51, 28)
-> Request 4
1055
(4, 2, 2)
2
(44, 27)
-> Request 5
1061
(3, 2, 2)
1
(49, 43)
-> Request 6
1241
(1, 1, 2)
3
(59, 32)
-> Request 7
1265
(4, 1, 1)
3
(9, 21)
-> Request 8
1324
(1, 3, 1)
1
(54, 65)
-> Request 9
1384
(1, 2, 1)
2
(43, 43)
-> Request 10
1408
(3, 1, 1)
1
(52, 35)
-> Request 11
1421
(3, 1, 2)
1
(55, 39)
--> Day : 3
-> Request 0
258
(4, 2, 2)
2
(50, 46)
-> Request 1
306
(3, 1, 1)
3
(9, 23)
-> Request 2
341
(1, 3, 2)
2
(56, 74)
-> Request 3
378
(1, 2, 2)
2
(53, 46)
-> Request 4
1110
(3, 2, 1)
3
(59, 68)
-> Request 5
1130
(3, 2, 2)
2
(58, 28)
-> Request 6
1274
(2, 2, 1)
1
(16, 21)
-> Request 7
1327
(3, 1, 1)
3
(57, 33)
--> Day : 4
-> Request 0
51
(1, 1, 1)
1
(9, 20)
-> Request 1
204
(3, 3, 2)
2
(15, 29)
-> Request 2
287
(3, 2, 2)
1
(8, 20)
-> Request 3
332
(3, 2, 2)
2
(17, 23)
-> Request 4
411
(1, 1, 2)
3
(60, 32)
-> Request 5
539
(3, 1, 2)
3
(56, 37)
-> Request 6
546
(4, 2, 1)
2
(44, 36)
-> Request 7
597
(1, 3, 1)
3
(15, 22)
-> Request 8
633
(2, 3, 1)
2
(47, 46)
-> Request 9
633
(4, 3, 2)
2
(49, 28)
-> Request 10
955
(2, 1, 2)
1
(17, 21)
-> Request 11
969
(4, 3, 2)
3
(58, 37)
-> Request 12
1005
(1, 2, 2)
1
(46, 44)
-> Request 13
1034
(1, 3, 1)
3
(53, 36)
-> Request 14
1067
(1, 1, 1)
3
(52, 33)
-> Request 15
1242
(1, 2, 1)
2
(17, 22)
---> Week : 109
--> Day : 0
-> Request 0
87
(4, 2, 2)
1
(62, 41)
-> Request 1
93
(3, 3, 1)
2
(54, 76)
-> Request 2
222
(3, 3, 2)
3
(55, 46)
-> Request 3
260
(3, 3, 2)
2
(60, 42)
-> Request 4
365
(4, 2, 2)
3
(55, 67)
-> Request 5
424
(2, 1, 1)
2
(57, 37)
-> Request 6
672
(2, 1, 2)
1
(59, 41)
-> Request 7
677
(3, 3, 1)
1
(57, 77)
-> Request 8
762
(1, 1, 1)
3
(57, 77)
-> Request 9
866
(4, 1, 2)
1
(66, 77)
-> Request 10
868
(3, 3, 1)
2
(59, 28)
-> Request 11
1021
(2, 1, 2)
1
(57, 39)
-> Request 12
1108
(3, 3, 2)
3
(54, 36)
-> Request 13
1114
(3, 3, 2)
2
(62, 32)
-> Request 14
1245
(2, 1, 2)
2
(59, 38)
--> Day : 1
-> Request 0
183
(1, 3, 2)
3
(61, 67)
-> Request 1
184
(2, 3, 1)
1
(59, 73)
-> Request 2
360
(2, 3, 1)
2
(55, 71)
-> Request 3
558
(1, 3, 2)
3
(46, 39)
-> Request 4
564
(4, 1, 2)
1
(46, 38)
-> Request 5
591
(4, 1, 2)
2
(10, 20)
-> Request 6
680
(2, 2, 1)
1
(49, 31)
-> Request 7
868
(3, 3, 2)
1
(45, 36)
-> Request 8
984
(1, 1, 1)
1
(61, 77)
-> Request 9
1018
(3, 2, 2)
2
(57, 76)
-> Request 10
1247
(2, 1, 2)
3
(64, 73)
-> Request 11
1299
(4, 1, 2)
1
(51, 37)
--> Day : 2
-> Request 0
123
(2, 3, 1)
1
(45, 35)
-> Request 1
472
(4, 3, 1)
2
(52, 46)
-> Request 2
484
(2, 3, 1)
1
(60, 28)
-> Request 3
514
(4, 1, 1)
3
(53, 45)
-> Request 4
551
(2, 2, 2)
2
(47, 34)
-> Request 5
647
(4, 1, 2)
3
(50, 44)
-> Request 6
711
(3, 1, 1)
3
(43, 30)
-> Request 7
857
(2, 3, 1)
3
(62, 30)
-> Request 8
1019
(1, 1, 1)
1
(48, 45)
-> Request 9
1125
(2, 3, 1)
2
(43, 36)
-> Request 10
1359
(2, 1, 2)
1
(64, 69)
--> Day : 3
-> Request 0
338
(1, 2, 1)
3
(49, 34)
-> Request 1
771
(1, 1, 2)
1
(48, 46)
-> Request 2
918
(2, 2, 2)
3
(15, 27)
-> Request 3
960
(2, 1, 2)
2
(51, 39)
-> Request 4
1037
(4, 1, 1)
2
(57, 67)
-> Request 5
1064
(3, 2, 1)
3
(62, 77)
-> Request 6
1208
(3, 3, 1)
3
(58, 38)
--> Day : 4
-> Request 0
207
(3, 3, 2)
3
(48, 43)
-> Request 1
226
(4, 2, 2)
3
(43, 40)
-> Request 2
302
(3, 2, 1)
1
(58, 44)
-> Request 3
384
(1, 3, 1)
3
(60, 39)
-> Request 4
565
(3, 3, 1)
2
(12, 22)
-> Request 5
1062
(1, 3, 2)
2
(49, 42)
-> Request 6
1128
(4, 3, 1)
3
(59, 70)
-> Request 7
1186
(2, 1, 2)
1
(48, 42)
-> Request 8
1305
(1, 1, 1)
1
(52, 65)
---> Week : 110
--> Day : 0
-> Request 0
80
(4, 2, 2)
2
(45, 28)
-> Request 1
395
(4, 3, 2)
1
(65, 70)
-> Request 2
396
(1, 3, 1)
2
(47, 32)
-> Request 3
1432
(3, 2, 2)
3
(44, 37)
--> Day : 1
-> Request 0
259
(4, 3, 2)
1
(55, 42)
-> Request 1
425
(1, 1, 1)
3
(47, 34)
-> Request 2
521
(4, 2, 1)
3
(55, 33)
-> Request 3
647
(3, 3, 1)
3
(44, 44)
-> Request 4
1004
(2, 3, 2)
1
(58, 64)
-> Request 5
1404
(1, 1, 1)
1
(61, 40)
--> Day : 2
-> Request 0
113
(4, 1, 1)
3
(17, 26)
-> Request 1
132
(4, 1, 1)
2
(65, 77)
-> Request 2
217
(1, 3, 2)
3
(48, 46)
-> Request 3
269
(3, 1, 2)
2
(58, 75)
-> Request 4
358
(1, 1, 2)
3
(62, 41)
-> Request 5
365
(1, 1, 2)
2
(54, 39)
-> Request 6
409
(2, 1, 1)
3
(47, 30)
-> Request 7
468
(1, 1, 2)
3
(17, 25)
-> Request 8
511
(2, 1, 1)
3
(48, 30)
-> Request 9
566
(1, 2, 1)
1
(61, 31)
-> Request 10
610
(1, 2, 1)
3
(66, 67)
-> Request 11
1034
(1, 2, 1)
3
(60, 43)
-> Request 12
1078
(1, 2, 1)
2
(57, 67)
-> Request 13
1339
(4, 3, 1)
3
(52, 38)
-> Request 14
1388
(4, 2, 2)
1
(59, 67)
-> Request 15
1436
(2, 2, 2)
1
(62, 44)
--> Day : 3
-> Request 0
6
(4, 1, 1)
1
(53, 36)
-> Request 1
209
(1, 2, 2)
2
(51, 45)
-> Request 2
1173
(4, 1, 2)
1
(56, 36)
--> Day : 4
-> Request 0
98
(2, 2, 1)
1
(17, 28)
-> Request 1
104
(3, 3, 2)
3
(65, 73)
-> Request 2
305
(4, 2, 2)
3
(52, 37)
-> Request 3
415
(3, 2, 2)
3
(66, 72)
-> Request 4
436
(2, 3, 2)
2
(62, 29)
-> Request 5
452
(2, 1, 1)
1
(61, 28)
-> Request 6
489
(4, 2, 2)
2
(53, 71)
-> Request 7
602
(3, 3, 1)
1
(11, 25)
-> Request 8
621
(1, 1, 1)
2
(61, 73)
-> Request 9
709
(4, 3, 1)
1
(62, 27)
-> Request 10
1031
(2, 1, 2)
1
(56, 45)
-> Request 11
1090
(3, 3, 2)
1
(57, 71)
-> Request 12
1117
(4, 3, 2)
1
(54, 71)
-> Request 13
1188
(2, 2, 2)
1
(54, 65)
-> Request 14
1290
(2, 1, 1)
3
(61, 78)
-> Request 15
1368
(4, 2, 2)
2
(59, 41)
---> Week : 111
--> Day : 0
-> Request 0
61
(4, 1, 2)
1
(65, 74)
-> Request 1
90
(1, 3, 1)
1
(61, 74)
-> Request 2
243
(3, 2, 2)
2
(45, 44)
-> Request 3
540
(1, 2, 2)
3
(56, 74)
-> Request 4
542
(3, 2, 1)
3
(9, 29)
-> Request 5
801
(2, 1, 1)
2
(48, 32)
-> Request 6
954
(1, 1, 1)
1
(51, 46)
-> Request 7
1025
(4, 2, 1)
3
(59, 67)
-> Request 8
1062
(1, 3, 1)
2
(56, 32)
-> Request 9
1146
(3, 3, 2)
2
(54, 32)
-> Request 10
1247
(3, 3, 2)
1
(15, 20)
-> Request 11
1428
(2, 3, 1)
3
(58, 40)
--> Day : 1
-> Request 0
228
(4, 2, 2)
3
(47, 42)
-> Request 1
287
(2, 1, 2)
1
(48, 41)
-> Request 2
994
(3, 2, 1)
1
(61, 31)
-> Request 3
1236
(2, 1, 2)
3
(44, 39)
-> Request 4
1439
(4, 1, 2)
2
(60, 78)
--> Day : 2
-> Request 0
85
(1, 1, 2)
3
(61, 74)
-> Request 1
458
(2, 1, 2)
1
(62, 69)
-> Request 2
503
(3, 3, 1)
1
(60, 44)
-> Request 3
683
(3, 3, 2)
3
(53, 43)
-> Request 4
715
(4, 3, 1)
1
(52, 75)
-> Request 5
930
(3, 2, 2)
1
(62, 67)
-> Request 6
1133
(4, 2, 2)
3
(56, 65)
--> Day : 3
-> Request 0
222
(3, 3, 2)
3
(17, 26)
-> Request 1
370
(1, 3, 1)
3
(55, 29)
-> Request 2
453
(3, 2, 1)
2
(15, 22)
-> Request 3
484
(3, 3, 1)
3
(57, 74)
-> Request 4
496
(1, 1, 2)
2
(52, 73)
-> Request 5
519
(4, 1, 1)
3
(57, 42)
-> Request 6
699
(1, 1, 2)
3
(60, 74)
-> Request 7
711
(1, 1, 1)
3
(52, 42)
-> Request 8
730
(4, 3, 2)
3
(59, 68)
-> Request 9
1306
(3, 3, 2)
3
(47, 32)
--> Day : 4
-> Request 0
77
(3, 2, 1)
1
(47, 38)
-> Request 1
144
(4, 2, 2)
1
(14, 29)
-> Request 2
472
(4, 2, 1)
1
(53, 77)
-> Request 3
529
(3, 2, 2)
1
(56, 74)
-> Request 4
575
(3, 2, 1)
2
(52, 43)
-> Request 5
635
(3, 1, 2)
2
(59, 33)
-> Request 6
716
(3, 1, 1)
3
(52, 75)
-> Request 7
1289
(1, 2, 2)
2
(16, 26)
---> Week : 112
--> Day : 0
-> Request 0
41
(2, 2, 2)
2
(57, 75)
-> Request 1
94
(2, 1, 2)
2
(59, 34)
-> Request 2
214
(2, 3, 1)
3
(59, 40)
-> Request 3
216
(1, 2, 2)
2
(50, 31)
-> Request 4
468
(3, 2, 1)
1
(59, 67)
-> Request 5
639
(4, 3, 1)
1
(52, 41)
-> Request 6
1103
(3, 3, 1)
3
(52, 37)
-> Request 7
1237
(1, 1, 2)
2
(54, 33)
-> Request 8
1333
(2, 2, 1)
3
(44, 37)
--> Day : 1
-> Request 0
31
(1, 1, 2)
3
(59, 46)
-> Request 1
310
(2, 3, 2)
2
(46, 38)
-> Request 2
451
(1, 3, 2)
1
(55, 34)
-> Request 3
506
(4, 3, 2)
1
(60, 68)
-> Request 4
529
(3, 3, 1)
2
(61, 41)
-> Request 5
573
(2, 1, 1)
1
(63, 65)
-> Request 6
616
(1, 1, 1)
1
(60, 45)
-> Request 7
706
(3, 1, 2)
2
(13, 27)
-> Request 8
931
(2, 1, 1)
3
(58, 35)
-> Request 9
1376
(4, 3, 2)
3
(45, 33)
--> Day : 2
-> Request 0
46
(4, 3, 2)
1
(54, 73)
-> Request 1
486
(2, 3, 2)
1
(45, 34)
-> Request 2
796
(2, 1, 2)
2
(12, 26)
-> Request 3
944
(4, 3, 2)
2
(57, 67)
-> Request 4
955
(2, 2, 1)
2
(53, 65)
-> Request 5
1156
(4, 2, 1)
1
(52, 34)
-> Request 6
1352
(4, 3, 1)
3
(44, 46)
--> Day : 3
-> Request 0
135
(4, 3, 1)
1
(49, 28)
-> Request 1
352
(2, 1, 1)
3
(66, 74)
-> Request 2
387
(4, 2, 1)
2
(56, 33)
-> Request 3
469
(2, 2, 1)
3
(16, 22)
-> Request 4
671
(1, 3, 1)
3
(16, 29)
-> Request 5
766
(1, 1, 2)
3
(10, 27)
-> Request 6
784
(2, 2, 2)
3
(62, 38)
-> Request 7
842
(2, 2, 2)
3
(61, 38)
-> Request 8
1058
(3, 2, 2)
3
(61, 66)
-> Request 9
1157
(4, 1, 1)
2
(56, 78)
-> Request 10
1298
(4, 2, 2)
2
(17, 28)
--> Day : 4
-> Request 0
196
(1, 2, 1)
2
(55, 46)
-> Request 1
318
(2, 1, 1)
3
(12, 26)
-> Request 2
622
(1, 2, 2)
2
(61, 30)
-> Request 3
697
(4, 1, 1)
3
(62, 32)
-> Request 4
818
(2, 2, 1)
3
(62, 76)
-> Request 5
1071
(4, 1, 1)
1
(62, 69)
-> Request 6
1283
(1, 2, 2)
3
(52, 70)
-> Request 7
1313
(3, 3, 1)
1
(61, 27)
---> Week : 113
--> Day : 0
-> Request 0
413
(2, 2, 2)
1
(56, 67)
-> Request 1
916
(3, 3, 2)
3
(54, 66)
-> Request 2
1200
(3, 3, 2)
3
(17, 23)
-> Request 3
1253
(3, 1, 1)
3
(9, 25)
-> Request 4
1274
(4, 1, 1)
2
(62, 75)
--> Day : 1
-> Request 0
20
(3, 1, 2)
1
(61, 28)
-> Request 1
116
(3, 2, 1)
3
(58, 78)
-> Request 2
127
(4, 1, 2)
2
(16, 29)
-> Request 3
130
(4, 1, 2)
1
(48, 30)
-> Request 4
165
(4, 3, 1)
3
(57, 46)
-> Request 5
216
(1, 3, 1)
2
(62, 74)
-> Request 6
433
(4, 3, 2)
2
(66, 69)
-> Request 7
433
(2, 2, 2)
3
(63, 73)
-> Request 8
785
(1, 3, 2)
2
(59, 37)
-> Request 9
954
(1, 1, 2)
2
(53, 44)
-> Request 10
990
(4, 1, 1)
1
(61, 32)
-> Request 11
1430
(1, 3, 1)
2
(51, 45)
--> Day : 2
-> Request 0
35
(2, 2, 1)
2
(46, 42)
-> Request 1
90
(1, 3, 1)
2
(54, 75)
-> Request 2
345
(3, 1, 1)
3
(49, 40)
-> Request 3
483
(1, 2, 2)
3
(45, 42)
-> Request 4
520
(1, 3, 1)
3
(60, 68)
-> Request 5
1318
(4, 2, 2)
1
(12, 25)
-> Request 6
1412
(1, 2, 1)
1
(58, 68)
--> Day : 3
-> Request 0
130
(3, 3, 2)
3
(56, 40)
-> Request 1
231
(3, 2, 2)
3
(50, 31)
-> Request 2
349
(1, 1, 2)
1
(55, 77)
-> Request 3
354
(4, 2, 2)
1
(53, 34)
-> Request 4
538
(3, 2, 2)
3
(45, 36)
-> Request 5
654
(3, 1, 1)
3
(55, 44)
-> Request 6
871
(2, 2, 2)
2
(44, 36)
-> Request 7
1350
(1, 1, 1)
3
(62, 35)
-> Request 8
1374
(1, 1, 1)
2
(58, 32)
--> Day : 4
-> Request 0
71
(2, 3, 1)
1
(59, 41)
-> Request 1
316
(4, 2, 2)
3
(66, 66)
-> Request 2
604
(3, 3, 1)
1
(54, 30)
-> Request 3
679
(4, 3, 2)
1
(50, 44)
-> Request 4
960
(2, 2, 2)
3
(9, 26)
-> Request 5
1111
(4, 1, 2)
1
(54, 76)
-> Request 6
1330
(4, 3, 2)
2
(50, 28)
---> Week : 114
--> Day : 0
-> Request 0
77
(4, 1, 1)
1
(44, 34)
-> Request 1
369
(4, 3, 2)
1
(58, 64)
-> Request 2
460
(4, 2, 1)
3
(60, 44)
-> Request 3
769
(3, 2, 1)
1
(45, 27)
-> Request 4
835
(4, 3, 1)
1
(53, 68)
-> Request 5
952
(2, 3, 2)
1
(64, 65)
-> Request 6
1014
(2, 2, 2)
2
(58, 42)
-> Request 7
1033
(4, 2, 2)
2
(43, 32)
-> Request 8
1223
(4, 1, 2)
1
(55, 44)
-> Request 9
1353
(4, 3, 2)
1
(16, 21)
--> Day : 1
-> Request 0
81
(3, 2, 2)
3
(64, 66)
-> Request 1
548
(3, 1, 2)
3
(45, 27)
-> Request 2
584
(1, 3, 2)
1
(51, 37)
-> Request 3
586
(1, 3, 1)
2
(61, 74)
-> Request 4
717
(1, 3, 2)
3
(43, 32)
-> Request 5
764
(3, 1, 1)
3
(61, 28)
-> Request 6
1104
(2, 3, 2)
3
(43, 33)
-> Request 7
1353
(4, 2, 1)
1
(47, 27)
--> Day : 2
-> Request 0
142
(1, 1, 1)
2
(52, 40)
-> Request 1
241
(4, 1, 2)
3
(64, 70)
-> Request 2
272
(1, 1, 2)
3
(60, 34)
-> Request 3
396
(1, 2, 1)
3
(58, 33)
-> Request 4
465
(2, 2, 2)
3
(13, 22)
-> Request 5
610
(2, 1, 2)
2
(57, 33)
-> Request 6
657
(4, 2, 2)
3
(49, 30)
-> Request 7
737
(3, 3, 1)
1
(54, 78)
-> Request 8
795
(4, 2, 1)
2
(64, 68)
-> Request 9
1128
(2, 3, 2)
1
(59, 34)
-> Request 10
1370
(2, 2, 1)
1
(54, 43)
--> Day : 3
-> Request 0
304
(1, 3, 2)
3
(15, 28)
-> Request 1
307
(4, 2, 2)
2
(64, 78)
-> Request 2
311
(4, 1, 1)
3
(58, 32)
-> Request 3
352
(2, 3, 2)
2
(62, 69)
-> Request 4
555
(4, 3, 2)
2
(12, 23)
-> Request 5
582
(4, 3, 1)
3
(64, 71)
-> Request 6
681
(4, 3, 1)
3
(59, 37)
-> Request 7
785
(4, 2, 2)
2
(56, 70)
-> Request 8
826
(3, 2, 2)
3
(46, 39)
-> Request 9
1241
(4, 1, 1)
3
(46, 33)
-> Request 10
1258
(1, 2, 1)
2
(49, 39)
-> Request 11
1301
(4, 2, 2)
3
(63, 70)
-> Request 12
1376
(4, 1, 1)
3
(50, 35)
-> Request 13
1376
(4, 2, 2)
3
(60, 68)
-> Request 14
1389
(2, 2, 1)
2
(57, 46)
-> Request 15
1392
(1, 1, 1)
2
(48, 37)
--> Day : 4
-> Request 0
79
(3, 3, 2)
3
(60, 36)
-> Request 1
81
(4, 1, 1)
3
(55, 39)
-> Request 2
157
(3, 2, 2)
2
(58, 71)
-> Request 3
487
(4, 2, 2)
2
(51, 38)
-> Request 4
733
(1, 2, 2)
1
(8, 20)
-> Request 5
960
(3, 3, 2)
3
(53, 28)
-> Request 6
1355
(2, 2, 2)
2
(10, 27)
---> Week : 115
--> Day : 0
-> Request 0
145
(3, 1, 2)
1
(44, 45)
-> Request 1
468
(1, 1, 1)
2
(45, 42)
-> Request 2
551
(2, 1, 2)
1
(63, 70)
-> Request 3
612
(2, 3, 1)
1
(12, 28)
-> Request 4
703
(1, 2, 1)
2
(48, 27)
-> Request 5
1095
(1, 3, 2)
2
(47, 34)
-> Request 6
1153
(4, 3, 1)
3
(53, 77)
-> Request 7
1153
(4, 3, 1)
1
(56, 64)
-> Request 8
1193
(1, 1, 2)
2
(58, 29)
-> Request 9
1424
(1, 2, 1)
1
(57, 40)
--> Day : 1
-> Request 0
220
(2, 3, 1)
2
(57, 39)
-> Request 1
236
(3, 2, 2)
3
(66, 67)
-> Request 2
408
(1, 2, 1)
3
(56, 45)
-> Request 3
720
(3, 3, 2)
1
(45, 33)
-> Request 4
870
(3, 3, 1)
1
(45, 40)
-> Request 5
1045
(2, 2, 1)
3
(46, 45)
-> Request 6
1199
(4, 2, 2)
3
(50, 33)
-> Request 7
1367
(2, 2, 2)
3
(50, 39)
-> Request 8
1405
(1, 1, 2)
3
(45, 29)
-> Request 9
1437
(1, 3, 1)
3
(53, 43)
--> Day : 2
-> Request 0
103
(4, 1, 1)
1
(53, 44)
-> Request 1
181
(1, 1, 2)
3
(49, 46)
-> Request 2
187
(2, 1, 1)
1
(52, 64)
-> Request 3
688
(1, 2, 1)
1
(53, 77)
-> Request 4
764
(2, 1, 2)
3
(43, 40)
-> Request 5
1011
(3, 1, 2)
2
(8, 24)
-> Request 6
1138
(1, 1, 1)
2
(50, 29)
-> Request 7
1190
(3, 2, 2)
1
(55, 41)
-> Request 8
1300
(2, 2, 1)
2
(53, 37)
-> Request 9
1370
(1, 2, 1)
1
(58, 29)
--> Day : 3
-> Request 0
125
(3, 3, 1)
3
(63, 76)
-> Request 1
342
(1, 1, 1)
1
(53, 31)
-> Request 2
350
(3, 3, 1)
1
(56, 72)
-> Request 3
401
(3, 1, 2)
3
(15, 28)
-> Request 4
589
(4, 3, 2)
3
(60, 46)
-> Request 5
746
(1, 1, 2)
3
(54, 31)
-> Request 6
839
(2, 2, 1)
2
(52, 75)
-> Request 7
872
(2, 2, 2)
3
(58, 77)
-> Request 8
1117
(4, 1, 1)
2
(61, 28)
-> Request 9
1126
(1, 1, 1)
1
(9, 27)
--> Day : 4
-> Request 0
35
(3, 2, 1)
1
(57, 76)
-> Request 1
239
(2, 1, 2)
2
(51, 30)
-> Request 2
309
(1, 3, 1)
2
(49, 30)
-> Request 3
731
(2, 1, 2)
2
(57, 67)
-> Request 4
737
(4, 3, 2)
1
(63, 73)
-> Request 5
788
(2, 3, 2)
2
(47, 35)
-> Request 6
943
(2, 2, 2)
2
(59, 76)
-> Request 7
985
(4, 1, 2)
3
(52, 30)
-> Request 8
1017
(4, 3, 1)
2
(56, 29)
-> Request 9
1018
(2, 1, 1)
2
(52, 65)
-> Request 10
1358
(1, 1, 2)
3
(56, 70)
-> Request 11
1437
(1, 3, 1)
1
(63, 65)
---> Week : 116
--> Day : 0
-> Request 0
3
(2, 3, 1)
1
(65, 67)
-> Request 1
4
(1, 1, 2)
2
(10, 29)
-> Request 2
100
(1, 2, 2)
1
(58, 65)
-> Request 3
115
(2, 3, 1)
1
(63, 69)
-> Request 4
235
(2, 2, 1)
1
(58, 31)
-> Request 5
268
(3, 2, 1)
3
(59, 34)
-> Request 6
502
(4, 2, 1)
1
(61, 77)
-> Request 7
710
(3, 3, 1)
2
(55, 39)
-> Request 8
1066
(4, 3, 1)
2
(48, 40)
-> Request 9
1099
(3, 1, 1)
1
(17, 25)
-> Request 10
1190
(4, 1, 2)
3
(10, 21)
-> Request 11
1275
(2, 3, 2)
2
(55, 28)
-> Request 12
1374
(4, 3, 1)
3
(17, 29)
--> Day : 1
-> Request 0
48
(1, 3, 1)
2
(47, 31)
-> Request 1
255
(3, 2, 2)
2
(58, 78)
-> Request 2
282
(1, 2, 2)
1
(54, 30)
-> Request 3
343
(3, 2, 2)
2
(61, 30)
-> Request 4
345
(3, 1, 2)
3
(47, 35)
-> Request 5
378
(3, 2, 1)
3
(52, 77)
-> Request 6
468
(4, 3, 2)
3
(14, 20)
-> Request 7
517
(4, 1, 2)
3
(62, 31)
-> Request 8
649
(3, 2, 1)
2
(57, 37)
-> Request 9
836
(3, 1, 2)
3
(64, 72)
-> Request 10
1403
(1, 1, 1)
3
(56, 74)
--> Day : 2
-> Request 0
1
(2, 3, 1)
2
(63, 73)
-> Request 1
128
(3, 2, 2)
2
(17, 23)
-> Request 2
285
(2, 3, 2)
2
(60, 45)
-> Request 3
507
(2, 3, 1)
3
(47, 32)
-> Request 4
611
(2, 2, 2)
3
(51, 41)
-> Request 5
663
(2, 3, 2)
2
(61, 72)
-> Request 6
780
(1, 3, 2)
1
(58, 36)
-> Request 7
868
(3, 2, 1)
1
(57, 66)
-> Request 8
1085
(1, 2, 1)
1
(61, 74)
-> Request 9
1230
(4, 3, 2)
3
(48, 43)
-> Request 10
1257
(1, 3, 1)
3
(66, 64)
-> Request 11
1267
(4, 1, 2)
2
(52, 65)
-> Request 12
1302
(1, 3, 2)
3
(60, 70)
-> Request 13
1324
(2, 3, 1)
3
(14, 27)
-> Request 14
1333
(1, 1, 1)
1
(57, 34)
-> Request 15
1377
(1, 3, 1)
1
(53, 40)
--> Day : 3
-> Request 0
88
(4, 3, 2)
3
(57, 68)
-> Request 1
147
(3, 3, 1)
3
(55, 74)
-> Request 2
189
(4, 1, 2)
2
(62, 46)
-> Request 3
287
(2, 2, 1)
2
(60, 78)
-> Request 4
345
(2, 2, 2)
3
(64, 77)
-> Request 5
395
(4, 1, 1)
1
(52, 33)
-> Request 6
438
(4, 1, 2)
2
(61, 40)
-> Request 7
456
(2, 3, 1)
2
(62, 67)
-> Request 8
598
(1, 3, 2)
1
(48, 27)
-> Request 9
1367
(2, 1, 1)
3
(66, 71)
-> Request 10
1405
(2, 1, 1)
1
(56, 42)
-> Request 11
1410
(2, 2, 1)
2
(52, 71)
-> Request 12
1412
(2, 2, 1)
1
(66, 75)
--> Day : 4
-> Request 0
207
(2, 2, 2)
1
(48, 39)
-> Request 1
240
(1, 2, 1)
2
(48, 34)
-> Request 2
291
(3, 2, 1)
2
(56, 70)
-> Request 3
464
(2, 3, 1)
1
(60, 34)
-> Request 4
586
(1, 2, 2)
3
(50, 42)
-> Request 5
809
(1, 2, 1)
3
(56, 68)
-> Request 6
986
(3, 3, 2)
2
(46, 34)
-> Request 7
1034
(4, 3, 1)
2
(60, 37)
-> Request 8
1060
(1, 3, 1)
1
(56, 70)
-> Request 9
1228
(3, 3, 2)
3
(62, 32)
-> Request 10
1330
(1, 1, 1)
2
(46, 40)
---> Week : 117
--> Day : 0
-> Request 0
133
(3, 3, 2)
1
(54, 76)
-> Request 1
304
(3, 1, 1)
1
(15, 21)
-> Request 2
360
(2, 3, 1)
3
(44, 34)
-> Request 3
384
(3, 2, 1)
3
(13, 25)
-> Request 4
458
(1, 2, 2)
3
(54, 76)
-> Request 5
559
(1, 1, 1)
3
(58, 68)
-> Request 6
701
(1, 3, 2)
2
(13, 26)
-> Request 7
721
(3, 2, 2)
1
(50, 30)
-> Request 8
927
(2, 1, 2)
3
(59, 67)
-> Request 9
1211
(4, 3, 1)
3
(13, 25)
--> Day : 1
-> Request 0
115
(4, 1, 1)
1
(58, 33)
-> Request 1
219
(3, 3, 1)
1
(48, 30)
-> Request 2
240
(4, 3, 1)
1
(50, 45)
-> Request 3
393
(1, 1, 1)
2
(13, 25)
-> Request 4
490
(4, 3, 1)
3
(56, 71)
-> Request 5
559
(1, 2, 2)
2
(45, 27)
-> Request 6
628
(2, 2, 2)
1
(59, 27)
-> Request 7
656
(4, 2, 1)
3
(62, 41)
-> Request 8
1159
(3, 1, 2)
3
(50, 33)
-> Request 9
1425
(3, 3, 1)
3
(16, 22)
--> Day : 2
-> Request 0
304
(1, 2, 2)
3
(16, 27)
-> Request 1
380
(2, 3, 2)
2
(57, 33)
-> Request 2
414
(3, 3, 2)
2
(45, 36)
-> Request 3
526
(4, 3, 1)
3
(56, 44)
-> Request 4
776
(2, 1, 2)
1
(51, 43)
-> Request 5
832
(3, 1, 1)
3
(47, 35)
-> Request 6
842
(2, 1, 2)
3
(65, 78)
-> Request 7
938
(3, 3, 1)
3
(61, 71)
-> Request 8
1111
(1, 3, 2)
1
(47, 36)
-> Request 9
1188
(1, 3, 1)
3
(16, 29)
-> Request 10
1356
(1, 3, 2)
3
(61, 31)
--> Day : 3
-> Request 0
543
(3, 2, 2)
1
(52, 71)
-> Request 1
868
(2, 3, 2)
3
(47, 43)
-> Request 2
951
(2, 3, 1)
3
(13, 28)
-> Request 3
1085
(2, 1, 1)
3
(48, 42)
-> Request 4
1104
(4, 2, 2)
1
(59, 64)
-> Request 5
1219
(4, 2, 2)
2
(51, 27)
--> Day : 4
-> Request 0
0
(3, 2, 1)
3
(54, 46)
-> Request 1
47
(1, 1, 2)
3
(61, 34)
-> Request 2
118
(4, 2, 1)
3
(53, 43)
-> Request 3
475
(3, 2, 1)
1
(51, 35)
-> Request 4
821
(4, 1, 2)
3
(55, 77)
-> Request 5
1073
(2, 3, 1)
3
(11, 22)
-> Request 6
1188
(3, 2, 1)
2
(60, 39)
-> Request 7
1213
(2, 3, 2)
1
(54, 40)
---> Week : 118
--> Day : 0
-> Request 0
85
(1, 2, 1)
2
(51, 37)
-> Request 1
242
(4, 1, 1)
3
(46, 40)
-> Request 2
304
(4, 2, 2)
3
(60, 75)
-> Request 3
439
(4, 2, 1)
1
(11, 22)
-> Request 4
491
(3, 3, 2)
2
(50, 35)
-> Request 5
697
(2, 3, 2)
1
(63, 72)
-> Request 6
754
(2, 2, 2)
1
(52, 36)
-> Request 7
1022
(3, 2, 1)
2
(50, 40)
-> Request 8
1067
(3, 3, 2)
3
(59, 75)
-> Request 9
1293
(2, 3, 1)
1
(15, 20)
--> Day : 1
-> Request 0
96
(3, 3, 2)
2
(44, 45)
-> Request 1
311
(4, 3, 2)
1
(12, 29)
-> Request 2
370
(4, 3, 2)
1
(46, 33)
-> Request 3
771
(4, 1, 1)
2
(12, 26)
-> Request 4
886
(2, 2, 1)
1
(59, 31)
-> Request 5
1221
(2, 2, 2)
3
(9, 23)
-> Request 6
1327
(4, 1, 2)
3
(50, 42)
--> Day : 2
-> Request 0
201
(3, 3, 2)
3
(48, 32)
-> Request 1
371
(4, 2, 2)
2
(49, 36)
-> Request 2
398
(3, 2, 2)
2
(9, 24)
-> Request 3
449
(3, 1, 1)
2
(54, 36)
-> Request 4
744
(3, 2, 1)
2
(61, 40)
-> Request 5
765
(3, 2, 1)
3
(45, 46)
-> Request 6
787
(4, 1, 2)
1
(62, 72)
-> Request 7
795
(4, 1, 2)
3
(48, 45)
--> Day : 3
-> Request 0
55
(4, 2, 1)
2
(48, 33)
-> Request 1
141
(2, 2, 2)
3
(61, 78)
-> Request 2
457
(3, 1, 2)
1
(58, 32)
-> Request 3
611
(4, 1, 1)
1
(59, 28)
-> Request 4
698
(4, 3, 2)
2
(58, 30)
-> Request 5
778
(4, 2, 2)
1
(47, 37)
-> Request 6
817
(4, 2, 1)
3
(52, 66)
-> Request 7
892
(1, 2, 1)
2
(64, 72)
-> Request 8
1081
(2, 1, 1)
1
(61, 43)
-> Request 9
1081
(2, 1, 2)
3
(54, 35)
-> Request 10
1109
(3, 2, 2)
2
(54, 68)
-> Request 11
1126
(4, 2, 2)
2
(64, 74)
-> Request 12
1137
(2, 1, 1)
3
(59, 44)
-> Request 13
1177
(3, 3, 2)
2
(52, 72)
-> Request 14
1307
(3, 1, 2)
3
(59, 37)
--> Day : 4
-> Request 0
170
(3, 3, 1)
2
(59, 66)
-> Request 1
479
(3, 2, 1)
3
(56, 32)
-> Request 2
667
(3, 3, 1)
2
(54, 78)
-> Request 3
712
(4, 1, 1)
3
(56, 71)
-> Request 4
886
(4, 1, 1)
3
(44, 41)
-> Request 5
1020
(3, 3, 2)
3
(54, 64)
-> Request 6
1131
(4, 2, 2)
3
(55, 42)
-> Request 7
1148
(3, 3, 1)
2
(46, 38)
---> Week : 119
--> Day : 0
-> Request 0
637
(1, 2, 1)
3
(46, 37)
-> Request 1
725
(1, 2, 2)
2
(47, 33)
-> Request 2
926
(3, 3, 2)
2
(45, 39)
-> Request 3
1011
(1, 3, 2)
3
(60, 74)
-> Request 4
1360
(4, 1, 1)
2
(15, 23)
--> Day : 1
-> Request 0
339
(3, 3, 1)
1
(58, 76)
-> Request 1
528
(4, 2, 1)
2
(51, 38)
-> Request 2
777
(4, 2, 2)
2
(46, 45)
-> Request 3
795
(3, 3, 2)
2
(61, 30)
-> Request 4
843
(1, 2, 2)
1
(64, 68)
-> Request 5
989
(1, 1, 1)
1
(57, 39)
-> Request 6
1009
(3, 2, 1)
3
(63, 68)
--> Day : 2
-> Request 0
216
(2, 3, 1)
1
(52, 77)
-> Request 1
732
(3, 3, 1)
1
(56, 33)
-> Request 2
917
(3, 3, 2)
2
(62, 78)
-> Request 3
955
(4, 1, 2)
3
(60, 33)
-> Request 4
1243
(1, 1, 2)
2
(52, 41)
-> Request 5
1359
(2, 2, 1)
2
(55, 33)
--> Day : 3
-> Request 0
28
(2, 1, 1)
2
(65, 76)
-> Request 1
38
(1, 3, 1)
2
(58, 66)
-> Request 2
386
(4, 1, 1)
3
(65, 76)
-> Request 3
600
(2, 3, 1)
2
(16, 26)
-> Request 4
808
(3, 2, 2)
3
(60, 65)
-> Request 5
864
(4, 2, 1)
1
(65, 69)
-> Request 6
1092
(2, 1, 1)
1
(58, 44)
-> Request 7
1320
(1, 3, 2)
3
(57, 76)
-> Request 8
1389
(3, 2, 2)
2
(57, 31)
-> Request 9
1416
(3, 1, 1)
3
(51, 36)
--> Day : 4
-> Request 0
179
(1, 1, 2)
2
(59, 34)
-> Request 1
292
(2, 3, 2)
1
(53, 65)
-> Request 2
303
(1, 2, 1)
3
(59, 71)
-> Request 3
1087
(3, 1, 2)
3
(52, 75)
-> Request 4
1285
(3, 2, 1)
2
(55, 70)
-> Request 5
1290
(2, 2, 2)
3
(59, 39)
---> Week : 120
--> Day : 0
-> Request 0
330
(1, 3, 1)
2
(57, 29)
-> Request 1
390
(1, 2, 1)
2
(58, 46)
-> Request 2
438
(2, 2, 1)
2
(61, 66)
-> Request 3
525
(3, 2, 1)
2
(60, 46)
-> Request 4
607
(4, 1, 1)
2
(15, 24)
-> Request 5
1017
(1, 1, 2)
1
(55, 65)
--> Day : 1
-> Request 0
64
(4, 1, 1)
2
(10, 27)
-> Request 1
132
(2, 1, 1)
1
(14, 24)
-> Request 2
541
(4, 3, 1)
1
(50, 28)
-> Request 3
556
(2, 3, 1)
2
(61, 66)
-> Request 4
737
(3, 2, 2)
1
(59, 37)
-> Request 5
833
(2, 3, 1)
3
(58, 78)
-> Request 6
842
(2, 3, 2)
2
(53, 72)
-> Request 7
1011
(1, 2, 1)
2
(60, 77)
-> Request 8
1347
(4, 3, 2)
1
(50, 42)
--> Day : 2
-> Request 0
33
(4, 2, 2)
3
(62, 32)
-> Request 1
33
(4, 2, 2)
2
(44, 30)
-> Request 2
117
(4, 3, 1)
3
(12, 23)
-> Request 3
257
(1, 3, 2)
2
(56, 66)
-> Request 4
357
(1, 3, 2)
1
(16, 26)
-> Request 5
657
(2, 1, 2)
1
(55, 76)
-> Request 6
666
(1, 3, 2)
2
(57, 28)
-> Request 7
967
(2, 3, 1)
2
(64, 69)
-> Request 8
1124
(1, 2, 2)
1
(61, 28)
-> Request 9
1198
(3, 1, 2)
1
(54, 35)
-> Request 10
1275
(1, 1, 2)
2
(53, 64)
--> Day : 3
-> Request 0
138
(4, 2, 2)
2
(50, 45)
-> Request 1
611
(1, 1, 2)
3
(56, 75)
-> Request 2
716
(1, 3, 1)
2
(58, 65)
-> Request 3
774
(2, 3, 2)
2
(49, 27)
-> Request 4
891
(4, 2, 2)
1
(53, 41)
-> Request 5
984
(1, 2, 2)
3
(60, 30)
-> Request 6
990
(1, 1, 2)
1
(54, 38)
-> Request 7
1174
(1, 2, 2)
1
(46, 33)
-> Request 8
1361
(1, 2, 1)
2
(59, 72)
-> Request 9
1371
(4, 3, 1)
3
(52, 32)
-> Request 10
1418
(2, 2, 2)
3
(56, 71)
--> Day : 4
-> Request 0
98
(4, 3, 2)
2
(44, 39)
-> Request 1
416
(1, 1, 1)
1
(45, 35)
-> Request 2
655
(4, 3, 1)
3
(52, 40)
-> Request 3
674
(2, 2, 2)
1
(64, 66)
-> Request 4
861
(2, 3, 1)
3
(8, 23)
-> Request 5
1016
(4, 2, 2)
2
(59, 35)
-> Request 6
1067
(4, 1, 2)
3
(57, 68)
-> Request 7
1255
(1, 2, 2)
2
(49, 42)
---> Week : 121
--> Day : 0
-> Request 0
159
(3, 3, 2)
3
(50, 29)
-> Request 1
163
(4, 1, 1)
3
(54, 76)
-> Request 2
800
(4, 2, 1)
3
(59, 30)
-> Request 3
981
(3, 3, 1)
2
(52, 29)
-> Request 4
1012
(1, 2, 1)
1
(43, 41)
-> Request 5
1069
(1, 3, 1)
3
(47, 27)
-> Request 6
1173
(1, 3, 1)
3
(47, 38)
-> Request 7
1281
(4, 2, 1)
3
(65, 76)
-> Request 8
1341
(3, 2, 1)
3
(55, 77)
--> Day : 1
-> Request 0
129
(2, 1, 2)
1
(47, 42)
-> Request 1
155
(2, 2, 1)
3
(48, 39)
-> Request 2
302
(3, 2, 2)
2
(8, 27)
-> Request 3
384
(2, 3, 2)
1
(52, 46)
-> Request 4
455
(4, 1, 1)
1
(59, 37)
-> Request 5
713
(4, 1, 1)
1
(9, 23)
-> Request 6
810
(1, 2, 1)
2
(61, 76)
-> Request 7
1066
(1, 3, 1)
1
(55, 45)
-> Request 8
1218
(1, 2, 1)
2
(60, 44)
-> Request 9
1423
(3, 2, 2)
2
(54, 74)
--> Day : 2
-> Request 0
43
(4, 3, 1)
1
(14, 20)
-> Request 1
135
(3, 3, 1)
1
(52, 67)
-> Request 2
184
(4, 3, 2)
3
(55, 38)
-> Request 3
477
(1, 1, 1)
2
(59, 32)
-> Request 4
478
(3, 1, 2)
3
(53, 46)
-> Request 5
524
(4, 1, 2)
3
(48, 38)
-> Request 6
567
(3, 2, 2)
1
(50, 41)
-> Request 7
814
(2, 3, 1)
1
(53, 70)
-> Request 8
1042
(2, 2, 1)
1
(46, 37)
-> Request 9
1258
(2, 1, 2)
2
(53, 70)
-> Request 10
1429
(4, 2, 2)
2
(66, 75)
--> Day : 3
-> Request 0
346
(4, 3, 2)
3
(53, 67)
-> Request 1
439
(3, 2, 1)
2
(59, 44)
-> Request 2
499
(3, 2, 1)
3
(65, 75)
-> Request 3
513
(1, 2, 2)
1
(57, 31)
-> Request 4
970
(3, 2, 1)
2
(51, 35)
-> Request 5
1041
(2, 1, 1)
2
(54, 37)
-> Request 6
1090
(3, 1, 2)
3
(58, 31)
-> Request 7
1153
(1, 2, 2)
3
(44, 39)
-> Request 8
1199
(2, 1, 2)
2
(52, 73)
-> Request 9
1254
(1, 2, 2)
1
(60, 41)
-> Request 10
1285
(1, 1, 1)
1
(59, 43)
-> Request 11
1414
(2, 3, 1)
2
(43, 27)
--> Day : 4
-> Request 0
175
(4, 3, 2)
2
(53, 36)
-> Request 1
374
(4, 2, 2)
3
(52, 44)
-> Request 2
492
(1, 2, 1)
3
(43, 29)
-> Request 3
603
(2, 1, 1)
3
(58, 43)
-> Request 4
627
(4, 3, 1)
3
(44, 40)
-> Request 5
914
(2, 3, 2)
1
(56, 68)
-> Request 6
979
(4, 1, 1)
3
(54, 66)
-> Request 7
1248
(1, 1, 1)
3
(47, 28)
-> Request 8
1271
(4, 3, 2)
1
(59, 31)
---> Week : 122
--> Day : 0
-> Request 0
3
(4, 3, 1)
2
(10, 22)
-> Request 1
376
(3, 3, 2)
3
(64, 76)
-> Request 2
709
(4, 3, 2)
3
(66, 70)
-> Request 3
757
(4, 1, 1)
3
(10, 22)
-> Request 4
787
(3, 2, 2)
2
(17, 24)
-> Request 5
841
(3, 1, 1)
2
(61, 78)
-> Request 6
990
(1, 3, 1)
2
(61, 31)
-> Request 7
1054
(4, 2, 1)
3
(57, 39)
-> Request 8
1168
(1, 2, 1)
2
(54, 43)
-> Request 9
1250
(1, 2, 1)
2
(53, 32)
-> Request 10
1349
(3, 3, 2)
2
(49, 38)
--> Day : 1
-> Request 0
9
(3, 3, 2)
2
(55, 35)
-> Request 1
10
(1, 3, 2)
3
(8, 26)
-> Request 2
88
(3, 3, 2)
3
(61, 41)
-> Request 3
149
(3, 2, 2)
2
(10, 24)
-> Request 4
167
(3, 1, 2)
3
(57, 32)
-> Request 5
191
(3, 2, 1)
2
(59, 68)
-> Request 6
864
(2, 1, 1)
1
(10, 24)
-> Request 7
1030
(1, 2, 1)
3
(46, 40)
-> Request 8
1111
(2, 1, 2)
1
(62, 30)
-> Request 9
1230
(3, 3, 2)
2
(60, 38)
-> Request 10
1304
(2, 3, 1)
3
(62, 64)
--> Day : 2
-> Request 0
332
(4, 3, 1)
3
(43, 45)
-> Request 1
559
(4, 2, 1)
2
(57, 35)
-> Request 2
829
(1, 3, 1)
1
(50, 40)
-> Request 3
1112
(1, 3, 2)
3
(61, 66)
-> Request 4
1341
(4, 3, 1)
2
(44, 37)
-> Request 5
1344
(1, 3, 2)
2
(49, 37)
--> Day : 3
-> Request 0
74
(2, 1, 1)
2
(10, 20)
-> Request 1
99
(2, 1, 1)
3
(10, 28)
-> Request 2
118
(2, 1, 1)
2
(62, 44)
-> Request 3
351
(4, 3, 2)
1
(8, 24)
-> Request 4
412
(1, 1, 2)
2
(52, 45)
-> Request 5
545
(4, 2, 2)
3
(60, 46)
-> Request 6
788
(4, 1, 1)
3
(66, 66)
-> Request 7
812
(4, 1, 1)
3
(58, 70)
-> Request 8
1135
(1, 1, 2)
3
(55, 30)
--> Day : 4
-> Request 0
399
(3, 1, 2)
3
(54, 33)
-> Request 1
537
(3, 2, 1)
1
(53, 66)
-> Request 2
726
(3, 2, 1)
3
(56, 38)
-> Request 3
834
(3, 3, 1)
2
(47, 31)
-> Request 4
948
(2, 1, 2)
2
(66, 77)
-> Request 5
1059
(3, 2, 2)
2
(48, 41)
-> Request 6
1129
(2, 3, 1)
1
(54, 40)
---> Week : 123
--> Day : 0
-> Request 0
133
(1, 3, 2)
2
(50, 34)
-> Request 1
150
(4, 3, 1)
2
(46, 45)
-> Request 2
295
(3, 2, 2)
1
(47, 33)
-> Request 3
318
(3, 1, 2)
3
(47, 41)
-> Request 4
337
(3, 1, 1)
1
(65, 67)
-> Request 5
909
(2, 3, 1)
3
(57, 29)
-> Request 6
961
(4, 1, 1)
1
(54, 78)
-> Request 7
1049
(2, 1, 2)
2
(64, 66)
-> Request 8
1125
(2, 1, 1)
2
(51, 39)
-> Request 9
1152
(2, 1, 2)
1
(61, 75)
-> Request 10
1189
(1, 2, 2)
3
(49, 28)
-> Request 11
1274
(1, 3, 2)
1
(59, 46)
--> Day : 1
-> Request 0
60
(3, 3, 1)
3
(52, 73)
-> Request 1
146
(1, 2, 2)
1
(46, 40)
-> Request 2
259
(1, 3, 1)
2
(17, 25)
-> Request 3
401
(3, 2, 1)
1
(52, 32)
-> Request 4
432
(2, 2, 2)
2
(58, 69)
-> Request 5
503
(3, 3, 1)
1
(16, 22)
-> Request 6
688
(2, 1, 1)
1
(61, 35)
-> Request 7
719
(3, 2, 1)
3
(55, 76)
-> Request 8
759
(4, 3, 2)
3
(60, 72)
-> Request 9
898
(4, 3, 1)
1
(57, 76)
--> Day : 2
-> Request 0
61
(1, 3, 1)
1
(62, 31)
-> Request 1
97
(2, 2, 2)
2
(58, 33)
-> Request 2
368
(3, 1, 2)
3
(57, 78)
-> Request 3
484
(1, 2, 2)
3
(45, 32)
-> Request 4
1139
(1, 2, 1)
1
(44, 33)
-> Request 5
1157
(4, 2, 1)
1
(49, 29)
-> Request 6
1392
(3, 1, 2)
1
(52, 34)
--> Day : 3
-> Request 0
56
(2, 3, 1)
1
(47, 34)
-> Request 1
108
(2, 3, 1)
1
(13, 29)
-> Request 2
469
(1, 2, 1)
3
(62, 73)
-> Request 3
512
(1, 3, 2)
2
(63, 76)
-> Request 4
1031
(3, 1, 2)
3
(47, 42)
-> Request 5
1206
(1, 1, 2)
1
(48, 27)
-> Request 6
1318
(4, 1, 2)
2
(45, 34)
-> Request 7
1394
(3, 1, 2)
1
(58, 32)
--> Day : 4
-> Request 0
9
(4, 2, 1)
2
(61, 41)
-> Request 1
15
(3, 3, 1)
2
(56, 42)
-> Request 2
75
(1, 2, 2)
3
(59, 66)
-> Request 3
193
(3, 2, 2)
3
(13, 20)
-> Request 4
366
(3, 2, 1)
2
(64, 71)
-> Request 5
560
(1, 3, 2)
2
(66, 70)
-> Request 6
667
(4, 1, 1)
2
(8, 27)
-> Request 7
1114
(4, 1, 1)
3
(53, 30)
-> Request 8
1135
(3, 1, 1)
1
(53, 44)
-> Request 9
1304
(4, 1, 1)
2
(11, 21)
-> Request 10
1404
(4, 1, 2)
3
(60, 36)
---> Week : 124
--> Day : 0
-> Request 0
52
(1, 3, 1)
1
(43, 31)
-> Request 1
514
(2, 1, 2)
3
(8, 27)
-> Request 2
546
(4, 1, 2)
1
(59, 67)
-> Request 3
578
(4, 1, 2)
1
(58, 70)
-> Request 4
592
(4, 3, 1)
3
(12, 26)
-> Request 5
859
(1, 2, 1)
1
(65, 64)
-> Request 6
1010
(2, 1, 1)
1
(57, 33)
-> Request 7
1016
(3, 2, 2)
3
(9, 21)
-> Request 8
1023
(2, 3, 2)
3
(57, 33)
-> Request 9
1316
(2, 2, 1)
3
(60, 77)
-> Request 10
1400
(3, 1, 2)
1
(62, 38)
--> Day : 1
-> Request 0
435
(1, 2, 2)
2
(54, 43)
-> Request 1
541
(4, 2, 2)
3
(60, 35)
-> Request 2
687
(3, 2, 1)
3
(55, 41)
-> Request 3
700
(4, 3, 2)
3
(53, 42)
-> Request 4
746
(3, 1, 2)
2
(56, 40)
-> Request 5
776
(4, 2, 1)
2
(55, 28)
-> Request 6
979
(3, 3, 2)
1
(64, 73)
-> Request 7
1335
(1, 1, 2)
3
(43, 33)
-> Request 8
1362
(1, 2, 2)
2
(57, 70)
-> Request 9
1425
(3, 2, 2)
3
(65, 69)
--> Day : 2
-> Request 0
26
(4, 2, 2)
1
(53, 43)
-> Request 1
166
(1, 1, 2)
2
(52, 68)
-> Request 2
359
(3, 2, 1)
3
(44, 27)
-> Request 3
406
(1, 3, 1)
3
(56, 42)
-> Request 4
1011
(4, 2, 2)
2
(59, 69)
-> Request 5
1130
(1, 1, 1)
3
(14, 24)
-> Request 6
1319
(2, 3, 2)
1
(11, 23)
-> Request 7
1367
(2, 2, 1)
2
(51, 42)
--> Day : 3
-> Request 0
152
(4, 2, 2)
3
(58, 33)
-> Request 1
154
(4, 2, 1)
1
(53, 65)
-> Request 2
358
(2, 1, 1)
2
(58, 43)
-> Request 3
371
(1, 1, 1)
2
(45, 27)
-> Request 4
444
(2, 1, 2)
2
(43, 27)
-> Request 5
647
(3, 3, 2)
3
(61, 65)
-> Request 6
684
(1, 2, 1)
1
(61, 73)
-> Request 7
833
(2, 3, 2)
2
(59, 34)
-> Request 8
876
(3, 3, 2)
2
(50, 27)
-> Request 9
1074
(4, 3, 1)
2
(62, 30)
-> Request 10
1436
(2, 3, 2)
3
(58, 29)
--> Day : 4
-> Request 0
478
(2, 1, 1)
2
(47, 29)
-> Request 1
486
(1, 2, 2)
1
(51, 32)
-> Request 2
681
(1, 3, 1)
1
(11, 23)
-> Request 3
845
(4, 3, 2)
3
(57, 78)
-> Request 4
871
(2, 2, 2)
2
(54, 77)
-> Request 5
1243
(3, 1, 1)
1
(55, 46)
-> Request 6
1429
(2, 3, 2)
2
(50, 38)
---> Week : 125
--> Day : 0
-> Request 0
68
(1, 3, 2)
1
(51, 39)
-> Request 1
421
(2, 2, 2)
3
(43, 37)
-> Request 2
534
(1, 2, 1)
1
(55, 66)
-> Request 3
824
(2, 2, 1)
3
(58, 78)
-> Request 4
844
(3, 1, 1)
1
(56, 44)
-> Request 5
964
(4, 3, 2)
3
(14, 25)
-> Request 6
1327
(3, 2, 1)
1
(52, 78)
-> Request 7
1399
(2, 3, 2)
2
(50, 45)
--> Day : 1
-> Request 0
59
(4, 1, 1)
1
(48, 35)
-> Request 1
1231
(2, 1, 1)
1
(8, 26)
-> Request 2
1290
(1, 2, 1)
1
(10, 29)
-> Request 3
1408
(2, 2, 2)
1
(54, 29)
--> Day : 2
-> Request 0
22
(3, 3, 1)
1
(49, 37)
-> Request 1
111
(4, 3, 1)
1
(65, 72)
-> Request 2
155
(2, 1, 1)
3
(62, 38)
-> Request 3
258
(2, 3, 2)
3
(58, 38)
-> Request 4
445
(1, 1, 2)
3
(61, 45)
-> Request 5
468
(2, 3, 2)
1
(54, 42)
-> Request 6
542
(3, 3, 1)
2
(58, 35)
-> Request 7
715
(4, 2, 1)
2
(58, 70)
-> Request 8
760
(2, 1, 2)
1
(57, 40)
-> Request 9
967
(4, 1, 1)
1
(53, 77)
-> Request 10
1063
(2, 2, 1)
2
(54, 42)
-> Request 11
1169
(4, 2, 1)
2
(13, 29)
-> Request 12
1234
(2, 2, 2)
3
(59, 39)
-> Request 13
1439
(4, 2, 2)
3
(51, 27)
--> Day : 3
-> Request 0
224
(4, 2, 1)
2
(62, 71)
-> Request 1
243
(3, 2, 2)
1
(53, 68)
-> Request 2
404
(2, 3, 1)
3
(43, 45)
-> Request 3
436
(1, 1, 1)
1
(15, 25)
-> Request 4
503
(4, 3, 2)
1
(14, 29)
-> Request 5
655
(1, 3, 1)
2
(48, 35)
-> Request 6
894
(4, 2, 1)
2
(54, 46)
-> Request 7
1235
(4, 1, 2)
2
(45, 36)
-> Request 8
1393
(3, 2, 2)
3
(54, 34)
-> Request 9
1403
(2, 1, 1)
3
(9, 28)
-> Request 10
1419
(4, 2, 2)
1
(63, 65)
--> Day : 4
-> Request 0
232
(2, 1, 2)
3
(62, 65)
-> Request 1
249
(2, 2, 1)
1
(65, 76)
-> Request 2
553
(3, 2, 1)
1
(53, 39)
-> Request 3
582
(3, 2, 1)
1
(61, 40)
-> Request 4
591
(1, 3, 2)
1
(61, 73)
-> Request 5
825
(1, 2, 1)
3
(14, 28)
-> Request 6
991
(1, 3, 1)
2
(58, 39)
-> Request 7
1031
(1, 3, 2)
3
(65, 68)
-> Request 8
1250
(2, 2, 2)
1
(57, 72)
-> Request 9
1315
(3, 1, 2)
3
(62, 76)
---> Week : 126
--> Day : 0
-> Request 0
38
(2, 1, 1)
2
(53, 39)
-> Request 1
108
(1, 2, 1)
1
(61, 73)
-> Request 2
331
(1, 3, 2)
1
(59, 30)
-> Request 3
365
(3, 1, 1)
1
(55, 78)
-> Request 4
376
(4, 1, 2)
1
(62, 65)
-> Request 5
423
(1, 3, 2)
2
(9, 25)
-> Request 6
798
(2, 2, 2)
1
(50, 32)
-> Request 7
885
(4, 3, 2)
2
(12, 29)
-> Request 8
1019
(4, 3, 1)
1
(60, 45)
-> Request 9
1117
(2, 3, 1)
2
(59, 64)
-> Request 10
1158
(1, 2, 1)
2
(56, 77)
-> Request 11
1335
(2, 1, 2)
2
(61, 44)
-> Request 12
1408
(1, 3, 2)
3
(49, 45)
-> Request 13
1439
(1, 3, 1)
3
(50, 38)
--> Day : 1
-> Request 0
105
(2, 2, 1)
2
(66, 65)
-> Request 1
134
(1, 3, 2)
3
(61, 29)
-> Request 2
274
(2, 2, 1)
3
(9, 22)
-> Request 3
836
(4, 1, 1)
2
(63, 77)
-> Request 4
1081
(4, 3, 1)
3
(59, 66)
-> Request 5
1277
(1, 3, 2)
3
(55, 31)
--> Day : 2
-> Request 0
180
(3, 1, 1)
2
(43, 36)
-> Request 1
192
(1, 1, 2)
1
(10, 24)
-> Request 2
397
(1, 1, 2)
3
(47, 34)
-> Request 3
896
(4, 3, 2)
1
(59, 71)
-> Request 4
967
(1, 1, 1)
3
(9, 22)
-> Request 5
1029
(2, 3, 1)
1
(62, 73)
-> Request 6
1315
(4, 1, 1)
3
(17, 28)
-> Request 7
1402
(3, 3, 1)
1
(48, 38)
--> Day : 3
-> Request 0
49
(4, 1, 1)
2
(53, 75)
-> Request 1
186
(2, 1, 1)
1
(57, 68)
-> Request 2
351
(3, 1, 2)
2
(49, 30)
-> Request 3
448
(4, 1, 1)
1
(9, 26)
-> Request 4
510
(4, 3, 2)
1
(9, 26)
-> Request 5
632
(1, 1, 1)
2
(58, 73)
-> Request 6
638
(2, 2, 2)
1
(44, 33)
-> Request 7
689
(1, 3, 1)
3
(54, 67)
-> Request 8
800
(3, 1, 2)
2
(53, 67)
-> Request 9
983
(2, 3, 2)
2
(17, 20)
-> Request 10
1036
(4, 3, 2)
2
(43, 42)
-> Request 11
1082
(3, 2, 1)
2
(57, 28)
-> Request 12
1233
(2, 2, 2)
2
(9, 24)
-> Request 13
1238
(1, 2, 2)
2
(57, 64)
-> Request 14
1260
(4, 2, 1)
3
(8, 20)
-> Request 15
1299
(2, 3, 1)
3
(61, 36)
-> Request 16
1327
(4, 3, 1)
3
(52, 38)
--> Day : 4
-> Request 0
111
(3, 1, 2)
1
(65, 76)
-> Request 1
185
(3, 2, 1)
1
(45, 40)
-> Request 2
275
(3, 1, 2)
2
(62, 77)
-> Request 3
368
(1, 2, 2)
1
(55, 39)
-> Request 4
616
(3, 1, 1)
2
(66, 75)
-> Request 5
775
(1, 2, 2)
1
(14, 27)
-> Request 6
927
(4, 2, 1)
2
(59, 70)
-> Request 7
1000
(4, 2, 1)
3
(63, 68)
-> Request 8
1061
(1, 2, 1)
3
(62, 70)
-> Request 9
1088
(4, 1, 2)
2
(14, 29)
-> Request 10
1158
(1, 1, 2)
3
(62, 64)
---> Week : 127
--> Day : 0
-> Request 0
23
(3, 2, 1)
3
(10, 28)
-> Request 1
210
(3, 2, 1)
2
(57, 39)
-> Request 2
474
(2, 1, 1)
3
(62, 43)
-> Request 3
652
(1, 3, 2)
1
(61, 74)
-> Request 4
965
(1, 2, 2)
1
(12, 23)
-> Request 5
1157
(2, 1, 2)
3
(62, 35)
-> Request 6
1198
(3, 2, 1)
2
(60, 69)
-> Request 7
1342
(1, 2, 1)
3
(61, 38)
-> Request 8
1376
(4, 1, 1)
2
(56, 30)
--> Day : 1
-> Request 0
124
(1, 2, 1)
3
(46, 44)
-> Request 1
239
(4, 2, 2)
3
(46, 33)
-> Request 2
253
(2, 1, 2)
3
(66, 68)
-> Request 3
386
(2, 3, 1)
1
(9, 28)
-> Request 4
831
(3, 2, 1)
1
(59, 40)
-> Request 5
841
(4, 2, 1)
2
(56, 46)
-> Request 6
846
(4, 2, 1)
1
(61, 69)
-> Request 7
932
(2, 3, 1)
2
(56, 78)
-> Request 8
1360
(4, 3, 2)
1
(12, 24)
--> Day : 2
-> Request 0
216
(2, 2, 2)
3
(12, 29)
-> Request 1
337
(4, 2, 2)
2
(60, 29)
-> Request 2
1008
(2, 2, 1)
1
(48, 41)
--> Day : 3
-> Request 0
98
(3, 2, 1)
3
(11, 28)
-> Request 1
406
(3, 2, 2)
1
(56, 41)
-> Request 2
623
(3, 2, 2)
1
(53, 44)
-> Request 3
730
(3, 2, 2)
3
(61, 64)
-> Request 4
870
(1, 3, 2)
1
(59, 72)
-> Request 5
908
(1, 3, 1)
1
(48, 36)
-> Request 6
979
(1, 2, 1)
1
(59, 32)
-> Request 7
985
(4, 3, 1)
1
(58, 67)
-> Request 8
1117
(3, 1, 2)
3
(47, 36)
-> Request 9
1270
(3, 1, 1)
2
(66, 69)
-> Request 10
1347
(2, 3, 1)
3
(58, 27)
--> Day : 4
-> Request 0
50
(3, 3, 1)
2
(44, 34)
-> Request 1
147
(3, 3, 1)
3
(55, 44)
-> Request 2
154
(2, 1, 2)
2
(51, 35)
-> Request 3
265
(2, 1, 1)
1
(10, 25)
-> Request 4
279
(2, 2, 1)
2
(61, 30)
-> Request 5
469
(3, 3, 1)
3
(49, 34)
-> Request 6
790
(3, 1, 2)
2
(56, 33)
-> Request 7
852
(1, 3, 1)
3
(66, 71)
---> Week : 128
--> Day : 0
-> Request 0
669
(3, 1, 2)
1
(54, 31)
-> Request 1
691
(3, 3, 2)
3
(57, 30)
-> Request 2
741
(2, 2, 2)
1
(63, 72)
-> Request 3
793
(3, 3, 1)
1
(61, 39)
-> Request 4
899
(1, 2, 1)
2
(51, 43)
-> Request 5
1108
(3, 1, 1)
2
(55, 40)
-> Request 6
1199
(3, 3, 1)
1
(47, 45)
--> Day : 1
-> Request 0
46
(1, 3, 2)
3
(62, 67)
-> Request 1
264
(2, 3, 1)
2
(65, 65)
-> Request 2
378
(3, 3, 1)
3
(16, 27)
-> Request 3
519
(3, 2, 1)
1
(44, 39)
-> Request 4
707
(4, 2, 1)
2
(49, 36)
-> Request 5
742
(2, 3, 2)
1
(60, 36)
-> Request 6
1146
(1, 3, 1)
1
(61, 78)
-> Request 7
1231
(4, 1, 2)
1
(62, 64)
-> Request 8
1351
(4, 2, 1)
3
(50, 35)
--> Day : 2
-> Request 0
218
(1, 2, 1)
3
(57, 28)
-> Request 1
308
(1, 1, 2)
3
(47, 28)
-> Request 2
312
(4, 3, 2)
1
(61, 38)
-> Request 3
358
(3, 2, 1)
2
(66, 78)
-> Request 4
708
(1, 3, 2)
3
(55, 64)
-> Request 5
718
(4, 1, 2)
1
(59, 39)
-> Request 6
937
(2, 3, 1)
1
(45, 39)
-> Request 7
1004
(1, 1, 1)
1
(46, 40)
-> Request 8
1014
(1, 1, 1)
2
(48, 30)
-> Request 9
1333
(1, 2, 1)
1
(52, 35)
-> Request 10
1343
(1, 2, 1)
2
(52, 68)
--> Day : 3
-> Request 0
213
(2, 3, 2)
1
(60, 28)
-> Request 1
368
(2, 3, 1)
1
(51, 32)
-> Request 2
680
(4, 1, 1)
1
(16, 23)
-> Request 3
712
(4, 1, 1)
1
(65, 78)
-> Request 4
1226
(3, 2, 2)
1
(47, 39)
-> Request 5
1403
(4, 3, 2)
2
(55, 46)
--> Day : 4
-> Request 0
132
(2, 1, 2)
2
(59, 37)
-> Request 1
182
(3, 1, 1)
2
(62, 74)
-> Request 2
361
(3, 1, 1)
2
(60, 40)
-> Request 3
674
(1, 2, 2)
1
(48, 35)
-> Request 4
941
(2, 2, 2)
1
(61, 73)
-> Request 5
1016
(3, 1, 2)
1
(51, 44)
-> Request 6
1073
(2, 1, 1)
2
(9, 25)
-> Request 7
1208
(2, 1, 1)
2
(65, 78)
---> Week : 129
--> Day : 0
-> Request 0
172
(3, 2, 1)
1
(57, 34)
-> Request 1
702
(1, 2, 1)
3
(48, 27)
-> Request 2
782
(4, 1, 1)
2
(53, 76)
-> Request 3
824
(1, 2, 1)
2
(63, 75)
-> Request 4
868
(2, 2, 2)
3
(60, 37)
-> Request 5
1016
(1, 2, 2)
2
(53, 27)
-> Request 6
1040
(2, 3, 1)
3
(10, 20)
--> Day : 1
-> Request 0
52
(1, 1, 1)
3
(59, 39)
-> Request 1
123
(3, 2, 1)
2
(15, 23)
-> Request 2
253
(2, 2, 2)
2
(57, 66)
-> Request 3
386
(3, 2, 1)
1
(60, 39)
-> Request 4
403
(3, 2, 1)
2
(59, 40)
-> Request 5
903
(1, 1, 2)
3
(51, 27)
-> Request 6
1031
(3, 3, 1)
3
(53, 67)
-> Request 7
1048
(4, 1, 1)
1
(65, 68)
-> Request 8
1090
(2, 2, 2)
1
(66, 66)
-> Request 9
1195
(4, 2, 1)
2
(8, 27)
-> Request 10
1275
(2, 3, 2)
3
(50, 35)
-> Request 11
1417
(4, 3, 1)
3
(56, 44)
-> Request 12
1433
(3, 2, 2)
3
(52, 31)
-> Request 13
1437
(3, 1, 1)
1
(14, 25)
--> Day : 2
-> Request 0
236
(1, 1, 2)
3
(62, 40)
-> Request 1
249
(4, 2, 1)
1
(58, 35)
-> Request 2
553
(4, 3, 1)
2
(44, 28)
-> Request 3
658
(3, 2, 2)
2
(46, 28)
-> Request 4
712
(4, 2, 1)
1
(52, 37)
-> Request 5
910
(1, 2, 2)
3
(59, 75)
-> Request 6
1005
(1, 2, 1)
1
(61, 64)
-> Request 7
1010
(4, 2, 2)
3
(46, 31)
-> Request 8
1144
(3, 2, 1)
3
(60, 75)
-> Request 9
1188
(3, 2, 2)
2
(52, 33)
-> Request 10
1213
(4, 1, 1)
2
(49, 40)
-> Request 11
1304
(1, 2, 2)
1
(51, 39)
-> Request 12
1351
(4, 1, 2)
2
(57, 73)
-> Request 13
1390
(1, 3, 2)
3
(45, 40)
--> Day : 3
-> Request 0
152
(3, 2, 1)
1
(57, 31)
-> Request 1
429
(4, 2, 1)
1
(58, 67)
-> Request 2
468
(1, 2, 1)
2
(59, 75)
-> Request 3
533
(4, 1, 1)
2
(48, 43)
-> Request 4
643
(3, 2, 2)
1
(59, 65)
-> Request 5
765
(4, 1, 2)
1
(14, 24)
-> Request 6
1010
(2, 3, 1)
2
(54, 30)
-> Request 7
1092
(4, 1, 2)
1
(53, 70)
-> Request 8
1141
(1, 3, 1)
3
(53, 69)
-> Request 9
1196
(1, 3, 1)
2
(62, 34)
-> Request 10
1402
(1, 3, 1)
3
(16, 29)
--> Day : 4
-> Request 0
357
(3, 3, 1)
3
(48, 34)
-> Request 1
874
(3, 1, 1)
2
(62, 68)
-> Request 2
1028
(2, 2, 2)
2
(48, 38)
-> Request 3
1198
(2, 1, 2)
2
(49, 45)
-> Request 4
1229
(2, 3, 1)
1
(60, 27)
-> Request 5
1405
(2, 2, 2)
3
(50, 41)
---> Week : 130
--> Day : 0
-> Request 0
299
(4, 1, 1)
2
(46, 38)
-> Request 1
459
(3, 3, 1)
3
(54, 77)
-> Request 2
723
(2, 2, 1)
3
(48, 33)
-> Request 3
958
(3, 3, 2)
1
(56, 41)
-> Request 4
1050
(2, 2, 1)
3
(47, 36)
-> Request 5
1239
(3, 2, 1)
3
(11, 24)
-> Request 6
1323
(3, 1, 2)
2
(65, 69)
-> Request 7
1430
(1, 1, 1)
1
(54, 75)
--> Day : 1
-> Request 0
166
(3, 2, 2)
1
(46, 29)
-> Request 1
273
(4, 1, 1)
3
(52, 27)
-> Request 2
293
(3, 2, 2)
2
(56, 78)
-> Request 3
320
(3, 2, 2)
2
(54, 36)
-> Request 4
511
(4, 1, 1)
2
(63, 71)
-> Request 5
890
(3, 3, 1)
2
(57, 33)
-> Request 6
956
(1, 3, 1)
1
(43, 36)
-> Request 7
1020
(1, 1, 2)
1
(12, 23)
-> Request 8
1104
(3, 1, 2)
2
(61, 43)
-> Request 9
1161
(4, 2, 1)
2
(66, 65)
-> Request 10
1257
(2, 2, 2)
3
(43, 31)
--> Day : 2
-> Request 0
46
(3, 3, 1)
3
(59, 76)
-> Request 1
394
(2, 1, 1)
3
(65, 77)
-> Request 2
464
(3, 2, 1)
1
(58, 76)
-> Request 3
598
(1, 1, 2)
1
(54, 27)
-> Request 4
755
(1, 2, 1)
2
(66, 72)
-> Request 5
925
(4, 2, 2)
1
(51, 39)
-> Request 6
1167
(3, 3, 1)
3
(45, 46)
-> Request 7
1210
(1, 2, 1)
1
(13, 25)
-> Request 8
1262
(3, 2, 2)
2
(56, 75)
--> Day : 3
-> Request 0
124
(2, 2, 2)
1
(63, 72)
-> Request 1
216
(3, 2, 2)
1
(50, 37)
-> Request 2
263
(4, 3, 2)
3
(59, 67)
-> Request 3
588
(3, 3, 1)
2
(54, 33)
-> Request 4
725
(3, 3, 1)
1
(57, 76)
-> Request 5
872
(2, 2, 2)
3
(63, 69)
-> Request 6
887
(2, 3, 2)
3
(52, 77)
-> Request 7
1364
(1, 2, 2)
2
(54, 70)
--> Day : 4
-> Request 0
486
(4, 2, 2)
3
(56, 77)
-> Request 1
575
(1, 2, 1)
2
(53, 44)
-> Request 2
615
(2, 2, 1)
3
(59, 29)
-> Request 3
725
(2, 3, 2)
2
(59, 67)
-> Request 4
731
(2, 3, 2)
1
(59, 72)
-> Request 5
1246
(1, 3, 1)
1
(55, 33)
-> Request 6
1290
(4, 2, 1)
2
(12, 20)
-> Request 7
1383
(4, 2, 1)
1
(53, 34)
---> Week : 131
--> Day : 0
-> Request 0
349
(1, 2, 2)
1
(44, 45)
-> Request 1
376
(1, 2, 1)
1
(54, 70)
-> Request 2
412
(4, 2, 2)
3
(61, 66)
-> Request 3
444
(4, 1, 2)
2
(60, 34)
-> Request 4
495
(4, 3, 1)
3
(55, 37)
-> Request 5
499
(3, 3, 1)
2
(63, 69)
-> Request 6
715
(3, 3, 2)
2
(62, 67)
-> Request 7
1093
(2, 3, 2)
1
(53, 27)
-> Request 8
1204
(2, 3, 1)
1
(51, 31)
-> Request 9
1228
(2, 1, 2)
1
(45, 43)
--> Day : 1
-> Request 0
130
(2, 1, 1)
3
(54, 34)
-> Request 1
338
(2, 3, 1)
1
(62, 65)
-> Request 2
393
(1, 3, 1)
3
(13, 22)
-> Request 3
412
(1, 1, 2)
3
(56, 28)
-> Request 4
432
(1, 3, 2)
3
(45, 31)
-> Request 5
761
(1, 3, 1)
2
(56, 32)
-> Request 6
776
(3, 3, 2)
2
(53, 43)
-> Request 7
778
(4, 1, 1)
2
(57, 27)
-> Request 8
1007
(3, 3, 2)
1
(55, 67)
-> Request 9
1260
(2, 1, 1)
2
(60, 72)
-> Request 10
1354
(4, 3, 2)
1
(62, 67)
-> Request 11
1374
(4, 3, 2)
3
(13, 24)
--> Day : 2
-> Request 0
160
(1, 3, 2)
1
(45, 31)
-> Request 1
262
(3, 3, 1)
3
(58, 38)
-> Request 2
266
(2, 3, 2)
1
(49, 42)
-> Request 3
336
(3, 3, 1)
3
(51, 42)
-> Request 4
465
(1, 1, 1)
1
(57, 27)
-> Request 5
536
(4, 1, 2)
3
(46, 46)
-> Request 6
556
(2, 3, 1)
3
(57, 42)
-> Request 7
690
(4, 2, 1)
1
(57, 33)
-> Request 8
775
(3, 2, 2)
2
(48, 37)
-> Request 9
924
(1, 1, 2)
2
(10, 23)
-> Request 10
1327
(1, 1, 2)
1
(63, 68)
-> Request 11
1328
(1, 3, 2)
2
(57, 33)
--> Day : 3
-> Request 0
41
(1, 3, 2)
1
(17, 29)
-> Request 1
259
(1, 2, 2)
2
(57, 69)
-> Request 2
292
(3, 2, 2)
3
(60, 77)
-> Request 3
545
(2, 3, 1)
2
(43, 37)
-> Request 4
600
(3, 1, 2)
3
(52, 43)
--> Day : 4
-> Request 0
259
(4, 3, 1)
3
(54, 69)
-> Request 1
422
(3, 2, 2)
2
(53, 69)
-> Request 2
455
(3, 2, 1)
1
(60, 33)
-> Request 3
531
(4, 1, 1)
3
(58, 65)
-> Request 4
707
(4, 2, 1)
1
(46, 41)
-> Request 5
824
(3, 2, 1)
3
(56, 72)
-> Request 6
923
(3, 2, 1)
1
(64, 68)
-> Request 7
1001
(1, 2, 2)
3
(44, 32)
-> Request 8
1026
(1, 2, 1)
2
(58, 38)
-> Request 9
1122
(3, 3, 2)
1
(66, 73)
---> Week : 132
--> Day : 0
-> Request 0
42
(2, 2, 2)
1
(14, 29)
-> Request 1
244
(2, 1, 1)
1
(45, 41)
-> Request 2
600
(2, 1, 2)
3
(48, 32)
-> Request 3
614
(2, 1, 1)
3
(14, 21)
-> Request 4
643
(2, 1, 1)
1
(9, 21)
-> Request 5
708
(4, 3, 1)
2
(16, 28)
-> Request 6
816
(1, 2, 2)
1
(51, 43)
-> Request 7
839
(4, 1, 2)
1
(52, 34)
-> Request 8
904
(3, 1, 1)
2
(59, 68)
-> Request 9
940
(2, 2, 2)
1
(56, 74)
-> Request 10
1219
(2, 2, 2)
2
(59, 46)
-> Request 11
1270
(3, 1, 1)
3
(65, 76)
--> Day : 1
-> Request 0
455
(1, 2, 1)
3
(52, 73)
-> Request 1
509
(2, 3, 2)
1
(43, 41)
-> Request 2
807
(2, 1, 2)
3
(62, 71)
-> Request 3
1067
(2, 1, 2)
2
(8, 21)
-> Request 4
1073
(1, 3, 2)
2
(62, 64)
-> Request 5
1245
(4, 3, 1)
2
(46, 29)
--> Day : 2
-> Request 0
23
(3, 1, 2)
3
(53, 78)
-> Request 1
316
(4, 1, 1)
2
(63, 77)
-> Request 2
413
(2, 3, 2)
3
(63, 65)
-> Request 3
1135
(1, 1, 1)
3
(43, 29)
-> Request 4
1200
(4, 1, 1)
3
(52, 37)
-> Request 5
1210
(1, 3, 1)
3
(56, 32)
-> Request 6
1341
(2, 3, 1)
3
(13, 24)
--> Day : 3
-> Request 0
99
(4, 1, 2)
3
(60, 30)
-> Request 1
270
(3, 2, 2)
1
(58, 35)
-> Request 2
549
(3, 2, 1)
1
(64, 65)
-> Request 3
615
(1, 3, 1)
1
(56, 71)
-> Request 4
725
(4, 3, 1)
2
(47, 28)
-> Request 5
783
(1, 2, 2)
2
(62, 66)
-> Request 6
832
(2, 2, 2)
3
(64, 73)
-> Request 7
931
(3, 2, 1)
2
(52, 72)
-> Request 8
996
(1, 3, 1)
3
(53, 39)
-> Request 9
1183
(1, 2, 1)
3
(43, 35)
-> Request 10
1183
(1, 1, 1)
1
(57, 37)
--> Day : 4
-> Request 0
102
(4, 2, 1)
3
(14, 28)
-> Request 1
131
(4, 3, 1)
1
(55, 74)
-> Request 2
199
(3, 2, 2)
2
(55, 71)
-> Request 3
557
(1, 2, 1)
3
(57, 66)
-> Request 4
1099
(2, 2, 1)
3
(66, 64)
-> Request 5
1122
(3, 1, 1)
2
(57, 70)
-> Request 6
1123
(4, 1, 1)
3
(59, 67)
-> Request 7
1129
(2, 1, 2)
2
(58, 44)
-> Request 8
1416
(1, 2, 2)
2
(60, 64)
---> Week : 133
--> Day : 0
-> Request 0
45
(1, 2, 1)
3
(61, 68)
-> Request 1
143
(1, 2, 2)
3
(49, 45)
-> Request 2
161
(2, 1, 1)
2
(58, 45)
-> Request 3
380
(1, 3, 2)
3
(13, 25)
-> Request 4
603
(2, 2, 1)
1
(59, 37)
-> Request 5
849
(1, 3, 1)
2
(62, 65)
-> Request 6
1087
(3, 2, 1)
1
(55, 41)
-> Request 7
1173
(4, 3, 2)
3
(65, 75)
--> Day : 1
-> Request 0
210
(1, 1, 2)
3
(55, 73)
-> Request 1
368
(3, 3, 2)
2
(57, 69)
-> Request 2
981
(3, 2, 1)
3
(55, 74)
-> Request 3
1113
(1, 3, 1)
2
(55, 46)
-> Request 4
1231
(1, 1, 2)
2
(66, 77)
-> Request 5
1231
(1, 3, 1)
1
(62, 43)
--> Day : 2
-> Request 0
17
(3, 2, 1)
3
(51, 45)
-> Request 1
104
(3, 3, 2)
2
(54, 27)
-> Request 2
970
(2, 3, 2)
3
(53, 32)
-> Request 3
1004
(1, 2, 1)
2
(16, 29)
-> Request 4
1045
(4, 3, 1)
2
(11, 28)
-> Request 5
1111
(3, 3, 2)
3
(48, 30)
-> Request 6
1169
(4, 3, 2)
2
(54, 30)
--> Day : 3
-> Request 0
59
(2, 3, 1)
2
(50, 35)
-> Request 1
348
(3, 2, 2)
2
(58, 40)
-> Request 2
828
(1, 1, 2)
2
(60, 44)
-> Request 3
1233
(4, 2, 1)
1
(14, 23)
-> Request 4
1274
(1, 3, 1)
1
(62, 72)
-> Request 5
1391
(2, 2, 1)
1
(46, 44)
--> Day : 4
-> Request 0
681
(2, 3, 2)
2
(12, 24)
-> Request 1
789
(4, 2, 1)
1
(45, 33)
-> Request 2
839
(3, 1, 2)
1
(58, 41)
-> Request 3
1207
(1, 2, 1)
2
(14, 29)
-> Request 4
1236
(4, 3, 1)
2
(49, 36)
-> Request 5
1291
(3, 1, 1)
1
(44, 44)
-> Request 6
1413
(1, 2, 1)
1
(45, 36)
---> Week : 134
--> Day : 0
-> Request 0
62
(2, 1, 2)
3
(58, 70)
-> Request 1
131
(1, 3, 1)
1
(57, 29)
-> Request 2
268
(3, 1, 1)
3
(51, 43)
-> Request 3
333
(4, 1, 2)
1
(66, 65)
-> Request 4
618
(4, 2, 1)
2
(56, 68)
-> Request 5
1044
(4, 2, 1)
1
(62, 29)
-> Request 6
1132
(4, 1, 2)
2
(44, 46)
-> Request 7
1279
(4, 2, 2)
1
(59, 28)
-> Request 8
1279
(2, 1, 2)
3
(52, 28)
--> Day : 1
-> Request 0
64
(2, 1, 2)
2
(17, 21)
-> Request 1
80
(2, 2, 1)
3
(53, 33)
-> Request 2
205
(4, 2, 2)
1
(51, 36)
-> Request 3
449
(4, 2, 2)
2
(56, 69)
-> Request 4
526
(2, 2, 1)
2
(43, 30)
-> Request 5
644
(2, 1, 2)
1
(56, 37)
-> Request 6
644
(4, 1, 1)
3
(45, 29)
-> Request 7
716
(3, 1, 1)
1
(57, 69)
-> Request 8
741
(2, 3, 1)
3
(63, 66)
-> Request 9
832
(3, 3, 2)
2
(44, 36)
-> Request 10
977
(2, 1, 2)
1
(53, 75)
-> Request 11
1065
(4, 3, 1)
2
(63, 65)
-> Request 12
1125
(4, 3, 2)
2
(49, 40)
-> Request 13
1138
(2, 1, 1)
1
(44, 41)
-> Request 14
1337
(2, 1, 1)
1
(53, 44)
-> Request 15
1369
(2, 1, 2)
3
(56, 46)
--> Day : 2
-> Request 0
211
(3, 2, 2)
3
(61, 35)
-> Request 1
468
(3, 1, 2)
3
(61, 74)
-> Request 2
529
(2, 1, 1)
3
(59, 46)
-> Request 3
701
(1, 3, 2)
1
(43, 31)
-> Request 4
704
(1, 1, 2)
3
(56, 32)
-> Request 5
929
(2, 1, 1)
3
(58, 73)
-> Request 6
1152
(2, 3, 1)
3
(55, 76)
-> Request 7
1195
(4, 1, 2)
3
(17, 21)
-> Request 8
1243
(4, 2, 2)
3
(65, 67)
-> Request 9
1321
(2, 2, 2)
3
(60, 75)
-> Request 10
1342
(2, 1, 1)
2
(64, 72)
-> Request 11
1386
(2, 3, 2)
3
(64, 77)
--> Day : 3
-> Request 0
859
(3, 3, 1)
1
(59, 39)
-> Request 1
863
(2, 1, 1)
2
(57, 65)
-> Request 2
960
(4, 2, 1)
3
(64, 71)
-> Request 3
1320
(1, 2, 1)
2
(49, 31)
-> Request 4
1418
(1, 1, 1)
1
(58, 71)
--> Day : 4
-> Request 0
41
(2, 3, 2)
1
(59, 39)
-> Request 1
120
(1, 2, 2)
2
(48, 40)
-> Request 2
182
(3, 1, 1)
2
(54, 46)
-> Request 3
272
(4, 2, 2)
2
(58, 69)
-> Request 4
350
(3, 3, 2)
2
(45, 27)
-> Request 5
390
(2, 3, 2)
1
(59, 78)
-> Request 6
549
(4, 2, 2)
2
(53, 76)
-> Request 7
758
(4, 2, 1)
2
(60, 66)
-> Request 8
899
(3, 1, 2)
2
(44, 37)
-> Request 9
981
(4, 2, 2)
1
(65, 68)
-> Request 10
1047
(2, 3, 1)
3
(48, 41)
-> Request 11
1294
(4, 2, 1)
1
(54, 70)
-> Request 12
1354
(3, 2, 2)
1
(56, 74)
-> Request 13
1371
(3, 2, 2)
3
(44, 34)
---> Week : 135
--> Day : 0
-> Request 0
28
(1, 2, 2)
3
(59, 36)
-> Request 1
74
(2, 2, 1)
1
(60, 72)
-> Request 2
95
(2, 3, 2)
3
(53, 65)
-> Request 3
150
(2, 2, 1)
3
(56, 30)
-> Request 4
376
(3, 2, 2)
2
(56, 75)
-> Request 5
426
(3, 3, 1)
1
(51, 34)
-> Request 6
482
(1, 1, 1)
3
(12, 24)
-> Request 7
798
(3, 2, 2)
1
(53, 67)
-> Request 8
807
(3, 3, 1)
2
(57, 43)
-> Request 9
960
(4, 1, 2)
3
(54, 39)
-> Request 10
976
(3, 1, 2)
2
(15, 24)
-> Request 11
1107
(2, 3, 1)
1
(58, 37)
--> Day : 1
-> Request 0
66
(3, 1, 1)
3
(55, 35)
-> Request 1
225
(2, 3, 1)
3
(53, 45)
-> Request 2
284
(4, 3, 2)
1
(53, 41)
-> Request 3
363
(3, 1, 1)
3
(10, 29)
-> Request 4
369
(2, 3, 2)
2
(62, 40)
-> Request 5
520
(2, 2, 1)
2
(47, 37)
-> Request 6
679
(3, 2, 2)
2
(11, 25)
-> Request 7
899
(3, 3, 1)
1
(50, 37)
-> Request 8
1193
(3, 3, 1)
3
(13, 29)
-> Request 9
1314
(4, 1, 2)
3
(10, 26)
--> Day : 2
-> Request 0
170
(3, 3, 2)
1
(46, 44)
-> Request 1
270
(2, 2, 1)
2
(43, 40)
-> Request 2
478
(3, 2, 2)
2
(47, 42)
-> Request 3
552
(2, 1, 2)
3
(55, 78)
-> Request 4
754
(2, 1, 1)
1
(66, 71)
-> Request 5
823
(4, 3, 2)
2
(59, 33)
-> Request 6
1034
(2, 3, 2)
1
(60, 45)
-> Request 7
1210
(4, 3, 2)
3
(53, 29)
--> Day : 3
-> Request 0
70
(4, 2, 1)
2
(62, 39)
-> Request 1
140
(3, 1, 2)
2
(66, 73)
-> Request 2
177
(2, 1, 2)
3
(45, 35)
-> Request 3
205
(3, 2, 1)
3
(57, 75)
-> Request 4
292
(3, 3, 2)
3
(51, 32)
-> Request 5
358
(4, 3, 2)
2
(52, 67)
-> Request 6
502
(2, 1, 2)
3
(66, 65)
-> Request 7
561
(1, 3, 1)
3
(66, 66)
-> Request 8
564
(1, 3, 2)
3
(15, 29)
-> Request 9
1255
(2, 1, 2)
2
(54, 65)
--> Day : 4
-> Request 0
62
(3, 1, 2)
1
(57, 27)
-> Request 1
197
(3, 2, 2)
3
(66, 73)
-> Request 2
362
(3, 2, 1)
3
(62, 66)
-> Request 3
363
(3, 3, 1)
3
(61, 69)
-> Request 4
380
(3, 1, 2)
3
(49, 38)
-> Request 5
703
(3, 3, 1)
3
(46, 34)
-> Request 6
709
(1, 1, 1)
1
(16, 26)
-> Request 7
722
(3, 1, 2)
1
(57, 44)
-> Request 8
993
(3, 1, 1)
1
(62, 35)
-> Request 9
1011
(4, 3, 1)
2
(48, 43)
-> Request 10
1125
(3, 1, 1)
1
(46, 44)
-> Request 11
1280
(3, 1, 2)
2
(54, 66)
-> Request 12
1348
(3, 2, 2)
3
(58, 71)
---> Week : 136
--> Day : 0
-> Request 0
152
(1, 2, 1)
1
(52, 38)
-> Request 1
208
(2, 3, 2)
3
(62, 78)
-> Request 2
632
(4, 1, 2)
2
(49, 33)
-> Request 3
673
(4, 1, 1)
2
(43, 40)
-> Request 4
873
(2, 3, 1)
1
(61, 74)
-> Request 5
927
(4, 2, 2)
1
(59, 27)
-> Request 6
1005
(1, 2, 2)
2
(61, 71)
-> Request 7
1225
(3, 2, 1)
3
(56, 31)
-> Request 8
1242
(3, 2, 1)
3
(57, 41)
-> Request 9
1381
(4, 3, 1)
2
(53, 46)
--> Day : 1
-> Request 0
74
(1, 3, 2)
3
(59, 78)
-> Request 1
91
(1, 1, 2)
2
(54, 38)
-> Request 2
307
(3, 3, 1)
3
(48, 38)
-> Request 3
322
(3, 2, 1)
2
(64, 68)
-> Request 4
621
(4, 1, 2)
3
(47, 34)
-> Request 5
633
(2, 3, 2)
2
(8, 29)
-> Request 6
816
(1, 2, 2)
1
(59, 70)
-> Request 7
1016
(1, 2, 2)
2
(53, 43)
-> Request 8
1165
(4, 2, 2)
1
(51, 29)
-> Request 9
1170
(4, 1, 1)
3
(45, 29)
-> Request 10
1410
(2, 2, 2)
1
(43, 42)
--> Day : 2
-> Request 0
95
(1, 3, 1)
1
(46, 34)
-> Request 1
106
(1, 3, 2)
1
(50, 46)
-> Request 2
229
(2, 1, 1)
1
(59, 42)
-> Request 3
376
(3, 3, 1)
3
(58, 65)
-> Request 4
380
(2, 3, 1)
2
(9, 20)
-> Request 5
381
(3, 2, 2)
2
(50, 28)
-> Request 6
388
(1, 1, 2)
3
(47, 29)
-> Request 7
408
(2, 2, 1)
3
(48, 32)
-> Request 8
409
(1, 2, 1)
2
(59, 66)
-> Request 9
452
(1, 1, 2)
2
(44, 32)
-> Request 10
479
(4, 3, 1)
3
(52, 78)
-> Request 11
517
(2, 2, 1)
2
(63, 70)
-> Request 12
558
(1, 3, 1)
2
(46, 42)
-> Request 13
583
(4, 3, 1)
2
(55, 72)
-> Request 14
612
(4, 2, 2)
3
(54, 33)
-> Request 15
897
(4, 1, 1)
1
(52, 42)
-> Request 16
1074
(3, 1, 2)
2
(53, 78)
-> Request 17
1245
(4, 2, 1)
1
(45, 30)
-> Request 18
1387
(4, 2, 2)
2
(56, 37)
-> Request 19
1428
(3, 2, 1)
3
(58, 38)
--> Day : 3
-> Request 0
81
(2, 3, 1)
1
(60, 37)
-> Request 1
103
(4, 2, 2)
3
(53, 46)
-> Request 2
334
(2, 3, 2)
3
(59, 42)
-> Request 3
465
(1, 2, 2)
1
(50, 31)
-> Request 4
637
(1, 3, 1)
3
(57, 27)
-> Request 5
890
(4, 2, 1)
3
(53, 75)
-> Request 6
1074
(4, 2, 2)
2
(56, 34)
-> Request 7
1148
(4, 1, 1)
2
(52, 76)
-> Request 8
1219
(1, 1, 2)
3
(65, 74)
-> Request 9
1366
(3, 3, 1)
1
(66, 76)
--> Day : 4
-> Request 0
34
(1, 2, 1)
1
(55, 44)
-> Request 1
320
(2, 2, 2)
1
(49, 43)
-> Request 2
593
(1, 1, 2)
1
(53, 70)
-> Request 3
882
(4, 2, 1)
3
(55, 74)
-> Request 4
940
(3, 3, 2)
1
(43, 41)
-> Request 5
946
(3, 3, 2)
2
(62, 31)
-> Request 6
1182
(1, 3, 2)
3
(62, 64)
-> Request 7
1317
(3, 2, 1)
3
(52, 36)
---> Week : 137
--> Day : 0
-> Request 0
572
(4, 2, 2)
1
(12, 21)
-> Request 1
768
(4, 3, 1)
3
(59, 75)
-> Request 2
786
(2, 1, 2)
2
(56, 42)
-> Request 3
840
(4, 1, 1)
3
(46, 37)
-> Request 4
926
(3, 3, 1)
1
(16, 20)
-> Request 5
1428
(4, 2, 2)
2
(66, 76)
--> Day : 1
-> Request 0
437
(4, 2, 1)
3
(60, 65)
-> Request 1
537
(1, 2, 1)
3
(59, 65)
-> Request 2
787
(2, 2, 2)
1
(57, 46)
-> Request 3
943
(1, 1, 1)
2
(65, 72)
-> Request 4
1112
(2, 3, 1)
1
(44, 39)
-> Request 5
1120
(1, 1, 2)
2
(65, 64)
-> Request 6
1301
(2, 2, 1)
1
(47, 39)
-> Request 7
1398
(2, 3, 2)
3
(8, 20)
--> Day : 2
-> Request 0
205
(3, 2, 1)
1
(57, 78)
-> Request 1
264
(4, 1, 1)
3
(65, 69)
-> Request 2
428
(2, 2, 2)
1
(59, 30)
-> Request 3
901
(4, 2, 1)
2
(59, 76)
-> Request 4
1038
(4, 2, 2)
2
(46, 45)
-> Request 5
1085
(4, 1, 2)
1
(16, 24)
-> Request 6
1365
(2, 1, 2)
3
(53, 73)
-> Request 7
1389
(2, 2, 2)
3
(44, 29)
-> Request 8
1398
(3, 3, 1)
1
(44, 27)
-> Request 9
1399
(4, 3, 1)
2
(65, 68)
--> Day : 3
-> Request 0
61
(3, 3, 2)
3
(62, 66)
-> Request 1
61
(3, 2, 2)
1
(59, 77)
-> Request 2
128
(4, 1, 2)
1
(59, 37)
-> Request 3
629
(4, 2, 1)
1
(56, 76)
-> Request 4
719
(4, 3, 2)
1
(50, 38)
-> Request 5
757
(3, 1, 1)
2
(66, 68)
-> Request 6
955
(4, 3, 1)
3
(56, 38)
-> Request 7
1088
(3, 1, 2)
2
(13, 25)
-> Request 8
1167
(4, 2, 1)
2
(45, 44)
-> Request 9
1356
(4, 1, 2)
1
(59, 66)
--> Day : 4
-> Request 0
105
(2, 3, 1)
1
(8, 25)
-> Request 1
138
(1, 3, 1)
3
(16, 27)
-> Request 2
218
(1, 1, 2)
3
(13, 29)
-> Request 3
318
(1, 2, 2)
1
(51, 42)
-> Request 4
429
(2, 1, 2)
2
(56, 74)
-> Request 5
657
(2, 2, 1)
3
(44, 38)
-> Request 6
954
(2, 1, 1)
1
(43, 37)
-> Request 7
1206
(4, 3, 2)
2
(54, 37)
-> Request 8
1246
(1, 3, 1)
1
(55, 75)
-> Request 9
1251
(3, 2, 2)
3
(54, 29)
-> Request 10
1259
(3, 2, 1)
2
(54, 67)
---> Week : 138
--> Day : 0
-> Request 0
15
(4, 3, 1)
3
(44, 28)
-> Request 1
113
(4, 1, 2)
3
(49, 42)
-> Request 2
299
(2, 2, 1)
3
(48, 36)
-> Request 3
703
(2, 1, 1)
1
(62, 42)
-> Request 4
1132
(2, 3, 1)
1
(49, 41)
--> Day : 1
-> Request 0
70
(3, 2, 1)
2
(63, 73)
-> Request 1
175
(4, 3, 2)
3
(61, 73)
-> Request 2
225
(3, 1, 1)
2
(46, 46)
-> Request 3
539
(4, 3, 2)
1
(45, 43)
-> Request 4
841
(3, 1, 2)
1
(60, 42)
-> Request 5
926
(2, 1, 2)
2
(46, 37)
-> Request 6
935
(2, 2, 1)
1
(57, 67)
-> Request 7
984
(3, 1, 2)
1
(62, 72)
-> Request 8
1083
(1, 1, 2)
2
(59, 32)
-> Request 9
1205
(2, 3, 1)
3
(63, 76)
-> Request 10
1220
(2, 3, 2)
2
(58, 43)
--> Day : 2
-> Request 0
314
(1, 2, 1)
3
(60, 38)
-> Request 1
391
(2, 3, 2)
1
(62, 31)
-> Request 2
506
(1, 3, 2)
3
(43, 31)
-> Request 3
516
(2, 3, 1)
2
(55, 34)
-> Request 4
521
(4, 1, 1)
1
(58, 73)
-> Request 5
648
(3, 2, 2)
2
(48, 27)
-> Request 6
875
(4, 2, 1)
1
(16, 29)
-> Request 7
1233
(2, 2, 2)
1
(57, 71)
-> Request 8
1373
(3, 1, 2)
1
(59, 35)
--> Day : 3
-> Request 0
49
(4, 3, 1)
3
(62, 34)
-> Request 1
101
(2, 2, 2)
2
(9, 29)
-> Request 2
164
(2, 3, 2)
2
(66, 75)
-> Request 3
165
(2, 1, 2)
3
(60, 41)
-> Request 4
525
(1, 3, 1)
3
(64, 75)
-> Request 5
651
(2, 2, 2)
2
(46, 31)
-> Request 6
697
(3, 1, 2)
1
(57, 75)
-> Request 7
743
(1, 3, 2)
2
(55, 75)
-> Request 8
922
(4, 3, 1)
3
(50, 30)
-> Request 9
1201
(4, 1, 1)
2
(49, 36)
-> Request 10
1363
(2, 2, 2)
2
(50, 37)
-> Request 11
1396
(1, 1, 2)
1
(51, 33)
--> Day : 4
-> Request 0
254
(4, 3, 2)
3
(50, 38)
-> Request 1
313
(4, 3, 2)
3
(55, 67)
-> Request 2
357
(1, 2, 1)
2
(47, 43)
-> Request 3
384
(2, 2, 2)
1
(55, 31)
-> Request 4
426
(3, 3, 1)
3
(51, 42)
-> Request 5
443
(4, 2, 1)
3
(45, 30)
-> Request 6
519
(3, 1, 1)
2
(63, 77)
-> Request 7
639
(3, 2, 1)
3
(54, 45)
-> Request 8
1090
(1, 1, 1)
3
(60, 37)
---> Week : 139
--> Day : 0
-> Request 0
47
(4, 3, 1)
3
(45, 44)
-> Request 1
49
(2, 2, 2)
1
(57, 68)
-> Request 2
352
(1, 2, 2)
1
(65, 65)
-> Request 3
557
(3, 2, 1)
2
(58, 32)
-> Request 4
706
(3, 2, 1)
3
(60, 77)
-> Request 5
724
(4, 3, 1)
2
(57, 72)
-> Request 6
772
(3, 3, 1)
1
(44, 28)
-> Request 7
1034
(3, 2, 2)
1
(52, 42)
-> Request 8
1087
(2, 3, 1)
2
(17, 23)
-> Request 9
1104
(1, 3, 1)
3
(53, 27)
-> Request 10
1174
(3, 1, 1)
3
(47, 41)
-> Request 11
1340
(3, 3, 2)
3
(58, 39)
--> Day : 1
-> Request 0
134
(4, 3, 1)
1
(49, 42)
-> Request 1
209
(2, 2, 2)
1
(51, 30)
-> Request 2
239
(2, 3, 1)
1
(8, 21)
-> Request 3
320
(3, 2, 2)
1
(12, 24)
-> Request 4
425
(4, 2, 2)
1
(55, 75)
-> Request 5
566
(3, 1, 2)
3
(54, 34)
-> Request 6
609
(4, 3, 1)
3
(49, 39)
-> Request 7
856
(1, 1, 1)
1
(60, 38)
-> Request 8
1223
(4, 1, 1)
1
(17, 28)
-> Request 9
1230
(4, 1, 2)
3
(58, 27)
-> Request 10
1379
(1, 2, 1)
1
(55, 41)
--> Day : 2
-> Request 0
384
(4, 2, 1)
2
(45, 39)
-> Request 1
646
(4, 2, 1)
1
(53, 28)
-> Request 2
1185
(3, 2, 1)
2
(54, 65)
-> Request 3
1355
(4, 3, 1)
3
(60, 71)
--> Day : 3
-> Request 0
177
(1, 2, 1)
1
(61, 32)
-> Request 1
297
(3, 1, 2)
3
(60, 27)
-> Request 2
494
(3, 2, 1)
3
(61, 68)
-> Request 3
589
(3, 1, 2)
2
(47, 37)
-> Request 4
633
(1, 2, 2)
1
(49, 45)
-> Request 5
880
(2, 2, 2)
2
(62, 77)
-> Request 6
1240
(2, 3, 1)
1
(56, 45)
-> Request 7
1295
(4, 3, 1)
2
(14, 21)
-> Request 8
1319
(2, 1, 1)
2
(55, 32)
-> Request 9
1361
(4, 1, 2)
1
(57, 46)
--> Day : 4
-> Request 0
9
(4, 2, 2)
3
(58, 70)
-> Request 1
291
(4, 1, 1)
1
(63, 74)
-> Request 2
324
(2, 1, 2)
2
(61, 32)
-> Request 3
604
(1, 3, 1)
3
(53, 64)
-> Request 4
1121
(4, 2, 1)
1
(56, 42)
-> Request 5
1155
(1, 1, 1)
1
(46, 41)
-> Request 6
1183
(3, 3, 1)
3
(52, 27)
-> Request 7
1226
(2, 2, 1)
1
(65, 66)
---> Week : 140
--> Day : 0
-> Request 0
192
(1, 1, 1)
3
(53, 71)
-> Request 1
251
(3, 1, 1)
3
(56, 29)
-> Request 2
319
(3, 1, 2)
3
(44, 28)
-> Request 3
345
(1, 3, 1)
3
(55, 67)
-> Request 4
542
(1, 1, 2)
1
(66, 71)
-> Request 5
598
(4, 2, 2)
1
(11, 25)
-> Request 6
662
(4, 1, 1)
1
(56, 73)
-> Request 7
956
(2, 3, 2)
1
(43, 35)
-> Request 8
1059
(1, 1, 2)
1
(48, 29)
-> Request 9
1332
(3, 2, 1)
1
(43, 44)
-> Request 10
1378
(3, 1, 1)
2
(60, 74)
--> Day : 1
-> Request 0
56
(4, 1, 1)
3
(59, 37)
-> Request 1
78
(3, 1, 2)
1
(63, 74)
-> Request 2
120
(3, 3, 2)
3
(48, 36)
-> Request 3
216
(3, 2, 1)
3
(13, 29)
-> Request 4
266
(1, 2, 2)
2
(61, 46)
-> Request 5
309
(2, 3, 1)
1
(62, 32)
-> Request 6
571
(3, 1, 1)
2
(54, 38)
-> Request 7
986
(4, 1, 2)
2
(55, 45)
-> Request 8
1201
(4, 1, 2)
1
(46, 30)
-> Request 9
1242
(3, 3, 1)
3
(46, 36)
-> Request 10
1254
(2, 3, 2)
1
(56, 65)
-> Request 11
1426
(3, 3, 1)
3
(54, 68)
--> Day : 2
-> Request 0
34
(3, 2, 1)
1
(59, 35)
-> Request 1
63
(3, 2, 1)
2
(43, 39)
-> Request 2
551
(3, 1, 2)
2
(43, 46)
-> Request 3
580
(4, 2, 1)
1
(57, 72)
-> Request 4
835
(3, 3, 1)
3
(55, 66)
-> Request 5
1014
(1, 1, 1)
1
(54, 67)
-> Request 6
1048
(4, 3, 2)
1
(61, 42)
-> Request 7
1048
(2, 3, 2)
2
(56, 46)
-> Request 8
1123
(1, 3, 2)
3
(9, 24)
-> Request 9
1135
(3, 1, 1)
1
(55, 38)
-> Request 10
1223
(3, 1, 2)
2
(66, 69)
-> Request 11
1289
(1, 1, 2)
3
(44, 34)
-> Request 12
1319
(2, 1, 2)
2
(10, 26)
-> Request 13
1438
(4, 2, 2)
3
(60, 74)
--> Day : 3
-> Request 0
283
(1, 1, 1)
2
(61, 44)
-> Request 1
550
(2, 2, 2)
2
(48, 30)
-> Request 2
735
(3, 1, 1)
3
(52, 78)
-> Request 3
807
(1, 3, 2)
3
(62, 34)
-> Request 4
1112
(2, 3, 2)
2
(53, 65)
-> Request 5
1283
(4, 3, 1)
2
(60, 36)
--> Day : 4
-> Request 0
28
(3, 1, 1)
1
(63, 71)
-> Request 1
52
(2, 2, 1)
1
(59, 45)
-> Request 2
74
(2, 1, 2)
1
(61, 72)
-> Request 3
153
(2, 1, 1)
3
(47, 42)
-> Request 4
315
(1, 2, 2)
2
(54, 71)
-> Request 5
561
(4, 1, 2)
2
(62, 76)
-> Request 6
746
(1, 2, 2)
3
(58, 72)
-> Request 7
1038
(4, 2, 1)
3
(53, 38)
-> Request 8
1267
(4, 1, 2)
3
(58, 30)
---> Week : 141
--> Day : 0
-> Request 0
13
(3, 1, 2)
2
(11, 23)
-> Request 1
39
(4, 2, 2)
1
(50, 41)
-> Request 2
161
(3, 2, 2)
1
(60, 38)
-> Request 3
330
(1, 1, 1)
3
(46, 43)
-> Request 4
471
(2, 3, 1)
3
(44, 44)
-> Request 5
479
(4, 2, 2)
3
(57, 64)
-> Request 6
499
(2, 1, 1)
3
(49, 46)
-> Request 7
888
(1, 3, 2)
3
(61, 70)
-> Request 8
987
(4, 1, 1)
2
(60, 64)
-> Request 9
1137
(2, 1, 2)
1
(62, 77)
-> Request 10
1166
(4, 2, 1)
3
(46, 27)
-> Request 11
1342
(1, 1, 2)
2
(64, 64)
-> Request 12
1420
(4, 1, 2)
3
(61, 39)
--> Day : 1
-> Request 0
20
(4, 3, 1)
3
(49, 32)
-> Request 1
96
(1, 2, 1)
2
(45, 40)
-> Request 2
110
(3, 3, 2)
1
(64, 67)
-> Request 3
209
(4, 3, 1)
2
(53, 67)
-> Request 4
291
(4, 2, 1)
1
(57, 44)
-> Request 5
471
(2, 3, 2)
3
(9, 21)
-> Request 6
829
(2, 3, 2)
2
(57, 41)
-> Request 7
865
(4, 3, 1)
1
(12, 22)
-> Request 8
1082
(2, 2, 1)
3
(52, 67)
-> Request 9
1179
(1, 3, 1)
3
(53, 34)
-> Request 10
1318
(1, 2, 2)
2
(58, 39)
--> Day : 2
-> Request 0
19
(1, 1, 1)
3
(61, 45)
-> Request 1
51
(2, 2, 2)
3
(49, 37)
-> Request 2
270
(3, 3, 2)
1
(51, 43)
-> Request 3
425
(2, 3, 2)
3
(48, 40)
-> Request 4
427
(2, 3, 1)
1
(55, 41)
-> Request 5
439
(2, 2, 1)
2
(63, 71)
-> Request 6
548
(1, 1, 1)
2
(59, 35)
-> Request 7
712
(4, 1, 2)
2
(46, 37)
-> Request 8
839
(4, 1, 1)
1
(65, 76)
-> Request 9
862
(4, 2, 1)
3
(61, 69)
-> Request 10
997
(4, 3, 1)
2
(58, 27)
-> Request 11
1006
(3, 2, 1)
2
(55, 69)
-> Request 12
1161
(2, 1, 1)
3
(50, 42)
-> Request 13
1426
(4, 1, 1)
3
(47, 28)
--> Day : 3
-> Request 0
142
(3, 3, 1)
1
(57, 35)
-> Request 1
495
(3, 3, 1)
3
(57, 36)
-> Request 2
627
(4, 1, 2)
1
(46, 45)
-> Request 3
743
(4, 3, 2)
2
(53, 31)
-> Request 4
811
(1, 2, 1)
3
(46, 30)
-> Request 5
906
(4, 2, 2)
2
(48, 31)
-> Request 6
1420
(1, 3, 1)
1
(60, 36)
--> Day : 4
-> Request 0
484
(2, 3, 1)
2
(54, 41)
-> Request 1
492
(4, 3, 1)
1
(47, 30)
-> Request 2
588
(2, 2, 1)
2
(45, 40)
-> Request 3
589
(4, 2, 1)
1
(58, 40)
-> Request 4
783
(4, 3, 1)
2
(59, 77)
-> Request 5
1233
(1, 3, 1)
2
(48, 39)
-> Request 6
1261
(1, 1, 1)
3
(59, 31)
-> Request 7
1267
(2, 3, 1)
2
(62, 69)
-> Request 8
1361
(3, 1, 2)
1
(58, 64)
---> Week : 142
--> Day : 0
-> Request 0
175
(2, 1, 1)
2
(45, 29)
-> Request 1
408
(4, 1, 1)
3
(61, 36)
-> Request 2
459
(1, 1, 1)
2
(44, 43)
-> Request 3
935
(2, 3, 2)
3
(47, 33)
-> Request 4
941
(1, 3, 1)
1
(12, 25)
-> Request 5
982
(3, 3, 2)
3
(62, 67)
-> Request 6
1015
(2, 3, 2)
1
(43, 37)
-> Request 7
1084
(2, 1, 1)
1
(49, 45)
-> Request 8
1155
(1, 2, 2)
3
(48, 35)
-> Request 9
1406
(4, 3, 1)
2
(45, 30)
--> Day : 1
-> Request 0
7
(4, 1, 2)
2
(64, 66)
-> Request 1
347
(2, 3, 2)
1
(52, 36)
-> Request 2
427
(3, 1, 2)
2
(62, 73)
-> Request 3
707
(3, 1, 2)
1
(58, 67)
-> Request 4
713
(2, 1, 1)
1
(14, 28)
-> Request 5
723
(1, 1, 1)
3
(43, 34)
-> Request 6
725
(3, 3, 1)
2
(58, 41)
-> Request 7
1031
(2, 2, 2)
1
(53, 77)
-> Request 8
1189
(2, 1, 1)
3
(63, 71)
-> Request 9
1290
(4, 1, 1)
1
(55, 69)
-> Request 10
1368
(3, 1, 2)
3
(58, 34)
-> Request 11
1390
(4, 1, 2)
2
(65, 64)
--> Day : 2
-> Request 0
214
(1, 1, 2)
1
(62, 38)
-> Request 1
237
(3, 3, 1)
2
(58, 66)
-> Request 2
484
(1, 2, 1)
1
(47, 44)
-> Request 3
538
(2, 1, 1)
1
(58, 45)
-> Request 4
552
(2, 2, 1)
2
(53, 36)
-> Request 5
1023
(4, 3, 1)
3
(57, 73)
-> Request 6
1081
(4, 1, 2)
1
(9, 20)
-> Request 7
1208
(2, 3, 2)
2
(50, 36)
--> Day : 3
-> Request 0
201
(2, 1, 1)
1
(59, 70)
-> Request 1
807
(1, 3, 2)
1
(47, 39)
-> Request 2
818
(4, 2, 2)
3
(61, 27)
-> Request 3
830
(1, 3, 2)
2
(54, 46)
-> Request 4
939
(2, 1, 2)
3
(46, 46)
-> Request 5
954
(4, 2, 2)
3
(63, 73)
-> Request 6
986
(3, 3, 2)
3
(62, 70)
-> Request 7
1073
(4, 2, 2)
3
(64, 67)
-> Request 8
1107
(4, 3, 2)
2
(48, 45)
-> Request 9
1417
(1, 2, 2)
1
(12, 27)
--> Day : 4
-> Request 0
94
(2, 2, 2)
1
(55, 41)
-> Request 1
298
(3, 2, 2)
2
(58, 77)
-> Request 2
573
(2, 3, 1)
1
(46, 36)
-> Request 3
785
(3, 1, 2)
2
(45, 35)
-> Request 4
805
(3, 3, 2)
3
(17, 25)
-> Request 5
908
(1, 2, 1)
2
(43, 46)
-> Request 6
1084
(1, 2, 2)
2
(52, 69)
-> Request 7
1126
(2, 1, 2)
3
(52, 44)
-> Request 8
1140
(3, 3, 2)
2
(44, 28)
-> Request 9
1417
(1, 2, 2)
1
(14, 29)
---> Week : 143
--> Day : 0
-> Request 0
60
(4, 3, 2)
1
(61, 64)
-> Request 1
82
(4, 2, 1)
2
(44, 43)
-> Request 2
439
(1, 3, 2)
3
(55, 38)
-> Request 3
870
(1, 3, 2)
1
(46, 27)
-> Request 4
956
(1, 1, 1)
1
(47, 30)
-> Request 5
1414
(4, 2, 1)
3
(52, 77)
--> Day : 1
-> Request 0
81
(4, 1, 1)
1
(45, 40)
-> Request 1
154
(1, 3, 1)
2
(46, 40)
-> Request 2
359
(4, 2, 1)
3
(53, 34)
-> Request 3
794
(3, 2, 2)
2
(58, 28)
-> Request 4
901
(1, 1, 1)
1
(58, 68)
-> Request 5
1032
(1, 1, 2)
1
(63, 72)
-> Request 6
1149
(2, 3, 1)
3
(57, 37)
-> Request 7
1242
(4, 3, 2)
1
(62, 71)
-> Request 8
1272
(2, 1, 2)
2
(60, 67)
--> Day : 2
-> Request 0
473
(1, 1, 1)
1
(56, 27)
-> Request 1
1000
(4, 2, 2)
3
(44, 40)
-> Request 2
1095
(1, 1, 1)
1
(11, 29)
-> Request 3
1191
(1, 1, 1)
3
(16, 25)
-> Request 4
1244
(4, 2, 1)
3
(51, 39)
--> Day : 3
-> Request 0
294
(1, 1, 1)
1
(47, 35)
-> Request 1
297
(2, 3, 1)
2
(46, 39)
-> Request 2
384
(3, 2, 1)
3
(15, 22)
-> Request 3
526
(1, 1, 1)
3
(60, 65)
-> Request 4
554
(1, 1, 2)
1
(49, 36)
-> Request 5
727
(1, 1, 1)
2
(55, 31)
-> Request 6
944
(2, 3, 1)
3
(61, 45)
-> Request 7
1088
(1, 1, 1)
1
(60, 35)
-> Request 8
1213
(4, 3, 2)
3
(10, 25)
--> Day : 4
-> Request 0
359
(1, 3, 2)
3
(64, 65)
-> Request 1
401
(2, 1, 2)
2
(58, 28)
-> Request 2
438
(4, 1, 2)
2
(43, 41)
-> Request 3
605
(1, 3, 1)
3
(50, 27)
-> Request 4
786
(1, 3, 2)
3
(59, 76)
-> Request 5
805
(4, 1, 1)
1
(51, 44)
---> Week : 144
--> Day : 0
-> Request 0
44
(4, 2, 1)
1
(45, 37)
-> Request 1
294
(3, 1, 1)
3
(8, 24)
-> Request 2
893
(3, 1, 1)
3
(62, 70)
-> Request 3
1049
(1, 3, 2)
2
(17, 21)
-> Request 4
1259
(3, 3, 1)
1
(8, 27)
-> Request 5
1371
(4, 2, 1)
1
(55, 75)
--> Day : 1
-> Request 0
123
(3, 3, 2)
2
(47, 37)
-> Request 1
495
(4, 3, 2)
1
(58, 75)
-> Request 2
516
(2, 1, 2)
1
(55, 45)
-> Request 3
875
(2, 2, 1)
3
(49, 44)
-> Request 4
893
(1, 2, 1)
1
(62, 43)
-> Request 5
917
(2, 2, 2)
1
(56, 72)
-> Request 6
1138
(4, 3, 2)
2
(57, 73)
-> Request 7
1146
(4, 2, 2)
3
(62, 40)
-> Request 8
1370
(3, 3, 2)
1
(56, 66)
--> Day : 2
-> Request 0
25
(2, 3, 1)
3
(58, 67)
-> Request 1
227
(2, 3, 2)
1
(59, 40)
-> Request 2
267
(3, 2, 1)
3
(59, 66)
-> Request 3
317
(1, 2, 2)
3
(60, 76)
-> Request 4
640
(1, 3, 2)
1
(11, 25)
-> Request 5
796
(2, 1, 1)
2
(60, 34)
-> Request 6
866
(4, 1, 2)
3
(64, 66)
-> Request 7
958
(2, 3, 1)
3
(45, 30)
-> Request 8
986
(3, 3, 2)
2
(46, 33)
-> Request 9
1129
(3, 2, 1)
2
(58, 27)
-> Request 10
1225
(4, 2, 2)
2
(53, 68)
-> Request 11
1333
(3, 2, 1)
3
(49, 29)
-> Request 12
1338
(4, 3, 1)
2
(17, 22)
-> Request 13
1360
(1, 2, 1)
2
(52, 74)
--> Day : 3
-> Request 0
58
(2, 3, 1)
3
(52, 29)
-> Request 1
188
(3, 3, 2)
1
(65, 73)
-> Request 2
482
(3, 1, 1)
3
(66, 75)
-> Request 3
683
(3, 2, 2)
2
(53, 74)
-> Request 4
771
(2, 1, 1)
1
(51, 30)
-> Request 5
804
(1, 2, 1)
2
(59, 33)
-> Request 6
868
(1, 3, 2)
1
(43, 29)
-> Request 7
997
(4, 3, 1)
2
(60, 65)
-> Request 8
1095
(1, 3, 2)
2
(53, 72)
-> Request 9
1157
(4, 2, 2)
1
(52, 37)
-> Request 10
1191
(3, 2, 2)
3
(66, 73)
--> Day : 4
-> Request 0
97
(3, 3, 2)
3
(55, 34)
-> Request 1
229
(4, 3, 1)
1
(43, 31)
-> Request 2
304
(1, 3, 1)
3
(16, 23)
-> Request 3
345
(4, 2, 1)
2
(52, 45)
-> Request 4
602
(3, 1, 1)
1
(45, 34)
-> Request 5
908
(1, 2, 2)
2
(46, 42)
-> Request 6
1042
(2, 1, 1)
1
(47, 29)
-> Request 7
1190
(1, 1, 1)
1
(55, 38)
-> Request 8
1312
(3, 2, 1)
2
(54, 72)
---> Week : 145
--> Day : 0
-> Request 0
50
(4, 1, 2)
2
(49, 36)
-> Request 1
161
(3, 1, 2)
2
(57, 67)
-> Request 2
573
(4, 1, 2)
2
(61, 72)
-> Request 3
587
(2, 2, 2)
1
(44, 33)
-> Request 4
592
(2, 3, 1)
1
(55, 75)
-> Request 5
709
(4, 1, 1)
1
(55, 75)
-> Request 6
758
(1, 2, 2)
3
(10, 23)
-> Request 7
816
(1, 3, 1)
2
(49, 34)
-> Request 8
994
(4, 1, 1)
1
(57, 66)
-> Request 9
1229
(1, 2, 2)
3
(61, 71)
--> Day : 1
-> Request 0
28
(3, 2, 2)
2
(13, 29)
-> Request 1
47
(1, 3, 1)
1
(60, 71)
-> Request 2
80
(1, 2, 1)
1
(59, 67)
-> Request 3
214
(3, 1, 2)
2
(11, 22)
-> Request 4
258
(1, 1, 2)
2
(60, 67)
-> Request 5
518
(2, 2, 1)
2
(62, 77)
-> Request 6
569
(1, 2, 2)
1
(62, 35)
-> Request 7
672
(4, 2, 2)
3
(44, 33)
-> Request 8
878
(1, 3, 2)
3
(43, 29)
-> Request 9
981
(1, 1, 1)
3
(52, 64)
-> Request 10
1119
(4, 1, 2)
1
(63, 72)
-> Request 11
1154
(4, 1, 2)
1
(55, 30)
-> Request 12
1170
(2, 1, 1)
1
(52, 74)
-> Request 13
1300
(4, 1, 2)
2
(60, 27)
-> Request 14
1413
(3, 1, 2)
2
(56, 38)
--> Day : 2
-> Request 0
128
(4, 2, 2)
3
(58, 71)
-> Request 1
165
(1, 3, 1)
1
(16, 26)
-> Request 2
277
(1, 3, 1)
3
(62, 70)
-> Request 3
389
(2, 1, 1)
2
(10, 22)
-> Request 4
422
(4, 2, 2)
2
(57, 68)
-> Request 5
527
(4, 3, 2)
2
(65, 65)
-> Request 6
611
(1, 2, 2)
1
(57, 44)
-> Request 7
847
(2, 3, 2)
1
(61, 65)
-> Request 8
1036
(2, 2, 1)
3
(48, 31)
-> Request 9
1121
(2, 3, 2)
3
(61, 65)
-> Request 10
1333
(3, 2, 2)
2
(57, 28)
--> Day : 3
-> Request 0
152
(1, 3, 1)
3
(50, 33)
-> Request 1
378
(3, 3, 1)
2
(57, 39)
-> Request 2
384
(1, 3, 1)
1
(43, 33)
-> Request 3
441
(2, 1, 1)
1
(50, 35)
-> Request 4
443
(3, 3, 1)
2
(58, 40)
-> Request 5
549
(2, 2, 1)
1
(54, 71)
-> Request 6
617
(4, 2, 2)
1
(45, 39)
-> Request 7
862
(2, 1, 1)
1
(14, 24)
-> Request 8
1311
(2, 2, 1)
2
(52, 77)
--> Day : 4
-> Request 0
32
(4, 2, 2)
2
(48, 38)
-> Request 1
65
(1, 1, 1)
1
(54, 45)
-> Request 2
111
(1, 1, 2)
1
(63, 65)
-> Request 3
179
(1, 1, 1)
3
(60, 77)
-> Request 4
271
(1, 1, 1)
1
(43, 41)
-> Request 5
395
(2, 2, 1)
1
(45, 43)
-> Request 6
400
(3, 2, 1)
2
(14, 25)
-> Request 7
428
(4, 3, 1)
2
(12, 27)
-> Request 8
466
(3, 1, 1)
3
(56, 38)
-> Request 9
759
(4, 1, 2)
2
(46, 35)
-> Request 10
857
(4, 3, 1)
2
(56, 29)
-> Request 11
1045
(3, 1, 2)
1
(62, 77)
-> Request 12
1292
(3, 1, 1)
3
(55, 33)
---> Week : 146
--> Day : 0
-> Request 0
262
(2, 2, 1)
1
(48, 31)
-> Request 1
287
(2, 2, 2)
3
(57, 72)
-> Request 2
816
(1, 1, 1)
3
(59, 68)
-> Request 3
848
(1, 1, 2)
3
(59, 69)
-> Request 4
864
(4, 1, 1)
3
(52, 73)
-> Request 5
1032
(3, 1, 2)
1
(10, 22)
-> Request 6
1044
(2, 3, 2)
3
(58, 36)
-> Request 7
1198
(2, 1, 2)
1
(10, 28)
-> Request 8
1378
(2, 1, 2)
3
(17, 28)
-> Request 9
1390
(3, 1, 2)
3
(46, 33)
--> Day : 1
-> Request 0
116
(2, 1, 1)
1
(64, 67)
-> Request 1
546
(3, 1, 2)
1
(59, 69)
-> Request 2
587
(2, 2, 1)
3
(44, 27)
-> Request 3
934
(4, 2, 2)
1
(54, 71)
-> Request 4
980
(3, 3, 2)
1
(55, 34)
-> Request 5
1358
(2, 2, 1)
3
(53, 36)
--> Day : 2
-> Request 0
5
(3, 1, 1)
2
(49, 35)
-> Request 1
45
(2, 2, 2)
3
(16, 22)
-> Request 2
123
(2, 3, 1)
1
(56, 45)
-> Request 3
181
(2, 3, 2)
3
(63, 73)
-> Request 4
290
(1, 3, 2)
3
(44, 41)
-> Request 5
429
(1, 3, 2)
2
(44, 46)
-> Request 6
441
(2, 2, 1)
2
(60, 73)
-> Request 7
524
(3, 3, 1)
1
(59, 43)
-> Request 8
589
(4, 1, 2)
1
(62, 37)
-> Request 9
619
(2, 2, 2)
3
(56, 41)
-> Request 10
729
(1, 1, 2)
3
(55, 27)
-> Request 11
888
(2, 1, 1)
3
(12, 22)
-> Request 12
1027
(4, 1, 2)
2
(60, 42)
-> Request 13
1115
(1, 2, 2)
2
(43, 29)
-> Request 14
1121
(1, 1, 1)
2
(14, 28)
--> Day : 3
-> Request 0
53
(1, 2, 1)
2
(46, 32)
-> Request 1
206
(4, 2, 1)
3
(15, 23)
-> Request 2
378
(4, 2, 2)
3
(44, 35)
-> Request 3
381
(3, 3, 2)
3
(43, 30)
-> Request 4
737
(4, 2, 2)
3
(51, 35)
-> Request 5
776
(1, 3, 2)
2
(48, 27)
-> Request 6
995
(1, 3, 2)
3
(48, 35)
-> Request 7
1057
(1, 1, 2)
3
(58, 41)
-> Request 8
1223
(2, 3, 2)
3
(53, 33)
--> Day : 4
-> Request 0
164
(3, 2, 2)
2
(51, 37)
-> Request 1
766
(2, 2, 2)
2
(45, 33)
-> Request 2
981
(2, 1, 2)
1
(60, 30)
-> Request 3
1067
(2, 3, 2)
1
(58, 27)
-> Request 4
1229
(2, 3, 1)
3
(43, 29)
-> Request 5
1312
(2, 1, 1)
3
(50, 27)
---> Week : 147
--> Day : 0
-> Request 0
73
(1, 3, 1)
2
(52, 76)
-> Request 1
251
(4, 2, 1)
2
(65, 76)
-> Request 2
324
(3, 1, 2)
2
(13, 24)
-> Request 3
339
(1, 3, 1)
2
(56, 68)
-> Request 4
985
(4, 2, 2)
1
(58, 72)
--> Day : 1
-> Request 0
198
(2, 2, 1)
2
(61, 70)
-> Request 1
211
(4, 2, 1)
1
(64, 70)
-> Request 2
368
(3, 1, 1)
2
(15, 27)
-> Request 3
766
(1, 2, 2)
1
(49, 44)
-> Request 4
899
(3, 2, 1)
1
(17, 24)
-> Request 5
1050
(3, 3, 1)
2
(52, 28)
-> Request 6
1187
(3, 3, 1)
3
(58, 44)
-> Request 7
1336
(4, 2, 1)
1
(60, 35)
-> Request 8
1418
(3, 3, 2)
2
(50, 27)
--> Day : 2
-> Request 0
51
(1, 3, 1)
3
(64, 71)
-> Request 1
452
(4, 1, 1)
3
(62, 35)
-> Request 2
621
(2, 2, 1)
1
(44, 41)
-> Request 3
675
(4, 1, 2)
2
(61, 74)
-> Request 4
792
(3, 2, 2)
2
(49, 27)
-> Request 5
1165
(3, 2, 2)
1
(57, 76)
-> Request 6
1292
(1, 2, 1)
3
(58, 65)
--> Day : 3
-> Request 0
186
(3, 2, 2)
2
(53, 28)
-> Request 1
368
(4, 1, 1)
2
(9, 20)
-> Request 2
1330
(4, 1, 1)
3
(60, 66)
-> Request 3
1346
(3, 1, 1)
2
(53, 46)
-> Request 4
1417
(3, 3, 1)
2
(60, 38)
--> Day : 4
-> Request 0
443
(2, 3, 2)
3
(53, 72)
-> Request 1
632
(3, 3, 1)
2
(58, 41)
-> Request 2
707
(3, 1, 1)
3
(61, 38)
-> Request 3
998
(2, 2, 1)
2
(44, 46)
-> Request 4
1090
(3, 1, 1)
3
(57, 65)
---> Week : 148
--> Day : 0
-> Request 0
128
(2, 3, 2)
1
(54, 68)
-> Request 1
162
(1, 3, 2)
3
(64, 66)
-> Request 2
162
(3, 3, 1)
1
(45, 40)
-> Request 3
364
(2, 3, 2)
2
(65, 65)
-> Request 4
378
(1, 3, 1)
3
(54, 65)
-> Request 5
610
(2, 3, 2)
1
(50, 27)
-> Request 6
921
(2, 1, 2)
2
(49, 43)
-> Request 7
947
(3, 2, 1)
2
(63, 74)
-> Request 8
1109
(2, 3, 2)
1
(59, 64)
-> Request 9
1176
(2, 3, 1)
3
(60, 31)
-> Request 10
1195
(4, 3, 2)
3
(60, 70)
-> Request 11
1208
(4, 3, 1)
2
(44, 32)
-> Request 12
1332
(3, 3, 2)
1
(14, 23)
--> Day : 1
-> Request 0
65
(2, 1, 1)
3
(12, 25)
-> Request 1
227
(4, 1, 1)
3
(53, 75)
-> Request 2
356
(1, 1, 2)
1
(10, 22)
-> Request 3
638
(1, 1, 1)
1
(54, 38)
-> Request 4
828
(2, 3, 1)
3
(54, 35)
-> Request 5
1008
(2, 2, 1)
2
(50, 44)
-> Request 6
1033
(2, 1, 2)
2
(54, 42)
-> Request 7
1161
(2, 3, 2)
2
(55, 44)
-> Request 8
1232
(3, 2, 1)
3
(62, 38)
-> Request 9
1261
(2, 3, 2)
2
(62, 46)
-> Request 10
1362
(2, 2, 1)
3
(59, 46)
--> Day : 2
-> Request 0
74
(4, 3, 2)
3
(58, 35)
-> Request 1
113
(1, 1, 2)
2
(51, 42)
-> Request 2
234
(4, 3, 2)
1
(53, 45)
-> Request 3
255
(4, 1, 1)
1
(66, 74)
-> Request 4
309
(3, 1, 2)
3
(15, 24)
-> Request 5
915
(1, 3, 2)
2
(64, 64)
-> Request 6
983
(2, 1, 2)
3
(44, 46)
-> Request 7
1139
(4, 3, 1)
3
(55, 69)
-> Request 8
1253
(4, 3, 2)
2
(60, 75)
--> Day : 3
-> Request 0
295
(3, 2, 1)
2
(49, 40)
-> Request 1
456
(4, 2, 2)
2
(52, 76)
-> Request 2
758
(2, 2, 2)
1
(43, 45)
-> Request 3
997
(4, 2, 2)
1
(13, 26)
--> Day : 4
-> Request 0
99
(1, 1, 1)
1
(59, 75)
-> Request 1
110
(2, 3, 2)
1
(61, 30)
-> Request 2
196
(2, 1, 2)
3
(53, 27)
-> Request 3
412
(1, 3, 2)
3
(8, 27)
-> Request 4
560
(2, 3, 2)
3
(8, 25)
-> Request 5
732
(2, 1, 2)
1
(62, 37)
-> Request 6
815
(2, 3, 2)
3
(61, 46)
-> Request 7
873
(1, 2, 1)
1
(62, 70)
-> Request 8
993
(4, 3, 1)
2
(17, 20)
-> Request 9
1188
(2, 2, 1)
3
(43, 40)
-> Request 10
1425
(4, 2, 1)
2
(45, 43)
---> Week : 149
--> Day : 0
-> Request 0
54
(2, 2, 1)
1
(58, 33)
-> Request 1
142
(1, 1, 2)
1
(54, 29)
-> Request 2
158
(4, 1, 1)
1
(56, 77)
-> Request 3
295
(3, 3, 1)
2
(43, 46)
-> Request 4
585
(4, 2, 2)
1
(47, 42)
-> Request 5
611
(2, 1, 2)
1
(60, 37)
-> Request 6
697
(3, 2, 2)
1
(52, 76)
-> Request 7
1207
(1, 2, 1)
2
(11, 20)
--> Day : 1
-> Request 0
248
(4, 3, 1)
1
(48, 32)
-> Request 1
438
(2, 2, 2)
3
(43, 41)
-> Request 2
784
(2, 2, 2)
3
(51, 42)
-> Request 3
915
(2, 3, 2)
2
(64, 64)
-> Request 4
916
(2, 2, 1)
3
(62, 78)
-> Request 5
1161
(3, 1, 1)
3
(47, 44)
-> Request 6
1189
(3, 1, 2)
1
(60, 37)
-> Request 7
1291
(3, 3, 2)
2
(59, 30)
-> Request 8
1326
(3, 3, 1)
1
(43, 34)
-> Request 9
1351
(4, 1, 2)
1
(52, 70)
--> Day : 2
-> Request 0
266
(3, 2, 1)
2
(57, 76)
-> Request 1
464
(2, 3, 1)
2
(61, 46)
-> Request 2
635
(3, 2, 1)
1
(49, 29)
-> Request 3
783
(2, 2, 1)
1
(48, 43)
-> Request 4
1176
(3, 1, 1)
3
(62, 29)
-> Request 5
1305
(3, 2, 1)
3
(66, 73)
-> Request 6
1328
(2, 2, 1)
2
(54, 41)
-> Request 7
1391
(2, 1, 1)
1
(58, 43)
--> Day : 3
-> Request 0
111
(1, 2, 2)
2
(47, 36)
-> Request 1
264
(3, 2, 2)
3
(55, 29)
-> Request 2
399
(1, 2, 2)
3
(60, 73)
-> Request 3
413
(1, 1, 2)
2
(54, 33)
-> Request 4
890
(1, 1, 2)
2
(56, 27)
-> Request 5
984
(2, 2, 2)
2
(15, 24)
-> Request 6
1080
(1, 2, 2)
2
(59, 70)
-> Request 7
1259
(4, 3, 1)
1
(44, 31)
-> Request 8
1275
(4, 3, 1)
2
(49, 40)
-> Request 9
1315
(3, 2, 2)
1
(56, 36)
-> Request 10
1369
(1, 2, 2)
2
(59, 68)
-> Request 11
1394
(2, 3, 1)
2
(59, 41)
-> Request 12
1406
(4, 2, 1)
3
(47, 41)
--> Day : 4
-> Request 0
614
(1, 3, 1)
2
(58, 73)
-> Request 1
796
(2, 3, 1)
2
(49, 36)
-> Request 2
979
(1, 3, 1)
3
(58, 34)
-> Request 3
1053
(4, 3, 1)
2
(11, 29)
-> Request 4
1073
(3, 2, 2)
1
(62, 72)
-> Request 5
1272
(1, 1, 1)
2
(60, 72)
-> Request 6
1282
(3, 3, 1)
3
(63, 75)
