---> Week : 0
--> Day : 0
-> Request 0
520
(4, 3, 1)
3
(73, 36)
-> Request 1
793
(4, 2, 1)
3
(33, 1)
-> Request 2
802
(4, 1, 1)
3
(50, 33)
-> Request 3
1249
(4, 2, 1)
1
(33, 72)
--> Day : 1
-> Request 0
26
(4, 1, 1)
1
(7, 11)
-> Request 1
349
(4, 2, 1)
3
(72, 18)
-> Request 2
435
(4, 2, 1)
3
(7, 62)
-> Request 3
1319
(4, 1, 1)
3
(4, 2)
--> Day : 2
-> Request 0
93
(4, 1, 1)
3
(12, 64)
-> Request 1
374
(4, 2, 1)
3
(8, 56)
-> Request 2
873
(4, 3, 1)
2
(57, 46)
--> Day : 3
-> Request 0
58
(4, 1, 1)
1
(48, 23)
-> Request 1
90
(4, 3, 1)
2
(41, 34)
-> Request 2
291
(4, 3, 1)
2
(31, 32)
-> Request 3
494
(4, 3, 1)
1
(62, 75)
-> Request 4
633
(4, 1, 1)
3
(48, 9)
-> Request 5
874
(4, 3, 1)
2
(61, 22)
--> Day : 4
-> Request 0
264
(4, 1, 1)
3
(77, 25)
---> Week : 1
--> Day : 0
-> Request 0
1103
(4, 2, 1)
1
(40, 4)
-> Request 1
1282
(4, 2, 1)
2
(32, 32)
--> Day : 1
-> Request 0
184
(4, 2, 1)
2
(50, 25)
-> Request 1
192
(4, 3, 1)
2
(59, 8)
-> Request 2
276
(4, 2, 1)
3
(28, 34)
-> Request 3
648
(4, 1, 1)
1
(52, 73)
-> Request 4
765
(4, 1, 1)
2
(65, 65)
-> Request 5
1136
(4, 1, 1)
3
(38, 38)
--> Day : 2
-> Request 0
324
(4, 1, 1)
3
(32, 5)
-> Request 1
1050
(4, 1, 1)
1
(2, 50)
--> Day : 3
-> Request 0
690
(4, 3, 1)
2
(75, 65)
-> Request 1
792
(4, 3, 1)
3
(13, 22)
-> Request 2
1111
(4, 3, 1)
3
(30, 27)
-> Request 3
1138
(4, 1, 1)
2
(29, 75)
--> Day : 4
-> Request 0
726
(4, 2, 1)
3
(50, 32)
-> Request 1
748
(4, 3, 1)
2
(9, 24)
-> Request 2
1236
(4, 3, 1)
3
(3, 18)
---> Week : 2
--> Day : 0
-> Request 0
344
(4, 2, 1)
1
(38, 37)
-> Request 1
1153
(4, 3, 1)
2
(32, 2)
-> Request 2
1257
(4, 3, 1)
1
(4, 68)
--> Day : 1
-> Request 0
537
(4, 1, 1)
2
(67, 50)
-> Request 1
544
(4, 1, 1)
2
(21, 24)
-> Request 2
553
(4, 1, 1)
2
(60, 29)
-> Request 3
596
(4, 2, 1)
3
(62, 34)
-> Request 4
777
(4, 2, 1)
3
(73, 31)
-> Request 5
932
(4, 2, 1)
1
(34, 36)
-> Request 6
1062
(4, 2, 1)
2
(54, 14)
--> Day : 2
-> Request 0
642
(4, 2, 1)
3
(33, 43)
-> Request 1
668
(4, 3, 1)
1
(62, 70)
-> Request 2
817
(4, 3, 1)
1
(50, 17)
--> Day : 3
-> Request 0
172
(4, 2, 1)
2
(65, 36)
-> Request 1
336
(4, 2, 1)
3
(76, 19)
-> Request 2
352
(4, 3, 1)
1
(25, 77)
-> Request 3
832
(4, 2, 1)
1
(6, 50)
-> Request 4
1108
(4, 1, 1)
2
(17, 56)
--> Day : 4
-> Request 0
269
(4, 3, 1)
2
(6, 72)
-> Request 1
418
(4, 1, 1)
1
(69, 30)
-> Request 2
492
(4, 2, 1)
3
(11, 50)
-> Request 3
877
(4, 3, 1)
1
(38, 16)
-> Request 4
982
(4, 1, 1)
3
(74, 34)
---> Week : 3
--> Day : 0
-> Request 0
699
(4, 1, 1)
1
(1, 15)
-> Request 1
1033
(4, 3, 1)
2
(66, 25)
-> Request 2
1137
(4, 3, 1)
2
(37, 65)
-> Request 3
1211
(4, 3, 1)
2
(72, 31)
--> Day : 1
-> Request 0
832
(4, 3, 1)
1
(28, 15)
-> Request 1
1313
(4, 2, 1)
2
(66, 1)
--> Day : 2
-> Request 0
1163
(4, 1, 1)
1
(34, 23)
-> Request 1
1186
(4, 1, 1)
3
(69, 60)
-> Request 2
1431
(4, 1, 1)
1
(22, 37)
--> Day : 3
-> Request 0
149
(4, 1, 1)
2
(22, 57)
-> Request 1
321
(4, 3, 1)
2
(34, 53)
-> Request 2
681
(4, 3, 1)
1
(21, 77)
-> Request 3
967
(4, 3, 1)
1
(48, 49)
--> Day : 4
-> Request 0
160
(4, 2, 1)
1
(13, 68)
-> Request 1
646
(4, 1, 1)
3
(71, 10)
-> Request 2
740
(4, 2, 1)
1
(77, 20)
-> Request 3
1309
(4, 1, 1)
1
(13, 2)
-> Request 4
1362
(4, 2, 1)
2
(77, 3)
---> Week : 4
--> Day : 0
-> Request 0
70
(4, 2, 1)
1
(39, 54)
-> Request 1
677
(4, 2, 1)
1
(32, 3)
-> Request 2
811
(4, 3, 1)
1
(18, 53)
-> Request 3
1117
(4, 3, 1)
3
(38, 49)
-> Request 4
1282
(4, 3, 1)
1
(37, 64)
--> Day : 1
-> Request 0
21
(4, 3, 1)
2
(49, 28)
-> Request 1
379
(4, 2, 1)
1
(47, 18)
--> Day : 2
-> Request 0
675
(4, 2, 1)
1
(66, 40)
-> Request 1
1239
(4, 2, 1)
1
(62, 13)
--> Day : 3
-> Request 0
55
(4, 1, 1)
3
(22, 15)
-> Request 1
739
(4, 1, 1)
3
(6, 49)
-> Request 2
930
(4, 3, 1)
2
(54, 7)
-> Request 3
932
(4, 1, 1)
2
(41, 46)
-> Request 4
979
(4, 3, 1)
3
(52, 24)
-> Request 5
1370
(4, 3, 1)
3
(62, 50)
--> Day : 4
-> Request 0
129
(4, 1, 1)
3
(21, 36)
-> Request 1
279
(4, 1, 1)
3
(8, 61)
-> Request 2
753
(4, 1, 1)
3
(72, 79)
-> Request 3
984
(4, 2, 1)
2
(64, 72)
-> Request 4
1116
(4, 1, 1)
3
(16, 75)
---> Week : 5
--> Day : 0
-> Request 0
15
(4, 2, 1)
2
(30, 11)
-> Request 1
120
(4, 1, 1)
2
(43, 50)
-> Request 2
167
(4, 2, 1)
3
(28, 10)
-> Request 3
353
(4, 1, 1)
2
(62, 23)
-> Request 4
552
(4, 3, 1)
3
(60, 73)
-> Request 5
1246
(4, 2, 1)
2
(56, 37)
-> Request 6
1406
(4, 2, 1)
1
(50, 40)
--> Day : 1
-> Request 0
791
(4, 3, 1)
2
(50, 16)
-> Request 1
1427
(4, 1, 1)
3
(59, 3)
--> Day : 2
-> Request 0
858
(4, 3, 1)
3
(32, 64)
--> Day : 3
-> Request 0
82
(4, 1, 1)
3
(66, 60)
-> Request 1
841
(4, 1, 1)
1
(22, 70)
-> Request 2
845
(4, 1, 1)
3
(1, 61)
-> Request 3
1237
(4, 1, 1)
2
(12, 33)
--> Day : 4
-> Request 0
211
(4, 2, 1)
2
(42, 26)
-> Request 1
1337
(4, 3, 1)
1
(60, 5)
-> Request 2
1397
(4, 1, 1)
2
(59, 46)
---> Week : 6
--> Day : 0
-> Request 0
23
(4, 1, 1)
2
(3, 45)
-> Request 1
78
(4, 2, 1)
2
(62, 60)
-> Request 2
163
(4, 1, 1)
3
(6, 37)
-> Request 3
288
(4, 3, 1)
1
(39, 66)
-> Request 4
317
(4, 2, 1)
1
(6, 58)
-> Request 5
355
(4, 2, 1)
1
(15, 77)
-> Request 6
445
(4, 2, 1)
1
(11, 58)
-> Request 7
462
(4, 2, 1)
3
(46, 13)
-> Request 8
631
(4, 1, 1)
3
(24, 27)
-> Request 9
789
(4, 3, 1)
2
(9, 47)
-> Request 10
851
(4, 2, 1)
2
(36, 48)
-> Request 11
976
(4, 1, 1)
3
(0, 55)
--> Day : 1
-> Request 0
7
(4, 1, 1)
3
(38, 3)
-> Request 1
430
(4, 2, 1)
3
(72, 15)
-> Request 2
448
(4, 3, 1)
3
(70, 46)
-> Request 3
632
(4, 2, 1)
1
(54, 76)
-> Request 4
830
(4, 3, 1)
2
(32, 65)
-> Request 5
858
(4, 1, 1)
1
(52, 40)
-> Request 6
1028
(4, 1, 1)
2
(58, 75)
--> Day : 2
-> Request 0
825
(4, 2, 1)
3
(2, 65)
-> Request 1
1149
(4, 2, 1)
2
(5, 48)
-> Request 2
1350
(4, 1, 1)
1
(21, 53)
--> Day : 3
-> Request 0
217
(4, 3, 1)
1
(18, 10)
-> Request 1
671
(4, 3, 1)
1
(5, 28)
-> Request 2
1208
(4, 1, 1)
1
(16, 32)
--> Day : 4
-> Request 0
198
(4, 1, 1)
2
(4, 2)
-> Request 1
200
(4, 1, 1)
2
(20, 48)
-> Request 2
272
(4, 2, 1)
1
(63, 21)
-> Request 3
448
(4, 2, 1)
1
(65, 76)
-> Request 4
718
(4, 2, 1)
1
(3, 62)
-> Request 5
838
(4, 2, 1)
3
(20, 74)
---> Week : 7
--> Day : 0
-> Request 0
106
(4, 1, 1)
1
(66, 9)
-> Request 1
384
(4, 3, 1)
2
(50, 24)
-> Request 2
489
(4, 2, 1)
3
(65, 13)
-> Request 3
979
(4, 3, 1)
1
(51, 52)
-> Request 4
1116
(4, 3, 1)
1
(30, 24)
-> Request 5
1258
(4, 2, 1)
3
(30, 30)
-> Request 6
1327
(4, 2, 1)
1
(12, 11)
--> Day : 1
-> Request 0
216
(4, 1, 1)
2
(60, 78)
-> Request 1
1034
(4, 2, 1)
3
(50, 20)
--> Day : 2
-> Request 0
406
(4, 3, 1)
2
(63, 59)
-> Request 1
559
(4, 2, 1)
3
(56, 69)
-> Request 2
716
(4, 3, 1)
1
(23, 59)
-> Request 3
873
(4, 2, 1)
1
(16, 39)
-> Request 4
934
(4, 3, 1)
3
(5, 1)
-> Request 5
1264
(4, 3, 1)
3
(67, 34)
-> Request 6
1385
(4, 2, 1)
1
(47, 6)
-> Request 7
1406
(4, 3, 1)
1
(36, 33)
--> Day : 3
-> Request 0
393
(4, 2, 1)
3
(32, 50)
-> Request 1
607
(4, 2, 1)
3
(79, 7)
-> Request 2
799
(4, 2, 1)
3
(53, 9)
-> Request 3
1281
(4, 1, 1)
2
(21, 36)
--> Day : 4
-> Request 0
686
(4, 1, 1)
1
(0, 59)
-> Request 1
931
(4, 2, 1)
2
(3, 61)
-> Request 2
1043
(4, 2, 1)
2
(43, 8)
-> Request 3
1268
(4, 2, 1)
3
(27, 5)
---> Week : 8
--> Day : 0
-> Request 0
54
(4, 2, 1)
3
(67, 11)
-> Request 1
434
(4, 1, 1)
2
(9, 21)
-> Request 2
1310
(4, 3, 1)
1
(0, 40)
--> Day : 1
-> Request 0
396
(4, 3, 1)
3
(0, 50)
-> Request 1
923
(4, 1, 1)
2
(3, 59)
-> Request 2
1380
(4, 2, 1)
3
(42, 50)
--> Day : 2
-> Request 0
175
(4, 3, 1)
1
(30, 28)
-> Request 1
1055
(4, 3, 1)
2
(57, 0)
-> Request 2
1175
(4, 2, 1)
3
(79, 70)
--> Day : 3
-> Request 0
127
(4, 3, 1)
2
(75, 20)
-> Request 1
226
(4, 3, 1)
2
(46, 69)
-> Request 2
230
(4, 2, 1)
1
(60, 35)
-> Request 3
294
(4, 2, 1)
1
(7, 10)
-> Request 4
830
(4, 3, 1)
3
(0, 54)
-> Request 5
1216
(4, 1, 1)
2
(20, 29)
--> Day : 4
-> Request 0
65
(4, 2, 1)
1
(44, 56)
-> Request 1
185
(4, 3, 1)
2
(72, 21)
-> Request 2
718
(4, 3, 1)
2
(53, 63)
-> Request 3
851
(4, 2, 1)
2
(54, 37)
-> Request 4
924
(4, 3, 1)
2
(64, 8)
-> Request 5
1131
(4, 1, 1)
3
(61, 54)
---> Week : 9
--> Day : 0
-> Request 0
242
(4, 3, 1)
1
(56, 47)
--> Day : 1
-> Request 0
167
(4, 3, 1)
1
(73, 20)
--> Day : 2
-> Request 0
137
(4, 1, 1)
1
(64, 26)
-> Request 1
896
(4, 3, 1)
1
(73, 37)
-> Request 2
1223
(4, 1, 1)
3
(18, 25)
--> Day : 3
-> Request 0
61
(4, 2, 1)
2
(9, 73)
--> Day : 4
-> Request 0
39
(4, 3, 1)
3
(66, 60)
-> Request 1
932
(4, 1, 1)
1
(11, 59)
-> Request 2
1139
(4, 1, 1)
3
(13, 19)
-> Request 3
1172
(4, 3, 1)
3
(14, 25)
---> Week : 10
--> Day : 0
--> Day : 1
-> Request 0
160
(4, 3, 1)
1
(62, 10)
-> Request 1
447
(4, 2, 1)
2
(34, 35)
-> Request 2
1039
(4, 3, 1)
3
(67, 75)
-> Request 3
1279
(4, 3, 1)
1
(57, 42)
--> Day : 2
-> Request 0
634
(4, 2, 1)
3
(56, 65)
-> Request 1
932
(4, 2, 1)
3
(34, 35)
-> Request 2
1159
(4, 1, 1)
2
(41, 46)
--> Day : 3
-> Request 0
745
(4, 3, 1)
2
(70, 53)
--> Day : 4
-> Request 0
42
(4, 1, 1)
2
(65, 41)
-> Request 1
384
(4, 1, 1)
3
(54, 11)
-> Request 2
614
(4, 1, 1)
1
(17, 43)
-> Request 3
682
(4, 1, 1)
2
(15, 3)
-> Request 4
697
(4, 3, 1)
3
(65, 0)
-> Request 5
803
(4, 1, 1)
2
(44, 21)
---> Week : 11
--> Day : 0
-> Request 0
1191
(4, 3, 1)
2
(43, 2)
-> Request 1
1298
(4, 2, 1)
3
(21, 58)
-> Request 2
1326
(4, 3, 1)
3
(51, 72)
-> Request 3
1383
(4, 1, 1)
1
(12, 64)
--> Day : 1
-> Request 0
489
(4, 3, 1)
1
(50, 1)
-> Request 1
1096
(4, 3, 1)
3
(22, 64)
--> Day : 2
-> Request 0
359
(4, 2, 1)
3
(2, 59)
-> Request 1
501
(4, 3, 1)
1
(62, 55)
-> Request 2
903
(4, 1, 1)
2
(33, 41)
-> Request 3
956
(4, 3, 1)
2
(35, 74)
-> Request 4
1140
(4, 2, 1)
1
(70, 52)
-> Request 5
1149
(4, 2, 1)
1
(67, 75)
-> Request 6
1197
(4, 3, 1)
1
(55, 1)
-> Request 7
1234
(4, 3, 1)
3
(14, 36)
--> Day : 3
-> Request 0
34
(4, 2, 1)
1
(10, 26)
-> Request 1
311
(4, 2, 1)
1
(43, 5)
-> Request 2
379
(4, 2, 1)
1
(18, 14)
-> Request 3
499
(4, 1, 1)
2
(22, 33)
--> Day : 4
-> Request 0
131
(4, 1, 1)
3
(22, 3)
-> Request 1
184
(4, 1, 1)
2
(4, 0)
-> Request 2
786
(4, 3, 1)
2
(38, 11)
---> Week : 12
--> Day : 0
-> Request 0
312
(4, 3, 1)
2
(0, 73)
-> Request 1
617
(4, 3, 1)
2
(35, 42)
-> Request 2
1189
(4, 2, 1)
3
(72, 41)
--> Day : 1
-> Request 0
1335
(4, 1, 1)
1
(63, 71)
--> Day : 2
-> Request 0
111
(4, 1, 1)
3
(36, 62)
--> Day : 3
-> Request 0
138
(4, 1, 1)
3
(71, 47)
-> Request 1
566
(4, 2, 1)
1
(31, 55)
-> Request 2
854
(4, 1, 1)
3
(36, 13)
-> Request 3
1022
(4, 3, 1)
3
(31, 60)
-> Request 4
1027
(4, 2, 1)
1
(57, 65)
--> Day : 4
-> Request 0
70
(4, 2, 1)
1
(18, 58)
-> Request 1
271
(4, 2, 1)
1
(26, 59)
-> Request 2
279
(4, 1, 1)
3
(63, 24)
-> Request 3
423
(4, 3, 1)
2
(65, 21)
-> Request 4
825
(4, 3, 1)
2
(21, 64)
-> Request 5
998
(4, 2, 1)
3
(61, 61)
---> Week : 13
--> Day : 0
-> Request 0
288
(4, 3, 1)
3
(6, 20)
--> Day : 1
-> Request 0
80
(4, 1, 1)
1
(57, 9)
-> Request 1
221
(4, 2, 1)
2
(24, 22)
-> Request 2
349
(4, 2, 1)
1
(30, 18)
-> Request 3
564
(4, 1, 1)
3
(61, 60)
-> Request 4
970
(4, 2, 1)
3
(66, 10)
-> Request 5
1253
(4, 3, 1)
3
(34, 7)
-> Request 6
1409
(4, 2, 1)
2
(30, 5)
--> Day : 2
-> Request 0
291
(4, 2, 1)
3
(37, 5)
-> Request 1
405
(4, 1, 1)
3
(20, 54)
-> Request 2
677
(4, 2, 1)
3
(29, 69)
-> Request 3
741
(4, 3, 1)
2
(8, 61)
-> Request 4
1312
(4, 1, 1)
3
(6, 20)
--> Day : 3
-> Request 0
3
(4, 1, 1)
3
(28, 24)
-> Request 1
139
(4, 2, 1)
1
(32, 4)
-> Request 2
187
(4, 2, 1)
1
(78, 30)
-> Request 3
701
(4, 2, 1)
1
(4, 52)
-> Request 4
1188
(4, 1, 1)
3
(7, 57)
--> Day : 4
-> Request 0
145
(4, 1, 1)
2
(13, 65)
-> Request 1
222
(4, 2, 1)
1
(72, 67)
-> Request 2
555
(4, 3, 1)
2
(18, 29)
-> Request 3
771
(4, 1, 1)
3
(54, 48)
-> Request 4
1016
(4, 3, 1)
1
(10, 64)
-> Request 5
1165
(4, 3, 1)
3
(65, 44)
---> Week : 14
--> Day : 0
-> Request 0
207
(4, 2, 1)
2
(14, 63)
-> Request 1
1372
(4, 2, 1)
1
(32, 64)
--> Day : 1
-> Request 0
686
(4, 2, 1)
1
(52, 78)
-> Request 1
1422
(4, 3, 1)
1
(36, 26)
--> Day : 2
-> Request 0
1259
(4, 2, 1)
2
(77, 13)
-> Request 1
1323
(4, 1, 1)
3
(37, 70)
-> Request 2
1375
(4, 1, 1)
2
(50, 14)
--> Day : 3
-> Request 0
132
(4, 2, 1)
1
(21, 68)
-> Request 1
445
(4, 2, 1)
2
(52, 54)
-> Request 2
810
(4, 2, 1)
1
(38, 0)
-> Request 3
1020
(4, 1, 1)
2
(11, 59)
-> Request 4
1087
(4, 2, 1)
1
(3, 63)
--> Day : 4
-> Request 0
282
(4, 2, 1)
2
(33, 42)
-> Request 1
899
(4, 2, 1)
1
(74, 61)
-> Request 2
1225
(4, 3, 1)
2
(73, 26)
---> Week : 15
--> Day : 0
-> Request 0
321
(4, 1, 1)
1
(35, 63)
-> Request 1
479
(4, 1, 1)
3
(63, 0)
-> Request 2
780
(4, 2, 1)
1
(29, 52)
-> Request 3
856
(4, 1, 1)
2
(47, 7)
-> Request 4
917
(4, 3, 1)
1
(32, 2)
-> Request 5
1029
(4, 3, 1)
2
(46, 44)
-> Request 6
1326
(4, 3, 1)
3
(24, 79)
--> Day : 1
-> Request 0
90
(4, 2, 1)
1
(22, 20)
-> Request 1
793
(4, 2, 1)
1
(42, 30)
-> Request 2
1149
(4, 1, 1)
1
(79, 67)
-> Request 3
1363
(4, 1, 1)
1
(39, 20)
-> Request 4
1389
(4, 1, 1)
1
(60, 1)
--> Day : 2
-> Request 0
287
(4, 3, 1)
3
(26, 29)
-> Request 1
430
(4, 3, 1)
2
(30, 76)
-> Request 2
521
(4, 3, 1)
2
(54, 15)
-> Request 3
728
(4, 2, 1)
2
(66, 3)
-> Request 4
1383
(4, 3, 1)
3
(74, 9)
--> Day : 3
-> Request 0
236
(4, 3, 1)
3
(28, 63)
-> Request 1
1021
(4, 3, 1)
3
(26, 75)
-> Request 2
1040
(4, 2, 1)
2
(77, 40)
--> Day : 4
-> Request 0
415
(4, 1, 1)
2
(76, 11)
-> Request 1
1001
(4, 1, 1)
3
(36, 46)
---> Week : 16
--> Day : 0
-> Request 0
166
(4, 1, 1)
2
(35, 6)
-> Request 1
436
(4, 2, 1)
3
(1, 10)
-> Request 2
855
(4, 3, 1)
3
(15, 61)
-> Request 3
1111
(4, 2, 1)
2
(12, 24)
-> Request 4
1120
(4, 3, 1)
1
(73, 2)
-> Request 5
1124
(4, 1, 1)
2
(54, 28)
-> Request 6
1128
(4, 2, 1)
3
(61, 35)
-> Request 7
1285
(4, 1, 1)
3
(29, 48)
--> Day : 1
-> Request 0
276
(4, 3, 1)
1
(40, 5)
-> Request 1
302
(4, 2, 1)
1
(64, 51)
--> Day : 2
-> Request 0
62
(4, 3, 1)
2
(35, 45)
-> Request 1
189
(4, 1, 1)
2
(17, 31)
-> Request 2
623
(4, 2, 1)
2
(78, 46)
-> Request 3
634
(4, 2, 1)
1
(15, 39)
-> Request 4
757
(4, 2, 1)
2
(43, 62)
-> Request 5
849
(4, 3, 1)
2
(20, 25)
--> Day : 3
-> Request 0
14
(4, 3, 1)
1
(65, 74)
-> Request 1
636
(4, 1, 1)
1
(47, 70)
-> Request 2
796
(4, 3, 1)
2
(32, 73)
-> Request 3
826
(4, 3, 1)
1
(2, 22)
-> Request 4
1106
(4, 2, 1)
3
(40, 11)
--> Day : 4
-> Request 0
188
(4, 1, 1)
3
(50, 78)
-> Request 1
774
(4, 3, 1)
1
(5, 17)
---> Week : 17
--> Day : 0
-> Request 0
165
(4, 2, 1)
3
(17, 12)
-> Request 1
223
(4, 2, 1)
1
(44, 50)
-> Request 2
799
(4, 3, 1)
2
(67, 29)
-> Request 3
846
(4, 1, 1)
3
(4, 43)
-> Request 4
1165
(4, 2, 1)
2
(13, 37)
-> Request 5
1382
(4, 1, 1)
1
(0, 70)
--> Day : 1
-> Request 0
323
(4, 2, 1)
3
(27, 7)
-> Request 1
782
(4, 1, 1)
1
(1, 23)
--> Day : 2
-> Request 0
306
(4, 2, 1)
3
(30, 40)
-> Request 1
321
(4, 3, 1)
2
(33, 68)
-> Request 2
443
(4, 2, 1)
2
(71, 69)
-> Request 3
538
(4, 2, 1)
1
(49, 49)
-> Request 4
708
(4, 2, 1)
1
(31, 20)
--> Day : 3
-> Request 0
7
(4, 3, 1)
2
(7, 17)
-> Request 1
202
(4, 3, 1)
2
(52, 23)
-> Request 2
676
(4, 2, 1)
2
(63, 52)
-> Request 3
1252
(4, 2, 1)
2
(30, 68)
-> Request 4
1297
(4, 3, 1)
2
(50, 66)
-> Request 5
1392
(4, 2, 1)
1
(34, 69)
--> Day : 4
-> Request 0
18
(4, 3, 1)
3
(43, 2)
-> Request 1
311
(4, 2, 1)
3
(53, 70)
-> Request 2
717
(4, 3, 1)
3
(72, 0)
-> Request 3
1183
(4, 3, 1)
3
(27, 13)
---> Week : 18
--> Day : 0
-> Request 0
242
(4, 3, 1)
3
(64, 11)
-> Request 1
282
(4, 1, 1)
3
(51, 39)
-> Request 2
298
(4, 2, 1)
1
(50, 0)
-> Request 3
440
(4, 3, 1)
2
(2, 30)
-> Request 4
1395
(4, 1, 1)
2
(44, 58)
--> Day : 1
-> Request 0
707
(4, 3, 1)
3
(39, 13)
-> Request 1
858
(4, 1, 1)
2
(55, 21)
--> Day : 2
-> Request 0
228
(4, 1, 1)
1
(44, 31)
-> Request 1
429
(4, 2, 1)
1
(48, 74)
-> Request 2
1365
(4, 3, 1)
3
(75, 70)
-> Request 3
1383
(4, 2, 1)
3
(22, 57)
--> Day : 3
-> Request 0
202
(4, 3, 1)
3
(71, 54)
-> Request 1
554
(4, 2, 1)
2
(68, 22)
-> Request 2
900
(4, 3, 1)
3
(58, 22)
-> Request 3
939
(4, 2, 1)
1
(35, 3)
-> Request 4
1010
(4, 1, 1)
3
(33, 2)
--> Day : 4
-> Request 0
305
(4, 2, 1)
1
(72, 24)
-> Request 1
442
(4, 1, 1)
1
(65, 9)
-> Request 2
1123
(4, 2, 1)
2
(6, 37)
---> Week : 19
--> Day : 0
-> Request 0
211
(4, 2, 1)
2
(9, 3)
-> Request 1
215
(4, 3, 1)
1
(26, 27)
-> Request 2
736
(4, 1, 1)
1
(61, 28)
-> Request 3
1081
(4, 1, 1)
1
(69, 23)
--> Day : 1
-> Request 0
47
(4, 1, 1)
1
(49, 45)
-> Request 1
513
(4, 3, 1)
2
(47, 8)
-> Request 2
640
(4, 2, 1)
2
(23, 60)
-> Request 3
705
(4, 1, 1)
3
(73, 27)
-> Request 4
1422
(4, 2, 1)
2
(65, 57)
--> Day : 2
-> Request 0
1071
(4, 3, 1)
2
(45, 68)
--> Day : 3
-> Request 0
200
(4, 2, 1)
3
(19, 44)
-> Request 1
913
(4, 2, 1)
1
(73, 26)
-> Request 2
1346
(4, 1, 1)
1
(13, 23)
--> Day : 4
-> Request 0
57
(4, 3, 1)
3
(6, 49)
-> Request 1
131
(4, 3, 1)
2
(10, 47)
-> Request 2
624
(4, 2, 1)
2
(10, 52)
-> Request 3
792
(4, 1, 1)
3
(56, 31)
---> Week : 20
--> Day : 0
-> Request 0
389
(4, 3, 1)
3
(37, 75)
-> Request 1
435
(4, 2, 1)
2
(51, 65)
-> Request 2
838
(4, 1, 1)
1
(55, 3)
-> Request 3
1397
(4, 2, 1)
1
(44, 16)
--> Day : 1
-> Request 0
692
(4, 2, 1)
2
(56, 9)
-> Request 1
704
(4, 3, 1)
3
(34, 22)
-> Request 2
880
(4, 1, 1)
3
(7, 52)
-> Request 3
1136
(4, 1, 1)
3
(46, 52)
--> Day : 2
-> Request 0
59
(4, 3, 1)
2
(46, 42)
-> Request 1
938
(4, 2, 1)
2
(75, 51)
--> Day : 3
-> Request 0
179
(4, 2, 1)
1
(68, 35)
-> Request 1
370
(4, 1, 1)
2
(29, 26)
-> Request 2
843
(4, 1, 1)
1
(77, 56)
--> Day : 4
-> Request 0
707
(4, 1, 1)
1
(65, 13)
-> Request 1
1086
(4, 1, 1)
3
(31, 29)
---> Week : 21
--> Day : 0
-> Request 0
6
(4, 2, 1)
3
(42, 29)
-> Request 1
162
(4, 3, 1)
1
(20, 39)
-> Request 2
852
(4, 3, 1)
3
(29, 71)
--> Day : 1
-> Request 0
446
(4, 2, 1)
1
(10, 49)
-> Request 1
668
(4, 1, 1)
3
(68, 66)
-> Request 2
1152
(4, 3, 1)
1
(0, 13)
--> Day : 2
-> Request 0
2
(4, 2, 1)
3
(58, 65)
-> Request 1
446
(4, 1, 1)
2
(19, 10)
-> Request 2
880
(4, 2, 1)
3
(77, 18)
--> Day : 3
-> Request 0
252
(4, 1, 1)
1
(45, 56)
-> Request 1
565
(4, 2, 1)
2
(53, 35)
-> Request 2
829
(4, 2, 1)
1
(39, 5)
-> Request 3
1105
(4, 2, 1)
2
(4, 74)
-> Request 4
1317
(4, 1, 1)
1
(8, 64)
--> Day : 4
-> Request 0
75
(4, 1, 1)
2
(61, 60)
-> Request 1
725
(4, 2, 1)
2
(57, 79)
-> Request 2
878
(4, 3, 1)
2
(32, 3)
-> Request 3
1083
(4, 2, 1)
2
(38, 6)
-> Request 4
1154
(4, 2, 1)
1
(35, 36)
-> Request 5
1316
(4, 2, 1)
1
(74, 50)
---> Week : 22
--> Day : 0
-> Request 0
302
(4, 1, 1)
3
(42, 64)
-> Request 1
383
(4, 2, 1)
3
(8, 21)
-> Request 2
732
(4, 3, 1)
3
(5, 3)
--> Day : 1
-> Request 0
141
(4, 3, 1)
3
(19, 62)
-> Request 1
156
(4, 2, 1)
1
(46, 73)
-> Request 2
549
(4, 1, 1)
2
(79, 46)
-> Request 3
656
(4, 3, 1)
3
(75, 66)
-> Request 4
1065
(4, 2, 1)
2
(44, 15)
--> Day : 2
-> Request 0
34
(4, 1, 1)
2
(3, 79)
-> Request 1
740
(4, 2, 1)
2
(7, 44)
--> Day : 3
-> Request 0
70
(4, 1, 1)
3
(42, 11)
-> Request 1
315
(4, 3, 1)
1
(49, 44)
-> Request 2
875
(4, 2, 1)
2
(11, 76)
--> Day : 4
-> Request 0
197
(4, 3, 1)
2
(26, 57)
-> Request 1
728
(4, 2, 1)
3
(52, 19)
-> Request 2
757
(4, 1, 1)
2
(22, 41)
-> Request 3
1149
(4, 1, 1)
2
(45, 35)
---> Week : 23
--> Day : 0
-> Request 0
47
(4, 2, 1)
1
(44, 13)
-> Request 1
628
(4, 3, 1)
1
(77, 4)
-> Request 2
807
(4, 2, 1)
2
(44, 40)
--> Day : 1
-> Request 0
230
(4, 2, 1)
2
(67, 31)
-> Request 1
260
(4, 1, 1)
2
(77, 0)
-> Request 2
273
(4, 2, 1)
3
(73, 77)
-> Request 3
358
(4, 1, 1)
3
(18, 13)
-> Request 4
471
(4, 1, 1)
1
(68, 44)
-> Request 5
1098
(4, 2, 1)
1
(33, 54)
-> Request 6
1229
(4, 2, 1)
1
(49, 26)
-> Request 7
1322
(4, 1, 1)
2
(65, 71)
--> Day : 2
-> Request 0
423
(4, 3, 1)
2
(7, 25)
-> Request 1
1073
(4, 3, 1)
3
(10, 28)
-> Request 2
1208
(4, 1, 1)
3
(12, 39)
-> Request 3
1255
(4, 2, 1)
2
(30, 50)
-> Request 4
1387
(4, 1, 1)
1
(16, 71)
--> Day : 3
-> Request 0
653
(4, 3, 1)
3
(56, 2)
-> Request 1
699
(4, 2, 1)
2
(65, 58)
-> Request 2
1087
(4, 1, 1)
1
(52, 74)
-> Request 3
1257
(4, 3, 1)
3
(46, 22)
-> Request 4
1299
(4, 1, 1)
2
(34, 9)
-> Request 5
1438
(4, 3, 1)
1
(18, 35)
--> Day : 4
-> Request 0
406
(4, 2, 1)
2
(14, 58)
-> Request 1
450
(4, 1, 1)
3
(49, 32)
-> Request 2
708
(4, 3, 1)
1
(15, 62)
-> Request 3
1181
(4, 3, 1)
1
(45, 29)
-> Request 4
1417
(4, 3, 1)
3
(33, 45)
---> Week : 24
--> Day : 0
-> Request 0
575
(4, 1, 1)
3
(38, 17)
-> Request 1
624
(4, 2, 1)
3
(73, 35)
-> Request 2
760
(4, 3, 1)
3
(30, 63)
--> Day : 1
-> Request 0
1136
(4, 2, 1)
3
(58, 70)
-> Request 1
1244
(4, 3, 1)
3
(27, 61)
--> Day : 2
-> Request 0
187
(4, 1, 1)
2
(39, 24)
--> Day : 3
-> Request 0
918
(4, 3, 1)
3
(66, 64)
-> Request 1
919
(4, 2, 1)
2
(14, 0)
-> Request 2
1167
(4, 2, 1)
1
(13, 6)
--> Day : 4
-> Request 0
486
(4, 3, 1)
3
(70, 23)
-> Request 1
705
(4, 1, 1)
2
(11, 11)
-> Request 2
734
(4, 2, 1)
1
(61, 32)
---> Week : 25
--> Day : 0
-> Request 0
712
(4, 2, 1)
3
(74, 17)
-> Request 1
857
(4, 1, 1)
2
(20, 25)
-> Request 2
879
(4, 3, 1)
2
(43, 18)
-> Request 3
969
(4, 1, 1)
1
(52, 39)
-> Request 4
1117
(4, 2, 1)
2
(47, 70)
-> Request 5
1381
(4, 2, 1)
2
(78, 26)
--> Day : 1
-> Request 0
161
(4, 1, 1)
1
(12, 33)
-> Request 1
172
(4, 3, 1)
2
(6, 58)
-> Request 2
531
(4, 3, 1)
2
(61, 10)
-> Request 3
816
(4, 2, 1)
1
(11, 59)
--> Day : 2
-> Request 0
5
(4, 2, 1)
2
(2, 68)
-> Request 1
585
(4, 3, 1)
1
(54, 64)
-> Request 2
668
(4, 1, 1)
3
(42, 43)
-> Request 3
886
(4, 2, 1)
1
(44, 20)
--> Day : 3
-> Request 0
318
(4, 3, 1)
1
(18, 49)
-> Request 1
805
(4, 1, 1)
2
(41, 22)
--> Day : 4
-> Request 0
1064
(4, 3, 1)
3
(4, 10)
-> Request 1
1141
(4, 1, 1)
3
(46, 4)
-> Request 2
1194
(4, 1, 1)
1
(10, 60)
-> Request 3
1265
(4, 1, 1)
1
(53, 4)
---> Week : 26
--> Day : 0
-> Request 0
144
(4, 2, 1)
2
(72, 29)
-> Request 1
147
(4, 2, 1)
3
(27, 30)
-> Request 2
507
(4, 1, 1)
2
(44, 20)
--> Day : 1
--> Day : 2
-> Request 0
304
(4, 1, 1)
2
(22, 79)
-> Request 1
449
(4, 2, 1)
1
(52, 19)
-> Request 2
723
(4, 1, 1)
3
(3, 18)
--> Day : 3
-> Request 0
814
(4, 1, 1)
3
(41, 0)
-> Request 1
1061
(4, 2, 1)
2
(25, 6)
--> Day : 4
-> Request 0
418
(4, 3, 1)
2
(18, 3)
-> Request 1
965
(4, 3, 1)
1
(9, 3)
---> Week : 27
--> Day : 0
-> Request 0
126
(4, 1, 1)
2
(79, 13)
-> Request 1
355
(4, 3, 1)
2
(74, 74)
--> Day : 1
-> Request 0
254
(4, 2, 1)
3
(76, 7)
-> Request 1
723
(4, 2, 1)
2
(4, 11)
-> Request 2
1170
(4, 3, 1)
3
(52, 71)
--> Day : 2
-> Request 0
145
(4, 1, 1)
1
(38, 56)
-> Request 1
350
(4, 3, 1)
1
(1, 23)
-> Request 2
1242
(4, 1, 1)
2
(43, 32)
--> Day : 3
-> Request 0
426
(4, 2, 1)
3
(17, 2)
-> Request 1
587
(4, 1, 1)
2
(29, 34)
-> Request 2
653
(4, 2, 1)
2
(72, 4)
-> Request 3
1004
(4, 3, 1)
1
(40, 10)
-> Request 4
1338
(4, 2, 1)
1
(46, 49)
--> Day : 4
-> Request 0
24
(4, 2, 1)
2
(44, 63)
-> Request 1
447
(4, 2, 1)
3
(36, 63)
-> Request 2
993
(4, 2, 1)
3
(43, 53)
-> Request 3
1244
(4, 1, 1)
3
(30, 39)
-> Request 4
1354
(4, 3, 1)
3
(48, 52)
---> Week : 28
--> Day : 0
-> Request 0
180
(4, 1, 1)
2
(20, 29)
-> Request 1
513
(4, 3, 1)
1
(47, 66)
-> Request 2
530
(4, 3, 1)
1
(47, 55)
--> Day : 1
-> Request 0
272
(4, 1, 1)
3
(37, 40)
-> Request 1
453
(4, 2, 1)
3
(78, 72)
-> Request 2
1307
(4, 3, 1)
2
(3, 48)
-> Request 3
1327
(4, 1, 1)
2
(75, 46)
--> Day : 2
-> Request 0
4
(4, 3, 1)
2
(39, 33)
-> Request 1
313
(4, 3, 1)
2
(35, 67)
-> Request 2
624
(4, 1, 1)
2
(72, 41)
-> Request 3
935
(4, 3, 1)
1
(52, 55)
-> Request 4
1174
(4, 3, 1)
2
(59, 43)
-> Request 5
1183
(4, 2, 1)
1
(72, 54)
-> Request 6
1305
(4, 2, 1)
2
(26, 70)
--> Day : 3
-> Request 0
44
(4, 2, 1)
1
(70, 3)
-> Request 1
81
(4, 3, 1)
2
(70, 78)
-> Request 2
478
(4, 1, 1)
3
(11, 33)
-> Request 3
720
(4, 2, 1)
3
(60, 28)
-> Request 4
1423
(4, 2, 1)
1
(69, 62)
--> Day : 4
-> Request 0
435
(4, 1, 1)
1
(74, 24)
-> Request 1
497
(4, 2, 1)
1
(13, 56)
---> Week : 29
--> Day : 0
-> Request 0
64
(4, 1, 1)
2
(9, 42)
-> Request 1
143
(4, 2, 1)
2
(73, 38)
-> Request 2
520
(4, 1, 1)
3
(51, 14)
-> Request 3
523
(4, 2, 1)
2
(20, 49)
-> Request 4
680
(4, 2, 1)
2
(79, 48)
-> Request 5
767
(4, 1, 1)
3
(56, 39)
--> Day : 1
-> Request 0
18
(4, 2, 1)
2
(61, 14)
-> Request 1
518
(4, 1, 1)
2
(55, 63)
-> Request 2
537
(4, 2, 1)
1
(5, 48)
--> Day : 2
-> Request 0
463
(4, 2, 1)
3
(57, 10)
--> Day : 3
-> Request 0
127
(4, 3, 1)
3
(61, 60)
-> Request 1
179
(4, 3, 1)
1
(46, 49)
-> Request 2
219
(4, 3, 1)
1
(6, 3)
--> Day : 4
-> Request 0
293
(4, 3, 1)
3
(75, 30)
-> Request 1
296
(4, 2, 1)
3
(26, 70)
-> Request 2
560
(4, 3, 1)
2
(55, 43)
-> Request 3
707
(4, 3, 1)
1
(66, 74)
-> Request 4
746
(4, 2, 1)
3
(53, 50)
-> Request 5
821
(4, 2, 1)
1
(15, 41)
-> Request 6
1310
(4, 2, 1)
2
(70, 37)
---> Week : 30
--> Day : 0
-> Request 0
57
(4, 3, 1)
3
(64, 11)
-> Request 1
370
(4, 2, 1)
3
(39, 38)
-> Request 2
712
(4, 2, 1)
2
(58, 38)
-> Request 3
1394
(4, 1, 1)
2
(12, 79)
--> Day : 1
-> Request 0
129
(4, 1, 1)
3
(2, 75)
-> Request 1
308
(4, 1, 1)
3
(66, 74)
-> Request 2
698
(4, 2, 1)
2
(63, 28)
-> Request 3
1352
(4, 1, 1)
3
(3, 35)
--> Day : 2
-> Request 0
536
(4, 1, 1)
3
(53, 45)
-> Request 1
844
(4, 2, 1)
3
(24, 5)
-> Request 2
856
(4, 1, 1)
1
(42, 76)
-> Request 3
895
(4, 3, 1)
1
(14, 25)
--> Day : 3
-> Request 0
149
(4, 2, 1)
3
(30, 3)
-> Request 1
651
(4, 3, 1)
1
(61, 12)
-> Request 2
1275
(4, 1, 1)
2
(9, 27)
--> Day : 4
-> Request 0
125
(4, 3, 1)
3
(15, 62)
-> Request 1
1090
(4, 3, 1)
3
(50, 46)
-> Request 2
1210
(4, 1, 1)
1
(79, 62)
---> Week : 31
--> Day : 0
-> Request 0
2
(4, 3, 1)
3
(65, 32)
-> Request 1
115
(4, 3, 1)
1
(44, 29)
-> Request 2
163
(4, 2, 1)
2
(31, 15)
-> Request 3
470
(4, 1, 1)
2
(53, 54)
-> Request 4
658
(4, 3, 1)
2
(70, 20)
--> Day : 1
-> Request 0
665
(4, 1, 1)
2
(28, 34)
-> Request 1
741
(4, 3, 1)
3
(25, 43)
-> Request 2
1112
(4, 1, 1)
1
(35, 41)
-> Request 3
1135
(4, 3, 1)
1
(29, 7)
--> Day : 2
-> Request 0
270
(4, 3, 1)
1
(48, 76)
-> Request 1
1364
(4, 2, 1)
2
(28, 22)
--> Day : 3
-> Request 0
183
(4, 1, 1)
2
(22, 65)
-> Request 1
295
(4, 3, 1)
2
(55, 68)
-> Request 2
362
(4, 1, 1)
3
(45, 43)
-> Request 3
617
(4, 3, 1)
3
(8, 40)
-> Request 4
896
(4, 3, 1)
3
(6, 40)
-> Request 5
1375
(4, 2, 1)
2
(25, 48)
-> Request 6
1382
(4, 1, 1)
1
(0, 23)
--> Day : 4
-> Request 0
48
(4, 1, 1)
2
(15, 56)
-> Request 1
178
(4, 2, 1)
2
(2, 26)
-> Request 2
229
(4, 1, 1)
2
(34, 79)
-> Request 3
749
(4, 3, 1)
2
(38, 18)
---> Week : 32
--> Day : 0
-> Request 0
974
(4, 3, 1)
3
(40, 44)
--> Day : 1
-> Request 0
268
(4, 2, 1)
3
(17, 30)
-> Request 1
446
(4, 2, 1)
2
(18, 42)
-> Request 2
1359
(4, 1, 1)
1
(42, 64)
-> Request 3
1437
(4, 3, 1)
1
(58, 48)
--> Day : 2
-> Request 0
466
(4, 3, 1)
1
(3, 10)
-> Request 1
659
(4, 2, 1)
2
(49, 40)
-> Request 2
740
(4, 1, 1)
3
(60, 21)
-> Request 3
1408
(4, 1, 1)
1
(30, 28)
--> Day : 3
-> Request 0
23
(4, 1, 1)
3
(1, 19)
-> Request 1
263
(4, 3, 1)
2
(48, 36)
-> Request 2
1107
(4, 1, 1)
3
(70, 15)
-> Request 3
1362
(4, 1, 1)
2
(52, 41)
--> Day : 4
-> Request 0
52
(4, 1, 1)
1
(58, 24)
-> Request 1
1437
(4, 1, 1)
2
(12, 28)
---> Week : 33
--> Day : 0
-> Request 0
437
(4, 2, 1)
3
(25, 17)
-> Request 1
1264
(4, 3, 1)
3
(63, 37)
--> Day : 1
-> Request 0
651
(4, 3, 1)
3
(10, 71)
-> Request 1
928
(4, 1, 1)
3
(28, 61)
-> Request 2
1263
(4, 2, 1)
3
(19, 3)
-> Request 3
1321
(4, 2, 1)
1
(24, 22)
--> Day : 2
-> Request 0
192
(4, 2, 1)
1
(53, 51)
-> Request 1
732
(4, 1, 1)
1
(7, 74)
-> Request 2
945
(4, 2, 1)
1
(62, 15)
--> Day : 3
-> Request 0
992
(4, 2, 1)
2
(31, 11)
--> Day : 4
-> Request 0
542
(4, 3, 1)
2
(77, 47)
-> Request 1
698
(4, 1, 1)
3
(36, 27)
-> Request 2
1018
(4, 1, 1)
1
(76, 71)
-> Request 3
1111
(4, 1, 1)
2
(44, 48)
---> Week : 34
--> Day : 0
-> Request 0
593
(4, 2, 1)
2
(13, 13)
-> Request 1
924
(4, 3, 1)
2
(19, 11)
-> Request 2
1353
(4, 1, 1)
1
(20, 19)
--> Day : 1
-> Request 0
201
(4, 3, 1)
2
(36, 50)
-> Request 1
787
(4, 1, 1)
1
(66, 14)
-> Request 2
922
(4, 3, 1)
2
(10, 51)
--> Day : 2
-> Request 0
300
(4, 1, 1)
3
(26, 69)
-> Request 1
607
(4, 1, 1)
1
(63, 33)
-> Request 2
988
(4, 2, 1)
1
(38, 50)
-> Request 3
1118
(4, 1, 1)
3
(0, 8)
-> Request 4
1320
(4, 2, 1)
3
(47, 65)
--> Day : 3
-> Request 0
395
(4, 1, 1)
3
(63, 4)
-> Request 1
412
(4, 3, 1)
2
(7, 28)
-> Request 2
653
(4, 2, 1)
1
(48, 19)
-> Request 3
824
(4, 2, 1)
2
(31, 5)
-> Request 4
885
(4, 2, 1)
2
(0, 9)
-> Request 5
918
(4, 3, 1)
1
(74, 44)
--> Day : 4
-> Request 0
171
(4, 3, 1)
1
(26, 15)
-> Request 1
288
(4, 2, 1)
3
(56, 41)
-> Request 2
704
(4, 1, 1)
3
(31, 10)
-> Request 3
883
(4, 1, 1)
2
(9, 40)
---> Week : 35
--> Day : 0
-> Request 0
300
(4, 1, 1)
2
(51, 32)
-> Request 1
340
(4, 3, 1)
2
(20, 71)
-> Request 2
801
(4, 3, 1)
1
(0, 16)
-> Request 3
838
(4, 1, 1)
3
(30, 68)
-> Request 4
863
(4, 2, 1)
2
(43, 15)
--> Day : 1
-> Request 0
641
(4, 3, 1)
3
(33, 70)
-> Request 1
666
(4, 1, 1)
1
(34, 27)
-> Request 2
834
(4, 3, 1)
2
(36, 39)
-> Request 3
1046
(4, 2, 1)
2
(25, 43)
--> Day : 2
-> Request 0
781
(4, 1, 1)
3
(68, 2)
-> Request 1
893
(4, 2, 1)
1
(54, 67)
-> Request 2
1293
(4, 2, 1)
1
(2, 7)
--> Day : 3
-> Request 0
555
(4, 1, 1)
1
(67, 42)
-> Request 1
613
(4, 2, 1)
2
(2, 46)
--> Day : 4
-> Request 0
556
(4, 1, 1)
2
(29, 45)
-> Request 1
1179
(4, 3, 1)
1
(14, 60)
-> Request 2
1224
(4, 3, 1)
2
(14, 27)
---> Week : 36
--> Day : 0
-> Request 0
570
(4, 3, 1)
2
(2, 65)
-> Request 1
1159
(4, 1, 1)
3
(56, 52)
-> Request 2
1351
(4, 3, 1)
1
(39, 18)
--> Day : 1
--> Day : 2
-> Request 0
388
(4, 2, 1)
2
(13, 14)
-> Request 1
475
(4, 3, 1)
1
(63, 67)
-> Request 2
812
(4, 1, 1)
1
(36, 29)
-> Request 3
1053
(4, 3, 1)
2
(23, 47)
--> Day : 3
-> Request 0
784
(4, 3, 1)
1
(38, 47)
-> Request 1
811
(4, 3, 1)
2
(20, 29)
-> Request 2
1071
(4, 1, 1)
2
(32, 40)
-> Request 3
1075
(4, 1, 1)
3
(64, 12)
-> Request 4
1183
(4, 2, 1)
3
(4, 59)
--> Day : 4
-> Request 0
1073
(4, 1, 1)
1
(0, 22)
-> Request 1
1168
(4, 2, 1)
1
(48, 65)
-> Request 2
1206
(4, 1, 1)
1
(61, 50)
-> Request 3
1234
(4, 2, 1)
3
(22, 63)
---> Week : 37
--> Day : 0
-> Request 0
366
(4, 3, 1)
1
(30, 27)
-> Request 1
435
(4, 2, 1)
2
(35, 11)
-> Request 2
448
(4, 3, 1)
3
(67, 17)
-> Request 3
834
(4, 2, 1)
3
(71, 75)
-> Request 4
1058
(4, 3, 1)
1
(19, 26)
-> Request 5
1196
(4, 2, 1)
1
(41, 28)
--> Day : 1
-> Request 0
386
(4, 1, 1)
1
(68, 6)
-> Request 1
405
(4, 1, 1)
3
(72, 37)
-> Request 2
1130
(4, 2, 1)
3
(1, 36)
--> Day : 2
-> Request 0
143
(4, 3, 1)
2
(66, 10)
-> Request 1
145
(4, 2, 1)
3
(34, 18)
-> Request 2
301
(4, 1, 1)
1
(41, 65)
-> Request 3
572
(4, 1, 1)
1
(21, 69)
-> Request 4
1050
(4, 3, 1)
2
(18, 59)
-> Request 5
1245
(4, 3, 1)
3
(5, 63)
-> Request 6
1321
(4, 3, 1)
1
(23, 27)
--> Day : 3
-> Request 0
21
(4, 2, 1)
3
(37, 53)
-> Request 1
668
(4, 3, 1)
2
(8, 28)
--> Day : 4
-> Request 0
347
(4, 2, 1)
3
(24, 71)
-> Request 1
778
(4, 3, 1)
2
(75, 50)
---> Week : 38
--> Day : 0
-> Request 0
1333
(4, 3, 1)
2
(46, 54)
--> Day : 1
-> Request 0
761
(4, 1, 1)
3
(40, 39)
-> Request 1
834
(4, 1, 1)
2
(58, 74)
-> Request 2
1209
(4, 3, 1)
1
(61, 23)
-> Request 3
1289
(4, 3, 1)
3
(48, 54)
--> Day : 2
-> Request 0
30
(4, 2, 1)
1
(20, 11)
-> Request 1
39
(4, 1, 1)
3
(21, 45)
-> Request 2
188
(4, 2, 1)
1
(74, 45)
-> Request 3
373
(4, 3, 1)
1
(41, 38)
-> Request 4
626
(4, 3, 1)
3
(63, 32)
-> Request 5
1271
(4, 2, 1)
3
(54, 19)
--> Day : 3
-> Request 0
567
(4, 1, 1)
3
(15, 10)
-> Request 1
801
(4, 3, 1)
3
(66, 31)
-> Request 2
1135
(4, 2, 1)
1
(20, 27)
--> Day : 4
-> Request 0
588
(4, 2, 1)
1
(19, 76)
-> Request 1
1078
(4, 2, 1)
1
(11, 33)
---> Week : 39
--> Day : 0
-> Request 0
164
(4, 2, 1)
3
(4, 62)
-> Request 1
238
(4, 2, 1)
2
(78, 2)
-> Request 2
264
(4, 1, 1)
1
(76, 22)
-> Request 3
582
(4, 3, 1)
3
(1, 58)
-> Request 4
716
(4, 2, 1)
3
(7, 78)
-> Request 5
1129
(4, 2, 1)
1
(7, 40)
-> Request 6
1185
(4, 2, 1)
1
(40, 19)
-> Request 7
1265
(4, 1, 1)
3
(52, 63)
--> Day : 1
-> Request 0
99
(4, 1, 1)
3
(23, 70)
-> Request 1
655
(4, 1, 1)
1
(35, 64)
-> Request 2
1056
(4, 1, 1)
3
(74, 48)
-> Request 3
1084
(4, 2, 1)
3
(26, 39)
--> Day : 2
-> Request 0
339
(4, 1, 1)
1
(44, 66)
-> Request 1
445
(4, 1, 1)
2
(17, 35)
-> Request 2
1312
(4, 1, 1)
1
(75, 50)
-> Request 3
1375
(4, 1, 1)
3
(73, 67)
--> Day : 3
-> Request 0
251
(4, 2, 1)
3
(42, 79)
-> Request 1
376
(4, 2, 1)
3
(71, 75)
-> Request 2
715
(4, 3, 1)
1
(0, 66)
-> Request 3
1179
(4, 3, 1)
2
(64, 52)
--> Day : 4
-> Request 0
1093
(4, 3, 1)
2
(22, 78)
---> Week : 40
--> Day : 0
-> Request 0
137
(4, 3, 1)
3
(70, 10)
-> Request 1
569
(4, 2, 1)
3
(15, 25)
-> Request 2
585
(4, 2, 1)
3
(21, 65)
-> Request 3
659
(4, 2, 1)
2
(62, 63)
-> Request 4
1014
(4, 3, 1)
1
(16, 48)
-> Request 5
1059
(4, 2, 1)
3
(52, 28)
-> Request 6
1205
(4, 1, 1)
2
(22, 12)
--> Day : 1
-> Request 0
347
(4, 3, 1)
1
(54, 75)
-> Request 1
565
(4, 2, 1)
2
(9, 71)
-> Request 2
591
(4, 3, 1)
1
(4, 73)
-> Request 3
887
(4, 2, 1)
3
(3, 5)
-> Request 4
941
(4, 3, 1)
2
(40, 5)
-> Request 5
1367
(4, 2, 1)
1
(73, 46)
--> Day : 2
-> Request 0
526
(4, 3, 1)
2
(55, 20)
-> Request 1
592
(4, 2, 1)
2
(52, 22)
-> Request 2
1109
(4, 1, 1)
1
(3, 27)
-> Request 3
1306
(4, 3, 1)
1
(10, 78)
--> Day : 3
-> Request 0
69
(4, 1, 1)
1
(19, 79)
-> Request 1
88
(4, 1, 1)
2
(10, 16)
-> Request 2
553
(4, 2, 1)
2
(60, 10)
-> Request 3
726
(4, 1, 1)
2
(50, 8)
-> Request 4
737
(4, 2, 1)
1
(77, 10)
-> Request 5
1010
(4, 2, 1)
2
(48, 49)
--> Day : 4
-> Request 0
160
(4, 1, 1)
3
(6, 76)
-> Request 1
385
(4, 3, 1)
3
(46, 2)
-> Request 2
590
(4, 1, 1)
1
(36, 74)
-> Request 3
921
(4, 2, 1)
2
(16, 54)
-> Request 4
1252
(4, 2, 1)
3
(60, 50)
---> Week : 41
--> Day : 0
-> Request 0
370
(4, 3, 1)
1
(57, 30)
-> Request 1
485
(4, 3, 1)
2
(65, 59)
-> Request 2
864
(4, 1, 1)
3
(31, 30)
-> Request 3
936
(4, 3, 1)
2
(33, 21)
-> Request 4
1076
(4, 2, 1)
1
(30, 53)
-> Request 5
1250
(4, 2, 1)
3
(57, 32)
--> Day : 1
-> Request 0
136
(4, 2, 1)
1
(34, 3)
-> Request 1
254
(4, 3, 1)
1
(47, 26)
-> Request 2
367
(4, 2, 1)
3
(73, 50)
-> Request 3
823
(4, 2, 1)
1
(2, 18)
-> Request 4
970
(4, 1, 1)
3
(76, 38)
-> Request 5
1023
(4, 3, 1)
1
(34, 0)
-> Request 6
1266
(4, 1, 1)
2
(5, 8)
-> Request 7
1347
(4, 3, 1)
3
(25, 23)
--> Day : 2
-> Request 0
396
(4, 1, 1)
1
(7, 5)
-> Request 1
729
(4, 2, 1)
3
(38, 72)
-> Request 2
839
(4, 2, 1)
1
(4, 38)
--> Day : 3
-> Request 0
47
(4, 3, 1)
2
(76, 58)
-> Request 1
139
(4, 2, 1)
3
(3, 23)
-> Request 2
1114
(4, 1, 1)
3
(20, 22)
--> Day : 4
-> Request 0
1097
(4, 2, 1)
2
(41, 48)
---> Week : 42
--> Day : 0
-> Request 0
174
(4, 3, 1)
1
(63, 15)
-> Request 1
292
(4, 2, 1)
3
(47, 27)
-> Request 2
309
(4, 2, 1)
2
(65, 2)
-> Request 3
666
(4, 1, 1)
2
(69, 73)
-> Request 4
676
(4, 2, 1)
3
(53, 8)
-> Request 5
1104
(4, 2, 1)
3
(46, 21)
-> Request 6
1267
(4, 3, 1)
1
(79, 56)
-> Request 7
1334
(4, 1, 1)
2
(49, 26)
--> Day : 1
-> Request 0
984
(4, 3, 1)
3
(56, 63)
-> Request 1
1141
(4, 2, 1)
3
(77, 11)
--> Day : 2
-> Request 0
390
(4, 1, 1)
3
(76, 59)
-> Request 1
580
(4, 1, 1)
1
(17, 63)
-> Request 2
756
(4, 2, 1)
2
(31, 67)
-> Request 3
758
(4, 3, 1)
2
(8, 13)
-> Request 4
776
(4, 1, 1)
3
(11, 15)
--> Day : 3
-> Request 0
723
(4, 1, 1)
3
(49, 5)
-> Request 1
795
(4, 1, 1)
3
(75, 32)
-> Request 2
1062
(4, 1, 1)
3
(28, 56)
-> Request 3
1321
(4, 2, 1)
1
(3, 35)
--> Day : 4
-> Request 0
1008
(4, 2, 1)
2
(71, 21)
-> Request 1
1263
(4, 3, 1)
2
(27, 5)
---> Week : 43
--> Day : 0
-> Request 0
242
(4, 1, 1)
3
(75, 21)
-> Request 1
1435
(4, 2, 1)
2
(16, 10)
--> Day : 1
-> Request 0
90
(4, 2, 1)
3
(46, 62)
-> Request 1
306
(4, 2, 1)
1
(53, 78)
-> Request 2
880
(4, 2, 1)
2
(36, 77)
-> Request 3
934
(4, 2, 1)
3
(52, 59)
-> Request 4
978
(4, 3, 1)
3
(41, 5)
--> Day : 2
-> Request 0
281
(4, 3, 1)
3
(67, 26)
-> Request 1
617
(4, 1, 1)
1
(66, 42)
-> Request 2
662
(4, 2, 1)
1
(67, 65)
--> Day : 3
-> Request 0
877
(4, 3, 1)
2
(71, 33)
-> Request 1
1083
(4, 2, 1)
3
(6, 0)
-> Request 2
1396
(4, 2, 1)
3
(4, 11)
-> Request 3
1425
(4, 1, 1)
1
(27, 33)
--> Day : 4
-> Request 0
40
(4, 2, 1)
3
(22, 21)
-> Request 1
275
(4, 3, 1)
3
(5, 29)
-> Request 2
371
(4, 3, 1)
3
(63, 62)
-> Request 3
383
(4, 1, 1)
2
(73, 65)
-> Request 4
921
(4, 2, 1)
3
(35, 74)
-> Request 5
1040
(4, 2, 1)
3
(1, 38)
---> Week : 44
--> Day : 0
-> Request 0
660
(4, 2, 1)
2
(31, 21)
-> Request 1
1070
(4, 3, 1)
1
(20, 34)
-> Request 2
1179
(4, 2, 1)
2
(34, 61)
-> Request 3
1237
(4, 2, 1)
2
(8, 2)
-> Request 4
1240
(4, 3, 1)
1
(8, 23)
-> Request 5
1416
(4, 2, 1)
2
(64, 16)
--> Day : 1
-> Request 0
162
(4, 1, 1)
1
(6, 21)
-> Request 1
431
(4, 1, 1)
2
(37, 12)
-> Request 2
603
(4, 3, 1)
2
(79, 2)
--> Day : 2
-> Request 0
47
(4, 1, 1)
3
(25, 5)
-> Request 1
449
(4, 3, 1)
1
(18, 61)
-> Request 2
1122
(4, 3, 1)
3
(58, 63)
--> Day : 3
-> Request 0
319
(4, 1, 1)
2
(4, 20)
-> Request 1
383
(4, 2, 1)
1
(34, 76)
-> Request 2
1290
(4, 1, 1)
1
(65, 27)
--> Day : 4
-> Request 0
298
(4, 2, 1)
3
(4, 11)
-> Request 1
468
(4, 2, 1)
1
(14, 6)
-> Request 2
1366
(4, 3, 1)
2
(73, 20)
-> Request 3
1386
(4, 3, 1)
1
(73, 61)
---> Week : 45
--> Day : 0
-> Request 0
396
(4, 3, 1)
1
(8, 13)
-> Request 1
954
(4, 3, 1)
2
(11, 41)
--> Day : 1
-> Request 0
355
(4, 1, 1)
3
(9, 32)
-> Request 1
405
(4, 1, 1)
2
(79, 35)
-> Request 2
478
(4, 3, 1)
2
(39, 55)
-> Request 3
528
(4, 2, 1)
3
(36, 63)
--> Day : 2
-> Request 0
1316
(4, 2, 1)
1
(64, 7)
-> Request 1
1424
(4, 2, 1)
1
(71, 32)
--> Day : 3
-> Request 0
187
(4, 3, 1)
2
(29, 46)
-> Request 1
335
(4, 2, 1)
1
(5, 62)
-> Request 2
549
(4, 2, 1)
1
(0, 74)
-> Request 3
675
(4, 1, 1)
3
(51, 62)
--> Day : 4
-> Request 0
632
(4, 2, 1)
2
(40, 79)
-> Request 1
836
(4, 1, 1)
2
(32, 72)
-> Request 2
968
(4, 1, 1)
2
(46, 71)
-> Request 3
1308
(4, 1, 1)
3
(30, 56)
---> Week : 46
--> Day : 0
-> Request 0
484
(4, 1, 1)
3
(21, 10)
-> Request 1
987
(4, 1, 1)
1
(67, 50)
-> Request 2
998
(4, 2, 1)
2
(33, 52)
-> Request 3
1347
(4, 1, 1)
2
(47, 19)
--> Day : 1
-> Request 0
425
(4, 1, 1)
1
(49, 33)
-> Request 1
437
(4, 2, 1)
3
(56, 17)
-> Request 2
454
(4, 1, 1)
3
(76, 52)
-> Request 3
999
(4, 2, 1)
3
(52, 68)
-> Request 4
1182
(4, 3, 1)
2
(9, 69)
--> Day : 2
-> Request 0
691
(4, 2, 1)
2
(0, 8)
-> Request 1
777
(4, 1, 1)
3
(79, 16)
--> Day : 3
-> Request 0
42
(4, 2, 1)
2
(47, 41)
-> Request 1
103
(4, 3, 1)
1
(8, 34)
-> Request 2
1047
(4, 3, 1)
3
(1, 21)
-> Request 3
1063
(4, 2, 1)
2
(5, 1)
-> Request 4
1187
(4, 3, 1)
1
(20, 7)
--> Day : 4
-> Request 0
225
(4, 3, 1)
3
(2, 60)
-> Request 1
350
(4, 2, 1)
1
(10, 25)
-> Request 2
737
(4, 3, 1)
1
(26, 29)
-> Request 3
784
(4, 3, 1)
2
(40, 19)
-> Request 4
1023
(4, 1, 1)
2
(1, 22)
-> Request 5
1388
(4, 1, 1)
2
(29, 69)
---> Week : 47
--> Day : 0
-> Request 0
324
(4, 2, 1)
3
(35, 66)
-> Request 1
717
(4, 1, 1)
3
(46, 73)
-> Request 2
792
(4, 3, 1)
2
(46, 58)
-> Request 3
1424
(4, 2, 1)
3
(28, 12)
--> Day : 1
-> Request 0
19
(4, 2, 1)
2
(15, 32)
-> Request 1
225
(4, 1, 1)
2
(23, 51)
-> Request 2
1035
(4, 3, 1)
3
(42, 19)
-> Request 3
1066
(4, 1, 1)
3
(59, 26)
-> Request 4
1161
(4, 1, 1)
3
(20, 3)
-> Request 5
1243
(4, 3, 1)
2
(77, 23)
--> Day : 2
-> Request 0
3
(4, 2, 1)
2
(58, 49)
-> Request 1
41
(4, 2, 1)
1
(27, 50)
-> Request 2
217
(4, 1, 1)
1
(27, 50)
-> Request 3
227
(4, 1, 1)
2
(72, 5)
-> Request 4
431
(4, 1, 1)
3
(13, 23)
-> Request 5
487
(4, 2, 1)
1
(64, 11)
-> Request 6
728
(4, 1, 1)
1
(22, 33)
--> Day : 3
-> Request 0
712
(4, 3, 1)
2
(30, 35)
-> Request 1
1118
(4, 2, 1)
2
(12, 9)
-> Request 2
1332
(4, 3, 1)
3
(54, 60)
-> Request 3
1399
(4, 3, 1)
3
(49, 25)
-> Request 4
1420
(4, 1, 1)
1
(54, 34)
--> Day : 4
-> Request 0
44
(4, 2, 1)
3
(66, 2)
-> Request 1
495
(4, 2, 1)
2
(41, 4)
---> Week : 48
--> Day : 0
-> Request 0
509
(4, 3, 1)
1
(9, 27)
-> Request 1
748
(4, 3, 1)
3
(10, 59)
-> Request 2
1156
(4, 2, 1)
2
(57, 73)
--> Day : 1
-> Request 0
402
(4, 2, 1)
3
(17, 41)
-> Request 1
425
(4, 2, 1)
1
(20, 22)
-> Request 2
456
(4, 2, 1)
2
(13, 69)
-> Request 3
796
(4, 1, 1)
1
(10, 79)
-> Request 4
797
(4, 2, 1)
2
(29, 66)
-> Request 5
1291
(4, 2, 1)
2
(77, 37)
--> Day : 2
-> Request 0
739
(4, 1, 1)
2
(8, 65)
-> Request 1
777
(4, 3, 1)
2
(64, 57)
-> Request 2
1013
(4, 3, 1)
2
(43, 63)
-> Request 3
1131
(4, 2, 1)
3
(41, 56)
--> Day : 3
-> Request 0
47
(4, 1, 1)
2
(67, 50)
-> Request 1
171
(4, 2, 1)
1
(65, 58)
-> Request 2
395
(4, 2, 1)
3
(66, 24)
-> Request 3
552
(4, 3, 1)
2
(69, 26)
-> Request 4
930
(4, 3, 1)
3
(26, 31)
-> Request 5
1142
(4, 2, 1)
1
(60, 37)
--> Day : 4
-> Request 0
424
(4, 3, 1)
1
(17, 70)
-> Request 1
459
(4, 1, 1)
2
(0, 0)
-> Request 2
848
(4, 1, 1)
1
(36, 1)
-> Request 3
1185
(4, 3, 1)
1
(43, 69)
-> Request 4
1317
(4, 2, 1)
1
(25, 2)
---> Week : 49
--> Day : 0
-> Request 0
160
(4, 2, 1)
1
(11, 25)
-> Request 1
165
(4, 3, 1)
1
(54, 25)
-> Request 2
335
(4, 2, 1)
1
(78, 28)
-> Request 3
683
(4, 1, 1)
1
(0, 30)
-> Request 4
759
(4, 2, 1)
3
(26, 16)
-> Request 5
942
(4, 2, 1)
3
(75, 41)
-> Request 6
1409
(4, 1, 1)
1
(43, 53)
--> Day : 1
-> Request 0
212
(4, 1, 1)
1
(74, 31)
-> Request 1
249
(4, 2, 1)
2
(17, 23)
-> Request 2
305
(4, 2, 1)
3
(19, 47)
-> Request 3
530
(4, 3, 1)
2
(3, 21)
-> Request 4
582
(4, 2, 1)
1
(48, 26)
-> Request 5
603
(4, 2, 1)
2
(79, 46)
-> Request 6
930
(4, 3, 1)
1
(31, 48)
-> Request 7
964
(4, 3, 1)
2
(36, 26)
-> Request 8
984
(4, 2, 1)
3
(7, 2)
--> Day : 2
-> Request 0
464
(4, 1, 1)
3
(46, 4)
-> Request 1
641
(4, 3, 1)
2
(26, 45)
-> Request 2
1287
(4, 1, 1)
1
(70, 3)
-> Request 3
1331
(4, 3, 1)
3
(4, 9)
--> Day : 3
-> Request 0
291
(4, 1, 1)
1
(27, 45)
-> Request 1
594
(4, 1, 1)
3
(20, 67)
--> Day : 4
-> Request 0
988
(4, 1, 1)
1
(47, 13)
-> Request 1
1133
(4, 3, 1)
2
(11, 27)
-> Request 2
1224
(4, 3, 1)
2
(48, 60)
---> Week : 50
--> Day : 0
-> Request 0
296
(4, 2, 1)
1
(18, 12)
-> Request 1
555
(4, 3, 1)
1
(38, 61)
-> Request 2
653
(4, 1, 1)
1
(29, 53)
-> Request 3
1243
(4, 1, 1)
2
(30, 14)
--> Day : 1
-> Request 0
1301
(4, 3, 1)
3
(4, 58)
-> Request 1
1424
(4, 2, 1)
2
(76, 12)
--> Day : 2
-> Request 0
85
(4, 2, 1)
2
(36, 14)
-> Request 1
157
(4, 2, 1)
1
(43, 39)
-> Request 2
819
(4, 2, 1)
2
(65, 52)
-> Request 3
1001
(4, 1, 1)
3
(14, 53)
--> Day : 3
-> Request 0
46
(4, 3, 1)
2
(12, 58)
-> Request 1
51
(4, 1, 1)
1
(7, 23)
-> Request 2
444
(4, 3, 1)
2
(78, 69)
-> Request 3
875
(4, 1, 1)
1
(1, 14)
-> Request 4
922
(4, 3, 1)
2
(55, 18)
-> Request 5
1214
(4, 2, 1)
1
(56, 3)
--> Day : 4
-> Request 0
210
(4, 1, 1)
3
(70, 33)
-> Request 1
524
(4, 1, 1)
3
(71, 61)
-> Request 2
651
(4, 3, 1)
3
(33, 49)
-> Request 3
689
(4, 2, 1)
3
(72, 42)
-> Request 4
994
(4, 3, 1)
3
(38, 60)
---> Week : 51
--> Day : 0
-> Request 0
94
(4, 1, 1)
2
(1, 19)
-> Request 1
280
(4, 2, 1)
1
(42, 49)
-> Request 2
837
(4, 2, 1)
2
(72, 16)
-> Request 3
963
(4, 2, 1)
3
(22, 44)
-> Request 4
1198
(4, 2, 1)
3
(12, 29)
-> Request 5
1220
(4, 2, 1)
2
(15, 38)
--> Day : 1
-> Request 0
54
(4, 2, 1)
1
(36, 76)
-> Request 1
114
(4, 1, 1)
2
(76, 74)
-> Request 2
217
(4, 2, 1)
3
(69, 61)
-> Request 3
547
(4, 1, 1)
2
(34, 21)
-> Request 4
560
(4, 1, 1)
3
(31, 0)
-> Request 5
1070
(4, 2, 1)
1
(63, 25)
-> Request 6
1178
(4, 3, 1)
1
(10, 17)
-> Request 7
1371
(4, 3, 1)
3
(10, 64)
--> Day : 2
-> Request 0
713
(4, 1, 1)
3
(69, 62)
-> Request 1
909
(4, 1, 1)
2
(32, 72)
-> Request 2
977
(4, 1, 1)
1
(66, 47)
-> Request 3
1009
(4, 3, 1)
3
(53, 65)
--> Day : 3
-> Request 0
1128
(4, 2, 1)
2
(63, 74)
-> Request 1
1415
(4, 2, 1)
1
(35, 73)
--> Day : 4
-> Request 0
139
(4, 3, 1)
2
(47, 40)
-> Request 1
441
(4, 3, 1)
2
(5, 78)
-> Request 2
590
(4, 3, 1)
2
(20, 69)
---> Week : 52
--> Day : 0
-> Request 0
232
(4, 2, 1)
2
(55, 45)
-> Request 1
266
(4, 1, 1)
2
(13, 1)
-> Request 2
686
(4, 1, 1)
3
(5, 33)
-> Request 3
1204
(4, 1, 1)
3
(12, 27)
--> Day : 1
-> Request 0
728
(4, 3, 1)
3
(0, 41)
-> Request 1
776
(4, 3, 1)
1
(55, 68)
-> Request 2
1241
(4, 2, 1)
2
(20, 18)
-> Request 3
1244
(4, 1, 1)
2
(78, 40)
--> Day : 2
-> Request 0
6
(4, 1, 1)
3
(22, 40)
-> Request 1
184
(4, 2, 1)
3
(66, 58)
-> Request 2
993
(4, 1, 1)
2
(47, 34)
--> Day : 3
-> Request 0
560
(4, 1, 1)
1
(20, 36)
-> Request 1
602
(4, 2, 1)
3
(19, 34)
-> Request 2
932
(4, 1, 1)
3
(36, 13)
-> Request 3
994
(4, 1, 1)
3
(46, 50)
--> Day : 4
-> Request 0
175
(4, 1, 1)
1
(44, 65)
-> Request 1
1314
(4, 3, 1)
2
(54, 31)
---> Week : 53
--> Day : 0
-> Request 0
799
(4, 1, 1)
3
(26, 13)
-> Request 1
1370
(4, 1, 1)
3
(63, 27)
--> Day : 1
-> Request 0
695
(4, 3, 1)
2
(44, 11)
-> Request 1
767
(4, 3, 1)
2
(5, 46)
-> Request 2
1314
(4, 3, 1)
1
(45, 65)
-> Request 3
1436
(4, 2, 1)
2
(27, 72)
--> Day : 2
-> Request 0
306
(4, 3, 1)
3
(19, 74)
-> Request 1
969
(4, 2, 1)
2
(42, 24)
--> Day : 3
-> Request 0
155
(4, 3, 1)
1
(61, 23)
-> Request 1
228
(4, 1, 1)
3
(32, 56)
-> Request 2
634
(4, 1, 1)
3
(14, 24)
-> Request 3
1073
(4, 3, 1)
1
(58, 16)
-> Request 4
1206
(4, 2, 1)
3
(10, 53)
--> Day : 4
-> Request 0
4
(4, 3, 1)
1
(1, 49)
-> Request 1
403
(4, 3, 1)
3
(70, 7)
-> Request 2
721
(4, 3, 1)
3
(40, 25)
-> Request 3
1280
(4, 2, 1)
2
(20, 56)
-> Request 4
1348
(4, 2, 1)
3
(72, 18)
---> Week : 54
--> Day : 0
-> Request 0
385
(4, 1, 1)
1
(63, 45)
-> Request 1
438
(4, 1, 1)
1
(67, 2)
-> Request 2
889
(4, 1, 1)
3
(61, 16)
-> Request 3
1103
(4, 1, 1)
2
(34, 43)
-> Request 4
1342
(4, 2, 1)
3
(61, 25)
-> Request 5
1361
(4, 2, 1)
1
(50, 67)
--> Day : 1
-> Request 0
17
(4, 3, 1)
3
(27, 8)
-> Request 1
209
(4, 3, 1)
1
(26, 26)
-> Request 2
394
(4, 2, 1)
3
(19, 44)
-> Request 3
402
(4, 2, 1)
2
(13, 70)
-> Request 4
461
(4, 1, 1)
3
(8, 52)
-> Request 5
527
(4, 2, 1)
1
(2, 40)
--> Day : 2
-> Request 0
437
(4, 2, 1)
2
(16, 1)
-> Request 1
669
(4, 1, 1)
2
(27, 30)
-> Request 2
1217
(4, 3, 1)
2
(19, 31)
--> Day : 3
-> Request 0
97
(4, 2, 1)
3
(74, 71)
-> Request 1
1177
(4, 1, 1)
1
(26, 35)
-> Request 2
1189
(4, 1, 1)
2
(21, 32)
--> Day : 4
-> Request 0
750
(4, 2, 1)
1
(3, 50)
-> Request 1
788
(4, 1, 1)
3
(63, 10)
-> Request 2
939
(4, 2, 1)
3
(71, 31)
---> Week : 55
--> Day : 0
-> Request 0
833
(4, 3, 1)
2
(51, 3)
--> Day : 1
-> Request 0
223
(4, 1, 1)
3
(13, 3)
-> Request 1
654
(4, 3, 1)
3
(73, 48)
-> Request 2
705
(4, 2, 1)
3
(22, 67)
--> Day : 2
-> Request 0
243
(4, 3, 1)
1
(62, 28)
-> Request 1
664
(4, 2, 1)
3
(14, 69)
-> Request 2
954
(4, 1, 1)
1
(8, 21)
-> Request 3
1036
(4, 2, 1)
2
(5, 68)
-> Request 4
1269
(4, 2, 1)
1
(56, 21)
-> Request 5
1369
(4, 1, 1)
1
(2, 1)
--> Day : 3
-> Request 0
116
(4, 2, 1)
3
(67, 44)
-> Request 1
493
(4, 2, 1)
2
(45, 21)
-> Request 2
703
(4, 3, 1)
1
(8, 48)
-> Request 3
802
(4, 1, 1)
1
(48, 24)
-> Request 4
804
(4, 1, 1)
2
(20, 1)
-> Request 5
869
(4, 1, 1)
2
(23, 73)
-> Request 6
928
(4, 2, 1)
3
(20, 44)
-> Request 7
991
(4, 1, 1)
1
(43, 44)
-> Request 8
1334
(4, 3, 1)
3
(42, 33)
--> Day : 4
-> Request 0
394
(4, 1, 1)
3
(2, 38)
---> Week : 56
--> Day : 0
-> Request 0
24
(4, 1, 1)
1
(20, 27)
-> Request 1
355
(4, 3, 1)
1
(15, 2)
-> Request 2
560
(4, 3, 1)
2
(51, 67)
-> Request 3
627
(4, 1, 1)
2
(11, 47)
-> Request 4
821
(4, 1, 1)
1
(27, 17)
-> Request 5
1136
(4, 1, 1)
1
(34, 16)
-> Request 6
1321
(4, 1, 1)
2
(2, 34)
--> Day : 1
-> Request 0
758
(4, 1, 1)
1
(2, 29)
-> Request 1
929
(4, 2, 1)
2
(39, 51)
-> Request 2
957
(4, 3, 1)
1
(14, 53)
-> Request 3
980
(4, 2, 1)
3
(62, 48)
-> Request 4
1243
(4, 2, 1)
2
(78, 27)
--> Day : 2
-> Request 0
167
(4, 3, 1)
2
(35, 55)
-> Request 1
229
(4, 3, 1)
1
(72, 42)
-> Request 2
304
(4, 1, 1)
3
(40, 57)
-> Request 3
814
(4, 2, 1)
2
(36, 5)
-> Request 4
958
(4, 2, 1)
2
(8, 54)
-> Request 5
1431
(4, 2, 1)
1
(6, 73)
--> Day : 3
-> Request 0
58
(4, 3, 1)
3
(3, 37)
-> Request 1
201
(4, 1, 1)
3
(14, 5)
-> Request 2
553
(4, 3, 1)
2
(52, 39)
-> Request 3
665
(4, 2, 1)
2
(43, 42)
-> Request 4
1319
(4, 2, 1)
2
(16, 57)
--> Day : 4
-> Request 0
93
(4, 1, 1)
2
(67, 21)
-> Request 1
113
(4, 3, 1)
1
(69, 68)
-> Request 2
144
(4, 3, 1)
3
(25, 65)
-> Request 3
351
(4, 1, 1)
2
(9, 56)
-> Request 4
760
(4, 1, 1)
1
(23, 27)
-> Request 5
1040
(4, 2, 1)
1
(3, 56)
---> Week : 57
--> Day : 0
-> Request 0
1373
(4, 2, 1)
3
(55, 10)
--> Day : 1
-> Request 0
579
(4, 2, 1)
3
(37, 5)
-> Request 1
1267
(4, 1, 1)
3
(36, 22)
-> Request 2
1288
(4, 3, 1)
2
(7, 57)
-> Request 3
1389
(4, 3, 1)
2
(48, 62)
-> Request 4
1397
(4, 3, 1)
3
(33, 23)
--> Day : 2
-> Request 0
518
(4, 3, 1)
1
(10, 47)
-> Request 1
659
(4, 2, 1)
3
(24, 69)
-> Request 2
823
(4, 1, 1)
1
(62, 73)
-> Request 3
1059
(4, 1, 1)
3
(22, 39)
--> Day : 3
-> Request 0
77
(4, 1, 1)
2
(70, 31)
-> Request 1
1053
(4, 2, 1)
1
(16, 77)
-> Request 2
1304
(4, 3, 1)
1
(56, 65)
--> Day : 4
-> Request 0
810
(4, 3, 1)
3
(60, 55)
-> Request 1
1220
(4, 3, 1)
2
(7, 35)
-> Request 2
1236
(4, 3, 1)
2
(75, 63)
-> Request 3
1243
(4, 3, 1)
2
(2, 8)
---> Week : 58
--> Day : 0
-> Request 0
537
(4, 3, 1)
3
(59, 16)
-> Request 1
696
(4, 3, 1)
2
(27, 16)
-> Request 2
1183
(4, 2, 1)
1
(71, 14)
--> Day : 1
-> Request 0
274
(4, 3, 1)
3
(69, 38)
--> Day : 2
-> Request 0
18
(4, 1, 1)
3
(15, 34)
-> Request 1
279
(4, 3, 1)
3
(65, 31)
-> Request 2
970
(4, 1, 1)
3
(7, 40)
-> Request 3
1318
(4, 3, 1)
1
(40, 79)
-> Request 4
1363
(4, 2, 1)
1
(47, 64)
-> Request 5
1364
(4, 2, 1)
1
(21, 63)
--> Day : 3
-> Request 0
128
(4, 1, 1)
2
(38, 15)
-> Request 1
775
(4, 3, 1)
3
(0, 45)
-> Request 2
851
(4, 3, 1)
1
(14, 32)
-> Request 3
1255
(4, 2, 1)
2
(5, 6)
-> Request 4
1301
(4, 3, 1)
3
(45, 41)
-> Request 5
1427
(4, 3, 1)
2
(45, 57)
--> Day : 4
-> Request 0
181
(4, 1, 1)
3
(57, 35)
-> Request 1
232
(4, 2, 1)
3
(44, 62)
-> Request 2
280
(4, 3, 1)
2
(58, 33)
-> Request 3
1415
(4, 2, 1)
2
(74, 41)
---> Week : 59
--> Day : 0
-> Request 0
182
(4, 1, 1)
3
(51, 4)
-> Request 1
437
(4, 1, 1)
3
(74, 27)
--> Day : 1
-> Request 0
210
(4, 3, 1)
1
(41, 17)
-> Request 1
1030
(4, 2, 1)
1
(14, 1)
-> Request 2
1373
(4, 1, 1)
2
(61, 36)
--> Day : 2
-> Request 0
237
(4, 2, 1)
2
(61, 68)
-> Request 1
344
(4, 3, 1)
1
(11, 65)
-> Request 2
360
(4, 3, 1)
3
(63, 50)
-> Request 3
441
(4, 2, 1)
3
(63, 7)
-> Request 4
1015
(4, 2, 1)
2
(67, 77)
--> Day : 3
-> Request 0
74
(4, 2, 1)
2
(39, 30)
-> Request 1
1217
(4, 2, 1)
1
(46, 61)
--> Day : 4
-> Request 0
177
(4, 2, 1)
1
(57, 20)
-> Request 1
246
(4, 3, 1)
1
(73, 60)
-> Request 2
741
(4, 3, 1)
1
(30, 69)
-> Request 3
885
(4, 2, 1)
1
(40, 34)
---> Week : 60
--> Day : 0
-> Request 0
265
(4, 2, 1)
2
(31, 16)
-> Request 1
566
(4, 3, 1)
2
(16, 63)
-> Request 2
656
(4, 3, 1)
1
(10, 56)
-> Request 3
747
(4, 2, 1)
3
(41, 18)
-> Request 4
1186
(4, 1, 1)
1
(31, 49)
--> Day : 1
-> Request 0
11
(4, 1, 1)
2
(1, 64)
-> Request 1
1132
(4, 3, 1)
3
(50, 33)
-> Request 2
1279
(4, 2, 1)
3
(61, 10)
-> Request 3
1330
(4, 3, 1)
1
(32, 69)
-> Request 4
1373
(4, 1, 1)
1
(41, 52)
-> Request 5
1398
(4, 3, 1)
1
(12, 19)
--> Day : 2
-> Request 0
464
(4, 1, 1)
2
(7, 33)
-> Request 1
482
(4, 3, 1)
1
(69, 12)
-> Request 2
674
(4, 1, 1)
2
(71, 24)
-> Request 3
684
(4, 3, 1)
2
(8, 31)
-> Request 4
1240
(4, 2, 1)
1
(28, 69)
-> Request 5
1299
(4, 2, 1)
3
(79, 77)
--> Day : 3
-> Request 0
122
(4, 1, 1)
2
(64, 4)
-> Request 1
1211
(4, 3, 1)
1
(59, 47)
-> Request 2
1214
(4, 3, 1)
3
(67, 49)
--> Day : 4
-> Request 0
95
(4, 3, 1)
3
(76, 55)
-> Request 1
346
(4, 3, 1)
1
(15, 55)
-> Request 2
463
(4, 3, 1)
3
(61, 22)
-> Request 3
492
(4, 3, 1)
1
(63, 10)
---> Week : 61
--> Day : 0
-> Request 0
207
(4, 3, 1)
1
(64, 1)
-> Request 1
537
(4, 3, 1)
1
(1, 4)
-> Request 2
1018
(4, 2, 1)
1
(51, 30)
-> Request 3
1432
(4, 1, 1)
2
(39, 21)
--> Day : 1
-> Request 0
131
(4, 2, 1)
1
(34, 65)
-> Request 1
293
(4, 2, 1)
1
(59, 56)
--> Day : 2
-> Request 0
688
(4, 1, 1)
3
(7, 15)
-> Request 1
1011
(4, 1, 1)
1
(22, 0)
-> Request 2
1417
(4, 2, 1)
3
(42, 0)
--> Day : 3
-> Request 0
189
(4, 1, 1)
2
(73, 55)
-> Request 1
262
(4, 2, 1)
1
(44, 61)
--> Day : 4
-> Request 0
448
(4, 3, 1)
2
(10, 2)
-> Request 1
638
(4, 3, 1)
1
(33, 19)
-> Request 2
799
(4, 2, 1)
2
(71, 6)
-> Request 3
950
(4, 1, 1)
2
(29, 29)
-> Request 4
1299
(4, 1, 1)
1
(20, 62)
---> Week : 62
--> Day : 0
-> Request 0
426
(4, 2, 1)
2
(42, 22)
-> Request 1
550
(4, 1, 1)
3
(21, 23)
-> Request 2
688
(4, 3, 1)
3
(40, 16)
-> Request 3
861
(4, 3, 1)
3
(4, 62)
-> Request 4
1068
(4, 1, 1)
1
(51, 38)
--> Day : 1
-> Request 0
128
(4, 3, 1)
1
(56, 0)
-> Request 1
369
(4, 2, 1)
1
(73, 28)
-> Request 2
749
(4, 2, 1)
1
(34, 35)
-> Request 3
916
(4, 3, 1)
3
(10, 36)
-> Request 4
1001
(4, 1, 1)
2
(38, 14)
--> Day : 2
--> Day : 3
-> Request 0
1145
(4, 1, 1)
3
(79, 50)
-> Request 1
1311
(4, 3, 1)
1
(38, 46)
--> Day : 4
-> Request 0
339
(4, 2, 1)
2
(36, 36)
---> Week : 63
--> Day : 0
-> Request 0
254
(4, 2, 1)
2
(49, 7)
-> Request 1
630
(4, 1, 1)
2
(37, 23)
-> Request 2
887
(4, 1, 1)
2
(43, 40)
-> Request 3
1049
(4, 1, 1)
2
(53, 56)
-> Request 4
1055
(4, 2, 1)
1
(2, 78)
-> Request 5
1085
(4, 2, 1)
3
(38, 69)
-> Request 6
1393
(4, 3, 1)
2
(9, 0)
--> Day : 1
-> Request 0
561
(4, 2, 1)
3
(32, 56)
-> Request 1
792
(4, 3, 1)
1
(12, 50)
-> Request 2
1169
(4, 3, 1)
1
(56, 22)
-> Request 3
1196
(4, 1, 1)
1
(66, 75)
--> Day : 2
-> Request 0
99
(4, 2, 1)
1
(12, 4)
-> Request 1
482
(4, 3, 1)
3
(23, 58)
-> Request 2
990
(4, 3, 1)
2
(73, 49)
-> Request 3
1346
(4, 1, 1)
2
(57, 5)
--> Day : 3
-> Request 0
270
(4, 3, 1)
2
(51, 41)
-> Request 1
380
(4, 2, 1)
1
(48, 60)
-> Request 2
737
(4, 2, 1)
3
(39, 55)
-> Request 3
883
(4, 3, 1)
2
(20, 74)
-> Request 4
964
(4, 2, 1)
1
(47, 59)
--> Day : 4
-> Request 0
388
(4, 2, 1)
2
(48, 25)
-> Request 1
629
(4, 3, 1)
3
(1, 61)
---> Week : 64
--> Day : 0
-> Request 0
331
(4, 1, 1)
2
(66, 60)
--> Day : 1
-> Request 0
394
(4, 1, 1)
1
(52, 69)
-> Request 1
435
(4, 2, 1)
1
(42, 67)
-> Request 2
803
(4, 3, 1)
2
(71, 30)
-> Request 3
1005
(4, 1, 1)
1
(7, 24)
-> Request 4
1105
(4, 3, 1)
3
(4, 0)
-> Request 5
1127
(4, 1, 1)
3
(18, 26)
--> Day : 2
-> Request 0
84
(4, 1, 1)
3
(67, 42)
-> Request 1
667
(4, 1, 1)
3
(29, 72)
-> Request 2
925
(4, 2, 1)
3
(23, 34)
-> Request 3
1015
(4, 2, 1)
3
(66, 60)
--> Day : 3
-> Request 0
98
(4, 3, 1)
3
(74, 1)
-> Request 1
152
(4, 2, 1)
3
(25, 8)
-> Request 2
316
(4, 2, 1)
3
(64, 57)
-> Request 3
1261
(4, 1, 1)
1
(14, 34)
-> Request 4
1418
(4, 1, 1)
2
(43, 74)
--> Day : 4
-> Request 0
166
(4, 1, 1)
2
(46, 31)
-> Request 1
530
(4, 1, 1)
1
(10, 9)
-> Request 2
1044
(4, 1, 1)
2
(35, 50)
---> Week : 65
--> Day : 0
-> Request 0
212
(4, 3, 1)
1
(13, 73)
-> Request 1
487
(4, 3, 1)
1
(43, 76)
-> Request 2
779
(4, 1, 1)
2
(39, 2)
-> Request 3
845
(4, 3, 1)
1
(57, 55)
-> Request 4
1057
(4, 2, 1)
3
(5, 63)
-> Request 5
1273
(4, 2, 1)
1
(43, 20)
-> Request 6
1344
(4, 1, 1)
2
(8, 54)
-> Request 7
1344
(4, 2, 1)
2
(55, 54)
--> Day : 1
-> Request 0
116
(4, 2, 1)
3
(72, 49)
-> Request 1
321
(4, 2, 1)
3
(0, 22)
-> Request 2
521
(4, 3, 1)
3
(54, 2)
-> Request 3
1137
(4, 3, 1)
1
(58, 72)
--> Day : 2
-> Request 0
138
(4, 3, 1)
1
(51, 68)
-> Request 1
508
(4, 3, 1)
2
(32, 7)
-> Request 2
641
(4, 2, 1)
1
(21, 50)
-> Request 3
642
(4, 1, 1)
3
(52, 0)
-> Request 4
921
(4, 2, 1)
3
(8, 32)
--> Day : 3
-> Request 0
367
(4, 3, 1)
3
(6, 7)
-> Request 1
1420
(4, 1, 1)
3
(12, 12)
--> Day : 4
-> Request 0
86
(4, 3, 1)
2
(12, 27)
-> Request 1
251
(4, 1, 1)
1
(53, 57)
-> Request 2
373
(4, 2, 1)
1
(58, 16)
-> Request 3
658
(4, 2, 1)
2
(2, 57)
-> Request 4
918
(4, 1, 1)
2
(21, 53)
-> Request 5
989
(4, 1, 1)
3
(0, 18)
-> Request 6
1146
(4, 2, 1)
1
(3, 44)
---> Week : 66
--> Day : 0
-> Request 0
239
(4, 3, 1)
3
(47, 6)
-> Request 1
247
(4, 1, 1)
2
(8, 46)
-> Request 2
337
(4, 3, 1)
3
(10, 63)
-> Request 3
630
(4, 2, 1)
2
(77, 57)
-> Request 4
873
(4, 1, 1)
1
(59, 7)
-> Request 5
995
(4, 2, 1)
1
(16, 75)
-> Request 6
1025
(4, 3, 1)
3
(26, 73)
-> Request 7
1223
(4, 3, 1)
1
(21, 14)
--> Day : 1
-> Request 0
680
(4, 3, 1)
2
(64, 8)
-> Request 1
688
(4, 1, 1)
2
(8, 79)
--> Day : 2
-> Request 0
360
(4, 1, 1)
1
(38, 30)
-> Request 1
1272
(4, 3, 1)
1
(25, 74)
-> Request 2
1343
(4, 3, 1)
3
(31, 66)
--> Day : 3
-> Request 0
33
(4, 3, 1)
1
(44, 45)
--> Day : 4
-> Request 0
586
(4, 3, 1)
1
(22, 62)
-> Request 1
628
(4, 3, 1)
3
(75, 37)
---> Week : 67
--> Day : 0
-> Request 0
128
(4, 1, 1)
2
(60, 77)
-> Request 1
300
(4, 2, 1)
3
(57, 30)
--> Day : 1
-> Request 0
1096
(4, 3, 1)
1
(50, 44)
-> Request 1
1151
(4, 3, 1)
1
(77, 70)
-> Request 2
1176
(4, 2, 1)
2
(3, 52)
-> Request 3
1259
(4, 2, 1)
3
(8, 29)
--> Day : 2
-> Request 0
487
(4, 1, 1)
1
(23, 65)
-> Request 1
705
(4, 2, 1)
2
(16, 34)
-> Request 2
913
(4, 2, 1)
2
(67, 39)
--> Day : 3
-> Request 0
564
(4, 3, 1)
1
(48, 53)
-> Request 1
628
(4, 1, 1)
1
(55, 72)
-> Request 2
682
(4, 2, 1)
1
(0, 74)
--> Day : 4
-> Request 0
333
(4, 1, 1)
2
(63, 64)
-> Request 1
449
(4, 3, 1)
1
(1, 71)
-> Request 2
453
(4, 3, 1)
1
(49, 30)
-> Request 3
1100
(4, 1, 1)
1
(70, 10)
---> Week : 68
--> Day : 0
-> Request 0
694
(4, 1, 1)
1
(1, 45)
-> Request 1
1047
(4, 3, 1)
2
(20, 44)
-> Request 2
1109
(4, 3, 1)
1
(69, 67)
-> Request 3
1383
(4, 1, 1)
2
(56, 22)
--> Day : 1
-> Request 0
586
(4, 3, 1)
3
(18, 58)
-> Request 1
1141
(4, 2, 1)
2
(29, 59)
--> Day : 2
-> Request 0
467
(4, 1, 1)
3
(6, 67)
--> Day : 3
-> Request 0
498
(4, 3, 1)
2
(35, 63)
-> Request 1
636
(4, 2, 1)
1
(77, 28)
-> Request 2
1182
(4, 3, 1)
3
(50, 47)
-> Request 3
1198
(4, 1, 1)
3
(30, 20)
--> Day : 4
-> Request 0
61
(4, 3, 1)
2
(24, 64)
-> Request 1
310
(4, 2, 1)
1
(57, 12)
-> Request 2
1256
(4, 2, 1)
3
(6, 57)
-> Request 3
1321
(4, 3, 1)
1
(21, 5)
---> Week : 69
--> Day : 0
-> Request 0
260
(4, 3, 1)
2
(77, 70)
-> Request 1
1196
(4, 1, 1)
1
(67, 67)
--> Day : 1
-> Request 0
372
(4, 2, 1)
2
(36, 79)
-> Request 1
481
(4, 1, 1)
3
(66, 49)
-> Request 2
514
(4, 3, 1)
3
(73, 51)
-> Request 3
687
(4, 3, 1)
3
(13, 73)
-> Request 4
694
(4, 1, 1)
1
(33, 53)
-> Request 5
718
(4, 3, 1)
3
(77, 21)
-> Request 6
1098
(4, 3, 1)
3
(7, 22)
-> Request 7
1395
(4, 3, 1)
2
(69, 13)
--> Day : 2
-> Request 0
15
(4, 3, 1)
3
(11, 43)
-> Request 1
785
(4, 1, 1)
3
(44, 51)
-> Request 2
930
(4, 1, 1)
1
(65, 58)
--> Day : 3
-> Request 0
434
(4, 3, 1)
3
(57, 52)
-> Request 1
903
(4, 3, 1)
2
(79, 22)
--> Day : 4
-> Request 0
432
(4, 3, 1)
2
(27, 9)
-> Request 1
707
(4, 2, 1)
2
(5, 39)
-> Request 2
1270
(4, 2, 1)
3
(35, 63)
---> Week : 70
--> Day : 0
-> Request 0
503
(4, 3, 1)
3
(62, 38)
-> Request 1
509
(4, 3, 1)
2
(71, 67)
-> Request 2
753
(4, 3, 1)
1
(6, 45)
-> Request 3
834
(4, 1, 1)
3
(54, 68)
-> Request 4
916
(4, 2, 1)
3
(78, 17)
-> Request 5
1005
(4, 3, 1)
3
(59, 43)
--> Day : 1
-> Request 0
647
(4, 2, 1)
2
(27, 21)
-> Request 1
838
(4, 1, 1)
2
(38, 22)
-> Request 2
846
(4, 2, 1)
1
(66, 78)
-> Request 3
875
(4, 1, 1)
1
(25, 2)
-> Request 4
891
(4, 3, 1)
3
(60, 78)
--> Day : 2
-> Request 0
658
(4, 2, 1)
1
(78, 36)
-> Request 1
679
(4, 3, 1)
2
(52, 69)
-> Request 2
719
(4, 2, 1)
3
(39, 5)
-> Request 3
747
(4, 1, 1)
3
(46, 26)
-> Request 4
942
(4, 2, 1)
1
(71, 60)
--> Day : 3
-> Request 0
600
(4, 2, 1)
2
(33, 30)
-> Request 1
705
(4, 1, 1)
2
(16, 72)
-> Request 2
1075
(4, 2, 1)
3
(55, 64)
--> Day : 4
-> Request 0
604
(4, 3, 1)
1
(6, 54)
-> Request 1
872
(4, 2, 1)
2
(12, 3)
-> Request 2
1015
(4, 1, 1)
1
(75, 27)
-> Request 3
1056
(4, 3, 1)
2
(66, 8)
-> Request 4
1067
(4, 2, 1)
1
(27, 77)
---> Week : 71
--> Day : 0
-> Request 0
93
(4, 2, 1)
3
(20, 53)
-> Request 1
157
(4, 2, 1)
2
(40, 61)
-> Request 2
272
(4, 1, 1)
3
(47, 6)
-> Request 3
646
(4, 3, 1)
1
(74, 62)
-> Request 4
1155
(4, 1, 1)
3
(31, 77)
-> Request 5
1194
(4, 2, 1)
1
(74, 18)
--> Day : 1
-> Request 0
274
(4, 3, 1)
1
(51, 75)
-> Request 1
847
(4, 2, 1)
2
(23, 75)
-> Request 2
1033
(4, 3, 1)
3
(78, 9)
--> Day : 2
-> Request 0
670
(4, 2, 1)
1
(49, 37)
-> Request 1
755
(4, 2, 1)
3
(68, 19)
-> Request 2
1006
(4, 1, 1)
3
(71, 79)
--> Day : 3
-> Request 0
1245
(4, 2, 1)
1
(32, 8)
--> Day : 4
-> Request 0
167
(4, 2, 1)
3
(15, 51)
-> Request 1
285
(4, 3, 1)
1
(79, 28)
-> Request 2
481
(4, 3, 1)
1
(27, 51)
-> Request 3
1436
(4, 2, 1)
2
(1, 32)
---> Week : 72
--> Day : 0
-> Request 0
30
(4, 2, 1)
1
(11, 24)
-> Request 1
1327
(4, 1, 1)
3
(15, 27)
-> Request 2
1383
(4, 2, 1)
2
(65, 62)
--> Day : 1
-> Request 0
98
(4, 1, 1)
1
(36, 4)
-> Request 1
471
(4, 1, 1)
1
(8, 66)
-> Request 2
630
(4, 2, 1)
3
(1, 31)
-> Request 3
1010
(4, 2, 1)
3
(4, 0)
-> Request 4
1057
(4, 3, 1)
1
(18, 55)
-> Request 5
1224
(4, 2, 1)
1
(62, 21)
-> Request 6
1287
(4, 2, 1)
1
(5, 4)
-> Request 7
1299
(4, 1, 1)
3
(41, 40)
--> Day : 2
-> Request 0
506
(4, 3, 1)
2
(20, 14)
-> Request 1
516
(4, 1, 1)
1
(15, 47)
-> Request 2
919
(4, 1, 1)
2
(64, 11)
-> Request 3
1252
(4, 3, 1)
1
(67, 4)
--> Day : 3
-> Request 0
359
(4, 3, 1)
1
(69, 69)
-> Request 1
1230
(4, 2, 1)
2
(43, 39)
-> Request 2
1377
(4, 2, 1)
2
(66, 69)
--> Day : 4
-> Request 0
268
(4, 1, 1)
3
(53, 55)
---> Week : 73
--> Day : 0
-> Request 0
213
(4, 2, 1)
2
(57, 15)
-> Request 1
223
(4, 1, 1)
1
(41, 53)
-> Request 2
867
(4, 2, 1)
3
(76, 67)
-> Request 3
1180
(4, 3, 1)
2
(78, 3)
-> Request 4
1234
(4, 2, 1)
2
(3, 6)
--> Day : 1
-> Request 0
769
(4, 2, 1)
2
(60, 45)
-> Request 1
905
(4, 1, 1)
1
(61, 70)
-> Request 2
999
(4, 3, 1)
2
(4, 4)
--> Day : 2
-> Request 0
394
(4, 3, 1)
1
(3, 55)
-> Request 1
496
(4, 3, 1)
1
(21, 44)
-> Request 2
970
(4, 1, 1)
1
(32, 17)
-> Request 3
1141
(4, 3, 1)
3
(33, 46)
-> Request 4
1160
(4, 3, 1)
3
(48, 24)
--> Day : 3
-> Request 0
652
(4, 2, 1)
3
(26, 21)
-> Request 1
688
(4, 2, 1)
3
(46, 64)
-> Request 2
727
(4, 2, 1)
2
(37, 27)
-> Request 3
1161
(4, 3, 1)
1
(46, 8)
--> Day : 4
-> Request 0
398
(4, 2, 1)
3
(48, 1)
-> Request 1
832
(4, 3, 1)
1
(12, 3)
-> Request 2
892
(4, 1, 1)
2
(70, 56)
-> Request 3
970
(4, 2, 1)
1
(51, 9)
---> Week : 74
--> Day : 0
-> Request 0
563
(4, 1, 1)
1
(51, 16)
-> Request 1
1219
(4, 2, 1)
3
(24, 49)
-> Request 2
1297
(4, 3, 1)
1
(31, 52)
-> Request 3
1320
(4, 3, 1)
1
(10, 31)
--> Day : 1
-> Request 0
70
(4, 2, 1)
3
(74, 35)
-> Request 1
384
(4, 2, 1)
1
(36, 34)
-> Request 2
1279
(4, 3, 1)
3
(49, 74)
-> Request 3
1283
(4, 2, 1)
2
(12, 53)
--> Day : 2
-> Request 0
69
(4, 2, 1)
2
(53, 15)
-> Request 1
238
(4, 3, 1)
3
(38, 17)
-> Request 2
347
(4, 1, 1)
1
(38, 72)
-> Request 3
632
(4, 1, 1)
3
(50, 6)
-> Request 4
689
(4, 2, 1)
1
(19, 9)
-> Request 5
1177
(4, 2, 1)
1
(65, 51)
--> Day : 3
-> Request 0
93
(4, 1, 1)
3
(26, 8)
-> Request 1
179
(4, 2, 1)
2
(32, 21)
-> Request 2
247
(4, 3, 1)
1
(39, 6)
-> Request 3
594
(4, 2, 1)
2
(54, 5)
-> Request 4
937
(4, 1, 1)
2
(66, 42)
-> Request 5
1434
(4, 2, 1)
2
(32, 40)
--> Day : 4
-> Request 0
179
(4, 1, 1)
1
(58, 56)
-> Request 1
997
(4, 1, 1)
2
(5, 43)
---> Week : 75
--> Day : 0
-> Request 0
57
(4, 1, 1)
1
(64, 36)
--> Day : 1
-> Request 0
145
(4, 1, 1)
1
(79, 52)
-> Request 1
494
(4, 2, 1)
1
(14, 74)
-> Request 2
684
(4, 2, 1)
3
(60, 16)
--> Day : 2
-> Request 0
83
(4, 2, 1)
3
(12, 1)
-> Request 1
312
(4, 1, 1)
2
(56, 69)
-> Request 2
382
(4, 3, 1)
1
(1, 73)
-> Request 3
816
(4, 2, 1)
1
(19, 26)
-> Request 4
987
(4, 3, 1)
3
(26, 60)
-> Request 5
1320
(4, 3, 1)
3
(46, 38)
--> Day : 3
-> Request 0
17
(4, 1, 1)
2
(72, 30)
-> Request 1
387
(4, 2, 1)
1
(39, 25)
-> Request 2
781
(4, 3, 1)
3
(58, 8)
-> Request 3
805
(4, 2, 1)
1
(17, 39)
-> Request 4
1005
(4, 3, 1)
2
(3, 70)
-> Request 5
1203
(4, 1, 1)
1
(14, 17)
-> Request 6
1363
(4, 3, 1)
1
(52, 32)
-> Request 7
1408
(4, 3, 1)
2
(42, 37)
--> Day : 4
-> Request 0
333
(4, 1, 1)
1
(20, 46)
-> Request 1
793
(4, 2, 1)
1
(30, 49)
-> Request 2
901
(4, 1, 1)
1
(49, 22)
-> Request 3
1169
(4, 1, 1)
1
(78, 2)
-> Request 4
1323
(4, 2, 1)
3
(38, 54)
---> Week : 76
--> Day : 0
-> Request 0
135
(4, 2, 1)
2
(8, 37)
-> Request 1
739
(4, 1, 1)
3
(16, 30)
-> Request 2
1003
(4, 3, 1)
1
(74, 24)
-> Request 3
1262
(4, 3, 1)
2
(29, 62)
--> Day : 1
-> Request 0
58
(4, 1, 1)
1
(67, 10)
-> Request 1
75
(4, 1, 1)
1
(17, 46)
--> Day : 2
-> Request 0
270
(4, 3, 1)
3
(52, 1)
-> Request 1
316
(4, 2, 1)
1
(33, 29)
-> Request 2
521
(4, 2, 1)
3
(68, 2)
--> Day : 3
-> Request 0
99
(4, 3, 1)
3
(43, 48)
-> Request 1
850
(4, 3, 1)
3
(43, 73)
-> Request 2
939
(4, 1, 1)
3
(75, 23)
-> Request 3
1016
(4, 3, 1)
3
(47, 76)
-> Request 4
1107
(4, 3, 1)
3
(25, 53)
-> Request 5
1133
(4, 2, 1)
1
(61, 1)
-> Request 6
1343
(4, 1, 1)
1
(9, 30)
--> Day : 4
-> Request 0
36
(4, 3, 1)
2
(54, 19)
-> Request 1
456
(4, 2, 1)
2
(71, 52)
---> Week : 77
--> Day : 0
-> Request 0
1012
(4, 1, 1)
1
(3, 45)
-> Request 1
1285
(4, 2, 1)
3
(38, 51)
--> Day : 1
-> Request 0
315
(4, 1, 1)
2
(16, 22)
-> Request 1
367
(4, 3, 1)
3
(21, 59)
-> Request 2
1191
(4, 3, 1)
2
(17, 0)
--> Day : 2
-> Request 0
184
(4, 1, 1)
2
(28, 72)
-> Request 1
484
(4, 1, 1)
3
(67, 47)
-> Request 2
998
(4, 1, 1)
1
(77, 65)
-> Request 3
1035
(4, 1, 1)
2
(43, 23)
--> Day : 3
-> Request 0
391
(4, 1, 1)
3
(63, 14)
-> Request 1
423
(4, 1, 1)
2
(54, 21)
-> Request 2
870
(4, 2, 1)
2
(24, 32)
-> Request 3
1043
(4, 2, 1)
3
(77, 71)
--> Day : 4
-> Request 0
671
(4, 3, 1)
2
(62, 69)
-> Request 1
1025
(4, 2, 1)
2
(12, 50)
-> Request 2
1046
(4, 2, 1)
3
(16, 0)
---> Week : 78
--> Day : 0
-> Request 0
421
(4, 1, 1)
3
(11, 9)
-> Request 1
800
(4, 3, 1)
1
(32, 43)
-> Request 2
896
(4, 1, 1)
1
(57, 54)
-> Request 3
1182
(4, 2, 1)
2
(48, 63)
--> Day : 1
-> Request 0
84
(4, 3, 1)
3
(16, 32)
-> Request 1
383
(4, 3, 1)
3
(56, 19)
-> Request 2
1315
(4, 3, 1)
3
(77, 76)
--> Day : 2
--> Day : 3
-> Request 0
70
(4, 1, 1)
2
(71, 18)
-> Request 1
329
(4, 1, 1)
2
(65, 6)
-> Request 2
1033
(4, 2, 1)
3
(79, 1)
-> Request 3
1193
(4, 3, 1)
2
(24, 31)
--> Day : 4
-> Request 0
51
(4, 2, 1)
3
(44, 31)
-> Request 1
123
(4, 1, 1)
2
(51, 3)
-> Request 2
424
(4, 1, 1)
2
(4, 46)
-> Request 3
962
(4, 2, 1)
1
(28, 4)
-> Request 4
1064
(4, 3, 1)
2
(48, 78)
---> Week : 79
--> Day : 0
-> Request 0
74
(4, 1, 1)
1
(57, 68)
-> Request 1
331
(4, 3, 1)
3
(40, 9)
-> Request 2
679
(4, 3, 1)
1
(11, 21)
-> Request 3
1115
(4, 3, 1)
3
(76, 57)
-> Request 4
1359
(4, 1, 1)
2
(68, 73)
--> Day : 1
-> Request 0
448
(4, 2, 1)
2
(1, 10)
-> Request 1
534
(4, 2, 1)
3
(36, 23)
-> Request 2
543
(4, 1, 1)
2
(51, 76)
-> Request 3
547
(4, 2, 1)
1
(19, 19)
-> Request 4
759
(4, 3, 1)
1
(23, 39)
--> Day : 2
-> Request 0
159
(4, 3, 1)
3
(48, 67)
-> Request 1
447
(4, 2, 1)
1
(39, 31)
-> Request 2
594
(4, 1, 1)
2
(8, 21)
-> Request 3
877
(4, 2, 1)
2
(7, 50)
-> Request 4
1350
(4, 2, 1)
3
(66, 51)
--> Day : 3
-> Request 0
872
(4, 3, 1)
1
(61, 74)
-> Request 1
1020
(4, 3, 1)
3
(76, 23)
-> Request 2
1087
(4, 2, 1)
3
(74, 65)
-> Request 3
1113
(4, 1, 1)
3
(39, 54)
-> Request 4
1280
(4, 2, 1)
2
(49, 19)
-> Request 5
1434
(4, 2, 1)
1
(61, 2)
--> Day : 4
-> Request 0
350
(4, 1, 1)
2
(58, 36)
-> Request 1
1172
(4, 2, 1)
1
(62, 74)
---> Week : 80
--> Day : 0
-> Request 0
394
(4, 2, 1)
2
(5, 64)
-> Request 1
981
(4, 1, 1)
1
(60, 77)
-> Request 2
1123
(4, 2, 1)
2
(37, 71)
--> Day : 1
-> Request 0
1137
(4, 1, 1)
1
(13, 23)
-> Request 1
1381
(4, 3, 1)
2
(34, 22)
--> Day : 2
-> Request 0
6
(4, 3, 1)
2
(50, 45)
--> Day : 3
-> Request 0
204
(4, 1, 1)
3
(42, 68)
-> Request 1
769
(4, 2, 1)
2
(20, 78)
-> Request 2
1087
(4, 2, 1)
2
(54, 30)
-> Request 3
1187
(4, 1, 1)
1
(25, 31)
-> Request 4
1387
(4, 1, 1)
1
(65, 49)
--> Day : 4
-> Request 0
468
(4, 3, 1)
1
(18, 73)
-> Request 1
840
(4, 2, 1)
3
(58, 10)
---> Week : 81
--> Day : 0
-> Request 0
641
(4, 2, 1)
2
(47, 17)
-> Request 1
674
(4, 3, 1)
1
(30, 14)
-> Request 2
966
(4, 1, 1)
1
(29, 1)
-> Request 3
1164
(4, 2, 1)
2
(6, 55)
--> Day : 1
-> Request 0
167
(4, 1, 1)
1
(74, 39)
-> Request 1
1226
(4, 1, 1)
2
(44, 79)
--> Day : 2
-> Request 0
150
(4, 3, 1)
2
(63, 41)
-> Request 1
165
(4, 2, 1)
2
(3, 47)
-> Request 2
460
(4, 2, 1)
1
(62, 45)
--> Day : 3
-> Request 0
486
(4, 3, 1)
2
(3, 9)
-> Request 1
774
(4, 3, 1)
1
(41, 45)
--> Day : 4
-> Request 0
502
(4, 1, 1)
1
(53, 39)
-> Request 1
544
(4, 1, 1)
3
(39, 60)
-> Request 2
977
(4, 3, 1)
1
(18, 66)
---> Week : 82
--> Day : 0
-> Request 0
115
(4, 2, 1)
2
(25, 65)
-> Request 1
536
(4, 2, 1)
2
(8, 69)
-> Request 2
686
(4, 3, 1)
2
(71, 36)
-> Request 3
860
(4, 2, 1)
3
(34, 63)
-> Request 4
1315
(4, 2, 1)
1
(0, 79)
--> Day : 1
-> Request 0
74
(4, 2, 1)
3
(51, 4)
-> Request 1
198
(4, 3, 1)
2
(28, 9)
-> Request 2
320
(4, 1, 1)
3
(70, 25)
-> Request 3
384
(4, 3, 1)
1
(56, 51)
-> Request 4
666
(4, 2, 1)
1
(70, 57)
-> Request 5
815
(4, 1, 1)
3
(43, 32)
-> Request 6
1225
(4, 3, 1)
3
(59, 58)
-> Request 7
1361
(4, 3, 1)
2
(30, 50)
--> Day : 2
-> Request 0
778
(4, 2, 1)
3
(7, 14)
-> Request 1
863
(4, 3, 1)
3
(0, 7)
-> Request 2
1337
(4, 3, 1)
2
(31, 10)
-> Request 3
1374
(4, 1, 1)
1
(75, 79)
--> Day : 3
-> Request 0
1145
(4, 1, 1)
3
(0, 78)
--> Day : 4
-> Request 0
79
(4, 1, 1)
3
(32, 78)
-> Request 1
124
(4, 1, 1)
2
(16, 35)
-> Request 2
130
(4, 1, 1)
3
(19, 55)
-> Request 3
274
(4, 2, 1)
2
(21, 56)
-> Request 4
294
(4, 3, 1)
3
(41, 55)
-> Request 5
298
(4, 1, 1)
2
(38, 65)
-> Request 6
574
(4, 2, 1)
1
(60, 76)
-> Request 7
880
(4, 3, 1)
3
(41, 19)
-> Request 8
1020
(4, 2, 1)
1
(76, 37)
-> Request 9
1239
(4, 1, 1)
2
(36, 20)
-> Request 10
1366
(4, 3, 1)
1
(49, 64)
---> Week : 83
--> Day : 0
-> Request 0
172
(4, 1, 1)
1
(74, 77)
-> Request 1
797
(4, 2, 1)
3
(59, 51)
-> Request 2
823
(4, 2, 1)
3
(43, 74)
-> Request 3
1027
(4, 2, 1)
2
(59, 76)
-> Request 4
1291
(4, 1, 1)
2
(64, 7)
--> Day : 1
-> Request 0
385
(4, 1, 1)
3
(48, 58)
-> Request 1
451
(4, 2, 1)
3
(71, 31)
-> Request 2
1085
(4, 3, 1)
3
(60, 12)
--> Day : 2
-> Request 0
325
(4, 1, 1)
2
(8, 4)
-> Request 1
513
(4, 2, 1)
2
(46, 2)
-> Request 2
515
(4, 2, 1)
2
(20, 67)
-> Request 3
1092
(4, 1, 1)
1
(57, 60)
--> Day : 3
-> Request 0
222
(4, 2, 1)
3
(54, 28)
-> Request 1
266
(4, 3, 1)
2
(73, 75)
-> Request 2
709
(4, 2, 1)
3
(7, 42)
-> Request 3
713
(4, 2, 1)
1
(63, 47)
-> Request 4
1356
(4, 1, 1)
3
(32, 30)
--> Day : 4
---> Week : 84
--> Day : 0
-> Request 0
287
(4, 2, 1)
3
(56, 6)
-> Request 1
644
(4, 3, 1)
2
(50, 11)
-> Request 2
659
(4, 1, 1)
1
(24, 22)
-> Request 3
750
(4, 1, 1)
3
(71, 67)
-> Request 4
791
(4, 2, 1)
1
(5, 69)
-> Request 5
1050
(4, 3, 1)
2
(55, 65)
--> Day : 1
-> Request 0
285
(4, 2, 1)
2
(19, 5)
-> Request 1
573
(4, 2, 1)
3
(41, 41)
-> Request 2
678
(4, 3, 1)
1
(25, 7)
-> Request 3
1149
(4, 2, 1)
3
(45, 41)
-> Request 4
1152
(4, 3, 1)
2
(52, 35)
-> Request 5
1332
(4, 2, 1)
1
(44, 45)
--> Day : 2
-> Request 0
208
(4, 3, 1)
1
(0, 39)
-> Request 1
298
(4, 1, 1)
3
(70, 10)
--> Day : 3
-> Request 0
35
(4, 3, 1)
2
(47, 47)
-> Request 1
721
(4, 1, 1)
3
(34, 58)
--> Day : 4
-> Request 0
638
(4, 1, 1)
1
(54, 44)
-> Request 1
716
(4, 3, 1)
2
(76, 14)
---> Week : 85
--> Day : 0
-> Request 0
46
(4, 3, 1)
2
(14, 6)
-> Request 1
210
(4, 1, 1)
1
(51, 70)
-> Request 2
386
(4, 3, 1)
3
(11, 39)
-> Request 3
745
(4, 2, 1)
3
(7, 59)
-> Request 4
1255
(4, 3, 1)
1
(2, 20)
-> Request 5
1280
(4, 3, 1)
1
(46, 74)
-> Request 6
1343
(4, 3, 1)
1
(63, 70)
--> Day : 1
-> Request 0
407
(4, 2, 1)
1
(13, 8)
-> Request 1
574
(4, 1, 1)
2
(12, 16)
-> Request 2
1267
(4, 1, 1)
3
(26, 39)
-> Request 3
1318
(4, 2, 1)
1
(17, 39)
--> Day : 2
-> Request 0
514
(4, 2, 1)
2
(72, 0)
-> Request 1
781
(4, 2, 1)
3
(32, 6)
-> Request 2
1071
(4, 3, 1)
2
(29, 9)
-> Request 3
1149
(4, 1, 1)
1
(24, 76)
-> Request 4
1201
(4, 1, 1)
3
(19, 31)
-> Request 5
1321
(4, 3, 1)
2
(7, 66)
-> Request 6
1416
(4, 3, 1)
2
(19, 69)
-> Request 7
1423
(4, 3, 1)
3
(52, 23)
--> Day : 3
-> Request 0
176
(4, 1, 1)
1
(0, 26)
-> Request 1
788
(4, 3, 1)
1
(40, 69)
-> Request 2
1019
(4, 3, 1)
2
(58, 11)
--> Day : 4
-> Request 0
483
(4, 3, 1)
2
(70, 23)
-> Request 1
602
(4, 2, 1)
3
(4, 21)
-> Request 2
857
(4, 2, 1)
2
(30, 62)
---> Week : 86
--> Day : 0
-> Request 0
169
(4, 2, 1)
3
(46, 40)
-> Request 1
423
(4, 3, 1)
3
(14, 47)
-> Request 2
543
(4, 1, 1)
1
(62, 13)
-> Request 3
774
(4, 3, 1)
1
(25, 73)
-> Request 4
852
(4, 1, 1)
3
(29, 78)
-> Request 5
1179
(4, 3, 1)
1
(65, 30)
--> Day : 1
-> Request 0
292
(4, 1, 1)
1
(43, 51)
-> Request 1
393
(4, 1, 1)
3
(77, 55)
-> Request 2
480
(4, 3, 1)
1
(76, 66)
-> Request 3
507
(4, 3, 1)
1
(8, 15)
-> Request 4
747
(4, 1, 1)
3
(60, 18)
-> Request 5
905
(4, 2, 1)
2
(78, 42)
-> Request 6
1103
(4, 1, 1)
1
(64, 45)
-> Request 7
1206
(4, 3, 1)
2
(19, 55)
-> Request 8
1229
(4, 3, 1)
1
(74, 9)
-> Request 9
1403
(4, 3, 1)
2
(9, 47)
--> Day : 2
-> Request 0
3
(4, 3, 1)
3
(39, 56)
-> Request 1
646
(4, 3, 1)
2
(55, 3)
-> Request 2
980
(4, 1, 1)
3
(57, 69)
-> Request 3
1176
(4, 3, 1)
1
(15, 76)
-> Request 4
1271
(4, 2, 1)
1
(33, 32)
--> Day : 3
-> Request 0
721
(4, 1, 1)
2
(70, 34)
-> Request 1
901
(4, 1, 1)
1
(74, 8)
-> Request 2
933
(4, 2, 1)
3
(13, 33)
-> Request 3
953
(4, 2, 1)
2
(13, 36)
--> Day : 4
-> Request 0
790
(4, 3, 1)
2
(35, 60)
-> Request 1
850
(4, 2, 1)
2
(20, 22)
---> Week : 87
--> Day : 0
-> Request 0
788
(4, 3, 1)
3
(8, 18)
--> Day : 1
-> Request 0
989
(4, 2, 1)
1
(63, 65)
-> Request 1
1434
(4, 2, 1)
1
(11, 41)
--> Day : 2
-> Request 0
495
(4, 1, 1)
3
(3, 5)
-> Request 1
536
(4, 2, 1)
3
(27, 51)
-> Request 2
555
(4, 3, 1)
3
(21, 16)
-> Request 3
1171
(4, 2, 1)
1
(73, 30)
--> Day : 3
-> Request 0
364
(4, 1, 1)
2
(53, 18)
-> Request 1
516
(4, 1, 1)
1
(70, 55)
-> Request 2
547
(4, 1, 1)
2
(22, 24)
--> Day : 4
-> Request 0
129
(4, 3, 1)
1
(34, 57)
-> Request 1
822
(4, 1, 1)
3
(19, 57)
-> Request 2
1238
(4, 1, 1)
1
(52, 50)
---> Week : 88
--> Day : 0
-> Request 0
11
(4, 3, 1)
1
(15, 15)
-> Request 1
282
(4, 2, 1)
1
(79, 47)
-> Request 2
329
(4, 3, 1)
1
(59, 63)
-> Request 3
366
(4, 1, 1)
1
(43, 22)
-> Request 4
422
(4, 1, 1)
2
(21, 22)
-> Request 5
951
(4, 2, 1)
3
(26, 70)
--> Day : 1
-> Request 0
1162
(4, 3, 1)
3
(34, 72)
-> Request 1
1386
(4, 2, 1)
3
(40, 10)
--> Day : 2
-> Request 0
280
(4, 1, 1)
2
(22, 31)
-> Request 1
943
(4, 2, 1)
2
(34, 58)
-> Request 2
964
(4, 2, 1)
3
(62, 3)
--> Day : 3
-> Request 0
661
(4, 1, 1)
2
(13, 14)
-> Request 1
1192
(4, 3, 1)
3
(54, 49)
-> Request 2
1286
(4, 1, 1)
1
(26, 68)
--> Day : 4
---> Week : 89
--> Day : 0
-> Request 0
389
(4, 3, 1)
2
(16, 73)
-> Request 1
683
(4, 1, 1)
1
(13, 25)
-> Request 2
696
(4, 3, 1)
1
(75, 22)
-> Request 3
1359
(4, 2, 1)
1
(32, 24)
--> Day : 1
-> Request 0
601
(4, 1, 1)
2
(8, 11)
-> Request 1
722
(4, 3, 1)
1
(21, 10)
--> Day : 2
-> Request 0
228
(4, 2, 1)
1
(55, 52)
-> Request 1
858
(4, 1, 1)
2
(62, 61)
-> Request 2
1098
(4, 3, 1)
3
(34, 7)
-> Request 3
1295
(4, 1, 1)
3
(42, 15)
--> Day : 3
-> Request 0
266
(4, 2, 1)
2
(69, 15)
-> Request 1
642
(4, 2, 1)
2
(50, 0)
-> Request 2
1049
(4, 1, 1)
1
(65, 71)
-> Request 3
1392
(4, 1, 1)
2
(31, 54)
--> Day : 4
-> Request 0
98
(4, 2, 1)
1
(67, 65)
-> Request 1
264
(4, 3, 1)
3
(58, 36)
-> Request 2
677
(4, 1, 1)
3
(37, 2)
-> Request 3
729
(4, 2, 1)
3
(27, 41)
-> Request 4
834
(4, 3, 1)
1
(41, 50)
-> Request 5
882
(4, 1, 1)
1
(35, 74)
-> Request 6
1254
(4, 1, 1)
3
(77, 45)
-> Request 7
1302
(4, 2, 1)
3
(20, 11)
---> Week : 90
--> Day : 0
-> Request 0
26
(4, 3, 1)
2
(33, 27)
-> Request 1
1170
(4, 3, 1)
3
(63, 33)
--> Day : 1
-> Request 0
10
(4, 1, 1)
1
(15, 64)
-> Request 1
1382
(4, 1, 1)
1
(71, 2)
--> Day : 2
-> Request 0
194
(4, 3, 1)
3
(36, 15)
-> Request 1
323
(4, 1, 1)
1
(31, 47)
-> Request 2
926
(4, 2, 1)
1
(2, 72)
-> Request 3
950
(4, 3, 1)
2
(55, 54)
-> Request 4
1222
(4, 1, 1)
2
(15, 6)
-> Request 5
1373
(4, 3, 1)
2
(74, 28)
--> Day : 3
-> Request 0
135
(4, 1, 1)
3
(12, 67)
-> Request 1
371
(4, 2, 1)
3
(42, 23)
--> Day : 4
-> Request 0
368
(4, 3, 1)
2
(79, 50)
-> Request 1
953
(4, 2, 1)
1
(24, 32)
-> Request 2
1214
(4, 3, 1)
2
(71, 42)
-> Request 3
1338
(4, 1, 1)
2
(66, 73)
-> Request 4
1409
(4, 3, 1)
3
(69, 14)
---> Week : 91
--> Day : 0
-> Request 0
686
(4, 1, 1)
2
(22, 78)
-> Request 1
783
(4, 3, 1)
1
(72, 68)
-> Request 2
1027
(4, 2, 1)
3
(6, 38)
--> Day : 1
-> Request 0
81
(4, 3, 1)
3
(48, 66)
-> Request 1
83
(4, 3, 1)
1
(1, 51)
-> Request 2
234
(4, 2, 1)
3
(0, 67)
-> Request 3
492
(4, 2, 1)
1
(38, 17)
-> Request 4
1295
(4, 3, 1)
2
(31, 3)
-> Request 5
1418
(4, 2, 1)
2
(63, 57)
--> Day : 2
-> Request 0
247
(4, 1, 1)
1
(58, 8)
-> Request 1
347
(4, 3, 1)
2
(26, 60)
-> Request 2
422
(4, 2, 1)
2
(20, 23)
-> Request 3
689
(4, 2, 1)
2
(70, 46)
-> Request 4
833
(4, 1, 1)
2
(35, 64)
-> Request 5
839
(4, 1, 1)
1
(73, 45)
-> Request 6
1308
(4, 1, 1)
1
(5, 10)
-> Request 7
1407
(4, 2, 1)
3
(37, 46)
--> Day : 3
-> Request 0
84
(4, 3, 1)
2
(7, 51)
--> Day : 4
-> Request 0
182
(4, 1, 1)
1
(67, 74)
-> Request 1
457
(4, 3, 1)
3
(56, 72)
-> Request 2
573
(4, 2, 1)
1
(43, 10)
-> Request 3
1118
(4, 3, 1)
2
(23, 14)
---> Week : 92
--> Day : 0
-> Request 0
233
(4, 1, 1)
1
(31, 33)
-> Request 1
246
(4, 3, 1)
1
(56, 45)
-> Request 2
436
(4, 1, 1)
1
(8, 0)
-> Request 3
828
(4, 3, 1)
2
(66, 10)
-> Request 4
1099
(4, 1, 1)
1
(39, 54)
-> Request 5
1143
(4, 2, 1)
3
(79, 36)
-> Request 6
1354
(4, 1, 1)
3
(27, 11)
--> Day : 1
-> Request 0
123
(4, 1, 1)
2
(60, 68)
-> Request 1
280
(4, 3, 1)
3
(44, 12)
-> Request 2
969
(4, 3, 1)
1
(76, 70)
-> Request 3
1062
(4, 1, 1)
3
(38, 7)
--> Day : 2
-> Request 0
49
(4, 3, 1)
2
(51, 25)
-> Request 1
528
(4, 1, 1)
1
(59, 60)
-> Request 2
619
(4, 1, 1)
2
(75, 41)
-> Request 3
1009
(4, 1, 1)
2
(69, 73)
-> Request 4
1273
(4, 2, 1)
2
(10, 25)
--> Day : 3
-> Request 0
41
(4, 3, 1)
2
(57, 67)
-> Request 1
126
(4, 3, 1)
1
(16, 76)
-> Request 2
442
(4, 1, 1)
2
(41, 53)
--> Day : 4
-> Request 0
38
(4, 2, 1)
2
(14, 76)
-> Request 1
211
(4, 1, 1)
2
(2, 11)
-> Request 2
326
(4, 3, 1)
2
(26, 36)
-> Request 3
351
(4, 1, 1)
3
(62, 49)
-> Request 4
684
(4, 2, 1)
3
(41, 46)
-> Request 5
885
(4, 3, 1)
1
(63, 46)
-> Request 6
1094
(4, 2, 1)
3
(10, 61)
---> Week : 93
--> Day : 0
-> Request 0
148
(4, 1, 1)
3
(65, 78)
-> Request 1
351
(4, 3, 1)
3
(40, 72)
-> Request 2
441
(4, 3, 1)
3
(70, 29)
--> Day : 1
-> Request 0
15
(4, 3, 1)
2
(47, 61)
-> Request 1
512
(4, 2, 1)
2
(5, 4)
-> Request 2
560
(4, 3, 1)
1
(13, 24)
-> Request 3
1229
(4, 2, 1)
2
(36, 70)
--> Day : 2
-> Request 0
296
(4, 1, 1)
3
(23, 34)
-> Request 1
406
(4, 2, 1)
1
(65, 23)
-> Request 2
961
(4, 2, 1)
2
(70, 5)
-> Request 3
1337
(4, 1, 1)
3
(2, 61)
--> Day : 3
-> Request 0
501
(4, 3, 1)
3
(58, 51)
-> Request 1
615
(4, 1, 1)
3
(22, 10)
-> Request 2
984
(4, 1, 1)
1
(33, 24)
-> Request 3
1427
(4, 3, 1)
3
(45, 47)
--> Day : 4
-> Request 0
108
(4, 2, 1)
3
(43, 68)
-> Request 1
170
(4, 3, 1)
1
(12, 60)
-> Request 2
184
(4, 2, 1)
1
(68, 55)
-> Request 3
622
(4, 3, 1)
3
(44, 11)
-> Request 4
670
(4, 2, 1)
1
(16, 34)
-> Request 5
1114
(4, 3, 1)
2
(76, 70)
-> Request 6
1360
(4, 3, 1)
1
(21, 67)
---> Week : 94
--> Day : 0
-> Request 0
202
(4, 2, 1)
1
(16, 57)
-> Request 1
502
(4, 2, 1)
3
(23, 12)
-> Request 2
1082
(4, 3, 1)
2
(34, 43)
-> Request 3
1310
(4, 3, 1)
3
(15, 44)
--> Day : 1
-> Request 0
3
(4, 2, 1)
1
(56, 5)
-> Request 1
584
(4, 1, 1)
3
(50, 60)
-> Request 2
911
(4, 3, 1)
1
(9, 62)
-> Request 3
996
(4, 1, 1)
3
(19, 24)
--> Day : 2
-> Request 0
281
(4, 2, 1)
2
(75, 51)
-> Request 1
371
(4, 3, 1)
1
(35, 17)
-> Request 2
978
(4, 2, 1)
3
(56, 55)
-> Request 3
1231
(4, 2, 1)
1
(61, 30)
--> Day : 3
-> Request 0
36
(4, 2, 1)
3
(27, 64)
-> Request 1
211
(4, 2, 1)
3
(27, 18)
-> Request 2
223
(4, 2, 1)
2
(66, 30)
-> Request 3
565
(4, 2, 1)
1
(6, 19)
-> Request 4
622
(4, 3, 1)
2
(37, 70)
-> Request 5
758
(4, 3, 1)
3
(13, 31)
-> Request 6
1135
(4, 2, 1)
2
(34, 10)
--> Day : 4
-> Request 0
185
(4, 2, 1)
2
(56, 3)
-> Request 1
875
(4, 3, 1)
2
(3, 61)
-> Request 2
1121
(4, 3, 1)
3
(30, 12)
-> Request 3
1432
(4, 1, 1)
1
(30, 31)
---> Week : 95
--> Day : 0
-> Request 0
1
(4, 1, 1)
3
(26, 56)
-> Request 1
1405
(4, 3, 1)
3
(79, 63)
--> Day : 1
-> Request 0
216
(4, 1, 1)
3
(33, 66)
-> Request 1
672
(4, 2, 1)
1
(24, 52)
-> Request 2
1026
(4, 2, 1)
2
(56, 35)
--> Day : 2
-> Request 0
498
(4, 1, 1)
2
(38, 1)
-> Request 1
808
(4, 1, 1)
3
(54, 39)
-> Request 2
933
(4, 1, 1)
3
(68, 26)
--> Day : 3
-> Request 0
959
(4, 1, 1)
1
(27, 74)
-> Request 1
1363
(4, 2, 1)
2
(41, 77)
--> Day : 4
-> Request 0
348
(4, 3, 1)
3
(29, 39)
-> Request 1
402
(4, 3, 1)
1
(71, 25)
-> Request 2
412
(4, 3, 1)
3
(30, 61)
-> Request 3
860
(4, 2, 1)
3
(37, 55)
-> Request 4
887
(4, 2, 1)
3
(10, 12)
-> Request 5
1382
(4, 1, 1)
3
(1, 7)
---> Week : 96
--> Day : 0
-> Request 0
65
(4, 2, 1)
3
(19, 28)
-> Request 1
128
(4, 1, 1)
1
(61, 64)
-> Request 2
174
(4, 3, 1)
2
(59, 69)
-> Request 3
926
(4, 1, 1)
1
(14, 28)
-> Request 4
1219
(4, 3, 1)
1
(42, 56)
--> Day : 1
-> Request 0
1067
(4, 2, 1)
1
(9, 48)
-> Request 1
1222
(4, 1, 1)
3
(68, 51)
--> Day : 2
-> Request 0
313
(4, 3, 1)
3
(38, 45)
-> Request 1
579
(4, 3, 1)
3
(24, 70)
-> Request 2
594
(4, 2, 1)
2
(74, 10)
-> Request 3
1000
(4, 2, 1)
2
(50, 68)
-> Request 4
1280
(4, 3, 1)
2
(61, 63)
--> Day : 3
-> Request 0
317
(4, 2, 1)
3
(56, 16)
-> Request 1
1227
(4, 2, 1)
1
(73, 26)
--> Day : 4
-> Request 0
390
(4, 1, 1)
3
(37, 37)
-> Request 1
544
(4, 3, 1)
3
(63, 13)
-> Request 2
1323
(4, 2, 1)
2
(63, 40)
-> Request 3
1355
(4, 3, 1)
1
(51, 8)
-> Request 4
1412
(4, 1, 1)
1
(24, 24)
-> Request 5
1429
(4, 2, 1)
1
(72, 10)
---> Week : 97
--> Day : 0
-> Request 0
689
(4, 2, 1)
2
(7, 2)
-> Request 1
867
(4, 1, 1)
3
(71, 0)
-> Request 2
915
(4, 3, 1)
2
(6, 3)
-> Request 3
1232
(4, 1, 1)
1
(46, 70)
-> Request 4
1388
(4, 3, 1)
1
(76, 46)
--> Day : 1
-> Request 0
868
(4, 3, 1)
3
(13, 49)
-> Request 1
1301
(4, 3, 1)
1
(15, 0)
--> Day : 2
-> Request 0
314
(4, 3, 1)
3
(13, 68)
-> Request 1
532
(4, 3, 1)
3
(58, 75)
-> Request 2
807
(4, 3, 1)
3
(17, 35)
-> Request 3
1392
(4, 1, 1)
2
(43, 74)
--> Day : 3
-> Request 0
176
(4, 3, 1)
2
(79, 58)
-> Request 1
1119
(4, 3, 1)
2
(75, 48)
-> Request 2
1324
(4, 1, 1)
1
(51, 17)
--> Day : 4
-> Request 0
904
(4, 2, 1)
2
(42, 20)
-> Request 1
1089
(4, 2, 1)
2
(67, 2)
-> Request 2
1112
(4, 3, 1)
3
(11, 19)
---> Week : 98
--> Day : 0
-> Request 0
84
(4, 3, 1)
1
(37, 6)
-> Request 1
120
(4, 1, 1)
2
(45, 3)
-> Request 2
650
(4, 1, 1)
1
(79, 58)
-> Request 3
739
(4, 2, 1)
1
(41, 4)
-> Request 4
820
(4, 3, 1)
3
(22, 64)
-> Request 5
1068
(4, 2, 1)
3
(37, 73)
--> Day : 1
-> Request 0
264
(4, 1, 1)
3
(54, 67)
-> Request 1
268
(4, 1, 1)
3
(56, 49)
-> Request 2
550
(4, 1, 1)
3
(15, 29)
-> Request 3
736
(4, 3, 1)
2
(22, 74)
-> Request 4
863
(4, 1, 1)
1
(34, 74)
--> Day : 2
-> Request 0
209
(4, 3, 1)
2
(51, 71)
-> Request 1
232
(4, 1, 1)
3
(68, 14)
-> Request 2
555
(4, 3, 1)
1
(26, 59)
-> Request 3
633
(4, 3, 1)
2
(18, 41)
--> Day : 3
-> Request 0
501
(4, 3, 1)
1
(39, 63)
-> Request 1
521
(4, 3, 1)
3
(36, 61)
-> Request 2
531
(4, 2, 1)
2
(41, 15)
-> Request 3
887
(4, 2, 1)
2
(25, 50)
--> Day : 4
-> Request 0
484
(4, 3, 1)
1
(78, 72)
---> Week : 99
--> Day : 0
-> Request 0
138
(4, 1, 1)
1
(34, 27)
--> Day : 1
-> Request 0
451
(4, 1, 1)
1
(54, 4)
--> Day : 2
-> Request 0
221
(4, 2, 1)
1
(22, 30)
-> Request 1
448
(4, 2, 1)
3
(0, 72)
-> Request 2
728
(4, 2, 1)
1
(2, 31)
-> Request 3
763
(4, 2, 1)
1
(31, 4)
-> Request 4
818
(4, 2, 1)
1
(25, 21)
-> Request 5
965
(4, 1, 1)
1
(42, 55)
-> Request 6
1042
(4, 1, 1)
2
(60, 16)
-> Request 7
1236
(4, 3, 1)
3
(29, 66)
-> Request 8
1296
(4, 1, 1)
1
(62, 29)
--> Day : 3
-> Request 0
102
(4, 2, 1)
3
(7, 35)
-> Request 1
226
(4, 3, 1)
1
(33, 34)
-> Request 2
622
(4, 2, 1)
2
(4, 58)
-> Request 3
898
(4, 1, 1)
1
(75, 34)
-> Request 4
1020
(4, 1, 1)
2
(39, 79)
-> Request 5
1193
(4, 1, 1)
1
(6, 43)
--> Day : 4
-> Request 0
361
(4, 1, 1)
3
(49, 70)
-> Request 1
413
(4, 3, 1)
1
(41, 24)
-> Request 2
1103
(4, 2, 1)
3
(79, 37)
-> Request 3
1233
(4, 3, 1)
2
(25, 33)
-> Request 4
1291
(4, 3, 1)
3
(58, 37)
-> Request 5
1416
(4, 3, 1)
3
(39, 60)
-> Request 6
1427
(4, 1, 1)
3
(22, 74)
---> Week : 100
--> Day : 0
-> Request 0
925
(4, 1, 1)
3
(44, 47)
--> Day : 1
-> Request 0
166
(4, 3, 1)
2
(45, 17)
-> Request 1
264
(4, 1, 1)
2
(34, 5)
-> Request 2
401
(4, 2, 1)
2
(4, 14)
-> Request 3
811
(4, 2, 1)
2
(1, 8)
-> Request 4
837
(4, 2, 1)
3
(18, 23)
--> Day : 2
-> Request 0
419
(4, 2, 1)
3
(9, 23)
-> Request 1
976
(4, 2, 1)
1
(13, 31)
-> Request 2
1111
(4, 1, 1)
1
(44, 7)
--> Day : 3
-> Request 0
296
(4, 1, 1)
1
(71, 19)
-> Request 1
440
(4, 2, 1)
1
(75, 45)
-> Request 2
544
(4, 3, 1)
1
(9, 5)
-> Request 3
559
(4, 3, 1)
2
(58, 13)
-> Request 4
714
(4, 2, 1)
1
(73, 63)
--> Day : 4
-> Request 0
689
(4, 2, 1)
3
(48, 11)
-> Request 1
808
(4, 2, 1)
3
(27, 63)
-> Request 2
1126
(4, 3, 1)
3
(41, 46)
-> Request 3
1153
(4, 3, 1)
2
(2, 22)
---> Week : 101
--> Day : 0
-> Request 0
764
(4, 1, 1)
1
(27, 38)
-> Request 1
1051
(4, 1, 1)
1
(60, 59)
--> Day : 1
-> Request 0
174
(4, 3, 1)
2
(62, 12)
-> Request 1
1387
(4, 1, 1)
3
(0, 58)
--> Day : 2
-> Request 0
496
(4, 2, 1)
3
(64, 36)
--> Day : 3
-> Request 0
210
(4, 1, 1)
2
(13, 26)
-> Request 1
633
(4, 3, 1)
3
(68, 5)
-> Request 2
740
(4, 3, 1)
2
(5, 35)
-> Request 3
806
(4, 1, 1)
1
(4, 67)
-> Request 4
1124
(4, 3, 1)
1
(8, 45)
--> Day : 4
-> Request 0
362
(4, 3, 1)
1
(37, 53)
-> Request 1
417
(4, 2, 1)
1
(22, 12)
-> Request 2
734
(4, 1, 1)
1
(20, 20)
-> Request 3
758
(4, 1, 1)
2
(20, 14)
-> Request 4
841
(4, 3, 1)
1
(1, 22)
---> Week : 102
--> Day : 0
-> Request 0
173
(4, 3, 1)
2
(77, 4)
-> Request 1
344
(4, 2, 1)
1
(8, 48)
-> Request 2
380
(4, 1, 1)
2
(18, 44)
-> Request 3
464
(4, 3, 1)
2
(70, 12)
--> Day : 1
-> Request 0
412
(4, 1, 1)
3
(52, 50)
-> Request 1
487
(4, 1, 1)
1
(66, 36)
-> Request 2
666
(4, 3, 1)
3
(49, 67)
-> Request 3
854
(4, 1, 1)
1
(68, 29)
-> Request 4
988
(4, 3, 1)
1
(32, 43)
--> Day : 2
-> Request 0
1106
(4, 2, 1)
1
(74, 57)
-> Request 1
1302
(4, 1, 1)
1
(26, 21)
-> Request 2
1349
(4, 3, 1)
2
(49, 65)
--> Day : 3
-> Request 0
136
(4, 3, 1)
3
(31, 44)
-> Request 1
213
(4, 2, 1)
1
(26, 70)
-> Request 2
929
(4, 2, 1)
2
(25, 55)
-> Request 3
1107
(4, 1, 1)
1
(15, 37)
--> Day : 4
-> Request 0
153
(4, 2, 1)
3
(68, 13)
-> Request 1
1299
(4, 1, 1)
2
(36, 21)
---> Week : 103
--> Day : 0
-> Request 0
247
(4, 3, 1)
3
(76, 42)
-> Request 1
291
(4, 2, 1)
2
(61, 3)
-> Request 2
315
(4, 2, 1)
2
(9, 35)
--> Day : 1
-> Request 0
344
(4, 3, 1)
2
(72, 5)
-> Request 1
626
(4, 1, 1)
1
(14, 48)
-> Request 2
1166
(4, 1, 1)
3
(66, 9)
-> Request 3
1247
(4, 1, 1)
2
(42, 54)
-> Request 4
1304
(4, 1, 1)
1
(65, 32)
--> Day : 2
-> Request 0
239
(4, 1, 1)
3
(19, 49)
-> Request 1
257
(4, 3, 1)
2
(74, 18)
-> Request 2
349
(4, 3, 1)
2
(27, 51)
-> Request 3
559
(4, 1, 1)
1
(42, 72)
-> Request 4
1075
(4, 3, 1)
2
(27, 14)
-> Request 5
1207
(4, 3, 1)
3
(0, 44)
-> Request 6
1270
(4, 3, 1)
3
(2, 48)
--> Day : 3
-> Request 0
77
(4, 1, 1)
1
(42, 11)
-> Request 1
542
(4, 3, 1)
1
(18, 17)
-> Request 2
652
(4, 3, 1)
3
(63, 79)
-> Request 3
1001
(4, 2, 1)
2
(4, 43)
-> Request 4
1164
(4, 1, 1)
3
(58, 77)
--> Day : 4
-> Request 0
328
(4, 1, 1)
2
(17, 75)
-> Request 1
393
(4, 1, 1)
3
(50, 20)
-> Request 2
844
(4, 1, 1)
3
(42, 57)
-> Request 3
1073
(4, 1, 1)
3
(60, 44)
-> Request 4
1286
(4, 2, 1)
3
(32, 27)
---> Week : 104
--> Day : 0
-> Request 0
611
(4, 2, 1)
3
(5, 72)
-> Request 1
788
(4, 2, 1)
3
(0, 29)
-> Request 2
1027
(4, 1, 1)
1
(17, 11)
-> Request 3
1333
(4, 1, 1)
1
(56, 48)
--> Day : 1
-> Request 0
233
(4, 1, 1)
3
(41, 26)
-> Request 1
341
(4, 1, 1)
1
(79, 77)
-> Request 2
451
(4, 3, 1)
2
(28, 44)
-> Request 3
462
(4, 1, 1)
1
(48, 79)
--> Day : 2
-> Request 0
20
(4, 3, 1)
2
(27, 21)
-> Request 1
155
(4, 1, 1)
2
(33, 65)
-> Request 2
269
(4, 1, 1)
1
(7, 53)
-> Request 3
447
(4, 1, 1)
2
(70, 0)
-> Request 4
647
(4, 2, 1)
2
(2, 0)
-> Request 5
1023
(4, 3, 1)
1
(30, 71)
--> Day : 3
-> Request 0
733
(4, 3, 1)
2
(78, 37)
-> Request 1
1066
(4, 1, 1)
2
(58, 69)
--> Day : 4
-> Request 0
198
(4, 2, 1)
3
(69, 61)
-> Request 1
842
(4, 3, 1)
3
(61, 6)
-> Request 2
1105
(4, 2, 1)
1
(14, 35)
-> Request 3
1139
(4, 3, 1)
1
(24, 12)
-> Request 4
1162
(4, 2, 1)
2
(48, 11)
---> Week : 105
--> Day : 0
-> Request 0
63
(4, 1, 1)
1
(51, 14)
-> Request 1
650
(4, 2, 1)
2
(3, 64)
--> Day : 1
-> Request 0
726
(4, 2, 1)
2
(77, 3)
-> Request 1
902
(4, 1, 1)
1
(21, 55)
-> Request 2
1327
(4, 3, 1)
2
(67, 12)
--> Day : 2
-> Request 0
198
(4, 1, 1)
1
(30, 17)
-> Request 1
263
(4, 1, 1)
1
(8, 67)
-> Request 2
327
(4, 3, 1)
3
(69, 66)
-> Request 3
396
(4, 3, 1)
1
(27, 60)
-> Request 4
1383
(4, 3, 1)
3
(10, 39)
--> Day : 3
-> Request 0
57
(4, 3, 1)
2
(55, 26)
-> Request 1
327
(4, 1, 1)
1
(30, 31)
-> Request 2
632
(4, 3, 1)
1
(66, 33)
-> Request 3
1144
(4, 2, 1)
3
(62, 30)
-> Request 4
1325
(4, 2, 1)
1
(9, 69)
--> Day : 4
-> Request 0
997
(4, 1, 1)
3
(11, 14)
-> Request 1
1009
(4, 2, 1)
3
(71, 36)
---> Week : 106
--> Day : 0
-> Request 0
155
(4, 1, 1)
1
(26, 35)
-> Request 1
429
(4, 3, 1)
1
(2, 53)
-> Request 2
694
(4, 3, 1)
1
(67, 36)
--> Day : 1
-> Request 0
619
(4, 3, 1)
2
(23, 11)
-> Request 1
666
(4, 1, 1)
1
(35, 59)
-> Request 2
997
(4, 3, 1)
1
(53, 63)
-> Request 3
1048
(4, 1, 1)
3
(6, 55)
-> Request 4
1291
(4, 2, 1)
1
(69, 1)
--> Day : 2
-> Request 0
440
(4, 1, 1)
3
(39, 38)
-> Request 1
582
(4, 3, 1)
1
(78, 5)
-> Request 2
1074
(4, 1, 1)
3
(55, 38)
-> Request 3
1107
(4, 1, 1)
2
(14, 55)
-> Request 4
1338
(4, 2, 1)
2
(46, 46)
--> Day : 3
-> Request 0
141
(4, 2, 1)
1
(35, 48)
-> Request 1
652
(4, 3, 1)
2
(78, 17)
-> Request 2
740
(4, 1, 1)
3
(32, 30)
-> Request 3
1091
(4, 3, 1)
2
(78, 22)
--> Day : 4
-> Request 0
228
(4, 2, 1)
3
(54, 65)
-> Request 1
1010
(4, 3, 1)
3
(77, 3)
---> Week : 107
--> Day : 0
-> Request 0
367
(4, 3, 1)
1
(44, 14)
-> Request 1
661
(4, 1, 1)
3
(44, 35)
-> Request 2
774
(4, 2, 1)
2
(4, 64)
-> Request 3
953
(4, 1, 1)
3
(0, 77)
-> Request 4
1056
(4, 2, 1)
3
(47, 22)
-> Request 5
1074
(4, 3, 1)
3
(47, 8)
-> Request 6
1213
(4, 3, 1)
2
(75, 41)
-> Request 7
1319
(4, 2, 1)
1
(6, 67)
-> Request 8
1337
(4, 1, 1)
3
(31, 46)
-> Request 9
1345
(4, 2, 1)
3
(75, 68)
--> Day : 1
-> Request 0
637
(4, 2, 1)
3
(26, 79)
-> Request 1
1007
(4, 2, 1)
3
(13, 18)
--> Day : 2
-> Request 0
54
(4, 2, 1)
1
(31, 45)
-> Request 1
66
(4, 3, 1)
1
(61, 4)
-> Request 2
381
(4, 2, 1)
3
(52, 43)
-> Request 3
710
(4, 2, 1)
1
(65, 72)
-> Request 4
966
(4, 3, 1)
1
(17, 60)
--> Day : 3
-> Request 0
208
(4, 2, 1)
1
(51, 30)
-> Request 1
413
(4, 3, 1)
3
(73, 51)
-> Request 2
538
(4, 2, 1)
3
(75, 20)
-> Request 3
948
(4, 1, 1)
2
(61, 64)
-> Request 4
1040
(4, 1, 1)
2
(47, 12)
-> Request 5
1070
(4, 2, 1)
2
(36, 27)
--> Day : 4
-> Request 0
171
(4, 3, 1)
3
(43, 68)
-> Request 1
384
(4, 1, 1)
2
(47, 51)
-> Request 2
789
(4, 2, 1)
3
(2, 28)
-> Request 3
1199
(4, 3, 1)
2
(15, 9)
---> Week : 108
--> Day : 0
-> Request 0
867
(4, 2, 1)
1
(46, 3)
--> Day : 1
-> Request 0
882
(4, 2, 1)
2
(54, 10)
-> Request 1
921
(4, 1, 1)
1
(77, 38)
-> Request 2
1028
(4, 3, 1)
1
(43, 8)
--> Day : 2
-> Request 0
271
(4, 1, 1)
2
(18, 13)
-> Request 1
346
(4, 1, 1)
1
(38, 52)
-> Request 2
572
(4, 1, 1)
2
(72, 31)
-> Request 3
600
(4, 2, 1)
1
(34, 32)
-> Request 4
845
(4, 2, 1)
1
(29, 14)
-> Request 5
872
(4, 3, 1)
1
(42, 66)
-> Request 6
1017
(4, 2, 1)
2
(79, 36)
-> Request 7
1082
(4, 1, 1)
2
(3, 26)
--> Day : 3
-> Request 0
921
(4, 2, 1)
1
(35, 35)
-> Request 1
1221
(4, 3, 1)
3
(73, 11)
--> Day : 4
-> Request 0
6
(4, 3, 1)
1
(48, 10)
-> Request 1
158
(4, 2, 1)
3
(29, 74)
-> Request 2
341
(4, 3, 1)
1
(54, 29)
-> Request 3
380
(4, 2, 1)
2
(25, 49)
-> Request 4
438
(4, 2, 1)
2
(59, 57)
-> Request 5
1298
(4, 2, 1)
2
(76, 15)
-> Request 6
1363
(4, 3, 1)
1
(67, 38)
---> Week : 109
--> Day : 0
-> Request 0
486
(4, 3, 1)
2
(49, 7)
-> Request 1
621
(4, 1, 1)
2
(17, 35)
-> Request 2
632
(4, 1, 1)
1
(43, 33)
-> Request 3
1385
(4, 3, 1)
3
(1, 47)
--> Day : 1
-> Request 0
295
(4, 3, 1)
2
(59, 60)
-> Request 1
422
(4, 1, 1)
1
(31, 31)
-> Request 2
698
(4, 1, 1)
3
(5, 25)
-> Request 3
924
(4, 2, 1)
1
(70, 30)
-> Request 4
991
(4, 1, 1)
2
(32, 64)
--> Day : 2
-> Request 0
238
(4, 1, 1)
3
(7, 74)
-> Request 1
682
(4, 3, 1)
2
(37, 63)
-> Request 2
991
(4, 3, 1)
2
(54, 62)
--> Day : 3
-> Request 0
351
(4, 1, 1)
3
(19, 74)
-> Request 1
852
(4, 1, 1)
2
(57, 79)
-> Request 2
932
(4, 3, 1)
3
(3, 63)
-> Request 3
1390
(4, 1, 1)
3
(0, 1)
--> Day : 4
-> Request 0
135
(4, 3, 1)
2
(4, 56)
-> Request 1
171
(4, 2, 1)
1
(58, 38)
---> Week : 110
--> Day : 0
-> Request 0
792
(4, 2, 1)
1
(4, 55)
-> Request 1
865
(4, 3, 1)
2
(67, 33)
-> Request 2
1012
(4, 3, 1)
3
(16, 75)
-> Request 3
1412
(4, 2, 1)
1
(10, 39)
--> Day : 1
-> Request 0
2
(4, 2, 1)
3
(58, 32)
-> Request 1
84
(4, 3, 1)
2
(70, 64)
-> Request 2
586
(4, 3, 1)
3
(17, 47)
-> Request 3
1042
(4, 3, 1)
3
(35, 12)
-> Request 4
1116
(4, 1, 1)
2
(69, 47)
--> Day : 2
-> Request 0
46
(4, 1, 1)
3
(46, 17)
-> Request 1
158
(4, 3, 1)
1
(42, 28)
-> Request 2
243
(4, 3, 1)
3
(57, 61)
-> Request 3
452
(4, 1, 1)
2
(11, 39)
-> Request 4
685
(4, 2, 1)
1
(79, 6)
-> Request 5
798
(4, 3, 1)
2
(1, 0)
-> Request 6
971
(4, 2, 1)
3
(14, 0)
--> Day : 3
-> Request 0
266
(4, 2, 1)
2
(30, 63)
-> Request 1
325
(4, 3, 1)
1
(19, 46)
-> Request 2
631
(4, 1, 1)
1
(14, 6)
--> Day : 4
-> Request 0
586
(4, 2, 1)
3
(26, 74)
-> Request 1
931
(4, 3, 1)
1
(75, 61)
-> Request 2
1008
(4, 3, 1)
2
(54, 65)
-> Request 3
1073
(4, 3, 1)
1
(20, 29)
-> Request 4
1146
(4, 2, 1)
1
(49, 17)
---> Week : 111
--> Day : 0
-> Request 0
47
(4, 3, 1)
2
(28, 51)
-> Request 1
422
(4, 2, 1)
1
(45, 14)
-> Request 2
424
(4, 2, 1)
2
(17, 18)
-> Request 3
1142
(4, 3, 1)
2
(48, 45)
-> Request 4
1158
(4, 3, 1)
3
(57, 51)
-> Request 5
1208
(4, 2, 1)
2
(71, 28)
--> Day : 1
-> Request 0
27
(4, 3, 1)
1
(50, 12)
-> Request 1
707
(4, 3, 1)
1
(53, 38)
-> Request 2
1322
(4, 1, 1)
1
(26, 18)
--> Day : 2
-> Request 0
509
(4, 2, 1)
3
(35, 41)
-> Request 1
879
(4, 2, 1)
3
(58, 37)
-> Request 2
1058
(4, 1, 1)
1
(4, 24)
-> Request 3
1381
(4, 3, 1)
3
(15, 45)
-> Request 4
1436
(4, 3, 1)
3
(10, 26)
--> Day : 3
-> Request 0
451
(4, 3, 1)
1
(24, 58)
-> Request 1
680
(4, 1, 1)
1
(4, 20)
-> Request 2
832
(4, 2, 1)
2
(19, 46)
-> Request 3
948
(4, 3, 1)
3
(27, 32)
-> Request 4
1207
(4, 1, 1)
2
(11, 39)
--> Day : 4
---> Week : 112
--> Day : 0
-> Request 0
1423
(4, 3, 1)
2
(61, 11)
--> Day : 1
-> Request 0
27
(4, 1, 1)
2
(9, 63)
-> Request 1
406
(4, 3, 1)
2
(18, 13)
-> Request 2
1006
(4, 1, 1)
3
(42, 57)
--> Day : 2
-> Request 0
236
(4, 3, 1)
2
(27, 21)
-> Request 1
1396
(4, 3, 1)
2
(39, 52)
--> Day : 3
-> Request 0
713
(4, 1, 1)
2
(5, 11)
-> Request 1
1290
(4, 2, 1)
2
(6, 46)
--> Day : 4
-> Request 0
377
(4, 1, 1)
2
(68, 1)
-> Request 1
1347
(4, 2, 1)
3
(22, 68)
-> Request 2
1390
(4, 3, 1)
2
(71, 33)
---> Week : 113
--> Day : 0
-> Request 0
289
(4, 1, 1)
3
(9, 48)
-> Request 1
736
(4, 1, 1)
2
(20, 25)
-> Request 2
1179
(4, 3, 1)
3
(6, 51)
--> Day : 1
-> Request 0
589
(4, 3, 1)
2
(51, 47)
-> Request 1
1420
(4, 3, 1)
1
(39, 66)
--> Day : 2
-> Request 0
349
(4, 2, 1)
3
(37, 69)
-> Request 1
398
(4, 2, 1)
1
(17, 41)
-> Request 2
1154
(4, 1, 1)
3
(51, 76)
--> Day : 3
-> Request 0
362
(4, 2, 1)
3
(23, 29)
-> Request 1
379
(4, 2, 1)
3
(30, 75)
-> Request 2
882
(4, 3, 1)
1
(32, 55)
-> Request 3
1077
(4, 3, 1)
2
(4, 55)
--> Day : 4
-> Request 0
759
(4, 2, 1)
3
(71, 36)
---> Week : 114
--> Day : 0
-> Request 0
190
(4, 3, 1)
3
(37, 18)
-> Request 1
597
(4, 2, 1)
3
(6, 77)
-> Request 2
641
(4, 2, 1)
3
(72, 52)
-> Request 3
641
(4, 2, 1)
1
(70, 4)
-> Request 4
1297
(4, 1, 1)
1
(63, 72)
-> Request 5
1325
(4, 1, 1)
2
(37, 79)
--> Day : 1
-> Request 0
53
(4, 2, 1)
3
(34, 75)
-> Request 1
630
(4, 3, 1)
3
(55, 45)
-> Request 2
663
(4, 3, 1)
3
(63, 48)
-> Request 3
735
(4, 3, 1)
2
(10, 23)
--> Day : 2
-> Request 0
288
(4, 2, 1)
3
(66, 29)
-> Request 1
542
(4, 3, 1)
3
(28, 17)
-> Request 2
839
(4, 1, 1)
2
(75, 53)
--> Day : 3
-> Request 0
515
(4, 1, 1)
1
(66, 32)
-> Request 1
592
(4, 1, 1)
1
(20, 44)
-> Request 2
1207
(4, 3, 1)
1
(25, 21)
--> Day : 4
-> Request 0
202
(4, 1, 1)
3
(26, 60)
-> Request 1
325
(4, 1, 1)
1
(66, 64)
-> Request 2
573
(4, 1, 1)
3
(77, 8)
---> Week : 115
--> Day : 0
-> Request 0
13
(4, 3, 1)
3
(54, 19)
-> Request 1
343
(4, 3, 1)
2
(34, 22)
-> Request 2
390
(4, 3, 1)
1
(45, 16)
-> Request 3
468
(4, 3, 1)
1
(10, 64)
-> Request 4
790
(4, 1, 1)
1
(1, 66)
-> Request 5
971
(4, 3, 1)
3
(71, 3)
--> Day : 1
-> Request 0
271
(4, 2, 1)
3
(72, 4)
-> Request 1
317
(4, 2, 1)
2
(69, 9)
-> Request 2
1047
(4, 3, 1)
2
(41, 52)
--> Day : 2
-> Request 0
572
(4, 1, 1)
3
(52, 49)
-> Request 1
1034
(4, 2, 1)
3
(31, 64)
-> Request 2
1177
(4, 2, 1)
3
(62, 9)
--> Day : 3
-> Request 0
1333
(4, 3, 1)
3
(49, 75)
--> Day : 4
-> Request 0
246
(4, 3, 1)
2
(8, 2)
-> Request 1
258
(4, 2, 1)
1
(8, 24)
-> Request 2
337
(4, 2, 1)
2
(30, 7)
-> Request 3
1233
(4, 3, 1)
2
(3, 22)
---> Week : 116
--> Day : 0
-> Request 0
81
(4, 1, 1)
1
(74, 41)
-> Request 1
91
(4, 2, 1)
1
(17, 48)
-> Request 2
467
(4, 2, 1)
2
(34, 46)
-> Request 3
910
(4, 2, 1)
1
(11, 38)
-> Request 4
1111
(4, 1, 1)
3
(39, 22)
--> Day : 1
-> Request 0
423
(4, 2, 1)
1
(64, 1)
-> Request 1
808
(4, 2, 1)
1
(3, 20)
-> Request 2
913
(4, 1, 1)
3
(20, 35)
-> Request 3
1105
(4, 1, 1)
1
(76, 44)
-> Request 4
1167
(4, 3, 1)
1
(4, 18)
-> Request 5
1345
(4, 1, 1)
3
(56, 60)
-> Request 6
1364
(4, 2, 1)
1
(68, 5)
--> Day : 2
-> Request 0
337
(4, 3, 1)
1
(13, 55)
-> Request 1
414
(4, 1, 1)
1
(76, 55)
-> Request 2
794
(4, 1, 1)
2
(22, 26)
-> Request 3
1381
(4, 3, 1)
1
(20, 71)
--> Day : 3
-> Request 0
178
(4, 2, 1)
1
(20, 15)
-> Request 1
180
(4, 2, 1)
1
(7, 76)
-> Request 2
239
(4, 3, 1)
3
(43, 56)
-> Request 3
287
(4, 1, 1)
2
(52, 60)
-> Request 4
543
(4, 1, 1)
2
(38, 61)
-> Request 5
1016
(4, 3, 1)
2
(30, 23)
-> Request 6
1283
(4, 1, 1)
3
(52, 16)
--> Day : 4
-> Request 0
304
(4, 2, 1)
3
(63, 32)
---> Week : 117
--> Day : 0
-> Request 0
327
(4, 2, 1)
3
(33, 72)
-> Request 1
784
(4, 3, 1)
2
(47, 64)
-> Request 2
1250
(4, 2, 1)
2
(28, 31)
--> Day : 1
-> Request 0
510
(4, 2, 1)
2
(32, 41)
-> Request 1
510
(4, 1, 1)
2
(36, 49)
-> Request 2
971
(4, 3, 1)
2
(73, 51)
--> Day : 2
-> Request 0
673
(4, 3, 1)
1
(48, 79)
-> Request 1
688
(4, 3, 1)
1
(74, 52)
-> Request 2
927
(4, 2, 1)
3
(17, 5)
-> Request 3
1189
(4, 1, 1)
3
(38, 38)
--> Day : 3
-> Request 0
666
(4, 1, 1)
2
(51, 64)
-> Request 1
819
(4, 1, 1)
2
(8, 28)
-> Request 2
1413
(4, 1, 1)
2
(27, 25)
--> Day : 4
-> Request 0
863
(4, 3, 1)
2
(32, 23)
-> Request 1
923
(4, 3, 1)
3
(45, 66)
-> Request 2
1010
(4, 2, 1)
2
(21, 6)
-> Request 3
1188
(4, 1, 1)
1
(30, 72)
-> Request 4
1238
(4, 2, 1)
3
(15, 10)
-> Request 5
1287
(4, 1, 1)
3
(6, 56)
-> Request 6
1408
(4, 2, 1)
1
(71, 10)
---> Week : 118
--> Day : 0
-> Request 0
12
(4, 2, 1)
3
(25, 50)
-> Request 1
63
(4, 1, 1)
2
(72, 41)
-> Request 2
80
(4, 3, 1)
1
(30, 71)
-> Request 3
268
(4, 3, 1)
2
(3, 51)
-> Request 4
491
(4, 2, 1)
1
(28, 4)
-> Request 5
797
(4, 3, 1)
1
(55, 68)
-> Request 6
1105
(4, 2, 1)
3
(73, 18)
--> Day : 1
-> Request 0
608
(4, 1, 1)
1
(71, 51)
-> Request 1
876
(4, 1, 1)
3
(4, 49)
-> Request 2
1076
(4, 1, 1)
3
(36, 46)
-> Request 3
1124
(4, 3, 1)
1
(62, 70)
-> Request 4
1177
(4, 1, 1)
1
(56, 8)
--> Day : 2
-> Request 0
8
(4, 3, 1)
1
(63, 69)
-> Request 1
777
(4, 1, 1)
3
(58, 52)
-> Request 2
934
(4, 2, 1)
3
(30, 21)
-> Request 3
1423
(4, 1, 1)
1
(30, 39)
--> Day : 3
-> Request 0
389
(4, 3, 1)
3
(28, 18)
-> Request 1
415
(4, 3, 1)
1
(23, 58)
-> Request 2
653
(4, 1, 1)
1
(76, 73)
-> Request 3
951
(4, 2, 1)
2
(55, 18)
-> Request 4
986
(4, 1, 1)
2
(59, 2)
--> Day : 4
---> Week : 119
--> Day : 0
-> Request 0
114
(4, 1, 1)
1
(3, 28)
-> Request 1
1063
(4, 3, 1)
1
(11, 63)
-> Request 2
1278
(4, 1, 1)
1
(70, 11)
--> Day : 1
-> Request 0
233
(4, 2, 1)
1
(29, 34)
-> Request 1
452
(4, 1, 1)
1
(23, 22)
-> Request 2
635
(4, 2, 1)
3
(68, 69)
--> Day : 2
-> Request 0
172
(4, 2, 1)
2
(75, 74)
-> Request 1
575
(4, 1, 1)
1
(68, 17)
-> Request 2
1035
(4, 1, 1)
2
(16, 41)
-> Request 3
1429
(4, 3, 1)
2
(30, 42)
--> Day : 3
-> Request 0
351
(4, 1, 1)
3
(19, 63)
-> Request 1
691
(4, 3, 1)
3
(72, 62)
-> Request 2
757
(4, 1, 1)
1
(72, 31)
-> Request 3
1343
(4, 2, 1)
2
(29, 65)
--> Day : 4
-> Request 0
278
(4, 2, 1)
3
(79, 17)
-> Request 1
366
(4, 3, 1)
3
(4, 63)
-> Request 2
660
(4, 3, 1)
1
(63, 27)
-> Request 3
1158
(4, 2, 1)
3
(59, 14)
---> Week : 120
--> Day : 0
-> Request 0
1290
(4, 2, 1)
2
(37, 14)
--> Day : 1
-> Request 0
134
(4, 2, 1)
3
(65, 64)
-> Request 1
757
(4, 1, 1)
2
(77, 28)
-> Request 2
1379
(4, 2, 1)
3
(6, 1)
--> Day : 2
-> Request 0
48
(4, 3, 1)
1
(14, 33)
-> Request 1
666
(4, 2, 1)
3
(62, 32)
-> Request 2
923
(4, 3, 1)
3
(25, 8)
-> Request 3
935
(4, 2, 1)
1
(60, 31)
--> Day : 3
-> Request 0
10
(4, 1, 1)
2
(78, 75)
-> Request 1
58
(4, 1, 1)
2
(63, 25)
-> Request 2
296
(4, 2, 1)
2
(71, 31)
-> Request 3
666
(4, 1, 1)
3
(47, 66)
-> Request 4
882
(4, 1, 1)
1
(79, 35)
-> Request 5
1151
(4, 1, 1)
1
(29, 41)
--> Day : 4
-> Request 0
158
(4, 3, 1)
2
(36, 47)
-> Request 1
628
(4, 2, 1)
2
(44, 40)
-> Request 2
1344
(4, 2, 1)
3
(13, 38)
---> Week : 121
--> Day : 0
-> Request 0
370
(4, 2, 1)
1
(29, 30)
-> Request 1
493
(4, 1, 1)
1
(28, 15)
-> Request 2
1270
(4, 2, 1)
1
(1, 8)
-> Request 3
1349
(4, 1, 1)
1
(62, 0)
-> Request 4
1399
(4, 1, 1)
3
(69, 43)
--> Day : 1
-> Request 0
96
(4, 1, 1)
3
(62, 43)
-> Request 1
302
(4, 1, 1)
1
(1, 65)
-> Request 2
1041
(4, 3, 1)
3
(57, 14)
-> Request 3
1252
(4, 2, 1)
2
(11, 61)
--> Day : 2
-> Request 0
367
(4, 2, 1)
2
(79, 66)
-> Request 1
716
(4, 1, 1)
2
(53, 47)
-> Request 2
1212
(4, 2, 1)
2
(29, 78)
-> Request 3
1313
(4, 3, 1)
3
(55, 71)
--> Day : 3
-> Request 0
248
(4, 1, 1)
3
(29, 69)
-> Request 1
535
(4, 2, 1)
3
(58, 34)
-> Request 2
561
(4, 3, 1)
3
(32, 76)
-> Request 3
693
(4, 1, 1)
3
(17, 30)
-> Request 4
968
(4, 2, 1)
2
(73, 61)
-> Request 5
1170
(4, 2, 1)
1
(35, 10)
--> Day : 4
-> Request 0
31
(4, 1, 1)
2
(8, 20)
-> Request 1
317
(4, 1, 1)
2
(18, 29)
---> Week : 122
--> Day : 0
-> Request 0
221
(4, 1, 1)
3
(57, 32)
-> Request 1
585
(4, 3, 1)
1
(39, 20)
-> Request 2
718
(4, 2, 1)
2
(4, 18)
--> Day : 1
-> Request 0
317
(4, 3, 1)
3
(43, 13)
-> Request 1
498
(4, 1, 1)
2
(23, 76)
-> Request 2
644
(4, 2, 1)
3
(25, 30)
-> Request 3
996
(4, 2, 1)
3
(71, 45)
-> Request 4
1175
(4, 3, 1)
2
(26, 77)
-> Request 5
1222
(4, 3, 1)
3
(34, 52)
--> Day : 2
-> Request 0
45
(4, 2, 1)
1
(30, 5)
-> Request 1
77
(4, 1, 1)
2
(27, 16)
-> Request 2
110
(4, 1, 1)
2
(67, 16)
-> Request 3
470
(4, 1, 1)
2
(60, 71)
-> Request 4
785
(4, 3, 1)
2
(19, 53)
-> Request 5
1255
(4, 3, 1)
1
(8, 70)
--> Day : 3
-> Request 0
59
(4, 3, 1)
2
(55, 70)
-> Request 1
309
(4, 2, 1)
2
(43, 73)
-> Request 2
700
(4, 3, 1)
1
(53, 44)
-> Request 3
826
(4, 1, 1)
3
(78, 51)
-> Request 4
953
(4, 1, 1)
1
(64, 43)
--> Day : 4
-> Request 0
161
(4, 3, 1)
1
(61, 26)
-> Request 1
402
(4, 3, 1)
2
(59, 16)
-> Request 2
884
(4, 1, 1)
1
(40, 42)
---> Week : 123
--> Day : 0
-> Request 0
196
(4, 2, 1)
2
(69, 75)
-> Request 1
237
(4, 3, 1)
3
(44, 47)
-> Request 2
710
(4, 1, 1)
1
(49, 50)
-> Request 3
1197
(4, 3, 1)
3
(2, 9)
--> Day : 1
-> Request 0
160
(4, 2, 1)
3
(16, 25)
-> Request 1
660
(4, 1, 1)
2
(40, 55)
-> Request 2
665
(4, 1, 1)
3
(41, 26)
-> Request 3
958
(4, 3, 1)
2
(26, 21)
-> Request 4
1094
(4, 3, 1)
3
(39, 2)
-> Request 5
1143
(4, 3, 1)
2
(30, 77)
-> Request 6
1257
(4, 3, 1)
1
(12, 43)
--> Day : 2
-> Request 0
219
(4, 2, 1)
2
(9, 72)
-> Request 1
276
(4, 1, 1)
1
(2, 70)
-> Request 2
505
(4, 2, 1)
1
(21, 40)
-> Request 3
962
(4, 2, 1)
2
(48, 14)
--> Day : 3
-> Request 0
791
(4, 2, 1)
1
(9, 22)
-> Request 1
923
(4, 2, 1)
1
(29, 34)
-> Request 2
1002
(4, 2, 1)
2
(55, 76)
-> Request 3
1016
(4, 3, 1)
3
(39, 70)
-> Request 4
1290
(4, 3, 1)
1
(74, 45)
--> Day : 4
-> Request 0
47
(4, 1, 1)
3
(41, 15)
-> Request 1
111
(4, 3, 1)
3
(38, 10)
-> Request 2
189
(4, 2, 1)
1
(17, 44)
-> Request 3
423
(4, 2, 1)
3
(29, 39)
-> Request 4
551
(4, 3, 1)
1
(24, 13)
-> Request 5
574
(4, 2, 1)
2
(3, 69)
---> Week : 124
--> Day : 0
-> Request 0
308
(4, 3, 1)
3
(28, 51)
-> Request 1
336
(4, 2, 1)
2
(24, 36)
-> Request 2
430
(4, 3, 1)
2
(30, 69)
-> Request 3
1170
(4, 3, 1)
2
(5, 70)
--> Day : 1
-> Request 0
72
(4, 1, 1)
1
(63, 59)
-> Request 1
304
(4, 3, 1)
2
(69, 11)
-> Request 2
382
(4, 2, 1)
2
(40, 9)
-> Request 3
671
(4, 1, 1)
1
(39, 47)
-> Request 4
738
(4, 2, 1)
1
(45, 50)
-> Request 5
1007
(4, 2, 1)
2
(75, 56)
--> Day : 2
-> Request 0
262
(4, 2, 1)
2
(77, 36)
-> Request 1
476
(4, 1, 1)
1
(58, 28)
--> Day : 3
-> Request 0
4
(4, 2, 1)
2
(0, 1)
-> Request 1
138
(4, 3, 1)
2
(37, 6)
-> Request 2
716
(4, 2, 1)
2
(2, 50)
-> Request 3
894
(4, 1, 1)
1
(57, 30)
-> Request 4
1362
(4, 3, 1)
2
(76, 45)
--> Day : 4
-> Request 0
234
(4, 2, 1)
2
(7, 29)
-> Request 1
416
(4, 2, 1)
2
(20, 46)
-> Request 2
457
(4, 2, 1)
2
(59, 40)
-> Request 3
753
(4, 1, 1)
3
(41, 36)
-> Request 4
1029
(4, 2, 1)
2
(39, 14)
---> Week : 125
--> Day : 0
-> Request 0
403
(4, 1, 1)
1
(1, 26)
-> Request 1
829
(4, 3, 1)
1
(45, 21)
-> Request 2
1096
(4, 3, 1)
3
(16, 55)
--> Day : 1
-> Request 0
406
(4, 1, 1)
2
(64, 20)
-> Request 1
688
(4, 2, 1)
1
(61, 28)
-> Request 2
936
(4, 3, 1)
1
(43, 13)
-> Request 3
1134
(4, 3, 1)
2
(6, 11)
-> Request 4
1384
(4, 1, 1)
3
(45, 39)
--> Day : 2
-> Request 0
171
(4, 2, 1)
1
(11, 34)
-> Request 1
215
(4, 3, 1)
1
(43, 49)
-> Request 2
1352
(4, 3, 1)
3
(79, 16)
-> Request 3
1433
(4, 3, 1)
3
(77, 49)
--> Day : 3
--> Day : 4
-> Request 0
322
(4, 2, 1)
1
(7, 11)
---> Week : 126
--> Day : 0
-> Request 0
540
(4, 3, 1)
1
(77, 26)
-> Request 1
551
(4, 3, 1)
2
(64, 32)
-> Request 2
757
(4, 3, 1)
3
(2, 29)
-> Request 3
1050
(4, 3, 1)
1
(49, 63)
--> Day : 1
-> Request 0
166
(4, 3, 1)
2
(2, 51)
-> Request 1
212
(4, 3, 1)
1
(23, 76)
-> Request 2
325
(4, 1, 1)
1
(7, 16)
-> Request 3
330
(4, 3, 1)
3
(6, 5)
-> Request 4
838
(4, 1, 1)
3
(48, 26)
-> Request 5
846
(4, 2, 1)
3
(24, 52)
--> Day : 2
-> Request 0
219
(4, 1, 1)
1
(31, 4)
-> Request 1
221
(4, 2, 1)
3
(13, 19)
--> Day : 3
-> Request 0
93
(4, 1, 1)
3
(6, 26)
-> Request 1
678
(4, 3, 1)
2
(36, 50)
-> Request 2
720
(4, 1, 1)
1
(3, 28)
-> Request 3
735
(4, 1, 1)
2
(40, 19)
-> Request 4
1134
(4, 2, 1)
2
(2, 32)
-> Request 5
1396
(4, 2, 1)
2
(48, 20)
--> Day : 4
-> Request 0
72
(4, 3, 1)
3
(55, 32)
-> Request 1
111
(4, 3, 1)
2
(40, 54)
-> Request 2
467
(4, 2, 1)
1
(0, 31)
-> Request 3
514
(4, 2, 1)
3
(13, 28)
-> Request 4
563
(4, 2, 1)
2
(27, 3)
-> Request 5
590
(4, 3, 1)
1
(37, 28)
-> Request 6
860
(4, 2, 1)
2
(21, 78)
-> Request 7
1401
(4, 3, 1)
1
(20, 46)
---> Week : 127
--> Day : 0
-> Request 0
130
(4, 3, 1)
3
(5, 34)
-> Request 1
260
(4, 3, 1)
1
(35, 1)
-> Request 2
546
(4, 2, 1)
2
(4, 70)
-> Request 3
1247
(4, 1, 1)
2
(11, 0)
--> Day : 1
-> Request 0
889
(4, 1, 1)
2
(1, 79)
-> Request 1
914
(4, 1, 1)
2
(0, 30)
--> Day : 2
-> Request 0
398
(4, 2, 1)
1
(23, 21)
-> Request 1
1038
(4, 2, 1)
1
(56, 64)
-> Request 2
1403
(4, 2, 1)
1
(40, 70)
--> Day : 3
-> Request 0
154
(4, 1, 1)
2
(26, 6)
--> Day : 4
-> Request 0
779
(4, 3, 1)
3
(2, 5)
-> Request 1
869
(4, 3, 1)
2
(73, 72)
-> Request 2
1161
(4, 1, 1)
3
(67, 65)
-> Request 3
1415
(4, 1, 1)
1
(3, 19)
---> Week : 128
--> Day : 0
-> Request 0
575
(4, 3, 1)
1
(49, 4)
-> Request 1
944
(4, 1, 1)
1
(72, 6)
--> Day : 1
-> Request 0
45
(4, 2, 1)
3
(50, 15)
-> Request 1
240
(4, 1, 1)
3
(10, 12)
-> Request 2
314
(4, 3, 1)
3
(23, 63)
-> Request 3
342
(4, 1, 1)
2
(16, 22)
-> Request 4
377
(4, 2, 1)
3
(28, 66)
-> Request 5
390
(4, 1, 1)
3
(52, 75)
-> Request 6
608
(4, 2, 1)
3
(12, 73)
-> Request 7
654
(4, 1, 1)
1
(78, 67)
-> Request 8
822
(4, 2, 1)
3
(71, 61)
-> Request 9
828
(4, 2, 1)
3
(59, 43)
--> Day : 2
-> Request 0
40
(4, 1, 1)
2
(25, 31)
-> Request 1
57
(4, 1, 1)
2
(17, 52)
-> Request 2
399
(4, 1, 1)
2
(59, 6)
-> Request 3
407
(4, 2, 1)
1
(39, 55)
-> Request 4
556
(4, 1, 1)
2
(16, 15)
-> Request 5
562
(4, 2, 1)
2
(77, 28)
-> Request 6
959
(4, 2, 1)
2
(69, 6)
-> Request 7
1004
(4, 2, 1)
2
(8, 62)
-> Request 8
1172
(4, 3, 1)
2
(61, 39)
--> Day : 3
-> Request 0
136
(4, 3, 1)
3
(30, 74)
-> Request 1
187
(4, 3, 1)
2
(21, 65)
-> Request 2
893
(4, 1, 1)
2
(71, 2)
-> Request 3
936
(4, 1, 1)
1
(36, 77)
-> Request 4
1421
(4, 3, 1)
1
(44, 67)
-> Request 5
1431
(4, 3, 1)
2
(41, 52)
--> Day : 4
-> Request 0
666
(4, 2, 1)
1
(56, 24)
-> Request 1
1083
(4, 1, 1)
1
(22, 35)
-> Request 2
1204
(4, 3, 1)
2
(26, 2)
-> Request 3
1316
(4, 1, 1)
1
(64, 72)
---> Week : 129
--> Day : 0
-> Request 0
108
(4, 1, 1)
1
(46, 25)
-> Request 1
328
(4, 1, 1)
1
(78, 66)
-> Request 2
506
(4, 1, 1)
3
(38, 29)
-> Request 3
518
(4, 1, 1)
1
(31, 60)
-> Request 4
529
(4, 2, 1)
3
(26, 33)
-> Request 5
1113
(4, 3, 1)
2
(20, 6)
-> Request 6
1232
(4, 1, 1)
3
(33, 60)
--> Day : 1
-> Request 0
68
(4, 1, 1)
1
(75, 72)
-> Request 1
117
(4, 2, 1)
1
(45, 59)
-> Request 2
735
(4, 2, 1)
3
(5, 55)
-> Request 3
980
(4, 2, 1)
1
(23, 44)
-> Request 4
1106
(4, 2, 1)
1
(34, 68)
-> Request 5
1286
(4, 1, 1)
3
(41, 79)
--> Day : 2
-> Request 0
901
(4, 1, 1)
1
(39, 5)
--> Day : 3
-> Request 0
984
(4, 3, 1)
2
(57, 15)
-> Request 1
1037
(4, 3, 1)
3
(36, 10)
--> Day : 4
-> Request 0
14
(4, 1, 1)
1
(36, 63)
-> Request 1
157
(4, 1, 1)
2
(39, 13)
-> Request 2
274
(4, 3, 1)
2
(54, 24)
-> Request 3
950
(4, 1, 1)
1
(79, 23)
-> Request 4
1078
(4, 2, 1)
3
(57, 39)
---> Week : 130
--> Day : 0
-> Request 0
1024
(4, 2, 1)
3
(0, 71)
-> Request 1
1178
(4, 2, 1)
1
(19, 51)
-> Request 2
1234
(4, 3, 1)
3
(68, 13)
--> Day : 1
-> Request 0
191
(4, 3, 1)
1
(79, 16)
-> Request 1
250
(4, 1, 1)
2
(29, 42)
-> Request 2
410
(4, 3, 1)
3
(30, 6)
-> Request 3
910
(4, 2, 1)
2
(61, 43)
-> Request 4
1089
(4, 1, 1)
1
(7, 2)
-> Request 5
1384
(4, 2, 1)
2
(67, 47)
--> Day : 2
-> Request 0
982
(4, 3, 1)
3
(57, 2)
-> Request 1
993
(4, 2, 1)
3
(14, 64)
-> Request 2
1022
(4, 2, 1)
2
(63, 27)
--> Day : 3
-> Request 0
523
(4, 3, 1)
1
(11, 13)
-> Request 1
736
(4, 3, 1)
2
(79, 10)
-> Request 2
1157
(4, 2, 1)
2
(41, 68)
--> Day : 4
-> Request 0
451
(4, 3, 1)
3
(2, 72)
-> Request 1
900
(4, 1, 1)
2
(39, 51)
---> Week : 131
--> Day : 0
-> Request 0
76
(4, 3, 1)
2
(4, 26)
-> Request 1
268
(4, 1, 1)
1
(37, 38)
-> Request 2
319
(4, 3, 1)
3
(0, 4)
-> Request 3
455
(4, 3, 1)
1
(74, 60)
-> Request 4
599
(4, 2, 1)
3
(17, 21)
-> Request 5
1207
(4, 3, 1)
2
(75, 29)
-> Request 6
1241
(4, 2, 1)
2
(16, 16)
--> Day : 1
-> Request 0
104
(4, 1, 1)
3
(6, 26)
-> Request 1
158
(4, 1, 1)
2
(77, 53)
-> Request 2
979
(4, 2, 1)
3
(7, 32)
-> Request 3
1194
(4, 2, 1)
2
(55, 48)
--> Day : 2
-> Request 0
318
(4, 3, 1)
1
(6, 13)
-> Request 1
401
(4, 3, 1)
1
(41, 32)
-> Request 2
962
(4, 2, 1)
1
(5, 70)
--> Day : 3
-> Request 0
268
(4, 3, 1)
2
(0, 16)
-> Request 1
624
(4, 3, 1)
3
(73, 63)
-> Request 2
632
(4, 3, 1)
1
(10, 61)
-> Request 3
841
(4, 3, 1)
1
(10, 39)
-> Request 4
895
(4, 3, 1)
1
(24, 40)
-> Request 5
980
(4, 2, 1)
3
(24, 51)
-> Request 6
1233
(4, 1, 1)
1
(30, 6)
--> Day : 4
-> Request 0
376
(4, 1, 1)
1
(11, 4)
-> Request 1
961
(4, 2, 1)
2
(56, 77)
-> Request 2
1324
(4, 3, 1)
3
(4, 30)
---> Week : 132
--> Day : 0
-> Request 0
161
(4, 3, 1)
3
(30, 42)
-> Request 1
473
(4, 3, 1)
1
(7, 0)
-> Request 2
561
(4, 3, 1)
1
(3, 66)
-> Request 3
696
(4, 3, 1)
2
(23, 57)
-> Request 4
758
(4, 3, 1)
3
(72, 38)
-> Request 5
1082
(4, 3, 1)
3
(54, 52)
--> Day : 1
-> Request 0
721
(4, 1, 1)
1
(37, 28)
-> Request 1
788
(4, 2, 1)
3
(1, 73)
-> Request 2
1401
(4, 1, 1)
1
(72, 7)
--> Day : 2
-> Request 0
23
(4, 3, 1)
3
(22, 35)
-> Request 1
355
(4, 2, 1)
1
(11, 69)
-> Request 2
429
(4, 2, 1)
2
(23, 51)
-> Request 3
1361
(4, 3, 1)
2
(21, 58)
--> Day : 3
-> Request 0
285
(4, 2, 1)
2
(62, 77)
-> Request 1
414
(4, 1, 1)
2
(61, 58)
-> Request 2
685
(4, 3, 1)
2
(60, 53)
-> Request 3
916
(4, 3, 1)
1
(27, 22)
-> Request 4
1288
(4, 2, 1)
3
(49, 36)
-> Request 5
1307
(4, 1, 1)
1
(32, 11)
--> Day : 4
-> Request 0
421
(4, 1, 1)
1
(43, 73)
-> Request 1
811
(4, 3, 1)
2
(68, 58)
-> Request 2
1208
(4, 2, 1)
2
(72, 47)
-> Request 3
1292
(4, 2, 1)
2
(11, 64)
---> Week : 133
--> Day : 0
-> Request 0
59
(4, 3, 1)
2
(12, 12)
-> Request 1
130
(4, 3, 1)
3
(5, 79)
-> Request 2
349
(4, 2, 1)
2
(31, 0)
-> Request 3
418
(4, 2, 1)
2
(53, 72)
-> Request 4
882
(4, 1, 1)
2
(26, 17)
-> Request 5
989
(4, 2, 1)
2
(39, 26)
-> Request 6
990
(4, 1, 1)
3
(38, 25)
-> Request 7
1046
(4, 2, 1)
2
(2, 43)
-> Request 8
1211
(4, 1, 1)
1
(5, 68)
-> Request 9
1436
(4, 1, 1)
1
(73, 50)
--> Day : 1
-> Request 0
206
(4, 1, 1)
3
(68, 60)
-> Request 1
298
(4, 2, 1)
1
(16, 44)
-> Request 2
533
(4, 3, 1)
2
(46, 55)
--> Day : 2
-> Request 0
114
(4, 1, 1)
1
(59, 67)
-> Request 1
205
(4, 3, 1)
1
(20, 59)
-> Request 2
318
(4, 2, 1)
2
(39, 59)
-> Request 3
1131
(4, 2, 1)
3
(59, 65)
--> Day : 3
-> Request 0
127
(4, 2, 1)
1
(52, 63)
-> Request 1
234
(4, 2, 1)
3
(45, 24)
-> Request 2
680
(4, 1, 1)
2
(19, 64)
-> Request 3
967
(4, 3, 1)
2
(2, 14)
--> Day : 4
-> Request 0
191
(4, 2, 1)
1
(36, 75)
-> Request 1
1325
(4, 3, 1)
1
(76, 74)
-> Request 2
1415
(4, 2, 1)
3
(1, 62)
---> Week : 134
--> Day : 0
-> Request 0
278
(4, 2, 1)
3
(36, 6)
-> Request 1
685
(4, 2, 1)
3
(43, 52)
-> Request 2
777
(4, 1, 1)
3
(29, 9)
-> Request 3
931
(4, 1, 1)
2
(63, 56)
-> Request 4
961
(4, 2, 1)
1
(3, 12)
--> Day : 1
-> Request 0
120
(4, 3, 1)
3
(51, 66)
-> Request 1
137
(4, 3, 1)
1
(25, 32)
-> Request 2
769
(4, 2, 1)
3
(52, 70)
-> Request 3
1035
(4, 1, 1)
1
(26, 42)
-> Request 4
1242
(4, 1, 1)
2
(73, 12)
--> Day : 2
-> Request 0
30
(4, 3, 1)
3
(32, 73)
-> Request 1
191
(4, 3, 1)
1
(74, 55)
-> Request 2
258
(4, 1, 1)
1
(10, 56)
-> Request 3
425
(4, 3, 1)
3
(62, 72)
-> Request 4
834
(4, 2, 1)
2
(15, 15)
-> Request 5
1417
(4, 3, 1)
2
(74, 2)
--> Day : 3
-> Request 0
193
(4, 2, 1)
1
(74, 76)
-> Request 1
309
(4, 1, 1)
1
(33, 63)
-> Request 2
317
(4, 2, 1)
1
(23, 61)
-> Request 3
856
(4, 3, 1)
1
(61, 51)
-> Request 4
1015
(4, 2, 1)
1
(49, 4)
-> Request 5
1046
(4, 2, 1)
1
(63, 19)
-> Request 6
1239
(4, 1, 1)
2
(3, 63)
--> Day : 4
-> Request 0
90
(4, 3, 1)
1
(55, 37)
-> Request 1
196
(4, 1, 1)
2
(69, 37)
-> Request 2
508
(4, 3, 1)
1
(7, 50)
-> Request 3
568
(4, 3, 1)
1
(21, 34)
-> Request 4
791
(4, 3, 1)
1
(58, 47)
-> Request 5
842
(4, 3, 1)
3
(69, 0)
-> Request 6
1132
(4, 1, 1)
3
(63, 46)
-> Request 7
1169
(4, 1, 1)
2
(69, 42)
---> Week : 135
--> Day : 0
-> Request 0
35
(4, 1, 1)
2
(8, 75)
-> Request 1
244
(4, 3, 1)
3
(60, 41)
-> Request 2
1289
(4, 3, 1)
3
(4, 73)
--> Day : 1
-> Request 0
441
(4, 2, 1)
2
(11, 73)
-> Request 1
483
(4, 3, 1)
3
(14, 37)
-> Request 2
1274
(4, 1, 1)
1
(63, 17)
--> Day : 2
-> Request 0
42
(4, 2, 1)
3
(51, 46)
--> Day : 3
-> Request 0
399
(4, 3, 1)
2
(68, 58)
-> Request 1
669
(4, 1, 1)
1
(66, 37)
-> Request 2
780
(4, 1, 1)
1
(53, 52)
-> Request 3
981
(4, 3, 1)
2
(72, 46)
-> Request 4
1287
(4, 1, 1)
1
(26, 48)
--> Day : 4
-> Request 0
267
(4, 1, 1)
1
(45, 6)
-> Request 1
735
(4, 3, 1)
3
(20, 58)
-> Request 2
866
(4, 1, 1)
1
(59, 36)
---> Week : 136
--> Day : 0
-> Request 0
182
(4, 1, 1)
3
(4, 23)
-> Request 1
1049
(4, 2, 1)
1
(42, 26)
--> Day : 1
--> Day : 2
-> Request 0
676
(4, 3, 1)
1
(41, 0)
-> Request 1
785
(4, 1, 1)
2
(38, 14)
-> Request 2
1291
(4, 3, 1)
3
(0, 32)
--> Day : 3
-> Request 0
65
(4, 2, 1)
2
(18, 33)
-> Request 1
80
(4, 2, 1)
3
(6, 27)
-> Request 2
582
(4, 1, 1)
3
(63, 68)
-> Request 3
813
(4, 2, 1)
3
(16, 32)
-> Request 4
948
(4, 2, 1)
1
(5, 25)
-> Request 5
1117
(4, 3, 1)
2
(40, 55)
-> Request 6
1403
(4, 3, 1)
3
(29, 5)
--> Day : 4
-> Request 0
107
(4, 3, 1)
3
(64, 71)
-> Request 1
577
(4, 3, 1)
3
(62, 11)
-> Request 2
612
(4, 2, 1)
1
(63, 36)
-> Request 3
686
(4, 3, 1)
3
(29, 54)
-> Request 4
707
(4, 3, 1)
3
(4, 33)
-> Request 5
1082
(4, 2, 1)
1
(69, 42)
---> Week : 137
--> Day : 0
-> Request 0
190
(4, 3, 1)
3
(5, 36)
-> Request 1
714
(4, 3, 1)
3
(27, 15)
-> Request 2
1358
(4, 2, 1)
3
(66, 55)
--> Day : 1
-> Request 0
180
(4, 2, 1)
1
(3, 25)
-> Request 1
826
(4, 1, 1)
1
(13, 50)
-> Request 2
954
(4, 3, 1)
3
(72, 61)
--> Day : 2
-> Request 0
155
(4, 3, 1)
2
(16, 71)
-> Request 1
712
(4, 3, 1)
1
(29, 39)
-> Request 2
775
(4, 1, 1)
2
(74, 46)
-> Request 3
888
(4, 2, 1)
2
(29, 70)
-> Request 4
997
(4, 2, 1)
3
(39, 36)
-> Request 5
1422
(4, 2, 1)
3
(58, 71)
--> Day : 3
-> Request 0
33
(4, 1, 1)
1
(10, 7)
-> Request 1
244
(4, 3, 1)
2
(29, 65)
-> Request 2
575
(4, 3, 1)
1
(38, 66)
-> Request 3
647
(4, 3, 1)
2
(19, 9)
-> Request 4
832
(4, 3, 1)
3
(8, 65)
-> Request 5
997
(4, 3, 1)
2
(17, 22)
-> Request 6
998
(4, 2, 1)
1
(69, 15)
-> Request 7
1103
(4, 2, 1)
1
(25, 7)
-> Request 8
1222
(4, 2, 1)
2
(56, 54)
--> Day : 4
-> Request 0
328
(4, 3, 1)
3
(49, 71)
-> Request 1
521
(4, 2, 1)
2
(5, 48)
-> Request 2
682
(4, 2, 1)
3
(47, 30)
-> Request 3
954
(4, 1, 1)
3
(54, 71)
-> Request 4
1219
(4, 2, 1)
1
(1, 62)
-> Request 5
1253
(4, 3, 1)
1
(24, 14)
---> Week : 138
--> Day : 0
-> Request 0
33
(4, 3, 1)
1
(17, 64)
-> Request 1
90
(4, 3, 1)
2
(42, 64)
-> Request 2
154
(4, 1, 1)
1
(50, 49)
-> Request 3
182
(4, 2, 1)
1
(54, 28)
-> Request 4
1404
(4, 2, 1)
3
(54, 44)
--> Day : 1
-> Request 0
1071
(4, 3, 1)
3
(59, 23)
--> Day : 2
-> Request 0
645
(4, 3, 1)
1
(22, 4)
-> Request 1
649
(4, 3, 1)
3
(40, 36)
-> Request 2
792
(4, 3, 1)
2
(72, 73)
--> Day : 3
-> Request 0
93
(4, 1, 1)
2
(53, 27)
-> Request 1
1065
(4, 1, 1)
1
(7, 28)
--> Day : 4
-> Request 0
38
(4, 1, 1)
2
(25, 60)
-> Request 1
89
(4, 1, 1)
3
(28, 77)
-> Request 2
395
(4, 3, 1)
3
(49, 53)
-> Request 3
745
(4, 1, 1)
1
(72, 54)
-> Request 4
848
(4, 2, 1)
1
(24, 18)
---> Week : 139
--> Day : 0
-> Request 0
75
(4, 2, 1)
3
(56, 40)
-> Request 1
707
(4, 2, 1)
2
(54, 61)
-> Request 2
731
(4, 3, 1)
3
(31, 68)
-> Request 3
784
(4, 2, 1)
2
(38, 6)
-> Request 4
879
(4, 2, 1)
3
(19, 72)
-> Request 5
920
(4, 2, 1)
2
(52, 3)
-> Request 6
1249
(4, 1, 1)
2
(52, 74)
-> Request 7
1349
(4, 1, 1)
1
(39, 8)
--> Day : 1
-> Request 0
1000
(4, 3, 1)
3
(34, 9)
-> Request 1
1059
(4, 2, 1)
2
(7, 70)
-> Request 2
1163
(4, 2, 1)
1
(50, 8)
-> Request 3
1421
(4, 1, 1)
3
(7, 77)
-> Request 4
1426
(4, 1, 1)
3
(10, 44)
--> Day : 2
-> Request 0
421
(4, 1, 1)
2
(62, 59)
-> Request 1
707
(4, 3, 1)
3
(34, 17)
-> Request 2
762
(4, 2, 1)
2
(43, 70)
-> Request 3
1196
(4, 1, 1)
2
(55, 77)
--> Day : 3
-> Request 0
156
(4, 1, 1)
3
(52, 43)
-> Request 1
719
(4, 1, 1)
2
(53, 65)
-> Request 2
847
(4, 3, 1)
2
(35, 32)
--> Day : 4
-> Request 0
9
(4, 1, 1)
2
(51, 69)
-> Request 1
264
(4, 3, 1)
3
(48, 44)
-> Request 2
752
(4, 2, 1)
1
(3, 9)
-> Request 3
1162
(4, 2, 1)
2
(26, 65)
-> Request 4
1165
(4, 2, 1)
3
(60, 60)
-> Request 5
1283
(4, 2, 1)
1
(15, 37)
---> Week : 140
--> Day : 0
-> Request 0
87
(4, 2, 1)
1
(29, 18)
-> Request 1
97
(4, 3, 1)
2
(46, 3)
-> Request 2
453
(4, 1, 1)
3
(49, 45)
-> Request 3
618
(4, 2, 1)
1
(46, 38)
-> Request 4
897
(4, 1, 1)
3
(56, 32)
-> Request 5
1341
(4, 3, 1)
2
(23, 48)
--> Day : 1
-> Request 0
85
(4, 3, 1)
1
(45, 58)
-> Request 1
355
(4, 3, 1)
2
(65, 48)
-> Request 2
655
(4, 1, 1)
1
(20, 36)
-> Request 3
736
(4, 3, 1)
3
(8, 57)
-> Request 4
1141
(4, 2, 1)
3
(26, 72)
--> Day : 2
-> Request 0
177
(4, 3, 1)
1
(31, 39)
-> Request 1
223
(4, 3, 1)
1
(61, 36)
-> Request 2
587
(4, 2, 1)
3
(74, 37)
-> Request 3
784
(4, 3, 1)
1
(10, 60)
-> Request 4
1054
(4, 2, 1)
3
(1, 56)
-> Request 5
1345
(4, 1, 1)
1
(62, 58)
--> Day : 3
-> Request 0
290
(4, 1, 1)
1
(30, 57)
-> Request 1
293
(4, 2, 1)
3
(74, 78)
-> Request 2
445
(4, 2, 1)
1
(6, 35)
-> Request 3
675
(4, 2, 1)
2
(72, 10)
-> Request 4
831
(4, 2, 1)
1
(51, 62)
-> Request 5
988
(4, 2, 1)
1
(70, 6)
-> Request 6
1399
(4, 1, 1)
2
(34, 49)
--> Day : 4
-> Request 0
248
(4, 3, 1)
2
(26, 18)
-> Request 1
466
(4, 3, 1)
1
(28, 72)
-> Request 2
669
(4, 1, 1)
2
(38, 72)
-> Request 3
731
(4, 1, 1)
1
(67, 10)
---> Week : 141
--> Day : 0
-> Request 0
571
(4, 2, 1)
2
(20, 76)
-> Request 1
672
(4, 3, 1)
1
(24, 38)
-> Request 2
1328
(4, 3, 1)
2
(3, 78)
--> Day : 1
-> Request 0
536
(4, 3, 1)
3
(78, 75)
-> Request 1
699
(4, 2, 1)
2
(36, 53)
-> Request 2
924
(4, 2, 1)
3
(79, 46)
--> Day : 2
-> Request 0
1019
(4, 3, 1)
1
(69, 47)
--> Day : 3
-> Request 0
365
(4, 2, 1)
1
(77, 0)
-> Request 1
656
(4, 1, 1)
2
(55, 35)
-> Request 2
885
(4, 2, 1)
2
(7, 44)
--> Day : 4
-> Request 0
136
(4, 3, 1)
3
(62, 77)
-> Request 1
201
(4, 3, 1)
2
(77, 25)
-> Request 2
497
(4, 3, 1)
1
(14, 4)
-> Request 3
855
(4, 1, 1)
2
(20, 48)
-> Request 4
1164
(4, 3, 1)
3
(0, 60)
-> Request 5
1229
(4, 2, 1)
1
(12, 21)
-> Request 6
1269
(4, 3, 1)
3
(3, 65)
-> Request 7
1295
(4, 3, 1)
3
(75, 8)
-> Request 8
1371
(4, 3, 1)
3
(37, 17)
-> Request 9
1396
(4, 2, 1)
2
(10, 79)
---> Week : 142
--> Day : 0
-> Request 0
87
(4, 1, 1)
1
(56, 34)
-> Request 1
996
(4, 3, 1)
2
(22, 63)
--> Day : 1
-> Request 0
280
(4, 3, 1)
2
(19, 20)
-> Request 1
424
(4, 3, 1)
1
(62, 42)
-> Request 2
487
(4, 2, 1)
2
(6, 40)
-> Request 3
789
(4, 3, 1)
2
(52, 8)
--> Day : 2
-> Request 0
700
(4, 2, 1)
1
(69, 9)
-> Request 1
1255
(4, 1, 1)
1
(63, 61)
--> Day : 3
-> Request 0
597
(4, 3, 1)
1
(8, 52)
--> Day : 4
-> Request 0
310
(4, 3, 1)
3
(7, 8)
-> Request 1
829
(4, 3, 1)
1
(69, 45)
-> Request 2
1414
(4, 1, 1)
1
(25, 23)
---> Week : 143
--> Day : 0
-> Request 0
426
(4, 3, 1)
1
(71, 69)
-> Request 1
431
(4, 2, 1)
2
(40, 18)
-> Request 2
754
(4, 2, 1)
1
(39, 35)
--> Day : 1
-> Request 0
76
(4, 1, 1)
2
(59, 59)
-> Request 1
391
(4, 1, 1)
3
(72, 40)
-> Request 2
447
(4, 3, 1)
3
(40, 35)
-> Request 3
947
(4, 3, 1)
1
(58, 15)
-> Request 4
1434
(4, 2, 1)
2
(17, 75)
--> Day : 2
-> Request 0
825
(4, 3, 1)
2
(2, 52)
-> Request 1
957
(4, 2, 1)
2
(9, 30)
-> Request 2
1132
(4, 2, 1)
2
(60, 79)
-> Request 3
1343
(4, 2, 1)
2
(32, 9)
--> Day : 3
-> Request 0
76
(4, 1, 1)
2
(51, 21)
-> Request 1
975
(4, 2, 1)
3
(13, 0)
-> Request 2
1411
(4, 3, 1)
3
(2, 27)
--> Day : 4
-> Request 0
3
(4, 1, 1)
3
(37, 4)
-> Request 1
12
(4, 1, 1)
3
(47, 44)
-> Request 2
166
(4, 2, 1)
1
(66, 33)
---> Week : 144
--> Day : 0
-> Request 0
381
(4, 3, 1)
2
(61, 68)
-> Request 1
661
(4, 1, 1)
3
(71, 46)
-> Request 2
1413
(4, 1, 1)
2
(70, 50)
--> Day : 1
-> Request 0
389
(4, 3, 1)
2
(75, 42)
-> Request 1
753
(4, 3, 1)
2
(39, 56)
-> Request 2
944
(4, 2, 1)
3
(9, 13)
-> Request 3
1301
(4, 1, 1)
3
(25, 19)
--> Day : 2
-> Request 0
1017
(4, 2, 1)
1
(64, 16)
-> Request 1
1030
(4, 1, 1)
2
(38, 59)
-> Request 2
1346
(4, 3, 1)
1
(3, 21)
--> Day : 3
-> Request 0
312
(4, 1, 1)
3
(12, 62)
-> Request 1
321
(4, 2, 1)
3
(50, 62)
-> Request 2
596
(4, 3, 1)
2
(55, 71)
-> Request 3
771
(4, 2, 1)
3
(63, 10)
-> Request 4
1196
(4, 3, 1)
2
(39, 44)
-> Request 5
1407
(4, 2, 1)
1
(22, 3)
--> Day : 4
-> Request 0
568
(4, 1, 1)
1
(9, 9)
-> Request 1
1120
(4, 3, 1)
2
(66, 21)
-> Request 2
1406
(4, 1, 1)
3
(49, 42)
---> Week : 145
--> Day : 0
-> Request 0
488
(4, 3, 1)
1
(45, 22)
-> Request 1
716
(4, 2, 1)
1
(16, 71)
-> Request 2
1055
(4, 3, 1)
3
(53, 19)
-> Request 3
1202
(4, 2, 1)
3
(67, 23)
-> Request 4
1295
(4, 2, 1)
1
(32, 6)
--> Day : 1
-> Request 0
439
(4, 2, 1)
1
(7, 10)
-> Request 1
1024
(4, 1, 1)
2
(75, 63)
--> Day : 2
-> Request 0
154
(4, 2, 1)
1
(17, 79)
-> Request 1
211
(4, 1, 1)
2
(7, 53)
-> Request 2
250
(4, 2, 1)
2
(76, 71)
-> Request 3
259
(4, 2, 1)
1
(53, 1)
-> Request 4
323
(4, 3, 1)
2
(64, 54)
-> Request 5
1282
(4, 2, 1)
3
(73, 0)
-> Request 6
1300
(4, 3, 1)
3
(31, 70)
--> Day : 3
-> Request 0
254
(4, 3, 1)
1
(31, 30)
-> Request 1
590
(4, 2, 1)
3
(31, 3)
-> Request 2
830
(4, 2, 1)
3
(23, 74)
-> Request 3
998
(4, 1, 1)
3
(7, 78)
-> Request 4
1037
(4, 1, 1)
3
(24, 7)
--> Day : 4
-> Request 0
339
(4, 3, 1)
3
(50, 8)
-> Request 1
387
(4, 2, 1)
1
(45, 18)
-> Request 2
1018
(4, 3, 1)
2
(57, 0)
-> Request 3
1217
(4, 3, 1)
3
(35, 63)
---> Week : 146
--> Day : 0
-> Request 0
38
(4, 2, 1)
1
(0, 64)
-> Request 1
173
(4, 2, 1)
2
(31, 4)
-> Request 2
192
(4, 1, 1)
3
(12, 54)
-> Request 3
622
(4, 1, 1)
3
(29, 52)
-> Request 4
855
(4, 3, 1)
3
(78, 69)
--> Day : 1
-> Request 0
353
(4, 3, 1)
3
(37, 19)
-> Request 1
715
(4, 2, 1)
2
(60, 32)
-> Request 2
723
(4, 1, 1)
1
(45, 60)
-> Request 3
778
(4, 2, 1)
2
(43, 28)
-> Request 4
1411
(4, 2, 1)
1
(23, 69)
--> Day : 2
-> Request 0
124
(4, 1, 1)
3
(61, 17)
-> Request 1
435
(4, 1, 1)
1
(15, 35)
--> Day : 3
-> Request 0
137
(4, 3, 1)
3
(78, 14)
-> Request 1
587
(4, 3, 1)
3
(64, 24)
-> Request 2
1409
(4, 2, 1)
1
(19, 71)
--> Day : 4
-> Request 0
95
(4, 3, 1)
1
(48, 7)
-> Request 1
164
(4, 3, 1)
1
(17, 5)
-> Request 2
230
(4, 1, 1)
3
(39, 56)
-> Request 3
341
(4, 3, 1)
2
(5, 53)
-> Request 4
702
(4, 1, 1)
1
(3, 24)
-> Request 5
1243
(4, 3, 1)
1
(45, 50)
---> Week : 147
--> Day : 0
-> Request 0
106
(4, 1, 1)
1
(3, 46)
-> Request 1
882
(4, 1, 1)
2
(37, 76)
--> Day : 1
-> Request 0
343
(4, 1, 1)
3
(63, 74)
-> Request 1
363
(4, 3, 1)
2
(46, 12)
-> Request 2
471
(4, 2, 1)
3
(53, 48)
-> Request 3
1086
(4, 3, 1)
2
(34, 74)
--> Day : 2
-> Request 0
97
(4, 1, 1)
3
(1, 78)
-> Request 1
758
(4, 3, 1)
2
(56, 8)
--> Day : 3
-> Request 0
137
(4, 3, 1)
2
(50, 30)
-> Request 1
898
(4, 3, 1)
3
(72, 48)
-> Request 2
1170
(4, 3, 1)
1
(37, 13)
-> Request 3
1278
(4, 1, 1)
1
(17, 33)
--> Day : 4
-> Request 0
208
(4, 1, 1)
3
(65, 63)
-> Request 1
391
(4, 3, 1)
3
(76, 69)
-> Request 2
1296
(4, 2, 1)
3
(49, 5)
---> Week : 148
--> Day : 0
-> Request 0
214
(4, 2, 1)
1
(61, 3)
--> Day : 1
-> Request 0
217
(4, 2, 1)
1
(37, 37)
-> Request 1
427
(4, 1, 1)
1
(27, 30)
-> Request 2
526
(4, 1, 1)
3
(42, 0)
-> Request 3
1274
(4, 3, 1)
2
(15, 0)
--> Day : 2
-> Request 0
545
(4, 3, 1)
1
(6, 78)
-> Request 1
636
(4, 2, 1)
2
(60, 18)
-> Request 2
767
(4, 1, 1)
1
(37, 72)
-> Request 3
1009
(4, 1, 1)
1
(16, 17)
--> Day : 3
-> Request 0
489
(4, 2, 1)
2
(12, 73)
-> Request 1
674
(4, 3, 1)
2
(1, 69)
-> Request 2
863
(4, 1, 1)
3
(63, 28)
--> Day : 4
-> Request 0
200
(4, 3, 1)
3
(8, 31)
-> Request 1
509
(4, 1, 1)
1
(24, 16)
-> Request 2
892
(4, 3, 1)
1
(63, 9)
-> Request 3
958
(4, 3, 1)
1
(25, 39)
-> Request 4
1238
(4, 3, 1)
3
(64, 55)
---> Week : 149
--> Day : 0
-> Request 0
526
(4, 1, 1)
3
(69, 76)
-> Request 1
706
(4, 2, 1)
3
(78, 8)
-> Request 2
763
(4, 2, 1)
1
(21, 59)
-> Request 3
838
(4, 1, 1)
2
(49, 78)
--> Day : 1
-> Request 0
416
(4, 2, 1)
3
(21, 65)
-> Request 1
962
(4, 1, 1)
2
(54, 17)
-> Request 2
1342
(4, 3, 1)
2
(29, 61)
--> Day : 2
-> Request 0
431
(4, 3, 1)
2
(11, 18)
-> Request 1
597
(4, 1, 1)
3
(44, 24)
-> Request 2
1149
(4, 1, 1)
1
(68, 75)
-> Request 3
1201
(4, 1, 1)
1
(17, 16)
--> Day : 3
-> Request 0
743
(4, 3, 1)
2
(78, 63)
-> Request 1
1214
(4, 3, 1)
2
(56, 25)
--> Day : 4
-> Request 0
119
(4, 1, 1)
2
(20, 46)
-> Request 1
161
(4, 1, 1)
2
(56, 20)
-> Request 2
204
(4, 3, 1)
3
(23, 60)
-> Request 3
392
(4, 1, 1)
1
(32, 37)
-> Request 4
516
(4, 2, 1)
1
(7, 58)
-> Request 5
1257
(4, 1, 1)
1
(24, 34)
-> Request 6
1341
(4, 3, 1)
1
(65, 19)
