---> Week : 0
--> Day : 0
-> Request 0
387
(4, 2, 1)
2
(56, 9)
-> Request 1
918
(4, 2, 1)
1
(34, 0)
-> Request 2
1193
(4, 2, 1)
2
(54, 45)
-> Request 3
1340
(4, 3, 1)
3
(66, 23)
--> Day : 1
-> Request 0
29
(4, 3, 1)
1
(21, 65)
-> Request 1
920
(4, 3, 1)
1
(49, 20)
-> Request 2
1147
(4, 3, 1)
1
(13, 31)
-> Request 3
1221
(4, 2, 1)
1
(39, 72)
-> Request 4
1391
(4, 3, 1)
3
(59, 40)
--> Day : 2
-> Request 0
74
(4, 3, 1)
2
(46, 44)
-> Request 1
629
(4, 2, 1)
2
(53, 51)
-> Request 2
789
(4, 3, 1)
1
(78, 15)
--> Day : 3
-> Request 0
506
(4, 1, 1)
1
(16, 47)
-> Request 1
719
(4, 2, 1)
2
(55, 25)
-> Request 2
1047
(4, 3, 1)
3
(28, 60)
--> Day : 4
-> Request 0
135
(4, 3, 1)
2
(50, 68)
-> Request 1
349
(4, 2, 1)
1
(13, 70)
-> Request 2
523
(4, 3, 1)
3
(14, 23)
-> Request 3
663
(4, 1, 1)
3
(72, 44)
-> Request 4
1023
(4, 2, 1)
1
(70, 40)
-> Request 5
1025
(4, 1, 1)
3
(40, 9)
-> Request 6
1278
(4, 2, 1)
2
(36, 46)
---> Week : 1
--> Day : 0
-> Request 0
325
(4, 3, 1)
1
(60, 27)
-> Request 1
678
(4, 3, 1)
1
(31, 9)
-> Request 2
1287
(4, 1, 1)
1
(65, 40)
--> Day : 1
-> Request 0
114
(4, 1, 1)
3
(70, 32)
-> Request 1
159
(4, 1, 1)
3
(30, 4)
-> Request 2
1421
(4, 3, 1)
2
(9, 15)
--> Day : 2
-> Request 0
178
(4, 2, 1)
2
(5, 17)
-> Request 1
914
(4, 1, 1)
2
(79, 72)
-> Request 2
1124
(4, 1, 1)
2
(46, 6)
-> Request 3
1341
(4, 2, 1)
2
(15, 69)
-> Request 4
1385
(4, 1, 1)
2
(79, 0)
--> Day : 3
-> Request 0
369
(4, 2, 1)
3
(55, 59)
-> Request 1
1210
(4, 2, 1)
2
(31, 39)
--> Day : 4
-> Request 0
755
(4, 1, 1)
1
(2, 72)
-> Request 1
961
(4, 2, 1)
3
(36, 1)
-> Request 2
1174
(4, 2, 1)
3
(44, 42)
-> Request 3
1216
(4, 1, 1)
2
(58, 69)
---> Week : 2
--> Day : 0
-> Request 0
581
(4, 3, 1)
1
(29, 55)
-> Request 1
718
(4, 1, 1)
3
(22, 35)
-> Request 2
828
(4, 3, 1)
2
(62, 53)
-> Request 3
1010
(4, 2, 1)
2
(19, 31)
-> Request 4
1113
(4, 3, 1)
1
(50, 60)
-> Request 5
1287
(4, 1, 1)
3
(26, 51)
--> Day : 1
-> Request 0
92
(4, 2, 1)
1
(52, 17)
-> Request 1
678
(4, 1, 1)
1
(46, 45)
-> Request 2
929
(4, 2, 1)
2
(13, 70)
--> Day : 2
-> Request 0
625
(4, 3, 1)
2
(56, 29)
-> Request 1
671
(4, 1, 1)
1
(71, 13)
-> Request 2
1104
(4, 1, 1)
2
(14, 78)
-> Request 3
1136
(4, 1, 1)
1
(66, 12)
-> Request 4
1372
(4, 2, 1)
3
(10, 35)
-> Request 5
1405
(4, 3, 1)
3
(67, 58)
-> Request 6
1407
(4, 2, 1)
3
(20, 4)
--> Day : 3
-> Request 0
207
(4, 1, 1)
2
(18, 1)
-> Request 1
236
(4, 3, 1)
2
(21, 77)
-> Request 2
265
(4, 2, 1)
1
(47, 48)
-> Request 3
610
(4, 1, 1)
2
(57, 3)
-> Request 4
851
(4, 3, 1)
1
(77, 76)
-> Request 5
868
(4, 2, 1)
2
(28, 18)
-> Request 6
936
(4, 3, 1)
1
(37, 37)
--> Day : 4
-> Request 0
6
(4, 1, 1)
3
(6, 65)
-> Request 1
268
(4, 3, 1)
3
(47, 19)
-> Request 2
563
(4, 3, 1)
1
(51, 5)
-> Request 3
1129
(4, 3, 1)
3
(52, 43)
---> Week : 3
--> Day : 0
-> Request 0
157
(4, 2, 1)
1
(77, 76)
-> Request 1
551
(4, 3, 1)
2
(41, 55)
-> Request 2
1008
(4, 1, 1)
2
(41, 15)
-> Request 3
1048
(4, 3, 1)
3
(19, 4)
-> Request 4
1072
(4, 1, 1)
2
(48, 5)
-> Request 5
1177
(4, 2, 1)
2
(22, 51)
-> Request 6
1307
(4, 1, 1)
3
(58, 68)
--> Day : 1
-> Request 0
245
(4, 1, 1)
2
(21, 75)
-> Request 1
602
(4, 1, 1)
1
(24, 77)
-> Request 2
1237
(4, 1, 1)
2
(20, 56)
-> Request 3
1384
(4, 2, 1)
2
(14, 2)
--> Day : 2
-> Request 0
329
(4, 1, 1)
1
(7, 41)
-> Request 1
669
(4, 3, 1)
3
(73, 17)
-> Request 2
738
(4, 3, 1)
1
(70, 40)
--> Day : 3
-> Request 0
355
(4, 3, 1)
1
(69, 20)
-> Request 1
683
(4, 1, 1)
2
(72, 60)
-> Request 2
683
(4, 3, 1)
2
(59, 31)
-> Request 3
707
(4, 2, 1)
2
(70, 26)
-> Request 4
1105
(4, 1, 1)
3
(13, 31)
-> Request 5
1137
(4, 3, 1)
2
(28, 56)
--> Day : 4
-> Request 0
378
(4, 2, 1)
3
(42, 32)
---> Week : 4
--> Day : 0
-> Request 0
183
(4, 2, 1)
2
(41, 32)
-> Request 1
1336
(4, 1, 1)
3
(43, 78)
--> Day : 1
-> Request 0
452
(4, 1, 1)
1
(34, 48)
-> Request 1
805
(4, 2, 1)
2
(6, 36)
-> Request 2
877
(4, 1, 1)
1
(78, 10)
-> Request 3
902
(4, 3, 1)
1
(11, 73)
-> Request 4
1041
(4, 1, 1)
3
(0, 32)
-> Request 5
1048
(4, 2, 1)
2
(47, 70)
--> Day : 2
-> Request 0
259
(4, 3, 1)
1
(3, 74)
-> Request 1
729
(4, 2, 1)
1
(56, 69)
-> Request 2
1066
(4, 2, 1)
1
(43, 14)
-> Request 3
1134
(4, 1, 1)
2
(11, 75)
-> Request 4
1175
(4, 3, 1)
1
(12, 68)
--> Day : 3
-> Request 0
474
(4, 2, 1)
3
(39, 25)
-> Request 1
854
(4, 3, 1)
1
(57, 0)
-> Request 2
1046
(4, 3, 1)
1
(19, 68)
-> Request 3
1339
(4, 2, 1)
3
(35, 66)
--> Day : 4
-> Request 0
373
(4, 3, 1)
3
(48, 21)
-> Request 1
1106
(4, 2, 1)
1
(25, 62)
-> Request 2
1314
(4, 2, 1)
2
(21, 37)
---> Week : 5
--> Day : 0
-> Request 0
1201
(4, 1, 1)
1
(33, 21)
--> Day : 1
-> Request 0
96
(4, 2, 1)
3
(42, 57)
-> Request 1
236
(4, 3, 1)
2
(43, 54)
-> Request 2
336
(4, 3, 1)
3
(64, 1)
-> Request 3
472
(4, 3, 1)
2
(66, 66)
-> Request 4
806
(4, 3, 1)
3
(54, 0)
-> Request 5
1166
(4, 1, 1)
1
(51, 48)
--> Day : 2
-> Request 0
135
(4, 1, 1)
1
(2, 31)
-> Request 1
926
(4, 2, 1)
3
(42, 53)
-> Request 2
1014
(4, 3, 1)
1
(36, 24)
-> Request 3
1138
(4, 1, 1)
1
(54, 52)
-> Request 4
1143
(4, 3, 1)
2
(51, 15)
-> Request 5
1160
(4, 1, 1)
2
(41, 12)
-> Request 6
1320
(4, 1, 1)
1
(33, 36)
--> Day : 3
-> Request 0
431
(4, 1, 1)
2
(7, 70)
-> Request 1
806
(4, 3, 1)
1
(57, 30)
-> Request 2
942
(4, 3, 1)
1
(26, 70)
-> Request 3
946
(4, 2, 1)
2
(75, 27)
-> Request 4
1052
(4, 2, 1)
1
(49, 65)
-> Request 5
1305
(4, 1, 1)
1
(7, 49)
-> Request 6
1431
(4, 1, 1)
3
(42, 8)
--> Day : 4
-> Request 0
300
(4, 2, 1)
2
(33, 77)
-> Request 1
364
(4, 1, 1)
2
(59, 15)
-> Request 2
397
(4, 3, 1)
3
(31, 2)
-> Request 3
715
(4, 2, 1)
1
(70, 23)
-> Request 4
833
(4, 1, 1)
2
(17, 33)
-> Request 5
950
(4, 3, 1)
3
(76, 73)
-> Request 6
1131
(4, 3, 1)
3
(33, 30)
---> Week : 6
--> Day : 0
-> Request 0
94
(4, 3, 1)
1
(55, 10)
-> Request 1
374
(4, 3, 1)
1
(49, 48)
-> Request 2
380
(4, 1, 1)
3
(35, 21)
-> Request 3
408
(4, 3, 1)
1
(58, 10)
-> Request 4
530
(4, 2, 1)
3
(45, 28)
-> Request 5
856
(4, 1, 1)
2
(40, 45)
-> Request 6
862
(4, 2, 1)
2
(7, 68)
-> Request 7
1072
(4, 1, 1)
2
(6, 67)
--> Day : 1
-> Request 0
240
(4, 2, 1)
1
(27, 12)
-> Request 1
456
(4, 2, 1)
2
(58, 43)
-> Request 2
574
(4, 1, 1)
3
(36, 28)
-> Request 3
630
(4, 3, 1)
3
(38, 74)
-> Request 4
651
(4, 2, 1)
2
(38, 58)
-> Request 5
753
(4, 3, 1)
1
(37, 35)
--> Day : 2
--> Day : 3
-> Request 0
121
(4, 2, 1)
3
(52, 42)
-> Request 1
717
(4, 1, 1)
3
(7, 41)
-> Request 2
1103
(4, 2, 1)
3
(10, 22)
--> Day : 4
-> Request 0
226
(4, 2, 1)
2
(63, 67)
-> Request 1
968
(4, 1, 1)
1
(57, 16)
---> Week : 7
--> Day : 0
-> Request 0
3
(4, 1, 1)
2
(46, 23)
-> Request 1
63
(4, 3, 1)
1
(14, 40)
-> Request 2
284
(4, 1, 1)
2
(4, 11)
-> Request 3
910
(4, 2, 1)
3
(16, 77)
--> Day : 1
-> Request 0
118
(4, 2, 1)
3
(64, 58)
-> Request 1
409
(4, 1, 1)
2
(16, 70)
-> Request 2
437
(4, 3, 1)
1
(79, 68)
-> Request 3
572
(4, 1, 1)
2
(6, 74)
-> Request 4
687
(4, 2, 1)
3
(62, 28)
-> Request 5
745
(4, 1, 1)
1
(35, 3)
--> Day : 2
-> Request 0
124
(4, 3, 1)
3
(58, 47)
-> Request 1
869
(4, 1, 1)
1
(66, 78)
-> Request 2
970
(4, 1, 1)
1
(7, 53)
-> Request 3
1395
(4, 3, 1)
1
(51, 40)
--> Day : 3
-> Request 0
24
(4, 1, 1)
1
(41, 66)
-> Request 1
64
(4, 2, 1)
1
(41, 32)
-> Request 2
228
(4, 1, 1)
1
(31, 40)
-> Request 3
468
(4, 2, 1)
2
(67, 0)
-> Request 4
477
(4, 1, 1)
3
(22, 9)
-> Request 5
852
(4, 3, 1)
2
(2, 62)
-> Request 6
1184
(4, 1, 1)
3
(55, 47)
-> Request 7
1280
(4, 2, 1)
2
(47, 68)
-> Request 8
1405
(4, 1, 1)
1
(74, 30)
--> Day : 4
-> Request 0
858
(4, 3, 1)
3
(45, 79)
-> Request 1
1114
(4, 1, 1)
2
(67, 34)
---> Week : 8
--> Day : 0
-> Request 0
311
(4, 1, 1)
2
(8, 73)
-> Request 1
788
(4, 3, 1)
3
(41, 16)
--> Day : 1
-> Request 0
29
(4, 2, 1)
2
(8, 58)
-> Request 1
52
(4, 1, 1)
1
(52, 54)
-> Request 2
109
(4, 2, 1)
3
(51, 12)
-> Request 3
436
(4, 2, 1)
1
(76, 31)
-> Request 4
690
(4, 3, 1)
2
(40, 13)
-> Request 5
814
(4, 3, 1)
1
(51, 45)
--> Day : 2
-> Request 0
60
(4, 1, 1)
1
(49, 11)
-> Request 1
311
(4, 1, 1)
3
(34, 27)
-> Request 2
353
(4, 2, 1)
3
(48, 45)
-> Request 3
628
(4, 1, 1)
2
(77, 65)
-> Request 4
1413
(4, 1, 1)
1
(3, 76)
--> Day : 3
-> Request 0
44
(4, 3, 1)
1
(17, 34)
-> Request 1
421
(4, 3, 1)
1
(64, 2)
-> Request 2
733
(4, 3, 1)
2
(63, 73)
-> Request 3
973
(4, 2, 1)
2
(28, 24)
-> Request 4
1019
(4, 1, 1)
1
(72, 47)
-> Request 5
1351
(4, 3, 1)
2
(62, 15)
--> Day : 4
-> Request 0
125
(4, 3, 1)
1
(25, 30)
-> Request 1
263
(4, 3, 1)
3
(21, 29)
-> Request 2
567
(4, 3, 1)
3
(49, 21)
-> Request 3
1111
(4, 1, 1)
3
(20, 42)
-> Request 4
1196
(4, 3, 1)
2
(14, 8)
---> Week : 9
--> Day : 0
-> Request 0
6
(4, 2, 1)
1
(27, 42)
-> Request 1
164
(4, 2, 1)
1
(46, 11)
-> Request 2
469
(4, 1, 1)
2
(52, 37)
-> Request 3
568
(4, 2, 1)
1
(71, 52)
-> Request 4
920
(4, 2, 1)
3
(66, 37)
-> Request 5
947
(4, 2, 1)
3
(8, 50)
-> Request 6
998
(4, 1, 1)
1
(75, 47)
--> Day : 1
-> Request 0
452
(4, 2, 1)
2
(4, 10)
-> Request 1
765
(4, 1, 1)
2
(1, 13)
-> Request 2
993
(4, 2, 1)
3
(45, 70)
--> Day : 2
-> Request 0
80
(4, 1, 1)
2
(79, 1)
-> Request 1
810
(4, 1, 1)
2
(73, 72)
-> Request 2
867
(4, 1, 1)
2
(49, 55)
-> Request 3
1273
(4, 3, 1)
3
(48, 52)
--> Day : 3
-> Request 0
47
(4, 1, 1)
2
(9, 76)
-> Request 1
175
(4, 1, 1)
3
(79, 25)
-> Request 2
288
(4, 2, 1)
1
(24, 17)
-> Request 3
544
(4, 3, 1)
3
(34, 20)
-> Request 4
616
(4, 3, 1)
2
(32, 16)
-> Request 5
654
(4, 3, 1)
2
(79, 20)
-> Request 6
990
(4, 2, 1)
3
(40, 31)
--> Day : 4
-> Request 0
9
(4, 1, 1)
1
(61, 49)
-> Request 1
29
(4, 1, 1)
2
(30, 60)
-> Request 2
50
(4, 1, 1)
3
(51, 70)
-> Request 3
754
(4, 3, 1)
2
(72, 22)
-> Request 4
1335
(4, 1, 1)
2
(74, 52)
-> Request 5
1402
(4, 3, 1)
1
(27, 29)
---> Week : 10
--> Day : 0
-> Request 0
758
(4, 2, 1)
1
(33, 75)
-> Request 1
865
(4, 2, 1)
3
(65, 26)
-> Request 2
1194
(4, 3, 1)
1
(31, 61)
-> Request 3
1325
(4, 3, 1)
3
(60, 38)
--> Day : 1
-> Request 0
82
(4, 1, 1)
1
(1, 49)
-> Request 1
335
(4, 1, 1)
1
(9, 53)
-> Request 2
488
(4, 1, 1)
3
(12, 66)
-> Request 3
793
(4, 3, 1)
3
(60, 60)
-> Request 4
1411
(4, 2, 1)
2
(68, 49)
--> Day : 2
-> Request 0
357
(4, 1, 1)
1
(11, 19)
-> Request 1
642
(4, 3, 1)
3
(36, 2)
-> Request 2
746
(4, 2, 1)
2
(34, 4)
-> Request 3
841
(4, 2, 1)
2
(64, 31)
--> Day : 3
-> Request 0
923
(4, 2, 1)
3
(23, 23)
-> Request 1
936
(4, 2, 1)
2
(62, 45)
-> Request 2
956
(4, 1, 1)
3
(75, 40)
-> Request 3
1007
(4, 3, 1)
3
(17, 52)
-> Request 4
1065
(4, 2, 1)
2
(60, 71)
-> Request 5
1108
(4, 2, 1)
2
(51, 12)
--> Day : 4
-> Request 0
8
(4, 1, 1)
1
(35, 51)
-> Request 1
145
(4, 2, 1)
1
(10, 9)
-> Request 2
941
(4, 2, 1)
3
(51, 56)
-> Request 3
1183
(4, 1, 1)
2
(64, 69)
---> Week : 11
--> Day : 0
-> Request 0
118
(4, 2, 1)
3
(14, 53)
-> Request 1
268
(4, 2, 1)
2
(72, 44)
-> Request 2
421
(4, 3, 1)
3
(36, 9)
-> Request 3
1408
(4, 2, 1)
3
(26, 33)
--> Day : 1
-> Request 0
181
(4, 2, 1)
2
(43, 56)
-> Request 1
240
(4, 2, 1)
3
(68, 60)
-> Request 2
348
(4, 2, 1)
3
(41, 11)
-> Request 3
782
(4, 2, 1)
2
(12, 54)
-> Request 4
800
(4, 3, 1)
2
(0, 63)
-> Request 5
821
(4, 3, 1)
3
(45, 15)
-> Request 6
839
(4, 2, 1)
3
(21, 30)
-> Request 7
1118
(4, 1, 1)
3
(33, 43)
--> Day : 2
-> Request 0
83
(4, 1, 1)
1
(44, 76)
-> Request 1
597
(4, 2, 1)
2
(27, 18)
-> Request 2
686
(4, 1, 1)
3
(75, 39)
-> Request 3
1082
(4, 3, 1)
1
(5, 69)
-> Request 4
1120
(4, 2, 1)
2
(41, 65)
--> Day : 3
-> Request 0
587
(4, 2, 1)
2
(67, 6)
-> Request 1
779
(4, 1, 1)
2
(20, 68)
--> Day : 4
-> Request 0
150
(4, 3, 1)
1
(47, 3)
-> Request 1
582
(4, 2, 1)
2
(34, 18)
-> Request 2
759
(4, 1, 1)
2
(5, 64)
-> Request 3
1397
(4, 2, 1)
1
(64, 53)
---> Week : 12
--> Day : 0
-> Request 0
165
(4, 3, 1)
1
(67, 47)
-> Request 1
523
(4, 2, 1)
3
(65, 3)
-> Request 2
812
(4, 2, 1)
1
(29, 12)
--> Day : 1
-> Request 0
759
(4, 3, 1)
2
(35, 55)
-> Request 1
784
(4, 3, 1)
1
(17, 1)
-> Request 2
1219
(4, 3, 1)
1
(40, 56)
--> Day : 2
-> Request 0
243
(4, 3, 1)
2
(71, 0)
-> Request 1
763
(4, 1, 1)
3
(24, 2)
-> Request 2
1020
(4, 3, 1)
1
(31, 9)
-> Request 3
1127
(4, 2, 1)
3
(6, 71)
-> Request 4
1286
(4, 1, 1)
2
(4, 44)
--> Day : 3
-> Request 0
23
(4, 3, 1)
1
(56, 36)
-> Request 1
646
(4, 2, 1)
2
(63, 70)
-> Request 2
702
(4, 1, 1)
3
(62, 71)
-> Request 3
1085
(4, 1, 1)
2
(47, 4)
--> Day : 4
-> Request 0
324
(4, 1, 1)
1
(26, 28)
-> Request 1
517
(4, 2, 1)
1
(34, 24)
-> Request 2
882
(4, 2, 1)
1
(55, 42)
-> Request 3
1016
(4, 2, 1)
1
(66, 8)
-> Request 4
1233
(4, 3, 1)
3
(62, 50)
---> Week : 13
--> Day : 0
-> Request 0
783
(4, 3, 1)
3
(25, 73)
-> Request 1
1048
(4, 3, 1)
2
(1, 72)
-> Request 2
1155
(4, 3, 1)
1
(41, 76)
--> Day : 1
-> Request 0
672
(4, 3, 1)
1
(1, 18)
-> Request 1
1126
(4, 2, 1)
2
(40, 39)
-> Request 2
1318
(4, 2, 1)
1
(20, 28)
--> Day : 2
-> Request 0
8
(4, 2, 1)
3
(34, 29)
-> Request 1
44
(4, 3, 1)
2
(15, 39)
-> Request 2
193
(4, 3, 1)
2
(75, 74)
-> Request 3
301
(4, 2, 1)
3
(11, 29)
-> Request 4
491
(4, 3, 1)
2
(78, 63)
-> Request 5
534
(4, 2, 1)
3
(28, 31)
-> Request 6
591
(4, 2, 1)
2
(2, 5)
-> Request 7
606
(4, 3, 1)
1
(17, 57)
-> Request 8
883
(4, 3, 1)
2
(34, 40)
-> Request 9
1302
(4, 1, 1)
1
(38, 3)
--> Day : 3
-> Request 0
1011
(4, 3, 1)
3
(25, 23)
--> Day : 4
-> Request 0
721
(4, 2, 1)
1
(63, 75)
-> Request 1
1064
(4, 2, 1)
1
(4, 29)
---> Week : 14
--> Day : 0
-> Request 0
316
(4, 2, 1)
2
(30, 13)
-> Request 1
421
(4, 2, 1)
1
(45, 21)
-> Request 2
610
(4, 2, 1)
3
(41, 23)
-> Request 3
711
(4, 3, 1)
3
(49, 27)
-> Request 4
863
(4, 1, 1)
1
(7, 70)
--> Day : 1
-> Request 0
355
(4, 1, 1)
1
(25, 28)
-> Request 1
559
(4, 1, 1)
2
(25, 42)
-> Request 2
597
(4, 3, 1)
3
(55, 6)
-> Request 3
680
(4, 1, 1)
1
(14, 28)
--> Day : 2
-> Request 0
638
(4, 1, 1)
2
(3, 10)
-> Request 1
688
(4, 3, 1)
1
(44, 64)
-> Request 2
762
(4, 3, 1)
3
(24, 29)
-> Request 3
951
(4, 3, 1)
2
(8, 36)
--> Day : 3
-> Request 0
86
(4, 1, 1)
2
(68, 69)
-> Request 1
257
(4, 2, 1)
1
(50, 61)
-> Request 2
1119
(4, 1, 1)
1
(18, 24)
-> Request 3
1403
(4, 3, 1)
2
(26, 11)
--> Day : 4
-> Request 0
167
(4, 3, 1)
1
(79, 4)
-> Request 1
348
(4, 1, 1)
1
(66, 42)
-> Request 2
405
(4, 3, 1)
1
(14, 52)
-> Request 3
1066
(4, 3, 1)
2
(8, 6)
-> Request 4
1365
(4, 2, 1)
3
(71, 44)
---> Week : 15
--> Day : 0
-> Request 0
209
(4, 2, 1)
3
(19, 36)
-> Request 1
515
(4, 2, 1)
1
(32, 48)
-> Request 2
941
(4, 3, 1)
1
(10, 21)
-> Request 3
1417
(4, 2, 1)
1
(22, 5)
--> Day : 1
-> Request 0
212
(4, 3, 1)
3
(6, 77)
-> Request 1
436
(4, 1, 1)
1
(43, 3)
-> Request 2
832
(4, 1, 1)
2
(75, 76)
--> Day : 2
-> Request 0
29
(4, 2, 1)
1
(22, 43)
-> Request 1
289
(4, 1, 1)
1
(51, 72)
-> Request 2
330
(4, 2, 1)
3
(68, 74)
-> Request 3
449
(4, 1, 1)
1
(20, 54)
--> Day : 3
-> Request 0
47
(4, 2, 1)
3
(47, 71)
-> Request 1
474
(4, 1, 1)
1
(56, 50)
--> Day : 4
-> Request 0
166
(4, 3, 1)
1
(28, 37)
-> Request 1
333
(4, 2, 1)
2
(77, 36)
-> Request 2
937
(4, 2, 1)
2
(43, 32)
-> Request 3
1062
(4, 3, 1)
3
(49, 28)
-> Request 4
1219
(4, 1, 1)
3
(42, 46)
---> Week : 16
--> Day : 0
-> Request 0
182
(4, 3, 1)
2
(24, 64)
-> Request 1
338
(4, 1, 1)
2
(52, 33)
-> Request 2
874
(4, 3, 1)
2
(37, 15)
-> Request 3
876
(4, 2, 1)
3
(21, 63)
-> Request 4
1231
(4, 2, 1)
2
(41, 75)
--> Day : 1
-> Request 0
1318
(4, 3, 1)
3
(35, 12)
-> Request 1
1346
(4, 3, 1)
3
(61, 8)
-> Request 2
1356
(4, 1, 1)
3
(44, 78)
-> Request 3
1439
(4, 1, 1)
3
(22, 20)
--> Day : 2
-> Request 0
553
(4, 3, 1)
3
(39, 67)
-> Request 1
857
(4, 2, 1)
1
(21, 13)
-> Request 2
920
(4, 3, 1)
2
(23, 61)
-> Request 3
1030
(4, 2, 1)
1
(69, 6)
-> Request 4
1099
(4, 3, 1)
3
(43, 48)
-> Request 5
1102
(4, 1, 1)
1
(67, 14)
-> Request 6
1275
(4, 1, 1)
3
(19, 16)
--> Day : 3
-> Request 0
132
(4, 1, 1)
2
(70, 5)
-> Request 1
182
(4, 2, 1)
1
(72, 66)
-> Request 2
464
(4, 3, 1)
3
(52, 20)
-> Request 3
711
(4, 1, 1)
3
(67, 55)
--> Day : 4
-> Request 0
157
(4, 3, 1)
1
(26, 27)
-> Request 1
345
(4, 1, 1)
1
(41, 17)
-> Request 2
406
(4, 3, 1)
1
(39, 64)
-> Request 3
1304
(4, 1, 1)
2
(43, 59)
---> Week : 17
--> Day : 0
-> Request 0
327
(4, 3, 1)
2
(61, 46)
--> Day : 1
-> Request 0
440
(4, 3, 1)
2
(20, 36)
-> Request 1
683
(4, 1, 1)
2
(25, 9)
-> Request 2
937
(4, 2, 1)
1
(67, 20)
-> Request 3
1267
(4, 3, 1)
2
(48, 46)
--> Day : 2
-> Request 0
1150
(4, 1, 1)
1
(22, 4)
--> Day : 3
-> Request 0
151
(4, 2, 1)
2
(69, 50)
-> Request 1
1202
(4, 3, 1)
2
(26, 77)
--> Day : 4
-> Request 0
2
(4, 2, 1)
3
(77, 3)
-> Request 1
809
(4, 1, 1)
3
(3, 32)
-> Request 2
907
(4, 3, 1)
1
(0, 53)
-> Request 3
914
(4, 2, 1)
3
(16, 30)
-> Request 4
1025
(4, 1, 1)
2
(72, 53)
---> Week : 18
--> Day : 0
-> Request 0
47
(4, 2, 1)
3
(34, 48)
-> Request 1
95
(4, 1, 1)
3
(31, 40)
-> Request 2
529
(4, 2, 1)
3
(25, 74)
-> Request 3
597
(4, 1, 1)
1
(50, 25)
--> Day : 1
-> Request 0
138
(4, 1, 1)
1
(33, 7)
-> Request 1
270
(4, 1, 1)
2
(60, 4)
-> Request 2
566
(4, 2, 1)
1
(19, 6)
-> Request 3
1031
(4, 3, 1)
2
(36, 1)
-> Request 4
1340
(4, 2, 1)
3
(24, 17)
-> Request 5
1363
(4, 1, 1)
3
(15, 14)
-> Request 6
1366
(4, 2, 1)
3
(43, 55)
--> Day : 2
-> Request 0
153
(4, 3, 1)
1
(1, 27)
-> Request 1
264
(4, 2, 1)
3
(22, 15)
-> Request 2
325
(4, 2, 1)
2
(7, 40)
-> Request 3
959
(4, 1, 1)
1
(37, 21)
-> Request 4
1037
(4, 2, 1)
1
(0, 19)
-> Request 5
1172
(4, 1, 1)
2
(42, 47)
--> Day : 3
-> Request 0
482
(4, 2, 1)
1
(44, 24)
--> Day : 4
-> Request 0
222
(4, 2, 1)
2
(34, 48)
-> Request 1
461
(4, 3, 1)
3
(19, 79)
-> Request 2
1172
(4, 3, 1)
3
(79, 70)
---> Week : 19
--> Day : 0
-> Request 0
130
(4, 1, 1)
2
(20, 61)
-> Request 1
140
(4, 3, 1)
3
(62, 56)
-> Request 2
147
(4, 2, 1)
1
(45, 23)
-> Request 3
232
(4, 3, 1)
3
(14, 0)
-> Request 4
768
(4, 1, 1)
3
(55, 71)
-> Request 5
810
(4, 2, 1)
3
(61, 14)
--> Day : 1
-> Request 0
179
(4, 2, 1)
3
(11, 37)
-> Request 1
569
(4, 3, 1)
1
(49, 14)
-> Request 2
601
(4, 1, 1)
1
(3, 71)
-> Request 3
606
(4, 3, 1)
2
(49, 20)
-> Request 4
662
(4, 1, 1)
1
(26, 14)
--> Day : 2
-> Request 0
72
(4, 2, 1)
1
(9, 63)
-> Request 1
221
(4, 1, 1)
1
(78, 58)
-> Request 2
860
(4, 1, 1)
2
(55, 73)
-> Request 3
987
(4, 2, 1)
2
(49, 32)
-> Request 4
1162
(4, 1, 1)
2
(47, 44)
--> Day : 3
-> Request 0
667
(4, 1, 1)
3
(14, 73)
--> Day : 4
-> Request 0
668
(4, 3, 1)
2
(65, 40)
-> Request 1
749
(4, 2, 1)
1
(69, 2)
---> Week : 20
--> Day : 0
-> Request 0
126
(4, 1, 1)
3
(52, 62)
-> Request 1
689
(4, 2, 1)
2
(50, 44)
-> Request 2
1045
(4, 1, 1)
1
(20, 52)
-> Request 3
1133
(4, 1, 1)
1
(56, 2)
-> Request 4
1397
(4, 2, 1)
2
(44, 34)
--> Day : 1
-> Request 0
36
(4, 2, 1)
2
(29, 31)
-> Request 1
1329
(4, 3, 1)
1
(66, 36)
--> Day : 2
-> Request 0
464
(4, 1, 1)
2
(63, 5)
-> Request 1
731
(4, 1, 1)
1
(75, 50)
--> Day : 3
-> Request 0
190
(4, 3, 1)
2
(8, 10)
-> Request 1
230
(4, 1, 1)
1
(52, 7)
-> Request 2
558
(4, 3, 1)
2
(9, 10)
-> Request 3
945
(4, 3, 1)
1
(1, 77)
-> Request 4
1013
(4, 2, 1)
1
(3, 54)
-> Request 5
1230
(4, 1, 1)
1
(25, 4)
--> Day : 4
-> Request 0
324
(4, 2, 1)
2
(20, 26)
-> Request 1
814
(4, 3, 1)
2
(38, 27)
-> Request 2
839
(4, 1, 1)
2
(20, 20)
-> Request 3
1359
(4, 2, 1)
2
(34, 71)
-> Request 4
1359
(4, 2, 1)
1
(58, 0)
-> Request 5
1379
(4, 2, 1)
1
(63, 65)
---> Week : 21
--> Day : 0
-> Request 0
326
(4, 3, 1)
1
(71, 73)
-> Request 1
684
(4, 2, 1)
1
(0, 12)
-> Request 2
1341
(4, 3, 1)
1
(64, 61)
--> Day : 1
-> Request 0
516
(4, 3, 1)
1
(74, 58)
-> Request 1
1041
(4, 2, 1)
2
(64, 59)
-> Request 2
1043
(4, 2, 1)
1
(30, 79)
-> Request 3
1117
(4, 3, 1)
3
(9, 70)
-> Request 4
1386
(4, 2, 1)
1
(24, 11)
-> Request 5
1392
(4, 3, 1)
2
(30, 30)
--> Day : 2
-> Request 0
174
(4, 3, 1)
2
(46, 76)
-> Request 1
573
(4, 2, 1)
3
(59, 61)
-> Request 2
634
(4, 3, 1)
2
(48, 34)
-> Request 3
971
(4, 1, 1)
3
(21, 64)
--> Day : 3
-> Request 0
495
(4, 1, 1)
1
(35, 3)
-> Request 1
1414
(4, 2, 1)
1
(4, 74)
--> Day : 4
-> Request 0
34
(4, 3, 1)
1
(61, 56)
-> Request 1
78
(4, 3, 1)
2
(63, 46)
-> Request 2
490
(4, 2, 1)
3
(35, 13)
-> Request 3
738
(4, 2, 1)
2
(57, 29)
-> Request 4
738
(4, 1, 1)
2
(29, 30)
-> Request 5
872
(4, 2, 1)
2
(60, 13)
-> Request 6
903
(4, 3, 1)
2
(45, 63)
---> Week : 22
--> Day : 0
-> Request 0
179
(4, 3, 1)
2
(79, 21)
-> Request 1
207
(4, 1, 1)
3
(38, 75)
-> Request 2
257
(4, 3, 1)
3
(24, 70)
-> Request 3
486
(4, 1, 1)
1
(64, 10)
-> Request 4
605
(4, 1, 1)
2
(22, 39)
-> Request 5
1398
(4, 2, 1)
2
(74, 27)
--> Day : 1
-> Request 0
485
(4, 3, 1)
2
(6, 12)
-> Request 1
1056
(4, 1, 1)
2
(24, 24)
-> Request 2
1380
(4, 3, 1)
3
(36, 39)
--> Day : 2
-> Request 0
79
(4, 3, 1)
3
(75, 57)
-> Request 1
88
(4, 3, 1)
1
(41, 11)
-> Request 2
383
(4, 2, 1)
3
(44, 38)
-> Request 3
1268
(4, 1, 1)
1
(14, 11)
-> Request 4
1272
(4, 2, 1)
1
(72, 19)
-> Request 5
1398
(4, 3, 1)
3
(79, 52)
--> Day : 3
-> Request 0
54
(4, 2, 1)
3
(56, 18)
-> Request 1
216
(4, 2, 1)
2
(22, 65)
-> Request 2
769
(4, 2, 1)
1
(72, 65)
-> Request 3
777
(4, 1, 1)
1
(45, 7)
-> Request 4
832
(4, 1, 1)
1
(51, 54)
-> Request 5
837
(4, 3, 1)
1
(19, 58)
-> Request 6
958
(4, 1, 1)
1
(30, 39)
--> Day : 4
-> Request 0
155
(4, 1, 1)
2
(17, 32)
-> Request 1
297
(4, 2, 1)
3
(39, 32)
-> Request 2
1033
(4, 3, 1)
3
(21, 3)
-> Request 3
1080
(4, 3, 1)
3
(59, 30)
-> Request 4
1111
(4, 3, 1)
3
(47, 33)
---> Week : 23
--> Day : 0
-> Request 0
404
(4, 1, 1)
2
(71, 70)
-> Request 1
573
(4, 2, 1)
1
(48, 13)
-> Request 2
1266
(4, 1, 1)
2
(73, 22)
--> Day : 1
-> Request 0
146
(4, 3, 1)
1
(57, 17)
-> Request 1
330
(4, 3, 1)
1
(40, 18)
-> Request 2
372
(4, 3, 1)
3
(0, 79)
-> Request 3
486
(4, 2, 1)
3
(11, 11)
-> Request 4
501
(4, 3, 1)
1
(53, 32)
-> Request 5
1003
(4, 2, 1)
2
(9, 53)
-> Request 6
1382
(4, 2, 1)
3
(38, 45)
--> Day : 2
--> Day : 3
-> Request 0
343
(4, 3, 1)
1
(54, 36)
-> Request 1
1215
(4, 1, 1)
2
(14, 34)
--> Day : 4
-> Request 0
546
(4, 1, 1)
2
(16, 29)
---> Week : 24
--> Day : 0
-> Request 0
193
(4, 2, 1)
1
(59, 54)
-> Request 1
626
(4, 2, 1)
3
(55, 39)
-> Request 2
705
(4, 1, 1)
1
(16, 34)
-> Request 3
733
(4, 1, 1)
3
(38, 32)
-> Request 4
777
(4, 2, 1)
3
(77, 0)
-> Request 5
945
(4, 2, 1)
2
(69, 63)
--> Day : 1
-> Request 0
130
(4, 2, 1)
1
(40, 20)
-> Request 1
736
(4, 3, 1)
3
(38, 4)
-> Request 2
1279
(4, 3, 1)
1
(0, 41)
-> Request 3
1292
(4, 3, 1)
1
(3, 13)
--> Day : 2
-> Request 0
231
(4, 3, 1)
1
(58, 41)
-> Request 1
235
(4, 2, 1)
1
(12, 61)
-> Request 2
481
(4, 2, 1)
2
(76, 20)
-> Request 3
894
(4, 3, 1)
1
(7, 22)
--> Day : 3
-> Request 0
215
(4, 3, 1)
2
(73, 28)
--> Day : 4
-> Request 0
56
(4, 1, 1)
1
(12, 58)
-> Request 1
103
(4, 2, 1)
2
(30, 35)
-> Request 2
346
(4, 1, 1)
1
(17, 46)
-> Request 3
428
(4, 2, 1)
1
(37, 50)
-> Request 4
475
(4, 1, 1)
3
(66, 13)
-> Request 5
1219
(4, 3, 1)
1
(77, 29)
---> Week : 25
--> Day : 0
-> Request 0
469
(4, 1, 1)
3
(75, 62)
-> Request 1
1276
(4, 3, 1)
1
(46, 62)
-> Request 2
1299
(4, 3, 1)
2
(8, 42)
--> Day : 1
-> Request 0
128
(4, 3, 1)
2
(30, 66)
-> Request 1
715
(4, 2, 1)
1
(34, 22)
--> Day : 2
-> Request 0
394
(4, 3, 1)
3
(7, 77)
-> Request 1
821
(4, 1, 1)
3
(66, 79)
--> Day : 3
-> Request 0
613
(4, 3, 1)
1
(19, 79)
-> Request 1
794
(4, 1, 1)
1
(14, 19)
-> Request 2
1343
(4, 2, 1)
3
(0, 53)
-> Request 3
1399
(4, 2, 1)
1
(31, 16)
--> Day : 4
-> Request 0
95
(4, 2, 1)
1
(18, 47)
-> Request 1
315
(4, 2, 1)
2
(25, 39)
-> Request 2
865
(4, 1, 1)
1
(30, 27)
-> Request 3
1033
(4, 2, 1)
1
(31, 0)
-> Request 4
1338
(4, 1, 1)
2
(52, 60)
---> Week : 26
--> Day : 0
-> Request 0
391
(4, 2, 1)
1
(22, 36)
-> Request 1
972
(4, 2, 1)
1
(24, 77)
--> Day : 1
-> Request 0
643
(4, 2, 1)
3
(74, 73)
-> Request 1
733
(4, 3, 1)
2
(56, 76)
-> Request 2
1102
(4, 3, 1)
3
(12, 11)
--> Day : 2
-> Request 0
503
(4, 2, 1)
1
(79, 9)
-> Request 1
628
(4, 1, 1)
2
(61, 46)
-> Request 2
686
(4, 3, 1)
3
(3, 30)
--> Day : 3
-> Request 0
48
(4, 1, 1)
2
(60, 24)
-> Request 1
59
(4, 2, 1)
2
(6, 72)
-> Request 2
565
(4, 3, 1)
1
(5, 40)
-> Request 3
1009
(4, 1, 1)
1
(44, 14)
-> Request 4
1292
(4, 2, 1)
3
(10, 68)
--> Day : 4
-> Request 0
324
(4, 3, 1)
1
(21, 39)
-> Request 1
798
(4, 2, 1)
1
(56, 9)
-> Request 2
924
(4, 2, 1)
2
(45, 71)
-> Request 3
1124
(4, 3, 1)
3
(75, 61)
-> Request 4
1397
(4, 3, 1)
1
(64, 57)
-> Request 5
1407
(4, 2, 1)
1
(3, 56)
---> Week : 27
--> Day : 0
-> Request 0
308
(4, 2, 1)
2
(15, 61)
-> Request 1
484
(4, 2, 1)
2
(17, 32)
-> Request 2
938
(4, 2, 1)
1
(75, 23)
--> Day : 1
-> Request 0
101
(4, 2, 1)
3
(41, 30)
-> Request 1
324
(4, 2, 1)
1
(69, 52)
-> Request 2
566
(4, 3, 1)
3
(18, 33)
-> Request 3
679
(4, 3, 1)
2
(38, 47)
--> Day : 2
-> Request 0
243
(4, 1, 1)
2
(28, 22)
-> Request 1
683
(4, 2, 1)
1
(6, 38)
-> Request 2
939
(4, 3, 1)
2
(5, 6)
--> Day : 3
-> Request 0
7
(4, 3, 1)
2
(23, 34)
-> Request 1
440
(4, 2, 1)
1
(51, 40)
-> Request 2
442
(4, 3, 1)
1
(22, 51)
-> Request 3
1046
(4, 3, 1)
1
(67, 13)
-> Request 4
1190
(4, 1, 1)
2
(39, 45)
-> Request 5
1358
(4, 3, 1)
1
(60, 74)
--> Day : 4
-> Request 0
246
(4, 3, 1)
1
(67, 46)
-> Request 1
455
(4, 3, 1)
3
(74, 60)
-> Request 2
784
(4, 3, 1)
3
(42, 45)
-> Request 3
933
(4, 2, 1)
1
(28, 36)
-> Request 4
1151
(4, 1, 1)
2
(39, 33)
---> Week : 28
--> Day : 0
-> Request 0
30
(4, 2, 1)
3
(67, 62)
-> Request 1
90
(4, 2, 1)
1
(64, 10)
-> Request 2
419
(4, 2, 1)
2
(3, 79)
-> Request 3
1212
(4, 2, 1)
1
(11, 24)
-> Request 4
1307
(4, 3, 1)
1
(38, 62)
--> Day : 1
-> Request 0
999
(4, 3, 1)
2
(8, 31)
-> Request 1
1124
(4, 2, 1)
1
(22, 12)
-> Request 2
1386
(4, 3, 1)
3
(25, 37)
--> Day : 2
-> Request 0
183
(4, 3, 1)
3
(12, 3)
-> Request 1
236
(4, 1, 1)
2
(47, 11)
-> Request 2
751
(4, 3, 1)
1
(39, 62)
-> Request 3
1000
(4, 3, 1)
2
(1, 15)
-> Request 4
1046
(4, 1, 1)
2
(13, 78)
-> Request 5
1195
(4, 3, 1)
3
(0, 61)
--> Day : 3
-> Request 0
441
(4, 3, 1)
3
(40, 7)
--> Day : 4
-> Request 0
261
(4, 3, 1)
3
(76, 14)
-> Request 1
275
(4, 1, 1)
1
(21, 72)
-> Request 2
568
(4, 2, 1)
3
(77, 43)
-> Request 3
838
(4, 3, 1)
2
(37, 64)
-> Request 4
959
(4, 1, 1)
2
(75, 28)
-> Request 5
1246
(4, 2, 1)
3
(14, 76)
-> Request 6
1344
(4, 1, 1)
3
(38, 76)
-> Request 7
1361
(4, 3, 1)
2
(26, 79)
---> Week : 29
--> Day : 0
-> Request 0
519
(4, 1, 1)
2
(21, 50)
-> Request 1
807
(4, 3, 1)
2
(79, 33)
--> Day : 1
-> Request 0
18
(4, 2, 1)
1
(6, 68)
-> Request 1
110
(4, 1, 1)
1
(79, 21)
-> Request 2
200
(4, 2, 1)
2
(44, 41)
-> Request 3
259
(4, 3, 1)
1
(27, 39)
-> Request 4
734
(4, 3, 1)
2
(2, 16)
-> Request 5
851
(4, 3, 1)
1
(73, 43)
-> Request 6
856
(4, 2, 1)
2
(40, 22)
-> Request 7
1393
(4, 2, 1)
1
(67, 18)
--> Day : 2
-> Request 0
428
(4, 3, 1)
1
(64, 65)
-> Request 1
758
(4, 3, 1)
2
(7, 45)
-> Request 2
773
(4, 2, 1)
2
(77, 38)
-> Request 3
1042
(4, 1, 1)
3
(44, 45)
-> Request 4
1206
(4, 2, 1)
1
(18, 26)
--> Day : 3
-> Request 0
24
(4, 3, 1)
3
(33, 41)
-> Request 1
48
(4, 1, 1)
2
(46, 75)
-> Request 2
72
(4, 1, 1)
3
(56, 19)
-> Request 3
415
(4, 3, 1)
1
(23, 24)
-> Request 4
569
(4, 1, 1)
3
(77, 64)
-> Request 5
739
(4, 3, 1)
1
(77, 41)
-> Request 6
748
(4, 1, 1)
2
(0, 26)
-> Request 7
865
(4, 3, 1)
3
(62, 22)
-> Request 8
866
(4, 1, 1)
2
(71, 46)
-> Request 9
1123
(4, 1, 1)
1
(31, 78)
--> Day : 4
-> Request 0
29
(4, 1, 1)
3
(2, 56)
-> Request 1
181
(4, 2, 1)
2
(31, 45)
-> Request 2
372
(4, 3, 1)
2
(4, 28)
-> Request 3
820
(4, 3, 1)
3
(50, 37)
-> Request 4
832
(4, 3, 1)
3
(18, 45)
-> Request 5
955
(4, 2, 1)
3
(56, 52)
-> Request 6
1376
(4, 3, 1)
3
(65, 27)
---> Week : 30
--> Day : 0
-> Request 0
42
(4, 3, 1)
2
(71, 5)
-> Request 1
172
(4, 2, 1)
2
(8, 48)
-> Request 2
1193
(4, 2, 1)
2
(28, 21)
--> Day : 1
-> Request 0
607
(4, 1, 1)
1
(34, 22)
-> Request 1
618
(4, 2, 1)
3
(2, 47)
-> Request 2
713
(4, 2, 1)
2
(2, 76)
-> Request 3
825
(4, 3, 1)
2
(2, 45)
-> Request 4
999
(4, 3, 1)
2
(30, 23)
--> Day : 2
-> Request 0
275
(4, 2, 1)
1
(60, 20)
-> Request 1
817
(4, 3, 1)
2
(46, 48)
-> Request 2
929
(4, 3, 1)
1
(2, 27)
-> Request 3
1286
(4, 2, 1)
2
(62, 53)
--> Day : 3
-> Request 0
85
(4, 2, 1)
1
(42, 69)
-> Request 1
316
(4, 3, 1)
1
(46, 26)
-> Request 2
687
(4, 2, 1)
2
(68, 53)
-> Request 3
1197
(4, 2, 1)
1
(76, 77)
-> Request 4
1312
(4, 2, 1)
3
(45, 19)
-> Request 5
1432
(4, 1, 1)
3
(72, 63)
--> Day : 4
-> Request 0
146
(4, 3, 1)
1
(20, 71)
-> Request 1
453
(4, 2, 1)
2
(76, 11)
-> Request 2
808
(4, 2, 1)
3
(25, 10)
-> Request 3
836
(4, 2, 1)
3
(25, 56)
---> Week : 31
--> Day : 0
-> Request 0
159
(4, 3, 1)
2
(28, 5)
-> Request 1
647
(4, 2, 1)
2
(72, 42)
-> Request 2
927
(4, 2, 1)
1
(76, 55)
-> Request 3
1102
(4, 3, 1)
2
(65, 42)
--> Day : 1
-> Request 0
130
(4, 3, 1)
2
(69, 43)
-> Request 1
1148
(4, 2, 1)
3
(79, 2)
-> Request 2
1252
(4, 2, 1)
3
(55, 71)
-> Request 3
1400
(4, 1, 1)
3
(17, 69)
--> Day : 2
-> Request 0
151
(4, 2, 1)
3
(21, 48)
-> Request 1
376
(4, 1, 1)
3
(13, 33)
--> Day : 3
-> Request 0
523
(4, 2, 1)
2
(60, 61)
-> Request 1
1252
(4, 3, 1)
3
(60, 63)
-> Request 2
1425
(4, 1, 1)
1
(75, 59)
--> Day : 4
-> Request 0
5
(4, 2, 1)
2
(64, 5)
-> Request 1
361
(4, 2, 1)
3
(38, 53)
-> Request 2
767
(4, 2, 1)
3
(66, 56)
-> Request 3
821
(4, 3, 1)
1
(49, 58)
-> Request 4
975
(4, 3, 1)
1
(36, 12)
-> Request 5
1039
(4, 2, 1)
1
(5, 5)
-> Request 6
1234
(4, 2, 1)
3
(57, 70)
---> Week : 32
--> Day : 0
-> Request 0
1334
(4, 2, 1)
1
(26, 28)
--> Day : 1
-> Request 0
225
(4, 1, 1)
2
(8, 46)
-> Request 1
465
(4, 1, 1)
3
(8, 10)
-> Request 2
680
(4, 3, 1)
1
(21, 38)
--> Day : 2
-> Request 0
222
(4, 1, 1)
3
(29, 2)
-> Request 1
495
(4, 1, 1)
1
(72, 70)
--> Day : 3
-> Request 0
216
(4, 1, 1)
1
(29, 46)
-> Request 1
216
(4, 1, 1)
1
(54, 74)
-> Request 2
301
(4, 1, 1)
1
(50, 72)
-> Request 3
328
(4, 2, 1)
1
(67, 49)
-> Request 4
408
(4, 3, 1)
3
(57, 71)
-> Request 5
906
(4, 3, 1)
2
(53, 0)
-> Request 6
959
(4, 3, 1)
2
(7, 8)
-> Request 7
1063
(4, 3, 1)
3
(52, 37)
-> Request 8
1294
(4, 3, 1)
1
(38, 50)
--> Day : 4
-> Request 0
153
(4, 2, 1)
3
(62, 55)
-> Request 1
402
(4, 2, 1)
2
(73, 4)
-> Request 2
531
(4, 1, 1)
1
(44, 6)
-> Request 3
1138
(4, 1, 1)
1
(47, 23)
-> Request 4
1167
(4, 3, 1)
2
(42, 41)
---> Week : 33
--> Day : 0
-> Request 0
301
(4, 2, 1)
3
(64, 53)
-> Request 1
689
(4, 2, 1)
1
(18, 29)
-> Request 2
721
(4, 1, 1)
2
(44, 57)
-> Request 3
921
(4, 3, 1)
3
(11, 41)
-> Request 4
990
(4, 2, 1)
1
(42, 18)
-> Request 5
1394
(4, 3, 1)
2
(71, 59)
--> Day : 1
-> Request 0
203
(4, 3, 1)
1
(9, 60)
-> Request 1
718
(4, 3, 1)
3
(54, 45)
-> Request 2
923
(4, 3, 1)
3
(14, 31)
--> Day : 2
-> Request 0
1349
(4, 2, 1)
3
(13, 11)
--> Day : 3
-> Request 0
1216
(4, 1, 1)
2
(33, 59)
--> Day : 4
-> Request 0
628
(4, 3, 1)
3
(39, 45)
-> Request 1
736
(4, 1, 1)
1
(42, 7)
---> Week : 34
--> Day : 0
-> Request 0
52
(4, 1, 1)
3
(42, 75)
-> Request 1
330
(4, 3, 1)
1
(33, 75)
-> Request 2
1318
(4, 3, 1)
3
(78, 17)
-> Request 3
1349
(4, 1, 1)
3
(24, 55)
--> Day : 1
-> Request 0
322
(4, 1, 1)
3
(63, 63)
-> Request 1
512
(4, 3, 1)
2
(40, 62)
-> Request 2
1151
(4, 2, 1)
2
(62, 78)
-> Request 3
1303
(4, 2, 1)
2
(3, 17)
-> Request 4
1315
(4, 1, 1)
2
(48, 16)
--> Day : 2
-> Request 0
101
(4, 3, 1)
2
(69, 62)
-> Request 1
459
(4, 3, 1)
1
(19, 12)
-> Request 2
674
(4, 1, 1)
1
(69, 28)
-> Request 3
959
(4, 1, 1)
3
(3, 74)
-> Request 4
1056
(4, 3, 1)
2
(69, 33)
--> Day : 3
-> Request 0
194
(4, 3, 1)
3
(42, 17)
-> Request 1
925
(4, 3, 1)
3
(52, 28)
--> Day : 4
-> Request 0
10
(4, 2, 1)
3
(74, 21)
-> Request 1
636
(4, 3, 1)
3
(33, 25)
---> Week : 35
--> Day : 0
-> Request 0
29
(4, 2, 1)
1
(51, 49)
-> Request 1
452
(4, 3, 1)
2
(23, 53)
-> Request 2
735
(4, 2, 1)
2
(23, 30)
-> Request 3
1122
(4, 1, 1)
3
(42, 9)
-> Request 4
1367
(4, 3, 1)
2
(19, 16)
--> Day : 1
-> Request 0
348
(4, 2, 1)
3
(30, 29)
-> Request 1
396
(4, 1, 1)
1
(32, 29)
-> Request 2
1213
(4, 2, 1)
3
(6, 58)
-> Request 3
1259
(4, 1, 1)
1
(8, 13)
-> Request 4
1409
(4, 1, 1)
1
(56, 9)
--> Day : 2
-> Request 0
178
(4, 1, 1)
2
(50, 11)
-> Request 1
335
(4, 1, 1)
2
(77, 75)
-> Request 2
1008
(4, 1, 1)
1
(9, 71)
--> Day : 3
-> Request 0
1084
(4, 1, 1)
3
(68, 37)
--> Day : 4
-> Request 0
111
(4, 2, 1)
3
(40, 61)
-> Request 1
288
(4, 2, 1)
3
(4, 64)
-> Request 2
422
(4, 2, 1)
1
(67, 23)
-> Request 3
960
(4, 2, 1)
1
(17, 47)
-> Request 4
1199
(4, 2, 1)
3
(39, 28)
---> Week : 36
--> Day : 0
-> Request 0
394
(4, 1, 1)
3
(39, 2)
-> Request 1
423
(4, 3, 1)
2
(39, 19)
-> Request 2
560
(4, 3, 1)
1
(17, 45)
-> Request 3
1105
(4, 2, 1)
1
(78, 41)
-> Request 4
1356
(4, 2, 1)
2
(14, 63)
--> Day : 1
-> Request 0
181
(4, 3, 1)
1
(24, 77)
-> Request 1
434
(4, 3, 1)
1
(78, 66)
--> Day : 2
-> Request 0
27
(4, 1, 1)
2
(67, 30)
-> Request 1
986
(4, 3, 1)
1
(32, 75)
-> Request 2
1164
(4, 1, 1)
2
(59, 52)
-> Request 3
1362
(4, 2, 1)
3
(9, 62)
--> Day : 3
-> Request 0
428
(4, 1, 1)
3
(14, 6)
-> Request 1
594
(4, 2, 1)
3
(47, 25)
-> Request 2
634
(4, 2, 1)
1
(76, 24)
-> Request 3
715
(4, 3, 1)
3
(21, 19)
-> Request 4
855
(4, 1, 1)
1
(7, 66)
-> Request 5
1060
(4, 1, 1)
2
(11, 27)
--> Day : 4
-> Request 0
462
(4, 1, 1)
3
(63, 44)
-> Request 1
816
(4, 3, 1)
2
(32, 18)
---> Week : 37
--> Day : 0
-> Request 0
179
(4, 3, 1)
1
(22, 7)
-> Request 1
964
(4, 1, 1)
1
(67, 14)
-> Request 2
1415
(4, 3, 1)
3
(47, 76)
--> Day : 1
-> Request 0
105
(4, 1, 1)
1
(41, 21)
-> Request 1
112
(4, 2, 1)
3
(60, 4)
-> Request 2
408
(4, 2, 1)
1
(39, 66)
-> Request 3
962
(4, 1, 1)
3
(76, 72)
--> Day : 2
-> Request 0
69
(4, 2, 1)
3
(30, 5)
-> Request 1
219
(4, 3, 1)
3
(6, 16)
-> Request 2
1049
(4, 2, 1)
2
(51, 42)
--> Day : 3
-> Request 0
1291
(4, 3, 1)
2
(71, 6)
--> Day : 4
-> Request 0
47
(4, 3, 1)
2
(46, 19)
-> Request 1
343
(4, 3, 1)
1
(49, 27)
-> Request 2
349
(4, 2, 1)
2
(22, 33)
-> Request 3
590
(4, 2, 1)
1
(23, 13)
-> Request 4
970
(4, 2, 1)
3
(67, 0)
-> Request 5
1146
(4, 1, 1)
1
(78, 52)
-> Request 6
1419
(4, 3, 1)
2
(55, 61)
---> Week : 38
--> Day : 0
-> Request 0
83
(4, 3, 1)
1
(21, 56)
-> Request 1
870
(4, 1, 1)
2
(56, 37)
-> Request 2
882
(4, 3, 1)
3
(76, 55)
--> Day : 1
-> Request 0
203
(4, 3, 1)
2
(43, 63)
-> Request 1
384
(4, 2, 1)
2
(13, 8)
-> Request 2
572
(4, 2, 1)
2
(63, 67)
-> Request 3
1256
(4, 2, 1)
3
(30, 75)
--> Day : 2
-> Request 0
167
(4, 2, 1)
1
(3, 37)
-> Request 1
287
(4, 3, 1)
2
(15, 54)
-> Request 2
590
(4, 2, 1)
2
(49, 73)
-> Request 3
773
(4, 1, 1)
3
(57, 59)
-> Request 4
776
(4, 3, 1)
3
(2, 9)
-> Request 5
777
(4, 3, 1)
2
(62, 70)
--> Day : 3
-> Request 0
1169
(4, 3, 1)
1
(41, 62)
--> Day : 4
-> Request 0
90
(4, 2, 1)
3
(37, 19)
-> Request 1
110
(4, 3, 1)
1
(24, 2)
-> Request 2
889
(4, 1, 1)
3
(61, 22)
-> Request 3
951
(4, 3, 1)
2
(28, 19)
-> Request 4
1043
(4, 1, 1)
3
(34, 72)
-> Request 5
1340
(4, 2, 1)
1
(72, 65)
---> Week : 39
--> Day : 0
-> Request 0
133
(4, 1, 1)
1
(63, 68)
-> Request 1
672
(4, 3, 1)
1
(28, 57)
-> Request 2
864
(4, 2, 1)
1
(72, 46)
--> Day : 1
-> Request 0
58
(4, 2, 1)
2
(72, 2)
-> Request 1
342
(4, 3, 1)
1
(33, 37)
-> Request 2
678
(4, 3, 1)
3
(59, 20)
-> Request 3
1042
(4, 3, 1)
1
(0, 57)
--> Day : 2
-> Request 0
208
(4, 2, 1)
3
(11, 71)
-> Request 1
872
(4, 1, 1)
2
(30, 52)
--> Day : 3
-> Request 0
7
(4, 3, 1)
3
(75, 19)
-> Request 1
104
(4, 1, 1)
2
(66, 39)
-> Request 2
212
(4, 2, 1)
1
(55, 74)
-> Request 3
465
(4, 1, 1)
1
(4, 13)
-> Request 4
540
(4, 2, 1)
3
(25, 18)
-> Request 5
746
(4, 1, 1)
2
(30, 42)
-> Request 6
990
(4, 2, 1)
2
(71, 44)
-> Request 7
1076
(4, 2, 1)
1
(63, 54)
--> Day : 4
-> Request 0
227
(4, 3, 1)
2
(31, 63)
-> Request 1
377
(4, 1, 1)
3
(65, 0)
-> Request 2
1077
(4, 1, 1)
1
(41, 65)
-> Request 3
1238
(4, 1, 1)
2
(24, 66)
-> Request 4
1258
(4, 2, 1)
3
(50, 77)
---> Week : 40
--> Day : 0
-> Request 0
181
(4, 2, 1)
1
(39, 55)
-> Request 1
488
(4, 2, 1)
1
(8, 28)
-> Request 2
920
(4, 3, 1)
1
(36, 32)
--> Day : 1
-> Request 0
128
(4, 2, 1)
2
(34, 54)
-> Request 1
782
(4, 1, 1)
3
(1, 50)
-> Request 2
904
(4, 2, 1)
1
(16, 14)
--> Day : 2
-> Request 0
1281
(4, 2, 1)
1
(35, 19)
--> Day : 3
-> Request 0
1422
(4, 3, 1)
1
(59, 25)
-> Request 1
1436
(4, 2, 1)
1
(3, 71)
--> Day : 4
-> Request 0
860
(4, 1, 1)
2
(72, 51)
-> Request 1
1107
(4, 3, 1)
1
(38, 71)
-> Request 2
1413
(4, 2, 1)
3
(1, 43)
---> Week : 41
--> Day : 0
-> Request 0
68
(4, 3, 1)
3
(1, 70)
-> Request 1
71
(4, 1, 1)
3
(37, 44)
-> Request 2
180
(4, 2, 1)
1
(62, 74)
-> Request 3
347
(4, 1, 1)
3
(44, 53)
-> Request 4
371
(4, 2, 1)
1
(66, 32)
-> Request 5
751
(4, 2, 1)
2
(60, 41)
-> Request 6
842
(4, 3, 1)
1
(48, 78)
-> Request 7
1163
(4, 1, 1)
3
(16, 70)
-> Request 8
1365
(4, 3, 1)
2
(54, 66)
-> Request 9
1427
(4, 3, 1)
3
(24, 21)
--> Day : 1
-> Request 0
115
(4, 3, 1)
2
(61, 7)
-> Request 1
319
(4, 2, 1)
1
(65, 63)
-> Request 2
330
(4, 3, 1)
1
(9, 46)
-> Request 3
453
(4, 1, 1)
2
(19, 10)
-> Request 4
920
(4, 2, 1)
1
(62, 24)
-> Request 5
986
(4, 3, 1)
2
(61, 10)
--> Day : 2
-> Request 0
318
(4, 1, 1)
3
(11, 74)
-> Request 1
341
(4, 3, 1)
3
(69, 30)
-> Request 2
906
(4, 2, 1)
3
(4, 22)
-> Request 3
1411
(4, 2, 1)
2
(37, 18)
--> Day : 3
-> Request 0
343
(4, 1, 1)
3
(46, 28)
-> Request 1
1116
(4, 1, 1)
3
(27, 10)
-> Request 2
1207
(4, 3, 1)
1
(14, 73)
--> Day : 4
-> Request 0
78
(4, 2, 1)
1
(22, 70)
-> Request 1
1081
(4, 2, 1)
1
(33, 38)
-> Request 2
1145
(4, 2, 1)
2
(11, 28)
---> Week : 42
--> Day : 0
-> Request 0
279
(4, 3, 1)
1
(14, 49)
-> Request 1
987
(4, 1, 1)
3
(67, 45)
-> Request 2
1358
(4, 1, 1)
1
(45, 38)
--> Day : 1
-> Request 0
7
(4, 1, 1)
2
(79, 25)
-> Request 1
18
(4, 2, 1)
1
(51, 27)
-> Request 2
730
(4, 2, 1)
2
(28, 19)
-> Request 3
1185
(4, 2, 1)
2
(7, 57)
--> Day : 2
-> Request 0
7
(4, 2, 1)
3
(13, 14)
-> Request 1
450
(4, 2, 1)
3
(67, 7)
-> Request 2
814
(4, 3, 1)
1
(46, 55)
-> Request 3
945
(4, 3, 1)
3
(60, 15)
-> Request 4
1293
(4, 2, 1)
3
(74, 33)
--> Day : 3
-> Request 0
404
(4, 3, 1)
2
(55, 6)
-> Request 1
959
(4, 1, 1)
2
(59, 17)
-> Request 2
1067
(4, 1, 1)
3
(35, 42)
-> Request 3
1152
(4, 1, 1)
3
(53, 63)
-> Request 4
1389
(4, 1, 1)
2
(4, 79)
--> Day : 4
-> Request 0
14
(4, 1, 1)
2
(41, 3)
-> Request 1
606
(4, 1, 1)
2
(20, 63)
-> Request 2
736
(4, 3, 1)
3
(19, 48)
-> Request 3
835
(4, 2, 1)
3
(8, 32)
-> Request 4
922
(4, 3, 1)
2
(23, 9)
---> Week : 43
--> Day : 0
-> Request 0
90
(4, 3, 1)
3
(20, 62)
--> Day : 1
-> Request 0
1
(4, 1, 1)
2
(32, 4)
-> Request 1
298
(4, 2, 1)
3
(11, 42)
-> Request 2
751
(4, 2, 1)
2
(53, 57)
-> Request 3
894
(4, 3, 1)
2
(51, 23)
-> Request 4
1001
(4, 2, 1)
1
(23, 15)
-> Request 5
1353
(4, 3, 1)
2
(57, 51)
-> Request 6
1422
(4, 1, 1)
2
(18, 1)
--> Day : 2
-> Request 0
360
(4, 2, 1)
1
(36, 67)
-> Request 1
587
(4, 1, 1)
2
(13, 15)
-> Request 2
616
(4, 3, 1)
2
(68, 41)
-> Request 3
738
(4, 2, 1)
3
(70, 16)
-> Request 4
748
(4, 2, 1)
2
(63, 58)
--> Day : 3
-> Request 0
488
(4, 2, 1)
3
(13, 57)
-> Request 1
606
(4, 2, 1)
3
(75, 3)
-> Request 2
898
(4, 3, 1)
1
(16, 59)
--> Day : 4
-> Request 0
308
(4, 2, 1)
1
(65, 15)
-> Request 1
825
(4, 2, 1)
2
(75, 69)
-> Request 2
1055
(4, 3, 1)
2
(22, 20)
-> Request 3
1266
(4, 1, 1)
2
(49, 68)
-> Request 4
1279
(4, 1, 1)
3
(56, 9)
-> Request 5
1299
(4, 3, 1)
1
(18, 78)
-> Request 6
1301
(4, 3, 1)
3
(14, 37)
---> Week : 44
--> Day : 0
-> Request 0
627
(4, 1, 1)
1
(71, 22)
-> Request 1
690
(4, 3, 1)
3
(15, 42)
-> Request 2
816
(4, 1, 1)
3
(65, 8)
-> Request 3
1091
(4, 1, 1)
3
(45, 45)
-> Request 4
1233
(4, 2, 1)
3
(79, 5)
--> Day : 1
-> Request 0
180
(4, 3, 1)
3
(46, 54)
-> Request 1
205
(4, 2, 1)
1
(40, 68)
-> Request 2
530
(4, 1, 1)
1
(11, 54)
-> Request 3
919
(4, 3, 1)
2
(68, 12)
-> Request 4
1424
(4, 1, 1)
3
(38, 72)
--> Day : 2
-> Request 0
166
(4, 1, 1)
3
(15, 50)
-> Request 1
212
(4, 2, 1)
2
(25, 59)
-> Request 2
257
(4, 2, 1)
3
(68, 32)
-> Request 3
645
(4, 2, 1)
2
(8, 58)
-> Request 4
689
(4, 1, 1)
3
(5, 3)
-> Request 5
1285
(4, 3, 1)
3
(72, 38)
--> Day : 3
-> Request 0
50
(4, 3, 1)
1
(43, 33)
-> Request 1
287
(4, 1, 1)
2
(46, 49)
-> Request 2
466
(4, 1, 1)
3
(28, 9)
-> Request 3
1098
(4, 3, 1)
3
(72, 79)
-> Request 4
1142
(4, 1, 1)
1
(60, 67)
--> Day : 4
-> Request 0
115
(4, 1, 1)
1
(11, 23)
-> Request 1
284
(4, 2, 1)
1
(32, 14)
-> Request 2
1434
(4, 2, 1)
1
(49, 40)
---> Week : 45
--> Day : 0
-> Request 0
64
(4, 2, 1)
2
(62, 31)
-> Request 1
625
(4, 2, 1)
2
(22, 74)
-> Request 2
805
(4, 2, 1)
3
(69, 56)
-> Request 3
1012
(4, 2, 1)
1
(59, 56)
-> Request 4
1065
(4, 3, 1)
1
(29, 34)
-> Request 5
1175
(4, 3, 1)
3
(64, 55)
-> Request 6
1350
(4, 1, 1)
1
(63, 53)
--> Day : 1
-> Request 0
1
(4, 2, 1)
3
(74, 32)
-> Request 1
99
(4, 2, 1)
2
(35, 59)
-> Request 2
479
(4, 1, 1)
2
(53, 35)
-> Request 3
516
(4, 3, 1)
2
(66, 78)
-> Request 4
604
(4, 2, 1)
1
(28, 60)
-> Request 5
755
(4, 2, 1)
2
(44, 39)
--> Day : 2
-> Request 0
149
(4, 2, 1)
1
(59, 64)
-> Request 1
267
(4, 2, 1)
3
(25, 53)
-> Request 2
867
(4, 3, 1)
3
(24, 18)
-> Request 3
898
(4, 3, 1)
3
(9, 37)
-> Request 4
1240
(4, 3, 1)
3
(48, 56)
--> Day : 3
-> Request 0
106
(4, 2, 1)
3
(4, 33)
-> Request 1
366
(4, 2, 1)
1
(76, 45)
-> Request 2
583
(4, 3, 1)
3
(32, 24)
-> Request 3
957
(4, 1, 1)
1
(58, 32)
-> Request 4
1058
(4, 3, 1)
3
(33, 14)
-> Request 5
1269
(4, 1, 1)
1
(14, 63)
--> Day : 4
-> Request 0
1008
(4, 2, 1)
1
(62, 55)
---> Week : 46
--> Day : 0
-> Request 0
564
(4, 2, 1)
1
(8, 46)
-> Request 1
1169
(4, 2, 1)
2
(75, 35)
-> Request 2
1180
(4, 1, 1)
1
(38, 41)
-> Request 3
1337
(4, 3, 1)
3
(24, 28)
--> Day : 1
-> Request 0
978
(4, 3, 1)
3
(55, 76)
-> Request 1
1263
(4, 3, 1)
1
(16, 42)
--> Day : 2
-> Request 0
1042
(4, 1, 1)
3
(4, 1)
-> Request 1
1061
(4, 1, 1)
2
(54, 37)
-> Request 2
1164
(4, 3, 1)
1
(40, 58)
-> Request 3
1348
(4, 2, 1)
3
(41, 77)
-> Request 4
1375
(4, 2, 1)
3
(59, 15)
--> Day : 3
-> Request 0
147
(4, 2, 1)
3
(76, 65)
--> Day : 4
-> Request 0
685
(4, 1, 1)
1
(60, 47)
-> Request 1
720
(4, 3, 1)
3
(28, 63)
-> Request 2
748
(4, 3, 1)
2
(4, 27)
-> Request 3
874
(4, 1, 1)
3
(38, 30)
-> Request 4
1400
(4, 3, 1)
1
(14, 55)
---> Week : 47
--> Day : 0
-> Request 0
181
(4, 2, 1)
2
(65, 75)
-> Request 1
392
(4, 2, 1)
1
(78, 35)
-> Request 2
629
(4, 3, 1)
2
(46, 11)
-> Request 3
938
(4, 3, 1)
1
(10, 23)
--> Day : 1
-> Request 0
126
(4, 3, 1)
1
(18, 71)
-> Request 1
330
(4, 2, 1)
2
(52, 46)
-> Request 2
618
(4, 1, 1)
1
(19, 59)
-> Request 3
696
(4, 2, 1)
2
(21, 47)
--> Day : 2
-> Request 0
41
(4, 3, 1)
3
(71, 6)
-> Request 1
442
(4, 3, 1)
3
(75, 25)
-> Request 2
463
(4, 2, 1)
1
(29, 1)
--> Day : 3
-> Request 0
2
(4, 2, 1)
1
(10, 21)
-> Request 1
26
(4, 3, 1)
1
(43, 40)
-> Request 2
83
(4, 1, 1)
2
(47, 63)
-> Request 3
426
(4, 2, 1)
3
(40, 75)
-> Request 4
1133
(4, 1, 1)
3
(13, 18)
-> Request 5
1145
(4, 2, 1)
1
(31, 69)
-> Request 6
1297
(4, 2, 1)
3
(21, 26)
-> Request 7
1408
(4, 2, 1)
3
(71, 36)
--> Day : 4
-> Request 0
374
(4, 1, 1)
1
(31, 43)
-> Request 1
574
(4, 2, 1)
2
(32, 32)
-> Request 2
579
(4, 3, 1)
2
(26, 4)
-> Request 3
1081
(4, 1, 1)
1
(62, 71)
-> Request 4
1295
(4, 1, 1)
1
(71, 50)
-> Request 5
1405
(4, 1, 1)
3
(2, 28)
---> Week : 48
--> Day : 0
-> Request 0
200
(4, 2, 1)
3
(48, 30)
-> Request 1
343
(4, 2, 1)
3
(40, 7)
-> Request 2
365
(4, 3, 1)
1
(43, 66)
-> Request 3
486
(4, 3, 1)
2
(0, 21)
-> Request 4
1289
(4, 1, 1)
2
(41, 71)
--> Day : 1
-> Request 0
490
(4, 2, 1)
3
(3, 26)
-> Request 1
491
(4, 1, 1)
1
(23, 41)
-> Request 2
598
(4, 1, 1)
3
(60, 64)
--> Day : 2
-> Request 0
520
(4, 2, 1)
1
(71, 43)
-> Request 1
802
(4, 1, 1)
2
(57, 31)
-> Request 2
1117
(4, 2, 1)
3
(42, 53)
-> Request 3
1360
(4, 1, 1)
2
(20, 74)
-> Request 4
1380
(4, 2, 1)
3
(64, 49)
-> Request 5
1419
(4, 2, 1)
2
(9, 70)
--> Day : 3
-> Request 0
394
(4, 3, 1)
2
(1, 4)
-> Request 1
598
(4, 3, 1)
2
(35, 0)
-> Request 2
1306
(4, 1, 1)
3
(38, 39)
--> Day : 4
-> Request 0
1282
(4, 3, 1)
1
(14, 65)
---> Week : 49
--> Day : 0
-> Request 0
349
(4, 2, 1)
2
(54, 16)
-> Request 1
415
(4, 2, 1)
3
(40, 69)
-> Request 2
432
(4, 3, 1)
1
(73, 59)
-> Request 3
1279
(4, 1, 1)
1
(12, 71)
--> Day : 1
-> Request 0
207
(4, 3, 1)
3
(37, 26)
-> Request 1
485
(4, 2, 1)
1
(7, 33)
-> Request 2
717
(4, 3, 1)
3
(17, 34)
-> Request 3
780
(4, 1, 1)
1
(77, 27)
-> Request 4
836
(4, 2, 1)
3
(67, 71)
-> Request 5
1327
(4, 2, 1)
1
(6, 40)
-> Request 6
1415
(4, 1, 1)
3
(29, 10)
--> Day : 2
-> Request 0
189
(4, 1, 1)
1
(5, 75)
-> Request 1
497
(4, 2, 1)
2
(36, 40)
-> Request 2
1100
(4, 1, 1)
3
(38, 11)
-> Request 3
1170
(4, 2, 1)
2
(1, 62)
--> Day : 3
-> Request 0
506
(4, 2, 1)
2
(22, 64)
-> Request 1
793
(4, 2, 1)
1
(50, 43)
-> Request 2
812
(4, 2, 1)
2
(54, 17)
-> Request 3
1181
(4, 2, 1)
1
(24, 60)
-> Request 4
1261
(4, 2, 1)
2
(47, 76)
--> Day : 4
-> Request 0
974
(4, 3, 1)
2
(60, 43)
-> Request 1
1262
(4, 2, 1)
2
(6, 9)
---> Week : 50
--> Day : 0
-> Request 0
101
(4, 2, 1)
1
(19, 69)
-> Request 1
730
(4, 3, 1)
3
(62, 22)
-> Request 2
791
(4, 2, 1)
3
(63, 54)
-> Request 3
904
(4, 3, 1)
1
(31, 56)
-> Request 4
975
(4, 1, 1)
1
(69, 34)
--> Day : 1
-> Request 0
306
(4, 3, 1)
1
(18, 46)
-> Request 1
383
(4, 2, 1)
3
(72, 75)
-> Request 2
990
(4, 3, 1)
2
(33, 12)
-> Request 3
1125
(4, 3, 1)
3
(36, 48)
--> Day : 2
-> Request 0
183
(4, 1, 1)
1
(34, 22)
-> Request 1
229
(4, 2, 1)
1
(58, 12)
-> Request 2
913
(4, 2, 1)
3
(18, 32)
-> Request 3
1318
(4, 3, 1)
3
(53, 72)
-> Request 4
1388
(4, 3, 1)
2
(3, 57)
--> Day : 3
-> Request 0
44
(4, 1, 1)
2
(31, 52)
-> Request 1
522
(4, 3, 1)
1
(50, 19)
-> Request 2
1177
(4, 1, 1)
2
(9, 16)
--> Day : 4
-> Request 0
340
(4, 3, 1)
2
(54, 58)
-> Request 1
346
(4, 1, 1)
1
(62, 14)
-> Request 2
409
(4, 2, 1)
2
(66, 77)
-> Request 3
526
(4, 3, 1)
3
(55, 58)
-> Request 4
572
(4, 3, 1)
3
(52, 28)
-> Request 5
983
(4, 1, 1)
2
(65, 35)
-> Request 6
1127
(4, 3, 1)
2
(51, 40)
-> Request 7
1265
(4, 2, 1)
2
(61, 15)
-> Request 8
1377
(4, 1, 1)
2
(31, 45)
---> Week : 51
--> Day : 0
-> Request 0
618
(4, 1, 1)
3
(2, 77)
-> Request 1
973
(4, 3, 1)
2
(19, 32)
-> Request 2
998
(4, 3, 1)
3
(57, 12)
-> Request 3
1105
(4, 1, 1)
3
(26, 39)
-> Request 4
1180
(4, 1, 1)
2
(62, 1)
--> Day : 1
-> Request 0
33
(4, 3, 1)
2
(16, 77)
-> Request 1
640
(4, 2, 1)
2
(50, 63)
-> Request 2
998
(4, 3, 1)
1
(26, 65)
-> Request 3
1014
(4, 3, 1)
3
(50, 37)
--> Day : 2
-> Request 0
163
(4, 3, 1)
1
(48, 72)
-> Request 1
280
(4, 1, 1)
2
(22, 53)
-> Request 2
486
(4, 2, 1)
3
(40, 19)
-> Request 3
668
(4, 1, 1)
3
(3, 62)
--> Day : 3
-> Request 0
428
(4, 1, 1)
1
(45, 1)
-> Request 1
938
(4, 1, 1)
3
(34, 52)
-> Request 2
1152
(4, 1, 1)
1
(68, 34)
--> Day : 4
-> Request 0
579
(4, 1, 1)
1
(44, 78)
-> Request 1
622
(4, 2, 1)
2
(5, 66)
---> Week : 52
--> Day : 0
-> Request 0
128
(4, 3, 1)
3
(60, 10)
-> Request 1
553
(4, 1, 1)
3
(72, 12)
-> Request 2
625
(4, 3, 1)
2
(75, 27)
--> Day : 1
-> Request 0
334
(4, 2, 1)
2
(2, 20)
-> Request 1
410
(4, 3, 1)
1
(34, 79)
-> Request 2
830
(4, 3, 1)
2
(15, 59)
--> Day : 2
-> Request 0
568
(4, 3, 1)
3
(25, 4)
-> Request 1
619
(4, 1, 1)
1
(7, 64)
-> Request 2
1013
(4, 2, 1)
1
(6, 56)
-> Request 3
1040
(4, 3, 1)
1
(11, 17)
--> Day : 3
-> Request 0
255
(4, 1, 1)
2
(72, 31)
-> Request 1
460
(4, 1, 1)
1
(39, 9)
-> Request 2
768
(4, 1, 1)
2
(43, 0)
-> Request 3
1372
(4, 3, 1)
1
(65, 64)
--> Day : 4
-> Request 0
41
(4, 1, 1)
3
(45, 30)
-> Request 1
178
(4, 1, 1)
2
(44, 69)
-> Request 2
326
(4, 2, 1)
2
(58, 54)
-> Request 3
480
(4, 1, 1)
3
(0, 63)
-> Request 4
572
(4, 3, 1)
3
(38, 66)
-> Request 5
659
(4, 2, 1)
1
(28, 15)
-> Request 6
783
(4, 1, 1)
3
(64, 29)
-> Request 7
1092
(4, 2, 1)
1
(39, 75)
-> Request 8
1261
(4, 1, 1)
2
(52, 29)
-> Request 9
1331
(4, 2, 1)
1
(54, 23)
---> Week : 53
--> Day : 0
-> Request 0
100
(4, 2, 1)
3
(7, 75)
-> Request 1
861
(4, 2, 1)
2
(5, 42)
-> Request 2
879
(4, 2, 1)
1
(65, 21)
-> Request 3
1093
(4, 2, 1)
1
(2, 18)
-> Request 4
1226
(4, 2, 1)
1
(63, 26)
-> Request 5
1417
(4, 2, 1)
3
(20, 21)
--> Day : 1
-> Request 0
341
(4, 3, 1)
3
(58, 32)
-> Request 1
958
(4, 3, 1)
3
(55, 56)
-> Request 2
1128
(4, 1, 1)
1
(34, 15)
--> Day : 2
-> Request 0
754
(4, 1, 1)
3
(78, 70)
--> Day : 3
-> Request 0
74
(4, 1, 1)
1
(64, 63)
-> Request 1
127
(4, 2, 1)
3
(46, 32)
-> Request 2
888
(4, 1, 1)
3
(17, 68)
-> Request 3
904
(4, 3, 1)
3
(34, 69)
-> Request 4
996
(4, 3, 1)
2
(53, 3)
-> Request 5
1299
(4, 1, 1)
2
(62, 12)
--> Day : 4
-> Request 0
869
(4, 1, 1)
1
(10, 63)
-> Request 1
1374
(4, 2, 1)
1
(39, 46)
---> Week : 54
--> Day : 0
-> Request 0
460
(4, 3, 1)
1
(48, 43)
-> Request 1
970
(4, 2, 1)
2
(32, 56)
-> Request 2
1273
(4, 1, 1)
2
(44, 57)
--> Day : 1
-> Request 0
975
(4, 1, 1)
2
(6, 58)
--> Day : 2
-> Request 0
257
(4, 2, 1)
1
(6, 17)
-> Request 1
269
(4, 3, 1)
1
(68, 41)
-> Request 2
525
(4, 1, 1)
3
(28, 59)
--> Day : 3
-> Request 0
77
(4, 3, 1)
1
(9, 53)
-> Request 1
188
(4, 1, 1)
3
(10, 20)
-> Request 2
301
(4, 1, 1)
2
(45, 32)
-> Request 3
472
(4, 1, 1)
3
(58, 1)
-> Request 4
800
(4, 3, 1)
1
(79, 47)
-> Request 5
949
(4, 1, 1)
3
(19, 33)
-> Request 6
1394
(4, 3, 1)
2
(38, 58)
--> Day : 4
-> Request 0
32
(4, 2, 1)
3
(1, 63)
-> Request 1
57
(4, 1, 1)
2
(76, 68)
-> Request 2
467
(4, 2, 1)
1
(13, 6)
-> Request 3
830
(4, 2, 1)
1
(75, 16)
-> Request 4
870
(4, 1, 1)
2
(42, 39)
-> Request 5
1102
(4, 1, 1)
1
(67, 41)
-> Request 6
1263
(4, 1, 1)
3
(0, 78)
---> Week : 55
--> Day : 0
-> Request 0
36
(4, 1, 1)
1
(37, 72)
-> Request 1
273
(4, 1, 1)
1
(48, 14)
-> Request 2
436
(4, 1, 1)
3
(10, 21)
-> Request 3
709
(4, 1, 1)
1
(69, 0)
-> Request 4
814
(4, 2, 1)
1
(21, 74)
-> Request 5
1187
(4, 2, 1)
3
(48, 55)
--> Day : 1
-> Request 0
275
(4, 1, 1)
2
(3, 45)
-> Request 1
942
(4, 2, 1)
2
(41, 24)
-> Request 2
1275
(4, 1, 1)
3
(13, 72)
-> Request 3
1347
(4, 2, 1)
2
(27, 23)
--> Day : 2
-> Request 0
726
(4, 1, 1)
2
(69, 47)
--> Day : 3
-> Request 0
429
(4, 3, 1)
2
(70, 34)
-> Request 1
1269
(4, 1, 1)
1
(60, 65)
--> Day : 4
-> Request 0
1222
(4, 1, 1)
3
(7, 1)
-> Request 1
1257
(4, 1, 1)
1
(10, 67)
-> Request 2
1397
(4, 1, 1)
3
(77, 40)
---> Week : 56
--> Day : 0
-> Request 0
148
(4, 1, 1)
3
(67, 18)
-> Request 1
371
(4, 3, 1)
1
(15, 77)
-> Request 2
640
(4, 1, 1)
2
(35, 44)
-> Request 3
835
(4, 2, 1)
2
(19, 75)
-> Request 4
860
(4, 2, 1)
3
(36, 69)
-> Request 5
1061
(4, 2, 1)
3
(60, 50)
-> Request 6
1177
(4, 3, 1)
3
(43, 1)
--> Day : 1
-> Request 0
247
(4, 3, 1)
2
(75, 71)
-> Request 1
292
(4, 2, 1)
2
(11, 73)
-> Request 2
466
(4, 1, 1)
2
(68, 67)
-> Request 3
667
(4, 1, 1)
3
(70, 20)
-> Request 4
785
(4, 3, 1)
1
(38, 59)
--> Day : 2
-> Request 0
89
(4, 1, 1)
2
(27, 40)
-> Request 1
458
(4, 3, 1)
1
(54, 43)
-> Request 2
717
(4, 3, 1)
1
(64, 23)
-> Request 3
960
(4, 1, 1)
2
(57, 67)
-> Request 4
1126
(4, 1, 1)
2
(30, 72)
--> Day : 3
-> Request 0
119
(4, 3, 1)
3
(37, 60)
-> Request 1
263
(4, 2, 1)
2
(63, 25)
-> Request 2
861
(4, 2, 1)
1
(58, 51)
-> Request 3
1333
(4, 2, 1)
1
(57, 29)
--> Day : 4
-> Request 0
268
(4, 2, 1)
3
(46, 2)
-> Request 1
343
(4, 1, 1)
1
(0, 15)
-> Request 2
486
(4, 1, 1)
3
(64, 27)
-> Request 3
1109
(4, 3, 1)
3
(11, 50)
---> Week : 57
--> Day : 0
-> Request 0
1118
(4, 3, 1)
2
(70, 54)
-> Request 1
1142
(4, 1, 1)
1
(51, 37)
-> Request 2
1312
(4, 1, 1)
1
(1, 24)
--> Day : 1
-> Request 0
755
(4, 3, 1)
2
(14, 1)
-> Request 1
1012
(4, 3, 1)
1
(31, 39)
-> Request 2
1233
(4, 1, 1)
3
(10, 58)
-> Request 3
1301
(4, 3, 1)
2
(28, 2)
--> Day : 2
-> Request 0
193
(4, 2, 1)
2
(19, 63)
-> Request 1
395
(4, 3, 1)
1
(51, 8)
-> Request 2
515
(4, 1, 1)
2
(64, 19)
-> Request 3
750
(4, 2, 1)
3
(52, 47)
-> Request 4
825
(4, 2, 1)
2
(72, 71)
--> Day : 3
-> Request 0
139
(4, 3, 1)
1
(2, 54)
-> Request 1
392
(4, 3, 1)
2
(44, 12)
-> Request 2
421
(4, 1, 1)
2
(4, 29)
-> Request 3
1092
(4, 3, 1)
1
(75, 0)
-> Request 4
1328
(4, 1, 1)
3
(47, 18)
--> Day : 4
-> Request 0
204
(4, 3, 1)
3
(32, 22)
-> Request 1
281
(4, 3, 1)
1
(25, 76)
-> Request 2
530
(4, 2, 1)
2
(18, 54)
-> Request 3
746
(4, 3, 1)
3
(5, 79)
-> Request 4
901
(4, 3, 1)
1
(36, 12)
-> Request 5
1060
(4, 2, 1)
3
(46, 75)
---> Week : 58
--> Day : 0
-> Request 0
26
(4, 3, 1)
1
(29, 32)
-> Request 1
574
(4, 2, 1)
3
(56, 33)
-> Request 2
618
(4, 1, 1)
2
(60, 64)
--> Day : 1
-> Request 0
122
(4, 2, 1)
2
(11, 43)
-> Request 1
572
(4, 2, 1)
1
(54, 78)
-> Request 2
1007
(4, 1, 1)
3
(24, 29)
-> Request 3
1084
(4, 1, 1)
3
(34, 51)
-> Request 4
1411
(4, 2, 1)
1
(43, 54)
--> Day : 2
-> Request 0
137
(4, 1, 1)
1
(2, 32)
-> Request 1
440
(4, 1, 1)
3
(39, 68)
-> Request 2
645
(4, 3, 1)
2
(75, 16)
-> Request 3
738
(4, 3, 1)
3
(17, 25)
--> Day : 3
-> Request 0
869
(4, 3, 1)
2
(2, 17)
-> Request 1
1012
(4, 2, 1)
3
(17, 2)
-> Request 2
1309
(4, 3, 1)
1
(37, 6)
--> Day : 4
-> Request 0
887
(4, 1, 1)
2
(53, 63)
---> Week : 59
--> Day : 0
-> Request 0
167
(4, 3, 1)
3
(14, 43)
-> Request 1
414
(4, 1, 1)
3
(12, 35)
-> Request 2
1234
(4, 3, 1)
2
(20, 43)
--> Day : 1
-> Request 0
238
(4, 2, 1)
3
(50, 29)
-> Request 1
447
(4, 3, 1)
1
(16, 31)
-> Request 2
1021
(4, 3, 1)
1
(63, 65)
-> Request 3
1096
(4, 1, 1)
1
(31, 78)
-> Request 4
1144
(4, 3, 1)
1
(77, 77)
--> Day : 2
-> Request 0
384
(4, 2, 1)
3
(9, 53)
--> Day : 3
-> Request 0
17
(4, 2, 1)
2
(21, 71)
-> Request 1
391
(4, 3, 1)
1
(36, 66)
-> Request 2
813
(4, 1, 1)
3
(74, 68)
-> Request 3
948
(4, 2, 1)
2
(10, 7)
-> Request 4
1156
(4, 3, 1)
2
(22, 76)
--> Day : 4
-> Request 0
175
(4, 1, 1)
1
(62, 4)
-> Request 1
538
(4, 2, 1)
3
(43, 11)
-> Request 2
757
(4, 1, 1)
2
(4, 71)
-> Request 3
862
(4, 3, 1)
3
(0, 56)
-> Request 4
1363
(4, 2, 1)
3
(66, 0)
---> Week : 60
--> Day : 0
-> Request 0
60
(4, 2, 1)
3
(59, 61)
-> Request 1
94
(4, 3, 1)
2
(60, 47)
-> Request 2
218
(4, 2, 1)
2
(7, 32)
-> Request 3
725
(4, 3, 1)
3
(43, 21)
-> Request 4
806
(4, 1, 1)
1
(26, 56)
--> Day : 1
-> Request 0
275
(4, 1, 1)
3
(14, 0)
-> Request 1
340
(4, 1, 1)
3
(15, 7)
-> Request 2
572
(4, 1, 1)
1
(3, 61)
-> Request 3
720
(4, 1, 1)
3
(13, 5)
-> Request 4
759
(4, 3, 1)
3
(21, 58)
-> Request 5
765
(4, 3, 1)
1
(17, 69)
-> Request 6
829
(4, 3, 1)
1
(21, 53)
-> Request 7
921
(4, 3, 1)
2
(62, 55)
--> Day : 2
-> Request 0
848
(4, 2, 1)
1
(20, 3)
--> Day : 3
-> Request 0
70
(4, 3, 1)
2
(16, 48)
-> Request 1
159
(4, 3, 1)
3
(52, 41)
-> Request 2
298
(4, 2, 1)
1
(22, 64)
-> Request 3
435
(4, 2, 1)
3
(0, 13)
-> Request 4
775
(4, 2, 1)
3
(26, 53)
-> Request 5
848
(4, 2, 1)
3
(66, 66)
-> Request 6
1250
(4, 2, 1)
1
(40, 26)
--> Day : 4
-> Request 0
673
(4, 3, 1)
3
(22, 18)
-> Request 1
711
(4, 3, 1)
3
(0, 42)
-> Request 2
855
(4, 3, 1)
2
(29, 6)
-> Request 3
985
(4, 1, 1)
3
(41, 52)
-> Request 4
1389
(4, 1, 1)
3
(59, 48)
---> Week : 61
--> Day : 0
-> Request 0
62
(4, 3, 1)
1
(35, 77)
-> Request 1
647
(4, 1, 1)
3
(56, 55)
-> Request 2
819
(4, 3, 1)
2
(59, 75)
-> Request 3
852
(4, 1, 1)
2
(17, 35)
-> Request 4
891
(4, 1, 1)
3
(36, 52)
--> Day : 1
-> Request 0
202
(4, 3, 1)
2
(7, 70)
-> Request 1
734
(4, 1, 1)
2
(74, 7)
-> Request 2
792
(4, 3, 1)
2
(41, 57)
-> Request 3
1185
(4, 1, 1)
2
(27, 17)
--> Day : 2
-> Request 0
447
(4, 3, 1)
1
(54, 17)
-> Request 1
1345
(4, 1, 1)
3
(39, 66)
-> Request 2
1416
(4, 1, 1)
1
(57, 35)
--> Day : 3
-> Request 0
531
(4, 1, 1)
1
(5, 4)
-> Request 1
571
(4, 3, 1)
3
(63, 65)
-> Request 2
1245
(4, 2, 1)
2
(45, 63)
--> Day : 4
-> Request 0
256
(4, 1, 1)
1
(72, 76)
-> Request 1
930
(4, 1, 1)
2
(7, 58)
-> Request 2
1330
(4, 1, 1)
2
(27, 58)
---> Week : 62
--> Day : 0
-> Request 0
254
(4, 1, 1)
3
(0, 53)
-> Request 1
605
(4, 2, 1)
2
(51, 12)
-> Request 2
950
(4, 3, 1)
2
(55, 18)
-> Request 3
1279
(4, 3, 1)
2
(25, 44)
--> Day : 1
-> Request 0
94
(4, 3, 1)
2
(50, 71)
-> Request 1
662
(4, 1, 1)
2
(44, 16)
-> Request 2
675
(4, 1, 1)
1
(0, 73)
-> Request 3
1420
(4, 3, 1)
2
(52, 70)
--> Day : 2
-> Request 0
291
(4, 1, 1)
1
(12, 13)
-> Request 1
998
(4, 3, 1)
1
(32, 8)
-> Request 2
1094
(4, 2, 1)
2
(64, 27)
-> Request 3
1223
(4, 1, 1)
2
(31, 30)
-> Request 4
1252
(4, 2, 1)
2
(13, 14)
-> Request 5
1321
(4, 2, 1)
2
(40, 63)
-> Request 6
1353
(4, 2, 1)
3
(43, 53)
--> Day : 3
-> Request 0
1003
(4, 2, 1)
3
(57, 34)
-> Request 1
1082
(4, 2, 1)
1
(48, 58)
-> Request 2
1427
(4, 2, 1)
1
(6, 67)
--> Day : 4
-> Request 0
215
(4, 3, 1)
2
(67, 53)
-> Request 1
476
(4, 1, 1)
3
(24, 24)
-> Request 2
1005
(4, 1, 1)
1
(23, 3)
-> Request 3
1219
(4, 3, 1)
2
(28, 73)
---> Week : 63
--> Day : 0
-> Request 0
229
(4, 1, 1)
1
(14, 14)
-> Request 1
325
(4, 1, 1)
3
(40, 2)
-> Request 2
716
(4, 3, 1)
3
(13, 37)
-> Request 3
1232
(4, 1, 1)
3
(70, 53)
--> Day : 1
-> Request 0
430
(4, 2, 1)
1
(4, 4)
-> Request 1
577
(4, 1, 1)
2
(58, 50)
-> Request 2
853
(4, 3, 1)
3
(73, 17)
-> Request 3
1012
(4, 3, 1)
1
(51, 30)
-> Request 4
1152
(4, 3, 1)
1
(46, 43)
-> Request 5
1220
(4, 1, 1)
3
(31, 37)
--> Day : 2
-> Request 0
84
(4, 2, 1)
3
(28, 20)
-> Request 1
316
(4, 1, 1)
2
(57, 61)
-> Request 2
481
(4, 3, 1)
1
(24, 78)
-> Request 3
737
(4, 1, 1)
3
(26, 59)
-> Request 4
903
(4, 1, 1)
2
(18, 0)
-> Request 5
919
(4, 2, 1)
3
(78, 50)
--> Day : 3
-> Request 0
89
(4, 3, 1)
3
(46, 27)
-> Request 1
633
(4, 3, 1)
1
(26, 52)
-> Request 2
842
(4, 2, 1)
1
(64, 40)
-> Request 3
934
(4, 1, 1)
2
(16, 18)
-> Request 4
1385
(4, 2, 1)
1
(24, 72)
--> Day : 4
-> Request 0
1027
(4, 2, 1)
1
(78, 57)
-> Request 1
1144
(4, 1, 1)
3
(12, 57)
---> Week : 64
--> Day : 0
-> Request 0
341
(4, 2, 1)
2
(70, 50)
--> Day : 1
-> Request 0
764
(4, 3, 1)
3
(7, 39)
--> Day : 2
-> Request 0
44
(4, 1, 1)
1
(63, 35)
-> Request 1
1200
(4, 2, 1)
2
(71, 69)
-> Request 2
1238
(4, 1, 1)
1
(28, 73)
-> Request 3
1311
(4, 1, 1)
2
(40, 2)
--> Day : 3
-> Request 0
119
(4, 3, 1)
3
(51, 9)
-> Request 1
181
(4, 3, 1)
2
(40, 61)
-> Request 2
251
(4, 2, 1)
3
(71, 74)
-> Request 3
569
(4, 3, 1)
2
(35, 75)
-> Request 4
831
(4, 2, 1)
3
(62, 60)
-> Request 5
1200
(4, 3, 1)
2
(3, 9)
--> Day : 4
-> Request 0
483
(4, 1, 1)
2
(79, 67)
-> Request 1
1437
(4, 2, 1)
1
(33, 39)
---> Week : 65
--> Day : 0
-> Request 0
589
(4, 3, 1)
2
(24, 39)
-> Request 1
749
(4, 1, 1)
2
(60, 67)
-> Request 2
1095
(4, 2, 1)
2
(39, 51)
-> Request 3
1437
(4, 2, 1)
1
(54, 16)
--> Day : 1
-> Request 0
532
(4, 2, 1)
3
(70, 6)
-> Request 1
1004
(4, 1, 1)
1
(50, 13)
-> Request 2
1255
(4, 1, 1)
2
(70, 35)
--> Day : 2
-> Request 0
287
(4, 2, 1)
1
(59, 31)
-> Request 1
858
(4, 3, 1)
2
(19, 36)
-> Request 2
1312
(4, 2, 1)
3
(51, 7)
-> Request 3
1374
(4, 2, 1)
3
(56, 46)
--> Day : 3
-> Request 0
73
(4, 3, 1)
3
(33, 70)
-> Request 1
156
(4, 1, 1)
2
(0, 46)
-> Request 2
182
(4, 1, 1)
1
(15, 61)
-> Request 3
594
(4, 3, 1)
2
(27, 50)
-> Request 4
875
(4, 3, 1)
1
(71, 53)
--> Day : 4
-> Request 0
123
(4, 3, 1)
3
(65, 71)
-> Request 1
173
(4, 3, 1)
2
(48, 46)
-> Request 2
231
(4, 1, 1)
3
(72, 4)
-> Request 3
664
(4, 2, 1)
3
(1, 21)
-> Request 4
732
(4, 2, 1)
3
(24, 27)
-> Request 5
738
(4, 2, 1)
1
(38, 69)
-> Request 6
887
(4, 2, 1)
3
(66, 33)
---> Week : 66
--> Day : 0
-> Request 0
514
(4, 3, 1)
2
(48, 11)
-> Request 1
949
(4, 2, 1)
1
(79, 1)
-> Request 2
1076
(4, 1, 1)
2
(39, 10)
--> Day : 1
-> Request 0
669
(4, 1, 1)
2
(49, 56)
-> Request 1
711
(4, 2, 1)
2
(70, 43)
--> Day : 2
-> Request 0
161
(4, 2, 1)
2
(66, 15)
-> Request 1
294
(4, 2, 1)
3
(74, 52)
-> Request 2
986
(4, 1, 1)
2
(11, 59)
-> Request 3
1351
(4, 2, 1)
3
(28, 48)
--> Day : 3
-> Request 0
425
(4, 3, 1)
2
(54, 41)
-> Request 1
513
(4, 1, 1)
2
(46, 53)
-> Request 2
899
(4, 2, 1)
3
(0, 4)
-> Request 3
1092
(4, 1, 1)
2
(40, 33)
--> Day : 4
-> Request 0
360
(4, 1, 1)
3
(69, 47)
-> Request 1
812
(4, 3, 1)
1
(52, 41)
-> Request 2
837
(4, 3, 1)
1
(38, 18)
-> Request 3
1072
(4, 3, 1)
3
(39, 42)
---> Week : 67
--> Day : 0
-> Request 0
624
(4, 2, 1)
2
(24, 45)
--> Day : 1
-> Request 0
53
(4, 2, 1)
2
(21, 71)
-> Request 1
272
(4, 1, 1)
2
(29, 75)
-> Request 2
1168
(4, 2, 1)
2
(16, 60)
-> Request 3
1178
(4, 1, 1)
2
(54, 47)
-> Request 4
1406
(4, 2, 1)
1
(18, 49)
--> Day : 2
-> Request 0
275
(4, 1, 1)
3
(55, 31)
-> Request 1
433
(4, 3, 1)
1
(22, 31)
-> Request 2
931
(4, 1, 1)
2
(29, 56)
-> Request 3
962
(4, 2, 1)
3
(59, 72)
-> Request 4
995
(4, 2, 1)
3
(71, 42)
-> Request 5
1411
(4, 3, 1)
1
(42, 54)
--> Day : 3
-> Request 0
456
(4, 2, 1)
3
(33, 74)
-> Request 1
1022
(4, 3, 1)
1
(1, 39)
-> Request 2
1213
(4, 1, 1)
3
(62, 11)
--> Day : 4
-> Request 0
656
(4, 1, 1)
1
(8, 53)
-> Request 1
1132
(4, 2, 1)
3
(21, 72)
---> Week : 68
--> Day : 0
-> Request 0
720
(4, 2, 1)
1
(22, 3)
--> Day : 1
-> Request 0
1224
(4, 1, 1)
1
(4, 33)
-> Request 1
1273
(4, 3, 1)
3
(30, 40)
--> Day : 2
-> Request 0
11
(4, 1, 1)
1
(27, 29)
-> Request 1
693
(4, 1, 1)
3
(49, 21)
-> Request 2
1288
(4, 1, 1)
3
(7, 12)
--> Day : 3
-> Request 0
820
(4, 3, 1)
3
(51, 43)
--> Day : 4
-> Request 0
830
(4, 2, 1)
1
(55, 26)
-> Request 1
1174
(4, 1, 1)
3
(73, 41)
---> Week : 69
--> Day : 0
-> Request 0
146
(4, 1, 1)
1
(68, 63)
--> Day : 1
-> Request 0
438
(4, 3, 1)
1
(13, 77)
-> Request 1
802
(4, 3, 1)
2
(11, 28)
-> Request 2
807
(4, 3, 1)
3
(44, 77)
-> Request 3
1229
(4, 3, 1)
2
(45, 6)
--> Day : 2
-> Request 0
1352
(4, 2, 1)
3
(74, 77)
-> Request 1
1383
(4, 3, 1)
2
(15, 60)
--> Day : 3
-> Request 0
169
(4, 3, 1)
3
(52, 70)
-> Request 1
215
(4, 3, 1)
1
(44, 34)
-> Request 2
363
(4, 2, 1)
1
(16, 66)
-> Request 3
469
(4, 1, 1)
2
(5, 13)
-> Request 4
478
(4, 2, 1)
3
(36, 22)
-> Request 5
996
(4, 2, 1)
3
(77, 65)
--> Day : 4
-> Request 0
130
(4, 2, 1)
3
(5, 4)
-> Request 1
932
(4, 3, 1)
3
(26, 63)
-> Request 2
992
(4, 2, 1)
3
(34, 35)
-> Request 3
1059
(4, 2, 1)
2
(16, 37)
-> Request 4
1072
(4, 1, 1)
1
(75, 34)
-> Request 5
1279
(4, 3, 1)
1
(76, 74)
---> Week : 70
--> Day : 0
-> Request 0
12
(4, 2, 1)
3
(75, 12)
-> Request 1
90
(4, 3, 1)
3
(25, 32)
-> Request 2
507
(4, 2, 1)
3
(56, 56)
-> Request 3
587
(4, 2, 1)
2
(76, 12)
-> Request 4
700
(4, 3, 1)
1
(71, 20)
-> Request 5
786
(4, 1, 1)
3
(45, 41)
-> Request 6
993
(4, 2, 1)
3
(8, 63)
-> Request 7
1035
(4, 2, 1)
3
(34, 13)
-> Request 8
1309
(4, 1, 1)
2
(40, 75)
--> Day : 1
-> Request 0
703
(4, 3, 1)
2
(52, 40)
-> Request 1
1222
(4, 3, 1)
3
(16, 30)
--> Day : 2
-> Request 0
193
(4, 3, 1)
1
(17, 57)
-> Request 1
1068
(4, 1, 1)
3
(76, 46)
--> Day : 3
-> Request 0
58
(4, 2, 1)
3
(64, 40)
-> Request 1
429
(4, 2, 1)
2
(59, 55)
-> Request 2
612
(4, 1, 1)
3
(11, 55)
-> Request 3
777
(4, 1, 1)
2
(68, 44)
-> Request 4
824
(4, 1, 1)
2
(28, 33)
-> Request 5
914
(4, 2, 1)
3
(21, 16)
--> Day : 4
-> Request 0
585
(4, 1, 1)
1
(8, 53)
-> Request 1
844
(4, 1, 1)
1
(65, 42)
-> Request 2
895
(4, 3, 1)
1
(56, 48)
-> Request 3
1150
(4, 2, 1)
1
(31, 62)
-> Request 4
1436
(4, 1, 1)
2
(70, 4)
---> Week : 71
--> Day : 0
-> Request 0
973
(4, 1, 1)
1
(55, 71)
-> Request 1
1040
(4, 1, 1)
2
(31, 45)
--> Day : 1
-> Request 0
189
(4, 2, 1)
2
(75, 20)
-> Request 1
950
(4, 2, 1)
2
(43, 47)
-> Request 2
1101
(4, 3, 1)
3
(46, 65)
-> Request 3
1296
(4, 1, 1)
1
(45, 25)
--> Day : 2
--> Day : 3
-> Request 0
42
(4, 2, 1)
3
(28, 41)
--> Day : 4
-> Request 0
238
(4, 3, 1)
3
(11, 13)
-> Request 1
857
(4, 2, 1)
3
(79, 22)
-> Request 2
948
(4, 2, 1)
1
(79, 52)
-> Request 3
1014
(4, 3, 1)
2
(7, 79)
-> Request 4
1353
(4, 1, 1)
3
(79, 2)
---> Week : 72
--> Day : 0
-> Request 0
150
(4, 1, 1)
1
(60, 74)
-> Request 1
231
(4, 2, 1)
3
(34, 51)
-> Request 2
805
(4, 1, 1)
1
(35, 16)
-> Request 3
905
(4, 2, 1)
3
(19, 34)
-> Request 4
1029
(4, 1, 1)
3
(5, 21)
--> Day : 1
-> Request 0
407
(4, 2, 1)
1
(79, 13)
--> Day : 2
-> Request 0
72
(4, 3, 1)
3
(35, 1)
-> Request 1
564
(4, 1, 1)
3
(25, 6)
-> Request 2
728
(4, 3, 1)
1
(67, 14)
-> Request 3
790
(4, 3, 1)
2
(62, 24)
-> Request 4
997
(4, 2, 1)
1
(53, 46)
--> Day : 3
-> Request 0
822
(4, 3, 1)
3
(73, 42)
--> Day : 4
-> Request 0
9
(4, 3, 1)
1
(36, 51)
-> Request 1
818
(4, 3, 1)
3
(68, 53)
-> Request 2
905
(4, 1, 1)
1
(52, 64)
-> Request 3
1180
(4, 2, 1)
3
(57, 5)
---> Week : 73
--> Day : 0
-> Request 0
137
(4, 3, 1)
3
(22, 47)
-> Request 1
464
(4, 3, 1)
2
(35, 7)
-> Request 2
613
(4, 3, 1)
2
(14, 79)
-> Request 3
828
(4, 2, 1)
1
(29, 2)
-> Request 4
1041
(4, 1, 1)
1
(37, 47)
--> Day : 1
-> Request 0
660
(4, 3, 1)
3
(39, 22)
-> Request 1
836
(4, 2, 1)
2
(26, 22)
-> Request 2
1392
(4, 3, 1)
1
(50, 33)
--> Day : 2
-> Request 0
1325
(4, 2, 1)
3
(14, 28)
--> Day : 3
-> Request 0
271
(4, 2, 1)
2
(42, 52)
--> Day : 4
-> Request 0
164
(4, 2, 1)
1
(24, 57)
-> Request 1
201
(4, 2, 1)
1
(52, 18)
-> Request 2
1067
(4, 1, 1)
3
(5, 46)
-> Request 3
1136
(4, 2, 1)
1
(51, 37)
-> Request 4
1170
(4, 2, 1)
1
(37, 68)
---> Week : 74
--> Day : 0
-> Request 0
437
(4, 2, 1)
1
(75, 45)
-> Request 1
843
(4, 1, 1)
1
(8, 38)
-> Request 2
1061
(4, 1, 1)
3
(19, 0)
-> Request 3
1211
(4, 1, 1)
2
(45, 58)
-> Request 4
1380
(4, 1, 1)
2
(53, 41)
--> Day : 1
-> Request 0
665
(4, 3, 1)
2
(74, 23)
-> Request 1
1043
(4, 2, 1)
1
(25, 63)
--> Day : 2
-> Request 0
652
(4, 3, 1)
2
(13, 23)
-> Request 1
961
(4, 2, 1)
2
(37, 0)
-> Request 2
996
(4, 2, 1)
1
(12, 59)
-> Request 3
1111
(4, 2, 1)
2
(7, 23)
-> Request 4
1264
(4, 1, 1)
3
(64, 61)
-> Request 5
1302
(4, 3, 1)
3
(67, 56)
-> Request 6
1307
(4, 1, 1)
1
(17, 48)
--> Day : 3
-> Request 0
47
(4, 3, 1)
2
(16, 20)
-> Request 1
694
(4, 1, 1)
3
(20, 23)
-> Request 2
1307
(4, 1, 1)
2
(64, 74)
--> Day : 4
-> Request 0
58
(4, 3, 1)
2
(24, 36)
-> Request 1
888
(4, 2, 1)
2
(49, 45)
-> Request 2
917
(4, 1, 1)
1
(26, 12)
---> Week : 75
--> Day : 0
-> Request 0
556
(4, 2, 1)
1
(51, 12)
-> Request 1
693
(4, 3, 1)
1
(61, 41)
-> Request 2
1370
(4, 2, 1)
3
(68, 14)
--> Day : 1
-> Request 0
570
(4, 3, 1)
1
(65, 73)
-> Request 1
830
(4, 1, 1)
1
(49, 5)
-> Request 2
846
(4, 3, 1)
2
(0, 16)
-> Request 3
928
(4, 1, 1)
3
(5, 18)
-> Request 4
1303
(4, 2, 1)
2
(50, 7)
--> Day : 2
-> Request 0
10
(4, 2, 1)
1
(29, 10)
-> Request 1
383
(4, 1, 1)
3
(3, 32)
-> Request 2
963
(4, 1, 1)
3
(69, 32)
-> Request 3
1128
(4, 2, 1)
1
(13, 65)
-> Request 4
1196
(4, 1, 1)
2
(11, 19)
--> Day : 3
--> Day : 4
-> Request 0
581
(4, 1, 1)
3
(18, 36)
-> Request 1
1288
(4, 1, 1)
3
(30, 58)
-> Request 2
1425
(4, 2, 1)
2
(0, 61)
---> Week : 76
--> Day : 0
-> Request 0
404
(4, 3, 1)
1
(19, 59)
-> Request 1
691
(4, 2, 1)
2
(4, 32)
-> Request 2
1057
(4, 2, 1)
2
(53, 6)
--> Day : 1
-> Request 0
4
(4, 2, 1)
2
(9, 60)
-> Request 1
88
(4, 3, 1)
3
(2, 6)
-> Request 2
928
(4, 2, 1)
1
(8, 47)
-> Request 3
1209
(4, 2, 1)
1
(5, 33)
--> Day : 2
-> Request 0
1254
(4, 2, 1)
3
(55, 44)
--> Day : 3
-> Request 0
293
(4, 2, 1)
3
(66, 38)
-> Request 1
296
(4, 2, 1)
1
(47, 31)
-> Request 2
568
(4, 3, 1)
3
(50, 29)
-> Request 3
1071
(4, 1, 1)
2
(65, 78)
--> Day : 4
-> Request 0
574
(4, 3, 1)
3
(31, 43)
-> Request 1
733
(4, 2, 1)
3
(49, 66)
-> Request 2
896
(4, 1, 1)
2
(60, 26)
-> Request 3
1175
(4, 1, 1)
3
(67, 31)
---> Week : 77
--> Day : 0
-> Request 0
243
(4, 1, 1)
2
(1, 38)
-> Request 1
456
(4, 2, 1)
1
(24, 34)
-> Request 2
511
(4, 1, 1)
3
(75, 25)
-> Request 3
574
(4, 1, 1)
3
(56, 15)
-> Request 4
641
(4, 3, 1)
2
(65, 48)
-> Request 5
861
(4, 1, 1)
1
(50, 37)
-> Request 6
1073
(4, 1, 1)
1
(14, 18)
--> Day : 1
-> Request 0
440
(4, 3, 1)
3
(38, 29)
-> Request 1
704
(4, 3, 1)
1
(68, 68)
-> Request 2
1311
(4, 1, 1)
1
(10, 27)
--> Day : 2
-> Request 0
150
(4, 2, 1)
2
(32, 20)
-> Request 1
482
(4, 1, 1)
1
(18, 23)
-> Request 2
695
(4, 2, 1)
3
(60, 53)
-> Request 3
705
(4, 2, 1)
2
(49, 61)
-> Request 4
711
(4, 3, 1)
3
(74, 58)
-> Request 5
1034
(4, 3, 1)
3
(35, 41)
-> Request 6
1038
(4, 1, 1)
1
(6, 52)
-> Request 7
1355
(4, 3, 1)
2
(0, 2)
-> Request 8
1435
(4, 2, 1)
1
(27, 75)
--> Day : 3
-> Request 0
564
(4, 1, 1)
3
(17, 4)
-> Request 1
580
(4, 2, 1)
3
(0, 31)
-> Request 2
608
(4, 1, 1)
3
(38, 79)
-> Request 3
1257
(4, 2, 1)
3
(77, 38)
-> Request 4
1403
(4, 1, 1)
3
(69, 45)
--> Day : 4
-> Request 0
240
(4, 1, 1)
2
(57, 47)
-> Request 1
707
(4, 3, 1)
3
(55, 35)
---> Week : 78
--> Day : 0
-> Request 0
186
(4, 2, 1)
1
(15, 52)
-> Request 1
629
(4, 2, 1)
2
(47, 41)
-> Request 2
1359
(4, 2, 1)
2
(57, 47)
--> Day : 1
-> Request 0
635
(4, 1, 1)
3
(20, 75)
-> Request 1
668
(4, 2, 1)
2
(44, 32)
--> Day : 2
-> Request 0
10
(4, 1, 1)
3
(8, 0)
-> Request 1
575
(4, 2, 1)
2
(3, 20)
--> Day : 3
-> Request 0
473
(4, 2, 1)
3
(5, 64)
-> Request 1
656
(4, 3, 1)
1
(63, 53)
-> Request 2
729
(4, 3, 1)
2
(78, 43)
--> Day : 4
-> Request 0
67
(4, 1, 1)
1
(23, 75)
-> Request 1
675
(4, 2, 1)
1
(60, 77)
-> Request 2
1021
(4, 2, 1)
2
(24, 17)
---> Week : 79
--> Day : 0
-> Request 0
59
(4, 1, 1)
2
(63, 7)
-> Request 1
74
(4, 1, 1)
3
(27, 45)
-> Request 2
149
(4, 1, 1)
1
(62, 60)
-> Request 3
188
(4, 2, 1)
2
(42, 37)
-> Request 4
337
(4, 2, 1)
2
(47, 42)
-> Request 5
906
(4, 3, 1)
1
(65, 72)
-> Request 6
945
(4, 3, 1)
3
(5, 14)
-> Request 7
1187
(4, 3, 1)
3
(28, 38)
-> Request 8
1245
(4, 2, 1)
3
(8, 53)
--> Day : 1
-> Request 0
319
(4, 2, 1)
1
(41, 79)
-> Request 1
850
(4, 3, 1)
2
(70, 19)
-> Request 2
985
(4, 2, 1)
1
(10, 37)
--> Day : 2
-> Request 0
1012
(4, 2, 1)
1
(49, 75)
-> Request 1
1335
(4, 2, 1)
3
(34, 4)
--> Day : 3
-> Request 0
81
(4, 1, 1)
2
(77, 77)
-> Request 1
365
(4, 1, 1)
2
(37, 26)
--> Day : 4
-> Request 0
224
(4, 3, 1)
3
(77, 46)
---> Week : 80
--> Day : 0
-> Request 0
187
(4, 3, 1)
2
(56, 44)
-> Request 1
320
(4, 2, 1)
3
(79, 39)
-> Request 2
701
(4, 3, 1)
1
(55, 42)
-> Request 3
859
(4, 1, 1)
2
(14, 47)
-> Request 4
1171
(4, 3, 1)
2
(43, 14)
--> Day : 1
-> Request 0
322
(4, 1, 1)
1
(25, 17)
-> Request 1
367
(4, 1, 1)
2
(24, 13)
-> Request 2
408
(4, 1, 1)
3
(53, 58)
-> Request 3
861
(4, 1, 1)
2
(40, 37)
-> Request 4
1308
(4, 1, 1)
1
(64, 19)
--> Day : 2
-> Request 0
304
(4, 2, 1)
1
(56, 30)
-> Request 1
417
(4, 1, 1)
1
(44, 21)
-> Request 2
641
(4, 1, 1)
1
(48, 48)
-> Request 3
1272
(4, 3, 1)
2
(1, 76)
--> Day : 3
-> Request 0
219
(4, 2, 1)
3
(66, 0)
-> Request 1
602
(4, 3, 1)
3
(52, 16)
-> Request 2
908
(4, 3, 1)
3
(29, 63)
-> Request 3
1098
(4, 1, 1)
2
(71, 72)
-> Request 4
1106
(4, 1, 1)
3
(32, 78)
-> Request 5
1359
(4, 2, 1)
3
(60, 79)
--> Day : 4
-> Request 0
1252
(4, 1, 1)
3
(67, 54)
---> Week : 81
--> Day : 0
-> Request 0
775
(4, 1, 1)
2
(73, 55)
-> Request 1
1129
(4, 3, 1)
1
(72, 47)
--> Day : 1
-> Request 0
815
(4, 2, 1)
3
(25, 27)
-> Request 1
996
(4, 3, 1)
3
(41, 4)
-> Request 2
1256
(4, 3, 1)
2
(28, 55)
--> Day : 2
-> Request 0
244
(4, 1, 1)
2
(71, 32)
-> Request 1
272
(4, 2, 1)
3
(49, 12)
-> Request 2
400
(4, 3, 1)
1
(13, 55)
-> Request 3
512
(4, 1, 1)
3
(45, 73)
-> Request 4
540
(4, 1, 1)
2
(49, 22)
-> Request 5
572
(4, 3, 1)
1
(35, 6)
-> Request 6
1168
(4, 2, 1)
2
(64, 69)
--> Day : 3
-> Request 0
368
(4, 1, 1)
1
(56, 68)
-> Request 1
762
(4, 1, 1)
2
(31, 65)
-> Request 2
1327
(4, 1, 1)
2
(11, 25)
-> Request 3
1367
(4, 3, 1)
3
(37, 79)
--> Day : 4
-> Request 0
683
(4, 2, 1)
3
(23, 0)
-> Request 1
804
(4, 2, 1)
3
(28, 52)
-> Request 2
1031
(4, 2, 1)
2
(20, 7)
---> Week : 82
--> Day : 0
-> Request 0
68
(4, 2, 1)
2
(55, 20)
-> Request 1
137
(4, 3, 1)
3
(64, 3)
-> Request 2
360
(4, 3, 1)
2
(34, 63)
-> Request 3
436
(4, 1, 1)
2
(36, 24)
-> Request 4
586
(4, 3, 1)
2
(31, 3)
-> Request 5
1249
(4, 1, 1)
2
(67, 29)
-> Request 6
1332
(4, 2, 1)
1
(47, 79)
--> Day : 1
-> Request 0
277
(4, 2, 1)
2
(23, 56)
-> Request 1
434
(4, 2, 1)
3
(15, 1)
-> Request 2
565
(4, 2, 1)
3
(21, 61)
-> Request 3
696
(4, 1, 1)
3
(74, 41)
-> Request 4
730
(4, 1, 1)
3
(22, 66)
-> Request 5
788
(4, 2, 1)
1
(58, 34)
-> Request 6
1428
(4, 1, 1)
3
(40, 35)
--> Day : 2
-> Request 0
72
(4, 1, 1)
3
(7, 24)
-> Request 1
253
(4, 2, 1)
1
(51, 54)
-> Request 2
435
(4, 3, 1)
3
(48, 16)
-> Request 3
1054
(4, 1, 1)
1
(54, 63)
--> Day : 3
-> Request 0
238
(4, 3, 1)
2
(49, 6)
-> Request 1
477
(4, 2, 1)
1
(60, 31)
-> Request 2
594
(4, 1, 1)
1
(53, 48)
-> Request 3
627
(4, 3, 1)
2
(29, 38)
-> Request 4
671
(4, 2, 1)
1
(28, 12)
-> Request 5
735
(4, 3, 1)
2
(60, 60)
-> Request 6
1341
(4, 1, 1)
3
(18, 77)
--> Day : 4
-> Request 0
2
(4, 3, 1)
3
(64, 52)
-> Request 1
16
(4, 2, 1)
3
(2, 41)
-> Request 2
48
(4, 1, 1)
1
(35, 4)
-> Request 3
312
(4, 3, 1)
3
(24, 36)
-> Request 4
490
(4, 2, 1)
1
(42, 5)
-> Request 5
531
(4, 2, 1)
1
(27, 70)
-> Request 6
566
(4, 1, 1)
2
(46, 62)
-> Request 7
586
(4, 1, 1)
1
(45, 65)
-> Request 8
862
(4, 2, 1)
1
(3, 68)
-> Request 9
1117
(4, 1, 1)
2
(14, 73)
-> Request 10
1416
(4, 2, 1)
2
(39, 45)
---> Week : 83
--> Day : 0
-> Request 0
1059
(4, 2, 1)
2
(8, 3)
-> Request 1
1099
(4, 1, 1)
3
(61, 22)
-> Request 2
1210
(4, 2, 1)
1
(11, 44)
-> Request 3
1336
(4, 2, 1)
3
(38, 27)
--> Day : 1
-> Request 0
111
(4, 2, 1)
2
(67, 47)
-> Request 1
245
(4, 1, 1)
2
(66, 34)
-> Request 2
255
(4, 3, 1)
1
(44, 1)
-> Request 3
269
(4, 3, 1)
3
(69, 21)
-> Request 4
453
(4, 1, 1)
1
(69, 71)
-> Request 5
787
(4, 2, 1)
3
(34, 3)
--> Day : 2
-> Request 0
49
(4, 1, 1)
1
(9, 19)
-> Request 1
1338
(4, 2, 1)
3
(23, 75)
--> Day : 3
-> Request 0
573
(4, 2, 1)
2
(35, 26)
-> Request 1
705
(4, 3, 1)
3
(67, 35)
-> Request 2
745
(4, 2, 1)
3
(12, 32)
-> Request 3
833
(4, 1, 1)
2
(47, 50)
-> Request 4
1398
(4, 1, 1)
3
(78, 24)
--> Day : 4
-> Request 0
214
(4, 3, 1)
1
(55, 71)
-> Request 1
658
(4, 3, 1)
2
(9, 19)
-> Request 2
746
(4, 1, 1)
3
(45, 79)
-> Request 3
881
(4, 1, 1)
2
(12, 64)
-> Request 4
1431
(4, 1, 1)
2
(62, 28)
---> Week : 84
--> Day : 0
-> Request 0
399
(4, 2, 1)
2
(19, 73)
--> Day : 1
-> Request 0
620
(4, 1, 1)
3
(44, 79)
--> Day : 2
-> Request 0
211
(4, 2, 1)
1
(73, 44)
-> Request 1
448
(4, 3, 1)
3
(20, 70)
-> Request 2
765
(4, 1, 1)
3
(29, 71)
-> Request 3
935
(4, 1, 1)
2
(28, 63)
--> Day : 3
-> Request 0
160
(4, 1, 1)
2
(71, 46)
-> Request 1
166
(4, 2, 1)
2
(62, 25)
-> Request 2
296
(4, 3, 1)
1
(30, 52)
-> Request 3
341
(4, 3, 1)
3
(0, 40)
-> Request 4
565
(4, 3, 1)
1
(37, 4)
-> Request 5
846
(4, 3, 1)
2
(35, 35)
-> Request 6
1053
(4, 3, 1)
2
(8, 0)
-> Request 7
1154
(4, 3, 1)
1
(61, 3)
-> Request 8
1162
(4, 3, 1)
1
(58, 25)
-> Request 9
1196
(4, 1, 1)
1
(4, 1)
-> Request 10
1271
(4, 2, 1)
1
(58, 36)
--> Day : 4
-> Request 0
3
(4, 1, 1)
1
(44, 66)
-> Request 1
62
(4, 1, 1)
1
(2, 34)
-> Request 2
119
(4, 3, 1)
1
(63, 48)
-> Request 3
547
(4, 1, 1)
3
(12, 37)
---> Week : 85
--> Day : 0
-> Request 0
189
(4, 2, 1)
2
(17, 43)
-> Request 1
481
(4, 3, 1)
1
(20, 45)
-> Request 2
600
(4, 2, 1)
2
(54, 41)
-> Request 3
743
(4, 3, 1)
3
(8, 69)
--> Day : 1
-> Request 0
44
(4, 1, 1)
1
(8, 9)
-> Request 1
195
(4, 1, 1)
3
(60, 35)
-> Request 2
532
(4, 2, 1)
2
(21, 77)
-> Request 3
636
(4, 1, 1)
2
(62, 21)
-> Request 4
1112
(4, 3, 1)
2
(49, 3)
--> Day : 2
-> Request 0
586
(4, 2, 1)
3
(4, 22)
-> Request 1
723
(4, 2, 1)
2
(15, 23)
--> Day : 3
-> Request 0
147
(4, 2, 1)
2
(65, 63)
-> Request 1
713
(4, 1, 1)
1
(1, 51)
-> Request 2
1205
(4, 2, 1)
1
(68, 57)
-> Request 3
1418
(4, 3, 1)
1
(23, 39)
--> Day : 4
-> Request 0
875
(4, 3, 1)
3
(74, 79)
-> Request 1
1062
(4, 2, 1)
3
(8, 29)
---> Week : 86
--> Day : 0
-> Request 0
177
(4, 3, 1)
1
(38, 21)
-> Request 1
461
(4, 1, 1)
1
(71, 69)
-> Request 2
483
(4, 1, 1)
2
(0, 75)
-> Request 3
1311
(4, 2, 1)
1
(11, 13)
-> Request 4
1351
(4, 1, 1)
1
(64, 40)
--> Day : 1
-> Request 0
191
(4, 3, 1)
2
(76, 48)
-> Request 1
698
(4, 1, 1)
2
(51, 26)
-> Request 2
1145
(4, 2, 1)
1
(31, 66)
--> Day : 2
-> Request 0
84
(4, 1, 1)
3
(37, 39)
-> Request 1
585
(4, 3, 1)
1
(7, 72)
--> Day : 3
-> Request 0
142
(4, 1, 1)
2
(67, 8)
-> Request 1
236
(4, 2, 1)
1
(62, 70)
-> Request 2
737
(4, 1, 1)
2
(17, 12)
--> Day : 4
-> Request 0
140
(4, 3, 1)
2
(54, 2)
-> Request 1
424
(4, 3, 1)
1
(33, 55)
-> Request 2
597
(4, 1, 1)
1
(71, 27)
-> Request 3
1296
(4, 3, 1)
1
(54, 48)
---> Week : 87
--> Day : 0
-> Request 0
989
(4, 2, 1)
1
(36, 63)
--> Day : 1
-> Request 0
168
(4, 1, 1)
3
(42, 70)
-> Request 1
967
(4, 2, 1)
1
(63, 52)
--> Day : 2
-> Request 0
214
(4, 1, 1)
3
(52, 75)
-> Request 1
450
(4, 3, 1)
2
(16, 12)
-> Request 2
575
(4, 2, 1)
2
(49, 73)
-> Request 3
659
(4, 3, 1)
2
(55, 15)
-> Request 4
1134
(4, 3, 1)
1
(7, 15)
--> Day : 3
-> Request 0
382
(4, 1, 1)
3
(44, 61)
-> Request 1
680
(4, 1, 1)
3
(5, 24)
-> Request 2
948
(4, 2, 1)
3
(0, 49)
-> Request 3
1353
(4, 3, 1)
3
(60, 29)
--> Day : 4
-> Request 0
670
(4, 2, 1)
2
(36, 38)
-> Request 1
1258
(4, 2, 1)
2
(46, 11)
-> Request 2
1386
(4, 2, 1)
2
(69, 44)
---> Week : 88
--> Day : 0
-> Request 0
87
(4, 2, 1)
2
(14, 47)
-> Request 1
134
(4, 1, 1)
3
(37, 0)
-> Request 2
200
(4, 2, 1)
1
(57, 66)
-> Request 3
395
(4, 1, 1)
3
(42, 48)
-> Request 4
736
(4, 3, 1)
3
(8, 36)
-> Request 5
779
(4, 3, 1)
3
(20, 40)
-> Request 6
1022
(4, 2, 1)
2
(13, 13)
--> Day : 1
-> Request 0
385
(4, 1, 1)
1
(73, 75)
-> Request 1
584
(4, 1, 1)
1
(29, 34)
-> Request 2
864
(4, 1, 1)
1
(17, 41)
-> Request 3
1065
(4, 3, 1)
2
(57, 61)
--> Day : 2
-> Request 0
480
(4, 2, 1)
3
(11, 42)
-> Request 1
651
(4, 2, 1)
1
(64, 64)
--> Day : 3
-> Request 0
330
(4, 2, 1)
2
(27, 70)
-> Request 1
733
(4, 2, 1)
3
(45, 69)
-> Request 2
1152
(4, 2, 1)
1
(22, 54)
--> Day : 4
-> Request 0
74
(4, 2, 1)
1
(45, 69)
-> Request 1
491
(4, 1, 1)
2
(29, 21)
-> Request 2
1139
(4, 3, 1)
1
(32, 65)
-> Request 3
1432
(4, 2, 1)
2
(16, 59)
---> Week : 89
--> Day : 0
-> Request 0
195
(4, 2, 1)
1
(78, 73)
-> Request 1
430
(4, 1, 1)
1
(48, 18)
-> Request 2
718
(4, 1, 1)
2
(21, 60)
-> Request 3
777
(4, 3, 1)
1
(2, 10)
-> Request 4
1133
(4, 3, 1)
1
(56, 16)
--> Day : 1
-> Request 0
1060
(4, 3, 1)
2
(60, 79)
-> Request 1
1218
(4, 3, 1)
2
(6, 46)
--> Day : 2
-> Request 0
719
(4, 2, 1)
1
(30, 72)
-> Request 1
1152
(4, 1, 1)
1
(8, 59)
--> Day : 3
-> Request 0
216
(4, 2, 1)
3
(8, 11)
-> Request 1
392
(4, 1, 1)
3
(70, 19)
-> Request 2
423
(4, 3, 1)
2
(59, 53)
--> Day : 4
-> Request 0
521
(4, 1, 1)
2
(76, 31)
-> Request 1
774
(4, 3, 1)
2
(8, 1)
-> Request 2
777
(4, 2, 1)
2
(11, 42)
-> Request 3
1239
(4, 2, 1)
1
(24, 78)
-> Request 4
1389
(4, 1, 1)
1
(2, 63)
---> Week : 90
--> Day : 0
-> Request 0
269
(4, 2, 1)
2
(56, 35)
-> Request 1
372
(4, 1, 1)
3
(75, 4)
-> Request 2
823
(4, 2, 1)
2
(37, 60)
-> Request 3
870
(4, 1, 1)
2
(1, 47)
-> Request 4
1069
(4, 1, 1)
1
(56, 41)
-> Request 5
1362
(4, 1, 1)
1
(28, 7)
--> Day : 1
-> Request 0
545
(4, 1, 1)
2
(13, 45)
-> Request 1
551
(4, 1, 1)
1
(76, 34)
-> Request 2
994
(4, 1, 1)
2
(56, 32)
-> Request 3
1055
(4, 3, 1)
3
(10, 20)
--> Day : 2
-> Request 0
471
(4, 3, 1)
2
(66, 38)
-> Request 1
1080
(4, 1, 1)
1
(61, 75)
-> Request 2
1082
(4, 2, 1)
1
(64, 45)
--> Day : 3
-> Request 0
422
(4, 2, 1)
3
(29, 41)
-> Request 1
440
(4, 2, 1)
3
(9, 6)
-> Request 2
619
(4, 2, 1)
3
(43, 9)
--> Day : 4
-> Request 0
1
(4, 3, 1)
3
(21, 16)
-> Request 1
261
(4, 1, 1)
2
(16, 21)
-> Request 2
920
(4, 2, 1)
3
(52, 29)
-> Request 3
972
(4, 3, 1)
3
(25, 72)
---> Week : 91
--> Day : 0
-> Request 0
336
(4, 2, 1)
3
(73, 66)
-> Request 1
907
(4, 3, 1)
2
(66, 54)
-> Request 2
974
(4, 1, 1)
3
(39, 7)
-> Request 3
1078
(4, 2, 1)
3
(3, 44)
-> Request 4
1309
(4, 1, 1)
2
(4, 73)
-> Request 5
1387
(4, 1, 1)
3
(4, 45)
--> Day : 1
-> Request 0
81
(4, 1, 1)
3
(14, 34)
-> Request 1
737
(4, 2, 1)
2
(3, 44)
--> Day : 2
-> Request 0
280
(4, 3, 1)
3
(24, 5)
-> Request 1
811
(4, 2, 1)
3
(74, 51)
-> Request 2
856
(4, 3, 1)
2
(33, 20)
-> Request 3
1325
(4, 2, 1)
3
(42, 31)
--> Day : 3
-> Request 0
524
(4, 3, 1)
1
(77, 14)
-> Request 1
656
(4, 2, 1)
3
(76, 78)
-> Request 2
773
(4, 2, 1)
1
(48, 41)
-> Request 3
848
(4, 1, 1)
1
(31, 78)
-> Request 4
1190
(4, 1, 1)
2
(43, 58)
--> Day : 4
-> Request 0
436
(4, 2, 1)
2
(56, 65)
-> Request 1
642
(4, 1, 1)
2
(22, 15)
-> Request 2
1110
(4, 3, 1)
2
(47, 44)
-> Request 3
1151
(4, 2, 1)
1
(60, 43)
---> Week : 92
--> Day : 0
-> Request 0
591
(4, 1, 1)
3
(28, 44)
-> Request 1
632
(4, 3, 1)
1
(7, 4)
-> Request 2
769
(4, 3, 1)
3
(73, 49)
--> Day : 1
-> Request 0
387
(4, 3, 1)
3
(72, 49)
-> Request 1
493
(4, 3, 1)
3
(59, 31)
-> Request 2
1252
(4, 3, 1)
2
(69, 70)
-> Request 3
1314
(4, 3, 1)
3
(19, 31)
--> Day : 2
-> Request 0
1432
(4, 2, 1)
2
(75, 70)
--> Day : 3
-> Request 0
191
(4, 3, 1)
1
(5, 70)
-> Request 1
782
(4, 2, 1)
2
(65, 30)
-> Request 2
870
(4, 3, 1)
2
(12, 56)
-> Request 3
1043
(4, 3, 1)
3
(13, 34)
-> Request 4
1108
(4, 3, 1)
1
(53, 59)
-> Request 5
1418
(4, 1, 1)
3
(38, 67)
--> Day : 4
-> Request 0
584
(4, 2, 1)
2
(68, 75)
-> Request 1
685
(4, 2, 1)
2
(54, 65)
---> Week : 93
--> Day : 0
-> Request 0
0
(4, 1, 1)
2
(71, 78)
-> Request 1
142
(4, 3, 1)
1
(33, 27)
-> Request 2
220
(4, 2, 1)
1
(61, 74)
-> Request 3
517
(4, 3, 1)
2
(42, 78)
-> Request 4
551
(4, 3, 1)
2
(44, 74)
-> Request 5
666
(4, 1, 1)
3
(6, 16)
-> Request 6
967
(4, 3, 1)
2
(41, 41)
--> Day : 1
-> Request 0
578
(4, 3, 1)
3
(73, 61)
-> Request 1
668
(4, 2, 1)
2
(38, 44)
-> Request 2
824
(4, 1, 1)
2
(49, 0)
-> Request 3
938
(4, 1, 1)
3
(34, 62)
--> Day : 2
-> Request 0
654
(4, 2, 1)
3
(63, 39)
--> Day : 3
-> Request 0
1091
(4, 3, 1)
1
(23, 42)
-> Request 1
1354
(4, 1, 1)
2
(43, 40)
--> Day : 4
-> Request 0
412
(4, 2, 1)
3
(68, 52)
-> Request 1
1279
(4, 1, 1)
1
(53, 23)
---> Week : 94
--> Day : 0
-> Request 0
4
(4, 3, 1)
3
(46, 77)
-> Request 1
192
(4, 3, 1)
3
(45, 12)
-> Request 2
455
(4, 3, 1)
3
(29, 16)
--> Day : 1
-> Request 0
2
(4, 1, 1)
1
(56, 24)
-> Request 1
510
(4, 3, 1)
1
(21, 25)
-> Request 2
704
(4, 2, 1)
3
(70, 17)
-> Request 3
723
(4, 1, 1)
2
(72, 14)
-> Request 4
970
(4, 3, 1)
1
(79, 27)
-> Request 5
1319
(4, 1, 1)
3
(29, 31)
--> Day : 2
-> Request 0
279
(4, 2, 1)
1
(12, 18)
-> Request 1
505
(4, 1, 1)
2
(51, 10)
-> Request 2
607
(4, 3, 1)
2
(65, 39)
-> Request 3
1163
(4, 3, 1)
3
(66, 26)
-> Request 4
1210
(4, 1, 1)
3
(62, 12)
--> Day : 3
-> Request 0
94
(4, 2, 1)
1
(24, 38)
-> Request 1
145
(4, 1, 1)
3
(51, 62)
-> Request 2
1113
(4, 2, 1)
1
(68, 8)
-> Request 3
1290
(4, 1, 1)
2
(11, 56)
--> Day : 4
-> Request 0
372
(4, 1, 1)
2
(66, 73)
-> Request 1
775
(4, 3, 1)
3
(74, 66)
-> Request 2
946
(4, 3, 1)
2
(50, 23)
-> Request 3
1356
(4, 2, 1)
2
(24, 3)
-> Request 4
1422
(4, 3, 1)
1
(63, 38)
---> Week : 95
--> Day : 0
-> Request 0
1169
(4, 2, 1)
1
(50, 64)
--> Day : 1
-> Request 0
2
(4, 2, 1)
2
(40, 6)
-> Request 1
94
(4, 3, 1)
1
(35, 51)
-> Request 2
400
(4, 1, 1)
1
(8, 34)
-> Request 3
1023
(4, 1, 1)
1
(37, 39)
--> Day : 2
-> Request 0
439
(4, 1, 1)
1
(18, 3)
-> Request 1
1203
(4, 3, 1)
1
(58, 40)
-> Request 2
1432
(4, 1, 1)
1
(6, 67)
--> Day : 3
-> Request 0
571
(4, 3, 1)
2
(77, 51)
-> Request 1
854
(4, 3, 1)
3
(34, 11)
-> Request 2
1251
(4, 3, 1)
3
(63, 19)
--> Day : 4
-> Request 0
118
(4, 2, 1)
1
(63, 75)
-> Request 1
172
(4, 3, 1)
1
(45, 7)
-> Request 2
750
(4, 3, 1)
1
(5, 42)
-> Request 3
1039
(4, 2, 1)
1
(65, 29)
---> Week : 96
--> Day : 0
-> Request 0
0
(4, 1, 1)
3
(23, 12)
-> Request 1
46
(4, 1, 1)
2
(59, 77)
-> Request 2
288
(4, 2, 1)
2
(26, 28)
-> Request 3
822
(4, 2, 1)
2
(34, 16)
--> Day : 1
-> Request 0
87
(4, 3, 1)
1
(34, 20)
-> Request 1
189
(4, 1, 1)
3
(48, 49)
-> Request 2
838
(4, 3, 1)
2
(1, 8)
-> Request 3
965
(4, 1, 1)
3
(28, 31)
-> Request 4
1353
(4, 2, 1)
2
(35, 21)
--> Day : 2
-> Request 0
241
(4, 2, 1)
3
(24, 2)
-> Request 1
387
(4, 1, 1)
2
(79, 35)
-> Request 2
1085
(4, 1, 1)
2
(65, 79)
-> Request 3
1276
(4, 3, 1)
2
(77, 48)
-> Request 4
1425
(4, 2, 1)
2
(78, 19)
--> Day : 3
-> Request 0
144
(4, 1, 1)
1
(31, 78)
-> Request 1
884
(4, 3, 1)
3
(68, 63)
-> Request 2
1167
(4, 1, 1)
1
(25, 44)
-> Request 3
1231
(4, 2, 1)
1
(18, 46)
--> Day : 4
-> Request 0
47
(4, 3, 1)
3
(59, 41)
-> Request 1
269
(4, 3, 1)
1
(74, 6)
-> Request 2
813
(4, 3, 1)
1
(51, 65)
-> Request 3
1169
(4, 1, 1)
2
(40, 39)
-> Request 4
1357
(4, 2, 1)
2
(15, 62)
-> Request 5
1368
(4, 3, 1)
2
(56, 3)
---> Week : 97
--> Day : 0
-> Request 0
63
(4, 1, 1)
1
(45, 61)
-> Request 1
566
(4, 1, 1)
2
(15, 0)
-> Request 2
850
(4, 3, 1)
1
(0, 52)
-> Request 3
973
(4, 1, 1)
1
(70, 49)
-> Request 4
992
(4, 2, 1)
3
(15, 64)
-> Request 5
1173
(4, 3, 1)
1
(41, 78)
--> Day : 1
-> Request 0
13
(4, 1, 1)
1
(8, 31)
-> Request 1
643
(4, 3, 1)
1
(32, 8)
-> Request 2
703
(4, 3, 1)
3
(10, 1)
-> Request 3
858
(4, 2, 1)
1
(7, 77)
--> Day : 2
-> Request 0
39
(4, 2, 1)
2
(49, 18)
-> Request 1
331
(4, 2, 1)
3
(69, 53)
-> Request 2
428
(4, 2, 1)
3
(62, 78)
-> Request 3
1120
(4, 1, 1)
3
(14, 15)
-> Request 4
1251
(4, 1, 1)
1
(76, 75)
-> Request 5
1396
(4, 3, 1)
3
(48, 68)
--> Day : 3
-> Request 0
397
(4, 3, 1)
3
(28, 46)
-> Request 1
486
(4, 2, 1)
1
(53, 66)
-> Request 2
565
(4, 1, 1)
1
(16, 29)
-> Request 3
742
(4, 3, 1)
1
(6, 33)
--> Day : 4
-> Request 0
116
(4, 3, 1)
1
(30, 57)
-> Request 1
160
(4, 3, 1)
2
(34, 53)
-> Request 2
1207
(4, 1, 1)
3
(14, 11)
-> Request 3
1214
(4, 2, 1)
3
(78, 53)
---> Week : 98
--> Day : 0
-> Request 0
255
(4, 3, 1)
3
(76, 67)
-> Request 1
797
(4, 2, 1)
3
(49, 24)
-> Request 2
809
(4, 2, 1)
2
(28, 38)
--> Day : 1
-> Request 0
15
(4, 3, 1)
3
(25, 67)
-> Request 1
190
(4, 3, 1)
3
(7, 11)
-> Request 2
836
(4, 2, 1)
2
(61, 35)
-> Request 3
1287
(4, 3, 1)
2
(59, 69)
--> Day : 2
-> Request 0
63
(4, 2, 1)
3
(11, 20)
-> Request 1
105
(4, 3, 1)
2
(29, 39)
-> Request 2
229
(4, 1, 1)
2
(64, 6)
-> Request 3
283
(4, 1, 1)
2
(79, 26)
-> Request 4
761
(4, 3, 1)
1
(45, 6)
-> Request 5
960
(4, 3, 1)
1
(55, 64)
-> Request 6
1240
(4, 2, 1)
3
(5, 78)
--> Day : 3
-> Request 0
40
(4, 3, 1)
3
(11, 36)
-> Request 1
708
(4, 2, 1)
2
(77, 69)
-> Request 2
918
(4, 1, 1)
1
(26, 38)
-> Request 3
1012
(4, 2, 1)
2
(16, 54)
--> Day : 4
-> Request 0
154
(4, 3, 1)
1
(28, 5)
-> Request 1
876
(4, 1, 1)
2
(60, 44)
---> Week : 99
--> Day : 0
-> Request 0
775
(4, 1, 1)
1
(67, 16)
-> Request 1
805
(4, 2, 1)
1
(36, 32)
-> Request 2
1439
(4, 3, 1)
3
(74, 54)
--> Day : 1
-> Request 0
192
(4, 2, 1)
1
(5, 12)
-> Request 1
1373
(4, 1, 1)
2
(59, 55)
--> Day : 2
-> Request 0
309
(4, 2, 1)
1
(3, 67)
-> Request 1
1250
(4, 2, 1)
2
(46, 15)
--> Day : 3
-> Request 0
73
(4, 2, 1)
2
(64, 39)
-> Request 1
904
(4, 1, 1)
3
(50, 12)
-> Request 2
1164
(4, 2, 1)
3
(5, 25)
--> Day : 4
-> Request 0
45
(4, 3, 1)
2
(65, 20)
-> Request 1
137
(4, 3, 1)
3
(20, 36)
-> Request 2
778
(4, 3, 1)
2
(16, 46)
---> Week : 100
--> Day : 0
-> Request 0
549
(4, 2, 1)
3
(76, 5)
-> Request 1
586
(4, 2, 1)
1
(39, 60)
--> Day : 1
-> Request 0
42
(4, 1, 1)
3
(33, 42)
-> Request 1
214
(4, 2, 1)
2
(67, 49)
-> Request 2
292
(4, 3, 1)
2
(25, 4)
-> Request 3
384
(4, 2, 1)
2
(28, 28)
-> Request 4
711
(4, 3, 1)
2
(13, 64)
-> Request 5
949
(4, 3, 1)
1
(54, 78)
-> Request 6
1314
(4, 2, 1)
2
(16, 36)
-> Request 7
1396
(4, 2, 1)
2
(50, 26)
--> Day : 2
-> Request 0
312
(4, 2, 1)
3
(52, 30)
-> Request 1
559
(4, 1, 1)
1
(58, 78)
-> Request 2
906
(4, 3, 1)
1
(60, 40)
--> Day : 3
-> Request 0
265
(4, 2, 1)
1
(28, 58)
-> Request 1
752
(4, 1, 1)
2
(39, 41)
-> Request 2
966
(4, 3, 1)
3
(64, 46)
-> Request 3
1020
(4, 2, 1)
3
(42, 7)
-> Request 4
1054
(4, 2, 1)
2
(10, 64)
-> Request 5
1151
(4, 1, 1)
3
(5, 9)
--> Day : 4
-> Request 0
77
(4, 2, 1)
1
(53, 68)
-> Request 1
92
(4, 2, 1)
3
(38, 43)
-> Request 2
139
(4, 1, 1)
3
(30, 13)
-> Request 3
172
(4, 3, 1)
2
(48, 46)
-> Request 4
377
(4, 1, 1)
2
(27, 21)
-> Request 5
721
(4, 2, 1)
3
(43, 28)
-> Request 6
1360
(4, 3, 1)
1
(69, 71)
---> Week : 101
--> Day : 0
-> Request 0
12
(4, 3, 1)
3
(35, 1)
-> Request 1
232
(4, 2, 1)
1
(28, 0)
-> Request 2
811
(4, 2, 1)
1
(51, 34)
-> Request 3
1063
(4, 2, 1)
1
(35, 34)
--> Day : 1
-> Request 0
22
(4, 2, 1)
1
(73, 23)
-> Request 1
36
(4, 3, 1)
1
(24, 62)
-> Request 2
81
(4, 1, 1)
2
(65, 34)
-> Request 3
176
(4, 1, 1)
1
(21, 6)
-> Request 4
692
(4, 2, 1)
3
(15, 64)
-> Request 5
1077
(4, 3, 1)
1
(2, 73)
-> Request 6
1258
(4, 2, 1)
2
(1, 42)
--> Day : 2
-> Request 0
224
(4, 2, 1)
2
(37, 65)
--> Day : 3
-> Request 0
1079
(4, 2, 1)
2
(23, 56)
-> Request 1
1320
(4, 1, 1)
3
(54, 2)
--> Day : 4
-> Request 0
328
(4, 1, 1)
2
(58, 36)
-> Request 1
377
(4, 1, 1)
2
(40, 36)
-> Request 2
586
(4, 1, 1)
2
(54, 47)
-> Request 3
712
(4, 3, 1)
3
(13, 12)
-> Request 4
757
(4, 2, 1)
1
(12, 15)
-> Request 5
872
(4, 1, 1)
3
(54, 31)
-> Request 6
885
(4, 2, 1)
2
(40, 58)
---> Week : 102
--> Day : 0
-> Request 0
1003
(4, 3, 1)
3
(71, 30)
-> Request 1
1004
(4, 3, 1)
1
(64, 40)
--> Day : 1
-> Request 0
701
(4, 2, 1)
2
(39, 19)
-> Request 1
898
(4, 1, 1)
3
(69, 46)
-> Request 2
1207
(4, 3, 1)
2
(72, 14)
-> Request 3
1254
(4, 2, 1)
2
(38, 56)
-> Request 4
1270
(4, 3, 1)
3
(41, 37)
--> Day : 2
-> Request 0
17
(4, 3, 1)
3
(60, 10)
-> Request 1
309
(4, 1, 1)
3
(49, 31)
-> Request 2
686
(4, 2, 1)
1
(45, 4)
-> Request 3
707
(4, 1, 1)
3
(35, 15)
-> Request 4
1157
(4, 2, 1)
3
(4, 9)
-> Request 5
1233
(4, 1, 1)
1
(62, 71)
--> Day : 3
-> Request 0
338
(4, 3, 1)
2
(74, 45)
-> Request 1
825
(4, 3, 1)
3
(37, 68)
--> Day : 4
-> Request 0
15
(4, 1, 1)
2
(8, 14)
-> Request 1
365
(4, 2, 1)
3
(58, 23)
-> Request 2
368
(4, 2, 1)
3
(32, 79)
-> Request 3
695
(4, 2, 1)
2
(9, 31)
-> Request 4
814
(4, 2, 1)
3
(63, 20)
---> Week : 103
--> Day : 0
-> Request 0
330
(4, 3, 1)
1
(25, 38)
-> Request 1
414
(4, 1, 1)
1
(64, 56)
-> Request 2
421
(4, 1, 1)
2
(50, 37)
-> Request 3
775
(4, 3, 1)
2
(43, 68)
-> Request 4
847
(4, 3, 1)
1
(71, 44)
-> Request 5
875
(4, 1, 1)
1
(45, 53)
-> Request 6
1013
(4, 2, 1)
2
(26, 50)
-> Request 7
1404
(4, 1, 1)
2
(20, 43)
--> Day : 1
-> Request 0
402
(4, 1, 1)
3
(69, 6)
-> Request 1
944
(4, 2, 1)
2
(38, 8)
-> Request 2
1385
(4, 3, 1)
2
(8, 1)
--> Day : 2
-> Request 0
398
(4, 2, 1)
3
(78, 8)
-> Request 1
838
(4, 2, 1)
3
(13, 18)
-> Request 2
967
(4, 1, 1)
1
(36, 23)
--> Day : 3
-> Request 0
116
(4, 1, 1)
1
(15, 68)
-> Request 1
246
(4, 2, 1)
3
(74, 71)
-> Request 2
420
(4, 1, 1)
2
(72, 78)
-> Request 3
951
(4, 1, 1)
1
(13, 57)
--> Day : 4
-> Request 0
251
(4, 2, 1)
3
(0, 69)
-> Request 1
418
(4, 2, 1)
1
(23, 70)
-> Request 2
526
(4, 2, 1)
3
(55, 0)
---> Week : 104
--> Day : 0
-> Request 0
74
(4, 2, 1)
3
(61, 60)
-> Request 1
386
(4, 3, 1)
1
(31, 19)
-> Request 2
426
(4, 1, 1)
3
(77, 2)
-> Request 3
563
(4, 1, 1)
3
(62, 78)
-> Request 4
713
(4, 1, 1)
2
(65, 51)
-> Request 5
791
(4, 3, 1)
1
(50, 66)
-> Request 6
866
(4, 3, 1)
2
(16, 31)
-> Request 7
885
(4, 3, 1)
1
(30, 2)
-> Request 8
887
(4, 3, 1)
2
(68, 40)
--> Day : 1
-> Request 0
102
(4, 1, 1)
2
(17, 64)
-> Request 1
601
(4, 3, 1)
1
(23, 22)
--> Day : 2
-> Request 0
613
(4, 2, 1)
2
(36, 59)
-> Request 1
656
(4, 2, 1)
1
(29, 26)
-> Request 2
961
(4, 3, 1)
2
(46, 64)
--> Day : 3
-> Request 0
103
(4, 1, 1)
3
(45, 37)
-> Request 1
287
(4, 1, 1)
1
(38, 42)
-> Request 2
426
(4, 3, 1)
2
(20, 38)
-> Request 3
516
(4, 2, 1)
1
(5, 52)
-> Request 4
615
(4, 2, 1)
3
(8, 43)
-> Request 5
707
(4, 3, 1)
3
(50, 31)
-> Request 6
765
(4, 3, 1)
2
(0, 74)
--> Day : 4
-> Request 0
491
(4, 1, 1)
3
(13, 26)
-> Request 1
760
(4, 3, 1)
2
(28, 30)
-> Request 2
1217
(4, 1, 1)
1
(59, 19)
---> Week : 105
--> Day : 0
-> Request 0
281
(4, 3, 1)
1
(26, 69)
-> Request 1
427
(4, 3, 1)
3
(59, 69)
-> Request 2
708
(4, 2, 1)
1
(77, 46)
-> Request 3
805
(4, 1, 1)
3
(6, 71)
-> Request 4
1115
(4, 3, 1)
1
(55, 78)
--> Day : 1
-> Request 0
206
(4, 2, 1)
3
(55, 68)
-> Request 1
247
(4, 1, 1)
2
(50, 72)
-> Request 2
617
(4, 2, 1)
3
(32, 21)
-> Request 3
793
(4, 1, 1)
3
(58, 16)
-> Request 4
1188
(4, 2, 1)
2
(36, 1)
-> Request 5
1260
(4, 3, 1)
2
(10, 62)
--> Day : 2
-> Request 0
285
(4, 1, 1)
3
(40, 71)
-> Request 1
1422
(4, 1, 1)
2
(57, 9)
-> Request 2
1434
(4, 3, 1)
3
(71, 44)
--> Day : 3
-> Request 0
628
(4, 1, 1)
1
(52, 22)
-> Request 1
1045
(4, 2, 1)
3
(5, 49)
--> Day : 4
-> Request 0
509
(4, 3, 1)
2
(2, 65)
-> Request 1
890
(4, 3, 1)
2
(22, 23)
-> Request 2
1147
(4, 2, 1)
2
(1, 1)
-> Request 3
1325
(4, 3, 1)
1
(24, 32)
---> Week : 106
--> Day : 0
-> Request 0
709
(4, 1, 1)
3
(75, 36)
-> Request 1
1006
(4, 3, 1)
1
(45, 71)
-> Request 2
1083
(4, 3, 1)
3
(38, 69)
-> Request 3
1257
(4, 1, 1)
2
(2, 0)
-> Request 4
1286
(4, 2, 1)
2
(30, 62)
--> Day : 1
-> Request 0
371
(4, 3, 1)
2
(49, 31)
-> Request 1
815
(4, 1, 1)
1
(67, 7)
-> Request 2
963
(4, 2, 1)
1
(6, 4)
-> Request 3
1019
(4, 1, 1)
3
(5, 47)
--> Day : 2
-> Request 0
195
(4, 1, 1)
2
(41, 78)
-> Request 1
245
(4, 3, 1)
3
(56, 79)
-> Request 2
683
(4, 3, 1)
2
(4, 22)
-> Request 3
1412
(4, 3, 1)
1
(55, 39)
--> Day : 3
-> Request 0
19
(4, 3, 1)
2
(7, 79)
-> Request 1
168
(4, 1, 1)
2
(69, 76)
-> Request 2
223
(4, 3, 1)
1
(45, 60)
-> Request 3
407
(4, 1, 1)
1
(48, 58)
-> Request 4
1006
(4, 3, 1)
2
(76, 74)
-> Request 5
1357
(4, 1, 1)
2
(7, 20)
--> Day : 4
-> Request 0
680
(4, 3, 1)
1
(23, 58)
-> Request 1
798
(4, 2, 1)
1
(37, 18)
---> Week : 107
--> Day : 0
-> Request 0
186
(4, 1, 1)
2
(79, 50)
-> Request 1
418
(4, 3, 1)
2
(7, 62)
-> Request 2
872
(4, 3, 1)
3
(22, 50)
--> Day : 1
-> Request 0
45
(4, 1, 1)
3
(69, 61)
-> Request 1
658
(4, 1, 1)
1
(64, 50)
-> Request 2
735
(4, 2, 1)
1
(65, 30)
--> Day : 2
-> Request 0
442
(4, 1, 1)
3
(46, 18)
-> Request 1
514
(4, 1, 1)
1
(69, 49)
-> Request 2
772
(4, 1, 1)
1
(52, 76)
-> Request 3
1037
(4, 2, 1)
3
(73, 15)
-> Request 4
1260
(4, 1, 1)
2
(15, 72)
--> Day : 3
-> Request 0
959
(4, 1, 1)
3
(45, 13)
-> Request 1
1015
(4, 3, 1)
1
(2, 1)
-> Request 2
1110
(4, 3, 1)
2
(72, 35)
-> Request 3
1169
(4, 2, 1)
2
(39, 29)
-> Request 4
1252
(4, 2, 1)
1
(0, 10)
--> Day : 4
-> Request 0
247
(4, 2, 1)
2
(56, 54)
-> Request 1
783
(4, 2, 1)
2
(34, 20)
-> Request 2
786
(4, 1, 1)
2
(10, 15)
-> Request 3
816
(4, 2, 1)
2
(28, 37)
-> Request 4
1111
(4, 2, 1)
3
(5, 66)
---> Week : 108
--> Day : 0
-> Request 0
614
(4, 2, 1)
2
(68, 49)
-> Request 1
665
(4, 1, 1)
3
(46, 14)
--> Day : 1
--> Day : 2
-> Request 0
243
(4, 2, 1)
1
(8, 22)
-> Request 1
492
(4, 1, 1)
2
(70, 37)
-> Request 2
1329
(4, 3, 1)
2
(7, 74)
--> Day : 3
--> Day : 4
-> Request 0
1011
(4, 3, 1)
3
(65, 48)
-> Request 1
1245
(4, 3, 1)
2
(76, 58)
-> Request 2
1362
(4, 1, 1)
2
(18, 1)
---> Week : 109
--> Day : 0
-> Request 0
352
(4, 1, 1)
1
(47, 66)
-> Request 1
642
(4, 1, 1)
3
(24, 63)
-> Request 2
749
(4, 1, 1)
1
(40, 20)
-> Request 3
779
(4, 3, 1)
2
(47, 46)
--> Day : 1
-> Request 0
301
(4, 2, 1)
3
(46, 4)
-> Request 1
310
(4, 1, 1)
3
(54, 78)
-> Request 2
396
(4, 2, 1)
3
(77, 6)
-> Request 3
681
(4, 1, 1)
3
(4, 0)
--> Day : 2
-> Request 0
38
(4, 2, 1)
2
(48, 3)
-> Request 1
68
(4, 2, 1)
3
(43, 43)
-> Request 2
991
(4, 1, 1)
3
(38, 38)
-> Request 3
1038
(4, 2, 1)
3
(45, 34)
--> Day : 3
-> Request 0
355
(4, 2, 1)
3
(10, 18)
-> Request 1
829
(4, 1, 1)
3
(43, 29)
--> Day : 4
-> Request 0
73
(4, 1, 1)
2
(39, 3)
-> Request 1
253
(4, 3, 1)
2
(73, 31)
-> Request 2
332
(4, 2, 1)
2
(17, 20)
---> Week : 110
--> Day : 0
-> Request 0
997
(4, 2, 1)
1
(61, 0)
-> Request 1
1222
(4, 2, 1)
3
(22, 10)
--> Day : 1
-> Request 0
54
(4, 3, 1)
1
(46, 18)
-> Request 1
310
(4, 3, 1)
2
(76, 25)
-> Request 2
377
(4, 1, 1)
1
(5, 68)
-> Request 3
535
(4, 2, 1)
2
(5, 38)
-> Request 4
648
(4, 1, 1)
2
(19, 35)
-> Request 5
1046
(4, 3, 1)
1
(46, 30)
-> Request 6
1253
(4, 2, 1)
3
(20, 1)
-> Request 7
1324
(4, 3, 1)
1
(44, 18)
--> Day : 2
-> Request 0
1199
(4, 1, 1)
2
(19, 1)
--> Day : 3
-> Request 0
423
(4, 2, 1)
3
(6, 26)
-> Request 1
574
(4, 3, 1)
2
(43, 34)
-> Request 2
606
(4, 1, 1)
3
(46, 18)
-> Request 3
723
(4, 3, 1)
1
(31, 38)
--> Day : 4
-> Request 0
30
(4, 2, 1)
2
(15, 26)
-> Request 1
400
(4, 3, 1)
3
(30, 68)
-> Request 2
730
(4, 1, 1)
3
(2, 56)
---> Week : 111
--> Day : 0
-> Request 0
259
(4, 1, 1)
2
(63, 3)
-> Request 1
434
(4, 2, 1)
2
(75, 75)
-> Request 2
1266
(4, 3, 1)
3
(16, 2)
-> Request 3
1317
(4, 2, 1)
2
(40, 15)
--> Day : 1
-> Request 0
140
(4, 3, 1)
2
(25, 18)
-> Request 1
222
(4, 1, 1)
1
(0, 30)
-> Request 2
865
(4, 3, 1)
3
(29, 32)
-> Request 3
1436
(4, 2, 1)
2
(6, 64)
--> Day : 2
-> Request 0
433
(4, 3, 1)
2
(43, 77)
-> Request 1
479
(4, 1, 1)
3
(14, 44)
--> Day : 3
-> Request 0
562
(4, 1, 1)
3
(28, 67)
-> Request 1
978
(4, 3, 1)
3
(66, 8)
-> Request 2
1097
(4, 1, 1)
3
(6, 19)
-> Request 3
1241
(4, 3, 1)
1
(69, 70)
--> Day : 4
-> Request 0
406
(4, 3, 1)
3
(75, 23)
-> Request 1
762
(4, 3, 1)
1
(47, 37)
-> Request 2
1053
(4, 3, 1)
3
(44, 15)
-> Request 3
1234
(4, 1, 1)
2
(77, 69)
---> Week : 112
--> Day : 0
-> Request 0
54
(4, 1, 1)
2
(1, 11)
-> Request 1
235
(4, 1, 1)
3
(2, 17)
-> Request 2
477
(4, 2, 1)
2
(73, 23)
--> Day : 1
-> Request 0
80
(4, 1, 1)
3
(10, 67)
-> Request 1
151
(4, 2, 1)
3
(27, 36)
-> Request 2
251
(4, 1, 1)
1
(39, 8)
-> Request 3
883
(4, 2, 1)
3
(33, 17)
--> Day : 2
-> Request 0
78
(4, 2, 1)
3
(28, 62)
-> Request 1
523
(4, 1, 1)
3
(13, 57)
-> Request 2
1124
(4, 3, 1)
1
(56, 21)
--> Day : 3
-> Request 0
1390
(4, 3, 1)
1
(18, 2)
--> Day : 4
-> Request 0
22
(4, 3, 1)
3
(16, 67)
-> Request 1
442
(4, 2, 1)
3
(8, 36)
-> Request 2
821
(4, 2, 1)
1
(74, 64)
-> Request 3
859
(4, 2, 1)
2
(32, 62)
-> Request 4
940
(4, 2, 1)
2
(65, 56)
-> Request 5
1386
(4, 1, 1)
3
(72, 35)
---> Week : 113
--> Day : 0
-> Request 0
534
(4, 3, 1)
2
(37, 77)
-> Request 1
598
(4, 3, 1)
3
(65, 42)
-> Request 2
1068
(4, 1, 1)
1
(78, 24)
-> Request 3
1381
(4, 3, 1)
2
(65, 3)
-> Request 4
1424
(4, 2, 1)
3
(47, 44)
--> Day : 1
-> Request 0
330
(4, 3, 1)
3
(56, 73)
-> Request 1
443
(4, 1, 1)
3
(24, 75)
-> Request 2
1283
(4, 3, 1)
1
(21, 39)
--> Day : 2
-> Request 0
18
(4, 1, 1)
1
(63, 31)
-> Request 1
368
(4, 1, 1)
3
(7, 73)
-> Request 2
605
(4, 2, 1)
3
(36, 55)
-> Request 3
834
(4, 1, 1)
1
(40, 67)
-> Request 4
1399
(4, 3, 1)
2
(13, 70)
--> Day : 3
-> Request 0
290
(4, 2, 1)
1
(73, 64)
-> Request 1
1038
(4, 1, 1)
3
(27, 2)
--> Day : 4
-> Request 0
18
(4, 3, 1)
3
(44, 1)
---> Week : 114
--> Day : 0
-> Request 0
684
(4, 3, 1)
2
(63, 50)
--> Day : 1
--> Day : 2
-> Request 0
580
(4, 2, 1)
1
(70, 4)
-> Request 1
879
(4, 2, 1)
2
(54, 56)
-> Request 2
989
(4, 1, 1)
1
(35, 69)
-> Request 3
1383
(4, 3, 1)
2
(8, 34)
--> Day : 3
-> Request 0
405
(4, 2, 1)
3
(40, 11)
-> Request 1
748
(4, 2, 1)
1
(75, 78)
-> Request 2
1150
(4, 2, 1)
2
(64, 13)
-> Request 3
1322
(4, 1, 1)
2
(18, 78)
--> Day : 4
-> Request 0
596
(4, 2, 1)
1
(55, 6)
-> Request 1
674
(4, 3, 1)
3
(41, 68)
-> Request 2
810
(4, 3, 1)
1
(62, 44)
-> Request 3
1001
(4, 1, 1)
3
(36, 77)
-> Request 4
1300
(4, 1, 1)
3
(68, 30)
-> Request 5
1390
(4, 3, 1)
3
(65, 21)
---> Week : 115
--> Day : 0
-> Request 0
972
(4, 1, 1)
1
(33, 52)
--> Day : 1
-> Request 0
62
(4, 2, 1)
1
(51, 45)
-> Request 1
113
(4, 1, 1)
3
(28, 78)
-> Request 2
131
(4, 1, 1)
3
(69, 63)
-> Request 3
617
(4, 1, 1)
1
(52, 17)
-> Request 4
992
(4, 3, 1)
1
(32, 24)
--> Day : 2
-> Request 0
478
(4, 1, 1)
3
(16, 26)
-> Request 1
1162
(4, 2, 1)
1
(46, 40)
--> Day : 3
-> Request 0
301
(4, 2, 1)
2
(37, 61)
-> Request 1
449
(4, 2, 1)
1
(3, 72)
-> Request 2
1144
(4, 2, 1)
3
(6, 77)
-> Request 3
1170
(4, 2, 1)
1
(13, 74)
-> Request 4
1235
(4, 1, 1)
1
(26, 61)
-> Request 5
1255
(4, 3, 1)
3
(68, 72)
--> Day : 4
-> Request 0
836
(4, 3, 1)
3
(35, 60)
---> Week : 116
--> Day : 0
-> Request 0
65
(4, 1, 1)
1
(63, 17)
-> Request 1
271
(4, 2, 1)
1
(61, 76)
-> Request 2
648
(4, 1, 1)
1
(70, 16)
-> Request 3
886
(4, 1, 1)
2
(21, 56)
-> Request 4
997
(4, 2, 1)
1
(78, 66)
--> Day : 1
-> Request 0
255
(4, 3, 1)
1
(37, 29)
-> Request 1
353
(4, 3, 1)
2
(74, 21)
-> Request 2
1248
(4, 2, 1)
3
(31, 79)
--> Day : 2
-> Request 0
564
(4, 2, 1)
3
(45, 31)
-> Request 1
615
(4, 2, 1)
3
(4, 54)
-> Request 2
1320
(4, 3, 1)
2
(15, 50)
-> Request 3
1324
(4, 3, 1)
1
(53, 38)
--> Day : 3
-> Request 0
5
(4, 2, 1)
3
(11, 41)
-> Request 1
67
(4, 1, 1)
2
(68, 49)
-> Request 2
158
(4, 2, 1)
1
(70, 63)
-> Request 3
554
(4, 2, 1)
3
(34, 22)
-> Request 4
578
(4, 1, 1)
1
(79, 39)
-> Request 5
1224
(4, 2, 1)
1
(59, 18)
-> Request 6
1308
(4, 3, 1)
1
(15, 76)
-> Request 7
1417
(4, 3, 1)
1
(69, 0)
--> Day : 4
-> Request 0
99
(4, 2, 1)
3
(45, 49)
-> Request 1
347
(4, 3, 1)
1
(69, 53)
-> Request 2
530
(4, 3, 1)
2
(8, 58)
-> Request 3
1051
(4, 3, 1)
1
(7, 46)
---> Week : 117
--> Day : 0
-> Request 0
41
(4, 3, 1)
3
(72, 28)
-> Request 1
120
(4, 2, 1)
2
(36, 56)
-> Request 2
245
(4, 3, 1)
1
(71, 66)
-> Request 3
514
(4, 1, 1)
1
(23, 37)
-> Request 4
653
(4, 1, 1)
1
(45, 69)
-> Request 5
1152
(4, 1, 1)
3
(65, 27)
--> Day : 1
-> Request 0
506
(4, 1, 1)
3
(35, 3)
-> Request 1
690
(4, 3, 1)
3
(59, 26)
--> Day : 2
-> Request 0
454
(4, 1, 1)
1
(24, 4)
-> Request 1
617
(4, 1, 1)
1
(67, 17)
--> Day : 3
-> Request 0
512
(4, 3, 1)
1
(70, 4)
-> Request 1
531
(4, 1, 1)
2
(54, 72)
-> Request 2
583
(4, 2, 1)
2
(10, 3)
-> Request 3
725
(4, 2, 1)
3
(25, 46)
-> Request 4
732
(4, 2, 1)
1
(56, 33)
--> Day : 4
-> Request 0
81
(4, 2, 1)
3
(69, 44)
-> Request 1
210
(4, 1, 1)
2
(45, 15)
-> Request 2
232
(4, 1, 1)
2
(22, 76)
-> Request 3
1019
(4, 3, 1)
1
(65, 31)
-> Request 4
1333
(4, 2, 1)
1
(13, 24)
---> Week : 118
--> Day : 0
-> Request 0
257
(4, 1, 1)
3
(54, 77)
-> Request 1
268
(4, 2, 1)
2
(44, 29)
--> Day : 1
-> Request 0
569
(4, 1, 1)
2
(10, 69)
--> Day : 2
-> Request 0
548
(4, 3, 1)
2
(2, 18)
-> Request 1
568
(4, 2, 1)
2
(78, 38)
-> Request 2
604
(4, 3, 1)
1
(10, 60)
--> Day : 3
-> Request 0
33
(4, 3, 1)
3
(14, 17)
-> Request 1
410
(4, 2, 1)
3
(30, 21)
-> Request 2
450
(4, 3, 1)
3
(48, 12)
-> Request 3
1072
(4, 2, 1)
2
(20, 1)
-> Request 4
1125
(4, 2, 1)
2
(6, 35)
-> Request 5
1136
(4, 2, 1)
2
(51, 4)
-> Request 6
1296
(4, 2, 1)
1
(74, 66)
--> Day : 4
-> Request 0
1117
(4, 2, 1)
3
(76, 24)
-> Request 1
1419
(4, 3, 1)
3
(31, 13)
---> Week : 119
--> Day : 0
-> Request 0
448
(4, 1, 1)
2
(12, 20)
-> Request 1
937
(4, 1, 1)
3
(77, 19)
-> Request 2
1181
(4, 3, 1)
3
(39, 29)
-> Request 3
1256
(4, 3, 1)
3
(19, 6)
--> Day : 1
-> Request 0
228
(4, 1, 1)
3
(63, 25)
-> Request 1
1059
(4, 2, 1)
2
(18, 10)
--> Day : 2
-> Request 0
257
(4, 3, 1)
3
(1, 46)
-> Request 1
613
(4, 2, 1)
3
(51, 34)
-> Request 2
1427
(4, 3, 1)
2
(66, 60)
--> Day : 3
-> Request 0
176
(4, 1, 1)
2
(45, 64)
-> Request 1
196
(4, 1, 1)
1
(38, 22)
-> Request 2
419
(4, 1, 1)
1
(50, 0)
-> Request 3
550
(4, 1, 1)
3
(1, 14)
-> Request 4
554
(4, 3, 1)
1
(58, 49)
-> Request 5
944
(4, 3, 1)
2
(27, 32)
-> Request 6
1265
(4, 3, 1)
2
(72, 39)
--> Day : 4
-> Request 0
26
(4, 2, 1)
3
(57, 64)
-> Request 1
117
(4, 3, 1)
3
(2, 73)
-> Request 2
286
(4, 3, 1)
2
(13, 41)
-> Request 3
694
(4, 1, 1)
2
(64, 29)
-> Request 4
803
(4, 1, 1)
1
(26, 26)
-> Request 5
808
(4, 1, 1)
1
(22, 4)
-> Request 6
1258
(4, 2, 1)
3
(59, 30)
-> Request 7
1352
(4, 3, 1)
3
(7, 69)
---> Week : 120
--> Day : 0
-> Request 0
63
(4, 1, 1)
3
(55, 74)
-> Request 1
532
(4, 3, 1)
1
(20, 66)
-> Request 2
630
(4, 3, 1)
1
(14, 45)
-> Request 3
1257
(4, 1, 1)
2
(18, 31)
-> Request 4
1390
(4, 2, 1)
3
(76, 73)
--> Day : 1
-> Request 0
403
(4, 2, 1)
3
(30, 12)
-> Request 1
1004
(4, 1, 1)
1
(46, 10)
-> Request 2
1037
(4, 1, 1)
1
(38, 32)
-> Request 3
1076
(4, 1, 1)
1
(59, 12)
-> Request 4
1171
(4, 2, 1)
1
(44, 42)
-> Request 5
1287
(4, 3, 1)
1
(2, 19)
-> Request 6
1289
(4, 3, 1)
2
(19, 0)
--> Day : 2
-> Request 0
42
(4, 1, 1)
2
(52, 40)
-> Request 1
224
(4, 2, 1)
2
(13, 9)
-> Request 2
378
(4, 2, 1)
3
(43, 63)
-> Request 3
1086
(4, 2, 1)
3
(78, 27)
-> Request 4
1164
(4, 1, 1)
3
(64, 51)
--> Day : 3
-> Request 0
583
(4, 1, 1)
2
(29, 72)
-> Request 1
677
(4, 3, 1)
2
(37, 23)
-> Request 2
1035
(4, 1, 1)
2
(7, 9)
-> Request 3
1036
(4, 2, 1)
1
(68, 25)
-> Request 4
1224
(4, 2, 1)
2
(77, 63)
-> Request 5
1384
(4, 1, 1)
3
(24, 23)
-> Request 6
1402
(4, 3, 1)
3
(17, 70)
--> Day : 4
-> Request 0
393
(4, 2, 1)
1
(27, 44)
-> Request 1
705
(4, 3, 1)
2
(1, 67)
-> Request 2
767
(4, 2, 1)
2
(18, 9)
-> Request 3
1040
(4, 2, 1)
3
(1, 77)
-> Request 4
1272
(4, 2, 1)
1
(40, 24)
---> Week : 121
--> Day : 0
-> Request 0
269
(4, 1, 1)
1
(57, 68)
-> Request 1
579
(4, 2, 1)
2
(59, 47)
-> Request 2
748
(4, 1, 1)
3
(9, 79)
-> Request 3
834
(4, 2, 1)
3
(19, 31)
-> Request 4
876
(4, 3, 1)
3
(53, 58)
-> Request 5
927
(4, 3, 1)
2
(27, 40)
-> Request 6
1081
(4, 1, 1)
3
(2, 55)
-> Request 7
1203
(4, 2, 1)
1
(65, 79)
-> Request 8
1232
(4, 2, 1)
2
(33, 5)
--> Day : 1
-> Request 0
361
(4, 3, 1)
2
(63, 22)
-> Request 1
605
(4, 2, 1)
3
(72, 58)
-> Request 2
1019
(4, 1, 1)
3
(51, 29)
-> Request 3
1221
(4, 3, 1)
2
(39, 42)
--> Day : 2
-> Request 0
162
(4, 3, 1)
1
(69, 76)
-> Request 1
353
(4, 1, 1)
3
(29, 31)
-> Request 2
624
(4, 1, 1)
2
(71, 40)
-> Request 3
716
(4, 2, 1)
2
(31, 45)
-> Request 4
1018
(4, 2, 1)
2
(63, 9)
--> Day : 3
-> Request 0
27
(4, 3, 1)
3
(64, 78)
-> Request 1
221
(4, 2, 1)
2
(17, 33)
-> Request 2
414
(4, 3, 1)
2
(13, 60)
-> Request 3
425
(4, 3, 1)
3
(39, 21)
-> Request 4
580
(4, 3, 1)
1
(7, 22)
-> Request 5
813
(4, 3, 1)
2
(41, 44)
-> Request 6
888
(4, 1, 1)
2
(59, 41)
-> Request 7
1032
(4, 2, 1)
2
(78, 15)
-> Request 8
1079
(4, 2, 1)
1
(71, 72)
-> Request 9
1095
(4, 3, 1)
1
(3, 78)
--> Day : 4
-> Request 0
15
(4, 1, 1)
3
(25, 10)
-> Request 1
321
(4, 3, 1)
3
(70, 34)
-> Request 2
465
(4, 1, 1)
3
(9, 29)
-> Request 3
987
(4, 2, 1)
1
(75, 66)
---> Week : 122
--> Day : 0
-> Request 0
6
(4, 1, 1)
2
(60, 62)
-> Request 1
110
(4, 2, 1)
3
(72, 67)
-> Request 2
262
(4, 3, 1)
2
(53, 1)
-> Request 3
1296
(4, 2, 1)
3
(49, 46)
-> Request 4
1367
(4, 1, 1)
2
(13, 7)
--> Day : 1
-> Request 0
495
(4, 3, 1)
3
(76, 49)
-> Request 1
788
(4, 2, 1)
2
(24, 54)
-> Request 2
1044
(4, 2, 1)
1
(65, 0)
--> Day : 2
-> Request 0
90
(4, 2, 1)
3
(61, 53)
-> Request 1
168
(4, 3, 1)
1
(40, 29)
-> Request 2
665
(4, 2, 1)
1
(13, 12)
-> Request 3
1303
(4, 1, 1)
2
(72, 6)
--> Day : 3
-> Request 0
94
(4, 3, 1)
1
(7, 33)
-> Request 1
748
(4, 1, 1)
1
(76, 22)
-> Request 2
825
(4, 3, 1)
2
(27, 36)
-> Request 3
910
(4, 2, 1)
2
(63, 20)
-> Request 4
1401
(4, 1, 1)
1
(73, 13)
--> Day : 4
---> Week : 123
--> Day : 0
-> Request 0
49
(4, 3, 1)
2
(67, 21)
-> Request 1
142
(4, 3, 1)
2
(56, 60)
-> Request 2
329
(4, 3, 1)
1
(71, 28)
-> Request 3
544
(4, 2, 1)
3
(48, 69)
--> Day : 1
-> Request 0
603
(4, 1, 1)
1
(62, 19)
-> Request 1
659
(4, 3, 1)
3
(60, 41)
-> Request 2
1231
(4, 3, 1)
3
(2, 11)
-> Request 3
1272
(4, 2, 1)
1
(31, 15)
--> Day : 2
-> Request 0
864
(4, 1, 1)
3
(77, 72)
-> Request 1
1427
(4, 3, 1)
2
(40, 49)
--> Day : 3
-> Request 0
216
(4, 1, 1)
2
(38, 73)
--> Day : 4
-> Request 0
104
(4, 1, 1)
3
(13, 16)
-> Request 1
867
(4, 2, 1)
1
(54, 20)
-> Request 2
964
(4, 1, 1)
2
(68, 20)
-> Request 3
1080
(4, 3, 1)
1
(14, 47)
---> Week : 124
--> Day : 0
-> Request 0
218
(4, 2, 1)
1
(57, 19)
-> Request 1
434
(4, 1, 1)
1
(76, 21)
-> Request 2
869
(4, 2, 1)
1
(18, 44)
-> Request 3
1316
(4, 2, 1)
3
(68, 34)
--> Day : 1
-> Request 0
107
(4, 3, 1)
1
(7, 32)
-> Request 1
767
(4, 2, 1)
1
(4, 21)
-> Request 2
911
(4, 3, 1)
2
(66, 64)
-> Request 3
1218
(4, 2, 1)
1
(39, 60)
-> Request 4
1231
(4, 1, 1)
2
(25, 46)
--> Day : 2
-> Request 0
500
(4, 1, 1)
2
(66, 40)
-> Request 1
640
(4, 2, 1)
2
(72, 18)
-> Request 2
906
(4, 1, 1)
1
(32, 49)
--> Day : 3
-> Request 0
172
(4, 1, 1)
2
(39, 4)
-> Request 1
599
(4, 1, 1)
1
(70, 58)
-> Request 2
1211
(4, 2, 1)
3
(65, 5)
-> Request 3
1339
(4, 1, 1)
2
(16, 22)
-> Request 4
1408
(4, 3, 1)
1
(28, 24)
-> Request 5
1416
(4, 3, 1)
1
(58, 17)
--> Day : 4
-> Request 0
1009
(4, 3, 1)
3
(19, 7)
-> Request 1
1145
(4, 2, 1)
1
(49, 44)
---> Week : 125
--> Day : 0
-> Request 0
286
(4, 2, 1)
2
(5, 41)
-> Request 1
510
(4, 1, 1)
2
(5, 29)
-> Request 2
593
(4, 1, 1)
3
(64, 7)
-> Request 3
873
(4, 2, 1)
3
(34, 59)
-> Request 4
1418
(4, 2, 1)
3
(45, 38)
--> Day : 1
-> Request 0
296
(4, 2, 1)
1
(67, 75)
-> Request 1
536
(4, 1, 1)
2
(73, 61)
-> Request 2
665
(4, 3, 1)
3
(0, 76)
-> Request 3
672
(4, 3, 1)
1
(14, 73)
-> Request 4
919
(4, 1, 1)
1
(47, 56)
-> Request 5
940
(4, 1, 1)
1
(59, 28)
-> Request 6
1252
(4, 3, 1)
1
(68, 37)
--> Day : 2
-> Request 0
483
(4, 3, 1)
3
(50, 43)
-> Request 1
652
(4, 3, 1)
2
(7, 12)
-> Request 2
710
(4, 2, 1)
2
(72, 1)
-> Request 3
837
(4, 3, 1)
1
(69, 71)
-> Request 4
1001
(4, 2, 1)
1
(42, 74)
-> Request 5
1266
(4, 3, 1)
2
(33, 45)
--> Day : 3
-> Request 0
796
(4, 1, 1)
2
(33, 1)
-> Request 1
1411
(4, 1, 1)
1
(1, 30)
--> Day : 4
-> Request 0
198
(4, 3, 1)
3
(60, 64)
-> Request 1
299
(4, 2, 1)
3
(49, 57)
-> Request 2
855
(4, 1, 1)
2
(68, 38)
---> Week : 126
--> Day : 0
-> Request 0
432
(4, 1, 1)
2
(20, 33)
-> Request 1
512
(4, 1, 1)
1
(53, 2)
-> Request 2
534
(4, 1, 1)
1
(7, 73)
-> Request 3
640
(4, 2, 1)
1
(72, 17)
-> Request 4
671
(4, 2, 1)
2
(70, 46)
-> Request 5
728
(4, 2, 1)
1
(40, 28)
-> Request 6
730
(4, 2, 1)
1
(31, 21)
-> Request 7
804
(4, 2, 1)
2
(48, 38)
-> Request 8
852
(4, 1, 1)
3
(68, 10)
-> Request 9
924
(4, 2, 1)
3
(36, 23)
-> Request 10
1207
(4, 3, 1)
3
(79, 78)
--> Day : 1
-> Request 0
86
(4, 3, 1)
2
(11, 53)
-> Request 1
303
(4, 1, 1)
1
(26, 32)
-> Request 2
649
(4, 1, 1)
3
(22, 52)
-> Request 3
683
(4, 3, 1)
2
(76, 29)
-> Request 4
918
(4, 2, 1)
2
(78, 60)
-> Request 5
1002
(4, 1, 1)
3
(25, 25)
-> Request 6
1369
(4, 2, 1)
1
(23, 26)
-> Request 7
1392
(4, 3, 1)
3
(56, 59)
--> Day : 2
-> Request 0
88
(4, 3, 1)
1
(5, 50)
-> Request 1
236
(4, 2, 1)
1
(71, 4)
-> Request 2
268
(4, 3, 1)
1
(1, 29)
-> Request 3
347
(4, 1, 1)
2
(22, 41)
-> Request 4
641
(4, 1, 1)
1
(66, 14)
-> Request 5
988
(4, 1, 1)
2
(7, 19)
--> Day : 3
-> Request 0
597
(4, 1, 1)
1
(30, 51)
-> Request 1
636
(4, 2, 1)
1
(75, 75)
-> Request 2
844
(4, 2, 1)
1
(69, 46)
-> Request 3
1429
(4, 2, 1)
1
(33, 49)
--> Day : 4
-> Request 0
724
(4, 2, 1)
3
(43, 46)
-> Request 1
1059
(4, 1, 1)
1
(52, 10)
---> Week : 127
--> Day : 0
-> Request 0
170
(4, 3, 1)
2
(9, 8)
-> Request 1
971
(4, 3, 1)
1
(58, 13)
-> Request 2
990
(4, 3, 1)
2
(55, 19)
--> Day : 1
-> Request 0
12
(4, 1, 1)
1
(22, 17)
-> Request 1
271
(4, 3, 1)
1
(7, 23)
-> Request 2
585
(4, 2, 1)
1
(39, 51)
-> Request 3
776
(4, 2, 1)
3
(77, 29)
--> Day : 2
-> Request 0
278
(4, 2, 1)
3
(45, 55)
-> Request 1
1117
(4, 3, 1)
2
(38, 33)
--> Day : 3
-> Request 0
146
(4, 1, 1)
3
(66, 55)
-> Request 1
195
(4, 3, 1)
1
(3, 59)
-> Request 2
598
(4, 2, 1)
1
(28, 14)
-> Request 3
781
(4, 2, 1)
1
(66, 37)
--> Day : 4
-> Request 0
21
(4, 1, 1)
3
(47, 16)
---> Week : 128
--> Day : 0
-> Request 0
80
(4, 2, 1)
3
(28, 76)
-> Request 1
113
(4, 1, 1)
3
(42, 14)
-> Request 2
185
(4, 3, 1)
1
(4, 59)
-> Request 3
273
(4, 2, 1)
1
(0, 25)
-> Request 4
585
(4, 2, 1)
3
(50, 35)
-> Request 5
1329
(4, 2, 1)
2
(54, 5)
--> Day : 1
-> Request 0
8
(4, 3, 1)
1
(52, 47)
-> Request 1
292
(4, 2, 1)
2
(33, 66)
-> Request 2
799
(4, 1, 1)
3
(51, 30)
-> Request 3
1001
(4, 1, 1)
3
(23, 79)
-> Request 4
1064
(4, 3, 1)
2
(58, 58)
-> Request 5
1331
(4, 3, 1)
3
(55, 44)
--> Day : 2
-> Request 0
12
(4, 1, 1)
1
(33, 47)
-> Request 1
513
(4, 1, 1)
3
(29, 5)
-> Request 2
598
(4, 3, 1)
2
(10, 47)
-> Request 3
767
(4, 2, 1)
1
(6, 71)
-> Request 4
1323
(4, 3, 1)
1
(66, 57)
--> Day : 3
-> Request 0
280
(4, 3, 1)
3
(34, 17)
-> Request 1
382
(4, 1, 1)
1
(73, 42)
-> Request 2
676
(4, 3, 1)
3
(67, 51)
-> Request 3
851
(4, 1, 1)
2
(44, 44)
-> Request 4
1370
(4, 2, 1)
1
(20, 69)
--> Day : 4
-> Request 0
244
(4, 2, 1)
1
(14, 76)
-> Request 1
345
(4, 2, 1)
2
(63, 42)
-> Request 2
469
(4, 3, 1)
2
(3, 57)
-> Request 3
570
(4, 3, 1)
2
(47, 0)
-> Request 4
616
(4, 2, 1)
2
(21, 70)
-> Request 5
630
(4, 1, 1)
1
(31, 41)
-> Request 6
1208
(4, 1, 1)
3
(17, 76)
-> Request 7
1417
(4, 3, 1)
2
(49, 16)
---> Week : 129
--> Day : 0
-> Request 0
4
(4, 1, 1)
1
(69, 36)
-> Request 1
41
(4, 1, 1)
3
(2, 5)
-> Request 2
341
(4, 2, 1)
1
(17, 58)
-> Request 3
435
(4, 1, 1)
3
(7, 69)
-> Request 4
784
(4, 3, 1)
3
(63, 73)
-> Request 5
1172
(4, 2, 1)
3
(44, 57)
--> Day : 1
-> Request 0
12
(4, 3, 1)
3
(37, 4)
-> Request 1
35
(4, 1, 1)
2
(59, 79)
-> Request 2
206
(4, 2, 1)
2
(26, 67)
-> Request 3
1098
(4, 1, 1)
1
(23, 22)
--> Day : 2
-> Request 0
335
(4, 1, 1)
3
(42, 75)
-> Request 1
863
(4, 1, 1)
1
(0, 65)
--> Day : 3
-> Request 0
259
(4, 2, 1)
2
(37, 66)
-> Request 1
417
(4, 2, 1)
3
(12, 64)
-> Request 2
847
(4, 1, 1)
3
(14, 38)
-> Request 3
1005
(4, 2, 1)
2
(56, 57)
-> Request 4
1042
(4, 1, 1)
3
(28, 18)
--> Day : 4
-> Request 0
547
(4, 3, 1)
3
(66, 36)
-> Request 1
1425
(4, 1, 1)
3
(21, 22)
---> Week : 130
--> Day : 0
-> Request 0
296
(4, 3, 1)
2
(10, 47)
-> Request 1
645
(4, 1, 1)
1
(59, 55)
-> Request 2
849
(4, 1, 1)
2
(3, 46)
-> Request 3
951
(4, 1, 1)
3
(42, 53)
-> Request 4
1365
(4, 1, 1)
3
(27, 32)
--> Day : 1
-> Request 0
138
(4, 3, 1)
3
(20, 69)
-> Request 1
1425
(4, 2, 1)
3
(36, 13)
--> Day : 2
-> Request 0
140
(4, 2, 1)
1
(1, 17)
-> Request 1
315
(4, 3, 1)
1
(53, 29)
-> Request 2
859
(4, 3, 1)
2
(7, 58)
-> Request 3
1080
(4, 1, 1)
3
(28, 70)
-> Request 4
1147
(4, 2, 1)
3
(73, 17)
-> Request 5
1378
(4, 3, 1)
3
(65, 50)
--> Day : 3
-> Request 0
483
(4, 3, 1)
3
(16, 44)
-> Request 1
682
(4, 2, 1)
2
(53, 9)
-> Request 2
1000
(4, 2, 1)
1
(23, 25)
-> Request 3
1105
(4, 2, 1)
1
(59, 8)
-> Request 4
1159
(4, 3, 1)
2
(37, 33)
-> Request 5
1263
(4, 1, 1)
2
(45, 25)
-> Request 6
1305
(4, 3, 1)
2
(51, 16)
--> Day : 4
-> Request 0
576
(4, 2, 1)
3
(20, 57)
-> Request 1
975
(4, 3, 1)
2
(73, 0)
-> Request 2
990
(4, 1, 1)
1
(45, 69)
-> Request 3
1031
(4, 3, 1)
1
(48, 20)
---> Week : 131
--> Day : 0
-> Request 0
271
(4, 1, 1)
1
(17, 22)
-> Request 1
503
(4, 2, 1)
3
(54, 46)
-> Request 2
1094
(4, 1, 1)
3
(25, 60)
-> Request 3
1248
(4, 1, 1)
2
(56, 27)
--> Day : 1
-> Request 0
201
(4, 3, 1)
1
(1, 26)
-> Request 1
341
(4, 3, 1)
2
(63, 24)
-> Request 2
646
(4, 2, 1)
2
(5, 8)
-> Request 3
1182
(4, 3, 1)
2
(52, 61)
--> Day : 2
-> Request 0
892
(4, 3, 1)
3
(75, 17)
--> Day : 3
-> Request 0
13
(4, 1, 1)
1
(21, 76)
-> Request 1
154
(4, 2, 1)
1
(15, 32)
-> Request 2
212
(4, 1, 1)
3
(6, 31)
-> Request 3
298
(4, 1, 1)
1
(17, 29)
--> Day : 4
-> Request 0
236
(4, 3, 1)
3
(25, 33)
-> Request 1
611
(4, 1, 1)
2
(30, 23)
---> Week : 132
--> Day : 0
-> Request 0
689
(4, 1, 1)
2
(63, 42)
-> Request 1
1360
(4, 1, 1)
1
(74, 52)
-> Request 2
1428
(4, 1, 1)
1
(61, 28)
--> Day : 1
-> Request 0
256
(4, 2, 1)
3
(41, 31)
-> Request 1
345
(4, 3, 1)
3
(74, 77)
-> Request 2
570
(4, 3, 1)
2
(32, 22)
-> Request 3
614
(4, 2, 1)
1
(4, 56)
-> Request 4
680
(4, 1, 1)
1
(2, 76)
-> Request 5
865
(4, 2, 1)
3
(56, 17)
-> Request 6
880
(4, 2, 1)
3
(12, 46)
-> Request 7
1338
(4, 1, 1)
2
(38, 74)
--> Day : 2
-> Request 0
632
(4, 3, 1)
1
(15, 76)
-> Request 1
736
(4, 2, 1)
3
(17, 24)
-> Request 2
1010
(4, 3, 1)
3
(15, 14)
-> Request 3
1184
(4, 2, 1)
1
(34, 52)
-> Request 4
1260
(4, 1, 1)
1
(14, 77)
--> Day : 3
-> Request 0
55
(4, 1, 1)
1
(43, 55)
-> Request 1
709
(4, 3, 1)
1
(53, 64)
-> Request 2
737
(4, 2, 1)
1
(20, 33)
-> Request 3
1074
(4, 3, 1)
1
(2, 59)
--> Day : 4
-> Request 0
242
(4, 2, 1)
2
(59, 40)
-> Request 1
309
(4, 3, 1)
3
(11, 29)
-> Request 2
1142
(4, 1, 1)
3
(21, 25)
-> Request 3
1347
(4, 2, 1)
1
(15, 58)
---> Week : 133
--> Day : 0
-> Request 0
125
(4, 2, 1)
1
(77, 44)
-> Request 1
200
(4, 3, 1)
3
(3, 60)
-> Request 2
500
(4, 2, 1)
2
(25, 14)
-> Request 3
829
(4, 1, 1)
2
(72, 78)
-> Request 4
1243
(4, 3, 1)
2
(16, 33)
-> Request 5
1365
(4, 1, 1)
1
(14, 48)
--> Day : 1
-> Request 0
445
(4, 1, 1)
3
(8, 66)
-> Request 1
794
(4, 2, 1)
1
(9, 48)
-> Request 2
1075
(4, 1, 1)
3
(77, 45)
--> Day : 2
-> Request 0
286
(4, 1, 1)
2
(52, 15)
-> Request 1
648
(4, 3, 1)
3
(27, 38)
-> Request 2
704
(4, 2, 1)
3
(32, 3)
--> Day : 3
-> Request 0
754
(4, 3, 1)
2
(32, 55)
-> Request 1
782
(4, 1, 1)
2
(55, 20)
-> Request 2
1176
(4, 2, 1)
1
(43, 19)
-> Request 3
1409
(4, 2, 1)
2
(78, 62)
--> Day : 4
-> Request 0
314
(4, 3, 1)
2
(37, 79)
-> Request 1
495
(4, 3, 1)
2
(57, 21)
-> Request 2
674
(4, 1, 1)
1
(26, 71)
-> Request 3
874
(4, 1, 1)
3
(79, 32)
-> Request 4
921
(4, 2, 1)
3
(77, 20)
-> Request 5
936
(4, 1, 1)
2
(18, 18)
---> Week : 134
--> Day : 0
-> Request 0
1173
(4, 1, 1)
2
(16, 76)
-> Request 1
1396
(4, 2, 1)
2
(40, 33)
--> Day : 1
-> Request 0
629
(4, 2, 1)
3
(53, 22)
-> Request 1
1138
(4, 1, 1)
3
(56, 57)
--> Day : 2
-> Request 0
679
(4, 1, 1)
3
(25, 40)
-> Request 1
710
(4, 1, 1)
3
(0, 28)
--> Day : 3
-> Request 0
412
(4, 3, 1)
2
(47, 62)
-> Request 1
604
(4, 3, 1)
2
(48, 7)
-> Request 2
889
(4, 1, 1)
2
(0, 38)
--> Day : 4
-> Request 0
460
(4, 1, 1)
2
(43, 56)
-> Request 1
552
(4, 2, 1)
3
(4, 75)
-> Request 2
924
(4, 2, 1)
2
(71, 37)
-> Request 3
1221
(4, 2, 1)
2
(28, 13)
---> Week : 135
--> Day : 0
-> Request 0
42
(4, 3, 1)
2
(3, 4)
--> Day : 1
-> Request 0
155
(4, 2, 1)
1
(69, 33)
-> Request 1
579
(4, 1, 1)
2
(78, 15)
-> Request 2
739
(4, 2, 1)
3
(57, 14)
-> Request 3
796
(4, 1, 1)
3
(19, 10)
-> Request 4
922
(4, 2, 1)
3
(40, 0)
--> Day : 2
-> Request 0
35
(4, 1, 1)
1
(64, 66)
-> Request 1
146
(4, 3, 1)
1
(74, 34)
-> Request 2
513
(4, 3, 1)
1
(19, 0)
-> Request 3
566
(4, 1, 1)
2
(18, 42)
-> Request 4
604
(4, 1, 1)
1
(71, 5)
-> Request 5
606
(4, 3, 1)
2
(73, 24)
-> Request 6
771
(4, 3, 1)
3
(14, 29)
-> Request 7
803
(4, 2, 1)
2
(66, 3)
-> Request 8
1198
(4, 3, 1)
1
(24, 20)
--> Day : 3
-> Request 0
106
(4, 2, 1)
1
(36, 21)
-> Request 1
125
(4, 1, 1)
3
(51, 11)
-> Request 2
414
(4, 2, 1)
3
(57, 35)
--> Day : 4
-> Request 0
50
(4, 1, 1)
1
(42, 26)
-> Request 1
476
(4, 2, 1)
1
(45, 74)
-> Request 2
1032
(4, 1, 1)
1
(4, 16)
-> Request 3
1320
(4, 2, 1)
2
(78, 66)
---> Week : 136
--> Day : 0
-> Request 0
140
(4, 2, 1)
1
(24, 58)
-> Request 1
677
(4, 3, 1)
1
(66, 32)
-> Request 2
1201
(4, 2, 1)
2
(74, 57)
-> Request 3
1227
(4, 2, 1)
1
(29, 17)
--> Day : 1
-> Request 0
36
(4, 1, 1)
2
(73, 3)
-> Request 1
45
(4, 2, 1)
3
(21, 2)
-> Request 2
216
(4, 2, 1)
3
(35, 65)
-> Request 3
285
(4, 1, 1)
2
(32, 2)
-> Request 4
310
(4, 2, 1)
2
(53, 39)
-> Request 5
580
(4, 2, 1)
3
(0, 18)
-> Request 6
657
(4, 2, 1)
1
(2, 50)
-> Request 7
742
(4, 1, 1)
2
(75, 6)
-> Request 8
1033
(4, 1, 1)
1
(63, 29)
--> Day : 2
-> Request 0
78
(4, 3, 1)
2
(7, 71)
-> Request 1
138
(4, 1, 1)
1
(5, 29)
-> Request 2
300
(4, 2, 1)
3
(78, 50)
-> Request 3
848
(4, 1, 1)
2
(52, 40)
-> Request 4
1011
(4, 1, 1)
3
(32, 55)
--> Day : 3
-> Request 0
148
(4, 1, 1)
1
(79, 76)
-> Request 1
215
(4, 1, 1)
3
(45, 31)
-> Request 2
318
(4, 2, 1)
2
(78, 76)
-> Request 3
426
(4, 2, 1)
2
(3, 15)
--> Day : 4
-> Request 0
606
(4, 2, 1)
2
(28, 16)
-> Request 1
792
(4, 3, 1)
1
(33, 8)
-> Request 2
833
(4, 2, 1)
2
(20, 1)
-> Request 3
994
(4, 1, 1)
3
(8, 74)
-> Request 4
1170
(4, 2, 1)
3
(39, 15)
---> Week : 137
--> Day : 0
-> Request 0
242
(4, 3, 1)
1
(8, 29)
-> Request 1
981
(4, 1, 1)
3
(78, 52)
-> Request 2
1052
(4, 2, 1)
1
(77, 44)
--> Day : 1
-> Request 0
141
(4, 3, 1)
2
(76, 26)
-> Request 1
399
(4, 2, 1)
2
(15, 2)
-> Request 2
428
(4, 3, 1)
2
(52, 10)
-> Request 3
766
(4, 3, 1)
3
(51, 24)
-> Request 4
776
(4, 3, 1)
1
(74, 61)
-> Request 5
1088
(4, 3, 1)
3
(6, 7)
-> Request 6
1123
(4, 3, 1)
1
(55, 42)
--> Day : 2
-> Request 0
301
(4, 3, 1)
1
(26, 34)
-> Request 1
527
(4, 3, 1)
2
(44, 29)
-> Request 2
812
(4, 3, 1)
2
(34, 45)
-> Request 3
993
(4, 1, 1)
1
(4, 54)
-> Request 4
1034
(4, 2, 1)
3
(11, 60)
-> Request 5
1060
(4, 2, 1)
1
(39, 56)
-> Request 6
1104
(4, 2, 1)
3
(69, 50)
-> Request 7
1140
(4, 1, 1)
2
(30, 67)
-> Request 8
1269
(4, 3, 1)
3
(52, 68)
-> Request 9
1368
(4, 1, 1)
3
(14, 39)
--> Day : 3
-> Request 0
63
(4, 2, 1)
3
(46, 74)
-> Request 1
311
(4, 2, 1)
3
(0, 32)
-> Request 2
905
(4, 1, 1)
1
(8, 31)
-> Request 3
1190
(4, 2, 1)
1
(15, 6)
-> Request 4
1433
(4, 2, 1)
1
(37, 21)
--> Day : 4
-> Request 0
329
(4, 2, 1)
3
(42, 19)
---> Week : 138
--> Day : 0
-> Request 0
429
(4, 1, 1)
2
(55, 51)
-> Request 1
590
(4, 2, 1)
1
(22, 18)
-> Request 2
737
(4, 1, 1)
3
(0, 27)
-> Request 3
953
(4, 2, 1)
2
(14, 39)
--> Day : 1
-> Request 0
214
(4, 3, 1)
1
(11, 53)
-> Request 1
259
(4, 3, 1)
3
(24, 29)
-> Request 2
1099
(4, 2, 1)
1
(30, 17)
-> Request 3
1304
(4, 2, 1)
1
(40, 7)
--> Day : 2
-> Request 0
593
(4, 3, 1)
2
(5, 15)
-> Request 1
781
(4, 1, 1)
2
(74, 38)
-> Request 2
936
(4, 1, 1)
3
(16, 42)
-> Request 3
1066
(4, 3, 1)
2
(26, 34)
-> Request 4
1353
(4, 1, 1)
1
(72, 67)
--> Day : 3
-> Request 0
624
(4, 2, 1)
3
(70, 32)
-> Request 1
658
(4, 1, 1)
1
(50, 72)
-> Request 2
874
(4, 3, 1)
2
(31, 3)
-> Request 3
1009
(4, 3, 1)
2
(6, 40)
-> Request 4
1075
(4, 3, 1)
2
(79, 32)
-> Request 5
1228
(4, 3, 1)
1
(10, 58)
--> Day : 4
-> Request 0
833
(4, 1, 1)
1
(22, 48)
-> Request 1
1088
(4, 2, 1)
2
(63, 53)
---> Week : 139
--> Day : 0
-> Request 0
39
(4, 1, 1)
3
(65, 12)
-> Request 1
159
(4, 2, 1)
1
(62, 42)
-> Request 2
581
(4, 3, 1)
3
(47, 32)
-> Request 3
769
(4, 3, 1)
1
(8, 50)
-> Request 4
1269
(4, 1, 1)
3
(23, 8)
--> Day : 1
-> Request 0
409
(4, 3, 1)
2
(27, 49)
-> Request 1
487
(4, 3, 1)
1
(51, 8)
-> Request 2
536
(4, 3, 1)
2
(40, 46)
-> Request 3
800
(4, 3, 1)
1
(24, 16)
-> Request 4
1077
(4, 3, 1)
1
(40, 61)
-> Request 5
1102
(4, 1, 1)
1
(69, 56)
--> Day : 2
-> Request 0
163
(4, 3, 1)
2
(4, 32)
-> Request 1
419
(4, 3, 1)
2
(36, 47)
-> Request 2
617
(4, 1, 1)
1
(45, 31)
-> Request 3
887
(4, 3, 1)
2
(61, 43)
--> Day : 3
-> Request 0
99
(4, 3, 1)
3
(27, 24)
-> Request 1
348
(4, 1, 1)
2
(57, 66)
-> Request 2
388
(4, 1, 1)
2
(75, 54)
-> Request 3
448
(4, 2, 1)
1
(56, 69)
-> Request 4
448
(4, 1, 1)
3
(4, 42)
-> Request 5
630
(4, 3, 1)
1
(18, 58)
-> Request 6
828
(4, 3, 1)
2
(72, 12)
-> Request 7
844
(4, 2, 1)
2
(31, 31)
-> Request 8
963
(4, 3, 1)
2
(36, 58)
-> Request 9
986
(4, 2, 1)
1
(19, 29)
-> Request 10
1162
(4, 3, 1)
1
(21, 59)
--> Day : 4
-> Request 0
17
(4, 1, 1)
3
(59, 72)
-> Request 1
433
(4, 1, 1)
2
(2, 74)
-> Request 2
1027
(4, 3, 1)
1
(71, 34)
-> Request 3
1044
(4, 1, 1)
3
(10, 40)
-> Request 4
1289
(4, 1, 1)
2
(15, 22)
---> Week : 140
--> Day : 0
-> Request 0
69
(4, 3, 1)
2
(16, 72)
-> Request 1
310
(4, 3, 1)
3
(69, 60)
-> Request 2
529
(4, 2, 1)
2
(13, 42)
-> Request 3
574
(4, 3, 1)
3
(22, 31)
-> Request 4
671
(4, 2, 1)
1
(14, 20)
-> Request 5
1113
(4, 1, 1)
2
(18, 54)
-> Request 6
1394
(4, 3, 1)
2
(12, 64)
--> Day : 1
-> Request 0
790
(4, 1, 1)
2
(36, 0)
-> Request 1
831
(4, 3, 1)
1
(44, 37)
-> Request 2
1163
(4, 3, 1)
1
(1, 25)
--> Day : 2
-> Request 0
867
(4, 2, 1)
1
(22, 14)
--> Day : 3
-> Request 0
184
(4, 2, 1)
2
(66, 72)
-> Request 1
214
(4, 3, 1)
2
(74, 1)
-> Request 2
240
(4, 2, 1)
3
(50, 47)
-> Request 3
293
(4, 3, 1)
2
(54, 46)
-> Request 4
346
(4, 2, 1)
2
(29, 34)
-> Request 5
1396
(4, 3, 1)
2
(8, 10)
--> Day : 4
-> Request 0
414
(4, 1, 1)
1
(4, 50)
-> Request 1
1074
(4, 2, 1)
1
(21, 13)
---> Week : 141
--> Day : 0
-> Request 0
83
(4, 1, 1)
1
(28, 46)
-> Request 1
155
(4, 3, 1)
3
(73, 57)
-> Request 2
181
(4, 2, 1)
1
(35, 44)
-> Request 3
556
(4, 3, 1)
2
(13, 42)
--> Day : 1
-> Request 0
122
(4, 2, 1)
3
(44, 75)
-> Request 1
730
(4, 1, 1)
2
(45, 17)
-> Request 2
1291
(4, 2, 1)
2
(78, 62)
--> Day : 2
-> Request 0
541
(4, 1, 1)
2
(57, 78)
-> Request 1
566
(4, 1, 1)
3
(24, 16)
-> Request 2
676
(4, 3, 1)
1
(69, 64)
-> Request 3
798
(4, 3, 1)
3
(24, 3)
--> Day : 3
-> Request 0
114
(4, 1, 1)
3
(9, 44)
-> Request 1
287
(4, 3, 1)
2
(29, 32)
-> Request 2
827
(4, 1, 1)
1
(45, 73)
-> Request 3
1044
(4, 2, 1)
2
(7, 27)
-> Request 4
1284
(4, 2, 1)
1
(12, 31)
--> Day : 4
-> Request 0
176
(4, 2, 1)
2
(45, 33)
-> Request 1
218
(4, 1, 1)
1
(64, 30)
-> Request 2
563
(4, 2, 1)
1
(4, 34)
-> Request 3
1370
(4, 3, 1)
2
(10, 2)
---> Week : 142
--> Day : 0
-> Request 0
24
(4, 2, 1)
1
(32, 1)
-> Request 1
330
(4, 1, 1)
3
(4, 52)
-> Request 2
400
(4, 3, 1)
3
(28, 47)
-> Request 3
1097
(4, 3, 1)
3
(18, 30)
--> Day : 1
-> Request 0
324
(4, 2, 1)
2
(1, 6)
-> Request 1
424
(4, 3, 1)
3
(10, 14)
-> Request 2
455
(4, 1, 1)
1
(25, 53)
-> Request 3
834
(4, 1, 1)
1
(37, 13)
--> Day : 2
-> Request 0
349
(4, 2, 1)
3
(64, 15)
-> Request 1
1333
(4, 1, 1)
1
(39, 74)
--> Day : 3
-> Request 0
489
(4, 2, 1)
3
(18, 78)
-> Request 1
509
(4, 1, 1)
1
(9, 1)
-> Request 2
994
(4, 3, 1)
3
(5, 55)
-> Request 3
1094
(4, 1, 1)
3
(3, 69)
--> Day : 4
-> Request 0
89
(4, 1, 1)
3
(27, 63)
-> Request 1
143
(4, 1, 1)
3
(51, 73)
-> Request 2
568
(4, 1, 1)
2
(41, 72)
-> Request 3
1223
(4, 2, 1)
1
(6, 6)
-> Request 4
1357
(4, 3, 1)
3
(43, 41)
---> Week : 143
--> Day : 0
-> Request 0
137
(4, 2, 1)
2
(19, 74)
-> Request 1
495
(4, 2, 1)
3
(61, 24)
-> Request 2
836
(4, 3, 1)
3
(22, 37)
-> Request 3
998
(4, 1, 1)
1
(63, 2)
--> Day : 1
-> Request 0
421
(4, 3, 1)
3
(79, 20)
-> Request 1
921
(4, 2, 1)
3
(13, 15)
--> Day : 2
-> Request 0
481
(4, 1, 1)
3
(19, 63)
-> Request 1
1247
(4, 1, 1)
3
(24, 20)
-> Request 2
1275
(4, 1, 1)
2
(40, 12)
--> Day : 3
-> Request 0
618
(4, 3, 1)
2
(62, 28)
-> Request 1
871
(4, 3, 1)
2
(11, 33)
-> Request 2
905
(4, 3, 1)
2
(64, 19)
-> Request 3
1132
(4, 1, 1)
2
(73, 12)
--> Day : 4
-> Request 0
392
(4, 3, 1)
1
(23, 22)
-> Request 1
729
(4, 2, 1)
3
(17, 74)
-> Request 2
799
(4, 1, 1)
1
(45, 49)
---> Week : 144
--> Day : 0
-> Request 0
18
(4, 2, 1)
1
(57, 72)
-> Request 1
37
(4, 1, 1)
3
(27, 34)
-> Request 2
253
(4, 2, 1)
1
(15, 67)
-> Request 3
308
(4, 2, 1)
1
(46, 27)
-> Request 4
825
(4, 2, 1)
3
(7, 28)
--> Day : 1
-> Request 0
107
(4, 3, 1)
3
(0, 15)
-> Request 1
289
(4, 2, 1)
2
(33, 27)
-> Request 2
589
(4, 3, 1)
3
(41, 66)
-> Request 3
944
(4, 3, 1)
3
(29, 34)
-> Request 4
1077
(4, 3, 1)
2
(35, 66)
--> Day : 2
--> Day : 3
-> Request 0
195
(4, 3, 1)
3
(37, 3)
-> Request 1
1086
(4, 3, 1)
1
(7, 64)
--> Day : 4
-> Request 0
1090
(4, 2, 1)
3
(29, 18)
-> Request 1
1334
(4, 2, 1)
2
(24, 53)
---> Week : 145
--> Day : 0
-> Request 0
1
(4, 1, 1)
2
(29, 74)
-> Request 1
84
(4, 2, 1)
3
(78, 33)
-> Request 2
1285
(4, 1, 1)
3
(53, 22)
--> Day : 1
-> Request 0
850
(4, 2, 1)
2
(66, 49)
--> Day : 2
-> Request 0
171
(4, 1, 1)
2
(4, 72)
-> Request 1
998
(4, 1, 1)
1
(5, 27)
-> Request 2
1019
(4, 2, 1)
3
(74, 59)
-> Request 3
1300
(4, 2, 1)
3
(70, 22)
--> Day : 3
-> Request 0
168
(4, 2, 1)
3
(39, 2)
-> Request 1
193
(4, 2, 1)
3
(32, 78)
-> Request 2
242
(4, 1, 1)
3
(7, 8)
-> Request 3
372
(4, 2, 1)
2
(9, 39)
-> Request 4
477
(4, 3, 1)
2
(60, 43)
-> Request 5
923
(4, 3, 1)
3
(0, 36)
-> Request 6
1062
(4, 3, 1)
2
(78, 10)
-> Request 7
1178
(4, 1, 1)
2
(29, 40)
-> Request 8
1257
(4, 2, 1)
1
(74, 46)
--> Day : 4
-> Request 0
235
(4, 3, 1)
2
(22, 39)
-> Request 1
321
(4, 2, 1)
2
(32, 23)
-> Request 2
625
(4, 2, 1)
1
(62, 42)
-> Request 3
685
(4, 3, 1)
3
(34, 12)
-> Request 4
956
(4, 2, 1)
2
(71, 10)
-> Request 5
1339
(4, 2, 1)
1
(9, 78)
---> Week : 146
--> Day : 0
-> Request 0
28
(4, 1, 1)
3
(62, 18)
-> Request 1
727
(4, 3, 1)
1
(15, 72)
--> Day : 1
-> Request 0
60
(4, 2, 1)
2
(38, 76)
-> Request 1
1176
(4, 1, 1)
3
(3, 67)
--> Day : 2
-> Request 0
116
(4, 3, 1)
2
(3, 74)
-> Request 1
1021
(4, 3, 1)
3
(53, 20)
-> Request 2
1188
(4, 1, 1)
3
(73, 31)
--> Day : 3
-> Request 0
1
(4, 1, 1)
3
(67, 31)
-> Request 1
58
(4, 2, 1)
1
(14, 56)
-> Request 2
789
(4, 3, 1)
3
(14, 60)
-> Request 3
1051
(4, 3, 1)
1
(40, 60)
-> Request 4
1128
(4, 3, 1)
1
(14, 47)
--> Day : 4
-> Request 0
92
(4, 3, 1)
3
(55, 50)
-> Request 1
135
(4, 2, 1)
2
(32, 42)
-> Request 2
926
(4, 3, 1)
3
(30, 63)
---> Week : 147
--> Day : 0
-> Request 0
357
(4, 2, 1)
2
(24, 68)
-> Request 1
882
(4, 1, 1)
1
(64, 15)
-> Request 2
1284
(4, 1, 1)
1
(9, 72)
--> Day : 1
-> Request 0
634
(4, 1, 1)
1
(5, 32)
-> Request 1
720
(4, 2, 1)
1
(58, 75)
-> Request 2
1285
(4, 3, 1)
2
(4, 45)
-> Request 3
1363
(4, 2, 1)
1
(50, 71)
--> Day : 2
-> Request 0
88
(4, 3, 1)
1
(45, 16)
-> Request 1
286
(4, 3, 1)
3
(37, 4)
-> Request 2
498
(4, 2, 1)
2
(74, 60)
-> Request 3
608
(4, 1, 1)
2
(62, 73)
-> Request 4
982
(4, 1, 1)
2
(4, 18)
--> Day : 3
-> Request 0
419
(4, 3, 1)
1
(41, 69)
-> Request 1
876
(4, 2, 1)
1
(46, 77)
-> Request 2
1021
(4, 1, 1)
2
(20, 44)
-> Request 3
1254
(4, 2, 1)
1
(53, 58)
--> Day : 4
-> Request 0
435
(4, 2, 1)
1
(6, 20)
-> Request 1
637
(4, 3, 1)
3
(20, 17)
-> Request 2
846
(4, 1, 1)
1
(64, 57)
-> Request 3
1157
(4, 3, 1)
1
(76, 42)
---> Week : 148
--> Day : 0
-> Request 0
384
(4, 2, 1)
2
(56, 11)
--> Day : 1
-> Request 0
218
(4, 1, 1)
1
(61, 76)
-> Request 1
580
(4, 1, 1)
1
(14, 11)
-> Request 2
1050
(4, 1, 1)
3
(16, 30)
-> Request 3
1396
(4, 3, 1)
3
(63, 47)
--> Day : 2
-> Request 0
74
(4, 1, 1)
1
(77, 51)
-> Request 1
692
(4, 2, 1)
2
(11, 4)
-> Request 2
741
(4, 1, 1)
3
(68, 74)
-> Request 3
762
(4, 1, 1)
3
(48, 30)
-> Request 4
995
(4, 1, 1)
2
(5, 39)
-> Request 5
1206
(4, 1, 1)
2
(63, 10)
-> Request 6
1263
(4, 1, 1)
2
(36, 29)
--> Day : 3
-> Request 0
1103
(4, 3, 1)
2
(62, 1)
-> Request 1
1177
(4, 3, 1)
1
(35, 65)
-> Request 2
1400
(4, 1, 1)
3
(53, 3)
--> Day : 4
-> Request 0
3
(4, 3, 1)
2
(14, 59)
-> Request 1
538
(4, 2, 1)
3
(61, 61)
-> Request 2
662
(4, 2, 1)
1
(20, 50)
-> Request 3
760
(4, 1, 1)
2
(70, 8)
---> Week : 149
--> Day : 0
-> Request 0
383
(4, 1, 1)
3
(3, 41)
-> Request 1
696
(4, 1, 1)
1
(77, 11)
-> Request 2
883
(4, 1, 1)
2
(33, 20)
-> Request 3
1207
(4, 2, 1)
3
(12, 55)
--> Day : 1
-> Request 0
482
(4, 3, 1)
3
(25, 8)
-> Request 1
860
(4, 2, 1)
2
(9, 53)
-> Request 2
1197
(4, 1, 1)
2
(25, 62)
--> Day : 2
-> Request 0
116
(4, 1, 1)
3
(19, 12)
-> Request 1
391
(4, 1, 1)
3
(27, 67)
-> Request 2
752
(4, 2, 1)
1
(69, 65)
-> Request 3
896
(4, 2, 1)
3
(23, 18)
-> Request 4
896
(4, 3, 1)
3
(66, 12)
--> Day : 3
-> Request 0
48
(4, 1, 1)
3
(57, 53)
--> Day : 4
-> Request 0
49
(4, 3, 1)
2
(28, 63)
-> Request 1
240
(4, 1, 1)
1
(58, 65)
-> Request 2
510
(4, 1, 1)
1
(8, 16)
-> Request 3
678
(4, 1, 1)
1
(29, 22)
