---> Week : 0
--> Day : 0
-> Request 0
85
(2, 2, 1)
2
(60, 33)
-> Request 1
344
(4, 2, 2)
3
(29, 19)
-> Request 2
1373
(2, 1, 2)
2
(48, 79)
-> Request 3
1415
(4, 2, 2)
3
(15, 15)
--> Day : 1
-> Request 0
176
(3, 2, 1)
3
(54, 63)
-> Request 1
550
(4, 3, 1)
3
(77, 30)
-> Request 2
836
(4, 3, 2)
1
(76, 48)
--> Day : 2
-> Request 0
27
(1, 2, 1)
3
(45, 3)
-> Request 1
665
(4, 3, 2)
1
(50, 34)
-> Request 2
1047
(4, 1, 2)
2
(71, 35)
-> Request 3
1110
(4, 1, 2)
3
(61, 69)
-> Request 4
1358
(2, 1, 1)
3
(55, 36)
-> Request 5
1360
(1, 2, 1)
2
(51, 28)
-> Request 6
1367
(1, 3, 2)
1
(22, 11)
--> Day : 3
-> Request 0
246
(2, 1, 2)
3
(60, 69)
-> Request 1
758
(1, 2, 1)
3
(7, 59)
-> Request 2
968
(1, 1, 2)
2
(19, 10)
--> Day : 4
-> Request 0
892
(3, 1, 1)
3
(11, 21)
-> Request 1
1096
(1, 2, 1)
1
(54, 40)
-> Request 2
1161
(3, 1, 1)
2
(14, 30)
---> Week : 1
--> Day : 0
-> Request 0
417
(2, 3, 2)
2
(54, 37)
-> Request 1
626
(3, 1, 1)
3
(46, 14)
-> Request 2
686
(1, 1, 1)
1
(60, 45)
-> Request 3
778
(2, 2, 2)
2
(17, 15)
--> Day : 1
-> Request 0
15
(1, 2, 1)
2
(58, 53)
-> Request 1
93
(1, 2, 1)
1
(71, 59)
-> Request 2
157
(4, 1, 2)
1
(48, 28)
-> Request 3
211
(3, 2, 2)
1
(65, 74)
-> Request 4
317
(4, 1, 1)
3
(64, 64)
-> Request 5
571
(3, 1, 2)
3
(60, 66)
-> Request 6
594
(4, 1, 2)
2
(13, 29)
-> Request 7
1195
(2, 2, 2)
1
(69, 28)
-> Request 8
1226
(4, 1, 1)
3
(52, 70)
--> Day : 2
-> Request 0
197
(2, 3, 1)
1
(69, 23)
-> Request 1
603
(4, 1, 2)
1
(51, 28)
-> Request 2
958
(2, 1, 1)
3
(79, 11)
-> Request 3
1205
(2, 2, 1)
1
(40, 45)
-> Request 4
1267
(4, 3, 1)
2
(62, 39)
-> Request 5
1437
(1, 1, 1)
1
(58, 56)
--> Day : 3
-> Request 0
469
(1, 2, 2)
3
(62, 75)
-> Request 1
523
(1, 3, 2)
2
(56, 41)
--> Day : 4
-> Request 0
643
(2, 3, 1)
3
(61, 35)
-> Request 1
727
(1, 1, 2)
3
(75, 78)
-> Request 2
933
(4, 2, 2)
3
(36, 7)
-> Request 3
1334
(3, 3, 2)
2
(76, 36)
---> Week : 2
--> Day : 0
-> Request 0
331
(2, 3, 2)
2
(7, 42)
-> Request 1
530
(1, 3, 1)
2
(31, 31)
-> Request 2
571
(2, 2, 2)
3
(75, 72)
-> Request 3
979
(3, 1, 1)
2
(9, 68)
-> Request 4
1340
(2, 3, 2)
3
(57, 37)
--> Day : 1
-> Request 0
630
(4, 1, 2)
3
(44, 28)
--> Day : 2
-> Request 0
179
(4, 3, 1)
2
(59, 38)
-> Request 1
372
(1, 3, 1)
1
(36, 43)
-> Request 2
650
(1, 3, 2)
2
(6, 52)
-> Request 3
755
(1, 2, 1)
1
(59, 78)
-> Request 4
1109
(4, 2, 2)
1
(53, 44)
--> Day : 3
-> Request 0
221
(4, 3, 2)
2
(2, 61)
-> Request 1
610
(1, 3, 2)
2
(67, 63)
-> Request 2
932
(3, 1, 1)
2
(53, 41)
--> Day : 4
-> Request 0
357
(2, 1, 1)
3
(59, 57)
-> Request 1
654
(4, 3, 2)
2
(48, 45)
-> Request 2
891
(4, 2, 2)
2
(58, 27)
-> Request 3
1025
(1, 1, 1)
1
(64, 11)
-> Request 4
1102
(4, 2, 1)
2
(38, 32)
---> Week : 3
--> Day : 0
-> Request 0
482
(2, 3, 2)
2
(10, 27)
-> Request 1
1000
(3, 3, 2)
2
(74, 51)
-> Request 2
1042
(3, 3, 2)
3
(34, 6)
-> Request 3
1061
(1, 1, 1)
2
(35, 59)
-> Request 4
1065
(3, 3, 2)
3
(62, 13)
--> Day : 1
-> Request 0
1037
(3, 3, 2)
1
(11, 22)
-> Request 1
1076
(3, 3, 2)
2
(31, 40)
-> Request 2
1220
(1, 1, 1)
2
(49, 36)
-> Request 3
1327
(1, 3, 2)
2
(19, 18)
--> Day : 2
-> Request 0
1306
(2, 3, 1)
1
(56, 72)
--> Day : 3
-> Request 0
246
(1, 1, 1)
2
(72, 4)
-> Request 1
290
(4, 3, 2)
1
(56, 30)
--> Day : 4
-> Request 0
526
(3, 1, 1)
1
(35, 18)
---> Week : 4
--> Day : 0
-> Request 0
33
(3, 1, 2)
3
(45, 34)
-> Request 1
159
(3, 2, 1)
2
(68, 22)
-> Request 2
400
(2, 1, 2)
2
(17, 10)
-> Request 3
636
(3, 2, 1)
3
(39, 47)
-> Request 4
796
(2, 1, 2)
2
(50, 78)
-> Request 5
922
(3, 2, 2)
2
(12, 23)
-> Request 6
1062
(2, 3, 1)
2
(51, 45)
-> Request 7
1092
(2, 1, 2)
2
(54, 53)
--> Day : 1
-> Request 0
29
(3, 1, 2)
2
(50, 10)
-> Request 1
298
(4, 3, 1)
1
(57, 51)
-> Request 2
346
(4, 3, 2)
1
(17, 79)
-> Request 3
384
(2, 3, 2)
1
(62, 41)
-> Request 4
656
(2, 2, 1)
2
(36, 29)
-> Request 5
1372
(2, 3, 2)
2
(45, 41)
--> Day : 2
-> Request 0
44
(4, 2, 1)
1
(53, 33)
-> Request 1
629
(3, 2, 1)
2
(36, 62)
-> Request 2
1138
(4, 3, 1)
3
(66, 66)
-> Request 3
1278
(4, 1, 1)
3
(8, 22)
-> Request 4
1414
(3, 1, 2)
3
(25, 78)
--> Day : 3
-> Request 0
415
(2, 3, 1)
3
(57, 42)
-> Request 1
677
(2, 2, 2)
3
(37, 32)
-> Request 2
770
(2, 2, 1)
3
(9, 44)
-> Request 3
831
(1, 1, 2)
1
(57, 76)
-> Request 4
1016
(1, 3, 2)
1
(78, 32)
-> Request 5
1093
(1, 2, 1)
2
(1, 30)
--> Day : 4
-> Request 0
676
(3, 2, 1)
2
(37, 47)
-> Request 1
967
(2, 2, 2)
3
(41, 34)
-> Request 2
995
(4, 1, 2)
1
(62, 17)
-> Request 3
1030
(3, 3, 1)
1
(18, 2)
-> Request 4
1375
(3, 1, 2)
3
(59, 42)
-> Request 5
1385
(4, 1, 2)
3
(62, 35)
---> Week : 5
--> Day : 0
-> Request 0
797
(3, 3, 1)
3
(60, 73)
-> Request 1
928
(2, 2, 1)
2
(52, 41)
-> Request 2
1057
(3, 2, 2)
1
(44, 49)
-> Request 3
1059
(3, 1, 2)
2
(61, 43)
-> Request 4
1182
(1, 3, 1)
1
(52, 16)
-> Request 5
1221
(3, 3, 1)
2
(49, 50)
--> Day : 1
-> Request 0
311
(3, 3, 1)
2
(53, 44)
-> Request 1
911
(3, 1, 1)
2
(52, 27)
-> Request 2
1209
(2, 3, 2)
2
(52, 60)
-> Request 3
1338
(3, 1, 1)
1
(9, 25)
-> Request 4
1350
(4, 1, 1)
1
(77, 30)
--> Day : 2
-> Request 0
1043
(2, 1, 1)
1
(18, 76)
--> Day : 3
-> Request 0
17
(3, 2, 1)
3
(51, 28)
-> Request 1
580
(3, 3, 2)
2
(59, 69)
-> Request 2
904
(3, 1, 2)
1
(59, 65)
--> Day : 4
-> Request 0
561
(2, 2, 1)
2
(47, 46)
-> Request 1
1027
(4, 3, 1)
3
(22, 60)
-> Request 2
1225
(4, 2, 1)
2
(31, 9)
---> Week : 6
--> Day : 0
-> Request 0
274
(1, 3, 2)
3
(55, 72)
-> Request 1
459
(2, 3, 2)
3
(62, 45)
-> Request 2
753
(2, 3, 1)
2
(71, 75)
-> Request 3
803
(4, 3, 1)
1
(48, 35)
-> Request 4
879
(1, 2, 1)
2
(70, 26)
-> Request 5
1219
(2, 2, 1)
3
(55, 64)
--> Day : 1
-> Request 0
381
(2, 1, 1)
2
(53, 36)
-> Request 1
458
(3, 2, 2)
1
(28, 5)
-> Request 2
491
(4, 3, 1)
2
(73, 76)
-> Request 3
508
(2, 1, 1)
2
(51, 43)
-> Request 4
1170
(1, 3, 2)
2
(38, 68)
-> Request 5
1196
(3, 2, 1)
3
(55, 0)
-> Request 6
1245
(2, 2, 1)
2
(58, 76)
-> Request 7
1276
(3, 2, 2)
2
(39, 76)
--> Day : 2
-> Request 0
358
(1, 1, 2)
3
(54, 63)
-> Request 1
665
(2, 3, 2)
1
(33, 47)
-> Request 2
1405
(4, 1, 2)
2
(56, 46)
--> Day : 3
-> Request 0
93
(3, 3, 2)
2
(47, 29)
-> Request 1
918
(1, 3, 2)
2
(57, 38)
--> Day : 4
-> Request 0
576
(1, 2, 1)
2
(45, 3)
-> Request 1
1103
(1, 1, 1)
1
(35, 41)
---> Week : 7
--> Day : 0
-> Request 0
296
(1, 1, 2)
3
(77, 8)
-> Request 1
967
(4, 1, 1)
2
(59, 61)
-> Request 2
1223
(2, 3, 1)
2
(54, 34)
--> Day : 1
-> Request 0
347
(1, 3, 1)
3
(61, 64)
-> Request 1
581
(2, 1, 1)
3
(52, 42)
-> Request 2
784
(4, 1, 1)
1
(76, 34)
--> Day : 2
-> Request 0
302
(1, 3, 2)
3
(69, 49)
-> Request 1
581
(3, 3, 2)
1
(61, 37)
-> Request 2
672
(4, 1, 2)
1
(60, 33)
-> Request 3
1405
(1, 3, 1)
2
(2, 17)
--> Day : 3
-> Request 0
787
(4, 3, 2)
2
(45, 39)
-> Request 1
846
(3, 2, 1)
3
(57, 15)
-> Request 2
881
(3, 1, 2)
3
(7, 13)
-> Request 3
1008
(3, 1, 2)
3
(59, 73)
-> Request 4
1190
(2, 3, 2)
2
(5, 35)
--> Day : 4
-> Request 0
660
(2, 2, 2)
1
(53, 29)
-> Request 1
834
(2, 3, 1)
3
(48, 27)
-> Request 2
1109
(1, 1, 1)
1
(16, 62)
-> Request 3
1144
(2, 1, 2)
1
(12, 28)
---> Week : 8
--> Day : 0
-> Request 0
313
(1, 3, 2)
1
(60, 40)
-> Request 1
529
(1, 3, 2)
2
(56, 30)
-> Request 2
1106
(1, 1, 1)
3
(26, 37)
-> Request 3
1401
(2, 2, 1)
2
(61, 22)
--> Day : 1
-> Request 0
139
(1, 1, 2)
1
(13, 4)
-> Request 1
285
(4, 2, 1)
3
(25, 12)
-> Request 2
311
(2, 1, 1)
2
(45, 28)
-> Request 3
1040
(4, 1, 1)
2
(52, 38)
-> Request 4
1060
(2, 1, 2)
3
(56, 42)
-> Request 5
1316
(3, 3, 1)
1
(43, 46)
-> Request 6
1398
(3, 3, 1)
2
(40, 78)
--> Day : 2
-> Request 0
627
(4, 2, 2)
2
(64, 14)
-> Request 1
826
(2, 3, 1)
1
(72, 18)
-> Request 2
933
(3, 1, 1)
3
(64, 74)
--> Day : 3
-> Request 0
136
(3, 3, 1)
2
(50, 31)
-> Request 1
141
(2, 2, 2)
2
(70, 58)
-> Request 2
177
(3, 3, 1)
2
(33, 76)
-> Request 3
1025
(1, 1, 2)
2
(60, 32)
--> Day : 4
-> Request 0
41
(2, 2, 2)
1
(9, 24)
-> Request 1
94
(1, 2, 1)
2
(69, 10)
-> Request 2
488
(4, 3, 1)
2
(53, 41)
-> Request 3
865
(1, 2, 2)
2
(56, 64)
-> Request 4
1026
(2, 3, 1)
1
(59, 77)
-> Request 5
1203
(4, 2, 1)
3
(37, 58)
---> Week : 9
--> Day : 0
-> Request 0
29
(2, 3, 1)
1
(62, 37)
-> Request 1
350
(4, 3, 1)
2
(61, 39)
-> Request 2
681
(4, 3, 2)
2
(78, 26)
-> Request 3
943
(1, 3, 2)
1
(13, 70)
-> Request 4
1042
(2, 3, 2)
1
(13, 8)
-> Request 5
1426
(1, 2, 2)
2
(52, 36)
--> Day : 1
-> Request 0
287
(1, 2, 1)
1
(54, 76)
-> Request 1
827
(2, 2, 2)
1
(9, 33)
-> Request 2
928
(1, 2, 2)
3
(0, 13)
--> Day : 2
-> Request 0
448
(1, 1, 1)
1
(51, 34)
-> Request 1
624
(3, 1, 1)
3
(68, 9)
-> Request 2
1219
(4, 1, 2)
2
(75, 36)
-> Request 3
1414
(3, 2, 2)
3
(46, 15)
--> Day : 3
-> Request 0
260
(4, 1, 1)
3
(61, 30)
-> Request 1
329
(3, 2, 2)
1
(79, 61)
-> Request 2
493
(2, 3, 2)
3
(35, 27)
-> Request 3
774
(4, 2, 2)
3
(65, 73)
-> Request 4
1027
(1, 2, 1)
3
(35, 41)
--> Day : 4
-> Request 0
19
(4, 1, 2)
1
(11, 57)
-> Request 1
296
(3, 1, 2)
2
(58, 44)
-> Request 2
532
(1, 3, 1)
3
(26, 46)
-> Request 3
610
(1, 1, 2)
1
(64, 68)
-> Request 4
885
(4, 1, 2)
1
(46, 40)
-> Request 5
1020
(1, 3, 2)
2
(57, 40)
-> Request 6
1068
(3, 3, 2)
1
(54, 46)
-> Request 7
1264
(3, 3, 2)
1
(53, 72)
-> Request 8
1340
(2, 2, 2)
3
(57, 15)
---> Week : 10
--> Day : 0
-> Request 0
236
(3, 3, 2)
1
(62, 75)
-> Request 1
620
(3, 1, 2)
3
(45, 7)
-> Request 2
946
(4, 1, 1)
2
(59, 27)
-> Request 3
1109
(1, 2, 2)
1
(59, 76)
-> Request 4
1225
(4, 3, 1)
2
(32, 28)
--> Day : 1
-> Request 0
194
(4, 3, 2)
3
(6, 36)
-> Request 1
432
(4, 2, 1)
1
(56, 36)
-> Request 2
502
(4, 1, 1)
1
(59, 44)
-> Request 3
1128
(1, 3, 1)
2
(60, 39)
-> Request 4
1283
(3, 1, 2)
1
(44, 38)
--> Day : 2
-> Request 0
62
(2, 2, 2)
3
(52, 30)
-> Request 1
982
(4, 1, 2)
2
(67, 5)
-> Request 2
1080
(1, 1, 2)
1
(44, 69)
-> Request 3
1368
(4, 1, 1)
2
(8, 29)
--> Day : 3
-> Request 0
99
(3, 1, 1)
1
(56, 41)
-> Request 1
723
(1, 1, 2)
2
(54, 40)
-> Request 2
850
(1, 1, 2)
1
(14, 75)
-> Request 3
854
(3, 3, 2)
1
(53, 69)
--> Day : 4
-> Request 0
98
(3, 3, 2)
2
(49, 8)
-> Request 1
1090
(4, 3, 2)
3
(13, 73)
---> Week : 11
--> Day : 0
-> Request 0
273
(1, 2, 2)
1
(54, 39)
-> Request 1
495
(3, 2, 2)
1
(61, 67)
-> Request 2
690
(4, 1, 1)
1
(16, 64)
-> Request 3
936
(4, 3, 1)
1
(51, 34)
-> Request 4
1086
(2, 3, 1)
2
(12, 22)
--> Day : 1
-> Request 0
253
(2, 1, 1)
3
(28, 47)
-> Request 1
767
(2, 2, 1)
2
(9, 3)
-> Request 2
851
(4, 1, 2)
1
(58, 35)
-> Request 3
1047
(3, 2, 2)
3
(63, 71)
-> Request 4
1128
(1, 1, 1)
1
(28, 51)
-> Request 5
1374
(3, 1, 2)
2
(53, 54)
--> Day : 2
-> Request 0
516
(2, 3, 1)
1
(53, 32)
-> Request 1
1052
(3, 3, 1)
1
(33, 16)
-> Request 2
1184
(2, 2, 2)
3
(49, 46)
--> Day : 3
-> Request 0
134
(1, 2, 2)
1
(9, 21)
-> Request 1
418
(1, 1, 1)
3
(51, 26)
-> Request 2
752
(4, 2, 2)
1
(56, 35)
-> Request 3
1383
(4, 3, 1)
3
(37, 51)
--> Day : 4
-> Request 0
390
(4, 3, 2)
1
(65, 71)
-> Request 1
485
(1, 1, 2)
1
(27, 16)
---> Week : 12
--> Day : 0
-> Request 0
1104
(1, 2, 1)
2
(50, 10)
--> Day : 1
-> Request 0
189
(1, 1, 1)
1
(9, 47)
-> Request 1
627
(2, 2, 2)
1
(65, 66)
-> Request 2
647
(1, 3, 1)
2
(56, 31)
-> Request 3
984
(3, 3, 1)
1
(54, 29)
--> Day : 2
-> Request 0
2
(4, 2, 1)
3
(55, 65)
-> Request 1
451
(2, 1, 2)
3
(55, 27)
-> Request 2
1091
(2, 3, 2)
3
(8, 40)
--> Day : 3
-> Request 0
287
(2, 1, 1)
3
(12, 29)
-> Request 1
482
(2, 2, 1)
3
(60, 27)
-> Request 2
644
(2, 3, 1)
2
(53, 74)
-> Request 3
731
(4, 2, 1)
3
(29, 32)
-> Request 4
1084
(2, 2, 1)
3
(47, 48)
--> Day : 4
-> Request 0
383
(1, 2, 1)
2
(66, 32)
-> Request 1
473
(3, 1, 1)
2
(3, 76)
---> Week : 13
--> Day : 0
-> Request 0
227
(1, 3, 2)
2
(10, 67)
-> Request 1
615
(3, 3, 2)
1
(15, 22)
-> Request 2
1274
(1, 2, 1)
2
(46, 54)
-> Request 3
1336
(3, 1, 1)
1
(5, 5)
--> Day : 1
-> Request 0
468
(4, 3, 2)
3
(17, 27)
-> Request 1
780
(1, 1, 1)
2
(45, 12)
-> Request 2
907
(1, 2, 1)
3
(24, 43)
-> Request 3
1393
(1, 3, 2)
1
(61, 76)
-> Request 4
1397
(4, 3, 2)
3
(60, 33)
--> Day : 2
-> Request 0
306
(1, 2, 1)
3
(44, 30)
-> Request 1
370
(4, 1, 2)
3
(52, 74)
--> Day : 3
-> Request 0
671
(3, 2, 1)
1
(64, 14)
-> Request 1
1313
(3, 3, 2)
3
(39, 51)
-> Request 2
1404
(1, 1, 2)
1
(63, 74)
--> Day : 4
-> Request 0
353
(3, 1, 2)
3
(62, 74)
-> Request 1
573
(2, 3, 2)
1
(62, 27)
-> Request 2
706
(2, 1, 1)
3
(43, 61)
-> Request 3
884
(3, 3, 1)
1
(61, 73)
-> Request 4
1002
(2, 1, 2)
1
(59, 71)
-> Request 5
1014
(4, 1, 2)
1
(28, 21)
-> Request 6
1041
(4, 2, 2)
3
(12, 27)
---> Week : 14
--> Day : 0
-> Request 0
537
(2, 3, 1)
2
(50, 54)
-> Request 1
608
(2, 3, 2)
2
(51, 28)
-> Request 2
1331
(2, 1, 1)
3
(55, 46)
--> Day : 1
-> Request 0
111
(3, 3, 1)
3
(10, 8)
-> Request 1
361
(1, 3, 1)
3
(44, 32)
-> Request 2
1234
(4, 1, 1)
2
(56, 67)
--> Day : 2
-> Request 0
442
(1, 3, 1)
1
(69, 35)
-> Request 1
973
(1, 3, 2)
2
(55, 38)
--> Day : 3
-> Request 0
175
(2, 1, 1)
2
(50, 15)
-> Request 1
384
(4, 1, 2)
2
(21, 38)
-> Request 2
413
(1, 1, 2)
2
(52, 70)
--> Day : 4
-> Request 0
901
(3, 1, 1)
2
(13, 17)
-> Request 1
1078
(4, 3, 2)
1
(51, 41)
-> Request 2
1126
(2, 1, 1)
2
(36, 57)
---> Week : 15
--> Day : 0
-> Request 0
771
(4, 1, 1)
3
(37, 65)
--> Day : 1
-> Request 0
198
(1, 2, 2)
3
(53, 29)
-> Request 1
442
(1, 3, 2)
1
(56, 3)
-> Request 2
513
(1, 2, 2)
2
(62, 64)
-> Request 3
712
(2, 3, 1)
3
(69, 4)
--> Day : 2
-> Request 0
163
(3, 3, 1)
3
(45, 29)
-> Request 1
282
(3, 3, 2)
1
(36, 49)
-> Request 2
345
(2, 2, 2)
2
(56, 44)
-> Request 3
381
(3, 3, 1)
2
(48, 35)
-> Request 4
785
(4, 1, 1)
3
(56, 41)
-> Request 5
1395
(3, 1, 2)
3
(45, 47)
-> Request 6
1425
(1, 3, 1)
2
(62, 78)
--> Day : 3
-> Request 0
2
(1, 3, 2)
2
(61, 78)
-> Request 1
288
(4, 3, 1)
3
(19, 10)
-> Request 2
307
(2, 2, 2)
1
(61, 54)
-> Request 3
585
(3, 2, 2)
3
(68, 78)
-> Request 4
877
(1, 2, 2)
1
(4, 22)
--> Day : 4
-> Request 0
88
(4, 1, 1)
2
(59, 72)
-> Request 1
430
(2, 2, 1)
1
(77, 45)
-> Request 2
530
(4, 2, 1)
1
(5, 14)
-> Request 3
718
(3, 3, 1)
1
(13, 6)
---> Week : 16
--> Day : 0
-> Request 0
682
(4, 2, 2)
3
(56, 74)
-> Request 1
1308
(2, 2, 2)
3
(4, 32)
--> Day : 1
-> Request 0
406
(4, 2, 1)
2
(58, 65)
-> Request 1
537
(4, 1, 2)
3
(8, 26)
-> Request 2
557
(3, 2, 1)
3
(52, 31)
-> Request 3
647
(1, 3, 1)
2
(11, 29)
-> Request 4
1001
(4, 2, 1)
3
(16, 20)
-> Request 5
1297
(2, 2, 2)
3
(52, 74)
--> Day : 2
-> Request 0
187
(2, 2, 2)
2
(53, 32)
-> Request 1
247
(2, 1, 1)
2
(34, 23)
-> Request 2
341
(1, 3, 2)
2
(13, 36)
-> Request 3
1224
(4, 2, 1)
2
(52, 68)
-> Request 4
1328
(3, 3, 2)
3
(27, 16)
-> Request 5
1406
(3, 3, 2)
1
(50, 29)
--> Day : 3
--> Day : 4
-> Request 0
574
(4, 1, 1)
3
(47, 27)
-> Request 1
624
(1, 3, 2)
3
(64, 73)
-> Request 2
771
(1, 3, 2)
3
(40, 23)
-> Request 3
1077
(2, 3, 1)
2
(12, 20)
-> Request 4
1150
(2, 1, 1)
3
(47, 34)
---> Week : 17
--> Day : 0
-> Request 0
17
(3, 1, 1)
3
(52, 77)
-> Request 1
189
(2, 1, 1)
1
(7, 63)
-> Request 2
612
(4, 3, 2)
2
(34, 42)
-> Request 3
631
(2, 3, 2)
1
(73, 14)
-> Request 4
849
(3, 1, 1)
2
(78, 38)
--> Day : 1
-> Request 0
67
(4, 2, 2)
1
(58, 72)
-> Request 1
793
(4, 1, 2)
3
(36, 36)
-> Request 2
813
(2, 1, 1)
1
(72, 8)
-> Request 3
854
(1, 1, 2)
2
(75, 69)
-> Request 4
1104
(2, 3, 1)
3
(39, 40)
--> Day : 2
-> Request 0
6
(2, 3, 2)
3
(66, 66)
-> Request 1
349
(2, 3, 1)
2
(47, 27)
-> Request 2
838
(4, 2, 1)
1
(27, 7)
--> Day : 3
-> Request 0
29
(1, 3, 2)
2
(56, 39)
-> Request 1
870
(2, 2, 2)
1
(47, 43)
-> Request 2
1268
(2, 1, 2)
2
(13, 25)
--> Day : 4
-> Request 0
505
(2, 2, 2)
1
(54, 53)
---> Week : 18
--> Day : 0
-> Request 0
434
(1, 3, 1)
2
(60, 55)
-> Request 1
887
(4, 1, 2)
1
(49, 30)
-> Request 2
1227
(3, 3, 1)
3
(54, 64)
--> Day : 1
-> Request 0
54
(2, 3, 2)
1
(60, 77)
-> Request 1
115
(4, 1, 2)
1
(70, 25)
-> Request 2
211
(3, 2, 1)
3
(18, 79)
-> Request 3
777
(4, 2, 2)
1
(28, 57)
-> Request 4
1082
(3, 3, 2)
3
(54, 77)
--> Day : 2
-> Request 0
351
(1, 3, 2)
1
(21, 34)
-> Request 1
592
(2, 2, 2)
3
(35, 10)
-> Request 2
1079
(3, 3, 1)
2
(64, 65)
--> Day : 3
-> Request 0
341
(2, 1, 2)
3
(35, 27)
-> Request 1
425
(1, 1, 1)
1
(30, 64)
-> Request 2
872
(3, 2, 2)
3
(24, 51)
-> Request 3
1068
(1, 3, 1)
2
(56, 66)
-> Request 4
1357
(2, 3, 2)
3
(45, 45)
--> Day : 4
-> Request 0
99
(4, 2, 1)
1
(12, 22)
-> Request 1
192
(3, 1, 2)
1
(43, 38)
-> Request 2
596
(4, 3, 2)
3
(52, 32)
-> Request 3
723
(3, 2, 2)
1
(46, 28)
-> Request 4
1106
(3, 3, 2)
3
(61, 32)
-> Request 5
1364
(4, 2, 1)
3
(25, 61)
-> Request 6
1366
(4, 1, 1)
3
(57, 79)
---> Week : 19
--> Day : 0
-> Request 0
189
(2, 1, 2)
3
(14, 1)
-> Request 1
457
(1, 3, 1)
1
(74, 76)
-> Request 2
536
(4, 2, 2)
2
(45, 66)
-> Request 3
833
(3, 1, 1)
2
(54, 75)
-> Request 4
1179
(1, 3, 1)
3
(53, 24)
--> Day : 1
-> Request 0
190
(3, 2, 1)
2
(11, 69)
-> Request 1
1365
(2, 3, 2)
2
(50, 19)
--> Day : 2
-> Request 0
710
(3, 1, 2)
2
(60, 64)
-> Request 1
753
(3, 1, 2)
2
(51, 46)
-> Request 2
861
(4, 2, 1)
2
(47, 39)
--> Day : 3
-> Request 0
416
(2, 2, 2)
2
(59, 46)
-> Request 1
1272
(4, 3, 2)
2
(45, 44)
--> Day : 4
-> Request 0
970
(4, 3, 1)
2
(16, 26)
-> Request 1
988
(4, 1, 2)
1
(56, 72)
-> Request 2
1362
(1, 2, 1)
1
(13, 6)
---> Week : 20
--> Day : 0
-> Request 0
100
(3, 3, 2)
3
(62, 6)
-> Request 1
458
(1, 2, 2)
2
(14, 26)
-> Request 2
643
(1, 1, 1)
3
(8, 25)
-> Request 3
681
(1, 1, 2)
2
(63, 73)
-> Request 4
1080
(4, 2, 2)
3
(79, 51)
-> Request 5
1428
(1, 1, 2)
3
(50, 35)
--> Day : 1
-> Request 0
151
(2, 1, 2)
1
(57, 6)
-> Request 1
575
(3, 3, 1)
2
(62, 77)
--> Day : 2
-> Request 0
568
(1, 1, 2)
1
(55, 42)
--> Day : 3
-> Request 0
588
(1, 3, 1)
1
(50, 30)
-> Request 1
1239
(1, 2, 1)
2
(51, 46)
-> Request 2
1241
(3, 1, 2)
2
(27, 1)
-> Request 3
1291
(2, 3, 2)
1
(43, 42)
-> Request 4
1303
(1, 2, 2)
1
(8, 22)
--> Day : 4
-> Request 0
34
(3, 1, 2)
3
(27, 62)
-> Request 1
483
(2, 1, 1)
2
(8, 24)
-> Request 2
931
(1, 1, 2)
1
(11, 52)
---> Week : 21
--> Day : 0
-> Request 0
402
(1, 1, 2)
3
(41, 50)
--> Day : 1
--> Day : 2
-> Request 0
225
(2, 2, 2)
3
(61, 64)
-> Request 1
413
(3, 1, 2)
1
(56, 37)
-> Request 2
802
(1, 1, 1)
1
(10, 22)
-> Request 3
1184
(1, 1, 2)
1
(52, 40)
--> Day : 3
-> Request 0
178
(2, 1, 1)
1
(54, 69)
-> Request 1
1264
(2, 1, 1)
2
(62, 26)
--> Day : 4
-> Request 0
83
(3, 3, 2)
2
(39, 16)
-> Request 1
190
(2, 3, 1)
1
(13, 13)
-> Request 2
334
(4, 1, 1)
2
(43, 46)
-> Request 3
365
(3, 3, 1)
1
(14, 29)
-> Request 4
402
(4, 3, 1)
3
(64, 75)
---> Week : 22
--> Day : 0
-> Request 0
707
(2, 3, 2)
1
(77, 36)
-> Request 1
762
(2, 2, 1)
1
(10, 41)
-> Request 2
1195
(3, 2, 2)
3
(50, 37)
-> Request 3
1438
(3, 3, 2)
3
(46, 51)
--> Day : 1
-> Request 0
93
(4, 2, 2)
3
(43, 36)
-> Request 1
649
(2, 2, 1)
1
(17, 33)
-> Request 2
747
(3, 2, 2)
2
(30, 1)
-> Request 3
807
(2, 2, 1)
2
(48, 33)
-> Request 4
970
(1, 1, 2)
2
(26, 69)
-> Request 5
1039
(3, 3, 2)
3
(45, 40)
--> Day : 2
-> Request 0
102
(1, 3, 2)
2
(56, 30)
-> Request 1
820
(4, 2, 1)
2
(58, 68)
-> Request 2
1299
(3, 3, 2)
1
(71, 13)
--> Day : 3
-> Request 0
153
(2, 2, 1)
3
(60, 73)
-> Request 1
370
(2, 3, 2)
1
(0, 15)
-> Request 2
398
(3, 1, 1)
2
(24, 54)
--> Day : 4
-> Request 0
291
(1, 2, 2)
2
(62, 40)
-> Request 1
504
(1, 3, 2)
2
(16, 27)
-> Request 2
751
(4, 2, 1)
2
(34, 4)
-> Request 3
769
(4, 1, 2)
3
(53, 64)
-> Request 4
774
(3, 2, 1)
2
(43, 38)
-> Request 5
1055
(3, 2, 1)
3
(43, 45)
-> Request 6
1139
(1, 2, 1)
2
(53, 76)
---> Week : 23
--> Day : 0
-> Request 0
121
(1, 3, 1)
1
(10, 22)
-> Request 1
406
(3, 3, 1)
2
(54, 33)
-> Request 2
853
(1, 2, 2)
3
(63, 67)
-> Request 3
914
(3, 3, 1)
3
(18, 62)
-> Request 4
1052
(1, 2, 1)
3
(57, 69)
-> Request 5
1197
(2, 3, 2)
3
(72, 69)
-> Request 6
1357
(1, 3, 1)
3
(6, 55)
--> Day : 1
-> Request 0
459
(4, 3, 1)
1
(57, 41)
-> Request 1
725
(1, 3, 1)
3
(10, 24)
-> Request 2
777
(2, 2, 1)
3
(47, 40)
--> Day : 2
-> Request 0
660
(4, 2, 1)
2
(64, 76)
-> Request 1
793
(1, 3, 1)
1
(18, 44)
-> Request 2
820
(1, 2, 2)
3
(63, 10)
--> Day : 3
-> Request 0
427
(1, 2, 2)
1
(47, 12)
-> Request 1
684
(2, 1, 1)
1
(71, 59)
-> Request 2
870
(1, 2, 1)
2
(56, 32)
--> Day : 4
-> Request 0
1366
(4, 1, 1)
3
(52, 70)
---> Week : 24
--> Day : 0
-> Request 0
284
(4, 2, 2)
2
(19, 35)
-> Request 1
417
(2, 1, 2)
2
(58, 69)
-> Request 2
737
(4, 2, 1)
3
(10, 20)
-> Request 3
860
(4, 2, 1)
1
(48, 33)
-> Request 4
1304
(3, 2, 1)
1
(60, 39)
--> Day : 1
-> Request 0
159
(2, 1, 1)
1
(43, 36)
-> Request 1
444
(3, 2, 2)
1
(78, 30)
-> Request 2
845
(2, 1, 1)
3
(52, 67)
-> Request 3
1356
(1, 3, 2)
1
(15, 40)
--> Day : 2
-> Request 0
7
(1, 3, 1)
3
(46, 67)
-> Request 1
73
(3, 1, 1)
1
(75, 75)
-> Request 2
339
(4, 2, 1)
1
(51, 28)
-> Request 3
357
(4, 1, 1)
3
(51, 27)
-> Request 4
483
(3, 3, 2)
1
(17, 8)
-> Request 5
781
(4, 3, 2)
1
(71, 55)
-> Request 6
813
(2, 1, 1)
3
(63, 70)
-> Request 7
1091
(1, 3, 2)
3
(54, 42)
--> Day : 3
-> Request 0
877
(4, 1, 2)
3
(46, 46)
-> Request 1
1115
(1, 2, 1)
2
(49, 31)
-> Request 2
1196
(2, 3, 1)
3
(55, 71)
--> Day : 4
-> Request 0
68
(1, 3, 1)
1
(13, 41)
-> Request 1
114
(1, 3, 1)
3
(46, 35)
-> Request 2
347
(3, 3, 2)
3
(74, 56)
-> Request 3
585
(3, 1, 1)
1
(47, 38)
-> Request 4
683
(3, 2, 1)
1
(62, 46)
-> Request 5
728
(3, 1, 1)
1
(54, 76)
-> Request 6
886
(4, 1, 1)
1
(66, 27)
---> Week : 25
--> Day : 0
--> Day : 1
-> Request 0
612
(4, 2, 2)
3
(19, 7)
-> Request 1
1396
(3, 1, 2)
3
(64, 69)
--> Day : 2
-> Request 0
59
(4, 1, 2)
1
(35, 60)
-> Request 1
558
(3, 2, 1)
1
(47, 33)
-> Request 2
637
(3, 3, 2)
2
(19, 57)
--> Day : 3
-> Request 0
277
(4, 3, 1)
3
(40, 68)
-> Request 1
337
(2, 2, 2)
1
(25, 22)
-> Request 2
566
(4, 2, 2)
1
(53, 35)
-> Request 3
1215
(2, 2, 1)
2
(47, 32)
-> Request 4
1424
(1, 1, 1)
3
(57, 71)
--> Day : 4
-> Request 0
102
(3, 2, 2)
3
(55, 28)
-> Request 1
307
(2, 3, 2)
3
(5, 79)
-> Request 2
334
(2, 1, 2)
2
(24, 41)
-> Request 3
496
(3, 1, 1)
1
(52, 5)
-> Request 4
889
(1, 3, 2)
2
(43, 29)
-> Request 5
1226
(2, 3, 1)
2
(53, 40)
---> Week : 26
--> Day : 0
-> Request 0
125
(2, 2, 2)
1
(45, 44)
-> Request 1
325
(4, 1, 1)
2
(47, 41)
--> Day : 1
-> Request 0
83
(2, 2, 1)
3
(61, 34)
-> Request 1
86
(2, 2, 2)
2
(62, 41)
-> Request 2
402
(3, 1, 2)
3
(2, 9)
-> Request 3
869
(2, 1, 2)
3
(47, 31)
-> Request 4
1002
(3, 3, 1)
1
(32, 6)
--> Day : 2
-> Request 0
200
(2, 1, 1)
2
(65, 64)
-> Request 1
447
(1, 1, 1)
1
(60, 33)
-> Request 2
460
(4, 3, 1)
3
(55, 38)
-> Request 3
1050
(2, 2, 1)
2
(17, 50)
-> Request 4
1379
(4, 3, 1)
3
(48, 66)
--> Day : 3
-> Request 0
282
(2, 2, 2)
1
(57, 43)
-> Request 1
543
(1, 3, 1)
3
(48, 30)
-> Request 2
560
(3, 1, 2)
1
(13, 71)
-> Request 3
818
(2, 3, 2)
1
(39, 19)
-> Request 4
1274
(1, 3, 2)
3
(71, 53)
--> Day : 4
-> Request 0
598
(1, 3, 1)
1
(28, 40)
-> Request 1
860
(1, 1, 2)
3
(4, 33)
-> Request 2
1049
(1, 2, 1)
2
(31, 24)
-> Request 3
1384
(4, 3, 2)
1
(53, 77)
-> Request 4
1438
(4, 3, 1)
1
(62, 0)
---> Week : 27
--> Day : 0
-> Request 0
107
(2, 2, 2)
2
(11, 58)
-> Request 1
109
(3, 2, 1)
1
(41, 61)
-> Request 2
819
(3, 1, 1)
3
(57, 41)
-> Request 3
1248
(4, 2, 2)
3
(48, 46)
-> Request 4
1350
(4, 1, 2)
2
(20, 61)
--> Day : 1
-> Request 0
162
(1, 3, 2)
3
(37, 1)
-> Request 1
717
(2, 3, 1)
1
(58, 76)
-> Request 2
975
(4, 1, 2)
3
(54, 30)
-> Request 3
1067
(2, 2, 2)
1
(76, 52)
-> Request 4
1266
(1, 1, 2)
1
(77, 71)
--> Day : 2
-> Request 0
413
(1, 3, 1)
3
(49, 8)
-> Request 1
1296
(3, 3, 1)
1
(18, 47)
-> Request 2
1316
(4, 1, 2)
1
(32, 33)
--> Day : 3
-> Request 0
28
(1, 1, 2)
1
(21, 13)
-> Request 1
112
(4, 1, 1)
3
(57, 29)
-> Request 2
495
(3, 1, 2)
2
(26, 37)
-> Request 3
610
(2, 1, 2)
1
(59, 73)
-> Request 4
1412
(4, 3, 1)
1
(61, 38)
-> Request 5
1435
(1, 1, 2)
3
(62, 75)
--> Day : 4
-> Request 0
336
(4, 1, 1)
1
(56, 32)
-> Request 1
736
(3, 1, 1)
1
(59, 23)
-> Request 2
931
(3, 2, 1)
1
(6, 9)
-> Request 3
1374
(1, 3, 1)
1
(43, 30)
---> Week : 28
--> Day : 0
-> Request 0
144
(1, 3, 1)
3
(44, 79)
-> Request 1
293
(1, 1, 2)
1
(54, 70)
-> Request 2
800
(3, 3, 1)
1
(26, 19)
-> Request 3
906
(2, 1, 1)
2
(60, 74)
-> Request 4
1248
(4, 2, 2)
1
(45, 39)
--> Day : 1
-> Request 0
109
(1, 2, 1)
3
(43, 59)
-> Request 1
274
(1, 1, 2)
2
(59, 60)
-> Request 2
713
(4, 3, 1)
1
(18, 0)
-> Request 3
763
(2, 3, 1)
1
(52, 73)
-> Request 4
982
(3, 3, 2)
1
(17, 56)
-> Request 5
993
(3, 3, 1)
1
(54, 71)
-> Request 6
1423
(2, 3, 2)
2
(28, 79)
--> Day : 2
-> Request 0
988
(1, 1, 1)
3
(61, 71)
--> Day : 3
-> Request 0
236
(2, 3, 2)
2
(16, 10)
-> Request 1
809
(1, 2, 2)
3
(59, 75)
-> Request 2
969
(3, 2, 2)
3
(52, 39)
-> Request 3
1003
(3, 3, 1)
3
(45, 3)
-> Request 4
1165
(2, 3, 2)
3
(51, 27)
--> Day : 4
-> Request 0
905
(1, 2, 2)
3
(47, 43)
---> Week : 29
--> Day : 0
-> Request 0
85
(2, 1, 2)
3
(0, 25)
-> Request 1
989
(3, 2, 1)
3
(38, 28)
-> Request 2
1406
(2, 1, 2)
3
(61, 74)
-> Request 3
1419
(1, 3, 1)
1
(65, 68)
--> Day : 1
-> Request 0
34
(3, 2, 2)
3
(53, 30)
-> Request 1
81
(4, 2, 1)
3
(31, 29)
-> Request 2
618
(4, 1, 2)
2
(56, 29)
-> Request 3
708
(3, 2, 2)
3
(0, 14)
-> Request 4
956
(3, 3, 2)
2
(55, 29)
-> Request 5
1162
(2, 1, 1)
1
(78, 21)
--> Day : 2
-> Request 0
73
(4, 2, 2)
1
(47, 0)
-> Request 1
255
(4, 1, 1)
3
(9, 25)
-> Request 2
428
(1, 3, 1)
1
(16, 21)
-> Request 3
725
(3, 1, 2)
3
(53, 47)
--> Day : 3
-> Request 0
365
(2, 3, 2)
2
(54, 66)
-> Request 1
656
(4, 2, 1)
2
(39, 78)
-> Request 2
679
(1, 2, 2)
2
(77, 10)
-> Request 3
1014
(2, 2, 2)
1
(43, 37)
-> Request 4
1417
(3, 1, 1)
1
(66, 21)
--> Day : 4
-> Request 0
106
(4, 1, 2)
3
(40, 54)
-> Request 1
364
(2, 2, 2)
3
(13, 25)
-> Request 2
1097
(2, 1, 1)
2
(72, 30)
---> Week : 30
--> Day : 0
-> Request 0
404
(1, 1, 2)
2
(65, 78)
--> Day : 1
-> Request 0
87
(4, 2, 2)
2
(39, 16)
-> Request 1
803
(4, 2, 2)
1
(16, 66)
--> Day : 2
-> Request 0
4
(1, 1, 2)
2
(60, 64)
-> Request 1
60
(4, 3, 1)
3
(63, 67)
-> Request 2
162
(3, 2, 2)
2
(58, 68)
-> Request 3
752
(2, 3, 2)
3
(44, 44)
-> Request 4
752
(2, 2, 2)
3
(9, 1)
-> Request 5
1367
(2, 2, 1)
1
(53, 18)
--> Day : 3
-> Request 0
202
(1, 3, 1)
3
(23, 46)
-> Request 1
248
(2, 2, 2)
2
(10, 79)
-> Request 2
467
(2, 2, 2)
1
(53, 28)
-> Request 3
893
(4, 2, 1)
1
(78, 59)
-> Request 4
1290
(4, 3, 1)
1
(68, 5)
--> Day : 4
-> Request 0
741
(4, 3, 2)
3
(15, 73)
-> Request 1
912
(1, 3, 1)
2
(23, 0)
-> Request 2
984
(2, 2, 1)
3
(53, 75)
-> Request 3
1317
(3, 3, 2)
1
(9, 41)
---> Week : 31
--> Day : 0
-> Request 0
345
(1, 2, 1)
2
(63, 77)
-> Request 1
380
(3, 2, 1)
2
(37, 62)
-> Request 2
499
(2, 2, 2)
2
(12, 23)
-> Request 3
901
(2, 1, 2)
2
(62, 64)
-> Request 4
1004
(3, 1, 1)
3
(48, 56)
--> Day : 1
-> Request 0
29
(2, 2, 2)
2
(35, 41)
-> Request 1
254
(2, 2, 1)
3
(63, 43)
-> Request 2
591
(3, 1, 1)
3
(14, 3)
-> Request 3
696
(1, 3, 2)
1
(54, 70)
-> Request 4
946
(3, 2, 1)
1
(52, 75)
--> Day : 2
--> Day : 3
-> Request 0
57
(4, 3, 1)
2
(59, 67)
-> Request 1
159
(4, 3, 1)
2
(61, 18)
-> Request 2
250
(3, 1, 2)
1
(54, 14)
-> Request 3
353
(3, 1, 1)
2
(63, 64)
-> Request 4
397
(1, 1, 2)
2
(59, 74)
-> Request 5
805
(2, 2, 1)
3
(42, 74)
-> Request 6
962
(2, 3, 2)
1
(48, 13)
--> Day : 4
-> Request 0
263
(2, 1, 2)
1
(2, 68)
-> Request 1
281
(3, 2, 1)
2
(57, 74)
-> Request 2
709
(4, 3, 1)
3
(5, 27)
-> Request 3
731
(1, 2, 1)
1
(74, 67)
-> Request 4
1073
(4, 3, 1)
2
(57, 58)
-> Request 5
1421
(3, 1, 1)
2
(35, 28)
---> Week : 32
--> Day : 0
-> Request 0
222
(3, 1, 1)
3
(75, 20)
--> Day : 1
-> Request 0
142
(3, 1, 1)
2
(35, 64)
-> Request 1
190
(2, 1, 2)
2
(54, 64)
-> Request 2
539
(3, 3, 1)
2
(54, 66)
-> Request 3
824
(2, 3, 2)
3
(76, 26)
-> Request 4
925
(1, 1, 1)
2
(54, 69)
-> Request 5
1183
(4, 3, 2)
3
(60, 27)
-> Request 6
1374
(4, 1, 1)
1
(63, 74)
--> Day : 2
-> Request 0
30
(2, 2, 1)
3
(14, 63)
-> Request 1
251
(1, 3, 2)
3
(65, 55)
-> Request 2
283
(4, 3, 1)
2
(52, 41)
-> Request 3
890
(3, 1, 1)
3
(50, 33)
-> Request 4
1270
(3, 3, 2)
3
(14, 22)
-> Request 5
1289
(4, 1, 2)
1
(57, 63)
-> Request 6
1370
(2, 1, 1)
2
(59, 41)
--> Day : 3
-> Request 0
76
(4, 2, 2)
3
(12, 34)
-> Request 1
1107
(1, 2, 1)
2
(46, 27)
-> Request 2
1139
(4, 2, 2)
1
(62, 74)
-> Request 3
1139
(2, 1, 2)
1
(12, 23)
-> Request 4
1160
(4, 3, 1)
2
(31, 32)
--> Day : 4
-> Request 0
180
(3, 3, 2)
2
(67, 48)
-> Request 1
700
(1, 1, 1)
1
(18, 64)
-> Request 2
834
(2, 1, 2)
1
(72, 71)
-> Request 3
1259
(1, 2, 1)
1
(74, 61)
-> Request 4
1393
(3, 1, 1)
3
(54, 72)
---> Week : 33
--> Day : 0
-> Request 0
1035
(2, 3, 1)
2
(50, 79)
-> Request 1
1072
(2, 3, 1)
1
(10, 10)
-> Request 2
1419
(1, 2, 2)
3
(50, 45)
--> Day : 1
-> Request 0
257
(2, 3, 2)
3
(44, 38)
-> Request 1
389
(4, 1, 1)
1
(53, 67)
-> Request 2
567
(3, 2, 1)
3
(9, 46)
-> Request 3
639
(3, 3, 1)
2
(26, 43)
-> Request 4
781
(1, 1, 2)
3
(44, 41)
-> Request 5
1051
(4, 3, 2)
3
(74, 60)
--> Day : 2
-> Request 0
78
(4, 3, 2)
1
(41, 12)
-> Request 1
860
(1, 3, 2)
2
(58, 32)
--> Day : 3
-> Request 0
480
(2, 3, 1)
1
(15, 27)
-> Request 1
509
(1, 3, 1)
3
(46, 35)
-> Request 2
652
(3, 2, 2)
2
(31, 24)
-> Request 3
652
(3, 2, 2)
1
(62, 28)
-> Request 4
711
(4, 3, 1)
2
(74, 76)
--> Day : 4
-> Request 0
263
(4, 3, 2)
2
(12, 24)
-> Request 1
491
(1, 3, 2)
3
(55, 75)
-> Request 2
534
(3, 1, 2)
2
(11, 74)
-> Request 3
956
(1, 2, 2)
2
(59, 57)
---> Week : 34
--> Day : 0
-> Request 0
293
(1, 1, 2)
3
(13, 21)
-> Request 1
711
(4, 2, 2)
2
(62, 71)
-> Request 2
813
(4, 3, 1)
2
(5, 16)
-> Request 3
979
(3, 3, 1)
1
(57, 37)
-> Request 4
1189
(1, 1, 1)
2
(33, 1)
-> Request 5
1340
(1, 2, 1)
1
(50, 31)
-> Request 6
1340
(1, 2, 2)
3
(56, 51)
--> Day : 1
-> Request 0
170
(1, 2, 1)
1
(58, 33)
-> Request 1
211
(2, 2, 1)
1
(54, 73)
-> Request 2
1158
(4, 3, 1)
2
(45, 41)
-> Request 3
1233
(3, 1, 2)
2
(29, 25)
-> Request 4
1404
(4, 3, 2)
1
(15, 24)
--> Day : 2
-> Request 0
142
(1, 3, 2)
2
(17, 59)
-> Request 1
710
(4, 3, 1)
3
(77, 48)
-> Request 2
958
(4, 2, 1)
2
(15, 1)
-> Request 3
1063
(1, 2, 1)
2
(43, 37)
-> Request 4
1106
(2, 2, 1)
2
(10, 15)
-> Request 5
1265
(2, 3, 1)
3
(49, 30)
-> Request 6
1396
(4, 2, 2)
3
(30, 27)
--> Day : 3
-> Request 0
775
(1, 2, 2)
2
(54, 68)
--> Day : 4
-> Request 0
145
(4, 3, 1)
2
(45, 35)
-> Request 1
179
(1, 2, 1)
3
(59, 29)
-> Request 2
1082
(3, 3, 2)
2
(18, 39)
-> Request 3
1152
(4, 3, 2)
3
(67, 13)
-> Request 4
1329
(2, 3, 2)
1
(73, 9)
-> Request 5
1340
(3, 2, 2)
2
(17, 25)
---> Week : 35
--> Day : 0
-> Request 0
43
(1, 3, 2)
1
(56, 66)
-> Request 1
566
(2, 1, 1)
1
(70, 22)
-> Request 2
587
(4, 3, 1)
1
(74, 24)
-> Request 3
598
(4, 3, 2)
1
(4, 2)
-> Request 4
1211
(4, 3, 1)
3
(10, 18)
-> Request 5
1387
(3, 3, 1)
2
(27, 47)
--> Day : 1
-> Request 0
119
(2, 1, 2)
3
(57, 21)
-> Request 1
167
(4, 2, 2)
2
(62, 71)
-> Request 2
276
(2, 2, 2)
3
(66, 71)
-> Request 3
427
(2, 2, 1)
3
(53, 38)
--> Day : 2
-> Request 0
466
(2, 1, 2)
2
(52, 54)
-> Request 1
525
(4, 1, 2)
1
(28, 24)
-> Request 2
620
(2, 1, 1)
1
(61, 22)
-> Request 3
807
(1, 3, 1)
3
(49, 66)
-> Request 4
1224
(1, 2, 1)
1
(53, 40)
--> Day : 3
-> Request 0
134
(2, 3, 2)
2
(12, 53)
-> Request 1
357
(4, 1, 1)
3
(9, 23)
-> Request 2
1431
(1, 1, 2)
2
(75, 35)
--> Day : 4
-> Request 0
708
(4, 1, 1)
1
(54, 66)
-> Request 1
1140
(4, 2, 2)
1
(13, 25)
-> Request 2
1164
(4, 1, 2)
2
(25, 64)
---> Week : 36
--> Day : 0
-> Request 0
370
(1, 2, 1)
2
(46, 41)
-> Request 1
429
(2, 3, 2)
2
(17, 21)
--> Day : 1
-> Request 0
119
(1, 1, 1)
3
(47, 60)
-> Request 1
403
(3, 2, 2)
3
(56, 44)
-> Request 2
498
(1, 2, 2)
3
(48, 29)
-> Request 3
506
(2, 1, 2)
2
(44, 43)
-> Request 4
664
(1, 1, 2)
1
(57, 71)
-> Request 5
705
(3, 1, 1)
3
(62, 51)
-> Request 6
792
(3, 3, 2)
2
(15, 26)
-> Request 7
982
(4, 1, 1)
1
(5, 10)
--> Day : 2
-> Request 0
18
(2, 2, 1)
3
(13, 29)
-> Request 1
727
(1, 1, 2)
1
(46, 48)
--> Day : 3
-> Request 0
809
(3, 2, 1)
3
(63, 28)
-> Request 1
1324
(1, 3, 2)
3
(57, 1)
--> Day : 4
-> Request 0
359
(1, 2, 1)
1
(47, 0)
-> Request 1
1344
(2, 2, 2)
2
(43, 19)
---> Week : 37
--> Day : 0
-> Request 0
795
(2, 2, 2)
1
(54, 17)
-> Request 1
1002
(1, 2, 1)
1
(47, 70)
--> Day : 1
-> Request 0
123
(4, 2, 1)
2
(6, 11)
-> Request 1
397
(1, 3, 1)
2
(62, 69)
-> Request 2
473
(2, 3, 1)
1
(57, 28)
-> Request 3
768
(4, 1, 2)
1
(53, 78)
-> Request 4
1294
(3, 3, 2)
3
(45, 41)
-> Request 5
1439
(2, 1, 2)
3
(19, 1)
--> Day : 2
-> Request 0
406
(3, 3, 1)
2
(36, 61)
-> Request 1
586
(3, 1, 2)
2
(65, 74)
-> Request 2
804
(2, 1, 1)
1
(12, 4)
-> Request 3
908
(1, 3, 2)
2
(44, 42)
-> Request 4
909
(1, 1, 1)
2
(47, 43)
--> Day : 3
-> Request 0
241
(1, 3, 2)
1
(45, 16)
-> Request 1
266
(3, 1, 1)
1
(55, 68)
-> Request 2
1017
(1, 2, 2)
2
(67, 52)
--> Day : 4
-> Request 0
188
(3, 2, 2)
2
(28, 41)
-> Request 1
1330
(4, 3, 1)
2
(60, 34)
---> Week : 38
--> Day : 0
-> Request 0
103
(1, 1, 2)
2
(60, 42)
-> Request 1
911
(3, 3, 2)
2
(30, 61)
-> Request 2
1130
(4, 1, 2)
2
(49, 59)
-> Request 3
1431
(4, 1, 1)
3
(40, 9)
--> Day : 1
-> Request 0
445
(4, 2, 2)
2
(64, 78)
-> Request 1
672
(3, 3, 2)
3
(52, 36)
-> Request 2
961
(3, 1, 1)
3
(57, 71)
--> Day : 2
-> Request 0
190
(1, 1, 2)
1
(64, 71)
-> Request 1
324
(1, 3, 2)
2
(50, 0)
-> Request 2
1369
(1, 3, 2)
1
(17, 4)
--> Day : 3
-> Request 0
186
(1, 2, 2)
1
(11, 22)
-> Request 1
702
(2, 2, 2)
3
(18, 40)
-> Request 2
1145
(3, 3, 2)
2
(52, 64)
-> Request 3
1292
(4, 2, 1)
2
(9, 6)
--> Day : 4
-> Request 0
43
(4, 1, 2)
2
(76, 17)
-> Request 1
274
(2, 3, 2)
2
(47, 34)
-> Request 2
493
(3, 2, 1)
3
(49, 46)
-> Request 3
553
(3, 1, 2)
3
(44, 38)
-> Request 4
957
(4, 2, 2)
1
(60, 69)
-> Request 5
1206
(2, 1, 1)
1
(42, 74)
-> Request 6
1215
(3, 2, 1)
3
(58, 38)
---> Week : 39
--> Day : 0
-> Request 0
324
(2, 3, 2)
3
(31, 74)
-> Request 1
642
(3, 2, 2)
3
(44, 27)
-> Request 2
801
(2, 2, 1)
2
(13, 70)
--> Day : 1
-> Request 0
463
(2, 2, 2)
2
(62, 29)
-> Request 1
1011
(1, 3, 2)
2
(26, 59)
--> Day : 2
-> Request 0
147
(3, 3, 1)
1
(44, 27)
-> Request 1
487
(2, 3, 2)
3
(10, 21)
-> Request 2
836
(4, 2, 2)
2
(56, 31)
-> Request 3
1007
(1, 3, 2)
1
(10, 11)
--> Day : 3
-> Request 0
351
(1, 3, 2)
3
(23, 58)
-> Request 1
867
(1, 2, 2)
1
(65, 65)
-> Request 2
1071
(4, 2, 1)
1
(64, 69)
--> Day : 4
-> Request 0
179
(3, 2, 1)
3
(60, 73)
-> Request 1
300
(1, 1, 1)
3
(10, 24)
-> Request 2
701
(3, 2, 2)
1
(58, 64)
-> Request 3
971
(4, 2, 2)
2
(59, 8)
-> Request 4
992
(2, 1, 2)
2
(47, 41)
-> Request 5
1432
(2, 2, 1)
2
(59, 74)
---> Week : 40
--> Day : 0
-> Request 0
330
(2, 1, 2)
2
(58, 73)
-> Request 1
481
(3, 2, 2)
3
(46, 42)
-> Request 2
639
(1, 2, 2)
1
(66, 51)
-> Request 3
884
(2, 1, 2)
3
(55, 71)
-> Request 4
917
(3, 2, 2)
1
(75, 31)
--> Day : 1
-> Request 0
727
(2, 1, 2)
1
(55, 30)
-> Request 1
1226
(4, 3, 1)
1
(77, 49)
-> Request 2
1276
(1, 2, 1)
1
(48, 35)
--> Day : 2
-> Request 0
286
(4, 2, 1)
1
(58, 57)
-> Request 1
373
(2, 3, 2)
2
(53, 38)
-> Request 2
1345
(1, 3, 2)
2
(20, 65)
--> Day : 3
-> Request 0
684
(4, 1, 1)
2
(46, 43)
-> Request 1
817
(4, 3, 2)
2
(58, 34)
-> Request 2
840
(3, 1, 2)
1
(75, 7)
-> Request 3
1338
(4, 3, 2)
2
(71, 41)
--> Day : 4
-> Request 0
959
(2, 2, 2)
3
(54, 67)
-> Request 1
1261
(2, 2, 1)
3
(0, 44)
---> Week : 41
--> Day : 0
-> Request 0
230
(4, 3, 1)
1
(44, 33)
-> Request 1
748
(1, 2, 2)
3
(52, 68)
-> Request 2
1052
(3, 3, 2)
1
(51, 43)
-> Request 3
1277
(4, 2, 1)
1
(79, 4)
-> Request 4
1429
(1, 2, 2)
3
(8, 23)
--> Day : 1
-> Request 0
261
(3, 2, 1)
3
(56, 68)
-> Request 1
1018
(4, 3, 1)
3
(64, 49)
-> Request 2
1107
(4, 3, 1)
3
(46, 33)
--> Day : 2
-> Request 0
303
(2, 3, 1)
1
(67, 5)
-> Request 1
582
(4, 3, 1)
2
(61, 30)
-> Request 2
835
(4, 1, 2)
2
(56, 71)
-> Request 3
918
(4, 2, 1)
3
(62, 78)
-> Request 4
1066
(3, 3, 1)
2
(53, 55)
--> Day : 3
-> Request 0
422
(4, 1, 2)
3
(43, 41)
-> Request 1
474
(2, 3, 1)
2
(43, 42)
-> Request 2
550
(4, 3, 1)
1
(16, 76)
-> Request 3
551
(2, 1, 2)
3
(45, 33)
-> Request 4
737
(3, 1, 2)
3
(14, 60)
-> Request 5
906
(4, 2, 1)
2
(29, 44)
--> Day : 4
-> Request 0
84
(2, 3, 1)
1
(56, 37)
-> Request 1
184
(4, 2, 2)
2
(30, 43)
-> Request 2
687
(1, 1, 2)
1
(41, 50)
-> Request 3
953
(1, 3, 2)
3
(58, 70)
---> Week : 42
--> Day : 0
-> Request 0
994
(4, 1, 1)
1
(59, 51)
--> Day : 1
-> Request 0
95
(4, 3, 1)
3
(26, 0)
-> Request 1
395
(4, 2, 2)
1
(39, 11)
-> Request 2
553
(4, 3, 2)
1
(56, 2)
-> Request 3
725
(2, 1, 2)
2
(64, 67)
-> Request 4
978
(2, 1, 1)
2
(8, 19)
-> Request 5
1235
(1, 2, 2)
2
(49, 40)
--> Day : 2
-> Request 0
848
(1, 3, 1)
3
(55, 31)
--> Day : 3
-> Request 0
490
(1, 3, 1)
1
(69, 18)
-> Request 1
774
(3, 3, 1)
2
(53, 19)
-> Request 2
778
(2, 3, 2)
3
(64, 75)
--> Day : 4
-> Request 0
1063
(2, 3, 1)
3
(55, 67)
---> Week : 43
--> Day : 0
-> Request 0
518
(3, 1, 2)
1
(45, 29)
--> Day : 1
-> Request 0
146
(3, 3, 2)
3
(51, 16)
-> Request 1
309
(4, 2, 1)
2
(48, 40)
-> Request 2
742
(3, 1, 1)
2
(53, 44)
--> Day : 2
-> Request 0
552
(4, 3, 2)
3
(17, 11)
-> Request 1
659
(2, 3, 1)
3
(33, 6)
-> Request 2
958
(3, 1, 1)
1
(75, 18)
--> Day : 3
-> Request 0
791
(1, 2, 2)
1
(14, 2)
-> Request 1
1300
(2, 1, 1)
1
(66, 72)
-> Request 2
1331
(4, 1, 2)
2
(39, 34)
--> Day : 4
---> Week : 44
--> Day : 0
-> Request 0
248
(2, 1, 2)
3
(49, 36)
-> Request 1
785
(3, 2, 2)
1
(7, 10)
-> Request 2
959
(3, 3, 2)
2
(56, 11)
--> Day : 1
-> Request 0
67
(4, 3, 1)
3
(55, 70)
-> Request 1
367
(3, 1, 2)
3
(57, 44)
-> Request 2
414
(2, 1, 2)
1
(43, 26)
-> Request 3
494
(3, 2, 2)
1
(55, 34)
-> Request 4
899
(4, 2, 1)
3
(42, 58)
--> Day : 2
-> Request 0
817
(3, 1, 1)
3
(77, 27)
-> Request 1
849
(4, 2, 1)
3
(45, 35)
-> Request 2
1211
(1, 1, 1)
3
(22, 49)
--> Day : 3
-> Request 0
1195
(4, 3, 1)
3
(77, 3)
--> Day : 4
-> Request 0
105
(1, 1, 2)
3
(38, 38)
-> Request 1
864
(1, 1, 2)
2
(64, 15)
---> Week : 45
--> Day : 0
-> Request 0
186
(1, 2, 1)
3
(43, 31)
-> Request 1
404
(2, 3, 1)
1
(7, 56)
-> Request 2
701
(2, 3, 1)
2
(16, 5)
-> Request 3
920
(2, 1, 2)
3
(51, 39)
-> Request 4
1059
(3, 3, 2)
3
(23, 67)
-> Request 5
1125
(1, 2, 2)
3
(11, 27)
-> Request 6
1172
(1, 1, 1)
2
(47, 29)
-> Request 7
1201
(2, 1, 2)
2
(47, 56)
--> Day : 1
-> Request 0
1433
(4, 2, 1)
3
(61, 68)
--> Day : 2
-> Request 0
53
(4, 2, 1)
2
(54, 29)
-> Request 1
84
(3, 1, 2)
2
(64, 71)
-> Request 2
224
(3, 2, 1)
3
(56, 27)
-> Request 3
338
(2, 2, 1)
2
(59, 28)
-> Request 4
480
(1, 1, 1)
3
(10, 34)
-> Request 5
733
(2, 3, 2)
2
(7, 54)
--> Day : 3
-> Request 0
39
(2, 2, 2)
3
(20, 31)
-> Request 1
516
(2, 2, 1)
3
(68, 54)
-> Request 2
1255
(3, 1, 1)
3
(79, 61)
-> Request 3
1363
(3, 1, 1)
1
(58, 39)
--> Day : 4
-> Request 0
441
(1, 2, 2)
1
(61, 45)
-> Request 1
1029
(3, 1, 1)
3
(66, 78)
-> Request 2
1059
(1, 2, 2)
1
(12, 22)
---> Week : 46
--> Day : 0
-> Request 0
786
(1, 3, 1)
2
(3, 19)
-> Request 1
993
(3, 2, 1)
1
(24, 66)
-> Request 2
1039
(4, 1, 1)
1
(75, 20)
-> Request 3
1416
(1, 3, 1)
1
(51, 31)
--> Day : 1
-> Request 0
241
(4, 1, 2)
2
(53, 27)
-> Request 1
679
(1, 2, 1)
2
(3, 2)
-> Request 2
709
(3, 1, 2)
1
(55, 43)
-> Request 3
1017
(3, 3, 1)
1
(57, 41)
-> Request 4
1065
(2, 3, 1)
1
(53, 40)
--> Day : 2
-> Request 0
138
(3, 3, 2)
3
(50, 39)
-> Request 1
238
(4, 2, 1)
3
(46, 31)
-> Request 2
399
(1, 2, 1)
2
(62, 40)
-> Request 3
575
(4, 1, 2)
3
(27, 52)
-> Request 4
578
(3, 2, 1)
2
(2, 16)
-> Request 5
1277
(4, 3, 1)
2
(48, 31)
-> Request 6
1400
(1, 1, 1)
1
(74, 30)
--> Day : 3
-> Request 0
258
(1, 1, 1)
3
(55, 41)
-> Request 1
276
(1, 2, 2)
1
(61, 32)
-> Request 2
680
(4, 1, 2)
3
(63, 73)
-> Request 3
680
(1, 2, 2)
3
(8, 39)
-> Request 4
1166
(2, 2, 1)
1
(64, 66)
--> Day : 4
-> Request 0
490
(3, 3, 1)
3
(47, 39)
-> Request 1
668
(1, 3, 2)
3
(41, 73)
-> Request 2
884
(3, 2, 2)
2
(63, 32)
-> Request 3
1156
(4, 1, 2)
3
(53, 77)
---> Week : 47
--> Day : 0
-> Request 0
230
(1, 1, 1)
3
(15, 44)
-> Request 1
590
(3, 2, 1)
2
(64, 73)
-> Request 2
685
(2, 2, 2)
2
(61, 45)
-> Request 3
1188
(3, 3, 2)
2
(61, 69)
-> Request 4
1404
(4, 1, 1)
3
(63, 72)
--> Day : 1
-> Request 0
425
(3, 2, 2)
2
(51, 42)
-> Request 1
694
(4, 3, 2)
3
(59, 29)
-> Request 2
891
(4, 2, 2)
2
(48, 69)
--> Day : 2
-> Request 0
437
(3, 2, 1)
1
(57, 75)
-> Request 1
839
(4, 1, 2)
3
(76, 23)
-> Request 2
1011
(4, 1, 2)
3
(39, 1)
-> Request 3
1126
(1, 1, 1)
1
(58, 34)
--> Day : 3
-> Request 0
276
(2, 2, 1)
3
(57, 36)
-> Request 1
508
(1, 2, 1)
3
(16, 24)
-> Request 2
899
(2, 2, 1)
3
(51, 42)
-> Request 3
1211
(2, 3, 1)
3
(55, 41)
--> Day : 4
-> Request 0
90
(1, 3, 2)
3
(15, 22)
-> Request 1
451
(4, 3, 1)
2
(61, 65)
-> Request 2
1234
(4, 2, 2)
2
(66, 69)
---> Week : 48
--> Day : 0
-> Request 0
200
(4, 2, 2)
1
(62, 77)
-> Request 1
244
(1, 1, 2)
3
(56, 40)
-> Request 2
323
(1, 2, 1)
1
(52, 24)
-> Request 3
1303
(2, 2, 2)
3
(3, 23)
--> Day : 1
-> Request 0
180
(1, 1, 1)
2
(1, 58)
-> Request 1
195
(3, 1, 2)
2
(16, 50)
-> Request 2
326
(4, 3, 1)
3
(50, 32)
-> Request 3
723
(2, 3, 1)
3
(47, 30)
-> Request 4
730
(3, 2, 1)
2
(6, 29)
--> Day : 2
-> Request 0
543
(3, 1, 2)
2
(58, 67)
-> Request 1
665
(3, 1, 2)
3
(53, 68)
-> Request 2
878
(1, 3, 1)
3
(45, 29)
-> Request 3
1025
(3, 3, 2)
1
(29, 61)
--> Day : 3
-> Request 0
290
(4, 2, 2)
2
(43, 1)
-> Request 1
319
(2, 1, 1)
1
(16, 36)
-> Request 2
428
(3, 2, 2)
3
(47, 43)
-> Request 3
500
(2, 1, 2)
1
(32, 27)
-> Request 4
810
(3, 2, 2)
3
(47, 34)
-> Request 5
1031
(2, 1, 2)
1
(54, 62)
-> Request 6
1149
(4, 2, 2)
3
(51, 40)
-> Request 7
1283
(1, 1, 2)
1
(46, 33)
--> Day : 4
-> Request 0
117
(4, 1, 1)
3
(53, 74)
-> Request 1
872
(1, 1, 2)
3
(10, 24)
-> Request 2
1373
(3, 2, 1)
1
(27, 39)
---> Week : 49
--> Day : 0
-> Request 0
91
(3, 1, 2)
1
(61, 42)
-> Request 1
177
(3, 3, 2)
1
(22, 74)
-> Request 2
559
(4, 2, 2)
3
(62, 63)
-> Request 3
636
(1, 1, 1)
2
(29, 64)
-> Request 4
703
(4, 2, 1)
1
(60, 64)
-> Request 5
737
(2, 2, 2)
2
(44, 40)
-> Request 6
1037
(1, 2, 1)
2
(25, 23)
-> Request 7
1181
(4, 3, 1)
1
(58, 75)
-> Request 8
1318
(2, 1, 2)
1
(49, 32)
--> Day : 1
-> Request 0
3
(2, 2, 1)
3
(27, 73)
-> Request 1
26
(4, 2, 2)
2
(67, 28)
-> Request 2
322
(4, 2, 1)
3
(61, 76)
-> Request 3
394
(1, 1, 2)
1
(58, 27)
-> Request 4
556
(1, 1, 2)
3
(40, 0)
-> Request 5
710
(4, 1, 1)
2
(58, 59)
-> Request 6
1183
(1, 2, 2)
1
(6, 62)
-> Request 7
1204
(1, 1, 2)
2
(66, 71)
--> Day : 2
-> Request 0
86
(2, 1, 1)
2
(46, 39)
-> Request 1
493
(2, 1, 2)
2
(73, 9)
-> Request 2
628
(1, 1, 2)
3
(10, 28)
-> Request 3
963
(4, 1, 2)
3
(52, 45)
-> Request 4
1017
(4, 3, 2)
3
(46, 71)
-> Request 5
1425
(2, 2, 2)
3
(34, 48)
--> Day : 3
-> Request 0
112
(1, 2, 1)
2
(46, 35)
-> Request 1
900
(1, 3, 2)
1
(18, 25)
-> Request 2
1169
(1, 3, 1)
2
(32, 37)
-> Request 3
1349
(1, 2, 1)
1
(55, 71)
--> Day : 4
-> Request 0
514
(3, 1, 1)
3
(13, 24)
-> Request 1
1105
(4, 3, 2)
1
(50, 20)
-> Request 2
1257
(2, 3, 1)
2
(8, 28)
-> Request 3
1296
(3, 2, 2)
1
(59, 66)
-> Request 4
1434
(1, 2, 2)
2
(24, 13)
---> Week : 50
--> Day : 0
-> Request 0
357
(4, 1, 1)
2
(45, 45)
-> Request 1
957
(2, 3, 2)
2
(54, 40)
-> Request 2
1004
(2, 2, 2)
3
(61, 75)
-> Request 3
1282
(1, 3, 2)
1
(53, 15)
--> Day : 1
-> Request 0
251
(1, 3, 2)
2
(14, 28)
-> Request 1
523
(3, 2, 2)
3
(52, 78)
--> Day : 2
-> Request 0
420
(3, 2, 1)
3
(11, 18)
-> Request 1
1024
(1, 3, 1)
1
(53, 9)
--> Day : 3
-> Request 0
135
(4, 3, 2)
1
(66, 71)
-> Request 1
305
(1, 1, 1)
1
(76, 63)
-> Request 2
447
(3, 3, 2)
3
(53, 43)
-> Request 3
704
(3, 2, 2)
3
(51, 30)
-> Request 4
1351
(4, 1, 2)
3
(76, 16)
--> Day : 4
-> Request 0
140
(2, 3, 2)
3
(44, 32)
-> Request 1
667
(2, 2, 1)
1
(50, 37)
-> Request 2
764
(2, 2, 1)
3
(75, 78)
-> Request 3
786
(4, 3, 2)
2
(59, 29)
-> Request 4
816
(4, 1, 2)
3
(64, 51)
---> Week : 51
--> Day : 0
-> Request 0
13
(4, 1, 1)
2
(9, 55)
-> Request 1
28
(4, 2, 2)
1
(44, 39)
-> Request 2
405
(4, 1, 2)
2
(54, 67)
-> Request 3
1168
(4, 2, 2)
2
(52, 43)
-> Request 4
1205
(2, 2, 2)
1
(56, 34)
--> Day : 1
-> Request 0
629
(3, 2, 2)
1
(41, 10)
-> Request 1
712
(4, 2, 2)
3
(28, 30)
-> Request 2
797
(3, 3, 1)
1
(48, 34)
--> Day : 2
-> Request 0
339
(1, 1, 1)
2
(64, 71)
-> Request 1
609
(2, 3, 1)
1
(13, 29)
-> Request 2
1077
(3, 1, 2)
3
(12, 23)
-> Request 3
1091
(1, 2, 2)
2
(43, 37)
--> Day : 3
-> Request 0
307
(2, 2, 1)
2
(23, 41)
-> Request 1
762
(3, 1, 2)
3
(78, 60)
-> Request 2
1246
(1, 3, 2)
1
(38, 73)
--> Day : 4
-> Request 0
748
(2, 1, 1)
3
(10, 2)
---> Week : 52
--> Day : 0
-> Request 0
397
(3, 2, 2)
1
(40, 29)
-> Request 1
551
(2, 1, 1)
1
(11, 4)
-> Request 2
627
(1, 1, 1)
3
(57, 21)
-> Request 3
739
(4, 3, 1)
2
(14, 24)
-> Request 4
901
(4, 3, 1)
2
(48, 31)
-> Request 5
932
(1, 3, 1)
3
(66, 69)
-> Request 6
1052
(4, 1, 1)
2
(33, 17)
--> Day : 1
-> Request 0
395
(4, 2, 2)
2
(15, 23)
-> Request 1
436
(3, 3, 2)
2
(75, 72)
-> Request 2
1133
(3, 2, 2)
3
(56, 38)
--> Day : 2
-> Request 0
316
(4, 2, 2)
2
(55, 72)
-> Request 1
627
(2, 2, 1)
3
(7, 70)
-> Request 2
791
(2, 3, 2)
1
(5, 75)
-> Request 3
810
(4, 1, 1)
1
(70, 33)
-> Request 4
887
(3, 1, 2)
1
(45, 44)
-> Request 5
1308
(1, 1, 1)
2
(53, 32)
--> Day : 3
-> Request 0
21
(3, 3, 1)
2
(79, 21)
-> Request 1
204
(4, 2, 1)
3
(3, 13)
-> Request 2
814
(2, 1, 2)
2
(62, 44)
-> Request 3
963
(4, 2, 2)
1
(40, 43)
-> Request 4
1133
(1, 1, 2)
1
(70, 21)
-> Request 5
1403
(4, 3, 1)
1
(1, 78)
--> Day : 4
-> Request 0
118
(3, 2, 2)
3
(43, 36)
---> Week : 53
--> Day : 0
-> Request 0
27
(2, 2, 1)
3
(31, 4)
-> Request 1
120
(1, 2, 1)
3
(48, 74)
-> Request 2
542
(3, 3, 1)
2
(69, 19)
-> Request 3
653
(2, 2, 2)
2
(58, 74)
-> Request 4
1287
(1, 1, 2)
1
(43, 52)
--> Day : 1
-> Request 0
4
(3, 1, 2)
1
(76, 34)
-> Request 1
184
(2, 1, 1)
3
(24, 42)
-> Request 2
539
(4, 2, 1)
1
(59, 33)
-> Request 3
1138
(3, 2, 1)
2
(59, 57)
--> Day : 2
-> Request 0
59
(4, 1, 1)
1
(67, 69)
-> Request 1
102
(4, 3, 1)
1
(49, 51)
-> Request 2
141
(4, 3, 2)
3
(50, 45)
-> Request 3
302
(2, 3, 2)
3
(66, 15)
-> Request 4
653
(2, 3, 2)
1
(62, 32)
-> Request 5
1416
(3, 2, 1)
1
(66, 10)
--> Day : 3
-> Request 0
54
(4, 3, 2)
1
(61, 35)
-> Request 1
71
(4, 3, 1)
3
(39, 38)
-> Request 2
263
(3, 3, 2)
1
(3, 0)
-> Request 3
709
(3, 3, 2)
2
(27, 45)
-> Request 4
886
(4, 3, 1)
2
(27, 62)
-> Request 5
1368
(1, 3, 1)
3
(22, 12)
--> Day : 4
-> Request 0
54
(3, 3, 2)
2
(51, 44)
-> Request 1
446
(1, 1, 2)
1
(56, 69)
-> Request 2
793
(1, 1, 1)
2
(75, 31)
-> Request 3
999
(2, 2, 1)
3
(44, 54)
---> Week : 54
--> Day : 0
-> Request 0
171
(4, 2, 2)
2
(56, 74)
-> Request 1
175
(3, 2, 1)
1
(61, 65)
-> Request 2
862
(2, 2, 1)
1
(10, 29)
-> Request 3
1063
(3, 2, 1)
2
(8, 45)
-> Request 4
1105
(3, 3, 1)
2
(53, 33)
-> Request 5
1120
(2, 1, 1)
1
(53, 40)
-> Request 6
1177
(1, 3, 2)
1
(51, 35)
-> Request 7
1288
(2, 2, 1)
3
(11, 18)
--> Day : 1
-> Request 0
226
(1, 3, 2)
1
(51, 25)
-> Request 1
313
(3, 3, 1)
3
(61, 32)
-> Request 2
521
(3, 3, 2)
3
(78, 49)
-> Request 3
696
(4, 2, 2)
2
(73, 45)
-> Request 4
886
(2, 2, 1)
3
(48, 31)
-> Request 5
1248
(3, 2, 2)
2
(22, 48)
--> Day : 2
-> Request 0
343
(1, 1, 1)
1
(52, 64)
-> Request 1
618
(4, 3, 2)
3
(78, 14)
-> Request 2
830
(2, 1, 1)
2
(62, 31)
-> Request 3
978
(3, 3, 2)
3
(57, 76)
-> Request 4
1092
(1, 1, 1)
3
(52, 39)
-> Request 5
1176
(2, 3, 1)
3
(47, 28)
-> Request 6
1305
(2, 1, 1)
1
(55, 27)
--> Day : 3
-> Request 0
480
(1, 1, 2)
3
(56, 31)
-> Request 1
827
(1, 2, 2)
1
(63, 16)
-> Request 2
893
(2, 3, 1)
3
(44, 44)
-> Request 3
941
(4, 3, 1)
1
(52, 48)
-> Request 4
1378
(3, 1, 2)
1
(48, 31)
--> Day : 4
-> Request 0
17
(1, 3, 2)
1
(34, 18)
-> Request 1
434
(2, 2, 2)
1
(52, 45)
-> Request 2
497
(3, 2, 2)
3
(30, 24)
-> Request 3
953
(1, 1, 1)
1
(55, 36)
-> Request 4
1242
(2, 3, 1)
2
(20, 69)
---> Week : 55
--> Day : 0
-> Request 0
758
(4, 1, 1)
1
(65, 71)
-> Request 1
1160
(2, 1, 2)
1
(14, 28)
-> Request 2
1329
(3, 2, 1)
2
(53, 29)
--> Day : 1
-> Request 0
940
(4, 3, 2)
2
(19, 78)
-> Request 1
1112
(1, 3, 1)
1
(41, 30)
--> Day : 2
-> Request 0
7
(3, 2, 1)
3
(78, 9)
-> Request 1
202
(2, 3, 2)
1
(59, 38)
-> Request 2
425
(3, 1, 1)
1
(19, 21)
-> Request 3
838
(1, 2, 2)
3
(52, 64)
-> Request 4
949
(1, 2, 2)
2
(20, 14)
-> Request 5
1066
(3, 1, 2)
2
(52, 28)
--> Day : 3
-> Request 0
142
(2, 2, 1)
3
(54, 77)
-> Request 1
505
(1, 2, 2)
1
(11, 24)
-> Request 2
1419
(3, 2, 1)
3
(17, 28)
-> Request 3
1421
(4, 1, 2)
1
(66, 11)
--> Day : 4
-> Request 0
120
(2, 2, 1)
2
(42, 47)
-> Request 1
141
(1, 3, 2)
3
(55, 45)
-> Request 2
941
(1, 2, 2)
1
(16, 20)
-> Request 3
1305
(1, 1, 1)
2
(50, 31)
---> Week : 56
--> Day : 0
-> Request 0
167
(1, 1, 2)
2
(15, 25)
-> Request 1
251
(2, 2, 1)
2
(62, 64)
-> Request 2
593
(1, 1, 2)
3
(61, 36)
-> Request 3
1149
(4, 2, 2)
1
(9, 4)
--> Day : 1
-> Request 0
1206
(3, 3, 1)
3
(47, 38)
--> Day : 2
-> Request 0
657
(3, 1, 1)
2
(46, 29)
-> Request 1
1210
(2, 1, 2)
3
(29, 57)
-> Request 2
1354
(3, 1, 1)
1
(56, 39)
--> Day : 3
-> Request 0
29
(4, 2, 2)
1
(49, 39)
-> Request 1
60
(2, 1, 1)
3
(16, 8)
-> Request 2
198
(3, 2, 2)
2
(43, 76)
-> Request 3
283
(3, 3, 2)
2
(7, 29)
-> Request 4
293
(4, 3, 2)
1
(60, 39)
-> Request 5
1092
(1, 2, 1)
1
(54, 79)
-> Request 6
1110
(3, 2, 2)
2
(11, 29)
-> Request 7
1242
(4, 1, 2)
3
(51, 19)
-> Request 8
1302
(1, 3, 1)
2
(68, 50)
--> Day : 4
-> Request 0
241
(4, 2, 2)
3
(54, 30)
-> Request 1
347
(1, 1, 2)
1
(6, 29)
-> Request 2
782
(2, 3, 1)
2
(1, 65)
-> Request 3
1434
(2, 2, 1)
1
(11, 22)
---> Week : 57
--> Day : 0
-> Request 0
978
(4, 2, 2)
1
(41, 66)
--> Day : 1
-> Request 0
319
(3, 2, 2)
2
(62, 44)
-> Request 1
381
(2, 1, 2)
2
(46, 41)
-> Request 2
524
(1, 2, 2)
2
(53, 35)
-> Request 3
717
(2, 3, 1)
3
(45, 38)
-> Request 4
809
(2, 1, 1)
1
(60, 31)
--> Day : 2
-> Request 0
21
(2, 1, 2)
1
(45, 27)
-> Request 1
278
(2, 1, 2)
1
(13, 28)
-> Request 2
757
(1, 1, 2)
1
(48, 32)
-> Request 3
870
(2, 1, 2)
2
(9, 20)
-> Request 4
1027
(3, 3, 1)
1
(61, 72)
-> Request 5
1205
(2, 2, 2)
1
(56, 73)
-> Request 6
1233
(4, 1, 1)
2
(46, 45)
--> Day : 3
-> Request 0
567
(1, 2, 2)
2
(42, 24)
-> Request 1
727
(3, 2, 1)
2
(41, 62)
--> Day : 4
-> Request 0
418
(1, 3, 1)
3
(14, 74)
-> Request 1
968
(1, 3, 1)
2
(49, 43)
-> Request 2
1058
(2, 3, 2)
2
(31, 21)
---> Week : 58
--> Day : 0
-> Request 0
192
(2, 2, 1)
1
(17, 52)
-> Request 1
776
(1, 1, 2)
1
(0, 18)
-> Request 2
1039
(3, 3, 1)
1
(62, 48)
-> Request 3
1336
(2, 1, 1)
3
(28, 67)
--> Day : 1
-> Request 0
105
(4, 2, 2)
1
(5, 33)
-> Request 1
913
(2, 1, 2)
2
(45, 28)
--> Day : 2
-> Request 0
20
(2, 3, 2)
2
(18, 73)
-> Request 1
268
(4, 3, 2)
2
(27, 26)
-> Request 2
537
(1, 3, 1)
3
(35, 69)
-> Request 3
606
(2, 3, 1)
2
(54, 45)
-> Request 4
969
(2, 3, 1)
3
(34, 70)
-> Request 5
1170
(4, 2, 2)
2
(63, 72)
-> Request 6
1254
(2, 2, 1)
1
(17, 35)
--> Day : 3
-> Request 0
168
(2, 2, 2)
2
(33, 76)
-> Request 1
231
(3, 3, 2)
3
(53, 74)
-> Request 2
399
(4, 1, 1)
3
(59, 78)
--> Day : 4
-> Request 0
560
(4, 1, 2)
3
(24, 70)
-> Request 1
1404
(3, 3, 1)
3
(45, 43)
---> Week : 59
--> Day : 0
-> Request 0
5
(3, 1, 1)
1
(28, 39)
-> Request 1
753
(3, 1, 2)
1
(61, 42)
--> Day : 1
-> Request 0
181
(3, 2, 2)
1
(8, 21)
-> Request 1
317
(3, 3, 2)
1
(8, 25)
-> Request 2
423
(4, 3, 2)
2
(40, 74)
-> Request 3
431
(3, 3, 2)
2
(60, 32)
-> Request 4
882
(1, 2, 2)
1
(43, 11)
-> Request 5
1010
(3, 1, 2)
3
(56, 10)
--> Day : 2
-> Request 0
24
(1, 1, 1)
1
(26, 62)
-> Request 1
820
(3, 2, 2)
2
(46, 29)
-> Request 2
1158
(2, 3, 2)
1
(65, 68)
-> Request 3
1305
(4, 1, 2)
3
(76, 23)
-> Request 4
1342
(4, 3, 1)
1
(47, 45)
--> Day : 3
-> Request 0
51
(3, 2, 2)
1
(50, 32)
-> Request 1
510
(4, 2, 2)
3
(57, 26)
--> Day : 4
-> Request 0
386
(3, 2, 2)
3
(16, 6)
-> Request 1
498
(4, 3, 2)
1
(45, 33)
-> Request 2
588
(2, 2, 1)
1
(53, 40)
-> Request 3
902
(2, 1, 2)
3
(60, 30)
---> Week : 60
--> Day : 0
-> Request 0
602
(4, 1, 1)
2
(63, 64)
-> Request 1
688
(1, 2, 2)
2
(48, 40)
-> Request 2
1274
(3, 2, 1)
3
(21, 79)
-> Request 3
1407
(1, 2, 2)
1
(58, 33)
--> Day : 1
-> Request 0
286
(3, 1, 2)
2
(46, 22)
-> Request 1
1128
(3, 2, 2)
3
(52, 38)
--> Day : 2
-> Request 0
1
(3, 2, 1)
2
(57, 24)
-> Request 1
18
(3, 1, 1)
3
(58, 72)
-> Request 2
165
(4, 2, 1)
1
(59, 44)
-> Request 3
297
(4, 2, 2)
1
(54, 36)
-> Request 4
512
(3, 1, 1)
3
(66, 71)
-> Request 5
686
(3, 2, 2)
1
(79, 46)
-> Request 6
847
(4, 1, 1)
3
(59, 67)
-> Request 7
1263
(4, 3, 2)
2
(66, 75)
--> Day : 3
-> Request 0
26
(2, 2, 2)
3
(78, 46)
-> Request 1
48
(4, 1, 1)
2
(51, 33)
-> Request 2
116
(1, 2, 1)
2
(62, 32)
-> Request 3
682
(2, 2, 2)
3
(53, 35)
-> Request 4
761
(1, 3, 1)
1
(52, 39)
-> Request 5
1359
(3, 1, 2)
2
(43, 71)
--> Day : 4
-> Request 0
267
(4, 3, 2)
3
(45, 43)
-> Request 1
813
(3, 3, 2)
2
(57, 34)
-> Request 2
900
(4, 3, 2)
1
(19, 39)
-> Request 3
1279
(1, 1, 1)
2
(47, 32)
---> Week : 61
--> Day : 0
-> Request 0
551
(3, 2, 2)
3
(30, 31)
-> Request 1
1145
(1, 1, 2)
3
(57, 8)
--> Day : 1
-> Request 0
312
(2, 2, 1)
3
(62, 67)
-> Request 1
610
(1, 2, 2)
3
(74, 69)
-> Request 2
746
(1, 2, 1)
2
(8, 21)
-> Request 3
1108
(4, 3, 2)
2
(60, 30)
-> Request 4
1108
(2, 1, 2)
3
(55, 67)
--> Day : 2
-> Request 0
536
(4, 3, 2)
3
(38, 16)
-> Request 1
708
(3, 2, 2)
2
(14, 49)
-> Request 2
747
(3, 3, 1)
1
(56, 37)
-> Request 3
1185
(2, 3, 2)
2
(17, 20)
--> Day : 3
-> Request 0
69
(4, 3, 2)
2
(56, 44)
-> Request 1
360
(2, 3, 1)
2
(61, 34)
-> Request 2
500
(3, 1, 2)
3
(49, 39)
-> Request 3
643
(3, 2, 2)
1
(30, 61)
-> Request 4
1077
(1, 2, 1)
3
(41, 24)
-> Request 5
1098
(4, 2, 2)
3
(54, 43)
-> Request 6
1143
(2, 1, 2)
1
(79, 74)
-> Request 7
1248
(3, 1, 1)
1
(71, 31)
--> Day : 4
-> Request 0
154
(2, 1, 1)
1
(48, 15)
-> Request 1
230
(4, 1, 1)
2
(44, 40)
-> Request 2
392
(3, 1, 2)
2
(40, 10)
-> Request 3
690
(1, 3, 1)
3
(50, 34)
-> Request 4
739
(1, 1, 2)
2
(51, 63)
-> Request 5
1227
(2, 2, 1)
1
(51, 40)
-> Request 6
1354
(1, 3, 2)
1
(46, 70)
---> Week : 62
--> Day : 0
-> Request 0
51
(3, 1, 2)
2
(21, 57)
--> Day : 1
-> Request 0
26
(2, 2, 1)
2
(58, 38)
-> Request 1
245
(1, 2, 1)
1
(36, 4)
-> Request 2
319
(4, 1, 1)
2
(64, 77)
-> Request 3
975
(4, 2, 1)
3
(50, 29)
--> Day : 2
-> Request 0
268
(2, 3, 2)
2
(8, 26)
-> Request 1
276
(1, 2, 2)
2
(59, 29)
-> Request 2
783
(4, 3, 1)
1
(56, 64)
--> Day : 3
-> Request 0
610
(1, 1, 1)
2
(31, 41)
-> Request 1
754
(4, 2, 1)
2
(46, 12)
--> Day : 4
-> Request 0
93
(2, 3, 1)
2
(5, 15)
-> Request 1
129
(1, 1, 1)
1
(45, 54)
-> Request 2
247
(1, 3, 1)
2
(51, 34)
-> Request 3
265
(2, 3, 1)
1
(33, 62)
-> Request 4
744
(1, 1, 2)
2
(66, 76)
-> Request 5
1245
(4, 2, 1)
3
(63, 41)
---> Week : 63
--> Day : 0
-> Request 0
315
(1, 1, 1)
1
(10, 22)
-> Request 1
493
(1, 3, 2)
3
(74, 16)
-> Request 2
748
(4, 1, 1)
3
(14, 28)
-> Request 3
794
(3, 2, 2)
1
(67, 25)
-> Request 4
1330
(3, 1, 2)
2
(55, 43)
-> Request 5
1421
(4, 2, 1)
1
(27, 7)
--> Day : 1
-> Request 0
526
(4, 3, 2)
2
(61, 40)
--> Day : 2
-> Request 0
323
(1, 3, 2)
2
(49, 34)
-> Request 1
930
(2, 3, 1)
3
(55, 37)
-> Request 2
1102
(1, 2, 2)
3
(45, 40)
--> Day : 3
-> Request 0
240
(3, 3, 1)
2
(16, 31)
-> Request 1
520
(3, 2, 1)
1
(60, 43)
-> Request 2
1131
(2, 2, 1)
3
(55, 40)
-> Request 3
1266
(2, 3, 2)
2
(52, 73)
--> Day : 4
-> Request 0
62
(1, 2, 1)
1
(60, 10)
-> Request 1
112
(4, 3, 1)
3
(52, 68)
-> Request 2
137
(3, 3, 1)
2
(53, 44)
-> Request 3
341
(2, 2, 1)
1
(74, 65)
-> Request 4
507
(2, 3, 2)
1
(48, 44)
-> Request 5
647
(2, 3, 2)
3
(46, 19)
-> Request 6
682
(4, 3, 1)
1
(58, 36)
-> Request 7
1091
(1, 3, 1)
3
(58, 66)
-> Request 8
1333
(3, 1, 1)
3
(66, 37)
---> Week : 64
--> Day : 0
-> Request 0
758
(3, 2, 2)
3
(68, 5)
-> Request 1
849
(1, 3, 2)
1
(46, 30)
-> Request 2
993
(1, 2, 2)
1
(66, 78)
-> Request 3
1384
(1, 3, 2)
1
(16, 69)
--> Day : 1
-> Request 0
219
(4, 2, 2)
2
(41, 56)
-> Request 1
240
(3, 1, 1)
1
(67, 9)
-> Request 2
1064
(3, 3, 2)
2
(56, 74)
--> Day : 2
-> Request 0
81
(4, 2, 2)
3
(61, 29)
-> Request 1
499
(1, 2, 1)
1
(1, 3)
-> Request 2
571
(2, 2, 1)
1
(64, 69)
--> Day : 3
-> Request 0
739
(3, 3, 1)
2
(16, 25)
--> Day : 4
-> Request 0
101
(4, 3, 2)
3
(12, 45)
-> Request 1
105
(2, 3, 2)
1
(43, 74)
-> Request 2
992
(3, 2, 2)
3
(64, 39)
-> Request 3
1080
(2, 2, 1)
2
(73, 44)
-> Request 4
1080
(2, 3, 2)
3
(52, 66)
-> Request 5
1386
(4, 1, 2)
1
(54, 74)
---> Week : 65
--> Day : 0
-> Request 0
208
(4, 3, 1)
2
(8, 26)
-> Request 1
1138
(2, 2, 1)
2
(9, 21)
-> Request 2
1389
(2, 1, 2)
1
(18, 27)
-> Request 3
1401
(3, 3, 1)
2
(69, 1)
--> Day : 1
-> Request 0
506
(1, 1, 2)
3
(15, 2)
-> Request 1
766
(1, 1, 2)
3
(45, 45)
-> Request 2
819
(1, 1, 1)
1
(22, 48)
-> Request 3
826
(1, 2, 1)
2
(52, 27)
-> Request 4
960
(2, 1, 1)
1
(13, 53)
-> Request 5
1018
(3, 3, 1)
1
(52, 37)
-> Request 6
1089
(1, 3, 2)
3
(52, 64)
--> Day : 2
-> Request 0
444
(2, 1, 1)
3
(43, 46)
-> Request 1
444
(4, 1, 1)
2
(53, 37)
-> Request 2
449
(2, 3, 2)
2
(28, 69)
-> Request 3
1202
(2, 2, 2)
1
(11, 29)
-> Request 4
1277
(4, 1, 2)
2
(61, 30)
-> Request 5
1279
(4, 2, 2)
2
(13, 36)
--> Day : 3
-> Request 0
436
(4, 1, 1)
1
(58, 75)
-> Request 1
592
(2, 2, 1)
2
(77, 62)
--> Day : 4
-> Request 0
134
(3, 3, 1)
3
(53, 72)
-> Request 1
164
(1, 3, 1)
1
(57, 30)
-> Request 2
342
(2, 1, 2)
2
(32, 24)
-> Request 3
382
(1, 3, 2)
3
(62, 39)
-> Request 4
1078
(4, 1, 1)
2
(58, 40)
---> Week : 66
--> Day : 0
-> Request 0
131
(1, 3, 2)
1
(29, 60)
-> Request 1
1242
(2, 2, 2)
3
(8, 24)
-> Request 2
1400
(1, 3, 2)
1
(66, 78)
--> Day : 1
-> Request 0
102
(3, 1, 2)
3
(70, 21)
-> Request 1
386
(4, 2, 1)
2
(62, 55)
-> Request 2
751
(1, 1, 1)
1
(46, 40)
-> Request 3
771
(3, 2, 2)
2
(42, 4)
-> Request 4
1385
(4, 3, 2)
3
(57, 69)
--> Day : 2
-> Request 0
377
(3, 1, 2)
1
(18, 38)
-> Request 1
532
(2, 1, 1)
2
(32, 57)
-> Request 2
535
(1, 3, 2)
2
(41, 8)
-> Request 3
1296
(3, 3, 1)
1
(44, 37)
--> Day : 3
-> Request 0
1346
(3, 1, 2)
2
(43, 40)
--> Day : 4
-> Request 0
381
(4, 2, 2)
2
(26, 23)
-> Request 1
600
(4, 2, 2)
2
(30, 73)
-> Request 2
718
(3, 2, 1)
3
(23, 38)
-> Request 3
778
(4, 3, 1)
1
(60, 68)
-> Request 4
803
(2, 1, 1)
2
(57, 38)
---> Week : 67
--> Day : 0
-> Request 0
469
(2, 1, 1)
2
(0, 5)
-> Request 1
979
(3, 2, 2)
2
(44, 28)
-> Request 2
1090
(3, 2, 1)
3
(55, 32)
-> Request 3
1291
(2, 3, 1)
3
(55, 79)
-> Request 4
1363
(1, 1, 2)
3
(1, 30)
--> Day : 1
-> Request 0
127
(4, 3, 1)
2
(48, 41)
-> Request 1
392
(4, 2, 1)
3
(64, 79)
-> Request 2
554
(4, 2, 2)
1
(31, 32)
-> Request 3
643
(3, 1, 2)
3
(45, 32)
-> Request 4
1029
(3, 3, 2)
2
(60, 68)
-> Request 5
1278
(3, 1, 2)
3
(12, 26)
--> Day : 2
-> Request 0
357
(4, 3, 2)
1
(50, 45)
-> Request 1
668
(4, 2, 1)
3
(58, 64)
-> Request 2
925
(3, 3, 2)
2
(77, 47)
-> Request 3
1083
(1, 1, 1)
2
(56, 32)
-> Request 4
1262
(1, 1, 1)
2
(31, 62)
-> Request 5
1401
(4, 2, 2)
1
(74, 69)
--> Day : 3
-> Request 0
260
(4, 2, 2)
3
(64, 49)
-> Request 1
570
(2, 1, 1)
1
(9, 29)
-> Request 2
747
(3, 2, 1)
3
(63, 78)
-> Request 3
1337
(4, 1, 1)
3
(49, 6)
--> Day : 4
-> Request 0
173
(3, 2, 2)
2
(54, 37)
-> Request 1
331
(1, 2, 2)
3
(60, 70)
-> Request 2
332
(3, 3, 1)
2
(60, 40)
-> Request 3
636
(1, 3, 1)
3
(58, 32)
-> Request 4
1013
(3, 1, 1)
3
(62, 64)
-> Request 5
1221
(1, 3, 2)
1
(78, 1)
---> Week : 68
--> Day : 0
-> Request 0
485
(2, 2, 1)
2
(4, 29)
-> Request 1
543
(4, 2, 2)
1
(13, 71)
-> Request 2
732
(2, 1, 2)
3
(5, 11)
-> Request 3
808
(3, 3, 2)
3
(61, 40)
-> Request 4
1365
(3, 3, 1)
2
(62, 76)
--> Day : 1
-> Request 0
261
(1, 3, 1)
1
(11, 22)
-> Request 1
424
(1, 3, 1)
1
(65, 64)
-> Request 2
882
(1, 1, 1)
1
(51, 34)
--> Day : 2
-> Request 0
126
(1, 1, 2)
3
(77, 45)
-> Request 1
284
(1, 2, 1)
1
(60, 0)
-> Request 2
528
(3, 2, 2)
2
(66, 15)
-> Request 3
722
(3, 1, 2)
3
(47, 27)
--> Day : 3
-> Request 0
578
(3, 1, 2)
2
(58, 77)
-> Request 1
894
(4, 2, 1)
2
(11, 62)
-> Request 2
1437
(4, 1, 2)
1
(57, 36)
--> Day : 4
-> Request 0
1059
(3, 1, 2)
3
(28, 52)
---> Week : 69
--> Day : 0
-> Request 0
59
(2, 3, 1)
2
(5, 3)
-> Request 1
706
(2, 2, 2)
1
(45, 41)
-> Request 2
1017
(4, 1, 1)
1
(13, 69)
--> Day : 1
-> Request 0
181
(2, 2, 2)
3
(47, 35)
-> Request 1
722
(3, 3, 1)
2
(17, 42)
--> Day : 2
-> Request 0
652
(3, 1, 2)
3
(45, 65)
-> Request 1
739
(3, 1, 2)
2
(70, 28)
-> Request 2
1108
(1, 2, 1)
1
(49, 44)
-> Request 3
1201
(3, 2, 1)
3
(28, 23)
-> Request 4
1255
(2, 2, 2)
1
(47, 30)
--> Day : 3
-> Request 0
152
(1, 3, 1)
2
(67, 75)
-> Request 1
510
(1, 3, 1)
2
(62, 66)
-> Request 2
644
(1, 3, 2)
2
(10, 49)
-> Request 3
997
(4, 1, 2)
3
(43, 31)
-> Request 4
1124
(3, 3, 1)
3
(58, 65)
-> Request 5
1206
(2, 1, 1)
3
(33, 3)
--> Day : 4
-> Request 0
614
(2, 3, 2)
1
(71, 6)
-> Request 1
697
(3, 3, 2)
2
(62, 76)
-> Request 2
1214
(1, 1, 1)
2
(14, 27)
---> Week : 70
--> Day : 0
-> Request 0
515
(2, 2, 1)
2
(4, 33)
-> Request 1
1352
(3, 2, 2)
3
(50, 17)
--> Day : 1
-> Request 0
539
(1, 1, 2)
2
(50, 30)
-> Request 1
844
(3, 1, 1)
2
(55, 57)
-> Request 2
1437
(4, 2, 1)
3
(46, 40)
--> Day : 2
-> Request 0
1111
(1, 1, 2)
1
(58, 4)
-> Request 1
1308
(3, 1, 2)
1
(37, 25)
--> Day : 3
-> Request 0
262
(1, 3, 2)
2
(45, 34)
-> Request 1
486
(1, 1, 2)
3
(25, 37)
-> Request 2
579
(1, 1, 1)
2
(53, 39)
-> Request 3
1100
(1, 1, 1)
1
(64, 76)
--> Day : 4
-> Request 0
525
(4, 2, 1)
3
(57, 69)
-> Request 1
838
(2, 2, 2)
2
(10, 28)
-> Request 2
1311
(1, 1, 2)
2
(57, 40)
---> Week : 71
--> Day : 0
-> Request 0
289
(4, 1, 1)
3
(66, 75)
-> Request 1
831
(2, 2, 1)
1
(43, 39)
--> Day : 1
-> Request 0
170
(1, 2, 1)
1
(47, 41)
-> Request 1
930
(4, 2, 2)
1
(54, 46)
-> Request 2
1283
(3, 1, 2)
2
(53, 38)
--> Day : 2
-> Request 0
214
(4, 1, 1)
3
(1, 57)
--> Day : 3
-> Request 0
17
(2, 3, 2)
1
(54, 36)
-> Request 1
194
(2, 2, 2)
2
(69, 71)
--> Day : 4
-> Request 0
127
(1, 3, 1)
3
(77, 22)
-> Request 1
211
(3, 2, 1)
1
(43, 77)
-> Request 2
295
(1, 2, 2)
1
(22, 6)
-> Request 3
719
(3, 2, 1)
2
(12, 27)
-> Request 4
865
(3, 2, 1)
2
(46, 42)
-> Request 5
1000
(1, 3, 2)
3
(0, 25)
-> Request 6
1088
(1, 2, 2)
3
(25, 61)
-> Request 7
1292
(1, 2, 1)
2
(45, 46)
---> Week : 72
--> Day : 0
-> Request 0
706
(3, 1, 2)
3
(54, 31)
-> Request 1
794
(3, 1, 2)
3
(67, 48)
-> Request 2
936
(2, 3, 1)
1
(51, 69)
-> Request 3
1263
(2, 1, 1)
2
(25, 13)
--> Day : 1
-> Request 0
185
(2, 2, 1)
1
(55, 43)
--> Day : 2
-> Request 0
104
(1, 1, 2)
2
(44, 21)
-> Request 1
327
(2, 3, 1)
3
(58, 74)
--> Day : 3
-> Request 0
41
(1, 2, 1)
3
(3, 35)
-> Request 1
1165
(4, 3, 1)
3
(60, 35)
-> Request 2
1300
(4, 1, 1)
2
(54, 21)
--> Day : 4
-> Request 0
321
(4, 3, 2)
2
(60, 36)
-> Request 1
449
(2, 1, 2)
2
(46, 41)
-> Request 2
1181
(3, 2, 2)
2
(53, 73)
-> Request 3
1435
(3, 2, 1)
2
(65, 15)
---> Week : 73
--> Day : 0
-> Request 0
562
(3, 2, 2)
2
(41, 70)
-> Request 1
629
(1, 2, 1)
1
(12, 29)
-> Request 2
739
(4, 1, 2)
2
(20, 57)
-> Request 3
932
(2, 2, 1)
2
(56, 30)
--> Day : 1
-> Request 0
88
(3, 2, 2)
2
(59, 64)
-> Request 1
497
(3, 3, 1)
3
(42, 68)
-> Request 2
592
(4, 2, 2)
1
(47, 0)
--> Day : 2
-> Request 0
375
(1, 3, 1)
2
(62, 70)
-> Request 1
1277
(4, 1, 1)
3
(15, 23)
-> Request 2
1389
(1, 2, 2)
3
(54, 68)
--> Day : 3
-> Request 0
722
(3, 3, 2)
3
(63, 66)
--> Day : 4
-> Request 0
185
(1, 3, 2)
3
(62, 39)
-> Request 1
217
(2, 3, 2)
1
(56, 37)
-> Request 2
371
(3, 1, 2)
2
(56, 41)
-> Request 3
736
(4, 3, 1)
1
(62, 70)
-> Request 4
932
(1, 1, 1)
3
(77, 12)
---> Week : 74
--> Day : 0
-> Request 0
146
(1, 2, 1)
1
(11, 10)
-> Request 1
898
(3, 1, 2)
3
(54, 39)
--> Day : 1
-> Request 0
517
(4, 2, 1)
1
(79, 28)
-> Request 1
909
(4, 2, 2)
2
(59, 35)
-> Request 2
1080
(2, 1, 2)
1
(68, 2)
-> Request 3
1307
(2, 1, 1)
1
(24, 36)
-> Request 4
1407
(2, 2, 2)
1
(50, 3)
--> Day : 2
-> Request 0
347
(3, 2, 2)
3
(58, 4)
-> Request 1
688
(3, 3, 2)
1
(61, 43)
-> Request 2
1233
(4, 3, 2)
3
(12, 20)
--> Day : 3
-> Request 0
469
(1, 1, 1)
2
(38, 57)
-> Request 1
528
(3, 2, 1)
2
(57, 72)
-> Request 2
1188
(3, 3, 1)
3
(54, 66)
-> Request 3
1260
(4, 3, 1)
2
(8, 22)
-> Request 4
1322
(2, 2, 2)
2
(66, 68)
--> Day : 4
-> Request 0
194
(2, 2, 1)
1
(46, 34)
---> Week : 75
--> Day : 0
-> Request 0
632
(4, 1, 1)
3
(55, 37)
-> Request 1
749
(4, 3, 1)
1
(48, 45)
-> Request 2
1061
(1, 2, 1)
2
(38, 53)
-> Request 3
1196
(1, 2, 2)
1
(9, 34)
--> Day : 1
-> Request 0
661
(3, 2, 2)
2
(8, 27)
--> Day : 2
-> Request 0
83
(2, 3, 2)
3
(49, 41)
-> Request 1
247
(4, 1, 1)
3
(8, 23)
-> Request 2
314
(2, 2, 1)
3
(51, 12)
-> Request 3
1183
(3, 2, 1)
2
(56, 56)
--> Day : 3
-> Request 0
50
(4, 1, 1)
1
(23, 8)
-> Request 1
863
(2, 3, 1)
2
(65, 71)
-> Request 2
908
(2, 1, 1)
1
(79, 22)
--> Day : 4
-> Request 0
99
(2, 2, 1)
3
(72, 25)
-> Request 1
184
(1, 2, 1)
2
(13, 54)
-> Request 2
237
(2, 2, 2)
2
(14, 18)
-> Request 3
482
(3, 1, 1)
3
(62, 77)
-> Request 4
1258
(2, 2, 1)
3
(12, 23)
---> Week : 76
--> Day : 0
-> Request 0
799
(1, 3, 1)
2
(53, 78)
-> Request 1
829
(2, 1, 2)
2
(53, 38)
-> Request 2
842
(1, 1, 2)
1
(49, 38)
-> Request 3
1161
(4, 3, 2)
3
(55, 30)
-> Request 4
1272
(2, 3, 1)
3
(31, 17)
--> Day : 1
-> Request 0
16
(4, 2, 2)
3
(52, 77)
-> Request 1
643
(3, 1, 2)
3
(3, 5)
-> Request 2
1249
(2, 2, 1)
3
(74, 8)
--> Day : 2
-> Request 0
128
(4, 1, 2)
1
(16, 72)
-> Request 1
657
(2, 1, 1)
1
(30, 21)
-> Request 2
719
(4, 1, 1)
3
(56, 36)
-> Request 3
1070
(1, 2, 2)
2
(1, 24)
-> Request 4
1185
(2, 1, 1)
3
(23, 16)
-> Request 5
1213
(3, 2, 2)
3
(59, 69)
--> Day : 3
-> Request 0
192
(4, 1, 1)
2
(63, 23)
-> Request 1
334
(2, 1, 1)
1
(79, 48)
-> Request 2
492
(1, 2, 2)
2
(53, 36)
-> Request 3
530
(4, 3, 2)
1
(64, 67)
-> Request 4
803
(2, 3, 1)
1
(25, 40)
-> Request 5
1287
(2, 1, 1)
1
(66, 62)
-> Request 6
1377
(4, 1, 1)
1
(14, 15)
--> Day : 4
-> Request 0
17
(1, 2, 2)
3
(57, 38)
-> Request 1
531
(4, 1, 1)
2
(61, 77)
-> Request 2
748
(4, 3, 2)
2
(57, 44)
-> Request 3
1194
(3, 3, 1)
3
(29, 21)
-> Request 4
1223
(1, 1, 2)
1
(15, 25)
---> Week : 77
--> Day : 0
-> Request 0
385
(2, 2, 2)
3
(61, 44)
--> Day : 1
-> Request 0
275
(3, 3, 2)
2
(55, 76)
-> Request 1
1084
(3, 3, 2)
2
(50, 36)
--> Day : 2
-> Request 0
88
(3, 3, 2)
3
(63, 48)
-> Request 1
197
(4, 2, 2)
1
(69, 16)
-> Request 2
238
(4, 3, 2)
1
(62, 39)
-> Request 3
906
(1, 3, 1)
3
(57, 76)
-> Request 4
1401
(3, 1, 2)
2
(56, 67)
--> Day : 3
-> Request 0
228
(4, 1, 1)
1
(29, 54)
-> Request 1
523
(1, 3, 1)
2
(20, 23)
-> Request 2
1011
(2, 3, 1)
3
(57, 68)
-> Request 3
1127
(2, 2, 1)
2
(53, 42)
--> Day : 4
-> Request 0
192
(3, 2, 1)
3
(16, 27)
-> Request 1
355
(4, 3, 2)
3
(27, 7)
-> Request 2
868
(2, 3, 2)
2
(60, 35)
---> Week : 78
--> Day : 0
-> Request 0
405
(2, 3, 1)
3
(53, 74)
-> Request 1
702
(1, 2, 2)
3
(30, 74)
-> Request 2
1139
(2, 1, 2)
2
(45, 30)
-> Request 3
1195
(2, 2, 1)
2
(79, 7)
-> Request 4
1198
(1, 3, 2)
3
(63, 72)
--> Day : 1
-> Request 0
107
(4, 2, 1)
1
(14, 3)
-> Request 1
557
(4, 1, 2)
2
(9, 61)
-> Request 2
889
(4, 2, 1)
1
(1, 77)
--> Day : 2
-> Request 0
80
(4, 3, 1)
1
(77, 13)
-> Request 1
287
(2, 1, 1)
1
(62, 27)
-> Request 2
951
(4, 1, 2)
1
(62, 29)
-> Request 3
1133
(2, 1, 1)
3
(43, 45)
-> Request 4
1194
(1, 2, 2)
3
(55, 41)
--> Day : 3
-> Request 0
579
(4, 3, 2)
1
(19, 67)
--> Day : 4
-> Request 0
145
(1, 1, 1)
3
(9, 26)
-> Request 1
542
(1, 1, 2)
3
(3, 1)
-> Request 2
886
(3, 3, 2)
3
(2, 11)
-> Request 3
992
(2, 1, 2)
2
(60, 41)
-> Request 4
1172
(2, 1, 1)
3
(47, 44)
-> Request 5
1243
(4, 1, 2)
2
(64, 79)
---> Week : 79
--> Day : 0
-> Request 0
14
(4, 1, 1)
2
(12, 20)
-> Request 1
114
(1, 2, 2)
1
(48, 34)
-> Request 2
618
(4, 3, 1)
2
(58, 74)
-> Request 3
670
(2, 1, 1)
1
(32, 9)
-> Request 4
870
(2, 3, 1)
3
(70, 26)
-> Request 5
1168
(4, 3, 1)
2
(52, 41)
-> Request 6
1327
(4, 3, 2)
1
(48, 39)
--> Day : 1
--> Day : 2
-> Request 0
119
(1, 1, 2)
2
(69, 21)
-> Request 1
129
(2, 3, 2)
1
(48, 29)
-> Request 2
149
(2, 1, 1)
2
(52, 37)
-> Request 3
250
(4, 2, 1)
3
(13, 20)
-> Request 4
1060
(2, 1, 2)
2
(77, 49)
-> Request 5
1174
(3, 1, 2)
2
(55, 78)
-> Request 6
1383
(1, 1, 2)
3
(43, 44)
--> Day : 3
-> Request 0
1071
(3, 2, 2)
2
(12, 29)
-> Request 1
1257
(4, 1, 1)
2
(67, 9)
--> Day : 4
-> Request 0
76
(1, 2, 2)
1
(57, 14)
-> Request 1
490
(2, 1, 2)
3
(15, 20)
---> Week : 80
--> Day : 0
-> Request 0
21
(3, 1, 2)
3
(66, 75)
--> Day : 1
-> Request 0
533
(4, 1, 2)
1
(58, 72)
-> Request 1
797
(4, 2, 2)
3
(58, 34)
-> Request 2
867
(1, 2, 1)
3
(56, 75)
-> Request 3
1029
(4, 1, 1)
3
(54, 75)
--> Day : 2
-> Request 0
113
(4, 2, 1)
2
(47, 3)
-> Request 1
150
(1, 1, 2)
2
(28, 43)
-> Request 2
271
(4, 1, 2)
2
(61, 26)
-> Request 3
388
(2, 2, 1)
1
(51, 3)
-> Request 4
429
(4, 1, 1)
2
(57, 31)
-> Request 5
1298
(2, 3, 1)
3
(60, 68)
--> Day : 3
-> Request 0
387
(4, 3, 1)
3
(46, 20)
-> Request 1
458
(3, 1, 2)
2
(56, 17)
-> Request 2
870
(2, 2, 1)
2
(50, 39)
-> Request 3
1022
(2, 1, 2)
1
(42, 56)
--> Day : 4
-> Request 0
954
(2, 2, 1)
3
(56, 32)
-> Request 1
1015
(4, 3, 1)
2
(75, 1)
-> Request 2
1168
(1, 3, 2)
1
(45, 38)
-> Request 3
1415
(1, 2, 2)
2
(45, 66)
---> Week : 81
--> Day : 0
-> Request 0
512
(1, 1, 1)
1
(3, 17)
-> Request 1
520
(3, 3, 2)
2
(34, 68)
-> Request 2
531
(1, 2, 2)
1
(43, 5)
-> Request 3
576
(2, 2, 2)
3
(73, 59)
-> Request 4
1378
(3, 2, 2)
2
(59, 33)
--> Day : 1
-> Request 0
544
(4, 3, 1)
1
(61, 29)
-> Request 1
858
(2, 2, 1)
2
(19, 66)
--> Day : 2
-> Request 0
628
(3, 3, 1)
3
(56, 31)
-> Request 1
823
(3, 2, 2)
3
(2, 28)
-> Request 2
1060
(4, 2, 1)
3
(0, 23)
--> Day : 3
-> Request 0
24
(1, 3, 1)
1
(66, 67)
-> Request 1
224
(4, 2, 1)
1
(3, 44)
-> Request 2
392
(1, 2, 1)
2
(1, 41)
-> Request 3
397
(4, 1, 2)
3
(19, 71)
-> Request 4
479
(1, 3, 1)
3
(9, 30)
--> Day : 4
-> Request 0
669
(1, 1, 1)
1
(16, 25)
-> Request 1
1033
(4, 1, 2)
1
(12, 25)
---> Week : 82
--> Day : 0
-> Request 0
225
(3, 3, 1)
3
(6, 58)
-> Request 1
276
(3, 1, 2)
3
(44, 39)
-> Request 2
364
(1, 1, 2)
1
(29, 27)
-> Request 3
475
(2, 1, 1)
1
(52, 20)
-> Request 4
735
(3, 1, 2)
1
(55, 64)
-> Request 5
1081
(1, 3, 1)
2
(78, 21)
-> Request 6
1411
(3, 1, 1)
3
(39, 25)
--> Day : 1
-> Request 0
178
(3, 2, 1)
2
(58, 48)
-> Request 1
183
(1, 2, 2)
2
(41, 10)
-> Request 2
509
(2, 3, 2)
3
(54, 31)
-> Request 3
1281
(3, 3, 2)
1
(16, 1)
--> Day : 2
-> Request 0
283
(4, 3, 1)
2
(53, 37)
-> Request 1
437
(1, 2, 2)
2
(63, 13)
-> Request 2
1064
(1, 3, 2)
3
(68, 78)
--> Day : 3
-> Request 0
83
(4, 2, 2)
1
(77, 70)
-> Request 1
122
(1, 1, 1)
2
(54, 28)
-> Request 2
831
(4, 2, 1)
1
(55, 72)
-> Request 3
1056
(2, 2, 1)
1
(33, 2)
-> Request 4
1302
(1, 2, 2)
3
(64, 72)
--> Day : 4
-> Request 0
388
(3, 3, 1)
3
(63, 76)
-> Request 1
719
(3, 1, 1)
3
(49, 13)
---> Week : 83
--> Day : 0
-> Request 0
963
(2, 2, 1)
1
(17, 26)
--> Day : 1
-> Request 0
21
(3, 2, 1)
1
(62, 32)
-> Request 1
427
(3, 1, 2)
3
(8, 26)
--> Day : 2
-> Request 0
238
(1, 1, 2)
3
(17, 12)
-> Request 1
544
(3, 2, 2)
2
(59, 38)
-> Request 2
934
(2, 3, 2)
1
(61, 46)
--> Day : 3
-> Request 0
147
(4, 1, 1)
2
(59, 78)
-> Request 1
168
(4, 2, 1)
2
(14, 27)
--> Day : 4
-> Request 0
16
(4, 1, 2)
3
(58, 58)
-> Request 1
27
(4, 1, 1)
1
(14, 29)
-> Request 2
69
(4, 3, 1)
3
(71, 18)
-> Request 3
207
(1, 3, 2)
2
(58, 70)
-> Request 4
502
(4, 1, 1)
1
(51, 30)
-> Request 5
648
(1, 1, 2)
2
(66, 68)
---> Week : 84
--> Day : 0
-> Request 0
66
(3, 2, 1)
3
(61, 32)
-> Request 1
85
(1, 2, 1)
3
(16, 29)
-> Request 2
695
(3, 3, 2)
3
(9, 32)
-> Request 3
862
(2, 1, 2)
3
(14, 22)
--> Day : 1
-> Request 0
90
(1, 2, 1)
3
(78, 5)
-> Request 1
122
(1, 2, 2)
2
(58, 27)
--> Day : 2
-> Request 0
211
(2, 2, 1)
3
(47, 37)
-> Request 1
842
(1, 1, 1)
3
(70, 59)
-> Request 2
1107
(4, 3, 1)
3
(63, 76)
-> Request 3
1110
(4, 1, 1)
1
(40, 67)
-> Request 4
1144
(1, 3, 1)
3
(6, 32)
--> Day : 3
-> Request 0
360
(3, 1, 2)
1
(43, 29)
-> Request 1
668
(2, 3, 1)
3
(51, 30)
--> Day : 4
-> Request 0
402
(1, 1, 2)
2
(8, 29)
-> Request 1
518
(1, 3, 2)
2
(66, 74)
---> Week : 85
--> Day : 0
-> Request 0
20
(2, 1, 2)
3
(43, 31)
-> Request 1
639
(1, 3, 1)
1
(61, 31)
-> Request 2
958
(1, 3, 1)
2
(78, 0)
-> Request 3
1089
(1, 2, 1)
3
(61, 71)
-> Request 4
1252
(3, 3, 1)
2
(47, 31)
-> Request 5
1295
(2, 2, 2)
1
(24, 50)
--> Day : 1
-> Request 0
219
(3, 1, 2)
2
(49, 36)
--> Day : 2
-> Request 0
400
(4, 2, 1)
2
(56, 64)
-> Request 1
437
(4, 2, 2)
3
(35, 4)
-> Request 2
890
(2, 1, 2)
2
(36, 31)
--> Day : 3
-> Request 0
289
(1, 2, 2)
3
(47, 31)
-> Request 1
932
(1, 2, 1)
3
(44, 54)
-> Request 2
1076
(1, 2, 2)
1
(54, 38)
--> Day : 4
-> Request 0
143
(2, 1, 2)
3
(14, 65)
-> Request 1
414
(1, 3, 2)
2
(46, 43)
-> Request 2
443
(3, 3, 2)
1
(49, 32)
-> Request 3
471
(3, 1, 2)
3
(52, 34)
-> Request 4
535
(4, 2, 1)
1
(8, 28)
-> Request 5
640
(3, 1, 2)
1
(49, 35)
-> Request 6
741
(1, 2, 2)
2
(61, 75)
-> Request 7
1132
(1, 3, 2)
3
(58, 75)
-> Request 8
1217
(2, 2, 2)
1
(46, 33)
-> Request 9
1284
(4, 3, 1)
3
(60, 67)
---> Week : 86
--> Day : 0
-> Request 0
383
(4, 2, 1)
1
(45, 46)
-> Request 1
1178
(1, 1, 1)
3
(65, 70)
--> Day : 1
-> Request 0
615
(2, 3, 2)
1
(39, 0)
--> Day : 2
-> Request 0
127
(4, 1, 2)
3
(77, 68)
-> Request 1
444
(3, 3, 2)
2
(52, 32)
-> Request 2
543
(2, 3, 2)
2
(58, 46)
-> Request 3
863
(1, 2, 1)
2
(66, 67)
-> Request 4
1114
(4, 3, 2)
2
(10, 26)
-> Request 5
1145
(3, 2, 2)
1
(63, 69)
--> Day : 3
-> Request 0
444
(4, 3, 1)
3
(12, 65)
-> Request 1
493
(1, 1, 1)
2
(53, 34)
-> Request 2
571
(3, 3, 2)
1
(43, 27)
-> Request 3
680
(3, 3, 2)
1
(73, 66)
-> Request 4
985
(2, 3, 1)
1
(21, 8)
-> Request 5
1282
(4, 2, 2)
2
(23, 72)
--> Day : 4
-> Request 0
410
(1, 1, 2)
1
(14, 26)
-> Request 1
575
(2, 3, 1)
2
(37, 55)
-> Request 2
1070
(4, 3, 2)
1
(70, 20)
-> Request 3
1308
(1, 3, 2)
3
(45, 41)
-> Request 4
1387
(2, 3, 2)
3
(53, 33)
---> Week : 87
--> Day : 0
-> Request 0
688
(2, 2, 1)
2
(44, 54)
-> Request 1
865
(1, 1, 2)
3
(55, 32)
-> Request 2
975
(1, 3, 2)
3
(53, 72)
-> Request 3
1135
(2, 1, 1)
1
(59, 70)
-> Request 4
1232
(3, 3, 1)
1
(22, 32)
-> Request 5
1248
(3, 2, 2)
3
(66, 21)
-> Request 6
1399
(3, 2, 1)
1
(47, 36)
--> Day : 1
-> Request 0
148
(3, 3, 2)
3
(15, 33)
-> Request 1
734
(3, 2, 1)
1
(54, 71)
-> Request 2
896
(4, 2, 2)
2
(48, 66)
--> Day : 2
-> Request 0
635
(1, 2, 1)
3
(63, 64)
-> Request 1
746
(4, 2, 2)
3
(41, 64)
-> Request 2
1431
(3, 3, 1)
3
(62, 67)
--> Day : 3
-> Request 0
765
(2, 3, 1)
1
(34, 24)
-> Request 1
1246
(2, 2, 2)
1
(41, 10)
-> Request 2
1265
(2, 1, 1)
2
(62, 68)
-> Request 3
1437
(3, 1, 1)
2
(49, 37)
--> Day : 4
-> Request 0
1348
(3, 3, 2)
1
(55, 28)
---> Week : 88
--> Day : 0
-> Request 0
202
(4, 2, 2)
2
(56, 42)
-> Request 1
244
(2, 1, 2)
1
(40, 68)
-> Request 2
632
(1, 3, 2)
3
(9, 24)
-> Request 3
1338
(1, 1, 1)
1
(35, 24)
--> Day : 1
-> Request 0
72
(2, 1, 2)
2
(40, 33)
-> Request 1
886
(4, 2, 2)
1
(52, 69)
-> Request 2
1118
(2, 2, 2)
1
(61, 68)
--> Day : 2
-> Request 0
573
(4, 1, 2)
2
(63, 78)
-> Request 1
920
(2, 3, 2)
1
(56, 40)
-> Request 2
1047
(4, 2, 2)
2
(63, 65)
-> Request 3
1076
(3, 3, 1)
2
(40, 8)
-> Request 4
1425
(1, 3, 2)
2
(66, 78)
--> Day : 3
-> Request 0
656
(3, 1, 2)
1
(48, 38)
-> Request 1
1199
(4, 3, 1)
2
(51, 32)
-> Request 2
1286
(2, 1, 2)
2
(14, 69)
--> Day : 4
-> Request 0
224
(2, 2, 2)
1
(1, 78)
-> Request 1
319
(2, 3, 2)
1
(4, 49)
-> Request 2
425
(2, 2, 1)
2
(57, 17)
-> Request 3
796
(2, 2, 2)
2
(38, 54)
-> Request 4
1436
(1, 3, 2)
3
(58, 29)
---> Week : 89
--> Day : 0
-> Request 0
140
(1, 3, 1)
1
(45, 31)
-> Request 1
814
(2, 3, 1)
3
(37, 69)
-> Request 2
902
(3, 2, 2)
2
(17, 26)
--> Day : 1
-> Request 0
26
(2, 3, 2)
1
(53, 41)
-> Request 1
99
(1, 1, 1)
3
(8, 28)
-> Request 2
323
(1, 2, 1)
3
(5, 68)
-> Request 3
597
(2, 1, 2)
3
(61, 20)
-> Request 4
765
(2, 3, 1)
3
(55, 28)
-> Request 5
803
(4, 1, 1)
1
(43, 41)
-> Request 6
1098
(1, 2, 2)
1
(76, 65)
-> Request 7
1217
(3, 1, 2)
2
(44, 43)
-> Request 8
1436
(4, 2, 2)
2
(39, 30)
--> Day : 2
-> Request 0
644
(3, 1, 1)
1
(65, 3)
-> Request 1
848
(4, 3, 2)
3
(65, 78)
-> Request 2
1063
(1, 1, 1)
2
(39, 17)
-> Request 3
1152
(3, 3, 2)
2
(50, 28)
--> Day : 3
-> Request 0
161
(1, 3, 2)
3
(53, 63)
-> Request 1
196
(4, 1, 2)
3
(43, 44)
-> Request 2
221
(1, 1, 2)
2
(63, 69)
-> Request 3
252
(2, 1, 1)
1
(32, 38)
-> Request 4
682
(1, 1, 2)
1
(46, 28)
--> Day : 4
-> Request 0
134
(4, 2, 1)
2
(30, 14)
-> Request 1
512
(4, 3, 1)
1
(45, 42)
-> Request 2
960
(4, 2, 2)
1
(49, 55)
-> Request 3
1203
(2, 2, 2)
2
(14, 3)
---> Week : 90
--> Day : 0
-> Request 0
233
(4, 3, 2)
1
(54, 74)
-> Request 1
777
(4, 3, 2)
1
(36, 42)
-> Request 2
794
(4, 3, 2)
3
(51, 31)
-> Request 3
1224
(3, 3, 2)
3
(8, 67)
--> Day : 1
-> Request 0
1368
(3, 2, 2)
1
(72, 58)
--> Day : 2
-> Request 0
121
(3, 1, 1)
3
(56, 25)
-> Request 1
301
(1, 3, 1)
2
(45, 45)
-> Request 2
574
(4, 3, 2)
3
(53, 66)
-> Request 3
705
(1, 2, 1)
3
(50, 41)
-> Request 4
738
(2, 2, 2)
1
(45, 41)
--> Day : 3
-> Request 0
202
(3, 3, 2)
3
(58, 72)
-> Request 1
322
(2, 3, 2)
2
(33, 13)
-> Request 2
896
(4, 1, 2)
2
(73, 39)
-> Request 3
994
(2, 1, 2)
2
(53, 70)
-> Request 4
1155
(2, 3, 2)
1
(47, 46)
-> Request 5
1419
(4, 3, 1)
2
(56, 29)
--> Day : 4
-> Request 0
68
(4, 1, 2)
1
(49, 46)
-> Request 1
474
(3, 3, 1)
3
(50, 76)
---> Week : 91
--> Day : 0
-> Request 0
15
(3, 3, 1)
3
(47, 38)
-> Request 1
683
(2, 1, 2)
1
(56, 31)
-> Request 2
794
(2, 3, 1)
3
(79, 52)
-> Request 3
1379
(2, 2, 2)
1
(43, 40)
--> Day : 1
-> Request 0
241
(2, 3, 1)
1
(61, 22)
-> Request 1
426
(1, 2, 2)
3
(62, 64)
-> Request 2
838
(1, 3, 1)
2
(58, 42)
--> Day : 2
-> Request 0
161
(3, 3, 2)
1
(58, 65)
-> Request 1
432
(2, 1, 2)
3
(61, 44)
-> Request 2
565
(2, 3, 2)
1
(37, 1)
-> Request 3
1225
(1, 1, 1)
3
(16, 24)
--> Day : 3
-> Request 0
212
(1, 1, 1)
3
(23, 57)
-> Request 1
405
(4, 1, 2)
2
(55, 45)
--> Day : 4
-> Request 0
424
(3, 1, 1)
3
(67, 71)
-> Request 1
535
(3, 1, 1)
2
(59, 33)
-> Request 2
638
(4, 1, 1)
3
(18, 75)
-> Request 3
1189
(2, 3, 2)
3
(72, 50)
---> Week : 92
--> Day : 0
-> Request 0
325
(4, 1, 1)
3
(63, 77)
--> Day : 1
-> Request 0
208
(1, 3, 1)
2
(44, 45)
-> Request 1
351
(3, 1, 1)
1
(16, 70)
-> Request 2
435
(2, 3, 2)
2
(12, 36)
-> Request 3
939
(2, 1, 2)
2
(74, 22)
-> Request 4
1152
(1, 3, 2)
1
(63, 76)
--> Day : 2
-> Request 0
556
(3, 2, 2)
2
(63, 18)
-> Request 1
1328
(4, 1, 1)
3
(79, 51)
-> Request 2
1392
(4, 1, 2)
2
(6, 52)
--> Day : 3
-> Request 0
16
(2, 2, 1)
3
(56, 77)
-> Request 1
507
(1, 3, 1)
3
(56, 46)
-> Request 2
669
(4, 3, 2)
1
(53, 77)
-> Request 3
901
(4, 3, 2)
1
(17, 28)
--> Day : 4
-> Request 0
8
(1, 1, 1)
1
(55, 74)
-> Request 1
563
(3, 3, 2)
1
(43, 39)
-> Request 2
632
(3, 2, 2)
1
(20, 64)
-> Request 3
882
(1, 2, 2)
3
(55, 5)
-> Request 4
1333
(2, 1, 2)
1
(69, 4)
-> Request 5
1388
(1, 2, 2)
1
(60, 5)
---> Week : 93
--> Day : 0
-> Request 0
369
(2, 2, 2)
2
(10, 42)
-> Request 1
545
(3, 3, 1)
1
(71, 12)
-> Request 2
962
(4, 1, 2)
3
(76, 41)
-> Request 3
1419
(2, 1, 2)
2
(60, 68)
--> Day : 1
-> Request 0
569
(3, 2, 2)
2
(55, 36)
-> Request 1
633
(4, 3, 1)
3
(49, 37)
-> Request 2
688
(4, 1, 1)
2
(44, 26)
-> Request 3
1088
(4, 3, 1)
2
(73, 74)
-> Request 4
1280
(3, 2, 2)
3
(0, 59)
--> Day : 2
-> Request 0
14
(4, 2, 2)
3
(54, 74)
-> Request 1
654
(1, 1, 2)
1
(11, 71)
-> Request 2
1006
(2, 2, 2)
2
(29, 61)
-> Request 3
1200
(4, 1, 2)
3
(59, 44)
--> Day : 3
-> Request 0
157
(4, 3, 1)
1
(60, 2)
-> Request 1
885
(2, 2, 1)
1
(63, 59)
-> Request 2
1351
(2, 1, 1)
1
(55, 52)
-> Request 3
1431
(3, 3, 1)
2
(69, 66)
--> Day : 4
-> Request 0
1278
(2, 2, 2)
2
(70, 27)
---> Week : 94
--> Day : 0
-> Request 0
708
(3, 3, 1)
3
(50, 29)
-> Request 1
812
(1, 1, 1)
1
(21, 78)
-> Request 2
914
(1, 2, 2)
2
(37, 49)
--> Day : 1
-> Request 0
800
(2, 2, 1)
1
(61, 46)
-> Request 1
1007
(2, 1, 1)
2
(39, 54)
-> Request 2
1178
(3, 1, 1)
1
(62, 64)
-> Request 3
1205
(3, 1, 2)
1
(46, 37)
--> Day : 2
-> Request 0
33
(2, 2, 2)
2
(5, 6)
-> Request 1
258
(1, 3, 1)
2
(43, 71)
-> Request 2
952
(3, 1, 2)
3
(75, 58)
-> Request 3
1363
(2, 2, 2)
3
(31, 72)
--> Day : 3
-> Request 0
495
(3, 3, 2)
3
(8, 77)
-> Request 1
742
(3, 2, 2)
2
(7, 22)
-> Request 2
1185
(2, 1, 2)
2
(64, 77)
-> Request 3
1189
(1, 3, 2)
1
(15, 22)
--> Day : 4
-> Request 0
669
(1, 3, 1)
3
(58, 27)
-> Request 1
1278
(4, 1, 2)
1
(58, 36)
---> Week : 95
--> Day : 0
-> Request 0
65
(2, 2, 2)
3
(9, 65)
-> Request 1
288
(2, 3, 2)
3
(8, 24)
-> Request 2
1214
(1, 2, 2)
1
(63, 71)
-> Request 3
1349
(1, 1, 1)
3
(46, 68)
--> Day : 1
-> Request 0
80
(2, 2, 2)
2
(66, 77)
-> Request 1
116
(3, 3, 2)
3
(69, 20)
-> Request 2
194
(4, 2, 1)
3
(59, 77)
-> Request 3
276
(1, 2, 2)
2
(46, 11)
--> Day : 2
-> Request 0
572
(1, 3, 1)
3
(17, 45)
-> Request 1
717
(1, 2, 2)
3
(66, 42)
-> Request 2
936
(1, 2, 2)
3
(42, 15)
-> Request 3
956
(1, 1, 2)
3
(53, 54)
-> Request 4
1269
(4, 3, 2)
2
(18, 26)
--> Day : 3
-> Request 0
386
(2, 1, 2)
3
(53, 75)
-> Request 1
436
(3, 2, 1)
2
(77, 0)
-> Request 2
559
(4, 2, 1)
3
(65, 76)
-> Request 3
1057
(2, 2, 2)
2
(16, 29)
--> Day : 4
-> Request 0
297
(1, 2, 1)
1
(7, 28)
-> Request 1
792
(4, 2, 2)
2
(23, 49)
-> Request 2
1245
(4, 2, 2)
3
(51, 39)
-> Request 3
1275
(1, 1, 2)
1
(5, 13)
-> Request 4
1410
(1, 1, 1)
1
(23, 13)
---> Week : 96
--> Day : 0
-> Request 0
45
(4, 2, 2)
3
(54, 32)
-> Request 1
107
(1, 2, 2)
2
(27, 67)
-> Request 2
427
(2, 1, 2)
1
(28, 36)
-> Request 3
844
(2, 1, 2)
2
(45, 46)
-> Request 4
1337
(2, 2, 1)
1
(65, 65)
--> Day : 1
-> Request 0
294
(1, 1, 1)
3
(59, 29)
-> Request 1
406
(1, 3, 1)
1
(49, 23)
-> Request 2
784
(2, 3, 2)
2
(59, 68)
-> Request 3
944
(3, 1, 2)
2
(65, 73)
--> Day : 2
--> Day : 3
-> Request 0
93
(3, 2, 2)
1
(12, 55)
-> Request 1
503
(2, 3, 1)
2
(52, 31)
-> Request 2
1268
(1, 2, 1)
3
(58, 32)
-> Request 3
1382
(2, 1, 1)
2
(5, 67)
--> Day : 4
-> Request 0
1
(4, 2, 1)
2
(67, 25)
-> Request 1
800
(2, 3, 1)
3
(60, 72)
-> Request 2
1196
(1, 1, 1)
1
(45, 33)
---> Week : 97
--> Day : 0
-> Request 0
1327
(4, 3, 1)
2
(4, 34)
--> Day : 1
-> Request 0
149
(2, 3, 1)
2
(6, 77)
-> Request 1
713
(1, 2, 2)
1
(58, 27)
-> Request 2
832
(2, 1, 1)
1
(14, 28)
-> Request 3
940
(4, 1, 2)
2
(72, 34)
--> Day : 2
-> Request 0
609
(2, 2, 1)
1
(53, 29)
-> Request 1
935
(3, 2, 1)
2
(64, 64)
-> Request 2
1060
(3, 2, 1)
1
(9, 50)
--> Day : 3
-> Request 0
772
(3, 3, 2)
2
(42, 31)
-> Request 1
796
(4, 1, 2)
3
(44, 31)
-> Request 2
1094
(2, 2, 1)
2
(48, 75)
--> Day : 4
-> Request 0
353
(1, 1, 1)
2
(42, 16)
-> Request 1
773
(4, 1, 1)
3
(63, 66)
-> Request 2
902
(2, 2, 1)
2
(48, 42)
-> Request 3
1253
(4, 1, 2)
1
(74, 21)
---> Week : 98
--> Day : 0
-> Request 0
195
(1, 2, 2)
2
(38, 13)
-> Request 1
202
(2, 1, 1)
2
(13, 27)
-> Request 2
237
(2, 1, 2)
2
(47, 39)
-> Request 3
335
(3, 1, 2)
1
(12, 19)
-> Request 4
1032
(1, 3, 2)
3
(17, 28)
-> Request 5
1149
(3, 1, 1)
1
(46, 44)
-> Request 6
1166
(4, 3, 2)
1
(49, 19)
-> Request 7
1264
(3, 2, 1)
2
(10, 25)
-> Request 8
1343
(3, 1, 1)
2
(29, 34)
--> Day : 1
-> Request 0
75
(3, 3, 1)
3
(52, 65)
-> Request 1
402
(2, 3, 1)
1
(64, 73)
-> Request 2
853
(2, 1, 2)
1
(20, 53)
-> Request 3
906
(4, 2, 2)
3
(11, 25)
--> Day : 2
-> Request 0
458
(2, 3, 2)
1
(66, 67)
-> Request 1
1123
(2, 1, 1)
3
(60, 33)
-> Request 2
1158
(1, 3, 2)
2
(44, 42)
-> Request 3
1338
(2, 3, 1)
3
(62, 34)
--> Day : 3
-> Request 0
251
(2, 1, 2)
3
(59, 37)
-> Request 1
462
(4, 3, 2)
1
(65, 48)
-> Request 2
719
(4, 1, 1)
3
(8, 74)
-> Request 3
877
(4, 2, 1)
3
(66, 41)
-> Request 4
891
(1, 2, 1)
3
(49, 23)
--> Day : 4
-> Request 0
799
(1, 2, 2)
3
(79, 45)
---> Week : 99
--> Day : 0
-> Request 0
80
(2, 1, 1)
1
(33, 26)
-> Request 1
234
(4, 3, 2)
1
(49, 33)
-> Request 2
250
(2, 1, 1)
1
(41, 0)
-> Request 3
262
(1, 1, 1)
1
(16, 20)
-> Request 4
1203
(1, 3, 1)
2
(51, 31)
-> Request 5
1367
(3, 2, 1)
1
(64, 69)
--> Day : 1
-> Request 0
6
(3, 2, 1)
2
(53, 52)
-> Request 1
374
(2, 3, 2)
3
(20, 41)
-> Request 2
643
(4, 1, 1)
2
(16, 29)
-> Request 3
906
(1, 1, 1)
3
(12, 24)
-> Request 4
963
(2, 2, 2)
1
(24, 54)
--> Day : 2
-> Request 0
563
(4, 2, 2)
2
(48, 44)
-> Request 1
893
(2, 3, 1)
2
(13, 11)
-> Request 2
1275
(2, 1, 2)
3
(12, 2)
-> Request 3
1280
(1, 1, 1)
2
(64, 76)
--> Day : 3
-> Request 0
528
(3, 3, 2)
1
(25, 69)
-> Request 1
689
(3, 1, 2)
2
(64, 78)
-> Request 2
775
(2, 2, 2)
1
(71, 54)
-> Request 3
925
(4, 2, 2)
1
(49, 75)
--> Day : 4
-> Request 0
137
(2, 3, 1)
3
(51, 35)
-> Request 1
181
(3, 1, 2)
2
(36, 10)
-> Request 2
255
(4, 3, 1)
2
(14, 23)
-> Request 3
304
(1, 1, 2)
2
(53, 65)
-> Request 4
994
(1, 3, 1)
2
(49, 35)
-> Request 5
1298
(1, 2, 2)
1
(42, 28)
-> Request 6
1310
(4, 3, 1)
2
(3, 56)
---> Week : 100
--> Day : 0
-> Request 0
541
(4, 1, 2)
2
(15, 51)
-> Request 1
906
(4, 1, 1)
2
(47, 44)
-> Request 2
1286
(2, 2, 2)
2
(44, 64)
-> Request 3
1397
(3, 2, 2)
1
(60, 31)
--> Day : 1
-> Request 0
39
(4, 3, 2)
1
(71, 14)
-> Request 1
526
(1, 3, 2)
1
(48, 27)
--> Day : 2
-> Request 0
105
(1, 1, 1)
1
(54, 66)
-> Request 1
1227
(1, 2, 2)
3
(10, 74)
-> Request 2
1345
(2, 1, 1)
3
(48, 28)
--> Day : 3
-> Request 0
495
(1, 2, 1)
2
(48, 27)
-> Request 1
807
(3, 1, 2)
1
(35, 59)
-> Request 2
974
(3, 3, 1)
3
(55, 70)
-> Request 3
1246
(4, 3, 2)
1
(56, 78)
-> Request 4
1433
(3, 2, 2)
2
(52, 71)
--> Day : 4
-> Request 0
379
(1, 3, 1)
3
(31, 0)
-> Request 1
426
(1, 1, 1)
3
(60, 73)
-> Request 2
477
(2, 1, 1)
2
(70, 1)
-> Request 3
515
(2, 1, 1)
1
(55, 75)
---> Week : 101
--> Day : 0
-> Request 0
475
(4, 2, 1)
3
(7, 42)
-> Request 1
985
(2, 2, 2)
2
(56, 75)
--> Day : 1
-> Request 0
198
(1, 1, 2)
2
(59, 30)
-> Request 1
249
(3, 1, 1)
2
(48, 31)
-> Request 2
302
(4, 1, 2)
3
(71, 40)
-> Request 3
324
(4, 3, 1)
1
(60, 28)
-> Request 4
819
(1, 2, 2)
3
(32, 12)
-> Request 5
1055
(3, 1, 2)
3
(16, 24)
-> Request 6
1355
(2, 2, 2)
2
(72, 32)
--> Day : 2
-> Request 0
149
(4, 1, 2)
3
(44, 32)
-> Request 1
520
(3, 2, 1)
3
(58, 30)
-> Request 2
1065
(1, 3, 1)
2
(26, 7)
-> Request 3
1099
(3, 1, 1)
3
(47, 40)
-> Request 4
1148
(3, 1, 1)
1
(56, 52)
-> Request 5
1251
(3, 2, 2)
3
(45, 31)
-> Request 6
1341
(2, 2, 1)
3
(57, 56)
--> Day : 3
-> Request 0
28
(1, 3, 1)
2
(54, 69)
-> Request 1
84
(2, 3, 1)
2
(19, 55)
-> Request 2
178
(4, 2, 2)
2
(11, 39)
-> Request 3
271
(1, 1, 2)
1
(48, 32)
-> Request 4
382
(2, 3, 1)
1
(8, 58)
-> Request 5
408
(4, 1, 2)
3
(44, 37)
-> Request 6
875
(2, 2, 2)
1
(46, 37)
-> Request 7
1269
(3, 1, 2)
1
(54, 16)
--> Day : 4
-> Request 0
146
(1, 2, 2)
1
(16, 23)
-> Request 1
427
(3, 1, 1)
3
(52, 72)
-> Request 2
1402
(4, 2, 1)
1
(52, 76)
---> Week : 102
--> Day : 0
-> Request 0
193
(4, 1, 1)
2
(58, 39)
-> Request 1
495
(1, 1, 2)
1
(13, 55)
-> Request 2
644
(2, 3, 1)
2
(56, 78)
-> Request 3
1108
(4, 2, 1)
3
(45, 42)
-> Request 4
1310
(4, 3, 2)
1
(55, 39)
--> Day : 1
-> Request 0
726
(3, 1, 1)
1
(62, 29)
-> Request 1
774
(2, 3, 1)
2
(43, 42)
-> Request 2
1229
(2, 2, 2)
1
(32, 53)
-> Request 3
1290
(3, 3, 1)
3
(65, 66)
-> Request 4
1335
(2, 3, 1)
2
(56, 40)
--> Day : 2
-> Request 0
58
(1, 2, 2)
1
(73, 15)
-> Request 1
182
(2, 1, 1)
1
(49, 19)
-> Request 2
548
(1, 3, 2)
3
(69, 55)
-> Request 3
832
(1, 1, 1)
2
(57, 29)
-> Request 4
858
(4, 2, 1)
3
(66, 68)
--> Day : 3
-> Request 0
434
(1, 2, 1)
1
(46, 29)
-> Request 1
436
(2, 3, 2)
3
(36, 8)
-> Request 2
612
(2, 3, 1)
2
(44, 57)
-> Request 3
1168
(1, 2, 1)
2
(76, 60)
--> Day : 4
-> Request 0
6
(3, 3, 1)
1
(48, 46)
-> Request 1
20
(4, 1, 2)
1
(60, 56)
-> Request 2
599
(2, 3, 2)
2
(62, 75)
-> Request 3
599
(1, 1, 1)
2
(63, 77)
-> Request 4
1165
(3, 3, 2)
1
(56, 74)
-> Request 5
1364
(3, 1, 2)
3
(57, 33)
---> Week : 103
--> Day : 0
-> Request 0
131
(3, 3, 2)
2
(62, 36)
-> Request 1
282
(3, 1, 2)
3
(45, 37)
-> Request 2
780
(2, 1, 2)
2
(46, 41)
-> Request 3
1135
(2, 2, 2)
1
(55, 71)
-> Request 4
1218
(3, 1, 2)
1
(52, 64)
--> Day : 1
-> Request 0
120
(2, 3, 2)
3
(46, 23)
-> Request 1
197
(2, 2, 2)
2
(44, 39)
-> Request 2
933
(4, 2, 2)
3
(77, 22)
-> Request 3
1413
(1, 1, 2)
1
(57, 45)
--> Day : 2
--> Day : 3
-> Request 0
708
(4, 3, 2)
3
(46, 30)
--> Day : 4
-> Request 0
216
(2, 3, 2)
3
(50, 13)
-> Request 1
239
(3, 3, 2)
1
(57, 66)
-> Request 2
378
(2, 3, 1)
3
(30, 0)
-> Request 3
538
(2, 2, 1)
1
(60, 8)
-> Request 4
958
(4, 2, 1)
1
(12, 23)
-> Request 5
1246
(4, 3, 2)
1
(41, 58)
-> Request 6
1381
(1, 1, 1)
3
(23, 27)
---> Week : 104
--> Day : 0
-> Request 0
334
(3, 2, 2)
1
(74, 13)
-> Request 1
543
(2, 2, 2)
3
(19, 35)
-> Request 2
1000
(1, 1, 1)
3
(65, 70)
--> Day : 1
-> Request 0
294
(1, 2, 1)
1
(64, 62)
--> Day : 2
-> Request 0
769
(3, 3, 1)
3
(49, 56)
-> Request 1
1230
(4, 3, 1)
1
(13, 62)
--> Day : 3
-> Request 0
217
(2, 3, 1)
1
(30, 17)
-> Request 1
446
(4, 3, 1)
2
(56, 28)
--> Day : 4
-> Request 0
346
(3, 1, 1)
2
(53, 65)
-> Request 1
360
(4, 3, 2)
2
(34, 51)
---> Week : 105
--> Day : 0
-> Request 0
132
(2, 2, 2)
2
(5, 22)
-> Request 1
563
(4, 3, 1)
1
(33, 9)
-> Request 2
869
(2, 3, 1)
1
(58, 62)
-> Request 3
901
(3, 1, 1)
2
(14, 23)
-> Request 4
975
(2, 1, 1)
2
(58, 35)
-> Request 5
1088
(2, 3, 1)
2
(56, 46)
--> Day : 1
-> Request 0
572
(2, 1, 1)
3
(57, 33)
-> Request 1
728
(1, 3, 2)
2
(51, 31)
-> Request 2
1094
(3, 2, 2)
3
(58, 27)
--> Day : 2
-> Request 0
256
(3, 2, 1)
2
(66, 75)
-> Request 1
484
(4, 3, 1)
2
(54, 45)
-> Request 2
947
(4, 3, 2)
1
(35, 75)
-> Request 3
1156
(1, 3, 1)
1
(43, 16)
-> Request 4
1168
(1, 1, 1)
3
(79, 67)
-> Request 5
1370
(2, 1, 2)
3
(45, 4)
-> Request 6
1424
(3, 3, 2)
2
(39, 6)
--> Day : 3
-> Request 0
107
(4, 2, 2)
1
(45, 44)
-> Request 1
581
(3, 1, 2)
2
(50, 25)
-> Request 2
727
(4, 3, 2)
3
(79, 42)
-> Request 3
1146
(4, 3, 2)
2
(64, 65)
-> Request 4
1356
(3, 2, 1)
3
(56, 41)
--> Day : 4
-> Request 0
606
(1, 1, 2)
2
(2, 21)
-> Request 1
637
(2, 3, 1)
2
(45, 47)
-> Request 2
890
(2, 3, 2)
2
(24, 46)
---> Week : 106
--> Day : 0
-> Request 0
216
(2, 2, 2)
1
(54, 40)
-> Request 1
1011
(2, 3, 2)
1
(54, 52)
-> Request 2
1104
(1, 3, 2)
1
(8, 23)
-> Request 3
1437
(4, 2, 1)
2
(26, 32)
--> Day : 1
-> Request 0
84
(1, 2, 2)
3
(59, 71)
-> Request 1
203
(1, 2, 2)
3
(46, 28)
-> Request 2
245
(4, 3, 1)
3
(64, 75)
-> Request 3
733
(3, 2, 2)
1
(65, 75)
--> Day : 2
-> Request 0
1018
(2, 2, 1)
2
(53, 77)
--> Day : 3
-> Request 0
363
(1, 1, 2)
1
(9, 29)
-> Request 1
1005
(4, 1, 1)
3
(22, 17)
--> Day : 4
-> Request 0
68
(2, 2, 1)
3
(44, 33)
-> Request 1
285
(2, 3, 2)
3
(59, 34)
-> Request 2
783
(1, 1, 1)
2
(58, 28)
-> Request 3
844
(2, 1, 2)
1
(43, 38)
---> Week : 107
--> Day : 0
-> Request 0
586
(3, 1, 2)
1
(29, 29)
--> Day : 1
-> Request 0
23
(4, 2, 1)
1
(58, 31)
-> Request 1
521
(1, 3, 2)
2
(74, 21)
-> Request 2
581
(3, 3, 1)
1
(66, 69)
-> Request 3
1351
(3, 1, 2)
2
(59, 7)
--> Day : 2
-> Request 0
508
(2, 2, 1)
3
(48, 41)
-> Request 1
655
(2, 2, 2)
1
(45, 70)
-> Request 2
923
(4, 3, 2)
1
(59, 65)
-> Request 3
1110
(4, 1, 1)
1
(57, 42)
-> Request 4
1248
(4, 2, 2)
1
(53, 75)
--> Day : 3
-> Request 0
79
(3, 2, 1)
3
(31, 11)
-> Request 1
949
(3, 3, 2)
3
(59, 40)
--> Day : 4
-> Request 0
1242
(1, 2, 1)
1
(44, 46)
---> Week : 108
--> Day : 0
-> Request 0
521
(4, 2, 1)
1
(45, 44)
-> Request 1
724
(3, 1, 1)
2
(14, 20)
-> Request 2
849
(2, 2, 1)
3
(8, 25)
-> Request 3
1364
(1, 2, 2)
3
(21, 47)
--> Day : 1
-> Request 0
150
(4, 2, 2)
2
(77, 60)
-> Request 1
473
(2, 2, 1)
1
(28, 76)
-> Request 2
490
(3, 1, 1)
3
(61, 79)
-> Request 3
549
(2, 3, 1)
1
(43, 34)
-> Request 4
817
(3, 3, 1)
2
(48, 28)
-> Request 5
1104
(1, 3, 2)
1
(53, 78)
--> Day : 2
-> Request 0
560
(2, 1, 1)
1
(37, 14)
--> Day : 3
-> Request 0
247
(1, 2, 1)
1
(6, 49)
-> Request 1
753
(3, 3, 2)
2
(12, 20)
-> Request 2
1013
(4, 1, 1)
3
(43, 29)
--> Day : 4
-> Request 0
654
(3, 3, 2)
1
(46, 28)
-> Request 1
668
(2, 3, 2)
3
(50, 32)
-> Request 2
822
(1, 3, 2)
3
(58, 70)
-> Request 3
921
(1, 2, 2)
2
(46, 31)
---> Week : 109
--> Day : 0
-> Request 0
1031
(1, 1, 2)
3
(56, 33)
-> Request 1
1044
(3, 2, 1)
2
(55, 35)
--> Day : 1
-> Request 0
23
(1, 1, 1)
2
(27, 66)
-> Request 1
241
(1, 1, 2)
3
(78, 78)
-> Request 2
296
(4, 1, 1)
3
(63, 69)
-> Request 3
593
(2, 2, 1)
2
(63, 18)
-> Request 4
851
(4, 1, 2)
3
(21, 78)
-> Request 5
1319
(1, 1, 1)
2
(45, 42)
--> Day : 2
-> Request 0
53
(1, 3, 2)
2
(79, 68)
-> Request 1
367
(3, 3, 2)
3
(22, 63)
-> Request 2
856
(4, 3, 2)
1
(61, 66)
--> Day : 3
-> Request 0
1061
(1, 3, 2)
2
(36, 52)
--> Day : 4
-> Request 0
105
(1, 3, 1)
3
(61, 74)
-> Request 1
153
(2, 1, 1)
3
(43, 50)
-> Request 2
606
(3, 3, 2)
1
(45, 31)
-> Request 3
638
(3, 3, 1)
1
(63, 51)
-> Request 4
841
(2, 2, 1)
3
(13, 4)
-> Request 5
1145
(1, 3, 2)
3
(16, 64)
---> Week : 110
--> Day : 0
-> Request 0
192
(3, 1, 1)
2
(44, 45)
-> Request 1
292
(2, 1, 1)
3
(44, 43)
-> Request 2
570
(1, 3, 1)
3
(57, 74)
-> Request 3
975
(1, 1, 2)
2
(17, 23)
-> Request 4
1320
(2, 2, 1)
1
(0, 66)
--> Day : 1
-> Request 0
89
(3, 3, 1)
3
(54, 29)
-> Request 1
465
(2, 1, 1)
1
(18, 1)
-> Request 2
485
(1, 2, 1)
1
(31, 35)
-> Request 3
566
(1, 1, 2)
3
(45, 28)
-> Request 4
803
(3, 2, 2)
1
(13, 56)
--> Day : 2
-> Request 0
17
(1, 3, 2)
1
(53, 74)
-> Request 1
525
(1, 3, 1)
1
(46, 35)
-> Request 2
751
(1, 3, 2)
3
(67, 1)
-> Request 3
886
(3, 3, 1)
2
(30, 43)
-> Request 4
1190
(3, 2, 1)
3
(53, 39)
--> Day : 3
-> Request 0
563
(3, 2, 1)
3
(59, 69)
-> Request 1
836
(2, 3, 2)
2
(55, 30)
-> Request 2
1109
(4, 2, 2)
2
(4, 37)
-> Request 3
1330
(3, 1, 1)
2
(11, 27)
--> Day : 4
-> Request 0
243
(2, 2, 1)
3
(58, 42)
-> Request 1
483
(2, 3, 2)
3
(60, 68)
-> Request 2
887
(4, 2, 1)
1
(61, 36)
-> Request 3
938
(1, 2, 1)
2
(37, 16)
-> Request 4
1193
(4, 3, 1)
1
(14, 20)
-> Request 5
1275
(3, 2, 1)
3
(46, 45)
-> Request 6
1408
(4, 3, 2)
2
(8, 28)
---> Week : 111
--> Day : 0
-> Request 0
152
(2, 3, 1)
3
(8, 28)
-> Request 1
315
(2, 3, 1)
3
(42, 67)
-> Request 2
316
(1, 2, 2)
1
(54, 78)
-> Request 3
600
(3, 3, 2)
1
(65, 76)
-> Request 4
701
(4, 1, 2)
2
(46, 27)
-> Request 5
830
(1, 3, 2)
2
(60, 68)
-> Request 6
1202
(4, 1, 2)
2
(55, 44)
--> Day : 1
-> Request 0
921
(4, 1, 2)
1
(46, 38)
-> Request 1
1112
(1, 3, 2)
3
(59, 66)
--> Day : 2
-> Request 0
565
(1, 3, 2)
1
(44, 42)
-> Request 1
698
(3, 2, 1)
2
(56, 30)
-> Request 2
1143
(4, 1, 2)
1
(57, 69)
--> Day : 3
-> Request 0
186
(2, 3, 1)
1
(60, 76)
-> Request 1
425
(1, 1, 2)
1
(9, 22)
-> Request 2
705
(4, 3, 2)
3
(14, 20)
-> Request 3
753
(4, 1, 1)
3
(66, 14)
-> Request 4
845
(2, 1, 2)
3
(62, 41)
--> Day : 4
-> Request 0
750
(1, 3, 2)
2
(20, 43)
-> Request 1
965
(4, 1, 2)
2
(46, 44)
---> Week : 112
--> Day : 0
-> Request 0
376
(4, 1, 2)
1
(68, 16)
-> Request 1
391
(3, 1, 2)
3
(37, 10)
-> Request 2
844
(4, 2, 2)
3
(42, 62)
-> Request 3
1251
(3, 3, 1)
3
(61, 66)
--> Day : 1
-> Request 0
522
(3, 3, 1)
3
(67, 16)
-> Request 1
678
(3, 3, 1)
2
(41, 2)
-> Request 2
718
(1, 3, 1)
1
(14, 0)
-> Request 3
820
(2, 1, 1)
2
(38, 5)
-> Request 4
1169
(3, 2, 2)
2
(55, 74)
--> Day : 2
-> Request 0
47
(3, 2, 2)
1
(76, 77)
-> Request 1
469
(1, 2, 1)
1
(44, 8)
-> Request 2
560
(3, 2, 1)
2
(18, 59)
-> Request 3
732
(3, 3, 2)
1
(57, 35)
-> Request 4
898
(3, 1, 1)
3
(24, 31)
-> Request 5
1364
(3, 2, 2)
3
(10, 26)
-> Request 6
1373
(3, 3, 1)
1
(74, 61)
--> Day : 3
-> Request 0
121
(2, 2, 1)
3
(60, 29)
-> Request 1
238
(4, 3, 1)
2
(14, 49)
-> Request 2
597
(4, 3, 1)
1
(55, 40)
--> Day : 4
-> Request 0
319
(1, 1, 1)
1
(73, 40)
-> Request 1
564
(2, 2, 2)
2
(56, 78)
-> Request 2
1074
(2, 3, 1)
3
(54, 34)
-> Request 3
1360
(3, 2, 1)
3
(61, 64)
---> Week : 113
--> Day : 0
-> Request 0
105
(3, 2, 2)
2
(26, 2)
-> Request 1
106
(2, 1, 1)
3
(15, 29)
-> Request 2
178
(2, 1, 1)
3
(9, 10)
-> Request 3
442
(3, 3, 1)
3
(39, 58)
-> Request 4
609
(2, 1, 1)
1
(52, 41)
-> Request 5
677
(1, 3, 1)
2
(54, 71)
-> Request 6
696
(2, 3, 1)
1
(49, 31)
-> Request 7
740
(1, 2, 1)
1
(60, 18)
-> Request 8
780
(4, 1, 1)
2
(16, 32)
-> Request 9
858
(3, 1, 2)
1
(61, 68)
-> Request 10
918
(4, 2, 1)
2
(75, 44)
-> Request 11
1194
(3, 1, 2)
3
(58, 30)
--> Day : 1
-> Request 0
18
(3, 2, 1)
2
(12, 64)
-> Request 1
442
(1, 3, 1)
1
(55, 36)
-> Request 2
475
(4, 1, 2)
2
(49, 45)
-> Request 3
765
(4, 3, 2)
3
(44, 38)
-> Request 4
1151
(4, 3, 1)
2
(44, 39)
-> Request 5
1232
(4, 2, 1)
3
(65, 64)
-> Request 6
1438
(2, 3, 1)
2
(31, 12)
--> Day : 2
-> Request 0
99
(2, 2, 2)
3
(63, 70)
-> Request 1
311
(4, 2, 2)
3
(56, 75)
--> Day : 3
-> Request 0
79
(3, 1, 1)
1
(13, 23)
-> Request 1
441
(1, 3, 1)
3
(51, 29)
-> Request 2
547
(3, 3, 1)
2
(36, 70)
-> Request 3
685
(4, 3, 2)
3
(34, 69)
-> Request 4
785
(2, 3, 1)
3
(61, 43)
-> Request 5
1143
(2, 1, 1)
1
(49, 39)
-> Request 6
1298
(1, 2, 2)
2
(43, 40)
-> Request 7
1403
(4, 3, 1)
1
(4, 52)
--> Day : 4
-> Request 0
206
(3, 1, 2)
2
(60, 27)
-> Request 1
460
(3, 2, 1)
3
(63, 38)
-> Request 2
868
(1, 1, 2)
3
(61, 43)
-> Request 3
1048
(3, 3, 1)
3
(44, 73)
---> Week : 114
--> Day : 0
-> Request 0
20
(3, 1, 2)
3
(11, 20)
-> Request 1
101
(4, 3, 1)
2
(1, 10)
-> Request 2
859
(1, 2, 2)
1
(58, 32)
-> Request 3
899
(3, 3, 1)
2
(11, 26)
-> Request 4
933
(3, 2, 1)
1
(71, 34)
-> Request 5
1120
(4, 3, 2)
3
(79, 45)
-> Request 6
1283
(2, 2, 2)
1
(47, 36)
--> Day : 1
-> Request 0
51
(2, 3, 1)
2
(76, 71)
-> Request 1
518
(4, 2, 2)
1
(18, 63)
-> Request 2
972
(2, 2, 2)
2
(45, 32)
-> Request 3
1117
(2, 2, 2)
3
(64, 78)
-> Request 4
1158
(2, 2, 1)
1
(22, 6)
-> Request 5
1345
(4, 3, 1)
3
(54, 70)
--> Day : 2
-> Request 0
515
(4, 3, 2)
3
(46, 27)
-> Request 1
544
(3, 3, 1)
1
(32, 45)
-> Request 2
1143
(1, 2, 1)
3
(65, 76)
-> Request 3
1173
(2, 3, 2)
1
(48, 48)
--> Day : 3
-> Request 0
160
(1, 2, 1)
3
(12, 28)
-> Request 1
334
(2, 3, 2)
2
(66, 15)
-> Request 2
952
(1, 2, 1)
3
(50, 34)
-> Request 3
1094
(3, 1, 1)
3
(55, 65)
--> Day : 4
-> Request 0
855
(1, 2, 1)
1
(58, 69)
-> Request 1
1290
(1, 1, 1)
2
(9, 22)
---> Week : 115
--> Day : 0
-> Request 0
51
(3, 3, 2)
2
(56, 70)
-> Request 1
75
(4, 1, 1)
3
(69, 32)
-> Request 2
368
(4, 1, 1)
3
(15, 52)
--> Day : 1
-> Request 0
37
(1, 1, 1)
2
(53, 34)
-> Request 1
727
(4, 2, 2)
1
(69, 35)
-> Request 2
762
(1, 1, 2)
1
(4, 72)
--> Day : 2
-> Request 0
51
(2, 3, 1)
2
(66, 72)
-> Request 1
257
(3, 1, 1)
2
(57, 34)
-> Request 2
289
(4, 3, 1)
3
(53, 44)
-> Request 3
524
(3, 3, 1)
1
(1, 18)
-> Request 4
684
(4, 1, 1)
3
(61, 64)
-> Request 5
1047
(2, 2, 1)
2
(49, 31)
-> Request 6
1220
(1, 1, 2)
1
(15, 21)
--> Day : 3
-> Request 0
361
(3, 1, 1)
2
(64, 18)
-> Request 1
1158
(3, 1, 1)
1
(57, 67)
-> Request 2
1198
(1, 1, 1)
2
(77, 39)
-> Request 3
1330
(3, 1, 1)
2
(65, 75)
--> Day : 4
-> Request 0
45
(2, 2, 1)
3
(45, 38)
-> Request 1
354
(1, 1, 2)
3
(61, 71)
-> Request 2
651
(3, 1, 1)
3
(76, 68)
-> Request 3
846
(3, 2, 1)
3
(61, 44)
-> Request 4
1226
(2, 2, 2)
1
(76, 48)
---> Week : 116
--> Day : 0
-> Request 0
100
(2, 2, 1)
2
(77, 46)
-> Request 1
525
(1, 2, 1)
1
(52, 40)
-> Request 2
1100
(2, 1, 2)
2
(61, 71)
--> Day : 1
-> Request 0
3
(1, 2, 2)
3
(51, 3)
-> Request 1
673
(3, 3, 2)
3
(22, 16)
-> Request 2
994
(1, 3, 2)
1
(64, 66)
-> Request 3
1290
(4, 1, 1)
1
(60, 74)
--> Day : 2
-> Request 0
21
(3, 1, 2)
1
(44, 32)
-> Request 1
401
(3, 2, 2)
3
(48, 41)
-> Request 2
449
(2, 2, 2)
3
(61, 44)
-> Request 3
473
(4, 1, 1)
2
(12, 16)
-> Request 4
616
(4, 3, 2)
1
(17, 20)
-> Request 5
766
(4, 2, 1)
2
(57, 46)
--> Day : 3
-> Request 0
907
(3, 2, 2)
1
(62, 37)
-> Request 1
931
(3, 2, 1)
2
(65, 77)
-> Request 2
1069
(2, 1, 2)
2
(6, 10)
-> Request 3
1330
(4, 3, 1)
3
(46, 38)
-> Request 4
1345
(1, 2, 1)
3
(17, 42)
-> Request 5
1366
(4, 2, 1)
3
(55, 27)
--> Day : 4
-> Request 0
355
(3, 3, 2)
2
(10, 66)
-> Request 1
503
(4, 3, 2)
2
(45, 46)
-> Request 2
855
(3, 3, 1)
2
(42, 20)
-> Request 3
1046
(2, 1, 2)
1
(77, 6)
-> Request 4
1321
(3, 1, 2)
3
(16, 26)
---> Week : 117
--> Day : 0
-> Request 0
123
(1, 3, 2)
3
(27, 21)
-> Request 1
274
(2, 3, 1)
1
(34, 38)
-> Request 2
570
(2, 3, 2)
3
(56, 39)
-> Request 3
698
(2, 3, 1)
1
(50, 28)
-> Request 4
1015
(3, 2, 1)
2
(33, 76)
--> Day : 1
-> Request 0
848
(2, 1, 1)
2
(15, 55)
-> Request 1
1438
(2, 1, 1)
2
(51, 19)
--> Day : 2
-> Request 0
12
(3, 3, 1)
3
(25, 55)
-> Request 1
98
(3, 2, 1)
3
(27, 2)
-> Request 2
400
(1, 3, 2)
2
(44, 32)
-> Request 3
558
(1, 2, 2)
3
(54, 71)
-> Request 4
722
(4, 3, 2)
1
(51, 28)
-> Request 5
1365
(1, 1, 1)
2
(66, 70)
--> Day : 3
-> Request 0
153
(1, 2, 1)
2
(51, 66)
-> Request 1
179
(2, 1, 1)
3
(59, 31)
-> Request 2
658
(3, 1, 2)
1
(62, 69)
-> Request 3
742
(3, 1, 2)
3
(61, 29)
--> Day : 4
-> Request 0
401
(2, 3, 1)
3
(45, 33)
-> Request 1
1116
(2, 1, 2)
1
(24, 28)
-> Request 2
1212
(3, 1, 1)
2
(46, 37)
-> Request 3
1296
(2, 2, 2)
2
(14, 20)
---> Week : 118
--> Day : 0
-> Request 0
50
(1, 3, 1)
3
(51, 9)
-> Request 1
207
(2, 1, 2)
3
(66, 72)
-> Request 2
414
(2, 2, 2)
2
(53, 34)
-> Request 3
736
(1, 3, 1)
3
(9, 20)
-> Request 4
864
(1, 2, 1)
2
(36, 54)
--> Day : 1
-> Request 0
292
(1, 2, 2)
2
(17, 43)
-> Request 1
323
(2, 2, 2)
3
(59, 74)
-> Request 2
470
(1, 2, 1)
1
(9, 28)
-> Request 3
1361
(2, 1, 2)
1
(50, 6)
--> Day : 2
-> Request 0
85
(1, 1, 2)
1
(7, 15)
-> Request 1
193
(1, 1, 2)
2
(47, 43)
-> Request 2
416
(1, 1, 2)
3
(52, 39)
-> Request 3
427
(1, 1, 2)
2
(46, 43)
-> Request 4
589
(3, 1, 1)
2
(15, 26)
-> Request 5
970
(2, 1, 2)
2
(57, 37)
-> Request 6
970
(2, 2, 1)
1
(36, 41)
-> Request 7
1069
(4, 3, 1)
2
(67, 52)
--> Day : 3
-> Request 0
665
(3, 3, 2)
1
(53, 32)
-> Request 1
689
(3, 3, 2)
3
(52, 64)
-> Request 2
1345
(4, 1, 1)
1
(69, 29)
-> Request 3
1402
(3, 2, 2)
1
(7, 73)
--> Day : 4
-> Request 0
358
(1, 3, 2)
2
(47, 39)
-> Request 1
617
(4, 2, 1)
3
(60, 76)
-> Request 2
717
(1, 1, 1)
2
(49, 59)
-> Request 3
1258
(2, 1, 1)
3
(11, 26)
---> Week : 119
--> Day : 0
-> Request 0
644
(2, 3, 2)
3
(25, 44)
-> Request 1
1220
(3, 3, 1)
1
(65, 69)
-> Request 2
1277
(2, 3, 2)
3
(59, 34)
--> Day : 1
-> Request 0
380
(3, 1, 2)
3
(18, 1)
-> Request 1
611
(4, 1, 1)
1
(74, 22)
-> Request 2
861
(3, 3, 2)
2
(66, 34)
--> Day : 2
-> Request 0
791
(3, 1, 2)
2
(41, 34)
-> Request 1
903
(4, 2, 2)
2
(17, 26)
-> Request 2
1140
(3, 2, 1)
3
(73, 9)
-> Request 3
1202
(4, 3, 1)
1
(20, 53)
--> Day : 3
-> Request 0
38
(1, 3, 2)
1
(15, 37)
-> Request 1
272
(4, 1, 1)
1
(9, 59)
-> Request 2
582
(3, 2, 1)
1
(52, 42)
-> Request 3
677
(4, 3, 2)
1
(6, 43)
--> Day : 4
-> Request 0
112
(4, 2, 2)
1
(71, 51)
-> Request 1
461
(4, 1, 2)
3
(60, 65)
-> Request 2
768
(1, 1, 2)
3
(16, 25)
-> Request 3
930
(4, 3, 2)
3
(60, 27)
-> Request 4
1331
(3, 1, 1)
2
(36, 66)
---> Week : 120
--> Day : 0
-> Request 0
131
(1, 1, 2)
3
(55, 38)
-> Request 1
251
(3, 3, 2)
3
(14, 25)
-> Request 2
277
(3, 3, 2)
3
(1, 16)
-> Request 3
473
(1, 1, 1)
3
(52, 36)
-> Request 4
952
(3, 3, 2)
2
(66, 56)
-> Request 5
1358
(3, 3, 1)
2
(77, 29)
--> Day : 1
-> Request 0
487
(2, 1, 1)
3
(61, 70)
-> Request 1
769
(2, 3, 2)
1
(48, 43)
--> Day : 2
-> Request 0
278
(2, 2, 2)
2
(46, 31)
-> Request 1
366
(3, 3, 2)
2
(2, 32)
-> Request 2
633
(2, 3, 2)
1
(64, 48)
-> Request 3
1147
(4, 3, 2)
1
(63, 75)
--> Day : 3
-> Request 0
362
(1, 3, 2)
3
(57, 29)
-> Request 1
694
(2, 2, 2)
3
(70, 38)
-> Request 2
837
(3, 1, 2)
2
(54, 32)
-> Request 3
1424
(2, 3, 1)
2
(0, 59)
--> Day : 4
-> Request 0
512
(1, 3, 1)
1
(36, 3)
-> Request 1
649
(1, 1, 1)
2
(10, 27)
-> Request 2
934
(4, 3, 1)
3
(47, 31)
-> Request 3
1264
(3, 3, 2)
2
(50, 35)
---> Week : 121
--> Day : 0
-> Request 0
0
(3, 2, 2)
1
(5, 67)
-> Request 1
522
(4, 2, 1)
2
(66, 65)
-> Request 2
752
(4, 3, 2)
3
(9, 27)
--> Day : 1
-> Request 0
269
(1, 1, 2)
2
(43, 30)
-> Request 1
284
(3, 2, 2)
2
(65, 55)
-> Request 2
1033
(1, 3, 2)
3
(52, 27)
-> Request 3
1210
(3, 2, 2)
3
(10, 12)
--> Day : 2
-> Request 0
545
(3, 3, 1)
1
(52, 68)
--> Day : 3
-> Request 0
868
(2, 2, 2)
3
(1, 36)
-> Request 1
919
(1, 2, 1)
1
(47, 44)
-> Request 2
1059
(3, 2, 2)
3
(54, 68)
-> Request 3
1090
(3, 1, 1)
3
(48, 10)
--> Day : 4
-> Request 0
308
(3, 2, 1)
3
(4, 23)
-> Request 1
566
(3, 3, 2)
1
(20, 58)
---> Week : 122
--> Day : 0
-> Request 0
47
(2, 3, 2)
3
(66, 73)
-> Request 1
730
(1, 1, 2)
2
(52, 66)
-> Request 2
811
(3, 2, 1)
3
(45, 42)
-> Request 3
1030
(2, 3, 2)
3
(32, 57)
--> Day : 1
-> Request 0
480
(3, 1, 1)
3
(60, 77)
-> Request 1
627
(1, 1, 1)
1
(55, 31)
-> Request 2
962
(1, 2, 2)
3
(41, 19)
-> Request 3
1127
(1, 2, 1)
1
(50, 6)
-> Request 4
1416
(3, 2, 1)
3
(37, 42)
--> Day : 2
-> Request 0
474
(1, 2, 2)
1
(55, 40)
-> Request 1
679
(2, 1, 1)
2
(31, 66)
-> Request 2
915
(1, 2, 2)
1
(75, 12)
-> Request 3
1385
(3, 2, 1)
3
(70, 42)
--> Day : 3
-> Request 0
30
(3, 1, 2)
1
(55, 69)
-> Request 1
39
(3, 1, 1)
2
(35, 75)
-> Request 2
226
(1, 3, 2)
1
(53, 22)
--> Day : 4
-> Request 0
548
(1, 3, 1)
1
(13, 21)
-> Request 1
864
(2, 2, 1)
2
(54, 65)
-> Request 2
909
(3, 2, 2)
3
(52, 74)
---> Week : 123
--> Day : 0
-> Request 0
9
(1, 1, 2)
3
(64, 71)
-> Request 1
24
(4, 3, 1)
2
(57, 39)
-> Request 2
137
(3, 3, 2)
1
(17, 45)
-> Request 3
333
(4, 2, 1)
2
(27, 12)
-> Request 4
481
(2, 1, 1)
1
(65, 4)
--> Day : 1
-> Request 0
17
(1, 3, 2)
1
(10, 74)
-> Request 1
121
(2, 2, 2)
1
(16, 24)
-> Request 2
650
(3, 2, 2)
2
(15, 31)
-> Request 3
867
(4, 3, 1)
1
(19, 23)
-> Request 4
1013
(1, 3, 1)
2
(15, 20)
-> Request 5
1266
(4, 1, 1)
1
(61, 30)
--> Day : 2
-> Request 0
37
(3, 2, 2)
1
(26, 22)
-> Request 1
925
(4, 2, 1)
2
(11, 20)
-> Request 2
1018
(4, 2, 2)
2
(0, 2)
--> Day : 3
-> Request 0
206
(2, 2, 2)
2
(50, 28)
-> Request 1
522
(1, 2, 2)
1
(52, 45)
-> Request 2
735
(3, 3, 1)
3
(17, 25)
-> Request 3
765
(2, 2, 2)
3
(66, 69)
-> Request 4
1068
(3, 1, 1)
1
(61, 77)
-> Request 5
1104
(4, 3, 2)
3
(32, 16)
-> Request 6
1267
(2, 1, 2)
2
(72, 19)
--> Day : 4
-> Request 0
244
(4, 3, 2)
1
(8, 26)
-> Request 1
979
(2, 2, 1)
1
(74, 79)
-> Request 2
1046
(4, 3, 2)
1
(52, 30)
-> Request 3
1432
(1, 2, 2)
1
(73, 40)
---> Week : 124
--> Day : 0
-> Request 0
601
(4, 2, 2)
2
(59, 65)
-> Request 1
713
(4, 2, 1)
3
(18, 3)
-> Request 2
968
(4, 2, 1)
1
(54, 46)
-> Request 3
1092
(2, 1, 2)
1
(52, 68)
-> Request 4
1392
(3, 2, 1)
2
(53, 37)
--> Day : 1
-> Request 0
820
(1, 1, 2)
3
(3, 9)
--> Day : 2
-> Request 0
116
(1, 2, 1)
1
(7, 1)
-> Request 1
249
(1, 1, 2)
3
(26, 9)
-> Request 2
449
(3, 2, 1)
3
(45, 33)
-> Request 3
855
(4, 3, 2)
3
(1, 12)
-> Request 4
1067
(4, 3, 2)
1
(60, 44)
-> Request 5
1391
(4, 2, 2)
3
(23, 17)
--> Day : 3
-> Request 0
191
(2, 3, 1)
2
(37, 47)
-> Request 1
440
(4, 2, 1)
2
(26, 16)
-> Request 2
532
(3, 2, 2)
1
(43, 28)
-> Request 3
1221
(4, 2, 2)
2
(20, 76)
-> Request 4
1428
(2, 1, 2)
3
(48, 28)
--> Day : 4
-> Request 0
484
(1, 2, 2)
3
(55, 38)
-> Request 1
544
(3, 1, 1)
1
(56, 33)
-> Request 2
744
(3, 2, 1)
2
(5, 43)
---> Week : 125
--> Day : 0
-> Request 0
1117
(3, 1, 2)
3
(50, 36)
--> Day : 1
-> Request 0
39
(2, 2, 1)
1
(49, 23)
-> Request 1
660
(1, 1, 1)
1
(67, 43)
-> Request 2
767
(1, 2, 2)
2
(56, 9)
-> Request 3
1055
(2, 3, 1)
3
(54, 41)
-> Request 4
1334
(2, 3, 1)
3
(32, 76)
-> Request 5
1349
(4, 1, 2)
1
(24, 63)
-> Request 6
1437
(3, 3, 1)
3
(53, 30)
--> Day : 2
-> Request 0
1362
(2, 1, 2)
1
(65, 69)
-> Request 1
1405
(3, 2, 2)
3
(50, 2)
--> Day : 3
-> Request 0
967
(3, 3, 1)
2
(53, 36)
--> Day : 4
-> Request 0
178
(1, 3, 2)
3
(21, 73)
-> Request 1
346
(3, 2, 1)
1
(56, 29)
-> Request 2
572
(4, 1, 1)
2
(46, 32)
-> Request 3
703
(4, 2, 2)
1
(11, 28)
-> Request 4
1324
(4, 1, 1)
1
(9, 66)
-> Request 5
1333
(2, 2, 2)
2
(48, 62)
---> Week : 126
--> Day : 0
-> Request 0
688
(4, 2, 1)
3
(13, 27)
-> Request 1
838
(4, 2, 1)
3
(59, 64)
-> Request 2
1014
(3, 2, 1)
3
(46, 38)
-> Request 3
1087
(4, 1, 1)
1
(52, 52)
--> Day : 1
-> Request 0
130
(3, 1, 2)
3
(48, 44)
-> Request 1
1154
(1, 1, 2)
1
(56, 27)
-> Request 2
1273
(2, 3, 2)
2
(8, 40)
--> Day : 2
-> Request 0
332
(4, 3, 1)
2
(51, 74)
-> Request 1
906
(4, 2, 1)
2
(52, 43)
--> Day : 3
-> Request 0
89
(3, 1, 2)
2
(57, 43)
-> Request 1
190
(3, 3, 2)
3
(72, 39)
-> Request 2
497
(2, 2, 2)
2
(11, 57)
-> Request 3
1394
(4, 1, 1)
3
(44, 28)
--> Day : 4
-> Request 0
422
(4, 1, 1)
1
(44, 28)
-> Request 1
1317
(3, 3, 1)
1
(41, 12)
---> Week : 127
--> Day : 0
-> Request 0
439
(1, 1, 2)
1
(78, 54)
--> Day : 1
-> Request 0
191
(4, 2, 1)
3
(21, 42)
-> Request 1
325
(1, 2, 2)
3
(59, 28)
-> Request 2
744
(1, 3, 2)
3
(12, 24)
--> Day : 2
-> Request 0
91
(3, 2, 2)
2
(66, 73)
-> Request 1
472
(4, 2, 1)
1
(21, 29)
-> Request 2
1073
(1, 3, 1)
2
(51, 38)
-> Request 3
1117
(2, 2, 2)
3
(50, 32)
-> Request 4
1273
(4, 2, 1)
1
(34, 62)
-> Request 5
1363
(3, 2, 1)
3
(62, 77)
--> Day : 3
-> Request 0
118
(2, 1, 2)
1
(71, 62)
-> Request 1
414
(1, 1, 1)
1
(49, 34)
-> Request 2
591
(4, 3, 2)
2
(65, 66)
-> Request 3
938
(3, 3, 1)
2
(26, 31)
-> Request 4
971
(4, 3, 1)
3
(48, 11)
--> Day : 4
-> Request 0
76
(3, 2, 2)
2
(61, 44)
-> Request 1
78
(2, 1, 2)
2
(55, 18)
-> Request 2
268
(4, 3, 2)
3
(56, 38)
-> Request 3
358
(1, 2, 2)
3
(79, 13)
-> Request 4
463
(1, 1, 1)
2
(55, 45)
-> Request 5
514
(1, 2, 2)
2
(60, 73)
---> Week : 128
--> Day : 0
-> Request 0
870
(2, 1, 1)
3
(77, 75)
-> Request 1
953
(3, 3, 2)
3
(8, 29)
--> Day : 1
-> Request 0
144
(3, 1, 2)
3
(59, 29)
-> Request 1
187
(1, 1, 1)
1
(64, 65)
-> Request 2
373
(2, 1, 1)
1
(50, 70)
-> Request 3
797
(1, 3, 2)
1
(47, 28)
-> Request 4
864
(1, 1, 1)
1
(8, 78)
-> Request 5
1155
(2, 3, 1)
2
(44, 50)
-> Request 6
1363
(3, 2, 1)
3
(54, 78)
-> Request 7
1368
(2, 3, 1)
3
(18, 33)
--> Day : 2
-> Request 0
100
(2, 3, 2)
2
(10, 3)
-> Request 1
456
(1, 3, 2)
2
(18, 65)
-> Request 2
580
(1, 2, 1)
3
(64, 37)
-> Request 3
1121
(1, 1, 2)
2
(59, 10)
--> Day : 3
-> Request 0
847
(4, 3, 1)
1
(58, 64)
--> Day : 4
-> Request 0
29
(3, 1, 2)
1
(60, 38)
---> Week : 129
--> Day : 0
-> Request 0
35
(2, 1, 1)
2
(50, 15)
-> Request 1
380
(3, 3, 1)
1
(54, 36)
-> Request 2
592
(3, 2, 1)
1
(46, 13)
-> Request 3
657
(3, 2, 1)
3
(19, 54)
-> Request 4
925
(2, 2, 1)
1
(8, 22)
-> Request 5
996
(4, 2, 1)
3
(50, 55)
-> Request 6
1182
(4, 3, 2)
3
(68, 34)
-> Request 7
1378
(3, 2, 2)
1
(58, 59)
--> Day : 1
--> Day : 2
-> Request 0
52
(3, 3, 2)
2
(39, 26)
-> Request 1
234
(4, 3, 1)
1
(60, 58)
-> Request 2
391
(4, 3, 1)
1
(59, 42)
-> Request 3
964
(2, 3, 2)
1
(50, 7)
-> Request 4
983
(3, 3, 1)
1
(26, 33)
-> Request 5
1023
(2, 1, 1)
2
(59, 77)
-> Request 6
1159
(3, 1, 2)
3
(11, 14)
-> Request 7
1203
(1, 2, 1)
3
(20, 57)
--> Day : 3
-> Request 0
255
(4, 2, 2)
3
(59, 9)
-> Request 1
343
(1, 3, 1)
3
(62, 45)
-> Request 2
507
(4, 2, 1)
2
(53, 37)
-> Request 3
1175
(1, 3, 1)
3
(56, 27)
-> Request 4
1210
(4, 1, 1)
3
(12, 3)
-> Request 5
1232
(3, 2, 2)
1
(9, 31)
--> Day : 4
-> Request 0
132
(1, 1, 2)
3
(33, 3)
-> Request 1
618
(2, 1, 1)
2
(60, 71)
-> Request 2
1306
(4, 3, 1)
3
(52, 29)
---> Week : 130
--> Day : 0
-> Request 0
442
(2, 1, 1)
1
(43, 38)
-> Request 1
787
(3, 2, 1)
3
(66, 76)
-> Request 2
826
(3, 1, 1)
2
(43, 45)
-> Request 3
1047
(4, 2, 1)
2
(56, 66)
-> Request 4
1162
(1, 2, 2)
3
(22, 77)
-> Request 5
1256
(1, 1, 2)
3
(60, 65)
--> Day : 1
-> Request 0
329
(4, 2, 2)
1
(70, 71)
-> Request 1
440
(2, 2, 1)
2
(59, 31)
-> Request 2
905
(4, 2, 1)
1
(65, 2)
-> Request 3
1312
(4, 2, 2)
3
(22, 68)
-> Request 4
1314
(3, 3, 2)
2
(1, 79)
-> Request 5
1316
(3, 1, 2)
1
(54, 28)
-> Request 6
1349
(3, 1, 1)
2
(9, 15)
--> Day : 2
-> Request 0
1180
(1, 1, 2)
2
(1, 65)
-> Request 1
1370
(2, 1, 1)
2
(59, 64)
-> Request 2
1384
(2, 1, 2)
2
(44, 34)
--> Day : 3
-> Request 0
906
(4, 2, 1)
1
(70, 23)
-> Request 1
915
(3, 2, 2)
2
(58, 77)
-> Request 2
958
(1, 3, 1)
2
(27, 5)
-> Request 3
1153
(4, 1, 2)
1
(55, 25)
--> Day : 4
-> Request 0
262
(3, 2, 2)
2
(46, 29)
-> Request 1
270
(2, 2, 1)
3
(20, 43)
-> Request 2
1083
(4, 1, 2)
3
(56, 42)
---> Week : 131
--> Day : 0
-> Request 0
64
(4, 2, 2)
3
(40, 73)
-> Request 1
78
(1, 1, 2)
3
(15, 3)
-> Request 2
126
(4, 2, 1)
3
(26, 11)
-> Request 3
941
(3, 2, 1)
2
(51, 46)
-> Request 4
1020
(1, 3, 1)
1
(10, 29)
-> Request 5
1245
(2, 1, 1)
1
(0, 19)
-> Request 6
1317
(3, 1, 1)
3
(58, 78)
--> Day : 1
-> Request 0
108
(1, 3, 1)
3
(50, 24)
-> Request 1
258
(1, 3, 1)
3
(51, 31)
-> Request 2
300
(2, 3, 2)
1
(57, 46)
-> Request 3
350
(4, 1, 2)
3
(57, 71)
-> Request 4
592
(3, 3, 2)
2
(61, 76)
--> Day : 2
-> Request 0
625
(2, 3, 2)
1
(39, 14)
-> Request 1
1361
(3, 2, 2)
2
(53, 75)
--> Day : 3
-> Request 0
594
(2, 3, 1)
3
(60, 39)
-> Request 1
1097
(3, 2, 2)
1
(15, 25)
-> Request 2
1151
(1, 1, 2)
3
(13, 63)
-> Request 3
1424
(2, 2, 1)
3
(50, 15)
--> Day : 4
-> Request 0
605
(2, 1, 1)
3
(61, 40)
-> Request 1
632
(4, 3, 2)
3
(27, 57)
---> Week : 132
--> Day : 0
-> Request 0
59
(3, 1, 1)
2
(4, 24)
-> Request 1
91
(1, 2, 2)
2
(27, 18)
-> Request 2
199
(2, 2, 1)
1
(17, 24)
-> Request 3
1198
(1, 3, 1)
1
(18, 38)
-> Request 4
1386
(3, 3, 2)
3
(4, 74)
-> Request 5
1390
(3, 1, 1)
2
(51, 41)
--> Day : 1
-> Request 0
238
(2, 3, 1)
2
(61, 66)
-> Request 1
286
(3, 1, 1)
1
(21, 70)
-> Request 2
1153
(4, 2, 1)
3
(60, 65)
-> Request 3
1156
(4, 2, 1)
2
(51, 26)
-> Request 4
1394
(4, 1, 2)
1
(63, 68)
--> Day : 2
-> Request 0
139
(2, 3, 2)
3
(63, 67)
-> Request 1
200
(2, 3, 1)
2
(64, 78)
-> Request 2
361
(4, 2, 1)
2
(9, 20)
-> Request 3
389
(3, 1, 1)
2
(53, 36)
-> Request 4
495
(2, 1, 1)
3
(61, 27)
-> Request 5
1292
(4, 2, 2)
3
(63, 45)
--> Day : 3
-> Request 0
695
(3, 2, 2)
2
(60, 36)
--> Day : 4
-> Request 0
51
(1, 1, 2)
3
(8, 28)
-> Request 1
462
(2, 2, 2)
2
(57, 68)
-> Request 2
628
(1, 1, 1)
1
(64, 71)
-> Request 3
657
(2, 3, 1)
3
(60, 65)
-> Request 4
829
(2, 2, 2)
2
(66, 67)
-> Request 5
993
(4, 2, 2)
2
(54, 43)
---> Week : 133
--> Day : 0
-> Request 0
58
(4, 1, 1)
3
(71, 55)
-> Request 1
132
(3, 3, 2)
1
(53, 72)
-> Request 2
1290
(2, 1, 2)
2
(46, 30)
--> Day : 1
-> Request 0
97
(1, 2, 2)
3
(76, 61)
-> Request 1
293
(2, 1, 1)
1
(49, 45)
-> Request 2
535
(4, 2, 1)
3
(54, 38)
-> Request 3
786
(1, 2, 2)
3
(52, 72)
--> Day : 2
-> Request 0
161
(4, 2, 1)
1
(60, 66)
-> Request 1
250
(4, 3, 2)
3
(57, 43)
-> Request 2
1421
(1, 1, 1)
3
(55, 31)
--> Day : 3
-> Request 0
123
(3, 3, 2)
1
(48, 39)
-> Request 1
153
(3, 2, 2)
1
(57, 64)
-> Request 2
1301
(2, 2, 1)
3
(13, 25)
--> Day : 4
-> Request 0
29
(1, 3, 2)
2
(53, 43)
-> Request 1
133
(1, 1, 1)
2
(15, 22)
-> Request 2
391
(2, 1, 1)
3
(50, 28)
-> Request 3
433
(1, 3, 1)
1
(65, 66)
-> Request 4
768
(3, 1, 1)
3
(9, 25)
-> Request 5
1151
(1, 1, 2)
1
(6, 64)
---> Week : 134
--> Day : 0
-> Request 0
128
(3, 3, 2)
1
(57, 33)
-> Request 1
374
(4, 1, 1)
2
(49, 45)
-> Request 2
588
(2, 3, 1)
3
(56, 78)
-> Request 3
1100
(2, 1, 1)
2
(10, 25)
-> Request 4
1201
(2, 1, 1)
3
(8, 27)
-> Request 5
1418
(2, 3, 1)
2
(69, 78)
--> Day : 1
-> Request 0
461
(3, 1, 2)
3
(8, 46)
-> Request 1
547
(4, 2, 2)
1
(43, 37)
-> Request 2
928
(2, 2, 1)
1
(60, 32)
-> Request 3
983
(1, 2, 1)
3
(62, 43)
--> Day : 2
-> Request 0
138
(4, 1, 1)
3
(60, 37)
-> Request 1
270
(2, 2, 2)
2
(52, 50)
-> Request 2
835
(1, 3, 2)
3
(64, 67)
-> Request 3
961
(1, 2, 1)
2
(45, 34)
-> Request 4
1022
(3, 2, 2)
3
(26, 20)
-> Request 5
1107
(1, 3, 1)
1
(45, 77)
--> Day : 3
-> Request 0
305
(2, 2, 2)
2
(57, 76)
-> Request 1
553
(3, 3, 1)
1
(36, 23)
-> Request 2
1029
(4, 3, 2)
3
(14, 73)
--> Day : 4
-> Request 0
118
(1, 3, 2)
3
(40, 16)
-> Request 1
602
(3, 2, 1)
3
(9, 7)
---> Week : 135
--> Day : 0
-> Request 0
1317
(4, 2, 1)
3
(47, 52)
--> Day : 1
-> Request 0
1035
(3, 2, 1)
3
(63, 68)
-> Request 1
1232
(2, 1, 1)
2
(54, 65)
--> Day : 2
-> Request 0
779
(4, 3, 2)
2
(60, 78)
-> Request 1
940
(2, 3, 2)
1
(29, 40)
--> Day : 3
-> Request 0
1128
(2, 3, 2)
2
(52, 38)
-> Request 1
1371
(1, 3, 1)
3
(4, 57)
--> Day : 4
-> Request 0
52
(3, 2, 1)
3
(69, 37)
-> Request 1
215
(3, 1, 2)
3
(67, 8)
-> Request 2
293
(3, 3, 1)
1
(21, 4)
-> Request 3
471
(3, 2, 2)
2
(52, 64)
-> Request 4
612
(1, 1, 2)
2
(77, 47)
-> Request 5
822
(2, 2, 1)
1
(13, 21)
-> Request 6
1067
(1, 2, 2)
1
(36, 56)
---> Week : 136
--> Day : 0
-> Request 0
94
(3, 2, 1)
2
(2, 20)
-> Request 1
326
(4, 3, 2)
1
(49, 30)
-> Request 2
434
(2, 3, 2)
1
(9, 19)
-> Request 3
672
(3, 2, 1)
2
(68, 34)
-> Request 4
726
(1, 3, 2)
3
(24, 3)
-> Request 5
845
(4, 2, 1)
3
(41, 21)
--> Day : 1
-> Request 0
745
(3, 2, 2)
3
(48, 45)
-> Request 1
919
(1, 1, 1)
3
(12, 61)
-> Request 2
1393
(3, 2, 1)
1
(45, 6)
--> Day : 2
-> Request 0
41
(3, 3, 2)
2
(9, 23)
-> Request 1
1203
(1, 3, 1)
1
(45, 29)
--> Day : 3
-> Request 0
56
(4, 1, 1)
1
(45, 4)
-> Request 1
428
(3, 1, 1)
1
(43, 46)
-> Request 2
531
(3, 3, 1)
1
(15, 9)
-> Request 3
773
(1, 2, 2)
3
(18, 44)
-> Request 4
937
(4, 1, 1)
1
(10, 61)
-> Request 5
1143
(3, 2, 2)
1
(51, 35)
-> Request 6
1159
(1, 1, 1)
1
(44, 33)
-> Request 7
1377
(1, 3, 1)
3
(9, 23)
--> Day : 4
-> Request 0
570
(1, 3, 2)
1
(26, 78)
-> Request 1
700
(2, 3, 2)
3
(51, 77)
-> Request 2
745
(3, 3, 1)
1
(0, 31)
-> Request 3
963
(3, 1, 1)
1
(54, 69)
---> Week : 137
--> Day : 0
-> Request 0
489
(2, 1, 1)
2
(48, 73)
-> Request 1
671
(1, 3, 1)
2
(50, 41)
-> Request 2
727
(1, 1, 1)
1
(57, 67)
-> Request 3
839
(2, 2, 1)
1
(57, 70)
-> Request 4
866
(3, 2, 2)
2
(5, 79)
-> Request 5
873
(2, 1, 2)
2
(26, 58)
-> Request 6
879
(3, 2, 1)
2
(55, 33)
-> Request 7
1061
(3, 2, 2)
1
(61, 4)
-> Request 8
1191
(1, 3, 1)
3
(47, 39)
--> Day : 1
-> Request 0
520
(2, 3, 1)
1
(15, 29)
-> Request 1
1350
(3, 1, 2)
1
(68, 66)
--> Day : 2
-> Request 0
1
(2, 2, 1)
3
(63, 77)
-> Request 1
550
(3, 1, 2)
1
(50, 77)
-> Request 2
744
(4, 2, 1)
2
(42, 47)
-> Request 3
1069
(4, 3, 2)
3
(15, 19)
-> Request 4
1312
(1, 3, 1)
2
(65, 72)
-> Request 5
1431
(1, 2, 1)
2
(22, 50)
--> Day : 3
-> Request 0
11
(2, 2, 1)
2
(61, 72)
-> Request 1
112
(2, 2, 1)
1
(57, 30)
-> Request 2
805
(4, 3, 1)
3
(61, 27)
-> Request 3
996
(2, 1, 2)
3
(55, 39)
-> Request 4
1294
(1, 3, 2)
2
(56, 42)
--> Day : 4
-> Request 0
228
(4, 3, 2)
1
(13, 58)
-> Request 1
345
(1, 3, 1)
1
(18, 35)
-> Request 2
905
(3, 1, 2)
2
(46, 32)
-> Request 3
947
(4, 1, 2)
1
(61, 67)
-> Request 4
1179
(1, 2, 2)
1
(51, 42)
---> Week : 138
--> Day : 0
-> Request 0
168
(3, 1, 2)
3
(29, 45)
-> Request 1
1009
(3, 1, 2)
2
(19, 44)
--> Day : 1
-> Request 0
125
(4, 2, 2)
3
(60, 30)
-> Request 1
341
(4, 2, 1)
3
(72, 62)
-> Request 2
887
(4, 1, 2)
3
(10, 73)
-> Request 3
1129
(3, 1, 2)
3
(2, 12)
-> Request 4
1233
(3, 3, 2)
2
(45, 45)
-> Request 5
1384
(4, 2, 2)
3
(5, 56)
--> Day : 2
-> Request 0
469
(2, 2, 2)
3
(55, 43)
-> Request 1
765
(3, 2, 1)
3
(11, 33)
-> Request 2
1025
(3, 1, 1)
2
(65, 15)
--> Day : 3
-> Request 0
9
(3, 3, 1)
3
(54, 64)
-> Request 1
69
(4, 3, 1)
3
(16, 72)
-> Request 2
125
(2, 1, 2)
2
(8, 27)
-> Request 3
157
(1, 3, 2)
2
(77, 73)
-> Request 4
182
(4, 3, 2)
1
(1, 73)
-> Request 5
401
(3, 1, 2)
1
(10, 23)
-> Request 6
1121
(1, 1, 2)
1
(10, 23)
-> Request 7
1230
(4, 1, 1)
1
(31, 47)
-> Request 8
1425
(1, 1, 1)
1
(17, 23)
--> Day : 4
-> Request 0
186
(2, 3, 1)
1
(0, 22)
-> Request 1
759
(3, 1, 2)
2
(1, 19)
-> Request 2
1192
(3, 2, 1)
2
(41, 17)
-> Request 3
1247
(4, 2, 2)
1
(73, 5)
---> Week : 139
--> Day : 0
-> Request 0
306
(1, 3, 2)
3
(78, 8)
-> Request 1
983
(3, 2, 1)
2
(39, 17)
--> Day : 1
-> Request 0
414
(3, 2, 2)
1
(30, 5)
-> Request 1
965
(2, 3, 2)
2
(15, 67)
-> Request 2
1092
(2, 2, 2)
1
(43, 36)
-> Request 3
1173
(3, 2, 1)
1
(59, 27)
--> Day : 2
-> Request 0
28
(1, 3, 1)
3
(55, 76)
-> Request 1
99
(1, 1, 1)
2
(59, 31)
-> Request 2
201
(3, 3, 1)
2
(29, 43)
-> Request 3
517
(3, 1, 2)
3
(8, 53)
-> Request 4
858
(4, 3, 1)
3
(47, 37)
-> Request 5
1305
(4, 1, 2)
1
(37, 33)
-> Request 6
1347
(2, 1, 2)
2
(49, 29)
--> Day : 3
-> Request 0
12
(3, 2, 1)
2
(62, 41)
-> Request 1
95
(2, 2, 1)
1
(68, 24)
-> Request 2
861
(4, 1, 2)
2
(58, 42)
-> Request 3
920
(2, 3, 1)
1
(72, 40)
--> Day : 4
-> Request 0
145
(3, 2, 1)
3
(58, 65)
-> Request 1
198
(3, 1, 2)
1
(41, 55)
-> Request 2
225
(3, 1, 1)
3
(45, 30)
-> Request 3
453
(2, 3, 1)
1
(57, 21)
---> Week : 140
--> Day : 0
-> Request 0
64
(3, 2, 1)
2
(64, 66)
-> Request 1
417
(3, 3, 2)
2
(53, 29)
-> Request 2
430
(4, 2, 1)
3
(9, 20)
-> Request 3
827
(2, 3, 2)
3
(53, 38)
-> Request 4
1201
(1, 2, 1)
2
(9, 59)
--> Day : 1
-> Request 0
1360
(1, 3, 2)
2
(4, 73)
--> Day : 2
-> Request 0
724
(4, 3, 2)
1
(64, 65)
-> Request 1
858
(1, 2, 1)
2
(6, 10)
--> Day : 3
-> Request 0
72
(4, 2, 1)
1
(54, 71)
-> Request 1
104
(1, 1, 2)
2
(58, 28)
-> Request 2
149
(1, 3, 2)
3
(49, 45)
-> Request 3
900
(1, 1, 1)
1
(11, 26)
--> Day : 4
-> Request 0
815
(4, 3, 1)
3
(73, 34)
---> Week : 141
--> Day : 0
-> Request 0
223
(1, 2, 1)
3
(72, 48)
-> Request 1
1160
(1, 1, 2)
3
(60, 52)
-> Request 2
1336
(2, 2, 2)
1
(34, 45)
--> Day : 1
-> Request 0
96
(1, 3, 2)
3
(43, 27)
-> Request 1
120
(3, 2, 1)
3
(44, 27)
-> Request 2
363
(3, 3, 1)
3
(17, 24)
-> Request 3
895
(1, 3, 2)
3
(46, 36)
-> Request 4
1239
(1, 1, 2)
3
(50, 44)
--> Day : 2
-> Request 0
842
(3, 2, 1)
3
(15, 76)
-> Request 1
1223
(1, 3, 2)
3
(34, 62)
--> Day : 3
-> Request 0
75
(3, 1, 1)
2
(61, 66)
-> Request 1
338
(3, 2, 2)
2
(71, 54)
-> Request 2
900
(4, 1, 1)
2
(2, 44)
--> Day : 4
-> Request 0
274
(4, 1, 1)
2
(43, 34)
-> Request 1
719
(3, 3, 1)
2
(61, 34)
---> Week : 142
--> Day : 0
-> Request 0
50
(4, 2, 1)
1
(50, 28)
-> Request 1
368
(4, 2, 2)
3
(73, 23)
-> Request 2
823
(2, 3, 1)
2
(58, 69)
-> Request 3
1188
(2, 1, 2)
2
(4, 8)
--> Day : 1
-> Request 0
776
(1, 3, 1)
1
(56, 42)
-> Request 1
1285
(1, 3, 1)
3
(62, 37)
--> Day : 2
-> Request 0
50
(3, 2, 2)
2
(55, 44)
-> Request 1
375
(4, 3, 2)
3
(5, 0)
-> Request 2
699
(1, 2, 2)
2
(64, 7)
--> Day : 3
-> Request 0
45
(3, 1, 2)
3
(52, 32)
-> Request 1
511
(2, 2, 2)
3
(57, 74)
-> Request 2
593
(1, 3, 1)
1
(64, 75)
-> Request 3
975
(2, 1, 1)
2
(12, 14)
-> Request 4
1075
(4, 3, 1)
1
(17, 78)
--> Day : 4
-> Request 0
72
(1, 2, 1)
2
(26, 53)
-> Request 1
785
(3, 3, 1)
3
(70, 40)
-> Request 2
853
(2, 2, 1)
1
(71, 9)
-> Request 3
950
(2, 3, 1)
2
(56, 68)
-> Request 4
1221
(3, 3, 2)
1
(8, 14)
---> Week : 143
--> Day : 0
-> Request 0
45
(2, 3, 2)
3
(0, 49)
-> Request 1
48
(1, 2, 2)
3
(52, 27)
-> Request 2
154
(1, 2, 1)
2
(21, 46)
-> Request 3
599
(2, 1, 2)
1
(14, 27)
-> Request 4
839
(3, 1, 2)
1
(43, 31)
--> Day : 1
-> Request 0
673
(3, 2, 2)
1
(58, 35)
-> Request 1
1015
(3, 3, 1)
1
(9, 10)
--> Day : 2
-> Request 0
875
(4, 3, 1)
1
(65, 64)
-> Request 1
950
(2, 3, 1)
2
(62, 63)
-> Request 2
1193
(1, 2, 2)
1
(35, 74)
--> Day : 3
-> Request 0
118
(1, 3, 2)
2
(32, 32)
-> Request 1
825
(3, 3, 1)
2
(39, 62)
-> Request 2
892
(2, 2, 2)
3
(47, 46)
-> Request 3
1054
(4, 1, 1)
1
(77, 62)
-> Request 4
1208
(3, 3, 2)
2
(54, 46)
--> Day : 4
-> Request 0
319
(2, 2, 2)
2
(56, 58)
-> Request 1
737
(4, 3, 1)
3
(8, 24)
-> Request 2
1089
(4, 3, 2)
1
(60, 12)
-> Request 3
1110
(3, 2, 1)
2
(77, 38)
-> Request 4
1232
(3, 2, 2)
2
(47, 76)
-> Request 5
1409
(4, 2, 2)
3
(27, 30)
---> Week : 144
--> Day : 0
-> Request 0
296
(4, 1, 1)
1
(46, 36)
-> Request 1
714
(4, 2, 1)
2
(68, 27)
-> Request 2
1075
(4, 2, 2)
2
(47, 9)
-> Request 3
1318
(4, 1, 2)
1
(19, 59)
--> Day : 1
-> Request 0
333
(4, 1, 1)
3
(62, 43)
-> Request 1
524
(1, 1, 1)
2
(43, 47)
-> Request 2
955
(1, 3, 1)
2
(47, 30)
-> Request 3
1022
(1, 2, 2)
2
(43, 35)
-> Request 4
1296
(3, 1, 2)
3
(52, 43)
--> Day : 2
-> Request 0
316
(3, 1, 2)
2
(16, 23)
-> Request 1
798
(2, 1, 2)
2
(58, 68)
-> Request 2
1148
(3, 3, 1)
3
(16, 28)
--> Day : 3
-> Request 0
24
(1, 2, 2)
3
(72, 69)
-> Request 1
552
(1, 1, 1)
3
(12, 20)
-> Request 2
842
(1, 1, 2)
2
(78, 3)
--> Day : 4
-> Request 0
603
(3, 1, 2)
1
(47, 46)
-> Request 1
912
(3, 2, 2)
2
(46, 46)
-> Request 2
1038
(2, 3, 1)
2
(59, 43)
---> Week : 145
--> Day : 0
-> Request 0
396
(4, 1, 2)
1
(57, 60)
-> Request 1
694
(1, 2, 1)
1
(52, 77)
-> Request 2
777
(4, 3, 1)
3
(29, 30)
-> Request 3
1022
(1, 1, 1)
1
(48, 42)
-> Request 4
1094
(3, 2, 1)
3
(1, 7)
-> Request 5
1178
(2, 2, 2)
3
(60, 69)
-> Request 6
1393
(2, 1, 1)
3
(62, 76)
--> Day : 1
-> Request 0
287
(3, 3, 1)
1
(54, 72)
-> Request 1
741
(2, 2, 2)
1
(13, 30)
--> Day : 2
-> Request 0
498
(1, 1, 1)
3
(60, 32)
-> Request 1
871
(3, 3, 1)
1
(56, 44)
-> Request 2
1263
(4, 3, 2)
1
(66, 57)
-> Request 3
1284
(1, 2, 1)
2
(53, 24)
--> Day : 3
-> Request 0
328
(3, 1, 1)
3
(58, 1)
--> Day : 4
-> Request 0
97
(4, 1, 1)
1
(48, 32)
-> Request 1
229
(1, 2, 1)
1
(53, 44)
-> Request 2
497
(2, 3, 1)
2
(44, 33)
-> Request 3
713
(3, 3, 2)
1
(52, 5)
-> Request 4
827
(4, 3, 1)
2
(59, 74)
---> Week : 146
--> Day : 0
-> Request 0
571
(1, 2, 2)
3
(53, 69)
-> Request 1
629
(4, 1, 2)
1
(52, 42)
--> Day : 1
-> Request 0
354
(4, 1, 2)
2
(52, 64)
-> Request 1
559
(1, 3, 1)
3
(0, 34)
-> Request 2
937
(3, 1, 2)
2
(79, 39)
-> Request 3
951
(4, 2, 2)
1
(58, 42)
-> Request 4
1273
(1, 3, 1)
1
(67, 36)
--> Day : 2
-> Request 0
62
(3, 3, 2)
3
(49, 38)
-> Request 1
401
(3, 2, 2)
3
(59, 30)
-> Request 2
658
(4, 3, 2)
3
(60, 57)
-> Request 3
901
(3, 3, 1)
3
(11, 22)
-> Request 4
1000
(1, 3, 2)
3
(10, 43)
--> Day : 3
-> Request 0
60
(1, 3, 1)
1
(16, 20)
-> Request 1
204
(4, 1, 2)
3
(58, 38)
-> Request 2
489
(3, 1, 1)
3
(47, 42)
-> Request 3
794
(4, 3, 2)
2
(23, 11)
-> Request 4
833
(3, 2, 2)
3
(64, 72)
-> Request 5
1045
(4, 1, 1)
3
(62, 64)
-> Request 6
1391
(3, 1, 2)
3
(25, 52)
--> Day : 4
-> Request 0
206
(3, 1, 1)
1
(62, 79)
---> Week : 147
--> Day : 0
--> Day : 1
-> Request 0
208
(3, 2, 1)
1
(63, 67)
-> Request 1
502
(3, 3, 2)
1
(5, 6)
-> Request 2
610
(3, 1, 1)
3
(65, 77)
-> Request 3
998
(1, 1, 2)
3
(55, 46)
--> Day : 2
-> Request 0
225
(1, 2, 2)
1
(50, 40)
-> Request 1
533
(2, 3, 1)
2
(77, 58)
-> Request 2
547
(4, 1, 1)
2
(34, 33)
-> Request 3
644
(3, 3, 2)
3
(61, 43)
-> Request 4
722
(4, 2, 2)
1
(47, 58)
-> Request 5
1278
(1, 1, 2)
2
(62, 67)
--> Day : 3
-> Request 0
585
(2, 1, 1)
1
(17, 29)
--> Day : 4
-> Request 0
147
(4, 2, 2)
3
(13, 24)
-> Request 1
203
(4, 1, 2)
2
(61, 73)
-> Request 2
272
(2, 2, 2)
1
(62, 77)
-> Request 3
532
(4, 1, 1)
3
(43, 3)
-> Request 4
1435
(3, 3, 2)
2
(58, 30)
---> Week : 148
--> Day : 0
-> Request 0
698
(4, 3, 2)
1
(63, 21)
-> Request 1
1087
(4, 1, 2)
3
(24, 3)
--> Day : 1
-> Request 0
535
(2, 1, 2)
3
(56, 39)
-> Request 1
908
(4, 3, 1)
2
(62, 44)
-> Request 2
1264
(4, 2, 1)
2
(63, 32)
-> Request 3
1382
(1, 1, 2)
3
(42, 45)
--> Day : 2
-> Request 0
412
(3, 1, 2)
3
(47, 31)
-> Request 1
458
(4, 3, 2)
1
(66, 69)
-> Request 2
1325
(3, 1, 1)
2
(50, 40)
-> Request 3
1412
(2, 3, 1)
2
(42, 7)
--> Day : 3
-> Request 0
177
(4, 3, 2)
1
(65, 12)
-> Request 1
622
(1, 1, 2)
2
(54, 67)
-> Request 2
915
(3, 1, 2)
1
(56, 36)
-> Request 3
1212
(4, 2, 1)
1
(15, 26)
--> Day : 4
-> Request 0
57
(4, 2, 1)
1
(68, 6)
-> Request 1
98
(3, 3, 2)
3
(66, 75)
---> Week : 149
--> Day : 0
-> Request 0
8
(4, 1, 1)
1
(62, 70)
-> Request 1
256
(2, 1, 1)
3
(59, 29)
-> Request 2
988
(1, 2, 1)
2
(62, 70)
-> Request 3
1189
(2, 3, 2)
1
(74, 50)
--> Day : 1
-> Request 0
249
(3, 2, 1)
3
(39, 22)
-> Request 1
406
(2, 3, 2)
2
(8, 20)
-> Request 2
465
(3, 3, 1)
3
(19, 42)
-> Request 3
1157
(4, 2, 1)
2
(57, 38)
--> Day : 2
-> Request 0
761
(3, 2, 2)
3
(9, 21)
-> Request 1
829
(1, 3, 1)
1
(47, 43)
--> Day : 3
-> Request 0
433
(2, 3, 1)
1
(7, 16)
-> Request 1
918
(3, 1, 1)
2
(61, 37)
-> Request 2
1239
(1, 1, 2)
1
(60, 75)
--> Day : 4
-> Request 0
327
(4, 1, 1)
1
(59, 74)
-> Request 1
612
(2, 2, 2)
1
(11, 28)
-> Request 2
803
(4, 3, 2)
3
(51, 32)
-> Request 3
1216
(1, 1, 2)
1
(79, 71)
