#{"t_start": 1680175651.3070807, "env_id": null}
r,l,t
-353040,3000,12.030155
-382280,3000,25.615289
-340308,3000,39.727344
-342884,3000,55.02235
-379072,3000,73.486267
-385548,3000,92.521563
-374288,3000,110.69632
-373204,3000,129.192642
-398140,3000,147.837143
-371884,3000,165.925306
-380316,3000,184.206695
-349876,3000,202.377521
-382128,3000,221.014642
-371112,3000,239.551923
-375160,3000,257.744866
-369408,3000,275.976501
-382108,3000,294.02393
-370288,3000,311.76805
-360008,3000,330.164565
-370152,3000,347.738397
-388216,3000,365.841222
-372784,3000,383.920233
-351916,3000,401.695545
-386092,3000,419.993752
-368368,3000,438.361442
-395324,3000,457.008054
-380348,3000,476.448565
-376464,3000,494.932207
-364188,3000,513.807434
-365392,3000,534.377344
-389172,3000,554.95047
-391096,3000,573.711073
-358012,3000,593.427891
-380044,3000,612.29289
-363296,3000,630.757574
-368180,3000,649.805951
-382192,3000,668.570122
-394176,3000,687.219464
-371136,3000,706.031633
-342740,3000,725.177411
-380968,3000,744.728986
-377044,3000,765.705503
-379256,3000,785.798087
-387036,3000,804.076408
-352896,3000,822.166931
-381872,3000,841.175144
-352332,3000,859.575624
-353964,3000,878.07131
-385276,3000,897.376184
-361004,3000,915.670954
-375320,3000,934.890371
-385076,3000,953.569056
-352328,3000,972.137715
-371164,3000,991.749871
-393116,3000,1010.419358
-407488,3000,1029.38965
-372016,3000,1047.836249
-366028,3000,1065.529501
-388056,3000,1083.261095
-365288,3000,1101.998182
-397120,3000,1120.356161
-353112,3000,1138.342535
-376356,3000,1156.750927
-401492,3000,1175.143603
-360140,3000,1193.738923
-361360,3000,1212.769169
-384264,3000,1238.529213
-353788,3000,1257.514504
-365268,3000,1276.238176
-380900,3000,1294.68836
-361236,3000,1312.795464
-390320,3000,1331.513197
-350948,3000,1350.589876
-366904,3000,1369.193689
-391988,3000,1388.114883
-376236,3000,1406.205525
-361868,3000,1423.884753
-360200,3000,1442.320275
-326736,3000,1460.954674
-380208,3000,1479.341516
-387172,3000,1497.644089
-363220,3000,1516.538152
-362024,3000,1534.616154
-354912,3000,1552.507613
-349756,3000,1570.729265
-352856,3000,1589.245102
-367864,3000,1607.372497
-331032,3000,1626.406675
-363056,3000,1645.594805
-354852,3000,1664.463136
-349148,3000,1683.725973
-366028,3000,1702.879251
-398356,3000,1721.412009
-343976,3000,1739.795958
-337944,3000,1758.079826
-353972,3000,1776.43348
-388184,3000,1794.738279
-371212,3000,1813.011138
-369036,3000,1831.126925
-364128,3000,1849.495373
-358164,3000,1868.572763
-382232,3000,1886.149762
-359960,3000,1903.698157
-340864,3000,1922.025074
-359732,3000,1940.620412
-362128,3000,1959.479208
-391020,3000,1977.522496
-322776,3000,1995.944559
-344080,3000,2015.344622
-364096,3000,2033.084724
-404304,3000,2051.488033
-379944,3000,2068.934262
-341552,3000,2086.795804
-379944,3000,2105.076955
-330816,3000,2123.970711
-390204,3000,2142.5565
-369888,3000,2160.657083
-345928,3000,2179.737067
-338912,3000,2197.888535
-370784,3000,2215.985632
-357028,3000,2234.16631
-375176,3000,2252.990116
-382260,3000,2271.357805
-335856,3000,2289.447909
-388928,3000,2307.877572
-365944,3000,2326.998554
-345436,3000,2345.243031
-410228,3000,2363.051116
-328892,3000,2380.831215
-350860,3000,2398.641669
-344688,3000,2417.258809
-316404,3000,2435.104527
-348948,3000,2453.24218
-336712,3000,2477.150043
-363924,3000,2495.446242
-339604,3000,2513.336612
-324776,3000,2530.939612
-369076,3000,2549.915417
-368172,3000,2567.928987
-351952,3000,2586.183884
-347004,3000,2603.180808
-365948,3000,2621.142964
-355816,3000,2638.854257
-353956,3000,2656.788591
-351204,3000,2675.121515
-370884,3000,2693.11035
-329844,3000,2710.74828
-334048,3000,2728.891426
-358896,3000,2746.910485
-376820,3000,2765.986847
-379880,3000,2784.2264
-368824,3000,2801.312897
-343700,3000,2819.28208
-368712,3000,2837.487312
-367932,3000,2855.123296
-346880,3000,2873.127065
-359792,3000,2890.968768
-325836,3000,2909.32747
-331796,3000,2927.78896
-350720,3000,2945.31325
-335764,3000,2964.067753
-361756,3000,2981.77083
-336704,3000,3000.362069
-331692,3000,3018.223864
-341692,3000,3036.098862
-347664,3000,3053.771458
-345680,3000,3072.161027
-352876,3000,3089.53349
-347588,3000,3106.61997
-356608,3000,3124.734562
-364780,3000,3143.054954
-366788,3000,3161.145156
-378448,3000,3179.769154
-351732,3000,3197.925263
-347848,3000,3216.189991
-371936,3000,3234.402255
-311600,3000,3252.289769
-333924,3000,3270.383842
-387732,3000,3288.743551
-344832,3000,3307.498649
-345056,3000,3326.062823
-336628,3000,3344.654783
-325836,3000,3362.464712
-350644,3000,3381.290832
-363872,3000,3400.987296
-370684,3000,3419.53018
-350724,3000,3436.576823
-361740,3000,3454.457745
-348008,3000,3472.683066
-355604,3000,3490.155095
-354644,3000,3508.324169
-338264,3000,3526.500153
-346712,3000,3544.633179
-356872,3000,3563.20214
-312648,3000,3581.734981
-351668,3000,3599.771148
-350632,3000,3617.653497
-332552,3000,3636.519077
-299572,3000,3654.724371
-345760,3000,3673.191037
-321592,3000,3696.388467
-350344,3000,3713.528101
-341376,3000,3731.846267
-355700,3000,3749.615119
-340620,3000,3767.197322
-321580,3000,3785.01992
-337100,3000,3803.425998
-350936,3000,3821.159681
-342580,3000,3838.491142
-341824,3000,3855.904832
-355516,3000,3874.435398
-371768,3000,3892.471627
-356768,3000,3909.931129
-342556,3000,3927.565237
-335760,3000,3945.332309
-357892,3000,3963.228351
-370812,3000,3980.608325
-333604,3000,3998.655863
-311748,3000,4016.437773
-366792,3000,4034.813097
-372608,3000,4053.01403
-353592,3000,4071.402631
-336908,3000,4089.322771
-329532,3000,4106.472487
-345668,3000,4124.319362
-322616,3000,4141.503129
-326660,3000,4159.638766
-342596,3000,4178.170034
-340884,3000,4196.895108
-301280,3000,4213.741224
-334756,3000,4231.90613
-332708,3000,4250.647875
-328496,3000,4269.832372
-345708,3000,4287.756989
-362752,3000,4308.013126
-334960,3000,4326.737561
-325720,3000,4344.316982
-347560,3000,4362.774425
-354908,3000,4379.936161
-364068,3000,4398.181939
-329552,3000,4416.486141
-325836,3000,4435.899131
-330600,3000,4455.432122
-343840,3000,4473.748739
-362820,3000,4492.506847
-332456,3000,4510.915409
-333608,3000,4529.027966
-333616,3000,4547.092773
-347992,3000,4565.196844
-334784,3000,4584.420827
-322488,3000,4602.339776
-344936,3000,4621.441827
-313756,3000,4639.616157
-335812,3000,4658.73789
-298484,3000,4676.733103
-333648,3000,4695.442747
-353688,3000,4713.721328
-339444,3000,4730.854727
-317860,3000,4749.007365
-324672,3000,4766.126515
-312472,3000,4784.06196
-347892,3000,4801.63422
-329324,3000,4819.704382
-342392,3000,4838.37068
-329728,3000,4855.997311
-319404,3000,4873.615549
-336656,3000,4898.091856
-341552,3000,4916.340773
-357072,3000,4934.698273
-322672,3000,4953.983725
-331564,3000,4972.081466
-320736,3000,4990.315452
-307956,3000,5008.257629
-351544,3000,5026.583671
-325800,3000,5044.416296
-336876,3000,5062.677537
-307432,3000,5079.995908
-333792,3000,5098.093317
-315552,3000,5115.471852
-349640,3000,5133.485105
-331492,3000,5151.891787
-350588,3000,5170.977189
-337664,3000,5189.654869
-350880,3000,5208.010932
-313536,3000,5226.528685
-331592,3000,5244.627984
-325488,3000,5262.402555
-337712,3000,5280.601637
-301192,3000,5299.602365
-357668,3000,5317.164222
-312392,3000,5334.89564
-335868,3000,5352.953909
-329700,3000,5371.284284
-324436,3000,5389.248587
-303576,3000,5407.619123
-310552,3000,5426.068213
-309552,3000,5443.599313
-337352,3000,5461.23673
-313224,3000,5479.074724
-297840,3000,5496.517193
-341352,3000,5513.686192
-318252,3000,5531.098216
-313312,3000,5550.261351
-320252,3000,5568.338666
-335792,3000,5585.707707
-323604,3000,5603.808934
-329856,3000,5622.249721
-345644,3000,5640.227468
-328456,3000,5658.422694
-363816,3000,5676.70032
-319704,3000,5694.431585
-371720,3000,5711.796129
-318384,3000,5729.232842
-349616,3000,5747.488292
-338680,3000,5764.990218
-326704,3000,5783.067827
-293356,3000,5800.374833
-301352,3000,5817.202698
-335680,3000,5835.719906
-312484,3000,5854.023974
-331628,3000,5871.783607
-334744,3000,5889.213553
-337640,3000,5907.744963
-327632,3000,5924.857087
-310468,3000,5941.675204
-318356,3000,5959.686442
-307532,3000,5978.000282
-330748,3000,5996.317628
-308580,3000,6013.146384
-323308,3000,6031.342576
-349672,3000,6048.287298
-341568,3000,6065.589977
-317484,3000,6083.025831
-319780,3000,6108.430373
-341820,3000,6127.746306
-312456,3000,6145.703542
-350812,3000,6163.430678
-296476,3000,6182.185066
-368556,3000,6201.219271
-294352,3000,6220.172591
-313364,3000,6237.979265
-318212,3000,6257.123574
-300288,3000,6275.531145
-373612,3000,6293.187548
-332196,3000,6310.545215
-320056,3000,6327.712204
-310452,3000,6345.449962
-335288,3000,6363.320825
-318724,3000,6382.072671
-333632,3000,6399.403738
-332676,3000,6417.298003
-296304,3000,6435.066098
-298144,3000,6452.209055
-340456,3000,6470.079527
-327524,3000,6488.159493
-304200,3000,6504.55297
-328620,3000,6523.226355
-305416,3000,6541.13702
-305324,3000,6558.692096
-320512,3000,6576.262613
-324360,3000,6592.979697
-286068,3000,6610.680934
-316508,3000,6628.732912
-311360,3000,6646.725661
-304656,3000,6664.275641
-300556,3000,6682.750976
-302336,3000,6700.258576
-346600,3000,6719.058887
-325732,3000,6737.395163
-354604,3000,6755.646174
-307188,3000,6772.548373
-303340,3000,6789.700322
-310440,3000,6807.275249
-323552,3000,6825.154927
-338352,3000,6842.587265
-335664,3000,6860.37939
-337696,3000,6878.36701
-334796,3000,6896.152972
-317488,3000,6914.159664
-295308,3000,6933.903121
-321540,3000,6952.974896
-318448,3000,6971.655535
-309620,3000,6990.122336
-336640,3000,7008.988545
-330176,3000,7027.591255
-324324,3000,7046.772333
-302516,3000,7065.908652
-307264,3000,7084.459072
-327276,3000,7104.299251
-313516,3000,7124.096224
-352436,3000,7142.187123
-330376,3000,7161.739495
-300288,3000,7181.2661
-306212,3000,7199.831414
-314212,3000,7218.568417
-286264,3000,7237.782864
-317332,3000,7256.687524
-328656,3000,7274.581794
-326392,3000,7293.856979
-308392,3000,7312.367033
-333352,3000,7338.287451
-304404,3000,7358.04223
-298288,3000,7379.024424
-305428,3000,7402.447388
-304616,3000,7425.180687
-301308,3000,7448.681491
-299232,3000,7469.876245
-299372,3000,7491.605144
-315744,3000,7512.561661
-311256,3000,7533.835305
-295288,3000,7554.205919
-312460,3000,7575.870546
-314380,3000,7595.873192
-325240,3000,7616.870869
-289172,3000,7637.331308
-299508,3000,7660.661598
-296092,3000,7681.222623
-319212,3000,7702.670772
-284308,3000,7723.248465
-320360,3000,7744.191983
-302316,3000,7765.522317
-287584,3000,7785.264556
-311344,3000,7807.506728
-297252,3000,7829.055314
-307120,3000,7850.143135
-336368,3000,7871.94668
-299140,3000,7892.301344
-324600,3000,7914.023912
-304620,3000,7934.792362
-271216,3000,7958.510491
-303284,3000,7979.527142
-332224,3000,7998.464592
-286052,3000,8018.251582
-285248,3000,8037.267199
-305336,3000,8057.327467
-321268,3000,8078.942576
-293148,3000,8099.668721
-285008,3000,8120.847992
-276072,3000,8139.553192
-327444,3000,8159.512626
-306392,3000,8179.894712
-294308,3000,8200.66504
-278052,3000,8221.837127
-315508,3000,8242.171491
-291100,3000,8263.494062
-333672,3000,8283.691547
-291324,3000,8304.193762
-322232,3000,8326.485273
-294996,3000,8347.120763
-338244,3000,8367.322983
-325448,3000,8387.515047
-300256,3000,8407.801539
-319436,3000,8428.431788
-310256,3000,8644.104798
-286264,3000,8661.647546
-298176,3000,8678.11705
-309328,3000,8694.513711
-320408,3000,8711.889458
-292972,3000,8728.256828
-309172,3000,8745.062603
-289096,3000,8761.858706
-285104,3000,8778.653194
-318292,3000,8795.023818
-288160,3000,8811.369195
-333692,3000,8828.236851
-272072,3000,8845.516869
-297008,3000,8868.389651
-298980,3000,8885.448285
-300428,3000,8903.336915
-286980,3000,8920.410721
-308220,3000,8938.049328
-290944,3000,8955.12212
-287072,3000,8972.766953
-301116,3000,8990.616584
-280016,3000,9007.375604
-289060,3000,9024.796103
-297112,3000,9042.083928
-288380,3000,9058.80852
-273892,3000,9075.525808
-299268,3000,9092.756688
-298984,3000,9110.358444
-306352,3000,9127.778154
-271872,3000,9145.334139
-311344,3000,9162.162567
-285144,3000,9179.141307
-294152,3000,9195.838135
-285120,3000,9213.335737
-319032,3000,9230.619185
-294116,3000,9248.261973
-299128,3000,9264.978152
-282984,3000,9281.647289
-300104,3000,9298.646385
-316236,3000,9315.719187
-313268,3000,9332.918234
-307860,3000,9349.619601
-281184,3000,9366.631857
-318248,3000,9383.362619
-275080,3000,9399.803028
-315384,3000,9416.95178
-319140,3000,9433.654774
-274216,3000,9450.723173
-310160,3000,9467.927081
-289084,3000,9484.445745
-295184,3000,9501.292543
-301080,3000,9518.301913
-257812,3000,9535.647383
-295180,3000,9552.908338
-297924,3000,9569.48377
-304184,3000,9586.680382
-299180,3000,9604.019777
-299204,3000,9620.986962
-312188,3000,9638.25776
-272496,3000,9654.851085
-297976,3000,9671.020938
-292016,3000,9687.46357
-286056,3000,9704.459655
-296192,3000,9721.330383
-291144,3000,9738.080219
-306032,3000,9754.743971
-290192,3000,9770.984647
-311164,3000,9787.792037
-294176,3000,9805.232777
-285932,3000,9821.964402
-280832,3000,9838.814927
-305180,3000,9855.588414
-272044,3000,9873.094521
-299188,3000,9890.608544
-291240,3000,9907.660374
-293148,3000,9924.410985
-326404,3000,9940.823456
-297356,3000,9957.845507
-283176,3000,9974.470288
-279008,3000,9991.164338
-291800,3000,10014.032198
-271976,3000,10031.804034
-264056,3000,10048.772442
-261784,3000,10065.403849
-264096,3000,10082.548583
-254840,3000,10099.788995
-275816,3000,10117.040801
-261736,3000,10133.871373
-268900,3000,10150.816097
-266044,3000,10167.198644
-271004,3000,10183.865106
-288044,3000,10200.545244
-291212,3000,10217.854049
-262928,3000,10235.174676
-268872,3000,10251.506124
-236904,3000,10268.01365
-289160,3000,10284.596153
-278628,3000,10301.502014
-292904,3000,10318.337401
-280320,3000,10334.93761
-283056,3000,10351.888875
-293276,3000,10369.328582
-291104,3000,10386.074496
-280068,3000,10403.038401
-261808,3000,10419.292181
-286912,3000,10435.655345
-269756,3000,10451.208755
-286896,3000,10467.739494
-278048,3000,10484.105531
-288076,3000,10501.048902
-283924,3000,10517.806202
-299904,3000,10535.096162
-275908,3000,10551.721085
-290728,3000,10568.50889
-288036,3000,10585.316058
-299952,3000,10602.866993
-262016,3000,10619.367997
-273164,3000,10635.632445
-277900,3000,10652.439456
-256016,3000,10669.533559
-255036,3000,10686.257555
-300844,3000,10703.401178
-274984,3000,10720.382578
-282852,3000,10737.004839
-270024,3000,10752.9172
-303868,3000,10770.132274
-285988,3000,10787.172847
-296656,3000,10803.218441
-285832,3000,10819.980406
-276992,3000,10836.714206
-288956,3000,10853.129363
-300944,3000,10869.975374
-280164,3000,10886.355117
-257688,3000,10902.756768
-286132,3000,10919.045328
-294468,3000,10936.002153
-245900,3000,10952.782916
-273916,3000,10969.673675
-274644,3000,10986.482502
-276972,3000,11003.367016
-273156,3000,11019.939447
-308392,3000,11037.103593
-288900,3000,11053.085364
-263660,3000,11069.304048
-261504,3000,11085.421847
-287812,3000,11102.199989
-286340,3000,11118.754558
-273076,3000,11141.529921
-278092,3000,11158.367967
-277924,3000,11175.858161
-265880,3000,11191.986355
-281796,3000,11208.580642
-272820,3000,11225.354663
-289036,3000,11241.19471
-291940,3000,11257.176239
-291132,3000,11274.01599
-296948,3000,11290.130253
-278920,3000,11306.466779
-299972,3000,11322.462604
-278736,3000,11339.059057
-254860,3000,11355.517001
-262916,3000,11372.115782
-299000,3000,11389.11957
-286076,3000,11406.49016
-284824,3000,11422.984669
-270900,3000,11439.358704
-258648,3000,11456.253787
-261864,3000,11472.623386
-274684,3000,11488.95078
-276984,3000,11505.082193
-278740,3000,11521.465269
-278936,3000,11538.196843
-287932,3000,11554.348869
-246924,3000,11570.804266
-274048,3000,11587.418757
-258988,3000,11604.550113
-278988,3000,11621.24071
-276192,3000,11638.170589
-275092,3000,11655.35473
-257772,3000,11671.985597
-284792,3000,11689.468539
-289092,3000,11706.607455
-257640,3000,11723.757272
-256896,3000,11739.810731
-251944,3000,11756.624768
-279944,3000,11772.989513
-268788,3000,11789.314055
-259756,3000,11806.472418
-278692,3000,11822.932153
-246448,3000,11839.573143
-264044,3000,11855.926963
-273704,3000,11872.381798
-284868,3000,11888.451061
-278812,3000,11905.676323
-294732,3000,11921.469089
-279656,3000,11937.341869
-259704,3000,11954.33298
-266768,3000,11970.309581
-261736,3000,11986.612822
-255840,3000,12002.974452
-259772,3000,12019.552968
-252736,3000,12035.660154
-270680,3000,12051.277538
-246472,3000,12067.654823
-252656,3000,12083.604638
-251476,3000,12099.774081
-256768,3000,12115.947126
-261624,3000,12132.597839
-263896,3000,12148.174784
-285776,3000,12164.824082
-242740,3000,12181.531937
-238584,3000,12197.326192
-245532,3000,12213.45054
-278544,3000,12235.794834
-252752,3000,12252.404504
-256928,3000,12269.359643
-279008,3000,12286.150746
-254708,3000,12303.032824
-267668,3000,12320.25405
-248744,3000,12336.284284
-256856,3000,12353.049857
-248672,3000,12369.288012
-246236,3000,12385.099353
-271784,3000,12400.830736
-241476,3000,12416.573237
-266932,3000,12433.391778
-258656,3000,12449.571279
-240492,3000,12466.257647
-236660,3000,12482.86102
-247744,3000,12498.407466
-265600,3000,12514.575408
-248364,3000,12530.878243
-242664,3000,12547.658162
-250560,3000,12563.531346
-230472,3000,12579.244382
-228592,3000,12595.839448
-256256,3000,12612.184623
-262612,3000,12628.123364
-261528,3000,12645.156589
-238444,3000,12661.233837
-253788,3000,12678.096648
-243496,3000,12695.148966
-262624,3000,12711.785739
-257640,3000,12728.555005
-247792,3000,12744.961313
-267728,3000,12761.145648
-252740,3000,12778.290413
-274808,3000,12794.428148
-236512,3000,12811.547076
-259704,3000,12827.779165
-247520,3000,12844.495304
-237476,3000,12861.037118
-242756,3000,12876.891671
-230296,3000,12893.649707
-262708,3000,12909.76418
-263624,3000,12926.231232
-221500,3000,12941.954912
-244792,3000,12958.014173
-282752,3000,12974.490883
-239476,3000,12989.951212
-255740,3000,13006.546072
-231436,3000,13023.008175
-275628,3000,13039.30279
-252440,3000,13056.119343
-258572,3000,13072.494738
-232716,3000,13089.219082
-253532,3000,13105.791929
-260860,3000,13122.133997
-241500,3000,13137.736897
-223436,3000,13153.162886
-250564,3000,13168.807454
-252556,3000,13185.016096
-250672,3000,13202.284701
-246516,3000,13218.379133
-247284,3000,13234.270028
-248284,3000,13250.913219
-252252,3000,13267.327666
-250436,3000,13283.313077
-253432,3000,13299.86099
-245448,3000,13315.817989
-250172,3000,13337.796724
-243796,3000,13355.151174
-246520,3000,13371.130692
-239168,3000,13387.60701
-218308,3000,13403.673158
-238452,3000,13420.079948
-260500,3000,13436.405084
-226332,3000,13453.281603
-259440,3000,13469.586171
-259508,3000,13485.531228
-240536,3000,13501.31833
-221372,3000,13517.930427
-235300,3000,13533.895547
-233280,3000,13550.184134
-252748,3000,13566.368826
-230456,3000,13582.334851
-250432,3000,13598.208109
-242248,3000,13614.339323
-246552,3000,13630.338688
-238412,3000,13647.048254
-237332,3000,13663.564837
-240460,3000,13679.7412
-237572,3000,13696.110128
-221164,3000,13712.509394
-211124,3000,13728.759519
-227288,3000,13744.674809
-249524,3000,13759.70947
-242616,3000,13775.707683
-234380,3000,13792.019592
-219336,3000,13808.141267
-233512,3000,13823.896448
-220216,3000,13839.937153
-260348,3000,13855.908876
-250508,3000,13872.091849
-220588,3000,13887.746336
-236152,3000,13904.15315
-239200,3000,13920.682969
-239416,3000,13937.324193
-240416,3000,13954.367536
-246460,3000,13969.383279
-251476,3000,13985.672457
-236212,3000,14001.928949
-260624,3000,14018.140376
-238372,3000,14033.854539
-238448,3000,14049.634489
-230088,3000,14065.989667
-235664,3000,14081.897727
-244272,3000,14098.178539
-241532,3000,14115.216414
-237416,3000,14131.334098
-230612,3000,14146.963449
-256656,3000,14162.967917
-207112,3000,14179.44437
-236400,3000,14195.277218
-239828,3000,14211.388132
-220480,3000,14226.861229
-251408,3000,14242.44591
-256400,3000,14258.83917
-219136,3000,14274.538827
-242576,3000,14290.374658
-246392,3000,14306.489898
-229332,3000,14322.802412
-229688,3000,14338.771576
-208136,3000,14355.383524
-262152,3000,14371.176113
-235276,3000,14387.079541
-237688,3000,14402.518995
-230436,3000,14424.461794
-230268,3000,14439.759367
-222400,3000,14455.931318
-260504,3000,14472.533062
-210148,3000,14488.831133
-229348,3000,14504.750186
-246352,3000,14521.477439
-231444,3000,14537.103102
-228228,3000,14553.307912
-237136,3000,14568.759066
-238500,3000,14584.63131
-241456,3000,14600.665201
-241464,3000,14616.835686
-213588,3000,14633.489496
-260336,3000,14648.887608
-219284,3000,14665.022998
-233500,3000,14680.492114
-222244,3000,14696.601846
-230192,3000,14712.871762
-227188,3000,14728.637056
-225328,3000,14745.013798
-251668,3000,14761.346648
-245284,3000,14777.659674
-242268,3000,14792.824356
-224524,3000,14808.541709
-228300,3000,14824.203736
-213120,3000,14839.045597
-235488,3000,14854.938604
-239244,3000,14870.995175
-220952,3000,14887.464424
-241348,3000,14903.493283
-215988,3000,14919.245305
-257532,3000,14935.368143
-228320,3000,14951.464198
-255148,3000,14967.598302
-228232,3000,14983.594511
-248316,3000,14999.33745
-230320,3000,15014.787318
-208240,3000,15030.413728
-247328,3000,15046.636009
-220284,3000,15062.679123
-220204,3000,15078.377126
-244156,3000,15094.428245
-219252,3000,15110.054628
-238088,3000,15125.709026
-210240,3000,15141.515061
-215200,3000,15157.107087
-250348,3000,15173.045179
-227472,3000,15189.437045
-223300,3000,15205.021618
-224912,3000,15220.790487
-244268,3000,15237.31098
-222932,3000,15253.321052
-219280,3000,15269.212817
-216116,3000,15284.811119
-219100,3000,15300.824076
-255332,3000,15317.528781
-212376,3000,15333.303849
-235488,3000,15349.009145
-217132,3000,15364.956298
-251468,3000,15380.729936
-235376,3000,15396.382161
-204120,3000,15411.799456
-209316,3000,15427.227506
-219212,3000,15442.278086
-214008,3000,15458.183986
-239544,3000,15479.345789
-230408,3000,15495.026278
-224600,3000,15511.092268
-250464,3000,15527.678625
-231972,3000,15543.321547
-213144,3000,15558.627791
-215292,3000,15574.141161
-223260,3000,15589.651968
-217364,3000,15606.090932
-218944,3000,15621.719661
-214020,3000,15637.507155
-211128,3000,15653.424662
-221032,3000,15669.613826
-215188,3000,15685.919142
-239172,3000,15701.639307
-215236,3000,15717.416093
-211192,3000,15733.30647
-204024,3000,15748.490278
-208152,3000,15764.605939
-237420,3000,15780.27336
-230012,3000,15795.850996
-222112,3000,15810.715101
-229148,3000,15826.311487
-218192,3000,15841.605396
-228184,3000,15857.40402
-197112,3000,15873.615552
-229488,3000,15888.772847
-217084,3000,15904.496929
-218248,3000,15920.051313
-222400,3000,15935.686077
-205104,3000,15951.563477
-246404,3000,15966.901663
-226148,3000,15982.642354
-230292,3000,15997.643266
-223524,3000,16012.914919
-231372,3000,16028.236576
-228536,3000,16043.600398
-214452,3000,16059.169397
-224104,3000,16074.856152
-227408,3000,16090.049467
-235244,3000,16105.68757
-195160,3000,16120.578932
-206900,3000,16136.813351
-217932,3000,16152.101077
-231076,3000,16167.650649
-236004,3000,16183.66411
-213992,3000,16199.527843
-215340,3000,16215.893972
-236404,3000,16232.119605
-237216,3000,16247.971505
-225320,3000,16264.05538
-212188,3000,16279.290628
-209040,3000,16295.228628
-225208,3000,16311.326279
-237432,3000,16327.163554
-239012,3000,16342.750059
-225212,3000,16358.328338
-219856,3000,16373.727885
-216220,3000,16389.036106
-223340,3000,16404.081265
-219124,3000,16420.148367
-229276,3000,16435.740441
-218244,3000,16451.850793
-210896,3000,16467.907354
-199900,3000,16484.106636
-219196,3000,16498.907743
-236040,3000,16514.506118
-222328,3000,16535.700453
-241208,3000,16550.843791
-228316,3000,16566.706206
-205976,3000,16582.74733
-195240,3000,16599.028326
-218988,3000,16615.280703
-204048,3000,16630.803167
-222924,3000,16646.938816
-227240,3000,16662.900173
-203916,3000,16678.407008
-233144,3000,16694.32337
-225052,3000,16709.387409
-207064,3000,16725.184883
-213180,3000,16740.862603
-223896,3000,16756.278748
-211012,3000,16771.494412
-227084,3000,16787.087746
-208008,3000,16801.986816
-238908,3000,16816.942471
-212168,3000,16832.366473
-218904,3000,16847.753232
-213092,3000,16862.427444
-208084,3000,16878.079379
-201940,3000,16893.249427
-196948,3000,16908.266479
-200908,3000,16923.281238
-203872,3000,16938.33955
-212932,3000,16953.387804
-208048,3000,16968.454272
-195036,3000,16983.357119
-225892,3000,16999.130183
-221100,3000,17014.318146
-203868,3000,17030.042095
-223268,3000,17045.680606
-201164,3000,17060.742227
-202808,3000,17076.439626
-208116,3000,17091.877424
-203968,3000,17106.624787
-221908,3000,17121.807772
-219880,3000,17137.680512
-194052,3000,17153.048868
-225368,3000,17168.577665
-203588,3000,17184.018573
-182828,3000,17199.332264
-188656,3000,17214.384004
-210096,3000,17229.921805
-192908,3000,17245.586091
-232464,3000,17260.977414
-212080,3000,17276.322555
-187008,3000,17291.554963
-206920,3000,17307.20713
-232884,3000,17322.649557
-212944,3000,17338.540004
-182956,3000,17353.753191
-221104,3000,17369.232752
-189832,3000,17385.136726
-219248,3000,17400.08036
-207936,3000,17415.171195
-187768,3000,17430.665703
-206980,3000,17445.680787
-208368,3000,17460.482705
-205892,3000,17475.596729
-202812,3000,17490.994166
-202784,3000,17506.489183
-184016,3000,17521.922668
-201732,3000,17536.844344
-200992,3000,17552.814213
-196788,3000,17573.444577
-223968,3000,17589.173491
-200916,3000,17604.841508
-200672,3000,17620.570643
-189768,3000,17635.945074
-187992,3000,17651.535701
-198772,3000,17666.974982
-210668,3000,17681.826878
-205088,3000,17697.006316
-225216,3000,17712.949447
-208852,3000,17728.237075
-226004,3000,17743.219267
-198852,3000,17758.680724
-223276,3000,17774.25737
-201964,3000,17789.662807
-210232,3000,17805.128776
-186668,3000,17820.476676
-193024,3000,17835.515584
-191880,3000,17850.892479
-228308,3000,17866.068011
-193648,3000,17881.901453
-192832,3000,17897.033095
-194776,3000,17913.002631
-186896,3000,17927.799871
-201016,3000,17942.958904
-204984,3000,17957.824714
-187876,3000,17973.82578
-205004,3000,17990.098886
-198824,3000,18005.322837
-229844,3000,18020.569109
-168608,3000,18036.050631
-208884,3000,18050.975241
-202892,3000,18066.078237
-208120,3000,18081.001475
-203932,3000,18096.771184
-215892,3000,18112.637758
-174816,3000,18128.542327
-194792,3000,18143.99331
-190928,3000,18159.255341
-207624,3000,18174.171056
-224044,3000,18189.610868
-200908,3000,18205.950369
-208924,3000,18221.078037
-190884,3000,18235.651669
-213936,3000,18250.501309
-174820,3000,18265.468539
-196896,3000,18280.721673
-210080,3000,18295.628451
-201616,3000,18310.254528
-194908,3000,18325.331758
-200968,3000,18339.609406
-188748,3000,18354.45046
-206784,3000,18370.033089
-188668,3000,18385.311472
-195736,3000,18400.671339
-212812,3000,18416.073835
-186816,3000,18431.154856
-193472,3000,18445.935974
-174860,3000,18460.983554
-198868,3000,18476.543372
-198696,3000,18491.474561
-206720,3000,18506.323978
-195808,3000,18521.080072
-191524,3000,18536.791645
-199768,3000,18552.415287
-199636,3000,18568.286163
-195788,3000,18590.407519
-176588,3000,18605.912177
-195052,3000,18621.418647
-178560,3000,18636.397554
-196964,3000,18651.305086
-188616,3000,18666.721019
-179596,3000,18682.102436
-177864,3000,18697.466831
-207900,3000,18712.896791
-189968,3000,18728.063599
-192680,3000,18743.963416
-187992,3000,18759.276308
-186464,3000,18774.623745
-178668,3000,18789.638454
-216604,3000,18805.133652
-192684,3000,18820.622358
-193560,3000,18836.128447
-183664,3000,18850.48164
-190012,3000,18865.920637
-173648,3000,18881.039842
-201768,3000,18895.975693
-196924,3000,18911.477195
-211068,3000,18927.11399
-176608,3000,18942.583899
-206928,3000,18957.360585
-188592,3000,18973.155873
-189976,3000,18988.130446
-212840,3000,19002.695867
-173668,3000,19018.27718
-200860,3000,19033.758695
-182392,3000,19049.57592
-180516,3000,19064.557482
-207436,3000,19079.608581
-186628,3000,19095.047468
-193532,3000,19110.91774
-198580,3000,19125.982195
-186116,3000,19140.947168
-189648,3000,19156.184866
-200668,3000,19172.179017
-200656,3000,19187.972795
-171440,3000,19203.624576
-180336,3000,19219.236917
-201628,3000,19234.516551
-204636,3000,19249.674906
-194852,3000,19264.940173
-192704,3000,19279.402021
-211528,3000,19294.910209
-198652,3000,19309.625682
-186600,3000,19323.984154
-167408,3000,19339.028659
-191564,3000,19354.917225
-175660,3000,19370.053616
-189908,3000,19385.771729
-198896,3000,19400.878714
-184596,3000,19416.148478
-175840,3000,19431.681501
-193924,3000,19446.938688
-188820,3000,19461.737625
-179596,3000,19477.1047
-189656,3000,19492.292394
-188672,3000,19507.764667
-186432,3000,19522.843019
-167596,3000,19538.389432
-183604,3000,19553.626588
-201612,3000,19568.684315
-177580,3000,19583.588842
-162464,3000,19598.262472
-155760,3000,19620.07906
-173516,3000,19635.192677
-162548,3000,19649.868859
-169596,3000,19664.538392
-167648,3000,19679.611937
-171692,3000,19694.38849
-171600,3000,19709.637026
-199564,3000,19724.809539
-183872,3000,19740.140807
-186872,3000,19754.940826
-173252,3000,19771.010956
-189788,3000,19785.853594
-178700,3000,19800.82348
-198884,3000,19815.733689
-218796,3000,19830.656438
-182400,3000,19845.48471
-177636,3000,19860.331205
-182792,3000,19875.174807
-159828,3000,19889.704189
-166720,3000,19904.918853
-190572,3000,19919.939246
-156324,3000,19935.139179
-183412,3000,19950.187956
-163376,3000,19964.646622
-164508,3000,19980.398901
-176560,3000,19995.957188
-181588,3000,20010.889503
-159600,3000,20026.094329
-182716,3000,20041.690134
-152496,3000,20056.934257
-183380,3000,20071.786412
-176800,3000,20086.987448
-178532,3000,20101.666464
-155480,3000,20117.413995
-170468,3000,20132.329702
-171692,3000,20147.135806
-152584,3000,20162.2013
-164740,3000,20176.661566
-169592,3000,20191.457738
-163824,3000,20206.42197
-150856,3000,20221.04501
-164480,3000,20235.717567
-156504,3000,20250.845492
-150356,3000,20266.08587
-166496,3000,20280.997966
-164484,3000,20295.281628
-152212,3000,20310.387304
-172552,3000,20325.233067
-158412,3000,20340.708848
-160540,3000,20355.797975
-181400,3000,20371.016979
-166404,3000,20385.705132
-185792,3000,20400.79781
-163492,3000,20415.911927
-180192,3000,20431.156124
-161360,3000,20445.803435
-143232,3000,20460.40486
-166476,3000,20475.414312
-173224,3000,20490.558362
-137680,3000,20505.139061
-178720,3000,20519.231059
-155352,3000,20534.165798
-155536,3000,20548.690551
-139356,3000,20563.705202
-161596,3000,20579.409281
-183688,3000,20594.091508
-172544,3000,20609.430314
-174840,3000,20630.235299
-155584,3000,20645.493689
-168456,3000,20660.472059
-157752,3000,20675.527125
-162500,3000,20689.666722
-163464,3000,20704.558107
-150228,3000,20719.491177
-172460,3000,20734.730527
-145588,3000,20749.625935
-180548,3000,20764.175277
-153476,3000,20779.032438
-155684,3000,20793.681296
-162436,3000,20808.486539
-159464,3000,20823.38937
-166612,3000,20839.225173
-147364,3000,20854.168989
-149536,3000,20869.724237
-164264,3000,20884.743759
-146296,3000,20900.239122
-157604,3000,20914.888838
-180524,3000,20929.718764
-156592,3000,20944.761907
-166568,3000,20959.962687
-157636,3000,20975.492442
-146532,3000,20990.565216
-157244,3000,21005.982958
-144292,3000,21021.324489
-151612,3000,21036.284477
-165552,3000,21051.367231
-163360,3000,21066.717418
-173644,3000,21081.812185
-138172,3000,21096.735626
-161424,3000,21111.245961
-155904,3000,21126.791615
-143436,3000,21141.617688
-160436,3000,21156.829333
-183608,3000,21172.155909
-137268,3000,21187.565708
-150260,3000,21202.729275
-174576,3000,21217.218764
-149272,3000,21232.209774
-139336,3000,21247.056706
-155400,3000,21262.551991
-183600,3000,21277.034021
-168760,3000,21291.459977
-175516,3000,21306.552349
-153600,3000,21321.43065
-159472,3000,21336.536608
-168756,3000,21351.764157
-145568,3000,21367.134743
-146392,3000,21381.956392
-139116,3000,21396.724363
-163364,3000,21411.549297
-154156,3000,21426.820542
-140072,3000,21442.227194
-159564,3000,21457.681963
-142228,3000,21472.370343
-151476,3000,21487.052621
-168420,3000,21501.69961
-154216,3000,21516.853538
-139228,3000,21531.98165
-154360,3000,21547.088522
-135108,3000,21561.706244
-148372,3000,21576.396058
-145352,3000,21590.839876
-155508,3000,21605.176362
-134192,3000,21625.452439
-164704,3000,21640.551123
-138420,3000,21655.095236
-142376,3000,21669.773529
-139192,3000,21684.312553
-130296,3000,21698.718141
-138248,3000,21713.525052
-145424,3000,21728.204321
-152656,3000,21742.572152
-146432,3000,21757.232447
-124088,3000,21771.78509
-134532,3000,21786.94193
-150168,3000,21801.662797
-130216,3000,21816.133774
-140424,3000,21830.760272
-165704,3000,21845.314686
-139204,3000,21859.646583
-137416,3000,21874.43765
-118188,3000,21889.287874
-129856,3000,21904.617981
-131236,3000,21920.027578
-138068,3000,21935.330634
-148620,3000,21950.901961
-128188,3000,21965.543922
-124436,3000,21980.848414
-144068,3000,21996.072186
-148336,3000,22011.351609
-140568,3000,22025.873265
-126300,3000,22039.53593
-134272,3000,22054.535901
-132424,3000,22069.037192
-139472,3000,22083.594642
-155692,3000,22098.430484
-128364,3000,22113.06052
-148328,3000,22127.508583
-139400,3000,22142.130604
-122600,3000,22156.593722
-133264,3000,22171.448638
-132400,3000,22185.835253
-130120,3000,22200.72653
-146232,3000,22215.481733
-127184,3000,22230.323545
-124272,3000,22244.704553
-125292,3000,22259.702309
-120148,3000,22274.096371
-128268,3000,22288.483528
-125976,3000,22303.61732
-130176,3000,22318.13762
-151564,3000,22332.556442
-118280,3000,22346.908219
-122440,3000,22360.932273
-152724,3000,22375.312072
-124248,3000,22389.99379
-131164,3000,22404.713978
-119344,3000,22419.694316
-153580,3000,22434.449589
-135256,3000,22448.47422
-145328,3000,22463.45271
-120376,3000,22477.777599
-136528,3000,22491.895107
-124228,3000,22506.526377
-108236,3000,22520.73482
-135432,3000,22535.404708
-119124,3000,22550.108876
-120236,3000,22564.674316
-129440,3000,22579.493539
-133072,3000,22594.201766
-128404,3000,22614.965916
-131184,3000,22630.201129
-134268,3000,22645.16913
-127264,3000,22659.688381
-146732,3000,22674.499738
-131376,3000,22689.440329
-135284,3000,22704.313459
-135280,3000,22719.578594
-113276,3000,22734.521916
-138308,3000,22749.296552
-132372,3000,22763.862978
-112224,3000,22778.213313
-101976,3000,22793.307191
-122128,3000,22808.319916
-129252,3000,22822.454988
-140532,3000,22837.025896
-136308,3000,22852.170131
-154520,3000,22867.044824
-119288,3000,22881.919075
-118228,3000,22896.682588
-122300,3000,22912.146264
-117008,3000,22927.267066
-117576,3000,22942.102374
-115260,3000,22956.834499
-122308,3000,22971.396823
-119096,3000,22986.508703
-126136,3000,23001.055698
-134320,3000,23016.160494
-131456,3000,23031.151795
-119332,3000,23046.169049
-141404,3000,23061.026034
-112616,3000,23075.434542
-108324,3000,23090.432426
-148516,3000,23105.777918
-129904,3000,23120.33943
-107512,3000,23134.643615
-127608,3000,23149.042358
-136092,3000,23164.006558
-133380,3000,23178.992975
-120324,3000,23194.038845
-118128,3000,23208.533122
-114320,3000,23223.038368
-128316,3000,23237.486808
-107524,3000,23251.555072
-118508,3000,23265.901976
-140404,3000,23280.635558
-119324,3000,23295.79647
-121076,3000,23311.145909
-104972,3000,23326.022089
-132460,3000,23341.059483
-112156,3000,23356.044528
-123140,3000,23370.721764
-111252,3000,23384.830567
-137464,3000,23399.425887
-101344,3000,23414.004156
-107204,3000,23428.560312
-113384,3000,23442.929279
-113908,3000,23457.553003
-129140,3000,23472.587238
-123236,3000,23486.770072
-127208,3000,23501.622521
-122388,3000,23516.151192
-106132,3000,23531.433272
-115972,3000,23545.752821
-111436,3000,23560.065782
-112344,3000,23574.143605
-119276,3000,23589.291051
-132464,3000,23609.317996
-118144,3000,23623.778622
-140472,3000,23638.489009
-107112,3000,23654.115441
-106264,3000,23668.533861
-123296,3000,23682.883121
-110288,3000,23697.458251
-138388,3000,23712.538771
-106120,3000,23726.710864
-125252,3000,23741.780615
-105124,3000,23756.342953
-115236,3000,23770.636071
-118336,3000,23784.947008
-113092,3000,23799.577751
-105984,3000,23814.345762
-122416,3000,23828.888313
-95032,3000,23842.961532
-135968,3000,23857.478932
-110140,3000,23872.164269
-110408,3000,23886.844132
-112016,3000,23901.846188
-103132,3000,23916.106276
-121560,3000,23930.291727
-103468,3000,23944.758598
-107344,3000,23959.462089
-79160,3000,23974.027966
-105400,3000,23988.620459
-106008,3000,24004.208982
-110060,3000,24019.07266
-100272,3000,24033.818399
-120424,3000,24048.655533
-109240,3000,24063.479145
-102208,3000,24077.895988
-110112,3000,24092.39327
-137364,3000,24107.328665
-116400,3000,24121.440333
-110336,3000,24135.714023
-99112,3000,24150.546247
-93292,3000,24165.604905
-119256,3000,24181.071583
-88008,3000,24195.899029
-117500,3000,24210.677119
-125244,3000,24226.091205
-96068,3000,24240.944052
-109048,3000,24256.282758
-119248,3000,24271.44766
-107136,3000,24286.097332
-113440,3000,24300.755523
-112116,3000,24315.60867
-113256,3000,24331.379255
-93904,3000,24346.25558
-88040,3000,24361.710212
-95988,3000,24376.416918
-104088,3000,24390.92489
-112272,3000,24405.717008
-90264,3000,24420.095701
-96212,3000,24435.754305
-95692,3000,24450.985053
-106980,3000,24465.983586
-89200,3000,24481.409628
-101428,3000,24496.61491
-114756,3000,24511.489427
-109188,3000,24526.405853
-91180,3000,24541.828265
-90052,3000,24557.05061
-85168,3000,24573.125459
-124460,3000,24594.776091
-119368,3000,24610.403156
-95108,3000,24627.731526
-88848,3000,24644.719002
-81072,3000,24661.630592
-111128,3000,24678.422509
-104240,3000,24695.356912
-96284,3000,24711.454108
-91028,3000,24728.273268
-89236,3000,24742.838908
-114348,3000,24757.97546
-98180,3000,24773.153856
-106976,3000,24788.750069
-112092,3000,24804.643554
-108404,3000,24820.072228
-95800,3000,24835.591342
-94248,3000,24850.752811
-96240,3000,24864.757576
-102992,3000,24879.893225
-100428,3000,24894.67062
-84996,3000,24909.042516
-118276,3000,24924.007162
-108220,3000,24939.768014
-131312,3000,24955.22067
-95228,3000,24969.880561
-90096,3000,24986.033348
-93268,3000,25000.914474
-103140,3000,25017.059416
-85972,3000,25033.586913
-91224,3000,25050.277997
-113088,3000,25066.033366
-100112,3000,25081.666764
-92728,3000,25097.53611
-104212,3000,25112.880221
-93036,3000,25127.145032
-96320,3000,25141.658019
-121152,3000,25156.080675
-109380,3000,25171.269888
-91964,3000,25186.198941
-103088,3000,25200.368167
-105168,3000,25215.018353
-94096,3000,25229.56014
-103080,3000,25244.265934
-104048,3000,25259.386221
-90116,3000,25273.835256
-94224,3000,25288.287111
-88140,3000,25303.244813
-104064,3000,25318.154255
-82120,3000,25332.726036
-94220,3000,25347.323128
-95072,3000,25362.241699
-98288,3000,25376.638063
-91040,3000,25391.13245
-77060,3000,25405.583823
-89944,3000,25420.434695
-92292,3000,25435.567162
-109104,3000,25450.403127
-73944,3000,25464.839736
-90944,3000,25478.945001
-78868,3000,25494.604588
-82032,3000,25509.838509
-86072,3000,25525.145364
-93028,3000,25539.957919
-101064,3000,25554.573519
-91044,3000,25569.154737
-78816,3000,25584.567748
-119204,3000,25599.823602
-108072,3000,25619.962646
-80032,3000,25634.36544
-77812,3000,25649.434123
-89948,3000,25664.015102
-94964,3000,25678.224348
-97212,3000,25692.334522
-84000,3000,25707.141797
-76972,3000,25722.309181
-102080,3000,25737.218443
-83176,3000,25751.990033
-84840,3000,25767.395788
-79900,3000,25782.125575
-83112,3000,25796.400921
-101048,3000,25810.628026
-96160,3000,25824.730214
-99052,3000,25839.35528
-74580,3000,25853.615465
-96008,3000,25868.748567
-96872,3000,25882.816647
-74168,3000,25896.931957
-89036,3000,25910.694535
-86176,3000,25925.31606
-87308,3000,25939.336696
-90172,3000,25953.326113
-85136,3000,25967.754691
-81676,3000,25981.875905
-96296,3000,25995.756643
-83880,3000,26009.714304
-83084,3000,26024.315632
-74828,3000,26038.162128
-97048,3000,26053.112746
-78852,3000,26067.651393
-91156,3000,26083.181838
-73684,3000,26098.262708
-81844,3000,26113.623199
-99008,3000,26128.038143
-82300,3000,26142.161123
-92292,3000,26156.692179
-73188,3000,26170.430474
-70044,3000,26184.346673
-88836,3000,26198.603614
-96896,3000,26213.249021
-89060,3000,26227.816878
-79116,3000,26242.224819
-86140,3000,26256.341423
-96676,3000,26271.241735
-79908,3000,26285.564342
-98292,3000,26299.593325
-84172,3000,26313.972569
-82156,3000,26328.096857
-86464,3000,26342.196202
-92080,3000,26356.636438
-87752,3000,26371.861443
-84080,3000,26386.58549
-83892,3000,26401.287737
-83552,3000,26416.340872
-69012,3000,26430.33508
-93132,3000,26444.586074
-96240,3000,26458.315309
-78960,3000,26473.45865
-79984,3000,26487.906526
-76112,3000,26502.416803
-94368,3000,26516.983074
-68104,3000,26531.496623
-77040,3000,26546.453289
-83956,3000,26561.606066
-82724,3000,26576.364799
-78088,3000,26596.751607
-78096,3000,26611.729619
-69792,3000,26626.94764
-77104,3000,26641.717417
-74776,3000,26656.318439
-69940,3000,26670.690298
-103308,3000,26685.085054
-68856,3000,26699.583075
-77876,3000,26714.063815
-94028,3000,26728.656922
-76932,3000,26743.816734
-84020,3000,26758.287472
-88132,3000,26773.186913
-86256,3000,26787.546217
-76072,3000,26801.527228
-93272,3000,26815.978561
-82960,3000,26830.062657
-75028,3000,26844.491057
-69908,3000,26858.949072
-78740,3000,26873.546148
-72248,3000,26888.170716
-83248,3000,26902.298483
-74016,3000,26917.245116
-81036,3000,26931.541514
-82684,3000,26946.58062
-89164,3000,26961.457747
-68052,3000,26975.986016
-79268,3000,26990.913057
-70580,3000,27006.084908
-67104,3000,27020.652951
-77808,3000,27035.786543
-62072,3000,27051.085084
-66000,3000,27065.833004
-64104,3000,27081.110409
-64892,3000,27095.863637
-64104,3000,27110.013553
-73776,3000,27124.875292
-77004,3000,27139.130855
-64020,3000,27153.663265
-61992,3000,27168.612101
-59972,3000,27183.090958
-90080,3000,27197.915694
-57816,3000,27212.769841
-64080,3000,27227.276409
-72148,3000,27241.420512
-67004,3000,27255.975123
-61940,3000,27270.507045
-71008,3000,27285.056111
-82064,3000,27299.726451
-76988,3000,27313.882693
-78896,3000,27327.853305
-94212,3000,27342.900678
-64840,3000,27357.673294
-44908,3000,27372.427181
-69216,3000,27387.524671
-62848,3000,27401.732633
-72160,3000,27416.460147
-54008,3000,27431.596474
-61036,3000,27446.081126
-76272,3000,27460.631402
-70784,3000,27475.425382
-61936,3000,27489.666751
-73976,3000,27504.473572
-63784,3000,27519.085895
-61576,3000,27533.673788
-60596,3000,27548.536817
-89048,3000,27569.043127
-60732,3000,27584.141982
-63840,3000,27599.088283
-65988,3000,27613.621231
-68692,3000,27628.839402
-48984,3000,27643.17607
-61808,3000,27657.632951
-67948,3000,27671.859185
-58920,3000,27685.606408
-64688,3000,27700.05767
-72004,3000,27714.177673
-75856,3000,27728.920424
-59668,3000,27743.698846
-61824,3000,27758.808297
-56640,3000,27773.759506
-48012,3000,27787.930888
-65856,3000,27802.540897
-59832,3000,27817.935389
-66988,3000,27832.027915
-66012,3000,27846.111424
-52904,3000,27860.816406
-54172,3000,27874.98367
-72972,3000,27889.430074
-59544,3000,27904.252793
-66980,3000,27919.052191
-71152,3000,27933.763303
-56100,3000,27947.770845
-66924,3000,27962.423297
-57548,3000,27976.900871
-61776,3000,27991.200534
-77988,3000,28005.744483
-55420,3000,28020.071681
-59884,3000,28034.770558
-58864,3000,28048.812691
-56844,3000,28063.095995
-43760,3000,28077.317794
-55000,3000,28091.557601
-59948,3000,28106.592451
-72984,3000,28121.100481
-61828,3000,28135.682287
-67912,3000,28150.698413
-82056,3000,28165.232617
-59932,3000,28179.693226
-58920,3000,28194.326398
-58772,3000,28208.542344
-52776,3000,28222.718847
-63076,3000,28237.463739
-68620,3000,28251.84795
-64164,3000,28266.516993
-57836,3000,28280.849052
-73888,3000,28295.520922
-55764,3000,28310.512963
-67576,3000,28325.664679
-52624,3000,28339.888463
-70196,3000,28355.765844
-58780,3000,28370.349023
-62008,3000,28385.2947
-49876,3000,28399.696679
-40656,3000,28414.532337
-62020,3000,28429.13088
-54712,3000,28444.099065
-54820,3000,28458.963764
-65116,3000,28473.543166
-61860,3000,28487.752336
-64596,3000,28502.334813
-46636,3000,28516.280657
-61972,3000,28530.848595
-41800,3000,28550.945234
-47772,3000,28565.456382
-47920,3000,28580.379328
-39540,3000,28595.540705
-50892,3000,28610.055939
-57704,3000,28624.175161
-59132,3000,28639.014838
-51824,3000,28653.879117
-52120,3000,28668.333939
-50240,3000,28682.514901
-52856,3000,28696.901345
-49344,3000,28711.919188
-46680,3000,28726.283448
-55076,3000,28739.863834
-39232,3000,28754.00984
-46632,3000,28768.16648
-66792,3000,28782.487877
-60024,3000,28796.80768
-55636,3000,28811.449514
-60148,3000,28825.404421
-47876,3000,28839.520586
-52876,3000,28853.95191
-61060,3000,28868.306269
-54868,3000,28882.648448
-58584,3000,28897.316368
-57988,3000,28911.472282
-49036,3000,28925.559784
-44912,3000,28939.103685
-60032,3000,28953.713688
-39956,3000,28968.336162
-41920,3000,28982.568223
-51892,3000,28997.086353
-51036,3000,29011.722596
-36800,3000,29026.153266
-69164,3000,29040.329032
-34896,3000,29054.604872
-41676,3000,29068.636195
-33760,3000,29082.964267
-58064,3000,29097.234821
-53628,3000,29111.218844
-52688,3000,29125.336286
-41684,3000,29139.866452
-49848,3000,29154.165625
-61924,3000,29168.586617
-50704,3000,29183.069569
-49692,3000,29197.271672
-44868,3000,29211.450573
-41064,3000,29225.978155
-58660,3000,29239.501384
-51688,3000,29253.701898
-58676,3000,29268.391902
-51868,3000,29282.907733
-63952,3000,29297.365611
-42828,3000,29311.750919
-48020,3000,29326.096173
-35548,3000,29340.230648
-37464,3000,29355.155603
-46712,3000,29369.545035
-41764,3000,29383.898015
-48432,3000,29398.468909
-41656,3000,29412.861534
-47844,3000,29427.758995
-37820,3000,29442.380009
-36904,3000,29456.216757
-48036,3000,29470.561054
-46872,3000,29484.408029
-32836,3000,29499.211857
-39744,3000,29519.403342
-52792,3000,29534.284771
-40432,3000,29549.050976
-42052,3000,29563.466246
-36764,3000,29578.165155
-40148,3000,29593.440428
-51736,3000,29608.198535
-38896,3000,29622.507007
-48636,3000,29637.309778
-52952,3000,29651.87601
-44524,3000,29666.779542
-54008,3000,29681.137367
-59952,3000,29695.661585
-47628,3000,29710.045641
-32768,3000,29724.458565
-36524,3000,29738.887282
-50700,3000,29754.141545
-45864,3000,29769.540964
-37552,3000,29783.49824
-36792,3000,29798.654099
-34860,3000,29813.401541
-33592,3000,29827.993603
-41632,3000,29843.010296
-36712,3000,29858.724093
-35628,3000,29874.356069
-47952,3000,29890.993338
-47812,3000,29907.392226
-26600,3000,29924.351589
-36756,3000,29938.767359
-36520,3000,29954.227505
-36732,3000,29969.176635
-36116,3000,29984.525438
-29508,3000,30001.299723
-41680,3000,30016.974807
-38724,3000,30032.726786
-52076,3000,30049.105119
-34016,3000,30063.345218
-22812,3000,30078.569142
-49640,3000,30095.192842
-33464,3000,30111.604956
-32536,3000,30127.385479
-48828,3000,30141.834557
-32908,3000,30158.446275
-24532,3000,30174.944962
-25760,3000,30191.629906
-32768,3000,30208.265438
-40708,3000,30224.26575
-33760,3000,30241.353455
-32864,3000,30259.752395
-33584,3000,30282.205458
-37472,3000,30303.624997
-29800,3000,30324.577394
-30984,3000,30342.730711
-32516,3000,30356.695857
-37800,3000,30372.050282
-51000,3000,30387.805672
-33624,3000,30404.159764
-35036,3000,30419.527253
-42900,3000,30433.852232
-28456,3000,30448.571638
-33800,3000,30462.749379
-24620,3000,30477.148899
-35620,3000,30491.273783
-33752,3000,30505.361243
-23740,3000,30519.258755
-32700,3000,30534.149915
-25628,3000,30554.302365
-44824,3000,30568.408565
-37600,3000,30582.920355
-24728,3000,30597.179404
-19268,3000,30612.173923
-39948,3000,30627.052409
-35484,3000,30641.05025
-28780,3000,30655.255721
-42972,3000,30669.434109
-30660,3000,30683.672074
-30620,3000,30698.20231
-27144,3000,30712.357952
-30640,3000,30726.833357
-26728,3000,30740.956115
-33156,3000,30754.585692
-27660,3000,30769.128229
-25824,3000,30783.494127
-19396,3000,30797.771738
-38784,3000,30811.733682
-31692,3000,30826.051563
-23672,3000,30840.194791
-18804,3000,30854.366447
-30728,3000,30869.552812
-21520,3000,30884.111849
-17652,3000,30898.501999
-31620,3000,30912.791941
-43500,3000,30927.699077
-29476,3000,30942.50545
-32696,3000,30957.177116
-17644,3000,30971.343894
-25820,3000,30985.415387
-29740,3000,30999.494478
-31664,3000,31013.627645
-21316,3000,31027.976403
-18320,3000,31042.46575
-22408,3000,31056.740269
-29780,3000,31071.051141
-17708,3000,31085.358493
-20412,3000,31099.481834
-21564,3000,31113.454836
-25628,3000,31128.034902
-33712,3000,31141.917607
-39596,3000,31156.030061
-24304,3000,31170.415472
-21912,3000,31184.76914
-30588,3000,31199.149788
-18568,3000,31213.299522
-33628,3000,31227.368517
-22412,3000,31240.96662
-29544,3000,31255.951723
-17676,3000,31270.14645
-17664,3000,31284.694178
-21532,3000,31299.133414
-20516,3000,31313.608235
-20708,3000,31327.843251
-16764,3000,31341.578445
-27564,3000,31355.576052
-26616,3000,31370.365583
-22988,3000,31384.676348
-24888,3000,31399.408637
-12604,3000,31413.940073
-23608,3000,31428.460263
-18528,3000,31442.350386
-16400,3000,31456.631275
-20728,3000,31470.427917
-31448,3000,31484.448343
-13908,3000,31498.45139
-21452,3000,31519.900781
-11608,3000,31534.383395
-20760,3000,31548.395206
-29072,3000,31562.287208
-20768,3000,31576.30703
-24732,3000,31590.728724
-21616,3000,31605.931656
-22608,3000,31620.49954
-20896,3000,31634.436203
-16308,3000,31648.189283
-11400,3000,31662.815557
-8724,3000,31677.324629
-21100,3000,31691.818486
-14712,3000,31705.359939
-17536,3000,31719.67775
-14948,3000,31733.476535
-15760,3000,31747.437154
-14592,3000,31761.68172
-19552,3000,31776.344645
-18632,3000,31790.100877
-20460,3000,31804.371725
-15620,3000,31818.671703
-8336,3000,31833.240062
-12704,3000,31847.837632
-16676,3000,31861.984923
-12776,3000,31876.565058
-6504,3000,31891.096403
-11564,3000,31905.326385
-17912,3000,31919.508826
-15616,3000,31934.246168
-11144,3000,31948.845521
-17784,3000,31962.947094
-12332,3000,31977.282584
-16604,3000,31991.556635
-11420,3000,32006.427415
-15544,3000,32020.927836
-16892,3000,32035.718382
-10628,3000,32049.798887
-13456,3000,32064.812195
-13732,3000,32079.547708
-17300,3000,32093.659162
-13884,3000,32107.705504
-13524,3000,32121.922138
-8448,3000,32135.851632
-17556,3000,32150.331669
-12348,3000,32164.323544
-9544,3000,32178.524705
-14612,3000,32192.916696
-6584,3000,32206.999639
-12992,3000,32220.766693
-8360,3000,32235.015613
-10664,3000,32249.464211
-13812,3000,32263.641183
-11504,3000,32278.321043
-10764,3000,32292.081541
-6544,3000,32306.077608
-5648,3000,32320.178828
-11884,3000,32333.696923
-6500,3000,32348.227396
-16916,3000,32361.937739
-944,3000,32376.08745
-18672,3000,32390.284336
-13644,3000,32403.95557
-8708,3000,32418.325173
-7288,3000,32432.689716
-4668,3000,32446.819148
-2472,3000,32461.227516
-7876,3000,32481.0461
-5452,3000,32495.526765
-6348,3000,32510.164488
-5276,3000,32524.500762
68,3000,32538.226001
-8376,3000,32552.934031
-8644,3000,32567.357844
-17720,3000,32581.622393
-10812,3000,32595.753463
-16772,3000,32609.825869
-3572,3000,32624.295299
-11876,3000,32638.609577
-8532,3000,32653.298076
-5748,3000,32667.659793
-12628,3000,32681.816182
-1604,3000,32696.418404
-6500,3000,32710.712722
-8416,3000,32725.130185
-13676,3000,32739.232241
1268,3000,32753.8769
-8920,3000,32767.703895
-4792,3000,32781.412459
-18528,3000,32796.282007
-4824,3000,32810.845461
-2512,3000,32825.54285
-2452,3000,32839.81153
-9040,3000,32853.957991
-9568,3000,32868.348397
-4624,3000,32882.396493
-9728,3000,32896.748111
-2492,3000,32910.840957
-9612,3000,32925.434894
-11696,3000,32939.763368
-14308,3000,32953.888817
-7736,3000,32967.330663
-6656,3000,32981.711481
-7716,3000,32995.84731
-6860,3000,33009.459828
-6668,3000,33023.06087
-12628,3000,33037.620665
-3764,3000,33051.5513
-13456,3000,33065.312219
-2048,3000,33079.20515
-7380,3000,33093.723218
-3652,3000,33107.813297
-9552,3000,33122.194015
-3740,3000,33135.884532
-5508,3000,33149.602066
-13620,3000,33163.061883
-11660,3000,33177.513744
-15644,3000,33191.795786
1172,3000,33205.774573
-10268,3000,33220.339889
-9832,3000,33234.334588
-3576,3000,33248.281855
-4676,3000,33262.335212
-13868,3000,33276.47961
-6676,3000,33289.913653
-12684,3000,33303.941339
-7448,3000,33318.296153
-12680,3000,33332.353362
-6988,3000,33346.500871
-4888,3000,33360.870847
-5752,3000,33374.744795
-11584,3000,33389.164847
-11524,3000,33403.639308
-7532,3000,33423.848166
-9124,3000,33437.283872
-8876,3000,33451.374299
-1344,3000,33466.262449
-6856,3000,33480.15523
-14916,3000,33493.654718
-12676,3000,33507.625813
-15444,3000,33521.639702
-556,3000,33535.504142
-3664,3000,33549.782488
-4356,3000,33564.316581
-6276,3000,33578.402946
-13696,3000,33592.87009
-5636,3000,33607.242074
-6432,3000,33621.144233
-6652,3000,33635.794503
-5592,3000,33649.779296
-9660,3000,33664.357803
-8660,3000,33678.575889
-568,3000,33692.635254
-7792,3000,33706.883614
-6896,3000,33720.837554
-7484,3000,33734.772321
-13888,3000,33748.380658
-4340,3000,33762.401187
-4584,3000,33776.521239
-10956,3000,33790.23305
-8752,3000,33804.410244
-11820,3000,33818.980481
-8228,3000,33833.536284
-3544,3000,33847.013445
-2652,3000,33861.323063
-10880,3000,33875.675549
-6608,3000,33890.204137
-8924,3000,33904.307897
-17032,3000,33918.054893
-872,3000,33931.790982
-8696,3000,33945.955167
-8492,3000,33960.452711
-9580,3000,33974.496161
-1848,3000,33988.354672
-1516,3000,34002.761762
-14496,3000,34017.262685
-9496,3000,34030.794548
-10600,3000,34045.177384
-15712,3000,34060.075784
-9840,3000,34074.187931
-4976,3000,34088.555152
-5696,3000,34102.200575
-7576,3000,34116.125556
-14740,3000,34129.633956
-10652,3000,34143.803934
-7752,3000,34158.042729
-4312,3000,34171.948673
-10424,3000,34186.052331
-8740,3000,34200.647042
-2672,3000,34214.897581
-4704,3000,34229.142797
-5628,3000,34242.840107
-14816,3000,34256.647006
-3620,3000,34270.876935
-11540,3000,34285.014029
-4592,3000,34299.34909
-5608,3000,34314.457791
-5504,3000,34328.830628
-4512,3000,34343.094198
-10732,3000,34356.651847
-1772,3000,34376.432802
-4372,3000,34390.959007
-5568,3000,34405.264021
-9692,3000,34419.5142
-11304,3000,34433.795248
-2344,3000,34447.932851
-2564,3000,34462.541533
-1996,3000,34476.780226
-3608,3000,34490.588243
-6704,3000,34504.979771
-13856,3000,34519.104163
-7892,3000,34533.597566
-6576,3000,34547.7142
-15804,3000,34562.351038
-11608,3000,34577.015806
-7784,3000,34591.332362
-6656,3000,34605.530755
-11736,3000,34619.662498
-6740,3000,34634.102502
-8552,3000,34648.281729
-10288,3000,34662.641446
-19596,3000,34677.166615
-8620,3000,34691.030475
-3624,3000,34705.316331
-6528,3000,34719.622529
-6640,3000,34734.148802
-20808,3000,34748.529964
-14572,3000,34763.217561
-7480,3000,34777.350665
-4752,3000,34791.575604
-3476,3000,34806.229892
-10592,3000,34821.171632
-13576,3000,34834.67668
-9780,3000,34849.123139
-3944,3000,34863.085355
-7764,3000,34877.363042
-10436,3000,34891.69288
-11616,3000,34906.668495
-7396,3000,34920.719611
-7452,3000,34935.081174
-7636,3000,34949.0775
-5532,3000,34963.307031
-11608,3000,34977.394899
-5256,3000,34991.934031
-1504,3000,35006.399102
-9844,3000,35019.940523
-9488,3000,35034.246652
-12724,3000,35048.602014
-1552,3000,35062.736135
-7660,3000,35077.230641
-7748,3000,35091.094815
-10760,3000,35105.228495
-9448,3000,35119.267955
-2868,3000,35132.931528
-8672,3000,35147.256171
-6916,3000,35161.065023
-4876,3000,35175.375304
-4952,3000,35189.305779
-7572,3000,35203.373395
-13812,3000,35217.561043
-3620,3000,35231.567618
-8936,3000,35245.367203
-7464,3000,35259.359764
-5464,3000,35273.825701
-2356,3000,35288.053549
-2548,3000,35302.602165
-4880,3000,35316.0564
-4660,3000,35335.464947
-5764,3000,35349.431743
-592,3000,35363.787046
-10708,3000,35377.90923
-5672,3000,35392.567313
-6540,3000,35406.430028
1288,3000,35420.595417
-8960,3000,35434.847446
-5524,3000,35449.637818
-8692,3000,35464.333967
-11628,3000,35478.508848
-6948,3000,35492.553731
-1696,3000,35507.064309
-1960,3000,35520.76865
-9980,3000,35534.445066
-3460,3000,35548.851299
-5804,3000,35562.837171
-7428,3000,35577.211355
-2488,3000,35591.403521
-7592,3000,35605.594007
-1800,3000,35619.923124
-4700,3000,35634.225437
-4428,3000,35648.310623
-7628,3000,35662.933979
-1692,3000,35677.206622
-10944,3000,35691.338822
-7304,3000,35705.279829
-7588,3000,35719.640136
-5696,3000,35733.99872
-1720,3000,35748.414946
-4776,3000,35763.244562
-6404,3000,35777.359786
-4824,3000,35791.09125
-13884,3000,35805.149266
-13648,3000,35819.336772
-16908,3000,35833.013577
-2572,3000,35846.927885
-5684,3000,35861.214756
-8060,3000,35875.412416
-11876,3000,35889.584856
-15480,3000,35904.047372
-4680,3000,35918.981149
-8784,3000,35933.000444
-3368,3000,35947.058022
-9728,3000,35961.033872
-7900,3000,35975.26603
-11744,3000,35989.293302
-8316,3000,36003.726133
-7472,3000,36018.476327
-688,3000,36033.028804
-5480,3000,36047.902493
-20708,3000,36062.192314
-10808,3000,36075.889972
-9120,3000,36090.228182
-14692,3000,36104.046801
-14736,3000,36117.629145
-17572,3000,36131.876415
-11736,3000,36145.74098
-2600,3000,36159.7527
-11500,3000,36174.248611
-7472,3000,36188.954467
-5752,3000,36203.202317
-4596,3000,36216.973608
-17420,3000,36231.706929
-7228,3000,36246.369936
-5612,3000,36260.894645
-14712,3000,36281.007101
-3552,3000,36295.403047
-7864,3000,36309.37886
-6052,3000,36323.82042
-1564,3000,36338.499456
-8744,3000,36351.882035
-5540,3000,36366.04378
-5744,3000,36379.890377
-6616,3000,36393.890524
-5560,3000,36408.280056
-9664,3000,36422.157576
-13712,3000,36436.232023
-8736,3000,36450.027139
-6620,3000,36464.182377
-7676,3000,36478.262929
-10828,3000,36492.643199
-2468,3000,36506.565617
-5548,3000,36521.336759
-14976,3000,36535.606001
-5004,3000,36549.643306
-8732,3000,36563.930635
-13728,3000,36577.822172
-10704,3000,36592.356444
-6736,3000,36606.863494
-4532,3000,36620.920061
-4576,3000,36635.277145
-7540,3000,36649.773734
-6680,3000,36664.251799
-3608,3000,36679.150094
-6296,3000,36694.014952
-16936,3000,36708.669892
-1656,3000,36722.830198
-4644,3000,36737.102479
-9208,3000,36751.632782
-17744,3000,36765.979906
-8432,3000,36780.225467
-5756,3000,36794.721209
-6600,3000,36809.226182
-5784,3000,36824.182199
-1548,3000,36839.762518
-10636,3000,36854.395149
-16940,3000,36868.587856
-4732,3000,36883.054173
-7896,3000,36896.789759
-2508,3000,36910.517296
2168,3000,36925.013613
-5808,3000,36939.129981
-3596,3000,36953.940181
-11804,3000,36967.987284
-12596,3000,36982.46763
-11624,3000,36997.078876
-12332,3000,37010.41181
-3336,3000,37024.921078
-5464,3000,37039.086614
-6912,3000,37053.049774
-7736,3000,37067.018611
-11804,3000,37080.994066
-8456,3000,37095.458226
-5680,3000,37109.578304
-13824,3000,37123.424715
-12896,3000,37138.286708
-12512,3000,37152.872413
-3276,3000,37167.71857
-13656,3000,37182.15757
-12712,3000,37196.195383
-10864,3000,37210.665618
-6420,3000,37225.142561
1316,3000,37244.955482
-7552,3000,37259.782367
-10624,3000,37274.150417
-4636,3000,37288.107078
-7856,3000,37302.333131
-6600,3000,37316.307442
-8736,3000,37330.334237
-7728,3000,37345.202997
-5056,3000,37359.418539
-5692,3000,37373.685465
-10820,3000,37388.517579
-3488,3000,37403.307183
-10664,3000,37418.021095
-2584,3000,37432.356271
-1540,3000,37446.142701
-5528,3000,37460.458342
-7560,3000,37475.054686
-3620,3000,37489.267447
-4360,3000,37503.513664
-480,3000,37518.18089
-7556,3000,37532.887963
-5988,3000,37546.579221
-13692,3000,37560.418055
-4788,3000,37574.00441
-11560,3000,37588.167382
-5792,3000,37601.541901
-5740,3000,37616.201323
-11688,3000,37630.790611
-11600,3000,37645.110568
-3464,3000,37659.80591
-7712,3000,37673.803708
-3628,3000,37688.335254
-13696,3000,37702.931272
-9612,3000,37717.860152
-5768,3000,37732.378485
-9560,3000,37746.638057
-4764,3000,37761.549136
-6888,3000,37776.062464
-6032,3000,37789.628267
-9772,3000,37803.98118
-9844,3000,37818.235813
-6596,3000,37832.123408
-8480,3000,37846.80273
-3752,3000,37861.234191
-9752,3000,37875.515754
-10752,3000,37889.546194
-7580,3000,37903.227278
-7668,3000,37917.553185
-7772,3000,37931.3136
-9648,3000,37945.985219
-9736,3000,37960.191922
-3880,3000,37974.104546
-13856,3000,37988.516086
-10676,3000,38002.551238
-6816,3000,38016.622905
-9664,3000,38030.952658
-5556,3000,38044.993751
-13600,3000,38059.32588
-10504,3000,38073.869243
-6420,3000,38088.415461
-5052,3000,38102.427869
-8820,3000,38116.238949
-676,3000,38130.341222
-7884,3000,38144.161657
-3508,3000,38158.454098
-10936,3000,38172.463052
-8864,3000,38186.140801
-6424,3000,38206.340383
-11540,3000,38220.401664
-7836,3000,38234.694656
-756,3000,38249.014674
-13808,3000,38263.421159
-1740,3000,38277.484932
-10492,3000,38292.210754
-9712,3000,38306.771714
-3696,3000,38320.501178
-6624,3000,38334.487012
-4648,3000,38348.346125
-12748,3000,38362.857627
-6784,3000,38376.824608
-11552,3000,38391.354711
-7508,3000,38405.553578
-13864,3000,38419.300742
-11388,3000,38433.82959
-5976,3000,38448.241618
-12404,3000,38462.825614
-7844,3000,38476.621345
-7644,3000,38490.941203
-3560,3000,38505.573797
-7000,3000,38519.486056
-7808,3000,38533.970516
-7620,3000,38548.305159
-4008,3000,38562.116711
-7612,3000,38576.472243
-2656,3000,38590.862707
-1652,3000,38604.715935
-12580,3000,38619.18176
-8444,3000,38632.779283
-11752,3000,38647.869412
-2352,3000,38662.788982
-6688,3000,38676.814015
-11596,3000,38691.492127
-9080,3000,38705.646958
-4856,3000,38719.720247
-12592,3000,38733.534903
-8532,3000,38747.840874
-5796,3000,38762.000972
-5688,3000,38776.201016
-7636,3000,38790.216898
-7712,3000,38804.719259
-10932,3000,38818.989319
-2656,3000,38833.084574
-6672,3000,38847.960523
-4968,3000,38861.893008
-7672,3000,38876.02871
-4788,3000,38890.662018
-7888,3000,38905.022822
-6656,3000,38919.214773
-15420,3000,38933.447086
-8992,3000,38947.208086
-15984,3000,38961.502666
-10384,3000,38975.764091
-6568,3000,38990.236843
-5560,3000,39004.87276
3360,3000,39019.264402
-8656,3000,39033.63152
-5900,3000,39048.021827
-7744,3000,39061.878574
-10844,3000,39076.504326
-3636,3000,39090.518301
-14612,3000,39104.694135
-7576,3000,39119.548199
-10776,3000,39134.46063
-5368,3000,39154.811658
-22864,3000,39169.408018
-11656,3000,39184.383096
-7188,3000,39199.138353
-5844,3000,39213.479702
-7728,3000,39227.916467
-5760,3000,39242.448796
-8004,3000,39256.768482
-13012,3000,39271.013923
-7832,3000,39285.013427
-9596,3000,39299.189619
-8856,3000,39313.080342
-4812,3000,39327.044659
-2572,3000,39341.14401
-15644,3000,39356.235121
-3764,3000,39370.203451
-8036,3000,39384.276813
-8476,3000,39399.119914
-3384,3000,39413.068204
-7764,3000,39427.004525
-16600,3000,39442.060875
-9584,3000,39456.237311
-7000,3000,39470.444319
-12736,3000,39485.198487
-13520,3000,39500.003333
-2776,3000,39514.770773
-5872,3000,39529.406122
-7020,3000,39543.882381
-6752,3000,39557.713645
-1028,3000,39571.489092
-6692,3000,39586.091111
-3788,3000,39600.014368
-9788,3000,39613.854529
-8668,3000,39628.419063
-6332,3000,39643.012191
432,3000,39656.884562
-3772,3000,39671.370202
-20684,3000,39685.920629
-7604,3000,39699.702733
-10704,3000,39714.286714
-5360,3000,39728.360242
-2800,3000,39742.115742
-10928,3000,39756.676793
-10780,3000,39770.82627
-6756,3000,39785.389158
-3816,3000,39799.58066
-9928,3000,39813.845469
-8896,3000,39827.628442
-5936,3000,39841.253603
-7624,3000,39855.320529
-1780,3000,39869.704811
-17672,3000,39884.266447
-6768,3000,39899.064386
-7832,3000,39913.350764
-12660,3000,39927.68257
-2684,3000,39941.70656
-6640,3000,39955.795899
-5592,3000,39969.630833
-5536,3000,39983.335325
-10504,3000,39997.848894
-7100,3000,40011.944243
-5924,3000,40025.977104
-8868,3000,40039.779131
-9580,3000,40054.139176
-3780,3000,40068.745627
-6552,3000,40083.311997
-8928,3000,40098.031558
-8568,3000,40118.353347
-8812,3000,40133.02784
-4600,3000,40147.258534
-15780,3000,40162.079166
-7680,3000,40176.348969
-12316,3000,40190.805759
-6720,3000,40205.293607
-6640,3000,40219.962442
-7792,3000,40234.401569
-9032,3000,40248.391892
-6448,3000,40262.35342
-5824,3000,40276.656793
-10928,3000,40291.242713
-10640,3000,40304.995216
-8904,3000,40319.329442
-2376,3000,40334.227097
-3064,3000,40347.96349
-4168,3000,40362.347654
-1520,3000,40377.339895
-12556,3000,40392.271009
-8368,3000,40406.883729
-3604,3000,40421.461614
-15696,3000,40435.719618
-2676,3000,40449.906236
-6840,3000,40464.048349
-3580,3000,40478.162293
-6752,3000,40492.347893
-2752,3000,40506.415591
-2072,3000,40520.159081
-9644,3000,40534.740573
-3668,3000,40549.193999
-12992,3000,40562.902334
-10720,3000,40577.142973
-3808,3000,40591.170261
-8508,3000,40604.790454
-7676,3000,40618.350533
-7672,3000,40632.713306
-14956,3000,40647.23282
-10640,3000,40661.873477
-4596,3000,40676.734456
-13852,3000,40691.366165
-10948,3000,40705.466833
-9736,3000,40719.876822
-5072,3000,40734.820179
-7012,3000,40748.751883
-1604,3000,40763.439357
-4740,3000,40778.231824
-9764,3000,40792.394607
-7876,3000,40806.57852
-8572,3000,40821.363683
-9912,3000,40835.306661
-3620,3000,40849.616892
-6728,3000,40863.942561
-5500,3000,40878.279313
-8732,3000,40892.709739
-3896,3000,40906.693111
-20800,3000,40921.330799
-4988,3000,40935.861286
-16524,3000,40950.722973
-8416,3000,40965.181173
-5768,3000,40978.99041
-8820,3000,40992.940145
-6680,3000,41007.134159
-8588,3000,41021.458991
-5796,3000,41035.717673
-11896,3000,41049.790617
-14828,3000,41063.893674
-5768,3000,41083.56435
-5676,3000,41097.890933
-7668,3000,41112.279029
-4496,3000,41126.672478
-10904,3000,41140.488809
-1404,3000,41154.682681
-2832,3000,41168.721244
-9724,3000,41183.20285
-8416,3000,41197.471034
-3112,3000,41211.978109
-12848,3000,41226.416178
-8660,3000,41240.770989
-8748,3000,41254.741076
-8656,3000,41269.19987
-5144,3000,41282.890113
-5652,3000,41297.905721
-744,3000,41311.8487
-20592,3000,41326.551175
-908,3000,41341.207717
-10692,3000,41355.593594
-12860,3000,41369.345314
-8788,3000,41383.859234
-5608,3000,41398.089223
-11892,3000,41412.183501
-7740,3000,41426.822748
-12692,3000,41441.394808
-5568,3000,41456.334875
-10468,3000,41471.223264
-16676,3000,41485.89025
-10756,3000,41500.451728
-6660,3000,41514.661636
-10912,3000,41529.092266
-5908,3000,41543.81601
-544,3000,41558.096386
-10940,3000,41571.951729
-3248,3000,41586.296911
-11624,3000,41600.463648
-4916,3000,41614.221471
-7944,3000,41628.525887
-7616,3000,41642.832142
-7772,3000,41657.070469
-9036,3000,41671.764857
-6648,3000,41686.071018
-8648,3000,41700.789855
-13944,3000,41715.242762
-3408,3000,41729.874584
-7768,3000,41744.161536
-6892,3000,41757.837536
-3552,3000,41772.203933
-4980,3000,41786.098983
-14692,3000,41800.325461
-6444,3000,41814.919415
-4396,3000,41829.427021
-12424,3000,41843.802407
-12816,3000,41857.90621
-7704,3000,41872.360705
-10524,3000,41886.534745
-6884,3000,41901.146024
-6600,3000,41915.679306
-10636,3000,41930.168704
-8696,3000,41944.741111
-2484,3000,41959.692691
-9040,3000,41973.909005
-10060,3000,41988.144746
-4652,3000,42002.118618
-7604,3000,42016.852496
-3608,3000,42036.862925
-6000,3000,42051.242992
-9984,3000,42065.23812
-11648,3000,42080.262751
-7920,3000,42095.164829
-4776,3000,42109.893708
-15892,3000,42123.967862
-6592,3000,42138.009084
-3840,3000,42152.085503
-6652,3000,42166.278734
-12420,3000,42180.723104
-10620,3000,42195.234499
-7728,3000,42209.341838
-11672,3000,42223.291447
-10724,3000,42237.869376
-4704,3000,42252.43763
-8028,3000,42266.645377
-14804,3000,42281.430425
-5768,3000,42295.764498
-18008,3000,42310.101339
-12112,3000,42323.722801
-7776,3000,42337.872445
-1632,3000,42352.304412
-12568,3000,42366.866847
-2640,3000,42380.752616
-6724,3000,42395.098464
-8600,3000,42409.420948
-9264,3000,42423.269932
-7280,3000,42438.107323
-3916,3000,42452.566252
-4812,3000,42466.603615
-7636,3000,42481.036262
-9728,3000,42495.348605
-11928,3000,42509.666896
-496,3000,42523.673092
-4740,3000,42538.391666
-4704,3000,42552.776953
-5600,3000,42567.168312
-5732,3000,42581.321258
-10808,3000,42595.579127
-5740,3000,42609.785249
-4820,3000,42624.257005
-7840,3000,42638.811213
-9600,3000,42653.429808
-7612,3000,42667.930053
356,3000,42682.185828
-1684,3000,42696.917383
-6432,3000,42711.325715
-6708,3000,42725.214251
2216,3000,42739.360605
-9928,3000,42754.043921
-9752,3000,42768.427842
-660,3000,42783.115806
-6532,3000,42797.409069
-11196,3000,42811.46798
-14896,3000,42826.079071
-15588,3000,42840.347854
-2576,3000,42854.830002
-13436,3000,42869.949305
-3404,3000,42884.122277
-640,3000,42898.374516
-2784,3000,42912.492585
-9556,3000,42926.604433
-11640,3000,42941.21041
-8780,3000,42955.566172
-9720,3000,42970.645449
-3472,3000,42984.908484
-10548,3000,43004.988037
-13588,3000,43018.852605
-6648,3000,43034.27093
-3816,3000,43048.439793
-10864,3000,43062.343009
-6948,3000,43076.37912
-9376,3000,43090.529043
4224,3000,43104.513572
-6572,3000,43118.666006
-7704,3000,43133.435749
-2744,3000,43147.67806
-12464,3000,43162.220298
-20664,3000,43176.419158
-6864,3000,43191.092681
-4860,3000,43205.855605
-3764,3000,43220.083004
-5540,3000,43234.970703
-11864,3000,43248.956394
-6888,3000,43263.323512
-8076,3000,43277.742484
-10592,3000,43292.154296
-4628,3000,43306.510793
-11444,3000,43321.135166
-3520,3000,43335.722414
492,3000,43350.314948
-8032,3000,43364.543325
-6660,3000,43378.956817
-8936,3000,43392.999871
-7596,3000,43407.158856
-1936,3000,43421.401934
-5880,3000,43435.48461
-13040,3000,43449.606825
-14096,3000,43463.341191
-2456,3000,43477.850363
-7604,3000,43492.245181
-640,3000,43506.634853
-5644,3000,43521.295118
-12572,3000,43535.892649
-8832,3000,43550.240619
-5632,3000,43564.111012
-6748,3000,43578.641478
-852,3000,43592.855909
-5792,3000,43607.200005
-4632,3000,43622.04252
-3776,3000,43636.566298
-8792,3000,43651.247923
-10620,3000,43666.015143
-17736,3000,43680.612349
-9804,3000,43694.849028
-5556,3000,43709.382236
-7988,3000,43723.669416
-7856,3000,43737.972236
-4332,3000,43752.823493
-4844,3000,43767.028428
-13596,3000,43781.221471
-636,3000,43796.063168
-9636,3000,43810.686583
-6520,3000,43825.46848
-7480,3000,43839.898992
-9528,3000,43854.253055
-5768,3000,43869.28921
-6696,3000,43884.247711
-16876,3000,43898.305899
-10504,3000,43913.016839
-6796,3000,43927.733845
-10800,3000,43942.100083
-7716,3000,43957.099352
-8668,3000,43977.691478
-5304,3000,43991.974647
-12812,3000,44006.368851
-5620,3000,44020.873197
-3924,3000,44034.965396
-16960,3000,44049.343237
-8000,3000,44063.31475
-8728,3000,44077.477925
-10712,3000,44091.823364
-768,3000,44105.454976
-8020,3000,44119.638106
-14468,3000,44133.49167
-8768,3000,44147.83384
-9828,3000,44161.891408
-3816,3000,44176.085279
-704,3000,44190.303713
-7984,3000,44204.453962
-9928,3000,44218.263343
-9600,3000,44232.387793
-6832,3000,44246.867207
-5444,3000,44261.10233
-804,3000,44275.542036
-8860,3000,44290.117671
-10804,3000,44304.471008
104,3000,44318.980173
-14648,3000,44333.135479
-3712,3000,44347.914215
-13976,3000,44362.329326
-12524,3000,44376.909799
-8804,3000,44391.416006
44,3000,44405.818856
-8536,3000,44420.282219
-6780,3000,44434.263809
-4804,3000,44448.490581
-12604,3000,44462.767371
-2604,3000,44476.866896
-14612,3000,44491.099971
-8600,3000,44505.931375
-9668,3000,44520.061322
-3432,3000,44534.684078
-4540,3000,44548.72153
-4720,3000,44562.816464
-6732,3000,44577.160635
-8752,3000,44590.860058
-4660,3000,44604.869583
-10888,3000,44618.490926
-10064,3000,44632.570244
-7784,3000,44645.950444
-6640,3000,44659.741096
-5940,3000,44673.565187
-5748,3000,44687.893835
-7248,3000,44701.709886
-7604,3000,44715.753767
-10488,3000,44729.558518
-7556,3000,44744.201628
-6340,3000,44758.93723
-1848,3000,44773.049956
-3492,3000,44787.707135
-4636,3000,44802.051161
-9684,3000,44816.385082
-6676,3000,44830.848066
-8640,3000,44845.42975
-4880,3000,44860.234428
-13756,3000,44874.584516
-18796,3000,44889.254841
-17880,3000,44903.781464
-6492,3000,44923.946941
-1816,3000,44938.077939
-10824,3000,44952.628687
-11748,3000,44966.657353
-13692,3000,44980.294309
-11616,3000,44994.372375
-7348,3000,45008.511805
-5748,3000,45022.619738
-7628,3000,45036.562549
-13716,3000,45051.002961
-8576,3000,45065.41466
-3984,3000,45079.226338
-13080,3000,45093.042772
-11080,3000,45106.838121
-2564,3000,45121.20096
-9480,3000,45135.145956
-7468,3000,45149.800119
-6516,3000,45163.569917
-15944,3000,45177.974244
-5592,3000,45192.457476
-7680,3000,45206.447019
-10852,3000,45220.315695
-8460,3000,45234.601414
-10420,3000,45248.619559
-9572,3000,45263.81625
-1464,3000,45278.762597
-6696,3000,45293.185627
-13888,3000,45307.090269
-3808,3000,45320.811402
-9880,3000,45335.106569
-3572,3000,45349.455164
-2480,3000,45363.736233
-2424,3000,45378.755534
-2700,3000,45393.399055
-11604,3000,45407.33952
-9548,3000,45421.979479
-12572,3000,45436.48158
-9368,3000,45451.497672
-1580,3000,45466.530032
-6632,3000,45481.001574
-1668,3000,45495.568599
-2124,3000,45509.517571
-772,3000,45523.708375
-12664,3000,45537.524992
-8764,3000,45551.134223
-5776,3000,45565.152049
-5608,3000,45579.147042
-2796,3000,45592.933812
-7672,3000,45606.986078
-12580,3000,45621.785908
-10736,3000,45635.539761
-3596,3000,45649.476361
-2588,3000,45663.566649
-10916,3000,45677.359977
-616,3000,45691.947623
-18664,3000,45706.678171
-12628,3000,45720.894585
-5720,3000,45735.717156
-5444,3000,45750.675725
-13816,3000,45764.996985
-25788,3000,45779.388469
-12680,3000,45793.405984
-13620,3000,45807.091801
-2420,3000,45821.729519
-18396,3000,45836.240108
-6448,3000,45850.826928
-12560,3000,45865.381777
-7788,3000,45885.61907
-11804,3000,45899.999601
-7776,3000,45914.133809
-4900,3000,45927.721399
-7536,3000,45942.21538
-2800,3000,45956.188937
536,3000,45970.699476
-10832,3000,45984.84901
-3720,3000,45999.18607
-5660,3000,46013.412275
-5836,3000,46027.456176
-6548,3000,46041.578164
-6732,3000,46055.92957
-9924,3000,46069.964703
-14436,3000,46084.821746
-632,3000,46099.359726
-6700,3000,46113.632877
-11492,3000,46127.973504
-9684,3000,46142.25737
-18752,3000,46156.573811
-11576,3000,46170.706151
-3412,3000,46185.362931
-15008,3000,46199.471051
-15048,3000,46213.828926
-8996,3000,46227.531034
-4444,3000,46241.491017
-17820,3000,46256.095107
-14900,3000,46269.971848
-9388,3000,46284.022546
-12572,3000,46297.964833
-10044,3000,46311.384415
-7676,3000,46325.451482
-10208,3000,46340.121446
-6616,3000,46354.76228
-8724,3000,46368.817977
-11576,3000,46383.518959
-6636,3000,46397.720974
-11808,3000,46411.819155
-8548,3000,46426.056653
-1640,3000,46440.379297
-9060,3000,46454.019946
-9572,3000,46468.800661
-10928,3000,46483.044497
-6588,3000,46497.529487
-3728,3000,46511.449934
-12612,3000,46526.052219
-3600,3000,46540.377059
-3772,3000,46554.986746
-5736,3000,46568.922936
-10676,3000,46583.03762
-16888,3000,46597.362738
-6932,3000,46611.664392
-6804,3000,46625.768801
-10828,3000,46639.975585
-13704,3000,46654.528902
-11488,3000,46669.156387
-6700,3000,46683.787563
-888,3000,46698.214327
-8392,3000,46712.62123
-10472,3000,46727.029123
-7772,3000,46741.543408
-8520,3000,46755.929082
-7628,3000,46770.041576
-3276,3000,46785.05633
1512,3000,46799.662077
-6428,3000,46814.084937
-10680,3000,46828.735984
-3624,3000,46849.26924
-8664,3000,46864.04412
-14560,3000,46878.485564
-11552,3000,46892.928651
-4476,3000,46906.992668
-2464,3000,46921.408979
-7720,3000,46935.921124
-15724,3000,46950.096594
-10848,3000,46964.25837
-5908,3000,46978.691025
-5836,3000,46993.036708
-1532,3000,47007.273219
-6780,3000,47021.869921
-12508,3000,47035.574722
-10500,3000,47050.203234
-16708,3000,47064.026844
-11668,3000,47078.877018
-2636,3000,47093.474255
-6584,3000,47107.876788
-9580,3000,47122.479558
-3856,3000,47136.575481
-2696,3000,47151.044277
-2748,3000,47165.143612
-6508,3000,47179.369621
-9608,3000,47192.945449
-9864,3000,47207.14072
-8784,3000,47221.517368
-6780,3000,47235.38135
-3472,3000,47249.964674
-6684,3000,47263.457317
-4888,3000,47277.220906
-8528,3000,47291.158487
-12716,3000,47305.409175
-3828,3000,47319.641555
-5880,3000,47333.894483
-4592,3000,47347.825974
-7792,3000,47361.859638
-11852,3000,47376.040328
-9752,3000,47389.622597
-5708,3000,47403.662104
-11308,3000,47418.426783
-568,3000,47432.902125
-11844,3000,47447.036983
-10576,3000,47461.430993
-1712,3000,47475.577989
-9520,3000,47489.845992
-1376,3000,47504.268806
-11756,3000,47518.876558
-7512,3000,47533.972222
-3516,3000,47548.199413
-5620,3000,47562.992327
-11616,3000,47577.289225
-8740,3000,47592.024788
-12080,3000,47606.306943
-10732,3000,47620.441639
-8616,3000,47635.138787
-4456,3000,47649.273636
-9480,3000,47663.874368
-8536,3000,47678.045131
-16548,3000,47692.362222
-4428,3000,47706.460121
-13476,3000,47721.413702
-3748,3000,47735.852638
-5480,3000,47750.338911
-8812,3000,47764.543175
-412,3000,47779.265588
-14768,3000,47799.121104
-10720,3000,47813.654946
-7624,3000,47828.146598
316,3000,47842.594834
-8396,3000,47856.948524
-12564,3000,47871.162986
-1676,3000,47885.585047
-9564,3000,47899.990838
-6724,3000,47914.1847
-4496,3000,47929.217665
-15652,3000,47943.334265
-3616,3000,47957.657038
-6648,3000,47971.990928
-5504,3000,47986.091936
-8884,3000,47999.94
-5640,3000,48014.052006
-12736,3000,48028.718769
-5676,3000,48043.40805
-5480,3000,48057.669712
-4644,3000,48071.840697
-13428,3000,48086.232307
-11312,3000,48100.589686
-15520,3000,48115.373101
-4648,3000,48130.03806
-5336,3000,48144.793613
-6524,3000,48159.375882
-5660,3000,48174.062884
-19576,3000,48188.476737
-5700,3000,48202.950366
-1612,3000,48216.945366
-8384,3000,48231.176641
-13496,3000,48245.575709
-3496,3000,48260.042585
-13676,3000,48274.65034
-8888,3000,48289.265945
-14660,3000,48303.815842
-10300,3000,48319.106745
-9588,3000,48334.063478
-10832,3000,48348.444928
-13868,3000,48362.485273
-3364,3000,48376.780107
-5696,3000,48391.276556
-5756,3000,48404.968666
-6540,3000,48419.795285
-5436,3000,48434.229255
-9484,3000,48448.401742
-13576,3000,48462.542332
-14652,3000,48476.948395
-6788,3000,48491.029263
-7620,3000,48505.630123
-1836,3000,48519.429041
-18388,3000,48534.068134
-8540,3000,48548.374243
-12576,3000,48562.393995
-11928,3000,48576.463332
-6676,3000,48590.730552
-520,3000,48604.666297
-15552,3000,48619.167748
-1576,3000,48633.361049
-6848,3000,48646.985774
-11676,3000,48660.74176
-13536,3000,48674.935459
-9700,3000,48689.133017
616,3000,48703.295993
-2704,3000,48717.99913
-1484,3000,48731.917476
-9612,3000,48745.930438
-3804,3000,48765.818455
-8624,3000,48779.926975
-1528,3000,48794.418672
-7228,3000,48808.875823
-16460,3000,48823.237083
-13472,3000,48837.702654
-10504,3000,48852.016972
-496,3000,48866.284385
-6700,3000,48880.385503
-12592,3000,48894.541955
-5700,3000,48908.326829
-4644,3000,48923.010831
-7844,3000,48937.091527
-7432,3000,48950.853824
-9708,3000,48964.555779
-12048,3000,48978.94547
-1612,3000,48993.754661
-12720,3000,49008.105862
-13848,3000,49022.436192
-2856,3000,49036.691341
-7892,3000,49050.913378
-6616,3000,49065.500428
-7544,3000,49079.538693
-4600,3000,49093.489716
-13544,3000,49107.720271
-9692,3000,49121.844235
-5712,3000,49136.186816
-5828,3000,49149.682505
-12408,3000,49164.353214
-9416,3000,49178.849245
-11632,3000,49192.973624
-7788,3000,49207.019547
-9644,3000,49221.330148
-12708,3000,49235.615639
-6508,3000,49249.823956
-9628,3000,49264.516913
-2440,3000,49279.127835
-8468,3000,49293.039655
-6736,3000,49307.336998
-9640,3000,49321.553904
-12728,3000,49335.826081
-9620,3000,49349.834221
-7884,3000,49363.490105
-14564,3000,49377.264753
-2980,3000,49391.133213
-17348,3000,49405.647377
-1372,3000,49420.346896
-3652,3000,49434.596055
-9692,3000,49448.848505
-10400,3000,49462.721067
-5820,3000,49476.951921
-12268,3000,49491.403865
-14072,3000,49505.059278
-8652,3000,49519.040782
-11848,3000,49532.844748
-4552,3000,49546.680299
-14800,3000,49560.721878
-9916,3000,49574.568379
-6704,3000,49589.01201
-6552,3000,49603.304121
-3204,3000,49617.410889
-12856,3000,49631.41698
-12064,3000,49645.125016
-4516,3000,49659.436561
-3468,3000,49673.37378
-10712,3000,49687.506462
-8328,3000,49701.466056
-7548,3000,49721.466772
-1420,3000,49735.39076
-1572,3000,49749.760114
-8520,3000,49763.353936
-18616,3000,49777.378697
-8696,3000,49791.554434
-5692,3000,49805.636472
-4832,3000,49819.283529
-9760,3000,49832.944337
3508,3000,49847.044512
-23692,3000,49860.825029
628,3000,49875.366607
-5612,3000,49888.947067
-6756,3000,49902.48887
-9492,3000,49916.441997
-14636,3000,49930.314917
-5696,3000,49944.268169
-6292,3000,49958.746879
-2496,3000,49972.795415
-13812,3000,49986.667578
-13400,3000,50001.380839
-2700,3000,50015.746525
-9624,3000,50029.877632
-9960,3000,50044.007217
-7716,3000,50058.823529
-10684,3000,50073.353946
-7692,3000,50087.91967
-3572,3000,50102.271851
-14420,3000,50116.647711
-7852,3000,50131.112316
-3752,3000,50145.753793
-9640,3000,50159.648962
-2320,3000,50173.715419
-8792,3000,50188.718308
-3456,3000,50203.276552
-16956,3000,50218.375633
-11580,3000,50232.373401
-7932,3000,50246.757316
-3624,3000,50260.893837
-14560,3000,50275.705012
-4704,3000,50290.144371
-7680,3000,50304.312188
-13772,3000,50318.277192
500,3000,50332.576399
-6280,3000,50346.673462
664,3000,50361.047038
-3844,3000,50375.663739
-7532,3000,50389.865845
-11304,3000,50404.387856
-476,3000,50419.790998
-3244,3000,50434.663608
-6476,3000,50449.006563
-1640,3000,50463.149378
-12332,3000,50477.991411
-7272,3000,50491.714762
-10308,3000,50506.123967
-1568,3000,50520.185436
-11332,3000,50534.649535
-1428,3000,50548.724417
-8516,3000,50562.88923
-7628,3000,50577.048427
-9736,3000,50590.570885
-9432,3000,50604.280984
-1540,3000,50617.662053
-7732,3000,50631.477217
-9608,3000,50645.204405
-15632,3000,50665.706065
-14452,3000,50679.59817
-19116,3000,50693.929984
-10920,3000,50708.084235
-7668,3000,50722.68526
-6504,3000,50737.364019
-5272,3000,50751.647975
-9640,3000,50766.140595
-11148,3000,50780.721784
-10180,3000,50794.388782
-8396,3000,50809.066975
-4608,3000,50823.105355
-3544,3000,50837.682697
-11512,3000,50852.042652
-14324,3000,50865.710037
-9236,3000,50879.92945
-8564,3000,50893.619676
-9708,3000,50907.391808
-9852,3000,50921.44792
-4492,3000,50935.902442
-3132,3000,50950.574369
-2396,3000,50964.404363
-11524,3000,50978.628985
-10640,3000,50992.68806
-9456,3000,51006.869442
-6636,3000,51020.998705
-6532,3000,51035.294915
-10700,3000,51049.411191
-8720,3000,51063.813857
-7704,3000,51077.858465
-2236,3000,51091.815658
-9656,3000,51105.751099
-5524,3000,51119.83975
-9656,3000,51133.76264
-7700,3000,51147.488838
-5392,3000,51161.391696
-4412,3000,51175.069702
-5396,3000,51189.383094
-6544,3000,51202.722814
-9864,3000,51216.767251
-12232,3000,51231.051689
-11212,3000,51245.47568
-8668,3000,51259.982698
-2572,3000,51274.270171
1452,3000,51287.854772
-7388,3000,51302.030554
-11600,3000,51316.069953
-7404,3000,51329.861753
-13328,3000,51344.456266
-8492,3000,51358.135506
-11460,3000,51372.669163
-5876,3000,51386.718864
-11592,3000,51400.542659
-3120,3000,51414.292204
-14488,3000,51428.648099
-6236,3000,51441.869382
-5500,3000,51455.212008
-9248,3000,51469.828836
-8356,3000,51483.97574
492,3000,51497.86241
-8396,3000,51512.189279
-7456,3000,51526.447445
-20600,3000,51540.403842
-3344,3000,51554.120634
-5444,3000,51568.502594
-8460,3000,51582.478151
-11148,3000,51596.253916
-9100,3000,51615.78115
-5472,3000,51629.442528
-3540,3000,51643.255363
-3428,3000,51657.192585
-6516,3000,51671.236183
-18564,3000,51684.916781
-1152,3000,51698.984867
-13040,3000,51713.582685
-9352,3000,51727.685668
-11184,3000,51741.859474
-1412,3000,51755.632078
-9332,3000,51769.769659
-10276,3000,51783.363975
-7408,3000,51797.597919
-3128,3000,51811.545679
-4096,3000,51825.977262
-6364,3000,51840.423152
-10344,3000,51854.519724
-13380,3000,51869.073334
-8500,3000,51883.093784
-12468,3000,51897.268242
-11216,3000,51911.694221
-8108,3000,51925.728114
-10384,3000,51940.236037
-8540,3000,51954.325501
-12308,3000,51968.134694
-6908,3000,51982.50912
-7312,3000,51997.217123
-13400,3000,52011.126275
-8472,3000,52025.108997
-2220,3000,52039.440157
-8452,3000,52053.692508
-5108,3000,52067.587274
-9216,3000,52081.96828
-22080,3000,52096.413512
-10328,3000,52109.681748
-9060,3000,52124.000341
-5180,3000,52137.830251
-10420,3000,52151.196421
-8196,3000,52164.717172
-4964,3000,52179.29386
-7128,3000,52192.899529
20,3000,52206.923827
-7996,3000,52221.022522
-8372,3000,52234.710001
-11108,3000,52248.711974
-7272,3000,52262.48328
-8848,3000,52276.204086
-6908,3000,52290.320687
-5908,3000,52304.20273
-10100,3000,52318.094979
-6152,3000,52331.924856
-8912,3000,52345.76527
-5820,3000,52359.977004
-8848,3000,52373.098905
-8992,3000,52387.064914
2384,3000,52401.46583
-5308,3000,52415.256882
-9744,3000,52429.288113
-5928,3000,52443.594309
-5992,3000,52457.120928
-1952,3000,52470.8023
-8860,3000,52484.454195
-8476,3000,52498.598277
-2672,3000,52512.292116
-13092,3000,52526.633694
-4896,3000,52540.520092
-8864,3000,52560.149937
-6716,3000,52574.312069
-4856,3000,52587.664221
-17680,3000,52602.353796
-12820,3000,52615.877745
-832,3000,52629.515372
-6884,3000,52642.738379
-5580,3000,52656.610838
-8988,3000,52670.919334
-8864,3000,52684.673543
-4444,3000,52698.917052
-2748,3000,52712.815417
-8848,3000,52726.72792
-7740,3000,52740.164107
-5072,3000,52753.226157
-11768,3000,52766.978324
-9120,3000,52780.433944
-9992,3000,52794.324779
-11824,3000,52808.165246
-2836,3000,52821.884248
-4632,3000,52835.904626
-6884,3000,52849.320016
-11724,3000,52863.26255
-4652,3000,52877.495396
-15836,3000,52891.391576
-8016,3000,52905.26714
-4768,3000,52919.652483
-5600,3000,52934.274272
-2964,3000,52948.097403
-5600,3000,52961.999105
-7940,3000,52975.647093
-2668,3000,52989.381066
-1836,3000,53003.410322
-3696,3000,53017.409355
-1768,3000,53031.330783
-2680,3000,53044.974103
-3484,3000,53058.399336
-10476,3000,53072.163627
-3780,3000,53085.094441
-1668,3000,53098.924918
-3716,3000,53112.414243
-7624,3000,53126.158766
-5776,3000,53139.666382
-4528,3000,53153.099438
-5660,3000,53166.585112
-7640,3000,53180.668017
-14796,3000,53194.298807
-10760,3000,53208.540851
-3748,3000,53222.371859
-2624,3000,53236.788989
-2552,3000,53250.767636
-5280,3000,53264.642918
-6608,3000,53278.320263
-2720,3000,53291.741889
-11500,3000,53305.443192
-8488,3000,53319.152594
-6532,3000,53332.42449
-412,3000,53345.98684
-17668,3000,53359.707765
-13520,3000,53373.447031
-1460,3000,53386.461914
-5236,3000,53400.13414
-7712,3000,53413.571928
-18544,3000,53426.79431
-14588,3000,53440.392285
-5416,3000,53454.224746
-7300,3000,53473.30711
3432,3000,53486.949875
-10536,3000,53500.641165
-10360,3000,53513.730553
-8308,3000,53527.107604
-14760,3000,53540.682568
-3396,3000,53553.850196
-10648,3000,53567.208181
-2256,3000,53581.38784
-5692,3000,53595.135342
-15480,3000,53608.763316
-2008,3000,53623.065386
-6392,3000,53636.912423
-7856,3000,53649.785369
-6480,3000,53663.389144
-2508,3000,53677.274177
-10652,3000,53690.852024
-12324,3000,53704.39537
-14500,3000,53717.863158
-7604,3000,53730.725786
-11516,3000,53744.258348
-4460,3000,53757.936264
-6140,3000,53771.660771
-1648,3000,53785.088315
-10272,3000,53798.823426
-2548,3000,53812.083721
-464,3000,53825.29113
-3660,3000,53839.047585
-10528,3000,53853.257674
-7856,3000,53867.249745
-4580,3000,53880.683368
-3764,3000,53894.13779
-9188,3000,53907.688334
-5424,3000,53920.962344
-488,3000,53935.052457
-10620,3000,53948.963819
-7268,3000,53962.620464
-15288,3000,53976.551393
-4392,3000,53990.492357
-12468,3000,54003.761107
-7800,3000,54017.688695
380,3000,54031.456382
-5516,3000,54045.067325
-828,3000,54058.626865
-12868,3000,54072.504534
-2320,3000,54086.578035
-16352,3000,54100.582464
-1440,3000,54114.476027
2440,3000,54128.050861
-9364,3000,54141.699357
-4820,3000,54155.750994
-9616,3000,54168.866885
-12612,3000,54182.267261
-8544,3000,54195.707537
-2472,3000,54209.162646
-5532,3000,54223.147527
-4456,3000,54237.2197
-5336,3000,54250.721412
-7116,3000,54264.61119
-1532,3000,54278.1467
-4436,3000,54292.195406
-1468,3000,54305.569425
-3476,3000,54320.297557
-10640,3000,54333.813357
-10280,3000,54347.376325
-11308,3000,54361.139398
-3624,3000,54375.223215
-3216,3000,54394.118043
-8416,3000,54408.533009
-4472,3000,54422.337356
-5284,3000,54436.607168
-6356,3000,54450.459749
-10564,3000,54464.04863
1560,3000,54477.917622
-11440,3000,54492.396978
-312,3000,54506.222529
-7588,3000,54519.341426
-220,3000,54533.377098
-6528,3000,54547.605041
3660,3000,54561.633039
-7284,3000,54575.807996
-7112,3000,54590.165336
-7184,3000,54603.963464
-2288,3000,54618.105744
-14436,3000,54632.017188
-11680,3000,54645.776947
-10592,3000,54659.462426
-140,3000,54673.457853
-12380,3000,54687.398247
-10420,3000,54701.819701
-9732,3000,54715.456399
-5960,3000,54729.237058
-10364,3000,54743.133704
-13280,3000,54756.824288
-12116,3000,54770.996814
-6460,3000,54784.785338
-4628,3000,54798.4592
-6504,3000,54812.188591
-12196,3000,54825.925866
2740,3000,54839.54271
-4268,3000,54853.243819
-1304,3000,54866.559038
-6568,3000,54880.113281
-3324,3000,54893.70099
-4532,3000,54907.282363
-11252,3000,54921.799292
-6660,3000,54935.177696
-11108,3000,54949.119374
808,3000,54963.111551
-6376,3000,54977.260982
-4268,3000,54991.059521
-2252,3000,55005.01687
-18364,3000,55018.793715
-12180,3000,55032.826958
-8364,3000,55046.845816
-3908,3000,55060.897566
-3324,3000,55074.683334
-6516,3000,55088.303977
-10104,3000,55101.985415
-3240,3000,55114.762532
-9000,3000,55129.002328
-7068,3000,55142.548916
-2124,3000,55156.369044
-12120,3000,55170.413485
-5148,3000,55184.383997
-4884,3000,55198.237543
-14332,3000,55212.457525
-832,3000,55226.139852
-7128,3000,55240.429205
-204,3000,55253.653977
-9344,3000,55267.264915
-10024,3000,55281.32146
-8360,3000,55294.762672
-12172,3000,55308.651973
-12208,3000,55327.213957
-10192,3000,55341.046399
-1120,3000,55354.593128
-11044,3000,55368.125504
-9224,3000,55381.224571
184,3000,55395.401406
-19360,3000,55408.950345
-12268,3000,55422.478476
-4356,3000,55436.099946
-14452,3000,55450.330515
-3220,3000,55464.308962
-5224,3000,55478.085498
-15240,3000,55492.026998
-2100,3000,55504.752456
-14124,3000,55518.686438
-5084,3000,55531.663165
-9376,3000,55544.874531
-10028,3000,55558.52398
-7064,3000,55572.036722
-5504,3000,55585.198072
-1172,3000,55598.543008
-12388,3000,55611.459189
-5928,3000,55625.240942
-10264,3000,55639.214736
-8916,3000,55652.250071
-3360,3000,55665.357598
-9212,3000,55678.450009
-1072,3000,55691.573865
-14260,3000,55705.749646
-9012,3000,55719.781789
-16012,3000,55733.694478
940,3000,55746.932102
-6404,3000,55759.903524
-6208,3000,55773.317826
-10560,3000,55786.750975
-13244,3000,55801.466704
-1476,3000,55815.589348
-17472,3000,55828.689941
-4996,3000,55842.134381
-6228,3000,55855.992103
-7164,3000,55869.887826
-992,3000,55883.837588
-6272,3000,55896.978695
-9116,3000,55911.317513
-9296,3000,55924.481327
-7520,3000,55938.385637
-11976,3000,55951.75498
-4228,3000,55965.879683
-11548,3000,55979.502442
-10060,3000,55993.511267
-5412,3000,56007.09708
-9356,3000,56020.722782
-9076,3000,56034.547767
-1032,3000,56047.582767
-10252,3000,56061.817361
-11332,3000,56075.83046
-7184,3000,56089.523194
-10192,3000,56103.186954
-1076,3000,56116.874509
-4244,3000,56130.589363
-8104,3000,56143.45201
-13016,3000,56157.939033
-5404,3000,56171.540016
-7292,3000,56185.034375
-15200,3000,56198.74186
-13400,3000,56212.155682
-15236,3000,56231.235239
-12320,3000,56244.931621
-8344,3000,56258.346305
-10196,3000,56271.638426
-8188,3000,56286.256783
-12196,3000,56299.471824
-6152,3000,56313.042658
-9360,3000,56326.238156
-4192,3000,56340.425831
-8252,3000,56354.490187
-17456,3000,56367.875322
-7124,3000,56381.761092
-4048,3000,56395.667004
-4304,3000,56409.023819
-5548,3000,56422.254566
-14152,3000,56436.361703
-2184,3000,56450.239588
-3084,3000,56463.837768
-2948,3000,56477.490414
-6796,3000,56491.582114
-5192,3000,56505.565554
796,3000,56519.894911
-9252,3000,56533.723588
-7228,3000,56547.525066
-14132,3000,56560.637243
-9220,3000,56574.57516
-14120,3000,56588.15634
-7172,3000,56601.909104
-3380,3000,56615.645563
-9280,3000,56629.259926
-7212,3000,56642.747801
-11252,3000,56656.773782
-12044,3000,56670.473449
-940,3000,56684.685612
-7388,3000,56698.382747
-9944,3000,56712.417995
-8876,3000,56726.222435
-10044,3000,56739.576297
-1544,3000,56753.093244
-11304,3000,56767.014228
-8100,3000,56780.701151
-9320,3000,56794.754177
-5152,3000,56808.749946
-10324,3000,56822.543223
1000,3000,56836.163008
-6316,3000,56849.786145
-108,3000,56863.285941
-5172,3000,56877.032585
-5092,3000,56889.831186
-4280,3000,56903.542883
-12244,3000,56916.667445
-6280,3000,56930.278755
-13180,3000,56944.392326
-5272,3000,56957.987534
-5388,3000,56971.406262
-5236,3000,56985.161
-4100,3000,56998.993107
-11392,3000,57012.90784
-7140,3000,57026.569827
-9096,3000,57040.198937
-13244,3000,57053.953733
2920,3000,57067.580126
-3812,3000,57082.00909
-20440,3000,57095.967792
-6988,3000,57109.392565
-2112,3000,57122.674801
-8008,3000,57137.17093
-14252,3000,57156.822932
-7308,3000,57170.594968
-2248,3000,57184.658209
-6224,3000,57198.339482
1620,3000,57211.691143
-11200,3000,57224.957957
-10072,3000,57238.866668
-13024,3000,57253.085953
-7348,3000,57266.433027
-9444,3000,57280.16504
-3176,3000,57293.557047
-6208,3000,57306.890603
1016,3000,57320.560883
-5044,3000,57334.225451
-6024,3000,57347.736642
-18028,3000,57361.755443
-968,3000,57376.022365
-2212,3000,57389.370456
-2400,3000,57402.941911
-8924,3000,57416.881887
-5044,3000,57430.013162
-13112,3000,57443.776347
-9200,3000,57457.199636
-7392,3000,57470.602649
-9348,3000,57484.215124
-13388,3000,57497.666425
-6012,3000,57512.034665
-6124,3000,57525.959883
-60,3000,57539.440393
-13220,3000,57553.076713
740,3000,57566.777071
-2152,3000,57580.41358
1792,3000,57593.887247
-5148,3000,57607.596631
-9156,3000,57622.053232
-3204,3000,57635.937059
836,3000,57649.759156
-5012,3000,57663.915723
-4152,3000,57677.324167
-6940,3000,57691.41945
-9300,3000,57705.196772
-2896,3000,57719.165129
-5316,3000,57733.060385
-3300,3000,57746.962651
-8432,3000,57760.415145
-8176,3000,57773.801764
-11288,3000,57787.479608
-6276,3000,57800.816847
-13092,3000,57814.788948
-18352,3000,57828.252984
-7424,3000,57841.957527
-8348,3000,57855.768326
-5728,3000,57869.488264
-11388,3000,57883.385186
-8240,3000,57896.749836
-5924,3000,57910.366208
-15336,3000,57923.864296
-1980,3000,57937.479177
-8888,3000,57950.669194
-11232,3000,57963.885527
-13032,3000,57977.730302
-4264,3000,57991.439528
-12372,3000,58004.774517
-8360,3000,58017.810469
-4952,3000,58031.900697
-5264,3000,58045.354306
-8312,3000,58058.239913
-11196,3000,58077.378361
-2144,3000,58091.146894
-12112,3000,58104.518212
-4052,3000,58118.001507
-9144,3000,58131.214706
-5996,3000,58144.729256
-4268,3000,58158.418804
-6220,3000,58171.878803
-6396,3000,58184.900786
-8208,3000,58199.105285
-2928,3000,58213.452963
-4848,3000,58227.125233
-6196,3000,58241.243515
-14092,3000,58254.77066
-5380,3000,58268.872627
-9188,3000,58282.846074
-3940,3000,58296.41605
-12344,3000,58309.926046
-7440,3000,58323.274355
-7396,3000,58336.763158
-9264,3000,58350.061209
-2180,3000,58364.08371
-12576,3000,58377.721752
-12160,3000,58391.399184
-7052,3000,58405.296842
-13084,3000,58418.854862
-10232,3000,58432.370407
-5052,3000,58446.342522
-9204,3000,58460.192584
-2100,3000,58473.847241
-13320,3000,58487.585738
-9312,3000,58501.44656
-9440,3000,58514.842424
-8184,3000,58528.40012
-3016,3000,58542.606843
-10400,3000,58556.345565
-8248,3000,58570.219819
-11252,3000,58584.34985
1680,3000,58597.897299
-10164,3000,58611.19685
-4012,3000,58624.923528
-2232,3000,58638.358202
-10188,3000,58652.529406
-3124,3000,58666.300306
-7616,3000,58679.768461
-4152,3000,58693.942255
-3376,3000,58707.760755
-14088,3000,58721.267103
-5480,3000,58734.31545
-16456,3000,58747.27271
-3368,3000,58760.989205
-9872,3000,58774.63526
-6112,3000,58788.172595
-10252,3000,58802.058814
-11388,3000,58815.415121
-980,3000,58829.198839
-7172,3000,58843.081696
-8232,3000,58856.930111
-2400,3000,58869.834663
-12220,3000,58884.223417
-7140,3000,58897.885897
-1024,3000,58911.724079
-5000,3000,58925.591462
-6264,3000,58939.233766
-6108,3000,58953.017456
-5452,3000,58966.705831
-14308,3000,58986.298912
-11168,3000,59000.36753
-13164,3000,59014.2594
-4212,3000,59028.320842
-5328,3000,59042.025374
-6176,3000,59055.622564
-9452,3000,59068.986779
-1396,3000,59082.591458
-20200,3000,59096.561563
676,3000,59109.832604
-14312,3000,59122.896184
-3244,3000,59136.084969
-2180,3000,59149.981633
-164,3000,59163.058884
-940,3000,59177.07275
-11200,3000,59191.259355
-4084,3000,59204.935006
-13136,3000,59218.672774
-6060,3000,59232.27248
-3192,3000,59245.895095
-16924,3000,59260.034124
-7092,3000,59273.828012
-3084,3000,59287.305161
-1840,3000,59300.796595
-172,3000,59314.922707
-7460,3000,59328.744491
-7304,3000,59342.466399
2072,3000,59356.378654
-9260,3000,59369.404329
2788,3000,59382.713214
-452,3000,59395.866211
-12008,3000,59409.672575
-7328,3000,59423.193725
-3212,3000,59437.493096
-3972,3000,59450.833671
-9264,3000,59464.012944
-10148,3000,59477.065156
-3516,3000,59490.299922
-5560,3000,59503.363572
-12336,3000,59517.123278
-1300,3000,59530.990113
-10524,3000,59544.542732
-2860,3000,59557.875404
-3420,3000,59571.781035
-9124,3000,59585.559296
-7068,3000,59599.341189
-6948,3000,59612.735327
-9468,3000,59626.386537
-3188,3000,59640.204551
-5316,3000,59654.391889
-16648,3000,59667.657647
-7116,3000,59681.445336
-10140,3000,59694.781093
-11096,3000,59708.487227
-7320,3000,59722.330096
-8268,3000,59735.655303
-17132,3000,59749.160415
-5224,3000,59762.74365
-3172,3000,59776.214351
-9224,3000,59789.895866
-8072,3000,59803.644978
-6408,3000,59816.988052
868,3000,59830.664667
-6300,3000,59844.303953
-6196,3000,59857.97773
-13308,3000,59871.749819
-10076,3000,59885.55755
-11296,3000,59904.537962
-10300,3000,59918.487368
-9576,3000,59931.719157
-4168,3000,59945.203253
-5188,3000,59959.104471
-6192,3000,59973.162148
-10948,3000,59987.006327
-1356,3000,60000.37422
-9076,3000,60014.227882
-4800,3000,60027.744313
-7012,3000,60041.76098
-1092,3000,60055.041161
-8092,3000,60068.539263
-7140,3000,60082.165418
-12352,3000,60095.368568
-9476,3000,60108.643193
-14976,3000,60122.532621
644,3000,60136.554432
-7212,3000,60149.971271
-10844,3000,60163.796676
-11124,3000,60177.794967
-11008,3000,60191.569538
-4188,3000,60205.242762
-11436,3000,60218.844901
-7264,3000,60232.656615
-5068,3000,60246.286357
-2484,3000,60259.345644
-4260,3000,60272.672583
-5092,3000,60285.880498
-8196,3000,60299.615692
-13256,3000,60313.546353
-388,3000,60327.239022
7628,3000,60340.598332
-3184,3000,60354.251328
-12904,3000,60367.954183
-6260,3000,60381.469952
-3148,3000,60394.767944
-10516,3000,60408.757474
-5244,3000,60422.44767
-8088,3000,60435.780822
-2672,3000,60449.818999
-6212,3000,60462.946938
-9288,3000,60477.158707
-9228,3000,60490.410219
-3316,3000,60504.060474
-1088,3000,60517.946415
-1500,3000,60531.596333
72,3000,60545.523781
-4292,3000,60558.916772
-8960,3000,60572.473716
-11328,3000,60585.967381
-8300,3000,60599.703498
-7332,3000,60613.076656
-6244,3000,60626.203462
-5108,3000,60639.942303
-7136,3000,60653.354218
-6400,3000,60667.201185
-10300,3000,60680.478281
-6248,3000,60693.644649
-11164,3000,60707.545881
-11212,3000,60721.394135
-3116,3000,60735.366036
-2440,3000,60748.770655
-9068,3000,60762.665808
-916,3000,60776.595355
-4356,3000,60790.163343
-1356,3000,60803.330612
-13184,3000,60822.731947
-10392,3000,60836.579118
-5324,3000,60850.694315
-872,3000,60864.38667
-5100,3000,60878.489068
-10276,3000,60891.575083
-7472,3000,60904.57491
-4984,3000,60918.2977
812,3000,60931.353051
-4372,3000,60944.915146
-10040,3000,60958.747134
-12296,3000,60972.267073
-3324,3000,60985.962796
-4160,3000,60999.134625
-8084,3000,61013.03369
-8048,3000,61026.386922
-15556,3000,61040.080235
-6252,3000,61053.40875
-9000,3000,61066.698078
-8484,3000,61079.660962
-8136,3000,61093.556969
-4444,3000,61106.746464
-3300,3000,61120.39052
-4984,3000,61134.213226
-10340,3000,61147.68226
-876,3000,61161.640876
-2964,3000,61175.754667
-8304,3000,61189.049361
-14416,3000,61201.698641
-12244,3000,61215.528023
-8492,3000,61229.093193
-7232,3000,61242.785947
-9096,3000,61256.42646
-12048,3000,61269.948077
-6988,3000,61284.116614
-13376,3000,61297.514678
-15292,3000,61310.866456
-6224,3000,61324.572418
-3188,3000,61338.411373
-3852,3000,61352.487184
-7268,3000,61366.443264
-1264,3000,61379.790661
-9308,3000,61393.453496
-7076,3000,61406.849788
-12156,3000,61420.503268
-11052,3000,61434.824133
-6096,3000,61448.601937
-184,3000,61462.76659
-10048,3000,61476.640551
-11036,3000,61490.672874
-5204,3000,61504.307147
-11400,3000,61518.000111
-196,3000,61531.723706
-4232,3000,61545.378111
-12144,3000,61558.881726
-8048,3000,61572.780821
-12196,3000,61586.295096
-2008,3000,61599.442067
-2240,3000,61613.424484
-11388,3000,61626.6537
-264,3000,61640.21312
-13900,3000,61653.577959
-268,3000,61666.974249
-12144,3000,61680.664314
-5992,3000,61694.272884
-6360,3000,61707.439778
-6040,3000,61726.747515
-12040,3000,61740.01594
-10148,3000,61753.887108
-9016,3000,61767.330241
-1932,3000,61780.913156
616,3000,61794.461639
-6088,3000,61808.047855
-8112,3000,61822.560007
-12188,3000,61836.038993
-3408,3000,61849.25036
-20100,3000,61862.831549
-8076,3000,61876.735491
896,3000,61889.474849
-3076,3000,61903.043688
-12164,3000,61915.868709
-17184,3000,61929.910071
-11108,3000,61943.423101
-10404,3000,61957.132681
-920,3000,61970.845327
-12272,3000,61984.802627
-7964,3000,61998.40647
-6080,3000,62012.140218
-2620,3000,62025.716936
-4800,3000,62039.370619
-8264,3000,62053.1517
-9320,3000,62066.123791
-6164,3000,62079.735782
-12200,3000,62093.055345
-13212,3000,62106.43838
-2952,3000,62119.986138
-7916,3000,62133.37394
-9092,3000,62146.858636
-8012,3000,62160.682797
-14788,3000,62174.544364
-6984,3000,62188.454238
-4156,3000,62202.006493
-10320,3000,62215.315355
-11424,3000,62228.335993
-8444,3000,62241.175858
-2232,3000,62254.535129
-8052,3000,62267.612386
-3832,3000,62281.292568
-10332,3000,62294.936636
-16312,3000,62308.516938
-2048,3000,62321.702286
2844,3000,62335.001709
-16008,3000,62348.674649
-19296,3000,62362.099324
-2980,3000,62375.173555
-9260,3000,62388.235033
-16040,3000,62401.331264
-4260,3000,62414.822882
-4936,3000,62428.444649
-2988,3000,62441.550921
-876,3000,62454.918429
-7092,3000,62468.519377
-6856,3000,62482.086243
-16036,3000,62496.274118
-10076,3000,62509.457912
-1244,3000,62522.110628
-10560,3000,62535.468071
-4320,3000,62548.421423
-5704,3000,62561.923369
-5344,3000,62575.205326
-4164,3000,62588.16197
-2872,3000,62602.204108
-11288,3000,62616.081557
-12960,3000,62634.864403
-12704,3000,62648.361704
-8832,3000,62661.471065
-6992,3000,62675.121334
-3948,3000,62688.661577
-6756,3000,62702.658798
-10968,3000,62716.125777
-10932,3000,62729.469249
-980,3000,62742.732599
-5940,3000,62755.900369
-9172,3000,62769.705113
-3932,3000,62783.188953
-10032,3000,62796.020139
-9976,3000,62809.015108
-3256,3000,62822.198318
-11016,3000,62835.793009
-4920,3000,62849.442786
-9004,3000,62862.969913
-7024,3000,62876.88815
-5848,3000,62890.686329
416,3000,62904.493103
3660,3000,62918.319154
-15924,3000,62931.695898
-1728,3000,62945.216794
-1772,3000,62959.347985
-12088,3000,62972.839148
-10628,3000,62986.540785
-13940,3000,63000.51476
-8112,3000,63013.984815
-6924,3000,63027.478263
-5616,3000,63041.580492
-10136,3000,63054.749654
-9028,3000,63067.824191
-13660,3000,63081.677351
-1872,3000,63094.687802
-7580,3000,63108.276501
-2844,3000,63122.250662
-8548,3000,63136.510049
-6844,3000,63150.44685
-11748,3000,63164.425942
-668,3000,63177.773666
-12872,3000,63190.951161
-2556,3000,63204.908824
-8104,3000,63218.764215
-13056,3000,63232.677635
-7892,3000,63246.295529
-8032,3000,63260.172906
-6988,3000,63273.092068
-12940,3000,63286.910109
-6732,3000,63300.35537
-5972,3000,63314.410716
-9876,3000,63327.940987
-4932,3000,63341.212342
-4156,3000,63354.635956
-6960,3000,63368.425353
-1660,3000,63382.005522
-6564,3000,63396.503298
-5752,3000,63409.85213
-5624,3000,63423.345831
-13756,3000,63436.625229
-7860,3000,63449.780679
-8512,3000,63463.607186
-5892,3000,63477.367537
-10900,3000,63490.444912
-10744,3000,63504.065826
-5960,3000,63517.527227
-8572,3000,63531.394956
-3152,3000,63550.609986
-1772,3000,63564.246908
2152,3000,63577.912989
268,3000,63591.416532
-7952,3000,63605.300513
-5808,3000,63619.103011
-3708,3000,63633.843822
-8904,3000,63647.075775
-3520,3000,63661.002292
-4768,3000,63675.215021
-8164,3000,63688.998616
-14084,3000,63702.095271
-12060,3000,63715.666049
-3468,3000,63729.914989
-1636,3000,63743.865803
-12448,3000,63757.89161
-14772,3000,63771.249057
-1476,3000,63785.238597
-5920,3000,63798.876796
40,3000,63812.236643
-7704,3000,63825.58948
-11868,3000,63839.400496
-9060,3000,63852.786152
-16572,3000,63866.574651
-5980,3000,63879.929563
-3920,3000,63893.686621
-8064,3000,63907.334423
-5796,3000,63921.354826
-8768,3000,63934.904403
-8056,3000,63948.621614
-11932,3000,63962.026099
-2916,3000,63974.991894
-3864,3000,63988.926066
-9708,3000,64002.782432
-5292,3000,64017.376547
-7676,3000,64031.36602
-7748,3000,64045.948854
-8732,3000,64059.357652
-7764,3000,64073.293603
-6704,3000,64086.969352
-8940,3000,64100.961165
-4628,3000,64115.010139
-8888,3000,64128.097253
-12084,3000,64141.767885
-13372,3000,64155.817451
-10828,3000,64169.624646
-9732,3000,64183.426177
1012,3000,64196.497053
304,3000,64210.02201
-14796,3000,64223.291148
-2840,3000,64237.10969
-3888,3000,64250.606121
-596,3000,64264.579572
-6028,3000,64277.807586
-4756,3000,64291.361367
-7572,3000,64305.289719
-11016,3000,64318.436327
-9936,3000,64332.043413
-7024,3000,64345.670881
-11864,3000,64359.055157
-5832,3000,64372.614445
-8772,3000,64386.964727
-8072,3000,64400.916131
-1024,3000,64414.58643
-6940,3000,64427.698845
-2648,3000,64441.436257
-380,3000,64461.363831
-9632,3000,64474.919557
-11528,3000,64489.025221
-6040,3000,64502.328083
-4580,3000,64516.195996
-12156,3000,64529.727447
-6656,3000,64543.373991
-2728,3000,64556.447881
-3848,3000,64570.145375
-7728,3000,64583.520232
-9572,3000,64597.818673
-8964,3000,64611.491719
-2536,3000,64625.361752
-4652,3000,64638.95681
-14980,3000,64652.225613
784,3000,64665.445278
-4932,3000,64678.584136
-8764,3000,64692.278991
-8652,3000,64705.706382
-15616,3000,64719.138903
-15712,3000,64733.275107
-10488,3000,64747.32048
-5700,3000,64760.213735
-3640,3000,64773.8486
-5492,3000,64787.952813
-12448,3000,64801.083601
-940,3000,64814.585352
-824,3000,64827.656958
-2448,3000,64841.541543
-772,3000,64855.195326
-1904,3000,64868.967484
-6532,3000,64882.381329
-7828,3000,64895.941618
1272,3000,64909.879774
-6440,3000,64924.068614
-5812,3000,64937.115246
-12740,3000,64950.650233
-6300,3000,64964.532982
-5800,3000,64977.969457
432,3000,64991.034545
-1956,3000,65004.383554
-3776,3000,65018.39637
-6656,3000,65032.007945
-12872,3000,65045.328269
-3816,3000,65058.989939
-7116,3000,65072.463295
-7644,3000,65086.486074
-6668,3000,65100.421377
-6796,3000,65113.399226
-2008,3000,65126.796573
-10840,3000,65140.353534
-4000,3000,65153.081014
-5936,3000,65166.802869
-716,3000,65180.642749
-5456,3000,65194.23609
-2896,3000,65207.83962
-736,3000,65221.308861
-6716,3000,65235.195174
-8896,3000,65248.74154
-14596,3000,65263.533841
-2428,3000,65277.902801
-5760,3000,65291.259581
324,3000,65304.966942
-3548,3000,65318.867493
1048,3000,65331.741388
-6016,3000,65345.208731
-7920,3000,65358.925871
1248,3000,65378.586609
-4728,3000,65392.363136
-4000,3000,65406.147524
-4020,3000,65419.929174
-8704,3000,65433.9255
-20032,3000,65447.830521
-6760,3000,65462.249523
-8704,3000,65475.696543
1248,3000,65489.018172
-2020,3000,65503.202917
-12860,3000,65516.954714
-568,3000,65530.325506
-6644,3000,65543.866721
-5992,3000,65556.927201
-17036,3000,65570.747287
-9740,3000,65584.354843
-7672,3000,65598.882653
2076,3000,65612.300719
-5004,3000,65625.659839
-9920,3000,65639.068431
-4824,3000,65652.77861
-5736,3000,65666.212329
-10240,3000,65679.423922
-4908,3000,65693.118543
-4404,3000,65706.377694
-17952,3000,65720.308025
-11964,3000,65734.335485
-14088,3000,65747.9906
-11084,3000,65761.506767
-1676,3000,65775.358435
-10908,3000,65789.083239
2280,3000,65802.427939
-4680,3000,65816.428342
-6984,3000,65829.775744
-6780,3000,65843.184544
-1648,3000,65856.821656
-8692,3000,65870.805053
-9808,3000,65885.777651
-1784,3000,65899.47249
-15900,3000,65912.370002
-2992,3000,65926.342647
-5780,3000,65940.187529
-7776,3000,65953.274107
-5732,3000,65967.506167
256,3000,65980.912619
-396,3000,65994.530495
-5788,3000,66008.431848
376,3000,66022.424216
-13736,3000,66036.494699
-12860,3000,66049.751138
-2852,3000,66063.205684
-3912,3000,66076.334718
-12044,3000,66089.872193
-4244,3000,66103.662057
-1900,3000,66117.072618
-6900,3000,66130.139777
-11432,3000,66144.340599
-5584,3000,66158.491457
-3220,3000,66172.279446
-9928,3000,66185.670364
-696,3000,66199.316773
-9752,3000,66213.033185
-9632,3000,66226.871892
-648,3000,66240.618137
-1932,3000,66254.446622
-5804,3000,66267.639507
-3748,3000,66281.088499
-3652,3000,66300.145375
-5056,3000,66313.93058
-14572,3000,66327.538455
-576,3000,66340.817284
-8784,3000,66354.691983
-13020,3000,66368.326042
-9868,3000,66381.759222
-8784,3000,66394.854399
-5776,3000,66408.771179
-9808,3000,66422.502135
-10932,3000,66435.847641
-3496,3000,66449.633742
568,3000,66463.376334
-5816,3000,66477.482687
-5852,3000,66492.02393
-4352,3000,66506.054583
-10864,3000,66519.259326
-6024,3000,66532.66121
1180,3000,66546.778738
-4764,3000,66560.632183
-15836,3000,66573.760207
-5412,3000,66587.586156
-3640,3000,66601.396531
-7060,3000,66614.922747
-10636,3000,66629.363989
-8944,3000,66642.471541
-5752,3000,66656.640306
-10864,3000,66670.211313
-5696,3000,66683.627379
-8916,3000,66697.897163
-5432,3000,66712.409419
-12800,3000,66725.486923
-9092,3000,66738.933925
-6424,3000,66752.835453
-10788,3000,66766.179199
-5616,3000,66780.09435
-13052,3000,66793.881477
-8684,3000,66807.358914
-9768,3000,66821.173557
-4764,3000,66834.690796
-8796,3000,66848.352831
-3788,3000,66862.328363
-4672,3000,66875.705841
-5492,3000,66889.675335
-10964,3000,66903.957124
-3832,3000,66917.558375
-3016,3000,66931.08695
-4360,3000,66944.986334
-9968,3000,66958.900922
-10740,3000,66973.018323
-11128,3000,66986.883858
-9980,3000,67000.818438
-3704,3000,67014.769076
-3560,3000,67028.655215
-3700,3000,67042.497189
-5616,3000,67056.613645
-8016,3000,67070.576966
-4988,3000,67084.350758
-2772,3000,67098.125827
-17076,3000,67111.656142
-11768,3000,67125.743447
-3724,3000,67139.586685
-12040,3000,67153.715689
-13432,3000,67167.973539
-9668,3000,67181.421664
144,3000,67194.742581
-5788,3000,67215.092193
-2724,3000,67229.26158
-11000,3000,67243.185656
-6876,3000,67257.733442
-7708,3000,67271.372186
-6996,3000,67285.172798
-12944,3000,67298.990346
-13220,3000,67312.681723
-9808,3000,67326.75248
-2732,3000,67341.174006
-5692,3000,67355.476483
-11808,3000,67369.193123
112,3000,67382.760336
-10080,3000,67396.241387
-3784,3000,67409.223612
-10696,3000,67423.005029
-7732,3000,67436.661501
-13064,3000,67449.808143
-17924,3000,67463.510405
-7528,3000,67477.970608
-6512,3000,67492.049963
-5868,3000,67505.811296
-2776,3000,67519.527737
-2572,3000,67533.861541
4092,3000,67547.909822
884,3000,67561.10025
-11644,3000,67575.319954
-6688,3000,67589.056674
-6720,3000,67602.529969
-6676,3000,67616.593032
-9756,3000,67630.463236
3216,3000,67644.149945
-840,3000,67657.797504
-10680,3000,67671.055251
-6000,3000,67684.428971
-7056,3000,67697.90505
-7572,3000,67711.365698
-2640,3000,67724.840851
-10924,3000,67739.029355
-11068,3000,67751.998304
-3136,3000,67765.296648
-13612,3000,67778.169299
-5796,3000,67792.281631
-9408,3000,67805.670291
-1128,3000,67819.781596
-2960,3000,67833.276957
-20660,3000,67848.01866
-5632,3000,67862.230111
-14504,3000,67876.618879
-10976,3000,67890.756428
-12020,3000,67904.266539
-8200,3000,67917.745595
-8916,3000,67930.790068
-9528,3000,67944.672478
-2824,3000,67958.435908
-9836,3000,67972.272399
-6088,3000,67985.739744
-708,3000,67999.813305
-3984,3000,68013.709222
-12748,3000,68027.181754
-8912,3000,68040.594298
-14704,3000,68054.326822
-9684,3000,68067.600387
-12024,3000,68081.241628
-5448,3000,68094.843075
-8996,3000,68108.205617
-12848,3000,68121.502292
-7504,3000,68141.205647
-13796,3000,68155.114527
-7704,3000,68169.425496
-5840,3000,68183.500695
-5952,3000,68196.911219
-4592,3000,68210.957418
-10080,3000,68224.261659
-4816,3000,68238.267752
-928,3000,68251.871595
-8068,3000,68264.776735
-6832,3000,68278.651638
-10700,3000,68292.217316
-3664,3000,68305.526333
-912,3000,68319.07578
-10812,3000,68333.390114
-9736,3000,68347.148595
-9404,3000,68361.222784
-13032,3000,68375.050736
-8832,3000,68389.139796
-7600,3000,68402.57173
-7652,3000,68416.485964
-11872,3000,68430.3791
-5768,3000,68443.729655
-6460,3000,68457.655517
-8668,3000,68471.438046
-1576,3000,68485.181451
-5804,3000,68498.686266
-5728,3000,68512.578316
-8428,3000,68526.643207
-10720,3000,68539.729997
-5628,3000,68553.502891
-7960,3000,68567.097566
-10684,3000,68581.282711
-12892,3000,68594.918777
1144,3000,68608.720917
-4876,3000,68622.660207
-3688,3000,68636.259497
-1788,3000,68649.502001
-724,3000,68662.950732
124,3000,68676.840647
-7440,3000,68690.586784
-5528,3000,68703.992837
-3716,3000,68717.828223
-5808,3000,68731.327583
-6916,3000,68744.853625
-7600,3000,68758.973766
3292,3000,68772.558107
-6692,3000,68786.699622
-10708,3000,68801.099923
-6828,3000,68815.353786
-4920,3000,68828.739151
3208,3000,68842.285483
-13864,3000,68855.726284
-10100,3000,68869.298265
-10040,3000,68882.872351
-6988,3000,68896.121114
-5804,3000,68909.332612
-7636,3000,68922.710284
-9156,3000,68936.309537
-1660,3000,68950.285234
-7312,3000,68964.779429
-12988,3000,68978.150561
-4980,3000,68992.037553
-10760,3000,69005.476562
-3912,3000,69019.224899
396,3000,69032.812669
-10800,3000,69046.263054
-796,3000,69065.949923
-14916,3000,69078.988279
-608,3000,69093.193254
-5680,3000,69106.311415
-13712,3000,69120.287266
-12708,3000,69133.433815
-6652,3000,69147.464195
-5816,3000,69161.555587
-8860,3000,69175.269088
-2088,3000,69188.679799
-756,3000,69201.739996
-2880,3000,69215.433562
-9976,3000,69229.144345
-9172,3000,69242.469085
4032,3000,69255.866043
-11852,3000,69269.544994
-3596,3000,69283.752678
-2080,3000,69297.102706
-4068,3000,69310.408343
-2828,3000,69324.160879
-11780,3000,69338.012107
-5848,3000,69351.545134
-10692,3000,69365.287508
-8232,3000,69378.963643
-8632,3000,69393.08681
-3420,3000,69406.796057
-6684,3000,69420.048013
-4864,3000,69433.753178
972,3000,69447.680869
-6024,3000,69461.144396
-20568,3000,69475.183215
-6820,3000,69489.110427
-2928,3000,69502.622698
-10756,3000,69515.930539
-18096,3000,69529.835678
-2864,3000,69543.430771
1332,3000,69556.903888
-9924,3000,69570.760391
2056,3000,69584.215233
136,3000,69598.297796
-5736,3000,69611.94086
-9732,3000,69626.112521
-5016,3000,69640.070347
-7008,3000,69654.094989
-14724,3000,69667.687466
-7796,3000,69681.704816
-6840,3000,69696.0172
-4804,3000,69709.823499
384,3000,69724.280403
-8700,3000,69738.230109
-8640,3000,69752.726544
-2392,3000,69766.725473
-8100,3000,69780.653038
-15744,3000,69795.099509
-11676,3000,69808.713861
-1056,3000,69822.850546
-7548,3000,69836.595839
-9628,3000,69850.371569
-9700,3000,69864.28353
324,3000,69878.391827
-176,3000,69891.699901
-2612,3000,69905.733337
-4844,3000,69920.173211
-1556,3000,69934.817451
-6040,3000,69948.096167
-6056,3000,69961.161007
-6608,3000,69980.220724
-8040,3000,69993.5436
-9672,3000,70007.177871
-11944,3000,70020.355415
-7876,3000,70033.756353
-3592,3000,70047.65357
-7880,3000,70060.886473
-9740,3000,70074.127206
-1728,3000,70088.493288
-8780,3000,70102.403095
-5856,3000,70115.916257
-6940,3000,70129.507776
-2776,3000,70142.614941
-12980,3000,70156.759351
-9108,3000,70169.995905
-9876,3000,70184.401181
-4728,3000,70197.847886
-7020,3000,70211.090414
-2076,3000,70224.601348
-6768,3000,70238.285652
-3168,3000,70252.224571
-12948,3000,70265.350466
-14124,3000,70278.71671
-12776,3000,70292.24967
-9836,3000,70306.012416
-12844,3000,70319.730249
-10152,3000,70332.990135
-14056,3000,70346.165399
-7612,3000,70360.151422
-5184,3000,70373.513343
-11948,3000,70387.411318
-9968,3000,70400.665594
-8768,3000,70413.724549
-6708,3000,70426.824323
-3780,3000,70441.227413
-5932,3000,70454.352638
-11484,3000,70468.353852
228,3000,70482.472663
-15852,3000,70496.840415
-8780,3000,70510.968586
-15952,3000,70525.053195
-6604,3000,70539.489232
296,3000,70553.008357
-8048,3000,70566.604321
-10776,3000,70580.054157
324,3000,70594.415378
-4764,3000,70608.088959
-652,3000,70621.517459
-4892,3000,70635.009457
-14704,3000,70648.456151
-9692,3000,70662.424446
-1560,3000,70675.913456
-9824,3000,70689.753189
-6704,3000,70703.741564
-9064,3000,70717.055959
-4648,3000,70730.549873
-8088,3000,70743.475434
-5504,3000,70757.731717
-5040,3000,70771.456633
-12028,3000,70784.332422
-5976,3000,70797.748715
-8624,3000,70811.505632
-9712,3000,70825.04033
-7928,3000,70838.569754
5232,3000,70852.292238
-3408,3000,70865.66371
-7528,3000,70879.339995
-15860,3000,70898.752994
-4592,3000,70912.336715
-5920,3000,70925.727671
-6680,3000,70938.833151
-5236,3000,70952.593265
-10884,3000,70966.26898
-2928,3000,70979.551543
-8944,3000,70993.158105
-8032,3000,71006.594808
-16940,3000,71019.730099
-9972,3000,71032.842702
-6712,3000,71046.327914
-6736,3000,71060.248576
-7000,3000,71073.951797
-7088,3000,71087.87831
-12964,3000,71101.610965
-4944,3000,71115.160311
-11656,3000,71129.089249
-7784,3000,71142.198193
-10748,3000,71155.903429
-4028,3000,71169.927088
-8956,3000,71183.804863
-11844,3000,71197.609467
-19224,3000,71211.620815
-10008,3000,71224.922183
-8872,3000,71238.578766
-3668,3000,71252.645248
-2804,3000,71265.756184
-828,3000,71279.40812
-6932,3000,71292.865223
-3952,3000,71306.622895
-9572,3000,71320.642131
-6916,3000,71334.149595
-10060,3000,71347.835737
-5656,3000,71361.765178
-17756,3000,71374.892375
-8160,3000,71388.226392
-6792,3000,71401.83326
-7132,3000,71415.297148
-3632,3000,71429.497238
-2528,3000,71443.7826
-7604,3000,71457.349768
-8972,3000,71470.837976
-8684,3000,71485.104658
-14852,3000,71498.532487
-4708,3000,71512.737119
-14836,3000,71526.446862
-7968,3000,71540.644197
2892,3000,71554.919127
-996,3000,71568.824208
-4,3000,71582.688959
-684,3000,71596.4141
-1348,3000,71610.915513
-7060,3000,71624.924023
-1208,3000,71639.532247
-4028,3000,71653.543763
-2904,3000,71666.759153
-4128,3000,71680.237182
-7852,3000,71694.134706
-23180,3000,71708.769548
-1944,3000,71723.008634
-14748,3000,71737.260481
-7916,3000,71750.616062
-15764,3000,71764.69461
-7656,3000,71778.741444
-6740,3000,71793.558032
-4820,3000,71807.461933
-5004,3000,71827.597012
-6536,3000,71841.934997
-3556,3000,71856.072834
-12788,3000,71869.479061
-8992,3000,71882.672064
-7832,3000,71896.337183
-11912,3000,71910.057231
-12044,3000,71923.899671
-6108,3000,71937.621242
-13740,3000,71951.227481
-824,3000,71964.743672
-10712,3000,71978.117232
-10816,3000,71991.420259
-8632,3000,72005.160393
-1936,3000,72018.839822
-4876,3000,72032.996139
-9680,3000,72048.52532
-11912,3000,72062.703182
-7008,3000,72076.004991
-6848,3000,72090.134311
44,3000,72103.399855
-6800,3000,72116.919786
-3496,3000,72130.517679
-8912,3000,72144.630651
-12960,3000,72158.032207
-7068,3000,72171.505688
-316,3000,72186.382272
-4744,3000,72200.30438
-17916,3000,72214.232331
-7860,3000,72228.259521
-15156,3000,72242.137819
-7780,3000,72256.623203
-10872,3000,72270.250919
336,3000,72284.394478
-13956,3000,72298.327421
-16776,3000,72312.70885
-1812,3000,72326.274025
-7744,3000,72340.504439
-13904,3000,72354.783763
-6860,3000,72368.225412
-11996,3000,72381.320385
-8924,3000,72395.15801
-7452,3000,72410.08141
-4724,3000,72424.51202
-14664,3000,72439.142867
-11236,3000,72452.355287
-9968,3000,72465.313733
-5972,3000,72479.652795
-10940,3000,72493.194333
-19988,3000,72507.197232
-6652,3000,72520.44088
-10044,3000,72533.846124
-17936,3000,72547.414764
-948,3000,72560.838388
-6676,3000,72574.542633
-13264,3000,72588.064666
-1084,3000,72602.01316
-3680,3000,72615.515307
-5744,3000,72629.489584
-3984,3000,72643.306509
-7960,3000,72656.789066
-8884,3000,72670.663495
-7440,3000,72685.064079
-10792,3000,72699.525702
-6796,3000,72713.9829
-3732,3000,72728.184437
-16152,3000,72748.440728
-8968,3000,72762.473605
-16952,3000,72776.756781
-9916,3000,72790.487751
-1668,3000,72804.534051
-2628,3000,72818.794015
-688,3000,72833.976362
-8512,3000,72847.284798
-8032,3000,72861.247655
-3868,3000,72875.856501
-5804,3000,72890.061775
-4800,3000,72904.208989
-6184,3000,72918.183589
-9820,3000,72932.870345
-12792,3000,72947.453833
-12736,3000,72962.872321
-10700,3000,72977.66465
-9140,3000,72992.082406
-6616,3000,73006.370538
-6976,3000,73020.742112
-7944,3000,73034.739297
-10908,3000,73048.619542
-10980,3000,73063.127164
-6840,3000,73076.878487
-6680,3000,73090.760523
-9924,3000,73104.768193
-768,3000,73118.609708
-3080,3000,73132.389539
-6760,3000,73146.229126
-11056,3000,73160.749576
-9700,3000,73175.272124
-796,3000,73188.616478
-7128,3000,73202.349803
304,3000,73216.24128
-14752,3000,73230.512582
1492,3000,73244.772675
-13020,3000,73259.126165
-7132,3000,73273.03716
-6832,3000,73286.862212
-3068,3000,73300.212635
-7740,3000,73314.475137
-3024,3000,73327.771585
-8512,3000,73342.165875
-5596,3000,73356.133531
-14704,3000,73370.05601
-11384,3000,73384.091082
-4040,3000,73397.92747
-8008,3000,73412.136805
-160,3000,73426.326584
-9020,3000,73441.024555
-17052,3000,73455.765671
-8656,3000,73470.819706
-6912,3000,73485.40847
-13948,3000,73500.289477
-5636,3000,73514.392025
-9612,3000,73528.501253
-9724,3000,73542.307208
-8856,3000,73556.101536
-5880,3000,73570.142123
-8796,3000,73584.181806
-4968,3000,73597.590602
-4864,3000,73612.374202
3112,3000,73626.613914
-5920,3000,73639.888893
-12060,3000,73653.884995
-2860,3000,73668.706141
-10628,3000,73682.47718
-3788,3000,73701.882462
-15032,3000,73715.145444
-6124,3000,73728.936141
-13888,3000,73743.249529
-4592,3000,73758.010737
-14020,3000,73771.758463
-7980,3000,73786.19124
-10996,3000,73799.446326
-11552,3000,73812.496443
-12816,3000,73826.543533
-8908,3000,73841.094326
-8680,3000,73855.220895
-6804,3000,73868.552984
1948,3000,73882.146292
-11956,3000,73896.319009
-11908,3000,73911.742285
-2896,3000,73925.753662
-5748,3000,73940.459615
-8828,3000,73954.503394
-5952,3000,73968.256591
-7740,3000,73982.57741
-7840,3000,73997.023606
-10960,3000,74010.31455
-14704,3000,74025.220474
-3456,3000,74039.717804
-1836,3000,74054.192684
-9964,3000,74069.731074
-5600,3000,74084.187276
-6816,3000,74098.414138
-5972,3000,74112.807336
-10940,3000,74127.126147
868,3000,74141.379343
-6728,3000,74155.374348
-5644,3000,74169.912611
-9600,3000,74184.851238
-812,3000,74199.278249
-7812,3000,74213.839432
-3864,3000,74228.014236
-7896,3000,74242.429476
-4664,3000,74256.686297
-7024,3000,74271.079782
-2980,3000,74284.62331
-144,3000,74298.366867
-13956,3000,74312.8568
-2636,3000,74327.108376
-5740,3000,74341.356482
-7824,3000,74355.743243
-3976,3000,74369.837393
-7872,3000,74384.814617
-9860,3000,74398.24142
-10488,3000,74413.321909
-5048,3000,74427.971462
-4672,3000,74442.67187
-5164,3000,74456.343101
-7576,3000,74470.340214
-8904,3000,74484.000463
-11652,3000,74498.164747
-7992,3000,74512.041295
-10888,3000,74526.906602
-10936,3000,74541.113768
-12128,3000,74554.647779
1172,3000,74568.665983
1156,3000,74582.954826
-2440,3000,74597.404626
-8648,3000,74611.109609
-13932,3000,74624.565683
-11084,3000,74638.374378
-6092,3000,74657.829381
-12932,3000,74671.591718
-2868,3000,74686.437331
-1584,3000,74700.782898
-4580,3000,74715.464227
-9932,3000,74728.682323
-4700,3000,74742.259196
-4504,3000,74756.17762
-10820,3000,74770.290416
-10224,3000,74783.460762
-7960,3000,74797.298759
-5484,3000,74811.469272
-12876,3000,74825.8795
-14756,3000,74839.819973
-13692,3000,74853.678712
-4904,3000,74867.057005
-10640,3000,74881.174241
-2488,3000,74896.30002
-8920,3000,74910.591402
-12812,3000,74925.222328
-9912,3000,74938.836551
-10792,3000,74952.620541
-1716,3000,74966.672265
-6848,3000,74980.970884
-13736,3000,74995.133585
-13144,3000,75008.704145
-2992,3000,75022.506158
-7812,3000,75036.964736
-5932,3000,75050.781838
-9088,3000,75065.361885
-8892,3000,75080.090417
-9692,3000,75095.344464
312,3000,75110.616627
-6932,3000,75125.838024
-7760,3000,75140.729523
-4824,3000,75155.134635
-17164,3000,75169.992505
-12820,3000,75183.752306
-5876,3000,75197.898484
-7904,3000,75212.650836
-10876,3000,75226.836559
-9656,3000,75241.106572
-7616,3000,75255.07973
-7012,3000,75268.615317
-9932,3000,75282.822236
-1568,3000,75297.260057
-4712,3000,75311.466493
-736,3000,75324.636973
-4216,3000,75338.595158
-7024,3000,75352.809087
-20948,3000,75367.218657
-5864,3000,75380.780276
-4716,3000,75395.209758
-9180,3000,75409.398666
-4792,3000,75423.401815
-9900,3000,75437.384867
-7768,3000,75451.212203
-6860,3000,75464.709558
-10888,3000,75479.075065
-6768,3000,75493.623403
-10616,3000,75508.254008
-20236,3000,75521.722039
208,3000,75535.803705
-7684,3000,75550.642627
-2712,3000,75564.898426
-6936,3000,75578.982518
-14812,3000,75598.697423
-4088,3000,75613.2291
-6804,3000,75626.927959
-3748,3000,75641.127693
-5816,3000,75655.621196
-8868,3000,75670.536409
-6696,3000,75684.294422
-8024,3000,75698.409861
-9580,3000,75712.880753
-916,3000,75727.759161
-13912,3000,75742.317156
-10928,3000,75757.726214
-5796,3000,75773.116482
-3876,3000,75788.801749
-10340,3000,75803.895497
-10668,3000,75819.331342
156,3000,75833.6668
-3672,3000,75848.646101
-6920,3000,75862.964533
-11692,3000,75876.413068
-5032,3000,75890.447882
-13556,3000,75904.683996
-5524,3000,75918.952148
-19700,3000,75932.916058
-10876,3000,75947.262447
-3712,3000,75961.9467
-8800,3000,75976.023114
-912,3000,75990.119538
-11596,3000,76003.697976
-10096,3000,76017.555024
-8776,3000,76031.87737
-924,3000,76045.303546
-7852,3000,76059.326755
-14840,3000,76073.663667
-6784,3000,76087.762125
-6584,3000,76101.729706
-8096,3000,76115.514668
-5876,3000,76130.120533
-1896,3000,76143.983419
-7840,3000,76158.176549
-6060,3000,76171.846582
-1852,3000,76184.713346
-17244,3000,76198.000551
-8828,3000,76211.199432
-2104,3000,76225.52502
-10468,3000,76239.500957
-7960,3000,76253.155355
-15896,3000,76266.48659
-5880,3000,76280.274407
-6724,3000,76294.235601
-832,3000,76309.073571
-6660,3000,76323.962284
-6380,3000,76339.09263
-5108,3000,76354.435749
-7860,3000,76368.885349
2172,3000,76382.554956
-4852,3000,76396.697864
-3764,3000,76411.169541
-5824,3000,76425.944776
-9012,3000,76440.085289
-15092,3000,76453.807637
-6980,3000,76468.635693
-10816,3000,76482.890899
-4888,3000,76496.96182
-2748,3000,76510.79537
-10956,3000,76524.586338
-8176,3000,76538.892189
-9608,3000,76559.782782
-2672,3000,76573.639495
-10724,3000,76587.793365
-6852,3000,76601.404077
-4948,3000,76615.794
-9868,3000,76629.737582
-10032,3000,76643.650056
-4744,3000,76657.682989
-2912,3000,76671.858986
-10772,3000,76687.490153
-7888,3000,76702.037798
-9848,3000,76717.544502
-668,3000,76732.664784
-7140,3000,76746.697025
-4960,3000,76760.430516
-7908,3000,76776.426796
-12920,3000,76791.60322
-5860,3000,76806.467471
-8048,3000,76821.288112
-1712,3000,76836.120823
-7032,3000,76851.099752
900,3000,76866.063184
-3836,3000,76880.35596
-9972,3000,76894.009778
-9956,3000,76908.192225
-3652,3000,76922.052258
-4852,3000,76935.990152
-14816,3000,76950.452832
-7888,3000,76964.695885
-6404,3000,76978.590647
-8952,3000,76993.646178
-7880,3000,77007.856608
-2620,3000,77021.784811
2080,3000,77035.875202
-2912,3000,77050.914275
-8124,3000,77065.400964
-7784,3000,77079.96648
-5956,3000,77093.793758
-6856,3000,77108.5138
-2024,3000,77122.854487
-6604,3000,77137.579469
-5828,3000,77151.893505
-4704,3000,77166.192808
-8900,3000,77180.447044
-14692,3000,77194.983607
-8808,3000,77208.681931
-7788,3000,77223.672996
-10040,3000,77237.4805
-8020,3000,77251.754005
-2952,3000,77265.589168
-5884,3000,77280.000344
-8776,3000,77294.214726
372,3000,77308.46334
-10548,3000,77323.047258
-2596,3000,77337.128754
-8016,3000,77350.695995
-12072,3000,77364.485128
-8976,3000,77377.975617
-696,3000,77392.327331
-5896,3000,77406.238966
-1880,3000,77420.427268
-3584,3000,77434.527727
-2900,3000,77448.457498
-1284,3000,77462.647559
-10744,3000,77476.69981
-8640,3000,77490.585693
-6592,3000,77505.053943
-1860,3000,77525.232896
-5648,3000,77539.39215
-5804,3000,77552.479783
-10872,3000,77566.554104
-5008,3000,77580.586646
-4416,3000,77593.997274
-12900,3000,77607.309035
-13708,3000,77621.562478
-9896,3000,77635.814006
-4484,3000,77649.842014
-8636,3000,77663.874161
-16612,3000,77678.00176
-756,3000,77693.289877
-11760,3000,77707.964415
-11988,3000,77722.228464
-6688,3000,77736.139579
-3800,3000,77749.897392
-2000,3000,77764.471477
-6864,3000,77778.589043
-6768,3000,77792.581755
-96,3000,77806.760553
-9476,3000,77822.131212
4060,3000,77835.633355
-4564,3000,77850.849142
-12096,3000,77864.632998
-5960,3000,77878.249095
-20624,3000,77892.558707
-1768,3000,77907.360357
1324,3000,77921.607269
-7744,3000,77936.283173
-3240,3000,77951.108257
-4180,3000,77964.835421
-2592,3000,77979.107444
-4664,3000,77994.206872
-14688,3000,78008.604296
-2908,3000,78023.023399
-13052,3000,78037.038837
-11600,3000,78051.051294
-14880,3000,78064.705528
-6860,3000,78078.540239
-4852,3000,78093.050068
-10824,3000,78107.604559
-13908,3000,78121.305772
-6612,3000,78135.643801
-3236,3000,78149.51058
-14892,3000,78164.173436
-13856,3000,78179.172475
-9056,3000,78193.275248
-5596,3000,78207.944607
-116,3000,78221.41902
-9848,3000,78235.928982
-12884,3000,78250.239295
-9768,3000,78263.949294
-9964,3000,78277.842364
-8216,3000,78292.84442
-6952,3000,78307.759675
-5956,3000,78321.072751
-4916,3000,78335.779248
-12856,3000,78350.009731
-10628,3000,78364.024342
-11628,3000,78377.9918
-6968,3000,78391.83429
-15864,3000,78405.775004
-10620,3000,78419.29623
-8860,3000,78433.587804
-5900,3000,78448.442652
-7932,3000,78469.241132
-14592,3000,78484.013384
332,3000,78499.282251
-5824,3000,78513.050168
-9832,3000,78527.342708
-4100,3000,78541.39459
-9312,3000,78555.819386
-10944,3000,78570.64657
-9108,3000,78585.055174
-10576,3000,78599.513077
-3800,3000,78614.012587
-7772,3000,78630.087798
-5096,3000,78644.125933
-8864,3000,78658.780022
-7580,3000,78673.709506
-12092,3000,78687.659536
-11852,3000,78702.45183
-8964,3000,78716.985296
-10908,3000,78730.776177
-5504,3000,78745.390613
-3132,3000,78759.637542
-15952,3000,78774.168123
-11888,3000,78788.395333
-12968,3000,78802.507535
-3924,3000,78815.5797
-4768,3000,78829.908978
-16648,3000,78844.017863
-5824,3000,78859.823309
-9044,3000,78873.914924
-2988,3000,78888.517533
-6660,3000,78903.445338
-5568,3000,78918.682107
-10704,3000,78932.052745
-9728,3000,78946.527828
-7808,3000,78960.824557
-8068,3000,78974.884394
-2996,3000,78988.685502
-12556,3000,79003.024053
-6012,3000,79016.78633
-11796,3000,79031.072157
-8740,3000,79044.723281
-12724,3000,79058.146057
-11956,3000,79071.908954
-13816,3000,79086.765199
-4800,3000,79101.03422
-14700,3000,79116.43447
-6776,3000,79132.149369
-8036,3000,79146.211046
-2732,3000,79159.749162
-10616,3000,79174.896278
-11848,3000,79190.066036
-10548,3000,79204.489763
-13584,3000,79218.135802
-9964,3000,79232.212151
-2720,3000,79247.241172
-7628,3000,79261.144047
-9352,3000,79274.361042
-11112,3000,79288.515406
-7848,3000,79303.866091
-16680,3000,79318.81748
-9604,3000,79332.978057
-9328,3000,79347.260524
-21988,3000,79362.473351
240,3000,79375.627338
-11492,3000,79389.854908
-3664,3000,79404.386332
-10012,3000,79420.26961
-8648,3000,79442.354974
-4956,3000,79457.68227
-6880,3000,79471.445062
-3940,3000,79485.057171
-8716,3000,79499.377326
-11024,3000,79512.575508
-2600,3000,79526.739765
-3012,3000,79540.780633
-9636,3000,79555.121786
-136,3000,79568.383699
-4812,3000,79583.273874
-7580,3000,79597.422185
-10656,3000,79612.000705
-7108,3000,79625.182683
-13592,3000,79639.758606
-12960,3000,79653.610316
-7888,3000,79667.445153
-19016,3000,79681.431205
-13876,3000,79695.193581
-10992,3000,79709.720762
-9944,3000,79723.776244
-11868,3000,79737.738496
-8764,3000,79751.390594
-8708,3000,79765.326231
-5620,3000,79778.901432
-2356,3000,79792.236036
-8948,3000,79806.613267
-13068,3000,79820.758342
188,3000,79834.811372
-1604,3000,79849.054567
-8848,3000,79863.029779
-14924,3000,79877.300244
-8976,3000,79891.255509
-5020,3000,79905.463389
-3740,3000,79920.309175
-14940,3000,79933.976738
-5652,3000,79947.426046
-6936,3000,79961.106099
4268,3000,79975.001309
-1932,3000,79989.140856
-9004,3000,80002.565757
-3668,3000,80016.033481
-10828,3000,80030.048654
-16496,3000,80044.258982
-5976,3000,80058.930789
-8564,3000,80074.152463
-7864,3000,80088.225123
-4784,3000,80102.434075
-9328,3000,80115.441877
-12504,3000,80129.698661
-5784,3000,80144.434284
-5808,3000,80158.45581
-6096,3000,80172.208026
-5004,3000,80185.534401
-4504,3000,80199.634332
-12832,3000,80213.613277
-7760,3000,80227.638734
-10080,3000,80241.522382
-1944,3000,80255.365424
-816,3000,80269.236067
-11096,3000,80282.89851
-2232,3000,80296.760801
-15036,3000,80310.33381
-7896,3000,80323.324664
-6760,3000,80336.800591
-5972,3000,80351.444692
-7628,3000,80366.101595
-9080,3000,80385.293312
-9984,3000,80398.548947
-4604,3000,80413.381828
-6688,3000,80428.054534
-14920,3000,80441.640654
-8964,3000,80456.411511
-12816,3000,80470.026816
-14800,3000,80483.825201
-7640,3000,80497.68817
-7944,3000,80512.540449
-3844,3000,80526.946052
-3752,3000,80541.062412
-3092,3000,80554.247923
-5024,3000,80567.866561
-16024,3000,80581.399475
-856,3000,80595.68704
-10784,3000,80610.370052
-5708,3000,80624.341767
-4744,3000,80638.188009
-8684,3000,80652.079473
-14132,3000,80666.568347
-12256,3000,80680.799906
-3856,3000,80695.78074
-5712,3000,80709.739858
-18968,3000,80724.007493
860,3000,80737.778703
-7880,3000,80752.579179
-5660,3000,80766.67818
-8804,3000,80780.503992
-6716,3000,80794.331166
-916,3000,80807.653685
-4864,3000,80821.642638
-10968,3000,80834.687671
-15768,3000,80848.771306
-8096,3000,80862.510213
-2960,3000,80876.543562
-12764,3000,80891.414526
-5556,3000,80905.315324
-1596,3000,80920.011476
-9720,3000,80935.216887
-13672,3000,80950.053013
-18224,3000,80964.516252
-9644,3000,80978.857649
-7752,3000,80993.915353
-2808,3000,81008.287336
-9120,3000,81022.349004
-7676,3000,81036.391969
-12228,3000,81051.010633
-6832,3000,81066.346131
56,3000,81080.561095
-4960,3000,81094.677396
-6976,3000,81109.342068
-11872,3000,81123.349803
-6980,3000,81137.554901
-4840,3000,81151.414837
-12940,3000,81164.44949
-860,3000,81178.52266
-8672,3000,81192.285259
-13744,3000,81205.790181
-2964,3000,81219.564384
-15012,3000,81232.968872
-14704,3000,81247.105243
-10904,3000,81261.209878
-4676,3000,81275.077379
-7948,3000,81288.419086
-12808,3000,81302.56705
-20020,3000,81322.825291
-3916,3000,81336.679716
-8108,3000,81351.31069
-9764,3000,81365.208705
-1936,3000,81379.696748
-8568,3000,81393.344063
-4964,3000,81407.122221
-9292,3000,81421.397633
-7972,3000,81435.832694
-7532,3000,81450.29031
-4044,3000,81464.188283
-3688,3000,81478.467162
-4276,3000,81493.087571
-5492,3000,81507.650686
-7940,3000,81521.04605
2300,3000,81535.203057
-7348,3000,81549.77054
-2036,3000,81563.667201
264,3000,81578.256103
-804,3000,81592.478614
-4752,3000,81606.595875
-11052,3000,81619.590192
-11648,3000,81633.630943
-1680,3000,81648.382998
-13000,3000,81662.766848
-1480,3000,81676.554832
-11976,3000,81690.763884
-8696,3000,81704.461301
-7552,3000,81718.737489
-8736,3000,81732.634513
-12008,3000,81746.531423
-11660,3000,81760.729144
-724,3000,81775.049758
160,3000,81788.823716
-4776,3000,81802.679188
-4388,3000,81816.583047
-4844,3000,81831.447544
-2696,3000,81845.075806
-2756,3000,81859.441391
-8920,3000,81872.96495
-2816,3000,81887.706859
-5928,3000,81902.237398
-4844,3000,81916.286034
-9888,3000,81929.888088
-9764,3000,81944.013124
-13804,3000,81958.162765
-7924,3000,81971.980406
-8028,3000,81986.377656
-9000,3000,82000.015793
-3912,3000,82014.384397
-8900,3000,82028.542221
-11612,3000,82043.042288
304,3000,82057.005821
-1748,3000,82070.888095
-9852,3000,82084.685481
-5776,3000,82099.490377
-8632,3000,82113.167911
-8228,3000,82126.753424
-3848,3000,82140.827087
-2820,3000,82154.729839
-13512,3000,82169.276393
-15884,3000,82183.993591
-8096,3000,82198.818132
-12928,3000,82213.350219
-1764,3000,82228.027044
-5764,3000,82242.191824
-7696,3000,82256.592028
-8024,3000,82277.610675
-4676,3000,82292.500555
-4928,3000,82306.65747
-8752,3000,82322.40738
-6992,3000,82336.81548
-9664,3000,82351.537581
-12736,3000,82365.901149
-15796,3000,82379.761698
-11104,3000,82393.535475
-7648,3000,82407.952714
-10656,3000,82421.954609
-3500,3000,82436.592092
-5716,3000,82451.244178
4060,3000,82464.953858
-4804,3000,82479.739223
3004,3000,82493.126194
-3708,3000,82506.891719
-5864,3000,82520.557358
-7540,3000,82535.079093
-8884,3000,82548.846641
-8612,3000,82563.185701
-8776,3000,82576.753787
-16000,3000,82590.982395
-6524,3000,82605.318864
-2700,3000,82619.080347
-8720,3000,82633.009909
-10928,3000,82647.180809
-7604,3000,82661.834244
-6716,3000,82676.482586
-4080,3000,82691.115664
-6408,3000,82705.365359
-2708,3000,82719.991043
-3008,3000,82733.891585
-9032,3000,82748.599627
1120,3000,82762.540901
-8668,3000,82777.995864
-3896,3000,82791.732685
-3768,3000,82805.943646
-5868,3000,82819.593283
-6848,3000,82834.023119
-3952,3000,82848.324799
-3624,3000,82862.369006
-9960,3000,82876.401589
-17932,3000,82890.32589
-9236,3000,82903.996748
-6020,3000,82918.733041
-3360,3000,82932.977717
-3004,3000,82947.17181
-1860,3000,82961.297025
-4620,3000,82975.845122
-6220,3000,82990.249138
-7720,3000,83004.7803
-4604,3000,83018.914623
-5748,3000,83033.651948
-6900,3000,83047.507808
-5576,3000,83061.408855
-7656,3000,83076.311821
-5784,3000,83089.810462
-1860,3000,83104.816526
-7896,3000,83118.823502
-7104,3000,83133.072462
-1980,3000,83147.540147
-9696,3000,83162.085239
-7820,3000,83176.924842
-6096,3000,83191.671466
-5848,3000,83206.769442
-1784,3000,83220.975176
-2348,3000,83241.840009
-848,3000,83255.235048
-8204,3000,83269.448174
-2764,3000,83283.664601
-6960,3000,83298.074052
-10776,3000,83312.604983
-14136,3000,83326.858521
-5912,3000,83342.122407
-5552,3000,83357.793845
-2820,3000,83373.476758
-3916,3000,83387.972874
1036,3000,83402.850689
-7844,3000,83417.264417
-7124,3000,83430.65477
-4764,3000,83444.922165
-12968,3000,83459.235735
-15744,3000,83473.981324
-2596,3000,83488.783471
-13116,3000,83504.28133
1224,3000,83519.601553
-3852,3000,83535.706905
-5840,3000,83550.774314
-7016,3000,83564.185574
-7880,3000,83577.872478
-5996,3000,83591.728698
-6820,3000,83607.5066
-8860,3000,83623.295905
-2496,3000,83638.258631
-4984,3000,83653.268482
-5756,3000,83669.00366
-5684,3000,83684.20443
-8716,3000,83699.092314
-12996,3000,83715.145909
-13792,3000,83730.822294
-7884,3000,83745.939228
-11664,3000,83760.864612
-8612,3000,83775.698183
-2984,3000,83789.384751
-9700,3000,83803.528019
-7660,3000,83818.150965
-7120,3000,83832.730733
-11228,3000,83846.267207
104,3000,83860.216166
-2704,3000,83874.039347
-5720,3000,83888.346537
-8648,3000,83902.690788
-14752,3000,83917.649965
-6624,3000,83932.179601
-10492,3000,83945.991947
-7680,3000,83960.944023
-9952,3000,83974.596525
-9104,3000,83988.982175
-3752,3000,84003.170693
-3648,3000,84017.073796
-9048,3000,84031.13984
-6784,3000,84045.890274
-5084,3000,84059.595421
-11900,3000,84073.230203
-11096,3000,84086.530344
-10804,3000,84099.758371
-7724,3000,84113.525554
-2724,3000,84127.736675
-2724,3000,84140.541664
-8152,3000,84154.533853
-6628,3000,84168.009717
-5692,3000,84182.367126
-8912,3000,84202.11162
-12012,3000,84216.171286
-6696,3000,84230.614092
-8144,3000,84245.328836
-11084,3000,84260.159848
-12676,3000,84274.334739
-1068,3000,84288.930056
-9072,3000,84302.489839
-11908,3000,84315.957162
-6820,3000,84330.055127
-6688,3000,84344.552117
-7940,3000,84358.084863
-2908,3000,84371.168154
24,3000,84385.838101
-9648,3000,84401.069741
-3012,3000,84415.214062
-18804,3000,84430.050597
-6536,3000,84444.324413
-2952,3000,84458.007287
1144,3000,84471.887731
-4112,3000,84485.54081
-1636,3000,84500.172683
-4712,3000,84515.447079
-9732,3000,84529.804396
-11904,3000,84543.715065
-9820,3000,84558.281051
-708,3000,84573.011273
-6624,3000,84587.33535
-8724,3000,84601.488531
-4996,3000,84616.013842
-3664,3000,84630.229767
-15700,3000,84643.529865
-9888,3000,84657.899304
-6772,3000,84672.306714
-10744,3000,84686.980292
-9868,3000,84701.252801
-6804,3000,84715.408198
-11904,3000,84729.651235
-16284,3000,84743.293785
-10916,3000,84758.393355
-11056,3000,84772.48451
-6664,3000,84786.396445
-9844,3000,84800.489154
-5800,3000,84814.673814
-8840,3000,84828.711945
-11944,3000,84843.14276
-528,3000,84857.397795
-11144,3000,84871.005027
-9048,3000,84885.944691
-5980,3000,84900.758171
-13644,3000,84914.96106
-9672,3000,84929.600692
-4872,3000,84943.993244
-4348,3000,84958.888834
-4776,3000,84973.67759
-8756,3000,84987.436275
-15080,3000,85000.627723
160,3000,85014.39233
-1168,3000,85028.01106
-12672,3000,85041.543473
-4056,3000,85055.408196
-4788,3000,85069.733813
-10992,3000,85083.278648
-1924,3000,85096.816061
-5024,3000,85111.152984
-3888,3000,85125.669958
-8620,3000,85139.2116
-8676,3000,85159.590813
-4824,3000,85174.621471
-7556,3000,85189.059032
-4948,3000,85203.51281
-17796,3000,85218.919788
-7664,3000,85233.31642
-4888,3000,85246.627969
-9536,3000,85261.52485
-2800,3000,85275.660227
-7920,3000,85289.452874
-4700,3000,85305.080706
-5652,3000,85320.080629
-6896,3000,85334.777477
-1548,3000,85348.680442
-7820,3000,85362.483608
-6824,3000,85375.688437
-7664,3000,85390.177883
-9868,3000,85404.590758
-720,3000,85418.082974
1200,3000,85432.054187
-6896,3000,85445.507308
-10664,3000,85459.956034
-7988,3000,85474.735334
-3780,3000,85489.01307
-4824,3000,85503.082865
-13976,3000,85517.565057
1584,3000,85532.517929
-11960,3000,85546.753025
-19140,3000,85561.239034
-3616,3000,85575.003874
1360,3000,85589.535755
-5836,3000,85603.689874
-7712,3000,85618.514431
-11068,3000,85632.561717
-12948,3000,85646.991546
-2672,3000,85661.644192
-6964,3000,85675.150081
-7656,3000,85689.662457
-3844,3000,85703.668496
-6676,3000,85718.166508
-4728,3000,85732.134531
-596,3000,85745.723801
-2820,3000,85759.863801
-2920,3000,85774.836301
-12632,3000,85789.118461
-4712,3000,85802.499204
-10672,3000,85817.60293
-7936,3000,85831.508988
-7800,3000,85846.193938
-5864,3000,85861.025832
-5872,3000,85875.519549
-3692,3000,85890.08586
-3580,3000,85903.963281
-15576,3000,85918.590613
-16964,3000,85933.694596
-5468,3000,85948.861134
-25056,3000,85963.626613
-10972,3000,85978.031809
-3852,3000,85992.811846
3036,3000,86006.932589
-4776,3000,86021.418078
-2700,3000,86036.090642
-9924,3000,86050.170963
-6072,3000,86063.846629
-3612,3000,86078.877966
-7684,3000,86093.61975
-8632,3000,86107.846852
-6796,3000,86128.481641
-15860,3000,86143.892844
-4816,3000,86158.429206
-4744,3000,86172.641552
-9968,3000,86186.862765
-6756,3000,86201.767394
-16788,3000,86216.338265
-10148,3000,86230.616784
-10804,3000,86243.579602
-11864,3000,86258.093741
-9816,3000,86273.198164
-2756,3000,86288.249333
-11844,3000,86302.355111
1244,3000,86316.844837
3052,3000,86331.341763
-9016,3000,86346.719357
-5736,3000,86360.89515
-4900,3000,86374.040723
-6796,3000,86387.899804
1256,3000,86402.041638
1280,3000,86416.658498
-5800,3000,86431.631558
-5768,3000,86446.485182
-1688,3000,86460.748866
-6872,3000,86474.047211
-11032,3000,86488.032131
-9952,3000,86502.146773
-3748,3000,86516.300377
-10920,3000,86530.961162
-16664,3000,86544.815057
-10908,3000,86559.375656
-6560,3000,86573.238078
-8576,3000,86587.110494
-10964,3000,86601.932846
-13216,3000,86616.056603
-3892,3000,86630.633417
-8588,3000,86644.648264
-8892,3000,86659.685415
-1688,3000,86673.671454
-17904,3000,86688.236492
-8212,3000,86701.82946
-5816,3000,86715.824704
-8880,3000,86730.814994
-6792,3000,86745.348409
-10808,3000,86759.610883
-9976,3000,86773.149808
-7536,3000,86788.006993
-5996,3000,86801.965994
-20,3000,86816.438616
-7028,3000,86829.600791
-7092,3000,86843.431458
-7056,3000,86857.772273
-7664,3000,86872.234225
-7520,3000,86886.872484
-13776,3000,86901.077468
-10864,3000,86915.333738
-1548,3000,86929.90906
-11832,3000,86944.079962
-5800,3000,86958.057992
-5592,3000,86972.75757
-6856,3000,86986.082728
-9876,3000,87000.645259
-4820,3000,87014.025881
-9752,3000,87028.002867
-8148,3000,87042.118803
-9004,3000,87057.24775
536,3000,87076.623416
-10800,3000,87091.178082
-4820,3000,87106.401045
-4680,3000,87120.998081
-9736,3000,87135.276513
-9632,3000,87149.768406
-4120,3000,87163.331477
32,3000,87177.112521
-4644,3000,87191.444244
-5968,3000,87204.90678
-6000,3000,87219.740785
-5020,3000,87233.935127
-11908,3000,87247.643623
-15968,3000,87261.681742
-6784,3000,87276.805707
-11084,3000,87290.848489
-10108,3000,87304.753835
-3640,3000,87318.628352
-4956,3000,87332.442947
-4944,3000,87346.676494
-4712,3000,87360.502305
-9828,3000,87374.782763
-5936,3000,87388.37369
-10136,3000,87401.992512
-9840,3000,87415.615846
-12864,3000,87430.054538
4048,3000,87444.921225
-4792,3000,87458.371787
-7760,3000,87474.12571
-10736,3000,87488.22802
-10572,3000,87501.470148
-6592,3000,87515.63102
-6608,3000,87529.505015
-8932,3000,87543.604808
-4860,3000,87557.317594
-9968,3000,87570.485868
2956,3000,87584.307042
-4604,3000,87598.286319
-1656,3000,87612.605519
-6856,3000,87626.445184
-5652,3000,87640.637137
-9864,3000,87655.140589
-10656,3000,87668.811023
-6760,3000,87683.17809
-6800,3000,87697.747117
-2884,3000,87711.727909
-4792,3000,87726.599818
-816,3000,87740.068313
-13788,3000,87754.763602
-2624,3000,87768.617591
-4068,3000,87783.369354
-6468,3000,87797.415301
-1940,3000,87811.664239
-3872,3000,87826.31901
-10876,3000,87840.566482
-3824,3000,87855.044991
-12052,3000,87868.641667
-10112,3000,87882.938246
-6896,3000,87897.220258
-9832,3000,87911.866983
-9128,3000,87926.24411
-8936,3000,87940.777361
-9076,3000,87955.372253
-12856,3000,87969.611296
-2804,3000,87983.37375
-6952,3000,87997.947728
-2948,3000,88012.155984
-5532,3000,88033.556573
-10824,3000,88048.1508
-7344,3000,88061.813106
-6844,3000,88076.067972
-6008,3000,88090.722962
-1736,3000,88103.968675
-7796,3000,88117.220922
-9108,3000,88131.161524
3636,3000,88145.424415
-10000,3000,88159.128517
3128,3000,88173.616603
-17848,3000,88187.130267
-5800,3000,88201.161172
-12044,3000,88214.899797
-5032,3000,88228.570374
-4792,3000,88241.806769
-15068,3000,88255.568473
-8044,3000,88269.979007
-3796,3000,88283.75492
-2060,3000,88297.297189
-13776,3000,88311.064006
-9624,3000,88325.13477
-2992,3000,88338.839934
-7524,3000,88353.407047
-8908,3000,88367.936805
-4808,3000,88381.520923
-11796,3000,88395.240916
-10868,3000,88409.604665
-10752,3000,88422.953929
-16056,3000,88436.813392
-9064,3000,88450.437768
-2676,3000,88464.360649
-8760,3000,88477.856241
-12748,3000,88491.523532
-7720,3000,88505.212189
-11932,3000,88519.31691
-6556,3000,88534.380347
-5760,3000,88549.00474
-6872,3000,88563.247619
-10876,3000,88578.055612
-5848,3000,88593.187558
-9840,3000,88607.039065
-7956,3000,88620.670547
-1572,3000,88634.930173
-10544,3000,88650.188008
-6012,3000,88664.42738
-17780,3000,88678.032057
-7764,3000,88692.717361
-7828,3000,88707.264961
-12976,3000,88722.092343
-7064,3000,88736.702689
-9408,3000,88751.140183
-4852,3000,88765.185897
-7748,3000,88780.423604
-4940,3000,88794.39429
-12020,3000,88808.786345
-4928,3000,88822.514324
-3780,3000,88836.890345
-10976,3000,88851.9733
-5040,3000,88866.937162
-3676,3000,88881.429266
-4540,3000,88895.378536
-8344,3000,88910.305024
-15812,3000,88924.941419
-11780,3000,88939.544485
-2144,3000,88954.009376
2276,3000,88968.050033
-4632,3000,88988.354204
2824,3000,89001.786388
-7780,3000,89016.116827
-10660,3000,89030.70387
-5852,3000,89044.37098
-2876,3000,89058.241841
-10840,3000,89071.654255
-4124,3000,89085.140789
-15940,3000,89100.354915
-13228,3000,89113.88632
-3732,3000,89127.76141
-2000,3000,89141.79271
-12496,3000,89156.629671
-10748,3000,89169.694763
-6520,3000,89184.127569
-15992,3000,89199.153319
-11908,3000,89212.656444
-4992,3000,89226.487448
-7964,3000,89240.647085
-16020,3000,89255.671778
-12676,3000,89270.176766
-6272,3000,89283.838782
412,3000,89297.609503
-16012,3000,89312.576569
-7980,3000,89326.42382
-11856,3000,89340.106336
-2872,3000,89354.598158
-8868,3000,89369.545649
-2756,3000,89383.347826
1848,3000,89397.550649
-1728,3000,89412.35629
-10880,3000,89426.901343
-3828,3000,89441.066523
-11732,3000,89455.149187
-11940,3000,89469.911858
-10908,3000,89483.789362
-10684,3000,89498.193717
-5428,3000,89512.68426
-4960,3000,89525.922439
-9604,3000,89539.790763
-840,3000,89553.846802
-19528,3000,89567.618171
-7804,3000,89581.905085
-7584,3000,89595.485789
1520,3000,89609.190564
-13924,3000,89623.438402
-8176,3000,89637.963692
-472,3000,89652.527653
-7848,3000,89666.895537
-9664,3000,89681.75997
-14892,3000,89695.593606
-12812,3000,89710.248352
-14656,3000,89724.995832
-4992,3000,89738.123221
-16884,3000,89753.317435
-8884,3000,89768.067627
-7820,3000,89783.056057
-7228,3000,89796.517201
-6824,3000,89810.437824
-1060,3000,89824.822348
-4816,3000,89839.226365
1252,3000,89854.469961
-7924,3000,89868.997341
-13988,3000,89882.954822
-3984,3000,89896.463932
-12828,3000,89910.865015
-9916,3000,89930.825248
-14984,3000,89944.94267
-12924,3000,89958.414291
-8736,3000,89972.596464
-7544,3000,89987.372778
-6772,3000,90001.957758
-2920,3000,90016.50258
-7828,3000,90029.361517
-9888,3000,90043.695713
-8128,3000,90058.995643
-432,3000,90073.927113
-16956,3000,90088.942477
-9808,3000,90102.787065
-17172,3000,90117.663831
-6604,3000,90131.606108
-18856,3000,90146.563083
-6784,3000,90161.055946
-8912,3000,90176.063196
2236,3000,90189.593945
-10848,3000,90203.62174
-8920,3000,90218.095403
-10920,3000,90232.815557
-9860,3000,90247.901224
-1864,3000,90262.506037
-8580,3000,90278.256792
-4492,3000,90292.065794
-3840,3000,90305.818554
-3788,3000,90321.718462
-8088,3000,90336.205854
-8588,3000,90350.357193
-7052,3000,90364.478387
-11896,3000,90378.762814
-10988,3000,90392.751921
-6088,3000,90406.923955
-9504,3000,90421.574472
-2352,3000,90435.665795
-5744,3000,90449.931047
-10212,3000,90464.751097
-5784,3000,90478.467589
-13104,3000,90493.37338
-10112,3000,90507.435757
-12016,3000,90520.975397
-7164,3000,90535.356951
1152,3000,90549.440695
-7620,3000,90563.786602
-3772,3000,90578.539989
-10052,3000,90592.947817
2336,3000,90607.314258
-6780,3000,90621.916955
-8716,3000,90636.651829
-4712,3000,90650.635795
-1688,3000,90664.549475
-5888,3000,90678.62575
-9068,3000,90693.402499
-8712,3000,90707.823055
-8868,3000,90722.705874
-6660,3000,90737.897108
-6892,3000,90752.338752
-8792,3000,90767.245466
-8872,3000,90782.749491
-2908,3000,90797.756337
-7044,3000,90812.187597
-8776,3000,90826.871724
-9004,3000,90841.064371
-7824,3000,90856.077658
-8068,3000,90870.825728
-8876,3000,90886.00203
-4644,3000,90906.117302
-2748,3000,90920.77731
-9736,3000,90934.954844
-3840,3000,90948.321758
-688,3000,90961.989006
-5792,3000,90976.286886
-7880,3000,90990.271712
-5992,3000,91004.2922
-12668,3000,91019.284736
-5168,3000,91033.576596
-8892,3000,91047.82681
-9208,3000,91061.891418
-4616,3000,91076.36028
-7660,3000,91090.394842
-5932,3000,91104.497686
-7160,3000,91118.892512
-10880,3000,91133.054872
-2708,3000,91147.542612
-18020,3000,91161.536969
-2776,3000,91176.125841
-5108,3000,91190.620225
-544,3000,91205.076219
-12588,3000,91219.473931
-4500,3000,91234.2696
-7672,3000,91248.887452
-2800,3000,91262.381788
-5180,3000,91276.858388
-2532,3000,91292.118278
-920,3000,91306.270011
-3700,3000,91320.707177
-14532,3000,91335.738885
-2764,3000,91349.845045
-4812,3000,91363.764482
-14136,3000,91378.01366
-1792,3000,91392.313704
-624,3000,91406.824674
-14768,3000,91421.935623
-16852,3000,91439.344567
-3700,3000,91453.840297
-6548,3000,91467.243095
-2868,3000,91480.94806
-9560,3000,91494.670939
-10912,3000,91508.720012
-4756,3000,91522.77293
-3716,3000,91536.098392
-3956,3000,91549.888483
-8696,3000,91563.274264
-12876,3000,91577.7169
-8060,3000,91592.179349
-7988,3000,91606.104218
-19032,3000,91620.045433
-11968,3000,91634.76549
-136,3000,91648.932889
-4668,3000,91663.291182
-4692,3000,91677.611089
-11688,3000,91691.89122
-10760,3000,91705.775013
-9796,3000,91718.751727
-5644,3000,91732.865911
-6568,3000,91746.685813
-5040,3000,91760.74662
-5600,3000,91774.474834
-11640,3000,91788.783475
-6840,3000,91802.89787
-3872,3000,91817.307204
-5068,3000,91830.723144
-10104,3000,91844.462497
-8976,3000,91864.086855
-6624,3000,91877.432424
-2684,3000,91891.535037
-12688,3000,91905.555729
-12520,3000,91919.838631
-5708,3000,91933.872265
-892,3000,91946.945173
-5868,3000,91960.947057
-11844,3000,91974.930208
-15164,3000,91988.528832
-9776,3000,92002.370309
-3608,3000,92016.684959
-1968,3000,92030.535128
-9880,3000,92044.819174
-6716,3000,92058.824071
-9860,3000,92072.586403
-6632,3000,92086.09499
1248,3000,92099.434755
-2596,3000,92113.287474
-3800,3000,92127.117522
-3792,3000,92141.135738
-8356,3000,92155.307474
-5836,3000,92168.78388
-8016,3000,92183.040643
-3848,3000,92196.668174
-11100,3000,92209.937531
-12760,3000,92223.673155
-9964,3000,92237.198482
-6948,3000,92251.162708
-13748,3000,92264.868925
-6908,3000,92279.524671
-8116,3000,92293.479349
-1784,3000,92307.785804
-4660,3000,92322.514085
-9068,3000,92336.122409
-4020,3000,92350.363691
-3508,3000,92364.794932
-3776,3000,92379.145915
-11680,3000,92393.313871
-3012,3000,92406.831161
32,3000,92420.278549
-4640,3000,92434.731764
-11868,3000,92448.241144
-100,3000,92461.51458
-2812,3000,92475.500698
-9812,3000,92488.952256
-2708,3000,92502.266626
-6736,3000,92516.24455
-3824,3000,92529.679967
-11068,3000,92543.481855
-6936,3000,92557.242228
-6780,3000,92570.559927
-10824,3000,92584.339154
-1756,3000,92598.068818
-13796,3000,92612.328519
-10012,3000,92625.812129
-15812,3000,92639.664313
-4516,3000,92654.073297
-3788,3000,92668.173281
-5756,3000,92682.291187
-13700,3000,92695.91814
-8064,3000,92709.598943
-2528,3000,92723.907107
-10704,3000,92738.165617
-11028,3000,92751.746765
-4688,3000,92765.436498
-2668,3000,92785.228966
-4460,3000,92799.522862
-8816,3000,92812.989332
-3884,3000,92826.247582
-3668,3000,92840.598872
-3876,3000,92854.69364
-4924,3000,92868.895263
-7592,3000,92882.531381
-8452,3000,92896.53247
-3696,3000,92910.82376
-20868,3000,92924.711531
-7048,3000,92937.957938
-5832,3000,92951.71779
-9904,3000,92965.312557
-8824,3000,92979.31715
-2692,3000,92993.205247
-10644,3000,93007.14758
-9732,3000,93020.666649
-10768,3000,93034.466275
-6124,3000,93048.202494
-5804,3000,93061.830077
-13684,3000,93075.852782
-4924,3000,93089.590828
-7900,3000,93102.853358
-8896,3000,93116.69328
-9456,3000,93130.375474
-6676,3000,93144.416769
-8988,3000,93158.138354
-13968,3000,93171.532545
1080,3000,93184.720021
-14836,3000,93198.210389
-2664,3000,93211.89001
-7716,3000,93225.284561
-3216,3000,93238.551516
-11976,3000,93252.201766
-2648,3000,93265.586978
-13140,3000,93279.030451
-9948,3000,93293.184939
-3128,3000,93306.465683
-3744,3000,93319.870268
-12896,3000,93333.42229
-4832,3000,93346.874086
260,3000,93360.253782
-7096,3000,93374.082378
-4720,3000,93388.548821
-5776,3000,93402.714967
-8876,3000,93417.064821
1116,3000,93430.590527
-5400,3000,93443.90575
-12596,3000,93457.688857
-1800,3000,93471.226734
1028,3000,93485.22427
-3776,3000,93499.599771
-11148,3000,93513.065185
-5656,3000,93527.00297
-14780,3000,93541.448105
564,3000,93554.813508
-9592,3000,93568.907438
-11176,3000,93582.778061
-2008,3000,93596.262889
136,3000,93610.147473
-7612,3000,93624.503342
-5080,3000,93638.220918
-7956,3000,93651.359099
-14896,3000,93664.849702
-8416,3000,93678.618756
-6924,3000,93692.386856
-11644,3000,93711.828998
-3688,3000,93725.381153
1352,3000,93739.25968
-11940,3000,93753.187937
-6616,3000,93766.760768
-7996,3000,93780.335133
-9004,3000,93793.948782
-17664,3000,93807.369337
-6812,3000,93820.75927
-12804,3000,93834.494933
-7972,3000,93847.920645
-11004,3000,93861.196027
-3128,3000,93874.69034
-4172,3000,93888.450951
-1840,3000,93901.327495
-2936,3000,93914.615842
-9904,3000,93928.0791
-5832,3000,93941.718031
-3880,3000,93955.477645
-8852,3000,93969.310755
1476,3000,93982.651354
-8800,3000,93996.324305
-4712,3000,94010.757809
-3704,3000,94024.238462
-2816,3000,94038.074802
-2840,3000,94052.258139
-4956,3000,94066.189878
-12052,3000,94079.894337
-7900,3000,94093.360876
-5076,3000,94106.315857
-3688,3000,94119.954448
-8828,3000,94133.537862
-9684,3000,94146.946489
-11052,3000,94160.534954
-12904,3000,94174.22281
-17960,3000,94188.530307
-5824,3000,94202.485171
-4856,3000,94216.011908
-15028,3000,94229.207325
-10604,3000,94242.237206
-12040,3000,94255.631786
-2804,3000,94269.309356
-6840,3000,94283.454625
-9820,3000,94297.600281
-8860,3000,94312.162485
-11016,3000,94325.954086
-5244,3000,94339.50878
-1012,3000,94353.454474
-8740,3000,94367.040498
-11840,3000,94380.497386
-6784,3000,94393.439192
-7548,3000,94407.81327
-10032,3000,94421.855184
-2988,3000,94435.458271
-7640,3000,94448.944941
-12656,3000,94462.485494
-8796,3000,94476.122194
-7088,3000,94489.408478
-592,3000,94502.972679
-12876,3000,94516.065152
-4008,3000,94529.981603
-1988,3000,94543.993496
-8096,3000,94557.372331
-200,3000,94570.624876
-4812,3000,94584.272058
-8768,3000,94597.795352
-13132,3000,94610.890968
1280,3000,94630.071155
-6608,3000,94644.24375
356,3000,94657.991961
-592,3000,94672.080933
-10876,3000,94685.692031
-6912,3000,94698.772855
-7864,3000,94712.545966
-8888,3000,94726.5726
-13916,3000,94740.501012
-1068,3000,94753.755904
-15736,3000,94767.60588
-4732,3000,94781.210736
348,3000,94794.987943
-744,3000,94808.592921
-15804,3000,94822.896459
-2808,3000,94836.671616
-1664,3000,94850.632573
-9188,3000,94864.42643
-11956,3000,94877.69679
-10044,3000,94891.606884
-12856,3000,94905.787284
-9984,3000,94919.636608
-6592,3000,94933.572969
4156,3000,94947.332328
-10848,3000,94961.818574
-1088,3000,94975.886055
-944,3000,94989.460799
-13048,3000,95002.847867
-9556,3000,95016.531263
-5756,3000,95029.645752
-6696,3000,95043.507579
-16776,3000,95057.42676
-9036,3000,95070.722163
-1764,3000,95084.461837
-2740,3000,95098.795376
-4060,3000,95112.19596
-10532,3000,95126.284937
-20024,3000,95140.061373
-20960,3000,95154.074332
-1720,3000,95168.242871
-3776,3000,95181.97073
-5024,3000,95196.037064
-5940,3000,95210.099077
-16960,3000,95223.642226
-6920,3000,95237.512704
-7864,3000,95251.508994
-4816,3000,95265.592121
-3220,3000,95278.909065
-1964,3000,95292.790554
-12140,3000,95306.326948
-9136,3000,95320.339021
-2900,3000,95333.98302
-9820,3000,95347.6186
-7872,3000,95361.128938
-8796,3000,95375.082036
-9032,3000,95388.452242
-5724,3000,95401.983213
-5548,3000,95415.815483
-5908,3000,95429.465552
-4632,3000,95443.088161
-6888,3000,95456.687305
-5084,3000,95470.152452
-7680,3000,95483.888599
-8964,3000,95497.705238
-2764,3000,95511.112991
-8804,3000,95524.834017
-13216,3000,95544.688391
-8096,3000,95558.527476
-2852,3000,95572.051219
-6236,3000,95585.131164
-9920,3000,95598.767318
-1584,3000,95612.25607
-5912,3000,95625.873194
-7828,3000,95639.740498
-1092,3000,95653.739258
-11780,3000,95667.09918
-11832,3000,95680.400388
-7212,3000,95693.995678
-1648,3000,95707.536274
-11940,3000,95720.946448
-3036,3000,95734.626671
-4700,3000,95748.40057
-6024,3000,95761.650091
-9976,3000,95775.665976
416,3000,95789.580684
-8904,3000,95802.675731
3132,3000,95816.201252
-4988,3000,95829.972021
-6904,3000,95844.172437
-5824,3000,95857.468738
-15116,3000,95871.516778
-9724,3000,95884.854992
-6568,3000,95899.269118
-10008,3000,95912.457239
-4932,3000,95925.685988
-3608,3000,95939.060447
-8652,3000,95952.827847
-6676,3000,95966.813914
-8692,3000,95980.808258
-14076,3000,95994.548626
-9168,3000,96008.060149
-7548,3000,96022.0903
-13976,3000,96035.868843
-7872,3000,96049.972796
-3928,3000,96063.243474
-14292,3000,96076.941438
-8712,3000,96090.83215
-988,3000,96104.814459
-9888,3000,96118.644453
-9916,3000,96132.974912
-10880,3000,96146.85044
-8912,3000,96160.12743
-3780,3000,96173.900483
-6792,3000,96187.436487
-7024,3000,96201.140851
-1096,3000,96214.203241
-6924,3000,96227.636124
-3840,3000,96241.194238
-7884,3000,96255.034508
-4848,3000,96269.063457
-10844,3000,96283.024847
-5896,3000,96296.993283
-4492,3000,96311.166762
-7440,3000,96324.739697
-13888,3000,96338.115356
-1984,3000,96351.142456
-3944,3000,96364.791953
-5880,3000,96378.172438
-6820,3000,96391.910742
-3940,3000,96405.875277
-7660,3000,96419.748678
-8020,3000,96433.609856
-17180,3000,96447.338767
-10940,3000,96466.834555
-13900,3000,96481.132672
-1988,3000,96495.141504
-8840,3000,96508.502465
-8916,3000,96522.100232
-860,3000,96535.816537
-1888,3000,96548.623795
-3640,3000,96562.262372
-936,3000,96575.57564
-2920,3000,96589.396948
-2908,3000,96603.31209
-6852,3000,96617.012526
-2796,3000,96630.860171
1412,3000,96644.72266
-13652,3000,96658.929904
-12568,3000,96672.880921
-1924,3000,96687.062894
-6560,3000,96700.82623
-2752,3000,96714.919604
-14852,3000,96728.982944
-8848,3000,96742.754305
-1360,3000,96756.443762
-11652,3000,96770.068878
-3976,3000,96783.56566
-3844,3000,96797.880248
-4844,3000,96811.564527
-4040,3000,96824.892133
-15888,3000,96838.629044
48,3000,96851.792285
-6520,3000,96865.756594
-9628,3000,96879.0353
-8872,3000,96892.969847
-1688,3000,96906.965708
-9624,3000,96921.027595
-9052,3000,96934.615782
-712,3000,96948.191348
1032,3000,96961.420887
-8648,3000,96974.880192
-6848,3000,96988.654527
-4304,3000,97002.923843
-12036,3000,97016.706493
-11744,3000,97030.718067
-9740,3000,97044.453691
-8532,3000,97058.310901
-17012,3000,97072.253314
2036,3000,97086.221974
-864,3000,97100.060497
-10656,3000,97114.158068
-7928,3000,97127.934351
-3744,3000,97141.672972
-1464,3000,97155.446293
-10704,3000,97169.123625
-9572,3000,97184.257842
-4264,3000,97197.752178
-6040,3000,97211.151732
-3672,3000,97225.165658
-10804,3000,97239.104491
-4916,3000,97252.648412
-4596,3000,97267.076434
2400,3000,97280.917849
-6816,3000,97294.512821
-12636,3000,97308.804567
-1000,3000,97322.540448
-10516,3000,97336.49153
-628,3000,97350.08316
2252,3000,97363.982102
-7840,3000,97378.410407
284,3000,97397.255043
-11272,3000,97411.821707
-4788,3000,97425.568239
-11108,3000,97439.231942
-4776,3000,97454.103933
-9844,3000,97467.367111
-15872,3000,97481.367074
-7996,3000,97494.639728
-1692,3000,97508.520396
-10772,3000,97522.118785
-11100,3000,97535.400974
-632,3000,97549.056298
-6860,3000,97563.115964
-2764,3000,97576.327843
-9756,3000,97589.946125
-12968,3000,97604.105229
-9804,3000,97618.002007
-12636,3000,97632.075751
-5724,3000,97645.483
-6980,3000,97658.905963
-9840,3000,97672.16706
-10128,3000,97685.442682
-1968,3000,97699.693682
-10216,3000,97712.59919
-9884,3000,97725.123658
-9640,3000,97739.309618
-8144,3000,97752.51238
-6928,3000,97766.930384
-7908,3000,97781.061927
-2920,3000,97795.254008
-9936,3000,97808.797188
-4648,3000,97822.407361
-5432,3000,97835.93806
-8036,3000,97849.654995
-9188,3000,97863.304152
-4716,3000,97877.164929
-724,3000,97891.040795
2296,3000,97905.172023
-8028,3000,97918.111468
-10292,3000,97931.529716
-7808,3000,97944.859234
-4004,3000,97958.035197
-5516,3000,97972.043695
-10916,3000,97986.025045
-11740,3000,97999.90876
-5840,3000,98013.332373
-14652,3000,98027.249431
-3792,3000,98040.918366
-10864,3000,98054.897509
-8764,3000,98068.525616
-9928,3000,98082.263229
-6688,3000,98095.968529
-11916,3000,98109.570779
-9532,3000,98123.46798
-8716,3000,98136.981591
-9168,3000,98150.831972
-9924,3000,98164.339092
-10828,3000,98178.179708
-10688,3000,98192.163071
-568,3000,98206.211946
-11716,3000,98220.013113
-2836,3000,98233.852855
-12928,3000,98247.65429
2248,3000,98261.435703
-12940,3000,98275.086335
-3824,3000,98288.86828
-7720,3000,98307.706965
-6524,3000,98321.956577
-3880,3000,98335.025935
-4728,3000,98348.18943
-11780,3000,98361.372768
-3044,3000,98375.270241
-7908,3000,98388.378939
5116,3000,98401.953503
-9008,3000,98415.870974
108,3000,98429.101585
-8308,3000,98442.683344
-4048,3000,98456.863399
-10020,3000,98470.299483
-4692,3000,98484.12414
-940,3000,98498.162717
-2876,3000,98512.081426
-5188,3000,98525.884309
-13992,3000,98539.507974
-6492,3000,98553.4421
-3776,3000,98567.408576
-6232,3000,98580.705065
-10848,3000,98594.365239
-8860,3000,98608.088701
-10188,3000,98622.236266
-1612,3000,98636.53956
-15644,3000,98650.412327
-8024,3000,98663.909836
-7908,3000,98676.956159
-8792,3000,98690.427341
-5892,3000,98704.308936
-19988,3000,98717.974368
-2724,3000,98731.551903
-1896,3000,98745.83234
-9896,3000,98759.549811
-17904,3000,98773.562921
2272,3000,98787.517866
-9064,3000,98801.607904
-3900,3000,98814.626352
-8916,3000,98828.227553
-3864,3000,98841.831883
-10812,3000,98856.346694
-5592,3000,98870.695669
-16132,3000,98884.773951
-8028,3000,98899.071472
-10956,3000,98913.453579
-5792,3000,98927.71183
-6588,3000,98941.684234
-5712,3000,98955.539473
-15636,3000,98969.859139
-6872,3000,98983.667885
-11968,3000,98997.428805
-2684,3000,99011.461139
-11216,3000,99025.438114
-2896,3000,99038.961336
-5548,3000,99052.924025
-7708,3000,99066.75958
-11112,3000,99080.277452
-8940,3000,99094.594942
-9744,3000,99108.568365
-8144,3000,99122.201484
-11720,3000,99136.428801
296,3000,99150.565301
-7988,3000,99164.065356
-9908,3000,99177.819716
-9728,3000,99191.658556
-12960,3000,99205.670077
-10940,3000,99219.589831
-8852,3000,99239.570136
-5604,3000,99254.052868
-2748,3000,99267.953262
-5488,3000,99282.340248
-9108,3000,99295.557528
-12924,3000,99308.715217
-12780,3000,99322.24423
-4520,3000,99336.515309
-2972,3000,99350.676471
-7068,3000,99363.825155
-6764,3000,99377.501673
-14876,3000,99390.768601
-11056,3000,99403.986861
1232,3000,99417.62042
-4848,3000,99431.38425
-6044,3000,99444.757529
-9852,3000,99458.619898
-9872,3000,99472.670377
-7764,3000,99486.442966
-6912,3000,99500.381641
-9660,3000,99514.252911
-3724,3000,99527.806919
-10248,3000,99541.699358
-12240,3000,99555.454559
-12996,3000,99569.34942
-4096,3000,99582.699365
-6060,3000,99596.196365
-7872,3000,99610.378399
-5816,3000,99623.992079
-7640,3000,99637.642311
-4680,3000,99651.432465
-7848,3000,99665.106719
-5788,3000,99678.221854
-6856,3000,99691.819898
-7844,3000,99705.461771
-3888,3000,99719.584971
-1972,3000,99733.536919
-6880,3000,99747.371428
-8920,3000,99761.263384
-5860,3000,99774.896671
-6672,3000,99788.303692
-6648,3000,99801.813602
-6836,3000,99815.286328
-10756,3000,99829.166612
-12112,3000,99842.906222
-9356,3000,99856.19675
-6760,3000,99869.32971
-5812,3000,99883.450041
-11800,3000,99897.153104
-9012,3000,99911.14481
-8004,3000,99924.940824
-4184,3000,99939.289102
-8768,3000,99953.498112
-5744,3000,99966.903596
-1960,3000,99980.481048
-13072,3000,99994.082662
-1532,3000,100008.138531
-9828,3000,100021.955164
-15680,3000,100035.921986
-5688,3000,100050.014826
-1892,3000,100063.831514
-16036,3000,100077.664174
-8956,3000,100090.960018
-4932,3000,100104.60547
-912,3000,100118.492882
-13156,3000,100132.0455
-7808,3000,100145.83841
-8604,3000,100165.195412
-12912,3000,100179.488359
-6656,3000,100193.813641
-2476,3000,100207.723738
-11028,3000,100221.350079
-5844,3000,100235.29145
-5500,3000,100249.567978
-10904,3000,100263.180088
-8856,3000,100276.953693
-6776,3000,100290.733329
-9716,3000,100304.129744
-3944,3000,100317.62193
-4804,3000,100331.255595
-1888,3000,100344.201745
-11672,3000,100358.20376
-7684,3000,100372.574526
-6748,3000,100386.512064
-944,3000,100400.22064
-4824,3000,100414.212448
-3692,3000,100427.562035
-16808,3000,100440.920568
-10560,3000,100454.897405
-5584,3000,100468.761581
-7996,3000,100481.797684
-11820,3000,100495.653497
-5428,3000,100509.55928
-8804,3000,100523.1419
-19120,3000,100536.533186
-15100,3000,100549.776425
-4608,3000,100563.323892
-4620,3000,100577.06115
-6820,3000,100590.258478
-4804,3000,100603.239757
-2848,3000,100616.457938
-8300,3000,100629.808249
-11480,3000,100643.314856
2468,3000,100657.662515
-8084,3000,100671.389263
4052,3000,100684.431649
-5656,3000,100698.251917
988,3000,100712.030248
-6628,3000,100726.19976
-1496,3000,100739.851088
-8872,3000,100753.36445
-9964,3000,100767.197351
-13592,3000,100781.142447
-6796,3000,100794.907058
-3884,3000,100808.452155
-13740,3000,100822.086323
-6440,3000,100837.041285
-12992,3000,100851.085644
-1888,3000,100865.004714
-5640,3000,100878.712281
-8696,3000,100892.133794
-4728,3000,100905.253167
-2488,3000,100919.226595
-2864,3000,100932.987172
-11888,3000,100946.718424
-10788,3000,100960.531061
-9892,3000,100974.141381
-5244,3000,100987.486367
-3140,3000,101001.504807
-9664,3000,101014.788389
-8160,3000,101028.38572
-4992,3000,101041.715992
-2904,3000,101055.343544
-11196,3000,101074.999441
-7152,3000,101089.405059
-6924,3000,101103.223023
-9676,3000,101117.477814
-6948,3000,101130.800628
-9928,3000,101144.416297
-13788,3000,101158.411947
-7672,3000,101171.85783
-10644,3000,101185.74518
-7764,3000,101199.485398
-2780,3000,101213.283106
-7884,3000,101227.474089
116,3000,101241.49452
-2036,3000,101254.756825
-7672,3000,101268.253612
-7748,3000,101281.865939
-14992,3000,101295.594088
-9924,3000,101308.962138
-3020,3000,101322.764989
-12848,3000,101336.46902
-11680,3000,101350.23154
-15440,3000,101364.677213
-11708,3000,101378.688075
-1068,3000,101392.110642
-3772,3000,101405.583226
-6644,3000,101419.6205
-11036,3000,101433.229151
-3884,3000,101447.082689
-11080,3000,101461.477186
-6040,3000,101475.249116
-11088,3000,101489.064132
-1692,3000,101503.721159
-10072,3000,101517.624049
-12188,3000,101531.364242
-11972,3000,101544.718015
-7028,3000,101558.671204
-4784,3000,101572.699839
-2716,3000,101587.185635
1068,3000,101600.545271
-6868,3000,101614.629998
-8044,3000,101627.729291
-12672,3000,101641.446247
-8512,3000,101655.660052
-2856,3000,101669.422213
-3732,3000,101682.717745
-11616,3000,101696.604843
-10756,3000,101711.31076
-15280,3000,101725.03923
-2300,3000,101739.232855
-5564,3000,101752.927351
-7996,3000,101766.43661
-11784,3000,101780.436262
-10992,3000,101793.400479
-14948,3000,101807.600908
-3840,3000,101822.467866
-7872,3000,101836.487357
-4008,3000,101850.130931
-5064,3000,101864.515871
-10996,3000,101878.128099
-8112,3000,101891.716841
-12884,3000,101905.173591
-9748,3000,101919.236553
-6800,3000,101932.906346
-2772,3000,101946.643564
-10080,3000,101960.165043
-5572,3000,101974.169377
-5768,3000,101987.533839
-12956,3000,102006.629327
-6892,3000,102020.771916
-10780,3000,102035.422465
-2648,3000,102049.695718
-10200,3000,102063.362805
32,3000,102076.99372
-7796,3000,102090.795229
-912,3000,102104.473325
-1976,3000,102118.813617
-8844,3000,102132.655847
-2856,3000,102146.708829
-9712,3000,102160.905349
-1652,3000,102175.490102
-7660,3000,102189.803082
-2732,3000,102203.762767
-10472,3000,102217.919692
-5004,3000,102231.478728
-2820,3000,102245.309881
-1860,3000,102258.876224
-17828,3000,102273.432774
-10088,3000,102287.423768
-5780,3000,102301.101094
-8808,3000,102315.222565
-13204,3000,102328.965391
-7088,3000,102342.410308
-16832,3000,102356.182098
-6768,3000,102370.172933
-9792,3000,102384.055795
-6436,3000,102397.672765
-944,3000,102410.926996
-6796,3000,102424.600712
-6976,3000,102438.81356
-2760,3000,102452.719095
-3056,3000,102466.565675
-1724,3000,102480.457562
-2504,3000,102494.53641
-19880,3000,102508.516147
-13716,3000,102523.008627
1304,3000,102536.74578
-6616,3000,102550.063215
-3656,3000,102563.554061
-1784,3000,102576.294464
-8748,3000,102589.503309
-7052,3000,102603.04596
-5900,3000,102616.443184
92,3000,102630.113743
-2876,3000,102643.781452
-5908,3000,102657.581443
-12188,3000,102671.42937
-2892,3000,102684.754695
-7276,3000,102698.382415
-2956,3000,102712.251784
-9964,3000,102726.287495
-10928,3000,102740.400733
-7432,3000,102754.295003
-3868,3000,102767.978388
-6988,3000,102782.405061
-5620,3000,102796.329151
-9116,3000,102809.972809
-5836,3000,102823.683076
-10896,3000,102837.282018
-5540,3000,102851.207444
-7800,3000,102865.242802
-11168,3000,102878.506198
-6888,3000,102892.372817
-7872,3000,102906.591896
-5928,3000,102920.400346
-5916,3000,102939.495285
-15108,3000,102953.179018
-7640,3000,102967.206346
-11060,3000,102980.302268
-7936,3000,102994.044899
-6804,3000,103007.938041
-4780,3000,103021.382324
-9828,3000,103035.164063
-5028,3000,103048.429399
-4700,3000,103062.688437
-10140,3000,103076.045475
-7996,3000,103089.677474
-10904,3000,103103.325333
-15936,3000,103117.359047
-15676,3000,103131.286603
-5728,3000,103145.494238
-15748,3000,103159.721657
-1968,3000,103173.34476
164,3000,103187.312221
-6788,3000,103201.100483
-7712,3000,103215.061841
-3792,3000,103229.664275
-8844,3000,103243.718506
-13260,3000,103257.012015
-8732,3000,103270.817574
-4104,3000,103284.693555
-10544,3000,103299.052807
-5152,3000,103312.415314
-7848,3000,103326.485481
-8700,3000,103340.706795
-7492,3000,103354.839936
-6100,3000,103368.642802
-1636,3000,103383.505172
-5836,3000,103397.9903
-13824,3000,103413.007788
-10936,3000,103427.389388
-3180,3000,103440.779369
-7032,3000,103454.61439
-14224,3000,103468.695511
-832,3000,103482.666638
-8784,3000,103496.903363
2260,3000,103510.873754
-4132,3000,103524.063307
-4948,3000,103538.060091
-1704,3000,103551.925674
-14552,3000,103565.810156
-6104,3000,103579.294436
-10696,3000,103593.014601
-6624,3000,103607.285146
-9848,3000,103621.017502
-7624,3000,103634.739404
-1820,3000,103648.501928
-4984,3000,103662.111523
-9608,3000,103676.339198
-2648,3000,103690.09938
-5660,3000,103703.94678
-7832,3000,103717.887963
-16568,3000,103732.054517
-1640,3000,103746.504846
-13900,3000,103760.741185
-10796,3000,103774.305903
-13076,3000,103788.34214
-9992,3000,103802.045896
-6820,3000,103815.458286
-8816,3000,103829.632294
-13668,3000,103843.420787
-13708,3000,103862.782935
-4812,3000,103876.751935
-10820,3000,103891.28977
-7960,3000,103904.799671
-7776,3000,103919.190476
-7880,3000,103932.663635
-3684,3000,103946.549415
-6500,3000,103960.084521
-5852,3000,103973.766263
-5780,3000,103987.571959
-6604,3000,104001.399559
-5708,3000,104015.613216
-7900,3000,104029.892
-9716,3000,104044.032118
-2728,3000,104057.837104
-17728,3000,104071.028208
-3668,3000,104085.210224
-2820,3000,104099.202413
-8772,3000,104113.406018
-2428,3000,104127.34526
-3984,3000,104141.243696
-2964,3000,104154.521658
-2716,3000,104168.128955
-7816,3000,104182.475008
-2892,3000,104196.639183
-10792,3000,104210.336754
-3848,3000,104224.755509
-10144,3000,104238.084441
-11616,3000,104252.278622
-11980,3000,104266.854084
-12864,3000,104280.541454
-1016,3000,104295.278642
1108,3000,104309.326384
-2128,3000,104322.725769
-1172,3000,104336.121132
-8120,3000,104349.881953
-6068,3000,104363.616277
-10856,3000,104377.093843
-2852,3000,104391.50251
-13936,3000,104405.571061
-14080,3000,104420.175265
-4852,3000,104434.760147
-13740,3000,104449.35601
-112,3000,104462.919879
-820,3000,104476.798834
-13952,3000,104490.217937
-6660,3000,104504.124478
-4120,3000,104517.445264
-7840,3000,104531.262538
-3132,3000,104545.090266
-1952,3000,104559.560669
-13880,3000,104573.936499
-10736,3000,104588.196465
1400,3000,104601.551522
-5048,3000,104615.693595
-7744,3000,104629.462178
-5624,3000,104643.226331
-12852,3000,104656.978354
-8032,3000,104670.62848
-10636,3000,104684.244579
-4532,3000,104698.035902
1132,3000,104711.527968
-2996,3000,104725.957691
-11004,3000,104740.297783
-9976,3000,104754.10012
-7908,3000,104767.372719
-2068,3000,104780.847802
-7708,3000,104800.849195
-7344,3000,104814.345147
-2440,3000,104828.16533
-12980,3000,104842.351862
-3608,3000,104856.0149
-6884,3000,104869.775042
-1812,3000,104883.48275
-14160,3000,104897.266806
-2608,3000,104911.258958
-6716,3000,104925.47965
-1636,3000,104939.542645
936,3000,104953.250078
-15892,3000,104967.15816
-12948,3000,104981.353503
-11072,3000,104995.372949
1076,3000,105009.323128
-2076,3000,105023.41864
-10196,3000,105037.015939
-5728,3000,105052.014364
1304,3000,105065.970487
-12912,3000,105078.819416
-3912,3000,105092.633447
-13080,3000,105106.608857
-10824,3000,105120.120141
-6720,3000,105133.677654
-8868,3000,105147.38907
-10544,3000,105161.18679
-1904,3000,105174.630503
-896,3000,105188.709974
-9956,3000,105202.639575
-7924,3000,105216.579884
-15044,3000,105230.460971
-9912,3000,105244.068979
-6200,3000,105257.790047
-6624,3000,105272.063941
-7808,3000,105285.61696
-9744,3000,105299.856663
1048,3000,105314.190702
-12916,3000,105327.552847
-12012,3000,105341.2716
-12948,3000,105355.498847
-9376,3000,105369.957772
-6772,3000,105384.375147
788,3000,105398.45672
-8188,3000,105412.66898
-4112,3000,105426.36539
-5980,3000,105440.259021
-2596,3000,105453.196713
-4748,3000,105467.004075
-5660,3000,105481.562339
-13080,3000,105494.931397
-748,3000,105508.710922
-12004,3000,105521.796999
-3964,3000,105535.745639
-11904,3000,105549.895818
-14116,3000,105563.401017
-21812,3000,105577.492835
-8036,3000,105590.844403
-11908,3000,105603.992202
-2632,3000,105618.225947
-10128,3000,105632.171311
-10892,3000,105645.682015
-2840,3000,105659.371805
-4044,3000,105672.988624
-3068,3000,105686.890114
-5792,3000,105700.921423
-1024,3000,105714.50311
-816,3000,105733.576354
-7208,3000,105747.594703
-9812,3000,105761.264455
-6760,3000,105775.057732
-13664,3000,105789.167609
-4140,3000,105802.415695
-5884,3000,105816.125256
-5436,3000,105829.449699
-16832,3000,105844.013415
-15548,3000,105857.992501
-10092,3000,105871.577466
-2616,3000,105886.149627
-2776,3000,105900.194606
-9424,3000,105913.654416
-6860,3000,105927.626875
-3896,3000,105941.374971
-4832,3000,105955.170435
-2436,3000,105969.221588
-7720,3000,105983.270919
-11848,3000,105997.246573
-17744,3000,106011.503598
-11700,3000,106024.880069
-2068,3000,106038.648434
-11776,3000,106052.587821
-10976,3000,106066.895506
-6068,3000,106080.711037
-11516,3000,106094.981734
-4084,3000,106108.635347
-2684,3000,106123.297695
-14876,3000,106137.052096
-2820,3000,106150.447265
-3864,3000,106164.212986
-2788,3000,106178.46951
-9852,3000,106192.618573
-3908,3000,106206.180742
-7800,3000,106220.144445
-5372,3000,106234.043557
-1560,3000,106248.732504
-17804,3000,106262.55775
-7784,3000,106276.72031
-14188,3000,106290.238168
-15796,3000,106304.253236
-6840,3000,106317.625871
-21364,3000,106331.140405
-4604,3000,106345.084982
-8720,3000,106358.739385
-1904,3000,106372.154211
-6016,3000,106385.611003
-1724,3000,106399.953911
-2284,3000,106413.707981
-5912,3000,106427.160931
-12976,3000,106441.419145
-16712,3000,106455.535562
-7948,3000,106468.66769
-12076,3000,106482.831996
-12748,3000,106496.463778
-5924,3000,106509.988224
308,3000,106524.05437
-9992,3000,106537.428896
-3812,3000,106551.183854
-3880,3000,106564.532717
-18856,3000,106577.624273
-3944,3000,106591.430004
-7584,3000,106604.66697
-7660,3000,106618.508025
-13048,3000,106632.083175
-8708,3000,106650.806202
-4996,3000,106663.695335
-4992,3000,106677.190915
-12776,3000,106691.401758
-10952,3000,106705.115483
-8256,3000,106718.422859
-7500,3000,106732.750141
-17784,3000,106747.576994
-10936,3000,106761.175871
-668,3000,106775.647488
-4340,3000,106790.183733
-10564,3000,106804.060994
-9736,3000,106818.225886
-2940,3000,106831.907018
-11592,3000,106845.344549
-5756,3000,106859.699819
-9876,3000,106873.005689
-9664,3000,106887.244854
-12772,3000,106901.090976
5924,3000,106914.200396
-10260,3000,106927.764965
-5644,3000,106941.940842
-3716,3000,106955.302249
-3676,3000,106969.462878
-7364,3000,106982.506805
-11872,3000,106995.338485
-7656,3000,107009.231778
-4744,3000,107023.101424
-12872,3000,107037.010877
-5692,3000,107051.178082
-9948,3000,107065.079923
-10008,3000,107079.066231
-9948,3000,107093.489961
-4932,3000,107107.358286
-14808,3000,107120.78887
-5592,3000,107134.982701
-12736,3000,107149.224525
-1732,3000,107163.125098
1216,3000,107177.030789
-5668,3000,107191.051868
-6812,3000,107204.867171
-5672,3000,107218.592423
-8716,3000,107232.531123
-1700,3000,107246.517367
-10592,3000,107260.408016
3056,3000,107273.900344
-7836,3000,107288.364151
-8844,3000,107302.658672
-9056,3000,107316.897403
-7944,3000,107330.68151
-12112,3000,107344.756066
-2944,3000,107359.022262
-7728,3000,107373.081914
-11548,3000,107386.905411
-7788,3000,107400.488667
1092,3000,107414.113932
-10560,3000,107428.374287
-1576,3000,107441.884568
-5820,3000,107456.037541
-3952,3000,107469.992402
-2704,3000,107483.617128
-13976,3000,107497.63753
-4236,3000,107511.198725
-12664,3000,107525.077768
-3956,3000,107539.746689
-7836,3000,107553.588063
-6168,3000,107566.770529
-12208,3000,107585.923926
-7704,3000,107599.825005
-3708,3000,107613.655902
-4720,3000,107627.443938
-720,3000,107641.423139
-7776,3000,107655.252974
-4588,3000,107668.899169
-12944,3000,107681.989276
-3988,3000,107695.86026
-4636,3000,107709.392757
-9624,3000,107723.896902
-4580,3000,107738.046855
-4756,3000,107751.52346
-4532,3000,107765.606318
-11688,3000,107779.155382
-7900,3000,107793.116301
-7092,3000,107806.337586
-7540,3000,107820.25391
-2848,3000,107834.626431
-7048,3000,107848.303714
-11872,3000,107861.599384
-5820,3000,107875.228398
-3964,3000,107888.275562
-2724,3000,107902.350579
-11112,3000,107916.0604
-5016,3000,107929.241007
-4768,3000,107942.94674
-3984,3000,107956.951148
-16872,3000,107970.804758
-11812,3000,107984.917964
-4008,3000,107999.193388
-10256,3000,108012.844386
-1724,3000,108026.179789
-11520,3000,108040.055413
-3560,3000,108053.57015
-10696,3000,108067.813503
-8824,3000,108082.22125
-13700,3000,108096.385614
-3656,3000,108110.477809
-9000,3000,108124.308639
-7852,3000,108138.489885
-7004,3000,108152.431685
-3808,3000,108166.345949
4056,3000,108180.156022
-10528,3000,108194.047964
-7728,3000,108207.712953
-11724,3000,108221.76129
-3232,3000,108235.490734
-10056,3000,108249.157049
-18164,3000,108262.732383
-9792,3000,108276.522551
-1992,3000,108290.545837
-4772,3000,108303.934284
-2544,3000,108317.424447
-9120,3000,108330.587418
-7584,3000,108343.780734
-6932,3000,108357.770374
-7732,3000,108371.267453
-18524,3000,108385.434016
-4748,3000,108398.551803
-3828,3000,108412.180624
-10812,3000,108425.61071
-2016,3000,108438.684754
-8904,3000,108451.964946
-2888,3000,108465.734613
-7880,3000,108479.806114
-11812,3000,108493.477338
-8172,3000,108512.785719
-3916,3000,108526.527448
-2684,3000,108540.282115
-1540,3000,108554.032834
-11916,3000,108568.259979
-5592,3000,108582.008356
-8752,3000,108595.849418
-3556,3000,108609.686097
184,3000,108622.931261
-7812,3000,108637.53783
-12856,3000,108650.970752
-2760,3000,108664.851314
-3688,3000,108678.507959
-6752,3000,108692.414248
-3532,3000,108707.283069
-11724,3000,108721.848711
-6944,3000,108736.586558
-10828,3000,108750.50756
3232,3000,108764.454739
-5016,3000,108778.698275
-9936,3000,108792.593931
-8012,3000,108806.589182
-10024,3000,108820.30318
-864,3000,108833.66739
-6968,3000,108846.972593
-5700,3000,108861.445971
-3684,3000,108875.302489
-6132,3000,108889.182133
-4772,3000,108903.202913
-3736,3000,108917.240122
-8616,3000,108931.612989
-2704,3000,108945.137038
-5820,3000,108958.674232
-2724,3000,108972.018297
-4492,3000,108985.760809
-11488,3000,108999.55309
-18116,3000,109014.010132
-5688,3000,109027.903642
-10604,3000,109041.540109
-6616,3000,109055.78089
-9724,3000,109070.209954
-12788,3000,109083.930749
-3672,3000,109098.141593
-1668,3000,109111.702342
-10928,3000,109125.739848
-7820,3000,109139.298629
-15764,3000,109153.096383
-5012,3000,109167.559513
1196,3000,109181.081093
-10728,3000,109195.191651
-4280,3000,109208.698474
-10768,3000,109222.55301
548,3000,109236.810817
4456,3000,109250.256647
-18696,3000,109264.357013
-3632,3000,109278.206787
-7048,3000,109291.683984
-14544,3000,109305.903844
-5556,3000,109319.966305
-7876,3000,109334.070561
-3888,3000,109348.410033
-10568,3000,109361.778466
-22720,3000,109375.558716
-16908,3000,109389.654288
-15724,3000,109404.106692
-10128,3000,109417.635983
-9848,3000,109436.928961
-3964,3000,109450.684796
-1148,3000,109464.035884
1068,3000,109477.460959
-12800,3000,109491.53112
-7860,3000,109505.236309
-4068,3000,109519.397089
-11728,3000,109533.705751
-11684,3000,109548.09003
-724,3000,109562.33156
-8952,3000,109576.665278
-6100,3000,109590.046443
-6048,3000,109604.248713
1252,3000,109618.198077
-8460,3000,109633.064711
-7984,3000,109647.051855
-4892,3000,109660.980811
-2788,3000,109674.931184
-12672,3000,109689.371722
-7992,3000,109703.293686
5172,3000,109717.781089
-6836,3000,109731.779827
-3932,3000,109745.64961
-5948,3000,109759.372195
-2904,3000,109773.408792
-16784,3000,109786.925611
-10696,3000,109800.545627
-4796,3000,109814.38148
-13964,3000,109828.780792
-14464,3000,109842.483981
-2820,3000,109856.088431
-13788,3000,109870.223059
-5768,3000,109884.355655
-4884,3000,109898.091788
-4892,3000,109911.669386
-5872,3000,109925.965546
-4220,3000,109939.732146
-5732,3000,109954.033259
-8736,3000,109968.152146
-12920,3000,109982.510311
-13732,3000,109996.518007
-5072,3000,110010.362124
-7900,3000,110024.81902
1104,3000,110038.388615
-5008,3000,110051.77231
-4704,3000,110065.837322
-9000,3000,110079.768069
-7840,3000,110093.500275
-1628,3000,110108.038604
-6924,3000,110121.793494
-5724,3000,110136.211728
-12736,3000,110150.024846
-7856,3000,110163.792387
-9796,3000,110178.100139
-7788,3000,110192.157007
-6096,3000,110205.82535
-10984,3000,110219.78371
-2500,3000,110233.821275
-4852,3000,110247.66372
-8952,3000,110261.359548
-11360,3000,110274.719278
-10672,3000,110289.168022
-6736,3000,110303.031866
-3852,3000,110316.137056
-14940,3000,110330.063164
-524,3000,110343.881801
-6804,3000,110358.133992
1224,3000,110377.36603
-10004,3000,110391.706103
-9624,3000,110406.355748
-7860,3000,110420.132956
-4708,3000,110434.29522
-5860,3000,110448.479805
-1896,3000,110462.329022
-1860,3000,110476.293683
-17316,3000,110489.587039
-2916,3000,110503.066173
-8992,3000,110517.025245
288,3000,110530.913038
-10764,3000,110544.195518
-15620,3000,110558.485299
-21828,3000,110572.065564
-36,3000,110585.968092
-6700,3000,110599.58849
-10692,3000,110613.955849
-7836,3000,110627.437546
72,3000,110640.865037
-2528,3000,110654.92352
-6908,3000,110668.657682
-6072,3000,110682.861509
2876,3000,110696.845187
-9536,3000,110711.022002
-1740,3000,110724.511454
-11776,3000,110738.192323
-9208,3000,110751.332266
-1712,3000,110764.964284
-8712,3000,110778.995704
-3804,3000,110792.383634
-10836,3000,110806.094059
-2024,3000,110819.636348
-9004,3000,110833.482833
-2048,3000,110847.149817
-8800,3000,110861.304532
-12752,3000,110875.12002
-15052,3000,110888.555589
-17052,3000,110902.799484
-14992,3000,110916.757996
-14692,3000,110930.828367
-2912,3000,110944.337223
-2892,3000,110958.36424
-3708,3000,110971.954112
-6804,3000,110985.773586
-6836,3000,110999.836326
-8692,3000,111013.2996
-3908,3000,111026.61568
-3892,3000,111040.784376
-3972,3000,111054.255751
-4688,3000,111068.439258
-3012,3000,111081.875262
-664,3000,111095.83876
-8956,3000,111109.722049
-5736,3000,111123.937848
-2748,3000,111137.986105
-8576,3000,111152.086381
-3788,3000,111166.060571
-7796,3000,111180.078612
-6644,3000,111193.974012
-3784,3000,111207.183528
268,3000,111221.736292
-5784,3000,111235.602075
2196,3000,111249.217229
-4860,3000,111263.364599
-4200,3000,111277.340486
-5816,3000,111290.961696
-11900,3000,111310.296319
-11776,3000,111325.458847
-4108,3000,111339.111217
-4896,3000,111353.106697
-9896,3000,111367.14756
-7728,3000,111381.525286
-11784,3000,111394.954763
-5808,3000,111408.990029
-10784,3000,111422.799179
-6616,3000,111436.697003
-6592,3000,111450.296341
-12864,3000,111464.25805
-1892,3000,111478.459017
-9812,3000,111491.760206
-6784,3000,111505.569212
-5680,3000,111518.671287
-1660,3000,111532.485646
-13772,3000,111546.402989
-12828,3000,111560.631208
-10660,3000,111574.628597
-8948,3000,111588.097424
-13816,3000,111601.689635
-8520,3000,111615.930491
-7708,3000,111629.502383
-3864,3000,111643.213885
-7740,3000,111656.7862
-1848,3000,111670.917564
-21136,3000,111684.770663
-3800,3000,111698.337089
-6024,3000,111712.185869
-10160,3000,111725.790272
-9704,3000,111739.311726
-10836,3000,111753.25702
-8012,3000,111767.370809
-2876,3000,111780.241925
-1528,3000,111794.324769
-8548,3000,111808.208513
-3760,3000,111821.873777
-19796,3000,111835.348474
-7716,3000,111848.6103
3620,3000,111862.78924
-2568,3000,111876.890701
-7836,3000,111890.915777
-7936,3000,111905.091498
-15712,3000,111919.020341
-5924,3000,111932.907624
-14008,3000,111946.148223
-5620,3000,111960.202103
-9696,3000,111974.376051
1424,3000,111988.246407
-3632,3000,112002.4363
-580,3000,112016.468503
-7844,3000,112030.210679
-4756,3000,112043.790942
-8832,3000,112057.197022
-12688,3000,112071.045492
-4612,3000,112084.919841
1192,3000,112098.111029
-6880,3000,112111.871205
-7784,3000,112125.771357
-4900,3000,112139.575657
-7020,3000,112153.347573
-856,3000,112166.914512
-4984,3000,112180.792189
-2552,3000,112194.096289
-5652,3000,112208.078346
-6912,3000,112227.67873
-2868,3000,112241.258748
-6164,3000,112254.940279
-2916,3000,112268.881552
-7868,3000,112283.323721
-2692,3000,112297.157544
-2760,3000,112310.891088
-10792,3000,112325.198411
-13924,3000,112339.075945
-684,3000,112353.024819
-2608,3000,112366.89051
-6688,3000,112380.493925
-10896,3000,112394.541741
-6900,3000,112407.594826
-2652,3000,112421.756774
-8916,3000,112435.886883
-10896,3000,112449.775563
-4724,3000,112463.497783
-8724,3000,112477.288132
-9088,3000,112491.522422
-14852,3000,112505.588033
-15944,3000,112519.73579
-9148,3000,112533.791451
-2808,3000,112547.686376
-5792,3000,112561.931069
-2008,3000,112576.184775
-2808,3000,112590.001247
-12684,3000,112603.755552
-3112,3000,112616.997217
-8768,3000,112630.673622
-16744,3000,112645.211132
-5660,3000,112659.040783
-7812,3000,112672.960872
-4808,3000,112686.160094
-5892,3000,112699.39926
-7288,3000,112712.701922
-17984,3000,112726.857456
-2916,3000,112740.283448
-6896,3000,112753.258494
-6868,3000,112766.868531
-12040,3000,112781.240977
-4488,3000,112795.037403
-5768,3000,112809.354237
-4148,3000,112823.368232
-8864,3000,112836.608625
-8640,3000,112850.732725
-8592,3000,112864.545096
-2432,3000,112878.186653
-5792,3000,112891.765497
-15188,3000,112905.491845
-840,3000,112919.5653
-5672,3000,112933.696131
-3572,3000,112947.946677
-12248,3000,112961.92139
-1812,3000,112975.907521
-6504,3000,112990.192035
-2724,3000,113004.227848
-7024,3000,113018.160383
-8860,3000,113032.703902
-13736,3000,113046.793402
-7896,3000,113060.474488
-6952,3000,113073.906263
-4888,3000,113088.308517
-10896,3000,113102.35873
-6652,3000,113116.672325
-12696,3000,113130.345831
-13764,3000,113144.831273
-10868,3000,113164.631771
-5840,3000,113178.02918
-7752,3000,113192.808151
-9736,3000,113206.213329
-2644,3000,113220.351708
-2868,3000,113234.406445
-3040,3000,113248.540113
-6708,3000,113262.661602
-7864,3000,113276.576228
-932,3000,113290.333376
-4704,3000,113304.654221
-6632,3000,113318.503131
-5504,3000,113332.230004
-1020,3000,113346.401612
-10048,3000,113359.884251
-5204,3000,113373.734831
-6668,3000,113387.147032
-2608,3000,113401.993398
-6864,3000,113416.004318
-7020,3000,113429.718015
-3448,3000,113443.242482
-5932,3000,113457.270959
-792,3000,113470.704084
-4856,3000,113484.700376
-6900,3000,113498.74713
-7780,3000,113512.406608
-7644,3000,113526.089878
-9464,3000,113540.343054
-4652,3000,113554.447281
-15040,3000,113568.200459
-7956,3000,113582.050172
-14040,3000,113596.410806
-5908,3000,113610.257683
-2328,3000,113625.099246
-4824,3000,113639.161577
-1544,3000,113653.583655
-3892,3000,113667.979573
-6784,3000,113681.832093
-684,3000,113695.574934
-12924,3000,113709.651487
-16968,3000,113723.343572
-9876,3000,113737.036473
-9428,3000,113751.676799
-18944,3000,113765.591768
-11764,3000,113779.211926
-3896,3000,113792.608351
-10160,3000,113806.39216
-8112,3000,113820.089761
-124,3000,113833.225629
-2440,3000,113847.425392
-784,3000,113860.892463
-4080,3000,113874.249309
-6040,3000,113888.134848
-14048,3000,113901.472699
-8992,3000,113915.058783
-8612,3000,113929.342837
3284,3000,113942.882097
-10968,3000,113956.272139
-8672,3000,113970.758048
-11748,3000,113985.160467
-7688,3000,113999.045495
-16948,3000,114012.217983
-5216,3000,114025.56408
-1864,3000,114039.686586
-2680,3000,114053.439034
-12008,3000,114067.270564
-8056,3000,114080.907268
-9752,3000,114100.487714
-13752,3000,114113.76797
-5096,3000,114127.515233
-10576,3000,114141.452919
-1592,3000,114155.634596
-636,3000,114170.456669
-8908,3000,114184.510585
-4804,3000,114198.018848
-5716,3000,114211.852431
-4776,3000,114225.195151
-7800,3000,114238.731771
-4856,3000,114252.337742
-1928,3000,114266.03497
-5572,3000,114280.207923
-6792,3000,114294.790675
-7124,3000,114308.55559
-7260,3000,114322.084718
-9896,3000,114335.694566
-10908,3000,114349.898434
-4876,3000,114363.832904
-9644,3000,114378.836794
-6536,3000,114392.447874
-15952,3000,114406.38813
2100,3000,114420.381631
616,3000,114434.897073
-4776,3000,114448.789169
-17948,3000,114462.866384
-5812,3000,114477.213417
-14000,3000,114491.094235
-2588,3000,114504.96355
-8936,3000,114519.386677
-12744,3000,114533.337524
-9796,3000,114547.667263
-1940,3000,114561.680455
-2660,3000,114575.938333
-13956,3000,114590.334524
40,3000,114604.335407
-8764,3000,114618.469681
3108,3000,114632.452545
-7820,3000,114645.971598
-10816,3000,114659.85157
-8828,3000,114674.053446
-948,3000,114688.189648
-6732,3000,114702.594275
-8608,3000,114717.523139
-2668,3000,114731.128902
-7984,3000,114744.8934
-15876,3000,114758.579363
-8664,3000,114772.768973
-5856,3000,114786.112811
-16828,3000,114800.282268
-7820,3000,114813.984587
-9700,3000,114827.807616
-10012,3000,114841.612314
-792,3000,114855.654428
-6892,3000,114869.423031
-3732,3000,114883.367024
-13888,3000,114897.167523
-12988,3000,114910.700596
-3868,3000,114924.340744
-13052,3000,114937.550842
-11928,3000,114951.325781
-1888,3000,114965.20766
-10176,3000,114978.841633
-5100,3000,114992.526235
-752,3000,115006.541508
-12944,3000,115026.031209
-6128,3000,115039.909508
-8716,3000,115053.94556
-11664,3000,115068.480263
-2156,3000,115081.991565
-692,3000,115095.534144
-6532,3000,115109.648705
-3844,3000,115123.379615
-9772,3000,115137.757726
-10476,3000,115151.556477
-5732,3000,115165.71517
-8896,3000,115179.67528
-5812,3000,115193.557331
2128,3000,115206.725546
-5004,3000,115220.278503
-6252,3000,115234.009066
-8236,3000,115247.845883
-5640,3000,115262.370699
-8752,3000,115276.334827
-9804,3000,115290.082321
-4756,3000,115304.058145
-3864,3000,115318.548135
-6688,3000,115333.024492
-7752,3000,115346.793225
-11028,3000,115361.199862
-3864,3000,115375.368606
-7928,3000,115388.921094
-8788,3000,115402.681123
-5816,3000,115416.52174
-3908,3000,115431.064907
-6012,3000,115445.50087
-508,3000,115460.038104
-6696,3000,115473.832981
-6820,3000,115487.785086
-808,3000,115501.571392
-5756,3000,115516.27104
-812,3000,115530.255229
-4676,3000,115544.52648
-1900,3000,115558.643159
-8176,3000,115572.406317
-7516,3000,115586.205854
-7840,3000,115600.233619
-12640,3000,115614.237232
-5624,3000,115628.757242
-7044,3000,115642.104353
-6600,3000,115655.966215
-2768,3000,115669.277081
-12880,3000,115683.032286
-9568,3000,115697.391934
-15904,3000,115711.564281
-9716,3000,115726.443599
-4828,3000,115740.220716
-6752,3000,115753.441519
-8060,3000,115767.292115
-1912,3000,115780.491793
-6768,3000,115794.515882
-7824,3000,115808.28005
468,3000,115822.015583
-9612,3000,115836.23877
1244,3000,115850.518161
-6916,3000,115864.269014
-6792,3000,115877.660036
-10716,3000,115891.334871
-11864,3000,115905.022282
-7888,3000,115918.749044
-2680,3000,115932.78876
-3704,3000,115946.019214
-7816,3000,115965.3214
-5876,3000,115979.258506
-3740,3000,115992.678856
-4608,3000,116006.320478
-5976,3000,116020.213748
-1648,3000,116034.103551
-5864,3000,116047.409902
-7096,3000,116061.266182
-4920,3000,116074.945842
-10884,3000,116089.128129
-12584,3000,116103.751347
-5804,3000,116117.659091
-6944,3000,116131.81494
-1652,3000,116145.309928
-5888,3000,116158.856397
-3708,3000,116172.872308
-12768,3000,116187.215393
-9100,3000,116200.969451
68,3000,116214.67463
-3728,3000,116228.678795
2252,3000,116242.547171
-5004,3000,116256.471612
-6760,3000,116270.280498
-7864,3000,116284.658989
-8520,3000,116299.080704
-7796,3000,116313.167708
-7672,3000,116327.252342
-8056,3000,116340.79348
-4796,3000,116354.835629
-11704,3000,116370.105687
1824,3000,116384.283792
-3800,3000,116397.944738
-8992,3000,116411.600774
-15792,3000,116426.058222
-8812,3000,116439.686721
-5732,3000,116453.695809
-5760,3000,116467.897577
4340,3000,116482.11673
-7816,3000,116496.059547
-868,3000,116510.070613
-19928,3000,116524.098467
-6716,3000,116538.014393
-8776,3000,116552.391862
-8844,3000,116566.177845
-8004,3000,116579.917363
-1560,3000,116593.796969
-9900,3000,116607.594674
-24760,3000,116621.331644
-6796,3000,116635.766134
-12692,3000,116649.634829
-12772,3000,116663.877423
244,3000,116678.069891
-9140,3000,116691.738389
-6680,3000,116705.990443
2184,3000,116719.819974
-6856,3000,116733.950372
-3976,3000,116747.292761
-8884,3000,116761.238984
4,3000,116774.634896
-776,3000,116788.438017
2444,3000,116802.175972
-12868,3000,116815.683079
-9904,3000,116828.651884
-20,3000,116842.191432
244,3000,116856.237985
-6976,3000,116869.988713
-4916,3000,116883.900372
-11804,3000,116903.129153
-5868,3000,116916.957865
-2032,3000,116931.043086
-2928,3000,116944.9623
-10640,3000,116957.946522
-5088,3000,116971.538171
-2760,3000,116985.617604
-6808,3000,116999.505362
-2796,3000,117012.794442
-11688,3000,117026.221582
-17992,3000,117039.592134
-10824,3000,117053.513485
-5084,3000,117067.412637
1620,3000,117081.217683
-6836,3000,117095.540932
-8168,3000,117109.357553
1344,3000,117123.329551
-816,3000,117137.494474
-3868,3000,117151.206376
-11896,3000,117165.237687
-2776,3000,117179.926463
-8332,3000,117194.557817
-3988,3000,117208.594663
-8128,3000,117222.268213
-4592,3000,117236.311822
-10876,3000,117250.5272
-10860,3000,117264.525168
-1680,3000,117279.726901
-4732,3000,117294.808136
-7684,3000,117308.857829
-1412,3000,117322.900196
-6572,3000,117337.101847
-2884,3000,117351.012739
-4836,3000,117364.65625
-8208,3000,117378.436448
-2556,3000,117392.329708
-7420,3000,117406.417259
-12848,3000,117420.197272
-3468,3000,117434.02503
-6908,3000,117447.672681
-8708,3000,117461.473128
-3028,3000,117475.117881
-5920,3000,117488.90304
-5020,3000,117502.682889
-6776,3000,117517.200091
-8100,3000,117531.283884
-1008,3000,117545.124195
-3756,3000,117558.687471
-11056,3000,117572.26805
-9580,3000,117586.755795
-6656,3000,117601.019067
-6656,3000,117615.443637
-4856,3000,117629.028426
-3748,3000,117642.64261
-6032,3000,117656.543131
-9872,3000,117670.659513
-3868,3000,117685.016056
-11528,3000,117698.730322
-12324,3000,117711.67905
-5860,3000,117725.444862
-3060,3000,117739.440218
-10896,3000,117753.123692
-3792,3000,117766.729788
-5168,3000,117780.470371
-5828,3000,117794.051397
-6052,3000,117807.726359
-2508,3000,117827.779389
-2752,3000,117841.914757
-5036,3000,117855.944007
4240,3000,117870.464861
-14064,3000,117883.495754
1024,3000,117896.765441
-3748,3000,117911.018615
-13680,3000,117925.339994
-11984,3000,117938.683669
-14900,3000,117952.515947
-7152,3000,117966.324356
-6056,3000,117980.410126
-11664,3000,117995.108965
-11172,3000,118008.213783
-4748,3000,118022.231959
-5520,3000,118036.83457
-9000,3000,118050.986482
-8816,3000,118064.844033
-11852,3000,118078.716404
-3936,3000,118092.571316
1164,3000,118106.444359
-15632,3000,118120.682718
-11028,3000,118134.83897
-2820,3000,118148.469611
-13680,3000,118162.228634
-3840,3000,118176.314713
-11004,3000,118190.305069
-9752,3000,118204.307551
-16856,3000,118218.803167
-2740,3000,118233.099367
-14588,3000,118246.918814
-8944,3000,118261.139762
44,3000,118274.968272
-8872,3000,118288.711209
-6472,3000,118302.51528
-3348,3000,118316.926879
-9716,3000,118330.128846
-5736,3000,118344.334691
-6652,3000,118358.405096
-2064,3000,118372.100213
-11748,3000,118385.742279
-5664,3000,118399.716155
-12700,3000,118413.954622
-840,3000,118427.721323
-12712,3000,118441.436802
-5836,3000,118455.533565
-2604,3000,118469.340305
-8776,3000,118482.798038
-3696,3000,118497.091303
-8740,3000,118511.261686
-5960,3000,118525.006639
-7080,3000,118538.521659
-7964,3000,118551.766073
-8980,3000,118565.949307
-11808,3000,118579.82763
-6116,3000,118592.923659
-7596,3000,118606.828033
-2596,3000,118621.088493
-10120,3000,118634.989321
-2508,3000,118649.35178
-4712,3000,118663.709287
-9792,3000,118677.915936
-13084,3000,118691.672248
-1800,3000,118706.118645
-9672,3000,118720.236537
-3676,3000,118734.429718
-6816,3000,118748.41946
-11972,3000,118768.32648
-6816,3000,118782.502301
-5840,3000,118795.51556
-12824,3000,118809.367653
-14092,3000,118822.965912
-3836,3000,118837.302024
-9084,3000,118850.738093
-12748,3000,118865.146457
-9832,3000,118878.718927
-13028,3000,118892.882551
-1684,3000,118906.515796
-48,3000,118920.382491
-4744,3000,118933.325384
-19428,3000,118947.083962
-9872,3000,118961.107375
-8832,3000,118974.886326
-6700,3000,118988.559741
-856,3000,119002.858858
-9864,3000,119017.209577
-9992,3000,119031.32357
-7792,3000,119045.268934
-7804,3000,119059.944947
-15680,3000,119073.959644
-5928,3000,119087.595756
-10664,3000,119102.086994
-728,3000,119116.278056
-11704,3000,119130.542164
-4768,3000,119144.294264
-6620,3000,119158.666354
-4844,3000,119172.849842
-4556,3000,119186.540338
-2612,3000,119200.426066
-5872,3000,119214.838807
-12900,3000,119228.224587
-10784,3000,119242.160083
-10880,3000,119256.473738
-2984,3000,119270.052415
-4808,3000,119284.185843
-14100,3000,119298.45582
-3888,3000,119312.757209
-7704,3000,119327.265275
-7000,3000,119340.995463
-8776,3000,119355.279617
-10612,3000,119369.396763
-4940,3000,119383.284785
-13996,3000,119397.048347
-8688,3000,119411.034163
112,3000,119424.878337
-18272,3000,119438.641922
-9044,3000,119452.758344
-6476,3000,119467.481391
-10096,3000,119481.672973
-10856,3000,119495.541666
-6828,3000,119509.83677
-6864,3000,119524.245993
-4656,3000,119538.324031
-4752,3000,119552.856653
-11540,3000,119566.835728
-8024,3000,119580.271945
-4824,3000,119594.019843
-10988,3000,119607.650195
-10800,3000,119621.564269
-10220,3000,119635.313456
-9840,3000,119649.991576
-7648,3000,119663.68106
-8624,3000,119677.6512
-9992,3000,119691.610698
-8824,3000,119711.456571
-5956,3000,119725.991882
-4820,3000,119740.255035
-11968,3000,119754.657397
-8944,3000,119768.547581
-14628,3000,119783.090007
-9800,3000,119797.323193
-4596,3000,119811.603247
-8648,3000,119825.317714
-9056,3000,119838.842628
-2692,3000,119852.870616
-8184,3000,119866.690468
-4036,3000,119880.7212
-2768,3000,119894.742775
-12116,3000,119908.561393
-2732,3000,119922.163419
-824,3000,119935.874641
-11568,3000,119949.379904
-1532,3000,119962.644986
-4640,3000,119977.104734
-700,3000,119991.203711
-4700,3000,120005.486593
-5764,3000,120018.800973
-11772,3000,120032.648283
-8944,3000,120046.348452
-3716,3000,120060.072551
-864,3000,120073.977385
1880,3000,120087.458967
-3048,3000,120101.532259
-3704,3000,120115.632423
-2732,3000,120129.204741
-1864,3000,120143.045494
7252,3000,120156.801261
-1760,3000,120170.772369
-6156,3000,120184.604282
-7996,3000,120198.110703
-8728,3000,120211.547885
-4860,3000,120225.06794
-5080,3000,120238.595618
-8956,3000,120252.453009
-6900,3000,120266.424754
-9364,3000,120279.895644
-10412,3000,120294.256804
-13932,3000,120308.226934
-6832,3000,120322.218462
-10844,3000,120336.570349
20,3000,120350.192585
-8596,3000,120364.060076
-11960,3000,120377.985367
-10568,3000,120392.131861
-19744,3000,120406.822525
-5868,3000,120420.701407
1136,3000,120434.790496
-14536,3000,120448.986738
-10872,3000,120463.661052
-2564,3000,120477.291706
-3944,3000,120491.506254
-3748,3000,120505.567132
-5832,3000,120520.056559
-13132,3000,120533.544397
-6896,3000,120547.253518
-12776,3000,120561.493079
-8936,3000,120576.01136
-7968,3000,120589.98848
-4776,3000,120603.853722
-7748,3000,120618.076962
-15992,3000,120637.241215
-3928,3000,120651.571327
-1740,3000,120665.752823
-11732,3000,120679.679283
-9560,3000,120693.633398
-9636,3000,120707.871884
-7048,3000,120721.681255
-7664,3000,120735.56717
-1864,3000,120749.510854
-6700,3000,120763.476531
-6728,3000,120777.886765
-8504,3000,120792.583766
-8872,3000,120806.149042
-11576,3000,120819.470161
-13928,3000,120833.330503
-1088,3000,120847.374396
-5656,3000,120861.300111
-2460,3000,120875.214665
-16696,3000,120889.554847
-676,3000,120903.614654
-6788,3000,120917.407776
-3904,3000,120931.24698
-18000,3000,120944.66823
-9640,3000,120958.585933
-3668,3000,120971.727605
-1608,3000,120985.913036
-2928,3000,120999.296683
-20632,3000,121013.399503
-6516,3000,121027.565482
-4716,3000,121041.696421
380,3000,121055.870847
-4972,3000,121069.826474
-5284,3000,121083.610568
-7564,3000,121098.186864
-8872,3000,121111.865709
-6784,3000,121125.870771
-900,3000,121139.312761
-1780,3000,121153.065408
-15832,3000,121166.76843
-11596,3000,121181.134616
-7684,3000,121194.862166
-7016,3000,121208.865665
-10736,3000,121223.231668
-12696,3000,121237.515628
-5732,3000,121250.98055
-5424,3000,121265.422036
-3584,3000,121279.205163
-5636,3000,121292.089638
-4900,3000,121305.644542
-13932,3000,121319.345983
-11680,3000,121333.377381
-4572,3000,121348.087353
-6980,3000,121362.015007
-6840,3000,121375.705161
-2576,3000,121390.049743
-8020,3000,121403.607231
-14696,3000,121417.478831
4168,3000,121431.492199
-11860,3000,121445.452789
-11916,3000,121459.541035
-9636,3000,121474.196842
-12852,3000,121488.408871
-6448,3000,121502.206596
-4840,3000,121516.50817
-15884,3000,121530.661235
-15744,3000,121544.704726
-8700,3000,121558.69752
-5652,3000,121577.916879
-7124,3000,121591.821605
-2888,3000,121605.484507
-5708,3000,121619.029602
-11968,3000,121632.733744
-8600,3000,121646.067517
-1824,3000,121659.954354
-7968,3000,121673.36817
-3776,3000,121687.278085
-11860,3000,121700.940991
-14100,3000,121714.125262
-9012,3000,121728.121242
-12760,3000,121742.158501
-3896,3000,121755.552539
-6948,3000,121769.559071
1192,3000,121783.317265
-5876,3000,121797.499278
-6920,3000,121811.205841
-6916,3000,121824.892815
-10740,3000,121838.836643
200,3000,121853.111608
-8592,3000,121866.725539
-14100,3000,121880.847919
216,3000,121894.948932
-9784,3000,121908.764866
-1580,3000,121922.784252
-2468,3000,121936.30338
-3660,3000,121950.557068
-548,3000,121963.694698
-4824,3000,121977.58067
-44,3000,121991.330768
-13024,3000,122004.669465
-12724,3000,122018.402555
-3872,3000,122032.083588
-6876,3000,122045.693991
-10596,3000,122059.390998
-4060,3000,122073.149111
-6544,3000,122086.855536
-1476,3000,122101.150368
-5068,3000,122115.078965
-10848,3000,122129.1933
-4076,3000,122143.387024
-10540,3000,122157.557697
-4936,3000,122171.256417
-16888,3000,122184.844821
-18660,3000,122198.877331
-7708,3000,122212.682427
-5952,3000,122226.621721
-4804,3000,122240.235065
-4908,3000,122254.025778
-8504,3000,122268.281745
-4684,3000,122282.419699
-8544,3000,122296.343026
-1876,3000,122310.802512
-10032,3000,122324.993106
-9004,3000,122338.807904
-7456,3000,122352.560776
-4772,3000,122366.515773
-6932,3000,122381.104739
-6580,3000,122395.39746
-2744,3000,122409.41899
-11624,3000,122423.298733
-9580,3000,122437.516695
-4520,3000,122451.866455
-10944,3000,122465.954348
-792,3000,122479.965416
-5836,3000,122493.45384
-8616,3000,122513.084144
-712,3000,122527.375637
-10752,3000,122541.22292
-1668,3000,122554.750998
-7472,3000,122568.569648
-7492,3000,122582.495314
-4792,3000,122596.096677
-4568,3000,122609.765639
-1664,3000,122624.284572
-8868,3000,122637.700016
-6796,3000,122651.604662
-6880,3000,122665.242292
124,3000,122678.812636
-4044,3000,122691.65813
-6036,3000,122705.552994
-7572,3000,122719.675646
-4740,3000,122733.668076
-9960,3000,122747.306913
-1940,3000,122761.262549
-4676,3000,122775.147487
-12844,3000,122788.362113
-3956,3000,122801.948483
-8832,3000,122814.793279
-5704,3000,122828.395407
-7504,3000,122841.99913
-11816,3000,122856.051566
-7024,3000,122869.415097
-14712,3000,122883.169761
-4132,3000,122896.492356
-6024,3000,122910.062109
-14136,3000,122923.427868
-7704,3000,122937.778689
-1692,3000,122951.794924
-6904,3000,122965.00849
-84,3000,122978.190606
-12072,3000,122991.781724
-672,3000,123005.688056
-7620,3000,123019.741965
-7880,3000,123033.902583
-10720,3000,123047.718157
-1672,3000,123061.656368
-8924,3000,123075.366802
216,3000,123089.257578
-4016,3000,123102.663698
180,3000,123116.3346
144,3000,123129.779483
-632,3000,123143.25541
-2928,3000,123156.682438
-10560,3000,123170.236937
-7888,3000,123183.619198
-15972,3000,123197.168672
-8044,3000,123210.789368
-12872,3000,123224.074723
-2700,3000,123237.976683
-8924,3000,123252.013775
-7860,3000,123265.658297
-8888,3000,123278.844615
-3228,3000,123292.106517
-3928,3000,123305.611314
-4008,3000,123319.763401
-8580,3000,123333.966284
-9636,3000,123348.324787
-10528,3000,123362.093933
-1696,3000,123375.961055
-3096,3000,123389.932926
-8928,3000,123403.75643
-7664,3000,123423.477956
-6712,3000,123437.382209
-7312,3000,123451.349031
-10604,3000,123465.92724
-6836,3000,123479.9295
-584,3000,123494.367173
-8908,3000,123508.205965
-5788,3000,123522.019536
-10972,3000,123535.368924
-6816,3000,123549.310833
-8108,3000,123563.172065
-2736,3000,123576.459062
-6888,3000,123590.007765
-4944,3000,123604.12466
-2464,3000,123618.022714
-7580,3000,123631.701216
-13992,3000,123645.416483
-8912,3000,123659.131559
-14588,3000,123672.842637
-8904,3000,123686.197165
-7808,3000,123700.386863
-1948,3000,123713.979057
-12776,3000,123727.63725
-6004,3000,123741.724055
-8880,3000,123755.742833
-13208,3000,123769.054496
-14368,3000,123782.964056
-10908,3000,123796.298157
-8848,3000,123810.287671
-15692,3000,123824.10092
-9736,3000,123837.846348
-4984,3000,123851.515384
-8000,3000,123865.267236
-7912,3000,123878.992172
-7824,3000,123892.327027
-9904,3000,123906.65448
-4000,3000,123920.057033
-12780,3000,123933.806859
-4868,3000,123947.210885
3448,3000,123960.814262
-3424,3000,123974.998342
-12704,3000,123988.781993
-17848,3000,124002.734721
52,3000,124015.782035
-9904,3000,124029.056772
3356,3000,124042.995533
-4080,3000,124056.49553
-6648,3000,124069.782799
-7864,3000,124083.702325
-1872,3000,124097.725594
-8892,3000,124111.324651
-2188,3000,124124.772979
-6940,3000,124138.457215
-12748,3000,124151.917032
-10616,3000,124165.642303
-8804,3000,124179.764645
-10804,3000,124192.981825
-13004,3000,124206.464822
-8892,3000,124219.589125
-10940,3000,124233.320957
-2604,3000,124247.298204
-2528,3000,124261.43993
-5908,3000,124275.31381
-6772,3000,124288.77467
-11080,3000,124301.5208
-6860,3000,124314.68293
-2868,3000,124327.978245
-3624,3000,124347.08361
-12628,3000,124360.544735
-7816,3000,124374.544447
-856,3000,124388.192572
-16248,3000,124402.107092
-4696,3000,124415.596331
-4824,3000,124429.276061
-7056,3000,124442.640786
-13740,3000,124456.654874
-5780,3000,124470.828111
-6032,3000,124484.58853
-6724,3000,124497.879017
-17688,3000,124512.016796
-844,3000,124526.168808
-2428,3000,124540.060387
-3664,3000,124554.831054
-1716,3000,124568.364193
-9160,3000,124581.964752
-5092,3000,124595.854763
-11872,3000,124609.505162
-8068,3000,124622.941627
-13816,3000,124636.973
-8888,3000,124650.232267
-12892,3000,124664.185
-3856,3000,124678.047518
-416,3000,124691.475959
-3096,3000,124704.987771
-6800,3000,124719.03855
-6836,3000,124732.834827
-8976,3000,124746.153944
-6840,3000,124759.261326
-2924,3000,124773.274297
-2148,3000,124787.33259
-5820,3000,124801.133013
240,3000,124814.637796
-12788,3000,124828.534039
-6656,3000,124842.495611
-10828,3000,124856.95205
-12608,3000,124870.730625
-5632,3000,124884.902873
-15800,3000,124898.755264
-2952,3000,124911.985051
-12348,3000,124925.399312
-2800,3000,124939.478302
-3864,3000,124953.005919
-10092,3000,124966.509148
-7844,3000,124980.121111
-9980,3000,124993.396632
-2940,3000,125006.310894
4356,3000,125020.696723
-3416,3000,125034.412091
-7412,3000,125049.041957
-8980,3000,125062.60676
-5880,3000,125076.377718
-10712,3000,125090.039649
-3756,3000,125104.100275
-4956,3000,125118.202206
-7776,3000,125132.097759
-9240,3000,125145.743785
-6788,3000,125160.239137
-2684,3000,125173.851815
-6020,3000,125187.498011
-5692,3000,125201.829707
-1844,3000,125215.245317
-9788,3000,125229.001973
-4968,3000,125242.347609
-5548,3000,125255.837027
-8008,3000,125275.326495
-2496,3000,125290.161572
-7856,3000,125303.420388
-4220,3000,125316.440114
-2860,3000,125330.158598
-5580,3000,125344.348739
-4628,3000,125358.714122
-3464,3000,125373.057532
-11652,3000,125387.270589
-4884,3000,125401.514119
-4872,3000,125415.341919
-2788,3000,125429.519178
-6636,3000,125444.143277
-13760,3000,125458.261643
-6876,3000,125472.41038
-8032,3000,125486.750141
-6512,3000,125501.598604
-3732,3000,125515.721147
-10804,3000,125529.748521
-11896,3000,125543.724539
-3692,3000,125557.693764
-4080,3000,125572.222999
-4004,3000,125586.231564
-14652,3000,125600.287589
-14928,3000,125614.228632
-4200,3000,125628.012597
-9700,3000,125642.099826
-6924,3000,125655.911836
-12916,3000,125669.704153
-5976,3000,125683.552202
-12012,3000,125697.85064
-5876,3000,125711.674555
-17136,3000,125725.766092
-7788,3000,125739.938709
-13104,3000,125753.622237
-12880,3000,125768.233411
-12936,3000,125781.787363
-6992,3000,125795.256412
-8736,3000,125809.044744
-7104,3000,125822.370598
-7788,3000,125836.507354
-6892,3000,125851.05585
-8992,3000,125864.395886
3056,3000,125877.773484
-9088,3000,125891.894585
-2688,3000,125905.622012
-4068,3000,125919.114458
-5120,3000,125933.497968
-9516,3000,125947.068339
-3944,3000,125960.506863
-4828,3000,125974.18138
-396,3000,125988.709181
-6648,3000,126002.452966
-9108,3000,126016.389983
-5892,3000,126029.741955
-6752,3000,126043.541919
-14752,3000,126057.337297
-1740,3000,126071.190565
-6652,3000,126085.225856
-11960,3000,126098.885007
-3576,3000,126112.433927
-8780,3000,126126.41514
-6980,3000,126139.988925
3204,3000,126153.618263
-8136,3000,126167.442031
-9696,3000,126181.516435
-10104,3000,126200.682874
-9880,3000,126214.47568
-11012,3000,126228.395537
-11520,3000,126242.764269
1328,3000,126256.490239
-12960,3000,126270.440414
-4992,3000,126284.151845
-7836,3000,126298.520403
-5636,3000,126312.577515
-21988,3000,126326.395871
-7572,3000,126341.096393
-4948,3000,126355.320796
-8932,3000,126368.292391
-12128,3000,126381.567033
-10776,3000,126395.584599
-4712,3000,126409.138925
-3996,3000,126423.074595
-7000,3000,126436.897745
-4084,3000,126450.739144
-11624,3000,126465.003146
-12124,3000,126478.691085
-11624,3000,126492.758154
1216,3000,126506.596524
-7280,3000,126520.036533
-17644,3000,126534.082225
-2008,3000,126547.565572
-3428,3000,126561.778916
-9776,3000,126576.164621
-2800,3000,126589.823253
-7868,3000,126603.631587
-18936,3000,126617.402751
-11876,3000,126630.634253
-944,3000,126644.336723
-6724,3000,126657.991605
-8716,3000,126671.753283
-9944,3000,126685.44988
-412,3000,126699.182806
-2740,3000,126713.170634
-11048,3000,126726.733366
-12032,3000,126740.657395
-1864,3000,126754.050929
-2328,3000,126768.626501
-12796,3000,126782.336718
2172,3000,126795.919867
-10172,3000,126809.246548
-900,3000,126823.234043
-11576,3000,126836.927947
-6684,3000,126850.944724
-10980,3000,126864.38606
-6940,3000,126877.868794
-6568,3000,126891.549816
-6824,3000,126905.716447
-3772,3000,126919.700813
-11720,3000,126934.114693
-8080,3000,126947.693454
-9880,3000,126960.942086
-1628,3000,126974.689611
-15456,3000,126988.526818
-3752,3000,127002.412198
-4216,3000,127016.365143
-2556,3000,127030.308505
-4684,3000,127044.462852
1292,3000,127058.685711
-10984,3000,127072.565961
-6896,3000,127086.037793
-5788,3000,127099.749833
-1884,3000,127113.792802
-6136,3000,127133.537633
-9972,3000,127147.204478
-9776,3000,127161.707198
-7644,3000,127175.977566
-2084,3000,127189.623585
-11672,3000,127203.559421
-2736,3000,127217.784558
-10484,3000,127231.840384
-6948,3000,127245.467534
-5336,3000,127259.4238
-3616,3000,127273.201898
-1704,3000,127287.843711
-4852,3000,127301.683171
-3788,3000,127316.159837
-11856,3000,127329.92465
-5588,3000,127343.303365
-11968,3000,127357.307741
-3656,3000,127371.784863
-5852,3000,127385.553095
-13780,3000,127399.545952
-6700,3000,127413.200712
-6964,3000,127426.8498
-19144,3000,127440.928494
-5936,3000,127455.247193
-1740,3000,127469.255388
-7824,3000,127483.035227
-7652,3000,127496.908875
-7988,3000,127510.929292
-660,3000,127525.066035
-7840,3000,127538.886959
-8576,3000,127553.302319
-1612,3000,127566.834656
-5872,3000,127581.113796
-5972,3000,127595.211211
-2100,3000,127608.613862
-19692,3000,127622.449842
-2956,3000,127635.94279
-6716,3000,127650.523096
-7960,3000,127664.505387
-7676,3000,127678.098066
-15812,3000,127691.380852
-6992,3000,127704.907589
32,3000,127718.495671
-12868,3000,127732.370395
-844,3000,127746.637748
-12752,3000,127760.243215
-13252,3000,127774.151983
-17208,3000,127787.626259
-12820,3000,127801.158763
-2804,3000,127814.669089
-8752,3000,127828.877583
-5740,3000,127843.428684
80,3000,127856.72451
-2836,3000,127870.137989
-5960,3000,127883.993204
-1388,3000,127898.846691
-4548,3000,127913.150706
-12024,3000,127927.306257
-3088,3000,127940.945238
-8624,3000,127954.642951
1112,3000,127968.670204
-8904,3000,127981.750421
912,3000,127995.886092
-10080,3000,128009.467008
-2784,3000,128023.471695
-6904,3000,128037.297146
-3060,3000,128051.03238
-8896,3000,128071.501199
-10548,3000,128085.193744
-1624,3000,128099.680433
-10844,3000,128113.625119
-5960,3000,128127.184061
-14904,3000,128140.873958
-11884,3000,128155.130543
-9824,3000,128168.91131
2336,3000,128183.085155
-5772,3000,128196.884197
-11656,3000,128210.64001
-5828,3000,128224.63008
-2620,3000,128239.108396
-1652,3000,128252.861699
-8492,3000,128267.416624
-9840,3000,128281.987203
-9596,3000,128295.560884
-6680,3000,128309.979162
-16624,3000,128323.915797
-5148,3000,128337.569746
-3332,3000,128351.688064
452,3000,128365.441049
572,3000,128379.671813
-7028,3000,128393.727752
436,3000,128407.375935
-960,3000,128421.476125
-9124,3000,128435.221687
-14200,3000,128448.386404
-5612,3000,128462.685649
-3832,3000,128476.553971
-7640,3000,128490.113315
-4684,3000,128503.92151
-8864,3000,128517.533759
-6024,3000,128531.614114
-10584,3000,128544.954888
-17076,3000,128558.624023
-2764,3000,128572.266929
-4828,3000,128585.772418
-8756,3000,128600.357347
-10896,3000,128613.705589
-7748,3000,128627.180755
-11936,3000,128641.074085
-3928,3000,128655.112424
-2040,3000,128669.21798
-9768,3000,128683.121724
-8596,3000,128697.403115
-12796,3000,128710.880148
-3832,3000,128723.961756
-14652,3000,128737.462216
-10836,3000,128751.000684
-2536,3000,128764.66936
-11896,3000,128778.406727
-9828,3000,128792.248027
-6784,3000,128805.646258
-9888,3000,128819.303753
-14820,3000,128833.131311
-4260,3000,128846.540713
-12052,3000,128859.728528
-5160,3000,128873.355719
-4800,3000,128886.516189
2164,3000,128900.596692
2208,3000,128913.371125
-13972,3000,128927.599029
-6060,3000,128940.464726
-8652,3000,128954.395535
-11920,3000,128968.669541
-11736,3000,128987.60959
-5884,3000,129001.494412
-5968,3000,129015.603971
-7700,3000,129029.55916
-10868,3000,129043.224478
-10924,3000,129056.665684
-2140,3000,129069.867332
-11864,3000,129083.490259
-9968,3000,129097.249254
-1928,3000,129111.372998
-3364,3000,129125.379521
-4500,3000,129139.320188
-3940,3000,129152.696831
-1972,3000,129166.360805
-868,3000,129179.674899
-7956,3000,129193.965594
-6792,3000,129208.317069
-10132,3000,129221.486472
-2912,3000,129234.703217
152,3000,129248.097567
-13824,3000,129261.563871
-12856,3000,129275.067196
-10036,3000,129288.464788
-4728,3000,129302.009851
-12900,3000,129315.867806
-4976,3000,129330.101392
-644,3000,129343.82478
-8652,3000,129358.065701
-11208,3000,129371.561286
-6440,3000,129384.704311
-8904,3000,129398.471012
-4612,3000,129412.172574
-12880,3000,129426.067639
-1844,3000,129440.139718
-2944,3000,129453.842326
-9688,3000,129468.048249
-10760,3000,129482.396521
-13804,3000,129496.380365
-8944,3000,129510.428958
-7668,3000,129524.292308
-8020,3000,129538.27965
-7728,3000,129552.241962
-1000,3000,129565.587252
-5084,3000,129579.533319
-2592,3000,129593.561408
-17740,3000,129606.848481
-9916,3000,129620.61874
-7268,3000,129634.679055
-1912,3000,129647.978949
-10760,3000,129661.71797
-14592,3000,129676.287693
-12748,3000,129690.261787
-12692,3000,129704.752126
-9812,3000,129718.062844
-8772,3000,129732.045522
-4784,3000,129746.045954
-8640,3000,129759.825031
160,3000,129773.251843
-5948,3000,129787.48673
3120,3000,129801.416939
-9552,3000,129815.877021
-2756,3000,129829.613029
-4836,3000,129843.184732
-1772,3000,129857.615694
-2896,3000,129871.126414
-7432,3000,129885.712922
-14332,3000,129899.416908
-9744,3000,129918.81367
-7848,3000,129933.443243
-8984,3000,129947.685457
-17380,3000,129961.260607
-2912,3000,129975.198986
-13808,3000,129989.238911
-6568,3000,130004.003147
-5608,3000,130017.922827
-20160,3000,130031.916806
-2800,3000,130046.491769
3100,3000,130060.142209
-8856,3000,130073.257475
-9748,3000,130086.898296
-3524,3000,130100.423502
-4856,3000,130114.085225
-5992,3000,130127.638058
-1760,3000,130141.851057
-9000,3000,130155.416301
-7580,3000,130169.893376
-5556,3000,130184.442237
-14060,3000,130197.98105
-11576,3000,130211.943395
-1536,3000,130226.015433
-7108,3000,130239.674544
-8492,3000,130253.263819
-2780,3000,130267.575284
-20792,3000,130281.483788
-9892,3000,130295.039085
204,3000,130309.077397
-9888,3000,130323.347299
-12676,3000,130337.483837
-6940,3000,130351.360616
-7696,3000,130365.399742
-3996,3000,130379.72749
-2400,3000,130394.032393
-7452,3000,130408.046745
-9500,3000,130421.91385
-6896,3000,130435.890478
-5024,3000,130450.32647
-3800,3000,130464.411177
-3748,3000,130478.443438
-3920,3000,130492.494868
-2592,3000,130506.93323
-5508,3000,130521.41258
-18864,3000,130535.645961
-3764,3000,130549.50142
-5684,3000,130564.07794
-5204,3000,130577.506281
-2168,3000,130591.750851
-7816,3000,130605.77773
-13920,3000,130619.961073
-10008,3000,130634.022208
-9900,3000,130647.214183
-6840,3000,130661.023677
-8864,3000,130675.372169
-4848,3000,130689.024357
-8776,3000,130703.07878
-808,3000,130717.479895
-4848,3000,130731.767905
-4904,3000,130745.686267
-10280,3000,130759.544745
-2844,3000,130773.534503
-7032,3000,130787.64361
-1572,3000,130801.827179
-4836,3000,130815.791058
-5828,3000,130829.26305
-7568,3000,130843.599431
-12856,3000,130862.994844
-11936,3000,130877.109969
-5644,3000,130890.819243
-7080,3000,130904.344283
-7204,3000,130917.926948
-10796,3000,130932.020236
-6740,3000,130945.757813
-4176,3000,130959.116028
-4080,3000,130973.059322
-5892,3000,130986.690901
-7052,3000,131000.139569
-10868,3000,131014.521825
-664,3000,131028.471286
-4980,3000,131041.507987
-5876,3000,131054.919485
-11960,3000,131068.136499
-2632,3000,131082.31536
-4104,3000,131096.086076
-8920,3000,131110.107383
480,3000,131123.62192
-9612,3000,131136.259168
-11044,3000,131149.270203
-10640,3000,131163.332531
-912,3000,131177.057467
-760,3000,131191.194128
-6276,3000,131204.831993
-10968,3000,131218.108166
-7728,3000,131232.06485
-568,3000,131245.967129
-6992,3000,131259.597738
-1752,3000,131273.69331
-6736,3000,131287.754066
-8908,3000,131301.467156
-15052,3000,131314.947388
-6980,3000,131329.093415
-6604,3000,131342.766538
-4616,3000,131356.775973
-6832,3000,131371.350401
-3888,3000,131384.49702
-8976,3000,131398.1535
-3548,3000,131412.514817
-6948,3000,131426.094604
-7596,3000,131439.894128
-1668,3000,131454.256179
-6836,3000,131468.460846
-6144,3000,131482.19299
-16936,3000,131495.790818
-12192,3000,131509.279736
-4928,3000,131522.733132
-7868,3000,131536.288629
-9828,3000,131550.330606
-8040,3000,131563.968029
-4092,3000,131577.629207
-5976,3000,131591.297279
-11616,3000,131605.484112
-7616,3000,131619.095863
-812,3000,131632.736392
-7084,3000,131646.277333
-12616,3000,131660.360427
-6740,3000,131674.629885
-13744,3000,131688.681168
-9592,3000,131703.026568
-4092,3000,131716.566925
-5172,3000,131730.211532
-10988,3000,131744.385767
-10880,3000,131758.136983
1168,3000,131777.583528
-5864,3000,131790.949167
-8800,3000,131804.809563
-7880,3000,131819.073218
-8080,3000,131832.940943
-6708,3000,131846.486077
-10928,3000,131860.377905
-3940,3000,131873.937677
-2764,3000,131887.410103
-6732,3000,131901.462692
-9696,3000,131915.515181
-8824,3000,131929.400599
-12908,3000,131943.468739
-19904,3000,131957.112556
-4932,3000,131971.046026
-10764,3000,131984.927838
-7036,3000,131998.751155
-748,3000,132013.09021
-2704,3000,132027.138771
-496,3000,132040.971041
-13876,3000,132054.289917
-1956,3000,132067.571672
-8736,3000,132081.905288
-6876,3000,132095.678464
-3540,3000,132110.240352
-9080,3000,132124.009937
-7784,3000,132137.6981
-8844,3000,132151.949161
-8616,3000,132165.926402
-8872,3000,132179.968
-3024,3000,132193.836861
-10736,3000,132207.585266
-12092,3000,132221.472869
-7828,3000,132235.167542
-4008,3000,132249.142441
-4848,3000,132263.331032
-1612,3000,132277.472909
-7132,3000,132290.797088
-7072,3000,132304.502776
-844,3000,132317.895374
-2796,3000,132331.621242
-17004,3000,132345.534626
-12896,3000,132359.627769
-8764,3000,132373.287303
-4860,3000,132386.902117
-3936,3000,132401.284638
-2932,3000,132414.380006
-8720,3000,132428.08717
-3696,3000,132441.983314
-12140,3000,132455.659234
-2832,3000,132469.679428
-9768,3000,132483.560999
-9856,3000,132497.267979
-7076,3000,132511.014906
-7436,3000,132525.18892
-2020,3000,132539.062269
-12684,3000,132553.283134
1136,3000,132566.669853
-2980,3000,132580.445236
-11520,3000,132594.218102
-7520,3000,132608.21439
-7892,3000,132622.001004
1056,3000,132635.310256
1312,3000,132648.788563
-1376,3000,132662.535824
-4716,3000,132676.8946
-10996,3000,132691.423156
-12992,3000,132711.23932
1000,3000,132724.290252
-5584,3000,132738.610553
-5944,3000,132752.650167
-4736,3000,132767.053928
-6484,3000,132780.905862
-14792,3000,132794.071929
-7552,3000,132808.121478
-7780,3000,132822.239035
-11660,3000,132836.646587
-13784,3000,132850.685008
-12768,3000,132864.548199
-5924,3000,132877.707026
-12092,3000,132891.575556
-4820,3000,132905.657554
-13172,3000,132919.285766
-2936,3000,132933.81573
-12520,3000,132948.643093
-4852,3000,132962.78458
-6780,3000,132977.233345
-14952,3000,132991.034741
-9668,3000,133004.918741
-7660,3000,133019.072789
-11696,3000,133033.448726
-6656,3000,133046.902439
-8048,3000,133061.137897
-5952,3000,133075.129015
-2072,3000,133089.338697
-5004,3000,133103.238571
-11752,3000,133117.233581
-4032,3000,133131.673102
-5704,3000,133145.315674
-2584,3000,133159.556836
-12808,3000,133173.351546
-3928,3000,133187.151111
-12044,3000,133200.552338
-7464,3000,133214.357846
-12744,3000,133229.35824
-4944,3000,133243.052768
-15984,3000,133256.848292
-8896,3000,133270.695176
-11028,3000,133284.851523
-6832,3000,133299.027122
-9848,3000,133313.262238
-14908,3000,133327.978041
-4944,3000,133341.925448
-7496,3000,133355.977662
-684,3000,133370.698775
-2596,3000,133385.107504
-7780,3000,133398.459723
-18044,3000,133412.290948
-3792,3000,133425.791678
-10816,3000,133439.761663
-3000,3000,133453.650912
1164,3000,133468.043591
-4624,3000,133481.790423
-11040,3000,133495.486017
-2736,3000,133508.932467
-16828,3000,133522.568935
-14008,3000,133536.460572
-1872,3000,133550.128275
-3816,3000,133563.862031
-4732,3000,133577.934865
-2840,3000,133591.912802
-3896,3000,133605.671711
-12660,3000,133619.941599
-9812,3000,133633.598248
-5656,3000,133652.555829
3264,3000,133666.012472
1328,3000,133679.995235
3444,3000,133693.511329
-12412,3000,133707.663038
-11620,3000,133721.694787
-15656,3000,133736.247027
-9056,3000,133750.107712
-14820,3000,133764.609463
-10772,3000,133778.239952
-8012,3000,133791.243893
-9848,3000,133805.381729
-2016,3000,133818.935548
-7804,3000,133832.181386
-9708,3000,133846.027733
-17668,3000,133860.173683
-6724,3000,133874.55127
-9172,3000,133888.271935
-12556,3000,133902.465932
-5764,3000,133916.061
-3920,3000,133930.081209
-4196,3000,133943.262336
-1980,3000,133956.435444
-2824,3000,133970.297286
-2472,3000,133984.4584
-1708,3000,133998.590316
80,3000,134012.21146
-9680,3000,134026.380326
-7644,3000,134040.642801
-3940,3000,134054.540645
-7716,3000,134068.202189
-12672,3000,134081.944583
-11144,3000,134095.344533
-2740,3000,134109.51192
-9088,3000,134123.154402
-3012,3000,134136.581038
-11832,3000,134150.297524
-4848,3000,134165.045225
-10032,3000,134179.08475
-3620,3000,134192.910754
-9852,3000,134206.821713
-5896,3000,134220.746683
-5188,3000,134234.083236
-2820,3000,134248.221078
-4692,3000,134262.18841
-15072,3000,134275.85894
-8820,3000,134289.950851
-10472,3000,134303.777804
-880,3000,134317.963728
-15548,3000,134331.702904
-6012,3000,134345.828099
-2736,3000,134360.064369
940,3000,134374.084463
-10744,3000,134388.300688
-5144,3000,134401.91286
-6932,3000,134416.147755
-16212,3000,134429.869588
-5772,3000,134443.726941
-9984,3000,134457.161725
-3812,3000,134470.678181
-8868,3000,134484.610739
-3900,3000,134497.72821
-1604,3000,134512.139139
-9724,3000,134525.91026
-12880,3000,134539.63398
-8652,3000,134553.792627
-5520,3000,134573.573515
-8920,3000,134587.981276
-12892,3000,134601.834693
-6160,3000,134615.138581
-5604,3000,134628.046698
-3732,3000,134641.688833
-4548,3000,134655.902992
-5652,3000,134670.361272
-2804,3000,134683.767887
-8880,3000,134697.731038
-5188,3000,134711.071039
-12608,3000,134725.265261
-2736,3000,134739.389315
-8788,3000,134753.344504
-6888,3000,134767.081147
-996,3000,134780.340036
-9136,3000,134793.598619
-2756,3000,134807.947831
-6848,3000,134820.990572
-9772,3000,134833.883477
-4200,3000,134846.037287
-4836,3000,134859.733514
-5912,3000,134872.907634
-10876,3000,134885.732373
-5916,3000,134898.84718
-9856,3000,134912.44027
-11064,3000,134925.232141
-5932,3000,134937.767457
-10744,3000,134950.382962
-4724,3000,134963.788385
-3888,3000,134976.720067
-7720,3000,134990.017423
2056,3000,135003.142459
-7816,3000,135016.108873
868,3000,135029.112482
-5884,3000,135042.23585
-9848,3000,135055.111883
-6728,3000,135068.219123
340,3000,135080.9158
-1796,3000,135093.934166
-10848,3000,135107.004902
-4732,3000,135120.007161
-5404,3000,135133.807076
3324,3000,135146.969503
-4696,3000,135159.874707
-10796,3000,135172.978966
-8796,3000,135185.621235
-7548,3000,135198.906083
-4496,3000,135212.335031
-4316,3000,135226.366949
-4016,3000,135238.994111
-8888,3000,135252.543285
-1912,3000,135265.606588
-6952,3000,135279.029672
-4012,3000,135292.095998
-2732,3000,135305.269531
-8816,3000,135318.317299
-480,3000,135331.198711
-8780,3000,135344.967124
-14140,3000,135357.851553
-6752,3000,135370.762736
-3476,3000,135384.142345
-6992,3000,135397.08857
-9020,3000,135410.13308
-4716,3000,135423.463048
-5732,3000,135436.864381
-9724,3000,135450.014534
-18616,3000,135468.090131
-11868,3000,135480.904852
292,3000,135493.415246
-5904,3000,135506.188336
-10676,3000,135519.847514
-10900,3000,135532.806646
-13852,3000,135545.743452
-9052,3000,135558.989663
-12896,3000,135571.736764
-10756,3000,135585.557509
1252,3000,135598.59414
-7720,3000,135611.861318
-12084,3000,135624.340451
-4988,3000,135637.852858
-10804,3000,135650.847391
-2504,3000,135663.866927
-6884,3000,135677.452786
-9600,3000,135690.328738
-4916,3000,135703.455513
-11432,3000,135716.453097
-2144,3000,135729.491629
-12820,3000,135742.842148
-8912,3000,135755.51722
-3444,3000,135769.46857
-7792,3000,135782.220529
-10784,3000,135795.055103
-3168,3000,135807.875641
-11512,3000,135820.877549
-4820,3000,135833.623821
-9836,3000,135846.442747
-13216,3000,135859.261781
-3784,3000,135872.532792
-5900,3000,135885.727832
-9872,3000,135899.816767
-7900,3000,135912.51064
-4640,3000,135925.579301
-10664,3000,135938.801839
-6480,3000,135951.920569
476,3000,135965.370553
-12096,3000,135977.93979
1204,3000,135991.1214
3492,3000,136004.376518
-2724,3000,136017.91812
-3808,3000,136031.052718
1092,3000,136044.386457
-1940,3000,136057.120013
-10104,3000,136069.864492
-5832,3000,136083.298916
-18872,3000,136096.271512
-1924,3000,136109.903284
-5900,3000,136122.622814
-5648,3000,136136.347883
-168,3000,136149.087878
-9836,3000,136162.433563
-4756,3000,136176.067204
-6912,3000,136189.067356
-11004,3000,136202.508461
3140,3000,136215.743055
-6980,3000,136229.314176
-7708,3000,136242.286072
-7636,3000,136255.905758
-13948,3000,136269.142112
-9896,3000,136282.019799
-7700,3000,136294.718626
-11712,3000,136308.063905
-8984,3000,136320.946866
-8900,3000,136333.328779
-11868,3000,136351.529132
-2704,3000,136364.893607
-13756,3000,136378.516268
-2824,3000,136391.465745
-3848,3000,136404.369108
-15828,3000,136417.464931
-11040,3000,136430.970151
-4808,3000,136444.00192
-1684,3000,136457.416769
-7948,3000,136469.690639
-10944,3000,136482.412122
-8708,3000,136496.151729
-7824,3000,136509.334729
-14072,3000,136521.85912
-684,3000,136535.025166
-3752,3000,136548.381635
-9028,3000,136561.78558
-12120,3000,136574.944225
-18072,3000,136588.683196
-12148,3000,136601.214411
-8000,3000,136614.670884
3420,3000,136628.28896
-6956,3000,136640.880958
-1864,3000,136653.849193
-5952,3000,136666.487307
-6576,3000,136679.23585
-6764,3000,136692.182547
-2624,3000,136705.458255
-7968,3000,136718.314356
-7884,3000,136731.453396
-7136,3000,136743.989129
-10596,3000,136757.115687
-7832,3000,136770.317883
-984,3000,136783.455213
316,3000,136796.32012
-12172,3000,136809.477095
-13896,3000,136822.536171
-12960,3000,136835.342171
-7832,3000,136848.732783
-10652,3000,136861.661981
-6892,3000,136874.943012
-4608,3000,136888.175636
-12800,3000,136901.13023
-6740,3000,136914.51339
2052,3000,136928.066018
-6860,3000,136941.390453
-7644,3000,136955.209512
-5836,3000,136968.423146
-6740,3000,136982.008168
-5824,3000,136995.124988
-12936,3000,137008.001028
-1808,3000,137020.949468
-9876,3000,137034.28162
-10672,3000,137047.571667
-2780,3000,137060.722556
-9232,3000,137073.468423
-8684,3000,137086.814114
-5792,3000,137100.302353
-6824,3000,137113.87278
-5752,3000,137126.749349
-4920,3000,137139.292598
-8516,3000,137152.443392
-4940,3000,137165.090161
-5756,3000,137178.000829
-7000,3000,137191.958523
-5884,3000,137205.914766
948,3000,137224.198439
-712,3000,137237.204269
-10856,3000,137250.43764
-9008,3000,137263.393763
-14772,3000,137275.80521
-9796,3000,137289.166341
-5024,3000,137302.042075
-16692,3000,137314.963287
-11752,3000,137328.250059
-7756,3000,137341.579489
-7748,3000,137354.364683
-10828,3000,137366.755817
-1916,3000,137379.963609
-9848,3000,137392.463416
-5680,3000,137406.03119
-6044,3000,137419.51143
-18820,3000,137432.795819
-8960,3000,137445.97161
-13008,3000,137458.939312
-4740,3000,137471.848027
-4892,3000,137485.211329
-7800,3000,137498.455732
-6656,3000,137512.001556
-5900,3000,137525.073747
-9584,3000,137538.367269
-13168,3000,137551.79107
-5660,3000,137565.05329
-5904,3000,137578.267123
-6684,3000,137591.887623
-12716,3000,137604.688679
-6616,3000,137618.273662
-6688,3000,137631.813959
-5484,3000,137644.991749
2164,3000,137657.949424
-13580,3000,137671.740957
-1692,3000,137684.707433
-8564,3000,137698.224678
-18008,3000,137711.101859
-3128,3000,137723.912408
-3492,3000,137737.042894
1268,3000,137750.336074
-2996,3000,137763.337815
-7124,3000,137776.769991
-7892,3000,137789.183501
-11936,3000,137801.9302
-3556,3000,137815.830654
-9808,3000,137828.959504
-11960,3000,137842.023899
-7928,3000,137854.706863
-9180,3000,137867.992278
-6592,3000,137881.528211
-2528,3000,137894.914422
-9880,3000,137908.043104
-9480,3000,137921.275632
-3676,3000,137934.421112
-6932,3000,137947.255163
-4560,3000,137960.052739
-6960,3000,137972.999532
-6788,3000,137986.164357
-5008,3000,137999.71027
-9824,3000,138012.910868
-8712,3000,138026.158648
-960,3000,138039.31161
-9108,3000,138052.454121
-13912,3000,138065.673437
3212,3000,138078.960949
-10156,3000,138091.485431
-10776,3000,138110.776681
-9800,3000,138124.008027
44,3000,138136.942138
-6080,3000,138150.183903
-5844,3000,138163.056107
-5772,3000,138176.541819
-4748,3000,138189.986883
-1792,3000,138203.040536
376,3000,138215.980079
-7544,3000,138228.748556
-18936,3000,138242.076274
-4972,3000,138255.358046
-6712,3000,138268.35921
-11192,3000,138281.171147
-2676,3000,138294.6095
-4844,3000,138308.302577
-10736,3000,138321.278377
-4684,3000,138334.449585
-4744,3000,138347.598506
-3776,3000,138361.033408
-14920,3000,138373.928953
-8120,3000,138386.614083
2248,3000,138400.154663
-6016,3000,138413.200635
-9132,3000,138426.542709
-3812,3000,138439.531351
-8012,3000,138452.276617
-5816,3000,138465.595809
-13536,3000,138479.071669
-1792,3000,138491.663652
-1840,3000,138504.261851
-4152,3000,138517.985817
-136,3000,138530.502594
-6064,3000,138543.487717
-8936,3000,138556.557132
-6480,3000,138569.419687
-10152,3000,138582.377318
-5608,3000,138595.313459
-9128,3000,138608.437936
-17736,3000,138621.218044
-6944,3000,138634.026529
-15788,3000,138647.707869
-4728,3000,138660.711962
-11904,3000,138672.939138
-6812,3000,138686.12136
-6868,3000,138699.584692
-16008,3000,138713.047821
-2912,3000,138726.427238
-11596,3000,138739.352573
-11036,3000,138752.400962
-17016,3000,138764.893846
-7984,3000,138778.007429
-1100,3000,138791.179183
-16728,3000,138804.114416
-6048,3000,138816.564628
-13740,3000,138829.299036
-8744,3000,138842.388143
-4944,3000,138855.132128
-8700,3000,138868.458788
-8684,3000,138880.831082
-800,3000,138893.85043
-15620,3000,138906.857669
-9776,3000,138919.944123
-12824,3000,138933.54462
-3864,3000,138946.788287
-10144,3000,138960.217312
-7536,3000,138973.491669
-10876,3000,138992.657784
-6940,3000,139005.742628
-1544,3000,139019.299216
-8208,3000,139032.157596
296,3000,139045.196223
1648,3000,139059.190752
-3632,3000,139072.430162
1164,3000,139085.056502
-11140,3000,139098.316619
-1684,3000,139111.568942
-7628,3000,139124.36247
-5072,3000,139137.242023
-1564,3000,139150.51849
-12012,3000,139163.601558
-6720,3000,139176.670274
-10780,3000,139189.413553
-5848,3000,139202.07999
-3072,3000,139215.197746
-10544,3000,139227.955453
-11824,3000,139240.998394
-8680,3000,139254.648775
-12936,3000,139267.491267
-4676,3000,139280.540349
-14988,3000,139293.719915
-16032,3000,139307.388906
-4736,3000,139320.372938
-13872,3000,139333.963862
-12976,3000,139346.851913
-6828,3000,139359.918835
-14776,3000,139373.088595
-10032,3000,139386.339381
-11740,3000,139399.958945
-11880,3000,139413.093165
-11808,3000,139426.096146
-6492,3000,139439.395653
-9560,3000,139452.345517
-7940,3000,139465.156008
-4844,3000,139477.819229
-1832,3000,139491.582606
-10772,3000,139505.116166
-5132,3000,139517.418073
-7668,3000,139530.415367
-9748,3000,139543.586512
-8772,3000,139556.391827
-5728,3000,139569.789726
-3596,3000,139582.872473
-6900,3000,139596.280004
-9604,3000,139609.586964
-9744,3000,139622.329127
-4716,3000,139635.523093
-9764,3000,139648.741841
-7988,3000,139661.593861
-8820,3000,139675.216544
2056,3000,139688.141874
-14852,3000,139701.149415
1040,3000,139714.076271
-9696,3000,139727.231938
-7612,3000,139740.8577
-3892,3000,139754.178306
-8972,3000,139766.936592
-9780,3000,139780.066308
-10124,3000,139793.167196
-3868,3000,139806.627883
-7640,3000,139819.892466
-13844,3000,139832.904547
-804,3000,139845.549011
-8824,3000,139863.756302
-8028,3000,139876.277781
-4776,3000,139889.873222
-9716,3000,139903.012279
-12104,3000,139916.454707
-1016,3000,139929.255155
-5804,3000,139942.456104
-6220,3000,139955.106452
-13636,3000,139968.375846
-12060,3000,139981.315437
2612,3000,139995.115419
-11672,3000,140008.696269
-6772,3000,140021.509558
-9792,3000,140035.030403
-9716,3000,140048.079889
-9756,3000,140060.896546
-4972,3000,140074.030013
-12796,3000,140087.181825
-21668,3000,140100.723982
-1840,3000,140113.277243
-5480,3000,140126.050941
-4008,3000,140139.082742
-12984,3000,140151.697639
-7928,3000,140164.722184
-14456,3000,140178.252328
-14704,3000,140191.785588
-14032,3000,140205.18891
-10804,3000,140218.165839
-14668,3000,140231.265915
-6856,3000,140244.042897
-11048,3000,140257.253388
-13572,3000,140270.398418
-11724,3000,140283.478516
-2932,3000,140296.289294
-8192,3000,140309.354492
-4796,3000,140321.949291
-2920,3000,140334.84411
-20780,3000,140348.294172
-3532,3000,140361.55383
-2776,3000,140374.76978
-13756,3000,140388.221969
-4844,3000,140401.29904
-12972,3000,140414.560802
-10816,3000,140427.568295
-12884,3000,140440.574174
-4780,3000,140453.521678
-14192,3000,140466.631294
-8620,3000,140479.825995
-13712,3000,140492.791575
-10768,3000,140505.959554
-5924,3000,140519.274853
-7940,3000,140532.114853
-3940,3000,140545.093986
-6756,3000,140558.173555
-9244,3000,140571.144419
-11188,3000,140583.806108
-2916,3000,140596.592794
-2864,3000,140609.772334
-3676,3000,140623.424562
-2352,3000,140637.389599
-3100,3000,140649.861413
-13176,3000,140662.381672
-10912,3000,140675.311081
-8900,3000,140688.159727
-9044,3000,140701.465573
-14152,3000,140714.825176
-10860,3000,140728.470544
-1960,3000,140747.113924
-6740,3000,140760.325584
-7776,3000,140773.499299
-11064,3000,140786.717445
-7876,3000,140799.737028
-1684,3000,140813.037476
-6740,3000,140826.480493
-8904,3000,140839.654551
-4884,3000,140852.390616
-4620,3000,140865.788519
-7840,3000,140879.032468
-13976,3000,140891.628539
-13408,3000,140904.343368
-4856,3000,140917.432991
828,3000,140929.741739
-3576,3000,140942.765531
-9772,3000,140955.508824
-4872,3000,140968.952981
-7124,3000,140981.899177
-14620,3000,140995.326938
-1152,3000,141007.733165
-804,3000,141021.033189
-9972,3000,141033.723651
-15784,3000,141047.107873
-4700,3000,141060.063372
-3036,3000,141072.562138
-1784,3000,141084.916138
-3968,3000,141097.679845
1120,3000,141110.592501
-7672,3000,141123.600903
-700,3000,141136.567821
-6988,3000,141149.413316
-8812,3000,141162.763068
-1760,3000,141175.70247
-3628,3000,141189.100919
-1748,3000,141201.706346
152,3000,141214.26853
-11124,3000,141227.528636
-6300,3000,141240.609828
-504,3000,141254.129218
-8124,3000,141266.93671
-6024,3000,141280.046413
-6120,3000,141293.057905
-1940,3000,141306.165321
-11744,3000,141318.957992
-12780,3000,141332.472758
-4972,3000,141345.499917
-9808,3000,141358.624911
-10616,3000,141372.458934
-10060,3000,141385.455373
-10104,3000,141398.191502
-9940,3000,141411.091209
-1560,3000,141423.941367
-8940,3000,141437.06427
-9764,3000,141450.134154
-4080,3000,141462.857013
-6848,3000,141475.682115
-7172,3000,141488.649251
-10604,3000,141501.876225
-880,3000,141514.957157
-13752,3000,141528.01927
-6760,3000,141540.896011
-10232,3000,141553.734712
-3696,3000,141567.07748
-6832,3000,141580.588161
-6756,3000,141593.282828
-6728,3000,141606.612863
-12060,3000,141625.172861
-16908,3000,141638.163285
-9700,3000,141651.625371
-1436,3000,141664.514651
-10084,3000,141677.265952
-2624,3000,141690.228595
-6552,3000,141703.69709
-4704,3000,141716.779296
-2892,3000,141729.821863
-9600,3000,141743.044014
-11052,3000,141755.912173
-8596,3000,141768.834022
-8432,3000,141781.950538
-10760,3000,141794.616456
-4604,3000,141807.687847
-3616,3000,141820.72689
-8940,3000,141833.026333
-6952,3000,141846.472147
-3856,3000,141859.824068
948,3000,141873.181099
-3848,3000,141885.871279
-7860,3000,141899.196748
1332,3000,141912.565385
-11880,3000,141925.539832
-6856,3000,141938.320411
-8904,3000,141952.064441
-15596,3000,141965.288441
84,3000,141978.194812
-8900,3000,141991.709421
-4780,3000,142003.868341
-7848,3000,142017.001677
-16020,3000,142030.050922
-15924,3000,142043.123651
-9600,3000,142056.509884
-13048,3000,142069.734987
-628,3000,142082.276282
-6500,3000,142095.225414
-4836,3000,142108.440064
-9964,3000,142121.450063
-13816,3000,142134.446589
-2800,3000,142147.894516
-9200,3000,142160.459809
-4108,3000,142173.379326
-7896,3000,142186.813006
-4740,3000,142200.201257
-4364,3000,142213.590135
-15100,3000,142227.028014
-9092,3000,142239.727535
-12984,3000,142252.974593
-10084,3000,142266.125258
-4832,3000,142279.474757
-2480,3000,142292.754408
-10960,3000,142306.544285
-16044,3000,142320.306073
-5836,3000,142333.354831
-9152,3000,142345.995447
-4908,3000,142358.614036
-7724,3000,142371.405809
-10856,3000,142384.790171
-10832,3000,142397.85845
-3844,3000,142411.559781
4280,3000,142424.356347
-9892,3000,142437.305137
-7064,3000,142450.213659
-5764,3000,142463.715247
-2812,3000,142476.33937
-6632,3000,142495.116208
3048,3000,142508.343866
-3896,3000,142521.345567
-6524,3000,142534.067046
-2472,3000,142547.401917
-10712,3000,142560.551827
-11032,3000,142573.330396
-8668,3000,142586.991396
-8840,3000,142599.663285
-8124,3000,142612.840638
-6160,3000,142625.315747
-5692,3000,142638.291874
-10956,3000,142652.211066
-10032,3000,142665.657048
-6632,3000,142678.543581
-10696,3000,142691.951634
-8792,3000,142705.381625
-12724,3000,142718.453008
-9508,3000,142731.917347
-8700,3000,142745.348613
-2876,3000,142758.560388
-1792,3000,142771.641197
-10136,3000,142784.030685
-8596,3000,142797.432923
-5444,3000,142810.858474
-4872,3000,142823.65378
-7792,3000,142836.258275
-9768,3000,142849.104183
1280,3000,142861.762372
-3688,3000,142875.0774
-5680,3000,142888.110561
-6880,3000,142901.05992
-1896,3000,142914.102675
-8000,3000,142927.02287
-1908,3000,142939.992265
-10588,3000,142953.167235
-9864,3000,142966.413148
-13708,3000,142979.941229
-7792,3000,142993.639304
-13092,3000,143006.49264
-7972,3000,143019.62905
-4912,3000,143032.574774
-9220,3000,143045.666497
-540,3000,143058.821658
-10848,3000,143071.618092
-9720,3000,143083.896184
-7812,3000,143096.926362
-4992,3000,143110.248784
-15028,3000,143123.154259
-1744,3000,143135.878795
-2900,3000,143148.459063
-3756,3000,143161.720034
-1724,3000,143174.968832
-9624,3000,143188.173117
-2744,3000,143201.179967
-11812,3000,143215.362393
-8920,3000,143228.437605
-4012,3000,143241.454606
-3732,3000,143254.298778
-5568,3000,143267.289533
-9888,3000,143280.714813
-6140,3000,143293.205792
-9068,3000,143306.010723
-1788,3000,143319.031919
68,3000,143331.770413
-12224,3000,143344.359953
-10160,3000,143357.092621
-8320,3000,143375.179718
-8944,3000,143387.616299
-15792,3000,143400.966732
-19080,3000,143413.7363
-6748,3000,143426.756359
-9556,3000,143440.213509
-7512,3000,143454.106877
-2560,3000,143466.994257
-4672,3000,143479.70413
-11752,3000,143492.767725
-10152,3000,143505.284318
-5716,3000,143518.323166
-5620,3000,143531.271303
-5788,3000,143544.903853
-9768,3000,143558.4322
-11996,3000,143571.223682
-1864,3000,143584.320559
-14100,3000,143597.697638
-9052,3000,143610.294267
-11024,3000,143623.059345
-3312,3000,143635.931893
-13140,3000,143648.868295
-2992,3000,143661.882583
-13824,3000,143674.903254
-8084,3000,143687.500378
-7752,3000,143700.984862
4444,3000,143713.601525
-10836,3000,143726.354859
-7584,3000,143739.47716
-11740,3000,143751.470025
-2700,3000,143764.557577
-3912,3000,143778.087289
-10796,3000,143791.227758
-2832,3000,143803.833365
-10008,3000,143816.48921
-5836,3000,143828.956086
-6944,3000,143842.071972
-8000,3000,143854.889901
-6824,3000,143868.082441
-7908,3000,143881.345713
-7036,3000,143894.729501
-6524,3000,143907.774643
-7652,3000,143921.134689
-13076,3000,143933.922643
-3836,3000,143947.169826
-14540,3000,143961.348318
-10520,3000,143974.743837
-8056,3000,143987.819864
-9512,3000,144001.079558
-2336,3000,144014.132358
-11764,3000,144028.070414
-9800,3000,144041.586863
-14868,3000,144054.370988
-8184,3000,144067.129981
-4972,3000,144079.916264
-8980,3000,144093.426171
-7836,3000,144105.931916
-7840,3000,144118.987608
-1620,3000,144131.94205
-11792,3000,144144.779854
-9992,3000,144158.231146
-12720,3000,144171.110595
-5908,3000,144184.32486
-2912,3000,144197.286932
-7668,3000,144210.851776
-6524,3000,144224.099669
-10896,3000,144237.096137
2492,3000,144255.7025
-8564,3000,144269.025373
-3144,3000,144281.897525
-8932,3000,144294.653569
-15860,3000,144307.996341
-5748,3000,144321.003829
-18860,3000,144333.806971
-9528,3000,144346.469266
-19852,3000,144359.729473
-10980,3000,144372.639719
-9792,3000,144385.239164
-1744,3000,144398.768897
-6904,3000,144411.661557
4136,3000,144424.699874
-28,3000,144437.003017
-7004,3000,144449.951158
-9748,3000,144463.041646
-8788,3000,144476.135216
-12856,3000,144489.329594
2296,3000,144502.180614
-11884,3000,144515.072761
-11460,3000,144528.62455
-5880,3000,144542.071201
2296,3000,144555.04634
-6932,3000,144568.247287
-5596,3000,144581.469927
-7608,3000,144594.327827
-16736,3000,144607.133931
-2880,3000,144619.592407
-5936,3000,144632.755916
-3672,3000,144645.952775
-9968,3000,144658.841229
-560,3000,144672.151529
-12144,3000,144685.10577
-10704,3000,144697.775259
-2996,3000,144710.743122
-15728,3000,144723.768223
-11684,3000,144737.050871
-10596,3000,144749.866302
-8532,3000,144762.660877
-3004,3000,144775.955322
-6788,3000,144788.801049
-3580,3000,144801.639066
-9876,3000,144815.189359
-652,3000,144828.732089
-4656,3000,144841.741626
-13992,3000,144854.636533
-7868,3000,144867.432128
-4068,3000,144880.174864
-9952,3000,144892.945457
-11984,3000,144906.14338
-3748,3000,144918.767497
-8720,3000,144932.215126
-7388,3000,144945.521074
-13704,3000,144958.98927
-16836,3000,144973.009907
-12892,3000,144985.942309
-9760,3000,144998.90262
-12808,3000,145011.672432
-9648,3000,145024.754508
-8748,3000,145038.180927
-6876,3000,145050.960896
-4596,3000,145064.231936
-3700,3000,145077.246258
-7100,3000,145090.061269
-5520,3000,145103.224668
-14120,3000,145121.526059
-7860,3000,145134.625296
356,3000,145147.402523
-12584,3000,145161.298748
-6948,3000,145173.481747
-11856,3000,145186.850114
-6776,3000,145199.978779
-10836,3000,145212.630445
-11196,3000,145225.523764
-10760,3000,145238.901411
-6144,3000,145251.926881
-11984,3000,145265.247514
-8828,3000,145278.422201
-3724,3000,145291.419298
-7668,3000,145304.438828
-7788,3000,145317.137892
-640,3000,145329.231045
1328,3000,145341.133056
-4968,3000,145353.028982
-10884,3000,145365.40429
-8000,3000,145377.353988
-2676,3000,145389.755587
-2768,3000,145402.174335
-9896,3000,145414.656285
-12500,3000,145427.552219
-9512,3000,145439.797615
-2832,3000,145451.593679
-5772,3000,145463.833381
-8560,3000,145475.881612
-3948,3000,145488.371455
-7916,3000,145500.552291
-5908,3000,145512.251392
-7756,3000,145524.520944
-2584,3000,145537.415874
-13812,3000,145549.875064
-11956,3000,145562.280177
-3772,3000,145574.601433
-10060,3000,145586.891165
-8808,3000,145599.407852
-17356,3000,145612.288502
-19020,3000,145624.856176
-12072,3000,145637.124424
-10896,3000,145649.328997
-1852,3000,145662.069469
-3016,3000,145673.994816
-572,3000,145686.561149
-9736,3000,145698.640776
-4884,3000,145710.897915
-704,3000,145723.5504
-736,3000,145735.498585
-8748,3000,145748.261165
-9548,3000,145761.1155
-2644,3000,145774.066549
-1952,3000,145786.35521
-5860,3000,145798.874303
-1832,3000,145811.479681
-4748,3000,145824.458008
-8748,3000,145835.965701
-7820,3000,145848.609956
-2860,3000,145860.841342
-9932,3000,145873.185844
-4968,3000,145885.320363
-6320,3000,145897.222549
-8208,3000,145909.224417
-936,3000,145922.033066
-4796,3000,145934.835732
-7624,3000,145947.298097
-4428,3000,145964.646851
-2876,3000,145976.57421
-6240,3000,145988.415733
-4792,3000,146000.45473
-7436,3000,146013.153993
-11800,3000,146025.733511
-6660,3000,146038.646442
-3640,3000,146051.263403
-7784,3000,146063.584511
-7660,3000,146075.819084
-3580,3000,146088.788735
-3588,3000,146101.748216
-8884,3000,146114.37683
-12944,3000,146126.66492
-3436,3000,146139.630399
-8228,3000,146151.778018
-6020,3000,146164.223651
-1968,3000,146176.384417
-5376,3000,146188.582177
-8768,3000,146201.256151
-7516,3000,146213.871678
-5848,3000,146226.501396
-6884,3000,146238.889688
-5736,3000,146250.73499
-5812,3000,146262.742973
-9808,3000,146274.98161
-11796,3000,146287.46595
2916,3000,146300.038104
-2748,3000,146312.112459
-3536,3000,146325.175922
-2960,3000,146337.133882
-4968,3000,146349.525768
-15456,3000,146362.156024
-1528,3000,146374.587573
2340,3000,146386.947288
-16952,3000,146399.571805
-10756,3000,146411.836448
-7992,3000,146424.17409
-11044,3000,146436.08864
-8844,3000,146448.339618
-4912,3000,146460.374947
2408,3000,146472.083827
-8784,3000,146484.46074
-9560,3000,146496.513467
-8760,3000,146509.001965
-3788,3000,146521.687126
-3492,3000,146534.532741
-10040,3000,146545.862427
-5808,3000,146558.57951
-5956,3000,146570.528504
-4048,3000,146582.974535
-10828,3000,146595.251912
-20860,3000,146608.393929
-6788,3000,146621.20133
-10596,3000,146633.412658
-1668,3000,146645.626637
-11828,3000,146657.671306
-9868,3000,146669.798402
-9900,3000,146682.222334
-5704,3000,146695.396429
-9860,3000,146707.350642
-1808,3000,146720.127234
-13688,3000,146732.356776
-8852,3000,146745.149769
-13672,3000,146756.817372
-11920,3000,146769.504792
-6036,3000,146782.370478
-10908,3000,146800.351219
-7120,3000,146812.244782
-3696,3000,146825.267123
-3796,3000,146837.329841
-5552,3000,146849.880864
1572,3000,146862.004885
-7940,3000,146874.066199
-1912,3000,146887.304047
-2076,3000,146899.48976
-10948,3000,146911.321909
-1864,3000,146923.336667
-5604,3000,146936.103831
-12044,3000,146948.398208
-9000,3000,146960.366982
-3772,3000,146972.931072
1376,3000,146985.34388
-18056,3000,146997.210302
-9736,3000,147009.484485
-11876,3000,147022.040125
-11648,3000,147035.062881
-10096,3000,147047.505621
-7812,3000,147060.050702
-7868,3000,147072.324333
-10208,3000,147084.660206
-5900,3000,147096.417759
-7820,3000,147108.398936
-3840,3000,147120.458635
-12680,3000,147132.69541
-5596,3000,147144.833586
-3548,3000,147157.35555
-5136,3000,147169.010942
-852,3000,147181.981418
-10708,3000,147194.379619
-9828,3000,147206.649504
-8596,3000,147219.242497
-9968,3000,147231.119601
-4916,3000,147244.049827
-10796,3000,147256.207382
-10768,3000,147269.365535
-13176,3000,147282.017011
-7996,3000,147294.933385
-7032,3000,147307.25695
-3256,3000,147319.659764
-944,3000,147332.133166
-10032,3000,147343.738112
-7820,3000,147356.486273
-6216,3000,147368.856414
-10280,3000,147380.848289
-4036,3000,147392.964689
-11496,3000,147405.515858
-3544,3000,147417.952723
104,3000,147430.316693
-4084,3000,147442.942159
-3708,3000,147455.281274
-6712,3000,147467.729659
-8616,3000,147479.720558
-8036,3000,147491.958061
-3796,3000,147504.314927
-12964,3000,147516.728475
-6596,3000,147529.420901
-16200,3000,147542.14221
-1552,3000,147554.244296
-11844,3000,147566.909402
-1096,3000,147578.674168
-828,3000,147590.942535
-864,3000,147603.231224
-10800,3000,147620.687548
-7968,3000,147633.227271
-8832,3000,147645.810745
-5576,3000,147658.389053
-7052,3000,147670.895356
-9692,3000,147683.466964
-2584,3000,147695.980379
-10828,3000,147708.826719
-10860,3000,147721.111472
-2616,3000,147733.668124
-7856,3000,147746.254396
-5916,3000,147758.378652
-3796,3000,147770.408257
-816,3000,147782.696682
-5764,3000,147795.524662
-12608,3000,147808.293994
-4160,3000,147820.485847
-8648,3000,147833.639247
-11756,3000,147846.296494
-12160,3000,147858.034759
-8996,3000,147870.649309
-516,3000,147882.84502
564,3000,147895.774684
-12992,3000,147908.236329
-4856,3000,147920.621106
-13996,3000,147932.641547
-5036,3000,147944.689226
-9696,3000,147957.232768
-12028,3000,147968.857353
-444,3000,147981.191831
-2728,3000,147993.412835
-6992,3000,148005.247252
-10840,3000,148017.054705
-8924,3000,148029.243243
-13032,3000,148042.080354
-15052,3000,148054.458266
-6204,3000,148066.893679
-964,3000,148078.923073
-6944,3000,148090.931944
-4800,3000,148103.109406
-7920,3000,148115.523738
-4712,3000,148128.361383
-1984,3000,148140.48849
-14636,3000,148153.72298
-6768,3000,148166.036311
-6492,3000,148178.321361
-7824,3000,148190.57128
-8236,3000,148202.48863
-12828,3000,148214.233432
-6600,3000,148226.457217
-9592,3000,148238.797023
-5024,3000,148251.057159
-11684,3000,148263.593907
-11012,3000,148275.327898
-10872,3000,148287.950244
-5544,3000,148300.325648
-14704,3000,148312.973438
-5788,3000,148325.088622
-11432,3000,148337.530694
-10876,3000,148350.249804
-1052,3000,148362.86556
-3632,3000,148375.163575
-13892,3000,148388.037621
-9224,3000,148400.535943
-3388,3000,148413.031383
-1528,3000,148425.110345
-11768,3000,148437.279001
-6004,3000,148454.384741
-4676,3000,148466.803719
-8352,3000,148479.653849
-20056,3000,148491.98346
-6964,3000,148504.06958
-3760,3000,148516.222893
-6864,3000,148528.479274
-4844,3000,148540.59353
-5828,3000,148552.690886
-8796,3000,148564.749066
-7988,3000,148576.671067
-14688,3000,148588.74665
-5888,3000,148600.969426
-12116,3000,148613.177874
-3812,3000,148625.634994
-9880,3000,148636.980726
-4644,3000,148649.129823
-9900,3000,148661.309104
-10136,3000,148673.950137
-9784,3000,148686.600411
-3844,3000,148698.617518
-12724,3000,148710.966099
-13208,3000,148723.739033
-3644,3000,148736.140527
-8032,3000,148748.693453
-6748,3000,148760.80647
-11124,3000,148773.222334
-440,3000,148785.944309
-7656,3000,148798.040006
-7732,3000,148810.847878
-6768,3000,148822.783427
824,3000,148834.566232
-16820,3000,148847.458127
-1500,3000,148860.053311
-10064,3000,148872.173655
3432,3000,148884.968027
-1936,3000,148896.809944
-4544,3000,148909.515833
-10064,3000,148921.970284
-6876,3000,148934.494853
-12924,3000,148946.773799
-6780,3000,148959.168085
-5136,3000,148971.53254
-12812,3000,148983.948553
-7900,3000,148995.972151
-8548,3000,149008.50271
-480,3000,149021.102449
-8772,3000,149033.34912
-7716,3000,149045.629309
-7988,3000,149057.265504
-10616,3000,149069.192894
-11676,3000,149081.702972
-20824,3000,149094.450403
2356,3000,149106.750181
-7644,3000,149119.314832
-9060,3000,149130.895027
-10464,3000,149143.828299
-9272,3000,149155.789091
-7100,3000,149168.770675
-1784,3000,149180.787978
-7904,3000,149193.151255
-3920,3000,149204.966825
-168,3000,149216.466664
-5764,3000,149228.940675
-13104,3000,149241.49974
-11112,3000,149253.820463
-5024,3000,149266.152476
-6068,3000,149283.378345
-10864,3000,149295.345249
-776,3000,149307.421749
-9764,3000,149320.455391
-12136,3000,149332.800174
-6776,3000,149345.405985
-8980,3000,149357.392763
-11920,3000,149369.527712
-15932,3000,149381.513969
-5700,3000,149394.279883
-5832,3000,149406.33888
-12572,3000,149419.165461
-4024,3000,149431.037937
-3532,3000,149443.727009
-7400,3000,149455.44313
-10740,3000,149467.661427
-6600,3000,149479.685287
-4920,3000,149492.245914
-6876,3000,149504.818241
-2796,3000,149516.663296
-4636,3000,149528.951321
-3784,3000,149541.104526
-10656,3000,149553.309109
-2112,3000,149565.451592
-7748,3000,149577.466319
-4916,3000,149590.026534
-13144,3000,149602.702423
-4020,3000,149614.313054
-7424,3000,149626.965763
-12008,3000,149639.741545
-8048,3000,149651.7964
-7828,3000,149664.334995
-10908,3000,149676.96909
-11764,3000,149688.986781
-5744,3000,149701.435188
-13328,3000,149713.306018
-14728,3000,149726.262602
-10652,3000,149738.860504
-5920,3000,149750.728555
1136,3000,149763.077111
-23848,3000,149775.653188
-5860,3000,149787.993815
-15824,3000,149800.563883
-10836,3000,149812.991845
-56,3000,149824.990704
-4704,3000,149837.286666
-7448,3000,149849.253321
-13792,3000,149861.598436
-9676,3000,149874.517374
-12768,3000,149886.617783
-7896,3000,149899.40499
-15080,3000,149911.595425
-13820,3000,149923.612704
-16740,3000,149935.760736
-4012,3000,149947.945413
-1880,3000,149960.53105
-12812,3000,149973.137372
-16996,3000,149985.636005
-2104,3000,149997.319101
-7144,3000,150009.812519
-6100,3000,150022.260144
2184,3000,150035.082675
-3008,3000,150047.334822
-9036,3000,150059.621904
-7696,3000,150072.022633
-17980,3000,150084.317676
-9052,3000,150101.381305
-9028,3000,150113.434564
-5636,3000,150126.644144
-7960,3000,150139.309663
-3732,3000,150151.820004
-8780,3000,150164.600132
-3100,3000,150176.899184
-7924,3000,150189.234627
-13128,3000,150201.471778
-3800,3000,150213.805018
-7796,3000,150226.801914
-10988,3000,150239.383512
-15852,3000,150251.656266
-3816,3000,150264.16908
-16632,3000,150276.584128
-8804,3000,150289.350213
-10860,3000,150300.850664
-7808,3000,150313.349483
-8592,3000,150325.972152
-2212,3000,150338.30833
-9064,3000,150350.800796
-9740,3000,150363.153843
-4696,3000,150375.64116
-4004,3000,150388.065656
-9768,3000,150400.800394
-8924,3000,150412.667381
-11868,3000,150425.00943
-10968,3000,150436.970925
-6892,3000,150449.213393
-7788,3000,150461.514818
-12824,3000,150473.184679
-12924,3000,150485.920814
-684,3000,150498.561388
-4896,3000,150510.47308
16,3000,150522.734709
-11056,3000,150535.224741
-7952,3000,150547.592196
-5604,3000,150559.663664
-5756,3000,150572.127838
-10408,3000,150584.686891
1372,3000,150596.665675
-5696,3000,150609.2139
-7900,3000,150621.486121
-11752,3000,150633.798991
-12112,3000,150646.269962
-5960,3000,150658.462234
-5996,3000,150670.860346
-14592,3000,150683.757375
-7812,3000,150695.984691
-6976,3000,150708.143502
-6668,3000,150720.565423
-6744,3000,150732.567319
-16800,3000,150745.387843
-16784,3000,150758.436724
-12640,3000,150770.364934
-7764,3000,150783.405621
-13740,3000,150795.702163
-5592,3000,150807.329655
264,3000,150819.771956
-6092,3000,150831.862986
-3788,3000,150844.584668
-5384,3000,150856.45628
-4988,3000,150868.374599
-4120,3000,150881.2461
912,3000,150892.911144
-9508,3000,150905.463281
-2816,3000,150918.088317
-11988,3000,150936.139354
-3588,3000,150948.498441
-7476,3000,150960.890961
-3824,3000,150973.324162
-5976,3000,150985.621247
-3504,3000,150998.133362
-5856,3000,151010.651191
2140,3000,151023.02428
-6668,3000,151036.058311
-11636,3000,151048.336437
-2768,3000,151060.393706
-13972,3000,151072.311226
-9904,3000,151084.591799
-660,3000,151096.979002
-2748,3000,151109.642571
-11660,3000,151122.029124
-9960,3000,151133.202835
-572,3000,151145.279318
-11808,3000,151157.093435
-4724,3000,151168.538274
528,3000,151180.80382
-11744,3000,151192.382082
-5016,3000,151204.678247
2444,3000,151216.042244
-12832,3000,151227.843164
496,3000,151240.213625
-8000,3000,151251.696475
-7892,3000,151263.070634
1196,3000,151274.805313
-6488,3000,151286.753737
-14804,3000,151299.31172
-3984,3000,151311.110419
-1640,3000,151322.849769
1128,3000,151334.675041
-8008,3000,151346.697985
-7220,3000,151358.487028
-7900,3000,151370.439122
-2632,3000,151381.557647
-8948,3000,151393.427782
-2020,3000,151405.292886
-4964,3000,151416.902262
-1844,3000,151428.567203
-12540,3000,151440.488081
-15040,3000,151452.050749
128,3000,151463.790688
1112,3000,151475.033092
-7652,3000,151486.766858
-10956,3000,151498.830559
-12460,3000,151510.049757
-10996,3000,151520.891885
-12804,3000,151532.513763
-2824,3000,151544.382473
-12748,3000,151555.997709
-2740,3000,151567.594307
-10052,3000,151579.111597
-5812,3000,151590.272961
-9720,3000,151602.439641
-18960,3000,151614.20843
-8828,3000,151625.9678
-4684,3000,151637.390746
-3040,3000,151649.130206
-6792,3000,151660.479846
1324,3000,151672.165771
-2744,3000,151683.357404
-3840,3000,151695.429058
-2484,3000,151706.96901
-4796,3000,151718.75433
-6732,3000,151735.241649
-3728,3000,151746.561312
-7852,3000,151758.465673
-8024,3000,151770.708287
-8972,3000,151782.477605
-7608,3000,151793.974717
1040,3000,151805.28862
-9756,3000,151816.716333
-5688,3000,151828.451932
-8696,3000,151840.486082
-9916,3000,151852.239578
-6736,3000,151863.803963
-2648,3000,151875.864001
-1968,3000,151887.684871
-11808,3000,151899.558601
128,3000,151911.005407
-10264,3000,151922.284631
-8084,3000,151933.717529
-9872,3000,151945.672941
-4832,3000,151957.938848
-7908,3000,151969.829199
-6704,3000,151981.691078
-1832,3000,151993.0852
-13640,3000,152004.47128
-9032,3000,152016.059053
-8952,3000,152027.322665
-7004,3000,152038.85031
-4840,3000,152050.634257
72,3000,152062.166895
-11796,3000,152073.672934
-8588,3000,152085.403088
-17932,3000,152096.812018
-7476,3000,152109.127563
-4996,3000,152120.687586
-1740,3000,152132.409999
-9692,3000,152143.579
-8068,3000,152155.180164
-12996,3000,152166.592577
-5796,3000,152178.243736
-8880,3000,152189.822364
-10200,3000,152200.895653
-14084,3000,152212.694525
-4720,3000,152224.193159
-6880,3000,152235.750534
-3692,3000,152247.344831
-628,3000,152258.233263
-9836,3000,152269.44892
-5844,3000,152280.955397
-8924,3000,152291.866164
-11976,3000,152303.218496
-4896,3000,152314.864228
-7820,3000,152326.806628
-960,3000,152338.466024
-12596,3000,152350.676956
2136,3000,152362.608717
-3920,3000,152373.984749
-8648,3000,152385.438672
-5524,3000,152396.766377
-12980,3000,152408.256788
-6752,3000,152419.905409
-9816,3000,152431.692378
-12800,3000,152443.703417
-11948,3000,152455.224201
-11012,3000,152467.359231
-2832,3000,152478.519269
-7404,3000,152490.343495
-6860,3000,152506.542093
-6204,3000,152517.544945
-9124,3000,152528.847703
1096,3000,152540.343595
-11640,3000,152551.769431
-6096,3000,152562.937765
-11224,3000,152573.927824
-7848,3000,152585.673001
-2564,3000,152597.293847
-6928,3000,152608.891978
-4692,3000,152620.389567
-3700,3000,152631.462286
-3572,3000,152643.982303
-3764,3000,152655.593513
-4552,3000,152667.722216
-6992,3000,152679.354559
-9648,3000,152691.26208
2140,3000,152703.256223
-1832,3000,152715.489504
-5764,3000,152727.142059
-7804,3000,152738.527958
-7772,3000,152749.591703
-2904,3000,152761.111685
-1920,3000,152772.880825
-6392,3000,152785.103904
-8984,3000,152796.67279
-15624,3000,152808.103009
-12496,3000,152819.741858
-5712,3000,152831.28307
-9680,3000,152842.92753
-12816,3000,152854.52986
-7668,3000,152866.4875
-5616,3000,152878.606007
288,3000,152890.247585
-960,3000,152902.254787
-848,3000,152914.121681
-1580,3000,152925.843058
-8564,3000,152937.78574
-9716,3000,152949.698011
-8860,3000,152961.307614
-8696,3000,152972.860868
-4168,3000,152984.566135
-13944,3000,152995.487568
-9836,3000,153007.241876
-7956,3000,153019.230654
-7536,3000,153031.851622
-8036,3000,153042.673794
-13720,3000,153053.605857
-1812,3000,153064.610869
-3556,3000,153075.601035
-8948,3000,153086.641542
-7020,3000,153097.712261
-5004,3000,153108.026109
-5840,3000,153119.240721
-6760,3000,153130.353226
-5780,3000,153141.687983
-3160,3000,153152.537941
164,3000,153163.670084
-2712,3000,153174.571344
-8172,3000,153185.93453
-13932,3000,153196.778359
-1460,3000,153208.002213
-3728,3000,153219.153903
-8820,3000,153230.648162
-3656,3000,153241.60704
-9060,3000,153252.701015
-2940,3000,153263.090446
1072,3000,153278.746495
-4848,3000,153289.237246
-9276,3000,153300.345893
-12588,3000,153311.640148
-9088,3000,153322.552215
-9668,3000,153334.101214
-3912,3000,153344.827557
-5892,3000,153355.976639
-5996,3000,153366.651801
-1948,3000,153377.002889
-8820,3000,153388.129658
-12032,3000,153398.968826
-6716,3000,153409.845529
2156,3000,153420.814108
-860,3000,153432.073155
-3868,3000,153443.081177
-3556,3000,153454.271693
-3000,3000,153464.912055
-9632,3000,153475.932636
-6884,3000,153486.884378
-2256,3000,153497.166276
-4940,3000,153508.412404
-11648,3000,153520.117177
-3120,3000,153530.73177
-5640,3000,153541.861941
-4004,3000,153552.241418
-5796,3000,153562.780865
-6788,3000,153573.516909
-4940,3000,153584.718395
-5616,3000,153595.734227
336,3000,153606.820212
-8560,3000,153617.716786
-6988,3000,153628.958118
-3424,3000,153640.072946
-804,3000,153651.026273
-2576,3000,153662.540607
-5692,3000,153673.206136
-12888,3000,153684.057612
-3652,3000,153695.166346
-10616,3000,153706.001134
-11856,3000,153717.716861
-8084,3000,153728.410854
-7712,3000,153739.031187
-8724,3000,153750.165119
-1792,3000,153761.313835
-5440,3000,153772.9414
-12968,3000,153784.214865
-9648,3000,153794.844468
-11948,3000,153805.852903
-10088,3000,153816.948834
-5060,3000,153827.811216
-11028,3000,153838.534567
-4836,3000,153849.106043
448,3000,153859.90688
-6744,3000,153870.898981
-7040,3000,153881.806419
-9924,3000,153892.747035
-5904,3000,153903.660936
-2720,3000,153914.2626
-4740,3000,153925.433127
-3832,3000,153936.170104
-10712,3000,153947.400539
-4860,3000,153958.415012
-10964,3000,153969.076835
-3052,3000,153980.608402
-3788,3000,153991.394306
-7788,3000,154002.435846
-12592,3000,154018.217644
-5844,3000,154029.567136
-11044,3000,154040.501343
-6832,3000,154051.892195
-6548,3000,154063.437908
-9844,3000,154074.254087
-11736,3000,154085.706348
4088,3000,154096.722484
-9808,3000,154107.37377
-15896,3000,154118.593329
-9628,3000,154129.548594
-2768,3000,154140.329247
-4640,3000,154151.188704
-9500,3000,154162.570829
-12768,3000,154173.3708
-14756,3000,154184.449704
-14604,3000,154195.091968
-7764,3000,154206.231402
-7804,3000,154217.263916
-4912,3000,154228.119705
-5780,3000,154239.408455
-5912,3000,154250.664848
-2820,3000,154261.57958
-4976,3000,154272.350875
-908,3000,154282.807643
-1864,3000,154293.453341
-7900,3000,154304.45332
-2944,3000,154315.794564
-10868,3000,154326.873141
-5524,3000,154338.157738
-10020,3000,154348.916965
-10608,3000,154360.094471
-7888,3000,154371.130897
-11684,3000,154382.130519
-3064,3000,154392.859883
-9612,3000,154403.802376
-7076,3000,154415.031508
-3608,3000,154426.232936
-4644,3000,154436.935311
-12732,3000,154448.014955
-5484,3000,154459.454464
-4136,3000,154470.450052
-12028,3000,154481.632917
-10960,3000,154492.637179
-9100,3000,154503.574687
-8120,3000,154514.197171
-6800,3000,154525.741718
-660,3000,154536.692007
-676,3000,154547.618821
-7032,3000,154559.108984
-5860,3000,154569.961631
-5940,3000,154580.743701
-6736,3000,154591.37321
-6852,3000,154602.238229
-6752,3000,154613.029351
-13476,3000,154624.242558
360,3000,154635.026311
-4540,3000,154646.636738
-22112,3000,154657.388961
-10860,3000,154668.500828
-568,3000,154679.896687
-11780,3000,154690.803524
-12008,3000,154701.77474
-11572,3000,154712.923978
-7096,3000,154723.738114
-3700,3000,154734.479101
-6800,3000,154749.98883
-2776,3000,154761.451256
-6492,3000,154772.332278
-12676,3000,154783.848226
-7076,3000,154795.312016
-1812,3000,154806.559406
-1992,3000,154816.888144
-12688,3000,154828.688612
-4908,3000,154839.849035
-4060,3000,154850.949034
-11856,3000,154861.828237
-13872,3000,154873.02635
-11672,3000,154883.945897
-9616,3000,154895.366973
-11952,3000,154906.169984
-3816,3000,154917.126605
-7744,3000,154928.387756
-2188,3000,154938.992105
-6940,3000,154949.799852
1124,3000,154961.069037
-12960,3000,154972.085805
-8892,3000,154982.977179
-2004,3000,154993.795174
-12948,3000,155004.401804
-4612,3000,155015.594702
-12980,3000,155026.274835
-3820,3000,155037.775398
-8036,3000,155048.442786
-2976,3000,155058.901084
-6868,3000,155070.027739
-8872,3000,155080.994329
-10820,3000,155091.428353
-12072,3000,155102.434075
-7412,3000,155113.558199
-16728,3000,155125.239092
-12940,3000,155136.369651
-8792,3000,155147.407672
-8752,3000,155158.199526
-8644,3000,155169.191808
-2628,3000,155180.104188
-10980,3000,155191.014362
-8992,3000,155201.637074
-2040,3000,155212.756609
-7824,3000,155223.935787
-5064,3000,155234.668639
-6852,3000,155245.717196
-8668,3000,155256.886825
-9020,3000,155267.449909
-4984,3000,155278.689042
-5608,3000,155289.68795
-6828,3000,155300.746052
-6484,3000,155311.62891
-3764,3000,155323.204442
-7084,3000,155334.049801
-11980,3000,155344.807806
-9840,3000,155356.077674
-13900,3000,155367.41017
-5716,3000,155378.631189
-2776,3000,155389.634326
-13044,3000,155400.443169
-12628,3000,155411.884353
-15860,3000,155422.955791
-992,3000,155434.118367
-1916,3000,155444.868111
-9140,3000,155455.899437
-4816,3000,155467.239234
-12628,3000,155478.18095
-11912,3000,155493.422682
-11608,3000,155504.613589
-9860,3000,155514.779443
-12832,3000,155525.645352
-8880,3000,155536.900954
-3952,3000,155548.045634
-4688,3000,155559.316308
-14392,3000,155570.970145
-9652,3000,155581.843091
-9876,3000,155592.82882
-4428,3000,155604.532793
-2768,3000,155615.496472
-10692,3000,155625.834172
-3636,3000,155636.708096
-2976,3000,155647.687015
-14260,3000,155658.988708
-9676,3000,155670.524905
1148,3000,155681.827936
-5816,3000,155693.076787
-4688,3000,155704.010919
-7612,3000,155714.918394
-8660,3000,155726.366251
-7960,3000,155737.154715
-4960,3000,155747.974708
-6884,3000,155758.45469
-5716,3000,155769.723203
-8920,3000,155780.679216
-12032,3000,155791.023376
-9052,3000,155802.547228
-8780,3000,155813.565724
-13828,3000,155824.687972
-4716,3000,155835.675132
-8980,3000,155846.978854
-11600,3000,155858.15917
-6052,3000,155868.873704
-13952,3000,155880.498134
-4608,3000,155891.521665
-18020,3000,155902.40701
-3960,3000,155912.89777
-3952,3000,155923.843296
-4488,3000,155935.273022
-11160,3000,155945.790908
-3812,3000,155956.502327
-8956,3000,155967.670653
-6740,3000,155978.864275
-9644,3000,155989.826326
-3864,3000,156001.173754
-6148,3000,156012.073853
-2856,3000,156022.858765
-12144,3000,156033.621622
2544,3000,156044.906322
-6936,3000,156055.919843
-6932,3000,156066.909883
-9632,3000,156077.961136
-11828,3000,156089.082991
-10088,3000,156100.046226
-9664,3000,156111.416364
-10764,3000,156122.398434
-7780,3000,156133.447595
-9732,3000,156144.545115
-9956,3000,156155.810397
-11792,3000,156166.839523
-1644,3000,156178.577283
-3640,3000,156189.225631
-13908,3000,156200.058454
-11912,3000,156211.335595
-10764,3000,156222.992898
-6948,3000,156238.358238
-6860,3000,156249.319652
-3920,3000,156259.730582
-6000,3000,156271.160344
2292,3000,156281.936813
-4892,3000,156292.579635
-12828,3000,156303.711406
-5856,3000,156314.938751
-9752,3000,156326.279661
-8688,3000,156337.704677
-7656,3000,156349.116663
-6828,3000,156359.772963
-14888,3000,156370.908788
-12492,3000,156382.351616
-4896,3000,156393.23471
-4704,3000,156404.51364
-6880,3000,156415.548724
-1880,3000,156426.562606
1340,3000,156437.949943
-3552,3000,156448.724412
-9556,3000,156459.976059
-11416,3000,156470.772739
-6816,3000,156482.206633
-13812,3000,156493.250733
-1864,3000,156503.763581
-7756,3000,156514.866175
-3888,3000,156525.304447
-2720,3000,156536.377228
-7752,3000,156547.183654
-6064,3000,156558.032675
-11752,3000,156569.25646
-8864,3000,156579.907033
-11980,3000,156591.282515
-15116,3000,156602.466253
-2520,3000,156613.591424
-11868,3000,156624.591622
-3840,3000,156635.908495
-3968,3000,156647.578858
-7932,3000,156658.684009
-6740,3000,156670.127787
-2520,3000,156680.860787
-8584,3000,156691.948473
-10748,3000,156702.868965
-12596,3000,156713.970848
-13816,3000,156724.849648
-7604,3000,156736.113688
-6688,3000,156746.835135
48,3000,156757.625531
-708,3000,156769.07081
-14040,3000,156780.238171
-1852,3000,156791.191717
-4808,3000,156801.582504
-3712,3000,156812.705639
-11944,3000,156824.126564
-8520,3000,156835.513769
-4804,3000,156847.092561
-1832,3000,156857.825532
-7596,3000,156869.012558
-5904,3000,156879.485207
-10836,3000,156890.23385
-9836,3000,156901.203177
-8648,3000,156912.364599
-756,3000,156923.290919
-5732,3000,156934.644408
-9892,3000,156945.585218
-7956,3000,156956.249866
-15660,3000,156972.173418
-7840,3000,156983.398698
1196,3000,156994.660886
-8992,3000,157005.955072
-4084,3000,157016.907039
-5792,3000,157028.286049
-9764,3000,157039.014827
-6772,3000,157049.306257
-4436,3000,157060.73512
-3776,3000,157072.307508
-10396,3000,157083.474059
-19872,3000,157094.855174
1048,3000,157105.301957
-5188,3000,157116.557454
-5788,3000,157127.318792
-5592,3000,157138.228135
-16784,3000,157149.108236
-19120,3000,157159.926281
-3856,3000,157170.718199
-9740,3000,157181.995161
-15236,3000,157193.443716
-5560,3000,157204.946488
-3788,3000,157216.521684
168,3000,157227.652723
-808,3000,157238.837725
-4824,3000,157250.068327
-13860,3000,157261.682802
-7004,3000,157272.533454
-9624,3000,157283.263662
-764,3000,157294.112798
-8820,3000,157305.32317
976,3000,157316.384547
-5740,3000,157327.30268
-2952,3000,157338.408462
-10632,3000,157349.710903
-12064,3000,157360.14743
1452,3000,157371.226423
-21112,3000,157382.056884
-15084,3000,157392.862045
-9772,3000,157404.191373
-3940,3000,157415.009906
-9888,3000,157425.701917
-12800,3000,157437.065915
-11764,3000,157448.274579
-12168,3000,157458.778836
-3852,3000,157470.292803
-8364,3000,157481.010309
-8844,3000,157491.673633
-2140,3000,157502.020002
-5792,3000,157512.806904
-5772,3000,157524.91258
-2820,3000,157536.610059
268,3000,157547.255143
-3100,3000,157558.404024
-6604,3000,157569.48366
-15692,3000,157580.450739
-4876,3000,157591.291344
-6720,3000,157602.437727
-14820,3000,157613.361874
-4096,3000,157624.515789
-12980,3000,157636.048453
-9552,3000,157647.17825
-4816,3000,157658.431931
-16904,3000,157669.536889
-1540,3000,157680.63236
-1784,3000,157692.251181
-2852,3000,157703.593473
-7768,3000,157719.462606
4324,3000,157730.645314
-600,3000,157742.581933
-8816,3000,157753.70735
-1820,3000,157764.318551
-13780,3000,157775.325884
-8024,3000,157786.051192
-4944,3000,157796.550145
-7928,3000,157807.646046
-4764,3000,157818.832034
-7724,3000,157830.075615
-5792,3000,157840.306009
-15772,3000,157851.803906
-5864,3000,157862.710074
-6664,3000,157874.589105
-6764,3000,157885.322707
-8856,3000,157895.871089
-18724,3000,157906.658807
-712,3000,157918.223437
-1832,3000,157929.136726
-8704,3000,157940.345883
96,3000,157950.837982
-9124,3000,157961.462631
-3820,3000,157972.435381
-1560,3000,157984.079674
-13908,3000,157995.397085
-3776,3000,158006.824974
3324,3000,158018.044577
-10780,3000,158029.012231
-7052,3000,158039.566615
-4920,3000,158050.816187
-13976,3000,158061.994974
-5820,3000,158073.625671
-7656,3000,158084.422802
-10536,3000,158095.352477
-4844,3000,158106.048285
-7868,3000,158117.469697
-13600,3000,158128.842106
-2940,3000,158139.98251
-11764,3000,158151.481174
-7920,3000,158162.350726
-17988,3000,158173.885023
-20776,3000,158185.215762
-8128,3000,158196.310669
-12944,3000,158207.74059
-1064,3000,158218.678934
-10672,3000,158230.051877
-13984,3000,158240.833415
-10932,3000,158252.155247
-10636,3000,158262.761359
-12960,3000,158273.570626
-6096,3000,158283.987909
-10716,3000,158294.851362
-15348,3000,158305.913044
-5992,3000,158316.858681
-9704,3000,158327.625561
-4984,3000,158338.389397
-3776,3000,158349.623667
-2608,3000,158360.595476
-2004,3000,158371.408326
-2716,3000,158382.384447
2980,3000,158393.514609
-4860,3000,158404.408019
-7048,3000,158414.817414
-20908,3000,158425.877521
-11724,3000,158436.978297
-2680,3000,158448.254966
-13800,3000,158464.007084
-3948,3000,158475.446667
-5596,3000,158486.446172
-8288,3000,158497.295213
-3856,3000,158507.612145
-3740,3000,158518.908248
-9712,3000,158529.841838
-9752,3000,158541.140425
-3840,3000,158552.703619
-10740,3000,158563.94394
-2940,3000,158575.234375
-11152,3000,158585.563849
-876,3000,158596.593493
-13896,3000,158607.709213
-6608,3000,158618.153243
-4800,3000,158629.236753
-804,3000,158640.12464
-6932,3000,158651.734933
-7624,3000,158663.200095
-8748,3000,158673.820927
-6668,3000,158685.23509
-7580,3000,158696.474529
-12616,3000,158707.981244
-14040,3000,158719.100759
-3000,3000,158729.680379
-4856,3000,158740.77057
-4760,3000,158751.527597
-6152,3000,158762.296489
-9012,3000,158773.312359
-8260,3000,158784.268415
-20,3000,158794.725602
-7212,3000,158806.545634
-8920,3000,158817.129966
516,3000,158827.645366
-7068,3000,158839.28347
-8272,3000,158850.426044
-12148,3000,158861.31811
-756,3000,158872.588015
-5968,3000,158883.806563
-15936,3000,158894.744514
-13768,3000,158905.982723
-10532,3000,158917.384017
-3708,3000,158928.63598
-5016,3000,158940.174852
-12624,3000,158951.63809
-8868,3000,158962.904534
-3840,3000,158973.803184
-48,3000,158985.004885
-8820,3000,158995.972133
-15732,3000,159007.356858
-20612,3000,159018.576795
-6852,3000,159029.705679
-8100,3000,159040.039823
-9964,3000,159051.152352
1228,3000,159062.055166
-7988,3000,159072.872143
-3756,3000,159083.67091
-7900,3000,159094.758631
-11692,3000,159105.26403
-3012,3000,159116.506882
-8744,3000,159127.416361
-3200,3000,159138.272488
-4004,3000,159149.217187
-8768,3000,159160.342113
-4504,3000,159171.804127
-5920,3000,159182.618976
-19756,3000,159198.020775
-10920,3000,159209.031231
-2784,3000,159220.122478
-7580,3000,159231.370876
-3924,3000,159242.699224
-5004,3000,159253.109938
-11572,3000,159263.954196
-13996,3000,159274.782804
-13984,3000,159285.831264
-3784,3000,159296.747651
-4972,3000,159307.579856
-8688,3000,159318.781998
-9244,3000,159329.308247
-7776,3000,159340.217887
-2504,3000,159351.285712
-13328,3000,159362.063135
-2640,3000,159373.13943
-1864,3000,159384.401549
-9736,3000,159395.120947
-7116,3000,159405.735681
-15984,3000,159417.163491
-8608,3000,159428.267135
-4044,3000,159439.450788
-8252,3000,159450.41302
-6076,3000,159461.21463
-14996,3000,159472.238003
-11748,3000,159484.044004
-4944,3000,159494.953182
-12080,3000,159505.990655
-4668,3000,159516.549456
-8744,3000,159527.56625
228,3000,159539.140167
-6860,3000,159550.50676
-5792,3000,159561.083559
-8804,3000,159571.882196
-1920,3000,159583.786213
-744,3000,159594.813084
-7924,3000,159605.488096
-6928,3000,159616.626675
-6812,3000,159627.968431
-228,3000,159639.224667
-4696,3000,159650.830116
-5896,3000,159661.673288
-5880,3000,159672.287741
-4012,3000,159682.921782
-13628,3000,159694.36169
-2580,3000,159704.758253
-3164,3000,159715.507047
-8316,3000,159726.852835
-3696,3000,159737.941268
-5944,3000,159748.867075
-4456,3000,159760.093546
-13884,3000,159771.466145
-9832,3000,159782.054565
-11856,3000,159793.01719
-10864,3000,159803.918509
-12784,3000,159815.131227
-7616,3000,159826.020285
-9092,3000,159837.021395
-5936,3000,159847.996744
-4704,3000,159859.185434
-7856,3000,159870.039981
-1556,3000,159881.38016
-13744,3000,159892.162836
-5000,3000,159903.268647
-2980,3000,159914.079103
-4640,3000,159925.789274
-8716,3000,159941.055067
-6752,3000,159952.362947
-8820,3000,159964.196383
-10392,3000,159975.88681
-9944,3000,159986.942745
-12048,3000,159997.872084
2040,3000,160008.640916
-5568,3000,160020.391945
-4804,3000,160031.415734
-11836,3000,160042.314802
-4832,3000,160053.654041
6336,3000,160064.948132
-13928,3000,160075.328974
-6860,3000,160086.825165
-5732,3000,160098.512089
-4064,3000,160109.262347
-10940,3000,160120.538278
3432,3000,160131.708564
-7652,3000,160143.269415
2160,3000,160154.162985
-8932,3000,160165.193225
-12992,3000,160176.12768
-10788,3000,160186.504895
-8512,3000,160197.509855
-11940,3000,160208.430606
-12124,3000,160219.182389
-5736,3000,160230.139752
-9560,3000,160240.979863
-9860,3000,160252.071184
-4976,3000,160262.836059
-16860,3000,160274.151281
-5576,3000,160285.627273
-900,3000,160296.764239
-4772,3000,160307.823003
-752,3000,160319.150458
-12772,3000,160330.738534
-632,3000,160342.047736
-5852,3000,160352.846569
-2908,3000,160363.384211
-3956,3000,160374.475311
-4088,3000,160385.850365
-6680,3000,160396.972121
-4128,3000,160408.034052
-4924,3000,160418.673909
-1764,3000,160429.39972
-14768,3000,160440.190543
-2768,3000,160451.356477
-7892,3000,160462.500095
-10736,3000,160473.537719
-5804,3000,160484.396906
-9864,3000,160496.170004
-9100,3000,160507.230523
-5972,3000,160518.232404
-12780,3000,160529.716995
-9828,3000,160540.895696
-8016,3000,160551.756334
-5572,3000,160563.011009
-8968,3000,160574.159901
-12936,3000,160585.179909
-9436,3000,160596.794113
-8844,3000,160608.260224
-3716,3000,160619.751954
-5776,3000,160630.692557
-4528,3000,160642.015214
-5788,3000,160653.577747
-7476,3000,160664.329349
-4820,3000,160675.476466
-8836,3000,160691.512266
-8728,3000,160702.962357
-9004,3000,160713.842188
-8924,3000,160724.856458
-7740,3000,160736.611807
1456,3000,160748.257458
-14608,3000,160759.792032
-3772,3000,160771.138905
-4604,3000,160782.515026
-4916,3000,160793.250391
436,3000,160804.703308
-10956,3000,160815.559065
-7952,3000,160827.034236
-1652,3000,160837.964982
-1900,3000,160848.977842
2040,3000,160859.523837
-14928,3000,160871.185114
-4720,3000,160882.394059
-9772,3000,160893.031734
-9756,3000,160903.502236
-4992,3000,160914.328536
-16816,3000,160924.755401
-9048,3000,160935.182104
-8836,3000,160945.76903
-6888,3000,160956.752774
-11680,3000,160967.830807
148,3000,160978.946334
-13056,3000,160989.685158
-6800,3000,161000.806862
-8920,3000,161011.989093
-9024,3000,161022.925761
-4772,3000,161034.054396
-6968,3000,161045.420312
-16612,3000,161056.58158
-10224,3000,161066.908208
-7680,3000,161077.796491
3224,3000,161089.116004
-7632,3000,161100.367952
-5856,3000,161110.789215
-9700,3000,161121.633515
-16056,3000,161132.212521
228,3000,161143.344984
-11856,3000,161154.283333
-7160,3000,161165.25761
-6812,3000,161176.476258
-6096,3000,161187.230421
-3344,3000,161197.863452
-7720,3000,161208.575528
-7848,3000,161219.57502
-9780,3000,161230.62374
-12748,3000,161241.799685
-7560,3000,161253.19324
-5696,3000,161264.320172
-4908,3000,161276.20848
-16900,3000,161287.322799
-7772,3000,161298.471055
-5164,3000,161309.179853
-11828,3000,161320.463449
-864,3000,161331.5637
-2804,3000,161342.752392
-16664,3000,161354.049089
-5856,3000,161364.884319
-3972,3000,161375.654992
-9920,3000,161386.733237
-4736,3000,161397.706471
-14956,3000,161409.08844
-6544,3000,161425.230529
-932,3000,161436.033465
1140,3000,161447.800228
-13976,3000,161459.322464
-10776,3000,161470.782331
-6688,3000,161482.054318
-4016,3000,161492.939468
-4796,3000,161504.052514
-7400,3000,161515.561146
1164,3000,161526.738365
-18000,3000,161538.339191
-16048,3000,161549.737041
-7064,3000,161560.578898
-6936,3000,161571.581828
-7884,3000,161582.710813
-11616,3000,161594.378412
-4792,3000,161605.734106
2972,3000,161616.3663
-2116,3000,161627.113071
1300,3000,161638.093475
-1840,3000,161648.840088
-10976,3000,161659.694763
-4820,3000,161670.385048
-14120,3000,161681.437971
-8952,3000,161692.350756
1120,3000,161703.753518
-12616,3000,161715.051544
-9880,3000,161726.084773
-15804,3000,161737.108708
-7684,3000,161748.416515
-8732,3000,161760.084421
-14672,3000,161771.787284
-4728,3000,161782.685301
-8568,3000,161793.996578
-13064,3000,161804.714609
-3128,3000,161815.080634
-8576,3000,161826.23371
-1528,3000,161837.442442
-3516,3000,161848.746464
-11748,3000,161859.897825
-8900,3000,161871.057546
-9956,3000,161881.984567
-3884,3000,161892.818565
-2832,3000,161904.003372
-8600,3000,161915.584121
-8672,3000,161927.037557
-3852,3000,161937.451635
-7616,3000,161948.61019
-2876,3000,161959.515076
-1560,3000,161970.294362
36,3000,161980.910896
-13780,3000,161991.637941
132,3000,162002.283742
-11100,3000,162013.470461
-4848,3000,162024.403109
-13780,3000,162035.400828
-9012,3000,162046.972774
-1988,3000,162058.364464
-13868,3000,162069.230443
-4964,3000,162080.483341
2440,3000,162091.475861
-8708,3000,162102.002828
-4792,3000,162112.408836
-10036,3000,162123.546197
-12976,3000,162134.256693
-14204,3000,162145.163578
-8616,3000,162156.965357
-11964,3000,162172.514363
-9616,3000,162183.359977
-1560,3000,162194.395996
-6020,3000,162205.091693
-6952,3000,162216.30089
-3812,3000,162227.312216
-14084,3000,162238.014623
-8748,3000,162249.058614
-2672,3000,162260.146391
-8704,3000,162271.609553
-3976,3000,162282.166597
-8660,3000,162292.224503
-3600,3000,162302.43787
4588,3000,162312.822484
-10844,3000,162322.976011
-9980,3000,162333.250091
-10776,3000,162343.998762
-13360,3000,162354.403762
-4888,3000,162364.82504
-11764,3000,162375.501096
-4116,3000,162386.018546
-12152,3000,162396.58101
260,3000,162406.934123
-13860,3000,162417.357094
-6664,3000,162427.719505
-2668,3000,162437.779794
-3996,3000,162448.209604
-4848,3000,162458.906723
-1868,3000,162469.149539
-7492,3000,162479.751044
-6748,3000,162489.530762
-14960,3000,162499.667508
-15816,3000,162510.045071
-10832,3000,162520.578272
-4796,3000,162530.614651
-1856,3000,162540.893011
-19104,3000,162551.057793
-6140,3000,162561.453675
-8700,3000,162572.006718
-6712,3000,162582.924277
-940,3000,162593.193449
-6832,3000,162603.783289
-2560,3000,162615.035942
-22804,3000,162625.34519
272,3000,162635.389428
-6644,3000,162645.590353
-1100,3000,162655.896356
-6764,3000,162665.847006
-1240,3000,162675.588375
-6960,3000,162685.733071
-8672,3000,162695.754769
-16784,3000,162705.96337
-12024,3000,162716.459203
-6936,3000,162726.59033
-9640,3000,162737.049248
-8944,3000,162747.73145
-8148,3000,162757.939277
-17884,3000,162768.460641
-8948,3000,162778.306464
-3880,3000,162788.217577
-10852,3000,162798.225349
-9072,3000,162808.586863
-6592,3000,162818.922463
-10676,3000,162829.17294
-8832,3000,162839.606982
-6708,3000,162849.915153
3968,3000,162860.395374
-14912,3000,162875.026841
496,3000,162885.193091
-16136,3000,162895.619825
-6792,3000,162905.565956
-12992,3000,162916.327987
-988,3000,162926.510117
-9844,3000,162936.896469
-15740,3000,162946.719822
-3816,3000,162957.076183
-11784,3000,162967.691386
-5888,3000,162977.825128
3336,3000,162988.609005
-4012,3000,162998.927904
-9744,3000,163009.833362
-3608,3000,163019.844135
-4708,3000,163030.179566
-6812,3000,163040.150772
-11276,3000,163050.2969
-3112,3000,163059.892289
4084,3000,163069.759273
-5940,3000,163080.185616
-2664,3000,163090.300613
-9904,3000,163100.905153
-7624,3000,163111.244555
-8868,3000,163121.903011
-11864,3000,163132.211011
-17228,3000,163142.047331
-6764,3000,163152.760307
-4984,3000,163162.918823
-10684,3000,163173.40413
-9648,3000,163183.302194
-13788,3000,163193.441671
-6884,3000,163203.98628
-3604,3000,163214.076329
-14596,3000,163224.813633
-4964,3000,163234.941364
1540,3000,163245.063371
-4124,3000,163254.339806
-13572,3000,163264.082923
-13880,3000,163273.410158
-7684,3000,163282.948164
-6880,3000,163292.580972
-7888,3000,163302.491383
-640,3000,163312.336923
-5836,3000,163321.739972
188,3000,163331.534755
-856,3000,163341.507144
-7580,3000,163351.223289
-8556,3000,163361.314437
1032,3000,163370.548221
-11628,3000,163380.241271
-1888,3000,163389.868959
-9052,3000,163399.412907
-10180,3000,163409.139312
-11936,3000,163418.535134
-2096,3000,163428.126754
-10960,3000,163437.925667
-9000,3000,163447.570795
-1212,3000,163457.592736
-7692,3000,163467.088263
-8520,3000,163477.019602
-3952,3000,163486.815689
-4756,3000,163496.409176
-4716,3000,163505.806664
1396,3000,163515.700907
-10888,3000,163525.250339
-11604,3000,163538.47502
-5872,3000,163548.058812
-10936,3000,163558.213305
-7788,3000,163567.862578
-2704,3000,163577.667477
-8868,3000,163587.025619
-4416,3000,163596.908424
-8920,3000,163606.679551
-6880,3000,163616.243002
-2824,3000,163626.034963
-7576,3000,163635.769552
-16996,3000,163645.235123
-6132,3000,163654.944753
-1948,3000,163664.506514
-8576,3000,163674.297925
-6996,3000,163683.971718
4,3000,163694.063829
-3636,3000,163703.489491
-1692,3000,163713.460552
-6788,3000,163722.807426
-9860,3000,163732.405715
-3924,3000,163742.058589
2252,3000,163751.547483
-220,3000,163760.795431
-4196,3000,163770.658257
-5824,3000,163780.14114
-6544,3000,163789.69149
-8780,3000,163799.317275
-7644,3000,163809.426964
-13224,3000,163819.36637
-5992,3000,163828.800304
-10672,3000,163838.726585
-7136,3000,163848.140838
392,3000,163857.773867
3168,3000,163867.247231
-3572,3000,163877.158045
-8828,3000,163886.886422
-5644,3000,163897.026182
-15252,3000,163906.409097
-768,3000,163916.158873
-6916,3000,163925.760565
-5748,3000,163935.240882
-1084,3000,163945.184415
-1948,3000,163954.458745
-6028,3000,163964.174418
-9944,3000,163973.875399
-13004,3000,163983.427746
-7784,3000,163993.254056
-15124,3000,164003.152724
-16220,3000,164012.533515
-3636,3000,164022.246981
-2716,3000,164031.960073
-2852,3000,164041.258514
-13940,3000,164050.588551
-2920,3000,164059.856191
4192,3000,164069.37318
1292,3000,164078.525383
-4756,3000,164088.287626
-6812,3000,164098.342884
4144,3000,164107.576902
-3008,3000,164117.178751
-6872,3000,164126.987967
-7924,3000,164136.988765
-10456,3000,164146.907834
-15724,3000,164156.475454
-7664,3000,164166.448032
-6948,3000,164175.90331
-6768,3000,164189.403372
-8720,3000,164198.890811
-6856,3000,164208.086414
-2184,3000,164217.495797
-19828,3000,164227.352482
-6944,3000,164237.19173
-6956,3000,164246.737761
-10668,3000,164256.584577
-13148,3000,164265.77686
-2600,3000,164275.08789
-6912,3000,164285.060671
-7768,3000,164294.965902
-1808,3000,164304.456555
-14264,3000,164314.020787
-10456,3000,164324.114553
-6684,3000,164333.595201
-768,3000,164343.158863
-5912,3000,164352.804781
-8924,3000,164362.754918
-7812,3000,164372.285068
-4680,3000,164381.931137
-7000,3000,164391.431756
-4696,3000,164401.26047
-7024,3000,164410.806155
-6776,3000,164420.427444
-15080,3000,164429.995004
-11148,3000,164439.322004
352,3000,164448.734843
-9700,3000,164458.852023
-15848,3000,164468.419693
-3540,3000,164478.46683
-8800,3000,164487.983961
-9768,3000,164497.704136
-1528,3000,164507.681769
-7760,3000,164517.676689
-8880,3000,164527.342403
-5804,3000,164536.895197
1304,3000,164546.672635
-15088,3000,164556.594379
-6024,3000,164565.985849
-4824,3000,164575.539532
-11696,3000,164584.898727
-5928,3000,164594.225682
-5820,3000,164603.85259
-6820,3000,164613.492496
168,3000,164623.107525
-6732,3000,164632.630246
-16592,3000,164642.558505
-5696,3000,164652.004421
-5060,3000,164661.680969
-10920,3000,164671.344529
-4576,3000,164680.876755
-4972,3000,164690.56899
-3788,3000,164700.029047
-15468,3000,164709.686357
-16936,3000,164719.257691
-4664,3000,164728.948274
-7868,3000,164739.081808
-10812,3000,164749.006842
-6848,3000,164758.984963
-5568,3000,164768.918644
-5196,3000,164778.604928
-3740,3000,164788.066662
-8560,3000,164798.162815
-6380,3000,164808.682413
132,3000,164817.862119
-8724,3000,164827.631266
-1724,3000,164841.001237
-10636,3000,164850.857988
-8124,3000,164860.772247
-6832,3000,164870.203131
-4656,3000,164879.908939
-12584,3000,164889.757927
-564,3000,164899.65041
-4748,3000,164909.225605
-10612,3000,164919.00617
-16800,3000,164929.211927
-2844,3000,164939.234409
-5596,3000,164949.264098
-13664,3000,164958.883124
-2768,3000,164968.632113
-6568,3000,164978.473821
-12584,3000,164988.66236
-2972,3000,164998.363735
-5928,3000,165007.747866
-8864,3000,165017.14754
-920,3000,165027.009537
-10704,3000,165036.439723
-11656,3000,165046.355133
-6804,3000,165056.155451
-15224,3000,165065.726631
-6812,3000,165075.3482
-9196,3000,165084.926971
1484,3000,165094.960396
-6888,3000,165104.373556
-872,3000,165113.664634
-10620,3000,165123.540987
-5952,3000,165133.046202
-4608,3000,165143.147522
-14964,3000,165153.130761
-6796,3000,165162.918815
-11332,3000,165172.56128
-5208,3000,165182.647729
-4680,3000,165192.437992
-6904,3000,165202.803957
-8952,3000,165212.173019
-3840,3000,165221.865909
-4904,3000,165231.141804
-13836,3000,165241.054177
-7808,3000,165251.224493
-16992,3000,165260.823168
-8936,3000,165270.496764
-14460,3000,165280.760558
-17800,3000,165290.181708
-6424,3000,165299.524889
-8728,3000,165308.879519
-5780,3000,165318.851725
-8032,3000,165328.509714
-6932,3000,165338.367482
-4864,3000,165347.808283
-8868,3000,165357.245661
-1864,3000,165366.902
-2832,3000,165376.605851
-16508,3000,165386.472546
-8024,3000,165396.495988
456,3000,165406.048477
1744,3000,165415.501121
-3960,3000,165424.951044
-1744,3000,165434.487073
-9868,3000,165443.886302
-6880,3000,165453.83635
-5700,3000,165463.413135
-6012,3000,165472.54456
-4496,3000,165486.563625
-3756,3000,165496.237707
100,3000,165506.006221
-9608,3000,165515.859649
-4856,3000,165525.627118
-7884,3000,165535.468555
-12724,3000,165545.069315
-2656,3000,165555.087587
-15120,3000,165564.720504
-10776,3000,165574.697625
-14800,3000,165584.022226
-12088,3000,165593.965348
-11160,3000,165603.661473
1368,3000,165613.164289
-1672,3000,165623.045404
-9760,3000,165632.654558
1272,3000,165642.076049
-5744,3000,165651.664545
-7028,3000,165662.070598
-9000,3000,165671.67672
-4888,3000,165680.862261
-11092,3000,165690.480743
-8456,3000,165700.539996
-7728,3000,165710.606134
-2976,3000,165720.07976
-2748,3000,165729.909688
-9664,3000,165739.574725
-8268,3000,165749.124033
-2936,3000,165758.801865
-4884,3000,165768.744667
-19684,3000,165778.332201
-11880,3000,165787.764686
-11984,3000,165797.669913
-3124,3000,165806.951544
-6796,3000,165817.064735
5184,3000,165826.570745
-628,3000,165836.198555
-5088,3000,165845.969577
-5884,3000,165855.742173
-4560,3000,165865.411241
-2912,3000,165875.051703
-18996,3000,165884.6067
-11860,3000,165894.486951
-8716,3000,165904.068103
-852,3000,165913.480803
-14828,3000,165923.682947
-6704,3000,165933.057551
-1880,3000,165942.048601
-6028,3000,165951.721768
-15528,3000,165961.472951
-14792,3000,165971.421221
-9796,3000,165980.980492
-14784,3000,165990.599356
-8572,3000,166000.246288
-7636,3000,166010.193543
-3020,3000,166019.747752
-8160,3000,166029.477518
-10344,3000,166038.901148
-11940,3000,166048.281464
-4624,3000,166058.397846
-3932,3000,166068.045593
-2620,3000,166077.53046
-10660,3000,166087.069423
-6692,3000,166096.941294
-4908,3000,166106.687889
-11756,3000,166116.268611
-7580,3000,166125.812164
-8008,3000,166139.897069
-5592,3000,166149.289233
-2044,3000,166158.733588
-3836,3000,166168.623178
-3716,3000,166178.245239
-12936,3000,166187.674356
-4884,3000,166197.695471
-8868,3000,166207.478523
-3660,3000,166217.337331
-10716,3000,166226.798949
5252,3000,166236.977304
-8692,3000,166246.348456
-8720,3000,166255.923862
-7852,3000,166265.434221
-4760,3000,166274.850375
-4592,3000,166284.501093
-10920,3000,166294.440711
-1224,3000,166304.128285
-10136,3000,166313.764632
-8452,3000,166323.721482
-14104,3000,166332.891752
-5140,3000,166342.164377
3944,3000,166351.768952
-2960,3000,166361.531081
-1872,3000,166371.029401
-14788,3000,166380.902018
-2664,3000,166390.753273
-8364,3000,166400.684699
-4748,3000,166410.422723
-17088,3000,166419.715415
-11728,3000,166429.466976
-1088,3000,166438.900446
-12536,3000,166448.894268
-4732,3000,166458.955935
-5836,3000,166468.663451
1148,3000,166478.053103
-11116,3000,166487.674289
-9856,3000,166497.207174
-4176,3000,166506.733009
-11336,3000,166516.984132
-9992,3000,166526.254768
-12924,3000,166535.596497
-8720,3000,166545.267269
-11536,3000,166554.972747
-1716,3000,166564.819407
-9916,3000,166574.435781
-3764,3000,166584.095113
-13792,3000,166593.780397
-12828,3000,166603.301209
288,3000,166612.790627
-1840,3000,166622.275776
-7744,3000,166631.90013
-5812,3000,166641.723587
-6904,3000,166651.043624
-5052,3000,166660.67888
-10716,3000,166669.850784
-4096,3000,166679.26592
-13064,3000,166688.734936
-11816,3000,166698.275187
-11820,3000,166708.193127
-5856,3000,166717.801854
-10212,3000,166727.092706
-5920,3000,166736.726035
-8048,3000,166746.227715
-4036,3000,166756.3184
-7632,3000,166766.113785
-8860,3000,166775.616005
-9564,3000,166789.626847
-8068,3000,166799.408692
-8840,3000,166809.209773
-560,3000,166819.096424
-4576,3000,166828.656644
-12884,3000,166837.642354
-9676,3000,166847.1294
-7748,3000,166856.939061
-11772,3000,166866.251456
-988,3000,166875.713823
-16248,3000,166885.546854
-3596,3000,166895.234861
-1860,3000,166905.054559
-11616,3000,166914.658037
-2488,3000,166924.402425
-10668,3000,166934.184398
-3776,3000,166943.398721
-4832,3000,166952.748677
2416,3000,166962.49859
-8560,3000,166972.102415
-12896,3000,166981.401783
-5736,3000,166990.752176
-6580,3000,167000.79096
-6732,3000,167010.552266
1172,3000,167020.326774
-8772,3000,167030.117683
-16696,3000,167040.095905
-15016,3000,167049.813571
-7976,3000,167059.061673
-9928,3000,167068.814012
-1952,3000,167078.242407
-5888,3000,167087.696667
-7784,3000,167097.406102
-6856,3000,167107.024978
-7976,3000,167116.825998
-12876,3000,167126.424853
-6568,3000,167135.842556
-5248,3000,167145.51786
-4200,3000,167155.23635
-8160,3000,167164.993736
-2664,3000,167174.765481
-2536,3000,167184.981281
-4728,3000,167194.802913
-5872,3000,167204.582737
-7920,3000,167213.962925
-7996,3000,167223.552135
-19800,3000,167233.469404
-5728,3000,167243.183319
-5352,3000,167253.584929
-4060,3000,167263.061444
-9964,3000,167272.854372
-3916,3000,167282.784451
-9896,3000,167292.768144
-32,3000,167302.780113
-6696,3000,167312.62431
-17832,3000,167322.618972
-9020,3000,167332.110753
-8196,3000,167341.141471
-8256,3000,167350.742224
3204,3000,167359.850525
-14664,3000,167369.722956
-3732,3000,167379.438643
-4876,3000,167388.6763
-4960,3000,167398.153665
-7952,3000,167407.865239
-3012,3000,167417.318798
-9696,3000,167431.407708
-1892,3000,167441.259205
-7008,3000,167451.120628
-508,3000,167460.770468
-9976,3000,167470.417052
-9632,3000,167479.94964
-4760,3000,167489.571922
-744,3000,167499.121906
-11932,3000,167508.965955
-9096,3000,167518.170422
-2932,3000,167528.543073
-9456,3000,167538.896187
-6724,3000,167549.112545
3552,3000,167558.830668
-8632,3000,167568.288519
-8796,3000,167578.667768
-8964,3000,167588.557557
3152,3000,167598.15579
-10960,3000,167607.934852
-1696,3000,167617.581618
-4856,3000,167627.667675
-4964,3000,167638.130706
-6724,3000,167648.237519
-8268,3000,167658.34369
-5748,3000,167669.661016
-3960,3000,167680.271559
-2736,3000,167690.632909
-10896,3000,167700.815981
-7480,3000,167711.639779
-10948,3000,167722.113804
-3064,3000,167732.722456
28,3000,167743.854774
-1904,3000,167754.392603
-9508,3000,167766.234188
-1852,3000,167777.910332
-6584,3000,167789.651721
-1764,3000,167800.80394
-9660,3000,167812.781884
-3688,3000,167824.798316
-12804,3000,167837.531199
-6656,3000,167850.136482
-9840,3000,167863.446687
-9064,3000,167876.775727
-6972,3000,167889.729787
-7548,3000,167902.65473
-8624,3000,167915.288096
-16632,3000,167929.061797
-10700,3000,167942.987896
-12796,3000,167956.367904
-3860,3000,167969.714015
-12044,3000,167983.822587
-10724,3000,167998.115408
-3132,3000,168012.176898
-3532,3000,168026.296597
972,3000,168040.140874
-3828,3000,168054.643717
-228,3000,168069.281211
-3004,3000,168083.322441
-9084,3000,168096.705884
-9836,3000,168109.804507
-14948,3000,168123.377768
-11700,3000,168137.04462
-5800,3000,168150.738237
2172,3000,168164.614948
-6180,3000,168177.573456
-680,3000,168191.769345
-7780,3000,168205.387833
-11076,3000,168224.359279
-3076,3000,168237.624411
-4972,3000,168250.208193
-10012,3000,168263.743456
-5004,3000,168277.213271
-17760,3000,168289.846683
-8916,3000,168303.352787
-7304,3000,168317.540226
-11952,3000,168330.548644
-4716,3000,168343.62286
-11592,3000,168357.87383
-7432,3000,168371.658179
-5496,3000,168385.106405
-7708,3000,168397.782243
-7604,3000,168411.351908
-7776,3000,168425.249074
-8840,3000,168438.780816
80,3000,168453.194695
-6076,3000,168466.836332
-10556,3000,168480.870959
-13924,3000,168493.749092
-15116,3000,168505.791556
-1720,3000,168518.939517
-6596,3000,168531.884655
-2532,3000,168544.896187
-3624,3000,168557.339911
-1436,3000,168570.871507
-15812,3000,168584.251606
-5588,3000,168597.795909
-14656,3000,168609.628604
-8656,3000,168623.022801
-10740,3000,168636.182038
-12964,3000,168649.284873
-7876,3000,168662.610102
-1852,3000,168675.530532
-4732,3000,168688.981229
-10788,3000,168701.826366
-3016,3000,168713.903598
-14760,3000,168726.282706
-13744,3000,168739.320976
-5952,3000,168751.303478
-4836,3000,168763.923599
-7772,3000,168776.613606
-1852,3000,168789.277701
-3580,3000,168802.913063
-8584,3000,168815.953005
-4976,3000,168828.36835
-3916,3000,168842.008461
-13860,3000,168854.321304
-6772,3000,168867.592161
-12700,3000,168881.094109
-6780,3000,168893.944469
-5920,3000,168905.946342
-7944,3000,168919.325182
-1616,3000,168932.082469
-7844,3000,168945.176664
-4832,3000,168958.206382
3248,3000,168971.004739
-11088,3000,168983.955853
-8000,3000,168997.417674
-7056,3000,169009.918333
-10284,3000,169022.233652
-10796,3000,169034.713454
-728,3000,169047.239262
-5336,3000,169060.049175
-3056,3000,169072.415519
-9848,3000,169084.739796
-8812,3000,169102.778172
-3516,3000,169116.294742
-10920,3000,169130.033371
-12816,3000,169142.98905
-7872,3000,169156.048928
-12924,3000,169168.94322
-5708,3000,169182.297346
-1964,3000,169195.155042
-5088,3000,169208.189081
-4528,3000,169221.556243
-10940,3000,169233.80882
-9264,3000,169246.284346
-12512,3000,169259.175419
-15036,3000,169271.952412
-11000,3000,169284.625166
-14164,3000,169297.087985
-7968,3000,169309.770748
-3684,3000,169322.315511
-6984,3000,169335.637521
-7668,3000,169348.652464
-912,3000,169361.075092
-8000,3000,169373.341603
-7832,3000,169386.245184
-6992,3000,169399.089216
-13980,3000,169412.039582
-5020,3000,169424.668529
-8580,3000,169438.139903
-7852,3000,169450.97279
-5896,3000,169463.618514
-4460,3000,169477.018343
1952,3000,169489.791078
-4856,3000,169502.920121
1068,3000,169515.358866
-10816,3000,169528.006476
-4884,3000,169540.860605
-3720,3000,169554.281128
-6756,3000,169567.525758
-12656,3000,169580.796157
-5088,3000,169592.797193
-7640,3000,169605.964121
-14908,3000,169618.864831
-5852,3000,169631.830318
-3172,3000,169644.81344
-4772,3000,169658.179634
-10640,3000,169671.725162
-5512,3000,169684.87589
-4960,3000,169697.395106
-11100,3000,169710.077606
-5096,3000,169722.110921
-12880,3000,169734.83074
-452,3000,169747.641401
-14864,3000,169761.088743
-7056,3000,169773.395212
-6912,3000,169786.519451
-4968,3000,169799.269755
-7916,3000,169812.482841
-4024,3000,169824.690663
-3096,3000,169837.396146
-9788,3000,169850.581975
-16848,3000,169864.165122
-11192,3000,169876.720949
-10944,3000,169889.900875
-13908,3000,169902.72817
-5888,3000,169915.096106
-7640,3000,169927.350079
-16932,3000,169940.551911
-13872,3000,169958.706731
-14744,3000,169972.083045
-3004,3000,169984.894381
-6968,3000,169997.725604
548,3000,170010.662023
-7760,3000,170023.247406
-6724,3000,170036.020288
-8048,3000,170048.839749
-10792,3000,170061.242321
-8700,3000,170074.199127
-8864,3000,170086.787622
-6940,3000,170099.304681
-8600,3000,170111.756198
-1052,3000,170123.643699
-6796,3000,170136.425452
-7128,3000,170148.501578
-10764,3000,170162.027119
-12712,3000,170174.657317
-2784,3000,170186.726609
-8816,3000,170199.523302
-1792,3000,170212.074296
-6596,3000,170225.494949
-6560,3000,170238.51709
-4784,3000,170251.542848
-5716,3000,170264.765012
-7980,3000,170277.69768
-14024,3000,170290.501117
-5000,3000,170303.452322
-12764,3000,170316.801654
-5820,3000,170329.968088
-4412,3000,170342.028141
-10872,3000,170354.932056
-14824,3000,170367.68815
-7740,3000,170381.145919
-3744,3000,170393.147471
-12840,3000,170405.965195
-13196,3000,170418.594492
-8932,3000,170431.573529
-3752,3000,170444.182204
1428,3000,170457.504066
-3752,3000,170470.014889
-3784,3000,170482.641438
-11252,3000,170494.993219
-10784,3000,170507.083475
-3884,3000,170519.397557
-13840,3000,170531.684059
192,3000,170544.655209
-9036,3000,170557.202804
-11980,3000,170570.644972
-5756,3000,170583.607278
-8520,3000,170597.45523
-10672,3000,170609.754386
-9904,3000,170622.347683
-4640,3000,170635.338026
-5972,3000,170647.812269
-7848,3000,170659.892785
-9880,3000,170672.786505
-11016,3000,170684.907347
-4792,3000,170698.214189
-4020,3000,170710.942046
-15828,3000,170722.839851
-3652,3000,170735.722688
-7824,3000,170748.433001
-5812,3000,170761.173283
-6040,3000,170774.039
-8144,3000,170786.842926
-8968,3000,170799.939222
-9700,3000,170817.539932
1016,3000,170830.404257
-12924,3000,170843.041655
-5804,3000,170855.385478
-2696,3000,170868.171277
-1916,3000,170880.450004
-7544,3000,170892.781219
-2912,3000,170906.223796
-7856,3000,170919.434255
-5916,3000,170931.979101
-2764,3000,170944.499279
-18896,3000,170957.588198
-3624,3000,170969.819249
-4996,3000,170982.043673
-4124,3000,170994.942836
-6856,3000,171008.111701
-3928,3000,171020.351099
-3736,3000,171033.448941
-4964,3000,171046.222053
-7004,3000,171058.784965
-3088,3000,171070.201661
-2880,3000,171082.906579
-12872,3000,171095.891357
-9688,3000,171108.751216
-4708,3000,171122.091161
-8808,3000,171134.623904
-6888,3000,171146.46018
-10832,3000,171159.544397
-6092,3000,171172.663046
-15028,3000,171184.869154
-5864,3000,171197.433781
-9508,3000,171210.329674
-804,3000,171223.375825
-4748,3000,171236.239583
-5868,3000,171249.514737
-4484,3000,171262.140107
-10960,3000,171275.157087
-2768,3000,171287.844648
-10996,3000,171300.320209
-10036,3000,171313.235217
-7796,3000,171325.845306
-6888,3000,171339.11429
-8760,3000,171351.636476
-2132,3000,171364.273863
-8504,3000,171377.257794
-13924,3000,171390.214784
-9684,3000,171403.254144
-840,3000,171416.580028
-9952,3000,171429.466023
-4880,3000,171441.970381
-8712,3000,171455.073865
-4808,3000,171467.358629
-4576,3000,171480.058525
-9928,3000,171492.341097
-8408,3000,171505.635111
-6964,3000,171518.446823
-4524,3000,171531.057634
-8768,3000,171543.928939
-11696,3000,171556.590612
-18048,3000,171569.44909
-6080,3000,171582.142279
-15912,3000,171594.382766
-11788,3000,171607.255111
-3852,3000,171619.601037
-6624,3000,171632.769867
-12940,3000,171645.461952
-10868,3000,171657.858243
-5972,3000,171675.803987
-9804,3000,171689.206858
-10636,3000,171702.443129
-11056,3000,171715.237026
-7040,3000,171727.874656
-10692,3000,171740.633851
-1764,3000,171753.967015
-3872,3000,171766.086367
-7880,3000,171778.912921
-5756,3000,171792.230714
-4988,3000,171804.094055
-8684,3000,171816.794954
-8804,3000,171829.444073
-11568,3000,171842.109585
-3036,3000,171854.418009
-11696,3000,171867.651513
-15940,3000,171881.185344
-1836,3000,171894.163529
-4988,3000,171906.394993
-12544,3000,171919.578222
-9052,3000,171931.894561
-9960,3000,171944.51617
-7648,3000,171956.896471
-1840,3000,171970.144406
-5884,3000,171982.987185
-7788,3000,171996.303523
-7948,3000,172008.847406
-3940,3000,172022.125602
-8468,3000,172035.908131
-3716,3000,172049.26211
-9752,3000,172061.845627
-5108,3000,172074.543865
-8644,3000,172087.252588
-13696,3000,172099.941109
-544,3000,172112.697034
-12796,3000,172125.526113
-8768,3000,172138.463207
-13660,3000,172151.103384
-7820,3000,172164.362512
-8024,3000,172176.985039
-3376,3000,172189.496408
-2672,3000,172202.782174
92,3000,172215.19017
-8968,3000,172226.995601
1228,3000,172239.927215
-6636,3000,172252.828698
-4796,3000,172266.146791
6304,3000,172278.416663
-5648,3000,172291.375396
1232,3000,172304.196596
-2412,3000,172316.73152
-4924,3000,172329.612733
-7048,3000,172342.230584
-9016,3000,172356.079037
-4200,3000,172369.341031
-5756,3000,172383.059251
-3028,3000,172396.755138
-6808,3000,172411.051613
-14716,3000,172424.94389
-12048,3000,172438.494463
-6724,3000,172451.866659
-1852,3000,172464.510362
2460,3000,172477.827716
-12640,3000,172490.839549
-15884,3000,172504.057884
-10016,3000,172517.687482
-1908,3000,172535.615099
-828,3000,172548.908858
-52,3000,172562.414763
-7940,3000,172575.122533
-3876,3000,172588.418798
-10788,3000,172602.216624
-5904,3000,172615.298413
-8692,3000,172628.623261
-7796,3000,172642.075096
-7800,3000,172655.135422
-5824,3000,172668.863269
-5676,3000,172681.32747
-4876,3000,172695.183242
-3644,3000,172709.211823
-12940,3000,172722.760083
-9796,3000,172736.388614
-13720,3000,172750.111386
-8364,3000,172763.470955
-5792,3000,172776.31394
-528,3000,172789.18296
-852,3000,172802.064168
-6448,3000,172814.811514
-2764,3000,172827.983838
-8744,3000,172841.527761
-3844,3000,172853.273991
-2464,3000,172866.995014
-6988,3000,172880.415402
-6696,3000,172893.326718
-3740,3000,172905.997977
-3720,3000,172919.787116
-8920,3000,172932.99809
1464,3000,172946.962543
-9108,3000,172960.031185
-6632,3000,172973.351388
1300,3000,172985.772835
-13892,3000,172998.823046
-5776,3000,173012.429595
-6928,3000,173025.590847
-11904,3000,173038.96354
-7012,3000,173051.780003
-13636,3000,173064.726848
-16852,3000,173077.255574
-1868,3000,173090.443135
-10732,3000,173103.929912
-6968,3000,173117.146049
-18864,3000,173130.058105
-8508,3000,173143.675668
2276,3000,173156.596519
-6900,3000,173170.121191
-8872,3000,173183.130198
-9020,3000,173195.700202
-9696,3000,173209.371992
3112,3000,173223.28566
-21800,3000,173236.781924
-4784,3000,173250.033705
-7784,3000,173263.665165
-12636,3000,173276.626494
-7488,3000,173289.946898
2072,3000,173303.559448
-11764,3000,173316.84072
-4428,3000,173329.190835
-5564,3000,173342.537996
-2796,3000,173356.234999
-1960,3000,173369.352469
-13032,3000,173382.084302
-10716,3000,173395.512731
-5460,3000,173409.227561
-5820,3000,173428.145867
-7064,3000,173440.902944
-6864,3000,173453.705048
-9800,3000,173466.460848
-9696,3000,173479.813454
-3892,3000,173493.061636
-10848,3000,173506.005766
-12832,3000,173519.05881
-5660,3000,173531.698563
-3704,3000,173544.74498
-4656,3000,173556.699985
-2672,3000,173569.456026
-11968,3000,173582.369041
-704,3000,173595.107723
-1588,3000,173607.627417
-8736,3000,173620.956194
-4544,3000,173633.6533
-2960,3000,173645.630225
-12088,3000,173658.048739
-13980,3000,173671.154399
-8760,3000,173683.46005
-5696,3000,173695.84576
-14776,3000,173709.084485
-7780,3000,173722.871869
-7904,3000,173735.339648
-1540,3000,173748.63466
-3612,3000,173761.479445
-5912,3000,173774.031349
-2976,3000,173786.982563
404,3000,173799.257518
-18800,3000,173812.425878
-3884,3000,173825.451169
-3608,3000,173838.232677
-7648,3000,173851.793553
-12148,3000,173864.183285
-10016,3000,173876.652222
-6640,3000,173889.44206
-10704,3000,173902.094827
-10592,3000,173914.152107
-8848,3000,173926.7263
-2932,3000,173939.256189
-16056,3000,173952.303746
296,3000,173965.159104
-7116,3000,173978.27112
-5060,3000,173990.485714
-5644,3000,174003.749331
-9700,3000,174016.479311
-8740,3000,174029.705369
-5684,3000,174042.694904
-4724,3000,174054.982848
-9288,3000,174067.700882
-1788,3000,174080.477296
-6684,3000,174092.885767
-4436,3000,174105.832229
-932,3000,174118.67152
-9720,3000,174130.662418
-8736,3000,174143.597027
200,3000,174156.556996
-5772,3000,174169.218179
-4,3000,174182.24287
-12008,3000,174194.495503
-4616,3000,174207.553967
-3000,3000,174219.900142
-7596,3000,174232.649555
-1748,3000,174245.088374
-10864,3000,174258.397246
-6896,3000,174271.372657
-5844,3000,174289.917356
-8804,3000,174302.458344
-7524,3000,174315.022741
-7700,3000,174328.363387
144,3000,174340.969939
-5848,3000,174353.690973
1164,3000,174366.288815
-5692,3000,174379.41712
-10988,3000,174392.416016
-3944,3000,174405.552055
-9776,3000,174417.895739
-9708,3000,174431.484643
-6952,3000,174444.788842
-7584,3000,174459.030535
-12700,3000,174472.570249
-6732,3000,174486.064343
-9316,3000,174499.453943
-2904,3000,174512.629949
-2728,3000,174525.376933
-2884,3000,174538.795549
-9784,3000,174551.87366
-5800,3000,174564.050287
2200,3000,174577.283016
-4548,3000,174590.037692
-11996,3000,174601.969237
-7036,3000,174615.067194
-6100,3000,174627.636996
-10896,3000,174641.284082
-2992,3000,174654.966323
-6060,3000,174667.421508
-7060,3000,174679.891199
-11876,3000,174692.9254
-6904,3000,174705.722752
-11528,3000,174719.039273
-19900,3000,174732.25045
-10808,3000,174745.389876
-7104,3000,174758.514423
-3720,3000,174770.553405
-4732,3000,174783.881783
-7768,3000,174797.109562
-5940,3000,174809.69925
-8168,3000,174823.262705
-10888,3000,174835.806538
-612,3000,174849.242132
-1760,3000,174862.244835
-1816,3000,174875.170187
-10224,3000,174887.561283
-11772,3000,174901.041697
-15000,3000,174914.159199
-12264,3000,174926.544205
-19068,3000,174940.216182
-13048,3000,174953.512966
-4892,3000,174966.752666
-9008,3000,174979.241451
-3784,3000,174991.75711
-18412,3000,175003.882055
-10784,3000,175016.464437
-2924,3000,175029.450315
2332,3000,175041.795326
-2792,3000,175054.835585
-1932,3000,175067.908826
-12920,3000,175080.742604
-15420,3000,175093.521636
-12564,3000,175107.325033
-2548,3000,175120.818991
-9844,3000,175134.222561
-40,3000,175152.578213
-19736,3000,175167.032574
-5196,3000,175180.169817
-6780,3000,175192.588955
-6976,3000,175204.861946
-11692,3000,175217.571638
-5832,3000,175229.612503
-12776,3000,175241.609046
-8956,3000,175254.393564
188,3000,175266.524078
-15800,3000,175279.011022
-680,3000,175291.987564
-17184,3000,175303.311673
-1972,3000,175315.437212
-3932,3000,175328.537769
-7288,3000,175341.407598
-7636,3000,175354.274747
-11660,3000,175366.020264
-7684,3000,175378.666012
-1180,3000,175390.015505
-7832,3000,175401.46462
-9848,3000,175412.880542
212,3000,175424.478856
-9668,3000,175436.311343
-16788,3000,175449.824049
-2464,3000,175462.323128
-6696,3000,175474.409454
-8072,3000,175486.954734
-4868,3000,175498.493949
-4124,3000,175510.192399
-7980,3000,175522.230675
-6092,3000,175533.046759
-6748,3000,175545.215559
-6976,3000,175557.007684
-8560,3000,175570.094903
-3932,3000,175582.096143
-4424,3000,175593.968736
-12756,3000,175605.589329
-812,3000,175618.427368
-8920,3000,175630.641379
-5912,3000,175642.961093
-8652,3000,175654.579501
-8580,3000,175666.943053
-1612,3000,175678.781382
-12680,3000,175690.58417
-6784,3000,175702.827206
-13848,3000,175714.974609
-8848,3000,175727.093485
-8860,3000,175738.62891
-7708,3000,175750.891146
-14940,3000,175763.712838
-17740,3000,175775.262646
-5000,3000,175787.764657
-8520,3000,175799.937619
-2992,3000,175812.677112
-3232,3000,175825.612202
-6776,3000,175838.170774
-14852,3000,175850.0165
600,3000,175862.228517
-12532,3000,175874.14684
-18072,3000,175885.754856
-8928,3000,175897.559548
-6852,3000,175909.889654
-3732,3000,175921.450199
-1628,3000,175933.154632
-3804,3000,175945.625178
-5976,3000,175956.322753
-5816,3000,175973.791575
-12968,3000,175985.836406
-6924,3000,175997.831408
-10368,3000,176010.483211
-6992,3000,176022.465243
-4684,3000,176034.48748
-3028,3000,176046.273418
-8884,3000,176057.968784
-11700,3000,176069.777753
-9104,3000,176081.941991
-5776,3000,176094.005775
-14012,3000,176105.646776
-5760,3000,176117.924955
-6828,3000,176130.478637
-24000,3000,176142.170341
-9756,3000,176154.372264
-12752,3000,176166.737717
-6092,3000,176178.223898
-9024,3000,176190.379297
-20636,3000,176202.196022
-7800,3000,176213.783715
-5628,3000,176226.977721
-4936,3000,176238.583696
-10040,3000,176251.054503
-7216,3000,176263.600355
-4768,3000,176276.529038
-9172,3000,176287.838684
-3620,3000,176300.229389
-13652,3000,176312.924669
-9656,3000,176325.645552
-6908,3000,176337.785175
-7580,3000,176349.459624
-7264,3000,176361.16061
-11708,3000,176372.954338
-10760,3000,176385.472297
-11008,3000,176397.145764
-16796,3000,176409.310504
-11676,3000,176421.974677
-2944,3000,176433.712222
-2692,3000,176446.374236
-7936,3000,176457.698399
-7752,3000,176470.061679
-6856,3000,176482.855598
-1472,3000,176494.995869
-7828,3000,176508.106207
-6956,3000,176520.43102
-13972,3000,176532.917211
-9908,3000,176545.168447
-11184,3000,176556.853039
-6080,3000,176568.454214
-820,3000,176579.681796
-9788,3000,176591.292387
-13792,3000,176603.960375
-3796,3000,176616.502678
-3896,3000,176628.430595
-8840,3000,176639.967529
-8140,3000,176652.021904
-21584,3000,176663.54431
-8940,3000,176675.606491
-804,3000,176687.819894
-8516,3000,176700.358405
-12732,3000,176712.842349
-6884,3000,176725.105038
-4908,3000,176736.943085
-860,3000,176749.06201
-12896,3000,176761.880225
-5880,3000,176775.160084
-7232,3000,176792.858167
-5988,3000,176805.36682
-2856,3000,176818.741549
-11796,3000,176831.432641
-9760,3000,176844.468615
-8864,3000,176857.262452
-2708,3000,176870.229468
-2988,3000,176883.103413
-5684,3000,176895.474799
-7684,3000,176907.837331
-8952,3000,176920.176904
-3676,3000,176932.376684
-792,3000,176944.843127
-2784,3000,176956.871562
-3984,3000,176969.187625
-4616,3000,176980.720128
-8676,3000,176993.25014
-6812,3000,177005.05341
-12964,3000,177017.529873
-6612,3000,177030.088476
-12908,3000,177042.466055
-7764,3000,177054.894114
-8972,3000,177067.231877
-6748,3000,177080.142757
-5988,3000,177092.3761
-9872,3000,177104.55077
-7736,3000,177117.412836
-9880,3000,177129.551713
-5636,3000,177142.106224
-6820,3000,177154.390732
-6908,3000,177166.476886
-8948,3000,177178.581943
16,3000,177190.289001
-6888,3000,177203.06369
-2548,3000,177216.164957
-14008,3000,177228.111739
-6708,3000,177239.998
-4956,3000,177251.77663
-6712,3000,177264.626834
-7692,3000,177276.62667
-1872,3000,177288.117235
-8724,3000,177300.401357
-4088,3000,177312.396513
-10808,3000,177323.640456
-6640,3000,177335.305761
-11744,3000,177347.277032
-4960,3000,177358.713591
-5196,3000,177370.544148
-844,3000,177381.990672
-8920,3000,177393.516707
-12032,3000,177405.440591
-10032,3000,177416.963209
-2780,3000,177428.382836
-3940,3000,177441.120305
-11180,3000,177453.023274
-12924,3000,177464.712262
-2672,3000,177476.198882
-8552,3000,177488.693557
-1896,3000,177500.518288
-7504,3000,177511.975104
-3008,3000,177523.909346
-6908,3000,177536.553788
-10744,3000,177549.420889
-1688,3000,177561.730543
-8724,3000,177573.95258
-9996,3000,177586.212238
-2604,3000,177603.546679
-8028,3000,177616.65234
-3528,3000,177628.913903
-756,3000,177642.079465
144,3000,177653.975919
-9828,3000,177666.206676
-11916,3000,177678.857152
-11584,3000,177691.259295
-2860,3000,177703.141892
-9928,3000,177715.765977
96,3000,177727.364611
-936,3000,177739.433099
-5564,3000,177751.639854
-14172,3000,177763.75812
-3488,3000,177775.28391
-8780,3000,177788.396641
-2568,3000,177800.283187
-3748,3000,177813.24753
-4044,3000,177825.789167
-6964,3000,177838.415278
-7968,3000,177850.261918
-12468,3000,177861.863361
-3520,3000,177874.416884
-10396,3000,177886.004254
-10108,3000,177897.478268
1264,3000,177909.734415
1256,3000,177920.93837
-3600,3000,177933.267664
-768,3000,177945.514122
-8860,3000,177958.566422
-4764,3000,177970.104461
-10756,3000,177982.335381
-13700,3000,177994.859982
-5852,3000,178007.138513
-10916,3000,178019.60652
-11036,3000,178031.87466
-6740,3000,178044.581519
-18052,3000,178056.461708
-9888,3000,178068.546326
-7940,3000,178080.641618
-4804,3000,178092.652999
-6616,3000,178105.633812
-5704,3000,178118.405221
-8644,3000,178131.070867
-9008,3000,178143.171519
-9816,3000,178155.752028
-9172,3000,178167.159069
-4516,3000,178179.655405
-512,3000,178192.158023
-5820,3000,178203.392301
-2836,3000,178215.548211
-5568,3000,178227.646406
-20920,3000,178239.441422
-1560,3000,178250.811053
-9708,3000,178263.754559
-11956,3000,178275.403338
-3248,3000,178287.404345
-4824,3000,178299.722317
-9648,3000,178311.953282
-5652,3000,178324.047238
-11052,3000,178335.985139
-5784,3000,178347.866827
-3792,3000,178359.724753
-1800,3000,178371.450618
-4968,3000,178383.548255
-10936,3000,178395.278117
-2564,3000,178407.854545
-5812,3000,178425.174145
-11048,3000,178435.995241
-5640,3000,178448.035049
1404,3000,178459.891544
-11840,3000,178472.450116
-1496,3000,178485.163607
-12820,3000,178497.097659
-5820,3000,178508.456731
-3920,3000,178520.129317
-7368,3000,178531.880111
-1844,3000,178543.848139
-3792,3000,178555.182949
-2004,3000,178567.230557
-5892,3000,178579.508817
-3316,3000,178591.785566
-8740,3000,178604.017371
-2752,3000,178615.6946
-6616,3000,178627.230543
-3772,3000,178639.672894
-9000,3000,178651.470169
-5836,3000,178663.062818
-6228,3000,178673.990196
-12928,3000,178686.374799
-10816,3000,178698.015034
-6016,3000,178709.75757
-6032,3000,178722.170242
-7772,3000,178734.311334
-6684,3000,178746.650177
-6852,3000,178758.457571
-11804,3000,178769.340313
-2552,3000,178781.553063
-11764,3000,178793.511188
-5972,3000,178805.284371
-11928,3000,178816.613163
-4240,3000,178828.516995
-11840,3000,178840.953163
-6500,3000,178853.059968
-8672,3000,178864.417517
-5696,3000,178876.630826
-4588,3000,178888.507146
-9924,3000,178899.656716
-10656,3000,178912.771628
-6880,3000,178924.871047
-13856,3000,178936.449899
-6976,3000,178948.959426
-11716,3000,178961.56725
-6816,3000,178972.699539
-2956,3000,178984.275515
-1568,3000,178996.463541
-7928,3000,179007.990768
96,3000,179019.469753
-2696,3000,179031.238777
-8764,3000,179043.547087
-11808,3000,179055.811255
-4944,3000,179067.993147
-3436,3000,179080.230774
-4816,3000,179091.810925
-7036,3000,179103.443223
-7960,3000,179115.579393
-7520,3000,179128.045392
-8656,3000,179140.027062
-3140,3000,179151.765937
-6632,3000,179163.400368
-11896,3000,179175.539843
-12620,3000,179187.532719
-8876,3000,179199.752026
2184,3000,179211.791342
-10636,3000,179228.14407
-9736,3000,179239.613889
-6944,3000,179250.377897
-5900,3000,179262.64194
-8584,3000,179275.436355
-9036,3000,179287.935405
-8096,3000,179300.131566
-10644,3000,179311.992458
416,3000,179323.968989
-6476,3000,179336.221097
-7640,3000,179348.248349
-5808,3000,179360.5156
-9820,3000,179373.325962
-6964,3000,179385.242282
-10048,3000,179396.682029
-7888,3000,179407.411206
-8788,3000,179419.302034
-18928,3000,179431.427133
1952,3000,179443.498801
-13960,3000,179455.554428
-17832,3000,179467.948584
-2860,3000,179480.200778
-4920,3000,179492.150819
-8152,3000,179504.006409
-15472,3000,179516.332474
-13008,3000,179527.90783
-15996,3000,179539.248466
-4488,3000,179550.924856
-2776,3000,179563.031887
-2716,3000,179574.537099
-9740,3000,179586.360831
-10844,3000,179598.241236
1292,3000,179610.269276
-2664,3000,179621.68678
-5768,3000,179634.151386
-5776,3000,179646.292176
-7068,3000,179658.221325
-7688,3000,179670.034689
-9880,3000,179682.591438
-10768,3000,179694.556015
-7948,3000,179706.420745
-4840,3000,179718.110368
-6016,3000,179729.511403
-5200,3000,179741.052896
-10644,3000,179753.625823
-3604,3000,179766.363373
-8764,3000,179778.584308
-11012,3000,179790.250253
-9048,3000,179801.66754
-12908,3000,179814.452067
-4776,3000,179826.559289
-9636,3000,179838.687016
-4816,3000,179850.156007
-8048,3000,179862.162895
-8292,3000,179873.974795
2004,3000,179885.653207
-2780,3000,179898.044608
-19012,3000,179910.179204
-2724,3000,179921.412583
-9900,3000,179933.400914
-5620,3000,179946.496274
-844,3000,179958.636401
-4764,3000,179970.465384
260,3000,179981.70435
5532,3000,179993.647979
-7820,3000,180005.37134
-7100,3000,180021.943651
-5804,3000,180033.371163
-6760,3000,180045.791148
-11596,3000,180057.392774
-6988,3000,180069.435423
-1216,3000,180080.503772
-3052,3000,180092.206905
-4992,3000,180104.046739
-3320,3000,180116.575708
-4564,3000,180128.370681
-9024,3000,180140.70893
-9956,3000,180152.695938
-5740,3000,180164.849748
-12256,3000,180177.895317
-21004,3000,180190.063803
-5964,3000,180202.325944
-14076,3000,180213.773571
1124,3000,180225.135009
-14024,3000,180237.391232
-8000,3000,180248.280198
-9036,3000,180260.002264
-10972,3000,180270.963892
-8060,3000,180282.561519
-11924,3000,180294.0748
-4748,3000,180305.980321
-580,3000,180317.949436
-2864,3000,180329.742736
-18312,3000,180341.344567
-13820,3000,180353.257394
-6912,3000,180365.089761
2320,3000,180375.718023
-7540,3000,180386.994485
-3404,3000,180399.154119
-2884,3000,180410.720634
-6172,3000,180422.181823
-3884,3000,180433.775351
-7876,3000,180445.152089
-12716,3000,180457.070048
-2768,3000,180468.663806
-11016,3000,180480.370011
-3908,3000,180493.003213
-20924,3000,180504.541367
-8916,3000,180516.530497
-10708,3000,180528.300146
-7760,3000,180540.243681
-9916,3000,180552.078022
-6012,3000,180564.725976
2336,3000,180576.959372
-9876,3000,180589.207662
-8796,3000,180600.874616
-2932,3000,180612.942823
-1796,3000,180625.08496
-4520,3000,180637.114024
-12936,3000,180649.322076
-9128,3000,180660.981933
-3884,3000,180672.335291
-6984,3000,180684.585023
-11644,3000,180696.786837
-13860,3000,180707.980907
-5708,3000,180720.113274
-2176,3000,180732.314587
-4660,3000,180744.727844
-12824,3000,180756.264745
-11496,3000,180768.157532
-2844,3000,180779.785841
-5756,3000,180792.572283
-920,3000,180804.220212
-3752,3000,180821.473305
-5680,3000,180833.463491
-6116,3000,180844.570074
-8648,3000,180856.462892
-8544,3000,180868.919416
-4828,3000,180880.276972
-4692,3000,180892.179312
-860,3000,180904.241918
-10948,3000,180916.054828
-12708,3000,180927.724259
-848,3000,180939.027454
-10324,3000,180950.764019
-5220,3000,180962.103741
-2552,3000,180974.755963
-11228,3000,180986.648413
-15064,3000,180998.759301
-8864,3000,181010.688829
-4784,3000,181022.604145
-10000,3000,181034.746753
4284,3000,181047.224177
-3856,3000,181058.454781
-1832,3000,181069.858985
-1668,3000,181081.885087
3036,3000,181093.840663
-4604,3000,181105.847656
-6788,3000,181117.389957
-11780,3000,181129.231233
-2600,3000,181140.981873
-2848,3000,181152.117262
-9908,3000,181164.208414
-4876,3000,181176.067679
-4732,3000,181188.354514
-14920,3000,181200.287043
-7872,3000,181211.777504
-5696,3000,181224.473189
-796,3000,181236.338152
-4788,3000,181247.689554
-11408,3000,181260.052891
-4144,3000,181270.797087
-7324,3000,181283.034492
-5644,3000,181295.109419
-4860,3000,181306.93983
-4936,3000,181318.58505
-4400,3000,181331.281262
-7880,3000,181343.700856
-6900,3000,181355.802282
-3936,3000,181367.14859
-4764,3000,181379.065074
-888,3000,181390.546449
-7900,3000,181402.179046
-11800,3000,181414.218852
-7720,3000,181426.213037
-6652,3000,181437.523319
-724,3000,181450.202076
-7748,3000,181462.520605
-6672,3000,181474.626994
-6568,3000,181487.039176
-6592,3000,181499.462111
-7724,3000,181511.917802
-2704,3000,181523.55709
-3860,3000,181535.559312
1200,3000,181547.209413
-6852,3000,181559.659309
-9948,3000,181571.653291
-6708,3000,181583.455293
-3544,3000,181595.470252
-8064,3000,181607.000008
-14760,3000,181623.44142
-11968,3000,181634.63896
-8484,3000,181647.585696
-7028,3000,181659.504011
-13964,3000,181670.728243
-6808,3000,181682.810103
-7916,3000,181695.031828
-9592,3000,181707.897036
-4720,3000,181719.799648
-19908,3000,181732.653329
-6776,3000,181744.880436
-5872,3000,181757.508906
-5604,3000,181769.989684
-8864,3000,181782.35158
-15832,3000,181794.065158
-2980,3000,181806.092801
-3800,3000,181817.970566
-2152,3000,181829.683383
-6864,3000,181841.770245
-1668,3000,181854.06728
-3976,3000,181865.701892
-16036,3000,181877.641229
-11932,3000,181889.122956
-8596,3000,181900.851802
-7212,3000,181912.710799
-1932,3000,181925.000246
-5532,3000,181937.135252
-2780,3000,181949.628151
-11492,3000,181961.564671
-3720,3000,181973.631506
-6872,3000,181986.149938
-11796,3000,181999.010152
-2620,3000,182011.185937
-9104,3000,182023.226884
-11004,3000,182035.316101
-7740,3000,182046.972499
156,3000,182058.781858
-7988,3000,182070.171448
-7744,3000,182082.224652
-5752,3000,182094.683292
-7664,3000,182107.66961
-8928,3000,182119.676311
-9112,3000,182131.76206
-2732,3000,182143.777875
-8808,3000,182155.832283
-10960,3000,182167.616174
-8912,3000,182179.519702
-8716,3000,182191.472449
-12720,3000,182203.127822
-5792,3000,182214.8205
-8952,3000,182226.809075
-4996,3000,182238.871253
-1348,3000,182250.385573
-7984,3000,182262.483355
3220,3000,182273.962961
-4880,3000,182286.113049
-8892,3000,182297.443981
-8984,3000,182309.267494
-3780,3000,182320.993755
-4656,3000,182333.2932
-17936,3000,182345.442744
-9860,3000,182357.467167
-19724,3000,182368.433596
-5036,3000,182380.195655
-10796,3000,182392.513542
-5568,3000,182403.976012
-13036,3000,182421.605049
-6716,3000,182433.073917
-6672,3000,182444.431524
-5464,3000,182456.647011
-9920,3000,182468.963435
-6096,3000,182480.558778
-4988,3000,182492.731293
164,3000,182504.196284
-5120,3000,182516.181126
-8580,3000,182528.552969
-5132,3000,182539.602691
-4004,3000,182551.607667
-8028,3000,182563.55849
-4676,3000,182575.76496
-4740,3000,182588.373469
1396,3000,182600.31872
-4844,3000,182612.807753
-8064,3000,182624.343774
-7532,3000,182635.643236
-1988,3000,182647.88685
-13220,3000,182659.512868
-8872,3000,182671.254529
-5800,3000,182682.786009
984,3000,182694.655464
-8620,3000,182705.778765
-2820,3000,182718.37551
-15740,3000,182730.023563
-3996,3000,182741.581504
-6996,3000,182753.811538
-8792,3000,182765.324103
-8612,3000,182777.13995
-5136,3000,182789.076454
-7828,3000,182800.04564
-13496,3000,182811.957194
-15312,3000,182823.737182
-10920,3000,182835.792838
-3808,3000,182847.337692
-9908,3000,182859.86208
-7556,3000,182872.187277
-7880,3000,182884.196442
-19736,3000,182896.336159
-5856,3000,182907.602235
-7560,3000,182920.280954
-8724,3000,182932.444393
532,3000,182944.1008
-3028,3000,182955.234491
-4824,3000,182967.832612
-2464,3000,182980.483544
-4604,3000,182992.669582
-1928,3000,183004.388451
-900,3000,183016.001355
-11672,3000,183027.832102
-4216,3000,183039.44971
-8844,3000,183051.905605
-6872,3000,183063.704052
-12796,3000,183075.663638
-5496,3000,183087.653481
-8920,3000,183099.282293
-6948,3000,183111.095199
-9892,3000,183122.955651
-8704,3000,183135.046681
-8824,3000,183147.120486
-11040,3000,183158.675227
-9728,3000,183169.982468
-9596,3000,183181.353355
-7744,3000,183193.207307
-7932,3000,183205.329481
12180,3000,183226.249037
12368,3000,183237.33067
12400,3000,183248.894351
12512,3000,183259.633826
12672,3000,183269.822358
