#{"t_start": 1676137631.0586042, "env_id": null}
r,l,t
3182,3000,15.030336
3258,3000,30.305757
3032,3000,46.180326
2666,3000,62.009705
3522,3000,76.996478
2808,3000,92.801846
3218,3000,107.94443
3264,3000,123.84216
3024,3000,139.389806
2614,3000,154.477719
3630,3000,169.824984
3040,3000,184.951619
3270,3000,200.715274
2978,3000,215.676572
3452,3000,231.074609
3406,3000,247.153684
3354,3000,262.543712
3170,3000,278.763587
3040,3000,294.43275
3370,3000,309.240813
2836,3000,325.226421
3210,3000,340.189043
2958,3000,355.350079
2584,3000,370.486705
3186,3000,386.114634
3296,3000,400.961665
3232,3000,417.274153
3348,3000,432.976213
2762,3000,448.974389
3332,3000,465.076344
3210,3000,480.957402
3164,3000,496.420868
2880,3000,512.080685
3092,3000,527.454699
3810,3000,543.560969
3524,3000,559.229872
3076,3000,574.661452
3540,3000,589.875703
3024,3000,605.57664
3576,3000,621.173535
3264,3000,636.64263
3268,3000,652.330455
3238,3000,668.31427
3502,3000,683.916697
3644,3000,698.818702
3576,3000,713.99466
3524,3000,730.713945
3622,3000,746.114429
3208,3000,761.083848
3274,3000,776.22022
3724,3000,791.872192
3002,3000,807.243865
3290,3000,824.008313
3884,3000,839.635952
3378,3000,856.470851
3064,3000,873.884363
3330,3000,892.500226
3416,3000,910.001751
3104,3000,927.960609
3808,3000,946.879605
3102,3000,964.757599
3466,3000,983.100734
3832,3000,1001.992239
3216,3000,1019.486712
3320,3000,1037.132271
3348,3000,1054.904101
2904,3000,1090.582988
3432,3000,1108.912464
3082,3000,1127.202352
3548,3000,1144.896392
3498,3000,1162.543287
3286,3000,1181.205742
3270,3000,1200.635002
2716,3000,1218.74591
3736,3000,1236.809835
3232,3000,1255.07547
3808,3000,1273.171561
3454,3000,1291.628231
3572,3000,1309.150599
2702,3000,1327.866171
3012,3000,1345.86675
2922,3000,1365.828042
3558,3000,1384.376814
3512,3000,1402.641741
3652,3000,1420.842163
3684,3000,1438.777171
3020,3000,1457.029316
3808,3000,1474.820557
3454,3000,1493.402984
3496,3000,1510.636115
3614,3000,1529.189927
3862,3000,1547.798411
3388,3000,1566.324022
3474,3000,1585.324691
3960,3000,1603.431867
3644,3000,1621.095207
3310,3000,1639.730861
3678,3000,1657.437244
2914,3000,1674.865647
3110,3000,1694.057999
3600,3000,1712.534763
3132,3000,1731.06378
3536,3000,1749.239861
3824,3000,1767.401347
3366,3000,1785.475825
3424,3000,1804.091562
3676,3000,1822.544592
3486,3000,1841.116064
3384,3000,1859.711591
3618,3000,1878.129707
3902,3000,1896.606866
3452,3000,1915.239167
3674,3000,1933.047474
3338,3000,1951.287381
3352,3000,1968.967984
3274,3000,1987.033591
3470,3000,2004.700261
3650,3000,2022.724329
3750,3000,2039.802075
3502,3000,2057.414847
3386,3000,2074.649496
3426,3000,2092.91007
4038,3000,2110.514288
3256,3000,2128.327368
3360,3000,2145.414071
3668,3000,2162.95094
3006,3000,2180.454567
4162,3000,2198.244935
4192,3000,2216.164462
3488,3000,2234.064334
4024,3000,2251.517934
3838,3000,2269.378231
3786,3000,2287.800623
3994,3000,2322.395052
3332,3000,2341.527377
3702,3000,2359.17839
3912,3000,2377.227515
3564,3000,2395.939954
3406,3000,2413.816558
3338,3000,2430.800266
3488,3000,2449.286586
3738,3000,2466.772617
3376,3000,2484.91701
3688,3000,2502.850822
3450,3000,2521.243555
3812,3000,2539.595466
3622,3000,2557.571887
3584,3000,2575.033916
3616,3000,2592.756089
3602,3000,2610.318801
3468,3000,2628.861184
3612,3000,2647.027648
3726,3000,2665.024417
3708,3000,2682.14855
3716,3000,2700.063096
3942,3000,2718.180923
4108,3000,2736.172719
3682,3000,2754.663482
3600,3000,2772.259388
3590,3000,2790.232843
3208,3000,2807.463375
3640,3000,2824.481444
3880,3000,2842.303141
3696,3000,2860.825638
3730,3000,2878.8557
2922,3000,2896.745231
3808,3000,2915.074978
3244,3000,2933.525492
4086,3000,2951.719434
3404,3000,2970.789019
3646,3000,2988.748307
3546,3000,3006.595068
3730,3000,3024.188491
3382,3000,3041.844536
3524,3000,3059.450405
3718,3000,3077.804427
3782,3000,3095.723079
3784,3000,3113.82127
3738,3000,3130.934111
3956,3000,3148.732384
3904,3000,3166.792639
3776,3000,3184.803952
4024,3000,3202.683442
3858,3000,3219.928918
4016,3000,3238.024315
3654,3000,3255.375574
3626,3000,3273.099595
4518,3000,3290.961723
3664,3000,3308.704954
3544,3000,3325.68104
3922,3000,3343.475881
4030,3000,3361.358544
4000,3000,3379.111501
3846,3000,3396.502194
3864,3000,3413.597851
3884,3000,3431.652084
4060,3000,3450.231836
4334,3000,3468.031949
4370,3000,3485.205789
4276,3000,3502.683256
3950,3000,3534.812955
4352,3000,3552.311216
4552,3000,3570.557263
3816,3000,3587.785896
4550,3000,3604.208721
4528,3000,3621.54313
4204,3000,3639.635418
4368,3000,3657.57005
4624,3000,3675.017742
4602,3000,3691.901173
4814,3000,3709.54035
4486,3000,3727.475667
4338,3000,3744.51438
4320,3000,3761.937283
4416,3000,3779.821604
4438,3000,3796.992431
4602,3000,3814.100751
4626,3000,3831.828308
4694,3000,3849.274812
4056,3000,3866.683505
4896,3000,3883.993188
3758,3000,3901.473667
4790,3000,3918.889576
4552,3000,3935.618535
4286,3000,3953.936142
4798,3000,3970.461027
4690,3000,3987.798378
4662,3000,4005.53975
4222,3000,4022.564557
4698,3000,4039.661143
4724,3000,4056.760319
4250,3000,4073.588689
4888,3000,4090.265622
4384,3000,4107.3814
4630,3000,4124.885524
4610,3000,4142.262195
5226,3000,4159.100851
4676,3000,4176.537086
5064,3000,4194.00175
4770,3000,4211.237556
5090,3000,4227.994777
5116,3000,4245.720616
4838,3000,4262.478303
4736,3000,4279.540479
4660,3000,4296.157866
5106,3000,4313.3979
4754,3000,4329.771359
4288,3000,4346.94124
4098,3000,4363.753806
4640,3000,4380.972271
4874,3000,4397.172001
5274,3000,4414.369813
4296,3000,4431.325354
4654,3000,4448.50012
4764,3000,4465.922465
5508,3000,4483.158334
5258,3000,4500.915578
4432,3000,4517.633147
5150,3000,4535.206666
5362,3000,4552.213041
5220,3000,4569.349332
5644,3000,4585.540492
4656,3000,4602.009481
4920,3000,4618.349581
5152,3000,4634.604209
5166,3000,4651.118766
5286,3000,4682.747964
5240,3000,4699.413542
4284,3000,4715.809389
4996,3000,4733.230416
5154,3000,4750.031642
4742,3000,4766.80108
4666,3000,4783.796681
5288,3000,4801.042788
5226,3000,4816.972723
5324,3000,4833.36303
4948,3000,4849.813695
4830,3000,4866.556558
5056,3000,4883.121411
5210,3000,4899.528086
5244,3000,4915.755291
4728,3000,4932.694402
5058,3000,4950.5686
4828,3000,4967.163333
5348,3000,4983.807313
4990,3000,5000.245439
5320,3000,5016.38882
4850,3000,5033.445581
5270,3000,5050.220873
5362,3000,5067.014055
4988,3000,5083.80171
4786,3000,5100.302651
5198,3000,5117.570278
5274,3000,5134.066499
5334,3000,5150.960537
5488,3000,5167.718963
5486,3000,5185.168162
5362,3000,5202.011408
5460,3000,5218.661432
5646,3000,5236.554775
5490,3000,5254.480951
5430,3000,5271.987334
5138,3000,5289.226406
5568,3000,5306.011496
5384,3000,5322.979958
5352,3000,5339.955168
5448,3000,5356.196877
5278,3000,5372.731285
5606,3000,5389.649852
5338,3000,5406.050499
5296,3000,5422.786109
5194,3000,5439.601591
5582,3000,5456.216482
5096,3000,5472.288893
5294,3000,5488.823397
5184,3000,5505.293452
5704,3000,5522.149353
5608,3000,5538.797601
5114,3000,5555.713425
5292,3000,5572.183712
5264,3000,5589.096829
5862,3000,5605.207603
5766,3000,5622.10007
5868,3000,5639.228616
5738,3000,5655.550679
5544,3000,5672.031886
5446,3000,5688.415991
5720,3000,5704.628764
5706,3000,5721.743145
5342,3000,5738.071783
5406,3000,5754.548807
5250,3000,5770.059342
5394,3000,5786.193496
5346,3000,5816.985504
5894,3000,5833.847699
5578,3000,5850.602065
5868,3000,5867.12206
5048,3000,5884.006071
5646,3000,5900.070868
6226,3000,5915.936494
5548,3000,5931.487011
5496,3000,5947.892053
5414,3000,5965.512834
5626,3000,5981.577471
5732,3000,5998.018239
5032,3000,6014.22226
5956,3000,6031.211479
5300,3000,6047.134796
5552,3000,6063.498003
5340,3000,6080.124819
5962,3000,6097.101515
5618,3000,6113.598814
5574,3000,6129.919693
5668,3000,6146.416921
5702,3000,6163.209303
5904,3000,6179.549567
5502,3000,6195.816007
5462,3000,6211.723358
5516,3000,6227.730826
6294,3000,6244.266421
5976,3000,6260.876157
5668,3000,6278.235648
5546,3000,6294.6322
5628,3000,6311.143941
5058,3000,6327.400863
5544,3000,6343.860169
5842,3000,6360.115595
5242,3000,6377.212703
6048,3000,6393.775979
5790,3000,6410.896256
5982,3000,6427.912862
6368,3000,6443.76994
6120,3000,6460.272906
5832,3000,6475.679784
5434,3000,6492.355121
6134,3000,6508.822654
5768,3000,6525.085491
6146,3000,6541.084025
6582,3000,6556.962552
5894,3000,6573.831821
5366,3000,6590.061525
6034,3000,6605.971912
5694,3000,6621.963315
5804,3000,6638.478156
5966,3000,6654.308713
5752,3000,6670.488364
5858,3000,6686.469981
5844,3000,6702.493586
6116,3000,6719.103967
6322,3000,6735.081744
5506,3000,6751.016382
5856,3000,6767.335567
6080,3000,6783.29113
5576,3000,6799.29754
6120,3000,6815.366411
6370,3000,6831.914874
6192,3000,6848.024758
5864,3000,6863.856163
5886,3000,6880.092899
5960,3000,6896.322128
5946,3000,6927.564601
6254,3000,6944.121203
6022,3000,6960.585338
6254,3000,6977.235549
5704,3000,6993.291463
6068,3000,7009.536161
6144,3000,7025.324245
6050,3000,7041.272989
6466,3000,7057.30168
6112,3000,7072.999323
5916,3000,7089.540811
6204,3000,7106.080412
6120,3000,7121.871384
5648,3000,7138.077452
6248,3000,7154.925715
5930,3000,7172.059184
6198,3000,7187.943114
6278,3000,7204.128327
6300,3000,7220.292599
6400,3000,7236.14487
6488,3000,7252.307126
6352,3000,7268.096059
6270,3000,7283.751612
6484,3000,7299.511254
6208,3000,7314.867674
6308,3000,7330.609761
6412,3000,7346.051584
5764,3000,7361.258545
5878,3000,7377.107491
5808,3000,7392.896797
6624,3000,7409.139712
5990,3000,7424.298086
5674,3000,7440.680705
6420,3000,7457.293057
6420,3000,7474.39766
6330,3000,7490.594027
6216,3000,7506.206389
6036,3000,7521.640228
6554,3000,7537.227453
6556,3000,7554.068227
6444,3000,7569.616882
6484,3000,7586.072771
6096,3000,7601.793076
6344,3000,7617.709756
6342,3000,7633.623786
6472,3000,7649.621845
6718,3000,7664.932357
6576,3000,7681.146754
6750,3000,7697.512076
6376,3000,7713.59645
6254,3000,7729.161619
6070,3000,7745.689674
6246,3000,7761.88612
6196,3000,7778.187519
6168,3000,7794.244224
6234,3000,7811.357793
6604,3000,7827.375515
6402,3000,7843.676616
6600,3000,7860.237406
6654,3000,7876.299871
6046,3000,7892.555576
6228,3000,7908.201903
6300,3000,7923.726869
6766,3000,7939.891738
6686,3000,7956.836367
6578,3000,7972.307693
6644,3000,8001.275391
6186,3000,8017.513552
6830,3000,8033.96525
6368,3000,8049.651034
6464,3000,8065.244687
6450,3000,8080.680635
6848,3000,8096.040275
6650,3000,8111.714391
5656,3000,8127.395536
6550,3000,8143.034763
6230,3000,8159.078927
6604,3000,8175.615499
6400,3000,8192.113736
6524,3000,8208.249787
6286,3000,8224.497872
6390,3000,8241.212193
5992,3000,8257.265849
6648,3000,8273.191005
6540,3000,8289.142594
6582,3000,8305.134449
6302,3000,8321.655308
6724,3000,8337.871118
6442,3000,8353.769085
6852,3000,8370.19057
6976,3000,8386.243654
5732,3000,8402.809545
6666,3000,8418.637958
6296,3000,8433.268462
6626,3000,8448.983479
6466,3000,8464.067864
6396,3000,8479.099551
6338,3000,8494.486665
6318,3000,8510.273547
6720,3000,8526.074524
6442,3000,8541.289235
6422,3000,8556.992864
6264,3000,8572.609326
6192,3000,8587.258408
6610,3000,8603.095309
6818,3000,8618.552523
6794,3000,8634.810773
6420,3000,8650.698942
6334,3000,8666.525982
6538,3000,8682.388589
6056,3000,8697.791293
6762,3000,8713.54809
6870,3000,8729.25105
6740,3000,8744.602795
6818,3000,8760.161526
6780,3000,8776.507761
6904,3000,8792.872415
6964,3000,8808.715279
6548,3000,8824.018722
6968,3000,8839.86412
6270,3000,8856.827753
6540,3000,8873.217209
6652,3000,8888.94575
6918,3000,8904.805496
6660,3000,8920.409228
6510,3000,8935.578475
7012,3000,8950.960753
6142,3000,8966.513888
6814,3000,8981.48207
6530,3000,8996.921278
6384,3000,9012.983849
7200,3000,9028.548563
6728,3000,9044.493756
7148,3000,9073.549391
6840,3000,9088.980937
6748,3000,9104.020119
7098,3000,9119.394296
7324,3000,9134.732322
6850,3000,9150.026107
6888,3000,9165.828709
6662,3000,9181.548762
6586,3000,9197.263958
6588,3000,9212.928106
7048,3000,9229.179909
6626,3000,9244.822726
6880,3000,9260.143661
7282,3000,9275.00912
7270,3000,9291.168096
7300,3000,9306.489192
7234,3000,9322.369469
6988,3000,9337.634381
7184,3000,9353.987094
6634,3000,9370.00089
7130,3000,9385.45002
6724,3000,9401.428041
7054,3000,9416.952334
6826,3000,9432.68491
6686,3000,9448.841261
6742,3000,9464.335027
6872,3000,9479.118543
7136,3000,9495.061481
7208,3000,9510.457321
6950,3000,9526.147619
7056,3000,9541.332154
6860,3000,9557.055769
7448,3000,9571.96364
7066,3000,9587.428158
7256,3000,9602.964699
7198,3000,9618.303028
6774,3000,9633.602454
7284,3000,9649.564616
7102,3000,9665.146136
7004,3000,9680.85198
6860,3000,9696.125475
6726,3000,9711.808716
7346,3000,9727.497425
7382,3000,9742.364003
6980,3000,9758.051673
7184,3000,9773.425462
7050,3000,9789.133406
7454,3000,9804.781831
7236,3000,9820.165149
7160,3000,9834.998414
7046,3000,9850.141266
7102,3000,9865.207659
7600,3000,9880.138132
7254,3000,9896.006602
7562,3000,9912.173548
7012,3000,9928.020024
7140,3000,9943.14888
7292,3000,9958.808064
7160,3000,9973.766732
7118,3000,9989.725167
7212,3000,10004.756869
7140,3000,10020.083588
7198,3000,10035.652564
7232,3000,10050.489304
7628,3000,10065.398724
7472,3000,10080.59126
7326,3000,10094.90166
7096,3000,10123.625904
7380,3000,10138.223819
7110,3000,10153.08572
7766,3000,10168.639084
7318,3000,10183.642489
7516,3000,10198.521576
7238,3000,10213.82489
6988,3000,10228.412273
8012,3000,10243.213988
7474,3000,10258.198772
7742,3000,10272.688449
7050,3000,10287.941619
7758,3000,10303.53113
7410,3000,10318.852554
7116,3000,10333.943384
7548,3000,10348.561309
7414,3000,10363.765667
7242,3000,10378.64942
7632,3000,10394.381673
7864,3000,10409.72889
7458,3000,10424.971521
7736,3000,10440.417213
7612,3000,10455.368473
7748,3000,10470.717281
7412,3000,10485.696316
8040,3000,10500.919021
7486,3000,10515.903274
7910,3000,10531.25311
7510,3000,10547.1025
7710,3000,10561.680493
7458,3000,10577.671258
8006,3000,10593.132146
8240,3000,10607.590743
8590,3000,10623.231302
7568,3000,10637.967058
7594,3000,10652.643042
7898,3000,10667.619613
7868,3000,10682.540746
7830,3000,10697.703027
7958,3000,10712.908534
7992,3000,10727.881664
8444,3000,10742.874267
8334,3000,10758.254867
8124,3000,10773.263946
7822,3000,10788.207761
8166,3000,10802.934591
8328,3000,10818.203976
7906,3000,10833.202688
8300,3000,10848.022353
8098,3000,10862.818356
8692,3000,10877.654618
8588,3000,10892.73531
8402,3000,10907.822725
8544,3000,10922.450667
8182,3000,10936.654003
8168,3000,10951.311276
8510,3000,10966.305079
8620,3000,10981.05118
8896,3000,10996.121156
8704,3000,11011.166001
8916,3000,11026.106415
9046,3000,11040.466765
8756,3000,11054.900353
8696,3000,11069.890656
8930,3000,11084.21479
8510,3000,11098.932296
8906,3000,11127.624646
8876,3000,11142.338765
8492,3000,11157.831561
8518,3000,11172.652461
8584,3000,11187.490157
8374,3000,11202.101565
8416,3000,11216.418028
8696,3000,11231.468026
9104,3000,11246.091392
8676,3000,11260.440092
8550,3000,11275.037162
8724,3000,11289.316414
9142,3000,11304.458462
8584,3000,11318.947864
8850,3000,11333.327103
8582,3000,11348.46756
8900,3000,11363.75996
9008,3000,11378.678621
8612,3000,11393.252939
8846,3000,11408.240453
9234,3000,11424.021745
9412,3000,11438.946044
9022,3000,11453.813775
9212,3000,11467.868075
8826,3000,11481.559801
9348,3000,11495.807661
9052,3000,11510.459586
9212,3000,11524.587187
8882,3000,11539.305642
9266,3000,11554.719468
9156,3000,11569.073933
8794,3000,11583.37226
9040,3000,11597.890151
8950,3000,11612.781524
9016,3000,11628.251532
9054,3000,11642.842555
9028,3000,11657.36539
8434,3000,11671.549141
9376,3000,11685.824622
9040,3000,11700.65189
9050,3000,11714.615465
9210,3000,11730.169676
8712,3000,11745.198503
9396,3000,11759.882715
8490,3000,11775.843104
9156,3000,11790.606512
9214,3000,11805.348529
9182,3000,11820.101694
9428,3000,11834.917474
9314,3000,11849.723242
9294,3000,11864.875543
8996,3000,11879.17133
8670,3000,11893.364592
9052,3000,11907.773209
9508,3000,11923.027075
9196,3000,11937.322365
9270,3000,11952.409404
9156,3000,11966.422646
9300,3000,11980.303166
9134,3000,11994.775391
9176,3000,12009.044841
9394,3000,12023.428871
9534,3000,12038.267953
9350,3000,12052.182577
9200,3000,12066.583615
9526,3000,12080.761461
9264,3000,12094.836203
9400,3000,12122.175497
9442,3000,12136.436409
9286,3000,12150.801333
9268,3000,12166.061453
9072,3000,12180.861403
9012,3000,12195.151791
9498,3000,12209.687354
9358,3000,12224.076756
9116,3000,12238.25196
9566,3000,12253.466689
8718,3000,12268.008209
8950,3000,12282.431179
9478,3000,12296.828346
9574,3000,12311.865655
9454,3000,12326.471769
9580,3000,12341.282988
9546,3000,12356.083127
9436,3000,12371.668966
9292,3000,12386.690446
9548,3000,12401.688805
9422,3000,12416.159375
9680,3000,12431.051643
9706,3000,12445.270805
9654,3000,12459.548029
9622,3000,12474.254928
9562,3000,12489.112959
9862,3000,12503.199702
9266,3000,12517.707584
9878,3000,12532.268756
9102,3000,12546.243251
9756,3000,12560.296448
9470,3000,12574.098345
9022,3000,12588.974953
9654,3000,12602.61994
9896,3000,12617.143657
9510,3000,12631.496912
9576,3000,12645.637732
9330,3000,12659.895412
9630,3000,12674.673832
9370,3000,12688.674228
9714,3000,12703.377754
9784,3000,12717.973661
9950,3000,12731.813755
9770,3000,12745.973021
9440,3000,12760.497867
9906,3000,12775.603231
9716,3000,12790.020906
9846,3000,12803.980534
9734,3000,12818.544086
9466,3000,12833.619567
9330,3000,12848.556381
9582,3000,12863.620662
9984,3000,12877.993217
10038,3000,12892.439999
9738,3000,12906.624863
9764,3000,12921.297579
9414,3000,12935.36787
9626,3000,12949.603829
10004,3000,12964.269778
10100,3000,12978.868583
9578,3000,12992.772289
9896,3000,13006.992045
9702,3000,13020.956989
10050,3000,13035.032712
10006,3000,13049.078895
9354,3000,13062.744883
9798,3000,13076.68725
9620,3000,13103.846198
9810,3000,13118.802176
9610,3000,13132.506612
9724,3000,13146.412851
9346,3000,13160.486887
10146,3000,13174.850881
10082,3000,13189.895627
10320,3000,13203.919206
10040,3000,13218.574733
9836,3000,13232.737335
9954,3000,13247.098725
9864,3000,13260.848839
10226,3000,13275.348518
9890,3000,13289.168849
10110,3000,13303.480909
10138,3000,13317.959432
10308,3000,13331.866928
9756,3000,13346.00206
9908,3000,13360.565631
10000,3000,13375.359315
10164,3000,13389.940039
10520,3000,13404.598703
10008,3000,13418.683908
10064,3000,13432.730232
10008,3000,13446.399567
10168,3000,13459.958076
10320,3000,13474.098855
10202,3000,13487.789065
10218,3000,13501.98805
10036,3000,13516.865898
10440,3000,13531.203971
9976,3000,13544.958349
9824,3000,13558.715021
10154,3000,13572.724284
10392,3000,13587.290274
10306,3000,13600.983934
10362,3000,13615.828671
10124,3000,13630.156348
10060,3000,13644.307889
10238,3000,13658.479974
10216,3000,13672.626827
10156,3000,13686.434106
10346,3000,13700.201219
9996,3000,13714.620624
9744,3000,13728.422789
10216,3000,13742.885047
10272,3000,13757.926986
10332,3000,13772.515248
10210,3000,13786.576103
10658,3000,13800.791636
10232,3000,13815.183499
9982,3000,13829.341668
10558,3000,13843.666756
10296,3000,13858.710729
10406,3000,13872.626328
10356,3000,13886.668949
10564,3000,13901.532715
10366,3000,13915.899106
10506,3000,13929.770711
10484,3000,13943.601373
10160,3000,13957.483024
10370,3000,13971.965482
10396,3000,13986.304411
10272,3000,14000.473916
10516,3000,14014.598599
10196,3000,14028.745839
10474,3000,14056.438707
10306,3000,14071.050604
10162,3000,14085.591783
10146,3000,14099.615925
10310,3000,14113.25786
10628,3000,14127.468037
10556,3000,14141.025983
10190,3000,14155.23755
10322,3000,14169.172189
10728,3000,14183.622643
10216,3000,14197.450497
10802,3000,14211.001143
10546,3000,14225.363682
10342,3000,14239.652985
10478,3000,14253.415089
10348,3000,14267.089249
10646,3000,14280.992652
10920,3000,14296.118479
10510,3000,14310.400716
10460,3000,14324.882489
10564,3000,14339.584842
10702,3000,14353.58613
10410,3000,14367.467783
10750,3000,14381.859086
10796,3000,14395.523022
10452,3000,14409.232339
10680,3000,14423.490014
10004,3000,14438.018776
10626,3000,14452.066494
10586,3000,14466.051674
10786,3000,14480.554419
10774,3000,14495.285999
10466,3000,14508.607099
10838,3000,14523.351803
10622,3000,14537.415928
10776,3000,14551.906094
10804,3000,14566.333654
10204,3000,14580.103057
10772,3000,14594.219798
11028,3000,14607.903516
10490,3000,14621.893704
10798,3000,14636.429577
10924,3000,14650.78841
10772,3000,14664.804615
10368,3000,14679.237712
10774,3000,14694.077835
10518,3000,14708.280644
10680,3000,14722.049943
10944,3000,14735.601354
10886,3000,14750.114295
10828,3000,14764.116868
10860,3000,14778.347949
11062,3000,14791.910774
10954,3000,14805.759924
10668,3000,14819.950723
10858,3000,14833.731199
10848,3000,14847.932587
10692,3000,14862.127941
10802,3000,14876.226261
10694,3000,14890.368055
11030,3000,14905.202965
10842,3000,14919.456527
10816,3000,14934.420437
10954,3000,14948.90224
10884,3000,14962.862724
10846,3000,14977.503189
10896,3000,14991.345586
10868,3000,15019.351831
11258,3000,15033.315741
11126,3000,15047.175477
10946,3000,15061.296777
10770,3000,15075.133706
10942,3000,15090.005106
11174,3000,15103.654335
11316,3000,15118.884568
10964,3000,15132.609346
10950,3000,15147.078269
11030,3000,15161.430832
11046,3000,15175.599773
11010,3000,15190.12716
11052,3000,15203.810755
10860,3000,15218.030709
11026,3000,15232.460368
11240,3000,15245.70725
11348,3000,15259.972544
11270,3000,15274.154357
11110,3000,15288.001023
11094,3000,15302.674245
11202,3000,15316.710603
11344,3000,15330.884235
11082,3000,15345.218813
11092,3000,15359.086629
11256,3000,15372.980275
11250,3000,15386.975717
11014,3000,15401.001911
11146,3000,15415.216192
11332,3000,15429.200067
10884,3000,15442.361026
10990,3000,15456.33291
11164,3000,15470.300547
11080,3000,15484.365671
11400,3000,15498.385992
10934,3000,15512.61597
11346,3000,15527.128451
11412,3000,15541.292738
11314,3000,15555.516439
11166,3000,15569.01991
11266,3000,15583.443374
11424,3000,15597.801056
11246,3000,15611.8957
11182,3000,15625.293785
11156,3000,15638.975106
11470,3000,15652.977429
10984,3000,15666.898551
11270,3000,15680.782039
11344,3000,15695.00378
11182,3000,15708.800709
11218,3000,15722.684686
11624,3000,15736.361376
11408,3000,15749.824739
11268,3000,15763.703018
11384,3000,15777.414737
11120,3000,15790.482635
11656,3000,15804.731418
10864,3000,15819.021978
11568,3000,15833.194002
11396,3000,15846.68107
11464,3000,15860.901083
11204,3000,15874.52472
11134,3000,15887.712962
11116,3000,15901.099198
11590,3000,15915.364845
11578,3000,15929.445601
11744,3000,15943.376117
11636,3000,15970.268961
11374,3000,15984.637135
11240,3000,15998.186023
11330,3000,16011.687014
11560,3000,16024.741811
11212,3000,16038.87307
11388,3000,16052.78816
11332,3000,16067.21776
11328,3000,16081.187319
11334,3000,16094.425886
11418,3000,16108.451075
11314,3000,16122.39678
11442,3000,16136.48842
11444,3000,16150.552
11666,3000,16164.100069
11632,3000,16178.41124
11414,3000,16192.236139
11662,3000,16206.022982
11718,3000,16220.042954
11282,3000,16233.261598
11400,3000,16246.918461
11388,3000,16260.656183
11282,3000,16274.483918
11426,3000,16288.341394
11246,3000,16302.242958
11610,3000,16315.996482
11542,3000,16330.192386
11256,3000,16344.175812
11606,3000,16357.883365
11566,3000,16371.488588
11694,3000,16385.436301
11436,3000,16399.422241
10990,3000,16412.777558
11322,3000,16426.824972
11378,3000,16440.737748
11202,3000,16454.494272
11262,3000,16467.929364
11294,3000,16481.226229
11546,3000,16495.140346
11664,3000,16509.267508
11700,3000,16523.423937
11714,3000,16537.46449
11248,3000,16551.751789
11462,3000,16565.505955
11662,3000,16579.355881
11804,3000,16593.331404
11304,3000,16607.045868
11362,3000,16620.623263
11400,3000,16633.872525
11410,3000,16647.259018
11540,3000,16660.519257
11582,3000,16673.969805
11532,3000,16688.475305
11788,3000,16702.946014
11374,3000,16716.575927
11352,3000,16730.629459
11494,3000,16743.872029
11678,3000,16758.548857
11510,3000,16772.999542
11524,3000,16787.45783
10828,3000,16800.835868
11536,3000,16814.48661
11746,3000,16827.982279
11610,3000,16841.976519
11348,3000,16855.740925
11544,3000,16869.536237
11660,3000,16896.266309
11504,3000,16909.596071
11602,3000,16923.625142
11508,3000,16937.07121
11622,3000,16951.411645
11580,3000,16965.425693
11616,3000,16979.170653
11532,3000,16993.248761
11648,3000,17007.016709
11532,3000,17020.650169
11614,3000,17034.389046
11336,3000,17048.377712
11572,3000,17062.290087
11400,3000,17075.813658
11408,3000,17089.695354
11392,3000,17103.822838
11618,3000,17117.522047
11642,3000,17131.443673
11264,3000,17145.12937
11500,3000,17159.018908
11532,3000,17173.294477
11546,3000,17187.675311
11424,3000,17201.802227
11500,3000,17216.47596
11196,3000,17230.504622
11676,3000,17244.704518
11618,3000,17259.07433
11456,3000,17273.178618
11540,3000,17287.277225
11180,3000,17300.299305
11302,3000,17314.241026
10994,3000,17327.900635
11366,3000,17340.623316
11474,3000,17355.013481
11584,3000,17368.995416
11312,3000,17382.77216
11312,3000,17395.819706
11390,3000,17410.322023
11398,3000,17423.953627
11310,3000,17437.333537
10782,3000,17451.103039
11226,3000,17464.405052
11822,3000,17478.402483
11250,3000,17491.815989
11532,3000,17505.056493
11492,3000,17519.237437
11390,3000,17533.109586
11462,3000,17546.381459
11220,3000,17560.707784
11484,3000,17574.250274
11304,3000,17587.581732
11124,3000,17600.63219
11530,3000,17614.81209
11264,3000,17628.83672
11568,3000,17642.558554
11414,3000,17655.88716
11324,3000,17669.664819
11430,3000,17683.998212
11652,3000,17698.090142
11676,3000,17711.867614
11424,3000,17725.816464
11318,3000,17739.491612
11680,3000,17753.616873
11266,3000,17767.355049
11422,3000,17781.268934
11632,3000,17794.430944
11346,3000,17808.11491
11880,3000,17835.12748
11436,3000,17849.122944
11448,3000,17862.43412
11466,3000,17875.947346
11462,3000,17889.451956
11562,3000,17903.539238
11622,3000,17917.626302
11304,3000,17932.767225
11578,3000,17946.330527
11066,3000,17959.933679
11478,3000,17973.992061
11684,3000,17987.349722
11418,3000,18001.941392
11650,3000,18015.54287
11642,3000,18029.321601
11648,3000,18043.520662
10994,3000,18057.078546
11208,3000,18070.801461
11538,3000,18086.010114
11180,3000,18100.580745
11412,3000,18114.549555
11382,3000,18128.177934
11348,3000,18141.458829
11584,3000,18155.382304
11254,3000,18169.67171
11742,3000,18183.046471
11500,3000,18197.752884
11530,3000,18212.092294
11496,3000,18226.160882
11416,3000,18239.594206
11004,3000,18253.221204
11490,3000,18267.789264
11624,3000,18282.286511
11266,3000,18295.432538
11414,3000,18308.953847
11680,3000,18322.711972
11160,3000,18336.361023
11336,3000,18350.155544
11850,3000,18364.168191
11178,3000,18378.488876
11402,3000,18392.712227
11288,3000,18406.170158
11622,3000,18420.601663
11394,3000,18434.800395
11472,3000,18448.870612
11886,3000,18462.927932
11656,3000,18476.694713
11438,3000,18490.776317
11332,3000,18504.620415
11636,3000,18518.179096
11548,3000,18531.836876
11358,3000,18545.422139
11584,3000,18559.693956
11380,3000,18574.494033
11862,3000,18588.593433
11558,3000,18603.014339
11412,3000,18616.995169
11522,3000,18630.649783
11662,3000,18644.753799
11930,3000,18658.96677
11306,3000,18673.151404
11526,3000,18687.119311
11554,3000,18700.946537
11378,3000,18714.386565
11382,3000,18728.430303
11872,3000,18742.670229
11550,3000,18756.205868
11462,3000,18782.134414
11340,3000,18795.969132
11230,3000,18810.482783
11666,3000,18824.034761
11534,3000,18838.022803
11344,3000,18851.772415
11130,3000,18866.057156
11578,3000,18879.750038
11250,3000,18893.746316
11786,3000,18908.25977
10870,3000,18922.035874
11644,3000,18935.801447
11288,3000,18949.809102
11514,3000,18964.359641
11448,3000,18978.685914
11380,3000,18993.145751
11926,3000,19007.810744
11402,3000,19021.935019
11730,3000,19035.704906
11614,3000,19049.097731
11222,3000,19062.923141
11526,3000,19077.435967
11530,3000,19091.645326
11666,3000,19105.484684
11578,3000,19119.229873
11526,3000,19133.217545
11562,3000,19147.547907
11638,3000,19161.580806
11222,3000,19175.504899
11596,3000,19189.64272
11414,3000,19203.944984
11192,3000,19217.394924
11372,3000,19231.728823
11850,3000,19246.448766
11718,3000,19260.143418
11058,3000,19274.338347
11406,3000,19288.437468
11546,3000,19301.801513
11586,3000,19315.557208
11526,3000,19329.477004
11662,3000,19344.502255
11314,3000,19357.863399
11508,3000,19372.395581
11338,3000,19386.907051
11638,3000,19401.866877
11544,3000,19416.03505
11316,3000,19429.660635
11466,3000,19443.432583
11508,3000,19457.541199
11356,3000,19471.432195
11222,3000,19485.414241
11864,3000,19499.043341
11392,3000,19513.503414
11496,3000,19527.388055
11508,3000,19541.960968
11480,3000,19555.764941
11454,3000,19569.663816
11538,3000,19583.899322
11770,3000,19598.530398
11644,3000,19613.307315
11582,3000,19627.605038
11768,3000,19641.868353
11628,3000,19655.522164
11506,3000,19669.748976
11452,3000,19683.162871
11944,3000,19697.015892
11504,3000,19723.408765
11258,3000,19736.95923
11338,3000,19750.423357
11856,3000,19764.379107
11646,3000,19778.201832
11352,3000,19792.383239
11244,3000,19805.711631
11468,3000,19819.760093
11372,3000,19833.051092
11582,3000,19847.514174
11674,3000,19861.212962
11186,3000,19875.031071
11576,3000,19889.131528
11518,3000,19902.522694
11490,3000,19916.118621
11446,3000,19930.103476
11702,3000,19944.305075
11676,3000,19958.240618
11392,3000,19972.080907
11400,3000,19986.183124
11366,3000,20000.223898
11420,3000,20014.402937
11392,3000,20028.004699
11464,3000,20041.811131
11492,3000,20054.964577
11516,3000,20069.282905
11710,3000,20082.869485
11690,3000,20096.604524
11630,3000,20111.143772
11286,3000,20124.772982
11390,3000,20138.613989
11714,3000,20152.718684
11414,3000,20167.008164
11508,3000,20180.535417
11210,3000,20194.185675
11532,3000,20208.084824
11290,3000,20222.571656
11402,3000,20236.866639
11382,3000,20250.997939
11192,3000,20265.956123
11164,3000,20279.715045
11572,3000,20293.792922
11526,3000,20307.827949
11486,3000,20321.938999
11564,3000,20336.000295
11654,3000,20349.458802
11502,3000,20363.107581
11630,3000,20377.039251
11648,3000,20391.33477
11524,3000,20405.32454
11388,3000,20419.049064
11854,3000,20432.875646
11646,3000,20446.384007
11294,3000,20460.099298
11346,3000,20473.96815
11450,3000,20487.711749
11456,3000,20501.352026
11680,3000,20514.723047
11528,3000,20528.371802
11534,3000,20542.344851
11516,3000,20555.884338
11732,3000,20569.85224
11290,3000,20584.370454
11208,3000,20597.647308
11420,3000,20612.072258
11624,3000,20626.020288
11328,3000,20640.806275
11112,3000,20667.525028
11594,3000,20681.89242
11550,3000,20695.46193
11714,3000,20710.233653
11710,3000,20725.105696
11438,3000,20738.682611
11080,3000,20752.590813
11446,3000,20766.422211
11298,3000,20780.569972
11742,3000,20794.524238
11266,3000,20808.126444
11032,3000,20821.760343
11764,3000,20835.670779
12188,3000,20849.866822
11796,3000,20864.352827
11466,3000,20877.795045
11816,3000,20891.661879
11536,3000,20905.3624
11472,3000,20918.790994
11604,3000,20932.942317
11490,3000,20946.352143
11222,3000,20959.774894
11396,3000,20973.476096
11626,3000,20987.115791
11220,3000,21000.448463
11328,3000,21014.699662
11466,3000,21028.754788
11602,3000,21043.318707
11464,3000,21057.662905
11630,3000,21072.468581
11256,3000,21086.768691
11132,3000,21101.182505
11530,3000,21115.385719
11576,3000,21129.521844
11628,3000,21143.838268
11418,3000,21157.626547
11366,3000,21172.066068
11376,3000,21186.15322
11290,3000,21200.378248
11420,3000,21214.415236
11506,3000,21228.200277
11464,3000,21242.096085
11564,3000,21255.209044
11650,3000,21269.018035
11460,3000,21282.56297
11618,3000,21296.440562
11492,3000,21310.130535
11412,3000,21323.787124
11458,3000,21337.645282
11438,3000,21351.001596
11252,3000,21364.485348
11690,3000,21378.124948
11484,3000,21391.593962
11622,3000,21405.565598
11394,3000,21419.335605
12020,3000,21433.831183
11096,3000,21447.869087
11478,3000,21461.961801
11500,3000,21476.28046
11414,3000,21489.633832
11618,3000,21503.327917
11550,3000,21517.41956
11012,3000,21530.878901
11686,3000,21544.902048
11180,3000,21558.740128
11298,3000,21572.41844
11540,3000,21586.285499
11552,3000,21613.169322
11476,3000,21626.835763
11598,3000,21640.384341
11392,3000,21654.507712
11810,3000,21668.100208
11418,3000,21681.885503
11474,3000,21695.576495
11474,3000,21709.606758
12062,3000,21724.103215
11382,3000,21737.300224
11330,3000,21751.037903
11502,3000,21765.077914
11302,3000,21778.501972
11422,3000,21792.421326
11512,3000,21806.095099
11436,3000,21820.192232
11686,3000,21834.004366
11328,3000,21847.528688
11510,3000,21860.819839
11546,3000,21874.754191
11684,3000,21888.612281
11148,3000,21902.003248
11548,3000,21916.14089
11048,3000,21930.14235
11404,3000,21943.986994
11506,3000,21957.393091
11664,3000,21970.55533
11490,3000,21984.547206
11540,3000,21998.367477
11678,3000,22012.563205
11878,3000,22026.187494
11558,3000,22039.546482
11564,3000,22053.732102
11174,3000,22066.917215
11082,3000,22080.896905
11378,3000,22094.409451
11222,3000,22107.98297
11340,3000,22121.505464
11186,3000,22135.223714
11606,3000,22149.030735
11890,3000,22163.258886
11150,3000,22176.856328
11684,3000,22190.440848
11764,3000,22204.487885
11068,3000,22217.862824
11598,3000,22232.344771
11476,3000,22246.296959
11334,3000,22259.279847
11606,3000,22272.687133
11510,3000,22287.69416
11784,3000,22301.594417
11626,3000,22315.864996
11222,3000,22329.599206
11332,3000,22343.659076
11486,3000,22357.444212
11768,3000,22371.621015
11408,3000,22385.232618
11412,3000,22399.689998
11964,3000,22413.432915
11468,3000,22426.758082
11346,3000,22440.528301
11554,3000,22454.911255
11548,3000,22469.573254
11318,3000,22484.144239
11682,3000,22498.290217
11460,3000,22512.807879
11538,3000,22539.004197
11264,3000,22553.555994
11558,3000,22568.002368
11252,3000,22581.720085
11324,3000,22595.685103
11322,3000,22609.911996
11464,3000,22623.885852
11588,3000,22637.97272
11586,3000,22651.906053
11328,3000,22664.832149
11244,3000,22678.240577
11386,3000,22691.568646
11834,3000,22705.592259
11308,3000,22719.491642
11236,3000,22733.068092
11328,3000,22746.258049
11502,3000,22759.957562
12218,3000,22773.832592
11478,3000,22787.131666
11430,3000,22801.299204
11482,3000,22816.23909
11660,3000,22829.49394
11340,3000,22844.154716
11488,3000,22858.261321
11362,3000,22872.528834
11828,3000,22886.686864
11484,3000,22900.954171
11182,3000,22915.479478
11692,3000,22930.224379
11226,3000,22944.131614
11598,3000,22957.988913
11518,3000,22971.871483
11820,3000,22986.945289
11248,3000,23000.576953
11374,3000,23014.167221
11712,3000,23028.339441
11466,3000,23042.185646
11510,3000,23055.439788
11182,3000,23069.181593
11466,3000,23083.287252
11620,3000,23097.657824
11546,3000,23111.535216
11878,3000,23125.194654
11798,3000,23138.988409
11500,3000,23152.637755
11284,3000,23166.184658
11106,3000,23179.363289
11612,3000,23193.315865
11406,3000,23206.854439
11356,3000,23220.259298
11640,3000,23234.944483
11438,3000,23248.745937
11202,3000,23262.798012
11536,3000,23277.336014
11308,3000,23290.824643
11226,3000,23304.734
11624,3000,23319.256348
11632,3000,23333.845646
10902,3000,23348.287696
11620,3000,23361.989308
11364,3000,23376.087368
11726,3000,23389.687405
11226,3000,23403.677254
11680,3000,23417.625394
11312,3000,23431.803178
11744,3000,23446.419044
11654,3000,23460.645361
11414,3000,23487.801725
11860,3000,23502.518947
12050,3000,23516.660528
11630,3000,23530.508074
11502,3000,23544.389809
11196,3000,23558.26642
11472,3000,23571.881955
11848,3000,23585.860407
11542,3000,23600.10479
11496,3000,23613.644551
11568,3000,23627.076568
11658,3000,23641.019409
11492,3000,23654.845267
11538,3000,23669.324096
11686,3000,23682.760793
11158,3000,23697.076749
11672,3000,23711.179382
11342,3000,23724.786495
11750,3000,23738.872005
11284,3000,23751.880814
11618,3000,23765.776471
11714,3000,23779.556401
11580,3000,23793.602099
11468,3000,23807.428743
11704,3000,23821.07987
11464,3000,23834.42365
11802,3000,23848.558589
11634,3000,23863.129564
11570,3000,23876.711803
11660,3000,23890.641742
11560,3000,23905.519992
11522,3000,23919.157927
11768,3000,23932.681188
11368,3000,23946.173744
11540,3000,23959.593873
11648,3000,23973.338498
11560,3000,23987.545591
11664,3000,24002.114124
11878,3000,24016.3873
11678,3000,24030.098957
11944,3000,24043.905444
11134,3000,24058.313192
11384,3000,24072.502544
11166,3000,24085.861858
11438,3000,24099.558745
11626,3000,24113.665925
11690,3000,24127.754156
11768,3000,24142.501957
11606,3000,24156.965591
11494,3000,24171.053264
11490,3000,24184.89347
11328,3000,24199.220454
11700,3000,24213.079905
11528,3000,24227.124858
11266,3000,24240.856588
11488,3000,24254.680275
11788,3000,24268.739806
11710,3000,24283.075733
11638,3000,24296.970042
11260,3000,24310.559384
11832,3000,24325.175072
11450,3000,24338.615728
11756,3000,24352.412598
11472,3000,24366.102913
11406,3000,24379.631515
11428,3000,24392.727329
11754,3000,24406.58796
11510,3000,24433.465658
11550,3000,24447.395287
11474,3000,24461.477753
11354,3000,24475.026062
11658,3000,24488.390656
11616,3000,24501.804801
11386,3000,24515.814198
11440,3000,24529.714019
11524,3000,24544.328389
11712,3000,24558.605108
11642,3000,24572.52623
11722,3000,24585.96895
11574,3000,24600.721426
11252,3000,24615.186621
11718,3000,24629.828548
11684,3000,24644.095923
11320,3000,24658.420048
11386,3000,24673.697464
11794,3000,24688.100252
11104,3000,24701.890799
11150,3000,24715.667407
11544,3000,24730.545465
11564,3000,24744.051898
11846,3000,24757.658569
11496,3000,24771.466974
11662,3000,24786.054629
11904,3000,24800.171515
11422,3000,24814.230959
11630,3000,24828.520169
11286,3000,24842.275645
11344,3000,24856.356197
11622,3000,24870.198122
11622,3000,24885.102577
11572,3000,24898.801551
11598,3000,24912.469996
11628,3000,24926.139907
11522,3000,24940.741333
12034,3000,24954.428734
11574,3000,24968.187193
11646,3000,24981.86298
11432,3000,24996.30793
11646,3000,25009.983931
11392,3000,25023.169701
11162,3000,25037.118182
11228,3000,25051.21858
11452,3000,25065.075373
11516,3000,25079.067682
11720,3000,25093.820276
11240,3000,25107.10377
11780,3000,25121.320571
11506,3000,25135.104702
11268,3000,25148.89926
11606,3000,25162.677898
11314,3000,25176.155931
11568,3000,25190.206811
12152,3000,25204.961098
11670,3000,25219.261735
11510,3000,25233.739971
11592,3000,25248.101174
11530,3000,25262.881237
11914,3000,25277.082129
11808,3000,25290.705352
11998,3000,25305.095008
11692,3000,25319.205715
11426,3000,25333.235523
11774,3000,25347.62526
11536,3000,25375.008171
11294,3000,25388.616366
11896,3000,25402.12891
11842,3000,25416.365869
11720,3000,25430.450886
11444,3000,25444.181908
11702,3000,25457.803865
11634,3000,25471.457692
11790,3000,25485.181376
11762,3000,25499.682193
11444,3000,25513.101408
11484,3000,25527.009279
11498,3000,25540.553494
11426,3000,25554.674265
11482,3000,25568.544766
11458,3000,25582.461445
11796,3000,25596.344851
11274,3000,25609.374686
11480,3000,25622.88157
11648,3000,25636.539751
11590,3000,25650.313846
11992,3000,25663.737252
11284,3000,25677.739114
11670,3000,25691.55939
11546,3000,25705.504528
11652,3000,25719.345309
11794,3000,25733.353385
11628,3000,25747.179245
11810,3000,25760.314481
11714,3000,25774.170156
11568,3000,25788.194934
11800,3000,25802.769957
11804,3000,25816.944019
11152,3000,25830.359304
11576,3000,25843.828754
11526,3000,25858.126703
11060,3000,25872.26574
11368,3000,25886.51041
11868,3000,25900.388929
11418,3000,25913.933143
11738,3000,25928.029974
11576,3000,25942.202061
11770,3000,25956.278784
11656,3000,25970.983077
11584,3000,25984.99382
11886,3000,25999.103237
11618,3000,26013.440917
11448,3000,26027.967391
11392,3000,26042.405934
11558,3000,26056.306585
11510,3000,26069.721024
12094,3000,26084.213902
11434,3000,26098.338734
11214,3000,26112.102931
11688,3000,26126.802301
11330,3000,26140.843322
11816,3000,26155.328184
11614,3000,26169.293769
11834,3000,26183.931863
11494,3000,26198.296935
11364,3000,26212.564746
11428,3000,26226.213545
11588,3000,26239.972161
11686,3000,26254.418283
11406,3000,26268.213285
11742,3000,26282.186137
11708,3000,26295.621523
11486,3000,26323.67418
11658,3000,26337.650144
11658,3000,26352.179169
11580,3000,26366.147711
11742,3000,26380.010761
11714,3000,26394.37296
11144,3000,26407.902629
11234,3000,26421.156401
11380,3000,26434.625958
11702,3000,26448.812606
11484,3000,26463.697687
11576,3000,26477.693692
11384,3000,26490.946037
11576,3000,26504.809244
11650,3000,26519.354489
11884,3000,26534.571202
11756,3000,26549.479547
11666,3000,26563.613714
11168,3000,26576.798929
11784,3000,26590.981891
11422,3000,26604.950749
11730,3000,26618.548326
11668,3000,26632.368013
11760,3000,26646.130578
11832,3000,26660.027405
11474,3000,26674.624918
11894,3000,26689.124036
11580,3000,26703.077631
11530,3000,26717.205892
11932,3000,26731.150205
11512,3000,26745.15403
11582,3000,26759.281567
11680,3000,26773.745311
11700,3000,26787.466703
11604,3000,26801.602941
11542,3000,26816.100621
11668,3000,26830.125283
11664,3000,26844.990323
11682,3000,26858.636171
12118,3000,26872.583231
11634,3000,26886.650815
11782,3000,26900.205769
11542,3000,26914.329674
11398,3000,26928.360607
11632,3000,26943.034791
11714,3000,26957.613033
11704,3000,26971.570658
11670,3000,26986.447591
11648,3000,27000.942238
11472,3000,27014.885393
11556,3000,27028.860686
11664,3000,27043.00499
11708,3000,27057.696789
11624,3000,27072.655371
11930,3000,27087.418801
11666,3000,27101.640756
11514,3000,27116.022055
11526,3000,27130.326997
11594,3000,27144.000991
11894,3000,27158.788981
11566,3000,27172.633495
11920,3000,27187.066457
11884,3000,27201.956672
11820,3000,27216.024509
11662,3000,27230.372008
11496,3000,27244.965145
11566,3000,27258.93446
11252,3000,27286.270602
11750,3000,27300.549921
11764,3000,27314.689204
11558,3000,27328.747701
11820,3000,27343.276405
11850,3000,27357.236706
11494,3000,27371.18959
11310,3000,27385.302742
11840,3000,27399.189087
11512,3000,27413.389667
11694,3000,27427.03769
11902,3000,27441.045861
11398,3000,27454.985749
12098,3000,27469.19819
11460,3000,27482.944439
11616,3000,27496.758785
11510,3000,27510.855893
11262,3000,27524.655613
11490,3000,27538.245338
11502,3000,27552.592344
11974,3000,27567.354979
11912,3000,27582.120381
11508,3000,27596.328052
11634,3000,27610.983197
11564,3000,27624.205992
11682,3000,27638.413842
11600,3000,27651.898091
11880,3000,27665.645738
11814,3000,27679.962137
11446,3000,27693.445421
11752,3000,27707.590256
11766,3000,27722.542188
11352,3000,27736.477154
11580,3000,27750.454149
11458,3000,27765.398145
11446,3000,27779.274541
11230,3000,27792.823279
11618,3000,27807.369902
11878,3000,27821.279855
11844,3000,27835.562493
11826,3000,27849.760063
11508,3000,27863.76393
11490,3000,27878.024426
11474,3000,27891.49342
11758,3000,27904.896825
11306,3000,27918.514955
11618,3000,27932.509158
11548,3000,27946.238846
11642,3000,27960.338312
11484,3000,27975.113015
11562,3000,27988.878394
12038,3000,28003.182842
11644,3000,28017.169203
12016,3000,28031.238486
11516,3000,28044.99031
11706,3000,28058.585567
11822,3000,28072.347543
11608,3000,28085.980605
11598,3000,28099.888045
11764,3000,28114.453451
11636,3000,28128.324792
11884,3000,28142.330785
11472,3000,28156.963457
11606,3000,28171.059666
11998,3000,28185.085179
11548,3000,28198.661677
12070,3000,28225.54798
11480,3000,28239.803469
11772,3000,28253.855708
11564,3000,28268.041704
11924,3000,28282.458713
11838,3000,28296.902464
11750,3000,28311.122938
11868,3000,28324.993623
11590,3000,28338.661911
11868,3000,28352.938293
11846,3000,28367.130788
11570,3000,28381.763637
11464,3000,28395.538763
12040,3000,28410.892241
11658,3000,28425.488925
11728,3000,28439.929166
11724,3000,28454.802494
12064,3000,28468.486275
11284,3000,28482.203091
11544,3000,28496.313187
11588,3000,28510.6701
11522,3000,28524.253124
11314,3000,28538.391723
11672,3000,28552.063608
11336,3000,28566.661814
11452,3000,28581.012182
11540,3000,28595.45102
11846,3000,28609.623253
11816,3000,28623.21212
11858,3000,28637.200342
11748,3000,28651.473287
11860,3000,28665.800024
11544,3000,28678.742345
11696,3000,28692.715773
11562,3000,28706.774053
12032,3000,28721.198324
11748,3000,28735.505509
11554,3000,28749.647405
11752,3000,28763.003402
11738,3000,28776.694906
11778,3000,28790.911638
11470,3000,28804.720073
11578,3000,28818.438088
11824,3000,28832.087507
11652,3000,28845.915975
11636,3000,28860.305182
11692,3000,28874.727387
11424,3000,28887.825746
11606,3000,28901.952198
11698,3000,28915.397185
11590,3000,28929.39105
11862,3000,28943.658236
11912,3000,28957.873997
11604,3000,28971.674018
11738,3000,28985.989978
11658,3000,28999.784072
11854,3000,29014.460473
11412,3000,29028.400176
11408,3000,29042.521972
11594,3000,29055.960613
11696,3000,29069.797376
11476,3000,29083.8794
11400,3000,29097.448292
11520,3000,29111.53966
11748,3000,29125.654961
11704,3000,29139.602535
11696,3000,29153.400958
11712,3000,29180.773849
12026,3000,29195.057968
11866,3000,29209.117821
11378,3000,29223.733055
11550,3000,29237.156699
11812,3000,29251.28554
11884,3000,29265.095614
11456,3000,29279.300335
11618,3000,29292.761317
11530,3000,29306.94747
11812,3000,29320.904096
11788,3000,29335.706897
11878,3000,29349.924247
11828,3000,29363.448681
11870,3000,29377.038473
11740,3000,29391.286572
11534,3000,29405.286322
11702,3000,29418.856223
11744,3000,29432.466612
11896,3000,29446.434169
11394,3000,29460.340344
12016,3000,29474.245649
11832,3000,29488.933766
11304,3000,29502.435573
11818,3000,29515.8858
11948,3000,29530.139651
11916,3000,29544.345653
11418,3000,29558.930806
11932,3000,29572.797114
11838,3000,29587.064835
11284,3000,29600.11465
11512,3000,29614.318291
11620,3000,29628.429143
11894,3000,29642.956898
11684,3000,29657.242245
11594,3000,29671.519687
11206,3000,29685.51791
11568,3000,29699.921333
11846,3000,29714.40995
11970,3000,29728.48275
12026,3000,29742.697576
11486,3000,29756.811045
11786,3000,29771.237631
11736,3000,29785.675528
11436,3000,29800.611461
11588,3000,29814.293834
11652,3000,29828.78193
11604,3000,29842.96059
11586,3000,29857.799231
11726,3000,29872.168315
11486,3000,29885.929377
11664,3000,29900.304561
11526,3000,29914.971217
11598,3000,29928.445918
11866,3000,29941.956538
11784,3000,29956.127808
11952,3000,29969.862389
11720,3000,29983.772307
11894,3000,29998.129564
11710,3000,30012.02834
11646,3000,30025.507624
11486,3000,30040.009327
11620,3000,30053.808888
11684,3000,30067.829308
11708,3000,30081.87388
11880,3000,30095.378297
11682,3000,30109.650048
11784,3000,30137.924891
11656,3000,30153.413694
11902,3000,30168.39152
12164,3000,30182.279291
11952,3000,30196.031415
11830,3000,30210.764301
11662,3000,30224.478164
11606,3000,30238.529394
11678,3000,30252.409806
11660,3000,30267.318486
11570,3000,30281.445671
11960,3000,30295.735264
11526,3000,30308.809874
11672,3000,30322.651807
11798,3000,30336.728591
11412,3000,30349.726678
12092,3000,30364.177104
11728,3000,30377.73373
11060,3000,30391.54261
11860,3000,30405.452676
11822,3000,30420.07766
11758,3000,30434.669473
11806,3000,30448.767272
11832,3000,30463.114788
12082,3000,30477.31923
11496,3000,30491.302227
11860,3000,30505.50087
11990,3000,30519.94627
11750,3000,30533.975414
11906,3000,30548.443261
11802,3000,30562.41889
11444,3000,30576.205805
11714,3000,30590.195759
11878,3000,30604.5998
11754,3000,30618.536551
11644,3000,30632.805801
11836,3000,30646.096071
11634,3000,30659.810217
11726,3000,30674.616076
11516,3000,30688.894325
11620,3000,30703.570719
11446,3000,30717.458491
11636,3000,30731.464847
11988,3000,30746.248409
11764,3000,30760.298359
11842,3000,30774.139382
11858,3000,30788.204387
11598,3000,30802.640131
11698,3000,30816.462879
11628,3000,30831.16308
11546,3000,30845.121538
11518,3000,30858.771764
11442,3000,30872.548251
11694,3000,30886.096747
11728,3000,30900.388548
11654,3000,30914.16771
12064,3000,30928.77702
11938,3000,30943.104932
11688,3000,30957.490509
11662,3000,30971.245689
11722,3000,30984.905731
11638,3000,30998.919076
11636,3000,31012.755869
11420,3000,31027.155676
11616,3000,31040.879913
11636,3000,31054.618227
11768,3000,31083.096701
11826,3000,31097.508919
11674,3000,31111.51215
11608,3000,31125.362931
11922,3000,31139.587475
11858,3000,31154.349879
11730,3000,31168.332725
11632,3000,31182.79934
12172,3000,31197.277044
11864,3000,31210.961239
11782,3000,31225.30029
11670,3000,31238.940093
11548,3000,31253.28476
11858,3000,31267.314974
11930,3000,31281.77973
11612,3000,31295.447836
11628,3000,31309.699731
11620,3000,31323.171024
11374,3000,31336.824582
11754,3000,31351.242141
11780,3000,31364.600293
11734,3000,31378.462846
11442,3000,31392.670297
11738,3000,31407.101161
11726,3000,31421.714006
11726,3000,31435.069483
11602,3000,31448.772177
11466,3000,31462.074996
11958,3000,31476.423234
11796,3000,31491.854339
11876,3000,31506.122664
11870,3000,31520.103444
11550,3000,31533.671786
11282,3000,31547.407311
11664,3000,31561.594718
11464,3000,31575.503832
11860,3000,31589.595248
11630,3000,31603.369039
11566,3000,31617.147655
11484,3000,31630.63753
11924,3000,31645.189163
11536,3000,31659.431963
11988,3000,31673.444464
11952,3000,31686.936844
11644,3000,31700.530261
11990,3000,31715.282401
11850,3000,31729.855702
11730,3000,31743.58093
11714,3000,31757.692924
11446,3000,31771.775123
11494,3000,31786.596386
11500,3000,31800.854815
11948,3000,31815.099688
11850,3000,31829.26685
11898,3000,31844.071913
11210,3000,31858.094051
11808,3000,31871.654371
12080,3000,31886.391327
11670,3000,31900.167525
11680,3000,31914.600908
11698,3000,31929.323994
11550,3000,31943.716973
11692,3000,31958.065227
11828,3000,31972.527448
11548,3000,31986.908432
11428,3000,32000.525989
11630,3000,32015.746536
11906,3000,32043.668245
11848,3000,32058.31828
11610,3000,32072.787465
11582,3000,32087.314462
11512,3000,32101.798037
11634,3000,32116.131179
11772,3000,32130.478823
11534,3000,32145.344125
11858,3000,32159.833744
11544,3000,32174.684418
11630,3000,32188.986029
11618,3000,32203.857683
11440,3000,32219.438279
11476,3000,32233.885287
11588,3000,32248.042959
11428,3000,32262.135995
11772,3000,32275.735412
11744,3000,32290.385485
11748,3000,32304.572889
11628,3000,32319.02951
11532,3000,32333.140204
11668,3000,32347.802763
12050,3000,32362.379884
11444,3000,32376.004271
11578,3000,32390.541105
11468,3000,32404.562154
11654,3000,32418.9505
11862,3000,32433.457714
11924,3000,32447.495718
11902,3000,32462.231719
11580,3000,32476.270598
11382,3000,32490.963712
11624,3000,32505.130138
11510,3000,32519.330595
11428,3000,32533.937724
11370,3000,32548.051005
11840,3000,32561.693467
11616,3000,32576.019027
11362,3000,32589.766344
11844,3000,32603.88063
11558,3000,32617.459636
11998,3000,32632.062371
11990,3000,32646.142457
11736,3000,32659.797585
12144,3000,32673.834831
12044,3000,32688.750394
11478,3000,32703.012664
11812,3000,32717.24085
11814,3000,32731.368962
11596,3000,32745.634111
11940,3000,32759.548774
11670,3000,32773.482665
11622,3000,32787.099275
11472,3000,32800.12427
11680,3000,32814.404942
11700,3000,32828.740276
11798,3000,32842.733158
11588,3000,32856.528917
11512,3000,32870.106122
11850,3000,32883.876775
11476,3000,32897.467751
11782,3000,32912.05814
11838,3000,32925.931535
11920,3000,32940.562968
11546,3000,32954.332265
12008,3000,32968.104507
11972,3000,32981.70369
11816,3000,33008.869187
11386,3000,33023.104197
11366,3000,33037.04308
11610,3000,33051.066719
11692,3000,33065.167429
11768,3000,33078.824314
11634,3000,33092.863272
11426,3000,33106.71968
11790,3000,33120.978869
11568,3000,33134.98751
11582,3000,33149.235173
12172,3000,33163.926668
11584,3000,33177.9702
11508,3000,33191.330748
12074,3000,33205.728133
11478,3000,33219.528497
11814,3000,33234.415957
11728,3000,33248.540653
11498,3000,33262.238341
12086,3000,33276.635126
11544,3000,33290.71024
11760,3000,33304.793448
11510,3000,33318.513695
11740,3000,33332.391888
11544,3000,33346.049394
11498,3000,33359.70727
11688,3000,33374.033537
11646,3000,33388.458185
11694,3000,33402.536757
11536,3000,33417.098365
11842,3000,33431.132338
11552,3000,33444.873427
11828,3000,33459.131931
11370,3000,33472.883403
11394,3000,33486.831235
11826,3000,33500.711863
11760,3000,33514.440168
11896,3000,33528.456145
11994,3000,33542.228343
11122,3000,33556.499318
11398,3000,33570.725352
11860,3000,33584.833853
11688,3000,33599.065157
11804,3000,33613.684457
12124,3000,33627.353842
11678,3000,33641.854462
11814,3000,33655.80753
11642,3000,33670.50788
11858,3000,33684.807653
11486,3000,33698.626645
11766,3000,33712.796006
11460,3000,33726.241253
11642,3000,33740.371817
11832,3000,33754.249211
11892,3000,33768.18593
11682,3000,33782.405466
11584,3000,33796.438267
11638,3000,33810.990486
11776,3000,33825.387631
11466,3000,33839.11852
11628,3000,33853.415121
11924,3000,33868.040356
11850,3000,33882.426875
11490,3000,33896.449616
11746,3000,33910.414799
12056,3000,33925.11686
11988,3000,33953.147865
11874,3000,33967.160224
11534,3000,33981.073438
11596,3000,33995.437276
11544,3000,34009.00771
11552,3000,34023.022012
11722,3000,34037.106238
11678,3000,34050.719929
11366,3000,34064.32617
11416,3000,34078.084859
11102,3000,34091.632578
11926,3000,34105.112514
11540,3000,34119.406884
11684,3000,34133.433723
11278,3000,34146.719122
11678,3000,34161.504447
11700,3000,34175.588858
12046,3000,34190.133193
11608,3000,34203.994745
11628,3000,34217.899826
11566,3000,34231.509517
11598,3000,34245.805585
11838,3000,34259.513297
11756,3000,34273.698411
11692,3000,34288.104918
11714,3000,34302.379362
11556,3000,34316.122587
11834,3000,34329.638042
11616,3000,34343.766287
11684,3000,34358.569241
11368,3000,34372.508967
11524,3000,34386.53321
11848,3000,34400.060057
11844,3000,34414.144758
11298,3000,34428.700058
11442,3000,34442.112167
11704,3000,34456.314071
11702,3000,34470.868905
11770,3000,34484.896059
11888,3000,34499.049071
11598,3000,34513.019484
11422,3000,34527.365402
11756,3000,34541.882951
11550,3000,34555.630429
11810,3000,34569.986066
11574,3000,34583.724077
11810,3000,34598.893643
11704,3000,34613.191403
11628,3000,34626.763095
11846,3000,34641.035999
11372,3000,34655.143224
11776,3000,34669.263291
11778,3000,34683.166822
11516,3000,34696.83656
11662,3000,34711.103887
11720,3000,34726.07296
11596,3000,34739.400173
11962,3000,34753.669327
11664,3000,34768.370352
11508,3000,34782.336057
11494,3000,34796.694135
12016,3000,34811.330326
11950,3000,34826.556051
11564,3000,34840.969631
11024,3000,34854.883769
11444,3000,34869.071622
11678,3000,34883.21145
11508,3000,34909.905554
11726,3000,34923.973913
11430,3000,34938.442795
11338,3000,34952.152973
11862,3000,34966.249877
11802,3000,34980.748992
11858,3000,34994.935281
11752,3000,35008.797229
11808,3000,35023.074582
11678,3000,35036.377015
11526,3000,35050.834438
11610,3000,35065.084087
11240,3000,35079.324541
12054,3000,35093.637808
11802,3000,35108.396305
11712,3000,35123.119959
11722,3000,35136.481571
11980,3000,35150.704554
11864,3000,35164.669989
11588,3000,35178.625974
11726,3000,35192.549652
11746,3000,35206.169614
11606,3000,35219.901098
11836,3000,35233.496293
11862,3000,35247.949427
11526,3000,35261.106405
11742,3000,35274.563465
11594,3000,35287.808246
11834,3000,35301.790039
11590,3000,35314.3429
11798,3000,35328.9428
11910,3000,35342.436462
11482,3000,35355.496399
11312,3000,35368.817701
11698,3000,35382.809018
11608,3000,35396.340589
11496,3000,35409.637097
11596,3000,35422.957751
11496,3000,35436.276456
12034,3000,35450.748586
11584,3000,35465.088438
11654,3000,35479.310601
11714,3000,35492.98699
11328,3000,35506.490087
11656,3000,35519.92968
11430,3000,35533.59964
11586,3000,35547.094006
11736,3000,35560.906845
11532,3000,35574.684222
11864,3000,35588.768377
11586,3000,35602.724171
11682,3000,35616.776801
11810,3000,35631.042275
11774,3000,35644.930766
11828,3000,35659.032741
11926,3000,35673.077849
11544,3000,35687.603076
11170,3000,35701.449804
11624,3000,35715.084022
11676,3000,35728.511836
11724,3000,35743.565475
11778,3000,35757.490982
11662,3000,35771.676212
11626,3000,35785.611276
11630,3000,35799.214404
11296,3000,35813.16043
11942,3000,35827.585839
11578,3000,35855.053482
11570,3000,35869.026527
11458,3000,35882.31616
11678,3000,35895.610746
11732,3000,35910.445646
11742,3000,35924.820862
11666,3000,35939.190043
11652,3000,35953.004573
11596,3000,35966.267826
11842,3000,35980.223648
12000,3000,35994.652246
11646,3000,36009.093038
12030,3000,36023.473037
11670,3000,36037.152196
11406,3000,36051.478781
11248,3000,36065.341845
11756,3000,36079.634267
11650,3000,36093.541005
11934,3000,36107.894335
11776,3000,36122.039241
11552,3000,36136.128552
11826,3000,36150.334945
11424,3000,36164.784486
11634,3000,36178.729345
11784,3000,36192.97775
11968,3000,36207.620322
11894,3000,36221.869385
11426,3000,36236.372644
11460,3000,36250.799449
11478,3000,36264.586973
11538,3000,36278.775312
11590,3000,36293.046272
11504,3000,36307.205873
11736,3000,36320.903106
11552,3000,36334.918017
11556,3000,36349.231585
11782,3000,36363.29707
11584,3000,36376.75613
11714,3000,36390.436996
11666,3000,36404.293642
11402,3000,36418.596696
12086,3000,36432.444753
11576,3000,36447.346504
11452,3000,36461.282971
11522,3000,36475.481983
11892,3000,36489.980444
11340,3000,36504.210848
11674,3000,36518.510237
11718,3000,36532.756013
11572,3000,36546.851616
11500,3000,36560.523501
11786,3000,36573.775023
11778,3000,36587.197029
11490,3000,36601.135428
11808,3000,36615.762273
11690,3000,36629.685648
11308,3000,36643.821414
11852,3000,36657.768561
11726,3000,36670.908271
11618,3000,36684.613921
11580,3000,36698.528179
11624,3000,36712.720648
11606,3000,36726.400337
11524,3000,36740.277993
11926,3000,36754.341063
11450,3000,36768.031576
11462,3000,36795.307845
11508,3000,36809.544434
11442,3000,36823.155645
11632,3000,36836.821333
11684,3000,36850.675716
11430,3000,36864.773822
11584,3000,36878.683563
11660,3000,36892.165115
11646,3000,36906.087519
11754,3000,36920.164572
11964,3000,36934.580399
11876,3000,36948.152462
11652,3000,36962.661477
11888,3000,36976.942913
11282,3000,36990.981095
11776,3000,37004.645276
11478,3000,37018.487914
11596,3000,37032.407108
11740,3000,37046.245756
11512,3000,37059.984704
11470,3000,37074.374117
11392,3000,37087.760675
11478,3000,37102.188755
11648,3000,37116.025198
12004,3000,37130.174171
11874,3000,37143.930862
11580,3000,37157.712143
11626,3000,37172.289249
12102,3000,37185.963464
11638,3000,37199.61559
11896,3000,37214.56223
11648,3000,37227.868184
11490,3000,37241.663206
11806,3000,37255.632246
11330,3000,37269.874453
11764,3000,37283.880091
11680,3000,37298.550549
11264,3000,37312.454024
12144,3000,37327.030689
11550,3000,37341.261271
11580,3000,37354.998395
11762,3000,37368.723288
11794,3000,37382.938216
11342,3000,37396.785347
11534,3000,37410.467746
11902,3000,37424.786401
11880,3000,37439.058315
11834,3000,37452.887956
11786,3000,37466.798536
11354,3000,37480.619938
11864,3000,37494.225322
11706,3000,37508.659265
11562,3000,37522.370012
11300,3000,37536.5855
11246,3000,37550.631627
11880,3000,37564.702408
11578,3000,37579.415335
11704,3000,37593.417414
11330,3000,37608.095406
11238,3000,37622.40718
11740,3000,37636.494352
11412,3000,37651.240637
11612,3000,37665.378348
11638,3000,37679.45416
11632,3000,37694.277919
11818,3000,37708.680832
11978,3000,37723.191385
11830,3000,37752.250771
11838,3000,37768.311331
11526,3000,37781.701128
11758,3000,37796.119931
11500,3000,37809.75281
12410,3000,37824.83368
12046,3000,37839.50348
11378,3000,37852.928823
11480,3000,37867.173696
11562,3000,37882.144275
11686,3000,37897.066494
11614,3000,37911.692331
11492,3000,37925.856757
11722,3000,37940.160104
11312,3000,37953.513394
11388,3000,37966.944255
11604,3000,37981.178034
11908,3000,37994.988185
11964,3000,38008.904761
11502,3000,38023.713251
11560,3000,38037.29154
11382,3000,38050.731863
11368,3000,38064.339831
11606,3000,38078.305162
11392,3000,38091.992095
11862,3000,38106.692587
11648,3000,38120.294052
11194,3000,38134.000676
11610,3000,38147.55831
11582,3000,38161.371161
11942,3000,38175.735492
11820,3000,38189.458802
11420,3000,38203.502935
11788,3000,38217.617532
11930,3000,38231.585536
11484,3000,38246.019873
11750,3000,38259.95859
11524,3000,38274.239025
12188,3000,38288.51385
12042,3000,38302.056481
11356,3000,38316.025924
11642,3000,38330.275024
11638,3000,38344.267614
11554,3000,38357.672867
11600,3000,38371.903935
11796,3000,38385.845123
11584,3000,38399.696887
11286,3000,38414.034122
11894,3000,38428.790093
11488,3000,38441.844067
11670,3000,38456.110472
11740,3000,38470.128414
11766,3000,38484.064862
11548,3000,38497.780361
11880,3000,38512.048287
11464,3000,38525.919344
11552,3000,38540.164325
11964,3000,38554.331927
11672,3000,38568.949547
11794,3000,38583.100161
12222,3000,38597.715231
11654,3000,38611.575377
11954,3000,38625.617881
11546,3000,38639.573422
11630,3000,38653.870474
11842,3000,38668.608266
11654,3000,38682.801162
11514,3000,38710.346979
11768,3000,38724.743254
11130,3000,38738.978001
11512,3000,38753.827116
11740,3000,38768.959436
11662,3000,38783.384274
11662,3000,38797.152515
11656,3000,38811.389051
12126,3000,38825.324224
11736,3000,38839.30784
11742,3000,38853.101261
11596,3000,38867.352332
11668,3000,38881.368292
12044,3000,38895.286959
11280,3000,38909.183891
12090,3000,38923.471012
11624,3000,38936.820276
11362,3000,38949.739159
11508,3000,38963.7519
11716,3000,38978.448725
11436,3000,38991.885655
11790,3000,39005.890332
11424,3000,39019.567598
11482,3000,39032.987237
11962,3000,39047.414101
11962,3000,39061.776047
11810,3000,39075.648309
11554,3000,39089.716314
11742,3000,39103.544311
11592,3000,39117.614467
11640,3000,39132.013335
11816,3000,39145.878639
11500,3000,39160.24209
11750,3000,39173.405475
11612,3000,39187.180089
11624,3000,39201.632986
11858,3000,39216.74883
11738,3000,39230.702159
11766,3000,39244.505845
11642,3000,39258.828689
11984,3000,39272.822767
11812,3000,39287.121304
11784,3000,39301.372639
11570,3000,39315.256433
11810,3000,39329.561306
12062,3000,39344.500283
11508,3000,39358.361143
12032,3000,39372.521312
11770,3000,39387.43345
11474,3000,39401.232479
11642,3000,39414.688881
11968,3000,39428.814014
11470,3000,39442.716541
11468,3000,39457.015574
11594,3000,39471.808838
11760,3000,39486.022135
11584,3000,39499.598815
11614,3000,39514.355939
12078,3000,39529.059103
11604,3000,39542.88084
11702,3000,39556.806557
11980,3000,39570.868413
11642,3000,39584.687018
11708,3000,39598.653214
11608,3000,39612.868578
11262,3000,39627.648121
11582,3000,39654.944844
11448,3000,39669.149941
11624,3000,39682.888416
11358,3000,39696.878765
11572,3000,39711.257421
11784,3000,39725.123228
11334,3000,39739.517124
11814,3000,39753.696345
11888,3000,39767.38725
11760,3000,39780.534634
11568,3000,39794.782713
11920,3000,39809.517199
11792,3000,39823.601376
11812,3000,39837.193485
11834,3000,39851.414515
11494,3000,39865.322083
11836,3000,39879.691107
11960,3000,39893.364508
11554,3000,39907.365038
11536,3000,39921.870749
12176,3000,39935.747374
11776,3000,39949.627786
11780,3000,39964.345611
11804,3000,39978.729844
11326,3000,39993.285068
11882,3000,40008.307477
11494,3000,40022.1659
11450,3000,40035.888968
11868,3000,40049.914376
12018,3000,40064.14555
11950,3000,40078.198035
12234,3000,40092.942422
11406,3000,40106.776313
11650,3000,40120.572747
11822,3000,40134.718372
11722,3000,40148.220202
11548,3000,40162.302988
11808,3000,40176.453014
11722,3000,40190.482445
11846,3000,40204.390579
11622,3000,40218.784354
11574,3000,40232.966645
11718,3000,40247.343778
11858,3000,40261.664531
11918,3000,40275.973305
11760,3000,40289.433559
11848,3000,40303.507252
11352,3000,40317.51339
11494,3000,40331.589857
11492,3000,40345.91484
11524,3000,40359.695391
11654,3000,40373.901599
11480,3000,40387.805156
11458,3000,40401.912021
11846,3000,40415.180678
11582,3000,40429.268217
11482,3000,40443.26142
11550,3000,40457.138883
11788,3000,40471.088553
11522,3000,40484.803546
11602,3000,40498.161459
11422,3000,40512.113475
11500,3000,40526.417384
11870,3000,40540.177293
11584,3000,40554.099864
11326,3000,40567.661248
11528,3000,40581.887413
11506,3000,40609.344064
11796,3000,40624.330899
12210,3000,40639.29007
11852,3000,40653.686256
11670,3000,40667.6941
11526,3000,40681.72446
11728,3000,40696.007949
11632,3000,40709.602391
11776,3000,40723.676504
11854,3000,40737.672856
11670,3000,40751.243128
11602,3000,40764.647304
11436,3000,40778.320377
11658,3000,40792.079848
11626,3000,40806.100011
11508,3000,40820.582478
11206,3000,40834.437746
11740,3000,40848.821122
11940,3000,40863.53788
11958,3000,40877.548731
11480,3000,40890.472648
11662,3000,40904.040972
11644,3000,40917.46543
11670,3000,40931.552041
11748,3000,40945.486365
11266,3000,40959.077749
11368,3000,40973.67809
11698,3000,40988.05684
11580,3000,41002.505863
11900,3000,41017.102535
11694,3000,41031.551229
11802,3000,41046.143863
11480,3000,41059.973166
11592,3000,41074.42875
11844,3000,41088.474216
12298,3000,41102.734824
11754,3000,41116.496167
11608,3000,41130.895519
11538,3000,41144.651989
11648,3000,41158.637729
11728,3000,41173.009259
12034,3000,41186.902719
11222,3000,41200.958186
11650,3000,41214.320169
12218,3000,41228.851465
11506,3000,41243.401912
11606,3000,41257.188315
11042,3000,41270.336168
11732,3000,41284.177195
11642,3000,41297.766898
11246,3000,41311.123593
11414,3000,41324.388365
11430,3000,41338.257953
11450,3000,41351.847607
11430,3000,41365.939582
11908,3000,41380.121011
11002,3000,41393.574557
11524,3000,41407.133026
11634,3000,41420.7435
11476,3000,41434.32863
11482,3000,41448.435961
11850,3000,41462.447985
11678,3000,41476.319357
11654,3000,41489.156955
11264,3000,41502.361311
11644,3000,41515.990427
12190,3000,41530.058589
11750,3000,41557.484765
11540,3000,41571.0284
11432,3000,41584.894089
11794,3000,41598.644368
11916,3000,41612.138556
11788,3000,41627.010633
11696,3000,41641.233602
11746,3000,41655.308583
11438,3000,41669.178783
11700,3000,41683.324253
11568,3000,41697.374986
11646,3000,41711.309991
11480,3000,41725.434596
11634,3000,41738.943729
11560,3000,41752.922681
11612,3000,41767.067221
11500,3000,41781.119423
11696,3000,41795.168736
11642,3000,41809.565767
11322,3000,41823.86515
11554,3000,41837.353514
11474,3000,41852.050434
11790,3000,41866.58723
11564,3000,41880.707682
12028,3000,41894.304342
11790,3000,41908.376177
11912,3000,41923.001385
11804,3000,41936.233341
11870,3000,41950.174056
11658,3000,41963.563795
11918,3000,41977.47822
11466,3000,41991.082278
11190,3000,42005.400056
11562,3000,42018.77948
11668,3000,42032.636214
11780,3000,42046.454214
11650,3000,42060.945246
11772,3000,42074.9838
11866,3000,42088.477812
11612,3000,42102.758905
11660,3000,42116.665579
11372,3000,42130.404677
11694,3000,42144.225665
11610,3000,42158.658795
11670,3000,42172.116553
11404,3000,42185.500715
11814,3000,42199.509905
11636,3000,42213.53208
11302,3000,42226.783221
11786,3000,42241.205507
11390,3000,42254.916715
11476,3000,42268.638706
12000,3000,42283.083341
11502,3000,42296.590707
11826,3000,42310.275041
11776,3000,42324.114331
11418,3000,42337.623957
11684,3000,42351.412039
12054,3000,42366.122295
11554,3000,42379.983843
11852,3000,42394.485994
11210,3000,42407.862932
11422,3000,42421.36377
11816,3000,42435.680892
11624,3000,42449.345852
11290,3000,42463.147544
11442,3000,42490.443184
11578,3000,42503.917072
11538,3000,42517.200559
11740,3000,42530.989172
11580,3000,42544.801554
11680,3000,42559.052976
11650,3000,42572.563214
11538,3000,42586.79475
11580,3000,42600.412087
11484,3000,42614.02416
11704,3000,42627.508834
11628,3000,42641.62904
11558,3000,42655.447057
11398,3000,42669.857505
11826,3000,42683.511047
11596,3000,42697.540059
11634,3000,42710.972815
11908,3000,42724.854674
11532,3000,42738.921697
11568,3000,42752.368434
11878,3000,42765.900508
11246,3000,42779.189905
11580,3000,42793.179796
12068,3000,42807.689409
11928,3000,42821.916859
11740,3000,42836.55726
11616,3000,42850.362051
11810,3000,42864.13136
11910,3000,42878.594708
11894,3000,42892.775599
11634,3000,42906.184356
11758,3000,42920.15577
11722,3000,42933.568442
11580,3000,42947.755061
11220,3000,42962.382217
11824,3000,42976.278486
11754,3000,42990.721371
11702,3000,43004.435652
12066,3000,43019.450804
11894,3000,43033.115996
11590,3000,43047.02461
11828,3000,43061.449876
11788,3000,43075.18968
11722,3000,43088.353411
11642,3000,43102.804045
11582,3000,43116.911902
11640,3000,43130.498955
11792,3000,43145.044688
11484,3000,43158.268569
11490,3000,43171.834354
12028,3000,43186.27019
11752,3000,43199.778953
11718,3000,43213.640307
11746,3000,43227.432151
11550,3000,43241.494549
11832,3000,43255.840192
11758,3000,43269.80807
11828,3000,43284.594067
11496,3000,43298.481954
12024,3000,43312.221977
11456,3000,43325.686468
11814,3000,43339.706757
11516,3000,43353.083279
11668,3000,43366.47569
11410,3000,43379.919442
11720,3000,43393.717335
11650,3000,43407.662456
11292,3000,43435.069841
11742,3000,43449.174297
11338,3000,43463.641044
11936,3000,43478.210387
11720,3000,43492.243484
11912,3000,43506.21219
11580,3000,43520.015296
11306,3000,43533.88982
11608,3000,43547.010281
11590,3000,43560.98134
11992,3000,43575.185939
11930,3000,43589.30371
11646,3000,43603.44733
11622,3000,43616.778947
11758,3000,43630.407853
11864,3000,43644.639276
11766,3000,43658.251362
11966,3000,43672.841963
11842,3000,43686.920484
11468,3000,43700.992906
11962,3000,43715.432274
11794,3000,43730.029632
11684,3000,43744.06547
11498,3000,43758.133044
11568,3000,43772.396612
11848,3000,43786.806338
11448,3000,43800.526297
11784,3000,43814.749975
11598,3000,43828.681107
11596,3000,43842.838937
11596,3000,43856.161118
11710,3000,43870.129954
12014,3000,43884.514881
11784,3000,43898.545302
12124,3000,43912.634616
11330,3000,43926.406141
11560,3000,43939.970425
11416,3000,43954.628541
11334,3000,43968.444594
11890,3000,43982.807999
11410,3000,43996.633635
11532,3000,44010.528964
11714,3000,44024.732996
11724,3000,44039.0183
11786,3000,44053.280857
12134,3000,44067.480014
11510,3000,44080.599909
11904,3000,44095.007838
11850,3000,44109.208532
11618,3000,44122.683901
11752,3000,44136.570863
12130,3000,44150.602431
11688,3000,44163.972813
11662,3000,44178.426937
11794,3000,44192.55981
11608,3000,44206.554024
11624,3000,44220.202341
11594,3000,44234.197347
11384,3000,44247.978443
11714,3000,44261.764507
11904,3000,44275.651904
11754,3000,44290.09265
11618,3000,44304.164513
11856,3000,44318.500207
11834,3000,44332.798294
11636,3000,44347.046016
11662,3000,44361.102804
11604,3000,44387.961772
11550,3000,44402.474378
11626,3000,44416.627444
11794,3000,44430.793337
12076,3000,44444.840302
11940,3000,44458.509987
11644,3000,44471.983713
11692,3000,44486.626868
11450,3000,44500.490655
11738,3000,44514.354854
11572,3000,44528.752496
11872,3000,44542.706324
11378,3000,44557.046997
11162,3000,44570.635051
11804,3000,44584.961742
11374,3000,44598.896503
11732,3000,44613.013894
11996,3000,44627.272467
11642,3000,44640.79309
11600,3000,44654.70583
11912,3000,44668.949336
11848,3000,44682.895138
11514,3000,44697.10338
11630,3000,44711.190349
11534,3000,44725.448685
11862,3000,44738.892396
11580,3000,44752.428676
11920,3000,44766.733688
11926,3000,44780.578434
11812,3000,44793.93581
11572,3000,44807.484066
11508,3000,44821.723086
11336,3000,44835.069369
12028,3000,44850.066787
11798,3000,44864.130583
11728,3000,44878.109701
11532,3000,44892.030833
11996,3000,44906.175329
11872,3000,44920.018038
12042,3000,44934.028417
11368,3000,44948.072907
11474,3000,44961.410332
11400,3000,44975.164399
11642,3000,44989.634587
12088,3000,45003.760365
11546,3000,45017.68681
11980,3000,45031.520371
11738,3000,45045.133848
11510,3000,45059.109375
12102,3000,45073.033918
11500,3000,45086.984035
11846,3000,45100.7687
11698,3000,45114.702815
11812,3000,45128.830822
11208,3000,45142.329484
11766,3000,45156.423353
11666,3000,45170.290268
11754,3000,45184.57561
11522,3000,45198.924394
11594,3000,45213.087476
11854,3000,45226.719708
11856,3000,45240.726668
11220,3000,45254.948951
11852,3000,45270.070976
11452,3000,45284.245907
11668,3000,45298.687703
11460,3000,45325.985675
11294,3000,45339.257489
11698,3000,45353.42769
11808,3000,45367.250956
11440,3000,45380.971469
11748,3000,45395.466704
11714,3000,45410.148865
11714,3000,45425.285136
11514,3000,45439.644842
11572,3000,45453.644296
11756,3000,45468.110014
12048,3000,45482.145341
11582,3000,45496.155697
11820,3000,45509.894783
11824,3000,45524.252714
11404,3000,45538.655915
11812,3000,45553.146729
11744,3000,45567.012923
11426,3000,45580.92166
11430,3000,45595.361144
11706,3000,45609.756769
11618,3000,45623.874666
11894,3000,45638.218525
11572,3000,45652.287859
11814,3000,45666.875048
11564,3000,45681.794375
11622,3000,45696.013366
11856,3000,45710.590885
11634,3000,45724.38993
11854,3000,45738.733153
11610,3000,45752.720459
11866,3000,45767.90721
11704,3000,45781.902361
11392,3000,45796.527956
12166,3000,45810.774914
11576,3000,45824.529688
11540,3000,45838.354755
11436,3000,45851.986982
11710,3000,45866.049289
11238,3000,45879.635683
11888,3000,45893.634045
11772,3000,45907.316491
11586,3000,45921.678403
11464,3000,45935.405417
11920,3000,45949.522473
11806,3000,45963.29096
11450,3000,45977.107846
11850,3000,45991.427886
12070,3000,46005.838681
11368,3000,46019.487699
11662,3000,46033.218427
12082,3000,46047.408144
11428,3000,46061.459933
11954,3000,46074.971763
11350,3000,46089.249935
11776,3000,46103.512677
11716,3000,46118.233014
11742,3000,46132.567402
12066,3000,46146.996107
11350,3000,46160.148241
11496,3000,46174.82104
11586,3000,46188.89623
11924,3000,46202.694936
11786,3000,46216.379233
11914,3000,46230.030589
11876,3000,46243.939929
11628,3000,46257.157138
12122,3000,46284.281527
11568,3000,46297.384796
11470,3000,46310.534534
11840,3000,46324.567337
11486,3000,46338.374317
11576,3000,46352.471437
11530,3000,46367.445539
12314,3000,46382.078963
11474,3000,46396.007819
11814,3000,46410.164728
11908,3000,46424.074014
11330,3000,46437.995987
12048,3000,46451.714687
11804,3000,46465.270581
11784,3000,46478.576364
12002,3000,46493.188473
11928,3000,46507.261997
11744,3000,46521.270039
11528,3000,46534.560389
11782,3000,46548.805274
11896,3000,46562.548319
11766,3000,46576.592863
11742,3000,46590.744084
11542,3000,46605.293293
11460,3000,46618.991235
12052,3000,46633.359259
11706,3000,46646.932401
11726,3000,46660.812479
11560,3000,46675.001653
11958,3000,46689.068882
12082,3000,46703.244799
12086,3000,46717.720516
11738,3000,46731.662136
11242,3000,46745.874287
11854,3000,46761.03581
11824,3000,46774.966937
11652,3000,46788.680493
11854,3000,46804.041789
12028,3000,46818.316017
11732,3000,46832.301135
11458,3000,46845.961595
11364,3000,46859.206836
11294,3000,46872.632537
11890,3000,46886.992267
11832,3000,46900.580619
11528,3000,46914.654154
11890,3000,46928.209317
12008,3000,46941.95445
11920,3000,46956.186679
11950,3000,46969.888218
11556,3000,46984.015316
11732,3000,46997.57537
11676,3000,47011.038215
11726,3000,47025.717269
11448,3000,47039.61431
11626,3000,47052.633241
11834,3000,47066.143485
11934,3000,47079.882413
11688,3000,47093.787089
11690,3000,47107.952723
11864,3000,47121.936646
11922,3000,47135.707206
11880,3000,47149.638216
12216,3000,47163.819597
11596,3000,47177.509158
11610,3000,47191.354009
11746,3000,47205.312293
11762,3000,47232.82227
11722,3000,47246.897929
11976,3000,47261.19055
11696,3000,47275.393277
11662,3000,47289.490169
11682,3000,47303.993383
11984,3000,47318.142817
11732,3000,47332.212795
11532,3000,47346.522426
11860,3000,47360.405028
11818,3000,47375.040613
12112,3000,47388.848879
11476,3000,47402.5479
12106,3000,47416.36491
11808,3000,47430.340675
11736,3000,47443.778955
11682,3000,47458.115426
11628,3000,47471.703413
11900,3000,47485.887918
11596,3000,47500.047836
11320,3000,47513.784977
11548,3000,47527.19537
11264,3000,47541.236127
11250,3000,47554.621943
11278,3000,47568.215887
11274,3000,47582.119233
11558,3000,47595.735199
11738,3000,47609.729236
11872,3000,47623.678345
11440,3000,47637.284613
11728,3000,47651.267527
11966,3000,47665.580618
11706,3000,47680.021687
11580,3000,47694.024998
11716,3000,47708.089178
11604,3000,47722.530637
11670,3000,47736.637843
11724,3000,47751.179674
11810,3000,47765.448079
11696,3000,47779.930553
11742,3000,47793.48164
11744,3000,47807.354235
11486,3000,47821.633174
11654,3000,47835.635772
11726,3000,47849.809389
11846,3000,47863.666803
11946,3000,47877.67009
11708,3000,47891.223984
11780,3000,47904.975193
11664,3000,47919.342858
11756,3000,47934.03063
11892,3000,47948.309461
12106,3000,47963.376113
12160,3000,47977.952775
11832,3000,47991.868152
11632,3000,48005.971459
11822,3000,48019.76976
11908,3000,48034.202629
12130,3000,48047.908323
11752,3000,48061.888584
11932,3000,48075.840775
11916,3000,48089.413585
11680,3000,48103.295251
11796,3000,48117.08207
11516,3000,48130.963598
11846,3000,48144.949876
11472,3000,48172.004751
11416,3000,48185.681297
11832,3000,48199.853217
11558,3000,48213.894746
11384,3000,48227.893923
11816,3000,48242.26252
11576,3000,48256.272632
11398,3000,48270.717015
11782,3000,48285.633268
11570,3000,48299.685826
11802,3000,48314.00229
11814,3000,48327.710294
11528,3000,48341.821628
11724,3000,48356.157942
11824,3000,48370.129045
11598,3000,48384.2464
11432,3000,48398.471037
11990,3000,48413.00987
11626,3000,48426.915488
11554,3000,48441.206774
11558,3000,48454.583443
11802,3000,48469.014288
12004,3000,48483.061472
11892,3000,48497.281313
11780,3000,48511.815896
11634,3000,48525.230416
11882,3000,48538.729874
11518,3000,48552.773881
11868,3000,48566.444259
12282,3000,48580.542996
11444,3000,48594.540139
11544,3000,48607.864688
12152,3000,48621.829615
11788,3000,48636.105951
11804,3000,48650.689349
12082,3000,48664.995228
11776,3000,48678.691961
11732,3000,48692.363667
11916,3000,48706.944647
11816,3000,48720.662285
11916,3000,48735.387249
11628,3000,48749.493548
11914,3000,48764.27079
11924,3000,48778.64137
11728,3000,48792.591793
11458,3000,48806.940837
11852,3000,48820.727175
12150,3000,48835.24352
11708,3000,48849.626836
11608,3000,48864.03527
11716,3000,48877.596795
11646,3000,48891.743293
11594,3000,48905.417463
11620,3000,48919.658091
11782,3000,48933.805696
11674,3000,48948.263224
11362,3000,48962.183201
11764,3000,48976.497786
11728,3000,48990.959155
11970,3000,49005.662306
11856,3000,49019.757166
11656,3000,49033.449526
11690,3000,49048.368127
11624,3000,49062.633937
11450,3000,49076.306331
11584,3000,49090.356278
11822,3000,49104.618549
11828,3000,49131.653806
11242,3000,49145.531171
11722,3000,49159.081141
11426,3000,49173.275366
11596,3000,49188.17354
11796,3000,49202.793913
11716,3000,49217.235586
11960,3000,49230.764467
11564,3000,49244.980979
11738,3000,49259.005516
11772,3000,49272.609009
12138,3000,49287.424023
11806,3000,49301.356401
11470,3000,49315.225044
11608,3000,49329.530521
11886,3000,49343.427183
11692,3000,49357.568131
11376,3000,49371.527539
11636,3000,49385.851894
11772,3000,49400.612094
11608,3000,49414.667725
11368,3000,49428.862958
11788,3000,49443.275577
11838,3000,49456.960447
11720,3000,49470.458422
11550,3000,49484.730445
11614,3000,49498.807198
11952,3000,49512.746768
11612,3000,49526.689002
11854,3000,49540.925147
11698,3000,49555.515428
11774,3000,49569.497215
11826,3000,49583.091936
11682,3000,49597.504536
11484,3000,49611.451869
11860,3000,49625.994489
11748,3000,49639.492773
11522,3000,49653.52267
11538,3000,49667.220179
11790,3000,49680.805532
11814,3000,49694.667325
11700,3000,49708.94369
12224,3000,49722.996778
11798,3000,49736.781214
12018,3000,49751.024874
11626,3000,49765.298335
11548,3000,49779.06653
11618,3000,49792.867176
11612,3000,49807.027974
11902,3000,49821.569096
11430,3000,49835.875932
11392,3000,49850.608768
11556,3000,49864.376863
11534,3000,49877.943676
11916,3000,49891.583541
11398,3000,49905.392184
11744,3000,49919.450612
11796,3000,49933.717054
11938,3000,49947.917457
11564,3000,49962.15218
11644,3000,49976.180808
11546,3000,49990.771764
11560,3000,50004.738445
11688,3000,50018.308666
11686,3000,50032.113498
11570,3000,50046.230506
11772,3000,50060.573228
11268,3000,50087.361727
11700,3000,50101.566666
11708,3000,50115.671714
11606,3000,50130.005732
11580,3000,50144.072768
11604,3000,50158.388838
11608,3000,50171.796327
11726,3000,50185.620153
11968,3000,50199.920825
11418,3000,50213.893309
11824,3000,50227.911668
11638,3000,50241.38554
11788,3000,50255.072889
11524,3000,50269.34209
11844,3000,50283.15591
11524,3000,50296.457361
11516,3000,50309.993223
11844,3000,50324.259424
11422,3000,50337.699349
11846,3000,50351.807917
11966,3000,50365.835558
11786,3000,50380.040054
12052,3000,50394.369094
11850,3000,50408.142877
11756,3000,50421.875734
11846,3000,50435.893131
11748,3000,50449.740952
11758,3000,50463.565627
11422,3000,50477.102534
11584,3000,50490.944336
11422,3000,50504.932009
11828,3000,50519.198766
11372,3000,50533.195248
11732,3000,50547.141503
11872,3000,50561.448695
11828,3000,50575.192492
11634,3000,50588.99541
11886,3000,50602.355466
12012,3000,50616.778582
11600,3000,50630.81719
11704,3000,50644.551902
11990,3000,50658.95588
11284,3000,50672.419379
11650,3000,50686.770928
11838,3000,50700.826147
11706,3000,50714.35054
11918,3000,50728.547397
11692,3000,50742.14196
11568,3000,50756.44107
11688,3000,50769.858856
12088,3000,50783.958771
11732,3000,50797.999051
11598,3000,50811.701813
11876,3000,50825.47959
11650,3000,50839.178714
11318,3000,50852.507945
11912,3000,50866.455313
11890,3000,50880.500997
11680,3000,50895.166449
11762,3000,50908.974718
11964,3000,50923.027032
11726,3000,50937.375077
11744,3000,50951.545657
11628,3000,50965.281049
11466,3000,50979.470952
11846,3000,50993.720845
11526,3000,51021.185791
11802,3000,51035.746928
11574,3000,51049.575708
11814,3000,51064.224929
11824,3000,51078.400944
11728,3000,51092.46295
11506,3000,51106.303737
11688,3000,51119.295027
11748,3000,51133.704839
11314,3000,51147.780957
11574,3000,51162.164968
11648,3000,51175.866981
11784,3000,51190.405235
11630,3000,51204.601525
11854,3000,51218.735041
11750,3000,51233.166374
11630,3000,51247.830626
11714,3000,51261.722588
11288,3000,51275.742387
11664,3000,51290.292324
11838,3000,51305.156873
11790,3000,51319.098711
11866,3000,51333.111268
11504,3000,51347.331134
11346,3000,51361.033552
11614,3000,51374.49066
11842,3000,51388.443622
12014,3000,51402.850895
11938,3000,51417.454501
11868,3000,51431.979937
11790,3000,51446.20384
11796,3000,51459.910067
12236,3000,51474.594042
11834,3000,51488.168111
11818,3000,51501.794697
11984,3000,51515.600955
12018,3000,51529.06801
11610,3000,51542.837
11570,3000,51556.217941
11752,3000,51570.089638
11430,3000,51583.879205
11834,3000,51597.453142
11558,3000,51610.899406
12004,3000,51624.621074
11814,3000,51638.533086
11672,3000,51652.887075
11356,3000,51667.211314
11740,3000,51681.721896
12010,3000,51696.369398
11850,3000,51710.553504
11816,3000,51724.599213
11668,3000,51738.155645
11554,3000,51752.131297
11826,3000,51766.795808
11776,3000,51781.006965
11922,3000,51795.551761
11584,3000,51809.422952
11852,3000,51823.587319
11778,3000,51838.14968
11798,3000,51852.979858
11656,3000,51867.012416
11646,3000,51881.836048
12084,3000,51896.59146
11734,3000,51910.979888
11568,3000,51924.750395
11366,3000,51938.371975
12036,3000,51952.977516
11480,3000,51979.826352
11504,3000,51993.218244
11954,3000,52007.710418
11452,3000,52021.807736
11790,3000,52035.854682
11338,3000,52049.187203
11830,3000,52062.806179
12074,3000,52076.754619
11638,3000,52090.989878
11654,3000,52105.28563
11558,3000,52120.262007
11512,3000,52134.795406
11548,3000,52148.934275
11426,3000,52162.269425
11728,3000,52176.19367
11840,3000,52190.408104
11480,3000,52204.08113
11432,3000,52218.64366
11600,3000,52232.528991
11812,3000,52246.302753
11648,3000,52260.109549
11652,3000,52274.121121
11394,3000,52287.285585
11562,3000,52300.712775
11118,3000,52314.388972
11474,3000,52327.863275
11440,3000,52341.711276
11804,3000,52355.55345
12144,3000,52370.176237
11992,3000,52384.459981
11644,3000,52398.98014
11742,3000,52412.681024
12042,3000,52426.815472
11766,3000,52441.060887
11946,3000,52454.871832
11692,3000,52468.493145
11856,3000,52482.805137
11996,3000,52497.677093
11542,3000,52511.41611
11804,3000,52525.528849
11768,3000,52539.737098
12318,3000,52553.712685
11988,3000,52567.442478
11610,3000,52581.594508
11868,3000,52596.079363
11834,3000,52609.829093
11892,3000,52623.937884
12098,3000,52638.165918
11760,3000,52651.713173
11826,3000,52665.457541
11782,3000,52678.752722
11766,3000,52692.453896
11830,3000,52706.213252
11728,3000,52720.010319
11856,3000,52734.543397
11454,3000,52747.792046
11542,3000,52761.930336
11332,3000,52775.305676
12046,3000,52789.382953
11950,3000,52804.039776
12120,3000,52818.162449
11652,3000,52831.593577
11910,3000,52844.701325
11534,3000,52858.469831
11690,3000,52873.203451
11744,3000,52887.999562
11686,3000,52902.110852
11738,3000,52928.822868
11456,3000,52942.241827
11660,3000,52955.744429
11794,3000,52969.335513
11868,3000,52984.239382
11904,3000,52998.100773
11556,3000,53012.03799
12080,3000,53025.923752
11370,3000,53039.261559
11918,3000,53053.533008
12172,3000,53067.577079
11604,3000,53081.563727
11828,3000,53095.869308
11980,3000,53109.746488
11896,3000,53124.431753
12256,3000,53138.978883
11834,3000,53152.635498
11386,3000,53166.507459
11736,3000,53180.074573
11726,3000,53194.346619
11966,3000,53208.32248
11596,3000,53222.036116
11882,3000,53235.40765
11762,3000,53249.334377
11632,3000,53263.559398
11604,3000,53277.561571
11742,3000,53291.404703
12158,3000,53305.67906
11632,3000,53319.096699
11934,3000,53333.362469
11418,3000,53347.021947
11512,3000,53361.429542
11718,3000,53374.747263
11896,3000,53389.384632
12124,3000,53404.079029
11768,3000,53417.857519
11908,3000,53431.721828
11578,3000,53445.776894
11554,3000,53460.139899
11406,3000,53473.923348
11434,3000,53487.053238
11656,3000,53501.585427
11720,3000,53515.827561
11430,3000,53529.531935
11336,3000,53543.213818
11748,3000,53556.871316
11548,3000,53570.633887
11878,3000,53584.903708
11548,3000,53598.693213
11518,3000,53612.588729
11752,3000,53627.03942
11832,3000,53641.103135
11864,3000,53655.160346
11858,3000,53668.719345
11688,3000,53682.263232
11514,3000,53696.024453
11490,3000,53710.318186
11692,3000,53723.895074
11718,3000,53737.370502
11422,3000,53751.432023
11426,3000,53765.001045
11650,3000,53779.096352
11590,3000,53793.308629
11820,3000,53807.599758
11644,3000,53821.636168
12076,3000,53836.078435
12274,3000,53863.469921
11832,3000,53878.058257
11718,3000,53892.003263
11606,3000,53906.923219
11146,3000,53920.426344
11872,3000,53934.789967
12176,3000,53948.824274
11824,3000,53963.170595
11794,3000,53976.950935
11816,3000,53992.240995
11500,3000,54008.564964
11634,3000,54020.513447
11846,3000,54031.812617
11746,3000,54043.198326
11736,3000,54055.209058
11504,3000,54066.863898
11532,3000,54078.410064
11556,3000,54090.157345
11608,3000,54101.32279
11458,3000,54112.536851
11940,3000,54124.34063
12038,3000,54136.556496
11602,3000,54148.053487
11654,3000,54159.571266
11732,3000,54171.355136
11414,3000,54182.707863
11822,3000,54194.458219
11700,3000,54206.225385
11828,3000,54218.051917
11856,3000,54229.864421
11834,3000,54241.449409
11686,3000,54253.087412
11686,3000,54264.001261
12094,3000,54275.292561
11856,3000,54287.306841
11724,3000,54299.668132
11766,3000,54311.678096
11600,3000,54323.031644
11962,3000,54334.500368
11880,3000,54346.169775
11370,3000,54357.281892
11730,3000,54368.894922
11948,3000,54380.65706
11642,3000,54392.134149
11696,3000,54404.129457
11756,3000,54415.773212
11740,3000,54427.808744
11682,3000,54438.686495
11916,3000,54450.204665
11654,3000,54461.868842
11496,3000,54473.124133
11864,3000,54485.440455
11712,3000,54497.423805
11938,3000,54509.136359
12272,3000,54520.880785
12044,3000,54532.785675
11638,3000,54544.356766
11636,3000,54556.190885
11664,3000,54567.872527
11682,3000,54579.473394
11818,3000,54591.47962
11778,3000,54603.399735
11710,3000,54614.903786
11838,3000,54626.475227
12054,3000,54638.616936
11724,3000,54649.967669
11454,3000,54662.020811
11514,3000,54685.47877
11634,3000,54696.882534
11774,3000,54708.503401
11522,3000,54720.227776
11966,3000,54731.055144
11744,3000,54742.995321
11718,3000,54754.869812
11626,3000,54766.762451
11816,3000,54778.697135
11486,3000,54790.134521
11676,3000,54801.532487
11710,3000,54813.148237
11408,3000,54824.758782
11922,3000,54835.844704
11838,3000,54847.597383
11414,3000,54859.5998
12082,3000,54871.721458
11768,3000,54883.406233
11916,3000,54895.369083
11262,3000,54906.695363
11622,3000,54918.242766
11832,3000,54929.91785
11508,3000,54941.83432
11812,3000,54953.79794
11656,3000,54964.643321
11702,3000,54976.394996
11780,3000,54988.032139
11594,3000,54999.654718
11678,3000,55011.133784
12100,3000,55023.145921
11772,3000,55035.077583
11544,3000,55046.390113
11952,3000,55058.477249
11800,3000,55070.098647
11640,3000,55081.91432
11806,3000,55093.906928
11976,3000,55105.737255
11704,3000,55117.114581
11554,3000,55128.796795
12080,3000,55141.092885
11752,3000,55152.990157
11722,3000,55164.396658
11802,3000,55175.864038
11714,3000,55187.416696
11708,3000,55198.911327
11970,3000,55211.651302
11804,3000,55223.533756
11582,3000,55235.033798
11500,3000,55246.513623
11488,3000,55257.891855
11294,3000,55269.882882
11768,3000,55281.612387
11984,3000,55293.787437
11618,3000,55306.160018
12032,3000,55317.889698
11512,3000,55328.842635
11826,3000,55340.645675
11728,3000,55352.337965
11544,3000,55364.189795
11592,3000,55376.054544
11364,3000,55387.715026
11982,3000,55400.092491
11262,3000,55411.929984
11512,3000,55423.761168
11698,3000,55435.64759
11730,3000,55446.804602
11772,3000,55459.15082
11784,3000,55481.776107
11638,3000,55493.233282
11804,3000,55504.860389
11906,3000,55516.701368
11648,3000,55528.015028
11982,3000,55540.074988
11818,3000,55551.542421
11994,3000,55562.826021
11862,3000,55574.48593
11726,3000,55585.479277
11500,3000,55596.330541
11654,3000,55607.582842
11618,3000,55619.628332
11500,3000,55630.47733
11654,3000,55642.399752
11610,3000,55654.482096
11850,3000,55666.606452
11290,3000,55678.40767
11700,3000,55690.035651
11970,3000,55701.429717
11766,3000,55713.32235
11696,3000,55725.40044
11684,3000,55737.623626
12004,3000,55749.252273
11694,3000,55760.828421
11836,3000,55772.433718
11554,3000,55784.64465
11934,3000,55796.601174
11706,3000,55808.105692
11254,3000,55820.393339
11748,3000,55831.598916
11496,3000,55842.799456
11562,3000,55853.874896
11888,3000,55864.976739
11936,3000,55876.671981
11152,3000,55888.261635
12052,3000,55899.553548
11620,3000,55911.36382
11654,3000,55923.178334
11538,3000,55935.194846
11544,3000,55947.314712
11604,3000,55959.634884
11914,3000,55970.765626
11732,3000,55981.790434
11714,3000,55993.925005
11190,3000,56005.060091
11574,3000,56016.534909
11502,3000,56028.301008
11520,3000,56039.192313
11760,3000,56051.030774
12054,3000,56063.270205
11888,3000,56074.823302
11666,3000,56086.52016
11742,3000,56098.285931
11786,3000,56110.375399
11476,3000,56122.280017
12064,3000,56134.604967
11784,3000,56146.640321
11362,3000,56158.148598
11644,3000,56169.361741
11944,3000,56181.323652
11512,3000,56193.007716
11576,3000,56204.536893
11688,3000,56216.253932
12090,3000,56228.04071
11562,3000,56239.40785
11504,3000,56262.239232
11844,3000,56274.278322
11606,3000,56286.04742
11762,3000,56297.643234
11512,3000,56309.464489
11616,3000,56321.104408
11664,3000,56333.071761
11944,3000,56344.534879
11454,3000,56356.024884
11582,3000,56367.094587
11720,3000,56378.654977
11824,3000,56390.032501
11898,3000,56402.323275
12076,3000,56414.032145
11678,3000,56425.112745
11420,3000,56435.770024
11660,3000,56447.554506
11822,3000,56458.897294
11206,3000,56470.467775
11976,3000,56481.860358
11160,3000,56494.131072
11874,3000,56506.061394
11960,3000,56517.970613
11530,3000,56530.095484
11964,3000,56541.85981
12014,3000,56553.471524
11276,3000,56564.859301
11934,3000,56576.482206
11888,3000,56588.366359
11932,3000,56599.747785
11894,3000,56611.941864
11484,3000,56623.94831
11682,3000,56635.095526
11612,3000,56646.108882
11870,3000,56657.709085
11436,3000,56669.539522
12074,3000,56681.281041
11580,3000,56693.350035
11654,3000,56705.081747
11724,3000,56716.599459
11618,3000,56727.815197
11728,3000,56739.657642
11750,3000,56751.670348
11712,3000,56763.417596
11816,3000,56774.658209
11694,3000,56786.618034
11504,3000,56797.514475
11482,3000,56809.425137
11454,3000,56821.045256
12074,3000,56832.610595
11620,3000,56844.76741
11520,3000,56855.910719
11850,3000,56868.106967
11620,3000,56879.648457
11662,3000,56891.620074
11740,3000,56903.90852
11698,3000,56915.652012
11648,3000,56927.124295
11486,3000,56939.200838
11540,3000,56951.089022
11904,3000,56962.794202
12014,3000,56974.438711
11504,3000,56985.925013
11570,3000,56997.536049
11530,3000,57008.623772
11994,3000,57021.128716
11700,3000,57032.906165
11844,3000,57055.989554
11630,3000,57067.69668
12102,3000,57079.815228
12026,3000,57091.750035
12020,3000,57104.226311
11818,3000,57116.159489
11874,3000,57127.706516
11692,3000,57139.323323
11372,3000,57151.697188
11674,3000,57163.923621
11306,3000,57175.156466
11946,3000,57187.340751
11842,3000,57199.328467
11882,3000,57211.456529
11790,3000,57222.367042
11636,3000,57233.839813
11828,3000,57245.506366
11820,3000,57257.337042
11782,3000,57268.716525
11586,3000,57280.824627
11684,3000,57292.652607
11896,3000,57304.35587
12010,3000,57316.088471
11832,3000,57327.704766
11738,3000,57339.075742
11642,3000,57350.925318
11602,3000,57362.682351
12350,3000,57374.743912
11608,3000,57386.483509
11948,3000,57397.918611
11626,3000,57409.146997
11654,3000,57421.499968
11460,3000,57432.724628
11490,3000,57444.436432
11328,3000,57455.905731
11636,3000,57467.982261
12054,3000,57479.362032
11762,3000,57491.102444
11544,3000,57502.394274
12120,3000,57513.585677
11918,3000,57525.294147
11530,3000,57537.075039
11360,3000,57548.082054
12262,3000,57560.216959
11736,3000,57572.290085
11932,3000,57584.109792
11462,3000,57595.604452
11780,3000,57607.446192
12288,3000,57619.322531
11452,3000,57630.527492
11392,3000,57641.710273
11890,3000,57653.357206
11422,3000,57665.545805
11616,3000,57677.653325
11580,3000,57689.68506
11744,3000,57701.457597
11794,3000,57712.590732
11458,3000,57724.200138
11502,3000,57735.412235
11868,3000,57747.399118
11508,3000,57758.775709
11768,3000,57770.55452
11616,3000,57781.669613
11854,3000,57792.988106
11862,3000,57804.958572
11420,3000,57816.394881
11310,3000,57828.187603
11690,3000,57851.154257
11318,3000,57862.85661
11400,3000,57874.914314
11996,3000,57886.447224
11802,3000,57897.395688
11616,3000,57908.233552
11966,3000,57920.092047
11658,3000,57930.628216
11726,3000,57942.213008
11880,3000,57953.8239
12008,3000,57965.848162
11218,3000,57977.650133
12140,3000,57989.133999
11956,3000,58000.883453
11634,3000,58013.050516
11482,3000,58024.077993
11730,3000,58035.862174
12034,3000,58047.481223
11572,3000,58059.314444
11532,3000,58071.530113
11558,3000,58083.329526
11550,3000,58094.601257
11820,3000,58106.38434
11882,3000,58117.765922
11164,3000,58129.160503
11700,3000,58140.570286
11714,3000,58151.752881
11914,3000,58163.469885
11842,3000,58175.347806
11892,3000,58187.230931
11770,3000,58199.229659
11618,3000,58210.761374
11954,3000,58222.804342
11278,3000,58234.291248
11694,3000,58246.454787
11658,3000,58257.782599
11550,3000,58269.378826
11942,3000,58281.568881
11708,3000,58293.488574
12078,3000,58305.671706
11828,3000,58317.486867
11684,3000,58328.943553
11436,3000,58340.890368
11910,3000,58352.356161
11824,3000,58363.931779
11746,3000,58375.741076
12072,3000,58387.073067
11656,3000,58399.098511
11712,3000,58410.300115
11712,3000,58421.662185
11848,3000,58432.592638
11394,3000,58443.978673
11618,3000,58455.801617
11502,3000,58467.594823
12028,3000,58479.485669
11578,3000,58490.804588
11450,3000,58503.122151
11656,3000,58514.553734
11766,3000,58526.584765
11706,3000,58538.331309
11808,3000,58550.118796
11684,3000,58562.013682
11498,3000,58573.273253
11554,3000,58585.279376
12054,3000,58597.374775
12000,3000,58608.90707
11630,3000,58631.526278
12110,3000,58643.284078
11864,3000,58654.569401
11268,3000,58666.333348
11466,3000,58678.049427
12194,3000,58689.47407
11806,3000,58700.903747
11764,3000,58712.54853
11688,3000,58724.348593
11962,3000,58736.218448
11520,3000,58748.151168
11878,3000,58759.887464
11638,3000,58770.971179
11822,3000,58783.19242
11952,3000,58794.910084
11632,3000,58806.602608
11352,3000,58818.07626
11806,3000,58830.208338
12194,3000,58842.229216
11630,3000,58853.220614
11534,3000,58864.457015
11936,3000,58875.829665
11678,3000,58887.416457
11458,3000,58898.927431
11692,3000,58910.720455
11654,3000,58922.280984
11274,3000,58933.762259
11382,3000,58945.319694
11744,3000,58956.942867
11866,3000,58969.181349
11308,3000,58980.762559
11634,3000,58992.508092
11908,3000,59004.612344
11538,3000,59015.969451
11730,3000,59027.36574
11768,3000,59039.593987
12028,3000,59051.119599
11886,3000,59062.786295
11842,3000,59074.46829
11458,3000,59086.325961
11360,3000,59098.62781
11804,3000,59110.268059
11782,3000,59121.890482
11824,3000,59133.825744
11624,3000,59145.293558
11786,3000,59156.915846
12060,3000,59169.510163
11868,3000,59181.284116
11872,3000,59192.478947
11432,3000,59203.896754
11484,3000,59215.871523
11722,3000,59227.41976
11968,3000,59238.971228
12366,3000,59250.544588
11700,3000,59261.554619
11942,3000,59273.431309
11948,3000,59285.503782
11368,3000,59297.173929
11972,3000,59309.158505
11958,3000,59320.696441
11252,3000,59332.205085
11620,3000,59343.814946
11772,3000,59355.71666
11768,3000,59367.158262
11690,3000,59378.636862
11606,3000,59390.24748
11762,3000,59402.031863
11490,3000,59425.16401
11930,3000,59436.631644
11532,3000,59448.353741
11932,3000,59459.805508
11878,3000,59471.7798
11676,3000,59483.703276
11772,3000,59495.758315
11446,3000,59507.268815
12024,3000,59519.166895
11854,3000,59531.346235
11702,3000,59542.706369
11818,3000,59554.362043
11882,3000,59566.412746
11702,3000,59578.693648
12176,3000,59590.910038
11586,3000,59602.084734
11802,3000,59613.350631
11392,3000,59624.614835
11616,3000,59636.391194
12020,3000,59648.139028
11730,3000,59659.848851
11756,3000,59671.285073
11348,3000,59682.697761
11748,3000,59693.872307
11664,3000,59705.263599
11964,3000,59716.916026
12146,3000,59728.788525
11676,3000,59739.965237
11828,3000,59752.004234
11536,3000,59763.917852
11610,3000,59775.224385
11616,3000,59787.141987
11492,3000,59799.116516
11428,3000,59811.022986
11814,3000,59822.411062
11934,3000,59834.385899
11848,3000,59845.975116
11676,3000,59857.346435
11384,3000,59869.348504
11976,3000,59880.79934
12154,3000,59892.754343
11842,3000,59904.305283
11870,3000,59916.609414
11808,3000,59928.658008
11504,3000,59940.416021
11896,3000,59952.10952
11844,3000,59963.761052
11620,3000,59975.349529
11946,3000,59987.543502
11806,3000,59999.055622
11508,3000,60010.365649
11722,3000,60021.98897
11736,3000,60034.016493
11594,3000,60045.352144
11862,3000,60057.497065
11826,3000,60068.91521
11640,3000,60080.398238
11500,3000,60091.991066
11724,3000,60104.121156
11684,3000,60115.627441
11396,3000,60127.172219
11206,3000,60138.346304
11654,3000,60150.016796
11648,3000,60162.006653
11538,3000,60173.061368
11988,3000,60184.295389
12022,3000,60196.082355
11554,3000,60219.905744
12144,3000,60231.747533
11764,3000,60243.088521
11734,3000,60255.302927
11536,3000,60266.688713
11660,3000,60278.620049
11756,3000,60290.603392
11506,3000,60301.858736
12164,3000,60313.991108
11714,3000,60325.353544
11622,3000,60337.060292
11740,3000,60349.142906
11962,3000,60360.360379
11784,3000,60372.141595
11278,3000,60383.689964
11608,3000,60395.602111
11690,3000,60407.388084
11804,3000,60418.772287
11480,3000,60429.924414
12138,3000,60441.704651
11962,3000,60453.597956
11906,3000,60464.868479
11704,3000,60476.461011
11268,3000,60487.545777
11352,3000,60499.279991
11474,3000,60511.233572
11826,3000,60522.986747
11698,3000,60535.353387
11942,3000,60547.339049
11784,3000,60558.943038
11268,3000,60570.431686
11364,3000,60581.878581
12058,3000,60593.485676
11542,3000,60604.982446
11786,3000,60616.763365
11166,3000,60628.117661
11602,3000,60639.659131
11682,3000,60651.844192
12220,3000,60663.807676
11910,3000,60675.535959
11824,3000,60687.384808
11756,3000,60699.067549
11214,3000,60710.661379
11698,3000,60722.526852
11554,3000,60734.588944
11540,3000,60746.329912
11744,3000,60757.89118
11884,3000,60769.67218
11734,3000,60780.849287
11686,3000,60792.870111
11656,3000,60804.724548
11410,3000,60816.220491
11692,3000,60827.935046
11580,3000,60838.975626
11580,3000,60850.45494
11540,3000,60862.386812
11782,3000,60874.329295
11740,3000,60885.587606
11692,3000,60897.479612
11664,3000,60909.223056
11426,3000,60920.780609
11970,3000,60932.318932
12050,3000,60943.888549
11798,3000,60955.263048
11384,3000,60967.122219
11722,3000,60979.015035
11752,3000,61001.627339
11942,3000,61013.538377
11542,3000,61025.030645
11438,3000,61036.480823
11622,3000,61047.988731
11828,3000,61059.291012
11550,3000,61070.647684
11546,3000,61081.746322
11790,3000,61093.448928
11762,3000,61105.468153
11800,3000,61117.612586
11688,3000,61128.891219
11628,3000,61141.227304
11518,3000,61152.521747
11346,3000,61163.80073
11824,3000,61174.87765
11732,3000,61185.880151
11450,3000,61197.335899
11548,3000,61208.533954
11790,3000,61221.066779
11712,3000,61232.892814
12034,3000,61244.628454
12012,3000,61256.605067
11398,3000,61268.368761
11922,3000,61280.317628
11698,3000,61291.973038
11424,3000,61303.134039
11562,3000,61314.837905
11538,3000,61326.494125
11786,3000,61338.258528
12014,3000,61349.856086
11644,3000,61361.628985
11616,3000,61373.497758
11750,3000,61384.696058
11938,3000,61396.441079
11882,3000,61407.934214
11462,3000,61419.483338
11394,3000,61430.80594
11992,3000,61442.592115
11582,3000,61454.314974
11424,3000,61465.845052
11774,3000,61477.433681
11846,3000,61489.059071
11990,3000,61501.133881
11528,3000,61512.42429
11602,3000,61524.331434
11968,3000,61536.289942
11982,3000,61548.153405
12002,3000,61560.558223
11866,3000,61572.164006
11726,3000,61583.923497
11418,3000,61595.574179
11640,3000,61607.068951
11746,3000,61618.407247
11540,3000,61630.20888
11916,3000,61642.018749
11954,3000,61653.860213
11602,3000,61665.822698
11338,3000,61677.155186
11942,3000,61689.151051
11682,3000,61700.973848
11514,3000,61712.448103
11620,3000,61724.235502
11668,3000,61736.768914
11724,3000,61748.55958
11622,3000,61760.35129
11764,3000,61772.035548
11582,3000,61794.198164
11590,3000,61806.104984
11734,3000,61818.094373
11030,3000,61829.405757
11406,3000,61841.011726
11678,3000,61852.448076
11804,3000,61863.902382
11752,3000,61875.740068
11740,3000,61887.367939
11800,3000,61899.070148
12024,3000,61911.264822
11474,3000,61922.446769
11546,3000,61933.740751
12210,3000,61945.147186
11342,3000,61957.345266
11262,3000,61968.472291
11934,3000,61980.060486
11644,3000,61991.446532
11584,3000,62003.163954
11522,3000,62014.20146
11730,3000,62026.113783
11634,3000,62037.701068
11596,3000,62049.484074
11920,3000,62060.861648
11640,3000,62072.264382
11752,3000,62083.801861
11640,3000,62095.281904
11524,3000,62106.851595
11804,3000,62118.099514
11802,3000,62129.345625
11570,3000,62141.452151
11586,3000,62152.67479
11538,3000,62164.088543
11992,3000,62175.515421
11524,3000,62187.188549
11540,3000,62198.389806
11676,3000,62210.677209
11568,3000,62221.898476
11650,3000,62233.454756
11258,3000,62244.471651
11718,3000,62255.805246
11382,3000,62267.259114
12008,3000,62279.619938
11696,3000,62291.35673
11972,3000,62302.842963
11758,3000,62314.556204
11764,3000,62326.225253
11842,3000,62337.594235
11868,3000,62349.892455
11580,3000,62361.910872
12042,3000,62373.875057
11594,3000,62385.492734
11832,3000,62397.839898
12192,3000,62409.745947
11932,3000,62421.568132
11670,3000,62432.900639
11208,3000,62444.215001
11894,3000,62456.124149
11640,3000,62467.878179
11834,3000,62479.372324
11918,3000,62491.487974
11568,3000,62503.466909
11288,3000,62514.378557
11664,3000,62526.077347
11770,3000,62537.260496
11636,3000,62548.743853
12096,3000,62560.831336
11584,3000,62583.161774
11904,3000,62594.514181
11462,3000,62605.737574
11610,3000,62617.642393
11734,3000,62629.619012
11734,3000,62640.842525
11784,3000,62652.553793
11924,3000,62664.079372
11496,3000,62676.012731
11656,3000,62686.933579
11710,3000,62698.394321
11670,3000,62709.466948
11994,3000,62721.046399
11676,3000,62732.835065
11178,3000,62744.134119
11914,3000,62756.30933
11670,3000,62767.680645
11734,3000,62779.469625
11740,3000,62790.963804
11982,3000,62802.848677
11452,3000,62814.388416
11672,3000,62826.684678
11294,3000,62838.003217
11914,3000,62849.685349
11764,3000,62861.014855
11720,3000,62872.83874
11480,3000,62884.005531
11676,3000,62895.505884
11618,3000,62907.560625
11834,3000,62919.258128
11498,3000,62930.586806
11994,3000,62942.271418
11550,3000,62953.757793
11476,3000,62965.25504
11842,3000,62977.201865
11912,3000,62989.495837
11696,3000,63001.034655
11676,3000,63012.307232
11810,3000,63023.638205
11524,3000,63035.301444
11766,3000,63047.507281
11676,3000,63059.688517
11804,3000,63071.662892
11508,3000,63083.316675
11730,3000,63095.101681
11666,3000,63106.840066
11512,3000,63118.681155
11490,3000,63130.40369
11568,3000,63142.384823
11798,3000,63153.996439
11512,3000,63166.390343
11470,3000,63177.871561
12236,3000,63189.925249
11728,3000,63201.889128
11308,3000,63213.171219
11892,3000,63224.234131
12062,3000,63236.184166
11886,3000,63247.423922
12120,3000,63259.152089
11640,3000,63270.638415
11740,3000,63282.340455
11810,3000,63294.385916
11746,3000,63306.273521
11810,3000,63318.440516
11842,3000,63330.601239
11720,3000,63341.730338
11826,3000,63365.005006
11722,3000,63376.367817
11910,3000,63388.862699
11682,3000,63400.902832
11418,3000,63411.997473
11618,3000,63424.032353
11376,3000,63436.129194
11716,3000,63447.90357
11104,3000,63459.124459
11760,3000,63470.360476
12080,3000,63481.701442
11444,3000,63493.027123
11582,3000,63505.120625
11870,3000,63516.388581
11412,3000,63528.157602
11680,3000,63539.403511
11676,3000,63550.54319
11892,3000,63562.866364
11620,3000,63574.445576
11598,3000,63585.921087
11704,3000,63597.33032
12086,3000,63608.885376
12034,3000,63621.164431
12086,3000,63633.273442
11526,3000,63645.073458
11418,3000,63656.026622
11808,3000,63667.535183
11690,3000,63679.086809
11214,3000,63690.855718
11598,3000,63702.322314
11420,3000,63714.225023
11912,3000,63726.379294
11494,3000,63737.904681
11956,3000,63749.808376
11860,3000,63761.025473
11650,3000,63773.481009
11520,3000,63785.758505
11362,3000,63797.575048
11864,3000,63809.151942
11708,3000,63820.836947
11890,3000,63833.224093
11950,3000,63845.384305
11852,3000,63857.455051
12048,3000,63869.43249
11972,3000,63881.325363
11934,3000,63892.767622
11576,3000,63904.352118
11496,3000,63916.695685
11676,3000,63928.947701
11704,3000,63940.530056
11560,3000,63952.677006
11864,3000,63964.644804
11788,3000,63976.360365
11650,3000,63987.80396
11556,3000,63999.542995
11548,3000,64011.385397
11966,3000,64022.61209
11774,3000,64034.488509
11658,3000,64046.125067
11864,3000,64057.957719
11746,3000,64069.954594
11444,3000,64081.361515
11914,3000,64093.432885
11378,3000,64104.755289
11584,3000,64116.879319
11548,3000,64128.643958
11478,3000,64140.243868
11902,3000,64163.226132
11418,3000,64175.527233
11612,3000,64186.998646
11640,3000,64199.123054
11644,3000,64210.796201
11792,3000,64222.690454
11482,3000,64233.805422
11556,3000,64245.76527
11984,3000,64257.316066
11754,3000,64269.573874
11722,3000,64281.084811
11830,3000,64292.555652
11636,3000,64304.212752
11552,3000,64315.576413
11862,3000,64327.231365
11950,3000,64339.094363
11754,3000,64350.930136
11882,3000,64363.077611
11880,3000,64375.416359
11514,3000,64387.031749
11862,3000,64398.846377
11802,3000,64410.681292
11270,3000,64422.844152
11440,3000,64434.745887
11538,3000,64446.30964
11466,3000,64457.717999
11838,3000,64469.728926
11508,3000,64481.277805
11368,3000,64493.279612
11740,3000,64504.768065
11354,3000,64515.743239
11220,3000,64527.608097
11660,3000,64539.776155
11518,3000,64551.681127
11354,3000,64563.24875
11434,3000,64574.778135
11620,3000,64586.783258
11828,3000,64598.096946
11586,3000,64610.412473
11654,3000,64621.584869
11782,3000,64633.816726
11912,3000,64645.476812
12074,3000,64657.898714
12384,3000,64669.306641
12130,3000,64681.465259
11786,3000,64693.592176
12188,3000,64705.209961
11576,3000,64716.348413
11482,3000,64728.059878
11504,3000,64740.227904
11628,3000,64753.007884
11578,3000,64764.844676
11758,3000,64777.114013
11502,3000,64789.095243
11504,3000,64800.074337
12052,3000,64812.3239
11896,3000,64823.905147
11414,3000,64835.702733
11504,3000,64847.366171
11724,3000,64859.381573
11904,3000,64870.742347
11792,3000,64882.534709
11792,3000,64894.107791
11750,3000,64905.317822
11906,3000,64917.533317
11910,3000,64929.08381
11568,3000,64940.434237
11658,3000,64963.120477
11614,3000,64975.228097
11846,3000,64987.406533
11770,3000,64998.8731
11628,3000,65009.847625
11906,3000,65021.828843
11474,3000,65033.323282
11512,3000,65044.4755
11426,3000,65055.337511
12040,3000,65066.819654
11790,3000,65078.225209
11730,3000,65089.752029
12058,3000,65101.806693
11932,3000,65113.388744
11700,3000,65125.215261
11694,3000,65136.650832
11682,3000,65148.122764
12074,3000,65160.027991
11912,3000,65171.956234
11966,3000,65183.834345
11360,3000,65194.860352
11786,3000,65206.619181
11498,3000,65217.492971
11954,3000,65229.336532
11488,3000,65241.028924
11468,3000,65252.453608
11944,3000,65264.369073
11692,3000,65276.077454
11864,3000,65287.158746
11866,3000,65298.720282
11498,3000,65310.362585
11904,3000,65321.957661
11576,3000,65333.029995
11696,3000,65344.28314
11754,3000,65355.92316
11626,3000,65367.73374
11432,3000,65379.603817
11564,3000,65390.852615
11536,3000,65402.75927
11514,3000,65413.923889
11596,3000,65425.900886
11448,3000,65437.854706
11894,3000,65449.881346
11428,3000,65461.421276
11146,3000,65472.815032
11676,3000,65484.414603
11988,3000,65496.42042
11664,3000,65508.380794
12052,3000,65520.137002
11556,3000,65531.87327
11520,3000,65543.598897
11900,3000,65555.317279
11724,3000,65567.24696
11550,3000,65579.140601
11656,3000,65590.428218
12106,3000,65602.397832
11756,3000,65613.94914
11194,3000,65625.527526
11728,3000,65636.724698
11532,3000,65648.287427
11508,3000,65659.7186
11728,3000,65671.333483
11782,3000,65683.354958
11302,3000,65695.168777
11722,3000,65707.100035
11976,3000,65718.869438
11504,3000,65741.61686
11848,3000,65753.748988
12022,3000,65765.485318
11984,3000,65776.62732
11652,3000,65788.361552
11568,3000,65799.68308
11360,3000,65811.575698
11602,3000,65822.79481
11666,3000,65834.412768
12216,3000,65846.326896
11738,3000,65857.645813
11666,3000,65868.818156
11888,3000,65881.017535
11856,3000,65892.813017
11650,3000,65904.558504
11806,3000,65916.040655
11652,3000,65927.057308
11566,3000,65938.665038
11804,3000,65950.508964
11868,3000,65962.038197
11686,3000,65973.843332
11580,3000,65985.332723
11576,3000,65996.305764
11802,3000,66007.98115
11628,3000,66019.427404
11462,3000,66031.644421
11786,3000,66043.686969
11478,3000,66055.370392
11818,3000,66067.301761
11572,3000,66078.344865
11982,3000,66089.906955
11480,3000,66101.726084
11776,3000,66113.723212
11564,3000,66125.233354
11908,3000,66136.779654
11956,3000,66148.892585
11776,3000,66160.543143
11722,3000,66172.116577
11518,3000,66183.773056
11914,3000,66196.330788
11932,3000,66207.933935
11768,3000,66219.664453
11752,3000,66231.464777
11530,3000,66242.996283
11786,3000,66254.014407
11456,3000,66265.541515
12156,3000,66276.962406
11742,3000,66289.171498
11860,3000,66301.013556
11896,3000,66313.385948
12038,3000,66325.684769
11680,3000,66337.211136
11530,3000,66348.617066
11812,3000,66360.804895
11768,3000,66372.57518
12066,3000,66384.163741
11512,3000,66395.822977
11786,3000,66407.43338
11630,3000,66419.657499
11576,3000,66430.856282
12034,3000,66442.737483
11476,3000,66454.167639
11564,3000,66465.972253
11570,3000,66477.663551
11782,3000,66490.084564
11562,3000,66501.342261
11620,3000,66512.763699
11736,3000,66535.796776
11482,3000,66547.339993
11838,3000,66559.207182
11694,3000,66571.133739
11824,3000,66582.415864
11646,3000,66594.064429
11612,3000,66605.575039
11822,3000,66617.919105
11708,3000,66629.610471
11688,3000,66641.002756
11642,3000,66652.384345
11786,3000,66663.84971
11658,3000,66675.995319
11742,3000,66687.78754
11506,3000,66699.28762
11960,3000,66711.302826
11844,3000,66722.876065
12026,3000,66734.352166
11618,3000,66746.396462
12002,3000,66758.526843
11724,3000,66769.896422
11446,3000,66782.071284
11492,3000,66793.640213
11770,3000,66805.432307
11820,3000,66817.523554
11848,3000,66829.375541
11722,3000,66841.484542
11414,3000,66852.82245
11476,3000,66863.597566
11796,3000,66875.195302
11758,3000,66886.904986
11844,3000,66898.939959
11892,3000,66911.114276
11580,3000,66922.404546
11456,3000,66934.104088
11212,3000,66945.27609
11466,3000,66956.773751
11610,3000,66968.262207
11660,3000,66979.903603
11414,3000,66990.770752
11982,3000,67002.268577
11454,3000,67013.536618
11634,3000,67025.180929
11658,3000,67036.825197
11566,3000,67048.86212
11924,3000,67060.487803
11490,3000,67072.521677
11678,3000,67083.777074
12000,3000,67095.896697
11734,3000,67107.566518
11514,3000,67119.328146
11802,3000,67130.853389
12016,3000,67142.668823
11674,3000,67154.527767
11680,3000,67166.555105
11526,3000,67178.166867
11642,3000,67189.686095
11232,3000,67201.34682
12082,3000,67214.076766
11768,3000,67225.658405
11800,3000,67237.75598
11434,3000,67249.465991
11580,3000,67260.5654
11348,3000,67272.078024
11490,3000,67283.713373
11424,3000,67295.528406
11852,3000,67307.085865
11842,3000,67329.719565
11626,3000,67340.765584
11694,3000,67352.351458
11136,3000,67363.660882
11744,3000,67375.143675
11448,3000,67386.821155
11670,3000,67398.761698
11796,3000,67410.320213
11860,3000,67421.606614
11534,3000,67433.472985
11982,3000,67445.306404
11730,3000,67456.560981
11650,3000,67468.728424
11644,3000,67480.02217
11802,3000,67491.791895
11626,3000,67503.723584
11572,3000,67515.149065
11668,3000,67526.987501
12302,3000,67538.996046
11914,3000,67550.515015
11626,3000,67561.643136
11744,3000,67573.451758
11948,3000,67585.204721
11524,3000,67597.158765
11626,3000,67609.179117
11674,3000,67620.414209
11812,3000,67632.718344
11508,3000,67644.336181
11540,3000,67655.645968
11610,3000,67667.333233
11524,3000,67679.038338
11344,3000,67690.184281
11610,3000,67701.554042
11876,3000,67712.61978
12262,3000,67724.909505
11984,3000,67736.625502
11284,3000,67748.11626
11564,3000,67759.647044
11898,3000,67771.898634
11500,3000,67783.563656
12002,3000,67795.237231
11652,3000,67806.852961
11596,3000,67818.526392
11776,3000,67830.624827
11446,3000,67842.686586
11480,3000,67854.65702
11830,3000,67866.384222
11908,3000,67878.032113
11670,3000,67889.739443
11868,3000,67901.187418
11312,3000,67912.490853
11676,3000,67923.805034
11570,3000,67935.242769
11646,3000,67946.598641
11706,3000,67958.529195
11744,3000,67970.078201
11680,3000,67981.854546
11654,3000,67993.271032
11572,3000,68004.429509
11542,3000,68016.014193
11900,3000,68027.433329
12078,3000,68039.582742
11706,3000,68051.003377
11646,3000,68063.1081
11720,3000,68075.059369
11410,3000,68086.428602
11796,3000,68108.815098
11334,3000,68120.154394
11256,3000,68131.495213
11948,3000,68142.736566
11348,3000,68154.722112
11752,3000,68166.111453
11700,3000,68177.710321
11686,3000,68189.533419
11534,3000,68200.62489
11722,3000,68211.960439
11990,3000,68224.050527
11936,3000,68235.9131
11616,3000,68247.832184
11820,3000,68259.853472
11786,3000,68271.33862
12098,3000,68283.091743
11984,3000,68295.030823
11446,3000,68306.546072
11658,3000,68318.531176
11682,3000,68330.070303
11870,3000,68341.701008
11524,3000,68353.407092
11824,3000,68364.847513
11702,3000,68376.693751
11766,3000,68388.137307
11590,3000,68399.563483
11574,3000,68410.639225
11468,3000,68422.553551
11448,3000,68434.03809
12014,3000,68446.128158
11556,3000,68457.670367
11758,3000,68469.451843
11470,3000,68480.588747
11904,3000,68492.872533
11640,3000,68504.087255
11580,3000,68514.928228
11578,3000,68526.166992
11736,3000,68538.0963
11598,3000,68550.135898
11622,3000,68561.187274
11526,3000,68572.65159
11934,3000,68584.323189
11724,3000,68596.888766
11732,3000,68608.026823
11662,3000,68619.866726
11672,3000,68631.893227
11504,3000,68643.229855
11730,3000,68655.459944
11360,3000,68667.067015
11866,3000,68678.886361
11492,3000,68690.468274
12112,3000,68702.337666
11728,3000,68714.185591
11568,3000,68725.637275
11884,3000,68737.415485
11482,3000,68749.334694
11752,3000,68761.236249
11738,3000,68773.196277
11838,3000,68785.31477
11332,3000,68796.913493
11550,3000,68808.08235
11732,3000,68819.9134
12086,3000,68832.074771
11686,3000,68843.224642
11310,3000,68854.655292
11670,3000,68866.409374
11472,3000,68878.051241
11542,3000,68901.130545
11884,3000,68913.366773
12004,3000,68924.896928
11404,3000,68936.716012
12028,3000,68948.14245
11884,3000,68960.301752
11814,3000,68972.034687
11798,3000,68983.97294
11568,3000,68995.527668
11816,3000,69007.17838
11844,3000,69018.647267
12062,3000,69030.863866
12102,3000,69043.067557
12046,3000,69055.116684
11390,3000,69066.564628
11728,3000,69078.409006
11758,3000,69090.09189
11862,3000,69101.917773
11404,3000,69113.900649
11862,3000,69125.732377
11550,3000,69137.616733
11716,3000,69149.771338
11766,3000,69161.259054
11596,3000,69173.543939
11954,3000,69185.539299
11712,3000,69196.936366
11356,3000,69208.536381
11914,3000,69219.660304
11762,3000,69231.364673
11484,3000,69243.169836
11638,3000,69254.857878
11976,3000,69266.712771
11678,3000,69278.216031
11802,3000,69290.529316
11572,3000,69301.910087
12008,3000,69313.682616
11920,3000,69325.739829
11572,3000,69337.248727
11392,3000,69348.280302
11638,3000,69359.613217
11462,3000,69371.481962
12146,3000,69383.528534
11516,3000,69395.108853
11630,3000,69406.893996
11700,3000,69418.750866
11552,3000,69430.378146
11646,3000,69441.864432
11764,3000,69453.591587
11470,3000,69465.364706
11526,3000,69477.337647
11710,3000,69489.492896
11398,3000,69501.220158
11634,3000,69512.609043
11320,3000,69523.886108
11480,3000,69535.550219
11760,3000,69547.068116
12004,3000,69558.65313
11606,3000,69569.847384
11752,3000,69581.638584
11808,3000,69593.862512
11552,3000,69605.406969
11978,3000,69617.106012
11780,3000,69628.753642
12202,3000,69640.920925
11512,3000,69653.300668
11658,3000,69664.659734
11642,3000,69676.404303
11444,3000,69698.6429
11422,3000,69710.10921
11762,3000,69721.710773
11954,3000,69732.90063
12104,3000,69745.032695
11290,3000,69756.390691
11430,3000,69768.330662
11674,3000,69780.121257
11750,3000,69792.075487
11986,3000,69804.568138
11896,3000,69816.425469
11626,3000,69828.190779
11666,3000,69839.795175
11524,3000,69851.258063
12198,3000,69863.015286
11754,3000,69874.491564
12016,3000,69886.421703
11616,3000,69897.947557
12066,3000,69909.49551
11674,3000,69921.249912
11896,3000,69933.470854
12146,3000,69945.687422
11564,3000,69957.480215
11460,3000,69969.66472
11606,3000,69981.997136
11662,3000,69993.987775
11946,3000,70006.244884
11868,3000,70018.317881
11796,3000,70029.529583
11404,3000,70041.425584
11700,3000,70052.92523
11868,3000,70065.228232
11764,3000,70077.475892
11702,3000,70088.843097
11746,3000,70100.817692
11912,3000,70112.814106
11396,3000,70124.42424
12146,3000,70136.90173
11746,3000,70148.867903
11312,3000,70160.087289
11666,3000,70171.546686
11438,3000,70182.735174
11512,3000,70194.69663
11660,3000,70206.617797
11490,3000,70218.712236
11954,3000,70230.61795
11986,3000,70242.540064
11736,3000,70254.006718
11782,3000,70265.80494
12338,3000,70277.781519
11522,3000,70289.295318
11786,3000,70300.625775
11892,3000,70312.521422
11890,3000,70324.098322
11504,3000,70335.178103
11694,3000,70346.976305
11354,3000,70357.902393
11626,3000,70369.406431
11722,3000,70381.105906
11974,3000,70392.931705
11730,3000,70404.815788
11672,3000,70416.344396
11558,3000,70428.183511
11816,3000,70439.833682
11794,3000,70451.39694
11602,3000,70463.518943
11854,3000,70486.427173
11902,3000,70498.257118
11838,3000,70509.763065
11770,3000,70521.697033
11878,3000,70532.902885
11584,3000,70544.574335
11582,3000,70555.832278
11896,3000,70567.799214
11492,3000,70579.088105
11702,3000,70590.584849
11574,3000,70601.53474
11696,3000,70613.925565
11628,3000,70625.64935
11964,3000,70637.05318
11316,3000,70648.468596
11584,3000,70660.20635
11678,3000,70672.133614
11836,3000,70683.341505
11666,3000,70694.574745
11800,3000,70705.804902
11734,3000,70718.003956
11340,3000,70729.681404
11974,3000,70741.111733
11606,3000,70752.457148
11778,3000,70764.43408
11744,3000,70775.839476
11658,3000,70787.483417
11472,3000,70799.287046
11874,3000,70810.938758
11914,3000,70822.995969
11820,3000,70834.229312
11354,3000,70845.769276
11716,3000,70857.945505
11866,3000,70870.070162
11722,3000,70881.93604
11612,3000,70893.517491
11914,3000,70905.137968
11934,3000,70916.646955
11534,3000,70927.894084
11978,3000,70940.324761
11522,3000,70951.67777
11534,3000,70963.132118
11586,3000,70974.945837
11726,3000,70986.524611
11712,3000,70998.140745
11490,3000,71009.361831
11398,3000,71020.905018
12036,3000,71032.850014
11748,3000,71045.185884
11948,3000,71056.816802
11900,3000,71068.664986
11808,3000,71080.235542
12134,3000,71092.272464
11546,3000,71104.039499
11944,3000,71115.789201
11750,3000,71127.47261
11420,3000,71139.173796
11538,3000,71150.73972
11858,3000,71162.826771
11694,3000,71174.768148
11630,3000,71186.038696
11400,3000,71197.908111
11810,3000,71210.456438
11856,3000,71222.585841
11750,3000,71234.596664
11704,3000,71246.15519
11760,3000,71258.16604
11512,3000,71282.235474
11940,3000,71294.278937
11792,3000,71306.104349
11558,3000,71317.694276
11454,3000,71329.136491
11596,3000,71340.497681
11418,3000,71351.667187
11758,3000,71363.161184
11482,3000,71374.743764
11692,3000,71385.990651
12106,3000,71397.883106
11402,3000,71410.093276
11806,3000,71422.185616
11508,3000,71433.473066
11836,3000,71445.254589
11810,3000,71456.769101
11440,3000,71468.563026
11956,3000,71480.081858
11958,3000,71491.915703
11598,3000,71503.355075
11540,3000,71514.79044
11632,3000,71526.292921
11980,3000,71538.285175
11518,3000,71550.080257
11774,3000,71562.094963
11832,3000,71573.424514
11718,3000,71584.362226
11452,3000,71595.860424
11414,3000,71607.356915
11620,3000,71619.492023
11614,3000,71631.506989
11688,3000,71642.972383
11624,3000,71654.256459
11738,3000,71665.215765
11944,3000,71676.714468
11684,3000,71688.041839
11698,3000,71700.279493
11456,3000,71711.878173
11948,3000,71723.684243
11512,3000,71735.416846
11600,3000,71746.918733
11978,3000,71758.779129
11314,3000,71770.730184
11538,3000,71782.450757
11504,3000,71794.187505
11622,3000,71805.945531
11774,3000,71817.546733
11688,3000,71829.068995
11402,3000,71840.420612
11700,3000,71852.330967
11966,3000,71863.605959
11684,3000,71874.284669
11380,3000,71886.091121
11390,3000,71898.524475
11738,3000,71910.702788
11960,3000,71922.502635
11854,3000,71933.83867
11562,3000,71945.2854
11932,3000,71957.312198
11928,3000,71969.481478
11600,3000,71981.024183
11764,3000,71993.009881
11620,3000,72004.097791
11690,3000,72016.018613
11544,3000,72028.02777
11652,3000,72039.299796
11808,3000,72051.429833
11466,3000,72074.014799
11728,3000,72086.302035
11676,3000,72097.926322
11794,3000,72109.724812
11434,3000,72121.802092
11808,3000,72133.476114
11934,3000,72145.058922
11756,3000,72156.955234
11766,3000,72169.111085
11606,3000,72181.255985
11660,3000,72192.938315
11798,3000,72204.527542
11504,3000,72215.649373
11898,3000,72227.312091
11718,3000,72239.228602
11904,3000,72251.010671
11788,3000,72262.536152
12158,3000,72274.210123
11964,3000,72285.783521
11404,3000,72297.305372
11484,3000,72308.766622
12002,3000,72320.636732
11766,3000,72332.596614
11826,3000,72344.286958
11948,3000,72355.571769
11674,3000,72367.028736
11740,3000,72378.254181
11950,3000,72389.82289
11576,3000,72401.183928
11252,3000,72412.542437
11936,3000,72424.632829
11948,3000,72436.497448
11528,3000,72447.767222
11774,3000,72459.224765
11848,3000,72470.978125
11888,3000,72482.501429
11122,3000,72494.004031
11478,3000,72505.482683
11708,3000,72517.013426
11748,3000,72528.838475
11768,3000,72540.467835
11518,3000,72552.291249
11564,3000,72563.896638
11378,3000,72575.67453
11830,3000,72587.462658
11648,3000,72598.737097
11744,3000,72610.443502
11580,3000,72622.934023
11900,3000,72634.27059
12180,3000,72645.962142
11658,3000,72657.633471
11522,3000,72669.046765
11674,3000,72680.901559
11622,3000,72692.863711
12030,3000,72704.678044
11898,3000,72716.124048
11704,3000,72727.909168
11828,3000,72739.612481
11612,3000,72750.916424
11710,3000,72763.278505
11844,3000,72774.528855
11488,3000,72785.854854
11724,3000,72798.220447
11560,3000,72809.909774
11618,3000,72821.414708
11306,3000,72833.353805
11362,3000,72855.489365
11744,3000,72867.543157
11614,3000,72879.549999
11750,3000,72891.231521
11460,3000,72902.906322
11518,3000,72914.581178
11570,3000,72926.033928
11876,3000,72937.75933
11808,3000,72950.286411
11240,3000,72961.955695
11460,3000,72973.558672
11838,3000,72985.4374
11634,3000,72996.836453
11884,3000,73008.90445
11786,3000,73020.284276
11870,3000,73031.882067
11890,3000,73043.490005
11832,3000,73055.547329
11700,3000,73067.626803
11954,3000,73079.622132
11982,3000,73091.78087
11970,3000,73103.537197
11464,3000,73114.80983
11580,3000,73126.48979
11890,3000,73137.720083
11816,3000,73148.920213
11656,3000,73161.457418
11686,3000,73173.624908
11712,3000,73185.370351
11806,3000,73196.766051
11830,3000,73208.203531
11918,3000,73219.732482
11478,3000,73231.137991
12082,3000,73242.968951
11752,3000,73254.81318
11842,3000,73266.851478
11704,3000,73278.895013
11574,3000,73290.238603
11802,3000,73301.327073
11900,3000,73313.257298
11886,3000,73325.765806
11798,3000,73338.153129
11636,3000,73350.03568
11816,3000,73361.515366
11656,3000,73373.13072
11596,3000,73384.545383
11490,3000,73396.104814
11702,3000,73407.595947
11638,3000,73418.90651
11596,3000,73430.710038
11596,3000,73442.442485
11364,3000,73453.817177
11654,3000,73465.29464
11836,3000,73477.203635
11790,3000,73488.957647
11612,3000,73500.645371
11614,3000,73512.443982
11834,3000,73524.732977
12050,3000,73536.567292
11922,3000,73548.457257
11946,3000,73560.138274
11894,3000,73571.874143
11812,3000,73584.069172
11788,3000,73595.510785
11838,3000,73606.754542
11626,3000,73618.515833
11360,3000,73630.054733
11750,3000,73653.31046
11872,3000,73664.804207
11590,3000,73676.018776
11974,3000,73688.198794
11564,3000,73700.078918
11628,3000,73711.724003
11880,3000,73723.228263
11578,3000,73735.451925
11908,3000,73747.180147
11540,3000,73758.815575
11470,3000,73770.829606
11504,3000,73782.46338
12066,3000,73794.255814
11426,3000,73805.456012
11494,3000,73817.175692
11552,3000,73828.152286
11390,3000,73839.188158
11458,3000,73851.344842
11840,3000,73863.401076
11400,3000,73874.547853
11546,3000,73886.102879
11676,3000,73897.521745
11698,3000,73909.043056
11592,3000,73920.85623
11148,3000,73932.034504
11836,3000,73943.909822
11686,3000,73954.852968
11476,3000,73966.339189
12116,3000,73978.097827
11582,3000,73989.622633
11326,3000,74000.667441
11378,3000,74012.444015
11714,3000,74023.609615
11270,3000,74035.867553
11894,3000,74047.706767
11934,3000,74059.694862
11842,3000,74071.085838
11530,3000,74082.045347
11750,3000,74093.293602
11804,3000,74105.260777
11864,3000,74117.286476
11636,3000,74128.545795
11880,3000,74140.52281
11458,3000,74152.219254
11686,3000,74164.051457
11216,3000,74174.939458
11586,3000,74186.29372
11508,3000,74197.829744
11476,3000,74209.505164
11676,3000,74221.300202
11818,3000,74233.028869
11670,3000,74244.873796
11492,3000,74256.194165
11722,3000,74267.950783
11842,3000,74279.909057
11870,3000,74291.735902
11618,3000,74303.158135
11790,3000,74314.766945
11544,3000,74326.070222
11372,3000,74338.301328
11858,3000,74350.157975
11636,3000,74361.542016
11776,3000,74373.565111
11412,3000,74385.23525
11768,3000,74396.89884
11500,3000,74408.386391
11780,3000,74420.223546
11664,3000,74443.370329
11680,3000,74454.837557
11894,3000,74466.715879
11586,3000,74478.933507
11488,3000,74490.123309
11366,3000,74501.912996
11728,3000,74513.158047
11536,3000,74524.822208
11972,3000,74536.40106
11466,3000,74547.592333
11770,3000,74558.971286
11854,3000,74570.911477
11818,3000,74582.665943
12142,3000,74594.67324
11478,3000,74606.583196
11832,3000,74618.62168
11630,3000,74630.607616
11624,3000,74642.17647
11474,3000,74653.21144
11824,3000,74664.993073
12018,3000,74676.93648
11792,3000,74688.859228
11470,3000,74701.114549
11652,3000,74712.494436
11402,3000,74724.307777
11882,3000,74736.130927
11964,3000,74747.913504
11764,3000,74759.440392
12024,3000,74770.620805
11738,3000,74782.419996
11230,3000,74794.438942
11874,3000,74805.943944
11652,3000,74817.723229
11766,3000,74828.996806
11718,3000,74841.314023
11900,3000,74853.424855
11738,3000,74865.423685
11706,3000,74877.223217
12004,3000,74888.989293
11648,3000,74900.552416
11950,3000,74912.147809
11272,3000,74923.53343
11696,3000,74934.830652
11508,3000,74947.083137
11572,3000,74958.350579
11866,3000,74970.162537
12154,3000,74982.142612
11378,3000,74993.939294
11496,3000,75005.383837
11884,3000,75017.357844
11634,3000,75028.87734
11592,3000,75040.500224
11384,3000,75052.592232
11738,3000,75063.8576
12026,3000,75075.81108
11478,3000,75086.99253
11760,3000,75098.880641
11914,3000,75110.935268
11628,3000,75122.739931
11792,3000,75134.581819
11556,3000,75146.400771
11596,3000,75157.753914
11700,3000,75168.580801
11520,3000,75180.082146
11414,3000,75191.76748
11462,3000,75203.19705
11396,3000,75226.550309
11510,3000,75238.642973
11574,3000,75250.397082
11538,3000,75261.670802
12022,3000,75273.307809
12036,3000,75285.326466
11698,3000,75296.794576
11514,3000,75307.860886
11712,3000,75319.887059
11640,3000,75331.664089
11614,3000,75343.453278
11448,3000,75354.82681
11572,3000,75366.090933
11626,3000,75377.156433
11636,3000,75389.059097
11770,3000,75400.644034
11652,3000,75412.375018
11730,3000,75423.780121
12032,3000,75434.956465
11760,3000,75446.287404
11526,3000,75458.471616
11504,3000,75469.932638
11742,3000,75481.893142
11536,3000,75493.708416
11480,3000,75505.531994
11590,3000,75517.341461
11970,3000,75529.324764
11416,3000,75541.295291
12106,3000,75552.718083
11884,3000,75564.584511
11780,3000,75576.488746
11656,3000,75587.685403
11802,3000,75599.74614
11856,3000,75611.252212
11800,3000,75623.155421
11978,3000,75634.817267
11220,3000,75646.539131
11866,3000,75658.506447
11832,3000,75669.986225
11456,3000,75680.892576
11736,3000,75692.398459
11864,3000,75703.88461
11896,3000,75716.022116
11840,3000,75728.298546
11806,3000,75740.250575
11770,3000,75751.992802
11638,3000,75763.291977
11612,3000,75774.770643
11316,3000,75786.58777
11384,3000,75798.047618
11870,3000,75809.67965
11972,3000,75821.473082
11564,3000,75832.707199
11558,3000,75844.29755
11428,3000,75855.511238
11964,3000,75867.391003
11818,3000,75878.826989
12084,3000,75890.742692
11714,3000,75902.23565
11512,3000,75913.949249
11800,3000,75926.148745
11270,3000,75938.222542
11650,3000,75949.749542
11722,3000,75961.895682
11910,3000,75973.95173
11910,3000,75985.778449
11640,3000,75997.572755
11782,3000,76020.642863
12192,3000,76033.135669
11672,3000,76044.979041
11502,3000,76055.964311
11316,3000,76067.894608
11842,3000,76080.225324
11886,3000,76092.501911
12296,3000,76104.475377
11482,3000,76115.691664
11796,3000,76127.090719
11654,3000,76138.948193
11246,3000,76150.771478
11376,3000,76162.489488
11816,3000,76173.809337
11806,3000,76184.676028
11830,3000,76196.439114
11582,3000,76208.100528
11836,3000,76220.222978
11716,3000,76232.063448
11698,3000,76243.482757
11730,3000,76255.277958
12116,3000,76266.78969
11466,3000,76278.697915
11866,3000,76290.558764
11822,3000,76302.022967
11354,3000,76313.365553
11840,3000,76325.068517
11518,3000,76336.9534
11574,3000,76348.634796
11534,3000,76360.269576
11984,3000,76372.078768
11594,3000,76382.71372
11600,3000,76394.625048
11616,3000,76405.995049
11466,3000,76416.985759
11464,3000,76428.776605
11716,3000,76440.09639
11610,3000,76451.563692
11684,3000,76463.249014
12112,3000,76474.926725
11412,3000,76486.218114
11716,3000,76497.861965
11364,3000,76509.45576
12016,3000,76521.283736
11666,3000,76532.485996
11660,3000,76543.831163
11722,3000,76555.818834
11680,3000,76567.046501
11312,3000,76578.410414
11656,3000,76590.394098
12046,3000,76601.818483
11804,3000,76613.584038
11466,3000,76625.251302
11448,3000,76636.582386
11682,3000,76647.952786
11862,3000,76659.693758
11314,3000,76671.227284
11216,3000,76682.429504
11936,3000,76694.277244
11974,3000,76706.094093
11850,3000,76717.764855
11440,3000,76729.41985
11942,3000,76741.250389
11580,3000,76752.392921
11854,3000,76764.366808
11240,3000,76775.542645
11584,3000,76787.517242
11554,3000,76810.475141
11656,3000,76822.396439
11924,3000,76834.02326
11272,3000,76845.203737
11788,3000,76856.271352
11462,3000,76867.773406
11234,3000,76879.739892
11690,3000,76891.616316
11704,3000,76903.64399
11592,3000,76914.998629
11738,3000,76926.481873
11986,3000,76938.060223
11548,3000,76949.502291
11844,3000,76960.601576
11774,3000,76971.87312
11686,3000,76983.876417
11794,3000,76995.910192
11706,3000,77006.899797
11568,3000,77018.890159
11728,3000,77030.441867
11358,3000,77042.096426
11832,3000,77053.953745
12174,3000,77065.73733
11754,3000,77077.8871
11720,3000,77089.504405
11654,3000,77101.2416
12096,3000,77113.053553
12122,3000,77124.469138
11362,3000,77136.29786
11632,3000,77148.169801
11936,3000,77159.797836
11490,3000,77170.880864
11666,3000,77182.774466
11462,3000,77194.626354
11648,3000,77206.175379
11708,3000,77217.924239
11770,3000,77229.931389
11624,3000,77241.456435
11812,3000,77253.244369
11810,3000,77264.70602
11930,3000,77276.553565
11768,3000,77288.875595
11546,3000,77300.447599
11742,3000,77312.000152
11746,3000,77323.823809
11632,3000,77335.672756
11450,3000,77347.282555
11896,3000,77359.120459
11118,3000,77370.272485
11570,3000,77381.559228
11440,3000,77392.965943
11720,3000,77404.972312
11600,3000,77416.7544
11570,3000,77428.367458
11628,3000,77439.615059
11176,3000,77451.108361
12132,3000,77462.564863
11242,3000,77474.094528
11576,3000,77485.501897
11482,3000,77496.964697
12148,3000,77508.666364
11726,3000,77519.847019
11854,3000,77531.486717
11528,3000,77543.241989
11784,3000,77555.17637
11528,3000,77566.952649
11726,3000,77590.459288
11318,3000,77601.994866
11664,3000,77613.421722
11708,3000,77625.087042
11788,3000,77637.166579
11652,3000,77648.559629
11680,3000,77660.06721
11744,3000,77671.468834
11622,3000,77682.581636
11414,3000,77694.347107
11528,3000,77706.253799
11708,3000,77718.266447
11734,3000,77729.425711
11600,3000,77740.519787
11592,3000,77752.017257
11910,3000,77763.914536
11594,3000,77775.504864
11698,3000,77787.176154
11920,3000,77799.371531
12274,3000,77811.464517
11416,3000,77823.36777
11998,3000,77834.304408
11712,3000,77846.166371
11704,3000,77858.212077
11900,3000,77870.212273
11712,3000,77881.888508
11470,3000,77893.743275
11458,3000,77904.624243
11766,3000,77916.345337
11780,3000,77927.883504
11534,3000,77939.362852
11738,3000,77951.554897
11572,3000,77963.339418
11576,3000,77974.849827
11534,3000,77986.53592
11900,3000,77998.607767
11626,3000,78010.515397
11732,3000,78021.13481
11640,3000,78032.319198
12304,3000,78044.456804
11622,3000,78055.926083
11492,3000,78067.476154
11746,3000,78079.324396
12046,3000,78090.678376
11562,3000,78102.333698
11612,3000,78114.25392
12308,3000,78125.926575
11668,3000,78137.271411
11856,3000,78148.429788
11738,3000,78159.366128
11658,3000,78170.742371
11984,3000,78182.321627
11874,3000,78193.56732
11456,3000,78205.657529
11508,3000,78216.326214
11920,3000,78228.307055
12154,3000,78240.380649
11776,3000,78251.735053
11914,3000,78263.88585
11766,3000,78274.829862
11702,3000,78286.445493
11884,3000,78297.845669
11550,3000,78309.290621
11852,3000,78321.079187
11732,3000,78333.322536
11936,3000,78344.689507
11336,3000,78356.028792
11734,3000,78379.404966
11722,3000,78391.081695
11366,3000,78402.502018
11858,3000,78414.18135
11478,3000,78425.451264
11608,3000,78436.91921
11518,3000,78448.538735
11672,3000,78460.382956
11942,3000,78472.411685
11546,3000,78483.822466
11648,3000,78495.547538
11722,3000,78507.032147
11778,3000,78519.42484
11864,3000,78531.373752
11774,3000,78543.320073
11602,3000,78554.971206
11310,3000,78566.514457
11682,3000,78578.271519
11220,3000,78589.43677
11800,3000,78601.329338
11360,3000,78612.977886
11814,3000,78624.900821
11546,3000,78636.127956
11852,3000,78648.08991
11412,3000,78659.678245
11444,3000,78670.954712
11668,3000,78682.59971
11706,3000,78694.177735
11800,3000,78705.755956
11360,3000,78717.439133
11514,3000,78729.206537
11650,3000,78740.006417
11862,3000,78752.548877
11670,3000,78763.798599
11730,3000,78775.779075
11650,3000,78787.034541
11730,3000,78798.953098
11292,3000,78811.190378
11486,3000,78822.45063
11662,3000,78833.570986
11584,3000,78844.748547
11566,3000,78856.308338
11540,3000,78868.340466
11330,3000,78879.849891
11616,3000,78891.175234
11914,3000,78903.246738
11566,3000,78914.786588
12080,3000,78926.784205
11772,3000,78938.785728
11994,3000,78950.48626
11872,3000,78962.44563
11794,3000,78973.966334
11944,3000,78985.459821
11222,3000,78996.546695
11704,3000,79008.085306
11744,3000,79019.616704
11492,3000,79031.17237
11662,3000,79042.886229
11620,3000,79054.438705
11252,3000,79065.744127
11868,3000,79077.018115
11762,3000,79089.672687
11226,3000,79101.075316
11516,3000,79112.16543
11970,3000,79123.604554
11528,3000,79135.199811
11640,3000,79147.212816
11686,3000,79170.292689
11618,3000,79181.500506
11860,3000,79192.99715
11688,3000,79204.933572
11562,3000,79216.397216
12130,3000,79227.604418
11324,3000,79239.084247
11162,3000,79250.733579
12190,3000,79263.40437
11380,3000,79274.633815
11944,3000,79286.192805
11662,3000,79297.70627
11754,3000,79309.278272
11828,3000,79321.187314
11794,3000,79332.373838
11720,3000,79344.778772
11964,3000,79356.473361
11930,3000,79368.020117
11838,3000,79379.779485
12054,3000,79391.74341
11754,3000,79403.752766
11332,3000,79415.337121
11912,3000,79427.135426
11594,3000,79438.880352
11810,3000,79450.710095
11730,3000,79462.443824
11990,3000,79474.811583
12112,3000,79486.819333
11748,3000,79499.047536
11604,3000,79510.31123
11580,3000,79522.361424
11888,3000,79534.299315
11248,3000,79545.707406
12014,3000,79557.223384
11590,3000,79569.244859
11522,3000,79580.931247
11714,3000,79592.627696
11706,3000,79604.402334
11598,3000,79615.5862
11382,3000,79627.719265
11440,3000,79639.166049
11910,3000,79650.883918
11738,3000,79662.460174
11776,3000,79674.421937
11770,3000,79686.277458
11200,3000,79697.188641
11580,3000,79708.177191
11742,3000,79719.7965
11772,3000,79731.511066
11608,3000,79742.938156
11630,3000,79754.751188
11576,3000,79766.565595
11422,3000,79777.813048
11628,3000,79789.316827
11538,3000,79800.417784
11458,3000,79811.884389
11444,3000,79823.544097
11814,3000,79835.364972
11700,3000,79846.778122
11806,3000,79858.817472
11808,3000,79871.19714
11754,3000,79882.78757
11372,3000,79895.137934
11588,3000,79907.03266
11526,3000,79919.021016
11524,3000,79930.041991
11972,3000,79952.452327
11760,3000,79964.749754
12034,3000,79976.350703
11376,3000,79988.155243
11582,3000,79999.725605
11970,3000,80011.593907
12032,3000,80022.898695
11534,3000,80034.503242
12052,3000,80046.368322
11572,3000,80057.399022
11708,3000,80069.033644
11568,3000,80080.997209
11664,3000,80092.835433
11420,3000,80103.519688
11690,3000,80115.185505
11892,3000,80126.594536
11616,3000,80138.198121
11780,3000,80149.817694
11894,3000,80161.816148
11526,3000,80173.872608
11972,3000,80185.868301
11552,3000,80196.696155
11074,3000,80208.246848
11754,3000,80219.671211
11620,3000,80230.803349
11940,3000,80242.138919
11958,3000,80253.80689
11550,3000,80265.1757
11958,3000,80277.449279
11568,3000,80289.049363
12016,3000,80301.043561
12260,3000,80313.210161
11720,3000,80324.98831
11698,3000,80336.707283
11300,3000,80347.847342
11848,3000,80359.930818
11594,3000,80371.212313
11978,3000,80383.432767
11922,3000,80395.675778
11536,3000,80407.496665
11852,3000,80419.387451
11584,3000,80430.459008
11878,3000,80442.741905
12016,3000,80454.534041
11614,3000,80466.40078
11792,3000,80478.045492
11550,3000,80489.084635
11566,3000,80500.030612
11314,3000,80511.672841
11662,3000,80522.982302
11654,3000,80534.497064
11336,3000,80546.139684
11428,3000,80557.812829
12254,3000,80569.637863
11656,3000,80581.688801
11992,3000,80593.679984
11610,3000,80605.055603
11534,3000,80616.244824
11640,3000,80627.889179
11404,3000,80640.010249
11814,3000,80651.630376
11570,3000,80663.972824
11430,3000,80675.127042
11650,3000,80686.669413
11974,3000,80698.742416
11752,3000,80710.496847
11708,3000,80722.302595
11844,3000,80744.39028
11306,3000,80756.258493
11684,3000,80768.114053
11518,3000,80780.049697
11762,3000,80791.716346
11646,3000,80803.558146
11940,3000,80814.960797
11848,3000,80826.539185
11566,3000,80838.587173
11048,3000,80849.738658
11448,3000,80861.296599
11636,3000,80872.987828
11786,3000,80884.750848
11312,3000,80896.498965
11418,3000,80908.187801
11666,3000,80918.968044
11574,3000,80930.553755
11470,3000,80942.027618
11662,3000,80953.649648
11934,3000,80965.216378
11440,3000,80976.638576
11196,3000,80987.972093
11614,3000,80999.733097
11636,3000,81011.457839
11424,3000,81023.973222
11516,3000,81035.703655
11494,3000,81047.467219
11802,3000,81058.625631
11864,3000,81070.76347
11598,3000,81082.943801
11352,3000,81094.450686
11564,3000,81105.728332
11506,3000,81117.082094
11594,3000,81128.936605
11332,3000,81140.847175
11622,3000,81153.064636
11356,3000,81164.439243
12006,3000,81176.381174
11928,3000,81187.935549
11320,3000,81199.782483
11726,3000,81211.141006
11984,3000,81223.056773
11602,3000,81235.306604
11970,3000,81246.624427
11486,3000,81258.619679
11436,3000,81270.623012
11514,3000,81282.381669
12082,3000,81294.590769
11328,3000,81306.774709
11844,3000,81318.552777
11520,3000,81329.859453
11892,3000,81341.592715
11668,3000,81353.12511
11770,3000,81364.589806
11722,3000,81376.266346
11858,3000,81388.347283
11610,3000,81399.843751
11628,3000,81411.018486
11674,3000,81422.462304
11978,3000,81433.491361
11976,3000,81445.553125
11554,3000,81456.954134
11666,3000,81468.645589
11896,3000,81480.826412
11892,3000,81492.279417
11688,3000,81503.991781
11580,3000,81515.815724
11944,3000,81538.469972
11620,3000,81550.042678
11600,3000,81561.453872
11732,3000,81573.621053
11466,3000,81585.250168
11668,3000,81596.8829
11516,3000,81608.266043
11604,3000,81620.244189
11508,3000,81632.160802
11658,3000,81644.632395
11644,3000,81656.573229
11558,3000,81668.64869
11366,3000,81680.266924
11462,3000,81691.957507
11892,3000,81704.18457
11350,3000,81715.570895
11568,3000,81727.696175
11800,3000,81739.821829
11978,3000,81751.082022
11392,3000,81762.638328
11364,3000,81773.605973
11878,3000,81784.917639
12008,3000,81796.770512
11768,3000,81808.370686
11680,3000,81819.942327
11654,3000,81831.242443
11630,3000,81842.128151
11522,3000,81854.031697
11824,3000,81865.640612
11580,3000,81877.528888
11830,3000,81888.743269
11430,3000,81900.339592
11692,3000,81911.643667
11586,3000,81924.182671
11534,3000,81935.844094
11556,3000,81947.524921
11862,3000,81958.866556
11846,3000,81970.263216
11450,3000,81982.155205
11684,3000,81993.803254
11586,3000,82005.468914
11692,3000,82017.515243
11866,3000,82028.7221
11878,3000,82040.535363
11562,3000,82051.862319
11328,3000,82063.570366
11700,3000,82074.984504
11656,3000,82087.537034
11572,3000,82099.342575
11436,3000,82111.000469
11460,3000,82122.59763
11930,3000,82134.178185
11746,3000,82145.849779
11860,3000,82157.900943
11468,3000,82169.927565
11606,3000,82181.370181
11520,3000,82192.660262
11476,3000,82203.632835
11358,3000,82215.26757
11774,3000,82226.692622
11694,3000,82238.425681
12028,3000,82250.261504
11680,3000,82261.899694
11366,3000,82273.185306
11498,3000,82284.405859
11542,3000,82295.524657
11132,3000,82317.846742
11230,3000,82328.70125
11762,3000,82340.681961
11840,3000,82351.994098
11620,3000,82363.488067
11386,3000,82376.002059
11350,3000,82387.145561
11786,3000,82398.229568
11542,3000,82409.906809
11732,3000,82421.890188
11846,3000,82433.697438
11380,3000,82445.202322
11720,3000,82456.965433
11650,3000,82468.5814
11682,3000,82480.349069
11482,3000,82491.858969
11720,3000,82503.631849
11392,3000,82514.722151
11264,3000,82526.323663
11462,3000,82537.48467
11448,3000,82549.22875
11426,3000,82561.185262
11540,3000,82572.364632
11566,3000,82583.575105
11902,3000,82595.015649
11678,3000,82606.240621
11796,3000,82617.339447
11710,3000,82629.186761
11214,3000,82640.968659
11576,3000,82652.372458
11202,3000,82663.745362
11506,3000,82675.588766
11148,3000,82687.177789
11862,3000,82698.640872
11524,3000,82709.956757
11688,3000,82721.704412
11904,3000,82733.243931
11180,3000,82744.642563
11754,3000,82756.607666
11790,3000,82768.44114
11620,3000,82780.327743
11684,3000,82792.250212
11870,3000,82804.307112
11574,3000,82815.449436
10978,3000,82827.088745
11474,3000,82838.860848
11850,3000,82850.68669
11624,3000,82862.331955
11226,3000,82874.533034
11730,3000,82885.673932
11500,3000,82896.775647
11770,3000,82908.101159
11490,3000,82919.873654
11602,3000,82931.508134
11490,3000,82943.220165
11728,3000,82955.37757
11764,3000,82967.19514
11432,3000,82978.306017
11636,3000,82989.721849
11140,3000,83001.278679
11972,3000,83012.908166
11552,3000,83024.567427
11672,3000,83036.074773
11704,3000,83047.784335
11624,3000,83059.105835
11498,3000,83070.770652
11156,3000,83082.409423
11610,3000,83105.126272
11654,3000,83117.270098
11712,3000,83128.70686
11670,3000,83140.01538
12106,3000,83151.739727
11458,3000,83163.051124
11626,3000,83174.11225
11866,3000,83186.07026
11726,3000,83197.800717
11602,3000,83208.824299
11502,3000,83220.357782
11734,3000,83232.141951
11866,3000,83244.394464
11344,3000,83255.943774
11764,3000,83267.882466
11526,3000,83279.831716
11510,3000,83290.827528
11710,3000,83302.451609
11378,3000,83313.536665
11470,3000,83325.380057
11564,3000,83337.27825
11900,3000,83348.80401
11284,3000,83360.117094
11596,3000,83372.05508
11642,3000,83383.639838
11730,3000,83395.020535
11590,3000,83406.834621
11952,3000,83418.478322
11806,3000,83430.282408
12120,3000,83441.457707
11516,3000,83453.11671
11650,3000,83464.674528
11834,3000,83476.633924
11882,3000,83487.98553
11790,3000,83499.596908
11530,3000,83511.114561
11650,3000,83523.274884
10964,3000,83535.040356
11492,3000,83546.123085
11474,3000,83557.977233
11986,3000,83570.175126
11592,3000,83581.922544
11540,3000,83593.978939
11928,3000,83605.931291
11268,3000,83616.832063
11504,3000,83628.174279
11618,3000,83639.187484
11728,3000,83650.976682
11792,3000,83662.655426
11246,3000,83673.739419
11166,3000,83684.655365
11462,3000,83696.2707
12144,3000,83707.738113
11894,3000,83719.221687
11712,3000,83730.966728
11358,3000,83741.746259
11868,3000,83753.448347
11930,3000,83765.177876
11816,3000,83777.332282
11628,3000,83788.726297
11302,3000,83799.88425
11438,3000,83810.984889
11674,3000,83822.856625
11604,3000,83834.417257
11668,3000,83846.751733
11864,3000,83858.509562
11484,3000,83870.090873
11536,3000,83893.171814
11682,3000,83905.171039
11410,3000,83916.589773
11552,3000,83928.0462
10978,3000,83939.207478
11888,3000,83950.539654
11906,3000,83962.529045
11758,3000,83974.032036
11616,3000,83985.529985
11634,3000,83996.915654
11644,3000,84008.653932
11700,3000,84019.843632
11808,3000,84031.487248
11746,3000,84043.987362
11582,3000,84055.170429
11594,3000,84067.131661
11888,3000,84078.551385
11572,3000,84089.737
11380,3000,84101.49912
11832,3000,84113.588967
11302,3000,84125.243788
11690,3000,84136.938598
11642,3000,84148.786958
11566,3000,84160.087548
11718,3000,84171.917222
11464,3000,84183.416592
11362,3000,84195.598376
11860,3000,84206.98589
11768,3000,84218.816582
11528,3000,84230.098563
11366,3000,84241.005386
11654,3000,84252.288113
12090,3000,84264.133171
11678,3000,84276.361222
11760,3000,84287.891286
11412,3000,84299.38374
11618,3000,84311.460769
11526,3000,84323.168412
11800,3000,84334.825222
11850,3000,84346.059963
11636,3000,84357.59806
11536,3000,84369.489851
11842,3000,84381.117198
11690,3000,84392.74554
11814,3000,84404.4893
11874,3000,84415.725638
11822,3000,84427.536271
11836,3000,84439.159506
11428,3000,84450.505198
11452,3000,84462.55412
11842,3000,84474.139661
11728,3000,84485.562997
11896,3000,84497.266526
11558,3000,84509.701984
11686,3000,84521.635789
11604,3000,84533.512235
11530,3000,84545.117489
11586,3000,84556.404681
11306,3000,84567.183579
11424,3000,84579.249962
11686,3000,84590.64799
11494,3000,84602.630974
11188,3000,84614.079722
11680,3000,84625.767133
11640,3000,84638.008281
11748,3000,84649.851438
11678,3000,84672.247111
11544,3000,84683.739611
11704,3000,84695.76444
11616,3000,84707.308226
11806,3000,84719.312516
11580,3000,84730.972931
11222,3000,84742.268658
11572,3000,84754.446956
11512,3000,84765.283068
11892,3000,84777.243455
11740,3000,84788.901006
11212,3000,84800.108118
11478,3000,84811.515067
11674,3000,84823.155512
11558,3000,84834.701934
11612,3000,84846.033018
11628,3000,84858.20576
11500,3000,84870.073908
11560,3000,84881.531642
11604,3000,84893.07711
11728,3000,84905.302314
11604,3000,84917.693738
11714,3000,84929.463673
11580,3000,84941.391416
11206,3000,84952.726302
11720,3000,84964.260901
11656,3000,84975.419968
11846,3000,84987.267437
11298,3000,84998.632236
11646,3000,85010.457988
11610,3000,85021.883351
11722,3000,85033.804037
11380,3000,85044.996935
11626,3000,85056.256447
11460,3000,85067.297588
11718,3000,85079.210274
11348,3000,85090.925914
11554,3000,85102.795761
11562,3000,85114.426538
11814,3000,85125.787358
11700,3000,85137.255316
11824,3000,85148.91514
11384,3000,85160.476459
11792,3000,85172.224154
11856,3000,85184.124369
11480,3000,85195.584646
11346,3000,85207.166249
11524,3000,85218.842487
11804,3000,85230.401846
11808,3000,85241.770716
11292,3000,85253.257521
11734,3000,85264.79369
11610,3000,85275.947738
11464,3000,85287.432898
11862,3000,85299.654496
11660,3000,85311.460976
11998,3000,85323.349006
11940,3000,85334.900916
11540,3000,85346.312861
11688,3000,85357.867983
11662,3000,85369.484939
11780,3000,85381.443311
11734,3000,85393.755249
11710,3000,85405.29394
11618,3000,85417.022267
11256,3000,85428.526786
11484,3000,85440.084499
11568,3000,85463.103877
11670,3000,85475.047007
11470,3000,85486.17293
11430,3000,85497.337582
11596,3000,85508.775502
11472,3000,85519.872794
11788,3000,85531.606178
11322,3000,85542.928474
11444,3000,85554.630264
11786,3000,85566.302465
11498,3000,85577.926639
11562,3000,85589.557317
11596,3000,85601.354583
11826,3000,85613.104299
11814,3000,85625.17657
11132,3000,85636.454647
11538,3000,85647.783424
11784,3000,85659.559474
11684,3000,85671.226287
11750,3000,85682.762362
11690,3000,85694.446732
11748,3000,85705.952255
11646,3000,85717.431577
11766,3000,85729.29027
11794,3000,85740.922143
12146,3000,85752.677868
11896,3000,85764.157
11770,3000,85776.09814
11584,3000,85788.077821
11500,3000,85799.638961
11954,3000,85811.462294
11426,3000,85822.43257
11368,3000,85834.23866
11686,3000,85845.54312
11816,3000,85857.412215
11576,3000,85868.894481
11944,3000,85880.722342
11542,3000,85892.858378
11298,3000,85904.250866
11684,3000,85915.496865
11476,3000,85927.387302
11264,3000,85938.395936
11700,3000,85950.563745
11560,3000,85962.554889
11286,3000,85974.023243
11400,3000,85985.541027
11294,3000,85996.977856
11712,3000,86008.793602
11266,3000,86020.770339
11650,3000,86032.745666
11540,3000,86044.744336
11572,3000,86055.856799
11450,3000,86067.045479
11622,3000,86078.711584
11868,3000,86090.188364
11638,3000,86101.600617
11468,3000,86113.650178
11440,3000,86125.090439
11728,3000,86136.653033
11362,3000,86148.40584
11340,3000,86159.791636
11736,3000,86171.408431
11576,3000,86183.035194
11374,3000,86193.825664
11562,3000,86205.892527
11564,3000,86217.532086
11594,3000,86229.253081
11552,3000,86251.540117
11610,3000,86262.866495
11604,3000,86274.798041
11990,3000,86286.70534
11474,3000,86298.001975
11524,3000,86309.335248
11654,3000,86320.863899
11798,3000,86333.056626
11532,3000,86344.971433
11860,3000,86356.861466
11902,3000,86368.589346
11484,3000,86380.000621
11614,3000,86391.683673
11922,3000,86403.55951
11510,3000,86414.363832
11634,3000,86425.675687
11792,3000,86437.784252
11912,3000,86448.986192
11500,3000,86460.526335
11338,3000,86472.109965
11742,3000,86483.707897
11732,3000,86495.536542
11708,3000,86507.328133
11706,3000,86518.522631
11638,3000,86529.611459
11784,3000,86541.06414
11838,3000,86552.485962
11636,3000,86564.165841
11616,3000,86575.855091
11864,3000,86587.569309
11840,3000,86599.632535
11542,3000,86610.967342
11646,3000,86622.540822
11456,3000,86634.098762
11162,3000,86645.360368
11628,3000,86656.528466
11432,3000,86667.106448
11696,3000,86679.229013
11494,3000,86691.016731
11700,3000,86702.408464
11558,3000,86714.068281
11046,3000,86725.808729
11728,3000,86737.035034
11320,3000,86748.766648
11786,3000,86760.312465
11574,3000,86772.069992
11666,3000,86783.431616
11526,3000,86794.810279
11780,3000,86806.495608
11808,3000,86818.795613
11734,3000,86830.679313
11798,3000,86841.779376
11688,3000,86853.550574
11500,3000,86865.283372
11688,3000,86877.133168
11960,3000,86888.335119
11606,3000,86900.643724
11392,3000,86911.880205
11562,3000,86923.39744
11728,3000,86935.187859
11672,3000,86947.256215
11724,3000,86958.566751
11490,3000,86970.153987
11318,3000,86981.80069
11796,3000,86994.074595
11326,3000,87005.450279
11002,3000,87028.042617
11610,3000,87039.649409
11636,3000,87051.666824
11274,3000,87063.092799
11436,3000,87074.310736
11766,3000,87085.814949
11682,3000,87096.782027
11584,3000,87108.307178
11752,3000,87120.212754
11314,3000,87131.450913
11432,3000,87143.424056
11888,3000,87155.542604
11816,3000,87166.593432
11612,3000,87177.65061
11492,3000,87189.912073
11538,3000,87201.479066
11302,3000,87213.391552
11280,3000,87224.759536
11814,3000,87236.922223
11830,3000,87248.44714
11794,3000,87259.869057
11646,3000,87271.761839
11590,3000,87283.429715
11796,3000,87295.087523
11940,3000,87306.897575
11750,3000,87318.717105
11740,3000,87329.724853
11528,3000,87341.15299
11516,3000,87353.187174
11800,3000,87364.802979
11376,3000,87376.706078
11704,3000,87388.114362
11582,3000,87399.538604
11536,3000,87411.090009
11558,3000,87422.00651
11928,3000,87433.870883
11350,3000,87445.591308
11636,3000,87457.021381
11120,3000,87468.50211
11702,3000,87480.448487
11594,3000,87492.107253
11396,3000,87503.60282
11702,3000,87515.468722
12166,3000,87527.172692
11928,3000,87539.191532
11332,3000,87550.742552
11626,3000,87562.507878
11496,3000,87574.366369
11772,3000,87586.428628
11772,3000,87598.564047
11754,3000,87609.754608
11666,3000,87621.401238
11344,3000,87633.097664
11478,3000,87644.618803
11530,3000,87656.297832
11750,3000,87668.333781
11884,3000,87679.920925
11996,3000,87691.815187
11538,3000,87703.18089
11468,3000,87713.908592
11360,3000,87725.706374
11700,3000,87736.872305
11830,3000,87749.033176
11736,3000,87760.821962
11424,3000,87772.166279
11702,3000,87783.765713
11722,3000,87795.560901
11146,3000,87818.759839
11114,3000,87830.054669
11842,3000,87842.205926
11644,3000,87853.604911
11840,3000,87865.417479
12050,3000,87877.149586
11946,3000,87888.910207
11972,3000,87900.386482
11732,3000,87912.099683
11366,3000,87924.013392
11858,3000,87936.587801
11608,3000,87948.818569
11786,3000,87960.145125
11864,3000,87972.092352
11744,3000,87984.000366
11674,3000,87994.912342
11688,3000,88006.641335
11276,3000,88017.876702
11666,3000,88029.461603
11632,3000,88041.190224
11592,3000,88052.861205
11870,3000,88065.046287
11522,3000,88076.878362
11466,3000,88088.956472
11476,3000,88100.294938
11316,3000,88112.428267
11992,3000,88124.694456
11666,3000,88136.475902
11996,3000,88147.872543
11532,3000,88159.662694
11930,3000,88171.097085
11416,3000,88182.576278
11942,3000,88194.538535
11720,3000,88205.849801
11882,3000,88218.098664
11278,3000,88229.159047
11320,3000,88240.165035
11658,3000,88251.963378
11776,3000,88263.209682
11576,3000,88274.825389
11696,3000,88286.516123
11416,3000,88298.415734
11414,3000,88310.132892
11474,3000,88321.916395
11410,3000,88333.410338
11848,3000,88345.033338
11666,3000,88357.176852
11572,3000,88368.987738
11322,3000,88380.095936
11704,3000,88391.11786
11618,3000,88403.090599
11752,3000,88415.214894
11552,3000,88426.749369
11668,3000,88438.518277
11544,3000,88450.388229
12016,3000,88461.935359
11750,3000,88473.935429
11736,3000,88485.314153
12228,3000,88497.739502
11432,3000,88509.618206
11312,3000,88521.201041
11220,3000,88532.748661
11824,3000,88544.566706
11710,3000,88556.418453
11822,3000,88568.37446
11664,3000,88579.757056
11764,3000,88591.230459
11888,3000,88614.094072
11540,3000,88625.742032
11320,3000,88637.269818
11944,3000,88649.24255
11416,3000,88660.99134
11806,3000,88672.28421
11454,3000,88684.206909
11278,3000,88695.490362
11848,3000,88707.095009
11524,3000,88718.538793
11592,3000,88730.78422
11928,3000,88742.750154
11548,3000,88754.297853
11420,3000,88766.073704
11486,3000,88777.338382
11392,3000,88788.981418
11732,3000,88800.839847
11352,3000,88812.618468
12156,3000,88824.83349
11672,3000,88836.481673
11632,3000,88848.357767
11688,3000,88860.024653
11566,3000,88871.841928
11460,3000,88883.23464
11192,3000,88895.059607
11568,3000,88906.529658
11520,3000,88918.138961
11892,3000,88930.279187
11676,3000,88942.954375
12034,3000,88954.945508
11876,3000,88966.69444
11668,3000,88977.800732
12382,3000,88989.752671
11434,3000,89001.389818
11574,3000,89012.621552
11616,3000,89024.352507
11408,3000,89036.206501
11690,3000,89047.756145
11888,3000,89059.533866
11066,3000,89070.984546
11696,3000,89082.45458
11560,3000,89094.215846
11612,3000,89106.469822
11550,3000,89118.27636
11482,3000,89130.47198
11618,3000,89142.229824
11434,3000,89154.005324
12020,3000,89166.157805
11508,3000,89178.013
11372,3000,89189.520859
11836,3000,89201.126835
11640,3000,89213.085125
11528,3000,89224.293895
11590,3000,89235.82255
12068,3000,89247.553668
11376,3000,89259.500967
11576,3000,89271.215426
11612,3000,89283.236911
11776,3000,89294.575012
11824,3000,89306.412396
11726,3000,89317.775879
12234,3000,89329.412162
11642,3000,89340.685994
11180,3000,89352.283275
11766,3000,89364.12705
11858,3000,89375.533362
11448,3000,89398.165014
11882,3000,89410.351973
11594,3000,89421.753726
11924,3000,89432.918655
11402,3000,89444.155941
11746,3000,89456.005419
11668,3000,89467.540803
11738,3000,89479.563066
11460,3000,89490.746801
11912,3000,89502.330826
11522,3000,89514.453651
11534,3000,89526.20971
11726,3000,89537.84094
11664,3000,89549.508592
11494,3000,89560.909365
11546,3000,89572.889715
11844,3000,89584.218716
11506,3000,89595.861217
11692,3000,89607.776257
11766,3000,89619.471282
11750,3000,89631.156935
11588,3000,89642.832329
11500,3000,89653.509274
11404,3000,89665.011319
11734,3000,89677.264003
11116,3000,89688.203939
11614,3000,89699.607841
11360,3000,89710.669502
11670,3000,89722.309541
11202,3000,89734.701131
11532,3000,89746.055699
11438,3000,89757.812598
11626,3000,89768.656135
11248,3000,89780.220579
11362,3000,89791.667208
11802,3000,89803.463257
11716,3000,89814.52962
11698,3000,89825.91538
11630,3000,89837.930764
11738,3000,89849.050326
11934,3000,89861.228485
12054,3000,89872.894242
11400,3000,89884.029083
12228,3000,89895.967096
11616,3000,89907.855823
11754,3000,89919.82124
12068,3000,89931.525872
11574,3000,89943.067591
11852,3000,89954.935494
11782,3000,89966.135425
11672,3000,89978.130041
11666,3000,89989.559138
11826,3000,90001.215028
11814,3000,90013.261292
11738,3000,90024.597607
11476,3000,90035.613767
11666,3000,90048.069453
11614,3000,90059.022539
11630,3000,90070.543272
11740,3000,90082.323603
11506,3000,90093.695186
11636,3000,90105.338849
11680,3000,90116.928906
11564,3000,90128.52936
11366,3000,90139.77683
11530,3000,90151.236438
11706,3000,90163.62825
11600,3000,90186.744546
11796,3000,90198.820463
11658,3000,90210.385311
12112,3000,90222.497895
11416,3000,90234.153064
11576,3000,90245.258611
11338,3000,90257.25385
11646,3000,90269.013043
11726,3000,90280.372565
11722,3000,90292.218038
11734,3000,90304.051291
11752,3000,90315.716872
11664,3000,90327.629996
11752,3000,90339.430916
11738,3000,90350.828293
11878,3000,90362.826432
11626,3000,90374.452106
11690,3000,90386.326668
11636,3000,90398.042723
12092,3000,90410.550829
11392,3000,90422.456016
11180,3000,90433.327521
11742,3000,90445.621674
11770,3000,90457.464887
11678,3000,90468.719648
11626,3000,90479.919108
11832,3000,90491.465191
11052,3000,90502.867455
11402,3000,90514.687066
11908,3000,90526.100541
11474,3000,90537.411457
11624,3000,90548.661496
11534,3000,90560.363959
11598,3000,90571.223191
11578,3000,90582.303569
11748,3000,90593.842245
11732,3000,90605.895663
11482,3000,90617.072715
11532,3000,90628.847259
11486,3000,90640.447896
11916,3000,90652.112508
11830,3000,90663.718256
12146,3000,90675.747787
11730,3000,90687.804936
11412,3000,90699.251834
11736,3000,90711.160903
11148,3000,90722.918967
11880,3000,90734.757815
11880,3000,90746.781494
11858,3000,90758.713755
11724,3000,90770.483287
11546,3000,90781.882482
11496,3000,90793.483882
11596,3000,90804.861727
11602,3000,90816.395407
11958,3000,90828.365448
11836,3000,90839.564198
11686,3000,90851.058222
11696,3000,90862.945638
11446,3000,90875.247296
11196,3000,90886.135867
11396,3000,90897.856661
11662,3000,90909.039768
11688,3000,90920.309622
11910,3000,90931.996992
11652,3000,90943.438028
11344,3000,90955.015847
11846,3000,90977.838299
11416,3000,90988.246814
11518,3000,90999.263256
11970,3000,91010.70207
11490,3000,91022.384575
11324,3000,91034.241148
11806,3000,91046.146154
11638,3000,91057.745826
11676,3000,91069.261022
11854,3000,91080.941401
11198,3000,91092.358762
11614,3000,91103.927325
11628,3000,91115.588398
11192,3000,91127.074725
11666,3000,91138.577107
11750,3000,91149.998139
11470,3000,91161.578929
11664,3000,91173.132948
11786,3000,91184.918272
11538,3000,91196.128686
11066,3000,91207.689588
11394,3000,91218.894363
11660,3000,91230.465121
11876,3000,91242.756027
11274,3000,91253.765783
11278,3000,91265.322169
11172,3000,91277.09836
11504,3000,91288.66801
11572,3000,91300.683233
11810,3000,91312.97359
11790,3000,91324.245386
11510,3000,91335.999439
11568,3000,91347.385061
11534,3000,91358.872716
11624,3000,91370.54469
11532,3000,91381.909468
12022,3000,91393.491528
11502,3000,91405.414142
11606,3000,91416.674048
11550,3000,91428.272083
11406,3000,91440.352414
11700,3000,91452.194659
11572,3000,91463.697906
11800,3000,91475.059257
11616,3000,91486.912647
11726,3000,91498.972052
11798,3000,91510.529377
11662,3000,91521.95121
11654,3000,91534.149211
12130,3000,91545.763581
11564,3000,91557.407465
11810,3000,91569.008375
11560,3000,91580.365219
11696,3000,91592.391901
11518,3000,91604.009063
11906,3000,91615.671186
11600,3000,91627.52013
11524,3000,91638.664438
11540,3000,91650.552234
11670,3000,91662.803856
11474,3000,91674.680317
11328,3000,91686.520583
11606,3000,91697.514692
11836,3000,91709.32852
11606,3000,91721.374095
11900,3000,91733.183587
11670,3000,91756.246209
11456,3000,91767.36273
11662,3000,91778.777493
11642,3000,91790.596598
11402,3000,91802.423329
11532,3000,91813.911935
11586,3000,91825.65168
11612,3000,91837.204971
11800,3000,91849.072952
11418,3000,91860.854698
11942,3000,91872.465104
11720,3000,91884.164268
11692,3000,91895.566927
11518,3000,91907.2728
11882,3000,91919.273607
11430,3000,91931.256513
11854,3000,91943.253446
11374,3000,91954.534575
11568,3000,91966.187335
11480,3000,91977.86258
11378,3000,91989.203645
11742,3000,92001.533916
11872,3000,92013.342593
11612,3000,92025.280343
11748,3000,92037.700747
11608,3000,92049.478596
11746,3000,92061.146742
11928,3000,92073.435048
11924,3000,92085.391955
11768,3000,92097.326638
11574,3000,92108.808062
11726,3000,92119.917606
11642,3000,92132.212791
11772,3000,92143.978098
11410,3000,92155.875324
11634,3000,92167.279967
11744,3000,92179.463513
11704,3000,92191.343609
11398,3000,92202.595102
11270,3000,92213.768309
11778,3000,92225.308568
11374,3000,92236.755464
11526,3000,92248.838705
11852,3000,92260.69374
11502,3000,92272.737214
11620,3000,92284.193283
11814,3000,92296.312665
11230,3000,92307.27981
11982,3000,92319.201938
11626,3000,92330.624981
11398,3000,92341.880031
11618,3000,92353.668298
11440,3000,92365.606028
11548,3000,92377.308014
11032,3000,92388.660917
11478,3000,92400.952935
11946,3000,92412.852883
11448,3000,92424.435585
11424,3000,92435.859312
11666,3000,92447.080141
11376,3000,92458.399347
11788,3000,92469.872964
11712,3000,92481.385882
11448,3000,92492.683647
11614,3000,92504.197867
11754,3000,92515.38539
11926,3000,92527.433584
11452,3000,92551.05444
12130,3000,92563.538329
11388,3000,92574.810269
11770,3000,92586.697879
11564,3000,92598.536089
11620,3000,92610.897089
11628,3000,92622.456465
11884,3000,92634.551968
11418,3000,92645.834011
11464,3000,92656.698317
11650,3000,92668.220837
11672,3000,92680.081903
11852,3000,92692.299764
11750,3000,92703.934349
11560,3000,92715.405719
11614,3000,92726.907588
11400,3000,92737.867813
11752,3000,92749.002755
11704,3000,92760.317991
11382,3000,92771.799601
11664,3000,92783.385891
11634,3000,92794.577344
11644,3000,92805.540026
11506,3000,92816.731772
11866,3000,92827.728599
11408,3000,92839.275947
11744,3000,92851.026096
11574,3000,92861.8671
11584,3000,92872.70368
11792,3000,92883.700414
11474,3000,92894.797878
11856,3000,92906.402858
11634,3000,92917.529361
11926,3000,92928.406469
11486,3000,92939.357731
11848,3000,92950.222983
11666,3000,92961.019527
11116,3000,92971.918887
11680,3000,92982.982912
11814,3000,92993.880273
11850,3000,93005.139925
11792,3000,93016.130705
11570,3000,93027.355696
11598,3000,93038.142667
11834,3000,93049.369792
11920,3000,93060.667198
11860,3000,93071.816631
11762,3000,93082.919598
11928,3000,93093.844098
11678,3000,93105.136657
11736,3000,93116.244739
11590,3000,93127.138794
11782,3000,93137.954762
11710,3000,93149.010128
11756,3000,93159.905504
11604,3000,93170.835786
11588,3000,93181.739377
11456,3000,93192.563716
11800,3000,93204.175144
11712,3000,93214.715477
11784,3000,93225.948984
11544,3000,93237.403056
11536,3000,93249.025423
11562,3000,93260.170369
11722,3000,93271.706125
11788,3000,93283.196645
11576,3000,93294.625952
11668,3000,93316.295313
11786,3000,93327.514216
11418,3000,93338.359488
11658,3000,93349.35109
11636,3000,93360.624243
11642,3000,93371.779777
11812,3000,93382.750078
11698,3000,93394.099609
11438,3000,93404.524027
11566,3000,93415.354971
11882,3000,93426.069647
11868,3000,93437.778684
11844,3000,93449.187096
11380,3000,93460.088988
11486,3000,93470.446333
11900,3000,93481.633648
11728,3000,93493.069581
11560,3000,93503.936557
11836,3000,93514.764048
11618,3000,93525.758909
11686,3000,93536.723363
12058,3000,93548.208578
11780,3000,93559.170955
11512,3000,93570.326515
11844,3000,93581.664839
11722,3000,93592.630034
11492,3000,93603.526729
11626,3000,93614.521963
11514,3000,93625.632872
12008,3000,93637.260572
11868,3000,93648.320253
11168,3000,93658.979243
11828,3000,93670.423216
11708,3000,93682.04202
11266,3000,93693.158011
11700,3000,93703.902423
11318,3000,93714.795182
11728,3000,93725.828723
11582,3000,93736.689803
11546,3000,93747.19003
11362,3000,93758.468062
11814,3000,93769.650503
11800,3000,93781.06219
11622,3000,93792.11026
11884,3000,93803.802779
11886,3000,93814.981864
11948,3000,93826.440953
11246,3000,93837.186812
11226,3000,93847.927316
12150,3000,93859.567892
11478,3000,93870.521293
11818,3000,93881.498513
11888,3000,93893.262398
11228,3000,93904.099643
11804,3000,93915.267517
11640,3000,93926.489602
11700,3000,93937.605035
11058,3000,93948.135402
11338,3000,93959.337595
11502,3000,93970.535787
11932,3000,93981.414925
11840,3000,93992.860823
11540,3000,94003.754989
11642,3000,94014.358162
11844,3000,94024.954772
11722,3000,94036.166245
11600,3000,94057.920698
11556,3000,94068.55645
11750,3000,94079.866471
11394,3000,94090.846006
11672,3000,94101.958558
11686,3000,94112.717816
12056,3000,94124.13309
11364,3000,94134.690248
11870,3000,94145.717749
11420,3000,94156.490886
11656,3000,94167.592218
11480,3000,94178.704165
11754,3000,94189.425558
11362,3000,94200.575184
12058,3000,94211.846234
11910,3000,94222.797236
11992,3000,94234.17583
12430,3000,94245.54293
11636,3000,94256.32209
11802,3000,94267.385219
11712,3000,94278.269033
11628,3000,94289.331218
11506,3000,94300.254991
11752,3000,94310.861508
11724,3000,94321.708987
11630,3000,94332.560582
11714,3000,94343.31584
11774,3000,94354.431995
11564,3000,94365.513337
11986,3000,94376.687117
11472,3000,94387.519528
11626,3000,94398.77264
11604,3000,94409.499016
11494,3000,94420.463382
12050,3000,94431.683782
11724,3000,94442.864659
11822,3000,94453.91929
11644,3000,94465.062634
11776,3000,94475.761187
12212,3000,94487.619046
11446,3000,94498.424393
11896,3000,94509.30652
11692,3000,94520.224226
11726,3000,94530.310875
11442,3000,94541.986746
11518,3000,94552.573068
11576,3000,94564.135637
11664,3000,94574.944543
11726,3000,94586.06378
11684,3000,94597.427279
11846,3000,94608.726224
11620,3000,94619.588835
11772,3000,94630.947936
11982,3000,94642.689494
11510,3000,94653.305751
11598,3000,94664.479721
11600,3000,94675.711524
11302,3000,94686.940511
11414,3000,94697.632605
11522,3000,94708.365494
12120,3000,94719.550954
11922,3000,94730.614482
11796,3000,94741.386374
11950,3000,94752.987068
11566,3000,94764.930369
11682,3000,94775.739789
12048,3000,94786.852249
11564,3000,94808.495696
11880,3000,94819.584857
11680,3000,94830.310269
11736,3000,94842.161608
11268,3000,94852.535822
11972,3000,94863.705114
11810,3000,94874.686984
11600,3000,94885.342984
11604,3000,94896.206989
12024,3000,94907.369264
11854,3000,94918.143209
11202,3000,94928.767877
11686,3000,94940.191411
11618,3000,94951.09155
11458,3000,94961.842895
11690,3000,94972.43021
11622,3000,94983.322911
11492,3000,94994.253162
11446,3000,95004.72629
11802,3000,95015.967721
11430,3000,95026.831712
11132,3000,95037.536936
11494,3000,95048.095833
11434,3000,95059.394155
11574,3000,95070.642526
11880,3000,95081.912525
11458,3000,95092.935044
11760,3000,95104.273319
11726,3000,95115.586842
11426,3000,95126.108765
11546,3000,95136.895534
11290,3000,95147.704659
11896,3000,95158.711172
11912,3000,95169.889626
11628,3000,95180.881481
11720,3000,95191.847508
11064,3000,95202.935828
11934,3000,95214.227358
11566,3000,95225.02676
11314,3000,95235.659752
11618,3000,95246.800647
11736,3000,95258.271054
11818,3000,95269.694314
11756,3000,95280.349089
11572,3000,95291.120818
11502,3000,95302.425024
11610,3000,95313.421075
11552,3000,95324.267581
12052,3000,95335.689082
11912,3000,95346.651592
11864,3000,95358.079166
11528,3000,95368.708409
11562,3000,95379.762712
11676,3000,95390.868085
11740,3000,95401.892217
11446,3000,95413.267386
11316,3000,95424.015771
11430,3000,95434.801873
11670,3000,95446.131476
11636,3000,95457.508435
11510,3000,95468.762988
12032,3000,95480.041457
11566,3000,95491.168521
11852,3000,95502.364161
12234,3000,95514.100816
12346,3000,95525.693123
11582,3000,95536.313375
11538,3000,95558.005269
11774,3000,95569.073825
11966,3000,95580.535639
11778,3000,95591.083234
12112,3000,95602.143187
11576,3000,95613.260162
11378,3000,95623.838748
11700,3000,95634.57001
11368,3000,95645.325143
11600,3000,95656.125051
11654,3000,95666.744186
11588,3000,95677.954454
11510,3000,95688.481459
11464,3000,95699.296801
11830,3000,95710.305278
11782,3000,95720.859678
12012,3000,95731.888142
11562,3000,95742.453136
11600,3000,95753.391433
11912,3000,95764.329999
11290,3000,95775.742513
11458,3000,95786.717222
11404,3000,95797.372047
11558,3000,95808.397866
11682,3000,95819.56775
11344,3000,95830.315978
11872,3000,95841.888641
11576,3000,95852.793208
11838,3000,95864.277203
11928,3000,95875.678438
11954,3000,95887.037232
11542,3000,95897.511174
12100,3000,95908.805483
11810,3000,95919.905746
11352,3000,95930.894458
11556,3000,95941.960371
11540,3000,95952.891117
11876,3000,95963.411319
11918,3000,95974.777683
11528,3000,95985.550939
12086,3000,95997.02963
11796,3000,96008.357775
11688,3000,96019.71772
12254,3000,96031.488356
11668,3000,96042.49562
11972,3000,96053.333726
11792,3000,96064.517101
12026,3000,96075.872606
11644,3000,96087.264188
11882,3000,96098.256917
11790,3000,96109.313372
11678,3000,96120.168436
11422,3000,96131.736493
11618,3000,96142.261248
11334,3000,96153.127129
11812,3000,96164.513726
11992,3000,96175.797451
11636,3000,96186.730096
11818,3000,96197.761115
11506,3000,96208.565532
11880,3000,96219.8402
11760,3000,96231.052243
11816,3000,96242.090489
11726,3000,96253.247915
11650,3000,96263.841275
11558,3000,96274.692088
11342,3000,96296.738632
11694,3000,96307.574795
11940,3000,96318.604267
11748,3000,96329.869113
11682,3000,96341.03461
11518,3000,96352.274763
11504,3000,96363.147106
11432,3000,96374.551745
11522,3000,96385.636353
11822,3000,96396.786382
11868,3000,96407.477153
11736,3000,96418.811541
11364,3000,96430.118776
11480,3000,96440.871792
11630,3000,96452.206634
11700,3000,96463.002384
11740,3000,96474.698338
11666,3000,96485.874487
11872,3000,96496.714014
11776,3000,96507.793682
11924,3000,96519.15029
11480,3000,96529.630791
11636,3000,96540.376299
11924,3000,96551.823752
11804,3000,96563.570805
11810,3000,96574.371704
11632,3000,96584.905184
11704,3000,96595.818071
11554,3000,96606.811382
11626,3000,96617.828309
11582,3000,96628.982162
11760,3000,96640.021741
11938,3000,96651.088613
11988,3000,96662.306744
11836,3000,96673.959783
11836,3000,96684.707923
11562,3000,96695.724862
12028,3000,96706.81382
11612,3000,96717.910557
11870,3000,96728.946417
11598,3000,96739.612571
12088,3000,96751.467821
11800,3000,96762.671912
11528,3000,96773.554438
11562,3000,96784.471664
11794,3000,96794.957639
11616,3000,96806.231483
11462,3000,96817.318322
11876,3000,96828.093761
11688,3000,96839.391339
11556,3000,96849.863278
12082,3000,96860.576439
12032,3000,96871.511734
11574,3000,96882.069899
11680,3000,96893.288197
11616,3000,96903.927588
11726,3000,96915.097503
11848,3000,96926.125582
11476,3000,96937.35251
11392,3000,96948.29537
11620,3000,96958.888006
11674,3000,96970.190858
11600,3000,96981.839877
11404,3000,96992.161923
11890,3000,97003.097833
11784,3000,97014.192804
11686,3000,97025.933037
11488,3000,97047.624761
11250,3000,97057.973961
11470,3000,97069.016742
11802,3000,97080.157554
11624,3000,97091.033034
11548,3000,97101.92801
11878,3000,97113.449943
11802,3000,97124.467685
11624,3000,97135.433229
11592,3000,97146.447614
11636,3000,97156.884423
12098,3000,97167.910462
11678,3000,97179.04756
11738,3000,97189.831724
11732,3000,97200.640903
11372,3000,97211.708311
11444,3000,97222.582443
11226,3000,97233.04646
11456,3000,97243.868735
11654,3000,97255.180436
11646,3000,97266.293138
11612,3000,97276.608257
11942,3000,97287.270104
11338,3000,97298.052581
11858,3000,97309.056209
11558,3000,97319.671505
11694,3000,97330.372903
11688,3000,97341.483653
11686,3000,97352.811826
11516,3000,97364.407637
11640,3000,97375.376071
11686,3000,97386.145631
11578,3000,97396.9447
11650,3000,97407.899249
12026,3000,97419.140696
11762,3000,97429.787897
11920,3000,97441.116433
11562,3000,97452.541366
11870,3000,97463.9344
11354,3000,97474.47074
11822,3000,97486.019017
11850,3000,97497.686254
11632,3000,97508.530501
11318,3000,97519.133626
11500,3000,97529.783113
11762,3000,97541.298727
11980,3000,97552.243528
11930,3000,97563.315431
11616,3000,97574.649916
11612,3000,97585.924722
11732,3000,97597.399271
11454,3000,97608.268966
11840,3000,97620.092536
11850,3000,97631.567672
11426,3000,97642.895573
11770,3000,97654.539448
11710,3000,97666.359802
11700,3000,97676.972738
11380,3000,97687.846237
11368,3000,97698.509667
11694,3000,97709.61077
11752,3000,97720.634034
11496,3000,97731.559787
11840,3000,97742.495213
11712,3000,97754.257894
12046,3000,97765.550615
11732,3000,97776.356173
11512,3000,97798.012713
11796,3000,97808.898584
12038,3000,97820.190891
11466,3000,97831.066653
11792,3000,97841.749555
11856,3000,97852.77279
11600,3000,97863.655895
11866,3000,97874.499646
11548,3000,97886.291994
11756,3000,97897.293888
11496,3000,97908.300234
11694,3000,97919.248636
11596,3000,97930.437706
11364,3000,97941.698198
11708,3000,97952.744501
11542,3000,97963.532499
11656,3000,97974.345803
11620,3000,97985.53686
12168,3000,97996.949169
11478,3000,98007.64571
11816,3000,98018.891553
11688,3000,98029.861472
11498,3000,98040.688824
11868,3000,98051.857861
11954,3000,98063.068356
12128,3000,98074.095428
11782,3000,98085.181198
11954,3000,98095.914848
11780,3000,98106.90976
11476,3000,98117.523607
11808,3000,98128.412359
11640,3000,98139.0028
11670,3000,98150.494063
11680,3000,98161.366822
11430,3000,98171.798388
11578,3000,98183.195387
11642,3000,98193.816169
11486,3000,98204.757296
11740,3000,98215.894164
11782,3000,98227.192858
11734,3000,98238.402347
11450,3000,98249.927704
12180,3000,98261.252167
11532,3000,98272.554148
11644,3000,98284.054049
11840,3000,98295.232141
11890,3000,98306.682414
11734,3000,98317.684686
11808,3000,98328.794654
11436,3000,98339.752079
11714,3000,98351.075976
11434,3000,98362.530052
11544,3000,98374.141666
11632,3000,98385.375399
11808,3000,98396.402873
11584,3000,98407.741557
11956,3000,98419.093667
11618,3000,98429.942372
11988,3000,98441.794453
11416,3000,98452.776459
11718,3000,98463.802624
11878,3000,98474.979985
11354,3000,98486.196315
11554,3000,98496.902638
11720,3000,98508.479731
11762,3000,98518.933775
11474,3000,98539.623986
11532,3000,98550.797055
11892,3000,98562.586447
11878,3000,98573.26438
11610,3000,98583.68363
11520,3000,98594.404416
11382,3000,98605.115852
11670,3000,98616.324932
11722,3000,98627.111467
11708,3000,98638.6619
11768,3000,98649.820587
11688,3000,98661.036201
11928,3000,98672.49785
11728,3000,98683.403622
11916,3000,98694.996576
11820,3000,98706.360727
11712,3000,98717.27754
11398,3000,98727.895881
11786,3000,98739.135231
11836,3000,98749.980998
11548,3000,98760.990134
12068,3000,98771.926306
11602,3000,98782.610895
11760,3000,98793.703587
11640,3000,98804.989166
11802,3000,98815.862794
11884,3000,98827.155334
11846,3000,98838.357476
11654,3000,98849.129671
11764,3000,98859.723489
11890,3000,98870.666089
11388,3000,98881.327523
11834,3000,98892.427933
12012,3000,98903.197607
11318,3000,98913.981724
11696,3000,98925.257599
11564,3000,98936.377984
11782,3000,98947.241681
11106,3000,98958.771055
11396,3000,98969.615287
11122,3000,98980.41492
11818,3000,98992.119348
11974,3000,99003.582899
11544,3000,99014.480291
11770,3000,99025.37121
11708,3000,99036.456178
11688,3000,99047.307739
11466,3000,99058.050836
11264,3000,99068.585059
11930,3000,99079.354607
11602,3000,99090.368202
11594,3000,99101.162514
11712,3000,99112.454548
11408,3000,99123.539551
11852,3000,99133.967358
11562,3000,99144.81202
11462,3000,99155.883518
11484,3000,99166.607872
11672,3000,99177.930676
11772,3000,99189.336918
11856,3000,99200.345536
11484,3000,99210.902755
11990,3000,99222.162777
11638,3000,99233.311902
11500,3000,99244.239135
11490,3000,99255.648253
11468,3000,99266.526561
11666,3000,99287.9035
11726,3000,99299.050282
11802,3000,99310.336853
11930,3000,99321.378338
11730,3000,99331.927873
11610,3000,99342.525278
11678,3000,99353.179407
11630,3000,99364.588674
11584,3000,99375.511826
11748,3000,99386.828619
11568,3000,99398.08003
11152,3000,99408.822235
11984,3000,99419.80895
12008,3000,99431.454657
11140,3000,99442.810198
11522,3000,99453.804202
11514,3000,99465.00299
11450,3000,99475.877783
11548,3000,99486.274494
11398,3000,99496.597022
11728,3000,99508.268089
11526,3000,99519.043334
12200,3000,99530.609731
11694,3000,99541.175298
11596,3000,99551.968124
11726,3000,99562.996808
11892,3000,99574.058821
11578,3000,99585.104669
11820,3000,99595.982939
11906,3000,99607.367668
11658,3000,99618.320205
11704,3000,99629.500305
12080,3000,99640.721345
11786,3000,99651.502154
11702,3000,99662.610477
11944,3000,99673.757114
11626,3000,99684.857147
11524,3000,99696.320188
12022,3000,99707.24821
11346,3000,99718.42713
11932,3000,99729.351166
11506,3000,99740.424105
11956,3000,99751.217543
11864,3000,99761.78593
11862,3000,99772.3788
11512,3000,99782.9509
11396,3000,99794.429981
11684,3000,99805.619057
11716,3000,99816.836402
11712,3000,99827.585603
11538,3000,99838.261012
12168,3000,99848.896322
11520,3000,99859.810668
11750,3000,99870.737156
11500,3000,99881.918504
11724,3000,99892.745465
11702,3000,99903.624118
11826,3000,99914.713059
11258,3000,99925.48764
11646,3000,99936.328066
11486,3000,99947.552264
11648,3000,99958.806359
11686,3000,99969.406924
11878,3000,99980.633292
11576,3000,99991.259639
11554,3000,100002.638903
11836,3000,100013.228547
11722,3000,100035.369669
11406,3000,100045.852407
11618,3000,100056.908112
11474,3000,100067.412828
11922,3000,100078.257439
11516,3000,100089.130388
11904,3000,100100.204372
12036,3000,100111.442667
11854,3000,100122.349094
11756,3000,100133.179013
12034,3000,100144.6465
11886,3000,100155.538651
11658,3000,100166.376767
11866,3000,100177.096919
11452,3000,100187.879441
11340,3000,100198.738705
11388,3000,100209.687794
11788,3000,100220.714438
11324,3000,100231.003946
11880,3000,100241.731792
11888,3000,100253.110484
11986,3000,100264.965376
11426,3000,100276.202618
11650,3000,100287.283921
11806,3000,100298.150468
12144,3000,100309.225888
11744,3000,100320.438265
11752,3000,100331.365706
11788,3000,100342.411077
11630,3000,100353.260296
11552,3000,100364.42326
11718,3000,100375.978579
11866,3000,100387.395604
11394,3000,100397.906119
12102,3000,100408.888153
11446,3000,100420.742136
11352,3000,100431.956424
11972,3000,100442.741158
11584,3000,100453.540183
11860,3000,100464.571643
11648,3000,100475.467498
11910,3000,100486.886394
11682,3000,100498.13225
11988,3000,100509.040848
11636,3000,100520.136012
11944,3000,100531.181049
11580,3000,100541.917676
11788,3000,100552.749243
11572,3000,100563.49606
11674,3000,100573.810296
11626,3000,100584.318933
11538,3000,100595.094527
11648,3000,100606.061716
11746,3000,100616.801805
11838,3000,100627.937985
11994,3000,100638.811
11680,3000,100649.924061
11644,3000,100660.928196
11500,3000,100671.564373
11768,3000,100682.373101
11568,3000,100693.277784
11794,3000,100704.281984
11986,3000,100715.544598
11890,3000,100726.792468
12174,3000,100738.09686
11746,3000,100748.863404
11620,3000,100770.708818
11642,3000,100781.654294
11318,3000,100792.585412
11382,3000,100804.103734
11242,3000,100815.118561
11738,3000,100826.780782
11662,3000,100838.196038
11424,3000,100849.457407
11788,3000,100860.164984
11426,3000,100870.859169
11800,3000,100881.787139
11514,3000,100892.16801
12060,3000,100903.034158
11730,3000,100914.386505
11346,3000,100925.035593
11832,3000,100935.895299
11442,3000,100946.989779
11654,3000,100957.916882
11682,3000,100969.058978
11346,3000,100979.8485
11596,3000,100990.653248
11388,3000,101001.454427
11544,3000,101012.609677
11982,3000,101023.752653
11412,3000,101034.861676
11968,3000,101045.558859
11648,3000,101056.447611
11756,3000,101067.470511
11884,3000,101077.975967
11602,3000,101089.135428
11020,3000,101099.61493
12162,3000,101110.998731
11444,3000,101121.33518
11836,3000,101132.07108
11570,3000,101143.17841
11996,3000,101154.271964
11380,3000,101165.349314
11454,3000,101175.805426
11498,3000,101187.628548
11604,3000,101198.754119
11408,3000,101209.560006
11636,3000,101220.525872
11830,3000,101231.872409
11980,3000,101243.47834
11658,3000,101254.20886
11536,3000,101265.073656
11254,3000,101275.724214
11862,3000,101286.342482
12092,3000,101298.007216
11862,3000,101309.05332
11952,3000,101319.770076
11774,3000,101330.888393
11776,3000,101342.058077
11736,3000,101353.329121
11874,3000,101364.756877
11768,3000,101376.126289
11698,3000,101386.9283
11800,3000,101398.003857
11838,3000,101409.067505
11770,3000,101419.796965
11766,3000,101430.306949
12018,3000,101441.38177
11844,3000,101452.36974
11702,3000,101463.114832
11812,3000,101473.943513
11582,3000,101485.207118
11798,3000,101496.512902
11498,3000,101517.944616
11608,3000,101528.696667
12002,3000,101540.17231
11314,3000,101550.751585
11772,3000,101561.203437
11700,3000,101571.920247
11904,3000,101583.167918
11388,3000,101593.808047
11638,3000,101605.236745
11702,3000,101615.925859
11900,3000,101627.028339
11644,3000,101638.38578
11414,3000,101649.19239
11330,3000,101660.124727
11768,3000,101671.13408
11706,3000,101681.879361
11672,3000,101693.295041
11784,3000,101703.99888
11892,3000,101715.074266
11676,3000,101726.308629
11820,3000,101737.336471
11484,3000,101747.875128
11476,3000,101758.92987
11452,3000,101769.524904
11736,3000,101781.103424
11726,3000,101792.114771
11588,3000,101802.797378
11668,3000,101813.077972
11824,3000,101824.06957
11530,3000,101834.428696
11506,3000,101845.378762
11504,3000,101855.530438
11728,3000,101866.478054
11362,3000,101876.372826
11628,3000,101886.49068
11548,3000,101897.02943
12028,3000,101907.856072
11712,3000,101918.454826
12018,3000,101928.72087
11760,3000,101938.786443
11708,3000,101949.127558
11414,3000,101959.89684
11452,3000,101970.769438
11470,3000,101981.124486
11472,3000,101991.570133
11802,3000,102001.866795
11384,3000,102012.315472
11292,3000,102022.558228
11762,3000,102033.152572
12162,3000,102044.024534
11640,3000,102054.575082
11832,3000,102065.348378
11622,3000,102076.24532
11786,3000,102086.83664
11796,3000,102096.405428
11882,3000,102107.040169
11800,3000,102117.283563
11584,3000,102127.511204
11674,3000,102138.16765
11696,3000,102148.51451
11508,3000,102159.112262
11834,3000,102169.562202
11792,3000,102179.883464
11950,3000,102189.767023
11916,3000,102200.454382
11924,3000,102211.127023
11956,3000,102221.886225
11522,3000,102242.334852
11422,3000,102252.476559
11734,3000,102262.716859
11352,3000,102272.87025
11840,3000,102283.09176
11574,3000,102293.481648
11684,3000,102304.202208
12008,3000,102314.897223
11672,3000,102324.913211
11368,3000,102335.001606
12078,3000,102345.36818
11828,3000,102355.797421
11430,3000,102366.235303
11618,3000,102376.504393
11558,3000,102387.046035
11880,3000,102397.5407
11354,3000,102407.781676
11776,3000,102418.536742
11654,3000,102428.628771
11738,3000,102439.072291
11736,3000,102449.318938
11858,3000,102460.193349
11282,3000,102470.493794
11526,3000,102480.436223
11774,3000,102490.548903
11742,3000,102501.485071
11596,3000,102511.697125
11652,3000,102522.115038
11418,3000,102532.400036
11662,3000,102542.208437
11766,3000,102552.653184
11992,3000,102563.191114
12002,3000,102573.627214
11760,3000,102583.986194
11958,3000,102594.589575
11794,3000,102605.40921
11656,3000,102615.710621
11662,3000,102625.903208
11422,3000,102636.661595
11726,3000,102646.841626
11870,3000,102657.257741
11696,3000,102667.346301
11770,3000,102677.529046
11834,3000,102688.017354
11948,3000,102698.499011
11922,3000,102708.500072
11628,3000,102718.830054
11728,3000,102729.373363
11688,3000,102739.805685
11800,3000,102750.107527
11658,3000,102760.337448
12004,3000,102771.173065
11456,3000,102781.535102
11746,3000,102791.635089
11852,3000,102801.941378
11742,3000,102812.714182
11774,3000,102823.055658
11954,3000,102833.536958
11434,3000,102844.116825
11904,3000,102854.728944
11578,3000,102864.844171
11724,3000,102875.080858
11956,3000,102885.30954
11544,3000,102895.589841
11804,3000,102905.849345
11720,3000,102916.246317
11242,3000,102936.595233
11416,3000,102947.38138
11836,3000,102957.908932
11430,3000,102968.6038
11816,3000,102978.728922
11616,3000,102988.797301
11670,3000,102998.788515
12030,3000,103009.497405
12064,3000,103020.087722
11328,3000,103030.499445
11692,3000,103041.135464
11420,3000,103051.569102
11434,3000,103061.747973
11628,3000,103071.797592
11732,3000,103082.383286
11786,3000,103092.536086
11520,3000,103102.556555
11374,3000,103112.578696
11930,3000,103122.996445
11568,3000,103132.626592
11374,3000,103142.885837
11786,3000,103153.857077
11780,3000,103164.309296
11846,3000,103175.108551
11796,3000,103185.55444
11596,3000,103196.079335
11808,3000,103206.894042
11610,3000,103217.193463
11894,3000,103227.750359
11624,3000,103238.0352
11746,3000,103249.106022
11718,3000,103259.456195
11586,3000,103270.196567
11582,3000,103280.696105
11678,3000,103291.154978
11608,3000,103301.741934
12094,3000,103312.601784
11674,3000,103322.755853
11508,3000,103333.24882
11558,3000,103343.300982
11490,3000,103353.071741
11266,3000,103363.129175
11796,3000,103373.542184
11790,3000,103383.672331
11570,3000,103394.078297
11596,3000,103404.443991
11672,3000,103414.651012
11382,3000,103425.360113
11422,3000,103435.819392
11860,3000,103446.188296
11732,3000,103456.360149
11728,3000,103466.841728
11596,3000,103477.258152
11736,3000,103487.56041
11552,3000,103497.655753
11854,3000,103507.650292
11562,3000,103517.894997
11724,3000,103528.50619
11834,3000,103539.058586
11424,3000,103549.196262
11556,3000,103559.47434
11912,3000,103569.392597
11522,3000,103580.003568
11596,3000,103590.754188
11748,3000,103601.330348
11224,3000,103611.480263
11786,3000,103621.690006
11046,3000,103641.848104
11784,3000,103652.124271
11666,3000,103662.471941
11676,3000,103672.478648
11404,3000,103682.63574
11844,3000,103693.41603
11458,3000,103703.436323
11706,3000,103713.612835
11534,3000,103723.773316
11778,3000,103734.66701
11462,3000,103745.587779
11846,3000,103756.452388
11920,3000,103766.7509
11494,3000,103777.428687
11606,3000,103787.88631
11532,3000,103798.286042
11594,3000,103808.246494
11436,3000,103818.689789
11728,3000,103829.205889
11706,3000,103839.327939
11742,3000,103850.107925
11646,3000,103860.611774
11858,3000,103870.544431
11948,3000,103880.912146
11720,3000,103891.208798
11802,3000,103901.507627
11868,3000,103912.291305
11778,3000,103922.512912
11628,3000,103933.026543
11644,3000,103943.977235
11684,3000,103954.599898
11804,3000,103965.060483
11732,3000,103975.481228
11478,3000,103985.678977
11786,3000,103996.238571
11858,3000,104006.524626
11510,3000,104016.523782
11898,3000,104026.767202
11944,3000,104037.544606
11986,3000,104048.067575
11478,3000,104058.584693
11684,3000,104069.51012
11832,3000,104080.202145
11910,3000,104090.794315
11750,3000,104101.289087
11740,3000,104111.966562
11986,3000,104122.873078
11484,3000,104133.472125
11720,3000,104144.477777
11766,3000,104155.198715
12038,3000,104165.885744
11796,3000,104176.310843
11778,3000,104186.1914
11544,3000,104197.121378
11860,3000,104207.665226
11770,3000,104218.027713
11900,3000,104228.585267
11498,3000,104239.30123
11788,3000,104249.590985
11842,3000,104260.344817
11478,3000,104270.43296
11218,3000,104280.700906
11522,3000,104290.942903
11888,3000,104301.324886
11542,3000,104311.797246
11592,3000,104322.170437
11390,3000,104332.565269
11346,3000,104352.659107
11604,3000,104363.147821
11738,3000,104373.321057
11368,3000,104383.19486
11568,3000,104394.13368
11880,3000,104404.869151
11926,3000,104415.79022
11656,3000,104426.565522
11944,3000,104437.539471
11868,3000,104448.321033
11684,3000,104458.910244
11708,3000,104469.197199
11864,3000,104480.125358
11748,3000,104490.559887
11686,3000,104501.296746
11698,3000,104511.637463
11598,3000,104522.04511
11958,3000,104532.5261
11972,3000,104543.209656
11586,3000,104553.645239
11862,3000,104564.51683
11176,3000,104574.610895
12078,3000,104584.912048
11534,3000,104594.98181
11978,3000,104604.916967
11820,3000,104615.614721
11828,3000,104626.141078
11644,3000,104636.032633
12152,3000,104646.782079
11850,3000,104656.978611
11738,3000,104667.806884
11744,3000,104678.589735
11972,3000,104689.192726
11850,3000,104699.657625
11440,3000,104710.638224
11530,3000,104721.05113
11810,3000,104731.557132
12040,3000,104742.368534
11548,3000,104752.481879
11662,3000,104763.167381
11650,3000,104773.610106
12126,3000,104784.128237
11566,3000,104794.433697
11570,3000,104804.890962
11794,3000,104815.387323
11834,3000,104826.037008
11690,3000,104836.502445
11524,3000,104846.815681
11864,3000,104857.062848
11694,3000,104868.015711
11862,3000,104878.222374
11888,3000,104888.404159
12036,3000,104898.477535
11982,3000,104908.990592
11448,3000,104919.391308
11660,3000,104930.110009
11790,3000,104941.211483
11714,3000,104951.644622
11830,3000,104961.764316
11830,3000,104972.022672
11954,3000,104983.201786
11562,3000,104993.203846
11534,3000,105003.589493
11602,3000,105013.702532
11610,3000,105024.651505
11734,3000,105035.211271
11768,3000,105055.812035
11608,3000,105066.247847
11778,3000,105076.941366
11848,3000,105087.485598
11668,3000,105097.565715
11812,3000,105107.797836
11568,3000,105118.192387
11756,3000,105128.99742
11866,3000,105139.848792
12036,3000,105150.859926
11346,3000,105161.35393
11620,3000,105172.158962
11326,3000,105182.454065
11850,3000,105193.082827
11286,3000,105203.575158
11940,3000,105214.273486
12002,3000,105224.878249
11384,3000,105234.77061
11812,3000,105245.105897
11640,3000,105255.574343
12092,3000,105266.197578
11632,3000,105276.933222
11726,3000,105287.699453
11762,3000,105297.932716
11164,3000,105307.854323
11846,3000,105318.645008
11606,3000,105329.29767
11846,3000,105338.975505
11806,3000,105349.814121
11652,3000,105360.436212
11756,3000,105370.970962
11420,3000,105381.188401
11928,3000,105391.914676
11488,3000,105402.203177
11476,3000,105413.047686
11948,3000,105423.702639
11852,3000,105434.28705
11784,3000,105445.102602
11534,3000,105455.243319
11690,3000,105465.505457
11784,3000,105476.037388
11590,3000,105486.509161
11314,3000,105496.847285
11732,3000,105507.010101
12060,3000,105518.172931
11442,3000,105528.306057
12278,3000,105539.095371
11884,3000,105549.953317
11670,3000,105559.706216
11680,3000,105570.202554
11418,3000,105580.297537
11868,3000,105590.264623
11546,3000,105600.674497
11352,3000,105611.123371
11566,3000,105621.616873
11538,3000,105632.147734
11640,3000,105642.540828
11804,3000,105653.224124
11628,3000,105663.555221
11748,3000,105674.162616
12000,3000,105684.879311
11446,3000,105695.335929
11480,3000,105705.803291
11568,3000,105716.707683
11576,3000,105727.199063
11770,3000,105737.881452
11816,3000,105748.979916
11492,3000,105769.690188
12002,3000,105779.962916
11664,3000,105790.562299
12160,3000,105801.516879
11584,3000,105811.954228
11728,3000,105822.537582
11752,3000,105832.998024
11630,3000,105844.112967
11380,3000,105854.415751
11568,3000,105865.000315
11888,3000,105875.255397
12034,3000,105886.070259
11566,3000,105896.623064
11132,3000,105907.237101
11186,3000,105917.313419
11654,3000,105927.456338
11410,3000,105937.740732
11558,3000,105948.273231
11578,3000,105958.813778
11878,3000,105968.754241
11910,3000,105979.554184
11722,3000,105990.220804
11378,3000,106000.575948
11998,3000,106010.933806
11104,3000,106021.001734
11872,3000,106031.486469
11802,3000,106041.624653
11698,3000,106052.355505
11820,3000,106063.387995
11996,3000,106073.795375
10988,3000,106083.86978
11534,3000,106094.700774
11680,3000,106105.065269
11656,3000,106115.83192
11760,3000,106126.575612
11830,3000,106137.307573
11598,3000,106147.829652
11862,3000,106158.23062
11786,3000,106168.406343
11448,3000,106178.599401
11824,3000,106189.240727
11594,3000,106199.977773
11706,3000,106210.094822
11380,3000,106220.270217
11728,3000,106230.759636
11602,3000,106241.184298
11904,3000,106251.857298
11770,3000,106262.154607
11558,3000,106272.552694
11752,3000,106283.022856
12050,3000,106293.087656
11812,3000,106303.565994
12032,3000,106314.614104
11640,3000,106326.093839
11724,3000,106336.312583
11850,3000,106347.158095
11760,3000,106357.391337
11622,3000,106368.101383
11660,3000,106378.679993
11678,3000,106388.92931
11674,3000,106399.506113
11386,3000,106409.770168
11720,3000,106420.517347
11520,3000,106431.046715
11620,3000,106441.286943
11158,3000,106452.152867
11736,3000,106462.464793
11552,3000,106482.247307
11422,3000,106492.204256
11480,3000,106502.343785
11738,3000,106512.416957
11608,3000,106522.13763
11634,3000,106531.722587
11390,3000,106541.178373
11846,3000,106550.951765
11478,3000,106560.703499
11640,3000,106570.489829
12066,3000,106580.346571
11802,3000,106590.49875
11354,3000,106600.411069
11522,3000,106610.026924
11648,3000,106620.370105
11578,3000,106629.891367
11714,3000,106639.75894
11446,3000,106649.199788
11668,3000,106658.408225
11966,3000,106668.164932
11856,3000,106677.942107
11576,3000,106688.076687
11728,3000,106698.188166
11734,3000,106708.107737
11682,3000,106717.793953
12036,3000,106727.750736
11870,3000,106737.634722
11676,3000,106747.438866
11870,3000,106757.269397
12022,3000,106767.135532
11510,3000,106776.925361
11518,3000,106786.9947
11770,3000,106796.248722
11830,3000,106805.61076
11698,3000,106815.472049
11880,3000,106825.155011
11508,3000,106834.72158
11424,3000,106844.183704
11970,3000,106853.995336
11674,3000,106863.333246
11252,3000,106873.216474
11876,3000,106883.352409
11618,3000,106893.500125
11910,3000,106903.713358
11598,3000,106913.467231
11512,3000,106923.04394
11944,3000,106933.185367
11722,3000,106942.864593
11476,3000,106952.973289
11536,3000,106962.373937
11672,3000,106972.365683
11698,3000,106982.260528
11970,3000,106992.535391
11820,3000,107002.740057
11670,3000,107012.516249
11698,3000,107022.090215
11912,3000,107031.677526
11680,3000,107041.952924
11772,3000,107051.996514
11496,3000,107061.7669
11762,3000,107071.2952
11802,3000,107080.922301
11624,3000,107090.478653
11638,3000,107100.492385
11680,3000,107110.176224
11776,3000,107120.514534
11706,3000,107139.961201
11388,3000,107150.018274
11758,3000,107159.684928
12000,3000,107170.207905
11326,3000,107179.805301
12052,3000,107190.108539
11526,3000,107199.730007
11442,3000,107210.153212
11712,3000,107220.122967
11398,3000,107229.988231
11824,3000,107239.855854
11432,3000,107249.866567
12070,3000,107260.274646
11516,3000,107270.235358
11624,3000,107280.100034
11794,3000,107289.851478
12098,3000,107300.135589
11662,3000,107310.007996
11858,3000,107319.748946
11412,3000,107329.827142
11938,3000,107339.639208
11536,3000,107349.529471
11686,3000,107359.03569
11722,3000,107369.198872
11724,3000,107379.11323
11644,3000,107389.226351
11538,3000,107399.095706
11390,3000,107408.394922
11806,3000,107418.68616
11766,3000,107428.451713
12052,3000,107438.421845
11690,3000,107447.985015
11568,3000,107457.252954
11780,3000,107466.942431
11604,3000,107477.071517
11722,3000,107486.59583
11826,3000,107496.231748
12010,3000,107506.383911
11572,3000,107516.318655
11710,3000,107526.469262
11356,3000,107535.96784
11258,3000,107545.721922
11476,3000,107555.198292
11542,3000,107565.439127
11732,3000,107575.008832
11604,3000,107585.324318
11760,3000,107594.923406
11586,3000,107604.267494
11680,3000,107614.054353
12136,3000,107624.311328
11492,3000,107633.990602
11956,3000,107643.833543
11316,3000,107653.823204
11420,3000,107664.031443
11570,3000,107673.732107
11774,3000,107683.866783
11702,3000,107693.570103
11728,3000,107703.68487
11314,3000,107713.644078
11546,3000,107723.378201
11752,3000,107733.276687
11498,3000,107742.861134
11972,3000,107753.712608
11558,3000,107763.763842
11898,3000,107773.903347
11320,3000,107783.74465
11754,3000,107793.492395
11578,3000,107812.534812
12012,3000,107822.788229
11248,3000,107832.400492
11974,3000,107842.310473
11790,3000,107852.408954
11762,3000,107862.40899
11820,3000,107871.96966
11522,3000,107881.906094
11664,3000,107891.604258
11672,3000,107901.527941
11656,3000,107911.575132
11620,3000,107921.23308
11722,3000,107931.558839
11854,3000,107941.815418
11762,3000,107951.640669
11678,3000,107961.116948
11756,3000,107970.973362
11524,3000,107980.46576
11954,3000,107990.139358
11726,3000,108000.051168
11848,3000,108009.837554
11592,3000,108019.905675
11506,3000,108030.132126
11586,3000,108039.783041
11914,3000,108049.739882
11992,3000,108059.754658
11726,3000,108069.233183
11582,3000,108079.044972
11902,3000,108088.839943
11330,3000,108098.914129
11410,3000,108108.262314
11694,3000,108117.67518
11822,3000,108127.478084
11360,3000,108136.786451
11582,3000,108146.661304
11778,3000,108156.78384
11558,3000,108166.901415
11782,3000,108177.060041
11646,3000,108186.76921
11730,3000,108196.350909
11762,3000,108205.918198
11638,3000,108215.558172
11868,3000,108225.815101
11482,3000,108235.724558
11740,3000,108245.422179
11500,3000,108255.149336
11590,3000,108264.595384
11718,3000,108274.47946
11908,3000,108284.528354
11844,3000,108294.545605
11478,3000,108304.381908
11504,3000,108313.941792
11474,3000,108323.240774
11704,3000,108332.739991
11232,3000,108342.158808
11438,3000,108352.005352
11724,3000,108362.008507
11728,3000,108372.088853
11510,3000,108382.056387
11628,3000,108391.96536
11964,3000,108402.15186
11982,3000,108411.931098
11786,3000,108422.087306
11618,3000,108432.103979
11490,3000,108441.558984
11482,3000,108451.233961
11956,3000,108461.286022
11942,3000,108480.996764
11624,3000,108490.527766
11382,3000,108499.711929
11674,3000,108509.384465
11946,3000,108519.562966
11284,3000,108530.021335
11830,3000,108540.141201
11534,3000,108550.1241
11208,3000,108560.096317
11664,3000,108569.89729
11462,3000,108579.459529
11704,3000,108589.297015
11954,3000,108599.6555
11568,3000,108609.108653
11884,3000,108618.874805
11904,3000,108629.188884
11782,3000,108638.50111
12122,3000,108648.487298
11952,3000,108658.662782
11204,3000,108667.811582
11754,3000,108678.017763
11820,3000,108687.512465
11844,3000,108697.540933
11662,3000,108707.469025
11802,3000,108717.120046
11486,3000,108726.607666
11650,3000,108736.382665
11430,3000,108746.349715
11906,3000,108755.836426
11684,3000,108764.960987
11696,3000,108774.567675
11282,3000,108784.066044
11840,3000,108793.777293
11702,3000,108803.732497
11646,3000,108813.466048
11728,3000,108823.851322
11806,3000,108833.122449
11866,3000,108843.315551
11360,3000,108852.88666
11456,3000,108862.383511
11824,3000,108872.191642
11440,3000,108881.672932
11460,3000,108891.141117
11690,3000,108900.527762
11700,3000,108910.493709
11702,3000,108920.480823
11956,3000,108930.706609
11676,3000,108940.306296
11548,3000,108950.139315
11488,3000,108959.624322
11800,3000,108969.617842
11672,3000,108979.283751
11752,3000,108988.842627
12270,3000,108999.022225
11348,3000,109008.735501
11684,3000,109018.614239
11650,3000,109028.307109
11740,3000,109038.30406
11570,3000,109048.289122
11820,3000,109058.205948
11586,3000,109068.452679
11630,3000,109078.157613
11902,3000,109087.979834
11668,3000,109097.928447
11742,3000,109108.020525
11624,3000,109118.258699
11666,3000,109137.412366
11680,3000,109147.00983
11696,3000,109156.999882
11440,3000,109166.740069
11710,3000,109176.272016
11640,3000,109186.434861
11758,3000,109196.112704
11768,3000,109205.289587
11488,3000,109214.796037
11420,3000,109224.724018
11826,3000,109234.603022
11676,3000,109244.374237
11914,3000,109254.570436
11764,3000,109264.630565
11700,3000,109274.495777
11752,3000,109284.527869
11796,3000,109294.198948
11868,3000,109303.873814
11472,3000,109313.501317
11720,3000,109323.164059
11338,3000,109332.596968
11732,3000,109342.302453
11714,3000,109351.912002
11848,3000,109362.06024
11684,3000,109371.784286
11582,3000,109381.628052
11764,3000,109391.263097
11720,3000,109401.240787
11554,3000,109411.137925
11824,3000,109421.283824
11384,3000,109431.421082
11520,3000,109441.2633
11554,3000,109451.430948
11854,3000,109461.167409
11880,3000,109471.122042
11410,3000,109480.731502
11324,3000,109490.169709
11736,3000,109500.155051
11836,3000,109509.544662
11660,3000,109518.955986
11844,3000,109528.415359
11596,3000,109538.410267
11272,3000,109548.692232
11624,3000,109558.600351
11876,3000,109568.335382
11534,3000,109578.454449
11704,3000,109588.392743
11848,3000,109598.278937
11746,3000,109607.923119
11774,3000,109618.111057
11366,3000,109627.613277
11640,3000,109637.721923
11634,3000,109646.778888
11748,3000,109656.414346
11690,3000,109666.104332
11750,3000,109675.651994
11534,3000,109685.141906
11680,3000,109695.104395
11876,3000,109705.143341
11648,3000,109715.10661
11458,3000,109724.884587
11702,3000,109734.255237
11876,3000,109744.093366
11470,3000,109754.046185
11682,3000,109763.750859
11794,3000,109773.928391
12086,3000,109783.7951
11732,3000,109803.178751
11840,3000,109813.106963
11576,3000,109822.811767
11800,3000,109833.005526
11660,3000,109842.956797
11748,3000,109852.936681
11528,3000,109862.979403
11832,3000,109872.835167
11798,3000,109882.652535
11582,3000,109892.486979
11646,3000,109902.176141
11780,3000,109912.171493
11608,3000,109921.70136
11948,3000,109931.675896
11970,3000,109941.903327
11674,3000,109951.521382
11716,3000,109961.058076
12140,3000,109971.152193
11746,3000,109980.943726
11556,3000,109990.921545
11684,3000,110000.844734
11932,3000,110011.19607
12154,3000,110021.547694
11680,3000,110031.01402
11800,3000,110040.860126
11994,3000,110050.85525
11572,3000,110060.812421
12152,3000,110070.882178
11766,3000,110080.877305
11516,3000,110090.680062
11620,3000,110100.462389
11978,3000,110110.460886
11184,3000,110120.115036
11858,3000,110130.097452
11736,3000,110139.63636
11816,3000,110149.553037
11622,3000,110159.485074
11498,3000,110169.699725
11448,3000,110179.451522
11796,3000,110189.555517
11612,3000,110200.058009
11998,3000,110209.867636
11802,3000,110219.709511
11680,3000,110229.742859
11684,3000,110239.581219
11758,3000,110249.98744
11902,3000,110259.65781
11436,3000,110269.234102
11418,3000,110278.821496
11868,3000,110288.695438
11700,3000,110298.549743
11912,3000,110308.269413
11668,3000,110318.263553
11696,3000,110327.872904
11418,3000,110337.655192
11592,3000,110347.289608
11704,3000,110357.007353
11542,3000,110366.586034
11504,3000,110376.344637
11786,3000,110386.326616
11574,3000,110396.460639
11804,3000,110406.392363
11716,3000,110416.244378
11880,3000,110425.764511
11716,3000,110435.977036
11574,3000,110445.444625
11594,3000,110454.931042
11712,3000,110474.090812
11632,3000,110483.916277
11720,3000,110493.177372
11378,3000,110502.951529
11710,3000,110513.244188
11630,3000,110522.764461
11524,3000,110532.031211
11980,3000,110542.01695
11698,3000,110551.747755
11182,3000,110561.381148
11460,3000,110570.796057
11684,3000,110580.484774
11714,3000,110589.841007
11448,3000,110599.427883
11404,3000,110608.551836
11564,3000,110617.746744
11600,3000,110627.697911
12102,3000,110637.241044
11434,3000,110647.074118
11628,3000,110657.246075
11876,3000,110667.115068
11620,3000,110677.342366
11760,3000,110686.830297
11510,3000,110695.997034
11892,3000,110706.199358
11852,3000,110716.374181
11702,3000,110726.411491
11628,3000,110735.948069
11596,3000,110745.446878
11450,3000,110755.821035
11748,3000,110765.699185
11620,3000,110775.581476
11686,3000,110785.108823
11592,3000,110794.653627
11770,3000,110804.700667
11670,3000,110814.433376
11716,3000,110823.897401
11854,3000,110833.887446
11656,3000,110843.814768
11760,3000,110853.65639
11800,3000,110863.518903
11788,3000,110873.608045
11894,3000,110883.428582
11694,3000,110892.439536
11510,3000,110902.237058
11548,3000,110911.731615
12000,3000,110921.510844
11358,3000,110931.151687
11918,3000,110941.39198
11412,3000,110951.625452
11682,3000,110961.203907
11908,3000,110971.505396
11748,3000,110980.962855
11952,3000,110990.658341
11942,3000,111000.30283
11224,3000,111009.554555
11776,3000,111019.254811
11662,3000,111028.734585
11640,3000,111038.327638
11638,3000,111047.727507
11696,3000,111057.161639
11792,3000,111067.045007
11294,3000,111077.013015
11992,3000,111086.65325
11508,3000,111096.347687
11658,3000,111106.878407
11658,3000,111126.300065
11810,3000,111136.321914
11558,3000,111146.337824
11546,3000,111156.067575
11892,3000,111165.754174
11502,3000,111175.637258
11382,3000,111185.624712
11646,3000,111195.16978
11724,3000,111205.153273
11818,3000,111214.915744
11594,3000,111224.892241
11676,3000,111234.711922
11916,3000,111244.748776
11528,3000,111254.449378
11562,3000,111264.192789
11556,3000,111273.198421
11632,3000,111282.915566
11616,3000,111292.643833
12060,3000,111302.541593
12054,3000,111312.587501
11606,3000,111322.566297
11338,3000,111332.195749
11510,3000,111341.694281
11714,3000,111351.394472
11674,3000,111361.313438
11488,3000,111370.568772
11850,3000,111380.722266
11800,3000,111390.059412
11700,3000,111399.809577
11754,3000,111409.784821
11320,3000,111419.044402
11626,3000,111429.038209
11340,3000,111438.573023
11578,3000,111448.113931
11574,3000,111457.999062
11742,3000,111467.32758
11696,3000,111476.797182
12064,3000,111486.762518
11502,3000,111496.614767
11564,3000,111506.613577
11718,3000,111516.36052
11536,3000,111526.620593
11864,3000,111536.556194
11640,3000,111546.281585
12026,3000,111556.213249
11774,3000,111566.057338
11812,3000,111576.121389
11816,3000,111585.657318
12130,3000,111595.291408
11818,3000,111604.943084
11982,3000,111614.918441
11880,3000,111624.874574
11858,3000,111635.292379
11714,3000,111644.840041
11780,3000,111654.885201
11708,3000,111664.546064
11658,3000,111674.156937
11568,3000,111684.030601
11840,3000,111693.575314
11616,3000,111703.189543
11694,3000,111712.530849
11892,3000,111721.930953
11662,3000,111731.259569
11844,3000,111740.471282
11698,3000,111749.212331
11748,3000,111757.932571
11664,3000,111767.240188
11724,3000,111784.7902
11850,3000,111794.148338
11896,3000,111803.090394
11856,3000,111812.295064
11626,3000,111820.953827
11508,3000,111829.571781
11684,3000,111838.388297
11954,3000,111847.2123
11408,3000,111855.790641
11554,3000,111864.63164
11426,3000,111873.263511
11334,3000,111882.430794
11270,3000,111891.295068
12028,3000,111900.268849
11898,3000,111909.318519
11808,3000,111918.334534
11502,3000,111927.167044
11858,3000,111935.85651
11652,3000,111944.607185
11684,3000,111954.356356
11804,3000,111963.58487
11948,3000,111972.775888
11728,3000,111981.850177
11698,3000,111990.796922
11716,3000,112000.003663
11800,3000,112009.121922
11716,3000,112017.650602
11634,3000,112026.641312
11384,3000,112036.244663
11714,3000,112045.13589
11686,3000,112054.099256
11710,3000,112062.716733
12026,3000,112071.887012
11700,3000,112081.339926
11636,3000,112090.173221
11732,3000,112098.865312
12002,3000,112107.860204
11752,3000,112116.831227
11870,3000,112126.1117
11612,3000,112134.773503
11456,3000,112143.583926
11368,3000,112152.686463
11858,3000,112161.546514
11372,3000,112169.960256
12108,3000,112179.104462
11498,3000,112188.348712
11526,3000,112197.05239
11374,3000,112206.080584
11640,3000,112215.26636
11380,3000,112223.589297
11724,3000,112231.932324
11730,3000,112240.618596
11866,3000,112249.653098
11314,3000,112258.601488
11742,3000,112267.337313
11862,3000,112276.338349
11512,3000,112285.367768
11802,3000,112294.600772
11858,3000,112304.070721
11896,3000,112313.164862
11546,3000,112322.100654
11602,3000,112331.053473
11356,3000,112339.754797
11680,3000,112348.64365
11692,3000,112357.839509
11440,3000,112366.939523
11564,3000,112375.683652
11738,3000,112392.997575
11288,3000,112401.352235
11830,3000,112410.447342
11774,3000,112419.280842
11858,3000,112428.503118
11632,3000,112437.684517
11858,3000,112446.565497
11728,3000,112455.694088
11322,3000,112464.32337
11492,3000,112473.079055
11648,3000,112482.270299
11572,3000,112491.444214
11542,3000,112500.545955
11600,3000,112509.647297
11682,3000,112518.168663
11378,3000,112526.878061
11944,3000,112535.819373
11508,3000,112544.303738
11498,3000,112553.728555
11674,3000,112562.18822
11534,3000,112570.959633
12086,3000,112579.937253
12096,3000,112589.097361
11768,3000,112597.47798
11860,3000,112605.699537
11636,3000,112614.966162
11506,3000,112624.11395
11742,3000,112632.721337
11600,3000,112641.747938
11700,3000,112650.261847
11538,3000,112659.520391
11666,3000,112668.47737
11780,3000,112677.462719
11626,3000,112686.362917
11940,3000,112694.719895
11558,3000,112703.693165
11662,3000,112712.684311
11796,3000,112721.573674
11544,3000,112730.354105
11510,3000,112739.331285
11968,3000,112748.056586
11574,3000,112757.016532
11632,3000,112766.215518
11446,3000,112774.846553
11738,3000,112783.92042
11570,3000,112792.673773
11708,3000,112801.621368
11404,3000,112810.633428
11638,3000,112819.415784
11604,3000,112828.218582
11742,3000,112837.220178
11594,3000,112845.540666
12152,3000,112855.030594
11462,3000,112863.86459
11742,3000,112872.852657
11740,3000,112881.873007
11822,3000,112890.63264
11772,3000,112899.470547
12090,3000,112908.586703
11862,3000,112917.684315
11768,3000,112926.367842
11908,3000,112936.176775
11772,3000,112945.569674
11498,3000,112954.302197
11726,3000,112963.373451
11474,3000,112972.536392
11600,3000,112989.515975
11724,3000,112998.785863
11630,3000,113007.49767
11584,3000,113016.510822
11696,3000,113025.38092
11524,3000,113033.979114
11438,3000,113042.383708
11708,3000,113051.369766
11706,3000,113061.062535
11746,3000,113069.835367
11462,3000,113078.271234
11532,3000,113087.407852
11728,3000,113096.328039
11892,3000,113105.773095
11752,3000,113114.645441
12032,3000,113123.327711
11788,3000,113132.815744
11618,3000,113141.853172
11492,3000,113150.873354
11438,3000,113159.594918
11690,3000,113168.56481
11986,3000,113177.838731
11488,3000,113186.653831
11768,3000,113195.488622
11688,3000,113204.530595
11800,3000,113212.714384
11830,3000,113221.442581
11676,3000,113230.197496
11594,3000,113239.238643
11478,3000,113247.877763
12050,3000,113256.86046
11656,3000,113265.472583
11628,3000,113274.164037
11446,3000,113283.029078
11590,3000,113292.022849
11446,3000,113300.99448
11508,3000,113310.07388
11870,3000,113319.081026
11478,3000,113328.2235
11808,3000,113337.395382
11594,3000,113346.578807
11830,3000,113355.796205
11710,3000,113365.104482
11740,3000,113373.658927
11918,3000,113382.719634
11788,3000,113391.289025
11584,3000,113399.800676
11344,3000,113408.459639
11732,3000,113417.333026
11578,3000,113426.395621
11668,3000,113435.160457
12046,3000,113444.02313
11632,3000,113452.876203
11882,3000,113461.898359
11740,3000,113470.270205
11716,3000,113479.748695
11944,3000,113488.727232
11488,3000,113497.597751
11800,3000,113506.230642
11252,3000,113514.860704
11756,3000,113523.409654
11524,3000,113532.021423
11916,3000,113541.287041
11712,3000,113549.892104
11666,3000,113558.258974
11520,3000,113567.04652
11708,3000,113575.316779
11620,3000,113592.460817
11866,3000,113601.495893
11736,3000,113609.932848
11426,3000,113619.453484
11444,3000,113628.774471
11842,3000,113637.864347
11998,3000,113646.637497
11578,3000,113655.618423
11482,3000,113664.314132
12178,3000,113673.39495
11636,3000,113682.603446
11818,3000,113691.34339
11922,3000,113699.706608
11592,3000,113708.882473
11716,3000,113717.553253
11348,3000,113726.065153
11754,3000,113735.083984
11472,3000,113744.181646
11548,3000,113753.209635
12108,3000,113762.371972
11288,3000,113771.579925
11718,3000,113781.00613
12062,3000,113790.046988
11564,3000,113798.844175
11704,3000,113807.62776
11292,3000,113816.519263
11558,3000,113825.606633
11586,3000,113834.375865
11522,3000,113843.186828
11596,3000,113851.987192
11938,3000,113861.069371
11468,3000,113869.491536
11580,3000,113878.865241
11580,3000,113887.863642
11760,3000,113896.622387
11726,3000,113905.731298
11760,3000,113914.32502
11768,3000,113923.214329
11742,3000,113932.27428
11538,3000,113941.385271
11726,3000,113950.080666
11656,3000,113959.020992
11692,3000,113967.393111
11686,3000,113975.908719
11746,3000,113985.12367
11698,3000,113994.150667
11502,3000,114003.015129
11350,3000,114011.923482
11520,3000,114020.623017
11838,3000,114029.606838
11872,3000,114038.640027
11722,3000,114047.944502
11260,3000,114057.033048
11266,3000,114065.947052
11796,3000,114074.967845
11736,3000,114083.846275
11664,3000,114092.642505
11886,3000,114101.66011
11410,3000,114110.308741
11558,3000,114119.056213
12160,3000,114128.635278
12078,3000,114137.742696
11584,3000,114146.427521
11820,3000,114155.469634
11558,3000,114164.288637
11742,3000,114173.16554
11586,3000,114182.119635
11606,3000,114198.704731
11892,3000,114207.912842
11758,3000,114217.312678
11494,3000,114225.907469
11632,3000,114235.026864
11956,3000,114244.105689
11958,3000,114253.354124
11744,3000,114262.480932
12130,3000,114271.339911
11758,3000,114280.399886
11396,3000,114289.512931
11466,3000,114298.815215
11722,3000,114307.768445
11510,3000,114316.598538
11658,3000,114325.290393
11644,3000,114334.223592
11704,3000,114343.521186
11740,3000,114352.430842
11598,3000,114361.339595
11640,3000,114369.919091
12124,3000,114379.012855
11530,3000,114387.725751
11472,3000,114396.712781
12024,3000,114405.739584
11962,3000,114415.550086
11826,3000,114424.726513
11574,3000,114433.437958
12066,3000,114442.477818
11792,3000,114451.486308
11736,3000,114460.257954
11664,3000,114469.038489
11702,3000,114478.444899
11854,3000,114487.549764
11816,3000,114496.718902
11388,3000,114505.348406
11330,3000,114514.04831
11618,3000,114522.943082
11472,3000,114531.686049
11736,3000,114540.81116
12082,3000,114550.359099
11814,3000,114558.583488
11900,3000,114567.150998
11354,3000,114575.610775
11652,3000,114584.322609
11642,3000,114592.963088
11230,3000,114601.422963
12150,3000,114610.693541
11872,3000,114619.771886
11622,3000,114628.205143
11558,3000,114637.11593
11640,3000,114646.362653
11812,3000,114655.62206
11808,3000,114664.527376
11790,3000,114673.79733
11750,3000,114683.190692
11562,3000,114691.87178
11288,3000,114700.336399
11622,3000,114709.481882
11658,3000,114718.4793
11674,3000,114727.699687
11394,3000,114736.374434
11990,3000,114745.580203
11678,3000,114754.3769
11810,3000,114763.059376
11764,3000,114772.206116
11724,3000,114781.056988
11366,3000,114798.149756
12114,3000,114807.354503
11570,3000,114815.892333
11588,3000,114825.26512
11434,3000,114834.293607
11820,3000,114843.355579
11560,3000,114852.043473
11914,3000,114861.049071
11724,3000,114870.086217
11874,3000,114878.831752
11718,3000,114887.91998
11654,3000,114897.112571
11722,3000,114906.77667
12028,3000,114916.257096
11434,3000,114925.087746
11576,3000,114934.551853
11584,3000,114942.979066
11622,3000,114951.929772
12082,3000,114960.437623
11526,3000,114969.047775
11070,3000,114978.006716
11444,3000,114986.792773
11794,3000,114995.911608
11742,3000,115004.464221
11920,3000,115012.895681
11876,3000,115022.080071
11710,3000,115031.160035
11720,3000,115039.877044
11464,3000,115048.93498
11620,3000,115058.272882
11602,3000,115067.435652
11474,3000,115076.062442
11576,3000,115085.286469
11810,3000,115093.883141
11804,3000,115102.946745
12084,3000,115112.039349
11678,3000,115120.778137
11908,3000,115129.787759
11452,3000,115139.136525
11876,3000,115148.377647
11886,3000,115156.805509
11252,3000,115165.7102
11410,3000,115174.434471
11176,3000,115183.48878
11816,3000,115192.040168
11886,3000,115200.653769
11212,3000,115209.190178
11636,3000,115217.894746
12004,3000,115226.628949
11730,3000,115236.031775
11816,3000,115244.749649
11672,3000,115253.62641
11606,3000,115262.397971
11738,3000,115271.880965
11672,3000,115280.824205
11378,3000,115289.312409
11788,3000,115298.117329
11784,3000,115307.259765
11624,3000,115316.259042
11420,3000,115325.270297
11544,3000,115334.097223
11848,3000,115343.058493
11784,3000,115352.31424
12012,3000,115360.791051
11704,3000,115369.791811
11806,3000,115378.760468
11450,3000,115388.448449
11826,3000,115405.962353
12178,3000,115415.096639
11666,3000,115424.217397
11722,3000,115433.547646
11644,3000,115442.54686
11864,3000,115451.258798
11172,3000,115460.39677
11864,3000,115469.589703
11916,3000,115478.504318
11914,3000,115487.617686
11302,3000,115496.336349
11956,3000,115505.583389
11750,3000,115514.688152
11876,3000,115523.669585
11356,3000,115531.988398
11780,3000,115541.301335
11770,3000,115550.372113
11678,3000,115559.712392
11488,3000,115568.40242
11544,3000,115577.36764
11680,3000,115586.046281
11756,3000,115594.651447
11674,3000,115603.53289
11670,3000,115612.3952
11670,3000,115621.424642
11862,3000,115630.735465
11818,3000,115639.577867
11824,3000,115649.192574
11932,3000,115658.776858
11722,3000,115667.760144
11518,3000,115676.373936
11650,3000,115685.620297
11568,3000,115694.796052
11570,3000,115703.637432
11512,3000,115712.355802
12004,3000,115721.289369
11958,3000,115730.449323
11920,3000,115739.39537
11544,3000,115747.90097
11890,3000,115757.279635
11722,3000,115766.567716
11680,3000,115775.956323
11820,3000,115785.23604
11730,3000,115794.268486
11678,3000,115803.254052
11692,3000,115812.535799
11640,3000,115821.260731
11702,3000,115829.660905
12196,3000,115838.805525
11432,3000,115847.980518
11698,3000,115857.07455
11518,3000,115865.574266
11606,3000,115874.476432
11556,3000,115883.523641
11604,3000,115892.383318
11792,3000,115901.361668
11628,3000,115910.267691
11632,3000,115919.233349
11680,3000,115928.186043
11488,3000,115936.650301
11580,3000,115945.369191
11554,3000,115953.711057
11528,3000,115962.72187
11816,3000,115971.946746
11952,3000,115981.025964
11994,3000,115990.306332
11654,3000,115998.551279
11838,3000,116016.19601
11970,3000,116024.967371
11804,3000,116033.984072
11586,3000,116043.24142
11774,3000,116052.18763
11680,3000,116060.765665
11980,3000,116069.555408
11826,3000,116078.322716
11920,3000,116087.705899
11902,3000,116096.996589
11682,3000,116105.888787
11820,3000,116114.671438
11780,3000,116123.579997
11812,3000,116133.227919
11822,3000,116142.40257
11786,3000,116151.408236
11632,3000,116159.973704
11590,3000,116168.850391
11734,3000,116178.040733
11796,3000,116186.908759
11836,3000,116195.948639
11698,3000,116205.375293
11702,3000,116214.461285
11282,3000,116223.057746
11564,3000,116231.375015
12050,3000,116240.249209
11640,3000,116248.583602
11750,3000,116257.365861
11844,3000,116266.184161
11806,3000,116275.034543
11754,3000,116283.946092
11486,3000,116292.488817
11734,3000,116301.394345
12052,3000,116310.506909
11434,3000,116319.632583
11950,3000,116328.325769
11870,3000,116337.268447
11384,3000,116346.285621
11580,3000,116355.09508
11644,3000,116364.051843
11912,3000,116373.330115
11794,3000,116382.037919
11686,3000,116391.562478
11386,3000,116400.638862
11556,3000,116409.080713
11798,3000,116418.610839
11456,3000,116427.340602
12154,3000,116436.264313
11826,3000,116445.281292
11898,3000,116454.470616
11690,3000,116463.458681
11354,3000,116471.833776
11638,3000,116481.007545
11588,3000,116489.473216
12120,3000,116498.801988
11918,3000,116507.483072
11718,3000,116516.234972
11368,3000,116524.854769
11588,3000,116533.587975
11912,3000,116542.3296
11920,3000,116551.524852
11530,3000,116560.491246
11684,3000,116569.531196
11458,3000,116578.2191
12096,3000,116587.068295
11660,3000,116595.777257
11552,3000,116613.617507
11216,3000,116622.112927
11574,3000,116631.604473
11876,3000,116640.273953
11512,3000,116648.683424
11308,3000,116656.996326
11794,3000,116666.063512
11344,3000,116674.840657
11932,3000,116684.043944
12064,3000,116692.907655
11646,3000,116701.839981
11492,3000,116710.347477
11694,3000,116719.22206
12116,3000,116727.87198
11832,3000,116736.729819
11622,3000,116745.527418
11680,3000,116754.121357
11430,3000,116762.919681
11808,3000,116771.161821
11776,3000,116779.911321
11672,3000,116788.294128
11686,3000,116797.525987
11736,3000,116805.747558
11828,3000,116814.855927
11632,3000,116823.645448
11786,3000,116832.782505
11436,3000,116841.747789
11682,3000,116850.665959
11770,3000,116859.390976
11570,3000,116868.094752
12294,3000,116877.720117
11830,3000,116886.472085
11346,3000,116895.308732
11532,3000,116903.905728
11774,3000,116912.370724
11638,3000,116921.200059
11386,3000,116930.124315
11744,3000,116939.169957
11592,3000,116947.678776
11788,3000,116956.494896
11598,3000,116964.902129
11800,3000,116973.958244
11716,3000,116983.168244
11798,3000,116992.466535
11882,3000,117001.518388
11720,3000,117010.570369
11716,3000,117019.725764
11678,3000,117028.410825
11568,3000,117037.426379
11930,3000,117046.232342
11968,3000,117055.422611
11750,3000,117064.724769
11354,3000,117073.282078
11932,3000,117082.169895
11918,3000,117091.265568
11940,3000,117100.726115
11898,3000,117109.897448
12034,3000,117119.086017
11776,3000,117128.123042
11728,3000,117137.056042
11878,3000,117146.038959
11846,3000,117155.168004
11460,3000,117164.00261
11472,3000,117173.01255
12040,3000,117182.023827
11784,3000,117190.733042
11928,3000,117199.528405
11728,3000,117216.437204
11342,3000,117225.637411
11776,3000,117234.742618
12014,3000,117243.428349
11852,3000,117252.125003
11816,3000,117261.140059
11664,3000,117270.561413
11064,3000,117279.6422
11828,3000,117288.62209
11652,3000,117297.838871
11740,3000,117306.598196
11512,3000,117315.280654
11434,3000,117324.328438
11622,3000,117333.586211
11458,3000,117342.059141
11740,3000,117351.070667
11720,3000,117359.745991
11672,3000,117368.807481
11516,3000,117377.600089
11654,3000,117386.889426
11800,3000,117396.20465
11544,3000,117404.695111
11510,3000,117413.338784
11868,3000,117422.189288
11784,3000,117430.815997
11918,3000,117439.967093
12208,3000,117448.904968
11552,3000,117458.004265
11536,3000,117466.684613
11570,3000,117475.311994
11740,3000,117484.397941
11612,3000,117493.027297
11784,3000,117502.290641
11772,3000,117511.174195
11522,3000,117520.144661
11830,3000,117529.453083
11834,3000,117538.473376
11640,3000,117547.585305
11668,3000,117556.810246
11590,3000,117565.364349
11468,3000,117573.730758
11738,3000,117582.725562
12084,3000,117591.558987
11628,3000,117600.786501
11624,3000,117609.739624
11584,3000,117618.047913
11748,3000,117627.122581
11894,3000,117636.489233
11548,3000,117645.095276
11844,3000,117653.530085
11872,3000,117662.408633
11780,3000,117671.540668
11942,3000,117680.818942
11758,3000,117690.24984
11636,3000,117699.216102
11786,3000,117708.08537
11484,3000,117717.404767
11578,3000,117726.725633
11592,3000,117736.176642
11734,3000,117745.696762
11480,3000,117754.630556
11880,3000,117763.406163
11298,3000,117772.05568
11998,3000,117781.022722
11776,3000,117789.814316
11828,3000,117798.913754
11528,3000,117807.841851
11908,3000,117824.734948
11600,3000,117833.806582
11830,3000,117842.799445
11918,3000,117852.022702
11690,3000,117860.70893
11660,3000,117869.262016
11726,3000,117878.314199
11798,3000,117887.229848
11260,3000,117896.246919
11732,3000,117905.093869
11710,3000,117914.318056
11684,3000,117923.121966
11998,3000,117932.226268
11352,3000,117940.70202
11644,3000,117949.346982
11760,3000,117958.006994
11634,3000,117966.568434
11540,3000,117975.627615
11876,3000,117984.893449
11156,3000,117993.293674
11534,3000,118002.147979
11854,3000,118011.537988
11848,3000,118020.580819
11374,3000,118028.838159
11884,3000,118037.647837
11808,3000,118046.695052
11564,3000,118055.151358
11522,3000,118063.638026
11650,3000,118072.650663
11870,3000,118081.894897
11964,3000,118090.555818
11764,3000,118099.90954
11784,3000,118108.583766
11616,3000,118116.619433
11778,3000,118125.378011
11908,3000,118134.493427
11380,3000,118143.268662
11910,3000,118152.250392
11510,3000,118160.761958
11472,3000,118168.937074
11956,3000,118177.333055
11554,3000,118186.136656
11598,3000,118194.896803
11352,3000,118204.066936
11774,3000,118213.452579
11822,3000,118222.580075
12132,3000,118231.311856
11880,3000,118240.497532
11612,3000,118249.519355
11580,3000,118258.055012
11548,3000,118266.876714
11532,3000,118275.588284
11640,3000,118284.68759
11688,3000,118293.362322
11376,3000,118302.296634
11554,3000,118310.453541
11516,3000,118319.533128
11646,3000,118328.211086
11862,3000,118336.439197
11900,3000,118345.773277
11852,3000,118354.90862
12134,3000,118363.851244
11808,3000,118373.192901
11460,3000,118381.601247
11508,3000,118390.483442
11730,3000,118398.936321
11766,3000,118416.422334
11932,3000,118425.581508
12004,3000,118434.572882
11394,3000,118443.471686
11898,3000,118452.390996
11946,3000,118461.474507
11488,3000,118470.022616
11806,3000,118478.338378
11736,3000,118487.492507
12064,3000,118496.45272
12184,3000,118505.933422
11772,3000,118514.514934
11372,3000,118523.233561
12216,3000,118532.169688
11572,3000,118541.106992
11658,3000,118549.905934
11488,3000,118559.056174
11706,3000,118568.317322
11880,3000,118577.13513
11650,3000,118586.148497
11660,3000,118594.924832
11706,3000,118603.498761
11530,3000,118612.355627
11948,3000,118620.982056
12016,3000,118629.456192
11522,3000,118638.159236
11402,3000,118646.865174
11916,3000,118655.4218
11542,3000,118663.759644
12002,3000,118671.906025
11632,3000,118680.219065
11336,3000,118688.302659
11686,3000,118696.383889
12044,3000,118704.61562
11662,3000,118712.717564
11674,3000,118720.981172
11524,3000,118729.267144
11552,3000,118737.292195
11868,3000,118745.953278
11452,3000,118754.254235
11652,3000,118762.484301
11654,3000,118771.083356
11812,3000,118779.431422
11862,3000,118787.466558
11640,3000,118795.410292
11634,3000,118803.420912
11328,3000,118811.659024
11760,3000,118820.257285
11848,3000,118828.518408
11370,3000,118836.77042
11770,3000,118844.982255
11534,3000,118853.119306
11822,3000,118861.130562
11350,3000,118869.365176
12322,3000,118877.883677
12072,3000,118886.130293
12180,3000,118894.809695
11596,3000,118902.813499
11838,3000,118910.674508
11904,3000,118918.955754
11648,3000,118927.120741
11948,3000,118935.834014
11638,3000,118944.159026
11596,3000,118952.281329
11574,3000,118960.429312
12050,3000,118968.586706
11674,3000,118976.678582
11792,3000,118992.826154
11732,3000,119000.842911
11630,3000,119008.860166
11904,3000,119017.510872
11412,3000,119025.696782
11490,3000,119033.893309
11908,3000,119042.009622
11928,3000,119050.606588
11994,3000,119058.821993
11634,3000,119067.052929
11414,3000,119075.091273
11706,3000,119083.802197
11558,3000,119091.824036
11794,3000,119100.096549
11666,3000,119107.996063
11536,3000,119116.302816
11544,3000,119124.472275
11772,3000,119132.654883
11812,3000,119140.891059
11652,3000,119149.374398
11698,3000,119157.71801
11660,3000,119165.786418
11750,3000,119173.857528
11602,3000,119182.281002
11356,3000,119190.452726
11614,3000,119198.541669
11888,3000,119206.88603
11568,3000,119214.865663
11400,3000,119222.676182
11788,3000,119230.986095
11902,3000,119239.02573
11820,3000,119247.271042
11726,3000,119255.667685
11332,3000,119263.713255
11700,3000,119272.065521
11744,3000,119280.043279
11586,3000,119287.984271
11756,3000,119296.141019
11860,3000,119304.497661
11752,3000,119313.036712
11768,3000,119321.18962
11568,3000,119329.076112
11854,3000,119337.336284
11558,3000,119345.547608
11260,3000,119353.390055
11724,3000,119361.507425
11766,3000,119369.934704
11682,3000,119377.984466
11858,3000,119386.529904
11716,3000,119395.079654
11914,3000,119403.362936
11586,3000,119411.884109
11604,3000,119419.840086
11718,3000,119427.868864
11398,3000,119436.312386
11412,3000,119444.791446
11494,3000,119453.129163
11590,3000,119461.482621
11342,3000,119469.638397
11750,3000,119478.1353
11460,3000,119486.004514
11646,3000,119494.633415
11740,3000,119503.090561
11892,3000,119511.369873
11506,3000,119519.349086
11754,3000,119527.637617
11286,3000,119535.819444
11656,3000,119551.89588
11438,3000,119559.826951
11690,3000,119568.027205
11660,3000,119576.128123
11670,3000,119584.253914
11578,3000,119592.190752
11232,3000,119600.073742
12128,3000,119608.847226
11730,3000,119616.78056
11424,3000,119624.837295
11610,3000,119632.902313
11690,3000,119641.236916
11388,3000,119649.015833
11562,3000,119656.876808
11674,3000,119665.098775
11804,3000,119673.415834
11942,3000,119681.576707
11840,3000,119690.003751
11608,3000,119698.005325
11720,3000,119706.020554
12054,3000,119714.535433
11554,3000,119722.476797
11688,3000,119730.631104
12216,3000,119738.968821
11378,3000,119746.973324
11974,3000,119755.501738
11710,3000,119763.962573
11494,3000,119772.462453
11706,3000,119780.836069
11704,3000,119788.470723
11506,3000,119796.518887
11812,3000,119804.899908
11524,3000,119813.068745
11584,3000,119821.398451
11842,3000,119829.523232
11452,3000,119837.692149
11704,3000,119845.62736
11686,3000,119854.01867
11494,3000,119862.457992
11754,3000,119870.698443
11468,3000,119878.736413
12306,3000,119887.295495
11276,3000,119894.953285
11852,3000,119903.678839
11864,3000,119912.057486
11704,3000,119920.288054
11412,3000,119928.793232
11674,3000,119936.747648
11734,3000,119945.244348
12028,3000,119953.568464
11410,3000,119962.011529
11756,3000,119970.922586
11924,3000,119979.140508
12082,3000,119987.506822
11890,3000,119996.009674
11596,3000,120004.344483
11794,3000,120012.842689
11632,3000,120021.105572
11760,3000,120029.102869
11748,3000,120037.418478
11906,3000,120045.455659
11672,3000,120053.836058
12034,3000,120062.250348
11952,3000,120070.86459
11618,3000,120078.878931
11760,3000,120087.299506
11876,3000,120103.518284
11768,3000,120111.801895
11580,3000,120120.022135
11780,3000,120128.644651
11568,3000,120136.825122
11618,3000,120145.380313
11830,3000,120153.671425
11482,3000,120161.822505
12186,3000,120170.477973
12014,3000,120178.756224
11596,3000,120187.191331
11616,3000,120195.825596
11730,3000,120203.926417
11974,3000,120212.166673
11478,3000,120220.227904
11418,3000,120228.344134
11658,3000,120236.59161
11868,3000,120244.890492
11504,3000,120253.13117
11496,3000,120261.207624
11660,3000,120269.421073
11810,3000,120278.043519
11720,3000,120286.035622
11748,3000,120294.698298
11306,3000,120303.166471
11628,3000,120311.763735
11746,3000,120319.879909
11566,3000,120327.580806
11550,3000,120335.723576
11396,3000,120343.641942
11930,3000,120351.727555
11716,3000,120360.403741
11800,3000,120368.376598
11558,3000,120376.62141
11442,3000,120384.60714
11810,3000,120393.008084
11672,3000,120401.084285
11684,3000,120409.252032
11570,3000,120417.498191
11616,3000,120425.618499
11436,3000,120433.632433
11606,3000,120442.30217
11412,3000,120450.074335
11874,3000,120458.667225
12014,3000,120467.097048
11454,3000,120475.18059
11710,3000,120483.253155
11584,3000,120491.503658
11376,3000,120499.815953
11712,3000,120508.176966
11788,3000,120516.467124
11638,3000,120524.6272
11474,3000,120532.50311
11552,3000,120540.741095
11652,3000,120548.979012
11846,3000,120557.206962
11430,3000,120565.599511
11722,3000,120573.510702
12148,3000,120581.973744
11694,3000,120590.441764
11712,3000,120598.780121
11636,3000,120606.811604
11614,3000,120614.932813
11834,3000,120623.320176
11438,3000,120631.655575
11974,3000,120640.255646
11566,3000,120648.425334
11804,3000,120664.488967
11570,3000,120672.53295
11428,3000,120680.935795
11626,3000,120689.145929
11694,3000,120697.087315
11980,3000,120705.216869
11650,3000,120713.43887
11788,3000,120721.577797
11538,3000,120729.616834
11802,3000,120737.954689
11822,3000,120746.268819
11644,3000,120754.419123
11526,3000,120762.605723
11478,3000,120770.616245
11632,3000,120778.807065
11838,3000,120787.059994
12154,3000,120795.672607
11916,3000,120804.052872
11604,3000,120811.907361
11736,3000,120820.249011
12116,3000,120828.410947
12006,3000,120836.555047
11934,3000,120844.985232
11738,3000,120853.166922
11778,3000,120860.998515
11746,3000,120869.313646
11320,3000,120877.46044
11798,3000,120886.119948
11770,3000,120894.664059
11768,3000,120902.861637
11880,3000,120911.131932
11756,3000,120919.433034
11440,3000,120927.515729
11658,3000,120935.764388
11772,3000,120944.002278
11636,3000,120952.17196
11422,3000,120959.996542
11926,3000,120968.288831
11428,3000,120976.775541
11696,3000,120985.177209
12230,3000,120993.440529
11882,3000,121001.718661
11818,3000,121010.190903
11404,3000,121018.425236
11614,3000,121026.162629
11842,3000,121034.262508
11550,3000,121042.520211
11678,3000,121050.701744
11700,3000,121059.176784
11906,3000,121067.631891
11990,3000,121076.02492
11594,3000,121083.974011
12068,3000,121092.461339
11768,3000,121100.703125
11640,3000,121108.610581
12118,3000,121117.125271
11814,3000,121125.331364
11632,3000,121132.822762
11542,3000,121141.024324
11596,3000,121149.051546
11570,3000,121156.958755
11518,3000,121164.686965
11696,3000,121172.939222
11698,3000,121181.05455
11768,3000,121189.321097
11958,3000,121197.589458
11862,3000,121206.217232
11740,3000,121222.550768
11468,3000,121230.786178
11626,3000,121239.212428
11752,3000,121247.077256
12062,3000,121255.184552
11842,3000,121263.662427
11690,3000,121271.968179
11940,3000,121280.419778
12016,3000,121288.983314
11406,3000,121297.244975
11614,3000,121305.207088
11444,3000,121313.431183
12074,3000,121321.658813
11888,3000,121329.815225
11208,3000,121337.931296
11888,3000,121346.18662
11576,3000,121354.126725
11698,3000,121362.722505
11580,3000,121371.33545
12016,3000,121379.78996
11536,3000,121387.881333
11830,3000,121396.042123
11832,3000,121404.380909
11638,3000,121412.846823
11250,3000,121420.882939
11976,3000,121429.184868
11686,3000,121437.403949
11722,3000,121445.673981
11992,3000,121454.075839
11994,3000,121462.391941
11400,3000,121470.659303
11768,3000,121478.577524
11702,3000,121486.830796
11738,3000,121494.562188
11818,3000,121502.492457
11882,3000,121510.848492
11636,3000,121518.829928
11808,3000,121526.807857
11702,3000,121535.289582
11502,3000,121543.601162
11746,3000,121551.690799
11856,3000,121560.132886
11490,3000,121568.265582
11906,3000,121576.85609
11926,3000,121585.323345
11834,3000,121593.386201
11836,3000,121601.665554
12082,3000,121610.249448
11532,3000,121618.016927
11714,3000,121625.955894
11912,3000,121634.040239
11830,3000,121642.126726
11782,3000,121650.412543
11948,3000,121658.704435
11746,3000,121666.801067
11946,3000,121675.238945
11716,3000,121683.154148
11680,3000,121691.370403
11356,3000,121699.055039
11786,3000,121707.400276
12054,3000,121715.54433
11590,3000,121723.774294
11764,3000,121731.912755
11386,3000,121739.936857
12074,3000,121748.551489
12156,3000,121756.446799
11420,3000,121772.401437
11540,3000,121780.467808
11524,3000,121788.705934
11750,3000,121797.064304
12132,3000,121805.582186
11312,3000,121813.727674
11688,3000,121822.060489
11946,3000,121830.561612
11740,3000,121838.866871
11434,3000,121846.983331
11816,3000,121855.092511
11900,3000,121863.076202
11852,3000,121870.932416
11862,3000,121878.83965
11808,3000,121886.967768
11914,3000,121895.182645
11510,3000,121903.663612
11706,3000,121911.878594
11842,3000,121920.014024
11810,3000,121928.646713
11820,3000,121936.611093
11638,3000,121944.74343
11702,3000,121953.036214
11704,3000,121961.306155
11848,3000,121969.897655
11448,3000,121978.157869
11400,3000,121986.261701
11608,3000,121994.596282
11860,3000,122003.062325
11396,3000,122011.023354
11428,3000,122018.83067
11636,3000,122026.884524
11696,3000,122035.535964
11716,3000,122043.569396
12002,3000,122051.6502
11552,3000,122059.772836
11998,3000,122068.574254
11506,3000,122076.566314
11550,3000,122085.097767
11624,3000,122093.54117
11860,3000,122101.822547
11824,3000,122109.80296
11668,3000,122118.069314
11438,3000,122125.960932
11672,3000,122134.339551
11956,3000,122142.797329
11890,3000,122151.002663
11760,3000,122159.224407
11916,3000,122166.954981
12454,3000,122175.600164
11522,3000,122183.533883
11786,3000,122191.920968
11622,3000,122199.949275
12032,3000,122208.445064
11870,3000,122216.524896
11768,3000,122224.639237
11534,3000,122232.593592
11812,3000,122240.83463
11922,3000,122249.076765
11602,3000,122257.250311
11236,3000,122265.485538
12046,3000,122273.928412
11412,3000,122282.108518
11836,3000,122290.557335
11832,3000,122299.034308
11820,3000,122307.418848
11756,3000,122315.858748
11720,3000,122332.186543
11634,3000,122340.214428
11442,3000,122348.173016
11470,3000,122356.768872
11738,3000,122364.824258
11732,3000,122372.93552
11768,3000,122381.330522
11798,3000,122389.879288
11826,3000,122398.352163
11776,3000,122406.604153
11514,3000,122414.644702
11894,3000,122423.077191
11468,3000,122431.169426
11580,3000,122439.400866
11702,3000,122447.724545
11580,3000,122455.795731
11578,3000,122464.283707
11700,3000,122472.624444
11572,3000,122480.839388
11748,3000,122488.884971
11720,3000,122497.181646
11686,3000,122505.197772
12002,3000,122513.308783
11728,3000,122521.410485
11508,3000,122529.540116
11962,3000,122537.536712
11696,3000,122546.14384
11822,3000,122554.476756
12174,3000,122563.001601
11612,3000,122571.11775
11628,3000,122579.246835
11442,3000,122587.699584
11432,3000,122595.880212
11924,3000,122604.262431
11824,3000,122612.601547
11840,3000,122620.960449
11482,3000,122629.124833
11686,3000,122636.99141
11812,3000,122645.334085
11950,3000,122653.702312
11694,3000,122662.154866
11888,3000,122670.608539
11876,3000,122679.080548
11754,3000,122687.320506
11610,3000,122695.114532
11526,3000,122703.297244
11586,3000,122711.770622
11648,3000,122720.235354
11696,3000,122728.455438
11894,3000,122736.612702
11632,3000,122744.553692
11420,3000,122752.666563
11550,3000,122760.697696
11902,3000,122769.218385
11282,3000,122777.131305
11644,3000,122785.4418
11688,3000,122793.86707
11768,3000,122802.168732
11704,3000,122810.563391
11564,3000,122818.446963
11640,3000,122826.648506
11612,3000,122834.510841
11544,3000,122842.596904
11744,3000,122850.93518
11612,3000,122858.63171
11772,3000,122866.854825
11664,3000,122874.947634
11948,3000,122890.471706
12208,3000,122898.052971
12404,3000,122905.627957
12104,3000,122912.814884
11940,3000,122920.224545
