#{"t_start": 1676289928.2127607, "env_id": null}
r,l,t
2454,3000,38.819565
2372,3000,74.861969
2746,3000,110.525211
2330,3000,144.623443
2806,3000,180.213947
2496,3000,215.88512
2686,3000,253.717705
2508,3000,287.622158
3168,3000,318.452676
2490,3000,352.926456
2214,3000,386.248769
2800,3000,418.482246
2854,3000,451.382872
2810,3000,485.552449
2002,3000,521.51506
2130,3000,557.508839
2598,3000,589.884779
2656,3000,625.158674
2764,3000,657.383934
2662,3000,690.61808
1776,3000,724.859033
1834,3000,756.366273
1626,3000,789.161242
2228,3000,820.989442
2966,3000,856.831748
2518,3000,887.823204
2672,3000,920.778696
2442,3000,953.834466
1570,3000,988.673178
2936,3000,1021.439101
2942,3000,1053.300356
2684,3000,1089.02726
2582,3000,1119.37764
2454,3000,1152.334627
2700,3000,1185.417858
3028,3000,1220.241055
2614,3000,1254.521282
2006,3000,1289.247223
2602,3000,1322.921894
2740,3000,1356.621592
2482,3000,1389.018167
3424,3000,1425.685334
2710,3000,1461.777593
3154,3000,1496.496825
2158,3000,1529.977152
3382,3000,1561.29404
3286,3000,1591.354584
2960,3000,1625.916192
3170,3000,1659.099859
2556,3000,1691.39078
2738,3000,1726.807513
3108,3000,1761.82924
2948,3000,1798.881741
3356,3000,1839.71236
2284,3000,1882.917386
2602,3000,1919.982678
2724,3000,1963.471464
2386,3000,2008.591565
2968,3000,2050.867496
3010,3000,2092.295729
3662,3000,2131.775061
3934,3000,2176.052065
3702,3000,2218.676862
3642,3000,2259.714088
3260,3000,2301.783483
3066,3000,2347.273943
3552,3000,2848.358901
3142,3000,2893.820526
2820,3000,2937.877746
2686,3000,2980.990027
3108,3000,3027.329197
3330,3000,3070.553046
3340,3000,3114.112068
3586,3000,3157.71072
3360,3000,3201.826236
3866,3000,3239.883182
2154,3000,3272.563199
2830,3000,3314.916745
3308,3000,3355.170137
3336,3000,3400.622375
3546,3000,3441.345439
3420,3000,3484.436686
2674,3000,3528.306754
3326,3000,3568.505517
2726,3000,3613.922647
3346,3000,3650.969586
3006,3000,3689.347697
3444,3000,3732.565649
3536,3000,3775.717022
2752,3000,3809.785849
3716,3000,3851.976628
2954,3000,3896.247437
3158,3000,3936.788784
3908,3000,3978.841837
3378,3000,4017.854897
3504,3000,4054.058582
2944,3000,4090.526449
3610,3000,4134.042635
2990,3000,4172.407893
3678,3000,4212.698474
3608,3000,4248.300059
3396,3000,4287.234998
3504,3000,4327.658581
3416,3000,4368.405406
3302,3000,4404.80411
3752,3000,4444.976351
3712,3000,4483.8915
3336,3000,4522.519175
3396,3000,4564.337372
3368,3000,4600.243802
3232,3000,4642.487384
3876,3000,4681.547495
3238,3000,4720.036802
4358,3000,4760.512516
3476,3000,4798.750173
3624,3000,4840.936603
3884,3000,4880.654109
4024,3000,4921.728781
3582,3000,4962.512652
2980,3000,5005.007869
3802,3000,5043.461928
4060,3000,5082.787333
3782,3000,5118.751568
3702,3000,5153.470483
4114,3000,5190.760382
4130,3000,5228.61463
3706,3000,5269.650197
4004,3000,5308.258977
3776,3000,5346.942428
4216,3000,5385.173671
3810,3000,5422.413883
3744,3000,5456.228369
3836,3000,5492.975045
3556,3000,5686.958024
3358,3000,5725.791344
3656,3000,5760.46169
3736,3000,5797.077105
4534,3000,5837.175498
3924,3000,5877.588176
4292,3000,5916.903329
4206,3000,5954.927987
3596,3000,5997.325547
4398,3000,6038.596593
3910,3000,6078.834331
3718,3000,6116.805151
3862,3000,6154.591673
4318,3000,6197.13517
4208,3000,6235.511275
3880,3000,6273.591383
3330,3000,6313.340272
4458,3000,6348.636896
3990,3000,6389.88178
3472,3000,6431.073313
4612,3000,6473.610429
4418,3000,6513.224027
4614,3000,6552.77853
3628,3000,6590.532687
4358,3000,6626.436767
4374,3000,6665.950019
4100,3000,6698.711781
4064,3000,6736.717281
3968,3000,6772.387426
3664,3000,6813.373775
4492,3000,6849.142543
4006,3000,6887.878194
4112,3000,6927.094655
4354,3000,6963.827348
4324,3000,6999.346687
3780,3000,7037.393239
3908,3000,7078.563722
4324,3000,7117.438277
4384,3000,7154.950535
3692,3000,7195.154676
4022,3000,7232.951163
4508,3000,7267.409042
4484,3000,7304.541219
4850,3000,7338.901006
4104,3000,7378.039228
4476,3000,7419.274518
3878,3000,7456.567506
3280,3000,7493.467526
3950,3000,7526.348366
4064,3000,7563.879863
4152,3000,7605.150753
4374,3000,7639.106581
4728,3000,7674.931898
4330,3000,7714.831367
4340,3000,7746.289984
4248,3000,7779.002845
4550,3000,7819.150913
4892,3000,7857.831732
4220,3000,7889.475308
4666,3000,7926.35065
4440,3000,7965.071149
4736,3000,8004.216382
4442,3000,8036.967411
4556,3000,8078.437993
4638,3000,8115.551097
4520,3000,8148.663244
5314,3000,8183.513667
4138,3000,8363.89447
4286,3000,8401.374196
4172,3000,8437.363881
4830,3000,8475.834865
4736,3000,8510.420545
4522,3000,8547.626575
3956,3000,8585.8802
5110,3000,8625.467866
5144,3000,8659.753098
4598,3000,8693.470534
4798,3000,8730.694098
4684,3000,8770.693789
5080,3000,8807.231159
4506,3000,8844.729215
4912,3000,8887.641897
4722,3000,8927.640196
4960,3000,8963.135772
4112,3000,9000.948335
4814,3000,9038.348368
4416,3000,9072.703435
4416,3000,9109.323822
4886,3000,9145.49023
4882,3000,9181.061435
4286,3000,9214.267082
4416,3000,9250.522714
4598,3000,9286.114862
4374,3000,9322.777481
4814,3000,9358.314516
4978,3000,9395.196779
4312,3000,9434.887804
4234,3000,9473.697042
4752,3000,9509.781296
4888,3000,9547.821098
4720,3000,9586.944501
4430,3000,9626.484795
4470,3000,9659.220455
5100,3000,9694.025075
4486,3000,9728.663147
4802,3000,9762.057717
4486,3000,9800.173133
4460,3000,9833.903939
5356,3000,9870.37258
4128,3000,9905.304869
4804,3000,9942.175073
4438,3000,9977.997203
4572,3000,10012.305133
5412,3000,10048.368914
4592,3000,10083.096021
4930,3000,10121.223909
4682,3000,10154.435631
4912,3000,10187.984766
4530,3000,10217.204382
4742,3000,10252.996355
5824,3000,10288.194472
4942,3000,10326.327361
4506,3000,10361.162243
4798,3000,10395.881198
5692,3000,10430.937072
4696,3000,10471.937564
4670,3000,10507.918087
4936,3000,10541.583043
5138,3000,10579.927752
5042,3000,10621.073646
5458,3000,10654.304696
5212,3000,10686.45639
4578,3000,10718.736422
4840,3000,10884.988072
5180,3000,10925.635453
4868,3000,10960.408221
5058,3000,10996.899256
4768,3000,11031.452221
5306,3000,11068.031176
4768,3000,11105.84386
5314,3000,11143.88435
5010,3000,11179.448414
5006,3000,11210.84863
5070,3000,11246.467749
5802,3000,11282.538517
4890,3000,11320.956712
4930,3000,11359.850973
4916,3000,11394.668175
4852,3000,11428.831384
4788,3000,11466.111481
5022,3000,11502.860162
5040,3000,11536.95191
5166,3000,11569.590883
4786,3000,11603.312577
5114,3000,11639.48978
4590,3000,11677.414679
4800,3000,11711.425391
5524,3000,11745.26051
5032,3000,11772.7633
5070,3000,11807.980783
5162,3000,11842.480981
4782,3000,11879.883994
4958,3000,11916.457717
5494,3000,11955.160453
5204,3000,11994.330798
5000,3000,12032.656781
5150,3000,12069.324169
5410,3000,12101.652268
5356,3000,12134.457572
5094,3000,12172.10841
4924,3000,12207.561829
5482,3000,12240.026292
5298,3000,12272.172374
4650,3000,12306.714288
5300,3000,12341.04852
5068,3000,12379.173292
5478,3000,12411.589657
5566,3000,12450.786393
5116,3000,12481.065454
5156,3000,12514.291996
5198,3000,12549.160651
5108,3000,12585.290041
4786,3000,12618.707983
5508,3000,12653.617213
4984,3000,12686.389682
5480,3000,12722.31679
5906,3000,12756.867671
5122,3000,12790.769571
5312,3000,12829.81552
5382,3000,12861.350846
5630,3000,12899.857654
5328,3000,12937.343604
5592,3000,12970.19509
5398,3000,13006.642103
5342,3000,13041.70752
5186,3000,13075.801633
5504,3000,13111.991782
5504,3000,13149.232101
5254,3000,13184.824576
5092,3000,13222.492688
5244,3000,13397.528837
5778,3000,13430.181438
5426,3000,13464.629589
5526,3000,13496.709996
5478,3000,13528.918618
5304,3000,13566.168526
5716,3000,13602.32704
5338,3000,13637.354795
5056,3000,13671.57076
5320,3000,13709.150777
5390,3000,13742.784048
5232,3000,13772.900651
5402,3000,13810.828196
5408,3000,13844.814283
5456,3000,13879.41431
5344,3000,13911.490072
5580,3000,13944.630292
5806,3000,13980.894006
5386,3000,14018.318323
5574,3000,14049.694973
5674,3000,14089.371855
5368,3000,14124.728985
5988,3000,14158.178773
5874,3000,14191.666063
5520,3000,14227.414309
5542,3000,14260.67198
5854,3000,14296.497921
5494,3000,14326.203069
5650,3000,14353.960692
6012,3000,14385.393199
5990,3000,14411.746269
5474,3000,14442.752373
5476,3000,14473.924938
5278,3000,14508.132388
5762,3000,14543.020785
5580,3000,14580.155734
5342,3000,14613.707488
5400,3000,14647.61906
6034,3000,14684.820731
5568,3000,14717.876915
6012,3000,14754.005042
5554,3000,14788.278723
5612,3000,14818.971909
6146,3000,14853.490329
6366,3000,14889.140212
6294,3000,14920.356085
5554,3000,14954.885873
5668,3000,14987.57725
5618,3000,15022.905928
5570,3000,15055.143877
5282,3000,15089.246836
5324,3000,15121.160682
5500,3000,15151.116557
5866,3000,15186.193804
5744,3000,15219.875891
5820,3000,15254.917706
5664,3000,15286.604616
5654,3000,15321.972319
5608,3000,15357.624272
6020,3000,15388.819522
5962,3000,15422.670127
5816,3000,15458.518101
5854,3000,15489.330109
5554,3000,15521.032306
6126,3000,15553.953753
6174,3000,15583.938096
5902,3000,15617.100466
6184,3000,15774.996311
5724,3000,15811.562263
6070,3000,15845.571275
5332,3000,15879.626065
5776,3000,15912.265394
6122,3000,15947.14861
6346,3000,15983.953095
6170,3000,16012.472328
5988,3000,16048.337862
6186,3000,16077.306357
5746,3000,16115.717355
5592,3000,16149.276271
6048,3000,16183.297227
5786,3000,16219.980737
6244,3000,16258.308284
6130,3000,16291.568271
6192,3000,16327.255232
6108,3000,16363.260556
6222,3000,16398.362114
5992,3000,16433.745698
6278,3000,16469.637763
6106,3000,16505.854386
5922,3000,16534.08166
5890,3000,16566.593863
5926,3000,16601.155559
6218,3000,16633.254474
6238,3000,16667.951935
5948,3000,16699.969122
5914,3000,16734.981286
6278,3000,16772.815408
6140,3000,16809.454745
6124,3000,16845.880048
5928,3000,16879.52296
6012,3000,16909.989214
6464,3000,16945.34574
6404,3000,16975.661625
6358,3000,17011.513111
6154,3000,17043.712153
6620,3000,17081.220037
5884,3000,17117.890258
6408,3000,17150.738756
6328,3000,17185.055332
6252,3000,17220.195374
5966,3000,17252.562989
6124,3000,17284.709381
6156,3000,17321.687245
6372,3000,17355.682819
6142,3000,17386.926267
6808,3000,17422.150344
6258,3000,17456.035669
6518,3000,17491.06598
6272,3000,17525.809665
6200,3000,17561.213844
5796,3000,17593.699302
6114,3000,17627.341018
5994,3000,17661.115775
6618,3000,17693.42999
6190,3000,17728.174719
6216,3000,17763.318833
6226,3000,17796.811888
6528,3000,17832.251132
6426,3000,17862.974838
5896,3000,17898.996491
6428,3000,17931.931649
6334,3000,17956.732479
6622,3000,17988.518173
6520,3000,18148.330564
6180,3000,18182.709527
6782,3000,18215.863779
6522,3000,18247.302632
6554,3000,18284.789732
6450,3000,18319.708731
6488,3000,18354.460695
6364,3000,18391.331116
5988,3000,18422.462834
6238,3000,18456.672777
6008,3000,18489.86736
6106,3000,18519.209982
6492,3000,18552.123083
6496,3000,18587.002724
6496,3000,18618.679631
6526,3000,18651.090763
6706,3000,18683.6844
6010,3000,18717.547086
6474,3000,18751.122104
6004,3000,18787.453041
7202,3000,18817.61927
6386,3000,18850.213406
6032,3000,18884.401567
6466,3000,18915.966977
6660,3000,18946.105112
6434,3000,18980.546706
6258,3000,19015.370765
5986,3000,19046.628407
6376,3000,19079.112165
6558,3000,19113.385277
6424,3000,19148.247254
6844,3000,19176.430207
6488,3000,19209.992866
6612,3000,19242.915024
6510,3000,19276.72309
6542,3000,19313.505774
6350,3000,19347.167575
6448,3000,19378.840044
6542,3000,19409.381632
6352,3000,19436.560015
6564,3000,19465.750688
6842,3000,19498.071137
6398,3000,19532.157128
6492,3000,19568.489263
6422,3000,19601.587047
6076,3000,19636.663432
6740,3000,19670.079363
6650,3000,19702.327116
6826,3000,19733.695007
6776,3000,19758.854429
6788,3000,19791.945462
6952,3000,19826.44108
7102,3000,19861.834502
6604,3000,19895.389823
6636,3000,19927.717699
7162,3000,19960.834142
6794,3000,19995.03739
7142,3000,20029.454913
6786,3000,20059.298711
6716,3000,20089.569606
6618,3000,20124.159493
6642,3000,20157.122581
6948,3000,20191.4803
7124,3000,20222.911605
6722,3000,20253.44269
6472,3000,20286.046458
6910,3000,20316.493127
6730,3000,20466.482418
7110,3000,20500.187671
6744,3000,20528.314341
6882,3000,20559.538039
6744,3000,20588.820343
6942,3000,20619.333961
6716,3000,20647.817679
6762,3000,20681.230686
6552,3000,20712.319897
7130,3000,20744.13217
6850,3000,20775.07029
6674,3000,20805.064622
6792,3000,20838.95366
7178,3000,20870.51306
7188,3000,20903.076193
6660,3000,20938.186694
6898,3000,20973.040463
6806,3000,21005.720203
7180,3000,21037.967232
6374,3000,21067.738989
6956,3000,21101.578452
6608,3000,21133.950503
7060,3000,21166.563934
6786,3000,21201.335011
6828,3000,21234.454555
6906,3000,21268.466573
7054,3000,21302.786876
6916,3000,21334.508723
7054,3000,21363.549715
6822,3000,21392.916984
7120,3000,21423.264996
7052,3000,21456.80568
7174,3000,21487.980418
7098,3000,21517.690108
7454,3000,21548.470261
6954,3000,21581.584003
6606,3000,21616.44857
6720,3000,21644.561477
7296,3000,21678.450689
7108,3000,21708.796073
7058,3000,21743.15782
7412,3000,21771.05594
7338,3000,21802.097485
7254,3000,21837.918369
7204,3000,21867.372004
6954,3000,21901.710983
6906,3000,21931.448398
6798,3000,21963.307288
7162,3000,21997.167255
7178,3000,22025.967731
6950,3000,22059.555202
6684,3000,22087.402663
6380,3000,22112.651444
6936,3000,22146.849736
6778,3000,22178.844165
7254,3000,22213.596095
7122,3000,22245.629676
7264,3000,22279.771316
7376,3000,22311.969337
7006,3000,22345.184356
7000,3000,22380.579917
7030,3000,22414.820025
7252,3000,22444.892401
7130,3000,22472.995564
7386,3000,22502.698908
7234,3000,22534.736057
7222,3000,22567.196036
6828,3000,22703.493733
6992,3000,22735.157609
7258,3000,22767.492381
7174,3000,22802.538559
8192,3000,22834.546309
7208,3000,22865.135175
7030,3000,22893.57226
6772,3000,22922.720346
7384,3000,22953.437004
7140,3000,22985.695498
7166,3000,23018.865036
7194,3000,23051.663294
7268,3000,23084.560442
6856,3000,23116.716399
7236,3000,23147.840452
7336,3000,23179.83623
7450,3000,23216.258906
7462,3000,23247.071366
7220,3000,23279.063746
7496,3000,23311.736533
7346,3000,23343.737097
7236,3000,23376.61632
7436,3000,23410.409345
7908,3000,23442.692672
7140,3000,23477.583998
6996,3000,23511.990684
7336,3000,23545.234241
7408,3000,23574.948739
7350,3000,23608.818986
7990,3000,23641.03974
7106,3000,23673.793212
7824,3000,23708.036825
7938,3000,23741.521167
7368,3000,23772.388383
7390,3000,23800.645913
7246,3000,23834.742289
7290,3000,23867.476187
7396,3000,23901.899636
7360,3000,23933.776975
7554,3000,23965.912684
7310,3000,23999.894816
7110,3000,24033.872199
7636,3000,24066.367952
7114,3000,24099.923105
7608,3000,24130.282655
7462,3000,24160.568392
7642,3000,24194.924019
7762,3000,24228.850294
7144,3000,24261.975616
7450,3000,24295.043331
7630,3000,24330.098227
7452,3000,24363.814932
7242,3000,24399.638741
7582,3000,24431.958409
7468,3000,24465.558166
7312,3000,24491.080135
7526,3000,24522.142347
7856,3000,24554.357649
7750,3000,24584.398628
7576,3000,24611.564099
7506,3000,24640.830101
7346,3000,24673.751567
7826,3000,24704.83076
7308,3000,24739.030302
7466,3000,24771.955815
7550,3000,24799.833096
7336,3000,24953.637138
7582,3000,24982.98905
7562,3000,25011.893834
7722,3000,25045.015484
7746,3000,25075.936598
7126,3000,25110.217974
7408,3000,25144.007336
7526,3000,25175.568376
7686,3000,25206.651317
7562,3000,25233.972879
7684,3000,25268.681319
7874,3000,25297.766527
7584,3000,25329.332252
7804,3000,25358.294903
7626,3000,25386.428967
7194,3000,25419.087085
7540,3000,25447.589814
7944,3000,25474.222782
7748,3000,25507.470678
8046,3000,25538.780701
7614,3000,25567.80455
7608,3000,25598.006633
7768,3000,25630.228705
7944,3000,25657.838357
7498,3000,25687.0438
7764,3000,25719.068123
7620,3000,25750.964651
7488,3000,25783.019966
7740,3000,25813.243644
7814,3000,25839.136394
7632,3000,25869.601753
7600,3000,25900.55198
7656,3000,25933.693486
7718,3000,25967.779105
7918,3000,26001.095747
7558,3000,26030.851035
7436,3000,26059.104175
7694,3000,26093.810649
7992,3000,26125.925012
7672,3000,26154.68046
7606,3000,26187.124786
7734,3000,26220.752839
7606,3000,26250.22597
8312,3000,26280.812982
7712,3000,26314.944681
7508,3000,26343.881425
7970,3000,26375.815943
7478,3000,26406.101424
7840,3000,26438.217384
7470,3000,26467.149174
8144,3000,26494.860389
7572,3000,26526.98697
8258,3000,26557.820182
7418,3000,26591.919098
7524,3000,26627.076976
8186,3000,26657.83429
7824,3000,26686.738145
7962,3000,26717.732544
7696,3000,26747.338511
7414,3000,26779.907731
8010,3000,26808.802132
7988,3000,26839.406077
8070,3000,26873.385899
7700,3000,26902.888042
7942,3000,26931.795402
8090,3000,26964.504731
7810,3000,26996.439209
8038,3000,27149.259034
7472,3000,27181.534952
7666,3000,27213.865237
8038,3000,27244.799054
7732,3000,27274.873633
7916,3000,27307.380093
7768,3000,27341.88063
7638,3000,27374.912735
8130,3000,27407.696512
8086,3000,27437.316354
7860,3000,27466.29502
7688,3000,27493.567
7584,3000,27525.306085
7618,3000,27553.558835
7800,3000,27583.289338
8048,3000,27612.294798
7688,3000,27639.285025
7772,3000,27666.880316
8056,3000,27697.433551
8062,3000,27722.572987
8028,3000,27754.657086
7912,3000,27780.622495
8512,3000,27814.083671
7864,3000,27843.334069
7886,3000,27874.977821
7434,3000,27905.3963
7894,3000,27937.832182
8456,3000,27968.297333
7812,3000,27999.811337
7728,3000,28028.226756
8102,3000,28054.778316
7628,3000,28087.879212
8228,3000,28115.797431
8410,3000,28148.513526
7970,3000,28177.605428
7984,3000,28206.568141
8040,3000,28237.163336
7928,3000,28264.470879
8450,3000,28293.840522
8158,3000,28325.383085
8342,3000,28358.65025
8298,3000,28388.585956
8408,3000,28420.454127
8310,3000,28450.240477
7802,3000,28477.383101
8094,3000,28506.579563
8696,3000,28536.799446
7974,3000,28563.998067
8224,3000,28591.870127
8046,3000,28622.170453
8334,3000,28651.773054
8406,3000,28677.349913
8466,3000,28704.750665
8126,3000,28733.092236
8022,3000,28765.13431
8116,3000,28793.809792
8088,3000,28818.716195
8452,3000,28848.525453
8288,3000,28878.402783
8218,3000,28903.995603
8142,3000,28933.170745
8154,3000,28962.230937
8236,3000,28990.01647
8450,3000,29018.917306
8154,3000,29051.550842
8172,3000,29082.180906
8242,3000,29117.012713
8100,3000,29268.922035
8596,3000,29300.502247
8402,3000,29326.783438
8248,3000,29359.657934
8014,3000,29391.786435
8196,3000,29424.305926
8214,3000,29451.393788
8038,3000,29480.612028
8916,3000,29513.492932
8200,3000,29542.468521
8544,3000,29574.268458
8116,3000,29603.142232
8408,3000,29635.063862
7744,3000,29662.294472
8206,3000,29693.70914
8662,3000,29724.095515
8224,3000,29757.012707
8416,3000,29788.695448
8224,3000,29818.492645
8420,3000,29851.957209
7986,3000,29883.225762
8284,3000,29913.490181
8288,3000,29945.791435
8064,3000,29976.380425
8284,3000,30012.232263
8406,3000,30041.777214
8228,3000,30073.152807
8538,3000,30101.180434
8586,3000,30128.040506
8530,3000,30156.109866
8172,3000,30189.567693
8034,3000,30218.974925
8142,3000,30251.466584
8424,3000,30283.812837
8182,3000,30315.919913
8346,3000,30349.871578
8308,3000,30382.970723
8240,3000,30409.339619
8252,3000,30436.379551
8188,3000,30468.820733
8536,3000,30499.746763
8346,3000,30531.78702
8398,3000,30563.235703
8064,3000,30596.146851
8510,3000,30624.852874
8848,3000,30657.282938
8960,3000,30684.569949
8076,3000,30716.607871
8482,3000,30744.810604
8212,3000,30773.77089
8484,3000,30804.840879
8396,3000,30837.038954
8582,3000,30866.499917
8864,3000,30898.266042
8782,3000,30930.555107
8442,3000,30958.340601
8396,3000,30986.032543
8198,3000,31015.45282
8654,3000,31046.785581
8290,3000,31075.723413
8364,3000,31108.99017
8420,3000,31140.230498
8658,3000,31168.903085
8534,3000,31199.957464
8588,3000,31228.305187
8342,3000,31261.077465
8824,3000,31489.072028
8504,3000,31516.268901
8122,3000,31545.40602
8032,3000,31574.298736
8664,3000,31606.178183
8592,3000,31638.12676
8526,3000,31668.714632
8316,3000,31699.515145
8074,3000,31732.415387
8140,3000,31765.495836
8356,3000,31798.593016
8184,3000,31823.957098
8670,3000,31853.316746
8400,3000,31881.884393
8642,3000,31912.581392
8720,3000,31947.177521
8248,3000,31977.281082
8472,3000,32003.341599
8440,3000,32034.511817
8574,3000,32067.77739
8438,3000,32102.098032
8352,3000,32133.088506
8516,3000,32164.4122
8560,3000,32195.493558
8360,3000,32228.523488
8612,3000,32256.66529
9014,3000,32287.967371
8564,3000,32319.855464
8504,3000,32353.368841
8428,3000,32385.626316
9090,3000,32416.677579
8644,3000,32451.112225
8232,3000,32476.700327
8612,3000,32506.976386
8672,3000,32537.902805
8594,3000,32570.787457
8222,3000,32602.956938
8730,3000,32632.930618
8712,3000,32664.600013
8488,3000,32694.875844
8398,3000,32722.317072
8486,3000,32751.331219
8864,3000,32780.508634
8870,3000,32808.111356
8230,3000,32837.753512
9188,3000,32868.22511
8242,3000,32895.418242
8516,3000,32925.821411
8804,3000,32954.794031
8628,3000,32986.123513
8880,3000,33019.992611
8656,3000,33051.732607
8906,3000,33084.008057
8766,3000,33112.469974
8714,3000,33146.459194
8718,3000,33177.228189
8904,3000,33200.872482
8680,3000,33232.213108
9156,3000,33264.63991
8920,3000,33296.156498
8090,3000,33329.755737
8194,3000,33355.585738
8272,3000,33377.62615
8432,3000,33402.572549
8114,3000,33436.574537
7856,3000,33471.888762
7672,3000,33505.487825
8554,3000,33929.152115
9174,3000,33961.129145
8274,3000,33995.351169
8710,3000,34028.777907
8824,3000,34059.860685
8766,3000,34090.732782
8994,3000,34121.381574
8912,3000,34155.046655
8352,3000,34181.479169
8110,3000,34209.323535
8766,3000,34237.759294
8558,3000,34271.851919
8742,3000,34303.208144
8860,3000,34331.815796
8694,3000,34362.924845
8780,3000,34396.503837
8562,3000,34429.27083
8182,3000,34458.139354
8718,3000,34485.363835
8798,3000,34516.985884
8932,3000,34546.671036
7948,3000,34577.027441
8554,3000,34610.339375
8348,3000,34643.805826
8982,3000,34672.144582
8054,3000,34702.884426
8382,3000,34728.942361
8916,3000,34756.532669
8744,3000,34787.688647
8510,3000,34820.629075
8784,3000,34850.380831
7686,3000,34887.728389
8454,3000,34919.440166
8082,3000,34955.887978
9150,3000,34985.093379
8574,3000,35013.510147
8826,3000,35044.640255
8718,3000,35076.931129
8158,3000,35110.961504
8730,3000,35142.875458
8808,3000,35173.444645
8862,3000,35203.626534
8862,3000,35235.803526
8764,3000,35264.327213
8264,3000,35295.526558
8434,3000,35326.788792
8548,3000,35359.340324
8762,3000,35393.361315
8566,3000,35423.866498
8826,3000,35455.748528
8690,3000,35483.647227
8226,3000,35516.410571
8716,3000,35546.728422
9188,3000,35578.756161
9042,3000,35606.979914
8154,3000,35640.320112
7932,3000,35670.438284
9120,3000,35700.020421
9364,3000,35729.518056
9064,3000,35760.040542
9234,3000,35785.166032
8906,3000,35817.451529
5856,3000,35862.886024
9200,3000,35889.067151
8828,3000,35913.856526
8692,3000,35939.546242
8822,3000,35971.377661
8470,3000,36375.378613
8982,3000,36405.27584
8886,3000,36433.288501
9162,3000,36464.447409
8812,3000,36493.911504
9020,3000,36525.925206
8828,3000,36554.466885
9388,3000,36581.020873
8382,3000,36613.345713
8958,3000,36648.017375
4762,3000,36687.133496
8544,3000,36713.996734
8298,3000,36744.239379
9080,3000,36772.007291
8866,3000,36802.244505
8288,3000,36835.246556
9028,3000,36866.977656
8772,3000,36900.725253
8426,3000,36928.313685
8246,3000,36963.939079
8814,3000,36993.755078
8762,3000,37021.321729
9146,3000,37052.869408
8638,3000,37079.505223
8656,3000,37105.558582
8058,3000,37134.811162
7082,3000,37169.452639
9298,3000,37198.40535
9450,3000,37232.79688
8230,3000,37266.93246
8606,3000,37296.28702
8958,3000,37328.107765
8578,3000,37363.103446
9026,3000,37391.920713
8316,3000,37419.328809
7712,3000,37450.744735
8218,3000,37479.575202
9070,3000,37509.494298
8690,3000,37542.405117
8710,3000,37572.752602
8622,3000,37600.466223
8566,3000,37630.664329
8684,3000,37661.556557
8810,3000,37692.626644
8694,3000,37726.406043
6636,3000,37765.126511
8568,3000,37794.198132
8874,3000,37822.248687
8436,3000,37849.45566
9208,3000,37879.629842
8880,3000,37913.767839
8414,3000,37943.219134
8174,3000,37972.593353
8552,3000,37999.83445
8828,3000,38029.958294
8328,3000,38063.639155
8348,3000,38093.418289
9080,3000,38121.020211
8738,3000,38153.345737
8236,3000,38185.4923
8680,3000,38218.517316
8126,3000,38250.736048
8504,3000,38281.904805
8754,3000,38313.940279
8286,3000,38345.374198
9038,3000,38374.508001
8866,3000,38796.402261
8518,3000,38827.939237
7934,3000,38858.034536
9214,3000,38887.350792
8988,3000,38916.32843
8814,3000,38947.153221
8604,3000,38973.320742
8644,3000,39002.807091
8810,3000,39032.577317
7708,3000,39066.442885
8470,3000,39099.199838
8486,3000,39131.534647
9010,3000,39156.384833
8354,3000,39188.541026
8526,3000,39221.600937
6898,3000,39255.835368
8118,3000,39288.098964
8350,3000,39319.245511
7880,3000,39347.924488
6800,3000,39376.38069
8196,3000,39404.414711
7796,3000,39439.040944
5020,3000,39484.433698
7104,3000,39521.58641
8438,3000,39553.965097
8326,3000,39585.621539
8406,3000,39613.570331
8828,3000,39640.103685
8234,3000,39668.477141
8530,3000,39697.503934
8336,3000,39728.642559
7924,3000,39761.092753
8550,3000,39790.35
8538,3000,39822.295051
8638,3000,39852.198274
8238,3000,39885.829043
8404,3000,39920.597817
8446,3000,39950.790936
8598,3000,39980.584314
8220,3000,40007.80761
8872,3000,40038.702748
7838,3000,40072.627994
8924,3000,40101.541631
8768,3000,40132.764966
8922,3000,40162.873383
8398,3000,40192.505123
7630,3000,40223.467861
8316,3000,40253.314658
8770,3000,40280.524008
8182,3000,40313.11937
8404,3000,40344.756424
7712,3000,40377.945268
8362,3000,40413.188155
8104,3000,40442.821848
8804,3000,40475.609022
8780,3000,40505.692506
9360,3000,40535.312279
8176,3000,40564.913944
8614,3000,40594.95745
8722,3000,40623.314782
8628,3000,40652.774605
8562,3000,40687.077034
9076,3000,40718.94132
8420,3000,40750.553818
8076,3000,40782.09929
7264,3000,40812.321292
8344,3000,40846.206412
8140,3000,41306.805007
8424,3000,41336.752204
8474,3000,41369.109972
8500,3000,41404.851645
8256,3000,41434.082001
8096,3000,41464.848597
8410,3000,41491.112759
5586,3000,41535.60872
7148,3000,41568.004415
7954,3000,41597.346404
8226,3000,41630.07394
7430,3000,41664.949897
8412,3000,41694.734847
8846,3000,41721.872246
8322,3000,41751.88289
8562,3000,41780.170411
8574,3000,41810.489378
6984,3000,41843.341449
5748,3000,41888.894919
7888,3000,41922.034472
4714,3000,41965.942138
7662,3000,41993.889741
7858,3000,42028.309223
8222,3000,42061.929763
8068,3000,42097.139565
8686,3000,42131.106867
8344,3000,42163.163641
8842,3000,42193.304823
8568,3000,42224.389691
8624,3000,42253.078876
8522,3000,42281.664394
8320,3000,42313.703986
8452,3000,42346.588988
8270,3000,42377.149642
8420,3000,42409.479855
8376,3000,42442.104458
8736,3000,42473.610017
8004,3000,42502.6192
8258,3000,42536.76559
8774,3000,42568.039376
8108,3000,42594.612117
8440,3000,42622.086828
8218,3000,42654.891257
8526,3000,42682.149901
8698,3000,42713.951258
8374,3000,42743.882588
8854,3000,42775.80556
7532,3000,42800.884961
8368,3000,42830.486166
8582,3000,42861.882204
8156,3000,42890.966469
6572,3000,42929.45769
7800,3000,42956.296738
7842,3000,42987.211336
8388,3000,43025.706813
7900,3000,43054.057111
8482,3000,43081.992421
7952,3000,43115.25754
8010,3000,43147.916368
4946,3000,43186.713366
7986,3000,43218.462152
7776,3000,43249.847646
7518,3000,43280.507791
8006,3000,43311.014199
8672,3000,43341.026531
8736,3000,43370.018772
9090,3000,43397.857487
8244,3000,43755.683928
8068,3000,43789.707011
8418,3000,43821.746992
8794,3000,43853.566466
8516,3000,43885.777477
8840,3000,43914.040567
7778,3000,43943.643938
8326,3000,43974.283183
8242,3000,44006.732563
7762,3000,44042.026869
7814,3000,44071.431076
8052,3000,44104.050845
8448,3000,44136.128027
8384,3000,44167.927891
8782,3000,44198.430423
8388,3000,44225.662357
8518,3000,44254.810083
8634,3000,44283.001991
8066,3000,44313.258255
8602,3000,44346.46726
8394,3000,44378.174832
8700,3000,44408.715889
8134,3000,44442.87771
6498,3000,44475.010736
5876,3000,44525.600976
7224,3000,44557.93666
7182,3000,44590.892776
7772,3000,44625.485555
8640,3000,44650.268279
8416,3000,44679.968013
6574,3000,44717.421871
7156,3000,44749.089788
8086,3000,44778.358422
7714,3000,44809.009087
5040,3000,44849.485744
5866,3000,44886.700377
7598,3000,44916.528235
7828,3000,44945.132853
8210,3000,44973.689172
7188,3000,45002.802737
7284,3000,45041.60868
8544,3000,45069.744536
8116,3000,45100.157351
8228,3000,45134.293364
6882,3000,45167.805684
7124,3000,45204.080401
8204,3000,45236.923868
8352,3000,45267.950835
7932,3000,45298.95961
7962,3000,45332.209843
8858,3000,45364.982788
8862,3000,45394.540246
9062,3000,45425.097238
8042,3000,45456.898091
8394,3000,45488.712309
8372,3000,45516.213629
8444,3000,45543.974806
8094,3000,45572.771497
7924,3000,45602.837935
8454,3000,45629.236985
6942,3000,45657.64924
8482,3000,45690.644798
8486,3000,45720.167261
8386,3000,45750.115699
5436,3000,45790.436321
8194,3000,45822.284383
8442,3000,46205.40824
3928,3000,46244.30181
8340,3000,46273.42104
8220,3000,46305.247351
7746,3000,46336.719114
7520,3000,46371.97236
8418,3000,46403.170431
8336,3000,46428.709867
8758,3000,46459.267864
8108,3000,46491.805523
9226,3000,46522.522059
7280,3000,46552.178354
8424,3000,46580.520476
8768,3000,46612.471052
8390,3000,46641.402371
7526,3000,46672.721939
8746,3000,46704.738317
7870,3000,46735.28711
8048,3000,46764.162378
7302,3000,46791.401743
8404,3000,46818.786203
7688,3000,46853.467909
7974,3000,46880.469826
7216,3000,46915.611853
8572,3000,46944.127539
8968,3000,46974.639044
8550,3000,47003.335028
8636,3000,47036.535104
7962,3000,47072.370249
8386,3000,47105.507615
8172,3000,47138.926373
8358,3000,47167.681418
8362,3000,47195.681469
8474,3000,47222.063282
8220,3000,47252.447174
8656,3000,47285.291
8384,3000,47317.821527
8308,3000,47351.032312
6344,3000,47384.67526
7260,3000,47420.900562
8380,3000,47453.145532
8880,3000,47484.251636
8058,3000,47514.855291
7772,3000,47542.5259
8916,3000,47572.006049
6318,3000,47610.966146
8448,3000,47644.744287
9316,3000,47674.633898
8246,3000,47705.531075
8182,3000,47736.657876
4426,3000,47786.823943
6580,3000,47824.363991
8688,3000,47856.127288
7560,3000,47889.424946
8940,3000,47921.119315
8490,3000,47951.081288
8460,3000,47982.128901
7912,3000,48014.11526
7742,3000,48047.386915
6580,3000,48083.796137
7990,3000,48113.239614
7820,3000,48141.151061
6966,3000,48173.151221
7712,3000,48203.652236
7572,3000,48236.561204
8738,3000,48264.7387
8612,3000,48295.028195
8374,3000,48675.132635
7852,3000,48710.212004
8702,3000,48736.918436
7734,3000,48770.789631
8734,3000,48798.600636
7872,3000,48829.682468
8426,3000,48861.684087
7918,3000,48891.72734
7728,3000,48923.468488
8260,3000,48955.669471
7622,3000,48990.020561
7386,3000,49026.369836
8188,3000,49061.218084
8366,3000,49093.318981
5770,3000,49130.553427
8486,3000,49163.055562
8146,3000,49192.275548
8442,3000,49225.489048
7862,3000,49256.988686
8086,3000,49288.654846
4622,3000,49329.26364
7494,3000,49361.4761
8542,3000,49394.091712
8978,3000,49425.252138
8292,3000,49459.302475
8520,3000,49489.661785
7940,3000,49522.573
6762,3000,49554.296609
8260,3000,49584.701647
8154,3000,49611.687968
8326,3000,49641.946805
8592,3000,49669.952118
8046,3000,49703.57088
6514,3000,49731.401056
7508,3000,49764.628632
8750,3000,49794.1939
8182,3000,49826.669734
7048,3000,49858.552606
9074,3000,49890.943746
8606,3000,49920.801094
8202,3000,49951.357984
4880,3000,49989.426863
8648,3000,50015.835033
7832,3000,50046.442329
8292,3000,50077.223357
7460,3000,50111.274617
8990,3000,50140.128703
7926,3000,50168.264591
8826,3000,50198.740579
8920,3000,50230.783467
8300,3000,50262.555701
8564,3000,50290.356475
5544,3000,50330.793205
8526,3000,50361.653
8084,3000,50392.240873
8694,3000,50420.157944
8398,3000,50451.129725
8894,3000,50483.933271
7850,3000,50515.43371
8026,3000,50546.344144
7506,3000,50576.091892
8522,3000,50606.240643
8556,3000,50630.324238
8154,3000,50662.850172
5352,3000,50703.893941
7778,3000,50734.817153
7836,3000,50761.355784
7952,3000,51185.784384
7968,3000,51219.326923
7696,3000,51250.857108
8286,3000,51281.325911
7726,3000,51313.1539
8670,3000,51345.503717
8540,3000,51375.613189
8430,3000,51403.687977
8892,3000,51434.173037
8692,3000,51465.636197
8724,3000,51492.989684
8698,3000,51523.996474
8592,3000,51552.542834
9110,3000,51583.313303
7466,3000,51616.854814
8590,3000,51648.448959
4892,3000,51685.326879
5016,3000,51725.826008
8468,3000,51758.590565
8034,3000,51789.889362
8414,3000,51820.411137
7920,3000,51851.827091
8342,3000,51878.244775
9056,3000,51909.0198
8366,3000,51939.00041
8512,3000,51969.636141
8118,3000,51993.278905
7448,3000,52026.606958
5536,3000,52065.21542
6682,3000,52099.108645
8442,3000,52132.950471
8512,3000,52161.96333
8478,3000,52192.106894
8502,3000,52225.096843
7808,3000,52255.146535
8270,3000,52280.251528
8778,3000,52308.464945
7938,3000,52343.926964
5986,3000,52383.201477
8028,3000,52415.089345
8322,3000,52446.47205
8780,3000,52473.313883
8544,3000,52503.723725
8546,3000,52529.615621
8588,3000,52559.965732
8466,3000,52591.581159
8878,3000,52623.060455
8158,3000,52656.56864
8398,3000,52687.498604
7930,3000,52721.589142
9066,3000,52752.651088
8146,3000,52780.203181
8342,3000,52813.461308
8352,3000,52840.01767
8630,3000,52870.40008
7738,3000,52902.27452
9112,3000,52932.568505
7916,3000,52965.097837
8756,3000,52994.103689
8360,3000,53021.043154
7938,3000,53050.30478
8252,3000,53080.939576
7002,3000,53116.512887
8106,3000,53145.277803
6424,3000,53180.910245
6762,3000,53211.556879
8490,3000,53679.591431
8572,3000,53705.186383
8664,3000,53732.520901
8528,3000,53760.049028
2638,3000,53820.787181
8168,3000,53851.351266
7476,3000,53886.859905
7464,3000,53917.723036
8412,3000,53948.327833
7500,3000,53980.62538
8052,3000,54013.836721
8764,3000,54046.760284
8516,3000,54079.650267
8620,3000,54109.989297
8248,3000,54141.790368
8638,3000,54170.165736
8762,3000,54204.044889
8764,3000,54237.459717
8900,3000,54268.740365
8142,3000,54298.072591
8746,3000,54327.294246
8462,3000,54358.095591
8712,3000,54387.481773
8796,3000,54414.8709
8384,3000,54446.473678
8462,3000,54479.917103
9036,3000,54508.160055
8924,3000,54536.595264
8504,3000,54568.046562
8890,3000,54594.714125
7888,3000,54629.211744
8540,3000,54654.939447
8976,3000,54683.535421
8436,3000,54712.197575
8640,3000,54743.836586
8436,3000,54775.320221
8784,3000,54802.302212
-1948,3000,54884.136441
7998,3000,54916.840631
8954,3000,54947.456961
8666,3000,54974.42461
8210,3000,55007.577597
7426,3000,55043.974237
9108,3000,55073.521329
8904,3000,55103.687232
8982,3000,55130.459798
9012,3000,55160.687258
8622,3000,55187.831592
8882,3000,55216.779963
8268,3000,55247.040611
7512,3000,55279.730647
8430,3000,55305.301106
8624,3000,55338.209517
7782,3000,55369.307101
8814,3000,55398.331112
9044,3000,55429.265333
8336,3000,55461.726005
8392,3000,55490.465078
8576,3000,55516.896631
8540,3000,55544.625444
8770,3000,55577.871854
8002,3000,55608.694435
8148,3000,55641.971249
8590,3000,55674.061312
8714,3000,55703.707548
8782,3000,55731.414013
8802,3000,55759.453058
8286,3000,56159.753431
6948,3000,56194.215553
8792,3000,56223.677886
6950,3000,56261.195535
8682,3000,56293.876615
9120,3000,56329.677813
8074,3000,56359.264117
8012,3000,56388.705165
7150,3000,56421.307775
8206,3000,56453.357808
8796,3000,56484.073905
8650,3000,56511.41063
8386,3000,56539.078843
8536,3000,56565.147309
8732,3000,56596.527817
8824,3000,56624.422655
8322,3000,56654.090819
8840,3000,56685.195365
8996,3000,56714.565266
8576,3000,56744.175964
6596,3000,56777.413674
8368,3000,56808.190032
8858,3000,56837.674857
9758,3000,56869.162371
8706,3000,56902.385681
8766,3000,56935.654833
8250,3000,56967.647316
8260,3000,56995.451428
8348,3000,57025.282275
7104,3000,57060.733509
8846,3000,57094.596168
8536,3000,57127.717247
6764,3000,57163.864203
7750,3000,57194.373039
8926,3000,57220.457283
8824,3000,57252.438547
8646,3000,57283.258426
8208,3000,57310.363765
8176,3000,57342.402114
8504,3000,57376.942622
8798,3000,57406.832307
9396,3000,57436.765477
8610,3000,57464.894746
8902,3000,57495.846717
9078,3000,57527.825224
8756,3000,57556.567729
8850,3000,57585.413702
8726,3000,57618.163639
2088,3000,57689.342409
8606,3000,57720.132172
8178,3000,57748.494534
9008,3000,57779.171911
8558,3000,57813.067484
8140,3000,57846.869298
8822,3000,57881.246262
8686,3000,57913.882674
8738,3000,57944.270028
7184,3000,57973.124782
8430,3000,58005.120423
8496,3000,58036.565929
9072,3000,58066.796603
8810,3000,58100.400076
8916,3000,58125.657361
8708,3000,58153.714599
8256,3000,58189.1892
8170,3000,58219.458389
9004,3000,58248.324874
8506,3000,58633.808904
9212,3000,58666.823313
8842,3000,58697.736049
8838,3000,58728.223533
8882,3000,58756.980426
8554,3000,58786.530383
8666,3000,58818.393454
9056,3000,58847.681995
6972,3000,58880.477411
8440,3000,58909.892903
8564,3000,58943.122919
8726,3000,58975.438194
8506,3000,59004.529299
8582,3000,59034.131308
8688,3000,59064.977499
8974,3000,59096.829805
9020,3000,59121.762265
8286,3000,59147.204936
8962,3000,59178.565918
4160,3000,59218.365797
7420,3000,59251.656289
8704,3000,59281.950058
8812,3000,59313.707202
9024,3000,59341.646104
8638,3000,59371.628391
8948,3000,59397.873991
7802,3000,59435.369558
8768,3000,59467.596923
8522,3000,59498.322186
8628,3000,59527.482363
8370,3000,59561.518799
8820,3000,59590.620569
8562,3000,59623.290348
5834,3000,59656.732069
8874,3000,59687.460125
9038,3000,59716.50741
9594,3000,59746.195069
8896,3000,59779.105871
9270,3000,59813.452432
8826,3000,59845.186846
8736,3000,59877.890643
8960,3000,59904.994198
8514,3000,59938.489444
8876,3000,59968.796482
8732,3000,60001.796202
8634,3000,60029.268573
8404,3000,60061.920125
8722,3000,60096.94914
9066,3000,60129.811639
8230,3000,60158.5478
7480,3000,60189.940676
9086,3000,60221.502842
8592,3000,60253.288112
8444,3000,60282.789927
8270,3000,60314.016428
9174,3000,60343.096984
8514,3000,60375.492426
9174,3000,60408.725097
8948,3000,60435.739888
8588,3000,60466.721343
-4760,3000,60573.933992
8162,3000,60608.311415
8628,3000,60639.273285
8008,3000,60669.434546
8814,3000,60703.206176
8642,3000,60733.627869
9020,3000,61124.505386
8716,3000,61156.195491
9084,3000,61187.424465
7552,3000,61219.667141
8180,3000,61248.037786
8692,3000,61281.511992
8862,3000,61314.491338
8772,3000,61339.380788
8728,3000,61368.985996
8874,3000,61401.435742
8190,3000,61430.307416
8916,3000,61460.692344
8974,3000,61488.98705
8716,3000,61521.485134
8694,3000,61552.659953
8854,3000,61582.676342
9160,3000,61611.659453
8868,3000,61640.545476
8942,3000,61672.306323
9134,3000,61705.483276
9102,3000,61737.718623
9008,3000,61770.157075
8614,3000,61798.670228
8368,3000,61830.271273
9762,3000,61861.753522
9002,3000,61889.002475
9054,3000,61920.096271
9078,3000,61950.064754
9284,3000,61983.431362
8810,3000,62010.979119
9166,3000,62041.872247
9246,3000,62072.485916
8794,3000,62106.140371
8922,3000,62137.561709
8776,3000,62166.882667
8950,3000,62196.439686
7804,3000,62224.727898
8756,3000,62253.177927
-4698,3000,62365.273988
8832,3000,62397.60632
8486,3000,62428.632436
6244,3000,62463.242691
8730,3000,62493.298666
8742,3000,62525.835855
8332,3000,62558.739244
4802,3000,62602.015982
9144,3000,62634.473131
7658,3000,62667.910676
8166,3000,62697.531692
8502,3000,62731.663803
8934,3000,62765.717711
8838,3000,62794.424669
9200,3000,62825.472454
8728,3000,62855.413308
8720,3000,62885.354569
8722,3000,62917.18935
8598,3000,62950.186581
9056,3000,62978.394407
9048,3000,63011.137698
8820,3000,63039.931442
8630,3000,63072.242591
9004,3000,63100.129318
8506,3000,63134.060112
8612,3000,63165.470201
9062,3000,63197.757644
8798,3000,63225.674917
9208,3000,63253.308794
8782,3000,63497.040199
8928,3000,63522.594697
9058,3000,63551.658276
9462,3000,63580.743235
8668,3000,63609.341841
8422,3000,63638.350738
8862,3000,63670.591913
8488,3000,63705.472521
8340,3000,63737.883412
9120,3000,63768.64145
8878,3000,63796.442364
8658,3000,63826.184126
8654,3000,63857.828776
8654,3000,63887.569184
8778,3000,63916.35543
8378,3000,63945.168148
8876,3000,63977.547802
8278,3000,64009.847232
8056,3000,64041.801149
9156,3000,64071.175702
8588,3000,64102.646356
8560,3000,64136.07997
6692,3000,64169.787236
8908,3000,64202.862993
8054,3000,64235.943132
9054,3000,64270.714718
7332,3000,64304.082782
8596,3000,64335.538797
6898,3000,64366.861959
8814,3000,64396.906784
5422,3000,64437.603235
7960,3000,64466.597772
8718,3000,64497.878345
7226,3000,64532.154768
7806,3000,64560.413327
8670,3000,64589.094431
9202,3000,64623.273097
8594,3000,64655.990341
9122,3000,64689.477949
8672,3000,64720.257563
2354,3000,64785.950013
7406,3000,64815.716445
9046,3000,64848.557272
7948,3000,64881.269517
9154,3000,64909.854805
8910,3000,64939.505696
7964,3000,64969.974981
9052,3000,65001.789787
9320,3000,65033.320052
8818,3000,65063.400644
8806,3000,65092.632198
8542,3000,65125.374013
8260,3000,65158.229416
8976,3000,65186.708593
8996,3000,65217.230612
8920,3000,65244.361677
8308,3000,65277.023637
8750,3000,65309.188977
8974,3000,65337.406744
8410,3000,65369.074263
9046,3000,65398.639407
9116,3000,65426.6387
8506,3000,65454.460386
9374,3000,65483.676012
7914,3000,65519.526562
9366,3000,65548.540907
8726,3000,65575.253956
8220,3000,65843.470993
8996,3000,65873.160389
8846,3000,65903.839926
8968,3000,65929.900527
8752,3000,65957.782961
8192,3000,65986.343267
8486,3000,66018.131601
8786,3000,66047.703807
8488,3000,66080.172989
8078,3000,66111.801309
8984,3000,66142.116165
9138,3000,66167.732261
9024,3000,66200.766579
7224,3000,66234.801497
7510,3000,66264.552313
7072,3000,66300.147164
-1110,3000,66385.378884
5556,3000,66423.780568
8972,3000,66454.682581
9160,3000,66486.88929
8842,3000,66514.685433
9466,3000,66544.57497
8746,3000,66575.015187
9090,3000,66603.604544
8440,3000,66631.63952
9272,3000,66662.106016
8488,3000,66690.266144
7678,3000,66726.200896
8784,3000,66757.938991
8148,3000,66793.124273
8414,3000,66823.521183
8904,3000,66856.305467
8648,3000,66888.473563
8978,3000,66919.809277
9250,3000,66949.972267
8922,3000,66979.011138
8594,3000,67010.405277
8472,3000,67044.058608
8816,3000,67072.438186
9096,3000,67104.945512
8910,3000,67137.839284
8336,3000,67168.317022
9478,3000,67197.760896
9556,3000,67222.301012
8896,3000,67251.77252
9256,3000,67283.829024
8750,3000,67318.608788
8420,3000,67353.161518
7840,3000,67388.611163
8168,3000,67423.413483
8646,3000,67456.823565
9300,3000,67486.064642
8932,3000,67519.41743
8862,3000,67550.170463
8792,3000,67580.11253
8804,3000,67612.403897
8996,3000,67647.600823
8608,3000,67679.350328
8864,3000,67713.446414
8748,3000,67742.165994
8812,3000,67770.960086
9050,3000,67801.495785
8422,3000,67830.963418
9230,3000,67860.48693
8024,3000,67890.6431
5900,3000,67930.660973
9272,3000,68319.116025
-638,3000,68397.952348
8734,3000,68426.679301
7932,3000,68461.483067
7578,3000,68497.466977
6378,3000,68535.417694
8630,3000,68564.497526
9130,3000,68596.1157
8826,3000,68628.373574
8918,3000,68660.583087
8890,3000,68691.227311
7270,3000,68723.953611
8506,3000,68754.553813
8698,3000,68787.275523
8946,3000,68819.323372
9176,3000,68846.813744
8616,3000,68879.575663
8642,3000,68908.330629
9082,3000,68940.983939
8660,3000,68974.646365
8948,3000,69005.779406
8858,3000,69039.431348
8462,3000,69075.538087
8680,3000,69109.270146
8808,3000,69141.816076
8904,3000,69169.269769
9122,3000,69200.923213
8908,3000,69232.727039
8806,3000,69263.250155
8658,3000,69292.3103
8680,3000,69325.519575
9148,3000,69357.678947
8206,3000,69390.723606
8360,3000,69419.992363
8538,3000,69452.994378
9132,3000,69485.225308
8412,3000,69518.401652
8972,3000,69548.936229
9312,3000,69582.981571
7548,3000,69618.413627
8136,3000,69652.534904
8638,3000,69684.884871
9044,3000,69716.478708
6988,3000,69750.625911
8392,3000,69776.87802
7504,3000,69811.785784
8346,3000,69846.603802
7214,3000,69882.031108
8632,3000,69911.554016
8700,3000,69943.063066
9314,3000,69971.098861
7510,3000,70006.49839
9046,3000,70038.860424
8382,3000,70072.430164
8268,3000,70101.129433
8924,3000,70133.93904
8160,3000,70166.622259
3096,3000,70225.359577
8940,3000,70253.961877
8956,3000,70287.367946
8890,3000,70317.170345
9134,3000,70350.967478
8966,3000,70385.010756
8808,3000,70413.51884
9336,3000,70447.356821
7940,3000,70477.798796
9036,3000,70507.119594
268,3000,70943.053212
8778,3000,70971.264988
8802,3000,71002.563358
8604,3000,71034.576475
8070,3000,71065.623533
8406,3000,71094.591396
8388,3000,71124.61347
9070,3000,71157.113958
8352,3000,71191.017673
8260,3000,71220.12539
9090,3000,71250.532259
8762,3000,71281.605589
8466,3000,71315.549484
8094,3000,71343.084488
8632,3000,71373.602992
8800,3000,71401.13009
8958,3000,71432.979409
8814,3000,71463.917358
8876,3000,71496.20625
8502,3000,71529.49497
8248,3000,71562.55111
8420,3000,71593.536227
8524,3000,71623.182492
9044,3000,71656.362692
8842,3000,71686.18886
8406,3000,71717.2216
8922,3000,71747.041098
8238,3000,71781.487541
9004,3000,71813.154942
9108,3000,71844.167203
8310,3000,71874.04519
8902,3000,71908.187901
8882,3000,71940.036357
6572,3000,71973.217332
8350,3000,72001.432565
9088,3000,72028.763607
8216,3000,72057.602329
7974,3000,72093.150483
8472,3000,72124.0826
6904,3000,72160.373126
8890,3000,72193.440768
8902,3000,72221.669561
8742,3000,72250.443358
8634,3000,72281.714024
8894,3000,72312.229115
9082,3000,72343.884997
8378,3000,72374.441528
8922,3000,72401.681789
9294,3000,72434.260124
8758,3000,72463.736557
4946,3000,72513.803158
9054,3000,72541.992375
7820,3000,72577.095957
8490,3000,72609.134751
8802,3000,72642.006484
9036,3000,72670.290642
8788,3000,72698.114402
2018,3000,72760.343035
8930,3000,72791.013888
7814,3000,72823.706602
8946,3000,72857.380201
8446,3000,72886.56976
8988,3000,72914.855374
8794,3000,72947.408623
8262,3000,72977.293253
8702,3000,73005.661517
8230,3000,73035.76065
8806,3000,73386.930501
8930,3000,73417.549958
8684,3000,73447.600765
7826,3000,73480.705078
8812,3000,73512.571402
9580,3000,73546.547261
8966,3000,73580.020622
8802,3000,73609.823756
8752,3000,73640.132774
8450,3000,73671.702224
8918,3000,73703.944389
9096,3000,73734.586248
9032,3000,73764.766679
8988,3000,73794.374458
8164,3000,73824.661128
8826,3000,73854.320841
8642,3000,73879.897689
7792,3000,73910.001934
7890,3000,73942.628686
8758,3000,73968.69173
9010,3000,73996.994091
8910,3000,74024.71367
8748,3000,74057.28863
8712,3000,74091.754225
8234,3000,74125.290219
8890,3000,74153.998524
8526,3000,74184.75941
9112,3000,74216.618812
8458,3000,74247.329617
8564,3000,74277.666365
8202,3000,74309.472281
8280,3000,74341.995806
9102,3000,74370.997309
8726,3000,74403.753489
8772,3000,74435.197212
8824,3000,74465.960283
8398,3000,74496.314813
8832,3000,74521.95594
7570,3000,74557.786544
6488,3000,74589.664253
8570,3000,74620.829103
8818,3000,74653.03516
8248,3000,74685.325053
8768,3000,74718.959299
8010,3000,74752.612602
8784,3000,74780.734848
7468,3000,74815.179232
9052,3000,74845.642974
8192,3000,74876.647119
8068,3000,74909.055072
8944,3000,74936.860161
8806,3000,74967.967266
7440,3000,75005.114883
8382,3000,75036.688632
8798,3000,75068.79277
7752,3000,75099.541007
8066,3000,75131.237916
9146,3000,75162.735693
1578,3000,75230.566222
8772,3000,75261.407838
6798,3000,75292.688704
9240,3000,75322.868169
8306,3000,75351.212477
8708,3000,75381.472101
8588,3000,75415.704544
9374,3000,75446.003694
8200,3000,75858.818875
8634,3000,75890.917589
9020,3000,75922.481415
8614,3000,75953.668289
9164,3000,75981.585234
8834,3000,76006.748261
9198,3000,76034.683015
8888,3000,76061.67767
8726,3000,76091.158275
9220,3000,76121.034116
8720,3000,76152.517107
8396,3000,76185.795842
8718,3000,76216.598161
9380,3000,76246.105172
8970,3000,76275.550575
9316,3000,76303.536892
8040,3000,76330.074665
8652,3000,76361.339195
8618,3000,76393.747044
9510,3000,76425.380816
8280,3000,76456.205498
8608,3000,76489.207539
9002,3000,76519.256201
8670,3000,76551.529598
8532,3000,76585.5184
7764,3000,76620.22539
4632,3000,76675.053792
6092,3000,76718.251619
8940,3000,76747.737367
8632,3000,76778.149453
8104,3000,76811.039578
8526,3000,76842.831427
8194,3000,76874.710181
7628,3000,76905.561013
8470,3000,76936.802164
8988,3000,76966.864223
8844,3000,76996.172378
8980,3000,77024.385327
9190,3000,77058.380598
8588,3000,77091.052722
9200,3000,77121.613751
8414,3000,77153.836793
8194,3000,77188.423185
8908,3000,77217.834399
8146,3000,77251.167524
8960,3000,77279.996198
8818,3000,77308.323465
8826,3000,77336.551065
8692,3000,77366.853292
9012,3000,77396.767834
9062,3000,77430.45612
8632,3000,77457.222947
7412,3000,77490.358961
9028,3000,77518.159235
8970,3000,77551.439324
8450,3000,77577.677058
8474,3000,77611.973734
8724,3000,77648.213897
8390,3000,77681.47376
8956,3000,77718.233707
8764,3000,77747.902818
8382,3000,77779.771476
9288,3000,77811.346315
9046,3000,77841.929476
8696,3000,77877.882757
7910,3000,77912.986955
8856,3000,77944.118695
7076,3000,78380.05136
7086,3000,78416.565713
9548,3000,78446.56759
8762,3000,78479.007409
9330,3000,78511.159872
8646,3000,78542.451298
7136,3000,78573.659914
8770,3000,78604.368917
8492,3000,78632.933251
8332,3000,78661.90847
9422,3000,78690.734366
8628,3000,78723.6141
8518,3000,78754.98145
2642,3000,78822.859512
8666,3000,78852.825503
8970,3000,78882.798376
8538,3000,78916.942524
8620,3000,78949.737823
8770,3000,78983.919034
8722,3000,79018.760202
8848,3000,79048.090787
8272,3000,79082.743942
9008,3000,79111.26427
9220,3000,79144.4247
8888,3000,79176.482996
7682,3000,79206.659168
8664,3000,79236.873415
8628,3000,79267.561561
8972,3000,79298.28743
8690,3000,79327.958793
8554,3000,79360.768934
8592,3000,79391.867626
8884,3000,79418.446212
8712,3000,79448.354849
8896,3000,79473.31092
8416,3000,79506.148433
8764,3000,79535.547081
8410,3000,79564.652305
8564,3000,79595.563008
8900,3000,79627.714813
8602,3000,79658.642511
8244,3000,79688.66035
8756,3000,79722.422727
9090,3000,79754.564341
8826,3000,79785.525794
8546,3000,79814.031816
8902,3000,79847.600652
8708,3000,79880.128333
8698,3000,79910.67311
8834,3000,79940.584739
8844,3000,79966.614619
8744,3000,79994.460279
8564,3000,80019.869778
8262,3000,80050.039657
8452,3000,80081.946434
8582,3000,80113.072686
7720,3000,80144.080964
8600,3000,80174.782504
6428,3000,80210.357698
7190,3000,80247.665358
8600,3000,80278.346876
8708,3000,80308.344071
8494,3000,80340.742436
8796,3000,80371.254764
7032,3000,80404.300041
7788,3000,80439.28962
8282,3000,80469.699631
6948,3000,80909.926591
8994,3000,80942.63489
8316,3000,80978.862021
8430,3000,81011.014491
8298,3000,81040.989152
9030,3000,81074.336799
8704,3000,81107.840317
8386,3000,81138.326209
8116,3000,81173.242688
9082,3000,81203.806104
8842,3000,81234.85755
8862,3000,81265.146433
8534,3000,81300.404594
8486,3000,81333.000204
8618,3000,81366.112003
8806,3000,81397.297753
8210,3000,81428.954444
8882,3000,81458.494064
9026,3000,81489.239082
8860,3000,81519.220355
8756,3000,81549.85553
8130,3000,81583.759252
8776,3000,81617.967391
8966,3000,81649.678299
8904,3000,81676.033031
7582,3000,81712.084173
1350,3000,81789.624918
8434,3000,81817.325142
8348,3000,81848.081839
8970,3000,81881.040708
8850,3000,81914.217797
9034,3000,81945.801412
8992,3000,81977.857442
8558,3000,82011.229979
8730,3000,82045.458276
8770,3000,82077.758776
8636,3000,82108.195393
9000,3000,82138.04243
8956,3000,82168.029179
8768,3000,82195.127364
9494,3000,82228.614341
9154,3000,82258.334771
8928,3000,82288.709423
8544,3000,82319.590187
8442,3000,82352.056353
9520,3000,82383.260117
8944,3000,82414.410003
9022,3000,82447.369139
8866,3000,82478.88128
8428,3000,82507.824568
7862,3000,82538.579334
6728,3000,82576.767121
8672,3000,82611.234967
8198,3000,82643.280455
8764,3000,82669.313391
8972,3000,82698.908767
8782,3000,82730.132972
8690,3000,82763.233798
8036,3000,82795.613696
8948,3000,82828.050243
9054,3000,82861.201989
8128,3000,82895.713445
8782,3000,82922.525668
8454,3000,82952.8338
7720,3000,82982.239817
8550,3000,83014.306448
8128,3000,83445.540869
7652,3000,83480.503457
8846,3000,83513.260544
8920,3000,83541.649047
8964,3000,83570.127499
8628,3000,83602.444221
8414,3000,83635.079912
9078,3000,83663.808246
8566,3000,83696.212438
9086,3000,83727.583622
8734,3000,83760.695001
8936,3000,83794.831425
8544,3000,83827.696346
9294,3000,83861.529268
7924,3000,83897.246026
6150,3000,83943.893123
8706,3000,83973.719399
8240,3000,84001.476559
8830,3000,84028.732003
8780,3000,84062.465849
8460,3000,84095.852422
8604,3000,84123.232832
8470,3000,84155.065887
8828,3000,84187.783248
8708,3000,84219.449055
8128,3000,84250.554411
8396,3000,84283.863271
8512,3000,84314.331754
8716,3000,84345.360111
8026,3000,84378.669095
8490,3000,84409.209936
7446,3000,84449.063063
8934,3000,84481.828463
8880,3000,84514.788363
9286,3000,84544.637796
8628,3000,84575.003182
7166,3000,84607.691866
8026,3000,84642.485983
7792,3000,84677.799889
8970,3000,84708.549905
6350,3000,84748.897837
9288,3000,84781.404301
8400,3000,84810.11051
7594,3000,84843.175673
7446,3000,84881.024539
9228,3000,84912.886699
7520,3000,84947.393378
8344,3000,84976.067579
8404,3000,85006.615404
8420,3000,85035.177806
8334,3000,85067.010417
9080,3000,85094.278227
8806,3000,85125.266393
7932,3000,85156.440809
8640,3000,85185.391466
8974,3000,85214.558823
8646,3000,85240.100291
8366,3000,85269.272701
8306,3000,85302.51823
8104,3000,85335.761822
7022,3000,85367.430538
8086,3000,85401.837016
8824,3000,85435.122067
8592,3000,85465.067754
8700,3000,85495.226608
9330,3000,85526.905395
8894,3000,85560.273636
8982,3000,86112.325303
-102,3000,86198.172992
9112,3000,86232.183475
8976,3000,86261.027491
8760,3000,86291.139871
8888,3000,86326.187667
9376,3000,86358.900576
9372,3000,86390.686986
9186,3000,86417.918157
8906,3000,86447.585682
9074,3000,86478.982949
9608,3000,86509.172698
8922,3000,86536.537614
8834,3000,86569.291759
9148,3000,86597.371751
9030,3000,86629.22398
9246,3000,86661.295336
8890,3000,86694.035901
8572,3000,86728.769333
9164,3000,86761.022549
8972,3000,86792.814671
8022,3000,86825.354464
8766,3000,86857.000965
9192,3000,86885.304284
8620,3000,86916.469841
9218,3000,86942.731354
8986,3000,86972.401395
7692,3000,87004.583505
8190,3000,87038.136605
7844,3000,87072.654114
9248,3000,87101.696529
8502,3000,87134.569643
8880,3000,87162.895798
8638,3000,87192.096158
9164,3000,87222.954481
6472,3000,87259.529595
7156,3000,87296.148736
8706,3000,87329.379149
8698,3000,87361.294178
9160,3000,87391.017297
8842,3000,87423.997647
8078,3000,87458.582245
8500,3000,87488.717471
8302,3000,87520.886921
8962,3000,87552.823019
8840,3000,87582.610595
9672,3000,87613.604394
8900,3000,87644.880342
8578,3000,87675.963363
9092,3000,87708.774704
8854,3000,87740.209652
8192,3000,87772.434671
8702,3000,87804.951189
7508,3000,87843.297523
9062,3000,87873.954378
7978,3000,87909.486739
8780,3000,87944.58602
8364,3000,87971.961925
8594,3000,88002.770575
8568,3000,88034.182281
9208,3000,88068.606764
8750,3000,88101.707659
9088,3000,88130.740202
8688,3000,88158.942948
8948,3000,88189.554554
8752,3000,88218.978479
8886,3000,88252.224886
8828,3000,88757.05988
9232,3000,88787.243256
9266,3000,88819.972568
8282,3000,88849.897258
8800,3000,88878.596273
9100,3000,88908.964252
8886,3000,88940.540009
2458,3000,89000.807258
8996,3000,89028.426499
8124,3000,89060.019238
8562,3000,89095.377714
8518,3000,89125.87554
8238,3000,89159.019634
7748,3000,89193.969276
8746,3000,89220.719892
7836,3000,89252.343489
8818,3000,89277.515646
9184,3000,89307.47938
9280,3000,89338.980141
8958,3000,89368.132938
9164,3000,89396.027668
9004,3000,89428.588017
8706,3000,89458.685019
8898,3000,89488.861203
9150,3000,89521.21489
8532,3000,89548.452138
9040,3000,89575.020108
8726,3000,89607.180559
8656,3000,89637.753591
8780,3000,89670.815884
8616,3000,89702.368347
8650,3000,89733.37725
8710,3000,89760.58299
8224,3000,89790.892075
8916,3000,89821.63151
8826,3000,89854.59507
8606,3000,89886.62296
9152,3000,89919.001368
8558,3000,89946.772727
8618,3000,89974.851544
9630,3000,90004.346632
9106,3000,90034.089238
8694,3000,90065.90822
8810,3000,90098.11542
8934,3000,90124.364631
9018,3000,90153.869236
8746,3000,90182.954332
8156,3000,90217.120585
7698,3000,90244.209508
8748,3000,90275.462611
9132,3000,90310.21314
8664,3000,90344.355073
8612,3000,90378.905496
8788,3000,90410.954735
6090,3000,90445.80375
7358,3000,90481.667867
8628,3000,90516.561396
8244,3000,90550.679142
8254,3000,90581.061885
8788,3000,90609.981669
8646,3000,90641.24212
8670,3000,90671.764688
8562,3000,90705.863026
8660,3000,90739.51975
8672,3000,90770.362094
6956,3000,90806.642414
8486,3000,91341.293244
9090,3000,91372.572403
8422,3000,91403.448431
8810,3000,91434.509659
9114,3000,91464.6525
8344,3000,91498.852955
8646,3000,91530.092307
8538,3000,91560.693648
9242,3000,91589.538787
8320,3000,91619.078689
8954,3000,91647.833037
9142,3000,91674.882618
8646,3000,91707.509244
8946,3000,91736.497906
9124,3000,91767.463447
9340,3000,91798.160125
8996,3000,91830.729034
9000,3000,91862.314335
8968,3000,91888.672153
9214,3000,91919.611066
8902,3000,91950.673835
8720,3000,91982.304054
9208,3000,92012.117455
8708,3000,92042.599665
7968,3000,92076.664538
9344,3000,92104.965135
9068,3000,92136.489037
8582,3000,92171.020889
8962,3000,92205.027465
8520,3000,92238.446632
7520,3000,92273.78506
6570,3000,92316.865632
8220,3000,92352.135813
9134,3000,92383.242216
8546,3000,92411.831999
9074,3000,92440.299359
8458,3000,92472.801659
8720,3000,92501.784767
8892,3000,92533.405792
8366,3000,92565.281685
8648,3000,92595.913626
8042,3000,92630.894135
8966,3000,92655.308206
8992,3000,92683.630713
8632,3000,92715.140197
7856,3000,92746.390233
8416,3000,92775.267663
8896,3000,92802.257576
8696,3000,92831.085095
8362,3000,92856.428137
8710,3000,92889.318791
8550,3000,92917.999446
9606,3000,92950.776992
8568,3000,92978.448574
9000,3000,93010.120747
8754,3000,93043.235383
8978,3000,93068.748808
6572,3000,93104.619019
8740,3000,93136.185725
8294,3000,93170.27061
8882,3000,93202.249846
9728,3000,93234.020665
9016,3000,93265.218219
8832,3000,93297.208444
7984,3000,93327.235584
8748,3000,93355.649446
9134,3000,93387.409611
8998,3000,93893.563841
9018,3000,93927.675199
8498,3000,93961.36135
8606,3000,93990.634651
8644,3000,94022.849933
9114,3000,94051.433844
8810,3000,94079.574582
9122,3000,94110.487782
8784,3000,94138.960708
8524,3000,94170.425067
8692,3000,94198.602571
-5704,3000,94319.331758
8746,3000,94349.614352
8934,3000,94382.847408
8728,3000,94413.53085
8848,3000,94442.187446
8674,3000,94472.96041
8892,3000,94501.236256
9078,3000,94530.753628
9214,3000,94556.365427
8770,3000,94584.201718
8706,3000,94612.228963
8960,3000,94638.329064
7926,3000,94670.688527
9588,3000,94700.960126
9056,3000,94724.550188
8852,3000,94753.790387
9102,3000,94787.859286
9116,3000,94818.15246
9268,3000,94851.804678
8998,3000,94880.527867
8920,3000,94906.982928
9032,3000,94936.915309
9312,3000,94965.225301
8860,3000,94995.217482
8972,3000,95024.193462
8938,3000,95050.562597
8656,3000,95083.871126
8910,3000,95116.063324
9350,3000,95145.557592
9026,3000,95174.568877
8944,3000,95207.019028
8894,3000,95235.898657
4044,3000,95292.535567
8028,3000,95318.196722
8882,3000,95345.006463
9074,3000,95368.311812
9102,3000,95398.789232
8534,3000,95426.121015
9412,3000,95459.453335
9370,3000,95489.401632
8518,3000,95518.160114
8864,3000,95548.641504
8544,3000,95574.725863
8948,3000,95608.703997
9154,3000,95637.332473
8592,3000,95666.573701
9068,3000,95698.263031
8942,3000,95728.151941
8950,3000,95757.10186
9204,3000,95786.680457
8960,3000,95818.956854
8786,3000,95850.312753
8356,3000,95885.646518
8596,3000,95918.493526
9472,3000,95947.775048
9138,3000,95979.160558
8272,3000,96427.36882
8928,3000,96462.059049
8990,3000,96490.085242
8978,3000,96515.875267
9120,3000,96550.546926
8948,3000,96577.722717
9142,3000,96605.472383
8670,3000,96634.905715
8962,3000,96660.030431
9126,3000,96688.975374
8442,3000,96722.339441
8566,3000,96753.002232
8936,3000,96779.915605
9090,3000,96809.155767
8278,3000,96838.429775
8988,3000,96867.025847
8300,3000,96900.318689
3796,3000,96951.825449
8788,3000,96982.404298
9324,3000,97013.385512
8806,3000,97043.190401
8602,3000,97069.103884
9176,3000,97095.915293
8320,3000,97128.492653
8774,3000,97154.726272
8750,3000,97180.117486
8746,3000,97207.356209
8898,3000,97234.190246
9064,3000,97261.278455
9040,3000,97288.515011
8918,3000,97320.536731
8782,3000,97354.100137
8836,3000,97382.248291
9168,3000,97411.132609
9044,3000,97440.736433
8936,3000,97468.016734
8826,3000,97498.839519
8416,3000,97528.517938
9052,3000,97557.123553
8958,3000,97585.566319
9104,3000,97614.623451
9756,3000,97648.202585
8626,3000,97681.90253
8838,3000,97711.284009
8736,3000,97740.286268
9208,3000,97772.156416
9088,3000,97802.840064
8562,3000,97835.439563
8544,3000,97864.457006
8532,3000,97896.024108
8292,3000,97925.569287
8646,3000,97956.402232
8628,3000,97988.870688
8972,3000,98018.657724
9472,3000,98051.903377
8688,3000,98085.049603
8650,3000,98117.068875
8924,3000,98148.836164
9102,3000,98181.042905
8946,3000,98207.276008
8680,3000,98238.908994
8280,3000,98273.230532
8892,3000,98306.073628
8534,3000,98338.990008
10052,3000,98373.007215
9126,3000,98400.543982
8200,3000,98879.413722
8966,3000,98908.702745
8860,3000,98938.206592
8852,3000,98963.648168
8580,3000,98993.048715
8648,3000,99023.692307
8260,3000,99052.433647
9264,3000,99083.556903
8450,3000,99113.073119
8828,3000,99145.190938
8782,3000,99177.618765
9574,3000,99212.264409
8450,3000,99242.235581
8838,3000,99270.133819
8818,3000,99297.31707
9022,3000,99328.367962
9382,3000,99357.119856
8742,3000,99388.01186
9194,3000,99417.056335
8860,3000,99450.352116
8746,3000,99480.697828
8902,3000,99509.018809
9024,3000,99539.678063
8796,3000,99573.299371
8776,3000,99604.071329
9160,3000,99637.552315
9622,3000,99665.970582
9330,3000,99695.753977
8290,3000,99730.187802
8348,3000,99762.348816
8230,3000,99794.817893
9026,3000,99826.063651
8698,3000,99856.518106
8632,3000,99885.601889
8730,3000,99915.691245
8922,3000,99944.938718
9174,3000,99972.381379
9412,3000,100003.522969
9038,3000,100033.166582
9172,3000,100067.054885
9004,3000,100091.73891
9092,3000,100119.58129
8670,3000,100152.924431
8466,3000,100184.910282
8678,3000,100215.150167
9070,3000,100244.712152
8984,3000,100269.242418
8602,3000,100299.929533
8872,3000,100326.83867
8640,3000,100357.003722
8666,3000,100386.913734
9646,3000,100416.553922
8862,3000,100446.608435
9032,3000,100476.617505
9470,3000,100509.65074
8978,3000,100541.323461
8446,3000,100572.589926
8326,3000,100603.258935
8648,3000,100637.57054
8942,3000,100667.720365
8822,3000,100696.527969
8962,3000,100729.656966
8696,3000,100761.256582
8010,3000,100798.755806
9508,3000,100826.823048
8460,3000,100857.035914
8814,3000,100886.161864
8294,3000,101424.886048
8488,3000,101456.475367
9398,3000,101485.163205
8982,3000,101514.041953
8578,3000,101540.68756
9072,3000,101572.225105
8716,3000,101605.538983
9198,3000,101634.907804
9180,3000,101664.141368
8810,3000,101692.506789
8900,3000,101721.987606
8946,3000,101751.626702
9222,3000,101779.43341
9580,3000,101810.834163
9120,3000,101839.893958
9116,3000,101869.005165
8650,3000,101894.10328
7718,3000,101931.740582
8598,3000,101963.23497
8478,3000,101991.796909
8770,3000,102024.888771
8490,3000,102054.189867
8706,3000,102084.503516
8938,3000,102113.989299
8900,3000,102143.526533
8064,3000,102177.908646
8990,3000,102208.825114
8824,3000,102240.002632
9206,3000,102266.369438
8418,3000,102292.58688
8982,3000,102325.381301
8872,3000,102359.038254
8976,3000,102390.969476
9380,3000,102419.904985
8872,3000,102453.28754
8652,3000,102486.091488
7828,3000,102523.490063
8796,3000,102551.501276
8772,3000,102581.57009
8898,3000,102607.308654
8782,3000,102639.732057
9786,3000,102670.953601
9146,3000,102700.841982
9156,3000,102728.687428
9020,3000,102754.6384
8826,3000,102782.764509
9088,3000,102810.514277
8890,3000,102843.53321
9144,3000,102871.21868
9410,3000,102900.668562
8700,3000,102929.413015
8812,3000,102963.272458
9118,3000,102987.546301
9118,3000,103020.278335
8994,3000,103050.099644
8928,3000,103075.542944
8412,3000,103101.576282
8390,3000,103133.147339
6912,3000,103174.505228
8828,3000,103206.284483
9008,3000,103237.150126
8814,3000,103263.875699
9022,3000,103294.927295
9010,3000,103324.883796
9444,3000,103352.388313
8878,3000,103382.746118
8688,3000,103412.741776
9074,3000,103896.212204
8668,3000,103925.128377
8386,3000,103949.43338
9460,3000,103978.176248
8990,3000,104010.26155
9136,3000,104037.777222
9048,3000,104064.016763
8886,3000,104094.553257
8846,3000,104121.576195
8910,3000,104151.334362
8680,3000,104182.024657
8952,3000,104213.44247
8508,3000,104241.822567
9758,3000,104275.047804
9276,3000,104305.220473
8504,3000,104335.03078
8678,3000,104366.762531
8824,3000,104396.06491
9116,3000,104428.622245
8962,3000,104461.353799
8864,3000,104492.954516
9530,3000,104520.522774
9058,3000,104552.949118
9370,3000,104585.813629
8992,3000,104617.329504
8512,3000,104650.000656
9114,3000,104676.534074
8886,3000,104706.045891
8716,3000,104734.510609
8610,3000,104766.333446
9106,3000,104799.272693
9236,3000,104829.913275
9038,3000,104853.842785
5144,3000,104904.475904
6774,3000,104943.042011
8844,3000,104970.121539
8878,3000,104998.7288
9122,3000,105029.691867
8790,3000,105056.0933
9162,3000,105082.521843
8998,3000,105109.623183
8708,3000,105140.907806
8092,3000,105168.938664
9136,3000,105194.743007
9030,3000,105223.430015
8532,3000,105255.485169
9022,3000,105283.657058
9346,3000,105315.729192
9188,3000,105347.963072
9268,3000,105379.058608
8606,3000,105409.019975
8910,3000,105440.653897
8934,3000,105466.681774
8584,3000,105495.929661
8960,3000,105529.768994
8474,3000,105559.551318
9130,3000,105589.028216
9156,3000,105617.880586
8948,3000,105646.47385
9236,3000,105680.112516
9100,3000,105709.740798
9214,3000,105740.481193
8282,3000,105772.185539
9030,3000,105797.369442
9172,3000,105826.130594
9056,3000,105852.241735
9406,3000,106429.63282
9148,3000,106456.292516
8666,3000,106490.524091
9204,3000,106520.090172
8886,3000,106548.811499
8966,3000,106579.368773
8742,3000,106609.384611
9356,3000,106637.768575
9190,3000,106667.201465
8924,3000,106694.567106
9020,3000,106727.642272
8914,3000,106761.034615
9016,3000,106794.003228
8790,3000,106823.836457
9012,3000,106855.264826
7092,3000,106896.310535
8890,3000,106928.655594
9358,3000,106958.2886
8780,3000,106985.526788
8934,3000,107014.046496
9208,3000,107044.728488
8626,3000,107075.525091
10082,3000,107107.992472
9120,3000,107134.896358
8998,3000,107164.461917
8990,3000,107192.681652
8820,3000,107223.256006
8898,3000,107253.12349
9238,3000,107281.333637
8574,3000,107310.051208
7936,3000,107347.23254
9162,3000,107376.896087
8816,3000,107409.845048
9000,3000,107435.914701
9088,3000,107464.956914
9006,3000,107492.507448
7890,3000,107522.757863
8978,3000,107553.104569
9128,3000,107584.34199
8170,3000,107622.059563
9278,3000,107653.68582
8862,3000,107684.567972
8978,3000,107716.982444
8418,3000,107750.78108
8952,3000,107782.599215
8932,3000,107808.941825
8902,3000,107836.20347
8074,3000,107871.372593
8144,3000,107905.939807
7632,3000,107941.987679
8914,3000,107971.396577
9038,3000,108003.913699
8938,3000,108033.851141
8868,3000,108064.321606
9298,3000,108097.415574
9226,3000,108126.84214
8914,3000,108158.842416
8706,3000,108193.646002
9526,3000,108224.316372
9022,3000,108251.92108
8966,3000,108283.57857
9078,3000,108314.171563
8346,3000,108345.634092
8756,3000,108381.258278
9120,3000,108409.168564
9064,3000,108443.113884
8552,3000,108475.515717
8516,3000,109049.543968
9128,3000,109077.39405
9108,3000,109107.44496
8980,3000,109131.254174
8996,3000,109159.359282
8838,3000,109192.415549
8236,3000,109226.973536
9226,3000,109254.355039
8828,3000,109287.885144
9138,3000,109318.50664
9190,3000,109349.628613
8814,3000,109377.693622
8782,3000,109411.03246
9364,3000,109442.604772
9002,3000,109470.914948
9712,3000,109499.547497
8706,3000,109527.918255
8838,3000,109555.333475
9240,3000,109586.365923
8244,3000,109617.878406
8916,3000,109646.04181
9000,3000,109676.804414
9262,3000,109705.039269
8484,3000,109733.568799
8844,3000,109764.489096
8830,3000,109794.817141
9054,3000,109825.829461
9212,3000,109857.268919
9064,3000,109887.179214
8538,3000,109921.760804
8578,3000,109952.931837
7886,3000,109982.79043
9526,3000,110010.972071
8968,3000,110039.40582
9728,3000,110072.880166
9308,3000,110097.809401
8564,3000,110129.518361
9310,3000,110160.736847
7852,3000,110196.37746
8810,3000,110220.536768
9192,3000,110250.812929
9184,3000,110275.217975
8688,3000,110303.842751
9028,3000,110330.497421
8650,3000,110361.605703
8212,3000,110392.124648
8654,3000,110421.81979
9030,3000,110452.727029
8524,3000,110484.788826
9204,3000,110514.431488
8394,3000,110546.674068
9268,3000,110574.443485
8704,3000,110605.549131
9652,3000,110638.08024
8502,3000,110667.541312
8092,3000,110701.200459
8470,3000,110728.067578
-6312,3000,110868.930962
8808,3000,110901.010085
8840,3000,110928.986601
8266,3000,110957.789887
8682,3000,110989.26268
9166,3000,111019.64554
8226,3000,111047.576594
8956,3000,111073.476485
9038,3000,111106.555171
8796,3000,111138.725021
9282,3000,111310.902109
9006,3000,111342.247985
9130,3000,111372.325454
9172,3000,111404.033237
8912,3000,111433.797668
8990,3000,111467.332481
8858,3000,111497.862309
8916,3000,111528.381301
8894,3000,111557.880535
8912,3000,111590.05594
8780,3000,111620.447582
8652,3000,111650.046916
8956,3000,111682.163421
8740,3000,111714.13719
8918,3000,111744.332654
8632,3000,111770.841411
8602,3000,111801.24599
9134,3000,111831.643437
8904,3000,111859.585009
9290,3000,111885.934562
9088,3000,111913.832382
9070,3000,111950.268738
9076,3000,111982.096711
9234,3000,112005.674333
9302,3000,112030.559341
8932,3000,112060.870253
9184,3000,112089.947246
8876,3000,112122.816363
9170,3000,112152.063483
8848,3000,112185.638621
8924,3000,112217.544656
9346,3000,112249.080184
9002,3000,112281.092826
8954,3000,112309.180527
9058,3000,112338.716408
9152,3000,112370.411965
8952,3000,112399.402511
8110,3000,112440.674562
9048,3000,112470.933437
9042,3000,112498.747638
8876,3000,112524.029278
9038,3000,112556.952533
8784,3000,112584.587238
9272,3000,112611.668221
8626,3000,112640.96608
9212,3000,112669.389381
8890,3000,112700.067384
9232,3000,112731.313283
8428,3000,112762.577794
8572,3000,112787.90645
9208,3000,112819.711435
8506,3000,112850.843347
8972,3000,112881.891767
9108,3000,112913.964834
8196,3000,112945.892662
8646,3000,112979.098555
8078,3000,113011.528539
9070,3000,113041.835349
9668,3000,113073.829376
8958,3000,113106.778489
8416,3000,113138.855615
9104,3000,113165.614125
8662,3000,113195.643537
8776,3000,113220.261945
8202,3000,113250.650916
8966,3000,113281.081507
8726,3000,113872.210858
8902,3000,113904.659605
8942,3000,113935.125297
8606,3000,113965.997406
9000,3000,113997.460848
8702,3000,114030.746931
9122,3000,114058.633668
9004,3000,114086.033859
8964,3000,114115.763216
9320,3000,114142.608283
9050,3000,114176.195414
9028,3000,114207.003032
8952,3000,114237.835958
8762,3000,114268.412806
7834,3000,114305.5578
9440,3000,114333.189111
8744,3000,114362.785535
8890,3000,114393.353271
8534,3000,114427.093064
8500,3000,114456.058599
8544,3000,114487.575355
8422,3000,114518.086138
8350,3000,114548.795366
8454,3000,114580.6233
8484,3000,114611.787409
8568,3000,114647.046597
8824,3000,114680.069923
9130,3000,114706.679982
8860,3000,114733.252739
9020,3000,114762.767555
8606,3000,114796.961245
8852,3000,114826.934646
8536,3000,114858.046053
9000,3000,114886.751464
8512,3000,114917.583087
8198,3000,114949.332378
9094,3000,114981.332546
9100,3000,115014.864379
8912,3000,115044.748608
8810,3000,115073.002243
9144,3000,115102.594439
8760,3000,115131.80879
8800,3000,115161.601547
8824,3000,115191.309354
7314,3000,115225.060532
8702,3000,115256.674827
8282,3000,115280.430049
8776,3000,115309.319458
8956,3000,115341.360108
9106,3000,115368.523687
9042,3000,115398.925612
8852,3000,115432.635885
8844,3000,115458.486849
8732,3000,115490.196542
8880,3000,115526.511333
9184,3000,115556.426183
8668,3000,115588.975913
9196,3000,115619.470169
8812,3000,115650.348473
8872,3000,115680.732878
8874,3000,115710.499327
8912,3000,115742.691048
8568,3000,115776.43519
8798,3000,115800.270612
8470,3000,115833.709173
8852,3000,115863.82447
9018,3000,115892.120527
8548,3000,116536.658318
8834,3000,116569.682214
9184,3000,116595.928575
7778,3000,116630.228363
8494,3000,116659.222104
8946,3000,116692.199329
9088,3000,116723.978367
8522,3000,116753.110686
8574,3000,116786.97951
8958,3000,116818.846951
8274,3000,116849.206954
8366,3000,116879.366598
-7338,3000,117025.776578
9064,3000,117050.43414
8902,3000,117081.065709
9062,3000,117111.195057
8546,3000,117143.205438
9126,3000,117171.570827
8920,3000,117197.126681
9720,3000,117225.748184
8832,3000,117257.11738
9034,3000,117286.690121
9304,3000,117317.237894
9230,3000,117344.893274
8936,3000,117376.237087
9096,3000,117408.077336
9022,3000,117432.067627
8734,3000,117464.354132
8612,3000,117495.11657
8990,3000,117524.126592
8738,3000,117551.95806
9288,3000,117581.608728
9308,3000,117607.955149
8534,3000,117638.176676
8938,3000,117667.176441
8144,3000,117704.753211
9430,3000,117736.059592
9074,3000,117767.97243
8948,3000,117800.82197
9136,3000,117831.579252
9672,3000,117860.654315
9216,3000,117893.336004
8556,3000,117922.97457
9440,3000,117949.941785
8656,3000,117981.188954
8902,3000,118009.980617
9232,3000,118041.158073
8818,3000,118072.469832
8764,3000,118105.009178
9454,3000,118133.565068
9222,3000,118163.516488
9054,3000,118196.180595
9244,3000,118226.298062
9060,3000,118255.539679
8930,3000,118285.017341
8940,3000,118315.609295
9176,3000,118347.836646
8764,3000,118378.187455
9028,3000,118409.385594
9506,3000,118438.011913
9254,3000,118470.961056
9156,3000,118499.133272
8762,3000,118528.763168
9092,3000,118558.406906
9190,3000,118586.044472
9006,3000,118613.478561
9212,3000,118643.979947
8506,3000,119117.304793
8768,3000,119146.377725
9476,3000,119173.529979
9288,3000,119204.73138
9356,3000,119236.26292
8422,3000,119269.253072
8848,3000,119300.374229
8968,3000,119330.089239
8552,3000,119356.571302
9176,3000,119387.893265
7872,3000,119418.205895
8832,3000,119449.393621
8492,3000,119478.155179
8998,3000,119507.718722
8778,3000,119540.19656
9016,3000,119571.559057
8856,3000,119598.642807
9214,3000,119628.371301
8756,3000,119659.316279
8958,3000,119690.177598
8860,3000,119721.583098
8796,3000,119754.824864
8920,3000,119786.902495
8978,3000,119817.408456
8878,3000,119845.497655
8678,3000,119872.503581
9060,3000,119898.819799
9330,3000,119932.735467
9002,3000,119965.654413
8890,3000,119993.09485
9476,3000,120022.627225
8822,3000,120052.17802
8804,3000,120084.254127
8662,3000,120114.517611
9336,3000,120144.243131
8516,3000,120172.592874
8970,3000,120198.093242
8870,3000,120227.182425
9246,3000,120255.974645
8750,3000,120288.723681
8790,3000,120319.137709
9666,3000,120351.053737
7368,3000,120379.616036
9200,3000,120410.392423
9510,3000,120440.858679
9074,3000,120472.388294
8938,3000,120507.080143
9178,3000,120530.124978
8656,3000,120559.976145
9450,3000,120590.146642
9134,3000,120620.317349
8198,3000,120655.159979
8744,3000,120685.534464
9196,3000,120717.532836
7690,3000,120750.766071
8908,3000,120777.175083
8692,3000,120805.24973
8424,3000,120833.516975
8926,3000,120860.408325
8336,3000,120889.405777
8654,3000,120918.089783
9242,3000,120948.823019
8822,3000,120976.777454
9296,3000,121007.098313
8794,3000,121035.79545
9122,3000,121067.633529
9116,3000,121531.681771
8664,3000,121564.855431
8832,3000,121594.148835
8706,3000,121626.903665
9314,3000,121655.554895
8670,3000,121681.233298
9610,3000,121715.083694
8980,3000,121742.155065
9182,3000,121772.218318
9102,3000,121801.87595
9202,3000,121835.762338
9012,3000,121868.658348
9056,3000,121899.635379
8536,3000,121932.186065
8654,3000,121962.764264
8898,3000,121991.682611
9030,3000,122020.804229
9100,3000,122053.826976
8470,3000,122091.229529
8768,3000,122120.507865
8328,3000,122150.516734
8938,3000,122181.462052
9030,3000,122209.958751
8658,3000,122240.893217
8528,3000,122279.616713
8730,3000,122308.004429
9470,3000,122339.740863
7342,3000,122375.29105
8674,3000,122407.803549
7842,3000,122445.954719
8622,3000,122478.032133
9196,3000,122510.780628
9300,3000,122542.930108
8264,3000,122574.998335
8624,3000,122604.427695
8852,3000,122634.479416
9056,3000,122665.8938
8618,3000,122696.098016
8560,3000,122727.701892
9596,3000,122756.501166
8900,3000,122783.525491
8956,3000,122817.318215
8792,3000,122847.862253
8286,3000,122878.005905
8732,3000,122910.183161
8602,3000,122937.551744
8996,3000,122966.563839
8516,3000,122999.774425
9028,3000,123029.866627
8460,3000,123060.25046
8028,3000,123090.408044
9048,3000,123115.747341
8810,3000,123146.610798
9214,3000,123177.936482
8922,3000,123211.413522
8780,3000,123243.876201
8580,3000,123272.831728
9080,3000,123298.713573
8920,3000,123327.979725
9184,3000,123355.303796
8778,3000,123386.476318
8986,3000,123415.303176
8668,3000,123447.621258
8860,3000,123482.696326
9114,3000,123516.323044
8692,3000,123548.81532
8976,3000,123578.144231
8662,3000,124081.203835
9320,3000,124109.376422
8890,3000,124139.218109
8680,3000,124171.960141
8572,3000,124202.863669
8534,3000,124233.776425
9278,3000,124265.535751
8612,3000,124296.384783
8666,3000,124330.404596
8912,3000,124361.793293
8784,3000,124392.766607
8342,3000,124419.065615
8804,3000,124446.360824
9316,3000,124478.125679
9566,3000,124505.0088
8194,3000,124537.678133
8968,3000,124567.958382
9300,3000,124599.834935
8716,3000,124631.258568
8428,3000,124662.533377
8736,3000,124695.516829
9066,3000,124725.927014
8984,3000,124757.431469
8528,3000,124787.040023
8186,3000,124820.740613
8978,3000,124854.466452
8784,3000,124884.857246
9028,3000,124912.860909
8754,3000,124945.44774
8956,3000,124977.187375
9048,3000,125008.304336
9174,3000,125039.295914
8890,3000,125067.572132
9110,3000,125097.248956
8188,3000,125130.537352
9720,3000,125162.461811
8976,3000,125193.97764
9070,3000,125218.104487
9044,3000,125251.274253
9150,3000,125283.653147
8306,3000,125315.346626
9746,3000,125348.292247
8234,3000,125379.030339
9262,3000,125408.216648
8778,3000,125441.277822
8890,3000,125470.160547
7462,3000,125507.632379
8604,3000,125533.56673
8114,3000,125567.251835
9304,3000,125596.793474
8948,3000,125626.0137
9260,3000,125657.719205
9012,3000,125685.335145
8654,3000,125714.057477
8872,3000,125747.23604
8944,3000,125777.667161
8012,3000,125816.03382
8986,3000,125845.634819
9174,3000,125876.739797
9014,3000,125907.647305
9086,3000,125939.579461
8656,3000,125969.396442
8686,3000,126002.012457
9016,3000,126028.294177
9070,3000,126058.340479
9206,3000,126087.882694
9182,3000,126118.95821
8648,3000,126690.213304
9166,3000,126715.824542
8176,3000,126747.300075
9874,3000,126778.286897
8980,3000,126805.349495
8600,3000,126838.444175
9126,3000,126869.643683
8858,3000,126900.906399
8838,3000,126931.014534
8344,3000,126965.904378
8492,3000,126999.000805
8530,3000,127029.847145
9100,3000,127061.368238
8990,3000,127088.323829
9018,3000,127119.878406
8698,3000,127151.624493
9036,3000,127183.323565
8298,3000,127215.492025
9028,3000,127247.930196
8326,3000,127280.111975
9280,3000,127312.012658
9164,3000,127344.670241
9040,3000,127375.694938
8546,3000,127404.815104
8580,3000,127434.470429
9028,3000,127460.288488
9052,3000,127492.90804
8792,3000,127521.478609
9054,3000,127551.351063
8930,3000,127582.084878
8640,3000,127614.887046
8744,3000,127644.973779
8598,3000,127676.501957
8720,3000,127705.489058
8658,3000,127739.043956
8952,3000,127770.205491
8916,3000,127800.35172
8232,3000,127829.673795
8494,3000,127863.630902
8988,3000,127896.33348
8928,3000,127919.805072
9072,3000,127946.017945
8786,3000,127974.044035
8506,3000,128006.771828
8804,3000,128039.237534
8480,3000,128066.264125
8692,3000,128096.364947
7990,3000,128128.852586
9944,3000,128157.151653
8916,3000,128186.712181
8714,3000,128217.238804
9060,3000,128249.693486
8602,3000,128284.669226
8470,3000,128317.438433
8090,3000,128345.217638
8686,3000,128374.112405
9136,3000,128405.718872
9230,3000,128435.692528
9074,3000,128468.24279
8832,3000,128501.088531
8982,3000,128528.959967
7154,3000,128562.015796
8986,3000,128587.604056
8706,3000,128616.30985
8890,3000,128645.460492
8490,3000,128672.921863
8964,3000,129239.192826
9196,3000,129266.870235
8772,3000,129297.938408
8978,3000,129325.550636
8746,3000,129352.684254
8782,3000,129386.889787
8862,3000,129417.673244
8946,3000,129449.789911
9030,3000,129476.817833
8956,3000,129509.86544
8416,3000,129543.896025
8500,3000,129574.02472
8960,3000,129604.060674
8074,3000,129637.916157
8998,3000,129665.140095
8780,3000,129695.567616
9018,3000,129723.486239
8854,3000,129754.628573
8716,3000,129787.787894
8616,3000,129819.736373
8382,3000,129852.09868
9390,3000,129883.612099
8420,3000,129913.901225
8960,3000,129944.064966
9436,3000,129977.618862
9202,3000,130008.722572
9306,3000,130034.841868
8702,3000,130068.447448
8754,3000,130103.467641
8930,3000,130137.825304
9252,3000,130169.539608
8926,3000,130202.451181
8738,3000,130226.292283
9018,3000,130253.453841
8894,3000,130282.728362
9176,3000,130312.362087
8860,3000,130348.305226
9114,3000,130376.588826
8774,3000,130405.151044
9134,3000,130435.841287
9118,3000,130462.897777
9218,3000,130490.114829
8082,3000,130524.775635
9188,3000,130554.000158
9024,3000,130586.222822
9236,3000,130609.699823
8988,3000,130635.819509
9108,3000,130664.642236
9166,3000,130692.48343
8988,3000,130720.054298
8954,3000,130748.892787
8800,3000,130778.245252
8502,3000,130813.353684
9312,3000,130842.837722
8998,3000,130868.527483
8948,3000,130900.38247
8390,3000,130925.909763
8558,3000,130957.33674
8710,3000,130986.063653
8348,3000,131019.605359
9130,3000,131051.214186
8780,3000,131083.960304
8808,3000,131113.88351
9506,3000,131144.887534
8768,3000,131171.02151
9012,3000,131199.995017
8702,3000,131230.102573
8494,3000,131778.938693
9108,3000,131806.540935
7714,3000,131839.736306
9248,3000,131867.519716
9280,3000,131894.203532
8958,3000,131926.01795
9010,3000,131955.33814
8666,3000,131981.252201
8596,3000,132010.838706
8966,3000,132042.778995
8838,3000,132074.208776
7458,3000,132106.954209
9756,3000,132138.464242
9278,3000,132172.511221
8162,3000,132206.539778
9008,3000,132234.67248
8618,3000,132268.767378
8346,3000,132296.90992
8652,3000,132330.230304
8898,3000,132360.401634
9564,3000,132395.213729
9050,3000,132429.351123
8742,3000,132462.123965
8754,3000,132489.894329
8946,3000,132519.362102
8258,3000,132548.554149
8926,3000,132578.555243
8876,3000,132611.04757
8866,3000,132639.930422
8586,3000,132671.834654
8366,3000,132701.273327
8716,3000,132728.470145
8834,3000,132761.525892
8802,3000,132790.660176
9048,3000,132820.010068
9202,3000,132851.602603
8644,3000,132884.819786
8928,3000,132913.287843
8806,3000,132942.40346
8094,3000,132974.141551
8972,3000,133007.970965
8248,3000,133045.626676
8736,3000,133076.917872
8462,3000,133103.199814
8814,3000,133133.601998
8662,3000,133161.161436
9160,3000,133190.595495
9120,3000,133217.935259
8120,3000,133250.162543
8718,3000,133280.761893
8794,3000,133315.455045
9350,3000,133345.711025
8616,3000,133375.28736
8804,3000,133407.90629
8854,3000,133436.130617
9196,3000,133467.842301
8890,3000,133497.95265
8626,3000,133531.191016
8888,3000,133562.699677
9042,3000,133590.786484
9258,3000,133620.427178
9044,3000,133651.897735
8146,3000,133689.11967
8398,3000,133726.064996
8156,3000,133759.240609
8950,3000,133786.039501
8430,3000,133816.1378
9154,3000,134425.311129
8808,3000,134456.733122
9100,3000,134489.214451
8876,3000,134523.624194
8884,3000,134554.869423
9370,3000,134584.558547
8884,3000,134616.936498
9030,3000,134645.506037
9000,3000,134672.830346
8440,3000,134705.443952
8752,3000,134737.97252
8610,3000,134762.736783
8900,3000,134794.057854
8674,3000,134828.87421
8692,3000,134864.477547
8684,3000,134898.584222
9060,3000,134931.920089
8946,3000,134965.142084
8868,3000,134995.016609
9048,3000,135023.585238
8890,3000,135050.955703
8226,3000,135086.840288
8880,3000,135119.846618
9164,3000,135150.068814
9304,3000,135183.126266
8730,3000,135215.517646
8914,3000,135250.02967
8804,3000,135280.336947
8892,3000,135308.754391
9288,3000,135338.026812
8656,3000,135370.101716
9222,3000,135401.966054
9078,3000,135428.244081
9250,3000,135457.703867
9006,3000,135485.258219
8848,3000,135517.152396
8104,3000,135554.488175
9232,3000,135585.964624
8794,3000,135618.202017
9048,3000,135647.134898
8738,3000,135681.164515
8380,3000,135713.497781
8878,3000,135748.377225
9048,3000,135779.47453
9110,3000,135810.777217
9000,3000,135836.994682
9350,3000,135863.835767
9236,3000,135896.873623
9116,3000,135926.048621
9148,3000,135955.083793
9290,3000,135982.595542
8768,3000,136008.058249
8542,3000,136036.866909
9368,3000,136067.651351
-2316,3000,136177.282102
8896,3000,136211.62035
8556,3000,136240.715208
9092,3000,136268.981902
9174,3000,136297.414787
8920,3000,136329.561564
9184,3000,136357.637357
9188,3000,136386.921285
8918,3000,136415.234977
9274,3000,136442.26418
8506,3000,136473.973581
8632,3000,136504.845939
9288,3000,136998.845773
9054,3000,137027.343082
8994,3000,137056.236861
8930,3000,137085.606488
9228,3000,137111.101721
8382,3000,137141.279045
8864,3000,137175.719625
8704,3000,137205.503274
9436,3000,137239.097203
8676,3000,137272.645711
9112,3000,137302.712155
8646,3000,137333.569668
9158,3000,137364.358949
9102,3000,137396.759945
8754,3000,137425.482388
9070,3000,137453.043892
8854,3000,137481.118457
9270,3000,137509.937935
9436,3000,137534.762264
8890,3000,137565.183579
8980,3000,137596.439937
9682,3000,137630.989911
8958,3000,137664.753005
8712,3000,137693.18363
9106,3000,137727.532632
9618,3000,137762.029184
9034,3000,137795.241132
9176,3000,137826.380641
9434,3000,137856.019763
8528,3000,137885.971422
8752,3000,137915.982054
8892,3000,137950.056845
8848,3000,137981.146604
8810,3000,138012.658995
8424,3000,138044.959132
8952,3000,138073.042669
8790,3000,138106.865624
8592,3000,138137.62226
8722,3000,138166.101327
9094,3000,138196.302392
8968,3000,138228.549182
8782,3000,138261.237824
8410,3000,138298.913381
9016,3000,138334.281781
8572,3000,138364.515631
8728,3000,138395.063403
8936,3000,138425.820678
8992,3000,138457.248797
8746,3000,138486.515173
8718,3000,138516.943325
8714,3000,138545.956755
9074,3000,138574.083537
8902,3000,138604.872804
9004,3000,138633.776942
8384,3000,138661.653968
9332,3000,138686.794453
8786,3000,138715.295942
9006,3000,138744.805373
8646,3000,138774.890966
8778,3000,138802.337843
8678,3000,138828.52674
9164,3000,138857.256018
8302,3000,138890.854492
8580,3000,138923.368068
9248,3000,138949.381468
9582,3000,138981.788118
8524,3000,139012.652247
8908,3000,139573.007015
8902,3000,139601.499862
8988,3000,139627.74149
9210,3000,139663.932848
8794,3000,139694.206398
9108,3000,139725.580404
8072,3000,139758.376284
8924,3000,139788.791987
9126,3000,139817.624269
8866,3000,139849.183369
8992,3000,139883.792987
8952,3000,139916.673872
9510,3000,139948.308043
8866,3000,139983.745072
7844,3000,140019.223635
8636,3000,140049.160871
9242,3000,140078.698288
9646,3000,140109.841458
9022,3000,140138.883708
8410,3000,140172.652386
8830,3000,140206.240795
8676,3000,140230.960153
8950,3000,140260.729429
8798,3000,140285.561552
9644,3000,140316.220902
9212,3000,140345.854512
8752,3000,140378.389722
9412,3000,140408.568033
8100,3000,140440.696872
8762,3000,140473.43809
8216,3000,140510.593188
9000,3000,140541.434223
8846,3000,140571.509583
8640,3000,140604.394479
8796,3000,140634.35693
8680,3000,140665.527906
8682,3000,140695.070129
9040,3000,140726.27483
8910,3000,140754.530882
8630,3000,140783.506999
8812,3000,140813.170221
8698,3000,140838.125616
9042,3000,140868.090374
8624,3000,140901.288502
8670,3000,140932.223744
9326,3000,140961.946823
9140,3000,140995.186895
8982,3000,141023.801444
8674,3000,141053.883903
8468,3000,141088.091065
8392,3000,141127.971024
8888,3000,141157.466567
8990,3000,141191.456704
8536,3000,141223.998672
9088,3000,141257.970158
8882,3000,141285.104326
8576,3000,141317.950271
8566,3000,141353.563864
8104,3000,141386.742988
8954,3000,141416.571399
8730,3000,141450.683508
8566,3000,141481.134572
8800,3000,141512.972237
8710,3000,141545.886298
9194,3000,141576.485683
8730,3000,141606.436979
8760,3000,141635.272012
9050,3000,142215.037553
8854,3000,142248.276893
8630,3000,142285.082556
8548,3000,142314.705274
8780,3000,142345.421321
8946,3000,142378.381606
9302,3000,142407.049499
9042,3000,142434.547009
8976,3000,142466.154439
8700,3000,142498.030584
9412,3000,142527.995598
9240,3000,142559.243598
9072,3000,142586.65523
8870,3000,142617.662813
9194,3000,142651.089838
9074,3000,142680.76683
9348,3000,142708.031129
9080,3000,142742.81755
8500,3000,142777.92049
9116,3000,142807.148236
9556,3000,142838.902843
8878,3000,142869.993333
8800,3000,142900.344183
8602,3000,142936.896558
8820,3000,142965.491015
9052,3000,142991.287585
8696,3000,143024.13566
8894,3000,143057.612462
8766,3000,143088.519982
8858,3000,143121.462607
9176,3000,143150.282339
8910,3000,143181.807335
9424,3000,143213.888664
9062,3000,143245.319045
9144,3000,143278.44358
8712,3000,143307.93322
8900,3000,143337.847419
9252,3000,143367.206976
8940,3000,143395.923621
8856,3000,143425.846894
9074,3000,143452.797893
8746,3000,143485.334917
8430,3000,143518.339258
9126,3000,143547.113963
8950,3000,143574.934772
9200,3000,143605.914701
8540,3000,143635.636161
8674,3000,143673.247426
9054,3000,143704.357955
8572,3000,143738.300018
9434,3000,143768.805617
9040,3000,143799.572611
8648,3000,143840.433535
8678,3000,143869.605901
9128,3000,143898.465654
8658,3000,143928.236426
9324,3000,143958.821634
8692,3000,143987.008959
8638,3000,144019.288459
8794,3000,144050.814881
8988,3000,144079.933963
9168,3000,144110.808959
9088,3000,144142.710899
8572,3000,144176.106743
8804,3000,144208.743443
9066,3000,144236.484547
8702,3000,144801.154754
8908,3000,144832.963347
8946,3000,144856.41837
8690,3000,144885.551486
8974,3000,144914.482004
8966,3000,144945.383395
8882,3000,144978.632622
8450,3000,145011.249388
9040,3000,145041.91556
8838,3000,145072.875621
8724,3000,145102.990419
9026,3000,145130.81409
8856,3000,145156.959304
8874,3000,145188.439976
8328,3000,145219.069102
8896,3000,145249.706909
8360,3000,145280.951204
8378,3000,145311.476131
9070,3000,145340.593826
8924,3000,145372.566112
9112,3000,145400.70964
8648,3000,145432.489063
9254,3000,145465.58931
8952,3000,145492.759192
8308,3000,145521.654696
8244,3000,145555.908408
9608,3000,145586.304765
9076,3000,145617.824748
8940,3000,145647.006486
8778,3000,145676.903148
8120,3000,145713.23254
9184,3000,145743.49442
9150,3000,145779.498995
8268,3000,145812.175512
8938,3000,145841.627541
9308,3000,145868.765043
9268,3000,145905.594529
9202,3000,145936.340054
9088,3000,145967.550571
8480,3000,145998.518084
8908,3000,146029.013463
8818,3000,146054.949682
8804,3000,146084.495205
9626,3000,146121.834779
9124,3000,146152.520524
9262,3000,146183.548892
8742,3000,146214.289798
9050,3000,146244.449765
9232,3000,146278.261323
9022,3000,146303.817894
8772,3000,146335.912
9044,3000,146370.642916
9284,3000,146405.822887
9240,3000,146435.646991
9502,3000,146466.587702
9024,3000,146499.822683
8584,3000,146532.696932
8688,3000,146563.141398
9458,3000,146596.892329
9726,3000,146629.601289
8806,3000,146661.588569
8566,3000,146693.086209
8776,3000,146725.843606
9104,3000,146751.82604
8212,3000,146787.951996
8558,3000,146823.233362
9016,3000,146855.646885
9122,3000,147383.054925
8502,3000,147416.257068
8378,3000,147453.350941
9120,3000,147482.055208
7896,3000,147516.054321
8640,3000,147549.970011
8852,3000,147581.229744
8438,3000,147613.949585
8706,3000,147646.532778
8986,3000,147674.581319
9032,3000,147707.485303
8558,3000,147735.136142
9012,3000,147767.160953
7796,3000,147802.532884
8770,3000,147837.07565
8618,3000,147867.065104
8908,3000,147895.444381
8116,3000,147936.96466
8324,3000,147967.358705
9270,3000,147996.776795
8672,3000,148027.202652
9260,3000,148057.503736
8616,3000,148091.848969
9060,3000,148119.933403
8506,3000,148154.442746
8950,3000,148187.587307
8882,3000,148218.914239
8544,3000,148251.504498
8776,3000,148284.180408
9362,3000,148311.106795
9164,3000,148337.803546
8856,3000,148371.180721
8674,3000,148401.778796
8902,3000,148431.937811
8644,3000,148463.28096
9044,3000,148491.463268
8892,3000,148519.812563
8896,3000,148551.403078
9048,3000,148583.737644
9126,3000,148611.873317
9698,3000,148644.948023
8978,3000,148676.128402
8710,3000,148704.527747
8898,3000,148734.26598
9232,3000,148765.670491
8688,3000,148799.054599
8692,3000,148829.703698
9190,3000,148859.036723
8868,3000,148886.001439
9030,3000,148916.334154
8990,3000,148947.912214
9596,3000,148978.816181
8854,3000,149007.493568
8780,3000,149037.023169
9286,3000,149066.173862
8344,3000,149094.239989
9026,3000,149125.538782
8590,3000,149156.033681
9284,3000,149182.229344
7912,3000,149222.018499
8880,3000,149251.459628
8492,3000,149281.917375
9144,3000,149309.645861
8770,3000,149335.305678
7632,3000,149375.356458
9002,3000,149401.393061
8708,3000,149435.661606
9066,3000,150039.984244
9128,3000,150069.607365
9218,3000,150101.577414
9758,3000,150137.439628
9004,3000,150167.28186
9194,3000,150197.742125
8896,3000,150228.605819
9166,3000,150261.574418
8776,3000,150290.558444
8662,3000,150327.812136
8606,3000,150355.431731
8582,3000,150390.232433
9078,3000,150420.371565
8868,3000,150447.682803
9082,3000,150476.738271
8614,3000,150507.598721
8552,3000,150545.083625
8768,3000,150576.778006
9132,3000,150607.84106
9032,3000,150639.174983
9158,3000,150671.124558
9130,3000,150703.736511
9302,3000,150736.60697
8718,3000,150767.746766
8896,3000,150802.138602
9442,3000,150833.020529
8734,3000,150865.021619
8998,3000,150897.649834
9040,3000,150928.068316
8244,3000,150956.571696
9140,3000,150983.392874
8526,3000,151014.472395
8776,3000,151045.684369
8436,3000,151077.587565
9120,3000,151108.743395
8924,3000,151142.40057
9218,3000,151171.234043
8978,3000,151198.765473
8696,3000,151226.370053
8786,3000,151250.778903
9398,3000,151283.042086
9404,3000,151314.39499
8698,3000,151343.739146
8838,3000,151377.066495
9512,3000,151406.317963
8722,3000,151437.171641
8890,3000,151468.75538
9052,3000,151502.965243
8548,3000,151532.90296
8564,3000,151564.311861
8868,3000,151596.134483
8946,3000,151629.52039
9054,3000,151659.953936
8696,3000,151688.160144
8260,3000,151718.8664
8868,3000,151751.77689
9268,3000,151785.05231
8602,3000,151814.473722
8758,3000,151843.96531
9000,3000,151872.66085
9240,3000,151901.565872
9030,3000,151935.397657
8794,3000,151969.8053
9080,3000,152004.744774
8128,3000,152041.546676
9022,3000,152074.623938
8520,3000,152650.476734
8508,3000,152679.759912
8800,3000,152710.397482
9110,3000,152737.346101
9098,3000,152768.631377
9114,3000,152801.00338
8282,3000,152829.716868
9232,3000,152857.556531
9478,3000,152888.723612
9020,3000,152920.215228
8978,3000,152955.28625
9256,3000,152987.872181
8982,3000,153020.718755
9074,3000,153053.291366
9284,3000,153081.952494
8206,3000,153118.958509
8424,3000,153158.186206
8946,3000,153189.368048
8798,3000,153219.826577
8882,3000,153251.782145
8824,3000,153281.675545
8820,3000,153315.101668
8952,3000,153349.364808
8768,3000,153382.90574
9002,3000,153411.399067
9158,3000,153443.732493
9188,3000,153473.67881
8920,3000,153504.024954
8794,3000,153534.317112
9004,3000,153565.509832
9156,3000,153591.563893
8876,3000,153625.013641
9244,3000,153658.026055
8796,3000,153690.292235
8742,3000,153726.106852
8826,3000,153761.273398
8828,3000,153794.884932
9082,3000,153824.717678
8838,3000,153856.510885
8498,3000,153895.181502
8702,3000,153922.27902
8738,3000,153950.34955
9210,3000,153981.037413
7918,3000,154016.892071
8684,3000,154052.710059
9132,3000,154081.400617
7894,3000,154118.725984
9050,3000,154147.334734
8846,3000,154183.365585
8260,3000,154217.608687
8424,3000,154244.610763
9112,3000,154276.260317
9462,3000,154310.354316
9062,3000,154337.678387
8912,3000,154372.895983
8354,3000,154408.572383
8850,3000,154439.721489
9136,3000,154473.333737
8042,3000,154511.543059
9174,3000,154545.047063
8414,3000,154577.33798
9210,3000,154609.225249
8336,3000,154641.344973
8658,3000,154674.663574
8696,3000,154704.668735
9012,3000,154732.590274
8094,3000,154763.625067
8342,3000,155290.730575
9368,3000,155318.898571
8876,3000,155347.410814
8526,3000,155381.144854
9054,3000,155416.643389
8876,3000,155448.765891
8700,3000,155479.897027
8790,3000,155511.896407
8816,3000,155542.873552
9250,3000,155577.265201
8642,3000,155608.47366
8810,3000,155640.590801
9102,3000,155673.083254
8970,3000,155704.274855
9104,3000,155735.830417
9058,3000,155768.024172
8888,3000,155799.928675
8794,3000,155833.767171
8866,3000,155865.935219
8894,3000,155893.50911
8886,3000,155925.579662
8538,3000,155955.27844
8676,3000,155988.148454
8652,3000,156020.137477
9004,3000,156047.80885
8432,3000,156080.253868
8432,3000,156110.624796
9480,3000,156143.201653
9120,3000,156175.830012
8560,3000,156208.630504
8296,3000,156244.498901
8880,3000,156276.800409
8948,3000,156306.111891
9034,3000,156336.105249
8964,3000,156368.643892
9110,3000,156399.039478
8448,3000,156434.492037
9260,3000,156466.163948
9218,3000,156497.720803
8928,3000,156531.495695
8648,3000,156564.571965
9292,3000,156593.724886
8386,3000,156628.260167
9050,3000,156657.590732
8934,3000,156690.061582
8358,3000,156728.722142
8958,3000,156757.459166
9012,3000,156788.383472
9214,3000,156823.475415
8992,3000,156852.524497
8534,3000,156887.974314
9286,3000,156921.374927
8998,3000,156953.521036
9038,3000,156984.011268
8836,3000,157018.624305
8416,3000,157056.395226
8286,3000,157095.36484
9378,3000,157128.064474
8450,3000,157162.36574
8936,3000,157193.74032
8848,3000,157227.701003
9434,3000,157259.768041
8882,3000,157294.889628
8784,3000,157329.984349
8772,3000,157360.24061
9046,3000,157394.608524
8330,3000,157433.761188
8880,3000,157958.298492
9286,3000,157989.181534
8450,3000,158025.886432
8856,3000,158058.68683
9006,3000,158089.289068
9086,3000,158119.496147
8986,3000,158148.470668
8934,3000,158180.112536
8828,3000,158211.584646
8468,3000,158245.307163
8952,3000,158274.979222
9146,3000,158304.311498
8944,3000,158334.041811
8412,3000,158364.619695
8848,3000,158395.568603
9028,3000,158427.427116
9252,3000,158458.58695
8938,3000,158491.269962
8794,3000,158520.863844
8994,3000,158550.020371
8740,3000,158576.607033
9148,3000,158604.135854
9236,3000,158635.120745
8770,3000,158666.911067
8636,3000,158697.918013
8560,3000,158726.368133
8464,3000,158759.900648
8760,3000,158789.421716
9454,3000,158822.336432
8772,3000,158853.385975
8838,3000,158887.748732
8766,3000,158917.711643
9090,3000,158952.272559
8708,3000,158982.502459
8540,3000,159014.40848
8764,3000,159043.023392
8694,3000,159075.721085
9208,3000,159105.455813
7710,3000,159140.497344
8812,3000,159172.886314
8640,3000,159202.401599
8936,3000,159235.626994
8332,3000,159266.737939
8950,3000,159298.894677
8542,3000,159329.674478
8538,3000,159362.87831
8514,3000,159395.392905
9026,3000,159426.097028
9180,3000,159456.039979
8800,3000,159487.380482
8828,3000,159519.721601
8596,3000,159552.234889
8312,3000,159585.852812
8752,3000,159618.617772
9690,3000,159654.377031
8260,3000,159689.835306
8404,3000,159722.526285
8922,3000,159754.977129
8664,3000,159784.07476
9090,3000,159816.153909
8798,3000,159850.523398
9086,3000,159881.440425
9136,3000,159913.049162
9214,3000,159946.796386
8656,3000,159985.183363
9174,3000,160018.122618
8718,3000,160583.974386
9124,3000,160615.195797
9188,3000,160647.440815
9014,3000,160680.549038
8706,3000,160716.303576
8774,3000,160748.728477
9192,3000,160783.321422
9248,3000,160817.807326
8730,3000,160849.07767
8978,3000,160881.263916
8660,3000,160910.599928
8698,3000,160937.680892
8638,3000,160967.516252
8798,3000,160998.73105
8694,3000,161032.519586
9282,3000,161062.333459
9200,3000,161092.087394
9036,3000,161120.7693
8974,3000,161152.487867
9006,3000,161182.578528
9180,3000,161212.681877
9128,3000,161245.859969
8832,3000,161282.163581
9136,3000,161314.432594
8532,3000,161349.519682
8910,3000,161378.009101
9086,3000,161413.17864
9224,3000,161446.043544
8698,3000,161480.574328
8564,3000,161516.33579
9378,3000,161548.417526
8520,3000,161586.268203
8782,3000,161622.273751
8772,3000,161658.984727
8880,3000,161687.315355
9498,3000,161721.231041
8696,3000,161754.681385
8594,3000,161791.697529
9002,3000,161821.615831
9156,3000,161854.640027
8928,3000,161886.561253
8582,3000,161920.249322
9526,3000,161955.881252
8910,3000,161989.730448
8656,3000,162023.190274
9302,3000,162052.91027
8978,3000,162080.629933
8522,3000,162107.540625
9146,3000,162139.325526
8876,3000,162171.135187
8630,3000,162201.54829
8748,3000,162235.54188
8906,3000,162275.398653
9120,3000,162306.699184
8482,3000,162338.555347
8924,3000,162370.056839
9124,3000,162401.823689
8974,3000,162432.709039
9296,3000,162466.831819
8648,3000,162499.066775
8772,3000,162527.593089
8648,3000,162564.149825
8068,3000,162594.481094
9094,3000,162626.956371
8206,3000,162660.445042
8960,3000,162692.461733
9122,3000,162725.591516
8858,3000,163257.332371
9094,3000,163290.238005
8878,3000,163322.59566
8850,3000,163355.61345
8850,3000,163386.470129
9032,3000,163422.696822
8926,3000,163452.495595
8606,3000,163485.579762
8960,3000,163514.993697
9130,3000,163547.703397
8320,3000,163579.186648
9414,3000,163611.697049
8702,3000,163642.871814
8944,3000,163675.623555
8862,3000,163705.035629
8692,3000,163739.202814
8368,3000,163773.748679
9186,3000,163803.09676
9202,3000,163833.512058
9060,3000,163864.840654
9210,3000,163895.935983
8778,3000,163926.640604
8812,3000,163962.31814
8510,3000,163998.455866
8804,3000,164030.207908
8778,3000,164067.014722
9352,3000,164098.03711
9150,3000,164129.735202
9016,3000,164159.258355
8772,3000,164188.895508
8672,3000,164223.329375
8550,3000,164254.23039
8932,3000,164282.724106
8864,3000,164315.358854
9006,3000,164347.770955
8772,3000,164378.987271
9108,3000,164408.100215
8878,3000,164438.804559
8772,3000,164469.379064
8934,3000,164499.479018
8628,3000,164530.385635
9084,3000,164559.826978
9050,3000,164591.333702
9584,3000,164622.205791
8882,3000,164650.525867
8176,3000,164685.933291
8794,3000,164720.648064
9300,3000,164754.853897
9310,3000,164786.825712
8828,3000,164818.964211
8130,3000,164852.294872
8886,3000,164883.472026
8564,3000,164916.351705
8792,3000,164946.02362
8410,3000,164983.781004
9300,3000,165015.715703
9214,3000,165046.988294
8852,3000,165076.784753
8888,3000,165106.136215
9316,3000,165135.237101
8874,3000,165166.885482
9082,3000,165201.345436
9222,3000,165234.836161
8848,3000,165264.565372
9044,3000,165299.447165
8826,3000,165334.057578
9048,3000,165362.115796
8938,3000,165852.794272
8862,3000,165880.712553
8618,3000,165915.101289
9008,3000,165945.9556
9248,3000,165977.449142
9390,3000,166012.031255
8830,3000,166047.739477
8772,3000,166081.709791
8688,3000,166115.742669
9118,3000,166145.007369
9172,3000,166177.900362
8132,3000,166211.724201
8432,3000,166242.940769
8884,3000,166276.541759
8744,3000,166310.864345
8606,3000,166346.955265
8654,3000,166382.416013
8954,3000,166412.909677
9044,3000,166446.052132
9318,3000,166476.289094
8552,3000,166508.653855
8920,3000,166537.124867
8988,3000,166570.133398
8984,3000,166603.402969
8806,3000,166635.736459
8502,3000,166670.963319
9314,3000,166705.122891
8978,3000,166737.592619
8680,3000,166774.05138
8972,3000,166803.956541
8972,3000,166831.552787
8594,3000,166867.627249
8922,3000,166896.524041
9350,3000,166925.610002
9678,3000,166952.627656
8406,3000,166984.26014
8908,3000,167018.038454
8674,3000,167050.951714
8878,3000,167082.089669
8756,3000,167112.958713
8474,3000,167144.292911
9280,3000,167174.566682
8900,3000,167204.805368
8664,3000,167236.132418
8742,3000,167266.940262
8982,3000,167297.606496
9264,3000,167330.245407
8954,3000,167362.145251
8772,3000,167393.319991
8278,3000,167424.934338
8868,3000,167455.292787
9132,3000,167489.038242
8688,3000,167521.649863
8908,3000,167553.75469
8944,3000,167584.714466
8926,3000,167613.161521
8842,3000,167642.279345
8618,3000,167671.660187
8896,3000,167702.398823
8478,3000,167727.917488
9010,3000,167758.47184
8550,3000,167791.153064
9196,3000,167824.48972
8518,3000,167852.858165
8836,3000,167881.098607
9132,3000,167914.660958
8786,3000,168478.500959
9046,3000,168509.959344
8812,3000,168541.331469
8974,3000,168573.363275
8990,3000,168606.758982
8880,3000,168635.326278
9346,3000,168666.240367
9092,3000,168694.963122
8822,3000,168725.5595
9318,3000,168760.329374
9072,3000,168791.450776
9124,3000,168820.052228
8918,3000,168851.293241
8720,3000,168882.664765
8250,3000,168916.229187
9002,3000,168946.948166
9102,3000,168978.535465
8842,3000,169008.926924
8972,3000,169043.496386
9308,3000,169075.293595
8732,3000,169108.773468
8602,3000,169143.305908
8898,3000,169175.160406
8842,3000,169205.278019
9200,3000,169237.974064
8482,3000,169271.057764
9010,3000,169300.335171
8756,3000,169334.877248
9576,3000,169365.963941
8754,3000,169397.308451
8748,3000,169430.78171
8654,3000,169462.422188
8622,3000,169497.508558
8370,3000,169528.544894
8460,3000,169568.94111
8516,3000,169601.12495
8846,3000,169633.53825
8698,3000,169665.278079
8688,3000,169697.600914
9452,3000,169729.74097
9534,3000,169760.815269
8756,3000,169792.223346
8914,3000,169824.041921
8898,3000,169859.191801
8108,3000,169892.23302
9372,3000,169925.681451
8978,3000,169957.298999
9078,3000,169990.545823
8644,3000,170020.215585
8752,3000,170050.461187
9174,3000,170081.316771
8936,3000,170113.667602
8770,3000,170144.547471
9226,3000,170171.000351
9258,3000,170196.911918
9576,3000,170231.103822
9108,3000,170262.053034
8538,3000,170296.663943
8956,3000,170326.317566
8316,3000,170364.145471
8908,3000,170395.76052
8886,3000,170427.439441
8878,3000,170459.914631
8820,3000,170488.685369
9056,3000,170518.633084
8874,3000,170551.872059
8652,3000,170591.838951
8152,3000,171105.891115
9070,3000,171140.810014
8772,3000,171172.17919
8820,3000,171201.835082
8862,3000,171229.904386
8370,3000,171261.85968
9134,3000,171287.609074
9162,3000,171319.826852
8910,3000,171350.601075
9252,3000,171382.963349
9134,3000,171416.481924
9124,3000,171448.760889
8604,3000,171483.220051
8854,3000,171512.159652
9366,3000,171541.744452
8656,3000,171567.991993
8726,3000,171601.455357
8708,3000,171634.126269
9374,3000,171664.789426
9142,3000,171696.913536
8748,3000,171725.664834
8982,3000,171759.046491
8610,3000,171789.341155
9136,3000,171818.197858
8912,3000,171846.615901
8666,3000,171879.943559
9008,3000,171909.544306
8660,3000,171938.837091
9212,3000,171966.875173
9050,3000,171999.659688
8982,3000,172032.364118
7774,3000,172077.018526
9122,3000,172105.877306
9108,3000,172138.186565
8708,3000,172170.45682
8994,3000,172203.476831
9062,3000,172235.617194
9062,3000,172266.404579
8948,3000,172298.197277
8814,3000,172330.630663
8456,3000,172361.899615
8598,3000,172394.589396
8472,3000,172427.482954
9200,3000,172456.031625
8578,3000,172490.320369
8780,3000,172524.38303
8900,3000,172555.5256
8652,3000,172589.349875
8030,3000,172619.231959
8738,3000,172649.923096
8742,3000,172685.150362
9130,3000,172714.911839
9320,3000,172742.89659
8754,3000,172775.728286
8960,3000,172808.322309
8962,3000,172840.740238
9288,3000,172870.978185
9054,3000,172902.645767
8540,3000,172928.043742
8766,3000,172960.868131
8602,3000,172990.189134
8744,3000,173025.283209
8742,3000,173056.168441
9236,3000,173088.758921
8946,3000,173119.232462
8988,3000,173146.949368
8688,3000,173179.519976
9150,3000,173656.559342
8974,3000,173694.934256
8372,3000,173729.87204
9226,3000,173766.541297
8636,3000,173798.601071
9204,3000,173832.118818
9286,3000,173866.628246
8860,3000,173896.36412
8858,3000,173926.968923
8916,3000,173959.286958
8332,3000,173993.109613
9064,3000,174025.329391
9190,3000,174055.693475
9020,3000,174084.505764
9192,3000,174114.534449
9046,3000,174144.129354
8268,3000,174178.582511
9330,3000,174210.925784
9136,3000,174244.385336
8716,3000,174281.509843
9132,3000,174314.337749
9134,3000,174346.386503
9150,3000,174375.912101
9076,3000,174410.384304
9066,3000,174444.667881
8552,3000,174477.208813
8372,3000,174513.971713
8974,3000,174544.850922
9018,3000,174577.599373
9090,3000,174608.398424
8788,3000,174634.529146
9328,3000,174662.701731
8888,3000,174691.640067
8912,3000,174719.092289
8718,3000,174751.646631
9312,3000,174783.79742
8668,3000,174817.343804
9072,3000,174847.109694
9248,3000,174880.659735
8730,3000,174913.89497
9046,3000,174945.109973
8908,3000,174973.358959
9190,3000,175005.4748
8934,3000,175030.636742
9252,3000,175062.536512
8102,3000,175092.168893
8384,3000,175125.026865
8982,3000,175157.843139
9118,3000,175188.352316
9362,3000,175218.992553
9090,3000,175250.910745
9374,3000,175278.197996
9156,3000,175302.875799
8702,3000,175331.811927
9060,3000,175363.904845
9064,3000,175393.319186
9246,3000,175422.123678
8786,3000,175450.975875
8634,3000,175481.300383
9258,3000,175512.955045
8920,3000,175543.492339
7976,3000,175578.411763
9256,3000,175611.036552
8676,3000,175644.893331
9156,3000,175674.165422
8010,3000,175712.540224
9060,3000,176137.448678
9230,3000,176172.808915
9346,3000,176204.017002
9026,3000,176235.681141
8688,3000,176270.706111
9272,3000,176302.061232
9312,3000,176332.511368
8304,3000,176366.833816
8516,3000,176403.780288
8888,3000,176436.171384
8932,3000,176468.499054
8852,3000,176501.799761
9448,3000,176531.586093
8990,3000,176565.680495
9034,3000,176598.276165
9238,3000,176627.585874
8842,3000,176660.794473
8410,3000,176704.39773
7876,3000,176737.284153
8922,3000,176768.340784
9290,3000,176796.603589
8394,3000,176829.942131
8870,3000,176860.594761
9188,3000,176889.442076
8442,3000,176919.380226
9074,3000,176948.80199
9056,3000,176978.067772
9110,3000,177008.72279
9024,3000,177042.260571
9474,3000,177079.554364
8602,3000,177113.197035
8826,3000,177145.193111
9254,3000,177176.4861
8732,3000,177208.338668
8340,3000,177247.345443
8872,3000,177283.451764
8642,3000,177314.571935
9014,3000,177347.707348
8854,3000,177375.948574
9588,3000,177405.341199
9296,3000,177429.843099
9166,3000,177455.069003
9554,3000,177486.528955
9024,3000,177519.377892
8966,3000,177551.683708
9008,3000,177581.967129
9124,3000,177609.524589
8932,3000,177641.498768
8954,3000,177673.271374
9060,3000,177702.951677
9246,3000,177730.559212
8726,3000,177760.718331
8934,3000,177793.41469
9356,3000,177823.549483
8868,3000,177856.232221
9496,3000,177886.058006
8746,3000,177914.336174
9000,3000,177943.770395
8894,3000,177973.065487
9000,3000,178001.639922
8908,3000,178033.152559
9116,3000,178059.918032
8684,3000,178091.846416
9122,3000,178126.05873
9074,3000,178156.610549
8560,3000,178188.646015
9052,3000,178218.187268
8880,3000,178501.642009
8410,3000,178539.633888
8750,3000,178567.538035
8952,3000,178597.119088
9432,3000,178628.808918
8532,3000,178661.100553
8308,3000,178693.661101
8834,3000,178723.300921
8758,3000,178755.810472
9124,3000,178784.608313
9012,3000,178814.375059
9046,3000,178843.459004
8770,3000,178874.718123
9294,3000,178901.801583
8988,3000,178931.532934
8806,3000,178957.655103
8538,3000,178987.901987
8682,3000,179020.737341
8768,3000,179049.128786
9164,3000,179075.369032
9452,3000,179105.274805
8852,3000,179141.670309
8402,3000,179172.26902
8454,3000,179205.074899
8644,3000,179232.912511
9016,3000,179264.114526
8418,3000,179297.431384
8764,3000,179331.911159
8526,3000,179365.168917
9104,3000,179396.62935
9060,3000,179428.245992
8978,3000,179461.275039
8632,3000,179491.45033
9182,3000,179522.893734
8962,3000,179556.353281
9200,3000,179587.072027
8970,3000,179614.432786
8140,3000,179645.098807
8916,3000,179674.037301
9126,3000,179705.869408
9200,3000,179734.382482
8528,3000,179764.010721
9490,3000,179797.129366
8886,3000,179828.097259
9008,3000,179862.942155
7932,3000,179895.370663
9508,3000,179927.011389
9030,3000,179959.542409
9066,3000,179990.794617
8708,3000,180023.528909
9212,3000,180052.768943
9180,3000,180080.089204
9298,3000,180112.021014
8960,3000,180140.379303
9138,3000,180171.723993
8978,3000,180205.525183
9486,3000,180236.189044
9116,3000,180265.562854
9164,3000,180294.582245
8886,3000,180327.5361
9248,3000,180356.501044
9150,3000,180388.625965
8742,3000,180420.85205
8848,3000,180451.62908
8948,3000,180483.97879
8892,3000,180514.715797
8922,3000,180546.635546
8678,3000,180790.277197
9042,3000,180819.358151
9458,3000,180852.75105
8500,3000,180889.494461
8788,3000,180920.616723
8916,3000,180952.384505
9356,3000,180983.34147
8858,3000,181013.632126
9156,3000,181044.320492
8730,3000,181073.712226
8510,3000,181110.816703
8102,3000,181148.764447
8408,3000,181180.895394
9094,3000,181216.193974
9114,3000,181247.3455
9236,3000,181281.306538
8958,3000,181315.340415
8822,3000,181344.994812
8842,3000,181380.632013
9234,3000,181411.199829
8482,3000,181442.198735
7940,3000,181474.140087
8598,3000,181507.376844
9092,3000,181535.781189
8822,3000,181565.62127
8898,3000,181594.819716
8944,3000,181627.627813
8538,3000,181661.961084
9014,3000,181693.391725
8976,3000,181720.359813
9024,3000,181749.556149
8644,3000,181781.258884
9006,3000,181812.11819
9160,3000,181844.410761
8606,3000,181875.885563
9194,3000,181906.963264
8698,3000,181936.476205
9064,3000,181962.888855
8982,3000,181992.832843
9008,3000,182025.892799
8562,3000,182057.938762
9050,3000,182091.571071
9144,3000,182125.300319
7556,3000,182167.507413
8726,3000,182198.661097
9040,3000,182227.439373
8356,3000,182258.864776
8288,3000,182291.524844
9180,3000,182325.169128
9096,3000,182352.600149
9192,3000,182384.306931
8486,3000,182418.961686
8910,3000,182451.385281
8714,3000,182486.069111
8846,3000,182518.183228
9206,3000,182549.97074
8846,3000,182584.177572
9010,3000,182617.3698
8816,3000,182648.296437
9506,3000,182676.707249
8774,3000,182710.566293
8882,3000,182742.04143
9156,3000,182772.801481
9112,3000,182800.185712
8960,3000,182833.091553
8860,3000,182863.020113
9146,3000,183088.714671
9040,3000,183122.215991
9140,3000,183151.309256
9158,3000,183180.821709
8878,3000,183211.369392
9088,3000,183243.736597
8668,3000,183283.550008
9168,3000,183315.208156
8932,3000,183347.290554
9168,3000,183375.857007
8916,3000,183404.068896
9364,3000,183434.053026
8576,3000,183461.897457
9196,3000,183488.218116
8814,3000,183522.916144
8462,3000,183556.845464
9416,3000,183589.978041
9194,3000,183616.870117
8890,3000,183643.363317
9104,3000,183670.752759
8704,3000,183701.456851
8856,3000,183731.61615
8652,3000,183765.243405
8752,3000,183794.457561
7574,3000,183827.505998
9164,3000,183857.183764
8766,3000,183890.010768
9322,3000,183926.477611
8338,3000,183965.471289
8490,3000,183994.503484
8922,3000,184026.620141
9282,3000,184055.315805
9242,3000,184085.147796
9102,3000,184115.922538
9100,3000,184145.339573
9112,3000,184175.733605
8326,3000,184207.987806
8628,3000,184231.673069
9024,3000,184262.982336
8588,3000,184295.433489
8714,3000,184328.299824
9146,3000,184360.73603
8820,3000,184389.225012
8760,3000,184420.746349
8928,3000,184451.161829
9258,3000,184480.92794
9168,3000,184510.633606
8864,3000,184539.029823
8888,3000,184575.772557
8426,3000,184606.304209
8786,3000,184639.883013
8444,3000,184671.831506
8728,3000,184704.158957
9052,3000,184733.735471
9206,3000,184762.500174
9048,3000,184795.970531
8818,3000,184826.685797
8956,3000,184859.075349
9030,3000,184890.23674
8986,3000,184922.6671
8546,3000,184954.525775
8844,3000,184987.581093
8828,3000,185018.880075
8636,3000,185050.389362
9060,3000,185081.399377
8690,3000,185112.633748
8614,3000,185141.206544
8994,3000,185368.439743
9060,3000,185401.01977
9060,3000,185434.495205
9138,3000,185467.876703
9202,3000,185498.528823
9176,3000,185527.307838
8930,3000,185561.37842
8698,3000,185597.247773
9492,3000,185633.358188
8654,3000,185666.973954
8960,3000,185697.147871
8722,3000,185732.058775
9012,3000,185766.253011
8978,3000,185799.090413
8970,3000,185831.25398
9212,3000,185864.047025
8416,3000,185897.189627
8898,3000,185927.002745
9136,3000,185953.812656
8978,3000,185980.859354
8332,3000,186010.893276
8148,3000,186044.534769
9266,3000,186074.690197
8504,3000,186107.860523
9010,3000,186140.655231
8828,3000,186171.854553
9260,3000,186200.483598
9290,3000,186235.502557
9158,3000,186265.254553
9368,3000,186296.962488
9112,3000,186329.00831
8838,3000,186362.86694
8830,3000,186394.435986
9344,3000,186427.513635
8904,3000,186458.161441
8382,3000,186491.744901
8474,3000,186531.79704
8788,3000,186564.159428
8438,3000,186599.008179
9038,3000,186632.560348
9238,3000,186662.329254
9184,3000,186691.722801
8778,3000,186721.474256
9020,3000,186755.029114
8654,3000,186788.00191
9012,3000,186821.085208
9314,3000,186854.973725
9078,3000,186888.009326
9100,3000,186919.121426
8696,3000,186943.607675
9210,3000,186976.160351
9180,3000,187009.169122
9074,3000,187039.582307
8808,3000,187068.414735
8734,3000,187101.027865
8950,3000,187133.593732
9032,3000,187163.908519
8970,3000,187194.991758
8968,3000,187226.447295
9576,3000,187259.699842
8862,3000,187291.835891
8568,3000,187326.077559
8934,3000,187359.95989
8844,3000,187394.926357
9020,3000,187427.211542
8678,3000,187461.245181
8854,3000,187493.335357
9124,3000,187721.954503
9324,3000,187750.960313
8906,3000,187784.795977
9754,3000,187817.420414
8668,3000,187845.902578
9082,3000,187875.762034
8800,3000,187904.234689
8664,3000,187939.321606
9044,3000,187972.573043
9432,3000,188002.519596
9478,3000,188030.570627
8832,3000,188063.580752
9330,3000,188091.603896
8964,3000,188126.220448
8750,3000,188154.164262
9098,3000,188180.108805
8900,3000,188214.59718
9106,3000,188244.47121
9204,3000,188277.189334
8950,3000,188303.576809
9026,3000,188334.699387
8744,3000,188368.636246
8720,3000,188400.542217
8970,3000,188426.837861
8880,3000,188455.024888
9168,3000,188482.117638
9030,3000,188511.021005
7806,3000,188555.898036
9290,3000,188588.547534
8924,3000,188619.929034
9098,3000,188651.808799
8764,3000,188682.304197
9112,3000,188712.167052
8978,3000,188741.735161
9204,3000,188773.20047
8696,3000,188804.189018
9030,3000,188835.339189
8840,3000,188866.931709
8774,3000,188895.963405
8636,3000,188926.695774
9246,3000,188955.629324
8784,3000,188986.559958
9012,3000,189019.062169
9070,3000,189050.882166
8730,3000,189082.20565
9092,3000,189114.558669
8900,3000,189144.4008
9660,3000,189175.76022
9078,3000,189206.848953
9014,3000,189236.768163
8670,3000,189267.727593
9010,3000,189298.964216
8986,3000,189325.268625
8416,3000,189355.068084
8610,3000,189395.30769
8876,3000,189424.178168
8672,3000,189453.21433
8906,3000,189487.139105
9246,3000,189518.160915
8956,3000,189551.676502
8720,3000,189585.037596
8954,3000,189614.714125
9292,3000,189645.333634
9052,3000,189676.766173
8978,3000,189708.179757
8658,3000,189739.993646
8854,3000,189959.143175
9136,3000,189985.792327
9144,3000,190011.975737
9102,3000,190042.625518
9220,3000,190074.533576
8236,3000,190108.0288
8684,3000,190142.871825
8926,3000,190170.865713
8782,3000,190201.8685
9194,3000,190233.905136
9238,3000,190264.335284
9034,3000,190294.931932
9034,3000,190324.211888
8770,3000,190355.245713
8758,3000,190393.903679
9222,3000,190427.877848
9494,3000,190459.994164
9186,3000,190490.708154
9334,3000,190521.492759
9242,3000,190548.822523
8654,3000,190583.599413
8946,3000,190619.661745
8810,3000,190651.231355
8748,3000,190683.595806
8802,3000,190716.368325
8954,3000,190742.496066
8858,3000,190774.442192
9136,3000,190800.22202
9418,3000,190830.518047
8940,3000,190860.049188
8702,3000,190895.116462
8722,3000,190929.265051
8722,3000,190962.452912
9224,3000,190986.913667
8702,3000,191016.09089
9400,3000,191045.950962
8934,3000,191075.160408
9236,3000,191101.958508
8676,3000,191132.004879
8708,3000,191165.332832
9116,3000,191197.221526
8974,3000,191227.339903
8906,3000,191259.587238
9242,3000,191290.340181
8852,3000,191325.081619
9150,3000,191354.443435
9244,3000,191382.928029
8376,3000,191413.296092
9298,3000,191442.873162
8986,3000,191472.601184
8916,3000,191504.224168
8536,3000,191538.407357
8792,3000,191569.383295
8680,3000,191602.37005
8842,3000,191638.27499
8310,3000,191667.408448
8758,3000,191702.573497
9054,3000,191728.790506
9388,3000,191760.919055
9018,3000,191795.455701
8770,3000,191828.216058
8824,3000,191858.279956
9142,3000,191889.993183
8884,3000,191919.888091
8860,3000,191949.250933
8596,3000,191979.025246
8408,3000,192012.250554
9672,3000,192267.952315
9210,3000,192302.423251
8674,3000,192333.512169
8912,3000,192365.258109
9324,3000,192397.959242
9338,3000,192426.00675
8944,3000,192457.018095
8980,3000,192489.324717
8862,3000,192525.006492
7766,3000,192564.528104
9458,3000,192595.54189
6748,3000,192663.230447
8844,3000,192694.415921
9188,3000,192724.482142
8896,3000,192756.804383
9086,3000,192789.986314
9102,3000,192818.114877
9178,3000,192843.939762
9692,3000,192874.955821
9076,3000,192904.186579
9070,3000,192935.017595
9272,3000,192964.890005
9498,3000,192994.636853
9162,3000,193026.100574
8884,3000,193056.591727
8882,3000,193085.979658
8664,3000,193118.291619
8696,3000,193145.847028
9108,3000,193177.034321
8974,3000,193210.855529
8364,3000,193241.129109
8960,3000,193272.989224
9178,3000,193299.983203
9206,3000,193326.366362
9190,3000,193356.625433
8910,3000,193390.188173
8860,3000,193419.648381
9106,3000,193450.118613
8880,3000,193480.277966
9052,3000,193509.073669
8646,3000,193540.285403
8974,3000,193571.171051
9658,3000,193600.632576
9414,3000,193629.132679
9082,3000,193663.961124
8890,3000,193694.32135
8476,3000,193725.191283
8922,3000,193752.345802
8782,3000,193784.710303
8854,3000,193812.363379
8888,3000,193840.118721
9260,3000,193875.232597
9078,3000,193902.36018
9148,3000,193935.846452
9404,3000,193962.434278
8742,3000,193992.447333
9092,3000,194021.944447
8678,3000,194048.178378
9054,3000,194074.754936
8816,3000,194102.892481
9230,3000,194132.073467
8838,3000,194161.065666
9246,3000,194185.316695
9462,3000,194206.606058
9552,3000,194234.238371
9286,3000,194267.146673
9152,3000,194299.602466
8934,3000,194586.878841
8810,3000,194616.21988
9032,3000,194649.738404
9700,3000,194682.069421
8416,3000,194710.047811
9042,3000,194741.005187
8960,3000,194774.991127
8796,3000,194806.478526
9032,3000,194838.267839
8662,3000,194868.179041
8526,3000,194901.044739
9106,3000,194931.413729
8244,3000,194962.21469
9018,3000,194993.112005
9124,3000,195025.017221
9006,3000,195058.087237
9058,3000,195090.095936
9070,3000,195118.714468
8766,3000,195151.929417
8826,3000,195180.700553
8996,3000,195211.894066
8960,3000,195241.935096
9340,3000,195271.328508
8846,3000,195305.854287
9036,3000,195332.624204
9158,3000,195363.304073
9120,3000,195395.352557
8942,3000,195427.733565
9402,3000,195460.396412
9382,3000,195489.219049
9730,3000,195520.768119
8690,3000,195555.305042
8614,3000,195586.038665
9510,3000,195616.40404
8846,3000,195646.130923
9096,3000,195675.584742
8270,3000,195714.59201
8908,3000,195744.211423
9148,3000,195774.134335
9018,3000,195806.658055
8742,3000,195835.234987
9216,3000,195863.977443
8864,3000,195896.507105
9098,3000,195926.813524
9228,3000,195952.824546
9188,3000,195983.48878
8462,3000,196016.811491
9520,3000,196048.624259
8950,3000,196079.353508
9324,3000,196105.998534
8234,3000,196142.920642
9256,3000,196170.612302
9198,3000,196200.485007
8846,3000,196233.542489
9342,3000,196262.506796
9236,3000,196293.656983
9238,3000,196324.061041
8996,3000,196353.491129
9066,3000,196384.10273
8678,3000,196412.048583
8610,3000,196442.551911
8030,3000,196480.957533
9378,3000,196515.822555
8788,3000,196544.13568
8802,3000,196574.33295
8842,3000,196608.50141
8696,3000,196864.212909
9318,3000,196899.791953
8914,3000,196928.145613
9060,3000,196959.559548
9192,3000,196986.973573
9080,3000,197017.30005
8926,3000,197045.234164
7936,3000,197079.840542
9182,3000,197111.925946
8528,3000,197146.78721
8658,3000,197179.297036
8960,3000,197210.252785
8458,3000,197243.277134
8974,3000,197270.432604
9476,3000,197298.010116
8970,3000,197330.973558
8816,3000,197361.675729
8860,3000,197392.225582
9420,3000,197419.564246
9150,3000,197449.090024
9038,3000,197479.436518
8922,3000,197512.699135
9080,3000,197539.825455
8504,3000,197572.316012
8698,3000,197604.825212
8796,3000,197635.007817
8898,3000,197666.351843
9040,3000,197698.523185
9248,3000,197726.697705
8704,3000,197760.343259
9178,3000,197793.599484
8972,3000,197824.888626
9024,3000,197854.552888
8828,3000,197886.709142
8544,3000,197920.273616
7936,3000,197952.598159
8956,3000,197981.819184
9508,3000,198005.644753
8946,3000,198038.944851
8934,3000,198068.747596
8928,3000,198100.637962
9366,3000,198132.063542
8856,3000,198156.735321
9114,3000,198184.182336
9234,3000,198213.881272
9198,3000,198246.416189
9256,3000,198275.997396
9076,3000,198304.055359
8384,3000,198339.025476
8758,3000,198369.902619
9088,3000,198402.887633
8940,3000,198432.288696
9012,3000,198463.259225
8648,3000,198494.883585
8990,3000,198527.409929
8924,3000,198557.89146
8708,3000,198590.246448
9148,3000,198623.45439
8954,3000,198655.806189
9182,3000,198688.157391
8912,3000,198718.470785
8906,3000,198750.577143
9168,3000,198782.862412
8702,3000,198814.154327
9100,3000,198848.256619
9042,3000,198882.46153
8962,3000,198910.295316
8706,3000,199179.975378
8638,3000,199213.354105
7840,3000,199247.105602
8992,3000,199277.295812
9084,3000,199309.70009
9074,3000,199339.672466
9126,3000,199374.532352
9324,3000,199406.725615
9276,3000,199449.980636
7448,3000,199514.814504
9278,3000,199543.70591
8924,3000,199574.496684
8746,3000,199605.111079
9134,3000,199634.335314
8840,3000,199664.520486
9564,3000,199696.948305
9268,3000,199728.569895
9018,3000,199759.830253
9300,3000,199787.745442
8482,3000,199819.997376
9266,3000,199847.807664
9544,3000,199879.023035
8968,3000,199907.037846
8960,3000,199936.69748
8676,3000,199964.393911
9188,3000,199995.624808
9176,3000,200025.846888
8920,3000,200057.709704
8968,3000,200090.497856
8826,3000,200117.543028
9404,3000,200145.938892
9196,3000,200175.51785
8596,3000,200205.949669
9402,3000,200234.781401
8910,3000,200264.645638
8314,3000,200305.780494
9050,3000,200338.157171
8768,3000,200370.451603
9118,3000,200401.914328
9114,3000,200430.864482
9218,3000,200462.482231
9182,3000,200491.332418
8768,3000,200522.236434
8958,3000,200550.239118
9168,3000,200582.03661
8836,3000,200616.428697
9078,3000,200645.397934
9232,3000,200677.148561
9008,3000,200709.564993
9154,3000,200738.266115
8770,3000,200770.681151
9012,3000,200800.288228
9002,3000,200831.226723
8566,3000,200862.566821
8838,3000,200894.462994
9150,3000,200924.214419
8996,3000,200954.32556
8796,3000,200984.579448
9202,3000,201011.947438
8976,3000,201041.472404
9188,3000,201069.789841
8768,3000,201098.261648
9108,3000,201128.435525
7264,3000,201162.725324
8704,3000,201193.115959
9206,3000,201221.655143
9008,3000,201253.386753
9052,3000,201496.055091
8150,3000,201531.080218
9248,3000,201561.330485
8266,3000,201598.078622
9260,3000,201633.097532
8516,3000,201663.327332
8836,3000,201697.773335
8336,3000,201731.355691
8660,3000,201761.791055
9326,3000,201797.920168
9304,3000,201826.711883
8900,3000,201851.05636
8846,3000,201883.079953
8920,3000,201916.562587
9046,3000,201949.130417
9172,3000,201979.809931
8838,3000,202010.800136
9040,3000,202042.242481
9144,3000,202075.059707
9138,3000,202107.843208
9282,3000,202133.410586
9132,3000,202164.058219
8884,3000,202192.272617
9216,3000,202220.109366
9152,3000,202251.895281
9588,3000,202281.946029
9146,3000,202307.926062
8960,3000,202336.649373
8962,3000,202368.836674
8980,3000,202400.241945
9208,3000,202434.184185
8906,3000,202465.749297
8850,3000,202495.355029
8996,3000,202523.833339
8784,3000,202552.891536
9340,3000,202583.47218
9036,3000,202614.308522
8766,3000,202641.443959
9090,3000,202671.060677
9312,3000,202698.775373
8992,3000,202729.038623
8658,3000,202761.006064
9016,3000,202791.484429
8804,3000,202825.740426
9032,3000,202856.005863
8766,3000,202884.030591
8968,3000,202914.619757
9174,3000,202944.8363
9356,3000,202976.137388
9328,3000,203000.757526
8600,3000,203032.03087
8904,3000,203060.176249
8688,3000,203091.669647
8528,3000,203122.978311
8942,3000,203155.004401
9336,3000,203185.001204
8848,3000,203218.149724
8762,3000,203251.530166
8346,3000,203284.756054
9158,3000,203314.404899
9202,3000,203346.912317
9152,3000,203378.158827
8994,3000,203408.003496
9744,3000,203438.865422
8874,3000,203468.987672
9042,3000,203495.953994
9250,3000,203770.643499
8926,3000,203797.444251
8968,3000,203831.34091
8942,3000,203859.717302
9398,3000,203890.110897
9106,3000,203922.213908
9186,3000,203952.159019
9264,3000,203983.63942
8574,3000,204015.744713
8688,3000,204048.795857
9064,3000,204080.181409
8908,3000,204108.340949
9084,3000,204138.200757
9214,3000,204166.199979
9154,3000,204198.250972
9170,3000,204230.492986
8658,3000,204261.254161
9194,3000,204290.038536
9374,3000,204322.448208
9174,3000,204352.520076
9086,3000,204383.787272
9106,3000,204412.002752
9076,3000,204439.632396
8952,3000,204472.535314
8516,3000,204505.560704
9076,3000,204537.138495
9194,3000,204564.092113
8762,3000,204596.531885
8950,3000,204628.868762
9372,3000,204661.210025
8364,3000,204697.431266
8804,3000,204727.371136
8734,3000,204757.075887
9286,3000,204789.677192
9106,3000,204819.655822
9040,3000,204855.931799
9342,3000,204889.416606
9154,3000,204917.973769
8334,3000,204953.810376
9116,3000,204983.294016
8680,3000,205014.051931
8884,3000,205040.304787
9048,3000,205072.959875
9178,3000,205103.11394
9144,3000,205137.944871
9028,3000,205169.722247
8322,3000,205201.423557
8920,3000,205229.710297
8876,3000,205261.916833
9038,3000,205295.057451
9112,3000,205329.386177
8290,3000,205365.463464
9200,3000,205395.464577
9180,3000,205425.3506
9110,3000,205458.242743
9162,3000,205487.882502
8956,3000,205520.871658
8946,3000,205551.434698
8604,3000,205581.758605
9094,3000,205611.791081
8900,3000,205641.018801
9196,3000,205670.216251
8986,3000,205698.518926
8996,3000,205733.41009
9010,3000,205762.622736
9276,3000,205796.092867
9172,3000,205825.082999
9070,3000,206065.239837
9102,3000,206095.681793
8898,3000,206127.740615
8966,3000,206162.52403
9212,3000,206188.964721
8984,3000,206221.247407
9148,3000,206252.336898
8784,3000,206282.852214
9190,3000,206313.916205
9030,3000,206343.572064
8900,3000,206374.119208
9028,3000,206403.967253
8726,3000,206436.781333
9176,3000,206466.063169
9670,3000,206497.444065
8992,3000,206531.033731
8592,3000,206565.28767
8710,3000,206594.702749
9238,3000,206625.962449
8764,3000,206657.894629
9136,3000,206691.217049
9802,3000,206725.767099
8742,3000,206751.847942
9416,3000,206783.327659
9178,3000,206814.734614
9266,3000,206841.311598
8768,3000,206873.075141
8756,3000,206903.271385
9102,3000,206930.458705
8706,3000,206957.727293
9154,3000,206986.960001
8652,3000,207015.198686
9074,3000,207041.335424
8934,3000,207071.873612
8686,3000,207098.012435
9208,3000,207125.135732
8926,3000,207149.484347
8194,3000,207183.008983
8874,3000,207215.823208
8544,3000,207249.530827
9258,3000,207276.603627
8868,3000,207308.701436
8322,3000,207339.168094
9256,3000,207369.024724
8726,3000,207400.310342
8798,3000,207432.60067
8812,3000,207464.008025
9554,3000,207491.434672
8270,3000,207525.389122
9174,3000,207558.337662
9100,3000,207590.060666
8912,3000,207621.06419
9504,3000,207651.259223
8900,3000,207681.434419
9018,3000,207710.781693
9010,3000,207740.706629
9130,3000,207774.279229
8722,3000,207803.821414
9042,3000,207830.876386
9250,3000,207859.347499
8942,3000,207888.719638
8952,3000,207919.610764
9160,3000,207950.46773
9630,3000,207981.264385
8806,3000,208012.502428
7604,3000,208078.186808
9836,3000,208104.190476
9140,3000,208347.390928
8802,3000,208380.323244
8690,3000,208406.118586
8956,3000,208433.350119
8842,3000,208465.438221
8820,3000,208496.604506
8668,3000,208528.608445
8878,3000,208559.198471
9614,3000,208595.181093
8666,3000,208620.568182
8844,3000,208652.073706
8692,3000,208681.198315
8850,3000,208711.051167
7990,3000,208741.858258
9030,3000,208773.833092
9086,3000,208804.757095
8962,3000,208835.86926
9090,3000,208866.682725
8962,3000,208895.874362
8912,3000,208922.010481
9804,3000,208955.526588
9178,3000,208981.450723
8928,3000,209013.544673
8942,3000,209047.446505
9048,3000,209080.202099
9030,3000,209108.77373
8842,3000,209143.19561
9214,3000,209173.589934
8918,3000,209201.064367
8538,3000,209230.600115
8888,3000,209258.753964
9210,3000,209288.626644
8930,3000,209324.672496
9214,3000,209355.01335
9204,3000,209385.038528
9774,3000,209415.93914
8802,3000,209445.413331
8644,3000,209477.904363
8782,3000,209508.999997
9022,3000,209537.395334
8954,3000,209569.547725
9018,3000,209599.761737
8672,3000,209632.729118
7426,3000,209694.646638
9092,3000,209724.487748
9262,3000,209752.924401
9116,3000,209780.24473
8760,3000,209815.584146
8526,3000,209851.368242
9236,3000,209882.836775
8978,3000,209913.675835
9040,3000,209943.722223
8908,3000,209977.679073
8924,3000,210005.677929
9428,3000,210033.484663
8876,3000,210064.500999
8118,3000,210101.85311
8954,3000,210134.071799
9114,3000,210163.107561
8758,3000,210193.879161
9188,3000,210225.448575
8546,3000,210258.680423
9218,3000,210286.535284
9116,3000,210318.94636
8978,3000,210350.324177
9082,3000,210378.80802
9018,3000,210592.007442
8908,3000,210626.68888
9128,3000,210656.326152
9280,3000,210688.751565
9176,3000,210722.047084
8808,3000,210755.163512
8910,3000,210785.18611
9070,3000,210813.61352
9046,3000,210842.266537
8920,3000,210876.261153
9040,3000,210904.84327
8452,3000,210931.08442
9550,3000,210959.166231
9188,3000,210990.378992
8868,3000,211026.093399
9048,3000,211054.689793
8838,3000,211087.602674
9248,3000,211119.893223
9110,3000,211150.226178
9100,3000,211180.964475
9006,3000,211215.898789
9224,3000,211246.776094
8760,3000,211283.912933
8302,3000,211320.789434
8592,3000,211352.451711
9260,3000,211383.107679
9170,3000,211415.935809
9206,3000,211450.976593
9032,3000,211481.888122
9056,3000,211511.130889
8910,3000,211543.333663
9178,3000,211573.861086
8796,3000,211607.900306
9212,3000,211637.496336
9080,3000,211668.398451
8866,3000,211702.346706
9060,3000,211733.264844
8456,3000,211761.760697
9456,3000,211791.008646
8802,3000,211823.99836
8664,3000,211850.485532
9050,3000,211877.74063
9446,3000,211905.609277
8720,3000,211935.673084
8844,3000,211969.565423
9004,3000,211999.758651
9116,3000,212027.94194
9702,3000,212059.636712
8324,3000,212092.6653
8800,3000,212125.998558
8934,3000,212158.145474
9210,3000,212184.413836
9250,3000,212216.022974
9476,3000,212251.118483
8934,3000,212284.803122
9430,3000,212314.875123
8830,3000,212350.294938
9000,3000,212379.439188
8646,3000,212409.738551
9108,3000,212440.298289
9324,3000,212469.634897
9008,3000,212497.872101
9328,3000,212525.197717
8916,3000,212558.862901
8948,3000,212591.883983
9010,3000,212619.987239
8680,3000,212652.646666
9270,3000,212921.854907
8946,3000,212949.433348
8880,3000,212979.103072
9092,3000,213010.805416
8666,3000,213044.4719
9178,3000,213072.96144
8858,3000,213103.835602
9740,3000,213137.713241
8704,3000,213169.859131
9126,3000,213202.323842
9168,3000,213230.31266
9332,3000,213259.797164
9036,3000,213290.252674
8974,3000,213321.261108
9004,3000,213350.881159
9198,3000,213383.723637
8950,3000,213412.905723
8802,3000,213444.604147
9136,3000,213475.704027
9040,3000,213507.645183
9158,3000,213536.881811
8990,3000,213571.060273
8682,3000,213601.567977
9530,3000,213634.942769
9270,3000,213667.581853
8812,3000,213695.785936
9196,3000,213724.492767
9160,3000,213756.961416
8246,3000,213795.899731
9526,3000,213823.977336
8726,3000,213854.54679
8902,3000,213882.87384
8324,3000,213919.708966
8406,3000,213950.646788
8874,3000,213983.987871
9128,3000,214015.952176
8666,3000,214051.228932
8822,3000,214083.436061
9420,3000,214113.362586
9224,3000,214143.409477
8824,3000,214173.349029
9452,3000,214209.438681
8886,3000,214239.55318
8904,3000,214270.545882
8858,3000,214303.381715
8904,3000,214336.846512
9024,3000,214369.644569
8870,3000,214398.216411
9046,3000,214427.914448
8970,3000,214456.798484
9166,3000,214485.364539
9058,3000,214513.668485
9402,3000,214541.217149
8900,3000,214569.91625
9346,3000,214602.245444
9256,3000,214633.776992
9112,3000,214663.660174
9256,3000,214692.133835
9036,3000,214725.158854
9154,3000,214757.743998
9032,3000,214785.475491
8922,3000,214813.798349
8694,3000,214845.454244
8844,3000,214880.912638
9072,3000,214914.394222
8974,3000,214942.79464
9676,3000,214975.767188
8882,3000,215274.821233
9078,3000,215305.372519
9140,3000,215334.133839
8876,3000,215363.158439
9112,3000,215395.389269
8876,3000,215427.032203
8856,3000,215458.210023
9130,3000,215483.481622
8930,3000,215514.308889
9032,3000,215544.651649
8260,3000,215578.744622
9326,3000,215611.503423
9290,3000,215644.083979
8646,3000,215675.865557
8906,3000,215707.869111
8936,3000,215733.932679
9086,3000,215765.900605
9008,3000,215798.292057
8872,3000,215829.531493
8710,3000,215856.911221
9282,3000,215886.249725
9030,3000,215916.759562
9396,3000,215945.411226
8884,3000,215979.152215
8976,3000,216008.786472
8958,3000,216039.67241
8836,3000,216074.631687
9336,3000,216105.251001
9076,3000,216138.179116
9078,3000,216172.115597
8946,3000,216205.106943
8546,3000,216238.978347
9660,3000,216270.373882
9272,3000,216302.968303
9128,3000,216334.844364
9176,3000,216368.236041
8796,3000,216400.345814
8750,3000,216425.3873
8050,3000,216457.124446
8530,3000,216490.21374
8950,3000,216525.095088
8752,3000,216555.294493
8762,3000,216590.584189
9054,3000,216623.615659
8594,3000,216653.092422
8660,3000,216682.349928
8928,3000,216714.707127
8470,3000,216748.112041
9440,3000,216777.576097
9092,3000,216809.440278
9102,3000,216840.849609
9092,3000,216867.68264
9038,3000,216894.111582
9006,3000,216928.696858
9164,3000,216956.225125
9180,3000,216984.57518
9450,3000,217017.963866
9052,3000,217048.599668
8758,3000,217074.301636
8756,3000,217107.442014
9592,3000,217136.337306
9176,3000,217166.517107
9256,3000,217197.062977
8876,3000,217231.345106
8986,3000,217262.052736
8974,3000,217290.973207
9076,3000,217558.776989
8924,3000,217590.208897
9400,3000,217624.133005
8066,3000,217655.673291
9086,3000,217685.950983
8708,3000,217720.228003
8998,3000,217748.922283
8834,3000,217782.87102
8964,3000,217809.454483
9004,3000,217833.897518
8226,3000,217861.514832
9494,3000,217894.538265
9502,3000,217924.712399
9158,3000,217952.556079
8588,3000,217981.102638
8960,3000,218012.870408
8788,3000,218044.21984
9158,3000,218070.59114
9120,3000,218101.844771
9136,3000,218131.600357
9432,3000,218163.362026
9256,3000,218195.628725
8592,3000,218227.74923
8800,3000,218256.635619
8992,3000,218287.852824
8992,3000,218319.763718
8886,3000,218348.777898
8832,3000,218377.865454
8908,3000,218407.553663
8706,3000,218435.054066
7060,3000,218491.649576
8984,3000,218523.605541
9504,3000,218556.303274
8788,3000,218586.106371
8968,3000,218618.521462
9236,3000,218650.541828
8572,3000,218678.047422
9502,3000,218707.349732
9230,3000,218736.949741
8452,3000,218766.563645
8662,3000,218799.446091
8884,3000,218829.502118
8866,3000,218861.39636
9114,3000,218889.689481
8966,3000,218920.920265
9096,3000,218953.489389
8740,3000,218983.026933
9466,3000,219011.993551
9034,3000,219041.891877
9208,3000,219074.526743
9312,3000,219105.664752
9122,3000,219138.204771
8854,3000,219168.077763
9082,3000,219195.977448
9166,3000,219224.971022
9106,3000,219255.892347
9112,3000,219286.089887
9748,3000,219319.556157
8934,3000,219348.973344
8850,3000,219378.58586
8970,3000,219410.633367
9120,3000,219443.687757
8832,3000,219472.829387
9236,3000,219503.501754
9168,3000,219533.682403
9140,3000,219565.922081
8796,3000,219600.884544
8588,3000,219853.95079
9126,3000,219882.865345
9174,3000,219910.780725
8834,3000,219944.61702
8924,3000,219976.929632
8854,3000,220007.243296
9422,3000,220038.012283
9168,3000,220065.45968
9128,3000,220093.554433
8878,3000,220127.028384
8912,3000,220153.636124
9232,3000,220178.925918
9114,3000,220208.698674
9034,3000,220237.973961
9006,3000,220270.339097
8394,3000,220305.140177
9168,3000,220335.028574
9086,3000,220366.966937
9174,3000,220397.00618
8804,3000,220426.519914
8840,3000,220457.413549
9106,3000,220489.345247
9312,3000,220519.27167
8904,3000,220551.941647
9130,3000,220585.435568
8736,3000,220612.682664
8710,3000,220641.787703
9118,3000,220674.982545
9036,3000,220706.183529
8924,3000,220737.601635
9076,3000,220769.742352
8838,3000,220799.748612
8244,3000,220835.20145
9162,3000,220867.757479
9236,3000,220895.353859
8782,3000,220925.22403
8642,3000,220956.807579
9296,3000,220984.472141
8854,3000,221016.705776
9748,3000,221047.222558
9030,3000,221075.574475
8410,3000,221104.239447
9404,3000,221130.36921
9026,3000,221157.858229
8930,3000,221191.277089
8806,3000,221221.856889
9160,3000,221249.240665
9124,3000,221277.184307
9224,3000,221306.258022
9076,3000,221338.229645
9018,3000,221366.688734
9068,3000,221396.613863
9594,3000,221426.521954
8096,3000,221460.767251
9116,3000,221493.80658
9056,3000,221524.367632
9078,3000,221551.315287
8784,3000,221580.889761
8878,3000,221611.361326
9028,3000,221639.542487
8884,3000,221665.094559
8780,3000,221693.288859
9170,3000,221723.944107
9010,3000,221752.943505
8492,3000,221785.840563
9062,3000,221815.792751
9060,3000,221845.472635
9180,3000,222142.65163
8606,3000,222170.593152
8834,3000,222200.837175
8952,3000,222224.223718
8432,3000,222256.937201
9350,3000,222289.417726
9332,3000,222323.261898
9104,3000,222349.916546
9006,3000,222380.77108
9052,3000,222413.501731
8952,3000,222441.881561
8760,3000,222468.963111
8876,3000,222497.240617
9174,3000,222528.02354
9228,3000,222557.602664
8896,3000,222583.262011
7732,3000,222617.406017
8946,3000,222646.848728
9004,3000,222674.890538
8022,3000,222706.185303
9190,3000,222734.52532
9210,3000,222766.077076
9284,3000,222797.693728
8920,3000,222828.493934
9354,3000,222856.470033
8980,3000,222889.763255
8588,3000,222914.989959
8790,3000,222947.315655
8870,3000,222980.477719
9150,3000,223008.561859
9054,3000,223038.631834
9072,3000,223065.632243
8970,3000,223095.113032
8802,3000,223126.564813
9362,3000,223157.240605
8712,3000,223187.488297
9042,3000,223218.892493
9556,3000,223246.038428
9114,3000,223278.187264
9298,3000,223309.146415
8870,3000,223345.475113
9270,3000,223372.15233
7612,3000,223411.74307
9168,3000,223439.632719
8938,3000,223470.804194
9636,3000,223504.658974
8552,3000,223530.778143
9064,3000,223560.21769
9226,3000,223586.696028
9232,3000,223614.846178
9272,3000,223648.269434
9078,3000,223679.983257
8880,3000,223710.664936
9098,3000,223739.552939
8794,3000,223770.331071
9052,3000,223802.000751
9146,3000,223835.278115
8768,3000,223861.214872
8914,3000,223892.520207
9060,3000,223924.052566
9294,3000,223955.240192
9076,3000,223985.64834
8492,3000,224013.664663
9326,3000,224041.008554
9406,3000,224073.11056
8942,3000,224104.061293
9120,3000,224337.708413
8988,3000,224366.34591
9070,3000,224394.80886
9616,3000,224420.993006
9032,3000,224450.977689
8900,3000,224481.393207
8830,3000,224511.039693
8898,3000,224543.144762
8670,3000,224570.115732
8880,3000,224603.212789
9154,3000,224631.20339
8788,3000,224659.692699
9020,3000,224688.907742
9208,3000,224718.409535
8792,3000,224747.529692
8758,3000,224781.361451
8928,3000,224812.56675
8962,3000,224840.633482
9130,3000,224873.004826
9140,3000,224904.58201
9160,3000,224932.102404
9168,3000,224957.628346
9132,3000,224985.362466
8892,3000,225019.855777
8874,3000,225053.646815
9152,3000,225084.495285
8540,3000,225116.120363
9348,3000,225144.299843
9118,3000,225178.567887
9050,3000,225212.120473
9072,3000,225242.628837
8778,3000,225273.833527
8990,3000,225300.9439
8916,3000,225337.432252
9506,3000,225367.691743
9258,3000,225395.647218
8884,3000,225428.172062
9190,3000,225456.08805
8696,3000,225490.977107
8840,3000,225520.811687
8752,3000,225554.728178
8344,3000,225590.685475
9354,3000,225616.828398
9114,3000,225651.49387
9034,3000,225685.512193
8884,3000,225712.183474
9274,3000,225746.341706
8894,3000,225778.257567
9056,3000,225807.105655
9036,3000,225842.4534
8866,3000,225875.910423
8836,3000,225905.619268
9116,3000,225936.780557
9114,3000,225967.512764
9148,3000,225994.149234
8770,3000,226029.464065
9228,3000,226061.805294
8622,3000,226092.769806
9322,3000,226121.549188
8798,3000,226154.547193
9142,3000,226180.778794
7284,3000,226212.254663
8850,3000,226242.188734
9500,3000,226272.434741
9076,3000,226304.000419
9118,3000,226340.422889
8690,3000,226366.611866
8516,3000,226625.447373
9132,3000,226654.059011
8706,3000,226685.5413
9128,3000,226718.073092
9370,3000,226746.396658
9010,3000,226773.18431
8726,3000,226805.447307
8576,3000,226835.676295
9140,3000,226866.664649
8674,3000,226905.641642
8948,3000,226934.867761
9046,3000,226963.036256
8876,3000,226997.353187
9008,3000,227026.588581
8402,3000,227060.995748
8820,3000,227092.982646
9274,3000,227122.236808
8726,3000,227151.112268
8576,3000,227185.384598
9524,3000,227220.211661
8864,3000,227254.171482
9214,3000,227286.295759
9544,3000,227316.319393
9026,3000,227341.605739
9118,3000,227370.884072
8964,3000,227399.844717
9766,3000,227431.771032
8450,3000,227465.811918
9244,3000,227495.706778
9136,3000,227525.012794
8814,3000,227555.421305
9028,3000,227590.455831
9472,3000,227621.367121
8918,3000,227654.227242
9294,3000,227681.51855
9352,3000,227714.900797
9152,3000,227742.629761
9310,3000,227770.326698
8666,3000,227798.867064
8968,3000,227830.195131
8990,3000,227854.624461
8746,3000,227883.797184
9032,3000,227917.212093
9288,3000,227946.468058
9166,3000,227979.15011
8614,3000,228011.489363
9672,3000,228043.035164
8702,3000,228075.278005
9146,3000,228108.474327
9082,3000,228142.015574
8794,3000,228176.964406
8972,3000,228212.239369
8682,3000,228244.411383
8946,3000,228278.910251
8686,3000,228313.613328
9040,3000,228342.307124
9024,3000,228375.099494
8968,3000,228402.442214
8278,3000,228437.176345
8986,3000,228468.661062
8876,3000,228497.505166
8922,3000,228529.374309
8484,3000,228562.400008
8462,3000,228593.694298
8790,3000,228622.617171
9214,3000,228648.347037
8970,3000,228678.997541
8912,3000,228922.017123
8998,3000,228961.936893
8946,3000,228993.536822
8990,3000,229026.378032
9578,3000,229056.562475
9910,3000,229088.606543
8828,3000,229117.247483
8824,3000,229147.893004
8956,3000,229174.744702
8616,3000,229206.253346
9070,3000,229233.965206
8762,3000,229261.149227
8978,3000,229289.032033
9032,3000,229317.19704
8774,3000,229348.883416
8982,3000,229379.377453
9042,3000,229405.793514
9134,3000,229434.376795
9166,3000,229465.474601
9196,3000,229498.02146
9016,3000,229531.235033
9126,3000,229560.67147
8596,3000,229591.354964
8690,3000,229623.319487
8922,3000,229655.671799
8920,3000,229685.14137
9102,3000,229717.304411
8520,3000,229750.489108
8974,3000,229783.003344
8866,3000,229814.330037
9044,3000,229842.895387
9014,3000,229873.209563
9130,3000,229901.304369
8864,3000,229934.109314
9166,3000,229965.294533
8872,3000,229997.83392
9362,3000,230031.641762
8988,3000,230063.621711
9112,3000,230096.6733
9282,3000,230128.651675
9654,3000,230157.879121
8064,3000,230189.04054
8894,3000,230216.032361
9116,3000,230248.705208
9004,3000,230281.324686
8938,3000,230313.086504
8912,3000,230344.955552
9316,3000,230371.450348
9226,3000,230401.87946
9248,3000,230433.891993
9200,3000,230468.589948
9000,3000,230498.459603
9052,3000,230530.851561
8870,3000,230563.775634
9116,3000,230597.745416
8944,3000,230627.815446
9032,3000,230662.974306
9006,3000,230693.1239
9116,3000,230725.111027
9072,3000,230757.86624
9304,3000,230787.011674
9094,3000,230815.789203
9372,3000,230843.396228
8464,3000,230870.634623
9092,3000,230903.325501
9090,3000,230936.274937
9170,3000,231185.120288
9174,3000,231217.177707
8706,3000,231246.516697
8932,3000,231281.622709
8944,3000,231315.674886
8898,3000,231345.843747
9058,3000,231375.606075
9322,3000,231405.228537
8824,3000,231434.152649
9392,3000,231464.418349
9126,3000,231495.204815
9118,3000,231525.442481
8596,3000,231561.299748
9094,3000,231593.466069
8970,3000,231619.908706
8974,3000,231650.41986
9470,3000,231683.263244
9436,3000,231716.839733
9368,3000,231750.536197
8598,3000,231782.689906
9208,3000,231813.757066
8904,3000,231842.672938
9032,3000,231871.325136
8914,3000,231903.624936
9100,3000,231936.360808
8692,3000,231969.304552
8050,3000,232001.412149
9264,3000,232027.768918
8714,3000,232056.239522
8662,3000,232090.494925
8708,3000,232121.213827
8858,3000,232149.835211
9136,3000,232176.388132
8656,3000,232209.564564
9302,3000,232238.526401
9330,3000,232265.825207
9784,3000,232298.702422
9200,3000,232326.97564
9170,3000,232359.705986
9234,3000,232387.515775
9122,3000,232417.881023
9100,3000,232449.084343
8784,3000,232476.40839
8792,3000,232510.72589
9320,3000,232540.292131
8388,3000,232571.424712
8990,3000,232599.151296
8798,3000,232630.898857
8578,3000,232661.036496
8888,3000,232690.685316
9318,3000,232721.714889
8706,3000,232752.704731
9220,3000,232784.942763
8742,3000,232816.098232
8890,3000,232853.008004
9338,3000,232886.054566
9580,3000,232923.533528
9014,3000,232954.09622
8560,3000,232984.905108
9176,3000,233017.060539
8526,3000,233050.861956
9384,3000,233082.418227
9334,3000,233113.052088
8786,3000,233145.287769
9216,3000,233177.970369
8666,3000,233206.971402
8974,3000,233234.481768
8876,3000,233485.227979
9254,3000,233515.898088
8708,3000,233547.230288
9164,3000,233578.903318
8550,3000,233614.38946
8404,3000,233646.955707
9062,3000,233677.308524
8846,3000,233706.093746
8922,3000,233738.399122
9042,3000,233770.499222
8858,3000,233800.594169
9054,3000,233833.254726
8790,3000,233862.360342
8682,3000,233893.854322
8942,3000,233924.691961
9072,3000,233953.503336
9232,3000,233985.803206
8906,3000,234019.460019
8982,3000,234048.33656
9296,3000,234082.119219
9138,3000,234110.519125
8648,3000,234142.889965
9018,3000,234176.494842
8994,3000,234207.601374
9138,3000,234239.943257
9296,3000,234270.258402
8978,3000,234300.397421
8984,3000,234330.822478
9204,3000,234362.783252
9050,3000,234391.622195
8876,3000,234422.338256
8848,3000,234453.78306
9184,3000,234484.384881
8758,3000,234516.153733
8958,3000,234551.182821
9020,3000,234584.699357
9058,3000,234614.776384
9330,3000,234647.146687
9154,3000,234677.603048
8398,3000,234709.489583
9422,3000,234747.039103
9580,3000,234778.255397
9066,3000,234806.031482
8832,3000,234838.433416
8784,3000,234871.917851
8858,3000,234902.936734
9404,3000,234933.541213
9024,3000,234960.987042
8896,3000,234993.922388
8898,3000,235022.373399
9182,3000,235053.353268
9134,3000,235085.199405
9194,3000,235118.036716
9152,3000,235147.940054
9468,3000,235177.742778
9140,3000,235211.925391
8602,3000,235246.916249
8536,3000,235281.608248
9282,3000,235311.073653
8694,3000,235342.469841
8816,3000,235374.97471
9218,3000,235402.502205
9160,3000,235427.822503
8906,3000,235458.824419
8464,3000,235493.39849
8340,3000,235528.824637
9014,3000,235560.009949
9114,3000,235812.78389
8766,3000,235845.458687
9060,3000,235875.486289
9032,3000,235905.977132
8928,3000,235934.870924
8672,3000,235966.721987
8676,3000,235997.245321
8880,3000,236035.912996
9270,3000,236066.825483
9216,3000,236093.373324
8474,3000,236124.632289
9356,3000,236154.249368
9220,3000,236181.02633
9018,3000,236211.811009
8652,3000,236244.908384
9028,3000,236273.411716
9092,3000,236302.275039
8496,3000,236331.036006
9178,3000,236362.710008
8660,3000,236397.717232
8876,3000,236428.595429
9136,3000,236460.259268
9480,3000,236491.284109
9082,3000,236525.061248
8954,3000,236554.670653
8582,3000,236590.251934
9276,3000,236617.729476
8484,3000,236650.037658
8984,3000,236677.00598
8518,3000,236708.440568
9566,3000,236739.356466
9260,3000,236769.472112
9204,3000,236796.618313
8852,3000,236829.580727
8850,3000,236861.657077
9210,3000,236893.485856
9192,3000,236925.18355
8904,3000,236954.782135
8856,3000,236986.276102
9072,3000,237015.411024
9200,3000,237046.130969
9248,3000,237078.427532
9232,3000,237108.661836
9094,3000,237141.587963
8832,3000,237170.555106
9032,3000,237199.710076
9396,3000,237231.758803
8890,3000,237262.104576
9134,3000,237294.439767
8384,3000,237326.422764
9158,3000,237353.778856
9110,3000,237378.642088
8996,3000,237407.960998
8632,3000,237441.834616
9246,3000,237473.503101
9358,3000,237504.241385
9052,3000,237534.132261
8670,3000,237561.412431
8926,3000,237594.686102
8992,3000,237625.900822
8794,3000,237656.631294
9084,3000,237686.805384
8998,3000,237718.097593
8946,3000,237750.085106
9110,3000,237775.333892
8850,3000,237807.064644
9152,3000,238056.660297
9084,3000,238087.529503
8762,3000,238124.384865
9072,3000,238156.49818
8760,3000,238186.846905
8694,3000,238219.275432
9264,3000,238249.9305
9180,3000,238279.407753
8860,3000,238305.243908
8928,3000,238333.679393
8912,3000,238362.938584
9266,3000,238390.22424
8856,3000,238421.778579
9250,3000,238447.999517
8912,3000,238477.660657
8724,3000,238511.145977
8768,3000,238544.782298
9064,3000,238577.206282
8920,3000,238610.972801
9310,3000,238644.433981
8796,3000,238674.263839
8648,3000,238706.373357
9122,3000,238736.543338
9098,3000,238765.151604
8910,3000,238793.517505
8928,3000,238822.036253
9046,3000,238858.355289
9100,3000,238895.064475
9186,3000,238927.799262
8886,3000,238958.915319
8970,3000,238989.868084
8452,3000,239023.891043
8150,3000,239060.883672
9032,3000,239093.172437
9096,3000,239124.181244
9144,3000,239152.479979
8870,3000,239184.232399
8892,3000,239216.353019
8542,3000,239248.746431
8730,3000,239284.11045
9258,3000,239313.196358
9158,3000,239347.343709
8540,3000,239382.790024
8952,3000,239414.169071
8656,3000,239446.280448
9116,3000,239475.765933
9092,3000,239507.311783
8714,3000,239541.829187
8962,3000,239573.8237
9146,3000,239601.087234
9060,3000,239631.283472
9018,3000,239663.689295
9004,3000,239694.690978
8930,3000,239725.28389
8726,3000,239757.050069
9444,3000,239792.454469
8862,3000,239821.492704
9006,3000,239850.496171
8940,3000,239883.810201
8972,3000,239915.082572
8964,3000,239946.204482
9134,3000,239979.396563
9854,3000,240011.619187
9242,3000,240042.37211
8724,3000,240073.622447
8976,3000,240106.38161
8920,3000,240140.162171
9186,3000,240368.926022
9086,3000,240399.367439
9128,3000,240432.442623
8934,3000,240465.615591
9012,3000,240499.414833
7794,3000,240546.352643
8862,3000,240577.057759
8782,3000,240606.042254
9014,3000,240637.638303
8916,3000,240672.17014
8958,3000,240708.158987
9146,3000,240743.510252
8970,3000,240772.540454
9088,3000,240801.095505
8770,3000,240835.113191
8970,3000,240868.944087
8542,3000,240905.054808
8462,3000,240936.405601
8994,3000,240965.849646
8626,3000,240996.934467
9008,3000,241026.329064
9148,3000,241060.048294
8902,3000,241091.796684
9346,3000,241123.602407
9062,3000,241156.874074
9074,3000,241190.153225
9116,3000,241223.411939
9076,3000,241256.292465
9372,3000,241286.599201
9174,3000,241316.177287
9166,3000,241344.743503
9944,3000,241380.467836
9256,3000,241413.727462
8834,3000,241442.982193
9064,3000,241474.099587
8786,3000,241513.226439
9370,3000,241546.024741
9062,3000,241577.09974
8888,3000,241611.107276
8970,3000,241644.044888
8976,3000,241676.196751
8792,3000,241708.045895
8988,3000,241738.441993
8986,3000,241766.242292
9072,3000,241793.953567
9018,3000,241827.266777
8924,3000,241858.918077
9282,3000,241889.548299
8968,3000,241919.167058
8396,3000,241951.154397
8510,3000,241985.711767
9196,3000,242015.198701
8722,3000,242051.253363
9142,3000,242082.242283
8984,3000,242115.280516
8816,3000,242150.56537
8904,3000,242182.857088
9246,3000,242210.182304
9048,3000,242243.679883
9760,3000,242279.911571
8986,3000,242313.177674
8890,3000,242340.242137
9144,3000,242369.794609
9182,3000,242402.896234
9220,3000,242436.718936
9588,3000,242469.805275
8918,3000,242503.367517
9136,3000,242739.977793
9110,3000,242772.39238
8898,3000,242801.043577
8742,3000,242837.037913
8872,3000,242870.484569
9182,3000,242898.14325
9026,3000,242930.505262
9664,3000,242962.124179
8972,3000,243000.243453
8818,3000,243033.885122
9112,3000,243068.285885
9066,3000,243103.837401
9064,3000,243137.283741
8812,3000,243164.368584
8748,3000,243197.662173
8930,3000,243229.697067
8982,3000,243265.89177
8996,3000,243299.126088
8548,3000,243334.697832
8744,3000,243367.073056
8848,3000,243397.177551
8874,3000,243432.6742
8672,3000,243463.19077
8898,3000,243495.33603
9010,3000,243523.715003
9008,3000,243556.214854
8622,3000,243587.515252
8682,3000,243620.758761
9040,3000,243653.043905
8826,3000,243681.669897
9170,3000,243713.279261
9396,3000,243740.834148
9102,3000,243772.098934
8680,3000,243805.745396
9126,3000,243838.317943
8848,3000,243869.55848
8386,3000,243907.291292
9326,3000,243937.922133
9148,3000,243968.958179
8964,3000,244000.56749
8980,3000,244032.840558
9322,3000,244063.992787
9204,3000,244092.742042
8768,3000,244124.233938
9036,3000,244155.797717
9100,3000,244187.313581
9110,3000,244222.703279
8972,3000,244251.937681
8970,3000,244282.854063
9246,3000,244309.480096
9168,3000,244341.495484
9420,3000,244373.474987
8690,3000,244407.969332
8892,3000,244436.943728
8952,3000,244470.45393
8846,3000,244502.70276
8950,3000,244531.65685
9118,3000,244562.327992
9048,3000,244594.154715
8982,3000,244626.189792
8890,3000,244653.814889
8794,3000,244683.780378
9046,3000,244709.478329
8182,3000,244741.412782
8790,3000,244772.989127
8608,3000,244801.154262
9616,3000,245061.232064
8984,3000,245090.268778
9098,3000,245122.220942
9166,3000,245149.603311
9314,3000,245180.426723
9660,3000,245207.961921
9134,3000,245239.806268
8930,3000,245271.286719
7714,3000,245301.969919
9170,3000,245332.49802
8836,3000,245365.067438
8404,3000,245396.634689
8502,3000,245434.249198
8524,3000,245469.23194
9336,3000,245500.430965
9006,3000,245533.081042
8952,3000,245564.95341
8842,3000,245596.721924
8910,3000,245626.793504
9084,3000,245656.897645
9094,3000,245685.517888
9346,3000,245717.236905
9072,3000,245750.241657
9400,3000,245782.759022
9248,3000,245811.941359
9458,3000,245843.222208
8456,3000,245877.72921
9716,3000,245910.404808
8980,3000,245938.164053
9248,3000,245969.401488
8982,3000,246001.180047
9010,3000,246028.302979
9050,3000,246056.401559
9138,3000,246085.858617
8878,3000,246115.801167
9862,3000,246148.004072
8944,3000,246180.066893
9182,3000,246209.950615
8808,3000,246243.347642
9260,3000,246272.885461
8962,3000,246305.774385
9166,3000,246332.907692
9212,3000,246364.439594
9044,3000,246392.749388
9036,3000,246423.085259
9056,3000,246453.388855
9106,3000,246485.1192
9036,3000,246515.992075
8882,3000,246546.718725
8996,3000,246577.383981
8654,3000,246614.180562
9134,3000,246646.441177
8988,3000,246682.635498
8964,3000,246712.495615
9146,3000,246745.194246
9040,3000,246774.917086
9044,3000,246808.11955
9470,3000,246840.427762
8906,3000,246872.862762
8754,3000,246905.268458
8952,3000,246939.882858
9300,3000,246967.390887
8836,3000,247001.778195
8692,3000,247031.353347
8844,3000,247061.814869
8998,3000,247092.111713
8944,3000,247116.886088
9204,3000,247336.231722
8708,3000,247370.180176
9066,3000,247404.547751
9074,3000,247435.857186
8790,3000,247468.830946
8804,3000,247500.656281
8924,3000,247535.640955
8364,3000,247567.049622
9274,3000,247600.291523
9290,3000,247630.706086
9124,3000,247659.351057
8736,3000,247690.774186
8906,3000,247722.780025
8910,3000,247751.97911
9046,3000,247782.778637
9066,3000,247812.666653
8678,3000,247844.898838
8966,3000,247876.562591
8876,3000,247902.328198
9048,3000,247934.15556
9062,3000,247971.02117
9206,3000,247999.373598
9096,3000,248030.720602
8756,3000,248062.069273
8404,3000,248097.338459
8974,3000,248129.015036
9100,3000,248159.897282
8684,3000,248194.307705
8802,3000,248223.165948
9006,3000,248255.948962
9436,3000,248288.139182
9122,3000,248318.882133
8910,3000,248354.90221
9510,3000,248393.413996
9090,3000,248426.368435
9174,3000,248461.172438
8954,3000,248493.916151
9216,3000,248524.578932
9164,3000,248554.926537
8904,3000,248587.833629
9080,3000,248617.346437
9704,3000,248652.278651
9100,3000,248681.877536
9220,3000,248712.182557
9140,3000,248740.84951
9382,3000,248774.983838
8346,3000,248813.694941
9180,3000,248841.722313
9172,3000,248873.454455
8118,3000,248905.312698
9132,3000,248934.290065
8794,3000,248964.810524
8530,3000,249000.144051
8618,3000,249032.115547
9044,3000,249063.927442
9222,3000,249096.201999
8846,3000,249124.903183
8320,3000,249156.736537
9146,3000,249186.213793
8698,3000,249216.182932
8686,3000,249248.909738
9446,3000,249280.656024
8962,3000,249309.990778
8694,3000,249344.195386
9086,3000,249373.978895
9356,3000,249409.14956
9422,3000,249442.396496
8796,3000,249672.039809
9090,3000,249707.34938
8820,3000,249739.531199
9494,3000,249773.538135
9044,3000,249802.221999
9106,3000,249835.205705
8644,3000,249866.574298
8414,3000,249899.118009
8732,3000,249928.82474
8950,3000,249963.07518
8918,3000,249994.986757
9408,3000,250023.130422
8758,3000,250058.374528
8710,3000,250094.449319
9254,3000,250127.669771
8812,3000,250160.013481
9066,3000,250191.322028
8464,3000,250229.019467
9074,3000,250258.846599
8802,3000,250293.152122
8724,3000,250323.977937
9262,3000,250353.160504
8636,3000,250381.78405
9114,3000,250415.806567
8864,3000,250446.420869
8230,3000,250478.898118
8800,3000,250507.80001
9058,3000,250539.619476
9210,3000,250573.875658
9656,3000,250601.632837
9050,3000,250631.601485
9492,3000,250662.623599
8802,3000,250696.887331
9204,3000,250725.628225
9176,3000,250758.939933
9102,3000,250789.275803
9296,3000,250822.446963
8826,3000,250856.415159
8942,3000,250884.739591
9022,3000,250917.304531
9042,3000,250945.716882
8976,3000,250974.354325
8976,3000,251008.05154
9122,3000,251038.856506
8478,3000,251070.722306
8950,3000,251104.378988
9072,3000,251135.940283
8586,3000,251168.359062
8594,3000,251199.180762
8990,3000,251229.614944
8860,3000,251260.693424
9030,3000,251292.009822
9510,3000,251321.860684
8976,3000,251355.071368
9168,3000,251386.180201
9118,3000,251417.740616
9098,3000,251449.945307
9132,3000,251478.695275
8994,3000,251508.926069
9258,3000,251540.708602
9236,3000,251574.615741
9132,3000,251605.185713
9018,3000,251634.221963
9144,3000,251665.730858
9106,3000,251696.482904
9154,3000,251731.240475
9148,3000,251951.095023
8880,3000,251980.448457
8988,3000,252011.56493
9274,3000,252042.076493
8922,3000,252072.658026
8536,3000,252107.555045
9094,3000,252140.93638
8966,3000,252173.261166
9062,3000,252202.518046
9542,3000,252229.475996
9288,3000,252261.662346
8926,3000,252292.6847
9006,3000,252329.848659
9566,3000,252364.490762
8600,3000,252399.085199
9046,3000,252432.651647
8890,3000,252466.886539
8886,3000,252494.622027
8820,3000,252529.886424
9158,3000,252560.19325
8504,3000,252590.213165
8880,3000,252621.246022
9112,3000,252650.792997
9008,3000,252682.256588
9400,3000,252710.661783
8908,3000,252746.017381
8898,3000,252780.045562
8738,3000,252814.291756
9168,3000,252846.907816
8988,3000,252878.825736
9076,3000,252908.974417
9116,3000,252937.299984
9248,3000,252965.846761
8580,3000,252996.464016
9062,3000,253023.596194
9294,3000,253053.120959
8592,3000,253088.198765
8784,3000,253117.805081
9036,3000,253144.784637
9124,3000,253173.152231
8956,3000,253203.036564
8498,3000,253239.806481
9058,3000,253270.780053
9130,3000,253298.053158
9206,3000,253329.682247
9116,3000,253355.703764
9078,3000,253387.433208
9100,3000,253418.804946
9382,3000,253447.029373
8488,3000,253485.84695
8866,3000,253518.454615
8912,3000,253546.95347
9138,3000,253577.046975
9034,3000,253606.123358
8848,3000,253632.987865
8782,3000,253662.257249
9448,3000,253692.585417
9062,3000,253723.643354
8848,3000,253757.157573
8696,3000,253789.385556
8798,3000,253823.910543
9018,3000,253863.640104
9242,3000,253891.922046
8510,3000,253921.839015
8974,3000,253956.986718
8934,3000,253990.742058
8860,3000,254021.155806
8856,3000,254237.876076
9176,3000,254268.12371
8440,3000,254300.281034
8774,3000,254334.628489
9134,3000,254368.600567
8912,3000,254398.784328
8808,3000,254428.304043
9068,3000,254461.435996
9038,3000,254486.885314
9206,3000,254519.422404
8748,3000,254551.058564
8974,3000,254584.095595
8536,3000,254618.149503
9030,3000,254649.699978
8486,3000,254692.58071
8822,3000,254721.898019
9288,3000,254751.561622
8548,3000,254778.770066
8890,3000,254811.049167
8898,3000,254842.046037
8798,3000,254873.175025
8420,3000,254908.087252
9122,3000,254936.625033
8904,3000,254966.172379
9076,3000,254997.601241
9448,3000,255030.415307
8996,3000,255062.520095
8996,3000,255091.901683
9036,3000,255125.698621
8870,3000,255159.535861
9204,3000,255192.174773
9072,3000,255224.763059
8952,3000,255255.952527
8596,3000,255295.335109
9174,3000,255327.26344
8950,3000,255358.227868
8562,3000,255393.087521
9026,3000,255420.758944
9318,3000,255452.196131
9114,3000,255484.300807
8834,3000,255513.919067
9198,3000,255542.332726
9216,3000,255571.900762
9072,3000,255603.334109
9310,3000,255633.592688
8836,3000,255668.424251
8840,3000,255701.226008
9468,3000,255731.605843
8892,3000,255765.259733
8976,3000,255797.99146
8838,3000,255829.293004
9338,3000,255859.97182
9038,3000,255891.09299
9042,3000,255924.313402
9294,3000,255955.484836
8786,3000,255988.302027
9320,3000,256018.156209
8700,3000,256050.832675
8972,3000,256079.212123
9212,3000,256110.875625
8828,3000,256143.486002
9078,3000,256175.072123
9074,3000,256206.943119
9144,3000,256242.34921
9172,3000,256277.151232
9042,3000,256306.583581
8966,3000,256339.981098
9024,3000,256561.586478
8668,3000,256591.361282
9164,3000,256625.61416
9194,3000,256656.309036
9134,3000,256687.617089
9378,3000,256716.237749
9116,3000,256745.512023
8962,3000,256774.692629
9214,3000,256806.150863
8598,3000,256840.184484
9068,3000,256868.570623
9020,3000,256900.756155
9178,3000,256934.768861
8734,3000,256968.251125
8652,3000,257002.244036
9196,3000,257033.244146
9306,3000,257065.294331
8808,3000,257095.282424
9278,3000,257125.133204
8442,3000,257158.946104
9456,3000,257192.441204
8982,3000,257225.938061
8734,3000,257255.954201
9064,3000,257285.845827
8712,3000,257322.758523
9306,3000,257352.305761
8950,3000,257383.992981
7922,3000,257428.650675
8664,3000,257463.885811
9098,3000,257494.204988
9098,3000,257526.477607
8802,3000,257559.161581
9250,3000,257591.626174
8564,3000,257625.37437
8960,3000,257654.516098
8974,3000,257686.049674
8562,3000,257715.924777
9046,3000,257747.64386
8940,3000,257774.591063
8954,3000,257806.058915
9124,3000,257837.568916
9114,3000,257868.218798
9386,3000,257898.925697
8854,3000,257933.064342
8966,3000,257966.194221
8798,3000,257997.037193
8740,3000,258029.010001
9092,3000,258061.495311
8784,3000,258094.029696
9548,3000,258121.886482
9112,3000,258151.104002
8910,3000,258181.842497
8846,3000,258213.689158
9354,3000,258249.107405
9482,3000,258277.658983
8944,3000,258308.907165
8824,3000,258339.420069
9164,3000,258370.903109
9222,3000,258402.973203
9220,3000,258433.402144
9482,3000,258469.222607
9140,3000,258502.818357
8942,3000,258533.037024
9406,3000,258563.604688
8514,3000,258597.332459
8700,3000,258632.064297
9238,3000,258832.681353
9160,3000,258863.288498
8954,3000,258890.136834
8824,3000,258921.584843
9098,3000,258953.581213
8836,3000,258982.735969
8976,3000,259016.787668
8966,3000,259049.901177
9206,3000,259082.577122
9640,3000,259111.17149
9098,3000,259140.610239
8406,3000,259179.45507
9010,3000,259210.276305
8978,3000,259243.075858
9134,3000,259273.74587
9068,3000,259310.241345
9636,3000,259341.534895
9238,3000,259374.673034
9086,3000,259405.764611
8492,3000,259440.407101
8968,3000,259472.857098
9374,3000,259503.905052
9188,3000,259538.765741
9320,3000,259566.243531
8944,3000,259598.101364
9402,3000,259631.882849
9246,3000,259663.101191
8606,3000,259698.479953
9058,3000,259729.22004
9146,3000,259757.965546
8924,3000,259792.15898
8604,3000,259824.869689
9108,3000,259851.804514
8656,3000,259883.134396
9342,3000,259914.780467
8882,3000,259946.939201
8988,3000,259980.953382
8916,3000,260011.882777
8892,3000,260045.705948
9072,3000,260079.516411
9350,3000,260109.730278
9000,3000,260140.429861
9090,3000,260174.486212
8992,3000,260209.63267
9406,3000,260240.340001
9176,3000,260271.420624
9178,3000,260303.536218
8100,3000,260345.062532
9048,3000,260378.621045
8970,3000,260409.917518
9202,3000,260441.00219
8946,3000,260471.478721
8964,3000,260502.190062
9000,3000,260530.50355
8636,3000,260561.553515
9220,3000,260591.080058
9102,3000,260621.989676
8572,3000,260654.404499
8956,3000,260685.448425
9328,3000,260713.595053
9572,3000,260745.446154
8706,3000,260773.990976
9244,3000,260803.929717
9200,3000,260832.381035
9112,3000,260862.974482
8770,3000,260894.009086
9150,3000,260921.188392
9314,3000,261155.136688
8646,3000,261188.442951
8862,3000,261220.955171
9052,3000,261252.263421
9390,3000,261283.717946
9532,3000,261315.760841
9282,3000,261345.378157
9112,3000,261374.628688
9150,3000,261407.159583
8722,3000,261439.309234
9188,3000,261468.334694
9092,3000,261497.180155
8626,3000,261527.834122
8874,3000,261558.945481
8968,3000,261591.792008
9126,3000,261623.14203
8980,3000,261651.038212
8746,3000,261683.195076
8958,3000,261716.875036
8932,3000,261749.603312
9110,3000,261782.840872
8862,3000,261815.947158
9092,3000,261843.292076
8916,3000,261870.879992
8882,3000,261906.16452
8960,3000,261936.50501
8896,3000,261965.595063
8890,3000,262000.170118
8894,3000,262033.019493
9198,3000,262063.538897
8928,3000,262091.061732
8888,3000,262123.720748
8586,3000,262155.958365
9002,3000,262189.866488
8944,3000,262220.054225
8620,3000,262255.61791
8718,3000,262284.217319
8594,3000,262316.2209
8914,3000,262348.983165
8812,3000,262383.669874
8982,3000,262412.782704
8662,3000,262446.470958
8758,3000,262475.061857
9056,3000,262505.715088
9090,3000,262538.77934
8982,3000,262567.52927
8608,3000,262600.372828
8744,3000,262632.412663
9204,3000,262662.797866
8654,3000,262693.477932
8314,3000,262726.290617
9054,3000,262750.770621
8654,3000,262784.037535
9222,3000,262812.038782
9068,3000,262843.782289
9052,3000,262877.578834
9406,3000,262910.198798
9062,3000,262942.738685
9224,3000,262971.743226
9006,3000,262999.29862
9262,3000,263027.806701
8818,3000,263056.494385
8826,3000,263092.883266
8922,3000,263124.721025
8652,3000,263157.124439
9328,3000,263189.471466
9232,3000,263220.695293
9300,3000,263465.825816
9548,3000,263495.465954
8810,3000,263528.628914
8828,3000,263562.1197
8976,3000,263592.473472
8990,3000,263621.975159
8550,3000,263650.183287
8982,3000,263681.590887
8464,3000,263710.962453
8708,3000,263738.069325
8844,3000,263769.75283
8628,3000,263801.340247
9026,3000,263829.094075
9062,3000,263859.725652
9192,3000,263889.316804
9164,3000,263917.528601
8842,3000,263948.943815
9296,3000,263977.589752
9070,3000,264007.396459
9012,3000,264037.938607
8874,3000,264066.578518
8982,3000,264092.957921
8676,3000,264118.159934
8914,3000,264146.970948
9472,3000,264177.440965
8974,3000,264207.085741
8886,3000,264237.530812
8708,3000,264267.996173
9118,3000,264301.700019
8658,3000,264334.542081
8934,3000,264369.401085
9082,3000,264400.456656
8812,3000,264431.327954
9134,3000,264462.421899
9694,3000,264494.537817
9000,3000,264524.950846
8732,3000,264560.215943
9210,3000,264590.845033
9232,3000,264620.993427
9044,3000,264647.454025
8968,3000,264675.699316
9046,3000,264705.669606
9112,3000,264737.135903
9026,3000,264769.301529
9216,3000,264805.157801
8982,3000,264836.449975
9238,3000,264866.689665
8928,3000,264897.924288
8886,3000,264929.874259
9234,3000,264961.795763
9480,3000,264988.675352
8470,3000,265019.281518
8682,3000,265054.014453
8970,3000,265083.53548
9030,3000,265105.430469
8872,3000,265133.549956
8994,3000,265164.849415
8922,3000,265192.495193
8914,3000,265219.885597
8858,3000,265248.789112
9170,3000,265279.454526
9158,3000,265305.249275
8844,3000,265342.118237
8844,3000,265371.861346
9152,3000,265403.992804
9278,3000,265433.418371
9272,3000,265702.010938
9134,3000,265730.048804
8904,3000,265759.708638
8770,3000,265789.73637
9014,3000,265820.267528
9094,3000,265850.948088
9028,3000,265881.477118
8750,3000,265913.862573
9136,3000,265944.767642
8830,3000,265974.474096
8750,3000,266003.417871
8870,3000,266032.376064
8648,3000,266062.952441
8770,3000,266102.344425
8772,3000,266134.160453
9222,3000,266165.571155
8706,3000,266194.116294
9144,3000,266224.806408
9080,3000,266258.069057
9026,3000,266291.772612
8812,3000,266325.470267
8826,3000,266357.647711
8956,3000,266387.006545
9030,3000,266419.032294
8570,3000,266451.220286
8156,3000,266489.293282
8900,3000,266517.78066
8920,3000,266545.923096
9106,3000,266576.255703
8862,3000,266606.589835
9082,3000,266638.747814
8998,3000,266667.855692
8940,3000,266699.091884
8844,3000,266726.534992
9020,3000,266759.040244
9254,3000,266788.871968
9262,3000,266823.176186
8968,3000,266854.108139
9196,3000,266883.864619
8816,3000,266915.993267
8934,3000,266948.439919
9030,3000,266973.853877
8970,3000,267003.404741
9004,3000,267031.414753
8968,3000,267061.428137
8386,3000,267089.180125
9080,3000,267119.916817
9358,3000,267155.571632
8954,3000,267187.480966
9328,3000,267218.083264
9512,3000,267251.289938
9038,3000,267278.808177
8928,3000,267305.921366
8894,3000,267335.554755
9166,3000,267361.416945
8860,3000,267393.079779
9102,3000,267424.668595
8804,3000,267455.194154
9020,3000,267483.127182
9324,3000,267513.516103
8526,3000,267544.8519
9020,3000,267575.772546
8780,3000,267608.613317
8934,3000,267639.292759
9178,3000,267668.586396
8742,3000,267699.233123
8980,3000,267732.795894
9198,3000,268031.790308
9146,3000,268063.578476
8842,3000,268094.396532
9266,3000,268123.112075
8894,3000,268150.032761
9232,3000,268186.861614
9128,3000,268219.26286
9076,3000,268249.797898
8358,3000,268289.175936
9060,3000,268323.037061
8884,3000,268351.570125
9846,3000,268384.876906
9000,3000,268417.558014
8928,3000,268445.269065
9100,3000,268472.693955
8676,3000,268500.371341
9158,3000,268527.979618
8362,3000,268562.056386
8940,3000,268590.926442
8862,3000,268620.542993
9362,3000,268652.715264
8860,3000,268686.599529
8728,3000,268718.813963
9120,3000,268750.60698
9242,3000,268783.768608
8494,3000,268812.423326
9068,3000,268844.102415
9026,3000,268875.244928
8578,3000,268911.713409
8832,3000,268941.108466
9042,3000,268971.392498
9264,3000,268996.884703
9044,3000,269027.558585
9222,3000,269061.9082
8942,3000,269093.750121
8706,3000,269123.770355
8262,3000,269158.287011
8644,3000,269189.312024
9032,3000,269216.059422
8872,3000,269249.422642
8938,3000,269282.41554
9220,3000,269310.675589
9098,3000,269340.604493
9126,3000,269368.632117
9258,3000,269398.698214
9012,3000,269430.560173
9108,3000,269458.247037
9138,3000,269489.249581
8686,3000,269517.042974
9174,3000,269544.50162
9078,3000,269575.024888
9322,3000,269602.010281
8742,3000,269636.705948
8818,3000,269667.293901
9016,3000,269700.754238
8444,3000,269733.740894
9042,3000,269764.649769
9176,3000,269791.46477
8830,3000,269822.008777
9326,3000,269850.989603
9146,3000,269878.892345
9146,3000,269910.188776
9296,3000,269941.877384
9064,3000,269971.452875
9072,3000,270001.955275
8896,3000,270032.688199
8968,3000,270063.893902
8974,3000,270288.614881
9224,3000,270320.786837
8798,3000,270354.8586
8804,3000,270402.628335
9076,3000,270433.384827
8868,3000,270461.473178
8766,3000,270494.849516
9018,3000,270522.329436
9060,3000,270553.969803
9160,3000,270585.881991
9204,3000,270618.346956
9082,3000,270652.903204
8710,3000,270682.848581
9060,3000,270715.711674
9004,3000,270749.775901
9074,3000,270779.578228
9130,3000,270808.603895
8946,3000,270838.721796
8940,3000,270868.981489
8928,3000,270900.072571
9020,3000,270932.653639
9056,3000,270964.823331
9000,3000,270996.050603
9102,3000,271025.391135
8678,3000,271059.986397
8772,3000,271095.702184
8156,3000,271129.793888
8836,3000,271159.694141
9308,3000,271189.796504
9050,3000,271218.306492
9140,3000,271248.997608
8714,3000,271282.454041
9000,3000,271313.314752
9012,3000,271342.926777
8500,3000,271371.611331
9120,3000,271400.486716
9082,3000,271433.497217
8888,3000,271464.190257
8668,3000,271500.896256
8800,3000,271527.162709
9286,3000,271559.302476
8508,3000,271590.110003
8476,3000,271618.917833
9172,3000,271651.876058
8532,3000,271682.679202
8792,3000,271713.107267
8678,3000,271745.141635
9054,3000,271773.303443
9030,3000,271801.732793
8700,3000,271830.538182
9154,3000,271859.20775
8906,3000,271890.06894
9380,3000,271916.974274
8988,3000,271945.94698
9122,3000,271976.084662
9432,3000,272006.551771
9362,3000,272037.249848
9040,3000,272069.129859
9142,3000,272101.255421
9098,3000,272127.753813
9050,3000,272157.80349
8740,3000,272184.255101
8804,3000,272213.875003
8738,3000,272244.968487
9294,3000,272281.947985
9208,3000,272314.239282
9228,3000,272524.446846
9082,3000,272557.949878
8956,3000,272589.155687
9030,3000,272622.390125
8678,3000,272654.978955
9228,3000,272684.493396
9332,3000,272717.855143
8822,3000,272747.239612
9010,3000,272781.807164
8986,3000,272812.587581
9004,3000,272842.260101
9214,3000,272871.81866
9288,3000,272903.707211
9086,3000,272934.772549
9132,3000,272966.937015
8994,3000,273003.411395
9002,3000,273034.682332
8924,3000,273063.357492
8890,3000,273091.975206
9644,3000,273121.413545
9076,3000,273150.704108
9060,3000,273181.065627
9144,3000,273214.151654
9432,3000,273249.101467
8950,3000,273282.200418
8848,3000,273305.764769
9768,3000,273335.567332
8938,3000,273364.999465
8918,3000,273393.372307
8566,3000,273423.324231
9014,3000,273448.282977
8892,3000,273476.954299
9186,3000,273503.051279
8534,3000,273536.318689
9546,3000,273566.14852
8980,3000,273600.885847
8846,3000,273638.619429
9082,3000,273667.349514
9128,3000,273697.980268
8826,3000,273725.91878
8830,3000,273754.470133
9048,3000,273785.378068
8352,3000,273824.669693
8988,3000,273854.10279
9302,3000,273885.004749
8612,3000,273919.057433
9002,3000,273949.711857
9182,3000,273979.944058
8808,3000,274014.643594
9024,3000,274045.375229
9112,3000,274076.611184
9182,3000,274106.765135
8710,3000,274135.5325
9352,3000,274163.973456
9214,3000,274191.070775
9124,3000,274217.418861
8920,3000,274246.064121
9310,3000,274273.909688
8854,3000,274308.503876
8756,3000,274341.951843
8880,3000,274370.831504
9354,3000,274401.657811
8904,3000,274429.306106
9004,3000,274462.048975
9038,3000,274492.172677
9160,3000,274521.077005
8908,3000,274548.499485
9084,3000,274737.469144
9020,3000,274769.651436
9414,3000,274802.649367
9034,3000,274833.96404
8680,3000,274865.980053
8938,3000,274896.855441
8994,3000,274925.964551
8650,3000,274960.249337
9058,3000,274989.598536
8858,3000,275018.946984
8862,3000,275046.38548
9072,3000,275076.29096
8976,3000,275106.235005
8786,3000,275139.15882
8904,3000,275171.264806
9288,3000,275204.174032
8950,3000,275233.789
9022,3000,275267.708367
9172,3000,275298.969914
9298,3000,275327.880192
9058,3000,275357.421957
8656,3000,275389.870802
8888,3000,275417.193822
8662,3000,275452.123787
9208,3000,275481.571131
9042,3000,275510.007176
9024,3000,275541.357044
9116,3000,275570.866115
8912,3000,275599.48311
9034,3000,275628.314744
8880,3000,275659.538024
9094,3000,275689.558244
8936,3000,275717.159811
8994,3000,275748.656513
9128,3000,275780.459221
9124,3000,275810.861701
8702,3000,275841.603747
8946,3000,275872.173326
8934,3000,275904.122099
8822,3000,275937.180755
8842,3000,275967.563139
7512,3000,276026.303694
8624,3000,276059.48759
9222,3000,276090.114051
9020,3000,276121.544647
9008,3000,276155.007782
8782,3000,276182.359085
8824,3000,276209.033491
8642,3000,276235.413979
8858,3000,276269.166179
8924,3000,276300.137432
9172,3000,276329.331983
9016,3000,276361.333065
9104,3000,276394.582292
9016,3000,276420.16694
9266,3000,276451.34775
8990,3000,276477.805844
9178,3000,276503.448657
8630,3000,276532.12997
8644,3000,276559.849447
9028,3000,276591.500193
8274,3000,276624.646322
8650,3000,276652.143359
9014,3000,276679.810383
9096,3000,276710.446964
9306,3000,276741.146127
8874,3000,276770.379278
9180,3000,276942.127331
8914,3000,276973.092505
8724,3000,277000.778593
9134,3000,277031.484671
9016,3000,277066.548074
9982,3000,277095.215333
8658,3000,277128.439481
9004,3000,277160.403499
8918,3000,277193.747449
9120,3000,277228.197625
8886,3000,277261.949687
8928,3000,277293.538923
8846,3000,277324.470914
8940,3000,277356.498896
8820,3000,277389.349129
8778,3000,277422.586442
8746,3000,277457.928374
8972,3000,277487.232794
8850,3000,277517.923095
9244,3000,277550.204745
8906,3000,277582.165284
9192,3000,277612.734995
8844,3000,277643.248879
9194,3000,277672.25507
8902,3000,277701.759503
8664,3000,277731.970497
9260,3000,277759.136802
9042,3000,277788.770297
8932,3000,277817.843413
9268,3000,277849.1989
9172,3000,277875.794271
9136,3000,277910.871393
9108,3000,277941.819236
9128,3000,277971.380284
9302,3000,278000.033113
9124,3000,278032.129454
9040,3000,278059.172632
8820,3000,278089.790881
9022,3000,278121.379145
8840,3000,278161.934201
9276,3000,278189.9645
9378,3000,278220.691035
9080,3000,278246.321765
9156,3000,278276.204148
8874,3000,278304.627521
9062,3000,278334.711022
9558,3000,278363.055367
9058,3000,278393.343391
9030,3000,278423.239054
9566,3000,278452.170259
9218,3000,278482.353522
9074,3000,278513.978063
8758,3000,278545.708653
9288,3000,278579.750935
8960,3000,278609.589165
9150,3000,278639.608267
8834,3000,278671.527957
9074,3000,278702.841575
9968,3000,278735.795478
9622,3000,278768.516973
9012,3000,278798.561705
9038,3000,278831.139686
9362,3000,278855.537176
9162,3000,278883.696551
8772,3000,278913.047059
8538,3000,278948.743769
8928,3000,279158.770818
9022,3000,279189.397587
8682,3000,279223.890855
8564,3000,279257.745131
9226,3000,279288.809092
9208,3000,279315.568523
9026,3000,279348.686104
9034,3000,279381.948156
9168,3000,279415.913637
9184,3000,279445.943228
8480,3000,279476.035947
8750,3000,279503.360461
9434,3000,279534.367611
8950,3000,279559.690195
8824,3000,279587.441812
9016,3000,279614.882658
9128,3000,279645.108285
8978,3000,279677.458971
9006,3000,279705.298871
8776,3000,279736.248851
9132,3000,279768.201607
8710,3000,279796.318292
8408,3000,279828.797785
9006,3000,279861.809969
8730,3000,279889.383943
9326,3000,279917.279799
8720,3000,279948.983379
9174,3000,279980.55539
8770,3000,280009.878413
8628,3000,280047.597981
8844,3000,280081.194647
8950,3000,280111.274432
8864,3000,280143.163834
9072,3000,280176.421994
9122,3000,280206.637385
9388,3000,280237.595872
8922,3000,280268.761152
9022,3000,280293.609807
9166,3000,280325.052399
8688,3000,280361.006593
8858,3000,280395.528811
9168,3000,280428.166641
8988,3000,280460.884493
9326,3000,280489.040529
9356,3000,280520.55247
8982,3000,280553.501593
8904,3000,280589.324075
8864,3000,280620.066911
9002,3000,280650.441994
8750,3000,280683.245575
9018,3000,280713.598807
9370,3000,280746.840628
8836,3000,280780.97018
8774,3000,280815.609784
8756,3000,280843.641965
8680,3000,280870.143966
9000,3000,280900.564964
9080,3000,280933.910935
8746,3000,280970.840262
9012,3000,281001.949903
9100,3000,281030.093937
8360,3000,281065.519365
9094,3000,281093.587978
9112,3000,281124.964529
8814,3000,281156.851765
9318,3000,281185.705557
9154,3000,281217.568816
9088,3000,281471.944714
9102,3000,281500.31461
8944,3000,281528.406926
9072,3000,281558.234413
8806,3000,281590.412989
9100,3000,281616.390266
8740,3000,281653.359888
9180,3000,281687.64699
8876,3000,281723.145047
9216,3000,281751.357553
9084,3000,281780.832239
9110,3000,281809.713011
9126,3000,281838.625566
9124,3000,281870.053041
9056,3000,281903.718963
9458,3000,281938.403273
9070,3000,281970.535036
8834,3000,282009.100299
9016,3000,282039.650116
9072,3000,282069.2929
9304,3000,282101.963115
9052,3000,282135.888454
9044,3000,282172.677527
9068,3000,282202.761626
9142,3000,282234.51409
8266,3000,282266.07785
9030,3000,282297.536256
9130,3000,282332.096858
9328,3000,282362.758894
8918,3000,282396.137906
8850,3000,282427.494604
8744,3000,282458.482918
9036,3000,282490.411787
9234,3000,282520.292053
9290,3000,282549.725767
8934,3000,282578.782056
9140,3000,282607.669678
8988,3000,282637.845441
9268,3000,282664.7606
9158,3000,282691.500425
8772,3000,282723.384238
9124,3000,282752.508067
9142,3000,282782.689526
9316,3000,282810.476001
9098,3000,282840.22874
9002,3000,282875.472293
8550,3000,282907.132005
8964,3000,282939.304807
9034,3000,282969.808947
8650,3000,283002.382074
8964,3000,283032.530675
9110,3000,283061.458124
9262,3000,283088.966616
8868,3000,283118.037702
8764,3000,283155.563063
8814,3000,283184.532097
9030,3000,283215.873758
9596,3000,283246.827338
8994,3000,283277.014391
8890,3000,283307.13739
9086,3000,283339.201107
9082,3000,283370.45199
9042,3000,283401.097851
8938,3000,283433.309667
8846,3000,283459.996735
8988,3000,283491.424891
8812,3000,283519.963485
9226,3000,283778.038147
8978,3000,283807.477281
8944,3000,283838.186179
8624,3000,283868.082973
9226,3000,283896.482853
8954,3000,283929.366997
8896,3000,283963.273573
8840,3000,283995.045527
8788,3000,284035.584576
9406,3000,284063.178437
8832,3000,284096.893249
8954,3000,284129.746301
9424,3000,284158.589258
8784,3000,284186.014531
9040,3000,284217.958826
9406,3000,284247.366521
9164,3000,284281.213355
9212,3000,284311.341559
9162,3000,284343.603376
9066,3000,284376.296091
9404,3000,284409.650642
8898,3000,284442.113268
9042,3000,284476.425339
8980,3000,284508.525473
8664,3000,284542.296459
8960,3000,284575.482677
8976,3000,284607.686005
8996,3000,284637.839292
9062,3000,284666.194117
8866,3000,284698.634027
9152,3000,284728.290764
8956,3000,284760.839185
9200,3000,284789.348597
8950,3000,284820.999027
9130,3000,284854.56705
9232,3000,284882.758538
8848,3000,284914.296065
8868,3000,284950.240086
9010,3000,284980.634191
8854,3000,285022.333196
8916,3000,285056.792754
8714,3000,285090.371131
8974,3000,285119.921129
9150,3000,285151.377917
8912,3000,285180.856265
8882,3000,285212.934384
8992,3000,285244.545166
9092,3000,285273.239225
8926,3000,285306.077446
9066,3000,285334.447557
8740,3000,285366.538359
9140,3000,285396.516744
9166,3000,285423.788324
8990,3000,285454.144352
8220,3000,285490.605031
9020,3000,285518.300904
9128,3000,285548.236068
9284,3000,285576.343244
9144,3000,285607.911973
8888,3000,285639.965375
9346,3000,285671.525741
9162,3000,285702.719165
8822,3000,285736.924946
8572,3000,285771.706568
8674,3000,285804.577161
9034,3000,285835.202835
9044,3000,286032.374339
8728,3000,286061.099834
9160,3000,286091.368299
8816,3000,286122.480127
8954,3000,286160.237415
9340,3000,286186.475146
9012,3000,286217.065775
9054,3000,286244.655945
8910,3000,286278.132081
8960,3000,286306.691351
8814,3000,286336.084062
8796,3000,286362.366661
9074,3000,286393.607643
8652,3000,286425.855191
8830,3000,286455.816031
8648,3000,286493.803258
8984,3000,286524.889551
8798,3000,286555.844404
8062,3000,286602.216239
9066,3000,286632.078299
8936,3000,286659.113297
8718,3000,286691.186989
8782,3000,286722.877969
9182,3000,286751.911144
8724,3000,286784.02452
9210,3000,286814.18681
9148,3000,286847.391517
8962,3000,286880.380117
9392,3000,286911.618739
8628,3000,286940.334699
8988,3000,286967.079905
9064,3000,286999.048972
9310,3000,287029.569158
9254,3000,287058.176601
9128,3000,287087.158559
9078,3000,287117.116829
8950,3000,287148.034407
9094,3000,287177.287708
9230,3000,287204.780527
8734,3000,287233.946679
8920,3000,287263.100131
9122,3000,287296.965391
8806,3000,287326.495787
9262,3000,287354.468018
9280,3000,287385.575652
8440,3000,287414.866345
8778,3000,287447.312033
8696,3000,287473.068214
9010,3000,287505.730306
9000,3000,287536.143173
8934,3000,287566.501884
8700,3000,287599.019861
9220,3000,287629.856237
8988,3000,287661.630761
9094,3000,287690.340515
9230,3000,287719.094793
9150,3000,287748.330724
9238,3000,287776.900123
8972,3000,287810.611696
9248,3000,287837.224189
9168,3000,287862.136587
9096,3000,287891.130896
9106,3000,287923.907596
8722,3000,287953.014883
8184,3000,287992.082054
9006,3000,288022.808417
9430,3000,288052.521361
8778,3000,288255.249192
8966,3000,288283.133175
9072,3000,288316.149206
9288,3000,288343.299466
8976,3000,288376.446665
8924,3000,288403.905804
8802,3000,288434.299498
8980,3000,288466.225634
9100,3000,288498.517834
8914,3000,288530.566806
9578,3000,288563.995042
8964,3000,288596.795376
8668,3000,288629.22857
9310,3000,288662.531563
8784,3000,288695.254214
9152,3000,288725.597211
8910,3000,288757.400798
8844,3000,288789.433336
8968,3000,288821.112408
8612,3000,288852.578014
9556,3000,288880.252073
8948,3000,288907.563153
8930,3000,288941.855677
8956,3000,288971.232864
8732,3000,289002.413993
9060,3000,289033.751084
9184,3000,289062.274761
8988,3000,289096.222008
8844,3000,289126.974038
8846,3000,289160.025525
8974,3000,289192.268482
9112,3000,289223.669309
9030,3000,289255.290532
9322,3000,289286.490234
8990,3000,289316.860486
9220,3000,289345.233691
8980,3000,289378.161443
9252,3000,289410.125181
9278,3000,289438.435577
9058,3000,289467.312461
8774,3000,289501.375734
8832,3000,289535.715405
8968,3000,289566.43266
8732,3000,289598.149009
9098,3000,289628.35271
8954,3000,289661.217336
9088,3000,289691.274706
9274,3000,289724.674132
9664,3000,289753.291999
8712,3000,289786.332449
8996,3000,289813.556301
8640,3000,289843.244786
9222,3000,289873.306136
8436,3000,289904.475902
8914,3000,289938.110191
9096,3000,289965.803661
8778,3000,289998.741621
8926,3000,290026.129328
9042,3000,290056.970088
8938,3000,290086.539704
8698,3000,290115.023953
8804,3000,290146.111594
8730,3000,290182.31096
9082,3000,290212.461234
9052,3000,290248.747226
8966,3000,290276.696102
9218,3000,290305.599951
8892,3000,290553.824036
9034,3000,290584.139983
9248,3000,290616.36314
9044,3000,290643.259331
8926,3000,290672.82754
8520,3000,290706.508782
9158,3000,290733.571749
8760,3000,290764.094575
8896,3000,290799.571759
9496,3000,290830.183147
9422,3000,290859.983809
8752,3000,290890.32669
8728,3000,290924.999499
8844,3000,290956.894202
8940,3000,290989.073402
8942,3000,291018.934117
9222,3000,291051.944181
9026,3000,291077.765507
9324,3000,291110.144447
9092,3000,291137.244351
8698,3000,291170.386368
8940,3000,291204.679161
9254,3000,291232.559994
8862,3000,291262.601588
9134,3000,291290.138736
8958,3000,291320.467691
8918,3000,291351.992082
8942,3000,291378.797651
9100,3000,291405.845523
9108,3000,291440.495404
8676,3000,291469.723509
9002,3000,291501.624864
8916,3000,291536.377835
9108,3000,291565.959116
9028,3000,291595.09793
9128,3000,291623.975975
9102,3000,291652.53753
9072,3000,291683.685064
9056,3000,291715.207292
9372,3000,291743.868569
8928,3000,291774.631798
9050,3000,291802.269706
8658,3000,291832.653119
9050,3000,291865.647545
9120,3000,291895.157203
9072,3000,291920.568439
9092,3000,291949.19273
9886,3000,291977.57982
9132,3000,292006.999413
8858,3000,292040.112613
9152,3000,292077.958439
9176,3000,292108.161561
9194,3000,292141.981439
8978,3000,292177.041002
9036,3000,292207.209422
9576,3000,292236.819228
9132,3000,292268.159649
8910,3000,292299.6304
8838,3000,292334.214972
9130,3000,292365.518791
9126,3000,292394.616062
8416,3000,292427.792179
8898,3000,292457.595959
9294,3000,292489.477219
8730,3000,292522.607816
9198,3000,292551.59406
9108,3000,292768.677599
9104,3000,292796.333183
8708,3000,292827.932664
8844,3000,292859.833741
8794,3000,292891.972247
8984,3000,292922.249926
8918,3000,292952.23361
8774,3000,292985.235286
8862,3000,293011.981017
9078,3000,293041.001787
8876,3000,293068.748579
8870,3000,293101.698901
8722,3000,293134.752338
9030,3000,293163.48414
9058,3000,293194.512572
9282,3000,293228.082949
9244,3000,293259.93909
9384,3000,293286.66087
9360,3000,293317.764459
8606,3000,293348.864926
9244,3000,293377.840592
8688,3000,293408.933588
8652,3000,293437.876867
9124,3000,293470.014491
9000,3000,293505.82544
9268,3000,293534.835486
8738,3000,293571.631357
8834,3000,293601.276474
9076,3000,293629.474681
8950,3000,293662.214215
8856,3000,293694.632258
8984,3000,293723.131776
9024,3000,293752.101493
8940,3000,293786.267449
8332,3000,293818.097624
8992,3000,293849.102398
9194,3000,293881.457983
8656,3000,293914.156495
8952,3000,293944.69679
8920,3000,293972.706151
8862,3000,294005.679349
8670,3000,294037.78113
8704,3000,294069.059024
9124,3000,294099.180916
8884,3000,294129.557901
8884,3000,294161.149494
8836,3000,294195.348294
8736,3000,294227.566749
9036,3000,294260.071229
8378,3000,294289.488275
9050,3000,294320.934437
9220,3000,294349.270403
9280,3000,294381.454661
8380,3000,294415.841686
9072,3000,294447.699581
9234,3000,294478.869742
9000,3000,294508.262794
8888,3000,294539.01141
9142,3000,294567.678669
9028,3000,294596.994994
8650,3000,294627.061293
8800,3000,294656.44577
8910,3000,294689.916815
8962,3000,294721.391619
8956,3000,294749.834602
8876,3000,294781.84668
9118,3000,294813.675843
9088,3000,295032.629422
9036,3000,295063.885302
8918,3000,295090.018539
8936,3000,295123.398112
9334,3000,295155.932406
9002,3000,295186.405252
9042,3000,295214.843105
9004,3000,295243.514516
8454,3000,295275.779453
9002,3000,295303.41667
8866,3000,295335.302516
8990,3000,295367.507645
8660,3000,295401.470993
8760,3000,295432.834444
8858,3000,295464.000818
9032,3000,295492.486882
8944,3000,295523.535722
8892,3000,295556.830529
8726,3000,295590.632746
8778,3000,295620.563298
9194,3000,295650.631878
8926,3000,295680.956527
9122,3000,295708.680031
8972,3000,295739.194923
8978,3000,295769.220973
8552,3000,295803.766059
9308,3000,295836.755009
8484,3000,295870.481424
8888,3000,295905.363648
8906,3000,295934.220891
8574,3000,295970.270141
8560,3000,296006.222161
9212,3000,296037.62659
9008,3000,296066.756706
9178,3000,296098.001104
9016,3000,296129.594629
8940,3000,296164.515449
8632,3000,296197.532423
9010,3000,296229.006603
8872,3000,296259.291281
9190,3000,296286.217343
8952,3000,296318.150496
9212,3000,296349.451989
8852,3000,296382.232032
9114,3000,296409.96241
8758,3000,296442.13889
9226,3000,296471.917729
9030,3000,296504.61657
9152,3000,296535.521567
9538,3000,296565.492733
9354,3000,296595.477595
9104,3000,296626.684242
8920,3000,296657.873823
8908,3000,296689.251686
8860,3000,296723.080916
9004,3000,296751.829713
8788,3000,296781.732506
9058,3000,296812.598713
8798,3000,296843.367603
8926,3000,296877.206409
8956,3000,296904.856268
9168,3000,296934.76486
8346,3000,296972.314138
8922,3000,296999.578156
8860,3000,297028.273713
9092,3000,297059.992274
9510,3000,297092.585945
8992,3000,297379.081819
8550,3000,297410.534659
8960,3000,297440.986566
8714,3000,297471.261477
9274,3000,297503.030995
9598,3000,297535.611975
8886,3000,297567.068934
8948,3000,297594.053339
8664,3000,297623.869197
7804,3000,297685.905496
8944,3000,297713.097902
8888,3000,297741.534962
8250,3000,297775.174671
8828,3000,297802.676597
9008,3000,297834.801899
8802,3000,297867.405376
8768,3000,297897.853599
9016,3000,297927.100603
8872,3000,297956.906369
8832,3000,297983.680512
8856,3000,298018.103195
8748,3000,298049.372086
9162,3000,298079.874781
8874,3000,298111.796095
9032,3000,298145.081399
9218,3000,298177.300437
9064,3000,298209.194003
9240,3000,298240.405406
8880,3000,298268.615451
9410,3000,298300.029659
8850,3000,298332.221011
9026,3000,298364.977677
9230,3000,298393.296031
9348,3000,298420.674564
9606,3000,298452.115363
9180,3000,298479.825237
8852,3000,298513.063677
9000,3000,298545.803251
8858,3000,298579.223299
9000,3000,298609.083053
8636,3000,298640.113001
8950,3000,298667.199255
8826,3000,298699.766559
8812,3000,298729.431206
9040,3000,298761.096748
9048,3000,298789.957482
9138,3000,298820.773892
8702,3000,298856.505706
8832,3000,298889.531673
9108,3000,298918.738633
9062,3000,298947.514606
8684,3000,298977.604013
9578,3000,299008.218083
8982,3000,299039.81368
8904,3000,299067.850994
8190,3000,299110.482699
8700,3000,299143.496646
9134,3000,299170.936846
8996,3000,299201.561687
9032,3000,299228.271658
9022,3000,299258.071802
8784,3000,299291.239244
8986,3000,299324.267673
8840,3000,299355.67047
7478,3000,299410.311947
9258,3000,299436.661078
8864,3000,299634.192075
9092,3000,299664.759098
9192,3000,299692.933736
8874,3000,299725.122424
9400,3000,299756.241982
8716,3000,299785.719281
9200,3000,299817.169772
8684,3000,299854.480082
8996,3000,299888.611099
8744,3000,299918.394707
8648,3000,299949.343624
8924,3000,299983.198516
8886,3000,300012.285931
9108,3000,300040.589397
9164,3000,300070.31974
9114,3000,300101.658437
9044,3000,300132.61077
9118,3000,300162.135655
9064,3000,300193.99982
9052,3000,300228.37279
8604,3000,300259.625881
8862,3000,300286.786079
8838,3000,300317.972147
8910,3000,300349.54835
8992,3000,300383.611118
9000,3000,300413.918181
9414,3000,300442.799613
9490,3000,300476.055821
9056,3000,300508.50287
8586,3000,300543.157471
9460,3000,300570.225765
8780,3000,300603.080706
8564,3000,300631.049245
9034,3000,300659.845961
9152,3000,300688.873583
8898,3000,300719.195642
9062,3000,300749.71785
9022,3000,300778.972951
8798,3000,300810.062122
8874,3000,300839.118104
8994,3000,300871.009674
8992,3000,300901.755734
8946,3000,300932.177413
9078,3000,300964.904015
9156,3000,300995.534161
9246,3000,301025.797158
9204,3000,301054.865526
8922,3000,301085.269357
9412,3000,301117.570379
8812,3000,301147.820274
9124,3000,301182.080799
8482,3000,301211.84214
9068,3000,301242.99503
9012,3000,301273.804262
8970,3000,301306.132776
9060,3000,301335.75014
8724,3000,301367.100891
8894,3000,301399.2578
9176,3000,301428.803723
8916,3000,301461.614098
8796,3000,301494.079367
9128,3000,301522.793445
9424,3000,301558.834484
9110,3000,301594.920421
9198,3000,301626.434254
9004,3000,301657.04352
9020,3000,301687.321747
8930,3000,301912.278002
8820,3000,301941.958416
9432,3000,301975.44477
9596,3000,302008.729701
9146,3000,302041.205881
9166,3000,302073.179954
8886,3000,302108.917125
8840,3000,302138.315189
9062,3000,302170.892001
9096,3000,302201.437189
8614,3000,302238.083362
8844,3000,302265.550096
9060,3000,302298.354758
8972,3000,302334.708629
9268,3000,302367.907719
9076,3000,302396.246
8638,3000,302429.50496
8958,3000,302457.015864
8992,3000,302489.928922
9826,3000,302521.154937
8722,3000,302550.442739
9160,3000,302580.090597
8750,3000,302616.218619
9074,3000,302644.834838
8928,3000,302674.829639
8894,3000,302708.433605
8680,3000,302742.464369
8936,3000,302772.434445
8874,3000,302807.480917
9124,3000,302838.936224
8922,3000,302871.441125
9118,3000,302901.209865
8960,3000,302931.489419
8922,3000,302959.571461
9156,3000,302990.45951
9236,3000,303022.163303
9202,3000,303050.7698
8894,3000,303082.292277
8396,3000,303118.457692
8930,3000,303150.837733
8896,3000,303186.35497
8918,3000,303220.037176
8616,3000,303250.411128
8724,3000,303281.124518
8978,3000,303312.000574
8626,3000,303357.007978
8704,3000,303390.923908
9006,3000,303422.332207
8730,3000,303457.061211
9178,3000,303486.266973
9100,3000,303516.358029
9326,3000,303545.7475
9404,3000,303576.747291
9040,3000,303605.552579
9004,3000,303638.12264
8978,3000,303672.927445
9234,3000,303704.688349
8870,3000,303732.778402
9182,3000,303759.060781
8720,3000,303788.082755
8988,3000,303817.984942
8984,3000,303847.223036
9008,3000,303877.081198
8994,3000,303904.118684
8994,3000,303934.900439
9110,3000,303964.574299
9016,3000,303997.591076
8796,3000,304179.218856
9050,3000,304211.739215
9176,3000,304238.892814
8860,3000,304268.800049
8914,3000,304295.634686
8896,3000,304324.396786
9448,3000,304351.883578
8978,3000,304386.02002
8932,3000,304416.453037
9042,3000,304441.981056
8996,3000,304470.997296
8904,3000,304503.515726
8978,3000,304535.891592
8760,3000,304560.869073
9098,3000,304594.408959
8592,3000,304628.054919
9028,3000,304660.718209
8978,3000,304691.507465
8974,3000,304723.477905
8712,3000,304749.036211
8592,3000,304777.722564
8532,3000,304812.02665
9230,3000,304842.255642
8806,3000,304876.503565
9416,3000,304904.608959
9120,3000,304934.548651
9128,3000,304967.640703
8962,3000,304998.780482
9186,3000,305031.690475
8950,3000,305064.412637
9196,3000,305093.715394
9034,3000,305123.680016
9106,3000,305155.436408
9024,3000,305187.429111
9350,3000,305220.308686
8908,3000,305252.1988
9006,3000,305283.837439
9080,3000,305315.344385
9060,3000,305347.380798
8504,3000,305378.855184
8872,3000,305405.503265
8864,3000,305434.802708
9004,3000,305466.508884
9002,3000,305495.209445
8966,3000,305529.632177
8748,3000,305560.002679
8948,3000,305595.276347
8924,3000,305626.245435
8800,3000,305658.943382
8546,3000,305693.54225
9130,3000,305726.804806
8816,3000,305757.022052
9428,3000,305789.201293
8922,3000,305816.376247
8754,3000,305846.886247
9158,3000,305878.404527
8976,3000,305906.989008
8894,3000,305937.362356
8762,3000,305970.85584
8734,3000,306006.084162
9258,3000,306037.713754
9064,3000,306072.033899
8934,3000,306104.141063
9022,3000,306130.549351
9064,3000,306159.275321
9342,3000,306196.5177
9020,3000,306472.444783
8908,3000,306505.282748
9096,3000,306535.727752
9160,3000,306565.889118
8790,3000,306598.539703
8308,3000,306630.185158
8576,3000,306666.814812
9168,3000,306697.400735
8910,3000,306727.619808
9090,3000,306756.782181
8850,3000,306786.072584
9056,3000,306815.849773
8998,3000,306846.059141
8988,3000,306876.690171
8796,3000,306907.316936
9030,3000,306939.773258
8756,3000,306967.115181
9034,3000,306999.333029
8926,3000,307030.976869
9042,3000,307060.249013
9092,3000,307085.2963
8938,3000,307110.078742
8568,3000,307142.720363
9580,3000,307175.933351
8978,3000,307206.364815
9282,3000,307238.405526
8506,3000,307270.304347
9090,3000,307302.598424
8956,3000,307329.013455
8986,3000,307359.325528
9200,3000,307388.009116
8502,3000,307423.472808
8918,3000,307451.088572
8766,3000,307480.537926
8848,3000,307509.487106
8928,3000,307545.675487
9640,3000,307576.87107
8984,3000,307602.911935
9230,3000,307635.164325
8772,3000,307672.827433
9200,3000,307705.91959
8844,3000,307736.768224
8782,3000,307769.405768
8940,3000,307803.181423
9100,3000,307833.555858
8898,3000,307863.194084
9266,3000,307891.724471
8982,3000,307921.649857
8832,3000,307951.75789
8808,3000,307985.880341
8904,3000,308019.223461
8638,3000,308046.426551
8886,3000,308077.016113
9104,3000,308109.684241
8986,3000,308141.378212
8668,3000,308172.188328
8882,3000,308204.17166
9032,3000,308233.85332
9040,3000,308261.860555
8672,3000,308293.218508
8820,3000,308325.12387
8936,3000,308356.538154
9250,3000,308386.414628
9234,3000,308417.760424
8970,3000,308451.12088
9200,3000,308485.454618
9110,3000,308514.964622
9006,3000,308762.978036
9206,3000,308791.2859
8842,3000,308819.226327
9192,3000,308846.518772
6430,3000,308919.923645
9034,3000,308950.881893
8576,3000,308978.973964
8862,3000,309011.268955
9196,3000,309041.632495
9526,3000,309074.081298
9178,3000,309102.236788
9130,3000,309129.918715
9048,3000,309161.631048
9278,3000,309189.636198
8704,3000,309224.85307
8974,3000,309250.741916
8778,3000,309280.162173
9060,3000,309307.336019
8868,3000,309335.595995
8484,3000,309365.233929
9146,3000,309396.473872
8592,3000,309430.817493
8934,3000,309464.363344
8434,3000,309500.8352
8840,3000,309529.493488
9182,3000,309557.981886
8734,3000,309585.964332
9158,3000,309616.995904
8872,3000,309650.213858
8956,3000,309678.001169
8870,3000,309709.860912
9128,3000,309735.560225
9102,3000,309765.707977
8520,3000,309795.614243
8262,3000,309837.476937
8966,3000,309872.31163
8660,3000,309905.62573
9242,3000,309931.90175
8866,3000,309964.734659
9070,3000,309997.607444
8948,3000,310028.482223
8618,3000,310059.504878
9276,3000,310088.048881
8898,3000,310111.994436
9010,3000,310140.814141
8860,3000,310170.478138
8988,3000,310198.485486
9200,3000,310228.89794
9064,3000,310261.739376
9026,3000,310292.534473
9020,3000,310322.348993
8858,3000,310352.17882
8854,3000,310383.415726
9130,3000,310412.796854
8960,3000,310439.554186
9108,3000,310470.201841
9082,3000,310499.269685
8988,3000,310527.97808
9028,3000,310558.351422
8810,3000,310591.101806
8878,3000,310618.515482
8714,3000,310652.513767
8906,3000,310682.460952
9186,3000,310711.485519
8996,3000,310742.102702
9220,3000,310773.144256
8976,3000,310802.486475
9030,3000,311016.145225
9062,3000,311048.466351
9026,3000,311080.11321
9254,3000,311115.529911
9004,3000,311146.611816
8712,3000,311178.536669
8902,3000,311207.757097
8954,3000,311238.270256
8838,3000,311265.11358
9016,3000,311298.235588
9118,3000,311328.592405
8904,3000,311359.59638
8922,3000,311392.80757
8826,3000,311427.880202
9080,3000,311459.934053
9056,3000,311486.049287
9192,3000,311515.097036
9020,3000,311546.647054
9384,3000,311579.089914
9076,3000,311609.077615
8586,3000,311640.860013
9114,3000,311670.194999
9000,3000,311699.823551
9034,3000,311730.90327
9172,3000,311761.77241
8980,3000,311792.893707
8990,3000,311819.292708
8862,3000,311850.13342
8822,3000,311882.694231
9056,3000,311911.784704
9050,3000,311941.982757
8940,3000,311973.573472
8994,3000,312004.545836
9008,3000,312037.264464
9112,3000,312067.796191
8614,3000,312096.839545
8714,3000,312125.931169
8948,3000,312153.786787
9280,3000,312189.404665
9470,3000,312218.180041
8926,3000,312248.144376
9016,3000,312279.518711
9084,3000,312308.235624
9066,3000,312337.234211
8972,3000,312368.524899
9016,3000,312399.039603
9030,3000,312430.986001
8986,3000,312464.723969
9164,3000,312496.976222
8980,3000,312524.783976
8824,3000,312557.215902
7890,3000,312609.266695
8902,3000,312639.965306
9166,3000,312671.493598
8928,3000,312700.208895
8932,3000,312730.379923
9148,3000,312763.140136
9372,3000,312791.917864
8984,3000,312826.357075
8990,3000,312855.838437
8882,3000,312888.974859
9112,3000,312920.389809
9036,3000,312950.029421
9350,3000,312989.271381
8636,3000,313021.7906
8940,3000,313049.466751
9070,3000,313256.472377
8654,3000,313290.105523
8958,3000,313324.929435
9236,3000,313357.773727
8734,3000,313387.171577
8374,3000,313418.415137
9076,3000,313447.522227
9084,3000,313478.342819
8990,3000,313509.85495
8536,3000,313540.183319
8492,3000,313572.180042
9484,3000,313601.80708
9306,3000,313633.109758
8578,3000,313665.184948
9066,3000,313696.583867
8702,3000,313727.926208
9168,3000,313756.295336
8832,3000,313791.99027
9178,3000,313822.075056
8922,3000,313851.04144
8882,3000,313881.134566
8472,3000,313914.853392
8784,3000,313945.012042
9136,3000,313975.183155
9030,3000,314008.013548
9146,3000,314034.570039
8936,3000,314061.925608
9080,3000,314094.152815
9160,3000,314120.44014
9000,3000,314150.409693
8864,3000,314181.939708
9176,3000,314209.449724
8978,3000,314239.60672
8964,3000,314268.798448
8838,3000,314302.392819
8668,3000,314332.660201
9098,3000,314361.317958
8364,3000,314393.475722
9124,3000,314422.930088
8784,3000,314455.280769
9014,3000,314487.02374
9014,3000,314517.417797
9066,3000,314550.995574
9450,3000,314579.628907
8960,3000,314612.577857
8890,3000,314645.135973
8876,3000,314669.487866
8540,3000,314698.14652
8982,3000,314730.435515
9154,3000,314758.636761
9016,3000,314788.250369
8826,3000,314815.09805
8848,3000,314847.035961
9060,3000,314880.902756
8960,3000,314916.052455
9274,3000,314948.658556
8878,3000,314977.723296
8852,3000,315009.314119
9456,3000,315042.588494
9072,3000,315077.94799
8918,3000,315109.18498
9032,3000,315138.41334
8646,3000,315166.486188
9096,3000,315197.853655
8872,3000,315230.772669
9194,3000,315262.589278
9158,3000,315292.312485
8888,3000,315482.491478
9020,3000,315512.356791
9208,3000,315541.756266
9590,3000,315571.948664
8948,3000,315603.534896
8782,3000,315632.772857
9904,3000,315663.762591
9338,3000,315694.422746
9004,3000,315724.198739
9426,3000,315749.912509
9442,3000,315782.99589
8972,3000,315815.577563
9016,3000,315847.956791
8988,3000,315875.544974
8966,3000,315906.282456
8712,3000,315935.878767
9150,3000,315963.589296
9048,3000,315996.602223
8904,3000,316028.164062
7770,3000,316089.62333
8760,3000,316119.144742
9424,3000,316151.305055
8336,3000,316190.188422
8702,3000,316223.937638
9064,3000,316254.78819
9068,3000,316285.74668
8938,3000,316317.456752
8836,3000,316350.17357
8904,3000,316384.108927
8482,3000,316414.879669
9196,3000,316444.423665
8798,3000,316479.586352
8952,3000,316509.800478
9064,3000,316537.107897
9144,3000,316568.992213
9334,3000,316597.648841
8768,3000,316626.271079
9490,3000,316655.111811
9118,3000,316686.293959
9060,3000,316715.851416
8934,3000,316742.353326
9050,3000,316772.458092
9252,3000,316805.97621
9270,3000,316835.834843
9502,3000,316867.560197
9228,3000,316896.995189
9198,3000,316927.68332
8618,3000,316958.137836
8874,3000,316988.254932
8800,3000,317014.573641
8874,3000,317044.504071
8754,3000,317077.093397
8830,3000,317107.973136
9106,3000,317140.032984
8996,3000,317171.098927
9034,3000,317197.984612
8918,3000,317227.048667
8984,3000,317259.669072
9782,3000,317293.11162
8624,3000,317326.239081
9046,3000,317354.798343
8922,3000,317388.333135
9018,3000,317419.479046
8696,3000,317451.781011
9278,3000,317482.557306
9058,3000,317512.32414
9048,3000,317543.626888
9246,3000,317784.735096
8968,3000,317816.898052
9128,3000,317848.455352
9164,3000,317878.934169
9070,3000,317905.841793
9102,3000,317934.197942
8918,3000,317962.65292
9268,3000,317993.266077
8972,3000,318020.381638
9338,3000,318050.754237
9456,3000,318077.440611
9162,3000,318111.787534
8820,3000,318145.533627
8946,3000,318177.738547
8802,3000,318208.403429
8830,3000,318240.600665
9336,3000,318269.236455
9030,3000,318300.92117
8806,3000,318333.671757
9066,3000,318365.383416
8926,3000,318396.767561
9208,3000,318427.954298
8900,3000,318461.269355
8764,3000,318495.940722
9062,3000,318523.609293
8992,3000,318551.492215
8852,3000,318581.062008
8972,3000,318610.750727
8824,3000,318640.589951
7562,3000,318705.955525
9576,3000,318736.672396
9104,3000,318762.976183
9130,3000,318791.762021
8654,3000,318827.25198
9060,3000,318856.983043
9412,3000,318889.438151
9080,3000,318917.433803
8900,3000,318950.366764
8970,3000,318980.049324
8984,3000,319010.141644
9120,3000,319041.253986
9112,3000,319070.103343
8758,3000,319100.500564
8962,3000,319130.859807
8700,3000,319167.052747
8960,3000,319198.322097
9554,3000,319228.431132
9064,3000,319255.746875
9008,3000,319287.493482
9300,3000,319319.880677
8954,3000,319350.159684
9188,3000,319385.076792
9224,3000,319413.698901
9772,3000,319447.683904
8866,3000,319475.952532
8878,3000,319508.511183
8532,3000,319543.209589
8996,3000,319572.469857
9548,3000,319603.766849
8948,3000,319630.914977
8978,3000,319664.133093
9254,3000,319694.630573
9066,3000,319728.112928
8852,3000,319759.920787
9058,3000,319793.478436
9354,3000,319827.106503
8824,3000,320058.826424
9174,3000,320091.01855
8870,3000,320123.121811
8934,3000,320153.67213
9024,3000,320188.266099
8878,3000,320221.315228
8926,3000,320247.221864
8684,3000,320285.022611
9044,3000,320315.465009
9048,3000,320347.797469
9012,3000,320377.06736
9108,3000,320409.873407
8426,3000,320443.500506
9432,3000,320476.530066
9028,3000,320508.177909
9078,3000,320539.594692
8988,3000,320575.376484
9204,3000,320604.899056
9168,3000,320638.773412
8672,3000,320673.148092
9356,3000,320704.607588
9100,3000,320736.837536
8674,3000,320771.272696
8704,3000,320808.450945
8940,3000,320839.646572
8906,3000,320867.082065
9398,3000,320895.684501
8508,3000,320924.552726
9282,3000,320951.958586
9608,3000,320986.125613
9196,3000,321015.754339
8962,3000,321047.859909
8432,3000,321085.184119
9688,3000,321114.661621
9138,3000,321143.762208
8984,3000,321172.351491
9162,3000,321201.785637
9098,3000,321231.842911
8940,3000,321260.286954
8942,3000,321289.152779
8988,3000,321318.738796
9088,3000,321348.053005
8918,3000,321373.991813
9022,3000,321410.585818
9034,3000,321442.125248
9152,3000,321472.57321
8556,3000,321505.300237
8970,3000,321539.953375
8914,3000,321572.999192
8822,3000,321611.078106
8960,3000,321641.811137
8912,3000,321676.73077
9324,3000,321707.02142
9066,3000,321740.072332
9126,3000,321769.772507
9006,3000,321796.790925
9488,3000,321823.949301
9250,3000,321857.548873
8830,3000,321891.107816
8842,3000,321918.079088
9392,3000,321945.582537
9030,3000,321977.116683
8716,3000,322011.397852
9004,3000,322041.218426
8864,3000,322076.083721
9228,3000,322104.827923
9372,3000,322134.163049
9110,3000,322394.917956
8942,3000,322422.908348
8886,3000,322450.805742
8806,3000,322481.280891
8886,3000,322510.643956
9116,3000,322543.923341
8920,3000,322576.91795
8982,3000,322606.01065
8878,3000,322632.792531
8884,3000,322664.5145
8852,3000,322697.144678
8870,3000,322729.47734
9248,3000,322763.663982
8912,3000,322797.55844
8806,3000,322826.798173
8558,3000,322858.24033
8946,3000,322890.027401
9168,3000,322921.857381
8904,3000,322956.588384
9050,3000,322989.130839
9052,3000,323017.171582
8988,3000,323049.875237
8900,3000,323081.664675
9088,3000,323111.006854
9336,3000,323140.657293
9398,3000,323170.419738
9028,3000,323201.532845
8944,3000,323233.845522
9152,3000,323262.79597
9036,3000,323292.673487
9032,3000,323326.889561
8884,3000,323354.356275
9540,3000,323384.7789
8730,3000,323413.991844
9192,3000,323452.663061
9576,3000,323479.931541
9354,3000,323511.823853
8860,3000,323544.546423
8886,3000,323574.0063
9604,3000,323602.73392
9246,3000,323630.938054
8838,3000,323660.595762
8976,3000,323690.461533
9052,3000,323722.489167
9188,3000,323750.603931
8894,3000,323781.991248
8866,3000,323813.402131
9132,3000,323842.298149
8702,3000,323870.553299
9180,3000,323901.767444
8894,3000,323929.191317
8606,3000,323959.600925
9204,3000,323988.569117
8882,3000,324017.304564
8906,3000,324046.407383
8926,3000,324076.205771
9236,3000,324108.757682
8750,3000,324135.812333
9016,3000,324165.078823
9176,3000,324197.343555
9028,3000,324233.651475
8610,3000,324271.179083
8708,3000,324301.574789
9014,3000,324335.12777
9028,3000,324362.565586
9172,3000,324395.490409
9548,3000,324426.467018
8534,3000,324702.825521
9190,3000,324737.510743
8940,3000,324764.866847
9050,3000,324792.167877
9014,3000,324824.095363
8942,3000,324855.827433
8930,3000,324886.842055
8746,3000,324918.577822
9156,3000,324946.882974
9098,3000,324974.13919
8854,3000,325004.817026
9636,3000,325033.011885
8992,3000,325062.286608
8962,3000,325095.678574
9036,3000,325120.657922
8854,3000,325154.053792
9144,3000,325183.665138
8732,3000,325220.064343
9130,3000,325251.638303
8894,3000,325284.837797
8630,3000,325319.010704
8646,3000,325348.006803
9072,3000,325379.010161
8914,3000,325410.786687
9102,3000,325439.515724
8980,3000,325466.524291
8928,3000,325496.507965
8596,3000,325529.99821
8670,3000,325561.769878
8468,3000,325594.232516
8958,3000,325622.265171
9172,3000,325647.250312
9192,3000,325681.492437
9464,3000,325713.695494
8488,3000,325746.692289
9136,3000,325776.330898
9280,3000,325804.449421
9170,3000,325830.514167
8866,3000,325863.380311
9044,3000,325893.238047
8524,3000,325924.722466
8762,3000,325958.768046
8870,3000,325989.685818
9408,3000,326019.961957
9428,3000,326050.92412
9520,3000,326081.864117
8640,3000,326116.08087
8844,3000,326146.220561
9452,3000,326180.659715
8732,3000,326211.692859
8784,3000,326244.965271
9030,3000,326276.677418
9144,3000,326306.224769
8982,3000,326335.643454
9560,3000,326365.08241
9128,3000,326398.116178
8908,3000,326431.007455
9282,3000,326462.159634
8804,3000,326496.664844
9002,3000,326526.707359
9070,3000,326554.984289
9178,3000,326583.460198
8898,3000,326610.951631
8758,3000,326640.463693
9142,3000,326668.479739
8962,3000,326696.723372
9044,3000,326968.684204
9386,3000,326998.461072
9082,3000,327030.338238
9000,3000,327063.288795
8708,3000,327091.8323
8902,3000,327120.526768
8986,3000,327151.534788
9206,3000,327180.451674
8992,3000,327214.49725
9134,3000,327248.752425
9044,3000,327285.554139
8856,3000,327318.02073
8872,3000,327348.68588
8696,3000,327380.346024
8946,3000,327410.267456
8992,3000,327436.999882
9174,3000,327468.459058
9186,3000,327502.805975
8700,3000,327539.267377
9424,3000,327569.139086
8808,3000,327599.762293
9120,3000,327632.330648
8654,3000,327665.655638
8868,3000,327695.954374
9026,3000,327728.973032
8762,3000,327760.319262
8972,3000,327791.827643
8802,3000,327818.801398
9100,3000,327852.580347
9060,3000,327881.30425
9154,3000,327908.342155
9228,3000,327934.145234
8964,3000,327963.780491
8674,3000,327997.890656
8830,3000,328029.157644
9128,3000,328062.271614
9134,3000,328094.466681
8922,3000,328123.670248
8496,3000,328156.521314
9126,3000,328183.828078
9512,3000,328213.642483
9232,3000,328246.282167
9320,3000,328274.853787
9240,3000,328301.873164
9220,3000,328333.549345
8896,3000,328362.516972
8966,3000,328397.385123
8834,3000,328429.472824
9204,3000,328460.822236
9124,3000,328491.87945
8982,3000,328524.916607
8796,3000,328554.785958
9038,3000,328586.697337
9142,3000,328618.694379
9234,3000,328647.408351
8878,3000,328676.608369
8800,3000,328707.56159
8914,3000,328741.500422
8390,3000,328776.288298
8872,3000,328805.08265
9030,3000,328836.281641
9004,3000,328867.139259
9190,3000,328898.436447
9478,3000,328931.515462
8994,3000,328962.646872
9090,3000,328993.25698
8910,3000,329016.451568
9106,3000,329299.001743
9026,3000,329332.802425
9396,3000,329362.8834
8884,3000,329396.360909
8714,3000,329426.789734
8822,3000,329456.454313
8770,3000,329494.171729
9170,3000,329526.322248
9014,3000,329555.009695
8916,3000,329586.301071
9182,3000,329616.627218
8552,3000,329649.332485
8824,3000,329681.989625
8996,3000,329716.021484
8928,3000,329747.41168
8908,3000,329780.227012
8626,3000,329808.940212
9626,3000,329840.611553
8840,3000,329873.337287
8998,3000,329909.075654
8802,3000,329941.352377
8952,3000,329973.640317
9240,3000,330004.251471
9024,3000,330036.127578
8530,3000,330070.273595
8898,3000,330099.544158
8850,3000,330125.234288
8804,3000,330151.662104
8878,3000,330184.767858
8934,3000,330219.514232
9164,3000,330251.600171
8918,3000,330279.700722
9066,3000,330306.498119
9710,3000,330338.107347
8986,3000,330369.601891
8944,3000,330403.641869
9246,3000,330440.461059
8878,3000,330474.187594
9040,3000,330505.178752
9038,3000,330537.025311
9164,3000,330568.712508
9140,3000,330602.688588
8506,3000,330632.410642
8970,3000,330664.664411
9100,3000,330696.228693
8990,3000,330727.845044
8908,3000,330753.333648
8974,3000,330786.142356
9146,3000,330815.11868
8890,3000,330843.78451
9052,3000,330874.553474
8536,3000,330908.24825
9034,3000,330939.581295
8772,3000,330973.660609
8724,3000,331004.510585
9182,3000,331028.206045
8542,3000,331053.728455
8872,3000,331081.711106
9002,3000,331111.782556
8970,3000,331142.536933
9082,3000,331176.34182
8600,3000,331208.800136
8938,3000,331239.674774
9596,3000,331272.199468
9006,3000,331304.938844
9166,3000,331338.510759
9198,3000,331371.545735
9450,3000,331657.425301
8916,3000,331685.642328
8920,3000,331717.913883
9056,3000,331746.783956
8942,3000,331775.778329
9266,3000,331812.110865
9286,3000,331841.428461
8432,3000,331874.919055
8996,3000,331905.428012
9060,3000,331932.847281
8776,3000,331968.862644
8964,3000,331999.258046
8840,3000,332029.203053
9102,3000,332060.73033
8650,3000,332094.853129
9058,3000,332124.610182
9180,3000,332156.457038
9004,3000,332187.344514
9062,3000,332219.031108
8688,3000,332249.258496
8936,3000,332280.013641
9292,3000,332310.673003
8910,3000,332340.85215
9006,3000,332373.866775
8520,3000,332407.724306
9016,3000,332437.894869
9056,3000,332470.287778
9230,3000,332500.906369
9038,3000,332533.266068
9112,3000,332567.4115
9286,3000,332599.330135
9288,3000,332631.145386
9074,3000,332663.727362
8702,3000,332695.98171
9030,3000,332727.171001
8934,3000,332757.201744
9008,3000,332789.833215
8862,3000,332818.982504
9590,3000,332850.649487
9062,3000,332880.644777
9188,3000,332909.637328
9048,3000,332937.828198
9022,3000,332964.487185
8594,3000,332994.713506
9222,3000,333025.985663
8930,3000,333056.973902
8974,3000,333085.158823
8766,3000,333116.992742
8922,3000,333149.14721
8952,3000,333182.978304
9096,3000,333216.968654
8792,3000,333246.194252
8896,3000,333281.786386
8860,3000,333313.271888
9568,3000,333343.602038
8848,3000,333373.432113
8828,3000,333402.62721
9024,3000,333429.904654
9006,3000,333458.857833
9276,3000,333490.916294
9108,3000,333519.123035
9192,3000,333548.514411
9138,3000,333583.317119
9014,3000,333614.617424
8896,3000,333648.748626
9118,3000,333680.323773
9226,3000,333945.676074
8934,3000,333978.233425
9272,3000,334009.599631
8602,3000,334033.808283
9072,3000,334065.593096
8740,3000,334094.994283
9128,3000,334125.466761
9476,3000,334154.9835
9120,3000,334185.548114
9138,3000,334223.001023
8918,3000,334254.810441
8650,3000,334287.637511
9114,3000,334314.848282
8970,3000,334346.628657
8824,3000,334376.630652
9058,3000,334406.141485
8818,3000,334439.974916
9018,3000,334472.660925
8696,3000,334499.909279
9152,3000,334530.814936
9066,3000,334565.238359
9340,3000,334595.601508
8738,3000,334631.500004
8960,3000,334662.355356
8688,3000,334694.130986
8370,3000,334731.575913
8896,3000,334761.792318
8670,3000,334792.707213
9114,3000,334826.38172
8616,3000,334866.681387
9154,3000,334898.318566
9178,3000,334934.784225
8984,3000,334961.968907
8622,3000,334993.65296
9480,3000,335025.416707
8826,3000,335056.179554
8848,3000,335087.569517
9734,3000,335121.32009
9166,3000,335151.889602
8992,3000,335182.922988
9500,3000,335215.160922
9134,3000,335243.149631
9158,3000,335275.086535
8870,3000,335306.741892
9102,3000,335337.983282
9006,3000,335364.656182
8890,3000,335396.150804
8784,3000,335424.373187
9142,3000,335455.186352
9148,3000,335487.14897
8904,3000,335519.192768
9226,3000,335550.093754
9080,3000,335584.908259
8320,3000,335623.942767
9202,3000,335659.802105
8768,3000,335692.866322
8682,3000,335731.305701
8962,3000,335766.122749
8740,3000,335799.907643
8826,3000,335836.726202
9094,3000,335869.161955
8966,3000,335901.211534
8954,3000,335934.54227
8940,3000,335966.084189
9010,3000,335996.962269
9204,3000,336025.683198
9116,3000,336055.370367
8528,3000,336267.041922
9020,3000,336294.467398
9458,3000,336319.817513
9138,3000,336349.681855
9580,3000,336378.295706
8906,3000,336408.795055
8312,3000,336435.078013
9084,3000,336465.141057
9158,3000,336491.432607
8778,3000,336518.174747
8762,3000,336548.258849
9494,3000,336577.049025
9030,3000,336610.805429
9134,3000,336641.152131
8520,3000,336670.51303
9056,3000,336705.682142
8912,3000,336737.700785
9170,3000,336769.692698
8652,3000,336798.191807
9064,3000,336823.002185
8664,3000,336856.44571
9478,3000,336892.676958
9008,3000,336920.781573
9028,3000,336948.756777
8912,3000,336981.44679
9110,3000,337011.216929
9320,3000,337041.704818
9044,3000,337071.021973
9036,3000,337099.663368
9056,3000,337128.512482
8734,3000,337159.635708
8906,3000,337189.353034
8944,3000,337216.03281
8756,3000,337248.721753
8864,3000,337279.09709
9146,3000,337312.503572
9606,3000,337342.890659
9072,3000,337378.959034
8768,3000,337407.146481
8934,3000,337437.685885
8844,3000,337470.384227
8918,3000,337504.23996
9182,3000,337536.217433
8894,3000,337563.611831
9582,3000,337596.137841
9022,3000,337624.01292
9128,3000,337657.627741
9198,3000,337690.391523
8754,3000,337725.824844
9134,3000,337755.778581
9356,3000,337789.263303
9208,3000,337821.504569
9336,3000,337853.338614
8924,3000,337885.151543
9098,3000,337915.075818
8982,3000,337940.859868
8918,3000,337971.829648
9020,3000,338005.126377
8812,3000,338036.419651
9016,3000,338071.372038
9062,3000,338100.971546
8996,3000,338135.000863
8874,3000,338168.211386
9066,3000,338195.967555
8852,3000,338229.174959
9070,3000,338260.41701
9178,3000,338289.440093
8948,3000,338568.048372
8726,3000,338597.137864
9098,3000,338629.190776
9156,3000,338656.506583
9298,3000,338690.213278
8826,3000,338723.110416
9046,3000,338753.248359
8952,3000,338783.129484
9118,3000,338811.528718
9036,3000,338839.401903
9028,3000,338868.329644
9108,3000,338899.436464
9140,3000,338929.80057
9312,3000,338960.279033
8658,3000,338997.754763
9122,3000,339029.562211
8888,3000,339062.614645
8792,3000,339095.47487
8558,3000,339126.725846
8818,3000,339156.799735
8852,3000,339188.75007
9152,3000,339215.517604
8772,3000,339243.304628
9190,3000,339270.245436
9036,3000,339301.944192
8986,3000,339332.436728
9248,3000,339364.200094
8848,3000,339396.966127
8894,3000,339429.079845
8826,3000,339466.758048
9130,3000,339497.715335
8578,3000,339529.396821
8650,3000,339563.74827
8928,3000,339600.072269
9006,3000,339633.212323
8938,3000,339665.521087
9048,3000,339696.669304
9004,3000,339726.059674
9070,3000,339757.910544
9050,3000,339786.300409
9460,3000,339818.922817
9212,3000,339850.359374
9162,3000,339880.689183
9146,3000,339911.478651
9092,3000,339944.931449
8648,3000,339972.785984
9502,3000,340002.754235
8922,3000,340036.094799
9094,3000,340070.660489
8854,3000,340102.819972
8926,3000,340132.325995
9414,3000,340166.533201
8702,3000,340198.244225
9144,3000,340229.857977
8680,3000,340260.794194
8842,3000,340289.878079
9046,3000,340324.389847
8982,3000,340355.235486
9208,3000,340383.256044
8924,3000,340413.572928
9130,3000,340445.781871
9116,3000,340475.707332
9432,3000,340506.382725
9120,3000,340537.493775
8636,3000,340568.303599
9270,3000,340600.238981
9000,3000,340835.202533
8834,3000,340869.836597
9014,3000,340899.881246
8982,3000,340930.872883
9000,3000,340965.888652
9260,3000,340999.009868
9242,3000,341028.76093
8810,3000,341059.230041
9520,3000,341091.964504
8420,3000,341121.212601
9196,3000,341151.229919
8998,3000,341182.841134
9060,3000,341213.018609
8698,3000,341244.335194
8890,3000,341277.830909
8752,3000,341311.492805
9086,3000,341346.722566
8514,3000,341378.340082
8866,3000,341403.370107
9116,3000,341432.594986
9086,3000,341463.379592
9208,3000,341496.879666
9074,3000,341528.605491
9216,3000,341559.58704
8932,3000,341590.312029
9078,3000,341618.84716
8916,3000,341648.366917
9226,3000,341681.855391
9078,3000,341712.876281
9630,3000,341742.323783
9076,3000,341772.16396
9478,3000,341803.116177
9046,3000,341836.817565
8856,3000,341868.141029
9038,3000,341898.844223
8928,3000,341932.271693
8602,3000,341964.224996
8862,3000,341996.991184
8788,3000,342030.276043
9140,3000,342059.563289
9022,3000,342089.185254
9086,3000,342118.963872
9018,3000,342149.844138
9176,3000,342183.557424
8876,3000,342213.709116
9296,3000,342245.180221
9100,3000,342276.969618
8826,3000,342307.770534
8990,3000,342335.262541
9018,3000,342365.43858
8900,3000,342389.588623
8958,3000,342420.495824
9160,3000,342451.643983
8916,3000,342480.143141
9564,3000,342511.675003
8982,3000,342544.096255
8966,3000,342575.425193
9248,3000,342605.38277
9154,3000,342635.822246
9030,3000,342666.333933
9396,3000,342697.011945
9512,3000,342728.949621
8680,3000,342761.907579
9108,3000,342795.695815
9198,3000,342823.008128
9574,3000,342855.22872
8986,3000,342884.923572
9000,3000,343075.548764
8844,3000,343110.427704
8608,3000,343143.580016
9136,3000,343171.512087
8994,3000,343200.749672
9000,3000,343230.242776
8852,3000,343258.189498
8936,3000,343287.501011
8800,3000,343322.81506
9702,3000,343353.578306
8960,3000,343380.788015
8858,3000,343413.700789
8968,3000,343442.869699
8920,3000,343478.433181
9194,3000,343504.052751
9080,3000,343535.761424
9136,3000,343569.093971
8940,3000,343600.746703
9230,3000,343629.625213
8650,3000,343661.354679
8908,3000,343692.607259
9184,3000,343722.896179
8828,3000,343752.786696
8718,3000,343783.753113
8794,3000,343816.01556
8840,3000,343848.28556
8780,3000,343879.614641
8986,3000,343907.632659
8908,3000,343935.73893
8652,3000,343967.226245
9022,3000,343999.705206
8898,3000,344035.089192
9240,3000,344066.460471
8528,3000,344100.012896
9186,3000,344130.919717
8936,3000,344161.947277
9156,3000,344191.32458
9014,3000,344224.980736
8772,3000,344252.542807
8986,3000,344281.809988
9370,3000,344311.3143
9256,3000,344341.87506
8566,3000,344373.368191
8768,3000,344405.358622
9140,3000,344437.961112
9122,3000,344469.109593
8860,3000,344497.476574
9148,3000,344529.769849
9124,3000,344556.470558
9288,3000,344587.929439
8884,3000,344621.980847
8930,3000,344654.975222
8798,3000,344684.591854
9196,3000,344720.968957
9076,3000,344753.351621
9140,3000,344783.92668
9306,3000,344817.627964
8948,3000,344848.872363
8988,3000,344881.283835
9084,3000,344911.065713
9102,3000,344943.333239
9110,3000,344974.236741
9114,3000,345002.284249
9130,3000,345035.751467
9210,3000,345067.795978
9028,3000,345100.529648
8902,3000,345133.217362
8944,3000,345319.415251
9012,3000,345348.806781
9206,3000,345376.852083
8656,3000,345407.870203
9116,3000,345440.375883
9284,3000,345470.715129
8798,3000,345502.943141
9338,3000,345535.043806
9094,3000,345564.270692
9126,3000,345598.084578
8884,3000,345627.864646
8354,3000,345663.439312
9148,3000,345696.223064
9014,3000,345734.374046
8934,3000,345767.583164
8856,3000,345794.884909
8704,3000,345823.369839
8882,3000,345854.140433
8814,3000,345886.086453
8832,3000,345924.069409
8972,3000,345955.276652
8924,3000,345982.002151
9112,3000,346009.648362
9242,3000,346039.652271
8916,3000,346070.607918
8844,3000,346102.387899
8998,3000,346134.023396
9128,3000,346167.576889
8934,3000,346201.354699
8704,3000,346232.911078
9072,3000,346267.172713
8920,3000,346300.629957
8854,3000,346330.7818
9018,3000,346360.159379
8940,3000,346388.447891
8976,3000,346420.100672
9198,3000,346449.005339
9054,3000,346478.40128
9192,3000,346510.194034
8576,3000,346544.821557
8970,3000,346572.314234
9062,3000,346603.219435
9244,3000,346631.445765
8740,3000,346672.688882
9208,3000,346707.120484
9038,3000,346735.599896
9000,3000,346765.217605
8934,3000,346789.507518
9048,3000,346818.953053
8924,3000,346853.181628
8998,3000,346885.667219
8542,3000,346921.056427
8830,3000,346952.511053
9158,3000,346980.219353
9350,3000,347012.951713
8980,3000,347044.591779
8798,3000,347076.194041
8794,3000,347109.264514
9404,3000,347139.790072
8838,3000,347172.382421
9162,3000,347202.34911
8868,3000,347233.630256
9216,3000,347263.84812
8888,3000,347293.798613
8922,3000,347327.538049
8386,3000,347360.294124
8694,3000,347562.967231
9058,3000,347596.483326
9108,3000,347627.297101
9106,3000,347655.844785
8960,3000,347689.287
8540,3000,347722.065385
8748,3000,347763.153968
9074,3000,347788.69856
9136,3000,347817.152509
9082,3000,347848.475874
9002,3000,347877.150828
9042,3000,347907.199194
9066,3000,347935.451789
8876,3000,347975.048975
9076,3000,348008.456692
9176,3000,348040.887339
9124,3000,348071.127855
8766,3000,348100.629245
8836,3000,348132.204702
9102,3000,348163.260025
9154,3000,348193.357382
8740,3000,348224.517034
9444,3000,348256.62642
9128,3000,348286.116323
9346,3000,348312.899994
8948,3000,348343.867077
8620,3000,348377.309573
9064,3000,348411.085887
9000,3000,348441.601375
9042,3000,348467.665533
9234,3000,348500.05211
8808,3000,348529.772794
9738,3000,348560.522748
8730,3000,348592.516573
8956,3000,348623.177475
9080,3000,348654.498435
8988,3000,348682.299635
8516,3000,348713.557077
9022,3000,348744.631892
8838,3000,348772.061421
9346,3000,348804.820181
9124,3000,348834.222748
9360,3000,348862.134644
8690,3000,348896.25513
8956,3000,348925.751371
9210,3000,348956.1828
9458,3000,348988.237574
8910,3000,349020.062098
8658,3000,349053.177898
9118,3000,349087.123148
9472,3000,349115.680246
8962,3000,349146.877885
8888,3000,349177.238001
9034,3000,349205.663638
9150,3000,349233.970139
9078,3000,349264.46115
9178,3000,349292.621593
8840,3000,349325.299522
8888,3000,349358.280076
9088,3000,349390.550045
9114,3000,349419.091178
9218,3000,349450.218376
8900,3000,349480.147387
9234,3000,349511.61009
9190,3000,349540.78063
9106,3000,349571.492031
9252,3000,349601.61362
8650,3000,349842.996602
8868,3000,349875.57964
9686,3000,349906.114528
9046,3000,349935.584724
8840,3000,349969.218325
9164,3000,350001.037219
9070,3000,350032.278817
9090,3000,350064.782472
9342,3000,350092.518446
8830,3000,350125.37365
9020,3000,350156.491122
8814,3000,350188.824815
9024,3000,350219.088309
9310,3000,350250.635626
8936,3000,350282.893549
9670,3000,350314.15848
9578,3000,350343.113746
9168,3000,350377.538584
9602,3000,350407.189052
8834,3000,350445.907481
8968,3000,350479.783424
9046,3000,350508.992825
8722,3000,350538.244644
7844,3000,350579.402356
9026,3000,350612.135975
9528,3000,350644.711891
8994,3000,350673.499242
9068,3000,350702.521559
8860,3000,350734.193855
8724,3000,350767.778032
8956,3000,350795.232242
9298,3000,350825.086162
9084,3000,350855.530538
9170,3000,350885.564024
8796,3000,350914.196903
8980,3000,350948.250833
9036,3000,350983.515616
8816,3000,351014.550457
9218,3000,351043.532859
8760,3000,351076.974669
9012,3000,351112.450253
9306,3000,351142.770208
8894,3000,351175.223377
8842,3000,351204.939651
9346,3000,351231.120658
8886,3000,351262.836917
9034,3000,351294.040495
9040,3000,351323.779258
8932,3000,351354.951482
8838,3000,351389.711608
9264,3000,351417.441755
9158,3000,351445.03604
9032,3000,351472.939794
9280,3000,351503.538477
9048,3000,351533.801183
8804,3000,351565.465794
9134,3000,351598.13289
8780,3000,351629.221769
8498,3000,351662.475729
8968,3000,351692.034428
9032,3000,351722.777494
9086,3000,351757.298974
8922,3000,351790.625403
9200,3000,351817.111105
9500,3000,351842.933089
9350,3000,351874.330607
9032,3000,351905.924955
8908,3000,352095.855555
9050,3000,352127.359103
9316,3000,352159.555612
9352,3000,352188.850694
9098,3000,352222.118881
8768,3000,352258.350727
8742,3000,352290.093013
9004,3000,352319.411947
9186,3000,352353.700358
9342,3000,352382.425666
9454,3000,352417.068476
8824,3000,352450.460025
8972,3000,352478.133074
8902,3000,352506.307294
9138,3000,352532.29072
8750,3000,352567.660157
9350,3000,352601.004954
9176,3000,352632.335047
8936,3000,352665.066411
9180,3000,352692.995924
9294,3000,352722.838688
9000,3000,352752.038595
8740,3000,352783.479334
8906,3000,352814.640047
9052,3000,352845.442835
8846,3000,352874.493558
8908,3000,352907.432576
9128,3000,352936.881482
8920,3000,352967.793588
8622,3000,353003.784722
9306,3000,353036.713101
8978,3000,353069.427655
8662,3000,353100.517269
8930,3000,353127.741145
8832,3000,353163.788913
9184,3000,353199.341374
9052,3000,353232.665414
9110,3000,353264.815139
9002,3000,353295.669034
9150,3000,353327.52406
9116,3000,353359.721044
9114,3000,353387.294224
8814,3000,353417.782193
8588,3000,353447.561951
9066,3000,353478.75655
9256,3000,353509.004236
9478,3000,353541.634396
9524,3000,353571.749111
8886,3000,353603.571758
9364,3000,353632.564146
9044,3000,353665.322743
8804,3000,353698.848898
8956,3000,353733.407323
8896,3000,353767.721003
8984,3000,353797.507696
8832,3000,353830.972933
8816,3000,353863.152413
9088,3000,353897.69696
9044,3000,353930.769133
8860,3000,353961.586345
9122,3000,353991.179894
9746,3000,354021.855829
9080,3000,354049.213972
8748,3000,354080.390771
8890,3000,354114.93563
8596,3000,354153.249232
9162,3000,354344.757476
8774,3000,354371.291855
9142,3000,354403.009437
8686,3000,354428.249941
9080,3000,354458.763489
9178,3000,354492.19427
8774,3000,354524.711555
9106,3000,354556.319618
8906,3000,354589.30876
8522,3000,354622.222783
8850,3000,354655.383717
9232,3000,354685.106425
8570,3000,354716.470321
9356,3000,354744.217076
8760,3000,354775.018614
9010,3000,354805.386478
9032,3000,354834.777039
8968,3000,354867.528586
8996,3000,354900.443386
8844,3000,354934.201441
8850,3000,354964.427237
8602,3000,354992.199653
9286,3000,355022.774519
8752,3000,355049.368577
9014,3000,355076.946301
9464,3000,355097.8079
8766,3000,355121.146988
9130,3000,355149.395211
9302,3000,355177.193664
9162,3000,355204.965397
8946,3000,355234.026917
8942,3000,355266.794611
9136,3000,355301.493074
9026,3000,355337.211368
8986,3000,355368.348406
9188,3000,355398.601794
8690,3000,355432.219262
8996,3000,355463.929498
8622,3000,355492.56067
8796,3000,355519.694517
9316,3000,355551.261765
9166,3000,355580.410793
8946,3000,355613.156754
9044,3000,355642.52343
8718,3000,355676.896848
8552,3000,355707.077715
9212,3000,355738.74112
8970,3000,355773.108063
8768,3000,355803.227621
9192,3000,355831.056654
9052,3000,355861.340765
9126,3000,355892.096364
9284,3000,355924.904565
8500,3000,355955.443166
9080,3000,355985.591702
9206,3000,356016.208534
8868,3000,356050.85764
9276,3000,356085.566422
8708,3000,356120.454213
8884,3000,356153.054925
9226,3000,356179.472812
8894,3000,356215.551305
8830,3000,356241.745656
8884,3000,356272.200913
9168,3000,356300.986836
8862,3000,356333.794032
9072,3000,356367.892465
8932,3000,356567.51145
7410,3000,356626.535572
8618,3000,356660.440735
8944,3000,356693.470655
8922,3000,356718.575923
9192,3000,356747.208485
9090,3000,356775.872206
9078,3000,356807.860157
8644,3000,356838.062632
8572,3000,356864.029593
8874,3000,356896.559245
9008,3000,356933.019613
9168,3000,356964.139654
8876,3000,356990.175577
9030,3000,357023.338971
8688,3000,357057.234905
9022,3000,357086.716695
9254,3000,357116.170645
8886,3000,357146.633348
9028,3000,357177.729366
8680,3000,357213.083835
8552,3000,357242.212105
8998,3000,357276.320865
8876,3000,357307.420556
9246,3000,357337.277748
8984,3000,357368.283656
8844,3000,357395.306521
8812,3000,357427.689479
8926,3000,357459.994713
9192,3000,357490.123767
8698,3000,357519.396477
9184,3000,357553.00573
9228,3000,357582.65858
9258,3000,357616.088629
9060,3000,357647.460736
9304,3000,357677.805843
9032,3000,357707.885945
8904,3000,357741.312003
9158,3000,357768.056616
8494,3000,357800.710244
9060,3000,357830.604367
8810,3000,357859.746794
8524,3000,357889.71468
9258,3000,357919.110166
9238,3000,357950.304724
9096,3000,357980.699174
9292,3000,358012.057425
9278,3000,358042.809673
8960,3000,358074.084766
8930,3000,358107.381167
9632,3000,358142.002542
9620,3000,358171.307672
8858,3000,358204.257465
9034,3000,358234.851355
8768,3000,358262.850678
9110,3000,358291.518745
9068,3000,358323.202156
9026,3000,358353.397775
8594,3000,358382.521559
9056,3000,358414.152075
8876,3000,358445.709339
9170,3000,358475.679881
9014,3000,358504.638273
9064,3000,358531.286631
9114,3000,358560.468869
9352,3000,358590.309207
9122,3000,358618.151293
9238,3000,358807.021256
8930,3000,358834.084324
9246,3000,358871.288401
9230,3000,358903.588691
9222,3000,358932.823008
