---> Week : 0
--> Day : 0
-> Request 0
321
(2, 3, 2)
1
(8, 28)
-> Request 1
432
(4, 2, 2)
3
(26, 30)
-> Request 2
561
(3, 2, 1)
3
(15, 27)
-> Request 3
769
(4, 3, 1)
1
(7, 63)
-> Request 4
847
(4, 2, 1)
2
(26, 65)
-> Request 5
1134
(4, 1, 2)
1
(16, 26)
-> Request 6
1255
(1, 2, 2)
3
(36, 49)
-> Request 7
1312
(1, 2, 1)
3
(61, 29)
--> Day : 1
-> Request 0
166
(2, 3, 1)
2
(15, 54)
-> Request 1
632
(4, 3, 2)
1
(53, 46)
-> Request 2
647
(4, 2, 1)
1
(61, 77)
-> Request 3
689
(4, 1, 2)
2
(12, 26)
-> Request 4
724
(1, 3, 1)
3
(49, 46)
-> Request 5
760
(1, 2, 2)
1
(57, 74)
-> Request 6
838
(2, 3, 2)
2
(9, 20)
-> Request 7
883
(2, 3, 2)
1
(61, 71)
-> Request 8
933
(3, 1, 1)
1
(20, 50)
-> Request 9
954
(3, 2, 1)
1
(52, 68)
-> Request 10
1021
(4, 1, 2)
1
(45, 39)
-> Request 11
1218
(3, 2, 1)
1
(6, 25)
-> Request 12
1271
(4, 2, 2)
2
(43, 27)
--> Day : 2
-> Request 0
247
(3, 3, 1)
3
(25, 50)
-> Request 1
374
(2, 1, 1)
2
(66, 66)
-> Request 2
477
(2, 3, 2)
3
(54, 66)
-> Request 3
565
(1, 1, 1)
2
(54, 65)
-> Request 4
599
(1, 1, 2)
3
(63, 78)
-> Request 5
673
(1, 3, 2)
2
(48, 63)
-> Request 6
733
(2, 1, 2)
1
(56, 72)
-> Request 7
909
(4, 1, 2)
3
(16, 23)
-> Request 8
1155
(4, 3, 2)
3
(13, 28)
-> Request 9
1158
(1, 3, 1)
1
(8, 55)
-> Request 10
1406
(1, 2, 1)
3
(71, 60)
-> Request 11
1433
(1, 3, 1)
3
(37, 46)
-> Request 12
1434
(4, 2, 2)
2
(61, 36)
--> Day : 3
-> Request 0
163
(3, 3, 1)
1
(64, 30)
-> Request 1
166
(1, 1, 2)
2
(63, 67)
-> Request 2
243
(4, 1, 2)
1
(60, 5)
-> Request 3
445
(2, 1, 1)
3
(50, 40)
-> Request 4
506
(2, 1, 1)
3
(57, 73)
-> Request 5
824
(4, 1, 1)
3
(8, 23)
-> Request 6
997
(2, 1, 2)
2
(70, 54)
-> Request 7
1061
(3, 3, 1)
1
(27, 10)
-> Request 8
1075
(3, 3, 1)
3
(57, 74)
-> Request 9
1111
(4, 1, 1)
3
(44, 27)
-> Request 10
1251
(3, 3, 2)
1
(55, 12)
--> Day : 4
-> Request 0
10
(3, 1, 1)
2
(15, 20)
-> Request 1
184
(2, 2, 1)
3
(55, 27)
-> Request 2
300
(3, 1, 2)
1
(61, 66)
-> Request 3
337
(3, 3, 1)
3
(2, 20)
-> Request 4
484
(2, 3, 1)
1
(11, 24)
-> Request 5
623
(1, 1, 1)
1
(60, 37)
-> Request 6
782
(3, 2, 2)
2
(61, 64)
-> Request 7
788
(2, 3, 1)
3
(34, 16)
-> Request 8
835
(2, 1, 2)
3
(77, 30)
-> Request 9
983
(1, 2, 1)
3
(52, 44)
-> Request 10
1120
(1, 2, 2)
3
(24, 20)
-> Request 11
1213
(1, 3, 2)
2
(63, 64)
-> Request 12
1429
(4, 1, 1)
1
(62, 70)
---> Week : 1
--> Day : 0
-> Request 0
92
(1, 2, 2)
2
(39, 28)
-> Request 1
199
(2, 2, 2)
3
(54, 45)
-> Request 2
333
(3, 1, 1)
2
(47, 33)
-> Request 3
438
(4, 1, 1)
2
(19, 18)
-> Request 4
832
(1, 2, 2)
2
(44, 39)
-> Request 5
1326
(2, 3, 1)
2
(52, 52)
-> Request 6
1380
(3, 1, 2)
3
(42, 7)
--> Day : 1
-> Request 0
409
(1, 2, 2)
1
(58, 66)
-> Request 1
477
(3, 3, 1)
2
(44, 36)
-> Request 2
573
(4, 1, 1)
1
(35, 77)
-> Request 3
686
(3, 2, 1)
2
(26, 66)
-> Request 4
748
(3, 2, 1)
3
(9, 63)
-> Request 5
803
(4, 2, 1)
2
(56, 40)
-> Request 6
908
(3, 1, 2)
1
(32, 54)
-> Request 7
937
(3, 1, 1)
3
(57, 73)
-> Request 8
1015
(4, 3, 1)
3
(56, 39)
-> Request 9
1064
(2, 3, 1)
2
(62, 75)
-> Request 10
1232
(1, 1, 2)
3
(61, 74)
-> Request 11
1306
(3, 3, 1)
2
(58, 37)
-> Request 12
1335
(3, 3, 2)
1
(57, 72)
-> Request 13
1422
(3, 2, 1)
1
(55, 75)
--> Day : 2
-> Request 0
36
(4, 3, 1)
2
(68, 7)
-> Request 1
101
(1, 2, 2)
3
(54, 37)
-> Request 2
122
(2, 2, 2)
1
(49, 11)
-> Request 3
245
(3, 3, 1)
3
(50, 9)
-> Request 4
341
(3, 1, 2)
2
(49, 36)
-> Request 5
345
(3, 2, 1)
1
(62, 73)
-> Request 6
1237
(3, 3, 2)
3
(58, 27)
-> Request 7
1351
(2, 2, 2)
2
(61, 28)
-> Request 8
1377
(2, 1, 2)
1
(79, 5)
--> Day : 3
-> Request 0
105
(4, 3, 2)
1
(63, 13)
-> Request 1
142
(2, 1, 2)
1
(61, 77)
-> Request 2
543
(2, 2, 2)
2
(28, 77)
-> Request 3
617
(4, 3, 2)
2
(63, 67)
-> Request 4
698
(2, 3, 1)
3
(10, 69)
-> Request 5
701
(4, 2, 1)
3
(54, 64)
-> Request 6
1059
(4, 2, 1)
3
(15, 79)
-> Request 7
1127
(2, 3, 1)
2
(10, 27)
--> Day : 4
-> Request 0
199
(3, 3, 1)
3
(29, 27)
-> Request 1
661
(2, 1, 2)
3
(45, 31)
-> Request 2
679
(4, 3, 1)
1
(59, 34)
-> Request 3
993
(2, 3, 1)
1
(28, 14)
-> Request 4
1106
(3, 2, 1)
2
(63, 67)
-> Request 5
1158
(1, 3, 2)
1
(8, 26)
-> Request 6
1199
(2, 1, 2)
1
(44, 36)
-> Request 7
1308
(3, 3, 1)
3
(53, 33)
-> Request 8
1326
(4, 2, 2)
2
(52, 77)
-> Request 9
1427
(3, 3, 1)
1
(57, 77)
---> Week : 2
--> Day : 0
-> Request 0
6
(1, 1, 2)
1
(65, 15)
-> Request 1
151
(2, 3, 1)
2
(62, 40)
-> Request 2
323
(2, 3, 2)
3
(69, 68)
-> Request 3
396
(1, 2, 1)
1
(52, 29)
-> Request 4
527
(3, 3, 1)
1
(20, 54)
-> Request 5
861
(4, 1, 1)
2
(76, 62)
-> Request 6
911
(2, 2, 2)
1
(78, 0)
-> Request 7
1050
(4, 2, 1)
1
(55, 31)
-> Request 8
1101
(1, 3, 2)
3
(41, 78)
-> Request 9
1410
(3, 2, 2)
1
(67, 56)
--> Day : 1
-> Request 0
66
(1, 1, 1)
1
(61, 66)
-> Request 1
132
(4, 1, 2)
2
(60, 71)
-> Request 2
213
(2, 1, 2)
3
(74, 43)
-> Request 3
512
(2, 1, 2)
2
(55, 23)
-> Request 4
573
(3, 3, 1)
3
(53, 42)
-> Request 5
770
(2, 2, 2)
2
(62, 42)
-> Request 6
858
(3, 2, 2)
2
(72, 25)
-> Request 7
1098
(4, 3, 2)
2
(46, 38)
-> Request 8
1126
(4, 2, 1)
2
(68, 57)
-> Request 9
1319
(1, 2, 2)
3
(53, 77)
-> Request 10
1339
(3, 3, 1)
2
(1, 20)
--> Day : 2
-> Request 0
27
(4, 3, 1)
2
(48, 73)
-> Request 1
32
(2, 3, 1)
3
(24, 15)
-> Request 2
99
(3, 3, 1)
3
(11, 27)
-> Request 3
204
(2, 3, 1)
2
(64, 22)
-> Request 4
233
(2, 3, 2)
3
(46, 32)
-> Request 5
661
(1, 3, 2)
3
(17, 13)
-> Request 6
723
(2, 3, 1)
3
(52, 70)
-> Request 7
826
(4, 2, 1)
1
(14, 22)
-> Request 8
984
(3, 2, 1)
2
(62, 74)
-> Request 9
1089
(2, 1, 2)
2
(50, 30)
-> Request 10
1100
(1, 1, 2)
3
(57, 57)
-> Request 11
1239
(3, 3, 1)
1
(32, 7)
-> Request 12
1308
(3, 2, 1)
3
(65, 72)
-> Request 13
1364
(1, 1, 1)
2
(48, 43)
--> Day : 3
-> Request 0
147
(2, 2, 2)
3
(63, 66)
-> Request 1
530
(2, 1, 2)
1
(77, 9)
-> Request 2
610
(3, 2, 2)
2
(74, 9)
-> Request 3
1106
(3, 3, 1)
3
(79, 44)
-> Request 4
1174
(4, 3, 2)
3
(3, 52)
--> Day : 4
-> Request 0
81
(4, 2, 2)
3
(43, 27)
-> Request 1
93
(1, 1, 2)
3
(14, 24)
-> Request 2
462
(1, 1, 1)
3
(59, 44)
-> Request 3
562
(2, 2, 1)
1
(27, 31)
-> Request 4
577
(2, 1, 1)
1
(46, 37)
-> Request 5
653
(3, 2, 1)
1
(66, 30)
-> Request 6
863
(3, 3, 2)
2
(15, 2)
-> Request 7
940
(1, 2, 2)
1
(57, 33)
---> Week : 3
--> Day : 0
-> Request 0
55
(2, 3, 1)
1
(47, 10)
-> Request 1
88
(3, 1, 2)
3
(37, 28)
-> Request 2
235
(2, 3, 1)
2
(48, 16)
-> Request 3
272
(2, 2, 2)
2
(19, 75)
-> Request 4
616
(1, 2, 2)
1
(49, 29)
-> Request 5
757
(4, 2, 2)
1
(69, 21)
-> Request 6
824
(3, 1, 2)
3
(62, 78)
-> Request 7
1103
(1, 1, 2)
2
(64, 58)
-> Request 8
1164
(1, 2, 2)
3
(59, 60)
--> Day : 1
-> Request 0
354
(3, 3, 2)
1
(37, 42)
-> Request 1
400
(3, 2, 1)
1
(51, 29)
-> Request 2
617
(1, 1, 2)
1
(60, 30)
-> Request 3
624
(4, 3, 1)
3
(7, 41)
-> Request 4
748
(3, 3, 1)
1
(58, 43)
-> Request 5
811
(2, 3, 2)
2
(56, 71)
-> Request 6
1006
(2, 3, 2)
3
(60, 44)
-> Request 7
1393
(2, 3, 1)
2
(60, 68)
--> Day : 2
-> Request 0
3
(4, 2, 1)
3
(16, 20)
-> Request 1
21
(4, 2, 2)
3
(9, 36)
-> Request 2
243
(1, 3, 1)
1
(12, 24)
-> Request 3
479
(2, 3, 1)
1
(68, 64)
-> Request 4
588
(1, 3, 1)
1
(50, 36)
-> Request 5
870
(2, 2, 1)
2
(55, 64)
-> Request 6
961
(2, 3, 1)
2
(53, 31)
-> Request 7
1018
(2, 2, 2)
1
(63, 76)
-> Request 8
1047
(4, 2, 2)
3
(53, 34)
--> Day : 3
-> Request 0
31
(4, 3, 2)
3
(7, 18)
-> Request 1
261
(1, 2, 1)
3
(11, 33)
-> Request 2
320
(3, 3, 1)
2
(52, 78)
-> Request 3
469
(1, 2, 2)
1
(7, 46)
-> Request 4
527
(1, 1, 2)
2
(19, 37)
-> Request 5
760
(4, 1, 2)
3
(47, 11)
-> Request 6
803
(4, 3, 1)
3
(34, 24)
-> Request 7
840
(3, 2, 1)
1
(8, 73)
-> Request 8
1172
(2, 1, 1)
3
(62, 78)
-> Request 9
1414
(4, 1, 1)
3
(69, 53)
--> Day : 4
-> Request 0
16
(1, 2, 2)
3
(62, 77)
-> Request 1
417
(3, 3, 1)
2
(77, 67)
-> Request 2
472
(4, 2, 1)
1
(54, 30)
-> Request 3
484
(4, 1, 2)
1
(46, 36)
-> Request 4
870
(1, 3, 2)
2
(59, 67)
-> Request 5
1080
(2, 2, 2)
2
(64, 75)
-> Request 6
1090
(1, 1, 1)
1
(36, 2)
-> Request 7
1361
(3, 1, 1)
1
(58, 38)
---> Week : 4
--> Day : 0
-> Request 0
441
(1, 2, 2)
3
(7, 74)
-> Request 1
846
(4, 3, 1)
3
(19, 64)
-> Request 2
1322
(2, 3, 2)
2
(60, 45)
-> Request 3
1334
(4, 2, 1)
1
(59, 28)
-> Request 4
1423
(4, 2, 1)
2
(52, 76)
--> Day : 1
-> Request 0
132
(1, 2, 2)
1
(59, 34)
-> Request 1
422
(2, 3, 1)
1
(63, 75)
-> Request 2
556
(4, 3, 1)
1
(34, 45)
-> Request 3
556
(1, 1, 2)
3
(48, 47)
-> Request 4
911
(4, 3, 1)
3
(19, 54)
-> Request 5
1071
(1, 1, 2)
1
(31, 9)
--> Day : 2
-> Request 0
141
(3, 1, 1)
1
(62, 76)
-> Request 1
476
(1, 3, 1)
2
(53, 27)
-> Request 2
529
(2, 2, 1)
3
(31, 28)
-> Request 3
562
(4, 1, 1)
2
(26, 73)
-> Request 4
645
(2, 2, 1)
2
(50, 44)
-> Request 5
773
(4, 3, 2)
2
(15, 18)
-> Request 6
881
(4, 3, 2)
1
(61, 36)
-> Request 7
900
(1, 3, 2)
3
(43, 34)
-> Request 8
957
(2, 1, 1)
2
(30, 41)
-> Request 9
1050
(4, 3, 2)
3
(63, 67)
-> Request 10
1245
(4, 3, 1)
1
(60, 38)
-> Request 11
1358
(1, 3, 2)
1
(62, 66)
--> Day : 3
-> Request 0
81
(3, 3, 1)
2
(63, 69)
-> Request 1
100
(1, 3, 1)
3
(37, 4)
-> Request 2
306
(4, 1, 2)
1
(60, 72)
-> Request 3
363
(4, 1, 2)
2
(15, 15)
-> Request 4
527
(3, 2, 2)
1
(50, 38)
-> Request 5
1038
(4, 1, 2)
1
(59, 45)
-> Request 6
1067
(3, 2, 1)
2
(49, 36)
-> Request 7
1116
(2, 2, 2)
1
(53, 77)
-> Request 8
1192
(3, 1, 1)
2
(54, 0)
-> Request 9
1295
(4, 2, 1)
3
(45, 46)
-> Request 10
1351
(2, 1, 1)
2
(69, 75)
--> Day : 4
-> Request 0
103
(4, 2, 2)
1
(17, 29)
-> Request 1
1005
(2, 2, 2)
2
(10, 22)
-> Request 2
1052
(1, 2, 2)
3
(48, 40)
---> Week : 5
--> Day : 0
-> Request 0
383
(1, 1, 1)
1
(46, 42)
-> Request 1
606
(1, 2, 2)
1
(62, 42)
-> Request 2
640
(3, 3, 2)
3
(51, 30)
-> Request 3
683
(1, 1, 1)
2
(46, 45)
-> Request 4
999
(1, 3, 1)
2
(61, 75)
-> Request 5
1089
(1, 1, 1)
2
(55, 36)
-> Request 6
1116
(1, 2, 2)
2
(52, 75)
--> Day : 1
-> Request 0
34
(3, 1, 1)
1
(12, 53)
-> Request 1
185
(2, 3, 1)
1
(79, 69)
-> Request 2
428
(1, 2, 1)
1
(61, 74)
-> Request 3
522
(1, 1, 1)
1
(44, 16)
-> Request 4
910
(4, 3, 2)
3
(43, 70)
-> Request 5
1135
(4, 3, 1)
2
(57, 28)
-> Request 6
1241
(4, 2, 1)
3
(55, 66)
--> Day : 2
-> Request 0
59
(4, 1, 1)
1
(19, 3)
-> Request 1
120
(4, 3, 2)
3
(27, 73)
-> Request 2
746
(3, 2, 2)
2
(65, 74)
-> Request 3
810
(1, 3, 2)
2
(43, 30)
-> Request 4
872
(2, 3, 1)
2
(11, 27)
-> Request 5
948
(3, 2, 2)
1
(49, 35)
-> Request 6
1122
(4, 1, 2)
3
(52, 65)
-> Request 7
1314
(1, 3, 1)
2
(7, 3)
--> Day : 3
-> Request 0
872
(1, 2, 2)
1
(64, 76)
-> Request 1
910
(4, 2, 1)
2
(4, 61)
-> Request 2
1113
(1, 2, 2)
3
(56, 32)
--> Day : 4
-> Request 0
141
(4, 1, 2)
3
(69, 11)
-> Request 1
183
(2, 3, 1)
1
(17, 26)
-> Request 2
229
(2, 1, 1)
1
(57, 31)
-> Request 3
281
(3, 2, 2)
1
(56, 43)
-> Request 4
343
(4, 1, 2)
3
(72, 72)
-> Request 5
475
(3, 2, 1)
3
(14, 65)
-> Request 6
572
(3, 1, 2)
3
(36, 48)
-> Request 7
587
(3, 2, 2)
1
(19, 20)
-> Request 8
680
(2, 2, 1)
1
(13, 23)
-> Request 9
780
(3, 2, 1)
2
(36, 19)
-> Request 10
878
(2, 2, 2)
2
(49, 49)
-> Request 11
879
(3, 2, 2)
2
(7, 25)
-> Request 12
944
(1, 3, 1)
1
(54, 66)
-> Request 13
1125
(4, 2, 2)
1
(55, 2)
-> Request 14
1213
(3, 1, 1)
2
(51, 2)
-> Request 15
1250
(1, 3, 1)
3
(54, 66)
---> Week : 6
--> Day : 0
-> Request 0
29
(1, 2, 1)
1
(56, 37)
-> Request 1
386
(4, 2, 2)
1
(44, 56)
-> Request 2
497
(3, 3, 1)
2
(14, 26)
-> Request 3
503
(1, 3, 1)
1
(46, 36)
-> Request 4
670
(2, 2, 2)
1
(6, 59)
-> Request 5
878
(3, 3, 1)
2
(45, 37)
-> Request 6
1134
(2, 2, 2)
2
(58, 73)
-> Request 7
1142
(2, 2, 1)
2
(62, 71)
-> Request 8
1229
(2, 2, 1)
2
(13, 52)
-> Request 9
1327
(4, 1, 1)
3
(51, 51)
--> Day : 1
-> Request 0
249
(2, 2, 2)
3
(61, 43)
-> Request 1
517
(4, 3, 1)
2
(59, 42)
-> Request 2
1203
(2, 2, 2)
3
(56, 3)
--> Day : 2
-> Request 0
119
(2, 2, 2)
2
(45, 40)
-> Request 1
178
(2, 2, 1)
3
(3, 30)
-> Request 2
736
(3, 2, 1)
2
(56, 44)
-> Request 3
816
(4, 3, 2)
1
(61, 44)
-> Request 4
868
(3, 2, 2)
3
(62, 64)
-> Request 5
953
(3, 3, 2)
1
(69, 8)
-> Request 6
1187
(3, 1, 1)
3
(61, 27)
-> Request 7
1212
(2, 2, 2)
3
(54, 32)
-> Request 8
1217
(1, 3, 1)
3
(75, 29)
--> Day : 3
-> Request 0
18
(4, 3, 1)
1
(53, 76)
-> Request 1
23
(1, 2, 2)
1
(11, 21)
-> Request 2
185
(3, 1, 1)
1
(57, 39)
-> Request 3
227
(3, 2, 1)
2
(49, 37)
-> Request 4
568
(2, 1, 2)
3
(51, 28)
-> Request 5
746
(3, 3, 2)
3
(77, 59)
-> Request 6
1153
(4, 2, 1)
2
(62, 44)
-> Request 7
1278
(2, 3, 1)
3
(44, 29)
-> Request 8
1341
(2, 1, 2)
1
(12, 27)
--> Day : 4
-> Request 0
2
(3, 2, 2)
2
(60, 30)
-> Request 1
26
(2, 2, 1)
2
(15, 40)
-> Request 2
150
(1, 3, 1)
2
(66, 76)
-> Request 3
306
(4, 2, 2)
3
(57, 34)
-> Request 4
455
(1, 2, 1)
2
(46, 27)
-> Request 5
556
(3, 2, 2)
1
(58, 68)
-> Request 6
583
(2, 3, 2)
3
(43, 35)
-> Request 7
599
(3, 2, 2)
2
(66, 69)
-> Request 8
616
(2, 2, 2)
2
(15, 0)
-> Request 9
675
(1, 2, 1)
2
(59, 62)
-> Request 10
679
(4, 1, 2)
3
(69, 27)
-> Request 11
795
(3, 2, 2)
3
(77, 41)
-> Request 12
1041
(4, 2, 1)
2
(52, 32)
-> Request 13
1116
(1, 1, 1)
3
(32, 75)
-> Request 14
1174
(2, 3, 1)
2
(4, 77)
-> Request 15
1175
(4, 2, 1)
3
(75, 12)
-> Request 16
1198
(1, 2, 1)
1
(30, 35)
-> Request 17
1212
(2, 1, 2)
1
(56, 71)
-> Request 18
1259
(2, 1, 2)
1
(51, 30)
-> Request 19
1267
(3, 1, 2)
3
(54, 32)
-> Request 20
1273
(2, 2, 1)
1
(72, 54)
---> Week : 7
--> Day : 0
-> Request 0
119
(4, 1, 2)
1
(68, 40)
-> Request 1
271
(2, 2, 1)
3
(72, 16)
-> Request 2
300
(2, 1, 1)
1
(6, 53)
-> Request 3
328
(2, 2, 2)
3
(50, 33)
-> Request 4
362
(4, 3, 2)
2
(75, 7)
-> Request 5
388
(4, 3, 1)
2
(25, 76)
-> Request 6
499
(1, 2, 1)
3
(32, 66)
-> Request 7
577
(2, 3, 2)
1
(13, 22)
-> Request 8
684
(4, 2, 1)
1
(55, 41)
-> Request 9
811
(4, 2, 2)
2
(17, 29)
-> Request 10
1065
(1, 3, 2)
3
(11, 57)
-> Request 11
1159
(1, 3, 2)
1
(9, 64)
-> Request 12
1268
(4, 2, 2)
1
(50, 16)
-> Request 13
1292
(3, 2, 2)
2
(0, 12)
-> Request 14
1388
(4, 1, 1)
3
(47, 13)
--> Day : 1
-> Request 0
140
(3, 2, 1)
2
(49, 34)
-> Request 1
300
(2, 1, 2)
2
(58, 72)
-> Request 2
792
(3, 2, 2)
1
(46, 45)
-> Request 3
968
(1, 1, 2)
3
(61, 73)
-> Request 4
1055
(2, 1, 2)
3
(61, 64)
-> Request 5
1068
(1, 1, 2)
2
(23, 43)
--> Day : 2
-> Request 0
11
(4, 2, 1)
2
(64, 68)
-> Request 1
501
(2, 3, 2)
1
(4, 35)
-> Request 2
692
(3, 1, 1)
2
(54, 28)
-> Request 3
826
(3, 3, 1)
3
(18, 12)
-> Request 4
1097
(2, 2, 2)
1
(48, 46)
-> Request 5
1326
(3, 2, 1)
2
(66, 75)
--> Day : 3
-> Request 0
315
(1, 3, 2)
1
(55, 78)
-> Request 1
479
(1, 1, 2)
1
(52, 73)
-> Request 2
793
(2, 2, 1)
3
(56, 74)
-> Request 3
825
(2, 3, 1)
3
(60, 65)
-> Request 4
839
(4, 3, 1)
3
(11, 27)
-> Request 5
1265
(3, 1, 2)
1
(27, 60)
--> Day : 4
-> Request 0
26
(2, 1, 2)
2
(13, 65)
-> Request 1
46
(4, 3, 1)
1
(61, 29)
-> Request 2
120
(1, 2, 2)
2
(53, 74)
-> Request 3
128
(4, 1, 2)
3
(14, 29)
-> Request 4
331
(4, 1, 2)
1
(50, 37)
-> Request 5
397
(4, 1, 1)
1
(18, 9)
-> Request 6
555
(2, 3, 1)
1
(61, 75)
-> Request 7
1050
(2, 2, 2)
1
(55, 65)
-> Request 8
1307
(4, 1, 2)
3
(50, 42)
-> Request 9
1342
(2, 1, 2)
3
(50, 9)
---> Week : 8
--> Day : 0
-> Request 0
85
(1, 1, 1)
1
(8, 29)
-> Request 1
140
(1, 3, 2)
3
(16, 56)
-> Request 2
216
(2, 1, 2)
2
(14, 6)
-> Request 3
441
(4, 3, 1)
2
(71, 48)
-> Request 4
490
(3, 1, 1)
2
(54, 72)
-> Request 5
874
(4, 2, 2)
2
(62, 64)
-> Request 6
1020
(4, 2, 1)
3
(58, 76)
--> Day : 1
-> Request 0
24
(1, 2, 1)
2
(42, 65)
-> Request 1
33
(2, 2, 1)
3
(52, 76)
-> Request 2
130
(1, 2, 2)
2
(64, 78)
-> Request 3
135
(4, 3, 2)
3
(50, 31)
-> Request 4
390
(4, 3, 1)
2
(56, 29)
-> Request 5
450
(4, 1, 2)
1
(58, 41)
-> Request 6
523
(2, 1, 1)
3
(53, 34)
-> Request 7
657
(1, 1, 2)
1
(66, 1)
-> Request 8
1217
(2, 2, 2)
2
(53, 77)
-> Request 9
1398
(4, 2, 2)
3
(56, 39)
--> Day : 2
-> Request 0
69
(4, 3, 1)
2
(51, 33)
-> Request 1
113
(3, 3, 2)
3
(53, 7)
-> Request 2
366
(4, 3, 2)
2
(53, 78)
-> Request 3
367
(3, 2, 2)
3
(18, 27)
-> Request 4
475
(1, 1, 2)
2
(12, 9)
-> Request 5
554
(3, 1, 1)
2
(1, 56)
-> Request 6
647
(2, 1, 1)
2
(14, 23)
-> Request 7
781
(2, 2, 1)
2
(61, 36)
-> Request 8
781
(1, 3, 2)
3
(11, 26)
-> Request 9
788
(3, 2, 1)
2
(56, 38)
-> Request 10
843
(2, 1, 2)
2
(59, 64)
-> Request 11
860
(3, 2, 2)
3
(65, 65)
-> Request 12
1048
(4, 1, 2)
2
(60, 74)
-> Request 13
1363
(3, 1, 1)
3
(10, 25)
--> Day : 3
-> Request 0
152
(4, 1, 1)
3
(14, 26)
-> Request 1
155
(1, 1, 1)
3
(47, 41)
-> Request 2
308
(1, 1, 1)
3
(54, 66)
-> Request 3
374
(1, 1, 2)
1
(57, 68)
-> Request 4
446
(4, 1, 2)
2
(26, 5)
-> Request 5
527
(4, 1, 1)
2
(55, 32)
-> Request 6
567
(2, 3, 1)
3
(53, 31)
-> Request 7
663
(4, 1, 1)
1
(10, 38)
-> Request 8
1034
(4, 3, 1)
3
(57, 46)
-> Request 9
1104
(1, 1, 2)
3
(28, 23)
-> Request 10
1184
(3, 3, 2)
3
(5, 61)
--> Day : 4
-> Request 0
135
(4, 1, 1)
2
(15, 22)
-> Request 1
171
(4, 2, 1)
1
(76, 56)
-> Request 2
920
(3, 2, 2)
3
(51, 12)
-> Request 3
946
(2, 1, 1)
3
(16, 27)
-> Request 4
1077
(3, 1, 1)
2
(56, 46)
-> Request 5
1148
(4, 2, 1)
2
(10, 44)
-> Request 6
1187
(3, 3, 2)
2
(62, 64)
-> Request 7
1315
(3, 1, 1)
1
(55, 42)
---> Week : 9
--> Day : 0
-> Request 0
23
(3, 3, 1)
3
(60, 39)
-> Request 1
60
(3, 2, 1)
2
(44, 39)
-> Request 2
64
(1, 1, 2)
2
(29, 5)
-> Request 3
347
(1, 1, 2)
1
(47, 31)
-> Request 4
434
(1, 2, 2)
3
(56, 13)
-> Request 5
627
(4, 3, 2)
3
(55, 54)
-> Request 6
655
(1, 1, 1)
3
(62, 71)
-> Request 7
755
(2, 2, 1)
1
(73, 31)
-> Request 8
778
(4, 2, 2)
1
(62, 75)
-> Request 9
1099
(4, 3, 2)
2
(50, 30)
-> Request 10
1118
(2, 1, 1)
3
(32, 17)
--> Day : 1
-> Request 0
49
(2, 1, 1)
2
(35, 67)
-> Request 1
81
(2, 3, 2)
3
(58, 56)
-> Request 2
86
(4, 3, 2)
1
(40, 39)
-> Request 3
427
(4, 2, 1)
3
(66, 70)
-> Request 4
527
(3, 1, 1)
3
(30, 65)
-> Request 5
681
(2, 2, 2)
3
(31, 38)
--> Day : 2
-> Request 0
200
(1, 2, 1)
2
(12, 25)
-> Request 1
344
(1, 3, 2)
2
(66, 1)
-> Request 2
381
(2, 2, 1)
2
(48, 44)
-> Request 3
507
(1, 1, 1)
3
(17, 27)
-> Request 4
582
(4, 2, 2)
2
(4, 76)
-> Request 5
791
(4, 1, 2)
1
(11, 17)
-> Request 6
1101
(3, 1, 1)
3
(46, 32)
-> Request 7
1286
(4, 1, 1)
3
(55, 32)
--> Day : 3
-> Request 0
389
(3, 2, 1)
1
(10, 27)
-> Request 1
422
(2, 2, 1)
2
(46, 27)
-> Request 2
428
(1, 1, 1)
2
(13, 23)
-> Request 3
532
(2, 2, 1)
1
(54, 38)
-> Request 4
569
(1, 2, 1)
3
(50, 46)
-> Request 5
700
(1, 2, 2)
2
(58, 77)
-> Request 6
747
(4, 3, 1)
1
(45, 33)
-> Request 7
1098
(1, 3, 1)
2
(58, 69)
-> Request 8
1101
(1, 1, 1)
2
(60, 30)
-> Request 9
1128
(4, 1, 1)
2
(27, 51)
-> Request 10
1184
(3, 3, 1)
1
(76, 52)
-> Request 11
1224
(2, 1, 1)
2
(53, 73)
-> Request 12
1243
(2, 3, 1)
1
(57, 40)
-> Request 13
1287
(1, 1, 2)
1
(40, 59)
--> Day : 4
-> Request 0
971
(3, 2, 1)
3
(61, 40)
-> Request 1
1057
(4, 2, 1)
2
(17, 23)
-> Request 2
1239
(1, 1, 2)
2
(60, 38)
-> Request 3
1274
(4, 3, 2)
2
(53, 34)
---> Week : 10
--> Day : 0
-> Request 0
215
(1, 1, 1)
1
(38, 38)
-> Request 1
591
(1, 3, 2)
3
(45, 27)
-> Request 2
642
(2, 1, 1)
2
(55, 66)
-> Request 3
661
(4, 2, 2)
2
(17, 24)
-> Request 4
984
(2, 1, 2)
2
(34, 64)
-> Request 5
1103
(2, 1, 2)
1
(71, 66)
-> Request 6
1221
(2, 1, 1)
1
(55, 0)
--> Day : 1
-> Request 0
71
(2, 2, 1)
1
(50, 31)
-> Request 1
305
(1, 3, 2)
3
(50, 36)
-> Request 2
426
(4, 3, 1)
1
(53, 34)
-> Request 3
547
(2, 2, 1)
1
(78, 9)
-> Request 4
557
(2, 3, 2)
1
(57, 69)
-> Request 5
1073
(4, 2, 2)
3
(65, 54)
-> Request 6
1105
(1, 2, 1)
2
(14, 34)
-> Request 7
1307
(2, 3, 1)
2
(59, 67)
--> Day : 2
-> Request 0
93
(3, 1, 2)
2
(62, 74)
-> Request 1
183
(1, 2, 2)
3
(57, 42)
-> Request 2
374
(1, 2, 2)
3
(56, 43)
-> Request 3
688
(4, 2, 2)
1
(61, 28)
-> Request 4
688
(3, 2, 1)
2
(55, 63)
-> Request 5
862
(2, 1, 2)
2
(63, 64)
-> Request 6
952
(4, 1, 2)
1
(12, 24)
-> Request 7
1059
(4, 3, 1)
2
(58, 45)
-> Request 8
1387
(4, 1, 1)
2
(1, 69)
-> Request 9
1432
(3, 2, 2)
2
(11, 48)
--> Day : 3
-> Request 0
319
(2, 2, 1)
2
(63, 75)
-> Request 1
457
(3, 3, 2)
1
(33, 68)
-> Request 2
530
(3, 2, 1)
1
(8, 23)
-> Request 3
892
(3, 3, 2)
3
(16, 26)
-> Request 4
987
(4, 3, 1)
2
(63, 69)
-> Request 5
1174
(3, 2, 1)
3
(42, 42)
-> Request 6
1236
(1, 1, 2)
3
(58, 27)
-> Request 7
1303
(1, 3, 2)
1
(70, 38)
-> Request 8
1327
(3, 2, 1)
2
(19, 20)
-> Request 9
1327
(3, 3, 1)
2
(48, 33)
-> Request 10
1394
(2, 2, 2)
2
(42, 40)
-> Request 11
1421
(2, 2, 1)
1
(57, 34)
--> Day : 4
-> Request 0
314
(3, 1, 2)
1
(14, 21)
-> Request 1
593
(1, 2, 1)
3
(45, 20)
-> Request 2
981
(3, 1, 2)
2
(56, 72)
-> Request 3
1027
(2, 1, 1)
3
(13, 16)
-> Request 4
1075
(3, 3, 2)
3
(63, 65)
-> Request 5
1207
(4, 2, 2)
1
(57, 36)
-> Request 6
1391
(1, 1, 2)
2
(45, 37)
---> Week : 11
--> Day : 0
-> Request 0
47
(3, 3, 2)
1
(49, 29)
-> Request 1
84
(4, 1, 1)
3
(15, 20)
-> Request 2
274
(1, 2, 1)
3
(76, 34)
-> Request 3
300
(2, 1, 1)
1
(17, 28)
-> Request 4
351
(2, 2, 1)
3
(66, 2)
-> Request 5
382
(3, 2, 2)
3
(43, 64)
-> Request 6
421
(1, 1, 1)
1
(76, 35)
-> Request 7
917
(1, 1, 1)
3
(70, 0)
-> Request 8
976
(2, 1, 1)
3
(49, 65)
-> Request 9
1086
(2, 1, 1)
1
(50, 3)
-> Request 10
1256
(2, 1, 1)
3
(55, 36)
-> Request 11
1270
(4, 3, 1)
2
(32, 39)
-> Request 12
1380
(1, 3, 2)
2
(74, 17)
--> Day : 1
-> Request 0
159
(1, 3, 1)
2
(63, 71)
-> Request 1
249
(4, 2, 1)
3
(69, 40)
-> Request 2
359
(1, 2, 2)
3
(60, 28)
-> Request 3
539
(4, 1, 1)
3
(57, 30)
-> Request 4
630
(3, 1, 2)
3
(19, 21)
-> Request 5
669
(3, 2, 2)
3
(24, 10)
-> Request 6
767
(2, 1, 1)
2
(53, 78)
-> Request 7
801
(3, 3, 1)
1
(49, 34)
-> Request 8
893
(2, 3, 1)
3
(24, 35)
-> Request 9
927
(3, 2, 1)
1
(54, 31)
-> Request 10
962
(1, 2, 1)
2
(58, 31)
-> Request 11
972
(4, 2, 1)
2
(74, 13)
-> Request 12
1155
(3, 1, 1)
3
(22, 4)
-> Request 13
1265
(3, 3, 1)
3
(45, 30)
-> Request 14
1267
(1, 2, 1)
2
(56, 46)
-> Request 15
1281
(3, 2, 1)
1
(23, 74)
--> Day : 2
-> Request 0
82
(3, 2, 1)
2
(62, 69)
-> Request 1
770
(3, 1, 2)
1
(29, 29)
-> Request 2
804
(2, 1, 1)
3
(9, 44)
-> Request 3
881
(2, 2, 2)
1
(10, 67)
-> Request 4
925
(2, 2, 1)
3
(56, 78)
-> Request 5
949
(2, 2, 2)
1
(63, 65)
-> Request 6
1357
(1, 1, 1)
1
(46, 41)
--> Day : 3
-> Request 0
10
(3, 2, 1)
3
(55, 40)
-> Request 1
60
(3, 2, 2)
1
(9, 29)
-> Request 2
112
(2, 1, 1)
2
(52, 65)
-> Request 3
183
(3, 1, 1)
3
(53, 31)
-> Request 4
190
(2, 3, 2)
2
(33, 79)
-> Request 5
203
(2, 3, 1)
2
(22, 22)
-> Request 6
644
(1, 3, 2)
2
(62, 69)
-> Request 7
731
(2, 2, 1)
1
(52, 77)
-> Request 8
849
(2, 2, 1)
2
(52, 73)
-> Request 9
862
(3, 2, 1)
3
(42, 68)
-> Request 10
893
(4, 3, 2)
3
(60, 78)
-> Request 11
1083
(4, 3, 1)
3
(17, 21)
-> Request 12
1143
(3, 3, 1)
3
(45, 29)
-> Request 13
1255
(2, 2, 1)
1
(13, 36)
-> Request 14
1386
(3, 1, 1)
2
(62, 30)
--> Day : 4
-> Request 0
138
(3, 2, 2)
2
(0, 27)
-> Request 1
632
(4, 1, 2)
1
(9, 25)
-> Request 2
706
(4, 3, 2)
2
(5, 40)
-> Request 3
797
(3, 2, 1)
3
(30, 20)
-> Request 4
918
(3, 1, 2)
3
(44, 45)
-> Request 5
954
(3, 1, 1)
3
(48, 5)
-> Request 6
1280
(1, 1, 2)
2
(28, 38)
-> Request 7
1398
(1, 1, 1)
3
(25, 30)
-> Request 8
1415
(1, 2, 2)
1
(62, 67)
---> Week : 12
--> Day : 0
-> Request 0
530
(1, 3, 1)
1
(45, 36)
-> Request 1
835
(1, 2, 1)
3
(75, 22)
-> Request 2
882
(3, 1, 1)
1
(52, 41)
-> Request 3
917
(1, 1, 1)
3
(42, 45)
-> Request 4
1034
(3, 1, 2)
3
(43, 31)
-> Request 5
1187
(1, 1, 2)
2
(59, 77)
--> Day : 1
-> Request 0
28
(2, 1, 1)
1
(52, 67)
-> Request 1
93
(3, 3, 2)
2
(50, 31)
-> Request 2
937
(4, 2, 1)
2
(7, 48)
-> Request 3
1027
(4, 1, 1)
3
(45, 67)
-> Request 4
1045
(3, 2, 2)
1
(65, 77)
-> Request 5
1344
(3, 1, 2)
3
(60, 46)
--> Day : 2
-> Request 0
73
(3, 3, 1)
3
(66, 68)
-> Request 1
616
(4, 3, 1)
3
(41, 4)
-> Request 2
649
(4, 1, 1)
1
(52, 46)
-> Request 3
698
(2, 1, 2)
2
(50, 27)
-> Request 4
733
(4, 1, 2)
1
(42, 20)
-> Request 5
805
(4, 3, 2)
3
(48, 42)
-> Request 6
887
(4, 2, 2)
2
(71, 59)
-> Request 7
1254
(2, 3, 2)
3
(54, 72)
-> Request 8
1332
(3, 2, 1)
3
(14, 5)
-> Request 9
1429
(2, 2, 1)
1
(59, 28)
--> Day : 3
-> Request 0
17
(4, 2, 1)
1
(46, 46)
-> Request 1
115
(1, 3, 1)
2
(20, 57)
-> Request 2
287
(3, 1, 2)
1
(46, 40)
-> Request 3
353
(3, 1, 1)
1
(27, 32)
-> Request 4
449
(2, 2, 2)
3
(9, 24)
-> Request 5
728
(2, 2, 1)
1
(55, 39)
-> Request 6
796
(2, 2, 1)
3
(54, 27)
-> Request 7
1011
(1, 2, 1)
3
(56, 29)
-> Request 8
1340
(1, 2, 2)
3
(59, 43)
--> Day : 4
-> Request 0
87
(2, 2, 1)
1
(58, 79)
-> Request 1
228
(1, 2, 1)
3
(52, 45)
-> Request 2
406
(2, 1, 2)
3
(42, 73)
-> Request 3
587
(1, 3, 1)
2
(5, 61)
-> Request 4
681
(4, 3, 2)
3
(34, 28)
-> Request 5
893
(3, 2, 1)
1
(12, 28)
-> Request 6
957
(4, 2, 1)
3
(35, 11)
-> Request 7
988
(4, 3, 2)
3
(79, 39)
-> Request 8
1009
(1, 1, 1)
1
(43, 43)
-> Request 9
1037
(2, 2, 1)
3
(9, 23)
-> Request 10
1178
(2, 2, 1)
1
(52, 36)
-> Request 11
1253
(2, 3, 2)
1
(46, 32)
-> Request 12
1304
(2, 3, 1)
2
(17, 21)
-> Request 13
1338
(4, 1, 2)
3
(1, 58)
---> Week : 13
--> Day : 0
-> Request 0
61
(3, 3, 2)
1
(59, 42)
-> Request 1
203
(3, 2, 2)
1
(53, 72)
-> Request 2
235
(4, 1, 2)
2
(53, 27)
-> Request 3
746
(1, 1, 1)
1
(66, 67)
-> Request 4
930
(3, 1, 1)
2
(49, 33)
-> Request 5
1241
(2, 1, 2)
2
(47, 29)
-> Request 6
1390
(1, 2, 2)
2
(53, 40)
--> Day : 1
-> Request 0
211
(2, 1, 2)
3
(6, 64)
-> Request 1
723
(3, 2, 1)
1
(61, 74)
-> Request 2
828
(3, 3, 1)
1
(30, 56)
--> Day : 2
-> Request 0
304
(1, 3, 2)
1
(11, 17)
-> Request 1
467
(3, 1, 2)
2
(11, 20)
-> Request 2
531
(2, 2, 1)
1
(61, 62)
-> Request 3
641
(4, 1, 2)
1
(48, 3)
-> Request 4
666
(1, 1, 2)
1
(69, 57)
-> Request 5
793
(1, 2, 2)
3
(61, 52)
-> Request 6
908
(2, 2, 2)
3
(0, 79)
-> Request 7
1404
(1, 1, 2)
2
(39, 37)
--> Day : 3
-> Request 0
582
(4, 3, 2)
2
(9, 27)
-> Request 1
626
(3, 2, 2)
1
(11, 21)
-> Request 2
1366
(2, 3, 2)
1
(48, 34)
-> Request 3
1393
(1, 1, 2)
3
(57, 72)
--> Day : 4
-> Request 0
293
(2, 2, 1)
2
(47, 32)
-> Request 1
400
(1, 3, 1)
3
(75, 62)
-> Request 2
848
(3, 2, 2)
1
(59, 24)
-> Request 3
980
(1, 2, 1)
1
(38, 24)
-> Request 4
1009
(3, 3, 2)
1
(3, 68)
-> Request 5
1156
(3, 2, 2)
2
(2, 21)
-> Request 6
1403
(3, 1, 2)
3
(1, 30)
---> Week : 14
--> Day : 0
-> Request 0
98
(4, 1, 1)
3
(57, 31)
-> Request 1
124
(1, 2, 2)
3
(43, 34)
-> Request 2
157
(2, 2, 1)
2
(30, 79)
-> Request 3
237
(3, 3, 1)
1
(45, 34)
-> Request 4
263
(1, 3, 2)
1
(14, 74)
-> Request 5
313
(1, 3, 1)
2
(20, 20)
-> Request 6
448
(3, 3, 2)
3
(8, 21)
-> Request 7
485
(4, 3, 2)
2
(15, 27)
-> Request 8
537
(3, 3, 1)
3
(4, 74)
-> Request 9
827
(2, 3, 2)
3
(1, 18)
-> Request 10
942
(2, 2, 1)
1
(52, 77)
-> Request 11
1115
(1, 1, 1)
2
(21, 21)
-> Request 12
1402
(3, 2, 1)
1
(33, 27)
--> Day : 1
-> Request 0
239
(1, 1, 1)
2
(43, 39)
-> Request 1
397
(3, 2, 2)
1
(77, 41)
-> Request 2
669
(4, 1, 2)
3
(0, 54)
-> Request 3
742
(4, 1, 2)
3
(58, 38)
-> Request 4
752
(2, 1, 2)
1
(13, 4)
-> Request 5
933
(4, 2, 2)
1
(60, 69)
-> Request 6
1022
(4, 3, 1)
1
(65, 78)
-> Request 7
1105
(4, 2, 2)
2
(61, 27)
-> Request 8
1110
(2, 2, 1)
1
(48, 37)
-> Request 9
1265
(2, 3, 1)
3
(26, 29)
-> Request 10
1412
(2, 2, 2)
3
(13, 22)
--> Day : 2
-> Request 0
12
(2, 2, 1)
3
(26, 17)
-> Request 1
755
(1, 2, 2)
3
(33, 55)
-> Request 2
951
(2, 1, 1)
1
(54, 72)
-> Request 3
1020
(3, 2, 2)
2
(60, 73)
-> Request 4
1097
(1, 3, 2)
2
(55, 74)
-> Request 5
1212
(3, 3, 1)
1
(58, 77)
-> Request 6
1222
(4, 1, 1)
3
(15, 20)
-> Request 7
1230
(4, 2, 1)
1
(22, 29)
-> Request 8
1398
(3, 2, 2)
1
(60, 71)
-> Request 9
1405
(3, 3, 2)
3
(61, 32)
-> Request 10
1437
(2, 3, 2)
3
(58, 42)
--> Day : 3
-> Request 0
137
(4, 3, 1)
3
(50, 35)
-> Request 1
171
(4, 1, 2)
1
(17, 20)
-> Request 2
333
(2, 3, 1)
2
(29, 56)
-> Request 3
525
(3, 1, 2)
3
(13, 21)
-> Request 4
599
(1, 2, 1)
3
(67, 33)
-> Request 5
836
(1, 2, 2)
2
(60, 75)
-> Request 6
1085
(4, 2, 1)
2
(55, 36)
-> Request 7
1189
(1, 1, 2)
3
(11, 42)
--> Day : 4
-> Request 0
176
(4, 1, 2)
3
(28, 34)
-> Request 1
341
(2, 1, 1)
3
(50, 41)
-> Request 2
356
(4, 3, 2)
3
(61, 66)
-> Request 3
534
(1, 3, 1)
1
(59, 37)
-> Request 4
599
(1, 1, 2)
2
(54, 73)
-> Request 5
625
(3, 1, 1)
1
(70, 68)
-> Request 6
650
(3, 3, 2)
3
(22, 3)
-> Request 7
776
(3, 2, 1)
2
(58, 45)
-> Request 8
1082
(1, 3, 1)
2
(47, 64)
-> Request 9
1109
(4, 2, 1)
3
(63, 66)
-> Request 10
1255
(1, 3, 2)
2
(55, 45)
-> Request 11
1262
(3, 2, 1)
2
(58, 76)
---> Week : 15
--> Day : 0
-> Request 0
88
(4, 1, 1)
1
(45, 18)
-> Request 1
118
(2, 2, 2)
3
(6, 19)
-> Request 2
396
(3, 1, 1)
1
(51, 15)
-> Request 3
471
(4, 2, 2)
1
(50, 45)
-> Request 4
475
(4, 3, 1)
3
(15, 79)
-> Request 5
674
(3, 1, 2)
2
(26, 41)
-> Request 6
705
(3, 2, 1)
2
(54, 69)
-> Request 7
843
(3, 1, 1)
3
(78, 54)
-> Request 8
1095
(4, 1, 2)
2
(17, 38)
-> Request 9
1151
(3, 2, 2)
1
(45, 30)
-> Request 10
1299
(1, 2, 1)
2
(19, 34)
-> Request 11
1340
(1, 2, 1)
2
(60, 46)
--> Day : 1
-> Request 0
35
(2, 3, 1)
3
(56, 78)
-> Request 1
42
(1, 1, 2)
3
(13, 62)
-> Request 2
47
(2, 2, 2)
2
(10, 45)
-> Request 3
385
(3, 1, 2)
2
(1, 9)
-> Request 4
444
(1, 2, 1)
2
(47, 36)
-> Request 5
589
(1, 1, 2)
2
(7, 5)
-> Request 6
710
(4, 2, 2)
3
(64, 51)
-> Request 7
842
(1, 2, 2)
2
(11, 33)
-> Request 8
1329
(1, 3, 1)
2
(28, 65)
--> Day : 2
-> Request 0
42
(2, 3, 1)
2
(48, 28)
-> Request 1
116
(2, 1, 1)
2
(40, 30)
-> Request 2
180
(1, 2, 1)
1
(53, 36)
-> Request 3
229
(4, 2, 1)
1
(11, 15)
-> Request 4
347
(4, 1, 1)
3
(40, 12)
-> Request 5
475
(4, 2, 2)
2
(45, 55)
-> Request 6
500
(1, 1, 1)
2
(48, 36)
-> Request 7
544
(2, 2, 2)
1
(31, 74)
-> Request 8
627
(2, 1, 1)
2
(73, 74)
-> Request 9
684
(2, 2, 2)
3
(6, 56)
-> Request 10
734
(2, 3, 1)
2
(59, 45)
-> Request 11
868
(1, 1, 1)
1
(11, 21)
-> Request 12
907
(1, 1, 2)
2
(54, 23)
-> Request 13
925
(2, 1, 1)
2
(27, 34)
-> Request 14
939
(4, 2, 2)
1
(23, 7)
-> Request 15
1017
(3, 3, 2)
2
(52, 27)
-> Request 16
1141
(3, 3, 1)
2
(52, 40)
-> Request 17
1236
(2, 3, 1)
2
(74, 1)
-> Request 18
1240
(4, 1, 1)
1
(16, 29)
-> Request 19
1383
(2, 3, 2)
3
(65, 73)
--> Day : 3
-> Request 0
236
(1, 2, 1)
2
(14, 12)
-> Request 1
238
(2, 2, 1)
1
(46, 42)
-> Request 2
307
(2, 3, 2)
1
(44, 44)
-> Request 3
432
(3, 2, 1)
3
(75, 42)
-> Request 4
546
(2, 3, 2)
3
(55, 69)
-> Request 5
574
(3, 2, 1)
3
(57, 29)
-> Request 6
629
(4, 1, 1)
2
(61, 64)
-> Request 7
865
(1, 3, 2)
2
(53, 36)
-> Request 8
1140
(1, 3, 1)
3
(12, 0)
-> Request 9
1153
(4, 2, 2)
3
(44, 33)
-> Request 10
1153
(3, 2, 1)
3
(58, 75)
--> Day : 4
-> Request 0
440
(3, 2, 1)
2
(47, 42)
-> Request 1
450
(1, 1, 2)
2
(44, 43)
-> Request 2
747
(1, 2, 2)
2
(64, 50)
-> Request 3
757
(4, 2, 1)
1
(58, 39)
-> Request 4
951
(3, 2, 1)
1
(74, 5)
-> Request 5
1102
(1, 2, 1)
2
(18, 21)
-> Request 6
1267
(4, 1, 2)
3
(52, 72)
-> Request 7
1359
(4, 2, 2)
3
(25, 58)
-> Request 8
1405
(2, 2, 2)
3
(63, 74)
---> Week : 16
--> Day : 0
-> Request 0
36
(3, 3, 1)
3
(59, 76)
-> Request 1
145
(3, 1, 1)
1
(48, 42)
-> Request 2
390
(1, 1, 2)
3
(60, 42)
-> Request 3
414
(2, 1, 1)
2
(6, 27)
-> Request 4
488
(1, 3, 1)
1
(2, 6)
-> Request 5
578
(3, 1, 1)
3
(66, 77)
-> Request 6
866
(1, 1, 1)
2
(55, 33)
-> Request 7
919
(1, 3, 1)
3
(37, 0)
-> Request 8
973
(1, 1, 2)
1
(52, 78)
-> Request 9
1018
(2, 1, 2)
1
(11, 22)
-> Request 10
1031
(1, 2, 2)
1
(54, 40)
-> Request 11
1094
(3, 1, 1)
3
(28, 6)
-> Request 12
1115
(3, 2, 2)
1
(4, 36)
-> Request 13
1165
(1, 3, 2)
3
(34, 49)
-> Request 14
1171
(4, 3, 2)
3
(25, 30)
-> Request 15
1245
(4, 2, 2)
3
(69, 30)
--> Day : 1
-> Request 0
193
(4, 3, 1)
3
(53, 19)
-> Request 1
265
(2, 3, 2)
2
(41, 13)
-> Request 2
609
(3, 3, 1)
3
(9, 32)
-> Request 3
686
(3, 2, 2)
1
(55, 73)
-> Request 4
728
(4, 2, 1)
3
(54, 43)
-> Request 5
765
(2, 1, 1)
2
(26, 22)
-> Request 6
915
(3, 1, 2)
1
(14, 26)
-> Request 7
960
(3, 1, 2)
3
(16, 20)
-> Request 8
960
(2, 1, 2)
1
(2, 48)
-> Request 9
1236
(4, 3, 2)
3
(61, 31)
-> Request 10
1237
(4, 1, 1)
3
(62, 16)
--> Day : 2
-> Request 0
161
(1, 3, 2)
2
(50, 43)
-> Request 1
187
(2, 3, 1)
2
(60, 31)
-> Request 2
223
(2, 3, 2)
3
(60, 75)
-> Request 3
228
(3, 2, 2)
3
(70, 68)
-> Request 4
276
(4, 1, 2)
2
(75, 51)
-> Request 5
278
(3, 1, 1)
2
(60, 72)
-> Request 6
511
(2, 2, 2)
2
(50, 28)
-> Request 7
526
(3, 3, 2)
3
(6, 0)
-> Request 8
938
(3, 1, 2)
3
(57, 59)
-> Request 9
1113
(1, 3, 1)
1
(51, 43)
-> Request 10
1152
(4, 3, 1)
1
(77, 48)
-> Request 11
1409
(3, 2, 1)
3
(9, 28)
--> Day : 3
-> Request 0
79
(2, 1, 2)
3
(60, 29)
-> Request 1
192
(4, 3, 1)
2
(51, 54)
-> Request 2
300
(3, 2, 1)
2
(37, 35)
-> Request 3
378
(1, 1, 2)
2
(24, 47)
-> Request 4
445
(3, 3, 1)
1
(47, 4)
-> Request 5
606
(4, 1, 1)
1
(58, 33)
-> Request 6
648
(4, 3, 1)
1
(21, 47)
-> Request 7
908
(1, 1, 2)
3
(64, 71)
-> Request 8
1081
(1, 2, 2)
1
(65, 44)
-> Request 9
1142
(4, 2, 1)
2
(55, 78)
-> Request 10
1301
(1, 1, 1)
2
(62, 64)
-> Request 11
1385
(4, 3, 1)
3
(46, 30)
--> Day : 4
-> Request 0
192
(3, 2, 2)
1
(13, 57)
-> Request 1
302
(4, 2, 2)
1
(60, 28)
-> Request 2
437
(2, 2, 2)
1
(72, 8)
-> Request 3
652
(2, 3, 2)
2
(16, 14)
-> Request 4
693
(4, 2, 1)
1
(55, 69)
-> Request 5
813
(3, 2, 1)
3
(55, 68)
-> Request 6
945
(3, 3, 2)
1
(49, 41)
-> Request 7
961
(4, 1, 2)
1
(11, 23)
-> Request 8
1193
(2, 1, 1)
3
(45, 44)
-> Request 9
1279
(1, 2, 2)
1
(62, 39)
-> Request 10
1288
(3, 3, 2)
1
(31, 46)
-> Request 11
1328
(3, 2, 1)
3
(49, 28)
-> Request 12
1439
(2, 2, 1)
2
(51, 44)
---> Week : 17
--> Day : 0
-> Request 0
24
(4, 1, 2)
3
(32, 55)
-> Request 1
170
(4, 3, 2)
1
(3, 28)
-> Request 2
176
(4, 1, 1)
3
(33, 8)
-> Request 3
209
(2, 3, 2)
1
(34, 62)
-> Request 4
450
(2, 2, 2)
2
(9, 27)
-> Request 5
566
(3, 3, 2)
3
(42, 53)
-> Request 6
1026
(2, 3, 2)
1
(13, 12)
-> Request 7
1097
(2, 3, 2)
2
(50, 32)
-> Request 8
1221
(3, 1, 1)
3
(57, 31)
-> Request 9
1234
(3, 1, 2)
1
(60, 44)
-> Request 10
1345
(4, 2, 2)
3
(70, 64)
-> Request 11
1438
(1, 3, 2)
2
(60, 44)
--> Day : 1
-> Request 0
71
(4, 3, 2)
1
(18, 44)
-> Request 1
262
(1, 3, 2)
3
(27, 41)
-> Request 2
591
(3, 3, 1)
2
(7, 3)
-> Request 3
811
(2, 2, 1)
3
(55, 65)
-> Request 4
860
(3, 2, 2)
1
(56, 40)
-> Request 5
908
(4, 2, 2)
2
(53, 26)
-> Request 6
910
(2, 3, 1)
1
(11, 56)
-> Request 7
1110
(1, 1, 1)
3
(55, 29)
-> Request 8
1234
(1, 1, 1)
1
(47, 45)
-> Request 9
1245
(1, 3, 1)
3
(56, 37)
-> Request 10
1262
(3, 1, 2)
3
(54, 57)
-> Request 11
1388
(2, 3, 1)
1
(12, 20)
--> Day : 2
-> Request 0
72
(2, 1, 2)
1
(16, 29)
-> Request 1
226
(4, 1, 1)
2
(62, 34)
-> Request 2
255
(4, 2, 2)
1
(62, 75)
-> Request 3
348
(2, 3, 1)
3
(75, 27)
-> Request 4
502
(1, 3, 2)
2
(17, 22)
-> Request 5
604
(3, 2, 1)
3
(37, 35)
-> Request 6
616
(1, 2, 2)
3
(45, 8)
-> Request 7
809
(3, 3, 1)
1
(14, 77)
-> Request 8
1085
(1, 2, 1)
1
(37, 68)
-> Request 9
1148
(2, 1, 2)
3
(10, 60)
-> Request 10
1163
(2, 3, 2)
2
(62, 42)
--> Day : 3
-> Request 0
16
(2, 2, 2)
2
(64, 71)
-> Request 1
194
(4, 3, 2)
1
(42, 7)
-> Request 2
524
(2, 3, 1)
1
(47, 61)
-> Request 3
535
(3, 3, 2)
2
(55, 67)
-> Request 4
807
(3, 3, 2)
3
(43, 27)
-> Request 5
869
(2, 1, 2)
1
(61, 28)
-> Request 6
1044
(4, 3, 1)
1
(1, 26)
-> Request 7
1247
(3, 3, 2)
3
(44, 45)
-> Request 8
1311
(3, 3, 1)
1
(0, 56)
-> Request 9
1317
(2, 1, 1)
1
(53, 68)
--> Day : 4
-> Request 0
252
(1, 2, 1)
2
(65, 42)
-> Request 1
314
(2, 1, 2)
3
(46, 40)
-> Request 2
428
(1, 2, 2)
2
(61, 78)
-> Request 3
490
(3, 2, 1)
3
(62, 68)
-> Request 4
502
(2, 1, 2)
2
(45, 29)
-> Request 5
517
(1, 3, 1)
3
(59, 27)
-> Request 6
552
(1, 1, 1)
3
(49, 72)
-> Request 7
570
(1, 1, 1)
3
(55, 76)
-> Request 8
585
(2, 3, 2)
2
(51, 34)
-> Request 9
601
(4, 3, 1)
3
(66, 51)
-> Request 10
752
(4, 3, 2)
2
(4, 38)
-> Request 11
905
(1, 3, 2)
1
(25, 3)
-> Request 12
1000
(4, 3, 1)
2
(18, 64)
-> Request 13
1292
(4, 3, 1)
1
(48, 29)
---> Week : 18
--> Day : 0
-> Request 0
33
(2, 1, 2)
2
(50, 29)
-> Request 1
245
(1, 2, 1)
1
(11, 27)
-> Request 2
253
(1, 2, 2)
1
(32, 76)
-> Request 3
351
(4, 3, 1)
1
(61, 11)
-> Request 4
766
(3, 1, 1)
2
(45, 51)
-> Request 5
866
(4, 1, 2)
2
(10, 23)
-> Request 6
1049
(3, 1, 1)
3
(44, 30)
-> Request 7
1056
(4, 3, 2)
1
(65, 78)
-> Request 8
1307
(3, 2, 2)
2
(32, 17)
--> Day : 1
-> Request 0
645
(4, 1, 2)
1
(33, 77)
-> Request 1
753
(2, 2, 2)
1
(43, 38)
-> Request 2
901
(3, 3, 2)
2
(34, 1)
-> Request 3
917
(1, 2, 1)
2
(38, 29)
--> Day : 2
-> Request 0
332
(2, 3, 1)
3
(54, 68)
-> Request 1
378
(1, 3, 2)
1
(56, 78)
-> Request 2
539
(2, 3, 2)
3
(66, 74)
-> Request 3
680
(2, 1, 2)
1
(10, 24)
-> Request 4
835
(2, 3, 2)
2
(57, 70)
-> Request 5
941
(2, 3, 2)
3
(44, 39)
-> Request 6
1110
(2, 3, 1)
3
(1, 41)
-> Request 7
1112
(2, 3, 2)
2
(46, 43)
-> Request 8
1276
(1, 2, 1)
1
(72, 38)
-> Request 9
1280
(3, 2, 1)
1
(24, 49)
--> Day : 3
-> Request 0
119
(2, 1, 1)
1
(44, 46)
-> Request 1
252
(2, 3, 1)
1
(23, 11)
-> Request 2
279
(1, 1, 2)
2
(10, 78)
-> Request 3
362
(3, 2, 2)
2
(43, 30)
-> Request 4
643
(3, 3, 1)
3
(44, 65)
-> Request 5
686
(2, 1, 2)
1
(59, 47)
-> Request 6
870
(2, 2, 1)
1
(60, 75)
-> Request 7
909
(2, 1, 2)
1
(57, 69)
-> Request 8
1038
(4, 1, 2)
1
(18, 62)
-> Request 9
1058
(2, 1, 1)
3
(66, 52)
-> Request 10
1248
(1, 1, 1)
1
(6, 33)
-> Request 11
1339
(4, 1, 2)
1
(34, 44)
-> Request 12
1389
(1, 3, 2)
1
(57, 17)
--> Day : 4
-> Request 0
102
(1, 1, 1)
2
(48, 27)
-> Request 1
199
(4, 2, 1)
1
(37, 28)
-> Request 2
611
(1, 3, 2)
1
(60, 33)
-> Request 3
730
(2, 3, 1)
1
(22, 6)
-> Request 4
757
(2, 3, 2)
1
(52, 69)
-> Request 5
1008
(4, 2, 1)
3
(14, 20)
-> Request 6
1011
(3, 1, 1)
3
(77, 73)
---> Week : 19
--> Day : 0
-> Request 0
172
(3, 1, 2)
3
(73, 75)
-> Request 1
251
(2, 1, 1)
2
(33, 78)
-> Request 2
363
(3, 3, 1)
1
(43, 43)
-> Request 3
404
(3, 3, 2)
1
(59, 77)
-> Request 4
556
(3, 2, 2)
2
(43, 38)
-> Request 5
569
(4, 1, 2)
2
(38, 78)
-> Request 6
635
(1, 1, 2)
1
(73, 78)
-> Request 7
1058
(1, 2, 2)
3
(59, 11)
-> Request 8
1096
(2, 3, 2)
1
(62, 70)
-> Request 9
1198
(1, 3, 1)
3
(53, 70)
-> Request 10
1349
(4, 3, 2)
2
(63, 31)
--> Day : 1
-> Request 0
438
(3, 2, 2)
2
(11, 6)
-> Request 1
617
(2, 2, 1)
2
(65, 72)
-> Request 2
846
(1, 1, 2)
2
(12, 11)
-> Request 3
1160
(3, 1, 1)
3
(44, 30)
-> Request 4
1234
(1, 2, 1)
2
(64, 29)
-> Request 5
1346
(2, 2, 1)
3
(3, 11)
-> Request 6
1378
(1, 1, 1)
2
(47, 46)
--> Day : 2
-> Request 0
115
(3, 2, 1)
2
(48, 26)
-> Request 1
285
(3, 1, 2)
2
(14, 24)
-> Request 2
359
(2, 3, 2)
2
(55, 39)
-> Request 3
386
(4, 1, 1)
2
(50, 27)
-> Request 4
698
(3, 3, 1)
2
(53, 65)
-> Request 5
844
(2, 2, 1)
2
(26, 53)
-> Request 6
965
(1, 2, 1)
3
(33, 12)
-> Request 7
1034
(1, 2, 1)
1
(56, 27)
-> Request 8
1092
(1, 1, 1)
1
(58, 64)
-> Request 9
1304
(1, 1, 1)
2
(55, 32)
--> Day : 3
-> Request 0
266
(3, 1, 1)
1
(11, 36)
-> Request 1
268
(1, 3, 2)
3
(24, 2)
-> Request 2
296
(3, 1, 2)
3
(48, 46)
-> Request 3
1177
(4, 2, 2)
1
(4, 28)
--> Day : 4
-> Request 0
35
(1, 2, 2)
3
(49, 29)
-> Request 1
109
(3, 1, 2)
3
(53, 1)
-> Request 2
347
(3, 2, 2)
1
(46, 69)
-> Request 3
519
(4, 2, 1)
2
(78, 7)
-> Request 4
588
(2, 2, 2)
3
(0, 17)
-> Request 5
659
(1, 3, 1)
3
(43, 42)
-> Request 6
702
(2, 1, 2)
1
(44, 30)
-> Request 7
1009
(4, 1, 2)
1
(57, 27)
-> Request 8
1196
(1, 2, 2)
2
(51, 45)
-> Request 9
1346
(2, 1, 2)
1
(66, 66)
-> Request 10
1361
(1, 2, 1)
3
(17, 38)
---> Week : 20
--> Day : 0
-> Request 0
49
(1, 3, 1)
2
(17, 24)
-> Request 1
49
(1, 2, 1)
2
(63, 74)
-> Request 2
322
(1, 3, 1)
2
(43, 46)
-> Request 3
405
(4, 1, 1)
3
(44, 27)
-> Request 4
983
(3, 3, 2)
1
(60, 27)
-> Request 5
1013
(4, 3, 2)
1
(15, 1)
-> Request 6
1054
(2, 3, 2)
1
(47, 42)
-> Request 7
1239
(1, 2, 2)
3
(37, 74)
-> Request 8
1398
(4, 1, 1)
1
(59, 72)
--> Day : 1
-> Request 0
389
(1, 2, 1)
2
(25, 57)
-> Request 1
646
(4, 3, 1)
3
(63, 78)
-> Request 2
731
(4, 1, 2)
1
(59, 66)
-> Request 3
923
(2, 2, 2)
3
(60, 64)
-> Request 4
1050
(3, 1, 2)
3
(51, 35)
-> Request 5
1053
(3, 3, 1)
1
(4, 24)
-> Request 6
1207
(4, 2, 2)
3
(54, 42)
-> Request 7
1220
(2, 2, 2)
1
(48, 36)
-> Request 8
1279
(2, 3, 1)
2
(50, 45)
-> Request 9
1423
(1, 1, 1)
1
(29, 23)
--> Day : 2
-> Request 0
34
(1, 1, 2)
2
(9, 20)
-> Request 1
142
(3, 3, 2)
3
(53, 71)
-> Request 2
851
(3, 2, 2)
1
(11, 36)
-> Request 3
1046
(4, 2, 1)
1
(48, 51)
-> Request 4
1068
(2, 2, 2)
3
(45, 34)
-> Request 5
1078
(1, 1, 2)
2
(20, 55)
-> Request 6
1135
(4, 3, 2)
3
(57, 29)
-> Request 7
1159
(4, 2, 2)
2
(32, 11)
-> Request 8
1171
(3, 2, 1)
3
(63, 70)
-> Request 9
1186
(3, 1, 1)
3
(62, 72)
-> Request 10
1245
(4, 1, 1)
3
(18, 29)
-> Request 11
1300
(1, 3, 1)
1
(62, 77)
-> Request 12
1410
(2, 1, 1)
1
(61, 28)
--> Day : 3
-> Request 0
52
(4, 2, 1)
2
(3, 66)
-> Request 1
119
(3, 1, 2)
1
(64, 57)
-> Request 2
179
(1, 2, 2)
3
(55, 77)
-> Request 3
500
(1, 3, 2)
1
(41, 79)
-> Request 4
667
(2, 2, 2)
3
(45, 43)
-> Request 5
758
(3, 2, 1)
2
(16, 25)
-> Request 6
806
(2, 3, 2)
3
(66, 64)
-> Request 7
913
(4, 2, 2)
1
(12, 65)
-> Request 8
990
(4, 1, 1)
1
(62, 36)
-> Request 9
1171
(2, 1, 2)
3
(48, 27)
-> Request 10
1252
(4, 1, 2)
1
(11, 6)
-> Request 11
1403
(2, 1, 1)
1
(63, 11)
-> Request 12
1406
(1, 2, 1)
2
(60, 76)
--> Day : 4
-> Request 0
259
(1, 3, 2)
3
(4, 72)
-> Request 1
748
(2, 1, 1)
1
(43, 31)
-> Request 2
950
(2, 1, 2)
3
(11, 15)
-> Request 3
1120
(2, 3, 1)
1
(35, 55)
-> Request 4
1275
(1, 2, 2)
3
(58, 46)
-> Request 5
1322
(3, 1, 1)
2
(8, 23)
-> Request 6
1330
(2, 2, 1)
2
(21, 33)
-> Request 7
1415
(2, 2, 2)
3
(13, 29)
---> Week : 21
--> Day : 0
-> Request 0
260
(4, 2, 2)
2
(5, 25)
-> Request 1
314
(1, 1, 1)
3
(54, 28)
-> Request 2
376
(3, 1, 2)
1
(52, 38)
-> Request 3
646
(3, 2, 2)
3
(64, 65)
-> Request 4
664
(2, 2, 2)
2
(61, 77)
-> Request 5
766
(2, 3, 2)
3
(48, 34)
-> Request 6
818
(2, 1, 1)
3
(72, 5)
-> Request 7
970
(3, 3, 1)
1
(19, 30)
-> Request 8
1379
(3, 1, 2)
3
(70, 29)
--> Day : 1
-> Request 0
460
(3, 2, 2)
2
(9, 15)
-> Request 1
463
(1, 2, 1)
2
(55, 40)
-> Request 2
488
(2, 1, 2)
2
(36, 52)
-> Request 3
685
(2, 3, 2)
2
(34, 10)
-> Request 4
761
(4, 3, 2)
1
(13, 32)
-> Request 5
931
(1, 1, 2)
2
(7, 75)
-> Request 6
1352
(1, 1, 2)
2
(10, 25)
-> Request 7
1354
(3, 2, 1)
3
(57, 35)
--> Day : 2
-> Request 0
29
(1, 3, 2)
1
(12, 24)
-> Request 1
200
(2, 1, 1)
2
(2, 14)
-> Request 2
603
(1, 1, 2)
1
(18, 74)
-> Request 3
830
(3, 3, 2)
2
(36, 33)
-> Request 4
867
(4, 1, 1)
2
(23, 70)
-> Request 5
925
(1, 1, 2)
3
(68, 8)
-> Request 6
1149
(4, 3, 1)
3
(26, 61)
-> Request 7
1198
(2, 1, 2)
2
(59, 68)
-> Request 8
1218
(2, 3, 2)
1
(57, 36)
-> Request 9
1269
(3, 3, 2)
1
(10, 32)
-> Request 10
1393
(1, 3, 1)
3
(51, 39)
--> Day : 3
-> Request 0
116
(3, 3, 1)
1
(55, 33)
-> Request 1
175
(4, 1, 2)
2
(65, 72)
-> Request 2
334
(3, 1, 2)
1
(52, 28)
-> Request 3
454
(2, 3, 1)
1
(60, 35)
-> Request 4
635
(2, 2, 2)
2
(20, 37)
-> Request 5
884
(4, 3, 1)
3
(50, 28)
-> Request 6
998
(3, 1, 1)
3
(56, 70)
-> Request 7
1405
(4, 1, 2)
3
(54, 27)
--> Day : 4
-> Request 0
17
(2, 3, 1)
1
(10, 22)
-> Request 1
196
(2, 3, 1)
3
(58, 64)
-> Request 2
1100
(3, 2, 2)
2
(29, 77)
-> Request 3
1248
(2, 1, 2)
2
(0, 72)
---> Week : 22
--> Day : 0
-> Request 0
23
(3, 3, 2)
1
(40, 40)
-> Request 1
176
(1, 1, 1)
1
(51, 42)
-> Request 2
311
(1, 3, 1)
1
(70, 68)
-> Request 3
339
(4, 1, 1)
3
(47, 40)
-> Request 4
478
(2, 2, 2)
2
(13, 20)
-> Request 5
1092
(2, 3, 1)
2
(61, 72)
-> Request 6
1093
(2, 3, 1)
3
(38, 68)
-> Request 7
1139
(3, 2, 1)
1
(52, 78)
-> Request 8
1420
(1, 1, 1)
2
(15, 22)
-> Request 9
1431
(4, 1, 1)
2
(28, 2)
--> Day : 1
-> Request 0
139
(3, 3, 1)
3
(26, 54)
-> Request 1
391
(3, 2, 1)
2
(54, 24)
-> Request 2
395
(2, 3, 2)
1
(56, 79)
-> Request 3
472
(1, 2, 2)
2
(60, 74)
-> Request 4
622
(2, 2, 2)
2
(52, 45)
-> Request 5
718
(2, 1, 1)
1
(44, 36)
-> Request 6
903
(2, 2, 2)
1
(44, 45)
-> Request 7
909
(3, 1, 2)
2
(30, 2)
-> Request 8
944
(3, 3, 2)
1
(75, 27)
-> Request 9
1126
(2, 2, 2)
1
(71, 51)
-> Request 10
1137
(2, 3, 1)
3
(60, 71)
-> Request 11
1356
(4, 1, 2)
2
(56, 36)
--> Day : 2
-> Request 0
8
(2, 1, 1)
3
(6, 3)
-> Request 1
568
(3, 1, 1)
1
(15, 9)
-> Request 2
921
(1, 3, 2)
1
(30, 33)
-> Request 3
1349
(4, 3, 1)
3
(55, 64)
-> Request 4
1437
(4, 2, 1)
2
(7, 37)
--> Day : 3
-> Request 0
506
(3, 3, 1)
2
(16, 36)
-> Request 1
999
(2, 2, 1)
2
(21, 31)
-> Request 2
1009
(4, 2, 1)
1
(37, 43)
-> Request 3
1026
(2, 1, 2)
3
(38, 71)
-> Request 4
1437
(1, 1, 2)
2
(35, 60)
--> Day : 4
-> Request 0
68
(4, 2, 2)
1
(58, 34)
-> Request 1
368
(4, 3, 1)
2
(17, 29)
-> Request 2
670
(4, 2, 1)
2
(48, 41)
-> Request 3
739
(1, 2, 2)
1
(66, 69)
-> Request 4
750
(3, 2, 1)
2
(45, 62)
-> Request 5
758
(1, 1, 2)
2
(78, 35)
-> Request 6
864
(1, 3, 1)
2
(62, 71)
-> Request 7
866
(3, 3, 1)
1
(59, 34)
-> Request 8
1072
(4, 3, 2)
1
(61, 20)
---> Week : 23
--> Day : 0
-> Request 0
91
(2, 2, 2)
3
(5, 43)
-> Request 1
270
(2, 2, 1)
1
(6, 21)
-> Request 2
319
(2, 3, 2)
1
(60, 1)
-> Request 3
334
(4, 1, 1)
3
(79, 2)
-> Request 4
352
(4, 2, 1)
3
(43, 38)
-> Request 5
392
(2, 3, 1)
3
(53, 42)
-> Request 6
412
(4, 1, 1)
1
(22, 67)
-> Request 7
521
(4, 3, 2)
2
(25, 26)
-> Request 8
685
(3, 2, 1)
2
(12, 21)
-> Request 9
720
(1, 1, 2)
3
(33, 35)
-> Request 10
769
(4, 2, 2)
1
(61, 30)
-> Request 11
786
(3, 1, 2)
1
(35, 52)
-> Request 12
832
(4, 3, 1)
2
(54, 66)
--> Day : 1
-> Request 0
97
(2, 1, 1)
1
(56, 27)
-> Request 1
291
(1, 2, 1)
2
(41, 59)
-> Request 2
524
(2, 2, 1)
3
(66, 66)
-> Request 3
532
(3, 2, 1)
2
(62, 42)
-> Request 4
626
(3, 2, 2)
3
(13, 52)
-> Request 5
817
(4, 1, 2)
1
(53, 22)
-> Request 6
948
(2, 2, 1)
1
(57, 69)
-> Request 7
1095
(4, 1, 2)
3
(11, 24)
-> Request 8
1208
(2, 2, 1)
2
(41, 17)
-> Request 9
1290
(3, 2, 1)
1
(2, 25)
--> Day : 2
-> Request 0
3
(3, 2, 1)
3
(56, 69)
-> Request 1
211
(3, 2, 1)
3
(38, 79)
-> Request 2
333
(1, 2, 1)
1
(56, 13)
-> Request 3
673
(1, 1, 2)
2
(72, 40)
-> Request 4
677
(2, 2, 2)
2
(10, 24)
-> Request 5
731
(3, 2, 1)
3
(5, 21)
-> Request 6
786
(3, 3, 2)
2
(12, 22)
-> Request 7
901
(3, 3, 2)
2
(8, 17)
-> Request 8
944
(1, 3, 2)
2
(61, 18)
-> Request 9
1089
(3, 3, 2)
1
(63, 73)
-> Request 10
1376
(1, 3, 2)
1
(61, 32)
--> Day : 3
-> Request 0
95
(1, 2, 2)
1
(39, 34)
-> Request 1
294
(1, 1, 1)
3
(53, 40)
-> Request 2
433
(4, 3, 1)
3
(28, 52)
-> Request 3
574
(2, 3, 1)
3
(44, 37)
-> Request 4
699
(3, 2, 2)
1
(54, 69)
-> Request 5
1079
(1, 3, 2)
1
(60, 12)
-> Request 6
1203
(1, 2, 2)
3
(13, 25)
-> Request 7
1356
(2, 2, 2)
2
(72, 49)
--> Day : 4
-> Request 0
4
(1, 1, 2)
2
(42, 49)
-> Request 1
185
(1, 3, 1)
1
(49, 46)
-> Request 2
398
(4, 1, 1)
3
(59, 29)
-> Request 3
545
(2, 3, 2)
1
(57, 78)
-> Request 4
608
(1, 3, 2)
3
(60, 29)
-> Request 5
1061
(1, 3, 1)
2
(8, 27)
-> Request 6
1084
(4, 3, 2)
3
(71, 71)
-> Request 7
1159
(1, 1, 1)
3
(46, 38)
-> Request 8
1340
(3, 3, 1)
1
(34, 1)
-> Request 9
1344
(3, 1, 1)
3
(63, 70)
---> Week : 24
--> Day : 0
-> Request 0
143
(2, 1, 2)
1
(45, 35)
-> Request 1
386
(3, 1, 1)
1
(52, 43)
-> Request 2
526
(4, 2, 2)
2
(59, 45)
-> Request 3
607
(1, 1, 1)
1
(27, 67)
-> Request 4
661
(3, 1, 1)
3
(56, 68)
-> Request 5
866
(3, 2, 2)
3
(3, 11)
-> Request 6
884
(2, 2, 1)
3
(57, 27)
-> Request 7
961
(2, 3, 1)
2
(56, 30)
-> Request 8
965
(3, 3, 1)
3
(51, 48)
-> Request 9
1174
(2, 3, 1)
2
(31, 61)
-> Request 10
1203
(1, 2, 2)
1
(39, 31)
-> Request 11
1205
(4, 2, 1)
2
(14, 26)
-> Request 12
1297
(1, 1, 2)
3
(75, 57)
--> Day : 1
-> Request 0
138
(2, 1, 2)
3
(18, 39)
-> Request 1
220
(1, 1, 1)
3
(54, 39)
-> Request 2
255
(3, 2, 1)
2
(64, 19)
-> Request 3
264
(2, 3, 2)
1
(62, 70)
-> Request 4
438
(3, 1, 2)
3
(75, 8)
-> Request 5
477
(1, 2, 2)
3
(63, 40)
-> Request 6
700
(3, 3, 1)
2
(51, 29)
-> Request 7
736
(3, 3, 2)
3
(38, 37)
-> Request 8
744
(2, 3, 2)
2
(56, 64)
-> Request 9
1030
(3, 2, 1)
3
(56, 73)
-> Request 10
1061
(3, 2, 2)
3
(10, 5)
-> Request 11
1076
(3, 1, 1)
1
(13, 20)
-> Request 12
1237
(1, 3, 2)
2
(52, 45)
--> Day : 2
-> Request 0
251
(4, 3, 2)
2
(10, 28)
-> Request 1
371
(3, 2, 2)
3
(66, 73)
-> Request 2
477
(3, 2, 1)
3
(7, 16)
-> Request 3
597
(1, 1, 1)
3
(18, 76)
-> Request 4
612
(4, 3, 1)
1
(54, 45)
-> Request 5
689
(1, 1, 2)
3
(22, 10)
-> Request 6
805
(2, 3, 2)
3
(60, 7)
-> Request 7
1023
(2, 1, 2)
2
(60, 69)
-> Request 8
1023
(4, 3, 2)
1
(46, 46)
-> Request 9
1072
(3, 2, 2)
2
(47, 44)
--> Day : 3
-> Request 0
73
(4, 1, 1)
1
(66, 20)
-> Request 1
84
(3, 1, 1)
1
(28, 76)
-> Request 2
124
(3, 2, 1)
2
(47, 3)
-> Request 3
133
(4, 2, 2)
3
(56, 12)
-> Request 4
196
(4, 3, 1)
2
(52, 45)
-> Request 5
298
(2, 2, 2)
2
(66, 70)
-> Request 6
362
(2, 1, 2)
3
(20, 41)
-> Request 7
413
(4, 3, 2)
1
(61, 37)
-> Request 8
679
(3, 1, 1)
3
(24, 79)
-> Request 9
932
(2, 3, 1)
3
(58, 41)
-> Request 10
943
(3, 1, 2)
1
(22, 49)
-> Request 11
943
(3, 3, 2)
1
(41, 35)
-> Request 12
990
(3, 2, 1)
2
(64, 68)
-> Request 13
1014
(2, 1, 2)
3
(14, 24)
-> Request 14
1053
(2, 2, 2)
1
(56, 15)
-> Request 15
1286
(4, 1, 1)
2
(7, 69)
-> Request 16
1345
(3, 3, 2)
3
(55, 27)
-> Request 17
1385
(1, 3, 2)
1
(15, 43)
--> Day : 4
-> Request 0
22
(2, 1, 1)
2
(44, 29)
-> Request 1
118
(2, 3, 2)
1
(61, 64)
-> Request 2
334
(1, 1, 2)
2
(58, 46)
-> Request 3
436
(2, 3, 2)
2
(63, 50)
-> Request 4
649
(2, 1, 1)
2
(61, 37)
-> Request 5
758
(2, 2, 2)
3
(26, 16)
-> Request 6
990
(1, 3, 1)
1
(64, 77)
-> Request 7
1020
(3, 1, 2)
3
(14, 27)
---> Week : 25
--> Day : 0
-> Request 0
40
(2, 3, 2)
2
(13, 27)
-> Request 1
63
(3, 2, 1)
3
(68, 61)
-> Request 2
122
(3, 1, 1)
2
(62, 69)
-> Request 3
224
(3, 3, 1)
3
(50, 30)
-> Request 4
246
(1, 1, 2)
3
(55, 79)
-> Request 5
282
(1, 3, 2)
1
(59, 42)
-> Request 6
286
(4, 3, 2)
1
(64, 66)
-> Request 7
421
(2, 1, 1)
3
(45, 34)
-> Request 8
456
(2, 1, 2)
3
(59, 65)
-> Request 9
482
(3, 2, 2)
3
(8, 21)
-> Request 10
622
(1, 2, 1)
1
(55, 46)
-> Request 11
684
(4, 2, 1)
3
(59, 72)
-> Request 12
733
(2, 2, 2)
3
(58, 38)
-> Request 13
900
(3, 1, 2)
1
(57, 34)
-> Request 14
905
(1, 2, 1)
2
(56, 43)
-> Request 15
911
(2, 2, 2)
3
(40, 2)
-> Request 16
962
(1, 1, 1)
3
(4, 41)
-> Request 17
997
(1, 1, 1)
3
(64, 69)
--> Day : 1
-> Request 0
102
(2, 1, 1)
2
(8, 33)
-> Request 1
288
(2, 2, 2)
3
(57, 1)
-> Request 2
387
(1, 3, 2)
1
(46, 47)
-> Request 3
625
(1, 1, 2)
1
(58, 40)
-> Request 4
773
(3, 3, 1)
1
(12, 70)
-> Request 5
774
(3, 1, 1)
3
(32, 27)
-> Request 6
838
(4, 1, 2)
3
(78, 61)
-> Request 7
954
(2, 3, 1)
2
(18, 44)
-> Request 8
1125
(3, 2, 2)
2
(54, 46)
-> Request 9
1183
(3, 1, 2)
2
(59, 42)
-> Request 10
1399
(4, 1, 1)
3
(47, 27)
--> Day : 2
-> Request 0
264
(4, 1, 1)
2
(63, 72)
-> Request 1
441
(1, 3, 1)
3
(23, 79)
-> Request 2
468
(2, 3, 1)
1
(78, 26)
-> Request 3
477
(4, 1, 1)
1
(5, 34)
-> Request 4
480
(2, 2, 1)
1
(8, 27)
-> Request 5
770
(1, 3, 2)
3
(59, 61)
-> Request 6
975
(3, 3, 1)
3
(52, 69)
-> Request 7
1163
(3, 3, 1)
2
(53, 43)
-> Request 8
1261
(3, 2, 2)
3
(39, 78)
-> Request 9
1282
(1, 1, 1)
3
(55, 77)
-> Request 10
1302
(2, 2, 1)
2
(17, 64)
--> Day : 3
-> Request 0
677
(4, 1, 2)
1
(46, 46)
-> Request 1
934
(3, 2, 1)
1
(52, 33)
-> Request 2
1023
(2, 3, 1)
2
(66, 55)
-> Request 3
1121
(4, 1, 2)
2
(3, 31)
-> Request 4
1206
(3, 1, 2)
2
(10, 72)
--> Day : 4
-> Request 0
93
(2, 1, 2)
1
(42, 51)
-> Request 1
154
(3, 1, 1)
2
(4, 18)
-> Request 2
265
(2, 3, 1)
3
(41, 36)
-> Request 3
411
(3, 1, 2)
1
(2, 58)
-> Request 4
703
(3, 3, 2)
2
(60, 77)
-> Request 5
749
(3, 3, 2)
2
(27, 65)
-> Request 6
826
(3, 3, 2)
2
(35, 14)
-> Request 7
897
(2, 2, 2)
2
(63, 65)
-> Request 8
1081
(3, 3, 2)
1
(11, 28)
-> Request 9
1132
(3, 1, 2)
1
(61, 33)
-> Request 10
1416
(4, 3, 2)
1
(74, 26)
-> Request 11
1424
(4, 1, 1)
3
(63, 34)
---> Week : 26
--> Day : 0
-> Request 0
316
(1, 2, 2)
3
(77, 58)
-> Request 1
342
(2, 3, 2)
1
(63, 71)
-> Request 2
373
(3, 1, 1)
1
(26, 9)
-> Request 3
420
(3, 3, 1)
1
(23, 25)
-> Request 4
577
(4, 1, 2)
1
(59, 39)
-> Request 5
654
(2, 1, 2)
2
(50, 29)
-> Request 6
678
(2, 2, 1)
2
(79, 60)
-> Request 7
910
(2, 3, 1)
1
(63, 64)
-> Request 8
1036
(2, 2, 2)
2
(74, 27)
-> Request 9
1150
(4, 3, 1)
3
(54, 75)
-> Request 10
1194
(4, 1, 1)
3
(62, 38)
-> Request 11
1309
(4, 3, 2)
3
(58, 27)
-> Request 12
1312
(3, 2, 1)
3
(43, 12)
-> Request 13
1328
(4, 3, 2)
3
(0, 78)
--> Day : 1
-> Request 0
127
(4, 1, 1)
3
(46, 4)
-> Request 1
187
(4, 1, 1)
3
(53, 45)
-> Request 2
205
(3, 3, 2)
2
(58, 39)
-> Request 3
417
(2, 3, 2)
3
(59, 67)
-> Request 4
880
(3, 3, 1)
3
(62, 76)
-> Request 5
930
(3, 2, 1)
3
(59, 65)
-> Request 6
1174
(4, 2, 1)
2
(44, 61)
-> Request 7
1209
(2, 1, 2)
2
(60, 45)
-> Request 8
1337
(4, 3, 1)
1
(8, 9)
-> Request 9
1351
(3, 2, 2)
1
(55, 73)
--> Day : 2
-> Request 0
9
(2, 1, 1)
3
(6, 64)
-> Request 1
113
(1, 2, 1)
2
(79, 11)
-> Request 2
197
(3, 2, 1)
1
(65, 66)
-> Request 3
595
(3, 3, 2)
1
(56, 30)
-> Request 4
845
(4, 2, 2)
1
(68, 66)
-> Request 5
887
(2, 1, 1)
3
(58, 71)
-> Request 6
1049
(2, 3, 2)
2
(54, 40)
--> Day : 3
-> Request 0
103
(1, 3, 2)
1
(56, 75)
-> Request 1
302
(3, 2, 2)
1
(27, 70)
-> Request 2
405
(3, 2, 1)
3
(38, 72)
-> Request 3
454
(4, 2, 2)
1
(55, 30)
-> Request 4
506
(3, 2, 1)
3
(9, 79)
-> Request 5
1012
(3, 1, 2)
1
(72, 46)
-> Request 6
1437
(1, 3, 2)
2
(54, 78)
--> Day : 4
-> Request 0
646
(1, 2, 1)
3
(12, 28)
-> Request 1
735
(4, 1, 1)
1
(48, 44)
-> Request 2
751
(2, 3, 2)
2
(10, 69)
-> Request 3
887
(2, 3, 2)
3
(62, 77)
-> Request 4
1063
(1, 1, 1)
2
(9, 67)
-> Request 5
1363
(4, 1, 2)
2
(13, 24)
---> Week : 27
--> Day : 0
-> Request 0
383
(4, 2, 2)
1
(47, 26)
-> Request 1
632
(1, 2, 2)
1
(52, 72)
-> Request 2
685
(3, 3, 2)
1
(47, 28)
-> Request 3
851
(2, 1, 1)
3
(61, 40)
-> Request 4
907
(4, 3, 2)
2
(53, 77)
-> Request 5
1071
(3, 1, 1)
3
(32, 40)
-> Request 6
1184
(2, 3, 1)
3
(19, 17)
-> Request 7
1263
(2, 3, 1)
2
(38, 16)
-> Request 8
1436
(4, 2, 2)
3
(10, 20)
--> Day : 1
-> Request 0
34
(2, 2, 1)
3
(63, 64)
-> Request 1
112
(3, 1, 2)
1
(42, 31)
-> Request 2
188
(2, 1, 2)
1
(2, 40)
-> Request 3
202
(1, 3, 1)
2
(51, 68)
-> Request 4
362
(1, 3, 1)
3
(46, 30)
-> Request 5
391
(3, 2, 2)
2
(48, 78)
-> Request 6
407
(3, 1, 2)
1
(35, 42)
-> Request 7
603
(3, 3, 2)
3
(24, 0)
-> Request 8
620
(4, 1, 1)
2
(55, 23)
-> Request 9
908
(4, 2, 1)
1
(26, 34)
-> Request 10
1090
(1, 3, 2)
2
(46, 33)
-> Request 11
1356
(2, 2, 2)
3
(47, 75)
--> Day : 2
-> Request 0
233
(4, 3, 1)
3
(33, 20)
-> Request 1
318
(1, 3, 1)
2
(60, 71)
-> Request 2
647
(4, 2, 2)
1
(14, 29)
-> Request 3
810
(1, 1, 2)
2
(58, 74)
-> Request 4
852
(3, 3, 1)
1
(51, 35)
-> Request 5
975
(4, 2, 1)
1
(75, 42)
-> Request 6
1062
(1, 1, 1)
3
(62, 32)
-> Request 7
1093
(3, 2, 2)
3
(19, 35)
-> Request 8
1167
(2, 3, 1)
3
(78, 77)
-> Request 9
1214
(4, 3, 1)
3
(54, 36)
-> Request 10
1227
(4, 2, 1)
3
(46, 46)
--> Day : 3
-> Request 0
6
(3, 1, 1)
3
(59, 74)
-> Request 1
242
(2, 2, 1)
3
(49, 46)
-> Request 2
242
(4, 3, 1)
1
(63, 36)
-> Request 3
313
(3, 2, 2)
1
(50, 38)
-> Request 4
375
(4, 3, 2)
2
(55, 38)
-> Request 5
670
(3, 3, 1)
3
(53, 44)
-> Request 6
1345
(3, 3, 1)
2
(53, 44)
-> Request 7
1412
(2, 3, 1)
1
(10, 27)
--> Day : 4
-> Request 0
221
(1, 1, 2)
1
(58, 31)
-> Request 1
458
(4, 3, 1)
1
(46, 35)
-> Request 2
565
(2, 1, 1)
1
(0, 10)
-> Request 3
1335
(2, 3, 2)
1
(32, 63)
---> Week : 28
--> Day : 0
-> Request 0
188
(3, 2, 1)
2
(56, 1)
-> Request 1
348
(2, 2, 1)
2
(10, 20)
-> Request 2
763
(1, 1, 1)
3
(43, 33)
-> Request 3
766
(4, 1, 2)
2
(23, 58)
-> Request 4
809
(1, 3, 2)
2
(75, 48)
-> Request 5
1154
(1, 2, 1)
2
(58, 39)
-> Request 6
1197
(3, 3, 1)
2
(48, 45)
-> Request 7
1415
(3, 3, 1)
3
(11, 67)
--> Day : 1
-> Request 0
20
(2, 3, 1)
2
(37, 35)
-> Request 1
386
(4, 2, 2)
1
(26, 74)
-> Request 2
916
(2, 3, 2)
3
(44, 43)
-> Request 3
1109
(4, 3, 1)
3
(63, 78)
-> Request 4
1120
(1, 3, 1)
3
(31, 3)
-> Request 5
1233
(1, 2, 2)
1
(53, 40)
-> Request 6
1394
(2, 3, 1)
1
(60, 70)
-> Request 7
1411
(3, 2, 2)
1
(67, 37)
--> Day : 2
-> Request 0
214
(1, 3, 1)
1
(45, 60)
-> Request 1
287
(2, 3, 1)
3
(47, 27)
-> Request 2
415
(4, 2, 1)
1
(54, 34)
-> Request 3
461
(4, 1, 1)
2
(49, 45)
-> Request 4
513
(1, 1, 2)
3
(52, 79)
-> Request 5
554
(1, 3, 1)
3
(44, 45)
-> Request 6
735
(2, 1, 2)
1
(43, 27)
-> Request 7
874
(2, 1, 2)
3
(62, 49)
-> Request 8
1148
(1, 1, 1)
1
(72, 36)
-> Request 9
1213
(4, 2, 2)
1
(55, 31)
-> Request 10
1276
(1, 1, 2)
1
(57, 65)
-> Request 11
1329
(3, 1, 1)
3
(48, 35)
-> Request 12
1361
(2, 1, 1)
2
(14, 4)
-> Request 13
1376
(3, 3, 1)
3
(3, 75)
-> Request 14
1390
(4, 1, 2)
3
(57, 39)
--> Day : 3
-> Request 0
7
(2, 2, 2)
2
(79, 62)
-> Request 1
161
(1, 3, 2)
3
(60, 16)
-> Request 2
279
(3, 1, 1)
1
(64, 69)
-> Request 3
324
(2, 2, 2)
1
(61, 27)
-> Request 4
472
(3, 3, 1)
2
(53, 2)
-> Request 5
572
(4, 1, 2)
3
(45, 39)
-> Request 6
739
(2, 2, 1)
2
(61, 41)
-> Request 7
758
(2, 1, 2)
3
(3, 55)
--> Day : 4
-> Request 0
135
(2, 3, 1)
2
(65, 72)
-> Request 1
586
(4, 2, 2)
3
(9, 22)
-> Request 2
749
(1, 3, 2)
1
(57, 41)
-> Request 3
797
(3, 1, 1)
2
(45, 33)
-> Request 4
873
(4, 3, 1)
1
(45, 37)
-> Request 5
1079
(1, 3, 1)
3
(46, 43)
-> Request 6
1179
(1, 3, 1)
3
(49, 32)
-> Request 7
1298
(1, 2, 1)
3
(46, 32)
-> Request 8
1375
(4, 2, 1)
3
(60, 79)
---> Week : 29
--> Day : 0
-> Request 0
62
(3, 2, 2)
3
(13, 28)
-> Request 1
128
(2, 3, 2)
2
(43, 34)
-> Request 2
242
(2, 2, 1)
3
(10, 36)
-> Request 3
453
(1, 3, 2)
2
(41, 35)
-> Request 4
496
(2, 1, 2)
1
(26, 37)
-> Request 5
515
(1, 2, 2)
2
(77, 47)
-> Request 6
742
(4, 2, 1)
3
(57, 69)
-> Request 7
761
(2, 3, 1)
1
(31, 10)
-> Request 8
964
(4, 3, 1)
2
(65, 73)
-> Request 9
990
(3, 3, 1)
3
(76, 9)
-> Request 10
1130
(4, 2, 2)
3
(57, 33)
-> Request 11
1361
(1, 2, 2)
1
(4, 39)
-> Request 12
1374
(3, 3, 2)
2
(46, 45)
--> Day : 1
-> Request 0
95
(4, 2, 2)
3
(37, 8)
-> Request 1
588
(3, 2, 2)
2
(57, 69)
-> Request 2
601
(1, 1, 1)
2
(39, 57)
-> Request 3
679
(3, 2, 1)
3
(62, 69)
-> Request 4
695
(1, 1, 1)
3
(11, 27)
-> Request 5
872
(3, 2, 1)
2
(76, 28)
-> Request 6
1315
(4, 1, 1)
2
(9, 25)
-> Request 7
1378
(2, 1, 1)
3
(55, 65)
--> Day : 2
-> Request 0
24
(4, 3, 1)
2
(21, 56)
-> Request 1
25
(4, 2, 1)
3
(2, 3)
-> Request 2
338
(3, 2, 1)
2
(26, 79)
-> Request 3
534
(4, 3, 2)
1
(50, 27)
-> Request 4
665
(2, 3, 1)
2
(17, 28)
-> Request 5
791
(2, 1, 2)
1
(49, 30)
-> Request 6
1141
(4, 2, 2)
3
(52, 29)
-> Request 7
1158
(2, 3, 2)
2
(39, 45)
-> Request 8
1365
(4, 3, 2)
2
(78, 2)
--> Day : 3
-> Request 0
167
(2, 2, 1)
3
(49, 44)
-> Request 1
300
(2, 3, 2)
3
(16, 27)
-> Request 2
320
(3, 3, 1)
3
(47, 45)
-> Request 3
662
(3, 1, 2)
3
(59, 69)
-> Request 4
679
(1, 1, 2)
2
(44, 36)
-> Request 5
769
(4, 1, 2)
2
(50, 29)
-> Request 6
880
(3, 1, 1)
1
(16, 27)
-> Request 7
885
(4, 2, 1)
3
(16, 60)
-> Request 8
1143
(3, 3, 2)
3
(56, 44)
-> Request 9
1298
(1, 2, 2)
3
(46, 44)
-> Request 10
1332
(4, 3, 1)
1
(56, 27)
--> Day : 4
-> Request 0
21
(1, 1, 1)
1
(61, 69)
-> Request 1
84
(3, 2, 2)
3
(66, 58)
-> Request 2
340
(1, 2, 1)
1
(17, 28)
-> Request 3
370
(2, 3, 2)
1
(52, 28)
-> Request 4
675
(3, 3, 1)
2
(6, 73)
-> Request 5
1282
(2, 3, 2)
2
(42, 37)
-> Request 6
1290
(3, 3, 1)
3
(14, 45)
-> Request 7
1396
(1, 2, 2)
1
(58, 37)
---> Week : 30
--> Day : 0
-> Request 0
108
(3, 2, 1)
1
(44, 33)
-> Request 1
374
(3, 3, 2)
1
(62, 36)
-> Request 2
398
(1, 3, 2)
3
(62, 27)
-> Request 3
432
(2, 1, 1)
1
(10, 26)
-> Request 4
529
(2, 3, 1)
3
(38, 27)
-> Request 5
1019
(2, 1, 2)
1
(61, 31)
-> Request 6
1126
(2, 2, 2)
1
(61, 20)
-> Request 7
1174
(4, 2, 1)
1
(66, 77)
-> Request 8
1233
(2, 1, 1)
3
(55, 6)
-> Request 9
1410
(3, 1, 2)
3
(79, 72)
--> Day : 1
-> Request 0
112
(3, 2, 2)
2
(57, 46)
-> Request 1
114
(2, 2, 2)
3
(56, 46)
-> Request 2
211
(1, 1, 2)
1
(43, 39)
-> Request 3
314
(1, 1, 2)
2
(13, 20)
-> Request 4
329
(1, 2, 2)
1
(52, 0)
-> Request 5
513
(3, 2, 1)
3
(48, 38)
-> Request 6
603
(1, 1, 2)
3
(8, 7)
-> Request 7
752
(4, 2, 1)
2
(20, 57)
-> Request 8
927
(2, 2, 2)
1
(73, 47)
-> Request 9
1003
(4, 2, 2)
3
(10, 28)
-> Request 10
1005
(3, 2, 1)
1
(66, 67)
-> Request 11
1056
(2, 1, 2)
1
(59, 73)
-> Request 12
1059
(4, 2, 1)
1
(45, 74)
-> Request 13
1088
(4, 2, 1)
2
(74, 79)
-> Request 14
1339
(3, 2, 2)
2
(46, 27)
-> Request 15
1387
(3, 3, 2)
2
(35, 11)
--> Day : 2
-> Request 0
47
(2, 2, 2)
2
(3, 52)
-> Request 1
47
(1, 1, 1)
3
(22, 20)
-> Request 2
220
(3, 3, 1)
2
(30, 37)
-> Request 3
277
(4, 3, 2)
2
(35, 24)
-> Request 4
485
(1, 2, 1)
3
(11, 31)
-> Request 5
833
(4, 3, 1)
3
(72, 62)
-> Request 6
834
(3, 2, 1)
3
(54, 75)
-> Request 7
911
(4, 3, 2)
3
(55, 72)
-> Request 8
952
(3, 3, 1)
1
(48, 27)
-> Request 9
958
(2, 1, 1)
3
(46, 38)
-> Request 10
1020
(2, 2, 2)
2
(55, 16)
-> Request 11
1090
(1, 3, 2)
3
(67, 75)
-> Request 12
1167
(1, 1, 1)
3
(58, 1)
--> Day : 3
-> Request 0
81
(2, 2, 1)
3
(53, 76)
-> Request 1
156
(3, 2, 2)
1
(29, 8)
-> Request 2
250
(2, 3, 1)
2
(9, 29)
-> Request 3
507
(3, 1, 2)
1
(57, 68)
-> Request 4
508
(2, 3, 2)
2
(51, 43)
-> Request 5
516
(4, 2, 1)
1
(44, 34)
-> Request 6
724
(1, 3, 1)
3
(5, 20)
-> Request 7
977
(4, 1, 1)
3
(66, 66)
-> Request 8
987
(3, 3, 1)
1
(47, 19)
-> Request 9
1024
(1, 1, 1)
2
(59, 40)
-> Request 10
1170
(1, 2, 1)
3
(43, 29)
--> Day : 4
-> Request 0
328
(1, 2, 2)
1
(57, 75)
-> Request 1
366
(2, 2, 2)
1
(76, 25)
-> Request 2
676
(3, 3, 2)
3
(56, 24)
-> Request 3
773
(1, 1, 2)
1
(62, 40)
-> Request 4
839
(1, 3, 2)
2
(21, 55)
-> Request 5
904
(1, 1, 1)
1
(66, 78)
-> Request 6
954
(4, 3, 1)
3
(52, 74)
-> Request 7
1144
(1, 2, 2)
1
(8, 29)
-> Request 8
1360
(3, 3, 1)
1
(62, 64)
-> Request 9
1424
(3, 1, 1)
3
(77, 7)
---> Week : 31
--> Day : 0
-> Request 0
331
(3, 2, 1)
1
(71, 49)
-> Request 1
542
(3, 2, 2)
1
(45, 35)
-> Request 2
793
(1, 2, 1)
1
(50, 49)
-> Request 3
856
(3, 3, 1)
2
(60, 37)
-> Request 4
1009
(3, 1, 1)
1
(34, 12)
-> Request 5
1140
(2, 3, 2)
2
(35, 49)
-> Request 6
1187
(4, 3, 1)
3
(12, 27)
-> Request 7
1236
(2, 1, 1)
3
(74, 47)
-> Request 8
1246
(3, 3, 1)
2
(51, 31)
-> Request 9
1428
(3, 1, 2)
2
(39, 69)
-> Request 10
1434
(3, 1, 2)
2
(43, 33)
-> Request 11
1439
(3, 1, 2)
1
(68, 47)
--> Day : 1
-> Request 0
28
(4, 2, 1)
2
(53, 78)
-> Request 1
101
(1, 1, 1)
2
(30, 4)
-> Request 2
256
(4, 2, 1)
1
(61, 7)
-> Request 3
365
(3, 2, 2)
3
(38, 79)
-> Request 4
519
(3, 3, 2)
1
(72, 47)
-> Request 5
678
(3, 2, 1)
3
(2, 78)
-> Request 6
797
(2, 2, 2)
1
(15, 22)
-> Request 7
804
(3, 1, 2)
2
(23, 69)
-> Request 8
816
(1, 3, 1)
1
(5, 36)
-> Request 9
843
(4, 2, 1)
1
(11, 28)
-> Request 10
921
(1, 2, 1)
1
(23, 15)
-> Request 11
945
(1, 1, 2)
1
(61, 78)
-> Request 12
954
(2, 1, 2)
2
(54, 76)
-> Request 13
1004
(1, 1, 1)
1
(60, 67)
-> Request 14
1025
(4, 3, 1)
1
(73, 32)
-> Request 15
1250
(4, 1, 2)
1
(57, 40)
-> Request 16
1306
(3, 3, 1)
1
(43, 33)
--> Day : 2
-> Request 0
345
(1, 1, 1)
2
(45, 50)
-> Request 1
422
(2, 1, 1)
1
(78, 40)
-> Request 2
642
(4, 2, 2)
1
(33, 20)
-> Request 3
1089
(3, 3, 2)
2
(8, 55)
-> Request 4
1149
(1, 1, 1)
3
(44, 58)
-> Request 5
1182
(3, 1, 1)
2
(58, 42)
-> Request 6
1214
(4, 2, 1)
2
(22, 43)
-> Request 7
1218
(4, 2, 1)
1
(61, 31)
--> Day : 3
-> Request 0
28
(2, 2, 1)
2
(65, 77)
-> Request 1
161
(4, 1, 2)
2
(53, 30)
-> Request 2
637
(4, 3, 1)
1
(30, 69)
-> Request 3
740
(4, 3, 2)
2
(17, 22)
-> Request 4
956
(4, 1, 1)
1
(53, 75)
-> Request 5
983
(1, 2, 2)
1
(16, 27)
-> Request 6
1316
(2, 1, 2)
1
(60, 77)
--> Day : 4
-> Request 0
240
(1, 3, 2)
1
(72, 23)
-> Request 1
423
(4, 2, 2)
2
(65, 69)
-> Request 2
426
(2, 3, 2)
2
(56, 27)
-> Request 3
839
(1, 2, 2)
3
(52, 41)
-> Request 4
1030
(1, 3, 2)
2
(8, 24)
-> Request 5
1049
(4, 3, 2)
1
(66, 66)
-> Request 6
1233
(2, 1, 2)
3
(48, 42)
---> Week : 32
--> Day : 0
-> Request 0
81
(2, 2, 2)
1
(51, 65)
-> Request 1
83
(4, 3, 1)
3
(12, 25)
-> Request 2
186
(1, 3, 2)
2
(53, 29)
-> Request 3
229
(1, 1, 2)
2
(54, 72)
-> Request 4
277
(1, 2, 2)
3
(69, 33)
-> Request 5
707
(2, 2, 2)
3
(6, 71)
-> Request 6
776
(2, 1, 1)
1
(61, 37)
-> Request 7
1028
(3, 1, 1)
3
(31, 79)
-> Request 8
1366
(4, 2, 1)
3
(79, 61)
--> Day : 1
-> Request 0
20
(4, 1, 2)
1
(34, 30)
-> Request 1
58
(2, 2, 1)
3
(43, 30)
-> Request 2
153
(4, 1, 1)
1
(9, 25)
-> Request 3
162
(1, 2, 1)
3
(38, 16)
-> Request 4
283
(3, 3, 1)
3
(59, 42)
-> Request 5
482
(2, 3, 1)
2
(58, 35)
-> Request 6
556
(1, 1, 1)
2
(75, 12)
-> Request 7
1018
(1, 1, 1)
1
(3, 51)
-> Request 8
1090
(1, 3, 2)
3
(62, 38)
-> Request 9
1261
(3, 1, 1)
1
(58, 34)
-> Request 10
1280
(3, 2, 1)
3
(52, 29)
-> Request 11
1400
(3, 3, 2)
2
(0, 17)
--> Day : 2
-> Request 0
138
(1, 2, 1)
1
(11, 22)
-> Request 1
298
(3, 2, 2)
2
(14, 23)
-> Request 2
381
(1, 1, 1)
2
(65, 24)
-> Request 3
391
(1, 1, 1)
3
(53, 77)
-> Request 4
566
(1, 2, 2)
2
(60, 32)
-> Request 5
601
(1, 1, 2)
2
(63, 78)
-> Request 6
716
(4, 2, 1)
2
(65, 76)
-> Request 7
945
(3, 2, 2)
1
(54, 75)
-> Request 8
1039
(2, 1, 1)
1
(4, 77)
-> Request 9
1054
(2, 2, 1)
3
(57, 15)
-> Request 10
1148
(1, 2, 1)
3
(45, 38)
--> Day : 3
-> Request 0
205
(2, 2, 2)
3
(66, 70)
-> Request 1
321
(4, 1, 1)
2
(41, 65)
-> Request 2
344
(1, 1, 1)
1
(61, 5)
-> Request 3
616
(4, 3, 1)
3
(53, 38)
-> Request 4
780
(2, 2, 1)
2
(60, 32)
-> Request 5
956
(1, 2, 1)
2
(25, 38)
-> Request 6
1048
(4, 2, 2)
1
(65, 72)
-> Request 7
1199
(1, 3, 2)
1
(53, 66)
-> Request 8
1353
(4, 2, 1)
2
(16, 29)
--> Day : 4
-> Request 0
3
(1, 1, 1)
1
(15, 24)
-> Request 1
7
(4, 2, 2)
3
(55, 38)
-> Request 2
99
(3, 3, 1)
1
(59, 66)
-> Request 3
303
(3, 2, 2)
3
(56, 72)
-> Request 4
306
(2, 3, 1)
3
(57, 34)
-> Request 5
353
(4, 3, 2)
3
(49, 45)
-> Request 6
706
(3, 3, 2)
3
(54, 4)
-> Request 7
986
(1, 3, 1)
2
(52, 72)
-> Request 8
1064
(2, 2, 2)
2
(49, 36)
-> Request 9
1179
(4, 3, 2)
1
(46, 32)
-> Request 10
1265
(1, 2, 2)
2
(57, 76)
---> Week : 33
--> Day : 0
-> Request 0
111
(3, 2, 1)
1
(56, 39)
-> Request 1
177
(3, 3, 2)
3
(58, 65)
-> Request 2
211
(2, 1, 2)
3
(39, 62)
-> Request 3
244
(2, 3, 2)
1
(65, 72)
-> Request 4
272
(1, 1, 2)
1
(79, 48)
-> Request 5
340
(1, 1, 1)
2
(25, 9)
-> Request 6
705
(3, 1, 2)
3
(3, 5)
-> Request 7
1234
(2, 3, 2)
3
(45, 24)
-> Request 8
1237
(2, 3, 1)
2
(38, 61)
-> Request 9
1312
(1, 1, 2)
1
(50, 29)
--> Day : 1
-> Request 0
63
(1, 1, 1)
3
(64, 5)
-> Request 1
370
(3, 2, 1)
2
(11, 62)
-> Request 2
381
(2, 3, 1)
3
(58, 44)
-> Request 3
388
(3, 3, 1)
2
(46, 34)
-> Request 4
396
(4, 2, 1)
1
(29, 54)
-> Request 5
489
(3, 2, 2)
1
(58, 39)
-> Request 6
542
(2, 3, 2)
2
(23, 41)
-> Request 7
617
(3, 1, 1)
1
(63, 70)
-> Request 8
968
(2, 1, 1)
3
(43, 29)
-> Request 9
1008
(3, 2, 1)
2
(66, 70)
-> Request 10
1065
(1, 2, 2)
1
(39, 43)
-> Request 11
1134
(2, 2, 1)
3
(57, 21)
-> Request 12
1163
(4, 1, 2)
2
(15, 27)
-> Request 13
1257
(4, 2, 2)
2
(57, 29)
-> Request 14
1302
(1, 3, 1)
1
(50, 39)
--> Day : 2
-> Request 0
32
(4, 2, 1)
3
(53, 65)
-> Request 1
292
(1, 1, 1)
2
(44, 43)
-> Request 2
561
(1, 3, 2)
3
(37, 29)
-> Request 3
668
(2, 1, 1)
2
(43, 44)
-> Request 4
710
(2, 1, 2)
2
(56, 33)
-> Request 5
1018
(2, 2, 2)
2
(60, 64)
-> Request 6
1050
(2, 3, 1)
2
(16, 26)
--> Day : 3
-> Request 0
121
(3, 1, 1)
2
(13, 27)
-> Request 1
150
(4, 3, 1)
2
(52, 28)
-> Request 2
409
(3, 3, 2)
1
(60, 33)
-> Request 3
610
(1, 3, 1)
1
(24, 76)
-> Request 4
665
(4, 2, 1)
3
(9, 27)
-> Request 5
679
(1, 3, 2)
3
(59, 64)
-> Request 6
1169
(2, 3, 2)
2
(65, 77)
-> Request 7
1365
(2, 2, 1)
3
(34, 38)
-> Request 8
1391
(4, 2, 1)
1
(60, 70)
--> Day : 4
-> Request 0
314
(4, 1, 1)
3
(5, 2)
-> Request 1
357
(4, 1, 1)
2
(54, 42)
-> Request 2
408
(3, 1, 2)
1
(14, 23)
-> Request 3
457
(1, 1, 2)
1
(10, 25)
-> Request 4
479
(3, 1, 1)
2
(55, 40)
-> Request 5
479
(3, 2, 1)
3
(52, 77)
-> Request 6
571
(4, 2, 1)
2
(26, 20)
-> Request 7
600
(1, 3, 2)
3
(48, 45)
-> Request 8
602
(3, 2, 2)
1
(15, 20)
-> Request 9
608
(3, 1, 2)
1
(18, 69)
-> Request 10
967
(1, 2, 2)
2
(40, 51)
-> Request 11
1034
(2, 3, 2)
1
(52, 41)
-> Request 12
1157
(3, 2, 1)
1
(49, 34)
---> Week : 34
--> Day : 0
-> Request 0
70
(1, 1, 1)
2
(59, 28)
-> Request 1
90
(4, 1, 2)
2
(50, 44)
-> Request 2
99
(4, 1, 2)
1
(9, 24)
-> Request 3
172
(2, 2, 2)
1
(73, 75)
-> Request 4
314
(4, 1, 1)
3
(38, 30)
-> Request 5
375
(4, 1, 1)
2
(14, 25)
-> Request 6
446
(1, 2, 2)
1
(34, 59)
-> Request 7
498
(3, 3, 1)
3
(60, 34)
-> Request 8
521
(4, 1, 1)
1
(66, 73)
-> Request 9
538
(2, 1, 1)
1
(29, 34)
-> Request 10
622
(3, 2, 1)
2
(49, 43)
-> Request 11
665
(4, 1, 1)
3
(61, 72)
-> Request 12
1009
(1, 2, 1)
2
(69, 20)
-> Request 13
1017
(2, 3, 1)
1
(32, 67)
-> Request 14
1101
(1, 2, 1)
2
(14, 73)
-> Request 15
1162
(1, 1, 2)
2
(33, 46)
-> Request 16
1235
(2, 1, 2)
1
(52, 31)
--> Day : 1
-> Request 0
13
(1, 2, 2)
3
(0, 70)
-> Request 1
233
(2, 3, 2)
3
(49, 29)
-> Request 2
278
(2, 1, 2)
1
(55, 41)
-> Request 3
353
(1, 3, 1)
2
(43, 38)
-> Request 4
603
(1, 2, 1)
2
(60, 68)
-> Request 5
620
(2, 1, 1)
2
(18, 23)
-> Request 6
701
(3, 2, 1)
3
(77, 3)
-> Request 7
827
(2, 1, 1)
2
(30, 52)
-> Request 8
1031
(4, 3, 2)
1
(17, 28)
-> Request 9
1127
(2, 3, 2)
1
(17, 25)
-> Request 10
1275
(1, 1, 2)
1
(78, 56)
--> Day : 2
-> Request 0
26
(1, 3, 1)
1
(6, 65)
-> Request 1
113
(2, 2, 1)
3
(14, 51)
-> Request 2
281
(4, 1, 1)
3
(43, 33)
-> Request 3
642
(2, 3, 2)
3
(61, 34)
-> Request 4
707
(1, 2, 1)
1
(4, 79)
-> Request 5
770
(3, 3, 1)
2
(9, 24)
-> Request 6
926
(1, 2, 1)
2
(59, 27)
-> Request 7
1026
(3, 3, 2)
1
(44, 43)
-> Request 8
1049
(1, 1, 2)
2
(30, 70)
-> Request 9
1056
(1, 2, 2)
2
(72, 67)
-> Request 10
1066
(1, 3, 1)
2
(76, 14)
-> Request 11
1374
(3, 3, 1)
1
(66, 76)
--> Day : 3
-> Request 0
34
(2, 2, 2)
3
(76, 68)
-> Request 1
196
(3, 2, 2)
1
(59, 77)
-> Request 2
284
(3, 3, 2)
1
(9, 36)
-> Request 3
296
(1, 2, 1)
1
(31, 74)
-> Request 4
405
(4, 3, 1)
3
(50, 22)
-> Request 5
420
(2, 1, 1)
3
(16, 23)
-> Request 6
425
(4, 3, 2)
1
(48, 58)
-> Request 7
633
(3, 3, 2)
2
(54, 64)
-> Request 8
824
(2, 3, 2)
3
(54, 37)
-> Request 9
1189
(4, 1, 2)
2
(46, 38)
-> Request 10
1198
(2, 1, 2)
3
(43, 52)
-> Request 11
1336
(2, 2, 2)
1
(33, 40)
--> Day : 4
-> Request 0
47
(2, 1, 1)
2
(12, 68)
-> Request 1
352
(4, 1, 1)
3
(55, 68)
-> Request 2
364
(2, 2, 2)
2
(10, 23)
-> Request 3
443
(2, 1, 1)
3
(64, 75)
-> Request 4
478
(3, 1, 1)
3
(53, 68)
-> Request 5
609
(4, 3, 1)
3
(43, 33)
-> Request 6
792
(3, 3, 1)
3
(61, 7)
-> Request 7
915
(4, 2, 2)
1
(5, 14)
-> Request 8
1403
(2, 2, 2)
1
(43, 38)
---> Week : 35
--> Day : 0
-> Request 0
11
(3, 1, 2)
1
(62, 37)
-> Request 1
504
(1, 1, 1)
3
(74, 3)
-> Request 2
573
(2, 3, 1)
2
(31, 65)
-> Request 3
775
(1, 3, 1)
2
(61, 40)
-> Request 4
788
(3, 1, 2)
2
(8, 71)
-> Request 5
1015
(3, 3, 2)
3
(58, 43)
-> Request 6
1029
(3, 1, 2)
3
(57, 41)
-> Request 7
1273
(4, 3, 2)
3
(64, 74)
-> Request 8
1371
(2, 2, 2)
3
(45, 28)
-> Request 9
1406
(1, 3, 2)
3
(72, 24)
--> Day : 1
-> Request 0
118
(1, 1, 2)
1
(8, 24)
-> Request 1
268
(1, 1, 2)
3
(54, 69)
-> Request 2
278
(1, 2, 1)
3
(67, 28)
-> Request 3
437
(1, 2, 1)
3
(59, 34)
-> Request 4
456
(1, 2, 1)
1
(61, 70)
-> Request 5
714
(2, 1, 2)
2
(54, 69)
--> Day : 2
-> Request 0
88
(4, 3, 1)
3
(55, 46)
-> Request 1
396
(2, 2, 1)
3
(47, 53)
-> Request 2
426
(1, 1, 1)
1
(66, 63)
-> Request 3
515
(2, 2, 2)
3
(46, 38)
-> Request 4
549
(4, 2, 1)
2
(61, 65)
-> Request 5
844
(3, 1, 1)
2
(38, 60)
-> Request 6
985
(3, 3, 1)
2
(75, 44)
-> Request 7
1142
(2, 3, 2)
1
(43, 41)
-> Request 8
1390
(2, 2, 2)
3
(15, 71)
-> Request 9
1425
(3, 2, 1)
1
(51, 46)
-> Request 10
1437
(2, 2, 2)
3
(56, 46)
--> Day : 3
-> Request 0
561
(1, 1, 1)
2
(71, 26)
-> Request 1
921
(2, 2, 2)
1
(63, 69)
-> Request 2
991
(3, 3, 1)
1
(56, 45)
-> Request 3
1058
(3, 3, 1)
1
(49, 41)
-> Request 4
1094
(3, 1, 2)
1
(32, 31)
-> Request 5
1112
(1, 1, 1)
3
(62, 35)
-> Request 6
1175
(1, 2, 1)
3
(37, 55)
-> Request 7
1208
(4, 3, 1)
1
(54, 37)
-> Request 8
1240
(3, 2, 1)
2
(41, 71)
--> Day : 4
-> Request 0
98
(3, 2, 1)
1
(71, 72)
-> Request 1
234
(3, 1, 2)
3
(48, 31)
-> Request 2
469
(2, 2, 1)
2
(10, 24)
-> Request 3
1004
(2, 2, 2)
2
(51, 35)
-> Request 4
1063
(2, 1, 2)
3
(17, 13)
-> Request 5
1115
(2, 2, 1)
2
(54, 69)
-> Request 6
1222
(2, 2, 2)
3
(20, 41)
---> Week : 36
--> Day : 0
-> Request 0
93
(2, 1, 1)
1
(11, 15)
-> Request 1
584
(2, 1, 2)
2
(25, 44)
-> Request 2
919
(2, 2, 2)
2
(17, 22)
-> Request 3
1008
(3, 3, 1)
3
(0, 59)
-> Request 4
1110
(2, 3, 1)
2
(59, 72)
-> Request 5
1242
(3, 1, 2)
3
(57, 55)
-> Request 6
1265
(3, 2, 1)
1
(62, 42)
-> Request 7
1338
(2, 3, 1)
1
(32, 13)
-> Request 8
1392
(3, 1, 1)
2
(16, 17)
-> Request 9
1412
(1, 1, 1)
3
(54, 27)
--> Day : 1
-> Request 0
32
(3, 2, 2)
1
(10, 17)
-> Request 1
198
(1, 3, 1)
2
(63, 64)
-> Request 2
261
(1, 1, 1)
1
(27, 10)
-> Request 3
388
(3, 2, 2)
1
(79, 70)
-> Request 4
422
(4, 3, 2)
2
(13, 60)
-> Request 5
435
(4, 3, 1)
3
(57, 65)
-> Request 6
1044
(2, 3, 2)
1
(46, 46)
-> Request 7
1178
(3, 1, 1)
3
(41, 37)
-> Request 8
1214
(3, 2, 2)
2
(65, 67)
-> Request 9
1257
(3, 1, 2)
2
(61, 27)
-> Request 10
1383
(2, 1, 1)
1
(47, 31)
-> Request 11
1418
(3, 1, 1)
2
(60, 27)
--> Day : 2
-> Request 0
230
(4, 3, 1)
2
(54, 35)
-> Request 1
796
(4, 2, 2)
3
(59, 71)
-> Request 2
942
(2, 3, 1)
1
(47, 38)
-> Request 3
942
(2, 3, 1)
3
(61, 67)
-> Request 4
1300
(4, 3, 2)
3
(62, 42)
-> Request 5
1380
(4, 2, 2)
3
(47, 27)
--> Day : 3
-> Request 0
21
(2, 2, 2)
2
(44, 40)
-> Request 1
332
(1, 3, 2)
3
(57, 12)
-> Request 2
486
(1, 2, 1)
3
(68, 67)
-> Request 3
590
(3, 2, 1)
1
(69, 24)
-> Request 4
651
(2, 1, 2)
3
(3, 2)
-> Request 5
688
(4, 1, 1)
3
(6, 5)
-> Request 6
917
(4, 3, 2)
1
(59, 39)
-> Request 7
949
(2, 1, 2)
2
(58, 30)
-> Request 8
974
(4, 2, 2)
3
(51, 37)
--> Day : 4
-> Request 0
40
(4, 2, 2)
2
(10, 30)
-> Request 1
59
(4, 3, 2)
1
(9, 26)
-> Request 2
162
(3, 1, 1)
2
(44, 4)
-> Request 3
606
(2, 1, 2)
2
(4, 31)
-> Request 4
1012
(4, 1, 2)
2
(43, 57)
-> Request 5
1065
(1, 1, 1)
2
(54, 40)
-> Request 6
1251
(1, 2, 2)
2
(23, 79)
---> Week : 37
--> Day : 0
-> Request 0
146
(4, 3, 1)
2
(45, 36)
-> Request 1
184
(1, 1, 1)
2
(39, 31)
-> Request 2
291
(1, 1, 2)
2
(62, 73)
-> Request 3
443
(4, 1, 1)
2
(9, 15)
-> Request 4
532
(1, 3, 2)
2
(43, 28)
-> Request 5
564
(3, 2, 2)
3
(56, 78)
-> Request 6
848
(2, 2, 2)
2
(30, 74)
-> Request 7
958
(4, 1, 1)
1
(28, 44)
-> Request 8
1058
(1, 2, 2)
1
(62, 34)
--> Day : 1
-> Request 0
179
(4, 2, 1)
1
(50, 46)
-> Request 1
250
(3, 3, 1)
1
(57, 12)
-> Request 2
406
(4, 1, 1)
3
(49, 46)
-> Request 3
467
(3, 3, 1)
3
(64, 67)
-> Request 4
492
(2, 1, 1)
1
(46, 44)
-> Request 5
777
(4, 3, 2)
1
(16, 22)
-> Request 6
794
(1, 1, 1)
2
(12, 25)
-> Request 7
1162
(4, 1, 1)
2
(10, 27)
-> Request 8
1349
(2, 3, 2)
3
(6, 49)
-> Request 9
1427
(3, 3, 1)
2
(62, 71)
--> Day : 2
-> Request 0
312
(4, 2, 2)
3
(0, 33)
-> Request 1
326
(3, 3, 2)
3
(64, 67)
-> Request 2
352
(1, 3, 1)
3
(1, 28)
-> Request 3
516
(1, 1, 2)
3
(15, 29)
-> Request 4
547
(4, 1, 2)
1
(13, 16)
-> Request 5
586
(3, 2, 1)
1
(2, 16)
-> Request 6
925
(3, 3, 1)
1
(28, 8)
-> Request 7
1079
(4, 3, 1)
2
(55, 75)
-> Request 8
1113
(2, 3, 1)
3
(54, 67)
-> Request 9
1317
(2, 2, 1)
2
(60, 0)
--> Day : 3
-> Request 0
378
(2, 3, 1)
1
(73, 76)
-> Request 1
467
(4, 1, 2)
3
(4, 40)
-> Request 2
591
(1, 1, 2)
2
(60, 39)
-> Request 3
840
(1, 3, 1)
3
(8, 28)
-> Request 4
873
(4, 2, 1)
1
(55, 41)
-> Request 5
1147
(3, 3, 1)
2
(75, 16)
-> Request 6
1189
(2, 2, 1)
3
(54, 18)
-> Request 7
1307
(2, 2, 2)
2
(59, 71)
--> Day : 4
-> Request 0
86
(3, 2, 1)
3
(61, 77)
-> Request 1
108
(3, 2, 2)
1
(48, 76)
-> Request 2
328
(3, 3, 1)
3
(58, 76)
-> Request 3
331
(3, 1, 1)
2
(62, 35)
-> Request 4
331
(3, 1, 2)
1
(73, 33)
-> Request 5
375
(1, 3, 1)
1
(43, 38)
-> Request 6
418
(2, 1, 1)
2
(52, 44)
-> Request 7
537
(2, 3, 1)
3
(41, 20)
-> Request 8
1127
(3, 1, 1)
1
(24, 35)
-> Request 9
1320
(3, 1, 2)
1
(47, 30)
-> Request 10
1334
(1, 3, 1)
2
(52, 40)
---> Week : 38
--> Day : 0
-> Request 0
74
(2, 3, 2)
2
(8, 32)
-> Request 1
176
(2, 2, 2)
2
(50, 42)
-> Request 2
355
(1, 3, 2)
3
(13, 37)
-> Request 3
368
(1, 2, 1)
1
(56, 36)
-> Request 4
377
(4, 3, 2)
1
(62, 28)
-> Request 5
399
(3, 3, 2)
2
(37, 79)
-> Request 6
399
(1, 1, 1)
1
(66, 31)
-> Request 7
452
(1, 1, 1)
3
(37, 18)
-> Request 8
794
(2, 3, 1)
1
(65, 69)
-> Request 9
870
(1, 1, 2)
3
(58, 42)
-> Request 10
1341
(2, 2, 2)
2
(57, 64)
--> Day : 1
-> Request 0
228
(2, 3, 1)
3
(55, 74)
-> Request 1
407
(2, 2, 1)
1
(46, 62)
-> Request 2
563
(2, 1, 1)
1
(69, 33)
-> Request 3
612
(2, 1, 1)
3
(28, 27)
-> Request 4
772
(1, 1, 2)
1
(13, 55)
-> Request 5
1151
(1, 1, 1)
3
(7, 79)
-> Request 6
1215
(2, 2, 1)
3
(53, 39)
-> Request 7
1253
(2, 3, 2)
1
(69, 30)
-> Request 8
1335
(2, 3, 2)
2
(66, 78)
--> Day : 2
-> Request 0
374
(3, 3, 2)
3
(61, 68)
-> Request 1
617
(4, 1, 2)
2
(59, 76)
-> Request 2
652
(4, 3, 2)
3
(61, 75)
-> Request 3
995
(3, 3, 1)
2
(7, 38)
-> Request 4
1072
(4, 3, 1)
2
(31, 5)
-> Request 5
1253
(2, 3, 2)
2
(13, 26)
-> Request 6
1333
(1, 3, 2)
3
(56, 73)
--> Day : 3
-> Request 0
159
(4, 1, 2)
1
(25, 67)
-> Request 1
217
(2, 2, 2)
1
(64, 70)
-> Request 2
261
(4, 3, 2)
2
(61, 75)
-> Request 3
305
(2, 2, 2)
1
(55, 40)
-> Request 4
333
(4, 2, 2)
3
(51, 41)
-> Request 5
347
(4, 1, 2)
3
(59, 38)
-> Request 6
389
(2, 3, 1)
3
(46, 45)
-> Request 7
546
(2, 3, 2)
2
(21, 18)
-> Request 8
615
(3, 3, 2)
2
(44, 27)
-> Request 9
661
(1, 3, 1)
1
(63, 67)
-> Request 10
936
(2, 3, 2)
3
(61, 27)
-> Request 11
1021
(1, 2, 2)
3
(33, 74)
-> Request 12
1117
(2, 2, 1)
1
(45, 13)
-> Request 13
1219
(2, 1, 1)
1
(8, 21)
-> Request 14
1329
(4, 2, 2)
3
(9, 25)
-> Request 15
1331
(1, 3, 2)
2
(38, 76)
-> Request 16
1424
(4, 1, 1)
1
(64, 65)
--> Day : 4
-> Request 0
193
(3, 2, 1)
3
(50, 45)
-> Request 1
370
(2, 1, 1)
1
(29, 11)
-> Request 2
452
(1, 1, 2)
1
(50, 45)
-> Request 3
643
(3, 1, 2)
3
(7, 39)
-> Request 4
668
(1, 1, 2)
1
(57, 37)
-> Request 5
869
(3, 2, 1)
3
(16, 26)
-> Request 6
917
(1, 3, 2)
2
(60, 64)
-> Request 7
943
(3, 1, 2)
3
(70, 49)
-> Request 8
960
(1, 2, 2)
1
(65, 77)
-> Request 9
1125
(3, 3, 2)
3
(26, 19)
-> Request 10
1140
(4, 1, 2)
3
(31, 27)
-> Request 11
1419
(4, 2, 2)
1
(4, 42)
---> Week : 39
--> Day : 0
-> Request 0
204
(4, 1, 2)
2
(66, 66)
-> Request 1
249
(3, 3, 2)
1
(17, 27)
-> Request 2
537
(3, 1, 2)
2
(71, 50)
-> Request 3
920
(2, 2, 2)
3
(65, 60)
-> Request 4
981
(4, 2, 2)
3
(60, 61)
-> Request 5
1281
(3, 1, 2)
3
(73, 73)
-> Request 6
1295
(3, 3, 2)
1
(15, 32)
-> Request 7
1309
(3, 1, 2)
1
(47, 39)
--> Day : 1
-> Request 0
79
(2, 3, 2)
1
(58, 78)
-> Request 1
117
(1, 1, 1)
1
(1, 78)
-> Request 2
132
(2, 1, 1)
1
(57, 27)
-> Request 3
532
(4, 1, 2)
1
(16, 44)
-> Request 4
703
(3, 3, 1)
2
(63, 74)
-> Request 5
858
(4, 1, 1)
2
(32, 14)
-> Request 6
926
(2, 2, 1)
2
(77, 55)
-> Request 7
997
(2, 1, 2)
1
(13, 55)
-> Request 8
1162
(3, 3, 1)
1
(13, 38)
-> Request 9
1253
(1, 3, 1)
1
(35, 43)
--> Day : 2
-> Request 0
124
(4, 2, 1)
3
(27, 19)
-> Request 1
449
(4, 1, 2)
2
(61, 64)
-> Request 2
571
(3, 3, 2)
3
(72, 8)
-> Request 3
582
(4, 2, 2)
2
(9, 23)
-> Request 4
732
(1, 2, 1)
3
(45, 44)
-> Request 5
808
(1, 1, 2)
2
(16, 23)
-> Request 6
990
(1, 1, 1)
1
(56, 28)
-> Request 7
1351
(2, 3, 1)
1
(45, 19)
-> Request 8
1358
(2, 2, 1)
1
(56, 64)
-> Request 9
1397
(2, 2, 2)
3
(8, 62)
--> Day : 3
-> Request 0
152
(3, 2, 2)
3
(49, 73)
-> Request 1
335
(4, 2, 1)
3
(45, 27)
-> Request 2
559
(4, 1, 1)
1
(60, 75)
-> Request 3
1167
(1, 2, 2)
2
(27, 33)
-> Request 4
1344
(1, 1, 2)
3
(17, 55)
-> Request 5
1420
(4, 2, 2)
1
(64, 36)
--> Day : 4
-> Request 0
250
(2, 1, 1)
2
(29, 73)
-> Request 1
431
(2, 3, 1)
1
(8, 25)
-> Request 2
477
(2, 2, 1)
1
(45, 46)
-> Request 3
639
(2, 3, 2)
3
(50, 34)
-> Request 4
843
(4, 3, 1)
1
(60, 29)
-> Request 5
923
(4, 1, 1)
2
(48, 27)
-> Request 6
1101
(1, 1, 1)
1
(15, 20)
-> Request 7
1220
(3, 3, 2)
1
(53, 38)
-> Request 8
1320
(1, 3, 1)
1
(0, 67)
---> Week : 40
--> Day : 0
-> Request 0
109
(3, 2, 1)
2
(61, 29)
-> Request 1
230
(3, 1, 1)
2
(70, 40)
-> Request 2
399
(3, 2, 1)
2
(44, 28)
-> Request 3
1047
(3, 1, 2)
1
(11, 38)
-> Request 4
1137
(3, 1, 2)
2
(55, 78)
-> Request 5
1208
(2, 1, 2)
3
(57, 33)
--> Day : 1
-> Request 0
142
(1, 3, 2)
1
(49, 11)
-> Request 1
236
(2, 2, 1)
1
(59, 36)
-> Request 2
784
(2, 3, 2)
3
(41, 23)
-> Request 3
824
(1, 3, 1)
2
(51, 37)
-> Request 4
834
(4, 3, 2)
1
(18, 29)
-> Request 5
1028
(1, 1, 2)
3
(7, 62)
-> Request 6
1079
(2, 1, 1)
3
(9, 25)
-> Request 7
1372
(1, 2, 2)
2
(54, 46)
-> Request 8
1415
(2, 1, 1)
2
(55, 72)
-> Request 9
1430
(2, 2, 1)
3
(3, 3)
--> Day : 2
-> Request 0
40
(4, 3, 1)
1
(65, 72)
-> Request 1
73
(2, 1, 1)
2
(17, 22)
-> Request 2
164
(4, 3, 2)
2
(45, 38)
-> Request 3
440
(3, 1, 2)
2
(58, 37)
-> Request 4
456
(2, 2, 2)
2
(74, 55)
-> Request 5
1324
(4, 3, 2)
1
(47, 61)
-> Request 6
1429
(1, 2, 1)
2
(61, 44)
--> Day : 3
-> Request 0
30
(4, 2, 2)
3
(13, 26)
-> Request 1
127
(2, 3, 2)
3
(55, 66)
-> Request 2
442
(2, 1, 2)
3
(63, 69)
-> Request 3
460
(2, 1, 1)
1
(29, 50)
-> Request 4
678
(3, 2, 1)
2
(13, 22)
-> Request 5
892
(3, 2, 2)
1
(76, 50)
-> Request 6
1048
(3, 3, 1)
3
(56, 71)
--> Day : 4
-> Request 0
17
(2, 1, 2)
3
(42, 29)
-> Request 1
20
(1, 1, 1)
2
(54, 69)
-> Request 2
23
(4, 2, 1)
3
(44, 45)
-> Request 3
84
(3, 2, 1)
3
(30, 63)
-> Request 4
311
(1, 3, 2)
1
(30, 8)
-> Request 5
412
(3, 2, 2)
3
(54, 36)
-> Request 6
440
(3, 3, 2)
1
(22, 11)
-> Request 7
879
(1, 1, 1)
1
(61, 69)
-> Request 8
911
(4, 1, 2)
2
(50, 36)
-> Request 9
1261
(3, 2, 1)
3
(62, 67)
---> Week : 41
--> Day : 0
-> Request 0
66
(2, 2, 2)
2
(29, 75)
-> Request 1
227
(1, 3, 1)
1
(49, 29)
-> Request 2
521
(4, 3, 1)
2
(32, 62)
-> Request 3
725
(1, 2, 2)
2
(60, 76)
-> Request 4
972
(1, 3, 1)
1
(66, 79)
-> Request 5
980
(4, 2, 1)
3
(60, 48)
-> Request 6
982
(1, 3, 2)
3
(58, 77)
-> Request 7
1052
(2, 2, 1)
1
(44, 45)
-> Request 8
1056
(2, 1, 1)
1
(54, 72)
-> Request 9
1251
(2, 2, 1)
2
(73, 0)
-> Request 10
1343
(3, 3, 2)
3
(8, 24)
--> Day : 1
-> Request 0
169
(3, 1, 1)
2
(39, 45)
-> Request 1
207
(1, 2, 2)
1
(26, 67)
-> Request 2
266
(2, 1, 1)
1
(59, 78)
-> Request 3
367
(2, 3, 2)
3
(55, 29)
-> Request 4
483
(4, 2, 2)
3
(55, 45)
-> Request 5
655
(3, 1, 2)
2
(52, 30)
-> Request 6
837
(4, 3, 1)
3
(0, 40)
-> Request 7
923
(1, 2, 1)
1
(64, 64)
-> Request 8
959
(3, 1, 2)
1
(14, 55)
-> Request 9
1006
(3, 3, 1)
2
(49, 39)
-> Request 10
1337
(4, 2, 1)
1
(55, 33)
--> Day : 2
-> Request 0
238
(2, 3, 1)
2
(58, 68)
-> Request 1
388
(4, 3, 2)
3
(26, 17)
-> Request 2
475
(1, 2, 2)
3
(29, 35)
-> Request 3
604
(4, 3, 2)
1
(57, 64)
-> Request 4
634
(1, 3, 1)
3
(70, 53)
-> Request 5
742
(2, 3, 2)
1
(29, 33)
-> Request 6
768
(3, 2, 1)
3
(41, 68)
-> Request 7
1162
(2, 3, 2)
2
(64, 40)
-> Request 8
1289
(2, 2, 2)
2
(62, 37)
-> Request 9
1364
(3, 3, 2)
3
(54, 73)
--> Day : 3
-> Request 0
25
(3, 1, 2)
1
(0, 43)
-> Request 1
35
(3, 2, 1)
3
(50, 46)
-> Request 2
61
(4, 1, 2)
1
(62, 42)
-> Request 3
568
(3, 2, 2)
3
(10, 27)
-> Request 4
570
(1, 1, 1)
2
(65, 75)
-> Request 5
742
(4, 3, 1)
1
(29, 15)
-> Request 6
839
(1, 2, 2)
1
(79, 11)
-> Request 7
915
(3, 3, 1)
1
(31, 10)
-> Request 8
952
(4, 2, 1)
1
(7, 23)
-> Request 9
955
(1, 2, 2)
2
(55, 76)
-> Request 10
1044
(2, 1, 2)
1
(2, 17)
-> Request 11
1326
(2, 1, 2)
3
(0, 74)
--> Day : 4
-> Request 0
1
(2, 1, 2)
3
(20, 51)
-> Request 1
61
(1, 1, 1)
1
(15, 32)
-> Request 2
135
(4, 1, 2)
2
(31, 41)
-> Request 3
215
(3, 3, 2)
3
(17, 22)
-> Request 4
225
(4, 1, 2)
2
(55, 69)
-> Request 5
341
(4, 1, 1)
1
(14, 23)
-> Request 6
355
(2, 1, 1)
2
(30, 12)
-> Request 7
417
(2, 1, 1)
1
(19, 43)
-> Request 8
502
(1, 3, 1)
3
(14, 24)
-> Request 9
580
(3, 3, 2)
3
(45, 27)
-> Request 10
590
(2, 1, 1)
2
(52, 73)
-> Request 11
735
(3, 3, 2)
1
(53, 68)
-> Request 12
1160
(4, 3, 1)
1
(15, 28)
-> Request 13
1186
(4, 2, 2)
2
(73, 9)
-> Request 14
1217
(2, 2, 1)
3
(17, 24)
-> Request 15
1217
(4, 1, 2)
2
(55, 76)
-> Request 16
1364
(3, 2, 2)
1
(2, 48)
-> Request 17
1422
(3, 2, 2)
1
(61, 41)
---> Week : 42
--> Day : 0
-> Request 0
177
(4, 2, 2)
2
(55, 68)
-> Request 1
491
(1, 2, 2)
3
(15, 21)
-> Request 2
663
(2, 2, 2)
1
(12, 25)
-> Request 3
830
(3, 1, 2)
2
(73, 46)
-> Request 4
912
(1, 2, 1)
2
(66, 66)
-> Request 5
1118
(4, 2, 1)
3
(41, 58)
-> Request 6
1160
(1, 3, 1)
3
(66, 65)
-> Request 7
1394
(2, 1, 2)
2
(10, 51)
--> Day : 1
-> Request 0
40
(2, 2, 1)
1
(59, 29)
-> Request 1
40
(1, 3, 2)
1
(60, 71)
-> Request 2
205
(3, 2, 1)
1
(17, 70)
-> Request 3
539
(1, 3, 1)
2
(45, 31)
-> Request 4
834
(1, 1, 2)
3
(64, 3)
-> Request 5
1282
(3, 3, 2)
1
(15, 72)
-> Request 6
1365
(1, 2, 1)
3
(7, 58)
--> Day : 2
-> Request 0
24
(3, 2, 1)
2
(59, 68)
-> Request 1
118
(3, 2, 1)
2
(64, 77)
-> Request 2
159
(4, 1, 1)
1
(59, 78)
-> Request 3
271
(1, 2, 1)
3
(66, 65)
-> Request 4
446
(2, 2, 1)
1
(41, 20)
-> Request 5
455
(3, 3, 2)
1
(54, 40)
-> Request 6
752
(4, 3, 2)
3
(12, 22)
-> Request 7
941
(4, 1, 1)
1
(45, 41)
-> Request 8
1135
(1, 3, 2)
1
(6, 28)
-> Request 9
1205
(4, 2, 2)
1
(16, 48)
-> Request 10
1211
(1, 2, 1)
3
(33, 18)
-> Request 11
1302
(1, 3, 2)
2
(53, 34)
-> Request 12
1314
(4, 3, 1)
3
(16, 25)
-> Request 13
1319
(3, 3, 2)
3
(51, 50)
--> Day : 3
-> Request 0
31
(1, 1, 2)
3
(63, 72)
-> Request 1
215
(1, 3, 2)
2
(63, 74)
-> Request 2
610
(4, 1, 1)
3
(28, 30)
-> Request 3
702
(1, 1, 1)
3
(45, 35)
-> Request 4
765
(2, 1, 2)
3
(45, 56)
-> Request 5
775
(3, 2, 2)
3
(52, 15)
-> Request 6
928
(4, 1, 2)
3
(10, 29)
-> Request 7
989
(4, 2, 2)
3
(49, 37)
-> Request 8
1095
(2, 3, 1)
3
(47, 36)
--> Day : 4
-> Request 0
117
(2, 3, 2)
2
(34, 27)
-> Request 1
326
(1, 2, 2)
2
(57, 40)
-> Request 2
361
(3, 1, 1)
3
(25, 68)
-> Request 3
444
(1, 2, 1)
1
(77, 49)
-> Request 4
656
(2, 1, 1)
3
(66, 74)
-> Request 5
1067
(2, 2, 1)
2
(16, 24)
-> Request 6
1087
(2, 2, 1)
2
(30, 3)
-> Request 7
1117
(1, 1, 1)
3
(72, 13)
---> Week : 43
--> Day : 0
-> Request 0
145
(4, 1, 2)
1
(48, 35)
-> Request 1
222
(1, 2, 1)
3
(16, 9)
-> Request 2
448
(1, 3, 2)
2
(40, 1)
-> Request 3
702
(2, 1, 2)
3
(48, 34)
-> Request 4
803
(3, 2, 2)
2
(17, 22)
-> Request 5
1101
(3, 1, 1)
1
(66, 75)
-> Request 6
1116
(1, 1, 2)
2
(18, 28)
-> Request 7
1271
(3, 3, 1)
3
(64, 66)
-> Request 8
1392
(1, 1, 2)
3
(60, 44)
--> Day : 1
-> Request 0
45
(4, 1, 2)
1
(7, 40)
-> Request 1
143
(2, 3, 2)
1
(68, 3)
-> Request 2
533
(1, 1, 1)
3
(19, 30)
-> Request 3
731
(1, 3, 1)
1
(64, 66)
-> Request 4
1135
(3, 3, 1)
3
(52, 42)
-> Request 5
1168
(1, 1, 1)
2
(0, 37)
-> Request 6
1312
(1, 3, 2)
2
(57, 70)
-> Request 7
1377
(4, 1, 1)
1
(33, 68)
--> Day : 2
-> Request 0
83
(1, 3, 2)
3
(0, 25)
-> Request 1
284
(3, 2, 1)
3
(64, 67)
-> Request 2
566
(1, 3, 2)
1
(53, 24)
-> Request 3
723
(2, 3, 2)
1
(52, 37)
-> Request 4
786
(3, 3, 1)
3
(61, 32)
-> Request 5
896
(1, 3, 1)
1
(56, 41)
-> Request 6
1163
(4, 1, 2)
1
(54, 40)
--> Day : 3
-> Request 0
83
(4, 1, 2)
1
(33, 32)
-> Request 1
107
(2, 1, 1)
2
(46, 33)
-> Request 2
213
(4, 3, 2)
3
(54, 42)
-> Request 3
558
(3, 2, 2)
1
(53, 17)
-> Request 4
655
(3, 1, 1)
1
(24, 36)
-> Request 5
719
(3, 3, 1)
2
(10, 26)
-> Request 6
743
(2, 2, 1)
2
(12, 21)
-> Request 7
828
(4, 3, 2)
3
(45, 40)
-> Request 8
1089
(3, 3, 1)
2
(78, 16)
--> Day : 4
-> Request 0
22
(3, 2, 2)
3
(15, 46)
-> Request 1
33
(4, 1, 1)
1
(4, 16)
-> Request 2
83
(4, 1, 1)
3
(53, 48)
-> Request 3
333
(4, 1, 2)
1
(56, 43)
-> Request 4
360
(4, 3, 2)
2
(73, 26)
-> Request 5
501
(4, 1, 2)
2
(63, 76)
-> Request 6
532
(2, 3, 1)
3
(50, 23)
-> Request 7
798
(4, 2, 2)
3
(45, 63)
-> Request 8
863
(1, 1, 1)
3
(21, 61)
-> Request 9
874
(3, 3, 1)
2
(12, 55)
-> Request 10
906
(1, 3, 2)
2
(21, 33)
-> Request 11
1110
(4, 1, 2)
2
(40, 14)
---> Week : 44
--> Day : 0
-> Request 0
155
(2, 3, 2)
2
(49, 33)
-> Request 1
284
(4, 2, 2)
3
(60, 71)
-> Request 2
311
(1, 1, 2)
3
(68, 66)
-> Request 3
345
(4, 2, 2)
3
(62, 31)
-> Request 4
426
(2, 2, 1)
2
(61, 12)
-> Request 5
457
(3, 3, 2)
1
(48, 52)
-> Request 6
496
(4, 2, 1)
2
(10, 40)
-> Request 7
735
(2, 2, 1)
3
(28, 28)
-> Request 8
786
(2, 2, 2)
2
(60, 41)
-> Request 9
1270
(2, 1, 1)
3
(55, 75)
-> Request 10
1279
(3, 1, 2)
2
(62, 30)
--> Day : 1
-> Request 0
85
(4, 1, 1)
1
(16, 60)
-> Request 1
182
(2, 3, 2)
1
(67, 71)
-> Request 2
289
(3, 2, 2)
2
(21, 43)
-> Request 3
363
(3, 1, 2)
3
(27, 41)
-> Request 4
386
(2, 3, 2)
3
(49, 21)
-> Request 5
466
(2, 1, 1)
3
(56, 63)
-> Request 6
639
(2, 2, 1)
2
(57, 38)
-> Request 7
640
(2, 2, 2)
1
(53, 42)
-> Request 8
680
(3, 2, 1)
2
(55, 38)
-> Request 9
825
(4, 2, 1)
1
(49, 61)
-> Request 10
970
(4, 2, 1)
3
(9, 26)
-> Request 11
1257
(4, 2, 2)
2
(19, 41)
--> Day : 2
-> Request 0
123
(2, 1, 2)
3
(72, 59)
-> Request 1
145
(3, 2, 2)
1
(66, 77)
-> Request 2
231
(3, 2, 1)
2
(2, 48)
-> Request 3
268
(2, 1, 2)
3
(55, 29)
-> Request 4
551
(4, 1, 1)
1
(64, 39)
-> Request 5
565
(2, 2, 1)
1
(37, 55)
-> Request 6
850
(3, 2, 2)
2
(25, 56)
-> Request 7
1296
(3, 3, 2)
2
(67, 27)
-> Request 8
1327
(4, 2, 1)
3
(5, 22)
--> Day : 3
-> Request 0
244
(2, 3, 1)
1
(54, 78)
-> Request 1
289
(1, 1, 2)
3
(42, 45)
-> Request 2
295
(4, 2, 2)
3
(6, 49)
-> Request 3
544
(3, 3, 2)
3
(14, 21)
-> Request 4
623
(2, 2, 2)
2
(45, 31)
-> Request 5
709
(2, 2, 2)
2
(11, 29)
-> Request 6
727
(4, 3, 1)
1
(9, 24)
-> Request 7
888
(2, 1, 1)
3
(33, 66)
--> Day : 4
-> Request 0
3
(1, 3, 1)
1
(15, 9)
-> Request 1
10
(1, 3, 2)
2
(70, 59)
-> Request 2
115
(1, 2, 2)
2
(61, 34)
-> Request 3
423
(3, 1, 1)
1
(15, 23)
-> Request 4
454
(2, 3, 1)
2
(36, 39)
-> Request 5
467
(3, 3, 1)
2
(17, 20)
-> Request 6
655
(4, 1, 1)
1
(61, 41)
-> Request 7
739
(3, 1, 1)
1
(62, 46)
-> Request 8
1042
(3, 1, 2)
3
(10, 24)
-> Request 9
1072
(4, 1, 1)
2
(64, 78)
---> Week : 45
--> Day : 0
-> Request 0
71
(4, 1, 1)
2
(53, 41)
-> Request 1
138
(4, 1, 1)
2
(6, 53)
-> Request 2
183
(1, 3, 2)
3
(66, 71)
-> Request 3
216
(2, 3, 1)
3
(73, 44)
-> Request 4
221
(3, 2, 1)
2
(52, 45)
-> Request 5
326
(1, 3, 1)
2
(8, 23)
-> Request 6
354
(1, 2, 2)
3
(62, 65)
-> Request 7
399
(3, 2, 1)
3
(45, 31)
-> Request 8
460
(3, 2, 2)
1
(3, 4)
-> Request 9
519
(1, 3, 1)
3
(46, 29)
-> Request 10
1245
(2, 3, 1)
2
(78, 22)
-> Request 11
1249
(1, 3, 1)
3
(24, 76)
--> Day : 1
-> Request 0
5
(4, 2, 2)
3
(78, 8)
-> Request 1
71
(1, 1, 2)
2
(59, 32)
-> Request 2
160
(3, 2, 1)
2
(32, 0)
-> Request 3
432
(2, 1, 1)
3
(43, 33)
-> Request 4
516
(3, 3, 1)
3
(35, 18)
-> Request 5
517
(3, 1, 1)
2
(56, 72)
-> Request 6
585
(3, 1, 1)
2
(44, 44)
-> Request 7
614
(1, 1, 2)
3
(13, 78)
-> Request 8
801
(1, 1, 1)
3
(51, 45)
--> Day : 2
-> Request 0
195
(2, 1, 1)
1
(10, 5)
-> Request 1
289
(4, 2, 2)
1
(72, 35)
-> Request 2
402
(3, 3, 2)
2
(62, 39)
-> Request 3
552
(3, 2, 2)
3
(46, 35)
-> Request 4
627
(4, 2, 1)
2
(55, 34)
-> Request 5
633
(1, 3, 2)
1
(43, 40)
-> Request 6
667
(4, 2, 1)
2
(14, 59)
-> Request 7
775
(4, 2, 2)
2
(22, 28)
-> Request 8
834
(3, 2, 2)
1
(54, 2)
-> Request 9
852
(3, 3, 2)
1
(77, 58)
-> Request 10
924
(4, 3, 2)
1
(45, 28)
-> Request 11
965
(2, 1, 2)
2
(31, 70)
-> Request 12
1021
(2, 2, 1)
3
(24, 45)
-> Request 13
1025
(3, 3, 1)
3
(46, 33)
-> Request 14
1089
(1, 1, 2)
2
(50, 30)
--> Day : 3
-> Request 0
352
(4, 2, 2)
1
(62, 29)
-> Request 1
471
(2, 3, 1)
3
(58, 69)
-> Request 2
697
(4, 3, 2)
1
(10, 5)
-> Request 3
873
(4, 3, 1)
3
(55, 42)
-> Request 4
1223
(4, 3, 1)
1
(55, 68)
--> Day : 4
-> Request 0
198
(4, 1, 2)
3
(4, 65)
-> Request 1
202
(3, 1, 2)
3
(63, 66)
-> Request 2
304
(4, 2, 2)
3
(44, 74)
-> Request 3
476
(1, 1, 1)
1
(62, 25)
-> Request 4
595
(1, 2, 2)
1
(46, 59)
-> Request 5
684
(2, 1, 1)
3
(50, 43)
-> Request 6
826
(3, 1, 1)
1
(60, 69)
-> Request 7
1070
(4, 2, 2)
1
(61, 72)
-> Request 8
1128
(2, 1, 1)
3
(11, 28)
-> Request 9
1155
(3, 1, 1)
2
(14, 29)
-> Request 10
1165
(2, 2, 1)
2
(70, 48)
-> Request 11
1249
(1, 1, 2)
2
(37, 62)
---> Week : 46
--> Day : 0
-> Request 0
306
(4, 3, 2)
1
(57, 36)
-> Request 1
447
(3, 3, 1)
2
(65, 69)
-> Request 2
849
(3, 1, 2)
1
(59, 45)
-> Request 3
868
(4, 3, 1)
3
(20, 31)
-> Request 4
978
(2, 3, 1)
3
(52, 71)
-> Request 5
1223
(2, 3, 1)
2
(51, 34)
--> Day : 1
-> Request 0
9
(1, 2, 2)
3
(68, 3)
-> Request 1
104
(1, 3, 1)
2
(29, 53)
-> Request 2
160
(4, 1, 1)
1
(52, 78)
-> Request 3
227
(2, 1, 1)
2
(70, 0)
-> Request 4
591
(2, 2, 2)
1
(59, 66)
-> Request 5
688
(3, 3, 2)
2
(15, 28)
-> Request 6
759
(2, 1, 2)
2
(59, 50)
-> Request 7
1039
(4, 1, 2)
2
(75, 17)
-> Request 8
1168
(3, 2, 1)
1
(5, 17)
-> Request 9
1360
(3, 2, 2)
2
(40, 56)
--> Day : 2
-> Request 0
250
(2, 2, 2)
1
(45, 27)
-> Request 1
332
(2, 2, 2)
2
(25, 52)
-> Request 2
628
(1, 1, 1)
3
(12, 25)
-> Request 3
669
(4, 3, 2)
2
(77, 64)
-> Request 4
692
(4, 3, 1)
2
(8, 22)
-> Request 5
838
(3, 2, 1)
2
(70, 64)
-> Request 6
865
(3, 3, 1)
1
(47, 57)
-> Request 7
947
(4, 1, 1)
2
(17, 28)
-> Request 8
1069
(1, 3, 1)
3
(33, 77)
-> Request 9
1074
(4, 2, 1)
3
(59, 72)
-> Request 10
1074
(4, 3, 1)
1
(45, 33)
-> Request 11
1087
(2, 1, 1)
1
(28, 61)
-> Request 12
1131
(1, 1, 2)
3
(35, 56)
-> Request 13
1156
(1, 2, 1)
3
(21, 71)
-> Request 14
1192
(4, 2, 2)
3
(26, 9)
-> Request 15
1278
(3, 1, 1)
3
(56, 28)
--> Day : 3
-> Request 0
17
(4, 3, 1)
3
(66, 66)
-> Request 1
128
(4, 1, 1)
3
(36, 55)
-> Request 2
252
(4, 2, 2)
2
(61, 35)
-> Request 3
653
(4, 3, 2)
2
(58, 30)
--> Day : 4
-> Request 0
148
(1, 3, 2)
1
(0, 71)
-> Request 1
200
(3, 2, 1)
1
(46, 27)
-> Request 2
506
(1, 1, 1)
2
(0, 44)
-> Request 3
828
(3, 1, 1)
2
(60, 74)
-> Request 4
934
(2, 1, 2)
2
(58, 3)
-> Request 5
958
(3, 3, 1)
1
(21, 47)
-> Request 6
1137
(2, 3, 1)
2
(10, 27)
-> Request 7
1226
(4, 2, 1)
3
(62, 78)
-> Request 8
1405
(2, 1, 2)
1
(61, 75)
---> Week : 47
--> Day : 0
-> Request 0
31
(1, 3, 1)
1
(53, 74)
-> Request 1
170
(1, 2, 2)
2
(59, 73)
-> Request 2
337
(2, 3, 2)
1
(51, 18)
-> Request 3
510
(4, 2, 1)
1
(59, 34)
-> Request 4
742
(1, 2, 1)
1
(8, 37)
-> Request 5
873
(1, 1, 2)
3
(13, 25)
-> Request 6
983
(2, 2, 1)
2
(59, 68)
-> Request 7
1029
(3, 1, 2)
3
(14, 12)
-> Request 8
1187
(2, 1, 1)
3
(56, 68)
-> Request 9
1219
(3, 3, 2)
3
(63, 38)
-> Request 10
1241
(1, 2, 1)
2
(33, 62)
-> Request 11
1338
(3, 3, 2)
2
(79, 61)
--> Day : 1
-> Request 0
22
(1, 1, 2)
3
(59, 40)
-> Request 1
280
(2, 1, 1)
2
(60, 74)
-> Request 2
558
(2, 3, 1)
2
(32, 20)
-> Request 3
834
(2, 2, 1)
3
(48, 33)
-> Request 4
965
(4, 3, 1)
3
(54, 74)
-> Request 5
1018
(4, 3, 1)
3
(65, 74)
-> Request 6
1125
(1, 3, 1)
2
(56, 66)
--> Day : 2
-> Request 0
296
(1, 3, 2)
1
(63, 69)
-> Request 1
303
(3, 3, 1)
3
(20, 7)
-> Request 2
387
(1, 1, 1)
1
(20, 14)
-> Request 3
408
(1, 1, 1)
1
(26, 53)
-> Request 4
526
(4, 2, 1)
3
(69, 51)
-> Request 5
544
(1, 3, 1)
3
(60, 69)
-> Request 6
592
(3, 2, 2)
2
(56, 78)
-> Request 7
757
(3, 2, 1)
1
(60, 55)
-> Request 8
786
(4, 2, 1)
1
(31, 52)
-> Request 9
1205
(3, 3, 1)
2
(49, 7)
-> Request 10
1249
(1, 2, 2)
3
(3, 66)
-> Request 11
1320
(2, 2, 1)
1
(53, 34)
-> Request 12
1330
(4, 2, 1)
2
(61, 1)
-> Request 13
1366
(2, 1, 2)
1
(20, 73)
--> Day : 3
-> Request 0
36
(4, 1, 1)
3
(69, 20)
-> Request 1
81
(4, 3, 2)
1
(12, 21)
-> Request 2
275
(2, 2, 1)
3
(52, 43)
-> Request 3
471
(4, 2, 1)
3
(77, 42)
-> Request 4
615
(1, 2, 1)
3
(43, 32)
-> Request 5
716
(4, 2, 1)
3
(2, 32)
-> Request 6
724
(1, 1, 1)
1
(46, 43)
-> Request 7
1119
(2, 1, 1)
3
(46, 31)
--> Day : 4
-> Request 0
32
(2, 2, 1)
3
(56, 66)
-> Request 1
70
(3, 3, 2)
1
(65, 73)
-> Request 2
298
(3, 1, 1)
2
(58, 28)
-> Request 3
348
(3, 1, 1)
2
(55, 76)
-> Request 4
365
(3, 2, 2)
2
(2, 35)
-> Request 5
520
(1, 3, 1)
1
(74, 54)
-> Request 6
585
(4, 1, 1)
3
(70, 63)
-> Request 7
641
(1, 2, 1)
2
(10, 21)
-> Request 8
730
(2, 2, 1)
3
(10, 48)
-> Request 9
842
(4, 1, 2)
1
(55, 74)
-> Request 10
869
(3, 2, 1)
3
(62, 40)
-> Request 11
1103
(1, 3, 1)
3
(53, 42)
-> Request 12
1218
(1, 2, 2)
3
(66, 5)
-> Request 13
1438
(4, 3, 1)
3
(13, 26)
---> Week : 48
--> Day : 0
-> Request 0
256
(4, 2, 2)
3
(63, 71)
-> Request 1
283
(1, 2, 2)
3
(38, 2)
-> Request 2
292
(1, 2, 1)
2
(6, 35)
-> Request 3
304
(1, 3, 2)
1
(79, 14)
-> Request 4
384
(1, 2, 1)
2
(47, 34)
-> Request 5
667
(4, 3, 2)
1
(56, 31)
-> Request 6
703
(2, 2, 2)
3
(47, 51)
-> Request 7
874
(4, 3, 1)
2
(61, 34)
-> Request 8
877
(1, 1, 1)
3
(48, 43)
-> Request 9
921
(4, 3, 2)
3
(43, 43)
-> Request 10
990
(3, 1, 2)
2
(13, 25)
-> Request 11
1097
(3, 2, 2)
2
(44, 5)
-> Request 12
1124
(4, 3, 2)
3
(60, 66)
-> Request 13
1182
(3, 1, 2)
3
(52, 65)
-> Request 14
1224
(2, 1, 2)
1
(62, 61)
-> Request 15
1373
(3, 1, 2)
1
(33, 58)
--> Day : 1
-> Request 0
648
(2, 3, 1)
2
(58, 70)
-> Request 1
649
(1, 2, 1)
1
(70, 17)
-> Request 2
662
(3, 2, 2)
3
(54, 66)
-> Request 3
708
(2, 2, 2)
2
(52, 64)
-> Request 4
1048
(2, 1, 1)
3
(12, 14)
-> Request 5
1092
(1, 1, 2)
3
(54, 72)
-> Request 6
1135
(1, 2, 2)
3
(55, 69)
-> Request 7
1284
(2, 1, 2)
3
(45, 30)
-> Request 8
1404
(4, 3, 2)
2
(46, 10)
--> Day : 2
-> Request 0
30
(2, 1, 1)
1
(1, 66)
-> Request 1
185
(3, 1, 2)
1
(71, 46)
-> Request 2
404
(4, 1, 1)
1
(30, 35)
-> Request 3
746
(2, 1, 2)
2
(76, 28)
-> Request 4
810
(4, 3, 1)
2
(57, 37)
-> Request 5
911
(3, 3, 1)
1
(61, 23)
-> Request 6
1219
(4, 3, 2)
2
(13, 23)
--> Day : 3
-> Request 0
110
(1, 3, 2)
1
(64, 39)
-> Request 1
132
(4, 3, 2)
2
(46, 34)
-> Request 2
170
(1, 3, 1)
2
(47, 30)
-> Request 3
287
(4, 3, 2)
3
(30, 41)
-> Request 4
304
(2, 3, 1)
2
(54, 72)
-> Request 5
327
(4, 3, 2)
3
(17, 22)
-> Request 6
821
(1, 2, 2)
1
(47, 30)
-> Request 7
911
(3, 2, 1)
2
(52, 11)
-> Request 8
1050
(4, 2, 1)
3
(47, 34)
--> Day : 4
-> Request 0
101
(1, 3, 2)
3
(61, 32)
-> Request 1
279
(2, 1, 1)
2
(48, 40)
-> Request 2
528
(3, 1, 1)
1
(58, 34)
-> Request 3
665
(3, 2, 2)
2
(77, 61)
-> Request 4
1219
(1, 2, 2)
3
(40, 54)
-> Request 5
1310
(3, 1, 2)
1
(9, 23)
-> Request 6
1349
(2, 1, 2)
1
(58, 38)
---> Week : 49
--> Day : 0
-> Request 0
75
(4, 3, 1)
2
(53, 36)
-> Request 1
241
(4, 3, 2)
2
(59, 44)
-> Request 2
285
(3, 3, 1)
1
(52, 31)
-> Request 3
560
(1, 3, 2)
3
(36, 25)
-> Request 4
562
(3, 1, 1)
2
(5, 46)
-> Request 5
592
(1, 3, 1)
3
(30, 57)
-> Request 6
621
(2, 1, 2)
3
(16, 47)
-> Request 7
794
(2, 1, 1)
1
(55, 32)
-> Request 8
1404
(3, 1, 1)
3
(49, 13)
--> Day : 1
-> Request 0
271
(2, 3, 2)
1
(58, 74)
-> Request 1
407
(3, 2, 2)
2
(36, 2)
-> Request 2
462
(2, 3, 2)
1
(63, 49)
-> Request 3
465
(3, 2, 1)
2
(48, 27)
-> Request 4
617
(1, 2, 1)
3
(60, 29)
-> Request 5
629
(2, 1, 2)
1
(59, 30)
-> Request 6
690
(4, 2, 2)
3
(6, 35)
-> Request 7
889
(4, 3, 1)
2
(71, 54)
-> Request 8
1215
(4, 1, 2)
2
(79, 40)
-> Request 9
1257
(2, 1, 2)
1
(61, 37)
-> Request 10
1258
(3, 2, 2)
3
(25, 54)
-> Request 11
1337
(1, 3, 1)
2
(46, 42)
-> Request 12
1355
(4, 3, 2)
2
(45, 33)
--> Day : 2
-> Request 0
283
(4, 3, 2)
2
(50, 31)
-> Request 1
449
(4, 1, 2)
1
(61, 72)
-> Request 2
498
(4, 2, 1)
2
(53, 32)
-> Request 3
516
(1, 2, 1)
1
(66, 65)
-> Request 4
547
(3, 3, 1)
1
(55, 7)
-> Request 5
650
(3, 3, 1)
3
(9, 57)
-> Request 6
796
(1, 2, 2)
3
(51, 39)
-> Request 7
847
(2, 3, 1)
2
(61, 38)
-> Request 8
851
(3, 2, 2)
2
(56, 34)
-> Request 9
969
(4, 1, 1)
1
(63, 68)
-> Request 10
1102
(3, 2, 1)
1
(46, 16)
-> Request 11
1164
(3, 3, 2)
3
(62, 48)
-> Request 12
1182
(3, 3, 1)
1
(52, 42)
-> Request 13
1296
(3, 1, 2)
2
(39, 63)
-> Request 14
1320
(3, 2, 1)
1
(31, 18)
--> Day : 3
-> Request 0
58
(3, 3, 2)
2
(12, 20)
-> Request 1
58
(1, 2, 1)
2
(44, 8)
-> Request 2
348
(3, 2, 1)
3
(56, 46)
-> Request 3
409
(3, 1, 1)
2
(50, 34)
-> Request 4
453
(3, 2, 2)
2
(43, 48)
-> Request 5
545
(1, 3, 1)
1
(48, 58)
-> Request 6
845
(1, 1, 2)
3
(48, 39)
-> Request 7
949
(3, 3, 2)
2
(29, 39)
-> Request 8
1114
(1, 1, 1)
2
(24, 5)
-> Request 9
1124
(1, 2, 2)
1
(71, 1)
-> Request 10
1356
(1, 1, 1)
1
(57, 35)
-> Request 11
1403
(2, 3, 1)
3
(51, 22)
--> Day : 4
-> Request 0
2
(3, 2, 2)
1
(21, 53)
-> Request 1
109
(2, 2, 2)
2
(75, 3)
-> Request 2
161
(3, 2, 2)
3
(76, 73)
-> Request 3
352
(1, 2, 1)
2
(65, 12)
-> Request 4
449
(4, 3, 1)
3
(43, 40)
-> Request 5
473
(4, 1, 1)
1
(56, 39)
-> Request 6
481
(2, 1, 2)
3
(32, 48)
-> Request 7
490
(2, 2, 1)
3
(57, 37)
-> Request 8
582
(4, 1, 2)
3
(49, 35)
-> Request 9
622
(1, 1, 2)
3
(46, 37)
-> Request 10
773
(2, 3, 1)
3
(51, 30)
-> Request 11
773
(1, 3, 1)
3
(65, 71)
-> Request 12
847
(2, 3, 2)
2
(0, 36)
-> Request 13
874
(4, 3, 2)
3
(68, 53)
-> Request 14
948
(4, 1, 2)
2
(48, 42)
-> Request 15
957
(1, 3, 1)
2
(57, 20)
-> Request 16
1146
(3, 2, 1)
3
(49, 51)
-> Request 17
1310
(3, 1, 2)
3
(59, 42)
---> Week : 50
--> Day : 0
-> Request 0
444
(2, 3, 1)
2
(62, 46)
-> Request 1
859
(2, 3, 2)
2
(47, 34)
-> Request 2
902
(3, 1, 1)
1
(37, 78)
-> Request 3
944
(2, 1, 2)
2
(9, 72)
-> Request 4
1233
(4, 1, 2)
2
(2, 44)
--> Day : 1
-> Request 0
62
(4, 1, 1)
3
(21, 68)
-> Request 1
75
(2, 1, 2)
1
(16, 39)
-> Request 2
105
(3, 3, 2)
2
(45, 46)
-> Request 3
133
(3, 2, 2)
3
(52, 35)
-> Request 4
163
(2, 3, 1)
3
(17, 49)
-> Request 5
285
(1, 2, 2)
3
(9, 5)
-> Request 6
291
(3, 3, 1)
2
(55, 69)
-> Request 7
345
(4, 3, 1)
3
(58, 64)
-> Request 8
405
(3, 2, 2)
3
(15, 22)
-> Request 9
752
(4, 3, 1)
1
(65, 66)
-> Request 10
818
(4, 2, 2)
3
(61, 71)
-> Request 11
857
(1, 1, 2)
2
(40, 11)
-> Request 12
994
(1, 1, 2)
3
(48, 31)
-> Request 13
997
(1, 2, 1)
3
(62, 43)
-> Request 14
1102
(1, 2, 2)
3
(49, 46)
-> Request 15
1217
(1, 3, 2)
2
(53, 20)
-> Request 16
1276
(1, 1, 2)
1
(48, 40)
-> Request 17
1296
(1, 2, 2)
3
(63, 30)
-> Request 18
1372
(3, 1, 1)
3
(16, 11)
-> Request 19
1426
(2, 3, 1)
3
(65, 65)
--> Day : 2
-> Request 0
92
(3, 1, 2)
3
(65, 6)
-> Request 1
124
(2, 3, 2)
3
(52, 22)
-> Request 2
457
(1, 3, 1)
3
(37, 4)
-> Request 3
486
(1, 3, 2)
2
(41, 21)
-> Request 4
605
(4, 2, 2)
2
(9, 22)
-> Request 5
840
(4, 1, 2)
2
(24, 68)
-> Request 6
882
(2, 3, 1)
1
(75, 44)
-> Request 7
958
(4, 3, 2)
1
(46, 29)
-> Request 8
1422
(4, 1, 2)
2
(8, 23)
--> Day : 3
-> Request 0
252
(4, 2, 2)
3
(24, 2)
-> Request 1
301
(4, 2, 2)
1
(43, 31)
-> Request 2
303
(2, 2, 1)
3
(63, 66)
-> Request 3
930
(3, 2, 2)
3
(61, 73)
-> Request 4
962
(3, 1, 1)
2
(56, 29)
-> Request 5
1059
(3, 3, 1)
3
(51, 43)
-> Request 6
1113
(1, 2, 1)
2
(43, 77)
-> Request 7
1155
(2, 2, 1)
3
(22, 41)
-> Request 8
1232
(1, 2, 1)
2
(17, 78)
-> Request 9
1329
(3, 2, 1)
2
(11, 78)
-> Request 10
1395
(3, 1, 1)
2
(57, 71)
--> Day : 4
-> Request 0
156
(1, 2, 1)
1
(63, 69)
-> Request 1
288
(2, 3, 1)
1
(69, 53)
-> Request 2
298
(1, 3, 2)
2
(12, 25)
-> Request 3
368
(2, 1, 2)
2
(18, 60)
-> Request 4
396
(4, 2, 2)
3
(46, 20)
-> Request 5
579
(3, 1, 1)
1
(66, 40)
-> Request 6
664
(3, 1, 2)
2
(32, 40)
-> Request 7
981
(2, 2, 2)
1
(55, 78)
-> Request 8
1047
(4, 3, 2)
2
(45, 46)
---> Week : 51
--> Day : 0
-> Request 0
183
(4, 1, 2)
1
(12, 17)
-> Request 1
477
(3, 1, 2)
1
(66, 74)
-> Request 2
492
(4, 3, 1)
2
(53, 37)
-> Request 3
543
(1, 3, 1)
3
(41, 56)
-> Request 4
709
(1, 1, 2)
1
(15, 25)
-> Request 5
1136
(4, 3, 2)
2
(58, 41)
-> Request 6
1266
(1, 3, 2)
2
(44, 27)
-> Request 7
1378
(4, 1, 2)
2
(62, 40)
--> Day : 1
-> Request 0
32
(2, 3, 1)
2
(65, 76)
-> Request 1
77
(4, 2, 2)
3
(78, 56)
-> Request 2
81
(2, 1, 1)
2
(58, 29)
-> Request 3
157
(3, 3, 2)
2
(44, 46)
-> Request 4
501
(3, 1, 2)
1
(25, 62)
-> Request 5
763
(3, 2, 1)
3
(34, 77)
-> Request 6
946
(1, 3, 1)
1
(59, 72)
--> Day : 2
-> Request 0
9
(3, 1, 1)
1
(43, 24)
-> Request 1
130
(3, 1, 1)
1
(70, 42)
-> Request 2
174
(2, 1, 1)
2
(56, 42)
-> Request 3
238
(4, 2, 1)
2
(43, 42)
-> Request 4
270
(3, 2, 1)
1
(11, 22)
-> Request 5
307
(4, 1, 1)
2
(49, 29)
-> Request 6
372
(2, 2, 1)
2
(64, 73)
-> Request 7
396
(2, 2, 2)
3
(67, 38)
-> Request 8
414
(1, 1, 2)
2
(38, 33)
-> Request 9
437
(1, 2, 2)
1
(54, 36)
-> Request 10
496
(4, 3, 1)
2
(12, 9)
-> Request 11
503
(1, 2, 1)
1
(13, 29)
-> Request 12
617
(3, 1, 2)
3
(56, 20)
-> Request 13
697
(2, 3, 1)
1
(47, 29)
-> Request 14
745
(1, 1, 1)
2
(21, 6)
-> Request 15
960
(1, 3, 1)
2
(62, 69)
-> Request 16
979
(3, 2, 1)
2
(47, 52)
-> Request 17
1039
(3, 1, 1)
2
(37, 73)
-> Request 18
1098
(3, 2, 1)
2
(49, 32)
-> Request 19
1176
(3, 2, 2)
3
(37, 60)
-> Request 20
1310
(4, 3, 2)
3
(62, 17)
--> Day : 3
-> Request 0
69
(3, 3, 1)
3
(69, 59)
-> Request 1
178
(2, 2, 2)
2
(51, 40)
-> Request 2
231
(1, 3, 1)
3
(10, 25)
-> Request 3
475
(4, 3, 2)
2
(18, 36)
-> Request 4
543
(3, 3, 1)
2
(63, 45)
-> Request 5
897
(1, 2, 2)
1
(5, 51)
-> Request 6
923
(4, 3, 1)
2
(15, 24)
-> Request 7
1100
(1, 3, 1)
2
(10, 58)
-> Request 8
1192
(1, 2, 1)
2
(66, 66)
-> Request 9
1238
(4, 3, 1)
2
(16, 73)
-> Request 10
1258
(2, 3, 2)
2
(17, 21)
-> Request 11
1430
(1, 1, 2)
1
(56, 68)
--> Day : 4
-> Request 0
67
(2, 2, 2)
1
(64, 69)
-> Request 1
112
(4, 2, 2)
2
(23, 32)
-> Request 2
250
(2, 1, 2)
1
(32, 47)
-> Request 3
447
(1, 1, 2)
2
(11, 21)
-> Request 4
487
(4, 2, 1)
1
(15, 72)
-> Request 5
496
(4, 1, 2)
2
(59, 38)
-> Request 6
501
(3, 2, 1)
2
(66, 72)
-> Request 7
515
(2, 1, 1)
3
(54, 50)
-> Request 8
989
(1, 3, 2)
2
(21, 70)
-> Request 9
1150
(4, 1, 2)
2
(64, 76)
-> Request 10
1193
(4, 2, 1)
3
(10, 24)
---> Week : 52
--> Day : 0
-> Request 0
514
(1, 2, 2)
1
(48, 31)
-> Request 1
587
(2, 3, 2)
1
(9, 67)
-> Request 2
608
(2, 1, 2)
1
(54, 75)
-> Request 3
750
(2, 3, 1)
3
(58, 77)
-> Request 4
753
(2, 1, 2)
2
(73, 40)
-> Request 5
1260
(2, 1, 2)
3
(14, 18)
-> Request 6
1398
(3, 1, 2)
1
(46, 43)
--> Day : 1
-> Request 0
65
(1, 1, 1)
1
(37, 20)
-> Request 1
78
(3, 2, 2)
3
(48, 42)
-> Request 2
499
(1, 1, 1)
2
(52, 37)
-> Request 3
941
(4, 3, 1)
3
(21, 73)
-> Request 4
1007
(2, 2, 2)
1
(67, 54)
-> Request 5
1225
(4, 2, 2)
2
(5, 49)
-> Request 6
1281
(1, 2, 2)
3
(75, 7)
-> Request 7
1353
(2, 3, 1)
1
(65, 70)
--> Day : 2
-> Request 0
361
(3, 2, 2)
1
(50, 35)
-> Request 1
407
(2, 1, 2)
1
(53, 75)
-> Request 2
542
(1, 2, 2)
3
(40, 50)
-> Request 3
567
(1, 2, 1)
1
(58, 58)
-> Request 4
872
(4, 1, 2)
2
(10, 37)
-> Request 5
1277
(4, 1, 2)
2
(55, 76)
-> Request 6
1300
(4, 3, 2)
2
(13, 36)
-> Request 7
1340
(1, 2, 2)
1
(16, 25)
-> Request 8
1389
(4, 3, 2)
3
(46, 27)
--> Day : 3
-> Request 0
183
(1, 2, 1)
3
(62, 78)
-> Request 1
345
(4, 1, 1)
2
(58, 69)
-> Request 2
757
(2, 3, 1)
2
(44, 42)
-> Request 3
886
(2, 3, 1)
3
(52, 4)
--> Day : 4
-> Request 0
34
(4, 1, 2)
3
(78, 33)
-> Request 1
287
(3, 1, 2)
3
(51, 43)
-> Request 2
359
(1, 2, 1)
2
(52, 72)
-> Request 3
392
(2, 1, 2)
2
(58, 53)
-> Request 4
461
(1, 1, 2)
2
(12, 73)
-> Request 5
606
(2, 3, 2)
3
(62, 35)
-> Request 6
637
(3, 1, 1)
1
(62, 69)
-> Request 7
754
(2, 2, 2)
1
(62, 73)
-> Request 8
839
(1, 3, 2)
3
(8, 12)
-> Request 9
1021
(3, 1, 2)
2
(34, 75)
-> Request 10
1042
(2, 2, 2)
3
(45, 39)
-> Request 11
1388
(1, 3, 1)
2
(44, 29)
-> Request 12
1405
(2, 3, 2)
2
(52, 72)
---> Week : 53
--> Day : 0
-> Request 0
135
(3, 1, 1)
2
(78, 38)
-> Request 1
202
(3, 3, 1)
1
(34, 70)
-> Request 2
443
(1, 1, 2)
1
(77, 60)
-> Request 3
586
(1, 2, 1)
3
(54, 70)
-> Request 4
624
(4, 1, 2)
1
(15, 24)
-> Request 5
686
(3, 2, 1)
3
(51, 40)
-> Request 6
845
(4, 1, 1)
3
(11, 28)
-> Request 7
955
(3, 2, 2)
2
(54, 42)
-> Request 8
1155
(2, 3, 2)
2
(63, 67)
--> Day : 1
-> Request 0
9
(2, 1, 2)
1
(15, 20)
-> Request 1
179
(1, 2, 2)
3
(67, 55)
-> Request 2
221
(3, 1, 1)
2
(32, 30)
-> Request 3
248
(1, 3, 2)
1
(5, 41)
-> Request 4
355
(3, 2, 2)
2
(65, 71)
-> Request 5
477
(1, 3, 2)
3
(62, 66)
-> Request 6
613
(2, 2, 2)
1
(57, 36)
-> Request 7
685
(4, 1, 1)
2
(63, 5)
-> Request 8
1050
(2, 2, 1)
2
(52, 17)
-> Request 9
1429
(4, 3, 2)
1
(31, 9)
--> Day : 2
-> Request 0
55
(1, 1, 1)
1
(46, 40)
-> Request 1
67
(3, 2, 1)
3
(41, 32)
-> Request 2
159
(2, 2, 2)
1
(58, 35)
-> Request 3
425
(2, 1, 2)
1
(58, 40)
-> Request 4
513
(3, 2, 2)
1
(46, 65)
-> Request 5
535
(1, 1, 1)
2
(52, 72)
-> Request 6
597
(2, 1, 1)
2
(27, 6)
-> Request 7
621
(3, 3, 1)
1
(40, 28)
-> Request 8
741
(1, 1, 2)
2
(18, 43)
-> Request 9
884
(3, 1, 2)
1
(57, 77)
-> Request 10
1072
(1, 3, 1)
1
(58, 28)
-> Request 11
1209
(4, 2, 2)
2
(52, 76)
-> Request 12
1307
(1, 2, 2)
2
(44, 29)
--> Day : 3
-> Request 0
17
(1, 2, 2)
2
(0, 53)
-> Request 1
260
(1, 1, 1)
1
(53, 51)
-> Request 2
286
(3, 3, 1)
1
(10, 28)
-> Request 3
342
(2, 3, 1)
3
(50, 39)
-> Request 4
345
(4, 1, 2)
3
(53, 18)
-> Request 5
498
(3, 3, 2)
2
(57, 29)
-> Request 6
990
(2, 3, 1)
3
(9, 35)
-> Request 7
1040
(4, 2, 2)
1
(58, 64)
--> Day : 4
-> Request 0
160
(3, 3, 2)
3
(54, 53)
-> Request 1
441
(3, 2, 2)
3
(64, 73)
-> Request 2
466
(4, 2, 2)
2
(57, 37)
-> Request 3
517
(4, 3, 1)
2
(56, 78)
-> Request 4
553
(1, 2, 2)
1
(49, 52)
-> Request 5
626
(2, 2, 2)
2
(14, 0)
-> Request 6
653
(4, 3, 2)
3
(19, 66)
-> Request 7
782
(2, 2, 1)
1
(6, 7)
-> Request 8
960
(1, 1, 1)
1
(28, 58)
-> Request 9
1119
(4, 2, 1)
2
(2, 14)
-> Request 10
1255
(3, 3, 1)
2
(15, 21)
---> Week : 54
--> Day : 0
-> Request 0
39
(4, 3, 2)
1
(5, 1)
-> Request 1
65
(2, 1, 1)
2
(60, 34)
-> Request 2
77
(2, 3, 1)
1
(58, 59)
-> Request 3
81
(3, 3, 1)
2
(48, 43)
-> Request 4
136
(1, 1, 2)
1
(6, 70)
-> Request 5
145
(2, 2, 1)
3
(9, 29)
-> Request 6
166
(3, 1, 1)
3
(58, 47)
-> Request 7
260
(3, 3, 2)
1
(0, 76)
-> Request 8
738
(2, 2, 2)
1
(41, 47)
-> Request 9
971
(1, 1, 2)
2
(23, 30)
-> Request 10
1166
(3, 1, 2)
3
(25, 5)
-> Request 11
1416
(3, 3, 1)
2
(13, 21)
-> Request 12
1438
(1, 2, 2)
1
(15, 11)
--> Day : 1
-> Request 0
1
(3, 2, 1)
3
(55, 29)
-> Request 1
39
(1, 3, 2)
2
(66, 53)
-> Request 2
297
(2, 2, 2)
1
(60, 64)
-> Request 3
691
(3, 1, 2)
1
(33, 37)
-> Request 4
713
(1, 2, 1)
1
(62, 71)
-> Request 5
840
(2, 1, 2)
1
(57, 75)
-> Request 6
1217
(4, 3, 2)
2
(55, 74)
--> Day : 2
-> Request 0
229
(4, 2, 1)
2
(65, 67)
-> Request 1
239
(1, 3, 2)
1
(9, 56)
-> Request 2
240
(3, 2, 1)
2
(1, 38)
-> Request 3
250
(1, 1, 1)
1
(53, 34)
-> Request 4
328
(4, 3, 1)
2
(49, 29)
-> Request 5
404
(2, 2, 1)
1
(60, 47)
-> Request 6
775
(4, 1, 1)
1
(59, 21)
-> Request 7
837
(2, 1, 1)
3
(57, 71)
-> Request 8
915
(3, 3, 2)
1
(65, 70)
-> Request 9
995
(4, 1, 1)
1
(57, 3)
-> Request 10
1039
(2, 1, 1)
3
(49, 40)
-> Request 11
1131
(3, 2, 2)
3
(31, 62)
-> Request 12
1386
(1, 3, 2)
1
(47, 41)
--> Day : 3
-> Request 0
2
(4, 2, 2)
3
(44, 31)
-> Request 1
70
(2, 3, 2)
3
(54, 71)
-> Request 2
190
(1, 3, 2)
3
(37, 40)
-> Request 3
764
(2, 1, 1)
2
(32, 32)
-> Request 4
776
(4, 1, 2)
2
(45, 42)
-> Request 5
785
(3, 1, 1)
3
(70, 75)
-> Request 6
1005
(2, 2, 1)
2
(63, 67)
-> Request 7
1071
(2, 1, 1)
3
(28, 17)
-> Request 8
1077
(4, 2, 2)
1
(60, 34)
-> Request 9
1093
(3, 1, 1)
2
(58, 43)
-> Request 10
1279
(4, 3, 2)
1
(53, 67)
-> Request 11
1406
(2, 1, 2)
1
(47, 35)
-> Request 12
1407
(1, 1, 1)
1
(54, 27)
--> Day : 4
-> Request 0
19
(1, 2, 1)
1
(54, 42)
-> Request 1
109
(2, 1, 1)
2
(46, 31)
-> Request 2
140
(2, 2, 1)
3
(18, 19)
-> Request 3
252
(4, 1, 2)
2
(7, 31)
-> Request 4
342
(3, 1, 1)
1
(33, 62)
-> Request 5
483
(2, 2, 2)
1
(52, 34)
-> Request 6
656
(3, 3, 1)
1
(18, 10)
-> Request 7
1213
(4, 2, 1)
2
(4, 47)
-> Request 8
1355
(4, 2, 2)
3
(66, 55)
---> Week : 55
--> Day : 0
-> Request 0
231
(2, 3, 2)
2
(58, 64)
-> Request 1
288
(4, 1, 1)
1
(55, 62)
-> Request 2
500
(4, 1, 2)
3
(60, 53)
-> Request 3
599
(2, 1, 1)
3
(41, 79)
-> Request 4
737
(1, 1, 1)
1
(60, 31)
-> Request 5
1035
(1, 2, 1)
2
(2, 79)
-> Request 6
1169
(2, 1, 1)
1
(62, 69)
-> Request 7
1382
(2, 3, 2)
2
(51, 30)
-> Request 8
1389
(2, 2, 2)
3
(60, 65)
--> Day : 1
-> Request 0
380
(4, 2, 2)
1
(24, 67)
-> Request 1
491
(3, 1, 1)
2
(66, 67)
-> Request 2
561
(1, 1, 1)
3
(58, 41)
-> Request 3
666
(2, 1, 2)
3
(50, 33)
-> Request 4
669
(2, 3, 1)
3
(55, 30)
-> Request 5
734
(1, 2, 2)
2
(44, 31)
-> Request 6
832
(4, 1, 2)
2
(65, 78)
-> Request 7
942
(3, 1, 1)
2
(79, 4)
-> Request 8
1004
(3, 3, 1)
2
(46, 59)
-> Request 9
1185
(2, 1, 1)
3
(44, 33)
-> Request 10
1316
(4, 3, 1)
1
(61, 36)
--> Day : 2
-> Request 0
105
(4, 3, 1)
1
(69, 32)
-> Request 1
238
(3, 3, 2)
1
(62, 72)
-> Request 2
250
(1, 3, 2)
2
(70, 47)
-> Request 3
254
(1, 3, 2)
3
(50, 59)
-> Request 4
335
(4, 3, 2)
2
(15, 11)
-> Request 5
501
(2, 2, 2)
3
(52, 68)
-> Request 6
633
(3, 2, 2)
2
(73, 69)
-> Request 7
739
(4, 2, 1)
3
(14, 1)
-> Request 8
1267
(2, 2, 1)
3
(39, 52)
-> Request 9
1301
(3, 1, 1)
2
(60, 57)
--> Day : 3
-> Request 0
135
(2, 1, 1)
1
(11, 66)
-> Request 1
181
(3, 3, 1)
3
(52, 43)
-> Request 2
208
(2, 1, 1)
3
(31, 65)
-> Request 3
256
(3, 3, 2)
2
(64, 74)
-> Request 4
278
(4, 1, 1)
2
(55, 74)
-> Request 5
382
(3, 1, 2)
2
(56, 46)
-> Request 6
584
(1, 2, 1)
3
(11, 22)
-> Request 7
827
(3, 1, 2)
1
(55, 78)
-> Request 8
957
(1, 2, 2)
3
(66, 78)
-> Request 9
1079
(4, 1, 1)
3
(67, 53)
-> Request 10
1215
(1, 2, 1)
3
(47, 28)
--> Day : 4
-> Request 0
43
(2, 3, 2)
2
(57, 40)
-> Request 1
74
(1, 1, 1)
3
(74, 69)
-> Request 2
170
(4, 1, 1)
2
(57, 41)
-> Request 3
230
(3, 3, 2)
1
(8, 24)
-> Request 4
261
(4, 1, 2)
1
(60, 39)
-> Request 5
534
(3, 2, 1)
2
(57, 27)
-> Request 6
557
(1, 1, 2)
3
(48, 28)
-> Request 7
582
(3, 1, 2)
2
(61, 69)
-> Request 8
648
(4, 1, 1)
2
(9, 26)
-> Request 9
735
(1, 3, 1)
3
(67, 30)
-> Request 10
1076
(1, 1, 1)
3
(33, 75)
-> Request 11
1270
(3, 2, 1)
1
(56, 42)
-> Request 12
1288
(4, 2, 2)
1
(49, 58)
---> Week : 56
--> Day : 0
-> Request 0
40
(1, 1, 2)
1
(57, 75)
-> Request 1
284
(1, 2, 2)
3
(63, 50)
-> Request 2
415
(1, 2, 2)
1
(65, 68)
-> Request 3
726
(2, 3, 1)
3
(62, 71)
-> Request 4
739
(3, 2, 1)
1
(26, 17)
-> Request 5
751
(4, 2, 1)
2
(52, 38)
-> Request 6
768
(4, 2, 2)
2
(15, 44)
-> Request 7
1197
(3, 1, 1)
1
(54, 67)
-> Request 8
1236
(1, 2, 2)
2
(61, 69)
-> Request 9
1381
(2, 2, 2)
3
(77, 55)
--> Day : 1
-> Request 0
337
(1, 3, 1)
3
(36, 78)
-> Request 1
418
(3, 3, 1)
3
(54, 78)
-> Request 2
487
(1, 3, 2)
1
(57, 42)
-> Request 3
526
(3, 1, 1)
1
(57, 78)
-> Request 4
607
(4, 3, 2)
2
(41, 57)
-> Request 5
864
(4, 1, 1)
2
(61, 70)
-> Request 6
931
(4, 1, 2)
2
(65, 75)
-> Request 7
1026
(3, 2, 2)
3
(65, 77)
-> Request 8
1220
(2, 3, 2)
3
(52, 39)
--> Day : 2
-> Request 0
253
(2, 3, 2)
2
(43, 36)
-> Request 1
473
(4, 3, 1)
1
(43, 29)
-> Request 2
487
(3, 1, 2)
1
(75, 50)
-> Request 3
702
(3, 3, 1)
2
(61, 30)
-> Request 4
779
(4, 3, 1)
3
(14, 20)
-> Request 5
782
(2, 2, 2)
1
(44, 54)
-> Request 6
977
(1, 3, 1)
1
(51, 29)
-> Request 7
1011
(2, 1, 2)
3
(62, 28)
-> Request 8
1090
(1, 3, 1)
3
(66, 28)
--> Day : 3
-> Request 0
120
(2, 2, 1)
2
(58, 29)
-> Request 1
272
(2, 2, 2)
3
(31, 45)
-> Request 2
505
(3, 2, 1)
1
(12, 76)
-> Request 3
587
(1, 3, 1)
1
(59, 64)
-> Request 4
731
(1, 1, 2)
3
(61, 71)
-> Request 5
955
(1, 1, 1)
2
(11, 22)
-> Request 6
970
(2, 2, 1)
1
(57, 33)
-> Request 7
1074
(2, 3, 2)
3
(22, 32)
-> Request 8
1178
(3, 2, 2)
3
(13, 24)
-> Request 9
1405
(1, 2, 1)
2
(14, 30)
--> Day : 4
-> Request 0
144
(1, 1, 2)
1
(51, 29)
-> Request 1
180
(4, 2, 1)
3
(10, 29)
-> Request 2
567
(3, 2, 1)
3
(43, 34)
-> Request 3
568
(3, 1, 2)
1
(57, 32)
-> Request 4
630
(3, 2, 1)
1
(56, 11)
-> Request 5
865
(1, 1, 1)
2
(51, 45)
-> Request 6
912
(3, 1, 2)
1
(54, 78)
-> Request 7
1434
(2, 2, 2)
3
(61, 69)
---> Week : 57
--> Day : 0
-> Request 0
122
(2, 1, 1)
3
(54, 46)
-> Request 1
172
(4, 1, 1)
1
(74, 39)
-> Request 2
215
(4, 3, 2)
3
(54, 43)
-> Request 3
385
(2, 3, 2)
2
(66, 19)
-> Request 4
539
(4, 2, 1)
2
(45, 66)
-> Request 5
601
(4, 2, 2)
3
(62, 29)
-> Request 6
735
(3, 1, 2)
2
(53, 32)
-> Request 7
914
(2, 3, 1)
3
(56, 70)
-> Request 8
931
(2, 2, 1)
1
(61, 29)
-> Request 9
1146
(3, 3, 1)
1
(62, 30)
-> Request 10
1285
(1, 3, 2)
1
(57, 42)
--> Day : 1
-> Request 0
132
(1, 3, 2)
1
(71, 66)
-> Request 1
213
(3, 2, 2)
2
(49, 40)
-> Request 2
412
(4, 3, 2)
2
(67, 21)
-> Request 3
664
(3, 3, 2)
1
(53, 74)
-> Request 4
675
(1, 2, 2)
3
(52, 33)
-> Request 5
696
(2, 2, 1)
1
(58, 45)
-> Request 6
707
(3, 3, 2)
1
(55, 34)
-> Request 7
963
(2, 2, 1)
3
(48, 30)
-> Request 8
1299
(4, 2, 1)
1
(56, 27)
--> Day : 2
-> Request 0
51
(2, 2, 1)
2
(48, 29)
-> Request 1
338
(4, 2, 2)
2
(51, 68)
-> Request 2
380
(3, 3, 2)
1
(67, 34)
-> Request 3
600
(2, 2, 2)
3
(64, 66)
-> Request 4
602
(1, 1, 2)
1
(49, 70)
-> Request 5
843
(3, 3, 2)
2
(49, 39)
-> Request 6
906
(4, 3, 1)
1
(44, 60)
-> Request 7
953
(4, 2, 2)
1
(54, 16)
-> Request 8
1076
(1, 2, 1)
2
(54, 62)
-> Request 9
1092
(2, 1, 1)
3
(53, 43)
-> Request 10
1101
(1, 3, 1)
1
(59, 39)
-> Request 11
1160
(3, 3, 1)
3
(50, 35)
-> Request 12
1298
(4, 1, 1)
1
(48, 27)
-> Request 13
1370
(3, 2, 1)
1
(14, 27)
-> Request 14
1398
(4, 3, 1)
2
(13, 29)
--> Day : 3
-> Request 0
195
(2, 3, 2)
3
(60, 3)
-> Request 1
264
(1, 2, 1)
3
(2, 13)
-> Request 2
403
(4, 2, 2)
1
(29, 4)
-> Request 3
484
(4, 1, 1)
2
(66, 51)
-> Request 4
711
(2, 1, 1)
2
(43, 39)
-> Request 5
835
(4, 3, 1)
1
(54, 47)
-> Request 6
1074
(2, 1, 1)
1
(59, 36)
-> Request 7
1401
(3, 2, 1)
2
(9, 39)
-> Request 8
1406
(2, 3, 1)
3
(47, 61)
--> Day : 4
-> Request 0
128
(3, 1, 2)
2
(40, 50)
-> Request 1
301
(4, 1, 1)
3
(57, 64)
-> Request 2
453
(2, 2, 1)
2
(66, 11)
-> Request 3
649
(4, 1, 1)
1
(62, 67)
-> Request 4
850
(4, 2, 1)
2
(58, 69)
-> Request 5
951
(2, 1, 1)
1
(62, 23)
-> Request 6
961
(2, 1, 2)
2
(55, 33)
-> Request 7
994
(1, 2, 1)
3
(17, 20)
-> Request 8
1177
(1, 1, 2)
1
(68, 43)
---> Week : 58
--> Day : 0
-> Request 0
465
(4, 3, 1)
3
(12, 33)
-> Request 1
871
(1, 2, 2)
1
(49, 28)
-> Request 2
969
(3, 1, 1)
2
(2, 8)
-> Request 3
1031
(4, 1, 2)
1
(60, 69)
-> Request 4
1041
(2, 3, 1)
1
(45, 45)
-> Request 5
1134
(4, 2, 2)
1
(78, 0)
--> Day : 1
-> Request 0
202
(4, 1, 1)
2
(62, 30)
-> Request 1
218
(3, 3, 1)
1
(22, 1)
-> Request 2
329
(4, 1, 1)
1
(49, 40)
-> Request 3
329
(1, 1, 1)
1
(60, 44)
-> Request 4
757
(4, 1, 2)
1
(63, 71)
-> Request 5
949
(2, 2, 2)
2
(55, 39)
-> Request 6
1362
(1, 1, 1)
3
(12, 23)
-> Request 7
1418
(1, 3, 2)
3
(74, 28)
--> Day : 2
-> Request 0
254
(4, 1, 2)
2
(10, 19)
-> Request 1
277
(4, 2, 1)
2
(57, 65)
-> Request 2
343
(2, 3, 1)
1
(58, 34)
-> Request 3
535
(4, 1, 2)
1
(56, 32)
-> Request 4
584
(4, 2, 2)
3
(51, 5)
-> Request 5
690
(3, 2, 1)
2
(4, 33)
-> Request 6
700
(3, 3, 1)
1
(16, 51)
-> Request 7
919
(1, 2, 1)
2
(53, 76)
-> Request 8
1088
(1, 1, 2)
3
(54, 29)
--> Day : 3
-> Request 0
24
(2, 3, 2)
3
(33, 15)
-> Request 1
135
(3, 1, 1)
1
(48, 45)
-> Request 2
220
(2, 2, 1)
2
(46, 3)
-> Request 3
261
(3, 2, 1)
1
(57, 78)
-> Request 4
290
(1, 1, 2)
3
(50, 38)
-> Request 5
487
(4, 1, 2)
1
(44, 39)
-> Request 6
500
(2, 2, 2)
3
(29, 1)
-> Request 7
1009
(1, 2, 1)
3
(44, 45)
-> Request 8
1023
(4, 2, 1)
3
(8, 71)
-> Request 9
1101
(4, 1, 2)
3
(32, 3)
-> Request 10
1179
(1, 2, 1)
3
(57, 69)
-> Request 11
1207
(1, 3, 1)
3
(10, 56)
--> Day : 4
-> Request 0
210
(1, 3, 1)
1
(73, 12)
-> Request 1
364
(1, 3, 2)
1
(3, 11)
-> Request 2
443
(1, 1, 1)
3
(54, 3)
-> Request 3
948
(4, 2, 2)
2
(63, 53)
-> Request 4
1135
(1, 2, 2)
3
(11, 72)
-> Request 5
1152
(2, 3, 1)
1
(43, 43)
-> Request 6
1329
(4, 2, 1)
2
(61, 44)
-> Request 7
1350
(1, 3, 2)
1
(54, 65)
---> Week : 59
--> Day : 0
-> Request 0
198
(1, 2, 1)
3
(11, 23)
-> Request 1
213
(2, 3, 1)
2
(33, 3)
-> Request 2
664
(3, 3, 2)
2
(13, 57)
-> Request 3
888
(1, 2, 2)
3
(57, 78)
-> Request 4
988
(1, 2, 1)
1
(21, 22)
-> Request 5
1101
(4, 3, 1)
1
(44, 6)
-> Request 6
1104
(3, 1, 2)
2
(52, 43)
-> Request 7
1400
(4, 3, 2)
3
(52, 71)
--> Day : 1
-> Request 0
294
(2, 2, 2)
3
(2, 70)
-> Request 1
378
(4, 2, 2)
2
(6, 6)
-> Request 2
567
(2, 2, 1)
3
(46, 40)
-> Request 3
761
(4, 2, 2)
3
(62, 76)
-> Request 4
881
(1, 1, 1)
2
(63, 67)
-> Request 5
1030
(4, 2, 2)
1
(63, 25)
-> Request 6
1242
(1, 1, 2)
3
(18, 37)
-> Request 7
1246
(3, 3, 1)
2
(72, 55)
--> Day : 2
-> Request 0
193
(2, 3, 1)
1
(58, 53)
-> Request 1
250
(2, 1, 2)
1
(66, 71)
-> Request 2
341
(2, 2, 2)
3
(71, 70)
-> Request 3
481
(3, 3, 1)
2
(58, 46)
-> Request 4
554
(1, 2, 1)
2
(60, 73)
-> Request 5
610
(3, 2, 2)
1
(34, 9)
-> Request 6
801
(1, 3, 1)
3
(9, 24)
-> Request 7
1062
(4, 2, 2)
3
(24, 50)
-> Request 8
1142
(2, 3, 1)
3
(65, 76)
--> Day : 3
-> Request 0
41
(1, 2, 1)
2
(63, 76)
-> Request 1
113
(2, 3, 2)
2
(56, 66)
-> Request 2
114
(2, 1, 1)
3
(66, 24)
-> Request 3
259
(4, 2, 1)
1
(58, 55)
-> Request 4
499
(3, 1, 2)
1
(48, 3)
-> Request 5
891
(2, 3, 2)
1
(19, 0)
-> Request 6
960
(1, 1, 1)
3
(12, 48)
-> Request 7
1128
(1, 2, 2)
2
(65, 65)
-> Request 8
1194
(2, 1, 1)
3
(43, 45)
-> Request 9
1388
(1, 1, 1)
2
(66, 73)
--> Day : 4
-> Request 0
84
(4, 1, 1)
1
(70, 61)
-> Request 1
86
(3, 1, 1)
2
(54, 71)
-> Request 2
112
(3, 1, 2)
3
(65, 50)
-> Request 3
245
(4, 1, 2)
1
(60, 67)
-> Request 4
354
(4, 1, 1)
3
(46, 28)
-> Request 5
395
(3, 2, 2)
1
(40, 2)
-> Request 6
942
(1, 1, 2)
1
(64, 66)
-> Request 7
1140
(2, 2, 1)
1
(12, 25)
-> Request 8
1169
(4, 1, 1)
2
(2, 9)
---> Week : 60
--> Day : 0
-> Request 0
59
(4, 2, 1)
1
(30, 32)
-> Request 1
72
(3, 3, 2)
1
(14, 47)
-> Request 2
589
(3, 3, 1)
2
(54, 64)
-> Request 3
780
(1, 1, 2)
3
(51, 33)
-> Request 4
1157
(3, 3, 1)
1
(44, 56)
--> Day : 1
-> Request 0
589
(2, 2, 1)
2
(14, 28)
-> Request 1
728
(3, 2, 1)
2
(64, 67)
-> Request 2
832
(2, 3, 2)
3
(22, 4)
-> Request 3
1115
(1, 1, 2)
3
(61, 34)
-> Request 4
1151
(4, 3, 2)
3
(59, 29)
-> Request 5
1262
(2, 3, 1)
1
(26, 38)
-> Request 6
1263
(2, 2, 1)
1
(29, 29)
-> Request 7
1288
(2, 2, 1)
2
(14, 43)
--> Day : 2
-> Request 0
30
(4, 3, 1)
3
(53, 33)
-> Request 1
85
(2, 1, 2)
1
(7, 47)
-> Request 2
121
(1, 2, 1)
2
(56, 34)
-> Request 3
240
(4, 3, 1)
3
(6, 65)
-> Request 4
263
(2, 3, 1)
1
(54, 44)
-> Request 5
323
(3, 3, 1)
3
(60, 27)
-> Request 6
419
(2, 2, 2)
3
(28, 34)
-> Request 7
419
(1, 2, 2)
2
(19, 62)
-> Request 8
559
(3, 3, 1)
3
(62, 77)
-> Request 9
574
(3, 2, 1)
3
(53, 44)
-> Request 10
653
(1, 3, 1)
3
(63, 78)
-> Request 11
720
(4, 2, 1)
3
(0, 71)
-> Request 12
998
(4, 3, 2)
1
(52, 45)
-> Request 13
1217
(4, 1, 1)
2
(47, 34)
-> Request 14
1410
(2, 3, 1)
3
(42, 69)
--> Day : 3
-> Request 0
18
(3, 2, 1)
1
(72, 75)
-> Request 1
203
(1, 2, 1)
3
(65, 32)
-> Request 2
774
(1, 2, 1)
3
(64, 73)
-> Request 3
907
(1, 3, 1)
1
(43, 0)
-> Request 4
1096
(3, 3, 1)
3
(10, 25)
-> Request 5
1172
(3, 1, 1)
3
(45, 41)
--> Day : 4
-> Request 0
221
(1, 1, 1)
1
(3, 30)
-> Request 1
341
(1, 1, 1)
2
(61, 63)
-> Request 2
836
(1, 3, 2)
1
(72, 11)
-> Request 3
844
(4, 1, 2)
3
(53, 33)
-> Request 4
989
(3, 1, 2)
3
(60, 38)
-> Request 5
1041
(1, 2, 1)
2
(73, 50)
-> Request 6
1045
(2, 3, 2)
1
(20, 63)
-> Request 7
1212
(4, 1, 1)
1
(30, 50)
---> Week : 61
--> Day : 0
-> Request 0
84
(4, 2, 1)
1
(6, 30)
-> Request 1
183
(2, 1, 2)
1
(59, 33)
-> Request 2
269
(3, 3, 2)
1
(13, 27)
-> Request 3
378
(3, 1, 1)
2
(66, 67)
-> Request 4
579
(4, 2, 1)
2
(45, 57)
-> Request 5
761
(1, 2, 1)
2
(62, 33)
-> Request 6
938
(2, 1, 2)
3
(43, 75)
-> Request 7
963
(1, 3, 2)
1
(64, 72)
-> Request 8
1183
(2, 1, 1)
2
(62, 67)
-> Request 9
1370
(3, 1, 1)
2
(77, 14)
-> Request 10
1394
(1, 1, 1)
3
(31, 31)
-> Request 11
1432
(1, 3, 1)
3
(66, 60)
--> Day : 1
-> Request 0
20
(2, 2, 2)
2
(14, 25)
-> Request 1
65
(4, 1, 1)
1
(17, 21)
-> Request 2
80
(3, 1, 2)
2
(14, 26)
-> Request 3
313
(1, 1, 1)
3
(50, 45)
-> Request 4
625
(3, 1, 1)
3
(58, 45)
-> Request 5
772
(3, 3, 1)
3
(47, 48)
-> Request 6
982
(4, 3, 1)
1
(56, 34)
-> Request 7
1004
(3, 3, 2)
2
(53, 71)
-> Request 8
1274
(2, 1, 2)
1
(53, 72)
-> Request 9
1395
(2, 2, 2)
2
(16, 69)
--> Day : 2
-> Request 0
153
(3, 3, 1)
3
(69, 36)
-> Request 1
313
(1, 2, 1)
1
(49, 43)
-> Request 2
595
(2, 2, 1)
2
(12, 25)
-> Request 3
774
(3, 3, 1)
3
(47, 68)
-> Request 4
834
(3, 1, 1)
2
(55, 28)
-> Request 5
935
(1, 3, 1)
1
(46, 44)
-> Request 6
1250
(1, 2, 2)
2
(24, 64)
-> Request 7
1255
(1, 1, 2)
1
(11, 43)
-> Request 8
1268
(4, 2, 2)
1
(21, 72)
--> Day : 3
-> Request 0
169
(2, 3, 1)
3
(65, 77)
-> Request 1
179
(4, 1, 1)
2
(26, 20)
-> Request 2
234
(4, 3, 1)
2
(61, 30)
-> Request 3
255
(4, 3, 2)
1
(4, 45)
-> Request 4
481
(1, 2, 1)
3
(15, 18)
-> Request 5
585
(1, 3, 1)
1
(12, 33)
-> Request 6
639
(2, 2, 2)
3
(55, 46)
-> Request 7
813
(3, 2, 1)
2
(49, 36)
-> Request 8
853
(3, 1, 2)
1
(57, 76)
-> Request 9
1018
(1, 2, 1)
1
(51, 34)
-> Request 10
1105
(3, 3, 1)
2
(64, 69)
-> Request 11
1330
(2, 3, 2)
2
(46, 37)
--> Day : 4
-> Request 0
193
(1, 3, 1)
2
(52, 72)
-> Request 1
297
(1, 2, 2)
2
(64, 77)
-> Request 2
548
(2, 2, 1)
1
(3, 63)
-> Request 3
639
(3, 2, 2)
2
(47, 30)
-> Request 4
744
(3, 1, 1)
2
(56, 34)
-> Request 5
922
(3, 3, 1)
1
(43, 59)
-> Request 6
1072
(3, 1, 2)
1
(68, 27)
---> Week : 62
--> Day : 0
-> Request 0
44
(1, 3, 1)
1
(65, 55)
-> Request 1
247
(4, 1, 1)
1
(9, 75)
-> Request 2
313
(3, 1, 1)
3
(25, 42)
-> Request 3
441
(3, 3, 1)
2
(16, 12)
-> Request 4
555
(4, 2, 1)
3
(12, 25)
-> Request 5
571
(3, 2, 1)
1
(77, 15)
-> Request 6
763
(2, 3, 2)
1
(12, 46)
-> Request 7
820
(2, 1, 1)
1
(30, 8)
-> Request 8
826
(2, 2, 1)
1
(75, 51)
-> Request 9
912
(1, 3, 1)
3
(60, 70)
-> Request 10
1073
(1, 3, 1)
1
(49, 36)
-> Request 11
1285
(2, 3, 1)
1
(52, 76)
--> Day : 1
-> Request 0
55
(4, 3, 2)
3
(49, 30)
-> Request 1
71
(3, 2, 2)
3
(64, 74)
-> Request 2
82
(4, 1, 1)
3
(57, 42)
-> Request 3
580
(3, 1, 1)
3
(55, 45)
-> Request 4
641
(2, 3, 2)
1
(63, 71)
-> Request 5
649
(1, 1, 1)
3
(46, 32)
-> Request 6
653
(1, 2, 2)
1
(62, 42)
-> Request 7
786
(3, 3, 1)
3
(52, 74)
-> Request 8
825
(2, 2, 1)
3
(61, 65)
-> Request 9
943
(2, 2, 1)
2
(55, 73)
-> Request 10
1333
(1, 3, 2)
1
(60, 40)
-> Request 11
1368
(2, 1, 2)
1
(54, 67)
-> Request 12
1385
(3, 1, 1)
2
(33, 3)
--> Day : 2
-> Request 0
563
(4, 3, 1)
3
(61, 75)
-> Request 1
623
(4, 3, 1)
2
(55, 37)
-> Request 2
794
(3, 1, 1)
2
(46, 34)
-> Request 3
921
(3, 2, 1)
2
(44, 37)
-> Request 4
1064
(1, 2, 1)
2
(58, 75)
-> Request 5
1339
(3, 1, 2)
3
(8, 33)
-> Request 6
1403
(4, 2, 2)
2
(20, 60)
-> Request 7
1415
(2, 3, 1)
3
(0, 46)
--> Day : 3
-> Request 0
8
(3, 2, 1)
1
(5, 56)
-> Request 1
35
(4, 1, 1)
2
(9, 27)
-> Request 2
176
(2, 1, 1)
1
(65, 62)
-> Request 3
536
(4, 1, 2)
1
(64, 64)
-> Request 4
732
(1, 2, 2)
1
(62, 72)
-> Request 5
775
(1, 3, 1)
2
(48, 37)
-> Request 6
987
(1, 1, 2)
1
(55, 34)
-> Request 7
1006
(3, 1, 2)
2
(49, 30)
-> Request 8
1009
(1, 2, 2)
2
(45, 31)
-> Request 9
1080
(4, 1, 2)
3
(52, 76)
-> Request 10
1209
(1, 3, 1)
2
(55, 71)
-> Request 11
1273
(1, 2, 2)
2
(47, 44)
-> Request 12
1359
(4, 1, 2)
1
(75, 65)
--> Day : 4
-> Request 0
151
(2, 2, 2)
3
(44, 38)
-> Request 1
187
(1, 1, 1)
1
(17, 7)
-> Request 2
311
(1, 3, 1)
1
(17, 48)
-> Request 3
383
(2, 2, 1)
2
(52, 73)
-> Request 4
527
(2, 2, 1)
2
(44, 26)
-> Request 5
620
(4, 2, 2)
1
(59, 72)
-> Request 6
787
(1, 3, 1)
3
(44, 39)
-> Request 7
880
(1, 2, 2)
2
(20, 71)
-> Request 8
1066
(4, 2, 2)
2
(49, 28)
-> Request 9
1349
(3, 1, 2)
1
(30, 19)
---> Week : 63
--> Day : 0
-> Request 0
45
(1, 3, 1)
3
(9, 22)
-> Request 1
97
(1, 1, 2)
2
(66, 66)
-> Request 2
153
(3, 3, 2)
2
(46, 4)
-> Request 3
383
(2, 2, 2)
2
(50, 4)
-> Request 4
663
(2, 1, 1)
2
(57, 39)
-> Request 5
825
(2, 3, 1)
3
(45, 35)
--> Day : 1
-> Request 0
74
(1, 3, 2)
1
(58, 42)
-> Request 1
185
(1, 2, 1)
2
(13, 6)
-> Request 2
425
(1, 1, 2)
3
(60, 73)
-> Request 3
483
(1, 3, 1)
3
(50, 52)
-> Request 4
562
(1, 3, 2)
2
(5, 11)
-> Request 5
1136
(1, 1, 2)
1
(64, 66)
-> Request 6
1264
(4, 2, 2)
3
(16, 24)
-> Request 7
1285
(1, 1, 2)
3
(49, 34)
-> Request 8
1377
(2, 2, 2)
3
(46, 39)
--> Day : 2
-> Request 0
128
(3, 1, 2)
3
(15, 26)
-> Request 1
213
(4, 1, 2)
3
(57, 36)
-> Request 2
521
(3, 3, 1)
2
(45, 27)
-> Request 3
532
(4, 3, 1)
3
(56, 35)
-> Request 4
646
(3, 2, 1)
1
(48, 78)
-> Request 5
759
(1, 2, 2)
1
(58, 38)
-> Request 6
800
(2, 1, 1)
2
(24, 53)
-> Request 7
875
(2, 2, 1)
1
(47, 7)
-> Request 8
979
(4, 2, 1)
1
(47, 34)
-> Request 9
1355
(2, 1, 1)
1
(62, 68)
--> Day : 3
-> Request 0
238
(3, 2, 2)
1
(13, 29)
-> Request 1
247
(3, 2, 2)
2
(52, 41)
-> Request 2
878
(1, 1, 2)
2
(9, 64)
-> Request 3
992
(1, 3, 1)
3
(54, 37)
-> Request 4
1019
(4, 2, 1)
1
(58, 37)
-> Request 5
1040
(3, 2, 1)
2
(31, 70)
-> Request 6
1077
(3, 2, 1)
1
(48, 46)
-> Request 7
1160
(4, 1, 1)
3
(24, 57)
-> Request 8
1233
(2, 1, 2)
3
(52, 45)
--> Day : 4
-> Request 0
413
(1, 3, 2)
2
(44, 29)
-> Request 1
1059
(1, 3, 2)
2
(17, 15)
-> Request 2
1118
(3, 1, 2)
3
(59, 46)
-> Request 3
1227
(1, 3, 2)
2
(63, 72)
-> Request 4
1232
(2, 2, 2)
3
(57, 13)
-> Request 5
1341
(3, 3, 2)
2
(51, 33)
-> Request 6
1347
(1, 1, 2)
3
(55, 74)
-> Request 7
1380
(2, 2, 1)
2
(51, 27)
---> Week : 64
--> Day : 0
-> Request 0
26
(4, 3, 1)
3
(66, 74)
-> Request 1
235
(1, 1, 1)
1
(52, 33)
-> Request 2
280
(1, 3, 1)
3
(79, 22)
-> Request 3
433
(3, 1, 2)
3
(10, 0)
-> Request 4
811
(1, 1, 2)
2
(67, 55)
-> Request 5
918
(4, 3, 1)
2
(53, 67)
-> Request 6
949
(1, 2, 1)
3
(48, 30)
-> Request 7
1281
(1, 1, 1)
1
(9, 27)
-> Request 8
1360
(1, 2, 2)
2
(47, 30)
--> Day : 1
-> Request 0
74
(4, 3, 1)
2
(47, 32)
-> Request 1
82
(3, 3, 1)
1
(65, 67)
-> Request 2
263
(1, 3, 1)
2
(35, 53)
-> Request 3
319
(3, 2, 1)
3
(53, 38)
-> Request 4
669
(3, 3, 1)
1
(79, 23)
-> Request 5
671
(3, 3, 2)
3
(23, 13)
-> Request 6
1071
(1, 2, 1)
2
(70, 27)
-> Request 7
1228
(3, 2, 1)
3
(65, 17)
-> Request 8
1252
(4, 1, 1)
2
(49, 36)
--> Day : 2
-> Request 0
20
(4, 1, 2)
3
(76, 9)
-> Request 1
35
(2, 2, 1)
2
(60, 58)
-> Request 2
101
(3, 1, 1)
3
(59, 35)
-> Request 3
241
(3, 2, 1)
1
(59, 32)
-> Request 4
474
(4, 3, 2)
2
(15, 17)
-> Request 5
706
(4, 1, 1)
2
(59, 71)
-> Request 6
1204
(4, 2, 2)
2
(19, 14)
-> Request 7
1219
(4, 3, 1)
3
(55, 35)
--> Day : 3
-> Request 0
111
(4, 2, 1)
2
(32, 24)
-> Request 1
172
(2, 2, 1)
1
(55, 30)
-> Request 2
206
(3, 1, 1)
1
(45, 49)
-> Request 3
380
(3, 2, 2)
1
(8, 20)
-> Request 4
397
(1, 2, 2)
3
(1, 21)
-> Request 5
425
(4, 1, 2)
1
(12, 25)
-> Request 6
494
(4, 1, 2)
1
(18, 73)
-> Request 7
509
(1, 3, 1)
3
(46, 46)
-> Request 8
717
(1, 3, 1)
1
(39, 29)
-> Request 9
789
(2, 2, 2)
3
(43, 36)
-> Request 10
1055
(1, 2, 1)
3
(60, 76)
-> Request 11
1107
(3, 3, 1)
2
(54, 72)
-> Request 12
1365
(4, 1, 2)
1
(23, 64)
--> Day : 4
-> Request 0
95
(3, 2, 2)
1
(57, 29)
-> Request 1
107
(1, 3, 2)
2
(55, 36)
-> Request 2
185
(1, 3, 1)
1
(13, 26)
-> Request 3
261
(2, 3, 2)
1
(64, 64)
-> Request 4
679
(3, 2, 1)
3
(9, 22)
-> Request 5
696
(2, 1, 2)
3
(9, 23)
-> Request 6
808
(1, 1, 1)
3
(65, 72)
-> Request 7
957
(4, 3, 2)
1
(13, 0)
-> Request 8
966
(2, 3, 2)
1
(52, 43)
-> Request 9
1166
(3, 1, 1)
1
(16, 25)
-> Request 10
1181
(2, 2, 1)
1
(32, 42)
-> Request 11
1293
(4, 3, 1)
1
(48, 30)
-> Request 12
1359
(3, 3, 1)
1
(24, 46)
---> Week : 65
--> Day : 0
-> Request 0
221
(2, 2, 2)
2
(57, 32)
-> Request 1
368
(3, 3, 1)
2
(60, 64)
-> Request 2
395
(2, 3, 2)
3
(64, 72)
-> Request 3
778
(3, 3, 2)
1
(46, 27)
-> Request 4
821
(2, 1, 1)
1
(50, 30)
-> Request 5
1367
(1, 2, 2)
2
(52, 46)
-> Request 6
1427
(4, 3, 1)
1
(77, 66)
--> Day : 1
-> Request 0
292
(3, 2, 2)
1
(7, 61)
-> Request 1
434
(3, 2, 1)
2
(73, 23)
-> Request 2
534
(3, 3, 2)
2
(62, 39)
-> Request 3
574
(4, 1, 1)
1
(55, 11)
-> Request 4
575
(3, 3, 1)
1
(26, 60)
-> Request 5
691
(2, 1, 2)
3
(55, 56)
-> Request 6
811
(2, 3, 2)
3
(53, 68)
-> Request 7
901
(1, 3, 2)
3
(55, 17)
-> Request 8
1024
(3, 2, 1)
1
(61, 28)
-> Request 9
1236
(3, 3, 1)
3
(59, 74)
-> Request 10
1243
(1, 1, 2)
3
(75, 22)
-> Request 11
1437
(1, 1, 2)
3
(46, 75)
--> Day : 2
-> Request 0
37
(4, 2, 1)
1
(58, 75)
-> Request 1
129
(1, 3, 2)
1
(8, 27)
-> Request 2
145
(4, 1, 1)
1
(16, 49)
-> Request 3
156
(1, 2, 1)
1
(55, 38)
-> Request 4
234
(1, 3, 1)
1
(21, 60)
-> Request 5
411
(2, 2, 1)
1
(57, 79)
-> Request 6
671
(4, 2, 1)
1
(57, 1)
-> Request 7
829
(1, 3, 1)
1
(47, 45)
-> Request 8
1085
(2, 3, 1)
2
(57, 66)
--> Day : 3
-> Request 0
391
(1, 3, 2)
2
(18, 8)
-> Request 1
495
(3, 1, 2)
2
(29, 73)
-> Request 2
973
(1, 1, 2)
1
(10, 27)
-> Request 3
993
(1, 2, 1)
2
(55, 71)
-> Request 4
1324
(3, 1, 2)
2
(12, 22)
-> Request 5
1405
(4, 2, 2)
3
(16, 2)
--> Day : 4
-> Request 0
111
(4, 3, 1)
2
(26, 70)
-> Request 1
202
(1, 3, 2)
2
(62, 34)
-> Request 2
286
(1, 2, 1)
2
(53, 69)
-> Request 3
435
(1, 1, 2)
3
(62, 70)
-> Request 4
549
(2, 1, 1)
3
(50, 27)
-> Request 5
815
(2, 3, 2)
1
(45, 39)
-> Request 6
972
(4, 1, 1)
3
(20, 25)
-> Request 7
1005
(4, 3, 1)
3
(43, 30)
-> Request 8
1119
(3, 2, 2)
1
(12, 25)
-> Request 9
1302
(4, 2, 1)
1
(28, 16)
---> Week : 66
--> Day : 0
-> Request 0
515
(1, 3, 1)
2
(19, 42)
-> Request 1
593
(2, 1, 2)
1
(57, 73)
-> Request 2
1141
(4, 2, 2)
3
(56, 46)
-> Request 3
1184
(2, 2, 2)
1
(60, 42)
-> Request 4
1215
(1, 1, 1)
3
(12, 21)
-> Request 5
1220
(3, 2, 1)
1
(64, 67)
-> Request 6
1354
(3, 1, 2)
1
(48, 34)
-> Request 7
1418
(3, 2, 1)
2
(60, 68)
--> Day : 1
-> Request 0
75
(2, 2, 1)
3
(44, 32)
-> Request 1
310
(2, 1, 2)
1
(62, 40)
-> Request 2
485
(1, 3, 1)
3
(1, 1)
-> Request 3
740
(4, 1, 2)
3
(8, 11)
-> Request 4
833
(3, 3, 2)
1
(28, 8)
-> Request 5
888
(2, 2, 1)
1
(64, 23)
-> Request 6
897
(1, 1, 2)
2
(56, 68)
-> Request 7
1355
(3, 1, 1)
2
(60, 76)
--> Day : 2
-> Request 0
75
(2, 1, 2)
1
(72, 68)
-> Request 1
181
(3, 2, 1)
1
(61, 76)
-> Request 2
239
(3, 3, 2)
1
(12, 26)
-> Request 3
326
(2, 1, 1)
3
(59, 35)
-> Request 4
434
(4, 3, 2)
2
(58, 64)
-> Request 5
574
(4, 1, 1)
2
(66, 69)
-> Request 6
962
(1, 3, 1)
3
(65, 60)
-> Request 7
1133
(2, 1, 1)
3
(12, 11)
--> Day : 3
-> Request 0
7
(2, 2, 2)
2
(17, 24)
-> Request 1
178
(2, 2, 1)
1
(66, 24)
-> Request 2
181
(3, 3, 2)
2
(45, 43)
-> Request 3
289
(3, 2, 2)
1
(28, 12)
-> Request 4
375
(3, 3, 2)
2
(45, 35)
-> Request 5
591
(4, 2, 2)
2
(58, 68)
-> Request 6
633
(2, 2, 2)
3
(44, 52)
-> Request 7
653
(2, 3, 1)
1
(59, 38)
-> Request 8
705
(4, 3, 1)
1
(52, 64)
-> Request 9
733
(4, 1, 1)
3
(44, 42)
-> Request 10
892
(3, 2, 1)
1
(44, 34)
-> Request 11
993
(4, 2, 2)
2
(43, 79)
-> Request 12
1012
(3, 1, 1)
3
(56, 19)
-> Request 13
1036
(3, 1, 1)
2
(14, 28)
-> Request 14
1121
(4, 2, 1)
3
(60, 69)
-> Request 15
1136
(1, 1, 2)
1
(46, 61)
--> Day : 4
-> Request 0
403
(3, 2, 2)
2
(9, 70)
-> Request 1
404
(4, 3, 2)
1
(46, 34)
-> Request 2
439
(1, 1, 2)
3
(61, 78)
-> Request 3
532
(1, 3, 2)
3
(47, 37)
-> Request 4
690
(1, 1, 2)
2
(45, 45)
-> Request 5
711
(4, 2, 2)
3
(54, 72)
-> Request 6
759
(3, 1, 1)
1
(11, 24)
-> Request 7
801
(4, 3, 2)
3
(46, 33)
-> Request 8
980
(2, 3, 1)
1
(44, 36)
-> Request 9
1002
(3, 1, 1)
1
(42, 63)
-> Request 10
1195
(3, 3, 1)
3
(42, 21)
---> Week : 67
--> Day : 0
-> Request 0
101
(1, 1, 2)
3
(45, 33)
-> Request 1
279
(4, 1, 2)
2
(15, 24)
-> Request 2
308
(2, 3, 2)
3
(54, 68)
-> Request 3
343
(2, 3, 1)
3
(50, 32)
-> Request 4
458
(2, 2, 1)
2
(72, 12)
-> Request 5
621
(3, 3, 2)
2
(61, 39)
-> Request 6
765
(3, 3, 1)
1
(58, 28)
-> Request 7
997
(4, 2, 1)
3
(31, 2)
-> Request 8
1204
(3, 3, 1)
2
(55, 64)
-> Request 9
1213
(1, 1, 2)
2
(57, 65)
-> Request 10
1218
(1, 2, 1)
3
(28, 21)
-> Request 11
1325
(3, 3, 1)
2
(8, 57)
-> Request 12
1325
(2, 1, 1)
2
(54, 55)
--> Day : 1
-> Request 0
29
(3, 1, 1)
1
(44, 58)
-> Request 1
472
(3, 1, 1)
2
(45, 42)
-> Request 2
487
(3, 2, 2)
2
(54, 75)
-> Request 3
542
(4, 1, 2)
2
(45, 42)
-> Request 4
698
(3, 1, 2)
2
(53, 3)
-> Request 5
723
(3, 3, 1)
1
(43, 28)
-> Request 6
732
(1, 3, 2)
3
(58, 29)
-> Request 7
841
(3, 2, 2)
2
(16, 33)
-> Request 8
1175
(4, 3, 2)
1
(47, 32)
-> Request 9
1212
(3, 2, 2)
2
(6, 20)
-> Request 10
1215
(4, 2, 2)
3
(47, 28)
-> Request 11
1248
(3, 3, 2)
2
(7, 43)
-> Request 12
1355
(2, 2, 2)
1
(59, 28)
-> Request 13
1381
(4, 3, 1)
2
(64, 79)
-> Request 14
1385
(4, 1, 2)
1
(45, 43)
--> Day : 2
-> Request 0
263
(4, 3, 1)
1
(60, 77)
-> Request 1
298
(3, 2, 1)
3
(43, 40)
-> Request 2
301
(1, 1, 2)
2
(65, 24)
-> Request 3
390
(1, 2, 2)
3
(29, 18)
-> Request 4
421
(4, 1, 1)
3
(54, 28)
-> Request 5
471
(2, 1, 2)
2
(45, 76)
-> Request 6
676
(3, 2, 2)
1
(15, 22)
-> Request 7
791
(2, 3, 1)
3
(12, 20)
-> Request 8
870
(2, 3, 2)
2
(53, 27)
-> Request 9
876
(2, 2, 2)
2
(30, 69)
-> Request 10
1035
(1, 3, 1)
1
(60, 77)
-> Request 11
1046
(2, 3, 2)
2
(78, 29)
-> Request 12
1084
(3, 3, 1)
1
(66, 67)
-> Request 13
1259
(1, 1, 2)
1
(39, 22)
-> Request 14
1368
(1, 3, 1)
1
(55, 10)
-> Request 15
1399
(1, 2, 2)
1
(22, 6)
--> Day : 3
-> Request 0
399
(2, 2, 1)
2
(64, 70)
-> Request 1
453
(4, 1, 1)
3
(44, 44)
-> Request 2
1216
(3, 2, 1)
2
(67, 55)
--> Day : 4
-> Request 0
63
(4, 1, 2)
1
(43, 53)
-> Request 1
130
(3, 3, 1)
2
(50, 28)
-> Request 2
441
(1, 2, 2)
1
(49, 61)
-> Request 3
656
(3, 3, 2)
3
(57, 72)
-> Request 4
944
(3, 3, 1)
2
(40, 69)
-> Request 5
993
(3, 1, 1)
2
(59, 43)
-> Request 6
1121
(1, 2, 1)
3
(56, 10)
-> Request 7
1233
(1, 2, 2)
3
(14, 25)
-> Request 8
1256
(4, 3, 2)
1
(3, 11)
---> Week : 68
--> Day : 0
-> Request 0
57
(4, 2, 1)
3
(74, 79)
-> Request 1
61
(1, 1, 1)
1
(56, 54)
-> Request 2
270
(2, 1, 1)
1
(56, 15)
-> Request 3
296
(2, 3, 2)
3
(30, 35)
-> Request 4
713
(3, 3, 2)
3
(59, 33)
-> Request 5
772
(2, 3, 2)
2
(49, 29)
-> Request 6
1127
(2, 2, 2)
1
(65, 1)
-> Request 7
1300
(1, 2, 2)
1
(33, 9)
-> Request 8
1328
(1, 3, 2)
1
(31, 63)
--> Day : 1
-> Request 0
213
(2, 1, 1)
2
(24, 38)
-> Request 1
331
(4, 2, 2)
3
(48, 45)
-> Request 2
421
(1, 2, 2)
3
(73, 30)
-> Request 3
486
(4, 1, 1)
2
(11, 41)
-> Request 4
532
(4, 3, 2)
1
(20, 1)
--> Day : 2
-> Request 0
204
(1, 3, 1)
2
(9, 27)
-> Request 1
331
(4, 3, 1)
1
(59, 47)
-> Request 2
398
(3, 1, 2)
2
(11, 21)
-> Request 3
423
(2, 1, 1)
3
(60, 69)
-> Request 4
454
(2, 2, 2)
1
(28, 50)
-> Request 5
483
(2, 1, 2)
3
(25, 71)
-> Request 6
510
(1, 1, 1)
2
(8, 77)
-> Request 7
751
(4, 2, 2)
2
(13, 28)
-> Request 8
824
(2, 1, 1)
2
(56, 44)
-> Request 9
824
(3, 1, 1)
1
(51, 35)
-> Request 10
1026
(2, 1, 2)
3
(15, 28)
-> Request 11
1058
(2, 2, 1)
2
(57, 40)
--> Day : 3
-> Request 0
6
(1, 1, 2)
2
(33, 79)
-> Request 1
310
(3, 1, 2)
2
(51, 45)
-> Request 2
335
(3, 1, 2)
1
(25, 40)
-> Request 3
338
(2, 1, 1)
2
(54, 32)
-> Request 4
444
(4, 2, 2)
3
(52, 56)
-> Request 5
491
(3, 3, 1)
2
(52, 41)
-> Request 6
746
(4, 2, 1)
1
(55, 34)
-> Request 7
767
(1, 3, 2)
2
(24, 36)
-> Request 8
969
(4, 2, 2)
2
(61, 36)
-> Request 9
1037
(3, 3, 2)
3
(48, 30)
-> Request 10
1046
(4, 2, 2)
3
(19, 59)
-> Request 11
1081
(4, 2, 2)
2
(65, 25)
-> Request 12
1276
(2, 1, 2)
1
(55, 75)
-> Request 13
1302
(1, 3, 1)
2
(44, 33)
-> Request 14
1391
(1, 1, 1)
1
(62, 73)
--> Day : 4
-> Request 0
2
(3, 1, 2)
3
(39, 38)
-> Request 1
106
(3, 2, 2)
3
(66, 75)
-> Request 2
219
(2, 1, 1)
1
(70, 62)
-> Request 3
417
(2, 2, 2)
2
(44, 62)
-> Request 4
430
(3, 3, 2)
1
(27, 57)
-> Request 5
478
(4, 3, 1)
1
(59, 42)
-> Request 6
659
(4, 3, 2)
1
(45, 35)
-> Request 7
754
(3, 1, 1)
3
(62, 29)
-> Request 8
836
(2, 3, 1)
3
(1, 17)
-> Request 9
889
(4, 2, 2)
1
(77, 76)
-> Request 10
906
(3, 2, 1)
1
(16, 29)
-> Request 11
994
(4, 2, 1)
2
(43, 33)
-> Request 12
1078
(3, 1, 1)
1
(11, 23)
-> Request 13
1091
(2, 3, 2)
1
(60, 44)
-> Request 14
1224
(4, 1, 2)
3
(43, 30)
-> Request 15
1369
(3, 1, 1)
3
(52, 66)
---> Week : 69
--> Day : 0
-> Request 0
48
(4, 3, 1)
2
(41, 1)
-> Request 1
231
(1, 3, 2)
1
(63, 72)
-> Request 2
485
(1, 1, 2)
2
(50, 36)
-> Request 3
915
(3, 2, 1)
3
(46, 34)
-> Request 4
1021
(2, 1, 2)
2
(62, 36)
-> Request 5
1366
(1, 3, 1)
1
(51, 34)
--> Day : 1
-> Request 0
325
(3, 2, 1)
3
(17, 37)
-> Request 1
820
(4, 2, 2)
1
(14, 60)
-> Request 2
925
(4, 3, 1)
2
(70, 30)
-> Request 3
1080
(4, 2, 1)
3
(50, 28)
-> Request 4
1276
(3, 1, 1)
3
(78, 66)
-> Request 5
1295
(4, 1, 1)
3
(13, 20)
-> Request 6
1405
(1, 3, 1)
2
(58, 76)
--> Day : 2
-> Request 0
153
(4, 3, 2)
3
(13, 29)
-> Request 1
207
(1, 2, 2)
1
(4, 27)
-> Request 2
250
(2, 3, 2)
3
(12, 29)
-> Request 3
330
(1, 1, 1)
2
(30, 60)
-> Request 4
828
(4, 2, 2)
3
(51, 32)
-> Request 5
963
(3, 3, 2)
3
(51, 37)
-> Request 6
995
(2, 1, 2)
1
(37, 74)
-> Request 7
1136
(4, 3, 2)
1
(51, 40)
-> Request 8
1137
(3, 3, 1)
2
(41, 71)
-> Request 9
1141
(1, 2, 2)
3
(72, 79)
--> Day : 3
-> Request 0
376
(4, 2, 1)
1
(52, 43)
-> Request 1
428
(2, 1, 2)
3
(12, 28)
-> Request 2
493
(1, 3, 2)
1
(55, 71)
-> Request 3
556
(1, 2, 1)
1
(19, 60)
-> Request 4
877
(4, 3, 2)
1
(56, 41)
-> Request 5
903
(2, 2, 1)
1
(52, 52)
-> Request 6
926
(1, 2, 2)
1
(29, 52)
-> Request 7
1069
(3, 1, 2)
3
(53, 40)
-> Request 8
1121
(2, 1, 2)
2
(9, 22)
-> Request 9
1398
(4, 3, 1)
3
(66, 74)
--> Day : 4
-> Request 0
101
(3, 2, 2)
1
(2, 20)
-> Request 1
162
(3, 3, 2)
3
(48, 46)
-> Request 2
202
(4, 1, 2)
1
(68, 74)
-> Request 3
221
(4, 3, 2)
1
(41, 6)
-> Request 4
634
(1, 3, 1)
2
(56, 73)
-> Request 5
761
(4, 2, 1)
1
(1, 5)
-> Request 6
951
(4, 3, 2)
2
(61, 36)
-> Request 7
1292
(1, 1, 2)
3
(45, 13)
---> Week : 70
--> Day : 0
-> Request 0
293
(3, 2, 1)
3
(66, 67)
-> Request 1
346
(1, 3, 2)
2
(22, 3)
-> Request 2
393
(4, 1, 2)
1
(47, 55)
-> Request 3
444
(1, 2, 2)
3
(69, 26)
-> Request 4
599
(4, 3, 2)
3
(53, 64)
-> Request 5
1140
(2, 3, 2)
2
(15, 27)
-> Request 6
1218
(1, 3, 1)
2
(55, 59)
-> Request 7
1247
(4, 2, 1)
1
(3, 67)
--> Day : 1
-> Request 0
157
(4, 3, 1)
1
(61, 4)
-> Request 1
228
(1, 2, 1)
2
(20, 60)
-> Request 2
687
(3, 1, 1)
3
(52, 45)
-> Request 3
745
(2, 1, 2)
3
(53, 37)
-> Request 4
1032
(2, 2, 1)
3
(43, 41)
-> Request 5
1117
(1, 3, 2)
3
(35, 62)
-> Request 6
1384
(4, 1, 1)
1
(72, 66)
-> Request 7
1405
(3, 3, 2)
2
(64, 14)
--> Day : 2
-> Request 0
37
(2, 3, 2)
3
(71, 51)
-> Request 1
76
(1, 3, 1)
2
(26, 58)
-> Request 2
111
(2, 1, 1)
3
(56, 31)
-> Request 3
229
(2, 3, 2)
3
(23, 51)
-> Request 4
578
(2, 2, 1)
1
(34, 75)
-> Request 5
603
(1, 1, 1)
1
(34, 57)
-> Request 6
603
(1, 1, 2)
1
(34, 43)
-> Request 7
914
(1, 2, 1)
2
(3, 54)
-> Request 8
1060
(2, 2, 2)
2
(45, 34)
-> Request 9
1061
(4, 2, 1)
1
(48, 40)
-> Request 10
1327
(2, 3, 2)
1
(54, 69)
--> Day : 3
-> Request 0
166
(1, 2, 1)
2
(57, 70)
-> Request 1
262
(2, 3, 1)
2
(73, 33)
-> Request 2
293
(1, 3, 1)
2
(63, 73)
-> Request 3
338
(1, 3, 2)
3
(5, 76)
-> Request 4
559
(3, 2, 1)
2
(65, 49)
-> Request 5
836
(2, 2, 2)
2
(6, 75)
-> Request 6
1083
(3, 3, 2)
3
(0, 76)
-> Request 7
1428
(2, 3, 2)
2
(47, 46)
--> Day : 4
-> Request 0
214
(1, 2, 1)
1
(60, 33)
-> Request 1
437
(4, 1, 1)
1
(10, 20)
-> Request 2
546
(3, 2, 2)
3
(45, 78)
-> Request 3
583
(3, 2, 2)
3
(8, 29)
-> Request 4
836
(4, 2, 1)
2
(54, 29)
-> Request 5
949
(3, 1, 1)
3
(56, 74)
-> Request 6
1057
(4, 1, 1)
1
(48, 43)
-> Request 7
1379
(1, 3, 1)
1
(14, 21)
---> Week : 71
--> Day : 0
-> Request 0
192
(4, 3, 2)
1
(49, 35)
-> Request 1
555
(2, 1, 2)
2
(48, 30)
-> Request 2
648
(2, 2, 2)
2
(15, 68)
-> Request 3
1288
(2, 2, 1)
1
(8, 5)
--> Day : 1
-> Request 0
71
(3, 1, 2)
1
(17, 14)
-> Request 1
88
(1, 2, 2)
1
(66, 70)
-> Request 2
546
(4, 2, 1)
2
(60, 0)
-> Request 3
648
(3, 1, 2)
3
(7, 16)
-> Request 4
693
(4, 3, 1)
1
(54, 42)
-> Request 5
956
(2, 1, 1)
1
(15, 15)
-> Request 6
1068
(1, 2, 1)
2
(2, 51)
-> Request 7
1131
(2, 2, 2)
1
(44, 13)
-> Request 8
1166
(4, 3, 2)
2
(55, 40)
-> Request 9
1339
(1, 1, 1)
2
(57, 36)
-> Request 10
1384
(1, 3, 2)
1
(51, 43)
--> Day : 2
-> Request 0
118
(1, 1, 1)
2
(63, 74)
-> Request 1
377
(4, 2, 1)
1
(53, 77)
-> Request 2
400
(4, 2, 1)
2
(51, 55)
-> Request 3
432
(2, 3, 1)
1
(37, 72)
-> Request 4
438
(1, 2, 1)
3
(14, 18)
-> Request 5
479
(1, 3, 1)
1
(78, 24)
-> Request 6
548
(4, 1, 1)
2
(14, 24)
-> Request 7
873
(4, 3, 2)
1
(51, 71)
-> Request 8
1090
(2, 2, 1)
1
(46, 34)
-> Request 9
1232
(4, 2, 1)
1
(63, 34)
-> Request 10
1343
(1, 1, 1)
3
(17, 20)
-> Request 11
1390
(4, 3, 1)
1
(62, 30)
--> Day : 3
-> Request 0
62
(4, 3, 1)
1
(57, 41)
-> Request 1
128
(3, 1, 2)
3
(55, 30)
-> Request 2
161
(3, 3, 1)
3
(46, 39)
-> Request 3
544
(4, 2, 1)
2
(1, 64)
-> Request 4
1260
(3, 2, 1)
3
(11, 21)
-> Request 5
1327
(2, 3, 1)
3
(54, 76)
-> Request 6
1410
(4, 3, 2)
2
(68, 59)
--> Day : 4
-> Request 0
54
(1, 3, 2)
2
(70, 38)
-> Request 1
187
(2, 1, 2)
2
(38, 19)
-> Request 2
368
(3, 1, 2)
2
(43, 31)
-> Request 3
387
(1, 2, 1)
2
(44, 39)
-> Request 4
486
(3, 2, 1)
2
(57, 5)
-> Request 5
749
(4, 2, 2)
1
(30, 71)
-> Request 6
790
(4, 3, 2)
3
(51, 41)
-> Request 7
826
(1, 1, 1)
2
(48, 34)
---> Week : 72
--> Day : 0
-> Request 0
303
(4, 1, 1)
1
(56, 33)
-> Request 1
395
(3, 1, 2)
2
(10, 26)
-> Request 2
411
(4, 2, 2)
2
(58, 33)
-> Request 3
469
(1, 1, 1)
1
(75, 33)
-> Request 4
488
(2, 1, 1)
3
(77, 2)
-> Request 5
669
(1, 2, 1)
2
(20, 23)
-> Request 6
884
(3, 3, 1)
3
(47, 33)
-> Request 7
894
(1, 3, 2)
3
(27, 45)
-> Request 8
922
(4, 3, 2)
2
(57, 23)
-> Request 9
1051
(3, 1, 2)
1
(65, 9)
-> Request 10
1176
(4, 3, 2)
2
(44, 27)
--> Day : 1
-> Request 0
15
(4, 2, 1)
2
(59, 39)
-> Request 1
126
(2, 2, 1)
2
(64, 11)
-> Request 2
185
(3, 2, 1)
1
(4, 40)
-> Request 3
194
(4, 3, 2)
1
(53, 66)
-> Request 4
801
(3, 3, 2)
3
(62, 71)
-> Request 5
899
(2, 2, 2)
1
(60, 46)
-> Request 6
1019
(4, 2, 1)
3
(9, 22)
-> Request 7
1059
(1, 3, 1)
3
(13, 10)
-> Request 8
1318
(4, 1, 1)
1
(31, 5)
--> Day : 2
-> Request 0
391
(4, 1, 2)
1
(39, 77)
-> Request 1
761
(1, 3, 2)
3
(51, 34)
-> Request 2
767
(4, 1, 1)
2
(65, 71)
-> Request 3
773
(3, 3, 2)
3
(18, 56)
-> Request 4
917
(2, 2, 2)
3
(9, 20)
-> Request 5
1089
(4, 3, 2)
2
(42, 3)
--> Day : 3
-> Request 0
51
(4, 3, 1)
3
(23, 63)
-> Request 1
176
(2, 3, 2)
1
(54, 25)
-> Request 2
544
(2, 2, 2)
1
(54, 32)
-> Request 3
794
(1, 1, 1)
2
(53, 64)
-> Request 4
1100
(3, 3, 1)
1
(57, 34)
-> Request 5
1361
(4, 1, 1)
3
(27, 69)
-> Request 6
1414
(3, 1, 1)
1
(42, 34)
--> Day : 4
-> Request 0
212
(3, 2, 2)
2
(48, 21)
-> Request 1
418
(1, 3, 2)
3
(49, 46)
-> Request 2
858
(2, 2, 2)
3
(33, 25)
-> Request 3
858
(1, 1, 2)
1
(52, 32)
-> Request 4
910
(2, 3, 1)
2
(69, 53)
-> Request 5
910
(1, 3, 2)
2
(5, 30)
-> Request 6
949
(1, 3, 2)
3
(16, 25)
-> Request 7
977
(1, 1, 1)
1
(15, 65)
-> Request 8
1291
(4, 3, 2)
2
(41, 61)
-> Request 9
1367
(4, 3, 1)
3
(15, 23)
---> Week : 73
--> Day : 0
-> Request 0
80
(4, 1, 1)
2
(52, 67)
-> Request 1
382
(2, 3, 1)
3
(53, 41)
-> Request 2
383
(1, 3, 1)
2
(56, 41)
-> Request 3
580
(2, 3, 1)
2
(56, 32)
-> Request 4
640
(4, 3, 1)
1
(13, 28)
-> Request 5
890
(4, 3, 1)
3
(33, 18)
-> Request 6
905
(4, 3, 1)
3
(58, 78)
-> Request 7
1346
(2, 3, 1)
1
(46, 41)
--> Day : 1
-> Request 0
42
(2, 3, 1)
2
(35, 42)
-> Request 1
48
(4, 1, 1)
1
(35, 12)
-> Request 2
109
(3, 1, 2)
3
(17, 25)
-> Request 3
231
(3, 2, 1)
2
(59, 42)
-> Request 4
411
(4, 3, 1)
2
(69, 74)
-> Request 5
617
(4, 1, 1)
3
(33, 73)
-> Request 6
814
(4, 1, 1)
2
(8, 16)
-> Request 7
910
(1, 1, 2)
1
(54, 6)
-> Request 8
1071
(1, 1, 2)
3
(59, 51)
-> Request 9
1182
(3, 2, 2)
2
(23, 15)
-> Request 10
1352
(1, 1, 1)
1
(57, 74)
-> Request 11
1407
(2, 1, 2)
2
(7, 47)
--> Day : 2
-> Request 0
8
(1, 3, 2)
1
(43, 31)
-> Request 1
116
(1, 2, 2)
2
(59, 32)
-> Request 2
178
(2, 1, 2)
3
(0, 52)
-> Request 3
178
(3, 2, 2)
3
(45, 46)
-> Request 4
459
(4, 1, 1)
3
(61, 65)
-> Request 5
553
(4, 3, 2)
1
(73, 29)
-> Request 6
582
(1, 2, 1)
2
(67, 37)
-> Request 7
823
(4, 3, 2)
2
(54, 75)
-> Request 8
941
(1, 1, 2)
2
(52, 78)
-> Request 9
1004
(3, 2, 2)
1
(61, 39)
-> Request 10
1077
(3, 2, 1)
2
(22, 9)
-> Request 11
1264
(1, 3, 1)
2
(55, 72)
-> Request 12
1343
(3, 1, 1)
3
(53, 31)
--> Day : 3
-> Request 0
231
(1, 2, 1)
3
(9, 26)
-> Request 1
231
(4, 2, 2)
2
(60, 34)
-> Request 2
330
(3, 1, 2)
1
(44, 27)
-> Request 3
386
(3, 2, 1)
2
(69, 55)
-> Request 4
441
(2, 2, 2)
2
(29, 0)
-> Request 5
474
(4, 3, 1)
2
(61, 36)
-> Request 6
782
(3, 2, 1)
3
(8, 27)
-> Request 7
863
(2, 3, 2)
3
(52, 73)
-> Request 8
996
(4, 3, 2)
2
(51, 30)
-> Request 9
1127
(1, 1, 2)
2
(50, 76)
-> Request 10
1239
(4, 1, 2)
3
(43, 40)
-> Request 11
1268
(3, 3, 1)
3
(62, 65)
-> Request 12
1361
(3, 2, 2)
1
(58, 29)
--> Day : 4
-> Request 0
44
(4, 2, 2)
3
(32, 35)
-> Request 1
66
(1, 3, 1)
1
(56, 71)
-> Request 2
248
(4, 2, 2)
2
(33, 36)
-> Request 3
395
(1, 1, 2)
1
(77, 45)
-> Request 4
465
(2, 3, 1)
2
(55, 32)
-> Request 5
547
(4, 2, 2)
2
(52, 35)
-> Request 6
697
(1, 1, 2)
3
(17, 24)
-> Request 7
755
(4, 2, 1)
3
(2, 41)
-> Request 8
759
(3, 2, 2)
1
(65, 71)
-> Request 9
763
(4, 3, 2)
3
(40, 77)
-> Request 10
1078
(1, 3, 2)
3
(17, 21)
-> Request 11
1108
(4, 2, 2)
1
(65, 64)
-> Request 12
1163
(3, 2, 2)
3
(12, 22)
-> Request 13
1319
(1, 3, 1)
3
(43, 36)
-> Request 14
1345
(4, 3, 1)
3
(47, 33)
---> Week : 74
--> Day : 0
-> Request 0
259
(3, 1, 1)
1
(23, 46)
-> Request 1
334
(1, 3, 1)
3
(43, 28)
-> Request 2
409
(4, 3, 1)
2
(52, 36)
-> Request 3
415
(1, 3, 2)
1
(16, 30)
-> Request 4
728
(2, 1, 2)
1
(58, 28)
-> Request 5
750
(4, 3, 1)
3
(59, 73)
-> Request 6
1068
(4, 1, 2)
1
(64, 42)
--> Day : 1
-> Request 0
61
(2, 1, 1)
2
(8, 22)
-> Request 1
111
(2, 2, 2)
1
(51, 39)
-> Request 2
211
(2, 2, 1)
1
(23, 42)
-> Request 3
261
(4, 1, 2)
3
(44, 35)
-> Request 4
337
(4, 3, 1)
3
(62, 69)
-> Request 5
385
(4, 3, 1)
3
(53, 39)
-> Request 6
389
(2, 3, 2)
3
(35, 6)
-> Request 7
471
(3, 3, 1)
1
(65, 76)
-> Request 8
621
(2, 2, 2)
1
(53, 11)
-> Request 9
914
(3, 1, 1)
1
(43, 30)
-> Request 10
1005
(3, 3, 2)
2
(54, 37)
-> Request 11
1014
(1, 3, 1)
1
(21, 45)
-> Request 12
1029
(1, 1, 2)
2
(17, 28)
-> Request 13
1117
(3, 3, 2)
3
(38, 0)
-> Request 14
1316
(4, 2, 2)
1
(50, 38)
--> Day : 2
-> Request 0
275
(2, 2, 1)
3
(54, 77)
-> Request 1
476
(1, 3, 1)
1
(18, 27)
-> Request 2
543
(1, 1, 2)
1
(44, 33)
-> Request 3
562
(2, 2, 2)
2
(17, 26)
-> Request 4
713
(4, 3, 1)
2
(65, 44)
-> Request 5
739
(1, 2, 1)
3
(53, 27)
-> Request 6
823
(2, 2, 1)
2
(46, 68)
-> Request 7
935
(3, 1, 2)
3
(37, 43)
-> Request 8
1233
(4, 3, 1)
3
(56, 28)
-> Request 9
1358
(3, 2, 1)
1
(31, 49)
-> Request 10
1427
(4, 3, 2)
1
(60, 73)
--> Day : 3
-> Request 0
402
(1, 2, 2)
2
(1, 7)
-> Request 1
454
(2, 1, 2)
1
(44, 22)
-> Request 2
513
(2, 1, 1)
1
(53, 20)
-> Request 3
789
(3, 1, 2)
1
(78, 20)
-> Request 4
849
(4, 1, 2)
3
(12, 20)
-> Request 5
945
(3, 2, 2)
3
(77, 4)
-> Request 6
970
(4, 3, 2)
3
(45, 34)
-> Request 7
1046
(2, 1, 1)
2
(37, 1)
-> Request 8
1141
(3, 3, 1)
2
(12, 25)
-> Request 9
1221
(4, 3, 2)
3
(16, 24)
-> Request 10
1233
(4, 2, 1)
1
(62, 75)
-> Request 11
1284
(2, 1, 1)
1
(51, 33)
-> Request 12
1284
(4, 3, 1)
1
(63, 71)
-> Request 13
1378
(1, 2, 1)
2
(45, 44)
--> Day : 4
-> Request 0
63
(4, 3, 1)
3
(37, 15)
-> Request 1
188
(4, 3, 1)
2
(45, 45)
-> Request 2
401
(1, 3, 1)
2
(13, 23)
-> Request 3
417
(4, 3, 1)
1
(57, 77)
-> Request 4
566
(1, 3, 1)
1
(54, 27)
-> Request 5
680
(4, 3, 1)
1
(64, 78)
-> Request 6
998
(4, 2, 1)
2
(68, 71)
-> Request 7
1049
(3, 3, 1)
1
(44, 26)
-> Request 8
1379
(4, 3, 2)
3
(61, 45)
---> Week : 75
--> Day : 0
-> Request 0
99
(1, 2, 1)
1
(68, 18)
-> Request 1
177
(4, 1, 1)
3
(15, 21)
-> Request 2
266
(3, 3, 2)
2
(73, 22)
-> Request 3
280
(2, 2, 1)
3
(8, 29)
-> Request 4
441
(1, 1, 1)
3
(13, 61)
-> Request 5
478
(4, 2, 2)
1
(11, 21)
-> Request 6
678
(1, 2, 2)
2
(67, 78)
-> Request 7
783
(4, 3, 2)
3
(63, 28)
-> Request 8
1360
(2, 1, 1)
3
(61, 31)
-> Request 9
1381
(4, 2, 2)
2
(47, 46)
--> Day : 1
-> Request 0
32
(2, 2, 2)
1
(59, 35)
-> Request 1
269
(4, 2, 1)
1
(45, 53)
-> Request 2
409
(4, 2, 1)
1
(53, 74)
-> Request 3
420
(4, 3, 1)
2
(13, 26)
-> Request 4
513
(1, 1, 2)
3
(33, 65)
-> Request 5
584
(1, 3, 2)
2
(8, 14)
-> Request 6
746
(1, 1, 1)
1
(55, 77)
-> Request 7
746
(4, 1, 1)
3
(56, 46)
-> Request 8
829
(1, 2, 1)
3
(29, 66)
-> Request 9
1000
(2, 3, 2)
1
(62, 70)
-> Request 10
1030
(1, 1, 1)
2
(22, 51)
-> Request 11
1179
(4, 3, 1)
1
(64, 1)
-> Request 12
1330
(4, 2, 1)
1
(15, 57)
--> Day : 2
-> Request 0
53
(3, 1, 2)
3
(3, 66)
-> Request 1
57
(4, 3, 2)
2
(57, 51)
-> Request 2
105
(4, 3, 1)
2
(3, 26)
-> Request 3
256
(4, 2, 1)
2
(49, 40)
-> Request 4
319
(1, 1, 2)
2
(37, 16)
-> Request 5
331
(2, 2, 2)
3
(60, 77)
-> Request 6
416
(3, 3, 1)
1
(50, 26)
-> Request 7
653
(3, 2, 2)
1
(71, 60)
-> Request 8
861
(1, 3, 2)
2
(56, 43)
-> Request 9
1141
(1, 2, 1)
1
(10, 25)
-> Request 10
1285
(1, 1, 2)
1
(53, 67)
--> Day : 3
-> Request 0
78
(2, 1, 2)
1
(58, 71)
-> Request 1
128
(3, 1, 1)
2
(58, 75)
-> Request 2
183
(2, 1, 2)
1
(17, 23)
-> Request 3
341
(2, 2, 2)
2
(58, 34)
-> Request 4
355
(2, 2, 2)
1
(69, 67)
-> Request 5
523
(1, 1, 1)
3
(61, 44)
-> Request 6
560
(3, 1, 2)
3
(56, 75)
-> Request 7
744
(4, 2, 2)
2
(49, 17)
-> Request 8
837
(3, 3, 1)
2
(9, 27)
-> Request 9
949
(3, 1, 1)
3
(51, 29)
-> Request 10
1205
(4, 3, 1)
1
(7, 55)
-> Request 11
1207
(2, 1, 2)
1
(52, 40)
--> Day : 4
-> Request 0
82
(2, 1, 2)
3
(73, 9)
-> Request 1
82
(1, 3, 1)
3
(46, 31)
-> Request 2
113
(3, 1, 2)
3
(11, 18)
-> Request 3
142
(3, 1, 2)
1
(66, 70)
-> Request 4
948
(3, 1, 2)
1
(68, 34)
-> Request 5
1094
(2, 1, 1)
2
(74, 41)
-> Request 6
1131
(3, 3, 2)
1
(8, 26)
-> Request 7
1146
(2, 2, 2)
1
(43, 29)
-> Request 8
1335
(1, 3, 1)
1
(42, 58)
---> Week : 76
--> Day : 0
-> Request 0
711
(2, 2, 1)
2
(7, 32)
-> Request 1
908
(2, 1, 1)
2
(9, 32)
-> Request 2
1249
(3, 3, 1)
3
(54, 64)
--> Day : 1
-> Request 0
84
(4, 2, 1)
2
(47, 42)
-> Request 1
85
(4, 1, 1)
2
(63, 78)
-> Request 2
353
(4, 2, 1)
2
(16, 27)
-> Request 3
725
(1, 1, 2)
3
(51, 39)
-> Request 4
1046
(2, 2, 1)
1
(14, 36)
-> Request 5
1265
(2, 3, 1)
1
(64, 76)
-> Request 6
1367
(1, 1, 2)
2
(9, 27)
-> Request 7
1369
(1, 3, 1)
1
(59, 44)
-> Request 8
1376
(4, 2, 1)
1
(53, 19)
--> Day : 2
-> Request 0
310
(2, 1, 1)
1
(77, 43)
-> Request 1
311
(1, 2, 1)
2
(12, 65)
-> Request 2
521
(4, 3, 1)
2
(59, 29)
-> Request 3
553
(3, 3, 1)
3
(45, 42)
-> Request 4
797
(4, 3, 2)
3
(69, 45)
-> Request 5
884
(4, 2, 1)
1
(52, 28)
-> Request 6
1074
(1, 2, 1)
2
(44, 30)
-> Request 7
1110
(4, 3, 1)
2
(50, 43)
-> Request 8
1138
(3, 2, 2)
1
(52, 13)
-> Request 9
1206
(2, 3, 2)
2
(20, 11)
-> Request 10
1414
(3, 2, 1)
3
(4, 17)
--> Day : 3
-> Request 0
259
(4, 1, 2)
3
(11, 21)
-> Request 1
345
(1, 1, 2)
1
(60, 44)
-> Request 2
355
(4, 3, 2)
2
(3, 68)
-> Request 3
394
(1, 3, 2)
2
(45, 40)
-> Request 4
406
(2, 3, 2)
2
(37, 37)
-> Request 5
662
(4, 1, 2)
3
(50, 62)
-> Request 6
1061
(2, 1, 1)
2
(60, 70)
-> Request 7
1301
(3, 1, 2)
2
(41, 45)
-> Request 8
1327
(1, 1, 1)
1
(57, 69)
-> Request 9
1331
(1, 3, 1)
3
(55, 69)
-> Request 10
1418
(1, 2, 1)
2
(69, 30)
--> Day : 4
-> Request 0
266
(1, 1, 1)
2
(54, 77)
-> Request 1
927
(3, 2, 1)
2
(50, 32)
-> Request 2
1266
(2, 1, 2)
1
(9, 21)
-> Request 3
1277
(2, 3, 2)
3
(47, 39)
-> Request 4
1419
(4, 3, 1)
1
(60, 45)
---> Week : 77
--> Day : 0
-> Request 0
371
(2, 3, 1)
3
(56, 72)
-> Request 1
482
(1, 3, 1)
1
(15, 29)
-> Request 2
693
(1, 2, 1)
3
(52, 70)
-> Request 3
851
(4, 1, 2)
1
(58, 69)
-> Request 4
956
(2, 2, 2)
2
(55, 68)
-> Request 5
1403
(2, 2, 2)
1
(49, 43)
-> Request 6
1409
(3, 3, 1)
1
(60, 39)
--> Day : 1
-> Request 0
123
(2, 1, 2)
3
(15, 27)
-> Request 1
136
(2, 2, 1)
2
(54, 30)
-> Request 2
157
(1, 1, 2)
2
(58, 31)
-> Request 3
461
(1, 1, 1)
3
(20, 4)
-> Request 4
894
(1, 3, 1)
1
(66, 73)
-> Request 5
1070
(2, 3, 2)
2
(36, 57)
-> Request 6
1175
(4, 1, 2)
3
(65, 9)
-> Request 7
1285
(4, 1, 1)
2
(39, 79)
--> Day : 2
-> Request 0
6
(1, 3, 2)
2
(61, 36)
-> Request 1
137
(2, 1, 1)
1
(57, 35)
-> Request 2
231
(2, 2, 1)
2
(64, 73)
-> Request 3
368
(4, 2, 2)
2
(12, 27)
-> Request 4
652
(2, 3, 2)
1
(52, 74)
-> Request 5
709
(2, 1, 1)
1
(57, 60)
-> Request 6
742
(4, 3, 1)
3
(57, 61)
-> Request 7
1186
(4, 1, 1)
2
(15, 26)
-> Request 8
1248
(3, 3, 2)
1
(53, 66)
--> Day : 3
-> Request 0
543
(2, 1, 1)
2
(50, 33)
-> Request 1
552
(2, 2, 1)
1
(61, 25)
-> Request 2
659
(1, 2, 1)
1
(55, 47)
-> Request 3
706
(1, 1, 2)
1
(43, 75)
-> Request 4
760
(4, 1, 2)
1
(34, 26)
-> Request 5
976
(3, 3, 1)
3
(23, 34)
-> Request 6
1176
(1, 3, 1)
2
(21, 1)
-> Request 7
1289
(3, 2, 2)
1
(54, 69)
--> Day : 4
-> Request 0
233
(4, 1, 1)
3
(58, 77)
-> Request 1
1214
(4, 3, 1)
2
(50, 46)
-> Request 2
1437
(3, 2, 2)
1
(60, 65)
---> Week : 78
--> Day : 0
-> Request 0
91
(4, 1, 2)
1
(58, 45)
-> Request 1
154
(4, 1, 2)
1
(27, 26)
-> Request 2
227
(3, 1, 2)
2
(60, 34)
-> Request 3
348
(4, 1, 2)
1
(12, 53)
-> Request 4
413
(4, 3, 2)
2
(0, 17)
-> Request 5
442
(3, 3, 2)
1
(7, 40)
-> Request 6
544
(3, 2, 1)
3
(66, 68)
-> Request 7
551
(1, 1, 1)
2
(47, 29)
-> Request 8
652
(4, 1, 2)
2
(19, 40)
-> Request 9
675
(3, 1, 1)
3
(59, 30)
-> Request 10
816
(4, 2, 1)
2
(3, 24)
-> Request 11
883
(3, 2, 1)
3
(55, 29)
-> Request 12
941
(4, 1, 2)
3
(57, 45)
-> Request 13
1033
(3, 1, 1)
3
(37, 5)
-> Request 14
1291
(1, 2, 1)
2
(58, 46)
-> Request 15
1378
(3, 1, 1)
1
(16, 29)
--> Day : 1
-> Request 0
232
(3, 3, 1)
1
(59, 40)
-> Request 1
463
(4, 2, 1)
1
(16, 77)
-> Request 2
593
(1, 2, 1)
2
(51, 42)
-> Request 3
745
(4, 3, 1)
2
(59, 72)
-> Request 4
756
(2, 1, 2)
2
(61, 27)
-> Request 5
798
(3, 1, 1)
2
(9, 29)
-> Request 6
1034
(4, 2, 2)
2
(54, 41)
-> Request 7
1097
(1, 1, 1)
1
(69, 30)
-> Request 8
1391
(3, 1, 1)
2
(61, 39)
-> Request 9
1397
(3, 2, 2)
1
(68, 20)
--> Day : 2
-> Request 0
528
(1, 1, 1)
1
(60, 73)
-> Request 1
560
(1, 3, 2)
1
(53, 79)
-> Request 2
579
(1, 2, 2)
2
(58, 46)
-> Request 3
672
(4, 3, 2)
2
(56, 56)
-> Request 4
755
(3, 2, 2)
1
(65, 73)
-> Request 5
846
(3, 2, 1)
1
(62, 75)
-> Request 6
943
(3, 1, 2)
2
(16, 20)
-> Request 7
1203
(1, 2, 2)
1
(60, 41)
--> Day : 3
-> Request 0
120
(4, 2, 2)
3
(55, 72)
-> Request 1
170
(1, 3, 1)
3
(51, 42)
-> Request 2
374
(1, 2, 1)
1
(68, 31)
-> Request 3
575
(3, 1, 1)
1
(68, 30)
-> Request 4
604
(3, 1, 1)
3
(59, 28)
-> Request 5
742
(4, 3, 2)
3
(33, 22)
-> Request 6
964
(2, 1, 1)
3
(62, 76)
-> Request 7
1027
(2, 1, 1)
1
(56, 16)
-> Request 8
1064
(3, 3, 2)
1
(41, 7)
-> Request 9
1157
(4, 1, 1)
2
(51, 29)
-> Request 10
1186
(4, 1, 2)
1
(11, 24)
--> Day : 4
-> Request 0
72
(2, 2, 1)
2
(61, 43)
-> Request 1
124
(4, 3, 1)
3
(51, 40)
-> Request 2
229
(2, 2, 1)
1
(44, 40)
-> Request 3
395
(1, 3, 1)
1
(42, 63)
-> Request 4
422
(2, 1, 1)
1
(43, 55)
-> Request 5
693
(4, 3, 1)
2
(56, 45)
-> Request 6
1401
(1, 2, 1)
2
(54, 66)
---> Week : 79
--> Day : 0
-> Request 0
200
(2, 3, 1)
3
(19, 41)
-> Request 1
349
(3, 2, 1)
1
(63, 65)
-> Request 2
392
(4, 2, 2)
2
(56, 38)
-> Request 3
465
(3, 2, 1)
3
(73, 25)
-> Request 4
506
(4, 3, 2)
1
(78, 26)
-> Request 5
642
(1, 2, 2)
3
(52, 34)
-> Request 6
794
(2, 3, 2)
3
(52, 66)
-> Request 7
974
(4, 1, 1)
1
(58, 33)
-> Request 8
1047
(3, 2, 2)
2
(58, 29)
-> Request 9
1099
(4, 2, 1)
2
(75, 52)
-> Request 10
1247
(1, 3, 1)
3
(62, 19)
-> Request 11
1299
(1, 3, 1)
2
(47, 74)
-> Request 12
1435
(3, 2, 1)
3
(55, 44)
--> Day : 1
-> Request 0
50
(3, 2, 2)
1
(58, 71)
-> Request 1
59
(4, 3, 2)
1
(54, 71)
-> Request 2
243
(1, 2, 2)
3
(20, 74)
-> Request 3
877
(1, 2, 1)
3
(29, 46)
-> Request 4
1222
(1, 3, 2)
1
(16, 54)
-> Request 5
1270
(1, 1, 2)
2
(64, 77)
-> Request 6
1389
(3, 3, 1)
1
(52, 75)
-> Request 7
1403
(1, 2, 2)
1
(34, 66)
--> Day : 2
-> Request 0
14
(1, 3, 2)
3
(53, 78)
-> Request 1
53
(1, 2, 2)
3
(68, 13)
-> Request 2
322
(4, 1, 1)
3
(38, 75)
-> Request 3
502
(1, 3, 2)
3
(63, 77)
-> Request 4
712
(2, 3, 2)
1
(72, 57)
-> Request 5
751
(4, 1, 2)
2
(75, 26)
-> Request 6
955
(1, 1, 1)
3
(41, 27)
-> Request 7
974
(3, 3, 2)
3
(56, 69)
-> Request 8
1057
(1, 3, 1)
3
(43, 53)
-> Request 9
1148
(4, 3, 1)
2
(37, 67)
-> Request 10
1410
(2, 3, 2)
1
(2, 20)
-> Request 11
1437
(2, 3, 2)
1
(19, 77)
--> Day : 3
-> Request 0
378
(2, 3, 1)
3
(22, 14)
-> Request 1
470
(4, 1, 1)
2
(52, 42)
-> Request 2
563
(2, 2, 2)
2
(48, 42)
-> Request 3
583
(2, 3, 2)
2
(47, 64)
-> Request 4
670
(3, 3, 2)
2
(49, 43)
-> Request 5
704
(4, 2, 2)
2
(64, 62)
-> Request 6
1086
(2, 1, 2)
2
(56, 77)
-> Request 7
1096
(1, 2, 2)
2
(63, 77)
-> Request 8
1205
(1, 1, 2)
3
(37, 4)
-> Request 9
1387
(3, 1, 1)
3
(64, 69)
--> Day : 4
-> Request 0
65
(1, 2, 1)
1
(49, 74)
-> Request 1
218
(3, 3, 1)
3
(6, 57)
-> Request 2
398
(2, 3, 2)
2
(63, 74)
-> Request 3
504
(2, 2, 1)
2
(46, 28)
-> Request 4
505
(1, 1, 2)
1
(54, 39)
-> Request 5
601
(4, 1, 1)
2
(58, 15)
-> Request 6
822
(4, 1, 1)
3
(64, 68)
-> Request 7
918
(1, 3, 1)
1
(46, 21)
-> Request 8
982
(1, 1, 1)
1
(13, 24)
-> Request 9
1233
(2, 2, 2)
3
(65, 72)
-> Request 10
1397
(4, 2, 2)
1
(45, 15)
---> Week : 80
--> Day : 0
-> Request 0
98
(4, 2, 2)
1
(13, 27)
-> Request 1
172
(1, 3, 1)
3
(14, 10)
-> Request 2
433
(2, 3, 2)
3
(62, 42)
-> Request 3
451
(1, 2, 2)
1
(49, 46)
-> Request 4
643
(3, 3, 1)
3
(55, 35)
-> Request 5
737
(2, 2, 2)
3
(56, 36)
-> Request 6
847
(2, 1, 2)
1
(56, 70)
-> Request 7
908
(3, 3, 1)
3
(11, 22)
-> Request 8
981
(2, 2, 1)
1
(37, 70)
-> Request 9
1013
(1, 1, 1)
1
(62, 33)
-> Request 10
1053
(3, 1, 2)
2
(16, 33)
-> Request 11
1140
(3, 3, 1)
2
(8, 58)
-> Request 12
1421
(4, 2, 2)
3
(14, 44)
--> Day : 1
-> Request 0
79
(3, 2, 2)
3
(43, 52)
-> Request 1
294
(3, 2, 2)
1
(3, 45)
-> Request 2
357
(3, 1, 1)
1
(4, 56)
-> Request 3
463
(3, 2, 2)
1
(66, 78)
-> Request 4
567
(4, 3, 2)
3
(58, 38)
-> Request 5
748
(3, 2, 2)
1
(42, 22)
-> Request 6
902
(1, 2, 1)
2
(33, 64)
-> Request 7
982
(2, 1, 2)
3
(21, 18)
-> Request 8
1086
(2, 2, 2)
2
(62, 30)
-> Request 9
1250
(3, 3, 2)
1
(25, 30)
-> Request 10
1291
(1, 3, 1)
2
(50, 44)
--> Day : 2
-> Request 0
99
(4, 3, 2)
3
(25, 73)
-> Request 1
126
(4, 1, 1)
2
(78, 65)
-> Request 2
139
(3, 2, 2)
2
(64, 68)
-> Request 3
222
(4, 2, 1)
3
(48, 35)
-> Request 4
268
(2, 1, 2)
2
(1, 79)
-> Request 5
310
(4, 3, 1)
3
(30, 79)
-> Request 6
682
(2, 3, 1)
1
(41, 4)
-> Request 7
1261
(4, 1, 1)
1
(23, 61)
-> Request 8
1360
(1, 3, 1)
2
(51, 44)
-> Request 9
1407
(2, 3, 1)
1
(48, 45)
--> Day : 3
-> Request 0
238
(3, 3, 2)
3
(26, 24)
-> Request 1
313
(3, 1, 1)
2
(61, 53)
-> Request 2
343
(1, 1, 2)
3
(43, 34)
-> Request 3
450
(3, 3, 2)
2
(55, 74)
-> Request 4
462
(4, 3, 1)
2
(45, 39)
-> Request 5
530
(3, 1, 1)
3
(56, 71)
-> Request 6
793
(4, 2, 2)
1
(59, 78)
-> Request 7
843
(2, 1, 2)
1
(14, 20)
-> Request 8
873
(2, 3, 2)
2
(3, 1)
-> Request 9
1060
(3, 2, 1)
3
(63, 77)
--> Day : 4
-> Request 0
8
(1, 2, 1)
2
(60, 71)
-> Request 1
27
(2, 1, 2)
2
(58, 44)
-> Request 2
293
(3, 2, 2)
1
(48, 33)
-> Request 3
499
(1, 1, 1)
1
(54, 32)
-> Request 4
789
(3, 3, 1)
2
(41, 63)
-> Request 5
939
(2, 1, 2)
2
(70, 64)
-> Request 6
1129
(2, 1, 2)
3
(13, 59)
-> Request 7
1214
(3, 3, 2)
3
(60, 73)
-> Request 8
1363
(2, 2, 1)
2
(56, 29)
-> Request 9
1426
(2, 1, 1)
3
(35, 48)
---> Week : 81
--> Day : 0
-> Request 0
932
(2, 3, 2)
3
(65, 64)
-> Request 1
1069
(1, 3, 2)
2
(61, 65)
-> Request 2
1071
(4, 2, 1)
3
(65, 19)
-> Request 3
1185
(1, 3, 1)
3
(37, 4)
-> Request 4
1204
(1, 2, 2)
2
(51, 44)
--> Day : 1
-> Request 0
406
(3, 3, 1)
2
(56, 44)
-> Request 1
524
(2, 2, 2)
3
(72, 14)
-> Request 2
592
(3, 2, 1)
1
(14, 34)
-> Request 3
1036
(2, 1, 2)
1
(22, 20)
-> Request 4
1106
(1, 3, 1)
1
(48, 46)
-> Request 5
1128
(2, 2, 1)
2
(60, 68)
-> Request 6
1197
(2, 1, 2)
2
(43, 31)
-> Request 7
1304
(4, 2, 1)
3
(61, 45)
-> Request 8
1420
(1, 3, 1)
1
(19, 42)
--> Day : 2
-> Request 0
28
(1, 3, 2)
3
(36, 67)
-> Request 1
97
(1, 2, 1)
3
(9, 28)
-> Request 2
1008
(2, 1, 2)
1
(48, 27)
-> Request 3
1017
(1, 3, 1)
1
(62, 46)
-> Request 4
1038
(4, 2, 1)
3
(7, 22)
-> Request 5
1062
(3, 1, 1)
1
(62, 54)
-> Request 6
1097
(2, 2, 1)
3
(27, 15)
-> Request 7
1170
(4, 1, 1)
3
(79, 77)
--> Day : 3
-> Request 0
56
(1, 1, 1)
3
(9, 51)
-> Request 1
61
(4, 3, 2)
3
(58, 71)
-> Request 2
116
(2, 1, 1)
3
(0, 48)
-> Request 3
229
(3, 1, 2)
3
(55, 27)
-> Request 4
418
(4, 1, 2)
2
(19, 79)
-> Request 5
439
(3, 3, 2)
1
(52, 71)
-> Request 6
599
(2, 3, 1)
1
(27, 3)
-> Request 7
835
(1, 3, 2)
1
(57, 38)
-> Request 8
846
(3, 1, 2)
3
(17, 29)
-> Request 9
958
(2, 1, 2)
1
(8, 27)
-> Request 10
1023
(1, 1, 2)
3
(60, 33)
-> Request 11
1118
(1, 3, 1)
3
(4, 73)
-> Request 12
1146
(3, 2, 2)
2
(55, 45)
-> Request 13
1161
(4, 3, 2)
3
(15, 23)
-> Request 14
1218
(4, 3, 1)
3
(17, 24)
-> Request 15
1437
(4, 1, 1)
2
(54, 42)
--> Day : 4
-> Request 0
100
(1, 3, 1)
2
(26, 78)
-> Request 1
105
(2, 2, 1)
1
(59, 45)
-> Request 2
113
(3, 2, 1)
1
(48, 27)
-> Request 3
208
(1, 2, 1)
1
(59, 44)
-> Request 4
262
(1, 2, 2)
1
(47, 39)
-> Request 5
439
(4, 3, 2)
1
(34, 9)
-> Request 6
622
(1, 1, 1)
2
(66, 78)
-> Request 7
657
(4, 3, 2)
3
(53, 71)
-> Request 8
727
(1, 1, 2)
3
(38, 27)
-> Request 9
863
(3, 3, 1)
3
(66, 74)
-> Request 10
980
(1, 3, 1)
2
(19, 72)
---> Week : 82
--> Day : 0
-> Request 0
21
(2, 2, 2)
2
(17, 17)
-> Request 1
337
(2, 2, 2)
1
(57, 45)
-> Request 2
377
(2, 1, 2)
2
(46, 30)
-> Request 3
612
(4, 3, 1)
3
(47, 33)
-> Request 4
726
(3, 3, 2)
1
(43, 30)
-> Request 5
784
(2, 1, 1)
1
(54, 70)
-> Request 6
826
(4, 2, 1)
2
(63, 64)
-> Request 7
915
(1, 2, 2)
2
(56, 65)
-> Request 8
945
(1, 2, 2)
3
(58, 74)
-> Request 9
961
(2, 1, 1)
2
(57, 41)
-> Request 10
1119
(2, 1, 2)
3
(29, 12)
-> Request 11
1283
(4, 2, 2)
2
(11, 21)
--> Day : 1
-> Request 0
9
(3, 3, 1)
3
(45, 40)
-> Request 1
45
(3, 2, 1)
1
(33, 29)
-> Request 2
60
(1, 2, 1)
2
(15, 27)
-> Request 3
293
(2, 1, 1)
2
(54, 44)
-> Request 4
335
(4, 1, 1)
1
(50, 46)
-> Request 5
619
(2, 3, 2)
2
(59, 70)
-> Request 6
671
(3, 2, 1)
1
(46, 73)
-> Request 7
1022
(4, 1, 1)
1
(63, 64)
-> Request 8
1216
(3, 2, 1)
2
(43, 35)
--> Day : 2
-> Request 0
57
(2, 3, 1)
3
(1, 54)
-> Request 1
127
(2, 3, 1)
1
(56, 78)
-> Request 2
165
(2, 1, 1)
1
(55, 73)
-> Request 3
283
(2, 3, 1)
1
(46, 38)
-> Request 4
425
(2, 1, 1)
2
(47, 44)
-> Request 5
476
(4, 1, 2)
2
(47, 78)
-> Request 6
543
(4, 1, 2)
3
(54, 28)
-> Request 7
543
(2, 2, 1)
2
(4, 15)
-> Request 8
820
(2, 1, 1)
3
(52, 57)
-> Request 9
906
(3, 3, 2)
3
(64, 58)
-> Request 10
1044
(1, 3, 2)
1
(52, 66)
-> Request 11
1134
(2, 2, 2)
3
(61, 73)
-> Request 12
1166
(3, 1, 1)
1
(37, 59)
-> Request 13
1211
(4, 3, 1)
1
(15, 27)
-> Request 14
1236
(2, 2, 2)
1
(19, 58)
-> Request 15
1297
(1, 1, 1)
2
(11, 21)
-> Request 16
1422
(4, 2, 2)
1
(29, 52)
--> Day : 3
-> Request 0
7
(2, 3, 1)
1
(49, 31)
-> Request 1
32
(4, 3, 2)
1
(67, 63)
-> Request 2
77
(4, 1, 1)
1
(56, 66)
-> Request 3
187
(3, 1, 2)
3
(57, 68)
-> Request 4
187
(1, 1, 1)
1
(57, 31)
-> Request 5
188
(1, 2, 2)
3
(46, 45)
-> Request 6
273
(3, 2, 1)
1
(28, 65)
-> Request 7
313
(2, 3, 1)
2
(10, 28)
-> Request 8
322
(3, 2, 2)
3
(54, 27)
-> Request 9
361
(2, 2, 1)
2
(78, 0)
-> Request 10
1153
(1, 2, 1)
2
(69, 63)
-> Request 11
1209
(2, 3, 1)
1
(48, 45)
-> Request 12
1259
(4, 3, 2)
2
(46, 42)
-> Request 13
1282
(1, 1, 1)
1
(11, 21)
-> Request 14
1305
(2, 2, 1)
1
(45, 52)
--> Day : 4
-> Request 0
72
(3, 3, 1)
1
(49, 37)
-> Request 1
486
(1, 2, 2)
3
(63, 69)
-> Request 2
732
(2, 3, 1)
3
(63, 67)
-> Request 3
798
(1, 1, 2)
3
(61, 76)
-> Request 4
1019
(2, 1, 2)
1
(23, 78)
-> Request 5
1033
(1, 1, 2)
1
(63, 75)
-> Request 6
1340
(1, 3, 1)
3
(46, 32)
-> Request 7
1359
(4, 2, 1)
2
(52, 27)
-> Request 8
1405
(3, 2, 2)
1
(46, 34)
---> Week : 83
--> Day : 0
-> Request 0
4
(2, 1, 2)
3
(35, 26)
-> Request 1
123
(3, 1, 2)
3
(50, 27)
-> Request 2
128
(4, 2, 2)
3
(67, 30)
-> Request 3
223
(4, 1, 1)
2
(60, 36)
-> Request 4
261
(1, 1, 1)
3
(61, 69)
-> Request 5
494
(2, 2, 2)
1
(13, 23)
-> Request 6
515
(2, 1, 2)
3
(8, 38)
-> Request 7
542
(2, 2, 1)
1
(58, 43)
-> Request 8
550
(1, 1, 2)
1
(10, 53)
-> Request 9
560
(3, 2, 1)
3
(63, 78)
-> Request 10
680
(1, 3, 2)
2
(53, 75)
-> Request 11
798
(1, 1, 2)
3
(55, 38)
-> Request 12
855
(4, 1, 2)
1
(63, 69)
-> Request 13
905
(3, 2, 2)
1
(37, 76)
-> Request 14
914
(2, 2, 1)
3
(51, 35)
-> Request 15
925
(3, 1, 1)
2
(53, 71)
-> Request 16
953
(1, 3, 1)
1
(48, 35)
-> Request 17
1056
(4, 1, 2)
2
(16, 26)
-> Request 18
1201
(4, 1, 1)
1
(77, 40)
-> Request 19
1252
(3, 1, 1)
2
(53, 51)
-> Request 20
1365
(1, 1, 2)
2
(54, 30)
--> Day : 1
-> Request 0
70
(2, 1, 2)
3
(69, 43)
-> Request 1
150
(1, 2, 1)
3
(47, 28)
-> Request 2
529
(4, 3, 2)
1
(53, 43)
-> Request 3
795
(3, 3, 2)
3
(38, 9)
-> Request 4
914
(1, 3, 2)
3
(42, 27)
-> Request 5
994
(4, 1, 2)
2
(57, 67)
-> Request 6
1177
(3, 1, 2)
1
(28, 57)
-> Request 7
1213
(1, 3, 2)
2
(58, 44)
-> Request 8
1366
(4, 3, 2)
3
(65, 62)
-> Request 9
1415
(2, 2, 2)
3
(48, 40)
--> Day : 2
-> Request 0
137
(2, 3, 2)
1
(53, 13)
-> Request 1
208
(4, 2, 2)
2
(59, 65)
-> Request 2
580
(3, 3, 1)
1
(53, 34)
-> Request 3
1094
(4, 2, 1)
2
(52, 64)
-> Request 4
1102
(4, 1, 2)
1
(56, 29)
-> Request 5
1401
(3, 1, 1)
2
(39, 73)
--> Day : 3
-> Request 0
170
(1, 3, 2)
2
(55, 77)
-> Request 1
183
(3, 3, 2)
3
(37, 49)
-> Request 2
236
(3, 2, 2)
2
(43, 63)
-> Request 3
443
(4, 2, 1)
2
(55, 72)
-> Request 4
489
(3, 1, 1)
1
(65, 21)
-> Request 5
519
(3, 3, 1)
1
(55, 69)
-> Request 6
748
(4, 2, 2)
3
(51, 45)
-> Request 7
1229
(3, 1, 2)
1
(61, 73)
-> Request 8
1232
(4, 1, 2)
1
(47, 40)
-> Request 9
1247
(4, 3, 2)
1
(30, 57)
-> Request 10
1383
(1, 1, 2)
1
(44, 43)
--> Day : 4
-> Request 0
22
(4, 3, 1)
1
(67, 15)
-> Request 1
70
(3, 2, 2)
2
(69, 75)
-> Request 2
494
(3, 2, 1)
2
(60, 31)
-> Request 3
715
(1, 3, 2)
3
(35, 25)
-> Request 4
825
(1, 2, 1)
2
(51, 36)
-> Request 5
939
(4, 1, 2)
1
(60, 71)
-> Request 6
1015
(2, 1, 1)
3
(50, 28)
-> Request 7
1080
(1, 2, 2)
2
(14, 29)
-> Request 8
1222
(4, 1, 2)
1
(68, 20)
-> Request 9
1237
(3, 2, 1)
2
(59, 37)
-> Request 10
1301
(2, 2, 1)
1
(53, 76)
---> Week : 84
--> Day : 0
-> Request 0
203
(1, 2, 1)
2
(50, 38)
-> Request 1
603
(4, 2, 1)
3
(48, 38)
-> Request 2
613
(4, 1, 1)
3
(45, 51)
-> Request 3
677
(2, 2, 2)
2
(78, 75)
-> Request 4
770
(2, 1, 1)
1
(59, 45)
-> Request 5
932
(3, 1, 2)
3
(56, 8)
-> Request 6
1206
(4, 1, 2)
1
(59, 70)
-> Request 7
1246
(4, 2, 2)
1
(0, 68)
-> Request 8
1402
(3, 3, 2)
3
(78, 22)
-> Request 9
1403
(3, 1, 2)
3
(11, 46)
--> Day : 1
-> Request 0
63
(3, 2, 1)
2
(40, 4)
-> Request 1
272
(4, 2, 1)
3
(2, 35)
-> Request 2
362
(2, 2, 1)
1
(17, 26)
-> Request 3
413
(1, 3, 2)
3
(2, 76)
-> Request 4
606
(2, 1, 1)
2
(59, 60)
-> Request 5
621
(2, 3, 2)
3
(52, 78)
-> Request 6
683
(1, 2, 1)
3
(47, 39)
-> Request 7
997
(4, 2, 2)
1
(50, 47)
-> Request 8
1247
(3, 3, 1)
2
(60, 75)
-> Request 9
1268
(4, 3, 1)
1
(69, 24)
-> Request 10
1409
(3, 2, 2)
1
(62, 50)
--> Day : 2
-> Request 0
370
(2, 1, 2)
1
(18, 71)
-> Request 1
440
(1, 1, 1)
3
(28, 51)
-> Request 2
824
(4, 2, 1)
2
(52, 28)
-> Request 3
828
(3, 2, 2)
3
(77, 26)
-> Request 4
921
(4, 1, 2)
3
(62, 41)
-> Request 5
1239
(2, 3, 2)
2
(26, 41)
--> Day : 3
-> Request 0
57
(1, 3, 1)
3
(54, 64)
-> Request 1
194
(2, 3, 1)
2
(55, 74)
-> Request 2
418
(3, 3, 1)
2
(62, 37)
-> Request 3
458
(2, 3, 2)
2
(43, 46)
-> Request 4
537
(1, 1, 2)
1
(60, 65)
-> Request 5
563
(4, 1, 1)
1
(79, 75)
-> Request 6
624
(4, 3, 2)
2
(63, 70)
-> Request 7
1249
(2, 3, 2)
2
(58, 45)
-> Request 8
1355
(4, 1, 2)
2
(43, 59)
-> Request 9
1362
(2, 2, 1)
3
(61, 65)
--> Day : 4
-> Request 0
34
(4, 1, 1)
1
(79, 61)
-> Request 1
397
(3, 1, 1)
3
(28, 5)
-> Request 2
422
(1, 2, 2)
2
(58, 75)
-> Request 3
597
(4, 2, 2)
2
(20, 58)
-> Request 4
935
(2, 3, 1)
2
(44, 37)
-> Request 5
1190
(1, 1, 2)
3
(27, 4)
-> Request 6
1389
(1, 3, 2)
3
(47, 42)
-> Request 7
1428
(3, 2, 1)
2
(54, 75)
---> Week : 85
--> Day : 0
-> Request 0
19
(2, 3, 1)
1
(44, 63)
-> Request 1
42
(4, 3, 1)
2
(45, 27)
-> Request 2
270
(2, 2, 2)
2
(72, 24)
-> Request 3
271
(3, 2, 1)
3
(59, 73)
-> Request 4
298
(3, 3, 1)
2
(14, 25)
-> Request 5
321
(1, 2, 2)
3
(49, 44)
-> Request 6
433
(1, 3, 2)
3
(22, 31)
-> Request 7
508
(2, 1, 1)
2
(19, 26)
-> Request 8
802
(1, 3, 1)
2
(43, 61)
-> Request 9
1034
(4, 1, 1)
3
(55, 43)
-> Request 10
1048
(4, 1, 2)
2
(52, 11)
-> Request 11
1192
(2, 2, 1)
1
(45, 32)
-> Request 12
1211
(3, 3, 2)
1
(40, 57)
-> Request 13
1427
(1, 1, 2)
3
(37, 3)
--> Day : 1
-> Request 0
174
(2, 3, 2)
3
(0, 5)
-> Request 1
187
(3, 3, 2)
3
(17, 21)
-> Request 2
345
(1, 1, 2)
3
(63, 69)
-> Request 3
450
(1, 2, 2)
2
(79, 5)
-> Request 4
996
(1, 1, 2)
3
(46, 13)
-> Request 5
1331
(4, 3, 2)
2
(55, 2)
--> Day : 2
-> Request 0
18
(1, 2, 1)
2
(61, 35)
-> Request 1
106
(4, 1, 2)
2
(70, 31)
-> Request 2
114
(4, 1, 2)
2
(45, 33)
-> Request 3
193
(2, 1, 2)
1
(18, 72)
-> Request 4
419
(3, 2, 2)
2
(51, 43)
-> Request 5
733
(3, 3, 1)
2
(47, 34)
-> Request 6
1153
(1, 1, 1)
3
(51, 40)
--> Day : 3
-> Request 0
245
(2, 1, 2)
3
(67, 78)
-> Request 1
641
(1, 2, 1)
3
(60, 72)
-> Request 2
653
(3, 2, 1)
3
(20, 54)
-> Request 3
723
(4, 2, 2)
1
(23, 22)
-> Request 4
757
(4, 2, 2)
3
(48, 44)
-> Request 5
875
(4, 2, 2)
2
(65, 73)
-> Request 6
891
(2, 1, 1)
3
(14, 22)
-> Request 7
1069
(2, 3, 2)
3
(56, 37)
-> Request 8
1122
(1, 2, 2)
3
(13, 26)
-> Request 9
1166
(2, 1, 2)
2
(57, 39)
-> Request 10
1316
(1, 1, 1)
1
(21, 43)
-> Request 11
1411
(3, 2, 1)
1
(4, 26)
--> Day : 4
-> Request 0
358
(4, 2, 2)
1
(66, 30)
-> Request 1
403
(2, 3, 2)
3
(13, 22)
-> Request 2
727
(2, 2, 1)
2
(46, 37)
-> Request 3
840
(1, 2, 1)
3
(17, 68)
-> Request 4
849
(3, 3, 1)
2
(64, 0)
-> Request 5
916
(2, 2, 1)
3
(57, 79)
-> Request 6
1314
(4, 1, 2)
2
(62, 44)
-> Request 7
1317
(4, 2, 2)
3
(49, 44)
---> Week : 86
--> Day : 0
-> Request 0
294
(4, 3, 2)
3
(61, 37)
-> Request 1
322
(2, 1, 2)
2
(54, 38)
-> Request 2
403
(4, 1, 1)
2
(31, 38)
-> Request 3
433
(1, 2, 2)
3
(69, 13)
-> Request 4
445
(4, 1, 1)
2
(11, 27)
-> Request 5
580
(1, 1, 1)
3
(17, 24)
-> Request 6
1004
(2, 1, 1)
3
(68, 68)
-> Request 7
1074
(1, 2, 1)
1
(46, 47)
-> Request 8
1180
(2, 3, 2)
1
(62, 75)
-> Request 9
1188
(1, 3, 1)
3
(60, 72)
-> Request 10
1214
(1, 3, 1)
1
(55, 17)
--> Day : 1
-> Request 0
526
(4, 2, 2)
1
(56, 66)
-> Request 1
539
(3, 2, 1)
1
(71, 46)
-> Request 2
645
(3, 2, 1)
2
(62, 27)
-> Request 3
842
(1, 2, 1)
2
(67, 77)
-> Request 4
929
(3, 2, 2)
1
(30, 69)
-> Request 5
1325
(2, 1, 1)
3
(14, 27)
-> Request 6
1358
(2, 1, 1)
3
(43, 32)
-> Request 7
1419
(1, 1, 2)
3
(57, 31)
-> Request 8
1431
(1, 3, 1)
1
(26, 43)
--> Day : 2
-> Request 0
282
(3, 1, 1)
3
(48, 34)
-> Request 1
425
(3, 2, 2)
3
(49, 39)
-> Request 2
738
(3, 1, 2)
1
(56, 69)
-> Request 3
1076
(2, 3, 2)
3
(13, 28)
-> Request 4
1417
(2, 1, 1)
1
(79, 28)
--> Day : 3
-> Request 0
164
(3, 3, 2)
2
(11, 21)
-> Request 1
200
(4, 1, 1)
3
(15, 29)
-> Request 2
260
(1, 3, 1)
2
(68, 68)
-> Request 3
487
(2, 2, 1)
1
(57, 77)
-> Request 4
720
(3, 3, 1)
1
(9, 2)
-> Request 5
797
(4, 2, 1)
3
(60, 42)
-> Request 6
803
(2, 2, 1)
3
(26, 14)
-> Request 7
975
(3, 1, 2)
2
(64, 69)
-> Request 8
1269
(2, 1, 1)
1
(49, 32)
--> Day : 4
-> Request 0
86
(3, 3, 2)
2
(56, 69)
-> Request 1
208
(3, 3, 2)
3
(29, 29)
-> Request 2
829
(1, 1, 1)
1
(59, 72)
-> Request 3
1131
(2, 3, 2)
2
(2, 47)
-> Request 4
1160
(4, 3, 1)
2
(61, 40)
-> Request 5
1267
(4, 3, 2)
2
(68, 5)
-> Request 6
1272
(3, 1, 2)
2
(60, 56)
-> Request 7
1348
(4, 3, 2)
1
(60, 46)
---> Week : 87
--> Day : 0
-> Request 0
35
(3, 3, 1)
2
(16, 21)
-> Request 1
58
(1, 1, 1)
1
(0, 53)
-> Request 2
722
(1, 3, 2)
2
(3, 13)
-> Request 3
772
(4, 2, 2)
2
(62, 41)
-> Request 4
797
(2, 2, 1)
2
(46, 40)
-> Request 5
823
(3, 1, 1)
2
(73, 74)
-> Request 6
853
(3, 3, 2)
1
(49, 35)
-> Request 7
1116
(4, 1, 2)
2
(57, 30)
--> Day : 1
-> Request 0
113
(1, 2, 2)
3
(24, 47)
-> Request 1
225
(3, 3, 2)
3
(57, 45)
-> Request 2
258
(1, 1, 1)
2
(62, 46)
-> Request 3
371
(1, 3, 2)
3
(47, 30)
-> Request 4
426
(2, 3, 2)
1
(61, 78)
-> Request 5
447
(4, 1, 2)
1
(73, 56)
-> Request 6
818
(1, 3, 1)
1
(43, 36)
-> Request 7
905
(2, 3, 2)
2
(27, 58)
-> Request 8
1081
(2, 3, 1)
2
(38, 64)
-> Request 9
1302
(2, 3, 1)
2
(60, 3)
--> Day : 2
-> Request 0
275
(4, 2, 1)
3
(43, 45)
-> Request 1
283
(3, 2, 2)
1
(53, 38)
-> Request 2
419
(3, 1, 1)
3
(54, 73)
-> Request 3
454
(2, 2, 2)
3
(60, 61)
-> Request 4
480
(1, 3, 2)
1
(73, 20)
-> Request 5
615
(3, 3, 1)
2
(8, 59)
-> Request 6
771
(4, 3, 1)
3
(50, 46)
-> Request 7
808
(3, 2, 1)
3
(13, 21)
-> Request 8
870
(4, 1, 1)
2
(50, 27)
-> Request 9
925
(3, 3, 1)
3
(55, 64)
-> Request 10
1072
(2, 3, 2)
2
(47, 33)
-> Request 11
1133
(4, 3, 2)
1
(50, 29)
-> Request 12
1228
(2, 1, 2)
2
(26, 5)
-> Request 13
1365
(3, 1, 1)
2
(20, 76)
-> Request 14
1387
(1, 1, 2)
1
(69, 23)
-> Request 15
1397
(1, 1, 1)
1
(11, 15)
-> Request 16
1423
(4, 1, 1)
2
(16, 12)
--> Day : 3
-> Request 0
135
(3, 3, 2)
2
(54, 75)
-> Request 1
215
(1, 2, 2)
3
(45, 28)
-> Request 2
335
(1, 1, 2)
1
(5, 74)
-> Request 3
422
(1, 3, 1)
1
(59, 34)
-> Request 4
609
(4, 3, 1)
1
(33, 69)
-> Request 5
699
(4, 3, 1)
2
(74, 62)
-> Request 6
1273
(1, 3, 2)
3
(9, 53)
-> Request 7
1292
(3, 1, 2)
3
(51, 40)
-> Request 8
1327
(2, 3, 2)
1
(0, 29)
-> Request 9
1337
(4, 2, 2)
3
(60, 64)
--> Day : 4
-> Request 0
180
(3, 3, 2)
2
(14, 23)
-> Request 1
264
(1, 1, 1)
3
(1, 47)
-> Request 2
464
(1, 1, 1)
2
(46, 55)
-> Request 3
502
(4, 2, 1)
1
(41, 15)
-> Request 4
557
(3, 3, 1)
1
(8, 23)
-> Request 5
679
(4, 3, 2)
2
(55, 62)
-> Request 6
763
(1, 3, 2)
3
(60, 40)
-> Request 7
850
(2, 1, 1)
1
(62, 64)
-> Request 8
969
(1, 2, 1)
1
(62, 73)
-> Request 9
992
(2, 2, 1)
3
(44, 41)
-> Request 10
1106
(1, 1, 1)
2
(56, 36)
-> Request 11
1196
(1, 3, 2)
3
(57, 64)
---> Week : 88
--> Day : 0
-> Request 0
229
(2, 3, 1)
2
(14, 63)
-> Request 1
405
(3, 3, 1)
2
(57, 39)
-> Request 2
460
(3, 2, 1)
3
(14, 38)
-> Request 3
791
(4, 2, 2)
3
(45, 45)
-> Request 4
1225
(2, 1, 1)
2
(66, 64)
-> Request 5
1261
(3, 3, 2)
3
(45, 38)
-> Request 6
1395
(4, 3, 2)
3
(2, 48)
--> Day : 1
-> Request 0
26
(2, 2, 1)
3
(77, 47)
-> Request 1
130
(1, 1, 1)
3
(48, 31)
-> Request 2
196
(2, 1, 2)
1
(45, 44)
-> Request 3
356
(2, 2, 1)
2
(66, 11)
-> Request 4
368
(3, 3, 2)
1
(52, 64)
-> Request 5
420
(3, 1, 2)
3
(1, 75)
-> Request 6
547
(3, 1, 1)
3
(12, 75)
-> Request 7
548
(2, 3, 2)
3
(60, 46)
-> Request 8
559
(2, 2, 2)
3
(17, 20)
-> Request 9
762
(4, 3, 1)
2
(42, 63)
-> Request 10
815
(3, 1, 1)
1
(42, 9)
-> Request 11
1252
(1, 2, 2)
3
(52, 65)
-> Request 12
1309
(4, 1, 1)
2
(77, 71)
-> Request 13
1333
(1, 1, 2)
1
(11, 24)
--> Day : 2
-> Request 0
72
(4, 3, 2)
1
(49, 32)
-> Request 1
141
(4, 1, 2)
3
(57, 75)
-> Request 2
170
(3, 3, 2)
3
(62, 29)
-> Request 3
216
(3, 1, 2)
2
(39, 43)
-> Request 4
270
(2, 2, 2)
3
(56, 77)
-> Request 5
292
(2, 2, 2)
1
(48, 40)
-> Request 6
746
(4, 3, 2)
3
(8, 43)
-> Request 7
1161
(3, 1, 1)
1
(23, 54)
-> Request 8
1214
(2, 1, 1)
1
(60, 62)
-> Request 9
1223
(2, 2, 1)
2
(62, 65)
-> Request 10
1414
(4, 1, 2)
1
(22, 28)
--> Day : 3
-> Request 0
11
(2, 3, 1)
1
(49, 32)
-> Request 1
21
(2, 1, 2)
2
(62, 36)
-> Request 2
164
(3, 1, 1)
3
(52, 71)
-> Request 3
323
(1, 3, 2)
2
(54, 32)
-> Request 4
481
(3, 1, 1)
2
(44, 47)
-> Request 5
539
(2, 1, 1)
3
(59, 73)
-> Request 6
594
(2, 1, 1)
2
(18, 73)
-> Request 7
607
(3, 3, 2)
3
(62, 37)
-> Request 8
702
(3, 2, 2)
3
(31, 73)
-> Request 9
752
(2, 2, 1)
2
(0, 1)
-> Request 10
1268
(4, 3, 1)
1
(60, 38)
-> Request 11
1354
(1, 1, 2)
3
(66, 7)
--> Day : 4
-> Request 0
171
(1, 2, 1)
3
(17, 28)
-> Request 1
211
(2, 2, 1)
3
(69, 0)
-> Request 2
406
(3, 3, 1)
3
(55, 38)
-> Request 3
483
(3, 1, 1)
2
(22, 34)
-> Request 4
684
(1, 2, 1)
1
(52, 30)
-> Request 5
972
(2, 1, 2)
1
(28, 19)
-> Request 6
1034
(1, 3, 2)
3
(53, 38)
-> Request 7
1248
(1, 1, 2)
3
(16, 21)
-> Request 8
1418
(1, 1, 2)
2
(9, 25)
---> Week : 89
--> Day : 0
-> Request 0
246
(3, 1, 2)
1
(50, 30)
-> Request 1
265
(4, 2, 2)
2
(50, 30)
-> Request 2
291
(1, 3, 1)
2
(46, 41)
-> Request 3
363
(3, 2, 1)
1
(56, 42)
-> Request 4
455
(2, 2, 2)
1
(64, 66)
-> Request 5
870
(2, 2, 1)
2
(46, 37)
-> Request 6
950
(2, 3, 1)
3
(54, 39)
-> Request 7
990
(2, 2, 1)
2
(45, 37)
-> Request 8
1270
(2, 1, 2)
2
(51, 37)
-> Request 9
1327
(2, 1, 1)
3
(61, 31)
--> Day : 1
-> Request 0
18
(2, 1, 1)
1
(30, 12)
-> Request 1
158
(1, 1, 1)
2
(49, 45)
-> Request 2
870
(3, 3, 2)
2
(47, 37)
-> Request 3
905
(2, 1, 1)
3
(60, 33)
-> Request 4
1127
(3, 3, 1)
2
(37, 19)
--> Day : 2
-> Request 0
41
(4, 1, 1)
3
(42, 27)
-> Request 1
120
(4, 2, 1)
3
(53, 66)
-> Request 2
238
(1, 2, 2)
3
(57, 66)
-> Request 3
897
(3, 1, 2)
1
(17, 22)
-> Request 4
923
(3, 1, 1)
2
(57, 79)
-> Request 5
1001
(4, 2, 1)
1
(65, 56)
--> Day : 3
-> Request 0
318
(4, 1, 1)
1
(58, 30)
-> Request 1
345
(4, 3, 2)
2
(20, 65)
-> Request 2
533
(3, 1, 2)
3
(52, 46)
-> Request 3
572
(4, 3, 1)
3
(39, 61)
-> Request 4
848
(1, 2, 2)
2
(9, 23)
-> Request 5
1192
(4, 2, 2)
2
(38, 0)
-> Request 6
1261
(1, 1, 1)
3
(53, 77)
-> Request 7
1357
(4, 3, 2)
1
(59, 73)
--> Day : 4
-> Request 0
186
(1, 2, 1)
3
(69, 44)
-> Request 1
230
(3, 2, 1)
2
(30, 18)
-> Request 2
258
(3, 1, 1)
1
(73, 48)
-> Request 3
386
(3, 1, 2)
1
(61, 51)
-> Request 4
404
(4, 3, 2)
3
(61, 61)
-> Request 5
582
(2, 3, 2)
2
(61, 29)
-> Request 6
604
(4, 2, 2)
2
(60, 36)
-> Request 7
647
(3, 2, 2)
1
(61, 74)
-> Request 8
1075
(3, 3, 1)
1
(55, 28)
-> Request 9
1394
(1, 3, 2)
3
(48, 6)
---> Week : 90
--> Day : 0
-> Request 0
67
(1, 2, 1)
3
(47, 40)
-> Request 1
119
(1, 3, 2)
3
(57, 39)
-> Request 2
132
(3, 3, 1)
1
(48, 40)
-> Request 3
135
(2, 2, 2)
3
(8, 25)
-> Request 4
205
(1, 3, 1)
1
(59, 38)
-> Request 5
291
(2, 2, 2)
3
(60, 66)
-> Request 6
451
(4, 2, 1)
3
(58, 29)
-> Request 7
537
(3, 1, 2)
3
(57, 46)
-> Request 8
546
(4, 3, 2)
1
(56, 37)
-> Request 9
632
(4, 3, 1)
2
(21, 54)
-> Request 10
675
(4, 2, 2)
1
(61, 31)
-> Request 11
844
(2, 2, 2)
3
(58, 64)
-> Request 12
942
(3, 3, 1)
1
(58, 38)
-> Request 13
975
(1, 1, 1)
1
(49, 20)
-> Request 14
1387
(3, 2, 2)
2
(55, 66)
-> Request 15
1421
(4, 1, 2)
1
(47, 39)
--> Day : 1
-> Request 0
107
(4, 1, 2)
2
(21, 74)
-> Request 1
163
(2, 3, 2)
3
(45, 38)
-> Request 2
420
(3, 3, 2)
1
(55, 64)
-> Request 3
565
(4, 1, 1)
3
(59, 39)
-> Request 4
915
(3, 3, 1)
2
(47, 4)
-> Request 5
930
(2, 3, 2)
1
(31, 47)
-> Request 6
1009
(3, 2, 2)
1
(12, 22)
-> Request 7
1029
(3, 3, 2)
1
(48, 37)
-> Request 8
1402
(4, 3, 1)
2
(38, 27)
--> Day : 2
-> Request 0
14
(1, 3, 1)
2
(18, 37)
-> Request 1
75
(3, 3, 2)
1
(66, 65)
-> Request 2
288
(2, 1, 2)
3
(17, 26)
-> Request 3
358
(3, 3, 1)
2
(48, 31)
-> Request 4
913
(4, 3, 1)
2
(30, 47)
-> Request 5
1009
(1, 2, 2)
2
(61, 72)
-> Request 6
1020
(1, 2, 2)
2
(64, 50)
-> Request 7
1021
(1, 2, 2)
2
(67, 34)
-> Request 8
1022
(2, 2, 1)
2
(16, 8)
-> Request 9
1034
(4, 3, 1)
2
(49, 29)
-> Request 10
1239
(3, 2, 2)
1
(57, 73)
-> Request 11
1303
(2, 2, 1)
3
(61, 77)
-> Request 12
1319
(1, 2, 2)
1
(12, 24)
--> Day : 3
-> Request 0
118
(2, 3, 2)
3
(20, 16)
-> Request 1
380
(3, 3, 2)
1
(62, 38)
-> Request 2
730
(1, 1, 2)
3
(50, 29)
-> Request 3
970
(3, 2, 2)
3
(54, 73)
-> Request 4
1086
(4, 3, 1)
1
(9, 45)
-> Request 5
1293
(1, 1, 1)
2
(78, 14)
--> Day : 4
-> Request 0
402
(1, 2, 1)
2
(42, 71)
-> Request 1
457
(1, 3, 1)
1
(63, 66)
-> Request 2
512
(2, 3, 2)
2
(49, 34)
-> Request 3
785
(1, 2, 1)
3
(75, 63)
-> Request 4
1198
(3, 3, 1)
2
(58, 65)
---> Week : 91
--> Day : 0
-> Request 0
38
(2, 2, 1)
1
(38, 17)
-> Request 1
112
(2, 2, 1)
2
(74, 43)
-> Request 2
222
(2, 3, 1)
2
(64, 67)
-> Request 3
398
(2, 2, 1)
2
(1, 75)
-> Request 4
1073
(2, 3, 2)
1
(26, 43)
-> Request 5
1102
(4, 2, 1)
1
(38, 69)
-> Request 6
1336
(3, 3, 2)
3
(43, 33)
-> Request 7
1358
(4, 2, 1)
1
(50, 7)
--> Day : 1
-> Request 0
42
(3, 2, 2)
3
(39, 75)
-> Request 1
65
(1, 2, 2)
1
(15, 21)
-> Request 2
89
(1, 1, 2)
2
(69, 42)
-> Request 3
309
(1, 1, 2)
3
(58, 42)
-> Request 4
353
(3, 2, 1)
2
(38, 6)
-> Request 5
509
(3, 3, 1)
1
(60, 35)
-> Request 6
571
(1, 1, 1)
1
(63, 77)
-> Request 7
611
(4, 1, 1)
3
(5, 50)
-> Request 8
654
(1, 1, 1)
2
(2, 52)
--> Day : 2
-> Request 0
373
(1, 3, 2)
1
(62, 69)
-> Request 1
529
(2, 3, 1)
2
(52, 38)
-> Request 2
544
(1, 3, 1)
1
(52, 29)
-> Request 3
675
(2, 2, 1)
2
(52, 43)
-> Request 4
749
(4, 2, 1)
2
(43, 22)
-> Request 5
811
(1, 3, 2)
2
(3, 60)
-> Request 6
952
(3, 1, 2)
1
(44, 36)
--> Day : 3
-> Request 0
86
(2, 2, 2)
1
(37, 11)
-> Request 1
129
(4, 3, 1)
2
(38, 6)
-> Request 2
134
(4, 2, 1)
3
(52, 39)
-> Request 3
166
(4, 2, 1)
1
(64, 76)
-> Request 4
259
(4, 1, 2)
3
(15, 76)
-> Request 5
401
(3, 1, 1)
2
(13, 27)
-> Request 6
557
(1, 1, 2)
2
(58, 68)
-> Request 7
629
(2, 3, 2)
3
(57, 68)
-> Request 8
705
(4, 1, 1)
3
(65, 65)
-> Request 9
712
(1, 1, 2)
2
(64, 64)
-> Request 10
822
(3, 2, 2)
3
(75, 63)
-> Request 11
933
(3, 2, 1)
3
(70, 30)
-> Request 12
943
(4, 1, 1)
3
(56, 32)
-> Request 13
1140
(2, 1, 1)
3
(34, 75)
-> Request 14
1192
(4, 2, 1)
3
(76, 57)
-> Request 15
1236
(3, 1, 1)
2
(55, 30)
-> Request 16
1291
(4, 1, 2)
2
(48, 0)
-> Request 17
1411
(4, 3, 2)
2
(12, 27)
--> Day : 4
-> Request 0
2
(2, 1, 1)
1
(47, 54)
-> Request 1
85
(1, 1, 2)
1
(59, 71)
-> Request 2
181
(1, 2, 1)
3
(58, 29)
-> Request 3
460
(4, 1, 2)
1
(51, 31)
-> Request 4
462
(3, 2, 1)
2
(8, 48)
-> Request 5
595
(2, 3, 1)
1
(63, 68)
-> Request 6
693
(3, 3, 1)
3
(52, 38)
-> Request 7
804
(3, 1, 1)
3
(58, 31)
-> Request 8
921
(4, 3, 2)
1
(55, 77)
-> Request 9
1101
(2, 2, 2)
1
(66, 3)
-> Request 10
1179
(3, 3, 2)
1
(45, 24)
-> Request 11
1246
(3, 2, 1)
3
(50, 37)
-> Request 12
1429
(2, 3, 1)
3
(54, 45)
---> Week : 92
--> Day : 0
-> Request 0
216
(1, 2, 1)
2
(40, 67)
-> Request 1
230
(3, 1, 2)
1
(43, 38)
-> Request 2
240
(3, 1, 1)
2
(54, 36)
-> Request 3
248
(4, 2, 1)
2
(64, 52)
-> Request 4
312
(3, 3, 2)
2
(49, 61)
-> Request 5
491
(1, 2, 2)
3
(55, 33)
-> Request 6
666
(2, 3, 1)
1
(55, 5)
-> Request 7
755
(1, 2, 2)
1
(60, 65)
-> Request 8
759
(1, 2, 2)
3
(21, 25)
-> Request 9
1195
(2, 2, 2)
1
(15, 6)
-> Request 10
1349
(2, 2, 2)
1
(4, 40)
-> Request 11
1360
(3, 2, 1)
3
(55, 41)
-> Request 12
1362
(2, 2, 1)
2
(55, 73)
--> Day : 1
-> Request 0
12
(3, 2, 1)
3
(15, 31)
-> Request 1
761
(2, 2, 1)
1
(39, 72)
-> Request 2
856
(4, 1, 2)
1
(55, 37)
-> Request 3
999
(3, 1, 1)
1
(52, 43)
-> Request 4
1177
(2, 3, 1)
1
(53, 40)
-> Request 5
1435
(1, 3, 2)
3
(67, 71)
--> Day : 2
-> Request 0
76
(1, 3, 2)
1
(59, 29)
-> Request 1
138
(1, 1, 2)
3
(46, 32)
-> Request 2
406
(2, 3, 1)
2
(66, 71)
-> Request 3
407
(2, 2, 1)
2
(58, 53)
-> Request 4
501
(2, 1, 2)
2
(39, 51)
-> Request 5
649
(4, 1, 1)
2
(53, 60)
-> Request 6
872
(1, 2, 1)
3
(1, 12)
--> Day : 3
-> Request 0
116
(4, 1, 2)
3
(60, 77)
-> Request 1
120
(2, 1, 1)
2
(50, 30)
-> Request 2
300
(4, 3, 1)
1
(60, 46)
-> Request 3
341
(1, 1, 1)
1
(43, 46)
-> Request 4
393
(1, 2, 1)
3
(55, 73)
-> Request 5
452
(4, 3, 2)
3
(50, 32)
-> Request 6
509
(3, 3, 1)
3
(57, 64)
-> Request 7
582
(3, 2, 1)
3
(49, 30)
-> Request 8
669
(1, 3, 1)
2
(76, 65)
-> Request 9
674
(2, 1, 2)
2
(47, 44)
-> Request 10
809
(4, 3, 2)
2
(59, 57)
-> Request 11
891
(3, 3, 2)
2
(19, 34)
-> Request 12
998
(1, 2, 1)
1
(50, 46)
-> Request 13
1335
(3, 3, 1)
3
(75, 49)
--> Day : 4
-> Request 0
148
(3, 1, 2)
2
(52, 74)
-> Request 1
154
(2, 1, 1)
1
(16, 22)
-> Request 2
254
(3, 3, 2)
2
(50, 39)
-> Request 3
260
(1, 3, 2)
3
(17, 25)
-> Request 4
561
(1, 1, 1)
2
(61, 46)
-> Request 5
586
(2, 2, 2)
3
(71, 0)
-> Request 6
649
(3, 3, 1)
3
(68, 33)
-> Request 7
815
(4, 2, 1)
1
(58, 71)
-> Request 8
864
(3, 1, 1)
2
(9, 23)
-> Request 9
1289
(3, 1, 2)
3
(44, 67)
-> Request 10
1298
(2, 2, 2)
2
(16, 21)
-> Request 11
1300
(4, 3, 2)
1
(68, 59)
-> Request 12
1373
(4, 3, 1)
3
(52, 66)
-> Request 13
1421
(1, 3, 2)
3
(45, 64)
---> Week : 93
--> Day : 0
-> Request 0
123
(3, 1, 2)
2
(11, 22)
-> Request 1
291
(4, 2, 2)
2
(58, 76)
-> Request 2
386
(4, 1, 1)
2
(40, 43)
-> Request 3
409
(2, 2, 2)
1
(11, 12)
-> Request 4
442
(3, 1, 1)
3
(25, 28)
-> Request 5
646
(1, 3, 2)
1
(44, 45)
-> Request 6
716
(4, 1, 2)
3
(45, 28)
-> Request 7
824
(2, 1, 2)
1
(53, 71)
-> Request 8
1139
(3, 2, 1)
2
(49, 8)
-> Request 9
1304
(4, 3, 1)
3
(10, 24)
-> Request 10
1408
(4, 3, 1)
2
(52, 37)
--> Day : 1
-> Request 0
75
(2, 2, 2)
2
(57, 40)
-> Request 1
150
(3, 3, 1)
2
(47, 45)
-> Request 2
864
(2, 2, 2)
1
(49, 8)
-> Request 3
910
(1, 3, 1)
3
(53, 13)
-> Request 4
919
(2, 3, 2)
3
(58, 77)
-> Request 5
949
(4, 1, 2)
2
(35, 43)
-> Request 6
962
(3, 2, 2)
1
(7, 48)
-> Request 7
1011
(2, 1, 2)
2
(68, 16)
-> Request 8
1036
(4, 1, 2)
2
(60, 74)
-> Request 9
1117
(1, 2, 1)
2
(49, 36)
-> Request 10
1364
(3, 3, 2)
2
(47, 50)
-> Request 11
1436
(4, 3, 1)
1
(42, 24)
--> Day : 2
-> Request 0
184
(4, 3, 2)
3
(66, 72)
-> Request 1
356
(4, 3, 2)
2
(62, 74)
-> Request 2
404
(4, 2, 1)
3
(61, 64)
-> Request 3
484
(1, 3, 2)
3
(54, 43)
-> Request 4
516
(1, 1, 2)
3
(47, 40)
-> Request 5
1098
(3, 3, 1)
2
(44, 42)
-> Request 6
1127
(2, 2, 2)
3
(50, 31)
-> Request 7
1213
(4, 2, 2)
2
(44, 34)
-> Request 8
1303
(1, 1, 2)
2
(55, 76)
-> Request 9
1312
(3, 2, 2)
1
(53, 44)
-> Request 10
1325
(3, 2, 1)
3
(60, 76)
-> Request 11
1405
(2, 3, 1)
1
(44, 40)
--> Day : 3
-> Request 0
52
(1, 3, 2)
3
(75, 3)
-> Request 1
112
(3, 3, 1)
3
(79, 3)
-> Request 2
313
(4, 2, 2)
1
(50, 49)
-> Request 3
426
(1, 2, 2)
2
(56, 68)
-> Request 4
442
(1, 2, 1)
3
(14, 20)
-> Request 5
716
(4, 2, 1)
1
(67, 74)
-> Request 6
827
(4, 1, 1)
3
(62, 43)
-> Request 7
1014
(3, 1, 2)
3
(44, 45)
-> Request 8
1029
(3, 3, 1)
2
(46, 4)
--> Day : 4
-> Request 0
4
(4, 2, 1)
2
(55, 36)
-> Request 1
61
(1, 3, 2)
3
(51, 33)
-> Request 2
349
(2, 1, 1)
1
(31, 61)
-> Request 3
364
(3, 3, 2)
3
(45, 30)
-> Request 4
371
(3, 3, 1)
2
(26, 35)
-> Request 5
457
(1, 3, 1)
2
(12, 68)
-> Request 6
457
(1, 2, 2)
3
(13, 78)
-> Request 7
951
(1, 2, 1)
2
(26, 21)
-> Request 8
1010
(2, 2, 2)
3
(36, 36)
-> Request 9
1017
(4, 3, 1)
3
(51, 42)
-> Request 10
1323
(3, 2, 2)
1
(72, 62)
-> Request 11
1376
(4, 3, 1)
1
(76, 74)
-> Request 12
1436
(1, 1, 1)
3
(19, 43)
---> Week : 94
--> Day : 0
-> Request 0
192
(1, 1, 1)
3
(31, 55)
-> Request 1
251
(4, 2, 1)
3
(28, 66)
-> Request 2
280
(2, 1, 1)
3
(59, 40)
-> Request 3
357
(4, 2, 2)
3
(10, 28)
-> Request 4
975
(2, 2, 2)
2
(44, 42)
-> Request 5
1034
(1, 2, 1)
2
(10, 25)
-> Request 6
1034
(1, 2, 2)
3
(52, 35)
-> Request 7
1055
(2, 3, 1)
3
(47, 27)
-> Request 8
1167
(2, 2, 1)
2
(50, 35)
-> Request 9
1210
(3, 3, 2)
1
(25, 45)
-> Request 10
1431
(4, 2, 2)
3
(55, 70)
--> Day : 1
-> Request 0
103
(2, 2, 2)
1
(55, 36)
-> Request 1
121
(1, 3, 2)
2
(31, 71)
-> Request 2
133
(4, 3, 2)
2
(57, 44)
-> Request 3
355
(4, 1, 2)
3
(10, 20)
-> Request 4
355
(3, 3, 2)
3
(13, 28)
-> Request 5
362
(2, 1, 2)
1
(69, 79)
-> Request 6
461
(2, 2, 1)
1
(45, 31)
-> Request 7
818
(3, 1, 1)
1
(62, 28)
-> Request 8
824
(3, 1, 2)
1
(19, 16)
-> Request 9
828
(1, 3, 1)
2
(55, 29)
-> Request 10
935
(3, 1, 2)
3
(45, 2)
-> Request 11
953
(1, 1, 2)
3
(13, 28)
-> Request 12
1018
(1, 1, 2)
1
(47, 38)
-> Request 13
1284
(4, 3, 2)
3
(53, 65)
--> Day : 2
-> Request 0
1
(3, 2, 1)
1
(51, 41)
-> Request 1
57
(3, 3, 1)
2
(51, 39)
-> Request 2
567
(3, 2, 1)
3
(52, 44)
-> Request 3
879
(4, 2, 2)
3
(63, 31)
-> Request 4
996
(4, 2, 2)
2
(13, 20)
-> Request 5
1014
(2, 1, 1)
3
(61, 35)
-> Request 6
1056
(4, 2, 1)
1
(33, 54)
-> Request 7
1074
(1, 2, 1)
2
(17, 27)
-> Request 8
1158
(1, 1, 1)
1
(58, 27)
-> Request 9
1175
(2, 3, 1)
1
(72, 13)
-> Request 10
1241
(2, 1, 2)
2
(54, 37)
-> Request 11
1323
(1, 2, 1)
1
(32, 75)
--> Day : 3
-> Request 0
345
(1, 3, 1)
1
(61, 61)
-> Request 1
381
(4, 3, 1)
2
(61, 70)
-> Request 2
396
(1, 3, 1)
3
(62, 69)
-> Request 3
452
(3, 2, 1)
2
(3, 50)
-> Request 4
593
(4, 3, 1)
3
(56, 31)
-> Request 5
803
(2, 3, 1)
2
(22, 71)
-> Request 6
924
(1, 2, 1)
2
(42, 39)
-> Request 7
1097
(3, 3, 1)
1
(54, 46)
-> Request 8
1169
(2, 3, 1)
3
(43, 39)
-> Request 9
1170
(1, 3, 1)
3
(9, 50)
--> Day : 4
-> Request 0
10
(2, 2, 2)
3
(30, 55)
-> Request 1
27
(4, 3, 2)
1
(43, 20)
-> Request 2
141
(2, 1, 1)
1
(61, 3)
-> Request 3
726
(3, 2, 1)
1
(55, 72)
-> Request 4
733
(4, 3, 2)
1
(50, 44)
-> Request 5
786
(2, 3, 1)
1
(21, 35)
-> Request 6
799
(3, 1, 2)
2
(12, 20)
-> Request 7
1225
(4, 2, 2)
1
(53, 30)
-> Request 8
1335
(4, 2, 1)
2
(37, 0)
---> Week : 95
--> Day : 0
-> Request 0
124
(1, 2, 2)
1
(52, 32)
-> Request 1
356
(1, 2, 1)
1
(76, 16)
-> Request 2
449
(3, 2, 2)
1
(53, 31)
-> Request 3
705
(1, 3, 2)
3
(58, 64)
-> Request 4
851
(1, 3, 1)
1
(43, 44)
-> Request 5
867
(4, 2, 1)
1
(3, 10)
-> Request 6
1050
(2, 2, 1)
1
(61, 72)
-> Request 7
1171
(3, 3, 1)
1
(71, 67)
-> Request 8
1191
(3, 3, 1)
3
(18, 41)
-> Request 9
1355
(4, 1, 1)
2
(49, 35)
--> Day : 1
-> Request 0
138
(2, 2, 1)
1
(45, 33)
-> Request 1
254
(3, 3, 1)
2
(42, 53)
-> Request 2
378
(1, 3, 1)
1
(58, 52)
-> Request 3
409
(3, 3, 2)
1
(44, 34)
-> Request 4
451
(4, 2, 2)
1
(8, 41)
-> Request 5
521
(2, 3, 1)
2
(46, 45)
-> Request 6
605
(2, 2, 2)
3
(15, 27)
-> Request 7
684
(2, 1, 1)
1
(11, 21)
-> Request 8
706
(3, 2, 1)
2
(45, 28)
-> Request 9
1050
(1, 1, 2)
3
(73, 43)
-> Request 10
1124
(2, 2, 2)
1
(57, 77)
-> Request 11
1265
(4, 2, 2)
2
(45, 66)
-> Request 12
1281
(2, 2, 2)
3
(52, 57)
-> Request 13
1432
(2, 1, 1)
3
(48, 45)
--> Day : 2
-> Request 0
32
(2, 2, 1)
2
(15, 22)
-> Request 1
67
(1, 2, 2)
2
(18, 17)
-> Request 2
120
(1, 2, 2)
3
(44, 77)
-> Request 3
336
(1, 3, 2)
2
(75, 60)
-> Request 4
376
(1, 1, 2)
3
(57, 71)
-> Request 5
440
(4, 3, 1)
2
(25, 3)
-> Request 6
480
(1, 1, 2)
1
(57, 36)
-> Request 7
816
(2, 2, 1)
1
(55, 43)
-> Request 8
871
(4, 2, 1)
2
(68, 44)
-> Request 9
883
(1, 1, 1)
3
(35, 8)
-> Request 10
996
(3, 3, 2)
1
(50, 74)
-> Request 11
1138
(2, 2, 1)
3
(69, 70)
-> Request 12
1177
(2, 2, 1)
2
(53, 40)
-> Request 13
1266
(1, 3, 1)
2
(59, 72)
-> Request 14
1283
(4, 2, 2)
1
(53, 74)
--> Day : 3
-> Request 0
65
(2, 3, 2)
2
(14, 20)
-> Request 1
167
(3, 3, 1)
3
(49, 20)
-> Request 2
195
(1, 1, 1)
1
(47, 45)
-> Request 3
558
(4, 3, 2)
1
(35, 59)
-> Request 4
721
(4, 2, 1)
3
(60, 35)
-> Request 5
832
(1, 2, 2)
2
(2, 61)
-> Request 6
976
(1, 3, 2)
2
(58, 32)
-> Request 7
1264
(2, 1, 1)
3
(52, 34)
-> Request 8
1322
(3, 2, 1)
3
(52, 66)
--> Day : 4
-> Request 0
6
(4, 2, 1)
1
(55, 35)
-> Request 1
55
(1, 3, 2)
1
(69, 28)
-> Request 2
244
(4, 3, 2)
1
(45, 35)
-> Request 3
709
(4, 2, 2)
3
(33, 29)
-> Request 4
1086
(4, 1, 1)
3
(27, 28)
-> Request 5
1173
(4, 1, 2)
1
(56, 51)
---> Week : 96
--> Day : 0
-> Request 0
170
(3, 3, 2)
2
(54, 32)
-> Request 1
713
(3, 1, 2)
2
(39, 66)
-> Request 2
946
(4, 2, 2)
2
(27, 19)
-> Request 3
947
(3, 2, 2)
1
(53, 42)
-> Request 4
996
(4, 1, 1)
1
(61, 37)
-> Request 5
1031
(4, 3, 1)
3
(60, 35)
-> Request 6
1183
(4, 2, 2)
3
(47, 22)
-> Request 7
1306
(2, 2, 2)
1
(69, 45)
-> Request 8
1322
(4, 3, 2)
2
(46, 66)
-> Request 9
1383
(2, 2, 2)
3
(14, 25)
--> Day : 1
-> Request 0
401
(1, 1, 2)
2
(60, 1)
-> Request 1
443
(1, 1, 1)
1
(43, 45)
-> Request 2
553
(1, 3, 2)
1
(60, 65)
-> Request 3
680
(2, 2, 1)
1
(51, 56)
-> Request 4
701
(3, 1, 1)
1
(49, 71)
-> Request 5
719
(4, 1, 1)
2
(55, 40)
-> Request 6
791
(1, 3, 1)
1
(55, 75)
-> Request 7
824
(1, 3, 2)
1
(66, 65)
-> Request 8
944
(1, 2, 2)
3
(61, 42)
-> Request 9
1092
(1, 2, 1)
3
(31, 24)
-> Request 10
1244
(4, 3, 1)
3
(15, 52)
-> Request 11
1311
(4, 1, 2)
3
(37, 36)
-> Request 12
1419
(1, 3, 1)
3
(20, 66)
--> Day : 2
-> Request 0
27
(3, 1, 1)
1
(47, 45)
-> Request 1
39
(1, 2, 1)
1
(11, 25)
-> Request 2
140
(2, 3, 2)
1
(13, 21)
-> Request 3
255
(3, 1, 1)
1
(59, 34)
-> Request 4
454
(4, 3, 1)
1
(41, 62)
-> Request 5
460
(4, 2, 1)
1
(69, 54)
-> Request 6
472
(2, 3, 2)
1
(3, 52)
-> Request 7
578
(2, 2, 1)
1
(61, 67)
-> Request 8
734
(4, 3, 2)
3
(63, 34)
--> Day : 3
-> Request 0
0
(4, 1, 2)
1
(53, 39)
-> Request 1
19
(3, 3, 2)
2
(12, 5)
-> Request 2
167
(2, 1, 2)
1
(57, 35)
-> Request 3
209
(4, 1, 1)
2
(16, 28)
-> Request 4
328
(3, 1, 1)
3
(10, 70)
-> Request 5
429
(1, 2, 1)
3
(21, 63)
-> Request 6
547
(2, 2, 2)
1
(29, 60)
-> Request 7
565
(2, 3, 2)
1
(12, 29)
-> Request 8
754
(4, 1, 2)
1
(59, 66)
-> Request 9
874
(1, 1, 2)
3
(9, 26)
-> Request 10
921
(3, 3, 1)
3
(47, 38)
-> Request 11
1423
(1, 3, 1)
1
(69, 6)
--> Day : 4
-> Request 0
64
(4, 2, 1)
1
(58, 72)
-> Request 1
157
(4, 1, 1)
3
(49, 14)
-> Request 2
255
(3, 3, 2)
2
(33, 3)
-> Request 3
438
(1, 2, 2)
2
(58, 34)
-> Request 4
907
(4, 2, 2)
1
(54, 35)
-> Request 5
969
(3, 1, 1)
3
(62, 65)
---> Week : 97
--> Day : 0
-> Request 0
51
(1, 2, 2)
1
(58, 18)
-> Request 1
63
(1, 1, 2)
1
(62, 26)
-> Request 2
275
(4, 3, 1)
2
(64, 37)
-> Request 3
307
(2, 1, 2)
1
(46, 33)
-> Request 4
471
(3, 1, 1)
1
(10, 28)
-> Request 5
627
(4, 3, 2)
1
(65, 35)
-> Request 6
954
(4, 3, 1)
1
(42, 67)
-> Request 7
1008
(4, 3, 2)
3
(57, 67)
--> Day : 1
-> Request 0
187
(3, 1, 2)
1
(44, 29)
-> Request 1
496
(2, 3, 1)
1
(51, 64)
-> Request 2
583
(2, 1, 1)
2
(7, 32)
-> Request 3
608
(2, 1, 2)
2
(33, 9)
-> Request 4
688
(1, 1, 2)
3
(17, 28)
-> Request 5
725
(2, 2, 1)
1
(45, 35)
-> Request 6
829
(2, 3, 2)
3
(3, 29)
-> Request 7
902
(2, 2, 2)
3
(53, 45)
-> Request 8
982
(1, 2, 2)
1
(46, 41)
-> Request 9
996
(4, 3, 2)
1
(52, 42)
-> Request 10
1141
(4, 2, 1)
2
(63, 77)
-> Request 11
1245
(3, 2, 2)
1
(11, 16)
--> Day : 2
-> Request 0
197
(2, 2, 1)
1
(70, 15)
-> Request 1
263
(2, 3, 2)
2
(10, 26)
-> Request 2
330
(1, 2, 1)
3
(9, 35)
-> Request 3
371
(3, 1, 2)
1
(46, 31)
-> Request 4
775
(2, 2, 2)
2
(58, 35)
-> Request 5
869
(1, 2, 1)
1
(61, 33)
-> Request 6
913
(4, 1, 1)
3
(59, 39)
-> Request 7
1014
(2, 3, 2)
3
(61, 44)
-> Request 8
1113
(4, 3, 2)
2
(43, 40)
-> Request 9
1134
(3, 1, 1)
2
(69, 28)
-> Request 10
1135
(3, 2, 2)
1
(45, 32)
-> Request 11
1140
(4, 1, 2)
1
(10, 28)
--> Day : 3
-> Request 0
93
(3, 3, 1)
1
(31, 54)
-> Request 1
134
(4, 2, 1)
2
(68, 1)
-> Request 2
383
(3, 3, 1)
3
(62, 30)
-> Request 3
1115
(2, 1, 2)
3
(49, 40)
-> Request 4
1141
(1, 2, 1)
1
(61, 43)
-> Request 5
1149
(2, 3, 2)
1
(58, 27)
-> Request 6
1222
(2, 3, 1)
3
(58, 76)
-> Request 7
1355
(4, 2, 1)
2
(58, 70)
--> Day : 4
-> Request 0
41
(2, 1, 1)
1
(43, 69)
-> Request 1
286
(1, 3, 1)
1
(61, 44)
-> Request 2
365
(3, 1, 2)
2
(13, 48)
-> Request 3
455
(3, 2, 1)
3
(51, 30)
-> Request 4
488
(1, 1, 1)
1
(58, 13)
-> Request 5
684
(3, 1, 1)
3
(34, 43)
-> Request 6
885
(1, 1, 2)
2
(8, 23)
-> Request 7
1189
(2, 1, 1)
2
(41, 76)
-> Request 8
1307
(2, 2, 1)
2
(66, 70)
-> Request 9
1384
(3, 1, 2)
3
(34, 24)
-> Request 10
1403
(1, 2, 2)
2
(49, 11)
---> Week : 98
--> Day : 0
-> Request 0
58
(4, 2, 1)
3
(32, 68)
-> Request 1
103
(1, 3, 1)
3
(67, 36)
-> Request 2
227
(3, 2, 2)
2
(66, 66)
-> Request 3
327
(2, 1, 2)
3
(42, 0)
-> Request 4
470
(2, 1, 1)
1
(58, 70)
-> Request 5
801
(1, 2, 1)
1
(54, 40)
-> Request 6
809
(1, 2, 2)
2
(72, 6)
-> Request 7
1008
(2, 1, 2)
2
(9, 27)
-> Request 8
1140
(1, 1, 2)
3
(48, 28)
-> Request 9
1183
(1, 2, 2)
2
(58, 77)
--> Day : 1
-> Request 0
115
(4, 1, 2)
1
(59, 75)
-> Request 1
173
(2, 3, 2)
2
(44, 44)
-> Request 2
424
(4, 1, 1)
1
(55, 35)
-> Request 3
761
(4, 2, 1)
3
(71, 38)
-> Request 4
871
(4, 3, 2)
1
(65, 76)
-> Request 5
883
(2, 2, 2)
2
(34, 63)
-> Request 6
901
(2, 1, 1)
1
(54, 42)
-> Request 7
1121
(4, 1, 2)
2
(54, 73)
-> Request 8
1375
(2, 2, 1)
2
(4, 57)
--> Day : 2
-> Request 0
23
(4, 3, 1)
3
(20, 39)
-> Request 1
81
(4, 2, 2)
3
(59, 45)
-> Request 2
284
(4, 1, 1)
2
(2, 78)
-> Request 3
373
(4, 3, 2)
2
(61, 75)
-> Request 4
491
(1, 2, 2)
1
(77, 69)
-> Request 5
552
(3, 3, 1)
3
(17, 28)
-> Request 6
598
(3, 2, 1)
3
(46, 30)
-> Request 7
842
(1, 2, 1)
2
(47, 40)
-> Request 8
950
(3, 3, 2)
1
(63, 71)
-> Request 9
969
(2, 1, 2)
2
(55, 68)
-> Request 10
1198
(2, 3, 1)
1
(53, 46)
-> Request 11
1274
(1, 1, 1)
1
(38, 77)
-> Request 12
1288
(4, 3, 1)
3
(74, 19)
-> Request 13
1386
(1, 2, 2)
2
(11, 14)
--> Day : 3
-> Request 0
9
(1, 3, 1)
1
(42, 73)
-> Request 1
205
(1, 2, 2)
1
(57, 28)
-> Request 2
305
(4, 1, 1)
3
(13, 24)
-> Request 3
417
(2, 2, 2)
3
(32, 14)
-> Request 4
597
(1, 3, 1)
1
(51, 76)
-> Request 5
831
(4, 2, 1)
1
(45, 41)
-> Request 6
966
(2, 3, 2)
2
(8, 29)
-> Request 7
972
(3, 1, 1)
2
(52, 65)
-> Request 8
1038
(2, 2, 1)
3
(44, 31)
-> Request 9
1080
(2, 2, 1)
1
(50, 27)
-> Request 10
1090
(4, 3, 2)
1
(73, 60)
-> Request 11
1169
(2, 3, 1)
1
(44, 41)
-> Request 12
1232
(3, 3, 1)
3
(5, 50)
--> Day : 4
-> Request 0
23
(1, 2, 2)
3
(21, 23)
-> Request 1
53
(4, 2, 2)
1
(43, 32)
-> Request 2
117
(4, 3, 1)
1
(61, 65)
-> Request 3
208
(2, 2, 2)
2
(68, 58)
-> Request 4
238
(1, 3, 2)
3
(45, 41)
-> Request 5
304
(4, 2, 2)
1
(52, 41)
-> Request 6
331
(4, 1, 1)
3
(45, 30)
-> Request 7
517
(1, 2, 1)
3
(63, 77)
-> Request 8
655
(2, 3, 2)
2
(52, 31)
-> Request 9
725
(4, 3, 2)
2
(70, 68)
-> Request 10
944
(2, 1, 1)
3
(59, 28)
-> Request 11
947
(2, 2, 1)
3
(54, 71)
-> Request 12
1028
(1, 3, 2)
1
(66, 73)
-> Request 13
1062
(4, 2, 1)
1
(54, 64)
-> Request 14
1081
(2, 3, 1)
2
(53, 72)
-> Request 15
1090
(4, 1, 2)
3
(47, 35)
-> Request 16
1186
(1, 1, 2)
2
(44, 36)
---> Week : 99
--> Day : 0
-> Request 0
27
(3, 2, 2)
1
(52, 39)
-> Request 1
184
(1, 1, 2)
1
(55, 68)
-> Request 2
224
(3, 1, 2)
3
(57, 36)
-> Request 3
531
(3, 3, 2)
3
(26, 63)
-> Request 4
768
(3, 1, 1)
1
(12, 8)
-> Request 5
966
(1, 1, 2)
1
(52, 31)
-> Request 6
1160
(4, 1, 2)
3
(8, 6)
-> Request 7
1286
(4, 2, 2)
3
(64, 75)
-> Request 8
1315
(4, 1, 2)
1
(44, 46)
--> Day : 1
-> Request 0
212
(2, 1, 2)
3
(59, 32)
-> Request 1
688
(3, 1, 1)
3
(21, 19)
-> Request 2
986
(3, 2, 2)
2
(43, 5)
-> Request 3
1099
(1, 3, 2)
3
(58, 69)
-> Request 4
1118
(4, 1, 2)
2
(60, 64)
-> Request 5
1187
(4, 3, 1)
1
(27, 51)
-> Request 6
1325
(1, 1, 2)
2
(64, 75)
--> Day : 2
-> Request 0
3
(3, 2, 1)
2
(16, 48)
-> Request 1
1135
(1, 3, 1)
1
(46, 32)
--> Day : 3
-> Request 0
43
(2, 1, 1)
3
(28, 48)
-> Request 1
233
(1, 1, 2)
3
(51, 8)
-> Request 2
704
(4, 3, 1)
2
(48, 46)
-> Request 3
801
(4, 1, 2)
3
(65, 69)
--> Day : 4
-> Request 0
250
(4, 1, 2)
1
(36, 19)
-> Request 1
346
(3, 1, 2)
3
(13, 52)
-> Request 2
533
(4, 2, 1)
1
(8, 23)
-> Request 3
831
(2, 1, 1)
1
(63, 73)
-> Request 4
856
(2, 1, 2)
1
(10, 25)
-> Request 5
905
(2, 3, 2)
3
(59, 60)
-> Request 6
932
(2, 1, 1)
3
(72, 25)
-> Request 7
1148
(3, 3, 2)
3
(55, 28)
-> Request 8
1229
(3, 2, 2)
2
(23, 49)
-> Request 9
1390
(1, 2, 2)
2
(47, 62)
---> Week : 100
--> Day : 0
-> Request 0
384
(4, 1, 1)
1
(18, 10)
-> Request 1
489
(3, 2, 1)
1
(73, 32)
-> Request 2
781
(1, 3, 2)
1
(46, 41)
-> Request 3
852
(3, 3, 1)
2
(75, 64)
-> Request 4
1053
(3, 2, 1)
2
(60, 42)
-> Request 5
1118
(3, 1, 1)
3
(64, 25)
-> Request 6
1418
(2, 3, 2)
2
(54, 45)
-> Request 7
1437
(4, 1, 2)
1
(47, 23)
--> Day : 1
-> Request 0
241
(1, 1, 1)
3
(73, 74)
-> Request 1
849
(4, 1, 2)
2
(33, 29)
-> Request 2
879
(3, 1, 1)
2
(0, 64)
-> Request 3
940
(2, 2, 2)
3
(59, 16)
-> Request 4
1036
(3, 1, 1)
1
(58, 3)
-> Request 5
1214
(4, 1, 2)
2
(2, 34)
-> Request 6
1348
(3, 3, 2)
2
(31, 67)
--> Day : 2
-> Request 0
1153
(3, 2, 2)
3
(54, 4)
-> Request 1
1300
(3, 1, 1)
2
(12, 23)
-> Request 2
1353
(3, 2, 1)
2
(65, 77)
-> Request 3
1431
(3, 2, 1)
2
(24, 30)
--> Day : 3
-> Request 0
66
(1, 2, 1)
2
(35, 44)
-> Request 1
117
(1, 2, 1)
2
(52, 44)
-> Request 2
412
(3, 2, 2)
2
(48, 76)
-> Request 3
495
(3, 1, 2)
3
(61, 74)
-> Request 4
644
(3, 2, 2)
3
(64, 4)
-> Request 5
647
(2, 2, 2)
3
(48, 42)
-> Request 6
865
(2, 2, 1)
3
(53, 32)
-> Request 7
966
(1, 2, 2)
3
(19, 53)
-> Request 8
1010
(1, 1, 1)
1
(54, 29)
-> Request 9
1033
(2, 2, 2)
1
(65, 68)
--> Day : 4
-> Request 0
46
(2, 3, 1)
3
(19, 65)
-> Request 1
196
(3, 1, 1)
3
(5, 55)
-> Request 2
745
(1, 3, 2)
1
(49, 36)
-> Request 3
1180
(3, 3, 2)
1
(48, 29)
-> Request 4
1309
(1, 1, 1)
1
(44, 72)
-> Request 5
1312
(4, 1, 1)
3
(53, 5)
---> Week : 101
--> Day : 0
-> Request 0
118
(3, 3, 2)
3
(57, 38)
-> Request 1
149
(1, 3, 1)
2
(6, 7)
-> Request 2
449
(3, 1, 2)
1
(52, 38)
-> Request 3
857
(4, 2, 1)
1
(73, 1)
-> Request 4
1089
(3, 2, 2)
1
(13, 69)
-> Request 5
1144
(4, 1, 1)
3
(25, 4)
-> Request 6
1371
(3, 2, 2)
1
(20, 62)
-> Request 7
1385
(2, 1, 2)
1
(48, 39)
--> Day : 1
-> Request 0
320
(1, 3, 1)
3
(64, 69)
-> Request 1
354
(4, 1, 1)
2
(69, 62)
-> Request 2
413
(3, 1, 2)
1
(39, 60)
-> Request 3
722
(4, 3, 2)
3
(57, 78)
-> Request 4
845
(4, 3, 1)
1
(9, 23)
-> Request 5
893
(2, 2, 2)
3
(5, 11)
-> Request 6
964
(2, 2, 2)
3
(66, 65)
-> Request 7
969
(4, 1, 2)
2
(55, 41)
-> Request 8
1088
(2, 3, 1)
3
(45, 40)
-> Request 9
1217
(4, 2, 2)
2
(47, 36)
-> Request 10
1250
(1, 3, 1)
2
(64, 65)
--> Day : 2
-> Request 0
32
(1, 3, 2)
2
(55, 37)
-> Request 1
85
(4, 2, 2)
3
(50, 45)
-> Request 2
282
(1, 3, 1)
2
(71, 64)
-> Request 3
351
(2, 2, 2)
2
(63, 78)
-> Request 4
374
(4, 1, 1)
1
(14, 29)
-> Request 5
482
(2, 2, 1)
2
(76, 66)
-> Request 6
632
(2, 3, 1)
1
(48, 33)
-> Request 7
774
(4, 1, 1)
1
(16, 25)
-> Request 8
885
(2, 3, 2)
1
(28, 40)
-> Request 9
1206
(2, 3, 1)
3
(53, 75)
-> Request 10
1267
(4, 3, 2)
2
(57, 69)
-> Request 11
1357
(1, 3, 2)
3
(60, 43)
--> Day : 3
-> Request 0
22
(4, 2, 2)
3
(11, 21)
-> Request 1
113
(1, 2, 2)
3
(8, 28)
-> Request 2
186
(4, 3, 1)
2
(63, 6)
-> Request 3
753
(4, 3, 2)
1
(72, 2)
-> Request 4
879
(1, 2, 1)
2
(66, 65)
-> Request 5
906
(1, 3, 1)
1
(42, 62)
-> Request 6
1153
(2, 3, 1)
1
(9, 28)
-> Request 7
1202
(4, 2, 2)
3
(63, 25)
-> Request 8
1272
(2, 1, 2)
2
(56, 29)
-> Request 9
1394
(4, 2, 1)
3
(8, 3)
--> Day : 4
-> Request 0
221
(3, 2, 2)
3
(59, 46)
-> Request 1
271
(3, 1, 1)
1
(70, 30)
-> Request 2
427
(4, 1, 2)
2
(62, 33)
-> Request 3
457
(4, 1, 1)
1
(15, 46)
-> Request 4
489
(4, 2, 2)
2
(46, 38)
-> Request 5
916
(4, 3, 2)
3
(55, 69)
---> Week : 102
--> Day : 0
-> Request 0
157
(1, 3, 2)
3
(54, 43)
-> Request 1
221
(4, 3, 2)
3
(62, 28)
-> Request 2
667
(2, 1, 2)
3
(16, 25)
-> Request 3
716
(2, 2, 2)
2
(61, 73)
-> Request 4
925
(4, 2, 2)
3
(50, 37)
-> Request 5
925
(2, 2, 2)
1
(65, 77)
-> Request 6
944
(1, 2, 1)
2
(9, 32)
-> Request 7
1050
(1, 3, 1)
1
(56, 35)
-> Request 8
1325
(1, 3, 2)
1
(53, 64)
-> Request 9
1352
(1, 2, 1)
1
(32, 20)
--> Day : 1
-> Request 0
376
(2, 1, 1)
3
(66, 72)
-> Request 1
479
(1, 3, 2)
3
(19, 35)
-> Request 2
550
(3, 1, 2)
1
(60, 71)
-> Request 3
713
(1, 1, 2)
2
(14, 28)
-> Request 4
780
(1, 1, 1)
3
(52, 65)
-> Request 5
919
(4, 3, 2)
3
(49, 32)
-> Request 6
1163
(3, 2, 2)
2
(77, 57)
-> Request 7
1191
(1, 2, 2)
2
(52, 43)
-> Request 8
1429
(2, 3, 1)
3
(6, 14)
--> Day : 2
-> Request 0
138
(1, 3, 1)
2
(63, 4)
-> Request 1
450
(3, 1, 2)
2
(17, 26)
-> Request 2
719
(1, 2, 1)
3
(65, 73)
-> Request 3
740
(2, 2, 1)
2
(64, 41)
-> Request 4
832
(2, 2, 1)
1
(71, 52)
-> Request 5
938
(1, 2, 1)
2
(23, 41)
-> Request 6
997
(3, 1, 2)
3
(69, 20)
-> Request 7
1059
(4, 3, 2)
3
(61, 37)
-> Request 8
1253
(4, 2, 2)
2
(52, 42)
-> Request 9
1269
(3, 1, 1)
3
(21, 70)
-> Request 10
1310
(2, 2, 1)
2
(61, 68)
-> Request 11
1403
(4, 2, 1)
1
(61, 31)
-> Request 12
1423
(3, 2, 1)
1
(55, 68)
--> Day : 3
-> Request 0
181
(3, 1, 2)
3
(10, 27)
-> Request 1
252
(2, 2, 1)
1
(24, 67)
-> Request 2
311
(2, 2, 1)
2
(41, 15)
-> Request 3
769
(3, 3, 1)
2
(73, 28)
-> Request 4
881
(1, 3, 1)
2
(1, 30)
-> Request 5
956
(1, 3, 2)
3
(53, 2)
-> Request 6
1026
(3, 2, 2)
3
(59, 41)
-> Request 7
1176
(4, 3, 2)
2
(63, 75)
-> Request 8
1316
(1, 3, 1)
3
(62, 66)
-> Request 9
1369
(3, 3, 1)
2
(39, 36)
--> Day : 4
-> Request 0
19
(4, 3, 1)
1
(46, 23)
-> Request 1
98
(1, 1, 1)
3
(55, 78)
-> Request 2
477
(1, 1, 1)
1
(63, 73)
-> Request 3
793
(2, 3, 1)
3
(49, 43)
-> Request 4
888
(2, 2, 1)
3
(65, 72)
-> Request 5
1158
(2, 1, 2)
3
(15, 41)
-> Request 6
1166
(2, 1, 1)
3
(35, 18)
-> Request 7
1421
(4, 3, 1)
3
(46, 34)
---> Week : 103
--> Day : 0
-> Request 0
84
(1, 3, 2)
2
(58, 33)
-> Request 1
373
(2, 3, 2)
1
(9, 38)
-> Request 2
482
(4, 3, 1)
2
(72, 0)
-> Request 3
503
(1, 3, 1)
3
(59, 46)
-> Request 4
800
(4, 1, 2)
2
(55, 78)
-> Request 5
821
(2, 2, 2)
1
(55, 1)
-> Request 6
872
(1, 1, 1)
2
(53, 42)
-> Request 7
1023
(2, 2, 1)
2
(15, 38)
-> Request 8
1049
(2, 3, 1)
1
(5, 5)
-> Request 9
1060
(4, 1, 1)
2
(24, 32)
-> Request 10
1138
(4, 2, 2)
3
(46, 35)
-> Request 11
1260
(1, 2, 1)
1
(76, 34)
--> Day : 1
-> Request 0
58
(3, 3, 1)
1
(13, 51)
-> Request 1
82
(1, 2, 1)
2
(57, 74)
-> Request 2
189
(2, 3, 1)
2
(50, 28)
-> Request 3
452
(3, 3, 2)
1
(55, 72)
-> Request 4
544
(3, 1, 1)
2
(15, 15)
-> Request 5
646
(3, 1, 1)
3
(47, 40)
-> Request 6
656
(3, 1, 1)
1
(37, 61)
-> Request 7
755
(3, 1, 2)
2
(20, 14)
-> Request 8
872
(3, 2, 1)
3
(52, 32)
-> Request 9
1349
(3, 1, 2)
2
(62, 68)
-> Request 10
1396
(3, 2, 2)
2
(13, 20)
--> Day : 2
-> Request 0
6
(2, 2, 1)
2
(8, 27)
-> Request 1
31
(4, 1, 1)
3
(72, 15)
-> Request 2
75
(3, 1, 1)
2
(45, 31)
-> Request 3
763
(3, 3, 1)
2
(58, 64)
-> Request 4
817
(3, 2, 1)
3
(43, 29)
-> Request 5
1268
(1, 3, 2)
3
(40, 12)
-> Request 6
1403
(2, 3, 2)
2
(56, 43)
--> Day : 3
-> Request 0
15
(2, 2, 1)
3
(60, 70)
-> Request 1
209
(2, 1, 1)
2
(37, 49)
-> Request 2
265
(2, 3, 2)
2
(62, 37)
-> Request 3
364
(4, 3, 2)
1
(9, 71)
-> Request 4
424
(2, 1, 2)
3
(54, 43)
-> Request 5
572
(4, 3, 1)
1
(62, 78)
-> Request 6
618
(4, 3, 2)
3
(50, 36)
-> Request 7
700
(1, 1, 1)
1
(5, 22)
-> Request 8
731
(1, 1, 2)
2
(74, 44)
-> Request 9
794
(2, 3, 2)
3
(62, 10)
-> Request 10
802
(3, 1, 1)
3
(30, 10)
-> Request 11
848
(4, 1, 1)
1
(34, 47)
-> Request 12
931
(3, 3, 2)
1
(28, 10)
-> Request 13
941
(2, 1, 2)
1
(49, 29)
-> Request 14
943
(4, 3, 1)
3
(60, 41)
-> Request 15
1122
(4, 3, 2)
2
(0, 15)
-> Request 16
1170
(2, 1, 1)
1
(74, 15)
-> Request 17
1208
(4, 1, 1)
1
(0, 29)
--> Day : 4
-> Request 0
210
(4, 3, 1)
3
(49, 27)
-> Request 1
236
(1, 3, 1)
1
(51, 69)
-> Request 2
447
(3, 3, 2)
2
(49, 57)
-> Request 3
475
(4, 3, 1)
3
(43, 41)
-> Request 4
771
(2, 2, 1)
3
(60, 28)
-> Request 5
851
(4, 1, 2)
3
(43, 27)
-> Request 6
910
(3, 1, 1)
1
(78, 27)
-> Request 7
923
(2, 2, 2)
1
(69, 55)
-> Request 8
1032
(3, 3, 2)
1
(60, 27)
-> Request 9
1252
(2, 2, 2)
1
(74, 11)
-> Request 10
1388
(2, 3, 2)
3
(0, 63)
---> Week : 104
--> Day : 0
-> Request 0
219
(1, 3, 2)
3
(61, 59)
-> Request 1
313
(4, 1, 1)
2
(56, 66)
-> Request 2
666
(1, 3, 1)
3
(55, 41)
-> Request 3
698
(1, 3, 2)
2
(63, 64)
-> Request 4
806
(2, 2, 2)
2
(32, 30)
-> Request 5
842
(4, 3, 1)
2
(44, 42)
-> Request 6
872
(3, 3, 1)
3
(49, 42)
-> Request 7
1027
(4, 3, 1)
1
(66, 75)
-> Request 8
1178
(4, 3, 2)
1
(13, 58)
-> Request 9
1352
(2, 2, 2)
3
(77, 41)
-> Request 10
1403
(2, 1, 1)
1
(51, 32)
--> Day : 1
-> Request 0
12
(4, 3, 2)
3
(16, 20)
-> Request 1
13
(2, 2, 1)
2
(23, 53)
-> Request 2
477
(2, 1, 2)
1
(36, 46)
-> Request 3
589
(1, 2, 2)
3
(52, 40)
-> Request 4
709
(3, 3, 2)
3
(62, 74)
-> Request 5
1256
(3, 2, 2)
2
(61, 2)
-> Request 6
1294
(2, 2, 1)
2
(49, 35)
-> Request 7
1358
(3, 3, 2)
1
(20, 10)
--> Day : 2
-> Request 0
6
(4, 1, 2)
3
(66, 64)
-> Request 1
133
(3, 2, 1)
1
(53, 70)
-> Request 2
410
(3, 3, 1)
2
(71, 72)
-> Request 3
460
(4, 2, 1)
1
(54, 69)
-> Request 4
558
(3, 1, 2)
2
(23, 23)
-> Request 5
558
(4, 3, 2)
1
(67, 78)
-> Request 6
679
(3, 3, 1)
3
(62, 31)
-> Request 7
694
(3, 1, 1)
1
(51, 42)
-> Request 8
705
(1, 2, 2)
2
(45, 43)
-> Request 9
976
(3, 2, 1)
3
(31, 44)
-> Request 10
1218
(3, 1, 2)
1
(59, 28)
-> Request 11
1305
(3, 3, 2)
2
(24, 0)
-> Request 12
1353
(2, 2, 2)
1
(57, 78)
-> Request 13
1388
(1, 2, 2)
3
(15, 66)
--> Day : 3
-> Request 0
220
(3, 2, 2)
2
(8, 25)
-> Request 1
540
(3, 2, 2)
1
(5, 24)
-> Request 2
693
(1, 1, 2)
1
(49, 45)
-> Request 3
993
(4, 3, 2)
1
(55, 34)
--> Day : 4
-> Request 0
82
(4, 3, 2)
2
(14, 26)
-> Request 1
203
(4, 1, 1)
1
(75, 53)
-> Request 2
224
(3, 2, 1)
1
(61, 38)
-> Request 3
864
(1, 3, 1)
2
(17, 55)
-> Request 4
977
(4, 1, 1)
1
(56, 38)
-> Request 5
1022
(4, 3, 1)
1
(4, 76)
-> Request 6
1024
(2, 1, 1)
2
(14, 58)
-> Request 7
1121
(1, 3, 2)
1
(70, 19)
-> Request 8
1231
(2, 1, 1)
3
(48, 31)
-> Request 9
1304
(1, 3, 1)
2
(62, 46)
-> Request 10
1398
(2, 3, 2)
3
(4, 0)
---> Week : 105
--> Day : 0
-> Request 0
3
(2, 1, 2)
1
(58, 38)
-> Request 1
344
(3, 3, 2)
2
(40, 11)
-> Request 2
415
(4, 1, 1)
3
(46, 41)
-> Request 3
478
(2, 2, 2)
1
(62, 16)
-> Request 4
708
(4, 1, 2)
1
(2, 24)
-> Request 5
992
(2, 1, 2)
1
(58, 34)
-> Request 6
1002
(1, 1, 1)
2
(49, 36)
-> Request 7
1108
(2, 2, 1)
3
(8, 27)
-> Request 8
1127
(3, 2, 2)
1
(1, 37)
-> Request 9
1187
(1, 2, 2)
3
(10, 21)
-> Request 10
1322
(1, 1, 2)
1
(58, 28)
-> Request 11
1328
(4, 3, 1)
3
(58, 66)
-> Request 12
1329
(1, 2, 2)
3
(14, 29)
--> Day : 1
-> Request 0
145
(3, 2, 2)
3
(56, 39)
-> Request 1
173
(4, 2, 1)
3
(43, 39)
-> Request 2
237
(2, 2, 2)
3
(57, 70)
-> Request 3
642
(3, 2, 2)
1
(59, 29)
-> Request 4
734
(2, 3, 1)
3
(52, 72)
-> Request 5
777
(4, 3, 2)
1
(47, 1)
-> Request 6
1102
(2, 3, 1)
3
(61, 66)
-> Request 7
1298
(1, 2, 1)
2
(17, 22)
--> Day : 2
-> Request 0
111
(4, 1, 2)
2
(47, 44)
-> Request 1
199
(4, 2, 1)
2
(45, 42)
-> Request 2
485
(4, 3, 2)
2
(64, 21)
-> Request 3
647
(2, 2, 1)
3
(42, 23)
-> Request 4
822
(1, 3, 2)
3
(14, 69)
-> Request 5
1261
(4, 2, 2)
1
(11, 21)
--> Day : 3
-> Request 0
102
(1, 1, 1)
1
(60, 77)
-> Request 1
118
(4, 1, 1)
3
(54, 74)
-> Request 2
354
(1, 3, 1)
3
(11, 27)
-> Request 3
739
(1, 2, 1)
1
(65, 67)
-> Request 4
756
(3, 1, 1)
2
(30, 26)
-> Request 5
1032
(1, 3, 1)
3
(46, 33)
-> Request 6
1177
(1, 2, 1)
2
(44, 51)
-> Request 7
1196
(1, 2, 2)
2
(55, 76)
-> Request 8
1197
(4, 1, 2)
3
(62, 27)
--> Day : 4
-> Request 0
631
(2, 2, 2)
3
(67, 43)
-> Request 1
895
(1, 1, 1)
1
(47, 41)
-> Request 2
996
(3, 3, 1)
3
(61, 75)
-> Request 3
1185
(4, 1, 2)
3
(64, 65)
---> Week : 106
--> Day : 0
-> Request 0
121
(2, 2, 2)
1
(55, 67)
-> Request 1
265
(4, 2, 1)
2
(34, 28)
-> Request 2
506
(2, 2, 2)
2
(61, 31)
-> Request 3
530
(1, 2, 1)
1
(43, 35)
-> Request 4
746
(4, 2, 1)
1
(60, 67)
-> Request 5
1005
(2, 2, 1)
1
(32, 15)
-> Request 6
1017
(3, 3, 2)
1
(57, 68)
--> Day : 1
-> Request 0
46
(3, 2, 2)
2
(59, 29)
-> Request 1
397
(1, 3, 2)
2
(16, 23)
-> Request 2
423
(3, 1, 2)
1
(74, 73)
-> Request 3
433
(4, 1, 2)
3
(20, 31)
-> Request 4
663
(1, 1, 1)
2
(73, 6)
-> Request 5
883
(3, 2, 1)
2
(45, 39)
-> Request 6
1234
(3, 1, 2)
2
(27, 8)
-> Request 7
1257
(3, 1, 2)
1
(41, 9)
-> Request 8
1331
(2, 2, 1)
2
(54, 72)
-> Request 9
1373
(4, 2, 1)
2
(0, 49)
-> Request 10
1394
(4, 2, 1)
1
(57, 21)
--> Day : 2
-> Request 0
61
(4, 3, 2)
1
(59, 67)
-> Request 1
393
(1, 1, 1)
2
(38, 16)
-> Request 2
474
(4, 3, 2)
3
(5, 65)
-> Request 3
616
(3, 2, 2)
3
(58, 46)
-> Request 4
795
(4, 2, 2)
1
(59, 33)
-> Request 5
937
(4, 3, 1)
1
(62, 44)
-> Request 6
1020
(3, 1, 2)
3
(48, 30)
-> Request 7
1171
(1, 1, 1)
1
(18, 33)
-> Request 8
1188
(1, 3, 2)
1
(62, 41)
-> Request 9
1245
(4, 1, 2)
1
(50, 38)
-> Request 10
1422
(2, 1, 2)
2
(53, 65)
--> Day : 3
-> Request 0
38
(3, 3, 2)
3
(26, 15)
-> Request 1
93
(1, 2, 1)
2
(30, 54)
-> Request 2
94
(1, 1, 2)
3
(30, 50)
-> Request 3
473
(4, 1, 1)
1
(54, 65)
-> Request 4
729
(1, 2, 2)
2
(36, 58)
-> Request 5
996
(3, 2, 2)
2
(61, 28)
-> Request 6
1045
(3, 3, 1)
3
(60, 9)
-> Request 7
1301
(2, 1, 1)
3
(65, 68)
-> Request 8
1429
(2, 2, 2)
3
(53, 69)
--> Day : 4
-> Request 0
192
(4, 1, 2)
2
(21, 48)
-> Request 1
401
(4, 3, 1)
3
(24, 52)
-> Request 2
554
(2, 2, 1)
3
(70, 72)
-> Request 3
905
(3, 1, 1)
1
(59, 70)
-> Request 4
927
(2, 3, 2)
1
(8, 28)
-> Request 5
1373
(4, 2, 2)
1
(55, 75)
---> Week : 107
--> Day : 0
-> Request 0
48
(4, 2, 2)
2
(2, 29)
-> Request 1
166
(2, 2, 1)
1
(59, 70)
-> Request 2
278
(1, 2, 1)
2
(64, 69)
-> Request 3
411
(4, 3, 2)
1
(3, 30)
-> Request 4
496
(1, 2, 2)
1
(54, 41)
-> Request 5
665
(4, 3, 2)
1
(14, 45)
-> Request 6
731
(2, 2, 1)
3
(34, 47)
-> Request 7
901
(3, 3, 2)
3
(68, 65)
-> Request 8
955
(1, 2, 2)
1
(60, 36)
-> Request 9
1050
(1, 1, 2)
1
(45, 33)
-> Request 10
1099
(3, 3, 2)
3
(8, 31)
--> Day : 1
-> Request 0
64
(1, 1, 2)
2
(52, 23)
-> Request 1
91
(2, 3, 1)
3
(12, 28)
-> Request 2
371
(4, 3, 2)
3
(6, 43)
-> Request 3
437
(1, 3, 1)
1
(42, 2)
-> Request 4
651
(3, 3, 2)
1
(55, 29)
-> Request 5
780
(3, 1, 2)
1
(52, 67)
-> Request 6
927
(1, 3, 2)
2
(4, 41)
-> Request 7
1160
(4, 1, 1)
2
(4, 44)
-> Request 8
1327
(2, 3, 2)
2
(33, 51)
--> Day : 2
-> Request 0
133
(1, 3, 2)
2
(61, 29)
-> Request 1
438
(2, 3, 1)
1
(28, 57)
-> Request 2
593
(1, 1, 1)
1
(62, 37)
-> Request 3
611
(3, 2, 1)
3
(35, 63)
-> Request 4
618
(2, 3, 1)
2
(60, 40)
-> Request 5
678
(3, 2, 2)
2
(28, 79)
-> Request 6
715
(4, 2, 1)
1
(56, 68)
-> Request 7
873
(1, 3, 2)
2
(16, 26)
-> Request 8
922
(2, 2, 2)
2
(50, 46)
-> Request 9
958
(3, 2, 1)
2
(62, 66)
-> Request 10
997
(3, 2, 1)
1
(24, 76)
-> Request 11
1008
(1, 1, 1)
1
(38, 50)
-> Request 12
1055
(4, 1, 2)
2
(16, 67)
-> Request 13
1231
(3, 1, 1)
3
(29, 6)
--> Day : 3
-> Request 0
446
(3, 2, 1)
3
(14, 51)
-> Request 1
521
(2, 2, 2)
3
(5, 40)
-> Request 2
736
(1, 3, 1)
3
(61, 29)
-> Request 3
766
(1, 2, 2)
3
(61, 75)
-> Request 4
833
(3, 2, 2)
1
(51, 34)
-> Request 5
1156
(4, 3, 2)
2
(45, 40)
-> Request 6
1160
(2, 1, 2)
3
(57, 70)
-> Request 7
1433
(1, 2, 1)
1
(54, 33)
--> Day : 4
-> Request 0
30
(2, 3, 1)
2
(3, 3)
-> Request 1
42
(1, 2, 1)
2
(56, 32)
-> Request 2
98
(1, 3, 1)
1
(59, 64)
-> Request 3
108
(2, 1, 2)
3
(51, 44)
-> Request 4
286
(3, 2, 1)
1
(10, 5)
-> Request 5
350
(2, 2, 2)
3
(57, 42)
-> Request 6
440
(3, 2, 2)
1
(77, 67)
-> Request 7
525
(3, 2, 2)
1
(27, 49)
-> Request 8
557
(3, 1, 1)
2
(62, 42)
-> Request 9
762
(1, 3, 1)
3
(69, 3)
-> Request 10
769
(2, 3, 2)
3
(48, 36)
-> Request 11
1045
(4, 3, 1)
3
(61, 75)
-> Request 12
1076
(2, 1, 2)
2
(21, 37)
-> Request 13
1266
(2, 2, 1)
1
(61, 27)
---> Week : 108
--> Day : 0
-> Request 0
91
(2, 3, 1)
1
(55, 76)
-> Request 1
92
(1, 3, 2)
2
(50, 41)
-> Request 2
122
(2, 2, 2)
2
(64, 64)
-> Request 3
159
(4, 1, 1)
1
(72, 48)
-> Request 4
165
(1, 1, 2)
1
(7, 25)
-> Request 5
221
(3, 3, 1)
1
(75, 47)
-> Request 6
330
(4, 2, 1)
3
(53, 33)
-> Request 7
391
(4, 1, 1)
2
(78, 13)
-> Request 8
463
(3, 3, 1)
2
(57, 77)
-> Request 9
931
(4, 2, 1)
3
(43, 38)
--> Day : 1
-> Request 0
247
(4, 1, 1)
2
(71, 34)
-> Request 1
262
(1, 3, 2)
1
(27, 70)
-> Request 2
699
(4, 1, 2)
2
(25, 10)
-> Request 3
737
(2, 3, 1)
1
(75, 66)
-> Request 4
773
(4, 2, 2)
1
(44, 42)
-> Request 5
981
(1, 2, 2)
1
(77, 58)
-> Request 6
1265
(3, 3, 2)
3
(60, 32)
-> Request 7
1427
(2, 2, 2)
2
(47, 40)
-> Request 8
1431
(2, 3, 2)
2
(58, 65)
--> Day : 2
-> Request 0
125
(2, 2, 1)
2
(52, 45)
-> Request 1
147
(1, 1, 2)
1
(43, 13)
-> Request 2
383
(4, 1, 2)
2
(41, 8)
-> Request 3
454
(4, 3, 2)
2
(8, 57)
-> Request 4
1238
(1, 2, 2)
1
(54, 43)
-> Request 5
1418
(1, 2, 1)
3
(78, 2)
--> Day : 3
-> Request 0
96
(2, 1, 2)
2
(73, 27)
-> Request 1
226
(1, 1, 2)
3
(62, 69)
-> Request 2
364
(1, 3, 1)
1
(53, 75)
-> Request 3
425
(3, 2, 1)
3
(31, 18)
-> Request 4
939
(4, 2, 2)
2
(34, 29)
-> Request 5
984
(2, 3, 2)
1
(11, 38)
-> Request 6
1108
(2, 2, 2)
3
(13, 76)
-> Request 7
1350
(1, 2, 1)
1
(24, 73)
--> Day : 4
-> Request 0
135
(3, 2, 2)
3
(21, 10)
-> Request 1
534
(2, 3, 2)
2
(46, 28)
-> Request 2
869
(2, 3, 2)
1
(59, 76)
---> Week : 109
--> Day : 0
-> Request 0
95
(3, 3, 2)
2
(46, 28)
-> Request 1
397
(2, 1, 2)
3
(55, 70)
-> Request 2
534
(1, 1, 1)
1
(43, 40)
-> Request 3
786
(1, 1, 1)
2
(27, 41)
-> Request 4
906
(4, 3, 1)
1
(5, 0)
-> Request 5
926
(2, 3, 2)
2
(1, 39)
-> Request 6
1119
(3, 3, 1)
3
(69, 53)
-> Request 7
1204
(4, 3, 1)
3
(26, 61)
--> Day : 1
-> Request 0
30
(3, 1, 2)
3
(61, 39)
-> Request 1
48
(1, 2, 2)
3
(1, 32)
-> Request 2
231
(2, 3, 2)
3
(22, 71)
-> Request 3
231
(1, 3, 2)
3
(61, 32)
-> Request 4
356
(1, 1, 1)
2
(19, 42)
-> Request 5
534
(4, 3, 1)
2
(70, 15)
-> Request 6
581
(3, 2, 2)
2
(59, 22)
-> Request 7
608
(1, 2, 2)
3
(13, 28)
-> Request 8
643
(2, 1, 1)
1
(53, 33)
-> Request 9
879
(3, 1, 1)
3
(30, 46)
-> Request 10
932
(4, 3, 2)
1
(34, 78)
-> Request 11
1016
(4, 2, 2)
3
(43, 36)
-> Request 12
1102
(3, 1, 1)
2
(48, 40)
-> Request 13
1242
(1, 1, 1)
2
(44, 58)
-> Request 14
1274
(2, 2, 2)
3
(3, 71)
-> Request 15
1298
(4, 1, 1)
2
(16, 30)
--> Day : 2
-> Request 0
747
(3, 3, 2)
1
(53, 10)
-> Request 1
893
(1, 1, 2)
2
(10, 28)
-> Request 2
929
(4, 3, 2)
3
(62, 71)
-> Request 3
1121
(2, 2, 1)
1
(61, 33)
-> Request 4
1235
(3, 1, 2)
1
(47, 28)
--> Day : 3
-> Request 0
395
(1, 2, 1)
1
(66, 69)
-> Request 1
612
(3, 2, 2)
2
(13, 20)
-> Request 2
638
(3, 3, 2)
3
(44, 0)
-> Request 3
1318
(3, 3, 2)
2
(46, 13)
--> Day : 4
-> Request 0
58
(4, 1, 1)
2
(50, 45)
-> Request 1
206
(1, 3, 1)
2
(54, 72)
-> Request 2
247
(1, 1, 2)
2
(46, 43)
-> Request 3
369
(1, 1, 1)
2
(32, 55)
-> Request 4
577
(1, 2, 1)
2
(33, 75)
-> Request 5
1117
(4, 2, 1)
2
(4, 25)
-> Request 6
1123
(4, 1, 1)
1
(60, 27)
-> Request 7
1289
(2, 3, 1)
3
(37, 47)
-> Request 8
1363
(2, 1, 1)
2
(45, 68)
---> Week : 110
--> Day : 0
-> Request 0
45
(4, 3, 2)
1
(57, 39)
-> Request 1
79
(2, 1, 1)
3
(8, 63)
-> Request 2
150
(1, 3, 1)
3
(47, 37)
-> Request 3
210
(3, 2, 1)
2
(62, 35)
-> Request 4
215
(4, 3, 1)
2
(57, 66)
-> Request 5
674
(3, 3, 2)
3
(9, 51)
-> Request 6
720
(4, 2, 1)
1
(51, 27)
-> Request 7
876
(4, 2, 1)
3
(59, 39)
-> Request 8
884
(3, 3, 2)
3
(59, 40)
-> Request 9
922
(1, 2, 2)
3
(11, 29)
-> Request 10
953
(3, 2, 1)
2
(0, 16)
-> Request 11
1297
(4, 1, 2)
2
(64, 33)
-> Request 12
1313
(4, 3, 2)
3
(63, 69)
-> Request 13
1335
(1, 2, 1)
2
(15, 29)
-> Request 14
1349
(4, 3, 1)
3
(26, 13)
-> Request 15
1371
(1, 3, 1)
3
(10, 13)
--> Day : 1
-> Request 0
118
(4, 3, 2)
3
(75, 1)
-> Request 1
160
(3, 3, 1)
3
(44, 45)
-> Request 2
263
(3, 3, 2)
1
(50, 13)
-> Request 3
506
(2, 1, 2)
3
(55, 75)
-> Request 4
507
(3, 1, 2)
1
(13, 26)
-> Request 5
514
(3, 3, 1)
1
(49, 67)
-> Request 6
535
(2, 3, 2)
3
(53, 39)
-> Request 7
1014
(2, 2, 1)
2
(49, 37)
-> Request 8
1090
(1, 3, 1)
1
(43, 69)
-> Request 9
1145
(3, 3, 2)
1
(52, 54)
-> Request 10
1145
(4, 2, 2)
3
(28, 52)
-> Request 11
1438
(4, 2, 2)
3
(54, 78)
--> Day : 2
-> Request 0
502
(2, 2, 1)
3
(54, 76)
-> Request 1
511
(3, 2, 1)
3
(56, 38)
-> Request 2
628
(2, 3, 2)
1
(62, 31)
-> Request 3
826
(1, 1, 2)
2
(45, 30)
-> Request 4
1042
(1, 1, 2)
3
(53, 44)
-> Request 5
1056
(1, 1, 1)
3
(64, 72)
-> Request 6
1413
(2, 3, 1)
3
(8, 2)
--> Day : 3
-> Request 0
232
(1, 3, 2)
2
(59, 35)
-> Request 1
364
(4, 1, 2)
3
(11, 28)
-> Request 2
442
(2, 1, 1)
3
(51, 43)
-> Request 3
980
(3, 3, 2)
2
(21, 25)
-> Request 4
1403
(3, 1, 2)
1
(48, 41)
--> Day : 4
-> Request 0
276
(3, 3, 2)
1
(57, 45)
-> Request 1
284
(3, 2, 2)
2
(44, 29)
-> Request 2
289
(4, 1, 2)
2
(45, 40)
-> Request 3
298
(1, 2, 2)
1
(78, 37)
-> Request 4
333
(1, 2, 1)
1
(47, 1)
-> Request 5
364
(2, 1, 1)
2
(23, 1)
-> Request 6
487
(3, 3, 1)
3
(59, 66)
-> Request 7
731
(3, 2, 2)
3
(48, 34)
-> Request 8
817
(2, 2, 1)
2
(11, 25)
-> Request 9
932
(1, 2, 2)
1
(46, 70)
-> Request 10
1233
(2, 2, 1)
1
(67, 43)
-> Request 11
1318
(4, 2, 2)
3
(68, 21)
-> Request 12
1438
(3, 3, 2)
2
(64, 74)
---> Week : 111
--> Day : 0
-> Request 0
125
(3, 3, 2)
3
(51, 43)
-> Request 1
235
(4, 2, 2)
1
(45, 29)
-> Request 2
279
(1, 3, 2)
3
(20, 70)
-> Request 3
321
(2, 1, 2)
2
(61, 32)
-> Request 4
423
(2, 2, 1)
1
(57, 72)
-> Request 5
605
(3, 3, 1)
1
(58, 28)
-> Request 6
689
(1, 1, 1)
2
(65, 74)
-> Request 7
768
(2, 1, 1)
3
(57, 33)
-> Request 8
809
(4, 1, 1)
1
(48, 10)
-> Request 9
878
(3, 3, 1)
1
(73, 46)
-> Request 10
941
(3, 3, 1)
3
(54, 28)
-> Request 11
1378
(2, 1, 2)
1
(8, 22)
--> Day : 1
-> Request 0
128
(3, 1, 1)
3
(60, 49)
-> Request 1
260
(2, 3, 2)
3
(58, 70)
-> Request 2
497
(4, 1, 2)
2
(14, 22)
-> Request 3
616
(1, 2, 1)
2
(31, 27)
-> Request 4
683
(3, 2, 1)
2
(73, 79)
-> Request 5
694
(4, 3, 1)
1
(61, 71)
-> Request 6
694
(4, 2, 2)
1
(49, 46)
-> Request 7
811
(3, 3, 1)
2
(53, 9)
-> Request 8
886
(3, 2, 2)
2
(54, 64)
-> Request 9
919
(3, 2, 1)
3
(59, 71)
-> Request 10
1156
(1, 1, 2)
2
(62, 72)
--> Day : 2
-> Request 0
210
(4, 1, 2)
1
(34, 34)
-> Request 1
280
(4, 3, 2)
2
(52, 33)
-> Request 2
304
(4, 2, 2)
1
(40, 23)
-> Request 3
413
(4, 3, 2)
3
(56, 34)
-> Request 4
461
(3, 1, 1)
3
(49, 42)
-> Request 5
673
(3, 3, 1)
1
(65, 73)
-> Request 6
711
(3, 1, 2)
1
(1, 30)
-> Request 7
728
(2, 1, 2)
3
(52, 34)
-> Request 8
809
(1, 2, 1)
2
(61, 66)
--> Day : 3
-> Request 0
22
(2, 3, 2)
2
(66, 69)
-> Request 1
353
(3, 1, 1)
2
(12, 21)
-> Request 2
618
(1, 1, 1)
2
(63, 74)
-> Request 3
630
(1, 3, 2)
1
(64, 75)
-> Request 4
680
(4, 2, 2)
1
(56, 28)
-> Request 5
773
(3, 1, 2)
1
(76, 9)
-> Request 6
1092
(2, 2, 1)
3
(12, 7)
-> Request 7
1417
(1, 1, 1)
3
(9, 26)
--> Day : 4
-> Request 0
360
(3, 3, 1)
3
(62, 66)
-> Request 1
410
(2, 2, 2)
1
(49, 40)
-> Request 2
743
(4, 1, 2)
3
(18, 31)
-> Request 3
1045
(3, 3, 1)
3
(64, 53)
-> Request 4
1340
(4, 3, 1)
3
(33, 62)
---> Week : 112
--> Day : 0
-> Request 0
49
(2, 3, 1)
2
(63, 56)
-> Request 1
61
(4, 1, 2)
2
(59, 31)
-> Request 2
283
(4, 1, 1)
2
(47, 38)
-> Request 3
426
(2, 1, 2)
2
(78, 73)
-> Request 4
477
(4, 1, 2)
1
(62, 74)
-> Request 5
527
(2, 2, 2)
3
(59, 74)
-> Request 6
691
(1, 2, 1)
1
(58, 69)
-> Request 7
785
(1, 2, 1)
3
(54, 31)
-> Request 8
1326
(1, 2, 1)
2
(37, 64)
-> Request 9
1366
(1, 1, 1)
1
(67, 49)
--> Day : 1
-> Request 0
104
(1, 3, 2)
2
(78, 70)
-> Request 1
106
(3, 3, 2)
1
(53, 27)
-> Request 2
160
(2, 2, 1)
1
(8, 23)
-> Request 3
376
(1, 2, 1)
2
(60, 29)
-> Request 4
565
(1, 1, 1)
3
(1, 19)
-> Request 5
795
(4, 1, 2)
3
(66, 69)
-> Request 6
850
(2, 1, 2)
1
(55, 41)
-> Request 7
1239
(4, 2, 2)
1
(61, 77)
--> Day : 2
-> Request 0
53
(2, 3, 1)
3
(50, 45)
-> Request 1
317
(3, 3, 1)
1
(44, 9)
-> Request 2
336
(1, 3, 1)
2
(78, 24)
-> Request 3
459
(1, 3, 1)
1
(13, 27)
-> Request 4
517
(3, 1, 1)
3
(63, 72)
-> Request 5
579
(3, 2, 2)
2
(48, 43)
-> Request 6
860
(4, 2, 2)
3
(51, 33)
--> Day : 3
-> Request 0
100
(2, 2, 1)
2
(8, 27)
-> Request 1
129
(2, 1, 1)
3
(61, 38)
-> Request 2
156
(2, 1, 1)
2
(68, 71)
-> Request 3
287
(1, 1, 2)
1
(61, 42)
-> Request 4
297
(3, 2, 2)
1
(9, 15)
-> Request 5
637
(2, 3, 1)
3
(10, 40)
-> Request 6
787
(4, 2, 2)
2
(59, 36)
-> Request 7
926
(3, 3, 1)
2
(58, 71)
-> Request 8
1002
(3, 1, 2)
3
(35, 20)
-> Request 9
1385
(1, 1, 2)
3
(52, 69)
--> Day : 4
-> Request 0
176
(4, 3, 1)
3
(10, 20)
-> Request 1
345
(2, 3, 1)
2
(47, 30)
-> Request 2
385
(4, 2, 2)
2
(58, 71)
-> Request 3
560
(1, 1, 1)
2
(16, 23)
-> Request 4
703
(2, 3, 1)
2
(48, 31)
-> Request 5
735
(1, 2, 1)
2
(49, 36)
-> Request 6
830
(3, 2, 2)
1
(13, 20)
-> Request 7
1015
(3, 3, 2)
3
(13, 53)
-> Request 8
1230
(3, 2, 2)
2
(63, 65)
-> Request 9
1386
(3, 1, 1)
3
(11, 28)
---> Week : 113
--> Day : 0
-> Request 0
58
(4, 1, 1)
3
(54, 74)
-> Request 1
107
(4, 1, 2)
1
(62, 70)
-> Request 2
172
(3, 2, 2)
2
(17, 26)
-> Request 3
300
(1, 1, 2)
3
(45, 40)
-> Request 4
831
(2, 2, 1)
3
(57, 22)
-> Request 5
952
(1, 2, 2)
3
(41, 24)
-> Request 6
1123
(4, 3, 2)
1
(56, 33)
-> Request 7
1209
(1, 1, 2)
1
(47, 35)
-> Request 8
1228
(1, 1, 2)
2
(54, 42)
-> Request 9
1376
(4, 1, 2)
3
(59, 75)
--> Day : 1
-> Request 0
285
(3, 1, 1)
1
(50, 38)
-> Request 1
599
(1, 3, 1)
1
(49, 29)
-> Request 2
989
(1, 1, 1)
3
(61, 68)
-> Request 3
1096
(3, 3, 1)
3
(34, 0)
-> Request 4
1130
(1, 3, 1)
1
(55, 39)
-> Request 5
1165
(3, 2, 2)
1
(43, 58)
-> Request 6
1415
(4, 2, 2)
1
(76, 58)
--> Day : 2
-> Request 0
161
(1, 1, 2)
1
(44, 39)
-> Request 1
365
(2, 2, 1)
3
(56, 60)
-> Request 2
435
(1, 2, 1)
1
(8, 41)
-> Request 3
559
(4, 2, 1)
3
(8, 22)
-> Request 4
583
(4, 1, 1)
1
(24, 47)
-> Request 5
808
(1, 1, 2)
3
(59, 68)
-> Request 6
844
(1, 1, 1)
1
(8, 24)
-> Request 7
893
(4, 2, 2)
3
(43, 37)
-> Request 8
959
(4, 3, 1)
1
(31, 76)
-> Request 9
1263
(2, 1, 1)
2
(2, 66)
-> Request 10
1302
(3, 1, 2)
1
(45, 31)
--> Day : 3
-> Request 0
180
(2, 3, 2)
3
(62, 68)
-> Request 1
280
(3, 2, 1)
1
(59, 28)
-> Request 2
280
(2, 1, 2)
3
(8, 10)
-> Request 3
287
(3, 1, 1)
1
(35, 43)
-> Request 4
388
(4, 1, 1)
2
(51, 35)
-> Request 5
422
(2, 2, 1)
3
(44, 31)
-> Request 6
1398
(1, 2, 2)
2
(58, 38)
--> Day : 4
-> Request 0
7
(1, 2, 1)
3
(61, 78)
-> Request 1
684
(3, 1, 1)
1
(14, 53)
-> Request 2
696
(4, 1, 2)
1
(56, 35)
-> Request 3
964
(1, 1, 1)
2
(51, 69)
-> Request 4
987
(4, 1, 2)
1
(61, 21)
-> Request 5
1400
(3, 2, 1)
3
(45, 20)
---> Week : 114
--> Day : 0
-> Request 0
83
(4, 3, 1)
3
(34, 79)
-> Request 1
122
(2, 2, 2)
1
(70, 49)
-> Request 2
366
(3, 1, 2)
1
(43, 35)
-> Request 3
387
(4, 2, 2)
3
(24, 8)
-> Request 4
406
(2, 3, 1)
1
(61, 29)
-> Request 5
490
(1, 2, 1)
3
(67, 76)
-> Request 6
499
(2, 1, 2)
3
(47, 62)
-> Request 7
578
(3, 3, 1)
3
(61, 41)
-> Request 8
839
(2, 2, 2)
3
(10, 28)
-> Request 9
890
(4, 3, 1)
3
(44, 33)
-> Request 10
1159
(3, 1, 2)
1
(53, 47)
-> Request 11
1298
(2, 1, 1)
2
(21, 52)
-> Request 12
1423
(1, 1, 1)
1
(78, 34)
--> Day : 1
-> Request 0
271
(4, 1, 1)
3
(57, 72)
-> Request 1
513
(3, 3, 2)
2
(56, 42)
-> Request 2
622
(1, 3, 1)
3
(10, 17)
-> Request 3
805
(3, 3, 2)
2
(71, 4)
-> Request 4
1006
(3, 2, 1)
3
(3, 0)
-> Request 5
1190
(4, 2, 2)
3
(3, 56)
-> Request 6
1268
(4, 1, 1)
1
(15, 21)
-> Request 7
1364
(2, 1, 1)
2
(38, 65)
--> Day : 2
-> Request 0
73
(4, 1, 2)
1
(43, 35)
-> Request 1
74
(4, 1, 2)
3
(31, 49)
-> Request 2
115
(3, 2, 1)
2
(51, 21)
-> Request 3
133
(4, 1, 1)
3
(7, 41)
-> Request 4
218
(2, 1, 2)
3
(25, 73)
-> Request 5
471
(2, 3, 1)
3
(49, 31)
-> Request 6
851
(2, 1, 2)
3
(8, 28)
-> Request 7
888
(3, 1, 1)
3
(52, 6)
-> Request 8
930
(2, 2, 1)
2
(60, 36)
-> Request 9
1180
(4, 2, 2)
2
(9, 20)
--> Day : 3
-> Request 0
22
(3, 1, 1)
3
(46, 11)
-> Request 1
104
(3, 2, 1)
1
(58, 23)
-> Request 2
115
(3, 1, 1)
3
(74, 28)
-> Request 3
268
(1, 1, 2)
1
(74, 56)
-> Request 4
553
(4, 1, 2)
2
(56, 30)
-> Request 5
626
(1, 3, 2)
3
(41, 68)
-> Request 6
874
(3, 1, 1)
3
(9, 2)
-> Request 7
1356
(2, 3, 1)
2
(54, 76)
-> Request 8
1368
(3, 2, 2)
3
(59, 40)
--> Day : 4
-> Request 0
63
(1, 3, 2)
3
(25, 74)
-> Request 1
332
(3, 3, 2)
2
(2, 75)
-> Request 2
491
(2, 2, 1)
3
(12, 24)
-> Request 3
638
(3, 3, 1)
1
(59, 65)
-> Request 4
795
(3, 1, 2)
2
(79, 3)
-> Request 5
855
(4, 3, 1)
3
(58, 29)
-> Request 6
929
(4, 1, 2)
2
(42, 14)
-> Request 7
1120
(1, 2, 1)
2
(53, 33)
---> Week : 115
--> Day : 0
-> Request 0
34
(4, 1, 1)
2
(24, 55)
-> Request 1
107
(1, 2, 1)
2
(55, 73)
-> Request 2
111
(1, 3, 2)
1
(56, 68)
-> Request 3
130
(3, 1, 1)
2
(44, 44)
-> Request 4
343
(1, 3, 2)
3
(57, 41)
-> Request 5
621
(1, 1, 1)
2
(20, 12)
-> Request 6
628
(4, 2, 1)
3
(62, 65)
-> Request 7
651
(1, 1, 2)
3
(54, 77)
-> Request 8
677
(3, 1, 2)
2
(79, 47)
-> Request 9
882
(2, 2, 2)
3
(60, 37)
-> Request 10
1332
(2, 2, 1)
1
(13, 21)
-> Request 11
1406
(4, 3, 1)
3
(38, 31)
--> Day : 1
-> Request 0
2
(4, 3, 2)
1
(47, 25)
-> Request 1
86
(3, 1, 2)
1
(48, 37)
-> Request 2
353
(3, 2, 1)
3
(50, 41)
-> Request 3
434
(1, 3, 2)
3
(53, 45)
-> Request 4
1211
(2, 1, 1)
1
(70, 34)
-> Request 5
1391
(4, 3, 2)
1
(48, 33)
--> Day : 2
-> Request 0
279
(2, 3, 2)
1
(66, 64)
-> Request 1
322
(4, 2, 2)
2
(46, 8)
-> Request 2
361
(1, 1, 2)
2
(47, 42)
-> Request 3
370
(2, 2, 2)
2
(60, 36)
-> Request 4
487
(2, 2, 2)
3
(54, 55)
-> Request 5
697
(3, 3, 1)
1
(7, 54)
-> Request 6
908
(1, 2, 2)
3
(57, 75)
-> Request 7
1328
(2, 2, 2)
1
(61, 43)
--> Day : 3
-> Request 0
31
(1, 3, 1)
3
(54, 41)
-> Request 1
59
(1, 1, 1)
1
(59, 66)
-> Request 2
110
(1, 3, 2)
3
(62, 40)
-> Request 3
423
(3, 2, 1)
1
(63, 43)
-> Request 4
684
(3, 1, 1)
1
(3, 69)
-> Request 5
806
(2, 1, 2)
2
(46, 40)
-> Request 6
1366
(2, 2, 1)
1
(43, 34)
-> Request 7
1436
(4, 3, 2)
1
(52, 46)
--> Day : 4
-> Request 0
529
(1, 2, 1)
1
(60, 27)
-> Request 1
629
(3, 1, 2)
2
(60, 41)
-> Request 2
745
(4, 3, 2)
1
(54, 78)
-> Request 3
945
(3, 2, 1)
3
(50, 23)
-> Request 4
995
(1, 2, 2)
1
(43, 31)
---> Week : 116
--> Day : 0
-> Request 0
29
(4, 2, 2)
1
(5, 62)
-> Request 1
74
(2, 2, 2)
1
(18, 2)
-> Request 2
116
(4, 3, 2)
2
(9, 24)
-> Request 3
119
(4, 2, 2)
3
(54, 38)
-> Request 4
419
(2, 3, 1)
2
(45, 32)
-> Request 5
529
(1, 3, 1)
2
(52, 10)
-> Request 6
561
(3, 2, 2)
2
(43, 75)
-> Request 7
636
(1, 3, 1)
3
(33, 41)
-> Request 8
636
(1, 2, 1)
1
(52, 72)
-> Request 9
948
(4, 3, 1)
1
(55, 12)
-> Request 10
1396
(1, 2, 2)
2
(58, 45)
--> Day : 1
-> Request 0
3
(3, 1, 1)
1
(51, 44)
-> Request 1
92
(2, 3, 2)
3
(32, 66)
-> Request 2
227
(1, 3, 2)
1
(56, 28)
-> Request 3
389
(2, 3, 1)
2
(47, 79)
-> Request 4
399
(3, 1, 2)
1
(21, 49)
-> Request 5
898
(3, 2, 2)
1
(59, 73)
-> Request 6
1067
(3, 1, 2)
1
(59, 15)
-> Request 7
1155
(2, 3, 2)
2
(64, 53)
--> Day : 2
-> Request 0
77
(3, 2, 2)
3
(60, 37)
-> Request 1
112
(3, 1, 2)
3
(55, 42)
-> Request 2
113
(1, 3, 2)
2
(51, 78)
-> Request 3
154
(1, 2, 2)
1
(36, 4)
-> Request 4
389
(2, 1, 1)
1
(47, 45)
-> Request 5
408
(2, 2, 2)
3
(27, 43)
-> Request 6
410
(4, 1, 2)
3
(66, 41)
-> Request 7
491
(1, 1, 1)
3
(44, 41)
-> Request 8
595
(2, 3, 2)
2
(56, 59)
-> Request 9
850
(3, 2, 2)
3
(10, 23)
-> Request 10
1004
(2, 2, 1)
3
(62, 27)
-> Request 11
1103
(1, 2, 2)
3
(51, 38)
-> Request 12
1170
(3, 2, 2)
1
(11, 23)
--> Day : 3
-> Request 0
173
(4, 3, 1)
2
(46, 25)
-> Request 1
214
(2, 3, 2)
3
(60, 34)
-> Request 2
317
(4, 3, 2)
1
(55, 25)
-> Request 3
337
(2, 2, 2)
3
(53, 48)
-> Request 4
415
(1, 2, 1)
1
(43, 38)
-> Request 5
541
(2, 1, 2)
1
(44, 31)
-> Request 6
555
(1, 3, 1)
3
(3, 6)
-> Request 7
722
(4, 3, 2)
3
(46, 44)
-> Request 8
992
(4, 1, 2)
2
(31, 60)
-> Request 9
1151
(2, 3, 1)
1
(60, 65)
--> Day : 4
-> Request 0
37
(2, 2, 2)
3
(56, 36)
-> Request 1
354
(3, 3, 1)
2
(36, 55)
-> Request 2
585
(4, 1, 1)
3
(26, 50)
-> Request 3
629
(1, 3, 1)
2
(53, 34)
-> Request 4
633
(1, 3, 1)
1
(56, 67)
-> Request 5
825
(3, 2, 2)
1
(52, 43)
-> Request 6
907
(3, 2, 1)
2
(19, 70)
-> Request 7
1127
(4, 2, 2)
2
(12, 25)
-> Request 8
1165
(1, 2, 2)
2
(70, 72)
-> Request 9
1235
(1, 1, 1)
2
(11, 78)
-> Request 10
1303
(3, 1, 2)
3
(53, 78)
---> Week : 117
--> Day : 0
-> Request 0
449
(1, 2, 2)
2
(32, 66)
-> Request 1
582
(4, 3, 1)
3
(64, 38)
-> Request 2
585
(4, 1, 2)
1
(47, 35)
-> Request 3
800
(2, 2, 2)
1
(50, 50)
-> Request 4
812
(1, 3, 2)
3
(56, 66)
-> Request 5
822
(4, 3, 2)
3
(57, 28)
-> Request 6
923
(4, 1, 2)
2
(13, 27)
-> Request 7
1236
(4, 3, 1)
3
(52, 77)
--> Day : 1
-> Request 0
260
(4, 2, 2)
2
(41, 36)
-> Request 1
303
(2, 3, 1)
2
(54, 77)
-> Request 2
324
(4, 1, 2)
2
(73, 22)
-> Request 3
444
(4, 2, 2)
1
(43, 28)
-> Request 4
491
(1, 1, 2)
2
(47, 36)
-> Request 5
604
(2, 1, 2)
1
(57, 41)
-> Request 6
669
(1, 3, 2)
2
(61, 27)
-> Request 7
967
(1, 1, 1)
2
(8, 26)
-> Request 8
994
(3, 1, 1)
3
(72, 2)
-> Request 9
1025
(3, 1, 2)
2
(70, 64)
-> Request 10
1336
(1, 2, 1)
1
(47, 33)
--> Day : 2
-> Request 0
115
(1, 1, 1)
3
(57, 65)
-> Request 1
162
(2, 1, 2)
2
(72, 64)
-> Request 2
260
(2, 1, 1)
3
(8, 54)
-> Request 3
289
(3, 2, 2)
2
(54, 10)
-> Request 4
345
(2, 1, 2)
2
(46, 33)
-> Request 5
518
(1, 2, 2)
3
(8, 29)
-> Request 6
860
(1, 1, 1)
2
(69, 31)
-> Request 7
887
(2, 1, 2)
3
(69, 59)
-> Request 8
926
(3, 2, 2)
2
(47, 33)
-> Request 9
1052
(4, 1, 1)
2
(65, 8)
-> Request 10
1172
(1, 3, 2)
2
(63, 77)
-> Request 11
1180
(1, 3, 1)
3
(55, 75)
--> Day : 3
-> Request 0
310
(2, 2, 1)
3
(18, 72)
-> Request 1
401
(4, 2, 1)
2
(36, 26)
-> Request 2
536
(2, 1, 1)
2
(46, 31)
-> Request 3
637
(4, 1, 1)
1
(45, 29)
-> Request 4
637
(2, 1, 1)
2
(15, 20)
-> Request 5
973
(1, 1, 2)
2
(44, 30)
-> Request 6
1248
(1, 1, 1)
2
(57, 54)
-> Request 7
1302
(3, 3, 2)
2
(11, 20)
-> Request 8
1434
(1, 2, 2)
3
(5, 54)
--> Day : 4
-> Request 0
142
(2, 2, 1)
3
(59, 4)
-> Request 1
312
(3, 2, 2)
3
(62, 75)
-> Request 2
419
(4, 2, 2)
2
(15, 71)
-> Request 3
482
(3, 1, 1)
3
(9, 63)
-> Request 4
513
(3, 2, 1)
2
(54, 74)
-> Request 5
523
(2, 1, 1)
3
(54, 29)
-> Request 6
529
(4, 2, 2)
1
(57, 29)
-> Request 7
535
(2, 2, 2)
1
(16, 26)
-> Request 8
592
(2, 1, 1)
2
(43, 39)
-> Request 9
652
(3, 1, 1)
2
(52, 32)
-> Request 10
797
(4, 2, 1)
3
(54, 67)
-> Request 11
888
(1, 3, 2)
3
(52, 43)
-> Request 12
893
(1, 3, 2)
3
(56, 43)
-> Request 13
897
(2, 1, 1)
3
(74, 13)
-> Request 14
1025
(3, 2, 1)
1
(65, 67)
-> Request 15
1243
(2, 1, 2)
3
(59, 74)
-> Request 16
1367
(4, 2, 1)
2
(1, 32)
-> Request 17
1397
(2, 1, 1)
3
(60, 34)
---> Week : 118
--> Day : 0
-> Request 0
5
(3, 1, 1)
2
(61, 31)
-> Request 1
110
(1, 1, 2)
3
(4, 37)
-> Request 2
148
(2, 1, 2)
1
(8, 25)
-> Request 3
156
(4, 2, 2)
1
(62, 32)
-> Request 4
614
(4, 3, 1)
1
(76, 6)
-> Request 5
662
(4, 3, 2)
1
(57, 12)
-> Request 6
902
(1, 1, 2)
1
(49, 36)
-> Request 7
917
(1, 2, 1)
3
(51, 35)
-> Request 8
1075
(2, 2, 1)
1
(61, 32)
-> Request 9
1352
(4, 2, 2)
3
(53, 29)
-> Request 10
1355
(3, 1, 1)
3
(65, 46)
--> Day : 1
-> Request 0
33
(1, 1, 1)
2
(66, 73)
-> Request 1
72
(1, 1, 2)
1
(58, 17)
-> Request 2
357
(1, 2, 1)
2
(28, 37)
-> Request 3
423
(4, 3, 2)
3
(61, 46)
-> Request 4
425
(1, 1, 1)
1
(54, 70)
-> Request 5
1052
(1, 1, 1)
2
(76, 45)
-> Request 6
1207
(1, 3, 1)
2
(65, 60)
-> Request 7
1271
(4, 1, 1)
1
(58, 34)
--> Day : 2
-> Request 0
16
(4, 1, 1)
2
(64, 9)
-> Request 1
51
(4, 3, 2)
1
(53, 78)
-> Request 2
110
(2, 2, 2)
2
(55, 78)
-> Request 3
383
(3, 2, 2)
3
(51, 30)
-> Request 4
387
(3, 1, 2)
3
(60, 42)
-> Request 5
410
(1, 3, 2)
2
(5, 38)
-> Request 6
510
(4, 2, 1)
2
(9, 22)
-> Request 7
559
(3, 2, 2)
3
(66, 3)
-> Request 8
600
(3, 2, 2)
1
(49, 56)
-> Request 9
787
(4, 3, 1)
1
(53, 8)
-> Request 10
902
(2, 3, 1)
1
(56, 78)
-> Request 11
1161
(1, 3, 2)
3
(68, 32)
-> Request 12
1198
(2, 2, 2)
2
(57, 3)
--> Day : 3
-> Request 0
438
(3, 2, 1)
2
(61, 44)
-> Request 1
501
(2, 1, 2)
3
(29, 51)
-> Request 2
719
(2, 2, 2)
1
(14, 60)
-> Request 3
832
(3, 3, 2)
3
(49, 41)
-> Request 4
1058
(3, 1, 1)
1
(54, 29)
-> Request 5
1158
(3, 3, 1)
2
(11, 28)
-> Request 6
1295
(3, 3, 1)
1
(36, 19)
-> Request 7
1370
(4, 2, 2)
2
(66, 77)
-> Request 8
1388
(2, 2, 1)
1
(9, 59)
-> Request 9
1402
(2, 2, 2)
2
(79, 78)
--> Day : 4
-> Request 0
49
(2, 1, 1)
3
(1, 64)
-> Request 1
551
(1, 2, 2)
1
(44, 32)
-> Request 2
684
(1, 3, 2)
2
(51, 62)
-> Request 3
850
(3, 1, 1)
2
(10, 26)
-> Request 4
927
(3, 1, 2)
2
(62, 68)
-> Request 5
1020
(3, 1, 2)
1
(40, 46)
-> Request 6
1039
(1, 3, 2)
2
(37, 40)
-> Request 7
1092
(4, 1, 2)
2
(22, 14)
-> Request 8
1162
(2, 1, 2)
2
(43, 36)
-> Request 9
1187
(3, 3, 1)
3
(59, 40)
-> Request 10
1231
(4, 3, 1)
2
(64, 16)
-> Request 11
1281
(3, 2, 2)
3
(57, 27)
-> Request 12
1381
(1, 2, 2)
2
(62, 37)
-> Request 13
1402
(1, 3, 1)
3
(52, 45)
---> Week : 119
--> Day : 0
-> Request 0
42
(1, 2, 2)
1
(30, 65)
-> Request 1
102
(1, 1, 1)
1
(64, 64)
-> Request 2
150
(1, 2, 2)
1
(7, 77)
-> Request 3
169
(2, 3, 2)
3
(31, 33)
-> Request 4
235
(2, 3, 1)
2
(9, 2)
-> Request 5
490
(4, 3, 1)
3
(48, 31)
-> Request 6
609
(2, 3, 2)
1
(77, 58)
-> Request 7
745
(3, 3, 2)
1
(19, 41)
-> Request 8
780
(2, 1, 1)
1
(59, 68)
-> Request 9
880
(4, 3, 2)
3
(61, 34)
-> Request 10
949
(3, 2, 2)
3
(51, 22)
-> Request 11
1197
(4, 2, 2)
1
(51, 34)
-> Request 12
1250
(2, 3, 2)
2
(51, 30)
-> Request 13
1401
(4, 1, 1)
2
(50, 35)
--> Day : 1
-> Request 0
4
(1, 2, 2)
1
(12, 29)
-> Request 1
58
(2, 3, 1)
2
(35, 79)
-> Request 2
69
(3, 3, 1)
2
(57, 68)
-> Request 3
590
(2, 1, 2)
1
(44, 36)
-> Request 4
671
(4, 3, 1)
3
(62, 66)
-> Request 5
742
(2, 1, 2)
2
(33, 76)
-> Request 6
771
(3, 2, 1)
2
(35, 43)
-> Request 7
1159
(1, 3, 1)
3
(67, 8)
-> Request 8
1209
(2, 2, 1)
1
(60, 30)
-> Request 9
1292
(4, 2, 2)
3
(33, 9)
-> Request 10
1354
(4, 1, 2)
3
(15, 1)
-> Request 11
1374
(1, 3, 2)
3
(12, 20)
--> Day : 2
-> Request 0
15
(2, 3, 2)
3
(51, 34)
-> Request 1
99
(4, 2, 2)
3
(58, 2)
-> Request 2
258
(4, 2, 1)
2
(72, 50)
-> Request 3
308
(3, 1, 1)
2
(44, 45)
-> Request 4
364
(2, 3, 1)
3
(57, 40)
-> Request 5
411
(4, 1, 1)
2
(47, 37)
-> Request 6
452
(4, 2, 2)
2
(61, 71)
-> Request 7
576
(2, 2, 1)
3
(59, 31)
-> Request 8
693
(1, 1, 1)
1
(61, 77)
-> Request 9
851
(2, 2, 1)
3
(36, 79)
-> Request 10
1196
(2, 2, 1)
2
(55, 69)
-> Request 11
1233
(2, 1, 2)
1
(75, 48)
-> Request 12
1399
(2, 2, 1)
1
(51, 33)
-> Request 13
1411
(4, 3, 1)
3
(53, 33)
-> Request 14
1427
(2, 1, 2)
1
(34, 48)
-> Request 15
1434
(4, 3, 1)
3
(63, 77)
--> Day : 3
-> Request 0
18
(1, 2, 2)
3
(58, 71)
-> Request 1
59
(2, 1, 1)
1
(29, 50)
-> Request 2
122
(1, 1, 2)
2
(13, 27)
-> Request 3
529
(2, 3, 2)
2
(74, 22)
-> Request 4
592
(2, 1, 2)
2
(38, 17)
-> Request 5
793
(2, 2, 2)
3
(69, 40)
-> Request 6
916
(1, 1, 1)
1
(44, 46)
-> Request 7
1085
(2, 1, 2)
1
(79, 70)
-> Request 8
1288
(3, 2, 2)
1
(48, 38)
--> Day : 4
-> Request 0
42
(1, 3, 1)
1
(58, 50)
-> Request 1
364
(2, 3, 1)
2
(49, 39)
-> Request 2
453
(4, 3, 1)
2
(10, 26)
-> Request 3
473
(2, 3, 2)
2
(66, 73)
-> Request 4
598
(3, 3, 2)
3
(3, 2)
-> Request 5
626
(1, 3, 2)
3
(60, 17)
-> Request 6
636
(1, 3, 2)
3
(63, 64)
-> Request 7
792
(4, 3, 2)
2
(11, 28)
-> Request 8
838
(1, 1, 2)
1
(53, 35)
-> Request 9
1184
(3, 3, 1)
1
(62, 70)
-> Request 10
1193
(4, 1, 1)
3
(44, 44)
-> Request 11
1285
(2, 3, 1)
3
(58, 28)
---> Week : 120
--> Day : 0
-> Request 0
5
(2, 1, 1)
2
(55, 34)
-> Request 1
366
(2, 2, 2)
1
(59, 27)
-> Request 2
381
(3, 1, 1)
1
(62, 3)
-> Request 3
1046
(4, 1, 1)
3
(59, 37)
-> Request 4
1113
(2, 3, 2)
1
(52, 64)
-> Request 5
1212
(1, 2, 1)
1
(55, 35)
-> Request 6
1412
(1, 2, 2)
2
(25, 18)
--> Day : 1
-> Request 0
104
(1, 3, 2)
3
(1, 56)
-> Request 1
220
(1, 1, 1)
3
(53, 68)
-> Request 2
407
(2, 3, 2)
3
(61, 69)
-> Request 3
570
(3, 3, 1)
3
(45, 29)
-> Request 4
618
(3, 3, 2)
1
(66, 6)
-> Request 5
640
(4, 2, 1)
2
(75, 22)
-> Request 6
712
(2, 1, 2)
1
(67, 55)
-> Request 7
908
(3, 1, 1)
1
(64, 67)
-> Request 8
1132
(3, 3, 2)
2
(17, 62)
-> Request 9
1145
(4, 1, 2)
2
(64, 47)
-> Request 10
1186
(3, 3, 1)
1
(46, 77)
-> Request 11
1283
(3, 3, 1)
1
(55, 68)
-> Request 12
1306
(2, 2, 1)
2
(57, 70)
-> Request 13
1333
(2, 3, 2)
1
(49, 29)
-> Request 14
1361
(4, 2, 2)
3
(52, 65)
-> Request 15
1387
(4, 1, 1)
1
(14, 20)
--> Day : 2
-> Request 0
70
(1, 1, 1)
2
(49, 21)
-> Request 1
257
(4, 3, 2)
3
(54, 30)
-> Request 2
299
(1, 1, 1)
3
(13, 78)
-> Request 3
377
(3, 1, 1)
3
(10, 44)
-> Request 4
397
(2, 2, 2)
3
(35, 31)
-> Request 5
518
(2, 3, 2)
1
(56, 31)
-> Request 6
695
(4, 3, 1)
2
(17, 21)
-> Request 7
767
(2, 2, 2)
3
(45, 30)
-> Request 8
917
(2, 2, 2)
1
(26, 40)
-> Request 9
986
(2, 2, 1)
2
(5, 17)
-> Request 10
987
(1, 2, 1)
1
(52, 78)
-> Request 11
1200
(3, 1, 2)
2
(63, 73)
--> Day : 3
-> Request 0
5
(4, 2, 2)
1
(54, 47)
-> Request 1
241
(1, 1, 1)
1
(20, 70)
-> Request 2
448
(3, 2, 2)
2
(57, 66)
-> Request 3
475
(1, 3, 2)
1
(63, 20)
-> Request 4
701
(1, 1, 1)
3
(4, 39)
-> Request 5
887
(1, 1, 2)
1
(46, 37)
-> Request 6
920
(4, 1, 1)
1
(2, 40)
-> Request 7
996
(4, 3, 2)
3
(7, 45)
-> Request 8
1423
(2, 1, 2)
3
(37, 9)
--> Day : 4
-> Request 0
12
(2, 3, 1)
2
(43, 45)
-> Request 1
114
(3, 1, 2)
3
(56, 35)
-> Request 2
219
(4, 1, 1)
1
(45, 35)
-> Request 3
468
(2, 3, 1)
2
(53, 70)
-> Request 4
776
(4, 3, 2)
2
(46, 39)
---> Week : 121
--> Day : 0
-> Request 0
75
(4, 1, 2)
3
(62, 67)
-> Request 1
378
(4, 1, 2)
2
(51, 35)
-> Request 2
441
(1, 2, 2)
3
(51, 46)
-> Request 3
524
(4, 1, 1)
3
(3, 14)
-> Request 4
651
(2, 2, 2)
2
(38, 67)
-> Request 5
743
(3, 2, 2)
2
(51, 28)
-> Request 6
962
(2, 3, 1)
3
(8, 66)
-> Request 7
1243
(3, 1, 2)
3
(62, 34)
--> Day : 1
-> Request 0
53
(3, 2, 2)
2
(62, 29)
-> Request 1
420
(2, 2, 1)
2
(74, 77)
-> Request 2
695
(4, 2, 2)
3
(17, 10)
-> Request 3
864
(4, 3, 1)
3
(50, 27)
-> Request 4
1132
(3, 2, 1)
3
(56, 28)
-> Request 5
1362
(4, 1, 2)
3
(54, 37)
-> Request 6
1380
(4, 2, 1)
3
(62, 37)
--> Day : 2
-> Request 0
70
(3, 1, 1)
1
(12, 22)
-> Request 1
138
(1, 2, 2)
3
(54, 76)
-> Request 2
872
(3, 1, 1)
1
(50, 42)
-> Request 3
993
(1, 3, 1)
2
(47, 28)
-> Request 4
1417
(2, 3, 2)
2
(56, 27)
--> Day : 3
-> Request 0
126
(1, 1, 2)
2
(2, 61)
-> Request 1
269
(4, 3, 2)
1
(45, 35)
-> Request 2
424
(4, 2, 1)
2
(73, 38)
-> Request 3
582
(2, 2, 1)
2
(44, 36)
-> Request 4
985
(1, 2, 2)
1
(57, 75)
-> Request 5
1030
(2, 3, 2)
1
(69, 42)
-> Request 6
1042
(2, 2, 1)
1
(33, 20)
-> Request 7
1165
(2, 3, 2)
2
(37, 69)
-> Request 8
1316
(1, 2, 2)
3
(59, 66)
-> Request 9
1342
(2, 3, 2)
1
(65, 72)
--> Day : 4
-> Request 0
517
(1, 1, 1)
2
(59, 38)
-> Request 1
529
(1, 3, 2)
3
(5, 70)
-> Request 2
649
(4, 1, 1)
2
(5, 27)
-> Request 3
787
(2, 2, 2)
3
(51, 34)
-> Request 4
811
(1, 3, 2)
1
(54, 35)
-> Request 5
865
(3, 2, 1)
3
(30, 70)
-> Request 6
978
(1, 2, 2)
2
(56, 65)
-> Request 7
1011
(4, 2, 1)
2
(4, 41)
-> Request 8
1136
(3, 3, 2)
1
(57, 45)
-> Request 9
1400
(2, 1, 1)
1
(49, 43)
---> Week : 122
--> Day : 0
-> Request 0
41
(4, 1, 1)
3
(49, 45)
-> Request 1
157
(1, 3, 1)
3
(48, 44)
-> Request 2
234
(1, 3, 2)
1
(56, 28)
-> Request 3
338
(1, 2, 2)
1
(53, 70)
-> Request 4
389
(1, 2, 1)
3
(46, 31)
-> Request 5
389
(1, 2, 1)
3
(66, 74)
-> Request 6
571
(2, 1, 2)
1
(64, 64)
-> Request 7
617
(3, 2, 1)
3
(55, 39)
-> Request 8
683
(4, 2, 2)
1
(50, 42)
-> Request 9
708
(3, 1, 1)
1
(35, 24)
-> Request 10
1128
(4, 1, 2)
1
(44, 28)
-> Request 11
1205
(2, 1, 1)
1
(11, 39)
-> Request 12
1224
(1, 1, 1)
1
(13, 61)
-> Request 13
1242
(2, 1, 2)
3
(54, 31)
-> Request 14
1349
(1, 1, 1)
1
(51, 36)
--> Day : 1
-> Request 0
162
(2, 1, 1)
3
(35, 24)
-> Request 1
186
(2, 3, 1)
1
(47, 41)
-> Request 2
231
(1, 3, 2)
1
(57, 33)
-> Request 3
241
(3, 2, 2)
2
(14, 29)
-> Request 4
415
(1, 1, 1)
3
(56, 31)
-> Request 5
426
(1, 1, 2)
3
(4, 48)
-> Request 6
457
(4, 3, 2)
3
(70, 35)
-> Request 7
501
(3, 2, 2)
3
(63, 66)
-> Request 8
877
(4, 1, 2)
2
(14, 22)
-> Request 9
1040
(2, 3, 2)
3
(69, 51)
-> Request 10
1170
(2, 3, 1)
1
(4, 55)
-> Request 11
1250
(4, 1, 2)
3
(35, 0)
-> Request 12
1307
(2, 3, 1)
3
(60, 35)
--> Day : 2
-> Request 0
213
(4, 1, 2)
1
(56, 66)
-> Request 1
252
(2, 1, 2)
3
(30, 13)
-> Request 2
363
(4, 3, 1)
2
(61, 32)
-> Request 3
439
(2, 2, 1)
2
(33, 64)
-> Request 4
478
(1, 3, 2)
3
(53, 28)
-> Request 5
569
(3, 1, 1)
3
(42, 36)
-> Request 6
773
(3, 3, 1)
3
(17, 4)
-> Request 7
872
(2, 2, 1)
3
(53, 74)
-> Request 8
1013
(3, 3, 2)
3
(34, 69)
-> Request 9
1068
(2, 3, 2)
3
(21, 64)
-> Request 10
1081
(3, 2, 2)
3
(4, 31)
-> Request 11
1367
(2, 3, 2)
3
(50, 27)
-> Request 12
1418
(4, 3, 1)
1
(58, 31)
--> Day : 3
-> Request 0
119
(1, 1, 2)
1
(11, 21)
-> Request 1
360
(2, 1, 1)
2
(42, 49)
-> Request 2
717
(3, 3, 1)
3
(22, 76)
-> Request 3
762
(4, 1, 1)
2
(49, 51)
-> Request 4
905
(2, 1, 2)
3
(20, 37)
-> Request 5
1087
(2, 2, 2)
3
(32, 15)
-> Request 6
1148
(3, 1, 2)
2
(54, 78)
-> Request 7
1154
(2, 3, 2)
1
(59, 46)
-> Request 8
1393
(2, 2, 2)
1
(51, 38)
-> Request 9
1396
(4, 2, 2)
2
(10, 79)
--> Day : 4
-> Request 0
141
(4, 1, 1)
2
(43, 33)
-> Request 1
235
(3, 2, 2)
3
(26, 49)
-> Request 2
281
(3, 2, 1)
2
(40, 43)
-> Request 3
305
(3, 3, 1)
1
(62, 34)
-> Request 4
368
(3, 3, 2)
3
(14, 78)
-> Request 5
404
(2, 2, 2)
2
(56, 37)
-> Request 6
435
(2, 1, 1)
1
(44, 45)
-> Request 7
544
(4, 3, 2)
2
(40, 74)
-> Request 8
666
(4, 2, 1)
2
(62, 20)
-> Request 9
808
(2, 3, 1)
3
(53, 27)
-> Request 10
1029
(4, 2, 1)
1
(55, 28)
-> Request 11
1162
(4, 3, 1)
2
(8, 19)
-> Request 12
1188
(4, 3, 2)
3
(43, 29)
-> Request 13
1368
(2, 2, 2)
2
(9, 12)
-> Request 14
1404
(4, 2, 2)
2
(62, 33)
---> Week : 123
--> Day : 0
-> Request 0
57
(4, 3, 1)
2
(17, 11)
-> Request 1
110
(2, 3, 2)
3
(31, 25)
-> Request 2
127
(4, 2, 1)
1
(64, 68)
-> Request 3
208
(4, 1, 2)
2
(56, 68)
-> Request 4
779
(2, 3, 2)
1
(67, 58)
-> Request 5
957
(4, 2, 2)
1
(71, 75)
-> Request 6
1081
(1, 1, 1)
2
(9, 2)
-> Request 7
1202
(2, 2, 2)
2
(18, 17)
-> Request 8
1227
(2, 2, 2)
2
(65, 16)
-> Request 9
1285
(3, 1, 1)
3
(61, 44)
--> Day : 1
-> Request 0
168
(4, 2, 2)
1
(17, 3)
-> Request 1
330
(1, 3, 2)
2
(78, 1)
-> Request 2
635
(1, 2, 1)
2
(44, 43)
-> Request 3
660
(2, 3, 2)
3
(62, 42)
-> Request 4
771
(4, 2, 1)
3
(6, 9)
-> Request 5
814
(1, 2, 1)
2
(48, 48)
-> Request 6
853
(1, 3, 1)
3
(66, 73)
-> Request 7
1183
(2, 1, 1)
1
(46, 31)
--> Day : 2
-> Request 0
210
(1, 2, 2)
1
(44, 31)
-> Request 1
267
(2, 1, 2)
3
(9, 23)
-> Request 2
389
(3, 1, 2)
3
(42, 45)
-> Request 3
390
(1, 1, 2)
3
(55, 6)
-> Request 4
621
(3, 2, 1)
3
(54, 32)
-> Request 5
745
(3, 3, 2)
3
(52, 75)
-> Request 6
863
(2, 1, 2)
2
(49, 36)
-> Request 7
866
(3, 2, 2)
2
(76, 48)
-> Request 8
902
(1, 3, 1)
2
(50, 15)
-> Request 9
995
(2, 2, 1)
3
(2, 41)
-> Request 10
1101
(2, 3, 1)
3
(48, 37)
--> Day : 3
-> Request 0
71
(2, 3, 1)
1
(15, 29)
-> Request 1
257
(1, 1, 2)
3
(53, 66)
-> Request 2
381
(1, 3, 1)
3
(59, 74)
-> Request 3
551
(2, 3, 2)
1
(66, 72)
-> Request 4
645
(3, 1, 1)
1
(61, 31)
-> Request 5
755
(1, 1, 2)
2
(54, 28)
-> Request 6
1077
(4, 2, 1)
2
(33, 12)
-> Request 7
1143
(1, 2, 2)
3
(45, 43)
-> Request 8
1339
(1, 1, 1)
2
(44, 28)
-> Request 9
1361
(2, 1, 2)
3
(62, 36)
-> Request 10
1367
(3, 2, 2)
1
(56, 33)
--> Day : 4
-> Request 0
32
(1, 1, 2)
2
(52, 66)
-> Request 1
53
(3, 2, 2)
2
(64, 71)
-> Request 2
179
(3, 3, 2)
1
(50, 9)
-> Request 3
233
(2, 3, 2)
3
(60, 67)
-> Request 4
386
(3, 1, 2)
2
(58, 30)
-> Request 5
745
(1, 3, 2)
2
(17, 55)
-> Request 6
844
(4, 3, 1)
2
(51, 44)
-> Request 7
1023
(1, 3, 1)
1
(41, 66)
-> Request 8
1079
(4, 1, 2)
1
(48, 44)
-> Request 9
1128
(1, 2, 2)
2
(37, 40)
-> Request 10
1190
(2, 1, 2)
3
(51, 43)
-> Request 11
1204
(1, 1, 2)
3
(59, 76)
---> Week : 124
--> Day : 0
-> Request 0
34
(1, 1, 2)
1
(42, 14)
-> Request 1
446
(3, 2, 2)
1
(23, 15)
-> Request 2
628
(1, 2, 1)
1
(67, 41)
-> Request 3
833
(2, 3, 2)
3
(57, 37)
-> Request 4
1159
(2, 2, 1)
1
(58, 70)
--> Day : 1
-> Request 0
306
(1, 1, 2)
3
(59, 69)
-> Request 1
327
(4, 1, 1)
1
(78, 28)
-> Request 2
397
(1, 1, 2)
1
(12, 28)
-> Request 3
482
(2, 2, 2)
1
(8, 45)
-> Request 4
525
(1, 1, 1)
1
(16, 63)
-> Request 5
607
(3, 1, 2)
2
(62, 32)
-> Request 6
1049
(4, 3, 1)
2
(59, 34)
-> Request 7
1067
(2, 1, 2)
2
(50, 73)
-> Request 8
1076
(3, 2, 2)
2
(45, 43)
-> Request 9
1208
(3, 3, 1)
3
(54, 17)
--> Day : 2
-> Request 0
159
(1, 2, 2)
1
(25, 7)
-> Request 1
379
(3, 2, 2)
3
(13, 22)
-> Request 2
394
(1, 2, 1)
1
(75, 47)
-> Request 3
723
(3, 3, 1)
3
(27, 53)
-> Request 4
771
(2, 1, 2)
2
(72, 18)
-> Request 5
843
(1, 2, 1)
2
(78, 13)
-> Request 6
902
(2, 1, 2)
1
(50, 36)
-> Request 7
921
(1, 2, 2)
2
(59, 28)
-> Request 8
1002
(2, 1, 1)
2
(49, 18)
-> Request 9
1263
(4, 1, 1)
3
(56, 55)
-> Request 10
1434
(2, 2, 1)
3
(47, 17)
--> Day : 3
-> Request 0
572
(1, 3, 1)
1
(69, 51)
-> Request 1
599
(4, 3, 1)
1
(60, 45)
-> Request 2
1067
(4, 1, 1)
3
(44, 32)
-> Request 3
1152
(4, 2, 2)
1
(50, 52)
-> Request 4
1272
(2, 3, 1)
3
(9, 27)
-> Request 5
1426
(4, 2, 2)
2
(51, 72)
--> Day : 4
-> Request 0
28
(3, 3, 2)
1
(2, 27)
-> Request 1
759
(4, 1, 1)
2
(48, 31)
-> Request 2
764
(3, 2, 2)
2
(44, 29)
-> Request 3
923
(4, 1, 2)
2
(65, 64)
-> Request 4
1042
(4, 3, 1)
2
(79, 67)
-> Request 5
1290
(1, 2, 1)
2
(10, 69)
-> Request 6
1332
(4, 1, 2)
3
(43, 61)
-> Request 7
1341
(1, 1, 1)
1
(44, 44)
-> Request 8
1388
(4, 1, 2)
2
(39, 77)
---> Week : 125
--> Day : 0
-> Request 0
69
(1, 2, 1)
1
(15, 30)
-> Request 1
240
(1, 2, 1)
3
(28, 68)
-> Request 2
307
(4, 3, 2)
2
(55, 40)
-> Request 3
352
(4, 3, 1)
1
(47, 33)
-> Request 4
362
(2, 1, 1)
1
(16, 21)
-> Request 5
465
(1, 1, 2)
1
(12, 22)
-> Request 6
574
(1, 3, 2)
3
(68, 37)
-> Request 7
598
(3, 1, 2)
3
(60, 28)
-> Request 8
663
(1, 3, 2)
2
(28, 4)
-> Request 9
709
(4, 2, 1)
3
(61, 45)
-> Request 10
709
(4, 3, 1)
3
(51, 28)
-> Request 11
792
(2, 1, 1)
1
(59, 38)
-> Request 12
796
(4, 1, 1)
3
(60, 44)
-> Request 13
962
(2, 2, 2)
2
(50, 28)
-> Request 14
1148
(2, 2, 1)
3
(56, 69)
-> Request 15
1162
(4, 3, 1)
1
(48, 29)
-> Request 16
1187
(1, 3, 1)
1
(10, 69)
--> Day : 1
-> Request 0
237
(2, 3, 1)
2
(58, 67)
-> Request 1
429
(1, 1, 2)
2
(20, 5)
-> Request 2
525
(1, 1, 2)
3
(60, 11)
-> Request 3
567
(1, 1, 1)
1
(64, 68)
-> Request 4
637
(2, 2, 2)
1
(60, 70)
-> Request 5
926
(4, 1, 1)
3
(43, 51)
-> Request 6
968
(1, 1, 2)
2
(22, 10)
-> Request 7
1147
(2, 3, 1)
1
(54, 74)
-> Request 8
1276
(4, 2, 1)
1
(58, 71)
-> Request 9
1320
(4, 1, 2)
1
(43, 29)
-> Request 10
1350
(3, 3, 2)
2
(55, 29)
--> Day : 2
-> Request 0
34
(3, 3, 1)
2
(68, 71)
-> Request 1
89
(1, 1, 2)
3
(49, 36)
-> Request 2
553
(2, 1, 1)
2
(66, 69)
-> Request 3
612
(2, 1, 2)
3
(65, 64)
-> Request 4
668
(4, 2, 1)
2
(35, 47)
-> Request 5
793
(2, 3, 2)
2
(76, 8)
-> Request 6
829
(3, 2, 1)
3
(54, 29)
-> Request 7
890
(4, 3, 2)
3
(55, 67)
-> Request 8
1048
(2, 1, 1)
2
(65, 54)
-> Request 9
1060
(1, 1, 2)
2
(49, 58)
-> Request 10
1067
(4, 2, 2)
3
(24, 48)
-> Request 11
1277
(1, 3, 2)
2
(54, 35)
-> Request 12
1288
(2, 3, 2)
2
(59, 42)
-> Request 13
1293
(2, 2, 2)
2
(48, 5)
-> Request 14
1401
(2, 3, 1)
2
(54, 29)
--> Day : 3
-> Request 0
56
(1, 3, 2)
3
(60, 57)
-> Request 1
59
(2, 2, 1)
1
(52, 77)
-> Request 2
129
(4, 3, 2)
2
(75, 47)
-> Request 3
308
(1, 3, 1)
3
(1, 65)
-> Request 4
337
(2, 2, 1)
2
(53, 41)
-> Request 5
492
(1, 3, 1)
2
(57, 4)
-> Request 6
570
(1, 3, 1)
3
(58, 29)
-> Request 7
707
(2, 3, 1)
1
(51, 27)
-> Request 8
835
(3, 2, 2)
3
(63, 16)
-> Request 9
882
(2, 2, 1)
2
(65, 76)
-> Request 10
1013
(3, 3, 2)
2
(44, 51)
-> Request 11
1175
(1, 2, 1)
1
(33, 19)
--> Day : 4
-> Request 0
333
(4, 2, 2)
2
(66, 71)
-> Request 1
373
(2, 3, 1)
3
(24, 69)
-> Request 2
440
(3, 1, 2)
2
(22, 47)
-> Request 3
478
(3, 3, 1)
3
(21, 11)
-> Request 4
501
(1, 3, 1)
2
(44, 40)
-> Request 5
832
(2, 2, 2)
3
(55, 29)
---> Week : 126
--> Day : 0
-> Request 0
18
(2, 2, 1)
3
(22, 51)
-> Request 1
92
(1, 3, 1)
2
(75, 14)
-> Request 2
107
(3, 1, 1)
3
(45, 33)
-> Request 3
113
(1, 2, 2)
1
(66, 75)
-> Request 4
137
(2, 3, 2)
2
(9, 21)
-> Request 5
240
(1, 1, 2)
3
(18, 70)
-> Request 6
510
(1, 3, 2)
3
(12, 75)
-> Request 7
527
(2, 3, 2)
1
(17, 21)
-> Request 8
681
(1, 3, 2)
1
(68, 62)
-> Request 9
685
(3, 2, 1)
2
(16, 24)
-> Request 10
733
(3, 2, 2)
1
(24, 70)
-> Request 11
739
(1, 1, 2)
3
(61, 36)
-> Request 12
778
(3, 3, 2)
3
(54, 41)
-> Request 13
937
(2, 2, 2)
3
(13, 29)
-> Request 14
1119
(2, 2, 2)
3
(35, 38)
-> Request 15
1135
(4, 3, 1)
3
(51, 45)
-> Request 16
1208
(3, 1, 1)
3
(19, 58)
-> Request 17
1237
(2, 3, 1)
1
(55, 67)
-> Request 18
1248
(4, 3, 1)
3
(62, 75)
-> Request 19
1270
(3, 3, 2)
3
(15, 23)
-> Request 20
1271
(3, 2, 2)
3
(65, 24)
-> Request 21
1341
(4, 3, 1)
3
(0, 18)
--> Day : 1
-> Request 0
167
(4, 1, 1)
3
(55, 44)
-> Request 1
183
(1, 2, 2)
2
(11, 73)
-> Request 2
446
(1, 3, 2)
1
(65, 73)
-> Request 3
626
(4, 1, 2)
3
(64, 66)
-> Request 4
881
(1, 1, 1)
3
(60, 42)
-> Request 5
1267
(2, 3, 1)
1
(49, 46)
--> Day : 2
-> Request 0
244
(4, 2, 1)
1
(13, 37)
-> Request 1
487
(2, 1, 1)
3
(10, 24)
-> Request 2
676
(4, 2, 1)
3
(29, 70)
-> Request 3
703
(4, 1, 1)
1
(77, 28)
-> Request 4
1148
(2, 2, 2)
1
(56, 32)
-> Request 5
1239
(4, 2, 2)
3
(18, 54)
--> Day : 3
-> Request 0
308
(4, 3, 1)
2
(61, 69)
-> Request 1
525
(2, 1, 1)
3
(22, 79)
-> Request 2
553
(1, 3, 1)
2
(48, 44)
-> Request 3
618
(4, 2, 2)
3
(62, 71)
-> Request 4
624
(2, 2, 2)
2
(11, 28)
-> Request 5
739
(4, 1, 1)
3
(8, 29)
-> Request 6
764
(3, 1, 2)
1
(51, 37)
-> Request 7
790
(3, 1, 1)
3
(56, 31)
-> Request 8
933
(2, 1, 1)
2
(77, 22)
-> Request 9
967
(4, 2, 2)
3
(13, 52)
-> Request 10
1088
(4, 3, 2)
2
(52, 29)
-> Request 11
1156
(2, 2, 1)
3
(27, 69)
--> Day : 4
-> Request 0
4
(2, 1, 1)
1
(64, 66)
-> Request 1
358
(3, 2, 2)
2
(46, 75)
-> Request 2
456
(2, 2, 2)
1
(64, 76)
-> Request 3
461
(2, 3, 1)
1
(54, 27)
-> Request 4
502
(4, 1, 2)
2
(16, 8)
-> Request 5
540
(4, 2, 1)
2
(50, 35)
-> Request 6
550
(2, 1, 1)
1
(43, 28)
-> Request 7
687
(2, 1, 1)
2
(61, 28)
-> Request 8
1063
(1, 2, 1)
3
(52, 38)
-> Request 9
1351
(2, 3, 2)
2
(43, 28)
---> Week : 127
--> Day : 0
-> Request 0
64
(1, 1, 2)
2
(24, 47)
-> Request 1
268
(2, 2, 1)
2
(54, 76)
-> Request 2
352
(3, 2, 1)
1
(62, 28)
-> Request 3
857
(1, 1, 1)
1
(55, 35)
-> Request 4
1261
(1, 2, 1)
2
(55, 68)
-> Request 5
1294
(2, 3, 1)
1
(53, 30)
-> Request 6
1375
(3, 1, 1)
3
(48, 29)
--> Day : 1
-> Request 0
70
(2, 2, 2)
2
(56, 33)
-> Request 1
155
(4, 2, 2)
2
(42, 32)
-> Request 2
508
(3, 1, 1)
3
(60, 67)
-> Request 3
737
(2, 2, 1)
3
(54, 46)
--> Day : 2
-> Request 0
74
(3, 1, 2)
3
(24, 6)
-> Request 1
309
(3, 1, 1)
1
(48, 27)
-> Request 2
1043
(1, 1, 1)
2
(17, 58)
-> Request 3
1331
(3, 1, 1)
2
(55, 74)
-> Request 4
1425
(3, 3, 1)
2
(12, 25)
--> Day : 3
-> Request 0
650
(1, 1, 2)
2
(68, 5)
-> Request 1
672
(1, 3, 2)
3
(46, 9)
-> Request 2
680
(2, 3, 2)
3
(2, 36)
-> Request 3
804
(3, 2, 1)
3
(18, 34)
-> Request 4
893
(3, 1, 1)
2
(65, 75)
-> Request 5
1035
(1, 3, 1)
3
(64, 54)
-> Request 6
1071
(1, 3, 2)
1
(39, 76)
-> Request 7
1131
(3, 1, 1)
2
(24, 68)
-> Request 8
1356
(1, 1, 2)
1
(50, 28)
-> Request 9
1375
(2, 1, 1)
2
(55, 77)
--> Day : 4
-> Request 0
162
(2, 2, 1)
3
(11, 21)
-> Request 1
334
(1, 1, 2)
2
(26, 50)
-> Request 2
469
(4, 3, 2)
3
(9, 20)
-> Request 3
742
(4, 1, 2)
2
(53, 32)
-> Request 4
805
(1, 3, 2)
1
(53, 35)
-> Request 5
828
(4, 1, 1)
1
(61, 32)
-> Request 6
854
(1, 2, 1)
2
(11, 13)
-> Request 7
1025
(4, 3, 1)
2
(1, 16)
-> Request 8
1236
(4, 1, 2)
3
(54, 47)
-> Request 9
1371
(1, 1, 1)
2
(47, 44)
---> Week : 128
--> Day : 0
-> Request 0
203
(3, 3, 2)
1
(52, 74)
-> Request 1
355
(4, 2, 2)
1
(4, 30)
-> Request 2
471
(1, 1, 1)
2
(66, 22)
-> Request 3
756
(2, 1, 1)
3
(37, 31)
-> Request 4
1067
(3, 1, 2)
2
(54, 66)
-> Request 5
1392
(2, 1, 1)
2
(20, 37)
-> Request 6
1405
(2, 3, 2)
3
(61, 64)
--> Day : 1
-> Request 0
4
(3, 3, 1)
3
(56, 42)
-> Request 1
55
(2, 3, 1)
1
(76, 43)
-> Request 2
294
(3, 2, 1)
1
(16, 21)
-> Request 3
550
(2, 3, 2)
2
(49, 2)
-> Request 4
586
(2, 2, 2)
1
(47, 33)
-> Request 5
599
(2, 2, 1)
3
(3, 64)
-> Request 6
833
(4, 1, 2)
2
(6, 77)
-> Request 7
848
(3, 3, 1)
3
(34, 14)
-> Request 8
987
(3, 2, 1)
2
(55, 32)
-> Request 9
1135
(2, 2, 1)
3
(52, 40)
-> Request 10
1199
(4, 1, 2)
3
(57, 65)
-> Request 11
1363
(3, 1, 1)
2
(42, 28)
--> Day : 2
-> Request 0
48
(4, 3, 2)
3
(36, 23)
-> Request 1
253
(2, 2, 1)
3
(30, 4)
-> Request 2
363
(1, 1, 2)
3
(71, 39)
-> Request 3
537
(4, 1, 1)
1
(62, 65)
-> Request 4
613
(4, 2, 1)
2
(49, 62)
-> Request 5
692
(1, 3, 1)
3
(54, 60)
-> Request 6
811
(4, 2, 1)
3
(77, 16)
-> Request 7
880
(3, 3, 1)
2
(52, 70)
-> Request 8
884
(4, 3, 1)
1
(59, 27)
-> Request 9
1299
(1, 3, 1)
2
(66, 3)
-> Request 10
1433
(4, 2, 2)
2
(62, 31)
--> Day : 3
-> Request 0
138
(2, 3, 2)
2
(45, 9)
-> Request 1
388
(1, 2, 2)
1
(50, 31)
-> Request 2
663
(2, 2, 2)
3
(47, 31)
-> Request 3
990
(1, 2, 1)
3
(54, 20)
-> Request 4
1049
(3, 1, 2)
3
(8, 24)
-> Request 5
1202
(4, 3, 1)
2
(40, 13)
-> Request 6
1326
(4, 3, 2)
3
(71, 58)
-> Request 7
1326
(4, 3, 1)
1
(60, 69)
-> Request 8
1331
(1, 3, 1)
1
(47, 26)
-> Request 9
1362
(2, 2, 2)
2
(57, 78)
-> Request 10
1422
(2, 2, 1)
1
(45, 32)
--> Day : 4
-> Request 0
82
(1, 3, 2)
3
(45, 28)
-> Request 1
408
(4, 3, 1)
3
(61, 40)
-> Request 2
666
(1, 1, 1)
2
(53, 49)
-> Request 3
1308
(2, 1, 2)
1
(43, 44)
-> Request 4
1380
(2, 3, 1)
2
(51, 28)
-> Request 5
1411
(4, 1, 1)
2
(62, 28)
---> Week : 129
--> Day : 0
-> Request 0
31
(4, 2, 2)
1
(52, 28)
-> Request 1
172
(2, 2, 2)
2
(36, 26)
-> Request 2
244
(1, 1, 2)
1
(55, 46)
-> Request 3
451
(3, 1, 2)
2
(12, 27)
-> Request 4
640
(1, 2, 2)
3
(52, 76)
-> Request 5
667
(2, 3, 1)
1
(48, 27)
-> Request 6
781
(1, 1, 2)
2
(45, 29)
-> Request 7
831
(2, 3, 2)
3
(7, 66)
-> Request 8
849
(2, 1, 2)
1
(72, 64)
-> Request 9
1002
(2, 3, 2)
2
(61, 73)
-> Request 10
1186
(2, 2, 1)
2
(55, 37)
-> Request 11
1190
(1, 3, 2)
2
(11, 6)
-> Request 12
1204
(2, 2, 2)
2
(32, 13)
-> Request 13
1387
(4, 2, 1)
1
(53, 44)
-> Request 14
1402
(1, 1, 1)
1
(47, 29)
-> Request 15
1413
(3, 1, 1)
1
(23, 69)
--> Day : 1
-> Request 0
364
(2, 3, 2)
3
(8, 26)
-> Request 1
1204
(3, 3, 1)
1
(50, 35)
-> Request 2
1212
(4, 2, 1)
2
(8, 70)
-> Request 3
1220
(1, 1, 1)
2
(3, 28)
--> Day : 2
-> Request 0
30
(1, 3, 1)
1
(22, 26)
-> Request 1
223
(3, 2, 2)
3
(15, 24)
-> Request 2
291
(2, 3, 1)
2
(53, 44)
-> Request 3
313
(2, 1, 2)
1
(63, 32)
-> Request 4
361
(1, 3, 2)
2
(24, 61)
-> Request 5
668
(1, 1, 1)
3
(59, 32)
-> Request 6
710
(1, 3, 1)
2
(14, 25)
-> Request 7
989
(1, 1, 1)
1
(77, 48)
-> Request 8
1151
(1, 3, 2)
1
(49, 32)
-> Request 9
1184
(2, 2, 2)
2
(55, 38)
-> Request 10
1388
(4, 3, 2)
2
(51, 29)
--> Day : 3
-> Request 0
100
(3, 2, 2)
2
(54, 30)
-> Request 1
161
(3, 3, 1)
1
(16, 70)
-> Request 2
193
(1, 3, 1)
1
(50, 36)
-> Request 3
522
(2, 2, 2)
1
(45, 7)
-> Request 4
553
(4, 1, 1)
1
(16, 23)
-> Request 5
588
(3, 1, 1)
2
(11, 28)
-> Request 6
946
(1, 3, 2)
1
(9, 44)
-> Request 7
1206
(4, 3, 1)
2
(68, 19)
--> Day : 4
-> Request 0
73
(1, 1, 1)
2
(64, 78)
-> Request 1
139
(2, 1, 1)
3
(55, 71)
-> Request 2
148
(4, 1, 1)
3
(44, 46)
-> Request 3
173
(1, 2, 2)
3
(11, 43)
-> Request 4
191
(4, 2, 2)
2
(68, 37)
-> Request 5
229
(4, 2, 2)
3
(54, 78)
-> Request 6
615
(3, 2, 1)
2
(58, 36)
-> Request 7
731
(3, 2, 2)
1
(49, 35)
-> Request 8
912
(2, 3, 2)
3
(55, 71)
-> Request 9
1054
(2, 1, 2)
3
(23, 36)
-> Request 10
1261
(1, 2, 2)
2
(14, 42)
---> Week : 130
--> Day : 0
-> Request 0
102
(1, 3, 2)
1
(58, 76)
-> Request 1
328
(4, 3, 1)
2
(43, 42)
-> Request 2
387
(1, 1, 1)
2
(57, 38)
-> Request 3
491
(3, 2, 2)
1
(52, 69)
-> Request 4
504
(3, 2, 1)
1
(6, 40)
-> Request 5
521
(3, 2, 1)
2
(7, 34)
-> Request 6
573
(1, 2, 2)
1
(61, 10)
-> Request 7
882
(2, 2, 2)
3
(75, 22)
-> Request 8
1089
(2, 3, 2)
1
(62, 65)
-> Request 9
1146
(1, 2, 1)
2
(57, 32)
-> Request 10
1304
(2, 3, 1)
3
(63, 14)
--> Day : 1
-> Request 0
151
(2, 3, 1)
2
(13, 26)
-> Request 1
405
(2, 2, 2)
1
(52, 68)
-> Request 2
444
(3, 1, 1)
3
(32, 44)
-> Request 3
959
(1, 3, 2)
1
(16, 26)
-> Request 4
1036
(1, 1, 2)
2
(14, 34)
-> Request 5
1099
(1, 2, 2)
1
(59, 58)
-> Request 6
1112
(4, 3, 1)
3
(57, 44)
-> Request 7
1167
(2, 3, 1)
3
(26, 11)
-> Request 8
1223
(4, 1, 1)
2
(74, 42)
-> Request 9
1322
(1, 2, 1)
2
(45, 44)
-> Request 10
1322
(2, 1, 2)
1
(56, 31)
-> Request 11
1326
(4, 2, 1)
2
(71, 75)
--> Day : 2
-> Request 0
41
(4, 1, 2)
3
(57, 77)
-> Request 1
119
(2, 3, 1)
1
(34, 18)
-> Request 2
185
(4, 2, 2)
2
(56, 31)
-> Request 3
415
(3, 3, 1)
1
(52, 29)
-> Request 4
472
(4, 3, 2)
1
(11, 17)
-> Request 5
544
(4, 3, 2)
3
(57, 74)
-> Request 6
582
(4, 1, 2)
2
(51, 32)
-> Request 7
596
(1, 2, 1)
1
(47, 77)
-> Request 8
920
(1, 2, 2)
3
(43, 72)
-> Request 9
1028
(3, 1, 1)
2
(57, 42)
-> Request 10
1059
(1, 3, 1)
2
(58, 34)
-> Request 11
1065
(4, 2, 2)
2
(51, 30)
-> Request 12
1069
(4, 1, 1)
1
(31, 24)
-> Request 13
1114
(1, 2, 2)
1
(50, 37)
-> Request 14
1220
(3, 3, 1)
3
(64, 75)
--> Day : 3
-> Request 0
0
(4, 2, 2)
1
(43, 45)
-> Request 1
117
(1, 2, 2)
1
(16, 32)
-> Request 2
393
(1, 1, 2)
1
(47, 37)
-> Request 3
1015
(2, 2, 1)
2
(58, 45)
-> Request 4
1175
(2, 3, 2)
2
(62, 77)
-> Request 5
1228
(1, 1, 1)
2
(57, 20)
-> Request 6
1394
(4, 2, 2)
3
(53, 78)
--> Day : 4
-> Request 0
57
(4, 2, 1)
3
(12, 22)
-> Request 1
369
(1, 1, 1)
2
(25, 50)
-> Request 2
488
(2, 2, 2)
3
(50, 18)
-> Request 3
502
(2, 2, 2)
3
(33, 75)
-> Request 4
645
(1, 1, 2)
3
(66, 68)
-> Request 5
810
(2, 3, 2)
3
(48, 37)
-> Request 6
1055
(3, 2, 2)
1
(45, 42)
-> Request 7
1061
(4, 2, 2)
2
(14, 29)
-> Request 8
1116
(3, 1, 1)
3
(65, 69)
-> Request 9
1187
(4, 1, 1)
2
(60, 51)
-> Request 10
1267
(1, 1, 1)
3
(42, 70)
---> Week : 131
--> Day : 0
-> Request 0
84
(3, 3, 1)
3
(20, 29)
-> Request 1
115
(4, 3, 2)
3
(19, 24)
-> Request 2
200
(3, 3, 1)
3
(62, 69)
-> Request 3
270
(3, 1, 2)
2
(43, 45)
-> Request 4
315
(1, 2, 2)
2
(45, 63)
-> Request 5
567
(3, 3, 2)
3
(22, 54)
-> Request 6
721
(4, 3, 1)
1
(28, 7)
-> Request 7
764
(2, 3, 2)
2
(1, 9)
-> Request 8
832
(2, 1, 2)
3
(63, 75)
-> Request 9
1007
(1, 3, 2)
1
(59, 32)
-> Request 10
1150
(4, 2, 2)
2
(59, 27)
-> Request 11
1291
(1, 3, 2)
3
(45, 31)
--> Day : 1
-> Request 0
4
(1, 2, 1)
2
(59, 30)
-> Request 1
207
(1, 3, 1)
2
(33, 61)
-> Request 2
791
(2, 2, 1)
2
(47, 33)
-> Request 3
1031
(4, 3, 2)
3
(34, 53)
-> Request 4
1234
(1, 2, 2)
2
(29, 24)
-> Request 5
1249
(2, 3, 1)
2
(57, 6)
--> Day : 2
-> Request 0
161
(3, 2, 2)
2
(59, 41)
-> Request 1
220
(3, 2, 2)
2
(47, 36)
-> Request 2
260
(1, 3, 2)
3
(57, 46)
-> Request 3
303
(2, 3, 1)
2
(62, 30)
-> Request 4
333
(1, 1, 2)
3
(77, 8)
-> Request 5
434
(2, 2, 1)
1
(15, 24)
-> Request 6
560
(1, 1, 2)
2
(65, 70)
-> Request 7
865
(1, 3, 2)
2
(56, 33)
-> Request 8
1116
(1, 3, 2)
2
(11, 40)
-> Request 9
1136
(3, 1, 1)
3
(54, 59)
-> Request 10
1140
(2, 3, 2)
2
(55, 30)
-> Request 11
1169
(2, 2, 1)
2
(67, 52)
-> Request 12
1236
(3, 2, 1)
1
(66, 21)
-> Request 13
1277
(2, 2, 2)
2
(25, 22)
-> Request 14
1349
(1, 1, 2)
2
(65, 71)
--> Day : 3
-> Request 0
94
(4, 3, 1)
1
(64, 67)
-> Request 1
641
(1, 1, 2)
2
(54, 35)
-> Request 2
652
(3, 1, 1)
3
(28, 73)
-> Request 3
879
(3, 1, 2)
1
(22, 43)
-> Request 4
885
(4, 3, 1)
3
(53, 55)
-> Request 5
1061
(2, 1, 1)
2
(9, 59)
-> Request 6
1130
(3, 1, 2)
2
(24, 12)
-> Request 7
1254
(3, 3, 2)
2
(49, 35)
-> Request 8
1395
(3, 3, 1)
3
(62, 43)
-> Request 9
1425
(4, 2, 1)
1
(27, 60)
--> Day : 4
-> Request 0
25
(3, 3, 2)
2
(65, 76)
-> Request 1
202
(2, 2, 2)
2
(57, 75)
-> Request 2
271
(3, 1, 1)
1
(65, 76)
-> Request 3
436
(3, 2, 2)
1
(57, 35)
-> Request 4
768
(4, 1, 2)
1
(14, 6)
-> Request 5
790
(4, 1, 1)
1
(28, 74)
-> Request 6
796
(4, 1, 2)
1
(59, 65)
-> Request 7
1031
(3, 1, 1)
3
(43, 29)
-> Request 8
1084
(4, 3, 1)
2
(6, 71)
-> Request 9
1136
(3, 2, 2)
2
(58, 72)
-> Request 10
1230
(1, 2, 1)
3
(56, 43)
-> Request 11
1275
(2, 3, 2)
3
(52, 38)
-> Request 12
1293
(1, 2, 2)
1
(21, 36)
-> Request 13
1339
(3, 1, 2)
3
(72, 22)
-> Request 14
1389
(3, 2, 1)
3
(34, 68)
-> Request 15
1414
(3, 2, 2)
3
(51, 40)
---> Week : 132
--> Day : 0
-> Request 0
97
(2, 1, 2)
3
(49, 31)
-> Request 1
219
(2, 1, 1)
3
(66, 66)
-> Request 2
225
(2, 2, 1)
3
(43, 29)
-> Request 3
466
(1, 2, 2)
1
(54, 27)
-> Request 4
502
(3, 3, 2)
2
(43, 46)
-> Request 5
649
(4, 3, 2)
2
(14, 21)
-> Request 6
943
(2, 3, 2)
1
(48, 78)
-> Request 7
1143
(1, 2, 1)
3
(51, 27)
-> Request 8
1147
(3, 1, 1)
1
(55, 45)
-> Request 9
1208
(3, 1, 1)
2
(59, 76)
-> Request 10
1237
(1, 2, 2)
2
(44, 33)
--> Day : 1
-> Request 0
63
(2, 1, 2)
2
(51, 23)
-> Request 1
65
(1, 1, 2)
2
(66, 53)
-> Request 2
66
(3, 3, 1)
1
(38, 62)
-> Request 3
138
(3, 2, 1)
1
(45, 30)
-> Request 4
238
(3, 2, 1)
3
(11, 25)
-> Request 5
329
(2, 1, 2)
1
(2, 22)
-> Request 6
590
(1, 3, 1)
3
(46, 34)
-> Request 7
834
(1, 1, 2)
3
(44, 44)
-> Request 8
871
(3, 3, 2)
1
(56, 74)
-> Request 9
961
(2, 3, 1)
2
(48, 45)
-> Request 10
1007
(2, 2, 1)
2
(53, 71)
-> Request 11
1145
(3, 1, 2)
2
(12, 29)
-> Request 12
1172
(3, 2, 2)
1
(62, 66)
-> Request 13
1185
(3, 1, 2)
1
(9, 29)
-> Request 14
1362
(2, 2, 2)
1
(40, 53)
-> Request 15
1371
(4, 3, 1)
1
(2, 43)
--> Day : 2
-> Request 0
25
(4, 1, 2)
1
(22, 72)
-> Request 1
48
(4, 1, 2)
1
(14, 44)
-> Request 2
443
(1, 2, 2)
3
(62, 67)
-> Request 3
472
(3, 3, 1)
1
(61, 74)
-> Request 4
639
(4, 3, 1)
3
(68, 74)
-> Request 5
841
(1, 2, 1)
3
(72, 70)
-> Request 6
1211
(1, 3, 2)
1
(46, 44)
--> Day : 3
-> Request 0
183
(2, 3, 1)
2
(59, 66)
-> Request 1
304
(2, 1, 1)
3
(53, 64)
-> Request 2
348
(1, 3, 2)
3
(55, 50)
-> Request 3
374
(3, 1, 2)
2
(43, 28)
-> Request 4
497
(2, 1, 2)
2
(16, 28)
-> Request 5
532
(1, 1, 1)
1
(22, 29)
-> Request 6
1108
(2, 1, 1)
3
(53, 65)
-> Request 7
1279
(1, 1, 1)
2
(63, 8)
-> Request 8
1402
(1, 1, 2)
1
(65, 67)
--> Day : 4
-> Request 0
114
(1, 2, 2)
2
(47, 17)
-> Request 1
687
(4, 3, 1)
1
(22, 37)
-> Request 2
786
(4, 1, 1)
2
(39, 21)
-> Request 3
831
(2, 2, 2)
1
(45, 31)
-> Request 4
843
(4, 2, 1)
2
(71, 13)
-> Request 5
1002
(1, 1, 2)
2
(59, 39)
-> Request 6
1259
(2, 2, 2)
1
(61, 64)
-> Request 7
1276
(2, 3, 1)
2
(61, 74)
-> Request 8
1426
(2, 3, 1)
2
(43, 44)
---> Week : 133
--> Day : 0
-> Request 0
114
(3, 1, 1)
3
(59, 29)
-> Request 1
117
(2, 2, 1)
2
(46, 34)
-> Request 2
241
(3, 3, 1)
2
(62, 69)
-> Request 3
243
(3, 3, 1)
1
(24, 43)
-> Request 4
358
(2, 1, 1)
3
(42, 4)
-> Request 5
389
(4, 2, 2)
1
(59, 68)
-> Request 6
656
(4, 2, 2)
1
(62, 65)
-> Request 7
671
(4, 1, 2)
2
(9, 72)
-> Request 8
750
(4, 1, 2)
3
(70, 31)
-> Request 9
1302
(2, 2, 1)
2
(46, 29)
-> Request 10
1360
(4, 3, 2)
1
(24, 60)
-> Request 11
1427
(3, 1, 2)
3
(62, 73)
--> Day : 1
-> Request 0
37
(4, 1, 2)
1
(64, 74)
-> Request 1
234
(3, 1, 2)
1
(10, 21)
-> Request 2
247
(3, 2, 2)
3
(22, 31)
-> Request 3
625
(3, 1, 1)
1
(50, 34)
-> Request 4
862
(4, 1, 1)
1
(40, 34)
-> Request 5
901
(4, 3, 1)
1
(77, 8)
-> Request 6
1076
(2, 3, 1)
2
(46, 37)
--> Day : 2
-> Request 0
180
(4, 3, 2)
1
(62, 64)
-> Request 1
387
(1, 1, 2)
1
(66, 68)
-> Request 2
488
(3, 2, 2)
1
(8, 28)
-> Request 3
643
(3, 3, 2)
2
(76, 50)
-> Request 4
654
(3, 3, 1)
3
(26, 63)
-> Request 5
1015
(4, 3, 2)
3
(48, 29)
--> Day : 3
-> Request 0
65
(1, 2, 1)
3
(12, 20)
-> Request 1
168
(4, 3, 1)
3
(46, 41)
-> Request 2
342
(4, 1, 1)
1
(26, 29)
-> Request 3
510
(3, 3, 1)
1
(43, 32)
-> Request 4
811
(3, 2, 2)
1
(61, 41)
-> Request 5
835
(3, 3, 2)
2
(45, 38)
-> Request 6
836
(4, 2, 2)
1
(48, 29)
-> Request 7
1026
(4, 1, 1)
2
(45, 30)
-> Request 8
1098
(2, 2, 1)
1
(58, 26)
-> Request 9
1114
(2, 3, 1)
2
(44, 35)
-> Request 10
1303
(1, 1, 1)
3
(48, 37)
-> Request 11
1311
(2, 3, 2)
3
(6, 24)
-> Request 12
1364
(1, 3, 2)
1
(65, 9)
--> Day : 4
-> Request 0
79
(1, 2, 2)
2
(32, 65)
-> Request 1
271
(1, 3, 1)
2
(2, 66)
-> Request 2
427
(2, 1, 1)
1
(0, 9)
-> Request 3
521
(1, 3, 1)
2
(29, 32)
-> Request 4
524
(2, 1, 1)
1
(14, 25)
-> Request 5
749
(3, 1, 1)
3
(61, 72)
-> Request 6
983
(2, 3, 1)
3
(52, 46)
-> Request 7
1057
(2, 2, 1)
1
(55, 66)
-> Request 8
1283
(1, 2, 2)
2
(12, 51)
-> Request 9
1374
(3, 2, 1)
2
(62, 44)
---> Week : 134
--> Day : 0
-> Request 0
21
(3, 2, 1)
1
(67, 32)
-> Request 1
46
(4, 1, 2)
2
(6, 8)
-> Request 2
316
(4, 2, 1)
3
(48, 2)
-> Request 3
319
(2, 1, 2)
3
(17, 21)
-> Request 4
856
(4, 1, 1)
3
(78, 16)
-> Request 5
895
(3, 3, 1)
3
(55, 32)
-> Request 6
1359
(3, 3, 1)
3
(41, 3)
--> Day : 1
-> Request 0
17
(2, 2, 1)
2
(52, 42)
-> Request 1
274
(1, 3, 1)
1
(39, 30)
-> Request 2
428
(4, 1, 1)
1
(16, 5)
-> Request 3
580
(2, 3, 1)
1
(55, 36)
-> Request 4
896
(2, 1, 1)
3
(40, 77)
-> Request 5
903
(1, 3, 1)
3
(55, 71)
-> Request 6
1010
(1, 1, 2)
2
(42, 31)
-> Request 7
1028
(1, 1, 2)
3
(73, 50)
-> Request 8
1069
(1, 1, 2)
2
(70, 64)
-> Request 9
1080
(2, 1, 1)
1
(44, 27)
--> Day : 2
-> Request 0
141
(2, 3, 2)
3
(1, 56)
-> Request 1
202
(4, 2, 1)
2
(54, 35)
-> Request 2
276
(2, 3, 2)
3
(72, 61)
-> Request 3
592
(2, 1, 2)
2
(53, 65)
-> Request 4
625
(2, 1, 1)
2
(52, 65)
-> Request 5
704
(4, 2, 1)
3
(25, 57)
-> Request 6
800
(4, 2, 1)
1
(7, 41)
-> Request 7
817
(3, 2, 2)
2
(48, 36)
-> Request 8
1253
(2, 3, 2)
2
(77, 43)
-> Request 9
1333
(3, 3, 2)
1
(55, 65)
--> Day : 3
-> Request 0
10
(1, 1, 2)
3
(6, 31)
-> Request 1
261
(3, 3, 1)
1
(14, 27)
-> Request 2
309
(3, 1, 2)
3
(37, 36)
-> Request 3
644
(2, 3, 2)
3
(58, 47)
-> Request 4
680
(2, 3, 2)
2
(8, 67)
-> Request 5
1082
(3, 1, 2)
2
(27, 17)
-> Request 6
1191
(2, 2, 2)
3
(58, 57)
-> Request 7
1349
(3, 1, 2)
2
(36, 43)
-> Request 8
1400
(1, 1, 2)
3
(39, 8)
--> Day : 4
-> Request 0
156
(3, 3, 2)
2
(28, 4)
-> Request 1
216
(3, 2, 1)
3
(9, 40)
-> Request 2
281
(4, 1, 2)
1
(9, 71)
-> Request 3
362
(3, 3, 1)
1
(44, 79)
-> Request 4
760
(3, 3, 2)
1
(15, 27)
-> Request 5
850
(2, 3, 1)
1
(64, 76)
-> Request 6
1208
(1, 1, 2)
2
(61, 36)
---> Week : 135
--> Day : 0
-> Request 0
305
(1, 1, 1)
3
(31, 31)
-> Request 1
864
(3, 3, 2)
1
(46, 42)
-> Request 2
974
(1, 3, 1)
3
(19, 29)
-> Request 3
1194
(4, 2, 2)
1
(10, 23)
--> Day : 1
-> Request 0
173
(3, 2, 1)
3
(38, 67)
-> Request 1
315
(4, 3, 2)
2
(64, 66)
-> Request 2
359
(2, 2, 1)
3
(45, 74)
-> Request 3
842
(4, 3, 2)
3
(65, 65)
--> Day : 2
-> Request 0
243
(2, 1, 2)
1
(59, 42)
-> Request 1
489
(2, 3, 1)
3
(53, 32)
-> Request 2
531
(3, 2, 1)
2
(28, 59)
-> Request 3
741
(2, 3, 1)
2
(20, 37)
-> Request 4
998
(2, 3, 1)
2
(64, 46)
-> Request 5
1151
(1, 2, 1)
1
(55, 13)
-> Request 6
1197
(4, 3, 2)
2
(24, 22)
--> Day : 3
-> Request 0
1
(1, 3, 1)
2
(53, 69)
-> Request 1
548
(1, 1, 2)
1
(56, 31)
-> Request 2
627
(2, 3, 2)
3
(28, 50)
-> Request 3
706
(3, 3, 1)
2
(12, 22)
-> Request 4
731
(1, 3, 2)
3
(59, 31)
-> Request 5
902
(1, 3, 1)
1
(61, 12)
-> Request 6
909
(1, 1, 2)
2
(56, 77)
-> Request 7
951
(3, 1, 1)
2
(54, 70)
-> Request 8
1025
(1, 2, 2)
1
(51, 39)
-> Request 9
1084
(2, 2, 1)
1
(52, 49)
-> Request 10
1097
(4, 1, 2)
1
(65, 72)
-> Request 11
1165
(3, 2, 2)
1
(17, 17)
-> Request 12
1291
(4, 2, 1)
1
(20, 77)
-> Request 13
1296
(3, 1, 2)
3
(66, 41)
-> Request 14
1316
(3, 3, 1)
2
(55, 66)
--> Day : 4
-> Request 0
43
(2, 1, 1)
2
(61, 66)
-> Request 1
104
(1, 2, 1)
3
(64, 25)
-> Request 2
559
(2, 3, 2)
2
(60, 76)
-> Request 3
654
(2, 2, 1)
1
(46, 19)
-> Request 4
804
(1, 3, 2)
2
(32, 77)
-> Request 5
810
(2, 1, 2)
1
(56, 11)
-> Request 6
1023
(1, 2, 2)
2
(47, 64)
-> Request 7
1043
(1, 3, 2)
3
(1, 2)
-> Request 8
1206
(1, 3, 1)
1
(68, 19)
-> Request 9
1363
(3, 2, 2)
2
(32, 50)
---> Week : 136
--> Day : 0
-> Request 0
409
(3, 1, 2)
3
(17, 68)
-> Request 1
745
(3, 1, 2)
3
(47, 33)
-> Request 2
1255
(2, 1, 2)
3
(65, 74)
-> Request 3
1330
(2, 2, 1)
2
(47, 56)
-> Request 4
1376
(2, 1, 1)
3
(53, 71)
-> Request 5
1394
(1, 2, 1)
2
(32, 56)
--> Day : 1
-> Request 0
237
(4, 1, 1)
3
(48, 30)
-> Request 1
523
(2, 2, 2)
1
(51, 36)
-> Request 2
730
(3, 3, 2)
2
(2, 17)
-> Request 3
817
(3, 3, 1)
3
(57, 38)
-> Request 4
885
(2, 2, 1)
3
(4, 66)
-> Request 5
1051
(1, 2, 2)
1
(53, 27)
-> Request 6
1282
(1, 3, 1)
1
(60, 79)
-> Request 7
1326
(4, 1, 2)
3
(50, 74)
--> Day : 2
-> Request 0
63
(4, 1, 2)
2
(60, 50)
-> Request 1
72
(2, 1, 1)
2
(59, 68)
-> Request 2
118
(2, 2, 1)
1
(60, 27)
-> Request 3
775
(3, 3, 2)
1
(14, 25)
-> Request 4
866
(3, 1, 1)
1
(11, 24)
-> Request 5
995
(4, 3, 1)
1
(65, 74)
-> Request 6
1318
(1, 2, 1)
1
(48, 33)
-> Request 7
1328
(3, 3, 2)
3
(53, 27)
-> Request 8
1424
(1, 3, 2)
3
(50, 29)
--> Day : 3
-> Request 0
548
(2, 1, 1)
3
(46, 46)
-> Request 1
768
(2, 1, 2)
1
(78, 25)
-> Request 2
1026
(3, 3, 2)
2
(65, 64)
-> Request 3
1219
(4, 2, 1)
3
(73, 79)
--> Day : 4
-> Request 0
142
(2, 2, 1)
3
(4, 20)
-> Request 1
547
(4, 3, 1)
3
(40, 2)
-> Request 2
620
(3, 2, 2)
2
(48, 62)
-> Request 3
1121
(2, 3, 2)
1
(70, 14)
-> Request 4
1308
(4, 1, 1)
1
(20, 65)
---> Week : 137
--> Day : 0
-> Request 0
13
(1, 1, 1)
1
(15, 61)
-> Request 1
27
(1, 1, 1)
3
(10, 23)
-> Request 2
143
(4, 2, 1)
2
(57, 64)
-> Request 3
273
(2, 3, 2)
1
(17, 75)
-> Request 4
582
(2, 3, 1)
1
(52, 28)
-> Request 5
600
(2, 3, 1)
3
(4, 55)
-> Request 6
668
(4, 2, 1)
3
(34, 58)
-> Request 7
755
(3, 3, 2)
3
(56, 72)
-> Request 8
794
(4, 1, 1)
2
(60, 65)
-> Request 9
1104
(4, 3, 1)
2
(37, 75)
-> Request 10
1393
(4, 2, 2)
1
(43, 0)
--> Day : 1
-> Request 0
193
(4, 2, 2)
2
(55, 45)
-> Request 1
318
(3, 3, 2)
1
(65, 76)
-> Request 2
858
(1, 2, 1)
2
(45, 32)
-> Request 3
858
(4, 1, 2)
1
(1, 73)
-> Request 4
1015
(1, 2, 2)
2
(52, 18)
-> Request 5
1028
(1, 1, 2)
2
(53, 72)
-> Request 6
1065
(1, 3, 1)
1
(60, 65)
--> Day : 2
-> Request 0
324
(2, 2, 1)
3
(58, 76)
-> Request 1
382
(3, 3, 1)
3
(29, 40)
-> Request 2
599
(3, 3, 2)
3
(52, 69)
-> Request 3
795
(1, 2, 1)
2
(40, 15)
-> Request 4
841
(1, 2, 1)
2
(63, 65)
-> Request 5
853
(1, 3, 1)
1
(36, 6)
-> Request 6
871
(2, 1, 1)
1
(28, 33)
-> Request 7
952
(3, 2, 1)
2
(66, 43)
-> Request 8
1233
(4, 1, 1)
1
(47, 29)
-> Request 9
1302
(3, 2, 1)
2
(0, 46)
-> Request 10
1421
(4, 1, 2)
3
(58, 23)
--> Day : 3
-> Request 0
89
(2, 1, 2)
2
(19, 1)
-> Request 1
90
(1, 2, 2)
1
(75, 69)
-> Request 2
279
(2, 1, 1)
1
(61, 28)
-> Request 3
281
(3, 1, 2)
1
(2, 70)
-> Request 4
338
(1, 2, 1)
3
(66, 12)
-> Request 5
929
(2, 1, 2)
2
(11, 75)
-> Request 6
989
(1, 1, 2)
3
(50, 33)
-> Request 7
994
(4, 1, 2)
2
(14, 22)
-> Request 8
1115
(2, 3, 1)
2
(3, 16)
-> Request 9
1190
(3, 1, 1)
2
(50, 66)
--> Day : 4
-> Request 0
34
(4, 2, 1)
2
(72, 55)
-> Request 1
217
(4, 2, 1)
2
(60, 35)
-> Request 2
246
(4, 2, 2)
3
(53, 27)
-> Request 3
249
(4, 2, 2)
3
(47, 44)
-> Request 4
255
(2, 2, 2)
1
(67, 70)
-> Request 5
280
(2, 1, 1)
1
(12, 21)
-> Request 6
591
(4, 2, 1)
2
(76, 48)
-> Request 7
685
(3, 1, 1)
2
(55, 37)
-> Request 8
838
(4, 3, 1)
2
(12, 27)
-> Request 9
893
(1, 1, 2)
3
(65, 75)
-> Request 10
942
(1, 1, 2)
2
(38, 4)
-> Request 11
1094
(2, 2, 2)
1
(60, 78)
-> Request 12
1096
(4, 3, 1)
1
(59, 70)
-> Request 13
1106
(4, 1, 1)
2
(64, 70)
---> Week : 138
--> Day : 0
-> Request 0
3
(2, 2, 1)
2
(61, 64)
-> Request 1
694
(3, 2, 1)
3
(13, 39)
-> Request 2
722
(1, 2, 2)
2
(31, 50)
-> Request 3
1181
(1, 1, 2)
2
(0, 8)
-> Request 4
1261
(1, 2, 1)
3
(55, 69)
-> Request 5
1354
(3, 1, 2)
1
(16, 29)
-> Request 6
1360
(4, 3, 1)
2
(66, 75)
--> Day : 1
-> Request 0
80
(3, 3, 2)
3
(66, 64)
-> Request 1
117
(2, 1, 1)
2
(53, 77)
-> Request 2
349
(2, 1, 1)
3
(50, 40)
-> Request 3
548
(3, 2, 2)
3
(57, 40)
-> Request 4
586
(1, 1, 2)
2
(1, 79)
-> Request 5
705
(2, 2, 1)
3
(53, 27)
-> Request 6
713
(3, 1, 1)
3
(58, 65)
-> Request 7
854
(2, 2, 1)
3
(56, 64)
-> Request 8
881
(1, 1, 2)
3
(15, 23)
-> Request 9
936
(2, 3, 1)
3
(52, 72)
-> Request 10
943
(2, 3, 1)
3
(56, 41)
-> Request 11
1045
(4, 1, 1)
2
(59, 76)
-> Request 12
1185
(1, 1, 1)
3
(15, 24)
--> Day : 2
-> Request 0
97
(2, 3, 1)
3
(71, 67)
-> Request 1
247
(1, 2, 2)
1
(43, 42)
-> Request 2
309
(3, 3, 1)
2
(65, 68)
-> Request 3
319
(4, 1, 2)
2
(71, 2)
-> Request 4
644
(2, 3, 2)
1
(52, 36)
-> Request 5
787
(2, 2, 2)
1
(52, 39)
-> Request 6
855
(1, 2, 1)
3
(43, 69)
-> Request 7
1028
(4, 3, 1)
3
(52, 64)
-> Request 8
1082
(4, 3, 1)
1
(14, 29)
-> Request 9
1271
(2, 3, 2)
2
(56, 72)
-> Request 10
1357
(1, 3, 2)
1
(5, 31)
-> Request 11
1416
(4, 3, 1)
2
(10, 29)
--> Day : 3
-> Request 0
23
(1, 1, 1)
1
(2, 78)
-> Request 1
430
(2, 1, 2)
1
(58, 36)
-> Request 2
444
(4, 2, 2)
1
(55, 45)
-> Request 3
773
(2, 3, 2)
1
(47, 39)
-> Request 4
912
(1, 3, 2)
2
(12, 28)
-> Request 5
943
(4, 1, 1)
1
(54, 77)
-> Request 6
998
(4, 3, 1)
3
(26, 71)
-> Request 7
1009
(2, 1, 2)
2
(59, 78)
-> Request 8
1094
(1, 2, 2)
1
(65, 67)
-> Request 9
1401
(3, 2, 1)
2
(60, 35)
--> Day : 4
-> Request 0
161
(3, 3, 2)
1
(4, 72)
-> Request 1
259
(1, 3, 1)
3
(48, 38)
-> Request 2
289
(1, 2, 2)
2
(42, 8)
-> Request 3
300
(2, 1, 2)
3
(20, 64)
-> Request 4
414
(3, 3, 1)
3
(62, 70)
-> Request 5
441
(2, 1, 1)
3
(54, 74)
-> Request 6
538
(3, 2, 2)
3
(49, 35)
---> Week : 139
--> Day : 0
-> Request 0
275
(3, 3, 1)
3
(45, 40)
-> Request 1
363
(2, 1, 1)
2
(71, 42)
-> Request 2
372
(4, 1, 2)
3
(3, 1)
-> Request 3
678
(2, 1, 1)
3
(62, 30)
-> Request 4
695
(3, 3, 1)
1
(57, 70)
-> Request 5
953
(4, 2, 1)
2
(58, 44)
-> Request 6
963
(3, 1, 1)
3
(49, 34)
--> Day : 1
-> Request 0
15
(4, 1, 1)
1
(52, 45)
-> Request 1
35
(2, 2, 1)
3
(70, 69)
-> Request 2
47
(2, 2, 1)
1
(34, 76)
-> Request 3
189
(2, 1, 1)
2
(50, 38)
-> Request 4
307
(2, 2, 1)
1
(28, 24)
-> Request 5
315
(1, 1, 2)
2
(58, 34)
-> Request 6
344
(4, 3, 1)
3
(58, 70)
-> Request 7
375
(1, 2, 2)
2
(44, 43)
-> Request 8
488
(4, 2, 2)
2
(47, 36)
-> Request 9
785
(1, 2, 1)
1
(62, 36)
-> Request 10
954
(4, 2, 1)
1
(56, 45)
-> Request 11
1038
(2, 1, 2)
3
(10, 65)
-> Request 12
1105
(4, 2, 2)
1
(44, 29)
--> Day : 2
-> Request 0
86
(1, 1, 1)
1
(15, 25)
-> Request 1
398
(2, 2, 2)
1
(55, 46)
-> Request 2
733
(1, 2, 2)
3
(55, 35)
-> Request 3
958
(1, 3, 2)
3
(61, 78)
-> Request 4
1000
(2, 3, 2)
2
(12, 23)
-> Request 5
1388
(2, 1, 2)
1
(51, 41)
--> Day : 3
-> Request 0
34
(3, 2, 1)
2
(62, 38)
-> Request 1
110
(4, 2, 2)
2
(53, 73)
-> Request 2
204
(1, 1, 1)
1
(62, 77)
-> Request 3
255
(2, 1, 1)
2
(50, 15)
-> Request 4
504
(3, 2, 1)
1
(57, 46)
-> Request 5
663
(4, 3, 1)
1
(53, 30)
-> Request 6
688
(3, 2, 1)
3
(54, 23)
-> Request 7
794
(4, 3, 1)
2
(14, 22)
-> Request 8
1020
(1, 2, 1)
1
(60, 46)
-> Request 9
1088
(1, 2, 2)
1
(51, 37)
-> Request 10
1204
(3, 2, 2)
1
(40, 13)
-> Request 11
1326
(1, 1, 2)
2
(58, 42)
--> Day : 4
-> Request 0
55
(2, 3, 2)
3
(5, 56)
-> Request 1
106
(4, 3, 2)
1
(25, 18)
-> Request 2
143
(4, 3, 1)
3
(62, 72)
-> Request 3
277
(2, 1, 1)
3
(18, 68)
-> Request 4
304
(1, 2, 1)
2
(39, 33)
-> Request 5
486
(2, 1, 1)
2
(36, 66)
-> Request 6
613
(1, 1, 2)
3
(60, 28)
-> Request 7
925
(3, 3, 2)
3
(6, 79)
-> Request 8
986
(4, 2, 2)
1
(4, 44)
-> Request 9
1146
(2, 3, 2)
2
(62, 30)
---> Week : 140
--> Day : 0
-> Request 0
285
(3, 3, 1)
3
(26, 74)
-> Request 1
311
(1, 2, 2)
2
(65, 6)
-> Request 2
360
(1, 3, 1)
1
(57, 32)
-> Request 3
393
(4, 3, 1)
2
(60, 78)
-> Request 4
648
(1, 3, 2)
1
(33, 42)
-> Request 5
696
(3, 2, 1)
2
(75, 52)
-> Request 6
942
(3, 3, 2)
3
(15, 29)
-> Request 7
1308
(4, 2, 1)
3
(23, 24)
--> Day : 1
-> Request 0
70
(3, 3, 1)
3
(66, 71)
-> Request 1
182
(1, 1, 2)
3
(73, 21)
-> Request 2
286
(4, 3, 2)
1
(31, 21)
-> Request 3
347
(1, 3, 2)
3
(57, 17)
-> Request 4
421
(3, 3, 2)
3
(64, 76)
-> Request 5
697
(2, 3, 2)
2
(44, 44)
-> Request 6
794
(4, 1, 1)
1
(55, 66)
-> Request 7
878
(2, 1, 2)
2
(39, 19)
-> Request 8
1253
(4, 3, 1)
2
(43, 43)
-> Request 9
1290
(2, 3, 1)
3
(41, 29)
--> Day : 2
-> Request 0
171
(4, 3, 1)
3
(72, 9)
-> Request 1
705
(2, 1, 2)
3
(55, 69)
-> Request 2
1061
(1, 3, 1)
2
(46, 11)
-> Request 3
1075
(3, 1, 2)
1
(53, 32)
-> Request 4
1078
(4, 3, 2)
1
(58, 41)
-> Request 5
1339
(2, 1, 2)
3
(48, 31)
-> Request 6
1379
(1, 3, 1)
2
(32, 19)
-> Request 7
1396
(3, 2, 1)
1
(49, 41)
-> Request 8
1406
(2, 3, 2)
2
(61, 36)
--> Day : 3
-> Request 0
234
(3, 2, 1)
3
(56, 37)
-> Request 1
513
(1, 3, 2)
2
(74, 50)
-> Request 2
694
(3, 3, 2)
1
(64, 76)
-> Request 3
1079
(3, 3, 1)
3
(60, 78)
-> Request 4
1150
(4, 1, 1)
2
(50, 34)
-> Request 5
1153
(4, 3, 1)
3
(2, 31)
-> Request 6
1210
(3, 2, 1)
3
(56, 64)
-> Request 7
1255
(3, 2, 1)
2
(62, 64)
-> Request 8
1291
(1, 1, 1)
3
(69, 72)
-> Request 9
1358
(3, 1, 1)
1
(70, 62)
-> Request 10
1402
(4, 2, 2)
1
(58, 31)
-> Request 11
1411
(4, 1, 2)
1
(56, 47)
--> Day : 4
-> Request 0
1
(1, 3, 1)
3
(45, 36)
-> Request 1
44
(2, 1, 1)
2
(58, 57)
-> Request 2
129
(2, 2, 2)
3
(8, 74)
-> Request 3
481
(1, 1, 1)
2
(63, 72)
-> Request 4
749
(3, 1, 2)
2
(26, 51)
-> Request 5
889
(4, 2, 2)
2
(50, 39)
-> Request 6
978
(1, 2, 2)
1
(0, 17)
-> Request 7
984
(4, 1, 2)
2
(64, 74)
-> Request 8
1133
(3, 3, 1)
2
(61, 67)
-> Request 9
1140
(2, 1, 1)
1
(36, 1)
-> Request 10
1255
(4, 1, 2)
2
(75, 16)
---> Week : 141
--> Day : 0
-> Request 0
111
(1, 2, 2)
2
(17, 29)
-> Request 1
130
(4, 3, 1)
3
(45, 38)
-> Request 2
375
(4, 2, 2)
1
(66, 65)
-> Request 3
500
(2, 3, 1)
2
(55, 60)
-> Request 4
508
(2, 1, 1)
1
(25, 22)
-> Request 5
570
(4, 3, 1)
1
(58, 68)
-> Request 6
638
(4, 2, 2)
2
(45, 40)
-> Request 7
694
(2, 2, 1)
1
(50, 16)
-> Request 8
942
(1, 1, 1)
3
(42, 19)
-> Request 9
1040
(1, 3, 2)
2
(63, 55)
-> Request 10
1060
(4, 1, 2)
2
(13, 23)
--> Day : 1
-> Request 0
30
(4, 1, 1)
3
(65, 75)
-> Request 1
54
(1, 3, 1)
2
(57, 68)
-> Request 2
369
(1, 2, 1)
2
(55, 37)
-> Request 3
388
(3, 3, 2)
2
(62, 40)
-> Request 4
522
(4, 1, 2)
2
(66, 9)
-> Request 5
721
(1, 2, 2)
3
(64, 46)
-> Request 6
1071
(2, 2, 2)
1
(45, 31)
-> Request 7
1201
(1, 1, 1)
3
(16, 58)
--> Day : 2
-> Request 0
46
(1, 3, 2)
2
(44, 27)
-> Request 1
53
(1, 3, 2)
2
(51, 39)
-> Request 2
82
(4, 2, 2)
2
(9, 21)
-> Request 3
141
(3, 3, 1)
3
(63, 76)
-> Request 4
382
(3, 1, 1)
1
(74, 74)
-> Request 5
484
(4, 1, 2)
3
(44, 66)
-> Request 6
529
(2, 3, 2)
2
(53, 77)
-> Request 7
569
(4, 3, 1)
3
(44, 36)
-> Request 8
810
(2, 2, 2)
2
(43, 68)
-> Request 9
879
(3, 2, 1)
3
(64, 69)
-> Request 10
990
(3, 3, 2)
3
(28, 55)
-> Request 11
1348
(4, 3, 1)
3
(61, 74)
-> Request 12
1379
(3, 1, 2)
3
(9, 14)
--> Day : 3
-> Request 0
63
(2, 2, 2)
2
(62, 31)
-> Request 1
350
(2, 3, 2)
2
(19, 0)
-> Request 2
865
(4, 1, 1)
2
(62, 72)
-> Request 3
939
(4, 1, 1)
2
(60, 38)
-> Request 4
968
(1, 3, 2)
1
(63, 72)
-> Request 5
1123
(1, 2, 2)
3
(52, 70)
-> Request 6
1166
(2, 3, 2)
2
(24, 56)
-> Request 7
1243
(4, 3, 2)
1
(31, 62)
-> Request 8
1393
(3, 3, 1)
2
(25, 65)
--> Day : 4
-> Request 0
240
(2, 3, 1)
1
(47, 42)
-> Request 1
570
(1, 2, 2)
2
(54, 57)
-> Request 2
747
(4, 1, 2)
2
(61, 0)
-> Request 3
763
(4, 2, 1)
1
(44, 32)
-> Request 4
789
(2, 1, 2)
2
(47, 33)
-> Request 5
807
(1, 3, 2)
3
(9, 28)
-> Request 6
910
(3, 1, 1)
1
(49, 27)
-> Request 7
1031
(3, 1, 1)
1
(62, 46)
-> Request 8
1088
(3, 3, 1)
1
(46, 27)
-> Request 9
1210
(1, 1, 1)
2
(2, 10)
-> Request 10
1249
(3, 1, 2)
1
(1, 26)
-> Request 11
1418
(3, 1, 2)
1
(48, 74)
---> Week : 142
--> Day : 0
-> Request 0
112
(4, 3, 1)
2
(50, 44)
-> Request 1
201
(2, 1, 1)
2
(51, 32)
-> Request 2
356
(2, 2, 1)
3
(54, 44)
-> Request 3
861
(3, 1, 2)
2
(26, 15)
--> Day : 1
-> Request 0
270
(1, 2, 1)
3
(43, 36)
-> Request 1
558
(2, 3, 2)
3
(24, 47)
-> Request 2
851
(2, 2, 2)
2
(58, 64)
-> Request 3
988
(4, 3, 1)
3
(28, 27)
-> Request 4
1106
(2, 3, 2)
2
(70, 36)
--> Day : 2
-> Request 0
12
(4, 1, 2)
3
(41, 37)
-> Request 1
16
(2, 1, 2)
1
(13, 40)
-> Request 2
113
(1, 2, 2)
2
(59, 67)
-> Request 3
182
(4, 1, 2)
3
(46, 30)
-> Request 4
361
(3, 1, 2)
3
(47, 41)
-> Request 5
399
(2, 2, 1)
2
(38, 55)
-> Request 6
534
(4, 3, 1)
1
(6, 29)
-> Request 7
757
(3, 3, 2)
3
(32, 38)
-> Request 8
854
(2, 2, 1)
3
(28, 63)
-> Request 9
975
(3, 2, 2)
1
(53, 41)
-> Request 10
1069
(1, 1, 2)
1
(59, 21)
-> Request 11
1209
(2, 1, 1)
1
(66, 66)
-> Request 12
1368
(2, 2, 1)
1
(61, 63)
--> Day : 3
-> Request 0
85
(2, 2, 1)
1
(48, 34)
-> Request 1
227
(3, 1, 2)
2
(56, 27)
-> Request 2
438
(3, 2, 1)
2
(79, 45)
-> Request 3
476
(4, 1, 1)
1
(10, 26)
-> Request 4
555
(4, 2, 2)
3
(13, 21)
-> Request 5
621
(2, 3, 1)
3
(33, 15)
-> Request 6
656
(3, 2, 2)
2
(50, 30)
-> Request 7
896
(4, 1, 1)
2
(8, 23)
-> Request 8
968
(3, 1, 1)
1
(23, 58)
-> Request 9
1229
(3, 3, 1)
3
(61, 72)
-> Request 10
1261
(1, 2, 2)
3
(58, 71)
--> Day : 4
-> Request 0
143
(4, 2, 1)
2
(51, 38)
-> Request 1
279
(1, 2, 1)
2
(46, 42)
-> Request 2
994
(3, 1, 1)
3
(76, 79)
-> Request 3
1154
(2, 3, 2)
3
(22, 68)
-> Request 4
1281
(3, 3, 2)
3
(57, 42)
-> Request 5
1317
(2, 3, 1)
1
(52, 8)
-> Request 6
1337
(2, 2, 2)
2
(44, 38)
-> Request 7
1383
(2, 2, 1)
1
(48, 44)
---> Week : 143
--> Day : 0
-> Request 0
122
(2, 3, 1)
1
(24, 66)
-> Request 1
718
(1, 2, 1)
3
(56, 37)
-> Request 2
796
(2, 2, 2)
2
(48, 45)
-> Request 3
1019
(3, 3, 1)
3
(60, 44)
-> Request 4
1052
(4, 2, 2)
2
(11, 45)
-> Request 5
1143
(2, 2, 2)
1
(45, 41)
-> Request 6
1436
(3, 3, 1)
2
(55, 1)
--> Day : 1
-> Request 0
155
(3, 3, 2)
2
(65, 67)
-> Request 1
467
(1, 3, 2)
2
(62, 75)
-> Request 2
552
(3, 1, 2)
2
(41, 25)
-> Request 3
737
(2, 1, 2)
2
(51, 38)
-> Request 4
1027
(4, 1, 1)
1
(44, 34)
-> Request 5
1035
(2, 1, 2)
2
(16, 44)
--> Day : 2
-> Request 0
150
(3, 2, 2)
1
(33, 63)
-> Request 1
176
(4, 1, 2)
2
(65, 29)
-> Request 2
293
(4, 2, 1)
1
(44, 31)
-> Request 3
300
(3, 3, 1)
2
(57, 24)
-> Request 4
306
(1, 2, 2)
2
(70, 31)
-> Request 5
315
(2, 1, 1)
3
(28, 63)
-> Request 6
315
(2, 2, 1)
2
(27, 27)
-> Request 7
375
(1, 1, 2)
3
(50, 27)
-> Request 8
664
(2, 3, 1)
3
(12, 30)
-> Request 9
820
(4, 2, 1)
1
(13, 19)
-> Request 10
826
(4, 2, 2)
3
(8, 23)
-> Request 11
977
(4, 2, 2)
3
(65, 76)
-> Request 12
1121
(3, 1, 1)
1
(72, 64)
--> Day : 3
-> Request 0
109
(4, 3, 2)
2
(35, 73)
-> Request 1
151
(3, 2, 1)
3
(47, 34)
-> Request 2
232
(3, 2, 2)
1
(60, 72)
-> Request 3
245
(1, 2, 1)
3
(2, 65)
-> Request 4
267
(3, 2, 2)
2
(0, 61)
-> Request 5
450
(3, 2, 1)
2
(58, 78)
-> Request 6
527
(1, 3, 1)
2
(18, 46)
-> Request 7
566
(1, 3, 2)
1
(5, 59)
-> Request 8
742
(2, 3, 2)
3
(5, 4)
-> Request 9
857
(2, 1, 2)
2
(67, 52)
-> Request 10
891
(3, 3, 2)
3
(5, 9)
-> Request 11
960
(2, 2, 1)
1
(61, 25)
-> Request 12
1384
(4, 1, 1)
2
(61, 32)
--> Day : 4
-> Request 0
62
(3, 1, 2)
3
(18, 45)
-> Request 1
242
(3, 2, 2)
3
(64, 78)
-> Request 2
528
(4, 2, 1)
2
(46, 30)
-> Request 3
626
(3, 2, 2)
1
(28, 24)
-> Request 4
802
(3, 3, 2)
1
(55, 31)
-> Request 5
1033
(2, 1, 1)
1
(60, 28)
---> Week : 144
--> Day : 0
-> Request 0
73
(2, 3, 1)
1
(9, 52)
-> Request 1
580
(3, 2, 1)
2
(16, 7)
-> Request 2
626
(3, 2, 2)
2
(62, 69)
-> Request 3
825
(2, 2, 2)
2
(28, 55)
-> Request 4
902
(4, 1, 2)
1
(12, 65)
-> Request 5
935
(4, 2, 1)
1
(60, 33)
-> Request 6
941
(2, 1, 1)
1
(62, 69)
-> Request 7
1030
(2, 1, 1)
2
(16, 24)
-> Request 8
1254
(4, 1, 1)
2
(43, 39)
-> Request 9
1354
(1, 3, 2)
2
(40, 0)
-> Request 10
1405
(3, 1, 2)
2
(56, 76)
--> Day : 1
-> Request 0
109
(3, 3, 2)
3
(57, 46)
-> Request 1
170
(1, 2, 2)
2
(74, 45)
-> Request 2
352
(3, 1, 2)
2
(31, 7)
-> Request 3
405
(4, 3, 2)
3
(60, 72)
-> Request 4
617
(2, 1, 2)
1
(55, 16)
-> Request 5
755
(1, 3, 2)
2
(46, 28)
-> Request 6
773
(4, 1, 1)
2
(61, 43)
-> Request 7
847
(2, 2, 2)
3
(52, 45)
-> Request 8
949
(3, 2, 1)
2
(61, 33)
-> Request 9
1034
(1, 2, 1)
2
(24, 74)
-> Request 10
1070
(3, 2, 1)
1
(61, 27)
-> Request 11
1203
(1, 1, 2)
2
(48, 43)
-> Request 12
1255
(3, 3, 1)
2
(33, 55)
--> Day : 2
-> Request 0
343
(3, 2, 2)
2
(65, 76)
-> Request 1
407
(3, 2, 2)
1
(62, 65)
-> Request 2
530
(4, 2, 2)
1
(5, 22)
-> Request 3
665
(3, 1, 2)
3
(42, 22)
-> Request 4
678
(1, 3, 1)
3
(68, 4)
-> Request 5
893
(3, 1, 1)
1
(53, 36)
-> Request 6
1002
(3, 2, 1)
3
(9, 23)
-> Request 7
1023
(2, 2, 1)
3
(57, 63)
-> Request 8
1140
(1, 2, 1)
3
(60, 60)
-> Request 9
1259
(3, 2, 2)
1
(54, 5)
--> Day : 3
-> Request 0
29
(3, 1, 1)
3
(46, 44)
-> Request 1
98
(2, 2, 2)
1
(50, 29)
-> Request 2
368
(2, 3, 2)
3
(62, 35)
-> Request 3
535
(4, 1, 2)
1
(46, 29)
-> Request 4
564
(3, 3, 1)
3
(35, 9)
-> Request 5
657
(3, 2, 2)
2
(59, 32)
-> Request 6
879
(4, 2, 2)
1
(57, 42)
-> Request 7
910
(3, 2, 2)
2
(61, 71)
-> Request 8
988
(3, 2, 2)
2
(47, 35)
-> Request 9
1213
(2, 1, 2)
3
(15, 22)
--> Day : 4
-> Request 0
372
(2, 3, 2)
3
(18, 45)
-> Request 1
446
(4, 1, 1)
1
(26, 35)
-> Request 2
477
(3, 1, 2)
1
(60, 74)
-> Request 3
631
(4, 2, 1)
3
(72, 63)
-> Request 4
643
(3, 2, 1)
2
(53, 46)
-> Request 5
748
(4, 3, 2)
3
(61, 47)
-> Request 6
805
(4, 1, 2)
1
(2, 18)
-> Request 7
805
(1, 2, 1)
1
(31, 65)
-> Request 8
869
(2, 2, 2)
2
(43, 46)
-> Request 9
911
(2, 1, 2)
3
(50, 40)
-> Request 10
974
(3, 2, 1)
3
(46, 28)
-> Request 11
977
(1, 1, 1)
3
(54, 31)
-> Request 12
1005
(1, 2, 1)
2
(23, 23)
-> Request 13
1306
(4, 2, 1)
3
(50, 27)
-> Request 14
1316
(1, 3, 2)
2
(62, 45)
-> Request 15
1403
(3, 1, 2)
1
(43, 56)
---> Week : 145
--> Day : 0
-> Request 0
256
(4, 2, 2)
1
(38, 47)
-> Request 1
339
(3, 1, 1)
1
(72, 47)
-> Request 2
489
(4, 3, 1)
2
(54, 44)
-> Request 3
576
(4, 3, 1)
2
(14, 22)
-> Request 4
808
(1, 2, 2)
3
(51, 37)
-> Request 5
1135
(3, 2, 2)
3
(59, 65)
-> Request 6
1160
(3, 3, 1)
3
(54, 36)
-> Request 7
1178
(2, 2, 2)
1
(19, 22)
-> Request 8
1286
(3, 3, 2)
2
(32, 32)
--> Day : 1
-> Request 0
32
(2, 3, 1)
2
(72, 49)
-> Request 1
82
(2, 1, 2)
1
(8, 59)
-> Request 2
281
(1, 2, 2)
1
(53, 43)
-> Request 3
292
(1, 2, 1)
1
(16, 44)
-> Request 4
596
(1, 1, 1)
3
(58, 71)
-> Request 5
648
(4, 1, 2)
2
(48, 31)
-> Request 6
831
(2, 2, 1)
2
(45, 31)
-> Request 7
1162
(1, 1, 1)
2
(54, 76)
-> Request 8
1212
(4, 2, 2)
2
(21, 70)
-> Request 9
1220
(3, 2, 2)
1
(25, 77)
-> Request 10
1300
(4, 3, 1)
2
(15, 29)
--> Day : 2
-> Request 0
58
(1, 3, 1)
2
(49, 39)
-> Request 1
205
(4, 1, 2)
3
(58, 74)
-> Request 2
238
(2, 2, 2)
2
(60, 41)
-> Request 3
330
(4, 3, 2)
1
(13, 64)
-> Request 4
1257
(1, 2, 1)
1
(35, 61)
-> Request 5
1318
(2, 3, 2)
1
(5, 59)
--> Day : 3
-> Request 0
176
(4, 3, 1)
3
(72, 72)
-> Request 1
383
(1, 1, 1)
1
(61, 69)
-> Request 2
469
(4, 3, 1)
2
(58, 77)
-> Request 3
476
(4, 3, 1)
2
(61, 66)
-> Request 4
552
(2, 2, 2)
2
(19, 43)
-> Request 5
668
(2, 1, 2)
1
(9, 24)
-> Request 6
780
(1, 2, 1)
2
(26, 3)
-> Request 7
795
(4, 2, 1)
1
(41, 58)
-> Request 8
877
(3, 2, 2)
2
(53, 42)
-> Request 9
888
(4, 3, 2)
2
(43, 46)
-> Request 10
1049
(3, 3, 1)
3
(57, 46)
-> Request 11
1148
(4, 1, 1)
2
(70, 43)
--> Day : 4
-> Request 0
59
(1, 3, 2)
3
(65, 68)
-> Request 1
195
(3, 3, 1)
3
(49, 39)
-> Request 2
339
(4, 1, 1)
1
(13, 77)
-> Request 3
435
(1, 1, 1)
1
(62, 42)
-> Request 4
635
(1, 1, 2)
2
(62, 78)
-> Request 5
657
(2, 1, 1)
2
(8, 51)
-> Request 6
865
(1, 2, 2)
1
(7, 41)
-> Request 7
872
(2, 1, 2)
2
(27, 38)
-> Request 8
876
(1, 2, 2)
3
(26, 53)
-> Request 9
902
(4, 1, 2)
2
(6, 15)
-> Request 10
1046
(3, 2, 1)
1
(52, 27)
---> Week : 146
--> Day : 0
-> Request 0
434
(4, 1, 2)
3
(23, 49)
-> Request 1
460
(3, 1, 1)
3
(58, 30)
-> Request 2
498
(4, 3, 1)
1
(49, 45)
-> Request 3
668
(3, 2, 2)
3
(62, 71)
-> Request 4
737
(1, 1, 1)
2
(62, 74)
-> Request 5
847
(4, 3, 1)
2
(16, 23)
-> Request 6
914
(4, 2, 2)
2
(45, 40)
-> Request 7
1321
(2, 3, 2)
2
(53, 28)
-> Request 8
1412
(3, 1, 2)
1
(55, 76)
--> Day : 1
-> Request 0
69
(4, 2, 2)
3
(12, 20)
-> Request 1
420
(2, 1, 2)
1
(10, 20)
-> Request 2
654
(3, 1, 2)
3
(71, 55)
-> Request 3
682
(3, 3, 2)
3
(56, 34)
-> Request 4
764
(2, 3, 2)
3
(49, 34)
-> Request 5
1196
(4, 1, 1)
1
(56, 76)
-> Request 6
1231
(1, 3, 1)
3
(45, 15)
-> Request 7
1423
(2, 3, 1)
1
(54, 42)
--> Day : 2
-> Request 0
19
(2, 2, 1)
1
(13, 28)
-> Request 1
134
(3, 1, 2)
3
(15, 16)
-> Request 2
561
(1, 2, 2)
2
(64, 68)
-> Request 3
563
(2, 3, 2)
3
(50, 67)
-> Request 4
791
(1, 1, 1)
1
(51, 45)
-> Request 5
819
(2, 2, 2)
2
(54, 37)
-> Request 6
960
(1, 2, 1)
2
(49, 45)
-> Request 7
1144
(1, 3, 1)
3
(44, 37)
-> Request 8
1204
(1, 3, 1)
1
(51, 42)
-> Request 9
1287
(1, 1, 2)
1
(51, 41)
-> Request 10
1352
(1, 2, 2)
1
(17, 19)
--> Day : 3
-> Request 0
17
(3, 1, 1)
1
(51, 37)
-> Request 1
110
(3, 2, 2)
3
(5, 7)
-> Request 2
144
(3, 2, 2)
3
(11, 25)
-> Request 3
331
(2, 1, 1)
2
(65, 78)
-> Request 4
618
(3, 3, 1)
3
(55, 66)
-> Request 5
675
(3, 2, 1)
3
(26, 25)
-> Request 6
901
(2, 2, 2)
1
(50, 29)
-> Request 7
952
(2, 1, 2)
1
(78, 60)
-> Request 8
1431
(3, 1, 1)
1
(17, 22)
--> Day : 4
-> Request 0
110
(3, 1, 1)
2
(54, 29)
-> Request 1
485
(4, 1, 1)
1
(20, 47)
-> Request 2
542
(4, 1, 1)
3
(59, 39)
-> Request 3
562
(1, 1, 2)
3
(21, 1)
-> Request 4
572
(1, 3, 1)
3
(59, 43)
-> Request 5
613
(3, 2, 1)
1
(17, 17)
-> Request 6
739
(4, 2, 2)
1
(53, 39)
-> Request 7
793
(4, 3, 2)
1
(18, 65)
-> Request 8
1004
(1, 3, 2)
3
(59, 67)
-> Request 9
1289
(2, 3, 2)
2
(59, 36)
---> Week : 147
--> Day : 0
-> Request 0
111
(1, 2, 1)
3
(56, 70)
-> Request 1
227
(3, 1, 2)
2
(12, 33)
-> Request 2
261
(1, 2, 1)
3
(17, 20)
-> Request 3
363
(1, 2, 2)
3
(56, 36)
-> Request 4
570
(1, 2, 2)
3
(33, 20)
-> Request 5
574
(2, 1, 2)
3
(14, 29)
-> Request 6
724
(3, 2, 2)
2
(62, 5)
-> Request 7
768
(1, 3, 1)
1
(59, 66)
-> Request 8
826
(2, 1, 1)
2
(58, 28)
-> Request 9
1066
(3, 1, 2)
1
(46, 40)
-> Request 10
1145
(4, 1, 2)
2
(63, 23)
-> Request 11
1247
(4, 2, 1)
3
(36, 36)
-> Request 12
1369
(4, 1, 2)
2
(10, 17)
-> Request 13
1387
(2, 2, 2)
1
(61, 66)
--> Day : 1
-> Request 0
161
(2, 3, 2)
1
(58, 43)
-> Request 1
354
(4, 2, 2)
3
(66, 66)
-> Request 2
410
(3, 1, 2)
2
(61, 69)
-> Request 3
493
(2, 2, 1)
2
(10, 55)
-> Request 4
749
(2, 3, 1)
1
(65, 71)
-> Request 5
909
(2, 1, 1)
2
(42, 6)
-> Request 6
1005
(2, 2, 1)
2
(61, 54)
-> Request 7
1075
(3, 1, 2)
2
(14, 29)
-> Request 8
1379
(3, 1, 2)
3
(47, 40)
--> Day : 2
-> Request 0
126
(2, 3, 2)
3
(37, 37)
-> Request 1
224
(4, 2, 1)
1
(55, 32)
-> Request 2
755
(3, 1, 2)
1
(47, 31)
-> Request 3
769
(1, 1, 1)
2
(62, 74)
-> Request 4
904
(1, 2, 2)
2
(43, 39)
-> Request 5
1081
(3, 3, 1)
1
(12, 65)
-> Request 6
1136
(3, 1, 2)
1
(13, 22)
-> Request 7
1285
(4, 1, 1)
3
(59, 45)
-> Request 8
1297
(1, 2, 2)
2
(41, 36)
--> Day : 3
-> Request 0
112
(2, 1, 1)
2
(37, 69)
-> Request 1
128
(3, 1, 1)
3
(54, 68)
-> Request 2
136
(1, 3, 1)
1
(7, 36)
-> Request 3
245
(1, 2, 2)
3
(6, 64)
-> Request 4
568
(2, 2, 2)
3
(68, 3)
-> Request 5
609
(4, 1, 2)
1
(57, 31)
-> Request 6
654
(1, 1, 1)
1
(3, 59)
-> Request 7
871
(3, 1, 1)
1
(56, 65)
-> Request 8
1010
(2, 3, 1)
2
(56, 38)
-> Request 9
1099
(3, 3, 1)
3
(17, 25)
-> Request 10
1201
(4, 2, 2)
2
(54, 36)
-> Request 11
1233
(4, 1, 1)
1
(12, 29)
-> Request 12
1358
(3, 2, 2)
3
(28, 64)
-> Request 13
1379
(1, 3, 1)
1
(5, 57)
-> Request 14
1404
(3, 2, 2)
3
(13, 75)
--> Day : 4
-> Request 0
7
(4, 1, 2)
3
(59, 73)
-> Request 1
86
(1, 1, 1)
3
(4, 26)
-> Request 2
160
(3, 3, 2)
3
(58, 41)
-> Request 3
460
(4, 1, 2)
3
(45, 35)
-> Request 4
589
(1, 2, 2)
3
(74, 75)
-> Request 5
1001
(4, 3, 2)
3
(73, 61)
-> Request 6
1288
(3, 2, 1)
2
(55, 28)
-> Request 7
1298
(3, 1, 1)
2
(39, 18)
-> Request 8
1404
(3, 2, 2)
1
(53, 39)
---> Week : 148
--> Day : 0
-> Request 0
9
(3, 2, 2)
1
(57, 37)
-> Request 1
207
(2, 3, 2)
1
(43, 36)
-> Request 2
388
(1, 3, 2)
2
(50, 58)
-> Request 3
690
(2, 3, 1)
1
(63, 32)
-> Request 4
772
(1, 2, 2)
1
(15, 47)
-> Request 5
982
(4, 2, 2)
1
(53, 35)
--> Day : 1
-> Request 0
14
(2, 1, 1)
3
(51, 45)
-> Request 1
105
(2, 2, 1)
2
(56, 75)
-> Request 2
276
(1, 3, 1)
2
(36, 53)
-> Request 3
323
(4, 3, 2)
3
(62, 64)
-> Request 4
486
(3, 3, 2)
3
(48, 34)
-> Request 5
551
(3, 3, 2)
2
(61, 71)
-> Request 6
742
(4, 1, 1)
2
(58, 73)
-> Request 7
755
(3, 3, 2)
2
(14, 0)
-> Request 8
782
(3, 2, 1)
2
(39, 1)
-> Request 9
799
(1, 2, 1)
2
(14, 41)
-> Request 10
1069
(2, 2, 2)
2
(46, 58)
-> Request 11
1198
(3, 2, 2)
2
(32, 43)
-> Request 12
1318
(2, 1, 1)
2
(40, 16)
-> Request 13
1371
(4, 2, 2)
2
(43, 45)
--> Day : 2
-> Request 0
160
(3, 3, 1)
2
(30, 29)
-> Request 1
234
(4, 2, 2)
1
(57, 34)
-> Request 2
588
(2, 3, 1)
1
(79, 16)
-> Request 3
610
(4, 1, 2)
3
(56, 43)
-> Request 4
612
(4, 2, 1)
2
(43, 79)
-> Request 5
700
(2, 1, 2)
1
(62, 40)
-> Request 6
719
(1, 1, 2)
1
(42, 9)
-> Request 7
797
(2, 1, 1)
1
(46, 33)
-> Request 8
822
(1, 2, 1)
1
(24, 47)
-> Request 9
1274
(2, 3, 1)
2
(61, 66)
--> Day : 3
-> Request 0
424
(1, 1, 2)
1
(49, 44)
-> Request 1
524
(1, 3, 1)
1
(43, 37)
-> Request 2
647
(1, 3, 2)
3
(60, 70)
-> Request 3
1070
(2, 1, 2)
3
(79, 1)
-> Request 4
1219
(3, 2, 2)
1
(34, 8)
-> Request 5
1226
(1, 1, 1)
3
(31, 27)
-> Request 6
1342
(2, 2, 2)
2
(16, 27)
--> Day : 4
-> Request 0
216
(1, 2, 1)
1
(33, 5)
-> Request 1
267
(3, 3, 1)
2
(44, 38)
-> Request 2
290
(1, 1, 2)
1
(75, 20)
-> Request 3
361
(2, 1, 1)
3
(52, 19)
-> Request 4
374
(1, 3, 1)
2
(12, 20)
-> Request 5
867
(1, 1, 1)
1
(58, 70)
-> Request 6
1079
(1, 3, 2)
1
(60, 71)
-> Request 7
1107
(3, 1, 1)
1
(39, 57)
-> Request 8
1311
(4, 2, 2)
2
(56, 38)
-> Request 9
1382
(2, 1, 1)
2
(1, 49)
---> Week : 149
--> Day : 0
-> Request 0
35
(4, 2, 1)
1
(1, 35)
-> Request 1
115
(4, 3, 2)
3
(69, 35)
-> Request 2
128
(4, 1, 1)
2
(48, 46)
-> Request 3
452
(2, 1, 2)
2
(72, 31)
-> Request 4
556
(1, 2, 2)
2
(35, 37)
-> Request 5
656
(3, 1, 1)
3
(10, 21)
-> Request 6
799
(3, 2, 1)
2
(22, 17)
-> Request 7
881
(1, 3, 2)
1
(60, 68)
-> Request 8
1135
(2, 2, 2)
2
(17, 28)
-> Request 9
1181
(3, 2, 2)
2
(76, 78)
-> Request 10
1252
(1, 3, 1)
2
(59, 74)
-> Request 11
1319
(4, 2, 2)
1
(61, 40)
-> Request 12
1364
(4, 2, 1)
1
(60, 68)
--> Day : 1
-> Request 0
40
(4, 2, 2)
1
(54, 46)
-> Request 1
412
(4, 3, 2)
1
(3, 65)
-> Request 2
442
(2, 3, 1)
2
(47, 30)
-> Request 3
470
(3, 3, 1)
3
(55, 43)
-> Request 4
855
(2, 2, 2)
1
(71, 28)
-> Request 5
928
(1, 1, 1)
3
(16, 22)
-> Request 6
1080
(1, 3, 2)
3
(37, 74)
-> Request 7
1114
(3, 1, 1)
3
(44, 36)
-> Request 8
1126
(1, 1, 2)
2
(36, 11)
-> Request 9
1287
(1, 2, 1)
3
(55, 28)
-> Request 10
1337
(2, 2, 2)
2
(59, 35)
--> Day : 2
-> Request 0
86
(1, 3, 1)
3
(70, 46)
-> Request 1
291
(4, 3, 1)
1
(16, 28)
-> Request 2
327
(1, 2, 2)
1
(56, 31)
-> Request 3
535
(4, 1, 2)
2
(58, 70)
-> Request 4
687
(4, 1, 2)
2
(66, 64)
-> Request 5
770
(3, 3, 2)
2
(63, 66)
-> Request 6
781
(4, 3, 2)
1
(45, 33)
-> Request 7
853
(2, 3, 1)
2
(45, 68)
-> Request 8
968
(2, 1, 1)
1
(21, 65)
-> Request 9
1095
(4, 1, 2)
3
(13, 77)
--> Day : 3
-> Request 0
8
(3, 3, 2)
1
(24, 65)
-> Request 1
36
(2, 3, 2)
2
(45, 33)
-> Request 2
123
(4, 1, 2)
1
(13, 29)
-> Request 3
176
(3, 2, 2)
2
(24, 79)
-> Request 4
331
(1, 1, 1)
3
(58, 71)
-> Request 5
435
(2, 3, 1)
1
(59, 41)
-> Request 6
548
(4, 3, 1)
3
(48, 38)
-> Request 7
784
(2, 2, 2)
3
(48, 43)
-> Request 8
984
(3, 3, 2)
3
(50, 42)
-> Request 9
1180
(3, 2, 1)
3
(62, 35)
-> Request 10
1388
(1, 2, 2)
1
(58, 43)
--> Day : 4
-> Request 0
170
(2, 2, 1)
2
(7, 58)
-> Request 1
239
(4, 3, 2)
1
(27, 27)
-> Request 2
262
(2, 1, 2)
2
(64, 77)
-> Request 3
443
(1, 1, 2)
2
(47, 42)
-> Request 4
527
(3, 2, 2)
3
(59, 32)
-> Request 5
725
(4, 2, 2)
1
(53, 41)
-> Request 6
928
(1, 1, 1)
2
(50, 44)
-> Request 7
1031
(4, 1, 2)
2
(52, 29)
-> Request 8
1033
(4, 1, 1)
1
(15, 43)
-> Request 9
1124
(4, 2, 1)
1
(56, 65)
-> Request 10
1246
(3, 3, 1)
1
(50, 35)
-> Request 11
1379
(1, 2, 2)
3
(26, 34)
