#{"t_start": 1676274039.974998, "env_id": null}
r,l,t
17224,3000,69.777075
16088,3000,130.675036
17648,3000,198.431881
16840,3000,263.02222
16512,3000,333.212426
17078,3000,403.610929
17658,3000,476.424334
16756,3000,550.318422
17446,3000,623.130233
16850,3000,701.466925
16768,3000,779.039347
15906,3000,854.971066
17028,3000,927.751664
17660,3000,1008.567747
16922,3000,1082.273545
17352,3000,1153.761975
17780,3000,1227.989004
16462,3000,1304.173551
17022,3000,1381.505234
16314,3000,1454.752317
17312,3000,1531.500115
16872,3000,1606.394156
17732,3000,1680.050314
17028,3000,1753.762354
17106,3000,1829.988385
17164,3000,1901.740616
16790,3000,1972.689605
16876,3000,2044.268287
17614,3000,2118.546651
17490,3000,2190.302975
17326,3000,2265.242833
17078,3000,2337.608049
16726,3000,2405.710798
16396,3000,2477.440556
17330,3000,2548.661696
16342,3000,2615.278377
16514,3000,2684.029094
15974,3000,2752.409543
17140,3000,2822.980085
17382,3000,2892.063928
17048,3000,2962.178869
16864,3000,3038.214222
16588,3000,3108.93134
16182,3000,3182.810014
17152,3000,3256.022339
17464,3000,3329.864316
15990,3000,3400.452725
15922,3000,3471.690926
17408,3000,3547.472439
16946,3000,3622.885806
16726,3000,3697.731728
16500,3000,3768.834812
16542,3000,3840.096279
16554,3000,3912.730871
16238,3000,3982.022969
16570,3000,4054.53937
16620,3000,4126.267282
15908,3000,4200.797256
15930,3000,4272.772634
16490,3000,4346.174094
16680,3000,4420.140032
16688,3000,4493.471286
17288,3000,4565.519709
16466,3000,4637.007954
16848,3000,4711.077119
16246,3000,4783.166667
17146,3000,4954.254626
16516,3000,5030.026223
16526,3000,5102.076516
17122,3000,5175.063584
17102,3000,5246.724607
16792,3000,5316.000915
16038,3000,5386.541353
16924,3000,5458.043423
16140,3000,5531.759473
15996,3000,5604.249839
16806,3000,5677.228486
17348,3000,5750.573155
17674,3000,5822.944482
16704,3000,5896.381915
16634,3000,5968.398324
16122,3000,6042.349026
16116,3000,6114.861657
16184,3000,6186.475028
17088,3000,6263.903049
16174,3000,6338.526002
16640,3000,6413.842577
16778,3000,6487.617883
16136,3000,6560.04839
15834,3000,6637.032441
16096,3000,6712.747088
17472,3000,6785.546202
16374,3000,6856.634232
17326,3000,6928.445823
15988,3000,6999.916049
17170,3000,7070.067193
17762,3000,7137.228829
15806,3000,7208.759031
17046,3000,7285.855102
17058,3000,7360.071885
15730,3000,7434.860846
16234,3000,7509.59677
15652,3000,7581.455672
16802,3000,7654.787471
16268,3000,7727.84466
15910,3000,7796.868072
16814,3000,7871.867489
15214,3000,7946.160494
16356,3000,8022.498058
16884,3000,8098.540273
15606,3000,8173.608375
16600,3000,8245.317058
16316,3000,8316.43286
15650,3000,8394.058523
16596,3000,8468.193422
16226,3000,8544.906019
16172,3000,8616.38858
16350,3000,8691.183537
15404,3000,8770.151086
15972,3000,8843.15533
15848,3000,8916.847875
15594,3000,8993.705439
15994,3000,9070.087472
16450,3000,9146.91751
15670,3000,9220.127706
16100,3000,9296.114665
15136,3000,9370.186094
16080,3000,9445.071626
17138,3000,9517.424977
16604,3000,9588.821655
15850,3000,9663.392068
16236,3000,9735.241401
17056,3000,9810.102419
16334,3000,9981.908389
16192,3000,10053.753781
17134,3000,10126.529976
16062,3000,10202.189901
15702,3000,10278.030913
16000,3000,10354.88769
15778,3000,10429.863014
15526,3000,10506.162085
15488,3000,10583.087681
15752,3000,10665.687597
15268,3000,10741.578875
15810,3000,10817.064307
15660,3000,10889.479124
15780,3000,10963.839531
15886,3000,11036.961889
16020,3000,11110.739455
15588,3000,11188.39597
15384,3000,11266.156677
15238,3000,11340.490661
15584,3000,11412.410448
16174,3000,11484.150901
15820,3000,11560.19471
16112,3000,11636.557408
16008,3000,11712.9084
15898,3000,11786.538164
16018,3000,11859.814607
16754,3000,11935.439409
15834,3000,12009.385278
16322,3000,12081.420566
15920,3000,12152.22124
15398,3000,12229.663136
15490,3000,12308.644246
15848,3000,12381.460958
15098,3000,12458.50944
15500,3000,12533.102916
15182,3000,12611.627586
15472,3000,12686.132596
14896,3000,12762.222952
15676,3000,12837.842341
16380,3000,12917.397926
16382,3000,12993.29044
16756,3000,13071.436988
16286,3000,13149.23516
16178,3000,13223.246293
16182,3000,13298.565168
16316,3000,13374.31998
16218,3000,13446.622266
15434,3000,13527.908804
15312,3000,13605.147107
15746,3000,13676.915448
16908,3000,13753.494752
16670,3000,13829.829845
16680,3000,13905.572674
15204,3000,13976.845762
15868,3000,14050.681522
17432,3000,14124.760755
16808,3000,14200.87304
16558,3000,14270.578062
17196,3000,14342.335971
16816,3000,14417.894985
16172,3000,14495.543729
16110,3000,14570.223583
15816,3000,14640.769537
15856,3000,14716.534415
16340,3000,14790.298385
15972,3000,14865.88458
15282,3000,14942.410689
16104,3000,15134.907669
15828,3000,15223.841983
16464,3000,15309.911141
16314,3000,15394.634938
17594,3000,15480.619152
15964,3000,15562.499169
16162,3000,15651.437585
15984,3000,15731.03047
15242,3000,15815.667111
15830,3000,15907.294663
15858,3000,15995.858939
16084,3000,16080.475928
17720,3000,16165.081606
16698,3000,16247.341265
17336,3000,16329.198406
16310,3000,16415.837686
17406,3000,16503.415823
16766,3000,16587.262834
16898,3000,16672.673731
17406,3000,16755.660488
18002,3000,16840.713286
18122,3000,16926.57133
16352,3000,17009.92759
17118,3000,17094.274991
16102,3000,17175.904166
16740,3000,17268.087009
17790,3000,17353.372026
16722,3000,17440.201673
17246,3000,17520.612956
17008,3000,17602.419013
17036,3000,17695.934959
16520,3000,17799.207088
16750,3000,17899.787974
17072,3000,18005.664778
16582,3000,18115.56652
16174,3000,18221.560599
17616,3000,18328.574067
16978,3000,18431.132996
17486,3000,18536.340216
18400,3000,18649.554249
17538,3000,18761.197473
16264,3000,18867.529947
17112,3000,18964.517503
16766,3000,19067.695944
17234,3000,19170.290354
17404,3000,19272.025829
17564,3000,19378.329027
17278,3000,19479.107106
17454,3000,19584.323367
16560,3000,19688.48032
17248,3000,19789.079335
17272,3000,19892.834203
16294,3000,19987.766043
17534,3000,20081.126931
17430,3000,20179.934943
17258,3000,20283.323235
17646,3000,20381.86617
17276,3000,20484.869118
16794,3000,20578.275609
17702,3000,20672.477972
15318,3000,20776.861966
16920,3000,20882.453585
17702,3000,20986.664824
17090,3000,21077.44601
17652,3000,21179.855711
18002,3000,21280.770839
17420,3000,21507.904325
17704,3000,21599.178004
17002,3000,21699.627926
17818,3000,21800.031302
15440,3000,21914.071881
17308,3000,22018.690334
17618,3000,22118.028381
18384,3000,22215.691301
17818,3000,22320.248527
18134,3000,22407.457114
17740,3000,22504.661917
18292,3000,22598.719197
17252,3000,22703.953291
17658,3000,22809.818487
16448,3000,22909.214745
18226,3000,23001.467462
17212,3000,23092.069811
16840,3000,23190.211865
17464,3000,23284.649489
17820,3000,23384.727248
17280,3000,23485.995887
16848,3000,23588.838306
16234,3000,23692.34151
18356,3000,23790.69391
17336,3000,23880.873031
17110,3000,23976.366556
17116,3000,24066.782102
16806,3000,24157.028886
17532,3000,24254.290405
18104,3000,24342.962097
17062,3000,24436.958029
17186,3000,24540.377369
18222,3000,24639.076982
17920,3000,24735.389048
17290,3000,24835.852773
15718,3000,24938.120375
18000,3000,25038.172718
16844,3000,25123.374857
17598,3000,25230.580426
16888,3000,25320.614761
17894,3000,25422.532899
17652,3000,25523.40629
18130,3000,25628.392946
18148,3000,25718.709321
17450,3000,25823.177834
17678,3000,25924.465249
16478,3000,26017.46717
16956,3000,26105.761983
17500,3000,26205.164361
17042,3000,26297.63792
17288,3000,26397.992175
17704,3000,26492.429576
18640,3000,26589.873277
17052,3000,26693.594557
17836,3000,26786.11743
17478,3000,26882.500903
18058,3000,26979.110813
17530,3000,27071.097989
17174,3000,27168.307019
17110,3000,27267.516603
16822,3000,27364.050428
17582,3000,27467.688395
16338,3000,27566.211768
18350,3000,27667.249369
17260,3000,27762.244886
18038,3000,27863.424476
17524,3000,27955.398477
17838,3000,28137.466958
18532,3000,28229.741875
18474,3000,28328.075214
17992,3000,28425.819365
18650,3000,28518.444506
17884,3000,28620.494735
17994,3000,28713.590882
18134,3000,28801.905081
16938,3000,28899.665701
17824,3000,28997.972991
17400,3000,29106.945545
16588,3000,29212.262553
17140,3000,29307.435466
18466,3000,29401.745741
17752,3000,29498.39068
17712,3000,29589.380221
17024,3000,29697.327973
17710,3000,29788.870786
17156,3000,29883.563469
17354,3000,29993.49467
16612,3000,30090.016674
16064,3000,30186.762148
16728,3000,30274.157494
17990,3000,30364.005376
17110,3000,30471.316099
17160,3000,30573.44158
16410,3000,30669.224347
18400,3000,30771.247252
18254,3000,30873.941622
17848,3000,30974.654859
18392,3000,31071.800468
18058,3000,31174.591327
17298,3000,31269.60538
16972,3000,31359.798767
18410,3000,31453.60299
18636,3000,31550.553594
17414,3000,31649.964651
17064,3000,31757.298625
17408,3000,31844.16136
19076,3000,31932.625399
17860,3000,32030.481052
16438,3000,32129.900226
15090,3000,32247.602629
17546,3000,32346.537172
17720,3000,32445.241065
17702,3000,32548.679289
16682,3000,32653.242516
16230,3000,32748.596665
17438,3000,32845.294324
18310,3000,32943.875298
18438,3000,33036.97357
18436,3000,33141.071139
17744,3000,33237.434914
17856,3000,33336.39722
16124,3000,33441.41699
18442,3000,33544.108187
17290,3000,33642.714735
18880,3000,33743.842345
17724,3000,33841.234019
14794,3000,33948.817168
17132,3000,34065.06134
16562,3000,34168.376447
18340,3000,34270.201314
18642,3000,34361.498845
17734,3000,34457.671861
16512,3000,34562.198278
19058,3000,34655.905818
17846,3000,34871.629182
17374,3000,34967.626584
17728,3000,35073.754502
18434,3000,35166.308897
17284,3000,35265.850795
17638,3000,35366.560438
18178,3000,35461.996593
18062,3000,35568.207852
18532,3000,35670.708422
17662,3000,35764.017845
16504,3000,35869.016769
17422,3000,35973.326968
18560,3000,36074.46766
16564,3000,36172.06572
18256,3000,36262.495747
16792,3000,36368.391124
18500,3000,36469.27775
17532,3000,36564.125451
18344,3000,36652.792233
17884,3000,36755.949102
18314,3000,36857.62238
18778,3000,36953.124834
17572,3000,37055.067362
17928,3000,37152.013541
17286,3000,37248.254457
17702,3000,37341.071881
17924,3000,37431.598998
16484,3000,37528.641358
18720,3000,37631.090288
17924,3000,37733.667115
17834,3000,37827.170057
17974,3000,37926.060066
17650,3000,38018.67602
17534,3000,38123.216775
18128,3000,38212.439822
17360,3000,38311.767714
17658,3000,38406.543823
17626,3000,38490.659257
17416,3000,38589.294229
17158,3000,38692.801536
18336,3000,38783.631539
17456,3000,38873.101631
19282,3000,38956.334974
18436,3000,39053.647552
17334,3000,39155.163314
15674,3000,39261.312985
17510,3000,39360.596198
17998,3000,39463.952529
17770,3000,39549.539708
18266,3000,39643.756635
17612,3000,39743.105647
17508,3000,39836.64958
18278,3000,39937.19004
17928,3000,40038.910916
17512,3000,40147.202679
18350,3000,40244.284711
18694,3000,40351.852784
17112,3000,40448.365934
17062,3000,40534.460443
16876,3000,40638.836249
17812,3000,40738.054632
17558,3000,40841.474559
19084,3000,40933.349709
17202,3000,41041.327463
18262,3000,41144.992748
18528,3000,41255.835347
17254,3000,41448.928277
17972,3000,41556.050752
18302,3000,41652.726795
17448,3000,41761.982541
19160,3000,41858.486939
18430,3000,41953.257487
17860,3000,42035.468099
19476,3000,42128.133787
17664,3000,42231.911458
17282,3000,42331.256216
16366,3000,42440.421308
17352,3000,42551.464139
16896,3000,42650.269804
17692,3000,42753.950628
14372,3000,42866.571044
17046,3000,42960.976757
16822,3000,43069.267314
18630,3000,43161.572703
18038,3000,43257.072699
17976,3000,43349.096653
16892,3000,43445.653003
16592,3000,43535.486279
17104,3000,43634.340657
16200,3000,43731.107486
17126,3000,43833.55582
17290,3000,43934.479382
18016,3000,44030.27493
15504,3000,44132.617944
17924,3000,44231.285315
18592,3000,44323.965111
18360,3000,44423.001552
16172,3000,44507.111662
15294,3000,44616.324599
17618,3000,44712.332584
19230,3000,44804.790213
16968,3000,44909.722425
17532,3000,45011.000417
19654,3000,45122.339008
14694,3000,45230.076654
17916,3000,45320.081057
17336,3000,45417.73822
17360,3000,45503.60902
17398,3000,45603.998008
17646,3000,45702.499637
16406,3000,45801.372076
17638,3000,45893.304601
18006,3000,45987.159393
17220,3000,46082.309051
16528,3000,46192.904385
16264,3000,46307.878992
16552,3000,46413.031549
16874,3000,46526.636416
18728,3000,46625.873807
18302,3000,46725.6771
18298,3000,46834.031462
17536,3000,46938.15916
14690,3000,47058.961334
19044,3000,47145.261846
18312,3000,47239.60323
18348,3000,47340.585568
16332,3000,47435.85523
17624,3000,47525.838387
17372,3000,47630.933491
16694,3000,47739.824464
16786,3000,47843.339247
18176,3000,47940.868079
16824,3000,48058.702509
17142,3000,48297.530903
17870,3000,48394.757344
16426,3000,48499.01885
17192,3000,48606.806112
17036,3000,48707.463718
17056,3000,48807.16433
17552,3000,48912.596527
19264,3000,49014.053245
16522,3000,49122.273739
17210,3000,49215.10465
16694,3000,49319.09531
17128,3000,49426.946421
18418,3000,49520.095971
14078,3000,49628.184558
17286,3000,49742.608581
19514,3000,49845.995843
15624,3000,49959.340519
17216,3000,50059.675026
15846,3000,50162.540016
17484,3000,50262.571101
19660,3000,50366.112191
17114,3000,50475.47739
18718,3000,50576.713404
16454,3000,50687.146886
17470,3000,50785.158609
16096,3000,50900.201373
19496,3000,50996.128599
15980,3000,51110.195534
17068,3000,51219.648272
16302,3000,51327.639431
16868,3000,51426.066261
15436,3000,51531.447978
14596,3000,51637.42019
17566,3000,51739.16992
19528,3000,51838.602771
17090,3000,51933.02336
17160,3000,52020.357359
17264,3000,52121.188153
17288,3000,52221.704786
18080,3000,52324.017582
18398,3000,52423.842104
15254,3000,52542.671364
17622,3000,52650.523335
18132,3000,52757.718401
17516,3000,52856.878012
17878,3000,52957.562506
18014,3000,53049.381191
19264,3000,53143.353353
18718,3000,53240.168685
18268,3000,53342.784825
15564,3000,53439.653246
16632,3000,53537.853517
18216,3000,53626.342292
16052,3000,53727.829946
19066,3000,53823.397901
19054,3000,53926.026937
17884,3000,54027.984049
15870,3000,54131.837114
16632,3000,54238.386423
16422,3000,54350.37422
16188,3000,54454.253716
18136,3000,54554.633897
18768,3000,54638.436501
17194,3000,54730.161586
20034,3000,54832.948445
19338,3000,54940.484065
16124,3000,55050.877697
19212,3000,55249.333894
16602,3000,55357.577245
16978,3000,55457.446935
17258,3000,55557.356832
14664,3000,55663.004942
19924,3000,55756.333093
19110,3000,55854.873636
16722,3000,55959.77364
18404,3000,56061.955437
16884,3000,56169.65572
19098,3000,56268.172184
18458,3000,56372.724599
19096,3000,56469.717901
18812,3000,56569.196451
18014,3000,56677.725405
16904,3000,56796.793396
16726,3000,56904.242808
20018,3000,57001.006448
16000,3000,57108.726408
18718,3000,57203.260031
16552,3000,57313.771265
18684,3000,57415.326404
17382,3000,57520.337331
18358,3000,57629.361196
17236,3000,57721.542433
16530,3000,57830.262023
18982,3000,57924.435185
18212,3000,58027.83793
17034,3000,58136.706404
18538,3000,58230.512033
17364,3000,58336.082994
18012,3000,58457.164665
19712,3000,58550.334374
16984,3000,58643.874953
20042,3000,58735.222678
17052,3000,58834.465401
18656,3000,58929.187069
19988,3000,59027.163266
18964,3000,59121.519688
18678,3000,59215.38912
18552,3000,59323.503847
17210,3000,59424.045865
18488,3000,59516.453398
15088,3000,59638.700295
17218,3000,59742.609708
17726,3000,59843.100623
14996,3000,59950.745011
16618,3000,60059.122294
16466,3000,60169.351588
18686,3000,60279.951266
18862,3000,60393.639903
18864,3000,60491.748035
19160,3000,60583.21475
18196,3000,60689.901729
19566,3000,60790.419395
18608,3000,60887.221386
18064,3000,60986.681186
21750,3000,61087.228995
19350,3000,61178.767477
18710,3000,61282.548456
19322,3000,61383.87116
17578,3000,61474.812548
17976,3000,61575.937522
18564,3000,61660.942917
19450,3000,61756.382026
17320,3000,61861.598207
17588,3000,62080.21659
17950,3000,62173.379537
20314,3000,62275.632062
19592,3000,62377.549765
19020,3000,62478.452444
18228,3000,62578.79082
18672,3000,62688.04207
17764,3000,62796.749334
17644,3000,62902.081585
19286,3000,63007.057353
20354,3000,63106.492236
17756,3000,63213.622524
17950,3000,63315.85743
17240,3000,63415.163435
19778,3000,63509.987248
16914,3000,63611.028879
18306,3000,63720.307294
16700,3000,63822.031654
16794,3000,63932.927486
17582,3000,64044.118454
18122,3000,64139.535196
19196,3000,64239.357288
20416,3000,64328.387419
20452,3000,64432.172516
20292,3000,64533.696689
15628,3000,64648.181103
19892,3000,64750.348162
18868,3000,64843.885597
18172,3000,64948.469626
18544,3000,65052.15691
20792,3000,65156.548826
20634,3000,65250.110822
19980,3000,65346.029384
15582,3000,65452.639923
17198,3000,65550.481649
14360,3000,65669.47618
17384,3000,65771.399187
19202,3000,65874.325188
18636,3000,65971.537071
18234,3000,66074.111789
17218,3000,66179.426414
17920,3000,66292.39509
13730,3000,66413.689418
19932,3000,66513.325512
18096,3000,66610.462702
16900,3000,66723.200056
18604,3000,66817.815554
16706,3000,66924.013582
19064,3000,67023.071499
18652,3000,67122.215303
19132,3000,67221.629361
19650,3000,67323.301833
17828,3000,67424.624273
17426,3000,67527.191399
15872,3000,67635.179112
16992,3000,67741.721677
17772,3000,67857.940417
17458,3000,67964.892709
19144,3000,68056.842646
17286,3000,68154.051186
18194,3000,68252.87644
17556,3000,68360.997343
18646,3000,68463.649287
20300,3000,68564.447756
19156,3000,68673.545234
19786,3000,68788.829721
17852,3000,68898.291827
20458,3000,69108.761706
17022,3000,69212.553189
19402,3000,69316.351302
15512,3000,69429.106102
16762,3000,69547.029805
15270,3000,69658.270222
18346,3000,69752.294921
17744,3000,69847.832755
17814,3000,69953.539748
15864,3000,70057.683667
19014,3000,70160.089621
18686,3000,70249.292268
18308,3000,70349.295255
18592,3000,70441.385726
17340,3000,70537.705654
17916,3000,70631.545335
17158,3000,70738.514806
20538,3000,70837.909749
18728,3000,70933.23492
21556,3000,71025.516212
16760,3000,71116.926354
17384,3000,71231.172934
19632,3000,71321.703491
18054,3000,71416.403949
20110,3000,71517.363684
19218,3000,71614.954005
16604,3000,71731.63197
20474,3000,71832.860343
19878,3000,71942.919594
19162,3000,72048.751628
19580,3000,72161.52201
17048,3000,72265.825271
18224,3000,72372.14905
19766,3000,72475.885308
21324,3000,72558.221376
18282,3000,72665.293834
19776,3000,72759.660845
19284,3000,72862.007022
16836,3000,72969.346417
18590,3000,73076.628149
19844,3000,73165.513567
19550,3000,73256.033403
19552,3000,73355.755203
20080,3000,73455.490619
18902,3000,73562.634406
18974,3000,73658.302783
19320,3000,73756.101092
19498,3000,73857.15846
18244,3000,73949.464839
19792,3000,74042.894782
18650,3000,74147.704972
20832,3000,74255.186174
20894,3000,74349.370973
18452,3000,74455.020524
17678,3000,74569.905015
16824,3000,74685.127642
19352,3000,74782.840616
18954,3000,74890.609545
20414,3000,74988.531602
19426,3000,75090.261442
19668,3000,75190.824255
17980,3000,75310.126404
15026,3000,75431.562294
20320,3000,75543.424646
20476,3000,75642.357243
16684,3000,75766.511515
17498,3000,75884.885487
19358,3000,76110.699106
16804,3000,76213.945752
19984,3000,76313.221867
19908,3000,76413.85804
19062,3000,76513.292532
22074,3000,76611.259238
20276,3000,76716.641762
19830,3000,76819.065365
17786,3000,76942.455429
17934,3000,77062.431957
15814,3000,77160.175348
16418,3000,77262.878776
21134,3000,77353.168418
19510,3000,77463.577409
17056,3000,77565.850062
18824,3000,77677.570821
17644,3000,77778.131418
18378,3000,77872.720981
19838,3000,77967.719272
18698,3000,78071.639827
21134,3000,78168.76176
19044,3000,78271.447735
20706,3000,78375.355791
20946,3000,78479.808949
20928,3000,78577.77785
20394,3000,78673.841596
17010,3000,78786.256919
19216,3000,78895.105535
20536,3000,78989.932627
21078,3000,79072.092968
18652,3000,79173.948445
19656,3000,79280.026875
17888,3000,79392.421532
18688,3000,79486.695247
16684,3000,79603.275924
19176,3000,79700.933735
20742,3000,79803.850331
19954,3000,79913.11077
17888,3000,80028.933697
18946,3000,80136.468695
19618,3000,80245.559913
18640,3000,80352.279584
19988,3000,80455.54766
18714,3000,80567.367221
21572,3000,80669.573299
16748,3000,80780.632242
21032,3000,80870.706472
18654,3000,80970.126941
17954,3000,81087.092301
20850,3000,81187.085252
18356,3000,81293.14608
19118,3000,81405.972907
19562,3000,81499.745672
21530,3000,81611.040175
22258,3000,81721.334344
21004,3000,81820.181278
19558,3000,81915.746427
19392,3000,82023.279391
18592,3000,82140.512154
18124,3000,82244.800167
21198,3000,82343.709818
20102,3000,82457.119452
22248,3000,82547.837404
20006,3000,82646.855848
16080,3000,82765.895042
20534,3000,82873.858473
19868,3000,83080.241377
21548,3000,83170.043485
19590,3000,83271.447204
19658,3000,83381.667272
17016,3000,83499.952725
19486,3000,83603.566573
19424,3000,83708.410125
17282,3000,83826.972013
20904,3000,83923.856083
20762,3000,84031.007228
16234,3000,84138.020874
19474,3000,84255.343364
16894,3000,84369.35748
20382,3000,84470.925124
20648,3000,84571.194531
17624,3000,84680.084976
19268,3000,84781.912455
21808,3000,84882.811584
19608,3000,84987.731041
18576,3000,85095.522566
14690,3000,85225.34614
21430,3000,85320.972615
18822,3000,85427.627803
18196,3000,85545.097529
21256,3000,85644.048467
19572,3000,85741.295897
20048,3000,85852.680651
19524,3000,85954.19654
21800,3000,86048.167832
21306,3000,86142.953957
18398,3000,86256.453459
20128,3000,86356.012784
17390,3000,86469.437107
18796,3000,86575.608428
20448,3000,86677.013856
22100,3000,86778.666573
20292,3000,86881.258729
18024,3000,86994.183448
19816,3000,87103.164185
19512,3000,87207.797121
19082,3000,87314.197779
21196,3000,87416.34885
22650,3000,87524.573516
19572,3000,87638.542193
21466,3000,87745.184729
20084,3000,87853.920573
19424,3000,87963.722961
19450,3000,88066.409921
18710,3000,88171.23693
19306,3000,88280.852239
22330,3000,88375.814077
20940,3000,88478.325324
20194,3000,88580.721072
22216,3000,88670.758714
19014,3000,88787.906874
14574,3000,88909.279989
20620,3000,89003.274837
19028,3000,89111.815762
19902,3000,89211.195919
20918,3000,89318.250957
19582,3000,89426.840181
18378,3000,89537.628724
17134,3000,89658.587803
20478,3000,89759.427772
22710,3000,89855.678706
21772,3000,89969.713075
22220,3000,90069.796899
19480,3000,90287.167433
19400,3000,90395.122917
18816,3000,90507.445448
21098,3000,90622.849036
22732,3000,90724.787684
18452,3000,90836.56422
15818,3000,90957.883025
18916,3000,91066.400582
19890,3000,91180.770716
21470,3000,91287.752031
19832,3000,91404.290292
21028,3000,91509.060603
19216,3000,91612.668073
21238,3000,91723.953405
21728,3000,91828.220007
23066,3000,91929.67581
19832,3000,92034.565325
19862,3000,92136.456654
20798,3000,92235.200818
19782,3000,92335.203327
18984,3000,92441.029874
18148,3000,92550.186715
18744,3000,92660.499772
18592,3000,92772.835968
17828,3000,92896.253899
19456,3000,93007.70055
21852,3000,93108.757566
20918,3000,93197.732073
20684,3000,93299.23544
21548,3000,93409.881144
20878,3000,93509.924503
18710,3000,93622.027246
20426,3000,93729.574018
21098,3000,93833.328312
22568,3000,93919.598
19284,3000,94029.553763
21542,3000,94141.933304
23218,3000,94244.846174
21406,3000,94344.859784
20752,3000,94456.45687
17254,3000,94566.872066
21500,3000,94655.961058
20776,3000,94765.21462
20388,3000,94873.419662
19256,3000,94981.858607
18534,3000,95096.282101
17610,3000,95225.964993
17256,3000,95348.76812
23198,3000,95442.142789
22058,3000,95549.461173
18178,3000,95670.514997
22834,3000,95767.494223
19178,3000,95878.591033
21456,3000,95980.536598
22632,3000,96086.709602
20122,3000,96190.038487
20982,3000,96299.489895
18528,3000,96423.311447
20766,3000,96535.654297
21864,3000,96659.359304
17764,3000,96783.93678
19436,3000,96902.517091
21180,3000,97019.389545
21338,3000,97119.870801
20968,3000,97233.175794
21490,3000,97345.580159
21028,3000,97453.370424
20392,3000,97669.329131
20934,3000,97788.19377
22422,3000,97894.010729
19676,3000,98001.684155
21032,3000,98107.159053
18930,3000,98228.985774
21988,3000,98340.157847
22654,3000,98447.044105
21264,3000,98554.421361
19804,3000,98664.770189
22244,3000,98772.882756
21114,3000,98870.444679
20712,3000,98980.983444
19842,3000,99087.213286
19144,3000,99194.705378
20226,3000,99305.005292
21572,3000,99414.498316
20382,3000,99520.753667
19998,3000,99635.780275
22108,3000,99737.04259
22010,3000,99846.358357
20458,3000,99958.52659
21188,3000,100062.381671
21770,3000,100158.342365
21300,3000,100268.721925
20402,3000,100374.997359
21190,3000,100475.634618
22262,3000,100572.789437
21580,3000,100676.088343
22374,3000,100774.202324
21708,3000,100875.323764
21158,3000,100987.820051
22484,3000,101086.74734
22442,3000,101187.573876
22232,3000,101283.42458
23224,3000,101384.626408
22322,3000,101497.300413
21716,3000,101595.60363
21024,3000,101701.233218
22518,3000,101790.10849
22142,3000,101886.695092
22322,3000,101984.611992
20210,3000,102085.218936
22656,3000,102189.577894
23770,3000,102273.764707
22012,3000,102364.818321
22098,3000,102465.274168
21652,3000,102562.90857
21524,3000,102664.957472
18938,3000,102772.702982
22186,3000,102873.162599
20410,3000,102980.621769
21356,3000,103086.007282
22434,3000,103184.813312
22802,3000,103284.018537
22190,3000,103390.058099
22910,3000,103497.755155
21346,3000,103594.226207
23202,3000,103690.028925
22706,3000,103791.984374
21496,3000,103889.950756
20732,3000,103992.994422
23572,3000,104083.290601
22868,3000,104179.346279
23936,3000,104288.674659
21892,3000,104389.600624
21454,3000,104591.842236
19698,3000,104703.047374
22732,3000,104808.544744
22226,3000,104911.658506
22826,3000,105017.367306
21314,3000,105126.275702
23346,3000,105227.548005
20996,3000,105333.454817
21932,3000,105435.930768
22004,3000,105541.757197
21932,3000,105646.158376
20300,3000,105758.373869
20332,3000,105867.640669
20060,3000,105976.751719
20382,3000,106087.285799
23192,3000,106188.65444
23716,3000,106290.712261
20996,3000,106392.703907
22792,3000,106496.021339
19650,3000,106599.683763
23130,3000,106710.324301
20828,3000,106817.892359
21360,3000,106924.952012
19600,3000,107033.049186
21536,3000,107133.311517
22500,3000,107239.378746
23634,3000,107329.726613
23210,3000,107423.010454
21852,3000,107528.9653
21278,3000,107631.844621
22518,3000,107729.123858
21648,3000,107827.526974
20650,3000,107930.931825
21136,3000,108033.04375
22902,3000,108133.066248
19932,3000,108236.312052
20718,3000,108336.17302
21180,3000,108447.760443
23114,3000,108545.243547
23938,3000,108638.35472
21670,3000,108730.424964
21430,3000,108841.330885
20348,3000,108935.366431
21904,3000,109031.325012
25250,3000,109124.861504
22716,3000,109219.144862
22860,3000,109320.372505
22822,3000,109408.301444
24052,3000,109500.510964
24964,3000,109584.010198
23380,3000,109676.848713
23158,3000,109773.703147
23840,3000,109863.968755
22102,3000,109961.910032
20106,3000,110066.803625
21140,3000,110172.712329
21538,3000,110271.420801
22224,3000,110361.215566
22750,3000,110453.24054
23482,3000,110541.826696
22914,3000,110631.766339
23288,3000,110730.204215
22622,3000,110815.528032
23780,3000,110905.463185
22054,3000,110990.256448
23768,3000,111080.866691
24934,3000,111169.800373
24854,3000,111346.79606
23292,3000,111442.428879
23156,3000,111535.302191
24228,3000,111634.527141
21578,3000,111739.827125
20766,3000,111837.564893
21490,3000,111925.708601
21158,3000,112038.501028
23952,3000,112124.706846
25262,3000,112215.410128
23882,3000,112315.087211
22764,3000,112428.735584
22734,3000,112520.079016
22962,3000,112613.528174
24348,3000,112708.642418
24184,3000,112795.680143
23394,3000,112888.736976
22456,3000,112986.495636
23160,3000,113083.463605
23892,3000,113179.562861
23746,3000,113264.809196
23746,3000,113358.788609
23540,3000,113450.025872
19066,3000,113557.98133
22250,3000,113656.985063
18122,3000,113763.511568
21336,3000,113875.787314
22714,3000,113973.734998
23360,3000,114069.004334
23650,3000,114168.202826
22418,3000,114270.645067
22554,3000,114369.86464
23378,3000,114461.794634
23900,3000,114558.514006
24632,3000,114656.696914
23250,3000,114748.634639
23260,3000,114835.065338
24018,3000,114929.199248
23126,3000,115020.239376
25054,3000,115107.888505
23548,3000,115198.183789
22906,3000,115294.163486
20890,3000,115393.979991
17586,3000,115505.326055
20190,3000,115613.909775
23896,3000,115700.378227
24216,3000,115789.837698
23246,3000,115884.830372
23692,3000,115980.887293
23786,3000,116070.247644
22182,3000,116163.543508
22756,3000,116249.93766
24296,3000,116339.270087
25434,3000,116426.37754
23536,3000,116526.081822
24760,3000,116616.088382
25514,3000,116698.384202
24730,3000,116776.023294
24308,3000,116868.475656
24560,3000,116956.087918
23132,3000,117055.254099
19708,3000,117170.655219
17694,3000,117301.075266
21322,3000,117402.649048
23728,3000,117504.285833
23700,3000,117604.433495
25268,3000,117685.991314
23822,3000,117865.408925
23646,3000,117952.44262
22126,3000,118057.937552
22856,3000,118161.950273
25388,3000,118244.291816
21932,3000,118332.506575
22546,3000,118425.311861
26038,3000,118506.729191
24928,3000,118591.171895
23324,3000,118678.755517
24396,3000,118763.300961
23760,3000,118847.527759
20184,3000,118952.872601
20732,3000,119058.589068
21674,3000,119154.100033
20726,3000,119247.797336
23614,3000,119336.518496
25104,3000,119423.802499
23912,3000,119499.501327
23750,3000,119575.119655
24728,3000,119647.41468
24378,3000,119733.243621
23206,3000,119829.796878
22568,3000,119923.612302
25394,3000,120015.763716
24150,3000,120104.117868
22334,3000,120191.484477
24894,3000,120275.951651
22854,3000,120372.632603
23776,3000,120472.695273
22924,3000,120564.740615
20600,3000,120661.835841
19456,3000,120759.050821
22298,3000,120847.938662
24892,3000,120937.473676
21074,3000,121039.730661
24238,3000,121125.107685
24350,3000,121210.999329
25986,3000,121294.048905
24690,3000,121378.075917
24408,3000,121466.252981
25128,3000,121543.743056
22830,3000,121640.852172
22776,3000,121728.671012
24288,3000,121812.190692
21738,3000,121911.68079
24078,3000,121989.667818
24296,3000,122076.794222
21370,3000,122174.332045
21532,3000,122272.682552
23160,3000,122367.2019
19416,3000,122484.143109
21412,3000,122589.432235
22414,3000,122691.627489
23478,3000,122785.045362
23868,3000,122870.724832
25048,3000,122950.696735
25982,3000,123027.583929
25160,3000,123111.715113
24680,3000,123210.074765
23722,3000,123292.136235
24202,3000,123377.881337
23600,3000,123470.0847
23948,3000,123568.05015
23666,3000,123663.17431
20040,3000,123759.562451
22356,3000,123952.12939
20292,3000,124052.299575
22844,3000,124143.937131
22468,3000,124239.230107
23262,3000,124342.479202
21426,3000,124437.359142
21312,3000,124542.782826
23098,3000,124631.915936
24612,3000,124726.348222
24706,3000,124811.804187
25664,3000,124879.377002
24410,3000,124960.346815
24780,3000,125046.027582
25256,3000,125128.682689
23840,3000,125221.616379
25076,3000,125306.873896
24588,3000,125395.36844
18128,3000,125505.125971
17588,3000,125629.819311
23596,3000,125725.399442
24834,3000,125807.897054
22522,3000,125911.656847
23686,3000,125998.317893
23422,3000,126085.655856
17804,3000,126212.212976
21736,3000,126311.723454
24426,3000,126388.50378
25388,3000,126472.252678
23620,3000,126552.46838
25758,3000,126632.893758
25814,3000,126721.455055
23522,3000,126806.73967
25472,3000,126896.148504
25386,3000,126982.861565
23974,3000,127086.057104
21498,3000,127197.171227
17318,3000,127318.12596
21192,3000,127418.000257
23534,3000,127498.213057
22418,3000,127589.577045
22118,3000,127674.913224
24840,3000,127753.313274
22418,3000,127851.661095
20708,3000,127961.143246
21994,3000,128053.743994
22846,3000,128149.821812
22602,3000,128256.779454
24872,3000,128337.217881
25754,3000,128424.576036
25176,3000,128503.749592
25582,3000,128587.473164
25222,3000,128676.100157
23886,3000,128751.630636
23286,3000,128844.176793
19098,3000,128961.996595
19706,3000,129050.708555
19926,3000,129174.479835
22162,3000,129268.839563
23660,3000,129371.598906
24584,3000,129467.772736
23808,3000,129549.149246
22888,3000,129638.602949
22336,3000,129732.621877
24296,3000,129817.020612
22664,3000,129917.007754
23532,3000,130016.698613
23422,3000,130111.546012
24038,3000,130305.005227
25650,3000,130379.531602
25096,3000,130459.054132
25180,3000,130543.643237
24446,3000,130624.228556
19250,3000,130721.31406
20706,3000,130820.364833
16412,3000,130948.390002
20960,3000,131044.19168
24320,3000,131135.126499
23694,3000,131230.794548
25024,3000,131322.7885
26438,3000,131403.966469
23898,3000,131500.407257
24936,3000,131582.399637
22970,3000,131677.715136
22392,3000,131781.444808
22294,3000,131878.968333
22084,3000,131969.456039
24220,3000,132067.012329
25498,3000,132155.893845
25908,3000,132229.94401
24026,3000,132320.691626
24812,3000,132405.443397
21862,3000,132512.777853
12726,3000,132651.561672
17796,3000,132776.839857
24308,3000,132867.971754
23218,3000,132955.529073
23438,3000,133034.535739
24418,3000,133122.47984
25090,3000,133211.461963
22414,3000,133312.741964
23254,3000,133407.42649
22498,3000,133494.383465
20550,3000,133595.032219
20430,3000,133706.45326
23288,3000,133794.079596
25412,3000,133884.734679
24368,3000,133975.839847
23364,3000,134061.551796
24076,3000,134139.543269
18616,3000,134254.360693
20914,3000,134360.692856
21956,3000,134450.543609
19214,3000,134558.36257
23886,3000,134650.510212
23658,3000,134736.507123
25784,3000,134814.530187
25710,3000,134898.73692
26512,3000,134976.736031
24564,3000,135056.148338
21636,3000,135163.602201
21670,3000,135264.827661
22746,3000,135358.932141
23454,3000,135460.973664
22558,3000,135556.009363
22964,3000,135658.212368
24450,3000,135736.605751
22244,3000,135832.869577
20208,3000,135942.328503
20890,3000,136035.533003
19788,3000,136144.397861
21804,3000,136249.94726
24704,3000,136336.014664
21934,3000,136446.613091
22608,3000,136542.129882
24962,3000,136729.734122
25000,3000,136813.893424
23370,3000,136912.212235
23496,3000,136999.969595
26846,3000,137085.630152
19886,3000,137180.173683
23608,3000,137268.620299
26416,3000,137350.770914
23150,3000,137438.677446
23404,3000,137538.010623
23890,3000,137617.487951
19288,3000,137735.21916
17704,3000,137856.800929
23196,3000,137956.568419
23668,3000,138041.991866
18628,3000,138159.63128
22976,3000,138256.588782
25064,3000,138338.118959
23674,3000,138435.952186
22168,3000,138534.580559
24346,3000,138625.999957
24696,3000,138709.473343
22066,3000,138810.796716
21506,3000,138911.644223
25676,3000,138998.372765
20984,3000,139106.084935
24236,3000,139189.927442
24404,3000,139280.539016
21998,3000,139394.403728
18586,3000,139517.347458
21098,3000,139604.703732
24104,3000,139694.361259
19918,3000,139803.138777
24172,3000,139890.30338
23580,3000,139972.912985
23276,3000,140063.296358
21046,3000,140163.370891
23620,3000,140255.14524
25302,3000,140344.182974
22882,3000,140434.170805
24246,3000,140520.465295
24088,3000,140602.220728
25078,3000,140686.414072
24218,3000,140784.796608
25834,3000,140862.538909
24752,3000,140946.492488
24632,3000,141024.95868
22530,3000,141113.491988
18456,3000,141231.27032
18270,3000,141344.633118
23712,3000,141446.062989
23994,3000,141537.192209
21534,3000,141631.56048
23628,3000,141717.622707
24436,3000,141804.607236
23904,3000,141884.861474
24420,3000,141967.605998
24202,3000,142057.061845
21058,3000,142153.834579
22940,3000,142242.486272
22542,3000,142328.850324
25442,3000,142415.91346
23562,3000,142496.422259
25244,3000,142573.630405
25606,3000,142654.101353
25650,3000,142735.875947
22572,3000,142934.275414
16420,3000,143059.225821
15266,3000,143191.109316
20934,3000,143295.783313
24448,3000,143375.269921
25162,3000,143454.818318
24974,3000,143544.960268
25434,3000,143634.609091
24756,3000,143718.379241
25832,3000,143798.191249
24634,3000,143889.173242
24696,3000,143978.052888
23278,3000,144067.341564
21342,3000,144170.801185
23746,3000,144262.660743
25376,3000,144344.830952
22820,3000,144441.169209
24478,3000,144525.11847
23982,3000,144612.471553
16866,3000,144746.059584
10860,3000,144903.555882
16802,3000,145031.789578
24712,3000,145118.413937
24338,3000,145193.865476
23970,3000,145276.864376
24768,3000,145370.23469
24976,3000,145455.969949
24572,3000,145538.752773
25700,3000,145624.566931
25692,3000,145709.943775
25856,3000,145797.894603
24738,3000,145889.181183
24492,3000,145984.629544
25666,3000,146070.753875
26540,3000,146144.035635
24648,3000,146228.029625
23986,3000,146312.411357
14716,3000,146441.820427
14038,3000,146563.696214
15258,3000,146693.555062
23602,3000,146776.399681
25364,3000,146848.388277
26258,3000,146920.576367
23768,3000,147017.953011
23474,3000,147094.904705
24450,3000,147182.866489
25434,3000,147274.615124
26146,3000,147364.709979
25824,3000,147442.668448
26352,3000,147515.505588
26342,3000,147596.232231
22016,3000,147683.439329
24404,3000,147770.953658
26650,3000,147843.624295
23152,3000,147935.502908
14862,3000,148062.014762
15460,3000,148200.25614
15128,3000,148332.629007
22154,3000,148428.789928
22124,3000,148515.604357
25900,3000,148586.937786
24706,3000,148662.770139
25080,3000,148748.284249
24260,3000,148842.429475
22678,3000,148934.117284
24342,3000,149034.350775
23060,3000,149123.488726
24456,3000,149305.533119
20654,3000,149406.779101
19236,3000,149514.679959
22712,3000,149610.67824
22968,3000,149707.631991
20820,3000,149806.939426
18844,3000,149920.145853
14654,3000,150067.255784
19968,3000,150182.619383
17604,3000,150293.723938
19200,3000,150407.868994
24314,3000,150497.827404
24038,3000,150586.196259
23920,3000,150663.621337
25638,3000,150754.922204
26808,3000,150837.761377
27728,3000,150905.096246
25258,3000,150980.896258
26488,3000,151058.167589
25034,3000,151138.803788
24632,3000,151221.979469
23468,3000,151316.956046
22876,3000,151410.381901
23086,3000,151505.510742
19766,3000,151612.577417
14632,3000,151743.158098
21488,3000,151849.174336
20200,3000,151954.056834
19538,3000,152073.95735
23398,3000,152173.211565
21032,3000,152278.35754
23484,3000,152383.821295
23160,3000,152473.727544
23894,3000,152572.391906
24592,3000,152668.495302
24938,3000,152760.101438
24672,3000,152850.436097
22336,3000,152957.326275
24232,3000,153043.503724
25996,3000,153123.295465
25192,3000,153219.71398
24626,3000,153314.459828
23388,3000,153405.305295
22662,3000,153510.557955
20754,3000,153615.10382
20500,3000,153730.832022
20516,3000,153845.721746
18474,3000,153954.96729
21650,3000,154059.887367
24954,3000,154144.712763
24290,3000,154245.315787
23078,3000,154343.313414
24614,3000,154431.822227
23628,3000,154518.705787
23416,3000,154606.818957
23230,3000,154695.710376
24984,3000,154780.64461
24740,3000,154874.963719
24494,3000,154956.201673
23222,3000,155052.224334
22810,3000,155137.785897
20968,3000,155240.571611
24572,3000,155330.350555
19866,3000,155435.65803
15760,3000,155562.356049
21050,3000,155667.000101
23718,3000,155761.688749
19994,3000,155970.685961
24462,3000,156060.182881
24306,3000,156149.674019
23364,3000,156238.488572
24930,3000,156315.66591
22810,3000,156411.48191
24406,3000,156503.398478
23824,3000,156584.832158
24254,3000,156672.26026
25400,3000,156758.113264
19972,3000,156855.023964
25586,3000,156943.692651
24172,3000,157039.137383
19376,3000,157150.39574
17862,3000,157268.481932
24686,3000,157357.02065
20486,3000,157464.273538
16948,3000,157579.803246
23328,3000,157675.766046
24506,3000,157760.338836
21872,3000,157869.123396
23762,3000,157959.989642
22764,3000,158054.372186
21954,3000,158153.603415
24156,3000,158244.361947
23990,3000,158326.607937
24584,3000,158407.090386
23780,3000,158498.793937
18898,3000,158609.192612
25406,3000,158687.882359
20772,3000,158794.737664
19662,3000,158897.636213
24798,3000,158998.857599
23680,3000,159083.788413
15720,3000,159215.941026
23296,3000,159309.351181
24144,3000,159394.525286
24698,3000,159479.652788
25048,3000,159566.784591
17894,3000,159684.217464
20370,3000,159797.046428
24340,3000,159879.412787
25204,3000,159961.504414
19978,3000,160065.728929
23420,3000,160162.292582
22186,3000,160264.71279
24500,3000,160360.302121
23202,3000,160449.172127
24202,3000,160538.424115
20900,3000,160654.749693
19678,3000,160754.768088
20874,3000,160848.894775
20184,3000,160961.546977
25738,3000,161050.711375
24996,3000,161137.514504
23264,3000,161226.135028
23556,3000,161319.386243
22760,3000,161411.979528
18108,3000,161526.810189
24274,3000,161617.478749
24342,3000,161711.746488
23814,3000,161798.766516
20646,3000,161896.431333
21260,3000,161993.171013
25914,3000,162077.989845
22196,3000,162168.456842
20048,3000,162411.715895
20034,3000,162526.745526
23308,3000,162614.188828
19306,3000,162729.438794
22912,3000,162829.636987
24710,3000,162919.003521
23080,3000,163019.382773
22272,3000,163125.784693
21428,3000,163236.273386
20708,3000,163334.331791
23966,3000,163431.398855
22106,3000,163530.063001
24848,3000,163624.118661
20314,3000,163729.041495
23126,3000,163821.108981
24484,3000,163906.830491
22634,3000,164001.353985
20926,3000,164122.514306
24020,3000,164212.971908
18656,3000,164326.53234
22624,3000,164438.667081
20628,3000,164542.759823
22380,3000,164642.434988
24160,3000,164739.903636
21128,3000,164852.665819
24490,3000,164939.285197
23070,3000,165042.177848
21080,3000,165145.043458
22486,3000,165226.989165
22700,3000,165318.071097
16098,3000,165446.0413
23586,3000,165537.711679
24512,3000,165629.822142
24148,3000,165720.698633
24310,3000,165813.96921
21404,3000,165919.539837
22594,3000,166020.300015
21138,3000,166123.955632
20358,3000,166241.791527
22390,3000,166332.314391
22908,3000,166425.179682
23446,3000,166520.871444
24112,3000,166604.049986
25306,3000,166698.495432
23000,3000,166798.044652
23178,3000,166891.173747
24092,3000,166992.623185
20542,3000,167100.575702
19186,3000,167208.988823
20576,3000,167323.369251
22406,3000,167431.524847
23200,3000,167528.867558
22946,3000,167622.665356
22684,3000,167722.181962
19366,3000,167833.174816
20564,3000,167946.06036
21530,3000,168058.157087
21264,3000,168175.95595
22730,3000,168275.047315
23410,3000,168366.880964
23498,3000,168456.974477
24468,3000,168545.3178
25306,3000,168632.294991
21790,3000,168734.621054
21154,3000,168842.124755
21154,3000,168941.425622
22024,3000,169045.11343
18908,3000,169266.423566
22724,3000,169364.625553
23944,3000,169465.346583
23314,3000,169561.560924
22674,3000,169662.682869
20488,3000,169773.042022
23764,3000,169872.331554
18584,3000,169991.683851
18450,3000,170111.542972
20636,3000,170215.462283
25058,3000,170311.183357
24354,3000,170398.501101
25566,3000,170486.742991
23798,3000,170566.235411
23358,3000,170657.185975
22492,3000,170751.030158
22640,3000,170853.002392
19944,3000,170973.69558
21866,3000,171071.854524
21304,3000,171179.244863
20120,3000,171285.398705
24430,3000,171381.427034
21092,3000,171485.17137
21018,3000,171592.044935
21966,3000,171693.633958
20940,3000,171800.433751
21326,3000,171907.58881
21584,3000,172010.937217
22698,3000,172110.781482
22676,3000,172218.524698
23834,3000,172322.001274
22900,3000,172422.256472
23836,3000,172522.848562
22954,3000,172619.994372
20052,3000,172719.75965
20344,3000,172822.967232
19752,3000,172941.88352
22546,3000,173048.551042
20520,3000,173146.984126
21860,3000,173249.165989
25024,3000,173345.209342
20472,3000,173455.839752
18622,3000,173572.39152
22740,3000,173668.517771
22408,3000,173758.803535
25008,3000,173852.142987
24646,3000,173950.856
22760,3000,174039.797452
25984,3000,174128.288268
24828,3000,174214.982622
25064,3000,174304.39386
22694,3000,174400.913299
22314,3000,174501.711121
21752,3000,174609.536545
17720,3000,174740.830546
18872,3000,174857.23911
20974,3000,174963.464758
21810,3000,175064.726853
21822,3000,175166.353669
22152,3000,175272.217377
18616,3000,175390.111619
22620,3000,175490.638364
22048,3000,175591.504594
23482,3000,175678.208818
23122,3000,175773.512236
23582,3000,175865.165061
24138,3000,175960.237205
24766,3000,176147.253649
23740,3000,176238.001826
23844,3000,176330.977352
25534,3000,176427.620422
24676,3000,176523.532495
17994,3000,176664.761042
18408,3000,176792.037632
16356,3000,176912.036247
24468,3000,177003.563888
21704,3000,177099.067476
20930,3000,177195.852562
22918,3000,177289.466902
18444,3000,177416.185702
20788,3000,177528.353223
21622,3000,177634.441601
22530,3000,177746.189542
24408,3000,177844.886733
23060,3000,177945.644934
22884,3000,178042.443887
24336,3000,178146.746796
24734,3000,178238.396586
22794,3000,178336.927184
24130,3000,178431.958796
22080,3000,178539.076239
19754,3000,178644.948964
17190,3000,178768.425303
22464,3000,178865.800975
21794,3000,178971.280076
19978,3000,179088.982894
20496,3000,179207.628655
20478,3000,179331.20829
22004,3000,179430.632195
22234,3000,179536.615415
21034,3000,179640.731983
20804,3000,179746.403832
23420,3000,179844.935889
23310,3000,179938.637996
23512,3000,180027.702689
22782,3000,180126.718051
23682,3000,180227.751405
23634,3000,180315.662984
22872,3000,180413.344603
23646,3000,180516.497366
21936,3000,180625.209889
20716,3000,180739.083313
18682,3000,180854.756964
20456,3000,180962.807419
20374,3000,181075.047269
20520,3000,181204.715394
20538,3000,181310.077719
23026,3000,181405.451623
20740,3000,181522.461588
22154,3000,181632.866523
23636,3000,181726.319648
23654,3000,181820.208559
23478,3000,181924.25085
23104,3000,182021.923719
21288,3000,182124.243847
22814,3000,182224.675862
23892,3000,182317.741097
23904,3000,182408.437052
24412,3000,182495.756618
21746,3000,182594.553826
21886,3000,182695.017472
19374,3000,182809.397046
18428,3000,182930.236732
20818,3000,183133.205189
22504,3000,183231.805475
19274,3000,183338.000562
22346,3000,183431.794358
20598,3000,183527.615166
24138,3000,183618.823988
22456,3000,183719.215512
24198,3000,183818.590889
23562,3000,183913.020746
23600,3000,184016.566618
22402,3000,184108.680819
23048,3000,184206.563278
23096,3000,184294.581062
23024,3000,184391.295862
21712,3000,184499.124845
24744,3000,184594.766506
21606,3000,184699.507524
18250,3000,184826.390886
20210,3000,184933.213504
19404,3000,185047.515196
19042,3000,185163.298151
20230,3000,185269.278634
21356,3000,185372.487807
21286,3000,185469.853338
21330,3000,185576.934419
22998,3000,185670.592296
23476,3000,185764.086325
22128,3000,185872.508238
23058,3000,185955.522056
23446,3000,186048.115541
24032,3000,186155.251775
22754,3000,186256.469071
24236,3000,186350.569065
23086,3000,186451.004613
25486,3000,186551.51946
22796,3000,186647.870946
23052,3000,186748.91969
18998,3000,186868.030799
21902,3000,186978.326079
21430,3000,187086.575547
20058,3000,187195.838033
20738,3000,187303.796653
24448,3000,187409.367928
23602,3000,187499.355446
21868,3000,187604.384764
24206,3000,187692.756621
25286,3000,187780.029734
24614,3000,187869.450451
25522,3000,187952.594914
26516,3000,188040.248877
22014,3000,188126.96954
22728,3000,188223.91816
26574,3000,188301.252761
23284,3000,188403.101544
22160,3000,188497.906664
25678,3000,188581.676658
24216,3000,188673.568235
21454,3000,188783.425678
25308,3000,188861.836571
20424,3000,188968.252929
17692,3000,189081.828408
23192,3000,189179.858797
22626,3000,189270.709898
22356,3000,189371.596786
22418,3000,189468.2944
25728,3000,189548.471677
25988,3000,189634.784085
24732,3000,189802.378235
25622,3000,189885.132995
23442,3000,189977.280005
23222,3000,190075.910905
22668,3000,190172.762864
21984,3000,190277.45706
25978,3000,190362.328382
25804,3000,190448.0562
24452,3000,190528.988638
26316,3000,190606.064544
25506,3000,190703.423507
17976,3000,190833.689915
21518,3000,190940.649387
21762,3000,191039.64436
15948,3000,191160.705115
22534,3000,191260.717529
26022,3000,191340.255937
23902,3000,191437.62474
25254,3000,191512.825939
26194,3000,191593.938574
23168,3000,191689.503649
24490,3000,191781.886645
24988,3000,191861.288578
23650,3000,191955.925769
23218,3000,192052.329643
25972,3000,192138.624154
24890,3000,192236.311184
20828,3000,192351.796656
22584,3000,192448.47282
23358,3000,192542.290554
21306,3000,192640.695446
19568,3000,192754.387435
19572,3000,192875.374794
16296,3000,193007.071191
19460,3000,193136.637344
25542,3000,193219.663827
25296,3000,193305.626722
25344,3000,193393.133219
26488,3000,193470.430342
25182,3000,193548.450173
25192,3000,193635.050036
25506,3000,193725.836684
23916,3000,193809.260118
25224,3000,193892.908365
25626,3000,193980.790869
23718,3000,194080.234139
23882,3000,194179.690879
25100,3000,194260.564223
23604,3000,194350.294697
23330,3000,194447.155647
23480,3000,194539.903492
20906,3000,194654.968387
20298,3000,194766.56954
18936,3000,194882.869927
19702,3000,195006.904489
24494,3000,195094.923311
23864,3000,195185.767457
25766,3000,195269.298122
23140,3000,195367.334938
25666,3000,195445.292387
25876,3000,195531.897862
25372,3000,195620.557415
25154,3000,195707.998912
25428,3000,195798.472267
23280,3000,195889.277405
22956,3000,195978.245639
24366,3000,196067.08647
25232,3000,196261.845433
25618,3000,196350.319031
23564,3000,196443.586024
24702,3000,196532.538012
25176,3000,196618.007627
23432,3000,196711.989583
20770,3000,196808.958799
18732,3000,196935.239556
23048,3000,197032.026108
24090,3000,197127.099166
25014,3000,197218.33604
25004,3000,197304.37205
24248,3000,197390.174234
24694,3000,197484.090615
23966,3000,197566.404904
23638,3000,197661.866321
25508,3000,197747.819314
25660,3000,197831.27318
25602,3000,197924.37788
26082,3000,198016.286802
23880,3000,198112.463354
24274,3000,198204.826563
23768,3000,198302.132638
25124,3000,198394.109789
24778,3000,198488.462268
23288,3000,198592.142757
22308,3000,198694.617249
19800,3000,198807.383512
23130,3000,198898.938811
23144,3000,198995.538262
24194,3000,199086.858043
24852,3000,199174.96959
24718,3000,199268.21615
24302,3000,199360.752331
21580,3000,199471.79718
24572,3000,199555.993901
22918,3000,199649.656878
22906,3000,199742.280665
24842,3000,199825.578894
23544,3000,199914.49595
24810,3000,200001.06678
22906,3000,200102.521901
24824,3000,200202.915248
22976,3000,200309.90853
21952,3000,200411.063832
21642,3000,200514.580722
23926,3000,200611.208762
23964,3000,200708.646987
24302,3000,200798.472063
24592,3000,200894.460404
23626,3000,200980.544334
23248,3000,201072.330232
25264,3000,201165.612712
24196,3000,201253.416624
23976,3000,201345.273727
21872,3000,201442.406631
24888,3000,201520.420746
24536,3000,201605.178112
26326,3000,201690.276112
25064,3000,201777.922326
26382,3000,201871.292515
26018,3000,201949.888441
25888,3000,202030.95549
25670,3000,202128.510242
23252,3000,202229.882483
24622,3000,202319.969731
25282,3000,202497.968184
25420,3000,202587.321252
24206,3000,202679.132279
25582,3000,202766.907365
24938,3000,202847.469093
25110,3000,202927.02062
25240,3000,203002.349216
26184,3000,203081.059883
25300,3000,203163.523552
26188,3000,203250.249953
20850,3000,203356.727353
25440,3000,203442.441654
24546,3000,203519.299196
25106,3000,203604.485328
23542,3000,203692.325304
25768,3000,203779.098174
26408,3000,203865.187415
24326,3000,203950.27726
24492,3000,204036.262539
24718,3000,204136.00335
24194,3000,204232.240234
24926,3000,204324.672484
22958,3000,204420.406611
24002,3000,204517.398483
25134,3000,204611.652266
26282,3000,204700.58555
25704,3000,204778.808796
24630,3000,204866.008791
25078,3000,204961.687927
24700,3000,205053.383568
24480,3000,205145.480541
22178,3000,205254.284216
24056,3000,205349.336973
22230,3000,205444.558651
20330,3000,205550.945562
23326,3000,205655.84389
24444,3000,205740.233973
25254,3000,205837.043743
24956,3000,205933.59416
22764,3000,206025.508248
23382,3000,206115.386665
23690,3000,206211.725977
23600,3000,206325.524902
23084,3000,206417.426861
24520,3000,206510.477209
24340,3000,206596.003966
24168,3000,206684.209836
24032,3000,206781.499218
23932,3000,206879.289901
23550,3000,206968.503806
21894,3000,207069.024784
21952,3000,207168.167002
23098,3000,207262.507244
24160,3000,207359.865673
22994,3000,207464.001942
23532,3000,207559.079741
23574,3000,207653.756658
21928,3000,207757.353085
24366,3000,207847.416304
25702,3000,207935.399658
22108,3000,208038.099714
20790,3000,208151.927149
26050,3000,208247.841883
25040,3000,208334.979464
22734,3000,208434.49599
24586,3000,208525.343037
25056,3000,208615.510837
20004,3000,208832.564666
22766,3000,208929.449496
22772,3000,209025.252514
23212,3000,209120.09604
23028,3000,209211.820731
24344,3000,209306.652275
24132,3000,209397.725157
20836,3000,209519.221726
24264,3000,209613.44013
22572,3000,209707.946974
22656,3000,209810.152348
22716,3000,209918.323522
22312,3000,210009.220373
21870,3000,210115.634116
21362,3000,210216.948073
24778,3000,210304.696837
24672,3000,210394.88834
20110,3000,210510.408141
25110,3000,210601.607815
25538,3000,210684.233997
23326,3000,210783.923851
24526,3000,210873.952725
23458,3000,210966.281005
21662,3000,211061.30915
23356,3000,211158.600538
26722,3000,211237.152436
25568,3000,211319.803406
22680,3000,211419.636448
25610,3000,211504.69836
27096,3000,211593.358349
24436,3000,211688.689665
25972,3000,211779.169852
25946,3000,211866.964499
22610,3000,211965.863449
19408,3000,212067.593823
20516,3000,212175.238759
25500,3000,212255.888303
23574,3000,212355.390376
26650,3000,212435.442968
25560,3000,212515.401674
23508,3000,212604.23649
26180,3000,212684.584968
25722,3000,212765.35007
25952,3000,212850.822957
24256,3000,212931.606286
25474,3000,213014.286248
26216,3000,213103.246138
24186,3000,213203.580045
25816,3000,213295.969769
26770,3000,213382.578073
23912,3000,213466.923651
25154,3000,213555.439862
26032,3000,213646.0439
24124,3000,213737.253107
24992,3000,213831.714638
27046,3000,213914.802155
24440,3000,213995.535886
19726,3000,214115.841135
25786,3000,214193.97686
25874,3000,214277.062971
25250,3000,214365.187297
25520,3000,214456.603339
25614,3000,214543.861903
25378,3000,214621.227895
23968,3000,214713.577017
26964,3000,214796.279383
25342,3000,214865.537439
25184,3000,215061.923288
26140,3000,215140.167215
25550,3000,215226.415578
24254,3000,215312.962046
24346,3000,215403.216495
24504,3000,215477.042361
25232,3000,215566.948832
26460,3000,215658.915164
25916,3000,215746.514729
25658,3000,215837.856676
24536,3000,215921.099655
25028,3000,216013.734433
21778,3000,216119.131024
23986,3000,216220.072743
21582,3000,216315.320282
21676,3000,216406.614457
26090,3000,216487.889575
25734,3000,216574.748171
24634,3000,216663.767544
25632,3000,216745.067996
25472,3000,216830.70265
25580,3000,216911.979407
25230,3000,216999.786575
25714,3000,217084.002498
25208,3000,217170.541807
23856,3000,217262.388725
25056,3000,217352.819299
26472,3000,217445.185594
24122,3000,217540.1975
26066,3000,217626.278968
26144,3000,217716.166232
24878,3000,217793.988181
25480,3000,217879.624609
25214,3000,217965.483179
24796,3000,218063.993414
18578,3000,218178.862974
25696,3000,218266.082642
23380,3000,218351.802262
25340,3000,218436.183028
25366,3000,218522.081919
26116,3000,218608.45123
26448,3000,218697.181081
25820,3000,218785.212692
25476,3000,218877.398107
25498,3000,218958.475984
22440,3000,219062.777211
25674,3000,219146.435304
24402,3000,219240.749954
25578,3000,219322.564325
25314,3000,219404.168977
26806,3000,219499.562721
25292,3000,219587.489414
26838,3000,219677.176342
24706,3000,219760.355263
26570,3000,219842.827499
25046,3000,219924.715897
23362,3000,220012.700852
20456,3000,220119.369744
20988,3000,220224.961743
25488,3000,220312.343914
25236,3000,220393.923855
25440,3000,220481.741535
24644,3000,220562.990939
26164,3000,220650.601777
24990,3000,220741.44618
24428,3000,220832.439824
25146,3000,221016.19526
27086,3000,221100.560294
21874,3000,221201.489884
25534,3000,221285.670422
25864,3000,221368.167687
25232,3000,221451.961583
24836,3000,221538.770753
26952,3000,221625.576924
25312,3000,221709.779775
25404,3000,221803.756243
26606,3000,221889.56836
24392,3000,221970.280871
22240,3000,222077.112282
20038,3000,222189.565211
23988,3000,222276.258649
22022,3000,222387.894251
23232,3000,222493.990877
25482,3000,222583.797021
25856,3000,222671.76006
25450,3000,222760.472213
23790,3000,222840.472681
24592,3000,222920.548093
25554,3000,223014.033809
25668,3000,223100.388392
26616,3000,223185.52251
24820,3000,223274.023778
24416,3000,223365.379205
25196,3000,223448.889166
25086,3000,223541.769372
22562,3000,223634.38224
23438,3000,223734.400542
23782,3000,223826.040466
25498,3000,223915.282836
24802,3000,224000.757804
21398,3000,224117.799867
14104,3000,224258.626837
20464,3000,224364.850131
24052,3000,224458.679302
22792,3000,224559.306678
24232,3000,224653.779908
23914,3000,224743.467473
23204,3000,224843.73646
24870,3000,224936.939188
23574,3000,225028.717139
23742,3000,225118.091178
24654,3000,225213.739708
24190,3000,225308.061684
22902,3000,225397.968861
23606,3000,225488.945228
23990,3000,225586.257883
24772,3000,225682.852273
23636,3000,225776.97423
25440,3000,225874.098926
24416,3000,225971.661296
23188,3000,226075.210741
22886,3000,226171.555173
20722,3000,226278.021282
17926,3000,226395.524003
21084,3000,226505.058205
22598,3000,226608.496185
20732,3000,226714.270113
22158,3000,226807.466409
24056,3000,226912.891785
23648,3000,227012.844287
24894,3000,227106.597869
25072,3000,227209.242482
23916,3000,227304.587898
24566,3000,227487.400483
24286,3000,227581.825907
22966,3000,227682.139886
23770,3000,227769.336555
24040,3000,227856.06261
23632,3000,227951.008255
23472,3000,228053.463679
25018,3000,228146.067848
24284,3000,228252.165239
23236,3000,228353.170259
23952,3000,228443.311781
22994,3000,228531.515886
20828,3000,228637.169178
19256,3000,228748.771578
18304,3000,228869.594565
22380,3000,228962.086054
24014,3000,229053.026512
22760,3000,229149.936271
24992,3000,229242.174398
24038,3000,229344.897743
23132,3000,229441.098377
24258,3000,229537.556866
23616,3000,229631.271658
23290,3000,229729.136171
24124,3000,229824.851748
25144,3000,229925.626864
22604,3000,230030.900727
20986,3000,230130.714012
25240,3000,230222.593985
24742,3000,230314.09951
23020,3000,230404.407714
24392,3000,230498.321097
24538,3000,230582.179793
22170,3000,230682.536058
20364,3000,230790.565406
22866,3000,230890.083281
24990,3000,230993.90653
19308,3000,231098.499527
20742,3000,231217.92695
20048,3000,231329.489158
16832,3000,231442.182643
24002,3000,231538.147006
24586,3000,231627.29551
22960,3000,231715.386187
22530,3000,231814.625349
24236,3000,231906.178633
25918,3000,232005.5755
21728,3000,232114.866358
24702,3000,232206.862441
24324,3000,232301.989976
20838,3000,232405.873974
25064,3000,232494.431486
24444,3000,232581.448548
25022,3000,232671.419698
22676,3000,232768.010328
24194,3000,232854.818335
22480,3000,232964.689267
21898,3000,233071.838723
25384,3000,233163.011827
24006,3000,233249.211905
16188,3000,233363.708216
19824,3000,233485.961949
20028,3000,233600.010846
21746,3000,233692.636287
22926,3000,233796.549556
24726,3000,233892.606163
23952,3000,233979.634403
24304,3000,234163.027466
23570,3000,234255.639351
24526,3000,234353.24317
24586,3000,234443.802279
24998,3000,234541.010676
23188,3000,234641.109857
24570,3000,234733.034604
22884,3000,234832.728572
20810,3000,234943.424285
23874,3000,235029.549317
25252,3000,235117.891058
24250,3000,235208.199149
20284,3000,235317.233311
23026,3000,235414.148229
22488,3000,235515.098371
19916,3000,235617.627264
22692,3000,235710.724718
22120,3000,235816.724194
19322,3000,235931.563021
23322,3000,236033.020385
23872,3000,236138.500301
22900,3000,236241.185698
22084,3000,236344.753808
24864,3000,236439.469335
24944,3000,236534.845556
24396,3000,236627.356
24324,3000,236725.341873
25182,3000,236822.418307
23500,3000,236920.896102
23546,3000,237022.409075
24986,3000,237120.65467
23098,3000,237210.851707
20470,3000,237327.991913
23772,3000,237421.231433
24622,3000,237524.192398
20444,3000,237637.455046
24408,3000,237731.275919
23064,3000,237826.679533
20372,3000,237941.530612
22634,3000,238034.182042
25332,3000,238118.891839
22010,3000,238209.688207
18054,3000,238323.606271
25316,3000,238415.670986
24114,3000,238494.7071
15780,3000,238616.561707
25116,3000,238696.396245
25968,3000,238779.948683
24416,3000,238854.691875
23906,3000,238948.812568
26338,3000,239034.19524
24918,3000,239122.699574
21096,3000,239231.244915
25834,3000,239315.124952
25398,3000,239400.206515
25036,3000,239472.885106
25482,3000,239556.249176
27088,3000,239640.239982
25924,3000,239731.427187
24942,3000,239813.345184
26388,3000,239901.429761
25562,3000,239996.070542
24536,3000,240088.510225
24942,3000,240181.447068
25846,3000,240263.667567
22414,3000,240370.950295
20010,3000,240602.162686
15434,3000,240732.393073
22656,3000,240827.082619
18568,3000,240944.153027
24790,3000,241031.370685
25418,3000,241119.555475
25046,3000,241203.668467
26552,3000,241276.287549
26276,3000,241358.973896
25528,3000,241440.711564
26368,3000,241517.835714
27150,3000,241603.219855
25870,3000,241683.434233
26276,3000,241769.085838
25950,3000,241850.430344
26438,3000,241934.82849
25958,3000,242028.227806
25380,3000,242106.716005
24356,3000,242193.745441
25508,3000,242277.018924
19854,3000,242386.509055
19488,3000,242502.16226
22762,3000,242602.632454
22018,3000,242705.248054
20712,3000,242805.59041
23850,3000,242898.572358
22836,3000,242983.429439
24580,3000,243070.697177
25910,3000,243158.711516
26872,3000,243242.373162
25822,3000,243323.404897
26346,3000,243411.04763
26564,3000,243500.298995
26142,3000,243590.683404
22978,3000,243692.478653
24974,3000,243779.731219
26342,3000,243867.48031
23134,3000,243961.283001
25334,3000,244050.184296
21390,3000,244163.026541
24268,3000,244261.958546
24698,3000,244354.106237
24666,3000,244439.361674
24654,3000,244530.107135
25764,3000,244615.790952
24352,3000,244707.209199
23120,3000,244798.732014
24390,3000,244896.381747
23406,3000,244994.095157
23836,3000,245078.985855
24962,3000,245167.808771
23602,3000,245266.888708
25858,3000,245367.698939
26168,3000,245461.637981
25974,3000,245549.832188
24374,3000,245640.814379
23434,3000,245745.846924
25846,3000,245831.659621
26576,3000,245910.301203
22338,3000,246012.097695
24372,3000,246103.344696
25238,3000,246187.040141
22840,3000,246279.92417
24652,3000,246353.42757
25596,3000,246444.305256
23932,3000,246548.283622
25458,3000,246648.06621
26736,3000,246819.244686
26010,3000,246895.233177
25418,3000,246969.790231
26082,3000,247055.796499
26414,3000,247139.168174
21750,3000,247238.637877
23480,3000,247332.973761
24610,3000,247433.754692
23152,3000,247525.849487
23558,3000,247611.869342
24528,3000,247703.877882
25882,3000,247796.179364
25184,3000,247895.897245
26180,3000,247979.376664
24906,3000,248062.715083
25596,3000,248149.536853
23304,3000,248245.894444
23514,3000,248338.990474
25588,3000,248425.186038
26598,3000,248515.158782
25416,3000,248592.829443
27050,3000,248682.626003
24644,3000,248768.05723
24830,3000,248853.346199
25466,3000,248952.347822
24572,3000,249034.981892
24968,3000,249125.662663
24508,3000,249217.502021
24646,3000,249318.214363
24830,3000,249414.833855
21158,3000,249521.753288
23980,3000,249611.823367
24062,3000,249694.108101
24816,3000,249785.521298
23942,3000,249881.869987
23342,3000,249979.270589
24000,3000,250082.633101
22580,3000,250179.594959
25006,3000,250265.331039
26282,3000,250350.742052
26924,3000,250435.255974
26882,3000,250526.508489
25920,3000,250617.763086
25028,3000,250708.043481
25490,3000,250786.977586
27002,3000,250875.747455
26222,3000,250959.524776
25212,3000,251044.17824
26224,3000,251139.650279
25790,3000,251228.378214
24054,3000,251326.286856
24742,3000,251424.186693
26458,3000,251503.039566
24104,3000,251599.229805
24072,3000,251705.31787
24312,3000,251800.091669
17372,3000,251921.318794
23522,3000,252013.389397
26342,3000,252101.804094
25618,3000,252181.289754
23168,3000,252266.437678
24532,3000,252349.944325
26834,3000,252437.444121
26820,3000,252531.027725
25470,3000,252607.226185
26262,3000,252690.435313
25602,3000,252775.368462
26038,3000,252953.481846
26126,3000,253030.017428
25416,3000,253113.320374
24992,3000,253200.457818
24066,3000,253284.012447
26364,3000,253370.517954
25492,3000,253458.91432
26318,3000,253550.176303
23552,3000,253649.036763
22778,3000,253744.003091
22280,3000,253854.673033
25104,3000,253943.467864
24956,3000,254037.911448
25308,3000,254123.649084
25468,3000,254206.403626
24202,3000,254289.227385
25058,3000,254376.794362
25588,3000,254466.77505
24096,3000,254553.409935
24576,3000,254651.177109
25616,3000,254741.890892
24636,3000,254838.537311
24794,3000,254928.820396
26928,3000,255017.58956
25876,3000,255104.569973
26960,3000,255189.742084
25654,3000,255277.225557
25568,3000,255360.083815
23994,3000,255457.842311
25004,3000,255550.71375
26728,3000,255640.944366
20386,3000,255749.367414
25948,3000,255839.566057
25616,3000,255923.818564
25976,3000,256009.116239
25470,3000,256083.765662
24212,3000,256179.254526
24664,3000,256258.984924
26224,3000,256349.322754
26824,3000,256441.077715
26462,3000,256539.497825
26478,3000,256619.832081
24854,3000,256698.368835
26122,3000,256789.866281
25908,3000,256880.259639
25956,3000,256968.778506
26280,3000,257058.983449
24060,3000,257154.917831
24658,3000,257235.053838
21262,3000,257345.43755
22578,3000,257463.938252
24770,3000,257570.427868
26334,3000,257662.986195
22078,3000,257772.572334
25548,3000,257867.512065
24930,3000,257955.819706
25448,3000,258037.271363
26042,3000,258130.094947
26938,3000,258219.465371
26208,3000,258308.075451
25998,3000,258396.25696
26180,3000,258483.426558
25462,3000,258563.658005
26448,3000,258656.314449
25780,3000,258739.424463
26042,3000,258825.537719
26384,3000,259017.337461
26776,3000,259103.109968
24226,3000,259196.800833
21254,3000,259298.882189
23118,3000,259397.987356
23566,3000,259492.997904
25822,3000,259589.981869
25544,3000,259680.028945
25232,3000,259764.69041
25664,3000,259847.977692
25036,3000,259947.279608
25724,3000,260034.789608
25246,3000,260125.753066
26102,3000,260209.505117
26530,3000,260299.210134
26130,3000,260376.353189
24104,3000,260463.387112
26080,3000,260546.929493
26552,3000,260628.005228
24396,3000,260720.163215
22696,3000,260816.164965
25438,3000,260908.448912
17444,3000,261049.459095
26062,3000,261131.726134
24508,3000,261226.087365
27256,3000,261311.766423
25856,3000,261413.799389
26330,3000,261502.281269
26026,3000,261579.292376
24244,3000,261673.557685
25730,3000,261758.406133
25994,3000,261839.555625
25544,3000,261927.805116
25868,3000,262003.296068
25988,3000,262088.458423
27250,3000,262172.207642
25638,3000,262261.180132
25414,3000,262343.995653
26482,3000,262431.470137
23342,3000,262527.581539
21252,3000,262630.415191
23472,3000,262719.975238
25482,3000,262807.8355
26084,3000,262895.096835
26126,3000,262989.518985
24834,3000,263070.679501
25318,3000,263154.083558
25576,3000,263251.729372
25810,3000,263342.697237
25544,3000,263427.082155
26204,3000,263511.913109
27054,3000,263599.110412
26766,3000,263683.724645
25876,3000,263758.352901
26172,3000,263842.321485
25900,3000,263926.499083
26500,3000,264014.039364
26126,3000,264096.964499
24538,3000,264189.392206
21298,3000,264304.754719
25512,3000,264400.136105
21938,3000,264506.271715
26156,3000,264599.813237
24902,3000,264692.666431
25236,3000,264778.405411
27154,3000,264869.337116
25446,3000,264947.782484
24898,3000,265115.473178
26000,3000,265204.559205
27472,3000,265296.446169
24484,3000,265392.004723
25840,3000,265483.851052
26314,3000,265571.253817
25930,3000,265660.799999
26410,3000,265749.463381
26880,3000,265839.943959
26660,3000,265936.013796
26678,3000,266023.929851
20378,3000,266141.178466
24918,3000,266232.473037
21792,3000,266339.863823
25750,3000,266428.002604
24974,3000,266519.920925
25810,3000,266606.764895
25608,3000,266700.948019
25754,3000,266786.80553
25358,3000,266878.047084
24732,3000,266966.277186
24762,3000,267054.014911
24834,3000,267140.664303
25980,3000,267226.785072
25770,3000,267319.93896
26430,3000,267402.661327
26630,3000,267485.277587
27034,3000,267572.229024
26756,3000,267661.799602
24220,3000,267756.923092
23552,3000,267848.443027
23566,3000,267948.067052
25342,3000,268032.663883
24542,3000,268125.32529
25532,3000,268221.512733
21920,3000,268322.074525
25582,3000,268412.270514
23022,3000,268514.448798
24852,3000,268600.95939
26626,3000,268698.757016
24698,3000,268791.81217
25522,3000,268879.072961
26346,3000,268962.156584
26726,3000,269045.752803
26872,3000,269129.367891
26106,3000,269209.560267
25564,3000,269290.134681
27076,3000,269380.490425
26812,3000,269467.617621
26026,3000,269536.242566
21654,3000,269630.425987
24382,3000,269733.075397
21898,3000,269836.854172
23672,3000,269932.513562
24912,3000,270019.286123
26690,3000,270093.892224
26486,3000,270172.722815
24060,3000,270261.729848
24634,3000,270345.583555
26312,3000,270425.32464
23782,3000,270527.844909
25826,3000,270600.677007
25896,3000,270678.497648
26308,3000,270762.492491
27136,3000,270846.753753
26384,3000,270928.315163
26420,3000,271011.144913
25448,3000,271195.182989
25770,3000,271282.690026
21310,3000,271382.146045
24260,3000,271469.490567
24464,3000,271567.910349
24532,3000,271661.888015
26322,3000,271751.905141
25996,3000,271831.380809
25916,3000,271913.990495
26530,3000,271992.489321
25668,3000,272086.84718
26520,3000,272184.104438
26826,3000,272267.005568
26886,3000,272344.511213
26138,3000,272429.058049
26536,3000,272512.539026
25798,3000,272594.775265
27076,3000,272686.155972
25676,3000,272772.178621
24170,3000,272875.570153
26826,3000,272966.560616
26070,3000,273059.548916
23976,3000,273146.904859
25178,3000,273233.738359
19796,3000,273345.010284
24504,3000,273447.369299
25458,3000,273532.530841
25374,3000,273618.341598
25482,3000,273697.499821
26318,3000,273790.739991
21434,3000,273900.589381
27208,3000,273984.939344
25764,3000,274072.844437
26426,3000,274165.187345
25762,3000,274247.839617
27608,3000,274337.799731
27034,3000,274419.284029
24778,3000,274507.906763
25554,3000,274586.604115
25706,3000,274671.044638
24920,3000,274767.281542
26212,3000,274851.218702
25954,3000,274944.578707
25728,3000,275029.956013
24774,3000,275124.623577
22978,3000,275237.7214
22790,3000,275338.692145
20362,3000,275456.028504
23712,3000,275553.604391
26274,3000,275639.006619
24754,3000,275725.426487
27184,3000,275798.056182
26948,3000,275880.012841
26758,3000,275973.460236
25318,3000,276057.361157
25834,3000,276149.26586
25626,3000,276226.420496
23972,3000,276321.381468
26432,3000,276408.168033
26644,3000,276483.570432
25760,3000,276564.506142
25030,3000,276646.870806
26492,3000,276725.763062
25800,3000,276809.176763
26042,3000,276896.692409
25340,3000,276986.031231
24404,3000,277191.443584
21996,3000,277287.475358
23210,3000,277384.477353
24156,3000,277480.952209
25418,3000,277587.019229
26266,3000,277676.39428
21394,3000,277786.255065
26436,3000,277879.777159
26374,3000,277964.882111
26172,3000,278050.338648
26706,3000,278134.355329
26576,3000,278217.313546
25910,3000,278298.256761
25092,3000,278390.696487
24868,3000,278473.451936
25788,3000,278557.04206
26034,3000,278642.406035
25162,3000,278732.73342
25798,3000,278824.178259
26208,3000,278906.524582
25602,3000,278992.723837
26332,3000,279073.624985
25412,3000,279170.047375
26516,3000,279258.256387
25834,3000,279334.73321
22920,3000,279429.517072
20556,3000,279544.72569
23562,3000,279631.547019
25546,3000,279721.674432
24452,3000,279817.037662
26160,3000,279906.47004
26802,3000,279994.758709
26382,3000,280084.703865
26870,3000,280169.696025
26616,3000,280262.044474
25648,3000,280344.344018
27328,3000,280417.616756
26872,3000,280489.992611
25846,3000,280564.816715
27084,3000,280644.676023
27562,3000,280730.850354
28096,3000,280808.083489
27440,3000,280887.045272
26650,3000,280976.998006
23592,3000,281061.378301
22496,3000,281157.782418
26016,3000,281240.559943
24880,3000,281331.975612
25938,3000,281408.666155
26556,3000,281487.389681
25274,3000,281572.012041
23802,3000,281655.084401
22596,3000,281749.987879
25344,3000,281842.646831
24748,3000,281930.096543
25472,3000,282017.771699
25900,3000,282105.104282
26248,3000,282183.160861
25838,3000,282268.227961
26144,3000,282351.88293
25834,3000,282433.90252
26610,3000,282520.79173
24134,3000,282605.032026
27102,3000,282696.46487
26114,3000,282793.445778
24892,3000,282888.79005
24156,3000,282983.99616
25640,3000,283176.134331
25518,3000,283258.696609
25502,3000,283339.733385
26452,3000,283417.84827
27190,3000,283496.065159
26740,3000,283579.348403
25558,3000,283661.919961
25562,3000,283753.409893
24982,3000,283860.477185
23908,3000,283954.020458
26340,3000,284031.369402
26780,3000,284108.082385
26154,3000,284198.517694
27326,3000,284272.425167
26822,3000,284351.456802
28034,3000,284435.591448
26344,3000,284519.93814
25882,3000,284599.97358
27932,3000,284690.539781
26476,3000,284767.846448
25802,3000,284847.502259
27362,3000,284932.26908
27318,3000,285012.328882
27134,3000,285091.614781
26480,3000,285170.665526
25386,3000,285254.989163
25102,3000,285349.358468
25318,3000,285437.171314
23344,3000,285544.082326
26216,3000,285632.158924
25888,3000,285703.37914
25176,3000,285795.992603
23334,3000,285888.007468
24738,3000,285972.334327
24502,3000,286053.459615
22896,3000,286154.405354
25726,3000,286236.445998
26270,3000,286319.092222
27054,3000,286399.709027
27048,3000,286488.352912
26262,3000,286571.854023
27136,3000,286654.135129
26232,3000,286733.37533
24082,3000,286820.214337
25890,3000,286904.399001
26552,3000,286999.506705
25952,3000,287086.438007
25876,3000,287176.405996
26884,3000,287261.984809
26950,3000,287347.906869
25240,3000,287434.185061
25708,3000,287517.932693
26232,3000,287602.549807
24102,3000,287698.080984
26096,3000,287782.025
26328,3000,287867.408552
24666,3000,287962.098329
24404,3000,288045.955764
24270,3000,288142.912915
25438,3000,288229.999439
25204,3000,288322.820464
24718,3000,288416.955262
25218,3000,288505.494771
26508,3000,288598.163184
26210,3000,288671.708548
27564,3000,288750.190054
27030,3000,288833.044842
23496,3000,289038.136879
25330,3000,289131.918828
25962,3000,289216.160135
26820,3000,289291.095065
24550,3000,289377.731966
25190,3000,289455.230215
26934,3000,289530.465896
24220,3000,289620.24938
25786,3000,289693.821301
27582,3000,289780.378867
25818,3000,289864.670266
26358,3000,289946.55064
24158,3000,290048.142135
24448,3000,290136.29811
22274,3000,290229.755104
25320,3000,290320.415262
26658,3000,290400.052642
25666,3000,290483.697503
25062,3000,290566.419991
25510,3000,290651.78478
25510,3000,290733.14238
24046,3000,290840.185739
25270,3000,290925.896009
25168,3000,291003.790982
25498,3000,291087.474644
25450,3000,291172.839868
26290,3000,291269.573269
26392,3000,291339.779806
23972,3000,291420.627367
27354,3000,291493.741801
26970,3000,291568.038599
27684,3000,291643.640111
27522,3000,291715.574117
26336,3000,291797.491614
27560,3000,291880.585481
26488,3000,291961.554544
23566,3000,292052.792309
22032,3000,292166.494223
22994,3000,292259.791806
22412,3000,292369.025052
20838,3000,292482.986405
23302,3000,292581.861465
27080,3000,292664.46962
26602,3000,292744.018311
27376,3000,292811.31983
27326,3000,292892.312927
28728,3000,292966.515412
26202,3000,293035.720575
26234,3000,293126.257256
26000,3000,293214.295486
26210,3000,293297.343853
25872,3000,293379.143692
27944,3000,293467.32756
27174,3000,293542.901155
27562,3000,293625.12798
26222,3000,293721.498235
27104,3000,293813.248662
25796,3000,293894.171406
16306,3000,294028.047448
22004,3000,294123.966423
18760,3000,294241.701086
24994,3000,294323.765992
25728,3000,294403.83323
26906,3000,294475.269228
26094,3000,294554.882273
25598,3000,294634.230738
26322,3000,294832.977855
24440,3000,294918.854856
25438,3000,295010.771329
26606,3000,295096.587265
27290,3000,295177.270604
27434,3000,295257.175919
26026,3000,295341.163307
27004,3000,295414.360185
26894,3000,295489.036608
26854,3000,295564.721558
26180,3000,295645.390353
26852,3000,295738.350649
24564,3000,295826.076527
13766,3000,295966.378335
19618,3000,296088.269724
26062,3000,296163.262251
24954,3000,296253.793892
27114,3000,296324.088718
26550,3000,296399.434951
25808,3000,296484.952845
25564,3000,296566.062686
26730,3000,296655.713026
26178,3000,296740.125197
26696,3000,296828.639883
26700,3000,296918.928623
28166,3000,296993.983347
27098,3000,297069.252954
25956,3000,297159.754988
26242,3000,297237.004447
26716,3000,297323.773017
22944,3000,297427.422093
22574,3000,297539.80578
25304,3000,297638.157739
25652,3000,297712.845199
26048,3000,297790.971903
22642,3000,297898.340008
25108,3000,297980.124516
23654,3000,298065.981051
27372,3000,298142.610651
26714,3000,298222.978792
25096,3000,298310.064355
27098,3000,298384.500175
25666,3000,298463.306012
27136,3000,298553.529051
27186,3000,298632.319237
26614,3000,298713.7113
26704,3000,298789.065583
27272,3000,298869.784912
25818,3000,298950.656233
23236,3000,299041.656551
24222,3000,299124.654413
24056,3000,299212.76541
26230,3000,299294.299187
25942,3000,299369.466755
25612,3000,299465.084543
25184,3000,299539.543308
24630,3000,299632.318132
26030,3000,299711.039293
26412,3000,299799.518111
25588,3000,299888.892536
25100,3000,299969.954377
25070,3000,300054.221302
26220,3000,300141.795393
27258,3000,300231.289929
25394,3000,300323.397165
25790,3000,300409.067597
25498,3000,300501.219751
23810,3000,300701.692286
24556,3000,300791.225658
24724,3000,300894.895864
22482,3000,301011.128534
24564,3000,301102.281467
25164,3000,301196.95057
25786,3000,301288.170582
25610,3000,301370.117832
26848,3000,301466.67171
26024,3000,301556.425447
24748,3000,301643.884161
24894,3000,301723.925441
25876,3000,301810.715162
24678,3000,301903.940627
26158,3000,301991.104589
23854,3000,302092.003553
26256,3000,302167.44793
25788,3000,302244.014596
24864,3000,302332.832336
26212,3000,302424.008721
26038,3000,302500.329133
22356,3000,302610.793848
21918,3000,302720.187387
22908,3000,302821.466448
26848,3000,302908.037437
24230,3000,303000.836339
25054,3000,303081.792742
24032,3000,303172.207668
24208,3000,303260.327851
24586,3000,303359.511198
22974,3000,303451.227833
24128,3000,303548.228341
24020,3000,303642.302273
24704,3000,303726.75414
24874,3000,303817.668711
24776,3000,303906.27723
24898,3000,303996.224509
24564,3000,304082.149077
25620,3000,304179.397833
24846,3000,304272.348182
22840,3000,304365.968179
23514,3000,304460.988695
23498,3000,304562.64927
23836,3000,304653.380047
24542,3000,304746.089484
24184,3000,304841.583132
24570,3000,304941.802839
24374,3000,305037.674258
25032,3000,305134.69216
25686,3000,305228.698985
23812,3000,305321.370749
23684,3000,305415.517829
23912,3000,305505.601681
22928,3000,305592.535415
24332,3000,305684.813734
24374,3000,305784.929909
23508,3000,305883.786268
23394,3000,305973.45846
24570,3000,306068.148465
23478,3000,306161.437462
23734,3000,306257.977761
24536,3000,306347.344584
24800,3000,306436.123446
24544,3000,306522.682287
24182,3000,306613.184827
24974,3000,306711.459832
24294,3000,306801.677258
24222,3000,306995.775621
24058,3000,307094.682104
23934,3000,307186.523873
24952,3000,307286.70775
24818,3000,307385.379522
22830,3000,307476.261888
24154,3000,307577.021991
24106,3000,307675.688166
24392,3000,307772.143444
24418,3000,307865.156557
24250,3000,307956.060795
23996,3000,308048.997173
25262,3000,308147.786448
24120,3000,308244.494876
24132,3000,308334.465235
24454,3000,308422.225742
26738,3000,308504.270214
26700,3000,308578.695502
26078,3000,308649.355974
25488,3000,308730.366199
26416,3000,308819.25547
26754,3000,308904.82639
23516,3000,308989.896906
25234,3000,309079.398561
25876,3000,309160.177906
24442,3000,309256.922902
25938,3000,309346.292342
26122,3000,309420.464295
25646,3000,309505.367462
25890,3000,309590.907899
25838,3000,309676.423001
26236,3000,309760.752486
26246,3000,309835.567436
26466,3000,309922.668361
26610,3000,310007.561862
26252,3000,310089.877986
26020,3000,310179.766357
25624,3000,310259.204267
25880,3000,310332.945957
26006,3000,310423.930959
24472,3000,310510.207317
26668,3000,310598.148387
26628,3000,310675.881148
26240,3000,310756.767527
26882,3000,310844.722862
26924,3000,310931.389792
26464,3000,311018.927811
26474,3000,311097.727244
26974,3000,311176.541501
27224,3000,311255.710625
26176,3000,311345.960341
27660,3000,311426.428684
27356,3000,311504.131362
26488,3000,311587.926697
25888,3000,311674.80261
27440,3000,311752.066942
26116,3000,311839.617112
26320,3000,311925.736487
27122,3000,312010.022327
26858,3000,312105.086088
25948,3000,312186.607391
26388,3000,312255.462486
25566,3000,312330.539323
28094,3000,312405.117942
27848,3000,312487.586281
27488,3000,312573.39092
26858,3000,312744.960178
26418,3000,312830.800782
26102,3000,312914.870148
27228,3000,312994.926198
27138,3000,313071.516609
26814,3000,313151.724409
26700,3000,313231.281276
26964,3000,313303.393386
25738,3000,313394.346441
27898,3000,313472.739162
27720,3000,313548.747009
27944,3000,313632.848479
26068,3000,313709.293194
26762,3000,313789.601951
26700,3000,313867.184
27396,3000,313945.083135
27122,3000,314021.275983
26802,3000,314106.056832
27148,3000,314183.374732
26948,3000,314269.839906
26826,3000,314344.13561
27292,3000,314421.310764
26470,3000,314507.063739
25982,3000,314585.977573
27286,3000,314661.803978
26350,3000,314737.281672
25866,3000,314802.770051
26424,3000,314886.179024
27920,3000,314962.505478
26986,3000,315043.192876
26208,3000,315120.023457
26222,3000,315196.766463
25890,3000,315289.298322
26184,3000,315369.78828
26398,3000,315448.192799
27484,3000,315525.153085
28520,3000,315600.151501
27590,3000,315679.511578
27332,3000,315761.562864
27964,3000,315833.203039
28330,3000,315909.489639
26056,3000,315988.616395
27888,3000,316070.595974
27464,3000,316150.235994
26086,3000,316227.196521
26154,3000,316310.176379
27842,3000,316388.643379
27526,3000,316460.661182
26850,3000,316533.090164
27296,3000,316605.443685
27810,3000,316680.952497
26218,3000,316761.569789
27616,3000,316854.356634
27164,3000,316924.586223
26496,3000,317004.591353
25900,3000,317096.264096
27796,3000,317182.186343
27592,3000,317265.037177
27248,3000,317341.826821
27138,3000,317412.110775
28044,3000,317484.340572
27838,3000,317556.899176
26278,3000,317632.970001
27230,3000,317705.304391
26726,3000,317774.321127
27888,3000,317848.496304
26846,3000,317924.41237
25822,3000,318093.766917
27116,3000,318172.353268
27230,3000,318248.540859
27796,3000,318333.703332
25730,3000,318415.780115
27242,3000,318502.397255
26872,3000,318589.858741
26960,3000,318671.22415
27892,3000,318745.529916
27272,3000,318837.288746
25576,3000,318916.15112
26628,3000,318996.500311
26346,3000,319078.048114
25906,3000,319179.89347
26074,3000,319263.495226
23734,3000,319360.033128
26730,3000,319447.394601
24178,3000,319547.453351
27672,3000,319624.903141
26354,3000,319714.470819
25012,3000,319813.183006
25436,3000,319901.794633
26796,3000,319981.78358
25788,3000,320061.046524
26362,3000,320147.444904
27688,3000,320227.702648
26734,3000,320298.030421
27344,3000,320376.36985
28342,3000,320457.73176
27422,3000,320534.261115
27688,3000,320612.128728
27728,3000,320686.448131
27724,3000,320770.758667
25516,3000,320853.253352
27324,3000,320937.221222
26638,3000,321017.409628
27768,3000,321093.847733
27634,3000,321175.243492
27216,3000,321254.461914
26500,3000,321334.882872
27316,3000,321423.003898
27338,3000,321492.624639
26592,3000,321570.264576
27322,3000,321642.36705
27714,3000,321720.810977
26120,3000,321801.549181
26346,3000,321888.92436
27552,3000,321986.637733
27284,3000,322067.45577
27018,3000,322153.442789
27864,3000,322233.376666
27422,3000,322315.154421
26764,3000,322392.480212
26326,3000,322465.586136
27812,3000,322544.625702
26698,3000,322624.940389
27550,3000,322706.286907
27674,3000,322781.341468
28488,3000,322852.716029
27064,3000,322933.311542
28036,3000,323010.317553
27630,3000,323088.947305
26620,3000,323162.349208
28082,3000,323234.090952
27928,3000,323313.841476
27420,3000,323395.247623
26594,3000,323484.669217
27978,3000,323678.919133
26866,3000,323751.719988
27192,3000,323836.520106
24712,3000,323918.529521
27298,3000,323993.542267
27310,3000,324074.542586
28080,3000,324151.849376
27642,3000,324222.539042
28080,3000,324295.128201
28002,3000,324369.809139
28016,3000,324442.959175
27976,3000,324520.729223
28402,3000,324587.443288
27660,3000,324658.455641
27128,3000,324730.856629
27790,3000,324805.206021
27168,3000,324877.094262
28178,3000,324946.755579
27688,3000,325024.18537
27638,3000,325107.412894
27512,3000,325187.186385
26620,3000,325257.254626
27384,3000,325340.077888
27636,3000,325420.947277
27290,3000,325500.014918
27460,3000,325585.49624
27750,3000,325665.98765
27172,3000,325747.222259
27044,3000,325834.418376
26902,3000,325926.58929
28160,3000,326003.997605
26978,3000,326082.265471
27094,3000,326163.796885
26318,3000,326249.684053
25528,3000,326334.894671
25876,3000,326419.748284
27550,3000,326505.998298
26296,3000,326588.607738
25038,3000,326682.192631
27302,3000,326764.221293
26112,3000,326853.793736
24840,3000,326945.351913
26894,3000,327029.453289
26242,3000,327114.503824
27504,3000,327194.014222
27090,3000,327273.489542
27062,3000,327353.541205
27504,3000,327432.664551
27604,3000,327519.527442
27402,3000,327598.556967
27520,3000,327673.682513
27752,3000,327747.547526
27590,3000,327821.794612
28548,3000,327892.24879
28032,3000,327970.424295
27396,3000,328040.882687
27024,3000,328127.97859
27852,3000,328194.388181
26128,3000,328278.159937
26644,3000,328357.786908
27124,3000,328431.541949
26914,3000,328507.215484
26870,3000,328584.597746
25854,3000,328664.397373
27572,3000,328750.775043
26408,3000,328834.494703
27564,3000,329009.063951
27036,3000,329091.274119
26538,3000,329173.718557
26638,3000,329264.970706
25472,3000,329350.231891
24804,3000,329430.829274
27202,3000,329514.477239
26280,3000,329588.511023
27430,3000,329665.707186
27348,3000,329740.624602
28310,3000,329822.545446
27846,3000,329898.49169
26990,3000,329979.780798
27062,3000,330048.063752
27750,3000,330119.490937
28252,3000,330201.163986
27174,3000,330276.350164
27970,3000,330355.447612
28246,3000,330431.89032
27436,3000,330504.4747
26920,3000,330582.833519
28010,3000,330658.948318
27708,3000,330729.502156
26900,3000,330822.92276
27906,3000,330899.465523
28076,3000,330973.659786
27234,3000,331053.10513
25984,3000,331127.66709
27838,3000,331209.342118
27036,3000,331283.641715
27528,3000,331365.839948
27418,3000,331444.340136
26564,3000,331517.470151
27950,3000,331599.768506
26500,3000,331683.35639
26768,3000,331774.491617
27762,3000,331857.404457
27154,3000,331933.606987
27118,3000,332014.01549
27104,3000,332107.820862
28302,3000,332189.618327
27796,3000,332263.533842
28518,3000,332337.886227
27184,3000,332409.487257
28080,3000,332487.863177
27270,3000,332562.599894
27022,3000,332654.391251
26992,3000,332739.648101
26946,3000,332814.540432
28220,3000,332903.805418
26632,3000,332986.297396
27866,3000,333074.153744
27766,3000,333150.813883
27650,3000,333232.602365
26704,3000,333299.307074
28202,3000,333382.402634
27950,3000,333453.624442
26924,3000,333535.363864
27676,3000,333621.833524
27450,3000,333711.084802
27300,3000,333800.245109
28104,3000,333876.727792
27314,3000,333955.982545
26430,3000,334042.354933
27386,3000,334115.17699
28048,3000,334194.600968
28532,3000,334268.866233
27290,3000,334451.075687
26812,3000,334530.477257
27554,3000,334612.283995
27386,3000,334690.063018
27958,3000,334765.120341
26826,3000,334856.614448
27752,3000,334938.229536
27636,3000,335013.436751
27578,3000,335091.717835
27226,3000,335168.148375
27066,3000,335254.813485
26398,3000,335336.373253
27350,3000,335417.885921
27270,3000,335506.397426
28030,3000,335587.023243
27990,3000,335667.194805
27682,3000,335740.996742
27894,3000,335821.977386
27156,3000,335906.41272
26508,3000,335994.438826
27526,3000,336089.747098
27084,3000,336173.959928
27756,3000,336254.119005
26766,3000,336352.047971
27716,3000,336433.859315
26364,3000,336519.535292
25938,3000,336601.612113
27818,3000,336684.366216
28308,3000,336761.51471
27960,3000,336841.284077
27344,3000,336923.093221
25710,3000,337012.842473
28252,3000,337086.41931
27724,3000,337161.165467
27058,3000,337243.952953
26692,3000,337329.778405
27964,3000,337413.612292
27066,3000,337495.958834
26488,3000,337577.205461
26322,3000,337652.626204
26190,3000,337735.227835
27026,3000,337816.851277
27516,3000,337894.976087
26304,3000,337979.557319
27474,3000,338056.088344
27404,3000,338136.557775
27252,3000,338221.090176
27864,3000,338296.512691
27840,3000,338380.582511
27732,3000,338452.378654
26982,3000,338525.449301
27992,3000,338603.258062
28014,3000,338681.504037
27532,3000,338759.266178
28370,3000,338834.452841
28242,3000,338906.46439
26672,3000,338990.220253
27166,3000,339073.828344
27434,3000,339157.040388
26562,3000,339249.632375
27366,3000,339327.513592
27810,3000,339405.216867
26316,3000,339493.580758
26336,3000,339577.658442
27644,3000,339656.045432
26884,3000,339734.000622
27308,3000,339817.922454
26616,3000,340003.338783
27012,3000,340081.171595
27584,3000,340153.498614
27526,3000,340231.39131
27686,3000,340309.625861
27448,3000,340391.913306
27204,3000,340475.558693
27262,3000,340559.623436
28098,3000,340644.790323
28422,3000,340716.673825
27638,3000,340792.900856
27484,3000,340871.642366
27130,3000,340950.435045
27428,3000,341029.120919
27392,3000,341107.287061
26126,3000,341190.205862
27398,3000,341280.194156
26766,3000,341361.210293
26832,3000,341439.245222
27648,3000,341507.464278
27204,3000,341589.328875
27658,3000,341660.264232
27442,3000,341743.979466
26422,3000,341827.492115
27368,3000,341904.391287
27776,3000,341984.149497
26508,3000,342073.036643
25920,3000,342158.504569
25716,3000,342243.804452
26604,3000,342330.357676
27356,3000,342417.709452
27062,3000,342501.735839
26274,3000,342580.710488
28028,3000,342656.258795
27572,3000,342739.375294
28162,3000,342825.522762
27512,3000,342899.143356
27760,3000,342985.116565
27412,3000,343066.892652
27454,3000,343144.560372
28330,3000,343228.745441
27660,3000,343309.591242
27932,3000,343385.202649
28254,3000,343466.729278
27850,3000,343545.815441
27600,3000,343623.581589
25858,3000,343707.423643
26054,3000,343793.39446
27900,3000,343874.974482
27832,3000,343960.183729
27684,3000,344041.542668
28108,3000,344115.908171
27996,3000,344200.67186
27818,3000,344276.306757
26944,3000,344352.724502
27876,3000,344440.814847
27414,3000,344534.930873
27688,3000,344611.718118
26218,3000,344693.510151
27180,3000,344778.368341
27000,3000,344865.714512
27116,3000,344944.770931
27572,3000,345028.893641
26344,3000,345112.821429
26524,3000,345196.635667
27814,3000,345283.004902
26812,3000,345453.324943
27380,3000,345522.604454
27422,3000,345614.631554
26958,3000,345696.31603
27812,3000,345765.123375
28126,3000,345842.868647
28382,3000,345929.389874
28110,3000,346006.729999
27556,3000,346082.986876
26972,3000,346168.729902
26546,3000,346258.651071
28016,3000,346336.898061
28000,3000,346411.648861
26466,3000,346499.936265
27106,3000,346587.070637
26784,3000,346662.213436
27898,3000,346740.141617
27950,3000,346816.493994
27772,3000,346897.59858
27198,3000,346978.264906
25932,3000,347055.553357
27520,3000,347131.567852
27382,3000,347225.990922
27986,3000,347309.323598
28006,3000,347385.967254
27054,3000,347467.416702
27632,3000,347540.307411
27730,3000,347621.008352
27104,3000,347708.075428
27332,3000,347786.253067
27456,3000,347868.160434
27266,3000,347943.848521
27404,3000,348025.667722
28114,3000,348098.20326
27486,3000,348185.946005
27314,3000,348268.38605
26956,3000,348350.332354
28126,3000,348427.379575
28088,3000,348509.786863
26158,3000,348603.417397
27104,3000,348683.663883
27696,3000,348762.407515
26930,3000,348840.34847
27358,3000,348923.414287
27650,3000,349007.537916
27608,3000,349089.339375
28102,3000,349170.408726
27040,3000,349242.794954
27982,3000,349321.389551
27070,3000,349396.066839
27250,3000,349476.2031
27528,3000,349561.39957
26768,3000,349648.531594
25692,3000,349738.825652
27986,3000,349813.659915
27006,3000,349893.792227
27714,3000,349974.389874
26078,3000,350059.338458
26592,3000,350137.012216
27118,3000,350221.658714
25690,3000,350311.71118
28134,3000,350402.203584
26132,3000,350488.227609
27236,3000,350577.111839
28052,3000,350660.755313
27588,3000,350739.411613
27342,3000,350816.899969
27616,3000,350983.168108
27714,3000,351060.929543
26992,3000,351136.680312
27806,3000,351222.380342
27580,3000,351306.031279
27892,3000,351396.896819
27522,3000,351477.582917
27556,3000,351562.027499
27598,3000,351638.113621
27882,3000,351708.693433
27698,3000,351788.887244
26598,3000,351883.421331
26444,3000,351967.345134
27380,3000,352055.632773
26582,3000,352135.142815
28234,3000,352217.981778
26338,3000,352303.387739
26412,3000,352386.236742
26968,3000,352463.397055
28072,3000,352538.265953
27042,3000,352618.705537
26786,3000,352702.802979
27010,3000,352785.326278
27228,3000,352863.740817
27422,3000,352946.994112
26370,3000,353025.904804
26496,3000,353108.205712
26886,3000,353187.361931
28690,3000,353266.717006
28182,3000,353347.337048
28060,3000,353427.516681
27564,3000,353506.558335
27428,3000,353590.869569
26890,3000,353677.880225
27370,3000,353757.988128
26976,3000,353838.616502
28126,3000,353919.766567
28222,3000,353997.962777
27036,3000,354082.558461
28168,3000,354164.279395
25970,3000,354251.413474
27534,3000,354327.353223
28336,3000,354406.678552
26930,3000,354484.180589
26570,3000,354565.351907
26506,3000,354657.759256
26070,3000,354741.537061
27768,3000,354825.831381
26922,3000,354905.571779
27936,3000,354980.059518
28658,3000,355064.618958
27700,3000,355142.160479
27160,3000,355220.542211
27568,3000,355296.562005
26972,3000,355380.224347
27288,3000,355460.85381
27216,3000,355540.454416
27910,3000,355624.023083
27028,3000,355707.983424
27834,3000,355789.611294
27928,3000,355866.269963
26574,3000,355955.18868
27222,3000,356036.34477
27848,3000,356117.27608
28128,3000,356199.882992
27126,3000,356272.724656
28284,3000,356354.443961
27628,3000,356512.224408
27852,3000,356580.582334
26980,3000,356664.967431
27432,3000,356736.420822
26726,3000,356810.091557
28052,3000,356884.604905
28298,3000,356976.163623
27750,3000,357059.615793
27410,3000,357125.390074
27426,3000,357217.512834
26364,3000,357297.560322
26146,3000,357383.433718
27802,3000,357469.949886
27062,3000,357543.599394
24568,3000,357626.980026
28006,3000,357708.829549
27068,3000,357791.901546
27330,3000,357873.572064
27158,3000,357960.939054
27504,3000,358038.052878
28400,3000,358117.549344
27386,3000,358198.412107
27306,3000,358272.376983
27862,3000,358348.401374
27598,3000,358422.374596
27936,3000,358499.52946
28130,3000,358579.580631
27208,3000,358660.995837
26696,3000,358730.47749
27616,3000,358808.660739
27796,3000,358893.398247
26606,3000,358977.886899
28010,3000,359063.919525
27590,3000,359141.48735
28010,3000,359221.687808
27108,3000,359295.350864
26270,3000,359360.470426
27074,3000,359446.865171
27180,3000,359529.77364
26972,3000,359602.358137
27650,3000,359675.770722
27294,3000,359747.052927
27868,3000,359828.379559
28368,3000,359911.632893
28080,3000,359989.102427
27342,3000,360067.318592
27998,3000,360146.135266
27904,3000,360230.593627
27080,3000,360304.005551
28292,3000,360381.650861
27228,3000,360464.578423
27284,3000,360551.357867
27732,3000,360628.482782
26402,3000,360705.856924
26824,3000,360780.312844
27412,3000,360860.529632
27678,3000,360940.600228
26284,3000,361029.849544
27746,3000,361110.120317
26870,3000,361189.79699
26694,3000,361263.276351
27012,3000,361340.040559
27662,3000,361422.035655
28044,3000,361497.724697
27176,3000,361581.037589
28130,3000,361650.396495
26990,3000,361804.34289
27832,3000,361881.745955
26580,3000,361959.118805
28042,3000,362035.567875
27324,3000,362125.086538
26880,3000,362208.49278
28120,3000,362297.823236
27366,3000,362375.309971
26876,3000,362458.700312
28102,3000,362539.036122
27344,3000,362616.998972
27492,3000,362688.794672
26878,3000,362774.386284
27254,3000,362860.324068
27770,3000,362929.172981
27522,3000,363009.962122
27484,3000,363089.206481
28162,3000,363161.513126
27102,3000,363229.231241
27932,3000,363308.041552
27756,3000,363391.208479
27768,3000,363464.782824
28122,3000,363538.346155
26992,3000,363625.963686
26648,3000,363700.882286
27890,3000,363774.873659
27940,3000,363867.480454
28018,3000,363945.599082
27494,3000,364034.630236
27224,3000,364107.567016
27864,3000,364189.396708
27438,3000,364270.334171
27770,3000,364346.078611
26838,3000,364419.851125
27184,3000,364502.321633
27504,3000,364574.486515
28368,3000,364658.745012
27272,3000,364729.52875
28304,3000,364810.099758
27880,3000,364890.371177
27782,3000,364970.262986
26768,3000,365047.587657
27110,3000,365124.985944
27324,3000,365206.603927
27486,3000,365288.837409
27278,3000,365371.391901
27322,3000,365451.560452
27410,3000,365531.932918
26368,3000,365611.902301
27624,3000,365688.760825
27560,3000,365769.09275
26862,3000,365848.028835
28246,3000,365925.411257
27704,3000,366007.129025
27048,3000,366087.616601
27432,3000,366168.256735
26902,3000,366243.765656
27796,3000,366324.734182
27886,3000,366413.622019
27218,3000,366498.935474
27986,3000,366575.164629
27032,3000,366650.362119
28406,3000,366730.818308
27498,3000,366805.896692
28018,3000,366901.312195
27108,3000,366980.755181
27726,3000,367058.592047
27000,3000,367232.726442
27682,3000,367315.149111
27942,3000,367395.635317
27800,3000,367470.026396
28146,3000,367547.249949
27828,3000,367631.04581
27118,3000,367701.558205
28514,3000,367781.62969
27270,3000,367865.864997
27612,3000,367950.807268
27336,3000,368038.143597
26818,3000,368112.189681
28078,3000,368195.104515
26594,3000,368267.90193
28428,3000,368356.813018
28284,3000,368439.685579
27862,3000,368526.491179
27522,3000,368612.257659
27838,3000,368695.549522
27714,3000,368773.951616
26966,3000,368860.916029
26608,3000,368949.232257
27474,3000,369024.601033
27470,3000,369101.134753
27622,3000,369184.224423
28108,3000,369263.676832
27984,3000,369341.883952
26732,3000,369422.700089
27056,3000,369499.848052
27598,3000,369580.80242
27400,3000,369670.691596
28338,3000,369755.876653
27898,3000,369845.996886
27418,3000,369928.806527
27312,3000,370007.420744
28042,3000,370082.939556
27470,3000,370160.227913
26896,3000,370239.517304
28318,3000,370317.807021
28188,3000,370389.632862
28180,3000,370461.847039
28230,3000,370540.941952
27458,3000,370625.120568
27592,3000,370699.068925
28296,3000,370783.519154
28502,3000,370864.936868
26756,3000,370940.749006
27472,3000,371017.901528
27282,3000,371099.389728
27276,3000,371187.640312
27234,3000,371271.894411
27994,3000,371345.200297
27052,3000,371420.340986
27756,3000,371491.302235
27700,3000,371566.441915
26822,3000,371654.962471
26928,3000,371738.153563
28194,3000,371822.494615
28332,3000,371898.813694
27518,3000,371982.196793
28184,3000,372064.908639
27388,3000,372141.359841
27320,3000,372218.294211
26784,3000,372297.477373
27112,3000,372385.570764
27722,3000,372467.801184
28168,3000,372553.508194
27470,3000,372717.907154
27640,3000,372793.748803
27818,3000,372870.970546
27994,3000,372952.430486
27720,3000,373036.658095
27538,3000,373119.006596
27430,3000,373194.253494
27918,3000,373272.470179
27246,3000,373349.205999
28368,3000,373431.45523
27644,3000,373503.097369
26856,3000,373577.638279
27550,3000,373653.349124
27794,3000,373736.314252
26832,3000,373816.957986
28366,3000,373894.088714
26942,3000,373975.411562
27990,3000,374050.166844
28114,3000,374129.321484
27268,3000,374208.601153
28208,3000,374290.850978
28382,3000,374362.837564
28134,3000,374437.404461
27594,3000,374513.862414
28008,3000,374596.49675
27222,3000,374688.410203
27004,3000,374755.526353
27982,3000,374834.676625
27094,3000,374911.825886
27764,3000,374986.080974
28108,3000,375063.625208
27016,3000,375143.236099
27806,3000,375219.641253
28084,3000,375309.73544
27968,3000,375395.91329
26864,3000,375482.606618
27618,3000,375567.405635
27208,3000,375649.573051
28424,3000,375735.089076
28146,3000,375816.417874
26360,3000,375889.176417
27038,3000,375975.390816
27514,3000,376054.476525
27076,3000,376139.326471
27478,3000,376219.674677
27226,3000,376303.249913
27874,3000,376381.371196
26910,3000,376464.986542
27432,3000,376548.015481
27292,3000,376621.242535
28218,3000,376697.215941
28278,3000,376786.923223
27906,3000,376865.88453
27454,3000,376942.780242
26248,3000,377018.300771
28012,3000,377101.564599
27018,3000,377187.576271
26986,3000,377275.7449
28222,3000,377355.715495
27924,3000,377431.161687
28436,3000,377519.469629
28260,3000,377607.147564
28436,3000,377699.019712
27198,3000,377785.602485
28346,3000,377868.722863
28616,3000,377951.706007
27640,3000,378103.316869
27160,3000,378190.077428
27884,3000,378279.403471
27730,3000,378357.7551
28414,3000,378437.118129
28238,3000,378517.54206
27530,3000,378594.037788
27334,3000,378676.288151
26534,3000,378760.699924
27520,3000,378840.304849
27320,3000,378919.058159
27522,3000,379001.578342
27866,3000,379076.445192
28442,3000,379145.697626
27946,3000,379229.765586
27338,3000,379307.646802
27988,3000,379388.903527
27302,3000,379467.00181
28024,3000,379550.015795
28270,3000,379632.247125
28450,3000,379705.708166
27892,3000,379778.986291
28102,3000,379858.671539
27780,3000,379937.882256
27646,3000,380015.254053
28590,3000,380082.682274
27278,3000,380159.181392
27504,3000,380240.803148
27204,3000,380327.755869
27882,3000,380415.078027
27986,3000,380497.289241
28144,3000,380582.993512
27970,3000,380653.812858
27320,3000,380728.987825
27028,3000,380821.738475
27360,3000,380899.616965
27894,3000,380977.884625
27682,3000,381059.924963
27686,3000,381140.042856
27422,3000,381224.874481
27804,3000,381305.569606
27538,3000,381378.022738
27850,3000,381459.167028
27048,3000,381535.176559
28000,3000,381618.407683
27712,3000,381708.091664
27218,3000,381786.088302
27872,3000,381858.932495
28266,3000,381934.785666
27854,3000,382029.630691
27950,3000,382110.024291
28642,3000,382185.114386
27634,3000,382270.206507
28482,3000,382353.598698
27306,3000,382437.661774
28036,3000,382521.702202
27198,3000,382603.133002
27776,3000,382688.830725
27820,3000,382769.973389
28158,3000,382852.861812
27928,3000,382929.203881
28196,3000,383007.272657
27994,3000,383085.325443
27614,3000,383170.172554
28508,3000,383247.996168
28744,3000,383334.216678
27504,3000,383404.90219
27562,3000,383569.75285
27756,3000,383647.411283
27608,3000,383737.942477
27806,3000,383818.162305
28206,3000,383895.3236
26532,3000,383984.03109
27848,3000,384068.449867
27488,3000,384157.226574
27574,3000,384234.181143
27926,3000,384321.555202
27728,3000,384408.574436
27946,3000,384481.867573
26418,3000,384571.381543
27098,3000,384653.73187
27914,3000,384734.239848
26914,3000,384815.643612
27354,3000,384897.893447
27714,3000,384973.565
27166,3000,385048.211056
26944,3000,385130.448122
27226,3000,385214.362334
27994,3000,385294.969893
27514,3000,385382.354948
28150,3000,385469.797579
28144,3000,385547.539652
27538,3000,385623.939272
28120,3000,385712.498179
27996,3000,385789.3007
26670,3000,385870.503675
28458,3000,385953.072935
27414,3000,386029.020929
27742,3000,386113.690329
27644,3000,386199.365143
27444,3000,386284.939467
27712,3000,386364.499496
27622,3000,386447.078877
26880,3000,386520.617356
27694,3000,386608.318484
27742,3000,386687.666243
27850,3000,386755.917643
27216,3000,386843.774092
27542,3000,386923.273549
28212,3000,387001.871574
27870,3000,387080.22054
27278,3000,387169.689119
27218,3000,387250.902479
27224,3000,387334.105247
28222,3000,387423.295229
27442,3000,387513.212826
27386,3000,387598.083013
27384,3000,387675.236106
27806,3000,387752.562361
27420,3000,387817.238227
27640,3000,387900.468942
26174,3000,387986.680176
27868,3000,388072.17426
26966,3000,388148.843327
27270,3000,388219.451424
27022,3000,388295.684817
27252,3000,388380.903486
26820,3000,388455.756606
27194,3000,388539.787651
27660,3000,388623.052229
27742,3000,388698.323475
26988,3000,388774.059206
27210,3000,388855.074471
27318,3000,388946.224165
26594,3000,389111.145963
26094,3000,389202.722249
26880,3000,389292.357956
26682,3000,389368.665623
26062,3000,389450.33127
25074,3000,389518.849595
25614,3000,389608.672486
26576,3000,389698.445138
25656,3000,389780.782477
24742,3000,389882.764835
23894,3000,389971.139064
25024,3000,390056.493681
25930,3000,390140.16956
25872,3000,390231.107902
24264,3000,390329.123247
24762,3000,390420.026832
23920,3000,390509.419037
24440,3000,390605.22195
25410,3000,390694.915185
25314,3000,390781.671976
22036,3000,390886.074149
24596,3000,390986.133476
23888,3000,391081.736938
21644,3000,391195.297333
21974,3000,391297.874055
23742,3000,391401.505421
20594,3000,391516.683733
22144,3000,391619.253543
24562,3000,391729.973042
24012,3000,391834.02614
22344,3000,391934.289627
23160,3000,392041.514595
23262,3000,392144.637676
24310,3000,392247.457676
25186,3000,392341.157371
23540,3000,392435.611165
24112,3000,392526.900697
23690,3000,392614.319718
25436,3000,392710.246297
24930,3000,392802.698712
24692,3000,392897.280389
24650,3000,392999.985871
23682,3000,393102.649146
22870,3000,393205.885648
23150,3000,393304.856176
21960,3000,393416.78684
23990,3000,393512.268579
21760,3000,393622.692326
24502,3000,393729.740376
24638,3000,393825.451999
20876,3000,393937.829365
22676,3000,394038.304218
23766,3000,394136.252611
24022,3000,394226.580066
23950,3000,394326.058678
23520,3000,394419.755991
23246,3000,394518.169593
24084,3000,394608.301829
26154,3000,394704.915212
25046,3000,394794.557975
23900,3000,394880.932942
24766,3000,394974.567451
24680,3000,395075.611325
24538,3000,395173.32809
24140,3000,395266.260406
23990,3000,395376.313882
24628,3000,395566.552489
23130,3000,395675.901965
21458,3000,395780.781324
22916,3000,395882.79299
24620,3000,395973.77929
23756,3000,396075.340283
24330,3000,396176.62598
25182,3000,396271.375236
24190,3000,396372.014662
24194,3000,396467.294579
23644,3000,396565.18267
24402,3000,396663.619399
23642,3000,396769.581553
24378,3000,396871.450206
23954,3000,396972.095857
23882,3000,397076.244153
24318,3000,397178.182101
23886,3000,397290.534261
24486,3000,397392.941369
22650,3000,397497.584992
23204,3000,397597.931543
24898,3000,397697.470977
22656,3000,397795.369355
24062,3000,397889.90192
24418,3000,397979.041356
25800,3000,398084.747273
25644,3000,398173.350596
24322,3000,398267.266493
24036,3000,398358.670424
24212,3000,398458.537526
24542,3000,398554.286828
23722,3000,398655.488513
25622,3000,398744.035797
23492,3000,398850.329175
23888,3000,398947.803538
23952,3000,399041.111406
23046,3000,399144.488277
24156,3000,399242.69905
23736,3000,399341.193856
23174,3000,399451.582535
23976,3000,399553.184978
24790,3000,399650.056252
23994,3000,399745.665315
24600,3000,399836.551105
24930,3000,399930.499414
25930,3000,400032.015037
25464,3000,400123.738551
24594,3000,400214.393572
24540,3000,400303.739728
24676,3000,400393.56017
26958,3000,400485.723613
25210,3000,400576.911418
25994,3000,400665.648766
24430,3000,400757.869226
25410,3000,400849.015583
25186,3000,400944.272947
25390,3000,401031.538433
24286,3000,401127.469426
24218,3000,401226.89209
24290,3000,401321.733016
25408,3000,401423.158727
26076,3000,401520.691483
25780,3000,401611.790436
26652,3000,401698.423937
25168,3000,401792.587554
26472,3000,401877.617764
26376,3000,401964.897093
25220,3000,402146.57934
25316,3000,402236.328541
27160,3000,402326.84157
25496,3000,402420.370034
26770,3000,402513.622302
26896,3000,402600.437313
26806,3000,402689.052907
25392,3000,402784.315402
26602,3000,402878.609205
26068,3000,402962.084765
25794,3000,403055.406621
25192,3000,403139.526621
26254,3000,403227.559474
26090,3000,403318.740857
26062,3000,403412.275096
26710,3000,403505.563894
26836,3000,403589.287881
26288,3000,403675.200904
26532,3000,403760.836558
26456,3000,403845.672474
26356,3000,403934.154143
25604,3000,404018.059732
26222,3000,404100.501384
26802,3000,404183.322128
27796,3000,404269.500018
26398,3000,404351.838499
26860,3000,404441.045334
25828,3000,404530.314649
26808,3000,404617.895095
27086,3000,404706.854703
27348,3000,404791.480009
25966,3000,404877.590807
26200,3000,404971.624576
26448,3000,405062.633544
27130,3000,405150.710572
27282,3000,405247.788031
26918,3000,405337.62003
26816,3000,405429.021777
27280,3000,405513.666749
27422,3000,405595.630719
26912,3000,405678.153116
26436,3000,405760.693827
26344,3000,405852.813566
26810,3000,405934.335296
26750,3000,406016.357901
26514,3000,406103.678333
26278,3000,406182.148152
27230,3000,406264.76808
25278,3000,406340.578448
26950,3000,406431.492525
25714,3000,406517.080887
25814,3000,406607.105523
26938,3000,406691.544533
25342,3000,406781.434769
26532,3000,406875.274753
26008,3000,406956.484805
26790,3000,407044.881159
27486,3000,407133.221145
26090,3000,407214.047842
27624,3000,407295.060239
26410,3000,407375.870466
26412,3000,407461.316627
25966,3000,407551.674302
26564,3000,407636.069764
27230,3000,407724.634811
25728,3000,407813.226865
26444,3000,407906.699852
27150,3000,408080.373912
26856,3000,408174.416242
26414,3000,408262.761044
26192,3000,408347.650885
25662,3000,408436.038226
25644,3000,408523.717816
25986,3000,408609.462849
27120,3000,408692.494583
25908,3000,408777.339541
26088,3000,408865.091275
27440,3000,408951.185684
27888,3000,409035.686103
27198,3000,409121.412576
26214,3000,409208.741079
26448,3000,409295.479617
26398,3000,409381.324273
27404,3000,409478.524304
26220,3000,409563.643134
26646,3000,409639.001335
25640,3000,409720.231017
27426,3000,409802.302893
26860,3000,409881.026204
27532,3000,409973.132561
27312,3000,410057.896418
26286,3000,410140.28924
26232,3000,410224.073206
26034,3000,410310.289876
26776,3000,410403.345835
27244,3000,410496.275986
27408,3000,410584.401486
26214,3000,410679.005249
26880,3000,410768.419461
25970,3000,410845.548378
26088,3000,410939.561804
26018,3000,411021.915843
26416,3000,411102.17626
26276,3000,411184.790807
26608,3000,411265.49505
27312,3000,411355.343941
26384,3000,411442.460623
26656,3000,411527.489395
27034,3000,411605.462887
26358,3000,411690.051703
26036,3000,411778.094394
26784,3000,411860.515305
26664,3000,411950.795766
26410,3000,412032.434784
26370,3000,412113.278953
26138,3000,412192.333299
26154,3000,412277.142095
26662,3000,412360.321751
27318,3000,412445.930214
26592,3000,412533.287107
27374,3000,412621.433368
26578,3000,412706.469655
27800,3000,412790.767852
26846,3000,412869.352538
26884,3000,412954.002717
27306,3000,413037.515513
27242,3000,413129.097435
27572,3000,413213.795073
27332,3000,413299.697764
26532,3000,413382.771578
26876,3000,413468.275985
27502,3000,413562.109973
27068,3000,413649.691356
27206,3000,413830.934706
26872,3000,413921.813126
27446,3000,414016.153842
26440,3000,414104.10155
26520,3000,414189.442584
26728,3000,414271.29466
25750,3000,414354.704995
25852,3000,414434.879512
27444,3000,414535.136278
27308,3000,414618.069522
26286,3000,414696.343113
27270,3000,414777.87224
27370,3000,414868.843055
26178,3000,414951.952366
25848,3000,415033.643504
27384,3000,415118.629392
26562,3000,415201.415515
27714,3000,415292.784314
26810,3000,415373.615235
26730,3000,415468.545744
27488,3000,415561.267312
27236,3000,415643.7909
25644,3000,415729.60945
27026,3000,415811.611399
27666,3000,415906.576729
26904,3000,415992.844231
26382,3000,416078.150554
26880,3000,416174.395555
26464,3000,416257.799476
26318,3000,416334.531307
25650,3000,416420.473825
26492,3000,416503.182397
26884,3000,416591.43898
26452,3000,416683.331918
27046,3000,416767.354521
27062,3000,416850.220073
26968,3000,416936.094828
27070,3000,417019.527708
26474,3000,417111.648596
26652,3000,417188.722115
27060,3000,417279.517049
26412,3000,417357.066681
27532,3000,417447.806745
27336,3000,417538.767724
26516,3000,417625.356868
26128,3000,417710.698104
26502,3000,417798.62326
26376,3000,417880.101308
26164,3000,417966.443513
26276,3000,418056.183573
26936,3000,418139.407356
27062,3000,418221.054692
26868,3000,418310.87528
26360,3000,418400.075895
26834,3000,418488.020191
27052,3000,418583.990496
27652,3000,418673.707604
26884,3000,418762.281146
27498,3000,418849.865641
26184,3000,418934.535926
26738,3000,419018.289695
25774,3000,419104.280026
26838,3000,419188.515579
26108,3000,419273.110478
26592,3000,419353.738518
27684,3000,419432.385982
27136,3000,419523.157329
26240,3000,419685.156278
26120,3000,419774.08762
27098,3000,419863.742398
27262,3000,419952.970438
26152,3000,420042.259003
26770,3000,420124.291862
26428,3000,420212.64468
26782,3000,420303.639193
26924,3000,420392.002906
26000,3000,420479.352586
27290,3000,420567.225234
26362,3000,420652.211864
26410,3000,420734.868947
26036,3000,420818.308675
26682,3000,420909.059373
27142,3000,420998.584587
27358,3000,421088.665524
26980,3000,421178.310608
26036,3000,421261.871794
26544,3000,421345.448331
27750,3000,421429.175264
27212,3000,421515.751959
26982,3000,421595.56579
27268,3000,421680.166079
26180,3000,421772.215341
25384,3000,421856.993846
26892,3000,421948.510882
26670,3000,422040.518003
25592,3000,422121.297532
26206,3000,422205.994586
26710,3000,422283.846742
26042,3000,422363.243217
25918,3000,422435.184667
26674,3000,422508.117172
26786,3000,422593.298886
27050,3000,422670.572993
26392,3000,422755.359239
26574,3000,422832.998703
26552,3000,422911.934606
27430,3000,423002.383366
27112,3000,423090.069126
25868,3000,423166.605362
26330,3000,423244.736001
26698,3000,423321.825393
27242,3000,423412.324244
27202,3000,423499.681879
27606,3000,423585.237865
27298,3000,423680.653572
26482,3000,423762.28452
26082,3000,423845.040443
26358,3000,423927.621123
27848,3000,424017.442836
26552,3000,424109.322111
26888,3000,424184.400073
26552,3000,424270.916973
26998,3000,424361.197095
26090,3000,424453.138138
26836,3000,424537.831139
26078,3000,424618.825861
27420,3000,424697.406928
26244,3000,424778.570782
25996,3000,424856.92414
28102,3000,424936.121713
26376,3000,425014.604269
26142,3000,425106.950708
27898,3000,425190.748954
26892,3000,425274.89994
27198,3000,425446.156638
25946,3000,425525.642157
26946,3000,425605.355998
26030,3000,425688.014561
26488,3000,425767.011636
26876,3000,425848.74852
27292,3000,425935.002639
26306,3000,426018.697197
26772,3000,426098.714689
26940,3000,426184.662799
27058,3000,426271.739465
26604,3000,426350.664778
26818,3000,426437.005655
26896,3000,426524.221128
27502,3000,426609.701661
26572,3000,426685.787789
27216,3000,426777.383651
26452,3000,426867.07797
27032,3000,426954.026083
26222,3000,427034.806634
26968,3000,427121.648837
27426,3000,427208.354743
24628,3000,427287.063313
26842,3000,427366.916926
27000,3000,427451.583746
26418,3000,427526.513043
26890,3000,427611.824589
25520,3000,427695.164713
26212,3000,427780.15625
26024,3000,427862.944585
26524,3000,427942.339139
26658,3000,428027.49842
27552,3000,428107.920685
27008,3000,428188.419148
26244,3000,428269.972996
27034,3000,428352.178963
26180,3000,428437.224377
26720,3000,428526.370429
27136,3000,428613.819016
25992,3000,428698.82111
26594,3000,428784.335788
26582,3000,428874.600904
27432,3000,428959.110687
27396,3000,429048.075991
24696,3000,429133.22782
26770,3000,429217.118359
26588,3000,429309.789763
26576,3000,429398.157129
26752,3000,429486.847034
26516,3000,429571.00521
26776,3000,429654.158605
26240,3000,429729.068221
26166,3000,429813.522982
25500,3000,429891.959512
26926,3000,429979.788598
26012,3000,430078.541345
27092,3000,430174.944942
26716,3000,430259.364659
26176,3000,430336.556446
26152,3000,430422.133057
26776,3000,430511.276823
26750,3000,430603.328759
26704,3000,430682.933951
27592,3000,430771.995149
26002,3000,430851.822229
26578,3000,430940.782863
27200,3000,431128.050273
26772,3000,431214.514255
26410,3000,431297.605456
26956,3000,431374.274387
26930,3000,431450.644681
26976,3000,431530.387603
26614,3000,431617.680391
26850,3000,431697.675931
27722,3000,431779.554585
26928,3000,431865.023619
27684,3000,431944.019507
26226,3000,432031.353463
26936,3000,432119.442912
27298,3000,432204.163084
25620,3000,432289.081706
26266,3000,432369.908475
27184,3000,432451.12994
26552,3000,432534.796275
27076,3000,432625.935287
26768,3000,432715.824977
26602,3000,432798.652982
25814,3000,432879.292928
27260,3000,432970.533012
24932,3000,433057.149172
26682,3000,433143.544548
26210,3000,433226.892025
26556,3000,433318.633673
25986,3000,433395.18616
26528,3000,433472.788718
24934,3000,433554.087259
26174,3000,433628.724244
27006,3000,433718.024297
27492,3000,433803.15004
25716,3000,433882.010038
26338,3000,433972.941642
25876,3000,434058.977153
27128,3000,434145.243722
26280,3000,434223.750159
26704,3000,434300.879147
25976,3000,434380.072528
25864,3000,434461.174645
27038,3000,434539.81499
27098,3000,434625.530042
27670,3000,434705.017361
26374,3000,434785.441969
25586,3000,434864.341017
27108,3000,434939.9327
27034,3000,435024.013536
26334,3000,435109.791069
27202,3000,435193.038906
27472,3000,435282.935484
26292,3000,435362.74366
27024,3000,435453.211171
26454,3000,435531.114669
26260,3000,435615.339231
26438,3000,435704.484831
27184,3000,435798.068532
24494,3000,435873.886492
26334,3000,435952.618022
26854,3000,436040.046682
26062,3000,436115.85151
25734,3000,436205.434611
27016,3000,436296.089252
26826,3000,436377.028787
26266,3000,436455.614807
25916,3000,436526.520975
26522,3000,436609.531766
27126,3000,436787.359257
27110,3000,436880.933305
26590,3000,436965.672206
27046,3000,437048.519635
27076,3000,437130.419927
26038,3000,437216.540174
26472,3000,437295.733024
26032,3000,437376.812276
26288,3000,437466.754175
26092,3000,437546.444089
26684,3000,437623.255133
26232,3000,437711.022277
25832,3000,437797.957474
25916,3000,437875.014709
26114,3000,437960.612547
25456,3000,438044.378317
27144,3000,438127.586061
26374,3000,438213.448767
25536,3000,438285.999904
26772,3000,438371.979178
27496,3000,438457.801502
26908,3000,438547.745065
26446,3000,438627.042149
25848,3000,438718.158769
25740,3000,438808.493258
26826,3000,438888.6655
26424,3000,438977.593971
25562,3000,439067.93371
27822,3000,439156.525761
26460,3000,439238.956372
26098,3000,439324.875135
27496,3000,439406.326661
26564,3000,439490.258813
27494,3000,439573.89948
26902,3000,439653.176874
26836,3000,439739.168114
26828,3000,439821.385727
26700,3000,439896.61567
27128,3000,439980.167829
27062,3000,440065.750843
26950,3000,440145.789286
26142,3000,440226.151084
26728,3000,440308.060514
25984,3000,440389.66832
26576,3000,440470.302033
25714,3000,440547.487501
26896,3000,440622.602068
26920,3000,440701.272274
26650,3000,440784.785207
26570,3000,440868.315894
25064,3000,440948.977313
26202,3000,441029.151742
27504,3000,441115.372585
27284,3000,441208.587541
27346,3000,441295.812942
25292,3000,441376.142247
26492,3000,441463.431232
26620,3000,441550.937294
26100,3000,441634.332028
26714,3000,441720.04635
25838,3000,441805.445004
26668,3000,441897.318248
26660,3000,441991.170195
25650,3000,442072.592514
26078,3000,442154.702085
26556,3000,442233.374373
26036,3000,442313.652359
27542,3000,442490.344917
25876,3000,442572.292182
26538,3000,442655.096807
26992,3000,442746.424896
26468,3000,442826.342093
26032,3000,442912.424788
26096,3000,443000.54518
26382,3000,443088.053793
27338,3000,443171.982053
26614,3000,443252.24325
26028,3000,443329.365688
25994,3000,443419.67144
25656,3000,443506.444721
25690,3000,443585.362521
26698,3000,443667.564677
25226,3000,443750.52824
26816,3000,443839.299663
25816,3000,443922.394164
26058,3000,444007.52101
26674,3000,444093.697699
27514,3000,444173.441988
27298,3000,444256.164479
27500,3000,444338.165552
26632,3000,444413.712406
26232,3000,444502.25325
25556,3000,444580.137881
26310,3000,444660.783532
26044,3000,444752.123984
26508,3000,444831.563555
26256,3000,444911.564068
26222,3000,444995.923163
25166,3000,445077.11343
27012,3000,445165.72718
26388,3000,445244.653306
26782,3000,445333.539267
26342,3000,445416.957408
26610,3000,445496.192871
27370,3000,445582.593433
27050,3000,445666.832126
26646,3000,445747.971716
26162,3000,445832.446672
26826,3000,445920.486295
27498,3000,446002.820554
26126,3000,446086.248119
26102,3000,446165.313199
26682,3000,446250.644279
27158,3000,446327.719048
26476,3000,446409.313093
25650,3000,446488.002477
25806,3000,446564.7563
25990,3000,446643.041846
26322,3000,446724.505709
27070,3000,446810.973172
26208,3000,446894.619008
25898,3000,446982.799413
26228,3000,447066.465115
25770,3000,447158.970129
26176,3000,447250.550549
26162,3000,447328.519726
25796,3000,447417.005977
26514,3000,447498.84373
25404,3000,447587.447377
26388,3000,447676.650008
25744,3000,447754.123408
26818,3000,447835.329147
26254,3000,447912.483532
27194,3000,448090.72094
27204,3000,448174.037016
26440,3000,448256.40401
26752,3000,448336.544989
26484,3000,448430.465277
26678,3000,448510.444828
26392,3000,448590.140984
26916,3000,448675.431546
26282,3000,448765.937
26670,3000,448850.531802
26502,3000,448930.132118
26408,3000,449018.730926
25092,3000,449110.309681
26638,3000,449198.438274
26902,3000,449291.956083
25904,3000,449379.096974
26528,3000,449469.455422
25682,3000,449548.79114
26676,3000,449633.085429
27602,3000,449710.14059
26658,3000,449793.039941
26472,3000,449879.185756
26770,3000,449965.5032
26382,3000,450052.031677
26162,3000,450133.384368
26588,3000,450211.071042
27942,3000,450301.340501
26740,3000,450383.331945
27452,3000,450470.724086
26718,3000,450547.918231
26506,3000,450628.189578
26240,3000,450708.889884
26884,3000,450793.827411
26600,3000,450878.157476
26374,3000,450963.525179
28424,3000,451038.788119
27038,3000,451127.92877
25338,3000,451222.462745
26240,3000,451314.334741
27676,3000,451399.564376
26630,3000,451479.725712
26228,3000,451552.3038
25834,3000,451640.574233
25876,3000,451724.070235
26156,3000,451805.041128
25674,3000,451877.587545
27136,3000,451964.369992
25840,3000,452048.842577
27234,3000,452132.779007
26692,3000,452212.885491
26266,3000,452294.883142
26038,3000,452383.360106
27172,3000,452483.061156
26470,3000,452559.462338
26916,3000,452642.818871
25780,3000,452722.390538
26786,3000,452801.191506
26466,3000,452875.402483
26912,3000,452954.219452
26810,3000,453034.308264
27292,3000,453111.416092
26582,3000,453193.575724
27924,3000,453275.813355
27036,3000,453361.617478
27532,3000,453443.681415
26830,3000,453518.659114
25810,3000,453607.038759
27040,3000,453769.801939
27752,3000,453852.153241
27442,3000,453936.005971
27972,3000,454016.80354
26510,3000,454095.84828
26728,3000,454166.496206
27472,3000,454248.510422
27132,3000,454321.164152
26846,3000,454397.884354
28104,3000,454474.533975
27898,3000,454548.206516
27236,3000,454616.730046
27758,3000,454695.863818
28294,3000,454777.988763
26898,3000,454863.233334
27768,3000,454937.57077
27934,3000,455011.478825
27538,3000,455095.332186
28086,3000,455169.062888
27442,3000,455244.248563
27530,3000,455317.504236
27356,3000,455390.850031
27894,3000,455466.161914
27732,3000,455546.803097
28314,3000,455629.113042
28092,3000,455706.57721
27560,3000,455783.404791
28604,3000,455860.87045
28244,3000,455933.605467
27454,3000,456002.451855
27760,3000,456071.802705
28092,3000,456141.984628
27318,3000,456212.918557
27890,3000,456293.344677
27984,3000,456367.633001
27658,3000,456443.070638
27870,3000,456521.453911
27538,3000,456591.536736
28098,3000,456660.348476
27266,3000,456742.757761
28042,3000,456823.610206
28356,3000,456898.244337
26902,3000,456976.24773
28352,3000,457056.293473
27968,3000,457132.159879
27586,3000,457204.13114
27990,3000,457285.851147
27780,3000,457359.757414
28090,3000,457431.257136
28364,3000,457508.677512
27920,3000,457584.236298
28374,3000,457663.398829
27906,3000,457734.811738
27558,3000,457811.039428
28374,3000,457891.989934
27594,3000,457971.169961
27864,3000,458045.153525
27598,3000,458118.66475
28502,3000,458192.845883
28090,3000,458277.581663
28574,3000,458357.426718
27876,3000,458432.17399
28332,3000,458509.516366
27044,3000,458597.891685
27870,3000,458676.289575
27284,3000,458762.324619
28040,3000,458843.26192
27808,3000,459015.867438
27950,3000,459092.004924
27244,3000,459173.94163
27986,3000,459254.155757
28114,3000,459328.057629
26980,3000,459402.36956
27954,3000,459477.143938
28428,3000,459562.457342
28196,3000,459639.836338
28056,3000,459715.564686
28520,3000,459792.447267
28370,3000,459861.798649
27752,3000,459949.838554
27518,3000,460024.83444
26968,3000,460094.653031
27918,3000,460180.820654
28168,3000,460265.344481
28582,3000,460349.186018
28558,3000,460425.406116
27496,3000,460497.270117
27210,3000,460572.907678
28144,3000,460644.0274
28426,3000,460718.157983
28100,3000,460802.480459
28080,3000,460880.665571
27978,3000,460957.035343
28212,3000,461034.57121
28088,3000,461108.408506
28044,3000,461187.158207
28514,3000,461259.619983
28186,3000,461338.744639
27458,3000,461409.154715
27938,3000,461490.949926
28444,3000,461566.129725
28054,3000,461640.203211
28012,3000,461704.730775
27820,3000,461779.751631
28204,3000,461863.895473
27906,3000,461944.890653
28262,3000,462021.744682
27554,3000,462101.084003
28406,3000,462182.575856
28884,3000,462259.656039
28604,3000,462344.661585
27690,3000,462420.103516
27956,3000,462496.970588
28660,3000,462564.848048
28432,3000,462645.368724
28054,3000,462729.844294
27578,3000,462811.494735
28360,3000,462892.547822
28308,3000,462968.321928
28346,3000,463039.9473
27382,3000,463115.725789
27414,3000,463179.855964
27756,3000,463253.744293
28298,3000,463321.485228
27546,3000,463387.699021
27612,3000,463457.667764
27676,3000,463530.057008
27948,3000,463611.87229
28324,3000,463687.112649
27134,3000,463761.833033
27852,3000,463834.564581
28180,3000,463909.268818
27226,3000,463989.834121
27726,3000,464159.824173
28332,3000,464228.711396
28282,3000,464302.108644
28162,3000,464380.110043
27902,3000,464468.209816
28344,3000,464548.881642
28358,3000,464632.756605
27884,3000,464708.941645
27330,3000,464789.401353
28442,3000,464865.843837
28356,3000,464951.482328
27512,3000,465030.123505
28112,3000,465111.609778
27818,3000,465187.302735
28042,3000,465263.994933
28120,3000,465337.519087
27980,3000,465417.265002
28350,3000,465495.148711
27898,3000,465570.483863
27928,3000,465648.445398
28196,3000,465726.335794
27566,3000,465805.752068
28408,3000,465883.97841
28198,3000,465967.255616
28292,3000,466048.695542
27940,3000,466123.873396
28620,3000,466198.314707
28086,3000,466276.084385
27844,3000,466359.83222
28100,3000,466443.49966
28262,3000,466520.675666
27938,3000,466599.459909
28368,3000,466668.146219
27572,3000,466741.714109
27938,3000,466806.448156
27970,3000,466889.299748
27508,3000,466975.575144
27138,3000,467063.053216
28136,3000,467139.16225
27154,3000,467218.842419
28346,3000,467293.089336
27592,3000,467366.998512
27916,3000,467437.431586
27784,3000,467512.947189
28176,3000,467587.328521
27988,3000,467659.702282
27958,3000,467729.366862
28420,3000,467806.682507
27676,3000,467882.689417
27914,3000,467959.407262
28736,3000,468034.148367
28126,3000,468110.647149
27612,3000,468188.90589
28488,3000,468271.512321
28392,3000,468357.19279
28222,3000,468447.176631
27604,3000,468518.413768
28178,3000,468593.096248
27960,3000,468671.062424
28082,3000,468761.876553
28122,3000,468841.366057
27458,3000,468919.428797
27798,3000,469008.696566
28024,3000,469083.764995
28348,3000,469151.894635
28298,3000,469224.726109
27880,3000,469300.937737
27754,3000,469473.644532
28516,3000,469555.141555
28064,3000,469633.785859
27136,3000,469711.09103
27654,3000,469791.975981
28226,3000,469870.348703
27474,3000,469947.333675
28656,3000,470034.091369
28314,3000,470122.311808
27732,3000,470200.610296
28014,3000,470271.694022
28390,3000,470350.625027
26790,3000,470426.386818
27990,3000,470499.828609
28760,3000,470572.845961
27246,3000,470649.524822
27306,3000,470734.327591
27520,3000,470824.68305
27126,3000,470911.750318
27588,3000,471003.136565
28092,3000,471082.215909
27916,3000,471148.556486
27322,3000,471220.593706
27884,3000,471298.140002
27130,3000,471383.059009
28228,3000,471456.049164
27118,3000,471534.182745
27568,3000,471616.306988
27888,3000,471692.418084
27654,3000,471770.299876
28146,3000,471858.574839
28524,3000,471935.716561
28130,3000,472022.3752
27588,3000,472097.257385
28066,3000,472177.048232
27962,3000,472250.927556
27920,3000,472323.062053
27216,3000,472402.840749
27842,3000,472489.013283
28292,3000,472564.029699
27006,3000,472637.231396
28390,3000,472715.75147
27812,3000,472784.849255
27504,3000,472865.107773
27462,3000,472932.416196
28060,3000,473007.126299
27266,3000,473085.487186
27556,3000,473169.850648
28356,3000,473245.403732
27658,3000,473315.221456
27014,3000,473397.618625
28286,3000,473480.365037
28472,3000,473550.991711
26642,3000,473626.785878
27328,3000,473700.524079
27642,3000,473768.638724
28738,3000,473847.602557
27832,3000,473928.647315
27088,3000,474012.863919
27410,3000,474085.377991
27270,3000,474159.943766
28348,3000,474231.41731
28006,3000,474309.454493
27456,3000,474383.699061
26586,3000,474465.441547
28558,3000,474549.384513
27382,3000,474622.308037
28674,3000,474795.743964
27366,3000,474874.027658
27526,3000,474952.96564
27356,3000,475028.625516
27176,3000,475108.189008
27292,3000,475180.280106
28380,3000,475252.619753
27686,3000,475332.987203
28346,3000,475409.713055
27664,3000,475486.241811
26878,3000,475559.729317
27464,3000,475630.30766
28386,3000,475710.831385
27176,3000,475794.391483
27002,3000,475873.079781
28432,3000,475954.335908
27648,3000,476035.389932
27770,3000,476120.585748
28022,3000,476197.074816
27650,3000,476278.222816
28380,3000,476365.134076
27208,3000,476439.538945
28120,3000,476515.633191
27818,3000,476591.820818
27758,3000,476665.949923
27938,3000,476749.418242
27038,3000,476829.831129
27908,3000,476907.560399
27840,3000,477000.965269
27968,3000,477083.61954
27144,3000,477153.918776
27768,3000,477236.150407
27374,3000,477318.556905
27574,3000,477396.00544
27524,3000,477474.521606
27656,3000,477548.689297
27966,3000,477623.230226
27246,3000,477699.534095
28088,3000,477781.705707
27468,3000,477863.715766
28568,3000,477941.962544
27350,3000,478016.983236
27660,3000,478102.137806
27414,3000,478183.626996
27042,3000,478255.675651
27322,3000,478333.896589
26842,3000,478408.23168
27568,3000,478482.401069
27034,3000,478557.006371
28444,3000,478632.613487
27128,3000,478706.3681
27152,3000,478796.77321
26568,3000,478870.933037
27144,3000,478952.914845
28270,3000,479032.488466
27650,3000,479108.46559
27738,3000,479183.664495
27718,3000,479255.329138
27318,3000,479336.06977
27640,3000,479420.884107
28356,3000,479509.905432
27904,3000,479587.045972
27148,3000,479660.028781
27700,3000,479736.180938
27460,3000,479809.181251
27942,3000,479884.123671
27598,3000,480055.844646
27408,3000,480136.301347
28000,3000,480211.527951
26938,3000,480295.905973
26604,3000,480380.086327
27472,3000,480453.035826
27390,3000,480531.113443
27120,3000,480610.016817
28078,3000,480696.74682
28138,3000,480772.635797
27868,3000,480854.806691
27768,3000,480935.343974
27064,3000,481011.14198
27088,3000,481083.772504
27408,3000,481160.259413
27592,3000,481232.529414
27334,3000,481314.650982
27726,3000,481393.39155
28064,3000,481478.180153
27236,3000,481557.562422
27220,3000,481640.552529
28102,3000,481712.665736
28080,3000,481792.759269
27278,3000,481871.913845
26930,3000,481946.748691
27108,3000,482027.160922
27370,3000,482104.052181
27276,3000,482178.919896
28084,3000,482254.732164
27770,3000,482327.048102
27692,3000,482405.399663
27932,3000,482480.422816
27774,3000,482560.85821
27696,3000,482641.135609
27570,3000,482714.10141
27334,3000,482788.271376
28218,3000,482864.89442
27876,3000,482942.315966
27604,3000,483024.434044
27802,3000,483105.441025
27576,3000,483183.551153
27916,3000,483259.355237
27282,3000,483334.668399
27582,3000,483414.348066
26880,3000,483488.196025
26972,3000,483567.762384
27378,3000,483645.812893
27490,3000,483718.638258
26744,3000,483800.522857
27706,3000,483878.158624
27372,3000,483954.470316
28516,3000,484049.645102
26664,3000,484123.876732
27480,3000,484197.721156
27444,3000,484272.305563
27742,3000,484346.867074
27958,3000,484418.799856
26978,3000,484506.219475
27622,3000,484587.665754
27554,3000,484662.53381
28422,3000,484742.960335
27598,3000,484828.784486
27922,3000,484913.366458
27224,3000,484995.88045
27656,3000,485069.335294
28306,3000,485142.998075
27226,3000,485220.729613
27392,3000,485380.702301
26946,3000,485455.134032
28008,3000,485546.638652
27586,3000,485635.098875
27244,3000,485710.905403
27462,3000,485797.528258
28670,3000,485883.278215
27242,3000,485965.696813
27064,3000,486039.784172
28010,3000,486117.457571
26788,3000,486200.414268
27402,3000,486271.79683
27810,3000,486345.82221
27382,3000,486427.122758
28210,3000,486515.517904
27392,3000,486590.102567
27890,3000,486670.939535
27046,3000,486759.053114
27524,3000,486848.702476
27684,3000,486929.090881
27166,3000,487014.95369
28284,3000,487092.332454
28034,3000,487166.705549
27942,3000,487239.019223
28440,3000,487321.476615
27814,3000,487389.498233
28400,3000,487471.510413
27092,3000,487549.761832
28232,3000,487634.614726
27558,3000,487712.552928
27064,3000,487786.524873
27936,3000,487864.764789
27686,3000,487943.740427
27082,3000,488029.211813
27402,3000,488100.331663
27640,3000,488178.522782
27684,3000,488254.390326
26700,3000,488339.312606
28312,3000,488422.91436
27494,3000,488495.849627
27252,3000,488581.305296
28032,3000,488656.209729
27510,3000,488736.297014
27596,3000,488815.76982
27580,3000,488886.399101
27600,3000,488966.580461
28228,3000,489045.583356
27666,3000,489127.912347
27692,3000,489212.067928
27126,3000,489294.302428
28766,3000,489370.750166
28018,3000,489441.595619
28210,3000,489519.785837
27550,3000,489599.938147
27932,3000,489674.204911
28042,3000,489752.915882
27922,3000,489835.733899
27142,3000,489910.609282
27482,3000,489990.751273
28086,3000,490079.772825
27964,3000,490161.41012
27978,3000,490241.924755
27504,3000,490312.505298
27148,3000,490387.118905
28442,3000,490465.740512
27296,3000,490546.96045
27690,3000,490633.088825
27280,3000,490796.672645
27592,3000,490880.968983
28186,3000,490961.141483
27520,3000,491043.765273
26792,3000,491114.908475
29166,3000,491192.01293
28022,3000,491267.25459
27986,3000,491349.854309
28648,3000,491426.218093
28292,3000,491506.843079
27858,3000,491590.621459
27548,3000,491663.070743
28242,3000,491736.748659
28568,3000,491817.688539
28006,3000,491898.492514
27050,3000,491979.50483
28320,3000,492064.146559
27994,3000,492145.280483
28226,3000,492219.816194
27972,3000,492300.722671
27488,3000,492377.165906
27676,3000,492458.45539
27270,3000,492549.306589
27494,3000,492629.203008
27974,3000,492717.857508
27976,3000,492792.539964
28104,3000,492869.946412
27648,3000,492943.259928
28336,3000,493020.463343
27942,3000,493096.051868
28660,3000,493173.74201
27874,3000,493255.110877
28028,3000,493338.368521
28164,3000,493425.355674
28310,3000,493505.829883
28048,3000,493591.964052
27596,3000,493671.450027
27914,3000,493745.848159
28318,3000,493819.941468
27586,3000,493904.561051
28274,3000,493980.440749
27596,3000,494061.528319
27680,3000,494138.449255
28028,3000,494216.617628
27990,3000,494303.042266
27824,3000,494388.927293
27834,3000,494461.221978
27464,3000,494542.584675
27446,3000,494627.575435
28944,3000,494702.254874
28250,3000,494780.47745
27984,3000,494857.181558
28292,3000,494946.020994
27942,3000,495020.57425
28430,3000,495093.458981
27712,3000,495171.944826
28050,3000,495250.319109
27882,3000,495324.875194
26852,3000,495397.066719
27990,3000,495474.587243
27778,3000,495552.41856
28508,3000,495634.030664
27700,3000,495713.186143
28172,3000,495790.887186
27652,3000,495866.514543
27830,3000,495942.449049
27434,3000,496103.452402
27808,3000,496181.203762
27848,3000,496259.905149
27534,3000,496337.244218
28684,3000,496418.72556
28278,3000,496499.296517
28052,3000,496575.144666
27912,3000,496655.259959
27842,3000,496730.134043
27780,3000,496805.199032
27816,3000,496879.801296
28236,3000,496962.839046
28576,3000,497038.660276
28058,3000,497117.054516
27078,3000,497187.221725
27718,3000,497265.566206
27994,3000,497342.419616
27848,3000,497419.340845
28476,3000,497502.054322
27546,3000,497582.435021
27556,3000,497654.807559
27496,3000,497734.508119
27328,3000,497813.971312
28630,3000,497892.280944
27726,3000,497972.728286
27876,3000,498053.875863
28178,3000,498135.860786
27988,3000,498213.423264
27356,3000,498288.786474
27810,3000,498357.12621
28354,3000,498442.860809
27978,3000,498519.990863
27842,3000,498590.570818
27534,3000,498674.464574
27604,3000,498751.676538
28134,3000,498830.499545
27236,3000,498906.901098
27862,3000,498983.173407
27736,3000,499048.4374
28684,3000,499130.646068
27522,3000,499205.982353
27114,3000,499282.942231
28210,3000,499368.110334
28204,3000,499445.757136
27146,3000,499525.231381
28120,3000,499596.035954
28550,3000,499677.059288
28256,3000,499755.150031
28006,3000,499831.940165
28106,3000,499905.152242
28288,3000,499982.578807
27784,3000,500065.606483
27618,3000,500145.773466
28072,3000,500221.726717
28346,3000,500294.20631
27804,3000,500379.984972
28804,3000,500456.463951
28870,3000,500534.645127
27880,3000,500613.735397
27680,3000,500689.884796
28182,3000,500774.578631
27942,3000,500846.27011
27540,3000,500921.497277
27042,3000,500998.156376
28716,3000,501075.853929
27968,3000,501152.550451
27364,3000,501240.640902
27770,3000,501397.441299
28802,3000,501468.476576
28356,3000,501552.798993
28412,3000,501628.477198
28064,3000,501708.619884
28210,3000,501777.979247
28316,3000,501850.474958
28136,3000,501925.800517
28296,3000,501999.624143
28204,3000,502077.018233
28310,3000,502153.563072
28760,3000,502232.856825
28564,3000,502310.392058
28528,3000,502387.267887
28322,3000,502468.595809
28048,3000,502548.4558
27852,3000,502617.51346
28070,3000,502693.172701
27654,3000,502771.676908
27604,3000,502848.674792
27836,3000,502925.775194
27640,3000,503008.360495
27242,3000,503088.101943
28308,3000,503160.167327
28384,3000,503233.091632
27508,3000,503310.047649
28266,3000,503379.027237
28560,3000,503452.87565
27374,3000,503533.508209
27984,3000,503609.71299
27794,3000,503679.971066
28382,3000,503753.175041
27422,3000,503832.01401
27390,3000,503910.291615
28024,3000,503992.924385
27970,3000,504071.643064
28824,3000,504153.679527
27006,3000,504227.818523
28478,3000,504302.292762
27844,3000,504378.572017
28154,3000,504454.245333
28222,3000,504535.885338
28054,3000,504617.709629
28294,3000,504696.90467
28158,3000,504771.84926
28456,3000,504860.862758
28852,3000,504933.980511
28220,3000,505011.806226
28376,3000,505092.748559
28306,3000,505167.170405
27994,3000,505235.493781
28660,3000,505314.700778
27230,3000,505391.852518
27914,3000,505472.043375
28074,3000,505550.884539
28442,3000,505634.120394
28822,3000,505717.525334
27542,3000,505795.831141
27918,3000,505873.096042
28234,3000,505949.564016
27462,3000,506029.00169
28444,3000,506121.478816
27854,3000,506193.079287
27854,3000,506262.216962
27968,3000,506335.559802
27940,3000,506413.503506
28098,3000,506489.434991
27652,3000,506650.717218
27688,3000,506721.035377
28434,3000,506798.361982
28100,3000,506867.747218
28498,3000,506932.699634
27964,3000,507003.627407
28372,3000,507081.779989
28436,3000,507158.85538
27856,3000,507236.252383
28120,3000,507310.796086
27902,3000,507385.522705
28116,3000,507459.173579
28008,3000,507543.131551
28238,3000,507618.872832
27544,3000,507688.573625
28834,3000,507754.666692
28304,3000,507823.657957
29000,3000,507898.349381
28134,3000,507979.965915
28932,3000,508060.830178
27920,3000,508141.419682
27404,3000,508215.856704
28068,3000,508293.376879
28056,3000,508371.09772
28510,3000,508448.072546
28334,3000,508516.821493
27522,3000,508590.098923
29024,3000,508666.322876
28328,3000,508741.362169
28360,3000,508824.348355
28388,3000,508906.864789
28492,3000,508978.321798
27758,3000,509046.840068
27954,3000,509123.81455
27942,3000,509199.647123
27376,3000,509285.96196
27632,3000,509369.196325
28908,3000,509452.94348
28750,3000,509525.49844
27854,3000,509606.641077
27750,3000,509680.206273
27492,3000,509756.487374
28552,3000,509831.664881
27618,3000,509907.498053
27754,3000,509979.185357
28162,3000,510053.484599
27880,3000,510132.539795
28176,3000,510211.643145
28376,3000,510292.99016
28006,3000,510370.202981
28306,3000,510443.80313
27482,3000,510517.322289
27832,3000,510585.745258
28200,3000,510663.057451
28508,3000,510733.529893
27874,3000,510807.862857
27922,3000,510881.658421
28106,3000,510963.895623
28214,3000,511036.851335
28098,3000,511117.885192
28626,3000,511201.442979
28570,3000,511279.194183
28208,3000,511360.628458
27848,3000,511426.913541
28216,3000,511503.96181
28054,3000,511593.019986
27960,3000,511765.614005
27732,3000,511841.723207
27944,3000,511924.538986
28048,3000,511995.766675
28332,3000,512072.753235
27832,3000,512159.045341
27458,3000,512231.644973
27364,3000,512302.779728
28416,3000,512372.144848
28006,3000,512451.778321
27524,3000,512515.256269
28114,3000,512593.155663
28394,3000,512678.285326
28620,3000,512744.923872
28260,3000,512825.873084
28042,3000,512905.088815
28046,3000,512981.543852
28092,3000,513059.751655
28654,3000,513130.456063
27702,3000,513211.884029
28392,3000,513279.863565
28158,3000,513349.148322
28266,3000,513420.860223
28362,3000,513507.134999
28680,3000,513586.092621
28250,3000,513672.356162
28170,3000,513756.96529
28408,3000,513830.839293
27546,3000,513901.230368
28284,3000,513987.71374
27344,3000,514064.672405
28570,3000,514140.96842
28178,3000,514224.323655
27838,3000,514301.944378
28242,3000,514377.895307
28044,3000,514452.126776
28338,3000,514530.031624
27646,3000,514617.695235
28788,3000,514691.508793
28166,3000,514765.540519
28270,3000,514831.636533
27842,3000,514907.661144
27942,3000,514979.213293
28276,3000,515049.795729
27430,3000,515122.520137
28380,3000,515204.96111
28348,3000,515270.435202
27870,3000,515344.128601
28202,3000,515426.735109
27766,3000,515503.973711
27916,3000,515575.530391
27810,3000,515646.351665
28812,3000,515722.6069
28074,3000,515788.665249
27712,3000,515868.638642
28358,3000,515944.83232
28052,3000,516014.798591
28676,3000,516096.869258
27678,3000,516174.27514
28254,3000,516249.215841
28746,3000,516328.321441
28234,3000,516406.595232
28640,3000,516489.363544
28446,3000,516567.550634
28218,3000,516635.530773
28014,3000,516707.498125
28324,3000,516780.569853
27696,3000,516950.806996
28308,3000,517026.269596
27868,3000,517105.094538
28110,3000,517182.113712
28150,3000,517258.382556
28526,3000,517331.001882
27716,3000,517406.762786
28290,3000,517482.97861
28212,3000,517557.51792
28028,3000,517634.451054
28448,3000,517717.204731
28798,3000,517795.435627
28652,3000,517870.633014
28656,3000,517949.413841
28152,3000,518023.806981
28192,3000,518107.44064
28662,3000,518189.802188
28096,3000,518267.898844
27934,3000,518340.968561
28056,3000,518416.944235
27712,3000,518492.347548
27714,3000,518559.365463
28486,3000,518634.838091
28738,3000,518715.572226
28090,3000,518789.555209
28292,3000,518868.64254
28266,3000,518936.916744
27878,3000,519010.212348
27658,3000,519091.960815
27852,3000,519165.397691
28716,3000,519249.312984
28550,3000,519324.497924
27770,3000,519402.278553
28228,3000,519483.648918
27862,3000,519553.062165
28548,3000,519634.822245
28234,3000,519714.605652
27926,3000,519781.833622
28284,3000,519855.281871
28416,3000,519924.171053
28124,3000,520008.171332
28130,3000,520088.993449
28344,3000,520169.951566
28818,3000,520249.687232
28468,3000,520327.271878
28680,3000,520400.557134
28014,3000,520476.662439
27540,3000,520550.192117
28688,3000,520634.808099
28436,3000,520712.645922
28908,3000,520796.535952
28626,3000,520866.726008
28446,3000,520940.093343
28834,3000,521009.140047
27754,3000,521094.786198
28140,3000,521161.672151
27202,3000,521236.267293
28390,3000,521316.236597
28752,3000,521398.430616
27768,3000,521478.848243
28148,3000,521552.754978
27756,3000,521619.4887
28762,3000,521694.527013
28196,3000,521777.253989
28994,3000,521845.729897
28024,3000,521920.733928
28610,3000,522004.110307
28054,3000,522157.368758
28066,3000,522232.967206
28610,3000,522307.358779
28478,3000,522390.574224
27924,3000,522464.367331
28152,3000,522547.310321
27954,3000,522619.403505
28650,3000,522694.080859
27488,3000,522773.868636
27822,3000,522847.764241
28478,3000,522922.920078
28114,3000,522999.008416
27728,3000,523070.452763
28298,3000,523141.146438
28706,3000,523223.911239
28486,3000,523301.269933
27652,3000,523380.513948
28020,3000,523457.478535
28570,3000,523533.253796
29160,3000,523611.367901
27494,3000,523687.642598
28410,3000,523759.578776
28162,3000,523839.233449
27324,3000,523918.072491
28088,3000,523987.709422
27908,3000,524064.743437
28508,3000,524140.530743
27788,3000,524220.373801
28910,3000,524311.110564
28110,3000,524396.080183
28418,3000,524466.688923
28602,3000,524530.729893
28374,3000,524604.284326
28524,3000,524676.923337
27700,3000,524752.274622
28424,3000,524827.41771
28542,3000,524902.345108
28154,3000,524974.037532
27788,3000,525053.798294
28084,3000,525128.984154
28474,3000,525198.407517
28310,3000,525273.256088
27480,3000,525353.184612
28366,3000,525434.113974
27444,3000,525516.663369
28212,3000,525588.778314
27972,3000,525664.507359
28982,3000,525744.071445
27556,3000,525813.048061
28534,3000,525895.196672
28354,3000,525974.90212
28108,3000,526044.226197
27918,3000,526127.690773
27804,3000,526194.589956
27770,3000,526264.644824
27346,3000,526335.498456
27518,3000,526406.205884
28674,3000,526484.859862
27734,3000,526551.954633
28280,3000,526621.102159
28580,3000,526691.920007
28458,3000,526769.996037
28508,3000,526843.609426
28556,3000,526922.536099
28106,3000,527001.990382
27166,3000,527079.968728
28016,3000,527244.779933
27632,3000,527316.675707
28196,3000,527387.043543
28568,3000,527458.829871
28480,3000,527529.839911
27680,3000,527596.9901
28348,3000,527668.849462
28164,3000,527751.46839
27712,3000,527821.759192
28064,3000,527893.093446
27990,3000,527970.970074
28298,3000,528060.852939
28220,3000,528142.474437
27902,3000,528230.987983
28662,3000,528312.757169
28600,3000,528390.273015
27886,3000,528470.237209
27786,3000,528547.792124
28200,3000,528625.134388
28792,3000,528702.216139
28320,3000,528778.610639
28718,3000,528861.516615
27874,3000,528937.696263
28066,3000,529017.514153
28282,3000,529097.312411
28280,3000,529172.293174
28224,3000,529238.804928
28186,3000,529313.278411
28134,3000,529389.07719
27868,3000,529459.294576
27630,3000,529531.021877
29002,3000,529601.089519
28640,3000,529678.556084
28270,3000,529749.169626
28344,3000,529835.404279
28214,3000,529911.013952
29164,3000,529990.503067
27600,3000,530064.462927
28140,3000,530132.665207
27980,3000,530204.215246
28330,3000,530273.67944
28138,3000,530351.234842
28900,3000,530422.7233
27204,3000,530497.436842
28678,3000,530582.969606
28718,3000,530658.023715
28762,3000,530739.210219
28728,3000,530824.034855
28342,3000,530896.112129
28746,3000,530974.428624
28360,3000,531052.402112
28254,3000,531122.005668
27296,3000,531189.77512
28622,3000,531265.887955
28346,3000,531336.900287
27954,3000,531407.491133
28606,3000,531485.180925
28280,3000,531561.710407
28802,3000,531634.15161
28570,3000,531707.91515
28068,3000,531785.604007
28658,3000,531861.644924
27854,3000,531943.89442
27916,3000,532020.971987
27892,3000,532096.389664
27262,3000,532174.313519
27904,3000,532255.982328
28790,3000,532425.285109
27592,3000,532504.835544
28958,3000,532577.703191
28578,3000,532656.3567
28254,3000,532731.938246
27638,3000,532803.142485
28426,3000,532876.065051
27528,3000,532952.486231
28602,3000,533032.770355
28412,3000,533108.652425
27996,3000,533185.846302
27988,3000,533262.464785
28998,3000,533348.885226
27480,3000,533431.481403
28616,3000,533507.742168
27190,3000,533591.17578
27848,3000,533667.530309
28500,3000,533743.438444
28322,3000,533816.981853
27754,3000,533890.300856
28436,3000,533966.226253
28298,3000,534043.98179
28418,3000,534122.162786
28332,3000,534202.832691
28076,3000,534280.052085
28064,3000,534355.59006
27846,3000,534436.560072
28410,3000,534517.196875
27256,3000,534592.012253
28558,3000,534668.447273
27838,3000,534742.240635
28866,3000,534814.401188
28386,3000,534884.232083
27822,3000,534951.97572
27656,3000,535023.664058
28316,3000,535097.551122
28638,3000,535180.302907
28276,3000,535262.074523
28860,3000,535333.715172
27964,3000,535407.669632
28326,3000,535488.783832
28528,3000,535563.266601
28096,3000,535643.406516
28288,3000,535719.622047
27320,3000,535797.019171
28220,3000,535869.406938
28080,3000,535947.603694
28414,3000,536019.455797
28350,3000,536102.735035
27432,3000,536178.642113
28258,3000,536261.058825
28290,3000,536336.711442
28160,3000,536419.685467
28530,3000,536510.085068
28900,3000,536580.362308
29002,3000,536651.310877
27722,3000,536726.027021
28388,3000,536796.929645
28032,3000,536878.275596
28138,3000,536959.655882
28458,3000,537031.147303
28248,3000,537109.527876
28462,3000,537184.788889
28010,3000,537264.157976
27776,3000,537339.804726
27762,3000,537416.507628
28504,3000,537488.366607
28226,3000,537637.387235
28086,3000,537715.774416
28368,3000,537790.192828
28792,3000,537864.724889
28398,3000,537947.582539
28306,3000,538029.500457
28268,3000,538106.708945
28598,3000,538184.257939
28002,3000,538263.861949
29068,3000,538347.227286
29010,3000,538431.266237
28060,3000,538501.661655
27192,3000,538578.620156
28100,3000,538654.460691
27794,3000,538732.984174
27704,3000,538816.609586
28038,3000,538902.74984
28672,3000,538973.908041
27846,3000,539043.861314
28118,3000,539122.118912
28304,3000,539195.604139
28142,3000,539270.717782
29370,3000,539352.162257
27962,3000,539426.113548
28866,3000,539500.044394
28698,3000,539566.139408
28376,3000,539636.912819
27986,3000,539713.411683
28264,3000,539781.152905
28744,3000,539855.022923
28184,3000,539931.15651
27942,3000,540004.881141
28642,3000,540084.38015
27794,3000,540165.890318
27800,3000,540244.05997
28420,3000,540318.644756
27858,3000,540395.257316
28168,3000,540469.456496
27398,3000,540549.617434
27884,3000,540627.120766
28422,3000,540706.465251
28374,3000,540799.112043
28266,3000,540870.755802
28060,3000,540949.31387
28228,3000,541024.905339
27570,3000,541092.490932
28494,3000,541166.372942
29030,3000,541248.080739
27316,3000,541328.878374
28264,3000,541393.853186
27730,3000,541467.900072
28352,3000,541546.814254
28652,3000,541627.131896
28592,3000,541719.388832
27886,3000,541800.01042
28778,3000,541881.305223
28648,3000,541956.000079
28204,3000,542026.224713
27476,3000,542103.703432
27588,3000,542179.112883
28114,3000,542262.722394
27988,3000,542337.920212
28068,3000,542417.499793
27942,3000,542493.014983
27954,3000,542576.686179
27710,3000,542662.347726
28450,3000,542812.674591
27780,3000,542886.874848
28050,3000,542961.521396
28360,3000,543044.805122
28410,3000,543119.588827
28836,3000,543209.042361
28758,3000,543290.270011
28228,3000,543362.847542
28072,3000,543442.091112
27738,3000,543511.657518
28134,3000,543593.713496
28604,3000,543669.332555
28178,3000,543741.20394
28270,3000,543816.47056
28626,3000,543892.819429
27718,3000,543966.596372
28598,3000,544040.955961
27766,3000,544114.531588
28646,3000,544189.238095
27700,3000,544265.813204
28168,3000,544336.11467
27752,3000,544401.765343
29174,3000,544471.274079
28420,3000,544545.603311
28252,3000,544624.321626
28512,3000,544703.74696
27914,3000,544783.700564
27502,3000,544857.599642
28190,3000,544935.930314
28138,3000,545009.584832
28388,3000,545090.514201
27902,3000,545164.907317
27720,3000,545241.993275
27758,3000,545310.499193
28712,3000,545385.501215
28296,3000,545466.383706
27392,3000,545534.795401
28330,3000,545618.727395
27894,3000,545696.430536
28178,3000,545780.512918
27624,3000,545853.600731
27740,3000,545932.046295
28296,3000,546004.130349
28610,3000,546076.655074
28624,3000,546151.649374
28480,3000,546240.172612
27140,3000,546307.244811
29076,3000,546386.759917
28160,3000,546465.249454
28088,3000,546540.600322
27814,3000,546618.530212
28588,3000,546697.496301
28524,3000,546779.350687
28896,3000,546849.709138
27682,3000,546926.322812
28028,3000,547002.289234
27980,3000,547079.599617
28388,3000,547148.916158
28214,3000,547222.276324
28498,3000,547302.114541
28664,3000,547376.409057
28684,3000,547448.242805
28142,3000,547525.443215
28518,3000,547597.76836
28758,3000,547675.178452
28216,3000,547748.845914
27890,3000,547824.407147
28136,3000,547996.165694
28070,3000,548069.940492
28312,3000,548147.665518
28518,3000,548221.038856
28982,3000,548300.703522
27988,3000,548375.980912
27946,3000,548468.566913
28002,3000,548552.06508
27392,3000,548623.254272
28008,3000,548701.953546
28154,3000,548772.565474
28264,3000,548844.277086
28254,3000,548917.951958
28542,3000,548997.24513
28104,3000,549066.26414
28128,3000,549146.872323
28382,3000,549220.174891
28398,3000,549303.771261
28122,3000,549375.993998
27946,3000,549447.733592
28962,3000,549531.792086
28414,3000,549603.931704
28016,3000,549677.295087
28252,3000,549749.997775
28210,3000,549818.470742
27850,3000,549902.550187
28138,3000,549975.59284
27980,3000,550061.978032
28226,3000,550152.982789
28166,3000,550234.783843
28060,3000,550309.178498
28548,3000,550382.566826
28072,3000,550461.522963
27656,3000,550542.41355
28382,3000,550615.286522
28840,3000,550698.339077
27700,3000,550781.768056
27728,3000,550859.382909
28246,3000,550934.140494
27810,3000,551014.648158
28210,3000,551089.191923
28482,3000,551163.471075
27338,3000,551242.4005
27670,3000,551314.386343
28384,3000,551385.967578
27860,3000,551460.088237
28580,3000,551538.30693
28464,3000,551620.690337
27980,3000,551694.193602
27860,3000,551767.085667
28770,3000,551838.420198
28456,3000,551917.379044
27750,3000,551987.647619
28172,3000,552073.235143
28022,3000,552140.800863
27676,3000,552215.694576
28094,3000,552289.272767
28136,3000,552363.134897
27888,3000,552444.529706
27936,3000,552523.524697
28184,3000,552594.879123
28158,3000,552675.669725
27578,3000,552762.433401
28408,3000,552838.211082
28632,3000,552915.630562
27994,3000,552995.859638
27604,3000,553076.050473
28210,3000,553239.696443
28142,3000,553316.040345
28064,3000,553388.618662
28344,3000,553469.87059
27874,3000,553543.975837
28580,3000,553627.731893
28260,3000,553713.99052
27628,3000,553788.222316
28036,3000,553858.970937
28136,3000,553943.713325
28020,3000,554021.25228
28712,3000,554091.187205
28784,3000,554168.302778
27942,3000,554251.00888
28168,3000,554320.545041
29088,3000,554393.376722
27698,3000,554478.933546
28448,3000,554557.038123
28240,3000,554632.773209
28142,3000,554711.685726
27926,3000,554790.807473
28586,3000,554869.706379
27818,3000,554954.744296
27120,3000,555030.509833
27698,3000,555108.94084
28942,3000,555187.010298
27304,3000,555263.151771
27270,3000,555351.001545
28172,3000,555424.845034
28078,3000,555498.422973
27412,3000,555569.806176
28262,3000,555650.570671
28486,3000,555726.772885
27688,3000,555810.96563
27698,3000,555889.352403
28266,3000,555961.232181
28104,3000,556036.873696
27996,3000,556110.459221
28406,3000,556190.176164
27910,3000,556271.136313
27442,3000,556348.319533
28536,3000,556434.233228
27694,3000,556510.265814
27682,3000,556583.721215
28140,3000,556656.932397
28546,3000,556740.994504
27966,3000,556814.413632
27660,3000,556896.744963
28412,3000,556980.913765
28712,3000,557059.196634
28020,3000,557132.496639
27708,3000,557207.528893
28338,3000,557284.757779
28242,3000,557360.096892
27794,3000,557439.552525
28228,3000,557522.047584
28590,3000,557593.828467
28026,3000,557668.851183
28266,3000,557745.927697
28242,3000,557826.794571
28464,3000,557911.231936
27594,3000,557981.8416
27542,3000,558056.839737
28258,3000,558132.549789
27466,3000,558198.360753
28130,3000,558270.112784
28372,3000,558429.225035
28684,3000,558502.991519
27850,3000,558585.672604
28140,3000,558664.23852
28112,3000,558733.831103
27366,3000,558813.392263
27866,3000,558891.743108
27142,3000,558968.844387
27414,3000,559035.416973
28242,3000,559109.23796
28238,3000,559183.912173
28356,3000,559264.409132
27684,3000,559347.442521
28296,3000,559429.744855
28488,3000,559511.270547
28222,3000,559590.603707
28446,3000,559672.092214
28104,3000,559749.847339
28246,3000,559833.21737
27608,3000,559905.596774
27780,3000,559984.003717
27918,3000,560062.20024
27650,3000,560137.860091
28376,3000,560230.742435
28214,3000,560310.832325
27072,3000,560389.528773
27328,3000,560470.506494
28088,3000,560548.856283
28314,3000,560623.980659
26994,3000,560701.120388
28320,3000,560776.242027
28410,3000,560848.656588
26378,3000,560921.726691
28816,3000,560999.527286
28170,3000,561072.90947
28350,3000,561152.827567
27846,3000,561232.687024
28598,3000,561307.216135
28866,3000,561387.288526
28372,3000,561469.980245
27774,3000,561545.393831
28194,3000,561625.40068
27946,3000,561701.494999
28168,3000,561771.819471
28466,3000,561850.900717
27664,3000,561927.3075
27390,3000,562010.460778
28064,3000,562097.811911
28128,3000,562182.080246
28474,3000,562256.349028
28828,3000,562333.688601
28182,3000,562409.436512
28530,3000,562487.601974
27984,3000,562563.583912
28266,3000,562641.207532
27600,3000,562717.201701
27314,3000,562795.561927
28074,3000,562867.97269
28092,3000,562944.091431
28128,3000,563015.656981
28310,3000,563088.523044
27608,3000,563161.511447
28314,3000,563234.686415
28256,3000,563300.75951
27678,3000,563368.020911
28144,3000,563444.358002
28120,3000,563528.979318
27524,3000,563675.629607
28712,3000,563747.561994
27814,3000,563819.718533
27868,3000,563896.3101
27462,3000,563972.955705
27806,3000,564042.611632
28674,3000,564131.638245
27066,3000,564208.253391
28094,3000,564283.640514
28096,3000,564357.760644
27932,3000,564434.886855
28102,3000,564508.254505
28082,3000,564596.924581
27842,3000,564669.62068
28242,3000,564745.942774
28634,3000,564822.673473
27972,3000,564903.91041
28000,3000,564982.239937
28142,3000,565054.942239
27964,3000,565123.794333
28150,3000,565208.867517
28160,3000,565286.293141
27868,3000,565374.690406
28128,3000,565449.405084
28092,3000,565525.51964
28648,3000,565599.153999
27922,3000,565672.579823
27768,3000,565755.085932
28150,3000,565829.613324
28196,3000,565906.915002
28014,3000,565981.908907
27728,3000,566051.036281
27574,3000,566120.722438
27730,3000,566213.256663
27406,3000,566292.456105
28008,3000,566372.016846
28456,3000,566457.031535
27374,3000,566540.03442
28818,3000,566616.088184
28230,3000,566698.138457
27132,3000,566783.035703
28556,3000,566855.434841
28628,3000,566927.703341
27818,3000,566998.313183
27564,3000,567079.187724
28772,3000,567156.928716
28416,3000,567235.646039
27802,3000,567317.400219
28186,3000,567393.551474
28750,3000,567485.517549
27470,3000,567568.366272
28360,3000,567642.057067
27888,3000,567710.141366
27716,3000,567785.559489
27734,3000,567870.744734
28472,3000,567946.92532
28518,3000,568018.123115
27804,3000,568098.404665
28776,3000,568168.142167
27646,3000,568247.821093
28080,3000,568330.869393
28140,3000,568401.41053
28140,3000,568472.093927
28396,3000,568549.412665
27658,3000,568625.874995
28210,3000,568704.824166
27410,3000,568779.720616
28116,3000,568949.170501
28486,3000,569028.1551
29066,3000,569102.988433
27928,3000,569187.834709
28004,3000,569259.071762
28818,3000,569340.941494
27530,3000,569419.782912
26800,3000,569495.185979
28194,3000,569578.239908
28244,3000,569649.681213
27942,3000,569729.700144
29064,3000,569797.466401
28500,3000,569859.586382
27602,3000,569933.099989
28294,3000,570006.942479
28562,3000,570077.748418
27890,3000,570146.678792
27856,3000,570231.66584
27978,3000,570305.198455
27976,3000,570375.201338
27746,3000,570446.368979
28492,3000,570516.708702
28564,3000,570588.245079
28820,3000,570667.447918
27680,3000,570744.471842
27856,3000,570811.085079
28932,3000,570880.453944
27324,3000,570952.251609
28202,3000,571029.304703
28278,3000,571102.63075
27590,3000,571188.616332
27552,3000,571260.209459
27736,3000,571332.606682
28038,3000,571404.383699
28210,3000,571472.020184
28222,3000,571549.823092
27626,3000,571622.210586
28062,3000,571702.294709
27728,3000,571779.012369
28404,3000,571856.282176
27948,3000,571941.965155
28888,3000,572019.82232
27888,3000,572101.46475
28270,3000,572181.432555
28174,3000,572259.076928
27494,3000,572331.914074
28034,3000,572408.75301
28500,3000,572485.030515
28924,3000,572563.292678
28032,3000,572648.038806
28052,3000,572716.833339
28150,3000,572795.848695
28140,3000,572880.64823
27886,3000,572959.830676
28556,3000,573028.503721
27408,3000,573097.343021
28094,3000,573176.193053
28318,3000,573245.656722
28098,3000,573321.982449
28006,3000,573387.786891
27998,3000,573459.091908
28190,3000,573543.494565
28558,3000,573622.060419
27728,3000,573699.205008
27960,3000,573774.973597
27936,3000,573848.504617
28080,3000,574010.501471
28370,3000,574094.768201
28310,3000,574172.137243
28148,3000,574245.691749
28256,3000,574329.112915
28140,3000,574409.189206
28824,3000,574490.032883
28614,3000,574559.657026
27938,3000,574639.480507
28202,3000,574712.6872
28132,3000,574793.559641
28640,3000,574865.893742
28256,3000,574938.627505
28416,3000,575007.90418
28324,3000,575084.16994
28372,3000,575161.360482
28502,3000,575239.687765
27938,3000,575316.388011
28374,3000,575398.1901
28384,3000,575477.798206
28254,3000,575552.850149
28310,3000,575634.287844
28682,3000,575705.933941
28150,3000,575782.644472
27400,3000,575852.96669
28288,3000,575946.12526
28046,3000,576023.706225
27658,3000,576096.117612
27924,3000,576175.901404
28534,3000,576254.693779
28958,3000,576335.767113
28172,3000,576421.09256
27586,3000,576495.22749
27456,3000,576570.202632
27270,3000,576658.627973
27942,3000,576729.388644
28248,3000,576803.691089
27630,3000,576867.658139
28298,3000,576935.447561
28664,3000,577021.426347
27904,3000,577092.370629
28394,3000,577174.051293
28072,3000,577244.101101
28270,3000,577321.132808
28052,3000,577394.597066
28676,3000,577474.072093
27776,3000,577548.411706
28322,3000,577628.525485
28008,3000,577704.944876
28528,3000,577787.523682
28206,3000,577858.038379
28702,3000,577935.072579
28616,3000,578014.19901
28116,3000,578091.543046
28002,3000,578170.083509
27050,3000,578248.887442
28548,3000,578318.509818
28182,3000,578397.237417
28142,3000,578471.685006
27946,3000,578539.933681
27810,3000,578607.520002
27726,3000,578686.563525
29120,3000,578765.842151
27956,3000,578841.451877
27910,3000,578917.09515
28204,3000,578991.585733
28430,3000,579072.453361
28356,3000,579229.398523
28190,3000,579300.003375
28050,3000,579370.05749
28180,3000,579451.858454
28362,3000,579523.644864
28542,3000,579602.112873
28200,3000,579673.656154
27748,3000,579742.720855
27908,3000,579818.678231
28108,3000,579893.743457
27974,3000,579965.424915
28044,3000,580038.343162
27952,3000,580111.967292
28048,3000,580181.493429
27736,3000,580258.963142
28784,3000,580348.043429
28626,3000,580419.483845
27986,3000,580491.449337
28644,3000,580566.51845
28308,3000,580639.287872
27730,3000,580708.550257
28600,3000,580784.882718
28354,3000,580857.891974
27602,3000,580926.649402
28498,3000,581005.010352
28064,3000,581082.983506
27788,3000,581146.427988
28298,3000,581219.275654
28406,3000,581292.734534
28948,3000,581365.767473
27590,3000,581439.208318
28286,3000,581514.73655
28458,3000,581589.790704
28546,3000,581665.87061
28252,3000,581744.697938
28852,3000,581820.750757
28372,3000,581892.137586
28408,3000,581969.75441
27990,3000,582048.216295
28340,3000,582121.443001
28408,3000,582193.326452
27490,3000,582262.199087
27998,3000,582332.394564
28130,3000,582405.570087
28526,3000,582479.710259
28336,3000,582555.331538
28682,3000,582633.825287
28768,3000,582712.67904
27660,3000,582789.452588
28620,3000,582865.697189
28874,3000,582946.461162
28332,3000,583029.825053
28300,3000,583107.942417
28096,3000,583184.450783
28052,3000,583257.585837
28344,3000,583331.559569
27616,3000,583399.052775
28940,3000,583474.031702
27818,3000,583542.960479
28566,3000,583616.067571
28138,3000,583696.5516
28326,3000,583766.136312
28306,3000,583850.27389
28194,3000,583923.391294
28270,3000,584001.845865
28756,3000,584074.293367
28598,3000,584152.43768
28262,3000,584299.418947
28452,3000,584380.054432
28438,3000,584447.777518
28578,3000,584530.124257
28570,3000,584608.531713
28054,3000,584677.892931
28460,3000,584761.380448
27842,3000,584835.4061
28360,3000,584911.004688
27644,3000,584982.733119
28016,3000,585059.326641
28142,3000,585129.843818
27684,3000,585203.542683
28566,3000,585273.505279
28658,3000,585345.088157
28276,3000,585418.569984
27844,3000,585497.948416
27784,3000,585572.242306
28196,3000,585645.358119
28448,3000,585717.395926
28254,3000,585793.820722
28760,3000,585873.304674
28474,3000,585945.055254
28300,3000,586022.589559
28116,3000,586094.123155
28122,3000,586165.651627
28366,3000,586249.022165
28566,3000,586316.619683
27988,3000,586392.903646
28368,3000,586460.617831
27916,3000,586528.551972
27926,3000,586600.78536
29196,3000,586685.02778
28126,3000,586767.229256
28314,3000,586845.890394
28212,3000,586920.106375
28954,3000,586997.347362
28560,3000,587075.716202
28574,3000,587159.335913
28530,3000,587235.584775
27692,3000,587308.098032
28218,3000,587385.632106
28336,3000,587461.526449
28600,3000,587536.130714
28396,3000,587609.846939
28238,3000,587681.532086
29216,3000,587757.554641
28708,3000,587836.915911
28148,3000,587907.30348
29086,3000,587990.885553
28142,3000,588063.222223
28386,3000,588133.59642
28354,3000,588216.279431
28194,3000,588292.058356
28182,3000,588359.636892
28100,3000,588429.720592
28198,3000,588505.594295
28276,3000,588584.827422
28402,3000,588657.475015
29024,3000,588734.28388
28294,3000,588809.942308
27714,3000,588886.547357
28164,3000,588958.877043
27948,3000,589041.563116
28216,3000,589108.184754
28600,3000,589183.603352
27996,3000,589336.739179
28554,3000,589412.142434
27782,3000,589484.678849
27638,3000,589556.215586
28398,3000,589629.966405
27142,3000,589700.897683
27980,3000,589783.611258
28578,3000,589869.141798
27898,3000,589945.756451
27910,3000,590016.203462
28158,3000,590087.13459
27942,3000,590158.035084
28334,3000,590248.695877
28504,3000,590327.23725
28266,3000,590391.806954
28240,3000,590461.514142
28738,3000,590541.307661
27884,3000,590605.214828
28172,3000,590674.390287
27772,3000,590743.846599
28560,3000,590814.849484
28778,3000,590889.407658
28662,3000,590966.801821
27782,3000,591046.649981
28968,3000,591122.777538
28078,3000,591204.775271
27866,3000,591268.758579
28048,3000,591348.688291
27970,3000,591426.581283
28488,3000,591507.41954
27338,3000,591585.6909
28564,3000,591678.663377
27416,3000,591755.288791
28194,3000,591831.720964
27822,3000,591898.477372
28290,3000,591973.546346
28822,3000,592049.227021
28536,3000,592117.702192
27988,3000,592188.280598
28958,3000,592262.65445
28308,3000,592334.075129
28206,3000,592405.426781
28280,3000,592484.271528
28386,3000,592563.197287
28336,3000,592631.824387
28806,3000,592717.324479
27928,3000,592791.61373
28230,3000,592872.94359
28146,3000,592942.236206
28302,3000,593027.311377
27914,3000,593101.186873
28498,3000,593169.347661
28020,3000,593249.18882
28118,3000,593322.002015
29100,3000,593395.293093
28112,3000,593468.202679
27618,3000,593538.004738
28250,3000,593611.560138
28200,3000,593691.996423
27824,3000,593762.72944
28210,3000,593832.975987
28708,3000,593907.270062
28906,3000,593977.14326
28722,3000,594052.859466
28632,3000,594126.326633
28034,3000,594196.478246
27880,3000,594266.999792
28336,3000,594417.560567
28742,3000,594493.029809
28330,3000,594567.170974
28990,3000,594646.453336
28378,3000,594733.443092
27664,3000,594805.998194
28668,3000,594883.587394
27580,3000,594956.429838
28484,3000,595027.242982
28442,3000,595102.508929
27692,3000,595165.751834
28674,3000,595242.577449
27784,3000,595309.044534
28590,3000,595386.3251
28058,3000,595458.944476
28722,3000,595530.311268
27518,3000,595605.620301
28090,3000,595680.522128
27828,3000,595758.469158
28414,3000,595833.116392
28580,3000,595912.178363
28712,3000,595987.689495
28250,3000,596053.882531
28510,3000,596128.795722
28240,3000,596194.661116
28138,3000,596283.89085
28330,3000,596354.004945
28466,3000,596434.93855
27658,3000,596514.376453
28362,3000,596594.2689
28568,3000,596672.99851
28098,3000,596754.530981
28386,3000,596824.500079
27924,3000,596892.162558
28044,3000,596973.383526
28758,3000,597052.774674
28574,3000,597125.515539
28098,3000,597205.360215
27850,3000,597280.996954
27982,3000,597357.094846
28722,3000,597431.427422
28280,3000,597499.335322
28138,3000,597571.346711
27900,3000,597646.739827
28004,3000,597722.913832
28578,3000,597799.36054
27566,3000,597870.138078
27876,3000,597931.168683
28160,3000,598013.02401
27746,3000,598084.632474
27676,3000,598161.983047
28274,3000,598244.032114
28718,3000,598322.380154
27784,3000,598401.157624
28162,3000,598475.733903
28702,3000,598558.107967
28724,3000,598634.069185
27772,3000,598710.697448
28124,3000,598791.020385
27864,3000,598871.15696
28552,3000,598946.901332
27824,3000,599017.854752
28468,3000,599095.06609
27860,3000,599168.488554
27904,3000,599249.696923
28610,3000,599329.687137
28340,3000,599407.475961
27964,3000,599558.951145
27306,3000,599636.83793
27670,3000,599710.47381
27316,3000,599786.894672
28092,3000,599860.184242
28374,3000,599932.744324
28604,3000,600009.18249
28406,3000,600079.529501
28676,3000,600155.810215
28152,3000,600231.998066
28132,3000,600308.115736
27060,3000,600381.709217
27666,3000,600451.988808
27722,3000,600525.564948
28214,3000,600600.245811
27772,3000,600675.690672
28374,3000,600749.459498
28784,3000,600827.30251
28352,3000,600907.102364
27810,3000,600979.61604
28352,3000,601058.95323
27784,3000,601139.078382
27738,3000,601213.204258
28096,3000,601289.205696
27556,3000,601367.859992
27960,3000,601445.446554
28272,3000,601522.396398
28692,3000,601604.076895
28134,3000,601687.252017
28220,3000,601761.739008
28452,3000,601839.178754
28174,3000,601912.015986
27496,3000,601992.815002
28228,3000,602065.3527
28310,3000,602144.747419
27872,3000,602230.525209
28008,3000,602310.795405
28048,3000,602387.703501
27646,3000,602465.089427
28160,3000,602536.521174
28204,3000,602612.93918
28396,3000,602691.843731
28068,3000,602766.947774
27628,3000,602843.326819
28260,3000,602921.713398
28014,3000,603004.710169
27942,3000,603082.77849
28026,3000,603157.851989
27254,3000,603228.020167
28204,3000,603315.519969
28528,3000,603395.343224
28780,3000,603472.454633
28122,3000,603550.02455
27636,3000,603627.721607
27636,3000,603697.706165
28472,3000,603768.952287
28632,3000,603851.625317
28710,3000,603931.697221
28134,3000,604006.778075
27498,3000,604077.065569
28138,3000,604150.52807
28712,3000,604224.693597
28084,3000,604297.848467
28424,3000,604377.557533
27520,3000,604450.565443
28028,3000,604521.929322
27680,3000,604689.73035
28034,3000,604756.997108
28334,3000,604831.30499
28616,3000,604917.809806
28406,3000,604995.931878
28210,3000,605069.927438
28020,3000,605142.968038
28762,3000,605222.997914
28316,3000,605297.134267
28238,3000,605376.363326
28506,3000,605443.742257
28010,3000,605518.696457
28280,3000,605591.573194
27452,3000,605669.178332
28108,3000,605749.034042
28010,3000,605828.645229
28364,3000,605907.989213
28014,3000,605988.833254
28686,3000,606062.892682
28086,3000,606140.626147
27980,3000,606213.895954
27708,3000,606302.347453
28498,3000,606386.487711
27572,3000,606460.718883
28300,3000,606546.506024
28518,3000,606624.993448
28428,3000,606703.730416
27692,3000,606784.931329
27706,3000,606866.642594
28302,3000,606943.583024
27450,3000,607010.951678
27590,3000,607092.350002
28342,3000,607174.08566
26900,3000,607254.313983
27680,3000,607337.212275
28288,3000,607415.321907
28080,3000,607507.165965
28088,3000,607585.330133
27808,3000,607663.553297
28332,3000,607748.802901
27252,3000,607828.184409
27410,3000,607904.54239
28550,3000,607978.922292
27930,3000,608049.884774
28012,3000,608122.121221
28274,3000,608194.434339
27502,3000,608278.681267
28222,3000,608357.234003
28708,3000,608429.141424
28564,3000,608520.023406
27958,3000,608604.147418
27760,3000,608676.986953
27478,3000,608756.86784
27960,3000,608832.491037
28048,3000,608914.174545
27904,3000,608988.506034
27860,3000,609067.957375
27904,3000,609150.065492
27638,3000,609227.416378
27810,3000,609315.850183
27224,3000,609391.835969
28198,3000,609469.937189
28104,3000,609555.29877
28114,3000,609629.2981
27556,3000,609711.195747
27824,3000,609786.415578
28042,3000,609862.2589
27734,3000,610019.352771
27926,3000,610096.981808
27116,3000,610175.475469
27708,3000,610254.568564
27736,3000,610332.002765
28812,3000,610408.55658
28558,3000,610486.30373
27308,3000,610564.536979
28352,3000,610641.600043
28090,3000,610721.24316
28408,3000,610806.15782
28086,3000,610887.405181
27694,3000,610971.28417
26928,3000,611047.272449
27918,3000,611119.696247
27956,3000,611202.615956
27892,3000,611285.001017
27522,3000,611357.644029
27550,3000,611434.824786
27410,3000,611511.556403
27816,3000,611592.231796
28028,3000,611668.840824
27048,3000,611753.642877
27742,3000,611832.160566
27380,3000,611914.826838
26620,3000,611992.721483
27532,3000,612068.231359
27900,3000,612154.700439
28316,3000,612235.727197
27708,3000,612314.745756
27712,3000,612400.777332
27770,3000,612479.974344
27322,3000,612554.866276
28428,3000,612635.288311
28102,3000,612716.159407
27012,3000,612794.733296
27294,3000,612869.381438
27764,3000,612942.657559
27318,3000,613025.425631
28014,3000,613105.486874
27620,3000,613181.050615
27802,3000,613271.280255
27658,3000,613352.623755
27994,3000,613433.683865
28032,3000,613508.40291
27988,3000,613587.728881
27574,3000,613661.042777
27888,3000,613742.570021
28114,3000,613829.45221
27468,3000,613907.292791
27718,3000,613988.961988
28108,3000,614073.647018
27636,3000,614152.095128
27046,3000,614236.231003
28382,3000,614329.720791
27478,3000,614413.864936
27896,3000,614496.474891
27704,3000,614581.254247
28290,3000,614663.282135
27246,3000,614744.212868
27624,3000,614823.039055
27166,3000,614902.741364
26540,3000,614973.100128
27032,3000,615053.468742
26694,3000,615137.732353
27268,3000,615219.83359
27118,3000,615302.646607
27410,3000,615476.876052
26742,3000,615555.621419
27008,3000,615638.545348
26760,3000,615725.350536
26992,3000,615814.221314
27328,3000,615901.405823
27818,3000,615979.441474
28376,3000,616068.501513
27202,3000,616155.638403
28070,3000,616231.467103
27450,3000,616304.35051
27512,3000,616385.446315
28176,3000,616467.107569
27406,3000,616545.789299
27720,3000,616627.650007
28110,3000,616711.871304
27042,3000,616787.264853
27976,3000,616867.048114
27348,3000,616951.561854
27568,3000,617033.101195
27682,3000,617116.329607
27358,3000,617193.911113
26870,3000,617278.0847
26090,3000,617355.693447
27406,3000,617447.612917
27608,3000,617525.018598
27666,3000,617605.277308
27540,3000,617688.772421
27670,3000,617770.887406
28250,3000,617849.909448
28160,3000,617924.358754
27742,3000,618006.199355
26870,3000,618089.04925
27346,3000,618162.297621
27374,3000,618239.087154
26524,3000,618314.705538
27612,3000,618391.273778
28364,3000,618470.4966
28426,3000,618554.602919
28508,3000,618632.387736
27258,3000,618709.347149
27514,3000,618793.40394
26464,3000,618885.863456
27782,3000,618965.248709
27376,3000,619048.431548
27326,3000,619127.595219
27690,3000,619208.198215
27646,3000,619279.855695
27554,3000,619356.455964
27312,3000,619430.533327
28542,3000,619513.571306
28288,3000,619594.283386
27220,3000,619671.02207
27504,3000,619754.847593
27968,3000,619836.226838
27484,3000,619919.600926
28152,3000,619997.352288
27528,3000,620080.450634
28032,3000,620168.054291
26860,3000,620241.727889
28118,3000,620320.910187
27610,3000,620403.831851
27310,3000,620481.849448
28166,3000,620563.167926
27854,3000,620636.252361
27762,3000,620722.817109
27866,3000,620879.767935
28892,3000,620962.179813
28502,3000,621043.293436
28024,3000,621114.188934
27980,3000,621189.324313
28090,3000,621256.953727
27748,3000,621334.741186
28428,3000,621412.119678
28650,3000,621497.620675
27224,3000,621579.988186
27564,3000,621665.186013
27844,3000,621737.250742
28216,3000,621809.612145
27484,3000,621894.211632
28154,3000,621979.55729
27792,3000,622063.841242
27334,3000,622136.890753
28188,3000,622213.980139
28202,3000,622299.005424
27920,3000,622378.349386
28660,3000,622465.699044
28356,3000,622550.731539
28146,3000,622634.039782
26960,3000,622710.139801
28132,3000,622789.775486
28016,3000,622873.070913
27928,3000,622960.455046
27828,3000,623046.012053
28032,3000,623133.110783
27498,3000,623222.42996
28104,3000,623302.604182
28306,3000,623388.849695
27540,3000,623479.217168
28682,3000,623564.061468
28170,3000,623645.315233
27606,3000,623735.948136
27826,3000,623816.768505
28106,3000,623891.379585
28402,3000,623971.892323
28222,3000,624055.546518
28266,3000,624142.094311
28554,3000,624223.788945
27612,3000,624314.959951
29178,3000,624402.97655
29352,3000,624486.097413
28062,3000,624570.665791
27864,3000,624649.127087
27722,3000,624725.673459
27670,3000,624811.453773
27332,3000,624893.30461
27788,3000,624973.37059
28318,3000,625062.267673
28696,3000,625151.784647
28600,3000,625236.6496
28570,3000,625322.717394
28054,3000,625405.273362
27228,3000,625476.904211
27740,3000,625555.443312
28250,3000,625638.700852
27238,3000,625719.895638
27986,3000,625802.264373
28526,3000,625884.743262
28500,3000,625967.128573
27708,3000,626050.227492
27898,3000,626123.221809
28320,3000,626205.914897
28232,3000,626281.934572
28708,3000,626445.468797
28300,3000,626517.358232
27776,3000,626587.767873
28288,3000,626669.478997
27774,3000,626742.538442
28268,3000,626821.71872
28694,3000,626902.903858
28804,3000,626982.541435
28254,3000,627072.57265
28602,3000,627149.169474
28082,3000,627231.651694
28526,3000,627310.18705
28630,3000,627391.928596
28954,3000,627470.170825
28484,3000,627546.257009
28342,3000,627631.599766
28248,3000,627707.910097
27980,3000,627785.916696
28122,3000,627869.76015
28200,3000,627948.25668
28738,3000,628033.929547
27380,3000,628109.220913
28242,3000,628188.09659
28380,3000,628271.275289
28074,3000,628345.222566
28180,3000,628427.713592
28026,3000,628505.520859
27914,3000,628582.507066
28390,3000,628669.515934
27994,3000,628742.207957
28330,3000,628813.805883
28638,3000,628893.392222
28266,3000,628982.431034
28540,3000,629062.701177
28080,3000,629148.278909
28240,3000,629223.011234
28600,3000,629299.961364
29188,3000,629378.953759
28132,3000,629454.785644
28178,3000,629532.209541
28684,3000,629608.168291
28810,3000,629689.83349
28458,3000,629769.052354
28506,3000,629845.328151
28590,3000,629926.922776
28460,3000,630011.273584
28712,3000,630092.445777
28194,3000,630167.643765
28838,3000,630244.58461
27902,3000,630325.47311
28486,3000,630401.884977
28104,3000,630484.48778
28376,3000,630563.252404
28440,3000,630646.557483
27960,3000,630728.617956
28230,3000,630803.378094
28190,3000,630881.718252
28558,3000,630963.505935
28332,3000,631038.721068
27892,3000,631124.357915
28000,3000,631197.942502
28252,3000,631274.458095
28934,3000,631347.028998
28566,3000,631426.403746
28620,3000,631501.971842
27856,3000,631574.829821
28636,3000,631650.286751
29254,3000,631828.133587
28214,3000,631908.829867
28390,3000,631985.982398
29052,3000,632062.28391
28758,3000,632143.329195
27730,3000,632215.535115
28798,3000,632296.411577
28110,3000,632370.540033
28046,3000,632452.578604
28266,3000,632536.101633
28334,3000,632622.127936
28102,3000,632700.123356
29238,3000,632774.029082
28600,3000,632850.180692
28320,3000,632928.265817
28486,3000,633009.168344
28180,3000,633088.795714
28250,3000,633168.441949
27830,3000,633239.366984
28704,3000,633318.137107
28132,3000,633393.437102
28044,3000,633471.065199
28388,3000,633558.429859
28630,3000,633640.508358
28472,3000,633714.375479
28588,3000,633791.191347
28048,3000,633868.661736
28608,3000,633945.818413
28786,3000,634016.509505
28138,3000,634096.459839
28734,3000,634177.863397
28074,3000,634259.472294
27568,3000,634336.025702
28092,3000,634418.205561
28694,3000,634493.649907
28280,3000,634571.414596
28444,3000,634649.476405
28192,3000,634730.096276
27946,3000,634808.679266
27944,3000,634883.883898
27718,3000,634949.257963
27932,3000,635028.659122
27688,3000,635114.819448
27908,3000,635194.621234
28282,3000,635272.234219
28046,3000,635352.039618
28004,3000,635430.49155
28114,3000,635504.305967
27794,3000,635588.932826
27918,3000,635670.621514
28146,3000,635755.294053
28286,3000,635834.058927
28424,3000,635909.905427
28746,3000,635989.323472
28496,3000,636067.697596
28040,3000,636139.258404
29062,3000,636222.298506
28560,3000,636299.86456
28526,3000,636378.372245
28702,3000,636460.370883
28262,3000,636542.353356
27438,3000,636629.996505
27778,3000,636714.719423
27444,3000,636790.338578
28952,3000,636867.921766
27918,3000,636944.927486
28354,3000,637127.865061
27656,3000,637205.106365
29092,3000,637289.743397
28268,3000,637365.410087
27888,3000,637444.062238
28456,3000,637517.397661
28068,3000,637595.600822
28606,3000,637673.59065
28358,3000,637759.300315
28478,3000,637834.905001
28218,3000,637912.630428
27970,3000,637994.434649
28628,3000,638075.955216
28734,3000,638153.327709
28832,3000,638225.511078
28302,3000,638302.672498
28224,3000,638381.84483
28660,3000,638463.218765
28320,3000,638549.550426
27768,3000,638619.69453
28606,3000,638695.415913
28834,3000,638771.676533
28162,3000,638853.134755
28812,3000,638924.639169
29164,3000,639005.921351
27872,3000,639079.938967
28820,3000,639160.372717
28114,3000,639240.284458
28112,3000,639319.266767
28234,3000,639392.911764
28682,3000,639469.643697
28316,3000,639548.470209
28444,3000,639625.019713
28158,3000,639695.933526
27456,3000,639766.944032
28658,3000,639850.065037
28264,3000,639926.080974
27618,3000,640001.696674
28494,3000,640084.052137
27384,3000,640162.966115
28460,3000,640243.217868
28566,3000,640324.273136
27602,3000,640403.852132
28212,3000,640489.455781
28568,3000,640572.699866
28442,3000,640659.690975
28116,3000,640735.479712
28806,3000,640815.389149
28028,3000,640894.829242
28614,3000,640975.776196
28092,3000,641062.247997
28248,3000,641134.209223
28346,3000,641219.454211
28510,3000,641296.87288
29212,3000,641377.479514
28598,3000,641454.503552
28366,3000,641529.451696
28458,3000,641602.193009
28100,3000,641678.136631
28390,3000,641760.427959
27992,3000,641837.761186
28890,3000,641918.787758
28060,3000,641994.018868
28046,3000,642064.707874
28228,3000,642143.680084
28146,3000,642216.507406
28596,3000,642296.072268
28046,3000,642453.421283
28884,3000,642532.657014
27982,3000,642602.878837
28744,3000,642683.156144
28166,3000,642759.388055
28182,3000,642830.253336
28132,3000,642905.50508
28312,3000,642979.912255
28424,3000,643057.209031
28244,3000,643133.046871
28132,3000,643212.240879
28532,3000,643287.075034
29004,3000,643361.159866
28624,3000,643450.379228
27978,3000,643536.144933
28378,3000,643620.461572
28468,3000,643701.88915
28568,3000,643783.347895
28190,3000,643858.517864
28136,3000,643935.993353
28620,3000,644011.81559
27892,3000,644091.43959
28854,3000,644169.224251
28584,3000,644259.078984
27864,3000,644338.710216
28266,3000,644414.252389
28076,3000,644493.356713
28180,3000,644574.186116
28070,3000,644652.885246
27912,3000,644735.59747
28990,3000,644813.378639
28588,3000,644892.887702
28092,3000,644969.306054
28340,3000,645047.778558
28720,3000,645131.257169
28634,3000,645207.945299
28518,3000,645286.902856
28496,3000,645362.253333
28286,3000,645435.800656
27748,3000,645507.716143
27968,3000,645586.968125
28752,3000,645663.253025
28508,3000,645740.701058
28170,3000,645815.168732
27992,3000,645896.223303
27882,3000,645973.819962
27960,3000,646048.963136
29016,3000,646129.655542
28240,3000,646206.247436
28030,3000,646286.670633
28094,3000,646369.02243
28536,3000,646447.25991
28372,3000,646519.77107
28818,3000,646599.642446
28416,3000,646680.636622
27850,3000,646765.541074
27632,3000,646841.628274
29116,3000,646930.601595
28556,3000,647009.321236
28584,3000,647083.155133
28544,3000,647157.685143
28156,3000,647234.404429
28240,3000,647311.750602
28338,3000,647385.818915
27854,3000,647464.624839
27764,3000,647539.518085
28078,3000,647618.674226
27872,3000,647783.562861
28104,3000,647862.134632
28740,3000,647946.165493
28100,3000,648023.015069
28254,3000,648102.046896
27996,3000,648177.617192
28414,3000,648258.851445
28084,3000,648333.43953
28542,3000,648409.701149
28198,3000,648483.516755
28780,3000,648569.335544
28764,3000,648648.586679
28362,3000,648723.573342
28462,3000,648805.735279
28312,3000,648884.41438
28490,3000,648964.933529
27698,3000,649042.889049
28038,3000,649119.455474
28098,3000,649190.277915
28312,3000,649274.061816
28078,3000,649348.125588
28848,3000,649421.105264
28648,3000,649497.700011
28210,3000,649574.379827
28822,3000,649655.451137
28180,3000,649731.028859
28420,3000,649807.620145
28288,3000,649882.048043
28564,3000,649952.794922
28016,3000,650026.858747
28456,3000,650111.835687
27970,3000,650192.262642
27916,3000,650273.617532
28310,3000,650348.630756
28186,3000,650430.964346
28198,3000,650511.295799
27838,3000,650585.925395
28632,3000,650668.71641
28496,3000,650745.223681
27454,3000,650814.834612
28264,3000,650892.210561
28090,3000,650963.708596
27774,3000,651044.697236
29044,3000,651123.828267
28138,3000,651205.687779
27430,3000,651281.652568
27492,3000,651347.358577
28102,3000,651429.074785
27334,3000,651503.522196
28478,3000,651585.500468
27918,3000,651660.604111
28202,3000,651738.31118
28072,3000,651814.398347
29244,3000,651897.673915
27978,3000,651975.830178
28344,3000,652045.599624
28338,3000,652127.44078
28226,3000,652211.471397
28654,3000,652290.006614
28626,3000,652367.765097
28348,3000,652444.242985
27220,3000,652517.701628
28238,3000,652592.810233
28518,3000,652667.838233
28484,3000,652747.148164
28568,3000,652818.431696
28118,3000,652994.559405
28692,3000,653079.620771
28956,3000,653157.902573
28628,3000,653238.125546
28424,3000,653318.681861
28656,3000,653400.061879
28756,3000,653480.132195
28436,3000,653558.767713
28318,3000,653641.446318
28834,3000,653721.468887
28166,3000,653801.794258
28304,3000,653884.896796
28922,3000,653968.705702
28706,3000,654042.919892
28200,3000,654123.74802
28064,3000,654201.152012
28524,3000,654274.305943
28272,3000,654348.875524
27944,3000,654430.938564
28188,3000,654507.210335
28046,3000,654584.343974
28334,3000,654659.276251
28966,3000,654737.099474
28248,3000,654815.517168
28508,3000,654897.759568
27716,3000,654975.029404
28544,3000,655058.681791
28642,3000,655139.170315
28822,3000,655211.107817
27928,3000,655288.023524
28152,3000,655366.842341
28604,3000,655443.865279
28276,3000,655517.998684
28444,3000,655591.511851
28658,3000,655667.252807
28324,3000,655739.916872
28666,3000,655825.669727
28482,3000,655904.482355
27724,3000,655984.647563
28622,3000,656063.664586
28568,3000,656142.178843
28314,3000,656213.197387
28174,3000,656286.435657
28572,3000,656369.729204
28886,3000,656445.669174
28282,3000,656521.933875
28384,3000,656604.972583
28510,3000,656678.502815
27792,3000,656754.626258
28592,3000,656834.299723
28174,3000,656914.481431
28258,3000,656990.613935
28474,3000,657066.386511
27928,3000,657144.279073
28210,3000,657222.640506
28384,3000,657296.364678
28506,3000,657380.46578
28290,3000,657456.80691
28484,3000,657537.726274
28746,3000,657617.456103
27960,3000,657697.744167
28692,3000,657785.344002
28030,3000,657862.523126
28120,3000,657941.921648
27792,3000,658020.101111
28324,3000,658104.27643
28660,3000,658184.283834
28408,3000,658349.735415
28454,3000,658428.686885
28088,3000,658504.779386
28318,3000,658573.200426
28074,3000,658650.966624
28870,3000,658735.414043
28386,3000,658819.122378
28054,3000,658895.705267
27958,3000,658970.47824
28526,3000,659045.728477
27844,3000,659129.53318
27672,3000,659201.793848
28538,3000,659279.700384
29062,3000,659360.261903
27948,3000,659438.94324
28920,3000,659516.192098
28298,3000,659591.043097
28602,3000,659674.246988
28518,3000,659757.646169
27186,3000,659831.477137
28418,3000,659912.608776
28294,3000,659995.690995
27612,3000,660068.228656
28606,3000,660147.216758
29150,3000,660223.610309
28466,3000,660322.038833
28358,3000,660399.222999
27632,3000,660474.604389
28688,3000,660551.395484
28096,3000,660637.467284
28114,3000,660725.145024
28018,3000,660802.638067
28184,3000,660890.366023
28768,3000,660976.363416
28246,3000,661057.067821
27744,3000,661127.420874
28332,3000,661205.851598
28802,3000,661291.726632
27656,3000,661367.534731
27624,3000,661445.575978
27846,3000,661522.750506
28344,3000,661604.99084
28034,3000,661685.258259
27860,3000,661760.263879
28542,3000,661837.885005
28224,3000,661910.668483
28750,3000,661981.680983
27928,3000,662063.680651
27642,3000,662144.139838
28906,3000,662227.03307
28112,3000,662300.555563
28424,3000,662372.193391
28092,3000,662445.135745
27740,3000,662514.142365
27982,3000,662586.478883
28270,3000,662663.248975
28404,3000,662731.953393
27818,3000,662800.129442
28610,3000,662875.245046
28832,3000,662944.835514
28658,3000,663020.354802
28118,3000,663094.708399
28032,3000,663178.32742
28654,3000,663244.288391
28240,3000,663319.602163
28464,3000,663394.197968
28768,3000,663471.386955
27940,3000,663643.350716
28310,3000,663726.682477
28246,3000,663798.116071
27854,3000,663876.195456
28382,3000,663957.081685
27978,3000,664035.307334
28366,3000,664112.380183
28396,3000,664182.156727
28344,3000,664251.652328
28562,3000,664336.232141
28398,3000,664415.135113
27616,3000,664490.367201
28324,3000,664579.518117
28530,3000,664665.815746
28466,3000,664743.832526
28732,3000,664823.209511
28548,3000,664902.01116
27842,3000,664979.628204
28340,3000,665054.554767
28204,3000,665125.820553
28482,3000,665198.838603
27854,3000,665271.321626
28736,3000,665354.17561
27606,3000,665422.01933
28896,3000,665491.232981
28056,3000,665572.605109
28690,3000,665651.44819
28228,3000,665728.473839
28932,3000,665810.568007
28466,3000,665884.549567
28858,3000,665965.008435
27768,3000,666045.840968
28738,3000,666129.55217
27450,3000,666202.614971
28380,3000,666279.742082
28282,3000,666360.219604
28466,3000,666446.29337
28942,3000,666519.323643
28272,3000,666590.88149
28876,3000,666677.812909
28076,3000,666759.846493
28922,3000,666840.156825
27864,3000,666917.435356
28276,3000,667000.054367
28518,3000,667080.99419
28828,3000,667157.338121
28196,3000,667239.742465
27822,3000,667310.946599
29004,3000,667392.79377
28162,3000,667466.225743
28344,3000,667544.270842
28194,3000,667628.854813
27688,3000,667710.060349
28810,3000,667790.703011
28752,3000,667874.396985
29210,3000,667949.620518
28570,3000,668021.747514
27484,3000,668102.052965
28378,3000,668182.983439
28402,3000,668270.754116
28604,3000,668353.53568
28560,3000,668429.66468
27960,3000,668504.593723
28870,3000,668583.712551
28736,3000,668666.101307
28384,3000,668749.280427
27754,3000,668925.337445
28766,3000,669010.080406
28180,3000,669089.822572
28428,3000,669168.50268
28392,3000,669243.387615
28696,3000,669322.828166
29182,3000,669402.41805
28824,3000,669485.296452
28616,3000,669559.011465
28778,3000,669641.327192
28630,3000,669723.539434
28704,3000,669797.529859
28294,3000,669872.215861
28410,3000,669952.575805
28822,3000,670028.288476
28126,3000,670108.798465
28262,3000,670182.133502
28224,3000,670255.009526
28238,3000,670332.505321
28308,3000,670406.886345
29076,3000,670487.317767
28662,3000,670575.665588
27706,3000,670644.790071
28384,3000,670722.514558
28708,3000,670799.314041
28548,3000,670877.350873
28510,3000,670947.151986
28362,3000,671030.296552
28394,3000,671108.822693
27780,3000,671186.327378
28336,3000,671262.973152
28356,3000,671340.819493
28156,3000,671415.032025
28954,3000,671489.598576
28304,3000,671569.923406
27774,3000,671654.605382
28274,3000,671741.581454
28300,3000,671824.326872
28550,3000,671906.22388
28500,3000,671985.830879
28320,3000,672068.340113
27590,3000,672138.398002
28634,3000,672217.930955
28444,3000,672291.994575
28186,3000,672365.434654
27962,3000,672432.292615
28694,3000,672513.043029
29246,3000,672590.312102
28476,3000,672670.399696
28278,3000,672745.986663
28596,3000,672819.791341
28150,3000,672895.506014
28246,3000,672970.012545
28650,3000,673053.28664
28458,3000,673130.89335
28738,3000,673208.470366
28562,3000,673285.325044
28088,3000,673369.328382
28958,3000,673452.171679
28168,3000,673528.187021
28186,3000,673606.645297
28544,3000,673696.223085
28480,3000,673781.437481
27998,3000,673852.765308
28162,3000,673936.328629
28566,3000,674017.401111
27870,3000,674092.223264
28194,3000,674263.775992
29162,3000,674348.640031
28300,3000,674432.049757
27936,3000,674499.715949
28168,3000,674578.270055
28092,3000,674661.422248
28656,3000,674747.574004
28880,3000,674824.109179
28598,3000,674900.582029
28648,3000,674976.249466
28338,3000,675046.190451
28652,3000,675132.689187
28576,3000,675208.295911
28804,3000,675299.813081
28516,3000,675379.11131
28376,3000,675453.281005
28350,3000,675532.293398
28010,3000,675608.376764
29146,3000,675685.601875
28442,3000,675763.000249
29066,3000,675838.867003
28158,3000,675915.929322
28146,3000,675991.85218
28716,3000,676073.207816
28254,3000,676151.457622
28656,3000,676229.596265
28650,3000,676301.519425
28132,3000,676375.530455
28430,3000,676446.581253
28340,3000,676519.678442
28348,3000,676596.985216
28454,3000,676679.861956
28904,3000,676764.205149
28224,3000,676837.994729
28212,3000,676919.6882
28412,3000,676999.542094
28904,3000,677081.944694
28704,3000,677159.792618
28638,3000,677238.116791
28090,3000,677317.994009
28122,3000,677392.599384
28698,3000,677472.310324
28768,3000,677549.736502
27544,3000,677621.154474
28868,3000,677692.353771
28894,3000,677768.392711
27978,3000,677843.321904
28456,3000,677912.216774
28080,3000,677984.12701
28168,3000,678056.590237
28708,3000,678136.156904
28298,3000,678215.072543
28448,3000,678294.901005
28316,3000,678369.637268
28586,3000,678453.023214
28470,3000,678533.193735
29004,3000,678611.423068
27698,3000,678690.838971
28438,3000,678771.310553
28308,3000,678848.726333
28274,3000,678932.43931
28254,3000,679008.375308
28658,3000,679087.79998
28408,3000,679171.799647
28820,3000,679257.045127
28654,3000,679339.065565
28664,3000,679424.274501
28304,3000,679598.735989
28716,3000,679687.105263
28256,3000,679769.057408
27990,3000,679850.76565
28328,3000,679931.541375
28210,3000,680004.569584
28436,3000,680089.236661
28380,3000,680186.533746
28354,3000,680270.693723
28588,3000,680353.751252
28892,3000,680440.041687
28774,3000,680521.416945
28260,3000,680602.093632
28252,3000,680685.520977
28410,3000,680769.789086
28790,3000,680844.742455
28544,3000,680923.862174
28278,3000,680993.226067
28906,3000,681069.838925
28572,3000,681151.306978
27910,3000,681223.505251
28762,3000,681311.965636
28068,3000,681392.286908
28524,3000,681466.849734
28296,3000,681546.405133
28086,3000,681629.376862
27752,3000,681715.727874
28224,3000,681796.098655
28282,3000,681881.743839
28484,3000,681956.978407
28202,3000,682041.157391
28330,3000,682127.096302
28384,3000,682218.517253
28876,3000,682305.800099
29048,3000,682385.826929
28510,3000,682466.895883
28558,3000,682546.318474
28000,3000,682625.691627
28504,3000,682703.873229
28136,3000,682791.580164
28310,3000,682875.270306
28150,3000,682953.99837
29348,3000,683035.945177
28252,3000,683111.726545
27926,3000,683193.019906
28612,3000,683275.432572
28370,3000,683360.381747
28434,3000,683446.598406
28346,3000,683529.601469
28014,3000,683610.807004
27768,3000,683690.815145
28218,3000,683773.878481
27556,3000,683852.407333
28382,3000,683936.319744
27748,3000,684015.956817
28182,3000,684090.560424
28252,3000,684172.76248
28254,3000,684254.47483
28038,3000,684338.156749
28518,3000,684408.258601
28642,3000,684485.18199
27522,3000,684550.249423
28916,3000,684639.488087
27334,3000,684714.875617
28214,3000,684798.361329
29012,3000,684878.444025
28598,3000,685048.798451
28054,3000,685126.600578
27898,3000,685211.063137
28576,3000,685292.233488
29220,3000,685368.478219
27956,3000,685440.49614
28840,3000,685515.582068
28408,3000,685601.174189
28524,3000,685678.93252
28050,3000,685761.854115
28390,3000,685837.325497
28646,3000,685913.045147
28072,3000,685991.016347
28958,3000,686071.435254
28920,3000,686151.224629
28218,3000,686223.285576
28770,3000,686306.270569
28012,3000,686393.267555
27814,3000,686475.541977
28756,3000,686555.486026
28106,3000,686627.070508
28206,3000,686701.188483
28534,3000,686775.185711
27594,3000,686850.101133
28362,3000,686934.403626
28672,3000,687016.122422
28018,3000,687088.260423
28282,3000,687171.171111
28410,3000,687251.625332
28938,3000,687336.400509
28082,3000,687414.546544
28072,3000,687492.282423
28878,3000,687576.21291
28678,3000,687657.195807
28458,3000,687736.093936
28402,3000,687822.221607
28876,3000,687903.727909
28526,3000,687987.789534
28442,3000,688062.637012
28690,3000,688145.030845
28562,3000,688229.221393
28178,3000,688311.343657
28608,3000,688386.784611
28342,3000,688465.825436
28228,3000,688538.501737
28492,3000,688615.890771
28980,3000,688704.895333
28132,3000,688788.148993
28894,3000,688868.215695
27810,3000,688947.999521
29032,3000,689019.752411
28484,3000,689096.309649
28252,3000,689172.414044
29076,3000,689255.422957
28454,3000,689331.162803
28312,3000,689416.5376
28698,3000,689503.809983
28658,3000,689580.060816
28588,3000,689667.647927
28556,3000,689741.473216
28602,3000,689822.219176
28972,3000,689906.339615
27532,3000,689987.40096
28140,3000,690069.866236
28224,3000,690144.488674
28122,3000,690223.433352
28968,3000,690310.095396
28752,3000,690474.554315
28766,3000,690556.140595
27654,3000,690632.180924
28724,3000,690711.068161
28520,3000,690794.616499
27908,3000,690873.074793
28374,3000,690956.976625
27788,3000,691038.513277
28076,3000,691120.680241
28688,3000,691209.824649
27866,3000,691300.36817
28832,3000,691379.669852
28170,3000,691461.081078
28740,3000,691540.801892
28120,3000,691617.638517
28686,3000,691705.1782
27678,3000,691793.690315
28354,3000,691883.468445
28872,3000,691966.925509
28888,3000,692053.075445
29092,3000,692135.968942
27978,3000,692224.463279
28542,3000,692298.664664
27890,3000,692381.399964
28076,3000,692462.864631
27932,3000,692547.037136
28744,3000,692632.651821
28878,3000,692720.176914
29068,3000,692806.391482
28546,3000,692889.870121
28406,3000,692971.489748
27566,3000,693047.153625
27788,3000,693120.294067
27782,3000,693202.031006
28402,3000,693292.155091
28460,3000,693372.575586
27598,3000,693450.481348
28766,3000,693524.994809
28190,3000,693600.48345
28738,3000,693693.223951
28544,3000,693785.404645
28086,3000,693867.15149
28744,3000,693946.769116
28644,3000,694025.671328
28452,3000,694104.301294
28144,3000,694188.193584
27734,3000,694266.915246
28018,3000,694348.587221
28674,3000,694428.527147
28292,3000,694509.395617
28088,3000,694600.419183
28366,3000,694683.576862
28012,3000,694770.469281
28026,3000,694856.623688
28422,3000,694941.414892
27986,3000,695023.334845
28456,3000,695105.614475
28844,3000,695179.894441
29030,3000,695268.629954
28228,3000,695359.612022
28486,3000,695440.439684
28414,3000,695525.400567
27944,3000,695606.597062
28278,3000,695678.161527
28278,3000,695760.487944
27482,3000,695836.708245
28786,3000,695921.052579
28460,3000,696100.374805
28312,3000,696181.911577
28428,3000,696264.786085
28172,3000,696349.496191
28350,3000,696434.560287
28248,3000,696522.8208
27968,3000,696605.22918
28150,3000,696689.851906
28838,3000,696777.968335
27678,3000,696860.003054
28290,3000,696950.307945
27656,3000,697039.465316
28012,3000,697124.808854
27912,3000,697199.79899
27936,3000,697289.437515
28182,3000,697373.737972
28372,3000,697466.632854
28340,3000,697548.892717
28304,3000,697634.501354
27902,3000,697719.446734
28314,3000,697799.416397
28202,3000,697881.149028
28246,3000,697963.997463
28412,3000,698046.956666
28766,3000,698127.331097
28208,3000,698218.260985
28116,3000,698303.807059
28350,3000,698386.179593
28510,3000,698469.530539
28282,3000,698554.919046
28898,3000,698642.309597
28518,3000,698731.041939
28852,3000,698816.924285
28332,3000,698904.93364
28066,3000,698981.202492
28530,3000,699058.261233
28392,3000,699143.540246
28274,3000,699232.202301
27946,3000,699321.140049
27568,3000,699403.392774
28672,3000,699486.906491
28482,3000,699564.829614
28022,3000,699650.027788
27872,3000,699731.521203
28350,3000,699819.885253
27668,3000,699910.117638
28204,3000,699997.118043
28364,3000,700078.886997
28444,3000,700164.807539
28494,3000,700255.639145
27514,3000,700344.838136
28184,3000,700425.975741
28374,3000,700502.647747
28630,3000,700587.199975
28920,3000,700675.339419
28048,3000,700755.937063
28450,3000,700843.35728
28570,3000,700930.841266
27932,3000,701019.567431
28268,3000,701102.575658
28130,3000,701188.145993
28180,3000,701269.936705
28360,3000,701348.544916
27634,3000,701419.931047
29062,3000,701500.60417
28728,3000,701581.283556
28788,3000,701761.038212
28210,3000,701845.530346
27496,3000,701923.242015
28818,3000,702007.823903
28322,3000,702091.550731
28866,3000,702174.178395
28300,3000,702253.43655
28120,3000,702338.86127
28098,3000,702423.833349
28046,3000,702502.62538
28004,3000,702576.808348
28106,3000,702659.011629
28246,3000,702742.941315
28288,3000,702824.750176
27948,3000,702907.809161
28786,3000,702994.252207
28546,3000,703081.136471
28824,3000,703169.81603
28444,3000,703253.842273
27874,3000,703332.897921
28288,3000,703418.309386
28364,3000,703505.454801
28144,3000,703588.046476
28224,3000,703676.510098
28750,3000,703762.071181
28722,3000,703846.337728
28980,3000,703924.966203
28086,3000,704009.216341
27006,3000,704081.213685
27802,3000,704158.571772
28856,3000,704247.794338
28536,3000,704325.495018
27798,3000,704398.98309
27964,3000,704475.473393
28518,3000,704560.031631
29046,3000,704639.851109
28232,3000,704720.57304
27442,3000,704808.920254
27464,3000,704883.981061
27958,3000,704966.766212
28152,3000,705053.09545
29310,3000,705134.512932
28704,3000,705220.961698
28482,3000,705305.963427
28532,3000,705388.928945
28292,3000,705473.930903
28922,3000,705560.402833
27916,3000,705643.881186
28622,3000,705735.394887
28156,3000,705820.704749
28512,3000,705915.472127
28636,3000,706000.190067
28496,3000,706093.197779
28670,3000,706178.350403
28700,3000,706266.882296
28440,3000,706351.561093
27876,3000,706431.969786
28756,3000,706514.49286
28848,3000,706610.181922
28518,3000,706700.376481
28214,3000,706786.365307
28798,3000,706873.575678
28310,3000,706954.549454
28720,3000,707042.754314
28682,3000,707124.567509
28478,3000,707206.334906
28296,3000,707290.197744
28572,3000,707467.497952
28602,3000,707540.099015
28250,3000,707617.457801
28134,3000,707690.721077
28036,3000,707771.390157
28016,3000,707848.903505
27854,3000,707927.992448
28062,3000,708010.094424
28448,3000,708087.792208
28392,3000,708173.462509
28716,3000,708244.216185
28278,3000,708325.056668
28032,3000,708405.218888
28272,3000,708491.096312
27986,3000,708569.791824
28346,3000,708659.84579
27660,3000,708739.923264
28316,3000,708828.009361
28194,3000,708907.236376
28618,3000,708989.19964
28490,3000,709074.717805
28436,3000,709152.425605
28590,3000,709230.521962
28644,3000,709312.90646
28304,3000,709386.991223
27714,3000,709462.798729
28168,3000,709545.246201
28374,3000,709623.45056
28408,3000,709709.94341
28370,3000,709800.134788
27746,3000,709883.715787
28636,3000,709962.597607
28698,3000,710036.892078
28222,3000,710113.565247
28322,3000,710186.9356
28108,3000,710264.278222
28634,3000,710348.297285
28516,3000,710425.039519
28080,3000,710501.569067
28350,3000,710582.322425
28114,3000,710658.662832
28004,3000,710738.732491
28498,3000,710819.092341
28618,3000,710895.661086
28632,3000,710980.178525
27762,3000,711064.634049
28026,3000,711151.844955
28694,3000,711238.687739
27842,3000,711314.979764
28130,3000,711401.026944
28416,3000,711480.257514
28274,3000,711560.575964
28402,3000,711637.230212
28024,3000,711708.35451
28356,3000,711788.499815
28194,3000,711865.006565
28672,3000,711950.219956
28890,3000,712034.4405
28432,3000,712118.441588
28972,3000,712195.545311
28066,3000,712280.11144
28476,3000,712363.306928
29124,3000,712452.937026
28748,3000,712535.221901
28648,3000,712611.862952
27940,3000,712687.539189
28640,3000,712763.374198
28626,3000,712940.9491
28464,3000,713020.158505
28982,3000,713101.022248
28182,3000,713178.477659
27992,3000,713254.952792
27968,3000,713333.128745
28460,3000,713408.271868
28202,3000,713484.411829
28122,3000,713566.229641
28374,3000,713647.910546
28708,3000,713722.162695
28744,3000,713802.208163
28080,3000,713880.958107
28658,3000,713954.397733
28478,3000,714033.799577
28762,3000,714111.539177
27908,3000,714186.791265
28566,3000,714266.744015
28720,3000,714341.779417
28782,3000,714424.126976
28904,3000,714503.950736
27448,3000,714581.858537
28122,3000,714658.876092
28256,3000,714732.611639
28052,3000,714819.167795
28274,3000,714899.03163
28826,3000,714977.933513
28244,3000,715052.253688
27892,3000,715129.880368
28512,3000,715212.335474
27452,3000,715282.634125
28064,3000,715359.99036
28620,3000,715441.036549
28008,3000,715520.658218
28982,3000,715606.39455
28610,3000,715681.465239
28626,3000,715765.591383
28344,3000,715841.865116
29410,3000,715920.757751
28342,3000,716006.766304
28302,3000,716093.696954
28942,3000,716176.312052
28834,3000,716261.221306
28084,3000,716336.29285
28922,3000,716421.040751
28530,3000,716506.814444
28418,3000,716591.084698
28584,3000,716672.003042
28728,3000,716754.831217
27936,3000,716829.791976
27714,3000,716904.049403
28172,3000,716988.787122
28458,3000,717073.991858
27620,3000,717143.400316
28378,3000,717225.378378
28650,3000,717305.59993
28490,3000,717396.385552
27526,3000,717460.904372
28346,3000,717541.33156
28128,3000,717617.499659
27874,3000,717700.50768
28604,3000,717777.974339
27972,3000,717850.35804
28182,3000,717933.606839
28222,3000,718010.364249
28518,3000,718103.36489
27756,3000,718275.812534
28654,3000,718361.654075
28378,3000,718449.58924
27888,3000,718533.778769
27916,3000,718617.226651
28814,3000,718698.317812
27948,3000,718775.24475
28166,3000,718855.276561
29060,3000,718942.341445
27720,3000,719026.046346
28218,3000,719101.416667
27986,3000,719175.645377
28138,3000,719260.077739
28050,3000,719340.495097
28234,3000,719425.877332
28976,3000,719508.626344
28190,3000,719590.721526
28430,3000,719666.063112
28140,3000,719750.78183
28366,3000,719837.970459
28464,3000,719921.947294
27986,3000,720002.997997
28474,3000,720085.772462
28334,3000,720174.929264
28838,3000,720259.098263
29168,3000,720349.155194
28926,3000,720430.311208
28434,3000,720518.12772
28194,3000,720592.741987
28358,3000,720671.252485
27968,3000,720749.871531
28910,3000,720835.239947
28598,3000,720920.301013
28110,3000,721002.298809
28164,3000,721077.720127
28882,3000,721156.469172
28558,3000,721234.296034
28602,3000,721315.789963
27828,3000,721401.255259
28478,3000,721480.609834
28162,3000,721565.636469
27956,3000,721643.26197
28268,3000,721718.671537
28122,3000,721794.132759
28042,3000,721867.707319
28756,3000,721952.808875
28706,3000,722029.981097
28994,3000,722111.147181
28562,3000,722194.059125
28298,3000,722276.105943
28136,3000,722360.29051
28404,3000,722437.334974
28468,3000,722516.356296
28290,3000,722595.180982
28490,3000,722674.429538
28556,3000,722757.617876
28210,3000,722842.973623
28278,3000,722931.464944
28020,3000,723010.116969
27430,3000,723092.949402
28394,3000,723173.181707
28416,3000,723258.387104
28280,3000,723342.144474
28820,3000,723420.763569
27724,3000,723502.010615
28616,3000,723587.568368
28858,3000,723666.502746
28278,3000,723846.741329
28356,3000,723931.391441
28274,3000,724018.597427
28540,3000,724104.76767
27740,3000,724187.432637
28486,3000,724267.775999
28724,3000,724356.760249
28074,3000,724446.58014
28082,3000,724532.953553
28516,3000,724616.745088
28796,3000,724701.161673
28244,3000,724785.150559
28236,3000,724858.782706
28530,3000,724941.306333
28004,3000,725025.286981
28400,3000,725090.022589
27932,3000,725164.82936
27808,3000,725234.662614
28476,3000,725309.99559
28494,3000,725388.423737
28538,3000,725471.189617
28284,3000,725555.846029
28246,3000,725631.791948
28722,3000,725707.998651
28230,3000,725793.058895
28254,3000,725874.393692
28846,3000,725966.202256
28684,3000,726041.091778
28858,3000,726117.40274
28876,3000,726206.381891
28528,3000,726285.136718
27854,3000,726364.989879
28360,3000,726444.08664
28678,3000,726526.948958
28756,3000,726613.500239
28466,3000,726694.827132
27830,3000,726776.698952
28080,3000,726868.78991
28674,3000,726953.324756
28056,3000,727037.536053
28372,3000,727119.526593
28686,3000,727201.971445
28198,3000,727276.602587
28274,3000,727356.951728
28566,3000,727442.93004
28528,3000,727525.210236
28852,3000,727607.565904
28122,3000,727689.626496
28154,3000,727775.570388
28448,3000,727857.520879
28394,3000,727925.371445
29200,3000,728008.161036
28662,3000,728093.541497
28766,3000,728174.586327
28192,3000,728264.246624
28338,3000,728340.863077
28356,3000,728425.030446
28290,3000,728510.442705
28812,3000,728593.321729
27162,3000,728670.3178
28366,3000,728753.353208
28276,3000,728840.190694
27938,3000,728915.553322
27534,3000,728992.085922
29028,3000,729075.064938
28582,3000,729154.830705
28302,3000,729237.35309
28430,3000,729413.212129
27556,3000,729493.90712
28628,3000,729575.357676
28388,3000,729662.50263
28242,3000,729749.286216
28246,3000,729828.692387
28340,3000,729910.033625
28866,3000,729994.34498
28942,3000,730075.635582
28764,3000,730157.036664
28214,3000,730236.859715
28692,3000,730323.726216
28742,3000,730406.983385
28040,3000,730495.419453
28618,3000,730575.388344
28206,3000,730663.441581
28882,3000,730750.717737
28410,3000,730825.371374
27840,3000,730894.673765
28386,3000,730978.317784
28158,3000,731053.844367
28436,3000,731140.312851
28376,3000,731224.224435
28864,3000,731301.981956
28428,3000,731378.17428
28680,3000,731463.211959
28178,3000,731543.028948
28964,3000,731622.552823
28776,3000,731710.867359
28582,3000,731798.728812
27832,3000,731882.780097
28342,3000,731970.36268
28384,3000,732045.8771
28458,3000,732124.844662
28722,3000,732203.640272
28102,3000,732279.449713
28880,3000,732362.658849
27964,3000,732434.483455
28246,3000,732522.91945
28086,3000,732610.739127
28040,3000,732679.334952
28056,3000,732755.929661
28934,3000,732845.2638
28180,3000,732929.169807
27868,3000,733009.47923
28148,3000,733087.458599
28176,3000,733164.323678
28548,3000,733233.848316
28888,3000,733320.464834
28428,3000,733409.155384
28910,3000,733495.421135
27980,3000,733575.591626
28242,3000,733658.580889
28756,3000,733739.494677
27916,3000,733819.706537
27848,3000,733898.902501
28378,3000,733985.782887
28520,3000,734074.769682
28348,3000,734168.241527
28498,3000,734253.89935
28382,3000,734332.188855
27988,3000,734418.462156
28336,3000,734495.449367
28278,3000,734574.083726
28542,3000,734653.297496
28586,3000,734732.034128
27522,3000,734923.282934
28458,3000,735008.956797
28404,3000,735088.773407
28846,3000,735163.328541
28810,3000,735246.49531
28562,3000,735327.771547
28438,3000,735403.682467
28330,3000,735482.556689
28050,3000,735557.632977
27760,3000,735635.961393
28644,3000,735713.999653
28758,3000,735803.983118
28568,3000,735887.312019
27968,3000,735961.533036
28618,3000,736040.948602
28834,3000,736119.460746
28620,3000,736198.46278
28556,3000,736286.437363
28756,3000,736357.574751
28264,3000,736432.889366
28072,3000,736514.208265
28306,3000,736600.322446
27962,3000,736679.461229
28390,3000,736758.977277
28474,3000,736842.274949
28434,3000,736919.213094
28104,3000,736993.885966
28200,3000,737068.619292
28426,3000,737154.813218
28652,3000,737243.998714
28450,3000,737328.502905
28376,3000,737411.386967
28666,3000,737491.190715
28664,3000,737579.937704
29016,3000,737663.239649
28482,3000,737739.361266
28218,3000,737810.172718
28738,3000,737889.636502
28376,3000,737968.266407
28348,3000,738049.174852
28422,3000,738136.661426
28464,3000,738213.319504
28346,3000,738303.181332
28660,3000,738388.84367
28540,3000,738473.144999
28228,3000,738554.583226
28466,3000,738636.349436
28170,3000,738719.109432
28312,3000,738802.263126
28616,3000,738877.286288
28742,3000,738964.81767
28094,3000,739042.870403
28084,3000,739125.316238
28548,3000,739203.929166
28490,3000,739286.054195
28312,3000,739364.605161
28510,3000,739447.393195
28552,3000,739528.737029
27562,3000,739607.39983
28858,3000,739689.769724
28186,3000,739771.102911
28004,3000,739846.153165
28228,3000,739929.015926
28198,3000,740012.173856
28480,3000,740093.29718
28506,3000,740171.766574
28706,3000,740252.542956
28844,3000,740432.429793
28180,3000,740504.072206
28202,3000,740591.69384
27890,3000,740666.657109
28298,3000,740748.741903
29070,3000,740835.271549
28522,3000,740918.525925
28308,3000,740998.852574
28406,3000,741076.300779
28432,3000,741157.149471
28120,3000,741239.672982
28534,3000,741322.4937
27890,3000,741397.16379
28318,3000,741475.719591
28412,3000,741560.641772
28412,3000,741637.491687
28660,3000,741718.290908
29134,3000,741786.656849
28524,3000,741865.190974
28616,3000,741947.775892
28036,3000,742026.554121
28168,3000,742105.359856
28526,3000,742183.018621
28886,3000,742264.715433
28506,3000,742342.851008
28044,3000,742417.442679
28828,3000,742493.078912
28726,3000,742575.830715
28422,3000,742663.656047
28656,3000,742738.145368
28940,3000,742812.745834
28576,3000,742886.965283
28368,3000,742969.351094
28346,3000,743047.129225
28866,3000,743127.164353
28582,3000,743196.244845
28334,3000,743272.05058
28408,3000,743362.122799
28740,3000,743441.240302
28620,3000,743522.062327
27918,3000,743610.260793
28592,3000,743700.658335
28634,3000,743782.249667
28636,3000,743861.32578
28460,3000,743942.34218
28008,3000,744020.221073
28356,3000,744105.927226
27546,3000,744181.264023
27722,3000,744263.516435
29196,3000,744343.551028
28114,3000,744429.06944
27932,3000,744509.896823
28426,3000,744586.304412
28472,3000,744672.300538
28680,3000,744757.347039
28324,3000,744841.825842
29244,3000,744929.502152
28824,3000,745012.971731
28724,3000,745104.582064
27956,3000,745188.931263
27944,3000,745267.263662
28766,3000,745350.765688
29130,3000,745429.797625
27882,3000,745502.259474
28068,3000,745579.458956
28292,3000,745654.160179
29044,3000,745738.245343
28392,3000,745900.358363
28740,3000,745989.808891
28846,3000,746071.376863
28558,3000,746157.527191
28460,3000,746232.495379
28042,3000,746311.889415
29402,3000,746399.444308
28384,3000,746483.871691
28822,3000,746571.817379
28600,3000,746649.687988
27940,3000,746728.431662
28378,3000,746805.371021
28030,3000,746886.423753
28126,3000,746970.880366
28900,3000,747057.935507
28290,3000,747144.636324
28792,3000,747224.771724
28248,3000,747298.457664
28154,3000,747377.24286
28204,3000,747453.692179
28806,3000,747526.009808
27774,3000,747615.706166
28328,3000,747700.818374
28406,3000,747782.227094
28030,3000,747866.165294
28440,3000,747951.294811
28542,3000,748027.306931
28448,3000,748111.592976
28390,3000,748185.766126
27746,3000,748265.512669
27992,3000,748352.41959
28888,3000,748440.654326
28348,3000,748523.411547
28426,3000,748601.240936
28866,3000,748683.856793
28182,3000,748766.086226
28650,3000,748847.147111
28954,3000,748924.790903
28830,3000,748996.869315
28296,3000,749066.202955
28772,3000,749137.122936
28066,3000,749215.788291
28448,3000,749291.217422
28438,3000,749370.913014
28704,3000,749455.069304
28844,3000,749547.15638
28022,3000,749621.346557
28258,3000,749709.08431
28802,3000,749783.241117
28450,3000,749859.783157
28806,3000,749952.050694
28240,3000,750033.248225
28060,3000,750102.96335
28468,3000,750174.725802
28448,3000,750254.286695
28382,3000,750335.915659
28772,3000,750410.080936
28716,3000,750490.256848
28534,3000,750571.325692
28750,3000,750649.756967
28002,3000,750725.575205
28342,3000,750804.153686
28678,3000,750878.058382
28314,3000,750961.05746
28160,3000,751040.889322
28286,3000,751121.663566
29070,3000,751289.838573
28616,3000,751363.723639
28162,3000,751448.931721
28434,3000,751530.384219
28086,3000,751611.108255
27906,3000,751695.48724
28172,3000,751783.072045
28486,3000,751865.882472
28116,3000,751948.448623
28180,3000,752028.809348
28470,3000,752106.293113
28508,3000,752186.906375
28482,3000,752266.11946
28614,3000,752345.594481
29062,3000,752423.645364
28438,3000,752505.492092
28602,3000,752575.143055
28526,3000,752659.463398
27874,3000,752740.943752
28280,3000,752824.24656
28756,3000,752908.410945
28354,3000,752989.214739
27482,3000,753068.944157
28630,3000,753150.650571
28370,3000,753224.554532
28558,3000,753307.511627
28364,3000,753384.840059
27932,3000,753468.626602
28728,3000,753549.365736
28558,3000,753642.798142
28706,3000,753727.151705
29190,3000,753804.14969
28490,3000,753886.243386
28580,3000,753974.754704
28122,3000,754057.429667
28312,3000,754139.694782
29190,3000,754227.709018
27902,3000,754304.886508
28410,3000,754383.028601
28404,3000,754455.055315
28572,3000,754529.33016
28580,3000,754618.748558
28444,3000,754687.965995
28482,3000,754761.792614
28832,3000,754838.102204
27990,3000,754916.214539
28804,3000,754993.93394
27140,3000,755065.73211
28382,3000,755144.331161
28012,3000,755229.589066
28850,3000,755311.981214
28672,3000,755389.291305
29430,3000,755473.388884
28594,3000,755552.902207
28472,3000,755635.433372
28252,3000,755721.269005
28620,3000,755799.32223
28184,3000,755891.379519
29172,3000,755972.314625
28068,3000,756046.432721
28422,3000,756129.810084
28572,3000,756204.819682
28912,3000,756286.567091
28102,3000,756368.543395
28562,3000,756455.506848
29030,3000,756534.762943
28676,3000,756618.246878
28784,3000,756787.922512
28600,3000,756871.422096
28598,3000,756953.934614
28294,3000,757036.089391
28200,3000,757114.04472
28996,3000,757193.508615
28098,3000,757268.732731
28464,3000,757349.563447
28352,3000,757427.515021
28702,3000,757507.322807
28392,3000,757589.718204
27708,3000,757676.599077
27932,3000,757756.095753
28124,3000,757834.121115
28276,3000,757920.893453
28472,3000,758000.048954
27784,3000,758078.207604
28106,3000,758157.485416
28328,3000,758235.335404
28342,3000,758314.650733
28366,3000,758398.624953
29000,3000,758479.133526
28122,3000,758558.774202
28652,3000,758628.214658
28892,3000,758708.075847
27974,3000,758778.53744
28274,3000,758862.590924
28748,3000,758944.715923
27882,3000,759032.413126
28964,3000,759115.715724
28288,3000,759191.83091
28558,3000,759274.435751
28202,3000,759359.037474
28780,3000,759435.282929
28640,3000,759511.541365
28710,3000,759590.869424
29060,3000,759674.608071
28538,3000,759756.642185
29256,3000,759836.362593
28428,3000,759922.431016
28324,3000,760005.445923
28746,3000,760091.066636
28408,3000,760179.425887
28386,3000,760259.631449
28252,3000,760339.301926
28028,3000,760413.71438
27866,3000,760495.535317
28138,3000,760575.41905
27608,3000,760644.756272
28416,3000,760722.666443
28212,3000,760797.100306
28430,3000,760877.090034
28672,3000,760967.500166
28260,3000,761044.352669
28520,3000,761119.579382
28188,3000,761205.505256
28678,3000,761285.42779
28766,3000,761368.252809
28160,3000,761439.019442
28790,3000,761520.074351
28684,3000,761597.575675
28298,3000,761667.697998
28236,3000,761748.919764
28140,3000,761827.727643
28366,3000,761907.084282
28980,3000,761992.987863
28474,3000,762071.81159
28694,3000,762248.913828
28776,3000,762326.397413
28882,3000,762407.597951
28118,3000,762485.971394
28594,3000,762561.671369
28442,3000,762643.087444
28266,3000,762715.519298
28320,3000,762791.69172
28258,3000,762875.079433
28194,3000,762949.404881
28158,3000,763025.729463
28126,3000,763101.669076
28538,3000,763180.297089
28118,3000,763257.686392
28962,3000,763336.558297
28562,3000,763423.300758
28722,3000,763494.522314
29210,3000,763579.798545
26924,3000,763660.270042
27902,3000,763730.517591
28154,3000,763809.38729
28372,3000,763877.707687
28960,3000,763959.103914
27974,3000,764040.170962
28864,3000,764126.480012
28846,3000,764207.152173
28306,3000,764294.516598
29098,3000,764382.488713
28608,3000,764465.610905
28504,3000,764542.134476
28802,3000,764627.604352
28884,3000,764704.365424
28456,3000,764781.20061
28296,3000,764863.220477
28932,3000,764949.25232
28282,3000,765038.173238
28528,3000,765119.469541
27494,3000,765207.378171
28842,3000,765294.350641
28126,3000,765367.354634
28730,3000,765450.491182
28686,3000,765526.808678
28078,3000,765604.847798
28734,3000,765686.909447
28330,3000,765769.544311
28888,3000,765850.565379
28510,3000,765925.956727
27798,3000,766007.42117
28326,3000,766087.047649
28158,3000,766161.519397
28696,3000,766235.755536
28340,3000,766314.96285
28240,3000,766394.66833
28226,3000,766471.644794
28000,3000,766558.365499
27810,3000,766627.538607
28370,3000,766705.474063
28298,3000,766791.544897
28732,3000,766882.685222
28720,3000,766963.550448
28108,3000,767044.3355
28272,3000,767125.340676
28456,3000,767208.246639
28314,3000,767281.321003
28380,3000,767372.968751
28982,3000,767456.238144
27818,3000,767630.845731
28424,3000,767708.953581
28566,3000,767798.726442
28540,3000,767878.610107
28168,3000,767955.472744
28312,3000,768034.316758
28658,3000,768116.521676
28466,3000,768199.892031
28714,3000,768278.172934
28958,3000,768359.228648
28414,3000,768438.779845
28434,3000,768520.16305
27894,3000,768601.81503
28748,3000,768676.401535
29064,3000,768753.733959
28114,3000,768828.437804
27864,3000,768905.4738
27808,3000,768980.966677
28328,3000,769071.851705
27954,3000,769152.614868
28382,3000,769232.743868
28096,3000,769312.497365
28266,3000,769388.263555
28770,3000,769469.102225
28688,3000,769544.453374
28596,3000,769616.758633
29064,3000,769690.366474
28178,3000,769772.21296
28276,3000,769851.455241
27916,3000,769923.216699
27750,3000,770002.160769
28900,3000,770084.223701
28188,3000,770165.432302
28462,3000,770239.348119
28606,3000,770314.207679
27824,3000,770391.611911
28124,3000,770476.339964
28418,3000,770559.711937
28692,3000,770640.059415
28502,3000,770716.472314
28660,3000,770796.335275
28540,3000,770877.292921
28864,3000,770962.566497
28322,3000,771037.309469
28092,3000,771114.234843
28654,3000,771195.907966
28110,3000,771269.248891
28668,3000,771345.01821
28708,3000,771414.917957
27690,3000,771498.636378
27638,3000,771578.576609
28158,3000,771655.729436
28448,3000,771734.208909
28250,3000,771806.678989
28448,3000,771887.675455
28284,3000,771967.657233
28642,3000,772046.48387
27866,3000,772121.14112
28396,3000,772202.906285
28418,3000,772280.085564
28490,3000,772361.058709
28740,3000,772445.235686
28672,3000,772523.286306
28744,3000,772606.675765
27946,3000,772689.43682
28172,3000,772766.569349
28272,3000,772847.186102
28858,3000,773023.827836
28878,3000,773103.953742
28182,3000,773190.254523
28354,3000,773277.5766
27750,3000,773347.334686
28606,3000,773441.003587
27860,3000,773522.092103
28450,3000,773597.299443
28384,3000,773676.923648
28748,3000,773741.34349
27614,3000,773820.383289
28850,3000,773896.9729
28488,3000,773973.381723
28666,3000,774052.604097
27978,3000,774135.541209
28564,3000,774211.389934
28902,3000,774291.392249
28474,3000,774369.453062
27674,3000,774448.841899
28796,3000,774524.041316
29090,3000,774604.496034
28076,3000,774684.058577
28302,3000,774759.467455
27832,3000,774842.793806
28700,3000,774921.104223
28774,3000,775004.615043
28066,3000,775082.624179
28100,3000,775159.69179
27910,3000,775239.944237
28378,3000,775319.856899
28696,3000,775401.725045
28738,3000,775476.815472
28816,3000,775552.247794
28076,3000,775637.525833
28200,3000,775715.989458
28180,3000,775793.518403
27672,3000,775877.556129
27952,3000,775954.705025
28146,3000,776031.387403
28734,3000,776108.674445
28040,3000,776181.180563
27746,3000,776255.671834
27596,3000,776332.344034
28756,3000,776417.887614
27976,3000,776494.732806
28274,3000,776569.079228
28908,3000,776646.821604
28196,3000,776730.37276
28492,3000,776802.090056
28600,3000,776875.404328
28664,3000,776956.933343
28252,3000,777039.679685
27806,3000,777119.71173
28724,3000,777202.291981
27798,3000,777273.736572
28474,3000,777354.783593
28658,3000,777438.159661
28048,3000,777518.39339
28498,3000,777597.084647
28142,3000,777669.712648
28572,3000,777744.402627
28412,3000,777824.78176
28402,3000,777904.160373
28144,3000,777989.845255
28814,3000,778071.27311
28778,3000,778152.064488
28904,3000,778239.276059
28464,3000,778410.392421
27800,3000,778474.732866
28312,3000,778558.951444
28050,3000,778636.099864
28596,3000,778717.175865
28786,3000,778801.64571
28578,3000,778883.9366
28510,3000,778965.143142
28160,3000,779040.200478
28490,3000,779120.159279
28846,3000,779207.257303
28284,3000,779291.125711
28364,3000,779371.57313
28682,3000,779456.338567
28546,3000,779531.955604
28178,3000,779617.595633
28802,3000,779702.180253
28460,3000,779780.303498
28736,3000,779867.406911
28610,3000,779946.67637
28996,3000,780028.319837
28440,3000,780105.064942
28810,3000,780183.962717
28494,3000,780261.889793
28832,3000,780338.742179
28320,3000,780416.319893
28640,3000,780499.380235
27924,3000,780577.254568
27832,3000,780651.237397
28518,3000,780734.405287
28654,3000,780814.80029
28520,3000,780892.035488
28448,3000,780968.097508
28684,3000,781051.890465
28048,3000,781117.107008
28570,3000,781198.637391
28130,3000,781279.86807
28706,3000,781375.476112
28736,3000,781452.804095
28926,3000,781542.863992
27908,3000,781631.180538
27924,3000,781717.391631
28472,3000,781798.591769
28590,3000,781881.72211
28420,3000,781962.834471
28242,3000,782039.438546
28086,3000,782129.647512
27764,3000,782202.494639
28418,3000,782279.003908
28648,3000,782358.120818
28844,3000,782434.176718
28440,3000,782513.462282
28456,3000,782597.899665
28410,3000,782682.411425
28138,3000,782766.238086
28698,3000,782853.067843
27930,3000,782932.547483
28562,3000,783010.21302
28276,3000,783086.764054
28878,3000,783169.127527
28478,3000,783247.050678
28452,3000,783324.69173
28010,3000,783407.629738
28792,3000,783488.687029
28616,3000,783570.729067
27818,3000,783650.372463
28818,3000,783819.132517
28502,3000,783890.72799
28928,3000,783977.081498
28424,3000,784062.133809
28684,3000,784152.954918
28012,3000,784225.425729
28236,3000,784299.389165
29058,3000,784374.106
28008,3000,784445.02555
28254,3000,784523.191229
28586,3000,784596.466523
28378,3000,784678.091387
28504,3000,784755.571037
28116,3000,784836.103298
28750,3000,784908.477303
27782,3000,784983.414288
28114,3000,785063.959931
27728,3000,785139.381889
28708,3000,785215.692433
28516,3000,785287.250427
28564,3000,785364.617416
28662,3000,785441.650957
28702,3000,785525.14362
28248,3000,785602.346292
28116,3000,785680.959311
28302,3000,785769.075348
28426,3000,785850.596892
27688,3000,785924.526812
28658,3000,786011.729305
28470,3000,786084.246339
27806,3000,786160.228978
28018,3000,786242.704645
28472,3000,786322.028314
29216,3000,786400.860536
28502,3000,786490.995471
28548,3000,786564.045303
28952,3000,786644.304688
28592,3000,786725.315318
29086,3000,786811.495123
27758,3000,786888.567073
27956,3000,786958.716852
28568,3000,787044.154422
28132,3000,787125.9218
28836,3000,787200.029781
28228,3000,787279.565836
29210,3000,787359.275473
28370,3000,787437.556562
28492,3000,787517.950006
28772,3000,787599.458652
28480,3000,787681.558919
28306,3000,787760.387279
28408,3000,787835.395373
28556,3000,787921.580411
28442,3000,788008.608048
28128,3000,788083.620574
28080,3000,788158.642771
28286,3000,788239.189069
28174,3000,788313.797515
27682,3000,788390.787
28106,3000,788463.684953
28450,3000,788542.914064
28466,3000,788625.85938
28100,3000,788707.678969
28838,3000,788788.649283
28358,3000,788870.644673
28578,3000,788949.66485
28640,3000,789019.448985
28498,3000,789192.81504
28258,3000,789273.462081
28276,3000,789346.135621
28446,3000,789427.548019
27952,3000,789505.594099
29228,3000,789582.892111
28510,3000,789657.41421
28200,3000,789740.427372
28204,3000,789820.018365
28234,3000,789899.126783
28336,3000,789977.757462
28520,3000,790058.951751
28508,3000,790141.530205
28932,3000,790221.12817
28408,3000,790299.092399
28224,3000,790375.623663
29014,3000,790451.651549
29046,3000,790528.524318
27870,3000,790609.96342
28516,3000,790684.952713
28842,3000,790760.21616
28806,3000,790835.195041
28786,3000,790913.972516
28144,3000,790995.474788
28670,3000,791069.738111
28538,3000,791157.718895
28416,3000,791235.698699
28582,3000,791310.950525
28454,3000,791386.291207
28468,3000,791459.639285
28546,3000,791533.329203
28710,3000,791612.743168
28520,3000,791698.740207
28518,3000,791779.201756
28524,3000,791859.407454
27922,3000,791938.827404
28844,3000,792011.557789
27632,3000,792083.525777
28372,3000,792161.236487
27938,3000,792231.222204
28408,3000,792314.662586
28820,3000,792390.816945
28478,3000,792466.537964
28570,3000,792548.024545
28358,3000,792625.800752
28164,3000,792706.473456
28220,3000,792783.672141
28454,3000,792866.873143
28240,3000,792946.444421
28292,3000,793029.838575
28014,3000,793107.312411
28332,3000,793185.624272
28406,3000,793262.829898
28704,3000,793352.397832
28292,3000,793437.425912
28962,3000,793513.793393
29002,3000,793589.039436
28354,3000,793666.680051
28618,3000,793743.689149
28410,3000,793827.242877
28442,3000,793902.587574
28330,3000,793984.159378
28188,3000,794059.873135
28950,3000,794138.72544
28726,3000,794215.582503
28574,3000,794293.201949
28360,3000,794375.462241
28408,3000,794553.908646
28620,3000,794631.202303
28292,3000,794706.237715
27970,3000,794792.764603
28422,3000,794869.141435
27616,3000,794951.709387
28376,3000,795029.557023
28562,3000,795114.910719
28298,3000,795180.359549
27772,3000,795256.767322
28668,3000,795338.079701
28634,3000,795419.571613
28258,3000,795500.843949
29140,3000,795577.346389
28670,3000,795647.284548
28012,3000,795721.207823
28658,3000,795803.038153
28276,3000,795878.905993
27990,3000,795957.186683
28480,3000,796049.077259
28814,3000,796130.413425
28508,3000,796205.499437
28778,3000,796281.003177
28240,3000,796365.7338
27854,3000,796435.890731
28842,3000,796512.582094
27956,3000,796594.082013
28604,3000,796674.624462
28226,3000,796747.060186
28506,3000,796823.628129
27792,3000,796903.118393
28816,3000,796986.587639
27484,3000,797062.558125
28220,3000,797145.187101
28780,3000,797223.791346
28412,3000,797301.878912
28240,3000,797380.608504
28440,3000,797458.236582
28286,3000,797542.317734
28302,3000,797620.080119
29050,3000,797694.809755
27884,3000,797772.327314
28316,3000,797860.037181
28822,3000,797943.760246
27938,3000,798021.309477
28604,3000,798108.040242
28140,3000,798183.248253
28920,3000,798265.795014
28864,3000,798344.444417
27602,3000,798420.389799
28284,3000,798501.128415
28996,3000,798585.250819
28072,3000,798659.041054
28168,3000,798741.780864
28754,3000,798821.787653
28200,3000,798898.932292
28038,3000,798973.587882
27924,3000,799047.509727
28788,3000,799122.026477
28578,3000,799196.839771
28858,3000,799275.214737
27774,3000,799343.996182
28250,3000,799430.006846
27926,3000,799521.557744
28238,3000,799600.535338
28366,3000,799677.867831
28116,3000,799843.83747
27938,3000,799915.138227
27984,3000,799992.972274
28208,3000,800070.225709
28032,3000,800149.714168
28284,3000,800229.218472
27962,3000,800306.268475
28098,3000,800381.992383
28202,3000,800464.963702
28184,3000,800541.490847
28896,3000,800621.864313
28142,3000,800703.425754
28664,3000,800782.640673
28514,3000,800860.402264
28632,3000,800938.360975
27988,3000,801014.855891
28354,3000,801095.497996
28172,3000,801170.308169
28130,3000,801254.478459
28414,3000,801345.159249
28440,3000,801425.539425
28292,3000,801505.782659
28280,3000,801583.274688
28110,3000,801664.994126
28454,3000,801748.8207
28342,3000,801833.380024
28874,3000,801913.458696
28644,3000,801989.354402
28618,3000,802067.977392
28790,3000,802142.528716
28374,3000,802211.711255
27968,3000,802286.56987
28660,3000,802371.370247
28744,3000,802452.983205
28138,3000,802526.721253
28084,3000,802607.003265
28398,3000,802690.465762
28416,3000,802769.864293
28532,3000,802853.004285
28028,3000,802930.586965
28790,3000,803008.167547
29210,3000,803094.857142
28730,3000,803174.588962
28394,3000,803252.850977
28208,3000,803329.833243
28732,3000,803413.844051
28118,3000,803492.953774
28702,3000,803571.72719
28578,3000,803650.218489
28332,3000,803733.824235
28714,3000,803823.372156
27856,3000,803901.370502
28266,3000,803976.694888
28574,3000,804060.656842
28064,3000,804143.772008
27960,3000,804225.295888
28894,3000,804303.805336
28318,3000,804380.678726
27920,3000,804459.306759
27654,3000,804538.50468
28634,3000,804612.593637
27446,3000,804693.165501
28010,3000,804774.295218
28604,3000,804851.648023
28886,3000,804927.510995
28238,3000,804996.405356
28714,3000,805079.168964
28256,3000,805241.067244
28622,3000,805311.898046
28946,3000,805391.083999
28314,3000,805470.245029
28146,3000,805556.90014
28336,3000,805636.121693
27712,3000,805722.023705
27886,3000,805799.446097
28582,3000,805878.38217
27862,3000,805956.196236
28550,3000,806031.634975
28052,3000,806107.253931
27950,3000,806185.499578
28386,3000,806263.886646
28016,3000,806338.629954
28298,3000,806411.052886
29194,3000,806490.458954
28742,3000,806562.394083
28324,3000,806639.880183
28718,3000,806719.439181
28634,3000,806796.56608
28108,3000,806871.724732
27974,3000,806941.446973
28014,3000,807012.625765
28464,3000,807094.219492
28832,3000,807181.195208
28600,3000,807258.846029
28616,3000,807340.070993
28116,3000,807419.520272
27762,3000,807493.754427
27576,3000,807572.395463
28226,3000,807647.67486
28440,3000,807736.658718
27972,3000,807815.103934
28120,3000,807889.844066
28250,3000,807978.75237
27882,3000,808051.94683
28678,3000,808137.670554
28152,3000,808211.118555
28316,3000,808293.662983
29234,3000,808380.728238
27252,3000,808459.335199
28800,3000,808541.187526
28330,3000,808626.801096
28730,3000,808710.769864
28512,3000,808791.567023
28094,3000,808869.659063
28562,3000,808946.654212
28768,3000,809021.882034
28080,3000,809095.726812
28814,3000,809181.695554
28720,3000,809269.457799
28776,3000,809353.46176
28600,3000,809429.536199
28644,3000,809495.918708
28400,3000,809575.012925
27972,3000,809652.807693
28492,3000,809727.155194
27796,3000,809806.586691
27788,3000,809879.34039
28158,3000,809962.527637
28342,3000,810042.162667
27270,3000,810117.75608
27916,3000,810188.533228
28344,3000,810267.743178
28142,3000,810347.3273
28138,3000,810427.509019
28152,3000,810608.867595
28078,3000,810694.160192
28154,3000,810768.59797
27990,3000,810847.170096
27852,3000,810924.360853
27864,3000,811002.810889
27960,3000,811080.91695
28952,3000,811168.152615
28542,3000,811252.920647
28414,3000,811329.771912
28418,3000,811411.381115
28224,3000,811484.965034
28694,3000,811568.689155
28334,3000,811653.318019
28384,3000,811733.095655
28238,3000,811812.140831
27986,3000,811882.495119
28392,3000,811961.787862
28262,3000,812049.781221
28634,3000,812123.963791
28388,3000,812195.089913
28514,3000,812265.256015
28062,3000,812347.235597
27896,3000,812424.293322
28202,3000,812497.899849
28582,3000,812581.19001
28674,3000,812673.879597
27970,3000,812753.621563
28172,3000,812832.732475
28802,3000,812915.669683
28328,3000,812991.407601
27956,3000,813071.782431
28116,3000,813144.657004
28318,3000,813213.54193
29128,3000,813288.190633
28370,3000,813374.372999
28564,3000,813459.591575
28624,3000,813548.554824
28758,3000,813629.059944
28460,3000,813713.882174
27978,3000,813797.740038
28254,3000,813874.025967
27938,3000,813953.27358
28314,3000,814033.328114
28562,3000,814120.065753
28200,3000,814197.514548
28322,3000,814272.185763
28724,3000,814351.406991
28296,3000,814431.129122
28408,3000,814512.407427
28302,3000,814592.689279
27732,3000,814667.056701
28246,3000,814757.091152
28112,3000,814827.836171
28174,3000,814908.142293
28870,3000,814996.341486
28216,3000,815069.488234
28586,3000,815146.746985
28598,3000,815220.960442
27988,3000,815300.153186
28128,3000,815375.980196
28896,3000,815460.120323
28142,3000,815537.055246
28668,3000,815613.157094
27750,3000,815695.710016
28336,3000,815767.822598
27948,3000,815938.864114
28960,3000,816017.427365
28058,3000,816100.035756
27646,3000,816182.403341
27990,3000,816267.039421
28216,3000,816344.332198
28426,3000,816428.096774
28394,3000,816504.783523
28264,3000,816587.046511
28104,3000,816659.468361
29054,3000,816750.410131
28508,3000,816830.288363
28314,3000,816907.696886
28894,3000,816987.28691
28398,3000,817069.684402
28176,3000,817151.984106
28398,3000,817227.235432
28300,3000,817313.573049
28088,3000,817390.414139
28254,3000,817468.733102
29038,3000,817555.223829
28368,3000,817633.861159
28654,3000,817718.046191
28236,3000,817799.546935
28996,3000,817878.523806
28186,3000,817966.405624
28486,3000,818046.228788
28368,3000,818125.880121
28392,3000,818202.651922
28380,3000,818283.853129
28854,3000,818358.580928
28598,3000,818440.577812
28208,3000,818514.886926
28254,3000,818592.352289
28474,3000,818667.667561
28658,3000,818746.619822
28558,3000,818817.121397
28208,3000,818890.79482
28042,3000,818965.66492
28756,3000,819046.058193
28628,3000,819126.393716
28332,3000,819201.327138
28208,3000,819281.353995
28096,3000,819355.151018
28632,3000,819440.694941
27356,3000,819517.697272
27798,3000,819591.025401
27562,3000,819664.653354
27706,3000,819742.976733
28126,3000,819831.152965
28186,3000,819904.162537
28446,3000,819979.389745
28408,3000,820054.600626
27856,3000,820135.511005
28108,3000,820214.239601
28630,3000,820294.646808
28006,3000,820363.764202
28216,3000,820434.753363
28142,3000,820505.570537
28304,3000,820586.330001
28726,3000,820663.138554
28370,3000,820746.673883
29080,3000,820826.927164
28248,3000,820906.816524
28130,3000,820985.13996
28588,3000,821064.417312
28774,3000,821150.673764
28698,3000,821319.784058
28526,3000,821399.923984
27706,3000,821476.509446
28242,3000,821555.496519
28402,3000,821627.314589
28264,3000,821701.465908
27658,3000,821776.429509
28684,3000,821857.004491
28620,3000,821938.580424
28240,3000,822016.99936
28334,3000,822098.320616
29070,3000,822179.633537
28124,3000,822261.413839
27664,3000,822335.115121
28472,3000,822413.899585
28500,3000,822486.200125
27796,3000,822566.553502
28586,3000,822637.733068
28856,3000,822714.134197
28318,3000,822795.869476
28094,3000,822870.859401
27964,3000,822943.387702
28034,3000,823032.804894
28126,3000,823113.722256
28166,3000,823191.419948
28312,3000,823271.887984
28584,3000,823353.020683
28086,3000,823425.599883
28148,3000,823504.810456
28978,3000,823586.391824
28412,3000,823667.473664
28374,3000,823746.530171
27772,3000,823823.336111
28500,3000,823904.047994
28848,3000,823981.583117
28580,3000,824066.551233
28088,3000,824148.160496
28380,3000,824222.891939
28352,3000,824311.573222
28014,3000,824389.489271
28304,3000,824467.631695
28352,3000,824543.776669
28216,3000,824619.417708
28504,3000,824697.267262
27824,3000,824769.436811
28120,3000,824857.548776
28252,3000,824938.090765
27992,3000,825014.861036
27868,3000,825093.137875
28092,3000,825171.51919
27964,3000,825247.030441
28724,3000,825338.174277
27812,3000,825413.730432
27836,3000,825485.590886
28308,3000,825563.998402
28352,3000,825647.596791
28204,3000,825730.91084
28156,3000,825809.586573
27674,3000,825890.443007
28044,3000,825961.756695
28692,3000,826039.583056
28378,3000,826114.019162
27618,3000,826186.76947
27556,3000,826258.669528
28820,3000,826333.987747
28090,3000,826409.878765
27842,3000,826482.991629
27966,3000,826649.446431
28208,3000,826721.977887
28592,3000,826805.598973
27860,3000,826881.335236
29084,3000,826958.731601
28124,3000,827032.610851
27922,3000,827110.748561
28544,3000,827183.785704
28078,3000,827264.387507
28544,3000,827344.621381
28102,3000,827422.474786
28804,3000,827509.205219
28540,3000,827585.659928
28156,3000,827660.511961
28084,3000,827734.889482
28264,3000,827808.543068
28908,3000,827880.338228
28344,3000,827961.979919
28766,3000,828047.483966
27956,3000,828122.355122
28224,3000,828200.349486
28168,3000,828276.225499
28768,3000,828354.399709
28584,3000,828433.378948
28694,3000,828518.870665
28006,3000,828596.997791
28904,3000,828678.923573
28580,3000,828754.199253
28072,3000,828825.952315
28188,3000,828904.619031
28226,3000,828988.86967
28684,3000,829055.264862
27930,3000,829126.680668
28650,3000,829203.526136
27832,3000,829285.536034
28094,3000,829358.901531
28134,3000,829437.396727
28606,3000,829510.459353
28622,3000,829583.449521
28834,3000,829670.455529
28688,3000,829752.196102
28034,3000,829826.208599
28518,3000,829905.517837
28006,3000,829984.477246
28322,3000,830063.842445
28274,3000,830141.203399
28704,3000,830214.724847
28050,3000,830290.885084
28156,3000,830368.190217
28134,3000,830443.491058
27440,3000,830521.673508
27952,3000,830593.065232
27802,3000,830670.479586
28096,3000,830742.851871
28456,3000,830826.918419
28054,3000,830909.491141
28706,3000,830991.965793
27556,3000,831075.302209
28538,3000,831159.306487
28636,3000,831236.739665
28162,3000,831308.88535
28074,3000,831388.34658
28028,3000,831461.92418
28180,3000,831542.958376
28012,3000,831621.845952
28868,3000,831694.305027
28508,3000,831868.189533
28600,3000,831945.638051
29032,3000,832022.384312
28342,3000,832097.062421
28022,3000,832169.627164
28256,3000,832246.980409
28344,3000,832327.153036
28772,3000,832412.656168
27778,3000,832493.510799
28470,3000,832570.565342
28016,3000,832641.175247
28336,3000,832720.244165
28704,3000,832798.844523
28698,3000,832888.66314
28712,3000,832961.798656
28730,3000,833039.332311
28534,3000,833127.653012
28252,3000,833209.581209
28196,3000,833281.673875
28556,3000,833362.696592
28448,3000,833443.705261
28084,3000,833519.75932
27968,3000,833590.983329
28008,3000,833666.554479
28492,3000,833747.952629
28536,3000,833823.534446
27768,3000,833895.416147
27430,3000,833967.85453
28618,3000,834044.028297
28482,3000,834122.430637
27464,3000,834194.18318
27584,3000,834267.370814
28472,3000,834348.910785
28764,3000,834427.85467
27690,3000,834500.400698
28002,3000,834580.030663
28466,3000,834665.140759
27904,3000,834740.634572
27822,3000,834808.853394
28666,3000,834892.776613
28350,3000,834974.150884
27300,3000,835049.272115
27086,3000,835121.48608
27968,3000,835202.405264
28778,3000,835284.760171
28110,3000,835359.371124
28506,3000,835441.078261
28500,3000,835514.870791
28778,3000,835595.678672
26990,3000,835662.60393
28406,3000,835746.385025
28864,3000,835825.878704
28128,3000,835906.68604
28054,3000,835982.572983
28678,3000,836061.056495
28242,3000,836132.987602
28546,3000,836212.762818
28014,3000,836285.975679
27918,3000,836367.423019
28254,3000,836446.001283
28240,3000,836523.390613
28164,3000,836602.048188
28672,3000,836685.031928
27906,3000,836761.669396
28586,3000,836842.158305
28052,3000,836921.203692
28150,3000,836994.677385
28950,3000,837158.049278
27952,3000,837240.978411
28026,3000,837319.658605
27944,3000,837393.434123
27992,3000,837473.272753
28600,3000,837551.168259
28280,3000,837632.728006
28394,3000,837704.823781
27780,3000,837782.544677
28574,3000,837861.831181
28320,3000,837944.349818
27936,3000,838014.976
28032,3000,838090.811251
28698,3000,838171.981668
28386,3000,838252.199917
27564,3000,838330.391806
28362,3000,838406.853762
27920,3000,838480.62354
28260,3000,838558.804373
28088,3000,838632.541558
28288,3000,838706.863272
28724,3000,838783.642125
27844,3000,838865.153564
28232,3000,838942.153421
28566,3000,839028.846982
28972,3000,839108.84507
28536,3000,839180.647407
28102,3000,839253.084975
28362,3000,839335.760683
27670,3000,839416.043824
28532,3000,839499.137888
28562,3000,839581.204593
28124,3000,839663.828956
28110,3000,839748.208209
27504,3000,839821.02112
28344,3000,839896.290283
28270,3000,839970.67119
28238,3000,840053.651858
28650,3000,840123.202481
28700,3000,840202.358398
28132,3000,840284.731199
28484,3000,840365.656264
28234,3000,840452.654608
28286,3000,840541.969429
28130,3000,840616.125878
28416,3000,840691.001629
27716,3000,840762.544217
28042,3000,840842.764205
28290,3000,840929.381416
28314,3000,841015.860167
28526,3000,841102.278959
28260,3000,841185.27079
28010,3000,841268.309002
28182,3000,841346.17397
28620,3000,841425.687178
28236,3000,841502.200314
28626,3000,841578.546561
28566,3000,841659.34128
27952,3000,841737.456016
28160,3000,841816.050669
28100,3000,841903.01959
27588,3000,841980.441262
28090,3000,842056.791358
28748,3000,842131.961411
27958,3000,842212.226309
28158,3000,842291.581503
28282,3000,842367.846994
28354,3000,842537.179523
28112,3000,842625.177543
28406,3000,842702.206864
28766,3000,842788.52343
28180,3000,842870.19277
28170,3000,842954.233705
28270,3000,843026.963468
28832,3000,843111.206777
28852,3000,843187.478258
28706,3000,843265.080816
28168,3000,843347.56378
27934,3000,843425.60207
28274,3000,843499.794667
28582,3000,843572.303585
28610,3000,843652.955129
28388,3000,843742.469157
28602,3000,843822.146008
28520,3000,843898.323388
28178,3000,843976.359386
28244,3000,844050.103324
28272,3000,844132.475256
28156,3000,844211.197451
28720,3000,844299.057881
28164,3000,844383.156783
28216,3000,844462.089128
28504,3000,844538.931596
28100,3000,844619.733166
28508,3000,844710.147795
28296,3000,844792.946342
28160,3000,844873.40204
28532,3000,844957.895292
28490,3000,845037.711708
27690,3000,845116.141966
28448,3000,845198.059255
28672,3000,845268.603006
28174,3000,845342.525181
28624,3000,845427.372692
28268,3000,845510.379369
28228,3000,845586.476358
27848,3000,845667.156676
28584,3000,845753.398248
28170,3000,845831.193356
28510,3000,845918.942591
28320,3000,845997.366779
28112,3000,846077.067875
28434,3000,846158.948226
28454,3000,846240.036952
28674,3000,846326.246891
28638,3000,846410.815809
28622,3000,846489.860129
27640,3000,846564.103272
28478,3000,846644.262528
27898,3000,846727.283156
27968,3000,846811.903343
28634,3000,846893.488767
28446,3000,846976.220952
28292,3000,847051.27831
27820,3000,847126.649556
28186,3000,847209.004405
28124,3000,847293.883503
28256,3000,847367.080217
28180,3000,847441.77272
28186,3000,847522.323744
28644,3000,847602.43975
28364,3000,847685.332296
28396,3000,847765.646624
27958,3000,847934.870219
28068,3000,848010.138626
27800,3000,848086.114983
27786,3000,848159.647754
28692,3000,848238.627993
27796,3000,848315.160512
28506,3000,848399.647105
28654,3000,848467.884216
28436,3000,848543.241462
28156,3000,848624.988999
28628,3000,848706.296645
28698,3000,848788.925589
28030,3000,848871.383806
28426,3000,848951.443166
28576,3000,849031.828389
29180,3000,849117.913133
28364,3000,849201.222785
28108,3000,849285.022014
27820,3000,849355.609047
28282,3000,849435.852469
28536,3000,849516.73343
28750,3000,849597.35016
28464,3000,849672.752318
27708,3000,849750.343359
28526,3000,849826.098976
28256,3000,849900.846799
28074,3000,849977.759538
27708,3000,850056.616265
28672,3000,850134.771811
28522,3000,850217.172444
28868,3000,850299.190416
28138,3000,850373.778272
27936,3000,850451.419304
27644,3000,850531.870854
28298,3000,850610.896992
28006,3000,850685.804039
27992,3000,850758.114875
28134,3000,850833.867123
28344,3000,850912.626313
28270,3000,850992.35394
28772,3000,851069.993132
28230,3000,851144.342916
28682,3000,851229.444021
28922,3000,851299.918147
28092,3000,851386.499606
28266,3000,851458.679939
28902,3000,851539.648547
27792,3000,851613.806318
27976,3000,851694.671417
27696,3000,851763.259447
28320,3000,851839.349944
28170,3000,851921.509928
27928,3000,852005.494848
28226,3000,852081.878299
28508,3000,852163.653781
28474,3000,852238.875984
28212,3000,852316.642662
28344,3000,852399.269465
28806,3000,852486.519002
28598,3000,852566.093804
27518,3000,852645.336707
28874,3000,852717.439554
28320,3000,852794.284217
28380,3000,852867.695267
28894,3000,852949.319304
27366,3000,853022.273825
27958,3000,853099.84142
28620,3000,853267.700034
28074,3000,853347.310111
28120,3000,853435.331471
28300,3000,853513.93577
28058,3000,853588.697957
28538,3000,853670.228841
27848,3000,853746.43856
27862,3000,853828.789844
28282,3000,853901.665366
27698,3000,853983.170835
28806,3000,854065.662833
28124,3000,854137.761681
28450,3000,854220.295008
28712,3000,854300.560678
28028,3000,854371.134828
27744,3000,854443.783115
28450,3000,854533.612756
28320,3000,854615.921125
27830,3000,854693.783052
28262,3000,854774.476283
28314,3000,854857.236209
28630,3000,854936.987332
28870,3000,855019.191908
28380,3000,855096.35912
28756,3000,855180.484885
28180,3000,855254.693494
28184,3000,855326.127706
28732,3000,855411.701479
28682,3000,855489.738364
28518,3000,855571.07011
28176,3000,855655.767706
27568,3000,855729.969423
28084,3000,855806.611398
28580,3000,855883.012727
28490,3000,855962.857276
28806,3000,856039.71764
27820,3000,856112.543429
28200,3000,856188.248488
28376,3000,856277.046791
28448,3000,856358.842273
28694,3000,856446.402245
28680,3000,856530.899823
28530,3000,856607.971357
28452,3000,856693.697157
28392,3000,856774.994726
28306,3000,856861.821201
28748,3000,856946.687349
28498,3000,857032.807269
28298,3000,857109.420783
28458,3000,857186.738245
28138,3000,857257.930916
27918,3000,857324.840953
27936,3000,857400.202311
28360,3000,857475.143556
28672,3000,857555.870164
28788,3000,857633.759942
27966,3000,857709.334714
28510,3000,857789.415485
28198,3000,857870.645955
28552,3000,857951.610579
28390,3000,858025.284393
28472,3000,858103.15282
27914,3000,858183.286873
28600,3000,858262.062395
28544,3000,858345.359846
28478,3000,858426.340492
28058,3000,858502.620197
29218,3000,858684.562529
29708,3000,858766.366345
29222,3000,858845.279462
29904,3000,858927.951845
29134,3000,859011.09578
