---> Week : 0
--> Day : 0
-> Request 0
867
(3, 3, 2)
2
(60, 30)
-> Request 1
1042
(2, 2, 1)
2
(61, 34)
-> Request 2
1358
(4, 1, 2)
2
(8, 3)
--> Day : 1
-> Request 0
292
(4, 2, 1)
1
(63, 5)
-> Request 1
740
(4, 3, 1)
1
(51, 40)
-> Request 2
1075
(2, 3, 1)
1
(46, 40)
-> Request 3
1121
(4, 3, 2)
2
(19, 79)
-> Request 4
1134
(3, 3, 1)
2
(56, 64)
--> Day : 2
-> Request 0
98
(4, 1, 2)
2
(66, 50)
-> Request 1
296
(4, 2, 1)
3
(61, 45)
-> Request 2
484
(1, 1, 2)
3
(40, 48)
-> Request 3
1259
(4, 2, 2)
2
(51, 35)
-> Request 4
1383
(2, 3, 1)
2
(10, 28)
--> Day : 3
-> Request 0
162
(4, 3, 1)
1
(46, 29)
-> Request 1
238
(4, 3, 2)
1
(49, 39)
-> Request 2
503
(2, 1, 1)
2
(49, 79)
-> Request 3
702
(3, 2, 2)
2
(48, 43)
-> Request 4
1010
(1, 1, 2)
2
(10, 25)
-> Request 5
1063
(4, 2, 2)
3
(6, 59)
--> Day : 4
-> Request 0
76
(3, 1, 1)
2
(56, 66)
-> Request 1
144
(3, 3, 2)
3
(62, 28)
-> Request 2
185
(4, 2, 1)
3
(79, 75)
-> Request 3
592
(3, 3, 1)
3
(49, 37)
-> Request 4
887
(4, 1, 2)
1
(56, 40)
-> Request 5
1088
(4, 2, 2)
3
(55, 48)
-> Request 6
1325
(4, 1, 1)
2
(75, 52)
---> Week : 1
--> Day : 0
-> Request 0
167
(1, 3, 1)
2
(60, 39)
-> Request 1
360
(2, 3, 1)
2
(60, 73)
-> Request 2
543
(1, 2, 2)
3
(51, 27)
-> Request 3
652
(3, 3, 1)
1
(34, 44)
-> Request 4
794
(1, 2, 1)
2
(58, 71)
-> Request 5
845
(3, 2, 2)
1
(19, 13)
-> Request 6
907
(3, 3, 2)
1
(0, 66)
-> Request 7
1205
(2, 3, 1)
1
(13, 59)
-> Request 8
1243
(2, 2, 1)
2
(57, 39)
--> Day : 1
-> Request 0
385
(1, 2, 1)
1
(56, 29)
-> Request 1
511
(1, 3, 2)
2
(49, 40)
-> Request 2
527
(4, 2, 1)
2
(76, 56)
-> Request 3
739
(4, 1, 2)
3
(13, 57)
-> Request 4
1291
(2, 3, 1)
1
(62, 63)
-> Request 5
1330
(3, 3, 1)
1
(52, 44)
--> Day : 2
-> Request 0
93
(3, 3, 2)
1
(24, 16)
-> Request 1
584
(2, 1, 1)
3
(44, 38)
-> Request 2
1213
(1, 1, 2)
1
(30, 58)
-> Request 3
1277
(2, 1, 2)
1
(10, 50)
-> Request 4
1349
(1, 1, 2)
1
(45, 46)
-> Request 5
1433
(3, 2, 1)
3
(7, 61)
--> Day : 3
-> Request 0
19
(2, 2, 1)
3
(16, 17)
-> Request 1
211
(4, 1, 2)
3
(63, 66)
-> Request 2
385
(1, 3, 1)
2
(62, 34)
-> Request 3
419
(2, 3, 1)
1
(50, 33)
-> Request 4
1037
(4, 2, 1)
3
(58, 36)
-> Request 5
1147
(1, 2, 2)
3
(48, 45)
--> Day : 4
-> Request 0
18
(1, 3, 1)
2
(61, 28)
-> Request 1
22
(2, 1, 2)
2
(73, 53)
-> Request 2
289
(1, 1, 1)
1
(35, 56)
-> Request 3
922
(3, 2, 1)
2
(58, 32)
-> Request 4
1098
(4, 2, 1)
3
(11, 47)
-> Request 5
1164
(3, 2, 1)
1
(27, 7)
-> Request 6
1177
(1, 1, 2)
1
(52, 36)
-> Request 7
1257
(1, 2, 2)
1
(22, 75)
-> Request 8
1262
(4, 1, 1)
2
(60, 62)
---> Week : 2
--> Day : 0
-> Request 0
116
(1, 2, 2)
2
(28, 57)
-> Request 1
996
(4, 1, 2)
3
(4, 53)
-> Request 2
1235
(2, 3, 2)
2
(41, 28)
--> Day : 1
-> Request 0
502
(2, 2, 2)
3
(11, 70)
-> Request 1
543
(4, 3, 2)
3
(30, 28)
-> Request 2
610
(4, 1, 2)
3
(47, 31)
-> Request 3
876
(1, 2, 2)
3
(15, 67)
-> Request 4
968
(1, 2, 1)
2
(0, 5)
-> Request 5
1342
(3, 2, 2)
3
(40, 25)
--> Day : 2
-> Request 0
194
(4, 1, 1)
3
(28, 34)
-> Request 1
567
(2, 3, 2)
1
(60, 39)
-> Request 2
681
(2, 1, 2)
1
(48, 29)
-> Request 3
824
(2, 1, 1)
1
(2, 45)
-> Request 4
904
(4, 3, 2)
2
(8, 3)
-> Request 5
1399
(4, 1, 1)
3
(9, 42)
--> Day : 3
-> Request 0
607
(2, 3, 2)
2
(56, 42)
-> Request 1
919
(4, 3, 2)
1
(9, 69)
--> Day : 4
-> Request 0
64
(3, 2, 2)
1
(12, 56)
-> Request 1
115
(3, 3, 2)
2
(4, 76)
-> Request 2
229
(2, 1, 2)
2
(66, 46)
-> Request 3
438
(1, 3, 1)
1
(66, 35)
-> Request 4
693
(4, 1, 1)
1
(52, 29)
-> Request 5
945
(3, 1, 2)
3
(79, 51)
-> Request 6
1008
(2, 2, 2)
3
(54, 76)
-> Request 7
1141
(4, 1, 1)
2
(8, 76)
-> Request 8
1318
(3, 1, 1)
3
(62, 28)
-> Request 9
1417
(4, 1, 1)
2
(77, 24)
---> Week : 3
--> Day : 0
-> Request 0
220
(4, 2, 1)
1
(32, 56)
-> Request 1
382
(1, 3, 2)
2
(47, 38)
-> Request 2
706
(3, 1, 1)
1
(5, 15)
-> Request 3
911
(4, 1, 2)
3
(33, 33)
-> Request 4
1102
(2, 3, 1)
1
(55, 69)
-> Request 5
1117
(1, 2, 2)
1
(57, 42)
-> Request 6
1201
(1, 1, 1)
3
(44, 36)
--> Day : 1
-> Request 0
449
(3, 1, 2)
2
(52, 32)
-> Request 1
1226
(2, 1, 2)
1
(47, 29)
-> Request 2
1233
(3, 1, 2)
3
(66, 6)
--> Day : 2
-> Request 0
763
(4, 2, 1)
2
(58, 72)
-> Request 1
906
(1, 3, 1)
3
(2, 17)
-> Request 2
1035
(1, 2, 1)
2
(60, 42)
-> Request 3
1140
(1, 2, 1)
2
(45, 34)
-> Request 4
1168
(2, 2, 2)
2
(45, 33)
-> Request 5
1411
(3, 3, 1)
3
(57, 41)
--> Day : 3
-> Request 0
466
(2, 1, 2)
1
(56, 76)
-> Request 1
608
(3, 1, 2)
3
(59, 27)
-> Request 2
654
(2, 1, 2)
2
(51, 44)
-> Request 3
747
(4, 2, 1)
3
(58, 33)
-> Request 4
782
(1, 3, 2)
1
(44, 22)
-> Request 5
903
(3, 2, 1)
2
(12, 21)
-> Request 6
928
(4, 2, 2)
2
(57, 50)
-> Request 7
995
(2, 3, 2)
3
(75, 62)
-> Request 8
1275
(4, 1, 2)
3
(58, 77)
-> Request 9
1328
(1, 1, 2)
3
(55, 44)
-> Request 10
1379
(1, 1, 2)
2
(59, 38)
--> Day : 4
-> Request 0
123
(3, 1, 1)
2
(55, 67)
-> Request 1
234
(4, 3, 1)
2
(75, 79)
-> Request 2
563
(1, 2, 1)
3
(9, 21)
-> Request 3
731
(3, 2, 1)
3
(22, 16)
-> Request 4
797
(3, 3, 1)
3
(49, 20)
-> Request 5
1186
(1, 3, 1)
1
(42, 66)
---> Week : 4
--> Day : 0
-> Request 0
349
(2, 2, 1)
1
(58, 38)
-> Request 1
420
(3, 2, 2)
1
(45, 71)
-> Request 2
559
(2, 3, 1)
1
(66, 78)
-> Request 3
639
(1, 3, 2)
3
(60, 74)
-> Request 4
757
(2, 2, 1)
2
(9, 14)
--> Day : 1
-> Request 0
255
(1, 1, 1)
1
(64, 67)
-> Request 1
471
(4, 1, 1)
3
(63, 74)
-> Request 2
606
(2, 2, 1)
3
(43, 32)
-> Request 3
654
(2, 3, 2)
1
(24, 13)
-> Request 4
709
(2, 3, 1)
2
(41, 62)
-> Request 5
1057
(1, 2, 2)
2
(67, 31)
-> Request 6
1224
(3, 2, 2)
3
(62, 45)
-> Request 7
1360
(1, 3, 2)
3
(59, 67)
--> Day : 2
-> Request 0
127
(3, 1, 1)
3
(59, 65)
-> Request 1
368
(2, 1, 2)
1
(43, 48)
-> Request 2
646
(3, 2, 2)
1
(30, 32)
-> Request 3
688
(4, 1, 1)
3
(48, 31)
-> Request 4
740
(4, 3, 2)
2
(79, 47)
-> Request 5
885
(3, 1, 2)
1
(50, 32)
-> Request 6
1282
(4, 1, 2)
1
(47, 29)
-> Request 7
1337
(1, 1, 2)
3
(76, 32)
-> Request 8
1436
(2, 2, 1)
1
(56, 44)
--> Day : 3
-> Request 0
35
(2, 1, 2)
2
(28, 42)
-> Request 1
264
(4, 3, 2)
2
(59, 75)
-> Request 2
920
(1, 2, 2)
1
(48, 16)
-> Request 3
968
(2, 1, 2)
2
(18, 47)
-> Request 4
1023
(3, 3, 2)
1
(0, 41)
-> Request 5
1323
(2, 1, 1)
1
(59, 17)
-> Request 6
1359
(1, 2, 2)
3
(43, 28)
--> Day : 4
-> Request 0
54
(2, 3, 2)
2
(12, 24)
-> Request 1
149
(2, 3, 1)
3
(46, 38)
-> Request 2
175
(2, 1, 2)
3
(61, 32)
-> Request 3
477
(2, 3, 2)
2
(57, 41)
-> Request 4
633
(3, 3, 1)
1
(54, 42)
-> Request 5
698
(1, 2, 1)
1
(13, 43)
-> Request 6
731
(2, 3, 1)
1
(18, 61)
---> Week : 5
--> Day : 0
-> Request 0
252
(3, 2, 2)
1
(55, 40)
-> Request 1
285
(3, 1, 2)
3
(71, 59)
-> Request 2
407
(3, 1, 2)
1
(50, 36)
-> Request 3
525
(2, 3, 1)
2
(7, 17)
-> Request 4
553
(1, 2, 2)
2
(51, 44)
-> Request 5
657
(2, 3, 1)
1
(53, 20)
-> Request 6
682
(2, 2, 1)
1
(40, 6)
-> Request 7
807
(1, 3, 2)
2
(8, 29)
-> Request 8
852
(3, 3, 1)
3
(60, 23)
-> Request 9
942
(4, 1, 1)
2
(13, 26)
-> Request 10
1011
(4, 2, 1)
1
(47, 39)
-> Request 11
1131
(4, 3, 2)
3
(60, 66)
-> Request 12
1419
(1, 1, 1)
1
(12, 70)
--> Day : 1
-> Request 0
308
(1, 1, 2)
2
(28, 27)
-> Request 1
370
(3, 3, 2)
2
(42, 44)
-> Request 2
424
(1, 2, 2)
1
(15, 8)
-> Request 3
453
(4, 1, 1)
1
(65, 73)
-> Request 4
631
(3, 3, 2)
1
(76, 76)
-> Request 5
908
(1, 3, 2)
1
(63, 77)
-> Request 6
1398
(1, 2, 2)
2
(22, 67)
--> Day : 2
-> Request 0
147
(4, 3, 2)
3
(60, 74)
-> Request 1
506
(2, 3, 2)
2
(45, 39)
-> Request 2
651
(1, 2, 1)
3
(53, 33)
--> Day : 3
-> Request 0
152
(3, 3, 2)
2
(46, 31)
-> Request 1
244
(2, 2, 1)
2
(58, 38)
-> Request 2
533
(1, 2, 1)
2
(49, 69)
-> Request 3
664
(3, 2, 1)
1
(24, 29)
-> Request 4
1194
(3, 1, 1)
2
(59, 40)
-> Request 5
1427
(1, 1, 2)
1
(38, 53)
--> Day : 4
-> Request 0
7
(1, 2, 1)
3
(40, 6)
-> Request 1
519
(2, 3, 2)
1
(46, 66)
-> Request 2
649
(2, 1, 2)
1
(60, 44)
-> Request 3
1008
(3, 2, 2)
3
(23, 52)
-> Request 4
1081
(2, 1, 2)
1
(33, 41)
---> Week : 6
--> Day : 0
-> Request 0
98
(4, 3, 2)
3
(49, 30)
-> Request 1
146
(4, 3, 1)
3
(49, 32)
-> Request 2
291
(3, 3, 2)
3
(15, 13)
-> Request 3
439
(1, 2, 2)
2
(54, 41)
-> Request 4
625
(4, 1, 1)
2
(6, 27)
-> Request 5
683
(3, 1, 2)
2
(63, 24)
-> Request 6
1146
(1, 1, 2)
2
(51, 42)
--> Day : 1
-> Request 0
293
(2, 2, 1)
3
(16, 0)
-> Request 1
711
(2, 3, 2)
3
(4, 78)
-> Request 2
945
(2, 1, 2)
1
(57, 66)
-> Request 3
1396
(2, 2, 1)
3
(53, 64)
--> Day : 2
-> Request 0
448
(2, 2, 2)
1
(0, 45)
-> Request 1
1018
(2, 2, 2)
2
(57, 71)
-> Request 2
1047
(4, 1, 1)
3
(20, 19)
-> Request 3
1364
(3, 2, 1)
1
(43, 42)
--> Day : 3
--> Day : 4
-> Request 0
178
(2, 1, 1)
1
(44, 44)
-> Request 1
207
(3, 1, 1)
1
(14, 78)
-> Request 2
503
(3, 2, 1)
2
(73, 31)
-> Request 3
643
(2, 1, 2)
3
(52, 44)
-> Request 4
1126
(4, 3, 2)
2
(15, 25)
---> Week : 7
--> Day : 0
-> Request 0
23
(2, 3, 2)
3
(25, 49)
-> Request 1
259
(2, 2, 1)
3
(15, 22)
-> Request 2
699
(3, 1, 1)
1
(54, 75)
-> Request 3
827
(3, 2, 2)
1
(55, 40)
--> Day : 1
-> Request 0
154
(4, 1, 1)
3
(50, 2)
-> Request 1
558
(3, 1, 2)
3
(36, 3)
-> Request 2
642
(4, 3, 1)
2
(74, 17)
-> Request 3
652
(2, 1, 2)
3
(54, 28)
-> Request 4
762
(2, 1, 2)
3
(58, 74)
-> Request 5
1040
(1, 2, 2)
3
(61, 32)
-> Request 6
1080
(1, 1, 2)
2
(55, 68)
-> Request 7
1080
(4, 2, 1)
2
(5, 50)
-> Request 8
1243
(1, 2, 2)
1
(59, 40)
-> Request 9
1411
(2, 2, 1)
3
(48, 27)
--> Day : 2
-> Request 0
53
(3, 2, 2)
1
(58, 42)
-> Request 1
541
(2, 2, 2)
2
(75, 20)
-> Request 2
587
(1, 2, 1)
3
(11, 35)
-> Request 3
787
(1, 1, 2)
3
(62, 72)
-> Request 4
1155
(3, 1, 2)
2
(47, 35)
-> Request 5
1189
(1, 3, 1)
1
(41, 8)
-> Request 6
1224
(3, 3, 2)
3
(0, 59)
--> Day : 3
-> Request 0
411
(4, 3, 1)
2
(5, 32)
-> Request 1
476
(2, 1, 1)
3
(19, 57)
-> Request 2
520
(1, 1, 2)
1
(60, 64)
-> Request 3
552
(2, 1, 1)
1
(70, 0)
-> Request 4
1348
(4, 1, 2)
2
(49, 41)
--> Day : 4
-> Request 0
755
(3, 2, 1)
2
(25, 22)
-> Request 1
1058
(1, 1, 1)
3
(10, 3)
---> Week : 8
--> Day : 0
-> Request 0
160
(2, 2, 2)
3
(50, 40)
-> Request 1
387
(4, 2, 1)
1
(44, 34)
-> Request 2
703
(4, 1, 2)
1
(55, 36)
-> Request 3
927
(2, 1, 1)
2
(47, 57)
-> Request 4
980
(1, 1, 2)
1
(9, 50)
-> Request 5
1049
(2, 1, 2)
1
(59, 37)
-> Request 6
1281
(1, 1, 1)
1
(16, 28)
--> Day : 1
-> Request 0
676
(4, 3, 2)
1
(64, 18)
-> Request 1
895
(1, 2, 1)
3
(31, 76)
--> Day : 2
-> Request 0
84
(2, 1, 2)
2
(48, 46)
-> Request 1
190
(3, 3, 2)
3
(60, 65)
-> Request 2
584
(1, 3, 2)
2
(54, 8)
-> Request 3
756
(1, 2, 1)
2
(38, 23)
-> Request 4
963
(4, 2, 2)
3
(55, 70)
-> Request 5
990
(1, 3, 2)
2
(66, 68)
-> Request 6
1248
(1, 3, 2)
2
(75, 72)
--> Day : 3
-> Request 0
63
(3, 3, 2)
1
(51, 39)
-> Request 1
158
(4, 2, 2)
2
(52, 35)
-> Request 2
716
(1, 3, 2)
3
(27, 69)
-> Request 3
787
(4, 1, 2)
1
(61, 30)
-> Request 4
811
(1, 3, 1)
3
(62, 46)
-> Request 5
829
(2, 3, 2)
3
(37, 57)
-> Request 6
1111
(4, 3, 2)
2
(14, 21)
-> Request 7
1408
(1, 2, 2)
1
(11, 5)
--> Day : 4
-> Request 0
4
(2, 1, 1)
2
(47, 37)
-> Request 1
20
(4, 1, 1)
1
(63, 75)
-> Request 2
264
(2, 1, 2)
1
(27, 41)
-> Request 3
712
(4, 1, 2)
1
(32, 25)
-> Request 4
812
(4, 2, 2)
1
(79, 55)
-> Request 5
933
(3, 3, 1)
1
(62, 29)
-> Request 6
1061
(3, 2, 1)
2
(13, 50)
-> Request 7
1127
(1, 1, 1)
2
(55, 68)
-> Request 8
1378
(2, 3, 2)
1
(52, 27)
---> Week : 9
--> Day : 0
-> Request 0
82
(4, 2, 2)
3
(54, 74)
-> Request 1
984
(2, 3, 2)
1
(40, 55)
--> Day : 1
-> Request 0
190
(3, 2, 1)
1
(56, 31)
-> Request 1
346
(2, 2, 1)
1
(73, 46)
-> Request 2
1247
(1, 1, 2)
1
(36, 34)
-> Request 3
1251
(4, 1, 2)
1
(62, 33)
-> Request 4
1354
(2, 1, 2)
2
(51, 45)
--> Day : 2
-> Request 0
199
(2, 1, 2)
2
(7, 36)
-> Request 1
468
(1, 1, 2)
1
(15, 25)
-> Request 2
541
(4, 1, 2)
1
(43, 33)
-> Request 3
661
(3, 1, 2)
3
(60, 67)
-> Request 4
792
(1, 1, 1)
3
(72, 51)
-> Request 5
795
(1, 2, 2)
2
(46, 36)
-> Request 6
851
(4, 2, 2)
3
(12, 21)
-> Request 7
1380
(4, 2, 2)
2
(62, 39)
--> Day : 3
-> Request 0
205
(4, 3, 1)
1
(20, 55)
-> Request 1
273
(1, 1, 2)
3
(19, 17)
-> Request 2
299
(3, 2, 2)
3
(43, 22)
-> Request 3
751
(4, 3, 2)
1
(16, 24)
-> Request 4
1257
(4, 3, 2)
3
(51, 40)
-> Request 5
1272
(2, 2, 1)
3
(54, 75)
-> Request 6
1409
(1, 3, 1)
2
(20, 43)
--> Day : 4
-> Request 0
61
(4, 3, 2)
2
(61, 26)
-> Request 1
343
(2, 3, 2)
3
(60, 35)
-> Request 2
465
(3, 3, 2)
1
(1, 58)
-> Request 3
639
(1, 3, 2)
1
(61, 71)
-> Request 4
840
(2, 2, 1)
1
(56, 39)
-> Request 5
1021
(3, 3, 1)
1
(60, 34)
-> Request 6
1037
(1, 1, 1)
1
(20, 71)
-> Request 7
1321
(2, 3, 2)
2
(11, 69)
-> Request 8
1421
(1, 1, 2)
3
(51, 78)
---> Week : 10
--> Day : 0
-> Request 0
133
(4, 3, 2)
3
(54, 72)
-> Request 1
221
(4, 1, 2)
3
(11, 4)
-> Request 2
577
(1, 3, 2)
2
(35, 23)
-> Request 3
1087
(1, 1, 1)
1
(60, 73)
-> Request 4
1180
(3, 2, 1)
2
(6, 44)
-> Request 5
1340
(4, 3, 2)
3
(13, 58)
--> Day : 1
-> Request 0
55
(4, 1, 1)
3
(11, 25)
-> Request 1
188
(3, 1, 2)
3
(59, 73)
-> Request 2
319
(4, 1, 1)
2
(57, 75)
-> Request 3
626
(2, 3, 2)
1
(55, 76)
-> Request 4
820
(4, 2, 2)
1
(60, 29)
-> Request 5
906
(1, 2, 1)
1
(54, 71)
-> Request 6
1201
(3, 3, 1)
1
(48, 31)
--> Day : 2
-> Request 0
82
(4, 1, 1)
1
(38, 79)
-> Request 1
365
(4, 1, 1)
2
(54, 35)
-> Request 2
485
(4, 3, 2)
2
(54, 39)
-> Request 3
858
(3, 1, 1)
2
(50, 43)
-> Request 4
1092
(3, 3, 2)
2
(55, 32)
-> Request 5
1208
(1, 1, 2)
1
(65, 75)
-> Request 6
1387
(3, 3, 1)
3
(17, 29)
-> Request 7
1427
(4, 2, 2)
1
(3, 68)
--> Day : 3
-> Request 0
14
(1, 3, 1)
2
(53, 75)
-> Request 1
529
(2, 3, 1)
1
(24, 9)
-> Request 2
626
(2, 2, 1)
1
(52, 68)
-> Request 3
772
(1, 3, 1)
3
(62, 46)
-> Request 4
1334
(4, 2, 2)
1
(52, 8)
--> Day : 4
-> Request 0
439
(4, 2, 2)
2
(9, 18)
-> Request 1
633
(2, 3, 1)
3
(47, 33)
-> Request 2
686
(2, 2, 2)
3
(60, 74)
---> Week : 11
--> Day : 0
-> Request 0
125
(3, 3, 2)
3
(2, 51)
-> Request 1
153
(4, 3, 1)
1
(0, 21)
-> Request 2
451
(1, 1, 1)
3
(55, 46)
-> Request 3
566
(3, 1, 1)
1
(9, 23)
-> Request 4
1271
(3, 2, 2)
1
(52, 37)
--> Day : 1
-> Request 0
78
(4, 3, 1)
2
(52, 42)
-> Request 1
194
(2, 1, 2)
3
(11, 29)
-> Request 2
592
(3, 1, 1)
3
(46, 37)
-> Request 3
683
(1, 3, 1)
2
(54, 32)
-> Request 4
1058
(2, 2, 1)
2
(57, 43)
-> Request 5
1094
(1, 1, 1)
3
(52, 71)
-> Request 6
1301
(1, 3, 1)
1
(50, 29)
-> Request 7
1321
(2, 1, 2)
1
(51, 33)
--> Day : 2
-> Request 0
5
(4, 1, 2)
1
(13, 31)
-> Request 1
76
(1, 1, 2)
2
(61, 69)
-> Request 2
523
(3, 3, 2)
2
(61, 67)
-> Request 3
963
(2, 2, 1)
1
(14, 23)
-> Request 4
1213
(1, 1, 1)
2
(45, 43)
-> Request 5
1336
(2, 3, 1)
1
(54, 43)
--> Day : 3
-> Request 0
225
(4, 2, 2)
1
(52, 52)
-> Request 1
259
(3, 1, 1)
2
(50, 41)
-> Request 2
361
(4, 1, 2)
3
(73, 2)
-> Request 3
718
(4, 3, 2)
2
(62, 48)
-> Request 4
778
(1, 2, 1)
1
(3, 51)
-> Request 5
858
(3, 2, 2)
2
(50, 31)
-> Request 6
863
(1, 3, 1)
3
(46, 39)
-> Request 7
1216
(2, 2, 2)
3
(51, 44)
--> Day : 4
-> Request 0
68
(1, 3, 2)
1
(18, 53)
---> Week : 12
--> Day : 0
-> Request 0
189
(1, 2, 1)
2
(16, 29)
-> Request 1
287
(3, 2, 2)
1
(49, 76)
-> Request 2
574
(4, 3, 1)
3
(52, 65)
-> Request 3
814
(3, 3, 2)
3
(57, 46)
--> Day : 1
-> Request 0
305
(2, 2, 2)
2
(54, 37)
-> Request 1
336
(1, 2, 1)
3
(27, 34)
-> Request 2
483
(1, 3, 2)
3
(56, 31)
-> Request 3
995
(2, 3, 1)
2
(14, 22)
-> Request 4
1179
(2, 1, 2)
1
(16, 49)
-> Request 5
1366
(1, 2, 1)
2
(66, 71)
--> Day : 2
-> Request 0
56
(4, 3, 2)
1
(56, 30)
-> Request 1
189
(3, 1, 2)
3
(61, 70)
-> Request 2
293
(4, 3, 2)
2
(78, 7)
-> Request 3
646
(2, 3, 1)
3
(6, 33)
-> Request 4
716
(4, 2, 2)
3
(55, 36)
-> Request 5
1276
(4, 1, 2)
1
(49, 7)
--> Day : 3
-> Request 0
72
(3, 3, 2)
2
(41, 46)
-> Request 1
297
(3, 1, 2)
1
(60, 68)
-> Request 2
312
(3, 2, 2)
1
(9, 6)
-> Request 3
585
(3, 1, 1)
2
(56, 70)
-> Request 4
924
(4, 1, 1)
2
(46, 41)
-> Request 5
1012
(1, 1, 2)
1
(10, 22)
--> Day : 4
-> Request 0
243
(2, 2, 2)
3
(20, 71)
-> Request 1
369
(3, 3, 2)
1
(59, 70)
-> Request 2
455
(3, 2, 2)
1
(72, 11)
-> Request 3
944
(3, 3, 1)
3
(55, 46)
-> Request 4
1191
(4, 3, 2)
3
(53, 64)
-> Request 5
1266
(2, 2, 1)
1
(14, 71)
---> Week : 13
--> Day : 0
-> Request 0
35
(3, 1, 1)
3
(56, 46)
-> Request 1
335
(2, 1, 2)
1
(37, 75)
-> Request 2
567
(4, 3, 2)
3
(56, 71)
-> Request 3
703
(3, 1, 2)
2
(57, 29)
-> Request 4
935
(2, 2, 2)
3
(49, 39)
-> Request 5
1283
(1, 1, 2)
3
(57, 55)
-> Request 6
1294
(1, 2, 2)
3
(60, 77)
-> Request 7
1392
(3, 1, 2)
3
(56, 69)
--> Day : 1
-> Request 0
34
(3, 2, 1)
1
(51, 42)
-> Request 1
1319
(2, 3, 1)
2
(52, 57)
--> Day : 2
-> Request 0
209
(3, 1, 1)
1
(49, 32)
-> Request 1
233
(3, 1, 1)
1
(46, 34)
-> Request 2
440
(1, 2, 1)
2
(11, 23)
-> Request 3
841
(1, 2, 2)
1
(44, 50)
-> Request 4
887
(1, 1, 2)
1
(27, 61)
-> Request 5
1064
(1, 3, 2)
1
(56, 70)
-> Request 6
1189
(1, 2, 2)
1
(52, 66)
-> Request 7
1217
(4, 3, 2)
2
(55, 33)
-> Request 8
1362
(4, 1, 1)
1
(32, 78)
--> Day : 3
-> Request 0
276
(3, 3, 1)
3
(70, 1)
-> Request 1
758
(2, 3, 1)
2
(55, 48)
--> Day : 4
-> Request 0
224
(2, 2, 1)
1
(5, 41)
-> Request 1
320
(2, 3, 2)
3
(51, 38)
-> Request 2
388
(3, 1, 2)
2
(60, 32)
-> Request 3
715
(1, 1, 2)
1
(22, 68)
-> Request 4
896
(2, 1, 2)
3
(13, 16)
-> Request 5
1415
(3, 3, 1)
3
(21, 52)
---> Week : 14
--> Day : 0
-> Request 0
151
(4, 1, 1)
2
(29, 14)
-> Request 1
227
(2, 2, 1)
2
(70, 15)
-> Request 2
1239
(1, 3, 2)
1
(78, 17)
--> Day : 1
-> Request 0
6
(2, 2, 2)
3
(23, 75)
-> Request 1
311
(1, 1, 2)
1
(6, 58)
-> Request 2
327
(3, 1, 2)
3
(57, 74)
-> Request 3
536
(3, 2, 2)
1
(25, 49)
-> Request 4
1126
(1, 1, 2)
1
(13, 17)
-> Request 5
1235
(1, 1, 1)
2
(13, 0)
-> Request 6
1376
(4, 3, 2)
3
(4, 42)
-> Request 7
1402
(4, 1, 2)
1
(32, 26)
--> Day : 2
-> Request 0
87
(4, 1, 1)
3
(66, 64)
-> Request 1
384
(2, 3, 1)
1
(62, 66)
-> Request 2
717
(3, 3, 2)
1
(73, 39)
-> Request 3
781
(3, 3, 1)
3
(12, 27)
-> Request 4
986
(2, 1, 1)
3
(64, 30)
-> Request 5
1027
(1, 2, 1)
1
(3, 8)
-> Request 6
1381
(1, 1, 1)
1
(15, 10)
--> Day : 3
-> Request 0
212
(4, 1, 1)
2
(24, 73)
-> Request 1
275
(2, 1, 1)
1
(46, 45)
-> Request 2
413
(1, 3, 2)
3
(61, 66)
-> Request 3
669
(2, 3, 2)
2
(59, 28)
-> Request 4
1113
(4, 3, 1)
2
(40, 73)
-> Request 5
1411
(1, 3, 1)
2
(57, 35)
--> Day : 4
-> Request 0
59
(3, 2, 1)
3
(77, 8)
-> Request 1
275
(1, 2, 2)
3
(59, 40)
-> Request 2
330
(2, 2, 1)
3
(30, 39)
-> Request 3
541
(3, 3, 1)
2
(20, 26)
-> Request 4
698
(3, 3, 1)
3
(46, 36)
-> Request 5
741
(2, 3, 1)
3
(27, 16)
-> Request 6
779
(1, 2, 2)
3
(55, 39)
-> Request 7
815
(2, 2, 2)
3
(14, 27)
-> Request 8
907
(1, 3, 2)
2
(23, 5)
-> Request 9
1093
(1, 3, 2)
2
(36, 1)
-> Request 10
1256
(4, 3, 1)
2
(53, 65)
---> Week : 15
--> Day : 0
-> Request 0
262
(3, 1, 1)
2
(15, 22)
-> Request 1
986
(3, 3, 1)
2
(55, 75)
-> Request 2
990
(2, 3, 2)
1
(28, 9)
-> Request 3
1246
(2, 3, 1)
2
(49, 40)
--> Day : 1
-> Request 0
48
(4, 1, 1)
1
(63, 75)
-> Request 1
103
(3, 1, 1)
3
(70, 15)
-> Request 2
315
(2, 3, 2)
1
(79, 26)
-> Request 3
507
(3, 3, 2)
2
(10, 27)
-> Request 4
651
(1, 1, 1)
1
(60, 44)
-> Request 5
721
(3, 1, 1)
3
(61, 67)
-> Request 6
842
(1, 3, 1)
1
(34, 3)
-> Request 7
882
(1, 3, 2)
3
(5, 33)
-> Request 8
919
(4, 2, 1)
1
(55, 45)
-> Request 9
1088
(4, 2, 1)
2
(72, 48)
--> Day : 2
-> Request 0
83
(3, 1, 1)
3
(24, 55)
-> Request 1
347
(4, 3, 2)
2
(31, 43)
-> Request 2
423
(1, 1, 2)
1
(54, 75)
-> Request 3
599
(4, 3, 2)
3
(43, 74)
-> Request 4
637
(3, 2, 1)
3
(24, 31)
-> Request 5
1391
(1, 1, 2)
2
(18, 14)
--> Day : 3
-> Request 0
128
(2, 1, 1)
2
(79, 2)
-> Request 1
329
(3, 2, 2)
1
(60, 31)
-> Request 2
510
(4, 3, 1)
3
(12, 23)
--> Day : 4
-> Request 0
36
(4, 2, 2)
3
(36, 63)
-> Request 1
206
(3, 3, 2)
3
(48, 42)
-> Request 2
383
(2, 2, 1)
2
(5, 77)
-> Request 3
837
(2, 3, 2)
3
(54, 69)
-> Request 4
954
(3, 3, 1)
1
(56, 78)
-> Request 5
1104
(4, 1, 2)
3
(47, 34)
-> Request 6
1436
(2, 3, 1)
3
(53, 43)
---> Week : 16
--> Day : 0
-> Request 0
84
(3, 1, 2)
2
(4, 66)
-> Request 1
295
(1, 1, 1)
3
(61, 45)
-> Request 2
538
(1, 1, 1)
2
(17, 54)
-> Request 3
709
(1, 1, 1)
1
(56, 40)
-> Request 4
1229
(1, 2, 1)
2
(54, 36)
--> Day : 1
-> Request 0
36
(2, 1, 2)
1
(62, 40)
-> Request 1
45
(3, 3, 1)
2
(44, 46)
-> Request 2
480
(3, 1, 1)
1
(44, 46)
-> Request 3
819
(1, 1, 1)
3
(53, 34)
-> Request 4
895
(4, 2, 1)
3
(67, 38)
-> Request 5
933
(2, 1, 1)
3
(52, 36)
-> Request 6
1018
(3, 1, 1)
3
(3, 70)
-> Request 7
1019
(3, 3, 2)
1
(45, 44)
-> Request 8
1067
(3, 3, 1)
3
(46, 39)
-> Request 9
1293
(2, 1, 1)
2
(62, 33)
--> Day : 2
-> Request 0
637
(1, 1, 1)
1
(44, 75)
-> Request 1
788
(1, 2, 2)
3
(39, 77)
-> Request 2
1117
(3, 3, 1)
2
(51, 31)
--> Day : 3
-> Request 0
420
(3, 2, 2)
1
(77, 31)
--> Day : 4
-> Request 0
44
(1, 2, 1)
2
(17, 63)
-> Request 1
215
(3, 3, 1)
3
(5, 72)
-> Request 2
411
(3, 1, 1)
2
(55, 43)
-> Request 3
931
(2, 2, 2)
2
(21, 42)
-> Request 4
980
(4, 3, 1)
2
(26, 38)
---> Week : 17
--> Day : 0
-> Request 0
8
(4, 3, 1)
3
(9, 24)
-> Request 1
281
(2, 2, 2)
2
(59, 35)
-> Request 2
411
(1, 2, 1)
2
(59, 32)
-> Request 3
424
(4, 2, 1)
2
(18, 7)
-> Request 4
467
(4, 1, 2)
1
(60, 27)
-> Request 5
639
(4, 1, 2)
1
(55, 45)
-> Request 6
1285
(4, 3, 1)
2
(7, 51)
--> Day : 1
-> Request 0
326
(2, 2, 1)
3
(54, 45)
-> Request 1
636
(3, 3, 1)
1
(77, 42)
-> Request 2
819
(3, 2, 1)
3
(57, 27)
-> Request 3
945
(2, 3, 2)
1
(15, 54)
-> Request 4
1061
(3, 2, 2)
2
(44, 37)
-> Request 5
1084
(1, 2, 2)
1
(58, 7)
-> Request 6
1165
(3, 1, 1)
3
(68, 44)
-> Request 7
1237
(2, 2, 2)
2
(43, 46)
-> Request 8
1381
(3, 1, 2)
1
(9, 59)
--> Day : 2
-> Request 0
30
(1, 1, 2)
2
(51, 41)
-> Request 1
345
(4, 2, 2)
2
(66, 68)
-> Request 2
1294
(1, 2, 2)
2
(47, 47)
--> Day : 3
-> Request 0
147
(2, 2, 1)
2
(56, 75)
-> Request 1
152
(4, 1, 1)
2
(16, 64)
-> Request 2
188
(3, 2, 2)
2
(33, 37)
-> Request 3
292
(2, 1, 2)
1
(60, 66)
-> Request 4
543
(2, 3, 2)
2
(64, 70)
-> Request 5
676
(1, 1, 2)
1
(46, 30)
-> Request 6
769
(1, 1, 1)
2
(55, 39)
-> Request 7
833
(1, 2, 1)
3
(50, 31)
-> Request 8
1407
(4, 1, 1)
3
(62, 40)
-> Request 9
1438
(1, 1, 2)
2
(71, 8)
--> Day : 4
-> Request 0
353
(1, 1, 1)
3
(9, 70)
-> Request 1
544
(2, 3, 1)
1
(61, 70)
-> Request 2
573
(3, 1, 2)
2
(52, 73)
-> Request 3
1324
(4, 1, 1)
3
(33, 41)
-> Request 4
1371
(2, 2, 1)
2
(49, 28)
---> Week : 18
--> Day : 0
-> Request 0
160
(2, 3, 1)
2
(60, 29)
-> Request 1
327
(3, 3, 2)
3
(0, 37)
-> Request 2
368
(4, 1, 1)
2
(12, 22)
-> Request 3
534
(2, 1, 2)
2
(70, 40)
-> Request 4
542
(3, 1, 2)
2
(52, 78)
-> Request 5
710
(2, 2, 1)
3
(60, 65)
-> Request 6
759
(3, 3, 1)
1
(52, 75)
-> Request 7
1154
(4, 3, 1)
2
(17, 24)
--> Day : 1
-> Request 0
13
(1, 3, 1)
1
(34, 76)
-> Request 1
77
(4, 3, 2)
1
(10, 65)
-> Request 2
146
(4, 3, 2)
3
(57, 31)
-> Request 3
195
(3, 1, 1)
2
(61, 39)
-> Request 4
198
(3, 3, 1)
1
(67, 53)
-> Request 5
506
(2, 2, 2)
2
(53, 38)
-> Request 6
593
(2, 3, 2)
2
(52, 31)
-> Request 7
748
(3, 1, 2)
1
(36, 3)
-> Request 8
1122
(2, 1, 1)
2
(60, 18)
-> Request 9
1220
(1, 2, 2)
1
(17, 28)
-> Request 10
1246
(3, 2, 2)
1
(32, 56)
-> Request 11
1365
(3, 2, 1)
3
(25, 28)
-> Request 12
1417
(1, 2, 2)
2
(5, 63)
-> Request 13
1420
(1, 2, 2)
3
(13, 2)
--> Day : 2
-> Request 0
234
(4, 3, 2)
1
(69, 77)
-> Request 1
393
(3, 3, 2)
2
(65, 64)
-> Request 2
647
(4, 1, 1)
2
(64, 72)
-> Request 3
666
(1, 3, 1)
3
(22, 56)
-> Request 4
960
(2, 1, 2)
2
(40, 15)
-> Request 5
1241
(1, 1, 2)
1
(58, 27)
-> Request 6
1293
(3, 3, 2)
2
(55, 70)
--> Day : 3
-> Request 0
425
(1, 3, 1)
3
(35, 14)
-> Request 1
438
(3, 1, 2)
3
(20, 4)
-> Request 2
491
(1, 2, 1)
1
(8, 23)
-> Request 3
532
(2, 1, 2)
1
(56, 46)
-> Request 4
639
(4, 3, 2)
3
(49, 30)
-> Request 5
694
(4, 3, 1)
1
(29, 17)
-> Request 6
920
(1, 2, 1)
3
(69, 12)
-> Request 7
1293
(2, 1, 2)
3
(26, 56)
--> Day : 4
-> Request 0
171
(4, 1, 1)
2
(62, 69)
-> Request 1
1046
(2, 2, 2)
2
(31, 48)
---> Week : 19
--> Day : 0
-> Request 0
188
(4, 3, 2)
2
(42, 4)
-> Request 1
527
(3, 2, 2)
1
(12, 30)
-> Request 2
620
(1, 2, 1)
2
(33, 7)
-> Request 3
663
(1, 2, 1)
2
(18, 22)
-> Request 4
999
(4, 3, 2)
3
(1, 55)
-> Request 5
1181
(4, 3, 1)
2
(64, 53)
-> Request 6
1250
(2, 1, 1)
3
(29, 11)
--> Day : 1
-> Request 0
142
(3, 2, 2)
3
(44, 23)
-> Request 1
635
(1, 1, 2)
3
(54, 33)
-> Request 2
1117
(3, 1, 2)
2
(79, 19)
-> Request 3
1231
(2, 1, 1)
2
(51, 14)
--> Day : 2
-> Request 0
563
(2, 1, 2)
1
(49, 39)
-> Request 1
653
(3, 1, 1)
3
(63, 48)
-> Request 2
869
(3, 2, 2)
3
(47, 58)
-> Request 3
999
(1, 1, 2)
2
(66, 78)
-> Request 4
1281
(2, 1, 2)
3
(3, 40)
-> Request 5
1372
(3, 1, 1)
1
(36, 8)
--> Day : 3
-> Request 0
143
(2, 3, 1)
2
(5, 17)
-> Request 1
528
(1, 3, 2)
2
(26, 38)
-> Request 2
603
(2, 1, 1)
1
(13, 27)
-> Request 3
751
(2, 1, 2)
3
(60, 41)
-> Request 4
897
(4, 2, 2)
3
(46, 46)
-> Request 5
1198
(1, 1, 2)
2
(62, 21)
-> Request 6
1242
(2, 1, 1)
2
(43, 54)
--> Day : 4
-> Request 0
77
(3, 2, 1)
2
(52, 64)
-> Request 1
203
(1, 2, 1)
1
(49, 0)
-> Request 2
687
(1, 1, 1)
2
(61, 38)
-> Request 3
1017
(3, 3, 2)
3
(57, 78)
-> Request 4
1172
(4, 3, 2)
1
(48, 40)
-> Request 5
1199
(1, 1, 1)
2
(4, 36)
-> Request 6
1201
(4, 1, 1)
2
(34, 17)
---> Week : 20
--> Day : 0
-> Request 0
188
(2, 3, 2)
3
(70, 23)
-> Request 1
436
(1, 3, 2)
2
(33, 53)
-> Request 2
761
(4, 3, 1)
2
(62, 28)
-> Request 3
804
(2, 3, 1)
1
(58, 42)
-> Request 4
872
(2, 2, 2)
2
(38, 16)
-> Request 5
907
(3, 2, 2)
2
(34, 19)
--> Day : 1
-> Request 0
99
(1, 3, 2)
2
(73, 1)
-> Request 1
579
(3, 2, 2)
2
(68, 14)
-> Request 2
823
(2, 3, 1)
2
(47, 39)
-> Request 3
925
(3, 1, 1)
2
(65, 64)
--> Day : 2
-> Request 0
726
(4, 2, 2)
3
(58, 74)
-> Request 1
1093
(2, 3, 1)
2
(14, 25)
--> Day : 3
-> Request 0
619
(2, 2, 1)
1
(60, 50)
-> Request 1
732
(3, 3, 2)
2
(65, 74)
-> Request 2
1027
(1, 3, 2)
3
(73, 16)
-> Request 3
1313
(1, 1, 1)
1
(62, 70)
--> Day : 4
-> Request 0
86
(3, 2, 2)
1
(76, 34)
-> Request 1
363
(1, 1, 2)
2
(43, 42)
-> Request 2
407
(1, 1, 2)
1
(15, 20)
-> Request 3
684
(4, 3, 2)
3
(20, 25)
-> Request 4
1307
(1, 1, 2)
1
(59, 35)
---> Week : 21
--> Day : 0
-> Request 0
18
(1, 3, 2)
2
(44, 35)
-> Request 1
79
(3, 3, 2)
2
(53, 76)
-> Request 2
173
(4, 3, 2)
3
(35, 71)
-> Request 3
263
(1, 2, 1)
2
(48, 38)
-> Request 4
869
(3, 2, 2)
2
(48, 56)
-> Request 5
1168
(2, 2, 1)
1
(51, 38)
-> Request 6
1386
(4, 2, 2)
1
(67, 73)
--> Day : 1
-> Request 0
269
(4, 3, 1)
2
(60, 29)
-> Request 1
304
(4, 2, 2)
1
(62, 70)
-> Request 2
1268
(4, 3, 2)
3
(52, 58)
--> Day : 2
-> Request 0
166
(2, 3, 2)
3
(53, 36)
-> Request 1
429
(4, 1, 1)
3
(44, 0)
-> Request 2
1030
(1, 3, 1)
1
(52, 43)
-> Request 3
1318
(4, 2, 2)
1
(47, 45)
--> Day : 3
-> Request 0
5
(1, 2, 2)
3
(45, 37)
-> Request 1
331
(1, 1, 2)
2
(55, 32)
-> Request 2
404
(1, 3, 1)
3
(50, 45)
-> Request 3
557
(2, 1, 1)
1
(54, 40)
-> Request 4
728
(1, 3, 2)
2
(65, 77)
-> Request 5
1171
(4, 2, 2)
1
(14, 25)
-> Request 6
1235
(2, 1, 1)
2
(25, 60)
--> Day : 4
-> Request 0
345
(1, 3, 2)
3
(51, 39)
-> Request 1
543
(2, 3, 2)
2
(50, 29)
-> Request 2
573
(2, 2, 2)
1
(56, 29)
-> Request 3
615
(2, 3, 2)
3
(9, 71)
-> Request 4
634
(3, 2, 1)
2
(14, 27)
-> Request 5
697
(3, 2, 2)
1
(10, 58)
-> Request 6
1176
(2, 1, 2)
3
(65, 77)
-> Request 7
1439
(2, 2, 1)
3
(49, 9)
---> Week : 22
--> Day : 0
-> Request 0
158
(3, 1, 1)
3
(4, 16)
-> Request 1
230
(4, 2, 2)
2
(65, 1)
-> Request 2
484
(4, 2, 1)
1
(71, 28)
-> Request 3
594
(2, 2, 2)
2
(59, 78)
-> Request 4
618
(4, 2, 1)
3
(50, 18)
-> Request 5
995
(1, 3, 2)
2
(44, 35)
--> Day : 1
-> Request 0
373
(3, 1, 2)
3
(7, 11)
-> Request 1
523
(4, 2, 1)
3
(52, 62)
-> Request 2
565
(4, 3, 2)
1
(53, 41)
-> Request 3
711
(3, 1, 2)
2
(31, 27)
-> Request 4
750
(4, 2, 2)
2
(32, 48)
-> Request 5
1329
(4, 1, 2)
2
(74, 34)
-> Request 6
1383
(4, 3, 2)
2
(50, 45)
--> Day : 2
-> Request 0
92
(4, 3, 1)
3
(10, 21)
-> Request 1
130
(2, 2, 1)
1
(12, 48)
-> Request 2
492
(1, 3, 1)
1
(47, 68)
-> Request 3
628
(2, 2, 1)
1
(61, 2)
-> Request 4
701
(1, 3, 1)
3
(63, 4)
--> Day : 3
-> Request 0
367
(4, 2, 1)
3
(3, 3)
-> Request 1
885
(1, 3, 1)
2
(14, 74)
-> Request 2
1221
(4, 2, 2)
2
(52, 18)
-> Request 3
1398
(2, 1, 1)
3
(52, 39)
--> Day : 4
-> Request 0
142
(1, 3, 1)
1
(60, 76)
-> Request 1
330
(3, 2, 1)
3
(25, 35)
-> Request 2
575
(1, 2, 2)
3
(62, 38)
-> Request 3
763
(4, 3, 2)
3
(57, 75)
---> Week : 23
--> Day : 0
-> Request 0
7
(3, 3, 1)
3
(11, 42)
-> Request 1
113
(1, 3, 1)
2
(29, 7)
-> Request 2
148
(4, 3, 1)
2
(0, 37)
-> Request 3
150
(3, 1, 2)
1
(61, 77)
-> Request 4
235
(3, 3, 1)
1
(24, 79)
-> Request 5
259
(3, 1, 1)
1
(49, 43)
-> Request 6
474
(1, 3, 1)
2
(62, 33)
-> Request 7
518
(4, 1, 1)
3
(61, 37)
-> Request 8
588
(3, 1, 1)
2
(53, 40)
-> Request 9
1048
(4, 2, 1)
2
(61, 45)
-> Request 10
1191
(4, 2, 2)
2
(0, 59)
-> Request 11
1361
(4, 3, 1)
3
(46, 31)
-> Request 12
1434
(4, 3, 1)
3
(43, 40)
--> Day : 1
-> Request 0
129
(2, 3, 1)
3
(66, 66)
-> Request 1
211
(4, 1, 1)
2
(17, 23)
-> Request 2
373
(1, 2, 2)
1
(19, 69)
-> Request 3
389
(2, 3, 2)
1
(55, 41)
-> Request 4
445
(4, 3, 2)
3
(48, 33)
-> Request 5
613
(1, 3, 1)
1
(50, 37)
-> Request 6
802
(1, 3, 1)
1
(61, 75)
-> Request 7
894
(1, 1, 1)
2
(60, 41)
-> Request 8
1420
(3, 3, 1)
1
(49, 41)
--> Day : 2
-> Request 0
58
(1, 2, 2)
3
(57, 73)
-> Request 1
528
(1, 2, 1)
2
(53, 35)
-> Request 2
897
(1, 2, 2)
2
(56, 12)
-> Request 3
908
(3, 1, 2)
1
(55, 68)
--> Day : 3
-> Request 0
42
(2, 3, 1)
2
(61, 68)
-> Request 1
97
(1, 1, 2)
2
(52, 34)
-> Request 2
124
(3, 1, 2)
1
(13, 11)
-> Request 3
269
(1, 3, 2)
1
(14, 48)
-> Request 4
433
(4, 3, 2)
2
(8, 26)
-> Request 5
1330
(4, 1, 1)
1
(53, 39)
--> Day : 4
-> Request 0
176
(3, 3, 1)
3
(56, 35)
-> Request 1
278
(3, 2, 1)
3
(21, 41)
---> Week : 24
--> Day : 0
-> Request 0
260
(3, 1, 1)
3
(61, 27)
-> Request 1
415
(1, 1, 1)
3
(7, 12)
-> Request 2
449
(3, 1, 2)
3
(55, 67)
-> Request 3
488
(3, 2, 1)
1
(62, 27)
-> Request 4
495
(1, 2, 2)
2
(18, 31)
-> Request 5
626
(4, 3, 2)
1
(67, 11)
-> Request 6
868
(4, 1, 1)
2
(43, 46)
-> Request 7
891
(3, 3, 1)
1
(58, 29)
-> Request 8
1013
(4, 2, 2)
3
(61, 38)
--> Day : 1
-> Request 0
217
(3, 3, 1)
2
(44, 39)
-> Request 1
460
(1, 2, 1)
2
(58, 76)
-> Request 2
603
(3, 3, 1)
3
(47, 21)
-> Request 3
746
(3, 3, 2)
3
(59, 34)
-> Request 4
782
(4, 3, 2)
2
(44, 28)
-> Request 5
1091
(2, 3, 1)
3
(46, 33)
--> Day : 2
-> Request 0
236
(2, 2, 2)
1
(9, 23)
-> Request 1
243
(4, 2, 1)
2
(55, 75)
-> Request 2
638
(4, 1, 2)
1
(62, 67)
-> Request 3
666
(4, 2, 2)
1
(75, 61)
-> Request 4
712
(4, 3, 1)
3
(75, 23)
-> Request 5
946
(2, 1, 2)
2
(13, 41)
-> Request 6
1009
(1, 2, 1)
3
(45, 31)
-> Request 7
1134
(3, 3, 2)
3
(63, 75)
-> Request 8
1146
(3, 3, 2)
2
(8, 29)
-> Request 9
1273
(3, 3, 1)
3
(50, 30)
-> Request 10
1404
(4, 2, 2)
2
(59, 76)
--> Day : 3
-> Request 0
74
(2, 3, 1)
3
(63, 7)
-> Request 1
540
(2, 2, 2)
3
(61, 8)
-> Request 2
797
(1, 2, 1)
2
(76, 61)
-> Request 3
880
(2, 3, 2)
1
(7, 59)
-> Request 4
1321
(3, 1, 2)
1
(41, 12)
--> Day : 4
-> Request 0
26
(1, 2, 2)
2
(47, 45)
-> Request 1
63
(3, 2, 1)
2
(44, 45)
-> Request 2
370
(2, 1, 2)
1
(35, 24)
-> Request 3
527
(3, 2, 1)
3
(43, 32)
-> Request 4
656
(4, 1, 2)
1
(22, 32)
-> Request 5
746
(2, 1, 1)
2
(56, 5)
-> Request 6
749
(2, 2, 2)
1
(66, 65)
-> Request 7
1236
(3, 2, 2)
3
(43, 28)
-> Request 8
1249
(3, 2, 1)
1
(76, 8)
-> Request 9
1330
(3, 2, 2)
2
(54, 44)
-> Request 10
1333
(2, 2, 2)
1
(54, 56)
---> Week : 25
--> Day : 0
-> Request 0
205
(2, 2, 1)
2
(30, 61)
-> Request 1
505
(4, 2, 1)
1
(63, 77)
-> Request 2
644
(3, 1, 2)
1
(56, 37)
-> Request 3
974
(1, 2, 2)
2
(57, 45)
-> Request 4
1329
(3, 2, 1)
3
(79, 13)
-> Request 5
1437
(2, 3, 1)
2
(9, 38)
--> Day : 1
-> Request 0
171
(4, 1, 2)
3
(31, 28)
-> Request 1
278
(4, 3, 2)
1
(44, 33)
-> Request 2
288
(2, 3, 2)
3
(43, 0)
-> Request 3
1005
(4, 2, 2)
1
(0, 64)
-> Request 4
1218
(4, 1, 2)
3
(10, 32)
-> Request 5
1358
(4, 1, 1)
3
(24, 21)
--> Day : 2
-> Request 0
467
(1, 1, 1)
2
(63, 74)
-> Request 1
626
(3, 2, 2)
3
(46, 31)
-> Request 2
874
(3, 1, 2)
2
(40, 73)
-> Request 3
1236
(4, 1, 2)
1
(2, 9)
-> Request 4
1277
(4, 3, 1)
2
(50, 41)
--> Day : 3
-> Request 0
293
(1, 3, 2)
2
(3, 12)
-> Request 1
312
(2, 1, 1)
2
(51, 36)
-> Request 2
770
(3, 2, 1)
1
(11, 9)
-> Request 3
791
(4, 1, 1)
1
(68, 45)
-> Request 4
1012
(1, 2, 2)
2
(69, 9)
-> Request 5
1092
(2, 3, 1)
1
(35, 53)
-> Request 6
1411
(2, 1, 2)
3
(64, 77)
--> Day : 4
-> Request 0
326
(3, 1, 1)
3
(54, 34)
-> Request 1
339
(4, 3, 2)
2
(31, 28)
-> Request 2
981
(2, 2, 2)
3
(50, 46)
-> Request 3
1303
(4, 1, 2)
1
(53, 76)
---> Week : 26
--> Day : 0
-> Request 0
9
(3, 3, 1)
2
(37, 27)
-> Request 1
199
(2, 2, 1)
1
(13, 27)
-> Request 2
432
(2, 2, 1)
1
(58, 70)
-> Request 3
1230
(4, 3, 1)
2
(66, 67)
-> Request 4
1308
(4, 2, 1)
1
(58, 44)
--> Day : 1
-> Request 0
588
(2, 1, 1)
2
(56, 44)
-> Request 1
893
(3, 1, 2)
3
(12, 27)
-> Request 2
1109
(1, 3, 2)
3
(55, 64)
-> Request 3
1363
(1, 2, 2)
3
(57, 47)
--> Day : 2
-> Request 0
280
(3, 3, 1)
1
(57, 73)
-> Request 1
545
(4, 2, 2)
3
(57, 37)
-> Request 2
560
(3, 3, 1)
1
(56, 73)
-> Request 3
645
(4, 2, 1)
1
(55, 63)
-> Request 4
831
(1, 2, 2)
2
(13, 24)
-> Request 5
935
(4, 1, 1)
3
(47, 36)
-> Request 6
989
(4, 3, 2)
1
(28, 58)
-> Request 7
1066
(3, 2, 1)
3
(16, 22)
-> Request 8
1229
(2, 1, 1)
2
(62, 43)
-> Request 9
1379
(4, 1, 2)
3
(13, 77)
--> Day : 3
-> Request 0
80
(1, 3, 1)
3
(55, 39)
-> Request 1
698
(2, 3, 2)
2
(20, 22)
-> Request 2
723
(3, 2, 1)
1
(67, 38)
-> Request 3
802
(1, 1, 1)
3
(60, 68)
-> Request 4
1122
(3, 2, 1)
1
(5, 51)
--> Day : 4
-> Request 0
37
(1, 1, 2)
1
(54, 78)
-> Request 1
324
(2, 2, 1)
1
(60, 35)
-> Request 2
1245
(1, 2, 1)
3
(13, 21)
---> Week : 27
--> Day : 0
-> Request 0
263
(1, 1, 1)
1
(61, 47)
-> Request 1
665
(2, 3, 2)
2
(43, 78)
-> Request 2
747
(4, 3, 2)
1
(44, 33)
-> Request 3
845
(4, 3, 1)
2
(65, 64)
-> Request 4
929
(2, 1, 1)
3
(54, 78)
-> Request 5
1112
(4, 1, 2)
3
(42, 20)
-> Request 6
1168
(1, 1, 2)
2
(52, 60)
-> Request 7
1197
(2, 3, 2)
1
(8, 1)
-> Request 8
1291
(2, 3, 1)
1
(30, 11)
--> Day : 1
-> Request 0
680
(1, 2, 1)
1
(8, 26)
-> Request 1
696
(1, 3, 2)
3
(59, 36)
-> Request 2
983
(3, 2, 2)
3
(4, 78)
-> Request 3
1073
(2, 1, 1)
1
(61, 36)
--> Day : 2
-> Request 0
186
(1, 2, 2)
3
(43, 36)
-> Request 1
942
(2, 2, 2)
3
(57, 65)
-> Request 2
1125
(3, 1, 2)
2
(44, 63)
-> Request 3
1217
(1, 1, 1)
3
(68, 9)
-> Request 4
1390
(1, 1, 1)
3
(57, 76)
--> Day : 3
-> Request 0
51
(2, 3, 2)
2
(35, 59)
-> Request 1
752
(2, 2, 1)
2
(9, 25)
-> Request 2
759
(3, 1, 1)
3
(44, 63)
-> Request 3
820
(2, 2, 2)
3
(47, 39)
-> Request 4
1080
(1, 1, 1)
1
(48, 28)
-> Request 5
1284
(1, 3, 2)
3
(59, 38)
--> Day : 4
-> Request 0
310
(2, 3, 1)
1
(39, 21)
-> Request 1
496
(3, 2, 2)
1
(26, 55)
-> Request 2
777
(3, 3, 1)
3
(30, 24)
-> Request 3
1124
(2, 1, 2)
2
(16, 51)
-> Request 4
1330
(1, 3, 1)
2
(8, 64)
-> Request 5
1353
(1, 2, 1)
2
(54, 33)
---> Week : 28
--> Day : 0
-> Request 0
299
(4, 2, 2)
1
(62, 4)
-> Request 1
570
(2, 1, 2)
2
(48, 48)
-> Request 2
689
(4, 1, 2)
2
(48, 27)
-> Request 3
700
(3, 1, 1)
1
(37, 21)
-> Request 4
823
(4, 3, 2)
2
(30, 34)
-> Request 5
849
(4, 3, 2)
1
(30, 36)
--> Day : 1
-> Request 0
344
(2, 1, 1)
1
(59, 17)
-> Request 1
363
(1, 3, 1)
2
(61, 78)
-> Request 2
920
(1, 2, 2)
3
(37, 3)
-> Request 3
956
(1, 3, 1)
2
(49, 44)
--> Day : 2
-> Request 0
89
(3, 2, 2)
2
(3, 73)
-> Request 1
192
(2, 3, 1)
3
(45, 31)
-> Request 2
273
(2, 3, 1)
2
(18, 3)
-> Request 3
477
(2, 1, 1)
2
(9, 17)
-> Request 4
639
(4, 3, 2)
1
(8, 20)
-> Request 5
677
(3, 2, 1)
2
(52, 36)
-> Request 6
766
(3, 2, 2)
2
(13, 49)
-> Request 7
1046
(2, 3, 2)
3
(10, 36)
-> Request 8
1149
(1, 3, 2)
1
(18, 59)
-> Request 9
1241
(3, 3, 1)
2
(3, 76)
-> Request 10
1263
(1, 1, 2)
3
(14, 21)
--> Day : 3
-> Request 0
485
(1, 3, 2)
2
(45, 29)
-> Request 1
556
(4, 2, 2)
3
(12, 22)
-> Request 2
1144
(2, 1, 2)
1
(42, 72)
--> Day : 4
-> Request 0
149
(2, 1, 2)
3
(53, 37)
-> Request 1
285
(3, 2, 2)
2
(76, 74)
-> Request 2
568
(2, 3, 2)
2
(52, 27)
-> Request 3
1062
(1, 3, 1)
2
(59, 66)
-> Request 4
1348
(2, 3, 2)
1
(9, 10)
---> Week : 29
--> Day : 0
-> Request 0
379
(2, 2, 2)
1
(54, 76)
-> Request 1
542
(3, 3, 1)
1
(25, 17)
-> Request 2
1095
(1, 3, 1)
1
(53, 64)
-> Request 3
1105
(1, 1, 2)
2
(48, 41)
--> Day : 1
-> Request 0
194
(4, 2, 1)
3
(9, 29)
-> Request 1
295
(3, 3, 2)
2
(54, 5)
-> Request 2
307
(4, 2, 2)
3
(74, 55)
-> Request 3
334
(2, 3, 2)
2
(39, 40)
-> Request 4
780
(3, 3, 2)
1
(53, 34)
-> Request 5
830
(1, 2, 2)
2
(47, 28)
-> Request 6
1253
(2, 3, 2)
1
(9, 28)
--> Day : 2
-> Request 0
610
(2, 2, 2)
1
(17, 75)
-> Request 1
904
(3, 3, 1)
1
(58, 35)
-> Request 2
983
(2, 2, 2)
1
(59, 67)
-> Request 3
1001
(4, 2, 1)
3
(30, 73)
-> Request 4
1322
(4, 3, 2)
2
(53, 67)
--> Day : 3
-> Request 0
380
(1, 3, 2)
3
(64, 65)
-> Request 1
519
(1, 2, 2)
1
(21, 4)
-> Request 2
522
(1, 1, 2)
3
(62, 36)
-> Request 3
611
(1, 3, 1)
2
(54, 32)
-> Request 4
613
(2, 2, 2)
3
(77, 58)
-> Request 5
881
(4, 3, 1)
2
(53, 28)
-> Request 6
1004
(4, 2, 2)
3
(43, 43)
-> Request 7
1047
(2, 2, 2)
2
(14, 29)
--> Day : 4
-> Request 0
99
(4, 3, 2)
2
(44, 30)
-> Request 1
420
(1, 1, 1)
2
(51, 39)
-> Request 2
1110
(2, 1, 1)
3
(52, 72)
-> Request 3
1126
(1, 1, 1)
3
(71, 23)
-> Request 4
1299
(2, 2, 1)
2
(66, 70)
-> Request 5
1397
(3, 3, 2)
1
(68, 7)
-> Request 6
1401
(2, 1, 2)
1
(51, 34)
---> Week : 30
--> Day : 0
-> Request 0
143
(2, 3, 1)
3
(4, 73)
-> Request 1
486
(2, 2, 2)
1
(2, 4)
-> Request 2
1017
(2, 3, 1)
3
(74, 76)
-> Request 3
1092
(2, 1, 2)
2
(53, 39)
-> Request 4
1098
(4, 3, 2)
1
(41, 23)
-> Request 5
1368
(3, 1, 1)
2
(61, 23)
--> Day : 1
-> Request 0
681
(4, 2, 2)
2
(77, 69)
-> Request 1
1255
(4, 3, 1)
3
(23, 40)
--> Day : 2
-> Request 0
23
(3, 3, 2)
3
(58, 18)
-> Request 1
352
(3, 2, 1)
2
(63, 63)
-> Request 2
386
(2, 2, 1)
3
(44, 39)
-> Request 3
579
(4, 2, 2)
3
(63, 78)
--> Day : 3
-> Request 0
330
(4, 1, 2)
3
(16, 54)
-> Request 1
514
(4, 2, 1)
2
(63, 39)
-> Request 2
548
(3, 2, 1)
1
(79, 43)
-> Request 3
572
(3, 3, 2)
1
(63, 65)
-> Request 4
767
(2, 3, 1)
2
(58, 68)
-> Request 5
776
(4, 1, 2)
3
(46, 57)
-> Request 6
813
(4, 2, 2)
2
(50, 33)
-> Request 7
964
(2, 3, 1)
1
(15, 28)
-> Request 8
1261
(1, 1, 1)
2
(14, 58)
-> Request 9
1277
(1, 2, 2)
2
(48, 41)
--> Day : 4
-> Request 0
14
(1, 3, 2)
3
(55, 75)
-> Request 1
203
(3, 1, 2)
3
(58, 46)
-> Request 2
356
(4, 1, 1)
1
(44, 28)
-> Request 3
789
(1, 2, 1)
1
(73, 35)
-> Request 4
814
(1, 1, 1)
1
(61, 67)
-> Request 5
968
(3, 2, 1)
1
(57, 37)
-> Request 6
1017
(1, 1, 2)
2
(12, 64)
---> Week : 31
--> Day : 0
-> Request 0
216
(4, 2, 2)
3
(56, 76)
-> Request 1
779
(1, 3, 1)
3
(33, 72)
-> Request 2
849
(3, 1, 2)
3
(23, 30)
-> Request 3
1196
(4, 2, 2)
3
(20, 33)
-> Request 4
1230
(2, 1, 1)
3
(57, 64)
-> Request 5
1426
(1, 3, 2)
2
(52, 32)
--> Day : 1
-> Request 0
99
(4, 1, 1)
2
(52, 77)
-> Request 1
294
(1, 2, 1)
3
(47, 36)
-> Request 2
294
(1, 1, 1)
1
(12, 28)
-> Request 3
666
(3, 1, 2)
3
(50, 40)
-> Request 4
869
(4, 1, 2)
2
(36, 35)
-> Request 5
949
(2, 2, 2)
3
(55, 36)
-> Request 6
1122
(3, 3, 1)
3
(62, 67)
-> Request 7
1190
(3, 2, 2)
1
(61, 72)
--> Day : 2
-> Request 0
244
(2, 3, 2)
2
(34, 22)
-> Request 1
329
(4, 1, 2)
1
(59, 44)
-> Request 2
616
(4, 2, 2)
3
(16, 16)
-> Request 3
660
(2, 3, 1)
2
(5, 67)
-> Request 4
741
(1, 1, 2)
2
(56, 61)
-> Request 5
954
(3, 3, 2)
3
(51, 39)
--> Day : 3
-> Request 0
320
(2, 1, 2)
2
(4, 19)
-> Request 1
518
(2, 2, 1)
3
(61, 40)
-> Request 2
821
(3, 3, 2)
1
(48, 38)
-> Request 3
1227
(3, 2, 1)
3
(52, 36)
-> Request 4
1402
(3, 1, 2)
1
(72, 56)
--> Day : 4
-> Request 0
216
(1, 1, 1)
3
(61, 37)
-> Request 1
1207
(3, 1, 2)
2
(42, 36)
-> Request 2
1245
(1, 2, 2)
2
(59, 32)
-> Request 3
1288
(1, 1, 1)
3
(57, 73)
-> Request 4
1302
(3, 2, 1)
3
(55, 46)
---> Week : 32
--> Day : 0
-> Request 0
43
(4, 1, 1)
2
(52, 31)
-> Request 1
82
(3, 2, 1)
2
(64, 74)
-> Request 2
805
(3, 2, 1)
2
(65, 69)
-> Request 3
1044
(2, 3, 1)
3
(77, 71)
-> Request 4
1180
(1, 1, 1)
2
(7, 65)
--> Day : 1
-> Request 0
341
(4, 1, 1)
2
(34, 13)
-> Request 1
359
(1, 3, 2)
1
(40, 25)
-> Request 2
371
(2, 2, 2)
3
(15, 12)
-> Request 3
457
(1, 1, 2)
2
(36, 30)
-> Request 4
839
(1, 3, 2)
2
(56, 74)
-> Request 5
844
(1, 1, 1)
2
(60, 0)
-> Request 6
1026
(2, 2, 2)
2
(61, 35)
--> Day : 2
-> Request 0
7
(1, 1, 2)
2
(17, 17)
-> Request 1
111
(1, 1, 2)
3
(49, 77)
-> Request 2
257
(2, 2, 1)
2
(65, 73)
-> Request 3
648
(2, 3, 1)
3
(56, 78)
-> Request 4
777
(1, 3, 1)
2
(47, 5)
-> Request 5
879
(3, 1, 1)
3
(58, 48)
-> Request 6
952
(2, 3, 1)
2
(61, 46)
--> Day : 3
-> Request 0
473
(3, 3, 2)
2
(57, 37)
-> Request 1
742
(1, 1, 2)
3
(13, 24)
-> Request 2
770
(2, 2, 2)
1
(78, 7)
-> Request 3
1016
(4, 3, 1)
3
(66, 70)
-> Request 4
1016
(4, 3, 1)
1
(10, 25)
-> Request 5
1160
(3, 1, 2)
1
(54, 32)
-> Request 6
1212
(4, 3, 2)
3
(57, 34)
-> Request 7
1354
(1, 1, 2)
3
(78, 24)
-> Request 8
1370
(2, 3, 1)
3
(65, 76)
--> Day : 4
-> Request 0
58
(1, 2, 1)
2
(48, 45)
-> Request 1
361
(2, 2, 2)
3
(66, 32)
-> Request 2
638
(1, 3, 1)
1
(57, 72)
-> Request 3
652
(3, 1, 1)
2
(60, 40)
-> Request 4
787
(1, 3, 2)
1
(10, 28)
-> Request 5
1332
(3, 1, 2)
1
(16, 40)
---> Week : 33
--> Day : 0
-> Request 0
23
(4, 1, 1)
1
(12, 66)
-> Request 1
100
(3, 2, 1)
3
(72, 52)
-> Request 2
326
(3, 1, 1)
2
(47, 32)
-> Request 3
331
(4, 2, 1)
3
(7, 38)
-> Request 4
367
(1, 3, 1)
3
(44, 8)
-> Request 5
528
(1, 1, 1)
1
(26, 27)
-> Request 6
560
(4, 1, 2)
1
(76, 74)
-> Request 7
1087
(1, 1, 2)
2
(59, 36)
-> Request 8
1379
(3, 1, 1)
1
(16, 15)
--> Day : 1
-> Request 0
286
(2, 3, 1)
1
(48, 45)
-> Request 1
308
(4, 3, 2)
2
(53, 77)
-> Request 2
358
(2, 1, 1)
1
(76, 29)
-> Request 3
818
(1, 1, 1)
2
(58, 46)
-> Request 4
910
(3, 3, 2)
2
(33, 39)
-> Request 5
1048
(4, 2, 2)
2
(60, 73)
-> Request 6
1404
(2, 3, 1)
1
(68, 13)
--> Day : 2
-> Request 0
167
(4, 1, 1)
2
(62, 77)
-> Request 1
411
(1, 2, 1)
3
(78, 2)
-> Request 2
704
(4, 3, 1)
2
(12, 61)
-> Request 3
748
(3, 2, 2)
1
(33, 65)
-> Request 4
904
(1, 3, 1)
2
(61, 40)
-> Request 5
982
(4, 3, 2)
1
(43, 29)
-> Request 6
1051
(4, 3, 1)
2
(14, 24)
-> Request 7
1287
(1, 3, 2)
3
(56, 67)
-> Request 8
1422
(1, 1, 1)
1
(11, 72)
-> Request 9
1427
(2, 3, 2)
1
(57, 30)
--> Day : 3
-> Request 0
319
(3, 2, 1)
1
(31, 63)
-> Request 1
374
(1, 3, 2)
1
(64, 74)
-> Request 2
449
(4, 1, 2)
1
(9, 73)
-> Request 3
670
(2, 1, 1)
1
(8, 67)
-> Request 4
1049
(2, 3, 2)
3
(36, 9)
-> Request 5
1334
(3, 3, 1)
2
(61, 29)
-> Request 6
1392
(1, 1, 1)
3
(79, 62)
--> Day : 4
-> Request 0
493
(3, 1, 2)
1
(26, 71)
-> Request 1
719
(2, 1, 1)
3
(6, 19)
-> Request 2
1124
(4, 1, 2)
1
(43, 41)
-> Request 3
1413
(3, 2, 2)
3
(8, 8)
---> Week : 34
--> Day : 0
-> Request 0
90
(3, 2, 1)
1
(43, 31)
-> Request 1
273
(1, 3, 2)
3
(26, 27)
-> Request 2
308
(1, 1, 2)
1
(40, 79)
-> Request 3
436
(3, 1, 2)
1
(50, 29)
-> Request 4
750
(4, 2, 2)
2
(58, 71)
-> Request 5
975
(4, 2, 1)
1
(57, 77)
-> Request 6
1076
(2, 1, 1)
2
(53, 34)
--> Day : 1
-> Request 0
183
(3, 2, 1)
3
(71, 26)
-> Request 1
314
(2, 3, 2)
3
(65, 78)
-> Request 2
651
(1, 3, 1)
3
(9, 24)
-> Request 3
1082
(1, 1, 2)
1
(47, 36)
-> Request 4
1142
(2, 3, 2)
3
(5, 34)
--> Day : 2
-> Request 0
448
(4, 2, 2)
2
(63, 76)
-> Request 1
690
(2, 2, 2)
1
(51, 34)
-> Request 2
868
(4, 3, 1)
2
(53, 40)
-> Request 3
872
(4, 3, 2)
1
(21, 1)
-> Request 4
1154
(1, 2, 2)
1
(65, 40)
--> Day : 3
-> Request 0
6
(1, 2, 1)
1
(54, 73)
-> Request 1
198
(2, 1, 2)
3
(43, 31)
-> Request 2
385
(3, 1, 2)
2
(13, 28)
-> Request 3
435
(4, 2, 2)
2
(77, 23)
-> Request 4
463
(1, 3, 1)
3
(58, 35)
-> Request 5
560
(3, 1, 1)
1
(45, 33)
-> Request 6
568
(1, 1, 1)
3
(6, 30)
-> Request 7
635
(2, 1, 1)
1
(36, 7)
-> Request 8
871
(3, 2, 2)
3
(16, 23)
-> Request 9
920
(2, 2, 1)
3
(63, 77)
-> Request 10
1063
(4, 3, 2)
3
(50, 16)
-> Request 11
1337
(1, 1, 2)
3
(12, 23)
-> Request 12
1374
(3, 3, 1)
2
(38, 26)
-> Request 13
1419
(1, 2, 2)
2
(2, 5)
--> Day : 4
-> Request 0
101
(2, 2, 1)
3
(43, 30)
-> Request 1
407
(4, 2, 1)
3
(50, 41)
-> Request 2
711
(1, 1, 2)
2
(58, 28)
-> Request 3
799
(2, 2, 1)
1
(17, 26)
-> Request 4
1105
(3, 1, 1)
3
(58, 2)
---> Week : 35
--> Day : 0
-> Request 0
730
(2, 2, 1)
2
(54, 30)
-> Request 1
783
(3, 2, 2)
1
(59, 65)
-> Request 2
859
(3, 1, 1)
1
(68, 15)
-> Request 3
890
(3, 3, 2)
3
(52, 28)
--> Day : 1
-> Request 0
210
(1, 3, 2)
1
(47, 28)
-> Request 1
228
(3, 1, 2)
1
(46, 43)
-> Request 2
498
(2, 1, 2)
1
(21, 71)
-> Request 3
905
(1, 3, 1)
3
(57, 43)
-> Request 4
1066
(3, 3, 1)
2
(45, 30)
-> Request 5
1355
(3, 1, 1)
3
(39, 48)
--> Day : 2
-> Request 0
199
(1, 1, 1)
1
(59, 73)
-> Request 1
495
(2, 3, 2)
3
(10, 63)
-> Request 2
710
(1, 2, 1)
2
(1, 43)
-> Request 3
1041
(2, 1, 1)
3
(70, 22)
-> Request 4
1049
(4, 3, 1)
1
(61, 30)
--> Day : 3
-> Request 0
10
(1, 3, 1)
3
(60, 47)
-> Request 1
654
(2, 2, 1)
2
(24, 64)
-> Request 2
774
(2, 3, 2)
2
(62, 42)
-> Request 3
1267
(2, 1, 2)
1
(74, 36)
-> Request 4
1310
(2, 3, 1)
2
(62, 42)
--> Day : 4
-> Request 0
50
(1, 3, 2)
2
(10, 24)
-> Request 1
608
(2, 1, 2)
1
(12, 40)
-> Request 2
1223
(1, 2, 2)
2
(52, 76)
-> Request 3
1232
(3, 2, 2)
1
(49, 43)
---> Week : 36
--> Day : 0
-> Request 0
98
(2, 2, 1)
1
(62, 32)
-> Request 1
342
(4, 2, 2)
3
(56, 74)
-> Request 2
385
(1, 2, 1)
2
(55, 7)
-> Request 3
893
(2, 3, 1)
3
(72, 60)
-> Request 4
905
(2, 2, 1)
2
(46, 31)
-> Request 5
1269
(4, 3, 1)
2
(59, 70)
--> Day : 1
-> Request 0
60
(3, 2, 2)
3
(60, 33)
-> Request 1
139
(1, 3, 2)
1
(54, 45)
-> Request 2
216
(2, 3, 2)
3
(49, 42)
-> Request 3
350
(2, 3, 2)
1
(10, 24)
-> Request 4
442
(1, 2, 1)
3
(52, 65)
-> Request 5
557
(2, 2, 1)
2
(52, 15)
-> Request 6
825
(1, 2, 1)
2
(27, 3)
-> Request 7
924
(4, 2, 2)
3
(62, 54)
-> Request 8
988
(1, 2, 2)
1
(57, 64)
-> Request 9
1256
(4, 3, 2)
1
(16, 27)
-> Request 10
1312
(4, 2, 1)
3
(49, 33)
-> Request 11
1396
(2, 2, 1)
1
(49, 39)
--> Day : 2
-> Request 0
553
(4, 1, 2)
3
(55, 28)
-> Request 1
754
(3, 1, 2)
2
(45, 29)
-> Request 2
800
(4, 3, 2)
2
(64, 67)
-> Request 3
1222
(1, 2, 2)
1
(60, 26)
--> Day : 3
-> Request 0
47
(2, 2, 1)
2
(10, 26)
-> Request 1
174
(1, 1, 2)
3
(12, 23)
-> Request 2
529
(4, 1, 2)
3
(58, 66)
-> Request 3
553
(1, 1, 1)
2
(58, 75)
-> Request 4
661
(4, 2, 1)
3
(52, 74)
--> Day : 4
-> Request 0
57
(4, 2, 1)
1
(5, 51)
-> Request 1
84
(1, 3, 1)
1
(54, 65)
-> Request 2
152
(2, 3, 2)
1
(20, 63)
-> Request 3
728
(1, 2, 1)
1
(50, 33)
-> Request 4
1086
(3, 2, 2)
1
(49, 42)
-> Request 5
1363
(1, 1, 1)
3
(49, 5)
---> Week : 37
--> Day : 0
-> Request 0
734
(2, 1, 2)
1
(44, 58)
-> Request 1
838
(4, 3, 2)
3
(54, 45)
-> Request 2
893
(3, 2, 1)
1
(47, 39)
-> Request 3
1337
(4, 3, 2)
2
(21, 7)
-> Request 4
1395
(1, 3, 1)
2
(51, 40)
--> Day : 1
-> Request 0
247
(3, 1, 2)
1
(44, 39)
-> Request 1
526
(1, 2, 2)
1
(44, 46)
-> Request 2
774
(3, 2, 1)
1
(72, 11)
-> Request 3
1075
(2, 3, 2)
3
(51, 15)
--> Day : 2
-> Request 0
298
(2, 2, 2)
1
(72, 36)
-> Request 1
304
(2, 3, 2)
2
(61, 34)
-> Request 2
433
(4, 3, 1)
3
(46, 64)
-> Request 3
988
(1, 3, 1)
2
(54, 75)
-> Request 4
1330
(3, 3, 1)
2
(34, 76)
--> Day : 3
-> Request 0
24
(1, 1, 2)
3
(4, 42)
-> Request 1
159
(3, 1, 2)
2
(38, 75)
-> Request 2
177
(4, 2, 1)
3
(16, 28)
-> Request 3
343
(2, 3, 2)
2
(3, 47)
-> Request 4
360
(2, 2, 1)
3
(56, 64)
-> Request 5
741
(2, 1, 1)
3
(63, 72)
-> Request 6
877
(1, 3, 2)
3
(12, 57)
-> Request 7
1083
(3, 3, 1)
1
(52, 33)
-> Request 8
1167
(1, 3, 1)
3
(75, 4)
-> Request 9
1334
(3, 3, 2)
1
(50, 19)
-> Request 10
1404
(3, 1, 2)
3
(61, 40)
--> Day : 4
-> Request 0
341
(4, 1, 1)
1
(62, 41)
-> Request 1
447
(1, 3, 2)
2
(16, 37)
-> Request 2
1059
(1, 1, 2)
3
(53, 30)
-> Request 3
1070
(1, 3, 1)
3
(77, 71)
-> Request 4
1168
(1, 1, 1)
3
(61, 30)
-> Request 5
1170
(1, 1, 1)
1
(7, 10)
---> Week : 38
--> Day : 0
-> Request 0
321
(3, 1, 1)
2
(29, 73)
-> Request 1
436
(2, 1, 2)
1
(49, 31)
-> Request 2
1040
(4, 2, 2)
3
(50, 37)
-> Request 3
1060
(2, 2, 2)
3
(45, 47)
-> Request 4
1147
(3, 3, 2)
3
(53, 32)
-> Request 5
1247
(2, 2, 2)
2
(24, 69)
--> Day : 1
-> Request 0
397
(1, 2, 1)
1
(43, 37)
-> Request 1
448
(3, 1, 1)
2
(48, 29)
-> Request 2
816
(1, 1, 2)
3
(77, 67)
-> Request 3
1040
(1, 1, 2)
2
(74, 22)
-> Request 4
1162
(4, 2, 2)
3
(47, 34)
-> Request 5
1416
(1, 1, 2)
1
(45, 43)
--> Day : 2
-> Request 0
198
(2, 1, 2)
2
(11, 0)
-> Request 1
477
(1, 1, 1)
2
(48, 29)
-> Request 2
523
(2, 2, 2)
1
(45, 37)
-> Request 3
1038
(2, 1, 2)
3
(8, 42)
-> Request 4
1214
(3, 1, 1)
2
(47, 28)
-> Request 5
1330
(1, 1, 1)
1
(65, 71)
--> Day : 3
-> Request 0
411
(1, 3, 2)
2
(44, 40)
-> Request 1
1282
(1, 3, 2)
3
(3, 68)
--> Day : 4
-> Request 0
175
(1, 1, 1)
3
(67, 68)
-> Request 1
612
(2, 2, 2)
1
(44, 37)
-> Request 2
662
(1, 1, 2)
2
(59, 27)
-> Request 3
886
(1, 3, 1)
2
(23, 17)
-> Request 4
1239
(3, 1, 1)
1
(35, 61)
---> Week : 39
--> Day : 0
-> Request 0
589
(2, 3, 2)
3
(73, 4)
-> Request 1
765
(1, 2, 1)
1
(43, 40)
-> Request 2
848
(4, 1, 2)
2
(76, 76)
-> Request 3
1046
(1, 2, 1)
2
(74, 58)
-> Request 4
1365
(2, 1, 2)
2
(58, 73)
--> Day : 1
-> Request 0
50
(2, 3, 2)
2
(66, 71)
-> Request 1
336
(4, 3, 1)
2
(60, 39)
-> Request 2
580
(1, 2, 2)
3
(46, 44)
-> Request 3
741
(3, 3, 2)
1
(61, 46)
-> Request 4
906
(3, 2, 1)
3
(31, 31)
-> Request 5
1166
(4, 3, 2)
3
(4, 72)
-> Request 6
1294
(3, 1, 2)
2
(53, 10)
--> Day : 2
-> Request 0
671
(3, 3, 1)
2
(64, 64)
-> Request 1
857
(4, 3, 1)
2
(50, 30)
-> Request 2
1027
(1, 1, 2)
3
(55, 72)
-> Request 3
1063
(1, 1, 1)
3
(56, 37)
-> Request 4
1244
(4, 2, 1)
3
(43, 35)
-> Request 5
1353
(3, 3, 1)
1
(30, 59)
--> Day : 3
-> Request 0
308
(1, 2, 1)
3
(65, 63)
-> Request 1
413
(4, 3, 2)
2
(49, 43)
-> Request 2
490
(4, 2, 2)
1
(10, 20)
-> Request 3
882
(4, 3, 1)
3
(56, 45)
-> Request 4
901
(3, 1, 1)
2
(51, 39)
-> Request 5
1063
(2, 1, 2)
2
(56, 37)
-> Request 6
1346
(1, 2, 2)
1
(52, 65)
--> Day : 4
-> Request 0
105
(4, 1, 2)
1
(28, 20)
-> Request 1
355
(2, 3, 2)
1
(10, 25)
-> Request 2
395
(4, 3, 1)
1
(54, 43)
-> Request 3
554
(1, 3, 2)
2
(55, 30)
-> Request 4
577
(3, 1, 2)
1
(16, 70)
-> Request 5
671
(2, 1, 2)
1
(77, 56)
-> Request 6
686
(1, 2, 2)
3
(17, 21)
-> Request 7
845
(4, 2, 1)
1
(60, 40)
-> Request 8
923
(2, 1, 2)
1
(13, 51)
-> Request 9
1060
(1, 2, 2)
2
(49, 37)
-> Request 10
1089
(4, 1, 1)
2
(65, 65)
-> Request 11
1139
(4, 1, 1)
1
(58, 30)
-> Request 12
1421
(2, 3, 2)
2
(12, 66)
---> Week : 40
--> Day : 0
-> Request 0
137
(3, 3, 2)
2
(57, 27)
-> Request 1
628
(1, 1, 2)
1
(37, 12)
-> Request 2
930
(2, 1, 2)
3
(52, 28)
-> Request 3
1091
(4, 1, 1)
1
(58, 32)
-> Request 4
1141
(1, 2, 1)
3
(58, 33)
--> Day : 1
-> Request 0
52
(2, 2, 2)
3
(77, 61)
-> Request 1
170
(1, 2, 2)
3
(59, 75)
-> Request 2
215
(1, 3, 2)
2
(49, 33)
-> Request 3
370
(1, 3, 2)
3
(59, 71)
-> Request 4
513
(4, 1, 1)
1
(30, 76)
-> Request 5
750
(2, 3, 2)
1
(36, 59)
-> Request 6
1158
(4, 2, 1)
3
(27, 28)
--> Day : 2
-> Request 0
154
(2, 3, 2)
1
(17, 22)
-> Request 1
493
(1, 2, 1)
2
(53, 28)
-> Request 2
566
(1, 3, 1)
3
(47, 33)
-> Request 3
643
(2, 2, 1)
3
(46, 34)
-> Request 4
797
(2, 2, 2)
2
(9, 1)
-> Request 5
1311
(1, 2, 2)
3
(40, 57)
--> Day : 3
-> Request 0
72
(2, 1, 1)
1
(46, 33)
-> Request 1
76
(4, 1, 1)
1
(66, 67)
-> Request 2
199
(4, 2, 1)
2
(61, 72)
-> Request 3
487
(4, 1, 1)
1
(62, 53)
-> Request 4
911
(3, 3, 2)
2
(56, 41)
-> Request 5
1256
(3, 3, 1)
3
(36, 62)
-> Request 6
1274
(2, 1, 2)
2
(57, 71)
-> Request 7
1360
(4, 3, 2)
2
(57, 12)
--> Day : 4
-> Request 0
109
(1, 3, 2)
1
(34, 11)
-> Request 1
469
(1, 1, 2)
2
(58, 48)
-> Request 2
476
(3, 2, 1)
3
(59, 23)
-> Request 3
726
(3, 1, 2)
2
(7, 61)
-> Request 4
1049
(4, 1, 2)
3
(12, 23)
---> Week : 41
--> Day : 0
-> Request 0
112
(2, 1, 2)
3
(36, 30)
-> Request 1
299
(3, 1, 1)
1
(32, 50)
-> Request 2
1095
(2, 1, 1)
3
(44, 37)
--> Day : 1
-> Request 0
445
(2, 2, 1)
2
(57, 27)
-> Request 1
845
(1, 3, 2)
1
(57, 43)
-> Request 2
1044
(3, 2, 1)
1
(46, 32)
-> Request 3
1331
(1, 2, 2)
2
(44, 36)
--> Day : 2
-> Request 0
172
(3, 2, 2)
3
(52, 41)
-> Request 1
246
(2, 3, 2)
3
(44, 31)
-> Request 2
448
(2, 1, 2)
3
(45, 40)
-> Request 3
511
(3, 3, 2)
3
(52, 35)
-> Request 4
701
(3, 1, 2)
1
(61, 28)
-> Request 5
907
(1, 3, 2)
1
(57, 78)
-> Request 6
1273
(2, 3, 1)
3
(46, 36)
--> Day : 3
-> Request 0
20
(1, 1, 1)
3
(51, 30)
-> Request 1
49
(3, 2, 1)
1
(55, 43)
-> Request 2
65
(1, 2, 1)
3
(41, 48)
-> Request 3
434
(4, 3, 1)
2
(17, 29)
-> Request 4
487
(2, 3, 1)
2
(56, 78)
-> Request 5
1210
(1, 2, 2)
3
(65, 78)
-> Request 6
1389
(2, 1, 2)
3
(23, 17)
--> Day : 4
-> Request 0
110
(4, 2, 1)
1
(53, 78)
-> Request 1
314
(3, 1, 2)
3
(6, 54)
-> Request 2
357
(4, 2, 2)
3
(63, 9)
-> Request 3
452
(3, 1, 1)
3
(60, 75)
-> Request 4
464
(4, 2, 1)
3
(57, 39)
-> Request 5
785
(4, 2, 1)
1
(24, 44)
-> Request 6
785
(3, 3, 1)
1
(53, 64)
-> Request 7
811
(1, 1, 2)
1
(78, 78)
-> Request 8
1047
(4, 3, 2)
3
(45, 43)
-> Request 9
1228
(3, 2, 2)
1
(40, 56)
-> Request 10
1234
(4, 1, 1)
3
(62, 75)
---> Week : 42
--> Day : 0
-> Request 0
122
(4, 3, 2)
3
(65, 69)
-> Request 1
376
(3, 1, 1)
3
(62, 18)
-> Request 2
803
(1, 3, 1)
1
(15, 24)
-> Request 3
945
(4, 3, 2)
2
(52, 31)
-> Request 4
1171
(3, 2, 1)
2
(62, 70)
-> Request 5
1341
(4, 1, 1)
3
(51, 37)
--> Day : 1
-> Request 0
28
(2, 3, 1)
1
(62, 43)
-> Request 1
339
(3, 2, 1)
2
(54, 67)
-> Request 2
407
(4, 2, 1)
2
(56, 29)
--> Day : 2
-> Request 0
130
(3, 2, 1)
3
(58, 69)
-> Request 1
232
(3, 2, 2)
3
(53, 55)
-> Request 2
550
(4, 3, 1)
1
(50, 35)
--> Day : 3
-> Request 0
3
(3, 2, 1)
3
(48, 45)
-> Request 1
181
(1, 1, 1)
1
(55, 32)
-> Request 2
369
(1, 3, 1)
3
(52, 69)
-> Request 3
883
(1, 1, 1)
2
(21, 66)
-> Request 4
1041
(4, 3, 1)
1
(63, 65)
--> Day : 4
-> Request 0
144
(2, 1, 2)
1
(58, 73)
-> Request 1
462
(1, 2, 1)
2
(62, 68)
-> Request 2
769
(2, 1, 1)
1
(30, 75)
-> Request 3
866
(4, 1, 1)
3
(55, 44)
-> Request 4
921
(4, 3, 1)
2
(77, 47)
-> Request 5
947
(3, 1, 2)
2
(53, 71)
-> Request 6
951
(1, 2, 1)
1
(11, 38)
---> Week : 43
--> Day : 0
-> Request 0
389
(3, 2, 2)
2
(17, 27)
-> Request 1
942
(3, 1, 1)
1
(50, 44)
-> Request 2
1403
(4, 2, 2)
2
(56, 70)
--> Day : 1
-> Request 0
175
(3, 3, 1)
2
(75, 30)
-> Request 1
855
(4, 1, 1)
2
(34, 67)
-> Request 2
1032
(4, 1, 1)
3
(2, 44)
-> Request 3
1090
(2, 1, 1)
1
(78, 41)
-> Request 4
1308
(1, 1, 2)
1
(62, 72)
--> Day : 2
-> Request 0
243
(2, 2, 1)
2
(18, 4)
-> Request 1
297
(1, 1, 1)
2
(53, 31)
-> Request 2
386
(2, 1, 2)
1
(51, 31)
-> Request 3
410
(1, 1, 2)
1
(54, 37)
-> Request 4
507
(4, 2, 1)
1
(32, 29)
-> Request 5
1013
(3, 3, 1)
1
(65, 69)
-> Request 6
1399
(3, 1, 2)
3
(46, 66)
-> Request 7
1405
(2, 3, 2)
1
(73, 4)
-> Request 8
1413
(2, 2, 1)
1
(70, 12)
--> Day : 3
-> Request 0
1121
(2, 3, 2)
2
(76, 65)
-> Request 1
1165
(3, 3, 1)
1
(43, 31)
-> Request 2
1205
(1, 2, 1)
3
(34, 73)
-> Request 3
1233
(1, 1, 1)
3
(12, 25)
-> Request 4
1372
(3, 2, 2)
3
(14, 22)
--> Day : 4
-> Request 0
841
(4, 2, 2)
3
(73, 31)
---> Week : 44
--> Day : 0
-> Request 0
74
(2, 2, 2)
3
(21, 70)
-> Request 1
282
(2, 1, 2)
3
(12, 56)
-> Request 2
429
(2, 1, 1)
1
(56, 33)
-> Request 3
824
(1, 3, 2)
1
(50, 14)
-> Request 4
1158
(4, 3, 1)
2
(45, 6)
--> Day : 1
-> Request 0
17
(3, 3, 2)
1
(54, 44)
-> Request 1
28
(1, 1, 2)
3
(65, 73)
-> Request 2
77
(4, 1, 2)
2
(10, 28)
-> Request 3
91
(4, 1, 2)
2
(63, 57)
-> Request 4
1113
(3, 2, 1)
3
(49, 79)
-> Request 5
1116
(2, 3, 2)
2
(0, 1)
-> Request 6
1410
(2, 3, 2)
2
(77, 38)
--> Day : 2
-> Request 0
69
(4, 1, 1)
2
(27, 78)
-> Request 1
258
(1, 3, 2)
1
(29, 61)
-> Request 2
284
(3, 1, 1)
2
(46, 45)
-> Request 3
543
(1, 1, 1)
3
(10, 27)
-> Request 4
1013
(2, 3, 2)
2
(66, 10)
-> Request 5
1120
(3, 1, 1)
3
(54, 45)
-> Request 6
1295
(4, 3, 2)
1
(13, 75)
-> Request 7
1408
(2, 1, 1)
3
(34, 74)
--> Day : 3
-> Request 0
157
(3, 1, 1)
2
(50, 28)
-> Request 1
384
(3, 1, 1)
2
(58, 56)
-> Request 2
392
(4, 1, 1)
1
(1, 63)
-> Request 3
518
(4, 2, 2)
2
(61, 73)
-> Request 4
653
(1, 3, 1)
2
(44, 66)
-> Request 5
694
(1, 3, 2)
2
(31, 50)
-> Request 6
781
(2, 3, 2)
2
(3, 2)
--> Day : 4
-> Request 0
218
(4, 2, 1)
2
(50, 38)
-> Request 1
259
(2, 2, 1)
3
(57, 31)
-> Request 2
1019
(2, 3, 1)
2
(51, 28)
-> Request 3
1196
(2, 1, 2)
1
(43, 57)
-> Request 4
1224
(4, 2, 2)
2
(12, 22)
-> Request 5
1388
(3, 1, 2)
3
(70, 35)
-> Request 6
1396
(3, 2, 1)
3
(48, 27)
---> Week : 45
--> Day : 0
-> Request 0
436
(3, 3, 2)
1
(58, 39)
-> Request 1
478
(3, 3, 2)
2
(29, 77)
-> Request 2
850
(4, 2, 2)
1
(63, 77)
-> Request 3
988
(1, 2, 1)
3
(46, 43)
-> Request 4
1237
(3, 2, 1)
2
(67, 8)
-> Request 5
1333
(2, 2, 1)
3
(9, 29)
--> Day : 1
-> Request 0
90
(2, 2, 2)
3
(68, 7)
-> Request 1
276
(4, 2, 2)
3
(44, 45)
-> Request 2
303
(2, 1, 2)
2
(19, 56)
-> Request 3
320
(1, 3, 2)
3
(65, 71)
-> Request 4
823
(4, 3, 2)
2
(66, 76)
-> Request 5
1083
(4, 1, 1)
3
(60, 77)
-> Request 6
1416
(1, 3, 1)
2
(57, 79)
-> Request 7
1436
(1, 1, 2)
3
(48, 39)
--> Day : 2
-> Request 0
26
(1, 1, 1)
1
(50, 31)
-> Request 1
335
(1, 1, 1)
3
(64, 70)
-> Request 2
340
(1, 3, 2)
2
(13, 22)
-> Request 3
660
(2, 1, 1)
1
(10, 22)
-> Request 4
849
(1, 1, 2)
2
(50, 13)
-> Request 5
1048
(3, 1, 2)
1
(15, 56)
-> Request 6
1132
(2, 1, 2)
3
(26, 22)
-> Request 7
1282
(4, 3, 2)
2
(54, 37)
--> Day : 3
-> Request 0
76
(1, 1, 2)
1
(72, 56)
-> Request 1
511
(1, 1, 1)
1
(59, 30)
-> Request 2
922
(1, 1, 1)
3
(54, 3)
-> Request 3
1044
(1, 2, 2)
2
(76, 42)
-> Request 4
1128
(2, 2, 2)
1
(9, 29)
-> Request 5
1297
(3, 3, 1)
1
(79, 48)
-> Request 6
1320
(4, 1, 1)
3
(45, 34)
-> Request 7
1380
(4, 2, 1)
3
(66, 69)
-> Request 8
1420
(2, 2, 1)
1
(9, 37)
--> Day : 4
-> Request 0
17
(2, 3, 1)
2
(61, 22)
-> Request 1
724
(3, 2, 1)
2
(5, 43)
-> Request 2
1295
(4, 2, 1)
2
(75, 59)
---> Week : 46
--> Day : 0
-> Request 0
26
(3, 3, 1)
3
(61, 16)
-> Request 1
136
(4, 2, 1)
1
(52, 77)
-> Request 2
217
(4, 1, 1)
3
(77, 56)
-> Request 3
785
(4, 2, 2)
1
(75, 44)
-> Request 4
1232
(4, 3, 1)
2
(17, 60)
-> Request 5
1437
(2, 3, 2)
1
(13, 23)
--> Day : 1
-> Request 0
36
(1, 1, 1)
3
(64, 14)
-> Request 1
354
(3, 3, 1)
2
(33, 59)
-> Request 2
554
(1, 2, 2)
3
(17, 27)
-> Request 3
1057
(1, 3, 2)
1
(18, 66)
-> Request 4
1229
(1, 1, 2)
3
(22, 79)
--> Day : 2
-> Request 0
836
(1, 1, 2)
2
(43, 53)
-> Request 1
883
(2, 2, 1)
1
(46, 64)
-> Request 2
915
(3, 2, 2)
2
(61, 78)
-> Request 3
1093
(2, 3, 1)
3
(31, 73)
-> Request 4
1141
(3, 2, 1)
2
(44, 52)
-> Request 5
1222
(1, 2, 2)
2
(66, 76)
--> Day : 3
-> Request 0
27
(4, 2, 1)
3
(16, 59)
-> Request 1
319
(3, 1, 1)
2
(62, 77)
-> Request 2
659
(4, 1, 1)
2
(68, 75)
-> Request 3
928
(3, 1, 2)
1
(71, 72)
-> Request 4
934
(1, 1, 2)
1
(55, 46)
-> Request 5
1021
(4, 2, 2)
2
(47, 48)
-> Request 6
1151
(1, 1, 2)
2
(62, 72)
--> Day : 4
-> Request 0
38
(2, 3, 2)
3
(69, 62)
-> Request 1
201
(1, 2, 2)
1
(57, 77)
-> Request 2
223
(4, 1, 1)
3
(54, 28)
-> Request 3
547
(1, 1, 1)
3
(66, 73)
-> Request 4
949
(1, 2, 2)
1
(50, 43)
-> Request 5
1061
(3, 2, 1)
3
(30, 19)
-> Request 6
1136
(4, 1, 1)
1
(61, 64)
---> Week : 47
--> Day : 0
-> Request 0
145
(2, 1, 2)
1
(45, 38)
-> Request 1
193
(4, 1, 2)
2
(45, 1)
-> Request 2
289
(3, 1, 1)
1
(12, 20)
-> Request 3
417
(2, 3, 1)
2
(69, 26)
-> Request 4
933
(3, 1, 1)
1
(48, 63)
--> Day : 1
-> Request 0
19
(3, 1, 1)
1
(60, 37)
--> Day : 2
-> Request 0
551
(3, 1, 1)
2
(23, 47)
-> Request 1
571
(2, 3, 1)
3
(50, 43)
-> Request 2
597
(2, 3, 1)
3
(17, 64)
-> Request 3
686
(1, 3, 2)
3
(51, 31)
--> Day : 3
-> Request 0
208
(1, 3, 2)
1
(43, 42)
-> Request 1
468
(2, 2, 1)
1
(16, 22)
-> Request 2
489
(3, 2, 2)
2
(58, 21)
-> Request 3
693
(3, 3, 1)
3
(58, 43)
-> Request 4
868
(4, 2, 2)
3
(53, 42)
--> Day : 4
-> Request 0
26
(4, 2, 2)
2
(42, 78)
-> Request 1
166
(1, 1, 2)
2
(23, 63)
-> Request 2
1025
(3, 2, 1)
3
(68, 73)
-> Request 3
1068
(2, 1, 2)
1
(18, 52)
-> Request 4
1099
(4, 3, 1)
3
(52, 37)
-> Request 5
1348
(4, 1, 2)
1
(25, 49)
---> Week : 48
--> Day : 0
-> Request 0
31
(3, 2, 2)
1
(67, 54)
-> Request 1
165
(4, 1, 1)
3
(56, 70)
-> Request 2
381
(1, 2, 2)
1
(12, 25)
--> Day : 1
-> Request 0
146
(3, 3, 2)
3
(43, 37)
-> Request 1
159
(1, 2, 2)
2
(53, 67)
-> Request 2
404
(1, 2, 1)
1
(68, 65)
-> Request 3
701
(3, 2, 2)
3
(55, 70)
-> Request 4
759
(2, 2, 2)
1
(56, 37)
-> Request 5
782
(1, 2, 2)
3
(73, 21)
-> Request 6
998
(2, 1, 2)
3
(61, 70)
--> Day : 2
-> Request 0
160
(4, 1, 1)
2
(44, 37)
-> Request 1
658
(4, 1, 2)
1
(42, 1)
-> Request 2
967
(3, 1, 2)
2
(62, 75)
-> Request 3
1063
(2, 3, 1)
2
(57, 32)
-> Request 4
1130
(4, 1, 2)
3
(4, 71)
-> Request 5
1222
(1, 2, 1)
3
(52, 27)
-> Request 6
1299
(2, 3, 2)
3
(5, 53)
-> Request 7
1366
(2, 2, 1)
2
(9, 25)
-> Request 8
1384
(3, 2, 1)
3
(37, 54)
--> Day : 3
-> Request 0
100
(1, 3, 1)
1
(64, 64)
-> Request 1
148
(2, 1, 2)
1
(33, 30)
-> Request 2
344
(1, 2, 1)
1
(56, 39)
-> Request 3
434
(3, 2, 1)
2
(57, 68)
-> Request 4
531
(1, 2, 1)
2
(40, 46)
-> Request 5
870
(1, 3, 2)
1
(3, 51)
-> Request 6
1010
(2, 1, 1)
1
(47, 46)
-> Request 7
1051
(3, 2, 2)
2
(74, 63)
-> Request 8
1303
(1, 2, 2)
1
(33, 4)
-> Request 9
1305
(2, 1, 1)
2
(59, 45)
--> Day : 4
-> Request 0
1037
(3, 2, 2)
2
(41, 72)
---> Week : 49
--> Day : 0
-> Request 0
166
(2, 3, 1)
2
(46, 13)
-> Request 1
321
(2, 3, 2)
3
(58, 22)
-> Request 2
358
(2, 3, 2)
3
(3, 7)
-> Request 3
680
(3, 3, 2)
1
(47, 34)
-> Request 4
863
(2, 3, 2)
1
(65, 13)
-> Request 5
900
(4, 1, 2)
3
(62, 34)
-> Request 6
913
(2, 3, 2)
2
(52, 68)
-> Request 7
1133
(2, 1, 1)
2
(39, 54)
--> Day : 1
-> Request 0
88
(2, 1, 2)
2
(43, 43)
-> Request 1
839
(3, 3, 1)
2
(52, 72)
-> Request 2
878
(2, 3, 2)
1
(45, 28)
-> Request 3
1057
(1, 1, 2)
2
(46, 38)
-> Request 4
1217
(2, 3, 1)
3
(46, 33)
--> Day : 2
-> Request 0
47
(4, 2, 1)
1
(59, 29)
-> Request 1
263
(4, 1, 1)
1
(38, 5)
-> Request 2
661
(3, 3, 1)
1
(45, 46)
-> Request 3
944
(4, 3, 1)
3
(19, 70)
-> Request 4
1056
(2, 2, 2)
3
(50, 41)
-> Request 5
1060
(3, 2, 1)
2
(14, 16)
-> Request 6
1177
(3, 2, 2)
1
(36, 68)
-> Request 7
1220
(1, 1, 1)
3
(53, 37)
--> Day : 3
-> Request 0
327
(2, 1, 2)
1
(62, 38)
-> Request 1
512
(1, 3, 2)
1
(38, 16)
-> Request 2
588
(4, 2, 1)
1
(53, 40)
-> Request 3
854
(3, 3, 1)
1
(45, 45)
-> Request 4
1324
(2, 1, 1)
2
(52, 29)
-> Request 5
1378
(4, 2, 2)
3
(48, 40)
--> Day : 4
-> Request 0
267
(3, 1, 1)
1
(62, 74)
-> Request 1
473
(4, 2, 1)
2
(63, 64)
-> Request 2
598
(4, 3, 2)
3
(69, 40)
-> Request 3
629
(1, 1, 1)
3
(26, 39)
-> Request 4
979
(1, 2, 2)
2
(16, 49)
-> Request 5
1056
(4, 2, 2)
1
(8, 25)
-> Request 6
1231
(1, 3, 2)
3
(56, 9)
-> Request 7
1245
(3, 2, 1)
3
(38, 73)
-> Request 8
1261
(1, 3, 2)
3
(3, 11)
---> Week : 50
--> Day : 0
-> Request 0
265
(1, 2, 2)
1
(46, 27)
-> Request 1
505
(4, 3, 2)
2
(55, 8)
-> Request 2
555
(4, 1, 2)
1
(14, 28)
-> Request 3
839
(2, 1, 1)
2
(72, 14)
-> Request 4
1055
(1, 1, 2)
1
(49, 43)
-> Request 5
1112
(1, 2, 2)
3
(54, 75)
-> Request 6
1251
(4, 2, 1)
2
(65, 65)
--> Day : 1
-> Request 0
674
(1, 3, 2)
2
(55, 76)
-> Request 1
768
(1, 1, 1)
1
(65, 75)
-> Request 2
851
(1, 2, 2)
2
(36, 69)
-> Request 3
863
(2, 3, 2)
1
(52, 44)
-> Request 4
866
(3, 1, 2)
3
(9, 28)
--> Day : 2
-> Request 0
446
(1, 3, 2)
2
(19, 61)
-> Request 1
453
(2, 2, 1)
3
(8, 21)
-> Request 2
932
(1, 1, 1)
3
(63, 72)
-> Request 3
961
(1, 2, 1)
1
(21, 18)
--> Day : 3
-> Request 0
67
(4, 1, 2)
3
(60, 40)
-> Request 1
72
(3, 2, 2)
3
(53, 68)
-> Request 2
439
(1, 1, 2)
3
(56, 54)
-> Request 3
973
(3, 1, 1)
3
(59, 76)
--> Day : 4
-> Request 0
302
(4, 3, 1)
2
(59, 78)
-> Request 1
457
(3, 1, 1)
1
(54, 46)
-> Request 2
1075
(3, 2, 2)
2
(14, 21)
---> Week : 51
--> Day : 0
-> Request 0
563
(3, 3, 2)
3
(21, 72)
-> Request 1
607
(1, 1, 1)
1
(66, 7)
-> Request 2
656
(4, 1, 2)
2
(11, 23)
-> Request 3
776
(3, 2, 1)
3
(77, 53)
-> Request 4
819
(2, 2, 1)
2
(63, 27)
-> Request 5
1091
(1, 2, 2)
3
(10, 23)
-> Request 6
1155
(3, 2, 2)
3
(9, 27)
--> Day : 1
-> Request 0
195
(1, 3, 1)
3
(45, 39)
-> Request 1
283
(3, 2, 1)
1
(12, 24)
-> Request 2
517
(4, 2, 2)
1
(60, 68)
-> Request 3
977
(3, 1, 2)
3
(66, 31)
-> Request 4
1182
(4, 2, 2)
1
(66, 3)
--> Day : 2
-> Request 0
715
(3, 1, 2)
3
(15, 25)
-> Request 1
741
(4, 1, 2)
2
(31, 62)
-> Request 2
782
(3, 3, 1)
3
(46, 37)
-> Request 3
1432
(4, 3, 1)
1
(58, 72)
--> Day : 3
-> Request 0
22
(3, 2, 2)
3
(53, 72)
-> Request 1
75
(3, 2, 2)
1
(59, 33)
-> Request 2
445
(3, 2, 2)
3
(64, 70)
-> Request 3
1018
(2, 2, 2)
2
(43, 33)
-> Request 4
1042
(2, 2, 2)
3
(53, 4)
-> Request 5
1170
(3, 2, 1)
2
(47, 28)
--> Day : 4
-> Request 0
691
(3, 2, 1)
1
(24, 8)
-> Request 1
915
(1, 2, 2)
1
(61, 61)
-> Request 2
918
(3, 2, 2)
1
(49, 34)
-> Request 3
932
(3, 3, 1)
1
(61, 33)
-> Request 4
1001
(2, 1, 2)
1
(3, 5)
-> Request 5
1205
(1, 1, 1)
1
(12, 42)
-> Request 6
1386
(4, 1, 1)
2
(27, 26)
-> Request 7
1427
(3, 2, 1)
3
(8, 1)
---> Week : 52
--> Day : 0
-> Request 0
35
(2, 3, 2)
1
(60, 35)
-> Request 1
384
(3, 3, 1)
2
(56, 77)
-> Request 2
463
(2, 2, 2)
1
(59, 75)
-> Request 3
837
(4, 2, 2)
2
(17, 20)
-> Request 4
1280
(3, 3, 1)
2
(77, 26)
-> Request 5
1365
(3, 2, 2)
3
(55, 75)
-> Request 6
1383
(3, 2, 1)
3
(44, 42)
--> Day : 1
-> Request 0
74
(3, 3, 1)
2
(64, 68)
-> Request 1
101
(1, 1, 2)
2
(52, 78)
-> Request 2
302
(4, 2, 1)
2
(32, 23)
-> Request 3
585
(1, 2, 1)
3
(46, 38)
-> Request 4
1088
(4, 3, 2)
2
(60, 8)
-> Request 5
1175
(1, 3, 2)
3
(63, 9)
--> Day : 2
-> Request 0
33
(1, 3, 2)
1
(62, 46)
-> Request 1
104
(4, 2, 1)
3
(60, 33)
-> Request 2
118
(4, 3, 2)
1
(64, 73)
-> Request 3
193
(2, 1, 2)
1
(9, 2)
-> Request 4
318
(2, 1, 2)
1
(49, 76)
-> Request 5
1120
(1, 1, 1)
3
(67, 60)
--> Day : 3
-> Request 0
111
(2, 2, 1)
1
(63, 69)
-> Request 1
305
(4, 2, 2)
2
(70, 79)
-> Request 2
900
(2, 3, 1)
1
(45, 76)
-> Request 3
1018
(1, 3, 2)
3
(5, 62)
-> Request 4
1158
(2, 2, 2)
2
(3, 58)
-> Request 5
1321
(2, 2, 2)
3
(73, 37)
--> Day : 4
-> Request 0
484
(1, 1, 2)
2
(10, 20)
-> Request 1
492
(3, 1, 1)
1
(47, 54)
-> Request 2
1081
(3, 2, 1)
2
(57, 27)
-> Request 3
1091
(4, 2, 1)
2
(72, 53)
---> Week : 53
--> Day : 0
-> Request 0
127
(1, 2, 1)
1
(10, 42)
-> Request 1
410
(2, 3, 1)
1
(10, 22)
-> Request 2
502
(4, 1, 1)
1
(52, 75)
-> Request 3
577
(1, 1, 2)
3
(61, 18)
-> Request 4
704
(2, 2, 2)
3
(57, 27)
-> Request 5
1214
(2, 2, 2)
3
(65, 7)
-> Request 6
1247
(2, 2, 2)
1
(24, 22)
-> Request 7
1337
(2, 1, 2)
2
(60, 71)
-> Request 8
1375
(3, 3, 1)
3
(57, 15)
-> Request 9
1424
(3, 3, 1)
1
(33, 56)
--> Day : 1
-> Request 0
446
(3, 2, 1)
2
(71, 72)
-> Request 1
659
(1, 1, 2)
1
(52, 45)
-> Request 2
1388
(4, 2, 2)
3
(50, 46)
--> Day : 2
-> Request 0
374
(2, 2, 1)
1
(13, 29)
-> Request 1
379
(4, 3, 1)
1
(33, 47)
-> Request 2
386
(2, 2, 1)
3
(15, 27)
-> Request 3
408
(4, 1, 1)
2
(37, 77)
-> Request 4
428
(2, 3, 1)
1
(28, 20)
-> Request 5
658
(4, 3, 2)
3
(55, 46)
-> Request 6
687
(2, 3, 2)
2
(57, 75)
-> Request 7
841
(3, 2, 1)
3
(55, 73)
-> Request 8
874
(2, 2, 1)
1
(34, 13)
-> Request 9
1105
(3, 2, 2)
2
(50, 42)
--> Day : 3
-> Request 0
56
(2, 1, 2)
2
(54, 0)
-> Request 1
924
(4, 2, 1)
3
(22, 33)
-> Request 2
978
(3, 2, 1)
3
(32, 28)
-> Request 3
1392
(1, 1, 1)
1
(48, 13)
--> Day : 4
-> Request 0
87
(3, 3, 1)
1
(13, 10)
-> Request 1
372
(4, 2, 2)
3
(12, 24)
-> Request 2
458
(3, 1, 1)
2
(50, 39)
-> Request 3
581
(1, 3, 2)
2
(47, 38)
-> Request 4
692
(3, 3, 2)
2
(49, 78)
-> Request 5
758
(1, 1, 2)
2
(58, 45)
-> Request 6
965
(4, 1, 1)
3
(53, 44)
-> Request 7
1432
(1, 1, 2)
3
(45, 29)
---> Week : 54
--> Day : 0
-> Request 0
50
(3, 2, 1)
2
(60, 38)
-> Request 1
554
(2, 3, 1)
2
(65, 60)
-> Request 2
660
(2, 1, 1)
1
(20, 36)
-> Request 3
768
(4, 1, 2)
1
(71, 56)
-> Request 4
772
(3, 2, 1)
1
(55, 56)
-> Request 5
900
(2, 2, 2)
3
(65, 77)
-> Request 6
1143
(2, 2, 2)
2
(43, 44)
-> Request 7
1349
(2, 3, 1)
2
(26, 52)
--> Day : 1
-> Request 0
501
(2, 2, 1)
2
(46, 40)
-> Request 1
558
(4, 3, 2)
1
(6, 53)
-> Request 2
905
(1, 2, 2)
2
(32, 72)
-> Request 3
953
(3, 2, 2)
2
(33, 28)
-> Request 4
960
(1, 1, 2)
3
(15, 26)
-> Request 5
974
(4, 1, 2)
3
(49, 79)
-> Request 6
1159
(3, 1, 1)
2
(23, 49)
-> Request 7
1206
(3, 1, 2)
1
(27, 20)
-> Request 8
1308
(1, 2, 2)
1
(57, 35)
--> Day : 2
-> Request 0
46
(1, 1, 2)
1
(62, 64)
-> Request 1
207
(1, 2, 2)
3
(52, 75)
-> Request 2
309
(4, 2, 1)
2
(72, 44)
-> Request 3
559
(3, 1, 1)
1
(63, 76)
-> Request 4
723
(2, 1, 2)
3
(5, 62)
-> Request 5
1063
(3, 3, 2)
3
(50, 40)
-> Request 6
1105
(4, 2, 1)
1
(30, 75)
-> Request 7
1313
(2, 1, 2)
1
(60, 44)
--> Day : 3
-> Request 0
158
(1, 2, 1)
1
(46, 32)
-> Request 1
161
(1, 2, 2)
2
(66, 65)
-> Request 2
482
(2, 3, 1)
2
(47, 30)
-> Request 3
1107
(3, 3, 1)
1
(54, 45)
-> Request 4
1120
(4, 1, 1)
2
(16, 25)
-> Request 5
1142
(2, 3, 2)
1
(28, 77)
--> Day : 4
-> Request 0
164
(2, 2, 2)
1
(26, 51)
-> Request 1
198
(3, 2, 2)
2
(5, 51)
-> Request 2
298
(2, 2, 2)
1
(46, 41)
-> Request 3
366
(3, 2, 1)
1
(4, 57)
-> Request 4
1087
(3, 2, 1)
1
(65, 64)
-> Request 5
1202
(1, 3, 2)
3
(52, 44)
-> Request 6
1315
(2, 2, 1)
1
(10, 26)
-> Request 7
1435
(1, 3, 2)
3
(62, 40)
---> Week : 55
--> Day : 0
-> Request 0
217
(1, 1, 1)
3
(44, 27)
-> Request 1
550
(4, 2, 1)
1
(23, 8)
-> Request 2
1325
(1, 2, 1)
1
(4, 15)
--> Day : 1
-> Request 0
144
(3, 2, 1)
3
(57, 34)
-> Request 1
154
(4, 3, 1)
1
(4, 46)
-> Request 2
318
(3, 2, 2)
3
(46, 45)
-> Request 3
839
(3, 2, 1)
1
(43, 32)
-> Request 4
840
(2, 1, 2)
3
(54, 72)
-> Request 5
865
(4, 2, 2)
3
(75, 14)
-> Request 6
1261
(4, 1, 2)
2
(69, 16)
-> Request 7
1355
(4, 2, 2)
1
(48, 33)
-> Request 8
1392
(1, 2, 2)
1
(68, 60)
--> Day : 2
-> Request 0
317
(1, 2, 2)
1
(64, 34)
-> Request 1
1219
(3, 1, 1)
3
(64, 8)
-> Request 2
1282
(2, 1, 2)
2
(13, 23)
--> Day : 3
-> Request 0
27
(3, 1, 1)
1
(9, 42)
-> Request 1
37
(3, 2, 2)
1
(45, 44)
-> Request 2
108
(2, 3, 1)
2
(53, 45)
-> Request 3
145
(2, 2, 1)
3
(39, 5)
-> Request 4
337
(2, 3, 2)
3
(62, 41)
-> Request 5
391
(2, 2, 1)
1
(58, 37)
-> Request 6
416
(1, 3, 1)
1
(59, 46)
-> Request 7
671
(4, 2, 2)
2
(53, 27)
-> Request 8
715
(1, 1, 2)
3
(0, 7)
-> Request 9
1089
(4, 2, 2)
2
(21, 54)
-> Request 10
1358
(3, 2, 1)
2
(52, 34)
-> Request 11
1373
(4, 2, 1)
1
(55, 30)
--> Day : 4
-> Request 0
102
(1, 1, 2)
2
(68, 21)
-> Request 1
111
(3, 1, 2)
1
(52, 58)
-> Request 2
239
(3, 1, 1)
2
(65, 62)
-> Request 3
434
(1, 3, 2)
1
(12, 23)
-> Request 4
808
(1, 1, 1)
3
(48, 34)
-> Request 5
1014
(2, 2, 1)
2
(4, 39)
-> Request 6
1256
(2, 1, 1)
3
(7, 34)
-> Request 7
1436
(2, 3, 2)
3
(43, 27)
---> Week : 56
--> Day : 0
-> Request 0
56
(4, 1, 1)
2
(58, 70)
-> Request 1
187
(3, 2, 1)
3
(28, 3)
-> Request 2
193
(1, 1, 1)
2
(51, 45)
-> Request 3
853
(3, 3, 1)
3
(36, 68)
-> Request 4
1222
(1, 3, 2)
2
(65, 66)
-> Request 5
1294
(1, 1, 2)
2
(67, 63)
-> Request 6
1316
(2, 2, 1)
2
(59, 59)
--> Day : 1
-> Request 0
286
(2, 3, 2)
3
(11, 28)
-> Request 1
448
(4, 3, 1)
1
(0, 78)
-> Request 2
795
(3, 1, 1)
3
(5, 14)
-> Request 3
983
(4, 3, 1)
3
(53, 43)
-> Request 4
1033
(1, 3, 1)
1
(56, 69)
-> Request 5
1344
(1, 1, 1)
3
(53, 76)
--> Day : 2
-> Request 0
0
(2, 1, 2)
3
(52, 41)
-> Request 1
186
(3, 1, 1)
1
(56, 70)
-> Request 2
325
(1, 3, 2)
3
(48, 28)
-> Request 3
325
(3, 3, 2)
1
(53, 70)
-> Request 4
378
(4, 2, 1)
1
(55, 74)
-> Request 5
832
(4, 2, 1)
1
(34, 6)
-> Request 6
1162
(1, 3, 1)
2
(65, 26)
-> Request 7
1386
(2, 2, 1)
3
(12, 23)
-> Request 8
1402
(3, 2, 2)
3
(3, 24)
--> Day : 3
-> Request 0
206
(1, 1, 2)
1
(30, 18)
-> Request 1
507
(3, 3, 1)
2
(48, 33)
-> Request 2
620
(2, 3, 1)
1
(34, 58)
-> Request 3
766
(1, 1, 2)
2
(54, 61)
-> Request 4
1155
(1, 3, 1)
1
(24, 34)
-> Request 5
1403
(3, 1, 1)
2
(48, 38)
--> Day : 4
-> Request 0
177
(2, 3, 1)
1
(58, 44)
-> Request 1
597
(1, 2, 1)
1
(21, 57)
-> Request 2
909
(4, 3, 2)
1
(40, 23)
---> Week : 57
--> Day : 0
-> Request 0
530
(3, 2, 2)
2
(73, 38)
-> Request 1
805
(1, 2, 1)
3
(57, 78)
-> Request 2
1323
(2, 2, 2)
1
(16, 31)
--> Day : 1
-> Request 0
16
(4, 2, 1)
3
(17, 26)
-> Request 1
402
(2, 3, 1)
1
(51, 29)
-> Request 2
578
(3, 1, 1)
3
(6, 54)
-> Request 3
636
(2, 2, 1)
2
(60, 4)
-> Request 4
828
(4, 3, 2)
2
(32, 54)
-> Request 5
1047
(1, 1, 1)
1
(11, 45)
-> Request 6
1305
(1, 2, 2)
3
(54, 8)
-> Request 7
1327
(3, 1, 2)
2
(58, 64)
--> Day : 2
-> Request 0
141
(4, 2, 2)
2
(57, 35)
-> Request 1
175
(1, 3, 2)
1
(16, 43)
-> Request 2
299
(1, 2, 2)
2
(48, 41)
-> Request 3
305
(3, 2, 1)
2
(41, 74)
-> Request 4
686
(1, 1, 2)
3
(14, 79)
-> Request 5
919
(1, 2, 1)
3
(43, 33)
-> Request 6
944
(4, 3, 1)
1
(50, 41)
-> Request 7
1100
(3, 1, 1)
1
(52, 34)
-> Request 8
1258
(4, 3, 1)
1
(74, 75)
--> Day : 3
-> Request 0
230
(1, 1, 2)
1
(67, 9)
-> Request 1
396
(1, 1, 1)
2
(57, 52)
-> Request 2
462
(2, 2, 2)
1
(63, 64)
-> Request 3
756
(2, 1, 1)
1
(49, 21)
-> Request 4
1064
(2, 3, 1)
2
(6, 29)
-> Request 5
1094
(1, 3, 2)
1
(56, 28)
-> Request 6
1385
(4, 3, 1)
2
(78, 41)
--> Day : 4
-> Request 0
64
(1, 3, 2)
2
(8, 22)
-> Request 1
78
(2, 3, 1)
2
(45, 40)
-> Request 2
354
(3, 3, 2)
2
(0, 24)
-> Request 3
606
(3, 3, 2)
2
(60, 27)
-> Request 4
924
(1, 3, 1)
2
(56, 67)
---> Week : 58
--> Day : 0
-> Request 0
274
(1, 3, 1)
2
(6, 22)
-> Request 1
424
(2, 3, 2)
3
(4, 22)
-> Request 2
485
(4, 3, 1)
1
(12, 20)
-> Request 3
625
(2, 3, 2)
1
(52, 16)
-> Request 4
658
(4, 1, 2)
3
(10, 43)
-> Request 5
718
(3, 3, 1)
3
(71, 32)
-> Request 6
1297
(3, 2, 1)
2
(75, 15)
-> Request 7
1301
(1, 1, 2)
2
(10, 28)
--> Day : 1
-> Request 0
274
(1, 2, 2)
3
(52, 45)
-> Request 1
287
(1, 1, 1)
1
(21, 34)
-> Request 2
424
(1, 1, 2)
1
(61, 4)
-> Request 3
680
(3, 3, 2)
2
(49, 35)
-> Request 4
1003
(3, 1, 1)
3
(58, 76)
-> Request 5
1121
(3, 2, 1)
1
(61, 70)
-> Request 6
1435
(4, 3, 2)
1
(26, 28)
--> Day : 2
-> Request 0
43
(2, 3, 2)
3
(79, 22)
-> Request 1
45
(3, 2, 2)
1
(13, 74)
-> Request 2
248
(1, 3, 2)
1
(49, 61)
-> Request 3
259
(3, 3, 1)
3
(7, 62)
-> Request 4
933
(4, 1, 1)
3
(16, 25)
-> Request 5
1123
(4, 2, 1)
3
(62, 65)
--> Day : 3
-> Request 0
530
(1, 2, 1)
1
(61, 21)
-> Request 1
607
(4, 2, 1)
3
(49, 30)
-> Request 2
659
(2, 3, 2)
3
(57, 73)
-> Request 3
851
(3, 1, 2)
2
(66, 73)
-> Request 4
896
(4, 3, 1)
2
(41, 30)
-> Request 5
1286
(1, 3, 1)
3
(38, 67)
--> Day : 4
-> Request 0
83
(4, 1, 2)
2
(60, 21)
-> Request 1
96
(3, 2, 1)
1
(47, 33)
-> Request 2
159
(3, 3, 1)
2
(68, 3)
-> Request 3
868
(1, 1, 1)
3
(79, 77)
---> Week : 59
--> Day : 0
-> Request 0
52
(2, 1, 1)
3
(50, 69)
-> Request 1
93
(3, 2, 1)
2
(23, 16)
-> Request 2
445
(3, 1, 2)
3
(68, 51)
-> Request 3
786
(4, 1, 2)
2
(47, 36)
-> Request 4
956
(1, 1, 1)
3
(69, 47)
-> Request 5
1031
(1, 2, 1)
3
(56, 67)
--> Day : 1
-> Request 0
388
(4, 1, 1)
2
(73, 41)
-> Request 1
561
(2, 2, 1)
2
(53, 63)
-> Request 2
1131
(3, 2, 2)
3
(59, 78)
-> Request 3
1151
(4, 1, 2)
1
(43, 23)
--> Day : 2
-> Request 0
1
(3, 2, 1)
3
(44, 73)
-> Request 1
133
(4, 2, 2)
2
(53, 78)
-> Request 2
164
(4, 1, 2)
3
(74, 69)
-> Request 3
1190
(1, 3, 1)
2
(53, 25)
-> Request 4
1366
(1, 3, 2)
2
(13, 42)
-> Request 5
1415
(3, 1, 2)
3
(56, 28)
--> Day : 3
-> Request 0
52
(2, 2, 2)
2
(23, 1)
-> Request 1
78
(4, 3, 2)
2
(55, 31)
-> Request 2
645
(3, 2, 2)
1
(53, 52)
-> Request 3
846
(2, 2, 1)
2
(21, 67)
-> Request 4
984
(2, 1, 2)
3
(28, 17)
-> Request 5
1231
(2, 1, 1)
1
(51, 44)
--> Day : 4
-> Request 0
599
(3, 3, 2)
3
(56, 71)
-> Request 1
1349
(3, 3, 2)
2
(5, 12)
---> Week : 60
--> Day : 0
-> Request 0
216
(3, 2, 1)
1
(63, 69)
-> Request 1
361
(2, 1, 1)
2
(54, 9)
-> Request 2
778
(3, 3, 2)
1
(52, 41)
-> Request 3
925
(1, 1, 1)
2
(63, 37)
-> Request 4
1282
(4, 2, 2)
2
(55, 20)
-> Request 5
1372
(2, 3, 1)
3
(37, 0)
--> Day : 1
-> Request 0
174
(2, 1, 2)
2
(14, 3)
-> Request 1
357
(2, 2, 1)
2
(10, 27)
-> Request 2
515
(4, 2, 1)
3
(73, 70)
-> Request 3
707
(3, 3, 1)
2
(64, 25)
-> Request 4
1059
(4, 1, 2)
3
(55, 76)
-> Request 5
1108
(3, 1, 2)
2
(38, 39)
-> Request 6
1133
(4, 1, 2)
1
(43, 33)
-> Request 7
1173
(4, 2, 1)
2
(57, 69)
--> Day : 2
-> Request 0
183
(2, 2, 1)
3
(53, 14)
-> Request 1
420
(2, 2, 2)
2
(61, 71)
-> Request 2
737
(1, 2, 1)
1
(56, 68)
-> Request 3
900
(2, 2, 1)
2
(32, 77)
-> Request 4
1219
(1, 2, 2)
2
(66, 47)
-> Request 5
1374
(2, 2, 1)
2
(9, 77)
--> Day : 3
-> Request 0
292
(2, 2, 2)
1
(48, 30)
-> Request 1
306
(1, 1, 2)
1
(62, 65)
-> Request 2
523
(3, 3, 1)
2
(66, 70)
-> Request 3
766
(1, 2, 1)
3
(52, 75)
-> Request 4
842
(2, 3, 2)
1
(57, 72)
-> Request 5
847
(2, 3, 1)
1
(77, 43)
-> Request 6
1094
(3, 1, 2)
1
(78, 58)
--> Day : 4
-> Request 0
180
(4, 3, 1)
1
(54, 27)
-> Request 1
339
(3, 2, 1)
2
(59, 29)
-> Request 2
642
(4, 2, 1)
1
(27, 58)
-> Request 3
876
(1, 3, 1)
3
(3, 38)
-> Request 4
898
(4, 2, 1)
1
(58, 27)
-> Request 5
994
(4, 1, 2)
1
(33, 32)
-> Request 6
1379
(1, 3, 2)
3
(54, 66)
-> Request 7
1401
(2, 2, 1)
1
(67, 48)
---> Week : 61
--> Day : 0
-> Request 0
141
(1, 3, 2)
2
(64, 77)
-> Request 1
145
(2, 2, 1)
3
(9, 4)
-> Request 2
409
(1, 1, 1)
1
(4, 17)
-> Request 3
491
(1, 3, 1)
2
(43, 36)
-> Request 4
867
(4, 1, 2)
2
(14, 28)
--> Day : 1
-> Request 0
45
(3, 3, 1)
1
(21, 22)
-> Request 1
216
(3, 1, 1)
2
(6, 56)
-> Request 2
586
(4, 2, 2)
2
(55, 38)
-> Request 3
759
(3, 1, 2)
3
(0, 10)
-> Request 4
1108
(1, 2, 2)
3
(60, 70)
-> Request 5
1166
(1, 2, 2)
3
(51, 56)
--> Day : 2
-> Request 0
908
(3, 3, 1)
3
(50, 74)
-> Request 1
1227
(1, 2, 2)
2
(52, 73)
-> Request 2
1411
(2, 3, 1)
2
(43, 38)
-> Request 3
1415
(3, 2, 1)
1
(73, 76)
--> Day : 3
-> Request 0
174
(1, 3, 2)
2
(10, 72)
-> Request 1
777
(4, 2, 2)
3
(59, 38)
-> Request 2
801
(2, 2, 2)
1
(54, 60)
-> Request 3
1147
(4, 3, 1)
1
(61, 33)
-> Request 4
1250
(3, 3, 2)
3
(9, 34)
-> Request 5
1351
(2, 1, 1)
1
(46, 16)
--> Day : 4
-> Request 0
388
(1, 3, 1)
3
(65, 66)
-> Request 1
411
(4, 2, 1)
1
(47, 59)
-> Request 2
891
(3, 2, 1)
2
(53, 34)
---> Week : 62
--> Day : 0
-> Request 0
569
(2, 3, 2)
3
(46, 30)
-> Request 1
1078
(1, 1, 2)
2
(38, 65)
-> Request 2
1225
(2, 3, 1)
3
(52, 74)
-> Request 3
1284
(3, 2, 1)
1
(48, 34)
--> Day : 1
-> Request 0
117
(4, 2, 2)
2
(48, 63)
-> Request 1
289
(4, 2, 1)
3
(18, 18)
-> Request 2
661
(4, 2, 1)
2
(57, 66)
-> Request 3
744
(1, 3, 1)
3
(76, 16)
-> Request 4
1232
(3, 1, 1)
2
(54, 44)
--> Day : 2
-> Request 0
71
(3, 3, 2)
1
(57, 76)
-> Request 1
141
(1, 1, 1)
2
(57, 71)
-> Request 2
592
(1, 2, 1)
1
(58, 36)
-> Request 3
902
(2, 3, 2)
3
(74, 41)
-> Request 4
979
(2, 2, 2)
1
(11, 5)
-> Request 5
1021
(4, 2, 1)
3
(60, 70)
-> Request 6
1082
(4, 1, 2)
3
(43, 15)
-> Request 7
1086
(3, 3, 2)
1
(62, 34)
--> Day : 3
-> Request 0
438
(1, 3, 2)
1
(72, 0)
-> Request 1
460
(1, 2, 2)
1
(15, 27)
-> Request 2
935
(3, 2, 2)
1
(52, 39)
--> Day : 4
-> Request 0
74
(3, 1, 2)
2
(74, 38)
-> Request 1
173
(1, 3, 1)
1
(31, 12)
-> Request 2
651
(3, 2, 1)
3
(56, 35)
-> Request 3
1144
(3, 2, 1)
2
(29, 61)
-> Request 4
1311
(3, 3, 2)
1
(63, 65)
---> Week : 63
--> Day : 0
-> Request 0
168
(4, 1, 2)
3
(10, 28)
-> Request 1
216
(2, 1, 2)
1
(57, 14)
-> Request 2
458
(2, 3, 2)
1
(12, 25)
-> Request 3
613
(2, 3, 1)
1
(8, 20)
-> Request 4
830
(3, 3, 2)
2
(12, 78)
-> Request 5
884
(2, 1, 1)
1
(49, 36)
-> Request 6
945
(3, 3, 1)
2
(15, 24)
-> Request 7
1248
(4, 3, 1)
1
(29, 5)
--> Day : 1
-> Request 0
321
(2, 3, 1)
1
(56, 76)
-> Request 1
526
(1, 3, 2)
2
(61, 68)
-> Request 2
536
(2, 3, 2)
3
(62, 70)
-> Request 3
691
(3, 3, 1)
2
(65, 64)
-> Request 4
698
(4, 3, 2)
1
(49, 8)
-> Request 5
905
(4, 1, 1)
2
(6, 12)
-> Request 6
1201
(1, 2, 2)
2
(22, 0)
-> Request 7
1215
(1, 2, 1)
2
(72, 79)
--> Day : 2
-> Request 0
6
(4, 3, 1)
3
(15, 61)
-> Request 1
24
(4, 1, 1)
1
(37, 65)
-> Request 2
172
(1, 2, 1)
2
(22, 26)
-> Request 3
908
(3, 2, 2)
3
(61, 43)
-> Request 4
1385
(4, 2, 2)
1
(17, 5)
--> Day : 3
-> Request 0
249
(3, 3, 2)
2
(22, 40)
-> Request 1
563
(3, 2, 2)
3
(64, 67)
-> Request 2
830
(2, 2, 2)
2
(3, 29)
-> Request 3
1016
(1, 2, 1)
1
(59, 22)
-> Request 4
1150
(2, 1, 1)
1
(54, 17)
-> Request 5
1265
(4, 2, 1)
1
(61, 34)
--> Day : 4
-> Request 0
88
(1, 3, 1)
2
(47, 74)
-> Request 1
534
(1, 3, 1)
2
(44, 31)
-> Request 2
879
(2, 1, 2)
1
(13, 21)
-> Request 3
1281
(4, 3, 1)
1
(79, 79)
---> Week : 64
--> Day : 0
-> Request 0
5
(4, 2, 2)
3
(15, 52)
-> Request 1
387
(3, 3, 1)
1
(74, 9)
-> Request 2
1074
(4, 3, 1)
2
(42, 38)
-> Request 3
1148
(1, 2, 2)
3
(53, 45)
--> Day : 1
-> Request 0
186
(1, 3, 1)
2
(63, 66)
-> Request 1
410
(3, 3, 1)
1
(49, 35)
-> Request 2
755
(3, 3, 2)
3
(63, 68)
-> Request 3
778
(4, 3, 1)
2
(59, 43)
-> Request 4
1200
(2, 3, 2)
1
(53, 32)
-> Request 5
1211
(3, 3, 2)
1
(46, 27)
-> Request 6
1334
(2, 2, 1)
3
(64, 73)
-> Request 7
1338
(4, 3, 1)
2
(61, 68)
--> Day : 2
-> Request 0
247
(3, 3, 2)
2
(43, 43)
-> Request 1
253
(1, 1, 2)
2
(64, 69)
-> Request 2
452
(3, 2, 2)
2
(20, 27)
-> Request 3
605
(2, 2, 1)
3
(11, 33)
-> Request 4
620
(1, 2, 1)
1
(8, 27)
-> Request 5
952
(2, 2, 1)
1
(42, 24)
-> Request 6
1115
(4, 1, 1)
3
(58, 78)
-> Request 7
1397
(3, 3, 1)
2
(53, 33)
--> Day : 3
-> Request 0
999
(2, 3, 2)
1
(51, 51)
-> Request 1
1032
(1, 3, 1)
2
(32, 45)
-> Request 2
1417
(2, 3, 1)
1
(54, 70)
--> Day : 4
-> Request 0
107
(2, 1, 2)
1
(72, 74)
-> Request 1
501
(1, 1, 2)
3
(44, 43)
-> Request 2
550
(4, 2, 2)
1
(62, 41)
-> Request 3
666
(4, 3, 1)
1
(12, 27)
-> Request 4
1014
(4, 3, 2)
1
(54, 62)
-> Request 5
1327
(1, 3, 1)
3
(57, 34)
---> Week : 65
--> Day : 0
-> Request 0
357
(1, 2, 1)
1
(53, 20)
-> Request 1
422
(1, 3, 2)
2
(39, 7)
-> Request 2
522
(4, 1, 2)
2
(55, 76)
-> Request 3
624
(1, 1, 1)
1
(16, 26)
-> Request 4
1002
(3, 2, 2)
1
(20, 9)
--> Day : 1
-> Request 0
49
(2, 3, 1)
2
(64, 24)
-> Request 1
71
(4, 1, 2)
1
(78, 27)
-> Request 2
347
(1, 3, 2)
3
(51, 27)
-> Request 3
495
(3, 3, 2)
2
(49, 42)
-> Request 4
615
(3, 1, 1)
2
(10, 24)
-> Request 5
1040
(2, 1, 1)
1
(68, 42)
-> Request 6
1108
(1, 1, 2)
2
(15, 12)
--> Day : 2
-> Request 0
12
(2, 1, 1)
2
(62, 33)
-> Request 1
38
(2, 2, 2)
2
(33, 70)
-> Request 2
93
(4, 1, 2)
1
(57, 72)
-> Request 3
289
(2, 1, 1)
1
(21, 10)
-> Request 4
479
(4, 3, 2)
3
(5, 21)
-> Request 5
849
(3, 2, 1)
3
(43, 35)
-> Request 6
882
(2, 3, 1)
2
(27, 33)
-> Request 7
1142
(2, 3, 2)
3
(46, 66)
-> Request 8
1229
(1, 3, 1)
1
(55, 74)
-> Request 9
1338
(4, 3, 1)
3
(24, 69)
-> Request 10
1345
(3, 1, 2)
1
(10, 25)
-> Request 11
1382
(2, 1, 2)
1
(51, 28)
--> Day : 3
-> Request 0
348
(3, 2, 2)
1
(64, 77)
-> Request 1
365
(3, 2, 1)
2
(64, 41)
-> Request 2
572
(4, 2, 1)
1
(59, 75)
-> Request 3
1069
(3, 2, 2)
3
(58, 27)
-> Request 4
1330
(1, 2, 1)
3
(42, 32)
-> Request 5
1351
(2, 2, 2)
1
(56, 72)
--> Day : 4
-> Request 0
94
(2, 2, 2)
1
(48, 39)
-> Request 1
189
(2, 1, 2)
3
(57, 41)
-> Request 2
194
(3, 3, 2)
3
(68, 13)
-> Request 3
208
(2, 3, 2)
3
(61, 45)
-> Request 4
527
(2, 3, 1)
3
(60, 55)
-> Request 5
760
(2, 2, 1)
1
(61, 42)
-> Request 6
949
(1, 3, 2)
3
(45, 45)
-> Request 7
1054
(3, 1, 2)
2
(43, 29)
---> Week : 66
--> Day : 0
-> Request 0
208
(3, 2, 2)
2
(10, 29)
-> Request 1
440
(2, 2, 1)
3
(33, 23)
-> Request 2
651
(2, 2, 2)
1
(59, 38)
-> Request 3
971
(3, 1, 1)
1
(35, 5)
-> Request 4
1119
(1, 2, 2)
1
(33, 25)
--> Day : 1
-> Request 0
25
(2, 3, 2)
3
(21, 18)
-> Request 1
261
(3, 3, 2)
3
(23, 26)
-> Request 2
305
(2, 1, 2)
1
(15, 79)
-> Request 3
374
(1, 3, 1)
3
(51, 36)
-> Request 4
427
(2, 2, 1)
3
(54, 77)
-> Request 5
710
(4, 2, 1)
3
(23, 69)
-> Request 6
728
(2, 2, 1)
3
(52, 69)
-> Request 7
923
(3, 3, 1)
3
(10, 28)
-> Request 8
1149
(1, 3, 1)
1
(53, 39)
-> Request 9
1336
(3, 1, 1)
1
(44, 31)
--> Day : 2
-> Request 0
26
(3, 3, 2)
1
(42, 65)
-> Request 1
215
(4, 2, 2)
3
(9, 71)
-> Request 2
296
(3, 1, 1)
2
(54, 75)
-> Request 3
1298
(4, 3, 2)
1
(48, 32)
-> Request 4
1375
(3, 1, 2)
1
(2, 16)
-> Request 5
1416
(4, 3, 1)
1
(73, 16)
--> Day : 3
-> Request 0
272
(3, 2, 2)
3
(51, 46)
-> Request 1
1108
(2, 2, 2)
2
(55, 45)
-> Request 2
1165
(1, 2, 2)
3
(44, 28)
-> Request 3
1192
(2, 2, 2)
3
(59, 64)
-> Request 4
1371
(3, 3, 1)
2
(32, 7)
--> Day : 4
-> Request 0
553
(4, 3, 2)
2
(55, 71)
-> Request 1
1025
(3, 3, 1)
1
(0, 46)
-> Request 2
1211
(4, 2, 2)
3
(23, 12)
---> Week : 67
--> Day : 0
-> Request 0
47
(3, 3, 1)
2
(53, 68)
-> Request 1
175
(1, 3, 2)
1
(19, 27)
-> Request 2
892
(1, 2, 1)
1
(75, 39)
-> Request 3
1058
(4, 3, 1)
2
(72, 47)
-> Request 4
1123
(4, 2, 2)
3
(60, 34)
--> Day : 1
-> Request 0
9
(3, 3, 1)
2
(26, 26)
-> Request 1
538
(2, 2, 1)
1
(4, 7)
-> Request 2
1159
(2, 2, 1)
2
(50, 44)
-> Request 3
1195
(4, 3, 2)
1
(23, 59)
--> Day : 2
-> Request 0
137
(2, 1, 2)
2
(38, 77)
-> Request 1
1282
(4, 2, 1)
2
(55, 27)
--> Day : 3
-> Request 0
307
(3, 3, 2)
3
(62, 29)
-> Request 1
1132
(3, 1, 2)
1
(55, 52)
-> Request 2
1165
(2, 1, 2)
3
(65, 64)
-> Request 3
1382
(2, 2, 1)
1
(75, 43)
--> Day : 4
-> Request 0
74
(2, 2, 1)
3
(66, 16)
-> Request 1
405
(3, 2, 2)
3
(13, 48)
-> Request 2
1375
(4, 3, 1)
2
(7, 54)
---> Week : 68
--> Day : 0
--> Day : 1
-> Request 0
5
(1, 3, 1)
3
(17, 48)
-> Request 1
156
(4, 2, 2)
1
(53, 70)
-> Request 2
179
(4, 2, 2)
2
(18, 34)
-> Request 3
606
(3, 2, 1)
1
(53, 38)
-> Request 4
660
(4, 3, 2)
3
(9, 62)
-> Request 5
1287
(2, 2, 2)
2
(64, 8)
--> Day : 2
-> Request 0
35
(3, 2, 1)
2
(53, 25)
-> Request 1
391
(1, 2, 1)
2
(77, 37)
-> Request 2
576
(2, 2, 1)
3
(11, 21)
-> Request 3
818
(4, 1, 1)
2
(72, 51)
-> Request 4
1018
(2, 1, 1)
1
(35, 30)
--> Day : 3
-> Request 0
944
(2, 2, 2)
2
(11, 26)
-> Request 1
1099
(2, 3, 1)
3
(67, 17)
-> Request 2
1199
(2, 2, 1)
1
(40, 51)
-> Request 3
1296
(1, 2, 2)
3
(61, 70)
-> Request 4
1427
(2, 1, 1)
1
(44, 27)
--> Day : 4
-> Request 0
164
(4, 3, 2)
2
(24, 38)
-> Request 1
282
(4, 1, 1)
3
(53, 64)
-> Request 2
343
(4, 1, 2)
3
(28, 71)
-> Request 3
470
(4, 3, 2)
2
(53, 72)
-> Request 4
611
(3, 1, 1)
3
(45, 76)
-> Request 5
787
(2, 2, 2)
3
(28, 74)
-> Request 6
992
(3, 1, 1)
1
(20, 75)
-> Request 7
1034
(2, 1, 2)
3
(50, 45)
-> Request 8
1233
(2, 1, 2)
2
(61, 47)
---> Week : 69
--> Day : 0
-> Request 0
17
(3, 1, 1)
3
(15, 4)
-> Request 1
29
(1, 3, 2)
3
(53, 38)
-> Request 2
391
(3, 3, 1)
1
(48, 39)
-> Request 3
745
(4, 1, 2)
1
(48, 27)
-> Request 4
882
(4, 1, 2)
2
(60, 33)
-> Request 5
906
(2, 3, 2)
3
(39, 75)
-> Request 6
1146
(4, 3, 1)
2
(43, 39)
--> Day : 1
-> Request 0
63
(3, 2, 2)
1
(56, 71)
-> Request 1
169
(2, 1, 1)
3
(65, 66)
-> Request 2
212
(4, 2, 2)
2
(76, 50)
-> Request 3
476
(1, 2, 2)
1
(14, 21)
-> Request 4
556
(1, 1, 2)
1
(49, 30)
-> Request 5
852
(1, 3, 1)
3
(52, 64)
-> Request 6
1274
(3, 1, 1)
1
(37, 9)
-> Request 7
1433
(1, 3, 1)
1
(39, 6)
--> Day : 2
-> Request 0
185
(1, 1, 2)
3
(43, 38)
-> Request 1
626
(3, 1, 1)
1
(6, 77)
-> Request 2
956
(4, 3, 1)
1
(45, 46)
-> Request 3
1141
(1, 2, 1)
3
(10, 24)
-> Request 4
1229
(4, 1, 2)
2
(58, 75)
-> Request 5
1334
(3, 1, 2)
2
(14, 22)
--> Day : 3
-> Request 0
1069
(1, 3, 2)
1
(3, 17)
--> Day : 4
-> Request 0
165
(4, 3, 1)
3
(56, 27)
-> Request 1
656
(2, 3, 1)
2
(62, 17)
-> Request 2
981
(2, 1, 1)
1
(36, 71)
-> Request 3
1142
(2, 2, 1)
2
(55, 38)
---> Week : 70
--> Day : 0
-> Request 0
143
(3, 2, 2)
1
(6, 34)
-> Request 1
243
(3, 2, 2)
3
(73, 55)
-> Request 2
567
(2, 3, 1)
2
(26, 33)
-> Request 3
621
(2, 3, 2)
1
(58, 34)
-> Request 4
756
(4, 1, 1)
2
(65, 66)
-> Request 5
1143
(3, 2, 2)
1
(64, 75)
-> Request 6
1160
(2, 1, 1)
2
(48, 46)
--> Day : 1
-> Request 0
588
(3, 1, 1)
1
(60, 6)
-> Request 1
701
(4, 3, 2)
2
(5, 79)
-> Request 2
782
(4, 1, 1)
1
(52, 45)
-> Request 3
1083
(3, 1, 2)
2
(37, 5)
-> Request 4
1092
(2, 1, 1)
1
(50, 44)
-> Request 5
1125
(1, 2, 1)
2
(32, 53)
-> Request 6
1308
(3, 1, 1)
2
(24, 64)
--> Day : 2
-> Request 0
95
(2, 2, 1)
1
(0, 17)
-> Request 1
596
(4, 1, 1)
2
(58, 34)
-> Request 2
613
(3, 2, 2)
1
(61, 74)
-> Request 3
767
(1, 1, 1)
2
(60, 75)
-> Request 4
777
(1, 3, 1)
3
(49, 36)
-> Request 5
1067
(4, 2, 2)
2
(71, 22)
-> Request 6
1116
(2, 2, 1)
3
(45, 44)
-> Request 7
1264
(4, 3, 2)
3
(13, 21)
--> Day : 3
-> Request 0
274
(3, 2, 1)
2
(62, 64)
-> Request 1
419
(3, 2, 1)
1
(55, 54)
-> Request 2
518
(1, 1, 2)
3
(53, 30)
-> Request 3
944
(4, 3, 1)
2
(12, 21)
-> Request 4
1088
(1, 1, 1)
2
(70, 52)
-> Request 5
1280
(3, 2, 1)
1
(24, 2)
--> Day : 4
-> Request 0
45
(1, 1, 1)
1
(54, 38)
-> Request 1
156
(3, 1, 1)
3
(49, 30)
-> Request 2
647
(2, 3, 1)
3
(53, 42)
-> Request 3
928
(4, 1, 1)
1
(59, 58)
-> Request 4
1055
(4, 2, 1)
1
(36, 20)
-> Request 5
1367
(3, 1, 2)
2
(54, 43)
---> Week : 71
--> Day : 0
-> Request 0
69
(2, 1, 1)
1
(13, 19)
-> Request 1
110
(2, 3, 1)
1
(62, 45)
-> Request 2
197
(3, 3, 2)
2
(46, 34)
-> Request 3
594
(1, 3, 1)
3
(71, 0)
--> Day : 1
-> Request 0
24
(4, 1, 2)
3
(58, 39)
-> Request 1
60
(3, 3, 2)
3
(55, 36)
-> Request 2
75
(1, 3, 2)
2
(14, 26)
-> Request 3
242
(3, 1, 2)
3
(50, 53)
-> Request 4
738
(3, 1, 2)
2
(63, 73)
--> Day : 2
-> Request 0
707
(1, 3, 2)
3
(37, 60)
-> Request 1
893
(3, 2, 1)
3
(78, 53)
-> Request 2
1045
(4, 3, 2)
3
(56, 66)
-> Request 3
1057
(4, 2, 1)
3
(33, 75)
-> Request 4
1144
(2, 3, 1)
2
(8, 24)
--> Day : 3
-> Request 0
124
(4, 3, 2)
3
(4, 32)
-> Request 1
204
(3, 1, 2)
1
(46, 43)
-> Request 2
485
(3, 3, 1)
3
(63, 65)
-> Request 3
633
(4, 2, 2)
2
(51, 36)
-> Request 4
645
(2, 3, 2)
3
(45, 38)
-> Request 5
768
(2, 1, 1)
1
(14, 24)
-> Request 6
1138
(4, 2, 1)
2
(47, 41)
--> Day : 4
-> Request 0
304
(1, 3, 1)
1
(48, 54)
-> Request 1
588
(1, 2, 2)
1
(50, 43)
-> Request 2
761
(2, 2, 1)
3
(63, 37)
-> Request 3
1412
(4, 3, 1)
3
(12, 76)
---> Week : 72
--> Day : 0
-> Request 0
235
(4, 2, 2)
1
(3, 58)
-> Request 1
239
(2, 2, 1)
2
(68, 1)
-> Request 2
246
(2, 3, 1)
3
(61, 45)
-> Request 3
610
(4, 3, 1)
2
(59, 38)
-> Request 4
612
(2, 1, 1)
3
(16, 21)
-> Request 5
983
(2, 1, 1)
3
(25, 17)
-> Request 6
1128
(4, 1, 2)
3
(32, 15)
-> Request 7
1404
(1, 3, 1)
2
(19, 35)
-> Request 8
1417
(1, 2, 2)
2
(19, 49)
--> Day : 1
-> Request 0
36
(4, 2, 2)
1
(51, 46)
-> Request 1
417
(2, 1, 1)
3
(78, 20)
-> Request 2
473
(2, 1, 2)
1
(62, 46)
-> Request 3
609
(1, 2, 2)
2
(49, 68)
-> Request 4
931
(3, 2, 2)
2
(60, 76)
-> Request 5
1000
(2, 3, 1)
1
(21, 28)
--> Day : 2
-> Request 0
363
(2, 2, 1)
2
(62, 30)
-> Request 1
924
(3, 3, 2)
2
(54, 74)
--> Day : 3
-> Request 0
290
(4, 1, 2)
3
(60, 45)
-> Request 1
316
(4, 3, 2)
3
(30, 45)
-> Request 2
687
(1, 1, 1)
3
(62, 42)
-> Request 3
1027
(1, 2, 1)
1
(56, 68)
-> Request 4
1205
(4, 1, 2)
1
(53, 68)
-> Request 5
1269
(1, 1, 2)
1
(70, 12)
--> Day : 4
-> Request 0
783
(1, 1, 1)
1
(68, 28)
-> Request 1
1338
(4, 2, 1)
2
(22, 53)
---> Week : 73
--> Day : 0
-> Request 0
11
(2, 1, 1)
3
(14, 23)
-> Request 1
12
(4, 1, 2)
1
(55, 29)
-> Request 2
175
(2, 2, 1)
2
(9, 30)
-> Request 3
589
(2, 2, 1)
3
(55, 39)
-> Request 4
674
(3, 1, 1)
3
(52, 67)
-> Request 5
700
(2, 1, 1)
3
(24, 2)
-> Request 6
936
(1, 2, 1)
1
(63, 70)
-> Request 7
1038
(1, 2, 2)
3
(48, 42)
-> Request 8
1155
(1, 3, 1)
3
(22, 40)
-> Request 9
1175
(4, 2, 1)
3
(51, 28)
-> Request 10
1255
(4, 2, 2)
1
(61, 65)
--> Day : 1
-> Request 0
196
(3, 1, 1)
2
(62, 27)
-> Request 1
276
(3, 1, 2)
2
(24, 5)
-> Request 2
519
(2, 1, 1)
1
(53, 46)
-> Request 3
592
(1, 3, 1)
1
(36, 41)
-> Request 4
999
(3, 1, 1)
2
(49, 36)
-> Request 5
1062
(2, 2, 2)
2
(54, 37)
--> Day : 2
-> Request 0
180
(1, 3, 1)
1
(47, 35)
-> Request 1
254
(4, 2, 1)
3
(60, 64)
-> Request 2
583
(3, 3, 2)
2
(55, 69)
-> Request 3
583
(3, 2, 1)
2
(61, 45)
-> Request 4
657
(2, 3, 2)
3
(62, 29)
-> Request 5
738
(4, 2, 2)
1
(68, 57)
-> Request 6
761
(1, 3, 1)
2
(58, 56)
-> Request 7
833
(1, 1, 1)
2
(58, 72)
-> Request 8
1328
(3, 1, 2)
2
(52, 46)
-> Request 9
1392
(4, 2, 1)
3
(49, 38)
--> Day : 3
-> Request 0
165
(2, 3, 2)
2
(62, 31)
-> Request 1
179
(1, 2, 2)
3
(14, 21)
-> Request 2
465
(1, 2, 2)
2
(53, 68)
-> Request 3
669
(1, 1, 2)
1
(3, 68)
-> Request 4
754
(2, 3, 1)
3
(49, 67)
-> Request 5
824
(1, 1, 2)
2
(74, 75)
-> Request 6
1252
(3, 3, 2)
3
(46, 36)
--> Day : 4
-> Request 0
447
(1, 2, 2)
1
(60, 77)
-> Request 1
892
(2, 3, 1)
1
(49, 31)
---> Week : 74
--> Day : 0
-> Request 0
31
(3, 2, 2)
1
(35, 18)
-> Request 1
763
(3, 1, 1)
1
(13, 65)
-> Request 2
912
(1, 2, 2)
3
(76, 39)
-> Request 3
1063
(4, 1, 1)
2
(47, 20)
-> Request 4
1196
(1, 1, 1)
1
(56, 29)
-> Request 5
1234
(1, 1, 2)
3
(58, 45)
-> Request 6
1243
(2, 3, 2)
3
(74, 77)
--> Day : 1
-> Request 0
3
(4, 2, 2)
1
(0, 12)
-> Request 1
51
(4, 3, 1)
3
(7, 4)
-> Request 2
368
(4, 2, 1)
2
(39, 66)
-> Request 3
464
(3, 2, 1)
1
(61, 73)
-> Request 4
725
(3, 3, 1)
2
(17, 29)
-> Request 5
976
(2, 3, 2)
1
(48, 41)
-> Request 6
1014
(3, 3, 1)
2
(1, 8)
--> Day : 2
-> Request 0
96
(1, 1, 1)
2
(58, 39)
-> Request 1
316
(2, 1, 2)
1
(61, 76)
-> Request 2
442
(4, 2, 1)
3
(49, 34)
-> Request 3
567
(2, 1, 2)
2
(55, 27)
-> Request 4
790
(2, 1, 2)
2
(59, 40)
-> Request 5
894
(4, 2, 2)
1
(41, 68)
-> Request 6
1115
(4, 1, 1)
3
(53, 60)
--> Day : 3
--> Day : 4
-> Request 0
32
(1, 1, 1)
3
(16, 18)
-> Request 1
368
(3, 3, 2)
1
(4, 24)
-> Request 2
448
(3, 2, 1)
3
(60, 73)
-> Request 3
706
(1, 3, 1)
3
(45, 27)
-> Request 4
924
(2, 1, 1)
2
(61, 27)
-> Request 5
1079
(4, 3, 1)
2
(56, 46)
-> Request 6
1196
(2, 3, 1)
2
(42, 12)
---> Week : 75
--> Day : 0
-> Request 0
91
(1, 2, 2)
1
(17, 42)
-> Request 1
494
(1, 1, 2)
2
(55, 41)
-> Request 2
618
(2, 2, 1)
1
(76, 62)
-> Request 3
651
(2, 2, 2)
1
(62, 44)
-> Request 4
849
(1, 2, 1)
3
(48, 63)
-> Request 5
1121
(3, 2, 2)
3
(77, 36)
-> Request 6
1368
(1, 3, 2)
2
(54, 29)
--> Day : 1
-> Request 0
199
(4, 2, 1)
1
(59, 38)
-> Request 1
201
(2, 3, 1)
2
(55, 75)
-> Request 2
623
(1, 1, 2)
3
(0, 33)
-> Request 3
827
(4, 3, 1)
2
(22, 3)
-> Request 4
897
(2, 3, 2)
1
(3, 70)
-> Request 5
944
(4, 3, 2)
2
(57, 29)
-> Request 6
1110
(3, 1, 1)
2
(28, 76)
-> Request 7
1209
(4, 3, 1)
3
(65, 78)
--> Day : 2
-> Request 0
161
(3, 3, 2)
2
(4, 18)
-> Request 1
445
(3, 2, 2)
2
(34, 38)
-> Request 2
509
(1, 1, 1)
2
(50, 31)
-> Request 3
561
(3, 3, 1)
2
(63, 32)
-> Request 4
663
(1, 1, 2)
1
(49, 38)
-> Request 5
833
(1, 1, 1)
2
(16, 19)
-> Request 6
999
(3, 3, 2)
2
(36, 66)
-> Request 7
1137
(3, 1, 1)
2
(63, 75)
-> Request 8
1163
(4, 2, 1)
2
(36, 39)
--> Day : 3
-> Request 0
97
(3, 2, 1)
1
(60, 35)
-> Request 1
188
(3, 2, 2)
2
(52, 27)
-> Request 2
293
(1, 2, 1)
1
(54, 77)
-> Request 3
413
(3, 1, 2)
2
(59, 65)
-> Request 4
521
(4, 1, 2)
2
(45, 41)
-> Request 5
561
(2, 2, 2)
3
(20, 77)
-> Request 6
883
(2, 3, 1)
1
(7, 4)
-> Request 7
954
(4, 3, 2)
2
(59, 67)
-> Request 8
1325
(3, 1, 1)
2
(49, 39)
-> Request 9
1397
(2, 3, 1)
3
(49, 66)
--> Day : 4
-> Request 0
341
(4, 1, 2)
2
(57, 42)
-> Request 1
848
(3, 1, 1)
1
(55, 63)
-> Request 2
887
(1, 2, 1)
1
(63, 0)
---> Week : 76
--> Day : 0
-> Request 0
562
(3, 2, 2)
3
(33, 76)
-> Request 1
682
(4, 1, 1)
2
(59, 41)
-> Request 2
1211
(3, 2, 1)
2
(49, 45)
--> Day : 1
-> Request 0
757
(4, 1, 1)
3
(43, 44)
-> Request 1
867
(2, 3, 2)
1
(58, 42)
-> Request 2
1027
(1, 1, 2)
1
(49, 34)
-> Request 3
1087
(3, 3, 2)
3
(43, 45)
--> Day : 2
-> Request 0
174
(2, 1, 2)
3
(66, 70)
-> Request 1
233
(2, 1, 2)
1
(60, 33)
-> Request 2
284
(1, 1, 1)
1
(62, 27)
-> Request 3
1243
(4, 2, 1)
1
(65, 25)
-> Request 4
1281
(3, 2, 1)
1
(51, 32)
--> Day : 3
-> Request 0
32
(3, 3, 2)
1
(72, 60)
-> Request 1
476
(1, 3, 1)
2
(2, 27)
-> Request 2
798
(1, 3, 1)
3
(47, 65)
-> Request 3
890
(2, 3, 2)
2
(47, 34)
-> Request 4
1420
(3, 3, 2)
3
(47, 36)
--> Day : 4
-> Request 0
764
(2, 1, 2)
2
(58, 27)
-> Request 1
934
(3, 1, 1)
1
(79, 37)
-> Request 2
1248
(1, 2, 1)
2
(61, 76)
---> Week : 77
--> Day : 0
-> Request 0
437
(4, 3, 1)
1
(71, 41)
-> Request 1
818
(4, 2, 1)
2
(69, 43)
-> Request 2
1030
(1, 3, 2)
2
(58, 72)
-> Request 3
1191
(2, 3, 2)
2
(52, 33)
-> Request 4
1349
(4, 2, 2)
2
(46, 36)
--> Day : 1
-> Request 0
151
(3, 1, 2)
3
(46, 6)
-> Request 1
265
(1, 1, 2)
2
(53, 23)
-> Request 2
416
(3, 2, 1)
2
(52, 33)
-> Request 3
707
(4, 1, 1)
2
(11, 1)
-> Request 4
932
(3, 2, 1)
1
(52, 39)
-> Request 5
980
(1, 1, 1)
2
(65, 66)
--> Day : 2
-> Request 0
150
(2, 1, 2)
3
(53, 34)
-> Request 1
168
(3, 3, 1)
1
(64, 64)
-> Request 2
200
(1, 3, 2)
2
(2, 37)
-> Request 3
284
(3, 1, 2)
3
(54, 78)
-> Request 4
324
(2, 2, 1)
3
(30, 35)
-> Request 5
455
(3, 1, 1)
3
(53, 35)
-> Request 6
530
(1, 3, 2)
1
(59, 49)
-> Request 7
663
(1, 2, 2)
3
(2, 30)
-> Request 8
765
(2, 2, 1)
2
(67, 40)
-> Request 9
845
(4, 3, 1)
3
(58, 36)
-> Request 10
950
(1, 2, 2)
2
(55, 28)
-> Request 11
990
(3, 3, 1)
1
(21, 70)
-> Request 12
1319
(4, 1, 1)
3
(65, 74)
--> Day : 3
-> Request 0
317
(1, 3, 2)
3
(33, 38)
-> Request 1
428
(2, 3, 2)
2
(60, 27)
-> Request 2
583
(3, 1, 1)
1
(63, 73)
-> Request 3
854
(4, 3, 1)
2
(63, 70)
-> Request 4
1171
(3, 2, 2)
3
(48, 42)
-> Request 5
1245
(4, 3, 2)
2
(55, 27)
-> Request 6
1275
(3, 3, 1)
3
(53, 40)
-> Request 7
1277
(3, 2, 1)
2
(57, 70)
--> Day : 4
-> Request 0
121
(1, 1, 1)
3
(25, 15)
-> Request 1
523
(3, 2, 1)
2
(33, 55)
-> Request 2
528
(3, 3, 1)
2
(22, 26)
-> Request 3
588
(2, 2, 1)
2
(58, 65)
-> Request 4
665
(1, 2, 1)
1
(54, 76)
-> Request 5
869
(1, 2, 2)
3
(51, 29)
---> Week : 78
--> Day : 0
-> Request 0
276
(4, 3, 1)
1
(11, 39)
-> Request 1
316
(1, 3, 2)
3
(78, 0)
-> Request 2
418
(3, 2, 1)
2
(52, 41)
-> Request 3
710
(3, 2, 2)
2
(57, 4)
-> Request 4
799
(2, 1, 1)
1
(37, 36)
-> Request 5
892
(3, 2, 1)
3
(59, 24)
-> Request 6
1026
(4, 1, 2)
2
(25, 39)
-> Request 7
1038
(3, 3, 2)
1
(53, 64)
--> Day : 1
-> Request 0
38
(1, 2, 1)
2
(22, 22)
-> Request 1
273
(1, 3, 1)
1
(49, 29)
-> Request 2
334
(2, 3, 1)
2
(54, 35)
-> Request 3
441
(2, 3, 1)
3
(60, 27)
-> Request 4
1066
(1, 1, 2)
1
(36, 67)
-> Request 5
1106
(2, 1, 1)
3
(61, 34)
-> Request 6
1275
(1, 3, 2)
3
(24, 15)
--> Day : 2
-> Request 0
412
(2, 3, 1)
3
(79, 54)
-> Request 1
543
(2, 1, 2)
1
(72, 68)
-> Request 2
735
(4, 1, 1)
2
(27, 12)
--> Day : 3
-> Request 0
29
(1, 1, 2)
2
(42, 29)
-> Request 1
503
(2, 3, 2)
2
(7, 52)
-> Request 2
832
(3, 2, 1)
2
(14, 37)
-> Request 3
1187
(2, 2, 2)
2
(18, 75)
-> Request 4
1333
(2, 3, 1)
3
(78, 67)
--> Day : 4
-> Request 0
30
(3, 1, 1)
3
(43, 34)
-> Request 1
274
(2, 3, 1)
2
(66, 69)
-> Request 2
276
(1, 1, 2)
2
(53, 15)
-> Request 3
418
(2, 3, 2)
1
(33, 10)
-> Request 4
523
(1, 1, 1)
2
(54, 48)
-> Request 5
1270
(3, 3, 2)
1
(54, 29)
-> Request 6
1272
(3, 3, 1)
1
(3, 1)
---> Week : 79
--> Day : 0
-> Request 0
95
(1, 1, 2)
2
(46, 46)
-> Request 1
597
(3, 3, 1)
1
(43, 27)
-> Request 2
1071
(2, 1, 1)
1
(46, 32)
-> Request 3
1186
(4, 2, 2)
2
(47, 5)
-> Request 4
1221
(3, 1, 1)
1
(59, 30)
-> Request 5
1314
(1, 3, 1)
1
(64, 79)
-> Request 6
1387
(4, 1, 2)
3
(62, 66)
--> Day : 1
-> Request 0
149
(4, 2, 1)
3
(11, 25)
-> Request 1
186
(2, 1, 1)
2
(12, 26)
-> Request 2
362
(1, 1, 2)
3
(55, 41)
-> Request 3
522
(4, 2, 2)
3
(30, 18)
-> Request 4
645
(4, 3, 2)
1
(56, 66)
-> Request 5
1071
(3, 2, 1)
3
(74, 76)
-> Request 6
1113
(2, 3, 1)
1
(75, 24)
-> Request 7
1120
(2, 2, 1)
3
(52, 78)
--> Day : 2
-> Request 0
127
(3, 1, 2)
3
(40, 50)
-> Request 1
216
(1, 3, 2)
2
(60, 11)
-> Request 2
324
(1, 3, 1)
2
(42, 18)
-> Request 3
404
(1, 1, 1)
2
(53, 25)
-> Request 4
608
(3, 1, 1)
3
(55, 74)
-> Request 5
653
(2, 2, 1)
3
(53, 34)
-> Request 6
702
(4, 3, 2)
3
(58, 71)
-> Request 7
1193
(4, 1, 2)
1
(42, 75)
-> Request 8
1328
(4, 1, 2)
1
(26, 63)
-> Request 9
1400
(2, 1, 1)
1
(62, 67)
--> Day : 3
-> Request 0
18
(1, 3, 2)
3
(9, 21)
-> Request 1
275
(4, 1, 1)
3
(61, 24)
-> Request 2
950
(4, 1, 2)
2
(47, 38)
--> Day : 4
-> Request 0
67
(4, 3, 2)
1
(60, 40)
-> Request 1
242
(4, 2, 1)
1
(72, 71)
-> Request 2
424
(3, 2, 1)
2
(43, 33)
-> Request 3
515
(1, 1, 1)
3
(56, 65)
-> Request 4
720
(2, 3, 2)
2
(10, 20)
-> Request 5
744
(1, 1, 1)
2
(62, 71)
-> Request 6
944
(4, 1, 1)
3
(56, 37)
-> Request 7
1120
(2, 2, 1)
3
(20, 40)
-> Request 8
1264
(2, 1, 1)
3
(47, 42)
---> Week : 80
--> Day : 0
-> Request 0
342
(2, 1, 1)
3
(53, 1)
-> Request 1
448
(4, 3, 2)
1
(57, 70)
-> Request 2
495
(1, 3, 2)
3
(56, 30)
-> Request 3
863
(3, 3, 1)
2
(59, 70)
-> Request 4
867
(1, 2, 1)
2
(52, 44)
-> Request 5
958
(1, 3, 1)
3
(22, 74)
--> Day : 1
-> Request 0
520
(2, 1, 2)
3
(25, 77)
-> Request 1
551
(1, 3, 2)
2
(57, 39)
-> Request 2
609
(1, 1, 1)
2
(10, 27)
-> Request 3
758
(2, 3, 1)
2
(44, 58)
-> Request 4
1062
(3, 2, 1)
2
(6, 5)
-> Request 5
1109
(3, 3, 1)
3
(54, 43)
-> Request 6
1170
(1, 3, 2)
3
(11, 27)
-> Request 7
1238
(2, 1, 1)
3
(11, 22)
--> Day : 2
-> Request 0
76
(3, 3, 2)
1
(58, 67)
-> Request 1
677
(3, 1, 1)
2
(25, 44)
-> Request 2
863
(4, 2, 1)
3
(15, 27)
-> Request 3
981
(3, 1, 1)
2
(62, 72)
--> Day : 3
-> Request 0
442
(2, 3, 2)
2
(55, 46)
-> Request 1
779
(2, 1, 2)
2
(74, 0)
-> Request 2
808
(3, 3, 2)
1
(60, 33)
-> Request 3
1085
(3, 1, 1)
1
(56, 78)
--> Day : 4
-> Request 0
474
(2, 3, 1)
1
(46, 41)
-> Request 1
698
(1, 3, 1)
3
(65, 78)
-> Request 2
710
(2, 2, 2)
3
(62, 28)
---> Week : 81
--> Day : 0
-> Request 0
524
(3, 1, 1)
3
(31, 26)
-> Request 1
903
(4, 2, 1)
2
(52, 29)
-> Request 2
1011
(3, 3, 2)
1
(49, 32)
-> Request 3
1028
(4, 2, 1)
3
(57, 69)
-> Request 4
1061
(2, 3, 2)
3
(53, 43)
-> Request 5
1219
(3, 2, 2)
3
(28, 21)
-> Request 6
1289
(1, 3, 2)
1
(57, 73)
--> Day : 1
-> Request 0
121
(4, 2, 1)
3
(35, 28)
-> Request 1
705
(4, 3, 2)
1
(56, 35)
-> Request 2
902
(1, 1, 2)
1
(55, 41)
-> Request 3
1341
(4, 2, 2)
3
(59, 28)
--> Day : 2
-> Request 0
105
(4, 2, 2)
2
(24, 32)
-> Request 1
593
(2, 2, 2)
1
(60, 30)
-> Request 2
1166
(3, 2, 1)
1
(65, 25)
-> Request 3
1182
(1, 2, 2)
2
(54, 37)
--> Day : 3
-> Request 0
130
(4, 3, 2)
2
(39, 27)
-> Request 1
390
(2, 3, 1)
3
(64, 6)
-> Request 2
782
(2, 1, 1)
2
(11, 65)
-> Request 3
796
(1, 1, 2)
3
(25, 69)
--> Day : 4
-> Request 0
58
(3, 3, 1)
2
(60, 69)
-> Request 1
1001
(2, 2, 2)
3
(70, 64)
-> Request 2
1197
(3, 2, 1)
1
(71, 73)
-> Request 3
1236
(2, 1, 1)
3
(19, 57)
---> Week : 82
--> Day : 0
-> Request 0
211
(2, 2, 1)
1
(50, 27)
-> Request 1
218
(4, 1, 1)
3
(68, 33)
-> Request 2
243
(4, 3, 2)
1
(62, 78)
-> Request 3
398
(4, 3, 2)
3
(61, 69)
-> Request 4
424
(4, 3, 2)
2
(66, 1)
-> Request 5
447
(3, 3, 2)
1
(16, 19)
-> Request 6
528
(2, 2, 1)
2
(79, 20)
-> Request 7
792
(4, 1, 2)
3
(65, 64)
-> Request 8
948
(1, 3, 2)
1
(69, 62)
-> Request 9
1212
(2, 2, 2)
2
(56, 55)
-> Request 10
1366
(3, 3, 1)
2
(65, 78)
--> Day : 1
-> Request 0
541
(2, 3, 1)
2
(61, 34)
-> Request 1
587
(4, 2, 1)
2
(59, 41)
-> Request 2
979
(3, 1, 2)
3
(10, 0)
-> Request 3
1002
(1, 3, 1)
2
(51, 3)
-> Request 4
1018
(4, 1, 2)
3
(53, 31)
-> Request 5
1287
(4, 3, 1)
1
(55, 36)
-> Request 6
1339
(2, 2, 2)
2
(42, 28)
-> Request 7
1389
(3, 1, 2)
2
(12, 23)
--> Day : 2
-> Request 0
291
(2, 2, 1)
3
(1, 1)
-> Request 1
717
(1, 3, 2)
2
(52, 68)
-> Request 2
721
(2, 1, 2)
2
(66, 67)
-> Request 3
1333
(2, 3, 1)
1
(10, 29)
--> Day : 3
-> Request 0
6
(3, 3, 1)
1
(53, 40)
-> Request 1
269
(2, 3, 1)
2
(11, 24)
-> Request 2
355
(1, 3, 1)
1
(56, 67)
-> Request 3
1157
(2, 3, 2)
2
(76, 3)
--> Day : 4
-> Request 0
51
(3, 2, 1)
1
(25, 22)
-> Request 1
287
(2, 3, 1)
3
(40, 3)
-> Request 2
293
(2, 1, 2)
1
(54, 68)
-> Request 3
427
(4, 1, 2)
3
(13, 26)
-> Request 4
473
(3, 3, 1)
3
(61, 72)
-> Request 5
915
(4, 1, 1)
2
(61, 40)
-> Request 6
965
(1, 1, 2)
2
(12, 4)
---> Week : 83
--> Day : 0
-> Request 0
174
(4, 3, 1)
1
(44, 0)
-> Request 1
532
(3, 2, 2)
1
(15, 24)
-> Request 2
1006
(2, 3, 2)
3
(53, 38)
--> Day : 1
-> Request 0
45
(1, 3, 2)
3
(34, 78)
-> Request 1
756
(2, 3, 1)
1
(74, 48)
-> Request 2
890
(3, 2, 1)
2
(64, 73)
-> Request 3
1092
(3, 3, 1)
2
(11, 27)
-> Request 4
1140
(1, 1, 1)
2
(28, 25)
-> Request 5
1165
(1, 2, 1)
2
(61, 41)
--> Day : 2
-> Request 0
20
(3, 3, 1)
1
(61, 37)
-> Request 1
155
(3, 3, 2)
1
(75, 65)
-> Request 2
399
(2, 2, 1)
2
(68, 53)
-> Request 3
1021
(2, 3, 2)
2
(30, 5)
--> Day : 3
-> Request 0
351
(1, 1, 2)
1
(3, 18)
-> Request 1
486
(1, 1, 1)
1
(14, 0)
-> Request 2
585
(4, 2, 2)
3
(28, 9)
-> Request 3
791
(2, 1, 1)
1
(49, 40)
-> Request 4
1067
(4, 2, 2)
3
(58, 73)
-> Request 5
1141
(2, 3, 1)
3
(52, 33)
-> Request 6
1293
(3, 3, 2)
3
(17, 39)
-> Request 7
1393
(1, 3, 1)
3
(55, 73)
--> Day : 4
-> Request 0
11
(3, 2, 2)
3
(45, 31)
-> Request 1
598
(4, 3, 1)
3
(52, 31)
-> Request 2
687
(3, 1, 1)
1
(49, 28)
-> Request 3
843
(2, 1, 2)
2
(32, 55)
-> Request 4
1131
(3, 2, 1)
2
(52, 36)
-> Request 5
1357
(1, 3, 1)
3
(3, 18)
---> Week : 84
--> Day : 0
-> Request 0
12
(4, 3, 2)
2
(14, 21)
-> Request 1
267
(4, 3, 1)
1
(67, 65)
-> Request 2
305
(2, 3, 2)
3
(45, 17)
-> Request 3
1100
(4, 2, 1)
1
(18, 2)
-> Request 4
1242
(4, 2, 2)
3
(61, 42)
--> Day : 1
-> Request 0
37
(1, 2, 1)
2
(56, 46)
-> Request 1
195
(4, 1, 2)
2
(12, 23)
-> Request 2
377
(3, 1, 1)
3
(19, 23)
-> Request 3
965
(3, 2, 2)
3
(58, 75)
--> Day : 2
-> Request 0
708
(4, 2, 2)
1
(10, 31)
-> Request 1
1135
(1, 1, 1)
2
(11, 25)
--> Day : 3
-> Request 0
186
(4, 3, 2)
2
(43, 38)
-> Request 1
307
(1, 3, 2)
2
(51, 30)
-> Request 2
1049
(2, 2, 1)
2
(46, 35)
-> Request 3
1300
(2, 1, 2)
2
(75, 20)
-> Request 4
1395
(2, 2, 1)
2
(1, 28)
--> Day : 4
-> Request 0
31
(1, 3, 2)
3
(1, 45)
-> Request 1
66
(1, 2, 2)
3
(55, 45)
-> Request 2
292
(4, 2, 1)
2
(75, 30)
-> Request 3
549
(4, 1, 2)
1
(9, 29)
-> Request 4
648
(4, 1, 2)
3
(11, 23)
-> Request 5
918
(1, 2, 2)
3
(59, 64)
---> Week : 85
--> Day : 0
-> Request 0
214
(2, 2, 2)
1
(56, 36)
-> Request 1
615
(1, 1, 2)
1
(29, 63)
-> Request 2
616
(2, 1, 1)
1
(50, 30)
-> Request 3
686
(4, 3, 2)
1
(4, 42)
-> Request 4
729
(1, 1, 1)
1
(0, 0)
-> Request 5
1359
(3, 1, 2)
2
(76, 7)
--> Day : 1
-> Request 0
356
(2, 2, 1)
1
(49, 77)
-> Request 1
601
(3, 1, 2)
3
(11, 68)
-> Request 2
737
(2, 3, 2)
3
(54, 41)
-> Request 3
867
(4, 1, 1)
3
(51, 33)
-> Request 4
1005
(2, 1, 1)
3
(49, 44)
-> Request 5
1208
(1, 1, 2)
1
(49, 18)
--> Day : 2
-> Request 0
174
(2, 3, 1)
1
(54, 73)
-> Request 1
807
(4, 2, 1)
3
(11, 25)
-> Request 2
954
(4, 2, 1)
3
(34, 65)
-> Request 3
1158
(4, 3, 1)
1
(57, 72)
-> Request 4
1174
(2, 3, 1)
2
(45, 43)
--> Day : 3
-> Request 0
133
(4, 1, 2)
2
(64, 64)
-> Request 1
140
(3, 1, 2)
3
(62, 77)
-> Request 2
173
(2, 3, 1)
2
(38, 38)
-> Request 3
586
(3, 3, 2)
1
(62, 45)
-> Request 4
597
(3, 2, 1)
1
(59, 46)
-> Request 5
816
(3, 2, 1)
2
(25, 65)
-> Request 6
1132
(2, 1, 2)
3
(49, 28)
-> Request 7
1137
(1, 2, 2)
2
(63, 36)
-> Request 8
1421
(3, 3, 2)
1
(76, 25)
--> Day : 4
-> Request 0
164
(4, 2, 2)
2
(45, 37)
-> Request 1
236
(2, 3, 2)
2
(56, 74)
-> Request 2
357
(4, 1, 2)
1
(72, 21)
-> Request 3
460
(1, 2, 1)
3
(9, 55)
-> Request 4
822
(4, 2, 1)
3
(68, 46)
-> Request 5
841
(3, 1, 2)
2
(35, 22)
---> Week : 86
--> Day : 0
-> Request 0
122
(2, 1, 1)
2
(13, 70)
-> Request 1
288
(4, 2, 2)
2
(19, 5)
-> Request 2
794
(4, 2, 1)
1
(6, 79)
-> Request 3
867
(3, 3, 2)
2
(51, 18)
--> Day : 1
-> Request 0
218
(3, 1, 1)
3
(55, 65)
-> Request 1
250
(1, 2, 2)
3
(48, 34)
-> Request 2
580
(4, 3, 2)
1
(56, 47)
-> Request 3
639
(3, 2, 2)
2
(21, 29)
-> Request 4
702
(3, 3, 2)
3
(21, 32)
-> Request 5
854
(4, 1, 2)
3
(60, 69)
-> Request 6
1078
(1, 3, 1)
2
(62, 31)
-> Request 7
1121
(4, 2, 1)
3
(67, 64)
-> Request 8
1136
(3, 1, 1)
1
(73, 62)
-> Request 9
1258
(4, 1, 1)
3
(49, 33)
-> Request 10
1333
(3, 1, 1)
2
(59, 36)
--> Day : 2
-> Request 0
14
(2, 3, 1)
3
(61, 42)
-> Request 1
334
(4, 3, 2)
3
(49, 32)
-> Request 2
954
(1, 3, 2)
3
(2, 43)
-> Request 3
967
(4, 3, 2)
2
(62, 70)
-> Request 4
1033
(4, 2, 1)
3
(57, 42)
-> Request 5
1179
(1, 2, 2)
3
(49, 41)
--> Day : 3
-> Request 0
115
(2, 3, 2)
3
(15, 36)
-> Request 1
757
(3, 2, 1)
3
(17, 27)
-> Request 2
1103
(4, 1, 1)
2
(55, 71)
--> Day : 4
-> Request 0
8
(4, 2, 2)
2
(22, 40)
-> Request 1
177
(2, 1, 1)
1
(8, 20)
-> Request 2
542
(1, 2, 2)
2
(59, 19)
-> Request 3
603
(3, 1, 1)
2
(39, 30)
-> Request 4
810
(2, 2, 2)
3
(66, 77)
-> Request 5
1068
(1, 3, 2)
2
(36, 34)
-> Request 6
1248
(2, 1, 1)
3
(37, 62)
-> Request 7
1303
(1, 1, 1)
2
(17, 21)
---> Week : 87
--> Day : 0
-> Request 0
219
(3, 2, 2)
2
(66, 76)
-> Request 1
434
(4, 1, 2)
1
(63, 15)
-> Request 2
1143
(3, 2, 1)
1
(16, 57)
--> Day : 1
-> Request 0
169
(2, 3, 1)
3
(66, 30)
-> Request 1
842
(1, 3, 1)
1
(44, 6)
-> Request 2
1126
(1, 3, 2)
3
(8, 20)
-> Request 3
1279
(1, 2, 1)
2
(11, 30)
--> Day : 2
-> Request 0
315
(2, 3, 1)
3
(58, 18)
-> Request 1
337
(2, 3, 2)
1
(46, 32)
-> Request 2
1008
(1, 1, 1)
3
(60, 36)
-> Request 3
1182
(2, 1, 1)
1
(63, 74)
--> Day : 3
-> Request 0
174
(3, 2, 1)
3
(57, 41)
-> Request 1
199
(3, 2, 1)
1
(14, 76)
-> Request 2
570
(3, 2, 2)
1
(77, 15)
-> Request 3
1028
(1, 2, 1)
1
(53, 78)
--> Day : 4
-> Request 0
66
(3, 1, 2)
2
(53, 42)
-> Request 1
81
(3, 3, 1)
2
(60, 57)
-> Request 2
208
(3, 2, 1)
1
(25, 71)
-> Request 3
233
(4, 2, 2)
1
(64, 73)
-> Request 4
351
(3, 2, 1)
2
(49, 12)
-> Request 5
512
(2, 2, 1)
3
(42, 30)
-> Request 6
915
(2, 3, 1)
3
(66, 73)
-> Request 7
930
(4, 2, 2)
2
(54, 71)
-> Request 8
1176
(2, 2, 1)
3
(14, 26)
-> Request 9
1212
(4, 3, 1)
2
(61, 38)
---> Week : 88
--> Day : 0
-> Request 0
162
(1, 2, 2)
1
(29, 21)
-> Request 1
202
(2, 3, 2)
3
(64, 17)
-> Request 2
401
(1, 3, 1)
3
(11, 5)
-> Request 3
801
(1, 2, 1)
1
(46, 62)
-> Request 4
813
(4, 1, 2)
2
(74, 29)
-> Request 5
1038
(2, 1, 2)
3
(18, 17)
-> Request 6
1173
(2, 3, 2)
2
(64, 9)
-> Request 7
1325
(2, 1, 1)
2
(18, 6)
--> Day : 1
-> Request 0
201
(4, 1, 2)
1
(51, 30)
-> Request 1
429
(4, 3, 1)
3
(45, 43)
-> Request 2
431
(1, 3, 2)
2
(6, 53)
-> Request 3
443
(2, 1, 1)
3
(56, 77)
-> Request 4
467
(3, 2, 2)
3
(47, 27)
-> Request 5
1242
(4, 1, 2)
1
(54, 27)
-> Request 6
1255
(2, 1, 1)
1
(45, 19)
--> Day : 2
-> Request 0
55
(4, 1, 2)
1
(69, 67)
-> Request 1
397
(4, 3, 2)
3
(46, 28)
-> Request 2
690
(4, 3, 2)
2
(55, 33)
-> Request 3
773
(4, 2, 2)
2
(77, 22)
-> Request 4
1256
(4, 1, 2)
1
(71, 42)
--> Day : 3
-> Request 0
529
(2, 2, 1)
3
(44, 9)
-> Request 1
719
(3, 3, 1)
3
(63, 53)
--> Day : 4
-> Request 0
385
(1, 1, 1)
2
(65, 66)
-> Request 1
470
(2, 3, 1)
3
(27, 17)
-> Request 2
747
(1, 3, 2)
1
(17, 38)
-> Request 3
763
(2, 3, 2)
1
(48, 31)
-> Request 4
1172
(1, 1, 2)
2
(12, 22)
-> Request 5
1222
(1, 3, 1)
2
(54, 32)
---> Week : 89
--> Day : 0
-> Request 0
35
(1, 2, 2)
1
(11, 59)
-> Request 1
190
(3, 3, 2)
2
(19, 31)
-> Request 2
448
(4, 1, 1)
2
(52, 6)
-> Request 3
680
(1, 2, 2)
2
(60, 42)
-> Request 4
1138
(4, 3, 1)
2
(21, 72)
-> Request 5
1294
(2, 2, 2)
3
(11, 27)
-> Request 6
1317
(3, 1, 2)
1
(43, 29)
--> Day : 1
-> Request 0
37
(4, 3, 2)
2
(51, 21)
-> Request 1
39
(4, 1, 2)
2
(67, 36)
-> Request 2
898
(1, 3, 1)
2
(13, 1)
-> Request 3
1264
(2, 2, 1)
3
(5, 55)
-> Request 4
1282
(1, 1, 1)
1
(58, 32)
--> Day : 2
-> Request 0
311
(3, 1, 1)
3
(55, 65)
-> Request 1
642
(4, 1, 2)
2
(62, 77)
-> Request 2
1290
(1, 1, 2)
2
(48, 46)
-> Request 3
1304
(2, 2, 2)
1
(58, 7)
--> Day : 3
-> Request 0
525
(3, 1, 2)
2
(52, 22)
-> Request 1
616
(2, 2, 1)
3
(46, 44)
-> Request 2
863
(1, 2, 1)
2
(54, 37)
-> Request 3
1345
(1, 3, 2)
2
(8, 24)
-> Request 4
1375
(3, 2, 1)
1
(43, 74)
--> Day : 4
-> Request 0
657
(1, 3, 2)
2
(56, 78)
-> Request 1
666
(4, 2, 2)
3
(43, 48)
-> Request 2
1106
(4, 1, 1)
3
(18, 65)
-> Request 3
1336
(2, 1, 1)
3
(56, 30)
---> Week : 90
--> Day : 0
-> Request 0
249
(2, 3, 1)
1
(12, 21)
--> Day : 1
-> Request 0
129
(3, 2, 2)
3
(57, 38)
-> Request 1
591
(1, 2, 2)
3
(47, 44)
-> Request 2
871
(2, 2, 2)
2
(61, 38)
-> Request 3
1030
(2, 2, 2)
1
(48, 40)
-> Request 4
1334
(3, 1, 1)
2
(30, 22)
-> Request 5
1398
(3, 3, 2)
3
(29, 3)
--> Day : 2
-> Request 0
200
(3, 3, 2)
1
(58, 72)
-> Request 1
380
(4, 2, 2)
1
(52, 31)
-> Request 2
477
(1, 3, 1)
3
(57, 64)
-> Request 3
826
(3, 3, 1)
3
(25, 42)
-> Request 4
957
(4, 2, 2)
1
(22, 43)
-> Request 5
1110
(2, 3, 2)
1
(53, 75)
-> Request 6
1131
(3, 2, 1)
1
(21, 44)
-> Request 7
1367
(4, 1, 2)
2
(55, 31)
--> Day : 3
-> Request 0
2
(3, 2, 2)
1
(5, 79)
-> Request 1
148
(3, 2, 1)
2
(46, 27)
-> Request 2
288
(4, 1, 1)
2
(67, 56)
-> Request 3
411
(3, 1, 1)
1
(62, 40)
-> Request 4
1027
(1, 1, 1)
2
(17, 12)
-> Request 5
1125
(1, 2, 2)
2
(7, 59)
--> Day : 4
-> Request 0
7
(3, 1, 2)
3
(60, 25)
-> Request 1
118
(4, 3, 1)
1
(41, 13)
-> Request 2
244
(2, 1, 1)
3
(14, 45)
---> Week : 91
--> Day : 0
-> Request 0
345
(2, 3, 2)
3
(52, 36)
-> Request 1
444
(1, 1, 2)
1
(44, 28)
--> Day : 1
-> Request 0
545
(4, 3, 1)
1
(62, 32)
-> Request 1
585
(3, 3, 2)
3
(76, 17)
-> Request 2
869
(2, 1, 2)
2
(51, 52)
-> Request 3
936
(4, 3, 2)
1
(62, 33)
-> Request 4
1052
(4, 1, 2)
1
(54, 72)
-> Request 5
1137
(1, 1, 1)
1
(25, 14)
-> Request 6
1301
(4, 3, 2)
1
(9, 40)
-> Request 7
1380
(4, 1, 1)
3
(73, 71)
-> Request 8
1419
(2, 1, 2)
1
(29, 24)
--> Day : 2
-> Request 0
134
(3, 3, 2)
2
(62, 40)
-> Request 1
409
(3, 2, 1)
1
(36, 52)
-> Request 2
922
(3, 1, 2)
3
(53, 73)
-> Request 3
1239
(3, 2, 1)
2
(52, 29)
-> Request 4
1270
(2, 3, 2)
1
(46, 42)
--> Day : 3
-> Request 0
22
(2, 3, 1)
2
(48, 8)
-> Request 1
474
(4, 2, 1)
3
(53, 32)
-> Request 2
600
(2, 1, 1)
2
(45, 36)
-> Request 3
655
(4, 1, 1)
3
(47, 36)
-> Request 4
965
(3, 2, 2)
3
(13, 33)
-> Request 5
1264
(3, 3, 1)
3
(79, 42)
--> Day : 4
-> Request 0
261
(4, 2, 1)
1
(62, 32)
-> Request 1
395
(4, 2, 1)
1
(62, 10)
-> Request 2
504
(1, 3, 2)
1
(53, 75)
-> Request 3
539
(1, 2, 2)
2
(57, 6)
-> Request 4
788
(1, 1, 2)
1
(13, 36)
-> Request 5
1067
(2, 1, 2)
1
(75, 74)
-> Request 6
1203
(1, 1, 1)
3
(23, 46)
---> Week : 92
--> Day : 0
-> Request 0
55
(1, 1, 2)
3
(62, 73)
-> Request 1
126
(4, 3, 1)
1
(36, 3)
-> Request 2
269
(2, 3, 2)
3
(65, 64)
-> Request 3
382
(1, 3, 2)
1
(14, 61)
-> Request 4
496
(3, 2, 2)
1
(48, 38)
-> Request 5
621
(3, 1, 1)
3
(61, 42)
-> Request 6
741
(1, 2, 2)
2
(2, 68)
-> Request 7
773
(1, 2, 1)
2
(59, 70)
-> Request 8
1262
(1, 1, 1)
1
(18, 38)
--> Day : 1
-> Request 0
188
(3, 2, 1)
1
(54, 74)
-> Request 1
213
(4, 1, 2)
1
(72, 79)
-> Request 2
446
(2, 2, 2)
3
(50, 65)
-> Request 3
532
(4, 1, 2)
2
(53, 27)
-> Request 4
1195
(1, 1, 2)
2
(54, 69)
--> Day : 2
-> Request 0
3
(3, 3, 1)
3
(60, 67)
-> Request 1
266
(1, 1, 1)
2
(46, 31)
-> Request 2
551
(3, 2, 2)
3
(57, 76)
-> Request 3
752
(1, 3, 1)
2
(39, 3)
-> Request 4
843
(3, 2, 2)
2
(47, 48)
-> Request 5
843
(2, 2, 2)
3
(55, 41)
-> Request 6
893
(2, 1, 1)
1
(13, 23)
-> Request 7
1282
(1, 2, 1)
3
(65, 77)
-> Request 8
1414
(2, 3, 2)
1
(62, 69)
--> Day : 3
-> Request 0
24
(1, 3, 2)
1
(66, 77)
-> Request 1
31
(1, 1, 2)
3
(4, 38)
-> Request 2
340
(1, 3, 2)
2
(79, 50)
-> Request 3
1326
(2, 3, 1)
3
(68, 65)
--> Day : 4
-> Request 0
67
(4, 2, 1)
3
(31, 68)
-> Request 1
453
(1, 2, 2)
3
(59, 33)
-> Request 2
628
(2, 2, 2)
1
(10, 26)
-> Request 3
714
(1, 2, 1)
2
(43, 46)
-> Request 4
753
(4, 3, 2)
2
(63, 74)
-> Request 5
1083
(2, 3, 1)
1
(52, 70)
-> Request 6
1090
(4, 3, 2)
3
(21, 25)
-> Request 7
1287
(1, 2, 1)
3
(63, 68)
---> Week : 93
--> Day : 0
-> Request 0
831
(4, 2, 2)
2
(4, 17)
-> Request 1
1136
(2, 2, 1)
2
(57, 17)
--> Day : 1
-> Request 0
61
(1, 2, 2)
3
(15, 18)
-> Request 1
210
(4, 3, 1)
1
(47, 38)
-> Request 2
594
(3, 2, 1)
3
(68, 33)
-> Request 3
787
(4, 1, 1)
3
(60, 71)
-> Request 4
1016
(4, 1, 1)
2
(61, 67)
-> Request 5
1121
(3, 3, 2)
2
(51, 34)
-> Request 6
1185
(4, 2, 2)
2
(59, 36)
--> Day : 2
-> Request 0
24
(3, 3, 1)
3
(41, 44)
-> Request 1
155
(1, 3, 1)
2
(10, 20)
-> Request 2
168
(2, 2, 1)
1
(44, 28)
-> Request 3
285
(1, 2, 1)
3
(57, 67)
-> Request 4
459
(1, 2, 2)
3
(47, 13)
-> Request 5
536
(2, 3, 2)
1
(56, 46)
-> Request 6
895
(2, 3, 1)
2
(60, 41)
-> Request 7
1004
(3, 1, 2)
1
(59, 66)
--> Day : 3
-> Request 0
662
(4, 3, 1)
3
(11, 28)
-> Request 1
1104
(3, 1, 2)
1
(32, 67)
--> Day : 4
-> Request 0
249
(4, 1, 1)
3
(11, 23)
-> Request 1
262
(1, 1, 1)
2
(56, 79)
-> Request 2
330
(2, 2, 1)
3
(57, 70)
-> Request 3
360
(2, 3, 1)
1
(37, 76)
-> Request 4
366
(3, 3, 1)
1
(57, 39)
-> Request 5
397
(1, 1, 2)
2
(22, 69)
-> Request 6
487
(2, 1, 2)
1
(60, 67)
-> Request 7
560
(2, 2, 2)
2
(41, 61)
-> Request 8
654
(4, 1, 1)
2
(17, 20)
-> Request 9
809
(4, 1, 1)
2
(51, 33)
-> Request 10
1076
(3, 3, 1)
3
(47, 39)
-> Request 11
1230
(4, 1, 2)
3
(55, 68)
-> Request 12
1233
(1, 3, 1)
2
(49, 31)
---> Week : 94
--> Day : 0
-> Request 0
29
(4, 2, 1)
2
(14, 24)
-> Request 1
1018
(1, 3, 1)
3
(32, 64)
-> Request 2
1143
(3, 3, 1)
2
(66, 74)
-> Request 3
1259
(2, 2, 1)
3
(53, 65)
--> Day : 1
-> Request 0
227
(4, 3, 2)
3
(48, 29)
-> Request 1
509
(1, 3, 2)
1
(46, 27)
--> Day : 2
-> Request 0
733
(2, 3, 1)
1
(6, 67)
-> Request 1
1152
(2, 2, 2)
1
(57, 66)
--> Day : 3
-> Request 0
167
(4, 3, 1)
2
(61, 70)
-> Request 1
586
(1, 2, 2)
2
(24, 34)
-> Request 2
708
(1, 3, 1)
1
(43, 79)
-> Request 3
721
(4, 1, 2)
2
(50, 44)
-> Request 4
748
(3, 2, 1)
2
(54, 66)
-> Request 5
851
(4, 3, 2)
3
(52, 25)
-> Request 6
996
(1, 2, 2)
1
(34, 43)
--> Day : 4
-> Request 0
214
(1, 3, 2)
2
(53, 65)
-> Request 1
374
(2, 2, 2)
1
(57, 41)
-> Request 2
532
(4, 3, 2)
1
(62, 45)
-> Request 3
572
(2, 1, 2)
1
(44, 30)
-> Request 4
1317
(3, 2, 1)
3
(55, 75)
-> Request 5
1345
(2, 1, 1)
1
(57, 72)
---> Week : 95
--> Day : 0
-> Request 0
449
(1, 2, 2)
3
(51, 29)
-> Request 1
1140
(1, 2, 1)
1
(53, 25)
-> Request 2
1149
(2, 1, 1)
1
(59, 76)
--> Day : 1
-> Request 0
425
(3, 1, 1)
1
(43, 2)
-> Request 1
518
(2, 1, 1)
2
(43, 27)
-> Request 2
585
(2, 1, 2)
2
(62, 67)
-> Request 3
851
(3, 1, 1)
2
(9, 24)
-> Request 4
987
(2, 1, 2)
1
(24, 15)
-> Request 5
999
(2, 3, 1)
2
(62, 28)
--> Day : 2
-> Request 0
3
(2, 3, 1)
2
(21, 20)
-> Request 1
545
(4, 2, 1)
2
(12, 61)
-> Request 2
819
(1, 2, 2)
1
(62, 67)
--> Day : 3
-> Request 0
307
(2, 1, 1)
2
(57, 47)
-> Request 1
824
(2, 2, 2)
2
(62, 71)
-> Request 2
959
(3, 3, 2)
3
(24, 62)
-> Request 3
1204
(2, 3, 1)
1
(41, 5)
-> Request 4
1252
(2, 3, 2)
2
(55, 75)
-> Request 5
1293
(3, 1, 2)
2
(43, 32)
--> Day : 4
-> Request 0
218
(3, 3, 2)
2
(16, 23)
-> Request 1
643
(4, 1, 1)
1
(57, 30)
-> Request 2
765
(3, 2, 1)
1
(29, 70)
-> Request 3
929
(1, 3, 1)
3
(10, 29)
-> Request 4
1008
(3, 2, 2)
1
(56, 43)
-> Request 5
1155
(4, 3, 1)
3
(48, 45)
---> Week : 96
--> Day : 0
-> Request 0
19
(3, 1, 1)
2
(29, 51)
-> Request 1
190
(4, 1, 1)
1
(15, 29)
-> Request 2
198
(3, 3, 1)
1
(57, 76)
-> Request 3
470
(2, 3, 2)
3
(76, 50)
-> Request 4
567
(3, 1, 1)
1
(67, 64)
-> Request 5
1253
(1, 2, 1)
1
(60, 65)
-> Request 6
1260
(1, 1, 2)
2
(61, 66)
--> Day : 1
-> Request 0
1051
(4, 1, 2)
1
(5, 16)
-> Request 1
1400
(2, 3, 1)
2
(77, 63)
--> Day : 2
-> Request 0
138
(3, 2, 2)
3
(51, 66)
-> Request 1
182
(1, 2, 1)
2
(54, 65)
-> Request 2
568
(2, 2, 1)
2
(78, 63)
-> Request 3
762
(4, 3, 2)
1
(58, 78)
-> Request 4
874
(3, 1, 2)
3
(8, 26)
-> Request 5
896
(1, 1, 2)
1
(66, 66)
-> Request 6
1079
(1, 3, 1)
3
(35, 48)
--> Day : 3
-> Request 0
7
(3, 2, 2)
1
(39, 39)
-> Request 1
188
(2, 2, 2)
3
(62, 78)
-> Request 2
423
(4, 1, 1)
2
(4, 18)
-> Request 3
537
(3, 2, 2)
3
(16, 24)
-> Request 4
721
(4, 3, 2)
1
(14, 53)
-> Request 5
1098
(3, 1, 2)
2
(59, 71)
-> Request 6
1104
(4, 3, 2)
2
(77, 23)
-> Request 7
1189
(3, 1, 1)
3
(20, 39)
-> Request 8
1250
(3, 1, 2)
1
(57, 22)
--> Day : 4
-> Request 0
747
(3, 2, 2)
2
(53, 72)
-> Request 1
760
(4, 1, 1)
1
(71, 29)
-> Request 2
881
(4, 1, 1)
2
(41, 1)
-> Request 3
1052
(3, 3, 1)
2
(34, 19)
---> Week : 97
--> Day : 0
-> Request 0
38
(1, 3, 1)
3
(60, 73)
-> Request 1
413
(2, 2, 2)
1
(62, 66)
-> Request 2
724
(3, 1, 1)
3
(21, 76)
-> Request 3
960
(4, 1, 2)
2
(11, 21)
-> Request 4
1149
(2, 3, 2)
1
(54, 70)
-> Request 5
1230
(4, 3, 1)
3
(63, 76)
-> Request 6
1396
(3, 2, 1)
3
(59, 39)
--> Day : 1
-> Request 0
4
(4, 2, 1)
2
(53, 35)
-> Request 1
196
(4, 2, 2)
1
(39, 8)
-> Request 2
317
(1, 2, 2)
3
(62, 66)
-> Request 3
458
(3, 3, 2)
1
(11, 29)
-> Request 4
514
(1, 3, 1)
1
(59, 35)
-> Request 5
678
(3, 3, 1)
2
(46, 37)
-> Request 6
840
(1, 2, 2)
1
(37, 35)
-> Request 7
1299
(4, 3, 2)
1
(51, 31)
-> Request 8
1351
(4, 3, 2)
2
(43, 34)
-> Request 9
1406
(3, 3, 1)
3
(4, 13)
--> Day : 2
-> Request 0
22
(2, 1, 2)
3
(54, 41)
-> Request 1
230
(3, 3, 2)
2
(10, 58)
-> Request 2
741
(3, 1, 2)
1
(49, 30)
-> Request 3
784
(1, 2, 1)
2
(55, 71)
--> Day : 3
-> Request 0
118
(1, 1, 1)
2
(48, 42)
-> Request 1
394
(2, 3, 1)
1
(1, 51)
-> Request 2
899
(1, 1, 2)
2
(62, 50)
-> Request 3
1085
(1, 3, 1)
1
(2, 7)
-> Request 4
1097
(2, 3, 1)
1
(63, 69)
-> Request 5
1100
(2, 1, 2)
3
(55, 38)
-> Request 6
1205
(1, 2, 2)
3
(66, 66)
-> Request 7
1340
(2, 3, 2)
2
(5, 6)
-> Request 8
1390
(4, 3, 1)
2
(0, 40)
--> Day : 4
-> Request 0
38
(2, 3, 2)
3
(57, 71)
-> Request 1
136
(3, 2, 2)
1
(50, 45)
-> Request 2
209
(3, 2, 1)
1
(42, 79)
-> Request 3
270
(3, 3, 2)
3
(59, 37)
-> Request 4
733
(3, 3, 1)
1
(65, 74)
-> Request 5
882
(2, 2, 1)
3
(55, 30)
-> Request 6
1139
(3, 2, 2)
3
(60, 65)
---> Week : 98
--> Day : 0
-> Request 0
0
(4, 1, 2)
2
(79, 52)
-> Request 1
461
(2, 2, 1)
3
(52, 49)
-> Request 2
1297
(2, 2, 2)
3
(25, 24)
--> Day : 1
-> Request 0
511
(1, 1, 2)
3
(69, 57)
-> Request 1
693
(1, 2, 1)
1
(14, 18)
-> Request 2
1083
(2, 1, 1)
2
(20, 29)
--> Day : 2
-> Request 0
112
(2, 2, 1)
2
(50, 75)
-> Request 1
124
(1, 2, 1)
2
(55, 77)
-> Request 2
467
(2, 1, 1)
1
(46, 47)
-> Request 3
699
(2, 2, 1)
2
(59, 39)
-> Request 4
1003
(2, 2, 2)
2
(8, 21)
-> Request 5
1223
(4, 2, 2)
1
(46, 8)
-> Request 6
1234
(3, 2, 1)
1
(45, 41)
-> Request 7
1298
(2, 2, 1)
1
(43, 42)
-> Request 8
1368
(1, 3, 1)
3
(62, 64)
-> Request 9
1370
(3, 1, 2)
3
(15, 26)
--> Day : 3
-> Request 0
95
(4, 3, 1)
2
(65, 14)
-> Request 1
134
(3, 3, 2)
2
(44, 23)
-> Request 2
317
(3, 2, 1)
1
(44, 4)
-> Request 3
506
(1, 2, 1)
2
(44, 72)
-> Request 4
1000
(2, 3, 1)
3
(17, 79)
-> Request 5
1160
(2, 2, 2)
3
(58, 70)
--> Day : 4
-> Request 0
91
(1, 3, 2)
3
(48, 34)
-> Request 1
1041
(2, 2, 2)
2
(52, 58)
-> Request 2
1255
(3, 2, 1)
3
(5, 28)
-> Request 3
1320
(4, 2, 2)
1
(58, 73)
---> Week : 99
--> Day : 0
-> Request 0
76
(3, 1, 1)
2
(11, 70)
-> Request 1
111
(1, 3, 1)
3
(1, 35)
-> Request 2
112
(3, 1, 1)
3
(53, 66)
-> Request 3
526
(1, 1, 2)
3
(46, 61)
-> Request 4
1147
(1, 1, 1)
2
(57, 36)
-> Request 5
1150
(2, 3, 1)
1
(15, 65)
-> Request 6
1186
(1, 2, 2)
2
(61, 11)
--> Day : 1
-> Request 0
221
(1, 1, 2)
3
(54, 42)
-> Request 1
253
(2, 3, 2)
1
(45, 30)
-> Request 2
375
(2, 2, 1)
2
(60, 27)
-> Request 3
401
(2, 2, 1)
3
(38, 13)
-> Request 4
427
(3, 3, 1)
3
(43, 46)
-> Request 5
672
(4, 3, 2)
3
(17, 29)
-> Request 6
675
(4, 3, 2)
1
(13, 6)
-> Request 7
680
(3, 1, 1)
3
(50, 33)
-> Request 8
1203
(4, 3, 1)
1
(39, 68)
--> Day : 2
-> Request 0
91
(3, 3, 1)
2
(51, 39)
-> Request 1
273
(3, 1, 1)
2
(12, 45)
-> Request 2
279
(2, 1, 2)
1
(68, 71)
-> Request 3
415
(1, 3, 2)
3
(0, 8)
-> Request 4
835
(1, 3, 2)
1
(14, 33)
-> Request 5
883
(1, 2, 2)
1
(5, 57)
-> Request 6
1160
(4, 3, 1)
1
(57, 31)
-> Request 7
1349
(2, 3, 1)
2
(59, 31)
--> Day : 3
-> Request 0
27
(2, 2, 2)
1
(36, 60)
-> Request 1
127
(1, 1, 1)
3
(53, 39)
-> Request 2
483
(1, 1, 1)
2
(58, 36)
-> Request 3
508
(4, 1, 1)
3
(15, 24)
-> Request 4
537
(3, 2, 1)
2
(59, 30)
-> Request 5
1241
(4, 2, 1)
2
(34, 20)
--> Day : 4
-> Request 0
65
(1, 3, 2)
1
(63, 70)
-> Request 1
145
(3, 1, 2)
1
(16, 21)
-> Request 2
332
(2, 2, 2)
1
(68, 2)
-> Request 3
1042
(2, 2, 2)
2
(55, 69)
-> Request 4
1089
(3, 1, 1)
2
(50, 32)
-> Request 5
1191
(3, 3, 1)
2
(44, 6)
-> Request 6
1311
(3, 3, 1)
3
(33, 39)
---> Week : 100
--> Day : 0
-> Request 0
164
(4, 2, 1)
1
(52, 35)
-> Request 1
452
(1, 1, 2)
1
(35, 12)
-> Request 2
643
(4, 3, 1)
2
(58, 31)
-> Request 3
974
(2, 3, 2)
1
(36, 33)
-> Request 4
1039
(3, 1, 2)
2
(4, 44)
-> Request 5
1409
(4, 2, 2)
2
(64, 70)
--> Day : 1
-> Request 0
42
(4, 1, 2)
1
(64, 2)
-> Request 1
60
(4, 3, 2)
3
(51, 36)
-> Request 2
676
(3, 1, 2)
2
(32, 49)
-> Request 3
826
(1, 2, 1)
2
(79, 5)
-> Request 4
1072
(3, 2, 1)
2
(15, 34)
-> Request 5
1251
(2, 2, 1)
1
(60, 27)
-> Request 6
1397
(2, 3, 2)
3
(58, 35)
--> Day : 2
-> Request 0
373
(2, 1, 1)
3
(63, 49)
-> Request 1
532
(2, 1, 1)
3
(2, 11)
-> Request 2
846
(2, 2, 2)
2
(3, 21)
-> Request 3
903
(2, 1, 2)
1
(36, 43)
-> Request 4
1089
(2, 1, 1)
1
(43, 35)
-> Request 5
1165
(1, 3, 1)
1
(53, 77)
-> Request 6
1284
(4, 2, 2)
1
(9, 10)
--> Day : 3
-> Request 0
306
(2, 2, 1)
3
(48, 41)
-> Request 1
434
(1, 1, 1)
2
(52, 31)
-> Request 2
525
(1, 1, 1)
2
(32, 71)
-> Request 3
547
(4, 1, 1)
2
(9, 27)
-> Request 4
748
(2, 1, 1)
1
(32, 37)
-> Request 5
1034
(2, 1, 2)
2
(47, 37)
-> Request 6
1377
(1, 2, 2)
2
(66, 76)
--> Day : 4
-> Request 0
801
(2, 2, 1)
1
(66, 65)
-> Request 1
910
(1, 2, 1)
1
(49, 8)
---> Week : 101
--> Day : 0
-> Request 0
129
(2, 1, 1)
1
(27, 21)
-> Request 1
433
(3, 1, 1)
3
(60, 9)
-> Request 2
459
(3, 2, 2)
1
(45, 28)
-> Request 3
671
(3, 2, 1)
1
(38, 42)
-> Request 4
1161
(2, 1, 1)
1
(53, 46)
-> Request 5
1393
(4, 2, 1)
3
(54, 35)
--> Day : 1
-> Request 0
327
(3, 3, 2)
2
(60, 67)
-> Request 1
448
(3, 1, 2)
2
(47, 33)
-> Request 2
746
(1, 3, 2)
1
(48, 34)
-> Request 3
761
(1, 2, 1)
1
(45, 66)
-> Request 4
769
(2, 1, 1)
3
(31, 5)
-> Request 5
1029
(4, 3, 1)
1
(45, 8)
--> Day : 2
-> Request 0
439
(3, 2, 2)
1
(35, 25)
--> Day : 3
-> Request 0
247
(2, 2, 1)
3
(43, 45)
-> Request 1
259
(1, 2, 2)
3
(65, 66)
-> Request 2
374
(3, 2, 2)
1
(33, 27)
-> Request 3
410
(2, 1, 1)
1
(48, 41)
-> Request 4
783
(1, 1, 1)
1
(56, 53)
-> Request 5
803
(3, 3, 1)
3
(47, 31)
-> Request 6
907
(4, 2, 1)
2
(14, 23)
-> Request 7
932
(2, 1, 1)
3
(61, 52)
-> Request 8
1341
(4, 3, 2)
1
(66, 72)
-> Request 9
1381
(4, 2, 1)
3
(71, 78)
--> Day : 4
-> Request 0
102
(3, 3, 1)
2
(29, 34)
-> Request 1
238
(3, 3, 2)
1
(36, 22)
-> Request 2
368
(4, 1, 1)
2
(49, 45)
-> Request 3
1312
(2, 2, 1)
3
(64, 70)
-> Request 4
1359
(3, 2, 1)
2
(56, 74)
---> Week : 102
--> Day : 0
-> Request 0
123
(3, 1, 2)
2
(74, 30)
-> Request 1
189
(4, 1, 2)
3
(52, 65)
-> Request 2
418
(4, 3, 1)
1
(58, 45)
-> Request 3
635
(1, 1, 1)
1
(8, 25)
-> Request 4
722
(4, 1, 2)
2
(14, 56)
-> Request 5
745
(4, 2, 2)
2
(64, 52)
-> Request 6
1149
(1, 1, 2)
1
(34, 43)
-> Request 7
1359
(3, 3, 1)
2
(53, 73)
-> Request 8
1375
(2, 2, 2)
1
(62, 65)
--> Day : 1
-> Request 0
194
(3, 3, 1)
1
(58, 29)
-> Request 1
248
(4, 3, 2)
3
(13, 20)
-> Request 2
429
(2, 3, 2)
2
(44, 38)
-> Request 3
704
(3, 2, 2)
1
(65, 26)
-> Request 4
761
(4, 3, 1)
2
(77, 73)
-> Request 5
766
(4, 1, 1)
2
(59, 16)
-> Request 6
796
(4, 2, 2)
1
(54, 31)
-> Request 7
817
(3, 3, 1)
1
(60, 77)
-> Request 8
1072
(4, 2, 2)
3
(60, 64)
-> Request 9
1189
(4, 3, 2)
3
(45, 40)
-> Request 10
1337
(4, 2, 2)
3
(74, 11)
--> Day : 2
-> Request 0
267
(1, 2, 2)
1
(30, 53)
-> Request 1
279
(1, 2, 1)
2
(40, 5)
-> Request 2
350
(3, 2, 2)
2
(41, 25)
-> Request 3
433
(2, 2, 1)
1
(52, 64)
-> Request 4
853
(2, 1, 1)
2
(19, 42)
-> Request 5
1056
(3, 3, 1)
2
(49, 65)
--> Day : 3
-> Request 0
184
(1, 3, 1)
3
(66, 73)
-> Request 1
620
(2, 3, 2)
2
(37, 66)
-> Request 2
634
(2, 1, 1)
2
(18, 54)
-> Request 3
936
(3, 2, 2)
2
(58, 68)
-> Request 4
972
(2, 1, 2)
2
(46, 36)
-> Request 5
1009
(3, 2, 1)
1
(22, 79)
--> Day : 4
-> Request 0
464
(3, 2, 1)
3
(50, 8)
-> Request 1
501
(3, 3, 2)
3
(53, 42)
-> Request 2
544
(2, 1, 1)
2
(54, 54)
-> Request 3
659
(3, 3, 2)
1
(18, 14)
-> Request 4
1417
(1, 1, 1)
3
(62, 40)
---> Week : 103
--> Day : 0
-> Request 0
294
(2, 2, 2)
2
(56, 38)
-> Request 1
771
(2, 1, 1)
2
(44, 28)
-> Request 2
1100
(3, 2, 1)
1
(65, 65)
--> Day : 1
-> Request 0
48
(1, 2, 1)
3
(18, 34)
-> Request 1
114
(3, 2, 1)
3
(56, 27)
-> Request 2
986
(2, 1, 2)
2
(24, 47)
--> Day : 2
-> Request 0
367
(3, 3, 1)
3
(47, 34)
-> Request 1
399
(2, 1, 1)
3
(14, 26)
-> Request 2
450
(3, 2, 2)
3
(60, 39)
-> Request 3
908
(1, 3, 2)
2
(74, 33)
-> Request 4
1068
(1, 1, 2)
3
(62, 66)
--> Day : 3
-> Request 0
350
(3, 2, 2)
1
(59, 77)
-> Request 1
541
(4, 2, 1)
2
(56, 44)
-> Request 2
1103
(3, 2, 1)
3
(58, 29)
-> Request 3
1287
(3, 3, 1)
2
(15, 22)
-> Request 4
1351
(3, 3, 1)
1
(56, 65)
--> Day : 4
-> Request 0
105
(3, 1, 1)
3
(46, 29)
-> Request 1
258
(3, 3, 1)
3
(63, 57)
-> Request 2
1084
(3, 2, 2)
1
(56, 50)
-> Request 3
1098
(4, 3, 1)
3
(17, 24)
-> Request 4
1222
(1, 2, 2)
3
(53, 70)
---> Week : 104
--> Day : 0
-> Request 0
56
(4, 2, 1)
1
(52, 55)
-> Request 1
65
(3, 1, 1)
1
(15, 41)
-> Request 2
68
(2, 3, 1)
1
(50, 36)
-> Request 3
744
(3, 2, 2)
2
(9, 23)
-> Request 4
792
(2, 2, 2)
2
(63, 77)
-> Request 5
1083
(4, 2, 2)
1
(6, 20)
-> Request 6
1258
(2, 1, 1)
3
(27, 43)
--> Day : 1
-> Request 0
157
(3, 2, 1)
3
(62, 31)
-> Request 1
438
(1, 3, 1)
2
(19, 77)
-> Request 2
756
(3, 3, 2)
1
(14, 64)
-> Request 3
807
(1, 3, 2)
2
(62, 67)
-> Request 4
996
(2, 3, 2)
2
(46, 32)
--> Day : 2
-> Request 0
176
(2, 1, 1)
2
(70, 44)
-> Request 1
241
(4, 3, 2)
2
(55, 44)
-> Request 2
455
(1, 3, 1)
3
(30, 51)
-> Request 3
638
(2, 1, 1)
3
(49, 35)
-> Request 4
1089
(1, 3, 2)
2
(62, 28)
--> Day : 3
-> Request 0
65
(4, 3, 1)
3
(66, 65)
-> Request 1
405
(4, 3, 2)
1
(26, 71)
-> Request 2
481
(1, 2, 2)
3
(63, 77)
-> Request 3
765
(1, 1, 1)
1
(66, 73)
-> Request 4
891
(2, 2, 1)
1
(55, 75)
-> Request 5
909
(2, 3, 1)
1
(54, 77)
-> Request 6
1130
(1, 3, 2)
3
(14, 25)
-> Request 7
1351
(2, 2, 1)
3
(20, 73)
--> Day : 4
-> Request 0
25
(4, 1, 2)
2
(27, 10)
-> Request 1
299
(2, 3, 1)
3
(66, 76)
-> Request 2
363
(2, 2, 2)
2
(57, 29)
-> Request 3
368
(2, 2, 1)
2
(55, 56)
-> Request 4
445
(4, 2, 2)
2
(30, 0)
-> Request 5
911
(2, 1, 1)
3
(44, 32)
-> Request 6
1024
(3, 1, 1)
2
(58, 76)
---> Week : 105
--> Day : 0
-> Request 0
177
(1, 3, 1)
2
(57, 70)
-> Request 1
408
(4, 3, 2)
1
(36, 41)
-> Request 2
1009
(3, 3, 1)
3
(27, 41)
-> Request 3
1350
(4, 3, 2)
2
(8, 25)
-> Request 4
1411
(4, 2, 1)
3
(54, 73)
--> Day : 1
-> Request 0
1002
(1, 3, 2)
2
(56, 36)
-> Request 1
1264
(4, 3, 1)
2
(57, 38)
-> Request 2
1292
(3, 3, 2)
1
(58, 44)
--> Day : 2
-> Request 0
82
(2, 3, 2)
2
(53, 24)
-> Request 1
212
(1, 2, 1)
1
(42, 24)
-> Request 2
213
(4, 3, 1)
3
(60, 37)
-> Request 3
310
(2, 1, 2)
3
(23, 59)
-> Request 4
418
(3, 1, 2)
3
(46, 42)
-> Request 5
612
(3, 3, 1)
3
(51, 9)
-> Request 6
1118
(4, 1, 2)
2
(66, 56)
-> Request 7
1387
(3, 1, 1)
2
(1, 77)
-> Request 8
1403
(3, 2, 1)
2
(48, 20)
-> Request 9
1406
(4, 3, 2)
1
(57, 35)
--> Day : 3
-> Request 0
74
(3, 2, 2)
2
(53, 39)
-> Request 1
202
(3, 1, 2)
3
(12, 9)
-> Request 2
239
(1, 1, 1)
1
(60, 72)
-> Request 3
358
(3, 3, 2)
1
(60, 45)
-> Request 4
426
(3, 1, 1)
1
(8, 56)
--> Day : 4
-> Request 0
102
(3, 3, 1)
2
(5, 56)
-> Request 1
319
(4, 2, 2)
3
(62, 41)
-> Request 2
442
(2, 3, 1)
1
(58, 46)
-> Request 3
674
(4, 2, 1)
2
(47, 5)
-> Request 4
683
(1, 1, 2)
3
(51, 40)
-> Request 5
1154
(2, 3, 1)
1
(60, 44)
-> Request 6
1243
(1, 1, 1)
3
(8, 27)
-> Request 7
1283
(3, 2, 1)
2
(43, 14)
---> Week : 106
--> Day : 0
-> Request 0
70
(2, 2, 2)
2
(9, 23)
-> Request 1
185
(2, 2, 1)
2
(53, 21)
-> Request 2
310
(2, 1, 2)
2
(65, 76)
-> Request 3
1217
(4, 2, 2)
3
(36, 42)
--> Day : 1
-> Request 0
494
(4, 2, 1)
2
(74, 63)
-> Request 1
572
(1, 3, 1)
1
(59, 46)
-> Request 2
676
(3, 3, 1)
1
(59, 75)
-> Request 3
894
(2, 2, 2)
3
(35, 15)
-> Request 4
1030
(1, 3, 1)
3
(2, 7)
-> Request 5
1347
(3, 2, 2)
2
(43, 31)
--> Day : 2
-> Request 0
149
(3, 1, 2)
2
(55, 66)
-> Request 1
990
(4, 2, 1)
1
(2, 59)
-> Request 2
1003
(4, 2, 1)
3
(56, 14)
-> Request 3
1187
(3, 2, 2)
1
(17, 21)
-> Request 4
1227
(1, 1, 2)
3
(20, 66)
-> Request 5
1291
(3, 3, 2)
3
(8, 28)
--> Day : 3
-> Request 0
109
(4, 2, 1)
3
(34, 67)
-> Request 1
467
(3, 3, 1)
1
(46, 0)
-> Request 2
711
(2, 2, 1)
2
(56, 76)
-> Request 3
815
(4, 2, 2)
1
(29, 11)
-> Request 4
1427
(2, 1, 2)
2
(45, 41)
--> Day : 4
-> Request 0
362
(4, 1, 1)
2
(60, 72)
-> Request 1
375
(1, 1, 2)
3
(33, 53)
-> Request 2
501
(1, 1, 1)
3
(50, 49)
-> Request 3
741
(1, 2, 1)
2
(42, 79)
-> Request 4
1144
(3, 3, 1)
1
(22, 29)
-> Request 5
1232
(3, 2, 2)
1
(31, 36)
-> Request 6
1351
(1, 2, 1)
2
(58, 45)
---> Week : 107
--> Day : 0
-> Request 0
20
(3, 2, 2)
3
(63, 74)
-> Request 1
238
(4, 1, 1)
2
(77, 75)
-> Request 2
334
(2, 1, 1)
3
(62, 38)
-> Request 3
475
(4, 3, 2)
2
(12, 28)
-> Request 4
819
(1, 2, 1)
2
(34, 15)
-> Request 5
856
(3, 1, 2)
2
(49, 41)
-> Request 6
1056
(4, 2, 2)
1
(58, 27)
-> Request 7
1259
(1, 3, 1)
3
(48, 39)
--> Day : 1
-> Request 0
145
(4, 3, 1)
2
(56, 36)
-> Request 1
233
(4, 2, 1)
3
(44, 28)
-> Request 2
305
(3, 3, 2)
3
(28, 28)
-> Request 3
404
(3, 3, 1)
1
(5, 78)
-> Request 4
417
(4, 3, 2)
2
(50, 77)
-> Request 5
509
(2, 2, 1)
2
(61, 45)
-> Request 6
1126
(3, 2, 1)
3
(76, 21)
--> Day : 2
-> Request 0
245
(3, 3, 1)
3
(44, 32)
-> Request 1
469
(1, 1, 1)
2
(9, 22)
-> Request 2
477
(3, 3, 1)
3
(58, 47)
-> Request 3
581
(2, 3, 2)
3
(46, 37)
-> Request 4
666
(1, 1, 2)
3
(54, 66)
-> Request 5
691
(2, 1, 1)
3
(58, 77)
-> Request 6
1262
(2, 1, 2)
1
(31, 4)
-> Request 7
1262
(3, 3, 1)
1
(42, 2)
--> Day : 3
-> Request 0
584
(1, 3, 1)
1
(63, 69)
-> Request 1
1213
(4, 2, 2)
1
(45, 29)
-> Request 2
1255
(1, 2, 1)
3
(21, 51)
--> Day : 4
-> Request 0
67
(2, 2, 1)
2
(64, 71)
-> Request 1
539
(2, 3, 1)
2
(43, 10)
-> Request 2
904
(3, 2, 1)
1
(44, 43)
-> Request 3
1096
(3, 2, 1)
3
(48, 35)
---> Week : 108
--> Day : 0
-> Request 0
9
(4, 3, 1)
3
(71, 66)
-> Request 1
122
(2, 1, 2)
1
(14, 24)
-> Request 2
144
(3, 1, 2)
2
(64, 78)
-> Request 3
739
(2, 2, 2)
2
(56, 41)
--> Day : 1
-> Request 0
109
(1, 3, 2)
2
(70, 77)
-> Request 1
115
(3, 1, 1)
1
(77, 65)
-> Request 2
273
(4, 2, 1)
1
(53, 76)
-> Request 3
341
(3, 3, 1)
1
(56, 75)
-> Request 4
808
(4, 2, 2)
3
(17, 30)
-> Request 5
906
(4, 1, 1)
1
(45, 35)
-> Request 6
1004
(3, 3, 1)
1
(62, 69)
-> Request 7
1243
(4, 2, 1)
1
(44, 0)
-> Request 8
1296
(3, 2, 2)
2
(61, 48)
--> Day : 2
-> Request 0
171
(1, 2, 1)
2
(48, 37)
-> Request 1
241
(1, 1, 2)
3
(60, 64)
-> Request 2
786
(1, 1, 2)
2
(73, 13)
--> Day : 3
-> Request 0
288
(2, 2, 2)
2
(58, 28)
-> Request 1
801
(3, 3, 2)
2
(41, 42)
-> Request 2
906
(2, 2, 2)
2
(41, 59)
-> Request 3
1085
(1, 1, 1)
1
(59, 32)
-> Request 4
1138
(2, 3, 1)
3
(45, 29)
-> Request 5
1351
(1, 2, 2)
2
(48, 36)
-> Request 6
1430
(4, 3, 2)
3
(48, 31)
--> Day : 4
-> Request 0
218
(4, 2, 1)
1
(48, 42)
-> Request 1
786
(4, 1, 1)
3
(58, 67)
-> Request 2
988
(2, 1, 2)
2
(43, 28)
-> Request 3
1035
(2, 1, 1)
2
(11, 24)
-> Request 4
1118
(2, 3, 1)
2
(61, 76)
-> Request 5
1243
(2, 1, 2)
1
(54, 30)
---> Week : 109
--> Day : 0
-> Request 0
251
(2, 2, 2)
1
(54, 70)
-> Request 1
655
(1, 3, 1)
1
(42, 3)
-> Request 2
786
(2, 2, 2)
2
(51, 28)
-> Request 3
814
(3, 3, 1)
1
(46, 42)
-> Request 4
980
(3, 3, 2)
3
(65, 34)
-> Request 5
1139
(2, 2, 2)
3
(77, 38)
-> Request 6
1291
(2, 3, 2)
3
(59, 29)
-> Request 7
1308
(4, 3, 1)
1
(62, 72)
--> Day : 1
-> Request 0
63
(3, 3, 1)
1
(15, 29)
-> Request 1
93
(4, 2, 2)
3
(58, 71)
-> Request 2
276
(4, 1, 1)
3
(42, 20)
-> Request 3
403
(1, 3, 1)
3
(46, 33)
-> Request 4
642
(2, 3, 1)
2
(66, 52)
-> Request 5
995
(3, 2, 2)
2
(78, 57)
-> Request 6
1105
(3, 2, 2)
1
(59, 71)
-> Request 7
1424
(1, 2, 2)
2
(26, 13)
--> Day : 2
-> Request 0
75
(2, 2, 2)
1
(60, 38)
-> Request 1
201
(4, 2, 2)
1
(79, 63)
-> Request 2
216
(3, 3, 2)
2
(54, 46)
-> Request 3
256
(3, 1, 2)
2
(72, 60)
-> Request 4
625
(1, 1, 1)
3
(57, 75)
-> Request 5
699
(2, 3, 1)
2
(58, 31)
-> Request 6
908
(4, 3, 2)
1
(49, 45)
-> Request 7
1265
(4, 3, 1)
1
(54, 31)
-> Request 8
1300
(4, 3, 1)
3
(29, 12)
--> Day : 3
-> Request 0
173
(1, 1, 2)
1
(54, 75)
-> Request 1
348
(2, 2, 1)
2
(49, 43)
-> Request 2
467
(4, 2, 1)
3
(53, 28)
-> Request 3
1094
(1, 1, 1)
1
(68, 28)
-> Request 4
1253
(2, 1, 2)
3
(57, 67)
-> Request 5
1288
(1, 2, 2)
3
(39, 76)
--> Day : 4
-> Request 0
149
(4, 1, 1)
1
(57, 41)
-> Request 1
223
(1, 2, 1)
2
(49, 42)
-> Request 2
228
(2, 2, 1)
3
(46, 48)
-> Request 3
688
(4, 2, 1)
3
(75, 3)
-> Request 4
1237
(4, 2, 2)
1
(51, 39)
---> Week : 110
--> Day : 0
-> Request 0
70
(3, 2, 1)
3
(63, 58)
-> Request 1
466
(3, 1, 2)
2
(44, 6)
-> Request 2
837
(2, 1, 1)
2
(76, 63)
-> Request 3
926
(4, 3, 1)
3
(64, 33)
-> Request 4
1115
(2, 2, 1)
1
(44, 28)
-> Request 5
1204
(2, 2, 1)
2
(62, 67)
-> Request 6
1206
(4, 3, 1)
2
(11, 20)
--> Day : 1
-> Request 0
87
(3, 3, 1)
1
(64, 77)
-> Request 1
254
(3, 1, 1)
2
(45, 41)
-> Request 2
461
(3, 1, 1)
2
(52, 76)
-> Request 3
874
(2, 2, 2)
2
(5, 26)
-> Request 4
1229
(1, 2, 1)
3
(57, 74)
-> Request 5
1314
(2, 3, 1)
1
(56, 79)
-> Request 6
1321
(3, 2, 2)
1
(8, 20)
-> Request 7
1412
(3, 1, 2)
1
(67, 11)
--> Day : 2
-> Request 0
9
(1, 3, 2)
3
(35, 73)
-> Request 1
47
(3, 2, 2)
3
(78, 33)
-> Request 2
130
(4, 2, 1)
2
(48, 44)
-> Request 3
291
(4, 1, 2)
2
(62, 69)
-> Request 4
293
(1, 2, 2)
1
(66, 72)
-> Request 5
373
(3, 1, 1)
3
(43, 29)
-> Request 6
519
(2, 2, 2)
2
(54, 44)
-> Request 7
541
(3, 2, 2)
2
(33, 34)
-> Request 8
912
(4, 3, 2)
3
(8, 24)
-> Request 9
1049
(3, 2, 1)
3
(29, 14)
-> Request 10
1376
(2, 2, 2)
1
(49, 30)
-> Request 11
1395
(3, 2, 2)
2
(59, 70)
--> Day : 3
-> Request 0
98
(3, 2, 2)
1
(49, 40)
-> Request 1
333
(4, 1, 2)
2
(63, 71)
-> Request 2
455
(3, 2, 2)
2
(21, 77)
-> Request 3
837
(4, 2, 1)
2
(11, 29)
--> Day : 4
-> Request 0
20
(1, 3, 1)
2
(71, 56)
-> Request 1
127
(3, 3, 2)
1
(70, 63)
-> Request 2
135
(1, 2, 1)
2
(57, 75)
-> Request 3
333
(2, 2, 2)
2
(35, 19)
-> Request 4
799
(3, 1, 2)
3
(56, 42)
-> Request 5
873
(2, 3, 1)
1
(4, 76)
-> Request 6
970
(3, 1, 2)
2
(1, 30)
-> Request 7
1015
(3, 3, 1)
1
(62, 66)
-> Request 8
1059
(4, 2, 2)
2
(15, 23)
-> Request 9
1433
(2, 2, 2)
3
(60, 38)
---> Week : 111
--> Day : 0
-> Request 0
177
(3, 3, 2)
3
(9, 29)
-> Request 1
353
(2, 1, 1)
1
(46, 36)
-> Request 2
1080
(2, 2, 2)
3
(54, 33)
-> Request 3
1430
(3, 3, 2)
3
(70, 77)
--> Day : 1
-> Request 0
281
(1, 1, 1)
1
(51, 72)
-> Request 1
320
(2, 2, 1)
3
(49, 35)
-> Request 2
621
(3, 3, 1)
2
(48, 18)
-> Request 3
1131
(3, 1, 1)
3
(49, 44)
-> Request 4
1248
(1, 2, 1)
3
(22, 0)
-> Request 5
1310
(3, 3, 1)
3
(54, 2)
--> Day : 2
-> Request 0
419
(4, 3, 2)
3
(56, 75)
-> Request 1
603
(1, 1, 2)
3
(62, 21)
-> Request 2
618
(4, 1, 2)
3
(4, 30)
-> Request 3
954
(1, 3, 1)
2
(36, 37)
-> Request 4
1236
(2, 3, 2)
2
(58, 77)
--> Day : 3
-> Request 0
54
(1, 1, 2)
1
(58, 46)
-> Request 1
264
(3, 1, 1)
2
(47, 37)
-> Request 2
700
(1, 2, 2)
2
(27, 79)
--> Day : 4
-> Request 0
56
(2, 3, 2)
2
(44, 42)
-> Request 1
114
(1, 1, 2)
3
(62, 32)
-> Request 2
259
(1, 2, 1)
1
(49, 6)
-> Request 3
1372
(3, 3, 2)
3
(42, 72)
---> Week : 112
--> Day : 0
-> Request 0
163
(1, 2, 2)
2
(60, 65)
-> Request 1
295
(3, 2, 2)
2
(58, 39)
-> Request 2
560
(1, 1, 2)
2
(59, 41)
-> Request 3
600
(4, 2, 1)
2
(44, 29)
-> Request 4
610
(3, 1, 2)
1
(51, 46)
-> Request 5
627
(4, 1, 1)
2
(65, 77)
-> Request 6
700
(3, 1, 2)
3
(1, 4)
-> Request 7
889
(3, 2, 2)
1
(44, 45)
-> Request 8
947
(4, 1, 2)
1
(12, 51)
-> Request 9
1082
(3, 3, 1)
1
(59, 31)
-> Request 10
1208
(1, 1, 2)
1
(43, 55)
-> Request 11
1429
(2, 3, 2)
2
(51, 28)
--> Day : 1
-> Request 0
20
(2, 2, 1)
2
(54, 28)
-> Request 1
316
(2, 3, 1)
2
(47, 22)
-> Request 2
719
(3, 2, 1)
2
(44, 37)
-> Request 3
828
(2, 2, 2)
2
(12, 23)
-> Request 4
977
(4, 3, 2)
3
(30, 70)
-> Request 5
1345
(2, 1, 1)
2
(19, 9)
--> Day : 2
-> Request 0
65
(2, 2, 2)
2
(52, 37)
-> Request 1
84
(3, 1, 2)
1
(15, 31)
-> Request 2
486
(1, 1, 2)
2
(45, 38)
-> Request 3
495
(3, 3, 1)
1
(18, 23)
-> Request 4
1137
(1, 1, 2)
1
(9, 48)
-> Request 5
1348
(2, 3, 2)
2
(60, 67)
-> Request 6
1353
(4, 2, 1)
2
(14, 4)
-> Request 7
1362
(4, 3, 2)
1
(43, 42)
--> Day : 3
-> Request 0
168
(1, 1, 2)
2
(18, 37)
-> Request 1
291
(2, 2, 1)
2
(53, 44)
-> Request 2
699
(2, 1, 2)
2
(54, 17)
-> Request 3
811
(4, 1, 1)
3
(79, 44)
-> Request 4
1139
(2, 2, 2)
2
(44, 29)
-> Request 5
1337
(1, 1, 1)
1
(47, 38)
--> Day : 4
-> Request 0
495
(4, 3, 1)
1
(55, 34)
-> Request 1
1038
(4, 3, 1)
3
(4, 30)
-> Request 2
1097
(2, 1, 1)
3
(76, 35)
-> Request 3
1192
(3, 3, 1)
2
(44, 29)
---> Week : 113
--> Day : 0
-> Request 0
425
(4, 1, 2)
1
(17, 0)
-> Request 1
566
(4, 2, 1)
3
(59, 76)
-> Request 2
1169
(3, 3, 1)
1
(63, 3)
--> Day : 1
-> Request 0
335
(4, 3, 2)
1
(36, 29)
-> Request 1
491
(4, 1, 2)
2
(48, 45)
-> Request 2
554
(4, 3, 1)
2
(74, 2)
-> Request 3
1200
(3, 3, 2)
2
(1, 24)
-> Request 4
1296
(1, 2, 1)
3
(62, 38)
--> Day : 2
-> Request 0
163
(4, 2, 1)
1
(60, 64)
-> Request 1
419
(2, 3, 1)
3
(65, 78)
-> Request 2
969
(4, 1, 1)
3
(30, 62)
-> Request 3
1313
(3, 1, 1)
2
(58, 43)
-> Request 4
1341
(4, 3, 2)
2
(19, 22)
--> Day : 3
-> Request 0
462
(2, 1, 2)
1
(59, 29)
-> Request 1
595
(2, 3, 1)
2
(8, 22)
-> Request 2
1404
(1, 1, 2)
1
(48, 35)
--> Day : 4
-> Request 0
16
(3, 1, 2)
1
(37, 48)
-> Request 1
66
(4, 3, 1)
1
(31, 66)
-> Request 2
299
(1, 2, 1)
2
(74, 45)
-> Request 3
691
(3, 3, 1)
1
(55, 28)
-> Request 4
834
(4, 3, 2)
2
(7, 22)
-> Request 5
870
(3, 1, 2)
3
(35, 56)
-> Request 6
977
(4, 3, 1)
1
(24, 7)
-> Request 7
1096
(4, 2, 1)
3
(19, 10)
-> Request 8
1337
(1, 2, 2)
3
(52, 72)
---> Week : 114
--> Day : 0
-> Request 0
18
(4, 2, 1)
1
(59, 69)
-> Request 1
243
(1, 3, 2)
3
(17, 22)
-> Request 2
489
(2, 1, 2)
1
(73, 50)
-> Request 3
1128
(3, 2, 1)
3
(55, 78)
-> Request 4
1306
(3, 1, 2)
2
(59, 64)
--> Day : 1
-> Request 0
659
(2, 3, 2)
2
(60, 24)
-> Request 1
907
(2, 3, 2)
3
(45, 34)
-> Request 2
1190
(4, 1, 1)
2
(43, 39)
-> Request 3
1346
(4, 3, 1)
2
(19, 45)
--> Day : 2
-> Request 0
118
(2, 2, 1)
2
(55, 43)
-> Request 1
526
(2, 3, 2)
1
(58, 28)
-> Request 2
636
(3, 2, 1)
3
(36, 45)
-> Request 3
1158
(3, 1, 2)
1
(56, 27)
-> Request 4
1200
(1, 2, 2)
1
(54, 73)
-> Request 5
1248
(4, 1, 1)
3
(48, 63)
-> Request 6
1275
(2, 1, 2)
2
(79, 39)
-> Request 7
1408
(1, 2, 1)
2
(10, 28)
--> Day : 3
-> Request 0
82
(2, 1, 1)
2
(46, 46)
-> Request 1
749
(1, 3, 1)
3
(65, 43)
-> Request 2
761
(4, 1, 1)
2
(21, 66)
-> Request 3
788
(4, 2, 2)
3
(32, 45)
-> Request 4
1118
(4, 3, 1)
3
(64, 73)
-> Request 5
1185
(4, 3, 1)
3
(52, 45)
-> Request 6
1319
(1, 2, 2)
3
(58, 42)
-> Request 7
1436
(1, 3, 1)
2
(16, 27)
--> Day : 4
-> Request 0
156
(4, 1, 2)
1
(56, 39)
-> Request 1
329
(2, 1, 1)
3
(19, 67)
-> Request 2
398
(1, 1, 1)
3
(63, 73)
-> Request 3
817
(2, 2, 2)
3
(56, 41)
-> Request 4
1107
(3, 2, 2)
2
(65, 59)
-> Request 5
1112
(1, 2, 2)
1
(55, 75)
---> Week : 115
--> Day : 0
-> Request 0
532
(1, 3, 2)
2
(52, 46)
-> Request 1
620
(3, 2, 2)
2
(46, 29)
-> Request 2
652
(2, 3, 1)
2
(8, 64)
-> Request 3
811
(3, 2, 2)
1
(54, 27)
-> Request 4
969
(3, 3, 2)
2
(29, 50)
-> Request 5
1001
(3, 3, 2)
1
(2, 39)
-> Request 6
1061
(2, 2, 2)
3
(29, 28)
-> Request 7
1229
(2, 3, 1)
2
(45, 30)
--> Day : 1
-> Request 0
597
(2, 2, 2)
1
(52, 40)
-> Request 1
780
(1, 3, 1)
1
(33, 40)
-> Request 2
871
(1, 1, 2)
1
(54, 7)
-> Request 3
1052
(3, 3, 1)
2
(9, 58)
--> Day : 2
-> Request 0
73
(2, 2, 1)
1
(44, 41)
-> Request 1
394
(2, 3, 2)
1
(32, 28)
-> Request 2
442
(1, 1, 2)
2
(13, 38)
-> Request 3
479
(2, 2, 1)
2
(53, 66)
-> Request 4
482
(4, 3, 1)
2
(49, 13)
-> Request 5
1051
(3, 1, 2)
2
(76, 31)
-> Request 6
1065
(1, 1, 2)
3
(59, 40)
--> Day : 3
-> Request 0
70
(4, 1, 2)
3
(64, 73)
-> Request 1
131
(4, 2, 2)
2
(51, 43)
-> Request 2
179
(4, 3, 2)
2
(59, 36)
-> Request 3
239
(1, 1, 1)
2
(60, 45)
-> Request 4
254
(2, 1, 1)
2
(60, 65)
-> Request 5
541
(2, 2, 2)
2
(73, 19)
-> Request 6
1194
(1, 1, 2)
3
(9, 3)
-> Request 7
1384
(1, 2, 2)
2
(59, 0)
--> Day : 4
-> Request 0
693
(4, 2, 1)
3
(66, 72)
-> Request 1
715
(3, 1, 1)
1
(9, 28)
-> Request 2
737
(2, 2, 2)
2
(27, 56)
---> Week : 116
--> Day : 0
-> Request 0
1060
(4, 3, 2)
2
(6, 17)
-> Request 1
1095
(2, 1, 2)
3
(49, 76)
-> Request 2
1130
(3, 1, 2)
3
(52, 40)
-> Request 3
1435
(4, 3, 1)
2
(53, 58)
--> Day : 1
-> Request 0
103
(4, 1, 2)
1
(46, 37)
-> Request 1
1019
(3, 1, 2)
1
(16, 28)
-> Request 2
1053
(1, 1, 1)
1
(4, 67)
-> Request 3
1254
(3, 2, 1)
3
(54, 56)
-> Request 4
1256
(3, 1, 1)
3
(59, 41)
-> Request 5
1373
(4, 1, 2)
3
(45, 42)
--> Day : 2
-> Request 0
153
(1, 1, 1)
3
(64, 70)
-> Request 1
672
(4, 3, 1)
2
(43, 33)
-> Request 2
1062
(3, 1, 1)
2
(64, 7)
--> Day : 3
-> Request 0
165
(4, 2, 1)
2
(34, 24)
-> Request 1
424
(3, 2, 1)
3
(79, 79)
-> Request 2
434
(1, 2, 1)
3
(46, 30)
-> Request 3
445
(4, 3, 1)
3
(56, 74)
-> Request 4
475
(3, 1, 2)
3
(66, 67)
-> Request 5
569
(2, 3, 1)
3
(58, 78)
-> Request 6
600
(3, 2, 2)
2
(48, 76)
-> Request 7
828
(3, 2, 2)
1
(62, 75)
-> Request 8
896
(2, 1, 1)
3
(24, 58)
-> Request 9
1221
(4, 1, 2)
2
(14, 24)
--> Day : 4
-> Request 0
137
(3, 1, 1)
3
(53, 41)
-> Request 1
681
(4, 2, 2)
1
(18, 22)
-> Request 2
791
(3, 1, 1)
2
(55, 46)
-> Request 3
829
(3, 2, 1)
2
(8, 25)
-> Request 4
933
(1, 2, 2)
2
(59, 45)
-> Request 5
1140
(3, 2, 2)
1
(44, 32)
-> Request 6
1190
(1, 2, 2)
2
(44, 48)
-> Request 7
1192
(3, 2, 2)
3
(44, 64)
-> Request 8
1261
(3, 2, 1)
1
(79, 20)
-> Request 9
1305
(3, 1, 1)
1
(70, 71)
-> Request 10
1325
(1, 2, 2)
2
(16, 21)
---> Week : 117
--> Day : 0
-> Request 0
184
(1, 3, 2)
1
(12, 27)
-> Request 1
880
(3, 3, 1)
3
(37, 47)
-> Request 2
1023
(4, 1, 2)
1
(57, 46)
-> Request 3
1077
(2, 2, 2)
2
(55, 1)
-> Request 4
1082
(4, 3, 2)
2
(53, 72)
-> Request 5
1334
(4, 2, 1)
3
(54, 47)
-> Request 6
1421
(1, 2, 1)
2
(53, 52)
--> Day : 1
-> Request 0
102
(3, 1, 2)
1
(50, 20)
-> Request 1
294
(4, 1, 1)
1
(66, 50)
-> Request 2
432
(3, 2, 1)
2
(7, 29)
-> Request 3
506
(2, 2, 1)
3
(54, 37)
-> Request 4
583
(1, 2, 1)
2
(12, 20)
-> Request 5
793
(1, 2, 1)
1
(0, 57)
-> Request 6
948
(2, 1, 2)
1
(43, 27)
-> Request 7
971
(1, 2, 2)
3
(9, 62)
--> Day : 2
-> Request 0
504
(2, 3, 1)
2
(17, 24)
-> Request 1
752
(2, 1, 1)
1
(56, 61)
-> Request 2
764
(3, 1, 1)
2
(17, 4)
-> Request 3
819
(3, 2, 1)
3
(47, 18)
-> Request 4
1328
(2, 1, 1)
3
(21, 54)
--> Day : 3
-> Request 0
68
(2, 3, 2)
1
(67, 32)
-> Request 1
304
(4, 1, 1)
2
(4, 74)
-> Request 2
323
(2, 2, 1)
3
(58, 32)
-> Request 3
409
(1, 1, 1)
2
(56, 37)
-> Request 4
451
(3, 1, 2)
1
(44, 44)
-> Request 5
572
(3, 1, 2)
3
(26, 53)
-> Request 6
819
(2, 2, 2)
3
(53, 66)
-> Request 7
1281
(3, 1, 2)
1
(1, 14)
--> Day : 4
-> Request 0
716
(1, 2, 1)
2
(75, 11)
-> Request 1
876
(3, 3, 2)
3
(76, 78)
-> Request 2
1195
(4, 1, 1)
3
(58, 78)
---> Week : 118
--> Day : 0
-> Request 0
28
(2, 1, 1)
2
(53, 44)
-> Request 1
183
(3, 1, 1)
1
(54, 33)
-> Request 2
235
(3, 3, 1)
1
(56, 44)
-> Request 3
503
(3, 3, 1)
1
(40, 28)
-> Request 4
645
(4, 1, 1)
2
(57, 71)
-> Request 5
738
(3, 1, 1)
1
(13, 39)
-> Request 6
1120
(3, 3, 1)
1
(1, 43)
--> Day : 1
-> Request 0
166
(2, 2, 1)
1
(21, 35)
-> Request 1
634
(2, 2, 1)
2
(46, 41)
-> Request 2
955
(4, 1, 1)
1
(12, 25)
-> Request 3
1146
(2, 2, 1)
1
(45, 28)
-> Request 4
1253
(3, 3, 1)
1
(61, 29)
--> Day : 2
-> Request 0
96
(3, 2, 2)
3
(12, 45)
-> Request 1
233
(2, 1, 1)
2
(61, 45)
-> Request 2
348
(4, 3, 2)
3
(56, 34)
-> Request 3
1156
(4, 2, 1)
3
(68, 18)
-> Request 4
1307
(1, 1, 1)
3
(56, 41)
--> Day : 3
-> Request 0
326
(2, 3, 1)
3
(59, 36)
-> Request 1
604
(1, 2, 1)
2
(71, 62)
-> Request 2
1067
(4, 1, 1)
1
(11, 26)
-> Request 3
1236
(1, 1, 1)
3
(36, 48)
-> Request 4
1342
(1, 1, 2)
2
(49, 50)
--> Day : 4
-> Request 0
11
(3, 3, 1)
3
(13, 59)
-> Request 1
148
(3, 1, 2)
1
(74, 34)
-> Request 2
223
(2, 1, 2)
3
(66, 70)
-> Request 3
665
(4, 1, 1)
1
(46, 78)
-> Request 4
670
(2, 3, 2)
3
(49, 28)
---> Week : 119
--> Day : 0
-> Request 0
470
(2, 2, 1)
3
(53, 64)
-> Request 1
498
(4, 2, 1)
1
(56, 66)
-> Request 2
594
(1, 2, 2)
1
(44, 45)
-> Request 3
997
(3, 2, 1)
3
(35, 18)
-> Request 4
1185
(2, 1, 2)
3
(39, 53)
--> Day : 1
-> Request 0
45
(2, 2, 1)
3
(5, 22)
-> Request 1
138
(2, 3, 2)
1
(55, 27)
-> Request 2
210
(1, 1, 1)
2
(56, 46)
-> Request 3
306
(1, 3, 2)
2
(10, 43)
-> Request 4
516
(2, 3, 1)
3
(54, 78)
-> Request 5
1064
(1, 1, 1)
1
(60, 28)
-> Request 6
1189
(1, 3, 1)
2
(29, 56)
--> Day : 2
-> Request 0
99
(3, 3, 2)
1
(45, 71)
-> Request 1
113
(3, 3, 2)
1
(58, 39)
-> Request 2
352
(1, 3, 1)
1
(78, 58)
-> Request 3
1069
(2, 1, 2)
1
(10, 78)
-> Request 4
1112
(2, 2, 2)
2
(43, 46)
--> Day : 3
-> Request 0
160
(3, 3, 2)
3
(13, 25)
-> Request 1
490
(1, 1, 1)
1
(1, 4)
-> Request 2
622
(3, 1, 1)
1
(46, 35)
--> Day : 4
-> Request 0
126
(2, 1, 1)
2
(17, 22)
-> Request 1
503
(2, 2, 1)
1
(44, 28)
-> Request 2
929
(3, 3, 2)
3
(15, 30)
---> Week : 120
--> Day : 0
-> Request 0
266
(4, 3, 1)
2
(25, 24)
-> Request 1
721
(4, 1, 1)
3
(75, 5)
-> Request 2
882
(4, 2, 1)
1
(21, 53)
-> Request 3
898
(1, 2, 1)
1
(64, 69)
-> Request 4
1179
(2, 3, 2)
3
(64, 70)
--> Day : 1
-> Request 0
1
(4, 1, 2)
3
(9, 49)
-> Request 1
440
(1, 1, 2)
1
(64, 72)
-> Request 2
548
(3, 2, 1)
2
(61, 69)
-> Request 3
840
(4, 2, 2)
2
(55, 34)
-> Request 4
912
(1, 3, 1)
2
(44, 37)
--> Day : 2
-> Request 0
341
(2, 3, 1)
3
(44, 30)
-> Request 1
541
(3, 3, 1)
2
(58, 27)
--> Day : 3
-> Request 0
154
(1, 2, 1)
3
(61, 73)
-> Request 1
282
(4, 3, 1)
3
(44, 28)
-> Request 2
357
(2, 3, 1)
2
(2, 7)
-> Request 3
676
(2, 1, 2)
3
(35, 28)
-> Request 4
911
(1, 1, 1)
1
(60, 73)
-> Request 5
1023
(3, 2, 1)
3
(57, 68)
--> Day : 4
-> Request 0
382
(2, 2, 2)
1
(61, 73)
-> Request 1
551
(1, 3, 2)
2
(67, 21)
-> Request 2
976
(3, 2, 1)
3
(21, 79)
-> Request 3
989
(1, 2, 2)
3
(66, 66)
-> Request 4
1130
(1, 2, 2)
1
(70, 41)
---> Week : 121
--> Day : 0
-> Request 0
370
(3, 3, 2)
2
(52, 40)
--> Day : 1
-> Request 0
279
(4, 2, 2)
1
(79, 20)
-> Request 1
308
(3, 1, 1)
1
(65, 78)
-> Request 2
401
(1, 1, 1)
2
(33, 30)
-> Request 3
799
(4, 3, 1)
2
(63, 60)
-> Request 4
1088
(3, 1, 1)
3
(58, 76)
-> Request 5
1088
(3, 3, 1)
2
(58, 71)
-> Request 6
1201
(3, 1, 2)
3
(54, 79)
--> Day : 2
-> Request 0
382
(4, 1, 2)
3
(59, 78)
-> Request 1
614
(2, 2, 1)
3
(60, 43)
-> Request 2
684
(1, 3, 1)
2
(65, 77)
-> Request 3
890
(3, 3, 1)
2
(47, 2)
-> Request 4
947
(4, 3, 2)
1
(20, 12)
-> Request 5
1119
(4, 3, 2)
2
(51, 28)
--> Day : 3
-> Request 0
544
(4, 3, 1)
2
(2, 74)
-> Request 1
845
(4, 1, 1)
2
(46, 37)
-> Request 2
1000
(3, 1, 2)
3
(77, 25)
-> Request 3
1255
(1, 1, 1)
3
(22, 13)
--> Day : 4
-> Request 0
54
(1, 3, 1)
3
(33, 2)
-> Request 1
86
(1, 3, 1)
1
(44, 33)
-> Request 2
128
(1, 1, 1)
2
(65, 72)
-> Request 3
502
(1, 3, 1)
1
(61, 28)
-> Request 4
552
(1, 1, 2)
1
(18, 20)
-> Request 5
874
(4, 2, 1)
3
(3, 68)
-> Request 6
994
(4, 2, 2)
1
(70, 15)
-> Request 7
1075
(1, 1, 2)
1
(57, 28)
-> Request 8
1422
(2, 1, 2)
2
(51, 28)
---> Week : 122
--> Day : 0
-> Request 0
110
(3, 1, 2)
3
(65, 69)
-> Request 1
311
(2, 2, 2)
1
(63, 26)
-> Request 2
855
(3, 3, 2)
1
(52, 34)
-> Request 3
1010
(3, 1, 1)
2
(53, 70)
-> Request 4
1436
(1, 1, 2)
3
(53, 46)
--> Day : 1
-> Request 0
111
(4, 2, 1)
3
(56, 59)
-> Request 1
293
(3, 3, 2)
1
(60, 36)
-> Request 2
542
(4, 1, 2)
2
(59, 67)
-> Request 3
637
(2, 1, 1)
3
(54, 41)
-> Request 4
1159
(2, 1, 2)
2
(62, 32)
--> Day : 2
-> Request 0
81
(1, 1, 1)
2
(53, 30)
-> Request 1
218
(2, 3, 1)
2
(67, 0)
-> Request 2
629
(1, 2, 1)
1
(59, 39)
-> Request 3
806
(3, 1, 2)
1
(8, 21)
-> Request 4
981
(2, 1, 1)
2
(9, 44)
--> Day : 3
-> Request 0
317
(4, 2, 1)
3
(12, 9)
-> Request 1
330
(4, 3, 1)
2
(47, 45)
-> Request 2
801
(3, 3, 2)
2
(62, 78)
-> Request 3
1372
(2, 3, 1)
1
(71, 31)
--> Day : 4
-> Request 0
279
(4, 2, 1)
2
(57, 34)
-> Request 1
417
(1, 1, 1)
1
(5, 61)
-> Request 2
611
(2, 1, 1)
3
(16, 78)
-> Request 3
619
(2, 3, 1)
2
(24, 51)
-> Request 4
637
(4, 2, 1)
2
(45, 31)
-> Request 5
693
(2, 2, 1)
1
(9, 21)
-> Request 6
1330
(2, 2, 2)
1
(58, 31)
-> Request 7
1363
(2, 1, 1)
2
(59, 70)
---> Week : 123
--> Day : 0
-> Request 0
44
(2, 1, 2)
1
(60, 29)
-> Request 1
167
(4, 3, 2)
2
(71, 25)
-> Request 2
408
(1, 2, 2)
3
(54, 36)
-> Request 3
416
(2, 1, 1)
3
(57, 42)
-> Request 4
587
(4, 3, 2)
1
(61, 66)
-> Request 5
1140
(3, 1, 2)
2
(62, 31)
-> Request 6
1429
(1, 3, 2)
2
(55, 22)
--> Day : 1
-> Request 0
219
(2, 1, 1)
1
(34, 26)
-> Request 1
539
(2, 3, 2)
2
(59, 28)
-> Request 2
687
(2, 3, 2)
3
(61, 5)
-> Request 3
929
(2, 2, 2)
2
(55, 38)
--> Day : 2
-> Request 0
199
(2, 2, 2)
1
(39, 69)
-> Request 1
450
(1, 2, 2)
3
(40, 66)
-> Request 2
719
(1, 1, 1)
2
(65, 73)
-> Request 3
839
(4, 1, 1)
3
(2, 37)
-> Request 4
961
(1, 2, 1)
3
(39, 47)
-> Request 5
1044
(2, 3, 1)
1
(65, 48)
--> Day : 3
-> Request 0
257
(3, 2, 1)
1
(1, 35)
-> Request 1
706
(1, 1, 2)
2
(52, 37)
-> Request 2
889
(1, 1, 1)
3
(48, 41)
-> Request 3
1134
(4, 2, 2)
3
(66, 64)
--> Day : 4
-> Request 0
207
(2, 3, 1)
3
(44, 45)
-> Request 1
242
(4, 3, 1)
2
(14, 36)
-> Request 2
539
(2, 2, 1)
2
(53, 38)
-> Request 3
751
(4, 2, 2)
2
(64, 76)
-> Request 4
1070
(3, 2, 2)
2
(64, 18)
-> Request 5
1128
(4, 2, 2)
2
(18, 37)
-> Request 6
1408
(2, 2, 2)
3
(56, 52)
---> Week : 124
--> Day : 0
-> Request 0
563
(4, 2, 1)
2
(55, 29)
-> Request 1
738
(1, 3, 2)
3
(51, 42)
-> Request 2
859
(1, 2, 2)
1
(52, 70)
-> Request 3
1003
(4, 3, 2)
2
(22, 1)
--> Day : 1
-> Request 0
132
(1, 1, 1)
1
(38, 50)
-> Request 1
330
(2, 2, 1)
1
(65, 58)
-> Request 2
499
(3, 2, 2)
2
(55, 70)
-> Request 3
946
(1, 3, 2)
2
(66, 76)
-> Request 4
987
(2, 3, 2)
3
(52, 45)
-> Request 5
1325
(3, 2, 1)
1
(12, 77)
--> Day : 2
-> Request 0
11
(2, 3, 2)
2
(52, 77)
-> Request 1
110
(3, 1, 2)
1
(56, 37)
-> Request 2
298
(1, 3, 2)
3
(62, 34)
-> Request 3
1055
(1, 1, 2)
2
(53, 28)
-> Request 4
1120
(4, 3, 2)
3
(69, 61)
--> Day : 3
-> Request 0
190
(1, 1, 1)
1
(22, 79)
-> Request 1
375
(3, 2, 2)
3
(72, 50)
-> Request 2
377
(3, 2, 1)
1
(44, 31)
-> Request 3
588
(4, 1, 2)
2
(58, 27)
-> Request 4
1102
(2, 1, 2)
3
(34, 58)
-> Request 5
1364
(1, 2, 1)
3
(0, 60)
-> Request 6
1426
(4, 2, 1)
3
(17, 23)
--> Day : 4
-> Request 0
517
(2, 2, 2)
3
(57, 29)
-> Request 1
629
(4, 1, 2)
3
(17, 48)
-> Request 2
911
(3, 2, 1)
3
(43, 36)
-> Request 3
912
(1, 3, 2)
3
(43, 30)
-> Request 4
919
(3, 1, 1)
1
(55, 38)
-> Request 5
1025
(3, 2, 1)
2
(52, 32)
-> Request 6
1418
(2, 1, 1)
2
(46, 15)
---> Week : 125
--> Day : 0
-> Request 0
12
(3, 3, 1)
1
(51, 42)
-> Request 1
21
(3, 3, 1)
3
(57, 39)
-> Request 2
151
(2, 1, 2)
1
(43, 34)
-> Request 3
472
(2, 3, 1)
3
(9, 11)
-> Request 4
625
(1, 1, 2)
2
(66, 28)
-> Request 5
656
(1, 3, 1)
3
(50, 43)
-> Request 6
896
(1, 2, 1)
2
(60, 36)
-> Request 7
961
(4, 1, 1)
2
(63, 61)
-> Request 8
1143
(4, 2, 1)
2
(58, 29)
--> Day : 1
-> Request 0
710
(2, 1, 1)
2
(67, 14)
-> Request 1
1004
(2, 2, 1)
3
(76, 6)
-> Request 2
1235
(4, 1, 1)
1
(51, 32)
--> Day : 2
-> Request 0
220
(3, 1, 2)
1
(3, 19)
-> Request 1
541
(3, 1, 2)
2
(35, 39)
-> Request 2
582
(3, 3, 1)
3
(43, 46)
-> Request 3
592
(2, 3, 2)
1
(53, 34)
-> Request 4
649
(1, 1, 1)
1
(55, 68)
-> Request 5
977
(2, 3, 1)
1
(54, 27)
-> Request 6
1191
(4, 3, 1)
2
(74, 63)
-> Request 7
1395
(3, 2, 2)
3
(44, 43)
--> Day : 3
-> Request 0
187
(1, 2, 2)
3
(56, 43)
-> Request 1
239
(2, 2, 2)
2
(78, 14)
-> Request 2
552
(4, 2, 2)
1
(46, 46)
-> Request 3
1123
(4, 2, 1)
1
(37, 51)
--> Day : 4
-> Request 0
56
(3, 1, 2)
2
(62, 27)
-> Request 1
175
(1, 1, 1)
1
(32, 1)
-> Request 2
179
(4, 1, 2)
1
(26, 6)
-> Request 3
636
(4, 1, 2)
1
(57, 73)
-> Request 4
886
(3, 3, 1)
2
(52, 70)
-> Request 5
948
(3, 1, 1)
3
(57, 73)
-> Request 6
982
(4, 3, 1)
3
(50, 43)
-> Request 7
1336
(4, 3, 1)
3
(13, 21)
-> Request 8
1376
(2, 3, 1)
3
(56, 22)
---> Week : 126
--> Day : 0
-> Request 0
27
(1, 3, 1)
3
(29, 67)
-> Request 1
145
(2, 2, 2)
2
(50, 34)
-> Request 2
574
(3, 3, 2)
2
(53, 30)
-> Request 3
796
(1, 2, 2)
2
(64, 64)
-> Request 4
845
(3, 3, 2)
2
(65, 42)
-> Request 5
1129
(3, 3, 2)
2
(46, 32)
-> Request 6
1263
(3, 2, 2)
3
(65, 75)
--> Day : 1
-> Request 0
214
(4, 2, 1)
3
(60, 34)
-> Request 1
270
(1, 1, 2)
2
(33, 64)
-> Request 2
430
(4, 3, 2)
2
(22, 2)
-> Request 3
537
(3, 1, 1)
3
(14, 21)
-> Request 4
585
(3, 2, 2)
1
(43, 42)
-> Request 5
1008
(1, 3, 2)
1
(48, 46)
-> Request 6
1122
(1, 1, 1)
3
(61, 38)
--> Day : 2
-> Request 0
186
(2, 3, 1)
3
(53, 34)
-> Request 1
769
(3, 1, 2)
3
(63, 65)
-> Request 2
997
(1, 2, 2)
1
(79, 63)
--> Day : 3
-> Request 0
135
(1, 1, 2)
3
(53, 44)
-> Request 1
507
(3, 1, 2)
3
(61, 26)
-> Request 2
832
(2, 1, 2)
2
(45, 3)
-> Request 3
1221
(3, 1, 1)
3
(74, 6)
-> Request 4
1287
(3, 3, 2)
2
(15, 24)
-> Request 5
1363
(3, 2, 1)
2
(58, 73)
--> Day : 4
-> Request 0
937
(4, 2, 2)
2
(5, 76)
-> Request 1
988
(3, 1, 1)
2
(18, 12)
---> Week : 127
--> Day : 0
-> Request 0
114
(4, 1, 1)
3
(62, 28)
-> Request 1
557
(3, 2, 1)
1
(33, 11)
-> Request 2
735
(3, 3, 2)
1
(55, 33)
-> Request 3
1273
(3, 3, 1)
2
(50, 38)
--> Day : 1
-> Request 0
241
(2, 2, 1)
1
(43, 36)
-> Request 1
327
(3, 1, 2)
2
(51, 42)
-> Request 2
419
(2, 3, 2)
1
(38, 37)
-> Request 3
722
(4, 2, 1)
1
(47, 34)
-> Request 4
757
(2, 2, 2)
1
(44, 39)
-> Request 5
798
(1, 2, 1)
3
(55, 43)
-> Request 6
1064
(4, 2, 2)
2
(56, 64)
-> Request 7
1119
(1, 2, 2)
3
(8, 20)
-> Request 8
1140
(1, 1, 1)
3
(16, 23)
-> Request 9
1264
(2, 2, 1)
1
(12, 24)
-> Request 10
1314
(2, 2, 1)
3
(53, 69)
--> Day : 2
-> Request 0
74
(2, 3, 2)
3
(59, 33)
-> Request 1
735
(4, 2, 1)
3
(65, 9)
-> Request 2
1225
(1, 1, 2)
3
(44, 38)
-> Request 3
1379
(1, 3, 2)
2
(18, 40)
-> Request 4
1434
(2, 3, 2)
1
(51, 28)
--> Day : 3
-> Request 0
459
(3, 3, 2)
3
(59, 65)
-> Request 1
890
(4, 3, 2)
2
(51, 31)
-> Request 2
955
(2, 2, 1)
2
(66, 72)
--> Day : 4
-> Request 0
149
(4, 3, 1)
3
(71, 73)
-> Request 1
438
(2, 3, 2)
3
(74, 52)
-> Request 2
577
(4, 3, 2)
3
(66, 46)
-> Request 3
751
(4, 1, 1)
1
(73, 30)
-> Request 4
1213
(3, 1, 2)
3
(57, 28)
-> Request 5
1269
(2, 2, 1)
3
(45, 38)
-> Request 6
1393
(4, 3, 1)
1
(11, 21)
---> Week : 128
--> Day : 0
-> Request 0
447
(1, 1, 2)
1
(52, 46)
-> Request 1
1288
(3, 2, 1)
2
(58, 30)
-> Request 2
1293
(2, 2, 2)
3
(43, 34)
-> Request 3
1378
(1, 2, 1)
1
(28, 6)
--> Day : 1
-> Request 0
264
(3, 3, 1)
2
(65, 77)
-> Request 1
323
(1, 1, 2)
3
(19, 70)
-> Request 2
329
(2, 3, 2)
1
(5, 27)
-> Request 3
525
(1, 3, 1)
2
(59, 44)
-> Request 4
733
(3, 3, 1)
2
(9, 24)
-> Request 5
934
(3, 2, 1)
3
(60, 42)
-> Request 6
1061
(3, 3, 1)
3
(2, 2)
--> Day : 2
-> Request 0
585
(4, 1, 1)
3
(59, 65)
-> Request 1
749
(3, 2, 1)
3
(64, 32)
-> Request 2
983
(4, 3, 1)
1
(69, 37)
-> Request 3
1190
(4, 3, 2)
1
(62, 76)
-> Request 4
1217
(1, 3, 2)
3
(12, 28)
-> Request 5
1395
(4, 1, 1)
1
(60, 31)
--> Day : 3
-> Request 0
1091
(3, 2, 2)
2
(11, 59)
-> Request 1
1140
(2, 1, 1)
1
(13, 20)
-> Request 2
1182
(3, 3, 2)
3
(9, 29)
-> Request 3
1194
(2, 1, 1)
2
(0, 77)
-> Request 4
1275
(2, 3, 1)
2
(64, 65)
--> Day : 4
-> Request 0
405
(3, 1, 2)
3
(51, 29)
-> Request 1
410
(2, 1, 1)
1
(8, 20)
-> Request 2
798
(4, 1, 1)
3
(14, 9)
---> Week : 129
--> Day : 0
-> Request 0
353
(2, 1, 1)
3
(2, 12)
-> Request 1
433
(2, 2, 1)
3
(43, 30)
-> Request 2
534
(2, 1, 2)
3
(70, 2)
-> Request 3
984
(4, 3, 2)
3
(62, 41)
-> Request 4
998
(3, 1, 1)
3
(61, 29)
-> Request 5
1118
(3, 3, 1)
1
(46, 36)
-> Request 6
1313
(2, 1, 2)
3
(55, 27)
--> Day : 1
-> Request 0
77
(3, 3, 2)
1
(77, 45)
-> Request 1
138
(3, 2, 2)
1
(33, 17)
-> Request 2
491
(1, 1, 1)
3
(62, 44)
-> Request 3
957
(1, 2, 1)
3
(21, 76)
-> Request 4
1121
(4, 2, 2)
1
(16, 23)
--> Day : 2
-> Request 0
341
(1, 3, 2)
2
(53, 35)
-> Request 1
441
(1, 2, 2)
3
(70, 32)
-> Request 2
947
(4, 2, 2)
3
(22, 28)
-> Request 3
1007
(1, 2, 2)
2
(48, 15)
-> Request 4
1070
(4, 1, 2)
2
(60, 46)
-> Request 5
1373
(2, 2, 1)
3
(10, 22)
--> Day : 3
-> Request 0
42
(3, 1, 1)
3
(51, 43)
-> Request 1
58
(4, 3, 2)
2
(45, 10)
-> Request 2
134
(2, 1, 1)
1
(61, 45)
-> Request 3
259
(4, 2, 1)
3
(29, 27)
-> Request 4
312
(3, 1, 2)
1
(3, 12)
-> Request 5
589
(1, 2, 2)
1
(2, 38)
-> Request 6
596
(4, 3, 2)
3
(65, 69)
-> Request 7
596
(4, 3, 2)
1
(44, 29)
-> Request 8
629
(4, 3, 1)
3
(33, 13)
-> Request 9
659
(4, 3, 1)
3
(61, 70)
-> Request 10
1425
(4, 2, 2)
2
(30, 2)
--> Day : 4
-> Request 0
210
(2, 2, 2)
1
(64, 65)
-> Request 1
405
(3, 1, 2)
1
(63, 68)
-> Request 2
538
(3, 2, 2)
3
(0, 16)
-> Request 3
615
(4, 1, 2)
1
(60, 28)
-> Request 4
688
(1, 2, 1)
1
(51, 67)
-> Request 5
1338
(4, 1, 1)
2
(34, 74)
---> Week : 130
--> Day : 0
-> Request 0
61
(4, 3, 1)
3
(3, 29)
-> Request 1
256
(3, 2, 2)
2
(2, 78)
-> Request 2
330
(3, 3, 1)
2
(13, 29)
-> Request 3
463
(3, 2, 2)
3
(15, 64)
-> Request 4
645
(2, 2, 1)
2
(62, 66)
-> Request 5
705
(4, 2, 2)
1
(69, 18)
-> Request 6
755
(2, 1, 2)
3
(50, 14)
-> Request 7
864
(2, 3, 2)
1
(58, 65)
-> Request 8
908
(1, 2, 1)
1
(57, 29)
-> Request 9
1041
(1, 2, 1)
3
(11, 25)
-> Request 10
1418
(2, 2, 2)
1
(65, 9)
-> Request 11
1438
(4, 2, 2)
2
(25, 14)
--> Day : 1
-> Request 0
287
(3, 3, 1)
1
(35, 26)
-> Request 1
439
(4, 1, 1)
1
(4, 67)
-> Request 2
487
(4, 2, 2)
1
(44, 37)
-> Request 3
616
(3, 3, 2)
1
(13, 21)
-> Request 4
751
(3, 1, 2)
2
(6, 72)
-> Request 5
1013
(3, 2, 1)
2
(40, 71)
--> Day : 2
-> Request 0
120
(3, 3, 2)
1
(20, 57)
-> Request 1
1021
(3, 3, 1)
2
(11, 25)
-> Request 2
1083
(1, 1, 1)
2
(56, 68)
-> Request 3
1345
(2, 1, 1)
2
(23, 57)
--> Day : 3
-> Request 0
120
(4, 2, 2)
2
(12, 21)
-> Request 1
303
(1, 3, 1)
1
(46, 29)
-> Request 2
539
(2, 3, 2)
3
(54, 0)
-> Request 3
855
(2, 2, 1)
3
(54, 74)
-> Request 4
1314
(2, 3, 1)
1
(28, 20)
-> Request 5
1421
(3, 3, 2)
1
(62, 45)
--> Day : 4
-> Request 0
282
(3, 1, 1)
3
(10, 27)
-> Request 1
577
(3, 2, 2)
3
(16, 78)
-> Request 2
1082
(2, 2, 2)
2
(65, 19)
-> Request 3
1086
(3, 2, 2)
1
(45, 42)
-> Request 4
1182
(2, 3, 2)
3
(57, 43)
-> Request 5
1254
(1, 2, 1)
2
(54, 31)
---> Week : 131
--> Day : 0
-> Request 0
172
(4, 2, 1)
2
(47, 35)
-> Request 1
414
(3, 1, 1)
3
(47, 39)
-> Request 2
467
(1, 3, 2)
2
(22, 64)
-> Request 3
633
(2, 3, 1)
1
(49, 73)
-> Request 4
1110
(3, 2, 1)
1
(28, 57)
-> Request 5
1162
(2, 2, 2)
2
(50, 38)
--> Day : 1
-> Request 0
337
(4, 1, 1)
3
(42, 9)
-> Request 1
428
(2, 1, 2)
2
(68, 24)
-> Request 2
1173
(4, 3, 2)
2
(60, 39)
--> Day : 2
-> Request 0
151
(2, 1, 2)
2
(66, 71)
-> Request 1
981
(1, 3, 2)
1
(37, 9)
--> Day : 3
-> Request 0
330
(4, 3, 1)
3
(59, 30)
-> Request 1
629
(4, 1, 2)
3
(59, 50)
-> Request 2
998
(1, 3, 2)
1
(43, 6)
-> Request 3
998
(1, 3, 1)
3
(60, 65)
-> Request 4
1422
(1, 1, 1)
1
(72, 61)
--> Day : 4
-> Request 0
20
(4, 2, 2)
1
(64, 77)
-> Request 1
966
(2, 3, 2)
2
(78, 15)
-> Request 2
1051
(4, 2, 1)
2
(53, 76)
---> Week : 132
--> Day : 0
-> Request 0
137
(3, 3, 1)
1
(9, 23)
-> Request 1
933
(3, 1, 2)
3
(5, 0)
-> Request 2
1197
(4, 2, 1)
1
(47, 46)
--> Day : 1
-> Request 0
162
(4, 1, 2)
3
(51, 36)
-> Request 1
313
(4, 1, 1)
3
(9, 22)
-> Request 2
627
(1, 2, 2)
3
(42, 71)
-> Request 3
922
(3, 1, 2)
3
(25, 65)
-> Request 4
1038
(1, 3, 1)
1
(27, 75)
-> Request 5
1094
(4, 1, 2)
2
(57, 75)
--> Day : 2
-> Request 0
619
(2, 3, 2)
1
(53, 19)
-> Request 1
646
(3, 2, 1)
1
(11, 24)
-> Request 2
1233
(4, 1, 2)
3
(56, 44)
-> Request 3
1314
(3, 3, 2)
2
(43, 29)
-> Request 4
1360
(3, 3, 2)
2
(43, 36)
--> Day : 3
-> Request 0
131
(3, 1, 1)
3
(33, 52)
-> Request 1
368
(1, 3, 1)
3
(47, 30)
-> Request 2
492
(1, 1, 1)
1
(20, 64)
-> Request 3
498
(2, 3, 2)
3
(15, 27)
-> Request 4
681
(4, 3, 2)
3
(51, 34)
-> Request 5
937
(4, 1, 1)
1
(14, 39)
-> Request 6
1181
(2, 2, 1)
2
(60, 37)
--> Day : 4
-> Request 0
20
(4, 3, 2)
1
(58, 74)
-> Request 1
34
(4, 1, 1)
2
(55, 77)
-> Request 2
95
(3, 2, 1)
2
(48, 27)
-> Request 3
214
(1, 1, 1)
3
(55, 70)
-> Request 4
325
(4, 2, 2)
3
(54, 35)
-> Request 5
520
(1, 3, 1)
1
(58, 42)
-> Request 6
994
(2, 2, 1)
2
(53, 44)
-> Request 7
1002
(2, 3, 1)
1
(76, 70)
---> Week : 133
--> Day : 0
-> Request 0
39
(3, 2, 1)
1
(7, 30)
-> Request 1
49
(2, 1, 2)
2
(0, 15)
-> Request 2
331
(4, 1, 2)
1
(24, 76)
-> Request 3
708
(4, 3, 1)
3
(20, 67)
-> Request 4
1220
(4, 2, 1)
2
(2, 24)
--> Day : 1
-> Request 0
130
(1, 3, 2)
2
(0, 41)
-> Request 1
150
(3, 2, 2)
3
(5, 53)
-> Request 2
951
(2, 3, 2)
1
(45, 32)
-> Request 3
1055
(2, 2, 1)
1
(59, 76)
-> Request 4
1106
(1, 1, 2)
3
(47, 42)
-> Request 5
1194
(3, 2, 2)
2
(34, 7)
-> Request 6
1298
(1, 1, 1)
1
(57, 45)
-> Request 7
1326
(3, 1, 1)
1
(7, 27)
-> Request 8
1340
(1, 2, 1)
3
(50, 40)
--> Day : 2
-> Request 0
395
(1, 1, 2)
1
(3, 16)
-> Request 1
671
(2, 2, 2)
3
(11, 27)
-> Request 2
1241
(4, 1, 1)
3
(58, 64)
--> Day : 3
-> Request 0
168
(2, 2, 1)
1
(53, 33)
-> Request 1
375
(3, 2, 1)
3
(54, 35)
-> Request 2
442
(1, 2, 2)
1
(42, 78)
-> Request 3
642
(4, 1, 2)
2
(56, 45)
-> Request 4
1115
(4, 3, 2)
2
(14, 61)
-> Request 5
1245
(1, 3, 2)
2
(60, 74)
-> Request 6
1266
(2, 2, 2)
2
(58, 32)
-> Request 7
1403
(2, 3, 2)
1
(53, 36)
--> Day : 4
-> Request 0
93
(1, 2, 2)
3
(70, 19)
-> Request 1
280
(2, 3, 1)
1
(19, 24)
-> Request 2
452
(1, 2, 2)
1
(58, 65)
-> Request 3
1238
(4, 1, 2)
2
(56, 27)
-> Request 4
1238
(1, 3, 1)
3
(32, 79)
---> Week : 134
--> Day : 0
-> Request 0
193
(2, 2, 2)
3
(56, 64)
-> Request 1
357
(1, 3, 2)
1
(19, 69)
-> Request 2
895
(2, 2, 1)
3
(49, 63)
-> Request 3
1000
(3, 2, 2)
3
(17, 21)
-> Request 4
1170
(4, 2, 1)
1
(53, 42)
-> Request 5
1377
(3, 3, 2)
1
(57, 35)
--> Day : 1
-> Request 0
365
(2, 1, 1)
3
(54, 70)
-> Request 1
475
(1, 3, 2)
2
(75, 15)
-> Request 2
546
(3, 1, 2)
3
(8, 40)
-> Request 3
793
(3, 2, 1)
1
(58, 36)
-> Request 4
1028
(4, 1, 1)
1
(49, 37)
-> Request 5
1072
(2, 3, 2)
1
(53, 76)
-> Request 6
1163
(1, 2, 2)
3
(55, 39)
--> Day : 2
-> Request 0
157
(1, 1, 2)
1
(51, 33)
-> Request 1
209
(3, 2, 1)
1
(73, 36)
-> Request 2
294
(1, 2, 2)
2
(60, 46)
-> Request 3
739
(2, 1, 1)
2
(61, 78)
-> Request 4
1246
(4, 3, 2)
2
(53, 32)
--> Day : 3
-> Request 0
44
(3, 3, 2)
3
(61, 31)
-> Request 1
62
(4, 1, 1)
2
(28, 76)
-> Request 2
64
(2, 3, 2)
2
(46, 44)
-> Request 3
312
(2, 2, 2)
3
(41, 24)
-> Request 4
1282
(4, 2, 1)
3
(53, 70)
--> Day : 4
-> Request 0
328
(2, 2, 2)
2
(65, 69)
-> Request 1
358
(4, 1, 1)
2
(65, 73)
-> Request 2
565
(1, 1, 1)
1
(46, 39)
-> Request 3
640
(4, 2, 1)
3
(39, 50)
-> Request 4
839
(2, 1, 2)
2
(52, 69)
-> Request 5
839
(4, 3, 1)
1
(44, 42)
-> Request 6
1006
(2, 2, 2)
2
(1, 46)
-> Request 7
1075
(2, 3, 2)
2
(11, 4)
-> Request 8
1115
(3, 1, 2)
1
(55, 66)
-> Request 9
1216
(4, 3, 1)
3
(53, 72)
-> Request 10
1357
(2, 2, 2)
2
(59, 67)
-> Request 11
1390
(1, 3, 2)
3
(77, 71)
---> Week : 135
--> Day : 0
-> Request 0
49
(1, 1, 2)
2
(26, 30)
-> Request 1
78
(1, 1, 2)
2
(44, 41)
-> Request 2
746
(4, 1, 2)
1
(69, 53)
--> Day : 1
-> Request 0
451
(1, 1, 1)
3
(73, 68)
-> Request 1
624
(1, 2, 1)
1
(60, 47)
-> Request 2
841
(4, 3, 2)
3
(62, 64)
-> Request 3
880
(3, 2, 2)
2
(54, 61)
-> Request 4
1332
(1, 2, 1)
3
(55, 74)
-> Request 5
1337
(3, 3, 2)
3
(57, 52)
--> Day : 2
-> Request 0
77
(4, 2, 1)
1
(58, 62)
-> Request 1
149
(3, 2, 2)
1
(71, 8)
-> Request 2
186
(4, 2, 2)
2
(48, 14)
-> Request 3
239
(2, 3, 1)
1
(45, 25)
-> Request 4
369
(4, 1, 1)
3
(25, 44)
-> Request 5
408
(4, 3, 2)
2
(72, 39)
-> Request 6
562
(1, 3, 2)
1
(78, 46)
-> Request 7
567
(1, 1, 2)
3
(61, 58)
-> Request 8
719
(4, 2, 2)
1
(11, 2)
-> Request 9
1065
(1, 2, 2)
1
(59, 19)
-> Request 10
1326
(1, 3, 2)
1
(63, 29)
-> Request 11
1388
(2, 1, 2)
3
(11, 24)
-> Request 12
1434
(1, 3, 1)
3
(58, 43)
--> Day : 3
-> Request 0
339
(2, 3, 1)
2
(21, 36)
-> Request 1
377
(1, 2, 2)
2
(75, 77)
-> Request 2
443
(4, 2, 2)
3
(52, 34)
-> Request 3
733
(1, 3, 1)
1
(48, 38)
-> Request 4
879
(3, 2, 2)
1
(34, 20)
--> Day : 4
-> Request 0
144
(3, 2, 1)
2
(38, 66)
-> Request 1
1283
(1, 2, 2)
3
(16, 37)
---> Week : 136
--> Day : 0
-> Request 0
105
(3, 1, 2)
1
(66, 63)
-> Request 1
266
(1, 3, 2)
1
(52, 43)
-> Request 2
917
(2, 2, 2)
1
(9, 71)
-> Request 3
1244
(2, 3, 2)
2
(56, 36)
-> Request 4
1252
(1, 2, 2)
1
(44, 27)
--> Day : 1
-> Request 0
499
(2, 1, 1)
3
(2, 68)
--> Day : 2
-> Request 0
110
(4, 1, 2)
1
(9, 29)
-> Request 1
199
(3, 3, 1)
3
(39, 47)
-> Request 2
358
(3, 2, 2)
2
(68, 10)
-> Request 3
546
(2, 2, 2)
1
(55, 34)
-> Request 4
672
(1, 1, 1)
1
(47, 27)
-> Request 5
1342
(2, 2, 1)
2
(59, 68)
-> Request 6
1404
(1, 3, 1)
3
(74, 71)
--> Day : 3
-> Request 0
327
(3, 1, 1)
3
(53, 45)
-> Request 1
593
(4, 1, 2)
3
(31, 56)
-> Request 2
1328
(4, 2, 1)
1
(54, 34)
-> Request 3
1405
(3, 1, 2)
2
(79, 25)
--> Day : 4
-> Request 0
123
(4, 2, 2)
1
(50, 37)
-> Request 1
253
(3, 2, 2)
3
(27, 30)
-> Request 2
288
(4, 3, 2)
2
(61, 65)
-> Request 3
773
(3, 3, 1)
1
(57, 69)
-> Request 4
895
(1, 2, 2)
1
(62, 69)
-> Request 5
921
(2, 3, 1)
1
(58, 73)
-> Request 6
1050
(3, 1, 2)
1
(55, 45)
-> Request 7
1102
(2, 2, 2)
3
(74, 57)
-> Request 8
1321
(3, 3, 1)
2
(18, 19)
-> Request 9
1331
(2, 2, 2)
2
(40, 25)
---> Week : 137
--> Day : 0
-> Request 0
24
(1, 1, 2)
1
(47, 52)
-> Request 1
779
(2, 2, 1)
1
(58, 38)
-> Request 2
1037
(4, 1, 2)
2
(46, 43)
-> Request 3
1069
(4, 1, 2)
2
(49, 10)
-> Request 4
1156
(3, 1, 1)
2
(54, 45)
-> Request 5
1342
(4, 2, 1)
3
(59, 36)
--> Day : 1
-> Request 0
126
(2, 1, 1)
1
(56, 43)
-> Request 1
354
(2, 2, 2)
3
(48, 60)
-> Request 2
374
(2, 1, 2)
3
(13, 26)
-> Request 3
668
(4, 1, 2)
3
(66, 74)
-> Request 4
805
(4, 3, 2)
3
(48, 36)
-> Request 5
1107
(2, 1, 2)
1
(60, 72)
-> Request 6
1306
(2, 1, 2)
3
(61, 70)
--> Day : 2
-> Request 0
192
(4, 2, 1)
1
(60, 46)
-> Request 1
347
(4, 1, 1)
2
(17, 27)
-> Request 2
1027
(1, 3, 1)
2
(18, 39)
-> Request 3
1216
(3, 1, 1)
3
(63, 64)
-> Request 4
1376
(1, 3, 2)
3
(78, 32)
--> Day : 3
-> Request 0
293
(3, 1, 2)
1
(20, 60)
-> Request 1
311
(1, 2, 2)
3
(62, 41)
--> Day : 4
-> Request 0
1020
(2, 3, 2)
1
(51, 27)
---> Week : 138
--> Day : 0
-> Request 0
23
(2, 1, 2)
1
(43, 37)
-> Request 1
943
(3, 3, 2)
2
(43, 60)
-> Request 2
1374
(1, 3, 2)
1
(46, 36)
--> Day : 1
-> Request 0
152
(4, 3, 2)
2
(61, 67)
-> Request 1
218
(1, 2, 2)
3
(52, 72)
-> Request 2
504
(4, 3, 1)
2
(48, 65)
-> Request 3
816
(4, 3, 2)
3
(42, 29)
-> Request 4
1173
(4, 1, 2)
2
(32, 15)
--> Day : 2
-> Request 0
683
(3, 3, 1)
3
(1, 75)
-> Request 1
880
(4, 3, 1)
1
(51, 27)
-> Request 2
1169
(2, 3, 1)
3
(65, 79)
--> Day : 3
-> Request 0
71
(2, 3, 1)
2
(45, 30)
-> Request 1
622
(3, 2, 1)
1
(7, 49)
-> Request 2
1124
(3, 2, 1)
1
(3, 26)
-> Request 3
1207
(1, 2, 2)
3
(54, 49)
-> Request 4
1243
(2, 3, 1)
2
(70, 21)
--> Day : 4
-> Request 0
515
(1, 3, 2)
3
(44, 74)
-> Request 1
725
(4, 1, 1)
3
(48, 40)
-> Request 2
1051
(2, 2, 2)
3
(57, 64)
-> Request 3
1061
(3, 2, 1)
2
(45, 40)
-> Request 4
1148
(1, 1, 2)
1
(39, 4)
-> Request 5
1152
(4, 3, 1)
2
(54, 39)
-> Request 6
1360
(3, 2, 2)
1
(10, 57)
---> Week : 139
--> Day : 0
-> Request 0
370
(4, 1, 1)
1
(48, 22)
-> Request 1
418
(3, 3, 2)
1
(48, 41)
-> Request 2
904
(3, 3, 1)
2
(56, 46)
-> Request 3
1241
(1, 3, 1)
2
(16, 21)
--> Day : 1
-> Request 0
51
(4, 2, 1)
3
(2, 28)
-> Request 1
75
(2, 3, 2)
2
(4, 53)
-> Request 2
85
(1, 2, 2)
1
(55, 28)
-> Request 3
324
(3, 2, 1)
2
(72, 72)
-> Request 4
436
(2, 2, 2)
3
(66, 26)
-> Request 5
676
(4, 1, 1)
1
(63, 69)
-> Request 6
770
(3, 1, 1)
1
(46, 37)
-> Request 7
809
(1, 2, 2)
1
(36, 58)
-> Request 8
895
(4, 2, 2)
1
(8, 52)
-> Request 9
1013
(1, 2, 2)
3
(47, 10)
--> Day : 2
-> Request 0
364
(4, 3, 2)
3
(48, 12)
-> Request 1
664
(4, 1, 1)
2
(55, 31)
-> Request 2
702
(1, 1, 2)
2
(58, 30)
-> Request 3
968
(2, 1, 1)
3
(57, 44)
--> Day : 3
-> Request 0
287
(2, 1, 1)
3
(67, 68)
-> Request 1
489
(4, 1, 2)
1
(15, 7)
-> Request 2
1297
(4, 2, 1)
3
(68, 45)
--> Day : 4
-> Request 0
234
(4, 3, 1)
2
(78, 75)
-> Request 1
291
(2, 1, 2)
2
(36, 3)
-> Request 2
672
(2, 2, 2)
2
(65, 79)
-> Request 3
717
(2, 1, 2)
2
(53, 74)
-> Request 4
877
(3, 1, 2)
3
(54, 31)
-> Request 5
889
(2, 1, 2)
1
(24, 60)
-> Request 6
940
(2, 1, 1)
3
(73, 45)
-> Request 7
1323
(4, 2, 1)
2
(31, 78)
---> Week : 140
--> Day : 0
-> Request 0
149
(4, 1, 2)
3
(43, 38)
-> Request 1
185
(1, 3, 2)
1
(45, 53)
-> Request 2
367
(2, 3, 2)
3
(56, 79)
-> Request 3
685
(2, 2, 1)
3
(56, 1)
-> Request 4
979
(4, 3, 1)
2
(61, 35)
-> Request 5
1032
(3, 3, 2)
2
(55, 39)
-> Request 6
1380
(2, 1, 1)
1
(48, 45)
--> Day : 1
-> Request 0
298
(2, 3, 2)
1
(58, 33)
-> Request 1
414
(3, 3, 2)
1
(59, 33)
-> Request 2
475
(3, 2, 2)
2
(22, 22)
-> Request 3
1314
(1, 3, 1)
3
(6, 25)
-> Request 4
1429
(4, 1, 2)
2
(69, 41)
--> Day : 2
-> Request 0
324
(1, 1, 1)
3
(71, 37)
-> Request 1
399
(4, 1, 2)
2
(53, 36)
-> Request 2
632
(2, 1, 1)
2
(46, 38)
-> Request 3
921
(1, 2, 2)
2
(59, 46)
-> Request 4
946
(2, 2, 1)
3
(58, 64)
--> Day : 3
-> Request 0
13
(3, 1, 1)
1
(56, 37)
-> Request 1
954
(3, 2, 2)
2
(47, 35)
-> Request 2
984
(4, 3, 2)
3
(40, 44)
-> Request 3
1050
(3, 2, 1)
3
(58, 69)
-> Request 4
1265
(4, 1, 1)
1
(60, 39)
-> Request 5
1384
(1, 2, 1)
3
(1, 10)
--> Day : 4
-> Request 0
976
(2, 1, 1)
1
(10, 57)
-> Request 1
1331
(2, 3, 2)
3
(27, 59)
---> Week : 141
--> Day : 0
-> Request 0
433
(2, 1, 2)
2
(43, 28)
-> Request 1
474
(2, 2, 2)
1
(25, 78)
-> Request 2
626
(3, 3, 1)
1
(45, 37)
-> Request 3
871
(2, 3, 1)
1
(61, 68)
-> Request 4
1053
(3, 3, 2)
3
(74, 50)
-> Request 5
1382
(3, 1, 1)
3
(10, 25)
--> Day : 1
-> Request 0
4
(1, 1, 2)
3
(53, 46)
-> Request 1
34
(2, 2, 2)
3
(10, 20)
-> Request 2
39
(3, 2, 2)
1
(59, 34)
-> Request 3
565
(4, 1, 2)
3
(10, 20)
-> Request 4
1067
(3, 2, 2)
1
(54, 70)
-> Request 5
1212
(4, 1, 1)
3
(67, 56)
--> Day : 2
--> Day : 3
-> Request 0
378
(1, 1, 1)
1
(32, 25)
-> Request 1
597
(1, 3, 2)
3
(16, 21)
-> Request 2
976
(4, 1, 1)
2
(60, 73)
--> Day : 4
-> Request 0
293
(4, 2, 1)
1
(65, 68)
-> Request 1
309
(1, 2, 1)
2
(64, 32)
-> Request 2
749
(3, 3, 2)
2
(11, 75)
-> Request 3
1195
(1, 1, 2)
1
(39, 45)
---> Week : 142
--> Day : 0
-> Request 0
271
(1, 3, 1)
2
(54, 31)
-> Request 1
381
(1, 2, 1)
2
(45, 28)
-> Request 2
477
(2, 3, 1)
1
(45, 30)
-> Request 3
1032
(1, 1, 1)
2
(8, 50)
-> Request 4
1164
(4, 2, 2)
2
(28, 37)
-> Request 5
1229
(3, 3, 2)
2
(18, 40)
-> Request 6
1369
(1, 2, 1)
3
(47, 44)
--> Day : 1
-> Request 0
196
(1, 3, 1)
1
(53, 19)
-> Request 1
760
(2, 3, 1)
3
(58, 28)
-> Request 2
922
(2, 1, 2)
2
(22, 44)
-> Request 3
1027
(4, 1, 2)
1
(43, 43)
-> Request 4
1091
(2, 1, 1)
3
(10, 12)
-> Request 5
1181
(3, 3, 2)
1
(62, 73)
-> Request 6
1207
(4, 2, 1)
3
(79, 6)
-> Request 7
1277
(2, 3, 1)
3
(14, 28)
--> Day : 2
-> Request 0
200
(2, 3, 1)
3
(52, 78)
-> Request 1
481
(4, 2, 2)
1
(16, 34)
-> Request 2
807
(1, 3, 2)
2
(43, 44)
-> Request 3
823
(3, 3, 1)
1
(46, 76)
-> Request 4
870
(3, 3, 1)
2
(43, 31)
-> Request 5
1082
(4, 2, 1)
2
(10, 29)
-> Request 6
1316
(1, 1, 2)
3
(59, 78)
--> Day : 3
-> Request 0
424
(2, 1, 2)
3
(3, 51)
-> Request 1
505
(3, 3, 1)
3
(63, 54)
-> Request 2
547
(3, 3, 1)
3
(59, 70)
-> Request 3
765
(2, 3, 2)
2
(65, 50)
-> Request 4
1002
(1, 2, 1)
1
(8, 22)
--> Day : 4
-> Request 0
73
(4, 1, 1)
3
(53, 73)
-> Request 1
445
(1, 3, 1)
2
(31, 48)
-> Request 2
783
(2, 3, 1)
3
(61, 44)
-> Request 3
1093
(4, 3, 1)
3
(48, 14)
-> Request 4
1217
(4, 2, 2)
2
(57, 65)
-> Request 5
1224
(2, 1, 2)
3
(49, 40)
-> Request 6
1326
(3, 2, 2)
1
(55, 66)
---> Week : 143
--> Day : 0
-> Request 0
7
(3, 3, 1)
2
(78, 14)
-> Request 1
424
(2, 2, 1)
3
(35, 8)
-> Request 2
567
(3, 2, 1)
3
(24, 10)
-> Request 3
917
(3, 1, 1)
1
(19, 44)
-> Request 4
1094
(3, 1, 1)
3
(68, 43)
-> Request 5
1102
(4, 1, 2)
1
(17, 22)
-> Request 6
1151
(4, 3, 1)
3
(1, 1)
-> Request 7
1263
(1, 1, 2)
2
(50, 44)
--> Day : 1
-> Request 0
134
(2, 1, 2)
1
(45, 30)
-> Request 1
492
(3, 2, 1)
2
(52, 66)
-> Request 2
510
(2, 3, 2)
1
(16, 26)
-> Request 3
628
(3, 2, 1)
1
(55, 32)
-> Request 4
654
(1, 3, 1)
2
(48, 27)
-> Request 5
754
(1, 3, 2)
1
(0, 5)
-> Request 6
825
(4, 2, 2)
2
(38, 35)
-> Request 7
1085
(2, 3, 1)
1
(48, 41)
-> Request 8
1208
(3, 2, 1)
2
(44, 32)
-> Request 9
1241
(1, 2, 1)
1
(8, 1)
--> Day : 2
-> Request 0
132
(3, 3, 2)
1
(57, 34)
-> Request 1
446
(3, 2, 1)
2
(23, 45)
-> Request 2
534
(3, 1, 1)
1
(27, 7)
-> Request 3
755
(3, 2, 2)
2
(13, 24)
-> Request 4
807
(2, 1, 2)
2
(52, 31)
--> Day : 3
-> Request 0
9
(1, 1, 2)
1
(37, 68)
-> Request 1
173
(4, 3, 2)
1
(74, 5)
-> Request 2
257
(3, 2, 1)
2
(15, 56)
-> Request 3
747
(1, 1, 1)
3
(4, 18)
-> Request 4
786
(1, 2, 2)
2
(71, 74)
-> Request 5
952
(3, 2, 2)
1
(28, 44)
-> Request 6
1305
(2, 2, 1)
2
(26, 79)
--> Day : 4
-> Request 0
220
(1, 1, 2)
2
(14, 39)
-> Request 1
292
(1, 3, 1)
3
(45, 31)
-> Request 2
1139
(4, 3, 2)
3
(62, 61)
-> Request 3
1175
(1, 2, 1)
3
(44, 38)
---> Week : 144
--> Day : 0
-> Request 0
9
(1, 3, 2)
1
(77, 57)
-> Request 1
66
(3, 1, 2)
2
(5, 14)
-> Request 2
302
(3, 3, 2)
2
(73, 17)
-> Request 3
316
(3, 3, 1)
2
(59, 39)
-> Request 4
701
(2, 1, 2)
1
(49, 61)
-> Request 5
999
(3, 2, 1)
1
(50, 45)
-> Request 6
1106
(2, 2, 2)
1
(9, 77)
-> Request 7
1275
(2, 2, 2)
2
(70, 40)
--> Day : 1
-> Request 0
768
(3, 3, 2)
3
(59, 66)
-> Request 1
849
(4, 2, 1)
2
(59, 78)
-> Request 2
918
(1, 3, 2)
3
(41, 30)
-> Request 3
918
(4, 3, 2)
1
(11, 25)
-> Request 4
1059
(2, 2, 2)
1
(16, 29)
-> Request 5
1115
(4, 3, 1)
3
(5, 28)
-> Request 6
1124
(2, 3, 1)
3
(17, 46)
--> Day : 2
-> Request 0
149
(3, 1, 1)
2
(54, 44)
-> Request 1
415
(2, 3, 1)
3
(44, 29)
-> Request 2
488
(1, 3, 1)
3
(54, 35)
-> Request 3
567
(2, 3, 2)
3
(59, 67)
-> Request 4
795
(4, 1, 2)
2
(53, 77)
-> Request 5
920
(3, 1, 2)
1
(47, 35)
-> Request 6
941
(1, 3, 2)
2
(64, 68)
-> Request 7
1155
(3, 3, 1)
1
(52, 45)
-> Request 8
1213
(3, 1, 2)
3
(51, 43)
--> Day : 3
-> Request 0
170
(1, 3, 2)
3
(13, 50)
-> Request 1
305
(3, 2, 1)
1
(42, 60)
-> Request 2
369
(1, 2, 1)
3
(60, 63)
-> Request 3
1036
(3, 1, 2)
1
(54, 78)
--> Day : 4
-> Request 0
650
(3, 1, 1)
1
(66, 35)
-> Request 1
703
(3, 2, 2)
1
(55, 41)
-> Request 2
978
(3, 3, 2)
2
(49, 36)
-> Request 3
1181
(3, 3, 1)
3
(10, 28)
-> Request 4
1425
(3, 1, 2)
2
(61, 68)
---> Week : 145
--> Day : 0
-> Request 0
137
(1, 1, 1)
2
(73, 65)
-> Request 1
175
(2, 3, 2)
1
(66, 12)
-> Request 2
182
(3, 1, 2)
1
(45, 29)
-> Request 3
250
(1, 1, 1)
2
(21, 31)
-> Request 4
516
(1, 3, 1)
1
(64, 44)
-> Request 5
681
(4, 3, 1)
2
(16, 16)
-> Request 6
738
(3, 3, 2)
3
(57, 31)
-> Request 7
957
(1, 2, 2)
3
(47, 44)
-> Request 8
968
(1, 3, 2)
1
(49, 33)
-> Request 9
1070
(1, 3, 1)
2
(25, 55)
-> Request 10
1263
(1, 1, 1)
2
(65, 36)
-> Request 11
1274
(3, 3, 2)
1
(65, 76)
--> Day : 1
-> Request 0
144
(1, 2, 1)
3
(27, 17)
-> Request 1
195
(3, 1, 1)
1
(71, 51)
-> Request 2
498
(1, 2, 2)
3
(30, 34)
-> Request 3
537
(4, 3, 2)
3
(48, 41)
-> Request 4
795
(4, 1, 1)
1
(48, 40)
--> Day : 2
-> Request 0
7
(4, 3, 2)
1
(62, 65)
-> Request 1
402
(3, 3, 1)
3
(52, 43)
-> Request 2
799
(2, 2, 2)
1
(53, 43)
--> Day : 3
-> Request 0
16
(3, 1, 1)
3
(54, 73)
-> Request 1
304
(1, 2, 1)
3
(26, 77)
-> Request 2
471
(3, 1, 1)
2
(53, 70)
-> Request 3
820
(1, 3, 2)
2
(10, 27)
-> Request 4
820
(4, 3, 1)
3
(45, 37)
-> Request 5
1195
(3, 2, 1)
3
(51, 31)
--> Day : 4
-> Request 0
123
(1, 2, 1)
3
(45, 41)
-> Request 1
297
(3, 2, 1)
3
(56, 65)
-> Request 2
357
(4, 3, 1)
3
(43, 69)
-> Request 3
745
(1, 2, 1)
3
(69, 58)
-> Request 4
983
(3, 1, 2)
1
(37, 17)
-> Request 5
1042
(3, 3, 2)
1
(8, 29)
-> Request 6
1104
(3, 3, 1)
1
(57, 78)
-> Request 7
1134
(4, 3, 2)
1
(60, 65)
---> Week : 146
--> Day : 0
-> Request 0
44
(3, 2, 2)
3
(20, 56)
-> Request 1
78
(1, 2, 2)
3
(61, 64)
-> Request 2
188
(3, 3, 1)
3
(56, 18)
-> Request 3
199
(2, 2, 2)
3
(45, 57)
-> Request 4
622
(4, 3, 2)
3
(10, 68)
-> Request 5
627
(2, 3, 2)
3
(56, 75)
-> Request 6
645
(1, 1, 2)
1
(9, 13)
-> Request 7
708
(3, 3, 1)
3
(45, 41)
-> Request 8
1031
(1, 3, 2)
2
(45, 30)
--> Day : 1
-> Request 0
203
(1, 3, 1)
1
(38, 9)
-> Request 1
287
(2, 1, 2)
3
(54, 70)
-> Request 2
362
(4, 1, 1)
2
(70, 25)
-> Request 3
741
(1, 3, 2)
1
(54, 55)
-> Request 4
741
(4, 1, 2)
1
(67, 56)
-> Request 5
878
(1, 3, 1)
1
(66, 77)
-> Request 6
1359
(1, 2, 2)
2
(52, 68)
--> Day : 2
-> Request 0
212
(4, 2, 1)
2
(45, 28)
-> Request 1
957
(4, 1, 1)
2
(55, 33)
-> Request 2
1001
(4, 1, 1)
3
(24, 26)
-> Request 3
1077
(2, 3, 1)
2
(16, 52)
-> Request 4
1280
(4, 2, 2)
3
(59, 72)
--> Day : 3
-> Request 0
90
(4, 1, 1)
2
(55, 42)
-> Request 1
385
(4, 1, 1)
3
(78, 44)
-> Request 2
567
(1, 3, 2)
3
(53, 75)
-> Request 3
588
(1, 1, 2)
2
(44, 33)
-> Request 4
718
(2, 3, 2)
1
(47, 76)
-> Request 5
888
(4, 3, 1)
1
(38, 32)
-> Request 6
991
(2, 1, 1)
3
(54, 33)
--> Day : 4
-> Request 0
123
(1, 1, 2)
2
(36, 17)
-> Request 1
538
(4, 3, 2)
1
(24, 0)
-> Request 2
899
(2, 3, 2)
3
(66, 11)
-> Request 3
1159
(1, 1, 1)
1
(53, 64)
-> Request 4
1427
(1, 3, 1)
1
(77, 20)
---> Week : 147
--> Day : 0
-> Request 0
561
(2, 3, 2)
2
(69, 55)
-> Request 1
735
(1, 2, 2)
1
(52, 33)
-> Request 2
1141
(2, 1, 2)
2
(53, 78)
-> Request 3
1186
(2, 3, 1)
3
(35, 39)
-> Request 4
1337
(3, 1, 2)
1
(8, 22)
--> Day : 1
-> Request 0
14
(3, 2, 2)
1
(49, 45)
-> Request 1
454
(2, 1, 2)
2
(46, 32)
-> Request 2
460
(1, 3, 1)
3
(59, 30)
-> Request 3
968
(3, 2, 1)
3
(43, 43)
-> Request 4
1249
(3, 1, 1)
2
(60, 52)
-> Request 5
1249
(2, 2, 2)
3
(53, 77)
-> Request 6
1249
(3, 1, 2)
3
(60, 57)
-> Request 7
1268
(3, 2, 2)
1
(2, 4)
--> Day : 2
-> Request 0
78
(1, 3, 1)
3
(31, 5)
-> Request 1
396
(4, 2, 2)
3
(70, 29)
-> Request 2
526
(2, 3, 1)
2
(75, 30)
-> Request 3
673
(4, 2, 2)
1
(3, 47)
-> Request 4
748
(1, 3, 1)
1
(55, 38)
--> Day : 3
-> Request 0
80
(3, 3, 1)
2
(45, 42)
-> Request 1
437
(2, 2, 1)
3
(32, 19)
-> Request 2
634
(1, 3, 1)
3
(69, 68)
-> Request 3
1168
(3, 3, 2)
1
(21, 65)
-> Request 4
1191
(3, 3, 2)
3
(35, 0)
--> Day : 4
-> Request 0
64
(4, 3, 2)
2
(56, 74)
-> Request 1
204
(3, 1, 2)
3
(30, 42)
-> Request 2
667
(4, 2, 2)
3
(55, 9)
-> Request 3
938
(4, 3, 1)
2
(54, 37)
-> Request 4
972
(3, 1, 1)
2
(56, 29)
-> Request 5
1152
(3, 2, 2)
1
(58, 27)
-> Request 6
1384
(2, 2, 1)
2
(71, 51)
---> Week : 148
--> Day : 0
-> Request 0
25
(2, 3, 1)
2
(13, 22)
-> Request 1
75
(3, 3, 2)
2
(12, 51)
-> Request 2
469
(2, 2, 2)
3
(31, 36)
-> Request 3
471
(3, 1, 1)
3
(47, 27)
-> Request 4
941
(4, 3, 1)
2
(0, 45)
-> Request 5
1047
(1, 3, 1)
2
(78, 70)
-> Request 6
1162
(1, 3, 1)
1
(48, 51)
-> Request 7
1389
(1, 2, 1)
3
(77, 24)
--> Day : 1
-> Request 0
208
(2, 3, 1)
1
(47, 74)
-> Request 1
349
(1, 2, 2)
3
(55, 36)
-> Request 2
1019
(1, 3, 1)
1
(58, 19)
-> Request 3
1209
(2, 2, 2)
3
(60, 30)
-> Request 4
1366
(4, 1, 1)
1
(64, 71)
-> Request 5
1387
(3, 2, 1)
2
(57, 77)
-> Request 6
1390
(3, 1, 2)
3
(13, 26)
--> Day : 2
-> Request 0
371
(2, 1, 2)
3
(44, 8)
-> Request 1
528
(4, 2, 1)
2
(60, 64)
-> Request 2
562
(3, 1, 2)
2
(50, 39)
-> Request 3
762
(1, 2, 2)
2
(11, 42)
-> Request 4
846
(1, 2, 2)
3
(61, 45)
-> Request 5
852
(2, 2, 1)
2
(34, 22)
-> Request 6
852
(3, 1, 2)
1
(54, 35)
-> Request 7
1281
(1, 2, 2)
2
(44, 3)
-> Request 8
1363
(1, 3, 2)
2
(53, 68)
--> Day : 3
-> Request 0
103
(1, 3, 1)
3
(61, 37)
-> Request 1
152
(4, 1, 1)
1
(13, 20)
-> Request 2
221
(3, 2, 1)
2
(56, 44)
-> Request 3
775
(3, 3, 1)
3
(38, 70)
-> Request 4
1170
(3, 1, 1)
1
(43, 35)
--> Day : 4
-> Request 0
45
(4, 1, 2)
3
(23, 68)
-> Request 1
137
(2, 2, 1)
1
(9, 51)
-> Request 2
189
(1, 3, 2)
1
(43, 35)
-> Request 3
300
(4, 2, 1)
1
(48, 32)
-> Request 4
444
(4, 3, 2)
1
(61, 34)
-> Request 5
767
(4, 2, 2)
2
(65, 40)
-> Request 6
1159
(1, 2, 2)
2
(64, 65)
-> Request 7
1229
(4, 2, 1)
1
(9, 41)
-> Request 8
1321
(4, 1, 1)
2
(58, 32)
---> Week : 149
--> Day : 0
-> Request 0
117
(4, 2, 2)
2
(60, 77)
-> Request 1
411
(3, 1, 2)
1
(55, 64)
-> Request 2
416
(1, 3, 1)
2
(44, 36)
-> Request 3
738
(3, 3, 1)
1
(73, 10)
-> Request 4
1274
(1, 2, 2)
3
(22, 63)
--> Day : 1
-> Request 0
165
(3, 2, 2)
2
(5, 55)
-> Request 1
172
(4, 1, 1)
3
(57, 74)
-> Request 2
212
(1, 3, 1)
1
(48, 14)
-> Request 3
430
(1, 3, 2)
2
(66, 72)
-> Request 4
612
(2, 1, 1)
3
(61, 34)
-> Request 5
721
(2, 2, 1)
1
(39, 12)
-> Request 6
977
(4, 3, 2)
3
(38, 35)
-> Request 7
977
(4, 3, 1)
3
(48, 29)
-> Request 8
1405
(2, 3, 1)
1
(59, 30)
--> Day : 2
-> Request 0
185
(3, 2, 1)
1
(49, 39)
-> Request 1
575
(2, 1, 1)
2
(11, 20)
-> Request 2
729
(2, 1, 2)
1
(36, 26)
-> Request 3
807
(1, 2, 2)
2
(52, 65)
-> Request 4
1052
(4, 1, 1)
1
(45, 29)
--> Day : 3
-> Request 0
232
(4, 1, 1)
2
(65, 65)
-> Request 1
335
(1, 3, 1)
2
(72, 27)
-> Request 2
795
(1, 3, 2)
1
(48, 37)
-> Request 3
986
(1, 2, 1)
1
(43, 38)
-> Request 4
1433
(4, 1, 1)
1
(13, 20)
--> Day : 4
-> Request 0
318
(2, 3, 2)
1
(40, 36)
-> Request 1
445
(1, 3, 1)
1
(78, 31)
-> Request 2
588
(3, 2, 1)
1
(30, 24)
-> Request 3
595
(1, 2, 1)
1
(49, 45)
-> Request 4
606
(3, 3, 1)
2
(53, 14)
-> Request 5
619
(1, 1, 2)
3
(53, 67)
-> Request 6
624
(2, 1, 2)
2
(42, 60)
-> Request 7
711
(1, 3, 2)
2
(53, 64)
-> Request 8
713
(3, 1, 1)
2
(47, 37)
-> Request 9
909
(3, 3, 2)
1
(56, 75)
-> Request 10
1231
(1, 2, 2)
1
(44, 44)
-> Request 11
1280
(3, 3, 2)
3
(3, 2)
