---> Week : 0
--> Day : 0
-> Request 0
603
(4, 3, 2)
1
(50, 39)
-> Request 1
770
(2, 2, 1)
3
(15, 13)
-> Request 2
1014
(1, 2, 2)
1
(56, 35)
--> Day : 1
-> Request 0
449
(3, 1, 1)
3
(62, 37)
-> Request 1
1154
(2, 2, 2)
2
(16, 59)
-> Request 2
1415
(4, 2, 1)
2
(50, 30)
--> Day : 2
-> Request 0
302
(3, 1, 1)
3
(64, 36)
-> Request 1
411
(4, 1, 2)
2
(55, 69)
-> Request 2
431
(4, 3, 2)
1
(55, 76)
-> Request 3
605
(1, 1, 1)
1
(73, 78)
-> Request 4
667
(2, 3, 1)
3
(11, 22)
-> Request 5
707
(4, 3, 1)
2
(9, 24)
-> Request 6
842
(1, 3, 2)
1
(54, 64)
--> Day : 3
-> Request 0
95
(2, 1, 2)
2
(11, 60)
-> Request 1
238
(3, 3, 2)
1
(51, 39)
-> Request 2
532
(2, 1, 1)
2
(60, 41)
-> Request 3
605
(4, 2, 1)
2
(61, 27)
-> Request 4
896
(1, 2, 1)
2
(59, 59)
-> Request 5
1384
(3, 3, 2)
2
(59, 38)
--> Day : 4
-> Request 0
365
(1, 3, 2)
2
(55, 39)
-> Request 1
485
(3, 2, 1)
1
(79, 25)
-> Request 2
590
(3, 2, 1)
1
(13, 35)
-> Request 3
890
(1, 3, 2)
2
(58, 12)
-> Request 4
1022
(4, 3, 1)
3
(56, 69)
-> Request 5
1259
(3, 3, 2)
2
(36, 39)
-> Request 6
1374
(4, 1, 1)
2
(46, 45)
---> Week : 1
--> Day : 0
-> Request 0
717
(3, 3, 2)
2
(10, 14)
-> Request 1
1124
(2, 2, 2)
1
(11, 10)
-> Request 2
1243
(1, 2, 1)
1
(67, 43)
-> Request 3
1277
(1, 1, 1)
3
(6, 49)
--> Day : 1
-> Request 0
96
(4, 1, 2)
2
(46, 45)
-> Request 1
127
(2, 1, 1)
1
(33, 57)
-> Request 2
143
(4, 3, 2)
2
(50, 29)
-> Request 3
805
(1, 3, 2)
3
(16, 22)
-> Request 4
1016
(2, 2, 1)
3
(56, 45)
--> Day : 2
-> Request 0
58
(1, 2, 1)
2
(54, 35)
-> Request 1
181
(3, 2, 1)
1
(59, 65)
-> Request 2
222
(4, 1, 2)
2
(59, 44)
-> Request 3
858
(2, 2, 2)
1
(43, 44)
-> Request 4
1004
(3, 3, 2)
2
(43, 38)
-> Request 5
1133
(3, 2, 2)
1
(46, 29)
--> Day : 3
-> Request 0
7
(2, 3, 1)
1
(3, 25)
-> Request 1
93
(2, 2, 1)
3
(52, 46)
-> Request 2
378
(4, 2, 2)
3
(33, 4)
-> Request 3
553
(4, 3, 2)
1
(54, 38)
-> Request 4
733
(3, 3, 1)
3
(47, 33)
-> Request 5
1196
(2, 3, 1)
1
(66, 76)
-> Request 6
1198
(4, 1, 2)
1
(76, 69)
-> Request 7
1271
(4, 2, 2)
2
(77, 76)
--> Day : 4
-> Request 0
149
(1, 3, 2)
2
(66, 42)
-> Request 1
251
(4, 1, 2)
2
(58, 72)
-> Request 2
359
(4, 3, 1)
1
(25, 26)
-> Request 3
466
(2, 3, 2)
1
(17, 29)
-> Request 4
483
(1, 3, 2)
1
(10, 30)
-> Request 5
780
(4, 3, 2)
1
(60, 72)
-> Request 6
785
(3, 1, 2)
3
(65, 71)
-> Request 7
1190
(1, 2, 1)
1
(62, 72)
-> Request 8
1379
(4, 1, 2)
2
(32, 67)
-> Request 9
1394
(1, 3, 1)
2
(11, 54)
-> Request 10
1408
(2, 2, 2)
3
(70, 31)
---> Week : 2
--> Day : 0
-> Request 0
95
(4, 3, 2)
1
(44, 38)
-> Request 1
441
(4, 3, 2)
3
(18, 56)
-> Request 2
524
(2, 2, 2)
3
(27, 65)
-> Request 3
660
(4, 1, 2)
2
(57, 68)
-> Request 4
1167
(3, 2, 2)
1
(55, 40)
--> Day : 1
-> Request 0
91
(3, 3, 1)
3
(44, 31)
-> Request 1
125
(1, 3, 1)
3
(6, 78)
--> Day : 2
-> Request 0
419
(3, 2, 1)
1
(57, 29)
-> Request 1
443
(1, 2, 1)
2
(18, 25)
-> Request 2
461
(3, 1, 2)
2
(69, 40)
-> Request 3
592
(1, 1, 1)
3
(47, 43)
-> Request 4
653
(3, 2, 1)
3
(58, 8)
-> Request 5
677
(3, 3, 1)
3
(59, 44)
-> Request 6
922
(1, 2, 1)
2
(65, 70)
-> Request 7
981
(1, 1, 1)
2
(53, 64)
-> Request 8
1014
(2, 3, 1)
3
(56, 27)
-> Request 9
1098
(1, 1, 2)
1
(64, 78)
--> Day : 3
-> Request 0
160
(3, 2, 1)
1
(69, 56)
-> Request 1
738
(4, 3, 1)
2
(76, 53)
-> Request 2
769
(4, 1, 1)
3
(52, 45)
-> Request 3
885
(4, 2, 1)
3
(54, 69)
-> Request 4
1207
(1, 2, 2)
3
(58, 78)
-> Request 5
1264
(4, 2, 2)
3
(61, 68)
--> Day : 4
-> Request 0
110
(1, 2, 2)
2
(12, 58)
-> Request 1
394
(1, 3, 2)
1
(40, 38)
-> Request 2
459
(1, 3, 2)
1
(47, 29)
-> Request 3
498
(4, 2, 2)
2
(59, 74)
-> Request 4
516
(3, 2, 2)
2
(36, 18)
-> Request 5
747
(3, 2, 1)
3
(36, 63)
-> Request 6
774
(3, 2, 1)
1
(64, 0)
-> Request 7
1355
(1, 2, 1)
1
(49, 33)
---> Week : 3
--> Day : 0
-> Request 0
343
(3, 3, 1)
3
(55, 38)
-> Request 1
450
(2, 2, 2)
2
(60, 45)
-> Request 2
668
(1, 3, 2)
3
(53, 64)
-> Request 3
888
(3, 3, 1)
1
(13, 79)
-> Request 4
902
(4, 2, 2)
1
(65, 72)
-> Request 5
916
(3, 2, 1)
1
(1, 7)
--> Day : 1
-> Request 0
270
(1, 3, 1)
1
(48, 38)
-> Request 1
1425
(4, 1, 1)
3
(17, 22)
--> Day : 2
-> Request 0
246
(4, 2, 1)
2
(59, 74)
-> Request 1
632
(3, 2, 2)
2
(69, 6)
-> Request 2
718
(2, 2, 2)
2
(60, 64)
-> Request 3
919
(3, 2, 2)
3
(54, 41)
-> Request 4
996
(2, 3, 1)
1
(37, 64)
-> Request 5
998
(2, 2, 1)
3
(50, 12)
-> Request 6
1084
(3, 3, 2)
3
(66, 69)
--> Day : 3
-> Request 0
262
(3, 2, 2)
2
(60, 6)
-> Request 1
265
(2, 1, 1)
1
(29, 58)
-> Request 2
265
(2, 1, 2)
2
(6, 8)
-> Request 3
351
(1, 1, 2)
3
(73, 34)
-> Request 4
666
(3, 2, 1)
2
(58, 68)
-> Request 5
1269
(2, 1, 2)
1
(45, 43)
--> Day : 4
-> Request 0
286
(2, 2, 2)
3
(50, 43)
-> Request 1
579
(3, 2, 1)
1
(66, 77)
-> Request 2
743
(1, 2, 2)
1
(51, 31)
-> Request 3
753
(1, 2, 1)
3
(17, 26)
-> Request 4
866
(4, 3, 2)
3
(58, 25)
-> Request 5
1278
(4, 2, 2)
1
(56, 38)
---> Week : 4
--> Day : 0
-> Request 0
244
(3, 1, 1)
1
(50, 42)
-> Request 1
695
(2, 2, 1)
3
(51, 32)
-> Request 2
830
(1, 2, 1)
2
(14, 45)
-> Request 3
1025
(3, 2, 2)
1
(14, 26)
-> Request 4
1394
(3, 2, 2)
2
(8, 20)
--> Day : 1
-> Request 0
622
(1, 3, 1)
3
(25, 47)
-> Request 1
1295
(3, 2, 2)
2
(60, 28)
--> Day : 2
-> Request 0
178
(2, 3, 2)
3
(28, 67)
-> Request 1
303
(1, 1, 1)
3
(54, 47)
-> Request 2
419
(1, 3, 2)
3
(23, 12)
-> Request 3
513
(1, 2, 2)
1
(55, 54)
-> Request 4
683
(3, 3, 1)
2
(8, 23)
-> Request 5
1210
(3, 1, 2)
3
(60, 71)
--> Day : 3
-> Request 0
4
(3, 3, 1)
1
(60, 76)
-> Request 1
114
(1, 2, 2)
1
(58, 67)
-> Request 2
136
(1, 3, 1)
3
(49, 63)
-> Request 3
144
(4, 2, 2)
2
(26, 38)
-> Request 4
846
(1, 3, 1)
3
(51, 46)
-> Request 5
1380
(3, 1, 1)
2
(44, 37)
-> Request 6
1398
(3, 3, 1)
1
(36, 47)
--> Day : 4
-> Request 0
116
(1, 3, 2)
3
(56, 36)
-> Request 1
230
(4, 1, 2)
1
(65, 14)
-> Request 2
476
(4, 1, 2)
2
(74, 20)
-> Request 3
526
(2, 1, 1)
1
(54, 29)
-> Request 4
674
(4, 3, 1)
1
(47, 37)
-> Request 5
1301
(3, 1, 1)
2
(62, 33)
-> Request 6
1352
(3, 1, 2)
3
(52, 24)
---> Week : 5
--> Day : 0
-> Request 0
92
(4, 2, 2)
2
(69, 32)
-> Request 1
323
(4, 3, 1)
3
(49, 41)
-> Request 2
597
(1, 1, 2)
1
(37, 17)
-> Request 3
676
(1, 1, 1)
1
(2, 36)
-> Request 4
1358
(3, 1, 1)
2
(58, 75)
--> Day : 1
-> Request 0
281
(4, 3, 1)
2
(79, 22)
-> Request 1
599
(4, 2, 2)
1
(74, 56)
-> Request 2
687
(2, 3, 2)
1
(59, 24)
-> Request 3
782
(4, 3, 1)
1
(50, 49)
-> Request 4
1004
(4, 1, 2)
3
(52, 29)
--> Day : 2
-> Request 0
484
(3, 3, 2)
3
(66, 66)
-> Request 1
484
(3, 2, 1)
2
(48, 47)
-> Request 2
664
(2, 1, 2)
1
(62, 37)
-> Request 3
694
(3, 3, 2)
1
(47, 24)
-> Request 4
783
(2, 3, 1)
1
(62, 27)
--> Day : 3
-> Request 0
200
(4, 1, 1)
1
(66, 48)
-> Request 1
940
(3, 2, 1)
3
(55, 41)
-> Request 2
1023
(4, 3, 2)
2
(6, 29)
-> Request 3
1240
(1, 2, 1)
1
(44, 34)
--> Day : 4
-> Request 0
107
(2, 2, 1)
2
(27, 24)
-> Request 1
264
(2, 3, 1)
1
(64, 70)
-> Request 2
264
(2, 1, 1)
3
(55, 67)
-> Request 3
502
(1, 1, 2)
3
(60, 38)
-> Request 4
564
(2, 2, 2)
3
(47, 34)
-> Request 5
704
(2, 2, 1)
1
(57, 39)
-> Request 6
1059
(4, 1, 2)
1
(65, 72)
-> Request 7
1308
(2, 1, 2)
2
(50, 28)
---> Week : 6
--> Day : 0
-> Request 0
97
(2, 3, 2)
1
(13, 26)
-> Request 1
109
(3, 1, 1)
2
(55, 69)
-> Request 2
194
(1, 3, 2)
3
(67, 28)
-> Request 3
200
(2, 3, 2)
1
(55, 44)
-> Request 4
288
(1, 3, 2)
3
(52, 41)
-> Request 5
301
(3, 2, 1)
1
(9, 25)
-> Request 6
587
(2, 1, 2)
3
(57, 41)
-> Request 7
915
(1, 3, 1)
3
(61, 77)
-> Request 8
1232
(1, 3, 2)
3
(62, 30)
--> Day : 1
-> Request 0
73
(3, 3, 1)
1
(53, 73)
-> Request 1
485
(1, 1, 2)
2
(55, 44)
-> Request 2
583
(2, 3, 2)
1
(58, 71)
-> Request 3
822
(3, 1, 2)
3
(14, 47)
-> Request 4
1119
(4, 2, 2)
2
(50, 28)
-> Request 5
1187
(2, 2, 2)
3
(56, 45)
--> Day : 2
-> Request 0
703
(2, 2, 2)
3
(62, 68)
-> Request 1
913
(3, 1, 1)
1
(20, 74)
--> Day : 3
-> Request 0
235
(2, 3, 2)
1
(59, 40)
-> Request 1
543
(4, 2, 2)
1
(56, 68)
-> Request 2
1258
(2, 3, 2)
1
(50, 30)
--> Day : 4
-> Request 0
29
(1, 1, 1)
3
(56, 43)
-> Request 1
156
(1, 2, 1)
1
(51, 34)
-> Request 2
170
(2, 1, 1)
2
(2, 22)
-> Request 3
352
(1, 2, 1)
1
(4, 36)
-> Request 4
1107
(1, 3, 1)
3
(46, 37)
-> Request 5
1184
(2, 3, 1)
3
(47, 32)
-> Request 6
1346
(1, 2, 1)
1
(52, 34)
-> Request 7
1428
(2, 3, 1)
1
(61, 58)
---> Week : 7
--> Day : 0
-> Request 0
1086
(2, 1, 2)
3
(20, 13)
--> Day : 1
-> Request 0
82
(2, 2, 1)
2
(78, 62)
-> Request 1
175
(1, 2, 2)
3
(64, 75)
-> Request 2
264
(4, 3, 1)
1
(26, 49)
-> Request 3
590
(4, 3, 2)
1
(68, 56)
-> Request 4
993
(4, 2, 1)
1
(61, 32)
-> Request 5
1338
(4, 3, 1)
1
(64, 75)
--> Day : 2
-> Request 0
82
(3, 2, 1)
1
(61, 31)
-> Request 1
248
(4, 2, 2)
2
(70, 0)
-> Request 2
274
(1, 1, 2)
2
(45, 33)
-> Request 3
400
(3, 2, 2)
2
(27, 19)
-> Request 4
796
(1, 3, 1)
1
(58, 70)
-> Request 5
1160
(2, 3, 2)
1
(53, 35)
-> Request 6
1237
(1, 2, 2)
3
(61, 64)
--> Day : 3
-> Request 0
43
(4, 2, 2)
1
(62, 68)
-> Request 1
447
(4, 3, 1)
1
(31, 33)
-> Request 2
480
(2, 2, 1)
2
(5, 31)
-> Request 3
708
(3, 1, 1)
3
(54, 75)
-> Request 4
1015
(2, 3, 2)
3
(60, 38)
-> Request 5
1116
(4, 2, 2)
2
(51, 36)
--> Day : 4
-> Request 0
450
(3, 3, 2)
2
(62, 69)
-> Request 1
992
(2, 2, 2)
3
(17, 22)
-> Request 2
1079
(2, 3, 2)
3
(59, 7)
-> Request 3
1435
(1, 3, 2)
3
(71, 7)
---> Week : 8
--> Day : 0
-> Request 0
147
(1, 2, 2)
2
(0, 63)
-> Request 1
887
(3, 3, 2)
2
(55, 38)
-> Request 2
920
(3, 1, 1)
3
(47, 74)
-> Request 3
970
(2, 2, 2)
1
(32, 78)
-> Request 4
979
(2, 2, 2)
2
(78, 53)
-> Request 5
1221
(1, 1, 1)
1
(17, 28)
-> Request 6
1246
(2, 3, 1)
1
(60, 45)
--> Day : 1
-> Request 0
62
(1, 1, 1)
3
(43, 32)
-> Request 1
181
(3, 1, 2)
2
(45, 46)
-> Request 2
253
(3, 3, 2)
3
(58, 49)
-> Request 3
568
(2, 3, 1)
2
(43, 44)
-> Request 4
639
(2, 2, 1)
3
(33, 2)
-> Request 5
690
(2, 3, 1)
1
(62, 76)
-> Request 6
941
(2, 1, 1)
3
(52, 46)
-> Request 7
1102
(2, 1, 2)
1
(51, 34)
-> Request 8
1138
(2, 2, 2)
3
(19, 54)
-> Request 9
1254
(1, 3, 2)
1
(44, 33)
-> Request 10
1261
(2, 2, 1)
2
(47, 44)
--> Day : 2
-> Request 0
42
(1, 2, 2)
1
(56, 68)
-> Request 1
80
(2, 2, 2)
3
(44, 30)
-> Request 2
652
(1, 1, 1)
1
(37, 61)
-> Request 3
744
(2, 1, 1)
3
(7, 44)
-> Request 4
1000
(1, 1, 2)
2
(45, 43)
--> Day : 3
-> Request 0
179
(4, 3, 1)
2
(11, 28)
-> Request 1
181
(3, 2, 1)
3
(64, 5)
-> Request 2
262
(2, 1, 1)
3
(23, 44)
-> Request 3
340
(2, 2, 2)
3
(57, 42)
-> Request 4
354
(2, 1, 2)
2
(30, 15)
-> Request 5
354
(4, 1, 1)
1
(76, 53)
-> Request 6
849
(2, 3, 1)
1
(6, 10)
-> Request 7
1320
(1, 3, 2)
1
(49, 41)
-> Request 8
1334
(2, 2, 1)
1
(49, 44)
--> Day : 4
-> Request 0
31
(2, 1, 2)
3
(61, 28)
-> Request 1
202
(3, 2, 2)
2
(2, 67)
-> Request 2
499
(1, 3, 1)
2
(17, 22)
-> Request 3
859
(4, 2, 2)
3
(40, 43)
---> Week : 9
--> Day : 0
-> Request 0
232
(1, 1, 2)
1
(38, 21)
-> Request 1
387
(2, 2, 2)
3
(51, 28)
-> Request 2
573
(4, 2, 1)
3
(65, 65)
-> Request 3
772
(1, 1, 1)
3
(53, 73)
-> Request 4
1054
(1, 2, 2)
3
(42, 24)
-> Request 5
1376
(3, 3, 2)
1
(64, 78)
--> Day : 1
-> Request 0
205
(1, 2, 2)
3
(47, 31)
-> Request 1
508
(2, 2, 2)
2
(42, 69)
-> Request 2
962
(2, 1, 2)
1
(62, 70)
-> Request 3
978
(3, 1, 2)
3
(14, 27)
-> Request 4
1332
(1, 3, 1)
2
(68, 1)
--> Day : 2
-> Request 0
100
(1, 2, 1)
2
(8, 48)
-> Request 1
246
(4, 3, 2)
2
(45, 27)
-> Request 2
1013
(3, 3, 2)
1
(8, 21)
-> Request 3
1054
(2, 3, 2)
2
(20, 36)
-> Request 4
1072
(2, 3, 2)
3
(51, 42)
-> Request 5
1089
(4, 1, 2)
3
(61, 67)
-> Request 6
1131
(2, 3, 2)
3
(45, 46)
--> Day : 3
-> Request 0
431
(4, 1, 2)
2
(57, 75)
-> Request 1
572
(3, 3, 2)
3
(51, 28)
-> Request 2
875
(1, 1, 2)
1
(59, 34)
--> Day : 4
-> Request 0
734
(2, 1, 2)
1
(25, 35)
-> Request 1
839
(4, 2, 2)
2
(58, 34)
-> Request 2
969
(3, 2, 1)
1
(11, 25)
-> Request 3
1293
(2, 1, 1)
2
(61, 65)
-> Request 4
1316
(3, 3, 1)
3
(53, 44)
-> Request 5
1359
(4, 3, 2)
3
(14, 22)
---> Week : 10
--> Day : 0
-> Request 0
290
(4, 3, 2)
3
(16, 28)
-> Request 1
565
(4, 3, 2)
2
(74, 73)
-> Request 2
918
(3, 1, 2)
3
(54, 72)
--> Day : 1
-> Request 0
881
(4, 2, 2)
1
(12, 54)
-> Request 1
997
(2, 1, 1)
2
(14, 28)
-> Request 2
1141
(2, 1, 2)
3
(5, 22)
--> Day : 2
-> Request 0
167
(4, 2, 2)
2
(43, 37)
-> Request 1
314
(1, 2, 1)
3
(9, 15)
-> Request 2
330
(4, 2, 2)
1
(12, 79)
-> Request 3
491
(1, 2, 1)
2
(65, 72)
-> Request 4
687
(2, 1, 2)
1
(43, 32)
-> Request 5
1004
(2, 3, 2)
2
(14, 37)
-> Request 6
1039
(3, 2, 1)
2
(25, 48)
-> Request 7
1268
(4, 1, 2)
1
(49, 28)
--> Day : 3
-> Request 0
203
(2, 2, 1)
3
(28, 29)
-> Request 1
242
(1, 3, 2)
2
(17, 26)
-> Request 2
279
(3, 3, 2)
2
(27, 29)
-> Request 3
534
(2, 2, 1)
3
(66, 64)
-> Request 4
889
(4, 1, 1)
2
(10, 22)
-> Request 5
1156
(4, 3, 1)
2
(8, 25)
-> Request 6
1211
(1, 2, 1)
2
(79, 64)
-> Request 7
1301
(2, 1, 2)
2
(49, 10)
--> Day : 4
-> Request 0
354
(3, 3, 1)
3
(78, 10)
-> Request 1
489
(3, 3, 1)
1
(62, 77)
-> Request 2
910
(3, 2, 2)
1
(70, 32)
-> Request 3
1147
(1, 1, 2)
2
(51, 29)
-> Request 4
1153
(1, 3, 1)
2
(57, 46)
-> Request 5
1275
(4, 1, 1)
2
(6, 66)
-> Request 6
1294
(4, 1, 2)
3
(36, 74)
-> Request 7
1364
(4, 2, 1)
3
(66, 68)
---> Week : 11
--> Day : 0
-> Request 0
46
(3, 3, 2)
1
(13, 23)
-> Request 1
363
(4, 3, 1)
2
(46, 18)
-> Request 2
476
(3, 1, 1)
3
(66, 65)
-> Request 3
652
(2, 3, 2)
3
(68, 45)
-> Request 4
730
(1, 1, 1)
1
(9, 28)
-> Request 5
870
(4, 2, 1)
1
(55, 32)
-> Request 6
958
(1, 2, 1)
3
(23, 48)
-> Request 7
1019
(4, 3, 1)
2
(36, 68)
-> Request 8
1312
(2, 1, 1)
2
(62, 74)
--> Day : 1
-> Request 0
25
(4, 1, 1)
2
(46, 36)
-> Request 1
369
(1, 1, 1)
1
(77, 52)
-> Request 2
542
(2, 2, 1)
2
(30, 22)
-> Request 3
582
(1, 3, 1)
2
(50, 37)
-> Request 4
967
(1, 2, 1)
1
(17, 79)
-> Request 5
1149
(2, 3, 2)
3
(71, 27)
--> Day : 2
-> Request 0
406
(2, 1, 2)
2
(11, 57)
-> Request 1
766
(4, 3, 2)
2
(56, 30)
-> Request 2
993
(3, 3, 2)
2
(33, 38)
-> Request 3
1340
(1, 3, 1)
3
(61, 65)
--> Day : 3
-> Request 0
695
(4, 2, 2)
2
(47, 37)
-> Request 1
805
(4, 3, 2)
2
(49, 34)
-> Request 2
807
(1, 2, 1)
1
(17, 21)
-> Request 3
919
(2, 2, 2)
2
(54, 72)
-> Request 4
1045
(1, 3, 2)
2
(15, 23)
-> Request 5
1247
(1, 1, 2)
3
(53, 68)
--> Day : 4
-> Request 0
48
(1, 1, 2)
2
(71, 42)
-> Request 1
365
(3, 3, 2)
3
(12, 29)
-> Request 2
450
(2, 3, 2)
1
(24, 53)
-> Request 3
490
(2, 2, 2)
3
(53, 73)
-> Request 4
686
(3, 1, 2)
1
(66, 62)
---> Week : 12
--> Day : 0
-> Request 0
685
(2, 2, 1)
2
(40, 16)
-> Request 1
696
(2, 1, 2)
3
(46, 33)
-> Request 2
1146
(4, 1, 2)
1
(42, 38)
-> Request 3
1213
(4, 3, 2)
2
(54, 35)
-> Request 4
1427
(2, 3, 1)
2
(34, 61)
--> Day : 1
-> Request 0
4
(2, 3, 2)
2
(53, 32)
-> Request 1
249
(4, 2, 2)
3
(57, 41)
-> Request 2
265
(3, 2, 1)
1
(18, 24)
-> Request 3
705
(3, 3, 1)
2
(61, 33)
-> Request 4
876
(1, 2, 1)
2
(56, 29)
-> Request 5
918
(3, 1, 1)
3
(50, 24)
-> Request 6
1288
(1, 1, 1)
3
(61, 14)
--> Day : 2
-> Request 0
633
(1, 3, 2)
1
(17, 29)
-> Request 1
690
(1, 3, 1)
3
(26, 13)
-> Request 2
735
(1, 2, 1)
2
(75, 22)
-> Request 3
755
(1, 3, 2)
3
(24, 13)
-> Request 4
1296
(3, 2, 1)
2
(56, 75)
-> Request 5
1351
(1, 3, 1)
1
(62, 75)
--> Day : 3
-> Request 0
100
(2, 3, 2)
2
(44, 29)
-> Request 1
174
(4, 1, 1)
3
(53, 44)
-> Request 2
621
(1, 3, 2)
3
(48, 54)
-> Request 3
784
(3, 1, 1)
2
(10, 29)
--> Day : 4
-> Request 0
29
(3, 3, 2)
1
(13, 22)
-> Request 1
38
(2, 1, 1)
1
(16, 24)
-> Request 2
1137
(4, 1, 2)
3
(58, 29)
---> Week : 13
--> Day : 0
-> Request 0
287
(2, 1, 2)
3
(23, 48)
-> Request 1
807
(1, 2, 1)
2
(51, 32)
-> Request 2
814
(4, 2, 1)
3
(76, 70)
-> Request 3
912
(1, 1, 1)
2
(15, 24)
--> Day : 1
-> Request 0
407
(1, 3, 2)
3
(12, 20)
-> Request 1
722
(4, 1, 1)
3
(54, 46)
-> Request 2
787
(4, 2, 2)
2
(27, 4)
-> Request 3
942
(4, 1, 1)
2
(78, 2)
--> Day : 2
-> Request 0
105
(1, 3, 2)
2
(36, 38)
-> Request 1
395
(2, 3, 2)
3
(58, 45)
-> Request 2
690
(1, 2, 2)
3
(47, 32)
-> Request 3
702
(3, 2, 1)
3
(55, 30)
-> Request 4
730
(3, 2, 1)
3
(57, 76)
-> Request 5
785
(3, 3, 2)
1
(14, 39)
-> Request 6
893
(2, 3, 1)
3
(60, 79)
--> Day : 3
-> Request 0
15
(4, 2, 1)
1
(2, 58)
-> Request 1
69
(3, 2, 1)
3
(36, 42)
-> Request 2
292
(4, 1, 2)
3
(0, 45)
-> Request 3
298
(1, 3, 2)
3
(7, 43)
-> Request 4
421
(4, 2, 2)
1
(20, 24)
-> Request 5
518
(4, 2, 1)
2
(63, 41)
-> Request 6
592
(3, 1, 1)
3
(61, 41)
-> Request 7
962
(4, 3, 1)
3
(53, 13)
-> Request 8
1010
(2, 2, 2)
3
(15, 70)
-> Request 9
1121
(1, 3, 1)
1
(61, 27)
--> Day : 4
-> Request 0
264
(2, 1, 2)
1
(15, 25)
-> Request 1
469
(3, 2, 1)
2
(79, 67)
-> Request 2
884
(4, 3, 2)
2
(23, 45)
-> Request 3
1117
(4, 1, 1)
2
(24, 9)
-> Request 4
1334
(3, 2, 2)
2
(62, 33)
-> Request 5
1357
(3, 1, 2)
1
(79, 54)
---> Week : 14
--> Day : 0
-> Request 0
129
(4, 3, 2)
3
(10, 48)
-> Request 1
587
(2, 3, 1)
3
(6, 40)
-> Request 2
1073
(4, 2, 2)
3
(34, 25)
-> Request 3
1249
(2, 1, 2)
3
(58, 71)
--> Day : 1
-> Request 0
56
(1, 2, 2)
2
(54, 66)
-> Request 1
536
(3, 3, 2)
2
(64, 70)
-> Request 2
557
(4, 3, 2)
2
(45, 46)
-> Request 3
586
(2, 3, 2)
3
(62, 68)
-> Request 4
703
(1, 3, 1)
3
(7, 35)
-> Request 5
947
(1, 3, 2)
1
(15, 35)
--> Day : 2
-> Request 0
366
(4, 1, 2)
3
(35, 21)
-> Request 1
472
(1, 2, 2)
2
(9, 61)
-> Request 2
504
(1, 3, 1)
3
(45, 26)
-> Request 3
673
(3, 1, 1)
2
(60, 63)
-> Request 4
841
(1, 2, 2)
3
(18, 13)
--> Day : 3
-> Request 0
386
(3, 2, 1)
2
(61, 18)
-> Request 1
449
(3, 1, 2)
1
(60, 68)
-> Request 2
596
(3, 1, 2)
2
(58, 71)
-> Request 3
852
(4, 3, 2)
2
(12, 23)
-> Request 4
943
(3, 2, 2)
1
(61, 66)
--> Day : 4
-> Request 0
68
(4, 1, 1)
2
(37, 6)
-> Request 1
388
(1, 1, 1)
3
(49, 34)
-> Request 2
462
(4, 3, 1)
3
(52, 38)
-> Request 3
992
(3, 2, 1)
3
(43, 44)
-> Request 4
1215
(2, 2, 1)
2
(53, 67)
-> Request 5
1256
(4, 3, 1)
2
(24, 69)
-> Request 6
1430
(2, 2, 2)
2
(19, 57)
---> Week : 15
--> Day : 0
-> Request 0
184
(1, 2, 2)
1
(15, 15)
-> Request 1
276
(4, 3, 2)
3
(61, 41)
-> Request 2
373
(2, 3, 1)
2
(62, 31)
-> Request 3
439
(4, 3, 2)
1
(8, 25)
-> Request 4
629
(4, 2, 1)
2
(55, 43)
-> Request 5
764
(1, 3, 1)
1
(7, 18)
-> Request 6
889
(2, 3, 1)
3
(8, 22)
-> Request 7
958
(1, 2, 2)
3
(75, 48)
-> Request 8
1071
(1, 3, 1)
1
(53, 76)
-> Request 9
1108
(1, 3, 1)
3
(53, 30)
-> Request 10
1390
(4, 1, 2)
3
(15, 28)
--> Day : 1
-> Request 0
127
(4, 3, 1)
2
(6, 57)
-> Request 1
156
(1, 1, 1)
3
(4, 26)
-> Request 2
515
(2, 1, 1)
3
(65, 68)
-> Request 3
810
(3, 1, 2)
3
(64, 64)
-> Request 4
952
(2, 3, 1)
1
(59, 36)
--> Day : 2
-> Request 0
166
(3, 1, 1)
3
(11, 28)
-> Request 1
360
(4, 1, 1)
1
(61, 42)
-> Request 2
836
(3, 1, 1)
1
(55, 64)
-> Request 3
1155
(3, 3, 2)
1
(61, 67)
-> Request 4
1324
(3, 1, 2)
3
(29, 52)
-> Request 5
1411
(2, 3, 2)
3
(51, 41)
--> Day : 3
-> Request 0
117
(3, 1, 1)
3
(50, 69)
-> Request 1
774
(3, 1, 1)
2
(19, 57)
-> Request 2
1418
(3, 3, 2)
3
(54, 43)
--> Day : 4
-> Request 0
918
(2, 1, 2)
3
(64, 69)
-> Request 1
1007
(1, 3, 2)
2
(28, 74)
-> Request 2
1086
(2, 2, 1)
3
(71, 28)
---> Week : 16
--> Day : 0
-> Request 0
158
(3, 3, 2)
3
(56, 28)
-> Request 1
229
(4, 1, 2)
3
(68, 2)
-> Request 2
420
(2, 2, 2)
1
(55, 53)
-> Request 3
546
(2, 2, 1)
3
(9, 25)
-> Request 4
841
(2, 1, 1)
3
(60, 78)
-> Request 5
856
(2, 2, 2)
1
(67, 65)
-> Request 6
959
(3, 1, 1)
2
(56, 36)
-> Request 7
1047
(3, 2, 1)
3
(43, 34)
-> Request 8
1128
(1, 3, 2)
2
(14, 22)
-> Request 9
1274
(4, 3, 2)
1
(51, 47)
--> Day : 1
-> Request 0
288
(1, 1, 2)
2
(48, 38)
-> Request 1
356
(1, 1, 2)
3
(13, 26)
-> Request 2
684
(1, 3, 2)
3
(52, 36)
-> Request 3
1233
(2, 3, 1)
2
(49, 28)
--> Day : 2
-> Request 0
51
(1, 1, 1)
2
(51, 37)
-> Request 1
146
(4, 3, 2)
3
(37, 14)
-> Request 2
286
(1, 1, 1)
2
(76, 61)
-> Request 3
314
(4, 2, 2)
3
(50, 37)
-> Request 4
571
(2, 3, 2)
2
(36, 38)
-> Request 5
647
(2, 1, 1)
2
(43, 36)
-> Request 6
890
(3, 3, 1)
1
(67, 47)
-> Request 7
1027
(4, 1, 1)
3
(51, 39)
-> Request 8
1362
(2, 1, 1)
3
(54, 31)
-> Request 9
1379
(1, 2, 1)
2
(10, 37)
--> Day : 3
-> Request 0
93
(2, 1, 1)
2
(46, 27)
-> Request 1
1061
(3, 2, 1)
3
(61, 64)
-> Request 2
1125
(4, 3, 1)
3
(46, 7)
-> Request 3
1156
(4, 1, 1)
3
(55, 34)
-> Request 4
1172
(3, 2, 2)
2
(14, 20)
-> Request 5
1200
(4, 3, 1)
1
(41, 52)
--> Day : 4
-> Request 0
412
(4, 3, 2)
2
(21, 35)
-> Request 1
523
(2, 2, 1)
1
(8, 25)
-> Request 2
972
(4, 2, 2)
1
(53, 31)
-> Request 3
1145
(3, 1, 2)
3
(66, 74)
-> Request 4
1389
(4, 2, 1)
3
(47, 38)
---> Week : 17
--> Day : 0
-> Request 0
412
(4, 3, 1)
3
(48, 44)
-> Request 1
553
(4, 2, 1)
3
(55, 78)
-> Request 2
583
(3, 3, 1)
2
(56, 42)
-> Request 3
749
(3, 3, 2)
2
(55, 35)
-> Request 4
862
(1, 1, 1)
1
(35, 30)
-> Request 5
922
(3, 2, 2)
3
(9, 43)
-> Request 6
1028
(1, 3, 1)
1
(61, 65)
-> Request 7
1133
(1, 1, 2)
2
(60, 30)
-> Request 8
1357
(2, 1, 1)
3
(57, 69)
--> Day : 1
-> Request 0
100
(3, 3, 2)
1
(14, 7)
-> Request 1
242
(4, 1, 2)
2
(54, 72)
-> Request 2
370
(4, 1, 1)
2
(43, 30)
-> Request 3
478
(2, 2, 1)
3
(38, 31)
-> Request 4
513
(2, 1, 1)
2
(56, 66)
-> Request 5
528
(1, 2, 2)
3
(65, 68)
-> Request 6
756
(1, 2, 1)
2
(12, 30)
-> Request 7
937
(2, 2, 2)
2
(54, 43)
--> Day : 2
-> Request 0
571
(3, 2, 2)
3
(61, 69)
-> Request 1
640
(4, 3, 1)
2
(60, 67)
-> Request 2
766
(2, 1, 2)
3
(35, 11)
-> Request 3
1358
(3, 2, 1)
2
(57, 41)
-> Request 4
1398
(3, 1, 1)
1
(47, 37)
--> Day : 3
-> Request 0
27
(4, 2, 1)
2
(70, 63)
-> Request 1
329
(3, 3, 2)
3
(43, 75)
-> Request 2
408
(4, 3, 2)
3
(22, 28)
-> Request 3
632
(4, 2, 1)
3
(54, 40)
-> Request 4
1076
(4, 2, 1)
3
(47, 45)
--> Day : 4
-> Request 0
201
(1, 2, 2)
1
(18, 65)
-> Request 1
425
(4, 3, 1)
3
(57, 18)
-> Request 2
800
(1, 1, 1)
1
(69, 47)
-> Request 3
865
(4, 3, 2)
1
(62, 68)
-> Request 4
973
(2, 3, 2)
2
(45, 34)
-> Request 5
1040
(3, 3, 2)
3
(51, 50)
---> Week : 18
--> Day : 0
-> Request 0
93
(3, 2, 1)
2
(61, 31)
-> Request 1
242
(4, 3, 1)
1
(10, 77)
-> Request 2
304
(1, 2, 2)
1
(9, 23)
-> Request 3
338
(2, 1, 2)
1
(65, 69)
-> Request 4
366
(4, 1, 1)
3
(54, 71)
-> Request 5
537
(1, 2, 1)
2
(4, 19)
-> Request 6
551
(2, 3, 2)
3
(16, 73)
-> Request 7
583
(1, 3, 1)
1
(45, 1)
-> Request 8
1021
(1, 2, 2)
1
(56, 46)
-> Request 9
1147
(4, 3, 2)
2
(12, 21)
-> Request 10
1217
(4, 3, 2)
3
(51, 38)
-> Request 11
1398
(4, 2, 2)
1
(63, 65)
--> Day : 1
-> Request 0
386
(1, 3, 1)
1
(12, 25)
-> Request 1
596
(3, 1, 2)
1
(62, 53)
-> Request 2
774
(1, 3, 2)
3
(12, 71)
-> Request 3
868
(3, 1, 2)
2
(49, 61)
-> Request 4
1053
(2, 2, 1)
1
(43, 46)
-> Request 5
1144
(1, 3, 1)
3
(57, 65)
--> Day : 2
-> Request 0
264
(3, 2, 1)
2
(8, 28)
-> Request 1
296
(2, 2, 2)
1
(44, 40)
-> Request 2
472
(4, 2, 1)
3
(59, 75)
-> Request 3
897
(1, 2, 1)
1
(56, 31)
--> Day : 3
-> Request 0
107
(1, 3, 2)
2
(61, 55)
-> Request 1
157
(1, 2, 2)
2
(12, 20)
-> Request 2
669
(4, 3, 2)
3
(15, 37)
-> Request 3
895
(4, 3, 2)
2
(42, 38)
-> Request 4
1130
(4, 2, 1)
1
(61, 64)
-> Request 5
1357
(4, 3, 2)
3
(38, 61)
--> Day : 4
-> Request 0
103
(3, 2, 1)
3
(66, 64)
-> Request 1
753
(3, 2, 1)
1
(76, 74)
---> Week : 19
--> Day : 0
-> Request 0
131
(4, 3, 1)
3
(50, 77)
-> Request 1
196
(4, 2, 2)
1
(7, 35)
-> Request 2
215
(3, 1, 1)
2
(40, 16)
-> Request 3
496
(1, 3, 1)
1
(43, 46)
-> Request 4
606
(4, 2, 1)
1
(9, 24)
-> Request 5
830
(3, 2, 2)
1
(46, 35)
-> Request 6
1348
(1, 1, 1)
3
(15, 29)
-> Request 7
1421
(3, 1, 1)
3
(26, 11)
--> Day : 1
-> Request 0
202
(1, 1, 1)
1
(63, 76)
--> Day : 2
-> Request 0
439
(3, 1, 1)
3
(59, 64)
-> Request 1
643
(2, 2, 2)
3
(36, 30)
-> Request 2
778
(3, 1, 2)
2
(46, 36)
-> Request 3
781
(4, 2, 2)
1
(57, 36)
-> Request 4
834
(2, 1, 1)
3
(43, 37)
-> Request 5
984
(2, 3, 2)
3
(53, 33)
-> Request 6
1263
(2, 3, 1)
2
(40, 77)
--> Day : 3
-> Request 0
161
(2, 1, 1)
2
(8, 19)
-> Request 1
217
(4, 2, 1)
1
(16, 20)
-> Request 2
239
(2, 1, 2)
2
(0, 26)
-> Request 3
395
(2, 3, 2)
1
(17, 19)
-> Request 4
496
(3, 3, 2)
1
(37, 64)
-> Request 5
620
(3, 3, 1)
1
(34, 59)
-> Request 6
768
(1, 1, 2)
2
(65, 0)
-> Request 7
851
(3, 1, 1)
3
(62, 64)
-> Request 8
1393
(1, 2, 2)
3
(18, 46)
--> Day : 4
-> Request 0
449
(3, 3, 2)
3
(58, 66)
-> Request 1
699
(2, 1, 2)
2
(49, 34)
-> Request 2
764
(2, 3, 1)
3
(46, 28)
-> Request 3
843
(3, 3, 2)
2
(54, 65)
-> Request 4
1046
(4, 1, 1)
1
(20, 64)
---> Week : 20
--> Day : 0
-> Request 0
10
(4, 2, 2)
2
(52, 68)
-> Request 1
96
(1, 2, 1)
3
(59, 33)
-> Request 2
128
(4, 3, 2)
2
(55, 30)
-> Request 3
330
(1, 2, 2)
2
(50, 36)
-> Request 4
416
(2, 1, 1)
3
(52, 37)
-> Request 5
892
(1, 2, 1)
3
(11, 41)
-> Request 6
1009
(3, 2, 2)
3
(74, 20)
-> Request 7
1318
(2, 1, 2)
1
(44, 43)
-> Request 8
1378
(4, 2, 2)
1
(49, 40)
--> Day : 1
-> Request 0
556
(2, 3, 2)
2
(54, 74)
-> Request 1
608
(2, 3, 2)
2
(16, 50)
-> Request 2
754
(3, 2, 2)
2
(42, 70)
-> Request 3
763
(3, 1, 2)
2
(36, 6)
-> Request 4
928
(1, 1, 1)
2
(51, 37)
-> Request 5
1064
(2, 3, 2)
3
(38, 36)
-> Request 6
1347
(3, 1, 1)
1
(58, 40)
--> Day : 2
-> Request 0
16
(4, 2, 2)
3
(45, 33)
-> Request 1
58
(1, 1, 1)
2
(12, 6)
-> Request 2
151
(3, 3, 2)
3
(54, 33)
-> Request 3
670
(1, 3, 1)
3
(43, 58)
-> Request 4
731
(1, 3, 1)
1
(13, 20)
-> Request 5
939
(3, 1, 2)
2
(61, 32)
-> Request 6
1367
(3, 3, 2)
3
(60, 65)
--> Day : 3
-> Request 0
146
(1, 3, 1)
3
(24, 70)
-> Request 1
166
(4, 1, 1)
3
(61, 46)
-> Request 2
575
(3, 1, 1)
2
(76, 31)
-> Request 3
833
(2, 3, 2)
2
(17, 67)
-> Request 4
1004
(2, 1, 2)
1
(40, 60)
-> Request 5
1012
(4, 1, 1)
3
(55, 37)
-> Request 6
1233
(2, 2, 2)
3
(72, 23)
-> Request 7
1401
(2, 2, 1)
1
(17, 22)
--> Day : 4
-> Request 0
66
(4, 3, 1)
3
(66, 16)
-> Request 1
156
(1, 3, 1)
2
(56, 34)
-> Request 2
267
(3, 2, 1)
1
(60, 32)
-> Request 3
296
(2, 1, 2)
2
(28, 57)
-> Request 4
528
(2, 2, 2)
1
(10, 27)
-> Request 5
665
(4, 1, 2)
1
(59, 19)
-> Request 6
1107
(4, 2, 2)
2
(57, 43)
-> Request 7
1403
(1, 3, 2)
2
(59, 33)
---> Week : 21
--> Day : 0
-> Request 0
88
(2, 1, 1)
2
(45, 27)
-> Request 1
823
(3, 1, 1)
2
(17, 21)
-> Request 2
892
(4, 1, 2)
3
(60, 44)
-> Request 3
896
(2, 1, 1)
1
(3, 62)
-> Request 4
1080
(3, 1, 1)
3
(11, 24)
--> Day : 1
-> Request 0
551
(4, 2, 1)
3
(50, 78)
--> Day : 2
-> Request 0
276
(3, 3, 1)
3
(51, 30)
-> Request 1
319
(3, 3, 1)
2
(63, 76)
-> Request 2
510
(2, 3, 2)
3
(56, 41)
-> Request 3
565
(3, 2, 2)
1
(50, 33)
-> Request 4
570
(3, 2, 2)
2
(55, 67)
-> Request 5
777
(4, 1, 1)
3
(44, 52)
-> Request 6
966
(1, 3, 1)
3
(63, 69)
-> Request 7
1217
(3, 3, 2)
3
(60, 72)
-> Request 8
1234
(4, 3, 1)
2
(62, 40)
--> Day : 3
-> Request 0
251
(2, 1, 2)
1
(45, 50)
-> Request 1
351
(2, 1, 2)
3
(55, 28)
-> Request 2
468
(4, 3, 2)
2
(43, 27)
-> Request 3
530
(1, 3, 1)
3
(77, 64)
-> Request 4
577
(1, 2, 2)
3
(52, 72)
-> Request 5
911
(4, 1, 1)
1
(44, 59)
-> Request 6
1025
(2, 3, 2)
1
(59, 66)
-> Request 7
1211
(1, 3, 1)
3
(37, 18)
-> Request 8
1383
(1, 3, 1)
3
(47, 22)
-> Request 9
1391
(1, 3, 2)
2
(53, 39)
--> Day : 4
-> Request 0
411
(4, 1, 2)
2
(61, 38)
-> Request 1
647
(4, 2, 2)
3
(55, 66)
-> Request 2
782
(4, 2, 1)
1
(63, 77)
-> Request 3
889
(1, 3, 1)
2
(10, 8)
-> Request 4
970
(2, 1, 1)
1
(6, 48)
-> Request 5
1028
(2, 3, 1)
2
(48, 39)
---> Week : 22
--> Day : 0
-> Request 0
79
(1, 2, 1)
1
(69, 72)
-> Request 1
170
(2, 1, 2)
1
(60, 36)
-> Request 2
198
(2, 1, 2)
2
(50, 29)
-> Request 3
695
(4, 1, 2)
2
(16, 26)
-> Request 4
919
(4, 1, 2)
2
(19, 77)
-> Request 5
969
(4, 2, 2)
1
(56, 53)
-> Request 6
1284
(2, 2, 2)
1
(17, 24)
--> Day : 1
-> Request 0
11
(3, 2, 2)
2
(59, 69)
-> Request 1
54
(4, 3, 2)
3
(63, 71)
-> Request 2
82
(2, 3, 2)
3
(71, 19)
-> Request 3
84
(3, 2, 2)
2
(36, 74)
-> Request 4
120
(2, 2, 1)
3
(49, 5)
-> Request 5
651
(4, 2, 1)
3
(55, 17)
-> Request 6
1046
(1, 1, 2)
3
(45, 39)
-> Request 7
1312
(4, 2, 2)
2
(42, 13)
--> Day : 2
-> Request 0
75
(4, 2, 2)
3
(59, 44)
-> Request 1
423
(1, 1, 1)
2
(23, 50)
-> Request 2
933
(1, 3, 2)
2
(12, 6)
-> Request 3
1334
(3, 2, 2)
2
(50, 46)
--> Day : 3
-> Request 0
166
(3, 1, 1)
3
(54, 67)
-> Request 1
508
(4, 3, 1)
1
(51, 27)
-> Request 2
638
(1, 3, 1)
2
(52, 32)
-> Request 3
680
(3, 2, 1)
3
(50, 43)
-> Request 4
1261
(4, 3, 2)
2
(48, 29)
-> Request 5
1314
(2, 1, 1)
1
(45, 31)
--> Day : 4
-> Request 0
361
(3, 3, 2)
3
(52, 76)
-> Request 1
412
(3, 1, 2)
2
(15, 28)
-> Request 2
502
(2, 3, 1)
3
(6, 14)
-> Request 3
742
(4, 3, 2)
2
(16, 77)
-> Request 4
1019
(2, 3, 1)
1
(21, 65)
-> Request 5
1193
(1, 3, 2)
2
(4, 78)
-> Request 6
1304
(2, 2, 1)
1
(51, 40)
-> Request 7
1399
(4, 1, 1)
2
(47, 46)
-> Request 8
1438
(4, 2, 1)
1
(69, 35)
---> Week : 23
--> Day : 0
-> Request 0
109
(2, 2, 2)
3
(44, 67)
-> Request 1
128
(4, 3, 2)
3
(45, 42)
-> Request 2
169
(1, 2, 1)
1
(11, 49)
-> Request 3
582
(4, 2, 1)
2
(62, 57)
-> Request 4
1131
(2, 3, 1)
3
(69, 19)
-> Request 5
1236
(4, 3, 2)
1
(60, 30)
-> Request 6
1256
(1, 1, 2)
3
(58, 40)
--> Day : 1
-> Request 0
526
(2, 1, 2)
1
(7, 75)
-> Request 1
1189
(2, 3, 2)
3
(16, 39)
-> Request 2
1332
(4, 2, 1)
1
(56, 45)
--> Day : 2
-> Request 0
43
(1, 1, 2)
2
(61, 39)
-> Request 1
309
(2, 2, 2)
1
(68, 32)
-> Request 2
1421
(2, 2, 1)
3
(53, 25)
--> Day : 3
-> Request 0
39
(1, 2, 2)
3
(77, 69)
-> Request 1
112
(2, 3, 1)
3
(49, 41)
-> Request 2
299
(3, 3, 2)
2
(48, 43)
-> Request 3
356
(4, 3, 2)
2
(55, 33)
-> Request 4
466
(2, 2, 1)
1
(54, 67)
-> Request 5
960
(4, 1, 1)
2
(55, 70)
-> Request 6
988
(4, 1, 2)
1
(49, 29)
-> Request 7
1130
(4, 1, 1)
2
(46, 39)
-> Request 8
1145
(3, 1, 1)
2
(52, 34)
--> Day : 4
-> Request 0
100
(2, 1, 2)
1
(9, 27)
-> Request 1
456
(1, 1, 2)
1
(8, 10)
-> Request 2
591
(1, 2, 2)
1
(57, 75)
-> Request 3
672
(3, 2, 2)
2
(52, 33)
-> Request 4
721
(2, 2, 1)
3
(20, 50)
-> Request 5
983
(3, 2, 2)
2
(75, 47)
-> Request 6
1168
(3, 1, 2)
2
(26, 33)
---> Week : 24
--> Day : 0
-> Request 0
435
(2, 3, 1)
1
(37, 6)
-> Request 1
450
(3, 2, 1)
2
(15, 30)
-> Request 2
687
(2, 2, 1)
2
(75, 30)
-> Request 3
839
(4, 3, 1)
2
(50, 69)
-> Request 4
953
(2, 2, 1)
3
(47, 42)
-> Request 5
984
(3, 1, 2)
3
(63, 17)
-> Request 6
1210
(2, 3, 1)
3
(31, 20)
-> Request 7
1409
(1, 1, 1)
2
(45, 67)
--> Day : 1
-> Request 0
139
(4, 1, 2)
1
(61, 74)
-> Request 1
274
(4, 2, 1)
1
(55, 74)
-> Request 2
468
(3, 1, 2)
3
(62, 46)
-> Request 3
547
(1, 1, 1)
3
(63, 76)
-> Request 4
1149
(1, 1, 2)
3
(59, 42)
-> Request 5
1323
(1, 2, 2)
3
(56, 37)
-> Request 6
1416
(3, 3, 2)
3
(62, 33)
--> Day : 2
-> Request 0
29
(4, 2, 1)
2
(59, 36)
-> Request 1
267
(4, 1, 1)
2
(4, 61)
-> Request 2
560
(1, 1, 2)
2
(49, 42)
-> Request 3
628
(4, 3, 1)
2
(12, 30)
-> Request 4
949
(3, 3, 1)
2
(43, 51)
-> Request 5
1124
(2, 3, 1)
3
(66, 71)
-> Request 6
1330
(3, 3, 2)
3
(9, 30)
-> Request 7
1350
(2, 1, 1)
1
(17, 23)
-> Request 8
1433
(4, 1, 1)
1
(70, 73)
--> Day : 3
-> Request 0
192
(2, 1, 2)
3
(62, 27)
-> Request 1
687
(2, 2, 2)
1
(10, 24)
-> Request 2
764
(3, 3, 1)
2
(21, 54)
-> Request 3
1176
(4, 2, 1)
1
(49, 69)
-> Request 4
1293
(2, 3, 1)
3
(48, 45)
--> Day : 4
-> Request 0
75
(1, 2, 2)
1
(39, 13)
-> Request 1
564
(1, 3, 1)
3
(53, 44)
-> Request 2
997
(3, 3, 2)
1
(31, 60)
-> Request 3
1032
(2, 2, 1)
1
(59, 46)
---> Week : 25
--> Day : 0
-> Request 0
115
(4, 3, 2)
3
(59, 40)
-> Request 1
151
(2, 1, 1)
3
(56, 23)
-> Request 2
199
(3, 1, 2)
1
(27, 31)
-> Request 3
203
(2, 2, 1)
3
(55, 31)
-> Request 4
393
(3, 1, 2)
3
(59, 46)
-> Request 5
672
(4, 1, 1)
2
(43, 44)
-> Request 6
925
(1, 2, 2)
2
(24, 66)
-> Request 7
1349
(2, 2, 2)
3
(53, 67)
--> Day : 1
-> Request 0
117
(4, 3, 2)
2
(60, 45)
-> Request 1
382
(3, 3, 1)
2
(68, 70)
--> Day : 2
-> Request 0
388
(1, 1, 2)
1
(46, 47)
-> Request 1
474
(1, 3, 1)
2
(28, 36)
-> Request 2
590
(2, 1, 1)
2
(54, 37)
-> Request 3
1177
(3, 3, 2)
1
(60, 28)
-> Request 4
1363
(4, 3, 1)
2
(13, 17)
--> Day : 3
-> Request 0
77
(4, 1, 2)
2
(55, 76)
-> Request 1
449
(2, 3, 2)
3
(6, 32)
-> Request 2
818
(1, 3, 1)
3
(11, 24)
-> Request 3
884
(3, 1, 2)
2
(64, 4)
--> Day : 4
-> Request 0
216
(1, 3, 1)
1
(67, 0)
-> Request 1
460
(3, 2, 1)
2
(13, 77)
-> Request 2
540
(2, 2, 2)
2
(44, 31)
-> Request 3
888
(3, 3, 1)
3
(52, 15)
-> Request 4
1222
(3, 1, 2)
3
(15, 4)
---> Week : 26
--> Day : 0
-> Request 0
363
(4, 3, 1)
2
(79, 36)
-> Request 1
469
(3, 2, 2)
3
(79, 26)
-> Request 2
787
(1, 1, 2)
1
(5, 12)
-> Request 3
927
(1, 2, 2)
2
(79, 10)
-> Request 4
1208
(3, 1, 2)
3
(55, 45)
-> Request 5
1308
(4, 1, 1)
2
(54, 45)
-> Request 6
1426
(3, 1, 1)
2
(29, 52)
--> Day : 1
-> Request 0
1065
(4, 2, 1)
3
(58, 52)
--> Day : 2
-> Request 0
567
(3, 2, 2)
2
(52, 73)
-> Request 1
1101
(4, 2, 1)
1
(11, 39)
-> Request 2
1104
(1, 2, 2)
1
(45, 45)
-> Request 3
1261
(1, 2, 1)
2
(51, 37)
--> Day : 3
-> Request 0
72
(4, 1, 2)
2
(14, 66)
-> Request 1
125
(4, 2, 1)
2
(31, 3)
-> Request 2
349
(4, 3, 1)
1
(46, 46)
-> Request 3
353
(2, 2, 1)
2
(62, 76)
-> Request 4
909
(1, 2, 2)
2
(5, 47)
-> Request 5
974
(3, 3, 2)
1
(15, 25)
-> Request 6
1103
(1, 1, 2)
1
(14, 65)
--> Day : 4
-> Request 0
623
(3, 1, 1)
1
(62, 58)
-> Request 1
894
(2, 1, 2)
1
(60, 39)
-> Request 2
902
(4, 3, 1)
2
(50, 33)
-> Request 3
1257
(3, 2, 2)
3
(60, 44)
---> Week : 27
--> Day : 0
-> Request 0
20
(4, 2, 1)
2
(45, 31)
-> Request 1
68
(4, 2, 1)
2
(71, 40)
-> Request 2
544
(1, 1, 1)
3
(55, 31)
-> Request 3
581
(2, 3, 2)
1
(56, 73)
-> Request 4
704
(2, 1, 2)
2
(64, 67)
-> Request 5
1318
(4, 1, 2)
1
(47, 39)
-> Request 6
1348
(1, 3, 2)
3
(52, 73)
--> Day : 1
-> Request 0
9
(1, 2, 2)
3
(61, 28)
-> Request 1
135
(2, 1, 1)
3
(68, 25)
-> Request 2
648
(3, 1, 2)
1
(70, 34)
--> Day : 2
-> Request 0
84
(4, 3, 1)
2
(55, 67)
-> Request 1
479
(1, 2, 2)
1
(55, 33)
-> Request 2
518
(2, 3, 2)
2
(61, 70)
-> Request 3
592
(1, 1, 2)
2
(53, 32)
-> Request 4
680
(1, 2, 2)
3
(34, 66)
-> Request 5
824
(4, 2, 1)
1
(62, 11)
-> Request 6
870
(1, 1, 2)
1
(15, 61)
--> Day : 3
-> Request 0
228
(4, 3, 2)
3
(50, 45)
-> Request 1
291
(3, 3, 1)
3
(15, 28)
-> Request 2
331
(1, 2, 1)
2
(62, 11)
-> Request 3
398
(1, 1, 2)
2
(37, 0)
-> Request 4
574
(3, 1, 1)
1
(59, 68)
-> Request 5
780
(2, 2, 1)
1
(27, 25)
-> Request 6
807
(1, 1, 2)
3
(65, 50)
--> Day : 4
-> Request 0
343
(3, 3, 2)
1
(54, 65)
-> Request 1
420
(3, 2, 2)
3
(60, 30)
-> Request 2
1006
(4, 1, 1)
1
(55, 42)
-> Request 3
1181
(1, 3, 2)
2
(49, 43)
---> Week : 28
--> Day : 0
-> Request 0
88
(4, 2, 1)
3
(28, 30)
-> Request 1
209
(4, 1, 2)
3
(59, 28)
-> Request 2
241
(3, 3, 2)
2
(50, 27)
-> Request 3
509
(1, 3, 1)
1
(42, 67)
-> Request 4
827
(1, 2, 1)
1
(64, 77)
-> Request 5
965
(4, 2, 1)
2
(32, 71)
-> Request 6
1322
(4, 3, 2)
1
(43, 33)
--> Day : 1
-> Request 0
31
(4, 1, 2)
1
(15, 62)
-> Request 1
281
(4, 3, 2)
1
(30, 20)
-> Request 2
909
(1, 3, 2)
1
(14, 55)
-> Request 3
993
(4, 3, 2)
1
(6, 73)
-> Request 4
1127
(1, 3, 1)
1
(0, 37)
-> Request 5
1276
(3, 2, 2)
3
(51, 41)
-> Request 6
1419
(4, 1, 2)
2
(69, 20)
--> Day : 2
-> Request 0
116
(2, 1, 2)
2
(10, 36)
-> Request 1
300
(4, 2, 2)
3
(55, 72)
-> Request 2
919
(2, 2, 1)
3
(8, 22)
-> Request 3
950
(2, 3, 1)
3
(37, 34)
-> Request 4
1044
(3, 2, 2)
2
(11, 68)
-> Request 5
1118
(3, 2, 1)
2
(54, 73)
-> Request 6
1198
(3, 3, 2)
2
(55, 67)
-> Request 7
1209
(2, 3, 1)
1
(19, 52)
--> Day : 3
-> Request 0
20
(1, 2, 1)
2
(41, 66)
-> Request 1
168
(4, 1, 2)
1
(73, 71)
-> Request 2
204
(3, 2, 2)
3
(61, 69)
-> Request 3
1117
(3, 1, 1)
3
(43, 45)
-> Request 4
1361
(3, 3, 2)
2
(64, 75)
--> Day : 4
-> Request 0
146
(3, 3, 1)
1
(2, 73)
-> Request 1
244
(3, 2, 2)
3
(23, 16)
-> Request 2
305
(4, 1, 1)
1
(31, 22)
-> Request 3
444
(4, 2, 1)
1
(62, 5)
-> Request 4
493
(2, 2, 1)
1
(30, 12)
-> Request 5
596
(3, 2, 2)
1
(24, 24)
-> Request 6
599
(4, 3, 2)
1
(37, 39)
-> Request 7
604
(3, 2, 2)
3
(72, 54)
-> Request 8
674
(2, 3, 2)
2
(27, 46)
-> Request 9
862
(4, 2, 2)
3
(15, 44)
-> Request 10
865
(2, 3, 1)
3
(46, 40)
---> Week : 29
--> Day : 0
-> Request 0
1424
(3, 3, 2)
1
(45, 31)
--> Day : 1
-> Request 0
102
(4, 2, 2)
3
(78, 30)
-> Request 1
339
(1, 2, 2)
1
(55, 68)
-> Request 2
632
(3, 3, 1)
2
(22, 60)
-> Request 3
798
(4, 1, 2)
1
(66, 75)
-> Request 4
1211
(3, 3, 2)
1
(72, 10)
-> Request 5
1299
(2, 2, 1)
2
(4, 30)
--> Day : 2
-> Request 0
49
(4, 1, 2)
2
(52, 43)
-> Request 1
214
(2, 3, 2)
2
(5, 42)
-> Request 2
355
(3, 2, 1)
3
(50, 54)
-> Request 3
620
(1, 3, 1)
1
(13, 20)
-> Request 4
879
(2, 3, 1)
2
(17, 22)
-> Request 5
1070
(3, 2, 1)
3
(46, 47)
-> Request 6
1178
(2, 1, 2)
2
(27, 14)
--> Day : 3
-> Request 0
100
(4, 3, 1)
1
(72, 73)
-> Request 1
100
(4, 1, 1)
3
(46, 28)
-> Request 2
573
(3, 3, 2)
1
(55, 32)
-> Request 3
617
(1, 3, 1)
2
(11, 28)
-> Request 4
1170
(1, 1, 1)
1
(9, 29)
-> Request 5
1179
(3, 3, 2)
2
(52, 39)
-> Request 6
1222
(3, 3, 2)
2
(57, 67)
--> Day : 4
-> Request 0
75
(1, 1, 2)
2
(52, 37)
-> Request 1
549
(4, 3, 1)
2
(58, 69)
-> Request 2
678
(3, 3, 1)
3
(58, 64)
-> Request 3
1047
(1, 3, 1)
2
(38, 49)
-> Request 4
1097
(2, 2, 1)
2
(4, 33)
-> Request 5
1114
(3, 1, 1)
3
(71, 9)
---> Week : 30
--> Day : 0
-> Request 0
7
(4, 3, 2)
1
(73, 76)
-> Request 1
1171
(1, 2, 2)
1
(57, 5)
-> Request 2
1175
(4, 2, 1)
1
(63, 70)
-> Request 3
1263
(4, 1, 2)
3
(56, 45)
--> Day : 1
-> Request 0
240
(2, 3, 2)
3
(14, 55)
-> Request 1
255
(3, 2, 1)
1
(5, 9)
-> Request 2
701
(2, 1, 1)
3
(13, 20)
-> Request 3
881
(1, 3, 2)
2
(51, 30)
-> Request 4
1268
(2, 3, 1)
3
(75, 5)
--> Day : 2
-> Request 0
268
(4, 3, 2)
1
(45, 29)
-> Request 1
415
(3, 2, 1)
3
(50, 32)
-> Request 2
454
(2, 1, 1)
3
(29, 66)
-> Request 3
769
(1, 1, 2)
3
(67, 71)
-> Request 4
790
(4, 2, 1)
2
(17, 22)
-> Request 5
1103
(2, 1, 1)
1
(58, 46)
-> Request 6
1133
(4, 3, 1)
2
(62, 40)
-> Request 7
1134
(3, 3, 1)
1
(10, 32)
--> Day : 3
-> Request 0
368
(1, 2, 1)
3
(54, 43)
-> Request 1
372
(4, 2, 2)
2
(14, 26)
-> Request 2
796
(3, 1, 2)
2
(49, 31)
-> Request 3
1060
(2, 3, 1)
3
(46, 27)
-> Request 4
1270
(4, 3, 1)
1
(36, 76)
--> Day : 4
-> Request 0
264
(1, 3, 2)
1
(41, 49)
-> Request 1
841
(4, 3, 2)
3
(56, 76)
-> Request 2
1015
(2, 1, 1)
1
(12, 25)
-> Request 3
1043
(1, 1, 2)
1
(76, 44)
-> Request 4
1062
(2, 1, 1)
3
(45, 17)
-> Request 5
1086
(1, 1, 2)
2
(10, 57)
-> Request 6
1390
(4, 2, 2)
1
(48, 35)
---> Week : 31
--> Day : 0
-> Request 0
73
(3, 2, 2)
1
(44, 41)
-> Request 1
916
(1, 3, 1)
1
(73, 51)
-> Request 2
974
(1, 1, 2)
2
(55, 40)
-> Request 3
1105
(3, 2, 1)
1
(55, 36)
--> Day : 1
-> Request 0
257
(1, 1, 2)
1
(13, 20)
-> Request 1
289
(3, 3, 1)
2
(51, 35)
-> Request 2
294
(2, 2, 2)
3
(72, 0)
-> Request 3
315
(3, 3, 1)
2
(65, 77)
-> Request 4
740
(1, 2, 2)
1
(56, 13)
-> Request 5
859
(3, 2, 1)
2
(14, 34)
-> Request 6
1196
(1, 2, 1)
2
(52, 46)
--> Day : 2
-> Request 0
715
(2, 2, 1)
1
(29, 25)
-> Request 1
1198
(4, 3, 1)
3
(46, 31)
--> Day : 3
-> Request 0
249
(4, 3, 2)
1
(50, 43)
-> Request 1
829
(3, 3, 2)
1
(64, 65)
-> Request 2
829
(2, 2, 1)
2
(47, 76)
-> Request 3
887
(2, 2, 1)
3
(24, 54)
-> Request 4
897
(1, 1, 1)
1
(62, 48)
-> Request 5
904
(3, 1, 1)
2
(72, 9)
-> Request 6
959
(2, 2, 2)
2
(64, 69)
-> Request 7
1276
(4, 3, 1)
1
(62, 43)
--> Day : 4
-> Request 0
1
(4, 1, 1)
1
(57, 64)
-> Request 1
5
(3, 1, 1)
2
(52, 65)
-> Request 2
125
(4, 3, 2)
1
(60, 31)
-> Request 3
214
(3, 2, 2)
2
(54, 66)
-> Request 4
790
(4, 2, 1)
1
(48, 56)
-> Request 5
906
(3, 1, 1)
2
(58, 72)
-> Request 6
923
(4, 3, 2)
1
(74, 57)
-> Request 7
993
(2, 3, 2)
1
(19, 2)
-> Request 8
1177
(1, 3, 1)
3
(47, 35)
---> Week : 32
--> Day : 0
-> Request 0
108
(2, 1, 1)
1
(37, 24)
-> Request 1
168
(2, 3, 1)
1
(73, 17)
-> Request 2
284
(4, 1, 1)
2
(49, 38)
-> Request 3
415
(1, 3, 2)
2
(5, 11)
-> Request 4
668
(3, 3, 2)
3
(72, 25)
-> Request 5
693
(2, 2, 1)
2
(48, 42)
-> Request 6
908
(1, 3, 2)
1
(48, 32)
-> Request 7
1100
(2, 2, 1)
1
(61, 51)
-> Request 8
1133
(4, 1, 2)
3
(56, 27)
-> Request 9
1232
(2, 1, 1)
3
(64, 78)
-> Request 10
1411
(1, 2, 2)
1
(73, 35)
--> Day : 1
-> Request 0
64
(4, 1, 1)
2
(43, 11)
-> Request 1
206
(3, 1, 2)
3
(16, 27)
-> Request 2
854
(2, 2, 1)
1
(53, 45)
-> Request 3
926
(3, 2, 1)
3
(72, 26)
-> Request 4
991
(4, 2, 2)
1
(48, 30)
-> Request 5
1211
(3, 2, 1)
3
(18, 7)
-> Request 6
1294
(2, 3, 1)
3
(71, 63)
--> Day : 2
-> Request 0
742
(2, 3, 1)
1
(61, 35)
-> Request 1
753
(3, 2, 1)
2
(44, 46)
-> Request 2
808
(4, 1, 1)
1
(55, 65)
-> Request 3
1076
(1, 2, 2)
3
(46, 31)
-> Request 4
1155
(3, 3, 1)
1
(53, 32)
-> Request 5
1184
(4, 3, 2)
1
(1, 25)
-> Request 6
1256
(4, 2, 1)
2
(10, 28)
--> Day : 3
-> Request 0
165
(2, 3, 1)
1
(9, 26)
-> Request 1
877
(4, 2, 2)
3
(65, 71)
-> Request 2
1047
(2, 2, 1)
2
(27, 76)
--> Day : 4
-> Request 0
69
(4, 1, 2)
3
(15, 50)
-> Request 1
117
(1, 3, 1)
3
(54, 45)
-> Request 2
407
(4, 1, 1)
3
(16, 7)
-> Request 3
537
(1, 2, 2)
2
(56, 65)
-> Request 4
1313
(3, 2, 2)
3
(62, 77)
---> Week : 33
--> Day : 0
-> Request 0
126
(1, 1, 1)
1
(70, 75)
-> Request 1
255
(1, 3, 1)
3
(19, 1)
-> Request 2
670
(1, 1, 2)
2
(58, 65)
-> Request 3
767
(1, 3, 2)
3
(12, 28)
-> Request 4
1099
(3, 1, 1)
3
(40, 78)
-> Request 5
1419
(2, 3, 2)
2
(22, 4)
--> Day : 1
-> Request 0
80
(3, 1, 1)
3
(41, 41)
-> Request 1
435
(2, 3, 1)
2
(59, 38)
-> Request 2
436
(2, 2, 1)
3
(58, 31)
-> Request 3
1033
(3, 2, 1)
2
(43, 35)
-> Request 4
1043
(2, 2, 1)
2
(59, 72)
-> Request 5
1222
(2, 2, 2)
1
(58, 35)
--> Day : 2
-> Request 0
92
(4, 1, 2)
3
(18, 21)
-> Request 1
396
(2, 1, 2)
1
(13, 20)
-> Request 2
638
(2, 1, 2)
3
(75, 49)
-> Request 3
1203
(2, 2, 1)
1
(12, 25)
--> Day : 3
-> Request 0
359
(2, 1, 2)
1
(5, 56)
-> Request 1
635
(2, 3, 1)
3
(12, 68)
-> Request 2
752
(3, 1, 2)
3
(39, 54)
-> Request 3
1184
(1, 2, 2)
1
(42, 69)
-> Request 4
1366
(1, 3, 1)
2
(15, 17)
--> Day : 4
-> Request 0
141
(3, 3, 1)
1
(77, 12)
-> Request 1
470
(1, 3, 2)
1
(56, 78)
---> Week : 34
--> Day : 0
-> Request 0
357
(3, 2, 2)
1
(53, 75)
-> Request 1
445
(1, 2, 2)
1
(50, 45)
-> Request 2
906
(4, 1, 1)
1
(61, 31)
-> Request 3
1003
(1, 3, 1)
3
(62, 71)
-> Request 4
1265
(2, 2, 2)
1
(12, 26)
-> Request 5
1405
(3, 2, 2)
3
(32, 49)
--> Day : 1
-> Request 0
447
(1, 3, 2)
2
(43, 41)
-> Request 1
679
(2, 3, 2)
3
(17, 60)
-> Request 2
865
(3, 2, 1)
1
(24, 62)
-> Request 3
973
(4, 3, 1)
3
(23, 32)
-> Request 4
1125
(4, 2, 2)
1
(17, 25)
-> Request 5
1186
(4, 1, 1)
3
(62, 39)
--> Day : 2
-> Request 0
316
(3, 2, 1)
2
(26, 62)
-> Request 1
511
(3, 3, 1)
2
(45, 77)
-> Request 2
550
(2, 3, 2)
1
(22, 13)
-> Request 3
594
(2, 2, 1)
2
(62, 47)
-> Request 4
1024
(2, 1, 1)
2
(36, 29)
-> Request 5
1039
(1, 2, 2)
2
(63, 75)
-> Request 6
1078
(2, 1, 2)
1
(22, 76)
-> Request 7
1165
(3, 1, 2)
2
(55, 44)
--> Day : 3
-> Request 0
68
(3, 1, 2)
1
(51, 54)
-> Request 1
125
(1, 2, 1)
3
(66, 48)
-> Request 2
143
(2, 2, 2)
1
(58, 32)
-> Request 3
154
(1, 3, 2)
1
(55, 43)
-> Request 4
548
(4, 1, 2)
3
(65, 73)
-> Request 5
829
(3, 3, 1)
2
(63, 17)
-> Request 6
898
(3, 1, 1)
3
(45, 31)
-> Request 7
1018
(3, 2, 1)
2
(57, 76)
-> Request 8
1330
(3, 3, 2)
1
(52, 69)
-> Request 9
1420
(1, 2, 2)
1
(32, 13)
--> Day : 4
-> Request 0
108
(1, 2, 2)
1
(71, 52)
-> Request 1
382
(1, 3, 1)
2
(55, 68)
-> Request 2
382
(4, 3, 2)
3
(44, 36)
-> Request 3
446
(1, 3, 1)
2
(25, 66)
-> Request 4
662
(3, 2, 1)
3
(61, 69)
-> Request 5
1252
(1, 2, 1)
3
(72, 12)
---> Week : 35
--> Day : 0
-> Request 0
56
(4, 3, 2)
1
(13, 35)
-> Request 1
243
(4, 2, 2)
1
(60, 45)
-> Request 2
317
(2, 3, 2)
1
(53, 72)
-> Request 3
486
(3, 3, 2)
2
(26, 66)
-> Request 4
569
(2, 1, 1)
3
(47, 31)
-> Request 5
1187
(3, 3, 1)
3
(41, 78)
--> Day : 1
-> Request 0
7
(3, 2, 1)
3
(63, 65)
-> Request 1
96
(2, 3, 2)
3
(47, 46)
-> Request 2
219
(4, 1, 1)
3
(43, 33)
-> Request 3
248
(4, 3, 2)
2
(11, 23)
-> Request 4
425
(3, 1, 1)
1
(15, 63)
-> Request 5
542
(3, 1, 2)
2
(2, 28)
-> Request 6
878
(2, 2, 2)
2
(9, 21)
--> Day : 2
-> Request 0
136
(3, 1, 2)
1
(77, 15)
-> Request 1
138
(4, 1, 1)
3
(73, 74)
-> Request 2
174
(2, 1, 2)
3
(56, 27)
-> Request 3
338
(2, 1, 1)
2
(14, 33)
--> Day : 3
-> Request 0
62
(4, 1, 1)
2
(21, 35)
-> Request 1
263
(1, 2, 2)
3
(55, 26)
-> Request 2
959
(2, 1, 2)
2
(23, 68)
-> Request 3
976
(3, 1, 2)
1
(59, 35)
-> Request 4
1158
(2, 2, 1)
2
(21, 18)
-> Request 5
1271
(1, 2, 1)
2
(63, 77)
-> Request 6
1280
(4, 3, 2)
1
(29, 39)
--> Day : 4
-> Request 0
1
(1, 3, 1)
2
(56, 65)
-> Request 1
313
(3, 3, 1)
1
(56, 34)
-> Request 2
441
(1, 1, 2)
3
(50, 45)
-> Request 3
441
(3, 2, 2)
1
(41, 7)
-> Request 4
516
(4, 3, 1)
2
(50, 28)
-> Request 5
612
(3, 1, 2)
2
(54, 3)
-> Request 6
684
(3, 1, 1)
3
(54, 38)
-> Request 7
784
(4, 2, 1)
1
(60, 38)
-> Request 8
940
(4, 3, 2)
2
(56, 31)
-> Request 9
1135
(2, 2, 1)
1
(51, 34)
---> Week : 36
--> Day : 0
-> Request 0
61
(4, 3, 1)
1
(53, 35)
-> Request 1
222
(4, 3, 2)
1
(13, 9)
-> Request 2
642
(1, 3, 1)
1
(54, 67)
-> Request 3
784
(1, 1, 1)
1
(14, 21)
-> Request 4
1131
(3, 3, 1)
1
(39, 56)
--> Day : 1
-> Request 0
129
(2, 2, 2)
2
(11, 66)
-> Request 1
204
(3, 1, 2)
1
(10, 76)
-> Request 2
375
(3, 2, 1)
3
(62, 75)
-> Request 3
1158
(2, 2, 1)
3
(77, 50)
-> Request 4
1190
(1, 2, 1)
1
(9, 78)
-> Request 5
1426
(1, 1, 1)
3
(55, 27)
--> Day : 2
-> Request 0
203
(3, 3, 1)
1
(70, 36)
-> Request 1
248
(1, 1, 1)
2
(56, 65)
-> Request 2
350
(2, 2, 2)
2
(62, 33)
-> Request 3
885
(2, 3, 2)
1
(53, 28)
--> Day : 3
-> Request 0
217
(4, 1, 2)
1
(57, 43)
-> Request 1
419
(3, 2, 1)
1
(58, 33)
-> Request 2
459
(2, 3, 1)
3
(61, 42)
-> Request 3
613
(2, 2, 1)
2
(6, 47)
-> Request 4
826
(1, 1, 1)
1
(62, 70)
-> Request 5
872
(2, 2, 1)
2
(61, 71)
-> Request 6
1070
(1, 2, 1)
2
(49, 46)
--> Day : 4
-> Request 0
14
(3, 1, 2)
1
(58, 75)
-> Request 1
21
(4, 1, 2)
3
(59, 33)
-> Request 2
259
(3, 1, 2)
2
(68, 50)
-> Request 3
704
(2, 3, 2)
1
(43, 47)
-> Request 4
754
(2, 3, 2)
3
(10, 27)
-> Request 5
1148
(3, 2, 2)
3
(69, 46)
---> Week : 37
--> Day : 0
-> Request 0
44
(2, 3, 1)
2
(48, 33)
-> Request 1
234
(1, 3, 1)
1
(51, 30)
-> Request 2
355
(2, 3, 1)
1
(65, 64)
-> Request 3
1123
(4, 3, 2)
1
(47, 39)
-> Request 4
1373
(4, 1, 1)
1
(24, 28)
--> Day : 1
-> Request 0
672
(4, 1, 2)
1
(63, 76)
-> Request 1
799
(3, 2, 2)
2
(14, 26)
-> Request 2
858
(3, 1, 1)
2
(29, 60)
--> Day : 2
-> Request 0
52
(4, 2, 1)
3
(54, 46)
-> Request 1
713
(3, 3, 1)
3
(56, 72)
-> Request 2
777
(2, 2, 2)
3
(31, 69)
-> Request 3
947
(2, 2, 1)
1
(55, 42)
--> Day : 3
-> Request 0
313
(1, 1, 2)
2
(58, 17)
-> Request 1
477
(4, 3, 1)
3
(16, 31)
-> Request 2
1351
(4, 1, 1)
3
(13, 25)
--> Day : 4
-> Request 0
196
(1, 3, 1)
2
(56, 34)
-> Request 1
254
(4, 1, 2)
3
(4, 35)
-> Request 2
383
(4, 3, 2)
2
(75, 31)
-> Request 3
542
(3, 3, 1)
3
(46, 52)
-> Request 4
641
(4, 3, 2)
3
(66, 29)
-> Request 5
686
(3, 1, 1)
3
(45, 39)
-> Request 6
855
(4, 1, 1)
1
(15, 25)
-> Request 7
910
(4, 2, 2)
3
(46, 36)
-> Request 8
1196
(2, 2, 2)
2
(58, 5)
---> Week : 38
--> Day : 0
-> Request 0
17
(2, 2, 2)
1
(55, 49)
-> Request 1
176
(1, 3, 2)
2
(45, 15)
-> Request 2
262
(3, 3, 1)
1
(5, 7)
-> Request 3
437
(3, 1, 2)
2
(72, 62)
-> Request 4
577
(1, 3, 2)
2
(60, 1)
-> Request 5
621
(1, 3, 1)
1
(17, 72)
-> Request 6
630
(4, 1, 1)
2
(54, 39)
-> Request 7
675
(4, 3, 1)
2
(62, 70)
-> Request 8
814
(2, 3, 2)
1
(54, 42)
-> Request 9
916
(2, 3, 1)
2
(63, 76)
-> Request 10
1264
(4, 1, 2)
3
(53, 40)
--> Day : 1
-> Request 0
44
(3, 1, 1)
1
(13, 27)
-> Request 1
328
(3, 2, 1)
1
(39, 22)
-> Request 2
873
(4, 1, 2)
3
(44, 46)
-> Request 3
1050
(4, 1, 2)
2
(28, 0)
-> Request 4
1051
(4, 2, 1)
3
(11, 4)
--> Day : 2
-> Request 0
321
(3, 3, 1)
3
(51, 42)
-> Request 1
416
(2, 2, 2)
2
(63, 12)
-> Request 2
493
(2, 3, 1)
1
(54, 36)
-> Request 3
760
(1, 1, 1)
1
(49, 60)
-> Request 4
764
(4, 3, 1)
2
(62, 66)
-> Request 5
1279
(1, 3, 2)
2
(74, 15)
--> Day : 3
-> Request 0
155
(4, 1, 2)
2
(60, 75)
-> Request 1
159
(4, 1, 2)
1
(44, 37)
-> Request 2
219
(1, 2, 2)
3
(47, 42)
-> Request 3
237
(3, 3, 1)
3
(9, 43)
-> Request 4
671
(3, 3, 2)
2
(53, 39)
-> Request 5
709
(2, 2, 1)
2
(66, 73)
-> Request 6
910
(2, 1, 2)
3
(9, 28)
-> Request 7
1246
(2, 1, 2)
1
(66, 76)
-> Request 8
1318
(2, 1, 2)
3
(61, 34)
--> Day : 4
-> Request 0
193
(4, 2, 1)
2
(14, 21)
-> Request 1
276
(2, 2, 2)
1
(31, 18)
-> Request 2
300
(2, 2, 2)
1
(38, 26)
-> Request 3
440
(3, 1, 1)
1
(1, 63)
-> Request 4
466
(3, 3, 1)
3
(30, 3)
-> Request 5
810
(1, 3, 2)
1
(58, 67)
---> Week : 39
--> Day : 0
-> Request 0
136
(3, 2, 1)
2
(58, 18)
-> Request 1
648
(3, 2, 2)
2
(57, 0)
-> Request 2
825
(1, 1, 2)
3
(35, 7)
-> Request 3
1100
(4, 3, 1)
2
(75, 55)
-> Request 4
1223
(1, 2, 2)
3
(58, 76)
--> Day : 1
-> Request 0
220
(1, 2, 2)
1
(64, 75)
-> Request 1
541
(1, 1, 1)
3
(35, 46)
-> Request 2
610
(4, 3, 1)
2
(53, 29)
-> Request 3
1165
(4, 1, 1)
3
(38, 68)
-> Request 4
1273
(1, 2, 2)
3
(12, 21)
-> Request 5
1341
(2, 2, 2)
3
(56, 29)
-> Request 6
1372
(1, 1, 2)
1
(14, 27)
-> Request 7
1393
(2, 3, 1)
2
(38, 52)
--> Day : 2
-> Request 0
24
(4, 2, 2)
3
(53, 66)
-> Request 1
258
(2, 2, 2)
1
(52, 40)
-> Request 2
372
(3, 3, 1)
2
(76, 43)
-> Request 3
510
(1, 2, 2)
1
(64, 30)
-> Request 4
798
(3, 3, 1)
1
(43, 67)
-> Request 5
900
(1, 3, 2)
1
(43, 43)
--> Day : 3
-> Request 0
311
(1, 1, 2)
1
(27, 27)
-> Request 1
563
(3, 2, 2)
2
(70, 20)
-> Request 2
595
(1, 2, 1)
2
(4, 24)
-> Request 3
685
(1, 1, 1)
2
(64, 72)
-> Request 4
896
(4, 3, 1)
2
(23, 46)
-> Request 5
950
(4, 1, 2)
3
(19, 42)
-> Request 6
1111
(2, 2, 2)
3
(73, 49)
-> Request 7
1344
(3, 1, 1)
1
(59, 37)
--> Day : 4
-> Request 0
440
(1, 3, 2)
1
(53, 34)
-> Request 1
623
(1, 3, 2)
2
(13, 11)
-> Request 2
667
(4, 2, 2)
3
(69, 1)
-> Request 3
757
(1, 3, 2)
1
(49, 31)
---> Week : 40
--> Day : 0
-> Request 0
362
(2, 2, 1)
2
(22, 58)
-> Request 1
557
(4, 3, 1)
2
(49, 44)
-> Request 2
581
(3, 3, 2)
1
(61, 50)
-> Request 3
1008
(2, 3, 1)
2
(56, 48)
-> Request 4
1401
(4, 3, 2)
1
(16, 32)
--> Day : 1
-> Request 0
506
(4, 2, 1)
1
(61, 67)
-> Request 1
567
(2, 2, 1)
2
(54, 30)
-> Request 2
627
(3, 3, 2)
1
(57, 20)
-> Request 3
654
(3, 3, 1)
3
(55, 40)
-> Request 4
810
(2, 2, 2)
2
(55, 27)
-> Request 5
1303
(2, 1, 1)
3
(55, 68)
-> Request 6
1384
(2, 3, 1)
3
(53, 77)
--> Day : 2
-> Request 0
93
(4, 3, 1)
3
(40, 37)
-> Request 1
256
(3, 1, 1)
2
(63, 48)
-> Request 2
311
(2, 3, 2)
1
(79, 49)
-> Request 3
522
(1, 1, 1)
1
(24, 42)
-> Request 4
838
(4, 1, 2)
3
(50, 53)
-> Request 5
950
(4, 3, 2)
1
(47, 40)
-> Request 6
1420
(2, 2, 1)
1
(43, 13)
--> Day : 3
-> Request 0
444
(2, 2, 2)
3
(47, 45)
-> Request 1
587
(3, 3, 2)
1
(56, 64)
-> Request 2
661
(2, 2, 2)
3
(32, 54)
--> Day : 4
-> Request 0
151
(3, 1, 2)
2
(3, 69)
-> Request 1
253
(3, 2, 1)
3
(36, 8)
-> Request 2
284
(3, 2, 1)
2
(12, 69)
-> Request 3
299
(4, 2, 1)
3
(69, 79)
-> Request 4
884
(3, 1, 1)
2
(54, 67)
-> Request 5
952
(1, 1, 1)
3
(42, 16)
-> Request 6
1016
(4, 2, 2)
1
(44, 33)
-> Request 7
1221
(2, 1, 1)
2
(66, 65)
-> Request 8
1379
(3, 2, 1)
1
(62, 39)
-> Request 9
1391
(3, 2, 2)
3
(63, 78)
---> Week : 41
--> Day : 0
-> Request 0
353
(4, 3, 2)
3
(58, 34)
-> Request 1
1067
(4, 1, 2)
1
(53, 27)
-> Request 2
1166
(4, 3, 1)
3
(2, 67)
-> Request 3
1388
(2, 3, 2)
1
(13, 21)
--> Day : 1
-> Request 0
373
(2, 1, 1)
2
(62, 37)
-> Request 1
1022
(4, 3, 2)
3
(49, 45)
--> Day : 2
-> Request 0
129
(1, 3, 1)
1
(40, 21)
-> Request 1
209
(2, 3, 1)
2
(62, 36)
-> Request 2
686
(1, 2, 2)
1
(62, 34)
-> Request 3
1107
(1, 1, 1)
1
(62, 70)
--> Day : 3
-> Request 0
262
(2, 3, 2)
3
(68, 0)
-> Request 1
365
(3, 3, 2)
2
(59, 76)
-> Request 2
547
(1, 2, 1)
3
(54, 67)
-> Request 3
651
(3, 2, 1)
1
(62, 29)
-> Request 4
916
(4, 3, 1)
3
(62, 29)
-> Request 5
1396
(4, 3, 2)
2
(2, 4)
-> Request 6
1432
(3, 1, 1)
2
(60, 36)
--> Day : 4
-> Request 0
147
(2, 1, 2)
1
(18, 15)
-> Request 1
154
(4, 3, 1)
2
(55, 59)
-> Request 2
280
(3, 2, 2)
1
(32, 7)
-> Request 3
434
(1, 3, 2)
3
(59, 65)
-> Request 4
462
(1, 3, 2)
3
(59, 39)
-> Request 5
763
(1, 3, 2)
3
(44, 42)
-> Request 6
833
(4, 2, 1)
3
(51, 77)
-> Request 7
1049
(2, 2, 1)
3
(49, 40)
-> Request 8
1091
(4, 3, 1)
3
(65, 63)
-> Request 9
1131
(1, 3, 1)
3
(8, 25)
-> Request 10
1176
(2, 2, 2)
3
(19, 21)
-> Request 11
1179
(4, 2, 1)
1
(50, 27)
-> Request 12
1368
(4, 2, 2)
2
(49, 36)
---> Week : 42
--> Day : 0
-> Request 0
160
(2, 3, 1)
3
(52, 35)
-> Request 1
303
(4, 1, 2)
1
(43, 55)
-> Request 2
558
(2, 3, 2)
2
(17, 28)
-> Request 3
959
(2, 3, 1)
1
(10, 40)
-> Request 4
1102
(3, 1, 1)
3
(23, 66)
-> Request 5
1201
(1, 2, 2)
3
(11, 20)
--> Day : 1
-> Request 0
25
(2, 1, 1)
1
(54, 16)
-> Request 1
169
(1, 3, 2)
2
(53, 53)
-> Request 2
523
(3, 2, 2)
3
(38, 9)
-> Request 3
756
(2, 2, 2)
2
(59, 71)
-> Request 4
1014
(1, 2, 2)
1
(70, 63)
-> Request 5
1104
(2, 1, 2)
1
(44, 41)
-> Request 6
1355
(2, 1, 1)
3
(61, 64)
--> Day : 2
-> Request 0
256
(4, 1, 2)
1
(72, 58)
-> Request 1
422
(1, 2, 2)
2
(67, 20)
-> Request 2
562
(3, 3, 1)
2
(60, 69)
-> Request 3
643
(2, 1, 2)
3
(12, 79)
-> Request 4
911
(3, 1, 2)
3
(53, 36)
-> Request 5
984
(1, 2, 2)
2
(13, 22)
-> Request 6
1033
(3, 1, 1)
3
(64, 29)
-> Request 7
1065
(3, 1, 1)
1
(48, 44)
-> Request 8
1081
(2, 2, 1)
3
(47, 30)
-> Request 9
1127
(2, 1, 1)
1
(59, 74)
-> Request 10
1152
(1, 2, 1)
2
(7, 63)
-> Request 11
1375
(3, 3, 2)
2
(45, 46)
--> Day : 3
-> Request 0
85
(3, 2, 2)
3
(64, 73)
-> Request 1
93
(1, 3, 2)
2
(76, 61)
-> Request 2
405
(3, 2, 1)
2
(30, 29)
-> Request 3
814
(1, 1, 2)
1
(48, 38)
-> Request 4
894
(1, 2, 1)
1
(44, 41)
-> Request 5
1268
(3, 3, 1)
1
(15, 27)
-> Request 6
1393
(3, 1, 2)
1
(30, 24)
--> Day : 4
-> Request 0
169
(2, 3, 2)
2
(50, 43)
-> Request 1
1105
(1, 2, 1)
1
(65, 60)
-> Request 2
1107
(4, 1, 1)
3
(60, 75)
---> Week : 43
--> Day : 0
-> Request 0
38
(2, 1, 1)
2
(53, 40)
-> Request 1
151
(2, 3, 2)
2
(48, 27)
-> Request 2
246
(2, 3, 2)
2
(16, 23)
-> Request 3
883
(1, 2, 2)
3
(18, 44)
-> Request 4
1013
(4, 1, 1)
3
(48, 41)
-> Request 5
1248
(4, 2, 2)
2
(29, 7)
-> Request 6
1337
(2, 3, 1)
3
(54, 65)
-> Request 7
1406
(3, 1, 1)
1
(19, 24)
--> Day : 1
-> Request 0
5
(1, 3, 1)
1
(8, 22)
-> Request 1
17
(2, 1, 1)
1
(8, 24)
-> Request 2
105
(4, 1, 1)
3
(16, 28)
-> Request 3
412
(1, 1, 2)
2
(54, 46)
-> Request 4
762
(4, 3, 2)
1
(52, 70)
-> Request 5
912
(1, 3, 1)
1
(67, 40)
-> Request 6
1268
(4, 1, 2)
2
(20, 27)
-> Request 7
1286
(3, 1, 1)
1
(7, 35)
-> Request 8
1312
(3, 1, 2)
3
(14, 24)
--> Day : 2
-> Request 0
212
(1, 1, 1)
1
(49, 41)
-> Request 1
337
(3, 3, 2)
3
(32, 54)
-> Request 2
701
(4, 2, 2)
2
(43, 15)
-> Request 3
792
(1, 3, 1)
2
(29, 34)
-> Request 4
975
(2, 1, 1)
2
(53, 41)
-> Request 5
1212
(2, 1, 1)
3
(62, 71)
--> Day : 3
-> Request 0
40
(4, 2, 2)
2
(54, 69)
-> Request 1
118
(3, 3, 2)
1
(78, 78)
-> Request 2
911
(1, 3, 2)
2
(62, 29)
-> Request 3
1051
(4, 2, 1)
1
(58, 64)
-> Request 4
1302
(1, 2, 2)
1
(53, 75)
-> Request 5
1373
(4, 1, 1)
1
(58, 36)
-> Request 6
1375
(2, 3, 1)
3
(61, 67)
-> Request 7
1399
(3, 2, 1)
1
(53, 36)
--> Day : 4
-> Request 0
88
(1, 3, 2)
1
(15, 21)
-> Request 1
296
(1, 2, 1)
1
(65, 69)
-> Request 2
350
(2, 1, 1)
1
(44, 39)
-> Request 3
395
(4, 3, 2)
3
(71, 74)
-> Request 4
856
(1, 2, 2)
2
(58, 34)
-> Request 5
882
(4, 1, 2)
2
(52, 68)
-> Request 6
951
(4, 3, 2)
1
(33, 13)
-> Request 7
1145
(3, 1, 2)
2
(53, 37)
---> Week : 44
--> Day : 0
-> Request 0
312
(1, 1, 1)
3
(71, 30)
-> Request 1
324
(4, 2, 2)
2
(6, 3)
-> Request 2
463
(2, 1, 2)
1
(62, 32)
-> Request 3
1078
(2, 1, 1)
2
(24, 53)
-> Request 4
1101
(4, 2, 2)
3
(15, 21)
-> Request 5
1334
(2, 1, 1)
2
(57, 30)
--> Day : 1
-> Request 0
31
(2, 2, 1)
1
(68, 62)
-> Request 1
511
(3, 1, 1)
2
(38, 34)
-> Request 2
698
(2, 2, 1)
2
(12, 75)
-> Request 3
939
(4, 3, 1)
3
(12, 22)
-> Request 4
1112
(4, 3, 1)
2
(4, 65)
-> Request 5
1148
(2, 1, 2)
2
(47, 45)
-> Request 6
1152
(2, 3, 1)
3
(47, 46)
-> Request 7
1381
(2, 3, 1)
2
(66, 78)
--> Day : 2
-> Request 0
147
(1, 2, 2)
2
(61, 37)
-> Request 1
267
(4, 1, 1)
1
(54, 45)
-> Request 2
366
(4, 2, 2)
3
(43, 37)
-> Request 3
392
(3, 2, 2)
3
(52, 74)
-> Request 4
515
(3, 1, 1)
3
(43, 36)
-> Request 5
789
(4, 3, 2)
3
(17, 23)
-> Request 6
1002
(2, 1, 2)
2
(60, 77)
-> Request 7
1147
(1, 2, 2)
1
(56, 21)
-> Request 8
1233
(1, 3, 1)
2
(55, 71)
-> Request 9
1359
(2, 2, 1)
1
(6, 12)
-> Request 10
1398
(4, 3, 1)
1
(15, 23)
--> Day : 3
-> Request 0
369
(4, 2, 1)
2
(44, 72)
-> Request 1
1034
(1, 2, 1)
3
(49, 36)
-> Request 2
1126
(4, 3, 2)
3
(52, 15)
-> Request 3
1186
(2, 2, 2)
2
(74, 49)
-> Request 4
1190
(2, 1, 1)
3
(59, 43)
-> Request 5
1227
(3, 1, 1)
1
(30, 70)
--> Day : 4
-> Request 0
281
(4, 3, 1)
2
(27, 75)
-> Request 1
290
(1, 2, 2)
3
(72, 27)
-> Request 2
302
(2, 2, 2)
3
(14, 22)
-> Request 3
519
(1, 3, 1)
2
(59, 28)
-> Request 4
604
(2, 2, 2)
2
(46, 34)
-> Request 5
689
(2, 2, 1)
2
(11, 1)
-> Request 6
1384
(2, 3, 1)
1
(64, 67)
---> Week : 45
--> Day : 0
-> Request 0
500
(3, 2, 2)
2
(46, 7)
-> Request 1
785
(4, 2, 1)
2
(54, 28)
-> Request 2
797
(3, 1, 2)
1
(24, 78)
-> Request 3
1001
(3, 3, 2)
1
(61, 76)
--> Day : 1
-> Request 0
11
(2, 1, 2)
1
(17, 2)
-> Request 1
123
(3, 2, 1)
3
(55, 66)
-> Request 2
161
(3, 3, 2)
1
(39, 61)
-> Request 3
606
(2, 3, 2)
1
(11, 14)
-> Request 4
724
(2, 2, 1)
2
(10, 24)
-> Request 5
1271
(4, 2, 1)
2
(6, 8)
--> Day : 2
-> Request 0
262
(2, 2, 1)
2
(39, 2)
-> Request 1
365
(4, 2, 1)
3
(39, 27)
-> Request 2
369
(3, 1, 2)
2
(57, 36)
-> Request 3
407
(2, 1, 2)
2
(73, 14)
-> Request 4
514
(4, 2, 1)
3
(44, 36)
-> Request 5
523
(1, 1, 2)
3
(52, 52)
-> Request 6
638
(4, 1, 1)
1
(50, 56)
-> Request 7
662
(1, 1, 2)
2
(56, 58)
--> Day : 3
-> Request 0
128
(3, 1, 2)
2
(68, 75)
-> Request 1
443
(2, 1, 1)
3
(52, 43)
-> Request 2
534
(3, 2, 1)
3
(54, 69)
-> Request 3
1038
(2, 1, 1)
1
(15, 29)
--> Day : 4
-> Request 0
494
(4, 3, 2)
1
(66, 74)
-> Request 1
505
(2, 1, 2)
1
(57, 63)
-> Request 2
614
(3, 1, 2)
3
(44, 37)
-> Request 3
899
(1, 3, 1)
3
(15, 24)
-> Request 4
1422
(1, 1, 2)
1
(66, 78)
---> Week : 46
--> Day : 0
-> Request 0
99
(1, 2, 1)
2
(35, 30)
-> Request 1
259
(3, 3, 2)
1
(55, 39)
-> Request 2
499
(2, 2, 1)
3
(49, 37)
-> Request 3
766
(2, 3, 1)
3
(22, 53)
-> Request 4
811
(1, 3, 1)
3
(64, 72)
-> Request 5
1190
(4, 1, 1)
2
(13, 19)
-> Request 6
1199
(2, 2, 2)
2
(67, 6)
-> Request 7
1213
(3, 1, 1)
1
(57, 66)
--> Day : 1
-> Request 0
176
(2, 1, 2)
2
(16, 29)
-> Request 1
400
(1, 2, 1)
2
(60, 66)
-> Request 2
1148
(4, 3, 1)
3
(45, 42)
-> Request 3
1191
(1, 3, 1)
1
(54, 77)
--> Day : 2
-> Request 0
118
(2, 1, 1)
1
(45, 45)
-> Request 1
205
(3, 1, 2)
1
(29, 40)
-> Request 2
734
(2, 2, 1)
3
(56, 27)
-> Request 3
928
(4, 2, 1)
3
(60, 66)
-> Request 4
996
(3, 3, 1)
3
(57, 78)
--> Day : 3
-> Request 0
58
(1, 3, 2)
1
(63, 3)
-> Request 1
178
(1, 3, 2)
2
(57, 49)
-> Request 2
216
(4, 2, 2)
1
(56, 40)
-> Request 3
238
(1, 2, 2)
1
(74, 9)
-> Request 4
267
(3, 1, 1)
2
(56, 65)
-> Request 5
473
(2, 2, 1)
2
(57, 70)
-> Request 6
545
(3, 3, 2)
2
(17, 33)
-> Request 7
872
(2, 3, 1)
2
(12, 27)
-> Request 8
1015
(1, 1, 1)
1
(52, 35)
-> Request 9
1229
(3, 1, 2)
3
(15, 46)
--> Day : 4
-> Request 0
254
(4, 1, 1)
2
(60, 37)
-> Request 1
400
(1, 1, 2)
2
(45, 39)
---> Week : 47
--> Day : 0
-> Request 0
415
(3, 2, 2)
1
(17, 27)
-> Request 1
550
(4, 2, 2)
2
(44, 35)
-> Request 2
1081
(4, 1, 1)
1
(38, 27)
-> Request 3
1238
(3, 3, 1)
3
(49, 32)
-> Request 4
1299
(1, 1, 1)
1
(59, 29)
-> Request 5
1415
(2, 3, 1)
1
(67, 32)
--> Day : 1
-> Request 0
462
(4, 3, 1)
3
(38, 71)
-> Request 1
761
(3, 2, 2)
3
(51, 32)
-> Request 2
909
(4, 3, 2)
3
(16, 28)
-> Request 3
1015
(1, 2, 1)
3
(55, 29)
-> Request 4
1355
(1, 3, 2)
2
(59, 43)
--> Day : 2
-> Request 0
69
(2, 1, 2)
1
(58, 33)
-> Request 1
802
(3, 1, 1)
3
(56, 53)
--> Day : 3
-> Request 0
40
(4, 1, 2)
2
(21, 15)
-> Request 1
75
(4, 1, 1)
3
(73, 52)
-> Request 2
222
(4, 1, 1)
3
(52, 11)
-> Request 3
251
(3, 1, 2)
1
(31, 0)
-> Request 4
301
(1, 2, 1)
2
(44, 40)
-> Request 5
349
(2, 2, 1)
3
(57, 29)
-> Request 6
719
(1, 1, 2)
2
(34, 31)
-> Request 7
809
(2, 1, 1)
1
(56, 29)
-> Request 8
1081
(2, 2, 1)
2
(63, 75)
-> Request 9
1202
(3, 2, 2)
3
(58, 42)
-> Request 10
1287
(3, 1, 2)
3
(53, 65)
-> Request 11
1304
(1, 2, 1)
3
(27, 64)
--> Day : 4
-> Request 0
72
(3, 1, 2)
1
(18, 31)
-> Request 1
244
(1, 2, 1)
1
(7, 40)
-> Request 2
261
(4, 2, 1)
3
(71, 14)
-> Request 3
497
(1, 3, 1)
1
(59, 46)
-> Request 4
810
(3, 1, 2)
3
(33, 20)
-> Request 5
1017
(1, 3, 2)
3
(65, 68)
---> Week : 48
--> Day : 0
-> Request 0
1
(2, 3, 1)
2
(70, 23)
-> Request 1
95
(2, 2, 1)
1
(46, 47)
-> Request 2
121
(4, 2, 2)
3
(67, 16)
-> Request 3
175
(3, 2, 1)
2
(52, 33)
-> Request 4
345
(3, 3, 1)
2
(19, 29)
-> Request 5
424
(2, 3, 2)
2
(67, 29)
-> Request 6
628
(1, 3, 2)
2
(12, 73)
-> Request 7
1052
(1, 2, 1)
2
(66, 67)
-> Request 8
1159
(3, 1, 1)
2
(59, 66)
--> Day : 1
-> Request 0
531
(2, 3, 1)
2
(1, 19)
-> Request 1
553
(3, 2, 2)
1
(25, 8)
-> Request 2
566
(1, 3, 1)
3
(68, 66)
-> Request 3
1388
(4, 1, 2)
3
(73, 43)
--> Day : 2
-> Request 0
854
(2, 2, 1)
1
(14, 63)
-> Request 1
928
(4, 1, 1)
1
(44, 32)
-> Request 2
1334
(2, 1, 1)
1
(10, 42)
--> Day : 3
-> Request 0
111
(4, 1, 1)
3
(60, 41)
-> Request 1
684
(3, 1, 2)
1
(34, 7)
-> Request 2
703
(2, 2, 1)
2
(47, 63)
-> Request 3
997
(2, 2, 1)
1
(18, 63)
-> Request 4
1069
(4, 1, 2)
3
(57, 35)
-> Request 5
1332
(2, 3, 2)
3
(60, 73)
--> Day : 4
-> Request 0
140
(1, 3, 2)
2
(30, 4)
-> Request 1
185
(2, 2, 1)
2
(56, 32)
-> Request 2
296
(3, 3, 2)
2
(11, 20)
-> Request 3
326
(4, 3, 2)
2
(58, 43)
-> Request 4
621
(1, 3, 2)
2
(70, 68)
-> Request 5
690
(3, 3, 2)
3
(41, 63)
-> Request 6
1199
(1, 1, 2)
1
(22, 28)
---> Week : 49
--> Day : 0
-> Request 0
222
(2, 1, 2)
1
(54, 22)
-> Request 1
226
(2, 1, 1)
3
(55, 28)
-> Request 2
551
(1, 3, 1)
3
(57, 2)
-> Request 3
754
(2, 1, 1)
2
(1, 34)
-> Request 4
1265
(1, 1, 1)
2
(43, 46)
--> Day : 1
-> Request 0
39
(1, 3, 2)
1
(61, 78)
-> Request 1
182
(3, 2, 1)
2
(41, 29)
-> Request 2
1103
(2, 1, 2)
1
(52, 39)
-> Request 3
1371
(3, 3, 2)
3
(63, 67)
--> Day : 2
-> Request 0
13
(2, 1, 1)
1
(54, 41)
-> Request 1
71
(2, 2, 1)
3
(66, 24)
-> Request 2
244
(2, 2, 2)
3
(6, 63)
-> Request 3
413
(4, 3, 2)
3
(72, 69)
-> Request 4
651
(2, 2, 2)
1
(57, 66)
-> Request 5
729
(3, 3, 1)
1
(66, 75)
-> Request 6
850
(4, 2, 2)
1
(57, 21)
-> Request 7
1083
(2, 2, 2)
3
(62, 74)
-> Request 8
1185
(2, 3, 2)
2
(55, 9)
-> Request 9
1285
(2, 1, 2)
3
(63, 65)
--> Day : 3
-> Request 0
127
(3, 2, 2)
2
(56, 76)
-> Request 1
352
(1, 1, 2)
2
(43, 38)
-> Request 2
606
(3, 3, 2)
1
(13, 28)
-> Request 3
889
(1, 2, 2)
3
(33, 50)
-> Request 4
956
(3, 2, 2)
2
(52, 65)
-> Request 5
1005
(2, 1, 2)
2
(39, 14)
-> Request 6
1081
(4, 3, 1)
2
(61, 40)
-> Request 7
1341
(3, 3, 1)
1
(59, 55)
-> Request 8
1380
(3, 3, 2)
2
(61, 37)
--> Day : 4
-> Request 0
6
(3, 2, 2)
3
(56, 32)
-> Request 1
80
(2, 3, 2)
3
(18, 27)
-> Request 2
359
(3, 2, 2)
2
(54, 65)
-> Request 3
1009
(1, 1, 2)
1
(18, 56)
---> Week : 50
--> Day : 0
-> Request 0
135
(3, 1, 1)
1
(42, 67)
-> Request 1
218
(2, 1, 2)
3
(6, 47)
-> Request 2
292
(2, 1, 2)
1
(30, 1)
-> Request 3
294
(4, 3, 2)
2
(61, 70)
-> Request 4
757
(3, 3, 2)
3
(30, 33)
-> Request 5
1311
(2, 1, 1)
1
(13, 7)
-> Request 6
1426
(2, 3, 1)
1
(1, 40)
--> Day : 1
-> Request 0
259
(4, 3, 2)
3
(64, 74)
-> Request 1
411
(4, 1, 1)
2
(22, 10)
-> Request 2
428
(2, 1, 1)
1
(75, 61)
-> Request 3
682
(1, 2, 2)
3
(48, 58)
-> Request 4
726
(3, 2, 2)
2
(60, 69)
-> Request 5
1086
(1, 1, 1)
2
(60, 67)
-> Request 6
1115
(4, 2, 2)
3
(44, 40)
-> Request 7
1243
(1, 3, 1)
3
(14, 28)
-> Request 8
1388
(2, 1, 1)
3
(42, 66)
-> Request 9
1425
(1, 3, 2)
2
(58, 36)
--> Day : 2
-> Request 0
694
(3, 1, 1)
2
(57, 44)
-> Request 1
720
(4, 3, 2)
1
(49, 39)
-> Request 2
831
(4, 3, 1)
2
(17, 17)
-> Request 3
1116
(1, 1, 1)
2
(57, 37)
-> Request 4
1172
(1, 2, 1)
1
(65, 71)
--> Day : 3
-> Request 0
84
(3, 2, 2)
1
(58, 30)
-> Request 1
675
(4, 2, 1)
2
(5, 42)
-> Request 2
915
(1, 2, 1)
1
(61, 28)
-> Request 3
1009
(1, 1, 1)
2
(11, 34)
-> Request 4
1091
(2, 1, 2)
1
(59, 62)
-> Request 5
1264
(1, 2, 2)
2
(74, 55)
--> Day : 4
-> Request 0
49
(3, 2, 2)
2
(56, 75)
-> Request 1
178
(3, 3, 2)
3
(13, 23)
-> Request 2
191
(4, 2, 1)
2
(41, 61)
-> Request 3
647
(2, 1, 1)
3
(47, 61)
-> Request 4
798
(1, 3, 1)
3
(60, 78)
-> Request 5
923
(2, 3, 2)
3
(60, 69)
-> Request 6
998
(1, 2, 1)
3
(45, 40)
-> Request 7
1057
(2, 1, 2)
1
(32, 48)
-> Request 8
1087
(4, 1, 1)
2
(62, 76)
-> Request 9
1137
(2, 3, 1)
1
(50, 44)
-> Request 10
1263
(2, 1, 1)
2
(39, 15)
-> Request 11
1332
(2, 1, 1)
2
(53, 40)
-> Request 12
1332
(3, 2, 1)
1
(23, 43)
---> Week : 51
--> Day : 0
-> Request 0
210
(3, 1, 1)
2
(43, 37)
-> Request 1
567
(4, 1, 2)
2
(49, 29)
-> Request 2
792
(3, 1, 1)
1
(43, 34)
-> Request 3
842
(1, 2, 2)
2
(27, 9)
-> Request 4
1054
(1, 1, 1)
3
(62, 73)
-> Request 5
1094
(2, 2, 2)
1
(11, 24)
-> Request 6
1246
(4, 2, 2)
3
(48, 27)
--> Day : 1
-> Request 0
235
(4, 1, 2)
2
(71, 69)
-> Request 1
656
(2, 3, 2)
1
(26, 33)
-> Request 2
796
(1, 1, 2)
3
(62, 34)
-> Request 3
846
(4, 3, 2)
3
(49, 46)
-> Request 4
1263
(3, 2, 1)
2
(11, 27)
-> Request 5
1376
(4, 3, 1)
1
(19, 35)
--> Day : 2
-> Request 0
517
(1, 2, 1)
1
(20, 4)
-> Request 1
1004
(4, 1, 1)
3
(45, 45)
-> Request 2
1105
(4, 1, 2)
1
(14, 22)
--> Day : 3
-> Request 0
59
(4, 1, 2)
1
(66, 74)
-> Request 1
201
(3, 1, 1)
3
(54, 75)
-> Request 2
270
(4, 3, 2)
3
(37, 53)
-> Request 3
799
(2, 2, 2)
2
(52, 70)
-> Request 4
1008
(1, 2, 1)
2
(58, 41)
-> Request 5
1125
(4, 1, 1)
3
(61, 31)
-> Request 6
1146
(3, 2, 1)
3
(49, 43)
-> Request 7
1154
(4, 2, 2)
2
(11, 27)
-> Request 8
1276
(2, 2, 1)
1
(51, 44)
-> Request 9
1341
(4, 3, 1)
3
(53, 28)
-> Request 10
1366
(2, 3, 1)
2
(14, 30)
-> Request 11
1434
(3, 1, 1)
2
(58, 72)
--> Day : 4
-> Request 0
641
(4, 1, 1)
2
(43, 36)
-> Request 1
717
(2, 1, 1)
2
(12, 27)
-> Request 2
893
(2, 2, 2)
2
(0, 58)
-> Request 3
1182
(2, 2, 1)
3
(14, 21)
-> Request 4
1413
(1, 1, 2)
2
(57, 69)
---> Week : 52
--> Day : 0
-> Request 0
184
(3, 3, 2)
3
(71, 3)
-> Request 1
1075
(3, 2, 2)
3
(61, 64)
-> Request 2
1199
(4, 1, 1)
3
(16, 31)
-> Request 3
1274
(1, 3, 2)
2
(52, 66)
-> Request 4
1368
(3, 1, 1)
2
(33, 58)
--> Day : 1
-> Request 0
47
(1, 2, 1)
2
(30, 13)
-> Request 1
329
(2, 3, 1)
3
(34, 20)
-> Request 2
331
(1, 2, 2)
1
(70, 41)
-> Request 3
366
(3, 2, 2)
3
(14, 22)
-> Request 4
1022
(3, 3, 1)
1
(52, 44)
-> Request 5
1142
(3, 1, 1)
2
(62, 31)
-> Request 6
1203
(3, 1, 2)
1
(45, 42)
-> Request 7
1399
(1, 3, 2)
1
(58, 78)
--> Day : 2
-> Request 0
164
(4, 1, 2)
1
(63, 71)
-> Request 1
623
(2, 1, 1)
3
(70, 48)
-> Request 2
1123
(2, 3, 2)
2
(69, 31)
--> Day : 3
-> Request 0
249
(3, 1, 2)
3
(62, 69)
-> Request 1
543
(4, 2, 2)
2
(57, 30)
-> Request 2
863
(4, 3, 2)
2
(58, 73)
-> Request 3
1229
(1, 3, 2)
3
(61, 43)
-> Request 4
1406
(1, 3, 1)
2
(44, 13)
--> Day : 4
-> Request 0
311
(3, 3, 1)
2
(44, 45)
-> Request 1
355
(1, 1, 2)
2
(29, 43)
-> Request 2
631
(4, 2, 2)
1
(55, 27)
-> Request 3
892
(1, 1, 1)
3
(43, 30)
---> Week : 53
--> Day : 0
-> Request 0
28
(1, 3, 2)
2
(26, 23)
-> Request 1
246
(4, 3, 1)
2
(51, 7)
-> Request 2
504
(1, 2, 1)
2
(58, 74)
-> Request 3
1427
(2, 1, 2)
3
(55, 68)
--> Day : 1
-> Request 0
25
(2, 3, 1)
3
(53, 75)
-> Request 1
257
(4, 1, 1)
2
(52, 39)
-> Request 2
794
(1, 1, 2)
3
(43, 39)
-> Request 3
945
(1, 2, 1)
1
(66, 72)
-> Request 4
964
(2, 1, 2)
2
(60, 8)
-> Request 5
1067
(3, 2, 1)
3
(53, 46)
--> Day : 2
-> Request 0
173
(1, 1, 2)
1
(58, 43)
-> Request 1
836
(4, 3, 1)
1
(59, 74)
-> Request 2
950
(1, 2, 2)
3
(55, 33)
--> Day : 3
-> Request 0
971
(3, 2, 1)
2
(58, 32)
-> Request 1
1046
(4, 1, 2)
3
(24, 69)
--> Day : 4
-> Request 0
189
(3, 2, 2)
2
(51, 38)
-> Request 1
337
(1, 1, 2)
1
(43, 38)
-> Request 2
510
(3, 3, 1)
3
(15, 66)
-> Request 3
589
(1, 1, 1)
2
(65, 73)
-> Request 4
890
(1, 2, 2)
3
(54, 31)
-> Request 5
957
(4, 2, 2)
3
(54, 71)
-> Request 6
1274
(2, 3, 2)
3
(38, 7)
---> Week : 54
--> Day : 0
-> Request 0
373
(4, 1, 1)
3
(53, 30)
-> Request 1
419
(1, 1, 2)
2
(54, 67)
-> Request 2
689
(4, 1, 2)
2
(20, 50)
-> Request 3
832
(3, 3, 2)
3
(43, 41)
--> Day : 1
-> Request 0
96
(2, 3, 1)
2
(15, 34)
-> Request 1
156
(1, 2, 2)
1
(56, 76)
-> Request 2
592
(2, 1, 1)
3
(53, 28)
-> Request 3
807
(1, 3, 2)
3
(62, 30)
-> Request 4
883
(2, 1, 1)
3
(25, 0)
-> Request 5
886
(1, 1, 2)
1
(50, 14)
-> Request 6
938
(1, 3, 2)
1
(10, 25)
-> Request 7
1044
(3, 1, 1)
1
(34, 51)
-> Request 8
1358
(2, 3, 1)
1
(64, 11)
--> Day : 2
-> Request 0
8
(2, 3, 1)
1
(49, 4)
-> Request 1
161
(2, 2, 1)
2
(55, 31)
-> Request 2
169
(4, 2, 1)
3
(20, 34)
-> Request 3
238
(3, 1, 1)
3
(58, 69)
-> Request 4
1167
(4, 1, 2)
2
(62, 22)
-> Request 5
1296
(3, 2, 1)
1
(53, 68)
-> Request 6
1336
(1, 1, 1)
2
(22, 42)
-> Request 7
1390
(1, 3, 2)
1
(73, 9)
-> Request 8
1415
(2, 1, 2)
1
(61, 46)
--> Day : 3
-> Request 0
103
(3, 1, 1)
3
(49, 32)
-> Request 1
226
(4, 3, 1)
2
(76, 42)
-> Request 2
655
(2, 3, 1)
3
(7, 64)
-> Request 3
894
(4, 1, 1)
3
(62, 74)
-> Request 4
1015
(2, 2, 2)
1
(49, 37)
-> Request 5
1139
(1, 2, 2)
3
(52, 23)
--> Day : 4
-> Request 0
54
(4, 2, 1)
3
(51, 43)
-> Request 1
212
(4, 1, 1)
2
(56, 73)
-> Request 2
235
(4, 1, 1)
1
(38, 74)
-> Request 3
590
(4, 1, 2)
2
(21, 32)
-> Request 4
824
(4, 1, 2)
3
(28, 59)
-> Request 5
962
(1, 1, 2)
2
(54, 77)
---> Week : 55
--> Day : 0
-> Request 0
36
(4, 2, 1)
3
(48, 27)
-> Request 1
558
(2, 3, 2)
2
(58, 77)
-> Request 2
765
(3, 3, 1)
3
(53, 45)
-> Request 3
777
(2, 2, 1)
1
(61, 55)
-> Request 4
840
(3, 3, 2)
1
(17, 17)
-> Request 5
849
(3, 2, 2)
3
(48, 41)
-> Request 6
864
(1, 1, 1)
2
(63, 41)
-> Request 7
1375
(2, 2, 2)
2
(54, 40)
--> Day : 1
-> Request 0
234
(4, 3, 2)
3
(30, 16)
-> Request 1
728
(2, 3, 2)
2
(19, 67)
-> Request 2
838
(1, 3, 2)
3
(15, 23)
--> Day : 2
-> Request 0
62
(2, 3, 1)
2
(11, 27)
-> Request 1
228
(3, 3, 2)
3
(17, 72)
-> Request 2
398
(3, 3, 1)
3
(17, 22)
-> Request 3
1033
(2, 1, 2)
2
(49, 31)
-> Request 4
1372
(4, 1, 1)
3
(12, 33)
--> Day : 3
-> Request 0
170
(3, 3, 1)
1
(62, 37)
-> Request 1
383
(3, 2, 2)
3
(43, 32)
-> Request 2
588
(3, 2, 2)
1
(47, 58)
-> Request 3
715
(4, 1, 2)
3
(15, 30)
-> Request 4
1288
(2, 3, 2)
3
(43, 45)
--> Day : 4
-> Request 0
37
(3, 1, 2)
3
(58, 72)
-> Request 1
170
(3, 1, 1)
3
(9, 26)
-> Request 2
663
(4, 2, 1)
1
(13, 5)
-> Request 3
818
(4, 3, 2)
3
(13, 28)
-> Request 4
1003
(4, 2, 1)
2
(55, 18)
---> Week : 56
--> Day : 0
-> Request 0
0
(4, 3, 1)
3
(7, 44)
-> Request 1
81
(1, 3, 2)
2
(37, 38)
-> Request 2
282
(1, 3, 1)
2
(55, 9)
-> Request 3
659
(2, 2, 1)
3
(60, 34)
-> Request 4
945
(3, 1, 1)
2
(14, 26)
-> Request 5
1125
(2, 1, 2)
1
(66, 65)
-> Request 6
1409
(3, 2, 2)
2
(48, 38)
--> Day : 1
-> Request 0
482
(2, 2, 2)
1
(14, 67)
-> Request 1
513
(1, 3, 2)
3
(57, 35)
-> Request 2
514
(4, 1, 2)
2
(61, 79)
-> Request 3
632
(4, 1, 2)
3
(10, 27)
-> Request 4
837
(3, 1, 1)
1
(52, 64)
-> Request 5
937
(4, 2, 2)
1
(11, 24)
-> Request 6
1105
(1, 1, 1)
3
(69, 37)
-> Request 7
1240
(1, 3, 2)
1
(50, 40)
--> Day : 2
-> Request 0
0
(4, 3, 2)
1
(43, 61)
-> Request 1
635
(3, 3, 2)
2
(65, 22)
-> Request 2
719
(2, 2, 1)
2
(13, 27)
-> Request 3
844
(3, 3, 1)
3
(15, 37)
-> Request 4
1008
(3, 2, 1)
1
(37, 67)
-> Request 5
1109
(1, 1, 1)
2
(13, 27)
-> Request 6
1132
(4, 3, 1)
1
(51, 34)
-> Request 7
1416
(1, 3, 1)
1
(61, 69)
--> Day : 3
-> Request 0
345
(3, 1, 2)
2
(12, 67)
-> Request 1
385
(4, 3, 1)
1
(51, 27)
-> Request 2
390
(2, 3, 1)
1
(6, 32)
-> Request 3
1314
(3, 3, 2)
3
(46, 39)
--> Day : 4
-> Request 0
187
(3, 1, 2)
2
(44, 37)
-> Request 1
350
(3, 2, 2)
1
(44, 45)
-> Request 2
497
(3, 1, 2)
2
(50, 40)
-> Request 3
534
(1, 2, 1)
1
(60, 48)
-> Request 4
873
(1, 3, 1)
1
(16, 62)
-> Request 5
1160
(2, 2, 1)
3
(5, 18)
---> Week : 57
--> Day : 0
-> Request 0
36
(2, 3, 2)
2
(51, 11)
-> Request 1
104
(3, 1, 1)
2
(45, 58)
-> Request 2
466
(4, 1, 1)
1
(54, 33)
-> Request 3
621
(4, 3, 2)
1
(60, 46)
-> Request 4
693
(4, 3, 1)
3
(43, 38)
-> Request 5
905
(4, 3, 2)
2
(58, 29)
-> Request 6
1249
(1, 3, 1)
3
(16, 21)
--> Day : 1
-> Request 0
643
(4, 1, 2)
1
(53, 77)
-> Request 1
703
(4, 2, 2)
1
(9, 24)
-> Request 2
812
(1, 3, 1)
3
(20, 21)
--> Day : 2
-> Request 0
22
(2, 1, 1)
2
(26, 76)
-> Request 1
146
(1, 2, 2)
1
(1, 43)
-> Request 2
790
(2, 1, 2)
1
(55, 77)
-> Request 3
841
(4, 2, 2)
2
(53, 46)
-> Request 4
853
(1, 2, 1)
1
(62, 72)
-> Request 5
1325
(2, 1, 2)
2
(26, 24)
-> Request 6
1337
(4, 2, 1)
3
(76, 9)
--> Day : 3
-> Request 0
51
(4, 3, 1)
1
(8, 62)
-> Request 1
300
(3, 1, 1)
2
(61, 67)
-> Request 2
327
(1, 3, 1)
2
(39, 67)
-> Request 3
408
(2, 1, 2)
2
(32, 28)
-> Request 4
538
(4, 2, 1)
2
(58, 40)
-> Request 5
1158
(4, 3, 1)
2
(70, 32)
--> Day : 4
-> Request 0
231
(4, 1, 1)
2
(62, 76)
-> Request 1
430
(2, 2, 1)
1
(25, 70)
-> Request 2
474
(2, 2, 1)
2
(44, 28)
-> Request 3
487
(3, 3, 2)
1
(45, 41)
-> Request 4
771
(2, 1, 2)
2
(65, 45)
---> Week : 58
--> Day : 0
-> Request 0
261
(3, 1, 2)
2
(70, 61)
-> Request 1
275
(1, 3, 1)
3
(23, 61)
-> Request 2
675
(1, 2, 1)
1
(54, 44)
-> Request 3
762
(1, 2, 2)
3
(55, 40)
-> Request 4
889
(4, 1, 1)
1
(48, 31)
-> Request 5
1105
(1, 3, 2)
3
(59, 26)
--> Day : 1
-> Request 0
215
(4, 1, 2)
2
(77, 11)
-> Request 1
351
(3, 2, 2)
1
(12, 54)
-> Request 2
740
(2, 3, 1)
2
(4, 26)
-> Request 3
793
(4, 3, 2)
1
(64, 40)
-> Request 4
1042
(3, 1, 2)
1
(39, 61)
-> Request 5
1048
(4, 3, 2)
1
(17, 21)
--> Day : 2
-> Request 0
340
(3, 3, 2)
2
(43, 40)
-> Request 1
381
(1, 1, 1)
3
(39, 19)
-> Request 2
481
(1, 3, 1)
1
(62, 57)
-> Request 3
523
(1, 3, 1)
2
(61, 43)
-> Request 4
631
(1, 2, 1)
2
(6, 79)
-> Request 5
635
(2, 1, 2)
3
(15, 33)
-> Request 6
677
(4, 2, 2)
2
(15, 75)
-> Request 7
1340
(3, 3, 2)
3
(54, 14)
--> Day : 3
-> Request 0
200
(3, 3, 1)
2
(62, 30)
-> Request 1
297
(4, 1, 1)
1
(4, 37)
-> Request 2
827
(2, 1, 2)
3
(10, 23)
-> Request 3
1126
(3, 2, 2)
1
(48, 29)
--> Day : 4
-> Request 0
1085
(3, 1, 2)
1
(56, 64)
---> Week : 59
--> Day : 0
-> Request 0
297
(4, 1, 2)
3
(51, 30)
-> Request 1
380
(1, 2, 1)
1
(43, 4)
-> Request 2
1152
(3, 3, 2)
2
(49, 31)
-> Request 3
1213
(3, 3, 1)
3
(67, 48)
--> Day : 1
-> Request 0
30
(2, 3, 1)
3
(60, 70)
-> Request 1
349
(3, 1, 2)
1
(9, 23)
-> Request 2
393
(1, 3, 2)
1
(18, 34)
-> Request 3
490
(2, 3, 2)
3
(60, 75)
-> Request 4
507
(3, 1, 2)
2
(9, 22)
-> Request 5
617
(2, 2, 1)
3
(49, 28)
-> Request 6
688
(4, 3, 2)
2
(59, 75)
-> Request 7
906
(3, 2, 2)
1
(50, 44)
-> Request 8
960
(4, 2, 2)
1
(57, 31)
--> Day : 2
-> Request 0
285
(2, 3, 1)
3
(54, 73)
-> Request 1
341
(1, 3, 2)
2
(43, 43)
-> Request 2
403
(2, 1, 2)
2
(64, 68)
-> Request 3
435
(2, 2, 1)
1
(48, 21)
-> Request 4
570
(4, 2, 1)
1
(62, 34)
-> Request 5
855
(1, 1, 2)
2
(55, 29)
-> Request 6
1032
(4, 1, 1)
3
(21, 63)
-> Request 7
1148
(3, 3, 1)
2
(55, 77)
-> Request 8
1332
(2, 2, 1)
3
(48, 33)
-> Request 9
1414
(2, 3, 1)
3
(50, 31)
-> Request 10
1437
(4, 2, 1)
3
(51, 38)
--> Day : 3
-> Request 0
586
(4, 1, 1)
1
(66, 71)
-> Request 1
665
(4, 3, 1)
3
(12, 5)
-> Request 2
1016
(2, 3, 2)
3
(59, 78)
-> Request 3
1252
(4, 2, 1)
1
(46, 44)
-> Request 4
1258
(4, 3, 2)
1
(38, 40)
--> Day : 4
-> Request 0
34
(3, 3, 1)
3
(12, 23)
-> Request 1
200
(2, 1, 2)
2
(62, 18)
-> Request 2
388
(1, 2, 1)
1
(56, 46)
-> Request 3
1416
(2, 2, 1)
2
(61, 71)
-> Request 4
1430
(4, 3, 1)
2
(14, 24)
---> Week : 60
--> Day : 0
-> Request 0
22
(4, 3, 1)
1
(4, 16)
-> Request 1
203
(2, 1, 1)
1
(46, 39)
-> Request 2
242
(2, 2, 2)
2
(43, 31)
-> Request 3
308
(3, 2, 2)
2
(18, 11)
-> Request 4
323
(2, 2, 1)
2
(12, 12)
-> Request 5
390
(2, 2, 2)
3
(43, 38)
-> Request 6
401
(2, 2, 2)
2
(58, 71)
-> Request 7
766
(3, 3, 2)
1
(22, 10)
--> Day : 1
-> Request 0
24
(1, 1, 1)
1
(21, 19)
-> Request 1
295
(1, 2, 1)
2
(52, 37)
-> Request 2
548
(4, 1, 1)
2
(57, 38)
-> Request 3
683
(2, 2, 1)
3
(62, 42)
--> Day : 2
-> Request 0
482
(1, 2, 1)
3
(56, 68)
-> Request 1
558
(2, 1, 2)
1
(59, 30)
-> Request 2
821
(1, 2, 2)
1
(79, 52)
-> Request 3
1236
(4, 1, 1)
2
(54, 70)
--> Day : 3
-> Request 0
114
(4, 1, 1)
3
(39, 56)
-> Request 1
268
(3, 3, 2)
2
(34, 25)
-> Request 2
443
(3, 1, 1)
2
(0, 45)
--> Day : 4
-> Request 0
61
(4, 3, 1)
1
(51, 70)
-> Request 1
100
(3, 2, 1)
1
(58, 72)
-> Request 2
200
(2, 2, 1)
1
(54, 73)
-> Request 3
293
(4, 1, 1)
1
(43, 2)
-> Request 4
658
(1, 2, 2)
2
(51, 40)
-> Request 5
683
(2, 2, 2)
3
(68, 58)
-> Request 6
702
(4, 3, 1)
3
(78, 17)
-> Request 7
733
(2, 3, 2)
3
(47, 42)
-> Request 8
743
(2, 3, 2)
1
(60, 43)
-> Request 9
801
(1, 1, 2)
3
(5, 35)
-> Request 10
1001
(2, 1, 2)
3
(2, 49)
-> Request 11
1025
(1, 1, 2)
3
(41, 2)
-> Request 12
1153
(3, 3, 1)
2
(15, 29)
-> Request 13
1349
(4, 3, 2)
3
(34, 75)
---> Week : 61
--> Day : 0
-> Request 0
338
(4, 2, 2)
3
(15, 59)
-> Request 1
1026
(3, 1, 2)
2
(43, 46)
-> Request 2
1113
(3, 2, 2)
2
(76, 44)
-> Request 3
1197
(1, 3, 2)
2
(47, 42)
--> Day : 1
-> Request 0
56
(3, 2, 1)
1
(58, 44)
-> Request 1
74
(3, 2, 1)
3
(10, 59)
-> Request 2
192
(2, 1, 1)
1
(62, 74)
-> Request 3
235
(4, 2, 1)
1
(61, 37)
-> Request 4
263
(3, 2, 2)
2
(8, 72)
-> Request 5
619
(4, 3, 2)
3
(65, 69)
-> Request 6
1030
(1, 1, 1)
1
(46, 78)
-> Request 7
1293
(1, 2, 1)
1
(75, 28)
--> Day : 2
-> Request 0
682
(2, 2, 1)
3
(43, 51)
-> Request 1
704
(3, 3, 2)
3
(3, 45)
-> Request 2
716
(4, 3, 2)
1
(54, 76)
-> Request 3
752
(4, 3, 2)
2
(15, 44)
-> Request 4
1099
(4, 3, 1)
3
(44, 46)
-> Request 5
1413
(3, 3, 1)
3
(46, 46)
--> Day : 3
-> Request 0
13
(3, 3, 1)
1
(67, 22)
-> Request 1
211
(4, 1, 2)
2
(60, 67)
-> Request 2
458
(2, 2, 1)
3
(8, 28)
-> Request 3
625
(1, 1, 1)
2
(74, 68)
-> Request 4
699
(4, 3, 2)
3
(40, 56)
-> Request 5
925
(1, 3, 2)
2
(10, 23)
-> Request 6
1318
(4, 2, 2)
1
(9, 29)
--> Day : 4
-> Request 0
116
(3, 1, 1)
3
(71, 61)
-> Request 1
591
(4, 1, 2)
1
(44, 44)
-> Request 2
1109
(4, 3, 1)
3
(39, 28)
-> Request 3
1130
(1, 3, 2)
2
(15, 6)
-> Request 4
1307
(3, 3, 2)
2
(58, 34)
-> Request 5
1383
(2, 2, 1)
2
(4, 74)
---> Week : 62
--> Day : 0
-> Request 0
335
(2, 3, 2)
1
(14, 27)
-> Request 1
856
(3, 3, 1)
3
(12, 55)
-> Request 2
1172
(1, 3, 2)
1
(56, 71)
--> Day : 1
-> Request 0
15
(1, 2, 1)
3
(66, 64)
-> Request 1
25
(1, 2, 2)
2
(48, 7)
-> Request 2
81
(2, 2, 1)
3
(21, 17)
-> Request 3
338
(1, 1, 2)
2
(65, 64)
-> Request 4
626
(1, 3, 1)
1
(62, 70)
-> Request 5
840
(2, 2, 1)
2
(28, 14)
-> Request 6
1088
(3, 2, 1)
2
(12, 37)
-> Request 7
1298
(1, 3, 1)
1
(22, 11)
--> Day : 2
-> Request 0
191
(4, 3, 1)
1
(65, 65)
-> Request 1
283
(3, 1, 2)
1
(6, 50)
-> Request 2
283
(2, 3, 1)
1
(12, 25)
-> Request 3
511
(4, 3, 2)
3
(79, 51)
-> Request 4
516
(4, 2, 1)
2
(17, 6)
-> Request 5
554
(1, 1, 2)
2
(50, 41)
-> Request 6
709
(4, 3, 1)
3
(18, 5)
-> Request 7
884
(2, 3, 1)
3
(66, 69)
-> Request 8
906
(2, 3, 1)
2
(60, 67)
-> Request 9
993
(2, 3, 1)
2
(63, 70)
-> Request 10
1253
(2, 3, 1)
3
(70, 45)
--> Day : 3
-> Request 0
161
(3, 1, 2)
3
(49, 39)
-> Request 1
252
(4, 2, 2)
2
(65, 69)
-> Request 2
318
(3, 3, 2)
1
(55, 69)
-> Request 3
517
(4, 2, 2)
2
(19, 43)
-> Request 4
654
(1, 3, 2)
1
(78, 29)
-> Request 5
671
(2, 2, 2)
1
(46, 1)
-> Request 6
862
(4, 2, 2)
2
(55, 73)
-> Request 7
1343
(4, 2, 2)
3
(14, 51)
--> Day : 4
-> Request 0
127
(2, 1, 1)
3
(68, 0)
-> Request 1
138
(1, 3, 2)
3
(57, 46)
-> Request 2
375
(4, 3, 1)
2
(57, 21)
-> Request 3
1257
(2, 3, 2)
3
(41, 68)
-> Request 4
1266
(3, 3, 2)
2
(31, 66)
-> Request 5
1275
(1, 1, 1)
3
(1, 6)
-> Request 6
1378
(1, 2, 2)
1
(28, 2)
---> Week : 63
--> Day : 0
-> Request 0
50
(4, 2, 1)
1
(56, 77)
-> Request 1
65
(4, 3, 2)
2
(61, 32)
-> Request 2
173
(3, 1, 2)
1
(58, 30)
-> Request 3
175
(4, 3, 1)
3
(67, 44)
-> Request 4
474
(1, 3, 1)
1
(33, 30)
-> Request 5
568
(4, 1, 1)
2
(27, 73)
-> Request 6
615
(4, 1, 2)
1
(61, 25)
-> Request 7
732
(4, 3, 1)
3
(35, 20)
--> Day : 1
-> Request 0
74
(3, 1, 1)
3
(38, 8)
-> Request 1
101
(3, 2, 2)
2
(27, 22)
-> Request 2
252
(1, 1, 2)
3
(62, 68)
-> Request 3
286
(1, 3, 1)
3
(34, 54)
-> Request 4
602
(2, 2, 2)
1
(57, 40)
-> Request 5
773
(1, 2, 2)
2
(30, 52)
-> Request 6
882
(2, 3, 2)
1
(56, 34)
-> Request 7
1077
(4, 1, 2)
2
(54, 31)
-> Request 8
1149
(4, 2, 1)
2
(60, 45)
--> Day : 2
-> Request 0
147
(1, 2, 2)
3
(23, 35)
-> Request 1
211
(3, 1, 2)
2
(72, 66)
-> Request 2
274
(4, 2, 1)
2
(24, 44)
-> Request 3
567
(4, 3, 2)
2
(18, 50)
-> Request 4
747
(2, 2, 1)
1
(53, 75)
-> Request 5
929
(2, 3, 2)
2
(79, 5)
-> Request 6
1254
(1, 1, 1)
2
(38, 44)
--> Day : 3
-> Request 0
397
(4, 3, 2)
2
(52, 44)
-> Request 1
1025
(4, 1, 1)
3
(1, 58)
-> Request 2
1261
(4, 2, 1)
3
(41, 51)
--> Day : 4
-> Request 0
33
(1, 1, 2)
1
(24, 58)
-> Request 1
142
(3, 3, 1)
2
(28, 13)
-> Request 2
185
(2, 3, 2)
3
(15, 22)
-> Request 3
650
(4, 1, 2)
1
(66, 54)
-> Request 4
996
(4, 1, 2)
1
(75, 10)
---> Week : 64
--> Day : 0
-> Request 0
205
(4, 1, 2)
1
(52, 77)
-> Request 1
1244
(3, 1, 1)
1
(60, 75)
--> Day : 1
-> Request 0
95
(3, 2, 1)
2
(58, 76)
-> Request 1
232
(4, 2, 1)
2
(57, 24)
-> Request 2
313
(4, 3, 2)
3
(28, 0)
-> Request 3
322
(1, 1, 2)
1
(23, 21)
-> Request 4
470
(3, 3, 2)
3
(66, 73)
-> Request 5
518
(3, 1, 2)
1
(0, 66)
-> Request 6
747
(4, 2, 1)
1
(63, 49)
-> Request 7
921
(1, 1, 2)
1
(51, 79)
-> Request 8
1293
(1, 1, 2)
3
(78, 50)
-> Request 9
1388
(2, 3, 1)
3
(2, 65)
--> Day : 2
-> Request 0
208
(1, 3, 1)
2
(52, 73)
-> Request 1
318
(4, 3, 2)
3
(45, 38)
-> Request 2
536
(4, 1, 1)
2
(55, 77)
-> Request 3
536
(1, 3, 2)
2
(53, 72)
-> Request 4
569
(2, 3, 1)
3
(30, 39)
-> Request 5
1177
(1, 1, 1)
3
(65, 60)
-> Request 6
1349
(3, 3, 1)
1
(57, 36)
--> Day : 3
-> Request 0
7
(3, 1, 2)
1
(10, 44)
-> Request 1
469
(1, 2, 1)
2
(50, 28)
-> Request 2
606
(1, 3, 1)
2
(72, 27)
-> Request 3
786
(1, 2, 1)
3
(79, 58)
-> Request 4
1037
(2, 2, 1)
3
(8, 22)
-> Request 5
1364
(4, 2, 1)
2
(58, 68)
--> Day : 4
-> Request 0
50
(2, 2, 2)
3
(59, 46)
-> Request 1
163
(1, 1, 1)
1
(49, 36)
-> Request 2
328
(3, 1, 1)
2
(60, 67)
-> Request 3
769
(3, 2, 1)
3
(15, 56)
-> Request 4
791
(4, 1, 2)
2
(12, 3)
-> Request 5
846
(2, 1, 1)
2
(17, 66)
-> Request 6
888
(3, 2, 2)
1
(65, 27)
-> Request 7
1246
(3, 3, 2)
2
(59, 60)
-> Request 8
1303
(3, 1, 1)
2
(59, 28)
---> Week : 65
--> Day : 0
-> Request 0
125
(2, 1, 2)
1
(71, 52)
-> Request 1
128
(2, 1, 1)
2
(60, 69)
-> Request 2
831
(4, 2, 2)
1
(48, 38)
-> Request 3
883
(4, 1, 2)
2
(54, 75)
--> Day : 1
-> Request 0
234
(3, 3, 1)
2
(35, 22)
-> Request 1
539
(2, 1, 1)
1
(45, 34)
-> Request 2
542
(2, 2, 2)
1
(52, 35)
-> Request 3
822
(3, 1, 1)
2
(15, 0)
-> Request 4
921
(3, 3, 1)
3
(36, 19)
-> Request 5
1150
(2, 1, 1)
2
(53, 2)
-> Request 6
1351
(2, 1, 2)
1
(50, 33)
-> Request 7
1375
(1, 1, 2)
3
(43, 28)
--> Day : 2
-> Request 0
244
(1, 3, 1)
1
(63, 69)
-> Request 1
645
(4, 3, 1)
1
(50, 40)
-> Request 2
700
(3, 2, 1)
1
(33, 35)
-> Request 3
1071
(1, 1, 2)
3
(56, 75)
--> Day : 3
-> Request 0
53
(4, 1, 1)
1
(4, 21)
-> Request 1
1125
(1, 1, 2)
1
(57, 70)
-> Request 2
1247
(3, 1, 2)
3
(45, 16)
-> Request 3
1360
(4, 2, 1)
2
(25, 34)
-> Request 4
1365
(4, 3, 2)
2
(64, 72)
--> Day : 4
-> Request 0
5
(1, 1, 1)
3
(52, 46)
-> Request 1
170
(2, 2, 1)
3
(61, 37)
-> Request 2
215
(4, 3, 1)
1
(51, 46)
-> Request 3
310
(2, 3, 1)
1
(53, 46)
-> Request 4
390
(1, 2, 1)
3
(12, 5)
-> Request 5
703
(4, 1, 2)
1
(43, 46)
---> Week : 66
--> Day : 0
-> Request 0
758
(4, 3, 1)
1
(28, 7)
-> Request 1
1310
(4, 1, 1)
1
(59, 38)
--> Day : 1
-> Request 0
225
(1, 3, 2)
2
(31, 76)
-> Request 1
255
(1, 3, 1)
2
(19, 15)
-> Request 2
327
(2, 1, 2)
3
(61, 77)
-> Request 3
467
(3, 3, 1)
1
(37, 11)
--> Day : 2
-> Request 0
235
(2, 3, 2)
1
(55, 69)
-> Request 1
1046
(4, 1, 2)
3
(37, 2)
-> Request 2
1137
(4, 2, 1)
3
(37, 45)
--> Day : 3
-> Request 0
294
(4, 3, 2)
2
(41, 55)
--> Day : 4
-> Request 0
310
(1, 2, 1)
2
(11, 33)
-> Request 1
732
(2, 3, 2)
1
(13, 75)
-> Request 2
852
(2, 2, 1)
2
(59, 46)
-> Request 3
911
(2, 3, 1)
2
(5, 0)
-> Request 4
1229
(1, 3, 1)
1
(60, 72)
---> Week : 67
--> Day : 0
-> Request 0
2
(3, 3, 2)
3
(57, 64)
-> Request 1
186
(1, 1, 1)
2
(38, 55)
-> Request 2
561
(2, 2, 1)
3
(33, 25)
-> Request 3
575
(1, 2, 1)
1
(28, 47)
-> Request 4
621
(1, 3, 1)
2
(50, 31)
-> Request 5
716
(2, 1, 2)
3
(10, 14)
-> Request 6
986
(1, 1, 1)
2
(16, 27)
-> Request 7
1235
(1, 1, 2)
2
(43, 29)
--> Day : 1
-> Request 0
193
(1, 2, 1)
3
(57, 76)
-> Request 1
343
(3, 3, 2)
3
(40, 38)
-> Request 2
472
(3, 2, 1)
3
(49, 32)
-> Request 3
583
(3, 1, 2)
2
(44, 32)
-> Request 4
598
(4, 1, 2)
2
(59, 36)
-> Request 5
783
(4, 2, 2)
1
(13, 40)
-> Request 6
825
(4, 3, 1)
3
(52, 79)
-> Request 7
980
(1, 2, 2)
2
(7, 17)
-> Request 8
1014
(3, 3, 2)
1
(58, 54)
-> Request 9
1098
(4, 1, 2)
3
(28, 70)
--> Day : 2
-> Request 0
39
(4, 1, 1)
3
(53, 31)
-> Request 1
128
(1, 1, 1)
3
(65, 68)
-> Request 2
202
(4, 3, 2)
3
(46, 40)
-> Request 3
648
(4, 3, 1)
1
(52, 43)
-> Request 4
680
(4, 1, 1)
2
(58, 74)
--> Day : 3
-> Request 0
385
(2, 3, 1)
1
(64, 76)
-> Request 1
752
(2, 3, 2)
3
(62, 33)
-> Request 2
977
(4, 1, 2)
2
(15, 28)
-> Request 3
1134
(4, 3, 2)
3
(40, 6)
--> Day : 4
-> Request 0
116
(3, 3, 1)
1
(9, 74)
-> Request 1
187
(1, 2, 2)
1
(9, 21)
-> Request 2
933
(3, 2, 1)
1
(63, 69)
-> Request 3
1146
(4, 3, 2)
3
(67, 61)
-> Request 4
1407
(1, 3, 2)
3
(74, 43)
-> Request 5
1412
(4, 1, 1)
3
(50, 39)
---> Week : 68
--> Day : 0
-> Request 0
742
(3, 1, 1)
2
(50, 45)
-> Request 1
860
(4, 1, 2)
2
(44, 37)
-> Request 2
1077
(2, 2, 1)
3
(28, 25)
-> Request 3
1113
(3, 2, 1)
2
(47, 38)
-> Request 4
1128
(1, 2, 2)
1
(43, 75)
-> Request 5
1133
(4, 1, 1)
2
(38, 66)
-> Request 6
1347
(2, 2, 1)
3
(72, 57)
--> Day : 1
-> Request 0
189
(3, 1, 1)
3
(2, 64)
-> Request 1
483
(4, 1, 1)
2
(46, 38)
-> Request 2
1019
(3, 1, 2)
3
(62, 71)
-> Request 3
1206
(1, 3, 1)
1
(76, 75)
-> Request 4
1260
(1, 3, 1)
2
(42, 79)
-> Request 5
1268
(4, 1, 1)
1
(0, 17)
-> Request 6
1291
(1, 1, 2)
1
(53, 77)
--> Day : 2
-> Request 0
786
(1, 2, 1)
2
(73, 13)
-> Request 1
799
(4, 3, 2)
1
(59, 29)
-> Request 2
823
(1, 3, 2)
3
(51, 45)
-> Request 3
1030
(1, 1, 1)
1
(46, 26)
-> Request 4
1424
(2, 3, 2)
1
(52, 77)
-> Request 5
1437
(2, 2, 2)
2
(55, 30)
--> Day : 3
-> Request 0
233
(2, 1, 1)
2
(51, 30)
-> Request 1
488
(3, 3, 1)
3
(15, 40)
-> Request 2
662
(2, 1, 2)
1
(59, 42)
-> Request 3
882
(1, 3, 2)
1
(52, 54)
-> Request 4
1213
(4, 2, 2)
3
(59, 41)
-> Request 5
1344
(1, 2, 2)
1
(9, 27)
--> Day : 4
-> Request 0
200
(2, 3, 1)
3
(59, 38)
-> Request 1
265
(3, 3, 1)
3
(56, 52)
-> Request 2
297
(1, 2, 2)
3
(55, 41)
-> Request 3
349
(2, 1, 2)
3
(30, 32)
-> Request 4
657
(4, 1, 1)
2
(78, 26)
-> Request 5
811
(4, 1, 2)
1
(60, 73)
-> Request 6
920
(4, 2, 2)
2
(29, 46)
-> Request 7
1339
(1, 2, 2)
3
(57, 76)
-> Request 8
1365
(2, 3, 1)
2
(59, 71)
---> Week : 69
--> Day : 0
-> Request 0
78
(4, 1, 2)
3
(4, 32)
-> Request 1
98
(1, 3, 1)
1
(27, 17)
-> Request 2
158
(4, 3, 2)
2
(54, 38)
-> Request 3
267
(4, 3, 1)
3
(45, 33)
-> Request 4
329
(1, 3, 1)
3
(52, 31)
-> Request 5
482
(4, 3, 1)
1
(9, 21)
-> Request 6
588
(3, 3, 2)
3
(4, 19)
-> Request 7
627
(4, 3, 2)
2
(1, 51)
--> Day : 1
-> Request 0
41
(4, 2, 2)
1
(51, 31)
-> Request 1
1384
(1, 3, 2)
2
(58, 27)
--> Day : 2
-> Request 0
236
(2, 3, 1)
2
(60, 27)
-> Request 1
271
(3, 1, 2)
1
(12, 74)
-> Request 2
318
(4, 2, 1)
3
(15, 5)
-> Request 3
318
(4, 3, 2)
1
(3, 57)
-> Request 4
323
(2, 2, 1)
1
(63, 64)
-> Request 5
859
(2, 1, 1)
3
(65, 14)
-> Request 6
1028
(3, 1, 1)
3
(56, 43)
--> Day : 3
-> Request 0
19
(2, 3, 2)
1
(13, 25)
-> Request 1
462
(1, 2, 2)
3
(61, 39)
-> Request 2
470
(1, 2, 1)
3
(31, 53)
-> Request 3
608
(2, 3, 2)
2
(32, 17)
-> Request 4
774
(2, 1, 1)
3
(15, 25)
--> Day : 4
-> Request 0
114
(3, 1, 1)
1
(49, 35)
-> Request 1
124
(3, 2, 2)
1
(45, 44)
-> Request 2
403
(2, 3, 1)
2
(65, 73)
-> Request 3
427
(4, 1, 2)
3
(76, 17)
-> Request 4
466
(1, 3, 1)
2
(42, 63)
-> Request 5
494
(3, 2, 2)
2
(46, 53)
-> Request 6
510
(4, 2, 1)
2
(26, 36)
-> Request 7
927
(2, 1, 1)
3
(54, 57)
-> Request 8
962
(2, 2, 1)
1
(63, 77)
---> Week : 70
--> Day : 0
-> Request 0
105
(4, 1, 1)
2
(59, 45)
-> Request 1
147
(2, 1, 2)
2
(27, 48)
-> Request 2
219
(1, 2, 1)
3
(66, 75)
-> Request 3
517
(2, 2, 2)
2
(2, 53)
-> Request 4
775
(3, 2, 2)
3
(12, 20)
-> Request 5
1224
(2, 1, 1)
3
(60, 42)
-> Request 6
1322
(3, 3, 1)
3
(59, 67)
--> Day : 1
-> Request 0
343
(3, 3, 2)
1
(1, 78)
-> Request 1
351
(1, 3, 2)
1
(17, 35)
-> Request 2
412
(4, 1, 2)
1
(47, 44)
-> Request 3
591
(3, 2, 1)
3
(59, 44)
-> Request 4
593
(1, 2, 2)
2
(51, 46)
-> Request 5
695
(1, 1, 1)
1
(50, 41)
-> Request 6
817
(4, 2, 2)
2
(19, 8)
-> Request 7
962
(1, 2, 2)
1
(53, 69)
-> Request 8
975
(1, 1, 1)
2
(69, 39)
-> Request 9
1196
(1, 1, 1)
2
(44, 42)
-> Request 10
1254
(2, 1, 1)
2
(11, 27)
--> Day : 2
-> Request 0
331
(1, 2, 2)
2
(10, 26)
-> Request 1
1053
(4, 1, 2)
1
(59, 31)
-> Request 2
1360
(3, 1, 2)
3
(13, 49)
--> Day : 3
-> Request 0
32
(1, 2, 1)
1
(57, 76)
-> Request 1
55
(3, 2, 1)
3
(62, 29)
-> Request 2
64
(1, 2, 1)
3
(59, 33)
-> Request 3
545
(2, 1, 2)
3
(12, 27)
-> Request 4
787
(1, 2, 1)
1
(51, 37)
-> Request 5
1021
(1, 3, 2)
2
(10, 7)
-> Request 6
1081
(2, 2, 2)
1
(56, 28)
-> Request 7
1362
(3, 1, 2)
2
(52, 36)
--> Day : 4
-> Request 0
86
(3, 2, 1)
2
(55, 24)
-> Request 1
203
(1, 1, 2)
1
(58, 42)
-> Request 2
268
(2, 3, 1)
2
(72, 63)
-> Request 3
365
(1, 3, 2)
3
(62, 47)
-> Request 4
997
(1, 2, 1)
2
(58, 35)
-> Request 5
1244
(3, 1, 2)
3
(64, 68)
---> Week : 71
--> Day : 0
-> Request 0
131
(3, 2, 1)
2
(75, 1)
-> Request 1
135
(2, 2, 1)
2
(49, 39)
-> Request 2
149
(2, 2, 1)
1
(51, 28)
-> Request 3
188
(1, 2, 2)
2
(54, 36)
-> Request 4
280
(1, 3, 1)
1
(60, 70)
-> Request 5
652
(2, 1, 1)
3
(63, 72)
-> Request 6
1020
(3, 1, 2)
3
(11, 22)
-> Request 7
1387
(1, 2, 2)
2
(39, 52)
--> Day : 1
-> Request 0
82
(4, 3, 1)
1
(61, 44)
-> Request 1
87
(4, 1, 1)
1
(56, 30)
-> Request 2
326
(3, 3, 2)
3
(30, 44)
-> Request 3
421
(3, 1, 2)
3
(62, 77)
-> Request 4
459
(1, 2, 1)
3
(73, 23)
-> Request 5
470
(2, 3, 1)
1
(43, 39)
-> Request 6
486
(4, 2, 2)
1
(67, 73)
-> Request 7
540
(2, 2, 2)
3
(58, 35)
-> Request 8
1043
(1, 1, 1)
3
(43, 20)
-> Request 9
1192
(4, 1, 2)
2
(52, 71)
--> Day : 2
-> Request 0
162
(2, 1, 2)
3
(16, 23)
-> Request 1
357
(1, 1, 2)
1
(49, 28)
-> Request 2
537
(4, 1, 2)
1
(59, 44)
-> Request 3
704
(2, 3, 2)
3
(57, 43)
-> Request 4
870
(4, 3, 1)
3
(66, 2)
-> Request 5
1002
(1, 3, 1)
2
(43, 33)
--> Day : 3
-> Request 0
434
(4, 3, 2)
1
(57, 30)
-> Request 1
534
(3, 1, 2)
1
(61, 41)
-> Request 2
948
(2, 1, 2)
1
(1, 69)
-> Request 3
1045
(4, 2, 2)
3
(60, 75)
-> Request 4
1167
(3, 2, 1)
3
(76, 63)
--> Day : 4
-> Request 0
66
(4, 2, 2)
2
(48, 27)
-> Request 1
82
(4, 1, 2)
1
(56, 30)
-> Request 2
252
(4, 3, 2)
2
(44, 37)
-> Request 3
321
(4, 2, 1)
1
(13, 24)
-> Request 4
1342
(1, 2, 2)
1
(53, 28)
---> Week : 72
--> Day : 0
-> Request 0
116
(4, 2, 2)
1
(61, 75)
-> Request 1
332
(4, 1, 1)
2
(53, 31)
-> Request 2
377
(3, 2, 1)
3
(66, 64)
-> Request 3
644
(3, 2, 1)
2
(76, 26)
-> Request 4
726
(2, 3, 1)
1
(17, 23)
-> Request 5
944
(2, 3, 1)
1
(45, 71)
--> Day : 1
-> Request 0
129
(2, 1, 1)
1
(73, 5)
-> Request 1
583
(2, 2, 1)
3
(54, 66)
-> Request 2
1044
(3, 2, 2)
2
(54, 70)
--> Day : 2
-> Request 0
295
(4, 3, 1)
3
(55, 64)
-> Request 1
476
(3, 3, 2)
3
(75, 8)
-> Request 2
512
(3, 1, 2)
2
(47, 63)
-> Request 3
706
(2, 3, 2)
1
(60, 69)
-> Request 4
884
(4, 3, 1)
2
(25, 61)
-> Request 5
918
(4, 3, 2)
3
(50, 45)
-> Request 6
928
(2, 3, 1)
1
(64, 8)
-> Request 7
1116
(1, 3, 2)
1
(49, 42)
-> Request 8
1336
(3, 2, 1)
2
(24, 25)
--> Day : 3
-> Request 0
353
(2, 3, 1)
3
(52, 38)
-> Request 1
515
(1, 2, 1)
1
(56, 77)
-> Request 2
1126
(3, 3, 2)
1
(43, 64)
-> Request 3
1212
(1, 1, 1)
1
(43, 44)
-> Request 4
1326
(1, 2, 1)
1
(14, 58)
-> Request 5
1337
(4, 3, 1)
2
(59, 69)
--> Day : 4
-> Request 0
101
(4, 1, 2)
3
(56, 71)
-> Request 1
149
(3, 1, 1)
2
(43, 43)
-> Request 2
244
(2, 3, 1)
2
(49, 34)
-> Request 3
439
(3, 1, 2)
3
(54, 42)
-> Request 4
641
(3, 2, 2)
3
(10, 72)
-> Request 5
701
(4, 2, 1)
1
(59, 31)
-> Request 6
1195
(3, 3, 2)
2
(59, 8)
---> Week : 73
--> Day : 0
-> Request 0
368
(1, 1, 2)
3
(49, 33)
-> Request 1
604
(3, 3, 2)
1
(72, 60)
-> Request 2
657
(4, 2, 2)
2
(54, 41)
-> Request 3
936
(1, 2, 1)
2
(53, 76)
-> Request 4
1082
(1, 3, 1)
3
(51, 33)
-> Request 5
1276
(2, 1, 2)
3
(53, 9)
--> Day : 1
-> Request 0
162
(1, 1, 2)
1
(58, 3)
-> Request 1
549
(3, 2, 2)
3
(61, 19)
-> Request 2
782
(1, 3, 2)
3
(61, 46)
-> Request 3
917
(4, 3, 2)
3
(66, 27)
--> Day : 2
-> Request 0
216
(4, 1, 2)
3
(47, 2)
-> Request 1
339
(2, 1, 2)
3
(9, 25)
-> Request 2
416
(4, 1, 1)
2
(62, 75)
-> Request 3
490
(3, 1, 1)
2
(8, 48)
-> Request 4
699
(3, 1, 2)
3
(59, 46)
-> Request 5
1157
(1, 1, 2)
3
(47, 27)
-> Request 6
1327
(3, 2, 2)
2
(48, 33)
-> Request 7
1411
(4, 2, 1)
3
(69, 16)
--> Day : 3
-> Request 0
29
(4, 3, 1)
2
(46, 5)
-> Request 1
258
(1, 2, 1)
1
(58, 77)
-> Request 2
298
(2, 2, 1)
3
(78, 61)
-> Request 3
725
(1, 1, 1)
3
(71, 68)
-> Request 4
761
(2, 3, 1)
1
(71, 33)
-> Request 5
786
(1, 3, 2)
2
(15, 39)
-> Request 6
871
(1, 1, 2)
1
(52, 67)
-> Request 7
1084
(2, 2, 2)
2
(64, 75)
-> Request 8
1109
(1, 1, 2)
3
(51, 40)
-> Request 9
1226
(2, 1, 2)
2
(68, 3)
-> Request 10
1416
(2, 2, 1)
1
(50, 47)
--> Day : 4
-> Request 0
88
(3, 2, 1)
3
(66, 33)
-> Request 1
108
(4, 1, 2)
2
(40, 37)
-> Request 2
351
(2, 2, 2)
2
(64, 75)
-> Request 3
520
(2, 1, 1)
2
(61, 32)
-> Request 4
603
(2, 2, 1)
3
(48, 4)
---> Week : 74
--> Day : 0
-> Request 0
146
(3, 1, 1)
1
(62, 33)
-> Request 1
221
(2, 3, 2)
3
(54, 68)
-> Request 2
674
(2, 1, 1)
1
(55, 77)
-> Request 3
711
(4, 1, 2)
2
(43, 54)
-> Request 4
1033
(2, 3, 1)
2
(55, 77)
-> Request 5
1062
(3, 1, 2)
1
(58, 29)
-> Request 6
1412
(4, 3, 2)
2
(50, 38)
--> Day : 1
-> Request 0
254
(4, 2, 2)
1
(61, 72)
-> Request 1
360
(2, 1, 1)
3
(16, 20)
-> Request 2
528
(3, 2, 1)
1
(46, 31)
-> Request 3
963
(4, 3, 2)
3
(66, 72)
-> Request 4
1067
(2, 3, 2)
2
(56, 72)
--> Day : 2
-> Request 0
203
(2, 1, 2)
1
(51, 45)
-> Request 1
832
(1, 3, 2)
1
(47, 40)
-> Request 2
977
(2, 3, 2)
3
(8, 5)
-> Request 3
1148
(4, 3, 2)
3
(45, 27)
--> Day : 3
-> Request 0
526
(2, 3, 1)
1
(14, 22)
-> Request 1
597
(1, 3, 1)
1
(15, 14)
-> Request 2
608
(3, 3, 1)
1
(48, 55)
-> Request 3
614
(4, 1, 2)
1
(55, 72)
-> Request 4
711
(3, 1, 1)
1
(54, 30)
-> Request 5
770
(1, 3, 2)
3
(11, 28)
-> Request 6
784
(3, 1, 1)
1
(60, 51)
-> Request 7
881
(2, 2, 2)
1
(62, 77)
--> Day : 4
-> Request 0
148
(1, 2, 2)
3
(71, 70)
-> Request 1
318
(2, 1, 1)
3
(8, 24)
-> Request 2
422
(3, 3, 1)
3
(60, 76)
-> Request 3
498
(4, 3, 2)
3
(57, 53)
-> Request 4
741
(4, 2, 1)
1
(56, 32)
-> Request 5
1022
(3, 2, 2)
2
(68, 35)
-> Request 6
1029
(3, 3, 2)
2
(78, 2)
---> Week : 75
--> Day : 0
-> Request 0
119
(4, 1, 2)
3
(62, 70)
-> Request 1
428
(1, 2, 1)
2
(56, 38)
-> Request 2
462
(3, 2, 2)
2
(52, 69)
-> Request 3
640
(4, 2, 1)
1
(78, 46)
-> Request 4
790
(3, 2, 1)
1
(75, 49)
-> Request 5
1030
(4, 3, 1)
3
(69, 69)
-> Request 6
1391
(4, 1, 1)
2
(57, 33)
--> Day : 1
-> Request 0
401
(3, 2, 1)
1
(12, 24)
-> Request 1
914
(2, 2, 1)
3
(39, 18)
--> Day : 2
-> Request 0
112
(3, 2, 1)
1
(55, 52)
-> Request 1
290
(3, 2, 1)
2
(52, 67)
-> Request 2
416
(2, 3, 1)
3
(62, 8)
-> Request 3
434
(1, 2, 1)
1
(65, 65)
-> Request 4
447
(3, 2, 2)
1
(55, 77)
-> Request 5
506
(2, 1, 2)
3
(42, 10)
-> Request 6
663
(2, 1, 2)
2
(58, 27)
-> Request 7
1202
(4, 3, 1)
3
(58, 46)
-> Request 8
1270
(1, 1, 2)
3
(46, 34)
--> Day : 3
-> Request 0
370
(1, 2, 2)
2
(58, 46)
-> Request 1
373
(2, 3, 1)
2
(12, 26)
-> Request 2
443
(1, 3, 2)
3
(62, 46)
-> Request 3
645
(1, 3, 2)
3
(76, 16)
-> Request 4
972
(1, 1, 1)
1
(52, 38)
-> Request 5
1065
(4, 2, 1)
3
(62, 31)
-> Request 6
1106
(4, 2, 1)
1
(48, 27)
-> Request 7
1208
(2, 1, 1)
2
(51, 29)
--> Day : 4
-> Request 0
71
(2, 3, 2)
2
(53, 33)
-> Request 1
207
(2, 2, 2)
1
(6, 76)
-> Request 2
778
(2, 2, 1)
2
(43, 31)
-> Request 3
972
(2, 2, 1)
1
(9, 25)
-> Request 4
1019
(3, 1, 2)
2
(46, 43)
-> Request 5
1243
(3, 3, 1)
3
(53, 77)
---> Week : 76
--> Day : 0
-> Request 0
171
(1, 3, 2)
1
(13, 27)
-> Request 1
225
(2, 1, 1)
2
(11, 21)
-> Request 2
406
(3, 3, 2)
3
(8, 21)
-> Request 3
884
(4, 3, 2)
2
(62, 42)
-> Request 4
1054
(3, 3, 2)
1
(62, 74)
-> Request 5
1087
(4, 2, 2)
3
(10, 32)
--> Day : 1
-> Request 0
594
(1, 2, 1)
2
(57, 74)
-> Request 1
601
(3, 2, 2)
1
(11, 44)
-> Request 2
848
(3, 2, 2)
3
(15, 42)
-> Request 3
1367
(2, 3, 2)
2
(54, 69)
-> Request 4
1391
(1, 3, 1)
3
(70, 52)
--> Day : 2
-> Request 0
104
(2, 1, 1)
2
(50, 73)
-> Request 1
245
(4, 2, 2)
2
(0, 33)
-> Request 2
296
(4, 1, 2)
3
(54, 42)
-> Request 3
422
(2, 3, 2)
1
(51, 46)
-> Request 4
486
(2, 3, 1)
1
(58, 33)
-> Request 5
495
(1, 1, 2)
2
(52, 68)
-> Request 6
495
(3, 2, 2)
2
(3, 61)
-> Request 7
1139
(2, 1, 2)
2
(29, 2)
--> Day : 3
-> Request 0
1
(4, 2, 1)
2
(43, 71)
-> Request 1
413
(1, 3, 1)
2
(17, 25)
-> Request 2
623
(1, 1, 2)
1
(58, 31)
-> Request 3
624
(2, 2, 2)
2
(19, 10)
-> Request 4
677
(4, 3, 1)
1
(69, 2)
-> Request 5
725
(3, 3, 1)
2
(41, 18)
-> Request 6
827
(1, 3, 1)
3
(0, 49)
-> Request 7
872
(2, 3, 2)
3
(54, 73)
-> Request 8
1418
(3, 3, 1)
2
(47, 46)
--> Day : 4
-> Request 0
131
(1, 1, 1)
2
(25, 6)
-> Request 1
131
(3, 1, 2)
1
(71, 53)
-> Request 2
348
(2, 1, 2)
2
(63, 68)
-> Request 3
830
(2, 1, 1)
3
(52, 46)
---> Week : 77
--> Day : 0
-> Request 0
342
(1, 1, 2)
1
(54, 76)
-> Request 1
581
(4, 3, 2)
1
(70, 59)
-> Request 2
728
(1, 2, 1)
3
(42, 77)
-> Request 3
825
(4, 2, 1)
1
(54, 38)
-> Request 4
849
(1, 3, 2)
2
(11, 21)
-> Request 5
937
(3, 1, 1)
2
(43, 41)
-> Request 6
977
(4, 3, 2)
3
(36, 21)
-> Request 7
1297
(4, 2, 2)
1
(55, 44)
--> Day : 1
-> Request 0
47
(3, 3, 1)
3
(76, 74)
-> Request 1
412
(3, 3, 2)
3
(16, 20)
-> Request 2
594
(4, 1, 2)
1
(46, 33)
-> Request 3
613
(3, 3, 2)
3
(62, 73)
-> Request 4
641
(3, 1, 2)
1
(46, 27)
-> Request 5
800
(4, 3, 1)
2
(50, 61)
-> Request 6
1296
(2, 2, 2)
1
(11, 37)
-> Request 7
1302
(4, 3, 1)
1
(64, 73)
--> Day : 2
-> Request 0
1297
(2, 3, 2)
1
(78, 13)
--> Day : 3
-> Request 0
20
(1, 3, 1)
1
(59, 28)
-> Request 1
211
(4, 3, 1)
3
(59, 72)
-> Request 2
730
(4, 2, 1)
3
(74, 49)
-> Request 3
990
(2, 3, 1)
1
(75, 67)
-> Request 4
1107
(2, 3, 2)
3
(14, 19)
--> Day : 4
-> Request 0
495
(2, 3, 2)
3
(17, 26)
-> Request 1
949
(3, 3, 1)
2
(48, 37)
-> Request 2
1405
(4, 2, 2)
3
(59, 37)
-> Request 3
1430
(2, 3, 1)
2
(34, 15)
---> Week : 78
--> Day : 0
-> Request 0
72
(2, 2, 1)
3
(61, 64)
-> Request 1
332
(1, 2, 2)
1
(14, 66)
-> Request 2
342
(4, 1, 1)
1
(52, 66)
-> Request 3
958
(1, 3, 1)
1
(48, 3)
-> Request 4
1049
(2, 3, 1)
3
(63, 75)
-> Request 5
1052
(3, 3, 1)
2
(61, 31)
-> Request 6
1088
(1, 1, 2)
1
(48, 44)
-> Request 7
1116
(3, 3, 1)
2
(12, 21)
-> Request 8
1402
(3, 3, 2)
2
(71, 15)
-> Request 9
1414
(2, 1, 2)
3
(10, 0)
--> Day : 1
-> Request 0
333
(3, 1, 1)
3
(52, 28)
-> Request 1
506
(2, 3, 1)
2
(43, 39)
-> Request 2
572
(4, 2, 1)
1
(51, 38)
-> Request 3
647
(2, 2, 1)
2
(8, 79)
-> Request 4
652
(3, 2, 2)
3
(52, 77)
-> Request 5
748
(1, 3, 1)
1
(58, 65)
-> Request 6
790
(1, 3, 2)
1
(36, 23)
-> Request 7
929
(1, 3, 2)
3
(21, 0)
-> Request 8
1009
(4, 2, 1)
2
(37, 70)
-> Request 9
1067
(1, 2, 1)
3
(48, 42)
-> Request 10
1090
(3, 3, 2)
2
(62, 31)
-> Request 11
1105
(4, 3, 1)
1
(51, 43)
-> Request 12
1182
(3, 3, 1)
3
(26, 68)
-> Request 13
1241
(2, 1, 1)
2
(46, 45)
--> Day : 2
-> Request 0
750
(4, 2, 2)
1
(61, 29)
-> Request 1
938
(1, 2, 1)
1
(16, 29)
-> Request 2
1126
(4, 3, 1)
2
(51, 3)
-> Request 3
1257
(1, 3, 1)
2
(23, 51)
--> Day : 3
-> Request 0
22
(2, 2, 1)
1
(48, 35)
-> Request 1
441
(3, 2, 2)
3
(17, 27)
-> Request 2
464
(3, 2, 1)
3
(15, 23)
-> Request 3
475
(2, 3, 2)
2
(59, 46)
-> Request 4
594
(3, 2, 1)
2
(8, 28)
-> Request 5
798
(2, 3, 1)
3
(74, 21)
-> Request 6
1307
(1, 3, 2)
2
(59, 77)
-> Request 7
1363
(4, 3, 2)
2
(41, 58)
--> Day : 4
-> Request 0
89
(2, 2, 1)
2
(44, 40)
-> Request 1
89
(1, 3, 1)
3
(13, 21)
-> Request 2
217
(4, 2, 2)
2
(51, 53)
-> Request 3
483
(2, 2, 2)
3
(51, 35)
-> Request 4
1118
(4, 2, 1)
2
(77, 45)
-> Request 5
1127
(3, 2, 2)
1
(64, 69)
-> Request 6
1413
(3, 2, 1)
2
(46, 66)
---> Week : 79
--> Day : 0
-> Request 0
203
(4, 3, 1)
2
(15, 67)
-> Request 1
244
(4, 1, 2)
1
(17, 27)
-> Request 2
253
(3, 1, 2)
3
(62, 72)
-> Request 3
328
(3, 1, 2)
2
(10, 28)
-> Request 4
434
(1, 3, 1)
2
(49, 43)
-> Request 5
594
(1, 1, 2)
3
(63, 65)
-> Request 6
695
(3, 3, 1)
3
(72, 27)
-> Request 7
1115
(2, 1, 2)
1
(52, 68)
--> Day : 1
-> Request 0
291
(3, 2, 1)
1
(54, 66)
-> Request 1
747
(4, 3, 2)
3
(53, 31)
-> Request 2
797
(3, 3, 2)
2
(0, 47)
-> Request 3
1272
(1, 2, 1)
1
(11, 53)
--> Day : 2
-> Request 0
113
(4, 1, 2)
2
(47, 39)
-> Request 1
124
(4, 1, 2)
2
(57, 32)
-> Request 2
260
(3, 1, 2)
2
(51, 27)
-> Request 3
350
(2, 2, 1)
3
(58, 43)
-> Request 4
584
(4, 2, 1)
1
(50, 6)
-> Request 5
968
(2, 1, 2)
3
(27, 48)
-> Request 6
973
(4, 1, 1)
2
(50, 33)
--> Day : 3
-> Request 0
131
(4, 2, 2)
2
(0, 46)
-> Request 1
570
(1, 1, 1)
1
(36, 48)
-> Request 2
582
(4, 1, 1)
2
(60, 37)
-> Request 3
622
(2, 1, 2)
1
(61, 40)
-> Request 4
712
(4, 2, 1)
3
(6, 31)
-> Request 5
1155
(3, 3, 1)
3
(23, 13)
--> Day : 4
-> Request 0
68
(2, 1, 2)
3
(43, 35)
-> Request 1
414
(2, 1, 1)
3
(47, 55)
-> Request 2
617
(3, 3, 1)
2
(25, 21)
-> Request 3
858
(2, 2, 1)
2
(12, 61)
-> Request 4
1052
(4, 1, 1)
1
(62, 37)
-> Request 5
1197
(1, 2, 2)
2
(51, 29)
---> Week : 80
--> Day : 0
-> Request 0
30
(1, 2, 1)
1
(52, 72)
-> Request 1
89
(4, 2, 1)
1
(71, 65)
-> Request 2
153
(4, 1, 1)
2
(61, 41)
-> Request 3
189
(3, 3, 1)
2
(34, 37)
-> Request 4
503
(1, 2, 2)
3
(3, 45)
-> Request 5
1177
(3, 3, 2)
2
(52, 2)
-> Request 6
1255
(2, 1, 1)
1
(8, 28)
-> Request 7
1302
(3, 2, 1)
2
(69, 13)
--> Day : 1
-> Request 0
318
(1, 1, 1)
2
(54, 38)
-> Request 1
484
(2, 1, 1)
1
(10, 24)
-> Request 2
538
(1, 3, 1)
2
(68, 6)
-> Request 3
576
(1, 2, 1)
3
(62, 33)
-> Request 4
803
(2, 2, 1)
3
(63, 67)
-> Request 5
1114
(3, 2, 1)
2
(66, 38)
--> Day : 2
-> Request 0
56
(1, 3, 1)
1
(39, 30)
-> Request 1
148
(2, 3, 1)
2
(32, 24)
-> Request 2
333
(3, 3, 2)
2
(32, 74)
-> Request 3
598
(1, 2, 1)
1
(49, 42)
-> Request 4
831
(3, 3, 2)
1
(3, 6)
-> Request 5
983
(3, 2, 2)
3
(24, 60)
-> Request 6
986
(4, 3, 1)
2
(47, 45)
--> Day : 3
-> Request 0
110
(2, 2, 2)
2
(8, 23)
-> Request 1
996
(1, 1, 1)
1
(61, 57)
-> Request 2
1102
(3, 2, 2)
2
(59, 36)
-> Request 3
1124
(1, 2, 1)
1
(53, 30)
-> Request 4
1159
(2, 3, 1)
2
(66, 65)
-> Request 5
1161
(4, 2, 2)
2
(11, 26)
--> Day : 4
-> Request 0
400
(1, 2, 1)
1
(23, 18)
-> Request 1
909
(1, 1, 2)
2
(34, 29)
-> Request 2
1115
(3, 2, 1)
1
(10, 29)
---> Week : 81
--> Day : 0
-> Request 0
387
(2, 2, 1)
3
(53, 42)
-> Request 1
447
(2, 2, 2)
1
(35, 9)
-> Request 2
882
(4, 1, 2)
2
(43, 44)
-> Request 3
1367
(4, 1, 2)
3
(74, 15)
--> Day : 1
-> Request 0
459
(3, 2, 2)
3
(30, 18)
-> Request 1
793
(2, 3, 2)
2
(12, 23)
-> Request 2
919
(2, 2, 2)
1
(46, 46)
-> Request 3
1049
(2, 2, 1)
3
(46, 32)
--> Day : 2
-> Request 0
232
(3, 1, 1)
3
(61, 64)
-> Request 1
347
(3, 3, 1)
1
(65, 70)
-> Request 2
783
(4, 1, 1)
1
(50, 32)
-> Request 3
921
(4, 3, 2)
3
(47, 11)
-> Request 4
943
(1, 1, 1)
2
(16, 23)
-> Request 5
1030
(2, 2, 1)
3
(67, 72)
-> Request 6
1165
(3, 1, 1)
2
(69, 21)
--> Day : 3
-> Request 0
113
(3, 3, 1)
2
(55, 72)
-> Request 1
204
(2, 1, 2)
2
(17, 30)
-> Request 2
521
(3, 2, 2)
1
(44, 31)
-> Request 3
875
(3, 2, 1)
3
(43, 29)
-> Request 4
1205
(4, 3, 2)
1
(21, 51)
--> Day : 4
-> Request 0
1
(2, 1, 2)
1
(67, 71)
-> Request 1
47
(2, 2, 1)
3
(12, 29)
-> Request 2
420
(4, 2, 2)
2
(50, 0)
-> Request 3
807
(1, 3, 1)
1
(67, 29)
-> Request 4
1293
(4, 2, 2)
1
(45, 32)
---> Week : 82
--> Day : 0
-> Request 0
572
(2, 1, 1)
2
(49, 60)
-> Request 1
648
(1, 3, 2)
2
(10, 27)
-> Request 2
1026
(2, 3, 1)
1
(56, 42)
-> Request 3
1185
(1, 1, 2)
3
(52, 78)
-> Request 4
1207
(4, 3, 1)
2
(65, 73)
-> Request 5
1223
(4, 2, 1)
3
(14, 22)
--> Day : 1
-> Request 0
3
(2, 3, 1)
3
(13, 27)
-> Request 1
402
(2, 2, 1)
1
(70, 17)
-> Request 2
515
(3, 2, 1)
1
(57, 27)
-> Request 3
624
(2, 2, 1)
2
(66, 70)
-> Request 4
632
(4, 2, 2)
1
(11, 28)
-> Request 5
824
(4, 1, 2)
2
(69, 3)
-> Request 6
1019
(4, 2, 2)
1
(33, 3)
-> Request 7
1238
(2, 2, 2)
2
(46, 46)
-> Request 8
1387
(2, 1, 1)
2
(1, 40)
--> Day : 2
-> Request 0
48
(3, 3, 2)
1
(60, 64)
-> Request 1
97
(3, 3, 1)
1
(68, 73)
-> Request 2
143
(4, 2, 1)
2
(21, 63)
-> Request 3
407
(1, 3, 1)
3
(61, 32)
-> Request 4
500
(1, 3, 2)
2
(13, 29)
-> Request 5
1236
(2, 1, 2)
3
(20, 18)
-> Request 6
1326
(3, 2, 1)
3
(59, 34)
--> Day : 3
-> Request 0
84
(2, 1, 1)
3
(55, 40)
-> Request 1
288
(3, 2, 2)
2
(45, 40)
--> Day : 4
-> Request 0
630
(4, 1, 2)
2
(55, 43)
-> Request 1
1116
(4, 1, 1)
1
(64, 24)
-> Request 2
1145
(2, 2, 1)
3
(5, 29)
---> Week : 83
--> Day : 0
-> Request 0
161
(3, 1, 2)
2
(7, 35)
-> Request 1
197
(4, 2, 2)
1
(65, 18)
-> Request 2
333
(1, 1, 1)
3
(49, 36)
-> Request 3
358
(4, 3, 2)
1
(47, 28)
-> Request 4
369
(2, 3, 1)
3
(66, 53)
-> Request 5
409
(4, 1, 2)
1
(14, 22)
-> Request 6
544
(2, 1, 2)
1
(66, 69)
-> Request 7
612
(3, 2, 2)
2
(60, 76)
-> Request 8
661
(4, 2, 2)
3
(46, 35)
-> Request 9
1050
(4, 1, 2)
2
(30, 45)
-> Request 10
1051
(1, 2, 1)
2
(41, 34)
--> Day : 1
-> Request 0
194
(3, 1, 2)
2
(42, 30)
-> Request 1
296
(4, 3, 1)
3
(47, 45)
-> Request 2
547
(3, 2, 2)
3
(13, 20)
-> Request 3
763
(3, 3, 2)
2
(9, 23)
-> Request 4
1162
(3, 3, 2)
2
(79, 18)
-> Request 5
1259
(3, 3, 2)
3
(45, 12)
-> Request 6
1284
(3, 1, 2)
3
(78, 67)
-> Request 7
1304
(4, 1, 2)
1
(52, 36)
--> Day : 2
-> Request 0
365
(3, 3, 1)
1
(7, 72)
-> Request 1
383
(3, 3, 1)
1
(47, 32)
-> Request 2
444
(3, 3, 1)
3
(24, 18)
-> Request 3
525
(3, 1, 2)
2
(56, 68)
-> Request 4
528
(2, 3, 1)
2
(76, 57)
-> Request 5
866
(2, 3, 1)
1
(48, 36)
-> Request 6
1186
(1, 2, 2)
1
(36, 14)
-> Request 7
1365
(2, 1, 1)
3
(13, 21)
--> Day : 3
-> Request 0
102
(4, 2, 1)
1
(48, 28)
-> Request 1
447
(1, 1, 2)
3
(58, 30)
-> Request 2
945
(2, 3, 1)
3
(3, 55)
-> Request 3
981
(1, 1, 2)
1
(52, 25)
-> Request 4
1187
(3, 3, 2)
2
(32, 9)
--> Day : 4
-> Request 0
299
(2, 2, 2)
3
(58, 38)
-> Request 1
382
(4, 3, 2)
2
(49, 42)
-> Request 2
726
(1, 2, 1)
1
(59, 71)
-> Request 3
1025
(1, 1, 2)
3
(47, 32)
-> Request 4
1370
(3, 2, 1)
1
(61, 71)
---> Week : 84
--> Day : 0
-> Request 0
1165
(1, 1, 2)
3
(59, 41)
--> Day : 1
-> Request 0
200
(4, 1, 2)
2
(47, 57)
-> Request 1
261
(4, 3, 1)
2
(56, 61)
-> Request 2
273
(3, 3, 2)
2
(22, 30)
-> Request 3
502
(1, 1, 1)
1
(55, 75)
-> Request 4
570
(1, 1, 1)
1
(45, 37)
-> Request 5
611
(3, 3, 1)
2
(78, 67)
-> Request 6
694
(3, 1, 1)
1
(45, 36)
-> Request 7
769
(1, 3, 2)
1
(61, 60)
-> Request 8
1100
(1, 3, 2)
1
(4, 50)
-> Request 9
1139
(2, 3, 1)
3
(69, 75)
--> Day : 2
-> Request 0
25
(1, 3, 1)
3
(0, 41)
-> Request 1
205
(4, 3, 1)
1
(13, 21)
-> Request 2
323
(4, 3, 2)
1
(59, 71)
-> Request 3
460
(3, 2, 2)
2
(54, 24)
-> Request 4
1188
(2, 1, 2)
2
(59, 42)
-> Request 5
1319
(1, 3, 2)
3
(44, 39)
-> Request 6
1372
(2, 2, 1)
3
(57, 35)
--> Day : 3
-> Request 0
91
(4, 3, 1)
3
(59, 36)
-> Request 1
222
(4, 1, 2)
1
(62, 67)
-> Request 2
331
(4, 3, 2)
1
(6, 54)
-> Request 3
628
(1, 1, 1)
1
(43, 39)
-> Request 4
648
(4, 1, 1)
2
(51, 42)
-> Request 5
649
(4, 2, 1)
2
(43, 28)
-> Request 6
1194
(1, 3, 2)
1
(69, 76)
--> Day : 4
-> Request 0
274
(3, 1, 2)
3
(50, 57)
-> Request 1
569
(4, 1, 1)
1
(47, 35)
-> Request 2
1406
(3, 2, 2)
3
(62, 35)
---> Week : 85
--> Day : 0
-> Request 0
387
(2, 1, 1)
3
(6, 41)
-> Request 1
877
(2, 3, 2)
3
(73, 66)
-> Request 2
1070
(3, 1, 2)
3
(45, 48)
-> Request 3
1343
(4, 1, 1)
1
(21, 62)
--> Day : 1
-> Request 0
261
(3, 3, 1)
1
(58, 40)
-> Request 1
1186
(2, 1, 2)
1
(63, 75)
-> Request 2
1195
(2, 3, 1)
1
(54, 45)
-> Request 3
1434
(4, 3, 1)
3
(58, 75)
--> Day : 2
-> Request 0
214
(3, 2, 2)
1
(64, 77)
-> Request 1
378
(3, 1, 1)
2
(52, 46)
-> Request 2
687
(2, 2, 1)
1
(58, 30)
-> Request 3
798
(2, 3, 1)
2
(12, 22)
-> Request 4
1019
(1, 2, 1)
1
(32, 41)
--> Day : 3
-> Request 0
79
(4, 2, 2)
1
(51, 4)
-> Request 1
483
(4, 1, 2)
3
(13, 36)
-> Request 2
821
(4, 2, 1)
2
(14, 29)
-> Request 3
1436
(1, 3, 2)
2
(73, 11)
--> Day : 4
-> Request 0
134
(3, 2, 2)
3
(66, 68)
-> Request 1
442
(2, 1, 1)
3
(52, 30)
-> Request 2
489
(1, 1, 2)
2
(22, 45)
-> Request 3
662
(4, 2, 2)
3
(32, 48)
-> Request 4
751
(3, 3, 1)
2
(11, 21)
-> Request 5
1023
(2, 1, 1)
2
(53, 28)
---> Week : 86
--> Day : 0
-> Request 0
781
(3, 3, 1)
3
(62, 44)
-> Request 1
813
(1, 3, 1)
1
(51, 59)
-> Request 2
1099
(1, 1, 1)
1
(56, 76)
--> Day : 1
-> Request 0
39
(1, 2, 1)
2
(16, 25)
-> Request 1
185
(3, 2, 1)
1
(48, 35)
-> Request 2
346
(4, 3, 1)
2
(2, 27)
-> Request 3
629
(2, 1, 2)
3
(54, 70)
-> Request 4
654
(3, 1, 1)
3
(51, 46)
-> Request 5
1007
(1, 3, 1)
1
(60, 39)
--> Day : 2
-> Request 0
279
(4, 3, 2)
1
(51, 35)
-> Request 1
422
(2, 2, 1)
1
(0, 52)
-> Request 2
519
(1, 2, 1)
3
(78, 52)
-> Request 3
651
(4, 1, 2)
3
(59, 31)
-> Request 4
691
(2, 1, 2)
1
(54, 44)
-> Request 5
951
(3, 3, 1)
2
(30, 0)
-> Request 6
1111
(1, 1, 1)
1
(60, 32)
--> Day : 3
-> Request 0
53
(4, 2, 1)
3
(45, 33)
-> Request 1
72
(1, 1, 1)
3
(54, 65)
-> Request 2
290
(1, 2, 2)
1
(50, 44)
-> Request 3
474
(2, 2, 2)
1
(0, 42)
-> Request 4
477
(3, 2, 1)
2
(16, 26)
-> Request 5
688
(4, 2, 1)
3
(2, 27)
-> Request 6
1078
(4, 2, 2)
2
(77, 54)
-> Request 7
1412
(3, 2, 1)
1
(53, 32)
--> Day : 4
-> Request 0
214
(3, 2, 2)
2
(34, 69)
-> Request 1
232
(1, 3, 2)
1
(53, 73)
-> Request 2
361
(4, 1, 2)
1
(54, 69)
-> Request 3
1228
(3, 2, 1)
3
(56, 30)
-> Request 4
1346
(3, 1, 1)
3
(46, 39)
---> Week : 87
--> Day : 0
-> Request 0
141
(4, 2, 2)
3
(54, 34)
-> Request 1
182
(4, 1, 1)
3
(61, 40)
-> Request 2
1159
(2, 1, 1)
3
(5, 53)
-> Request 3
1223
(4, 3, 2)
3
(37, 22)
--> Day : 1
-> Request 0
225
(2, 3, 2)
1
(13, 29)
-> Request 1
238
(4, 3, 2)
1
(46, 45)
-> Request 2
437
(4, 2, 2)
2
(56, 36)
-> Request 3
503
(3, 2, 1)
1
(52, 78)
-> Request 4
563
(1, 1, 2)
2
(55, 32)
-> Request 5
870
(1, 2, 1)
1
(45, 43)
-> Request 6
875
(2, 1, 2)
2
(59, 72)
-> Request 7
945
(2, 2, 2)
2
(55, 64)
-> Request 8
955
(1, 1, 1)
1
(38, 37)
-> Request 9
1302
(3, 2, 1)
3
(56, 70)
--> Day : 2
-> Request 0
105
(4, 2, 2)
1
(63, 75)
-> Request 1
112
(4, 3, 1)
3
(32, 16)
-> Request 2
162
(1, 1, 1)
3
(27, 74)
-> Request 3
303
(2, 1, 2)
3
(29, 60)
-> Request 4
339
(3, 3, 1)
2
(50, 30)
-> Request 5
525
(3, 3, 1)
3
(57, 46)
-> Request 6
625
(1, 2, 1)
3
(35, 74)
-> Request 7
771
(2, 1, 1)
3
(52, 71)
-> Request 8
811
(3, 3, 2)
2
(16, 17)
-> Request 9
941
(4, 2, 2)
1
(54, 25)
-> Request 10
1325
(3, 1, 2)
3
(55, 37)
--> Day : 3
-> Request 0
14
(3, 2, 2)
2
(4, 37)
-> Request 1
224
(1, 1, 2)
1
(50, 28)
-> Request 2
920
(4, 2, 2)
1
(45, 38)
-> Request 3
926
(4, 2, 1)
1
(20, 40)
-> Request 4
1290
(1, 2, 1)
2
(9, 20)
--> Day : 4
-> Request 0
680
(1, 2, 2)
1
(59, 34)
-> Request 1
955
(2, 2, 1)
1
(11, 21)
-> Request 2
1028
(3, 1, 2)
1
(60, 69)
-> Request 3
1075
(4, 2, 2)
1
(56, 31)
-> Request 4
1146
(2, 2, 2)
1
(26, 41)
---> Week : 88
--> Day : 0
-> Request 0
470
(3, 3, 2)
2
(67, 75)
-> Request 1
821
(3, 3, 2)
1
(38, 65)
-> Request 2
905
(2, 3, 1)
2
(17, 28)
-> Request 3
1045
(1, 1, 1)
2
(52, 68)
-> Request 4
1427
(1, 1, 1)
2
(58, 28)
--> Day : 1
-> Request 0
66
(1, 1, 2)
2
(32, 79)
-> Request 1
99
(1, 1, 1)
3
(62, 38)
-> Request 2
262
(4, 3, 2)
2
(60, 44)
-> Request 3
436
(1, 2, 2)
1
(66, 78)
-> Request 4
561
(3, 1, 1)
3
(52, 43)
-> Request 5
1035
(2, 2, 1)
2
(54, 66)
-> Request 6
1068
(3, 2, 1)
1
(73, 30)
-> Request 7
1137
(1, 2, 1)
3
(59, 73)
-> Request 8
1315
(2, 3, 1)
2
(6, 70)
-> Request 9
1336
(4, 2, 2)
1
(66, 70)
--> Day : 2
-> Request 0
12
(1, 2, 1)
1
(53, 30)
-> Request 1
571
(4, 3, 1)
3
(17, 26)
-> Request 2
580
(3, 1, 2)
1
(4, 24)
-> Request 3
581
(1, 2, 2)
3
(43, 41)
-> Request 4
590
(4, 2, 2)
2
(60, 63)
-> Request 5
669
(3, 2, 1)
2
(33, 47)
-> Request 6
888
(2, 3, 2)
1
(55, 11)
-> Request 7
1041
(3, 3, 1)
3
(63, 69)
-> Request 8
1232
(4, 2, 2)
2
(21, 70)
--> Day : 3
-> Request 0
18
(2, 3, 1)
2
(49, 32)
-> Request 1
39
(2, 2, 1)
3
(38, 11)
-> Request 2
145
(1, 1, 2)
3
(26, 31)
-> Request 3
494
(4, 2, 1)
1
(57, 70)
-> Request 4
686
(1, 2, 2)
1
(71, 16)
-> Request 5
775
(2, 1, 2)
2
(65, 62)
-> Request 6
1097
(1, 1, 1)
3
(70, 45)
-> Request 7
1199
(4, 2, 1)
2
(7, 37)
--> Day : 4
-> Request 0
91
(3, 1, 2)
3
(54, 67)
-> Request 1
109
(3, 3, 1)
3
(18, 68)
-> Request 2
142
(2, 3, 2)
3
(29, 68)
-> Request 3
386
(1, 2, 1)
2
(36, 45)
-> Request 4
495
(1, 3, 1)
2
(79, 33)
-> Request 5
1000
(1, 3, 2)
1
(55, 62)
-> Request 6
1028
(4, 3, 2)
2
(10, 66)
-> Request 7
1218
(2, 1, 2)
2
(21, 76)
-> Request 8
1225
(3, 2, 2)
1
(55, 53)
-> Request 9
1270
(3, 3, 2)
3
(51, 37)
-> Request 10
1422
(1, 1, 2)
2
(14, 20)
---> Week : 89
--> Day : 0
-> Request 0
521
(3, 2, 1)
3
(12, 28)
-> Request 1
1005
(1, 1, 2)
2
(16, 25)
-> Request 2
1043
(2, 3, 2)
1
(11, 21)
-> Request 3
1280
(3, 3, 2)
1
(53, 67)
-> Request 4
1418
(4, 2, 2)
2
(50, 41)
--> Day : 1
-> Request 0
149
(2, 1, 1)
1
(58, 19)
-> Request 1
359
(3, 2, 2)
1
(42, 60)
-> Request 2
495
(3, 3, 2)
2
(49, 27)
-> Request 3
678
(1, 1, 1)
1
(9, 54)
-> Request 4
739
(1, 1, 2)
1
(54, 78)
-> Request 5
1191
(2, 3, 2)
1
(55, 74)
-> Request 6
1245
(4, 2, 2)
3
(60, 69)
-> Request 7
1264
(1, 3, 2)
1
(62, 34)
--> Day : 2
-> Request 0
108
(3, 2, 1)
3
(60, 55)
-> Request 1
621
(1, 3, 2)
1
(43, 27)
-> Request 2
728
(3, 3, 1)
2
(53, 41)
-> Request 3
949
(3, 2, 2)
1
(51, 38)
-> Request 4
997
(1, 3, 1)
2
(9, 45)
-> Request 5
1187
(1, 3, 2)
2
(11, 22)
-> Request 6
1314
(2, 1, 1)
2
(63, 42)
--> Day : 3
-> Request 0
359
(1, 1, 2)
3
(62, 40)
-> Request 1
451
(3, 1, 2)
1
(47, 32)
-> Request 2
476
(3, 2, 2)
1
(48, 46)
-> Request 3
748
(3, 1, 1)
3
(57, 46)
-> Request 4
927
(1, 1, 2)
1
(53, 71)
-> Request 5
959
(1, 1, 2)
1
(52, 27)
-> Request 6
1303
(4, 2, 1)
2
(6, 13)
--> Day : 4
-> Request 0
44
(4, 3, 1)
2
(44, 28)
-> Request 1
112
(3, 1, 1)
2
(52, 44)
-> Request 2
648
(1, 2, 2)
1
(47, 39)
-> Request 3
960
(3, 1, 2)
2
(57, 31)
---> Week : 90
--> Day : 0
-> Request 0
1
(2, 3, 1)
1
(59, 35)
-> Request 1
131
(4, 3, 1)
3
(15, 25)
-> Request 2
190
(1, 2, 1)
2
(46, 38)
-> Request 3
535
(3, 2, 2)
3
(61, 74)
-> Request 4
881
(4, 2, 1)
1
(58, 68)
-> Request 5
1033
(1, 1, 1)
1
(15, 28)
-> Request 6
1089
(3, 2, 2)
1
(52, 75)
-> Request 7
1112
(4, 2, 2)
1
(43, 30)
-> Request 8
1195
(3, 3, 1)
1
(51, 44)
-> Request 9
1230
(1, 3, 1)
2
(73, 39)
-> Request 10
1380
(4, 3, 2)
3
(30, 18)
-> Request 11
1385
(2, 1, 1)
1
(6, 19)
--> Day : 1
-> Request 0
65
(4, 3, 2)
3
(15, 20)
-> Request 1
863
(1, 1, 1)
2
(27, 16)
-> Request 2
935
(4, 2, 2)
1
(77, 18)
-> Request 3
1101
(4, 2, 1)
2
(62, 21)
-> Request 4
1155
(2, 1, 2)
3
(65, 75)
-> Request 5
1181
(4, 3, 2)
2
(70, 36)
-> Request 6
1322
(2, 1, 1)
2
(43, 73)
--> Day : 2
-> Request 0
620
(3, 2, 2)
3
(37, 0)
-> Request 1
832
(3, 3, 1)
2
(25, 62)
-> Request 2
861
(1, 2, 1)
3
(55, 50)
-> Request 3
1074
(1, 3, 1)
2
(62, 39)
-> Request 4
1207
(4, 1, 1)
1
(62, 32)
--> Day : 3
-> Request 0
10
(2, 3, 1)
2
(64, 71)
-> Request 1
53
(4, 1, 1)
2
(60, 77)
-> Request 2
200
(4, 2, 1)
3
(61, 79)
-> Request 3
656
(4, 2, 1)
3
(49, 28)
-> Request 4
730
(3, 2, 1)
3
(54, 41)
-> Request 5
1152
(4, 3, 1)
2
(26, 72)
-> Request 6
1352
(1, 1, 1)
3
(7, 54)
--> Day : 4
-> Request 0
124
(2, 2, 1)
3
(67, 26)
-> Request 1
285
(4, 1, 2)
3
(28, 57)
-> Request 2
307
(2, 2, 2)
2
(78, 78)
-> Request 3
1180
(1, 1, 2)
1
(46, 30)
-> Request 4
1324
(1, 3, 2)
2
(63, 72)
---> Week : 91
--> Day : 0
-> Request 0
116
(2, 1, 1)
1
(42, 69)
-> Request 1
418
(1, 3, 1)
1
(46, 46)
-> Request 2
482
(3, 3, 2)
3
(30, 52)
-> Request 3
584
(2, 3, 1)
3
(51, 36)
-> Request 4
1328
(1, 1, 1)
2
(54, 47)
--> Day : 1
-> Request 0
110
(3, 3, 2)
2
(2, 19)
-> Request 1
227
(3, 3, 2)
2
(3, 65)
-> Request 2
309
(4, 2, 2)
1
(58, 66)
-> Request 3
431
(3, 2, 2)
3
(28, 5)
-> Request 4
731
(3, 2, 2)
2
(13, 66)
-> Request 5
837
(2, 2, 1)
2
(13, 23)
-> Request 6
951
(1, 3, 1)
3
(68, 65)
-> Request 7
1262
(2, 3, 2)
2
(16, 1)
--> Day : 2
-> Request 0
453
(4, 3, 1)
1
(67, 17)
-> Request 1
603
(1, 1, 1)
2
(60, 33)
-> Request 2
723
(1, 3, 1)
2
(20, 20)
-> Request 3
1312
(2, 3, 1)
1
(26, 6)
-> Request 4
1312
(3, 1, 2)
1
(73, 75)
--> Day : 3
-> Request 0
191
(3, 3, 2)
1
(56, 40)
-> Request 1
378
(3, 2, 2)
1
(76, 58)
-> Request 2
430
(3, 3, 1)
2
(47, 40)
-> Request 3
927
(2, 1, 1)
2
(66, 75)
--> Day : 4
-> Request 0
149
(4, 1, 1)
1
(55, 71)
-> Request 1
172
(3, 3, 2)
2
(21, 12)
-> Request 2
297
(4, 2, 1)
1
(48, 38)
-> Request 3
315
(3, 1, 2)
3
(47, 44)
-> Request 4
414
(3, 3, 1)
3
(61, 31)
-> Request 5
780
(4, 3, 2)
1
(79, 59)
-> Request 6
929
(1, 2, 1)
1
(5, 43)
---> Week : 92
--> Day : 0
-> Request 0
163
(2, 2, 1)
1
(63, 67)
-> Request 1
233
(3, 3, 2)
1
(53, 37)
-> Request 2
833
(2, 2, 1)
3
(58, 78)
-> Request 3
931
(1, 3, 1)
3
(45, 0)
--> Day : 1
-> Request 0
131
(4, 3, 2)
1
(64, 75)
-> Request 1
340
(4, 3, 1)
2
(8, 24)
-> Request 2
442
(1, 2, 2)
3
(52, 35)
-> Request 3
480
(2, 3, 2)
3
(47, 25)
-> Request 4
685
(4, 1, 1)
2
(31, 39)
-> Request 5
923
(4, 2, 1)
2
(9, 26)
-> Request 6
1062
(1, 1, 1)
2
(13, 28)
-> Request 7
1088
(4, 1, 2)
2
(48, 34)
--> Day : 2
-> Request 0
252
(4, 2, 2)
2
(57, 31)
-> Request 1
340
(4, 1, 1)
2
(59, 70)
-> Request 2
364
(3, 2, 1)
3
(66, 17)
-> Request 3
429
(3, 3, 1)
3
(8, 29)
-> Request 4
481
(4, 2, 1)
3
(12, 22)
-> Request 5
615
(3, 1, 2)
1
(51, 30)
-> Request 6
742
(4, 2, 1)
2
(51, 38)
-> Request 7
846
(2, 1, 2)
1
(69, 57)
-> Request 8
1031
(2, 2, 2)
1
(56, 36)
-> Request 9
1400
(4, 1, 1)
3
(7, 68)
--> Day : 3
-> Request 0
251
(1, 1, 2)
1
(61, 37)
-> Request 1
318
(3, 2, 1)
1
(58, 64)
-> Request 2
356
(4, 3, 2)
3
(75, 27)
-> Request 3
411
(4, 1, 1)
3
(28, 20)
-> Request 4
536
(1, 1, 1)
1
(64, 78)
-> Request 5
754
(4, 1, 2)
1
(14, 64)
-> Request 6
947
(3, 1, 1)
2
(40, 71)
-> Request 7
1402
(2, 1, 2)
3
(34, 56)
-> Request 8
1416
(1, 1, 2)
3
(23, 61)
--> Day : 4
-> Request 0
427
(4, 3, 2)
2
(58, 68)
-> Request 1
631
(3, 3, 2)
2
(1, 32)
-> Request 2
895
(1, 3, 1)
3
(57, 37)
-> Request 3
1190
(4, 3, 1)
2
(9, 29)
-> Request 4
1308
(3, 2, 1)
3
(14, 23)
---> Week : 93
--> Day : 0
-> Request 0
508
(4, 1, 2)
1
(76, 37)
-> Request 1
513
(3, 2, 2)
2
(16, 26)
-> Request 2
675
(2, 2, 1)
1
(46, 29)
-> Request 3
1168
(2, 1, 2)
3
(53, 34)
--> Day : 1
-> Request 0
319
(3, 2, 2)
3
(65, 70)
-> Request 1
742
(1, 3, 2)
1
(66, 5)
--> Day : 2
-> Request 0
7
(1, 2, 2)
3
(45, 41)
-> Request 1
197
(3, 1, 2)
2
(65, 73)
-> Request 2
443
(1, 2, 1)
3
(13, 28)
-> Request 3
1152
(4, 1, 2)
2
(60, 42)
-> Request 4
1383
(1, 2, 1)
3
(13, 21)
--> Day : 3
-> Request 0
469
(1, 3, 1)
3
(19, 27)
-> Request 1
635
(1, 1, 2)
1
(53, 42)
-> Request 2
995
(1, 1, 2)
2
(24, 50)
-> Request 3
1323
(4, 2, 1)
3
(66, 72)
--> Day : 4
-> Request 0
211
(3, 2, 2)
2
(62, 45)
-> Request 1
224
(1, 1, 2)
3
(48, 38)
-> Request 2
682
(4, 3, 2)
1
(52, 31)
-> Request 3
897
(2, 3, 2)
1
(3, 0)
-> Request 4
1089
(2, 3, 2)
1
(43, 27)
-> Request 5
1227
(3, 3, 1)
3
(48, 28)
-> Request 6
1253
(2, 1, 2)
3
(61, 30)
-> Request 7
1272
(2, 1, 2)
2
(72, 18)
-> Request 8
1302
(3, 2, 1)
3
(65, 41)
-> Request 9
1319
(3, 3, 2)
3
(49, 33)
-> Request 10
1340
(2, 1, 1)
1
(15, 15)
---> Week : 94
--> Day : 0
-> Request 0
240
(3, 3, 1)
2
(62, 16)
-> Request 1
288
(4, 1, 2)
3
(53, 32)
-> Request 2
1054
(1, 1, 2)
2
(50, 34)
-> Request 3
1253
(4, 1, 1)
3
(45, 36)
-> Request 4
1315
(4, 1, 2)
1
(50, 33)
--> Day : 1
-> Request 0
4
(4, 1, 2)
2
(22, 7)
-> Request 1
77
(4, 1, 2)
3
(59, 65)
-> Request 2
322
(3, 1, 1)
1
(56, 42)
-> Request 3
513
(3, 1, 2)
3
(61, 64)
-> Request 4
572
(2, 2, 2)
1
(9, 29)
-> Request 5
867
(4, 2, 2)
1
(64, 64)
-> Request 6
869
(1, 1, 2)
3
(9, 47)
-> Request 7
963
(3, 3, 1)
3
(31, 8)
--> Day : 2
-> Request 0
854
(4, 1, 1)
2
(47, 34)
-> Request 1
1182
(1, 1, 1)
3
(12, 22)
-> Request 2
1353
(1, 3, 1)
1
(68, 69)
--> Day : 3
-> Request 0
486
(2, 2, 2)
1
(16, 56)
-> Request 1
745
(4, 2, 1)
2
(60, 36)
-> Request 2
918
(2, 3, 2)
3
(42, 14)
-> Request 3
1000
(3, 2, 1)
3
(61, 35)
--> Day : 4
-> Request 0
426
(1, 2, 1)
2
(50, 34)
-> Request 1
913
(3, 1, 2)
2
(69, 20)
-> Request 2
917
(1, 3, 2)
1
(43, 27)
-> Request 3
1121
(1, 2, 1)
3
(53, 71)
-> Request 4
1259
(1, 3, 2)
3
(26, 69)
-> Request 5
1300
(3, 2, 2)
3
(42, 47)
---> Week : 95
--> Day : 0
-> Request 0
536
(2, 1, 2)
3
(2, 0)
-> Request 1
829
(1, 1, 2)
1
(53, 33)
-> Request 2
1062
(4, 3, 1)
2
(59, 64)
-> Request 3
1358
(3, 3, 2)
3
(58, 23)
--> Day : 1
-> Request 0
10
(3, 2, 1)
2
(60, 42)
-> Request 1
17
(2, 3, 1)
2
(58, 41)
-> Request 2
184
(2, 1, 2)
1
(57, 43)
-> Request 3
239
(1, 3, 1)
3
(9, 28)
-> Request 4
377
(2, 3, 1)
1
(57, 68)
-> Request 5
438
(2, 3, 1)
3
(48, 67)
-> Request 6
963
(2, 2, 2)
3
(58, 73)
-> Request 7
1424
(4, 3, 2)
2
(26, 42)
--> Day : 2
-> Request 0
56
(4, 2, 2)
1
(36, 51)
-> Request 1
135
(3, 1, 2)
1
(66, 1)
-> Request 2
251
(3, 3, 1)
1
(51, 27)
-> Request 3
325
(1, 2, 2)
3
(42, 41)
-> Request 4
343
(4, 2, 2)
3
(4, 73)
-> Request 5
810
(1, 1, 2)
2
(59, 43)
-> Request 6
1393
(1, 3, 1)
1
(51, 39)
--> Day : 3
-> Request 0
149
(1, 1, 2)
3
(25, 59)
-> Request 1
313
(2, 2, 1)
1
(58, 17)
-> Request 2
387
(2, 3, 1)
1
(61, 46)
-> Request 3
542
(3, 2, 1)
3
(77, 20)
-> Request 4
582
(3, 3, 1)
3
(57, 78)
-> Request 5
866
(3, 2, 2)
1
(59, 67)
-> Request 6
1074
(4, 1, 1)
1
(45, 40)
-> Request 7
1214
(2, 3, 1)
3
(60, 9)
-> Request 8
1296
(1, 2, 2)
2
(55, 39)
--> Day : 4
-> Request 0
70
(4, 1, 2)
2
(47, 34)
-> Request 1
179
(2, 1, 1)
3
(20, 74)
-> Request 2
200
(1, 1, 1)
1
(56, 40)
-> Request 3
209
(1, 2, 1)
2
(48, 11)
-> Request 4
587
(1, 2, 1)
1
(54, 38)
-> Request 5
800
(1, 3, 1)
3
(59, 69)
-> Request 6
916
(4, 3, 2)
1
(55, 76)
-> Request 7
919
(4, 2, 1)
1
(64, 71)
-> Request 8
1043
(3, 1, 2)
1
(6, 1)
-> Request 9
1045
(2, 2, 2)
3
(32, 6)
-> Request 10
1118
(1, 2, 2)
1
(55, 31)
-> Request 11
1188
(4, 1, 2)
2
(66, 78)
---> Week : 96
--> Day : 0
-> Request 0
198
(2, 2, 1)
2
(52, 38)
-> Request 1
229
(3, 2, 1)
2
(53, 73)
-> Request 2
340
(1, 3, 2)
3
(61, 46)
-> Request 3
400
(3, 1, 1)
1
(13, 26)
-> Request 4
414
(1, 2, 1)
2
(53, 32)
-> Request 5
471
(2, 2, 1)
1
(50, 79)
-> Request 6
512
(4, 1, 2)
3
(69, 23)
-> Request 7
668
(4, 1, 2)
2
(22, 9)
-> Request 8
787
(4, 2, 2)
2
(5, 36)
-> Request 9
795
(3, 3, 2)
3
(54, 61)
-> Request 10
1019
(4, 1, 2)
2
(19, 21)
-> Request 11
1147
(3, 2, 1)
1
(65, 75)
--> Day : 1
-> Request 0
347
(4, 1, 1)
1
(60, 68)
-> Request 1
567
(3, 2, 2)
2
(13, 20)
-> Request 2
750
(1, 1, 1)
3
(33, 4)
-> Request 3
1392
(3, 1, 2)
2
(43, 30)
--> Day : 2
-> Request 0
428
(2, 2, 2)
3
(44, 44)
-> Request 1
585
(4, 2, 1)
1
(48, 40)
-> Request 2
908
(4, 2, 2)
2
(40, 46)
-> Request 3
1031
(3, 1, 2)
3
(53, 40)
-> Request 4
1111
(4, 1, 1)
3
(34, 49)
-> Request 5
1130
(4, 1, 2)
2
(48, 41)
--> Day : 3
-> Request 0
77
(4, 2, 1)
1
(49, 28)
-> Request 1
297
(2, 2, 2)
2
(62, 14)
-> Request 2
390
(1, 1, 1)
1
(58, 73)
-> Request 3
1058
(2, 1, 1)
2
(60, 31)
-> Request 4
1199
(2, 1, 1)
3
(57, 76)
-> Request 5
1262
(3, 3, 2)
1
(60, 76)
-> Request 6
1279
(4, 2, 1)
2
(40, 52)
--> Day : 4
-> Request 0
434
(3, 3, 1)
3
(51, 30)
-> Request 1
493
(2, 2, 2)
3
(61, 4)
-> Request 2
572
(4, 3, 1)
1
(62, 31)
-> Request 3
763
(3, 2, 1)
3
(28, 79)
-> Request 4
784
(4, 3, 1)
3
(71, 31)
-> Request 5
793
(1, 1, 2)
1
(47, 33)
-> Request 6
963
(2, 2, 2)
3
(51, 27)
-> Request 7
1006
(1, 3, 2)
1
(50, 38)
-> Request 8
1332
(3, 2, 1)
2
(50, 30)
-> Request 9
1372
(2, 2, 2)
3
(52, 66)
---> Week : 97
--> Day : 0
-> Request 0
92
(4, 1, 2)
3
(47, 39)
-> Request 1
333
(2, 1, 2)
2
(43, 27)
-> Request 2
572
(3, 3, 2)
1
(52, 77)
-> Request 3
585
(3, 2, 1)
3
(19, 71)
-> Request 4
984
(3, 3, 2)
1
(79, 1)
--> Day : 1
-> Request 0
1
(1, 2, 2)
2
(50, 0)
-> Request 1
84
(1, 3, 2)
3
(49, 75)
-> Request 2
128
(3, 3, 2)
1
(70, 72)
-> Request 3
148
(2, 1, 2)
1
(59, 77)
-> Request 4
348
(1, 1, 2)
1
(70, 47)
-> Request 5
394
(2, 3, 2)
3
(62, 73)
-> Request 6
457
(2, 2, 1)
3
(62, 3)
-> Request 7
618
(3, 2, 1)
1
(64, 22)
-> Request 8
1252
(1, 3, 2)
2
(44, 30)
-> Request 9
1345
(4, 2, 2)
1
(50, 45)
--> Day : 2
-> Request 0
310
(2, 3, 2)
1
(44, 37)
-> Request 1
490
(1, 3, 2)
1
(55, 77)
-> Request 2
660
(3, 3, 1)
2
(61, 30)
-> Request 3
805
(1, 3, 2)
3
(60, 65)
-> Request 4
805
(4, 3, 1)
2
(47, 38)
-> Request 5
1252
(1, 2, 1)
1
(52, 66)
-> Request 6
1300
(2, 3, 1)
1
(44, 6)
-> Request 7
1326
(2, 1, 2)
2
(57, 34)
--> Day : 3
-> Request 0
70
(3, 3, 1)
1
(49, 28)
-> Request 1
539
(4, 2, 1)
2
(8, 0)
-> Request 2
781
(1, 2, 1)
1
(37, 70)
-> Request 3
797
(3, 1, 1)
3
(48, 28)
-> Request 4
937
(4, 3, 1)
2
(59, 56)
-> Request 5
1077
(2, 2, 2)
1
(1, 65)
-> Request 6
1341
(4, 1, 1)
2
(50, 29)
--> Day : 4
-> Request 0
548
(2, 2, 2)
3
(54, 41)
-> Request 1
860
(1, 2, 1)
3
(73, 79)
-> Request 2
877
(2, 2, 1)
1
(65, 74)
-> Request 3
1104
(2, 2, 1)
3
(0, 75)
-> Request 4
1341
(2, 1, 2)
3
(61, 72)
-> Request 5
1427
(1, 1, 1)
2
(0, 22)
---> Week : 98
--> Day : 0
-> Request 0
316
(2, 2, 2)
1
(6, 48)
-> Request 1
808
(1, 2, 1)
3
(1, 15)
-> Request 2
884
(2, 2, 2)
2
(34, 51)
-> Request 3
885
(2, 1, 2)
1
(66, 7)
-> Request 4
968
(1, 2, 2)
3
(26, 63)
-> Request 5
1338
(1, 1, 1)
2
(38, 25)
--> Day : 1
-> Request 0
405
(1, 2, 2)
1
(66, 64)
-> Request 1
570
(1, 3, 1)
1
(21, 78)
-> Request 2
1076
(4, 3, 2)
1
(60, 75)
-> Request 3
1230
(3, 3, 1)
2
(35, 71)
--> Day : 2
-> Request 0
136
(4, 3, 2)
3
(46, 44)
-> Request 1
263
(2, 1, 2)
2
(8, 28)
-> Request 2
376
(3, 2, 2)
3
(6, 76)
-> Request 3
1298
(1, 2, 1)
2
(57, 17)
-> Request 4
1403
(4, 1, 1)
2
(70, 56)
--> Day : 3
-> Request 0
73
(3, 3, 2)
1
(50, 66)
-> Request 1
563
(4, 1, 1)
3
(3, 29)
-> Request 2
1211
(3, 2, 2)
2
(66, 66)
-> Request 3
1278
(1, 1, 2)
1
(58, 71)
--> Day : 4
-> Request 0
133
(4, 3, 2)
2
(46, 47)
-> Request 1
216
(2, 2, 2)
1
(76, 17)
-> Request 2
272
(3, 3, 1)
3
(39, 60)
-> Request 3
547
(1, 1, 2)
3
(29, 7)
-> Request 4
1137
(1, 2, 2)
1
(43, 43)
-> Request 5
1271
(3, 3, 2)
3
(43, 43)
---> Week : 99
--> Day : 0
-> Request 0
525
(1, 1, 2)
2
(31, 32)
-> Request 1
590
(3, 1, 2)
1
(53, 30)
-> Request 2
641
(3, 2, 1)
2
(41, 25)
-> Request 3
786
(4, 2, 2)
2
(9, 29)
--> Day : 1
-> Request 0
523
(3, 2, 2)
2
(53, 12)
-> Request 1
755
(2, 1, 2)
3
(41, 51)
-> Request 2
875
(3, 1, 1)
3
(16, 52)
--> Day : 2
-> Request 0
295
(3, 3, 2)
1
(36, 46)
-> Request 1
387
(1, 1, 2)
2
(3, 10)
-> Request 2
821
(4, 1, 2)
1
(29, 58)
-> Request 3
836
(3, 2, 1)
2
(72, 14)
-> Request 4
1073
(2, 1, 2)
2
(26, 25)
-> Request 5
1402
(2, 1, 1)
1
(48, 35)
--> Day : 3
-> Request 0
270
(2, 2, 2)
1
(60, 38)
-> Request 1
291
(1, 2, 1)
1
(41, 69)
-> Request 2
884
(1, 1, 2)
3
(48, 46)
-> Request 3
952
(4, 2, 1)
2
(49, 9)
-> Request 4
1277
(4, 2, 2)
3
(60, 29)
--> Day : 4
-> Request 0
129
(1, 2, 2)
2
(69, 19)
-> Request 1
518
(1, 1, 2)
1
(12, 61)
-> Request 2
1134
(2, 3, 1)
1
(50, 43)
-> Request 3
1278
(1, 3, 1)
2
(53, 29)
---> Week : 100
--> Day : 0
-> Request 0
169
(1, 2, 2)
1
(15, 20)
-> Request 1
221
(2, 1, 1)
1
(55, 3)
-> Request 2
496
(4, 1, 1)
3
(20, 26)
-> Request 3
653
(2, 2, 1)
2
(43, 28)
-> Request 4
1345
(3, 1, 2)
2
(52, 34)
-> Request 5
1390
(2, 2, 2)
1
(62, 35)
--> Day : 1
-> Request 0
168
(3, 3, 1)
3
(59, 37)
-> Request 1
279
(4, 3, 2)
3
(60, 45)
-> Request 2
341
(3, 1, 1)
3
(75, 64)
-> Request 3
412
(2, 2, 2)
3
(45, 55)
-> Request 4
505
(3, 1, 1)
2
(46, 40)
-> Request 5
559
(1, 1, 2)
1
(10, 25)
-> Request 6
1368
(4, 3, 2)
3
(70, 64)
--> Day : 2
-> Request 0
729
(3, 2, 2)
2
(49, 27)
-> Request 1
947
(4, 1, 2)
2
(30, 16)
--> Day : 3
-> Request 0
1191
(1, 1, 1)
1
(47, 50)
--> Day : 4
-> Request 0
316
(1, 1, 2)
3
(58, 41)
-> Request 1
417
(4, 1, 1)
1
(43, 46)
-> Request 2
576
(4, 3, 1)
1
(51, 41)
-> Request 3
686
(3, 3, 1)
2
(45, 38)
-> Request 4
758
(2, 3, 2)
3
(19, 27)
-> Request 5
1151
(4, 3, 2)
3
(45, 34)
-> Request 6
1167
(2, 2, 1)
1
(58, 70)
---> Week : 101
--> Day : 0
-> Request 0
110
(1, 1, 1)
1
(50, 46)
-> Request 1
146
(2, 2, 1)
3
(54, 78)
-> Request 2
306
(4, 2, 1)
1
(58, 67)
-> Request 3
361
(1, 2, 1)
3
(10, 23)
-> Request 4
393
(4, 1, 1)
1
(52, 67)
-> Request 5
411
(1, 3, 2)
3
(64, 64)
-> Request 6
575
(4, 3, 1)
2
(47, 32)
-> Request 7
720
(1, 1, 1)
1
(7, 12)
--> Day : 1
-> Request 0
276
(3, 2, 1)
3
(8, 28)
-> Request 1
329
(2, 3, 1)
1
(75, 74)
-> Request 2
620
(4, 3, 1)
1
(74, 29)
-> Request 3
639
(2, 3, 1)
3
(63, 6)
-> Request 4
1197
(4, 1, 1)
1
(18, 32)
-> Request 5
1368
(3, 3, 2)
2
(59, 67)
-> Request 6
1403
(4, 2, 2)
1
(68, 5)
-> Request 7
1434
(4, 2, 2)
3
(70, 16)
--> Day : 2
-> Request 0
321
(4, 1, 1)
3
(56, 65)
-> Request 1
490
(2, 2, 2)
2
(10, 28)
-> Request 2
673
(2, 1, 2)
3
(1, 51)
-> Request 3
803
(1, 1, 2)
1
(58, 3)
-> Request 4
818
(3, 2, 1)
1
(58, 68)
-> Request 5
873
(2, 1, 1)
1
(72, 36)
-> Request 6
994
(2, 3, 2)
1
(7, 77)
-> Request 7
1305
(3, 3, 1)
1
(59, 68)
--> Day : 3
-> Request 0
17
(3, 1, 1)
3
(51, 39)
-> Request 1
951
(3, 2, 2)
1
(44, 27)
-> Request 2
1090
(1, 3, 1)
2
(36, 44)
-> Request 3
1248
(4, 1, 2)
2
(55, 73)
-> Request 4
1399
(1, 1, 2)
3
(51, 43)
--> Day : 4
-> Request 0
137
(2, 2, 1)
3
(11, 20)
-> Request 1
768
(1, 2, 1)
3
(12, 21)
-> Request 2
851
(3, 3, 2)
2
(62, 72)
-> Request 3
1033
(2, 1, 2)
3
(49, 29)
---> Week : 102
--> Day : 0
-> Request 0
146
(3, 3, 1)
2
(37, 17)
-> Request 1
191
(2, 3, 1)
2
(17, 35)
-> Request 2
220
(3, 2, 1)
2
(66, 77)
-> Request 3
677
(1, 2, 2)
3
(49, 42)
-> Request 4
1051
(2, 3, 1)
3
(79, 5)
--> Day : 1
-> Request 0
550
(3, 3, 2)
2
(52, 71)
-> Request 1
574
(2, 3, 2)
1
(49, 42)
-> Request 2
1438
(3, 2, 2)
2
(19, 24)
--> Day : 2
-> Request 0
67
(2, 1, 1)
3
(59, 66)
-> Request 1
71
(1, 3, 2)
3
(10, 26)
-> Request 2
224
(1, 3, 2)
2
(46, 35)
-> Request 3
453
(2, 1, 2)
1
(58, 68)
-> Request 4
604
(3, 3, 2)
2
(15, 60)
-> Request 5
672
(1, 1, 2)
3
(59, 78)
-> Request 6
1014
(3, 3, 1)
2
(65, 51)
-> Request 7
1053
(1, 1, 1)
2
(54, 70)
-> Request 8
1249
(4, 1, 1)
1
(52, 75)
--> Day : 3
-> Request 0
812
(3, 3, 2)
2
(8, 29)
-> Request 1
1021
(4, 1, 1)
1
(2, 61)
-> Request 2
1276
(1, 3, 2)
1
(60, 43)
-> Request 3
1386
(2, 2, 1)
3
(30, 44)
--> Day : 4
-> Request 0
173
(1, 2, 1)
3
(1, 46)
-> Request 1
274
(2, 3, 1)
1
(18, 18)
-> Request 2
279
(2, 2, 2)
3
(63, 69)
-> Request 3
734
(4, 3, 1)
3
(49, 36)
-> Request 4
1403
(4, 3, 2)
3
(61, 67)
---> Week : 103
--> Day : 0
-> Request 0
144
(1, 3, 2)
3
(42, 33)
-> Request 1
425
(1, 2, 2)
3
(47, 45)
-> Request 2
689
(3, 1, 1)
2
(59, 44)
-> Request 3
926
(4, 3, 2)
3
(44, 32)
-> Request 4
1001
(1, 1, 2)
3
(9, 29)
-> Request 5
1112
(1, 3, 1)
2
(59, 46)
-> Request 6
1394
(3, 1, 1)
3
(55, 29)
--> Day : 1
-> Request 0
84
(3, 3, 1)
3
(40, 75)
-> Request 1
521
(2, 2, 2)
2
(60, 41)
-> Request 2
820
(1, 1, 1)
2
(76, 11)
-> Request 3
1347
(2, 1, 2)
1
(28, 0)
-> Request 4
1421
(4, 2, 2)
3
(63, 76)
-> Request 5
1425
(4, 1, 1)
2
(73, 16)
--> Day : 2
-> Request 0
45
(4, 1, 1)
1
(9, 27)
-> Request 1
1310
(1, 3, 2)
1
(60, 76)
-> Request 2
1399
(4, 1, 1)
2
(63, 76)
--> Day : 3
-> Request 0
163
(1, 1, 2)
1
(51, 27)
-> Request 1
262
(1, 2, 2)
2
(32, 71)
-> Request 2
318
(1, 3, 2)
2
(9, 0)
-> Request 3
358
(3, 3, 2)
2
(57, 31)
-> Request 4
559
(4, 2, 2)
1
(62, 68)
-> Request 5
1087
(1, 3, 2)
1
(70, 79)
-> Request 6
1105
(1, 1, 1)
1
(13, 58)
-> Request 7
1301
(1, 3, 1)
2
(50, 27)
-> Request 8
1366
(4, 1, 1)
3
(53, 75)
--> Day : 4
-> Request 0
125
(2, 3, 2)
1
(44, 25)
-> Request 1
200
(2, 2, 2)
2
(12, 75)
-> Request 2
273
(1, 2, 2)
1
(76, 33)
-> Request 3
353
(3, 3, 2)
1
(41, 66)
-> Request 4
947
(2, 2, 2)
3
(64, 54)
---> Week : 104
--> Day : 0
-> Request 0
13
(3, 2, 2)
1
(53, 45)
-> Request 1
182
(3, 3, 1)
2
(56, 27)
-> Request 2
258
(4, 2, 2)
2
(52, 58)
-> Request 3
620
(2, 1, 1)
3
(16, 20)
-> Request 4
1432
(3, 3, 2)
3
(27, 20)
--> Day : 1
-> Request 0
52
(2, 1, 2)
2
(42, 43)
-> Request 1
86
(3, 1, 1)
3
(11, 22)
-> Request 2
124
(1, 3, 2)
1
(50, 39)
-> Request 3
321
(4, 2, 1)
3
(51, 36)
-> Request 4
624
(4, 2, 2)
2
(30, 69)
--> Day : 2
-> Request 0
44
(4, 2, 2)
2
(59, 32)
-> Request 1
281
(4, 3, 1)
2
(70, 6)
-> Request 2
411
(2, 3, 1)
1
(35, 52)
-> Request 3
590
(3, 1, 2)
2
(56, 1)
-> Request 4
644
(2, 2, 2)
3
(69, 69)
-> Request 5
1382
(3, 1, 1)
3
(62, 27)
--> Day : 3
-> Request 0
396
(1, 2, 1)
1
(64, 56)
-> Request 1
712
(4, 2, 1)
3
(57, 20)
-> Request 2
744
(1, 3, 2)
2
(59, 29)
-> Request 3
772
(3, 1, 1)
1
(43, 45)
-> Request 4
1143
(2, 2, 2)
2
(69, 27)
--> Day : 4
-> Request 0
21
(3, 2, 2)
1
(46, 62)
-> Request 1
96
(1, 1, 2)
2
(19, 55)
-> Request 2
578
(3, 2, 2)
2
(79, 45)
-> Request 3
678
(2, 2, 2)
1
(54, 39)
-> Request 4
852
(4, 1, 2)
3
(58, 43)
-> Request 5
944
(1, 1, 1)
3
(37, 54)
-> Request 6
1125
(2, 2, 2)
3
(45, 37)
-> Request 7
1291
(1, 3, 1)
2
(64, 74)
---> Week : 105
--> Day : 0
-> Request 0
399
(3, 1, 2)
3
(48, 27)
-> Request 1
399
(2, 1, 2)
2
(13, 21)
-> Request 2
598
(1, 1, 1)
1
(68, 56)
-> Request 3
758
(3, 1, 2)
2
(8, 75)
-> Request 4
1075
(4, 2, 1)
3
(54, 30)
-> Request 5
1259
(1, 1, 2)
3
(50, 39)
--> Day : 1
-> Request 0
191
(2, 3, 1)
2
(3, 79)
-> Request 1
220
(1, 3, 2)
1
(14, 25)
-> Request 2
408
(4, 1, 2)
2
(14, 69)
-> Request 3
785
(2, 3, 2)
3
(13, 27)
-> Request 4
799
(4, 3, 1)
1
(14, 28)
-> Request 5
916
(4, 1, 1)
2
(60, 34)
-> Request 6
940
(3, 2, 1)
2
(10, 16)
-> Request 7
998
(4, 1, 2)
1
(9, 29)
--> Day : 2
-> Request 0
278
(1, 2, 2)
2
(71, 12)
-> Request 1
629
(2, 3, 2)
3
(12, 22)
-> Request 2
732
(4, 3, 2)
1
(48, 37)
-> Request 3
905
(2, 1, 1)
3
(45, 40)
-> Request 4
1090
(2, 1, 1)
3
(58, 35)
-> Request 5
1177
(2, 2, 2)
3
(52, 77)
-> Request 6
1197
(4, 3, 2)
1
(34, 40)
--> Day : 3
-> Request 0
283
(2, 3, 1)
3
(58, 78)
-> Request 1
748
(4, 1, 2)
2
(59, 70)
-> Request 2
889
(3, 2, 2)
2
(60, 52)
-> Request 3
966
(2, 3, 1)
1
(47, 38)
-> Request 4
1271
(2, 3, 2)
1
(49, 31)
--> Day : 4
-> Request 0
5
(3, 2, 2)
1
(61, 67)
-> Request 1
123
(2, 2, 1)
3
(43, 2)
-> Request 2
637
(4, 2, 1)
2
(46, 32)
-> Request 3
744
(3, 2, 2)
1
(75, 1)
-> Request 4
825
(1, 1, 1)
3
(23, 7)
-> Request 5
963
(1, 2, 1)
3
(56, 76)
---> Week : 106
--> Day : 0
-> Request 0
243
(4, 3, 1)
1
(78, 37)
-> Request 1
409
(3, 1, 1)
3
(43, 43)
-> Request 2
441
(1, 2, 2)
3
(32, 57)
-> Request 3
786
(2, 1, 2)
2
(56, 68)
-> Request 4
840
(4, 1, 2)
1
(30, 51)
-> Request 5
986
(4, 1, 2)
1
(47, 38)
-> Request 6
988
(2, 3, 1)
2
(50, 15)
-> Request 7
1197
(2, 2, 1)
1
(54, 27)
--> Day : 1
-> Request 0
268
(4, 3, 1)
2
(76, 37)
-> Request 1
664
(2, 1, 1)
1
(43, 67)
-> Request 2
721
(4, 1, 1)
1
(56, 65)
-> Request 3
1103
(4, 3, 1)
3
(64, 74)
-> Request 4
1312
(2, 3, 2)
2
(21, 24)
--> Day : 2
-> Request 0
78
(3, 2, 2)
1
(24, 60)
-> Request 1
153
(4, 1, 1)
3
(17, 24)
-> Request 2
207
(4, 1, 1)
3
(47, 45)
-> Request 3
272
(4, 1, 1)
2
(23, 40)
-> Request 4
1019
(4, 1, 2)
1
(72, 25)
-> Request 5
1438
(1, 3, 2)
1
(58, 41)
--> Day : 3
-> Request 0
28
(4, 2, 2)
1
(62, 36)
-> Request 1
103
(2, 2, 1)
1
(69, 76)
-> Request 2
114
(1, 2, 2)
1
(11, 21)
-> Request 3
204
(3, 2, 2)
3
(59, 73)
-> Request 4
666
(2, 3, 1)
3
(57, 27)
-> Request 5
774
(4, 3, 2)
3
(61, 15)
-> Request 6
934
(3, 2, 1)
2
(59, 73)
-> Request 7
934
(2, 3, 1)
2
(14, 22)
-> Request 8
1102
(3, 1, 2)
2
(65, 78)
-> Request 9
1190
(4, 3, 2)
1
(42, 63)
-> Request 10
1197
(4, 2, 1)
3
(60, 33)
-> Request 11
1244
(1, 2, 1)
1
(10, 3)
-> Request 12
1382
(3, 1, 2)
2
(48, 30)
--> Day : 4
-> Request 0
161
(1, 3, 1)
3
(28, 72)
-> Request 1
168
(4, 2, 1)
2
(71, 30)
-> Request 2
262
(3, 3, 2)
1
(1, 51)
-> Request 3
445
(3, 2, 1)
1
(39, 42)
-> Request 4
548
(4, 3, 1)
2
(53, 38)
-> Request 5
646
(1, 3, 1)
2
(27, 56)
-> Request 6
923
(4, 1, 2)
1
(26, 53)
-> Request 7
1389
(2, 3, 1)
3
(62, 69)
---> Week : 107
--> Day : 0
-> Request 0
32
(4, 3, 1)
1
(13, 26)
-> Request 1
607
(1, 3, 2)
1
(56, 69)
-> Request 2
953
(4, 3, 2)
2
(10, 28)
-> Request 3
1223
(4, 2, 1)
1
(57, 77)
-> Request 4
1277
(1, 2, 1)
1
(58, 67)
--> Day : 1
-> Request 0
12
(2, 2, 1)
1
(72, 65)
-> Request 1
76
(4, 2, 1)
3
(74, 75)
-> Request 2
115
(4, 1, 1)
3
(6, 79)
-> Request 3
862
(2, 2, 2)
2
(43, 73)
-> Request 4
1282
(4, 3, 1)
3
(66, 67)
--> Day : 2
-> Request 0
6
(3, 2, 2)
1
(52, 32)
-> Request 1
433
(3, 2, 2)
2
(44, 32)
-> Request 2
750
(3, 3, 2)
1
(52, 29)
-> Request 3
961
(4, 1, 2)
1
(17, 21)
-> Request 4
1008
(1, 2, 2)
3
(47, 38)
--> Day : 3
-> Request 0
250
(1, 1, 2)
2
(43, 45)
-> Request 1
522
(1, 1, 1)
1
(55, 65)
-> Request 2
612
(4, 1, 1)
3
(34, 7)
-> Request 3
663
(4, 3, 1)
2
(40, 47)
-> Request 4
1325
(1, 1, 2)
1
(46, 33)
--> Day : 4
-> Request 0
355
(1, 1, 2)
2
(7, 8)
-> Request 1
536
(2, 2, 1)
3
(54, 41)
-> Request 2
914
(3, 1, 2)
2
(55, 13)
-> Request 3
1147
(3, 1, 1)
1
(22, 75)
-> Request 4
1267
(3, 1, 2)
2
(43, 29)
---> Week : 108
--> Day : 0
-> Request 0
169
(3, 3, 2)
1
(62, 56)
-> Request 1
659
(1, 1, 1)
3
(65, 76)
-> Request 2
941
(4, 2, 2)
3
(28, 12)
-> Request 3
1255
(1, 1, 2)
3
(43, 29)
--> Day : 1
-> Request 0
372
(3, 2, 2)
3
(54, 33)
-> Request 1
895
(2, 3, 1)
2
(52, 21)
-> Request 2
961
(1, 2, 2)
3
(59, 38)
-> Request 3
1212
(3, 3, 2)
3
(45, 39)
--> Day : 2
-> Request 0
564
(1, 1, 1)
1
(57, 40)
-> Request 1
894
(1, 2, 2)
2
(17, 66)
-> Request 2
932
(4, 2, 2)
2
(44, 46)
-> Request 3
1422
(1, 3, 1)
1
(65, 17)
--> Day : 3
-> Request 0
685
(2, 1, 2)
3
(25, 27)
-> Request 1
919
(3, 2, 1)
1
(71, 5)
-> Request 2
977
(3, 1, 2)
1
(12, 15)
-> Request 3
1108
(1, 1, 1)
1
(56, 73)
-> Request 4
1120
(3, 3, 1)
3
(1, 79)
--> Day : 4
-> Request 0
139
(3, 1, 2)
3
(56, 75)
-> Request 1
206
(2, 2, 2)
2
(39, 56)
-> Request 2
315
(3, 2, 1)
3
(45, 42)
-> Request 3
560
(1, 3, 2)
2
(62, 36)
-> Request 4
702
(2, 1, 2)
1
(49, 55)
-> Request 5
1040
(3, 2, 1)
1
(35, 76)
-> Request 6
1312
(4, 2, 1)
3
(17, 31)
-> Request 7
1384
(4, 3, 1)
1
(60, 35)
---> Week : 109
--> Day : 0
-> Request 0
131
(4, 1, 2)
3
(9, 23)
-> Request 1
209
(3, 2, 2)
1
(60, 75)
-> Request 2
222
(4, 2, 2)
3
(58, 45)
-> Request 3
298
(4, 1, 2)
3
(36, 6)
-> Request 4
585
(2, 3, 2)
1
(17, 26)
-> Request 5
749
(4, 1, 2)
3
(65, 23)
-> Request 6
779
(2, 1, 1)
1
(62, 31)
-> Request 7
870
(4, 3, 2)
3
(63, 57)
-> Request 8
1011
(3, 2, 2)
3
(15, 24)
-> Request 9
1052
(3, 1, 2)
1
(54, 38)
-> Request 10
1060
(4, 3, 1)
3
(59, 67)
--> Day : 1
-> Request 0
15
(4, 3, 1)
1
(12, 26)
-> Request 1
64
(4, 1, 1)
1
(51, 31)
-> Request 2
229
(1, 3, 1)
2
(57, 39)
-> Request 3
230
(1, 3, 1)
3
(60, 75)
-> Request 4
289
(1, 3, 2)
3
(50, 28)
-> Request 5
440
(1, 1, 1)
1
(67, 62)
-> Request 6
827
(3, 1, 2)
1
(53, 32)
-> Request 7
983
(2, 3, 1)
2
(4, 66)
-> Request 8
1060
(2, 1, 2)
1
(34, 77)
--> Day : 2
-> Request 0
368
(3, 3, 2)
1
(14, 64)
-> Request 1
625
(1, 3, 1)
3
(62, 41)
-> Request 2
638
(1, 1, 2)
3
(44, 42)
--> Day : 3
-> Request 0
42
(1, 2, 2)
3
(62, 70)
-> Request 1
585
(2, 1, 1)
3
(51, 28)
-> Request 2
1066
(2, 1, 1)
2
(46, 76)
-> Request 3
1192
(2, 1, 1)
2
(75, 50)
-> Request 4
1273
(3, 1, 2)
2
(41, 59)
-> Request 5
1356
(3, 2, 2)
3
(50, 38)
--> Day : 4
-> Request 0
122
(1, 2, 2)
1
(54, 46)
-> Request 1
202
(4, 3, 1)
2
(10, 21)
-> Request 2
457
(1, 2, 1)
3
(56, 46)
-> Request 3
527
(2, 1, 2)
3
(65, 58)
-> Request 4
816
(3, 2, 1)
2
(62, 78)
-> Request 5
865
(4, 2, 2)
1
(0, 66)
-> Request 6
900
(1, 1, 2)
3
(62, 34)
-> Request 7
921
(2, 1, 2)
1
(44, 27)
-> Request 8
936
(3, 1, 1)
1
(70, 51)
-> Request 9
990
(4, 3, 1)
1
(60, 74)
-> Request 10
1316
(1, 2, 1)
2
(44, 3)
-> Request 11
1387
(2, 1, 1)
3
(12, 57)
---> Week : 110
--> Day : 0
-> Request 0
3
(2, 2, 2)
1
(3, 4)
-> Request 1
352
(1, 1, 1)
2
(52, 33)
-> Request 2
575
(2, 3, 2)
1
(59, 37)
-> Request 3
687
(1, 3, 1)
2
(59, 66)
-> Request 4
807
(3, 1, 1)
1
(54, 39)
-> Request 5
1257
(3, 2, 1)
3
(5, 18)
--> Day : 1
-> Request 0
191
(2, 3, 1)
2
(49, 30)
-> Request 1
270
(1, 1, 2)
1
(30, 8)
-> Request 2
600
(4, 2, 1)
3
(76, 29)
-> Request 3
686
(4, 3, 2)
2
(55, 72)
-> Request 4
813
(3, 2, 2)
2
(20, 6)
-> Request 5
908
(2, 2, 2)
1
(56, 33)
--> Day : 2
-> Request 0
30
(4, 1, 1)
2
(61, 75)
-> Request 1
236
(4, 1, 1)
3
(9, 47)
-> Request 2
290
(4, 1, 2)
3
(18, 30)
-> Request 3
399
(3, 3, 1)
3
(5, 45)
-> Request 4
839
(3, 1, 2)
2
(0, 48)
-> Request 5
1036
(3, 2, 2)
3
(17, 20)
--> Day : 3
-> Request 0
33
(4, 3, 2)
2
(57, 68)
-> Request 1
428
(4, 1, 2)
3
(43, 35)
-> Request 2
1012
(4, 2, 1)
1
(55, 54)
-> Request 3
1176
(3, 1, 2)
1
(57, 38)
--> Day : 4
-> Request 0
63
(2, 2, 1)
3
(22, 34)
-> Request 1
381
(1, 3, 2)
2
(56, 46)
-> Request 2
1360
(3, 1, 1)
3
(11, 24)
---> Week : 111
--> Day : 0
-> Request 0
283
(1, 1, 1)
1
(49, 27)
-> Request 1
601
(2, 1, 1)
2
(60, 38)
-> Request 2
659
(2, 3, 2)
1
(3, 70)
-> Request 3
814
(2, 1, 1)
2
(32, 48)
-> Request 4
1108
(4, 1, 2)
2
(54, 41)
-> Request 5
1371
(4, 3, 2)
2
(40, 75)
--> Day : 1
-> Request 0
588
(1, 1, 2)
2
(59, 29)
-> Request 1
691
(4, 1, 1)
1
(55, 76)
-> Request 2
1037
(3, 1, 1)
1
(49, 34)
-> Request 3
1053
(2, 1, 1)
1
(35, 73)
-> Request 4
1200
(3, 2, 2)
3
(59, 77)
-> Request 5
1398
(2, 2, 2)
3
(3, 13)
--> Day : 2
-> Request 0
83
(2, 1, 2)
2
(44, 39)
-> Request 1
178
(4, 2, 2)
1
(62, 30)
-> Request 2
405
(4, 3, 1)
2
(50, 43)
-> Request 3
756
(3, 2, 2)
2
(9, 66)
-> Request 4
948
(2, 3, 2)
3
(58, 41)
-> Request 5
1017
(1, 3, 2)
1
(55, 1)
--> Day : 3
-> Request 0
59
(2, 1, 2)
3
(11, 4)
-> Request 1
539
(1, 1, 1)
2
(70, 49)
-> Request 2
750
(1, 3, 1)
1
(36, 8)
--> Day : 4
-> Request 0
6
(1, 2, 1)
3
(56, 2)
-> Request 1
86
(4, 3, 1)
1
(24, 20)
-> Request 2
92
(1, 3, 1)
1
(11, 7)
-> Request 3
476
(3, 1, 1)
1
(29, 25)
-> Request 4
631
(2, 1, 2)
2
(45, 31)
-> Request 5
1051
(1, 1, 1)
2
(45, 36)
-> Request 6
1122
(4, 3, 2)
1
(77, 60)
-> Request 7
1330
(2, 1, 1)
1
(42, 19)
---> Week : 112
--> Day : 0
-> Request 0
356
(1, 2, 2)
3
(65, 78)
-> Request 1
1045
(3, 1, 2)
2
(10, 0)
-> Request 2
1119
(1, 2, 2)
1
(9, 63)
-> Request 3
1304
(1, 3, 2)
3
(44, 29)
-> Request 4
1315
(2, 1, 2)
3
(55, 24)
--> Day : 1
-> Request 0
152
(3, 2, 2)
2
(12, 3)
-> Request 1
202
(3, 1, 1)
1
(58, 34)
-> Request 2
376
(2, 2, 1)
2
(65, 74)
-> Request 3
1050
(1, 2, 2)
3
(63, 63)
-> Request 4
1113
(3, 2, 1)
3
(66, 77)
-> Request 5
1143
(4, 2, 2)
1
(50, 27)
--> Day : 2
-> Request 0
73
(1, 2, 1)
1
(63, 65)
-> Request 1
224
(4, 2, 2)
3
(13, 2)
-> Request 2
411
(2, 2, 1)
1
(45, 34)
-> Request 3
448
(2, 3, 1)
3
(45, 29)
-> Request 4
648
(1, 2, 2)
2
(24, 49)
-> Request 5
677
(2, 3, 2)
3
(73, 9)
-> Request 6
709
(2, 3, 2)
2
(55, 62)
-> Request 7
795
(2, 3, 2)
2
(27, 62)
-> Request 8
1131
(2, 3, 2)
2
(53, 35)
--> Day : 3
-> Request 0
137
(4, 2, 2)
2
(48, 27)
-> Request 1
404
(4, 2, 1)
1
(14, 25)
-> Request 2
757
(2, 2, 1)
1
(35, 51)
-> Request 3
939
(4, 1, 1)
2
(44, 44)
-> Request 4
1094
(3, 2, 1)
2
(79, 69)
-> Request 5
1313
(1, 3, 1)
3
(66, 33)
-> Request 6
1335
(4, 1, 2)
3
(14, 70)
-> Request 7
1380
(4, 2, 2)
3
(55, 76)
-> Request 8
1395
(2, 2, 1)
3
(26, 17)
--> Day : 4
-> Request 0
42
(4, 3, 1)
1
(38, 79)
-> Request 1
70
(1, 2, 2)
1
(60, 70)
-> Request 2
219
(2, 1, 2)
2
(15, 28)
-> Request 3
398
(4, 1, 1)
3
(8, 69)
-> Request 4
1074
(3, 1, 2)
1
(17, 27)
-> Request 5
1313
(1, 1, 2)
2
(44, 34)
---> Week : 113
--> Day : 0
-> Request 0
52
(4, 1, 1)
1
(23, 51)
-> Request 1
300
(2, 1, 2)
3
(29, 37)
-> Request 2
388
(1, 2, 1)
1
(14, 27)
-> Request 3
513
(3, 2, 2)
1
(2, 31)
-> Request 4
534
(2, 1, 2)
2
(19, 22)
-> Request 5
1128
(1, 2, 1)
1
(48, 28)
-> Request 6
1132
(3, 1, 1)
1
(40, 43)
-> Request 7
1167
(2, 1, 2)
3
(53, 69)
--> Day : 1
-> Request 0
492
(1, 1, 2)
2
(77, 15)
-> Request 1
561
(4, 1, 2)
3
(39, 51)
-> Request 2
1049
(1, 2, 2)
2
(58, 46)
-> Request 3
1062
(4, 1, 1)
1
(45, 65)
-> Request 4
1077
(4, 3, 1)
2
(55, 14)
--> Day : 2
-> Request 0
173
(3, 1, 1)
2
(47, 27)
-> Request 1
293
(1, 3, 2)
3
(8, 26)
-> Request 2
404
(1, 1, 2)
1
(74, 6)
-> Request 3
852
(4, 2, 1)
1
(53, 23)
-> Request 4
891
(1, 2, 2)
2
(35, 34)
--> Day : 3
-> Request 0
788
(4, 1, 2)
3
(60, 0)
-> Request 1
1078
(3, 1, 2)
2
(45, 29)
--> Day : 4
-> Request 0
191
(4, 2, 2)
3
(60, 65)
-> Request 1
540
(4, 2, 1)
3
(1, 8)
-> Request 2
593
(2, 3, 1)
1
(60, 68)
-> Request 3
654
(3, 3, 1)
3
(33, 79)
-> Request 4
795
(3, 1, 2)
1
(24, 23)
-> Request 5
883
(2, 3, 2)
1
(59, 67)
-> Request 6
1436
(4, 3, 1)
3
(52, 64)
---> Week : 114
--> Day : 0
-> Request 0
54
(1, 1, 1)
1
(34, 1)
-> Request 1
187
(4, 3, 1)
2
(62, 40)
-> Request 2
293
(3, 1, 2)
2
(28, 14)
-> Request 3
356
(1, 1, 1)
3
(13, 26)
-> Request 4
533
(1, 2, 2)
3
(53, 28)
-> Request 5
960
(2, 3, 2)
1
(27, 3)
-> Request 6
1081
(4, 2, 2)
2
(14, 72)
-> Request 7
1339
(1, 3, 1)
3
(32, 28)
--> Day : 1
-> Request 0
294
(1, 2, 1)
1
(56, 66)
-> Request 1
308
(4, 1, 1)
1
(20, 46)
-> Request 2
448
(3, 1, 2)
1
(49, 38)
-> Request 3
464
(2, 3, 2)
3
(24, 53)
-> Request 4
602
(3, 3, 2)
1
(3, 79)
-> Request 5
750
(2, 3, 2)
2
(34, 21)
-> Request 6
1118
(2, 1, 1)
1
(51, 35)
--> Day : 2
-> Request 0
405
(3, 3, 1)
2
(48, 30)
-> Request 1
496
(3, 1, 1)
3
(69, 25)
-> Request 2
739
(3, 3, 2)
2
(21, 51)
-> Request 3
1192
(1, 2, 2)
3
(57, 11)
--> Day : 3
-> Request 0
269
(3, 1, 2)
2
(39, 68)
-> Request 1
327
(4, 1, 2)
1
(48, 46)
-> Request 2
529
(1, 2, 2)
1
(51, 33)
-> Request 3
544
(2, 3, 2)
1
(68, 22)
-> Request 4
853
(1, 1, 1)
3
(46, 43)
-> Request 5
878
(1, 1, 1)
1
(39, 39)
-> Request 6
902
(4, 2, 2)
1
(19, 5)
-> Request 7
1072
(1, 1, 1)
1
(62, 47)
-> Request 8
1175
(1, 2, 1)
1
(59, 68)
-> Request 9
1251
(1, 1, 1)
3
(53, 64)
-> Request 10
1311
(2, 3, 2)
3
(64, 72)
-> Request 11
1360
(2, 1, 2)
3
(65, 30)
--> Day : 4
-> Request 0
150
(3, 2, 1)
1
(44, 38)
-> Request 1
747
(2, 1, 2)
2
(47, 32)
-> Request 2
923
(1, 3, 2)
2
(53, 32)
-> Request 3
1186
(4, 2, 1)
2
(63, 58)
---> Week : 115
--> Day : 0
-> Request 0
58
(4, 1, 1)
3
(31, 11)
-> Request 1
447
(4, 1, 1)
1
(48, 40)
-> Request 2
796
(1, 3, 2)
1
(75, 0)
-> Request 3
886
(1, 1, 1)
3
(56, 70)
-> Request 4
1257
(2, 3, 2)
1
(2, 31)
-> Request 5
1410
(2, 1, 2)
1
(75, 79)
--> Day : 1
-> Request 0
72
(3, 2, 2)
3
(49, 43)
-> Request 1
300
(2, 2, 2)
3
(26, 9)
-> Request 2
355
(4, 2, 2)
3
(49, 45)
-> Request 3
523
(4, 3, 2)
3
(54, 32)
-> Request 4
840
(3, 1, 2)
1
(51, 32)
-> Request 5
1005
(3, 3, 1)
1
(7, 46)
-> Request 6
1283
(2, 2, 2)
2
(33, 52)
--> Day : 2
-> Request 0
27
(4, 1, 2)
3
(22, 40)
-> Request 1
528
(2, 1, 1)
1
(62, 64)
-> Request 2
732
(2, 3, 1)
3
(27, 26)
-> Request 3
796
(2, 2, 2)
2
(52, 39)
-> Request 4
808
(1, 3, 2)
3
(45, 24)
-> Request 5
852
(3, 1, 1)
2
(17, 27)
-> Request 6
941
(4, 2, 1)
2
(34, 48)
-> Request 7
1077
(4, 2, 1)
1
(66, 78)
--> Day : 3
-> Request 0
7
(2, 1, 1)
1
(51, 30)
-> Request 1
346
(3, 1, 2)
3
(56, 43)
-> Request 2
803
(1, 1, 1)
2
(9, 24)
-> Request 3
1381
(3, 3, 2)
3
(42, 58)
--> Day : 4
-> Request 0
372
(4, 3, 2)
1
(60, 39)
-> Request 1
686
(3, 3, 2)
1
(58, 35)
-> Request 2
694
(3, 2, 2)
1
(14, 21)
-> Request 3
754
(1, 2, 2)
3
(32, 78)
-> Request 4
1290
(1, 1, 2)
1
(58, 38)
---> Week : 116
--> Day : 0
-> Request 0
995
(2, 1, 2)
1
(76, 31)
-> Request 1
1204
(2, 1, 1)
1
(22, 73)
--> Day : 1
-> Request 0
105
(1, 3, 1)
2
(17, 2)
-> Request 1
254
(4, 3, 2)
3
(38, 9)
-> Request 2
517
(1, 2, 1)
1
(17, 25)
-> Request 3
549
(3, 2, 2)
1
(33, 21)
-> Request 4
737
(3, 1, 2)
3
(43, 43)
-> Request 5
816
(4, 1, 2)
1
(30, 18)
-> Request 6
872
(2, 3, 1)
1
(14, 21)
-> Request 7
1181
(2, 3, 1)
3
(9, 25)
-> Request 8
1203
(3, 3, 1)
1
(53, 41)
-> Request 9
1432
(3, 3, 2)
3
(53, 70)
--> Day : 2
-> Request 0
342
(2, 1, 2)
2
(59, 30)
-> Request 1
588
(3, 2, 2)
3
(12, 23)
-> Request 2
1281
(2, 1, 2)
1
(36, 63)
-> Request 3
1410
(2, 2, 1)
3
(59, 77)
--> Day : 3
-> Request 0
14
(4, 1, 1)
1
(0, 43)
-> Request 1
197
(1, 1, 1)
2
(28, 1)
-> Request 2
259
(3, 2, 1)
3
(55, 27)
-> Request 3
265
(3, 2, 2)
1
(54, 43)
-> Request 4
310
(2, 3, 2)
3
(44, 31)
-> Request 5
331
(2, 2, 1)
1
(2, 7)
-> Request 6
875
(4, 2, 1)
1
(55, 31)
-> Request 7
1116
(2, 1, 2)
2
(62, 72)
-> Request 8
1238
(2, 3, 1)
2
(54, 30)
-> Request 9
1425
(1, 1, 2)
1
(56, 70)
--> Day : 4
-> Request 0
72
(3, 3, 1)
1
(49, 32)
-> Request 1
105
(2, 1, 2)
3
(4, 55)
-> Request 2
211
(4, 1, 1)
2
(62, 20)
-> Request 3
514
(2, 3, 1)
2
(20, 56)
-> Request 4
918
(3, 2, 2)
1
(56, 45)
-> Request 5
976
(4, 2, 2)
1
(54, 70)
-> Request 6
1134
(2, 2, 1)
1
(9, 19)
---> Week : 117
--> Day : 0
-> Request 0
524
(2, 2, 2)
1
(5, 10)
-> Request 1
637
(2, 2, 2)
3
(59, 25)
-> Request 2
1162
(1, 1, 1)
1
(65, 66)
--> Day : 1
-> Request 0
279
(4, 3, 1)
2
(56, 27)
-> Request 1
279
(2, 1, 2)
3
(51, 35)
-> Request 2
320
(1, 1, 1)
1
(60, 74)
-> Request 3
479
(1, 2, 1)
2
(48, 33)
-> Request 4
1277
(3, 3, 2)
2
(58, 29)
--> Day : 2
-> Request 0
395
(3, 1, 1)
2
(44, 43)
-> Request 1
447
(3, 1, 2)
1
(63, 56)
-> Request 2
1007
(2, 2, 1)
1
(79, 18)
--> Day : 3
-> Request 0
275
(2, 2, 1)
1
(55, 30)
-> Request 1
810
(1, 2, 1)
2
(64, 67)
-> Request 2
1068
(2, 3, 2)
3
(59, 67)
-> Request 3
1085
(3, 3, 1)
1
(24, 38)
-> Request 4
1185
(1, 2, 1)
2
(55, 59)
--> Day : 4
-> Request 0
819
(1, 2, 2)
2
(54, 69)
-> Request 1
892
(1, 3, 2)
1
(34, 39)
-> Request 2
981
(2, 3, 1)
3
(63, 77)
-> Request 3
1203
(4, 3, 1)
2
(48, 35)
-> Request 4
1204
(1, 3, 2)
1
(19, 25)
-> Request 5
1332
(3, 1, 2)
3
(44, 40)
---> Week : 118
--> Day : 0
-> Request 0
109
(3, 3, 1)
3
(79, 19)
-> Request 1
356
(2, 3, 2)
1
(51, 16)
-> Request 2
915
(3, 2, 1)
1
(58, 76)
-> Request 3
983
(2, 1, 2)
2
(72, 57)
-> Request 4
1047
(3, 2, 2)
3
(54, 31)
-> Request 5
1073
(4, 2, 2)
2
(25, 14)
-> Request 6
1377
(4, 1, 1)
3
(38, 24)
-> Request 7
1381
(3, 3, 2)
3
(46, 40)
--> Day : 1
-> Request 0
312
(2, 2, 1)
1
(9, 33)
-> Request 1
1081
(2, 3, 1)
1
(56, 30)
-> Request 2
1391
(1, 3, 2)
2
(60, 61)
--> Day : 2
-> Request 0
35
(2, 2, 2)
3
(61, 78)
-> Request 1
626
(3, 2, 2)
3
(70, 37)
-> Request 2
1165
(1, 1, 2)
3
(16, 26)
-> Request 3
1206
(3, 3, 1)
3
(59, 44)
--> Day : 3
-> Request 0
69
(4, 1, 2)
3
(75, 12)
-> Request 1
149
(3, 2, 1)
2
(11, 23)
-> Request 2
277
(1, 2, 2)
3
(69, 27)
-> Request 3
506
(3, 2, 2)
2
(53, 33)
-> Request 4
518
(3, 2, 1)
1
(29, 54)
-> Request 5
1035
(2, 2, 1)
3
(51, 12)
--> Day : 4
-> Request 0
94
(2, 3, 2)
3
(39, 41)
-> Request 1
113
(2, 3, 2)
2
(54, 13)
-> Request 2
448
(2, 2, 1)
1
(59, 36)
-> Request 3
530
(2, 2, 2)
3
(46, 15)
-> Request 4
1213
(1, 1, 2)
2
(7, 46)
-> Request 5
1275
(3, 3, 1)
1
(54, 76)
---> Week : 119
--> Day : 0
-> Request 0
30
(1, 3, 1)
2
(20, 25)
-> Request 1
185
(3, 1, 1)
2
(52, 43)
-> Request 2
906
(2, 2, 2)
2
(59, 38)
-> Request 3
1018
(2, 2, 1)
3
(6, 25)
-> Request 4
1277
(4, 1, 1)
2
(27, 21)
--> Day : 1
-> Request 0
238
(1, 3, 1)
2
(45, 45)
-> Request 1
293
(1, 2, 2)
3
(62, 72)
-> Request 2
601
(3, 2, 2)
2
(59, 71)
-> Request 3
694
(1, 2, 2)
1
(58, 30)
-> Request 4
780
(2, 3, 1)
1
(58, 76)
-> Request 5
1385
(1, 2, 2)
1
(61, 39)
--> Day : 2
-> Request 0
37
(1, 2, 2)
3
(9, 24)
-> Request 1
671
(3, 1, 1)
1
(69, 54)
-> Request 2
688
(3, 2, 1)
3
(58, 46)
-> Request 3
820
(2, 1, 2)
2
(16, 70)
-> Request 4
888
(3, 1, 1)
3
(39, 29)
--> Day : 3
-> Request 0
190
(1, 1, 1)
2
(55, 58)
-> Request 1
390
(4, 2, 2)
2
(10, 29)
-> Request 2
829
(4, 1, 1)
1
(44, 32)
-> Request 3
865
(4, 2, 1)
3
(28, 79)
-> Request 4
913
(2, 2, 1)
2
(26, 61)
-> Request 5
976
(2, 1, 2)
2
(71, 57)
--> Day : 4
-> Request 0
6
(2, 3, 2)
2
(47, 56)
-> Request 1
467
(1, 1, 2)
2
(22, 27)
-> Request 2
527
(1, 2, 1)
1
(49, 44)
-> Request 3
843
(3, 1, 1)
3
(19, 0)
-> Request 4
894
(4, 3, 1)
1
(34, 58)
-> Request 5
982
(2, 2, 1)
2
(29, 0)
-> Request 6
1249
(3, 2, 1)
2
(25, 75)
-> Request 7
1309
(4, 2, 1)
3
(17, 25)
-> Request 8
1345
(4, 2, 2)
3
(1, 40)
---> Week : 120
--> Day : 0
-> Request 0
32
(3, 1, 2)
2
(22, 15)
-> Request 1
121
(2, 2, 2)
1
(57, 35)
-> Request 2
266
(1, 2, 1)
2
(3, 65)
-> Request 3
553
(1, 1, 1)
1
(3, 78)
-> Request 4
1042
(4, 1, 1)
3
(50, 28)
-> Request 5
1189
(1, 2, 1)
2
(76, 63)
-> Request 6
1337
(4, 1, 1)
3
(4, 15)
-> Request 7
1392
(4, 2, 1)
1
(26, 47)
--> Day : 1
-> Request 0
200
(4, 3, 1)
2
(7, 52)
-> Request 1
311
(1, 1, 2)
2
(8, 54)
-> Request 2
1163
(4, 2, 1)
3
(53, 41)
--> Day : 2
-> Request 0
375
(4, 3, 1)
1
(8, 24)
-> Request 1
1043
(4, 1, 2)
1
(53, 29)
-> Request 2
1066
(1, 2, 2)
1
(25, 65)
-> Request 3
1355
(3, 3, 2)
3
(50, 0)
--> Day : 3
-> Request 0
141
(1, 1, 2)
2
(60, 42)
-> Request 1
146
(3, 2, 2)
3
(66, 21)
-> Request 2
753
(4, 3, 1)
1
(12, 24)
-> Request 3
892
(3, 1, 2)
3
(60, 38)
-> Request 4
987
(3, 2, 1)
1
(2, 11)
-> Request 5
989
(3, 2, 1)
1
(24, 65)
--> Day : 4
-> Request 0
191
(1, 3, 2)
2
(14, 22)
-> Request 1
746
(3, 1, 1)
3
(3, 64)
-> Request 2
1242
(3, 3, 1)
3
(48, 41)
-> Request 3
1422
(1, 2, 1)
3
(48, 43)
---> Week : 121
--> Day : 0
-> Request 0
106
(1, 2, 1)
1
(50, 33)
-> Request 1
431
(2, 2, 1)
2
(44, 30)
-> Request 2
702
(2, 1, 2)
3
(59, 66)
-> Request 3
750
(4, 1, 2)
2
(62, 36)
-> Request 4
914
(2, 3, 1)
3
(21, 79)
-> Request 5
1033
(1, 3, 2)
1
(45, 40)
-> Request 6
1406
(4, 1, 2)
1
(61, 29)
--> Day : 1
-> Request 0
408
(1, 3, 1)
2
(14, 65)
-> Request 1
818
(4, 3, 2)
2
(12, 35)
-> Request 2
986
(3, 1, 1)
2
(54, 35)
-> Request 3
1412
(2, 1, 2)
2
(65, 73)
--> Day : 2
-> Request 0
27
(1, 3, 2)
1
(39, 51)
-> Request 1
272
(3, 2, 2)
1
(12, 29)
-> Request 2
344
(4, 1, 2)
1
(8, 25)
-> Request 3
437
(2, 2, 2)
2
(1, 73)
-> Request 4
837
(4, 2, 1)
2
(40, 28)
-> Request 5
869
(4, 2, 2)
1
(52, 42)
-> Request 6
1185
(4, 3, 2)
1
(30, 22)
-> Request 7
1337
(1, 1, 2)
2
(54, 41)
-> Request 8
1345
(1, 1, 2)
1
(59, 75)
-> Request 9
1377
(2, 3, 2)
3
(35, 9)
-> Request 10
1409
(3, 2, 1)
1
(58, 46)
--> Day : 3
-> Request 0
215
(1, 2, 1)
2
(77, 62)
-> Request 1
302
(1, 3, 1)
2
(50, 34)
-> Request 2
895
(2, 3, 2)
2
(53, 67)
-> Request 3
1333
(3, 1, 1)
2
(57, 66)
--> Day : 4
-> Request 0
68
(4, 3, 1)
3
(65, 45)
-> Request 1
146
(1, 3, 2)
1
(27, 58)
-> Request 2
282
(1, 2, 1)
1
(64, 51)
-> Request 3
311
(1, 3, 2)
2
(53, 34)
-> Request 4
954
(3, 3, 2)
2
(43, 12)
-> Request 5
1166
(1, 2, 1)
2
(64, 70)
-> Request 6
1217
(3, 2, 2)
2
(17, 28)
-> Request 7
1269
(1, 2, 1)
2
(45, 39)
---> Week : 122
--> Day : 0
-> Request 0
306
(3, 1, 2)
3
(10, 23)
-> Request 1
332
(2, 2, 1)
3
(54, 67)
-> Request 2
469
(2, 1, 2)
2
(68, 41)
-> Request 3
505
(2, 2, 1)
3
(53, 39)
-> Request 4
650
(4, 2, 2)
2
(50, 76)
-> Request 5
771
(1, 1, 2)
2
(60, 36)
-> Request 6
893
(1, 3, 1)
3
(57, 40)
-> Request 7
1179
(3, 1, 2)
2
(66, 69)
--> Day : 1
-> Request 0
78
(1, 3, 2)
3
(60, 40)
-> Request 1
123
(1, 3, 1)
2
(58, 74)
-> Request 2
156
(4, 2, 1)
3
(51, 41)
-> Request 3
233
(3, 3, 2)
2
(5, 2)
-> Request 4
570
(1, 2, 1)
1
(55, 70)
-> Request 5
939
(3, 2, 1)
1
(44, 38)
-> Request 6
966
(3, 3, 2)
3
(29, 1)
-> Request 7
1297
(1, 2, 1)
3
(59, 74)
-> Request 8
1358
(1, 3, 1)
3
(28, 8)
--> Day : 2
-> Request 0
383
(4, 3, 2)
2
(48, 45)
-> Request 1
455
(3, 1, 2)
1
(77, 60)
-> Request 2
520
(3, 2, 2)
1
(52, 41)
-> Request 3
558
(1, 1, 1)
1
(64, 72)
-> Request 4
801
(1, 3, 1)
2
(43, 52)
-> Request 5
904
(3, 1, 1)
1
(60, 2)
-> Request 6
1046
(1, 2, 2)
1
(0, 16)
-> Request 7
1264
(2, 2, 1)
3
(61, 31)
-> Request 8
1325
(2, 1, 2)
1
(38, 0)
-> Request 9
1367
(1, 1, 1)
2
(63, 78)
-> Request 10
1371
(4, 3, 2)
2
(46, 36)
--> Day : 3
-> Request 0
231
(3, 1, 2)
1
(29, 40)
-> Request 1
443
(3, 3, 1)
3
(60, 68)
-> Request 2
488
(3, 2, 1)
2
(46, 31)
-> Request 3
489
(3, 1, 1)
3
(60, 75)
-> Request 4
557
(2, 1, 2)
1
(60, 27)
-> Request 5
874
(2, 2, 2)
2
(74, 62)
-> Request 6
1108
(3, 1, 1)
2
(52, 38)
-> Request 7
1142
(4, 2, 2)
3
(59, 34)
-> Request 8
1328
(2, 3, 2)
3
(53, 78)
--> Day : 4
-> Request 0
239
(2, 1, 1)
2
(43, 72)
-> Request 1
518
(2, 3, 2)
1
(60, 71)
-> Request 2
756
(1, 3, 1)
1
(16, 21)
-> Request 3
1042
(3, 2, 2)
3
(31, 22)
-> Request 4
1369
(2, 2, 1)
3
(77, 64)
---> Week : 123
--> Day : 0
-> Request 0
250
(1, 2, 2)
2
(20, 6)
-> Request 1
741
(1, 2, 2)
3
(32, 49)
-> Request 2
763
(2, 2, 2)
1
(27, 9)
-> Request 3
911
(2, 1, 2)
1
(33, 35)
-> Request 4
948
(3, 2, 1)
3
(34, 62)
-> Request 5
1040
(3, 1, 1)
1
(1, 60)
-> Request 6
1268
(1, 2, 1)
1
(53, 64)
--> Day : 1
-> Request 0
437
(4, 3, 1)
3
(40, 35)
--> Day : 2
-> Request 0
462
(2, 1, 1)
2
(48, 71)
-> Request 1
660
(2, 3, 1)
2
(52, 39)
-> Request 2
1080
(4, 1, 2)
2
(56, 55)
-> Request 3
1160
(4, 1, 1)
1
(50, 32)
-> Request 4
1165
(1, 1, 1)
1
(53, 72)
--> Day : 3
-> Request 0
486
(4, 3, 1)
2
(59, 9)
-> Request 1
704
(1, 1, 2)
2
(58, 28)
-> Request 2
1219
(4, 2, 2)
1
(66, 78)
-> Request 3
1316
(3, 2, 2)
1
(61, 74)
-> Request 4
1323
(4, 2, 2)
2
(4, 40)
--> Day : 4
-> Request 0
32
(2, 1, 2)
2
(14, 27)
-> Request 1
48
(2, 2, 1)
2
(34, 22)
-> Request 2
349
(3, 2, 2)
3
(63, 69)
-> Request 3
362
(4, 1, 1)
2
(53, 38)
-> Request 4
370
(1, 1, 2)
3
(12, 23)
-> Request 5
1029
(4, 3, 1)
1
(18, 17)
-> Request 6
1194
(2, 2, 2)
3
(61, 29)
-> Request 7
1299
(3, 1, 2)
3
(52, 2)
-> Request 8
1335
(4, 2, 1)
3
(1, 34)
---> Week : 124
--> Day : 0
-> Request 0
0
(3, 3, 2)
2
(47, 45)
-> Request 1
129
(4, 3, 1)
1
(13, 26)
-> Request 2
262
(2, 1, 2)
3
(7, 26)
-> Request 3
345
(4, 1, 1)
3
(18, 36)
-> Request 4
768
(1, 2, 2)
1
(54, 36)
-> Request 5
986
(1, 2, 2)
2
(48, 47)
-> Request 6
1033
(4, 1, 1)
2
(13, 21)
-> Request 7
1041
(1, 2, 2)
2
(17, 42)
-> Request 8
1235
(2, 2, 1)
1
(78, 2)
-> Request 9
1392
(3, 2, 2)
1
(34, 24)
--> Day : 1
-> Request 0
379
(3, 1, 2)
3
(8, 20)
-> Request 1
672
(3, 3, 2)
2
(14, 20)
-> Request 2
920
(4, 3, 1)
3
(8, 5)
-> Request 3
1212
(2, 2, 2)
1
(56, 41)
--> Day : 2
-> Request 0
140
(1, 2, 2)
1
(56, 33)
-> Request 1
450
(1, 2, 1)
1
(63, 18)
-> Request 2
1024
(1, 2, 2)
1
(43, 46)
-> Request 3
1037
(2, 3, 1)
2
(2, 14)
-> Request 4
1278
(1, 1, 2)
2
(50, 39)
--> Day : 3
-> Request 0
94
(2, 2, 2)
3
(70, 46)
-> Request 1
188
(2, 3, 2)
1
(56, 10)
-> Request 2
235
(1, 1, 1)
2
(50, 45)
-> Request 3
300
(3, 3, 1)
2
(57, 37)
-> Request 4
405
(4, 3, 1)
3
(25, 35)
-> Request 5
588
(4, 1, 2)
3
(46, 54)
-> Request 6
677
(2, 3, 2)
3
(45, 35)
-> Request 7
852
(3, 1, 1)
3
(5, 22)
-> Request 8
1248
(2, 3, 2)
2
(61, 66)
-> Request 9
1277
(2, 1, 1)
3
(58, 30)
--> Day : 4
-> Request 0
320
(3, 3, 2)
1
(47, 31)
-> Request 1
444
(2, 2, 2)
2
(15, 26)
-> Request 2
695
(3, 2, 1)
2
(59, 15)
-> Request 3
881
(3, 1, 2)
2
(6, 8)
-> Request 4
1077
(2, 3, 1)
1
(49, 35)
-> Request 5
1091
(2, 3, 1)
2
(19, 15)
---> Week : 125
--> Day : 0
-> Request 0
73
(3, 1, 2)
2
(58, 78)
-> Request 1
281
(1, 3, 2)
1
(63, 64)
-> Request 2
730
(4, 1, 1)
1
(59, 73)
-> Request 3
848
(4, 1, 1)
1
(61, 46)
-> Request 4
856
(1, 1, 2)
1
(13, 28)
-> Request 5
1043
(3, 1, 1)
1
(12, 74)
-> Request 6
1362
(4, 2, 2)
3
(48, 27)
--> Day : 1
-> Request 0
41
(3, 1, 2)
2
(52, 66)
-> Request 1
234
(1, 3, 1)
2
(18, 73)
-> Request 2
362
(1, 1, 1)
2
(73, 25)
-> Request 3
1046
(1, 1, 1)
1
(15, 28)
--> Day : 2
-> Request 0
226
(4, 1, 1)
3
(55, 46)
-> Request 1
845
(2, 3, 2)
3
(63, 70)
-> Request 2
1022
(4, 3, 1)
3
(59, 50)
-> Request 3
1434
(4, 1, 1)
1
(60, 78)
--> Day : 3
-> Request 0
584
(4, 1, 2)
1
(16, 49)
-> Request 1
1090
(1, 2, 1)
2
(11, 26)
--> Day : 4
-> Request 0
24
(1, 1, 1)
1
(20, 45)
-> Request 1
207
(2, 3, 1)
1
(12, 20)
-> Request 2
308
(2, 1, 1)
2
(57, 78)
-> Request 3
374
(4, 3, 2)
3
(31, 7)
-> Request 4
594
(1, 3, 2)
3
(51, 45)
-> Request 5
1425
(1, 1, 1)
1
(27, 28)
---> Week : 126
--> Day : 0
-> Request 0
124
(4, 3, 2)
2
(41, 48)
-> Request 1
194
(2, 2, 1)
2
(45, 37)
-> Request 2
373
(1, 3, 1)
2
(47, 40)
-> Request 3
556
(2, 3, 2)
3
(60, 72)
-> Request 4
774
(2, 1, 2)
3
(51, 31)
-> Request 5
901
(2, 3, 2)
1
(58, 32)
-> Request 6
1013
(2, 2, 1)
1
(62, 77)
-> Request 7
1112
(2, 1, 2)
1
(45, 39)
-> Request 8
1203
(1, 1, 2)
3
(26, 19)
--> Day : 1
-> Request 0
161
(1, 3, 2)
2
(10, 20)
-> Request 1
347
(4, 3, 2)
1
(79, 62)
-> Request 2
938
(2, 2, 2)
1
(48, 27)
-> Request 3
952
(3, 2, 2)
2
(26, 30)
--> Day : 2
-> Request 0
175
(2, 2, 2)
2
(10, 23)
-> Request 1
231
(2, 2, 2)
2
(47, 41)
-> Request 2
492
(4, 3, 2)
2
(48, 27)
-> Request 3
589
(1, 2, 2)
3
(16, 20)
-> Request 4
750
(4, 1, 2)
2
(9, 29)
-> Request 5
991
(4, 1, 1)
3
(55, 21)
-> Request 6
1272
(3, 1, 1)
1
(47, 74)
--> Day : 3
-> Request 0
50
(3, 3, 1)
2
(36, 24)
-> Request 1
209
(4, 3, 1)
1
(36, 47)
-> Request 2
655
(1, 3, 2)
2
(72, 74)
-> Request 3
927
(1, 1, 1)
1
(79, 48)
-> Request 4
1359
(4, 1, 1)
1
(59, 28)
--> Day : 4
-> Request 0
43
(3, 3, 1)
1
(57, 75)
-> Request 1
592
(3, 3, 2)
3
(72, 64)
-> Request 2
657
(3, 3, 1)
2
(43, 29)
-> Request 3
714
(4, 1, 1)
1
(54, 72)
---> Week : 127
--> Day : 0
-> Request 0
62
(4, 3, 2)
1
(51, 39)
-> Request 1
610
(4, 3, 1)
1
(49, 44)
-> Request 2
632
(2, 1, 1)
2
(53, 67)
-> Request 3
853
(1, 1, 2)
2
(62, 40)
-> Request 4
871
(4, 3, 2)
1
(20, 8)
-> Request 5
1080
(2, 1, 2)
2
(60, 38)
-> Request 6
1113
(3, 2, 1)
3
(33, 16)
-> Request 7
1124
(2, 1, 2)
2
(48, 25)
--> Day : 1
-> Request 0
28
(2, 3, 1)
1
(50, 27)
-> Request 1
233
(3, 3, 2)
1
(63, 75)
-> Request 2
236
(2, 1, 2)
2
(68, 59)
-> Request 3
741
(4, 1, 1)
2
(46, 32)
-> Request 4
1183
(3, 2, 1)
2
(37, 52)
--> Day : 2
-> Request 0
247
(2, 3, 1)
1
(52, 45)
-> Request 1
607
(2, 3, 2)
1
(25, 45)
-> Request 2
800
(3, 3, 2)
2
(63, 70)
-> Request 3
814
(4, 3, 2)
1
(48, 18)
-> Request 4
1299
(1, 1, 1)
2
(62, 40)
--> Day : 3
-> Request 0
660
(1, 1, 1)
3
(55, 37)
-> Request 1
678
(2, 3, 1)
3
(0, 48)
-> Request 2
849
(1, 2, 2)
3
(54, 68)
-> Request 3
1156
(2, 2, 1)
3
(29, 49)
-> Request 4
1247
(3, 1, 2)
2
(45, 1)
--> Day : 4
-> Request 0
755
(3, 3, 2)
1
(65, 61)
-> Request 1
1155
(1, 1, 1)
1
(55, 34)
-> Request 2
1288
(3, 1, 2)
2
(14, 20)
-> Request 3
1372
(3, 3, 2)
1
(52, 72)
---> Week : 128
--> Day : 0
-> Request 0
169
(4, 3, 1)
2
(55, 39)
-> Request 1
261
(4, 1, 2)
3
(64, 77)
-> Request 2
308
(1, 1, 2)
1
(74, 26)
-> Request 3
337
(4, 3, 2)
2
(57, 76)
--> Day : 1
-> Request 0
210
(2, 3, 2)
3
(59, 66)
-> Request 1
372
(2, 1, 2)
3
(45, 27)
-> Request 2
440
(1, 2, 1)
1
(54, 77)
-> Request 3
521
(1, 3, 1)
1
(33, 35)
-> Request 4
782
(4, 3, 2)
1
(25, 69)
-> Request 5
987
(3, 1, 1)
3
(33, 60)
-> Request 6
1035
(3, 3, 2)
1
(10, 25)
-> Request 7
1386
(3, 1, 2)
3
(58, 45)
--> Day : 2
-> Request 0
457
(4, 1, 1)
1
(49, 36)
-> Request 1
1074
(3, 3, 2)
2
(16, 20)
-> Request 2
1211
(3, 2, 2)
2
(64, 71)
--> Day : 3
-> Request 0
97
(4, 2, 1)
1
(1, 75)
-> Request 1
246
(4, 1, 2)
3
(59, 41)
-> Request 2
345
(4, 1, 1)
1
(74, 5)
-> Request 3
368
(1, 2, 1)
3
(74, 28)
-> Request 4
426
(4, 2, 1)
3
(57, 71)
-> Request 5
1358
(3, 3, 2)
1
(51, 13)
--> Day : 4
-> Request 0
359
(2, 1, 1)
3
(43, 30)
-> Request 1
425
(1, 3, 2)
2
(59, 69)
-> Request 2
947
(4, 1, 2)
2
(62, 72)
---> Week : 129
--> Day : 0
-> Request 0
559
(2, 3, 1)
1
(44, 28)
-> Request 1
576
(1, 3, 2)
2
(9, 25)
-> Request 2
772
(3, 2, 1)
1
(55, 13)
-> Request 3
972
(2, 2, 2)
1
(42, 78)
-> Request 4
1014
(4, 3, 1)
1
(12, 21)
-> Request 5
1243
(3, 1, 2)
1
(44, 56)
-> Request 6
1324
(2, 1, 2)
3
(62, 69)
--> Day : 1
-> Request 0
490
(1, 1, 2)
1
(18, 50)
-> Request 1
502
(1, 2, 1)
3
(59, 68)
-> Request 2
1204
(3, 2, 2)
1
(63, 34)
-> Request 3
1366
(4, 1, 2)
2
(62, 40)
--> Day : 2
-> Request 0
106
(1, 1, 2)
2
(62, 37)
-> Request 1
479
(4, 3, 1)
1
(58, 41)
-> Request 2
1018
(1, 3, 1)
1
(55, 41)
-> Request 3
1018
(4, 1, 1)
2
(25, 74)
-> Request 4
1283
(3, 3, 1)
1
(54, 71)
--> Day : 3
-> Request 0
19
(4, 1, 2)
3
(73, 2)
-> Request 1
48
(1, 1, 2)
3
(14, 20)
-> Request 2
240
(4, 2, 2)
3
(57, 68)
-> Request 3
649
(1, 2, 2)
1
(52, 74)
-> Request 4
716
(4, 2, 2)
2
(5, 15)
-> Request 5
766
(2, 3, 2)
2
(57, 43)
-> Request 6
871
(3, 1, 2)
2
(21, 19)
-> Request 7
1291
(1, 2, 2)
1
(33, 25)
--> Day : 4
-> Request 0
280
(1, 1, 2)
1
(38, 75)
-> Request 1
410
(3, 1, 2)
2
(45, 41)
-> Request 2
425
(4, 3, 1)
1
(23, 23)
-> Request 3
671
(3, 2, 1)
3
(56, 61)
-> Request 4
771
(1, 1, 1)
2
(48, 34)
-> Request 5
983
(3, 1, 1)
2
(49, 35)
-> Request 6
1037
(2, 2, 1)
2
(22, 61)
-> Request 7
1123
(3, 2, 1)
3
(1, 16)
-> Request 8
1358
(4, 3, 2)
2
(36, 27)
-> Request 9
1419
(1, 2, 2)
1
(66, 64)
---> Week : 130
--> Day : 0
-> Request 0
30
(4, 3, 1)
1
(1, 21)
-> Request 1
99
(2, 2, 1)
2
(55, 71)
-> Request 2
130
(1, 2, 1)
1
(52, 78)
-> Request 3
189
(3, 1, 2)
2
(55, 33)
-> Request 4
524
(1, 3, 2)
3
(65, 72)
-> Request 5
810
(3, 1, 2)
2
(46, 37)
-> Request 6
1381
(4, 1, 2)
3
(48, 34)
-> Request 7
1386
(1, 3, 2)
3
(47, 31)
--> Day : 1
-> Request 0
37
(1, 2, 1)
2
(48, 44)
-> Request 1
143
(4, 3, 2)
1
(56, 37)
-> Request 2
427
(4, 3, 1)
2
(56, 74)
-> Request 3
458
(1, 1, 1)
1
(46, 0)
-> Request 4
540
(4, 3, 1)
3
(1, 58)
-> Request 5
772
(4, 3, 1)
3
(45, 70)
-> Request 6
1066
(1, 1, 1)
3
(48, 37)
-> Request 7
1066
(1, 1, 2)
3
(62, 32)
-> Request 8
1295
(1, 2, 1)
2
(50, 29)
--> Day : 2
-> Request 0
129
(4, 1, 2)
1
(54, 34)
-> Request 1
366
(2, 2, 1)
1
(64, 70)
-> Request 2
439
(2, 2, 2)
2
(6, 54)
-> Request 3
800
(4, 2, 2)
1
(77, 4)
-> Request 4
1423
(4, 3, 1)
2
(30, 64)
--> Day : 3
-> Request 0
30
(3, 1, 1)
2
(36, 22)
-> Request 1
216
(3, 2, 1)
1
(19, 69)
-> Request 2
359
(4, 1, 1)
1
(32, 77)
-> Request 3
714
(3, 3, 1)
3
(58, 41)
-> Request 4
866
(2, 2, 2)
3
(55, 46)
-> Request 5
1123
(1, 1, 1)
2
(26, 59)
-> Request 6
1409
(4, 3, 1)
1
(77, 53)
--> Day : 4
-> Request 0
215
(3, 3, 2)
2
(61, 75)
-> Request 1
280
(4, 3, 2)
2
(54, 70)
-> Request 2
818
(1, 1, 1)
2
(65, 74)
-> Request 3
1212
(3, 2, 1)
1
(79, 65)
-> Request 4
1282
(1, 3, 1)
3
(63, 73)
-> Request 5
1423
(3, 3, 1)
3
(60, 65)
---> Week : 131
--> Day : 0
-> Request 0
61
(2, 2, 1)
2
(61, 29)
-> Request 1
542
(4, 1, 2)
2
(68, 16)
-> Request 2
560
(2, 3, 1)
1
(56, 76)
-> Request 3
1004
(1, 2, 1)
3
(44, 37)
-> Request 4
1130
(1, 2, 2)
1
(1, 38)
--> Day : 1
-> Request 0
333
(1, 2, 1)
2
(8, 21)
-> Request 1
402
(3, 1, 2)
3
(54, 36)
-> Request 2
444
(4, 3, 2)
3
(54, 37)
-> Request 3
827
(3, 2, 2)
3
(19, 45)
-> Request 4
1003
(2, 2, 1)
2
(10, 26)
-> Request 5
1270
(4, 1, 1)
3
(72, 68)
-> Request 6
1406
(3, 2, 2)
3
(59, 77)
--> Day : 2
-> Request 0
611
(3, 3, 1)
3
(52, 76)
-> Request 1
672
(4, 1, 1)
3
(67, 67)
-> Request 2
1282
(1, 2, 1)
3
(64, 30)
--> Day : 3
-> Request 0
41
(1, 2, 2)
1
(70, 10)
-> Request 1
115
(4, 2, 2)
2
(56, 64)
-> Request 2
277
(4, 2, 2)
2
(49, 40)
-> Request 3
283
(3, 3, 2)
2
(13, 22)
-> Request 4
425
(4, 3, 1)
3
(61, 32)
-> Request 5
513
(2, 2, 2)
2
(3, 2)
-> Request 6
738
(3, 2, 1)
3
(38, 11)
-> Request 7
872
(1, 3, 1)
2
(52, 78)
-> Request 8
1010
(1, 2, 1)
3
(9, 24)
-> Request 9
1033
(2, 1, 2)
3
(59, 21)
-> Request 10
1198
(3, 3, 2)
3
(40, 32)
-> Request 11
1362
(1, 1, 1)
2
(60, 74)
--> Day : 4
-> Request 0
633
(1, 1, 2)
3
(73, 41)
-> Request 1
804
(3, 3, 2)
1
(43, 31)
-> Request 2
880
(2, 3, 2)
3
(62, 78)
-> Request 3
954
(1, 1, 2)
1
(46, 37)
---> Week : 132
--> Day : 0
-> Request 0
146
(1, 2, 2)
3
(68, 78)
-> Request 1
205
(1, 1, 1)
1
(26, 49)
-> Request 2
216
(1, 1, 2)
2
(66, 57)
-> Request 3
499
(4, 2, 1)
2
(41, 8)
-> Request 4
511
(4, 3, 2)
2
(52, 65)
-> Request 5
679
(2, 2, 2)
3
(22, 19)
--> Day : 1
-> Request 0
55
(4, 1, 2)
1
(16, 23)
-> Request 1
105
(2, 3, 2)
1
(17, 24)
-> Request 2
210
(1, 1, 2)
2
(64, 36)
-> Request 3
218
(4, 3, 1)
3
(10, 22)
-> Request 4
479
(1, 1, 1)
3
(61, 67)
-> Request 5
546
(4, 1, 1)
3
(18, 1)
-> Request 6
626
(3, 1, 1)
3
(57, 51)
-> Request 7
667
(1, 1, 2)
1
(27, 16)
-> Request 8
688
(1, 1, 1)
3
(64, 65)
-> Request 9
887
(2, 3, 1)
3
(63, 46)
-> Request 10
908
(3, 3, 2)
3
(8, 27)
-> Request 11
1055
(4, 2, 2)
2
(40, 22)
-> Request 12
1272
(4, 3, 2)
3
(18, 42)
--> Day : 2
-> Request 0
214
(3, 1, 2)
3
(47, 69)
-> Request 1
474
(2, 3, 2)
3
(53, 73)
-> Request 2
484
(1, 1, 1)
3
(64, 15)
-> Request 3
615
(2, 2, 2)
2
(61, 76)
-> Request 4
683
(1, 2, 1)
2
(41, 6)
-> Request 5
1161
(4, 3, 2)
3
(58, 74)
-> Request 6
1186
(1, 1, 1)
3
(47, 34)
--> Day : 3
-> Request 0
74
(3, 3, 2)
3
(51, 39)
-> Request 1
150
(4, 2, 2)
2
(58, 39)
-> Request 2
558
(2, 1, 2)
1
(22, 5)
-> Request 3
701
(4, 2, 1)
2
(51, 32)
-> Request 4
724
(2, 2, 1)
3
(72, 46)
-> Request 5
854
(4, 3, 1)
3
(60, 42)
-> Request 6
934
(1, 1, 2)
1
(41, 19)
-> Request 7
981
(3, 3, 2)
3
(56, 37)
--> Day : 4
-> Request 0
210
(1, 3, 2)
1
(59, 75)
-> Request 1
545
(2, 2, 1)
3
(64, 76)
-> Request 2
831
(4, 2, 2)
1
(66, 65)
-> Request 3
905
(1, 3, 1)
1
(54, 33)
-> Request 4
1429
(1, 2, 1)
2
(53, 50)
---> Week : 133
--> Day : 0
-> Request 0
571
(4, 1, 2)
1
(47, 34)
--> Day : 1
-> Request 0
64
(4, 3, 2)
3
(49, 43)
-> Request 1
524
(3, 1, 2)
3
(50, 23)
--> Day : 2
-> Request 0
110
(1, 3, 2)
3
(62, 74)
-> Request 1
175
(4, 3, 1)
3
(59, 78)
-> Request 2
508
(4, 2, 1)
2
(54, 75)
-> Request 3
524
(4, 3, 2)
1
(61, 31)
-> Request 4
1102
(3, 3, 1)
1
(35, 35)
--> Day : 3
-> Request 0
39
(1, 2, 1)
3
(9, 27)
-> Request 1
610
(4, 2, 2)
1
(39, 71)
-> Request 2
724
(4, 2, 1)
2
(57, 34)
-> Request 3
724
(2, 3, 2)
2
(39, 41)
-> Request 4
1002
(1, 2, 1)
3
(54, 66)
-> Request 5
1439
(4, 3, 1)
1
(51, 34)
--> Day : 4
-> Request 0
220
(2, 2, 1)
3
(73, 36)
-> Request 1
290
(1, 2, 1)
2
(64, 68)
-> Request 2
618
(2, 1, 2)
2
(44, 45)
-> Request 3
803
(4, 3, 2)
2
(11, 37)
-> Request 4
851
(1, 3, 2)
1
(59, 35)
-> Request 5
876
(1, 2, 1)
2
(6, 78)
-> Request 6
1179
(1, 2, 1)
1
(14, 22)
-> Request 7
1273
(1, 2, 2)
3
(76, 62)
---> Week : 134
--> Day : 0
-> Request 0
19
(1, 2, 2)
3
(34, 2)
-> Request 1
77
(2, 3, 1)
3
(60, 30)
-> Request 2
157
(1, 3, 2)
3
(54, 10)
-> Request 3
175
(2, 3, 2)
1
(33, 17)
-> Request 4
736
(4, 3, 1)
1
(63, 5)
-> Request 5
753
(1, 3, 1)
1
(15, 22)
-> Request 6
1342
(4, 1, 1)
2
(58, 71)
--> Day : 1
-> Request 0
277
(2, 2, 2)
1
(11, 7)
-> Request 1
369
(2, 2, 2)
1
(63, 68)
-> Request 2
682
(2, 1, 2)
1
(58, 38)
-> Request 3
692
(4, 1, 2)
2
(50, 10)
-> Request 4
725
(3, 3, 2)
1
(5, 12)
-> Request 5
786
(1, 2, 1)
2
(17, 72)
-> Request 6
1411
(4, 3, 1)
1
(72, 27)
--> Day : 2
-> Request 0
204
(4, 2, 1)
3
(59, 66)
-> Request 1
706
(4, 2, 2)
3
(9, 66)
-> Request 2
882
(1, 2, 1)
3
(53, 45)
-> Request 3
1081
(1, 3, 2)
3
(56, 43)
-> Request 4
1160
(1, 2, 2)
1
(60, 32)
-> Request 5
1396
(4, 1, 1)
3
(47, 38)
--> Day : 3
-> Request 0
223
(4, 2, 1)
1
(54, 43)
-> Request 1
626
(2, 2, 1)
3
(45, 32)
-> Request 2
647
(3, 3, 1)
2
(48, 38)
-> Request 3
682
(3, 3, 2)
2
(43, 42)
-> Request 4
1060
(1, 1, 1)
3
(70, 48)
-> Request 5
1438
(3, 1, 2)
3
(57, 41)
--> Day : 4
-> Request 0
335
(1, 2, 2)
1
(65, 33)
-> Request 1
963
(1, 3, 1)
3
(55, 31)
-> Request 2
1096
(3, 3, 1)
3
(10, 66)
-> Request 3
1190
(2, 2, 1)
2
(27, 77)
---> Week : 135
--> Day : 0
-> Request 0
540
(1, 3, 2)
1
(44, 36)
-> Request 1
843
(3, 2, 1)
2
(62, 67)
-> Request 2
1350
(2, 1, 2)
1
(26, 29)
--> Day : 1
-> Request 0
140
(3, 1, 1)
2
(5, 71)
-> Request 1
517
(2, 2, 2)
3
(4, 9)
-> Request 2
607
(4, 1, 1)
3
(52, 73)
-> Request 3
888
(4, 2, 2)
1
(32, 72)
-> Request 4
1103
(4, 2, 1)
3
(12, 35)
-> Request 5
1335
(3, 2, 2)
2
(36, 22)
--> Day : 2
-> Request 0
108
(1, 1, 1)
2
(10, 8)
-> Request 1
739
(3, 2, 1)
1
(10, 35)
-> Request 2
916
(2, 2, 2)
2
(16, 26)
-> Request 3
967
(2, 2, 2)
3
(57, 76)
--> Day : 3
-> Request 0
754
(4, 3, 2)
2
(31, 54)
-> Request 1
781
(3, 2, 1)
1
(54, 32)
-> Request 2
1420
(3, 2, 1)
1
(54, 34)
--> Day : 4
-> Request 0
57
(1, 1, 1)
3
(16, 24)
-> Request 1
362
(4, 3, 1)
1
(49, 44)
-> Request 2
1098
(4, 3, 1)
2
(32, 47)
---> Week : 136
--> Day : 0
-> Request 0
7
(3, 1, 1)
2
(37, 78)
-> Request 1
162
(3, 3, 2)
2
(57, 70)
-> Request 2
502
(2, 3, 2)
2
(66, 43)
-> Request 3
541
(2, 2, 1)
1
(55, 34)
-> Request 4
719
(3, 2, 1)
3
(1, 24)
-> Request 5
1076
(4, 2, 2)
2
(57, 31)
-> Request 6
1269
(1, 1, 2)
2
(63, 77)
-> Request 7
1344
(1, 1, 1)
1
(62, 27)
--> Day : 1
-> Request 0
83
(1, 3, 1)
1
(61, 34)
-> Request 1
180
(1, 2, 1)
3
(9, 22)
-> Request 2
201
(4, 2, 1)
2
(60, 74)
-> Request 3
1093
(2, 3, 2)
3
(11, 53)
--> Day : 2
-> Request 0
552
(3, 2, 1)
1
(66, 75)
-> Request 1
834
(1, 2, 2)
2
(27, 13)
-> Request 2
847
(4, 1, 1)
3
(55, 67)
-> Request 3
950
(2, 1, 1)
2
(59, 69)
-> Request 4
1377
(4, 2, 2)
2
(22, 59)
--> Day : 3
-> Request 0
233
(4, 3, 1)
1
(5, 18)
-> Request 1
239
(1, 2, 2)
3
(48, 79)
-> Request 2
373
(4, 3, 1)
3
(62, 30)
-> Request 3
622
(3, 1, 1)
2
(3, 20)
-> Request 4
827
(4, 3, 2)
3
(56, 64)
-> Request 5
883
(3, 3, 2)
2
(54, 75)
-> Request 6
965
(3, 1, 2)
1
(58, 68)
-> Request 7
1340
(1, 1, 2)
2
(45, 44)
-> Request 8
1398
(1, 2, 1)
1
(69, 73)
--> Day : 4
-> Request 0
219
(1, 2, 1)
3
(9, 0)
-> Request 1
505
(4, 3, 1)
1
(26, 21)
-> Request 2
1042
(4, 2, 1)
2
(46, 28)
---> Week : 137
--> Day : 0
-> Request 0
471
(3, 3, 1)
3
(60, 41)
-> Request 1
1027
(2, 1, 2)
2
(62, 40)
-> Request 2
1130
(4, 3, 1)
1
(69, 31)
-> Request 3
1301
(1, 2, 2)
1
(8, 25)
-> Request 4
1313
(2, 1, 1)
2
(41, 8)
-> Request 5
1355
(1, 3, 1)
2
(49, 43)
--> Day : 1
-> Request 0
20
(1, 2, 2)
1
(73, 5)
-> Request 1
749
(2, 3, 2)
1
(55, 28)
-> Request 2
1232
(2, 3, 1)
2
(2, 50)
-> Request 3
1398
(2, 1, 1)
1
(17, 23)
--> Day : 2
-> Request 0
167
(1, 3, 2)
2
(19, 36)
-> Request 1
679
(1, 2, 1)
1
(62, 39)
-> Request 2
845
(3, 1, 2)
1
(68, 1)
-> Request 3
1000
(3, 1, 2)
1
(49, 33)
-> Request 4
1197
(3, 3, 2)
2
(62, 76)
-> Request 5
1269
(3, 2, 2)
2
(48, 74)
-> Request 6
1296
(4, 2, 2)
2
(14, 28)
--> Day : 3
-> Request 0
83
(4, 3, 1)
3
(59, 46)
-> Request 1
106
(3, 1, 2)
2
(0, 64)
-> Request 2
218
(3, 1, 1)
2
(47, 41)
-> Request 3
239
(3, 2, 1)
2
(56, 39)
-> Request 4
384
(4, 2, 2)
3
(52, 30)
-> Request 5
617
(2, 3, 1)
3
(52, 31)
-> Request 6
1038
(4, 2, 2)
3
(35, 48)
-> Request 7
1086
(2, 2, 1)
1
(51, 35)
--> Day : 4
-> Request 0
762
(3, 3, 2)
1
(17, 21)
-> Request 1
1320
(4, 1, 2)
2
(4, 50)
---> Week : 138
--> Day : 0
-> Request 0
49
(2, 2, 1)
1
(11, 72)
-> Request 1
326
(2, 1, 2)
3
(56, 36)
-> Request 2
405
(1, 3, 2)
3
(17, 28)
-> Request 3
433
(3, 3, 1)
3
(51, 31)
-> Request 4
745
(1, 3, 1)
2
(37, 72)
-> Request 5
1134
(1, 1, 1)
3
(30, 59)
--> Day : 1
-> Request 0
370
(2, 1, 2)
1
(60, 75)
-> Request 1
564
(2, 3, 1)
2
(61, 78)
-> Request 2
774
(2, 2, 1)
1
(56, 65)
-> Request 3
827
(3, 3, 2)
1
(60, 74)
-> Request 4
853
(1, 1, 2)
1
(65, 38)
-> Request 5
1003
(4, 2, 2)
2
(61, 78)
--> Day : 2
-> Request 0
416
(4, 3, 2)
2
(61, 70)
-> Request 1
640
(1, 2, 1)
3
(12, 37)
-> Request 2
708
(2, 3, 2)
3
(46, 30)
-> Request 3
744
(2, 2, 1)
2
(65, 18)
-> Request 4
893
(3, 1, 1)
3
(57, 33)
--> Day : 3
-> Request 0
288
(4, 1, 2)
3
(55, 65)
-> Request 1
816
(1, 2, 2)
3
(44, 44)
-> Request 2
901
(3, 1, 2)
3
(42, 70)
-> Request 3
1060
(1, 2, 1)
3
(57, 34)
--> Day : 4
-> Request 0
288
(3, 3, 2)
2
(54, 76)
-> Request 1
1064
(3, 2, 2)
1
(69, 52)
-> Request 2
1145
(1, 3, 1)
1
(79, 7)
-> Request 3
1172
(3, 1, 2)
2
(66, 74)
-> Request 4
1202
(4, 3, 1)
3
(32, 61)
-> Request 5
1338
(3, 3, 2)
2
(45, 35)
---> Week : 139
--> Day : 0
-> Request 0
211
(3, 3, 2)
1
(22, 19)
-> Request 1
440
(2, 1, 1)
3
(8, 22)
-> Request 2
526
(4, 2, 1)
2
(45, 45)
-> Request 3
537
(2, 2, 2)
1
(45, 31)
-> Request 4
693
(3, 1, 2)
2
(22, 22)
-> Request 5
750
(2, 2, 2)
3
(43, 47)
-> Request 6
776
(1, 3, 2)
3
(45, 35)
-> Request 7
896
(1, 2, 1)
2
(18, 78)
-> Request 8
1048
(3, 3, 1)
2
(12, 26)
-> Request 9
1184
(3, 2, 1)
1
(12, 73)
-> Request 10
1204
(2, 3, 2)
1
(55, 64)
--> Day : 1
-> Request 0
598
(2, 3, 2)
3
(55, 74)
-> Request 1
624
(1, 1, 2)
3
(18, 4)
-> Request 2
768
(4, 2, 1)
1
(53, 9)
-> Request 3
905
(2, 1, 2)
1
(61, 39)
--> Day : 2
-> Request 0
834
(4, 3, 2)
1
(56, 41)
-> Request 1
853
(2, 2, 1)
3
(43, 31)
-> Request 2
1017
(2, 1, 1)
2
(66, 67)
-> Request 3
1033
(3, 1, 2)
2
(48, 40)
-> Request 4
1296
(3, 1, 2)
3
(62, 30)
--> Day : 3
-> Request 0
112
(1, 1, 2)
3
(5, 52)
-> Request 1
212
(4, 3, 2)
3
(61, 39)
-> Request 2
220
(2, 3, 1)
1
(44, 39)
-> Request 3
241
(3, 3, 1)
3
(49, 36)
-> Request 4
484
(4, 2, 1)
2
(48, 12)
-> Request 5
667
(1, 2, 2)
2
(40, 21)
-> Request 6
1004
(4, 3, 2)
3
(60, 31)
-> Request 7
1039
(2, 3, 2)
1
(54, 71)
-> Request 8
1130
(4, 3, 2)
2
(66, 75)
-> Request 9
1182
(3, 2, 1)
3
(57, 69)
-> Request 10
1348
(1, 2, 1)
2
(51, 42)
-> Request 11
1427
(1, 2, 1)
1
(15, 24)
--> Day : 4
-> Request 0
262
(4, 2, 1)
1
(23, 36)
-> Request 1
523
(2, 1, 1)
1
(55, 38)
-> Request 2
565
(1, 3, 2)
1
(4, 53)
-> Request 3
599
(2, 3, 2)
2
(48, 27)
-> Request 4
666
(2, 2, 2)
1
(64, 78)
-> Request 5
851
(1, 3, 2)
2
(46, 45)
-> Request 6
1136
(4, 3, 1)
3
(17, 46)
---> Week : 140
--> Day : 0
-> Request 0
27
(4, 2, 1)
3
(79, 15)
-> Request 1
669
(3, 2, 1)
3
(51, 52)
-> Request 2
1164
(3, 1, 1)
3
(70, 75)
-> Request 3
1200
(4, 3, 1)
1
(11, 20)
--> Day : 1
-> Request 0
63
(4, 2, 1)
3
(22, 65)
-> Request 1
326
(4, 2, 1)
1
(54, 64)
-> Request 2
774
(4, 3, 2)
1
(41, 33)
-> Request 3
1163
(4, 1, 1)
2
(55, 41)
-> Request 4
1185
(1, 2, 2)
1
(38, 8)
-> Request 5
1303
(1, 3, 2)
3
(52, 43)
--> Day : 2
-> Request 0
2
(1, 3, 2)
1
(0, 44)
-> Request 1
409
(1, 3, 2)
3
(57, 36)
-> Request 2
630
(3, 1, 1)
2
(55, 76)
-> Request 3
886
(4, 3, 2)
2
(58, 40)
-> Request 4
914
(2, 1, 2)
2
(35, 74)
--> Day : 3
-> Request 0
57
(4, 2, 2)
3
(47, 35)
-> Request 1
263
(1, 3, 2)
1
(48, 33)
-> Request 2
509
(3, 1, 1)
2
(59, 44)
-> Request 3
841
(3, 1, 1)
3
(60, 74)
-> Request 4
877
(1, 2, 1)
2
(43, 28)
-> Request 5
951
(4, 2, 1)
1
(52, 69)
-> Request 6
1258
(3, 3, 1)
3
(49, 61)
--> Day : 4
-> Request 0
91
(1, 3, 1)
3
(71, 21)
-> Request 1
94
(4, 3, 2)
3
(10, 5)
-> Request 2
139
(1, 1, 1)
2
(61, 3)
-> Request 3
192
(1, 2, 2)
3
(47, 46)
-> Request 4
216
(1, 2, 2)
2
(50, 34)
-> Request 5
224
(2, 1, 2)
3
(53, 74)
-> Request 6
528
(2, 1, 1)
1
(67, 1)
-> Request 7
1430
(1, 2, 1)
1
(15, 32)
---> Week : 141
--> Day : 0
-> Request 0
26
(2, 3, 2)
3
(62, 74)
-> Request 1
171
(2, 3, 2)
1
(29, 37)
-> Request 2
639
(4, 2, 1)
1
(13, 68)
-> Request 3
825
(3, 3, 2)
3
(61, 48)
-> Request 4
836
(1, 2, 2)
3
(65, 76)
-> Request 5
1268
(3, 3, 1)
3
(59, 36)
--> Day : 1
-> Request 0
740
(3, 1, 1)
2
(35, 52)
-> Request 1
907
(2, 1, 2)
2
(59, 70)
--> Day : 2
-> Request 0
30
(1, 3, 1)
1
(42, 1)
-> Request 1
368
(3, 2, 2)
1
(76, 44)
-> Request 2
664
(4, 1, 1)
2
(79, 68)
-> Request 3
874
(2, 3, 1)
3
(36, 63)
-> Request 4
1292
(4, 2, 1)
2
(54, 78)
-> Request 5
1402
(2, 1, 2)
2
(25, 24)
-> Request 6
1410
(1, 3, 1)
2
(56, 42)
--> Day : 3
-> Request 0
118
(4, 1, 2)
3
(63, 77)
-> Request 1
171
(1, 3, 1)
1
(9, 20)
-> Request 2
269
(1, 3, 2)
1
(19, 1)
-> Request 3
583
(2, 3, 2)
1
(27, 72)
-> Request 4
731
(3, 2, 1)
1
(65, 18)
-> Request 5
747
(4, 3, 2)
3
(18, 49)
-> Request 6
1127
(3, 1, 1)
1
(47, 37)
-> Request 7
1394
(4, 3, 2)
1
(2, 78)
--> Day : 4
-> Request 0
181
(3, 3, 1)
2
(8, 3)
-> Request 1
410
(1, 2, 1)
1
(28, 22)
-> Request 2
487
(2, 1, 2)
2
(44, 48)
-> Request 3
682
(3, 2, 2)
3
(18, 59)
-> Request 4
745
(4, 3, 2)
1
(64, 68)
-> Request 5
772
(1, 1, 1)
3
(71, 54)
-> Request 6
1176
(4, 2, 1)
1
(55, 58)
-> Request 7
1332
(2, 2, 2)
3
(8, 36)
-> Request 8
1392
(4, 1, 2)
1
(40, 45)
-> Request 9
1411
(1, 1, 1)
2
(11, 28)
-> Request 10
1425
(1, 3, 2)
2
(28, 21)
---> Week : 142
--> Day : 0
-> Request 0
119
(4, 2, 1)
2
(51, 38)
-> Request 1
222
(2, 3, 2)
1
(48, 33)
-> Request 2
253
(4, 2, 2)
2
(29, 32)
-> Request 3
397
(2, 3, 1)
3
(43, 44)
-> Request 4
548
(3, 2, 1)
1
(62, 67)
-> Request 5
568
(4, 3, 1)
1
(52, 72)
-> Request 6
632
(1, 1, 1)
3
(49, 43)
-> Request 7
993
(1, 3, 1)
3
(56, 73)
-> Request 8
1178
(3, 3, 1)
3
(47, 17)
-> Request 9
1325
(2, 2, 2)
1
(71, 19)
-> Request 10
1391
(3, 1, 2)
2
(42, 14)
--> Day : 1
-> Request 0
99
(2, 1, 1)
3
(29, 69)
-> Request 1
434
(3, 1, 1)
3
(54, 69)
-> Request 2
684
(1, 1, 2)
2
(53, 9)
-> Request 3
815
(4, 1, 2)
1
(51, 37)
--> Day : 2
-> Request 0
78
(4, 1, 2)
1
(64, 52)
-> Request 1
517
(3, 3, 1)
2
(62, 36)
-> Request 2
552
(4, 2, 2)
3
(14, 29)
-> Request 3
563
(3, 2, 2)
3
(58, 64)
-> Request 4
624
(2, 2, 2)
3
(56, 44)
-> Request 5
696
(4, 1, 2)
3
(44, 57)
--> Day : 3
-> Request 0
40
(2, 3, 2)
2
(49, 78)
-> Request 1
182
(2, 2, 2)
1
(44, 29)
-> Request 2
565
(3, 1, 2)
1
(54, 64)
-> Request 3
1030
(4, 1, 2)
2
(17, 29)
--> Day : 4
-> Request 0
249
(2, 2, 1)
2
(66, 24)
-> Request 1
440
(4, 1, 1)
3
(56, 64)
-> Request 2
554
(3, 3, 2)
3
(43, 46)
-> Request 3
1092
(2, 2, 1)
1
(36, 63)
-> Request 4
1200
(2, 3, 2)
2
(74, 21)
---> Week : 143
--> Day : 0
-> Request 0
175
(4, 2, 1)
2
(49, 31)
-> Request 1
346
(3, 3, 1)
3
(52, 27)
-> Request 2
429
(1, 3, 2)
3
(50, 10)
-> Request 3
488
(3, 2, 2)
2
(58, 46)
-> Request 4
835
(3, 1, 1)
3
(45, 36)
-> Request 5
979
(4, 2, 2)
1
(58, 68)
--> Day : 1
-> Request 0
328
(4, 3, 2)
3
(47, 33)
-> Request 1
341
(4, 2, 1)
3
(44, 40)
-> Request 2
353
(2, 1, 2)
3
(56, 45)
-> Request 3
640
(1, 1, 2)
2
(36, 46)
-> Request 4
735
(3, 1, 2)
2
(44, 37)
-> Request 5
926
(2, 2, 1)
3
(52, 50)
--> Day : 2
-> Request 0
99
(4, 3, 1)
3
(56, 45)
-> Request 1
864
(4, 2, 2)
3
(55, 74)
-> Request 2
955
(3, 3, 2)
2
(18, 30)
-> Request 3
1242
(1, 3, 2)
3
(44, 32)
-> Request 4
1401
(3, 1, 1)
2
(47, 41)
--> Day : 3
-> Request 0
194
(2, 3, 1)
3
(52, 42)
-> Request 1
478
(3, 1, 1)
3
(12, 17)
-> Request 2
1347
(3, 3, 1)
1
(19, 21)
-> Request 3
1356
(2, 1, 2)
3
(59, 42)
--> Day : 4
-> Request 0
9
(2, 2, 1)
3
(41, 79)
-> Request 1
19
(3, 2, 2)
3
(60, 69)
-> Request 2
368
(2, 2, 1)
2
(48, 52)
-> Request 3
719
(1, 1, 2)
2
(2, 36)
-> Request 4
1360
(3, 1, 2)
2
(54, 42)
---> Week : 144
--> Day : 0
-> Request 0
690
(3, 2, 1)
3
(62, 72)
-> Request 1
1382
(3, 3, 2)
2
(8, 51)
-> Request 2
1401
(4, 1, 1)
1
(62, 79)
-> Request 3
1432
(2, 3, 1)
3
(53, 46)
--> Day : 1
-> Request 0
121
(2, 1, 2)
3
(44, 19)
-> Request 1
1020
(1, 2, 1)
1
(48, 29)
-> Request 2
1100
(3, 3, 2)
3
(62, 76)
--> Day : 2
-> Request 0
38
(2, 1, 2)
3
(59, 35)
-> Request 1
75
(1, 1, 1)
3
(54, 36)
-> Request 2
187
(1, 1, 1)
2
(52, 33)
-> Request 3
187
(2, 2, 1)
2
(66, 74)
-> Request 4
412
(3, 1, 1)
2
(20, 63)
-> Request 5
427
(1, 3, 2)
2
(49, 31)
-> Request 6
435
(2, 1, 1)
2
(31, 37)
-> Request 7
593
(1, 2, 1)
2
(45, 28)
-> Request 8
906
(3, 1, 2)
3
(49, 58)
-> Request 9
1024
(2, 2, 1)
1
(76, 47)
-> Request 10
1047
(4, 2, 1)
1
(42, 23)
-> Request 11
1100
(1, 1, 1)
2
(49, 32)
-> Request 12
1334
(2, 3, 1)
1
(11, 22)
--> Day : 3
-> Request 0
355
(3, 2, 2)
2
(13, 28)
-> Request 1
413
(2, 3, 2)
1
(65, 78)
-> Request 2
729
(1, 1, 1)
2
(10, 29)
-> Request 3
1197
(4, 3, 1)
1
(54, 65)
-> Request 4
1230
(3, 2, 1)
1
(67, 11)
-> Request 5
1297
(2, 2, 1)
1
(9, 37)
--> Day : 4
-> Request 0
26
(4, 1, 2)
2
(18, 21)
-> Request 1
35
(1, 1, 1)
1
(62, 33)
-> Request 2
134
(3, 2, 1)
2
(46, 39)
-> Request 3
219
(3, 1, 2)
1
(78, 18)
-> Request 4
352
(3, 3, 1)
1
(46, 23)
-> Request 5
752
(3, 1, 2)
2
(20, 53)
-> Request 6
1067
(4, 3, 2)
1
(56, 32)
-> Request 7
1111
(4, 3, 2)
1
(58, 36)
-> Request 8
1165
(3, 2, 1)
3
(11, 27)
---> Week : 145
--> Day : 0
-> Request 0
282
(1, 3, 1)
1
(37, 73)
-> Request 1
413
(3, 2, 1)
3
(60, 70)
-> Request 2
528
(4, 3, 2)
1
(47, 38)
-> Request 3
1198
(3, 2, 2)
1
(6, 77)
--> Day : 1
-> Request 0
71
(1, 1, 2)
1
(61, 74)
-> Request 1
1066
(3, 1, 1)
1
(53, 5)
--> Day : 2
-> Request 0
577
(3, 2, 2)
3
(24, 12)
-> Request 1
838
(2, 2, 2)
1
(45, 28)
-> Request 2
1190
(3, 2, 1)
2
(60, 44)
--> Day : 3
-> Request 0
291
(3, 1, 2)
1
(55, 31)
-> Request 1
626
(3, 2, 1)
1
(51, 36)
-> Request 2
688
(2, 2, 1)
2
(44, 39)
--> Day : 4
-> Request 0
12
(4, 3, 1)
3
(45, 46)
-> Request 1
27
(2, 3, 2)
1
(60, 27)
-> Request 2
137
(1, 3, 1)
1
(62, 65)
-> Request 3
227
(4, 2, 1)
3
(38, 61)
-> Request 4
367
(4, 3, 1)
3
(52, 75)
-> Request 5
502
(3, 1, 1)
1
(63, 78)
-> Request 6
821
(4, 3, 1)
2
(15, 79)
-> Request 7
1176
(2, 3, 1)
3
(17, 24)
-> Request 8
1278
(3, 2, 1)
1
(52, 71)
-> Request 9
1311
(1, 1, 1)
2
(45, 53)
---> Week : 146
--> Day : 0
-> Request 0
73
(2, 1, 2)
2
(45, 34)
-> Request 1
476
(4, 1, 2)
1
(0, 49)
-> Request 2
582
(3, 3, 2)
3
(9, 5)
-> Request 3
608
(2, 1, 1)
2
(54, 31)
-> Request 4
696
(1, 3, 2)
1
(46, 42)
-> Request 5
810
(2, 1, 2)
1
(50, 8)
-> Request 6
1059
(2, 2, 2)
1
(30, 38)
-> Request 7
1282
(2, 1, 2)
2
(60, 70)
--> Day : 1
-> Request 0
699
(1, 2, 1)
1
(66, 28)
-> Request 1
869
(2, 2, 1)
1
(61, 77)
--> Day : 2
-> Request 0
115
(2, 2, 1)
2
(48, 39)
-> Request 1
276
(4, 2, 1)
3
(4, 75)
-> Request 2
369
(4, 3, 2)
2
(65, 73)
-> Request 3
505
(2, 1, 2)
3
(52, 30)
-> Request 4
629
(4, 2, 2)
3
(0, 26)
-> Request 5
928
(2, 2, 1)
1
(29, 15)
-> Request 6
1032
(1, 3, 1)
3
(58, 66)
-> Request 7
1297
(1, 1, 1)
2
(4, 12)
-> Request 8
1392
(1, 3, 1)
2
(18, 42)
-> Request 9
1426
(4, 3, 2)
1
(35, 55)
--> Day : 3
-> Request 0
693
(3, 2, 2)
2
(57, 56)
-> Request 1
736
(3, 3, 1)
3
(55, 64)
-> Request 2
1074
(3, 2, 1)
2
(55, 32)
-> Request 3
1075
(2, 1, 1)
3
(55, 75)
-> Request 4
1101
(2, 3, 1)
3
(57, 64)
--> Day : 4
-> Request 0
165
(1, 2, 1)
2
(47, 29)
-> Request 1
487
(2, 1, 1)
1
(57, 75)
-> Request 2
712
(3, 2, 2)
3
(53, 66)
-> Request 3
1153
(4, 1, 1)
1
(56, 38)
-> Request 4
1184
(2, 1, 2)
1
(45, 36)
-> Request 5
1344
(3, 2, 2)
3
(65, 73)
---> Week : 147
--> Day : 0
-> Request 0
36
(1, 2, 2)
2
(52, 43)
-> Request 1
329
(3, 1, 2)
2
(49, 17)
-> Request 2
569
(3, 1, 1)
3
(48, 34)
-> Request 3
712
(3, 3, 1)
3
(57, 46)
-> Request 4
862
(4, 1, 1)
1
(34, 77)
-> Request 5
1027
(4, 3, 2)
1
(8, 24)
-> Request 6
1303
(3, 2, 2)
3
(47, 30)
-> Request 7
1420
(2, 1, 2)
1
(49, 30)
--> Day : 1
-> Request 0
536
(2, 2, 2)
3
(17, 21)
-> Request 1
581
(4, 1, 2)
1
(60, 43)
-> Request 2
681
(2, 3, 1)
2
(46, 35)
-> Request 3
914
(1, 2, 2)
3
(9, 59)
-> Request 4
983
(2, 1, 1)
1
(74, 11)
-> Request 5
1003
(4, 2, 2)
1
(67, 33)
-> Request 6
1234
(3, 1, 2)
3
(32, 3)
-> Request 7
1364
(3, 2, 2)
1
(8, 26)
--> Day : 2
-> Request 0
117
(2, 2, 2)
2
(78, 67)
-> Request 1
541
(4, 1, 2)
3
(14, 60)
-> Request 2
813
(3, 1, 1)
1
(26, 52)
-> Request 3
991
(2, 2, 1)
2
(56, 75)
-> Request 4
1004
(2, 2, 2)
3
(54, 68)
-> Request 5
1324
(2, 1, 1)
1
(60, 35)
--> Day : 3
-> Request 0
591
(1, 1, 1)
1
(74, 69)
-> Request 1
1090
(1, 2, 1)
2
(59, 35)
-> Request 2
1109
(2, 2, 2)
1
(46, 37)
-> Request 3
1245
(3, 3, 1)
2
(63, 76)
--> Day : 4
-> Request 0
291
(4, 3, 1)
3
(43, 66)
-> Request 1
607
(1, 3, 2)
3
(73, 49)
-> Request 2
728
(2, 1, 2)
1
(50, 75)
-> Request 3
761
(2, 1, 2)
2
(9, 21)
-> Request 4
886
(2, 3, 1)
1
(50, 34)
-> Request 5
1215
(1, 3, 2)
1
(55, 72)
---> Week : 148
--> Day : 0
-> Request 0
9
(4, 3, 1)
1
(55, 41)
-> Request 1
254
(2, 3, 2)
1
(70, 14)
-> Request 2
316
(2, 3, 1)
1
(57, 35)
-> Request 3
417
(3, 3, 2)
1
(54, 66)
-> Request 4
817
(1, 1, 1)
1
(48, 28)
--> Day : 1
-> Request 0
86
(4, 2, 2)
1
(46, 45)
-> Request 1
294
(2, 2, 2)
2
(5, 19)
-> Request 2
961
(1, 2, 2)
3
(47, 44)
-> Request 3
1116
(1, 3, 2)
1
(11, 23)
-> Request 4
1183
(4, 2, 2)
3
(56, 43)
--> Day : 2
-> Request 0
136
(3, 2, 2)
2
(53, 78)
-> Request 1
227
(4, 2, 2)
3
(28, 61)
-> Request 2
250
(4, 2, 1)
3
(29, 62)
-> Request 3
441
(4, 2, 2)
1
(20, 69)
-> Request 4
504
(1, 3, 2)
3
(8, 31)
-> Request 5
586
(2, 1, 2)
1
(26, 54)
-> Request 6
654
(3, 2, 2)
3
(58, 40)
--> Day : 3
-> Request 0
109
(1, 3, 2)
2
(39, 1)
-> Request 1
137
(4, 1, 2)
2
(6, 73)
-> Request 2
387
(4, 1, 2)
1
(50, 34)
-> Request 3
587
(3, 1, 2)
3
(49, 28)
-> Request 4
597
(2, 1, 1)
1
(54, 25)
-> Request 5
754
(4, 3, 1)
2
(7, 16)
-> Request 6
975
(4, 2, 2)
3
(63, 28)
--> Day : 4
-> Request 0
40
(1, 3, 1)
3
(71, 29)
-> Request 1
471
(4, 3, 2)
2
(54, 77)
-> Request 2
497
(3, 2, 2)
1
(52, 39)
-> Request 3
729
(2, 3, 2)
3
(29, 3)
-> Request 4
989
(1, 3, 1)
2
(63, 65)
-> Request 5
1056
(4, 2, 2)
3
(46, 45)
-> Request 6
1064
(1, 3, 2)
2
(61, 72)
-> Request 7
1151
(4, 3, 2)
2
(12, 28)
-> Request 8
1428
(1, 3, 2)
2
(26, 21)
---> Week : 149
--> Day : 0
-> Request 0
327
(1, 3, 2)
3
(49, 27)
-> Request 1
535
(4, 3, 1)
2
(11, 25)
-> Request 2
969
(3, 1, 2)
3
(8, 22)
-> Request 3
1100
(3, 1, 2)
3
(9, 45)
--> Day : 1
-> Request 0
104
(4, 1, 2)
3
(52, 79)
-> Request 1
290
(2, 1, 1)
3
(57, 30)
-> Request 2
589
(2, 2, 2)
2
(23, 30)
-> Request 3
778
(4, 1, 1)
1
(56, 71)
-> Request 4
1243
(3, 3, 2)
2
(57, 41)
-> Request 5
1359
(3, 2, 2)
1
(24, 63)
-> Request 6
1376
(2, 3, 1)
3
(59, 20)
--> Day : 2
-> Request 0
543
(3, 1, 1)
1
(37, 2)
-> Request 1
661
(2, 1, 1)
1
(35, 37)
-> Request 2
790
(2, 2, 1)
3
(43, 48)
-> Request 3
918
(1, 1, 1)
2
(73, 76)
-> Request 4
989
(4, 1, 1)
2
(8, 6)
-> Request 5
1364
(1, 3, 1)
1
(54, 40)
--> Day : 3
-> Request 0
30
(4, 2, 1)
2
(51, 34)
-> Request 1
47
(4, 3, 1)
1
(52, 75)
-> Request 2
151
(1, 2, 1)
1
(40, 30)
-> Request 3
239
(3, 3, 2)
1
(46, 28)
-> Request 4
292
(1, 2, 2)
2
(59, 69)
-> Request 5
302
(3, 3, 2)
2
(52, 36)
-> Request 6
969
(4, 3, 2)
1
(17, 23)
-> Request 7
1094
(3, 1, 2)
1
(13, 29)
-> Request 8
1300
(4, 2, 1)
2
(43, 42)
-> Request 9
1376
(2, 1, 2)
2
(68, 68)
--> Day : 4
-> Request 0
256
(2, 3, 1)
3
(55, 42)
-> Request 1
846
(4, 2, 2)
1
(54, 64)
