---> Week : 0
--> Day : 0
-> Request 0
3
(4, 2, 2)
1
(44, 41)
-> Request 1
214
(1, 3, 1)
3
(53, 28)
-> Request 2
841
(4, 3, 1)
3
(13, 26)
-> Request 3
865
(1, 1, 1)
3
(11, 22)
-> Request 4
955
(4, 1, 1)
3
(51, 44)
-> Request 5
1408
(4, 3, 1)
3
(52, 36)
--> Day : 1
-> Request 0
206
(2, 1, 2)
3
(54, 37)
-> Request 1
290
(3, 3, 2)
3
(54, 27)
-> Request 2
292
(2, 3, 1)
2
(46, 41)
-> Request 3
420
(4, 2, 1)
1
(52, 38)
-> Request 4
450
(4, 1, 2)
1
(61, 72)
-> Request 5
736
(2, 1, 2)
2
(53, 42)
-> Request 6
1294
(4, 3, 1)
3
(54, 34)
-> Request 7
1426
(1, 2, 1)
3
(61, 28)
--> Day : 2
-> Request 0
185
(3, 1, 2)
2
(47, 44)
-> Request 1
191
(3, 1, 1)
3
(64, 68)
-> Request 2
208
(3, 3, 1)
2
(10, 26)
-> Request 3
408
(4, 1, 2)
3
(58, 35)
-> Request 4
748
(2, 1, 1)
2
(55, 77)
-> Request 5
1275
(1, 1, 2)
3
(52, 35)
-> Request 6
1377
(1, 3, 2)
2
(59, 27)
--> Day : 3
-> Request 0
23
(2, 3, 2)
2
(58, 68)
-> Request 1
72
(3, 1, 1)
3
(11, 24)
-> Request 2
132
(3, 3, 1)
2
(47, 44)
-> Request 3
375
(3, 2, 2)
2
(66, 75)
-> Request 4
383
(1, 1, 2)
2
(62, 29)
-> Request 5
928
(3, 1, 1)
2
(12, 26)
-> Request 6
1003
(3, 1, 1)
1
(54, 34)
-> Request 7
1388
(4, 1, 2)
2
(60, 64)
-> Request 8
1435
(2, 3, 1)
2
(57, 44)
--> Day : 4
-> Request 0
934
(3, 2, 1)
3
(59, 30)
-> Request 1
1163
(4, 3, 1)
2
(48, 33)
-> Request 2
1430
(4, 3, 1)
2
(55, 40)
---> Week : 1
--> Day : 0
-> Request 0
526
(4, 3, 2)
3
(45, 40)
-> Request 1
1196
(1, 3, 2)
1
(56, 68)
--> Day : 1
-> Request 0
185
(2, 1, 1)
1
(46, 27)
-> Request 1
403
(4, 2, 1)
2
(16, 20)
-> Request 2
462
(2, 1, 1)
1
(60, 35)
-> Request 3
493
(1, 1, 2)
2
(62, 28)
-> Request 4
770
(1, 3, 1)
2
(53, 35)
-> Request 5
1169
(3, 2, 1)
2
(50, 27)
--> Day : 2
-> Request 0
184
(2, 3, 2)
2
(52, 28)
-> Request 1
535
(1, 3, 1)
1
(55, 77)
-> Request 2
788
(2, 1, 1)
3
(16, 20)
-> Request 3
1178
(2, 3, 1)
2
(54, 42)
-> Request 4
1260
(3, 1, 1)
1
(58, 65)
-> Request 5
1260
(4, 3, 1)
1
(59, 69)
-> Request 6
1295
(4, 2, 2)
2
(61, 76)
--> Day : 3
-> Request 0
251
(1, 3, 2)
2
(59, 38)
-> Request 1
388
(3, 2, 1)
3
(55, 71)
-> Request 2
436
(1, 1, 2)
3
(52, 71)
-> Request 3
587
(1, 1, 1)
2
(63, 74)
-> Request 4
849
(3, 1, 2)
2
(47, 40)
-> Request 5
1030
(2, 3, 1)
3
(61, 44)
-> Request 6
1363
(1, 3, 1)
3
(11, 20)
-> Request 7
1377
(4, 1, 1)
3
(54, 38)
--> Day : 4
-> Request 0
319
(1, 2, 2)
3
(54, 27)
-> Request 1
638
(4, 1, 2)
3
(9, 29)
-> Request 2
840
(1, 1, 1)
1
(53, 38)
-> Request 3
1047
(2, 2, 2)
1
(57, 65)
-> Request 4
1335
(3, 1, 1)
2
(53, 67)
---> Week : 2
--> Day : 0
-> Request 0
208
(4, 1, 1)
2
(49, 42)
-> Request 1
373
(2, 1, 2)
2
(58, 73)
-> Request 2
1041
(1, 1, 1)
1
(43, 38)
--> Day : 1
-> Request 0
101
(2, 2, 1)
3
(58, 37)
-> Request 1
134
(1, 2, 1)
1
(52, 44)
-> Request 2
240
(2, 3, 1)
2
(44, 45)
-> Request 3
310
(4, 1, 1)
3
(50, 31)
-> Request 4
483
(1, 2, 1)
1
(11, 23)
-> Request 5
913
(2, 3, 1)
3
(60, 74)
-> Request 6
1023
(3, 1, 2)
2
(62, 76)
-> Request 7
1163
(3, 2, 2)
3
(43, 28)
-> Request 8
1423
(3, 3, 2)
1
(63, 73)
--> Day : 2
-> Request 0
12
(3, 2, 2)
2
(52, 34)
-> Request 1
55
(3, 2, 2)
1
(47, 38)
-> Request 2
603
(4, 2, 2)
1
(44, 39)
-> Request 3
637
(3, 1, 2)
1
(44, 38)
-> Request 4
759
(1, 2, 1)
1
(61, 27)
-> Request 5
1097
(4, 3, 1)
3
(10, 21)
-> Request 6
1198
(3, 3, 1)
2
(61, 35)
--> Day : 3
-> Request 0
114
(2, 1, 1)
3
(53, 38)
-> Request 1
1227
(2, 2, 2)
1
(61, 46)
-> Request 2
1285
(4, 2, 2)
1
(16, 21)
--> Day : 4
-> Request 0
85
(1, 1, 2)
3
(54, 42)
-> Request 1
125
(4, 3, 1)
3
(54, 36)
-> Request 2
705
(1, 3, 2)
2
(54, 29)
-> Request 3
732
(4, 1, 1)
3
(52, 71)
-> Request 4
1157
(1, 1, 1)
1
(61, 41)
-> Request 5
1262
(2, 3, 2)
1
(45, 44)
---> Week : 3
--> Day : 0
-> Request 0
65
(1, 2, 2)
3
(66, 65)
-> Request 1
881
(2, 3, 2)
3
(9, 27)
-> Request 2
1159
(2, 1, 1)
3
(45, 39)
--> Day : 1
-> Request 0
2
(1, 3, 2)
1
(65, 72)
-> Request 1
24
(4, 3, 1)
3
(57, 40)
-> Request 2
47
(3, 3, 1)
3
(48, 44)
-> Request 3
220
(1, 3, 1)
1
(59, 65)
-> Request 4
566
(3, 2, 1)
3
(59, 31)
-> Request 5
683
(1, 1, 2)
2
(50, 45)
-> Request 6
1100
(4, 3, 1)
2
(63, 73)
--> Day : 2
-> Request 0
130
(3, 1, 2)
1
(55, 31)
-> Request 1
302
(4, 3, 2)
3
(64, 72)
-> Request 2
349
(3, 3, 2)
3
(62, 34)
-> Request 3
349
(4, 3, 2)
2
(57, 64)
-> Request 4
596
(3, 1, 1)
2
(51, 30)
-> Request 5
796
(2, 2, 2)
3
(43, 42)
-> Request 6
1227
(1, 3, 2)
1
(62, 65)
--> Day : 3
-> Request 0
161
(4, 1, 1)
2
(62, 72)
-> Request 1
213
(4, 2, 1)
3
(53, 32)
-> Request 2
746
(3, 2, 2)
1
(61, 69)
-> Request 3
762
(2, 3, 1)
1
(45, 39)
-> Request 4
819
(2, 3, 1)
3
(49, 40)
-> Request 5
935
(4, 1, 1)
1
(54, 32)
-> Request 6
968
(3, 1, 2)
3
(52, 64)
-> Request 7
977
(1, 2, 1)
1
(58, 35)
-> Request 8
982
(2, 2, 2)
3
(58, 67)
-> Request 9
1373
(2, 1, 1)
2
(53, 40)
--> Day : 4
-> Request 0
448
(3, 3, 1)
3
(47, 34)
-> Request 1
1055
(4, 3, 2)
1
(65, 65)
-> Request 2
1090
(2, 1, 2)
3
(52, 31)
-> Request 3
1111
(4, 2, 2)
1
(55, 46)
-> Request 4
1146
(1, 2, 2)
2
(46, 40)
---> Week : 4
--> Day : 0
-> Request 0
121
(2, 2, 1)
1
(52, 45)
-> Request 1
362
(3, 1, 2)
1
(53, 67)
-> Request 2
457
(3, 2, 1)
3
(50, 37)
-> Request 3
729
(4, 2, 1)
1
(58, 64)
-> Request 4
1096
(2, 2, 1)
1
(48, 32)
-> Request 5
1167
(2, 1, 1)
2
(51, 42)
--> Day : 1
-> Request 0
313
(2, 2, 2)
1
(14, 20)
-> Request 1
313
(3, 2, 1)
3
(53, 39)
-> Request 2
980
(1, 2, 1)
1
(62, 41)
--> Day : 2
-> Request 0
8
(2, 3, 1)
1
(53, 46)
-> Request 1
25
(1, 3, 1)
3
(55, 37)
-> Request 2
372
(1, 2, 1)
1
(46, 29)
-> Request 3
516
(1, 3, 1)
1
(14, 25)
-> Request 4
556
(1, 3, 1)
2
(12, 27)
-> Request 5
967
(2, 1, 2)
1
(55, 41)
--> Day : 3
-> Request 0
191
(4, 2, 2)
2
(50, 31)
-> Request 1
237
(4, 1, 2)
3
(61, 77)
-> Request 2
352
(4, 1, 2)
2
(48, 27)
-> Request 3
457
(2, 2, 2)
3
(57, 33)
-> Request 4
601
(4, 2, 2)
3
(46, 39)
--> Day : 4
-> Request 0
237
(3, 1, 2)
1
(59, 39)
-> Request 1
259
(2, 3, 2)
3
(47, 41)
-> Request 2
847
(1, 1, 1)
3
(64, 78)
-> Request 3
945
(2, 3, 1)
1
(58, 68)
-> Request 4
1051
(3, 3, 2)
1
(51, 30)
-> Request 5
1306
(1, 2, 2)
2
(48, 30)
---> Week : 5
--> Day : 0
-> Request 0
134
(1, 1, 2)
3
(61, 41)
-> Request 1
307
(4, 3, 2)
1
(48, 28)
-> Request 2
905
(1, 3, 1)
2
(57, 40)
-> Request 3
1118
(3, 3, 2)
1
(57, 36)
-> Request 4
1373
(2, 1, 1)
3
(48, 38)
--> Day : 1
-> Request 0
618
(3, 2, 2)
3
(64, 68)
-> Request 1
917
(2, 2, 2)
3
(47, 42)
-> Request 2
985
(1, 2, 1)
3
(55, 35)
-> Request 3
1222
(2, 2, 2)
2
(50, 28)
--> Day : 2
-> Request 0
379
(4, 1, 2)
1
(66, 78)
-> Request 1
692
(1, 2, 2)
3
(55, 69)
-> Request 2
829
(1, 1, 1)
3
(60, 28)
-> Request 3
1148
(4, 3, 1)
1
(60, 29)
-> Request 4
1412
(1, 3, 2)
3
(53, 71)
--> Day : 3
-> Request 0
161
(4, 1, 1)
1
(55, 67)
-> Request 1
251
(4, 2, 1)
1
(46, 42)
-> Request 2
471
(2, 3, 2)
3
(66, 72)
-> Request 3
853
(4, 2, 2)
2
(46, 30)
--> Day : 4
-> Request 0
27
(4, 3, 1)
2
(52, 39)
-> Request 1
287
(3, 1, 1)
2
(52, 66)
-> Request 2
443
(4, 2, 1)
1
(50, 38)
-> Request 3
448
(2, 3, 2)
1
(60, 65)
-> Request 4
483
(2, 2, 2)
1
(56, 34)
-> Request 5
581
(2, 3, 1)
3
(9, 28)
-> Request 6
750
(4, 2, 1)
1
(45, 46)
-> Request 7
974
(4, 1, 1)
1
(60, 43)
-> Request 8
1218
(1, 3, 2)
2
(56, 67)
-> Request 9
1366
(1, 2, 2)
2
(57, 33)
-> Request 10
1387
(2, 2, 2)
2
(53, 45)
---> Week : 6
--> Day : 0
-> Request 0
119
(4, 3, 2)
1
(60, 76)
-> Request 1
138
(2, 3, 1)
3
(61, 71)
-> Request 2
209
(1, 1, 2)
2
(56, 40)
-> Request 3
257
(4, 3, 1)
2
(53, 78)
-> Request 4
265
(2, 2, 2)
1
(51, 34)
-> Request 5
478
(1, 2, 2)
1
(64, 66)
-> Request 6
723
(4, 1, 1)
3
(58, 66)
-> Request 7
738
(4, 1, 1)
1
(52, 30)
-> Request 8
819
(3, 1, 2)
2
(8, 21)
-> Request 9
835
(3, 3, 1)
2
(64, 69)
--> Day : 1
-> Request 0
8
(4, 1, 1)
2
(43, 44)
-> Request 1
379
(4, 2, 1)
2
(59, 45)
-> Request 2
1065
(2, 1, 2)
3
(60, 38)
-> Request 3
1290
(2, 3, 1)
3
(61, 39)
--> Day : 2
-> Request 0
134
(3, 1, 1)
3
(12, 29)
-> Request 1
235
(2, 2, 2)
2
(58, 43)
-> Request 2
350
(1, 1, 2)
3
(17, 20)
-> Request 3
784
(2, 3, 2)
3
(56, 30)
-> Request 4
988
(2, 1, 1)
3
(16, 28)
-> Request 5
1156
(1, 1, 2)
2
(58, 32)
-> Request 6
1169
(1, 1, 2)
2
(43, 30)
--> Day : 3
-> Request 0
10
(4, 3, 1)
3
(49, 37)
-> Request 1
69
(1, 3, 1)
1
(55, 74)
-> Request 2
127
(3, 3, 1)
2
(62, 42)
-> Request 3
260
(1, 3, 1)
2
(61, 78)
-> Request 4
364
(3, 1, 2)
3
(47, 37)
-> Request 5
444
(2, 3, 1)
2
(13, 27)
-> Request 6
460
(4, 2, 2)
3
(12, 27)
-> Request 7
724
(3, 2, 1)
3
(60, 35)
-> Request 8
824
(3, 1, 1)
2
(56, 73)
-> Request 9
1136
(2, 1, 2)
1
(52, 73)
-> Request 10
1231
(3, 1, 2)
2
(45, 41)
-> Request 11
1247
(3, 1, 2)
2
(44, 31)
-> Request 12
1352
(4, 3, 1)
1
(44, 31)
--> Day : 4
-> Request 0
754
(3, 3, 1)
2
(58, 41)
-> Request 1
973
(4, 1, 1)
1
(57, 72)
-> Request 2
1031
(1, 3, 2)
2
(52, 75)
-> Request 3
1080
(1, 3, 2)
3
(54, 31)
-> Request 4
1083
(4, 2, 1)
3
(59, 41)
-> Request 5
1138
(4, 1, 2)
1
(47, 32)
-> Request 6
1178
(2, 2, 2)
2
(62, 67)
-> Request 7
1303
(3, 2, 2)
3
(59, 42)
---> Week : 7
--> Day : 0
-> Request 0
165
(3, 2, 1)
1
(8, 24)
-> Request 1
508
(3, 2, 2)
1
(12, 29)
-> Request 2
587
(2, 3, 2)
2
(51, 40)
-> Request 3
594
(3, 3, 1)
1
(61, 39)
-> Request 4
649
(1, 2, 1)
1
(60, 33)
-> Request 5
805
(1, 1, 2)
1
(8, 28)
-> Request 6
839
(4, 1, 2)
3
(60, 65)
-> Request 7
943
(4, 3, 2)
1
(44, 30)
-> Request 8
1029
(3, 3, 2)
3
(58, 38)
-> Request 9
1064
(3, 2, 1)
2
(13, 22)
-> Request 10
1323
(2, 1, 1)
2
(48, 30)
-> Request 11
1328
(2, 1, 1)
3
(13, 22)
-> Request 12
1399
(1, 1, 2)
2
(58, 40)
--> Day : 1
-> Request 0
3
(3, 2, 2)
3
(56, 65)
-> Request 1
107
(1, 3, 1)
3
(62, 29)
-> Request 2
197
(4, 3, 2)
1
(53, 75)
-> Request 3
408
(2, 3, 1)
1
(54, 45)
-> Request 4
595
(1, 1, 2)
3
(64, 64)
-> Request 5
845
(2, 2, 2)
3
(55, 34)
-> Request 6
919
(1, 1, 2)
3
(56, 40)
-> Request 7
1079
(2, 3, 2)
3
(54, 67)
-> Request 8
1389
(2, 1, 1)
2
(55, 34)
--> Day : 2
-> Request 0
276
(3, 1, 1)
1
(57, 34)
-> Request 1
315
(2, 3, 2)
1
(63, 74)
-> Request 2
598
(4, 2, 2)
2
(60, 65)
-> Request 3
934
(2, 1, 2)
3
(14, 26)
-> Request 4
1069
(3, 3, 2)
3
(46, 27)
-> Request 5
1152
(1, 1, 1)
2
(51, 27)
--> Day : 3
-> Request 0
547
(3, 3, 2)
1
(66, 78)
-> Request 1
605
(3, 1, 1)
1
(53, 39)
-> Request 2
853
(3, 3, 2)
1
(17, 28)
-> Request 3
876
(2, 1, 1)
3
(54, 78)
-> Request 4
963
(3, 2, 1)
3
(52, 64)
-> Request 5
1208
(1, 3, 2)
1
(58, 35)
--> Day : 4
-> Request 0
860
(1, 2, 1)
1
(55, 32)
-> Request 1
929
(1, 3, 1)
3
(46, 46)
-> Request 2
946
(2, 2, 1)
3
(43, 38)
-> Request 3
1428
(1, 2, 2)
1
(51, 34)
---> Week : 8
--> Day : 0
-> Request 0
22
(3, 1, 1)
2
(60, 40)
-> Request 1
108
(1, 3, 2)
1
(61, 31)
-> Request 2
150
(1, 3, 2)
2
(52, 29)
-> Request 3
587
(3, 1, 2)
2
(50, 41)
-> Request 4
848
(4, 1, 1)
3
(44, 46)
-> Request 5
1223
(4, 2, 1)
3
(47, 42)
--> Day : 1
-> Request 0
22
(2, 3, 1)
2
(53, 41)
-> Request 1
171
(1, 2, 2)
3
(59, 31)
-> Request 2
308
(1, 2, 2)
1
(46, 43)
-> Request 3
335
(4, 2, 2)
1
(54, 42)
-> Request 4
457
(2, 1, 1)
1
(49, 31)
-> Request 5
766
(3, 1, 1)
3
(52, 69)
-> Request 6
896
(3, 3, 2)
2
(57, 64)
-> Request 7
1173
(4, 1, 2)
1
(59, 27)
--> Day : 2
-> Request 0
494
(1, 1, 1)
2
(58, 41)
-> Request 1
502
(2, 3, 1)
1
(61, 72)
-> Request 2
626
(4, 3, 2)
1
(44, 40)
-> Request 3
918
(3, 2, 2)
3
(47, 36)
-> Request 4
1321
(4, 2, 2)
2
(65, 74)
--> Day : 3
-> Request 0
274
(1, 1, 2)
1
(59, 39)
-> Request 1
584
(1, 1, 2)
1
(52, 71)
-> Request 2
676
(1, 1, 1)
2
(59, 65)
-> Request 3
1297
(1, 2, 1)
3
(56, 65)
--> Day : 4
-> Request 0
1083
(4, 3, 1)
2
(44, 42)
-> Request 1
1198
(4, 2, 2)
3
(59, 78)
-> Request 2
1402
(1, 3, 2)
2
(49, 36)
-> Request 3
1411
(1, 1, 2)
2
(58, 68)
-> Request 4
1416
(4, 2, 2)
3
(17, 21)
---> Week : 9
--> Day : 0
-> Request 0
136
(4, 1, 2)
3
(54, 28)
-> Request 1
379
(2, 1, 2)
1
(61, 44)
-> Request 2
481
(2, 3, 2)
3
(53, 66)
-> Request 3
598
(2, 1, 2)
3
(44, 32)
-> Request 4
771
(2, 2, 2)
3
(15, 20)
-> Request 5
983
(1, 1, 2)
2
(58, 67)
-> Request 6
1191
(4, 3, 2)
2
(64, 65)
--> Day : 1
-> Request 0
323
(4, 2, 2)
2
(43, 32)
-> Request 1
933
(4, 1, 2)
1
(58, 39)
-> Request 2
1017
(2, 2, 2)
2
(11, 23)
-> Request 3
1202
(1, 1, 1)
2
(14, 21)
-> Request 4
1212
(2, 3, 2)
1
(46, 33)
-> Request 5
1320
(4, 3, 1)
2
(8, 29)
--> Day : 2
-> Request 0
148
(1, 3, 1)
3
(47, 32)
-> Request 1
270
(2, 1, 2)
3
(17, 28)
-> Request 2
463
(1, 2, 1)
1
(56, 73)
-> Request 3
567
(1, 1, 1)
1
(14, 22)
-> Request 4
746
(4, 1, 1)
2
(60, 33)
-> Request 5
762
(1, 1, 1)
1
(52, 66)
-> Request 6
1134
(4, 1, 1)
1
(62, 40)
-> Request 7
1292
(3, 1, 2)
1
(52, 35)
--> Day : 3
-> Request 0
607
(1, 1, 2)
3
(61, 39)
-> Request 1
657
(3, 2, 2)
1
(63, 76)
-> Request 2
802
(1, 2, 1)
3
(45, 30)
-> Request 3
1131
(2, 2, 2)
3
(47, 29)
--> Day : 4
-> Request 0
319
(2, 1, 2)
2
(46, 32)
-> Request 1
338
(2, 1, 2)
2
(13, 25)
-> Request 2
550
(4, 3, 1)
1
(60, 71)
-> Request 3
863
(3, 3, 2)
3
(49, 33)
-> Request 4
1124
(4, 1, 2)
2
(60, 68)
-> Request 5
1230
(2, 2, 1)
1
(44, 35)
-> Request 6
1274
(2, 1, 1)
2
(52, 71)
---> Week : 10
--> Day : 0
-> Request 0
92
(3, 3, 1)
1
(50, 42)
-> Request 1
487
(3, 1, 2)
3
(59, 72)
-> Request 2
694
(3, 1, 1)
2
(62, 76)
-> Request 3
1359
(3, 3, 2)
3
(55, 29)
--> Day : 1
-> Request 0
37
(3, 3, 1)
1
(59, 74)
-> Request 1
42
(1, 2, 2)
1
(57, 64)
-> Request 2
110
(1, 1, 1)
2
(13, 27)
-> Request 3
110
(1, 2, 2)
1
(57, 43)
-> Request 4
200
(3, 1, 2)
1
(61, 66)
-> Request 5
382
(3, 3, 2)
3
(53, 35)
-> Request 6
416
(2, 1, 2)
3
(52, 38)
-> Request 7
460
(3, 3, 2)
3
(58, 27)
-> Request 8
550
(1, 1, 1)
1
(66, 69)
-> Request 9
725
(1, 3, 2)
3
(55, 40)
-> Request 10
775
(3, 3, 2)
3
(50, 46)
-> Request 11
1162
(4, 2, 1)
1
(64, 66)
-> Request 12
1233
(1, 2, 2)
3
(53, 66)
-> Request 13
1350
(3, 3, 1)
3
(55, 66)
--> Day : 2
-> Request 0
14
(2, 2, 2)
2
(15, 21)
-> Request 1
233
(4, 1, 2)
3
(44, 37)
-> Request 2
857
(1, 2, 1)
2
(62, 76)
--> Day : 3
-> Request 0
206
(2, 2, 2)
2
(55, 41)
-> Request 1
962
(4, 2, 1)
1
(64, 73)
-> Request 2
1018
(3, 2, 2)
2
(58, 37)
--> Day : 4
-> Request 0
316
(4, 2, 2)
3
(64, 75)
-> Request 1
369
(4, 2, 2)
2
(64, 74)
-> Request 2
392
(1, 2, 2)
3
(53, 27)
-> Request 3
439
(2, 2, 2)
3
(46, 40)
-> Request 4
803
(3, 2, 1)
1
(60, 74)
-> Request 5
998
(2, 2, 2)
2
(61, 34)
-> Request 6
1011
(4, 2, 1)
3
(46, 36)
-> Request 7
1335
(3, 2, 2)
3
(55, 76)
-> Request 8
1345
(3, 1, 2)
1
(58, 37)
---> Week : 11
--> Day : 0
-> Request 0
419
(3, 2, 2)
2
(49, 46)
-> Request 1
554
(3, 1, 2)
2
(59, 33)
-> Request 2
703
(4, 2, 2)
1
(58, 32)
-> Request 3
881
(4, 2, 1)
2
(53, 67)
-> Request 4
1436
(2, 1, 1)
2
(50, 45)
--> Day : 1
-> Request 0
3
(3, 1, 2)
3
(45, 40)
-> Request 1
297
(3, 3, 1)
2
(61, 73)
-> Request 2
624
(4, 2, 1)
3
(64, 64)
-> Request 3
648
(1, 3, 1)
1
(62, 68)
-> Request 4
925
(1, 3, 2)
1
(55, 41)
-> Request 5
1057
(1, 1, 2)
1
(56, 69)
--> Day : 2
-> Request 0
146
(2, 1, 1)
3
(57, 71)
-> Request 1
183
(4, 1, 2)
2
(11, 25)
-> Request 2
532
(1, 1, 2)
1
(57, 27)
-> Request 3
673
(1, 1, 2)
1
(56, 68)
-> Request 4
1176
(1, 2, 2)
1
(61, 32)
-> Request 5
1413
(4, 1, 1)
3
(45, 37)
-> Request 6
1423
(3, 1, 2)
2
(62, 27)
--> Day : 3
-> Request 0
483
(4, 1, 2)
3
(57, 33)
-> Request 1
636
(4, 2, 2)
3
(60, 38)
-> Request 2
830
(3, 2, 1)
3
(17, 24)
--> Day : 4
-> Request 0
23
(4, 2, 2)
2
(50, 40)
-> Request 1
479
(1, 2, 2)
1
(51, 29)
-> Request 2
531
(4, 1, 2)
2
(66, 65)
-> Request 3
782
(4, 3, 2)
1
(57, 39)
-> Request 4
972
(3, 3, 1)
3
(9, 21)
-> Request 5
991
(3, 3, 1)
1
(64, 77)
-> Request 6
1263
(1, 2, 2)
2
(60, 36)
-> Request 7
1352
(1, 1, 2)
1
(62, 32)
---> Week : 12
--> Day : 0
-> Request 0
47
(1, 1, 2)
2
(65, 70)
-> Request 1
104
(1, 1, 1)
2
(8, 21)
-> Request 2
111
(3, 1, 2)
3
(60, 64)
-> Request 3
128
(1, 1, 2)
1
(14, 25)
-> Request 4
1345
(4, 1, 1)
1
(52, 40)
--> Day : 1
-> Request 0
175
(2, 2, 2)
3
(43, 41)
-> Request 1
565
(4, 1, 1)
1
(52, 33)
-> Request 2
828
(4, 1, 2)
3
(60, 30)
-> Request 3
1173
(2, 1, 2)
3
(59, 69)
-> Request 4
1326
(1, 1, 2)
1
(48, 35)
--> Day : 2
-> Request 0
424
(2, 2, 2)
2
(53, 27)
-> Request 1
526
(1, 1, 1)
2
(16, 24)
-> Request 2
769
(2, 1, 1)
1
(60, 33)
-> Request 3
886
(1, 3, 2)
2
(16, 22)
-> Request 4
1117
(4, 2, 1)
3
(65, 66)
-> Request 5
1192
(3, 1, 1)
3
(60, 71)
-> Request 6
1236
(4, 2, 2)
1
(65, 64)
-> Request 7
1253
(3, 2, 2)
1
(45, 30)
--> Day : 3
-> Request 0
47
(3, 2, 1)
1
(46, 30)
-> Request 1
229
(2, 1, 2)
2
(58, 44)
-> Request 2
401
(4, 3, 1)
2
(58, 70)
-> Request 3
429
(4, 3, 1)
1
(51, 43)
-> Request 4
895
(3, 3, 1)
2
(58, 72)
-> Request 5
1036
(4, 1, 1)
2
(54, 43)
-> Request 6
1114
(4, 3, 1)
3
(51, 27)
-> Request 7
1210
(3, 1, 2)
3
(43, 29)
--> Day : 4
-> Request 0
48
(4, 3, 1)
1
(56, 33)
-> Request 1
203
(4, 2, 1)
2
(49, 40)
-> Request 2
388
(1, 2, 1)
3
(52, 41)
-> Request 3
586
(2, 3, 2)
1
(55, 28)
-> Request 4
861
(2, 2, 2)
2
(62, 37)
-> Request 5
955
(3, 1, 2)
3
(59, 32)
---> Week : 13
--> Day : 0
-> Request 0
16
(1, 3, 2)
1
(52, 67)
-> Request 1
91
(1, 3, 1)
1
(8, 25)
-> Request 2
267
(2, 1, 1)
3
(51, 41)
-> Request 3
602
(4, 3, 1)
2
(44, 37)
-> Request 4
1183
(2, 3, 2)
1
(61, 38)
-> Request 5
1199
(3, 3, 2)
2
(48, 31)
-> Request 6
1352
(3, 3, 1)
1
(58, 66)
--> Day : 1
-> Request 0
5
(2, 3, 2)
2
(61, 45)
-> Request 1
55
(3, 2, 1)
1
(43, 35)
-> Request 2
748
(4, 2, 2)
1
(56, 72)
--> Day : 2
-> Request 0
153
(2, 3, 1)
2
(57, 33)
-> Request 1
232
(1, 3, 1)
1
(9, 25)
-> Request 2
499
(2, 2, 1)
3
(53, 30)
-> Request 3
626
(4, 2, 1)
3
(53, 42)
-> Request 4
793
(1, 2, 2)
1
(17, 20)
-> Request 5
886
(4, 1, 1)
1
(62, 41)
-> Request 6
1150
(4, 2, 2)
3
(43, 32)
-> Request 7
1398
(1, 1, 1)
1
(16, 25)
--> Day : 3
-> Request 0
288
(1, 3, 2)
1
(62, 37)
-> Request 1
403
(1, 2, 1)
1
(10, 25)
-> Request 2
521
(3, 3, 2)
3
(58, 37)
-> Request 3
677
(3, 2, 1)
2
(51, 44)
-> Request 4
1020
(1, 2, 1)
3
(12, 28)
--> Day : 4
-> Request 0
248
(2, 2, 1)
3
(62, 32)
-> Request 1
255
(3, 1, 1)
3
(53, 73)
-> Request 2
316
(2, 1, 2)
1
(43, 39)
-> Request 3
462
(1, 1, 1)
1
(57, 45)
-> Request 4
468
(1, 2, 1)
2
(63, 73)
-> Request 5
685
(1, 2, 1)
1
(48, 36)
-> Request 6
925
(1, 1, 1)
3
(46, 43)
-> Request 7
1264
(2, 2, 1)
1
(59, 68)
---> Week : 14
--> Day : 0
-> Request 0
234
(3, 2, 2)
3
(57, 36)
-> Request 1
664
(1, 1, 1)
2
(54, 66)
-> Request 2
930
(2, 1, 1)
2
(8, 25)
-> Request 3
1303
(1, 2, 2)
3
(57, 39)
-> Request 4
1306
(2, 2, 2)
2
(52, 75)
-> Request 5
1419
(2, 2, 2)
1
(14, 25)
--> Day : 1
-> Request 0
125
(1, 2, 2)
2
(56, 42)
-> Request 1
426
(2, 3, 2)
1
(48, 40)
-> Request 2
705
(3, 2, 2)
2
(53, 44)
-> Request 3
725
(4, 2, 2)
2
(61, 45)
-> Request 4
801
(3, 1, 2)
2
(9, 27)
--> Day : 2
-> Request 0
10
(1, 1, 2)
3
(58, 27)
-> Request 1
127
(4, 3, 1)
2
(16, 26)
-> Request 2
165
(1, 1, 1)
2
(50, 42)
-> Request 3
274
(3, 3, 2)
3
(16, 24)
-> Request 4
317
(1, 2, 1)
2
(63, 75)
-> Request 5
331
(2, 1, 2)
2
(62, 29)
-> Request 6
336
(3, 2, 1)
1
(47, 32)
-> Request 7
690
(2, 3, 2)
3
(57, 78)
-> Request 8
970
(3, 2, 2)
2
(49, 38)
-> Request 9
1097
(3, 1, 1)
3
(60, 69)
-> Request 10
1198
(4, 1, 2)
3
(50, 31)
-> Request 11
1303
(3, 1, 1)
2
(60, 41)
--> Day : 3
-> Request 0
213
(1, 1, 1)
3
(51, 32)
-> Request 1
360
(1, 1, 2)
3
(53, 65)
-> Request 2
746
(2, 2, 2)
3
(54, 46)
-> Request 3
975
(3, 3, 2)
1
(50, 35)
-> Request 4
1183
(1, 3, 2)
3
(58, 40)
-> Request 5
1372
(1, 1, 2)
3
(16, 22)
--> Day : 4
-> Request 0
51
(2, 2, 1)
1
(8, 27)
-> Request 1
872
(3, 1, 1)
2
(12, 20)
-> Request 2
926
(3, 2, 1)
1
(17, 22)
---> Week : 15
--> Day : 0
-> Request 0
84
(3, 2, 2)
1
(60, 39)
-> Request 1
106
(4, 1, 1)
3
(61, 33)
-> Request 2
760
(1, 3, 1)
1
(55, 42)
-> Request 3
995
(4, 2, 1)
3
(61, 40)
-> Request 4
1058
(3, 1, 2)
3
(53, 67)
-> Request 5
1134
(1, 1, 2)
3
(57, 31)
-> Request 6
1391
(1, 3, 1)
3
(59, 39)
--> Day : 1
-> Request 0
94
(1, 2, 2)
1
(63, 74)
-> Request 1
589
(1, 1, 1)
1
(52, 67)
-> Request 2
939
(2, 2, 1)
1
(60, 41)
-> Request 3
993
(2, 2, 1)
2
(51, 30)
-> Request 4
1037
(1, 3, 1)
1
(48, 31)
--> Day : 2
-> Request 0
12
(1, 1, 2)
1
(57, 33)
-> Request 1
91
(1, 3, 1)
2
(62, 65)
-> Request 2
124
(3, 3, 1)
2
(61, 67)
-> Request 3
150
(2, 3, 1)
1
(59, 43)
-> Request 4
237
(1, 1, 1)
2
(43, 34)
-> Request 5
247
(4, 3, 2)
1
(53, 45)
-> Request 6
485
(2, 3, 1)
3
(44, 39)
-> Request 7
532
(1, 1, 2)
2
(61, 65)
-> Request 8
577
(3, 3, 1)
3
(62, 34)
-> Request 9
807
(4, 3, 2)
2
(61, 65)
-> Request 10
930
(1, 2, 2)
3
(59, 69)
-> Request 11
1185
(2, 2, 1)
1
(49, 27)
--> Day : 3
-> Request 0
293
(3, 1, 2)
3
(49, 41)
-> Request 1
569
(1, 3, 2)
2
(50, 40)
-> Request 2
584
(2, 3, 1)
1
(44, 45)
-> Request 3
1352
(4, 2, 2)
2
(49, 37)
--> Day : 4
-> Request 0
249
(2, 3, 1)
3
(52, 31)
-> Request 1
380
(1, 1, 2)
2
(52, 43)
-> Request 2
436
(4, 3, 2)
2
(45, 43)
-> Request 3
1160
(4, 1, 1)
3
(61, 27)
-> Request 4
1172
(1, 1, 2)
1
(66, 74)
-> Request 5
1420
(1, 2, 2)
2
(11, 26)
---> Week : 16
--> Day : 0
-> Request 0
1061
(2, 3, 2)
2
(44, 37)
-> Request 1
1101
(3, 3, 1)
2
(45, 27)
-> Request 2
1219
(4, 3, 2)
1
(58, 30)
--> Day : 1
-> Request 0
96
(3, 1, 2)
3
(52, 42)
-> Request 1
427
(1, 2, 2)
3
(57, 28)
-> Request 2
547
(1, 3, 2)
2
(54, 39)
-> Request 3
802
(1, 3, 1)
1
(63, 74)
-> Request 4
963
(4, 1, 2)
1
(48, 32)
-> Request 5
1196
(2, 1, 1)
2
(60, 66)
-> Request 6
1331
(3, 1, 2)
2
(63, 68)
--> Day : 2
-> Request 0
12
(1, 1, 1)
2
(65, 66)
-> Request 1
437
(1, 1, 2)
3
(52, 28)
-> Request 2
955
(4, 2, 2)
2
(60, 27)
-> Request 3
1043
(3, 3, 2)
2
(14, 25)
-> Request 4
1424
(4, 3, 2)
1
(45, 40)
--> Day : 3
-> Request 0
4
(4, 2, 1)
1
(43, 28)
-> Request 1
33
(3, 3, 1)
1
(57, 64)
-> Request 2
936
(3, 2, 2)
2
(47, 34)
-> Request 3
1407
(1, 3, 2)
1
(59, 38)
--> Day : 4
-> Request 0
19
(4, 1, 2)
2
(9, 21)
-> Request 1
45
(4, 2, 2)
1
(11, 20)
-> Request 2
83
(3, 1, 2)
2
(61, 68)
-> Request 3
234
(2, 2, 2)
1
(12, 29)
-> Request 4
241
(3, 1, 1)
1
(58, 43)
-> Request 5
569
(1, 1, 2)
1
(59, 72)
-> Request 6
818
(3, 1, 2)
3
(47, 29)
-> Request 7
1178
(3, 2, 1)
3
(53, 71)
-> Request 8
1331
(1, 2, 2)
2
(58, 41)
---> Week : 17
--> Day : 0
-> Request 0
929
(4, 2, 2)
3
(61, 40)
-> Request 1
950
(4, 2, 1)
1
(44, 33)
-> Request 2
1001
(2, 3, 2)
3
(48, 29)
-> Request 3
1349
(2, 1, 1)
2
(10, 24)
--> Day : 1
-> Request 0
427
(2, 1, 2)
1
(62, 37)
-> Request 1
753
(1, 3, 1)
2
(17, 28)
-> Request 2
879
(1, 3, 1)
2
(47, 46)
-> Request 3
1090
(4, 3, 1)
1
(45, 39)
-> Request 4
1144
(2, 3, 1)
2
(61, 78)
-> Request 5
1235
(2, 2, 2)
2
(59, 39)
-> Request 6
1238
(2, 2, 2)
2
(56, 35)
-> Request 7
1428
(1, 1, 2)
2
(50, 34)
--> Day : 2
-> Request 0
129
(1, 2, 1)
2
(53, 38)
-> Request 1
744
(3, 1, 1)
3
(56, 39)
-> Request 2
888
(1, 1, 1)
3
(44, 38)
-> Request 3
1029
(4, 1, 2)
1
(52, 76)
-> Request 4
1209
(1, 1, 2)
2
(44, 42)
--> Day : 3
--> Day : 4
-> Request 0
305
(1, 1, 2)
1
(46, 37)
-> Request 1
684
(2, 3, 1)
2
(58, 70)
-> Request 2
812
(2, 3, 2)
1
(48, 44)
-> Request 3
1199
(4, 1, 1)
3
(57, 64)
-> Request 4
1209
(2, 3, 1)
2
(56, 69)
---> Week : 18
--> Day : 0
-> Request 0
79
(4, 1, 1)
3
(62, 65)
-> Request 1
181
(4, 2, 1)
3
(55, 33)
-> Request 2
613
(3, 1, 2)
1
(56, 71)
-> Request 3
662
(1, 3, 2)
1
(52, 70)
-> Request 4
777
(3, 3, 1)
1
(52, 27)
-> Request 5
957
(2, 1, 1)
1
(55, 32)
-> Request 6
1285
(2, 2, 1)
2
(15, 22)
-> Request 7
1312
(4, 2, 1)
1
(59, 64)
--> Day : 1
-> Request 0
31
(3, 1, 1)
2
(61, 76)
-> Request 1
331
(3, 1, 1)
2
(59, 42)
-> Request 2
457
(3, 3, 1)
3
(56, 77)
-> Request 3
512
(4, 1, 2)
3
(57, 28)
-> Request 4
658
(3, 3, 2)
3
(54, 43)
-> Request 5
665
(2, 2, 2)
3
(16, 24)
-> Request 6
702
(1, 3, 2)
2
(52, 42)
-> Request 7
707
(1, 2, 2)
3
(66, 76)
-> Request 8
713
(3, 2, 1)
2
(47, 35)
-> Request 9
754
(4, 2, 2)
1
(11, 24)
-> Request 10
1367
(3, 2, 1)
3
(45, 45)
--> Day : 2
-> Request 0
19
(2, 2, 1)
3
(52, 77)
-> Request 1
408
(2, 2, 1)
3
(57, 32)
-> Request 2
654
(2, 3, 1)
1
(46, 43)
-> Request 3
1370
(3, 2, 2)
1
(57, 67)
--> Day : 3
-> Request 0
982
(2, 3, 1)
3
(59, 78)
-> Request 1
1299
(4, 2, 1)
1
(49, 30)
-> Request 2
1323
(3, 3, 2)
2
(54, 32)
-> Request 3
1348
(1, 1, 2)
1
(51, 35)
--> Day : 4
-> Request 0
418
(3, 1, 1)
3
(61, 77)
-> Request 1
645
(3, 2, 1)
3
(56, 28)
-> Request 2
752
(2, 2, 1)
2
(43, 30)
-> Request 3
917
(3, 2, 2)
2
(59, 70)
-> Request 4
959
(2, 1, 1)
2
(53, 35)
-> Request 5
1146
(1, 1, 1)
1
(61, 34)
---> Week : 19
--> Day : 0
-> Request 0
314
(1, 3, 2)
2
(51, 41)
-> Request 1
320
(2, 3, 2)
3
(54, 46)
-> Request 2
796
(3, 2, 2)
1
(10, 21)
-> Request 3
961
(3, 3, 2)
3
(52, 30)
--> Day : 1
-> Request 0
208
(1, 1, 1)
2
(48, 36)
-> Request 1
412
(4, 3, 1)
3
(47, 34)
-> Request 2
426
(4, 1, 1)
2
(52, 71)
--> Day : 2
-> Request 0
92
(1, 2, 1)
3
(54, 43)
-> Request 1
123
(4, 3, 1)
3
(59, 40)
-> Request 2
129
(2, 2, 2)
3
(47, 32)
-> Request 3
411
(2, 3, 2)
3
(58, 39)
-> Request 4
648
(2, 1, 1)
1
(17, 23)
-> Request 5
668
(3, 1, 1)
1
(48, 37)
-> Request 6
863
(2, 3, 1)
3
(54, 69)
-> Request 7
941
(3, 1, 1)
3
(58, 67)
-> Request 8
1285
(2, 2, 2)
3
(59, 68)
-> Request 9
1345
(2, 3, 2)
2
(56, 72)
-> Request 10
1379
(1, 3, 1)
2
(62, 77)
--> Day : 3
-> Request 0
65
(1, 3, 1)
1
(58, 33)
-> Request 1
550
(4, 1, 1)
2
(54, 36)
-> Request 2
928
(4, 2, 1)
3
(55, 64)
-> Request 3
1206
(1, 3, 2)
2
(48, 28)
--> Day : 4
-> Request 0
29
(1, 1, 2)
3
(46, 43)
-> Request 1
36
(4, 2, 1)
1
(65, 75)
-> Request 2
334
(4, 2, 2)
2
(60, 46)
-> Request 3
519
(4, 2, 1)
3
(16, 27)
-> Request 4
722
(3, 3, 2)
2
(60, 37)
-> Request 5
1231
(3, 3, 2)
3
(15, 28)
-> Request 6
1425
(3, 3, 1)
3
(49, 31)
---> Week : 20
--> Day : 0
-> Request 0
52
(2, 1, 1)
2
(62, 34)
-> Request 1
259
(1, 1, 2)
3
(49, 38)
--> Day : 1
-> Request 0
395
(1, 3, 2)
1
(43, 27)
-> Request 1
616
(2, 3, 2)
3
(58, 40)
-> Request 2
641
(2, 1, 2)
1
(58, 46)
-> Request 3
774
(3, 3, 1)
2
(9, 29)
-> Request 4
855
(1, 2, 2)
1
(55, 41)
-> Request 5
902
(4, 1, 2)
2
(63, 75)
-> Request 6
1041
(4, 3, 2)
3
(16, 23)
-> Request 7
1192
(1, 2, 1)
3
(63, 64)
-> Request 8
1282
(4, 3, 2)
1
(46, 27)
--> Day : 2
-> Request 0
105
(3, 2, 2)
2
(49, 32)
-> Request 1
400
(3, 1, 1)
3
(58, 36)
-> Request 2
526
(1, 2, 2)
3
(58, 64)
-> Request 3
711
(2, 1, 1)
1
(51, 36)
-> Request 4
1360
(1, 1, 1)
2
(62, 75)
--> Day : 3
-> Request 0
124
(4, 3, 2)
2
(57, 32)
-> Request 1
143
(2, 1, 1)
2
(53, 32)
-> Request 2
484
(1, 2, 2)
1
(57, 74)
-> Request 3
599
(3, 2, 1)
2
(56, 33)
-> Request 4
730
(3, 1, 2)
2
(64, 77)
-> Request 5
787
(3, 2, 2)
3
(58, 70)
-> Request 6
939
(3, 1, 1)
3
(44, 43)
-> Request 7
1263
(2, 1, 2)
1
(54, 64)
-> Request 8
1307
(1, 2, 2)
1
(50, 37)
--> Day : 4
-> Request 0
686
(4, 2, 2)
3
(45, 43)
-> Request 1
858
(3, 3, 2)
2
(62, 45)
-> Request 2
1308
(3, 1, 1)
2
(57, 71)
-> Request 3
1381
(3, 1, 1)
3
(64, 70)
---> Week : 21
--> Day : 0
-> Request 0
5
(1, 2, 2)
3
(50, 45)
-> Request 1
10
(2, 2, 1)
1
(55, 41)
-> Request 2
170
(4, 2, 1)
3
(44, 32)
-> Request 3
257
(3, 2, 2)
2
(47, 39)
-> Request 4
499
(4, 2, 1)
2
(51, 36)
-> Request 5
645
(2, 3, 1)
3
(60, 33)
-> Request 6
677
(4, 2, 2)
3
(54, 64)
-> Request 7
705
(4, 1, 1)
2
(60, 45)
-> Request 8
828
(1, 1, 1)
2
(44, 39)
-> Request 9
1004
(4, 1, 1)
2
(55, 28)
-> Request 10
1012
(2, 3, 2)
1
(57, 41)
--> Day : 1
-> Request 0
298
(3, 2, 1)
3
(53, 27)
-> Request 1
624
(4, 1, 1)
3
(57, 78)
-> Request 2
1180
(2, 2, 1)
1
(60, 68)
-> Request 3
1363
(1, 2, 2)
1
(49, 36)
--> Day : 2
-> Request 0
218
(4, 3, 1)
1
(58, 71)
-> Request 1
240
(2, 2, 2)
1
(61, 46)
-> Request 2
365
(3, 3, 2)
2
(44, 46)
-> Request 3
636
(1, 2, 1)
1
(61, 38)
-> Request 4
655
(3, 1, 2)
3
(52, 36)
-> Request 5
791
(3, 1, 2)
2
(62, 64)
-> Request 6
1407
(4, 2, 1)
2
(50, 35)
--> Day : 3
-> Request 0
349
(2, 2, 2)
1
(61, 71)
-> Request 1
1072
(2, 2, 2)
3
(57, 73)
-> Request 2
1156
(4, 1, 2)
1
(17, 21)
-> Request 3
1247
(2, 2, 2)
3
(57, 44)
-> Request 4
1370
(2, 3, 1)
2
(49, 45)
--> Day : 4
-> Request 0
637
(3, 2, 1)
3
(46, 35)
-> Request 1
813
(4, 1, 2)
2
(53, 33)
-> Request 2
906
(2, 3, 2)
3
(62, 64)
-> Request 3
1001
(4, 3, 2)
3
(55, 28)
-> Request 4
1274
(1, 2, 1)
2
(45, 31)
---> Week : 22
--> Day : 0
-> Request 0
393
(2, 2, 1)
2
(55, 43)
-> Request 1
492
(3, 3, 1)
3
(51, 41)
-> Request 2
580
(3, 1, 2)
2
(9, 20)
-> Request 3
622
(2, 2, 2)
2
(61, 43)
-> Request 4
684
(4, 2, 1)
1
(56, 44)
-> Request 5
698
(2, 1, 2)
1
(46, 41)
-> Request 6
802
(2, 2, 2)
1
(48, 43)
-> Request 7
1255
(1, 3, 1)
2
(48, 44)
-> Request 8
1313
(2, 1, 1)
3
(57, 68)
-> Request 9
1363
(2, 2, 1)
3
(48, 39)
--> Day : 1
-> Request 0
692
(4, 2, 1)
2
(14, 24)
--> Day : 2
-> Request 0
52
(3, 3, 2)
1
(59, 71)
-> Request 1
121
(2, 2, 1)
2
(13, 22)
-> Request 2
292
(4, 2, 1)
3
(55, 64)
-> Request 3
618
(3, 1, 1)
2
(44, 32)
-> Request 4
755
(2, 1, 2)
1
(47, 36)
-> Request 5
840
(2, 3, 2)
2
(57, 46)
-> Request 6
1362
(1, 1, 1)
2
(44, 43)
--> Day : 3
-> Request 0
381
(1, 1, 1)
3
(53, 41)
-> Request 1
608
(1, 3, 2)
2
(14, 20)
-> Request 2
623
(1, 1, 2)
2
(58, 31)
-> Request 3
737
(1, 2, 2)
1
(62, 34)
-> Request 4
757
(2, 3, 1)
1
(54, 42)
-> Request 5
802
(2, 1, 2)
3
(61, 76)
-> Request 6
852
(3, 1, 2)
2
(58, 36)
-> Request 7
1030
(3, 2, 2)
2
(49, 28)
-> Request 8
1252
(2, 2, 1)
3
(14, 26)
--> Day : 4
-> Request 0
265
(3, 2, 1)
2
(50, 43)
-> Request 1
347
(4, 1, 1)
3
(17, 25)
-> Request 2
454
(1, 1, 2)
3
(15, 21)
-> Request 3
496
(3, 3, 2)
3
(10, 29)
-> Request 4
844
(1, 1, 2)
2
(57, 29)
-> Request 5
1044
(4, 2, 2)
1
(13, 22)
-> Request 6
1095
(3, 1, 1)
2
(52, 64)
---> Week : 23
--> Day : 0
-> Request 0
20
(3, 2, 2)
3
(59, 46)
-> Request 1
167
(4, 2, 2)
3
(49, 36)
-> Request 2
178
(2, 1, 1)
1
(48, 32)
-> Request 3
403
(1, 3, 2)
1
(58, 45)
-> Request 4
703
(4, 1, 2)
1
(44, 43)
-> Request 5
956
(2, 3, 1)
1
(61, 66)
--> Day : 1
-> Request 0
5
(4, 1, 2)
1
(45, 35)
-> Request 1
361
(3, 2, 1)
3
(17, 27)
-> Request 2
464
(1, 3, 1)
2
(54, 32)
-> Request 3
1420
(3, 1, 2)
1
(58, 36)
--> Day : 2
-> Request 0
31
(4, 2, 2)
3
(51, 34)
-> Request 1
452
(2, 2, 1)
1
(63, 71)
-> Request 2
579
(4, 3, 1)
3
(11, 26)
-> Request 3
615
(1, 2, 2)
1
(46, 31)
--> Day : 3
-> Request 0
154
(4, 1, 1)
1
(46, 40)
-> Request 1
256
(3, 3, 2)
3
(61, 76)
-> Request 2
904
(2, 2, 1)
1
(49, 30)
-> Request 3
1036
(2, 3, 2)
1
(61, 28)
-> Request 4
1248
(1, 3, 1)
2
(54, 67)
-> Request 5
1290
(2, 1, 1)
2
(53, 76)
-> Request 6
1352
(3, 1, 1)
2
(47, 34)
--> Day : 4
-> Request 0
203
(1, 2, 2)
1
(55, 34)
-> Request 1
291
(4, 1, 1)
2
(62, 68)
-> Request 2
795
(2, 3, 2)
3
(57, 44)
-> Request 3
910
(3, 1, 2)
2
(45, 42)
-> Request 4
1027
(4, 2, 1)
3
(13, 26)
-> Request 5
1297
(1, 3, 2)
3
(61, 73)
-> Request 6
1313
(4, 3, 2)
2
(60, 70)
---> Week : 24
--> Day : 0
-> Request 0
1019
(1, 1, 1)
3
(62, 37)
-> Request 1
1064
(4, 2, 2)
3
(57, 38)
-> Request 2
1121
(3, 3, 2)
2
(53, 42)
-> Request 3
1260
(2, 3, 1)
3
(48, 43)
--> Day : 1
-> Request 0
78
(4, 3, 1)
3
(60, 33)
-> Request 1
837
(4, 1, 1)
3
(57, 69)
-> Request 2
1037
(4, 3, 2)
1
(53, 77)
--> Day : 2
-> Request 0
42
(4, 1, 2)
2
(8, 21)
-> Request 1
107
(1, 3, 2)
1
(58, 64)
-> Request 2
220
(3, 2, 1)
3
(56, 45)
-> Request 3
465
(2, 1, 1)
3
(61, 46)
-> Request 4
699
(3, 2, 1)
2
(48, 43)
-> Request 5
1142
(4, 1, 1)
3
(49, 44)
-> Request 6
1208
(1, 2, 2)
1
(58, 70)
--> Day : 3
-> Request 0
42
(4, 3, 2)
3
(49, 30)
-> Request 1
621
(4, 2, 2)
3
(61, 38)
-> Request 2
868
(1, 1, 2)
1
(56, 41)
-> Request 3
1362
(3, 1, 2)
2
(44, 28)
--> Day : 4
-> Request 0
24
(1, 2, 1)
1
(46, 27)
-> Request 1
385
(4, 3, 2)
3
(43, 32)
-> Request 2
753
(4, 2, 2)
3
(53, 68)
-> Request 3
887
(2, 1, 1)
1
(63, 66)
-> Request 4
982
(1, 3, 1)
3
(53, 46)
-> Request 5
1243
(4, 3, 1)
1
(59, 35)
-> Request 6
1407
(2, 3, 1)
1
(47, 42)
---> Week : 25
--> Day : 0
-> Request 0
418
(3, 3, 1)
3
(58, 33)
-> Request 1
513
(2, 2, 2)
2
(65, 65)
-> Request 2
648
(1, 2, 2)
1
(43, 30)
-> Request 3
1015
(3, 1, 1)
3
(62, 67)
-> Request 4
1256
(4, 2, 2)
1
(64, 67)
-> Request 5
1363
(2, 3, 1)
3
(10, 24)
--> Day : 1
-> Request 0
214
(2, 3, 1)
2
(54, 73)
-> Request 1
305
(3, 1, 2)
2
(56, 38)
-> Request 2
548
(2, 2, 1)
1
(56, 27)
-> Request 3
1090
(3, 2, 1)
2
(54, 44)
-> Request 4
1185
(2, 3, 1)
3
(52, 27)
-> Request 5
1330
(1, 3, 1)
2
(13, 24)
--> Day : 2
-> Request 0
185
(2, 1, 2)
1
(56, 71)
-> Request 1
314
(1, 3, 2)
3
(14, 23)
-> Request 2
699
(3, 3, 2)
3
(46, 33)
-> Request 3
1352
(2, 1, 2)
1
(54, 71)
--> Day : 3
-> Request 0
122
(1, 2, 1)
1
(47, 28)
-> Request 1
376
(4, 2, 2)
3
(8, 20)
-> Request 2
490
(3, 1, 1)
1
(54, 34)
-> Request 3
554
(1, 2, 1)
2
(66, 65)
-> Request 4
605
(1, 1, 2)
2
(58, 35)
-> Request 5
649
(4, 3, 2)
2
(49, 43)
-> Request 6
920
(2, 3, 2)
1
(59, 42)
-> Request 7
1193
(4, 3, 1)
1
(52, 46)
--> Day : 4
-> Request 0
15
(2, 3, 1)
1
(62, 69)
-> Request 1
98
(2, 2, 1)
3
(47, 42)
-> Request 2
167
(2, 1, 1)
2
(43, 32)
-> Request 3
543
(3, 3, 1)
1
(54, 29)
-> Request 4
650
(1, 2, 1)
3
(55, 43)
-> Request 5
1126
(4, 1, 1)
1
(59, 35)
-> Request 6
1299
(3, 1, 2)
3
(56, 38)
---> Week : 26
--> Day : 0
-> Request 0
53
(4, 2, 2)
3
(66, 74)
-> Request 1
107
(4, 3, 2)
1
(63, 71)
-> Request 2
109
(2, 3, 2)
3
(15, 29)
-> Request 3
1409
(2, 3, 2)
2
(63, 73)
--> Day : 1
-> Request 0
58
(4, 1, 2)
3
(52, 72)
-> Request 1
101
(1, 1, 1)
2
(48, 30)
-> Request 2
298
(3, 3, 1)
1
(52, 68)
-> Request 3
320
(4, 3, 1)
2
(53, 31)
-> Request 4
457
(1, 1, 2)
1
(53, 68)
-> Request 5
776
(2, 1, 2)
1
(56, 68)
-> Request 6
1008
(1, 2, 2)
1
(13, 25)
-> Request 7
1152
(1, 1, 2)
1
(59, 69)
-> Request 8
1182
(4, 1, 2)
2
(66, 70)
-> Request 9
1293
(1, 2, 2)
3
(55, 74)
--> Day : 2
-> Request 0
396
(2, 2, 2)
3
(53, 34)
-> Request 1
616
(1, 1, 2)
3
(57, 77)
-> Request 2
633
(2, 2, 1)
3
(64, 67)
-> Request 3
759
(1, 1, 2)
3
(64, 64)
-> Request 4
874
(4, 1, 2)
3
(46, 28)
-> Request 5
947
(1, 3, 1)
1
(48, 44)
--> Day : 3
-> Request 0
34
(2, 3, 1)
2
(45, 37)
-> Request 1
443
(1, 2, 1)
3
(54, 44)
-> Request 2
512
(1, 1, 2)
3
(52, 30)
-> Request 3
719
(1, 2, 2)
3
(52, 70)
-> Request 4
982
(3, 2, 1)
2
(56, 73)
-> Request 5
1175
(3, 2, 2)
3
(56, 68)
-> Request 6
1353
(3, 1, 1)
3
(43, 46)
--> Day : 4
-> Request 0
231
(1, 1, 1)
3
(48, 27)
-> Request 1
667
(3, 1, 1)
3
(56, 35)
-> Request 2
1081
(3, 1, 2)
3
(64, 65)
-> Request 3
1436
(2, 1, 2)
2
(48, 44)
---> Week : 27
--> Day : 0
-> Request 0
666
(1, 1, 2)
1
(64, 74)
-> Request 1
804
(2, 1, 1)
1
(12, 23)
-> Request 2
829
(3, 1, 1)
2
(52, 39)
-> Request 3
1106
(2, 2, 1)
1
(59, 78)
-> Request 4
1268
(4, 1, 2)
3
(56, 70)
-> Request 5
1321
(2, 2, 1)
2
(49, 29)
--> Day : 1
-> Request 0
27
(2, 3, 2)
1
(13, 22)
-> Request 1
350
(3, 1, 1)
2
(59, 44)
-> Request 2
531
(3, 3, 1)
2
(58, 31)
-> Request 3
810
(2, 3, 1)
2
(53, 30)
-> Request 4
897
(1, 2, 2)
1
(44, 39)
-> Request 5
923
(1, 2, 2)
2
(48, 42)
-> Request 6
1111
(2, 2, 1)
1
(61, 30)
-> Request 7
1216
(4, 1, 1)
1
(51, 35)
--> Day : 2
-> Request 0
161
(4, 2, 2)
3
(43, 46)
-> Request 1
485
(4, 3, 1)
2
(54, 34)
-> Request 2
502
(4, 3, 2)
3
(16, 27)
-> Request 3
682
(1, 1, 1)
2
(61, 68)
--> Day : 3
-> Request 0
3
(2, 2, 2)
3
(44, 34)
-> Request 1
219
(4, 1, 2)
2
(61, 73)
-> Request 2
728
(4, 3, 2)
3
(52, 30)
-> Request 3
749
(4, 1, 1)
1
(53, 43)
-> Request 4
999
(3, 1, 1)
2
(61, 78)
--> Day : 4
-> Request 0
238
(3, 3, 1)
1
(56, 32)
-> Request 1
327
(2, 3, 1)
2
(50, 37)
-> Request 2
538
(4, 1, 1)
1
(57, 34)
-> Request 3
687
(4, 2, 2)
3
(49, 39)
-> Request 4
708
(2, 1, 1)
3
(16, 23)
-> Request 5
914
(2, 1, 2)
3
(54, 27)
-> Request 6
1161
(2, 1, 2)
3
(59, 28)
---> Week : 28
--> Day : 0
-> Request 0
26
(3, 3, 1)
2
(59, 31)
-> Request 1
33
(4, 1, 2)
3
(52, 66)
-> Request 2
1095
(3, 2, 2)
1
(12, 29)
-> Request 3
1319
(2, 2, 1)
3
(62, 64)
--> Day : 1
-> Request 0
166
(4, 1, 2)
2
(50, 27)
-> Request 1
181
(2, 3, 1)
2
(60, 74)
-> Request 2
293
(3, 2, 2)
3
(57, 46)
-> Request 3
300
(2, 3, 2)
3
(46, 44)
-> Request 4
489
(1, 1, 1)
2
(15, 21)
-> Request 5
665
(3, 2, 2)
2
(56, 45)
-> Request 6
714
(2, 3, 1)
2
(50, 41)
-> Request 7
747
(4, 1, 2)
1
(56, 68)
-> Request 8
813
(2, 1, 1)
1
(65, 74)
-> Request 9
815
(2, 1, 2)
2
(62, 27)
-> Request 10
1148
(3, 2, 2)
1
(66, 64)
--> Day : 2
-> Request 0
282
(3, 2, 1)
1
(65, 71)
-> Request 1
404
(4, 3, 1)
2
(9, 21)
-> Request 2
860
(1, 1, 2)
3
(57, 29)
-> Request 3
1025
(2, 3, 2)
2
(55, 46)
-> Request 4
1044
(3, 3, 1)
3
(56, 40)
-> Request 5
1276
(2, 3, 2)
2
(53, 69)
-> Request 6
1317
(2, 2, 1)
3
(44, 44)
-> Request 7
1426
(1, 1, 2)
3
(55, 75)
--> Day : 3
-> Request 0
15
(2, 3, 1)
1
(51, 27)
-> Request 1
43
(1, 3, 2)
3
(54, 30)
-> Request 2
297
(4, 3, 1)
1
(48, 41)
-> Request 3
401
(1, 2, 2)
1
(49, 28)
-> Request 4
578
(1, 2, 1)
1
(60, 46)
-> Request 5
735
(4, 3, 2)
2
(61, 41)
-> Request 6
1104
(1, 1, 1)
2
(57, 71)
-> Request 7
1139
(4, 3, 2)
2
(62, 34)
-> Request 8
1210
(1, 1, 1)
1
(43, 43)
-> Request 9
1317
(3, 3, 1)
3
(48, 30)
-> Request 10
1375
(1, 1, 1)
3
(51, 30)
--> Day : 4
-> Request 0
4
(3, 1, 2)
2
(58, 34)
-> Request 1
702
(1, 2, 1)
2
(56, 34)
-> Request 2
797
(2, 3, 2)
3
(59, 32)
-> Request 3
799
(4, 3, 1)
1
(48, 28)
-> Request 4
915
(2, 1, 2)
2
(53, 30)
---> Week : 29
--> Day : 0
-> Request 0
14
(3, 1, 2)
3
(63, 70)
-> Request 1
617
(1, 1, 1)
1
(59, 29)
-> Request 2
857
(1, 1, 1)
1
(64, 69)
-> Request 3
994
(1, 1, 1)
3
(48, 29)
-> Request 4
1079
(4, 2, 1)
2
(49, 38)
-> Request 5
1201
(3, 1, 1)
3
(62, 45)
-> Request 6
1217
(4, 3, 1)
1
(57, 35)
-> Request 7
1256
(4, 3, 2)
3
(10, 26)
--> Day : 1
-> Request 0
298
(1, 1, 2)
1
(12, 20)
-> Request 1
362
(3, 3, 1)
2
(58, 65)
-> Request 2
540
(4, 1, 1)
3
(44, 35)
-> Request 3
1037
(4, 3, 1)
2
(45, 28)
--> Day : 2
-> Request 0
225
(3, 1, 2)
2
(53, 76)
-> Request 1
992
(3, 1, 1)
1
(44, 36)
-> Request 2
1046
(3, 3, 2)
3
(14, 21)
-> Request 3
1403
(2, 3, 2)
2
(56, 39)
--> Day : 3
-> Request 0
18
(3, 2, 1)
1
(50, 44)
-> Request 1
130
(3, 1, 2)
3
(11, 27)
-> Request 2
171
(1, 2, 1)
2
(52, 66)
-> Request 3
384
(1, 2, 2)
1
(60, 35)
-> Request 4
474
(1, 1, 1)
2
(53, 29)
-> Request 5
565
(1, 1, 2)
2
(54, 30)
-> Request 6
701
(2, 3, 1)
1
(44, 37)
-> Request 7
705
(4, 1, 2)
3
(55, 70)
-> Request 8
1223
(4, 1, 2)
1
(66, 71)
--> Day : 4
-> Request 0
30
(3, 3, 2)
3
(54, 67)
-> Request 1
55
(3, 2, 1)
2
(44, 42)
-> Request 2
80
(2, 1, 2)
2
(46, 29)
-> Request 3
141
(3, 3, 1)
1
(55, 31)
-> Request 4
252
(2, 2, 2)
1
(61, 44)
-> Request 5
362
(2, 3, 1)
1
(61, 73)
-> Request 6
515
(2, 1, 1)
3
(66, 74)
-> Request 7
531
(3, 1, 2)
2
(54, 74)
-> Request 8
878
(3, 3, 1)
1
(15, 21)
-> Request 9
887
(4, 3, 2)
2
(58, 77)
-> Request 10
1242
(1, 3, 2)
3
(9, 21)
---> Week : 30
--> Day : 0
-> Request 0
211
(4, 3, 1)
2
(62, 37)
-> Request 1
331
(1, 2, 2)
3
(11, 24)
-> Request 2
1088
(1, 2, 2)
2
(46, 31)
--> Day : 1
-> Request 0
286
(3, 1, 2)
3
(16, 26)
-> Request 1
433
(4, 3, 1)
2
(55, 64)
-> Request 2
851
(4, 2, 1)
2
(50, 39)
-> Request 3
1363
(2, 3, 2)
2
(17, 29)
--> Day : 2
-> Request 0
213
(3, 2, 2)
3
(58, 70)
-> Request 1
328
(3, 3, 1)
1
(17, 21)
-> Request 2
807
(3, 2, 1)
2
(52, 41)
-> Request 3
823
(4, 2, 1)
3
(47, 46)
-> Request 4
825
(2, 3, 1)
2
(15, 22)
-> Request 5
1003
(3, 1, 1)
3
(47, 46)
-> Request 6
1050
(1, 2, 1)
1
(43, 37)
--> Day : 3
-> Request 0
49
(2, 3, 1)
1
(10, 23)
-> Request 1
55
(1, 1, 2)
3
(61, 78)
-> Request 2
67
(1, 2, 2)
3
(59, 64)
-> Request 3
137
(3, 1, 1)
1
(10, 22)
-> Request 4
139
(3, 3, 1)
1
(65, 78)
-> Request 5
909
(4, 1, 1)
1
(52, 36)
-> Request 6
1085
(2, 2, 2)
3
(57, 70)
-> Request 7
1222
(4, 1, 1)
2
(51, 43)
--> Day : 4
-> Request 0
343
(3, 2, 1)
2
(56, 39)
-> Request 1
779
(4, 3, 2)
2
(55, 40)
-> Request 2
826
(2, 1, 2)
3
(62, 73)
-> Request 3
989
(2, 3, 1)
2
(59, 35)
-> Request 4
1127
(2, 2, 1)
1
(58, 66)
-> Request 5
1235
(2, 1, 1)
2
(12, 20)
---> Week : 31
--> Day : 0
-> Request 0
49
(4, 3, 1)
2
(54, 28)
-> Request 1
893
(4, 3, 1)
2
(63, 70)
-> Request 2
951
(1, 2, 1)
3
(65, 68)
-> Request 3
1122
(4, 3, 1)
1
(56, 29)
--> Day : 1
-> Request 0
44
(2, 3, 1)
1
(55, 36)
-> Request 1
135
(1, 2, 1)
2
(60, 29)
-> Request 2
148
(3, 3, 2)
1
(43, 34)
-> Request 3
362
(2, 1, 2)
3
(60, 37)
-> Request 4
450
(4, 2, 1)
1
(48, 28)
-> Request 5
1058
(1, 2, 2)
2
(65, 74)
-> Request 6
1218
(3, 1, 1)
3
(44, 32)
-> Request 7
1282
(2, 3, 2)
2
(57, 44)
--> Day : 2
-> Request 0
301
(2, 2, 1)
2
(15, 26)
-> Request 1
358
(4, 1, 2)
3
(44, 29)
-> Request 2
377
(1, 2, 1)
1
(53, 75)
-> Request 3
841
(2, 3, 2)
3
(60, 36)
--> Day : 3
-> Request 0
82
(1, 1, 2)
3
(48, 34)
-> Request 1
177
(1, 2, 2)
3
(55, 46)
-> Request 2
305
(3, 3, 1)
3
(58, 67)
-> Request 3
521
(1, 2, 2)
3
(16, 24)
-> Request 4
688
(3, 1, 2)
2
(60, 71)
-> Request 5
912
(2, 2, 1)
3
(51, 29)
-> Request 6
1103
(4, 3, 1)
1
(57, 28)
-> Request 7
1364
(1, 3, 2)
1
(50, 36)
--> Day : 4
-> Request 0
92
(2, 2, 1)
1
(64, 70)
-> Request 1
414
(3, 3, 2)
1
(62, 27)
-> Request 2
494
(4, 2, 1)
2
(52, 33)
-> Request 3
671
(2, 1, 1)
2
(60, 34)
-> Request 4
966
(4, 2, 1)
1
(63, 71)
-> Request 5
1028
(1, 3, 1)
3
(50, 27)
---> Week : 32
--> Day : 0
-> Request 0
56
(1, 2, 2)
1
(59, 76)
-> Request 1
228
(2, 1, 1)
2
(65, 70)
-> Request 2
233
(3, 1, 2)
2
(54, 74)
-> Request 3
254
(2, 3, 2)
1
(56, 40)
-> Request 4
591
(1, 1, 2)
1
(64, 77)
-> Request 5
708
(4, 3, 2)
3
(52, 78)
-> Request 6
897
(3, 1, 1)
1
(53, 65)
--> Day : 1
-> Request 0
236
(4, 3, 1)
3
(57, 40)
-> Request 1
519
(2, 1, 2)
1
(52, 40)
-> Request 2
847
(3, 1, 1)
2
(12, 25)
-> Request 3
1070
(2, 2, 2)
3
(58, 71)
-> Request 4
1170
(3, 3, 1)
3
(55, 39)
--> Day : 2
-> Request 0
323
(1, 1, 1)
2
(48, 30)
-> Request 1
516
(2, 3, 2)
3
(45, 35)
-> Request 2
643
(4, 1, 1)
1
(62, 34)
-> Request 3
820
(4, 3, 1)
1
(60, 27)
-> Request 4
1076
(3, 2, 1)
3
(60, 28)
-> Request 5
1279
(2, 3, 2)
2
(56, 45)
-> Request 6
1279
(3, 2, 1)
2
(57, 31)
-> Request 7
1383
(2, 2, 2)
3
(17, 23)
--> Day : 3
-> Request 0
751
(2, 3, 2)
2
(60, 77)
-> Request 1
884
(1, 2, 2)
1
(52, 70)
-> Request 2
1203
(2, 2, 2)
1
(49, 28)
-> Request 3
1354
(3, 1, 2)
2
(48, 33)
--> Day : 4
-> Request 0
367
(3, 3, 2)
1
(53, 64)
-> Request 1
457
(1, 1, 1)
2
(8, 23)
-> Request 2
913
(2, 3, 2)
3
(45, 29)
-> Request 3
1377
(2, 2, 2)
1
(10, 27)
---> Week : 33
--> Day : 0
-> Request 0
353
(2, 1, 1)
1
(50, 30)
-> Request 1
650
(2, 3, 1)
1
(13, 29)
-> Request 2
1021
(2, 2, 2)
3
(62, 75)
-> Request 3
1114
(3, 1, 1)
3
(62, 71)
-> Request 4
1133
(3, 1, 1)
2
(53, 67)
-> Request 5
1350
(4, 1, 2)
2
(53, 70)
--> Day : 1
-> Request 0
57
(2, 1, 2)
2
(12, 28)
-> Request 1
522
(3, 1, 2)
1
(15, 25)
-> Request 2
553
(3, 3, 2)
3
(14, 27)
-> Request 3
699
(3, 1, 1)
1
(59, 40)
-> Request 4
789
(1, 3, 1)
2
(54, 70)
-> Request 5
943
(3, 3, 2)
2
(48, 35)
-> Request 6
980
(2, 3, 2)
1
(64, 66)
-> Request 7
1066
(4, 1, 1)
3
(51, 37)
--> Day : 2
-> Request 0
3
(4, 1, 1)
1
(47, 46)
-> Request 1
77
(1, 2, 1)
1
(8, 23)
-> Request 2
243
(2, 2, 2)
1
(57, 40)
-> Request 3
321
(4, 1, 1)
3
(51, 37)
-> Request 4
354
(1, 2, 2)
1
(48, 45)
-> Request 5
916
(2, 3, 2)
3
(59, 37)
-> Request 6
1145
(1, 1, 2)
3
(60, 74)
--> Day : 3
-> Request 0
133
(1, 3, 2)
1
(11, 23)
-> Request 1
147
(4, 2, 1)
3
(59, 38)
-> Request 2
207
(1, 1, 1)
2
(53, 35)
-> Request 3
357
(3, 2, 1)
1
(43, 41)
-> Request 4
1111
(3, 1, 2)
1
(54, 66)
-> Request 5
1113
(2, 1, 2)
1
(49, 37)
--> Day : 4
-> Request 0
166
(2, 3, 1)
3
(58, 29)
-> Request 1
295
(1, 1, 1)
1
(52, 29)
-> Request 2
1297
(3, 1, 1)
2
(57, 64)
---> Week : 34
--> Day : 0
-> Request 0
392
(3, 2, 1)
1
(54, 45)
-> Request 1
421
(4, 3, 2)
1
(46, 27)
-> Request 2
473
(3, 3, 1)
2
(52, 73)
-> Request 3
617
(1, 1, 2)
1
(57, 67)
-> Request 4
761
(1, 2, 1)
2
(8, 27)
-> Request 5
860
(2, 2, 2)
1
(15, 26)
-> Request 6
1394
(3, 2, 2)
2
(61, 40)
--> Day : 1
-> Request 0
44
(3, 2, 2)
2
(10, 25)
-> Request 1
144
(4, 1, 2)
3
(48, 37)
-> Request 2
418
(3, 1, 1)
3
(59, 68)
-> Request 3
437
(1, 2, 1)
3
(59, 64)
-> Request 4
614
(3, 2, 2)
3
(61, 27)
-> Request 5
896
(2, 2, 1)
2
(52, 37)
-> Request 6
934
(2, 1, 1)
2
(47, 43)
--> Day : 2
-> Request 0
181
(4, 2, 2)
2
(66, 71)
-> Request 1
198
(2, 1, 2)
3
(48, 36)
-> Request 2
356
(2, 2, 2)
2
(52, 70)
-> Request 3
645
(2, 3, 1)
2
(55, 46)
-> Request 4
681
(4, 1, 1)
2
(59, 32)
-> Request 5
822
(3, 3, 2)
2
(17, 28)
-> Request 6
987
(4, 1, 1)
2
(61, 28)
--> Day : 3
-> Request 0
135
(3, 2, 2)
1
(13, 22)
-> Request 1
341
(4, 3, 1)
3
(44, 33)
-> Request 2
435
(4, 3, 2)
3
(47, 44)
-> Request 3
683
(1, 2, 2)
3
(55, 74)
-> Request 4
698
(4, 3, 2)
3
(59, 78)
-> Request 5
698
(3, 2, 2)
1
(57, 30)
-> Request 6
940
(1, 3, 2)
1
(58, 38)
--> Day : 4
-> Request 0
186
(4, 2, 2)
3
(47, 34)
-> Request 1
222
(1, 1, 2)
1
(48, 35)
-> Request 2
624
(1, 2, 1)
1
(57, 67)
-> Request 3
971
(1, 2, 2)
3
(47, 28)
-> Request 4
1261
(2, 2, 2)
1
(52, 71)
-> Request 5
1375
(4, 1, 1)
2
(57, 36)
-> Request 6
1392
(1, 2, 2)
1
(66, 68)
---> Week : 35
--> Day : 0
-> Request 0
75
(1, 2, 1)
3
(43, 32)
-> Request 1
244
(4, 3, 1)
1
(45, 31)
-> Request 2
287
(1, 2, 2)
1
(60, 70)
-> Request 3
709
(1, 2, 1)
2
(59, 31)
-> Request 4
751
(2, 3, 2)
3
(63, 74)
-> Request 5
787
(2, 1, 1)
3
(57, 37)
-> Request 6
1034
(2, 1, 2)
2
(57, 39)
-> Request 7
1121
(2, 3, 2)
2
(45, 30)
-> Request 8
1208
(4, 3, 2)
1
(17, 28)
-> Request 9
1297
(3, 2, 2)
1
(52, 68)
-> Request 10
1315
(2, 1, 2)
1
(62, 43)
-> Request 11
1329
(3, 2, 1)
2
(64, 73)
--> Day : 1
-> Request 0
8
(1, 2, 1)
3
(8, 22)
-> Request 1
39
(2, 1, 1)
3
(55, 65)
-> Request 2
424
(3, 2, 1)
1
(59, 41)
-> Request 3
775
(2, 1, 2)
1
(58, 71)
-> Request 4
882
(3, 2, 1)
2
(47, 37)
-> Request 5
953
(4, 2, 1)
2
(64, 75)
-> Request 6
1023
(3, 3, 1)
3
(61, 77)
-> Request 7
1272
(1, 3, 1)
1
(15, 22)
--> Day : 2
-> Request 0
33
(1, 2, 2)
1
(45, 40)
-> Request 1
161
(4, 1, 2)
3
(49, 37)
-> Request 2
1365
(1, 1, 1)
3
(52, 64)
--> Day : 3
-> Request 0
363
(4, 3, 2)
3
(64, 70)
-> Request 1
466
(4, 2, 2)
3
(47, 44)
-> Request 2
640
(1, 3, 2)
3
(60, 27)
-> Request 3
897
(4, 1, 1)
2
(47, 32)
--> Day : 4
-> Request 0
288
(4, 3, 1)
2
(8, 20)
-> Request 1
316
(2, 3, 1)
1
(61, 45)
-> Request 2
453
(3, 3, 1)
3
(52, 70)
-> Request 3
902
(4, 2, 1)
2
(62, 76)
-> Request 4
964
(1, 3, 1)
2
(60, 69)
-> Request 5
1367
(4, 2, 1)
3
(54, 40)
---> Week : 36
--> Day : 0
-> Request 0
140
(2, 2, 1)
2
(55, 42)
-> Request 1
250
(2, 3, 1)
2
(53, 68)
-> Request 2
255
(1, 2, 1)
1
(17, 21)
-> Request 3
959
(1, 2, 1)
2
(49, 43)
-> Request 4
985
(4, 1, 2)
2
(9, 27)
--> Day : 1
-> Request 0
112
(1, 3, 2)
3
(58, 36)
-> Request 1
522
(1, 2, 1)
1
(54, 33)
-> Request 2
538
(1, 2, 2)
1
(56, 72)
-> Request 3
1129
(3, 3, 1)
2
(12, 27)
--> Day : 2
-> Request 0
34
(4, 2, 1)
1
(53, 46)
-> Request 1
112
(4, 3, 1)
1
(13, 20)
-> Request 2
117
(4, 2, 1)
1
(57, 35)
-> Request 3
187
(4, 3, 2)
1
(48, 39)
-> Request 4
202
(1, 3, 1)
2
(58, 33)
-> Request 5
458
(4, 3, 1)
3
(66, 71)
-> Request 6
502
(3, 2, 1)
2
(60, 67)
-> Request 7
589
(2, 2, 2)
1
(44, 45)
-> Request 8
1290
(2, 2, 2)
1
(54, 30)
-> Request 9
1334
(4, 1, 2)
1
(15, 20)
--> Day : 3
-> Request 0
86
(1, 1, 2)
1
(53, 37)
-> Request 1
843
(4, 2, 2)
2
(9, 23)
-> Request 2
930
(1, 1, 2)
1
(46, 27)
--> Day : 4
-> Request 0
49
(1, 2, 1)
3
(60, 45)
-> Request 1
222
(4, 1, 1)
2
(9, 27)
-> Request 2
400
(2, 2, 2)
3
(50, 33)
-> Request 3
923
(4, 2, 2)
2
(44, 39)
-> Request 4
1082
(2, 2, 2)
2
(58, 66)
-> Request 5
1344
(3, 3, 2)
2
(54, 31)
-> Request 6
1398
(4, 1, 1)
1
(65, 73)
---> Week : 37
--> Day : 0
-> Request 0
212
(1, 1, 1)
1
(54, 78)
-> Request 1
406
(1, 3, 2)
1
(9, 28)
-> Request 2
560
(2, 1, 2)
2
(61, 33)
-> Request 3
687
(1, 2, 1)
2
(53, 36)
-> Request 4
714
(2, 1, 1)
1
(57, 45)
-> Request 5
1282
(4, 3, 2)
2
(13, 24)
--> Day : 1
-> Request 0
3
(2, 2, 2)
3
(52, 31)
-> Request 1
21
(3, 2, 1)
3
(47, 43)
-> Request 2
188
(4, 3, 2)
1
(44, 32)
-> Request 3
1208
(3, 3, 1)
3
(58, 69)
--> Day : 2
-> Request 0
74
(3, 2, 1)
3
(15, 25)
-> Request 1
159
(4, 2, 2)
3
(44, 37)
-> Request 2
805
(1, 1, 1)
2
(55, 40)
-> Request 3
1278
(3, 2, 2)
2
(58, 36)
-> Request 4
1370
(2, 2, 2)
1
(50, 34)
--> Day : 3
-> Request 0
356
(2, 1, 1)
3
(56, 78)
-> Request 1
625
(4, 2, 1)
2
(58, 78)
-> Request 2
833
(4, 2, 2)
1
(54, 30)
-> Request 3
1075
(1, 2, 1)
1
(65, 66)
-> Request 4
1131
(3, 3, 2)
3
(54, 74)
-> Request 5
1256
(1, 2, 1)
3
(8, 25)
--> Day : 4
-> Request 0
268
(2, 2, 1)
3
(44, 46)
-> Request 1
428
(4, 1, 1)
3
(55, 40)
-> Request 2
515
(4, 1, 2)
3
(8, 25)
-> Request 3
1067
(1, 3, 1)
1
(60, 38)
-> Request 4
1139
(4, 1, 2)
3
(50, 27)
-> Request 5
1159
(2, 1, 1)
2
(59, 32)
---> Week : 38
--> Day : 0
-> Request 0
609
(1, 2, 1)
1
(60, 37)
-> Request 1
706
(1, 2, 1)
1
(9, 23)
-> Request 2
1327
(1, 2, 1)
2
(63, 73)
-> Request 3
1384
(4, 2, 1)
3
(59, 29)
--> Day : 1
-> Request 0
16
(2, 1, 2)
1
(43, 29)
-> Request 1
280
(1, 3, 1)
1
(8, 29)
-> Request 2
321
(2, 3, 2)
2
(51, 45)
-> Request 3
935
(2, 3, 2)
1
(55, 68)
-> Request 4
986
(2, 3, 1)
3
(58, 73)
-> Request 5
1336
(4, 3, 1)
1
(62, 78)
--> Day : 2
-> Request 0
6
(4, 3, 2)
1
(12, 24)
-> Request 1
49
(1, 3, 2)
3
(66, 78)
-> Request 2
745
(1, 1, 1)
2
(48, 42)
--> Day : 3
-> Request 0
43
(4, 1, 1)
3
(56, 31)
-> Request 1
65
(1, 3, 2)
2
(57, 35)
-> Request 2
545
(2, 1, 2)
1
(59, 30)
-> Request 3
727
(2, 1, 1)
2
(45, 29)
-> Request 4
882
(2, 1, 2)
1
(60, 42)
-> Request 5
882
(1, 2, 1)
2
(57, 76)
-> Request 6
889
(4, 3, 2)
2
(58, 68)
-> Request 7
1083
(4, 1, 2)
2
(9, 20)
-> Request 8
1318
(2, 1, 1)
2
(43, 45)
--> Day : 4
-> Request 0
521
(1, 1, 2)
3
(58, 29)
-> Request 1
615
(3, 1, 2)
3
(50, 42)
-> Request 2
926
(2, 1, 2)
1
(53, 41)
-> Request 3
1118
(2, 3, 2)
3
(56, 66)
---> Week : 39
--> Day : 0
-> Request 0
239
(1, 1, 1)
3
(57, 71)
-> Request 1
311
(4, 1, 1)
2
(10, 23)
-> Request 2
438
(2, 1, 1)
3
(60, 38)
-> Request 3
812
(1, 2, 2)
1
(58, 68)
-> Request 4
818
(1, 1, 2)
3
(49, 46)
-> Request 5
1049
(1, 3, 2)
2
(61, 27)
--> Day : 1
-> Request 0
24
(4, 3, 2)
2
(61, 39)
-> Request 1
45
(2, 3, 1)
1
(61, 72)
-> Request 2
123
(2, 3, 2)
2
(53, 39)
-> Request 3
149
(2, 3, 2)
1
(57, 38)
-> Request 4
462
(2, 1, 1)
1
(58, 32)
-> Request 5
1296
(1, 3, 2)
1
(46, 29)
--> Day : 2
-> Request 0
67
(4, 1, 2)
1
(61, 39)
-> Request 1
379
(2, 2, 2)
2
(48, 40)
-> Request 2
623
(2, 2, 1)
3
(59, 36)
-> Request 3
1258
(1, 2, 2)
3
(61, 36)
--> Day : 3
-> Request 0
129
(3, 1, 2)
1
(53, 72)
-> Request 1
268
(3, 3, 1)
2
(51, 41)
-> Request 2
383
(4, 1, 2)
3
(54, 76)
-> Request 3
537
(4, 2, 1)
2
(60, 78)
-> Request 4
540
(3, 2, 1)
3
(56, 33)
-> Request 5
1024
(3, 2, 2)
2
(47, 45)
--> Day : 4
-> Request 0
370
(1, 1, 2)
2
(52, 69)
-> Request 1
583
(3, 2, 1)
2
(63, 66)
-> Request 2
687
(4, 1, 2)
1
(17, 20)
-> Request 3
787
(1, 3, 2)
3
(58, 36)
-> Request 4
1153
(2, 1, 2)
1
(52, 45)
---> Week : 40
--> Day : 0
-> Request 0
98
(1, 1, 1)
3
(53, 73)
-> Request 1
600
(1, 3, 2)
3
(60, 33)
-> Request 2
799
(3, 2, 1)
3
(61, 35)
-> Request 3
953
(2, 2, 1)
2
(55, 34)
-> Request 4
1314
(4, 1, 1)
2
(58, 73)
--> Day : 1
-> Request 0
321
(1, 1, 2)
3
(45, 32)
-> Request 1
401
(1, 3, 2)
3
(45, 46)
-> Request 2
420
(4, 2, 1)
3
(57, 40)
-> Request 3
951
(4, 1, 2)
3
(54, 43)
-> Request 4
1139
(1, 1, 2)
1
(15, 25)
-> Request 5
1310
(3, 1, 1)
1
(8, 24)
--> Day : 2
-> Request 0
609
(3, 1, 1)
3
(57, 45)
-> Request 1
880
(2, 2, 2)
1
(43, 30)
-> Request 2
1069
(1, 3, 2)
1
(55, 38)
-> Request 3
1097
(2, 3, 1)
3
(65, 69)
-> Request 4
1123
(4, 3, 2)
1
(43, 43)
-> Request 5
1132
(2, 3, 2)
3
(59, 72)
--> Day : 3
-> Request 0
182
(4, 3, 2)
1
(61, 37)
-> Request 1
260
(1, 1, 2)
3
(57, 42)
-> Request 2
581
(1, 1, 2)
3
(45, 44)
-> Request 3
588
(4, 1, 1)
1
(64, 68)
-> Request 4
696
(2, 2, 1)
3
(55, 35)
-> Request 5
1154
(4, 3, 2)
2
(55, 45)
-> Request 6
1395
(2, 3, 1)
3
(47, 38)
--> Day : 4
-> Request 0
123
(1, 2, 2)
3
(64, 75)
-> Request 1
659
(4, 2, 1)
1
(54, 31)
-> Request 2
1107
(3, 3, 2)
3
(54, 31)
-> Request 3
1417
(4, 3, 2)
1
(13, 28)
---> Week : 41
--> Day : 0
-> Request 0
49
(3, 2, 2)
2
(59, 34)
-> Request 1
101
(4, 3, 1)
1
(52, 76)
-> Request 2
181
(4, 3, 2)
1
(55, 40)
-> Request 3
316
(1, 3, 1)
1
(56, 78)
-> Request 4
378
(4, 3, 1)
2
(44, 30)
-> Request 5
439
(4, 2, 1)
3
(66, 72)
-> Request 6
745
(2, 3, 2)
1
(57, 38)
-> Request 7
1057
(1, 2, 2)
3
(49, 33)
-> Request 8
1096
(3, 1, 1)
3
(58, 32)
--> Day : 1
-> Request 0
589
(4, 2, 1)
2
(49, 43)
-> Request 1
738
(2, 1, 2)
3
(53, 73)
-> Request 2
790
(3, 2, 2)
3
(14, 27)
-> Request 3
1010
(3, 2, 1)
2
(66, 76)
-> Request 4
1253
(1, 3, 2)
1
(53, 44)
-> Request 5
1435
(2, 2, 2)
3
(66, 69)
--> Day : 2
-> Request 0
16
(1, 1, 2)
3
(53, 65)
-> Request 1
198
(3, 3, 2)
1
(43, 41)
-> Request 2
352
(1, 3, 2)
1
(49, 35)
-> Request 3
504
(2, 2, 1)
2
(56, 70)
-> Request 4
790
(3, 3, 2)
1
(60, 43)
-> Request 5
1012
(4, 3, 1)
1
(56, 64)
-> Request 6
1178
(3, 1, 2)
2
(60, 34)
--> Day : 3
-> Request 0
737
(1, 2, 1)
2
(56, 71)
-> Request 1
913
(1, 2, 2)
3
(60, 45)
-> Request 2
935
(4, 2, 2)
2
(64, 64)
-> Request 3
1325
(2, 1, 1)
1
(63, 66)
--> Day : 4
-> Request 0
175
(4, 2, 1)
1
(61, 27)
-> Request 1
182
(4, 2, 2)
2
(48, 35)
-> Request 2
245
(2, 1, 2)
2
(13, 24)
-> Request 3
421
(3, 3, 1)
1
(54, 36)
-> Request 4
451
(3, 1, 2)
1
(52, 46)
-> Request 5
554
(3, 2, 2)
1
(63, 66)
-> Request 6
726
(4, 3, 2)
1
(63, 67)
-> Request 7
731
(3, 2, 2)
2
(16, 22)
-> Request 8
903
(3, 2, 1)
3
(11, 29)
-> Request 9
1276
(4, 1, 2)
2
(52, 31)
-> Request 10
1352
(3, 1, 2)
2
(64, 70)
-> Request 11
1372
(2, 3, 1)
2
(60, 41)
-> Request 12
1392
(1, 3, 2)
3
(57, 78)
---> Week : 42
--> Day : 0
-> Request 0
232
(4, 3, 1)
1
(56, 29)
-> Request 1
258
(3, 1, 1)
3
(17, 20)
-> Request 2
629
(2, 1, 2)
3
(12, 23)
-> Request 3
641
(1, 1, 2)
1
(62, 42)
-> Request 4
646
(3, 2, 1)
1
(59, 40)
-> Request 5
957
(3, 2, 2)
2
(60, 76)
-> Request 6
1297
(1, 1, 2)
2
(55, 38)
--> Day : 1
-> Request 0
513
(2, 1, 1)
3
(62, 41)
-> Request 1
676
(3, 3, 2)
3
(14, 23)
-> Request 2
987
(3, 1, 1)
1
(51, 43)
-> Request 3
1280
(4, 2, 1)
1
(53, 41)
-> Request 4
1327
(1, 2, 1)
1
(17, 27)
-> Request 5
1359
(3, 3, 1)
3
(57, 32)
--> Day : 2
-> Request 0
283
(2, 2, 2)
2
(47, 29)
-> Request 1
661
(1, 3, 2)
1
(53, 78)
-> Request 2
716
(3, 1, 2)
2
(58, 74)
-> Request 3
887
(2, 2, 1)
3
(17, 20)
--> Day : 3
-> Request 0
21
(3, 3, 2)
2
(51, 32)
-> Request 1
34
(1, 1, 1)
2
(48, 32)
-> Request 2
43
(3, 2, 2)
1
(59, 66)
-> Request 3
78
(2, 1, 1)
2
(59, 37)
-> Request 4
351
(4, 3, 1)
1
(60, 27)
-> Request 5
414
(1, 1, 1)
2
(52, 74)
-> Request 6
578
(3, 2, 2)
2
(53, 40)
-> Request 7
685
(3, 3, 1)
2
(12, 23)
-> Request 8
765
(3, 2, 2)
3
(59, 75)
-> Request 9
1072
(2, 1, 2)
3
(55, 45)
-> Request 10
1110
(3, 2, 1)
1
(64, 78)
-> Request 11
1168
(1, 1, 2)
1
(57, 41)
--> Day : 4
-> Request 0
639
(4, 2, 2)
2
(62, 75)
-> Request 1
1220
(2, 1, 2)
1
(55, 30)
-> Request 2
1252
(1, 3, 1)
2
(65, 69)
-> Request 3
1289
(3, 3, 2)
2
(64, 65)
---> Week : 43
--> Day : 0
-> Request 0
2
(3, 1, 1)
3
(62, 78)
-> Request 1
253
(2, 1, 2)
1
(43, 35)
-> Request 2
401
(3, 1, 2)
3
(14, 26)
-> Request 3
667
(1, 3, 2)
2
(57, 27)
-> Request 4
1118
(1, 3, 1)
1
(53, 67)
-> Request 5
1163
(1, 1, 2)
2
(50, 41)
--> Day : 1
-> Request 0
235
(2, 2, 2)
2
(49, 29)
-> Request 1
268
(3, 1, 2)
2
(13, 21)
-> Request 2
1033
(3, 1, 1)
2
(58, 42)
-> Request 3
1096
(4, 3, 2)
2
(45, 28)
-> Request 4
1312
(1, 1, 2)
3
(53, 45)
--> Day : 2
-> Request 0
176
(1, 2, 2)
3
(47, 35)
-> Request 1
369
(2, 2, 2)
3
(54, 45)
-> Request 2
401
(1, 3, 2)
2
(51, 46)
-> Request 3
700
(2, 2, 1)
2
(60, 75)
-> Request 4
717
(1, 2, 1)
2
(51, 45)
-> Request 5
1010
(3, 2, 2)
3
(57, 29)
-> Request 6
1237
(4, 2, 2)
2
(56, 76)
-> Request 7
1359
(1, 1, 1)
2
(62, 39)
--> Day : 3
-> Request 0
630
(4, 3, 2)
2
(52, 71)
-> Request 1
1255
(3, 1, 1)
1
(52, 65)
-> Request 2
1318
(4, 2, 2)
3
(12, 20)
--> Day : 4
-> Request 0
311
(4, 3, 1)
1
(49, 40)
-> Request 1
607
(3, 3, 1)
3
(46, 37)
-> Request 2
842
(1, 2, 1)
3
(52, 43)
-> Request 3
959
(4, 1, 2)
2
(53, 39)
-> Request 4
1382
(1, 3, 2)
1
(49, 40)
---> Week : 44
--> Day : 0
-> Request 0
182
(1, 1, 1)
1
(60, 66)
-> Request 1
212
(4, 1, 2)
2
(57, 65)
-> Request 2
288
(4, 2, 1)
1
(52, 77)
-> Request 3
461
(1, 3, 1)
1
(55, 36)
-> Request 4
566
(2, 1, 1)
2
(56, 75)
-> Request 5
1083
(2, 2, 2)
2
(62, 40)
-> Request 6
1215
(3, 2, 2)
2
(60, 64)
--> Day : 1
-> Request 0
581
(4, 2, 1)
1
(15, 23)
-> Request 1
670
(3, 1, 1)
3
(59, 78)
-> Request 2
687
(1, 3, 1)
2
(61, 46)
-> Request 3
823
(4, 3, 2)
1
(59, 43)
-> Request 4
1193
(4, 2, 2)
1
(59, 72)
-> Request 5
1245
(4, 3, 2)
1
(44, 45)
--> Day : 2
-> Request 0
50
(1, 2, 2)
2
(43, 35)
-> Request 1
279
(1, 3, 2)
1
(56, 72)
-> Request 2
328
(3, 3, 1)
3
(45, 42)
-> Request 3
809
(2, 3, 1)
1
(14, 24)
-> Request 4
1129
(2, 3, 2)
1
(55, 42)
--> Day : 3
-> Request 0
116
(4, 3, 2)
1
(45, 37)
-> Request 1
564
(2, 3, 1)
2
(11, 29)
-> Request 2
954
(2, 2, 1)
2
(47, 28)
--> Day : 4
-> Request 0
30
(2, 1, 2)
1
(9, 21)
-> Request 1
31
(1, 2, 2)
2
(57, 77)
-> Request 2
165
(1, 1, 1)
3
(65, 70)
-> Request 3
215
(1, 3, 1)
3
(64, 68)
-> Request 4
454
(3, 1, 2)
3
(13, 27)
-> Request 5
931
(3, 2, 1)
1
(8, 29)
-> Request 6
1206
(1, 1, 1)
2
(56, 39)
-> Request 7
1233
(2, 2, 1)
2
(15, 23)
---> Week : 45
--> Day : 0
-> Request 0
253
(2, 2, 1)
3
(57, 31)
-> Request 1
534
(1, 3, 1)
2
(55, 66)
-> Request 2
1088
(4, 2, 1)
2
(62, 67)
--> Day : 1
-> Request 0
148
(4, 3, 2)
3
(54, 43)
-> Request 1
676
(3, 2, 1)
3
(54, 28)
-> Request 2
961
(3, 1, 2)
2
(49, 28)
--> Day : 2
-> Request 0
107
(2, 2, 1)
3
(61, 77)
-> Request 1
287
(1, 2, 2)
2
(51, 27)
-> Request 2
487
(4, 2, 1)
1
(62, 28)
-> Request 3
705
(2, 2, 1)
2
(56, 31)
-> Request 4
828
(4, 2, 1)
2
(11, 26)
-> Request 5
950
(2, 3, 1)
2
(9, 29)
-> Request 6
1387
(3, 3, 1)
1
(66, 64)
-> Request 7
1403
(3, 1, 2)
2
(66, 69)
--> Day : 3
-> Request 0
49
(4, 3, 1)
1
(55, 67)
-> Request 1
210
(3, 1, 1)
3
(61, 77)
-> Request 2
483
(3, 3, 1)
2
(59, 42)
-> Request 3
879
(3, 2, 1)
3
(56, 37)
-> Request 4
888
(1, 1, 1)
3
(49, 31)
-> Request 5
947
(4, 1, 2)
1
(65, 71)
-> Request 6
1085
(4, 3, 1)
1
(57, 32)
--> Day : 4
-> Request 0
349
(3, 3, 1)
1
(62, 27)
-> Request 1
589
(2, 2, 2)
3
(47, 32)
-> Request 2
802
(1, 3, 2)
3
(48, 30)
-> Request 3
968
(2, 2, 1)
3
(66, 77)
-> Request 4
1223
(3, 3, 2)
3
(62, 64)
-> Request 5
1225
(2, 2, 1)
3
(51, 42)
-> Request 6
1311
(2, 3, 1)
3
(10, 22)
---> Week : 46
--> Day : 0
-> Request 0
151
(2, 1, 2)
1
(46, 42)
-> Request 1
178
(3, 1, 2)
3
(58, 40)
-> Request 2
213
(4, 3, 2)
2
(43, 46)
-> Request 3
249
(1, 1, 1)
3
(65, 72)
-> Request 4
356
(2, 3, 1)
2
(63, 77)
-> Request 5
448
(1, 1, 1)
2
(56, 28)
-> Request 6
552
(3, 3, 2)
1
(16, 23)
-> Request 7
795
(3, 2, 1)
3
(52, 38)
-> Request 8
1015
(2, 2, 1)
2
(43, 37)
-> Request 9
1104
(3, 2, 1)
2
(51, 41)
-> Request 10
1147
(3, 3, 2)
2
(55, 69)
-> Request 11
1387
(2, 1, 1)
1
(44, 31)
--> Day : 1
-> Request 0
612
(1, 2, 2)
1
(58, 40)
-> Request 1
842
(2, 1, 2)
2
(60, 45)
-> Request 2
993
(2, 2, 2)
2
(49, 42)
-> Request 3
1017
(3, 3, 1)
3
(55, 75)
-> Request 4
1062
(2, 2, 2)
3
(66, 67)
-> Request 5
1067
(1, 3, 1)
2
(44, 34)
-> Request 6
1402
(3, 2, 1)
3
(47, 41)
--> Day : 2
-> Request 0
342
(3, 2, 1)
2
(59, 67)
-> Request 1
720
(3, 2, 1)
3
(10, 21)
-> Request 2
776
(4, 2, 2)
1
(43, 36)
-> Request 3
812
(3, 1, 1)
3
(60, 37)
--> Day : 3
-> Request 0
574
(2, 1, 1)
1
(62, 74)
-> Request 1
842
(4, 2, 2)
1
(58, 29)
--> Day : 4
-> Request 0
207
(3, 1, 2)
3
(43, 34)
-> Request 1
272
(2, 3, 2)
2
(53, 65)
-> Request 2
316
(3, 1, 2)
1
(58, 76)
-> Request 3
672
(3, 2, 2)
2
(50, 35)
-> Request 4
874
(1, 3, 2)
1
(56, 74)
---> Week : 47
--> Day : 0
-> Request 0
256
(2, 3, 2)
3
(15, 28)
-> Request 1
442
(2, 3, 2)
2
(48, 46)
-> Request 2
654
(3, 2, 2)
2
(54, 68)
-> Request 3
1014
(3, 1, 2)
3
(43, 30)
-> Request 4
1139
(4, 2, 1)
1
(62, 43)
-> Request 5
1321
(1, 2, 2)
2
(58, 30)
-> Request 6
1393
(1, 2, 2)
2
(59, 29)
--> Day : 1
-> Request 0
33
(2, 3, 1)
1
(45, 43)
-> Request 1
200
(4, 3, 1)
2
(60, 28)
-> Request 2
634
(2, 1, 2)
1
(10, 22)
-> Request 3
913
(2, 1, 2)
3
(66, 78)
-> Request 4
974
(1, 1, 1)
2
(64, 64)
-> Request 5
1017
(4, 3, 2)
2
(58, 70)
--> Day : 2
-> Request 0
24
(4, 2, 1)
2
(52, 66)
-> Request 1
142
(4, 3, 1)
2
(55, 42)
-> Request 2
183
(3, 3, 1)
2
(58, 42)
-> Request 3
349
(1, 1, 1)
3
(15, 22)
-> Request 4
468
(4, 3, 2)
3
(62, 44)
-> Request 5
788
(4, 1, 2)
2
(51, 42)
-> Request 6
1368
(3, 2, 2)
3
(8, 24)
--> Day : 3
-> Request 0
153
(4, 2, 1)
2
(48, 27)
-> Request 1
251
(4, 1, 1)
3
(45, 44)
-> Request 2
458
(4, 3, 2)
1
(55, 31)
-> Request 3
476
(1, 3, 1)
2
(61, 44)
-> Request 4
1224
(1, 1, 2)
3
(56, 69)
--> Day : 4
-> Request 0
160
(4, 2, 2)
3
(49, 33)
-> Request 1
288
(1, 2, 2)
1
(46, 44)
-> Request 2
725
(4, 1, 2)
1
(62, 29)
-> Request 3
1232
(2, 1, 2)
3
(43, 36)
-> Request 4
1243
(4, 1, 2)
3
(54, 75)
-> Request 5
1295
(4, 3, 1)
1
(60, 33)
---> Week : 48
--> Day : 0
-> Request 0
99
(3, 3, 2)
2
(59, 38)
-> Request 1
141
(3, 1, 2)
3
(43, 46)
-> Request 2
160
(4, 2, 2)
1
(57, 39)
-> Request 3
334
(4, 3, 1)
2
(63, 72)
-> Request 4
353
(4, 3, 2)
2
(52, 78)
-> Request 5
830
(3, 3, 1)
2
(14, 26)
-> Request 6
884
(2, 3, 2)
2
(52, 70)
-> Request 7
896
(2, 3, 2)
3
(9, 20)
-> Request 8
1007
(4, 3, 2)
3
(65, 69)
-> Request 9
1191
(3, 3, 1)
2
(48, 31)
-> Request 10
1337
(1, 1, 2)
3
(57, 66)
--> Day : 1
-> Request 0
257
(3, 2, 1)
2
(44, 33)
-> Request 1
879
(1, 1, 1)
3
(48, 41)
-> Request 2
883
(3, 1, 2)
2
(14, 22)
-> Request 3
889
(3, 1, 2)
1
(48, 37)
-> Request 4
952
(3, 3, 2)
3
(64, 68)
-> Request 5
1244
(1, 2, 1)
1
(9, 26)
-> Request 6
1435
(1, 3, 1)
3
(16, 26)
--> Day : 2
-> Request 0
361
(3, 1, 1)
2
(15, 23)
-> Request 1
393
(4, 1, 2)
2
(8, 27)
-> Request 2
586
(4, 2, 2)
1
(56, 41)
-> Request 3
644
(4, 1, 2)
2
(57, 40)
-> Request 4
874
(2, 3, 2)
1
(66, 72)
-> Request 5
921
(4, 1, 2)
2
(60, 65)
-> Request 6
1056
(2, 2, 2)
2
(56, 32)
-> Request 7
1090
(4, 2, 1)
2
(60, 75)
--> Day : 3
-> Request 0
64
(3, 1, 2)
1
(60, 42)
-> Request 1
95
(1, 1, 2)
1
(57, 37)
-> Request 2
212
(1, 1, 1)
3
(53, 35)
-> Request 3
353
(4, 2, 2)
1
(62, 75)
-> Request 4
475
(2, 1, 2)
1
(17, 22)
-> Request 5
1214
(2, 2, 1)
3
(56, 32)
-> Request 6
1433
(3, 3, 2)
1
(59, 37)
--> Day : 4
-> Request 0
384
(4, 1, 1)
3
(49, 36)
-> Request 1
655
(4, 2, 2)
3
(9, 22)
-> Request 2
658
(4, 2, 1)
2
(52, 70)
-> Request 3
667
(3, 1, 2)
2
(8, 28)
-> Request 4
702
(1, 2, 1)
3
(54, 29)
-> Request 5
934
(2, 2, 1)
1
(60, 77)
-> Request 6
1050
(2, 3, 2)
2
(52, 30)
-> Request 7
1353
(3, 1, 1)
1
(57, 67)
---> Week : 49
--> Day : 0
-> Request 0
24
(3, 2, 2)
1
(49, 32)
-> Request 1
132
(4, 1, 1)
3
(48, 28)
-> Request 2
452
(2, 1, 1)
3
(54, 29)
-> Request 3
714
(1, 1, 1)
3
(51, 37)
-> Request 4
1287
(4, 3, 2)
3
(48, 40)
--> Day : 1
-> Request 0
47
(4, 1, 1)
1
(49, 37)
-> Request 1
113
(1, 2, 2)
1
(61, 66)
-> Request 2
119
(1, 2, 1)
2
(46, 34)
-> Request 3
135
(3, 1, 2)
1
(48, 46)
-> Request 4
166
(3, 1, 2)
3
(57, 46)
-> Request 5
357
(2, 2, 1)
3
(54, 45)
-> Request 6
367
(3, 2, 2)
1
(48, 33)
-> Request 7
528
(3, 1, 1)
2
(47, 44)
-> Request 8
625
(3, 1, 1)
2
(56, 30)
-> Request 9
1148
(3, 1, 2)
3
(55, 68)
-> Request 10
1223
(2, 2, 1)
2
(10, 26)
-> Request 11
1332
(3, 2, 1)
2
(66, 72)
-> Request 12
1413
(3, 3, 1)
1
(61, 38)
--> Day : 2
-> Request 0
116
(1, 3, 2)
2
(55, 78)
-> Request 1
169
(3, 2, 1)
1
(62, 78)
-> Request 2
359
(2, 3, 1)
3
(52, 72)
-> Request 3
787
(3, 1, 1)
3
(64, 68)
-> Request 4
1007
(3, 3, 1)
1
(60, 74)
-> Request 5
1320
(4, 1, 1)
1
(10, 21)
-> Request 6
1404
(3, 3, 2)
2
(11, 20)
--> Day : 3
-> Request 0
530
(4, 2, 1)
1
(62, 64)
-> Request 1
608
(4, 2, 1)
3
(66, 70)
-> Request 2
650
(1, 3, 2)
2
(57, 65)
-> Request 3
810
(1, 3, 2)
3
(55, 38)
-> Request 4
1023
(4, 2, 2)
3
(60, 66)
-> Request 5
1114
(1, 1, 2)
1
(44, 35)
-> Request 6
1342
(1, 1, 1)
3
(17, 26)
-> Request 7
1404
(4, 1, 2)
2
(61, 34)
-> Request 8
1436
(4, 2, 2)
2
(52, 31)
--> Day : 4
-> Request 0
233
(4, 1, 2)
2
(47, 41)
-> Request 1
234
(2, 1, 2)
2
(52, 39)
-> Request 2
757
(2, 2, 1)
2
(52, 37)
-> Request 3
1019
(3, 1, 2)
1
(51, 44)
-> Request 4
1086
(4, 1, 2)
1
(58, 73)
-> Request 5
1366
(2, 3, 1)
2
(62, 34)
---> Week : 50
--> Day : 0
-> Request 0
219
(2, 3, 2)
3
(61, 32)
-> Request 1
248
(1, 1, 1)
3
(62, 69)
-> Request 2
334
(4, 3, 2)
3
(12, 22)
-> Request 3
399
(2, 2, 1)
1
(46, 34)
-> Request 4
446
(1, 2, 1)
2
(13, 28)
-> Request 5
670
(4, 1, 2)
1
(62, 75)
--> Day : 1
-> Request 0
1236
(3, 1, 1)
2
(61, 73)
-> Request 1
1261
(3, 3, 2)
3
(52, 65)
-> Request 2
1379
(3, 1, 1)
3
(56, 35)
--> Day : 2
-> Request 0
385
(2, 2, 2)
3
(53, 71)
-> Request 1
601
(2, 1, 2)
3
(54, 75)
-> Request 2
907
(2, 1, 1)
1
(53, 74)
-> Request 3
1289
(2, 1, 1)
1
(53, 70)
-> Request 4
1376
(1, 3, 1)
3
(53, 70)
--> Day : 3
-> Request 0
52
(4, 2, 2)
3
(53, 46)
-> Request 1
141
(2, 3, 1)
2
(17, 26)
-> Request 2
268
(2, 3, 1)
3
(47, 44)
-> Request 3
635
(1, 3, 2)
3
(8, 25)
-> Request 4
659
(1, 2, 1)
2
(43, 38)
-> Request 5
1009
(4, 1, 2)
1
(44, 34)
-> Request 6
1262
(3, 3, 2)
3
(8, 23)
-> Request 7
1351
(3, 1, 1)
1
(59, 65)
-> Request 8
1398
(2, 1, 1)
3
(11, 25)
--> Day : 4
-> Request 0
38
(4, 2, 1)
1
(53, 69)
-> Request 1
243
(2, 2, 2)
1
(62, 32)
-> Request 2
472
(1, 1, 1)
1
(44, 45)
-> Request 3
817
(4, 1, 2)
2
(64, 70)
-> Request 4
997
(3, 1, 1)
3
(64, 70)
---> Week : 51
--> Day : 0
-> Request 0
63
(1, 1, 2)
2
(52, 33)
-> Request 1
190
(2, 1, 2)
2
(57, 76)
-> Request 2
569
(4, 2, 1)
3
(14, 25)
-> Request 3
855
(4, 1, 1)
2
(10, 20)
-> Request 4
1303
(1, 2, 2)
1
(63, 78)
-> Request 5
1381
(1, 1, 1)
1
(52, 36)
--> Day : 1
-> Request 0
313
(3, 2, 1)
2
(63, 74)
-> Request 1
597
(3, 1, 1)
3
(60, 66)
-> Request 2
770
(4, 1, 2)
1
(63, 72)
-> Request 3
902
(3, 3, 2)
1
(57, 36)
-> Request 4
967
(4, 1, 1)
3
(50, 44)
-> Request 5
978
(4, 1, 1)
2
(55, 73)
-> Request 6
1140
(3, 3, 2)
3
(60, 69)
-> Request 7
1160
(4, 1, 1)
1
(55, 45)
--> Day : 2
-> Request 0
295
(3, 1, 2)
1
(62, 66)
-> Request 1
1083
(4, 3, 1)
3
(53, 43)
-> Request 2
1246
(1, 2, 1)
3
(59, 69)
--> Day : 3
-> Request 0
11
(4, 3, 1)
2
(61, 64)
-> Request 1
11
(1, 2, 1)
3
(50, 37)
-> Request 2
315
(2, 1, 2)
2
(15, 23)
-> Request 3
978
(2, 3, 1)
2
(59, 33)
-> Request 4
982
(2, 3, 1)
1
(11, 23)
--> Day : 4
-> Request 0
92
(2, 2, 2)
3
(47, 32)
-> Request 1
163
(1, 3, 2)
1
(48, 34)
-> Request 2
314
(1, 1, 1)
3
(53, 75)
-> Request 3
694
(3, 3, 2)
3
(58, 64)
-> Request 4
1031
(2, 3, 2)
2
(65, 65)
-> Request 5
1270
(4, 2, 2)
1
(66, 68)
---> Week : 52
--> Day : 0
-> Request 0
324
(1, 3, 1)
3
(59, 64)
-> Request 1
614
(2, 2, 2)
3
(61, 78)
-> Request 2
1104
(1, 1, 1)
1
(49, 33)
-> Request 3
1163
(2, 2, 1)
3
(60, 66)
-> Request 4
1242
(4, 3, 2)
2
(17, 23)
-> Request 5
1306
(1, 2, 2)
3
(9, 24)
-> Request 6
1434
(3, 3, 2)
2
(59, 67)
--> Day : 1
-> Request 0
21
(2, 1, 2)
2
(52, 71)
-> Request 1
483
(4, 1, 1)
2
(43, 40)
-> Request 2
555
(2, 2, 2)
2
(61, 75)
-> Request 3
665
(2, 1, 1)
2
(58, 30)
-> Request 4
995
(4, 2, 2)
3
(52, 33)
-> Request 5
1037
(3, 2, 1)
2
(16, 25)
-> Request 6
1118
(4, 1, 1)
2
(65, 65)
-> Request 7
1125
(1, 3, 1)
1
(62, 44)
-> Request 8
1299
(1, 3, 1)
2
(53, 42)
-> Request 9
1320
(4, 3, 2)
1
(43, 27)
--> Day : 2
-> Request 0
190
(2, 3, 1)
2
(61, 75)
-> Request 1
577
(2, 3, 2)
1
(58, 77)
-> Request 2
1060
(4, 3, 2)
1
(60, 29)
-> Request 3
1065
(1, 1, 2)
2
(11, 20)
--> Day : 3
-> Request 0
427
(3, 3, 1)
3
(60, 71)
-> Request 1
473
(3, 3, 1)
1
(64, 75)
-> Request 2
495
(3, 3, 1)
2
(45, 30)
-> Request 3
515
(1, 3, 1)
3
(60, 46)
-> Request 4
696
(3, 3, 1)
1
(56, 66)
-> Request 5
777
(3, 1, 2)
2
(52, 76)
-> Request 6
777
(2, 3, 1)
2
(61, 36)
-> Request 7
1015
(3, 2, 1)
2
(59, 64)
-> Request 8
1235
(2, 1, 2)
1
(56, 66)
-> Request 9
1357
(1, 2, 1)
2
(8, 23)
-> Request 10
1363
(3, 1, 1)
1
(61, 32)
--> Day : 4
-> Request 0
20
(1, 3, 1)
1
(44, 44)
-> Request 1
51
(2, 1, 2)
3
(59, 72)
-> Request 2
199
(4, 1, 1)
3
(62, 64)
-> Request 3
273
(1, 2, 2)
1
(8, 28)
-> Request 4
336
(4, 1, 1)
3
(52, 42)
-> Request 5
449
(1, 1, 2)
3
(54, 41)
-> Request 6
1384
(4, 3, 1)
3
(59, 41)
---> Week : 53
--> Day : 0
-> Request 0
349
(2, 1, 1)
1
(51, 44)
-> Request 1
356
(3, 3, 1)
2
(56, 66)
-> Request 2
502
(4, 2, 1)
1
(60, 46)
-> Request 3
628
(1, 2, 2)
2
(60, 34)
-> Request 4
730
(1, 2, 1)
2
(44, 28)
-> Request 5
875
(2, 1, 2)
3
(61, 30)
-> Request 6
906
(1, 3, 2)
1
(54, 76)
-> Request 7
911
(2, 2, 1)
2
(46, 31)
-> Request 8
1180
(2, 1, 2)
2
(16, 28)
-> Request 9
1283
(1, 2, 1)
1
(11, 21)
-> Request 10
1412
(3, 1, 1)
3
(11, 28)
--> Day : 1
-> Request 0
436
(3, 2, 1)
1
(54, 46)
-> Request 1
811
(4, 3, 1)
1
(43, 43)
-> Request 2
1268
(2, 2, 1)
2
(43, 38)
--> Day : 2
-> Request 0
179
(4, 2, 1)
2
(52, 36)
-> Request 1
319
(1, 2, 1)
3
(54, 67)
-> Request 2
599
(2, 2, 1)
2
(53, 70)
-> Request 3
703
(4, 2, 2)
3
(51, 28)
-> Request 4
772
(3, 2, 2)
1
(44, 27)
-> Request 5
1348
(3, 1, 2)
2
(47, 39)
--> Day : 3
-> Request 0
338
(4, 1, 1)
2
(50, 36)
-> Request 1
449
(2, 3, 1)
1
(53, 31)
-> Request 2
489
(4, 1, 1)
2
(43, 29)
-> Request 3
1258
(4, 3, 1)
3
(55, 77)
--> Day : 4
-> Request 0
438
(2, 2, 2)
2
(48, 42)
-> Request 1
688
(3, 3, 2)
3
(48, 35)
-> Request 2
1213
(1, 1, 2)
1
(53, 64)
---> Week : 54
--> Day : 0
-> Request 0
597
(3, 3, 1)
1
(63, 65)
-> Request 1
680
(3, 3, 1)
1
(45, 34)
-> Request 2
901
(4, 2, 1)
3
(55, 37)
-> Request 3
1349
(4, 3, 1)
1
(56, 34)
--> Day : 1
-> Request 0
59
(1, 3, 2)
1
(17, 23)
-> Request 1
838
(3, 3, 2)
1
(56, 30)
-> Request 2
1186
(3, 1, 2)
1
(44, 42)
--> Day : 2
-> Request 0
417
(1, 2, 1)
1
(17, 26)
-> Request 1
740
(2, 2, 2)
2
(54, 67)
-> Request 2
769
(3, 1, 2)
1
(61, 78)
-> Request 3
1175
(2, 3, 1)
1
(10, 22)
--> Day : 3
-> Request 0
4
(1, 3, 2)
2
(11, 25)
-> Request 1
204
(1, 2, 2)
3
(9, 28)
-> Request 2
214
(4, 2, 2)
1
(59, 45)
-> Request 3
453
(1, 2, 1)
1
(45, 32)
-> Request 4
465
(1, 1, 2)
2
(11, 26)
-> Request 5
497
(1, 2, 2)
2
(61, 46)
-> Request 6
685
(1, 2, 2)
1
(52, 27)
--> Day : 4
-> Request 0
120
(3, 1, 2)
1
(55, 74)
-> Request 1
149
(2, 3, 1)
3
(52, 44)
-> Request 2
204
(4, 3, 2)
1
(50, 33)
-> Request 3
225
(3, 2, 2)
1
(47, 30)
-> Request 4
739
(1, 2, 2)
2
(58, 33)
-> Request 5
912
(4, 2, 1)
1
(44, 30)
-> Request 6
1041
(3, 2, 1)
1
(58, 27)
-> Request 7
1162
(4, 2, 2)
1
(55, 78)
-> Request 8
1169
(1, 3, 2)
1
(53, 77)
-> Request 9
1178
(1, 2, 1)
1
(58, 74)
---> Week : 55
--> Day : 0
-> Request 0
19
(4, 1, 1)
2
(55, 36)
-> Request 1
270
(3, 2, 1)
2
(60, 71)
-> Request 2
361
(1, 2, 1)
1
(51, 41)
-> Request 3
413
(4, 3, 2)
3
(61, 77)
-> Request 4
443
(2, 1, 1)
1
(52, 69)
-> Request 5
654
(4, 1, 2)
1
(15, 22)
-> Request 6
827
(2, 3, 1)
2
(55, 72)
-> Request 7
1350
(1, 2, 2)
1
(60, 37)
--> Day : 1
-> Request 0
203
(1, 3, 1)
1
(59, 75)
-> Request 1
710
(4, 2, 2)
2
(57, 37)
--> Day : 2
-> Request 0
282
(4, 2, 1)
3
(46, 43)
-> Request 1
431
(4, 1, 1)
2
(14, 22)
-> Request 2
507
(2, 3, 1)
2
(64, 72)
-> Request 3
681
(2, 3, 1)
1
(58, 37)
-> Request 4
744
(1, 3, 2)
3
(59, 45)
-> Request 5
746
(3, 3, 1)
1
(63, 65)
-> Request 6
754
(4, 3, 1)
2
(50, 29)
--> Day : 3
-> Request 0
1108
(3, 2, 2)
1
(53, 46)
--> Day : 4
-> Request 0
253
(1, 2, 2)
1
(52, 78)
-> Request 1
472
(2, 3, 2)
3
(12, 26)
-> Request 2
646
(3, 3, 2)
3
(53, 46)
-> Request 3
909
(1, 2, 1)
1
(11, 22)
---> Week : 56
--> Day : 0
-> Request 0
394
(1, 3, 2)
1
(56, 65)
-> Request 1
733
(4, 1, 2)
3
(61, 44)
-> Request 2
741
(2, 3, 1)
1
(64, 67)
-> Request 3
1195
(1, 1, 1)
3
(58, 44)
-> Request 4
1202
(1, 1, 1)
3
(55, 45)
-> Request 5
1383
(3, 2, 1)
1
(47, 31)
--> Day : 1
-> Request 0
558
(3, 3, 1)
1
(52, 74)
-> Request 1
781
(3, 1, 1)
2
(63, 66)
-> Request 2
788
(3, 3, 2)
1
(57, 38)
-> Request 3
853
(2, 1, 2)
3
(9, 20)
-> Request 4
1259
(1, 2, 2)
3
(57, 36)
--> Day : 2
-> Request 0
254
(3, 2, 2)
1
(43, 38)
-> Request 1
275
(1, 3, 2)
3
(59, 73)
-> Request 2
604
(1, 1, 1)
2
(50, 45)
-> Request 3
825
(3, 2, 1)
1
(58, 40)
-> Request 4
895
(3, 2, 2)
1
(55, 32)
-> Request 5
1052
(4, 1, 1)
3
(57, 33)
--> Day : 3
-> Request 0
292
(3, 3, 2)
3
(52, 30)
-> Request 1
411
(4, 2, 2)
1
(54, 43)
-> Request 2
707
(4, 1, 2)
2
(60, 64)
-> Request 3
872
(4, 1, 1)
2
(56, 65)
-> Request 4
997
(3, 1, 2)
3
(45, 37)
-> Request 5
1078
(4, 3, 2)
2
(62, 76)
-> Request 6
1123
(1, 3, 2)
1
(51, 45)
-> Request 7
1138
(4, 2, 2)
2
(56, 34)
-> Request 8
1277
(1, 3, 1)
3
(46, 30)
-> Request 9
1406
(1, 2, 2)
1
(48, 38)
--> Day : 4
-> Request 0
360
(4, 2, 2)
3
(62, 29)
-> Request 1
482
(1, 2, 1)
1
(64, 73)
-> Request 2
508
(1, 3, 2)
2
(47, 34)
-> Request 3
854
(4, 3, 2)
1
(60, 78)
-> Request 4
859
(3, 1, 1)
1
(46, 31)
-> Request 5
1382
(1, 3, 1)
2
(9, 20)
---> Week : 57
--> Day : 0
-> Request 0
276
(2, 3, 2)
1
(51, 40)
-> Request 1
646
(1, 1, 1)
2
(48, 28)
-> Request 2
691
(2, 1, 2)
2
(62, 36)
-> Request 3
710
(1, 2, 1)
2
(61, 70)
-> Request 4
1047
(3, 3, 2)
3
(13, 24)
-> Request 5
1047
(2, 1, 1)
1
(51, 32)
-> Request 6
1152
(3, 3, 1)
2
(46, 46)
-> Request 7
1390
(2, 1, 1)
2
(58, 64)
--> Day : 1
-> Request 0
138
(2, 2, 2)
1
(46, 30)
-> Request 1
309
(4, 1, 2)
3
(65, 69)
-> Request 2
377
(2, 2, 1)
3
(8, 28)
-> Request 3
518
(1, 2, 2)
2
(44, 32)
-> Request 4
913
(2, 3, 1)
1
(53, 67)
-> Request 5
1168
(3, 3, 2)
2
(60, 27)
-> Request 6
1177
(2, 3, 2)
1
(65, 76)
-> Request 7
1192
(2, 1, 1)
3
(54, 74)
--> Day : 2
-> Request 0
283
(2, 1, 2)
1
(59, 74)
-> Request 1
494
(1, 2, 1)
2
(46, 41)
-> Request 2
497
(4, 1, 1)
2
(59, 28)
-> Request 3
885
(4, 1, 2)
3
(15, 29)
-> Request 4
1064
(4, 1, 2)
2
(57, 44)
--> Day : 3
-> Request 0
112
(1, 1, 1)
1
(50, 42)
-> Request 1
587
(4, 3, 1)
2
(52, 32)
-> Request 2
773
(4, 2, 2)
3
(45, 29)
-> Request 3
892
(3, 1, 2)
1
(44, 33)
-> Request 4
1435
(3, 2, 2)
2
(47, 42)
--> Day : 4
-> Request 0
388
(2, 1, 2)
3
(66, 69)
-> Request 1
469
(4, 1, 2)
3
(12, 23)
-> Request 2
588
(4, 1, 2)
2
(43, 27)
-> Request 3
877
(4, 2, 1)
2
(53, 43)
-> Request 4
1362
(3, 2, 2)
3
(52, 71)
-> Request 5
1362
(3, 2, 1)
2
(9, 28)
---> Week : 58
--> Day : 0
-> Request 0
24
(1, 1, 1)
1
(61, 36)
-> Request 1
131
(1, 1, 2)
1
(51, 44)
-> Request 2
217
(3, 2, 1)
2
(57, 42)
-> Request 3
818
(4, 1, 2)
3
(43, 42)
-> Request 4
929
(3, 2, 1)
1
(56, 41)
-> Request 5
1435
(4, 1, 2)
2
(55, 29)
--> Day : 1
-> Request 0
88
(1, 2, 1)
1
(58, 76)
-> Request 1
125
(4, 1, 1)
3
(55, 71)
-> Request 2
195
(1, 3, 1)
2
(65, 64)
-> Request 3
488
(3, 3, 2)
1
(54, 72)
-> Request 4
658
(3, 3, 1)
2
(46, 46)
-> Request 5
686
(3, 1, 2)
2
(43, 28)
-> Request 6
869
(2, 1, 2)
3
(59, 40)
-> Request 7
990
(3, 2, 1)
1
(12, 21)
-> Request 8
1330
(2, 1, 2)
3
(8, 29)
--> Day : 2
-> Request 0
70
(2, 3, 1)
2
(59, 69)
-> Request 1
286
(1, 3, 2)
3
(64, 74)
-> Request 2
512
(4, 3, 1)
2
(8, 28)
-> Request 3
842
(1, 1, 2)
3
(49, 27)
-> Request 4
947
(1, 3, 2)
2
(12, 29)
-> Request 5
1185
(1, 1, 1)
1
(51, 30)
-> Request 6
1207
(3, 1, 2)
2
(49, 37)
-> Request 7
1210
(4, 3, 2)
1
(54, 37)
--> Day : 3
-> Request 0
273
(4, 2, 2)
2
(56, 67)
-> Request 1
301
(2, 1, 2)
1
(45, 42)
-> Request 2
476
(2, 3, 1)
3
(66, 72)
-> Request 3
730
(2, 3, 1)
2
(52, 34)
-> Request 4
948
(1, 2, 2)
1
(14, 23)
-> Request 5
1062
(3, 1, 1)
3
(60, 46)
-> Request 6
1085
(4, 2, 2)
3
(43, 30)
--> Day : 4
-> Request 0
73
(3, 2, 1)
1
(43, 29)
-> Request 1
99
(2, 2, 2)
3
(46, 27)
-> Request 2
179
(4, 1, 2)
2
(55, 68)
-> Request 3
229
(1, 3, 1)
2
(51, 42)
-> Request 4
828
(1, 2, 1)
3
(50, 30)
-> Request 5
1032
(4, 1, 2)
3
(48, 37)
-> Request 6
1193
(4, 3, 1)
3
(58, 41)
-> Request 7
1422
(2, 1, 2)
1
(58, 34)
---> Week : 59
--> Day : 0
-> Request 0
369
(4, 3, 2)
2
(10, 22)
-> Request 1
404
(4, 1, 2)
3
(15, 23)
-> Request 2
716
(2, 3, 2)
1
(45, 38)
-> Request 3
1213
(4, 1, 1)
2
(13, 25)
-> Request 4
1222
(4, 2, 2)
3
(60, 27)
--> Day : 1
-> Request 0
4
(4, 2, 2)
2
(66, 68)
-> Request 1
255
(1, 1, 1)
2
(51, 39)
-> Request 2
392
(3, 1, 2)
2
(59, 36)
-> Request 3
482
(1, 1, 2)
1
(47, 45)
-> Request 4
680
(2, 3, 2)
3
(9, 22)
-> Request 5
1438
(1, 3, 1)
2
(57, 41)
--> Day : 2
-> Request 0
1332
(2, 3, 1)
3
(49, 46)
--> Day : 3
-> Request 0
557
(2, 2, 1)
1
(50, 36)
-> Request 1
605
(3, 3, 1)
1
(63, 73)
-> Request 2
730
(4, 1, 1)
3
(53, 39)
-> Request 3
733
(4, 1, 2)
1
(54, 70)
-> Request 4
1041
(3, 1, 1)
2
(57, 65)
-> Request 5
1180
(3, 1, 1)
1
(48, 38)
--> Day : 4
-> Request 0
43
(1, 3, 1)
1
(52, 66)
-> Request 1
209
(3, 2, 2)
2
(50, 43)
-> Request 2
380
(1, 2, 2)
3
(53, 68)
-> Request 3
389
(1, 1, 1)
2
(45, 31)
-> Request 4
581
(3, 1, 1)
3
(58, 31)
-> Request 5
1309
(4, 2, 1)
3
(50, 31)
---> Week : 60
--> Day : 0
-> Request 0
221
(3, 1, 2)
3
(50, 39)
-> Request 1
572
(3, 2, 1)
2
(59, 38)
-> Request 2
635
(1, 2, 1)
2
(47, 42)
-> Request 3
666
(2, 2, 1)
2
(49, 32)
-> Request 4
772
(1, 3, 2)
1
(56, 28)
--> Day : 1
-> Request 0
515
(2, 1, 1)
2
(50, 36)
-> Request 1
772
(4, 1, 1)
3
(60, 75)
-> Request 2
1022
(3, 1, 1)
2
(52, 36)
-> Request 3
1171
(3, 1, 2)
2
(52, 35)
-> Request 4
1205
(1, 1, 1)
3
(56, 40)
--> Day : 2
-> Request 0
44
(2, 1, 1)
3
(11, 28)
-> Request 1
543
(2, 1, 1)
1
(57, 30)
-> Request 2
670
(4, 3, 1)
2
(63, 74)
-> Request 3
768
(2, 2, 1)
3
(44, 27)
-> Request 4
998
(3, 2, 1)
2
(54, 71)
-> Request 5
1234
(3, 2, 1)
3
(55, 45)
-> Request 6
1310
(4, 2, 1)
1
(60, 76)
-> Request 7
1343
(4, 1, 2)
3
(66, 67)
--> Day : 3
-> Request 0
11
(3, 2, 2)
1
(56, 41)
-> Request 1
1158
(1, 3, 1)
2
(43, 29)
-> Request 2
1201
(2, 3, 1)
2
(48, 28)
-> Request 3
1227
(4, 1, 2)
1
(54, 72)
-> Request 4
1246
(2, 2, 1)
2
(10, 22)
-> Request 5
1257
(4, 1, 2)
1
(56, 30)
-> Request 6
1298
(3, 3, 2)
2
(54, 45)
-> Request 7
1316
(1, 3, 2)
1
(61, 35)
-> Request 8
1388
(4, 2, 1)
3
(58, 72)
--> Day : 4
-> Request 0
109
(3, 2, 2)
2
(53, 27)
-> Request 1
110
(1, 3, 2)
1
(60, 31)
-> Request 2
1065
(2, 3, 1)
1
(60, 29)
-> Request 3
1410
(2, 1, 2)
3
(50, 39)
---> Week : 61
--> Day : 0
-> Request 0
611
(1, 2, 1)
2
(61, 27)
-> Request 1
1129
(1, 1, 2)
3
(56, 68)
--> Day : 1
-> Request 0
850
(2, 2, 1)
3
(59, 74)
--> Day : 2
-> Request 0
655
(3, 2, 1)
2
(45, 36)
-> Request 1
704
(3, 3, 1)
2
(61, 42)
-> Request 2
1416
(2, 1, 2)
3
(60, 37)
--> Day : 3
-> Request 0
82
(4, 3, 1)
1
(8, 25)
-> Request 1
170
(4, 1, 1)
1
(11, 27)
-> Request 2
358
(1, 2, 1)
2
(44, 42)
-> Request 3
442
(3, 3, 2)
1
(52, 70)
-> Request 4
614
(1, 2, 2)
1
(55, 73)
-> Request 5
741
(1, 2, 1)
3
(47, 31)
--> Day : 4
-> Request 0
203
(2, 3, 2)
2
(65, 67)
-> Request 1
247
(4, 1, 1)
2
(62, 64)
-> Request 2
537
(2, 2, 1)
3
(15, 23)
-> Request 3
1079
(3, 1, 2)
2
(51, 39)
-> Request 4
1250
(2, 2, 1)
1
(61, 71)
-> Request 5
1308
(1, 3, 2)
3
(44, 29)
---> Week : 62
--> Day : 0
-> Request 0
643
(2, 2, 2)
2
(14, 21)
-> Request 1
772
(1, 2, 1)
3
(49, 28)
-> Request 2
896
(4, 2, 1)
2
(59, 72)
-> Request 3
1184
(3, 2, 2)
1
(59, 68)
--> Day : 1
-> Request 0
5
(1, 2, 2)
2
(61, 27)
-> Request 1
553
(1, 3, 1)
3
(11, 23)
-> Request 2
845
(2, 3, 2)
3
(63, 66)
-> Request 3
1102
(3, 1, 1)
3
(59, 72)
--> Day : 2
-> Request 0
388
(4, 3, 1)
1
(52, 68)
-> Request 1
514
(2, 1, 2)
3
(53, 44)
-> Request 2
960
(2, 3, 1)
1
(56, 46)
--> Day : 3
-> Request 0
31
(3, 1, 2)
2
(47, 35)
-> Request 1
172
(3, 1, 1)
2
(57, 78)
-> Request 2
361
(3, 1, 1)
2
(53, 29)
-> Request 3
372
(4, 3, 2)
3
(61, 68)
-> Request 4
449
(1, 1, 2)
3
(59, 77)
-> Request 5
495
(3, 1, 1)
2
(60, 35)
-> Request 6
525
(4, 1, 2)
2
(58, 69)
-> Request 7
830
(4, 2, 2)
3
(63, 75)
-> Request 8
869
(3, 1, 1)
1
(47, 30)
-> Request 9
911
(2, 2, 2)
3
(54, 72)
-> Request 10
979
(2, 1, 2)
1
(57, 76)
--> Day : 4
-> Request 0
181
(1, 3, 1)
3
(58, 68)
-> Request 1
707
(4, 2, 1)
1
(50, 29)
-> Request 2
974
(2, 3, 2)
2
(52, 77)
-> Request 3
1267
(2, 1, 1)
1
(58, 65)
---> Week : 63
--> Day : 0
-> Request 0
36
(1, 1, 1)
1
(58, 33)
-> Request 1
60
(2, 2, 1)
1
(59, 67)
-> Request 2
597
(4, 3, 2)
1
(44, 32)
-> Request 3
633
(2, 1, 1)
3
(55, 30)
-> Request 4
1299
(4, 1, 2)
2
(62, 41)
--> Day : 1
-> Request 0
270
(2, 3, 2)
3
(60, 30)
-> Request 1
446
(2, 1, 2)
2
(43, 40)
-> Request 2
619
(3, 2, 1)
2
(54, 65)
-> Request 3
717
(2, 3, 2)
2
(43, 38)
-> Request 4
853
(1, 3, 2)
1
(8, 26)
-> Request 5
1227
(1, 1, 1)
1
(14, 27)
-> Request 6
1316
(3, 1, 2)
1
(58, 46)
-> Request 7
1383
(4, 3, 1)
1
(56, 72)
--> Day : 2
-> Request 0
226
(2, 2, 1)
2
(53, 45)
-> Request 1
273
(3, 2, 2)
1
(48, 34)
-> Request 2
287
(1, 3, 2)
2
(54, 30)
--> Day : 3
-> Request 0
332
(1, 3, 1)
1
(61, 34)
-> Request 1
457
(1, 2, 2)
3
(12, 27)
-> Request 2
551
(3, 1, 2)
1
(50, 30)
-> Request 3
635
(1, 2, 2)
1
(56, 42)
-> Request 4
818
(4, 2, 2)
2
(9, 22)
--> Day : 4
-> Request 0
198
(1, 3, 1)
1
(16, 28)
-> Request 1
356
(3, 3, 1)
1
(63, 72)
-> Request 2
387
(2, 1, 1)
3
(48, 29)
-> Request 3
1127
(1, 2, 2)
3
(49, 32)
---> Week : 64
--> Day : 0
-> Request 0
503
(3, 1, 2)
3
(47, 41)
-> Request 1
1355
(2, 1, 1)
1
(51, 33)
--> Day : 1
-> Request 0
333
(1, 2, 1)
3
(12, 29)
-> Request 1
713
(3, 2, 2)
3
(15, 22)
-> Request 2
893
(4, 2, 2)
1
(60, 30)
-> Request 3
895
(4, 1, 1)
1
(49, 45)
--> Day : 2
-> Request 0
26
(4, 3, 2)
3
(66, 75)
-> Request 1
47
(2, 3, 1)
3
(56, 38)
-> Request 2
84
(4, 2, 1)
1
(62, 46)
-> Request 3
114
(3, 2, 1)
3
(51, 35)
-> Request 4
165
(2, 3, 2)
3
(49, 27)
-> Request 5
243
(2, 1, 2)
1
(55, 74)
-> Request 6
333
(3, 2, 1)
2
(66, 68)
-> Request 7
544
(3, 1, 2)
2
(57, 71)
-> Request 8
634
(2, 3, 1)
2
(63, 65)
-> Request 9
818
(4, 2, 1)
1
(59, 37)
-> Request 10
927
(2, 3, 2)
2
(60, 67)
-> Request 11
938
(2, 2, 1)
2
(56, 65)
-> Request 12
956
(2, 2, 2)
1
(61, 69)
-> Request 13
1104
(3, 1, 2)
2
(48, 42)
-> Request 14
1116
(3, 2, 1)
2
(60, 33)
--> Day : 3
-> Request 0
571
(3, 1, 2)
3
(16, 26)
-> Request 1
643
(1, 3, 1)
1
(62, 33)
--> Day : 4
-> Request 0
546
(3, 1, 2)
2
(15, 26)
-> Request 1
696
(1, 3, 1)
3
(48, 35)
-> Request 2
1043
(2, 2, 1)
1
(43, 42)
-> Request 3
1197
(2, 2, 1)
2
(64, 75)
-> Request 4
1367
(2, 1, 1)
3
(45, 43)
---> Week : 65
--> Day : 0
-> Request 0
348
(1, 2, 2)
1
(57, 45)
-> Request 1
525
(3, 3, 2)
2
(62, 66)
-> Request 2
532
(1, 3, 2)
3
(49, 44)
-> Request 3
548
(4, 1, 2)
3
(59, 37)
-> Request 4
789
(1, 1, 1)
3
(53, 75)
-> Request 5
951
(1, 2, 1)
1
(66, 76)
-> Request 6
1151
(2, 2, 2)
2
(64, 72)
-> Request 7
1151
(3, 3, 1)
1
(50, 34)
-> Request 8
1217
(2, 1, 1)
2
(61, 74)
-> Request 9
1384
(4, 2, 2)
1
(55, 76)
--> Day : 1
-> Request 0
223
(4, 3, 2)
2
(44, 34)
-> Request 1
232
(1, 1, 2)
1
(51, 28)
-> Request 2
367
(1, 1, 2)
3
(55, 65)
-> Request 3
491
(4, 2, 2)
2
(60, 43)
-> Request 4
538
(4, 3, 2)
1
(58, 34)
-> Request 5
1163
(4, 1, 1)
1
(66, 66)
-> Request 6
1166
(4, 2, 2)
2
(57, 70)
--> Day : 2
-> Request 0
365
(3, 2, 1)
3
(62, 75)
-> Request 1
838
(1, 1, 1)
3
(52, 75)
-> Request 2
1434
(3, 3, 2)
3
(64, 73)
--> Day : 3
-> Request 0
70
(1, 3, 2)
3
(60, 27)
-> Request 1
276
(2, 2, 2)
1
(52, 77)
-> Request 2
810
(2, 3, 2)
3
(60, 31)
--> Day : 4
-> Request 0
154
(2, 2, 2)
3
(48, 42)
-> Request 1
192
(1, 2, 2)
3
(11, 28)
-> Request 2
903
(1, 2, 1)
1
(52, 28)
-> Request 3
1013
(1, 3, 2)
3
(53, 75)
-> Request 4
1046
(3, 3, 2)
2
(46, 27)
-> Request 5
1183
(2, 2, 2)
3
(8, 22)
-> Request 6
1248
(2, 2, 2)
2
(59, 33)
-> Request 7
1310
(3, 2, 2)
3
(56, 38)
---> Week : 66
--> Day : 0
-> Request 0
45
(4, 3, 2)
3
(56, 31)
-> Request 1
426
(4, 3, 2)
2
(58, 70)
-> Request 2
909
(3, 3, 2)
2
(45, 41)
-> Request 3
1067
(2, 1, 1)
3
(55, 42)
-> Request 4
1331
(4, 3, 1)
3
(52, 30)
--> Day : 1
-> Request 0
1086
(4, 2, 2)
1
(14, 29)
-> Request 1
1282
(3, 1, 1)
1
(55, 78)
-> Request 2
1423
(3, 1, 1)
3
(54, 29)
--> Day : 2
-> Request 0
83
(4, 3, 2)
3
(61, 32)
-> Request 1
90
(3, 3, 2)
3
(43, 31)
-> Request 2
719
(2, 2, 1)
3
(14, 20)
-> Request 3
755
(3, 2, 2)
1
(53, 68)
-> Request 4
943
(4, 3, 1)
1
(62, 46)
-> Request 5
1200
(1, 2, 1)
2
(46, 42)
-> Request 6
1287
(1, 2, 2)
2
(61, 77)
--> Day : 3
-> Request 0
21
(1, 1, 2)
1
(8, 20)
-> Request 1
89
(1, 2, 2)
3
(56, 31)
-> Request 2
183
(4, 2, 2)
1
(49, 41)
-> Request 3
250
(1, 1, 1)
2
(61, 66)
-> Request 4
727
(3, 1, 1)
2
(53, 77)
-> Request 5
872
(3, 3, 1)
1
(61, 46)
--> Day : 4
-> Request 0
47
(3, 3, 2)
1
(56, 35)
-> Request 1
140
(3, 3, 2)
3
(57, 73)
-> Request 2
210
(1, 3, 1)
3
(52, 43)
-> Request 3
532
(3, 3, 2)
3
(61, 40)
-> Request 4
588
(4, 2, 1)
3
(60, 68)
-> Request 5
641
(4, 3, 1)
2
(56, 71)
-> Request 6
714
(2, 3, 1)
3
(50, 38)
-> Request 7
861
(1, 1, 2)
3
(52, 37)
---> Week : 67
--> Day : 0
-> Request 0
38
(1, 1, 1)
2
(50, 40)
-> Request 1
54
(1, 2, 1)
1
(58, 43)
-> Request 2
91
(3, 3, 1)
3
(10, 27)
-> Request 3
492
(2, 2, 2)
2
(49, 37)
-> Request 4
1035
(4, 2, 2)
1
(48, 37)
-> Request 5
1182
(1, 3, 1)
2
(54, 65)
--> Day : 1
-> Request 0
180
(4, 2, 2)
1
(53, 32)
-> Request 1
342
(3, 3, 1)
1
(52, 27)
-> Request 2
744
(2, 2, 2)
3
(17, 23)
-> Request 3
793
(3, 1, 2)
1
(43, 39)
-> Request 4
1193
(2, 1, 2)
1
(49, 39)
-> Request 5
1263
(1, 1, 2)
3
(45, 43)
-> Request 6
1351
(1, 3, 1)
1
(54, 67)
--> Day : 2
-> Request 0
133
(4, 3, 2)
3
(54, 70)
-> Request 1
143
(1, 1, 2)
1
(53, 78)
-> Request 2
183
(2, 3, 1)
2
(52, 71)
-> Request 3
193
(1, 1, 2)
3
(59, 71)
-> Request 4
423
(3, 2, 1)
1
(50, 42)
-> Request 5
647
(3, 3, 1)
1
(49, 37)
-> Request 6
727
(1, 3, 2)
2
(58, 39)
-> Request 7
812
(1, 1, 2)
1
(11, 29)
-> Request 8
830
(1, 3, 1)
1
(56, 43)
-> Request 9
1016
(4, 3, 2)
1
(60, 76)
-> Request 10
1188
(3, 1, 2)
2
(11, 23)
-> Request 11
1258
(2, 1, 1)
1
(62, 27)
-> Request 12
1426
(2, 2, 2)
3
(16, 24)
--> Day : 3
-> Request 0
251
(4, 3, 1)
1
(61, 64)
-> Request 1
421
(3, 2, 2)
3
(15, 27)
-> Request 2
514
(4, 2, 1)
1
(62, 38)
-> Request 3
1109
(4, 2, 2)
1
(15, 24)
-> Request 4
1177
(4, 2, 1)
1
(65, 69)
--> Day : 4
-> Request 0
521
(4, 1, 1)
1
(55, 39)
-> Request 1
804
(4, 2, 2)
2
(58, 39)
-> Request 2
1190
(1, 2, 2)
1
(62, 28)
-> Request 3
1252
(4, 2, 2)
2
(44, 46)
-> Request 4
1274
(3, 2, 1)
1
(57, 28)
-> Request 5
1286
(2, 2, 2)
2
(58, 77)
-> Request 6
1288
(4, 1, 2)
2
(59, 39)
---> Week : 68
--> Day : 0
-> Request 0
45
(4, 2, 1)
2
(51, 42)
-> Request 1
405
(1, 2, 2)
3
(60, 75)
-> Request 2
1377
(4, 3, 2)
1
(66, 66)
--> Day : 1
-> Request 0
180
(1, 1, 1)
3
(16, 24)
-> Request 1
277
(2, 1, 2)
1
(46, 30)
-> Request 2
533
(4, 2, 1)
3
(60, 66)
-> Request 3
767
(1, 1, 2)
3
(57, 65)
-> Request 4
791
(2, 1, 2)
1
(51, 35)
-> Request 5
893
(2, 1, 1)
1
(57, 71)
-> Request 6
973
(2, 1, 2)
1
(43, 39)
-> Request 7
1250
(3, 1, 2)
3
(13, 20)
-> Request 8
1388
(1, 3, 1)
1
(56, 34)
--> Day : 2
-> Request 0
191
(4, 1, 1)
2
(59, 67)
-> Request 1
632
(3, 1, 1)
1
(59, 31)
-> Request 2
706
(3, 3, 1)
2
(58, 64)
-> Request 3
1124
(4, 3, 1)
3
(60, 78)
--> Day : 3
-> Request 0
180
(2, 3, 1)
3
(62, 40)
-> Request 1
785
(4, 1, 2)
1
(50, 44)
-> Request 2
914
(1, 2, 2)
1
(49, 28)
-> Request 3
914
(3, 3, 2)
3
(8, 26)
-> Request 4
952
(1, 1, 2)
2
(9, 28)
-> Request 5
1096
(4, 3, 1)
3
(11, 25)
-> Request 6
1096
(2, 2, 1)
3
(48, 27)
--> Day : 4
-> Request 0
59
(4, 2, 2)
1
(56, 43)
-> Request 1
79
(2, 1, 2)
1
(57, 32)
-> Request 2
240
(4, 1, 1)
1
(16, 25)
-> Request 3
426
(4, 2, 2)
1
(59, 65)
---> Week : 69
--> Day : 0
-> Request 0
70
(3, 2, 2)
1
(50, 27)
-> Request 1
800
(4, 3, 1)
1
(62, 66)
-> Request 2
807
(1, 3, 1)
1
(46, 36)
-> Request 3
1239
(1, 2, 1)
1
(58, 69)
--> Day : 1
-> Request 0
358
(1, 2, 1)
1
(55, 66)
-> Request 1
406
(3, 2, 1)
1
(45, 29)
-> Request 2
732
(3, 1, 1)
1
(59, 71)
-> Request 3
1095
(2, 2, 2)
2
(63, 67)
-> Request 4
1145
(4, 2, 1)
2
(52, 31)
--> Day : 2
-> Request 0
3
(3, 3, 1)
3
(51, 46)
-> Request 1
134
(4, 2, 1)
3
(49, 33)
-> Request 2
787
(4, 2, 2)
1
(60, 29)
-> Request 3
805
(1, 3, 1)
1
(10, 23)
-> Request 4
878
(3, 3, 2)
2
(58, 43)
-> Request 5
1279
(4, 1, 2)
1
(60, 30)
-> Request 6
1368
(1, 1, 2)
2
(56, 32)
--> Day : 3
-> Request 0
284
(3, 3, 2)
1
(45, 33)
-> Request 1
364
(1, 2, 2)
1
(43, 42)
-> Request 2
659
(1, 3, 1)
1
(47, 39)
-> Request 3
935
(2, 2, 1)
1
(62, 34)
-> Request 4
1318
(1, 2, 1)
2
(57, 46)
-> Request 5
1388
(4, 1, 1)
1
(58, 70)
--> Day : 4
-> Request 0
132
(1, 2, 1)
2
(59, 44)
-> Request 1
193
(4, 2, 1)
1
(58, 78)
-> Request 2
361
(2, 3, 1)
2
(9, 21)
-> Request 3
494
(2, 2, 1)
3
(43, 34)
-> Request 4
576
(2, 3, 1)
3
(58, 34)
-> Request 5
1413
(3, 3, 2)
1
(61, 76)
---> Week : 70
--> Day : 0
-> Request 0
157
(4, 1, 1)
3
(58, 36)
-> Request 1
848
(3, 1, 1)
3
(61, 43)
-> Request 2
955
(1, 3, 1)
3
(66, 69)
-> Request 3
1328
(2, 1, 1)
3
(53, 36)
-> Request 4
1375
(1, 1, 1)
2
(54, 75)
-> Request 5
1387
(2, 3, 2)
3
(14, 21)
--> Day : 1
-> Request 0
195
(2, 1, 2)
2
(58, 28)
-> Request 1
203
(1, 2, 1)
2
(53, 36)
-> Request 2
329
(3, 2, 2)
1
(45, 36)
-> Request 3
356
(3, 3, 2)
3
(61, 72)
-> Request 4
566
(1, 3, 1)
3
(51, 30)
-> Request 5
1072
(1, 2, 1)
3
(62, 33)
-> Request 6
1141
(4, 3, 1)
2
(46, 28)
-> Request 7
1219
(3, 2, 2)
2
(61, 35)
-> Request 8
1280
(2, 3, 2)
1
(16, 29)
--> Day : 2
-> Request 0
47
(3, 3, 1)
3
(53, 65)
-> Request 1
1009
(1, 3, 1)
3
(9, 26)
-> Request 2
1087
(4, 2, 2)
1
(57, 77)
--> Day : 3
-> Request 0
6
(1, 3, 2)
2
(17, 20)
-> Request 1
489
(3, 3, 1)
3
(54, 68)
-> Request 2
955
(3, 3, 1)
3
(54, 31)
-> Request 3
1283
(2, 3, 2)
3
(56, 67)
--> Day : 4
-> Request 0
98
(2, 1, 2)
2
(65, 70)
-> Request 1
226
(1, 2, 1)
1
(14, 29)
-> Request 2
235
(1, 2, 1)
3
(54, 30)
-> Request 3
450
(1, 1, 2)
1
(57, 29)
-> Request 4
619
(2, 3, 1)
1
(61, 33)
-> Request 5
643
(2, 1, 2)
1
(12, 28)
-> Request 6
1349
(2, 3, 1)
1
(59, 45)
-> Request 7
1366
(4, 3, 1)
1
(57, 70)
---> Week : 71
--> Day : 0
-> Request 0
431
(1, 2, 1)
1
(49, 31)
-> Request 1
614
(3, 1, 2)
2
(49, 40)
-> Request 2
673
(2, 2, 1)
3
(62, 44)
-> Request 3
991
(4, 1, 1)
1
(64, 70)
-> Request 4
1300
(1, 3, 2)
2
(62, 34)
--> Day : 1
-> Request 0
194
(2, 1, 2)
3
(57, 46)
-> Request 1
412
(1, 3, 2)
2
(47, 33)
-> Request 2
851
(2, 1, 1)
3
(60, 33)
-> Request 3
916
(1, 3, 2)
3
(48, 40)
-> Request 4
1201
(2, 1, 1)
1
(52, 77)
-> Request 5
1255
(4, 2, 2)
1
(61, 64)
--> Day : 2
-> Request 0
11
(2, 2, 2)
3
(60, 69)
-> Request 1
108
(2, 1, 2)
3
(59, 69)
-> Request 2
140
(3, 1, 1)
3
(61, 34)
-> Request 3
240
(3, 1, 1)
2
(11, 25)
-> Request 4
363
(2, 1, 2)
2
(54, 75)
-> Request 5
693
(1, 3, 2)
3
(9, 28)
-> Request 6
753
(3, 3, 1)
1
(50, 29)
-> Request 7
863
(1, 2, 2)
2
(63, 70)
-> Request 8
964
(3, 2, 1)
1
(58, 45)
-> Request 9
1000
(4, 1, 1)
3
(17, 20)
-> Request 10
1438
(4, 3, 1)
2
(56, 32)
--> Day : 3
-> Request 0
243
(1, 2, 2)
2
(56, 34)
-> Request 1
811
(2, 2, 1)
2
(53, 73)
-> Request 2
1048
(2, 2, 1)
1
(12, 25)
-> Request 3
1088
(4, 3, 2)
1
(53, 35)
-> Request 4
1267
(2, 1, 1)
1
(63, 78)
--> Day : 4
-> Request 0
21
(4, 2, 1)
3
(54, 41)
-> Request 1
27
(2, 2, 2)
1
(11, 27)
-> Request 2
167
(3, 3, 1)
3
(57, 67)
-> Request 3
539
(2, 1, 1)
2
(52, 34)
-> Request 4
705
(3, 1, 2)
3
(44, 35)
-> Request 5
899
(2, 1, 2)
3
(61, 44)
-> Request 6
1052
(2, 3, 2)
1
(48, 44)
---> Week : 72
--> Day : 0
-> Request 0
401
(3, 1, 2)
3
(58, 42)
-> Request 1
481
(1, 1, 2)
3
(56, 30)
-> Request 2
552
(4, 3, 2)
1
(59, 38)
-> Request 3
676
(2, 1, 2)
2
(62, 65)
-> Request 4
867
(3, 3, 1)
3
(48, 45)
-> Request 5
1160
(2, 1, 2)
2
(47, 40)
-> Request 6
1282
(1, 2, 1)
3
(64, 77)
-> Request 7
1289
(3, 3, 1)
3
(57, 65)
--> Day : 1
-> Request 0
215
(3, 3, 2)
2
(61, 73)
-> Request 1
323
(3, 1, 2)
2
(61, 69)
-> Request 2
548
(2, 3, 1)
3
(54, 30)
-> Request 3
645
(4, 3, 1)
2
(56, 42)
-> Request 4
685
(2, 3, 1)
2
(53, 66)
-> Request 5
796
(3, 1, 2)
3
(66, 69)
-> Request 6
1376
(2, 3, 2)
3
(52, 45)
--> Day : 2
-> Request 0
332
(4, 1, 2)
2
(59, 35)
-> Request 1
465
(3, 2, 2)
1
(65, 75)
-> Request 2
616
(4, 3, 1)
3
(17, 28)
-> Request 3
1110
(4, 2, 1)
1
(61, 65)
-> Request 4
1123
(4, 1, 1)
3
(49, 36)
-> Request 5
1195
(4, 1, 1)
3
(57, 36)
--> Day : 3
-> Request 0
51
(4, 2, 2)
3
(56, 76)
-> Request 1
399
(4, 3, 1)
2
(44, 35)
-> Request 2
497
(3, 2, 2)
3
(49, 41)
-> Request 3
605
(4, 2, 1)
1
(9, 26)
-> Request 4
685
(2, 1, 2)
3
(8, 23)
-> Request 5
1097
(3, 1, 1)
2
(62, 75)
--> Day : 4
-> Request 0
40
(4, 3, 2)
1
(46, 45)
-> Request 1
259
(4, 3, 1)
2
(54, 64)
-> Request 2
765
(1, 2, 1)
3
(59, 32)
-> Request 3
1418
(4, 3, 1)
1
(55, 75)
---> Week : 73
--> Day : 0
-> Request 0
474
(3, 2, 2)
3
(62, 37)
-> Request 1
869
(2, 1, 1)
2
(8, 23)
-> Request 2
1022
(1, 3, 1)
3
(55, 76)
--> Day : 1
-> Request 0
237
(2, 1, 1)
3
(51, 28)
-> Request 1
279
(1, 3, 2)
2
(62, 67)
-> Request 2
512
(3, 3, 1)
1
(16, 29)
-> Request 3
631
(3, 2, 1)
2
(62, 43)
-> Request 4
663
(3, 1, 2)
3
(50, 27)
-> Request 5
1251
(1, 1, 2)
2
(49, 39)
--> Day : 2
-> Request 0
234
(1, 1, 1)
3
(46, 46)
-> Request 1
746
(3, 2, 1)
2
(13, 21)
-> Request 2
755
(2, 3, 1)
2
(46, 33)
-> Request 3
801
(4, 3, 2)
1
(59, 40)
-> Request 4
1056
(1, 1, 1)
1
(57, 34)
-> Request 5
1137
(3, 1, 1)
1
(65, 67)
--> Day : 3
-> Request 0
242
(3, 3, 2)
3
(13, 24)
-> Request 1
256
(1, 3, 1)
2
(59, 43)
-> Request 2
391
(3, 3, 1)
3
(58, 31)
-> Request 3
557
(1, 3, 1)
2
(62, 29)
-> Request 4
639
(3, 1, 1)
1
(45, 36)
-> Request 5
1017
(2, 1, 1)
2
(60, 69)
--> Day : 4
-> Request 0
76
(2, 2, 1)
1
(14, 25)
-> Request 1
129
(4, 1, 1)
3
(58, 70)
-> Request 2
302
(4, 1, 1)
1
(49, 40)
-> Request 3
581
(2, 3, 1)
2
(49, 40)
-> Request 4
824
(4, 1, 1)
2
(11, 27)
-> Request 5
906
(3, 1, 1)
3
(10, 22)
-> Request 6
1029
(3, 2, 2)
2
(64, 67)
-> Request 7
1400
(3, 2, 2)
2
(62, 41)
---> Week : 74
--> Day : 0
-> Request 0
268
(2, 2, 1)
2
(57, 74)
-> Request 1
321
(4, 1, 1)
2
(56, 27)
-> Request 2
352
(3, 3, 1)
3
(9, 21)
-> Request 3
381
(1, 3, 2)
2
(50, 36)
-> Request 4
457
(1, 2, 1)
2
(58, 68)
-> Request 5
537
(4, 1, 2)
3
(53, 40)
-> Request 6
1144
(3, 1, 1)
2
(59, 34)
-> Request 7
1268
(4, 2, 2)
1
(62, 67)
-> Request 8
1326
(4, 3, 2)
1
(61, 67)
-> Request 9
1412
(3, 3, 1)
3
(61, 72)
--> Day : 1
-> Request 0
187
(2, 2, 1)
1
(65, 66)
-> Request 1
847
(2, 3, 2)
3
(60, 42)
-> Request 2
1182
(3, 1, 1)
2
(52, 41)
-> Request 3
1307
(3, 3, 1)
1
(50, 42)
-> Request 4
1359
(1, 2, 2)
2
(56, 43)
--> Day : 2
-> Request 0
212
(1, 2, 1)
2
(60, 38)
-> Request 1
219
(3, 3, 1)
3
(55, 28)
-> Request 2
425
(4, 2, 2)
1
(47, 32)
-> Request 3
474
(1, 2, 1)
2
(56, 74)
-> Request 4
640
(4, 1, 2)
2
(62, 27)
-> Request 5
718
(3, 3, 2)
2
(61, 64)
-> Request 6
737
(3, 3, 2)
2
(63, 76)
-> Request 7
851
(2, 2, 1)
3
(47, 40)
-> Request 8
884
(4, 2, 2)
3
(63, 65)
-> Request 9
1216
(1, 3, 2)
2
(52, 29)
--> Day : 3
-> Request 0
317
(2, 2, 1)
3
(46, 33)
-> Request 1
424
(2, 2, 2)
2
(46, 34)
-> Request 2
796
(4, 3, 1)
1
(13, 28)
-> Request 3
926
(2, 1, 1)
2
(57, 34)
-> Request 4
1130
(3, 2, 2)
3
(54, 41)
-> Request 5
1435
(4, 1, 2)
2
(48, 28)
--> Day : 4
-> Request 0
6
(3, 3, 2)
3
(61, 42)
-> Request 1
29
(2, 3, 2)
3
(51, 27)
-> Request 2
123
(2, 1, 1)
2
(60, 78)
-> Request 3
172
(3, 3, 2)
2
(61, 73)
-> Request 4
291
(3, 2, 1)
1
(59, 70)
-> Request 5
492
(3, 3, 1)
3
(64, 69)
-> Request 6
520
(3, 2, 2)
3
(13, 29)
-> Request 7
595
(2, 1, 2)
2
(64, 69)
-> Request 8
944
(3, 3, 1)
3
(49, 31)
-> Request 9
1009
(1, 3, 2)
2
(57, 76)
---> Week : 75
--> Day : 0
-> Request 0
7
(4, 1, 2)
3
(53, 45)
-> Request 1
44
(4, 2, 1)
3
(12, 24)
-> Request 2
215
(1, 1, 1)
2
(56, 72)
-> Request 3
221
(4, 1, 2)
2
(46, 36)
-> Request 4
816
(2, 2, 1)
2
(47, 41)
-> Request 5
1351
(3, 2, 2)
3
(44, 39)
--> Day : 1
-> Request 0
261
(2, 1, 1)
3
(60, 42)
-> Request 1
419
(1, 3, 2)
1
(47, 34)
-> Request 2
497
(2, 1, 2)
1
(47, 43)
-> Request 3
796
(2, 2, 2)
2
(62, 76)
-> Request 4
888
(1, 3, 2)
1
(55, 68)
-> Request 5
1424
(4, 2, 2)
3
(60, 71)
--> Day : 2
-> Request 0
292
(3, 1, 1)
3
(58, 37)
-> Request 1
599
(3, 2, 2)
1
(60, 36)
--> Day : 3
-> Request 0
81
(2, 1, 2)
2
(13, 25)
-> Request 1
257
(1, 3, 1)
2
(60, 27)
-> Request 2
490
(1, 2, 1)
1
(48, 45)
-> Request 3
542
(4, 3, 1)
3
(8, 24)
-> Request 4
698
(4, 2, 1)
2
(13, 25)
-> Request 5
1204
(3, 1, 1)
1
(62, 37)
--> Day : 4
-> Request 0
46
(2, 2, 2)
1
(54, 33)
-> Request 1
107
(4, 3, 1)
2
(51, 31)
-> Request 2
299
(1, 3, 1)
1
(59, 40)
-> Request 3
338
(4, 2, 2)
1
(54, 37)
-> Request 4
391
(2, 2, 1)
3
(51, 30)
-> Request 5
612
(3, 1, 1)
2
(57, 42)
-> Request 6
648
(4, 1, 2)
2
(61, 42)
-> Request 7
864
(3, 3, 2)
3
(45, 44)
---> Week : 76
--> Day : 0
-> Request 0
265
(1, 3, 2)
2
(45, 36)
-> Request 1
737
(3, 1, 2)
1
(49, 28)
-> Request 2
791
(2, 3, 2)
2
(11, 25)
-> Request 3
863
(4, 2, 2)
2
(59, 36)
-> Request 4
906
(2, 3, 2)
2
(52, 31)
-> Request 5
960
(3, 1, 2)
2
(63, 75)
-> Request 6
1106
(1, 3, 2)
2
(49, 44)
-> Request 7
1350
(1, 2, 1)
1
(62, 77)
--> Day : 1
-> Request 0
172
(2, 2, 2)
1
(61, 32)
-> Request 1
623
(3, 2, 2)
2
(46, 37)
-> Request 2
729
(4, 2, 2)
2
(61, 32)
-> Request 3
818
(3, 2, 2)
3
(50, 36)
-> Request 4
926
(2, 1, 1)
3
(55, 69)
-> Request 5
1063
(1, 3, 1)
2
(61, 66)
-> Request 6
1264
(1, 1, 1)
3
(54, 42)
-> Request 7
1290
(3, 3, 2)
3
(62, 67)
--> Day : 2
-> Request 0
228
(1, 3, 2)
3
(57, 32)
-> Request 1
579
(2, 3, 1)
3
(9, 25)
-> Request 2
738
(4, 1, 1)
2
(47, 28)
--> Day : 3
-> Request 0
25
(3, 2, 1)
3
(10, 26)
-> Request 1
275
(3, 1, 2)
1
(62, 34)
-> Request 2
731
(4, 2, 2)
1
(61, 71)
-> Request 3
905
(2, 2, 1)
2
(46, 35)
-> Request 4
1218
(1, 3, 2)
2
(61, 69)
--> Day : 4
-> Request 0
73
(4, 3, 1)
2
(10, 27)
-> Request 1
130
(3, 2, 2)
3
(10, 21)
-> Request 2
284
(3, 3, 1)
1
(46, 40)
-> Request 3
516
(3, 3, 1)
3
(60, 39)
-> Request 4
526
(4, 2, 2)
1
(8, 20)
-> Request 5
571
(4, 2, 2)
1
(66, 64)
-> Request 6
887
(1, 3, 1)
1
(44, 36)
-> Request 7
1020
(4, 3, 1)
1
(13, 24)
---> Week : 77
--> Day : 0
-> Request 0
429
(2, 3, 2)
3
(56, 34)
-> Request 1
916
(3, 2, 2)
1
(63, 69)
-> Request 2
1059
(2, 1, 2)
2
(62, 69)
-> Request 3
1107
(2, 1, 1)
3
(53, 41)
-> Request 4
1205
(3, 1, 2)
2
(55, 76)
-> Request 5
1221
(3, 2, 1)
1
(58, 66)
-> Request 6
1297
(2, 2, 2)
3
(54, 32)
-> Request 7
1416
(1, 1, 1)
1
(43, 29)
--> Day : 1
-> Request 0
168
(1, 1, 1)
3
(64, 70)
-> Request 1
314
(1, 3, 2)
3
(10, 22)
-> Request 2
930
(2, 1, 1)
1
(59, 42)
-> Request 3
1122
(2, 3, 2)
1
(62, 28)
-> Request 4
1196
(4, 3, 2)
1
(56, 35)
--> Day : 2
-> Request 0
823
(1, 2, 1)
2
(17, 23)
-> Request 1
1167
(2, 1, 2)
2
(46, 33)
--> Day : 3
-> Request 0
18
(1, 2, 1)
3
(52, 68)
-> Request 1
227
(2, 2, 1)
3
(61, 73)
-> Request 2
314
(1, 2, 1)
2
(54, 27)
-> Request 3
524
(3, 3, 1)
1
(53, 44)
-> Request 4
780
(1, 3, 1)
2
(58, 33)
-> Request 5
1018
(3, 2, 2)
1
(49, 41)
-> Request 6
1021
(1, 1, 1)
3
(14, 22)
-> Request 7
1069
(1, 2, 2)
3
(58, 77)
-> Request 8
1093
(1, 2, 2)
3
(58, 36)
--> Day : 4
-> Request 0
474
(2, 1, 1)
3
(54, 71)
-> Request 1
693
(4, 3, 1)
3
(52, 27)
-> Request 2
1105
(3, 2, 1)
2
(54, 44)
-> Request 3
1344
(2, 1, 2)
3
(52, 27)
---> Week : 78
--> Day : 0
-> Request 0
18
(3, 1, 1)
1
(44, 36)
-> Request 1
47
(1, 1, 1)
2
(60, 29)
-> Request 2
144
(1, 3, 1)
2
(8, 22)
-> Request 3
265
(1, 1, 1)
3
(45, 36)
-> Request 4
559
(1, 3, 1)
1
(45, 27)
-> Request 5
987
(4, 3, 2)
1
(60, 41)
-> Request 6
999
(2, 1, 2)
2
(59, 69)
-> Request 7
1260
(3, 3, 1)
1
(58, 30)
-> Request 8
1390
(1, 3, 2)
3
(57, 67)
-> Request 9
1425
(4, 1, 1)
2
(52, 30)
--> Day : 1
-> Request 0
126
(2, 1, 2)
1
(43, 36)
--> Day : 2
-> Request 0
230
(3, 2, 1)
3
(58, 46)
-> Request 1
742
(1, 2, 1)
3
(12, 29)
-> Request 2
908
(3, 3, 1)
1
(52, 64)
--> Day : 3
-> Request 0
93
(2, 1, 1)
3
(58, 41)
-> Request 1
318
(2, 1, 2)
3
(56, 67)
-> Request 2
450
(1, 3, 2)
2
(58, 39)
-> Request 3
455
(2, 1, 1)
1
(12, 23)
-> Request 4
559
(4, 3, 1)
3
(47, 38)
-> Request 5
594
(3, 3, 2)
2
(58, 75)
-> Request 6
648
(1, 1, 2)
3
(64, 65)
-> Request 7
946
(4, 2, 1)
2
(52, 40)
-> Request 8
1080
(2, 1, 2)
2
(58, 30)
-> Request 9
1153
(2, 2, 2)
2
(62, 78)
-> Request 10
1221
(2, 3, 2)
2
(62, 73)
-> Request 11
1269
(3, 2, 2)
2
(60, 76)
-> Request 12
1300
(1, 2, 2)
2
(59, 33)
-> Request 13
1391
(4, 2, 1)
2
(49, 46)
--> Day : 4
-> Request 0
155
(2, 3, 1)
3
(54, 40)
-> Request 1
1069
(2, 1, 2)
3
(11, 25)
-> Request 2
1207
(1, 2, 1)
3
(8, 24)
-> Request 3
1402
(1, 1, 2)
3
(51, 46)
---> Week : 79
--> Day : 0
-> Request 0
227
(4, 2, 1)
1
(46, 44)
-> Request 1
249
(3, 3, 2)
1
(57, 37)
-> Request 2
340
(1, 1, 2)
1
(14, 28)
-> Request 3
645
(4, 1, 1)
2
(57, 35)
-> Request 4
677
(1, 1, 1)
2
(65, 75)
-> Request 5
958
(3, 1, 1)
3
(45, 46)
-> Request 6
1366
(3, 2, 2)
1
(45, 27)
--> Day : 1
-> Request 0
524
(1, 1, 2)
1
(54, 65)
--> Day : 2
-> Request 0
427
(2, 1, 2)
2
(62, 41)
-> Request 1
817
(4, 3, 1)
2
(16, 25)
-> Request 2
932
(1, 1, 2)
3
(16, 27)
-> Request 3
1058
(4, 1, 1)
1
(59, 72)
-> Request 4
1144
(1, 2, 2)
3
(47, 41)
-> Request 5
1146
(3, 2, 2)
1
(9, 25)
-> Request 6
1174
(2, 2, 1)
1
(52, 64)
-> Request 7
1289
(2, 3, 2)
1
(43, 28)
--> Day : 3
-> Request 0
6
(1, 3, 2)
2
(54, 46)
-> Request 1
34
(4, 2, 2)
2
(54, 76)
-> Request 2
307
(3, 3, 1)
3
(57, 30)
-> Request 3
421
(2, 2, 1)
2
(64, 64)
-> Request 4
688
(2, 3, 1)
3
(52, 74)
-> Request 5
725
(1, 1, 2)
2
(64, 70)
-> Request 6
869
(2, 1, 1)
3
(65, 73)
-> Request 7
874
(3, 1, 2)
3
(54, 27)
--> Day : 4
-> Request 0
303
(2, 1, 2)
3
(66, 71)
-> Request 1
617
(1, 2, 1)
2
(58, 32)
-> Request 2
646
(4, 3, 1)
2
(58, 68)
-> Request 3
906
(2, 3, 1)
1
(60, 44)
-> Request 4
1305
(1, 3, 2)
3
(56, 44)
-> Request 5
1388
(2, 3, 2)
2
(63, 71)
---> Week : 80
--> Day : 0
-> Request 0
220
(2, 2, 1)
3
(64, 65)
-> Request 1
328
(2, 2, 1)
1
(44, 42)
-> Request 2
355
(2, 1, 1)
3
(57, 43)
-> Request 3
437
(2, 3, 2)
1
(59, 32)
-> Request 4
576
(4, 2, 1)
2
(58, 39)
-> Request 5
765
(1, 1, 1)
1
(53, 78)
-> Request 6
926
(4, 2, 2)
2
(43, 29)
-> Request 7
1047
(2, 1, 1)
3
(53, 77)
-> Request 8
1333
(2, 3, 1)
2
(58, 37)
-> Request 9
1355
(3, 3, 1)
2
(60, 68)
--> Day : 1
-> Request 0
211
(3, 3, 2)
2
(55, 74)
-> Request 1
279
(1, 2, 1)
3
(47, 42)
-> Request 2
815
(4, 3, 2)
1
(49, 35)
-> Request 3
1223
(4, 2, 1)
3
(54, 77)
-> Request 4
1331
(4, 1, 1)
3
(53, 35)
--> Day : 2
-> Request 0
60
(3, 3, 1)
3
(56, 37)
-> Request 1
213
(2, 2, 1)
1
(60, 45)
-> Request 2
554
(3, 3, 2)
1
(58, 73)
-> Request 3
558
(4, 1, 2)
1
(55, 38)
-> Request 4
629
(2, 2, 2)
1
(54, 41)
-> Request 5
907
(1, 2, 1)
2
(46, 41)
-> Request 6
1333
(2, 1, 2)
1
(60, 40)
--> Day : 3
-> Request 0
75
(3, 1, 2)
3
(62, 75)
-> Request 1
1167
(2, 3, 1)
2
(63, 75)
-> Request 2
1224
(1, 3, 1)
3
(43, 46)
--> Day : 4
-> Request 0
329
(2, 1, 1)
1
(56, 29)
-> Request 1
570
(1, 1, 2)
2
(55, 74)
-> Request 2
613
(1, 3, 1)
1
(50, 28)
-> Request 3
649
(1, 1, 1)
1
(9, 29)
-> Request 4
942
(4, 3, 2)
1
(60, 27)
-> Request 5
1055
(1, 1, 2)
2
(54, 36)
-> Request 6
1186
(1, 3, 1)
3
(57, 78)
---> Week : 81
--> Day : 0
-> Request 0
297
(1, 3, 2)
3
(49, 42)
-> Request 1
599
(4, 1, 2)
1
(13, 21)
-> Request 2
710
(4, 1, 2)
2
(55, 31)
-> Request 3
807
(1, 2, 1)
2
(15, 25)
-> Request 4
904
(1, 2, 2)
3
(48, 40)
-> Request 5
1137
(1, 2, 1)
3
(13, 27)
--> Day : 1
-> Request 0
146
(4, 2, 1)
3
(43, 30)
-> Request 1
654
(4, 2, 1)
2
(60, 76)
-> Request 2
1049
(4, 2, 2)
2
(17, 23)
--> Day : 2
-> Request 0
211
(3, 2, 2)
3
(59, 37)
-> Request 1
533
(3, 3, 1)
3
(62, 29)
-> Request 2
558
(4, 3, 2)
1
(52, 30)
-> Request 3
674
(1, 2, 2)
2
(50, 41)
-> Request 4
754
(3, 1, 1)
3
(47, 40)
--> Day : 3
-> Request 0
2
(4, 3, 2)
2
(57, 29)
-> Request 1
101
(1, 2, 1)
2
(55, 73)
-> Request 2
935
(1, 3, 2)
1
(54, 39)
--> Day : 4
-> Request 0
109
(2, 3, 1)
2
(57, 77)
-> Request 1
178
(2, 1, 1)
3
(66, 78)
-> Request 2
329
(3, 3, 1)
1
(64, 73)
-> Request 3
384
(3, 3, 2)
1
(60, 75)
-> Request 4
587
(2, 3, 1)
2
(49, 43)
-> Request 5
602
(4, 2, 2)
1
(49, 45)
-> Request 6
801
(3, 1, 1)
2
(62, 65)
---> Week : 82
--> Day : 0
-> Request 0
539
(1, 3, 1)
2
(43, 46)
-> Request 1
1376
(2, 2, 1)
1
(59, 68)
--> Day : 1
-> Request 0
22
(2, 2, 1)
3
(63, 67)
-> Request 1
55
(3, 1, 1)
2
(55, 27)
-> Request 2
79
(4, 3, 1)
3
(45, 41)
-> Request 3
200
(4, 3, 2)
2
(56, 74)
-> Request 4
434
(2, 1, 2)
2
(48, 35)
-> Request 5
820
(2, 3, 1)
3
(56, 69)
-> Request 6
1368
(1, 3, 1)
2
(44, 32)
-> Request 7
1393
(4, 3, 1)
1
(54, 65)
--> Day : 2
-> Request 0
242
(3, 3, 2)
1
(61, 40)
-> Request 1
343
(4, 3, 1)
3
(64, 73)
-> Request 2
526
(4, 3, 1)
1
(59, 40)
-> Request 3
742
(1, 2, 1)
1
(54, 39)
-> Request 4
831
(4, 2, 2)
2
(47, 37)
-> Request 5
1264
(3, 1, 2)
2
(49, 41)
-> Request 6
1352
(1, 2, 2)
3
(12, 27)
--> Day : 3
-> Request 0
794
(1, 2, 1)
2
(65, 73)
-> Request 1
844
(3, 2, 1)
1
(60, 34)
-> Request 2
893
(2, 1, 1)
2
(13, 28)
-> Request 3
1132
(4, 2, 2)
3
(52, 42)
--> Day : 4
-> Request 0
42
(4, 3, 1)
1
(62, 77)
-> Request 1
401
(3, 1, 2)
2
(11, 23)
-> Request 2
717
(4, 2, 2)
1
(51, 28)
-> Request 3
879
(1, 3, 2)
3
(62, 65)
-> Request 4
962
(2, 1, 2)
2
(62, 67)
-> Request 5
1097
(2, 2, 1)
2
(46, 33)
-> Request 6
1333
(2, 3, 1)
2
(9, 27)
---> Week : 83
--> Day : 0
-> Request 0
345
(3, 2, 2)
3
(55, 36)
-> Request 1
491
(3, 3, 2)
3
(53, 30)
-> Request 2
821
(4, 2, 1)
1
(43, 41)
--> Day : 1
-> Request 0
119
(4, 1, 2)
2
(9, 26)
-> Request 1
286
(3, 1, 2)
3
(46, 44)
-> Request 2
471
(3, 1, 2)
1
(44, 32)
-> Request 3
675
(3, 3, 1)
3
(13, 20)
-> Request 4
739
(2, 1, 2)
1
(60, 46)
-> Request 5
931
(2, 1, 2)
1
(61, 75)
-> Request 6
1110
(2, 3, 1)
3
(53, 40)
-> Request 7
1146
(1, 2, 2)
3
(45, 29)
-> Request 8
1146
(2, 2, 2)
3
(48, 31)
--> Day : 2
-> Request 0
29
(2, 3, 2)
2
(55, 41)
-> Request 1
207
(1, 1, 1)
3
(51, 39)
-> Request 2
408
(3, 3, 2)
1
(49, 33)
-> Request 3
882
(4, 2, 1)
3
(17, 28)
-> Request 4
997
(4, 3, 2)
2
(50, 39)
--> Day : 3
-> Request 0
762
(3, 3, 1)
1
(55, 34)
-> Request 1
802
(2, 3, 2)
1
(51, 28)
-> Request 2
1410
(2, 3, 1)
2
(50, 39)
--> Day : 4
-> Request 0
306
(4, 3, 1)
1
(58, 39)
-> Request 1
840
(1, 1, 2)
3
(58, 70)
-> Request 2
902
(3, 2, 1)
1
(62, 78)
-> Request 3
1044
(1, 3, 2)
1
(52, 34)
-> Request 4
1085
(1, 3, 1)
1
(61, 29)
-> Request 5
1180
(2, 2, 1)
3
(64, 73)
-> Request 6
1255
(3, 2, 1)
3
(59, 34)
-> Request 7
1328
(1, 2, 1)
1
(12, 20)
---> Week : 84
--> Day : 0
-> Request 0
72
(3, 2, 1)
2
(57, 31)
-> Request 1
302
(3, 3, 2)
2
(15, 23)
-> Request 2
415
(2, 2, 1)
3
(57, 32)
-> Request 3
505
(3, 2, 1)
3
(61, 65)
-> Request 4
596
(3, 2, 1)
3
(61, 30)
-> Request 5
619
(4, 3, 1)
3
(15, 21)
-> Request 6
842
(3, 2, 1)
1
(57, 70)
-> Request 7
913
(1, 1, 2)
3
(56, 64)
-> Request 8
1076
(4, 1, 2)
3
(62, 38)
-> Request 9
1406
(2, 1, 2)
1
(59, 46)
--> Day : 1
-> Request 0
109
(1, 3, 2)
3
(14, 24)
-> Request 1
121
(1, 1, 2)
1
(57, 45)
-> Request 2
305
(1, 2, 1)
3
(60, 70)
-> Request 3
838
(3, 2, 1)
1
(60, 32)
-> Request 4
939
(1, 1, 1)
1
(44, 44)
-> Request 5
1070
(3, 3, 2)
2
(57, 71)
-> Request 6
1189
(3, 1, 2)
1
(61, 38)
--> Day : 2
-> Request 0
150
(1, 2, 2)
1
(50, 36)
-> Request 1
151
(4, 2, 1)
2
(58, 31)
-> Request 2
169
(1, 1, 2)
1
(61, 28)
-> Request 3
202
(4, 3, 2)
1
(43, 30)
-> Request 4
472
(1, 1, 1)
3
(13, 24)
-> Request 5
477
(4, 2, 2)
1
(46, 32)
-> Request 6
537
(2, 1, 1)
2
(59, 29)
-> Request 7
838
(3, 3, 1)
2
(62, 36)
-> Request 8
946
(4, 3, 1)
1
(54, 37)
-> Request 9
1260
(2, 2, 1)
2
(60, 40)
-> Request 10
1291
(2, 3, 2)
3
(8, 28)
--> Day : 3
-> Request 0
9
(1, 1, 2)
3
(59, 33)
-> Request 1
175
(3, 2, 1)
3
(60, 32)
-> Request 2
219
(2, 2, 1)
2
(54, 32)
-> Request 3
307
(3, 1, 1)
2
(50, 46)
-> Request 4
562
(1, 2, 1)
2
(55, 44)
-> Request 5
595
(4, 1, 2)
2
(57, 38)
-> Request 6
1122
(2, 2, 1)
1
(58, 71)
-> Request 7
1306
(1, 3, 2)
1
(59, 28)
--> Day : 4
-> Request 0
800
(3, 3, 2)
3
(43, 28)
-> Request 1
979
(2, 1, 1)
1
(59, 64)
-> Request 2
1085
(2, 3, 1)
1
(60, 36)
-> Request 3
1326
(3, 2, 1)
2
(56, 68)
---> Week : 85
--> Day : 0
-> Request 0
3
(1, 1, 1)
1
(15, 25)
-> Request 1
161
(2, 3, 1)
1
(55, 67)
-> Request 2
772
(4, 1, 2)
3
(58, 75)
-> Request 3
962
(1, 3, 2)
1
(56, 34)
--> Day : 1
-> Request 0
562
(1, 2, 1)
1
(49, 34)
-> Request 1
751
(2, 2, 2)
2
(55, 45)
-> Request 2
999
(3, 1, 2)
3
(43, 29)
-> Request 3
1023
(2, 3, 2)
3
(53, 34)
-> Request 4
1305
(4, 2, 2)
2
(53, 40)
-> Request 5
1437
(4, 3, 2)
1
(16, 26)
--> Day : 2
-> Request 0
213
(3, 2, 1)
3
(13, 29)
-> Request 1
446
(3, 2, 2)
2
(54, 32)
-> Request 2
519
(3, 1, 1)
3
(47, 34)
-> Request 3
982
(3, 1, 1)
3
(48, 31)
-> Request 4
990
(2, 3, 2)
2
(45, 27)
-> Request 5
995
(2, 2, 2)
3
(45, 42)
-> Request 6
1100
(2, 2, 2)
2
(55, 38)
-> Request 7
1102
(2, 1, 1)
2
(15, 28)
--> Day : 3
-> Request 0
160
(4, 1, 2)
3
(45, 44)
-> Request 1
280
(4, 1, 2)
3
(13, 22)
-> Request 2
371
(3, 2, 1)
2
(43, 41)
-> Request 3
439
(3, 3, 2)
2
(61, 42)
-> Request 4
661
(2, 1, 2)
1
(66, 68)
-> Request 5
801
(4, 2, 2)
2
(59, 42)
--> Day : 4
-> Request 0
195
(4, 2, 1)
2
(65, 66)
-> Request 1
641
(2, 1, 1)
2
(49, 42)
-> Request 2
1030
(4, 1, 1)
1
(58, 71)
-> Request 3
1153
(3, 1, 2)
1
(66, 75)
-> Request 4
1307
(3, 2, 1)
1
(64, 64)
-> Request 5
1332
(1, 1, 2)
3
(54, 42)
-> Request 6
1362
(3, 3, 2)
1
(11, 25)
---> Week : 86
--> Day : 0
-> Request 0
287
(1, 2, 1)
1
(54, 32)
-> Request 1
308
(3, 2, 2)
2
(53, 72)
-> Request 2
438
(4, 1, 1)
1
(58, 28)
-> Request 3
750
(4, 2, 2)
3
(10, 20)
-> Request 4
1089
(3, 3, 1)
2
(58, 78)
-> Request 5
1090
(1, 2, 2)
3
(55, 65)
-> Request 6
1093
(3, 3, 1)
1
(60, 64)
-> Request 7
1169
(1, 2, 2)
3
(59, 64)
-> Request 8
1328
(3, 2, 1)
2
(49, 32)
--> Day : 1
-> Request 0
604
(4, 3, 1)
1
(53, 31)
-> Request 1
853
(2, 1, 2)
2
(49, 35)
-> Request 2
890
(4, 1, 1)
2
(53, 71)
-> Request 3
1186
(2, 3, 2)
2
(50, 33)
--> Day : 2
-> Request 0
30
(1, 2, 1)
1
(52, 77)
-> Request 1
217
(2, 3, 2)
1
(47, 31)
-> Request 2
371
(2, 3, 2)
3
(57, 73)
-> Request 3
653
(1, 3, 1)
2
(48, 45)
--> Day : 3
-> Request 0
332
(2, 2, 2)
1
(59, 32)
-> Request 1
1122
(3, 3, 2)
2
(53, 30)
--> Day : 4
-> Request 0
349
(3, 2, 1)
1
(10, 25)
-> Request 1
527
(4, 3, 2)
1
(55, 41)
-> Request 2
608
(4, 1, 1)
1
(54, 35)
-> Request 3
669
(2, 1, 1)
2
(54, 67)
-> Request 4
1270
(3, 3, 1)
1
(9, 29)
-> Request 5
1363
(2, 3, 1)
1
(52, 32)
-> Request 6
1412
(1, 1, 1)
3
(8, 25)
---> Week : 87
--> Day : 0
-> Request 0
20
(4, 3, 2)
1
(51, 46)
-> Request 1
160
(4, 2, 2)
1
(44, 32)
-> Request 2
239
(1, 1, 1)
3
(52, 30)
-> Request 3
386
(3, 3, 1)
3
(64, 66)
-> Request 4
400
(1, 2, 1)
2
(46, 30)
-> Request 5
551
(1, 2, 2)
1
(17, 23)
-> Request 6
571
(1, 2, 2)
3
(53, 42)
-> Request 7
1082
(4, 1, 2)
1
(43, 31)
-> Request 8
1111
(2, 3, 1)
3
(65, 71)
-> Request 9
1257
(3, 3, 1)
1
(53, 64)
--> Day : 1
-> Request 0
29
(1, 1, 1)
1
(62, 36)
-> Request 1
406
(4, 2, 1)
2
(50, 34)
-> Request 2
495
(2, 2, 2)
3
(56, 65)
-> Request 3
633
(4, 1, 1)
1
(65, 74)
-> Request 4
869
(1, 3, 2)
2
(45, 45)
-> Request 5
892
(4, 3, 2)
2
(51, 45)
-> Request 6
941
(4, 1, 1)
2
(57, 45)
--> Day : 2
-> Request 0
31
(3, 1, 1)
3
(52, 74)
-> Request 1
229
(4, 1, 1)
3
(61, 41)
-> Request 2
1086
(3, 3, 2)
1
(55, 69)
--> Day : 3
-> Request 0
17
(3, 1, 1)
3
(53, 74)
-> Request 1
567
(3, 1, 1)
3
(58, 46)
-> Request 2
1045
(2, 2, 2)
3
(51, 42)
-> Request 3
1244
(2, 2, 1)
2
(50, 33)
-> Request 4
1319
(3, 1, 1)
2
(56, 28)
--> Day : 4
---> Week : 88
--> Day : 0
-> Request 0
440
(1, 1, 2)
1
(59, 44)
-> Request 1
1144
(3, 1, 1)
1
(58, 65)
--> Day : 1
-> Request 0
251
(4, 3, 2)
1
(56, 39)
-> Request 1
389
(4, 2, 1)
3
(49, 40)
-> Request 2
425
(3, 2, 1)
2
(65, 64)
-> Request 3
740
(3, 2, 1)
2
(59, 68)
-> Request 4
1254
(3, 3, 1)
1
(56, 34)
-> Request 5
1418
(3, 2, 1)
2
(14, 23)
--> Day : 2
-> Request 0
31
(3, 2, 1)
1
(63, 66)
-> Request 1
373
(4, 2, 1)
3
(55, 43)
-> Request 2
551
(4, 1, 1)
3
(51, 33)
-> Request 3
949
(3, 3, 1)
1
(52, 46)
-> Request 4
1339
(4, 3, 2)
1
(64, 73)
--> Day : 3
-> Request 0
424
(1, 1, 1)
3
(46, 38)
-> Request 1
432
(4, 1, 2)
2
(60, 44)
-> Request 2
514
(3, 2, 1)
2
(45, 30)
-> Request 3
837
(4, 3, 2)
3
(55, 41)
-> Request 4
1083
(3, 3, 2)
1
(15, 25)
-> Request 5
1259
(2, 2, 1)
2
(58, 40)
-> Request 6
1322
(2, 2, 1)
2
(57, 27)
--> Day : 4
-> Request 0
28
(2, 2, 1)
2
(55, 31)
-> Request 1
251
(2, 3, 1)
2
(61, 68)
-> Request 2
286
(4, 1, 2)
3
(46, 44)
-> Request 3
397
(3, 2, 1)
3
(54, 37)
-> Request 4
528
(2, 1, 1)
1
(59, 74)
-> Request 5
745
(3, 1, 1)
1
(61, 42)
-> Request 6
759
(1, 1, 2)
3
(45, 40)
-> Request 7
849
(4, 3, 1)
1
(60, 70)
-> Request 8
1184
(1, 2, 1)
3
(53, 27)
-> Request 9
1420
(3, 2, 1)
2
(46, 30)
---> Week : 89
--> Day : 0
-> Request 0
745
(4, 1, 1)
3
(54, 45)
-> Request 1
1235
(4, 2, 2)
1
(55, 45)
--> Day : 1
-> Request 0
90
(1, 2, 2)
3
(59, 32)
-> Request 1
220
(4, 3, 1)
1
(54, 45)
-> Request 2
322
(3, 2, 2)
2
(49, 35)
-> Request 3
738
(4, 1, 1)
3
(57, 65)
-> Request 4
783
(4, 2, 1)
3
(58, 43)
-> Request 5
994
(4, 2, 1)
2
(55, 67)
-> Request 6
1141
(1, 2, 2)
3
(44, 36)
-> Request 7
1191
(1, 1, 2)
1
(14, 25)
-> Request 8
1288
(4, 3, 1)
2
(59, 77)
--> Day : 2
-> Request 0
97
(1, 1, 1)
3
(59, 65)
-> Request 1
130
(3, 1, 2)
1
(47, 38)
-> Request 2
219
(2, 1, 1)
2
(11, 20)
-> Request 3
547
(3, 1, 2)
2
(60, 76)
-> Request 4
1177
(4, 2, 2)
2
(58, 75)
-> Request 5
1204
(3, 3, 2)
1
(58, 30)
--> Day : 3
-> Request 0
384
(4, 3, 1)
2
(11, 20)
-> Request 1
531
(2, 1, 2)
2
(14, 22)
-> Request 2
1181
(4, 1, 2)
1
(15, 22)
-> Request 3
1188
(2, 1, 1)
3
(43, 34)
-> Request 4
1243
(3, 2, 1)
2
(17, 20)
-> Request 5
1386
(1, 1, 1)
2
(57, 69)
--> Day : 4
-> Request 0
263
(4, 2, 2)
2
(46, 34)
-> Request 1
324
(2, 3, 1)
3
(62, 33)
-> Request 2
432
(1, 3, 2)
3
(55, 35)
-> Request 3
453
(3, 1, 1)
2
(63, 74)
-> Request 4
489
(4, 2, 2)
1
(11, 22)
-> Request 5
703
(4, 3, 1)
2
(55, 74)
---> Week : 90
--> Day : 0
-> Request 0
429
(3, 1, 1)
1
(52, 29)
-> Request 1
539
(1, 2, 2)
3
(48, 39)
-> Request 2
747
(3, 2, 1)
2
(55, 41)
-> Request 3
1086
(4, 3, 1)
3
(60, 64)
-> Request 4
1282
(4, 3, 2)
3
(66, 66)
-> Request 5
1295
(3, 1, 1)
3
(60, 68)
-> Request 6
1415
(4, 2, 2)
3
(56, 67)
--> Day : 1
-> Request 0
374
(3, 3, 2)
1
(63, 74)
-> Request 1
1212
(2, 3, 1)
3
(48, 45)
--> Day : 2
-> Request 0
418
(4, 1, 2)
2
(62, 69)
-> Request 1
606
(4, 2, 1)
3
(9, 28)
-> Request 2
1126
(2, 2, 1)
2
(12, 22)
-> Request 3
1364
(3, 3, 2)
3
(57, 36)
--> Day : 3
-> Request 0
25
(4, 3, 2)
3
(44, 44)
-> Request 1
912
(3, 3, 1)
1
(53, 39)
-> Request 2
1029
(4, 2, 2)
3
(61, 41)
-> Request 3
1364
(1, 3, 1)
2
(58, 68)
--> Day : 4
-> Request 0
33
(4, 1, 1)
3
(45, 39)
-> Request 1
151
(2, 2, 1)
2
(55, 77)
-> Request 2
234
(1, 2, 1)
3
(51, 32)
-> Request 3
366
(1, 2, 1)
1
(15, 28)
-> Request 4
710
(4, 2, 2)
1
(55, 31)
-> Request 5
767
(1, 2, 1)
2
(59, 43)
-> Request 6
1202
(1, 1, 2)
2
(59, 31)
---> Week : 91
--> Day : 0
-> Request 0
81
(3, 1, 2)
2
(54, 44)
-> Request 1
245
(2, 2, 1)
2
(53, 37)
-> Request 2
698
(1, 3, 1)
1
(55, 41)
-> Request 3
1098
(4, 3, 1)
2
(49, 44)
-> Request 4
1376
(2, 2, 2)
3
(50, 35)
-> Request 5
1387
(4, 3, 1)
3
(65, 72)
--> Day : 1
-> Request 0
459
(2, 3, 1)
3
(15, 24)
-> Request 1
511
(1, 2, 1)
2
(62, 65)
-> Request 2
793
(3, 3, 2)
1
(59, 69)
-> Request 3
807
(1, 1, 2)
2
(58, 35)
-> Request 4
809
(1, 3, 2)
3
(56, 39)
-> Request 5
1149
(3, 3, 1)
2
(57, 28)
--> Day : 2
-> Request 0
147
(1, 2, 1)
3
(48, 46)
-> Request 1
156
(4, 2, 2)
1
(60, 41)
-> Request 2
863
(3, 1, 1)
2
(12, 23)
-> Request 3
918
(1, 3, 1)
3
(57, 36)
-> Request 4
972
(1, 2, 2)
3
(45, 42)
-> Request 5
1045
(3, 2, 2)
2
(59, 28)
-> Request 6
1072
(2, 3, 1)
1
(59, 30)
-> Request 7
1248
(2, 1, 1)
2
(57, 35)
-> Request 8
1363
(2, 1, 1)
1
(43, 37)
-> Request 9
1410
(1, 2, 1)
2
(57, 34)
-> Request 10
1418
(2, 1, 1)
2
(49, 33)
--> Day : 3
-> Request 0
156
(2, 2, 2)
1
(61, 34)
-> Request 1
159
(4, 2, 1)
2
(58, 38)
-> Request 2
647
(2, 2, 2)
3
(61, 45)
-> Request 3
677
(2, 3, 1)
1
(47, 46)
-> Request 4
744
(1, 1, 2)
1
(63, 76)
--> Day : 4
-> Request 0
103
(3, 2, 2)
2
(50, 41)
-> Request 1
469
(1, 3, 1)
2
(55, 67)
-> Request 2
635
(4, 3, 2)
3
(48, 31)
-> Request 3
641
(4, 3, 1)
1
(62, 64)
-> Request 4
1337
(3, 2, 1)
2
(51, 41)
-> Request 5
1411
(3, 2, 2)
3
(59, 33)
---> Week : 92
--> Day : 0
-> Request 0
257
(1, 2, 1)
1
(52, 39)
-> Request 1
335
(2, 3, 2)
1
(53, 75)
-> Request 2
541
(1, 3, 2)
1
(57, 64)
-> Request 3
1250
(3, 2, 2)
1
(59, 75)
-> Request 4
1374
(1, 1, 1)
1
(58, 68)
--> Day : 1
-> Request 0
165
(4, 1, 2)
2
(55, 67)
-> Request 1
254
(1, 1, 2)
3
(52, 33)
-> Request 2
678
(3, 2, 2)
3
(47, 27)
-> Request 3
1169
(4, 2, 1)
1
(49, 41)
-> Request 4
1409
(2, 2, 1)
3
(16, 20)
-> Request 5
1412
(4, 3, 1)
2
(61, 39)
-> Request 6
1428
(2, 3, 2)
2
(9, 27)
--> Day : 2
-> Request 0
82
(2, 3, 1)
3
(54, 37)
-> Request 1
232
(4, 2, 2)
3
(43, 32)
-> Request 2
313
(2, 2, 1)
3
(53, 27)
-> Request 3
469
(1, 3, 1)
1
(46, 37)
-> Request 4
828
(2, 1, 1)
2
(60, 33)
-> Request 5
828
(1, 1, 1)
1
(55, 73)
-> Request 6
862
(2, 1, 1)
1
(64, 68)
-> Request 7
1042
(2, 3, 1)
2
(44, 27)
-> Request 8
1277
(2, 2, 2)
3
(55, 34)
--> Day : 3
-> Request 0
66
(4, 2, 2)
2
(61, 78)
-> Request 1
339
(2, 1, 1)
1
(58, 76)
-> Request 2
569
(4, 2, 1)
3
(47, 30)
-> Request 3
685
(1, 1, 1)
3
(60, 34)
-> Request 4
818
(3, 3, 2)
2
(11, 26)
-> Request 5
881
(4, 1, 2)
1
(48, 42)
--> Day : 4
-> Request 0
509
(1, 3, 1)
2
(56, 35)
-> Request 1
524
(1, 1, 2)
2
(52, 39)
---> Week : 93
--> Day : 0
-> Request 0
57
(4, 3, 2)
3
(60, 27)
-> Request 1
78
(1, 1, 2)
1
(61, 44)
-> Request 2
743
(3, 2, 1)
2
(61, 39)
-> Request 3
878
(3, 1, 2)
2
(58, 40)
-> Request 4
1201
(2, 3, 1)
1
(57, 33)
--> Day : 1
-> Request 0
181
(1, 3, 2)
3
(60, 78)
-> Request 1
274
(3, 2, 2)
2
(43, 36)
-> Request 2
301
(3, 3, 1)
1
(62, 34)
-> Request 3
580
(3, 1, 1)
3
(58, 69)
-> Request 4
703
(2, 1, 2)
1
(52, 43)
-> Request 5
782
(2, 3, 1)
1
(52, 42)
-> Request 6
785
(1, 3, 1)
1
(58, 70)
-> Request 7
844
(2, 3, 1)
2
(49, 45)
-> Request 8
1269
(1, 2, 1)
1
(53, 74)
-> Request 9
1391
(1, 3, 2)
2
(57, 41)
--> Day : 2
-> Request 0
239
(4, 3, 1)
1
(56, 67)
-> Request 1
269
(2, 3, 2)
1
(52, 71)
-> Request 2
281
(3, 1, 2)
1
(58, 68)
-> Request 3
333
(1, 3, 1)
1
(65, 70)
-> Request 4
583
(2, 3, 2)
2
(52, 42)
-> Request 5
744
(3, 3, 2)
1
(48, 43)
-> Request 6
817
(1, 1, 2)
2
(44, 31)
-> Request 7
850
(3, 3, 2)
1
(62, 36)
-> Request 8
1167
(2, 1, 2)
3
(51, 45)
-> Request 9
1232
(1, 3, 1)
3
(57, 32)
-> Request 10
1320
(1, 1, 2)
3
(62, 77)
-> Request 11
1325
(2, 3, 1)
1
(10, 22)
--> Day : 3
-> Request 0
389
(4, 2, 1)
2
(48, 43)
-> Request 1
407
(1, 2, 2)
2
(59, 78)
-> Request 2
433
(3, 3, 2)
2
(9, 25)
-> Request 3
676
(1, 2, 1)
3
(9, 23)
-> Request 4
698
(3, 3, 2)
1
(44, 34)
-> Request 5
904
(3, 3, 1)
1
(48, 45)
-> Request 6
969
(3, 1, 2)
3
(16, 20)
-> Request 7
1243
(2, 2, 1)
2
(52, 73)
--> Day : 4
-> Request 0
350
(3, 3, 1)
3
(48, 36)
-> Request 1
777
(2, 1, 2)
2
(65, 72)
-> Request 2
820
(2, 1, 1)
3
(58, 32)
-> Request 3
954
(2, 1, 2)
1
(51, 34)
-> Request 4
1106
(1, 2, 2)
2
(10, 22)
-> Request 5
1106
(1, 1, 1)
2
(53, 68)
-> Request 6
1301
(2, 2, 2)
1
(55, 78)
---> Week : 94
--> Day : 0
-> Request 0
208
(1, 2, 1)
3
(54, 42)
-> Request 1
319
(1, 2, 2)
3
(47, 34)
-> Request 2
372
(1, 2, 1)
2
(17, 29)
-> Request 3
443
(1, 2, 2)
3
(56, 74)
-> Request 4
509
(2, 1, 2)
1
(17, 29)
-> Request 5
535
(3, 2, 2)
1
(58, 30)
-> Request 6
647
(1, 1, 2)
2
(11, 29)
-> Request 7
901
(1, 3, 1)
3
(49, 41)
-> Request 8
937
(3, 2, 1)
2
(55, 38)
-> Request 9
965
(3, 1, 2)
3
(13, 28)
-> Request 10
1002
(1, 1, 1)
2
(55, 73)
-> Request 11
1070
(4, 1, 2)
1
(55, 71)
--> Day : 1
-> Request 0
272
(4, 2, 2)
3
(56, 33)
-> Request 1
1407
(3, 1, 1)
3
(48, 34)
--> Day : 2
-> Request 0
697
(4, 3, 2)
3
(53, 64)
-> Request 1
947
(1, 2, 2)
3
(62, 39)
-> Request 2
1183
(4, 1, 2)
2
(43, 43)
--> Day : 3
-> Request 0
159
(4, 1, 1)
1
(51, 44)
-> Request 1
231
(1, 3, 2)
3
(61, 35)
-> Request 2
553
(3, 1, 1)
1
(58, 32)
-> Request 3
620
(1, 1, 1)
2
(48, 36)
-> Request 4
678
(2, 1, 2)
2
(54, 41)
-> Request 5
1013
(4, 2, 1)
1
(47, 28)
-> Request 6
1198
(3, 1, 1)
3
(45, 34)
-> Request 7
1266
(2, 3, 2)
3
(63, 67)
-> Request 8
1276
(1, 2, 1)
3
(54, 68)
-> Request 9
1307
(2, 2, 2)
3
(10, 24)
-> Request 10
1391
(1, 1, 1)
2
(63, 77)
--> Day : 4
-> Request 0
431
(1, 2, 2)
1
(51, 36)
-> Request 1
494
(4, 3, 1)
1
(62, 46)
-> Request 2
873
(3, 2, 2)
3
(9, 22)
-> Request 3
1404
(3, 1, 2)
1
(43, 33)
---> Week : 95
--> Day : 0
-> Request 0
302
(4, 3, 1)
1
(14, 27)
-> Request 1
356
(3, 2, 1)
2
(45, 46)
-> Request 2
699
(3, 3, 2)
3
(57, 66)
-> Request 3
755
(3, 3, 2)
3
(66, 71)
-> Request 4
961
(2, 2, 2)
2
(48, 46)
-> Request 5
998
(3, 1, 2)
3
(47, 33)
-> Request 6
1038
(1, 3, 1)
3
(15, 24)
-> Request 7
1164
(1, 3, 1)
1
(57, 33)
--> Day : 1
-> Request 0
6
(3, 1, 2)
3
(61, 36)
-> Request 1
272
(1, 1, 1)
1
(62, 71)
-> Request 2
549
(2, 2, 2)
2
(63, 70)
-> Request 3
1099
(1, 3, 2)
1
(49, 40)
-> Request 4
1116
(1, 3, 2)
1
(65, 75)
-> Request 5
1332
(3, 2, 2)
3
(55, 76)
--> Day : 2
-> Request 0
390
(1, 2, 1)
3
(54, 29)
-> Request 1
458
(3, 1, 2)
3
(14, 27)
-> Request 2
672
(3, 2, 2)
2
(50, 43)
-> Request 3
787
(4, 3, 1)
1
(45, 41)
--> Day : 3
-> Request 0
27
(2, 1, 1)
1
(60, 69)
-> Request 1
57
(2, 3, 1)
1
(51, 42)
-> Request 2
189
(3, 2, 1)
2
(57, 28)
-> Request 3
406
(3, 2, 1)
2
(52, 38)
-> Request 4
442
(2, 3, 2)
1
(65, 72)
-> Request 5
598
(1, 2, 1)
3
(16, 23)
-> Request 6
805
(2, 1, 2)
2
(44, 44)
-> Request 7
977
(2, 2, 1)
3
(49, 40)
-> Request 8
1303
(1, 3, 2)
1
(47, 36)
--> Day : 4
-> Request 0
49
(3, 2, 2)
2
(48, 33)
-> Request 1
249
(2, 2, 1)
1
(64, 68)
-> Request 2
251
(2, 1, 1)
2
(62, 27)
-> Request 3
328
(2, 3, 1)
3
(52, 31)
-> Request 4
450
(1, 1, 2)
1
(56, 72)
---> Week : 96
--> Day : 0
-> Request 0
180
(4, 1, 1)
2
(54, 65)
-> Request 1
738
(1, 2, 2)
2
(49, 27)
-> Request 2
744
(4, 2, 1)
1
(44, 28)
-> Request 3
777
(1, 2, 2)
1
(45, 38)
-> Request 4
1271
(2, 2, 2)
2
(56, 71)
-> Request 5
1353
(2, 2, 2)
3
(58, 42)
--> Day : 1
-> Request 0
489
(3, 3, 2)
3
(65, 66)
-> Request 1
842
(4, 1, 2)
1
(63, 66)
-> Request 2
883
(4, 2, 1)
3
(60, 36)
-> Request 3
1052
(3, 3, 1)
1
(50, 38)
-> Request 4
1175
(4, 1, 2)
3
(8, 25)
-> Request 5
1390
(2, 1, 1)
1
(58, 30)
--> Day : 2
-> Request 0
176
(4, 2, 2)
1
(62, 64)
-> Request 1
426
(3, 3, 2)
1
(56, 65)
-> Request 2
518
(2, 1, 2)
1
(57, 76)
-> Request 3
528
(1, 1, 2)
1
(56, 27)
-> Request 4
662
(1, 1, 2)
3
(53, 34)
-> Request 5
719
(3, 3, 2)
1
(52, 77)
-> Request 6
733
(2, 2, 1)
3
(52, 37)
-> Request 7
846
(4, 3, 2)
2
(48, 33)
-> Request 8
1043
(1, 1, 2)
3
(60, 41)
-> Request 9
1379
(2, 1, 2)
2
(55, 27)
--> Day : 3
-> Request 0
61
(3, 1, 1)
1
(49, 41)
-> Request 1
464
(3, 1, 2)
2
(53, 68)
-> Request 2
497
(1, 3, 2)
2
(51, 42)
-> Request 3
537
(1, 3, 1)
2
(43, 43)
-> Request 4
588
(3, 2, 2)
3
(53, 78)
-> Request 5
821
(3, 3, 1)
3
(62, 78)
-> Request 6
919
(3, 2, 2)
1
(14, 21)
-> Request 7
928
(2, 2, 2)
3
(46, 44)
--> Day : 4
-> Request 0
7
(2, 3, 1)
2
(54, 75)
-> Request 1
342
(1, 1, 1)
3
(62, 76)
-> Request 2
713
(3, 1, 1)
2
(45, 37)
-> Request 3
773
(4, 1, 1)
3
(60, 66)
-> Request 4
1287
(4, 3, 2)
2
(59, 45)
-> Request 5
1306
(4, 3, 1)
3
(52, 72)
-> Request 6
1426
(3, 2, 2)
2
(47, 37)
---> Week : 97
--> Day : 0
-> Request 0
96
(4, 2, 2)
3
(62, 35)
-> Request 1
291
(3, 2, 2)
2
(46, 40)
-> Request 2
935
(1, 1, 1)
2
(54, 70)
-> Request 3
1006
(1, 3, 2)
1
(61, 70)
-> Request 4
1092
(4, 2, 2)
2
(52, 67)
-> Request 5
1381
(1, 2, 2)
1
(59, 68)
-> Request 6
1401
(1, 1, 2)
3
(53, 32)
--> Day : 1
-> Request 0
105
(2, 3, 2)
1
(62, 66)
-> Request 1
226
(3, 3, 1)
1
(8, 26)
-> Request 2
375
(1, 3, 2)
1
(44, 39)
-> Request 3
442
(1, 1, 1)
1
(66, 76)
-> Request 4
633
(4, 1, 1)
2
(62, 34)
-> Request 5
635
(2, 3, 2)
3
(10, 27)
-> Request 6
1177
(3, 1, 2)
1
(45, 39)
--> Day : 2
-> Request 0
130
(3, 3, 1)
3
(62, 67)
-> Request 1
580
(3, 1, 1)
1
(56, 73)
-> Request 2
610
(1, 1, 2)
2
(59, 64)
-> Request 3
638
(2, 1, 2)
2
(62, 77)
-> Request 4
923
(2, 1, 2)
1
(52, 37)
-> Request 5
1079
(3, 2, 2)
1
(62, 76)
-> Request 6
1374
(3, 3, 2)
1
(61, 72)
--> Day : 3
-> Request 0
53
(2, 3, 1)
2
(52, 74)
-> Request 1
232
(4, 2, 2)
3
(54, 78)
-> Request 2
329
(3, 1, 1)
2
(47, 32)
-> Request 3
417
(2, 3, 2)
1
(56, 29)
-> Request 4
652
(1, 2, 1)
3
(55, 40)
-> Request 5
696
(2, 3, 1)
3
(60, 37)
-> Request 6
1023
(4, 1, 2)
1
(49, 45)
-> Request 7
1305
(1, 2, 2)
1
(55, 75)
--> Day : 4
-> Request 0
18
(4, 2, 2)
2
(66, 66)
-> Request 1
229
(3, 1, 1)
3
(46, 41)
-> Request 2
347
(2, 3, 2)
2
(58, 40)
-> Request 3
388
(4, 3, 1)
2
(58, 65)
-> Request 4
502
(1, 1, 2)
1
(56, 64)
-> Request 5
747
(3, 2, 2)
2
(43, 46)
-> Request 6
888
(4, 3, 2)
1
(51, 39)
-> Request 7
1076
(2, 1, 2)
1
(60, 74)
-> Request 8
1133
(3, 2, 1)
2
(61, 75)
-> Request 9
1134
(3, 2, 2)
2
(60, 69)
---> Week : 98
--> Day : 0
-> Request 0
66
(4, 1, 1)
3
(57, 73)
-> Request 1
398
(4, 2, 1)
2
(60, 28)
-> Request 2
537
(1, 1, 1)
1
(61, 75)
-> Request 3
619
(4, 1, 1)
3
(52, 34)
-> Request 4
839
(1, 3, 2)
2
(56, 33)
-> Request 5
870
(2, 2, 1)
3
(58, 35)
-> Request 6
954
(3, 3, 2)
2
(59, 31)
-> Request 7
1120
(2, 3, 2)
2
(66, 77)
-> Request 8
1370
(4, 1, 1)
2
(47, 35)
--> Day : 1
-> Request 0
105
(4, 1, 2)
2
(50, 37)
-> Request 1
112
(1, 1, 1)
1
(58, 29)
-> Request 2
122
(2, 2, 1)
2
(64, 76)
-> Request 3
273
(1, 3, 2)
1
(54, 41)
-> Request 4
438
(3, 3, 2)
3
(62, 27)
-> Request 5
848
(3, 2, 1)
1
(59, 77)
-> Request 6
912
(3, 3, 1)
2
(58, 70)
-> Request 7
1027
(2, 2, 1)
3
(55, 27)
-> Request 8
1215
(4, 2, 2)
3
(8, 28)
-> Request 9
1411
(3, 3, 1)
1
(55, 74)
--> Day : 2
-> Request 0
140
(1, 2, 2)
1
(65, 69)
-> Request 1
190
(4, 1, 2)
3
(62, 43)
-> Request 2
341
(2, 3, 1)
1
(65, 67)
-> Request 3
478
(3, 3, 1)
2
(64, 69)
-> Request 4
506
(2, 3, 1)
1
(48, 34)
-> Request 5
510
(1, 3, 2)
3
(47, 31)
-> Request 6
538
(1, 1, 2)
2
(62, 46)
-> Request 7
766
(4, 1, 2)
3
(56, 64)
-> Request 8
1249
(4, 2, 1)
3
(47, 46)
-> Request 9
1289
(1, 3, 1)
2
(59, 28)
--> Day : 3
-> Request 0
131
(3, 3, 1)
3
(49, 40)
-> Request 1
217
(4, 3, 1)
1
(59, 46)
-> Request 2
405
(1, 2, 1)
1
(49, 36)
-> Request 3
825
(2, 3, 1)
1
(45, 34)
-> Request 4
986
(3, 1, 1)
2
(59, 70)
-> Request 5
1194
(3, 1, 2)
3
(48, 42)
-> Request 6
1239
(1, 1, 1)
2
(10, 26)
-> Request 7
1337
(1, 2, 1)
3
(62, 76)
-> Request 8
1422
(4, 2, 2)
2
(64, 71)
--> Day : 4
-> Request 0
561
(3, 1, 2)
1
(62, 43)
-> Request 1
599
(4, 2, 1)
3
(43, 32)
-> Request 2
1029
(4, 1, 2)
2
(51, 45)
---> Week : 99
--> Day : 0
-> Request 0
77
(1, 3, 2)
1
(59, 29)
-> Request 1
159
(2, 3, 2)
3
(60, 65)
-> Request 2
1216
(2, 3, 2)
2
(15, 21)
-> Request 3
1294
(2, 2, 1)
3
(63, 64)
-> Request 4
1305
(1, 2, 1)
2
(55, 69)
--> Day : 1
-> Request 0
318
(1, 2, 2)
2
(59, 38)
-> Request 1
485
(2, 2, 2)
3
(53, 77)
-> Request 2
1224
(4, 1, 1)
3
(15, 28)
-> Request 3
1280
(4, 1, 2)
2
(60, 33)
-> Request 4
1360
(1, 1, 1)
1
(43, 34)
--> Day : 2
-> Request 0
118
(3, 3, 2)
1
(57, 39)
-> Request 1
588
(4, 3, 2)
2
(66, 69)
-> Request 2
612
(4, 1, 1)
3
(59, 34)
-> Request 3
1232
(2, 3, 1)
3
(54, 67)
-> Request 4
1283
(3, 2, 1)
2
(9, 29)
--> Day : 3
-> Request 0
229
(1, 3, 1)
2
(50, 42)
-> Request 1
969
(4, 1, 1)
3
(63, 72)
-> Request 2
1088
(2, 3, 2)
3
(56, 46)
--> Day : 4
-> Request 0
19
(3, 1, 1)
3
(12, 29)
-> Request 1
25
(1, 2, 1)
3
(9, 26)
-> Request 2
152
(3, 3, 1)
1
(62, 69)
-> Request 3
340
(4, 1, 2)
1
(52, 42)
-> Request 4
514
(2, 3, 1)
2
(54, 77)
-> Request 5
724
(4, 1, 1)
3
(9, 29)
-> Request 6
831
(3, 1, 2)
3
(63, 73)
-> Request 7
1212
(2, 2, 1)
1
(45, 46)
-> Request 8
1383
(1, 1, 2)
1
(46, 42)
---> Week : 100
--> Day : 0
-> Request 0
297
(2, 2, 1)
2
(54, 27)
-> Request 1
438
(2, 2, 2)
3
(50, 30)
-> Request 2
718
(4, 1, 2)
1
(49, 39)
-> Request 3
954
(1, 1, 1)
1
(60, 64)
-> Request 4
1142
(2, 2, 1)
2
(54, 29)
-> Request 5
1179
(4, 3, 2)
2
(66, 76)
--> Day : 1
-> Request 0
245
(1, 2, 2)
3
(66, 70)
-> Request 1
290
(4, 2, 1)
3
(52, 30)
-> Request 2
439
(1, 3, 1)
3
(53, 67)
-> Request 3
670
(3, 1, 1)
1
(61, 38)
-> Request 4
786
(4, 1, 2)
2
(53, 28)
-> Request 5
1129
(1, 3, 2)
2
(52, 28)
-> Request 6
1209
(1, 2, 2)
3
(58, 28)
-> Request 7
1228
(1, 2, 2)
3
(57, 29)
--> Day : 2
-> Request 0
139
(1, 3, 2)
3
(49, 33)
-> Request 1
214
(4, 1, 2)
2
(49, 44)
-> Request 2
487
(1, 1, 2)
3
(48, 38)
-> Request 3
804
(2, 2, 2)
2
(57, 32)
-> Request 4
1389
(1, 3, 1)
3
(54, 43)
--> Day : 3
-> Request 0
22
(3, 1, 2)
1
(44, 42)
-> Request 1
95
(4, 1, 2)
3
(51, 45)
-> Request 2
328
(2, 1, 1)
2
(55, 75)
-> Request 3
737
(4, 3, 1)
3
(52, 37)
-> Request 4
887
(4, 1, 1)
1
(59, 78)
-> Request 5
1125
(2, 3, 1)
3
(57, 40)
-> Request 6
1426
(1, 1, 1)
1
(53, 68)
--> Day : 4
-> Request 0
431
(4, 1, 2)
3
(56, 77)
-> Request 1
860
(1, 2, 1)
1
(63, 69)
---> Week : 101
--> Day : 0
-> Request 0
151
(1, 2, 2)
1
(14, 20)
-> Request 1
680
(2, 2, 1)
2
(47, 28)
-> Request 2
739
(2, 2, 2)
1
(13, 20)
-> Request 3
767
(2, 1, 2)
2
(66, 66)
-> Request 4
894
(4, 2, 2)
2
(56, 46)
-> Request 5
1154
(4, 2, 2)
3
(64, 72)
-> Request 6
1289
(4, 1, 2)
2
(46, 32)
-> Request 7
1396
(4, 3, 1)
3
(48, 28)
--> Day : 1
-> Request 0
53
(3, 3, 1)
3
(44, 33)
-> Request 1
119
(1, 2, 2)
1
(57, 65)
-> Request 2
272
(1, 1, 1)
3
(61, 68)
-> Request 3
327
(4, 3, 1)
2
(61, 74)
-> Request 4
354
(4, 1, 2)
1
(60, 74)
-> Request 5
355
(2, 1, 1)
2
(49, 46)
-> Request 6
425
(3, 3, 1)
3
(59, 41)
-> Request 7
494
(3, 1, 2)
3
(49, 33)
-> Request 8
510
(4, 3, 1)
3
(49, 33)
-> Request 9
604
(3, 3, 1)
2
(60, 64)
-> Request 10
933
(2, 1, 2)
3
(60, 37)
-> Request 11
933
(3, 2, 2)
2
(59, 27)
-> Request 12
1088
(4, 2, 2)
2
(50, 40)
-> Request 13
1140
(2, 3, 2)
1
(64, 68)
-> Request 14
1332
(3, 2, 1)
3
(46, 31)
-> Request 15
1415
(1, 2, 1)
2
(54, 64)
--> Day : 2
-> Request 0
70
(4, 3, 2)
2
(44, 30)
-> Request 1
535
(2, 3, 1)
3
(53, 31)
-> Request 2
752
(2, 2, 2)
1
(9, 23)
-> Request 3
761
(3, 3, 1)
1
(46, 30)
-> Request 4
810
(3, 3, 2)
3
(62, 64)
-> Request 5
963
(1, 2, 2)
3
(52, 69)
-> Request 6
1325
(2, 2, 1)
1
(60, 76)
--> Day : 3
-> Request 0
121
(4, 2, 1)
1
(46, 27)
-> Request 1
287
(4, 2, 2)
1
(49, 31)
-> Request 2
418
(4, 1, 2)
1
(52, 77)
-> Request 3
700
(1, 1, 1)
1
(56, 31)
-> Request 4
1422
(1, 3, 2)
2
(12, 25)
--> Day : 4
-> Request 0
228
(2, 2, 2)
1
(56, 34)
-> Request 1
299
(2, 3, 2)
2
(43, 38)
-> Request 2
377
(2, 1, 2)
2
(52, 74)
-> Request 3
420
(2, 1, 1)
2
(61, 33)
-> Request 4
503
(2, 2, 2)
3
(58, 77)
-> Request 5
572
(4, 3, 1)
1
(49, 44)
-> Request 6
745
(4, 1, 2)
2
(47, 30)
-> Request 7
1030
(1, 1, 1)
3
(11, 20)
-> Request 8
1216
(1, 3, 2)
3
(14, 26)
---> Week : 102
--> Day : 0
-> Request 0
134
(4, 3, 1)
3
(57, 70)
-> Request 1
349
(2, 1, 2)
2
(61, 76)
-> Request 2
1038
(2, 2, 1)
2
(16, 27)
--> Day : 1
-> Request 0
102
(4, 1, 1)
1
(45, 38)
-> Request 1
239
(2, 1, 2)
2
(50, 27)
-> Request 2
885
(3, 1, 1)
2
(56, 29)
-> Request 3
905
(1, 2, 1)
2
(57, 43)
-> Request 4
994
(2, 2, 2)
2
(8, 27)
-> Request 5
1220
(4, 3, 1)
2
(10, 24)
-> Request 6
1371
(2, 1, 1)
2
(45, 31)
--> Day : 2
-> Request 0
238
(3, 2, 2)
1
(62, 32)
-> Request 1
683
(3, 2, 2)
3
(59, 43)
-> Request 2
775
(4, 3, 2)
3
(56, 39)
-> Request 3
1211
(3, 2, 2)
2
(49, 28)
-> Request 4
1321
(4, 3, 1)
1
(52, 32)
--> Day : 3
-> Request 0
712
(3, 2, 2)
3
(63, 68)
-> Request 1
958
(4, 3, 1)
1
(13, 22)
-> Request 2
1145
(2, 2, 2)
3
(54, 43)
--> Day : 4
-> Request 0
169
(1, 3, 2)
2
(43, 39)
-> Request 1
415
(3, 2, 2)
2
(58, 38)
-> Request 2
878
(4, 1, 2)
2
(9, 26)
-> Request 3
1025
(2, 2, 2)
1
(45, 27)
-> Request 4
1029
(3, 2, 1)
1
(59, 73)
-> Request 5
1042
(4, 1, 2)
3
(44, 40)
-> Request 6
1070
(2, 1, 2)
3
(53, 64)
-> Request 7
1114
(2, 1, 1)
3
(45, 36)
-> Request 8
1268
(2, 2, 2)
2
(56, 27)
-> Request 9
1388
(1, 3, 2)
3
(56, 38)
-> Request 10
1416
(1, 2, 2)
3
(59, 46)
---> Week : 103
--> Day : 0
-> Request 0
123
(2, 3, 1)
2
(9, 20)
-> Request 1
398
(1, 2, 2)
3
(56, 65)
-> Request 2
572
(4, 1, 1)
2
(61, 65)
-> Request 3
772
(3, 1, 1)
2
(53, 32)
-> Request 4
1272
(1, 3, 2)
1
(47, 28)
-> Request 5
1316
(3, 1, 2)
2
(51, 44)
--> Day : 1
-> Request 0
11
(3, 3, 1)
1
(53, 75)
-> Request 1
346
(3, 3, 1)
1
(48, 40)
-> Request 2
350
(1, 2, 2)
3
(57, 35)
-> Request 3
544
(2, 3, 2)
2
(45, 44)
-> Request 4
988
(1, 3, 1)
3
(54, 41)
-> Request 5
1043
(2, 1, 1)
2
(47, 33)
-> Request 6
1172
(4, 3, 2)
2
(60, 33)
-> Request 7
1352
(2, 3, 1)
3
(61, 33)
--> Day : 2
-> Request 0
58
(1, 2, 2)
3
(55, 35)
-> Request 1
213
(2, 1, 1)
3
(44, 36)
-> Request 2
355
(2, 1, 2)
2
(61, 35)
-> Request 3
588
(1, 1, 2)
3
(17, 28)
-> Request 4
1041
(4, 3, 2)
3
(62, 35)
-> Request 5
1156
(1, 1, 1)
1
(52, 69)
-> Request 6
1283
(2, 2, 1)
2
(9, 20)
--> Day : 3
-> Request 0
72
(4, 1, 1)
3
(62, 35)
-> Request 1
906
(2, 3, 1)
3
(49, 39)
-> Request 2
952
(3, 1, 2)
2
(47, 43)
-> Request 3
1119
(4, 2, 2)
3
(54, 68)
-> Request 4
1178
(4, 3, 2)
3
(62, 69)
-> Request 5
1355
(3, 1, 1)
1
(44, 29)
--> Day : 4
-> Request 0
349
(4, 3, 2)
2
(58, 43)
-> Request 1
425
(1, 3, 1)
1
(58, 37)
-> Request 2
436
(4, 1, 1)
3
(59, 31)
-> Request 3
619
(3, 3, 2)
1
(10, 21)
-> Request 4
1013
(3, 3, 1)
1
(60, 78)
-> Request 5
1397
(1, 1, 2)
2
(45, 41)
---> Week : 104
--> Day : 0
-> Request 0
200
(2, 1, 1)
3
(43, 35)
-> Request 1
235
(2, 2, 2)
1
(60, 77)
-> Request 2
449
(1, 3, 2)
1
(53, 30)
-> Request 3
452
(1, 2, 1)
3
(57, 74)
-> Request 4
525
(4, 1, 1)
3
(61, 41)
-> Request 5
876
(2, 1, 2)
1
(47, 38)
-> Request 6
954
(4, 1, 1)
3
(49, 33)
-> Request 7
1201
(1, 1, 1)
2
(52, 40)
--> Day : 1
-> Request 0
139
(3, 2, 1)
2
(45, 31)
-> Request 1
341
(1, 2, 1)
1
(15, 28)
-> Request 2
630
(3, 3, 1)
3
(44, 35)
-> Request 3
772
(4, 1, 1)
3
(43, 39)
-> Request 4
815
(3, 3, 2)
2
(63, 73)
-> Request 5
1049
(4, 1, 1)
2
(52, 71)
-> Request 6
1057
(4, 3, 1)
2
(46, 46)
-> Request 7
1342
(1, 2, 2)
2
(52, 35)
--> Day : 2
-> Request 0
611
(2, 2, 2)
3
(64, 77)
-> Request 1
751
(3, 1, 2)
3
(54, 33)
--> Day : 3
-> Request 0
294
(4, 2, 2)
3
(65, 71)
-> Request 1
1386
(1, 3, 1)
2
(52, 30)
--> Day : 4
-> Request 0
342
(4, 3, 1)
2
(50, 32)
-> Request 1
412
(1, 3, 2)
2
(61, 39)
-> Request 2
619
(1, 3, 1)
3
(55, 44)
-> Request 3
642
(3, 2, 2)
3
(60, 70)
-> Request 4
671
(4, 1, 2)
2
(54, 70)
-> Request 5
751
(2, 1, 2)
1
(61, 74)
-> Request 6
862
(2, 3, 2)
3
(52, 72)
-> Request 7
1262
(1, 3, 2)
2
(15, 27)
---> Week : 105
--> Day : 0
-> Request 0
9
(1, 3, 2)
3
(52, 42)
-> Request 1
819
(2, 3, 2)
3
(60, 30)
-> Request 2
1114
(1, 3, 2)
1
(53, 33)
--> Day : 1
-> Request 0
203
(3, 3, 2)
2
(60, 40)
-> Request 1
487
(1, 2, 2)
1
(57, 66)
-> Request 2
592
(3, 3, 2)
1
(49, 41)
-> Request 3
726
(1, 3, 1)
3
(54, 67)
-> Request 4
865
(2, 1, 1)
2
(49, 34)
-> Request 5
1004
(4, 3, 1)
3
(14, 22)
-> Request 6
1276
(3, 2, 2)
1
(60, 32)
--> Day : 2
-> Request 0
61
(2, 1, 2)
3
(15, 29)
-> Request 1
130
(3, 2, 2)
3
(16, 23)
-> Request 2
312
(1, 3, 1)
3
(65, 64)
-> Request 3
345
(3, 1, 2)
3
(66, 65)
-> Request 4
404
(3, 1, 1)
1
(46, 33)
-> Request 5
483
(4, 3, 2)
1
(55, 67)
-> Request 6
508
(3, 2, 2)
1
(45, 40)
-> Request 7
1158
(1, 2, 2)
2
(14, 20)
-> Request 8
1349
(1, 3, 2)
3
(60, 38)
-> Request 9
1394
(4, 1, 2)
3
(48, 30)
--> Day : 3
-> Request 0
143
(4, 3, 2)
2
(60, 44)
-> Request 1
661
(1, 3, 1)
1
(59, 76)
-> Request 2
1252
(1, 1, 1)
2
(43, 46)
-> Request 3
1419
(2, 2, 2)
3
(65, 66)
--> Day : 4
-> Request 0
29
(4, 2, 2)
3
(54, 77)
-> Request 1
130
(1, 1, 1)
1
(59, 73)
-> Request 2
295
(1, 1, 1)
2
(17, 23)
-> Request 3
347
(4, 1, 2)
2
(55, 42)
-> Request 4
616
(3, 2, 1)
3
(10, 21)
-> Request 5
947
(2, 3, 2)
1
(14, 28)
-> Request 6
1056
(2, 1, 1)
1
(44, 41)
---> Week : 106
--> Day : 0
-> Request 0
48
(1, 1, 1)
2
(51, 33)
-> Request 1
320
(2, 1, 1)
1
(12, 21)
-> Request 2
399
(2, 1, 2)
3
(58, 71)
-> Request 3
702
(3, 3, 1)
3
(10, 21)
-> Request 4
884
(1, 2, 1)
1
(61, 29)
-> Request 5
1014
(1, 2, 2)
1
(62, 30)
-> Request 6
1297
(4, 3, 2)
3
(50, 27)
-> Request 7
1439
(1, 2, 2)
1
(58, 71)
--> Day : 1
-> Request 0
82
(4, 2, 2)
3
(55, 42)
-> Request 1
509
(4, 3, 1)
3
(49, 46)
--> Day : 2
-> Request 0
205
(1, 1, 1)
1
(44, 34)
-> Request 1
568
(3, 3, 1)
1
(58, 70)
--> Day : 3
-> Request 0
317
(3, 2, 1)
2
(53, 39)
-> Request 1
332
(4, 3, 1)
2
(50, 46)
-> Request 2
363
(2, 1, 2)
1
(44, 41)
-> Request 3
513
(3, 3, 2)
1
(65, 78)
-> Request 4
945
(2, 3, 2)
3
(64, 77)
-> Request 5
1099
(1, 1, 2)
2
(9, 28)
-> Request 6
1277
(3, 1, 1)
1
(59, 42)
-> Request 7
1342
(3, 1, 1)
2
(52, 44)
-> Request 8
1359
(1, 2, 2)
1
(58, 44)
--> Day : 4
-> Request 0
50
(4, 1, 1)
2
(56, 77)
-> Request 1
483
(1, 2, 2)
3
(58, 72)
-> Request 2
533
(3, 1, 2)
3
(57, 34)
-> Request 3
538
(3, 1, 2)
2
(58, 41)
-> Request 4
802
(2, 2, 1)
1
(65, 65)
-> Request 5
822
(4, 3, 2)
3
(8, 25)
-> Request 6
1052
(3, 2, 2)
2
(52, 69)
-> Request 7
1302
(4, 3, 1)
3
(59, 42)
---> Week : 107
--> Day : 0
-> Request 0
128
(2, 2, 1)
1
(12, 22)
-> Request 1
190
(4, 1, 1)
3
(60, 76)
-> Request 2
353
(3, 1, 2)
2
(57, 27)
-> Request 3
700
(2, 1, 2)
1
(44, 34)
-> Request 4
825
(4, 2, 1)
2
(45, 31)
-> Request 5
1391
(2, 1, 1)
2
(64, 66)
--> Day : 1
-> Request 0
33
(3, 3, 1)
2
(53, 65)
-> Request 1
144
(3, 1, 2)
1
(54, 33)
-> Request 2
307
(3, 1, 1)
2
(59, 27)
-> Request 3
402
(2, 3, 1)
1
(47, 30)
-> Request 4
916
(4, 2, 2)
3
(54, 35)
-> Request 5
1258
(3, 2, 2)
2
(15, 28)
-> Request 6
1408
(4, 3, 1)
1
(50, 29)
--> Day : 2
-> Request 0
35
(4, 1, 2)
1
(14, 29)
-> Request 1
54
(1, 3, 1)
1
(44, 29)
-> Request 2
262
(3, 2, 1)
2
(62, 45)
-> Request 3
316
(3, 2, 1)
2
(53, 44)
-> Request 4
493
(2, 2, 1)
3
(56, 67)
-> Request 5
945
(2, 3, 1)
1
(59, 75)
-> Request 6
974
(3, 3, 2)
1
(49, 43)
-> Request 7
1077
(3, 3, 2)
1
(56, 28)
-> Request 8
1416
(3, 3, 2)
1
(62, 46)
--> Day : 3
-> Request 0
306
(3, 2, 2)
3
(57, 35)
-> Request 1
894
(1, 2, 2)
1
(43, 44)
-> Request 2
1077
(1, 1, 2)
2
(44, 37)
-> Request 3
1275
(1, 1, 1)
3
(52, 77)
-> Request 4
1278
(4, 1, 1)
2
(60, 76)
--> Day : 4
-> Request 0
26
(3, 3, 2)
3
(51, 44)
-> Request 1
32
(2, 3, 2)
3
(64, 75)
-> Request 2
311
(1, 2, 1)
2
(13, 21)
-> Request 3
326
(2, 2, 2)
3
(53, 66)
-> Request 4
442
(3, 3, 1)
1
(52, 45)
-> Request 5
536
(4, 3, 2)
1
(14, 28)
-> Request 6
555
(2, 2, 1)
1
(56, 70)
-> Request 7
1187
(3, 1, 1)
2
(54, 77)
-> Request 8
1391
(3, 1, 1)
2
(57, 65)
---> Week : 108
--> Day : 0
-> Request 0
73
(3, 2, 1)
1
(11, 24)
-> Request 1
86
(1, 3, 1)
3
(59, 71)
-> Request 2
161
(3, 1, 1)
2
(52, 39)
-> Request 3
288
(4, 3, 2)
2
(50, 42)
-> Request 4
564
(3, 3, 2)
3
(48, 33)
-> Request 5
960
(1, 2, 2)
1
(52, 69)
-> Request 6
1103
(3, 2, 1)
2
(62, 67)
-> Request 7
1143
(2, 3, 2)
1
(53, 28)
-> Request 8
1187
(4, 3, 2)
1
(53, 31)
-> Request 9
1206
(2, 2, 2)
1
(49, 33)
-> Request 10
1312
(4, 3, 1)
2
(53, 66)
-> Request 11
1412
(1, 1, 1)
1
(59, 27)
--> Day : 1
-> Request 0
232
(3, 1, 2)
2
(54, 41)
-> Request 1
286
(4, 3, 2)
2
(13, 27)
-> Request 2
613
(1, 3, 2)
3
(57, 65)
-> Request 3
1044
(4, 3, 1)
3
(59, 39)
-> Request 4
1053
(3, 2, 2)
3
(48, 43)
--> Day : 2
-> Request 0
123
(4, 3, 2)
2
(60, 68)
-> Request 1
154
(2, 2, 2)
2
(43, 43)
-> Request 2
448
(4, 1, 1)
3
(64, 69)
-> Request 3
552
(1, 3, 1)
2
(47, 44)
-> Request 4
605
(4, 3, 2)
1
(44, 41)
-> Request 5
845
(4, 1, 2)
3
(58, 30)
-> Request 6
1101
(4, 3, 1)
1
(52, 27)
--> Day : 3
-> Request 0
107
(4, 2, 2)
2
(46, 39)
-> Request 1
877
(3, 1, 2)
1
(50, 30)
-> Request 2
1117
(4, 2, 2)
3
(61, 72)
-> Request 3
1165
(1, 2, 2)
2
(59, 71)
--> Day : 4
-> Request 0
348
(3, 2, 2)
2
(58, 72)
-> Request 1
888
(2, 3, 2)
1
(55, 66)
---> Week : 109
--> Day : 0
-> Request 0
58
(4, 1, 2)
1
(55, 71)
-> Request 1
85
(1, 3, 1)
3
(45, 31)
-> Request 2
205
(3, 2, 2)
1
(47, 41)
-> Request 3
590
(2, 1, 2)
2
(51, 29)
-> Request 4
804
(4, 3, 1)
2
(44, 41)
-> Request 5
1160
(4, 2, 2)
3
(64, 70)
--> Day : 1
-> Request 0
17
(3, 3, 2)
2
(53, 66)
-> Request 1
194
(1, 1, 2)
3
(13, 25)
-> Request 2
233
(2, 1, 1)
1
(54, 70)
-> Request 3
512
(4, 3, 2)
3
(45, 44)
-> Request 4
566
(2, 3, 2)
2
(58, 72)
-> Request 5
587
(4, 1, 2)
1
(52, 66)
-> Request 6
1038
(3, 2, 1)
3
(62, 42)
-> Request 7
1432
(2, 1, 2)
1
(58, 27)
--> Day : 2
-> Request 0
151
(3, 2, 2)
2
(52, 28)
-> Request 1
339
(1, 1, 2)
1
(50, 40)
-> Request 2
536
(3, 3, 1)
3
(60, 78)
-> Request 3
560
(2, 1, 2)
1
(53, 73)
-> Request 4
701
(4, 1, 1)
1
(54, 73)
-> Request 5
705
(1, 2, 1)
3
(63, 73)
-> Request 6
1253
(2, 1, 2)
2
(62, 42)
-> Request 7
1426
(2, 1, 1)
3
(15, 24)
--> Day : 3
-> Request 0
316
(4, 2, 2)
3
(60, 41)
-> Request 1
558
(4, 1, 2)
1
(48, 31)
-> Request 2
608
(1, 1, 2)
1
(62, 34)
-> Request 3
903
(1, 2, 1)
2
(55, 64)
--> Day : 4
-> Request 0
1130
(3, 3, 1)
1
(56, 31)
-> Request 1
1148
(1, 2, 2)
2
(63, 68)
---> Week : 110
--> Day : 0
-> Request 0
35
(2, 2, 1)
2
(61, 31)
-> Request 1
308
(1, 1, 2)
1
(14, 20)
-> Request 2
902
(2, 3, 1)
2
(60, 44)
-> Request 3
1063
(1, 2, 1)
1
(63, 76)
-> Request 4
1252
(3, 3, 1)
1
(46, 32)
-> Request 5
1319
(1, 2, 1)
2
(58, 76)
--> Day : 1
-> Request 0
75
(1, 1, 1)
2
(49, 37)
-> Request 1
203
(1, 3, 2)
3
(55, 40)
-> Request 2
269
(3, 2, 1)
1
(43, 39)
-> Request 3
689
(4, 1, 1)
2
(59, 68)
-> Request 4
1047
(2, 3, 2)
3
(14, 26)
-> Request 5
1145
(1, 1, 1)
2
(46, 30)
-> Request 6
1419
(1, 2, 2)
1
(49, 37)
--> Day : 2
-> Request 0
1045
(1, 1, 2)
1
(56, 78)
-> Request 1
1082
(1, 1, 2)
2
(53, 73)
-> Request 2
1414
(3, 2, 1)
1
(62, 70)
--> Day : 3
-> Request 0
500
(3, 3, 2)
3
(47, 43)
-> Request 1
639
(3, 2, 1)
3
(46, 30)
-> Request 2
1349
(2, 2, 2)
3
(44, 35)
-> Request 3
1367
(4, 2, 2)
3
(56, 73)
-> Request 4
1427
(1, 2, 2)
2
(45, 33)
--> Day : 4
-> Request 0
169
(3, 1, 2)
2
(52, 32)
-> Request 1
318
(1, 2, 1)
3
(62, 37)
-> Request 2
642
(3, 1, 1)
2
(45, 38)
-> Request 3
1029
(4, 2, 2)
2
(64, 75)
-> Request 4
1354
(2, 1, 1)
2
(44, 37)
---> Week : 111
--> Day : 0
-> Request 0
293
(4, 2, 1)
1
(56, 70)
-> Request 1
353
(4, 3, 1)
1
(53, 29)
-> Request 2
1005
(2, 1, 2)
3
(48, 43)
--> Day : 1
-> Request 0
11
(4, 1, 2)
3
(45, 36)
-> Request 1
32
(1, 2, 2)
1
(8, 21)
-> Request 2
94
(3, 1, 2)
2
(47, 39)
-> Request 3
282
(1, 3, 2)
2
(63, 76)
-> Request 4
410
(4, 1, 1)
2
(58, 45)
-> Request 5
695
(4, 2, 1)
2
(56, 45)
-> Request 6
836
(1, 1, 2)
3
(52, 45)
-> Request 7
879
(2, 2, 2)
1
(54, 77)
-> Request 8
1157
(2, 1, 2)
3
(10, 22)
-> Request 9
1294
(2, 1, 2)
1
(46, 40)
--> Day : 2
-> Request 0
169
(4, 3, 1)
2
(60, 42)
-> Request 1
262
(4, 1, 1)
3
(57, 45)
-> Request 2
562
(1, 3, 1)
2
(8, 20)
-> Request 3
1039
(3, 3, 1)
3
(46, 28)
-> Request 4
1130
(1, 2, 1)
3
(62, 31)
-> Request 5
1195
(1, 1, 1)
3
(50, 27)
-> Request 6
1226
(3, 1, 1)
1
(61, 67)
--> Day : 3
-> Request 0
24
(1, 1, 2)
3
(57, 30)
-> Request 1
144
(1, 2, 2)
3
(48, 41)
-> Request 2
309
(3, 2, 1)
2
(48, 46)
-> Request 3
674
(3, 3, 2)
1
(54, 28)
-> Request 4
1089
(3, 2, 1)
2
(62, 64)
--> Day : 4
-> Request 0
35
(2, 3, 1)
3
(56, 40)
-> Request 1
68
(1, 1, 2)
3
(45, 46)
-> Request 2
118
(2, 3, 1)
2
(50, 41)
-> Request 3
665
(4, 1, 2)
3
(43, 46)
-> Request 4
712
(4, 2, 2)
2
(54, 33)
-> Request 5
1217
(1, 2, 2)
1
(64, 65)
-> Request 6
1344
(1, 1, 2)
3
(56, 30)
---> Week : 112
--> Day : 0
-> Request 0
62
(3, 1, 2)
3
(59, 43)
-> Request 1
101
(1, 1, 2)
3
(46, 31)
-> Request 2
136
(3, 3, 1)
1
(49, 31)
--> Day : 1
-> Request 0
26
(4, 2, 2)
3
(53, 78)
-> Request 1
75
(1, 2, 1)
2
(43, 31)
-> Request 2
402
(1, 2, 2)
1
(45, 43)
-> Request 3
655
(3, 2, 2)
2
(16, 22)
-> Request 4
866
(3, 3, 1)
3
(45, 44)
-> Request 5
889
(1, 3, 1)
2
(66, 67)
-> Request 6
1006
(3, 3, 2)
1
(51, 40)
--> Day : 2
-> Request 0
537
(3, 2, 2)
1
(9, 27)
-> Request 1
863
(1, 3, 1)
2
(58, 44)
-> Request 2
880
(1, 1, 2)
3
(9, 23)
-> Request 3
1329
(4, 2, 1)
1
(61, 37)
--> Day : 3
-> Request 0
307
(3, 2, 1)
2
(44, 40)
-> Request 1
549
(1, 1, 2)
1
(10, 29)
-> Request 2
819
(4, 2, 2)
1
(62, 44)
-> Request 3
886
(3, 1, 1)
1
(53, 78)
-> Request 4
1203
(2, 2, 1)
2
(10, 24)
-> Request 5
1372
(3, 2, 2)
1
(52, 37)
--> Day : 4
-> Request 0
424
(3, 3, 1)
3
(56, 27)
-> Request 1
1064
(3, 3, 1)
2
(64, 73)
-> Request 2
1198
(4, 3, 2)
1
(53, 36)
-> Request 3
1357
(3, 3, 1)
3
(56, 31)
-> Request 4
1377
(2, 1, 1)
1
(49, 27)
-> Request 5
1400
(2, 2, 1)
2
(10, 24)
---> Week : 113
--> Day : 0
-> Request 0
38
(2, 1, 2)
3
(52, 46)
-> Request 1
77
(3, 1, 2)
2
(48, 35)
-> Request 2
813
(1, 3, 2)
2
(52, 44)
-> Request 3
870
(1, 3, 2)
2
(62, 66)
-> Request 4
1016
(3, 3, 2)
3
(45, 33)
-> Request 5
1088
(4, 3, 2)
3
(65, 74)
-> Request 6
1327
(2, 2, 1)
3
(43, 29)
--> Day : 1
-> Request 0
159
(3, 3, 2)
3
(66, 67)
-> Request 1
654
(3, 1, 1)
2
(44, 40)
-> Request 2
867
(1, 3, 2)
3
(57, 67)
-> Request 3
1259
(2, 3, 2)
2
(8, 23)
-> Request 4
1355
(2, 1, 2)
3
(45, 39)
--> Day : 2
-> Request 0
309
(1, 3, 1)
3
(55, 30)
-> Request 1
737
(3, 2, 2)
3
(48, 42)
-> Request 2
814
(3, 3, 2)
3
(59, 77)
-> Request 3
917
(4, 3, 2)
2
(53, 32)
-> Request 4
1173
(3, 3, 2)
1
(54, 38)
-> Request 5
1187
(1, 3, 2)
3
(57, 31)
-> Request 6
1211
(1, 2, 2)
2
(57, 71)
-> Request 7
1307
(4, 3, 2)
3
(51, 27)
--> Day : 3
-> Request 0
248
(1, 2, 1)
1
(61, 65)
-> Request 1
429
(1, 1, 1)
3
(61, 33)
-> Request 2
577
(3, 3, 1)
1
(66, 75)
-> Request 3
842
(4, 3, 1)
3
(58, 66)
--> Day : 4
-> Request 0
207
(4, 3, 2)
1
(50, 34)
-> Request 1
555
(4, 1, 2)
3
(50, 46)
-> Request 2
759
(4, 1, 1)
2
(62, 71)
-> Request 3
812
(4, 3, 1)
2
(59, 34)
-> Request 4
1047
(3, 2, 1)
1
(54, 30)
-> Request 5
1090
(4, 1, 2)
3
(53, 67)
---> Week : 114
--> Day : 0
-> Request 0
105
(3, 3, 2)
3
(60, 39)
-> Request 1
234
(4, 3, 2)
2
(60, 69)
-> Request 2
363
(1, 2, 1)
1
(13, 23)
-> Request 3
772
(2, 1, 2)
2
(65, 69)
-> Request 4
1004
(3, 2, 1)
3
(54, 34)
-> Request 5
1304
(2, 1, 1)
3
(58, 29)
-> Request 6
1333
(4, 1, 2)
1
(54, 36)
-> Request 7
1364
(2, 1, 2)
1
(49, 34)
--> Day : 1
-> Request 0
65
(1, 1, 1)
3
(11, 26)
-> Request 1
319
(1, 2, 2)
2
(45, 35)
-> Request 2
442
(3, 1, 2)
1
(61, 34)
-> Request 3
831
(3, 1, 2)
1
(56, 78)
-> Request 4
842
(3, 2, 1)
1
(63, 73)
-> Request 5
942
(2, 3, 2)
2
(58, 39)
-> Request 6
1024
(1, 1, 2)
3
(61, 73)
--> Day : 2
-> Request 0
140
(2, 2, 2)
1
(54, 40)
-> Request 1
1153
(3, 3, 2)
2
(12, 26)
--> Day : 3
-> Request 0
7
(4, 2, 2)
1
(58, 73)
-> Request 1
388
(2, 1, 2)
2
(53, 37)
-> Request 2
567
(3, 3, 2)
1
(11, 23)
-> Request 3
1212
(2, 3, 2)
3
(44, 37)
--> Day : 4
-> Request 0
542
(1, 3, 1)
2
(11, 21)
-> Request 1
743
(4, 2, 2)
2
(16, 28)
-> Request 2
896
(2, 3, 1)
3
(46, 33)
-> Request 3
920
(4, 3, 1)
3
(16, 25)
-> Request 4
964
(2, 1, 2)
3
(66, 71)
-> Request 5
1114
(3, 1, 2)
1
(52, 71)
-> Request 6
1162
(2, 1, 2)
2
(63, 70)
-> Request 7
1357
(4, 3, 1)
3
(56, 31)
---> Week : 115
--> Day : 0
-> Request 0
81
(1, 1, 2)
1
(60, 71)
-> Request 1
94
(3, 2, 1)
3
(59, 68)
-> Request 2
307
(3, 3, 1)
1
(56, 35)
-> Request 3
461
(2, 3, 2)
2
(54, 71)
-> Request 4
743
(4, 2, 2)
1
(66, 65)
-> Request 5
1158
(2, 1, 1)
1
(63, 74)
-> Request 6
1197
(2, 1, 1)
1
(55, 76)
-> Request 7
1274
(3, 1, 2)
1
(63, 69)
--> Day : 1
-> Request 0
51
(1, 2, 2)
1
(62, 29)
-> Request 1
113
(4, 3, 2)
3
(48, 27)
-> Request 2
785
(2, 2, 2)
2
(64, 66)
--> Day : 2
-> Request 0
90
(4, 1, 1)
1
(56, 74)
-> Request 1
153
(3, 1, 2)
1
(59, 76)
-> Request 2
321
(1, 2, 2)
3
(45, 35)
-> Request 3
622
(2, 1, 2)
1
(63, 65)
-> Request 4
665
(4, 3, 1)
3
(55, 78)
-> Request 5
729
(1, 3, 1)
1
(58, 29)
-> Request 6
752
(1, 1, 1)
3
(47, 43)
-> Request 7
775
(4, 1, 1)
1
(58, 30)
-> Request 8
900
(3, 2, 2)
3
(15, 29)
-> Request 9
981
(3, 2, 2)
3
(64, 67)
-> Request 10
989
(4, 3, 1)
3
(45, 34)
-> Request 11
1039
(3, 1, 2)
3
(61, 69)
-> Request 12
1364
(1, 3, 1)
2
(57, 45)
-> Request 13
1372
(4, 1, 1)
3
(59, 40)
--> Day : 3
-> Request 0
318
(2, 3, 1)
1
(49, 40)
-> Request 1
400
(4, 2, 1)
2
(10, 29)
-> Request 2
496
(4, 1, 2)
2
(66, 68)
-> Request 3
708
(1, 2, 2)
2
(52, 44)
-> Request 4
761
(4, 3, 2)
1
(59, 77)
--> Day : 4
-> Request 0
39
(2, 1, 2)
2
(56, 74)
-> Request 1
94
(1, 1, 2)
3
(46, 28)
-> Request 2
379
(4, 2, 2)
1
(60, 32)
-> Request 3
472
(1, 3, 1)
3
(61, 31)
-> Request 4
476
(3, 3, 2)
1
(55, 64)
-> Request 5
682
(3, 3, 2)
1
(56, 41)
-> Request 6
1314
(4, 1, 2)
3
(61, 27)
---> Week : 116
--> Day : 0
-> Request 0
214
(3, 2, 1)
1
(49, 39)
-> Request 1
436
(3, 1, 1)
1
(58, 45)
-> Request 2
447
(3, 3, 2)
2
(53, 39)
-> Request 3
489
(2, 3, 2)
2
(54, 35)
-> Request 4
876
(4, 3, 2)
2
(61, 37)
-> Request 5
1032
(4, 3, 2)
3
(43, 35)
-> Request 6
1051
(3, 3, 1)
2
(46, 42)
-> Request 7
1349
(4, 1, 1)
3
(57, 64)
--> Day : 1
-> Request 0
781
(2, 1, 1)
2
(52, 70)
-> Request 1
1026
(2, 2, 2)
1
(43, 46)
-> Request 2
1054
(1, 3, 2)
3
(50, 29)
-> Request 3
1369
(2, 1, 1)
1
(56, 73)
--> Day : 2
-> Request 0
106
(2, 1, 1)
1
(47, 37)
-> Request 1
486
(3, 2, 1)
2
(52, 67)
-> Request 2
927
(2, 3, 2)
3
(60, 76)
-> Request 3
927
(2, 1, 1)
3
(55, 44)
-> Request 4
1093
(1, 1, 1)
1
(14, 27)
-> Request 5
1134
(1, 3, 2)
3
(58, 29)
-> Request 6
1144
(2, 3, 2)
2
(55, 78)
--> Day : 3
-> Request 0
392
(4, 1, 1)
3
(64, 70)
-> Request 1
754
(1, 1, 1)
2
(65, 65)
-> Request 2
1043
(1, 3, 1)
3
(43, 28)
-> Request 3
1121
(1, 3, 2)
1
(52, 70)
-> Request 4
1251
(4, 2, 2)
1
(50, 27)
--> Day : 4
-> Request 0
52
(3, 2, 1)
1
(55, 70)
-> Request 1
511
(2, 1, 2)
3
(46, 30)
-> Request 2
1163
(3, 2, 1)
1
(45, 44)
-> Request 3
1266
(1, 3, 1)
3
(57, 70)
---> Week : 117
--> Day : 0
-> Request 0
798
(1, 2, 2)
3
(50, 45)
-> Request 1
1330
(2, 1, 2)
1
(57, 70)
--> Day : 1
-> Request 0
375
(4, 3, 1)
2
(13, 25)
-> Request 1
675
(4, 3, 2)
2
(50, 41)
-> Request 2
892
(1, 3, 2)
3
(55, 37)
-> Request 3
1168
(1, 3, 2)
1
(66, 78)
-> Request 4
1434
(4, 2, 2)
1
(64, 70)
--> Day : 2
-> Request 0
46
(4, 2, 2)
2
(61, 28)
-> Request 1
646
(4, 2, 1)
1
(14, 26)
-> Request 2
1113
(1, 3, 1)
1
(57, 77)
-> Request 3
1222
(3, 1, 1)
1
(64, 76)
-> Request 4
1283
(4, 1, 1)
2
(60, 34)
-> Request 5
1362
(1, 1, 2)
2
(46, 34)
--> Day : 3
-> Request 0
817
(3, 1, 2)
2
(52, 33)
-> Request 1
821
(1, 3, 2)
1
(59, 33)
-> Request 2
912
(2, 1, 2)
1
(53, 30)
-> Request 3
1092
(4, 3, 1)
3
(53, 30)
-> Request 4
1270
(1, 1, 2)
2
(54, 46)
--> Day : 4
-> Request 0
213
(2, 3, 2)
3
(11, 27)
-> Request 1
619
(3, 3, 2)
2
(54, 42)
-> Request 2
756
(3, 1, 2)
3
(52, 70)
-> Request 3
855
(4, 1, 2)
3
(58, 64)
-> Request 4
1359
(1, 2, 2)
1
(63, 65)
---> Week : 118
--> Day : 0
-> Request 0
553
(2, 1, 1)
3
(59, 29)
-> Request 1
750
(3, 3, 1)
1
(54, 43)
-> Request 2
977
(1, 2, 2)
1
(60, 44)
-> Request 3
1250
(3, 1, 1)
3
(53, 38)
-> Request 4
1405
(3, 2, 1)
2
(51, 32)
--> Day : 1
-> Request 0
54
(4, 1, 1)
2
(60, 70)
-> Request 1
105
(1, 2, 2)
3
(64, 69)
-> Request 2
382
(2, 2, 1)
2
(8, 27)
-> Request 3
458
(3, 2, 2)
3
(47, 28)
-> Request 4
888
(2, 3, 1)
3
(52, 74)
-> Request 5
1094
(2, 3, 1)
3
(65, 71)
--> Day : 2
-> Request 0
71
(4, 2, 1)
1
(46, 31)
-> Request 1
239
(1, 2, 2)
2
(52, 77)
-> Request 2
331
(4, 1, 2)
2
(45, 46)
-> Request 3
413
(1, 2, 1)
2
(65, 72)
-> Request 4
420
(2, 1, 2)
3
(59, 78)
-> Request 5
779
(2, 1, 2)
3
(52, 64)
-> Request 6
897
(3, 2, 2)
1
(61, 35)
-> Request 7
912
(2, 1, 2)
1
(52, 45)
-> Request 8
1077
(4, 3, 1)
3
(10, 22)
-> Request 9
1252
(3, 3, 1)
1
(53, 76)
-> Request 10
1379
(4, 1, 2)
1
(17, 24)
--> Day : 3
-> Request 0
403
(3, 2, 2)
3
(61, 42)
-> Request 1
618
(1, 3, 2)
1
(63, 76)
-> Request 2
649
(2, 3, 2)
2
(48, 36)
-> Request 3
875
(4, 3, 2)
2
(58, 40)
-> Request 4
1000
(3, 2, 2)
3
(48, 43)
-> Request 5
1242
(3, 1, 2)
2
(12, 25)
--> Day : 4
-> Request 0
526
(2, 1, 2)
1
(59, 32)
-> Request 1
554
(4, 1, 2)
1
(60, 75)
-> Request 2
808
(1, 2, 1)
1
(54, 37)
-> Request 3
1123
(1, 1, 2)
3
(45, 35)
-> Request 4
1243
(3, 3, 1)
2
(16, 28)
---> Week : 119
--> Day : 0
-> Request 0
105
(4, 3, 1)
2
(64, 67)
-> Request 1
687
(2, 1, 1)
3
(60, 33)
-> Request 2
698
(4, 1, 2)
3
(48, 40)
-> Request 3
931
(1, 1, 1)
2
(46, 34)
-> Request 4
976
(2, 3, 1)
1
(60, 43)
-> Request 5
1049
(4, 1, 1)
3
(56, 64)
--> Day : 1
-> Request 0
9
(3, 3, 2)
3
(55, 74)
-> Request 1
354
(2, 2, 1)
3
(44, 32)
-> Request 2
749
(4, 1, 2)
1
(44, 44)
-> Request 3
800
(3, 3, 2)
2
(55, 76)
-> Request 4
970
(2, 3, 1)
3
(53, 75)
--> Day : 2
-> Request 0
79
(1, 1, 1)
3
(49, 44)
-> Request 1
873
(3, 1, 2)
3
(60, 65)
-> Request 2
974
(1, 2, 2)
2
(58, 33)
-> Request 3
1266
(2, 3, 1)
2
(51, 33)
-> Request 4
1429
(1, 3, 2)
1
(57, 46)
--> Day : 3
-> Request 0
497
(1, 3, 2)
1
(54, 70)
-> Request 1
1278
(2, 2, 2)
1
(61, 73)
--> Day : 4
-> Request 0
11
(1, 2, 1)
2
(47, 41)
-> Request 1
251
(1, 3, 1)
1
(54, 46)
-> Request 2
647
(1, 2, 2)
3
(60, 41)
-> Request 3
659
(4, 3, 1)
2
(60, 77)
-> Request 4
710
(2, 3, 1)
2
(13, 24)
-> Request 5
826
(3, 1, 1)
3
(52, 30)
-> Request 6
1075
(4, 2, 1)
3
(63, 64)
---> Week : 120
--> Day : 0
-> Request 0
174
(3, 1, 2)
3
(51, 31)
-> Request 1
209
(4, 1, 2)
3
(54, 28)
-> Request 2
332
(1, 3, 1)
2
(54, 37)
-> Request 3
432
(4, 1, 2)
3
(47, 37)
-> Request 4
438
(2, 3, 2)
2
(44, 43)
-> Request 5
1056
(2, 2, 2)
2
(61, 33)
--> Day : 1
-> Request 0
15
(1, 2, 2)
3
(53, 75)
-> Request 1
323
(1, 2, 2)
2
(59, 36)
-> Request 2
371
(3, 3, 2)
3
(52, 67)
-> Request 3
516
(3, 2, 1)
3
(11, 24)
-> Request 4
592
(4, 1, 1)
1
(16, 23)
-> Request 5
643
(1, 1, 1)
1
(65, 73)
-> Request 6
1254
(3, 2, 2)
2
(47, 40)
--> Day : 2
-> Request 0
57
(2, 1, 2)
1
(62, 77)
-> Request 1
191
(3, 3, 2)
2
(61, 30)
-> Request 2
226
(1, 3, 1)
2
(46, 29)
-> Request 3
432
(3, 3, 1)
1
(57, 69)
-> Request 4
545
(4, 3, 1)
1
(62, 72)
-> Request 5
727
(1, 3, 1)
3
(16, 29)
-> Request 6
1358
(3, 2, 1)
2
(58, 45)
--> Day : 3
-> Request 0
181
(2, 1, 1)
1
(49, 30)
--> Day : 4
-> Request 0
185
(1, 3, 1)
1
(53, 35)
-> Request 1
717
(2, 1, 2)
3
(54, 68)
-> Request 2
987
(3, 1, 1)
3
(11, 21)
---> Week : 121
--> Day : 0
-> Request 0
314
(3, 1, 1)
2
(43, 37)
-> Request 1
376
(2, 2, 1)
3
(65, 73)
-> Request 2
1005
(3, 3, 2)
1
(60, 78)
-> Request 3
1084
(2, 3, 1)
1
(60, 67)
--> Day : 1
-> Request 0
23
(1, 1, 1)
3
(58, 45)
-> Request 1
79
(2, 1, 2)
2
(48, 30)
-> Request 2
327
(4, 3, 1)
2
(50, 40)
-> Request 3
433
(4, 1, 1)
2
(53, 31)
-> Request 4
663
(3, 1, 2)
2
(54, 78)
--> Day : 2
-> Request 0
98
(2, 1, 1)
1
(60, 31)
-> Request 1
335
(3, 3, 1)
2
(49, 27)
-> Request 2
834
(1, 3, 1)
2
(13, 26)
-> Request 3
963
(4, 3, 2)
1
(52, 67)
-> Request 4
966
(2, 1, 1)
3
(51, 46)
--> Day : 3
-> Request 0
11
(1, 3, 1)
3
(65, 67)
-> Request 1
36
(4, 1, 2)
1
(44, 46)
-> Request 2
90
(4, 1, 2)
3
(54, 77)
-> Request 3
183
(4, 2, 2)
2
(56, 41)
-> Request 4
278
(4, 1, 1)
3
(55, 68)
-> Request 5
353
(2, 2, 2)
2
(56, 74)
-> Request 6
370
(3, 2, 2)
2
(66, 77)
-> Request 7
481
(2, 1, 1)
3
(15, 26)
-> Request 8
636
(1, 2, 1)
1
(54, 36)
-> Request 9
1100
(2, 1, 1)
1
(50, 42)
-> Request 10
1302
(4, 2, 2)
2
(12, 26)
--> Day : 4
-> Request 0
455
(3, 3, 1)
2
(53, 39)
-> Request 1
456
(4, 1, 2)
1
(55, 33)
-> Request 2
1034
(2, 3, 1)
1
(63, 70)
-> Request 3
1094
(4, 2, 2)
3
(53, 41)
-> Request 4
1139
(4, 1, 2)
3
(16, 26)
-> Request 5
1240
(4, 3, 2)
1
(58, 39)
-> Request 6
1253
(2, 2, 1)
1
(62, 36)
---> Week : 122
--> Day : 0
-> Request 0
226
(4, 2, 2)
1
(51, 32)
-> Request 1
687
(4, 1, 2)
1
(48, 34)
-> Request 2
835
(2, 1, 2)
1
(49, 35)
--> Day : 1
-> Request 0
18
(1, 3, 2)
1
(16, 26)
-> Request 1
642
(2, 1, 2)
3
(56, 45)
-> Request 2
653
(2, 2, 1)
3
(61, 42)
-> Request 3
742
(4, 2, 1)
2
(56, 39)
-> Request 4
940
(4, 3, 1)
2
(51, 35)
-> Request 5
970
(2, 3, 1)
1
(48, 27)
-> Request 6
1099
(3, 2, 2)
1
(58, 39)
--> Day : 2
-> Request 0
442
(1, 3, 1)
2
(14, 28)
-> Request 1
495
(3, 2, 1)
3
(50, 36)
-> Request 2
512
(4, 1, 2)
3
(17, 21)
-> Request 3
536
(2, 2, 1)
1
(56, 43)
-> Request 4
683
(4, 1, 1)
1
(49, 29)
-> Request 5
770
(4, 3, 1)
2
(65, 76)
--> Day : 3
-> Request 0
453
(2, 2, 1)
1
(58, 33)
-> Request 1
910
(3, 3, 2)
1
(60, 72)
-> Request 2
1243
(1, 1, 2)
3
(9, 21)
-> Request 3
1364
(1, 2, 1)
2
(57, 27)
--> Day : 4
-> Request 0
28
(2, 3, 2)
2
(56, 39)
-> Request 1
307
(4, 1, 2)
3
(45, 41)
-> Request 2
331
(2, 3, 2)
3
(49, 30)
-> Request 3
433
(4, 2, 2)
3
(53, 73)
-> Request 4
443
(2, 3, 1)
3
(43, 37)
-> Request 5
619
(3, 1, 2)
2
(55, 78)
-> Request 6
876
(4, 2, 2)
3
(54, 35)
---> Week : 123
--> Day : 0
-> Request 0
160
(2, 2, 2)
1
(47, 44)
-> Request 1
200
(2, 1, 1)
1
(8, 23)
-> Request 2
612
(4, 3, 1)
2
(59, 72)
-> Request 3
625
(4, 2, 2)
3
(9, 23)
-> Request 4
681
(4, 1, 1)
3
(43, 46)
-> Request 5
1049
(2, 1, 2)
3
(56, 36)
--> Day : 1
-> Request 0
398
(3, 3, 1)
1
(43, 38)
-> Request 1
605
(4, 3, 2)
3
(16, 27)
-> Request 2
795
(1, 3, 2)
2
(45, 42)
-> Request 3
984
(4, 3, 1)
3
(59, 35)
--> Day : 2
-> Request 0
162
(1, 1, 1)
1
(47, 41)
-> Request 1
186
(2, 3, 2)
1
(54, 65)
-> Request 2
330
(4, 1, 2)
2
(54, 44)
-> Request 3
569
(2, 2, 1)
2
(58, 28)
-> Request 4
606
(2, 1, 1)
1
(49, 32)
-> Request 5
730
(1, 3, 1)
1
(13, 22)
-> Request 6
988
(2, 3, 2)
2
(53, 37)
-> Request 7
1106
(2, 1, 2)
1
(61, 30)
-> Request 8
1377
(3, 1, 1)
3
(14, 26)
--> Day : 3
-> Request 0
435
(3, 2, 1)
1
(44, 28)
-> Request 1
445
(3, 1, 1)
2
(56, 27)
-> Request 2
783
(3, 2, 2)
3
(48, 41)
-> Request 3
1152
(4, 1, 1)
2
(49, 42)
--> Day : 4
-> Request 0
302
(4, 3, 1)
1
(50, 42)
-> Request 1
456
(1, 3, 2)
2
(58, 64)
-> Request 2
605
(2, 1, 2)
3
(49, 29)
-> Request 3
934
(1, 1, 1)
2
(64, 71)
-> Request 4
1153
(1, 3, 1)
1
(60, 27)
-> Request 5
1160
(4, 1, 2)
2
(55, 74)
-> Request 6
1302
(4, 3, 2)
1
(11, 22)
-> Request 7
1377
(3, 1, 2)
2
(55, 77)
---> Week : 124
--> Day : 0
-> Request 0
4
(3, 3, 1)
3
(12, 27)
-> Request 1
184
(3, 2, 1)
3
(8, 22)
-> Request 2
314
(2, 1, 1)
1
(52, 32)
-> Request 3
384
(3, 1, 1)
3
(15, 22)
-> Request 4
438
(2, 2, 1)
2
(55, 37)
-> Request 5
490
(2, 3, 1)
3
(61, 28)
-> Request 6
904
(3, 2, 2)
3
(52, 71)
-> Request 7
1054
(3, 2, 1)
3
(52, 45)
--> Day : 1
-> Request 0
4
(4, 1, 1)
1
(56, 39)
-> Request 1
177
(3, 3, 2)
2
(65, 76)
-> Request 2
239
(1, 2, 1)
1
(52, 76)
-> Request 3
719
(2, 3, 2)
1
(60, 39)
-> Request 4
982
(4, 3, 1)
1
(58, 74)
-> Request 5
1304
(4, 2, 1)
1
(63, 68)
-> Request 6
1310
(2, 3, 2)
2
(55, 34)
-> Request 7
1347
(1, 1, 2)
3
(11, 27)
--> Day : 2
-> Request 0
355
(1, 2, 1)
1
(63, 77)
-> Request 1
435
(1, 1, 1)
3
(56, 45)
-> Request 2
446
(2, 2, 2)
2
(52, 35)
-> Request 3
1226
(3, 3, 2)
2
(59, 78)
-> Request 4
1357
(4, 2, 1)
3
(44, 35)
--> Day : 3
-> Request 0
760
(1, 2, 1)
2
(57, 70)
-> Request 1
855
(1, 2, 1)
3
(48, 39)
-> Request 2
990
(4, 3, 1)
3
(53, 70)
-> Request 3
1141
(4, 3, 2)
2
(16, 29)
-> Request 4
1148
(3, 2, 2)
1
(61, 66)
-> Request 5
1294
(2, 2, 2)
2
(52, 35)
--> Day : 4
-> Request 0
461
(3, 2, 2)
2
(43, 31)
-> Request 1
612
(1, 3, 1)
1
(58, 39)
-> Request 2
759
(1, 2, 1)
3
(46, 43)
-> Request 3
775
(4, 3, 1)
2
(60, 38)
-> Request 4
805
(4, 3, 2)
1
(51, 38)
-> Request 5
884
(4, 2, 2)
3
(62, 65)
-> Request 6
1390
(2, 1, 2)
3
(16, 21)
---> Week : 125
--> Day : 0
-> Request 0
945
(4, 2, 2)
2
(56, 78)
-> Request 1
1334
(2, 2, 2)
3
(55, 67)
-> Request 2
1377
(4, 3, 1)
3
(62, 31)
--> Day : 1
-> Request 0
56
(1, 2, 1)
2
(60, 69)
-> Request 1
84
(1, 2, 2)
1
(54, 27)
-> Request 2
355
(1, 1, 2)
1
(57, 28)
-> Request 3
374
(2, 2, 1)
3
(53, 70)
-> Request 4
729
(4, 2, 2)
1
(64, 65)
-> Request 5
791
(2, 2, 1)
2
(46, 36)
-> Request 6
1024
(3, 1, 2)
1
(59, 28)
-> Request 7
1127
(1, 2, 1)
3
(60, 77)
--> Day : 2
-> Request 0
9
(2, 2, 2)
3
(60, 29)
-> Request 1
293
(4, 2, 1)
2
(62, 33)
-> Request 2
497
(1, 2, 1)
1
(61, 27)
-> Request 3
796
(2, 1, 1)
2
(59, 71)
-> Request 4
828
(1, 2, 2)
1
(61, 69)
-> Request 5
1231
(2, 1, 2)
3
(61, 65)
--> Day : 3
-> Request 0
437
(1, 2, 1)
3
(58, 72)
-> Request 1
712
(4, 1, 2)
2
(55, 34)
-> Request 2
762
(1, 1, 1)
2
(59, 39)
-> Request 3
1190
(4, 2, 1)
2
(54, 75)
-> Request 4
1278
(3, 1, 2)
1
(52, 31)
--> Day : 4
-> Request 0
196
(4, 1, 2)
2
(50, 46)
-> Request 1
676
(2, 3, 1)
2
(54, 41)
-> Request 2
1071
(2, 1, 2)
3
(16, 27)
-> Request 3
1172
(4, 2, 1)
1
(65, 69)
-> Request 4
1414
(2, 3, 1)
1
(49, 28)
---> Week : 126
--> Day : 0
-> Request 0
245
(1, 3, 2)
3
(63, 71)
-> Request 1
368
(2, 3, 1)
3
(54, 66)
-> Request 2
478
(3, 1, 1)
3
(12, 22)
-> Request 3
636
(4, 1, 2)
1
(65, 76)
-> Request 4
704
(1, 2, 2)
3
(14, 26)
-> Request 5
740
(4, 2, 1)
3
(46, 41)
-> Request 6
1017
(3, 2, 1)
3
(50, 28)
-> Request 7
1123
(1, 3, 1)
2
(59, 77)
-> Request 8
1132
(4, 2, 2)
2
(62, 69)
-> Request 9
1151
(3, 2, 1)
2
(15, 27)
-> Request 10
1186
(2, 2, 2)
1
(65, 78)
--> Day : 1
-> Request 0
147
(3, 1, 1)
2
(66, 71)
-> Request 1
404
(2, 1, 1)
3
(64, 69)
--> Day : 2
-> Request 0
63
(1, 1, 1)
3
(58, 39)
-> Request 1
389
(3, 2, 1)
2
(61, 65)
-> Request 2
707
(4, 2, 2)
3
(60, 44)
-> Request 3
795
(3, 2, 2)
3
(54, 31)
-> Request 4
1105
(3, 1, 1)
1
(58, 35)
-> Request 5
1318
(2, 3, 2)
1
(55, 31)
--> Day : 3
-> Request 0
262
(4, 3, 2)
2
(60, 44)
-> Request 1
422
(3, 3, 1)
1
(46, 46)
-> Request 2
736
(4, 1, 2)
3
(55, 30)
-> Request 3
841
(3, 3, 1)
3
(48, 34)
-> Request 4
890
(1, 1, 1)
3
(43, 44)
-> Request 5
1137
(3, 2, 2)
3
(44, 33)
--> Day : 4
-> Request 0
193
(4, 2, 1)
3
(59, 27)
-> Request 1
221
(3, 3, 2)
1
(15, 22)
-> Request 2
835
(4, 1, 1)
1
(60, 64)
-> Request 3
1072
(4, 3, 1)
3
(55, 27)
-> Request 4
1387
(4, 3, 2)
3
(59, 75)
-> Request 5
1406
(2, 2, 1)
1
(46, 29)
-> Request 6
1439
(2, 1, 1)
3
(16, 25)
---> Week : 127
--> Day : 0
-> Request 0
299
(2, 2, 2)
2
(12, 28)
-> Request 1
364
(3, 1, 2)
2
(59, 74)
-> Request 2
838
(2, 2, 2)
3
(60, 70)
-> Request 3
889
(1, 1, 1)
3
(15, 25)
-> Request 4
972
(1, 3, 2)
1
(13, 29)
-> Request 5
1050
(3, 2, 2)
2
(8, 26)
-> Request 6
1089
(4, 3, 2)
1
(44, 28)
--> Day : 1
-> Request 0
14
(1, 1, 1)
2
(58, 33)
-> Request 1
137
(1, 1, 1)
1
(58, 68)
-> Request 2
220
(1, 2, 2)
1
(52, 41)
-> Request 3
680
(1, 1, 1)
2
(51, 36)
-> Request 4
1299
(1, 2, 2)
1
(17, 27)
--> Day : 2
-> Request 0
49
(1, 1, 2)
2
(60, 46)
-> Request 1
266
(1, 3, 1)
3
(50, 36)
-> Request 2
743
(2, 2, 2)
3
(52, 34)
-> Request 3
790
(1, 2, 2)
3
(57, 73)
-> Request 4
800
(2, 2, 1)
2
(59, 71)
-> Request 5
948
(3, 2, 2)
1
(62, 29)
-> Request 6
1153
(4, 2, 1)
3
(65, 73)
--> Day : 3
-> Request 0
73
(3, 1, 1)
3
(8, 24)
-> Request 1
221
(4, 2, 2)
3
(50, 30)
-> Request 2
235
(3, 3, 2)
3
(55, 41)
-> Request 3
366
(2, 1, 2)
3
(11, 25)
-> Request 4
447
(1, 2, 2)
3
(44, 27)
-> Request 5
520
(4, 3, 2)
2
(60, 70)
-> Request 6
629
(1, 3, 2)
2
(51, 33)
-> Request 7
945
(4, 2, 1)
1
(8, 28)
-> Request 8
969
(1, 2, 1)
2
(51, 46)
-> Request 9
1123
(3, 2, 1)
1
(57, 28)
-> Request 10
1145
(1, 3, 1)
2
(56, 32)
--> Day : 4
-> Request 0
392
(4, 2, 2)
1
(63, 64)
-> Request 1
401
(1, 3, 1)
2
(57, 68)
-> Request 2
988
(3, 2, 1)
3
(10, 29)
-> Request 3
1369
(1, 1, 1)
3
(54, 28)
-> Request 4
1426
(3, 3, 1)
1
(62, 43)
---> Week : 128
--> Day : 0
-> Request 0
395
(3, 1, 1)
1
(54, 77)
-> Request 1
734
(2, 3, 2)
1
(47, 44)
-> Request 2
1107
(2, 2, 1)
1
(56, 66)
--> Day : 1
-> Request 0
461
(4, 3, 1)
2
(59, 35)
-> Request 1
708
(4, 1, 2)
1
(62, 71)
-> Request 2
906
(2, 1, 2)
3
(10, 24)
-> Request 3
991
(4, 1, 2)
3
(60, 75)
-> Request 4
1091
(4, 1, 2)
3
(61, 32)
--> Day : 2
-> Request 0
249
(3, 3, 1)
1
(52, 69)
-> Request 1
341
(2, 2, 1)
3
(60, 78)
-> Request 2
411
(3, 3, 1)
3
(53, 70)
--> Day : 3
-> Request 0
138
(1, 1, 2)
2
(45, 32)
-> Request 1
202
(2, 1, 1)
1
(59, 45)
-> Request 2
214
(4, 3, 2)
1
(51, 33)
-> Request 3
300
(4, 3, 1)
2
(50, 44)
-> Request 4
326
(1, 2, 1)
1
(58, 67)
-> Request 5
546
(1, 3, 1)
1
(50, 34)
-> Request 6
559
(3, 2, 1)
1
(10, 27)
-> Request 7
654
(1, 1, 2)
2
(56, 31)
-> Request 8
668
(2, 1, 1)
3
(57, 69)
-> Request 9
823
(1, 2, 2)
2
(58, 68)
-> Request 10
1398
(3, 2, 1)
1
(12, 29)
--> Day : 4
-> Request 0
70
(2, 1, 2)
1
(57, 30)
-> Request 1
336
(2, 3, 1)
3
(9, 24)
-> Request 2
479
(4, 1, 2)
1
(59, 45)
-> Request 3
511
(1, 1, 1)
3
(17, 28)
-> Request 4
1161
(4, 1, 2)
2
(57, 46)
-> Request 5
1232
(3, 3, 1)
2
(51, 45)
-> Request 6
1344
(4, 3, 1)
3
(50, 37)
-> Request 7
1411
(3, 1, 2)
2
(51, 39)
---> Week : 129
--> Day : 0
-> Request 0
23
(4, 3, 1)
1
(53, 43)
-> Request 1
624
(4, 2, 2)
3
(56, 44)
-> Request 2
895
(2, 2, 1)
1
(50, 42)
-> Request 3
1173
(3, 1, 2)
2
(43, 46)
-> Request 4
1266
(4, 1, 2)
3
(48, 32)
--> Day : 1
-> Request 0
42
(4, 3, 1)
1
(53, 69)
-> Request 1
293
(4, 3, 2)
3
(54, 45)
-> Request 2
385
(4, 2, 2)
1
(51, 41)
-> Request 3
1022
(2, 2, 1)
1
(54, 36)
-> Request 4
1087
(1, 3, 1)
3
(13, 26)
-> Request 5
1361
(4, 1, 2)
3
(64, 64)
--> Day : 2
-> Request 0
25
(3, 2, 1)
1
(62, 67)
-> Request 1
489
(4, 2, 2)
2
(55, 34)
-> Request 2
822
(4, 2, 1)
2
(46, 34)
-> Request 3
845
(2, 2, 1)
1
(16, 21)
-> Request 4
1358
(4, 1, 1)
2
(50, 29)
--> Day : 3
-> Request 0
198
(2, 3, 2)
1
(51, 38)
-> Request 1
764
(4, 2, 2)
2
(45, 34)
-> Request 2
1246
(4, 2, 1)
2
(46, 43)
-> Request 3
1324
(3, 2, 2)
1
(55, 34)
--> Day : 4
-> Request 0
79
(4, 3, 2)
2
(55, 67)
-> Request 1
482
(1, 2, 1)
2
(51, 45)
-> Request 2
569
(1, 1, 2)
3
(53, 70)
-> Request 3
667
(3, 1, 2)
1
(48, 27)
-> Request 4
993
(1, 1, 1)
1
(56, 67)
---> Week : 130
--> Day : 0
-> Request 0
55
(2, 1, 1)
2
(55, 42)
-> Request 1
328
(3, 1, 2)
2
(55, 77)
-> Request 2
395
(1, 1, 1)
1
(59, 65)
-> Request 3
871
(4, 3, 1)
1
(46, 41)
-> Request 4
930
(3, 1, 1)
2
(13, 22)
-> Request 5
976
(1, 3, 2)
3
(61, 34)
-> Request 6
998
(4, 3, 2)
3
(11, 22)
-> Request 7
1105
(2, 3, 2)
2
(15, 29)
-> Request 8
1295
(2, 2, 2)
3
(58, 75)
--> Day : 1
-> Request 0
636
(4, 3, 2)
2
(56, 76)
-> Request 1
846
(1, 2, 1)
2
(48, 34)
-> Request 2
1056
(3, 1, 1)
2
(51, 32)
-> Request 3
1261
(3, 1, 2)
2
(9, 22)
--> Day : 2
-> Request 0
568
(4, 3, 1)
1
(52, 37)
-> Request 1
870
(2, 2, 1)
3
(56, 43)
-> Request 2
951
(1, 2, 1)
2
(54, 29)
-> Request 3
1004
(3, 1, 2)
2
(43, 30)
-> Request 4
1275
(2, 2, 1)
2
(47, 31)
--> Day : 3
-> Request 0
351
(1, 1, 2)
3
(58, 44)
-> Request 1
368
(1, 3, 2)
1
(63, 74)
-> Request 2
546
(3, 2, 1)
2
(55, 69)
-> Request 3
624
(1, 2, 2)
3
(12, 24)
-> Request 4
919
(2, 1, 2)
3
(44, 32)
-> Request 5
919
(1, 2, 1)
3
(51, 41)
-> Request 6
942
(4, 1, 1)
1
(64, 65)
-> Request 7
1000
(4, 3, 2)
2
(53, 32)
-> Request 8
1328
(2, 1, 1)
3
(55, 37)
-> Request 9
1399
(2, 1, 1)
2
(62, 30)
-> Request 10
1399
(4, 1, 1)
2
(43, 32)
-> Request 11
1408
(2, 2, 2)
3
(55, 46)
--> Day : 4
-> Request 0
23
(3, 2, 1)
2
(56, 39)
-> Request 1
320
(2, 2, 1)
2
(17, 29)
-> Request 2
377
(4, 3, 1)
3
(8, 27)
-> Request 3
466
(4, 1, 2)
1
(60, 46)
-> Request 4
634
(3, 1, 2)
1
(60, 46)
-> Request 5
1128
(2, 2, 1)
3
(60, 70)
-> Request 6
1319
(1, 2, 1)
1
(8, 27)
-> Request 7
1328
(4, 2, 1)
3
(60, 68)
---> Week : 131
--> Day : 0
-> Request 0
492
(1, 2, 1)
2
(43, 40)
-> Request 1
602
(3, 2, 2)
2
(57, 70)
-> Request 2
817
(3, 1, 1)
3
(61, 42)
-> Request 3
1011
(1, 2, 2)
1
(44, 46)
-> Request 4
1034
(1, 3, 1)
3
(58, 74)
-> Request 5
1141
(2, 1, 1)
3
(55, 71)
-> Request 6
1382
(2, 3, 1)
1
(47, 31)
-> Request 7
1436
(4, 3, 1)
1
(61, 66)
--> Day : 1
-> Request 0
315
(4, 3, 2)
2
(49, 28)
-> Request 1
764
(4, 1, 1)
1
(56, 45)
-> Request 2
795
(2, 3, 2)
2
(63, 74)
-> Request 3
824
(2, 2, 2)
3
(61, 64)
-> Request 4
1395
(1, 1, 1)
1
(55, 64)
--> Day : 2
-> Request 0
129
(4, 1, 2)
3
(51, 31)
-> Request 1
495
(4, 2, 2)
3
(60, 67)
-> Request 2
561
(2, 3, 1)
2
(44, 46)
-> Request 3
603
(4, 3, 1)
1
(55, 76)
-> Request 4
754
(1, 2, 2)
2
(64, 76)
--> Day : 3
-> Request 0
206
(1, 1, 2)
3
(53, 31)
-> Request 1
522
(4, 1, 1)
1
(16, 20)
-> Request 2
1158
(2, 2, 1)
3
(54, 64)
-> Request 3
1319
(1, 2, 2)
1
(49, 44)
-> Request 4
1377
(1, 2, 1)
2
(59, 32)
--> Day : 4
-> Request 0
1177
(2, 3, 1)
3
(61, 41)
-> Request 1
1270
(4, 3, 2)
1
(51, 33)
-> Request 2
1356
(1, 1, 1)
3
(60, 34)
-> Request 3
1384
(3, 1, 2)
3
(58, 76)
---> Week : 132
--> Day : 0
-> Request 0
113
(3, 1, 1)
2
(55, 33)
-> Request 1
669
(4, 2, 1)
2
(58, 29)
-> Request 2
674
(4, 3, 1)
1
(51, 42)
-> Request 3
758
(2, 3, 2)
3
(64, 74)
-> Request 4
1189
(2, 3, 2)
3
(62, 31)
-> Request 5
1254
(2, 2, 1)
1
(43, 39)
--> Day : 1
-> Request 0
8
(1, 3, 1)
1
(66, 72)
-> Request 1
749
(4, 2, 2)
1
(51, 33)
-> Request 2
769
(1, 2, 1)
3
(46, 33)
-> Request 3
814
(1, 3, 2)
2
(56, 31)
-> Request 4
847
(3, 3, 1)
3
(16, 29)
-> Request 5
874
(2, 3, 1)
2
(9, 20)
-> Request 6
896
(2, 2, 1)
2
(52, 72)
-> Request 7
1229
(2, 1, 2)
3
(53, 38)
-> Request 8
1346
(2, 3, 2)
1
(65, 67)
--> Day : 2
-> Request 0
82
(3, 2, 1)
1
(60, 77)
-> Request 1
392
(1, 3, 2)
3
(57, 78)
-> Request 2
711
(1, 1, 2)
2
(45, 36)
-> Request 3
764
(4, 1, 2)
2
(53, 37)
-> Request 4
922
(3, 1, 1)
3
(46, 38)
-> Request 5
953
(4, 3, 1)
1
(50, 37)
-> Request 6
997
(4, 1, 2)
2
(60, 29)
-> Request 7
1365
(1, 1, 1)
2
(47, 40)
--> Day : 3
-> Request 0
1064
(3, 1, 1)
3
(60, 74)
-> Request 1
1378
(3, 1, 2)
3
(61, 65)
-> Request 2
1428
(1, 1, 2)
2
(61, 69)
--> Day : 4
-> Request 0
216
(2, 3, 2)
2
(57, 30)
-> Request 1
298
(4, 3, 1)
3
(53, 27)
-> Request 2
386
(1, 2, 2)
3
(63, 72)
-> Request 3
585
(2, 2, 1)
3
(58, 30)
-> Request 4
589
(3, 3, 2)
1
(52, 34)
-> Request 5
615
(2, 3, 1)
1
(59, 33)
-> Request 6
694
(2, 2, 1)
1
(55, 41)
-> Request 7
1055
(3, 1, 1)
1
(62, 71)
-> Request 8
1127
(1, 1, 1)
1
(16, 22)
-> Request 9
1414
(3, 2, 1)
1
(62, 28)
---> Week : 133
--> Day : 0
-> Request 0
45
(2, 1, 1)
2
(57, 45)
-> Request 1
1184
(4, 3, 1)
3
(50, 42)
-> Request 2
1367
(2, 1, 2)
1
(54, 74)
--> Day : 1
-> Request 0
12
(3, 1, 2)
3
(61, 67)
-> Request 1
17
(4, 1, 2)
1
(55, 30)
-> Request 2
49
(2, 2, 2)
2
(56, 74)
-> Request 3
182
(2, 3, 1)
1
(51, 29)
-> Request 4
1015
(4, 3, 2)
3
(58, 34)
-> Request 5
1258
(4, 3, 1)
1
(56, 78)
--> Day : 2
-> Request 0
388
(1, 1, 2)
3
(17, 26)
-> Request 1
948
(1, 2, 2)
3
(13, 20)
-> Request 2
967
(1, 2, 1)
3
(52, 42)
--> Day : 3
-> Request 0
81
(3, 1, 2)
2
(64, 64)
-> Request 1
343
(3, 3, 2)
3
(58, 72)
-> Request 2
343
(4, 3, 1)
1
(16, 20)
-> Request 3
376
(1, 1, 1)
2
(15, 29)
-> Request 4
612
(3, 2, 2)
2
(51, 41)
-> Request 5
657
(3, 2, 2)
2
(64, 64)
-> Request 6
668
(1, 1, 1)
1
(14, 26)
-> Request 7
814
(2, 2, 1)
1
(55, 46)
-> Request 8
1402
(3, 1, 1)
1
(10, 27)
--> Day : 4
-> Request 0
127
(1, 3, 1)
1
(64, 77)
-> Request 1
270
(3, 1, 1)
1
(52, 38)
-> Request 2
333
(4, 3, 1)
3
(58, 45)
-> Request 3
1081
(1, 2, 1)
1
(64, 73)
-> Request 4
1308
(3, 1, 1)
1
(52, 72)
-> Request 5
1325
(1, 1, 1)
1
(49, 33)
-> Request 6
1359
(3, 1, 2)
3
(54, 68)
---> Week : 134
--> Day : 0
-> Request 0
25
(3, 2, 2)
3
(17, 28)
-> Request 1
77
(3, 1, 1)
2
(62, 30)
-> Request 2
166
(3, 1, 1)
1
(56, 29)
-> Request 3
428
(4, 3, 1)
2
(63, 78)
-> Request 4
545
(3, 1, 1)
3
(46, 27)
-> Request 5
546
(4, 1, 2)
1
(52, 65)
-> Request 6
615
(4, 1, 2)
3
(64, 76)
-> Request 7
753
(3, 1, 2)
1
(16, 24)
-> Request 8
909
(3, 1, 1)
1
(53, 28)
-> Request 9
1118
(3, 1, 1)
2
(10, 26)
-> Request 10
1131
(1, 3, 1)
2
(46, 38)
-> Request 11
1242
(3, 2, 2)
1
(9, 29)
--> Day : 1
-> Request 0
202
(4, 3, 2)
2
(61, 41)
-> Request 1
433
(3, 2, 2)
1
(44, 30)
-> Request 2
545
(4, 1, 1)
3
(48, 32)
-> Request 3
840
(3, 3, 1)
1
(62, 73)
-> Request 4
938
(3, 2, 1)
2
(52, 39)
-> Request 5
1430
(4, 2, 2)
3
(60, 42)
--> Day : 2
-> Request 0
375
(4, 2, 1)
1
(55, 67)
-> Request 1
947
(4, 2, 1)
3
(48, 40)
-> Request 2
1085
(1, 1, 2)
1
(65, 75)
-> Request 3
1087
(1, 3, 1)
2
(52, 38)
-> Request 4
1132
(1, 2, 1)
3
(55, 76)
-> Request 5
1232
(4, 1, 1)
2
(47, 41)
--> Day : 3
-> Request 0
283
(1, 1, 2)
3
(11, 29)
-> Request 1
567
(3, 1, 2)
1
(56, 68)
-> Request 2
627
(4, 2, 2)
1
(52, 30)
-> Request 3
651
(2, 3, 1)
3
(63, 71)
-> Request 4
782
(2, 1, 2)
1
(48, 41)
-> Request 5
920
(4, 1, 2)
3
(51, 41)
-> Request 6
1019
(2, 2, 2)
1
(52, 68)
-> Request 7
1058
(1, 3, 2)
2
(53, 42)
-> Request 8
1109
(1, 3, 2)
3
(8, 27)
--> Day : 4
-> Request 0
292
(2, 3, 1)
3
(49, 32)
-> Request 1
402
(3, 2, 2)
2
(54, 65)
-> Request 2
591
(4, 1, 2)
3
(53, 74)
-> Request 3
1180
(3, 1, 1)
1
(55, 28)
-> Request 4
1422
(4, 3, 2)
2
(61, 78)
---> Week : 135
--> Day : 0
-> Request 0
442
(1, 2, 2)
2
(53, 67)
-> Request 1
485
(2, 3, 2)
1
(57, 33)
-> Request 2
868
(2, 2, 1)
1
(56, 30)
-> Request 3
1309
(4, 3, 2)
1
(52, 41)
-> Request 4
1313
(3, 1, 2)
3
(56, 68)
--> Day : 1
-> Request 0
69
(3, 1, 2)
3
(58, 35)
-> Request 1
500
(3, 3, 1)
3
(48, 46)
-> Request 2
609
(3, 3, 1)
1
(17, 20)
-> Request 3
709
(3, 1, 2)
1
(57, 45)
-> Request 4
1139
(3, 2, 2)
1
(54, 77)
-> Request 5
1144
(2, 3, 1)
1
(44, 42)
-> Request 6
1239
(3, 2, 1)
2
(52, 72)
-> Request 7
1307
(2, 1, 2)
2
(52, 69)
-> Request 8
1390
(1, 3, 2)
1
(55, 30)
--> Day : 2
-> Request 0
206
(1, 1, 2)
2
(17, 24)
-> Request 1
802
(2, 3, 1)
1
(44, 33)
-> Request 2
990
(4, 2, 2)
1
(62, 72)
-> Request 3
1059
(2, 3, 2)
2
(64, 73)
-> Request 4
1073
(4, 2, 2)
3
(54, 38)
-> Request 5
1201
(1, 2, 1)
1
(65, 66)
-> Request 6
1278
(3, 3, 2)
2
(59, 38)
--> Day : 3
-> Request 0
140
(3, 2, 1)
1
(61, 37)
-> Request 1
334
(1, 2, 1)
1
(48, 43)
-> Request 2
891
(3, 2, 1)
1
(48, 34)
--> Day : 4
-> Request 0
176
(1, 2, 2)
3
(54, 27)
-> Request 1
1034
(3, 2, 2)
1
(10, 25)
-> Request 2
1362
(3, 2, 2)
2
(52, 74)
---> Week : 136
--> Day : 0
-> Request 0
155
(3, 3, 1)
1
(10, 21)
-> Request 1
158
(4, 2, 1)
1
(54, 42)
-> Request 2
723
(1, 3, 1)
3
(16, 29)
-> Request 3
1016
(4, 1, 1)
1
(64, 67)
-> Request 4
1041
(1, 2, 2)
3
(13, 24)
-> Request 5
1426
(1, 2, 2)
2
(49, 31)
--> Day : 1
-> Request 0
207
(4, 2, 2)
3
(55, 76)
-> Request 1
295
(1, 2, 1)
2
(54, 41)
-> Request 2
322
(4, 1, 1)
2
(57, 42)
-> Request 3
355
(4, 1, 2)
2
(43, 34)
-> Request 4
442
(3, 2, 2)
2
(44, 42)
-> Request 5
1153
(2, 2, 1)
1
(56, 71)
-> Request 6
1202
(2, 2, 1)
1
(56, 37)
-> Request 7
1263
(4, 1, 2)
2
(11, 27)
--> Day : 2
-> Request 0
323
(2, 2, 2)
2
(43, 30)
-> Request 1
362
(4, 3, 1)
1
(58, 43)
-> Request 2
479
(2, 2, 2)
1
(15, 29)
-> Request 3
687
(1, 1, 1)
1
(60, 67)
-> Request 4
880
(3, 3, 2)
1
(65, 78)
-> Request 5
1117
(1, 1, 1)
1
(61, 78)
-> Request 6
1257
(4, 1, 1)
3
(49, 32)
-> Request 7
1344
(4, 1, 2)
1
(66, 72)
-> Request 8
1366
(1, 2, 1)
3
(43, 41)
--> Day : 3
-> Request 0
171
(3, 3, 2)
1
(54, 40)
-> Request 1
279
(1, 1, 2)
1
(59, 74)
-> Request 2
420
(4, 1, 2)
3
(43, 35)
-> Request 3
637
(2, 3, 1)
2
(8, 25)
-> Request 4
721
(3, 2, 2)
2
(50, 27)
-> Request 5
840
(4, 1, 1)
2
(55, 71)
-> Request 6
917
(4, 2, 1)
3
(53, 31)
-> Request 7
1004
(2, 3, 2)
3
(57, 29)
-> Request 8
1140
(1, 3, 1)
1
(8, 24)
-> Request 9
1259
(2, 1, 1)
1
(13, 21)
-> Request 10
1409
(3, 3, 1)
3
(59, 39)
--> Day : 4
-> Request 0
80
(4, 2, 2)
3
(50, 30)
-> Request 1
167
(2, 2, 2)
3
(44, 27)
-> Request 2
1258
(3, 3, 1)
1
(65, 77)
-> Request 3
1290
(2, 3, 2)
1
(62, 45)
---> Week : 137
--> Day : 0
-> Request 0
167
(1, 2, 1)
2
(59, 75)
-> Request 1
194
(3, 3, 2)
1
(60, 43)
-> Request 2
617
(2, 2, 1)
3
(58, 70)
-> Request 3
992
(4, 1, 2)
2
(59, 43)
-> Request 4
1016
(1, 2, 1)
2
(61, 44)
--> Day : 1
-> Request 0
27
(4, 1, 2)
1
(55, 78)
-> Request 1
651
(4, 1, 2)
3
(60, 45)
--> Day : 2
-> Request 0
800
(3, 3, 1)
3
(47, 42)
-> Request 1
835
(3, 1, 2)
3
(53, 74)
-> Request 2
1080
(2, 1, 1)
2
(61, 68)
-> Request 3
1417
(4, 2, 1)
2
(54, 74)
--> Day : 3
-> Request 0
723
(3, 3, 1)
2
(45, 41)
-> Request 1
921
(4, 3, 2)
2
(56, 30)
-> Request 2
937
(1, 1, 1)
3
(44, 29)
-> Request 3
1392
(2, 3, 1)
3
(55, 39)
-> Request 4
1419
(1, 1, 1)
2
(57, 38)
--> Day : 4
-> Request 0
353
(1, 2, 2)
1
(55, 27)
-> Request 1
363
(3, 2, 2)
3
(63, 65)
-> Request 2
511
(3, 3, 2)
3
(43, 35)
-> Request 3
615
(2, 2, 2)
1
(61, 35)
-> Request 4
635
(4, 2, 2)
1
(57, 39)
-> Request 5
766
(4, 1, 2)
2
(48, 44)
-> Request 6
940
(3, 1, 2)
3
(13, 21)
-> Request 7
1202
(1, 3, 1)
1
(55, 75)
-> Request 8
1278
(3, 2, 2)
3
(44, 29)
-> Request 9
1320
(3, 2, 2)
1
(11, 25)
---> Week : 138
--> Day : 0
-> Request 0
200
(2, 1, 1)
1
(55, 72)
-> Request 1
392
(2, 3, 2)
2
(47, 44)
-> Request 2
490
(1, 1, 2)
2
(45, 35)
-> Request 3
576
(2, 3, 2)
2
(61, 74)
-> Request 4
973
(1, 1, 1)
2
(59, 46)
-> Request 5
1406
(3, 3, 2)
3
(59, 42)
--> Day : 1
-> Request 0
36
(2, 2, 2)
3
(14, 25)
-> Request 1
140
(4, 2, 2)
3
(55, 39)
-> Request 2
292
(1, 1, 2)
2
(45, 30)
-> Request 3
336
(1, 3, 1)
3
(52, 71)
-> Request 4
374
(1, 2, 2)
1
(58, 69)
-> Request 5
455
(1, 1, 2)
3
(57, 65)
-> Request 6
517
(1, 1, 1)
3
(48, 40)
-> Request 7
741
(4, 2, 1)
1
(50, 41)
-> Request 8
791
(1, 1, 2)
1
(61, 75)
-> Request 9
835
(3, 1, 2)
2
(55, 36)
-> Request 10
854
(4, 2, 2)
3
(64, 74)
-> Request 11
1208
(4, 3, 2)
1
(60, 66)
-> Request 12
1256
(3, 2, 1)
1
(8, 20)
--> Day : 2
-> Request 0
90
(4, 1, 1)
1
(56, 36)
-> Request 1
283
(4, 2, 2)
3
(58, 41)
-> Request 2
650
(2, 1, 1)
3
(64, 76)
-> Request 3
661
(4, 2, 2)
3
(57, 30)
-> Request 4
1274
(1, 2, 1)
2
(59, 38)
--> Day : 3
-> Request 0
1
(4, 1, 1)
2
(55, 27)
-> Request 1
159
(4, 1, 1)
3
(53, 75)
-> Request 2
194
(3, 2, 1)
3
(53, 73)
-> Request 3
194
(3, 3, 2)
2
(52, 36)
-> Request 4
211
(2, 3, 2)
3
(56, 40)
-> Request 5
539
(1, 3, 2)
3
(53, 28)
-> Request 6
568
(4, 1, 1)
1
(57, 69)
-> Request 7
651
(4, 1, 2)
2
(57, 78)
-> Request 8
862
(3, 3, 2)
1
(57, 71)
-> Request 9
1321
(3, 2, 2)
1
(57, 77)
--> Day : 4
-> Request 0
34
(1, 2, 1)
2
(61, 69)
-> Request 1
377
(3, 1, 1)
3
(53, 71)
-> Request 2
668
(1, 2, 2)
1
(45, 27)
-> Request 3
770
(1, 2, 1)
3
(43, 33)
-> Request 4
786
(2, 3, 1)
1
(59, 76)
-> Request 5
1114
(1, 2, 1)
3
(65, 71)
---> Week : 139
--> Day : 0
-> Request 0
11
(3, 2, 1)
3
(44, 31)
-> Request 1
56
(4, 2, 2)
2
(58, 28)
-> Request 2
736
(4, 2, 1)
2
(8, 27)
-> Request 3
743
(2, 1, 2)
2
(62, 69)
-> Request 4
903
(1, 2, 1)
2
(58, 44)
-> Request 5
1173
(1, 1, 2)
2
(10, 21)
--> Day : 1
-> Request 0
394
(2, 3, 2)
1
(13, 22)
-> Request 1
435
(1, 2, 2)
3
(14, 20)
-> Request 2
488
(2, 1, 2)
1
(55, 41)
-> Request 3
596
(2, 2, 1)
2
(60, 41)
-> Request 4
675
(4, 1, 2)
3
(64, 73)
-> Request 5
678
(1, 1, 2)
1
(52, 35)
-> Request 6
712
(2, 2, 1)
1
(10, 27)
-> Request 7
1140
(3, 2, 1)
3
(10, 26)
-> Request 8
1246
(1, 2, 1)
2
(57, 34)
-> Request 9
1351
(4, 2, 2)
1
(60, 28)
--> Day : 2
-> Request 0
335
(3, 3, 2)
2
(51, 34)
-> Request 1
417
(4, 1, 1)
3
(16, 28)
-> Request 2
1156
(4, 1, 2)
1
(61, 73)
-> Request 3
1315
(2, 2, 2)
2
(56, 33)
--> Day : 3
-> Request 0
67
(3, 2, 2)
3
(53, 30)
-> Request 1
152
(1, 3, 1)
3
(52, 28)
-> Request 2
163
(2, 3, 1)
2
(59, 71)
-> Request 3
166
(1, 3, 1)
2
(51, 41)
-> Request 4
419
(3, 3, 2)
3
(57, 76)
-> Request 5
1104
(2, 3, 1)
1
(61, 65)
-> Request 6
1324
(1, 1, 2)
1
(65, 70)
--> Day : 4
-> Request 0
553
(2, 3, 2)
3
(44, 33)
-> Request 1
743
(4, 1, 2)
2
(43, 32)
-> Request 2
825
(4, 2, 1)
3
(57, 69)
-> Request 3
829
(1, 2, 2)
1
(51, 40)
-> Request 4
979
(1, 2, 1)
3
(53, 74)
-> Request 5
1135
(3, 2, 1)
1
(45, 41)
-> Request 6
1211
(3, 1, 1)
1
(61, 37)
-> Request 7
1264
(3, 2, 2)
3
(14, 21)
-> Request 8
1317
(3, 1, 1)
3
(11, 23)
-> Request 9
1343
(2, 1, 2)
3
(56, 75)
-> Request 10
1359
(2, 1, 1)
2
(50, 45)
---> Week : 140
--> Day : 0
-> Request 0
551
(2, 1, 1)
2
(48, 29)
-> Request 1
585
(3, 1, 1)
1
(58, 38)
--> Day : 1
-> Request 0
15
(3, 1, 2)
2
(62, 71)
-> Request 1
193
(1, 2, 1)
2
(53, 70)
-> Request 2
236
(1, 1, 1)
2
(11, 22)
-> Request 3
467
(4, 2, 2)
3
(17, 20)
-> Request 4
668
(2, 1, 2)
2
(58, 45)
-> Request 5
1024
(4, 3, 2)
1
(50, 30)
-> Request 6
1097
(4, 3, 2)
2
(64, 67)
-> Request 7
1280
(4, 1, 1)
3
(16, 29)
--> Day : 2
-> Request 0
404
(4, 1, 2)
1
(57, 36)
-> Request 1
609
(3, 3, 1)
2
(62, 44)
-> Request 2
684
(2, 1, 1)
2
(55, 75)
-> Request 3
810
(3, 3, 1)
3
(43, 46)
-> Request 4
1062
(4, 3, 2)
1
(55, 67)
-> Request 5
1244
(4, 2, 2)
1
(44, 43)
--> Day : 3
-> Request 0
128
(2, 2, 1)
3
(54, 38)
-> Request 1
405
(3, 2, 1)
3
(60, 35)
-> Request 2
575
(4, 2, 2)
1
(45, 42)
-> Request 3
643
(2, 2, 1)
3
(8, 27)
-> Request 4
927
(1, 3, 2)
3
(56, 32)
-> Request 5
952
(4, 2, 1)
3
(61, 27)
-> Request 6
956
(3, 3, 1)
2
(62, 46)
-> Request 7
970
(3, 3, 2)
2
(58, 71)
-> Request 8
1127
(1, 1, 1)
3
(54, 46)
--> Day : 4
-> Request 0
414
(3, 1, 2)
2
(17, 29)
-> Request 1
492
(1, 2, 1)
2
(59, 31)
-> Request 2
1013
(1, 3, 2)
2
(47, 42)
-> Request 3
1040
(3, 3, 2)
3
(51, 27)
-> Request 4
1264
(3, 2, 1)
2
(56, 41)
---> Week : 141
--> Day : 0
-> Request 0
452
(4, 3, 2)
1
(13, 24)
-> Request 1
500
(3, 1, 2)
3
(12, 22)
-> Request 2
532
(1, 3, 1)
2
(54, 39)
-> Request 3
560
(3, 3, 2)
1
(56, 69)
-> Request 4
662
(1, 2, 1)
1
(47, 45)
-> Request 5
801
(2, 2, 2)
2
(52, 44)
-> Request 6
834
(4, 1, 2)
1
(59, 30)
-> Request 7
842
(2, 3, 2)
1
(44, 45)
-> Request 8
923
(2, 1, 1)
1
(54, 35)
-> Request 9
993
(3, 2, 2)
2
(10, 26)
--> Day : 1
-> Request 0
70
(3, 1, 1)
1
(64, 67)
-> Request 1
550
(1, 1, 1)
2
(49, 30)
-> Request 2
794
(4, 1, 2)
2
(66, 77)
-> Request 3
856
(1, 3, 1)
2
(47, 37)
-> Request 4
1206
(2, 3, 1)
1
(50, 29)
--> Day : 2
-> Request 0
282
(1, 1, 2)
1
(52, 37)
-> Request 1
562
(3, 1, 2)
3
(56, 41)
-> Request 2
1047
(1, 2, 1)
3
(49, 30)
-> Request 3
1408
(2, 1, 2)
2
(12, 26)
--> Day : 3
-> Request 0
181
(4, 3, 1)
2
(57, 44)
-> Request 1
740
(3, 2, 1)
1
(58, 27)
-> Request 2
1049
(2, 1, 1)
2
(44, 38)
-> Request 3
1355
(3, 1, 2)
2
(60, 39)
-> Request 4
1388
(3, 3, 2)
2
(45, 31)
--> Day : 4
-> Request 0
218
(2, 3, 2)
2
(46, 40)
-> Request 1
336
(3, 3, 2)
2
(47, 32)
-> Request 2
391
(3, 3, 1)
3
(60, 29)
-> Request 3
805
(3, 1, 2)
3
(48, 40)
-> Request 4
1353
(3, 1, 1)
3
(61, 30)
-> Request 5
1427
(2, 1, 1)
1
(51, 42)
---> Week : 142
--> Day : 0
-> Request 0
154
(1, 3, 1)
1
(61, 67)
-> Request 1
662
(4, 2, 2)
3
(63, 64)
-> Request 2
762
(2, 3, 1)
3
(59, 66)
--> Day : 1
-> Request 0
365
(1, 3, 1)
3
(55, 37)
-> Request 1
1246
(1, 3, 1)
2
(58, 73)
--> Day : 2
-> Request 0
120
(2, 3, 2)
3
(53, 27)
-> Request 1
457
(2, 2, 1)
3
(55, 35)
-> Request 2
889
(3, 3, 1)
1
(15, 29)
-> Request 3
1179
(4, 1, 2)
1
(10, 24)
-> Request 4
1279
(1, 2, 2)
2
(46, 29)
--> Day : 3
-> Request 0
46
(2, 1, 2)
1
(58, 42)
-> Request 1
679
(1, 1, 2)
2
(58, 78)
-> Request 2
942
(2, 3, 2)
1
(53, 29)
-> Request 3
1007
(1, 1, 2)
1
(57, 75)
-> Request 4
1178
(4, 1, 2)
3
(54, 35)
-> Request 5
1238
(2, 3, 1)
3
(45, 32)
--> Day : 4
-> Request 0
280
(4, 1, 1)
3
(17, 27)
-> Request 1
830
(4, 3, 1)
3
(60, 32)
-> Request 2
1311
(3, 1, 2)
3
(16, 24)
---> Week : 143
--> Day : 0
-> Request 0
543
(4, 3, 2)
3
(53, 39)
-> Request 1
1385
(1, 2, 1)
2
(43, 33)
-> Request 2
1385
(4, 2, 2)
2
(14, 26)
--> Day : 1
-> Request 0
554
(3, 3, 1)
3
(60, 71)
-> Request 1
657
(1, 3, 2)
2
(62, 68)
-> Request 2
1057
(2, 2, 2)
1
(56, 64)
-> Request 3
1346
(1, 2, 2)
3
(48, 29)
--> Day : 2
-> Request 0
93
(3, 1, 2)
2
(10, 21)
-> Request 1
134
(1, 3, 1)
1
(55, 75)
-> Request 2
337
(2, 3, 1)
2
(15, 22)
-> Request 3
562
(3, 3, 2)
2
(53, 45)
-> Request 4
629
(4, 3, 1)
1
(61, 71)
-> Request 5
702
(3, 2, 2)
1
(59, 34)
-> Request 6
704
(4, 2, 2)
3
(53, 39)
-> Request 7
1249
(3, 1, 1)
2
(66, 70)
--> Day : 3
-> Request 0
246
(2, 3, 2)
1
(51, 33)
-> Request 1
831
(3, 1, 1)
2
(43, 40)
-> Request 2
869
(1, 2, 1)
3
(47, 35)
-> Request 3
971
(1, 1, 2)
1
(55, 38)
-> Request 4
1308
(4, 1, 1)
2
(8, 27)
--> Day : 4
-> Request 0
339
(4, 2, 2)
1
(56, 69)
-> Request 1
436
(2, 3, 2)
3
(47, 33)
-> Request 2
579
(1, 2, 2)
1
(54, 66)
-> Request 3
923
(3, 3, 2)
2
(63, 77)
-> Request 4
1295
(1, 3, 2)
3
(43, 37)
-> Request 5
1402
(2, 3, 1)
3
(11, 25)
---> Week : 144
--> Day : 0
-> Request 0
29
(1, 2, 1)
2
(52, 38)
-> Request 1
760
(2, 2, 1)
3
(62, 64)
-> Request 2
1040
(4, 3, 1)
2
(52, 41)
-> Request 3
1280
(1, 2, 2)
1
(14, 27)
--> Day : 1
-> Request 0
250
(4, 1, 2)
2
(54, 41)
-> Request 1
346
(3, 2, 2)
1
(9, 27)
-> Request 2
800
(3, 3, 2)
2
(13, 22)
-> Request 3
970
(3, 1, 1)
2
(45, 28)
-> Request 4
991
(3, 1, 1)
3
(52, 45)
-> Request 5
1229
(4, 2, 2)
2
(48, 37)
-> Request 6
1239
(4, 2, 1)
2
(8, 23)
-> Request 7
1429
(2, 3, 1)
2
(56, 29)
--> Day : 2
-> Request 0
197
(3, 3, 2)
3
(52, 73)
-> Request 1
409
(1, 1, 1)
3
(62, 43)
-> Request 2
602
(4, 1, 1)
1
(52, 76)
-> Request 3
678
(1, 1, 1)
2
(45, 42)
-> Request 4
804
(3, 3, 1)
2
(56, 32)
-> Request 5
984
(3, 3, 1)
1
(12, 25)
-> Request 6
1059
(3, 1, 2)
3
(63, 74)
-> Request 7
1209
(2, 2, 1)
2
(57, 30)
-> Request 8
1216
(4, 2, 2)
3
(49, 30)
-> Request 9
1251
(2, 2, 1)
1
(62, 28)
-> Request 10
1284
(1, 1, 2)
3
(52, 40)
-> Request 11
1299
(3, 2, 2)
3
(9, 26)
--> Day : 3
-> Request 0
152
(3, 1, 2)
3
(59, 35)
-> Request 1
497
(4, 3, 2)
1
(61, 40)
-> Request 2
656
(4, 3, 2)
1
(49, 36)
-> Request 3
712
(2, 1, 2)
3
(13, 20)
-> Request 4
809
(1, 3, 1)
1
(53, 66)
-> Request 5
829
(2, 1, 1)
3
(57, 27)
-> Request 6
1062
(4, 3, 1)
2
(52, 30)
-> Request 7
1282
(2, 1, 2)
3
(62, 75)
--> Day : 4
-> Request 0
636
(2, 3, 2)
2
(16, 24)
-> Request 1
721
(3, 2, 2)
3
(61, 40)
-> Request 2
722
(2, 2, 1)
1
(53, 27)
-> Request 3
896
(2, 3, 2)
3
(66, 65)
-> Request 4
1274
(2, 3, 2)
3
(53, 36)
---> Week : 145
--> Day : 0
-> Request 0
20
(1, 1, 2)
2
(47, 40)
-> Request 1
539
(1, 1, 2)
2
(14, 29)
-> Request 2
655
(3, 2, 2)
1
(43, 45)
-> Request 3
1283
(1, 1, 1)
2
(47, 42)
-> Request 4
1379
(1, 2, 2)
2
(51, 31)
--> Day : 1
-> Request 0
69
(2, 3, 1)
2
(65, 67)
-> Request 1
352
(4, 3, 2)
1
(54, 45)
-> Request 2
404
(1, 3, 2)
1
(51, 45)
-> Request 3
465
(3, 2, 2)
3
(57, 30)
-> Request 4
679
(2, 2, 2)
1
(60, 40)
-> Request 5
681
(3, 1, 2)
1
(55, 42)
-> Request 6
1142
(2, 1, 2)
1
(54, 30)
-> Request 7
1249
(3, 3, 2)
2
(62, 33)
-> Request 8
1341
(3, 1, 1)
3
(43, 40)
--> Day : 2
-> Request 0
23
(1, 3, 1)
1
(57, 43)
-> Request 1
957
(3, 2, 1)
2
(59, 29)
-> Request 2
1058
(4, 1, 1)
3
(47, 33)
-> Request 3
1393
(2, 1, 1)
1
(54, 43)
--> Day : 3
-> Request 0
531
(1, 2, 1)
3
(51, 40)
-> Request 1
657
(4, 3, 1)
1
(64, 77)
-> Request 2
936
(4, 3, 1)
3
(61, 28)
-> Request 3
1169
(4, 3, 2)
3
(45, 41)
-> Request 4
1242
(4, 2, 2)
3
(56, 37)
--> Day : 4
-> Request 0
70
(3, 2, 2)
2
(10, 22)
-> Request 1
492
(3, 1, 1)
2
(13, 28)
-> Request 2
514
(4, 2, 1)
2
(17, 24)
-> Request 3
665
(2, 3, 2)
2
(46, 35)
-> Request 4
1245
(2, 1, 1)
1
(13, 26)
-> Request 5
1329
(4, 3, 1)
3
(58, 36)
-> Request 6
1429
(1, 3, 2)
2
(54, 34)
---> Week : 146
--> Day : 0
-> Request 0
1356
(1, 3, 2)
2
(56, 43)
--> Day : 1
-> Request 0
243
(1, 1, 2)
3
(54, 36)
-> Request 1
546
(1, 3, 2)
1
(65, 73)
-> Request 2
834
(2, 2, 2)
1
(54, 28)
-> Request 3
907
(3, 2, 1)
3
(47, 35)
--> Day : 2
-> Request 0
133
(1, 2, 2)
3
(66, 68)
-> Request 1
1040
(4, 3, 2)
2
(50, 34)
-> Request 2
1207
(2, 1, 2)
2
(52, 38)
-> Request 3
1381
(1, 3, 2)
1
(55, 77)
-> Request 4
1429
(2, 2, 1)
3
(57, 40)
--> Day : 3
-> Request 0
43
(4, 1, 2)
2
(59, 66)
-> Request 1
87
(2, 3, 2)
1
(8, 26)
-> Request 2
247
(2, 1, 1)
2
(53, 71)
-> Request 3
566
(3, 1, 1)
3
(53, 43)
-> Request 4
708
(4, 2, 2)
1
(57, 27)
-> Request 5
846
(3, 3, 2)
3
(9, 24)
-> Request 6
859
(1, 3, 1)
1
(59, 43)
-> Request 7
1124
(3, 3, 1)
2
(57, 30)
-> Request 8
1188
(2, 1, 1)
2
(58, 65)
-> Request 9
1199
(3, 1, 1)
2
(46, 44)
--> Day : 4
-> Request 0
120
(2, 2, 1)
2
(48, 32)
-> Request 1
274
(2, 1, 1)
3
(55, 72)
-> Request 2
391
(2, 3, 1)
3
(62, 66)
-> Request 3
662
(1, 1, 2)
1
(11, 23)
-> Request 4
709
(2, 1, 2)
2
(59, 75)
-> Request 5
1031
(2, 3, 1)
2
(61, 33)
-> Request 6
1255
(3, 1, 1)
2
(9, 20)
---> Week : 147
--> Day : 0
-> Request 0
205
(3, 3, 1)
2
(59, 27)
-> Request 1
513
(4, 2, 2)
2
(43, 27)
-> Request 2
517
(2, 2, 1)
3
(63, 69)
-> Request 3
1085
(4, 2, 1)
2
(62, 27)
-> Request 4
1338
(3, 3, 1)
3
(53, 41)
--> Day : 1
-> Request 0
40
(2, 1, 1)
3
(47, 29)
-> Request 1
329
(1, 2, 2)
2
(16, 25)
-> Request 2
355
(3, 2, 1)
1
(12, 27)
-> Request 3
488
(1, 3, 1)
1
(59, 37)
-> Request 4
1148
(2, 3, 2)
1
(16, 25)
--> Day : 2
-> Request 0
68
(1, 3, 1)
3
(43, 31)
-> Request 1
153
(4, 1, 1)
2
(62, 67)
-> Request 2
464
(4, 3, 2)
1
(8, 23)
-> Request 3
827
(3, 2, 1)
2
(17, 22)
-> Request 4
862
(2, 2, 2)
2
(10, 27)
-> Request 5
976
(4, 3, 2)
2
(16, 23)
-> Request 6
1015
(2, 2, 2)
3
(44, 31)
--> Day : 3
-> Request 0
88
(1, 3, 2)
2
(43, 46)
-> Request 1
614
(3, 2, 1)
1
(46, 37)
-> Request 2
721
(1, 3, 1)
2
(56, 31)
--> Day : 4
-> Request 0
81
(2, 2, 2)
2
(55, 43)
-> Request 1
303
(3, 3, 1)
3
(62, 31)
-> Request 2
391
(2, 2, 1)
2
(52, 77)
-> Request 3
520
(3, 1, 1)
2
(16, 23)
-> Request 4
1110
(4, 3, 2)
2
(54, 44)
-> Request 5
1115
(3, 1, 1)
2
(61, 71)
-> Request 6
1212
(1, 3, 2)
2
(45, 32)
-> Request 7
1247
(1, 2, 2)
2
(48, 43)
-> Request 8
1265
(3, 3, 1)
1
(65, 77)
---> Week : 148
--> Day : 0
-> Request 0
318
(4, 2, 1)
2
(56, 45)
-> Request 1
343
(1, 3, 2)
2
(48, 29)
-> Request 2
369
(1, 1, 2)
2
(66, 77)
-> Request 3
542
(2, 2, 2)
2
(15, 25)
-> Request 4
695
(2, 3, 2)
1
(54, 46)
-> Request 5
968
(2, 3, 1)
1
(58, 37)
-> Request 6
1135
(2, 1, 1)
3
(56, 41)
-> Request 7
1288
(3, 3, 2)
1
(54, 39)
-> Request 8
1432
(3, 1, 1)
3
(52, 32)
--> Day : 1
-> Request 0
122
(4, 3, 2)
3
(51, 30)
-> Request 1
128
(2, 1, 1)
3
(57, 46)
-> Request 2
341
(3, 3, 2)
2
(49, 36)
-> Request 3
375
(3, 2, 2)
1
(59, 78)
-> Request 4
960
(1, 1, 2)
3
(66, 74)
-> Request 5
978
(2, 2, 1)
2
(57, 75)
-> Request 6
994
(2, 3, 1)
2
(66, 75)
-> Request 7
1108
(2, 1, 2)
3
(9, 28)
-> Request 8
1264
(3, 2, 2)
3
(56, 66)
--> Day : 2
-> Request 0
115
(1, 1, 1)
2
(60, 36)
-> Request 1
117
(1, 2, 1)
3
(66, 75)
-> Request 2
314
(2, 3, 2)
1
(66, 69)
-> Request 3
438
(2, 2, 2)
3
(62, 39)
-> Request 4
543
(1, 3, 2)
2
(57, 32)
-> Request 5
919
(4, 1, 2)
2
(60, 34)
-> Request 6
1149
(1, 3, 1)
1
(57, 36)
-> Request 7
1217
(1, 3, 2)
1
(56, 71)
-> Request 8
1290
(1, 1, 1)
1
(46, 29)
-> Request 9
1313
(1, 2, 2)
3
(58, 30)
-> Request 10
1411
(1, 3, 1)
2
(62, 71)
--> Day : 3
-> Request 0
252
(2, 3, 1)
2
(47, 38)
-> Request 1
281
(3, 2, 1)
1
(64, 65)
-> Request 2
288
(4, 3, 1)
2
(61, 70)
-> Request 3
576
(2, 2, 1)
3
(54, 33)
-> Request 4
634
(1, 2, 1)
1
(12, 23)
-> Request 5
815
(3, 2, 2)
3
(13, 29)
-> Request 6
1026
(2, 3, 1)
3
(60, 29)
--> Day : 4
-> Request 0
103
(2, 1, 1)
1
(10, 27)
-> Request 1
222
(3, 1, 2)
2
(17, 24)
-> Request 2
449
(2, 3, 1)
3
(57, 64)
-> Request 3
543
(3, 1, 1)
1
(64, 67)
-> Request 4
568
(3, 2, 1)
3
(53, 32)
-> Request 5
681
(3, 3, 1)
3
(65, 66)
-> Request 6
790
(3, 2, 2)
1
(52, 73)
-> Request 7
1275
(2, 2, 1)
1
(62, 76)
---> Week : 149
--> Day : 0
-> Request 0
291
(2, 3, 1)
3
(10, 23)
-> Request 1
334
(4, 3, 2)
1
(50, 28)
-> Request 2
434
(4, 2, 2)
1
(49, 31)
-> Request 3
566
(1, 3, 2)
1
(65, 64)
-> Request 4
946
(3, 2, 2)
1
(65, 65)
-> Request 5
1263
(3, 2, 1)
2
(13, 21)
--> Day : 1
-> Request 0
53
(3, 1, 1)
1
(59, 29)
-> Request 1
915
(3, 2, 2)
2
(51, 37)
-> Request 2
1136
(1, 2, 1)
2
(50, 42)
-> Request 3
1337
(1, 3, 1)
1
(66, 69)
--> Day : 2
-> Request 0
612
(1, 3, 2)
2
(10, 24)
-> Request 1
886
(3, 3, 1)
1
(13, 24)
-> Request 2
1172
(4, 1, 2)
2
(61, 31)
-> Request 3
1190
(1, 3, 2)
3
(56, 37)
-> Request 4
1389
(4, 2, 1)
1
(53, 74)
--> Day : 3
-> Request 0
49
(2, 3, 1)
2
(52, 40)
-> Request 1
158
(1, 1, 2)
2
(10, 29)
-> Request 2
443
(3, 2, 1)
3
(50, 29)
-> Request 3
486
(2, 2, 2)
2
(13, 29)
-> Request 4
663
(1, 3, 1)
2
(66, 68)
-> Request 5
993
(2, 1, 1)
3
(62, 28)
-> Request 6
1002
(4, 3, 1)
3
(10, 21)
-> Request 7
1316
(1, 1, 2)
1
(43, 37)
--> Day : 4
-> Request 0
629
(2, 2, 1)
3
(59, 30)
-> Request 1
710
(1, 1, 2)
3
(56, 75)
-> Request 2
747
(1, 1, 2)
1
(59, 39)
-> Request 3
792
(3, 2, 1)
1
(47, 29)
-> Request 4
1091
(3, 2, 2)
1
(45, 27)
-> Request 5
1343
(4, 2, 2)
1
(60, 69)
