---> Week : 0
--> Day : 0
-> Request 0
119
(3, 3, 1)
2
(59, 72)
-> Request 1
158
(2, 2, 1)
1
(43, 46)
-> Request 2
275
(1, 1, 1)
3
(56, 39)
-> Request 3
275
(3, 3, 1)
3
(55, 42)
-> Request 4
509
(2, 3, 2)
3
(57, 41)
-> Request 5
725
(4, 2, 1)
1
(48, 29)
-> Request 6
856
(2, 2, 2)
2
(64, 69)
-> Request 7
857
(2, 1, 2)
3
(8, 29)
-> Request 8
911
(2, 2, 2)
2
(14, 27)
-> Request 9
955
(1, 3, 1)
2
(17, 20)
-> Request 10
1119
(4, 3, 1)
1
(61, 35)
-> Request 11
1289
(2, 2, 2)
3
(57, 43)
-> Request 12
1305
(1, 1, 1)
1
(61, 66)
-> Request 13
1347
(4, 3, 2)
3
(58, 78)
--> Day : 1
-> Request 0
7
(4, 2, 2)
1
(63, 70)
-> Request 1
128
(3, 2, 2)
3
(57, 39)
-> Request 2
222
(1, 1, 2)
3
(63, 77)
-> Request 3
397
(2, 3, 2)
1
(52, 35)
-> Request 4
428
(4, 3, 2)
3
(14, 27)
-> Request 5
564
(2, 2, 2)
1
(56, 67)
-> Request 6
632
(3, 2, 2)
2
(48, 32)
--> Day : 2
-> Request 0
38
(3, 2, 1)
1
(54, 38)
-> Request 1
555
(3, 2, 1)
1
(52, 29)
-> Request 2
645
(2, 2, 2)
1
(54, 31)
-> Request 3
718
(4, 1, 1)
2
(43, 28)
-> Request 4
831
(2, 3, 1)
2
(43, 44)
-> Request 5
893
(3, 1, 1)
2
(45, 42)
-> Request 6
917
(4, 3, 1)
1
(60, 38)
--> Day : 3
-> Request 0
2
(1, 1, 1)
1
(54, 74)
-> Request 1
707
(2, 3, 1)
3
(54, 29)
-> Request 2
1119
(2, 1, 2)
1
(50, 45)
--> Day : 4
-> Request 0
244
(2, 2, 1)
1
(53, 41)
-> Request 1
318
(4, 3, 1)
3
(51, 29)
-> Request 2
931
(1, 2, 2)
1
(8, 22)
-> Request 3
985
(2, 2, 1)
3
(56, 46)
-> Request 4
1192
(3, 1, 2)
2
(59, 28)
-> Request 5
1332
(2, 2, 1)
3
(52, 65)
---> Week : 1
--> Day : 0
-> Request 0
492
(1, 2, 2)
2
(52, 31)
-> Request 1
640
(2, 2, 2)
3
(10, 27)
-> Request 2
1100
(3, 3, 1)
3
(49, 32)
--> Day : 1
-> Request 0
516
(2, 3, 2)
2
(59, 31)
-> Request 1
729
(2, 3, 2)
2
(54, 75)
-> Request 2
861
(2, 2, 2)
2
(60, 27)
-> Request 3
1135
(4, 2, 2)
3
(54, 71)
-> Request 4
1406
(4, 3, 2)
2
(56, 30)
--> Day : 2
-> Request 0
20
(1, 3, 2)
2
(49, 43)
-> Request 1
789
(1, 3, 1)
3
(55, 31)
-> Request 2
1175
(4, 3, 1)
3
(56, 36)
-> Request 3
1255
(1, 3, 2)
2
(59, 42)
-> Request 4
1340
(3, 1, 2)
3
(54, 32)
--> Day : 3
-> Request 0
109
(2, 3, 1)
3
(55, 30)
-> Request 1
276
(4, 2, 2)
2
(57, 70)
-> Request 2
1118
(3, 3, 2)
3
(56, 65)
-> Request 3
1325
(2, 1, 1)
3
(11, 21)
--> Day : 4
-> Request 0
338
(2, 3, 1)
2
(55, 78)
-> Request 1
1197
(3, 3, 1)
1
(44, 40)
---> Week : 2
--> Day : 0
-> Request 0
80
(1, 3, 1)
1
(43, 43)
-> Request 1
323
(3, 3, 1)
3
(45, 33)
-> Request 2
435
(3, 1, 1)
3
(60, 65)
-> Request 3
908
(3, 3, 1)
2
(60, 46)
-> Request 4
951
(1, 2, 1)
2
(45, 41)
-> Request 5
1130
(4, 2, 1)
3
(15, 24)
-> Request 6
1140
(3, 1, 2)
2
(47, 33)
-> Request 7
1191
(4, 2, 2)
3
(62, 66)
--> Day : 1
-> Request 0
76
(4, 3, 1)
3
(47, 27)
-> Request 1
595
(2, 1, 1)
3
(62, 76)
-> Request 2
626
(4, 2, 1)
2
(57, 35)
--> Day : 2
-> Request 0
304
(2, 1, 1)
2
(55, 66)
-> Request 1
324
(2, 3, 2)
1
(52, 71)
-> Request 2
472
(1, 2, 2)
3
(65, 78)
-> Request 3
727
(1, 3, 1)
3
(55, 37)
-> Request 4
859
(3, 3, 1)
3
(46, 42)
-> Request 5
1008
(1, 3, 1)
2
(46, 31)
-> Request 6
1145
(1, 1, 1)
1
(58, 44)
-> Request 7
1305
(4, 3, 2)
1
(47, 39)
-> Request 8
1328
(1, 1, 2)
1
(50, 42)
--> Day : 3
-> Request 0
106
(1, 1, 1)
3
(17, 24)
-> Request 1
526
(1, 1, 2)
1
(59, 41)
-> Request 2
582
(4, 2, 1)
3
(55, 64)
-> Request 3
1208
(3, 2, 2)
2
(55, 35)
--> Day : 4
-> Request 0
21
(2, 3, 2)
1
(43, 40)
-> Request 1
342
(2, 1, 2)
2
(62, 74)
-> Request 2
490
(3, 2, 2)
3
(58, 71)
-> Request 3
1133
(4, 1, 1)
1
(43, 36)
-> Request 4
1364
(2, 1, 2)
2
(58, 41)
---> Week : 3
--> Day : 0
-> Request 0
390
(4, 2, 2)
2
(47, 45)
-> Request 1
636
(2, 1, 1)
1
(57, 44)
-> Request 2
679
(1, 3, 1)
1
(66, 70)
-> Request 3
700
(2, 2, 2)
3
(51, 38)
-> Request 4
701
(4, 1, 1)
3
(59, 69)
-> Request 5
750
(4, 2, 1)
1
(53, 32)
-> Request 6
767
(3, 1, 1)
2
(59, 33)
-> Request 7
801
(1, 3, 1)
1
(55, 29)
-> Request 8
875
(2, 1, 1)
3
(56, 78)
--> Day : 1
-> Request 0
3
(2, 3, 1)
2
(9, 25)
-> Request 1
259
(2, 3, 1)
2
(54, 27)
-> Request 2
370
(2, 2, 2)
2
(48, 46)
-> Request 3
516
(4, 3, 1)
1
(53, 75)
-> Request 4
543
(1, 2, 1)
1
(15, 29)
-> Request 5
572
(3, 1, 2)
2
(58, 72)
-> Request 6
716
(4, 2, 2)
3
(54, 38)
-> Request 7
780
(4, 1, 1)
2
(62, 38)
-> Request 8
825
(3, 3, 1)
2
(51, 33)
-> Request 9
1316
(2, 1, 2)
2
(57, 77)
-> Request 10
1359
(1, 1, 2)
1
(43, 33)
--> Day : 2
-> Request 0
152
(4, 2, 2)
2
(54, 30)
-> Request 1
262
(2, 2, 2)
3
(44, 41)
-> Request 2
292
(2, 1, 2)
3
(64, 66)
-> Request 3
529
(3, 1, 1)
2
(52, 27)
-> Request 4
561
(3, 3, 1)
1
(14, 26)
--> Day : 3
-> Request 0
62
(4, 2, 1)
3
(49, 34)
-> Request 1
82
(2, 2, 2)
2
(61, 29)
-> Request 2
119
(3, 1, 2)
2
(54, 70)
-> Request 3
1217
(4, 2, 2)
3
(53, 73)
--> Day : 4
-> Request 0
312
(2, 3, 2)
3
(57, 72)
-> Request 1
357
(2, 3, 2)
1
(57, 28)
-> Request 2
593
(3, 3, 2)
2
(62, 41)
-> Request 3
615
(3, 2, 2)
2
(59, 29)
-> Request 4
657
(2, 2, 2)
2
(53, 66)
-> Request 5
705
(4, 3, 1)
2
(53, 46)
-> Request 6
879
(2, 3, 1)
1
(54, 40)
---> Week : 4
--> Day : 0
-> Request 0
51
(4, 3, 2)
1
(59, 39)
-> Request 1
391
(4, 2, 2)
1
(59, 36)
-> Request 2
502
(2, 1, 2)
3
(55, 69)
-> Request 3
1278
(1, 1, 2)
2
(14, 21)
--> Day : 1
-> Request 0
314
(2, 1, 1)
1
(63, 70)
-> Request 1
487
(2, 3, 1)
1
(52, 34)
-> Request 2
547
(4, 1, 1)
3
(52, 37)
-> Request 3
767
(1, 2, 1)
2
(57, 44)
-> Request 4
775
(2, 1, 1)
2
(59, 70)
-> Request 5
1339
(2, 2, 1)
2
(17, 22)
--> Day : 2
-> Request 0
181
(2, 3, 1)
2
(54, 45)
-> Request 1
556
(2, 3, 2)
3
(44, 27)
-> Request 2
596
(3, 3, 2)
3
(46, 44)
-> Request 3
711
(1, 1, 1)
3
(64, 65)
-> Request 4
874
(3, 1, 2)
3
(49, 41)
-> Request 5
1081
(4, 1, 2)
2
(52, 32)
-> Request 6
1148
(2, 3, 1)
3
(10, 27)
-> Request 7
1358
(4, 2, 1)
1
(53, 28)
--> Day : 3
-> Request 0
32
(4, 3, 1)
3
(66, 74)
-> Request 1
144
(2, 1, 2)
2
(45, 30)
-> Request 2
222
(3, 2, 1)
2
(44, 39)
-> Request 3
383
(3, 2, 2)
2
(53, 41)
-> Request 4
578
(2, 2, 1)
1
(11, 29)
-> Request 5
591
(2, 1, 1)
2
(55, 66)
-> Request 6
760
(1, 2, 1)
3
(65, 72)
-> Request 7
898
(2, 1, 2)
1
(65, 76)
-> Request 8
924
(3, 3, 2)
3
(60, 41)
-> Request 9
1084
(2, 3, 2)
2
(44, 35)
-> Request 10
1163
(1, 3, 1)
3
(53, 68)
-> Request 11
1222
(1, 3, 1)
2
(49, 45)
--> Day : 4
-> Request 0
239
(2, 3, 1)
2
(10, 23)
-> Request 1
365
(4, 1, 2)
3
(46, 37)
-> Request 2
535
(2, 1, 2)
3
(58, 44)
-> Request 3
588
(4, 3, 1)
2
(54, 78)
-> Request 4
888
(2, 3, 2)
3
(61, 42)
-> Request 5
1059
(3, 1, 2)
2
(56, 69)
-> Request 6
1157
(3, 2, 1)
1
(10, 23)
-> Request 7
1393
(1, 3, 1)
3
(65, 67)
---> Week : 5
--> Day : 0
-> Request 0
114
(1, 1, 1)
3
(60, 30)
-> Request 1
153
(4, 2, 2)
1
(66, 67)
-> Request 2
178
(1, 1, 2)
2
(49, 39)
-> Request 3
427
(3, 2, 2)
3
(45, 32)
-> Request 4
557
(1, 3, 1)
1
(59, 73)
-> Request 5
570
(4, 1, 1)
2
(53, 43)
-> Request 6
853
(3, 1, 2)
1
(58, 71)
-> Request 7
859
(3, 1, 2)
3
(8, 20)
--> Day : 1
-> Request 0
255
(1, 2, 1)
1
(50, 33)
-> Request 1
406
(1, 2, 2)
1
(62, 65)
-> Request 2
585
(3, 1, 1)
1
(9, 25)
-> Request 3
982
(3, 3, 1)
3
(17, 28)
--> Day : 2
-> Request 0
273
(4, 3, 1)
1
(43, 39)
-> Request 1
382
(4, 2, 2)
1
(54, 35)
-> Request 2
469
(3, 2, 2)
2
(60, 76)
-> Request 3
757
(1, 2, 2)
1
(56, 40)
-> Request 4
784
(1, 1, 2)
2
(55, 76)
-> Request 5
858
(2, 2, 1)
1
(49, 46)
-> Request 6
990
(3, 2, 2)
3
(11, 28)
-> Request 7
1037
(4, 3, 2)
3
(59, 38)
-> Request 8
1183
(4, 2, 2)
2
(8, 22)
-> Request 9
1439
(1, 2, 2)
3
(65, 65)
--> Day : 3
-> Request 0
70
(3, 1, 1)
3
(58, 45)
-> Request 1
132
(1, 2, 1)
2
(66, 73)
-> Request 2
246
(1, 1, 1)
2
(43, 42)
-> Request 3
252
(4, 2, 2)
1
(49, 31)
-> Request 4
617
(1, 3, 2)
3
(47, 28)
-> Request 5
755
(4, 2, 2)
3
(16, 21)
-> Request 6
781
(4, 3, 2)
1
(43, 45)
-> Request 7
1110
(1, 3, 2)
3
(60, 77)
--> Day : 4
-> Request 0
617
(1, 2, 1)
3
(45, 30)
-> Request 1
1196
(3, 3, 2)
3
(57, 45)
-> Request 2
1214
(4, 1, 1)
3
(56, 77)
-> Request 3
1261
(4, 2, 1)
2
(43, 41)
---> Week : 6
--> Day : 0
-> Request 0
561
(3, 3, 2)
3
(52, 42)
-> Request 1
957
(3, 1, 1)
2
(16, 25)
-> Request 2
1255
(4, 1, 1)
2
(56, 73)
--> Day : 1
-> Request 0
445
(3, 3, 1)
2
(52, 64)
-> Request 1
811
(2, 3, 2)
2
(45, 30)
-> Request 2
972
(1, 1, 1)
1
(44, 45)
--> Day : 2
-> Request 0
183
(2, 3, 1)
1
(65, 76)
-> Request 1
874
(3, 1, 1)
1
(44, 40)
-> Request 2
1150
(4, 3, 2)
3
(60, 30)
-> Request 3
1204
(3, 1, 1)
2
(61, 74)
--> Day : 3
-> Request 0
68
(3, 3, 2)
3
(55, 40)
-> Request 1
140
(2, 1, 2)
3
(56, 33)
-> Request 2
434
(1, 2, 2)
3
(58, 32)
-> Request 3
488
(3, 2, 1)
1
(12, 20)
--> Day : 4
-> Request 0
93
(3, 3, 2)
2
(55, 73)
-> Request 1
346
(3, 3, 2)
3
(50, 40)
-> Request 2
622
(2, 3, 2)
3
(48, 39)
-> Request 3
630
(2, 1, 2)
1
(13, 20)
-> Request 4
655
(4, 1, 1)
3
(58, 67)
-> Request 5
1134
(3, 1, 2)
3
(43, 45)
-> Request 6
1205
(3, 2, 1)
2
(61, 65)
-> Request 7
1219
(2, 2, 2)
2
(53, 43)
---> Week : 7
--> Day : 0
-> Request 0
55
(2, 3, 1)
1
(43, 36)
-> Request 1
238
(3, 1, 1)
2
(60, 32)
-> Request 2
252
(1, 1, 2)
1
(49, 43)
-> Request 3
518
(4, 2, 2)
2
(48, 30)
-> Request 4
649
(4, 2, 2)
3
(58, 45)
-> Request 5
867
(1, 2, 2)
2
(53, 69)
-> Request 6
881
(3, 1, 1)
3
(60, 43)
-> Request 7
1036
(3, 1, 1)
2
(49, 37)
-> Request 8
1052
(4, 3, 2)
2
(55, 44)
--> Day : 1
-> Request 0
584
(3, 3, 2)
3
(12, 22)
-> Request 1
596
(3, 3, 1)
3
(46, 37)
-> Request 2
925
(1, 2, 2)
2
(51, 29)
-> Request 3
1050
(3, 3, 1)
1
(14, 29)
-> Request 4
1081
(2, 3, 2)
2
(62, 43)
-> Request 5
1280
(4, 1, 2)
2
(43, 28)
-> Request 6
1347
(3, 3, 1)
2
(48, 37)
--> Day : 2
-> Request 0
63
(2, 1, 2)
3
(46, 29)
-> Request 1
96
(4, 3, 2)
2
(60, 38)
-> Request 2
184
(4, 1, 1)
3
(43, 46)
-> Request 3
448
(2, 3, 2)
2
(12, 25)
-> Request 4
559
(2, 1, 2)
3
(9, 26)
-> Request 5
619
(2, 3, 1)
2
(61, 37)
-> Request 6
1340
(4, 2, 1)
2
(51, 43)
--> Day : 3
-> Request 0
11
(1, 2, 2)
2
(55, 65)
-> Request 1
25
(1, 2, 2)
2
(54, 65)
-> Request 2
143
(2, 1, 1)
3
(59, 38)
-> Request 3
405
(3, 1, 2)
2
(61, 66)
-> Request 4
987
(2, 3, 2)
3
(56, 27)
-> Request 5
1106
(4, 3, 1)
1
(51, 42)
-> Request 6
1351
(4, 1, 2)
2
(64, 76)
--> Day : 4
-> Request 0
71
(3, 1, 2)
3
(16, 26)
-> Request 1
218
(2, 1, 2)
3
(53, 65)
-> Request 2
347
(4, 3, 1)
1
(14, 26)
-> Request 3
649
(3, 3, 2)
1
(56, 37)
-> Request 4
685
(4, 1, 1)
1
(52, 27)
-> Request 5
932
(3, 1, 1)
2
(61, 77)
-> Request 6
1025
(1, 1, 2)
3
(64, 69)
-> Request 7
1281
(1, 3, 1)
2
(44, 40)
---> Week : 8
--> Day : 0
-> Request 0
566
(3, 1, 1)
1
(55, 43)
-> Request 1
609
(2, 1, 2)
3
(8, 29)
-> Request 2
1438
(2, 3, 2)
2
(53, 74)
--> Day : 1
-> Request 0
153
(4, 3, 2)
2
(48, 32)
-> Request 1
396
(3, 3, 2)
3
(63, 64)
-> Request 2
487
(4, 3, 1)
2
(54, 75)
-> Request 3
714
(1, 2, 2)
3
(61, 44)
-> Request 4
865
(3, 1, 2)
2
(60, 34)
-> Request 5
1106
(2, 2, 2)
2
(64, 68)
-> Request 6
1297
(2, 3, 1)
2
(10, 28)
-> Request 7
1338
(1, 1, 2)
1
(45, 34)
--> Day : 2
-> Request 0
25
(3, 1, 1)
2
(54, 77)
-> Request 1
445
(1, 1, 1)
2
(56, 30)
-> Request 2
554
(2, 2, 1)
2
(56, 74)
-> Request 3
742
(4, 2, 1)
2
(54, 74)
-> Request 4
875
(4, 1, 2)
1
(61, 64)
-> Request 5
1025
(3, 2, 1)
1
(57, 34)
-> Request 6
1047
(4, 1, 1)
1
(45, 28)
-> Request 7
1126
(2, 3, 2)
3
(45, 34)
-> Request 8
1163
(1, 3, 1)
2
(61, 29)
-> Request 9
1193
(2, 3, 2)
3
(54, 28)
--> Day : 3
-> Request 0
66
(3, 2, 1)
2
(48, 29)
-> Request 1
149
(1, 3, 2)
1
(59, 70)
-> Request 2
196
(2, 1, 2)
3
(51, 33)
-> Request 3
360
(3, 1, 2)
1
(63, 74)
-> Request 4
511
(1, 1, 2)
1
(11, 26)
-> Request 5
599
(3, 1, 1)
3
(44, 31)
-> Request 6
679
(3, 1, 2)
2
(59, 71)
-> Request 7
1011
(3, 1, 2)
3
(52, 31)
-> Request 8
1185
(3, 2, 1)
3
(13, 21)
-> Request 9
1246
(2, 3, 1)
1
(59, 43)
--> Day : 4
-> Request 0
645
(4, 2, 1)
1
(9, 29)
-> Request 1
788
(1, 3, 2)
2
(15, 24)
-> Request 2
936
(1, 3, 2)
2
(50, 34)
-> Request 3
954
(4, 1, 1)
2
(56, 44)
-> Request 4
1006
(3, 1, 2)
2
(65, 73)
-> Request 5
1096
(2, 1, 1)
3
(59, 64)
-> Request 6
1291
(2, 3, 2)
1
(44, 32)
-> Request 7
1296
(4, 2, 1)
1
(11, 25)
-> Request 8
1384
(4, 1, 1)
2
(49, 28)
---> Week : 9
--> Day : 0
-> Request 0
47
(1, 2, 1)
3
(45, 42)
-> Request 1
191
(2, 1, 2)
3
(66, 71)
-> Request 2
545
(4, 1, 2)
1
(56, 68)
-> Request 3
1115
(4, 3, 2)
1
(65, 73)
-> Request 4
1246
(4, 2, 2)
2
(13, 28)
-> Request 5
1424
(4, 1, 2)
1
(54, 29)
--> Day : 1
-> Request 0
8
(4, 2, 1)
3
(13, 26)
-> Request 1
190
(4, 3, 2)
2
(62, 42)
-> Request 2
202
(4, 2, 2)
2
(61, 27)
-> Request 3
816
(4, 1, 2)
3
(62, 29)
-> Request 4
901
(3, 2, 1)
1
(58, 37)
-> Request 5
1175
(2, 3, 2)
3
(56, 71)
-> Request 6
1409
(4, 1, 1)
2
(52, 74)
--> Day : 2
-> Request 0
419
(2, 1, 1)
2
(64, 64)
-> Request 1
548
(3, 1, 1)
1
(54, 75)
-> Request 2
704
(3, 2, 2)
3
(61, 74)
-> Request 3
742
(3, 3, 1)
3
(53, 32)
-> Request 4
908
(3, 1, 2)
1
(59, 29)
-> Request 5
1217
(4, 3, 2)
1
(54, 71)
-> Request 6
1399
(4, 1, 2)
2
(16, 24)
--> Day : 3
-> Request 0
838
(3, 3, 2)
3
(47, 37)
-> Request 1
1175
(1, 3, 1)
3
(55, 46)
-> Request 2
1371
(4, 1, 1)
3
(55, 44)
--> Day : 4
-> Request 0
223
(3, 3, 1)
2
(56, 30)
-> Request 1
808
(3, 1, 2)
1
(46, 32)
-> Request 2
848
(1, 1, 1)
1
(55, 69)
-> Request 3
1025
(1, 1, 1)
2
(54, 44)
-> Request 4
1176
(4, 2, 2)
1
(44, 44)
-> Request 5
1238
(2, 3, 2)
1
(53, 73)
---> Week : 10
--> Day : 0
-> Request 0
901
(3, 2, 2)
1
(10, 24)
-> Request 1
913
(3, 1, 1)
2
(53, 40)
-> Request 2
918
(3, 2, 2)
1
(46, 27)
-> Request 3
1349
(2, 2, 2)
1
(60, 64)
--> Day : 1
-> Request 0
71
(4, 3, 2)
3
(47, 39)
-> Request 1
151
(3, 1, 2)
2
(45, 31)
-> Request 2
264
(1, 2, 1)
3
(62, 37)
-> Request 3
302
(1, 2, 2)
2
(56, 43)
-> Request 4
324
(2, 2, 2)
2
(15, 28)
-> Request 5
1103
(4, 2, 1)
2
(59, 32)
-> Request 6
1121
(2, 3, 2)
1
(55, 41)
--> Day : 2
-> Request 0
254
(3, 3, 2)
2
(50, 46)
-> Request 1
615
(4, 3, 2)
1
(16, 26)
-> Request 2
1167
(1, 3, 1)
3
(61, 77)
--> Day : 3
-> Request 0
494
(1, 1, 2)
3
(15, 21)
-> Request 1
654
(3, 2, 1)
1
(60, 72)
-> Request 2
1155
(2, 1, 2)
3
(53, 70)
-> Request 3
1227
(4, 1, 2)
3
(62, 44)
-> Request 4
1408
(2, 3, 1)
2
(56, 71)
--> Day : 4
-> Request 0
254
(1, 3, 2)
1
(57, 30)
-> Request 1
321
(2, 1, 2)
1
(49, 28)
-> Request 2
361
(3, 1, 2)
1
(48, 40)
---> Week : 11
--> Day : 0
-> Request 0
185
(2, 2, 2)
3
(15, 29)
-> Request 1
448
(2, 3, 2)
3
(51, 27)
-> Request 2
891
(3, 2, 2)
1
(63, 66)
-> Request 3
1235
(2, 1, 2)
1
(48, 36)
-> Request 4
1244
(2, 2, 2)
2
(50, 33)
--> Day : 1
-> Request 0
59
(4, 1, 2)
3
(53, 38)
-> Request 1
162
(3, 1, 1)
3
(66, 75)
-> Request 2
607
(2, 2, 2)
3
(60, 67)
-> Request 3
780
(3, 2, 1)
2
(61, 42)
-> Request 4
804
(4, 1, 2)
3
(50, 40)
-> Request 5
832
(2, 2, 1)
1
(16, 25)
-> Request 6
880
(2, 3, 2)
2
(47, 33)
-> Request 7
1120
(4, 2, 1)
3
(52, 35)
-> Request 8
1168
(2, 3, 1)
2
(63, 71)
-> Request 9
1354
(4, 1, 1)
1
(58, 29)
-> Request 10
1399
(1, 2, 1)
2
(48, 36)
--> Day : 2
-> Request 0
63
(1, 2, 2)
3
(45, 37)
-> Request 1
400
(4, 1, 1)
2
(10, 29)
-> Request 2
1140
(2, 3, 2)
1
(9, 28)
--> Day : 3
-> Request 0
479
(2, 2, 2)
1
(55, 65)
-> Request 1
1135
(3, 3, 1)
1
(65, 78)
-> Request 2
1241
(2, 3, 1)
1
(66, 78)
--> Day : 4
-> Request 0
216
(2, 2, 2)
2
(52, 46)
-> Request 1
223
(4, 3, 1)
2
(12, 29)
-> Request 2
593
(4, 2, 1)
1
(49, 31)
-> Request 3
759
(4, 3, 1)
3
(63, 64)
-> Request 4
840
(2, 2, 1)
2
(54, 34)
-> Request 5
956
(2, 1, 2)
3
(49, 30)
-> Request 6
1269
(4, 1, 1)
3
(53, 33)
-> Request 7
1307
(1, 3, 1)
3
(62, 45)
---> Week : 12
--> Day : 0
-> Request 0
91
(4, 3, 1)
3
(66, 73)
-> Request 1
107
(3, 2, 2)
2
(52, 28)
-> Request 2
458
(1, 1, 2)
3
(56, 72)
-> Request 3
662
(2, 3, 2)
1
(45, 30)
-> Request 4
796
(3, 3, 2)
3
(53, 70)
-> Request 5
1010
(1, 2, 2)
3
(51, 46)
-> Request 6
1329
(1, 2, 2)
2
(66, 76)
-> Request 7
1366
(4, 2, 2)
1
(45, 36)
--> Day : 1
-> Request 0
18
(2, 2, 2)
1
(58, 46)
-> Request 1
301
(4, 3, 2)
3
(17, 29)
-> Request 2
549
(4, 3, 2)
3
(52, 69)
-> Request 3
585
(2, 1, 1)
3
(57, 44)
-> Request 4
775
(3, 2, 2)
2
(13, 26)
-> Request 5
866
(2, 2, 2)
2
(60, 33)
-> Request 6
971
(3, 2, 1)
2
(47, 42)
-> Request 7
1044
(4, 2, 1)
3
(63, 70)
--> Day : 2
-> Request 0
649
(2, 3, 1)
1
(17, 27)
-> Request 1
698
(1, 1, 1)
3
(44, 39)
-> Request 2
703
(3, 3, 2)
1
(48, 30)
-> Request 3
812
(3, 2, 1)
3
(56, 40)
-> Request 4
1022
(4, 1, 1)
3
(11, 24)
--> Day : 3
-> Request 0
423
(1, 3, 1)
2
(51, 39)
-> Request 1
493
(1, 2, 2)
2
(44, 31)
-> Request 2
929
(4, 1, 2)
3
(8, 23)
-> Request 3
985
(3, 2, 1)
1
(13, 23)
-> Request 4
1230
(3, 3, 1)
3
(52, 39)
--> Day : 4
-> Request 0
18
(1, 3, 1)
1
(57, 44)
-> Request 1
340
(1, 1, 1)
3
(45, 36)
-> Request 2
574
(2, 2, 2)
3
(54, 45)
-> Request 3
1090
(1, 2, 1)
3
(9, 25)
-> Request 4
1133
(3, 3, 1)
1
(51, 33)
-> Request 5
1247
(2, 1, 2)
2
(53, 40)
-> Request 6
1274
(4, 2, 1)
2
(61, 77)
---> Week : 13
--> Day : 0
-> Request 0
233
(1, 3, 1)
1
(46, 37)
-> Request 1
282
(2, 2, 1)
1
(62, 44)
-> Request 2
331
(3, 3, 1)
2
(60, 70)
-> Request 3
338
(4, 1, 2)
2
(55, 30)
-> Request 4
452
(3, 3, 2)
1
(60, 35)
-> Request 5
529
(2, 1, 2)
2
(10, 27)
-> Request 6
1279
(3, 2, 2)
1
(66, 75)
--> Day : 1
-> Request 0
31
(2, 1, 1)
3
(51, 37)
-> Request 1
60
(1, 2, 1)
2
(56, 46)
-> Request 2
254
(1, 2, 1)
2
(57, 46)
-> Request 3
764
(4, 1, 1)
1
(66, 65)
-> Request 4
867
(3, 2, 2)
3
(66, 70)
-> Request 5
1164
(3, 3, 1)
2
(43, 32)
-> Request 6
1248
(4, 1, 2)
3
(47, 29)
-> Request 7
1294
(3, 3, 1)
3
(47, 39)
-> Request 8
1296
(1, 3, 1)
1
(46, 34)
-> Request 9
1359
(2, 3, 2)
1
(58, 74)
--> Day : 2
-> Request 0
81
(1, 1, 2)
2
(60, 35)
-> Request 1
453
(1, 3, 1)
1
(57, 43)
-> Request 2
566
(4, 3, 1)
1
(14, 22)
-> Request 3
576
(3, 2, 2)
2
(59, 70)
-> Request 4
638
(4, 2, 2)
2
(55, 46)
-> Request 5
829
(2, 2, 1)
2
(47, 27)
-> Request 6
974
(1, 1, 2)
3
(56, 39)
-> Request 7
1406
(4, 1, 1)
2
(58, 66)
--> Day : 3
-> Request 0
731
(1, 1, 1)
2
(45, 34)
-> Request 1
1159
(2, 1, 1)
2
(62, 77)
-> Request 2
1177
(2, 2, 2)
1
(60, 65)
-> Request 3
1220
(2, 2, 2)
2
(44, 27)
-> Request 4
1276
(3, 2, 2)
1
(50, 39)
-> Request 5
1367
(3, 3, 2)
3
(61, 45)
--> Day : 4
-> Request 0
108
(2, 1, 1)
1
(62, 27)
-> Request 1
411
(3, 2, 2)
1
(52, 75)
-> Request 2
515
(3, 1, 1)
1
(64, 67)
-> Request 3
653
(4, 2, 2)
1
(46, 46)
-> Request 4
691
(1, 3, 2)
3
(47, 43)
-> Request 5
968
(1, 1, 1)
3
(47, 40)
-> Request 6
1015
(4, 2, 2)
2
(62, 74)
-> Request 7
1086
(1, 2, 2)
1
(10, 21)
---> Week : 14
--> Day : 0
-> Request 0
252
(2, 2, 2)
2
(14, 21)
-> Request 1
1112
(3, 1, 1)
1
(61, 28)
-> Request 2
1259
(2, 3, 1)
2
(61, 46)
-> Request 3
1360
(4, 1, 2)
3
(58, 76)
--> Day : 1
-> Request 0
117
(3, 1, 2)
2
(49, 27)
-> Request 1
328
(4, 2, 2)
3
(60, 74)
-> Request 2
446
(3, 2, 1)
2
(57, 69)
-> Request 3
621
(2, 1, 1)
3
(62, 69)
-> Request 4
652
(4, 3, 2)
3
(17, 22)
-> Request 5
682
(1, 2, 1)
2
(56, 27)
-> Request 6
959
(4, 3, 1)
3
(10, 29)
-> Request 7
1132
(3, 2, 2)
2
(60, 69)
--> Day : 2
-> Request 0
152
(3, 3, 1)
1
(57, 32)
-> Request 1
312
(3, 2, 1)
2
(62, 73)
-> Request 2
948
(1, 2, 2)
2
(47, 36)
-> Request 3
1029
(2, 2, 1)
1
(60, 44)
-> Request 4
1267
(1, 1, 1)
3
(8, 20)
--> Day : 3
-> Request 0
118
(3, 3, 2)
3
(48, 36)
-> Request 1
387
(3, 3, 2)
3
(59, 31)
-> Request 2
509
(3, 1, 2)
3
(51, 38)
-> Request 3
537
(1, 2, 2)
1
(47, 38)
--> Day : 4
-> Request 0
234
(4, 2, 2)
3
(10, 20)
-> Request 1
507
(2, 2, 1)
3
(46, 43)
-> Request 2
725
(1, 1, 1)
2
(8, 29)
-> Request 3
1047
(1, 2, 1)
3
(54, 77)
-> Request 4
1066
(4, 2, 1)
1
(48, 43)
---> Week : 15
--> Day : 0
-> Request 0
95
(2, 2, 1)
3
(56, 78)
-> Request 1
162
(1, 1, 1)
1
(54, 42)
-> Request 2
176
(2, 3, 1)
1
(11, 25)
-> Request 3
496
(2, 2, 1)
3
(51, 45)
-> Request 4
936
(2, 1, 2)
1
(52, 69)
-> Request 5
994
(1, 1, 2)
1
(56, 37)
-> Request 6
1345
(3, 1, 1)
2
(47, 35)
--> Day : 1
-> Request 0
199
(3, 2, 2)
3
(8, 27)
-> Request 1
381
(3, 3, 2)
1
(53, 38)
-> Request 2
623
(2, 2, 2)
3
(62, 46)
-> Request 3
1153
(3, 3, 1)
1
(65, 67)
--> Day : 2
-> Request 0
458
(4, 3, 1)
3
(54, 65)
-> Request 1
941
(4, 2, 1)
3
(59, 31)
-> Request 2
950
(1, 1, 1)
3
(12, 29)
-> Request 3
1063
(4, 1, 1)
3
(62, 27)
-> Request 4
1185
(2, 3, 2)
1
(15, 27)
-> Request 5
1268
(1, 2, 2)
1
(55, 68)
-> Request 6
1309
(1, 3, 1)
1
(60, 44)
-> Request 7
1398
(3, 1, 2)
1
(46, 37)
--> Day : 3
-> Request 0
221
(1, 1, 2)
3
(57, 27)
-> Request 1
249
(2, 2, 2)
2
(66, 68)
-> Request 2
293
(2, 2, 1)
1
(56, 31)
-> Request 3
335
(4, 1, 2)
1
(49, 33)
-> Request 4
500
(2, 3, 2)
3
(60, 36)
-> Request 5
550
(2, 2, 2)
3
(11, 21)
-> Request 6
1277
(1, 1, 2)
3
(59, 68)
-> Request 7
1290
(4, 1, 1)
1
(65, 66)
--> Day : 4
-> Request 0
153
(3, 2, 1)
1
(13, 26)
-> Request 1
214
(2, 1, 2)
3
(55, 68)
-> Request 2
603
(1, 1, 1)
2
(56, 69)
-> Request 3
786
(4, 2, 1)
1
(46, 28)
-> Request 4
1330
(3, 2, 1)
2
(46, 30)
---> Week : 16
--> Day : 0
-> Request 0
327
(4, 1, 2)
1
(9, 21)
-> Request 1
615
(3, 3, 1)
3
(10, 20)
-> Request 2
793
(1, 3, 1)
1
(48, 27)
-> Request 3
1087
(2, 3, 1)
2
(65, 67)
-> Request 4
1139
(3, 2, 1)
1
(45, 37)
-> Request 5
1434
(3, 2, 1)
3
(44, 45)
--> Day : 1
-> Request 0
35
(2, 1, 1)
3
(55, 37)
-> Request 1
336
(1, 1, 1)
1
(12, 21)
-> Request 2
938
(2, 1, 1)
3
(54, 74)
-> Request 3
1108
(1, 1, 1)
2
(52, 69)
-> Request 4
1182
(1, 3, 2)
1
(52, 74)
--> Day : 2
-> Request 0
652
(4, 2, 2)
2
(63, 67)
-> Request 1
1038
(3, 1, 1)
1
(56, 32)
-> Request 2
1040
(2, 1, 2)
2
(44, 42)
-> Request 3
1250
(2, 2, 2)
3
(64, 67)
-> Request 4
1396
(4, 3, 1)
1
(57, 69)
--> Day : 3
-> Request 0
174
(4, 2, 1)
3
(53, 36)
-> Request 1
307
(4, 3, 2)
3
(55, 64)
-> Request 2
551
(2, 1, 2)
3
(60, 34)
-> Request 3
1438
(1, 3, 2)
1
(55, 71)
--> Day : 4
-> Request 0
181
(1, 3, 1)
3
(62, 29)
-> Request 1
279
(4, 3, 1)
1
(14, 21)
-> Request 2
554
(2, 1, 2)
1
(63, 77)
-> Request 3
589
(1, 2, 1)
2
(61, 37)
-> Request 4
617
(4, 2, 2)
3
(47, 42)
-> Request 5
736
(2, 3, 1)
3
(62, 40)
-> Request 6
809
(1, 2, 1)
3
(53, 74)
-> Request 7
834
(4, 2, 1)
1
(44, 46)
-> Request 8
836
(3, 1, 2)
2
(11, 22)
-> Request 9
934
(4, 1, 1)
1
(45, 32)
-> Request 10
967
(2, 3, 2)
3
(43, 31)
-> Request 11
1313
(1, 3, 1)
1
(61, 71)
---> Week : 17
--> Day : 0
-> Request 0
32
(3, 1, 2)
1
(65, 69)
-> Request 1
266
(1, 3, 1)
1
(45, 41)
-> Request 2
274
(1, 2, 1)
2
(57, 72)
-> Request 3
373
(1, 2, 1)
1
(12, 28)
-> Request 4
393
(4, 3, 2)
2
(62, 36)
-> Request 5
536
(1, 1, 2)
1
(58, 31)
-> Request 6
782
(4, 2, 1)
1
(66, 72)
-> Request 7
946
(2, 1, 1)
3
(44, 40)
--> Day : 1
-> Request 0
80
(1, 1, 2)
3
(17, 23)
-> Request 1
119
(4, 2, 2)
1
(56, 42)
-> Request 2
276
(4, 1, 1)
1
(48, 34)
--> Day : 2
-> Request 0
133
(2, 1, 2)
3
(59, 72)
-> Request 1
136
(1, 2, 2)
2
(61, 41)
-> Request 2
273
(1, 3, 1)
1
(15, 25)
-> Request 3
288
(3, 3, 1)
2
(61, 33)
-> Request 4
377
(3, 3, 2)
1
(53, 35)
-> Request 5
439
(1, 3, 1)
3
(59, 33)
-> Request 6
484
(1, 1, 2)
2
(47, 40)
-> Request 7
830
(2, 3, 2)
2
(61, 68)
-> Request 8
1064
(1, 2, 2)
2
(50, 46)
-> Request 9
1398
(1, 2, 2)
3
(56, 39)
--> Day : 3
-> Request 0
203
(1, 3, 2)
3
(56, 27)
-> Request 1
472
(1, 3, 2)
3
(49, 45)
-> Request 2
567
(2, 3, 1)
1
(61, 41)
-> Request 3
637
(2, 3, 2)
3
(58, 77)
-> Request 4
831
(4, 1, 1)
3
(58, 74)
-> Request 5
913
(1, 2, 1)
3
(53, 33)
-> Request 6
1117
(3, 3, 1)
1
(15, 23)
-> Request 7
1214
(1, 3, 1)
3
(59, 33)
-> Request 8
1251
(4, 1, 1)
1
(62, 66)
-> Request 9
1349
(4, 1, 1)
2
(63, 65)
--> Day : 4
-> Request 0
12
(1, 1, 1)
2
(49, 45)
-> Request 1
150
(2, 2, 1)
1
(57, 77)
-> Request 2
194
(3, 3, 2)
2
(62, 36)
-> Request 3
216
(4, 2, 2)
3
(10, 26)
-> Request 4
508
(1, 3, 2)
3
(59, 39)
-> Request 5
664
(3, 3, 1)
3
(62, 66)
---> Week : 18
--> Day : 0
-> Request 0
193
(3, 3, 1)
3
(56, 73)
-> Request 1
407
(3, 2, 1)
1
(53, 35)
-> Request 2
426
(2, 1, 2)
1
(51, 46)
-> Request 3
650
(1, 1, 2)
2
(60, 29)
-> Request 4
879
(1, 3, 2)
3
(60, 68)
-> Request 5
919
(1, 2, 1)
2
(52, 69)
-> Request 6
1100
(2, 1, 2)
2
(16, 27)
-> Request 7
1338
(1, 1, 1)
3
(49, 31)
--> Day : 1
-> Request 0
66
(3, 3, 1)
3
(56, 40)
-> Request 1
250
(3, 3, 1)
1
(57, 74)
-> Request 2
851
(4, 1, 1)
3
(48, 37)
-> Request 3
1156
(3, 3, 1)
3
(65, 67)
-> Request 4
1270
(4, 2, 1)
1
(63, 66)
--> Day : 2
-> Request 0
253
(1, 2, 2)
3
(65, 65)
-> Request 1
1104
(1, 2, 1)
1
(56, 31)
-> Request 2
1402
(4, 2, 1)
2
(50, 29)
--> Day : 3
-> Request 0
23
(4, 1, 2)
1
(62, 70)
-> Request 1
152
(1, 1, 2)
3
(45, 46)
-> Request 2
271
(4, 1, 2)
1
(43, 31)
-> Request 3
1411
(1, 2, 1)
1
(47, 45)
-> Request 4
1430
(2, 3, 1)
3
(55, 45)
--> Day : 4
-> Request 0
208
(3, 3, 1)
1
(64, 68)
-> Request 1
477
(3, 3, 1)
2
(55, 41)
-> Request 2
577
(2, 3, 1)
1
(58, 35)
-> Request 3
687
(3, 3, 2)
2
(17, 21)
-> Request 4
895
(2, 3, 2)
3
(53, 72)
-> Request 5
1286
(3, 3, 2)
3
(56, 77)
-> Request 6
1373
(3, 2, 2)
1
(10, 29)
---> Week : 19
--> Day : 0
-> Request 0
202
(4, 2, 2)
3
(66, 71)
-> Request 1
355
(3, 1, 2)
3
(12, 27)
-> Request 2
553
(4, 3, 1)
3
(64, 77)
-> Request 3
871
(3, 3, 2)
3
(52, 36)
-> Request 4
1076
(2, 1, 1)
1
(14, 24)
-> Request 5
1180
(3, 1, 2)
3
(62, 76)
-> Request 6
1313
(4, 2, 2)
3
(57, 39)
--> Day : 1
-> Request 0
164
(3, 2, 2)
3
(60, 31)
-> Request 1
323
(3, 2, 2)
3
(47, 36)
-> Request 2
912
(4, 3, 1)
1
(48, 30)
-> Request 3
1192
(2, 3, 1)
1
(49, 27)
-> Request 4
1213
(2, 2, 1)
1
(43, 42)
-> Request 5
1308
(2, 3, 2)
1
(56, 70)
-> Request 6
1341
(3, 1, 2)
2
(13, 29)
-> Request 7
1385
(4, 3, 2)
1
(61, 39)
-> Request 8
1437
(3, 1, 1)
1
(64, 73)
--> Day : 2
-> Request 0
9
(3, 1, 1)
1
(48, 35)
-> Request 1
492
(3, 1, 1)
2
(58, 41)
-> Request 2
880
(4, 2, 2)
1
(62, 67)
-> Request 3
1238
(3, 3, 2)
3
(15, 24)
--> Day : 3
-> Request 0
237
(4, 3, 2)
3
(60, 27)
-> Request 1
275
(3, 3, 1)
1
(53, 28)
-> Request 2
348
(2, 1, 1)
2
(56, 37)
-> Request 3
534
(4, 3, 2)
1
(15, 21)
-> Request 4
722
(1, 3, 1)
2
(52, 38)
-> Request 5
802
(1, 3, 2)
1
(43, 43)
-> Request 6
1007
(4, 1, 2)
3
(59, 69)
-> Request 7
1214
(1, 2, 1)
1
(62, 70)
-> Request 8
1310
(3, 2, 2)
3
(54, 39)
--> Day : 4
-> Request 0
213
(4, 2, 2)
1
(16, 23)
-> Request 1
217
(4, 1, 2)
2
(64, 78)
-> Request 2
432
(1, 3, 1)
2
(62, 64)
-> Request 3
510
(3, 2, 1)
3
(10, 20)
-> Request 4
649
(3, 1, 2)
3
(45, 36)
-> Request 5
1161
(1, 1, 1)
3
(45, 31)
-> Request 6
1161
(3, 1, 2)
1
(45, 33)
-> Request 7
1173
(4, 1, 2)
1
(62, 40)
---> Week : 20
--> Day : 0
-> Request 0
187
(1, 1, 1)
3
(16, 26)
-> Request 1
541
(3, 3, 1)
2
(12, 23)
-> Request 2
805
(2, 3, 1)
1
(53, 67)
-> Request 3
1243
(4, 2, 1)
1
(66, 64)
--> Day : 1
-> Request 0
16
(4, 1, 2)
1
(62, 67)
-> Request 1
184
(1, 2, 2)
3
(51, 28)
-> Request 2
282
(4, 1, 2)
2
(53, 27)
-> Request 3
288
(4, 2, 2)
3
(59, 45)
-> Request 4
469
(1, 1, 1)
1
(61, 77)
-> Request 5
960
(3, 3, 2)
3
(54, 34)
--> Day : 2
--> Day : 3
-> Request 0
196
(2, 1, 1)
3
(59, 31)
-> Request 1
235
(3, 1, 1)
3
(57, 73)
-> Request 2
448
(3, 1, 2)
3
(49, 29)
-> Request 3
771
(3, 3, 2)
1
(15, 29)
-> Request 4
797
(4, 3, 1)
1
(60, 37)
-> Request 5
871
(4, 2, 2)
1
(54, 36)
--> Day : 4
-> Request 0
219
(3, 2, 2)
1
(60, 39)
-> Request 1
288
(1, 2, 2)
3
(62, 41)
-> Request 2
516
(1, 1, 1)
3
(13, 23)
-> Request 3
534
(2, 2, 1)
1
(52, 32)
-> Request 4
607
(1, 1, 1)
3
(59, 34)
-> Request 5
721
(1, 3, 1)
2
(9, 29)
-> Request 6
728
(3, 2, 1)
2
(59, 77)
-> Request 7
950
(4, 2, 2)
1
(13, 28)
-> Request 8
1140
(2, 3, 1)
2
(52, 42)
-> Request 9
1151
(2, 1, 2)
3
(55, 76)
-> Request 10
1270
(2, 1, 2)
1
(61, 27)
---> Week : 21
--> Day : 0
-> Request 0
69
(3, 1, 2)
2
(63, 71)
-> Request 1
588
(4, 3, 2)
3
(53, 76)
-> Request 2
697
(1, 2, 2)
3
(58, 73)
-> Request 3
983
(3, 2, 2)
3
(53, 70)
-> Request 4
1030
(3, 3, 2)
3
(52, 70)
--> Day : 1
-> Request 0
82
(4, 2, 2)
3
(14, 25)
-> Request 1
99
(2, 1, 1)
2
(57, 46)
-> Request 2
199
(2, 3, 1)
3
(11, 29)
-> Request 3
519
(3, 2, 2)
2
(59, 78)
-> Request 4
1328
(4, 1, 2)
3
(52, 73)
-> Request 5
1335
(4, 3, 2)
3
(46, 33)
-> Request 6
1401
(4, 1, 1)
3
(51, 28)
-> Request 7
1431
(2, 3, 2)
2
(45, 43)
--> Day : 2
-> Request 0
225
(4, 2, 2)
1
(15, 26)
-> Request 1
340
(3, 3, 1)
2
(63, 77)
-> Request 2
702
(4, 3, 1)
1
(61, 34)
-> Request 3
704
(3, 2, 2)
2
(56, 36)
-> Request 4
1154
(3, 1, 1)
1
(61, 30)
-> Request 5
1428
(1, 1, 2)
1
(15, 29)
--> Day : 3
-> Request 0
173
(1, 3, 1)
1
(13, 23)
-> Request 1
324
(3, 1, 2)
2
(61, 32)
-> Request 2
460
(3, 1, 1)
1
(49, 42)
-> Request 3
705
(4, 3, 1)
3
(54, 77)
-> Request 4
754
(3, 1, 2)
1
(47, 35)
-> Request 5
1134
(2, 3, 2)
3
(52, 70)
-> Request 6
1316
(1, 3, 1)
1
(54, 28)
-> Request 7
1382
(4, 2, 2)
2
(58, 71)
--> Day : 4
-> Request 0
469
(1, 3, 2)
1
(54, 66)
-> Request 1
594
(3, 3, 2)
3
(44, 38)
-> Request 2
717
(2, 2, 1)
3
(62, 44)
-> Request 3
1181
(1, 2, 2)
1
(64, 72)
-> Request 4
1409
(4, 3, 1)
2
(52, 71)
-> Request 5
1410
(2, 3, 2)
1
(44, 38)
---> Week : 22
--> Day : 0
-> Request 0
249
(1, 2, 1)
2
(58, 27)
-> Request 1
319
(3, 2, 1)
1
(44, 33)
-> Request 2
501
(3, 2, 1)
3
(61, 77)
-> Request 3
658
(4, 2, 2)
3
(56, 46)
-> Request 4
1219
(3, 2, 1)
2
(55, 77)
-> Request 5
1404
(3, 1, 2)
3
(53, 27)
--> Day : 1
-> Request 0
362
(1, 1, 1)
3
(60, 65)
-> Request 1
638
(1, 1, 1)
1
(8, 24)
-> Request 2
663
(2, 1, 2)
2
(58, 43)
-> Request 3
811
(1, 2, 1)
2
(44, 38)
-> Request 4
818
(1, 3, 1)
2
(59, 40)
-> Request 5
904
(3, 1, 2)
1
(53, 40)
-> Request 6
934
(4, 3, 2)
3
(66, 74)
-> Request 7
1070
(2, 3, 2)
3
(51, 32)
-> Request 8
1199
(2, 1, 1)
3
(60, 64)
--> Day : 2
-> Request 0
29
(4, 3, 2)
2
(66, 64)
-> Request 1
603
(2, 2, 1)
2
(54, 38)
-> Request 2
832
(4, 3, 1)
3
(8, 25)
-> Request 3
836
(4, 3, 2)
1
(62, 38)
-> Request 4
1351
(2, 2, 2)
1
(49, 40)
--> Day : 3
-> Request 0
981
(4, 3, 2)
1
(61, 36)
-> Request 1
1054
(4, 3, 1)
1
(58, 68)
-> Request 2
1088
(2, 1, 1)
3
(46, 31)
-> Request 3
1275
(3, 2, 2)
2
(65, 66)
-> Request 4
1375
(3, 3, 2)
3
(54, 73)
--> Day : 4
-> Request 0
159
(3, 3, 1)
2
(53, 31)
-> Request 1
591
(4, 1, 2)
1
(53, 77)
-> Request 2
679
(4, 2, 2)
3
(46, 46)
-> Request 3
700
(2, 2, 2)
3
(8, 29)
-> Request 4
788
(1, 2, 1)
1
(55, 45)
-> Request 5
1047
(2, 2, 2)
2
(57, 70)
-> Request 6
1083
(2, 1, 2)
3
(55, 42)
-> Request 7
1202
(2, 3, 1)
1
(47, 35)
---> Week : 23
--> Day : 0
-> Request 0
593
(3, 1, 1)
2
(62, 29)
-> Request 1
1165
(3, 1, 1)
1
(50, 37)
-> Request 2
1168
(2, 3, 1)
1
(11, 27)
--> Day : 1
-> Request 0
575
(2, 1, 2)
1
(62, 70)
-> Request 1
604
(1, 2, 1)
1
(62, 34)
-> Request 2
737
(3, 2, 1)
1
(60, 67)
--> Day : 2
-> Request 0
44
(4, 2, 1)
2
(53, 43)
-> Request 1
231
(2, 1, 2)
1
(43, 30)
-> Request 2
272
(2, 3, 2)
3
(56, 77)
-> Request 3
325
(2, 1, 2)
3
(13, 28)
-> Request 4
545
(4, 3, 2)
2
(45, 31)
-> Request 5
811
(1, 1, 2)
3
(60, 66)
-> Request 6
921
(4, 3, 1)
3
(59, 68)
-> Request 7
955
(1, 3, 1)
1
(11, 20)
-> Request 8
1043
(4, 3, 1)
2
(50, 42)
-> Request 9
1066
(2, 3, 1)
1
(13, 24)
-> Request 10
1168
(2, 3, 2)
3
(47, 32)
-> Request 11
1189
(4, 2, 1)
2
(62, 77)
-> Request 12
1289
(2, 3, 1)
3
(59, 31)
-> Request 13
1307
(1, 3, 2)
3
(43, 33)
--> Day : 3
-> Request 0
1420
(1, 2, 2)
1
(56, 72)
--> Day : 4
-> Request 0
182
(1, 1, 1)
2
(52, 68)
-> Request 1
539
(2, 1, 2)
1
(56, 65)
-> Request 2
896
(4, 3, 2)
2
(46, 33)
-> Request 3
1102
(4, 3, 1)
2
(56, 28)
-> Request 4
1187
(4, 1, 2)
3
(56, 30)
-> Request 5
1313
(3, 3, 2)
3
(50, 45)
---> Week : 24
--> Day : 0
-> Request 0
597
(4, 1, 2)
2
(56, 71)
-> Request 1
792
(4, 3, 1)
1
(59, 46)
-> Request 2
1035
(2, 1, 1)
2
(50, 29)
-> Request 3
1125
(2, 1, 1)
3
(57, 64)
-> Request 4
1170
(4, 2, 2)
2
(51, 41)
--> Day : 1
-> Request 0
323
(4, 1, 2)
1
(60, 75)
-> Request 1
327
(1, 2, 1)
2
(55, 77)
-> Request 2
698
(2, 3, 1)
3
(43, 29)
-> Request 3
1006
(4, 3, 1)
1
(9, 21)
-> Request 4
1015
(4, 1, 1)
2
(59, 78)
-> Request 5
1348
(4, 2, 2)
1
(61, 75)
-> Request 6
1383
(2, 3, 2)
3
(62, 46)
--> Day : 2
-> Request 0
705
(3, 3, 1)
3
(48, 46)
-> Request 1
974
(4, 2, 1)
3
(44, 36)
-> Request 2
984
(4, 2, 2)
1
(55, 36)
-> Request 3
1069
(4, 2, 1)
2
(56, 33)
--> Day : 3
-> Request 0
61
(2, 2, 1)
1
(53, 29)
-> Request 1
173
(3, 2, 1)
3
(53, 44)
-> Request 2
223
(1, 1, 1)
3
(15, 21)
-> Request 3
722
(1, 3, 2)
3
(50, 35)
-> Request 4
805
(2, 3, 2)
2
(51, 37)
-> Request 5
952
(1, 3, 1)
3
(51, 29)
-> Request 6
974
(2, 2, 2)
1
(43, 38)
-> Request 7
1256
(4, 3, 2)
3
(64, 69)
-> Request 8
1397
(3, 1, 1)
2
(58, 27)
--> Day : 4
-> Request 0
258
(2, 1, 1)
1
(63, 75)
-> Request 1
509
(2, 2, 2)
1
(62, 65)
-> Request 2
729
(2, 2, 1)
1
(47, 46)
-> Request 3
881
(3, 1, 2)
2
(11, 24)
-> Request 4
1017
(4, 3, 2)
3
(59, 65)
-> Request 5
1388
(4, 2, 1)
1
(63, 68)
---> Week : 25
--> Day : 0
-> Request 0
98
(4, 2, 2)
2
(59, 73)
-> Request 1
202
(3, 2, 1)
3
(60, 66)
-> Request 2
304
(4, 3, 1)
2
(46, 32)
-> Request 3
361
(4, 2, 2)
1
(61, 76)
-> Request 4
433
(1, 2, 1)
3
(44, 43)
-> Request 5
655
(4, 1, 2)
2
(50, 31)
-> Request 6
997
(4, 3, 1)
2
(45, 33)
-> Request 7
1024
(1, 2, 1)
3
(62, 39)
--> Day : 1
-> Request 0
63
(3, 2, 2)
3
(59, 71)
-> Request 1
222
(1, 1, 2)
1
(54, 72)
-> Request 2
278
(2, 1, 1)
1
(47, 41)
-> Request 3
288
(2, 3, 1)
3
(13, 23)
-> Request 4
306
(4, 3, 2)
3
(13, 23)
-> Request 5
433
(4, 2, 2)
2
(61, 46)
-> Request 6
564
(4, 1, 1)
1
(56, 65)
-> Request 7
873
(1, 2, 1)
2
(60, 70)
-> Request 8
901
(2, 2, 1)
1
(46, 42)
-> Request 9
1175
(2, 1, 1)
1
(54, 76)
-> Request 10
1232
(1, 3, 2)
1
(58, 27)
--> Day : 2
-> Request 0
1140
(4, 2, 1)
3
(16, 21)
-> Request 1
1380
(2, 1, 1)
1
(66, 71)
--> Day : 3
-> Request 0
26
(4, 2, 2)
1
(50, 38)
-> Request 1
77
(4, 2, 1)
3
(43, 31)
-> Request 2
124
(3, 2, 1)
1
(56, 27)
-> Request 3
668
(4, 3, 1)
3
(59, 33)
-> Request 4
1005
(3, 3, 2)
1
(12, 29)
-> Request 5
1163
(4, 3, 2)
3
(61, 45)
-> Request 6
1362
(3, 3, 2)
1
(46, 39)
-> Request 7
1374
(2, 2, 2)
1
(8, 24)
--> Day : 4
-> Request 0
507
(2, 2, 1)
1
(54, 69)
-> Request 1
1064
(1, 1, 2)
2
(61, 34)
-> Request 2
1258
(1, 2, 2)
3
(48, 35)
---> Week : 26
--> Day : 0
-> Request 0
333
(1, 3, 2)
1
(66, 64)
-> Request 1
518
(2, 1, 2)
3
(51, 46)
-> Request 2
1046
(4, 3, 1)
2
(47, 32)
-> Request 3
1052
(1, 1, 2)
3
(57, 64)
-> Request 4
1111
(3, 3, 2)
2
(63, 76)
-> Request 5
1151
(4, 1, 1)
2
(43, 37)
-> Request 6
1167
(2, 1, 2)
1
(60, 42)
-> Request 7
1310
(2, 1, 1)
1
(61, 73)
--> Day : 1
-> Request 0
17
(4, 2, 1)
2
(60, 76)
-> Request 1
426
(3, 3, 2)
2
(9, 20)
-> Request 2
632
(1, 1, 2)
2
(56, 35)
-> Request 3
799
(3, 3, 1)
3
(66, 78)
-> Request 4
1002
(1, 2, 2)
3
(17, 26)
-> Request 5
1168
(4, 3, 1)
3
(54, 38)
--> Day : 2
-> Request 0
437
(2, 3, 1)
2
(46, 42)
-> Request 1
446
(4, 3, 2)
2
(50, 45)
-> Request 2
544
(4, 2, 1)
1
(55, 27)
-> Request 3
638
(3, 3, 2)
3
(57, 41)
-> Request 4
755
(3, 2, 2)
3
(44, 40)
-> Request 5
852
(3, 1, 2)
3
(15, 23)
-> Request 6
925
(4, 2, 2)
3
(56, 70)
--> Day : 3
-> Request 0
212
(1, 3, 1)
3
(62, 68)
-> Request 1
888
(2, 1, 2)
3
(62, 76)
-> Request 2
1007
(2, 3, 2)
3
(54, 67)
-> Request 3
1312
(3, 3, 2)
1
(54, 70)
-> Request 4
1382
(3, 2, 1)
3
(49, 37)
--> Day : 4
-> Request 0
65
(2, 3, 2)
3
(59, 40)
-> Request 1
350
(4, 2, 1)
2
(60, 29)
-> Request 2
824
(2, 2, 2)
2
(43, 33)
-> Request 3
976
(3, 2, 2)
1
(15, 20)
-> Request 4
990
(3, 2, 1)
3
(56, 30)
-> Request 5
1022
(2, 3, 2)
2
(51, 41)
-> Request 6
1121
(3, 1, 1)
3
(47, 44)
-> Request 7
1238
(3, 2, 2)
3
(47, 31)
-> Request 8
1399
(2, 3, 1)
1
(55, 31)
---> Week : 27
--> Day : 0
-> Request 0
487
(2, 3, 2)
3
(43, 29)
-> Request 1
622
(2, 2, 2)
2
(8, 21)
-> Request 2
790
(3, 3, 2)
1
(46, 43)
-> Request 3
871
(3, 3, 1)
2
(54, 69)
--> Day : 1
-> Request 0
15
(4, 2, 1)
3
(50, 46)
-> Request 1
490
(4, 2, 2)
2
(60, 70)
-> Request 2
626
(3, 2, 2)
3
(62, 69)
-> Request 3
906
(2, 2, 2)
2
(49, 34)
-> Request 4
1046
(3, 1, 2)
2
(52, 69)
-> Request 5
1068
(4, 2, 2)
2
(17, 29)
-> Request 6
1176
(4, 3, 1)
2
(65, 76)
--> Day : 2
-> Request 0
1
(1, 1, 1)
3
(62, 67)
-> Request 1
138
(4, 3, 2)
3
(62, 37)
-> Request 2
564
(3, 3, 2)
1
(13, 29)
-> Request 3
698
(2, 1, 2)
2
(62, 70)
-> Request 4
939
(4, 3, 1)
3
(53, 43)
-> Request 5
1030
(4, 3, 2)
1
(57, 34)
-> Request 6
1084
(4, 2, 1)
1
(45, 35)
-> Request 7
1325
(1, 2, 1)
3
(58, 30)
-> Request 8
1381
(3, 3, 1)
2
(55, 29)
--> Day : 3
-> Request 0
164
(2, 3, 1)
2
(56, 77)
-> Request 1
196
(4, 3, 2)
1
(59, 31)
-> Request 2
416
(2, 1, 1)
1
(62, 46)
-> Request 3
505
(2, 1, 1)
1
(52, 45)
-> Request 4
601
(3, 2, 1)
2
(51, 29)
-> Request 5
670
(2, 3, 1)
1
(50, 40)
-> Request 6
720
(4, 3, 1)
2
(48, 36)
-> Request 7
1242
(2, 3, 1)
1
(66, 66)
-> Request 8
1398
(4, 2, 1)
2
(52, 31)
--> Day : 4
-> Request 0
18
(4, 3, 2)
2
(44, 28)
-> Request 1
217
(3, 3, 2)
2
(13, 26)
-> Request 2
296
(1, 2, 2)
2
(61, 32)
-> Request 3
411
(4, 2, 2)
1
(45, 44)
-> Request 4
600
(1, 3, 2)
1
(15, 22)
-> Request 5
817
(3, 3, 2)
1
(53, 69)
-> Request 6
854
(2, 2, 1)
3
(53, 77)
-> Request 7
927
(1, 1, 2)
3
(11, 28)
-> Request 8
1110
(4, 3, 2)
3
(65, 70)
-> Request 9
1126
(3, 1, 1)
1
(60, 43)
-> Request 10
1182
(3, 2, 1)
3
(9, 26)
-> Request 11
1189
(1, 3, 2)
3
(66, 65)
-> Request 12
1342
(4, 1, 1)
1
(62, 27)
-> Request 13
1364
(4, 2, 2)
1
(54, 76)
---> Week : 28
--> Day : 0
-> Request 0
91
(4, 3, 1)
1
(14, 21)
-> Request 1
583
(4, 2, 2)
3
(63, 71)
-> Request 2
1001
(2, 2, 1)
3
(58, 34)
-> Request 3
1047
(1, 2, 2)
2
(15, 21)
-> Request 4
1088
(4, 1, 1)
2
(61, 65)
-> Request 5
1288
(4, 1, 1)
1
(45, 40)
--> Day : 1
-> Request 0
3
(1, 3, 2)
1
(8, 21)
-> Request 1
328
(4, 1, 1)
1
(53, 69)
-> Request 2
1013
(4, 1, 1)
1
(16, 27)
-> Request 3
1236
(1, 1, 1)
2
(54, 30)
-> Request 4
1314
(3, 1, 1)
3
(48, 37)
-> Request 5
1374
(2, 2, 1)
1
(45, 32)
--> Day : 2
-> Request 0
3
(4, 3, 2)
1
(57, 45)
-> Request 1
13
(4, 3, 1)
2
(57, 40)
-> Request 2
65
(1, 3, 1)
1
(58, 78)
-> Request 3
136
(4, 1, 1)
2
(61, 44)
-> Request 4
409
(3, 3, 2)
2
(52, 76)
-> Request 5
426
(2, 2, 1)
3
(63, 75)
-> Request 6
793
(2, 2, 2)
3
(58, 34)
-> Request 7
1232
(2, 1, 1)
3
(62, 46)
--> Day : 3
-> Request 0
99
(1, 1, 2)
1
(11, 22)
-> Request 1
107
(1, 3, 1)
1
(61, 44)
-> Request 2
181
(1, 3, 1)
2
(17, 23)
-> Request 3
1306
(4, 2, 2)
1
(44, 27)
--> Day : 4
-> Request 0
296
(2, 1, 2)
3
(62, 77)
-> Request 1
446
(3, 2, 2)
3
(52, 36)
-> Request 2
685
(1, 1, 1)
2
(47, 38)
-> Request 3
763
(1, 3, 1)
3
(11, 25)
-> Request 4
942
(2, 3, 1)
3
(55, 76)
-> Request 5
1231
(3, 2, 1)
3
(53, 36)
---> Week : 29
--> Day : 0
-> Request 0
483
(1, 3, 2)
1
(56, 65)
-> Request 1
582
(1, 3, 2)
1
(58, 41)
-> Request 2
778
(4, 1, 1)
2
(61, 69)
-> Request 3
961
(1, 2, 1)
1
(16, 23)
-> Request 4
1159
(2, 1, 2)
3
(61, 65)
-> Request 5
1233
(2, 2, 2)
2
(56, 42)
-> Request 6
1305
(4, 1, 1)
2
(44, 42)
--> Day : 1
-> Request 0
145
(2, 2, 1)
1
(54, 38)
-> Request 1
324
(4, 3, 2)
3
(56, 43)
-> Request 2
360
(2, 3, 2)
2
(43, 32)
-> Request 3
363
(3, 1, 2)
1
(60, 27)
-> Request 4
838
(1, 3, 1)
2
(49, 39)
-> Request 5
1020
(2, 2, 2)
3
(53, 71)
-> Request 6
1065
(1, 3, 2)
3
(47, 32)
--> Day : 2
-> Request 0
595
(3, 1, 1)
1
(46, 28)
-> Request 1
640
(3, 3, 1)
2
(58, 30)
-> Request 2
723
(3, 1, 2)
3
(59, 67)
-> Request 3
1012
(2, 1, 1)
2
(51, 43)
-> Request 4
1300
(1, 3, 2)
1
(53, 71)
-> Request 5
1333
(4, 3, 1)
1
(59, 66)
--> Day : 3
-> Request 0
226
(3, 3, 2)
3
(49, 44)
-> Request 1
278
(1, 3, 1)
1
(57, 78)
-> Request 2
300
(3, 3, 1)
3
(51, 46)
-> Request 3
702
(2, 3, 1)
2
(49, 42)
-> Request 4
781
(1, 2, 2)
1
(51, 31)
-> Request 5
914
(1, 1, 2)
1
(47, 37)
-> Request 6
1078
(4, 3, 1)
3
(60, 31)
-> Request 7
1094
(4, 1, 2)
1
(57, 72)
-> Request 8
1163
(1, 2, 1)
3
(48, 31)
--> Day : 4
-> Request 0
740
(4, 2, 1)
3
(43, 33)
-> Request 1
885
(1, 1, 2)
3
(57, 44)
---> Week : 30
--> Day : 0
-> Request 0
279
(3, 3, 2)
1
(17, 25)
-> Request 1
306
(4, 3, 2)
3
(60, 43)
-> Request 2
309
(2, 1, 2)
2
(44, 35)
-> Request 3
360
(2, 3, 2)
3
(64, 76)
-> Request 4
949
(1, 1, 2)
2
(54, 30)
-> Request 5
1311
(1, 2, 2)
1
(61, 29)
--> Day : 1
-> Request 0
122
(1, 2, 1)
3
(64, 67)
-> Request 1
236
(2, 3, 2)
3
(52, 73)
-> Request 2
298
(3, 1, 1)
2
(13, 21)
-> Request 3
520
(2, 2, 1)
3
(51, 37)
-> Request 4
641
(4, 3, 2)
3
(49, 42)
-> Request 5
682
(2, 3, 2)
3
(51, 35)
-> Request 6
852
(3, 2, 2)
3
(49, 32)
-> Request 7
1137
(4, 3, 1)
1
(52, 72)
-> Request 8
1162
(2, 1, 2)
1
(56, 32)
--> Day : 2
-> Request 0
596
(3, 2, 2)
2
(44, 46)
-> Request 1
687
(1, 3, 2)
3
(11, 27)
-> Request 2
790
(3, 1, 2)
1
(45, 33)
--> Day : 3
-> Request 0
202
(1, 1, 2)
3
(55, 77)
-> Request 1
250
(2, 2, 1)
3
(8, 28)
-> Request 2
358
(3, 2, 1)
3
(43, 30)
-> Request 3
665
(2, 1, 1)
3
(9, 27)
-> Request 4
1353
(2, 2, 2)
3
(52, 69)
--> Day : 4
-> Request 0
80
(3, 2, 2)
1
(53, 38)
-> Request 1
314
(2, 1, 1)
1
(56, 72)
-> Request 2
524
(3, 1, 2)
1
(49, 35)
-> Request 3
621
(4, 3, 1)
3
(60, 38)
-> Request 4
1261
(4, 1, 1)
2
(54, 36)
---> Week : 31
--> Day : 0
-> Request 0
54
(3, 2, 1)
3
(62, 69)
-> Request 1
493
(4, 3, 1)
2
(50, 29)
--> Day : 1
-> Request 0
335
(1, 2, 2)
2
(43, 38)
-> Request 1
881
(2, 3, 1)
3
(66, 65)
-> Request 2
976
(4, 1, 2)
2
(57, 76)
-> Request 3
982
(2, 2, 1)
3
(60, 43)
-> Request 4
1366
(1, 3, 1)
3
(51, 35)
--> Day : 2
-> Request 0
9
(4, 1, 2)
1
(50, 45)
-> Request 1
357
(3, 3, 2)
2
(56, 69)
-> Request 2
441
(2, 3, 1)
2
(16, 20)
-> Request 3
606
(4, 2, 2)
2
(59, 29)
-> Request 4
635
(3, 2, 1)
3
(45, 36)
-> Request 5
931
(3, 2, 1)
1
(44, 46)
-> Request 6
1047
(2, 2, 1)
1
(43, 42)
--> Day : 3
-> Request 0
23
(3, 2, 2)
2
(61, 43)
-> Request 1
300
(1, 1, 2)
3
(11, 21)
-> Request 2
894
(2, 3, 1)
3
(60, 34)
--> Day : 4
-> Request 0
427
(3, 1, 2)
3
(13, 21)
-> Request 1
668
(1, 3, 2)
1
(58, 39)
-> Request 2
1016
(1, 1, 2)
1
(58, 38)
---> Week : 32
--> Day : 0
-> Request 0
256
(4, 1, 2)
2
(46, 38)
-> Request 1
565
(1, 1, 2)
3
(54, 77)
-> Request 2
716
(4, 1, 2)
1
(49, 42)
-> Request 3
757
(1, 3, 2)
3
(54, 78)
-> Request 4
1254
(2, 1, 2)
1
(51, 46)
--> Day : 1
-> Request 0
104
(2, 3, 2)
3
(57, 28)
-> Request 1
406
(3, 1, 2)
3
(65, 77)
-> Request 2
773
(1, 3, 2)
3
(53, 40)
-> Request 3
791
(3, 1, 1)
1
(53, 45)
--> Day : 2
-> Request 0
134
(2, 1, 1)
2
(53, 41)
-> Request 1
386
(2, 2, 1)
3
(61, 33)
-> Request 2
413
(1, 2, 1)
1
(62, 41)
-> Request 3
996
(4, 2, 1)
2
(63, 65)
--> Day : 3
-> Request 0
207
(1, 3, 1)
1
(43, 40)
-> Request 1
234
(3, 2, 2)
2
(62, 35)
-> Request 2
492
(3, 3, 1)
1
(60, 30)
-> Request 3
661
(3, 1, 2)
1
(53, 43)
-> Request 4
1169
(3, 1, 1)
3
(51, 34)
-> Request 5
1170
(2, 1, 2)
3
(66, 70)
-> Request 6
1232
(2, 3, 2)
1
(14, 27)
-> Request 7
1259
(1, 3, 1)
3
(49, 33)
--> Day : 4
-> Request 0
3
(3, 2, 1)
1
(13, 26)
-> Request 1
266
(1, 2, 1)
3
(48, 35)
-> Request 2
277
(4, 2, 2)
3
(52, 36)
-> Request 3
369
(2, 1, 1)
3
(55, 78)
-> Request 4
621
(1, 2, 2)
1
(44, 46)
-> Request 5
625
(2, 1, 1)
2
(10, 22)
-> Request 6
1011
(2, 3, 2)
1
(65, 70)
-> Request 7
1218
(3, 2, 1)
3
(55, 32)
---> Week : 33
--> Day : 0
-> Request 0
55
(1, 2, 1)
1
(54, 29)
-> Request 1
62
(3, 3, 2)
1
(48, 45)
-> Request 2
149
(4, 2, 1)
2
(64, 69)
-> Request 3
218
(3, 2, 1)
1
(56, 78)
-> Request 4
388
(1, 2, 1)
1
(64, 65)
-> Request 5
402
(2, 3, 1)
3
(65, 68)
-> Request 6
673
(4, 2, 1)
1
(46, 30)
-> Request 7
710
(1, 3, 2)
1
(64, 65)
-> Request 8
765
(4, 3, 2)
2
(65, 65)
-> Request 9
992
(1, 2, 2)
1
(59, 35)
-> Request 10
1348
(3, 1, 2)
1
(46, 40)
--> Day : 1
-> Request 0
645
(2, 1, 1)
3
(56, 76)
-> Request 1
837
(4, 1, 1)
2
(13, 22)
-> Request 2
956
(2, 1, 2)
1
(56, 70)
-> Request 3
965
(3, 3, 1)
1
(55, 35)
-> Request 4
1118
(2, 1, 2)
2
(9, 24)
-> Request 5
1154
(3, 2, 1)
1
(46, 31)
--> Day : 2
-> Request 0
40
(4, 3, 2)
3
(62, 75)
-> Request 1
54
(3, 1, 2)
3
(54, 65)
-> Request 2
483
(1, 2, 2)
2
(44, 30)
-> Request 3
935
(1, 2, 2)
3
(54, 77)
-> Request 4
972
(1, 1, 1)
1
(61, 35)
-> Request 5
1016
(1, 2, 2)
1
(54, 78)
-> Request 6
1243
(1, 2, 1)
2
(62, 65)
--> Day : 3
-> Request 0
12
(2, 3, 1)
2
(15, 21)
-> Request 1
914
(2, 2, 1)
1
(50, 28)
-> Request 2
1032
(1, 1, 1)
1
(62, 70)
--> Day : 4
-> Request 0
340
(4, 3, 1)
2
(52, 72)
-> Request 1
500
(1, 1, 1)
3
(57, 35)
-> Request 2
698
(4, 2, 1)
1
(59, 28)
-> Request 3
936
(1, 1, 1)
1
(13, 24)
-> Request 4
1317
(3, 3, 2)
1
(51, 33)
---> Week : 34
--> Day : 0
-> Request 0
320
(1, 1, 2)
3
(55, 74)
-> Request 1
646
(2, 1, 2)
1
(48, 43)
-> Request 2
1038
(1, 1, 2)
1
(49, 44)
-> Request 3
1170
(4, 3, 1)
1
(55, 46)
-> Request 4
1239
(3, 3, 1)
1
(52, 41)
-> Request 5
1246
(2, 3, 1)
3
(55, 35)
--> Day : 1
-> Request 0
29
(4, 1, 2)
2
(8, 29)
-> Request 1
603
(2, 3, 1)
2
(55, 77)
-> Request 2
633
(4, 2, 1)
1
(45, 44)
-> Request 3
879
(4, 1, 2)
2
(62, 34)
-> Request 4
1086
(4, 3, 1)
2
(62, 40)
-> Request 5
1131
(4, 1, 1)
1
(56, 73)
-> Request 6
1327
(1, 3, 2)
2
(11, 25)
-> Request 7
1336
(2, 3, 1)
1
(60, 29)
--> Day : 2
-> Request 0
576
(4, 3, 2)
1
(52, 75)
-> Request 1
591
(1, 1, 2)
2
(62, 34)
-> Request 2
671
(1, 1, 1)
3
(45, 30)
-> Request 3
773
(2, 2, 1)
1
(51, 35)
-> Request 4
1060
(2, 3, 2)
2
(57, 69)
-> Request 5
1144
(1, 1, 1)
3
(14, 22)
-> Request 6
1151
(3, 2, 1)
1
(56, 33)
-> Request 7
1180
(1, 1, 1)
3
(49, 33)
-> Request 8
1274
(3, 2, 1)
2
(54, 40)
--> Day : 3
-> Request 0
99
(4, 3, 1)
3
(54, 72)
-> Request 1
185
(2, 2, 1)
1
(44, 29)
-> Request 2
253
(2, 1, 2)
1
(15, 24)
--> Day : 4
-> Request 0
149
(4, 1, 1)
1
(43, 32)
-> Request 1
757
(3, 3, 2)
3
(9, 22)
-> Request 2
793
(3, 3, 2)
1
(51, 44)
-> Request 3
1413
(3, 1, 2)
1
(57, 73)
---> Week : 35
--> Day : 0
-> Request 0
150
(4, 2, 1)
2
(12, 23)
-> Request 1
432
(3, 2, 1)
2
(62, 75)
--> Day : 1
-> Request 0
137
(4, 2, 2)
1
(57, 70)
-> Request 1
594
(3, 2, 2)
2
(61, 35)
-> Request 2
725
(2, 3, 2)
1
(58, 65)
-> Request 3
875
(4, 3, 2)
2
(54, 34)
-> Request 4
895
(3, 3, 2)
3
(53, 38)
-> Request 5
1027
(3, 2, 1)
2
(47, 32)
-> Request 6
1093
(4, 3, 2)
1
(58, 33)
-> Request 7
1169
(4, 3, 2)
2
(49, 38)
-> Request 8
1258
(2, 3, 1)
2
(62, 37)
--> Day : 2
-> Request 0
353
(2, 2, 2)
3
(53, 72)
-> Request 1
451
(4, 1, 1)
3
(49, 41)
-> Request 2
485
(1, 1, 2)
3
(56, 42)
-> Request 3
995
(1, 1, 2)
1
(50, 46)
--> Day : 3
-> Request 0
580
(2, 2, 1)
2
(64, 71)
-> Request 1
644
(3, 2, 1)
1
(43, 35)
-> Request 2
796
(2, 1, 2)
1
(60, 45)
-> Request 3
958
(2, 3, 2)
1
(43, 30)
-> Request 4
981
(2, 3, 2)
1
(48, 28)
-> Request 5
1236
(2, 1, 2)
3
(54, 28)
-> Request 6
1325
(1, 2, 1)
1
(47, 31)
--> Day : 4
-> Request 0
10
(2, 1, 2)
2
(10, 21)
-> Request 1
897
(4, 3, 1)
3
(56, 36)
-> Request 2
1406
(4, 1, 1)
1
(53, 44)
---> Week : 36
--> Day : 0
-> Request 0
10
(4, 2, 2)
3
(8, 22)
-> Request 1
86
(2, 1, 1)
3
(51, 46)
-> Request 2
93
(2, 1, 1)
2
(64, 71)
-> Request 3
585
(4, 1, 1)
1
(49, 30)
-> Request 4
965
(4, 2, 2)
3
(43, 38)
-> Request 5
1007
(3, 1, 2)
2
(61, 76)
--> Day : 1
-> Request 0
909
(3, 1, 1)
1
(52, 74)
-> Request 1
1216
(4, 1, 1)
2
(61, 66)
--> Day : 2
-> Request 0
60
(2, 1, 2)
1
(50, 36)
-> Request 1
63
(3, 3, 1)
1
(64, 65)
-> Request 2
318
(3, 1, 1)
2
(60, 28)
-> Request 3
423
(3, 1, 1)
1
(65, 74)
-> Request 4
550
(2, 3, 1)
1
(57, 75)
-> Request 5
731
(1, 1, 2)
2
(64, 72)
-> Request 6
782
(4, 1, 2)
3
(50, 46)
-> Request 7
1259
(3, 3, 2)
1
(56, 41)
-> Request 8
1265
(2, 1, 2)
2
(49, 33)
-> Request 9
1348
(2, 1, 1)
2
(17, 26)
--> Day : 3
-> Request 0
5
(4, 2, 2)
2
(53, 29)
-> Request 1
228
(1, 2, 1)
3
(45, 36)
-> Request 2
233
(4, 2, 2)
3
(61, 34)
-> Request 3
1316
(4, 2, 1)
3
(47, 35)
--> Day : 4
-> Request 0
50
(3, 2, 1)
2
(15, 22)
-> Request 1
102
(1, 3, 1)
1
(56, 70)
-> Request 2
875
(1, 1, 1)
1
(65, 69)
-> Request 3
949
(3, 2, 1)
3
(56, 44)
-> Request 4
1073
(2, 2, 1)
2
(66, 69)
-> Request 5
1123
(4, 1, 1)
1
(46, 40)
-> Request 6
1136
(1, 2, 1)
1
(53, 72)
---> Week : 37
--> Day : 0
-> Request 0
194
(4, 1, 2)
1
(52, 28)
-> Request 1
205
(2, 2, 1)
3
(60, 33)
-> Request 2
892
(1, 1, 1)
3
(54, 39)
-> Request 3
1009
(4, 3, 1)
1
(45, 42)
-> Request 4
1136
(1, 3, 2)
1
(46, 32)
-> Request 5
1379
(4, 1, 2)
3
(9, 27)
--> Day : 1
-> Request 0
527
(1, 3, 1)
1
(47, 42)
-> Request 1
655
(1, 2, 2)
3
(56, 45)
-> Request 2
824
(1, 3, 2)
1
(11, 20)
-> Request 3
913
(2, 1, 1)
2
(57, 67)
-> Request 4
1001
(2, 3, 1)
1
(14, 27)
-> Request 5
1310
(1, 2, 2)
3
(63, 75)
-> Request 6
1431
(1, 2, 1)
2
(55, 76)
--> Day : 2
-> Request 0
504
(1, 3, 1)
2
(47, 30)
-> Request 1
966
(1, 3, 2)
1
(55, 68)
--> Day : 3
-> Request 0
471
(1, 1, 2)
1
(65, 76)
-> Request 1
675
(1, 2, 2)
2
(49, 39)
-> Request 2
749
(1, 3, 2)
3
(12, 26)
--> Day : 4
-> Request 0
14
(3, 1, 1)
2
(52, 39)
-> Request 1
112
(3, 3, 1)
3
(56, 41)
-> Request 2
867
(1, 3, 1)
3
(49, 34)
-> Request 3
1000
(2, 1, 2)
2
(46, 31)
---> Week : 38
--> Day : 0
-> Request 0
188
(2, 1, 1)
3
(48, 27)
-> Request 1
460
(3, 2, 2)
1
(58, 76)
-> Request 2
685
(3, 3, 2)
3
(51, 29)
-> Request 3
1137
(1, 3, 1)
1
(50, 31)
--> Day : 1
-> Request 0
659
(3, 1, 2)
1
(43, 43)
-> Request 1
956
(2, 3, 2)
3
(61, 78)
--> Day : 2
-> Request 0
11
(2, 2, 1)
3
(56, 33)
-> Request 1
334
(2, 2, 2)
2
(12, 29)
-> Request 2
369
(4, 1, 2)
3
(54, 64)
-> Request 3
582
(4, 3, 2)
2
(66, 74)
-> Request 4
656
(1, 2, 1)
2
(58, 69)
-> Request 5
680
(1, 1, 1)
3
(56, 46)
-> Request 6
1020
(1, 2, 1)
3
(15, 21)
-> Request 7
1044
(1, 2, 2)
3
(47, 28)
-> Request 8
1085
(2, 1, 2)
2
(61, 27)
-> Request 9
1312
(4, 3, 2)
3
(62, 74)
-> Request 10
1344
(2, 1, 1)
2
(55, 76)
--> Day : 3
-> Request 0
225
(4, 2, 1)
1
(58, 71)
-> Request 1
311
(1, 3, 2)
2
(64, 70)
-> Request 2
335
(3, 1, 1)
3
(44, 32)
-> Request 3
463
(2, 1, 2)
3
(62, 45)
-> Request 4
526
(4, 1, 1)
3
(57, 39)
-> Request 5
533
(3, 3, 2)
2
(62, 28)
-> Request 6
826
(4, 1, 1)
3
(62, 75)
-> Request 7
1076
(3, 3, 2)
2
(52, 45)
-> Request 8
1272
(4, 1, 2)
2
(58, 74)
--> Day : 4
-> Request 0
61
(4, 1, 2)
1
(55, 70)
-> Request 1
614
(1, 2, 1)
2
(46, 43)
-> Request 2
1372
(2, 2, 1)
1
(50, 34)
---> Week : 39
--> Day : 0
-> Request 0
553
(1, 3, 2)
2
(16, 29)
-> Request 1
618
(1, 3, 1)
1
(57, 67)
-> Request 2
755
(2, 2, 1)
2
(59, 37)
-> Request 3
853
(2, 3, 2)
1
(9, 22)
-> Request 4
1017
(4, 1, 2)
3
(58, 42)
--> Day : 1
-> Request 0
61
(1, 2, 2)
3
(9, 23)
-> Request 1
173
(1, 1, 2)
1
(58, 37)
-> Request 2
830
(4, 3, 2)
2
(53, 71)
-> Request 3
926
(1, 2, 1)
2
(49, 27)
-> Request 4
1160
(1, 1, 1)
2
(58, 69)
-> Request 5
1313
(4, 3, 2)
3
(8, 21)
--> Day : 2
-> Request 0
281
(3, 1, 1)
2
(57, 32)
-> Request 1
703
(2, 3, 1)
2
(44, 34)
-> Request 2
985
(2, 1, 2)
2
(9, 22)
-> Request 3
1396
(2, 3, 2)
2
(65, 78)
--> Day : 3
-> Request 0
349
(3, 2, 1)
1
(63, 69)
-> Request 1
444
(1, 2, 1)
3
(8, 27)
-> Request 2
525
(3, 2, 2)
2
(48, 43)
-> Request 3
611
(4, 3, 1)
3
(43, 32)
-> Request 4
624
(2, 3, 2)
2
(61, 73)
-> Request 5
747
(4, 1, 2)
3
(44, 31)
-> Request 6
1132
(1, 3, 2)
2
(48, 30)
-> Request 7
1176
(4, 2, 2)
2
(62, 35)
--> Day : 4
-> Request 0
588
(3, 2, 2)
2
(58, 27)
-> Request 1
632
(2, 2, 1)
3
(43, 27)
-> Request 2
1418
(4, 1, 2)
1
(47, 35)
---> Week : 40
--> Day : 0
-> Request 0
197
(3, 1, 1)
2
(56, 77)
-> Request 1
603
(2, 1, 1)
1
(59, 67)
-> Request 2
856
(4, 1, 1)
1
(9, 23)
-> Request 3
991
(3, 2, 1)
2
(55, 31)
-> Request 4
1306
(3, 2, 2)
1
(55, 28)
--> Day : 1
-> Request 0
7
(2, 1, 2)
1
(48, 35)
-> Request 1
36
(2, 1, 2)
1
(48, 46)
-> Request 2
81
(1, 3, 2)
3
(51, 32)
-> Request 3
112
(3, 2, 1)
3
(61, 31)
-> Request 4
416
(4, 2, 1)
2
(58, 34)
-> Request 5
461
(4, 2, 1)
3
(55, 46)
-> Request 6
491
(4, 1, 2)
3
(48, 39)
-> Request 7
506
(1, 2, 1)
1
(61, 78)
-> Request 8
600
(2, 2, 2)
3
(49, 42)
-> Request 9
625
(3, 3, 2)
3
(46, 32)
-> Request 10
1355
(2, 3, 2)
1
(59, 36)
--> Day : 2
-> Request 0
178
(1, 2, 1)
3
(66, 69)
-> Request 1
416
(2, 3, 1)
2
(59, 70)
-> Request 2
470
(4, 1, 1)
2
(13, 21)
-> Request 3
516
(2, 2, 1)
3
(55, 40)
-> Request 4
639
(4, 2, 1)
2
(64, 74)
-> Request 5
788
(1, 3, 2)
3
(44, 38)
-> Request 6
1050
(3, 2, 2)
2
(57, 78)
-> Request 7
1136
(3, 2, 1)
2
(8, 28)
--> Day : 3
-> Request 0
319
(3, 1, 1)
3
(8, 26)
-> Request 1
385
(4, 3, 2)
3
(8, 20)
-> Request 2
668
(4, 1, 2)
3
(58, 77)
-> Request 3
737
(3, 3, 2)
3
(59, 39)
-> Request 4
978
(4, 3, 2)
1
(61, 36)
-> Request 5
1160
(4, 3, 1)
2
(55, 64)
-> Request 6
1162
(3, 2, 1)
3
(54, 73)
--> Day : 4
-> Request 0
139
(3, 3, 2)
3
(56, 41)
-> Request 1
294
(2, 1, 2)
3
(47, 29)
-> Request 2
491
(3, 1, 2)
3
(60, 73)
-> Request 3
633
(2, 2, 2)
2
(10, 28)
-> Request 4
922
(2, 2, 1)
3
(14, 29)
-> Request 5
1143
(4, 1, 1)
3
(48, 41)
-> Request 6
1387
(3, 3, 2)
1
(17, 27)
---> Week : 41
--> Day : 0
-> Request 0
29
(1, 1, 2)
3
(66, 68)
-> Request 1
197
(1, 2, 2)
3
(55, 41)
-> Request 2
207
(4, 1, 2)
1
(54, 67)
-> Request 3
569
(3, 3, 2)
1
(58, 42)
-> Request 4
627
(3, 1, 1)
2
(64, 73)
-> Request 5
1337
(1, 1, 2)
1
(13, 22)
-> Request 6
1426
(1, 2, 1)
2
(58, 70)
--> Day : 1
-> Request 0
155
(3, 3, 2)
3
(50, 34)
-> Request 1
448
(4, 1, 1)
3
(62, 27)
-> Request 2
725
(3, 3, 2)
2
(62, 39)
-> Request 3
1228
(3, 2, 2)
2
(56, 73)
-> Request 4
1311
(2, 3, 1)
1
(58, 33)
-> Request 5
1419
(4, 3, 1)
3
(54, 29)
--> Day : 2
-> Request 0
73
(3, 3, 1)
1
(8, 26)
-> Request 1
84
(3, 1, 1)
1
(8, 27)
-> Request 2
241
(1, 2, 2)
2
(55, 76)
-> Request 3
582
(2, 1, 1)
3
(13, 25)
-> Request 4
624
(4, 2, 2)
3
(10, 29)
-> Request 5
803
(1, 3, 2)
3
(59, 67)
-> Request 6
915
(3, 3, 1)
1
(57, 69)
-> Request 7
1123
(4, 2, 2)
3
(53, 78)
-> Request 8
1189
(1, 3, 1)
3
(60, 74)
--> Day : 3
-> Request 0
686
(3, 1, 2)
1
(61, 78)
-> Request 1
701
(1, 3, 1)
1
(53, 38)
-> Request 2
916
(1, 1, 2)
3
(46, 31)
-> Request 3
1035
(3, 2, 1)
3
(55, 40)
-> Request 4
1114
(2, 3, 2)
1
(52, 71)
--> Day : 4
-> Request 0
106
(2, 1, 2)
3
(59, 44)
-> Request 1
132
(4, 2, 2)
3
(59, 77)
-> Request 2
389
(2, 2, 2)
2
(10, 22)
-> Request 3
442
(4, 2, 1)
1
(52, 41)
-> Request 4
803
(3, 1, 1)
1
(60, 34)
-> Request 5
1101
(2, 2, 1)
2
(43, 34)
---> Week : 42
--> Day : 0
-> Request 0
4
(4, 1, 1)
2
(57, 78)
-> Request 1
130
(2, 1, 2)
1
(62, 43)
-> Request 2
255
(4, 3, 2)
2
(52, 43)
-> Request 3
1148
(2, 1, 1)
1
(9, 25)
-> Request 4
1256
(4, 1, 1)
2
(55, 69)
--> Day : 1
-> Request 0
60
(4, 1, 2)
3
(63, 64)
-> Request 1
121
(4, 1, 2)
2
(54, 38)
-> Request 2
330
(3, 3, 2)
3
(61, 27)
-> Request 3
338
(4, 1, 2)
3
(13, 21)
-> Request 4
363
(2, 2, 2)
3
(43, 44)
-> Request 5
385
(4, 3, 1)
2
(15, 25)
-> Request 6
652
(4, 1, 1)
2
(46, 41)
--> Day : 2
-> Request 0
444
(3, 2, 1)
1
(50, 46)
-> Request 1
630
(1, 2, 2)
1
(52, 73)
-> Request 2
668
(1, 1, 2)
3
(60, 38)
-> Request 3
685
(3, 3, 2)
3
(59, 31)
-> Request 4
717
(4, 2, 1)
2
(54, 37)
-> Request 5
751
(4, 3, 2)
3
(16, 25)
-> Request 6
797
(3, 3, 2)
2
(54, 30)
-> Request 7
1369
(2, 3, 2)
2
(55, 41)
--> Day : 3
-> Request 0
122
(4, 1, 1)
1
(43, 35)
-> Request 1
155
(4, 2, 1)
1
(51, 39)
-> Request 2
882
(4, 1, 2)
2
(64, 75)
-> Request 3
1111
(3, 2, 1)
3
(55, 76)
--> Day : 4
-> Request 0
108
(2, 3, 2)
3
(63, 78)
-> Request 1
260
(2, 2, 1)
2
(60, 68)
-> Request 2
378
(1, 3, 1)
2
(13, 21)
-> Request 3
390
(2, 1, 1)
1
(44, 33)
-> Request 4
517
(2, 2, 2)
1
(61, 31)
-> Request 5
745
(4, 3, 2)
3
(52, 74)
-> Request 6
791
(2, 3, 2)
3
(62, 78)
-> Request 7
1229
(2, 3, 2)
1
(56, 75)
-> Request 8
1346
(2, 1, 1)
3
(46, 44)
-> Request 9
1346
(4, 1, 1)
2
(10, 27)
-> Request 10
1371
(1, 1, 1)
3
(62, 75)
---> Week : 43
--> Day : 0
-> Request 0
10
(4, 1, 1)
3
(10, 29)
-> Request 1
130
(1, 2, 1)
2
(44, 38)
-> Request 2
196
(3, 3, 1)
1
(56, 33)
-> Request 3
511
(3, 3, 1)
2
(10, 20)
-> Request 4
942
(4, 1, 1)
2
(61, 67)
-> Request 5
1081
(4, 1, 1)
1
(60, 69)
-> Request 6
1088
(4, 3, 1)
1
(54, 73)
-> Request 7
1140
(1, 1, 1)
1
(56, 31)
--> Day : 1
-> Request 0
364
(1, 2, 1)
3
(56, 64)
-> Request 1
680
(2, 2, 2)
2
(62, 64)
-> Request 2
975
(2, 2, 1)
2
(58, 71)
-> Request 3
1122
(4, 3, 1)
1
(65, 69)
-> Request 4
1290
(2, 3, 1)
1
(43, 44)
-> Request 5
1320
(2, 3, 1)
1
(15, 22)
--> Day : 2
-> Request 0
297
(1, 3, 2)
3
(56, 40)
-> Request 1
508
(4, 2, 1)
3
(44, 31)
-> Request 2
750
(4, 1, 2)
2
(59, 70)
-> Request 3
751
(4, 1, 1)
3
(44, 32)
--> Day : 3
-> Request 0
102
(4, 1, 1)
3
(15, 23)
-> Request 1
145
(3, 3, 2)
2
(59, 34)
-> Request 2
358
(2, 1, 2)
2
(60, 41)
-> Request 3
364
(3, 3, 1)
1
(13, 21)
-> Request 4
386
(2, 2, 2)
3
(11, 24)
-> Request 5
417
(2, 3, 2)
3
(44, 28)
-> Request 6
692
(3, 1, 1)
3
(48, 42)
-> Request 7
1240
(1, 1, 2)
3
(48, 39)
--> Day : 4
-> Request 0
230
(1, 3, 2)
3
(54, 32)
-> Request 1
310
(1, 3, 1)
2
(46, 33)
-> Request 2
696
(1, 3, 2)
2
(57, 33)
-> Request 3
704
(4, 2, 2)
3
(58, 76)
-> Request 4
874
(2, 3, 1)
3
(63, 65)
-> Request 5
1122
(2, 3, 2)
3
(55, 38)
-> Request 6
1369
(1, 1, 2)
1
(62, 39)
---> Week : 44
--> Day : 0
-> Request 0
282
(2, 2, 1)
1
(11, 23)
-> Request 1
473
(2, 2, 2)
3
(52, 30)
-> Request 2
614
(1, 1, 2)
3
(51, 34)
--> Day : 1
-> Request 0
1037
(1, 1, 2)
2
(62, 46)
--> Day : 2
-> Request 0
149
(4, 2, 2)
1
(48, 42)
-> Request 1
481
(4, 3, 1)
3
(10, 20)
-> Request 2
1431
(1, 3, 1)
1
(44, 33)
--> Day : 3
-> Request 0
530
(2, 3, 1)
3
(59, 44)
-> Request 1
656
(3, 2, 1)
3
(61, 36)
-> Request 2
849
(1, 3, 2)
2
(16, 25)
-> Request 3
1279
(1, 1, 2)
3
(44, 45)
-> Request 4
1343
(1, 2, 2)
1
(59, 35)
--> Day : 4
-> Request 0
89
(2, 2, 2)
2
(51, 35)
-> Request 1
1337
(1, 2, 2)
2
(58, 71)
---> Week : 45
--> Day : 0
-> Request 0
369
(2, 1, 1)
2
(62, 36)
-> Request 1
1006
(2, 1, 1)
2
(50, 36)
-> Request 2
1073
(1, 3, 2)
3
(66, 74)
-> Request 3
1291
(3, 1, 1)
2
(10, 22)
-> Request 4
1359
(3, 2, 1)
1
(50, 33)
--> Day : 1
-> Request 0
99
(4, 1, 2)
1
(58, 30)
-> Request 1
303
(2, 2, 1)
3
(43, 28)
-> Request 2
376
(2, 3, 1)
3
(58, 30)
-> Request 3
396
(4, 2, 2)
2
(50, 31)
-> Request 4
617
(3, 3, 1)
2
(61, 41)
-> Request 5
655
(1, 1, 1)
3
(59, 29)
-> Request 6
773
(1, 2, 2)
2
(62, 77)
-> Request 7
979
(1, 2, 1)
3
(13, 25)
-> Request 8
1158
(2, 2, 2)
2
(64, 67)
--> Day : 2
-> Request 0
196
(3, 1, 1)
2
(54, 40)
-> Request 1
252
(4, 1, 2)
2
(43, 27)
-> Request 2
367
(1, 1, 1)
1
(59, 33)
-> Request 3
420
(1, 2, 1)
2
(59, 31)
-> Request 4
473
(2, 2, 1)
3
(53, 70)
-> Request 5
544
(3, 2, 1)
1
(53, 35)
-> Request 6
738
(4, 1, 1)
3
(49, 40)
-> Request 7
805
(4, 2, 2)
1
(64, 68)
-> Request 8
1268
(2, 1, 2)
1
(58, 33)
-> Request 9
1271
(1, 2, 2)
2
(60, 43)
-> Request 10
1278
(2, 1, 1)
3
(60, 74)
--> Day : 3
-> Request 0
560
(1, 2, 1)
2
(54, 66)
-> Request 1
1296
(1, 1, 1)
1
(49, 36)
-> Request 2
1307
(1, 2, 1)
3
(66, 66)
-> Request 3
1329
(1, 3, 2)
3
(48, 29)
--> Day : 4
-> Request 0
111
(4, 2, 1)
3
(60, 32)
-> Request 1
175
(2, 2, 2)
2
(55, 29)
-> Request 2
200
(1, 2, 1)
2
(57, 39)
-> Request 3
204
(2, 1, 2)
1
(62, 78)
-> Request 4
223
(1, 1, 2)
2
(59, 31)
-> Request 5
252
(1, 3, 2)
1
(48, 33)
-> Request 6
1259
(4, 3, 1)
3
(52, 38)
---> Week : 46
--> Day : 0
-> Request 0
83
(4, 3, 1)
1
(54, 64)
-> Request 1
157
(1, 1, 1)
1
(45, 46)
-> Request 2
345
(1, 2, 1)
1
(17, 21)
-> Request 3
555
(3, 3, 1)
3
(58, 69)
-> Request 4
801
(3, 1, 2)
3
(54, 35)
-> Request 5
961
(2, 2, 1)
2
(53, 28)
-> Request 6
1131
(2, 3, 1)
2
(58, 71)
-> Request 7
1317
(1, 2, 2)
3
(61, 39)
--> Day : 1
-> Request 0
11
(2, 2, 1)
3
(59, 73)
-> Request 1
285
(2, 1, 2)
3
(61, 46)
-> Request 2
394
(3, 3, 2)
2
(54, 70)
-> Request 3
517
(1, 3, 1)
2
(61, 37)
-> Request 4
779
(4, 3, 1)
3
(49, 27)
-> Request 5
947
(3, 2, 1)
2
(61, 45)
-> Request 6
1187
(1, 1, 2)
2
(54, 45)
--> Day : 2
-> Request 0
59
(2, 2, 1)
3
(56, 27)
-> Request 1
388
(2, 1, 2)
1
(45, 38)
-> Request 2
455
(4, 2, 2)
3
(63, 75)
-> Request 3
818
(1, 3, 2)
1
(60, 36)
-> Request 4
964
(2, 2, 1)
1
(52, 46)
-> Request 5
993
(3, 2, 2)
1
(60, 33)
-> Request 6
1213
(3, 3, 1)
3
(43, 35)
--> Day : 3
-> Request 0
300
(1, 2, 2)
1
(57, 67)
-> Request 1
328
(4, 2, 2)
3
(15, 22)
-> Request 2
631
(2, 3, 2)
1
(46, 27)
-> Request 3
913
(1, 1, 2)
3
(52, 39)
-> Request 4
1246
(4, 2, 1)
1
(58, 31)
-> Request 5
1259
(3, 2, 1)
1
(46, 30)
-> Request 6
1327
(1, 2, 2)
2
(54, 65)
-> Request 7
1394
(4, 1, 1)
3
(57, 78)
--> Day : 4
-> Request 0
72
(2, 2, 2)
2
(52, 33)
-> Request 1
314
(3, 2, 1)
2
(57, 41)
-> Request 2
321
(4, 2, 2)
2
(56, 74)
-> Request 3
404
(2, 2, 2)
2
(49, 38)
-> Request 4
579
(1, 1, 1)
2
(16, 24)
-> Request 5
629
(2, 2, 2)
2
(44, 28)
-> Request 6
1014
(2, 1, 2)
3
(63, 72)
-> Request 7
1028
(3, 3, 2)
2
(10, 25)
-> Request 8
1069
(4, 3, 2)
2
(45, 29)
-> Request 9
1138
(4, 1, 1)
1
(55, 39)
-> Request 10
1190
(2, 2, 1)
2
(58, 76)
-> Request 11
1287
(4, 1, 1)
2
(51, 32)
-> Request 12
1322
(3, 3, 1)
2
(54, 28)
-> Request 13
1383
(2, 3, 2)
1
(58, 65)
---> Week : 47
--> Day : 0
-> Request 0
86
(3, 1, 2)
1
(43, 37)
-> Request 1
313
(3, 3, 2)
3
(15, 26)
-> Request 2
407
(3, 3, 1)
2
(60, 69)
-> Request 3
605
(2, 2, 2)
2
(13, 22)
-> Request 4
970
(2, 3, 2)
3
(50, 39)
-> Request 5
1141
(3, 3, 1)
1
(16, 20)
-> Request 6
1244
(4, 3, 1)
3
(62, 43)
--> Day : 1
-> Request 0
204
(1, 1, 2)
3
(51, 43)
-> Request 1
222
(4, 2, 2)
1
(52, 43)
-> Request 2
422
(1, 1, 1)
3
(53, 72)
-> Request 3
903
(2, 2, 1)
1
(48, 36)
-> Request 4
1096
(4, 3, 1)
1
(49, 36)
--> Day : 2
-> Request 0
344
(4, 1, 2)
1
(62, 70)
-> Request 1
711
(2, 1, 2)
1
(57, 44)
-> Request 2
1084
(2, 2, 1)
3
(52, 41)
-> Request 3
1104
(2, 3, 2)
1
(48, 32)
-> Request 4
1212
(4, 1, 1)
2
(51, 36)
-> Request 5
1264
(1, 3, 1)
2
(52, 45)
--> Day : 3
-> Request 0
145
(4, 2, 2)
3
(57, 34)
-> Request 1
245
(2, 1, 2)
2
(63, 64)
-> Request 2
1255
(2, 2, 2)
1
(59, 44)
--> Day : 4
-> Request 0
18
(1, 2, 2)
1
(50, 43)
-> Request 1
74
(3, 1, 1)
1
(52, 44)
-> Request 2
272
(4, 1, 1)
2
(45, 43)
-> Request 3
287
(1, 2, 1)
2
(65, 65)
-> Request 4
674
(4, 1, 1)
2
(59, 38)
-> Request 5
1264
(2, 2, 1)
3
(43, 30)
-> Request 6
1335
(1, 2, 1)
1
(56, 72)
---> Week : 48
--> Day : 0
-> Request 0
61
(4, 3, 2)
1
(13, 20)
-> Request 1
427
(1, 1, 2)
3
(17, 25)
-> Request 2
549
(4, 3, 2)
1
(47, 42)
-> Request 3
729
(2, 1, 1)
2
(10, 20)
-> Request 4
1432
(2, 3, 1)
2
(9, 24)
--> Day : 1
-> Request 0
260
(3, 3, 1)
1
(54, 38)
-> Request 1
596
(4, 1, 2)
1
(50, 44)
-> Request 2
864
(1, 1, 1)
1
(45, 35)
-> Request 3
999
(2, 3, 2)
1
(13, 21)
-> Request 4
1154
(2, 1, 1)
3
(62, 39)
--> Day : 2
-> Request 0
10
(4, 2, 2)
1
(51, 29)
-> Request 1
140
(1, 1, 1)
2
(50, 39)
-> Request 2
504
(3, 1, 2)
2
(47, 39)
-> Request 3
673
(3, 3, 1)
3
(54, 44)
-> Request 4
1226
(2, 1, 1)
3
(63, 69)
-> Request 5
1424
(1, 3, 1)
3
(43, 42)
--> Day : 3
-> Request 0
26
(3, 1, 2)
2
(63, 76)
-> Request 1
86
(2, 2, 1)
3
(64, 78)
-> Request 2
352
(1, 3, 2)
2
(8, 24)
-> Request 3
523
(2, 2, 1)
1
(53, 76)
-> Request 4
648
(4, 3, 2)
3
(47, 27)
-> Request 5
660
(3, 1, 2)
1
(59, 35)
-> Request 6
788
(1, 1, 1)
3
(65, 71)
-> Request 7
974
(1, 3, 1)
3
(53, 30)
-> Request 8
1040
(4, 2, 1)
2
(45, 46)
-> Request 9
1297
(4, 1, 2)
2
(54, 35)
--> Day : 4
-> Request 0
330
(4, 2, 1)
3
(59, 35)
-> Request 1
504
(4, 3, 1)
1
(56, 70)
-> Request 2
505
(2, 3, 1)
2
(10, 21)
-> Request 3
831
(4, 3, 2)
3
(57, 27)
-> Request 4
1162
(4, 2, 2)
3
(61, 28)
-> Request 5
1187
(2, 1, 1)
3
(62, 36)
---> Week : 49
--> Day : 0
-> Request 0
120
(3, 2, 2)
1
(53, 73)
-> Request 1
387
(2, 1, 1)
2
(10, 25)
-> Request 2
966
(4, 3, 2)
3
(59, 33)
--> Day : 1
-> Request 0
8
(1, 3, 1)
2
(61, 76)
-> Request 1
198
(1, 2, 1)
2
(50, 37)
-> Request 2
289
(3, 1, 2)
3
(66, 72)
-> Request 3
529
(3, 1, 1)
3
(54, 69)
-> Request 4
647
(1, 3, 2)
3
(66, 65)
--> Day : 2
-> Request 0
124
(4, 2, 1)
2
(8, 21)
-> Request 1
192
(1, 2, 2)
1
(15, 22)
-> Request 2
945
(3, 2, 1)
3
(61, 74)
-> Request 3
1243
(3, 2, 1)
3
(61, 27)
-> Request 4
1435
(2, 3, 2)
2
(55, 33)
--> Day : 3
-> Request 0
86
(4, 2, 2)
1
(54, 28)
-> Request 1
493
(3, 2, 2)
2
(55, 46)
-> Request 2
603
(3, 1, 1)
2
(59, 42)
-> Request 3
859
(3, 1, 1)
1
(52, 31)
-> Request 4
896
(3, 3, 1)
1
(66, 73)
-> Request 5
912
(4, 2, 1)
2
(48, 37)
--> Day : 4
-> Request 0
308
(4, 1, 1)
3
(52, 40)
-> Request 1
493
(2, 3, 1)
3
(60, 34)
-> Request 2
623
(2, 3, 1)
2
(51, 34)
-> Request 3
1127
(4, 1, 2)
1
(61, 67)
---> Week : 50
--> Day : 0
-> Request 0
34
(3, 1, 2)
2
(10, 29)
-> Request 1
255
(4, 2, 2)
1
(9, 28)
-> Request 2
526
(3, 1, 1)
3
(63, 69)
-> Request 3
686
(3, 3, 2)
2
(44, 34)
-> Request 4
690
(3, 1, 2)
3
(54, 78)
-> Request 5
893
(4, 1, 1)
1
(59, 40)
-> Request 6
1382
(4, 3, 2)
3
(11, 26)
--> Day : 1
-> Request 0
88
(4, 1, 2)
1
(53, 66)
-> Request 1
209
(3, 1, 2)
3
(46, 40)
-> Request 2
245
(3, 1, 2)
2
(59, 29)
-> Request 3
487
(1, 3, 1)
2
(56, 70)
-> Request 4
544
(2, 1, 1)
3
(10, 22)
-> Request 5
632
(1, 3, 2)
1
(52, 40)
-> Request 6
853
(4, 3, 2)
2
(61, 67)
-> Request 7
931
(3, 1, 1)
1
(44, 38)
-> Request 8
1322
(1, 3, 1)
2
(11, 28)
--> Day : 2
-> Request 0
1
(2, 2, 2)
3
(54, 41)
-> Request 1
35
(1, 2, 1)
3
(66, 78)
-> Request 2
593
(1, 1, 1)
2
(17, 28)
-> Request 3
666
(3, 1, 2)
2
(55, 29)
-> Request 4
1112
(4, 3, 2)
2
(62, 42)
-> Request 5
1326
(4, 1, 2)
2
(62, 29)
-> Request 6
1396
(1, 3, 2)
3
(66, 64)
--> Day : 3
-> Request 0
259
(1, 2, 2)
1
(12, 24)
-> Request 1
372
(3, 3, 2)
1
(61, 70)
-> Request 2
1013
(1, 1, 2)
3
(61, 71)
-> Request 3
1037
(2, 3, 1)
2
(15, 25)
-> Request 4
1231
(1, 2, 1)
3
(56, 34)
-> Request 5
1256
(1, 3, 1)
1
(62, 39)
-> Request 6
1290
(2, 1, 1)
1
(62, 75)
--> Day : 4
-> Request 0
402
(3, 1, 1)
3
(52, 38)
-> Request 1
787
(4, 2, 1)
3
(55, 40)
-> Request 2
868
(3, 1, 1)
2
(49, 39)
-> Request 3
1282
(4, 2, 2)
1
(66, 68)
---> Week : 51
--> Day : 0
-> Request 0
322
(4, 1, 1)
3
(45, 34)
-> Request 1
383
(4, 1, 2)
3
(56, 39)
-> Request 2
1227
(4, 2, 2)
2
(61, 67)
--> Day : 1
-> Request 0
531
(4, 3, 2)
3
(54, 72)
-> Request 1
563
(1, 2, 2)
1
(58, 73)
--> Day : 2
-> Request 0
393
(3, 2, 1)
1
(62, 70)
-> Request 1
602
(2, 3, 2)
2
(66, 67)
-> Request 2
696
(2, 3, 1)
2
(16, 29)
-> Request 3
910
(2, 2, 1)
2
(54, 69)
-> Request 4
1257
(1, 3, 2)
1
(62, 28)
--> Day : 3
-> Request 0
179
(4, 3, 2)
2
(52, 43)
-> Request 1
301
(4, 2, 2)
3
(16, 21)
-> Request 2
725
(4, 2, 2)
1
(65, 64)
-> Request 3
806
(1, 3, 2)
2
(57, 46)
-> Request 4
1198
(3, 3, 2)
3
(58, 40)
-> Request 5
1230
(4, 1, 2)
3
(14, 23)
--> Day : 4
-> Request 0
5
(2, 3, 2)
2
(55, 38)
-> Request 1
41
(2, 1, 2)
1
(53, 45)
-> Request 2
52
(3, 1, 1)
3
(45, 40)
-> Request 3
1347
(4, 1, 1)
2
(57, 66)
---> Week : 52
--> Day : 0
-> Request 0
214
(2, 1, 1)
3
(8, 29)
-> Request 1
464
(1, 2, 1)
1
(47, 39)
-> Request 2
802
(4, 1, 1)
1
(43, 28)
-> Request 3
1379
(4, 1, 2)
3
(58, 65)
--> Day : 1
-> Request 0
376
(1, 1, 1)
2
(55, 41)
-> Request 1
1066
(4, 3, 2)
1
(51, 43)
-> Request 2
1214
(3, 2, 1)
1
(63, 65)
-> Request 3
1395
(2, 3, 2)
2
(51, 34)
--> Day : 2
-> Request 0
287
(1, 1, 2)
3
(53, 68)
-> Request 1
639
(3, 3, 2)
2
(43, 40)
-> Request 2
811
(2, 3, 1)
1
(65, 67)
-> Request 3
993
(3, 2, 1)
1
(61, 68)
-> Request 4
1002
(4, 1, 2)
3
(58, 77)
--> Day : 3
-> Request 0
140
(3, 1, 1)
1
(62, 75)
-> Request 1
164
(2, 3, 1)
2
(12, 26)
-> Request 2
212
(2, 3, 1)
2
(65, 78)
-> Request 3
234
(2, 2, 1)
3
(50, 35)
-> Request 4
523
(1, 2, 1)
1
(66, 70)
-> Request 5
602
(4, 3, 2)
2
(17, 29)
-> Request 6
745
(2, 1, 2)
2
(55, 32)
-> Request 7
911
(4, 1, 1)
3
(15, 22)
-> Request 8
944
(4, 3, 1)
3
(50, 40)
-> Request 9
1157
(2, 3, 2)
1
(49, 31)
--> Day : 4
-> Request 0
214
(2, 1, 2)
1
(54, 66)
-> Request 1
240
(4, 2, 1)
2
(55, 44)
-> Request 2
643
(4, 3, 2)
3
(59, 33)
-> Request 3
1012
(4, 1, 1)
2
(43, 34)
-> Request 4
1089
(3, 1, 2)
1
(52, 69)
---> Week : 53
--> Day : 0
-> Request 0
615
(3, 2, 2)
1
(60, 37)
-> Request 1
700
(4, 2, 1)
2
(14, 29)
-> Request 2
952
(1, 2, 1)
2
(65, 72)
-> Request 3
1401
(1, 3, 1)
1
(55, 43)
--> Day : 1
-> Request 0
153
(2, 3, 2)
1
(49, 30)
-> Request 1
577
(3, 3, 2)
3
(57, 65)
-> Request 2
1154
(3, 1, 1)
3
(45, 34)
-> Request 3
1179
(4, 1, 1)
1
(54, 78)
--> Day : 2
-> Request 0
38
(1, 2, 1)
2
(56, 64)
-> Request 1
329
(3, 1, 2)
3
(52, 78)
-> Request 2
1289
(3, 3, 2)
3
(14, 29)
-> Request 3
1420
(1, 2, 2)
2
(62, 42)
--> Day : 3
-> Request 0
388
(2, 1, 2)
1
(60, 78)
-> Request 1
922
(2, 3, 1)
1
(63, 65)
-> Request 2
1284
(1, 1, 2)
3
(15, 28)
-> Request 3
1343
(1, 1, 1)
3
(57, 74)
--> Day : 4
-> Request 0
335
(4, 1, 2)
3
(17, 23)
-> Request 1
385
(4, 2, 1)
1
(53, 67)
-> Request 2
389
(1, 1, 1)
3
(10, 20)
-> Request 3
413
(2, 2, 2)
1
(66, 77)
-> Request 4
541
(2, 3, 1)
2
(57, 30)
-> Request 5
573
(3, 2, 2)
3
(54, 43)
-> Request 6
606
(4, 1, 2)
1
(61, 40)
-> Request 7
715
(1, 1, 1)
2
(47, 34)
-> Request 8
822
(4, 2, 1)
3
(10, 26)
-> Request 9
977
(1, 2, 2)
3
(60, 43)
-> Request 10
1105
(3, 1, 2)
2
(56, 45)
-> Request 11
1427
(3, 1, 2)
3
(62, 74)
---> Week : 54
--> Day : 0
-> Request 0
307
(4, 3, 1)
1
(9, 21)
-> Request 1
690
(4, 3, 2)
1
(60, 77)
-> Request 2
1328
(4, 3, 2)
3
(66, 73)
-> Request 3
1382
(1, 3, 1)
3
(62, 34)
--> Day : 1
-> Request 0
69
(4, 3, 2)
1
(56, 44)
-> Request 1
112
(3, 3, 1)
2
(46, 45)
-> Request 2
155
(1, 3, 2)
2
(54, 71)
-> Request 3
225
(3, 1, 2)
2
(61, 72)
-> Request 4
559
(2, 1, 1)
3
(48, 42)
-> Request 5
932
(3, 3, 2)
3
(48, 28)
-> Request 6
1247
(3, 3, 2)
3
(49, 36)
--> Day : 2
-> Request 0
146
(4, 1, 2)
2
(61, 76)
-> Request 1
556
(4, 2, 1)
2
(55, 45)
-> Request 2
906
(3, 3, 1)
1
(60, 33)
-> Request 3
1004
(3, 2, 2)
3
(58, 35)
-> Request 4
1008
(4, 2, 2)
3
(57, 30)
-> Request 5
1353
(2, 1, 1)
3
(51, 34)
--> Day : 3
-> Request 0
47
(1, 1, 2)
3
(49, 38)
-> Request 1
82
(3, 1, 1)
3
(52, 36)
-> Request 2
773
(1, 3, 2)
3
(53, 42)
-> Request 3
852
(1, 3, 1)
1
(16, 29)
-> Request 4
854
(2, 3, 2)
3
(43, 34)
-> Request 5
855
(2, 2, 1)
2
(53, 33)
-> Request 6
1206
(2, 3, 1)
1
(58, 70)
--> Day : 4
-> Request 0
15
(2, 2, 1)
1
(17, 24)
-> Request 1
120
(3, 3, 1)
1
(57, 40)
-> Request 2
326
(2, 2, 1)
1
(56, 37)
-> Request 3
483
(3, 1, 2)
2
(59, 30)
-> Request 4
654
(2, 3, 1)
2
(50, 34)
-> Request 5
1280
(2, 3, 1)
2
(57, 36)
-> Request 6
1289
(4, 1, 1)
3
(61, 28)
---> Week : 55
--> Day : 0
-> Request 0
6
(4, 3, 1)
2
(57, 68)
-> Request 1
835
(1, 3, 1)
3
(65, 72)
-> Request 2
851
(1, 2, 1)
3
(17, 29)
-> Request 3
868
(2, 2, 1)
3
(63, 67)
-> Request 4
957
(4, 1, 2)
3
(11, 29)
-> Request 5
1291
(3, 3, 2)
3
(65, 68)
--> Day : 1
-> Request 0
115
(3, 1, 1)
2
(54, 32)
-> Request 1
182
(4, 3, 2)
1
(57, 72)
-> Request 2
218
(1, 3, 1)
1
(43, 27)
-> Request 3
959
(2, 3, 1)
2
(53, 64)
-> Request 4
1107
(3, 1, 2)
3
(15, 25)
-> Request 5
1114
(4, 3, 2)
3
(55, 72)
-> Request 6
1284
(2, 1, 1)
2
(58, 76)
-> Request 7
1381
(3, 1, 1)
1
(56, 64)
--> Day : 2
-> Request 0
17
(1, 3, 2)
1
(65, 71)
-> Request 1
277
(1, 1, 2)
3
(16, 20)
-> Request 2
478
(2, 3, 2)
3
(62, 30)
-> Request 3
515
(1, 1, 2)
1
(52, 45)
-> Request 4
554
(3, 1, 2)
1
(49, 43)
-> Request 5
580
(3, 1, 1)
1
(48, 46)
-> Request 6
651
(3, 2, 1)
2
(62, 27)
-> Request 7
784
(4, 1, 2)
1
(50, 46)
-> Request 8
877
(2, 3, 2)
1
(53, 68)
-> Request 9
1063
(3, 1, 2)
1
(58, 28)
-> Request 10
1336
(1, 1, 2)
2
(59, 66)
--> Day : 3
-> Request 0
70
(4, 3, 1)
3
(61, 43)
-> Request 1
358
(4, 1, 1)
3
(9, 25)
-> Request 2
807
(4, 1, 2)
2
(8, 29)
-> Request 3
845
(1, 1, 1)
1
(43, 46)
-> Request 4
883
(3, 2, 1)
2
(48, 29)
-> Request 5
989
(1, 3, 2)
3
(60, 27)
-> Request 6
1149
(4, 1, 2)
1
(50, 29)
-> Request 7
1287
(1, 3, 1)
2
(61, 67)
--> Day : 4
-> Request 0
307
(2, 2, 1)
2
(49, 35)
-> Request 1
694
(1, 2, 2)
1
(61, 31)
-> Request 2
701
(3, 2, 1)
1
(62, 34)
-> Request 3
777
(4, 3, 2)
2
(65, 70)
-> Request 4
1301
(1, 3, 2)
1
(58, 27)
---> Week : 56
--> Day : 0
-> Request 0
72
(4, 1, 2)
3
(16, 26)
-> Request 1
273
(3, 3, 2)
1
(59, 34)
-> Request 2
326
(1, 3, 2)
2
(44, 27)
-> Request 3
337
(2, 3, 1)
3
(60, 64)
-> Request 4
732
(1, 1, 1)
1
(52, 40)
-> Request 5
853
(4, 3, 1)
2
(55, 67)
-> Request 6
921
(4, 3, 2)
3
(66, 66)
-> Request 7
1094
(2, 3, 1)
2
(61, 73)
--> Day : 1
-> Request 0
517
(4, 2, 1)
2
(51, 46)
-> Request 1
666
(2, 2, 1)
2
(16, 25)
-> Request 2
697
(2, 3, 1)
1
(60, 35)
-> Request 3
765
(1, 3, 2)
3
(55, 66)
-> Request 4
1170
(2, 1, 2)
3
(8, 24)
-> Request 5
1279
(1, 3, 1)
3
(59, 30)
-> Request 6
1332
(1, 2, 2)
3
(49, 36)
--> Day : 2
-> Request 0
596
(3, 3, 1)
1
(44, 44)
-> Request 1
666
(2, 1, 2)
1
(53, 36)
-> Request 2
694
(4, 1, 1)
1
(61, 28)
-> Request 3
925
(2, 2, 1)
1
(66, 77)
-> Request 4
981
(1, 1, 1)
1
(60, 65)
--> Day : 3
-> Request 0
196
(2, 1, 1)
2
(49, 36)
-> Request 1
351
(1, 3, 1)
3
(66, 69)
-> Request 2
534
(3, 1, 1)
1
(65, 75)
-> Request 3
629
(2, 3, 1)
3
(58, 67)
-> Request 4
1010
(1, 1, 2)
1
(55, 38)
-> Request 5
1032
(2, 3, 1)
2
(55, 45)
-> Request 6
1249
(1, 1, 2)
2
(65, 64)
--> Day : 4
-> Request 0
47
(3, 2, 1)
2
(63, 74)
-> Request 1
81
(2, 1, 1)
3
(56, 28)
-> Request 2
147
(3, 2, 1)
1
(58, 28)
-> Request 3
478
(4, 1, 1)
3
(13, 29)
-> Request 4
931
(2, 3, 2)
1
(50, 42)
-> Request 5
1097
(2, 2, 2)
3
(51, 46)
-> Request 6
1256
(1, 1, 2)
1
(10, 25)
-> Request 7
1387
(2, 2, 1)
2
(17, 22)
---> Week : 57
--> Day : 0
-> Request 0
534
(2, 3, 1)
1
(45, 40)
-> Request 1
997
(3, 1, 1)
1
(64, 73)
-> Request 2
1270
(2, 3, 2)
1
(62, 65)
--> Day : 1
-> Request 0
154
(3, 1, 2)
3
(58, 28)
-> Request 1
169
(1, 2, 1)
3
(56, 33)
-> Request 2
335
(3, 2, 1)
2
(57, 77)
--> Day : 2
-> Request 0
91
(2, 3, 1)
1
(52, 35)
-> Request 1
249
(4, 3, 1)
2
(61, 27)
-> Request 2
351
(3, 3, 1)
1
(52, 77)
-> Request 3
487
(4, 2, 1)
2
(47, 43)
-> Request 4
712
(4, 1, 1)
2
(43, 30)
-> Request 5
1048
(1, 2, 1)
1
(47, 35)
-> Request 6
1093
(3, 1, 2)
3
(48, 32)
-> Request 7
1180
(1, 1, 2)
2
(55, 78)
-> Request 8
1404
(2, 3, 1)
1
(16, 22)
--> Day : 3
-> Request 0
645
(4, 1, 2)
1
(48, 30)
-> Request 1
1085
(3, 3, 1)
2
(17, 29)
-> Request 2
1092
(3, 1, 2)
3
(53, 27)
-> Request 3
1171
(2, 2, 1)
1
(46, 46)
-> Request 4
1295
(4, 3, 2)
3
(43, 34)
-> Request 5
1315
(3, 1, 1)
3
(57, 35)
--> Day : 4
-> Request 0
205
(4, 2, 2)
3
(55, 39)
-> Request 1
300
(1, 3, 1)
3
(58, 41)
-> Request 2
1274
(3, 1, 1)
2
(58, 78)
-> Request 3
1398
(3, 2, 1)
2
(59, 65)
---> Week : 58
--> Day : 0
-> Request 0
167
(4, 3, 2)
3
(44, 42)
-> Request 1
353
(2, 1, 2)
1
(61, 72)
-> Request 2
486
(2, 3, 2)
3
(65, 65)
-> Request 3
637
(4, 2, 1)
2
(56, 65)
-> Request 4
800
(3, 3, 1)
3
(59, 37)
-> Request 5
857
(3, 1, 1)
1
(43, 27)
-> Request 6
920
(1, 3, 1)
2
(46, 42)
-> Request 7
1019
(3, 3, 1)
3
(14, 22)
-> Request 8
1051
(4, 3, 2)
3
(62, 38)
-> Request 9
1080
(1, 1, 1)
2
(59, 42)
-> Request 10
1114
(4, 2, 2)
2
(53, 37)
-> Request 11
1269
(3, 3, 2)
2
(65, 74)
-> Request 12
1411
(4, 3, 2)
3
(61, 65)
--> Day : 1
-> Request 0
73
(3, 2, 1)
3
(54, 76)
-> Request 1
122
(2, 2, 1)
3
(17, 23)
-> Request 2
145
(2, 3, 2)
3
(55, 68)
-> Request 3
415
(1, 3, 2)
2
(60, 64)
-> Request 4
506
(3, 2, 1)
2
(55, 77)
-> Request 5
708
(4, 3, 1)
2
(10, 23)
-> Request 6
828
(1, 3, 2)
3
(47, 37)
-> Request 7
874
(2, 1, 2)
2
(64, 71)
-> Request 8
1325
(4, 3, 1)
2
(61, 35)
-> Request 9
1406
(3, 1, 1)
2
(63, 77)
--> Day : 2
-> Request 0
495
(4, 3, 1)
1
(60, 67)
-> Request 1
552
(2, 2, 2)
2
(51, 36)
-> Request 2
607
(4, 1, 1)
1
(59, 46)
-> Request 3
676
(1, 2, 1)
3
(57, 43)
-> Request 4
698
(1, 2, 2)
3
(53, 39)
-> Request 5
790
(3, 2, 2)
2
(62, 72)
-> Request 6
946
(2, 1, 1)
2
(8, 26)
--> Day : 3
-> Request 0
286
(1, 1, 1)
2
(55, 40)
-> Request 1
334
(1, 2, 1)
1
(60, 36)
-> Request 2
348
(3, 3, 1)
2
(55, 73)
-> Request 3
375
(2, 2, 2)
2
(54, 40)
-> Request 4
586
(2, 3, 2)
3
(57, 70)
-> Request 5
900
(1, 2, 1)
2
(60, 71)
-> Request 6
1239
(4, 3, 1)
1
(43, 38)
-> Request 7
1367
(4, 3, 2)
2
(48, 43)
--> Day : 4
-> Request 0
30
(2, 3, 2)
3
(43, 45)
-> Request 1
100
(1, 1, 2)
2
(53, 33)
-> Request 2
519
(4, 1, 2)
1
(55, 46)
---> Week : 59
--> Day : 0
-> Request 0
319
(3, 3, 2)
3
(61, 66)
-> Request 1
374
(4, 2, 2)
2
(11, 20)
-> Request 2
533
(4, 2, 2)
1
(54, 46)
-> Request 3
716
(2, 2, 1)
3
(10, 26)
-> Request 4
866
(4, 2, 1)
1
(45, 33)
-> Request 5
1200
(4, 3, 1)
1
(10, 23)
-> Request 6
1404
(3, 2, 2)
2
(57, 30)
--> Day : 1
-> Request 0
180
(3, 1, 1)
2
(48, 41)
-> Request 1
923
(4, 1, 2)
3
(46, 36)
-> Request 2
1037
(3, 2, 1)
1
(54, 67)
--> Day : 2
-> Request 0
101
(4, 1, 1)
3
(52, 74)
-> Request 1
787
(4, 2, 1)
3
(54, 65)
-> Request 2
927
(4, 1, 1)
1
(53, 27)
-> Request 3
1054
(2, 2, 1)
3
(62, 77)
-> Request 4
1160
(4, 1, 2)
3
(66, 76)
--> Day : 3
-> Request 0
499
(2, 3, 1)
3
(47, 37)
-> Request 1
521
(4, 1, 1)
3
(50, 29)
-> Request 2
671
(4, 2, 1)
1
(62, 38)
-> Request 3
781
(1, 2, 2)
3
(59, 72)
-> Request 4
810
(1, 3, 1)
3
(57, 78)
-> Request 5
1258
(1, 1, 1)
2
(52, 72)
-> Request 6
1278
(3, 3, 2)
2
(57, 42)
-> Request 7
1389
(4, 2, 2)
1
(55, 39)
--> Day : 4
-> Request 0
38
(2, 3, 2)
2
(47, 38)
-> Request 1
113
(2, 2, 2)
3
(46, 30)
-> Request 2
824
(4, 3, 1)
2
(57, 75)
-> Request 3
1151
(3, 3, 1)
2
(44, 34)
-> Request 4
1198
(1, 3, 1)
3
(46, 29)
-> Request 5
1225
(3, 1, 1)
2
(64, 72)
-> Request 6
1315
(1, 1, 1)
3
(12, 20)
---> Week : 60
--> Day : 0
-> Request 0
109
(2, 2, 2)
2
(55, 73)
-> Request 1
145
(1, 2, 2)
3
(56, 38)
-> Request 2
273
(3, 1, 2)
1
(54, 70)
-> Request 3
287
(2, 1, 2)
2
(11, 28)
-> Request 4
295
(4, 1, 1)
1
(53, 39)
-> Request 5
501
(2, 2, 2)
2
(55, 34)
-> Request 6
670
(1, 3, 2)
2
(53, 65)
-> Request 7
750
(2, 3, 1)
1
(11, 29)
-> Request 8
759
(1, 2, 2)
1
(43, 40)
-> Request 9
812
(3, 3, 2)
3
(43, 37)
-> Request 10
987
(1, 1, 2)
2
(54, 31)
--> Day : 1
-> Request 0
64
(3, 1, 1)
3
(48, 32)
-> Request 1
146
(3, 1, 2)
3
(59, 31)
-> Request 2
157
(3, 3, 1)
1
(45, 36)
-> Request 3
207
(2, 2, 1)
3
(47, 45)
-> Request 4
323
(3, 1, 2)
1
(52, 37)
-> Request 5
624
(3, 1, 2)
3
(17, 25)
-> Request 6
655
(1, 3, 2)
1
(63, 74)
-> Request 7
1248
(3, 1, 2)
3
(13, 26)
-> Request 8
1403
(3, 2, 1)
3
(57, 30)
--> Day : 2
-> Request 0
90
(1, 2, 1)
1
(52, 70)
-> Request 1
868
(1, 1, 1)
2
(60, 77)
-> Request 2
1030
(2, 1, 1)
3
(60, 42)
-> Request 3
1160
(4, 1, 2)
2
(55, 34)
-> Request 4
1369
(2, 3, 2)
3
(45, 46)
--> Day : 3
-> Request 0
74
(1, 3, 1)
2
(60, 41)
-> Request 1
863
(3, 3, 2)
1
(11, 20)
-> Request 2
904
(3, 1, 1)
2
(53, 33)
-> Request 3
934
(1, 2, 2)
3
(54, 34)
-> Request 4
1129
(1, 3, 1)
1
(8, 21)
-> Request 5
1260
(1, 1, 2)
3
(66, 75)
--> Day : 4
-> Request 0
225
(2, 2, 2)
1
(55, 39)
-> Request 1
315
(2, 3, 2)
2
(51, 30)
-> Request 2
358
(4, 1, 1)
2
(60, 28)
-> Request 3
395
(2, 3, 2)
2
(46, 41)
-> Request 4
739
(1, 1, 1)
3
(12, 22)
-> Request 5
1114
(3, 1, 2)
1
(57, 66)
-> Request 6
1139
(2, 2, 1)
2
(54, 65)
---> Week : 61
--> Day : 0
-> Request 0
194
(1, 3, 1)
1
(56, 46)
-> Request 1
369
(2, 3, 2)
1
(13, 23)
-> Request 2
453
(3, 3, 1)
3
(43, 43)
-> Request 3
730
(3, 3, 2)
1
(45, 43)
-> Request 4
933
(3, 1, 1)
1
(63, 70)
-> Request 5
935
(1, 3, 1)
3
(15, 21)
-> Request 6
973
(3, 3, 2)
3
(58, 30)
-> Request 7
1012
(2, 2, 1)
3
(53, 37)
-> Request 8
1142
(3, 3, 1)
2
(48, 30)
-> Request 9
1295
(3, 3, 1)
3
(59, 71)
--> Day : 1
-> Request 0
288
(1, 2, 2)
2
(62, 46)
-> Request 1
648
(4, 2, 2)
2
(52, 66)
--> Day : 2
-> Request 0
143
(1, 3, 1)
3
(66, 68)
-> Request 1
1292
(4, 3, 1)
2
(8, 25)
-> Request 2
1423
(3, 3, 1)
3
(53, 39)
--> Day : 3
-> Request 0
18
(4, 2, 1)
3
(9, 21)
-> Request 1
406
(1, 2, 2)
2
(61, 35)
-> Request 2
548
(4, 3, 2)
3
(51, 32)
-> Request 3
912
(1, 1, 2)
3
(66, 70)
-> Request 4
924
(4, 3, 1)
3
(62, 76)
-> Request 5
974
(4, 2, 1)
3
(57, 77)
-> Request 6
1055
(3, 3, 2)
3
(54, 76)
--> Day : 4
-> Request 0
110
(4, 2, 2)
3
(59, 76)
-> Request 1
171
(1, 2, 1)
1
(50, 31)
-> Request 2
311
(4, 2, 1)
1
(46, 29)
-> Request 3
357
(2, 1, 2)
3
(63, 68)
-> Request 4
411
(4, 3, 2)
1
(49, 33)
-> Request 5
505
(4, 3, 1)
2
(46, 41)
-> Request 6
845
(4, 3, 2)
2
(51, 31)
-> Request 7
1002
(4, 1, 1)
3
(58, 31)
-> Request 8
1103
(4, 3, 2)
1
(44, 38)
-> Request 9
1182
(3, 3, 2)
3
(48, 41)
-> Request 10
1399
(1, 1, 2)
2
(55, 34)
---> Week : 62
--> Day : 0
-> Request 0
68
(1, 2, 1)
1
(49, 46)
-> Request 1
170
(2, 3, 1)
3
(10, 27)
-> Request 2
541
(4, 3, 2)
1
(61, 29)
-> Request 3
729
(4, 3, 2)
2
(46, 34)
-> Request 4
795
(2, 2, 1)
2
(11, 21)
-> Request 5
849
(2, 3, 2)
2
(60, 75)
--> Day : 1
-> Request 0
206
(3, 3, 2)
1
(48, 37)
-> Request 1
607
(2, 1, 1)
2
(63, 72)
-> Request 2
720
(2, 3, 1)
1
(47, 41)
-> Request 3
768
(1, 2, 1)
3
(52, 45)
-> Request 4
1111
(4, 3, 1)
2
(58, 36)
-> Request 5
1173
(4, 2, 1)
2
(12, 26)
-> Request 6
1287
(2, 1, 1)
3
(54, 40)
-> Request 7
1307
(4, 1, 1)
2
(17, 20)
--> Day : 2
-> Request 0
68
(2, 2, 1)
3
(58, 44)
-> Request 1
205
(1, 2, 2)
1
(55, 30)
-> Request 2
577
(2, 2, 2)
1
(59, 27)
-> Request 3
604
(1, 1, 1)
1
(60, 36)
-> Request 4
907
(2, 3, 1)
2
(51, 45)
-> Request 5
931
(3, 1, 1)
2
(12, 22)
-> Request 6
939
(3, 3, 2)
1
(8, 25)
-> Request 7
941
(4, 2, 2)
3
(62, 71)
-> Request 8
1151
(3, 3, 2)
3
(54, 40)
-> Request 9
1257
(3, 2, 1)
1
(54, 70)
--> Day : 3
-> Request 0
228
(3, 1, 1)
2
(61, 43)
-> Request 1
495
(2, 1, 2)
1
(47, 33)
-> Request 2
638
(1, 2, 1)
2
(62, 46)
-> Request 3
707
(3, 3, 2)
2
(58, 42)
-> Request 4
830
(2, 2, 1)
2
(57, 73)
--> Day : 4
-> Request 0
273
(4, 3, 1)
3
(62, 28)
-> Request 1
684
(4, 3, 1)
1
(60, 33)
-> Request 2
976
(3, 2, 2)
3
(43, 42)
-> Request 3
977
(2, 2, 2)
1
(50, 42)
---> Week : 63
--> Day : 0
-> Request 0
56
(1, 3, 2)
2
(10, 23)
-> Request 1
379
(1, 1, 2)
2
(57, 72)
-> Request 2
862
(1, 2, 1)
2
(66, 76)
-> Request 3
877
(3, 2, 1)
1
(55, 30)
-> Request 4
977
(3, 3, 2)
2
(55, 67)
-> Request 5
1189
(3, 1, 2)
3
(63, 66)
-> Request 6
1242
(2, 2, 1)
1
(11, 23)
--> Day : 1
-> Request 0
105
(4, 2, 1)
2
(62, 30)
-> Request 1
153
(1, 1, 1)
2
(58, 33)
-> Request 2
198
(1, 3, 1)
1
(43, 40)
-> Request 3
323
(1, 3, 1)
3
(57, 30)
-> Request 4
774
(4, 3, 1)
1
(54, 76)
--> Day : 2
-> Request 0
245
(3, 2, 1)
3
(63, 76)
-> Request 1
426
(4, 1, 1)
3
(48, 33)
-> Request 2
717
(3, 2, 2)
3
(8, 27)
-> Request 3
822
(4, 2, 2)
3
(61, 38)
-> Request 4
939
(1, 1, 2)
3
(52, 46)
-> Request 5
975
(3, 3, 2)
2
(55, 70)
-> Request 6
1140
(3, 2, 1)
1
(44, 37)
-> Request 7
1240
(4, 1, 2)
2
(52, 32)
-> Request 8
1319
(4, 1, 2)
2
(59, 38)
--> Day : 3
-> Request 0
501
(1, 3, 1)
2
(12, 26)
-> Request 1
617
(2, 3, 2)
2
(55, 65)
-> Request 2
737
(4, 1, 2)
3
(55, 32)
-> Request 3
843
(3, 3, 1)
1
(53, 31)
-> Request 4
880
(3, 1, 1)
2
(8, 23)
-> Request 5
955
(2, 3, 2)
2
(54, 73)
-> Request 6
1215
(3, 3, 1)
2
(46, 44)
-> Request 7
1304
(2, 2, 2)
2
(62, 74)
--> Day : 4
-> Request 0
72
(2, 3, 1)
2
(61, 35)
-> Request 1
74
(4, 3, 2)
2
(51, 43)
-> Request 2
79
(2, 1, 2)
1
(56, 70)
-> Request 3
309
(2, 1, 2)
2
(54, 64)
-> Request 4
1163
(1, 2, 1)
2
(61, 28)
---> Week : 64
--> Day : 0
-> Request 0
9
(2, 3, 1)
2
(17, 29)
-> Request 1
107
(3, 3, 2)
3
(57, 44)
-> Request 2
143
(3, 2, 1)
1
(52, 73)
-> Request 3
209
(4, 3, 1)
3
(51, 45)
-> Request 4
344
(1, 2, 2)
3
(13, 24)
-> Request 5
534
(3, 2, 1)
2
(15, 22)
-> Request 6
588
(2, 2, 2)
2
(15, 22)
-> Request 7
827
(3, 1, 1)
2
(51, 46)
-> Request 8
1264
(1, 1, 1)
3
(58, 33)
-> Request 9
1317
(3, 1, 2)
1
(55, 71)
--> Day : 1
-> Request 0
76
(1, 2, 1)
3
(50, 44)
-> Request 1
288
(2, 2, 2)
2
(50, 34)
-> Request 2
432
(3, 1, 2)
1
(58, 31)
-> Request 3
668
(4, 1, 2)
3
(58, 32)
-> Request 4
886
(1, 2, 1)
2
(60, 30)
-> Request 5
1011
(4, 3, 2)
3
(11, 21)
-> Request 6
1013
(4, 2, 1)
2
(50, 31)
-> Request 7
1415
(4, 1, 2)
3
(65, 65)
--> Day : 2
-> Request 0
53
(3, 3, 2)
3
(52, 45)
-> Request 1
455
(4, 3, 2)
1
(53, 32)
-> Request 2
560
(4, 3, 2)
1
(52, 43)
-> Request 3
662
(1, 1, 1)
1
(45, 42)
-> Request 4
1029
(3, 2, 1)
1
(43, 40)
-> Request 5
1061
(4, 2, 2)
3
(55, 78)
-> Request 6
1134
(1, 1, 2)
1
(43, 42)
--> Day : 3
-> Request 0
170
(4, 2, 2)
1
(54, 73)
-> Request 1
341
(3, 3, 1)
2
(52, 72)
-> Request 2
568
(2, 2, 1)
3
(16, 29)
-> Request 3
949
(4, 1, 2)
2
(55, 71)
-> Request 4
1003
(4, 2, 1)
1
(57, 66)
-> Request 5
1343
(2, 2, 1)
1
(66, 71)
-> Request 6
1404
(3, 3, 2)
1
(65, 68)
--> Day : 4
-> Request 0
53
(2, 1, 2)
1
(62, 34)
-> Request 1
304
(3, 2, 2)
3
(47, 31)
-> Request 2
357
(2, 1, 2)
3
(54, 42)
-> Request 3
1425
(4, 3, 1)
3
(10, 20)
---> Week : 65
--> Day : 0
-> Request 0
161
(2, 2, 2)
2
(49, 31)
-> Request 1
229
(2, 3, 2)
2
(66, 74)
-> Request 2
851
(3, 1, 2)
3
(49, 36)
-> Request 3
1376
(4, 3, 1)
2
(46, 46)
-> Request 4
1397
(2, 2, 2)
3
(59, 67)
--> Day : 1
-> Request 0
178
(4, 3, 1)
2
(61, 39)
-> Request 1
201
(4, 3, 1)
2
(13, 23)
-> Request 2
371
(3, 1, 2)
3
(44, 39)
-> Request 3
915
(1, 2, 2)
2
(53, 38)
-> Request 4
956
(1, 3, 1)
2
(57, 65)
-> Request 5
1095
(4, 2, 1)
1
(60, 42)
-> Request 6
1193
(4, 2, 2)
3
(52, 31)
-> Request 7
1262
(1, 3, 2)
3
(48, 31)
--> Day : 2
-> Request 0
33
(3, 2, 2)
2
(58, 72)
-> Request 1
539
(2, 2, 1)
3
(43, 30)
-> Request 2
1091
(2, 2, 2)
2
(56, 78)
-> Request 3
1161
(3, 2, 2)
3
(46, 43)
-> Request 4
1371
(1, 1, 1)
2
(50, 27)
-> Request 5
1385
(1, 3, 1)
2
(48, 32)
-> Request 6
1393
(1, 2, 2)
1
(56, 73)
--> Day : 3
-> Request 0
342
(3, 1, 1)
2
(58, 41)
-> Request 1
403
(4, 1, 2)
3
(66, 66)
-> Request 2
725
(2, 3, 1)
3
(52, 43)
-> Request 3
832
(1, 2, 1)
1
(57, 38)
-> Request 4
859
(1, 2, 1)
2
(8, 20)
--> Day : 4
-> Request 0
157
(2, 3, 1)
1
(44, 27)
-> Request 1
261
(3, 2, 1)
2
(57, 42)
-> Request 2
415
(2, 1, 2)
1
(61, 66)
-> Request 3
580
(3, 2, 2)
3
(60, 32)
-> Request 4
708
(3, 2, 1)
3
(44, 39)
-> Request 5
1157
(2, 2, 1)
1
(12, 25)
---> Week : 66
--> Day : 0
-> Request 0
248
(3, 2, 1)
2
(53, 32)
-> Request 1
569
(2, 1, 2)
2
(56, 32)
-> Request 2
602
(3, 2, 2)
2
(58, 71)
-> Request 3
852
(3, 2, 2)
1
(54, 34)
-> Request 4
977
(4, 2, 2)
3
(44, 41)
-> Request 5
1003
(2, 2, 1)
1
(54, 65)
-> Request 6
1046
(4, 2, 2)
3
(47, 38)
-> Request 7
1249
(1, 3, 2)
1
(11, 22)
--> Day : 1
-> Request 0
245
(2, 3, 2)
2
(52, 44)
-> Request 1
336
(4, 2, 1)
3
(63, 65)
-> Request 2
366
(3, 3, 1)
1
(48, 44)
-> Request 3
508
(2, 3, 1)
1
(58, 38)
-> Request 4
559
(4, 3, 1)
2
(59, 45)
-> Request 5
694
(2, 1, 1)
2
(44, 42)
-> Request 6
1432
(2, 1, 2)
1
(52, 74)
--> Day : 2
-> Request 0
428
(3, 2, 1)
2
(55, 42)
-> Request 1
640
(1, 1, 1)
3
(15, 25)
-> Request 2
816
(1, 1, 2)
3
(59, 45)
-> Request 3
836
(3, 3, 2)
1
(52, 74)
-> Request 4
858
(4, 2, 2)
1
(11, 21)
-> Request 5
1173
(1, 3, 1)
2
(66, 71)
-> Request 6
1346
(3, 2, 1)
1
(43, 35)
-> Request 7
1412
(2, 2, 2)
1
(63, 70)
--> Day : 3
-> Request 0
82
(1, 3, 2)
2
(60, 69)
-> Request 1
244
(1, 2, 2)
2
(62, 43)
-> Request 2
553
(4, 3, 1)
3
(13, 20)
-> Request 3
1093
(1, 2, 1)
3
(58, 30)
-> Request 4
1241
(3, 2, 2)
2
(52, 30)
-> Request 5
1309
(1, 2, 2)
2
(54, 77)
--> Day : 4
-> Request 0
368
(4, 2, 1)
1
(60, 44)
-> Request 1
568
(2, 3, 2)
2
(61, 76)
-> Request 2
982
(3, 3, 2)
2
(63, 70)
---> Week : 67
--> Day : 0
-> Request 0
150
(1, 1, 2)
3
(62, 38)
-> Request 1
561
(1, 3, 1)
3
(51, 32)
--> Day : 1
-> Request 0
255
(4, 3, 1)
3
(55, 31)
-> Request 1
307
(3, 1, 2)
2
(46, 34)
-> Request 2
807
(3, 2, 2)
1
(15, 25)
-> Request 3
894
(1, 2, 1)
3
(44, 33)
--> Day : 2
-> Request 0
29
(4, 1, 1)
1
(53, 38)
-> Request 1
376
(3, 3, 1)
2
(54, 37)
-> Request 2
995
(3, 3, 2)
1
(15, 22)
--> Day : 3
-> Request 0
158
(4, 1, 2)
2
(55, 46)
-> Request 1
244
(1, 1, 2)
3
(52, 30)
-> Request 2
1228
(1, 2, 2)
3
(55, 71)
--> Day : 4
-> Request 0
31
(3, 2, 2)
1
(46, 35)
-> Request 1
325
(4, 2, 2)
1
(14, 22)
-> Request 2
499
(2, 2, 1)
3
(44, 37)
-> Request 3
598
(1, 2, 2)
1
(53, 71)
-> Request 4
683
(3, 3, 1)
2
(52, 75)
-> Request 5
714
(2, 1, 1)
2
(49, 37)
-> Request 6
790
(2, 3, 1)
2
(52, 35)
---> Week : 68
--> Day : 0
-> Request 0
339
(3, 1, 2)
1
(44, 37)
-> Request 1
663
(3, 3, 2)
3
(57, 44)
-> Request 2
861
(2, 1, 1)
1
(59, 67)
-> Request 3
953
(4, 3, 1)
1
(8, 27)
-> Request 4
971
(3, 3, 2)
1
(52, 44)
--> Day : 1
-> Request 0
93
(1, 3, 1)
2
(59, 28)
-> Request 1
352
(4, 1, 1)
2
(12, 21)
-> Request 2
390
(2, 1, 1)
3
(51, 36)
-> Request 3
440
(3, 1, 2)
2
(60, 30)
-> Request 4
644
(2, 2, 2)
2
(50, 44)
-> Request 5
1010
(4, 3, 1)
3
(62, 73)
--> Day : 2
-> Request 0
976
(2, 3, 2)
2
(65, 77)
-> Request 1
998
(3, 2, 1)
2
(59, 34)
-> Request 2
1142
(1, 3, 2)
3
(56, 38)
-> Request 3
1250
(3, 2, 2)
1
(53, 41)
-> Request 4
1351
(3, 2, 1)
1
(52, 28)
--> Day : 3
-> Request 0
304
(1, 2, 1)
3
(49, 31)
-> Request 1
411
(1, 3, 1)
3
(62, 35)
-> Request 2
1020
(1, 3, 1)
2
(60, 32)
--> Day : 4
-> Request 0
156
(3, 3, 1)
3
(51, 41)
-> Request 1
323
(4, 1, 2)
3
(57, 32)
-> Request 2
612
(1, 3, 1)
1
(56, 46)
-> Request 3
628
(3, 2, 2)
1
(60, 36)
-> Request 4
1000
(3, 1, 1)
1
(54, 64)
-> Request 5
1021
(2, 3, 2)
1
(53, 69)
-> Request 6
1057
(2, 1, 2)
3
(50, 38)
-> Request 7
1096
(1, 1, 2)
2
(60, 35)
---> Week : 69
--> Day : 0
-> Request 0
291
(2, 1, 1)
2
(55, 28)
-> Request 1
343
(3, 2, 2)
3
(66, 77)
-> Request 2
414
(1, 2, 1)
3
(55, 66)
-> Request 3
543
(3, 1, 2)
3
(58, 44)
-> Request 4
647
(3, 3, 2)
3
(12, 27)
-> Request 5
975
(1, 3, 2)
3
(49, 40)
-> Request 6
1243
(1, 3, 2)
1
(66, 73)
-> Request 7
1347
(4, 2, 2)
3
(56, 28)
-> Request 8
1354
(3, 1, 2)
3
(54, 69)
--> Day : 1
-> Request 0
571
(1, 3, 1)
1
(52, 38)
-> Request 1
757
(1, 2, 1)
2
(47, 42)
-> Request 2
1366
(1, 2, 1)
1
(56, 77)
--> Day : 2
-> Request 0
53
(1, 3, 2)
1
(50, 28)
-> Request 1
85
(3, 1, 1)
3
(46, 44)
-> Request 2
488
(2, 1, 2)
2
(9, 28)
-> Request 3
639
(3, 1, 1)
2
(11, 24)
-> Request 4
1336
(2, 1, 1)
3
(49, 37)
-> Request 5
1386
(1, 3, 1)
1
(44, 28)
--> Day : 3
-> Request 0
1
(1, 1, 1)
2
(59, 71)
-> Request 1
180
(4, 1, 1)
2
(49, 45)
-> Request 2
520
(3, 1, 1)
1
(10, 26)
-> Request 3
597
(1, 3, 1)
1
(50, 39)
-> Request 4
738
(4, 1, 1)
3
(59, 69)
-> Request 5
1029
(1, 1, 1)
2
(50, 29)
--> Day : 4
-> Request 0
542
(3, 1, 1)
3
(43, 44)
-> Request 1
596
(2, 2, 1)
1
(63, 71)
-> Request 2
788
(2, 3, 2)
3
(56, 65)
-> Request 3
819
(2, 2, 1)
1
(46, 45)
-> Request 4
1014
(4, 2, 1)
3
(47, 44)
-> Request 5
1181
(4, 3, 1)
3
(48, 44)
-> Request 6
1388
(3, 2, 2)
1
(58, 38)
---> Week : 70
--> Day : 0
-> Request 0
36
(4, 1, 2)
1
(55, 70)
-> Request 1
406
(4, 2, 2)
3
(54, 40)
-> Request 2
585
(3, 1, 1)
3
(46, 27)
-> Request 3
591
(4, 2, 1)
3
(63, 66)
-> Request 4
631
(4, 3, 2)
1
(55, 39)
-> Request 5
705
(4, 3, 1)
2
(55, 45)
-> Request 6
899
(4, 3, 1)
2
(11, 25)
-> Request 7
1089
(3, 2, 1)
1
(62, 75)
-> Request 8
1164
(3, 2, 2)
2
(17, 21)
--> Day : 1
-> Request 0
52
(2, 2, 2)
2
(48, 42)
-> Request 1
663
(2, 3, 2)
2
(47, 27)
-> Request 2
839
(4, 2, 2)
3
(9, 26)
-> Request 3
1234
(1, 3, 1)
3
(51, 43)
-> Request 4
1323
(4, 2, 1)
3
(55, 42)
-> Request 5
1359
(4, 2, 1)
3
(60, 32)
--> Day : 2
-> Request 0
73
(2, 2, 1)
3
(45, 43)
-> Request 1
307
(3, 1, 1)
1
(60, 32)
-> Request 2
557
(1, 2, 1)
3
(54, 36)
-> Request 3
675
(3, 2, 1)
3
(60, 37)
--> Day : 3
-> Request 0
11
(4, 3, 1)
2
(45, 46)
-> Request 1
577
(4, 1, 2)
3
(59, 43)
-> Request 2
677
(3, 1, 2)
3
(63, 70)
-> Request 3
902
(2, 1, 1)
1
(50, 31)
-> Request 4
903
(2, 3, 2)
2
(60, 32)
-> Request 5
944
(3, 3, 2)
3
(63, 78)
-> Request 6
1115
(4, 3, 1)
1
(52, 65)
--> Day : 4
-> Request 0
153
(1, 2, 2)
2
(13, 21)
-> Request 1
242
(1, 1, 2)
2
(45, 28)
-> Request 2
330
(3, 3, 1)
3
(65, 74)
-> Request 3
343
(4, 3, 2)
1
(46, 43)
-> Request 4
623
(4, 1, 2)
3
(58, 78)
-> Request 5
738
(2, 1, 1)
3
(52, 43)
-> Request 6
950
(2, 1, 1)
3
(54, 72)
-> Request 7
1078
(1, 3, 1)
1
(60, 73)
---> Week : 71
--> Day : 0
-> Request 0
405
(1, 3, 1)
3
(49, 28)
-> Request 1
981
(4, 2, 2)
3
(64, 68)
-> Request 2
1000
(4, 1, 1)
2
(11, 28)
-> Request 3
1214
(2, 2, 1)
2
(52, 78)
--> Day : 1
-> Request 0
121
(1, 3, 1)
3
(59, 34)
-> Request 1
147
(2, 3, 1)
1
(63, 68)
-> Request 2
557
(2, 1, 2)
3
(46, 42)
-> Request 3
697
(3, 2, 2)
1
(63, 68)
-> Request 4
702
(4, 3, 2)
3
(51, 28)
-> Request 5
847
(4, 2, 1)
3
(56, 65)
-> Request 6
921
(1, 3, 1)
1
(59, 39)
-> Request 7
985
(3, 3, 2)
3
(61, 70)
--> Day : 2
-> Request 0
45
(2, 3, 2)
3
(53, 43)
-> Request 1
201
(2, 2, 1)
2
(54, 78)
-> Request 2
733
(4, 2, 2)
1
(55, 46)
-> Request 3
952
(1, 2, 1)
2
(45, 30)
-> Request 4
1052
(3, 2, 1)
1
(49, 39)
-> Request 5
1102
(4, 2, 1)
2
(57, 78)
-> Request 6
1148
(3, 2, 1)
3
(55, 33)
-> Request 7
1227
(1, 1, 2)
1
(56, 39)
-> Request 8
1293
(4, 3, 1)
2
(58, 72)
-> Request 9
1375
(1, 3, 1)
2
(52, 67)
-> Request 10
1387
(3, 2, 2)
1
(11, 20)
--> Day : 3
-> Request 0
710
(2, 3, 1)
1
(57, 70)
-> Request 1
853
(2, 3, 2)
2
(46, 43)
-> Request 2
1135
(3, 3, 2)
1
(44, 28)
-> Request 3
1266
(4, 1, 2)
3
(62, 65)
--> Day : 4
-> Request 0
353
(4, 3, 1)
3
(49, 41)
-> Request 1
506
(4, 3, 1)
1
(15, 25)
-> Request 2
834
(2, 1, 1)
2
(62, 35)
---> Week : 72
--> Day : 0
-> Request 0
109
(2, 1, 2)
1
(58, 34)
-> Request 1
287
(1, 1, 1)
1
(45, 46)
-> Request 2
463
(2, 2, 1)
3
(62, 40)
-> Request 3
784
(2, 3, 2)
3
(47, 31)
-> Request 4
1018
(2, 3, 1)
1
(12, 22)
-> Request 5
1229
(3, 2, 1)
3
(17, 29)
--> Day : 1
-> Request 0
467
(2, 2, 1)
3
(48, 38)
-> Request 1
528
(1, 3, 2)
3
(49, 44)
-> Request 2
652
(4, 2, 2)
3
(52, 74)
-> Request 3
723
(2, 2, 2)
2
(56, 31)
-> Request 4
1272
(4, 1, 2)
3
(61, 72)
-> Request 5
1286
(2, 3, 1)
1
(65, 76)
--> Day : 2
-> Request 0
190
(1, 1, 1)
1
(48, 39)
-> Request 1
227
(2, 3, 2)
2
(49, 32)
-> Request 2
407
(4, 1, 1)
1
(50, 42)
-> Request 3
517
(1, 1, 1)
3
(53, 33)
-> Request 4
796
(3, 3, 2)
2
(46, 32)
-> Request 5
850
(2, 3, 2)
3
(58, 77)
-> Request 6
911
(3, 1, 1)
3
(43, 44)
-> Request 7
1017
(3, 2, 1)
3
(62, 44)
-> Request 8
1067
(4, 2, 2)
1
(9, 29)
--> Day : 3
-> Request 0
109
(1, 3, 1)
2
(56, 35)
-> Request 1
288
(3, 2, 2)
2
(47, 37)
-> Request 2
301
(3, 3, 1)
3
(16, 25)
-> Request 3
467
(4, 3, 2)
1
(52, 33)
-> Request 4
947
(1, 2, 2)
1
(17, 24)
-> Request 5
951
(1, 1, 1)
2
(56, 74)
-> Request 6
1076
(3, 1, 1)
3
(66, 75)
--> Day : 4
-> Request 0
2
(4, 3, 2)
1
(54, 32)
-> Request 1
334
(2, 1, 2)
1
(52, 39)
-> Request 2
985
(4, 1, 1)
2
(9, 24)
-> Request 3
1002
(1, 3, 2)
2
(62, 74)
-> Request 4
1127
(2, 1, 1)
2
(53, 30)
---> Week : 73
--> Day : 0
-> Request 0
150
(2, 1, 1)
3
(58, 39)
-> Request 1
724
(3, 1, 1)
1
(61, 66)
-> Request 2
743
(3, 3, 1)
3
(13, 24)
-> Request 3
886
(4, 1, 1)
2
(46, 34)
-> Request 4
981
(2, 2, 2)
2
(49, 43)
-> Request 5
1213
(4, 1, 2)
1
(16, 25)
-> Request 6
1266
(4, 2, 1)
2
(52, 76)
-> Request 7
1311
(2, 1, 2)
3
(13, 27)
-> Request 8
1343
(2, 2, 1)
3
(44, 45)
--> Day : 1
-> Request 0
119
(2, 2, 1)
1
(56, 70)
-> Request 1
271
(4, 3, 2)
3
(58, 76)
-> Request 2
725
(4, 3, 2)
3
(66, 73)
-> Request 3
778
(2, 1, 2)
2
(62, 66)
-> Request 4
903
(2, 2, 1)
2
(58, 39)
-> Request 5
1013
(4, 2, 2)
3
(57, 38)
-> Request 6
1121
(2, 2, 2)
2
(14, 26)
--> Day : 2
-> Request 0
143
(1, 1, 1)
1
(58, 38)
-> Request 1
356
(1, 1, 2)
1
(45, 42)
-> Request 2
403
(2, 1, 2)
2
(54, 32)
-> Request 3
536
(3, 2, 1)
1
(59, 42)
-> Request 4
625
(1, 2, 1)
1
(48, 40)
-> Request 5
698
(4, 3, 1)
1
(8, 20)
-> Request 6
875
(1, 2, 2)
2
(11, 27)
-> Request 7
969
(2, 1, 1)
2
(16, 28)
-> Request 8
1322
(1, 3, 2)
3
(61, 66)
--> Day : 3
-> Request 0
28
(2, 3, 2)
1
(16, 29)
-> Request 1
80
(2, 2, 1)
2
(55, 68)
-> Request 2
221
(1, 1, 2)
3
(45, 42)
-> Request 3
374
(4, 2, 2)
3
(50, 31)
-> Request 4
572
(4, 1, 1)
2
(52, 77)
-> Request 5
618
(2, 3, 2)
1
(8, 20)
-> Request 6
633
(2, 3, 2)
3
(59, 39)
-> Request 7
872
(3, 2, 1)
2
(17, 24)
-> Request 8
1102
(3, 3, 2)
1
(66, 71)
-> Request 9
1401
(1, 3, 1)
3
(57, 40)
--> Day : 4
-> Request 0
268
(2, 3, 1)
1
(57, 32)
-> Request 1
273
(3, 2, 1)
3
(53, 67)
-> Request 2
313
(1, 3, 2)
3
(55, 40)
-> Request 3
540
(1, 2, 2)
3
(50, 32)
-> Request 4
772
(3, 2, 2)
2
(54, 39)
-> Request 5
924
(3, 1, 1)
1
(54, 38)
-> Request 6
1087
(4, 3, 1)
2
(48, 38)
-> Request 7
1377
(4, 2, 1)
1
(60, 41)
-> Request 8
1397
(3, 1, 2)
1
(61, 28)
---> Week : 74
--> Day : 0
-> Request 0
350
(1, 2, 1)
1
(63, 69)
-> Request 1
364
(4, 2, 2)
3
(53, 65)
-> Request 2
499
(3, 3, 1)
3
(15, 25)
-> Request 3
1162
(2, 3, 1)
3
(57, 42)
-> Request 4
1201
(2, 2, 2)
1
(12, 27)
-> Request 5
1202
(2, 2, 2)
1
(47, 30)
-> Request 6
1255
(1, 3, 1)
2
(63, 78)
-> Request 7
1429
(4, 3, 2)
2
(45, 29)
--> Day : 1
-> Request 0
163
(1, 3, 2)
3
(49, 33)
-> Request 1
365
(3, 2, 2)
1
(60, 71)
-> Request 2
442
(1, 2, 2)
2
(12, 20)
-> Request 3
501
(3, 3, 1)
2
(12, 23)
-> Request 4
727
(3, 3, 1)
2
(46, 36)
-> Request 5
785
(2, 2, 2)
1
(52, 78)
-> Request 6
921
(3, 1, 2)
2
(58, 72)
-> Request 7
925
(1, 3, 1)
1
(49, 44)
-> Request 8
1348
(1, 1, 2)
1
(61, 33)
--> Day : 2
-> Request 0
890
(1, 2, 2)
3
(9, 22)
-> Request 1
906
(2, 3, 2)
2
(55, 40)
-> Request 2
1138
(3, 2, 1)
2
(14, 26)
--> Day : 3
-> Request 0
394
(1, 3, 1)
1
(64, 65)
-> Request 1
480
(1, 1, 2)
1
(49, 37)
-> Request 2
798
(4, 1, 2)
3
(62, 36)
-> Request 3
1013
(4, 2, 2)
1
(62, 29)
-> Request 4
1112
(1, 2, 1)
1
(43, 44)
--> Day : 4
-> Request 0
8
(3, 1, 2)
1
(53, 73)
-> Request 1
77
(3, 3, 1)
1
(60, 31)
-> Request 2
450
(2, 2, 2)
2
(43, 40)
-> Request 3
642
(4, 1, 1)
3
(57, 65)
-> Request 4
867
(1, 1, 2)
3
(61, 69)
-> Request 5
871
(1, 2, 1)
1
(48, 45)
---> Week : 75
--> Day : 0
-> Request 0
237
(1, 3, 2)
2
(59, 44)
-> Request 1
385
(1, 2, 1)
3
(58, 69)
-> Request 2
408
(3, 1, 1)
3
(12, 25)
-> Request 3
599
(2, 3, 2)
3
(45, 29)
-> Request 4
629
(1, 3, 2)
3
(43, 33)
-> Request 5
799
(2, 1, 1)
2
(56, 71)
-> Request 6
1195
(1, 2, 2)
1
(51, 36)
--> Day : 1
-> Request 0
20
(2, 3, 1)
2
(66, 76)
-> Request 1
137
(1, 1, 2)
1
(52, 36)
-> Request 2
264
(3, 3, 2)
1
(62, 32)
-> Request 3
323
(1, 2, 2)
1
(62, 34)
-> Request 4
431
(4, 2, 1)
3
(55, 73)
-> Request 5
1296
(1, 1, 2)
3
(14, 21)
-> Request 6
1382
(4, 2, 1)
3
(61, 73)
--> Day : 2
-> Request 0
285
(3, 3, 2)
1
(45, 40)
-> Request 1
297
(2, 3, 1)
2
(55, 33)
-> Request 2
454
(3, 1, 1)
3
(55, 33)
-> Request 3
822
(3, 1, 2)
1
(53, 78)
-> Request 4
834
(2, 1, 1)
3
(61, 72)
-> Request 5
1275
(4, 2, 1)
1
(52, 70)
--> Day : 3
-> Request 0
178
(4, 1, 1)
3
(55, 43)
-> Request 1
695
(3, 3, 2)
1
(53, 40)
-> Request 2
702
(1, 3, 2)
2
(54, 39)
-> Request 3
888
(1, 2, 2)
3
(61, 70)
-> Request 4
1283
(1, 1, 2)
1
(50, 27)
-> Request 5
1416
(2, 3, 1)
2
(58, 73)
--> Day : 4
-> Request 0
24
(2, 3, 1)
3
(54, 67)
-> Request 1
205
(2, 1, 2)
1
(44, 30)
-> Request 2
244
(4, 3, 1)
1
(61, 45)
-> Request 3
603
(3, 1, 1)
2
(66, 72)
-> Request 4
1092
(3, 1, 1)
1
(57, 33)
---> Week : 76
--> Day : 0
-> Request 0
649
(1, 3, 1)
3
(53, 70)
-> Request 1
1064
(1, 1, 2)
1
(52, 29)
--> Day : 1
-> Request 0
141
(4, 3, 2)
3
(46, 29)
-> Request 1
231
(3, 2, 1)
3
(51, 40)
-> Request 2
397
(4, 3, 1)
2
(43, 37)
-> Request 3
580
(3, 2, 1)
3
(55, 43)
-> Request 4
895
(3, 2, 1)
3
(8, 24)
-> Request 5
1235
(4, 1, 2)
2
(55, 68)
-> Request 6
1378
(1, 3, 2)
2
(44, 46)
--> Day : 2
-> Request 0
150
(3, 3, 2)
1
(48, 36)
-> Request 1
220
(2, 1, 1)
2
(52, 67)
-> Request 2
410
(2, 2, 2)
1
(54, 41)
-> Request 3
540
(1, 3, 2)
3
(46, 42)
-> Request 4
608
(4, 3, 1)
2
(56, 71)
-> Request 5
822
(4, 1, 2)
2
(66, 76)
-> Request 6
940
(3, 2, 1)
3
(13, 23)
-> Request 7
1058
(4, 2, 2)
2
(43, 38)
-> Request 8
1197
(3, 1, 2)
1
(57, 45)
--> Day : 3
-> Request 0
324
(3, 1, 2)
1
(61, 38)
-> Request 1
497
(4, 3, 2)
1
(63, 69)
-> Request 2
759
(3, 1, 2)
1
(59, 44)
-> Request 3
994
(2, 2, 1)
1
(61, 32)
-> Request 4
1248
(4, 2, 2)
2
(50, 30)
-> Request 5
1284
(1, 1, 1)
2
(53, 72)
--> Day : 4
-> Request 0
404
(4, 2, 2)
1
(62, 34)
-> Request 1
777
(1, 3, 2)
3
(44, 43)
-> Request 2
806
(4, 1, 2)
3
(59, 31)
-> Request 3
833
(1, 3, 2)
3
(17, 27)
-> Request 4
1253
(3, 1, 1)
3
(49, 38)
---> Week : 77
--> Day : 0
-> Request 0
47
(4, 1, 1)
3
(65, 66)
-> Request 1
54
(1, 1, 2)
2
(10, 20)
-> Request 2
516
(4, 3, 2)
3
(57, 37)
-> Request 3
920
(1, 1, 1)
3
(49, 31)
-> Request 4
938
(2, 1, 1)
3
(60, 71)
-> Request 5
1148
(4, 3, 2)
2
(11, 26)
-> Request 6
1232
(3, 1, 1)
2
(44, 29)
--> Day : 1
-> Request 0
15
(4, 3, 2)
3
(44, 29)
-> Request 1
505
(2, 3, 2)
2
(54, 29)
-> Request 2
743
(2, 2, 1)
1
(50, 43)
-> Request 3
775
(1, 1, 2)
2
(62, 39)
-> Request 4
823
(2, 3, 2)
2
(56, 39)
-> Request 5
1146
(1, 2, 2)
2
(44, 38)
--> Day : 2
-> Request 0
152
(2, 1, 2)
1
(59, 70)
-> Request 1
225
(1, 1, 2)
1
(54, 29)
-> Request 2
568
(3, 3, 1)
2
(44, 37)
-> Request 3
724
(1, 1, 2)
2
(65, 69)
-> Request 4
786
(4, 1, 1)
2
(58, 73)
-> Request 5
1068
(4, 3, 2)
2
(54, 72)
-> Request 6
1147
(1, 2, 2)
3
(8, 20)
--> Day : 3
-> Request 0
148
(4, 1, 2)
2
(45, 44)
-> Request 1
207
(4, 3, 1)
3
(46, 39)
-> Request 2
451
(3, 3, 2)
2
(52, 74)
-> Request 3
457
(3, 3, 1)
1
(57, 73)
-> Request 4
650
(4, 3, 2)
2
(65, 66)
-> Request 5
1377
(4, 2, 2)
1
(64, 71)
--> Day : 4
-> Request 0
155
(3, 3, 1)
3
(62, 33)
-> Request 1
259
(1, 3, 1)
1
(61, 65)
-> Request 2
720
(1, 1, 1)
1
(63, 74)
-> Request 3
759
(4, 3, 2)
2
(61, 74)
-> Request 4
800
(4, 3, 1)
3
(52, 77)
-> Request 5
1047
(1, 1, 2)
2
(61, 40)
---> Week : 78
--> Day : 0
-> Request 0
15
(4, 2, 1)
1
(63, 64)
-> Request 1
200
(2, 3, 2)
2
(43, 40)
-> Request 2
362
(4, 1, 2)
3
(49, 33)
-> Request 3
406
(4, 3, 2)
1
(64, 75)
-> Request 4
535
(4, 2, 2)
1
(50, 28)
-> Request 5
574
(4, 1, 1)
3
(66, 76)
-> Request 6
1138
(3, 3, 2)
3
(56, 78)
-> Request 7
1156
(2, 3, 2)
3
(60, 43)
--> Day : 1
-> Request 0
383
(3, 2, 1)
2
(66, 66)
-> Request 1
468
(3, 1, 2)
2
(57, 41)
-> Request 2
472
(2, 3, 1)
3
(64, 66)
-> Request 3
663
(3, 3, 1)
3
(45, 31)
-> Request 4
665
(4, 1, 2)
3
(47, 37)
-> Request 5
785
(4, 1, 2)
2
(56, 40)
-> Request 6
787
(1, 3, 2)
2
(62, 70)
-> Request 7
1155
(1, 1, 2)
3
(9, 22)
-> Request 8
1157
(4, 3, 2)
1
(12, 25)
--> Day : 2
-> Request 0
453
(3, 3, 2)
3
(60, 70)
-> Request 1
707
(4, 3, 1)
3
(50, 34)
-> Request 2
839
(1, 3, 2)
2
(58, 66)
-> Request 3
1098
(1, 1, 2)
1
(47, 36)
-> Request 4
1219
(4, 1, 2)
3
(61, 39)
--> Day : 3
-> Request 0
539
(1, 2, 2)
1
(13, 28)
-> Request 1
744
(2, 2, 1)
3
(60, 66)
-> Request 2
1005
(4, 2, 1)
2
(57, 39)
-> Request 3
1219
(3, 3, 2)
3
(13, 27)
--> Day : 4
-> Request 0
745
(2, 2, 1)
3
(55, 68)
-> Request 1
749
(2, 2, 1)
1
(52, 64)
-> Request 2
771
(3, 3, 1)
3
(10, 20)
-> Request 3
1167
(4, 3, 2)
1
(55, 67)
-> Request 4
1344
(3, 3, 1)
1
(11, 25)
---> Week : 79
--> Day : 0
-> Request 0
122
(1, 1, 2)
2
(56, 31)
-> Request 1
322
(2, 1, 2)
1
(55, 29)
-> Request 2
446
(3, 1, 2)
1
(52, 72)
-> Request 3
713
(4, 2, 1)
1
(55, 42)
-> Request 4
1100
(3, 3, 2)
3
(58, 36)
-> Request 5
1267
(2, 1, 1)
3
(15, 27)
--> Day : 1
-> Request 0
282
(4, 2, 2)
1
(55, 40)
--> Day : 2
-> Request 0
19
(3, 1, 2)
3
(50, 30)
-> Request 1
250
(4, 2, 1)
2
(59, 75)
-> Request 2
270
(1, 1, 2)
1
(66, 66)
-> Request 3
511
(1, 2, 1)
3
(52, 78)
-> Request 4
538
(3, 1, 1)
1
(9, 21)
-> Request 5
895
(2, 2, 2)
3
(52, 74)
-> Request 6
929
(1, 3, 2)
2
(62, 32)
-> Request 7
1012
(1, 3, 1)
3
(58, 75)
-> Request 8
1140
(2, 1, 2)
2
(57, 28)
-> Request 9
1361
(3, 3, 1)
2
(11, 26)
-> Request 10
1414
(4, 2, 2)
3
(60, 37)
--> Day : 3
-> Request 0
2
(2, 3, 1)
3
(45, 29)
-> Request 1
238
(4, 1, 2)
1
(43, 34)
-> Request 2
281
(1, 2, 2)
1
(59, 38)
-> Request 3
537
(2, 1, 1)
1
(8, 26)
-> Request 4
883
(4, 2, 2)
1
(54, 32)
--> Day : 4
-> Request 0
414
(1, 3, 2)
3
(49, 34)
-> Request 1
415
(2, 2, 2)
3
(59, 30)
-> Request 2
429
(1, 2, 1)
2
(48, 46)
-> Request 3
487
(1, 1, 1)
2
(65, 76)
-> Request 4
533
(2, 1, 2)
1
(57, 64)
-> Request 5
742
(3, 2, 2)
2
(61, 46)
-> Request 6
1107
(2, 1, 2)
3
(53, 70)
-> Request 7
1111
(1, 3, 2)
2
(43, 43)
-> Request 8
1324
(1, 3, 2)
1
(54, 66)
---> Week : 80
--> Day : 0
-> Request 0
14
(4, 2, 2)
1
(44, 36)
-> Request 1
142
(3, 2, 1)
2
(54, 36)
-> Request 2
193
(1, 1, 1)
2
(60, 42)
-> Request 3
449
(4, 3, 2)
2
(48, 28)
-> Request 4
457
(4, 2, 2)
1
(57, 31)
-> Request 5
800
(4, 1, 1)
3
(61, 65)
-> Request 6
805
(2, 2, 1)
2
(60, 39)
-> Request 7
1404
(1, 2, 2)
2
(43, 40)
--> Day : 1
-> Request 0
301
(4, 1, 2)
3
(62, 36)
-> Request 1
556
(4, 2, 1)
2
(65, 77)
-> Request 2
1391
(2, 2, 1)
1
(9, 23)
--> Day : 2
-> Request 0
293
(1, 1, 2)
3
(59, 68)
-> Request 1
750
(3, 2, 1)
1
(55, 76)
-> Request 2
928
(4, 2, 1)
3
(16, 25)
--> Day : 3
-> Request 0
1045
(4, 3, 2)
3
(17, 25)
-> Request 1
1258
(2, 2, 1)
2
(58, 64)
--> Day : 4
-> Request 0
55
(2, 2, 1)
2
(58, 44)
-> Request 1
646
(4, 2, 1)
1
(54, 74)
-> Request 2
749
(4, 3, 1)
3
(49, 44)
-> Request 3
838
(3, 1, 1)
2
(57, 78)
-> Request 4
1099
(4, 3, 1)
1
(58, 46)
---> Week : 81
--> Day : 0
-> Request 0
107
(2, 3, 1)
2
(49, 33)
-> Request 1
1089
(2, 3, 2)
2
(55, 70)
-> Request 2
1137
(3, 1, 2)
3
(55, 46)
-> Request 3
1154
(2, 2, 2)
2
(53, 36)
-> Request 4
1261
(3, 3, 1)
2
(57, 64)
--> Day : 1
-> Request 0
134
(3, 1, 1)
3
(44, 45)
-> Request 1
155
(2, 1, 1)
3
(62, 29)
-> Request 2
213
(2, 3, 2)
1
(56, 45)
-> Request 3
658
(3, 1, 2)
2
(54, 77)
-> Request 4
1043
(4, 1, 1)
2
(49, 39)
-> Request 5
1252
(2, 3, 2)
2
(49, 34)
--> Day : 2
-> Request 0
180
(3, 1, 1)
2
(43, 33)
-> Request 1
232
(2, 3, 1)
1
(48, 32)
-> Request 2
673
(4, 3, 2)
1
(56, 73)
-> Request 3
936
(4, 2, 2)
3
(53, 42)
-> Request 4
949
(4, 2, 1)
1
(63, 71)
-> Request 5
1038
(1, 2, 1)
3
(60, 70)
--> Day : 3
-> Request 0
66
(3, 2, 2)
1
(44, 29)
-> Request 1
73
(4, 2, 1)
2
(55, 32)
-> Request 2
106
(2, 3, 2)
3
(48, 32)
-> Request 3
296
(3, 2, 2)
1
(60, 65)
-> Request 4
636
(1, 3, 2)
3
(43, 27)
-> Request 5
687
(4, 3, 1)
1
(13, 25)
-> Request 6
929
(1, 1, 1)
1
(58, 33)
-> Request 7
1016
(2, 1, 1)
1
(53, 33)
-> Request 8
1248
(1, 2, 2)
3
(48, 28)
-> Request 9
1375
(2, 2, 2)
2
(49, 33)
-> Request 10
1437
(3, 1, 1)
3
(52, 78)
--> Day : 4
-> Request 0
470
(2, 2, 1)
2
(52, 36)
-> Request 1
666
(4, 3, 1)
1
(54, 32)
---> Week : 82
--> Day : 0
-> Request 0
145
(3, 1, 2)
3
(43, 28)
-> Request 1
223
(4, 1, 2)
1
(61, 45)
-> Request 2
227
(4, 1, 1)
3
(44, 42)
-> Request 3
702
(2, 3, 2)
2
(52, 38)
-> Request 4
1284
(2, 2, 1)
1
(45, 42)
-> Request 5
1312
(3, 2, 1)
3
(61, 64)
-> Request 6
1335
(2, 1, 1)
3
(55, 27)
--> Day : 1
-> Request 0
526
(3, 2, 2)
2
(56, 34)
-> Request 1
910
(4, 1, 2)
1
(9, 29)
-> Request 2
1402
(3, 1, 1)
3
(49, 36)
-> Request 3
1408
(2, 2, 2)
3
(46, 45)
--> Day : 2
-> Request 0
266
(3, 3, 1)
3
(56, 43)
-> Request 1
376
(4, 2, 1)
3
(64, 75)
-> Request 2
378
(1, 3, 2)
1
(8, 23)
-> Request 3
427
(4, 3, 2)
1
(53, 36)
-> Request 4
1205
(2, 1, 2)
2
(57, 77)
-> Request 5
1232
(1, 2, 2)
3
(49, 30)
-> Request 6
1251
(2, 2, 1)
1
(53, 37)
--> Day : 3
-> Request 0
43
(3, 2, 2)
1
(52, 71)
-> Request 1
94
(2, 1, 2)
1
(54, 68)
-> Request 2
144
(2, 1, 2)
2
(47, 36)
-> Request 3
224
(3, 1, 2)
3
(54, 35)
-> Request 4
686
(2, 2, 2)
3
(52, 75)
-> Request 5
1005
(2, 2, 1)
1
(54, 65)
-> Request 6
1282
(3, 3, 1)
3
(61, 74)
--> Day : 4
-> Request 0
87
(1, 1, 1)
3
(53, 73)
-> Request 1
264
(2, 1, 2)
3
(61, 38)
-> Request 2
420
(3, 3, 2)
1
(47, 30)
-> Request 3
775
(2, 2, 2)
2
(15, 26)
-> Request 4
1073
(3, 3, 1)
3
(64, 64)
-> Request 5
1124
(3, 1, 2)
1
(10, 29)
---> Week : 83
--> Day : 0
-> Request 0
137
(3, 2, 2)
2
(50, 46)
-> Request 1
477
(3, 2, 2)
2
(64, 75)
-> Request 2
496
(4, 1, 2)
3
(57, 66)
-> Request 3
857
(1, 1, 1)
2
(64, 73)
-> Request 4
869
(4, 2, 1)
1
(65, 68)
-> Request 5
950
(2, 1, 2)
3
(63, 66)
-> Request 6
1014
(4, 3, 2)
3
(51, 44)
-> Request 7
1306
(3, 1, 1)
1
(50, 32)
-> Request 8
1356
(2, 3, 1)
3
(56, 66)
--> Day : 1
-> Request 0
628
(3, 2, 2)
3
(60, 41)
-> Request 1
667
(3, 1, 1)
1
(57, 36)
-> Request 2
832
(2, 3, 1)
2
(57, 71)
-> Request 3
1175
(3, 3, 2)
2
(14, 23)
--> Day : 2
-> Request 0
47
(4, 3, 2)
3
(17, 21)
-> Request 1
78
(4, 2, 1)
2
(63, 64)
-> Request 2
468
(4, 1, 2)
1
(60, 27)
-> Request 3
546
(1, 2, 2)
1
(58, 31)
-> Request 4
761
(2, 3, 2)
3
(49, 30)
-> Request 5
839
(2, 3, 1)
1
(14, 24)
-> Request 6
859
(4, 1, 1)
1
(58, 42)
-> Request 7
1030
(2, 2, 2)
1
(62, 67)
-> Request 8
1387
(2, 3, 2)
3
(57, 65)
-> Request 9
1398
(4, 2, 2)
2
(55, 77)
--> Day : 3
-> Request 0
50
(4, 1, 2)
1
(14, 21)
-> Request 1
643
(4, 3, 2)
2
(47, 42)
-> Request 2
837
(3, 2, 2)
1
(12, 24)
-> Request 3
975
(2, 3, 2)
3
(44, 36)
--> Day : 4
-> Request 0
161
(4, 2, 1)
3
(49, 29)
-> Request 1
672
(2, 2, 2)
2
(64, 73)
-> Request 2
798
(3, 2, 2)
3
(56, 44)
-> Request 3
877
(1, 2, 2)
3
(44, 31)
-> Request 4
1134
(3, 3, 1)
1
(61, 39)
-> Request 5
1331
(1, 1, 1)
2
(56, 43)
-> Request 6
1368
(4, 1, 1)
2
(64, 75)
-> Request 7
1377
(3, 1, 1)
3
(55, 68)
---> Week : 84
--> Day : 0
-> Request 0
324
(4, 3, 2)
1
(52, 76)
-> Request 1
390
(4, 2, 2)
2
(59, 68)
-> Request 2
431
(1, 1, 1)
3
(53, 77)
-> Request 3
464
(4, 1, 1)
3
(59, 35)
-> Request 4
514
(1, 3, 1)
3
(60, 36)
-> Request 5
546
(1, 3, 1)
3
(58, 65)
-> Request 6
753
(4, 1, 1)
2
(60, 67)
-> Request 7
1251
(3, 3, 2)
2
(59, 46)
--> Day : 1
-> Request 0
93
(3, 1, 1)
3
(52, 43)
-> Request 1
434
(4, 1, 1)
1
(9, 22)
-> Request 2
603
(3, 1, 1)
1
(47, 34)
-> Request 3
795
(2, 3, 2)
1
(15, 24)
-> Request 4
1056
(3, 3, 2)
3
(61, 37)
-> Request 5
1126
(3, 1, 1)
3
(57, 42)
--> Day : 2
-> Request 0
82
(4, 3, 2)
3
(47, 42)
-> Request 1
121
(3, 2, 2)
1
(45, 36)
-> Request 2
183
(2, 2, 1)
1
(56, 39)
-> Request 3
335
(2, 1, 1)
3
(66, 72)
-> Request 4
335
(4, 1, 2)
2
(61, 68)
-> Request 5
852
(1, 1, 2)
1
(44, 34)
-> Request 6
940
(4, 1, 1)
2
(49, 32)
-> Request 7
1280
(4, 2, 1)
1
(50, 36)
--> Day : 3
-> Request 0
69
(4, 1, 2)
1
(60, 29)
-> Request 1
227
(3, 2, 2)
2
(46, 39)
-> Request 2
384
(4, 1, 1)
1
(47, 41)
-> Request 3
437
(3, 3, 2)
3
(49, 27)
-> Request 4
760
(4, 2, 1)
3
(45, 42)
-> Request 5
779
(2, 3, 1)
2
(13, 20)
-> Request 6
985
(1, 1, 2)
3
(53, 75)
-> Request 7
1425
(2, 3, 2)
1
(15, 21)
--> Day : 4
-> Request 0
12
(4, 1, 1)
3
(64, 65)
-> Request 1
193
(4, 2, 1)
2
(60, 68)
-> Request 2
556
(2, 3, 1)
1
(60, 64)
-> Request 3
724
(2, 2, 1)
1
(48, 27)
-> Request 4
769
(1, 1, 1)
3
(61, 65)
-> Request 5
994
(4, 2, 2)
1
(53, 73)
---> Week : 85
--> Day : 0
-> Request 0
79
(4, 1, 2)
2
(48, 42)
-> Request 1
226
(1, 2, 1)
2
(63, 73)
-> Request 2
314
(1, 1, 2)
3
(50, 27)
-> Request 3
364
(2, 1, 2)
3
(60, 27)
-> Request 4
440
(3, 2, 1)
3
(61, 28)
-> Request 5
636
(2, 1, 1)
3
(66, 74)
-> Request 6
1279
(4, 1, 2)
3
(46, 44)
--> Day : 1
-> Request 0
44
(4, 3, 2)
2
(52, 67)
-> Request 1
196
(1, 1, 1)
3
(55, 44)
-> Request 2
364
(1, 1, 1)
1
(51, 27)
-> Request 3
687
(2, 2, 2)
2
(48, 44)
-> Request 4
987
(1, 3, 2)
2
(59, 70)
-> Request 5
1198
(3, 3, 1)
2
(56, 65)
-> Request 6
1254
(1, 1, 2)
3
(43, 32)
--> Day : 2
-> Request 0
142
(4, 2, 1)
1
(60, 64)
-> Request 1
852
(3, 1, 1)
1
(56, 78)
-> Request 2
900
(4, 2, 2)
2
(10, 21)
-> Request 3
1223
(2, 3, 2)
1
(64, 66)
-> Request 4
1358
(4, 3, 2)
1
(13, 29)
--> Day : 3
-> Request 0
106
(2, 1, 1)
2
(58, 42)
-> Request 1
161
(2, 2, 1)
2
(65, 77)
-> Request 2
277
(3, 2, 1)
2
(47, 43)
-> Request 3
426
(1, 2, 2)
1
(11, 28)
-> Request 4
518
(3, 2, 2)
2
(17, 28)
-> Request 5
631
(3, 1, 2)
1
(64, 74)
-> Request 6
962
(2, 1, 2)
3
(61, 73)
-> Request 7
1132
(2, 1, 1)
1
(53, 74)
-> Request 8
1251
(1, 2, 2)
3
(63, 72)
--> Day : 4
-> Request 0
530
(3, 3, 1)
2
(46, 34)
-> Request 1
801
(1, 3, 2)
1
(16, 21)
-> Request 2
970
(1, 2, 2)
2
(57, 65)
-> Request 3
1106
(4, 3, 2)
2
(58, 44)
---> Week : 86
--> Day : 0
-> Request 0
396
(2, 2, 2)
3
(60, 32)
-> Request 1
682
(3, 3, 1)
3
(50, 39)
-> Request 2
977
(1, 3, 2)
3
(62, 44)
-> Request 3
1015
(2, 1, 2)
3
(45, 41)
-> Request 4
1016
(2, 1, 2)
3
(53, 28)
-> Request 5
1056
(1, 3, 1)
3
(58, 40)
-> Request 6
1410
(1, 3, 1)
2
(63, 73)
--> Day : 1
-> Request 0
437
(4, 2, 2)
3
(63, 76)
-> Request 1
441
(2, 1, 2)
2
(62, 65)
-> Request 2
605
(2, 3, 1)
3
(52, 64)
-> Request 3
703
(1, 3, 1)
1
(57, 39)
-> Request 4
868
(3, 1, 2)
1
(57, 64)
-> Request 5
875
(4, 3, 2)
2
(66, 77)
-> Request 6
927
(2, 2, 2)
1
(54, 67)
-> Request 7
1268
(4, 1, 1)
3
(57, 41)
-> Request 8
1285
(4, 1, 2)
1
(53, 41)
-> Request 9
1296
(2, 1, 2)
3
(8, 26)
-> Request 10
1370
(2, 1, 2)
2
(56, 73)
--> Day : 2
-> Request 0
126
(2, 1, 1)
3
(44, 27)
-> Request 1
128
(1, 1, 1)
2
(50, 46)
-> Request 2
240
(4, 1, 2)
3
(49, 30)
-> Request 3
379
(1, 3, 1)
1
(46, 32)
-> Request 4
1077
(1, 3, 2)
3
(10, 24)
--> Day : 3
-> Request 0
128
(4, 2, 2)
2
(17, 27)
-> Request 1
589
(2, 2, 2)
1
(54, 34)
-> Request 2
648
(1, 1, 1)
2
(17, 25)
-> Request 3
1154
(2, 1, 1)
1
(54, 37)
-> Request 4
1268
(2, 2, 1)
2
(54, 42)
--> Day : 4
-> Request 0
118
(1, 1, 1)
3
(55, 31)
-> Request 1
224
(3, 1, 2)
2
(49, 36)
-> Request 2
299
(4, 1, 2)
3
(59, 31)
-> Request 3
700
(1, 3, 1)
2
(66, 72)
-> Request 4
714
(1, 2, 2)
2
(49, 31)
-> Request 5
1103
(3, 2, 2)
2
(46, 32)
-> Request 6
1402
(2, 3, 1)
2
(59, 29)
---> Week : 87
--> Day : 0
-> Request 0
447
(4, 2, 2)
2
(65, 77)
-> Request 1
1020
(2, 3, 1)
2
(59, 72)
--> Day : 1
-> Request 0
541
(3, 2, 1)
2
(58, 65)
-> Request 1
976
(4, 2, 2)
3
(61, 72)
-> Request 2
1222
(2, 1, 1)
3
(17, 26)
-> Request 3
1403
(1, 1, 2)
2
(59, 64)
--> Day : 2
-> Request 0
19
(1, 2, 2)
3
(54, 29)
-> Request 1
40
(2, 1, 1)
3
(60, 78)
-> Request 2
324
(4, 1, 1)
1
(15, 21)
-> Request 3
531
(2, 1, 1)
2
(54, 46)
-> Request 4
543
(4, 3, 2)
3
(53, 27)
-> Request 5
783
(3, 1, 2)
3
(61, 73)
-> Request 6
906
(3, 3, 2)
1
(58, 42)
-> Request 7
1086
(3, 1, 1)
3
(57, 32)
--> Day : 3
-> Request 0
262
(3, 3, 2)
2
(48, 44)
-> Request 1
363
(3, 2, 2)
2
(55, 39)
-> Request 2
369
(2, 2, 1)
3
(10, 22)
-> Request 3
577
(2, 1, 2)
3
(9, 26)
-> Request 4
686
(4, 3, 2)
3
(63, 69)
-> Request 5
1420
(2, 2, 1)
1
(52, 34)
--> Day : 4
-> Request 0
172
(1, 1, 2)
3
(56, 68)
-> Request 1
326
(4, 1, 2)
3
(61, 69)
-> Request 2
392
(4, 1, 2)
2
(65, 72)
-> Request 3
476
(1, 1, 1)
3
(58, 75)
-> Request 4
1111
(2, 1, 1)
3
(58, 32)
-> Request 5
1172
(3, 1, 1)
3
(53, 66)
---> Week : 88
--> Day : 0
-> Request 0
139
(3, 3, 2)
1
(47, 33)
-> Request 1
344
(4, 1, 1)
1
(54, 69)
-> Request 2
439
(3, 3, 1)
1
(58, 68)
-> Request 3
890
(1, 3, 2)
2
(52, 65)
--> Day : 1
-> Request 0
526
(2, 2, 2)
1
(44, 28)
-> Request 1
574
(2, 1, 1)
1
(48, 29)
-> Request 2
784
(3, 3, 1)
2
(60, 76)
-> Request 3
1037
(4, 2, 2)
2
(12, 25)
-> Request 4
1064
(1, 3, 2)
3
(53, 74)
-> Request 5
1178
(1, 2, 1)
3
(16, 26)
-> Request 6
1188
(3, 3, 2)
1
(53, 67)
-> Request 7
1344
(3, 1, 2)
1
(57, 43)
-> Request 8
1428
(4, 3, 2)
1
(43, 27)
--> Day : 2
-> Request 0
550
(3, 3, 1)
2
(53, 71)
-> Request 1
1367
(2, 2, 2)
3
(59, 44)
-> Request 2
1396
(1, 2, 1)
2
(49, 34)
--> Day : 3
-> Request 0
40
(4, 1, 1)
1
(43, 27)
-> Request 1
409
(1, 2, 2)
1
(60, 27)
-> Request 2
692
(4, 3, 2)
3
(59, 40)
--> Day : 4
-> Request 0
428
(4, 3, 2)
3
(12, 25)
-> Request 1
773
(4, 3, 2)
1
(65, 66)
-> Request 2
833
(1, 3, 2)
2
(54, 68)
-> Request 3
907
(4, 3, 2)
3
(58, 68)
-> Request 4
1104
(2, 1, 2)
3
(8, 20)
-> Request 5
1125
(2, 1, 2)
2
(12, 22)
---> Week : 89
--> Day : 0
-> Request 0
496
(3, 3, 2)
2
(54, 75)
-> Request 1
1011
(3, 2, 2)
1
(64, 70)
-> Request 2
1187
(3, 1, 1)
2
(43, 35)
--> Day : 1
-> Request 0
84
(2, 2, 1)
2
(62, 64)
-> Request 1
418
(4, 3, 2)
2
(54, 74)
-> Request 2
605
(4, 3, 2)
3
(65, 69)
-> Request 3
892
(3, 1, 1)
2
(57, 67)
--> Day : 2
-> Request 0
145
(4, 2, 2)
3
(63, 67)
-> Request 1
765
(1, 2, 1)
2
(61, 67)
-> Request 2
794
(3, 3, 1)
1
(52, 75)
-> Request 3
828
(1, 2, 1)
1
(58, 64)
-> Request 4
879
(4, 3, 2)
2
(64, 76)
-> Request 5
1079
(2, 1, 2)
1
(61, 75)
-> Request 6
1168
(2, 2, 2)
2
(15, 20)
-> Request 7
1205
(3, 3, 1)
1
(63, 72)
-> Request 8
1210
(1, 1, 2)
1
(13, 24)
--> Day : 3
-> Request 0
218
(4, 2, 2)
3
(53, 75)
-> Request 1
421
(4, 1, 2)
2
(57, 75)
-> Request 2
979
(2, 2, 2)
3
(44, 30)
-> Request 3
1420
(3, 2, 1)
1
(44, 42)
--> Day : 4
-> Request 0
756
(3, 1, 2)
2
(59, 68)
-> Request 1
1050
(2, 3, 2)
3
(59, 69)
-> Request 2
1072
(2, 1, 1)
1
(56, 69)
-> Request 3
1085
(3, 2, 2)
2
(46, 40)
-> Request 4
1092
(1, 1, 1)
1
(61, 41)
-> Request 5
1317
(1, 2, 1)
3
(53, 39)
-> Request 6
1356
(4, 2, 1)
3
(48, 42)
---> Week : 90
--> Day : 0
-> Request 0
245
(2, 2, 1)
3
(53, 42)
-> Request 1
379
(2, 1, 1)
1
(51, 34)
-> Request 2
411
(3, 3, 1)
2
(56, 27)
-> Request 3
447
(1, 1, 2)
1
(51, 29)
-> Request 4
768
(2, 1, 2)
1
(14, 27)
-> Request 5
791
(3, 1, 2)
3
(15, 23)
-> Request 6
1311
(1, 3, 2)
1
(43, 29)
-> Request 7
1323
(2, 2, 1)
2
(44, 37)
--> Day : 1
-> Request 0
109
(3, 3, 2)
1
(53, 39)
-> Request 1
153
(1, 2, 1)
2
(62, 28)
-> Request 2
155
(3, 2, 1)
2
(55, 68)
-> Request 3
271
(4, 2, 1)
1
(51, 36)
-> Request 4
936
(3, 1, 1)
2
(47, 35)
-> Request 5
1113
(1, 1, 2)
2
(53, 45)
-> Request 6
1155
(1, 3, 1)
1
(9, 27)
-> Request 7
1297
(3, 3, 2)
1
(57, 45)
--> Day : 2
-> Request 0
3
(4, 1, 2)
2
(52, 71)
-> Request 1
112
(2, 1, 2)
2
(62, 65)
-> Request 2
417
(4, 1, 2)
3
(57, 27)
-> Request 3
778
(2, 2, 1)
1
(57, 46)
-> Request 4
895
(2, 3, 2)
2
(59, 72)
-> Request 5
970
(2, 2, 2)
1
(66, 70)
-> Request 6
1369
(3, 3, 2)
2
(62, 36)
-> Request 7
1386
(2, 2, 1)
2
(62, 46)
--> Day : 3
-> Request 0
203
(3, 1, 1)
3
(12, 22)
-> Request 1
414
(2, 1, 1)
3
(52, 70)
-> Request 2
830
(2, 1, 1)
3
(55, 35)
-> Request 3
1051
(1, 3, 1)
3
(63, 71)
-> Request 4
1369
(1, 2, 2)
2
(10, 22)
--> Day : 4
-> Request 0
339
(3, 3, 1)
1
(57, 42)
-> Request 1
382
(4, 3, 1)
2
(46, 36)
-> Request 2
566
(3, 2, 2)
3
(60, 69)
-> Request 3
697
(1, 3, 1)
1
(15, 29)
-> Request 4
802
(2, 1, 2)
3
(53, 69)
-> Request 5
912
(4, 1, 2)
1
(65, 71)
-> Request 6
1218
(1, 1, 2)
1
(51, 43)
---> Week : 91
--> Day : 0
-> Request 0
29
(4, 3, 2)
3
(53, 68)
-> Request 1
248
(2, 1, 1)
1
(60, 38)
-> Request 2
607
(1, 2, 2)
2
(55, 36)
-> Request 3
655
(2, 2, 1)
3
(51, 43)
-> Request 4
821
(4, 1, 1)
3
(60, 77)
-> Request 5
832
(3, 3, 1)
3
(57, 67)
-> Request 6
866
(1, 3, 1)
2
(50, 32)
-> Request 7
867
(2, 3, 2)
3
(61, 45)
-> Request 8
1430
(2, 3, 2)
2
(44, 30)
--> Day : 1
-> Request 0
451
(2, 3, 2)
3
(62, 44)
-> Request 1
702
(3, 3, 1)
1
(59, 67)
-> Request 2
805
(3, 1, 1)
1
(49, 30)
-> Request 3
1002
(3, 1, 1)
2
(51, 33)
--> Day : 2
-> Request 0
248
(4, 1, 2)
3
(52, 41)
-> Request 1
365
(1, 2, 2)
1
(62, 78)
-> Request 2
366
(1, 1, 1)
2
(52, 35)
-> Request 3
535
(2, 3, 1)
3
(59, 75)
-> Request 4
1424
(4, 3, 2)
3
(45, 34)
--> Day : 3
-> Request 0
349
(4, 3, 2)
3
(54, 66)
-> Request 1
570
(2, 2, 1)
3
(50, 33)
-> Request 2
634
(2, 3, 1)
1
(8, 22)
-> Request 3
990
(2, 2, 2)
2
(17, 27)
-> Request 4
1072
(1, 1, 1)
2
(55, 77)
-> Request 5
1303
(3, 1, 2)
3
(47, 33)
--> Day : 4
-> Request 0
253
(1, 2, 1)
1
(58, 27)
-> Request 1
586
(2, 1, 2)
1
(53, 71)
-> Request 2
606
(1, 3, 1)
2
(52, 69)
-> Request 3
744
(3, 2, 2)
2
(17, 29)
-> Request 4
910
(2, 3, 1)
2
(15, 28)
-> Request 5
917
(3, 2, 2)
2
(46, 39)
-> Request 6
1058
(3, 3, 1)
1
(47, 29)
-> Request 7
1091
(1, 3, 1)
1
(53, 43)
-> Request 8
1260
(2, 1, 2)
1
(45, 42)
-> Request 9
1439
(3, 3, 2)
1
(59, 40)
---> Week : 92
--> Day : 0
-> Request 0
233
(1, 2, 1)
2
(52, 78)
-> Request 1
649
(1, 1, 2)
2
(63, 76)
--> Day : 1
-> Request 0
148
(4, 3, 2)
2
(54, 36)
-> Request 1
151
(3, 3, 1)
1
(45, 34)
-> Request 2
924
(4, 1, 1)
1
(44, 28)
-> Request 3
1112
(2, 1, 2)
1
(52, 77)
-> Request 4
1193
(4, 3, 2)
2
(46, 34)
-> Request 5
1219
(2, 3, 1)
1
(50, 28)
--> Day : 2
-> Request 0
599
(4, 2, 2)
1
(48, 29)
-> Request 1
790
(4, 2, 1)
2
(59, 40)
-> Request 2
846
(1, 3, 2)
3
(66, 69)
-> Request 3
1040
(4, 2, 2)
2
(58, 65)
-> Request 4
1395
(4, 2, 1)
3
(59, 40)
-> Request 5
1435
(4, 2, 1)
2
(47, 44)
--> Day : 3
-> Request 0
152
(1, 1, 1)
1
(53, 70)
-> Request 1
295
(3, 3, 1)
2
(45, 42)
-> Request 2
486
(1, 2, 2)
1
(54, 70)
-> Request 3
790
(3, 1, 1)
3
(46, 44)
-> Request 4
942
(1, 2, 2)
1
(66, 65)
-> Request 5
1212
(3, 1, 2)
1
(55, 28)
--> Day : 4
---> Week : 93
--> Day : 0
-> Request 0
135
(3, 3, 1)
1
(56, 31)
-> Request 1
182
(3, 2, 1)
1
(46, 39)
-> Request 2
215
(4, 2, 2)
1
(52, 78)
-> Request 3
712
(2, 1, 2)
3
(57, 39)
-> Request 4
712
(4, 1, 2)
2
(44, 46)
-> Request 5
878
(3, 3, 2)
2
(57, 40)
-> Request 6
1062
(4, 2, 2)
3
(43, 28)
-> Request 7
1196
(2, 1, 1)
1
(53, 31)
--> Day : 1
-> Request 0
0
(3, 1, 1)
1
(44, 45)
-> Request 1
167
(4, 2, 1)
2
(50, 45)
-> Request 2
355
(1, 1, 1)
3
(61, 38)
-> Request 3
413
(4, 1, 2)
3
(56, 73)
-> Request 4
929
(3, 3, 2)
2
(62, 39)
-> Request 5
1067
(2, 3, 2)
1
(61, 70)
-> Request 6
1164
(3, 1, 1)
2
(54, 66)
-> Request 7
1223
(1, 1, 2)
2
(16, 20)
-> Request 8
1309
(4, 1, 2)
2
(14, 26)
-> Request 9
1349
(4, 1, 2)
2
(49, 32)
-> Request 10
1425
(4, 2, 2)
2
(64, 67)
--> Day : 2
-> Request 0
5
(3, 2, 2)
2
(62, 42)
-> Request 1
57
(4, 1, 2)
3
(58, 41)
-> Request 2
258
(4, 2, 2)
2
(54, 68)
-> Request 3
276
(2, 3, 2)
1
(46, 45)
-> Request 4
540
(3, 1, 2)
1
(58, 31)
-> Request 5
758
(4, 1, 2)
2
(54, 69)
-> Request 6
771
(2, 1, 1)
1
(10, 24)
-> Request 7
849
(1, 1, 1)
1
(50, 45)
-> Request 8
1021
(4, 1, 1)
3
(58, 76)
-> Request 9
1241
(3, 1, 2)
2
(53, 29)
--> Day : 3
-> Request 0
181
(1, 2, 1)
1
(12, 27)
-> Request 1
321
(3, 2, 1)
3
(53, 40)
-> Request 2
321
(2, 2, 1)
1
(58, 74)
-> Request 3
434
(2, 3, 2)
3
(49, 32)
-> Request 4
495
(1, 1, 1)
2
(50, 29)
-> Request 5
742
(4, 1, 1)
3
(64, 64)
-> Request 6
1141
(2, 1, 1)
1
(57, 66)
-> Request 7
1334
(2, 1, 1)
1
(51, 46)
-> Request 8
1350
(1, 3, 1)
1
(54, 29)
--> Day : 4
-> Request 0
188
(1, 3, 1)
2
(51, 33)
-> Request 1
376
(2, 3, 1)
3
(46, 27)
-> Request 2
392
(3, 1, 2)
1
(49, 29)
-> Request 3
550
(1, 1, 1)
2
(58, 40)
-> Request 4
954
(4, 2, 2)
1
(17, 27)
-> Request 5
1411
(1, 2, 2)
1
(56, 46)
---> Week : 94
--> Day : 0
-> Request 0
282
(2, 1, 2)
2
(62, 64)
-> Request 1
827
(4, 1, 2)
1
(61, 30)
-> Request 2
1255
(3, 3, 1)
2
(53, 46)
-> Request 3
1348
(1, 2, 1)
1
(55, 68)
--> Day : 1
-> Request 0
48
(4, 1, 1)
3
(53, 37)
-> Request 1
276
(1, 3, 2)
2
(50, 28)
-> Request 2
671
(3, 1, 1)
3
(45, 32)
-> Request 3
768
(4, 3, 1)
1
(54, 44)
-> Request 4
827
(3, 1, 1)
2
(55, 38)
-> Request 5
941
(2, 1, 2)
2
(50, 39)
-> Request 6
953
(4, 1, 1)
2
(59, 64)
-> Request 7
974
(1, 1, 2)
1
(43, 32)
-> Request 8
1077
(3, 3, 2)
3
(45, 45)
--> Day : 2
-> Request 0
198
(3, 1, 1)
1
(62, 38)
-> Request 1
377
(1, 3, 2)
2
(63, 67)
-> Request 2
717
(4, 3, 2)
1
(15, 20)
-> Request 3
1141
(3, 1, 2)
3
(66, 75)
-> Request 4
1277
(4, 3, 1)
3
(53, 37)
-> Request 5
1379
(2, 1, 1)
2
(59, 27)
--> Day : 3
-> Request 0
594
(2, 1, 2)
1
(62, 77)
-> Request 1
1177
(2, 1, 2)
1
(13, 20)
-> Request 2
1214
(1, 1, 2)
3
(53, 44)
-> Request 3
1218
(1, 3, 1)
1
(61, 43)
--> Day : 4
-> Request 0
130
(3, 1, 1)
2
(59, 33)
-> Request 1
272
(2, 2, 2)
2
(54, 39)
-> Request 2
755
(2, 3, 2)
1
(56, 73)
-> Request 3
1036
(3, 3, 1)
2
(62, 34)
-> Request 4
1132
(4, 3, 1)
1
(49, 38)
-> Request 5
1328
(1, 2, 1)
1
(53, 71)
---> Week : 95
--> Day : 0
-> Request 0
462
(1, 1, 1)
2
(8, 20)
-> Request 1
667
(1, 3, 2)
1
(44, 46)
-> Request 2
748
(3, 1, 2)
1
(61, 39)
-> Request 3
1152
(4, 3, 1)
3
(44, 34)
-> Request 4
1292
(3, 3, 1)
3
(47, 37)
--> Day : 1
-> Request 0
55
(1, 1, 2)
1
(59, 75)
-> Request 1
776
(2, 2, 2)
1
(52, 75)
-> Request 2
1035
(1, 2, 2)
3
(58, 29)
-> Request 3
1123
(3, 3, 1)
2
(43, 32)
-> Request 4
1410
(3, 3, 2)
3
(61, 66)
--> Day : 2
-> Request 0
142
(4, 1, 1)
1
(66, 78)
-> Request 1
172
(4, 2, 2)
2
(52, 74)
-> Request 2
794
(1, 1, 2)
2
(54, 68)
-> Request 3
965
(2, 1, 2)
1
(53, 78)
-> Request 4
1417
(4, 2, 1)
1
(56, 29)
--> Day : 3
-> Request 0
191
(2, 2, 1)
3
(52, 71)
-> Request 1
207
(4, 3, 2)
2
(54, 71)
-> Request 2
524
(4, 1, 2)
3
(59, 43)
-> Request 3
725
(2, 1, 1)
1
(11, 20)
-> Request 4
776
(4, 2, 2)
2
(62, 43)
--> Day : 4
-> Request 0
607
(4, 2, 2)
2
(54, 36)
-> Request 1
802
(4, 3, 2)
1
(45, 29)
-> Request 2
876
(1, 1, 1)
2
(56, 40)
-> Request 3
1059
(2, 3, 2)
1
(45, 28)
-> Request 4
1125
(3, 1, 2)
2
(44, 44)
-> Request 5
1373
(2, 3, 2)
1
(46, 30)
---> Week : 96
--> Day : 0
-> Request 0
683
(3, 2, 1)
3
(62, 41)
-> Request 1
878
(3, 2, 1)
1
(43, 46)
-> Request 2
1208
(4, 1, 2)
1
(43, 32)
-> Request 3
1438
(4, 2, 2)
2
(51, 34)
--> Day : 1
-> Request 0
46
(3, 3, 1)
1
(56, 46)
-> Request 1
153
(3, 1, 1)
2
(57, 66)
-> Request 2
181
(1, 2, 1)
3
(12, 21)
-> Request 3
565
(2, 2, 1)
2
(59, 33)
-> Request 4
725
(1, 2, 1)
2
(47, 30)
-> Request 5
727
(1, 1, 2)
3
(46, 30)
-> Request 6
847
(4, 2, 2)
2
(59, 36)
-> Request 7
1215
(3, 3, 1)
2
(52, 36)
-> Request 8
1268
(3, 3, 1)
2
(53, 37)
-> Request 9
1342
(1, 1, 2)
1
(12, 29)
-> Request 10
1403
(4, 1, 1)
1
(44, 44)
--> Day : 2
-> Request 0
199
(2, 3, 2)
3
(62, 65)
-> Request 1
341
(1, 1, 2)
3
(60, 41)
-> Request 2
409
(3, 2, 1)
1
(9, 23)
-> Request 3
692
(3, 2, 1)
3
(64, 67)
-> Request 4
845
(1, 1, 1)
3
(44, 33)
-> Request 5
1240
(2, 3, 2)
3
(49, 34)
--> Day : 3
-> Request 0
23
(1, 2, 1)
3
(61, 69)
-> Request 1
88
(1, 3, 1)
1
(17, 25)
-> Request 2
435
(3, 1, 1)
3
(10, 27)
-> Request 3
832
(1, 2, 2)
1
(52, 45)
-> Request 4
911
(2, 1, 1)
2
(56, 43)
-> Request 5
963
(4, 2, 1)
3
(13, 24)
-> Request 6
1074
(2, 3, 1)
2
(14, 26)
-> Request 7
1193
(4, 1, 1)
3
(60, 69)
--> Day : 4
-> Request 0
448
(3, 2, 2)
2
(16, 25)
-> Request 1
589
(4, 1, 1)
1
(64, 66)
---> Week : 97
--> Day : 0
-> Request 0
84
(1, 2, 1)
1
(47, 41)
-> Request 1
111
(4, 3, 2)
2
(50, 43)
-> Request 2
179
(3, 2, 2)
2
(53, 38)
-> Request 3
855
(1, 3, 1)
2
(61, 78)
-> Request 4
1303
(3, 2, 1)
1
(55, 66)
--> Day : 1
-> Request 0
361
(1, 3, 2)
2
(53, 38)
-> Request 1
524
(2, 1, 1)
2
(63, 77)
-> Request 2
635
(3, 2, 1)
2
(59, 73)
-> Request 3
1061
(3, 3, 1)
1
(55, 31)
-> Request 4
1312
(3, 3, 2)
3
(13, 21)
-> Request 5
1364
(2, 2, 1)
1
(62, 70)
-> Request 6
1418
(3, 3, 1)
2
(52, 34)
--> Day : 2
-> Request 0
74
(2, 3, 2)
3
(52, 44)
-> Request 1
269
(1, 3, 2)
2
(51, 36)
-> Request 2
687
(1, 2, 1)
3
(53, 35)
-> Request 3
737
(1, 2, 2)
1
(51, 44)
-> Request 4
926
(3, 3, 2)
1
(60, 77)
--> Day : 3
-> Request 0
184
(2, 1, 2)
1
(47, 31)
-> Request 1
325
(4, 3, 2)
1
(9, 22)
-> Request 2
361
(4, 2, 1)
2
(52, 35)
-> Request 3
517
(1, 2, 2)
1
(58, 36)
-> Request 4
1098
(1, 3, 2)
1
(44, 29)
-> Request 5
1194
(2, 3, 1)
1
(52, 33)
-> Request 6
1315
(1, 1, 2)
3
(64, 64)
--> Day : 4
-> Request 0
104
(3, 1, 1)
3
(45, 32)
-> Request 1
181
(1, 2, 2)
3
(17, 24)
-> Request 2
285
(3, 3, 1)
3
(62, 30)
-> Request 3
525
(4, 1, 1)
1
(63, 70)
-> Request 4
582
(3, 1, 1)
2
(47, 42)
-> Request 5
778
(4, 1, 1)
1
(56, 39)
-> Request 6
887
(2, 3, 1)
3
(43, 40)
-> Request 7
958
(1, 3, 1)
1
(49, 43)
-> Request 8
1346
(3, 3, 2)
2
(48, 40)
-> Request 9
1355
(1, 1, 1)
1
(59, 64)
-> Request 10
1372
(3, 3, 2)
1
(60, 70)
-> Request 11
1392
(1, 2, 1)
2
(46, 34)
-> Request 12
1399
(3, 3, 1)
2
(53, 44)
---> Week : 98
--> Day : 0
-> Request 0
149
(3, 1, 2)
2
(54, 68)
-> Request 1
463
(4, 1, 2)
3
(44, 46)
-> Request 2
577
(1, 3, 2)
1
(55, 44)
-> Request 3
1377
(2, 3, 2)
1
(46, 37)
-> Request 4
1429
(4, 1, 1)
1
(15, 29)
--> Day : 1
-> Request 0
87
(3, 2, 2)
2
(48, 44)
-> Request 1
198
(1, 3, 2)
2
(46, 39)
-> Request 2
408
(3, 3, 1)
2
(66, 65)
-> Request 3
598
(2, 2, 2)
2
(43, 31)
-> Request 4
871
(3, 1, 1)
1
(13, 29)
-> Request 5
1313
(4, 1, 1)
3
(48, 46)
-> Request 6
1330
(1, 2, 1)
1
(59, 75)
-> Request 7
1423
(3, 1, 2)
3
(59, 78)
-> Request 8
1424
(4, 1, 2)
2
(65, 66)
-> Request 9
1439
(2, 1, 2)
1
(44, 29)
--> Day : 2
-> Request 0
72
(3, 3, 1)
1
(58, 30)
-> Request 1
355
(3, 1, 1)
3
(55, 73)
-> Request 2
1031
(4, 1, 1)
3
(56, 43)
-> Request 3
1227
(2, 3, 2)
1
(53, 70)
-> Request 4
1371
(2, 3, 1)
3
(62, 69)
--> Day : 3
-> Request 0
15
(3, 2, 2)
2
(57, 78)
-> Request 1
187
(3, 1, 1)
1
(56, 31)
-> Request 2
300
(4, 1, 2)
3
(52, 43)
-> Request 3
327
(3, 3, 2)
2
(51, 33)
-> Request 4
482
(1, 3, 2)
3
(58, 76)
--> Day : 4
-> Request 0
512
(4, 1, 1)
1
(65, 69)
-> Request 1
1014
(2, 2, 2)
2
(17, 25)
-> Request 2
1190
(3, 3, 1)
2
(55, 36)
---> Week : 99
--> Day : 0
-> Request 0
38
(3, 1, 2)
1
(55, 37)
-> Request 1
292
(1, 3, 2)
3
(49, 36)
-> Request 2
585
(1, 2, 2)
2
(17, 21)
-> Request 3
777
(2, 1, 2)
3
(13, 20)
-> Request 4
1114
(3, 2, 2)
1
(55, 75)
-> Request 5
1320
(4, 1, 1)
2
(53, 78)
-> Request 6
1407
(3, 3, 2)
2
(17, 29)
--> Day : 1
-> Request 0
808
(1, 1, 1)
2
(60, 40)
--> Day : 2
-> Request 0
117
(3, 2, 1)
3
(63, 75)
-> Request 1
353
(4, 1, 1)
1
(60, 42)
-> Request 2
519
(1, 2, 2)
3
(47, 42)
--> Day : 3
-> Request 0
47
(1, 3, 1)
1
(15, 26)
-> Request 1
617
(3, 3, 1)
3
(60, 28)
--> Day : 4
-> Request 0
227
(4, 1, 1)
2
(15, 26)
-> Request 1
658
(1, 2, 1)
3
(45, 33)
-> Request 2
1012
(2, 1, 1)
1
(60, 46)
-> Request 3
1125
(1, 1, 1)
1
(62, 73)
-> Request 4
1298
(3, 1, 1)
2
(12, 20)
-> Request 5
1343
(1, 2, 1)
1
(50, 27)
---> Week : 100
--> Day : 0
-> Request 0
672
(1, 1, 1)
1
(62, 38)
-> Request 1
750
(2, 3, 2)
2
(60, 64)
-> Request 2
1167
(4, 3, 1)
2
(65, 70)
--> Day : 1
-> Request 0
48
(4, 1, 2)
1
(58, 33)
-> Request 1
256
(1, 3, 2)
1
(65, 67)
-> Request 2
595
(3, 2, 1)
3
(57, 41)
-> Request 3
620
(3, 1, 1)
1
(10, 24)
-> Request 4
648
(4, 3, 1)
1
(52, 35)
-> Request 5
749
(2, 2, 2)
2
(55, 41)
-> Request 6
1013
(4, 3, 1)
1
(62, 31)
-> Request 7
1353
(1, 1, 1)
1
(55, 28)
--> Day : 2
-> Request 0
223
(3, 3, 2)
1
(55, 44)
-> Request 1
565
(4, 3, 2)
1
(59, 41)
-> Request 2
644
(3, 1, 1)
3
(17, 25)
-> Request 3
771
(2, 2, 1)
2
(63, 74)
-> Request 4
849
(4, 2, 1)
2
(57, 28)
-> Request 5
1258
(1, 1, 2)
1
(45, 27)
--> Day : 3
-> Request 0
1
(1, 2, 1)
1
(52, 46)
-> Request 1
572
(1, 3, 1)
2
(48, 27)
-> Request 2
656
(1, 2, 2)
2
(53, 72)
-> Request 3
682
(4, 1, 1)
2
(52, 33)
-> Request 4
907
(3, 2, 2)
3
(11, 20)
-> Request 5
1054
(3, 2, 1)
2
(59, 32)
--> Day : 4
-> Request 0
176
(3, 3, 1)
3
(56, 72)
-> Request 1
356
(1, 2, 2)
1
(16, 21)
-> Request 2
804
(1, 3, 1)
2
(59, 72)
-> Request 3
898
(4, 1, 1)
2
(60, 43)
-> Request 4
941
(1, 3, 2)
1
(51, 34)
-> Request 5
965
(3, 3, 1)
1
(44, 37)
---> Week : 101
--> Day : 0
-> Request 0
60
(2, 3, 2)
2
(56, 74)
-> Request 1
406
(2, 3, 2)
2
(9, 25)
-> Request 2
571
(1, 3, 1)
2
(59, 33)
-> Request 3
1127
(3, 2, 2)
2
(60, 71)
-> Request 4
1274
(2, 3, 1)
2
(45, 35)
--> Day : 1
-> Request 0
123
(1, 3, 2)
2
(56, 40)
-> Request 1
380
(3, 3, 1)
2
(54, 40)
--> Day : 2
-> Request 0
93
(4, 3, 1)
3
(53, 70)
-> Request 1
1156
(1, 2, 2)
2
(50, 35)
-> Request 2
1259
(3, 3, 2)
1
(60, 74)
-> Request 3
1323
(1, 1, 2)
1
(66, 64)
-> Request 4
1431
(2, 2, 2)
2
(60, 45)
--> Day : 3
-> Request 0
67
(4, 1, 2)
1
(61, 29)
-> Request 1
200
(1, 2, 1)
3
(8, 20)
-> Request 2
488
(3, 3, 1)
3
(53, 46)
-> Request 3
827
(2, 2, 2)
1
(46, 46)
-> Request 4
892
(4, 1, 2)
3
(53, 41)
-> Request 5
1350
(4, 1, 2)
3
(48, 28)
--> Day : 4
-> Request 0
16
(4, 1, 1)
2
(46, 30)
-> Request 1
137
(3, 1, 1)
1
(59, 43)
-> Request 2
561
(3, 1, 2)
1
(56, 32)
-> Request 3
710
(1, 2, 2)
3
(54, 64)
-> Request 4
807
(4, 1, 2)
3
(46, 40)
-> Request 5
1120
(2, 1, 2)
2
(50, 31)
-> Request 6
1322
(2, 1, 2)
1
(59, 41)
---> Week : 102
--> Day : 0
-> Request 0
7
(4, 1, 1)
2
(53, 38)
-> Request 1
482
(4, 1, 2)
3
(12, 26)
-> Request 2
1092
(1, 1, 2)
1
(52, 35)
-> Request 3
1241
(2, 3, 1)
3
(52, 42)
-> Request 4
1279
(1, 3, 2)
3
(54, 67)
-> Request 5
1362
(3, 1, 1)
3
(58, 44)
--> Day : 1
-> Request 0
196
(3, 3, 2)
2
(61, 44)
-> Request 1
248
(2, 1, 1)
2
(62, 29)
-> Request 2
421
(1, 2, 2)
3
(55, 46)
-> Request 3
589
(4, 1, 2)
2
(52, 44)
-> Request 4
805
(1, 2, 1)
1
(66, 68)
-> Request 5
846
(1, 3, 1)
3
(66, 76)
-> Request 6
1040
(2, 2, 2)
2
(50, 44)
-> Request 7
1230
(4, 3, 2)
2
(43, 30)
-> Request 8
1328
(1, 3, 1)
3
(55, 27)
-> Request 9
1397
(2, 3, 2)
2
(50, 42)
--> Day : 2
-> Request 0
4
(4, 2, 2)
2
(9, 23)
-> Request 1
244
(2, 2, 1)
3
(45, 41)
-> Request 2
355
(2, 2, 2)
1
(50, 46)
-> Request 3
469
(4, 3, 1)
2
(58, 32)
-> Request 4
1111
(3, 2, 1)
3
(50, 45)
-> Request 5
1265
(3, 2, 2)
1
(43, 37)
-> Request 6
1372
(3, 3, 2)
1
(56, 78)
-> Request 7
1403
(1, 3, 2)
2
(46, 29)
--> Day : 3
-> Request 0
167
(1, 1, 1)
1
(55, 37)
-> Request 1
538
(2, 3, 2)
1
(50, 31)
-> Request 2
724
(3, 2, 1)
1
(47, 45)
-> Request 3
852
(2, 3, 2)
3
(59, 33)
-> Request 4
882
(2, 1, 2)
1
(52, 29)
-> Request 5
902
(3, 3, 1)
2
(16, 28)
-> Request 6
958
(1, 3, 1)
1
(61, 78)
-> Request 7
982
(3, 3, 1)
3
(49, 36)
-> Request 8
1102
(1, 2, 2)
2
(8, 29)
-> Request 9
1138
(2, 2, 2)
3
(56, 45)
-> Request 10
1205
(3, 3, 2)
1
(45, 42)
-> Request 11
1294
(2, 2, 2)
1
(56, 67)
-> Request 12
1432
(1, 3, 1)
2
(59, 68)
--> Day : 4
-> Request 0
22
(4, 1, 2)
2
(66, 69)
-> Request 1
112
(1, 2, 2)
3
(52, 33)
-> Request 2
270
(3, 1, 1)
3
(59, 74)
-> Request 3
339
(1, 1, 2)
1
(64, 67)
-> Request 4
508
(3, 1, 1)
3
(50, 33)
-> Request 5
509
(3, 2, 1)
3
(58, 72)
-> Request 6
745
(1, 2, 2)
3
(66, 66)
-> Request 7
787
(3, 2, 2)
3
(48, 42)
-> Request 8
903
(2, 2, 1)
1
(10, 22)
-> Request 9
1059
(4, 1, 1)
2
(51, 45)
-> Request 10
1095
(3, 2, 1)
3
(13, 24)
-> Request 11
1273
(4, 2, 2)
1
(55, 78)
---> Week : 103
--> Day : 0
-> Request 0
8
(2, 3, 2)
3
(47, 35)
-> Request 1
227
(3, 3, 1)
1
(61, 77)
-> Request 2
416
(2, 1, 1)
2
(61, 33)
-> Request 3
445
(4, 1, 2)
3
(9, 23)
-> Request 4
464
(2, 2, 1)
3
(63, 76)
-> Request 5
531
(1, 1, 1)
1
(65, 70)
-> Request 6
534
(4, 3, 2)
1
(65, 75)
-> Request 7
633
(2, 1, 1)
2
(59, 64)
-> Request 8
975
(4, 3, 1)
1
(60, 66)
-> Request 9
981
(4, 1, 1)
2
(57, 45)
-> Request 10
1009
(2, 3, 2)
1
(61, 65)
-> Request 11
1089
(2, 2, 1)
1
(61, 64)
-> Request 12
1254
(1, 1, 2)
3
(46, 39)
-> Request 13
1269
(3, 3, 2)
3
(48, 38)
-> Request 14
1294
(2, 3, 2)
3
(16, 20)
--> Day : 1
-> Request 0
7
(1, 3, 2)
3
(17, 25)
-> Request 1
128
(3, 3, 1)
1
(47, 42)
-> Request 2
326
(2, 2, 2)
2
(64, 67)
-> Request 3
396
(4, 3, 1)
2
(46, 34)
-> Request 4
621
(1, 3, 1)
2
(66, 69)
-> Request 5
1129
(3, 2, 2)
3
(59, 64)
-> Request 6
1193
(3, 3, 2)
1
(65, 65)
-> Request 7
1347
(2, 1, 2)
1
(60, 37)
--> Day : 2
-> Request 0
229
(1, 1, 1)
1
(61, 65)
-> Request 1
540
(3, 1, 1)
2
(48, 37)
-> Request 2
834
(3, 3, 2)
1
(57, 44)
-> Request 3
858
(2, 1, 1)
3
(66, 77)
-> Request 4
931
(1, 3, 1)
3
(62, 37)
-> Request 5
942
(1, 1, 2)
3
(59, 27)
-> Request 6
1003
(4, 2, 1)
3
(66, 70)
-> Request 7
1217
(3, 3, 1)
2
(64, 74)
-> Request 8
1421
(4, 3, 2)
2
(50, 33)
--> Day : 3
-> Request 0
314
(1, 1, 2)
3
(59, 36)
-> Request 1
324
(4, 2, 2)
1
(61, 46)
-> Request 2
646
(3, 2, 2)
1
(43, 31)
-> Request 3
733
(4, 3, 2)
2
(17, 25)
-> Request 4
858
(4, 1, 2)
2
(56, 28)
-> Request 5
1006
(1, 3, 2)
1
(58, 66)
-> Request 6
1318
(2, 2, 1)
1
(62, 34)
-> Request 7
1325
(2, 3, 2)
2
(17, 26)
--> Day : 4
-> Request 0
160
(4, 2, 2)
1
(60, 73)
-> Request 1
173
(3, 3, 1)
2
(44, 37)
-> Request 2
758
(1, 2, 2)
3
(13, 21)
-> Request 3
1123
(4, 3, 1)
3
(55, 74)
---> Week : 104
--> Day : 0
-> Request 0
118
(2, 2, 2)
2
(54, 46)
-> Request 1
386
(1, 2, 2)
3
(48, 41)
-> Request 2
546
(1, 1, 1)
3
(49, 31)
-> Request 3
849
(2, 1, 1)
1
(62, 43)
-> Request 4
1077
(2, 3, 1)
1
(60, 31)
-> Request 5
1099
(4, 1, 2)
2
(59, 73)
-> Request 6
1131
(1, 1, 2)
3
(55, 36)
-> Request 7
1135
(2, 2, 1)
1
(48, 31)
-> Request 8
1321
(1, 3, 2)
1
(61, 36)
-> Request 9
1346
(4, 1, 1)
1
(62, 42)
--> Day : 1
-> Request 0
450
(3, 2, 1)
2
(60, 36)
-> Request 1
584
(1, 2, 1)
2
(59, 35)
-> Request 2
666
(1, 2, 2)
3
(58, 44)
-> Request 3
870
(1, 1, 1)
3
(56, 46)
-> Request 4
1248
(1, 2, 1)
2
(66, 75)
--> Day : 2
-> Request 0
554
(4, 2, 1)
3
(65, 78)
-> Request 1
732
(3, 1, 1)
1
(45, 45)
-> Request 2
972
(4, 1, 1)
3
(8, 20)
-> Request 3
1066
(3, 1, 2)
2
(54, 42)
-> Request 4
1077
(3, 3, 1)
1
(66, 66)
-> Request 5
1146
(4, 1, 1)
2
(45, 34)
-> Request 6
1324
(1, 3, 1)
3
(44, 40)
--> Day : 3
-> Request 0
155
(4, 3, 1)
1
(60, 67)
-> Request 1
171
(3, 2, 2)
2
(57, 41)
-> Request 2
369
(2, 3, 1)
3
(66, 67)
-> Request 3
383
(4, 1, 2)
2
(51, 37)
-> Request 4
654
(1, 1, 1)
3
(16, 26)
-> Request 5
1020
(1, 3, 1)
2
(17, 29)
-> Request 6
1021
(3, 1, 1)
2
(14, 25)
-> Request 7
1159
(2, 2, 2)
3
(60, 66)
-> Request 8
1205
(3, 2, 2)
2
(56, 35)
--> Day : 4
-> Request 0
513
(2, 3, 1)
3
(54, 77)
-> Request 1
796
(1, 1, 2)
2
(57, 29)
-> Request 2
840
(4, 1, 2)
3
(46, 32)
-> Request 3
865
(4, 1, 1)
2
(13, 25)
-> Request 4
1252
(4, 1, 1)
3
(47, 40)
---> Week : 105
--> Day : 0
-> Request 0
186
(4, 1, 2)
3
(57, 38)
-> Request 1
382
(4, 2, 2)
2
(13, 22)
-> Request 2
557
(1, 1, 2)
2
(58, 66)
-> Request 3
782
(4, 2, 2)
2
(43, 43)
--> Day : 1
-> Request 0
299
(3, 2, 1)
2
(47, 40)
-> Request 1
740
(1, 2, 1)
3
(43, 39)
-> Request 2
885
(2, 2, 2)
3
(61, 72)
-> Request 3
915
(4, 1, 2)
3
(58, 28)
-> Request 4
1047
(2, 3, 2)
2
(45, 33)
-> Request 5
1202
(3, 3, 2)
1
(47, 31)
-> Request 6
1213
(2, 1, 1)
1
(62, 44)
-> Request 7
1235
(1, 3, 2)
1
(43, 41)
--> Day : 2
-> Request 0
378
(1, 3, 1)
1
(66, 78)
-> Request 1
837
(2, 2, 1)
2
(64, 70)
-> Request 2
857
(3, 2, 2)
1
(59, 69)
-> Request 3
1005
(3, 1, 2)
1
(15, 25)
--> Day : 3
-> Request 0
80
(3, 2, 1)
3
(63, 70)
-> Request 1
409
(3, 3, 2)
2
(43, 38)
-> Request 2
768
(2, 3, 2)
1
(61, 42)
-> Request 3
1144
(2, 3, 2)
2
(60, 71)
-> Request 4
1368
(4, 3, 1)
3
(50, 45)
--> Day : 4
-> Request 0
100
(1, 2, 1)
1
(59, 41)
-> Request 1
598
(4, 2, 2)
2
(13, 25)
-> Request 2
1343
(3, 3, 2)
1
(8, 23)
-> Request 3
1388
(4, 1, 1)
1
(17, 23)
---> Week : 106
--> Day : 0
-> Request 0
947
(3, 1, 2)
1
(8, 21)
-> Request 1
1123
(4, 2, 2)
2
(65, 64)
-> Request 2
1413
(3, 2, 2)
1
(44, 33)
--> Day : 1
-> Request 0
127
(1, 1, 1)
2
(47, 29)
-> Request 1
423
(3, 3, 1)
2
(47, 32)
-> Request 2
1152
(3, 1, 1)
2
(57, 34)
-> Request 3
1404
(2, 3, 2)
1
(60, 31)
--> Day : 2
-> Request 0
223
(2, 1, 1)
3
(53, 76)
-> Request 1
450
(4, 2, 2)
1
(55, 45)
-> Request 2
969
(1, 3, 2)
3
(55, 43)
-> Request 3
1315
(1, 3, 2)
2
(52, 78)
-> Request 4
1391
(3, 3, 1)
2
(52, 30)
--> Day : 3
-> Request 0
117
(3, 2, 2)
3
(57, 70)
-> Request 1
284
(1, 1, 1)
3
(15, 27)
-> Request 2
361
(2, 1, 1)
2
(55, 78)
-> Request 3
577
(3, 2, 1)
3
(16, 28)
-> Request 4
686
(4, 3, 2)
1
(47, 30)
-> Request 5
908
(1, 3, 1)
1
(8, 27)
-> Request 6
1221
(3, 1, 2)
1
(52, 69)
-> Request 7
1364
(1, 3, 2)
1
(11, 29)
--> Day : 4
-> Request 0
301
(3, 1, 1)
3
(53, 75)
-> Request 1
588
(3, 2, 2)
1
(52, 70)
-> Request 2
652
(3, 1, 2)
2
(57, 32)
-> Request 3
759
(4, 3, 1)
3
(11, 28)
-> Request 4
786
(1, 2, 2)
1
(48, 39)
-> Request 5
838
(3, 3, 1)
3
(15, 22)
---> Week : 107
--> Day : 0
-> Request 0
788
(3, 1, 2)
2
(50, 35)
-> Request 1
872
(3, 3, 1)
1
(11, 23)
-> Request 2
889
(4, 2, 2)
2
(62, 32)
-> Request 3
1103
(4, 2, 1)
3
(57, 35)
--> Day : 1
-> Request 0
65
(4, 2, 1)
2
(60, 77)
-> Request 1
282
(1, 3, 2)
2
(62, 65)
-> Request 2
437
(1, 2, 1)
2
(58, 65)
-> Request 3
961
(1, 1, 2)
1
(52, 43)
-> Request 4
1231
(1, 3, 1)
1
(58, 72)
-> Request 5
1414
(1, 3, 1)
2
(56, 67)
--> Day : 2
-> Request 0
262
(4, 2, 2)
3
(59, 75)
-> Request 1
280
(4, 1, 2)
1
(50, 38)
-> Request 2
640
(4, 3, 2)
3
(56, 75)
-> Request 3
690
(2, 3, 2)
3
(47, 29)
-> Request 4
1000
(1, 2, 2)
2
(65, 75)
-> Request 5
1298
(1, 1, 2)
3
(66, 67)
--> Day : 3
-> Request 0
689
(3, 1, 2)
3
(54, 72)
--> Day : 4
-> Request 0
320
(2, 2, 2)
3
(55, 35)
-> Request 1
669
(3, 2, 1)
1
(52, 45)
-> Request 2
738
(2, 1, 1)
3
(15, 23)
-> Request 3
917
(1, 1, 1)
3
(66, 77)
-> Request 4
1318
(2, 1, 1)
3
(44, 32)
---> Week : 108
--> Day : 0
-> Request 0
23
(3, 2, 2)
1
(50, 43)
-> Request 1
130
(3, 1, 2)
2
(59, 34)
-> Request 2
167
(4, 1, 1)
1
(54, 39)
-> Request 3
590
(1, 3, 2)
2
(53, 42)
-> Request 4
875
(1, 2, 1)
2
(54, 38)
-> Request 5
982
(4, 3, 1)
2
(49, 37)
-> Request 6
1035
(1, 3, 1)
3
(53, 66)
--> Day : 1
-> Request 0
194
(4, 1, 2)
3
(53, 27)
--> Day : 2
-> Request 0
411
(4, 2, 1)
3
(56, 35)
-> Request 1
619
(3, 1, 2)
1
(60, 41)
-> Request 2
643
(3, 1, 2)
3
(64, 71)
-> Request 3
716
(4, 1, 1)
2
(12, 22)
-> Request 4
772
(3, 3, 2)
3
(66, 65)
-> Request 5
1295
(2, 1, 2)
2
(49, 42)
--> Day : 3
-> Request 0
494
(2, 2, 2)
2
(13, 21)
-> Request 1
738
(4, 1, 2)
3
(53, 71)
-> Request 2
818
(3, 1, 1)
3
(43, 29)
-> Request 3
937
(4, 3, 2)
3
(65, 73)
-> Request 4
1164
(1, 1, 1)
3
(54, 28)
-> Request 5
1228
(4, 3, 1)
3
(14, 24)
-> Request 6
1306
(4, 3, 2)
3
(56, 32)
--> Day : 4
-> Request 0
230
(1, 2, 1)
1
(55, 30)
-> Request 1
425
(4, 1, 2)
3
(45, 34)
-> Request 2
659
(2, 1, 1)
2
(9, 27)
-> Request 3
934
(1, 1, 2)
2
(55, 70)
---> Week : 109
--> Day : 0
-> Request 0
113
(1, 1, 1)
2
(47, 31)
-> Request 1
136
(2, 2, 2)
2
(66, 68)
-> Request 2
432
(4, 3, 1)
3
(46, 42)
-> Request 3
459
(1, 3, 2)
3
(58, 68)
-> Request 4
505
(4, 2, 1)
2
(58, 78)
-> Request 5
792
(2, 2, 1)
2
(57, 40)
-> Request 6
960
(3, 2, 2)
2
(16, 24)
-> Request 7
1045
(4, 3, 2)
3
(47, 34)
--> Day : 1
-> Request 0
12
(2, 3, 2)
3
(62, 31)
-> Request 1
167
(3, 3, 1)
1
(53, 74)
-> Request 2
1069
(2, 2, 1)
2
(50, 28)
--> Day : 2
-> Request 0
336
(3, 1, 1)
3
(44, 39)
-> Request 1
612
(3, 1, 2)
1
(57, 46)
-> Request 2
646
(2, 1, 2)
3
(47, 31)
-> Request 3
697
(4, 2, 1)
3
(56, 64)
-> Request 4
846
(2, 1, 1)
3
(53, 77)
-> Request 5
1045
(4, 1, 1)
3
(47, 39)
-> Request 6
1192
(2, 2, 2)
3
(11, 22)
-> Request 7
1422
(3, 2, 2)
3
(58, 70)
-> Request 8
1432
(4, 2, 1)
3
(55, 45)
--> Day : 3
-> Request 0
341
(3, 1, 1)
2
(16, 23)
-> Request 1
483
(2, 1, 2)
3
(53, 41)
-> Request 2
1084
(1, 1, 2)
1
(64, 66)
-> Request 3
1314
(2, 3, 1)
2
(8, 24)
--> Day : 4
-> Request 0
239
(1, 3, 2)
2
(56, 41)
-> Request 1
487
(2, 2, 1)
1
(48, 30)
-> Request 2
586
(1, 3, 1)
3
(43, 44)
-> Request 3
721
(4, 1, 1)
2
(60, 41)
-> Request 4
725
(1, 2, 2)
1
(57, 65)
-> Request 5
871
(2, 2, 2)
2
(49, 30)
-> Request 6
1028
(1, 2, 1)
1
(55, 65)
-> Request 7
1054
(3, 2, 2)
2
(63, 66)
---> Week : 110
--> Day : 0
-> Request 0
468
(3, 1, 2)
1
(9, 21)
-> Request 1
753
(3, 2, 1)
3
(63, 70)
-> Request 2
756
(3, 2, 1)
1
(59, 70)
-> Request 3
820
(3, 3, 2)
1
(54, 65)
-> Request 4
1168
(3, 2, 2)
3
(47, 35)
-> Request 5
1416
(2, 3, 2)
3
(49, 43)
--> Day : 1
-> Request 0
333
(4, 1, 1)
2
(43, 40)
-> Request 1
680
(1, 1, 2)
1
(58, 36)
-> Request 2
1426
(4, 3, 2)
1
(51, 38)
--> Day : 2
-> Request 0
86
(4, 2, 2)
1
(60, 36)
-> Request 1
249
(2, 3, 2)
2
(56, 78)
-> Request 2
375
(3, 2, 2)
2
(52, 68)
-> Request 3
562
(1, 3, 1)
2
(47, 27)
-> Request 4
888
(3, 1, 1)
1
(60, 36)
-> Request 5
1123
(3, 3, 1)
1
(65, 64)
-> Request 6
1367
(4, 1, 2)
3
(57, 27)
--> Day : 3
-> Request 0
676
(3, 2, 1)
3
(55, 36)
-> Request 1
1087
(4, 2, 1)
1
(58, 29)
-> Request 2
1371
(3, 3, 2)
1
(54, 44)
--> Day : 4
-> Request 0
186
(3, 2, 2)
3
(13, 26)
-> Request 1
430
(3, 2, 1)
2
(49, 43)
-> Request 2
778
(2, 1, 1)
1
(60, 28)
-> Request 3
1167
(4, 2, 2)
1
(9, 21)
-> Request 4
1232
(4, 1, 2)
1
(44, 45)
---> Week : 111
--> Day : 0
-> Request 0
141
(1, 1, 2)
2
(8, 23)
-> Request 1
431
(4, 1, 1)
2
(48, 37)
-> Request 2
464
(3, 3, 2)
2
(15, 27)
-> Request 3
470
(1, 2, 2)
3
(58, 73)
-> Request 4
709
(2, 3, 1)
3
(13, 20)
-> Request 5
980
(4, 2, 1)
2
(59, 40)
-> Request 6
1079
(4, 2, 1)
3
(66, 72)
-> Request 7
1159
(3, 2, 1)
2
(44, 35)
-> Request 8
1387
(4, 2, 1)
1
(56, 31)
--> Day : 1
-> Request 0
62
(3, 1, 2)
3
(54, 72)
-> Request 1
90
(2, 2, 1)
1
(15, 28)
-> Request 2
158
(1, 1, 2)
1
(61, 38)
-> Request 3
923
(3, 3, 1)
2
(62, 36)
-> Request 4
1058
(4, 2, 1)
2
(52, 43)
-> Request 5
1065
(2, 3, 1)
2
(50, 31)
--> Day : 2
-> Request 0
415
(2, 3, 1)
1
(16, 23)
-> Request 1
733
(2, 3, 2)
3
(62, 43)
-> Request 2
1103
(4, 2, 2)
3
(58, 39)
--> Day : 3
-> Request 0
545
(2, 3, 2)
2
(43, 29)
-> Request 1
1178
(3, 3, 2)
2
(57, 71)
-> Request 2
1332
(2, 3, 2)
2
(64, 68)
--> Day : 4
-> Request 0
77
(3, 1, 1)
1
(55, 76)
-> Request 1
111
(3, 1, 2)
2
(62, 27)
-> Request 2
458
(2, 3, 1)
1
(15, 24)
-> Request 3
712
(2, 1, 1)
3
(60, 77)
-> Request 4
996
(4, 3, 2)
3
(8, 26)
-> Request 5
1355
(1, 2, 2)
3
(54, 34)
-> Request 6
1373
(2, 1, 1)
1
(60, 78)
---> Week : 112
--> Day : 0
-> Request 0
383
(3, 1, 2)
2
(66, 73)
-> Request 1
862
(1, 1, 1)
2
(54, 33)
-> Request 2
1282
(1, 1, 1)
1
(15, 26)
-> Request 3
1283
(2, 1, 1)
2
(52, 33)
-> Request 4
1306
(2, 2, 1)
2
(52, 71)
--> Day : 1
-> Request 0
204
(1, 2, 2)
3
(58, 28)
-> Request 1
365
(3, 3, 1)
3
(49, 45)
-> Request 2
566
(1, 3, 1)
3
(13, 26)
-> Request 3
726
(2, 1, 2)
3
(54, 77)
-> Request 4
783
(2, 2, 2)
1
(12, 25)
-> Request 5
985
(1, 3, 2)
3
(57, 32)
-> Request 6
997
(3, 3, 2)
2
(52, 29)
-> Request 7
1192
(3, 2, 2)
3
(55, 30)
-> Request 8
1253
(4, 3, 2)
1
(49, 32)
-> Request 9
1375
(3, 1, 1)
3
(61, 68)
-> Request 10
1415
(4, 2, 1)
2
(61, 77)
-> Request 11
1425
(4, 2, 1)
2
(61, 72)
--> Day : 2
-> Request 0
81
(3, 3, 1)
2
(62, 67)
-> Request 1
135
(4, 3, 1)
1
(61, 43)
-> Request 2
556
(4, 3, 2)
2
(60, 39)
-> Request 3
666
(3, 2, 2)
1
(56, 77)
-> Request 4
959
(1, 2, 1)
1
(14, 23)
-> Request 5
1327
(1, 3, 1)
2
(46, 38)
-> Request 6
1385
(1, 1, 2)
2
(44, 34)
-> Request 7
1387
(2, 2, 1)
2
(56, 72)
-> Request 8
1417
(2, 1, 1)
1
(58, 27)
--> Day : 3
-> Request 0
15
(2, 3, 2)
1
(50, 32)
-> Request 1
290
(4, 2, 2)
3
(53, 27)
-> Request 2
501
(1, 2, 2)
1
(57, 67)
-> Request 3
654
(2, 3, 1)
3
(44, 34)
-> Request 4
885
(1, 3, 1)
3
(66, 73)
-> Request 5
946
(3, 2, 1)
1
(59, 70)
-> Request 6
1421
(4, 3, 2)
1
(62, 42)
--> Day : 4
-> Request 0
516
(4, 1, 1)
2
(48, 44)
-> Request 1
714
(4, 3, 1)
1
(53, 78)
-> Request 2
1346
(1, 1, 2)
2
(15, 28)
---> Week : 113
--> Day : 0
-> Request 0
134
(2, 2, 2)
1
(49, 34)
-> Request 1
143
(3, 1, 1)
3
(60, 64)
-> Request 2
306
(1, 3, 1)
2
(57, 66)
-> Request 3
490
(3, 3, 2)
1
(54, 73)
-> Request 4
904
(2, 3, 1)
1
(54, 32)
--> Day : 1
-> Request 0
63
(2, 2, 2)
3
(66, 71)
-> Request 1
285
(1, 3, 2)
2
(11, 27)
-> Request 2
851
(3, 2, 2)
3
(54, 76)
-> Request 3
895
(3, 1, 1)
2
(48, 41)
-> Request 4
987
(2, 2, 2)
1
(56, 68)
-> Request 5
1013
(1, 3, 2)
3
(46, 40)
-> Request 6
1164
(2, 1, 1)
3
(48, 29)
-> Request 7
1175
(2, 3, 2)
1
(49, 35)
--> Day : 2
-> Request 0
110
(2, 1, 2)
2
(56, 37)
-> Request 1
252
(3, 1, 2)
3
(46, 43)
-> Request 2
446
(4, 3, 2)
2
(62, 32)
-> Request 3
664
(1, 1, 2)
2
(12, 24)
-> Request 4
698
(1, 3, 2)
3
(44, 39)
-> Request 5
1122
(1, 2, 2)
2
(50, 28)
-> Request 6
1385
(4, 1, 2)
1
(46, 34)
-> Request 7
1405
(4, 1, 1)
1
(60, 64)
--> Day : 3
-> Request 0
290
(4, 2, 1)
3
(10, 29)
-> Request 1
341
(1, 3, 2)
2
(49, 34)
-> Request 2
513
(3, 3, 2)
1
(52, 73)
-> Request 3
556
(1, 1, 1)
3
(48, 44)
-> Request 4
576
(1, 2, 1)
1
(58, 46)
-> Request 5
759
(3, 1, 2)
3
(53, 76)
-> Request 6
841
(2, 2, 1)
1
(52, 78)
-> Request 7
973
(3, 3, 2)
2
(9, 27)
--> Day : 4
-> Request 0
207
(4, 1, 2)
3
(8, 20)
-> Request 1
797
(1, 1, 2)
2
(66, 71)
-> Request 2
895
(2, 2, 1)
3
(55, 31)
-> Request 3
933
(1, 2, 2)
3
(47, 30)
-> Request 4
992
(1, 1, 2)
3
(60, 43)
-> Request 5
1092
(2, 3, 2)
2
(48, 30)
-> Request 6
1139
(3, 1, 2)
1
(63, 69)
-> Request 7
1277
(1, 1, 1)
2
(46, 37)
-> Request 8
1379
(4, 2, 1)
1
(54, 77)
---> Week : 114
--> Day : 0
-> Request 0
49
(1, 2, 2)
2
(59, 44)
-> Request 1
237
(1, 3, 1)
2
(58, 39)
-> Request 2
657
(3, 1, 2)
3
(61, 74)
-> Request 3
829
(2, 3, 2)
2
(61, 76)
-> Request 4
1016
(4, 3, 1)
1
(66, 71)
-> Request 5
1249
(4, 2, 1)
1
(9, 22)
-> Request 6
1325
(3, 3, 1)
2
(58, 66)
--> Day : 1
-> Request 0
143
(2, 1, 1)
1
(60, 27)
-> Request 1
418
(1, 3, 1)
2
(56, 65)
-> Request 2
470
(2, 2, 2)
1
(57, 31)
-> Request 3
831
(2, 1, 2)
2
(52, 45)
-> Request 4
879
(1, 2, 2)
1
(15, 24)
-> Request 5
1185
(1, 3, 1)
3
(12, 29)
-> Request 6
1331
(2, 2, 2)
1
(61, 66)
--> Day : 2
-> Request 0
478
(1, 2, 2)
3
(51, 29)
-> Request 1
524
(4, 1, 2)
2
(51, 28)
-> Request 2
572
(4, 2, 2)
2
(54, 42)
-> Request 3
791
(3, 2, 1)
3
(57, 44)
-> Request 4
1119
(3, 1, 2)
3
(9, 23)
-> Request 5
1269
(4, 1, 2)
2
(55, 72)
-> Request 6
1405
(4, 1, 2)
2
(16, 21)
--> Day : 3
-> Request 0
1228
(1, 3, 1)
2
(56, 45)
-> Request 1
1349
(1, 1, 2)
1
(58, 68)
-> Request 2
1390
(4, 3, 2)
3
(59, 71)
--> Day : 4
-> Request 0
57
(4, 2, 2)
2
(49, 39)
-> Request 1
115
(3, 3, 2)
2
(49, 40)
-> Request 2
229
(3, 3, 2)
3
(48, 33)
-> Request 3
380
(1, 1, 1)
2
(49, 43)
-> Request 4
392
(3, 3, 1)
1
(45, 30)
-> Request 5
962
(3, 1, 1)
2
(57, 77)
-> Request 6
981
(3, 1, 2)
1
(62, 78)
-> Request 7
1003
(3, 2, 1)
1
(52, 28)
-> Request 8
1083
(1, 1, 1)
3
(62, 78)
-> Request 9
1212
(2, 2, 2)
2
(16, 28)
-> Request 10
1430
(1, 2, 1)
2
(56, 41)
---> Week : 115
--> Day : 0
-> Request 0
188
(1, 2, 1)
1
(57, 42)
-> Request 1
242
(4, 3, 2)
3
(55, 75)
-> Request 2
669
(1, 3, 2)
1
(59, 40)
-> Request 3
808
(2, 2, 1)
3
(46, 29)
-> Request 4
820
(1, 1, 1)
3
(47, 39)
-> Request 5
881
(1, 2, 1)
2
(63, 66)
-> Request 6
1196
(3, 1, 1)
1
(16, 28)
-> Request 7
1318
(3, 2, 1)
2
(51, 43)
-> Request 8
1397
(3, 3, 2)
1
(59, 69)
-> Request 9
1415
(2, 3, 2)
2
(44, 35)
--> Day : 1
-> Request 0
516
(4, 1, 1)
1
(56, 37)
-> Request 1
580
(1, 1, 1)
3
(52, 70)
-> Request 2
640
(3, 3, 1)
2
(44, 34)
-> Request 3
752
(4, 1, 1)
2
(9, 26)
-> Request 4
878
(3, 2, 1)
3
(52, 28)
-> Request 5
968
(2, 2, 1)
2
(10, 22)
-> Request 6
1430
(3, 3, 1)
3
(59, 43)
--> Day : 2
-> Request 0
497
(1, 2, 2)
2
(48, 35)
-> Request 1
1146
(1, 3, 1)
1
(53, 41)
-> Request 2
1226
(3, 3, 2)
1
(62, 69)
-> Request 3
1359
(4, 2, 2)
3
(56, 45)
-> Request 4
1419
(2, 1, 1)
2
(57, 38)
--> Day : 3
-> Request 0
119
(4, 3, 2)
2
(48, 32)
-> Request 1
180
(3, 2, 1)
2
(54, 32)
-> Request 2
689
(3, 3, 2)
3
(57, 39)
-> Request 3
920
(4, 2, 2)
3
(54, 33)
-> Request 4
1200
(4, 3, 1)
1
(54, 78)
-> Request 5
1327
(3, 1, 1)
3
(63, 74)
--> Day : 4
-> Request 0
326
(3, 2, 1)
3
(55, 28)
-> Request 1
532
(4, 1, 1)
1
(16, 23)
-> Request 2
1268
(4, 1, 2)
3
(17, 25)
---> Week : 116
--> Day : 0
-> Request 0
135
(2, 3, 1)
1
(51, 30)
-> Request 1
150
(4, 1, 1)
1
(64, 67)
-> Request 2
173
(4, 3, 1)
3
(53, 29)
-> Request 3
1229
(4, 2, 2)
3
(50, 32)
--> Day : 1
-> Request 0
116
(4, 1, 1)
3
(57, 77)
-> Request 1
699
(4, 3, 2)
2
(60, 36)
-> Request 2
711
(1, 3, 1)
2
(13, 26)
-> Request 3
854
(3, 1, 1)
2
(65, 70)
-> Request 4
922
(1, 3, 2)
2
(53, 33)
-> Request 5
1259
(3, 2, 1)
2
(58, 65)
-> Request 6
1423
(2, 2, 2)
1
(62, 64)
--> Day : 2
-> Request 0
283
(1, 2, 2)
2
(56, 46)
-> Request 1
468
(2, 1, 2)
2
(59, 41)
-> Request 2
930
(2, 2, 2)
1
(56, 39)
-> Request 3
1023
(2, 1, 1)
1
(14, 29)
-> Request 4
1159
(1, 2, 2)
3
(46, 35)
-> Request 5
1184
(2, 3, 2)
2
(53, 45)
-> Request 6
1241
(3, 3, 1)
2
(53, 41)
-> Request 7
1376
(3, 2, 1)
2
(49, 38)
--> Day : 3
-> Request 0
406
(3, 1, 1)
2
(48, 42)
-> Request 1
624
(4, 2, 2)
1
(55, 41)
--> Day : 4
-> Request 0
78
(2, 3, 2)
1
(66, 66)
-> Request 1
252
(2, 1, 1)
3
(55, 27)
-> Request 2
692
(3, 3, 2)
2
(52, 73)
-> Request 3
1138
(4, 2, 1)
1
(58, 76)
---> Week : 117
--> Day : 0
-> Request 0
666
(1, 1, 1)
1
(55, 28)
-> Request 1
674
(2, 3, 2)
3
(53, 31)
-> Request 2
1334
(2, 1, 1)
1
(57, 43)
-> Request 3
1340
(4, 3, 2)
2
(15, 20)
--> Day : 1
-> Request 0
44
(2, 3, 1)
1
(57, 65)
-> Request 1
160
(3, 3, 1)
1
(46, 27)
-> Request 2
274
(3, 1, 2)
3
(55, 39)
-> Request 3
586
(1, 2, 1)
2
(54, 76)
-> Request 4
692
(4, 3, 1)
1
(60, 44)
-> Request 5
1018
(4, 3, 1)
2
(65, 74)
-> Request 6
1160
(1, 3, 2)
2
(50, 44)
--> Day : 2
-> Request 0
175
(4, 2, 1)
1
(56, 75)
-> Request 1
175
(1, 2, 1)
1
(56, 46)
-> Request 2
189
(4, 3, 2)
2
(54, 43)
-> Request 3
308
(1, 2, 1)
2
(9, 20)
-> Request 4
384
(4, 2, 1)
2
(66, 65)
-> Request 5
701
(3, 2, 2)
3
(50, 43)
-> Request 6
754
(4, 1, 2)
3
(63, 65)
-> Request 7
1156
(3, 2, 2)
2
(58, 42)
-> Request 8
1190
(4, 3, 2)
1
(60, 72)
-> Request 9
1313
(2, 2, 2)
1
(55, 45)
-> Request 10
1378
(3, 1, 1)
3
(48, 38)
--> Day : 3
-> Request 0
931
(2, 2, 2)
2
(54, 64)
-> Request 1
1068
(2, 2, 1)
1
(64, 72)
-> Request 2
1091
(4, 2, 1)
2
(13, 24)
--> Day : 4
-> Request 0
258
(1, 3, 1)
3
(9, 27)
-> Request 1
657
(4, 3, 2)
2
(62, 42)
-> Request 2
688
(1, 3, 2)
1
(64, 77)
-> Request 3
708
(4, 2, 2)
1
(62, 35)
-> Request 4
822
(4, 3, 2)
2
(60, 75)
-> Request 5
874
(3, 3, 2)
3
(52, 40)
-> Request 6
916
(2, 2, 2)
3
(55, 36)
-> Request 7
935
(1, 1, 2)
2
(43, 34)
-> Request 8
1285
(1, 1, 1)
2
(62, 31)
---> Week : 118
--> Day : 0
-> Request 0
119
(1, 1, 1)
2
(52, 37)
-> Request 1
282
(4, 3, 1)
3
(53, 71)
-> Request 2
360
(4, 1, 1)
2
(54, 38)
-> Request 3
534
(3, 1, 2)
1
(57, 77)
-> Request 4
830
(3, 2, 2)
3
(11, 20)
--> Day : 1
-> Request 0
149
(1, 1, 2)
1
(58, 74)
-> Request 1
675
(2, 3, 2)
1
(50, 38)
-> Request 2
849
(2, 2, 1)
1
(57, 29)
-> Request 3
916
(2, 3, 2)
3
(59, 34)
-> Request 4
957
(1, 3, 2)
1
(52, 77)
-> Request 5
1061
(3, 2, 2)
2
(43, 36)
-> Request 6
1113
(4, 3, 2)
3
(62, 37)
-> Request 7
1183
(1, 3, 1)
2
(15, 26)
-> Request 8
1230
(3, 3, 2)
2
(10, 26)
-> Request 9
1352
(3, 1, 2)
1
(12, 22)
-> Request 10
1363
(4, 3, 1)
2
(55, 40)
--> Day : 2
-> Request 0
202
(4, 2, 1)
1
(45, 27)
-> Request 1
382
(3, 1, 1)
1
(17, 22)
-> Request 2
813
(4, 2, 2)
2
(47, 39)
-> Request 3
1265
(4, 2, 2)
2
(60, 74)
--> Day : 3
-> Request 0
57
(3, 3, 1)
2
(12, 24)
-> Request 1
61
(1, 2, 2)
1
(44, 45)
-> Request 2
99
(2, 1, 2)
2
(15, 24)
-> Request 3
661
(2, 1, 2)
1
(61, 73)
-> Request 4
794
(2, 1, 1)
2
(8, 28)
-> Request 5
942
(3, 2, 2)
3
(47, 31)
-> Request 6
1211
(4, 1, 1)
3
(45, 31)
-> Request 7
1229
(4, 2, 1)
2
(54, 43)
-> Request 8
1257
(1, 3, 1)
3
(11, 28)
--> Day : 4
-> Request 0
132
(3, 2, 2)
3
(9, 27)
-> Request 1
329
(4, 2, 2)
3
(43, 28)
-> Request 2
351
(2, 2, 2)
3
(10, 29)
-> Request 3
579
(2, 1, 1)
1
(44, 45)
---> Week : 119
--> Day : 0
-> Request 0
617
(2, 1, 2)
2
(53, 32)
-> Request 1
1362
(4, 2, 2)
3
(43, 45)
-> Request 2
1387
(3, 1, 2)
3
(44, 40)
--> Day : 1
-> Request 0
127
(1, 1, 1)
1
(60, 34)
-> Request 1
251
(4, 2, 2)
2
(15, 24)
-> Request 2
424
(1, 1, 2)
3
(58, 27)
-> Request 3
603
(2, 3, 1)
3
(57, 69)
-> Request 4
608
(4, 1, 1)
1
(60, 29)
-> Request 5
708
(4, 3, 1)
2
(60, 44)
-> Request 6
899
(2, 3, 2)
2
(66, 66)
-> Request 7
937
(4, 2, 1)
2
(50, 30)
-> Request 8
949
(2, 2, 2)
1
(8, 29)
-> Request 9
1139
(4, 2, 2)
3
(65, 73)
-> Request 10
1259
(3, 2, 2)
2
(51, 42)
-> Request 11
1341
(3, 2, 2)
3
(9, 24)
--> Day : 2
-> Request 0
805
(3, 1, 1)
2
(58, 67)
--> Day : 3
-> Request 0
712
(1, 2, 1)
1
(48, 36)
-> Request 1
753
(2, 1, 1)
1
(45, 35)
-> Request 2
1206
(3, 2, 1)
1
(57, 78)
-> Request 3
1219
(4, 3, 2)
2
(48, 43)
-> Request 4
1251
(1, 2, 1)
3
(47, 43)
--> Day : 4
-> Request 0
17
(1, 3, 1)
2
(11, 24)
-> Request 1
114
(4, 1, 1)
2
(17, 21)
-> Request 2
348
(4, 1, 2)
2
(57, 29)
-> Request 3
356
(2, 3, 2)
3
(59, 31)
-> Request 4
759
(4, 3, 1)
1
(17, 23)
-> Request 5
1027
(2, 1, 1)
1
(60, 39)
-> Request 6
1055
(1, 3, 1)
3
(45, 28)
-> Request 7
1372
(4, 3, 2)
3
(47, 40)
-> Request 8
1392
(4, 2, 1)
1
(11, 28)
-> Request 9
1422
(3, 1, 2)
1
(50, 31)
---> Week : 120
--> Day : 0
-> Request 0
582
(4, 1, 1)
2
(10, 25)
-> Request 1
1133
(2, 2, 1)
2
(58, 32)
-> Request 2
1399
(4, 1, 2)
2
(56, 39)
--> Day : 1
-> Request 0
92
(4, 1, 1)
3
(61, 31)
-> Request 1
191
(2, 1, 2)
2
(49, 45)
-> Request 2
315
(3, 1, 1)
3
(47, 34)
-> Request 3
471
(1, 3, 1)
3
(57, 27)
-> Request 4
1329
(4, 1, 1)
2
(49, 30)
--> Day : 2
-> Request 0
343
(3, 3, 2)
2
(59, 39)
-> Request 1
470
(4, 1, 1)
3
(49, 37)
-> Request 2
746
(3, 1, 1)
1
(55, 64)
-> Request 3
843
(4, 1, 1)
1
(64, 78)
-> Request 4
959
(1, 3, 1)
1
(51, 45)
-> Request 5
1029
(2, 3, 1)
3
(59, 34)
-> Request 6
1166
(3, 2, 2)
3
(59, 74)
-> Request 7
1389
(1, 2, 1)
3
(11, 26)
--> Day : 3
-> Request 0
148
(2, 2, 2)
2
(63, 65)
-> Request 1
159
(4, 3, 2)
1
(53, 38)
-> Request 2
452
(2, 3, 2)
3
(62, 74)
-> Request 3
876
(4, 3, 1)
1
(53, 44)
-> Request 4
1290
(4, 2, 2)
3
(50, 42)
--> Day : 4
-> Request 0
136
(4, 1, 1)
2
(45, 44)
-> Request 1
206
(4, 2, 2)
3
(60, 43)
-> Request 2
386
(2, 2, 1)
2
(12, 27)
-> Request 3
489
(3, 2, 2)
3
(65, 76)
-> Request 4
635
(3, 1, 2)
1
(13, 23)
---> Week : 121
--> Day : 0
-> Request 0
112
(2, 1, 2)
3
(61, 30)
-> Request 1
951
(4, 2, 2)
1
(66, 70)
-> Request 2
1082
(2, 1, 2)
2
(52, 40)
-> Request 3
1164
(2, 1, 1)
1
(46, 39)
-> Request 4
1228
(3, 3, 1)
1
(49, 43)
--> Day : 1
-> Request 0
360
(1, 2, 1)
1
(54, 35)
-> Request 1
373
(2, 2, 1)
1
(62, 67)
-> Request 2
520
(1, 3, 1)
3
(53, 35)
-> Request 3
579
(4, 3, 2)
2
(53, 40)
--> Day : 2
-> Request 0
663
(1, 2, 1)
3
(60, 32)
-> Request 1
736
(3, 2, 2)
3
(58, 71)
-> Request 2
866
(4, 1, 2)
2
(55, 30)
-> Request 3
1085
(4, 3, 2)
3
(54, 76)
--> Day : 3
-> Request 0
183
(4, 3, 2)
2
(49, 33)
-> Request 1
273
(3, 1, 2)
3
(62, 66)
-> Request 2
493
(4, 2, 1)
3
(45, 32)
-> Request 3
540
(3, 3, 1)
2
(54, 29)
-> Request 4
549
(2, 1, 1)
3
(59, 43)
-> Request 5
699
(3, 2, 2)
1
(62, 76)
-> Request 6
896
(4, 1, 1)
1
(50, 29)
-> Request 7
1063
(4, 1, 1)
3
(10, 20)
--> Day : 4
-> Request 0
31
(3, 1, 2)
3
(60, 46)
-> Request 1
118
(2, 3, 2)
2
(50, 45)
-> Request 2
167
(4, 3, 2)
1
(43, 36)
-> Request 3
290
(2, 2, 2)
1
(51, 42)
-> Request 4
507
(3, 1, 2)
3
(56, 39)
-> Request 5
677
(1, 3, 1)
2
(9, 29)
-> Request 6
855
(1, 2, 2)
3
(61, 46)
-> Request 7
1019
(2, 1, 2)
2
(44, 33)
---> Week : 122
--> Day : 0
-> Request 0
26
(4, 1, 1)
2
(52, 27)
-> Request 1
177
(4, 2, 1)
1
(48, 42)
-> Request 2
308
(3, 2, 1)
1
(49, 39)
-> Request 3
685
(3, 2, 1)
3
(62, 73)
-> Request 4
770
(2, 1, 2)
1
(64, 66)
-> Request 5
772
(3, 3, 2)
1
(56, 68)
-> Request 6
974
(1, 2, 1)
1
(65, 66)
--> Day : 1
-> Request 0
120
(2, 1, 2)
1
(17, 29)
-> Request 1
545
(4, 3, 1)
3
(53, 75)
-> Request 2
1153
(3, 2, 1)
3
(52, 33)
-> Request 3
1160
(3, 3, 1)
1
(59, 72)
-> Request 4
1169
(1, 1, 1)
2
(59, 36)
--> Day : 2
-> Request 0
44
(4, 3, 1)
2
(14, 26)
-> Request 1
50
(4, 1, 1)
1
(46, 29)
-> Request 2
347
(3, 2, 1)
2
(59, 37)
-> Request 3
826
(2, 1, 2)
3
(15, 27)
--> Day : 3
-> Request 0
44
(3, 1, 1)
1
(62, 74)
-> Request 1
359
(2, 2, 2)
1
(49, 32)
-> Request 2
364
(4, 3, 2)
2
(11, 27)
-> Request 3
543
(4, 1, 2)
2
(57, 77)
-> Request 4
857
(4, 1, 2)
2
(58, 27)
-> Request 5
1253
(3, 3, 2)
3
(62, 69)
--> Day : 4
-> Request 0
597
(2, 2, 2)
3
(45, 43)
-> Request 1
778
(2, 2, 2)
1
(57, 77)
-> Request 2
862
(1, 2, 2)
3
(62, 46)
-> Request 3
983
(3, 1, 2)
1
(60, 44)
-> Request 4
1130
(4, 2, 1)
1
(52, 71)
-> Request 5
1158
(4, 2, 2)
3
(50, 36)
---> Week : 123
--> Day : 0
-> Request 0
168
(2, 1, 1)
1
(60, 68)
-> Request 1
239
(1, 2, 2)
2
(60, 31)
-> Request 2
556
(4, 2, 1)
2
(49, 39)
-> Request 3
810
(3, 3, 1)
3
(62, 67)
-> Request 4
815
(3, 3, 2)
3
(58, 42)
-> Request 5
920
(2, 3, 1)
1
(47, 31)
-> Request 6
1153
(2, 1, 1)
2
(58, 66)
--> Day : 1
-> Request 0
131
(1, 3, 2)
1
(10, 28)
-> Request 1
595
(2, 1, 1)
2
(49, 37)
-> Request 2
704
(3, 2, 2)
1
(48, 40)
-> Request 3
753
(4, 3, 1)
2
(48, 30)
-> Request 4
1051
(2, 2, 1)
2
(44, 27)
-> Request 5
1125
(1, 1, 2)
2
(61, 41)
--> Day : 2
-> Request 0
617
(1, 1, 1)
1
(62, 33)
-> Request 1
693
(2, 3, 2)
1
(54, 70)
-> Request 2
773
(2, 1, 2)
3
(54, 36)
-> Request 3
778
(2, 3, 2)
3
(14, 20)
-> Request 4
881
(1, 3, 1)
2
(48, 31)
-> Request 5
933
(3, 2, 2)
2
(54, 38)
-> Request 6
1380
(2, 1, 1)
1
(51, 44)
-> Request 7
1385
(1, 2, 2)
3
(59, 45)
--> Day : 3
-> Request 0
335
(2, 3, 2)
2
(60, 71)
-> Request 1
369
(4, 1, 1)
1
(15, 24)
-> Request 2
418
(4, 3, 1)
2
(57, 29)
-> Request 3
653
(1, 2, 1)
3
(64, 78)
-> Request 4
763
(1, 2, 2)
1
(59, 43)
-> Request 5
778
(4, 3, 1)
2
(62, 43)
-> Request 6
844
(1, 3, 1)
2
(50, 31)
-> Request 7
1036
(4, 3, 1)
3
(58, 72)
--> Day : 4
-> Request 0
103
(3, 3, 1)
1
(49, 34)
-> Request 1
151
(3, 2, 1)
3
(59, 27)
-> Request 2
410
(3, 3, 1)
3
(44, 27)
-> Request 3
478
(1, 3, 2)
2
(62, 39)
-> Request 4
598
(3, 3, 2)
2
(13, 27)
-> Request 5
695
(2, 1, 2)
1
(49, 46)
-> Request 6
738
(2, 2, 1)
1
(16, 27)
-> Request 7
801
(3, 3, 2)
2
(51, 42)
-> Request 8
1148
(1, 1, 1)
1
(58, 68)
-> Request 9
1267
(2, 3, 2)
2
(47, 32)
-> Request 10
1284
(1, 1, 2)
3
(12, 28)
-> Request 11
1431
(1, 3, 2)
1
(59, 67)
---> Week : 124
--> Day : 0
-> Request 0
57
(3, 2, 2)
2
(56, 28)
-> Request 1
769
(4, 2, 1)
1
(47, 43)
-> Request 2
1059
(4, 3, 2)
3
(60, 31)
-> Request 3
1174
(4, 1, 1)
3
(52, 44)
--> Day : 1
-> Request 0
302
(3, 1, 2)
1
(44, 44)
-> Request 1
488
(3, 1, 1)
1
(14, 20)
-> Request 2
922
(4, 1, 2)
1
(61, 44)
-> Request 3
971
(2, 2, 1)
2
(57, 69)
--> Day : 2
-> Request 0
256
(3, 3, 2)
1
(60, 66)
-> Request 1
601
(4, 2, 2)
3
(10, 29)
-> Request 2
652
(3, 3, 1)
2
(64, 64)
-> Request 3
854
(1, 2, 2)
2
(54, 64)
-> Request 4
1044
(2, 2, 2)
3
(64, 69)
-> Request 5
1118
(1, 1, 2)
1
(49, 35)
-> Request 6
1172
(2, 2, 1)
2
(65, 78)
-> Request 7
1328
(1, 2, 1)
3
(55, 69)
--> Day : 3
-> Request 0
193
(3, 2, 1)
3
(55, 34)
-> Request 1
213
(2, 2, 1)
3
(11, 21)
-> Request 2
464
(3, 3, 1)
1
(45, 42)
-> Request 3
673
(2, 2, 2)
1
(60, 32)
-> Request 4
681
(1, 2, 1)
1
(57, 37)
-> Request 5
929
(2, 2, 1)
2
(63, 73)
-> Request 6
1072
(3, 3, 2)
2
(59, 28)
-> Request 7
1172
(3, 1, 1)
3
(50, 40)
--> Day : 4
-> Request 0
487
(3, 1, 2)
1
(45, 35)
-> Request 1
695
(3, 1, 2)
1
(14, 24)
-> Request 2
979
(1, 3, 2)
1
(61, 46)
---> Week : 125
--> Day : 0
-> Request 0
233
(3, 3, 1)
3
(61, 69)
-> Request 1
405
(4, 2, 2)
2
(44, 42)
-> Request 2
418
(4, 3, 1)
3
(52, 65)
-> Request 3
990
(1, 3, 2)
2
(10, 28)
-> Request 4
1359
(1, 1, 2)
1
(9, 24)
--> Day : 1
-> Request 0
336
(2, 2, 1)
2
(59, 35)
-> Request 1
473
(4, 3, 2)
1
(52, 30)
-> Request 2
1413
(3, 2, 2)
2
(54, 33)
--> Day : 2
-> Request 0
42
(3, 3, 2)
1
(61, 74)
-> Request 1
299
(3, 1, 1)
3
(59, 76)
-> Request 2
598
(2, 3, 2)
2
(16, 27)
-> Request 3
639
(4, 2, 1)
3
(57, 33)
-> Request 4
1102
(3, 3, 1)
1
(50, 36)
--> Day : 3
-> Request 0
16
(4, 1, 1)
2
(56, 78)
-> Request 1
327
(3, 1, 1)
2
(58, 31)
-> Request 2
341
(1, 2, 1)
2
(47, 30)
-> Request 3
1402
(3, 3, 1)
3
(54, 41)
--> Day : 4
-> Request 0
833
(1, 1, 1)
3
(54, 33)
-> Request 1
904
(1, 2, 1)
1
(54, 36)
---> Week : 126
--> Day : 0
-> Request 0
186
(1, 2, 2)
1
(43, 32)
-> Request 1
519
(3, 1, 2)
3
(64, 70)
-> Request 2
1287
(3, 1, 1)
3
(62, 70)
--> Day : 1
-> Request 0
1044
(3, 2, 2)
1
(65, 75)
-> Request 1
1117
(2, 3, 1)
3
(52, 29)
-> Request 2
1170
(2, 3, 1)
1
(50, 38)
-> Request 3
1349
(3, 1, 2)
1
(65, 78)
--> Day : 2
-> Request 0
478
(1, 1, 2)
1
(43, 34)
-> Request 1
616
(1, 1, 2)
1
(61, 45)
-> Request 2
1394
(1, 1, 1)
2
(56, 75)
-> Request 3
1414
(1, 2, 2)
2
(17, 23)
--> Day : 3
-> Request 0
289
(3, 1, 2)
2
(58, 77)
-> Request 1
438
(3, 1, 1)
1
(14, 29)
-> Request 2
447
(2, 1, 1)
2
(58, 31)
-> Request 3
751
(4, 1, 1)
1
(59, 36)
-> Request 4
1185
(1, 1, 2)
1
(57, 39)
-> Request 5
1242
(1, 2, 2)
1
(61, 67)
-> Request 6
1295
(3, 3, 1)
3
(58, 35)
-> Request 7
1316
(4, 2, 2)
3
(55, 70)
-> Request 8
1351
(3, 1, 2)
2
(60, 72)
--> Day : 4
-> Request 0
166
(1, 2, 1)
3
(55, 36)
-> Request 1
256
(3, 3, 2)
3
(14, 29)
-> Request 2
427
(3, 2, 2)
1
(55, 76)
-> Request 3
607
(2, 1, 1)
3
(64, 69)
-> Request 4
669
(3, 2, 1)
3
(44, 30)
-> Request 5
1387
(3, 3, 1)
2
(61, 42)
-> Request 6
1438
(1, 1, 1)
1
(59, 68)
---> Week : 127
--> Day : 0
-> Request 0
129
(3, 3, 1)
3
(52, 27)
-> Request 1
400
(2, 3, 2)
2
(62, 32)
-> Request 2
603
(1, 2, 1)
2
(10, 20)
-> Request 3
745
(2, 2, 1)
1
(59, 71)
-> Request 4
763
(1, 1, 2)
2
(11, 26)
-> Request 5
1079
(2, 2, 1)
1
(66, 74)
-> Request 6
1207
(3, 2, 1)
1
(60, 70)
--> Day : 1
-> Request 0
149
(4, 3, 1)
2
(50, 35)
-> Request 1
661
(4, 3, 1)
2
(57, 41)
-> Request 2
1314
(2, 1, 1)
2
(56, 68)
-> Request 3
1416
(1, 3, 2)
3
(60, 69)
--> Day : 2
-> Request 0
731
(1, 3, 1)
3
(62, 77)
-> Request 1
1092
(1, 1, 2)
1
(49, 44)
--> Day : 3
-> Request 0
88
(4, 1, 1)
1
(58, 69)
-> Request 1
152
(1, 3, 2)
3
(48, 32)
-> Request 2
565
(2, 2, 1)
1
(53, 78)
-> Request 3
1190
(4, 1, 1)
1
(9, 20)
-> Request 4
1196
(3, 2, 2)
2
(65, 68)
--> Day : 4
-> Request 0
73
(1, 2, 1)
3
(65, 78)
-> Request 1
146
(4, 3, 2)
2
(60, 78)
-> Request 2
672
(2, 3, 2)
2
(52, 67)
-> Request 3
1199
(2, 1, 1)
1
(59, 72)
-> Request 4
1415
(3, 1, 1)
2
(53, 77)
---> Week : 128
--> Day : 0
-> Request 0
205
(2, 2, 1)
2
(54, 30)
-> Request 1
337
(4, 3, 1)
1
(53, 36)
-> Request 2
621
(3, 3, 2)
2
(52, 30)
-> Request 3
1023
(1, 2, 2)
1
(66, 66)
-> Request 4
1060
(1, 3, 1)
2
(62, 30)
-> Request 5
1102
(4, 1, 2)
2
(53, 65)
-> Request 6
1249
(2, 1, 2)
1
(59, 30)
-> Request 7
1368
(1, 3, 1)
1
(62, 71)
--> Day : 1
-> Request 0
572
(4, 3, 2)
2
(57, 74)
-> Request 1
1269
(3, 1, 1)
1
(58, 32)
-> Request 2
1316
(4, 2, 2)
2
(56, 65)
-> Request 3
1398
(1, 2, 2)
3
(55, 74)
--> Day : 2
-> Request 0
249
(4, 1, 2)
1
(17, 24)
-> Request 1
280
(1, 3, 2)
1
(61, 67)
--> Day : 3
-> Request 0
222
(1, 3, 2)
1
(57, 76)
-> Request 1
250
(4, 2, 2)
3
(54, 66)
-> Request 2
256
(1, 1, 1)
2
(60, 76)
-> Request 3
306
(4, 3, 1)
1
(50, 30)
-> Request 4
740
(4, 3, 2)
2
(62, 68)
-> Request 5
870
(3, 1, 2)
2
(61, 36)
-> Request 6
1402
(4, 1, 1)
1
(61, 34)
--> Day : 4
-> Request 0
100
(3, 1, 1)
3
(60, 40)
-> Request 1
116
(3, 3, 2)
2
(60, 40)
-> Request 2
194
(2, 1, 2)
2
(60, 41)
-> Request 3
739
(2, 3, 1)
3
(54, 43)
-> Request 4
762
(4, 3, 2)
1
(61, 43)
-> Request 5
829
(4, 2, 1)
2
(53, 69)
-> Request 6
931
(2, 3, 2)
3
(58, 68)
-> Request 7
1168
(4, 1, 2)
3
(45, 34)
-> Request 8
1256
(3, 2, 1)
3
(58, 72)
-> Request 9
1303
(4, 3, 2)
2
(60, 32)
---> Week : 129
--> Day : 0
-> Request 0
124
(1, 1, 1)
3
(57, 78)
-> Request 1
212
(2, 3, 1)
1
(9, 27)
-> Request 2
306
(2, 3, 1)
3
(14, 20)
-> Request 3
587
(3, 3, 1)
1
(57, 78)
-> Request 4
696
(2, 2, 1)
1
(13, 28)
-> Request 5
748
(3, 1, 2)
3
(64, 68)
-> Request 6
841
(3, 1, 2)
2
(44, 28)
-> Request 7
1309
(4, 2, 2)
2
(61, 46)
--> Day : 1
-> Request 0
300
(2, 1, 1)
2
(57, 36)
-> Request 1
339
(2, 3, 1)
3
(12, 21)
-> Request 2
415
(2, 3, 1)
2
(45, 27)
-> Request 3
467
(4, 2, 2)
2
(9, 29)
-> Request 4
525
(3, 1, 2)
1
(48, 46)
-> Request 5
664
(3, 2, 1)
3
(51, 46)
-> Request 6
1072
(1, 3, 2)
2
(43, 37)
-> Request 7
1100
(4, 1, 1)
1
(47, 38)
-> Request 8
1432
(2, 2, 1)
2
(60, 41)
--> Day : 2
-> Request 0
257
(3, 2, 1)
2
(52, 70)
-> Request 1
336
(3, 3, 2)
3
(61, 76)
-> Request 2
454
(1, 3, 1)
2
(56, 46)
-> Request 3
623
(2, 1, 1)
2
(48, 37)
-> Request 4
646
(4, 1, 2)
2
(59, 40)
-> Request 5
865
(4, 3, 1)
3
(44, 30)
-> Request 6
869
(4, 3, 1)
2
(57, 35)
--> Day : 3
-> Request 0
59
(4, 2, 2)
2
(8, 21)
-> Request 1
83
(3, 3, 1)
2
(13, 25)
-> Request 2
466
(4, 2, 1)
2
(9, 20)
-> Request 3
1042
(4, 3, 2)
3
(57, 30)
-> Request 4
1073
(1, 3, 1)
2
(61, 71)
--> Day : 4
-> Request 0
24
(2, 2, 1)
2
(62, 33)
-> Request 1
218
(3, 3, 1)
2
(8, 23)
-> Request 2
383
(1, 1, 1)
2
(50, 35)
-> Request 3
587
(2, 3, 2)
3
(44, 33)
-> Request 4
674
(3, 3, 2)
2
(58, 65)
-> Request 5
934
(4, 3, 2)
1
(65, 73)
-> Request 6
1049
(2, 3, 2)
2
(58, 72)
-> Request 7
1087
(1, 1, 1)
3
(51, 39)
-> Request 8
1156
(2, 1, 2)
2
(56, 27)
-> Request 9
1179
(4, 3, 2)
3
(56, 36)
-> Request 10
1242
(4, 2, 2)
1
(62, 40)
---> Week : 130
--> Day : 0
-> Request 0
60
(2, 2, 1)
2
(54, 75)
-> Request 1
482
(4, 1, 2)
2
(8, 23)
-> Request 2
565
(3, 1, 2)
1
(46, 28)
-> Request 3
719
(3, 2, 1)
3
(61, 68)
-> Request 4
746
(2, 3, 2)
3
(56, 71)
-> Request 5
816
(2, 1, 1)
2
(55, 76)
-> Request 6
1377
(3, 3, 1)
1
(61, 46)
--> Day : 1
-> Request 0
170
(3, 2, 1)
3
(8, 25)
-> Request 1
425
(4, 2, 2)
1
(47, 33)
-> Request 2
794
(4, 1, 2)
3
(58, 29)
--> Day : 2
-> Request 0
38
(3, 1, 2)
3
(47, 30)
-> Request 1
244
(4, 3, 2)
2
(57, 69)
-> Request 2
395
(1, 1, 1)
3
(43, 43)
-> Request 3
507
(1, 1, 1)
3
(56, 39)
-> Request 4
1049
(4, 2, 1)
2
(61, 46)
-> Request 5
1123
(4, 2, 2)
1
(55, 34)
--> Day : 3
-> Request 0
417
(4, 3, 1)
1
(52, 72)
-> Request 1
491
(2, 1, 1)
1
(45, 41)
-> Request 2
603
(2, 2, 1)
1
(66, 78)
-> Request 3
893
(2, 2, 2)
2
(55, 46)
-> Request 4
1049
(1, 2, 2)
1
(48, 42)
-> Request 5
1094
(2, 2, 2)
1
(52, 39)
-> Request 6
1121
(3, 2, 2)
1
(54, 41)
-> Request 7
1149
(1, 3, 1)
1
(57, 45)
-> Request 8
1377
(4, 1, 1)
1
(55, 38)
--> Day : 4
-> Request 0
291
(2, 3, 1)
1
(10, 24)
-> Request 1
462
(1, 3, 2)
1
(56, 34)
-> Request 2
834
(4, 1, 1)
1
(16, 22)
-> Request 3
874
(2, 1, 1)
3
(54, 46)
---> Week : 131
--> Day : 0
-> Request 0
741
(1, 3, 2)
2
(58, 40)
-> Request 1
1028
(2, 3, 1)
1
(57, 45)
-> Request 2
1370
(1, 1, 1)
2
(59, 30)
-> Request 3
1400
(2, 1, 2)
3
(64, 75)
--> Day : 1
-> Request 0
8
(2, 3, 1)
2
(44, 31)
-> Request 1
152
(3, 1, 2)
3
(62, 29)
-> Request 2
604
(3, 2, 2)
2
(65, 64)
-> Request 3
976
(1, 2, 1)
2
(52, 71)
-> Request 4
1377
(4, 3, 1)
1
(58, 43)
--> Day : 2
-> Request 0
161
(3, 2, 2)
1
(13, 29)
-> Request 1
712
(1, 2, 2)
3
(48, 28)
-> Request 2
890
(2, 2, 2)
3
(57, 38)
-> Request 3
1074
(4, 1, 2)
2
(14, 22)
--> Day : 3
-> Request 0
25
(3, 3, 1)
2
(55, 64)
-> Request 1
52
(1, 3, 1)
2
(13, 26)
-> Request 2
440
(1, 1, 1)
2
(45, 35)
-> Request 3
498
(3, 3, 1)
1
(56, 77)
-> Request 4
548
(3, 3, 2)
1
(58, 37)
-> Request 5
762
(2, 1, 1)
1
(15, 22)
-> Request 6
981
(2, 1, 2)
1
(59, 75)
-> Request 7
1055
(2, 3, 1)
3
(46, 45)
--> Day : 4
-> Request 0
161
(3, 2, 1)
3
(44, 42)
-> Request 1
1101
(4, 1, 2)
3
(59, 65)
-> Request 2
1305
(3, 3, 1)
1
(55, 44)
-> Request 3
1313
(4, 3, 2)
3
(48, 39)
---> Week : 132
--> Day : 0
-> Request 0
199
(4, 1, 2)
3
(55, 33)
-> Request 1
358
(4, 1, 2)
1
(53, 71)
-> Request 2
850
(1, 2, 1)
2
(15, 28)
-> Request 3
1295
(2, 3, 2)
2
(65, 65)
--> Day : 1
-> Request 0
87
(3, 1, 2)
3
(61, 70)
-> Request 1
618
(3, 1, 2)
3
(60, 74)
-> Request 2
650
(4, 2, 1)
2
(13, 23)
-> Request 3
1135
(3, 1, 2)
1
(66, 66)
-> Request 4
1157
(3, 3, 1)
3
(48, 45)
-> Request 5
1289
(3, 3, 2)
2
(58, 34)
-> Request 6
1382
(2, 2, 1)
3
(52, 31)
--> Day : 2
-> Request 0
343
(2, 3, 2)
1
(66, 76)
-> Request 1
402
(4, 2, 2)
3
(49, 33)
-> Request 2
755
(3, 1, 2)
1
(14, 25)
--> Day : 3
-> Request 0
137
(2, 2, 2)
1
(59, 37)
-> Request 1
137
(3, 3, 2)
1
(12, 26)
-> Request 2
175
(4, 3, 2)
3
(61, 28)
-> Request 3
481
(3, 3, 2)
1
(53, 39)
-> Request 4
698
(1, 1, 1)
1
(15, 28)
-> Request 5
1013
(4, 3, 2)
2
(11, 26)
-> Request 6
1046
(1, 1, 2)
1
(13, 21)
--> Day : 4
-> Request 0
329
(1, 1, 2)
2
(17, 27)
-> Request 1
348
(4, 3, 1)
2
(50, 37)
-> Request 2
432
(4, 1, 2)
1
(43, 35)
-> Request 3
516
(4, 2, 1)
3
(57, 74)
-> Request 4
872
(4, 1, 2)
2
(46, 43)
-> Request 5
979
(3, 1, 2)
2
(48, 31)
-> Request 6
1337
(4, 1, 1)
1
(49, 28)
-> Request 7
1421
(4, 3, 1)
1
(55, 71)
---> Week : 133
--> Day : 0
-> Request 0
497
(1, 1, 2)
2
(15, 29)
-> Request 1
556
(4, 1, 2)
1
(46, 35)
-> Request 2
988
(3, 1, 2)
2
(55, 74)
--> Day : 1
-> Request 0
19
(3, 2, 1)
1
(61, 29)
-> Request 1
149
(2, 3, 1)
3
(13, 20)
-> Request 2
502
(1, 2, 2)
1
(59, 38)
-> Request 3
783
(1, 3, 1)
3
(62, 28)
-> Request 4
906
(1, 2, 1)
1
(55, 68)
-> Request 5
1132
(2, 1, 2)
3
(48, 35)
-> Request 6
1164
(4, 3, 2)
3
(54, 44)
-> Request 7
1415
(1, 3, 2)
3
(62, 32)
-> Request 8
1438
(3, 2, 1)
2
(60, 31)
--> Day : 2
-> Request 0
208
(2, 1, 1)
2
(12, 24)
-> Request 1
261
(3, 3, 1)
2
(54, 39)
-> Request 2
427
(1, 2, 1)
1
(54, 74)
-> Request 3
497
(2, 1, 1)
1
(52, 40)
-> Request 4
798
(3, 1, 2)
1
(56, 76)
-> Request 5
1073
(4, 1, 1)
1
(53, 34)
-> Request 6
1181
(1, 1, 1)
3
(51, 33)
--> Day : 3
-> Request 0
189
(1, 1, 2)
1
(64, 64)
-> Request 1
311
(1, 1, 1)
3
(45, 42)
-> Request 2
341
(3, 2, 2)
3
(54, 68)
-> Request 3
363
(3, 3, 1)
3
(56, 40)
-> Request 4
376
(2, 1, 1)
2
(56, 36)
-> Request 5
937
(4, 3, 2)
1
(52, 46)
-> Request 6
1251
(3, 3, 2)
3
(47, 27)
--> Day : 4
-> Request 0
433
(3, 2, 1)
1
(44, 30)
-> Request 1
435
(2, 1, 2)
1
(44, 33)
-> Request 2
463
(1, 2, 2)
1
(53, 29)
-> Request 3
686
(4, 3, 2)
1
(56, 34)
-> Request 4
948
(2, 1, 1)
2
(14, 25)
-> Request 5
1439
(2, 2, 1)
3
(49, 44)
---> Week : 134
--> Day : 0
-> Request 0
18
(4, 3, 2)
1
(63, 72)
-> Request 1
199
(1, 1, 2)
1
(65, 65)
-> Request 2
317
(4, 1, 1)
2
(43, 41)
-> Request 3
693
(3, 2, 1)
3
(54, 46)
-> Request 4
714
(2, 2, 1)
3
(65, 67)
-> Request 5
741
(3, 2, 2)
3
(51, 36)
-> Request 6
1112
(4, 2, 1)
2
(45, 46)
-> Request 7
1182
(4, 1, 1)
3
(63, 70)
-> Request 8
1271
(4, 1, 1)
2
(10, 22)
--> Day : 1
-> Request 0
432
(3, 1, 1)
2
(49, 37)
-> Request 1
457
(4, 1, 1)
1
(66, 74)
-> Request 2
511
(4, 2, 1)
1
(50, 31)
-> Request 3
878
(2, 1, 1)
1
(53, 43)
-> Request 4
889
(1, 1, 1)
2
(60, 72)
-> Request 5
1163
(1, 2, 2)
3
(55, 31)
-> Request 6
1166
(2, 1, 1)
3
(43, 36)
--> Day : 2
-> Request 0
8
(4, 2, 1)
3
(54, 37)
-> Request 1
27
(3, 2, 1)
3
(44, 37)
-> Request 2
34
(1, 3, 1)
3
(62, 38)
-> Request 3
89
(2, 2, 2)
3
(65, 71)
-> Request 4
403
(1, 3, 1)
1
(57, 72)
-> Request 5
547
(1, 3, 1)
3
(50, 32)
-> Request 6
714
(2, 3, 1)
3
(54, 67)
-> Request 7
1044
(2, 3, 1)
2
(66, 78)
-> Request 8
1067
(2, 1, 1)
1
(48, 46)
-> Request 9
1082
(1, 1, 1)
1
(48, 39)
--> Day : 3
-> Request 0
122
(1, 1, 1)
1
(10, 29)
-> Request 1
192
(2, 3, 1)
3
(58, 28)
-> Request 2
563
(2, 2, 2)
2
(55, 33)
-> Request 3
811
(2, 3, 1)
2
(57, 69)
-> Request 4
1344
(2, 3, 2)
3
(59, 69)
--> Day : 4
-> Request 0
393
(2, 3, 2)
3
(56, 34)
-> Request 1
687
(3, 1, 1)
1
(59, 40)
-> Request 2
1050
(3, 2, 2)
2
(46, 42)
-> Request 3
1425
(1, 3, 1)
3
(45, 45)
---> Week : 135
--> Day : 0
-> Request 0
318
(3, 2, 1)
1
(59, 41)
-> Request 1
352
(1, 1, 1)
2
(56, 71)
-> Request 2
385
(2, 2, 1)
3
(62, 36)
-> Request 3
535
(3, 2, 2)
1
(52, 33)
-> Request 4
813
(3, 2, 1)
2
(59, 73)
--> Day : 1
-> Request 0
206
(1, 2, 1)
2
(47, 44)
-> Request 1
339
(4, 3, 2)
1
(8, 24)
-> Request 2
1256
(2, 1, 1)
3
(62, 67)
--> Day : 2
-> Request 0
148
(4, 3, 2)
3
(54, 76)
-> Request 1
275
(3, 1, 2)
2
(13, 23)
-> Request 2
1025
(3, 3, 1)
3
(64, 70)
--> Day : 3
-> Request 0
50
(4, 2, 2)
1
(46, 33)
-> Request 1
174
(4, 2, 2)
2
(58, 38)
-> Request 2
329
(4, 3, 1)
1
(57, 45)
-> Request 3
582
(4, 1, 2)
3
(64, 73)
-> Request 4
1063
(1, 1, 1)
3
(17, 26)
-> Request 5
1065
(4, 1, 2)
3
(52, 30)
-> Request 6
1118
(4, 1, 2)
3
(50, 32)
-> Request 7
1316
(1, 2, 1)
3
(60, 65)
--> Day : 4
-> Request 0
126
(2, 1, 1)
2
(48, 44)
-> Request 1
343
(4, 3, 1)
2
(62, 69)
-> Request 2
532
(1, 2, 2)
3
(52, 28)
-> Request 3
1094
(4, 1, 1)
3
(56, 30)
-> Request 4
1095
(2, 1, 2)
1
(62, 76)
---> Week : 136
--> Day : 0
-> Request 0
207
(2, 2, 1)
2
(55, 42)
-> Request 1
720
(1, 2, 2)
1
(8, 24)
-> Request 2
793
(2, 1, 1)
1
(66, 65)
-> Request 3
1102
(1, 2, 2)
3
(49, 28)
--> Day : 1
-> Request 0
106
(1, 1, 2)
2
(48, 33)
-> Request 1
243
(2, 3, 2)
2
(49, 37)
-> Request 2
331
(2, 2, 2)
2
(60, 28)
-> Request 3
559
(3, 3, 1)
2
(51, 30)
-> Request 4
566
(2, 2, 2)
3
(60, 42)
-> Request 5
784
(2, 1, 1)
3
(48, 27)
-> Request 6
884
(1, 2, 1)
2
(17, 21)
-> Request 7
1044
(3, 2, 2)
2
(52, 70)
-> Request 8
1263
(2, 2, 1)
1
(47, 32)
--> Day : 2
-> Request 0
288
(1, 3, 1)
1
(62, 76)
-> Request 1
534
(3, 2, 2)
1
(58, 28)
-> Request 2
968
(4, 3, 2)
2
(55, 43)
-> Request 3
1336
(4, 3, 1)
3
(50, 46)
-> Request 4
1431
(2, 3, 2)
3
(58, 42)
--> Day : 3
-> Request 0
159
(4, 2, 2)
1
(51, 44)
-> Request 1
360
(1, 2, 1)
1
(57, 45)
-> Request 2
448
(4, 3, 2)
2
(65, 69)
-> Request 3
792
(3, 1, 2)
3
(57, 36)
-> Request 4
1069
(4, 2, 1)
3
(61, 31)
-> Request 5
1163
(1, 3, 1)
1
(47, 29)
--> Day : 4
-> Request 0
82
(2, 3, 2)
1
(54, 27)
-> Request 1
416
(3, 1, 2)
2
(59, 43)
-> Request 2
726
(3, 2, 2)
2
(58, 70)
-> Request 3
813
(1, 2, 2)
1
(59, 43)
-> Request 4
1171
(2, 2, 2)
3
(9, 23)
-> Request 5
1212
(3, 2, 1)
2
(57, 68)
-> Request 6
1261
(1, 1, 2)
2
(11, 23)
---> Week : 137
--> Day : 0
-> Request 0
393
(2, 2, 1)
2
(52, 74)
-> Request 1
1280
(3, 3, 2)
1
(55, 45)
--> Day : 1
-> Request 0
8
(2, 2, 2)
2
(53, 39)
-> Request 1
67
(2, 3, 1)
2
(53, 75)
-> Request 2
189
(1, 3, 1)
2
(53, 42)
-> Request 3
552
(2, 1, 1)
1
(15, 20)
-> Request 4
558
(1, 3, 2)
1
(50, 38)
-> Request 5
877
(3, 1, 1)
3
(58, 72)
-> Request 6
1040
(3, 3, 1)
3
(60, 43)
-> Request 7
1183
(2, 1, 1)
3
(55, 70)
--> Day : 2
-> Request 0
116
(4, 1, 1)
2
(10, 28)
-> Request 1
280
(1, 1, 1)
2
(64, 65)
-> Request 2
548
(1, 2, 1)
1
(45, 27)
-> Request 3
973
(3, 2, 2)
1
(16, 26)
-> Request 4
1056
(3, 1, 2)
3
(13, 28)
-> Request 5
1077
(2, 1, 1)
2
(57, 38)
--> Day : 3
-> Request 0
117
(1, 2, 1)
3
(49, 37)
-> Request 1
366
(2, 3, 1)
2
(52, 29)
-> Request 2
538
(2, 2, 1)
3
(53, 40)
-> Request 3
609
(3, 1, 1)
1
(60, 40)
-> Request 4
1044
(3, 2, 1)
1
(13, 27)
--> Day : 4
-> Request 0
444
(4, 1, 1)
2
(52, 75)
-> Request 1
536
(3, 2, 1)
1
(63, 70)
-> Request 2
634
(4, 2, 1)
3
(17, 26)
-> Request 3
703
(2, 2, 1)
1
(11, 29)
---> Week : 138
--> Day : 0
-> Request 0
34
(3, 3, 2)
3
(57, 34)
-> Request 1
271
(1, 3, 2)
2
(9, 28)
-> Request 2
435
(4, 2, 2)
2
(59, 43)
-> Request 3
758
(1, 1, 2)
2
(52, 39)
-> Request 4
1386
(1, 1, 2)
3
(61, 64)
--> Day : 1
-> Request 0
452
(2, 2, 2)
3
(55, 36)
-> Request 1
818
(4, 1, 1)
2
(52, 27)
-> Request 2
1258
(4, 2, 2)
2
(55, 74)
-> Request 3
1341
(1, 2, 1)
3
(53, 66)
-> Request 4
1347
(2, 3, 2)
3
(50, 28)
--> Day : 2
-> Request 0
362
(3, 3, 2)
2
(14, 25)
-> Request 1
420
(2, 3, 2)
2
(44, 40)
-> Request 2
658
(4, 2, 1)
1
(59, 78)
-> Request 3
808
(1, 3, 2)
2
(54, 37)
-> Request 4
1172
(1, 1, 1)
2
(58, 42)
--> Day : 3
-> Request 0
259
(2, 1, 1)
2
(54, 35)
-> Request 1
390
(2, 3, 1)
1
(49, 39)
-> Request 2
527
(1, 3, 1)
1
(60, 36)
-> Request 3
973
(3, 2, 1)
3
(61, 45)
-> Request 4
1156
(1, 2, 2)
1
(15, 27)
--> Day : 4
-> Request 0
237
(3, 2, 1)
3
(61, 66)
-> Request 1
459
(3, 1, 2)
2
(60, 74)
-> Request 2
699
(1, 1, 1)
3
(55, 66)
-> Request 3
708
(2, 1, 1)
2
(54, 29)
-> Request 4
1148
(4, 3, 2)
3
(11, 21)
-> Request 5
1409
(4, 2, 1)
2
(55, 44)
---> Week : 139
--> Day : 0
-> Request 0
435
(1, 1, 1)
3
(61, 28)
-> Request 1
960
(1, 2, 2)
3
(47, 34)
-> Request 2
1169
(1, 2, 2)
1
(62, 69)
-> Request 3
1216
(3, 3, 2)
3
(48, 41)
--> Day : 1
-> Request 0
118
(1, 1, 2)
2
(50, 44)
-> Request 1
154
(3, 3, 1)
3
(47, 33)
-> Request 2
516
(4, 1, 1)
2
(60, 40)
-> Request 3
1011
(1, 1, 1)
3
(58, 46)
-> Request 4
1138
(2, 2, 2)
1
(8, 21)
-> Request 5
1421
(1, 2, 2)
1
(48, 46)
--> Day : 2
-> Request 0
549
(3, 2, 1)
2
(48, 45)
-> Request 1
892
(4, 1, 1)
3
(8, 27)
-> Request 2
912
(4, 2, 2)
2
(43, 32)
-> Request 3
978
(1, 3, 1)
2
(52, 35)
-> Request 4
1127
(3, 1, 1)
1
(59, 75)
-> Request 5
1240
(3, 1, 1)
2
(54, 45)
--> Day : 3
-> Request 0
31
(1, 3, 1)
3
(60, 28)
-> Request 1
498
(4, 3, 1)
1
(52, 34)
-> Request 2
858
(3, 1, 2)
2
(60, 44)
-> Request 3
904
(2, 3, 1)
2
(61, 66)
-> Request 4
984
(2, 1, 2)
3
(50, 38)
-> Request 5
1246
(3, 1, 1)
1
(44, 40)
-> Request 6
1405
(2, 3, 1)
3
(65, 76)
--> Day : 4
-> Request 0
28
(2, 3, 1)
3
(61, 71)
-> Request 1
498
(1, 1, 2)
2
(48, 29)
-> Request 2
513
(2, 1, 2)
1
(56, 43)
-> Request 3
674
(2, 3, 2)
1
(45, 39)
-> Request 4
924
(2, 2, 1)
3
(50, 42)
-> Request 5
1052
(4, 2, 2)
2
(44, 40)
-> Request 6
1093
(2, 3, 2)
1
(62, 46)
-> Request 7
1282
(3, 3, 2)
3
(44, 35)
---> Week : 140
--> Day : 0
-> Request 0
437
(4, 3, 1)
2
(60, 33)
-> Request 1
507
(1, 3, 2)
2
(53, 77)
-> Request 2
689
(1, 2, 2)
2
(60, 42)
-> Request 3
1080
(2, 2, 1)
3
(47, 43)
--> Day : 1
-> Request 0
205
(1, 2, 2)
1
(56, 40)
-> Request 1
236
(2, 3, 1)
3
(49, 32)
-> Request 2
357
(1, 2, 1)
3
(57, 43)
-> Request 3
367
(3, 3, 1)
2
(50, 34)
-> Request 4
578
(1, 3, 1)
1
(52, 68)
-> Request 5
615
(1, 3, 1)
3
(55, 29)
-> Request 6
792
(4, 3, 2)
1
(47, 35)
-> Request 7
847
(3, 2, 1)
2
(60, 71)
-> Request 8
1084
(4, 2, 1)
1
(60, 40)
-> Request 9
1106
(3, 2, 1)
1
(64, 78)
-> Request 10
1341
(2, 2, 1)
3
(62, 34)
--> Day : 2
-> Request 0
286
(4, 1, 2)
2
(59, 76)
-> Request 1
601
(2, 3, 2)
3
(60, 42)
-> Request 2
892
(2, 1, 2)
1
(54, 34)
-> Request 3
965
(2, 1, 2)
2
(56, 46)
-> Request 4
988
(1, 2, 1)
1
(54, 34)
-> Request 5
993
(3, 3, 2)
1
(52, 46)
-> Request 6
1226
(1, 3, 1)
3
(58, 32)
-> Request 7
1325
(2, 3, 2)
3
(64, 78)
--> Day : 3
-> Request 0
4
(4, 3, 1)
1
(55, 32)
-> Request 1
131
(4, 1, 2)
1
(56, 41)
-> Request 2
166
(1, 3, 1)
3
(55, 39)
-> Request 3
306
(4, 1, 1)
1
(45, 40)
-> Request 4
361
(2, 2, 2)
2
(65, 72)
-> Request 5
503
(2, 3, 2)
3
(17, 20)
-> Request 6
1011
(4, 3, 2)
1
(60, 71)
-> Request 7
1439
(2, 1, 1)
3
(15, 22)
--> Day : 4
-> Request 0
71
(3, 2, 1)
1
(63, 71)
-> Request 1
120
(4, 2, 2)
3
(65, 67)
-> Request 2
285
(3, 3, 1)
3
(64, 71)
-> Request 3
649
(4, 1, 2)
2
(61, 43)
-> Request 4
768
(1, 3, 2)
2
(53, 74)
-> Request 5
1093
(2, 2, 1)
3
(62, 75)
---> Week : 141
--> Day : 0
-> Request 0
295
(3, 1, 1)
2
(59, 42)
-> Request 1
576
(3, 2, 1)
3
(58, 37)
-> Request 2
800
(4, 1, 1)
3
(49, 34)
-> Request 3
851
(3, 1, 2)
2
(65, 77)
-> Request 4
1045
(2, 2, 2)
3
(52, 75)
-> Request 5
1060
(2, 1, 2)
1
(63, 68)
-> Request 6
1233
(2, 3, 1)
2
(8, 21)
--> Day : 1
-> Request 0
1359
(2, 2, 2)
1
(47, 44)
--> Day : 2
-> Request 0
122
(3, 1, 1)
3
(54, 41)
-> Request 1
201
(3, 3, 1)
3
(57, 75)
-> Request 2
419
(4, 1, 2)
3
(48, 27)
-> Request 3
571
(2, 2, 1)
1
(56, 28)
-> Request 4
842
(2, 2, 2)
3
(62, 76)
-> Request 5
991
(2, 3, 2)
2
(65, 66)
--> Day : 3
-> Request 0
1116
(1, 3, 1)
2
(62, 27)
-> Request 1
1122
(2, 2, 2)
1
(60, 36)
-> Request 2
1262
(4, 2, 1)
3
(51, 29)
--> Day : 4
-> Request 0
135
(1, 1, 2)
1
(12, 22)
-> Request 1
235
(4, 2, 2)
1
(66, 71)
-> Request 2
306
(1, 3, 2)
3
(59, 70)
-> Request 3
408
(1, 1, 1)
1
(53, 39)
-> Request 4
476
(3, 1, 1)
1
(61, 28)
-> Request 5
551
(1, 3, 2)
1
(62, 71)
-> Request 6
634
(3, 3, 2)
2
(12, 21)
-> Request 7
892
(3, 1, 1)
2
(51, 46)
-> Request 8
937
(3, 1, 2)
3
(8, 28)
-> Request 9
948
(3, 2, 2)
2
(59, 38)
-> Request 10
994
(4, 1, 2)
2
(61, 66)
-> Request 11
1063
(3, 2, 2)
1
(52, 72)
-> Request 12
1086
(3, 3, 1)
3
(59, 66)
-> Request 13
1403
(1, 2, 1)
3
(11, 26)
---> Week : 142
--> Day : 0
-> Request 0
759
(4, 1, 2)
2
(58, 74)
-> Request 1
1304
(4, 1, 1)
3
(62, 72)
-> Request 2
1388
(2, 3, 1)
1
(47, 38)
--> Day : 1
-> Request 0
475
(1, 2, 2)
3
(56, 31)
-> Request 1
652
(4, 1, 2)
1
(59, 30)
-> Request 2
658
(1, 1, 1)
3
(62, 35)
-> Request 3
873
(2, 2, 2)
3
(55, 69)
-> Request 4
935
(1, 1, 2)
3
(49, 40)
-> Request 5
1336
(2, 2, 2)
1
(49, 43)
--> Day : 2
-> Request 0
58
(3, 1, 1)
2
(59, 70)
-> Request 1
211
(1, 3, 1)
3
(11, 28)
-> Request 2
234
(4, 1, 2)
3
(9, 28)
-> Request 3
461
(1, 3, 2)
3
(57, 35)
-> Request 4
540
(4, 3, 2)
1
(45, 37)
-> Request 5
1109
(3, 3, 1)
1
(56, 34)
-> Request 6
1122
(3, 2, 1)
1
(52, 71)
-> Request 7
1247
(1, 3, 1)
3
(54, 68)
--> Day : 3
-> Request 0
13
(4, 2, 2)
2
(58, 67)
-> Request 1
204
(4, 1, 2)
2
(16, 28)
-> Request 2
259
(3, 2, 2)
3
(64, 74)
-> Request 3
698
(2, 2, 1)
1
(56, 29)
-> Request 4
928
(1, 3, 2)
1
(55, 70)
-> Request 5
1141
(3, 1, 1)
1
(60, 28)
-> Request 6
1316
(1, 1, 1)
2
(57, 45)
-> Request 7
1426
(2, 1, 2)
3
(58, 72)
--> Day : 4
-> Request 0
602
(4, 2, 2)
2
(58, 36)
-> Request 1
1391
(2, 3, 2)
1
(10, 21)
-> Request 2
1417
(2, 3, 2)
1
(58, 74)
---> Week : 143
--> Day : 0
-> Request 0
130
(4, 2, 1)
3
(43, 46)
-> Request 1
228
(2, 1, 1)
1
(13, 24)
-> Request 2
496
(4, 2, 2)
3
(13, 28)
-> Request 3
692
(1, 1, 1)
2
(61, 45)
-> Request 4
747
(3, 2, 2)
2
(56, 75)
-> Request 5
1027
(4, 2, 1)
3
(47, 44)
-> Request 6
1196
(3, 2, 1)
3
(47, 29)
-> Request 7
1391
(3, 2, 1)
2
(44, 41)
-> Request 8
1394
(1, 1, 1)
1
(47, 45)
-> Request 9
1421
(2, 2, 1)
3
(58, 41)
--> Day : 1
-> Request 0
156
(2, 3, 2)
1
(45, 33)
-> Request 1
334
(3, 3, 1)
2
(47, 36)
-> Request 2
340
(3, 1, 1)
3
(54, 77)
-> Request 3
554
(3, 1, 2)
1
(62, 70)
-> Request 4
696
(3, 3, 1)
1
(55, 35)
-> Request 5
723
(3, 1, 2)
2
(57, 27)
-> Request 6
787
(3, 2, 1)
2
(52, 36)
-> Request 7
949
(4, 3, 2)
2
(54, 77)
-> Request 8
1035
(2, 3, 2)
3
(54, 71)
-> Request 9
1057
(3, 3, 1)
2
(60, 38)
-> Request 10
1176
(2, 1, 2)
3
(56, 73)
-> Request 11
1246
(1, 3, 2)
2
(51, 27)
--> Day : 2
-> Request 0
59
(4, 3, 2)
2
(57, 67)
-> Request 1
92
(1, 1, 1)
2
(62, 35)
-> Request 2
103
(4, 2, 2)
1
(10, 23)
-> Request 3
785
(2, 1, 2)
2
(44, 37)
-> Request 4
842
(4, 1, 1)
2
(44, 28)
--> Day : 3
-> Request 0
545
(4, 1, 1)
3
(9, 23)
-> Request 1
1359
(1, 2, 2)
1
(58, 75)
--> Day : 4
-> Request 0
157
(1, 1, 2)
3
(60, 42)
-> Request 1
328
(4, 2, 1)
1
(48, 37)
-> Request 2
382
(2, 1, 1)
1
(53, 66)
-> Request 3
390
(2, 2, 2)
3
(54, 39)
-> Request 4
591
(1, 3, 2)
3
(43, 38)
-> Request 5
738
(3, 1, 2)
1
(43, 44)
-> Request 6
1217
(4, 1, 1)
1
(63, 70)
-> Request 7
1400
(4, 3, 1)
2
(55, 36)
---> Week : 144
--> Day : 0
-> Request 0
529
(4, 3, 1)
1
(53, 71)
-> Request 1
651
(1, 3, 1)
1
(43, 33)
-> Request 2
974
(4, 2, 1)
1
(12, 24)
-> Request 3
1286
(2, 1, 1)
1
(53, 31)
-> Request 4
1390
(3, 1, 2)
3
(55, 76)
--> Day : 1
-> Request 0
14
(4, 3, 2)
2
(46, 44)
-> Request 1
112
(2, 2, 2)
3
(50, 43)
-> Request 2
623
(1, 2, 1)
2
(47, 36)
-> Request 3
658
(4, 2, 2)
2
(59, 36)
-> Request 4
675
(4, 1, 1)
2
(59, 33)
-> Request 5
683
(2, 1, 1)
2
(53, 29)
-> Request 6
961
(2, 1, 2)
3
(51, 46)
--> Day : 2
-> Request 0
698
(4, 1, 1)
2
(60, 64)
-> Request 1
885
(2, 2, 1)
3
(61, 38)
-> Request 2
887
(1, 3, 1)
1
(49, 46)
-> Request 3
1180
(1, 2, 2)
1
(8, 24)
-> Request 4
1271
(4, 1, 1)
1
(49, 43)
-> Request 5
1284
(2, 1, 1)
3
(43, 34)
-> Request 6
1284
(1, 2, 1)
1
(45, 31)
--> Day : 3
-> Request 0
101
(1, 1, 1)
3
(61, 41)
-> Request 1
207
(2, 3, 2)
2
(49, 43)
-> Request 2
934
(2, 2, 1)
2
(13, 21)
-> Request 3
1437
(2, 3, 1)
2
(54, 67)
--> Day : 4
-> Request 0
349
(2, 2, 1)
3
(54, 74)
-> Request 1
997
(2, 1, 1)
2
(47, 45)
-> Request 2
1142
(2, 3, 1)
2
(59, 36)
-> Request 3
1264
(3, 2, 2)
2
(52, 73)
---> Week : 145
--> Day : 0
-> Request 0
164
(1, 2, 2)
3
(62, 72)
-> Request 1
223
(1, 3, 2)
2
(56, 73)
-> Request 2
690
(1, 3, 1)
1
(56, 28)
-> Request 3
1152
(2, 2, 2)
1
(53, 72)
-> Request 4
1370
(4, 3, 1)
3
(54, 65)
-> Request 5
1380
(4, 1, 1)
2
(62, 28)
--> Day : 1
-> Request 0
26
(1, 2, 2)
2
(53, 30)
-> Request 1
77
(2, 3, 1)
2
(58, 27)
-> Request 2
169
(4, 1, 2)
3
(56, 65)
-> Request 3
304
(2, 2, 2)
3
(54, 31)
-> Request 4
586
(2, 2, 2)
3
(65, 68)
-> Request 5
588
(1, 3, 2)
2
(56, 35)
-> Request 6
848
(4, 1, 1)
3
(55, 32)
-> Request 7
873
(4, 1, 1)
3
(60, 64)
-> Request 8
880
(1, 2, 2)
2
(54, 72)
-> Request 9
1150
(3, 2, 2)
1
(59, 78)
-> Request 10
1237
(1, 2, 1)
3
(48, 34)
-> Request 11
1253
(2, 3, 2)
2
(55, 28)
-> Request 12
1415
(2, 2, 2)
1
(66, 70)
--> Day : 2
-> Request 0
163
(4, 1, 2)
1
(62, 75)
-> Request 1
758
(4, 2, 2)
3
(54, 76)
-> Request 2
937
(3, 1, 1)
1
(56, 66)
-> Request 3
943
(1, 1, 1)
2
(16, 21)
-> Request 4
1092
(4, 2, 1)
2
(57, 32)
-> Request 5
1256
(1, 1, 1)
1
(62, 42)
-> Request 6
1293
(4, 2, 2)
2
(65, 72)
-> Request 7
1397
(4, 1, 1)
1
(55, 46)
--> Day : 3
-> Request 0
160
(1, 2, 1)
2
(66, 67)
-> Request 1
310
(3, 1, 2)
3
(56, 40)
-> Request 2
567
(1, 3, 1)
3
(52, 37)
-> Request 3
1104
(1, 3, 1)
1
(52, 65)
-> Request 4
1242
(1, 3, 1)
2
(57, 35)
-> Request 5
1408
(1, 2, 2)
1
(9, 24)
--> Day : 4
-> Request 0
69
(2, 1, 1)
3
(56, 65)
-> Request 1
255
(1, 3, 1)
2
(60, 35)
-> Request 2
809
(4, 1, 2)
3
(60, 40)
-> Request 3
1051
(4, 2, 1)
2
(58, 39)
-> Request 4
1122
(1, 2, 1)
2
(50, 44)
---> Week : 146
--> Day : 0
-> Request 0
37
(2, 1, 2)
2
(44, 46)
-> Request 1
873
(3, 2, 2)
3
(13, 23)
-> Request 2
1104
(2, 2, 1)
2
(14, 25)
-> Request 3
1209
(3, 3, 1)
3
(54, 27)
--> Day : 1
-> Request 0
636
(1, 1, 2)
1
(61, 72)
-> Request 1
995
(1, 3, 2)
1
(9, 24)
-> Request 2
1380
(4, 2, 2)
3
(53, 30)
-> Request 3
1406
(3, 2, 1)
1
(43, 31)
--> Day : 2
-> Request 0
63
(1, 2, 2)
1
(61, 42)
-> Request 1
340
(3, 1, 2)
1
(13, 22)
-> Request 2
729
(4, 2, 1)
3
(52, 71)
-> Request 3
1240
(2, 1, 2)
3
(16, 22)
--> Day : 3
-> Request 0
355
(2, 1, 2)
3
(52, 35)
-> Request 1
416
(1, 3, 1)
3
(60, 37)
-> Request 2
627
(4, 1, 1)
1
(57, 74)
-> Request 3
744
(2, 3, 1)
3
(48, 39)
-> Request 4
785
(4, 2, 1)
1
(54, 28)
-> Request 5
1383
(1, 2, 1)
2
(56, 71)
--> Day : 4
-> Request 0
391
(2, 2, 1)
1
(62, 78)
-> Request 1
1169
(3, 3, 2)
1
(63, 72)
-> Request 2
1257
(4, 2, 1)
2
(49, 36)
---> Week : 147
--> Day : 0
-> Request 0
651
(2, 3, 1)
1
(45, 42)
-> Request 1
665
(4, 1, 1)
2
(54, 31)
-> Request 2
949
(1, 1, 1)
1
(52, 65)
--> Day : 1
-> Request 0
778
(1, 2, 1)
1
(54, 72)
-> Request 1
863
(4, 2, 2)
1
(60, 41)
-> Request 2
1191
(3, 2, 1)
1
(45, 37)
--> Day : 2
-> Request 0
197
(4, 2, 2)
3
(46, 43)
-> Request 1
353
(2, 1, 2)
2
(9, 25)
-> Request 2
557
(4, 2, 1)
2
(57, 32)
-> Request 3
664
(3, 3, 2)
3
(15, 21)
-> Request 4
1102
(1, 1, 2)
1
(62, 46)
-> Request 5
1134
(3, 1, 1)
3
(57, 38)
-> Request 6
1256
(3, 2, 1)
1
(59, 46)
-> Request 7
1319
(2, 1, 1)
3
(10, 29)
-> Request 8
1412
(2, 3, 2)
3
(65, 75)
--> Day : 3
-> Request 0
354
(1, 1, 2)
2
(60, 44)
-> Request 1
702
(2, 1, 1)
2
(64, 75)
-> Request 2
710
(2, 1, 2)
2
(45, 37)
-> Request 3
711
(4, 2, 2)
3
(59, 78)
--> Day : 4
-> Request 0
1009
(2, 2, 2)
3
(57, 41)
-> Request 1
1320
(1, 1, 1)
1
(54, 36)
---> Week : 148
--> Day : 0
-> Request 0
169
(3, 2, 1)
3
(55, 37)
-> Request 1
289
(2, 2, 2)
2
(62, 45)
-> Request 2
559
(3, 2, 2)
3
(57, 34)
-> Request 3
651
(2, 3, 1)
1
(46, 41)
-> Request 4
987
(3, 1, 1)
3
(45, 27)
--> Day : 1
-> Request 0
59
(2, 2, 1)
3
(53, 30)
-> Request 1
92
(1, 3, 2)
1
(13, 21)
-> Request 2
676
(3, 1, 2)
3
(57, 27)
-> Request 3
684
(1, 1, 1)
2
(44, 33)
--> Day : 2
-> Request 0
86
(4, 2, 1)
2
(59, 43)
-> Request 1
152
(3, 3, 1)
3
(54, 32)
-> Request 2
964
(4, 3, 1)
1
(55, 69)
--> Day : 3
-> Request 0
342
(1, 1, 2)
2
(62, 72)
-> Request 1
412
(1, 3, 2)
2
(9, 28)
-> Request 2
794
(1, 3, 2)
3
(52, 76)
-> Request 3
1360
(3, 3, 2)
1
(58, 67)
-> Request 4
1426
(2, 3, 2)
3
(52, 29)
--> Day : 4
-> Request 0
93
(1, 1, 2)
1
(14, 27)
-> Request 1
129
(4, 2, 1)
2
(64, 73)
-> Request 2
632
(4, 3, 2)
3
(13, 20)
-> Request 3
1235
(4, 1, 2)
2
(63, 78)
---> Week : 149
--> Day : 0
-> Request 0
106
(4, 1, 1)
2
(17, 24)
-> Request 1
137
(3, 1, 2)
3
(43, 35)
-> Request 2
705
(3, 2, 2)
2
(60, 70)
-> Request 3
780
(3, 3, 2)
1
(62, 33)
-> Request 4
1252
(1, 1, 2)
2
(44, 46)
--> Day : 1
-> Request 0
1224
(3, 1, 1)
3
(59, 36)
-> Request 1
1280
(3, 3, 1)
2
(47, 45)
-> Request 2
1301
(3, 3, 1)
3
(49, 46)
-> Request 3
1379
(4, 1, 2)
3
(8, 23)
-> Request 4
1430
(2, 2, 1)
1
(43, 45)
--> Day : 2
-> Request 0
76
(4, 2, 1)
3
(43, 32)
-> Request 1
103
(3, 3, 2)
1
(57, 27)
-> Request 2
371
(4, 3, 2)
1
(9, 25)
-> Request 3
422
(4, 1, 2)
1
(46, 43)
-> Request 4
506
(1, 2, 1)
2
(43, 37)
-> Request 5
574
(1, 2, 2)
2
(62, 40)
-> Request 6
1237
(3, 2, 1)
1
(57, 69)
-> Request 7
1404
(1, 2, 2)
3
(60, 64)
--> Day : 3
-> Request 0
163
(4, 3, 2)
3
(43, 28)
-> Request 1
753
(4, 1, 2)
2
(59, 72)
-> Request 2
1295
(1, 3, 1)
3
(54, 77)
--> Day : 4
-> Request 0
366
(4, 2, 1)
2
(11, 21)
-> Request 1
1037
(4, 2, 1)
3
(44, 36)
-> Request 2
1111
(2, 1, 2)
1
(53, 65)
