---> Week : 0
--> Day : 0
-> Request 0
121
(2, 2, 1)
1
(62, 47)
-> Request 1
141
(1, 2, 1)
2
(70, 10)
-> Request 2
245
(3, 3, 2)
2
(67, 7)
-> Request 3
289
(1, 3, 2)
3
(46, 25)
-> Request 4
405
(3, 2, 2)
3
(25, 0)
-> Request 5
411
(2, 2, 2)
1
(67, 50)
-> Request 6
628
(4, 3, 2)
3
(15, 69)
-> Request 7
680
(3, 1, 1)
2
(48, 51)
-> Request 8
817
(4, 1, 2)
1
(75, 18)
-> Request 9
1049
(1, 1, 2)
1
(69, 15)
-> Request 10
1217
(2, 1, 2)
2
(26, 64)
--> Day : 1
-> Request 0
108
(2, 2, 1)
2
(42, 30)
-> Request 1
334
(1, 3, 2)
2
(17, 75)
-> Request 2
491
(1, 2, 1)
3
(31, 9)
-> Request 3
564
(4, 1, 1)
2
(57, 9)
-> Request 4
566
(4, 2, 2)
3
(7, 44)
-> Request 5
693
(1, 3, 2)
3
(24, 23)
-> Request 6
892
(4, 2, 1)
1
(79, 0)
-> Request 7
977
(4, 1, 2)
3
(35, 62)
-> Request 8
1033
(4, 1, 2)
1
(45, 28)
-> Request 9
1152
(1, 3, 2)
1
(58, 47)
-> Request 10
1436
(1, 3, 1)
2
(27, 28)
--> Day : 2
-> Request 0
29
(4, 3, 2)
3
(50, 73)
-> Request 1
47
(4, 1, 1)
1
(9, 69)
-> Request 2
170
(2, 3, 1)
1
(14, 31)
-> Request 3
249
(1, 3, 1)
2
(22, 27)
-> Request 4
328
(3, 1, 1)
1
(70, 44)
-> Request 5
613
(1, 1, 2)
3
(34, 67)
-> Request 6
822
(2, 1, 2)
3
(9, 56)
-> Request 7
943
(3, 2, 1)
2
(1, 52)
-> Request 8
1084
(2, 2, 2)
1
(54, 14)
--> Day : 3
-> Request 0
84
(1, 1, 2)
2
(50, 77)
-> Request 1
476
(3, 3, 1)
3
(67, 51)
-> Request 2
482
(4, 3, 2)
3
(57, 63)
-> Request 3
489
(4, 2, 1)
1
(0, 60)
-> Request 4
597
(1, 3, 1)
3
(74, 9)
-> Request 5
902
(1, 1, 2)
3
(53, 63)
-> Request 6
1233
(4, 1, 2)
1
(60, 49)
--> Day : 4
-> Request 0
226
(3, 1, 2)
1
(61, 64)
-> Request 1
280
(3, 2, 2)
2
(14, 54)
-> Request 2
358
(1, 3, 2)
2
(12, 52)
-> Request 3
878
(1, 3, 1)
1
(45, 2)
-> Request 4
911
(4, 1, 2)
1
(55, 30)
-> Request 5
964
(3, 1, 1)
1
(61, 41)
-> Request 6
972
(1, 1, 2)
1
(61, 72)
-> Request 7
1059
(3, 1, 2)
1
(15, 70)
-> Request 8
1105
(2, 3, 1)
3
(24, 49)
-> Request 9
1196
(2, 3, 2)
2
(71, 77)
-> Request 10
1214
(3, 3, 2)
3
(50, 67)
-> Request 11
1288
(3, 3, 1)
2
(39, 58)
-> Request 12
1400
(2, 1, 1)
3
(34, 33)
---> Week : 1
--> Day : 0
-> Request 0
87
(3, 1, 1)
1
(34, 70)
-> Request 1
366
(2, 2, 1)
2
(16, 67)
-> Request 2
543
(3, 3, 1)
2
(57, 33)
-> Request 3
750
(3, 2, 2)
2
(36, 15)
-> Request 4
913
(2, 3, 2)
2
(77, 78)
-> Request 5
1397
(3, 2, 1)
3
(50, 10)
--> Day : 1
-> Request 0
68
(3, 3, 2)
2
(37, 1)
-> Request 1
130
(4, 2, 1)
2
(25, 19)
-> Request 2
147
(3, 3, 1)
3
(5, 39)
-> Request 3
160
(3, 1, 1)
3
(54, 76)
-> Request 4
176
(1, 1, 2)
3
(5, 15)
-> Request 5
218
(1, 1, 1)
3
(68, 21)
-> Request 6
524
(3, 2, 1)
3
(4, 3)
-> Request 7
590
(4, 1, 1)
1
(30, 39)
-> Request 8
1343
(4, 2, 1)
1
(19, 2)
-> Request 9
1405
(2, 3, 1)
2
(16, 76)
--> Day : 2
-> Request 0
750
(3, 1, 2)
2
(43, 23)
-> Request 1
751
(4, 2, 2)
1
(56, 2)
-> Request 2
767
(3, 3, 1)
2
(10, 11)
-> Request 3
878
(3, 1, 2)
1
(72, 44)
-> Request 4
958
(1, 3, 1)
1
(36, 68)
-> Request 5
992
(2, 3, 2)
2
(54, 39)
-> Request 6
1169
(4, 1, 2)
2
(13, 9)
-> Request 7
1325
(2, 3, 1)
1
(11, 60)
--> Day : 3
-> Request 0
465
(4, 1, 2)
3
(63, 34)
-> Request 1
576
(4, 2, 1)
2
(65, 59)
-> Request 2
788
(2, 1, 1)
1
(57, 0)
-> Request 3
871
(1, 3, 1)
3
(24, 77)
-> Request 4
942
(4, 1, 1)
2
(41, 66)
-> Request 5
1200
(2, 1, 2)
2
(51, 40)
-> Request 6
1307
(3, 1, 2)
2
(54, 23)
-> Request 7
1393
(2, 1, 1)
3
(32, 63)
--> Day : 4
-> Request 0
59
(1, 3, 1)
2
(0, 78)
-> Request 1
596
(2, 1, 2)
3
(4, 16)
-> Request 2
666
(1, 3, 2)
1
(42, 77)
-> Request 3
850
(1, 1, 1)
2
(22, 8)
-> Request 4
923
(3, 1, 1)
1
(66, 47)
-> Request 5
984
(3, 1, 2)
1
(66, 9)
-> Request 6
1056
(3, 3, 1)
2
(62, 48)
---> Week : 2
--> Day : 0
-> Request 0
354
(1, 1, 2)
1
(7, 28)
-> Request 1
542
(3, 2, 2)
1
(37, 55)
-> Request 2
881
(3, 3, 2)
2
(42, 64)
-> Request 3
908
(3, 3, 2)
3
(74, 13)
-> Request 4
1117
(4, 3, 1)
2
(23, 51)
-> Request 5
1200
(2, 2, 1)
3
(9, 36)
-> Request 6
1229
(2, 2, 2)
3
(60, 61)
-> Request 7
1385
(4, 3, 1)
3
(71, 23)
--> Day : 1
-> Request 0
241
(2, 1, 1)
3
(60, 69)
-> Request 1
245
(3, 1, 1)
2
(53, 63)
-> Request 2
521
(2, 2, 2)
1
(33, 27)
-> Request 3
638
(4, 2, 2)
1
(53, 50)
-> Request 4
694
(2, 1, 1)
2
(57, 32)
-> Request 5
784
(1, 2, 1)
1
(46, 44)
-> Request 6
1114
(1, 2, 1)
1
(46, 70)
-> Request 7
1401
(2, 2, 2)
2
(13, 37)
-> Request 8
1409
(2, 3, 1)
1
(11, 8)
--> Day : 2
-> Request 0
225
(4, 3, 2)
1
(64, 15)
-> Request 1
314
(4, 1, 2)
1
(79, 13)
-> Request 2
641
(2, 3, 2)
1
(64, 41)
-> Request 3
933
(1, 3, 2)
1
(34, 57)
-> Request 4
1036
(2, 3, 2)
2
(9, 31)
-> Request 5
1095
(4, 1, 2)
3
(43, 53)
-> Request 6
1116
(4, 1, 1)
3
(63, 1)
-> Request 7
1384
(4, 3, 1)
3
(3, 74)
-> Request 8
1403
(1, 3, 1)
3
(55, 10)
--> Day : 3
-> Request 0
70
(4, 1, 2)
3
(38, 71)
-> Request 1
621
(4, 3, 1)
1
(20, 78)
-> Request 2
699
(2, 2, 1)
3
(43, 4)
-> Request 3
746
(2, 2, 2)
3
(20, 20)
-> Request 4
876
(4, 2, 1)
2
(28, 53)
-> Request 5
1015
(3, 3, 1)
1
(31, 7)
-> Request 6
1154
(1, 2, 2)
1
(62, 20)
-> Request 7
1380
(2, 2, 1)
1
(72, 75)
--> Day : 4
-> Request 0
139
(2, 1, 2)
3
(2, 27)
-> Request 1
144
(2, 1, 2)
1
(20, 32)
-> Request 2
183
(2, 1, 2)
1
(40, 52)
-> Request 3
193
(4, 1, 2)
3
(63, 34)
-> Request 4
557
(3, 2, 1)
1
(12, 71)
-> Request 5
1101
(2, 1, 1)
2
(21, 30)
-> Request 6
1165
(2, 2, 1)
2
(48, 46)
---> Week : 3
--> Day : 0
-> Request 0
68
(3, 2, 2)
3
(67, 74)
-> Request 1
160
(4, 3, 2)
1
(19, 55)
-> Request 2
247
(3, 3, 2)
2
(22, 19)
-> Request 3
592
(4, 3, 1)
1
(2, 40)
-> Request 4
663
(3, 3, 2)
2
(63, 0)
-> Request 5
694
(1, 2, 2)
1
(13, 69)
-> Request 6
753
(3, 2, 2)
2
(55, 55)
-> Request 7
1153
(2, 2, 2)
1
(78, 52)
--> Day : 1
-> Request 0
43
(2, 2, 2)
1
(54, 69)
-> Request 1
131
(2, 2, 1)
2
(33, 10)
-> Request 2
153
(3, 2, 1)
1
(4, 66)
-> Request 3
255
(3, 2, 2)
2
(31, 25)
-> Request 4
391
(1, 3, 2)
3
(43, 75)
-> Request 5
509
(4, 2, 2)
3
(33, 12)
-> Request 6
537
(4, 3, 2)
1
(26, 35)
-> Request 7
699
(2, 2, 1)
3
(35, 66)
-> Request 8
802
(3, 2, 2)
2
(36, 12)
-> Request 9
1015
(4, 2, 1)
2
(9, 30)
-> Request 10
1061
(3, 3, 2)
2
(26, 29)
-> Request 11
1248
(4, 2, 1)
3
(79, 17)
-> Request 12
1263
(4, 1, 2)
3
(21, 18)
--> Day : 2
-> Request 0
13
(1, 2, 2)
2
(7, 48)
-> Request 1
106
(3, 2, 1)
1
(15, 70)
-> Request 2
372
(2, 1, 2)
1
(18, 18)
-> Request 3
551
(2, 2, 2)
2
(70, 53)
-> Request 4
789
(4, 2, 2)
2
(57, 47)
-> Request 5
855
(2, 1, 1)
2
(34, 32)
-> Request 6
901
(2, 1, 1)
3
(64, 21)
-> Request 7
926
(3, 3, 2)
1
(52, 59)
-> Request 8
1117
(4, 1, 1)
2
(21, 26)
-> Request 9
1202
(4, 3, 1)
2
(43, 55)
--> Day : 3
-> Request 0
62
(4, 1, 2)
2
(76, 7)
-> Request 1
217
(2, 3, 2)
2
(0, 34)
-> Request 2
462
(1, 3, 2)
1
(8, 70)
-> Request 3
608
(2, 2, 2)
1
(65, 35)
-> Request 4
729
(4, 3, 1)
3
(17, 78)
-> Request 5
1140
(3, 3, 1)
3
(18, 73)
-> Request 6
1141
(3, 1, 1)
2
(65, 34)
-> Request 7
1242
(2, 2, 2)
1
(52, 37)
-> Request 8
1305
(4, 1, 1)
1
(12, 14)
-> Request 9
1322
(3, 1, 2)
2
(54, 70)
-> Request 10
1435
(2, 1, 1)
2
(1, 73)
--> Day : 4
-> Request 0
36
(1, 2, 2)
1
(8, 50)
-> Request 1
117
(4, 3, 2)
1
(9, 31)
-> Request 2
260
(2, 1, 1)
2
(22, 37)
-> Request 3
339
(2, 2, 2)
3
(59, 41)
-> Request 4
414
(1, 2, 2)
1
(41, 73)
-> Request 5
466
(1, 2, 2)
3
(55, 56)
-> Request 6
893
(2, 3, 1)
3
(49, 3)
-> Request 7
975
(3, 2, 2)
1
(71, 6)
-> Request 8
990
(3, 2, 1)
1
(68, 10)
-> Request 9
1218
(1, 2, 1)
1
(27, 56)
-> Request 10
1344
(4, 3, 1)
2
(38, 73)
---> Week : 4
--> Day : 0
-> Request 0
284
(3, 2, 2)
3
(29, 77)
-> Request 1
359
(1, 2, 1)
2
(15, 68)
-> Request 2
418
(3, 3, 1)
3
(31, 56)
-> Request 3
599
(2, 1, 1)
3
(1, 38)
-> Request 4
654
(2, 3, 1)
1
(35, 15)
-> Request 5
763
(2, 2, 1)
2
(15, 47)
-> Request 6
893
(4, 3, 1)
3
(75, 46)
-> Request 7
966
(2, 1, 1)
3
(75, 49)
-> Request 8
1166
(1, 1, 1)
3
(37, 30)
-> Request 9
1333
(3, 2, 2)
2
(51, 79)
--> Day : 1
-> Request 0
5
(2, 3, 1)
2
(6, 71)
-> Request 1
45
(1, 3, 2)
1
(32, 66)
-> Request 2
298
(1, 2, 2)
1
(65, 31)
-> Request 3
359
(2, 3, 2)
3
(60, 59)
-> Request 4
703
(3, 2, 2)
3
(18, 67)
-> Request 5
777
(4, 3, 2)
3
(10, 28)
-> Request 6
824
(2, 3, 2)
2
(29, 35)
-> Request 7
1064
(2, 1, 1)
2
(43, 17)
-> Request 8
1141
(2, 3, 1)
2
(56, 70)
-> Request 9
1353
(3, 2, 1)
3
(7, 56)
--> Day : 2
-> Request 0
11
(3, 3, 2)
3
(22, 23)
-> Request 1
365
(2, 3, 1)
3
(34, 69)
-> Request 2
413
(4, 2, 1)
3
(69, 68)
-> Request 3
681
(3, 2, 2)
3
(38, 43)
-> Request 4
788
(3, 2, 1)
2
(45, 53)
-> Request 5
875
(2, 1, 2)
3
(68, 15)
-> Request 6
1106
(1, 2, 2)
2
(30, 79)
-> Request 7
1148
(1, 3, 1)
1
(78, 15)
-> Request 8
1354
(3, 3, 1)
3
(44, 79)
--> Day : 3
-> Request 0
8
(1, 3, 2)
1
(59, 65)
-> Request 1
31
(3, 3, 2)
3
(18, 20)
-> Request 2
212
(1, 3, 1)
2
(1, 20)
-> Request 3
354
(3, 2, 1)
3
(11, 3)
-> Request 4
409
(1, 2, 1)
1
(65, 29)
-> Request 5
507
(3, 2, 1)
2
(51, 20)
-> Request 6
869
(2, 3, 1)
2
(54, 59)
-> Request 7
894
(1, 1, 1)
2
(21, 22)
-> Request 8
967
(2, 1, 1)
2
(51, 47)
-> Request 9
1189
(2, 3, 1)
3
(33, 42)
-> Request 10
1307
(2, 1, 2)
2
(37, 10)
--> Day : 4
-> Request 0
241
(1, 2, 1)
1
(12, 26)
-> Request 1
285
(3, 3, 1)
2
(69, 44)
-> Request 2
343
(3, 1, 2)
3
(51, 38)
-> Request 3
499
(4, 3, 1)
2
(57, 74)
-> Request 4
546
(2, 1, 2)
3
(20, 76)
-> Request 5
594
(2, 3, 2)
1
(11, 13)
-> Request 6
615
(4, 3, 2)
1
(13, 47)
-> Request 7
724
(4, 1, 2)
2
(43, 8)
-> Request 8
1076
(1, 3, 1)
2
(41, 19)
-> Request 9
1124
(1, 3, 1)
1
(4, 55)
-> Request 10
1320
(4, 3, 2)
1
(52, 1)
-> Request 11
1387
(2, 1, 1)
2
(32, 56)
---> Week : 5
--> Day : 0
-> Request 0
258
(1, 3, 2)
1
(38, 23)
-> Request 1
329
(1, 2, 1)
1
(8, 30)
-> Request 2
820
(3, 3, 1)
2
(78, 39)
-> Request 3
914
(3, 3, 2)
3
(52, 21)
-> Request 4
936
(2, 2, 1)
2
(49, 2)
-> Request 5
1078
(2, 1, 1)
1
(47, 28)
-> Request 6
1170
(4, 3, 1)
2
(76, 29)
-> Request 7
1278
(2, 1, 2)
2
(32, 25)
--> Day : 1
-> Request 0
659
(4, 2, 1)
1
(1, 14)
-> Request 1
701
(4, 2, 2)
3
(51, 22)
-> Request 2
804
(1, 3, 1)
1
(64, 40)
-> Request 3
1106
(4, 1, 1)
2
(48, 43)
-> Request 4
1196
(4, 3, 2)
2
(75, 57)
--> Day : 2
-> Request 0
208
(3, 2, 1)
1
(1, 0)
-> Request 1
390
(2, 3, 1)
1
(73, 30)
-> Request 2
403
(4, 2, 2)
1
(73, 16)
-> Request 3
492
(3, 1, 2)
1
(16, 51)
-> Request 4
510
(4, 3, 2)
3
(54, 15)
-> Request 5
962
(3, 2, 2)
3
(68, 19)
-> Request 6
1080
(4, 1, 1)
2
(5, 39)
-> Request 7
1096
(2, 3, 1)
3
(36, 51)
-> Request 8
1155
(2, 2, 1)
2
(9, 13)
-> Request 9
1175
(1, 1, 2)
3
(23, 51)
-> Request 10
1253
(4, 3, 2)
1
(35, 23)
-> Request 11
1305
(4, 3, 1)
1
(62, 57)
-> Request 12
1405
(4, 2, 2)
3
(60, 22)
--> Day : 3
-> Request 0
110
(3, 3, 2)
1
(47, 51)
-> Request 1
221
(4, 1, 2)
2
(63, 15)
-> Request 2
221
(2, 3, 1)
2
(36, 18)
-> Request 3
672
(3, 2, 1)
2
(17, 69)
-> Request 4
751
(2, 2, 1)
3
(13, 75)
-> Request 5
814
(3, 2, 2)
1
(70, 70)
-> Request 6
934
(1, 1, 1)
1
(38, 12)
-> Request 7
1048
(3, 2, 2)
1
(71, 51)
-> Request 8
1262
(1, 1, 1)
1
(9, 8)
--> Day : 4
-> Request 0
221
(3, 1, 1)
2
(66, 76)
-> Request 1
332
(1, 1, 2)
1
(22, 36)
-> Request 2
502
(2, 2, 2)
2
(22, 39)
-> Request 3
622
(3, 1, 2)
3
(6, 24)
-> Request 4
715
(1, 1, 2)
1
(43, 18)
-> Request 5
805
(2, 2, 2)
1
(37, 70)
-> Request 6
996
(1, 1, 1)
2
(19, 56)
-> Request 7
1136
(2, 1, 1)
3
(42, 0)
-> Request 8
1220
(3, 1, 1)
2
(56, 69)
-> Request 9
1330
(2, 2, 1)
3
(6, 11)
-> Request 10
1345
(3, 1, 2)
1
(11, 38)
---> Week : 6
--> Day : 0
-> Request 0
393
(4, 2, 1)
2
(79, 63)
-> Request 1
417
(1, 1, 1)
3
(60, 6)
-> Request 2
592
(2, 3, 2)
3
(28, 30)
-> Request 3
843
(3, 1, 2)
1
(49, 79)
-> Request 4
894
(2, 2, 2)
2
(79, 40)
-> Request 5
1155
(3, 1, 2)
2
(35, 48)
-> Request 6
1248
(1, 1, 2)
1
(14, 26)
--> Day : 1
-> Request 0
239
(1, 2, 1)
2
(59, 70)
-> Request 1
408
(1, 1, 2)
2
(60, 30)
-> Request 2
763
(2, 3, 1)
3
(37, 58)
-> Request 3
886
(2, 2, 1)
2
(10, 15)
-> Request 4
1042
(4, 3, 2)
3
(45, 70)
-> Request 5
1076
(4, 2, 1)
3
(34, 6)
-> Request 6
1081
(4, 2, 1)
2
(57, 21)
--> Day : 2
-> Request 0
381
(4, 1, 1)
3
(40, 1)
-> Request 1
462
(3, 3, 1)
2
(56, 6)
-> Request 2
664
(3, 1, 1)
3
(6, 0)
-> Request 3
719
(2, 3, 2)
2
(28, 75)
-> Request 4
924
(4, 2, 2)
1
(13, 48)
-> Request 5
944
(3, 2, 1)
1
(56, 29)
-> Request 6
963
(2, 2, 1)
2
(4, 53)
-> Request 7
980
(1, 3, 1)
2
(61, 70)
-> Request 8
1010
(3, 1, 1)
1
(73, 23)
-> Request 9
1129
(4, 1, 2)
3
(36, 32)
-> Request 10
1305
(4, 3, 1)
3
(51, 3)
--> Day : 3
-> Request 0
3
(2, 3, 2)
1
(30, 37)
-> Request 1
3
(3, 1, 1)
1
(7, 14)
-> Request 2
72
(2, 2, 2)
3
(65, 2)
-> Request 3
637
(1, 2, 1)
3
(39, 15)
-> Request 4
775
(1, 3, 2)
2
(36, 42)
-> Request 5
1111
(3, 2, 2)
2
(33, 76)
-> Request 6
1177
(2, 2, 1)
3
(45, 42)
-> Request 7
1304
(4, 1, 1)
1
(43, 53)
-> Request 8
1314
(4, 2, 2)
1
(50, 20)
-> Request 9
1365
(4, 1, 1)
3
(1, 49)
-> Request 10
1412
(4, 1, 2)
2
(62, 72)
--> Day : 4
-> Request 0
156
(2, 2, 2)
3
(43, 15)
-> Request 1
271
(3, 1, 1)
2
(22, 47)
-> Request 2
484
(1, 1, 2)
1
(17, 46)
-> Request 3
511
(2, 3, 1)
3
(19, 57)
-> Request 4
610
(3, 2, 2)
2
(13, 31)
-> Request 5
708
(3, 2, 1)
3
(46, 7)
-> Request 6
713
(3, 3, 2)
1
(52, 23)
-> Request 7
875
(3, 1, 2)
2
(14, 14)
-> Request 8
946
(3, 3, 2)
1
(22, 48)
-> Request 9
1001
(4, 2, 1)
2
(63, 16)
-> Request 10
1180
(4, 2, 2)
2
(56, 8)
-> Request 11
1306
(1, 2, 2)
1
(76, 68)
-> Request 12
1342
(2, 2, 1)
2
(73, 69)
-> Request 13
1371
(3, 1, 2)
2
(6, 76)
-> Request 14
1395
(4, 1, 1)
2
(13, 24)
---> Week : 7
--> Day : 0
-> Request 0
37
(2, 1, 2)
1
(62, 11)
-> Request 1
224
(3, 1, 2)
2
(73, 38)
-> Request 2
360
(1, 3, 2)
2
(77, 30)
-> Request 3
688
(4, 2, 2)
2
(52, 27)
-> Request 4
753
(1, 2, 1)
1
(10, 26)
-> Request 5
766
(2, 3, 2)
2
(5, 32)
-> Request 6
1004
(3, 1, 1)
1
(20, 10)
-> Request 7
1039
(1, 3, 1)
3
(37, 60)
-> Request 8
1078
(2, 2, 1)
2
(0, 23)
-> Request 9
1117
(2, 2, 1)
3
(41, 52)
-> Request 10
1123
(3, 1, 1)
1
(60, 29)
-> Request 11
1318
(4, 1, 2)
3
(8, 22)
--> Day : 1
-> Request 0
45
(2, 3, 1)
2
(18, 16)
-> Request 1
198
(3, 2, 1)
3
(74, 57)
-> Request 2
548
(4, 3, 1)
1
(19, 34)
-> Request 3
746
(4, 1, 2)
1
(79, 49)
-> Request 4
919
(4, 3, 2)
3
(69, 52)
-> Request 5
1114
(1, 2, 1)
3
(12, 70)
-> Request 6
1125
(4, 2, 1)
1
(1, 27)
-> Request 7
1156
(2, 2, 2)
1
(18, 17)
-> Request 8
1303
(1, 1, 1)
3
(37, 78)
-> Request 9
1357
(3, 1, 2)
3
(18, 38)
--> Day : 2
-> Request 0
118
(3, 3, 1)
3
(44, 39)
-> Request 1
191
(4, 1, 2)
2
(43, 18)
-> Request 2
223
(2, 3, 1)
2
(75, 20)
-> Request 3
261
(2, 2, 1)
2
(45, 15)
-> Request 4
325
(3, 3, 2)
1
(50, 65)
-> Request 5
335
(4, 1, 1)
1
(34, 32)
-> Request 6
467
(1, 3, 2)
1
(69, 34)
-> Request 7
545
(2, 2, 1)
2
(6, 39)
-> Request 8
630
(3, 1, 2)
2
(77, 11)
-> Request 9
633
(3, 2, 2)
1
(12, 4)
-> Request 10
1310
(1, 2, 2)
3
(32, 20)
--> Day : 3
-> Request 0
51
(3, 3, 2)
3
(75, 48)
-> Request 1
217
(2, 2, 1)
2
(68, 55)
-> Request 2
263
(1, 1, 2)
1
(40, 54)
-> Request 3
434
(3, 1, 2)
2
(38, 77)
-> Request 4
859
(4, 1, 1)
1
(70, 36)
-> Request 5
1113
(4, 3, 2)
1
(40, 49)
-> Request 6
1417
(1, 3, 1)
1
(26, 63)
--> Day : 4
-> Request 0
2
(1, 2, 2)
3
(74, 47)
-> Request 1
112
(4, 1, 2)
2
(9, 45)
-> Request 2
176
(1, 2, 2)
2
(20, 22)
-> Request 3
429
(4, 2, 1)
1
(72, 15)
-> Request 4
528
(1, 2, 1)
1
(25, 25)
-> Request 5
615
(3, 2, 2)
1
(77, 68)
-> Request 6
829
(3, 3, 1)
3
(55, 37)
-> Request 7
942
(1, 1, 2)
1
(18, 78)
-> Request 8
990
(3, 1, 2)
2
(68, 54)
-> Request 9
1148
(1, 3, 1)
2
(35, 20)
-> Request 10
1164
(3, 2, 1)
1
(3, 65)
-> Request 11
1183
(3, 1, 2)
1
(14, 9)
-> Request 12
1305
(2, 3, 1)
3
(58, 9)
-> Request 13
1305
(4, 2, 2)
1
(78, 24)
---> Week : 8
--> Day : 0
-> Request 0
104
(1, 2, 1)
1
(26, 25)
-> Request 1
249
(4, 2, 1)
2
(79, 1)
-> Request 2
262
(2, 3, 2)
1
(5, 76)
-> Request 3
393
(3, 3, 2)
1
(8, 66)
-> Request 4
480
(2, 3, 1)
3
(56, 65)
-> Request 5
480
(2, 3, 1)
3
(34, 46)
-> Request 6
784
(3, 2, 2)
3
(28, 35)
-> Request 7
1133
(3, 2, 2)
2
(2, 18)
-> Request 8
1167
(3, 1, 1)
1
(52, 1)
-> Request 9
1325
(2, 2, 2)
2
(67, 43)
-> Request 10
1372
(2, 2, 2)
3
(65, 27)
-> Request 11
1430
(3, 3, 1)
2
(33, 15)
--> Day : 1
-> Request 0
65
(4, 1, 2)
3
(0, 15)
-> Request 1
89
(3, 3, 2)
2
(41, 50)
-> Request 2
149
(1, 3, 2)
2
(21, 17)
-> Request 3
266
(1, 2, 1)
2
(79, 24)
-> Request 4
292
(1, 1, 2)
1
(3, 71)
-> Request 5
307
(4, 3, 2)
3
(32, 27)
-> Request 6
347
(2, 1, 2)
2
(56, 63)
-> Request 7
398
(4, 3, 1)
1
(36, 4)
-> Request 8
399
(3, 2, 2)
3
(13, 58)
-> Request 9
454
(2, 3, 1)
1
(65, 31)
-> Request 10
469
(4, 3, 1)
3
(52, 26)
-> Request 11
523
(4, 3, 1)
2
(48, 65)
-> Request 12
527
(1, 2, 1)
1
(47, 71)
-> Request 13
550
(4, 1, 1)
3
(17, 62)
-> Request 14
794
(4, 3, 2)
3
(58, 54)
-> Request 15
1088
(3, 1, 2)
1
(8, 39)
-> Request 16
1273
(1, 2, 2)
3
(20, 79)
--> Day : 2
-> Request 0
166
(1, 2, 2)
3
(2, 34)
-> Request 1
358
(2, 1, 2)
1
(45, 5)
-> Request 2
708
(4, 1, 1)
1
(65, 16)
-> Request 3
721
(2, 1, 2)
1
(28, 22)
-> Request 4
840
(1, 3, 2)
1
(75, 71)
-> Request 5
1380
(1, 3, 1)
1
(30, 53)
--> Day : 3
-> Request 0
140
(3, 3, 1)
3
(77, 7)
-> Request 1
144
(2, 2, 1)
1
(20, 47)
-> Request 2
296
(1, 3, 2)
2
(55, 43)
-> Request 3
473
(4, 2, 1)
1
(42, 42)
-> Request 4
484
(2, 2, 1)
1
(4, 46)
-> Request 5
507
(3, 2, 2)
1
(56, 14)
-> Request 6
917
(2, 2, 1)
2
(36, 76)
-> Request 7
991
(4, 3, 1)
1
(9, 40)
-> Request 8
1112
(2, 3, 2)
1
(30, 71)
-> Request 9
1154
(1, 3, 2)
1
(28, 30)
-> Request 10
1307
(4, 2, 2)
1
(13, 31)
-> Request 11
1405
(4, 1, 2)
3
(19, 75)
--> Day : 4
-> Request 0
219
(1, 3, 2)
1
(16, 41)
-> Request 1
308
(1, 2, 2)
2
(79, 44)
-> Request 2
555
(3, 1, 1)
3
(44, 15)
-> Request 3
607
(3, 3, 2)
2
(67, 68)
-> Request 4
715
(4, 2, 2)
1
(56, 2)
-> Request 5
945
(3, 3, 2)
2
(45, 53)
-> Request 6
1221
(1, 2, 2)
3
(8, 27)
-> Request 7
1331
(3, 2, 1)
2
(28, 4)
---> Week : 9
--> Day : 0
-> Request 0
33
(3, 2, 2)
2
(14, 60)
-> Request 1
613
(1, 2, 2)
2
(10, 35)
-> Request 2
629
(1, 1, 2)
2
(74, 75)
-> Request 3
1001
(1, 2, 1)
1
(51, 6)
-> Request 4
1062
(1, 2, 2)
2
(29, 37)
-> Request 5
1236
(4, 1, 1)
3
(51, 64)
-> Request 6
1265
(4, 2, 1)
1
(1, 48)
--> Day : 1
-> Request 0
172
(1, 3, 2)
3
(53, 42)
-> Request 1
224
(4, 2, 1)
2
(2, 5)
-> Request 2
350
(1, 1, 2)
3
(51, 65)
-> Request 3
367
(1, 3, 1)
3
(31, 3)
-> Request 4
438
(1, 1, 2)
2
(70, 21)
--> Day : 2
-> Request 0
204
(1, 1, 2)
2
(57, 8)
-> Request 1
697
(4, 1, 2)
3
(46, 78)
-> Request 2
817
(2, 2, 1)
2
(71, 4)
-> Request 3
823
(3, 3, 2)
1
(72, 35)
-> Request 4
846
(1, 1, 1)
2
(78, 37)
-> Request 5
1231
(4, 3, 2)
1
(46, 74)
-> Request 6
1265
(3, 2, 1)
2
(54, 16)
-> Request 7
1315
(1, 1, 1)
3
(21, 26)
--> Day : 3
-> Request 0
240
(2, 3, 1)
1
(52, 17)
-> Request 1
333
(4, 2, 1)
2
(42, 39)
-> Request 2
535
(1, 1, 1)
2
(8, 55)
-> Request 3
1425
(3, 3, 2)
2
(55, 13)
--> Day : 4
-> Request 0
108
(4, 3, 2)
1
(26, 61)
-> Request 1
193
(4, 2, 2)
2
(59, 48)
-> Request 2
393
(1, 1, 2)
2
(15, 47)
-> Request 3
515
(3, 3, 1)
3
(27, 5)
-> Request 4
586
(3, 3, 2)
3
(23, 11)
-> Request 5
748
(1, 2, 1)
3
(8, 35)
-> Request 6
972
(1, 1, 2)
1
(37, 59)
-> Request 7
1135
(1, 3, 1)
1
(48, 69)
-> Request 8
1162
(1, 1, 1)
3
(8, 65)
---> Week : 10
--> Day : 0
-> Request 0
115
(2, 3, 1)
3
(8, 66)
-> Request 1
250
(1, 3, 1)
3
(32, 65)
-> Request 2
334
(3, 2, 1)
1
(54, 18)
-> Request 3
367
(3, 3, 1)
1
(41, 78)
-> Request 4
385
(1, 3, 2)
2
(9, 32)
-> Request 5
555
(4, 2, 2)
2
(63, 46)
-> Request 6
639
(1, 3, 1)
2
(31, 61)
-> Request 7
652
(1, 2, 1)
2
(72, 40)
-> Request 8
864
(1, 3, 1)
1
(30, 31)
-> Request 9
877
(2, 2, 1)
3
(49, 26)
-> Request 10
1246
(4, 3, 2)
2
(65, 67)
--> Day : 1
-> Request 0
188
(4, 2, 2)
1
(46, 68)
-> Request 1
255
(4, 3, 2)
3
(6, 8)
-> Request 2
342
(4, 3, 1)
1
(69, 72)
-> Request 3
345
(1, 2, 2)
1
(19, 27)
-> Request 4
398
(1, 1, 2)
3
(12, 61)
-> Request 5
815
(2, 3, 1)
2
(75, 51)
-> Request 6
844
(1, 2, 1)
1
(33, 70)
-> Request 7
957
(3, 1, 2)
1
(56, 42)
-> Request 8
1297
(2, 3, 2)
3
(11, 77)
-> Request 9
1304
(2, 3, 2)
2
(51, 49)
--> Day : 2
-> Request 0
135
(4, 1, 1)
1
(15, 63)
-> Request 1
476
(2, 1, 2)
1
(59, 45)
-> Request 2
563
(1, 1, 1)
3
(77, 9)
-> Request 3
879
(4, 3, 2)
3
(68, 76)
-> Request 4
962
(1, 1, 1)
1
(76, 24)
-> Request 5
1213
(3, 2, 1)
1
(27, 76)
-> Request 6
1215
(1, 3, 1)
3
(52, 33)
--> Day : 3
-> Request 0
186
(1, 1, 2)
1
(77, 17)
-> Request 1
201
(3, 2, 2)
1
(44, 44)
-> Request 2
383
(4, 3, 1)
2
(17, 1)
-> Request 3
484
(2, 3, 1)
2
(72, 34)
-> Request 4
642
(3, 2, 1)
3
(13, 50)
-> Request 5
733
(1, 1, 1)
3
(32, 7)
-> Request 6
829
(4, 1, 1)
1
(6, 52)
-> Request 7
1411
(3, 1, 1)
3
(69, 6)
--> Day : 4
-> Request 0
22
(4, 2, 1)
3
(26, 41)
-> Request 1
25
(3, 1, 2)
1
(53, 7)
-> Request 2
112
(2, 1, 1)
1
(67, 20)
-> Request 3
264
(1, 2, 2)
1
(38, 49)
-> Request 4
613
(2, 3, 1)
3
(29, 62)
-> Request 5
829
(3, 3, 2)
2
(14, 26)
-> Request 6
963
(1, 2, 1)
3
(10, 47)
-> Request 7
1006
(4, 3, 1)
2
(43, 53)
-> Request 8
1052
(4, 1, 2)
1
(23, 48)
-> Request 9
1168
(3, 1, 1)
1
(47, 71)
-> Request 10
1233
(1, 3, 2)
3
(29, 39)
-> Request 11
1333
(3, 1, 2)
3
(49, 13)
---> Week : 11
--> Day : 0
-> Request 0
2
(4, 2, 1)
3
(24, 72)
-> Request 1
4
(2, 1, 2)
2
(51, 26)
-> Request 2
19
(2, 2, 2)
1
(36, 39)
-> Request 3
37
(2, 3, 1)
2
(79, 48)
-> Request 4
65
(2, 2, 2)
1
(42, 77)
-> Request 5
224
(2, 3, 1)
1
(69, 34)
-> Request 6
231
(4, 2, 2)
3
(19, 56)
-> Request 7
254
(3, 2, 2)
2
(31, 62)
-> Request 8
408
(3, 2, 1)
3
(45, 10)
-> Request 9
464
(3, 1, 2)
2
(9, 25)
-> Request 10
804
(4, 2, 1)
1
(17, 58)
-> Request 11
1081
(2, 2, 1)
3
(61, 79)
-> Request 12
1173
(3, 3, 1)
3
(44, 72)
-> Request 13
1175
(4, 2, 1)
3
(62, 18)
-> Request 14
1313
(4, 3, 1)
3
(31, 73)
-> Request 15
1414
(2, 2, 2)
2
(54, 73)
--> Day : 1
-> Request 0
905
(4, 3, 2)
2
(35, 28)
--> Day : 2
-> Request 0
5
(3, 3, 2)
1
(25, 19)
-> Request 1
64
(4, 3, 2)
1
(6, 20)
-> Request 2
164
(3, 1, 1)
3
(37, 40)
-> Request 3
317
(4, 3, 2)
1
(65, 76)
-> Request 4
441
(2, 2, 2)
3
(10, 20)
-> Request 5
524
(2, 2, 2)
1
(20, 21)
-> Request 6
565
(3, 1, 1)
2
(20, 58)
-> Request 7
877
(4, 3, 1)
2
(13, 60)
-> Request 8
1066
(2, 2, 2)
2
(48, 6)
-> Request 9
1207
(4, 2, 1)
3
(40, 61)
-> Request 10
1385
(3, 3, 2)
3
(61, 57)
--> Day : 3
-> Request 0
222
(1, 2, 2)
2
(63, 28)
-> Request 1
287
(3, 3, 2)
1
(77, 32)
-> Request 2
341
(3, 2, 1)
2
(32, 37)
-> Request 3
375
(3, 2, 2)
1
(49, 23)
-> Request 4
468
(4, 3, 1)
2
(37, 27)
-> Request 5
594
(4, 3, 1)
2
(44, 0)
-> Request 6
658
(2, 1, 1)
1
(36, 69)
-> Request 7
936
(3, 3, 1)
3
(43, 52)
-> Request 8
936
(2, 2, 2)
1
(79, 53)
-> Request 9
1064
(1, 3, 2)
2
(5, 27)
-> Request 10
1287
(3, 1, 2)
3
(76, 41)
-> Request 11
1323
(1, 2, 1)
1
(64, 67)
-> Request 12
1386
(4, 2, 1)
1
(63, 67)
-> Request 13
1419
(4, 3, 2)
3
(21, 61)
--> Day : 4
-> Request 0
90
(2, 1, 2)
1
(30, 42)
-> Request 1
250
(2, 1, 1)
2
(15, 61)
-> Request 2
303
(3, 1, 1)
1
(33, 44)
-> Request 3
365
(2, 3, 1)
2
(35, 64)
-> Request 4
386
(3, 1, 1)
3
(60, 6)
-> Request 5
409
(1, 1, 2)
3
(73, 58)
-> Request 6
416
(1, 1, 2)
2
(4, 13)
-> Request 7
473
(4, 1, 1)
1
(74, 57)
-> Request 8
670
(1, 3, 1)
1
(25, 34)
-> Request 9
826
(3, 3, 1)
1
(28, 56)
-> Request 10
829
(3, 1, 1)
1
(64, 41)
---> Week : 12
--> Day : 0
-> Request 0
189
(3, 2, 1)
2
(25, 43)
-> Request 1
268
(2, 2, 2)
2
(51, 60)
-> Request 2
276
(2, 3, 1)
3
(76, 26)
-> Request 3
410
(4, 3, 1)
3
(72, 27)
-> Request 4
456
(1, 1, 2)
2
(54, 79)
-> Request 5
617
(1, 1, 2)
1
(13, 35)
-> Request 6
677
(2, 2, 2)
2
(58, 23)
-> Request 7
699
(4, 3, 2)
3
(22, 50)
-> Request 8
939
(2, 3, 1)
3
(69, 22)
-> Request 9
1263
(1, 1, 2)
2
(8, 6)
-> Request 10
1338
(2, 2, 2)
2
(75, 3)
-> Request 11
1339
(3, 1, 1)
1
(68, 25)
-> Request 12
1356
(4, 3, 2)
1
(16, 67)
-> Request 13
1392
(2, 3, 2)
2
(55, 24)
-> Request 14
1412
(2, 2, 1)
1
(71, 19)
--> Day : 1
-> Request 0
1
(4, 3, 2)
2
(46, 75)
-> Request 1
82
(2, 3, 2)
2
(70, 35)
-> Request 2
130
(3, 3, 2)
3
(78, 13)
-> Request 3
227
(1, 1, 2)
3
(50, 46)
-> Request 4
233
(2, 3, 2)
2
(66, 30)
-> Request 5
679
(1, 2, 2)
1
(61, 32)
-> Request 6
724
(3, 1, 1)
1
(9, 51)
-> Request 7
1063
(3, 3, 1)
1
(28, 59)
-> Request 8
1093
(1, 1, 1)
2
(22, 46)
-> Request 9
1152
(3, 1, 1)
1
(32, 79)
-> Request 10
1153
(1, 1, 2)
2
(69, 79)
-> Request 11
1305
(2, 3, 1)
2
(72, 10)
-> Request 12
1380
(1, 1, 1)
3
(73, 50)
-> Request 13
1390
(4, 2, 1)
2
(73, 51)
-> Request 14
1418
(2, 1, 1)
2
(16, 59)
--> Day : 2
-> Request 0
115
(4, 1, 2)
1
(15, 63)
-> Request 1
132
(4, 2, 1)
3
(26, 25)
-> Request 2
214
(2, 2, 1)
3
(34, 37)
-> Request 3
495
(1, 2, 1)
1
(59, 14)
-> Request 4
653
(4, 1, 2)
2
(36, 76)
-> Request 5
825
(4, 3, 1)
3
(72, 26)
-> Request 6
1338
(1, 3, 2)
2
(76, 71)
-> Request 7
1405
(4, 3, 1)
1
(70, 35)
--> Day : 3
-> Request 0
290
(3, 1, 2)
2
(42, 64)
-> Request 1
380
(2, 2, 2)
1
(72, 57)
-> Request 2
1045
(1, 1, 2)
2
(16, 10)
-> Request 3
1094
(1, 3, 2)
1
(38, 44)
-> Request 4
1136
(4, 2, 1)
1
(32, 29)
-> Request 5
1315
(1, 3, 1)
2
(25, 24)
-> Request 6
1366
(4, 2, 1)
1
(73, 79)
--> Day : 4
-> Request 0
118
(1, 3, 2)
2
(31, 79)
-> Request 1
178
(4, 2, 2)
1
(73, 42)
-> Request 2
323
(1, 3, 1)
2
(56, 0)
-> Request 3
356
(2, 2, 2)
1
(70, 12)
-> Request 4
544
(4, 3, 2)
1
(68, 47)
-> Request 5
683
(4, 1, 2)
1
(61, 51)
-> Request 6
743
(2, 2, 1)
3
(64, 22)
-> Request 7
1081
(3, 2, 2)
2
(18, 32)
-> Request 8
1364
(3, 1, 1)
2
(24, 60)
---> Week : 13
--> Day : 0
-> Request 0
339
(3, 1, 2)
3
(59, 19)
-> Request 1
406
(1, 3, 2)
1
(64, 16)
-> Request 2
645
(4, 3, 1)
2
(12, 13)
-> Request 3
732
(4, 1, 2)
3
(9, 53)
-> Request 4
884
(1, 1, 1)
3
(8, 47)
-> Request 5
1173
(1, 1, 2)
3
(23, 44)
-> Request 6
1337
(4, 1, 1)
2
(13, 76)
--> Day : 1
-> Request 0
538
(1, 2, 2)
1
(26, 23)
-> Request 1
844
(1, 2, 2)
1
(24, 37)
-> Request 2
935
(3, 3, 2)
2
(66, 52)
-> Request 3
939
(3, 3, 1)
2
(79, 16)
-> Request 4
1374
(4, 1, 2)
3
(65, 44)
-> Request 5
1402
(2, 3, 1)
2
(79, 75)
-> Request 6
1425
(3, 1, 1)
3
(25, 72)
-> Request 7
1434
(3, 2, 1)
3
(32, 57)
--> Day : 2
-> Request 0
125
(4, 2, 1)
3
(8, 68)
-> Request 1
218
(3, 1, 2)
2
(76, 11)
-> Request 2
379
(1, 3, 2)
2
(67, 11)
-> Request 3
415
(2, 1, 1)
3
(47, 55)
-> Request 4
645
(2, 2, 2)
1
(33, 63)
-> Request 5
738
(4, 1, 1)
1
(66, 61)
-> Request 6
795
(2, 1, 1)
3
(9, 16)
-> Request 7
929
(2, 3, 1)
3
(51, 61)
-> Request 8
1221
(4, 3, 1)
2
(78, 20)
--> Day : 3
-> Request 0
51
(1, 3, 2)
1
(34, 71)
-> Request 1
161
(3, 3, 2)
3
(6, 5)
-> Request 2
359
(2, 1, 2)
1
(4, 24)
-> Request 3
370
(2, 2, 1)
2
(56, 59)
-> Request 4
590
(4, 3, 2)
1
(44, 50)
-> Request 5
648
(4, 3, 1)
1
(65, 38)
-> Request 6
664
(4, 1, 2)
1
(65, 21)
-> Request 7
704
(4, 3, 1)
2
(47, 10)
-> Request 8
728
(3, 2, 1)
2
(65, 38)
-> Request 9
810
(2, 1, 2)
1
(23, 57)
-> Request 10
1335
(4, 3, 1)
3
(46, 40)
-> Request 11
1361
(3, 3, 1)
3
(79, 51)
--> Day : 4
-> Request 0
5
(1, 2, 1)
3
(16, 16)
-> Request 1
146
(1, 3, 1)
3
(15, 75)
-> Request 2
149
(3, 3, 2)
1
(5, 20)
-> Request 3
529
(1, 2, 2)
3
(60, 25)
-> Request 4
711
(4, 2, 1)
3
(11, 65)
-> Request 5
745
(4, 2, 2)
1
(0, 1)
-> Request 6
976
(1, 1, 1)
1
(16, 0)
-> Request 7
1195
(1, 2, 1)
1
(39, 35)
-> Request 8
1196
(1, 2, 2)
2
(79, 37)
-> Request 9
1248
(3, 3, 2)
2
(1, 31)
-> Request 10
1312
(1, 2, 1)
1
(43, 40)
---> Week : 14
--> Day : 0
-> Request 0
9
(2, 1, 1)
1
(17, 20)
-> Request 1
155
(2, 1, 2)
3
(7, 46)
-> Request 2
245
(2, 1, 1)
2
(23, 70)
-> Request 3
459
(2, 2, 2)
2
(56, 23)
-> Request 4
650
(3, 3, 1)
2
(42, 4)
-> Request 5
862
(1, 1, 1)
2
(33, 13)
-> Request 6
910
(3, 2, 2)
1
(75, 13)
-> Request 7
978
(4, 2, 1)
1
(16, 55)
-> Request 8
987
(4, 1, 2)
2
(64, 73)
-> Request 9
1059
(2, 2, 1)
2
(43, 57)
-> Request 10
1069
(2, 3, 2)
3
(14, 38)
-> Request 11
1182
(4, 2, 1)
3
(23, 55)
-> Request 12
1214
(4, 3, 1)
2
(71, 18)
-> Request 13
1222
(2, 3, 2)
2
(11, 16)
-> Request 14
1266
(2, 1, 2)
2
(24, 31)
--> Day : 1
-> Request 0
75
(3, 1, 1)
1
(64, 20)
-> Request 1
326
(3, 2, 2)
1
(15, 16)
-> Request 2
344
(1, 2, 2)
2
(47, 62)
-> Request 3
375
(1, 3, 2)
1
(4, 37)
-> Request 4
404
(4, 1, 1)
1
(6, 7)
-> Request 5
484
(3, 1, 2)
1
(16, 37)
-> Request 6
1051
(1, 3, 2)
1
(64, 55)
-> Request 7
1180
(4, 1, 2)
1
(65, 54)
-> Request 8
1319
(4, 2, 1)
3
(65, 73)
--> Day : 2
-> Request 0
139
(3, 1, 2)
3
(13, 21)
-> Request 1
499
(4, 1, 2)
1
(34, 16)
-> Request 2
558
(3, 1, 2)
1
(46, 72)
-> Request 3
787
(4, 3, 2)
3
(44, 7)
-> Request 4
869
(4, 1, 2)
1
(11, 28)
-> Request 5
869
(4, 3, 1)
1
(57, 20)
-> Request 6
891
(4, 1, 1)
2
(77, 14)
-> Request 7
1083
(4, 1, 1)
1
(64, 47)
-> Request 8
1105
(4, 2, 2)
1
(26, 33)
-> Request 9
1117
(3, 3, 1)
1
(73, 14)
-> Request 10
1297
(1, 1, 1)
2
(22, 39)
-> Request 11
1318
(1, 3, 2)
3
(4, 9)
-> Request 12
1379
(2, 2, 1)
3
(22, 70)
--> Day : 3
-> Request 0
177
(3, 3, 1)
2
(3, 59)
-> Request 1
805
(4, 2, 2)
1
(53, 58)
-> Request 2
819
(2, 1, 1)
2
(76, 26)
-> Request 3
1014
(4, 3, 2)
3
(7, 55)
-> Request 4
1053
(4, 2, 1)
1
(15, 20)
-> Request 5
1221
(3, 1, 2)
3
(63, 69)
--> Day : 4
-> Request 0
127
(3, 1, 1)
3
(62, 46)
-> Request 1
134
(4, 1, 2)
2
(0, 44)
-> Request 2
134
(2, 3, 1)
1
(52, 65)
-> Request 3
185
(4, 1, 1)
2
(61, 18)
-> Request 4
336
(1, 3, 2)
3
(17, 33)
-> Request 5
408
(4, 2, 2)
3
(19, 18)
-> Request 6
627
(2, 3, 1)
2
(70, 30)
-> Request 7
694
(1, 1, 2)
3
(11, 58)
-> Request 8
771
(3, 2, 2)
3
(11, 79)
-> Request 9
830
(4, 3, 2)
2
(59, 38)
-> Request 10
1019
(1, 3, 2)
1
(28, 18)
-> Request 11
1364
(1, 1, 1)
3
(19, 24)
-> Request 12
1439
(4, 1, 2)
3
(56, 72)
---> Week : 15
--> Day : 0
-> Request 0
91
(3, 1, 1)
2
(76, 40)
-> Request 1
205
(4, 1, 1)
3
(33, 50)
-> Request 2
240
(1, 3, 1)
3
(1, 68)
-> Request 3
285
(3, 3, 2)
1
(41, 65)
-> Request 4
486
(2, 3, 1)
3
(62, 75)
-> Request 5
590
(1, 3, 2)
3
(57, 22)
-> Request 6
1143
(4, 3, 1)
1
(26, 23)
-> Request 7
1290
(1, 1, 2)
2
(22, 14)
-> Request 8
1358
(4, 1, 2)
3
(23, 7)
-> Request 9
1403
(3, 1, 2)
2
(17, 62)
--> Day : 1
-> Request 0
407
(2, 2, 1)
1
(78, 28)
-> Request 1
472
(1, 2, 1)
2
(30, 42)
-> Request 2
674
(2, 1, 2)
1
(69, 37)
-> Request 3
1030
(3, 2, 2)
3
(5, 30)
-> Request 4
1039
(3, 1, 2)
3
(6, 19)
-> Request 5
1147
(1, 2, 1)
2
(78, 0)
--> Day : 2
-> Request 0
165
(4, 3, 2)
2
(26, 74)
-> Request 1
230
(2, 3, 2)
2
(28, 65)
-> Request 2
421
(2, 1, 2)
2
(57, 60)
-> Request 3
558
(4, 3, 1)
2
(56, 72)
-> Request 4
734
(3, 1, 1)
1
(1, 21)
-> Request 5
759
(3, 2, 2)
3
(57, 38)
-> Request 6
766
(4, 3, 2)
1
(30, 66)
-> Request 7
832
(2, 3, 1)
1
(73, 50)
-> Request 8
1281
(4, 1, 1)
1
(0, 56)
--> Day : 3
-> Request 0
142
(1, 2, 1)
3
(36, 34)
-> Request 1
232
(2, 2, 2)
3
(3, 61)
-> Request 2
364
(1, 3, 2)
2
(63, 27)
-> Request 3
693
(2, 3, 1)
1
(44, 39)
-> Request 4
718
(4, 2, 2)
2
(51, 1)
-> Request 5
780
(3, 3, 1)
3
(43, 37)
-> Request 6
983
(1, 2, 2)
2
(63, 67)
-> Request 7
1056
(2, 3, 2)
1
(2, 32)
-> Request 8
1188
(3, 1, 2)
3
(9, 19)
--> Day : 4
-> Request 0
82
(4, 2, 1)
2
(36, 24)
-> Request 1
82
(4, 3, 1)
1
(57, 27)
-> Request 2
480
(2, 2, 2)
3
(59, 72)
-> Request 3
907
(2, 3, 1)
2
(66, 35)
-> Request 4
1003
(4, 1, 1)
2
(10, 74)
-> Request 5
1008
(2, 1, 2)
1
(63, 9)
-> Request 6
1068
(1, 1, 2)
2
(72, 33)
-> Request 7
1070
(1, 3, 2)
1
(2, 48)
-> Request 8
1083
(3, 1, 1)
2
(53, 67)
-> Request 9
1099
(3, 3, 2)
2
(48, 78)
-> Request 10
1157
(3, 2, 2)
1
(47, 13)
-> Request 11
1330
(1, 1, 2)
1
(20, 6)
-> Request 12
1372
(2, 2, 1)
3
(56, 32)
---> Week : 16
--> Day : 0
-> Request 0
174
(2, 2, 1)
1
(55, 61)
-> Request 1
294
(1, 1, 1)
2
(36, 7)
-> Request 2
321
(4, 1, 2)
2
(27, 37)
-> Request 3
400
(4, 1, 2)
3
(57, 27)
-> Request 4
479
(3, 2, 2)
2
(69, 38)
-> Request 5
502
(2, 3, 1)
2
(15, 41)
-> Request 6
614
(4, 3, 1)
2
(36, 43)
-> Request 7
894
(1, 1, 2)
1
(54, 48)
-> Request 8
909
(3, 2, 1)
1
(68, 62)
-> Request 9
912
(3, 3, 1)
1
(61, 38)
-> Request 10
1107
(2, 1, 1)
2
(72, 61)
--> Day : 1
-> Request 0
58
(4, 3, 1)
1
(48, 31)
-> Request 1
90
(1, 1, 2)
3
(3, 56)
-> Request 2
379
(4, 1, 2)
1
(28, 71)
-> Request 3
553
(3, 1, 1)
3
(56, 38)
-> Request 4
628
(3, 3, 1)
1
(33, 61)
-> Request 5
652
(4, 1, 2)
1
(20, 37)
-> Request 6
728
(1, 1, 1)
1
(70, 57)
-> Request 7
812
(3, 1, 2)
2
(48, 38)
-> Request 8
1066
(2, 2, 2)
3
(1, 29)
-> Request 9
1146
(3, 3, 1)
3
(56, 77)
-> Request 10
1371
(4, 3, 2)
1
(69, 76)
--> Day : 2
-> Request 0
49
(4, 3, 1)
2
(11, 26)
-> Request 1
113
(3, 2, 1)
1
(9, 56)
-> Request 2
124
(4, 3, 2)
1
(64, 27)
-> Request 3
149
(1, 3, 2)
1
(6, 30)
-> Request 4
154
(2, 2, 1)
3
(24, 45)
-> Request 5
226
(4, 2, 1)
2
(70, 48)
-> Request 6
435
(1, 2, 1)
1
(42, 18)
-> Request 7
484
(2, 3, 1)
1
(50, 63)
-> Request 8
563
(1, 3, 2)
3
(64, 10)
-> Request 9
601
(1, 1, 2)
3
(42, 39)
-> Request 10
961
(3, 3, 1)
3
(73, 36)
-> Request 11
1188
(2, 3, 1)
1
(56, 9)
-> Request 12
1213
(1, 1, 1)
3
(2, 48)
-> Request 13
1326
(1, 3, 2)
1
(66, 1)
-> Request 14
1326
(2, 2, 1)
3
(26, 9)
-> Request 15
1353
(3, 2, 1)
1
(79, 51)
-> Request 16
1436
(2, 2, 2)
2
(26, 0)
--> Day : 3
-> Request 0
97
(1, 2, 2)
1
(60, 32)
-> Request 1
319
(1, 1, 1)
3
(76, 74)
-> Request 2
510
(1, 2, 2)
1
(30, 30)
-> Request 3
576
(2, 2, 2)
2
(33, 48)
-> Request 4
576
(3, 1, 2)
3
(58, 51)
-> Request 5
907
(4, 1, 1)
1
(54, 28)
-> Request 6
1045
(2, 1, 1)
3
(57, 13)
-> Request 7
1138
(3, 1, 2)
2
(52, 53)
-> Request 8
1423
(3, 3, 1)
1
(9, 3)
--> Day : 4
-> Request 0
25
(2, 2, 2)
2
(75, 45)
-> Request 1
139
(3, 2, 1)
2
(6, 73)
-> Request 2
283
(4, 2, 2)
2
(55, 49)
-> Request 3
430
(1, 3, 1)
3
(71, 42)
-> Request 4
533
(1, 2, 2)
2
(43, 58)
-> Request 5
569
(4, 3, 1)
1
(64, 6)
-> Request 6
638
(1, 3, 2)
2
(24, 73)
-> Request 7
675
(1, 3, 2)
1
(77, 14)
-> Request 8
774
(2, 2, 2)
1
(6, 10)
-> Request 9
1417
(3, 2, 1)
2
(13, 40)
---> Week : 17
--> Day : 0
-> Request 0
259
(1, 1, 2)
3
(23, 63)
-> Request 1
326
(3, 1, 1)
1
(13, 49)
-> Request 2
410
(1, 2, 1)
1
(35, 12)
-> Request 3
908
(3, 1, 2)
1
(2, 59)
-> Request 4
1063
(1, 2, 1)
3
(66, 79)
-> Request 5
1194
(2, 1, 1)
1
(3, 58)
-> Request 6
1245
(4, 1, 2)
3
(58, 8)
--> Day : 1
-> Request 0
230
(4, 3, 1)
1
(39, 62)
-> Request 1
303
(3, 2, 1)
2
(12, 72)
-> Request 2
714
(3, 2, 1)
1
(29, 70)
-> Request 3
759
(3, 2, 1)
2
(48, 50)
-> Request 4
764
(4, 3, 2)
3
(63, 4)
-> Request 5
822
(4, 3, 1)
1
(19, 25)
-> Request 6
824
(1, 1, 1)
1
(13, 36)
-> Request 7
849
(2, 1, 1)
3
(55, 76)
-> Request 8
1101
(1, 2, 2)
1
(66, 45)
-> Request 9
1192
(2, 1, 1)
2
(11, 77)
-> Request 10
1382
(3, 2, 2)
1
(73, 73)
--> Day : 2
-> Request 0
114
(3, 3, 1)
3
(4, 76)
-> Request 1
275
(4, 3, 1)
2
(2, 40)
-> Request 2
299
(1, 1, 2)
2
(9, 66)
-> Request 3
319
(3, 1, 2)
3
(50, 14)
-> Request 4
533
(2, 1, 1)
2
(42, 51)
-> Request 5
712
(1, 1, 1)
2
(76, 27)
-> Request 6
739
(3, 1, 1)
2
(73, 34)
-> Request 7
793
(4, 1, 2)
1
(41, 35)
-> Request 8
807
(3, 2, 1)
1
(4, 32)
-> Request 9
899
(4, 3, 1)
1
(38, 41)
-> Request 10
991
(3, 2, 1)
1
(62, 26)
-> Request 11
1344
(4, 1, 2)
2
(19, 55)
-> Request 12
1390
(3, 1, 1)
1
(31, 0)
--> Day : 3
-> Request 0
23
(4, 3, 2)
3
(68, 7)
-> Request 1
130
(1, 2, 2)
3
(17, 25)
-> Request 2
229
(4, 3, 2)
2
(10, 19)
-> Request 3
362
(4, 1, 1)
2
(64, 54)
-> Request 4
398
(2, 3, 2)
3
(71, 62)
-> Request 5
398
(4, 1, 2)
2
(12, 56)
-> Request 6
415
(3, 3, 1)
1
(49, 6)
-> Request 7
588
(2, 1, 1)
2
(3, 43)
-> Request 8
626
(3, 3, 2)
3
(0, 59)
-> Request 9
666
(3, 1, 2)
1
(52, 62)
-> Request 10
797
(4, 3, 1)
3
(57, 11)
-> Request 11
953
(1, 1, 1)
3
(49, 43)
-> Request 12
1029
(2, 2, 1)
1
(19, 66)
-> Request 13
1134
(3, 1, 2)
1
(53, 33)
-> Request 14
1184
(1, 2, 2)
3
(29, 56)
--> Day : 4
-> Request 0
11
(2, 2, 2)
2
(8, 69)
-> Request 1
53
(3, 2, 2)
2
(56, 74)
-> Request 2
430
(2, 2, 1)
3
(50, 75)
-> Request 3
584
(1, 2, 2)
2
(13, 6)
-> Request 4
677
(1, 1, 1)
1
(72, 40)
-> Request 5
694
(2, 3, 1)
3
(57, 47)
-> Request 6
712
(1, 3, 1)
3
(36, 44)
-> Request 7
860
(4, 1, 1)
1
(63, 31)
-> Request 8
1134
(3, 1, 1)
1
(74, 38)
---> Week : 18
--> Day : 0
-> Request 0
35
(4, 1, 1)
3
(58, 72)
-> Request 1
287
(2, 2, 1)
1
(75, 77)
-> Request 2
418
(2, 2, 2)
1
(12, 47)
-> Request 3
420
(1, 1, 1)
2
(79, 63)
-> Request 4
613
(4, 2, 1)
1
(16, 49)
-> Request 5
751
(1, 1, 2)
2
(0, 71)
-> Request 6
839
(4, 2, 1)
2
(23, 2)
--> Day : 1
-> Request 0
187
(4, 2, 1)
1
(56, 58)
-> Request 1
335
(3, 1, 1)
3
(37, 4)
-> Request 2
375
(2, 3, 1)
3
(31, 57)
-> Request 3
498
(3, 1, 2)
2
(41, 25)
-> Request 4
820
(3, 2, 1)
1
(4, 40)
-> Request 5
822
(2, 1, 1)
3
(36, 7)
-> Request 6
1051
(2, 3, 2)
2
(29, 14)
-> Request 7
1175
(3, 3, 2)
1
(66, 73)
--> Day : 2
-> Request 0
159
(2, 2, 1)
1
(3, 48)
-> Request 1
227
(3, 3, 2)
1
(34, 25)
-> Request 2
492
(3, 2, 2)
2
(63, 61)
-> Request 3
495
(1, 2, 2)
2
(77, 38)
-> Request 4
673
(4, 1, 1)
3
(9, 20)
-> Request 5
733
(1, 2, 2)
1
(20, 28)
-> Request 6
1064
(3, 2, 1)
1
(56, 36)
-> Request 7
1206
(1, 2, 1)
2
(26, 3)
-> Request 8
1218
(1, 2, 2)
3
(36, 75)
-> Request 9
1220
(1, 3, 1)
3
(46, 75)
-> Request 10
1312
(4, 2, 2)
3
(46, 1)
-> Request 11
1367
(1, 1, 2)
1
(31, 23)
-> Request 12
1433
(1, 3, 1)
1
(38, 44)
--> Day : 3
-> Request 0
102
(2, 3, 1)
2
(11, 25)
-> Request 1
193
(4, 2, 1)
1
(77, 65)
-> Request 2
339
(1, 2, 2)
3
(12, 50)
-> Request 3
395
(4, 3, 2)
3
(13, 61)
-> Request 4
553
(1, 2, 1)
3
(50, 14)
-> Request 5
884
(2, 3, 2)
1
(49, 51)
-> Request 6
1159
(1, 3, 1)
2
(78, 62)
--> Day : 4
-> Request 0
291
(2, 1, 2)
3
(78, 22)
-> Request 1
461
(4, 1, 1)
2
(5, 28)
-> Request 2
607
(3, 3, 2)
2
(48, 28)
-> Request 3
739
(4, 2, 1)
3
(0, 65)
-> Request 4
765
(1, 3, 2)
3
(11, 44)
-> Request 5
904
(3, 3, 1)
3
(74, 13)
-> Request 6
953
(3, 3, 2)
2
(5, 62)
-> Request 7
1243
(1, 3, 2)
1
(12, 6)
---> Week : 19
--> Day : 0
-> Request 0
139
(1, 1, 2)
1
(48, 47)
-> Request 1
139
(1, 1, 2)
2
(36, 20)
-> Request 2
660
(3, 2, 2)
3
(54, 29)
-> Request 3
764
(3, 3, 1)
1
(28, 44)
-> Request 4
889
(3, 2, 1)
1
(12, 7)
-> Request 5
1141
(3, 2, 1)
1
(78, 52)
--> Day : 1
-> Request 0
649
(4, 1, 1)
1
(61, 69)
-> Request 1
661
(1, 3, 1)
2
(45, 36)
-> Request 2
678
(4, 2, 1)
1
(6, 62)
-> Request 3
725
(4, 1, 2)
1
(75, 7)
-> Request 4
1222
(4, 1, 1)
2
(43, 25)
--> Day : 2
-> Request 0
133
(4, 1, 2)
2
(17, 41)
-> Request 1
413
(3, 1, 2)
3
(41, 7)
-> Request 2
752
(3, 1, 1)
2
(9, 62)
-> Request 3
885
(2, 2, 1)
1
(39, 38)
-> Request 4
943
(2, 2, 1)
2
(45, 2)
-> Request 5
1083
(1, 3, 2)
1
(60, 10)
-> Request 6
1090
(2, 3, 1)
3
(25, 33)
-> Request 7
1182
(1, 1, 2)
2
(71, 28)
-> Request 8
1328
(4, 1, 1)
3
(8, 62)
--> Day : 3
-> Request 0
97
(1, 1, 1)
1
(76, 46)
-> Request 1
329
(1, 3, 1)
3
(26, 27)
-> Request 2
363
(1, 1, 1)
2
(64, 11)
-> Request 3
378
(1, 2, 1)
1
(47, 30)
-> Request 4
406
(3, 1, 2)
3
(76, 18)
-> Request 5
476
(3, 3, 2)
3
(51, 65)
-> Request 6
648
(1, 2, 2)
3
(43, 66)
-> Request 7
652
(1, 1, 1)
2
(14, 37)
-> Request 8
698
(4, 3, 2)
2
(77, 64)
-> Request 9
827
(1, 1, 2)
1
(4, 58)
-> Request 10
877
(4, 1, 2)
3
(78, 28)
-> Request 11
891
(4, 2, 1)
2
(22, 5)
-> Request 12
905
(3, 1, 1)
3
(17, 23)
-> Request 13
970
(3, 2, 2)
1
(36, 17)
-> Request 14
1193
(4, 3, 1)
1
(26, 6)
-> Request 15
1242
(3, 3, 2)
1
(13, 14)
-> Request 16
1368
(3, 1, 2)
2
(62, 59)
-> Request 17
1390
(1, 1, 2)
2
(39, 22)
-> Request 18
1412
(3, 1, 2)
2
(44, 3)
--> Day : 4
-> Request 0
197
(3, 1, 1)
1
(63, 32)
-> Request 1
262
(1, 2, 2)
1
(22, 57)
-> Request 2
284
(4, 1, 1)
1
(34, 25)
-> Request 3
495
(1, 3, 1)
3
(36, 38)
-> Request 4
731
(4, 1, 2)
3
(65, 62)
-> Request 5
1158
(2, 2, 1)
1
(66, 46)
-> Request 6
1249
(3, 1, 1)
3
(27, 59)
-> Request 7
1371
(3, 2, 1)
2
(54, 41)
-> Request 8
1407
(4, 3, 2)
2
(34, 22)
---> Week : 20
--> Day : 0
-> Request 0
134
(2, 3, 1)
1
(45, 46)
-> Request 1
171
(3, 1, 2)
2
(18, 53)
-> Request 2
244
(2, 1, 1)
3
(56, 6)
-> Request 3
414
(4, 3, 1)
2
(26, 55)
-> Request 4
598
(2, 2, 2)
3
(27, 47)
-> Request 5
937
(2, 2, 2)
2
(29, 51)
-> Request 6
1008
(1, 1, 2)
3
(68, 58)
-> Request 7
1180
(2, 2, 2)
3
(15, 17)
-> Request 8
1412
(4, 1, 1)
1
(24, 24)
-> Request 9
1425
(2, 3, 2)
3
(63, 3)
--> Day : 1
-> Request 0
565
(3, 2, 2)
1
(12, 3)
-> Request 1
566
(2, 1, 1)
3
(76, 73)
-> Request 2
585
(3, 2, 1)
1
(79, 67)
-> Request 3
687
(4, 2, 2)
2
(58, 70)
-> Request 4
916
(2, 3, 2)
2
(14, 5)
-> Request 5
972
(4, 2, 2)
1
(48, 63)
-> Request 6
986
(4, 1, 2)
2
(47, 16)
-> Request 7
1137
(2, 1, 1)
1
(18, 75)
-> Request 8
1296
(3, 1, 1)
2
(60, 56)
--> Day : 2
-> Request 0
21
(4, 3, 2)
1
(56, 68)
-> Request 1
115
(4, 3, 1)
1
(79, 57)
-> Request 2
279
(3, 3, 1)
1
(53, 23)
-> Request 3
485
(2, 3, 1)
3
(41, 18)
-> Request 4
503
(1, 3, 1)
1
(1, 31)
-> Request 5
750
(4, 1, 2)
3
(52, 27)
-> Request 6
906
(3, 1, 2)
2
(22, 58)
-> Request 7
915
(3, 1, 1)
3
(28, 31)
-> Request 8
1012
(3, 1, 1)
2
(52, 23)
-> Request 9
1097
(2, 2, 2)
2
(12, 59)
--> Day : 3
-> Request 0
41
(1, 2, 1)
2
(21, 59)
-> Request 1
287
(2, 2, 1)
2
(38, 26)
-> Request 2
295
(2, 2, 1)
2
(72, 43)
-> Request 3
331
(1, 3, 1)
2
(66, 39)
-> Request 4
548
(3, 1, 2)
2
(49, 63)
-> Request 5
548
(1, 1, 1)
1
(76, 33)
-> Request 6
678
(3, 3, 2)
2
(21, 77)
-> Request 7
765
(1, 3, 2)
3
(57, 75)
-> Request 8
831
(1, 2, 1)
3
(66, 34)
-> Request 9
921
(3, 1, 2)
3
(45, 6)
-> Request 10
1153
(2, 1, 2)
2
(31, 30)
-> Request 11
1285
(1, 1, 2)
3
(17, 56)
-> Request 12
1354
(1, 2, 2)
3
(16, 30)
-> Request 13
1381
(1, 1, 1)
2
(37, 71)
-> Request 14
1389
(1, 1, 2)
2
(79, 59)
-> Request 15
1397
(3, 3, 1)
2
(42, 1)
-> Request 16
1436
(2, 1, 2)
1
(20, 54)
--> Day : 4
-> Request 0
122
(1, 3, 2)
2
(27, 53)
-> Request 1
234
(2, 2, 2)
2
(20, 62)
-> Request 2
276
(2, 3, 1)
2
(32, 73)
-> Request 3
687
(2, 3, 1)
2
(36, 73)
-> Request 4
708
(1, 3, 2)
3
(28, 28)
-> Request 5
790
(1, 1, 2)
1
(19, 76)
-> Request 6
821
(2, 3, 1)
1
(35, 48)
-> Request 7
857
(3, 3, 1)
3
(0, 59)
-> Request 8
1245
(2, 1, 1)
3
(17, 30)
---> Week : 21
--> Day : 0
-> Request 0
62
(1, 3, 1)
3
(49, 15)
-> Request 1
107
(1, 3, 1)
2
(12, 45)
-> Request 2
669
(3, 1, 1)
3
(48, 52)
-> Request 3
672
(2, 1, 1)
3
(1, 23)
-> Request 4
833
(2, 2, 1)
1
(75, 69)
-> Request 5
953
(1, 3, 1)
3
(0, 41)
-> Request 6
957
(4, 2, 1)
3
(1, 57)
-> Request 7
1011
(3, 1, 2)
3
(3, 69)
-> Request 8
1329
(4, 2, 1)
1
(7, 48)
-> Request 9
1362
(1, 2, 1)
1
(54, 62)
-> Request 10
1422
(2, 2, 2)
1
(23, 48)
--> Day : 1
-> Request 0
12
(1, 1, 2)
2
(39, 69)
-> Request 1
851
(2, 1, 2)
2
(79, 61)
-> Request 2
963
(4, 1, 2)
3
(72, 57)
-> Request 3
988
(1, 1, 1)
1
(19, 41)
-> Request 4
1044
(3, 1, 2)
2
(36, 40)
-> Request 5
1094
(4, 1, 1)
1
(17, 64)
-> Request 6
1125
(2, 1, 1)
3
(7, 45)
-> Request 7
1148
(3, 2, 2)
2
(59, 2)
-> Request 8
1153
(1, 1, 2)
2
(25, 74)
-> Request 9
1253
(3, 1, 1)
3
(36, 46)
--> Day : 2
-> Request 0
18
(2, 2, 2)
1
(30, 32)
-> Request 1
254
(2, 1, 1)
1
(74, 42)
-> Request 2
316
(1, 1, 1)
1
(26, 46)
-> Request 3
346
(3, 1, 2)
2
(4, 52)
-> Request 4
652
(1, 2, 2)
1
(47, 6)
-> Request 5
675
(1, 2, 1)
2
(66, 57)
-> Request 6
717
(1, 1, 2)
1
(20, 36)
-> Request 7
789
(4, 1, 1)
3
(60, 3)
-> Request 8
885
(3, 1, 2)
3
(32, 46)
-> Request 9
1069
(3, 3, 2)
1
(71, 79)
-> Request 10
1237
(3, 2, 2)
1
(38, 11)
--> Day : 3
-> Request 0
195
(3, 3, 2)
3
(58, 47)
-> Request 1
860
(2, 3, 1)
1
(23, 33)
-> Request 2
1220
(3, 3, 1)
1
(65, 1)
-> Request 3
1389
(3, 2, 1)
1
(59, 64)
--> Day : 4
-> Request 0
110
(4, 2, 2)
1
(56, 35)
-> Request 1
131
(3, 1, 2)
2
(1, 35)
-> Request 2
402
(4, 3, 1)
3
(65, 13)
-> Request 3
649
(2, 2, 1)
1
(64, 28)
-> Request 4
757
(2, 3, 1)
3
(70, 51)
-> Request 5
1238
(4, 3, 1)
2
(41, 8)
---> Week : 22
--> Day : 0
-> Request 0
130
(4, 1, 2)
3
(56, 79)
-> Request 1
178
(2, 2, 2)
3
(43, 3)
-> Request 2
180
(3, 3, 2)
2
(60, 7)
-> Request 3
265
(1, 2, 2)
2
(38, 62)
-> Request 4
619
(2, 3, 1)
3
(72, 68)
-> Request 5
671
(3, 1, 2)
1
(34, 28)
-> Request 6
700
(4, 3, 2)
2
(49, 69)
-> Request 7
748
(2, 3, 2)
3
(72, 17)
-> Request 8
757
(1, 3, 2)
1
(73, 14)
-> Request 9
980
(2, 1, 1)
3
(63, 70)
-> Request 10
1062
(2, 3, 1)
3
(33, 35)
-> Request 11
1283
(1, 1, 2)
3
(25, 22)
-> Request 12
1312
(1, 3, 2)
1
(6, 52)
-> Request 13
1353
(2, 3, 1)
1
(72, 54)
-> Request 14
1370
(2, 3, 2)
1
(22, 69)
--> Day : 1
-> Request 0
88
(1, 3, 1)
2
(67, 19)
-> Request 1
275
(4, 1, 1)
2
(18, 30)
-> Request 2
372
(4, 3, 1)
2
(36, 55)
-> Request 3
467
(1, 2, 2)
3
(38, 66)
-> Request 4
481
(2, 2, 1)
2
(75, 16)
-> Request 5
503
(2, 3, 2)
3
(9, 65)
-> Request 6
574
(4, 3, 1)
2
(60, 17)
-> Request 7
799
(4, 1, 1)
3
(28, 58)
-> Request 8
803
(2, 2, 1)
3
(36, 43)
-> Request 9
837
(1, 1, 1)
2
(36, 40)
-> Request 10
905
(1, 1, 1)
3
(43, 60)
-> Request 11
1205
(2, 1, 2)
1
(33, 15)
-> Request 12
1239
(2, 1, 1)
3
(68, 24)
--> Day : 2
-> Request 0
19
(3, 1, 1)
3
(64, 59)
-> Request 1
30
(4, 2, 1)
3
(60, 78)
-> Request 2
100
(2, 3, 1)
1
(28, 52)
-> Request 3
440
(3, 1, 1)
2
(53, 37)
-> Request 4
569
(4, 1, 1)
2
(36, 54)
-> Request 5
692
(2, 1, 2)
2
(27, 33)
-> Request 6
972
(1, 1, 2)
3
(42, 20)
-> Request 7
1084
(4, 1, 2)
2
(55, 12)
-> Request 8
1154
(1, 2, 2)
1
(1, 43)
-> Request 9
1186
(2, 1, 1)
3
(27, 8)
-> Request 10
1201
(1, 3, 2)
3
(37, 2)
-> Request 11
1411
(3, 3, 2)
2
(65, 60)
--> Day : 3
-> Request 0
248
(1, 3, 2)
2
(49, 13)
-> Request 1
347
(1, 2, 2)
3
(70, 23)
-> Request 2
458
(1, 3, 2)
3
(3, 59)
-> Request 3
868
(2, 1, 1)
2
(40, 50)
-> Request 4
878
(1, 3, 1)
1
(67, 77)
-> Request 5
1032
(2, 1, 1)
3
(67, 16)
-> Request 6
1046
(3, 3, 1)
1
(76, 27)
-> Request 7
1255
(4, 3, 1)
2
(20, 0)
--> Day : 4
-> Request 0
31
(2, 3, 1)
3
(69, 36)
-> Request 1
271
(2, 1, 2)
1
(63, 55)
-> Request 2
282
(2, 3, 1)
1
(69, 10)
-> Request 3
304
(2, 1, 2)
2
(10, 64)
-> Request 4
308
(3, 1, 2)
2
(35, 79)
-> Request 5
447
(3, 3, 1)
2
(54, 30)
-> Request 6
819
(3, 3, 2)
3
(48, 4)
-> Request 7
951
(1, 2, 2)
2
(32, 54)
-> Request 8
1032
(4, 2, 2)
1
(40, 1)
-> Request 9
1215
(2, 3, 1)
2
(59, 9)
-> Request 10
1382
(4, 1, 1)
3
(68, 48)
-> Request 11
1428
(3, 1, 1)
1
(36, 34)
---> Week : 23
--> Day : 0
-> Request 0
59
(3, 2, 1)
3
(53, 79)
-> Request 1
223
(3, 1, 1)
1
(71, 45)
-> Request 2
367
(3, 3, 2)
3
(32, 77)
-> Request 3
512
(3, 1, 1)
1
(19, 24)
-> Request 4
559
(3, 2, 1)
1
(42, 63)
-> Request 5
629
(2, 3, 1)
3
(69, 55)
-> Request 6
823
(1, 3, 2)
3
(38, 35)
-> Request 7
890
(2, 2, 1)
3
(46, 56)
-> Request 8
1028
(3, 2, 1)
1
(76, 23)
-> Request 9
1261
(1, 1, 1)
3
(72, 46)
-> Request 10
1280
(2, 1, 2)
1
(76, 50)
-> Request 11
1387
(3, 1, 1)
2
(75, 73)
-> Request 12
1395
(2, 1, 1)
3
(8, 36)
--> Day : 1
-> Request 0
133
(1, 3, 1)
1
(46, 77)
-> Request 1
205
(3, 1, 2)
3
(78, 73)
-> Request 2
548
(4, 2, 2)
1
(79, 41)
-> Request 3
574
(1, 2, 1)
2
(75, 79)
-> Request 4
747
(3, 1, 1)
1
(26, 62)
-> Request 5
975
(3, 2, 1)
1
(79, 38)
-> Request 6
1334
(2, 3, 2)
2
(68, 36)
-> Request 7
1407
(2, 1, 1)
1
(44, 48)
--> Day : 2
-> Request 0
62
(4, 3, 2)
2
(55, 26)
-> Request 1
244
(3, 1, 2)
2
(45, 65)
-> Request 2
346
(3, 1, 1)
2
(30, 40)
-> Request 3
495
(2, 1, 1)
3
(20, 21)
-> Request 4
540
(3, 3, 1)
3
(5, 60)
-> Request 5
819
(2, 2, 2)
3
(5, 18)
-> Request 6
854
(2, 2, 2)
3
(15, 59)
-> Request 7
930
(4, 3, 2)
3
(54, 63)
-> Request 8
1078
(3, 3, 1)
3
(37, 42)
-> Request 9
1117
(3, 1, 2)
3
(47, 52)
-> Request 10
1325
(4, 3, 2)
3
(34, 37)
-> Request 11
1374
(3, 2, 2)
2
(36, 46)
-> Request 12
1374
(4, 3, 1)
1
(58, 15)
-> Request 13
1415
(4, 2, 2)
3
(27, 48)
--> Day : 3
-> Request 0
18
(4, 3, 2)
3
(56, 54)
-> Request 1
66
(4, 1, 2)
3
(22, 30)
-> Request 2
456
(4, 2, 2)
3
(74, 74)
-> Request 3
610
(4, 3, 2)
1
(21, 60)
-> Request 4
853
(4, 3, 2)
3
(59, 39)
-> Request 5
1039
(3, 3, 1)
2
(23, 46)
-> Request 6
1366
(4, 3, 2)
2
(41, 23)
--> Day : 4
-> Request 0
32
(3, 1, 2)
2
(10, 13)
-> Request 1
278
(4, 2, 1)
3
(0, 71)
-> Request 2
466
(2, 1, 2)
3
(77, 47)
-> Request 3
630
(3, 1, 2)
1
(0, 49)
-> Request 4
673
(4, 1, 1)
1
(77, 13)
-> Request 5
689
(4, 3, 1)
3
(28, 33)
-> Request 6
776
(4, 1, 1)
3
(13, 29)
-> Request 7
1216
(2, 3, 1)
2
(30, 66)
-> Request 8
1325
(1, 3, 1)
3
(14, 35)
-> Request 9
1389
(4, 3, 2)
1
(22, 65)
---> Week : 24
--> Day : 0
-> Request 0
5
(3, 2, 2)
3
(79, 70)
-> Request 1
101
(4, 3, 2)
1
(13, 51)
-> Request 2
101
(1, 2, 2)
3
(10, 72)
-> Request 3
264
(4, 3, 1)
3
(34, 78)
-> Request 4
289
(3, 2, 2)
1
(52, 40)
-> Request 5
309
(2, 3, 1)
2
(8, 0)
-> Request 6
498
(2, 1, 2)
1
(3, 22)
-> Request 7
649
(4, 2, 2)
2
(2, 75)
-> Request 8
803
(1, 2, 2)
3
(45, 2)
-> Request 9
819
(3, 3, 1)
3
(16, 37)
-> Request 10
1154
(1, 1, 1)
1
(13, 17)
-> Request 11
1401
(4, 3, 2)
2
(57, 55)
--> Day : 1
-> Request 0
52
(1, 2, 1)
2
(58, 34)
-> Request 1
103
(4, 2, 2)
3
(62, 43)
-> Request 2
288
(2, 1, 2)
1
(78, 41)
-> Request 3
833
(4, 1, 1)
1
(9, 6)
-> Request 4
1362
(3, 1, 2)
3
(33, 17)
--> Day : 2
-> Request 0
133
(2, 3, 1)
3
(69, 60)
-> Request 1
243
(4, 2, 2)
3
(30, 35)
-> Request 2
385
(3, 2, 1)
3
(43, 76)
-> Request 3
1099
(3, 1, 1)
1
(72, 32)
-> Request 4
1222
(1, 2, 1)
1
(16, 50)
-> Request 5
1229
(3, 2, 2)
1
(72, 9)
--> Day : 3
-> Request 0
213
(4, 2, 1)
1
(48, 50)
-> Request 1
350
(1, 2, 2)
1
(79, 64)
-> Request 2
1310
(1, 2, 1)
2
(9, 60)
-> Request 3
1378
(1, 3, 1)
3
(34, 8)
--> Day : 4
-> Request 0
327
(1, 1, 2)
1
(42, 19)
-> Request 1
385
(1, 1, 2)
2
(47, 19)
-> Request 2
590
(2, 3, 2)
3
(59, 38)
-> Request 3
623
(2, 3, 2)
1
(53, 61)
-> Request 4
977
(3, 2, 1)
1
(69, 34)
-> Request 5
1006
(2, 1, 1)
2
(62, 13)
-> Request 6
1145
(4, 2, 2)
1
(1, 53)
-> Request 7
1260
(3, 1, 2)
1
(57, 2)
-> Request 8
1338
(4, 1, 2)
1
(75, 46)
-> Request 9
1395
(4, 2, 1)
3
(59, 39)
---> Week : 25
--> Day : 0
-> Request 0
397
(1, 3, 2)
2
(49, 72)
-> Request 1
415
(2, 2, 2)
3
(66, 79)
-> Request 2
719
(1, 1, 2)
1
(70, 30)
-> Request 3
938
(2, 3, 2)
2
(40, 14)
-> Request 4
996
(4, 2, 2)
1
(76, 74)
-> Request 5
1047
(4, 2, 2)
2
(46, 68)
-> Request 6
1158
(3, 2, 1)
1
(54, 13)
-> Request 7
1323
(1, 3, 1)
1
(61, 19)
--> Day : 1
-> Request 0
177
(3, 2, 1)
2
(61, 28)
-> Request 1
273
(1, 1, 2)
3
(49, 78)
-> Request 2
382
(1, 3, 2)
3
(9, 60)
-> Request 3
409
(3, 2, 2)
3
(35, 39)
-> Request 4
493
(3, 2, 2)
3
(56, 10)
-> Request 5
530
(3, 3, 2)
2
(45, 24)
-> Request 6
535
(4, 3, 2)
2
(22, 0)
-> Request 7
726
(3, 3, 2)
3
(56, 74)
-> Request 8
768
(2, 3, 2)
2
(41, 36)
-> Request 9
797
(4, 1, 2)
2
(0, 64)
-> Request 10
864
(3, 1, 1)
3
(21, 3)
-> Request 11
974
(4, 1, 2)
2
(75, 67)
-> Request 12
1076
(3, 3, 1)
1
(25, 31)
-> Request 13
1278
(2, 2, 1)
3
(23, 28)
-> Request 14
1330
(2, 1, 1)
2
(14, 59)
-> Request 15
1415
(4, 1, 1)
3
(36, 65)
--> Day : 2
-> Request 0
75
(4, 3, 1)
2
(12, 47)
-> Request 1
101
(1, 2, 2)
2
(16, 4)
-> Request 2
192
(4, 3, 1)
1
(26, 17)
-> Request 3
231
(3, 1, 1)
1
(12, 79)
-> Request 4
343
(4, 1, 1)
3
(55, 35)
-> Request 5
474
(2, 3, 1)
2
(31, 22)
-> Request 6
684
(3, 3, 1)
1
(44, 18)
-> Request 7
882
(3, 2, 1)
2
(9, 76)
-> Request 8
957
(2, 1, 2)
2
(13, 13)
-> Request 9
1040
(3, 2, 1)
1
(50, 71)
-> Request 10
1255
(3, 1, 2)
2
(12, 34)
-> Request 11
1259
(4, 2, 1)
3
(25, 76)
--> Day : 3
-> Request 0
154
(4, 3, 2)
3
(70, 78)
-> Request 1
295
(2, 3, 1)
3
(70, 45)
-> Request 2
385
(3, 2, 1)
2
(35, 69)
-> Request 3
473
(2, 1, 2)
2
(79, 38)
-> Request 4
655
(4, 1, 2)
1
(31, 28)
-> Request 5
691
(2, 3, 2)
3
(16, 14)
-> Request 6
702
(3, 2, 1)
3
(24, 78)
-> Request 7
907
(2, 3, 2)
3
(20, 76)
-> Request 8
988
(4, 2, 2)
1
(42, 13)
-> Request 9
1166
(4, 1, 2)
2
(42, 60)
-> Request 10
1405
(1, 2, 2)
1
(23, 29)
-> Request 11
1431
(1, 3, 2)
3
(42, 65)
--> Day : 4
-> Request 0
4
(3, 3, 1)
2
(66, 21)
-> Request 1
283
(2, 3, 1)
1
(10, 50)
-> Request 2
385
(2, 2, 2)
2
(7, 42)
-> Request 3
405
(3, 2, 1)
1
(77, 74)
-> Request 4
445
(3, 3, 1)
1
(70, 16)
-> Request 5
483
(1, 3, 2)
1
(44, 17)
-> Request 6
592
(1, 2, 2)
2
(69, 70)
-> Request 7
629
(1, 3, 1)
1
(75, 4)
-> Request 8
740
(2, 2, 2)
3
(13, 8)
-> Request 9
771
(1, 1, 2)
2
(69, 58)
-> Request 10
1011
(3, 2, 1)
3
(78, 46)
-> Request 11
1178
(3, 3, 1)
2
(18, 36)
---> Week : 26
--> Day : 0
-> Request 0
93
(4, 3, 2)
3
(51, 18)
-> Request 1
214
(2, 2, 1)
1
(33, 58)
-> Request 2
475
(4, 1, 1)
2
(59, 4)
-> Request 3
752
(4, 3, 2)
3
(64, 15)
-> Request 4
797
(2, 2, 2)
3
(64, 73)
-> Request 5
1079
(3, 3, 1)
1
(7, 35)
-> Request 6
1295
(4, 2, 2)
2
(70, 3)
--> Day : 1
-> Request 0
243
(4, 2, 1)
2
(36, 70)
-> Request 1
360
(3, 2, 2)
2
(15, 44)
-> Request 2
373
(1, 1, 2)
3
(47, 30)
-> Request 3
440
(1, 2, 2)
2
(48, 52)
-> Request 4
492
(1, 1, 2)
3
(2, 63)
-> Request 5
536
(4, 3, 1)
3
(34, 7)
-> Request 6
611
(3, 1, 1)
2
(0, 2)
-> Request 7
692
(2, 1, 1)
1
(15, 74)
-> Request 8
1365
(2, 1, 2)
3
(62, 61)
-> Request 9
1404
(1, 3, 1)
2
(61, 62)
--> Day : 2
-> Request 0
24
(1, 1, 1)
2
(20, 28)
-> Request 1
80
(1, 1, 2)
2
(75, 63)
-> Request 2
124
(3, 1, 1)
3
(76, 62)
-> Request 3
300
(4, 1, 1)
1
(52, 52)
-> Request 4
340
(3, 2, 1)
3
(49, 63)
-> Request 5
479
(4, 3, 1)
1
(63, 59)
-> Request 6
498
(4, 3, 1)
1
(63, 8)
-> Request 7
641
(1, 2, 1)
3
(56, 9)
-> Request 8
794
(1, 2, 1)
3
(76, 3)
-> Request 9
829
(1, 3, 2)
2
(7, 25)
-> Request 10
1139
(3, 1, 2)
2
(69, 68)
-> Request 11
1402
(3, 3, 2)
3
(37, 14)
--> Day : 3
-> Request 0
91
(3, 2, 2)
3
(37, 54)
-> Request 1
248
(1, 1, 1)
3
(78, 74)
-> Request 2
254
(3, 2, 1)
3
(28, 44)
-> Request 3
323
(1, 3, 2)
2
(75, 5)
-> Request 4
429
(4, 2, 1)
1
(54, 0)
-> Request 5
464
(3, 3, 2)
2
(43, 40)
-> Request 6
960
(2, 2, 1)
2
(51, 61)
-> Request 7
990
(4, 2, 2)
3
(50, 79)
-> Request 8
1093
(2, 2, 1)
3
(63, 19)
-> Request 9
1111
(2, 3, 1)
3
(7, 18)
-> Request 10
1242
(4, 1, 2)
2
(13, 43)
-> Request 11
1406
(4, 3, 2)
3
(57, 22)
--> Day : 4
-> Request 0
236
(1, 3, 2)
2
(6, 7)
-> Request 1
522
(1, 2, 2)
1
(76, 20)
-> Request 2
547
(3, 1, 1)
1
(77, 53)
-> Request 3
587
(3, 3, 2)
3
(11, 33)
-> Request 4
845
(3, 3, 1)
2
(46, 49)
-> Request 5
958
(1, 1, 2)
2
(35, 76)
-> Request 6
990
(3, 3, 2)
3
(52, 17)
-> Request 7
1260
(2, 3, 2)
3
(30, 42)
-> Request 8
1288
(3, 2, 1)
2
(40, 78)
---> Week : 27
--> Day : 0
-> Request 0
129
(3, 2, 1)
1
(67, 39)
-> Request 1
235
(1, 1, 1)
2
(45, 76)
-> Request 2
238
(3, 1, 2)
1
(38, 50)
-> Request 3
501
(3, 1, 2)
1
(43, 23)
-> Request 4
553
(1, 2, 2)
2
(11, 42)
-> Request 5
619
(2, 2, 1)
1
(3, 38)
-> Request 6
645
(4, 2, 2)
2
(11, 64)
-> Request 7
688
(1, 2, 2)
1
(52, 40)
-> Request 8
799
(2, 1, 1)
2
(75, 28)
-> Request 9
820
(2, 3, 2)
3
(5, 54)
-> Request 10
837
(3, 1, 2)
1
(49, 63)
-> Request 11
860
(1, 3, 2)
1
(2, 44)
-> Request 12
1240
(2, 2, 2)
1
(61, 19)
-> Request 13
1396
(3, 2, 2)
2
(32, 78)
--> Day : 1
-> Request 0
659
(3, 2, 2)
1
(10, 4)
-> Request 1
802
(2, 3, 1)
1
(58, 17)
-> Request 2
802
(4, 3, 2)
1
(7, 3)
-> Request 3
929
(4, 3, 2)
3
(79, 46)
-> Request 4
938
(3, 1, 1)
2
(6, 55)
-> Request 5
981
(3, 2, 2)
2
(37, 36)
-> Request 6
1059
(2, 2, 2)
1
(52, 43)
-> Request 7
1298
(3, 2, 1)
3
(33, 41)
--> Day : 2
-> Request 0
335
(4, 3, 1)
2
(8, 11)
-> Request 1
444
(4, 1, 1)
1
(40, 51)
-> Request 2
510
(2, 3, 2)
2
(40, 56)
-> Request 3
668
(1, 3, 2)
3
(67, 73)
-> Request 4
1361
(2, 3, 2)
3
(9, 71)
-> Request 5
1380
(1, 2, 1)
2
(26, 55)
--> Day : 3
-> Request 0
3
(2, 2, 1)
2
(42, 14)
-> Request 1
298
(2, 1, 2)
2
(73, 42)
-> Request 2
485
(4, 1, 2)
1
(63, 38)
-> Request 3
496
(2, 3, 1)
2
(8, 44)
-> Request 4
800
(3, 1, 1)
2
(67, 34)
-> Request 5
808
(2, 3, 2)
1
(64, 67)
-> Request 6
930
(3, 3, 1)
2
(15, 43)
-> Request 7
1076
(3, 1, 1)
3
(23, 7)
-> Request 8
1238
(4, 1, 1)
2
(40, 11)
-> Request 9
1265
(3, 1, 1)
2
(62, 3)
-> Request 10
1327
(2, 1, 2)
2
(15, 44)
-> Request 11
1406
(2, 3, 2)
2
(21, 68)
-> Request 12
1416
(1, 3, 1)
3
(39, 29)
--> Day : 4
-> Request 0
141
(2, 1, 1)
1
(31, 28)
-> Request 1
177
(3, 3, 1)
1
(72, 43)
-> Request 2
267
(3, 3, 2)
1
(74, 74)
-> Request 3
278
(1, 1, 1)
1
(44, 50)
-> Request 4
437
(3, 2, 2)
3
(76, 65)
-> Request 5
1019
(2, 1, 2)
3
(57, 68)
-> Request 6
1112
(3, 2, 2)
3
(23, 38)
-> Request 7
1158
(3, 1, 2)
2
(23, 16)
-> Request 8
1172
(4, 1, 1)
2
(26, 0)
-> Request 9
1403
(4, 1, 1)
1
(33, 79)
-> Request 10
1405
(4, 2, 1)
3
(50, 29)
---> Week : 28
--> Day : 0
-> Request 0
432
(1, 2, 2)
1
(0, 75)
-> Request 1
446
(2, 2, 2)
2
(43, 34)
-> Request 2
626
(2, 2, 2)
2
(9, 29)
-> Request 3
679
(3, 1, 2)
2
(50, 50)
-> Request 4
721
(4, 1, 1)
3
(45, 54)
-> Request 5
1209
(2, 1, 1)
1
(2, 56)
-> Request 6
1285
(1, 1, 1)
3
(23, 9)
-> Request 7
1334
(2, 1, 2)
3
(52, 14)
-> Request 8
1413
(4, 2, 2)
3
(62, 4)
--> Day : 1
-> Request 0
23
(2, 3, 1)
2
(27, 64)
-> Request 1
58
(3, 3, 1)
3
(68, 55)
-> Request 2
314
(3, 1, 1)
1
(57, 23)
-> Request 3
504
(1, 2, 2)
2
(53, 57)
-> Request 4
658
(4, 3, 1)
1
(50, 72)
-> Request 5
841
(3, 1, 1)
2
(5, 7)
-> Request 6
1233
(2, 1, 2)
3
(24, 7)
-> Request 7
1293
(1, 2, 1)
1
(7, 15)
-> Request 8
1346
(1, 2, 2)
2
(24, 36)
-> Request 9
1377
(4, 3, 1)
2
(28, 77)
--> Day : 2
-> Request 0
6
(2, 2, 2)
3
(37, 51)
-> Request 1
416
(4, 2, 2)
2
(63, 16)
-> Request 2
430
(4, 1, 1)
1
(56, 19)
-> Request 3
460
(4, 2, 1)
2
(62, 8)
-> Request 4
485
(2, 3, 1)
2
(43, 73)
-> Request 5
540
(1, 2, 1)
3
(38, 78)
-> Request 6
654
(2, 1, 2)
1
(51, 65)
-> Request 7
1121
(2, 3, 2)
2
(44, 34)
-> Request 8
1153
(3, 1, 2)
3
(77, 57)
-> Request 9
1367
(1, 2, 2)
2
(11, 45)
-> Request 10
1423
(1, 3, 2)
2
(30, 2)
--> Day : 3
-> Request 0
81
(1, 2, 2)
1
(40, 49)
-> Request 1
117
(1, 3, 2)
2
(16, 76)
-> Request 2
270
(1, 3, 1)
1
(5, 26)
-> Request 3
295
(1, 2, 1)
1
(47, 40)
-> Request 4
373
(4, 3, 1)
2
(68, 16)
-> Request 5
741
(3, 1, 1)
3
(36, 49)
-> Request 6
777
(2, 3, 2)
2
(70, 64)
-> Request 7
996
(1, 3, 1)
2
(21, 22)
-> Request 8
1089
(1, 2, 1)
3
(51, 51)
-> Request 9
1124
(4, 3, 2)
3
(33, 58)
-> Request 10
1400
(1, 3, 1)
3
(33, 51)
--> Day : 4
-> Request 0
648
(2, 1, 1)
3
(16, 50)
-> Request 1
750
(4, 2, 2)
3
(71, 19)
-> Request 2
838
(2, 1, 1)
1
(69, 11)
-> Request 3
1007
(4, 2, 2)
3
(45, 53)
-> Request 4
1074
(1, 1, 1)
3
(26, 15)
-> Request 5
1132
(3, 1, 2)
3
(24, 77)
---> Week : 29
--> Day : 0
-> Request 0
72
(1, 1, 1)
1
(27, 44)
-> Request 1
132
(3, 1, 1)
1
(42, 16)
-> Request 2
272
(4, 3, 2)
1
(67, 18)
-> Request 3
915
(2, 1, 1)
3
(4, 3)
-> Request 4
1049
(3, 2, 2)
3
(69, 64)
-> Request 5
1087
(2, 1, 1)
1
(25, 38)
-> Request 6
1095
(1, 2, 1)
2
(72, 14)
-> Request 7
1111
(4, 1, 1)
1
(43, 71)
-> Request 8
1115
(3, 2, 2)
1
(17, 54)
-> Request 9
1179
(3, 1, 2)
3
(30, 27)
--> Day : 1
-> Request 0
293
(1, 1, 1)
3
(70, 30)
-> Request 1
302
(4, 1, 2)
3
(49, 41)
-> Request 2
455
(3, 1, 1)
3
(15, 10)
-> Request 3
1062
(3, 1, 1)
3
(68, 5)
--> Day : 2
-> Request 0
38
(1, 1, 2)
3
(41, 68)
-> Request 1
97
(3, 2, 2)
2
(63, 42)
-> Request 2
651
(2, 1, 2)
3
(25, 29)
-> Request 3
813
(2, 2, 1)
2
(58, 62)
-> Request 4
971
(3, 3, 2)
3
(48, 71)
-> Request 5
973
(1, 1, 1)
3
(65, 69)
-> Request 6
979
(4, 3, 2)
2
(13, 60)
-> Request 7
1024
(2, 3, 1)
1
(62, 56)
-> Request 8
1177
(3, 1, 1)
3
(29, 47)
-> Request 9
1184
(2, 2, 2)
1
(48, 70)
--> Day : 3
-> Request 0
227
(2, 2, 2)
2
(70, 71)
-> Request 1
394
(1, 2, 1)
1
(37, 36)
-> Request 2
663
(1, 1, 1)
2
(5, 21)
-> Request 3
856
(3, 2, 2)
3
(28, 1)
-> Request 4
1035
(3, 1, 2)
3
(21, 51)
-> Request 5
1232
(1, 1, 2)
1
(2, 40)
-> Request 6
1273
(1, 1, 1)
3
(15, 28)
--> Day : 4
-> Request 0
239
(4, 3, 2)
1
(18, 19)
-> Request 1
330
(4, 1, 2)
1
(6, 43)
-> Request 2
430
(4, 3, 1)
1
(41, 20)
-> Request 3
434
(3, 3, 2)
1
(44, 70)
-> Request 4
789
(4, 1, 2)
2
(25, 60)
-> Request 5
820
(4, 1, 2)
1
(18, 49)
-> Request 6
980
(3, 2, 2)
1
(34, 35)
-> Request 7
1040
(4, 3, 2)
2
(60, 5)
-> Request 8
1152
(2, 3, 1)
1
(18, 43)
---> Week : 30
--> Day : 0
-> Request 0
61
(1, 1, 1)
3
(11, 28)
-> Request 1
88
(3, 2, 2)
2
(78, 69)
-> Request 2
272
(1, 2, 1)
2
(55, 69)
-> Request 3
388
(4, 2, 2)
2
(74, 38)
-> Request 4
405
(3, 1, 1)
1
(8, 50)
-> Request 5
416
(4, 3, 2)
3
(19, 68)
-> Request 6
1002
(4, 3, 2)
3
(29, 26)
-> Request 7
1120
(3, 3, 2)
1
(57, 79)
-> Request 8
1425
(1, 3, 1)
2
(65, 15)
--> Day : 1
-> Request 0
74
(4, 2, 1)
2
(5, 28)
-> Request 1
1077
(3, 1, 1)
2
(40, 54)
-> Request 2
1435
(1, 2, 2)
3
(29, 60)
--> Day : 2
-> Request 0
0
(2, 1, 2)
2
(11, 71)
-> Request 1
162
(3, 2, 1)
3
(79, 11)
-> Request 2
450
(2, 1, 2)
2
(5, 58)
-> Request 3
495
(3, 2, 1)
3
(65, 16)
-> Request 4
621
(1, 3, 1)
3
(42, 44)
-> Request 5
671
(2, 3, 1)
3
(69, 25)
-> Request 6
677
(1, 1, 2)
3
(5, 41)
-> Request 7
912
(2, 2, 1)
1
(4, 17)
-> Request 8
1000
(2, 2, 2)
2
(18, 14)
-> Request 9
1046
(4, 2, 1)
3
(30, 73)
-> Request 10
1124
(2, 1, 1)
1
(27, 36)
-> Request 11
1150
(1, 2, 2)
3
(57, 14)
-> Request 12
1300
(1, 1, 1)
2
(46, 23)
-> Request 13
1439
(1, 2, 1)
2
(10, 7)
--> Day : 3
-> Request 0
252
(3, 1, 2)
2
(56, 29)
-> Request 1
286
(2, 3, 1)
2
(52, 12)
-> Request 2
390
(1, 2, 1)
3
(16, 51)
-> Request 3
754
(3, 2, 2)
2
(38, 51)
-> Request 4
792
(3, 3, 2)
2
(61, 60)
-> Request 5
854
(2, 3, 1)
1
(62, 16)
-> Request 6
985
(4, 3, 2)
2
(23, 66)
-> Request 7
1067
(1, 1, 2)
2
(22, 1)
-> Request 8
1074
(1, 3, 2)
1
(72, 23)
-> Request 9
1259
(4, 3, 2)
1
(62, 3)
-> Request 10
1436
(1, 2, 1)
3
(19, 64)
--> Day : 4
-> Request 0
10
(3, 3, 1)
3
(69, 48)
-> Request 1
93
(2, 3, 2)
2
(5, 30)
-> Request 2
235
(4, 1, 1)
2
(3, 29)
-> Request 3
500
(4, 3, 2)
3
(7, 29)
-> Request 4
573
(3, 1, 2)
1
(2, 47)
-> Request 5
625
(4, 2, 1)
3
(9, 52)
-> Request 6
628
(4, 1, 1)
1
(32, 58)
-> Request 7
794
(2, 1, 2)
1
(0, 25)
-> Request 8
803
(4, 3, 2)
3
(57, 45)
-> Request 9
1070
(1, 2, 2)
3
(38, 16)
-> Request 10
1291
(3, 1, 2)
1
(68, 77)
-> Request 11
1425
(1, 1, 2)
2
(39, 43)
---> Week : 31
--> Day : 0
-> Request 0
125
(3, 1, 2)
1
(60, 67)
-> Request 1
234
(2, 3, 1)
3
(1, 61)
-> Request 2
560
(1, 2, 2)
2
(4, 54)
-> Request 3
995
(3, 3, 1)
3
(72, 58)
-> Request 4
1041
(1, 3, 2)
1
(50, 15)
-> Request 5
1208
(3, 3, 1)
3
(66, 69)
-> Request 6
1291
(4, 2, 1)
2
(59, 62)
-> Request 7
1311
(2, 1, 2)
2
(17, 73)
--> Day : 1
-> Request 0
8
(4, 1, 1)
3
(34, 12)
-> Request 1
550
(1, 3, 1)
1
(31, 7)
-> Request 2
736
(3, 1, 2)
1
(61, 67)
-> Request 3
1030
(2, 1, 2)
3
(52, 79)
-> Request 4
1297
(4, 2, 1)
3
(17, 44)
-> Request 5
1409
(4, 3, 1)
3
(66, 34)
--> Day : 2
-> Request 0
6
(4, 3, 2)
1
(49, 8)
-> Request 1
49
(2, 3, 1)
1
(0, 57)
-> Request 2
442
(3, 1, 2)
2
(56, 12)
-> Request 3
588
(1, 3, 2)
3
(37, 52)
-> Request 4
640
(1, 3, 2)
3
(64, 68)
-> Request 5
775
(3, 2, 1)
2
(10, 30)
-> Request 6
1132
(1, 2, 2)
1
(65, 41)
-> Request 7
1282
(2, 3, 1)
3
(20, 32)
-> Request 8
1371
(2, 3, 1)
3
(45, 76)
-> Request 9
1393
(2, 2, 1)
2
(65, 15)
-> Request 10
1419
(1, 1, 2)
2
(5, 58)
--> Day : 3
-> Request 0
168
(2, 1, 1)
2
(77, 69)
-> Request 1
182
(2, 1, 2)
2
(47, 32)
-> Request 2
190
(1, 1, 2)
2
(57, 12)
-> Request 3
395
(4, 1, 2)
3
(64, 54)
-> Request 4
442
(2, 3, 2)
3
(57, 16)
-> Request 5
477
(1, 3, 2)
1
(50, 49)
-> Request 6
623
(3, 3, 1)
1
(54, 13)
-> Request 7
670
(3, 1, 2)
1
(73, 25)
-> Request 8
801
(4, 3, 2)
2
(21, 58)
-> Request 9
843
(3, 1, 2)
2
(73, 43)
-> Request 10
967
(2, 1, 2)
2
(32, 27)
-> Request 11
1085
(3, 1, 1)
1
(8, 13)
-> Request 12
1388
(3, 2, 1)
3
(44, 53)
--> Day : 4
-> Request 0
278
(3, 3, 2)
3
(77, 30)
-> Request 1
372
(3, 3, 2)
3
(31, 29)
-> Request 2
832
(4, 3, 2)
1
(30, 63)
-> Request 3
910
(3, 3, 1)
1
(33, 14)
-> Request 4
997
(2, 3, 1)
2
(69, 52)
---> Week : 32
--> Day : 0
-> Request 0
119
(1, 2, 1)
3
(11, 40)
-> Request 1
207
(2, 1, 1)
1
(11, 59)
-> Request 2
243
(2, 1, 1)
3
(78, 3)
-> Request 3
416
(4, 2, 1)
1
(58, 33)
-> Request 4
427
(1, 1, 2)
1
(13, 51)
-> Request 5
515
(3, 2, 1)
1
(44, 37)
-> Request 6
590
(1, 2, 2)
1
(50, 26)
-> Request 7
605
(4, 2, 1)
2
(65, 43)
-> Request 8
620
(4, 1, 2)
1
(5, 48)
-> Request 9
715
(2, 2, 2)
3
(20, 49)
-> Request 10
763
(4, 2, 1)
1
(27, 65)
-> Request 11
775
(1, 1, 1)
3
(4, 41)
-> Request 12
1068
(3, 1, 2)
1
(37, 31)
-> Request 13
1325
(3, 3, 2)
2
(64, 76)
--> Day : 1
-> Request 0
308
(2, 3, 2)
3
(16, 3)
-> Request 1
309
(1, 3, 2)
3
(74, 5)
-> Request 2
627
(4, 2, 2)
1
(2, 77)
-> Request 3
1213
(1, 1, 1)
3
(52, 11)
-> Request 4
1239
(2, 1, 1)
3
(62, 26)
-> Request 5
1255
(3, 1, 2)
3
(0, 39)
-> Request 6
1438
(2, 2, 1)
2
(38, 27)
--> Day : 2
-> Request 0
62
(2, 1, 2)
1
(30, 59)
-> Request 1
83
(3, 1, 2)
3
(45, 48)
-> Request 2
141
(1, 3, 2)
2
(68, 59)
-> Request 3
332
(2, 1, 1)
1
(16, 9)
-> Request 4
379
(4, 2, 1)
1
(47, 24)
-> Request 5
460
(4, 2, 2)
3
(7, 36)
-> Request 6
886
(4, 1, 2)
3
(31, 78)
-> Request 7
1047
(4, 1, 1)
1
(6, 25)
-> Request 8
1062
(1, 3, 2)
1
(44, 30)
-> Request 9
1074
(3, 3, 2)
2
(46, 75)
-> Request 10
1166
(2, 3, 1)
1
(78, 8)
-> Request 11
1379
(2, 3, 2)
1
(63, 70)
--> Day : 3
-> Request 0
258
(2, 3, 1)
2
(51, 34)
-> Request 1
697
(3, 2, 2)
3
(56, 65)
-> Request 2
808
(3, 1, 2)
3
(8, 45)
-> Request 3
810
(1, 3, 1)
1
(3, 9)
-> Request 4
878
(1, 1, 2)
2
(5, 40)
-> Request 5
943
(2, 3, 1)
1
(32, 68)
-> Request 6
1279
(4, 3, 1)
1
(66, 27)
-> Request 7
1345
(1, 1, 2)
1
(48, 33)
--> Day : 4
-> Request 0
41
(1, 2, 1)
1
(18, 47)
-> Request 1
85
(1, 2, 1)
3
(1, 56)
-> Request 2
105
(3, 1, 2)
1
(48, 59)
-> Request 3
148
(3, 1, 1)
3
(52, 38)
-> Request 4
255
(1, 1, 2)
2
(30, 17)
-> Request 5
926
(4, 1, 2)
1
(30, 29)
-> Request 6
1019
(4, 2, 1)
3
(73, 18)
-> Request 7
1105
(3, 1, 2)
2
(63, 28)
-> Request 8
1124
(3, 3, 1)
3
(31, 29)
-> Request 9
1125
(2, 1, 2)
2
(50, 21)
-> Request 10
1429
(3, 3, 1)
2
(28, 14)
---> Week : 33
--> Day : 0
-> Request 0
521
(2, 2, 2)
2
(58, 56)
-> Request 1
825
(4, 2, 2)
3
(58, 2)
-> Request 2
917
(1, 1, 1)
2
(34, 54)
-> Request 3
1152
(2, 3, 2)
2
(53, 35)
-> Request 4
1170
(3, 3, 2)
1
(57, 1)
--> Day : 1
-> Request 0
60
(4, 2, 2)
2
(9, 15)
-> Request 1
173
(4, 1, 1)
3
(35, 0)
-> Request 2
520
(1, 3, 1)
1
(11, 42)
-> Request 3
595
(1, 2, 2)
1
(48, 42)
-> Request 4
608
(2, 1, 2)
2
(74, 74)
-> Request 5
817
(1, 2, 2)
3
(64, 41)
-> Request 6
900
(2, 1, 1)
2
(31, 61)
-> Request 7
1290
(3, 3, 1)
3
(15, 10)
--> Day : 2
-> Request 0
85
(4, 1, 2)
3
(3, 70)
-> Request 1
101
(1, 2, 1)
3
(58, 52)
-> Request 2
129
(4, 3, 2)
3
(41, 58)
-> Request 3
288
(4, 3, 1)
2
(3, 53)
-> Request 4
324
(3, 3, 1)
1
(65, 21)
-> Request 5
932
(2, 3, 1)
2
(41, 67)
-> Request 6
1055
(3, 2, 2)
2
(31, 42)
-> Request 7
1400
(2, 1, 1)
1
(54, 41)
--> Day : 3
-> Request 0
86
(2, 3, 2)
2
(10, 22)
-> Request 1
436
(2, 2, 2)
2
(7, 6)
-> Request 2
651
(3, 3, 2)
1
(36, 40)
-> Request 3
1052
(1, 2, 1)
2
(58, 20)
-> Request 4
1124
(2, 3, 2)
2
(32, 62)
-> Request 5
1211
(2, 1, 2)
3
(48, 27)
-> Request 6
1259
(3, 2, 1)
2
(27, 55)
-> Request 7
1322
(2, 1, 2)
2
(69, 47)
--> Day : 4
-> Request 0
344
(2, 2, 2)
2
(5, 60)
-> Request 1
358
(3, 3, 1)
3
(21, 25)
-> Request 2
391
(2, 2, 1)
1
(49, 2)
-> Request 3
462
(2, 1, 2)
2
(75, 71)
-> Request 4
478
(1, 2, 2)
2
(21, 9)
-> Request 5
1000
(3, 1, 1)
3
(35, 65)
-> Request 6
1104
(3, 1, 2)
3
(37, 40)
-> Request 7
1274
(1, 1, 1)
1
(40, 16)
-> Request 8
1401
(1, 2, 2)
1
(32, 73)
---> Week : 34
--> Day : 0
-> Request 0
39
(3, 3, 2)
2
(29, 31)
-> Request 1
139
(3, 1, 2)
2
(12, 52)
-> Request 2
227
(4, 3, 1)
2
(55, 6)
-> Request 3
725
(1, 3, 2)
1
(23, 57)
-> Request 4
796
(4, 1, 2)
1
(11, 9)
-> Request 5
847
(4, 3, 2)
2
(69, 26)
-> Request 6
878
(3, 1, 2)
2
(19, 31)
-> Request 7
932
(4, 1, 1)
1
(33, 73)
-> Request 8
1030
(2, 2, 1)
3
(44, 51)
-> Request 9
1192
(4, 2, 1)
3
(35, 52)
--> Day : 1
-> Request 0
100
(1, 3, 2)
1
(23, 27)
-> Request 1
155
(4, 3, 2)
3
(17, 59)
-> Request 2
245
(4, 3, 2)
3
(34, 57)
-> Request 3
355
(2, 3, 2)
2
(48, 35)
-> Request 4
365
(2, 2, 2)
1
(72, 73)
-> Request 5
397
(1, 2, 2)
2
(50, 36)
-> Request 6
499
(3, 1, 2)
2
(45, 74)
-> Request 7
517
(2, 1, 1)
2
(71, 42)
-> Request 8
590
(3, 3, 1)
2
(31, 26)
-> Request 9
884
(3, 2, 1)
3
(78, 64)
-> Request 10
924
(2, 3, 2)
2
(69, 37)
-> Request 11
1019
(4, 1, 1)
2
(25, 47)
-> Request 12
1129
(2, 3, 2)
3
(30, 50)
-> Request 13
1180
(2, 3, 2)
2
(44, 70)
-> Request 14
1192
(1, 2, 2)
3
(2, 26)
-> Request 15
1421
(1, 2, 2)
3
(18, 31)
--> Day : 2
-> Request 0
202
(4, 2, 2)
1
(46, 66)
-> Request 1
333
(4, 2, 1)
2
(49, 49)
-> Request 2
449
(3, 1, 1)
3
(73, 79)
-> Request 3
458
(4, 1, 1)
3
(56, 6)
-> Request 4
651
(4, 2, 1)
3
(58, 53)
-> Request 5
698
(4, 1, 1)
2
(75, 49)
-> Request 6
905
(3, 1, 2)
3
(74, 6)
-> Request 7
1152
(4, 1, 2)
1
(70, 34)
-> Request 8
1166
(1, 2, 2)
1
(20, 13)
-> Request 9
1364
(2, 1, 1)
2
(65, 6)
-> Request 10
1372
(1, 1, 2)
2
(38, 62)
--> Day : 3
-> Request 0
300
(2, 3, 2)
1
(79, 60)
-> Request 1
370
(3, 2, 1)
1
(66, 39)
-> Request 2
625
(2, 1, 1)
1
(18, 0)
-> Request 3
754
(1, 3, 2)
1
(38, 66)
-> Request 4
1017
(1, 1, 1)
3
(66, 77)
-> Request 5
1027
(2, 1, 2)
1
(32, 16)
-> Request 6
1193
(4, 1, 2)
2
(4, 31)
-> Request 7
1197
(2, 3, 2)
2
(52, 23)
--> Day : 4
-> Request 0
74
(1, 1, 1)
2
(78, 59)
-> Request 1
256
(3, 2, 2)
2
(61, 9)
-> Request 2
316
(3, 2, 2)
2
(28, 70)
-> Request 3
324
(4, 3, 2)
2
(78, 15)
-> Request 4
571
(2, 3, 1)
2
(60, 72)
-> Request 5
970
(3, 3, 2)
1
(53, 25)
-> Request 6
1053
(2, 2, 1)
3
(4, 31)
-> Request 7
1127
(1, 3, 1)
1
(42, 23)
-> Request 8
1130
(1, 1, 1)
2
(14, 70)
-> Request 9
1168
(3, 3, 2)
3
(13, 11)
-> Request 10
1319
(4, 1, 2)
1
(0, 58)
-> Request 11
1396
(4, 1, 1)
1
(35, 62)
---> Week : 35
--> Day : 0
-> Request 0
52
(1, 2, 2)
3
(24, 38)
-> Request 1
225
(3, 2, 1)
1
(55, 35)
-> Request 2
258
(2, 3, 2)
1
(56, 35)
-> Request 3
441
(4, 1, 1)
3
(28, 50)
-> Request 4
442
(2, 3, 2)
1
(71, 46)
-> Request 5
803
(4, 2, 2)
2
(15, 15)
-> Request 6
1011
(1, 1, 2)
3
(63, 54)
-> Request 7
1022
(2, 3, 1)
2
(22, 49)
-> Request 8
1313
(4, 2, 1)
3
(13, 18)
--> Day : 1
-> Request 0
50
(4, 2, 1)
3
(48, 20)
-> Request 1
152
(2, 1, 1)
3
(62, 19)
-> Request 2
301
(3, 1, 1)
3
(10, 75)
-> Request 3
434
(4, 1, 2)
1
(2, 11)
-> Request 4
591
(4, 2, 2)
1
(53, 74)
-> Request 5
844
(4, 3, 2)
2
(27, 61)
-> Request 6
997
(2, 3, 2)
1
(65, 49)
-> Request 7
1037
(3, 2, 2)
1
(62, 0)
-> Request 8
1086
(1, 2, 1)
1
(23, 37)
-> Request 9
1091
(1, 1, 1)
3
(6, 55)
-> Request 10
1230
(2, 2, 2)
2
(63, 6)
-> Request 11
1303
(3, 1, 2)
2
(29, 16)
--> Day : 2
-> Request 0
21
(4, 2, 1)
1
(8, 29)
-> Request 1
69
(3, 2, 2)
3
(54, 10)
-> Request 2
145
(3, 3, 1)
1
(17, 36)
-> Request 3
374
(3, 3, 1)
2
(63, 54)
-> Request 4
461
(2, 3, 1)
2
(25, 70)
-> Request 5
495
(2, 3, 1)
1
(65, 69)
-> Request 6
610
(3, 2, 1)
1
(24, 71)
-> Request 7
795
(2, 1, 2)
2
(53, 37)
-> Request 8
1017
(3, 2, 2)
2
(3, 68)
-> Request 9
1212
(3, 1, 2)
1
(5, 61)
--> Day : 3
-> Request 0
30
(4, 1, 1)
2
(73, 18)
-> Request 1
86
(3, 1, 2)
2
(7, 19)
-> Request 2
138
(1, 1, 2)
1
(8, 16)
-> Request 3
199
(2, 2, 1)
3
(73, 34)
-> Request 4
424
(3, 2, 2)
2
(5, 28)
-> Request 5
496
(3, 3, 2)
2
(34, 67)
-> Request 6
527
(3, 3, 1)
2
(69, 44)
-> Request 7
930
(4, 1, 1)
3
(8, 64)
-> Request 8
1029
(2, 3, 2)
1
(39, 70)
-> Request 9
1035
(2, 3, 2)
2
(45, 9)
-> Request 10
1040
(2, 2, 2)
2
(41, 38)
-> Request 11
1266
(2, 3, 1)
1
(19, 57)
-> Request 12
1410
(1, 3, 2)
3
(53, 56)
--> Day : 4
-> Request 0
22
(2, 1, 1)
1
(36, 22)
-> Request 1
548
(2, 3, 2)
3
(13, 71)
-> Request 2
583
(3, 3, 2)
3
(29, 44)
-> Request 3
780
(4, 2, 1)
2
(71, 13)
-> Request 4
799
(3, 3, 2)
1
(33, 72)
-> Request 5
894
(3, 2, 1)
1
(50, 57)
-> Request 6
1395
(4, 1, 2)
1
(54, 50)
---> Week : 36
--> Day : 0
-> Request 0
93
(1, 1, 1)
2
(23, 26)
-> Request 1
158
(1, 1, 2)
2
(56, 47)
-> Request 2
227
(4, 3, 1)
1
(32, 1)
-> Request 3
312
(1, 2, 1)
3
(65, 32)
-> Request 4
324
(1, 3, 2)
3
(8, 69)
-> Request 5
381
(2, 3, 2)
2
(76, 20)
-> Request 6
629
(4, 2, 2)
3
(71, 72)
-> Request 7
735
(1, 1, 2)
3
(7, 28)
-> Request 8
864
(2, 1, 1)
3
(79, 75)
-> Request 9
1014
(4, 2, 2)
1
(56, 68)
-> Request 10
1274
(2, 1, 1)
1
(60, 53)
-> Request 11
1334
(4, 3, 2)
1
(21, 22)
-> Request 12
1423
(1, 2, 2)
2
(44, 66)
--> Day : 1
-> Request 0
366
(3, 1, 2)
3
(0, 53)
-> Request 1
593
(2, 2, 2)
3
(51, 38)
-> Request 2
1081
(1, 3, 1)
1
(20, 57)
--> Day : 2
-> Request 0
398
(3, 3, 2)
1
(8, 79)
-> Request 1
401
(1, 3, 2)
3
(36, 54)
-> Request 2
402
(4, 2, 1)
1
(67, 59)
-> Request 3
454
(4, 3, 1)
1
(37, 36)
-> Request 4
467
(1, 3, 2)
1
(51, 46)
-> Request 5
521
(3, 2, 2)
1
(61, 13)
-> Request 6
613
(4, 3, 1)
2
(53, 64)
-> Request 7
816
(1, 2, 2)
1
(46, 2)
-> Request 8
859
(1, 2, 2)
3
(27, 24)
-> Request 9
969
(2, 2, 2)
3
(53, 55)
-> Request 10
1007
(2, 1, 2)
1
(0, 65)
-> Request 11
1332
(2, 3, 1)
1
(48, 23)
--> Day : 3
-> Request 0
148
(3, 2, 2)
3
(18, 68)
-> Request 1
363
(2, 1, 2)
3
(46, 26)
-> Request 2
425
(3, 1, 1)
3
(40, 21)
-> Request 3
655
(4, 1, 1)
1
(74, 20)
-> Request 4
936
(1, 3, 2)
3
(63, 78)
-> Request 5
990
(1, 2, 2)
1
(46, 48)
-> Request 6
1341
(2, 2, 1)
1
(37, 40)
--> Day : 4
-> Request 0
275
(1, 3, 2)
3
(54, 6)
-> Request 1
294
(2, 3, 1)
1
(78, 42)
-> Request 2
296
(1, 1, 2)
3
(5, 45)
-> Request 3
450
(4, 1, 2)
2
(34, 65)
-> Request 4
796
(3, 3, 1)
1
(42, 52)
-> Request 5
1307
(2, 2, 2)
3
(72, 69)
-> Request 6
1320
(2, 3, 2)
3
(73, 45)
---> Week : 37
--> Day : 0
-> Request 0
170
(4, 3, 2)
3
(77, 64)
-> Request 1
200
(4, 3, 2)
3
(7, 37)
-> Request 2
206
(1, 2, 2)
1
(54, 2)
-> Request 3
485
(1, 3, 2)
1
(22, 8)
-> Request 4
494
(3, 1, 1)
1
(48, 2)
-> Request 5
646
(2, 3, 2)
2
(7, 4)
-> Request 6
1392
(1, 1, 1)
3
(38, 33)
-> Request 7
1402
(4, 1, 1)
1
(38, 61)
-> Request 8
1409
(1, 3, 2)
1
(75, 67)
-> Request 9
1422
(1, 1, 1)
3
(64, 75)
--> Day : 1
-> Request 0
1
(2, 1, 2)
1
(39, 60)
-> Request 1
29
(1, 2, 1)
2
(15, 30)
-> Request 2
395
(4, 2, 1)
1
(1, 72)
-> Request 3
513
(2, 2, 2)
1
(18, 68)
-> Request 4
656
(2, 2, 1)
1
(10, 31)
-> Request 5
849
(2, 1, 2)
1
(79, 25)
-> Request 6
862
(1, 2, 2)
3
(37, 60)
-> Request 7
898
(1, 2, 2)
3
(33, 56)
-> Request 8
945
(4, 3, 1)
2
(14, 67)
-> Request 9
1050
(3, 1, 2)
3
(26, 38)
-> Request 10
1198
(1, 1, 1)
2
(35, 64)
-> Request 11
1215
(4, 1, 2)
3
(62, 19)
-> Request 12
1316
(2, 1, 1)
3
(16, 67)
-> Request 13
1328
(4, 2, 2)
3
(69, 78)
--> Day : 2
-> Request 0
10
(3, 3, 1)
1
(76, 48)
-> Request 1
16
(1, 1, 1)
3
(63, 29)
-> Request 2
43
(1, 1, 2)
2
(36, 23)
-> Request 3
477
(1, 2, 2)
1
(25, 50)
-> Request 4
766
(1, 2, 1)
3
(18, 16)
-> Request 5
828
(2, 3, 2)
3
(2, 39)
-> Request 6
1151
(3, 3, 2)
3
(4, 29)
-> Request 7
1219
(4, 2, 2)
1
(40, 27)
--> Day : 3
-> Request 0
51
(4, 1, 2)
3
(9, 16)
-> Request 1
346
(3, 3, 1)
2
(14, 36)
-> Request 2
659
(3, 1, 1)
1
(16, 43)
-> Request 3
828
(3, 1, 1)
3
(47, 31)
-> Request 4
1041
(1, 2, 1)
1
(38, 32)
-> Request 5
1185
(3, 3, 2)
2
(61, 40)
-> Request 6
1253
(3, 3, 2)
2
(66, 69)
-> Request 7
1291
(2, 1, 1)
2
(54, 4)
--> Day : 4
-> Request 0
225
(1, 1, 2)
2
(25, 75)
-> Request 1
358
(4, 3, 2)
2
(29, 1)
-> Request 2
365
(3, 2, 1)
3
(19, 76)
-> Request 3
434
(3, 2, 2)
2
(35, 55)
-> Request 4
454
(4, 1, 1)
2
(59, 61)
-> Request 5
743
(3, 3, 2)
1
(66, 2)
-> Request 6
819
(4, 3, 2)
1
(74, 66)
-> Request 7
855
(1, 2, 1)
1
(0, 21)
-> Request 8
883
(4, 1, 2)
2
(37, 60)
-> Request 9
934
(1, 1, 1)
1
(75, 68)
-> Request 10
1005
(1, 2, 2)
1
(54, 22)
-> Request 11
1414
(1, 3, 1)
2
(32, 7)
---> Week : 38
--> Day : 0
-> Request 0
399
(4, 3, 1)
1
(9, 35)
-> Request 1
524
(4, 1, 1)
2
(59, 8)
-> Request 2
551
(4, 2, 2)
1
(39, 14)
-> Request 3
599
(4, 3, 2)
2
(73, 38)
-> Request 4
832
(1, 2, 2)
2
(48, 23)
-> Request 5
915
(4, 2, 1)
2
(59, 25)
-> Request 6
1147
(3, 1, 1)
3
(72, 14)
-> Request 7
1265
(3, 3, 2)
1
(76, 25)
-> Request 8
1311
(1, 3, 2)
2
(62, 60)
--> Day : 1
-> Request 0
21
(3, 2, 2)
1
(67, 24)
-> Request 1
90
(2, 2, 1)
2
(3, 42)
-> Request 2
173
(4, 1, 1)
1
(62, 56)
-> Request 3
193
(1, 3, 2)
3
(10, 25)
-> Request 4
621
(2, 2, 2)
3
(56, 55)
-> Request 5
748
(3, 1, 1)
2
(39, 67)
-> Request 6
793
(4, 2, 1)
3
(22, 43)
-> Request 7
1177
(4, 3, 1)
2
(14, 77)
-> Request 8
1200
(2, 2, 2)
2
(18, 35)
--> Day : 2
-> Request 0
36
(4, 2, 1)
3
(76, 79)
-> Request 1
142
(4, 1, 1)
1
(25, 70)
-> Request 2
260
(2, 1, 2)
2
(27, 24)
-> Request 3
364
(1, 1, 1)
2
(33, 2)
-> Request 4
445
(1, 2, 1)
1
(28, 70)
-> Request 5
583
(1, 2, 1)
3
(60, 30)
-> Request 6
717
(1, 1, 1)
2
(69, 9)
-> Request 7
861
(3, 1, 2)
2
(7, 55)
-> Request 8
985
(4, 1, 2)
2
(76, 35)
-> Request 9
1031
(3, 3, 2)
1
(68, 31)
-> Request 10
1364
(1, 2, 2)
2
(48, 9)
-> Request 11
1406
(2, 1, 1)
1
(21, 25)
--> Day : 3
-> Request 0
22
(3, 2, 2)
1
(14, 30)
-> Request 1
99
(1, 2, 2)
1
(61, 64)
-> Request 2
293
(2, 3, 2)
2
(36, 61)
-> Request 3
299
(2, 1, 1)
3
(14, 4)
-> Request 4
604
(2, 2, 1)
3
(22, 10)
-> Request 5
720
(4, 1, 2)
2
(50, 54)
-> Request 6
805
(3, 3, 1)
2
(28, 51)
-> Request 7
817
(2, 3, 2)
3
(71, 27)
-> Request 8
1090
(4, 3, 1)
1
(15, 22)
-> Request 9
1251
(3, 3, 2)
2
(25, 18)
-> Request 10
1342
(4, 1, 2)
1
(7, 17)
--> Day : 4
-> Request 0
185
(1, 3, 2)
3
(75, 42)
-> Request 1
262
(2, 1, 2)
1
(49, 71)
-> Request 2
440
(2, 3, 1)
3
(38, 77)
-> Request 3
450
(2, 3, 1)
2
(56, 44)
-> Request 4
487
(1, 3, 1)
2
(69, 74)
-> Request 5
492
(4, 2, 2)
1
(34, 62)
-> Request 6
703
(4, 3, 1)
3
(77, 31)
-> Request 7
816
(1, 2, 1)
2
(26, 32)
-> Request 8
875
(1, 2, 1)
1
(27, 41)
-> Request 9
1298
(3, 2, 2)
3
(2, 40)
-> Request 10
1417
(4, 2, 2)
3
(4, 69)
---> Week : 39
--> Day : 0
-> Request 0
112
(2, 1, 2)
2
(40, 70)
-> Request 1
287
(3, 1, 1)
3
(18, 12)
-> Request 2
333
(2, 1, 2)
2
(18, 67)
-> Request 3
421
(2, 2, 2)
3
(3, 65)
-> Request 4
439
(3, 3, 2)
1
(24, 67)
-> Request 5
760
(1, 2, 1)
2
(2, 70)
-> Request 6
846
(1, 1, 1)
1
(27, 63)
-> Request 7
931
(4, 2, 1)
3
(65, 48)
-> Request 8
1069
(1, 1, 1)
1
(16, 17)
-> Request 9
1140
(2, 1, 2)
1
(29, 62)
-> Request 10
1162
(1, 1, 2)
3
(36, 39)
-> Request 11
1341
(1, 3, 2)
1
(15, 28)
-> Request 12
1341
(1, 1, 1)
2
(66, 31)
--> Day : 1
-> Request 0
64
(4, 1, 2)
1
(68, 55)
-> Request 1
93
(2, 1, 1)
3
(5, 46)
-> Request 2
120
(3, 1, 2)
2
(62, 49)
-> Request 3
242
(2, 3, 1)
2
(43, 26)
-> Request 4
440
(4, 1, 2)
3
(48, 32)
-> Request 5
696
(2, 1, 1)
3
(12, 54)
-> Request 6
724
(3, 1, 2)
1
(2, 45)
-> Request 7
730
(4, 3, 2)
1
(51, 29)
-> Request 8
901
(3, 2, 2)
3
(9, 38)
-> Request 9
1080
(2, 1, 2)
3
(28, 31)
-> Request 10
1197
(4, 3, 1)
1
(68, 38)
-> Request 11
1348
(2, 1, 1)
1
(2, 70)
--> Day : 2
-> Request 0
235
(2, 2, 2)
1
(44, 33)
-> Request 1
538
(4, 2, 1)
2
(24, 76)
-> Request 2
605
(3, 2, 2)
1
(3, 24)
-> Request 3
605
(1, 1, 1)
1
(29, 39)
-> Request 4
678
(2, 2, 1)
2
(23, 24)
--> Day : 3
-> Request 0
54
(2, 3, 1)
3
(65, 26)
-> Request 1
88
(3, 1, 1)
3
(41, 66)
-> Request 2
589
(3, 1, 1)
1
(19, 4)
-> Request 3
661
(3, 3, 2)
1
(72, 53)
-> Request 4
684
(4, 3, 2)
2
(43, 10)
-> Request 5
808
(4, 2, 1)
3
(66, 75)
-> Request 6
859
(3, 3, 1)
1
(27, 78)
-> Request 7
1128
(2, 3, 1)
2
(49, 34)
--> Day : 4
-> Request 0
86
(4, 3, 1)
3
(78, 66)
-> Request 1
221
(2, 3, 2)
2
(65, 17)
-> Request 2
233
(4, 2, 1)
2
(23, 44)
-> Request 3
321
(3, 3, 2)
2
(22, 4)
-> Request 4
336
(1, 2, 2)
2
(18, 63)
-> Request 5
678
(1, 2, 1)
2
(37, 32)
-> Request 6
994
(3, 2, 1)
1
(70, 64)
-> Request 7
1294
(3, 3, 2)
2
(26, 73)
-> Request 8
1340
(1, 1, 2)
3
(25, 21)
---> Week : 40
--> Day : 0
-> Request 0
61
(3, 1, 1)
2
(48, 11)
-> Request 1
111
(4, 1, 1)
2
(20, 67)
-> Request 2
115
(3, 2, 2)
3
(47, 2)
-> Request 3
343
(4, 2, 2)
1
(46, 40)
-> Request 4
397
(4, 2, 1)
1
(11, 0)
-> Request 5
560
(3, 2, 1)
3
(70, 31)
-> Request 6
598
(1, 3, 1)
3
(39, 29)
-> Request 7
628
(1, 1, 2)
1
(46, 8)
-> Request 8
1187
(3, 1, 2)
1
(45, 17)
-> Request 9
1337
(3, 3, 2)
1
(28, 11)
--> Day : 1
-> Request 0
47
(1, 3, 2)
1
(8, 42)
-> Request 1
613
(2, 3, 2)
2
(57, 56)
-> Request 2
670
(3, 2, 2)
3
(73, 53)
-> Request 3
727
(2, 1, 1)
2
(25, 57)
-> Request 4
755
(1, 2, 1)
1
(30, 4)
-> Request 5
801
(2, 3, 2)
2
(25, 33)
-> Request 6
1055
(4, 3, 1)
1
(41, 46)
-> Request 7
1391
(1, 2, 1)
1
(15, 26)
--> Day : 2
-> Request 0
114
(2, 1, 1)
3
(55, 32)
-> Request 1
616
(1, 1, 1)
1
(56, 2)
-> Request 2
626
(4, 1, 2)
2
(16, 50)
-> Request 3
729
(4, 2, 2)
1
(30, 10)
-> Request 4
775
(2, 1, 2)
1
(52, 19)
-> Request 5
1103
(4, 2, 2)
2
(75, 75)
-> Request 6
1195
(3, 3, 2)
3
(76, 78)
-> Request 7
1258
(1, 2, 1)
1
(50, 33)
--> Day : 3
-> Request 0
60
(2, 2, 1)
3
(72, 0)
-> Request 1
114
(1, 1, 1)
1
(66, 73)
-> Request 2
219
(2, 2, 1)
3
(31, 58)
-> Request 3
225
(3, 1, 1)
1
(1, 25)
-> Request 4
361
(1, 3, 1)
1
(9, 66)
-> Request 5
433
(2, 1, 2)
3
(71, 53)
-> Request 6
790
(2, 2, 1)
3
(44, 30)
-> Request 7
1188
(1, 3, 1)
1
(23, 45)
-> Request 8
1217
(4, 1, 2)
3
(68, 52)
--> Day : 4
-> Request 0
93
(2, 1, 1)
3
(10, 8)
-> Request 1
226
(4, 3, 2)
1
(46, 74)
-> Request 2
226
(2, 3, 2)
2
(27, 74)
-> Request 3
233
(1, 1, 1)
2
(72, 10)
-> Request 4
532
(3, 3, 1)
1
(64, 51)
-> Request 5
553
(2, 2, 2)
3
(60, 26)
-> Request 6
616
(2, 1, 1)
1
(30, 18)
-> Request 7
806
(1, 3, 1)
3
(14, 28)
-> Request 8
1135
(1, 1, 1)
3
(29, 69)
-> Request 9
1165
(4, 3, 2)
2
(63, 55)
-> Request 10
1317
(2, 2, 1)
1
(54, 58)
---> Week : 41
--> Day : 0
-> Request 0
361
(3, 2, 1)
2
(40, 73)
-> Request 1
424
(1, 1, 1)
3
(59, 32)
-> Request 2
505
(4, 3, 1)
1
(74, 16)
--> Day : 1
-> Request 0
47
(3, 2, 1)
1
(14, 25)
-> Request 1
197
(2, 1, 1)
2
(1, 21)
-> Request 2
218
(1, 3, 1)
3
(41, 38)
-> Request 3
308
(4, 2, 1)
2
(51, 7)
-> Request 4
394
(1, 2, 2)
3
(39, 67)
-> Request 5
474
(4, 1, 1)
3
(28, 35)
-> Request 6
478
(1, 3, 1)
2
(62, 59)
-> Request 7
667
(4, 1, 1)
1
(45, 43)
-> Request 8
724
(2, 1, 1)
2
(43, 79)
-> Request 9
973
(3, 3, 2)
3
(71, 5)
-> Request 10
1005
(1, 1, 2)
3
(1, 34)
-> Request 11
1169
(4, 2, 1)
1
(39, 71)
--> Day : 2
-> Request 0
131
(1, 2, 1)
1
(12, 42)
-> Request 1
170
(4, 3, 1)
3
(41, 67)
-> Request 2
188
(3, 3, 1)
1
(4, 22)
-> Request 3
249
(4, 3, 1)
1
(23, 21)
-> Request 4
470
(1, 1, 2)
1
(39, 15)
-> Request 5
655
(4, 1, 2)
3
(72, 65)
-> Request 6
687
(4, 1, 1)
1
(17, 28)
-> Request 7
757
(3, 2, 2)
3
(71, 69)
-> Request 8
836
(1, 1, 1)
3
(13, 53)
-> Request 9
982
(2, 1, 2)
1
(2, 5)
-> Request 10
1381
(1, 3, 1)
1
(31, 57)
-> Request 11
1426
(2, 3, 1)
3
(60, 71)
--> Day : 3
-> Request 0
240
(3, 3, 2)
3
(18, 10)
-> Request 1
363
(3, 1, 2)
3
(42, 50)
-> Request 2
412
(4, 2, 1)
2
(58, 6)
-> Request 3
650
(2, 2, 1)
2
(14, 28)
-> Request 4
680
(2, 3, 1)
3
(15, 27)
-> Request 5
750
(1, 3, 1)
3
(38, 69)
-> Request 6
776
(1, 1, 2)
3
(64, 4)
-> Request 7
821
(2, 3, 1)
2
(19, 31)
-> Request 8
1291
(3, 3, 1)
1
(25, 78)
--> Day : 4
-> Request 0
176
(1, 3, 1)
2
(2, 5)
-> Request 1
296
(4, 3, 2)
1
(27, 47)
-> Request 2
327
(3, 2, 1)
2
(38, 43)
-> Request 3
448
(2, 2, 2)
1
(51, 40)
-> Request 4
638
(4, 2, 2)
1
(6, 50)
-> Request 5
780
(1, 3, 2)
2
(16, 73)
-> Request 6
885
(4, 2, 2)
2
(54, 14)
-> Request 7
1080
(1, 1, 2)
1
(31, 16)
-> Request 8
1246
(1, 3, 1)
1
(63, 51)
-> Request 9
1246
(3, 3, 1)
2
(78, 10)
-> Request 10
1377
(4, 2, 1)
2
(18, 28)
---> Week : 42
--> Day : 0
-> Request 0
102
(2, 1, 2)
1
(3, 23)
-> Request 1
135
(1, 1, 1)
3
(6, 79)
-> Request 2
264
(2, 3, 2)
1
(37, 10)
-> Request 3
331
(1, 3, 1)
3
(21, 55)
-> Request 4
433
(3, 2, 1)
2
(12, 55)
-> Request 5
653
(4, 1, 2)
3
(31, 6)
-> Request 6
703
(2, 3, 1)
3
(22, 35)
-> Request 7
762
(2, 1, 1)
2
(5, 31)
-> Request 8
883
(2, 2, 1)
2
(28, 22)
-> Request 9
944
(2, 3, 2)
3
(51, 0)
-> Request 10
1022
(4, 3, 2)
3
(14, 29)
-> Request 11
1231
(2, 3, 1)
1
(51, 70)
-> Request 12
1296
(4, 2, 2)
3
(48, 37)
--> Day : 1
-> Request 0
255
(1, 1, 2)
2
(67, 12)
-> Request 1
270
(4, 2, 2)
3
(57, 17)
-> Request 2
457
(1, 2, 2)
3
(32, 74)
-> Request 3
477
(4, 3, 1)
3
(46, 24)
-> Request 4
613
(1, 2, 1)
1
(60, 0)
-> Request 5
723
(1, 2, 1)
1
(60, 45)
-> Request 6
865
(1, 2, 1)
3
(31, 48)
--> Day : 2
-> Request 0
302
(3, 3, 1)
3
(41, 55)
-> Request 1
304
(2, 1, 1)
3
(40, 20)
-> Request 2
471
(4, 2, 2)
2
(73, 70)
-> Request 3
711
(2, 3, 2)
1
(33, 14)
-> Request 4
714
(2, 1, 2)
3
(45, 6)
-> Request 5
891
(4, 3, 2)
1
(54, 18)
-> Request 6
1049
(4, 3, 2)
2
(68, 44)
-> Request 7
1166
(4, 3, 1)
2
(32, 32)
-> Request 8
1293
(3, 3, 2)
2
(7, 77)
--> Day : 3
-> Request 0
321
(2, 3, 1)
2
(61, 32)
-> Request 1
612
(1, 1, 2)
2
(73, 66)
-> Request 2
955
(1, 3, 2)
1
(47, 56)
-> Request 3
1071
(1, 2, 2)
3
(38, 26)
-> Request 4
1436
(2, 3, 2)
2
(43, 9)
--> Day : 4
-> Request 0
98
(4, 1, 1)
2
(49, 25)
-> Request 1
284
(2, 3, 1)
2
(40, 22)
-> Request 2
395
(2, 1, 2)
3
(68, 56)
-> Request 3
458
(1, 1, 1)
2
(40, 37)
-> Request 4
626
(3, 2, 2)
3
(79, 50)
-> Request 5
917
(4, 1, 2)
3
(60, 52)
-> Request 6
1031
(3, 3, 2)
3
(7, 63)
-> Request 7
1184
(3, 3, 2)
3
(32, 39)
-> Request 8
1247
(2, 1, 2)
3
(28, 30)
-> Request 9
1278
(1, 3, 2)
3
(15, 1)
-> Request 10
1312
(4, 1, 2)
3
(37, 61)
-> Request 11
1327
(2, 1, 1)
2
(64, 30)
-> Request 12
1339
(1, 3, 1)
2
(22, 18)
---> Week : 43
--> Day : 0
-> Request 0
86
(2, 1, 2)
3
(33, 78)
-> Request 1
102
(4, 1, 2)
1
(17, 49)
-> Request 2
120
(4, 2, 1)
2
(3, 22)
-> Request 3
122
(2, 1, 2)
1
(26, 67)
-> Request 4
231
(4, 2, 2)
3
(5, 76)
-> Request 5
881
(4, 3, 2)
3
(73, 4)
-> Request 6
949
(1, 3, 2)
2
(0, 68)
-> Request 7
1004
(4, 2, 1)
3
(64, 33)
-> Request 8
1043
(3, 1, 1)
3
(45, 10)
--> Day : 1
-> Request 0
159
(4, 1, 1)
2
(67, 71)
-> Request 1
280
(3, 3, 2)
3
(52, 13)
-> Request 2
451
(1, 3, 2)
3
(2, 62)
-> Request 3
635
(2, 2, 1)
1
(9, 12)
-> Request 4
913
(2, 1, 2)
1
(26, 66)
-> Request 5
1222
(4, 3, 2)
1
(71, 13)
--> Day : 2
-> Request 0
108
(2, 1, 1)
3
(11, 41)
-> Request 1
129
(4, 3, 1)
3
(68, 79)
-> Request 2
560
(3, 2, 1)
3
(19, 4)
-> Request 3
789
(1, 1, 2)
1
(39, 55)
-> Request 4
798
(3, 3, 1)
3
(4, 65)
-> Request 5
962
(2, 1, 2)
1
(5, 59)
-> Request 6
1127
(1, 2, 2)
1
(43, 41)
-> Request 7
1401
(2, 2, 2)
1
(58, 63)
--> Day : 3
-> Request 0
315
(3, 2, 2)
1
(28, 28)
-> Request 1
549
(1, 2, 1)
1
(41, 49)
-> Request 2
596
(4, 3, 1)
3
(67, 16)
-> Request 3
631
(2, 2, 1)
2
(74, 74)
-> Request 4
676
(3, 2, 2)
2
(4, 10)
-> Request 5
696
(2, 2, 1)
3
(25, 7)
-> Request 6
791
(2, 1, 2)
2
(16, 34)
-> Request 7
1002
(4, 3, 2)
2
(67, 56)
--> Day : 4
-> Request 0
264
(2, 2, 1)
1
(25, 19)
-> Request 1
457
(1, 1, 2)
3
(27, 68)
-> Request 2
553
(3, 3, 1)
2
(70, 18)
-> Request 3
842
(3, 3, 1)
2
(41, 68)
-> Request 4
1079
(1, 2, 1)
2
(12, 51)
-> Request 5
1149
(4, 3, 1)
2
(6, 21)
-> Request 6
1237
(3, 3, 1)
1
(42, 44)
-> Request 7
1427
(3, 2, 2)
3
(20, 41)
---> Week : 44
--> Day : 0
-> Request 0
137
(2, 2, 2)
3
(79, 37)
-> Request 1
233
(1, 3, 2)
3
(36, 45)
-> Request 2
347
(3, 2, 1)
1
(75, 68)
-> Request 3
541
(1, 1, 1)
1
(40, 17)
-> Request 4
866
(3, 3, 2)
3
(6, 75)
-> Request 5
982
(4, 3, 1)
2
(14, 11)
-> Request 6
1218
(4, 3, 2)
3
(71, 52)
-> Request 7
1275
(2, 2, 1)
1
(33, 75)
-> Request 8
1278
(1, 1, 2)
2
(8, 67)
-> Request 9
1382
(3, 2, 1)
1
(33, 22)
--> Day : 1
-> Request 0
268
(3, 2, 2)
2
(73, 62)
-> Request 1
339
(1, 1, 2)
3
(76, 51)
-> Request 2
586
(2, 3, 2)
2
(8, 69)
-> Request 3
648
(4, 3, 2)
3
(77, 9)
-> Request 4
662
(1, 2, 2)
1
(76, 76)
-> Request 5
961
(2, 3, 2)
3
(41, 62)
-> Request 6
1051
(4, 1, 1)
1
(12, 52)
-> Request 7
1053
(2, 2, 2)
3
(67, 1)
-> Request 8
1065
(1, 1, 1)
2
(68, 47)
-> Request 9
1163
(1, 2, 2)
3
(27, 62)
-> Request 10
1374
(2, 3, 2)
3
(0, 0)
-> Request 11
1432
(4, 3, 1)
1
(76, 28)
--> Day : 2
-> Request 0
87
(4, 2, 1)
1
(48, 69)
-> Request 1
183
(3, 2, 2)
3
(62, 47)
-> Request 2
246
(2, 2, 2)
3
(42, 77)
-> Request 3
257
(3, 3, 1)
1
(49, 43)
-> Request 4
446
(4, 3, 2)
1
(17, 53)
-> Request 5
535
(3, 1, 2)
1
(26, 11)
-> Request 6
570
(1, 2, 1)
1
(68, 4)
-> Request 7
619
(4, 2, 2)
1
(26, 53)
-> Request 8
683
(1, 3, 1)
2
(9, 52)
-> Request 9
793
(3, 3, 2)
2
(41, 57)
-> Request 10
826
(2, 3, 2)
1
(6, 79)
-> Request 11
896
(4, 3, 2)
1
(50, 74)
-> Request 12
956
(4, 2, 2)
3
(15, 51)
-> Request 13
983
(4, 1, 1)
3
(53, 66)
--> Day : 3
-> Request 0
11
(1, 2, 2)
3
(40, 6)
-> Request 1
119
(1, 2, 2)
2
(57, 55)
-> Request 2
291
(3, 3, 1)
2
(0, 53)
-> Request 3
498
(3, 1, 2)
2
(10, 33)
-> Request 4
846
(3, 2, 2)
3
(66, 4)
-> Request 5
897
(1, 2, 1)
2
(77, 65)
-> Request 6
1103
(1, 2, 1)
3
(38, 62)
-> Request 7
1112
(3, 3, 1)
3
(46, 31)
-> Request 8
1117
(3, 2, 2)
2
(5, 0)
-> Request 9
1129
(1, 3, 1)
3
(71, 6)
-> Request 10
1132
(1, 2, 1)
3
(6, 29)
-> Request 11
1168
(4, 1, 1)
1
(8, 29)
-> Request 12
1203
(4, 3, 2)
3
(34, 24)
-> Request 13
1243
(2, 1, 2)
2
(72, 5)
--> Day : 4
-> Request 0
7
(4, 3, 2)
2
(3, 52)
-> Request 1
197
(3, 1, 2)
2
(70, 1)
-> Request 2
202
(1, 1, 1)
2
(25, 39)
-> Request 3
218
(3, 2, 1)
3
(64, 61)
-> Request 4
387
(1, 2, 1)
2
(51, 59)
-> Request 5
440
(4, 2, 2)
2
(3, 68)
-> Request 6
467
(1, 3, 2)
1
(78, 75)
-> Request 7
748
(4, 3, 2)
1
(24, 46)
-> Request 8
1090
(2, 1, 2)
1
(64, 53)
-> Request 9
1199
(1, 3, 2)
3
(49, 57)
-> Request 10
1283
(1, 1, 1)
3
(73, 58)
-> Request 11
1418
(4, 3, 2)
2
(1, 8)
---> Week : 45
--> Day : 0
-> Request 0
352
(2, 3, 1)
3
(30, 3)
-> Request 1
359
(2, 1, 1)
2
(53, 38)
-> Request 2
386
(1, 1, 1)
2
(21, 6)
-> Request 3
650
(3, 1, 1)
2
(56, 58)
-> Request 4
757
(1, 2, 2)
2
(71, 30)
-> Request 5
770
(2, 3, 2)
3
(7, 74)
-> Request 6
1091
(1, 1, 2)
1
(65, 72)
-> Request 7
1290
(3, 1, 2)
3
(50, 76)
-> Request 8
1301
(1, 3, 2)
1
(35, 33)
-> Request 9
1352
(2, 2, 2)
3
(12, 77)
--> Day : 1
-> Request 0
186
(2, 1, 1)
1
(64, 40)
-> Request 1
207
(3, 1, 1)
1
(27, 13)
-> Request 2
349
(2, 1, 1)
3
(59, 2)
-> Request 3
437
(2, 3, 1)
1
(33, 77)
-> Request 4
509
(2, 1, 1)
2
(1, 58)
-> Request 5
600
(4, 3, 2)
1
(22, 78)
-> Request 6
683
(2, 1, 1)
3
(59, 60)
-> Request 7
794
(2, 2, 2)
2
(37, 54)
-> Request 8
798
(2, 3, 1)
2
(17, 9)
-> Request 9
840
(4, 1, 1)
1
(5, 26)
-> Request 10
995
(3, 2, 2)
3
(40, 17)
-> Request 11
1018
(4, 1, 2)
3
(42, 63)
-> Request 12
1034
(3, 2, 1)
2
(39, 45)
-> Request 13
1228
(4, 2, 1)
3
(71, 27)
-> Request 14
1406
(4, 3, 2)
1
(37, 32)
--> Day : 2
-> Request 0
40
(4, 3, 2)
1
(3, 16)
-> Request 1
128
(1, 3, 1)
3
(14, 32)
-> Request 2
162
(1, 3, 1)
2
(46, 49)
-> Request 3
382
(4, 1, 1)
2
(14, 3)
-> Request 4
420
(3, 3, 1)
1
(4, 29)
-> Request 5
536
(4, 1, 1)
3
(48, 66)
-> Request 6
682
(2, 1, 2)
3
(47, 66)
-> Request 7
786
(2, 3, 1)
3
(60, 40)
-> Request 8
950
(4, 2, 1)
2
(39, 46)
-> Request 9
1018
(1, 1, 2)
2
(65, 61)
-> Request 10
1022
(2, 2, 2)
1
(51, 55)
--> Day : 3
-> Request 0
167
(4, 1, 2)
2
(62, 38)
-> Request 1
204
(1, 3, 1)
1
(61, 56)
-> Request 2
231
(2, 1, 2)
1
(73, 44)
-> Request 3
250
(1, 1, 1)
1
(41, 48)
-> Request 4
497
(3, 1, 2)
1
(8, 24)
-> Request 5
672
(2, 1, 2)
1
(22, 20)
-> Request 6
756
(2, 3, 2)
3
(44, 31)
-> Request 7
877
(3, 3, 1)
1
(43, 5)
-> Request 8
1071
(4, 2, 2)
1
(28, 60)
-> Request 9
1103
(4, 1, 1)
2
(76, 53)
-> Request 10
1137
(1, 2, 2)
2
(70, 65)
-> Request 11
1269
(2, 3, 1)
3
(46, 11)
-> Request 12
1344
(3, 2, 1)
1
(15, 27)
-> Request 13
1369
(3, 1, 1)
1
(9, 72)
--> Day : 4
-> Request 0
164
(1, 3, 1)
3
(78, 60)
-> Request 1
523
(1, 3, 2)
1
(75, 66)
-> Request 2
608
(1, 1, 2)
2
(60, 57)
-> Request 3
689
(4, 3, 2)
3
(26, 72)
-> Request 4
815
(2, 1, 2)
1
(53, 56)
-> Request 5
817
(2, 1, 2)
2
(56, 70)
-> Request 6
914
(3, 3, 1)
1
(20, 24)
-> Request 7
1029
(3, 3, 1)
1
(0, 51)
-> Request 8
1105
(4, 3, 2)
2
(52, 23)
-> Request 9
1235
(2, 1, 2)
1
(71, 40)
-> Request 10
1311
(2, 2, 2)
1
(8, 32)
-> Request 11
1359
(2, 2, 1)
2
(61, 0)
-> Request 12
1383
(3, 3, 1)
1
(68, 73)
-> Request 13
1417
(3, 3, 1)
2
(51, 62)
-> Request 14
1422
(2, 3, 2)
3
(67, 78)
---> Week : 46
--> Day : 0
-> Request 0
161
(2, 3, 1)
3
(51, 57)
-> Request 1
165
(2, 2, 1)
3
(52, 1)
-> Request 2
271
(4, 2, 2)
2
(30, 32)
-> Request 3
569
(3, 1, 1)
2
(14, 45)
-> Request 4
787
(4, 3, 2)
1
(33, 11)
-> Request 5
871
(3, 1, 2)
3
(69, 16)
-> Request 6
1011
(3, 3, 2)
3
(75, 26)
--> Day : 1
-> Request 0
204
(1, 2, 2)
1
(54, 63)
-> Request 1
586
(3, 2, 1)
1
(14, 15)
-> Request 2
637
(1, 1, 2)
1
(49, 61)
-> Request 3
742
(2, 3, 2)
3
(42, 52)
-> Request 4
874
(1, 2, 1)
2
(72, 38)
-> Request 5
992
(2, 3, 1)
3
(45, 46)
-> Request 6
1171
(2, 3, 2)
2
(29, 63)
-> Request 7
1187
(4, 3, 1)
3
(9, 33)
-> Request 8
1322
(3, 2, 2)
3
(67, 44)
--> Day : 2
-> Request 0
42
(1, 2, 1)
1
(77, 27)
-> Request 1
264
(3, 1, 1)
1
(30, 65)
-> Request 2
620
(1, 3, 1)
2
(79, 59)
-> Request 3
846
(3, 1, 2)
3
(24, 69)
-> Request 4
852
(3, 1, 1)
2
(63, 27)
-> Request 5
875
(1, 3, 2)
2
(60, 40)
-> Request 6
1001
(4, 3, 2)
1
(26, 15)
-> Request 7
1065
(4, 1, 2)
3
(40, 59)
-> Request 8
1077
(2, 3, 2)
3
(19, 15)
-> Request 9
1408
(2, 1, 1)
2
(66, 74)
--> Day : 3
-> Request 0
59
(4, 2, 1)
2
(44, 45)
-> Request 1
99
(3, 3, 1)
2
(64, 34)
-> Request 2
119
(1, 2, 1)
2
(71, 27)
-> Request 3
187
(2, 1, 1)
3
(54, 70)
-> Request 4
199
(4, 1, 1)
3
(5, 5)
-> Request 5
860
(3, 1, 1)
2
(4, 44)
-> Request 6
1140
(3, 1, 1)
1
(8, 71)
-> Request 7
1274
(2, 2, 2)
2
(68, 16)
--> Day : 4
-> Request 0
116
(1, 1, 2)
1
(62, 43)
-> Request 1
202
(2, 2, 2)
3
(61, 18)
-> Request 2
211
(4, 1, 2)
3
(53, 45)
-> Request 3
413
(4, 2, 1)
2
(67, 25)
-> Request 4
552
(1, 2, 2)
1
(79, 17)
-> Request 5
791
(3, 1, 2)
3
(65, 26)
-> Request 6
941
(2, 2, 1)
2
(48, 27)
-> Request 7
1075
(4, 1, 2)
1
(45, 62)
-> Request 8
1202
(2, 3, 1)
2
(27, 15)
-> Request 9
1368
(1, 3, 2)
3
(47, 76)
---> Week : 47
--> Day : 0
-> Request 0
122
(2, 3, 2)
1
(55, 11)
-> Request 1
314
(2, 3, 2)
2
(58, 15)
-> Request 2
716
(2, 3, 1)
1
(69, 1)
-> Request 3
1165
(4, 1, 1)
2
(4, 16)
-> Request 4
1184
(3, 2, 1)
2
(47, 70)
-> Request 5
1240
(1, 2, 2)
2
(39, 55)
-> Request 6
1254
(3, 1, 2)
1
(24, 10)
--> Day : 1
-> Request 0
148
(2, 1, 2)
3
(3, 35)
-> Request 1
322
(2, 1, 2)
1
(30, 29)
-> Request 2
504
(3, 3, 2)
3
(44, 10)
-> Request 3
620
(4, 2, 1)
2
(20, 67)
-> Request 4
628
(4, 3, 2)
3
(16, 2)
-> Request 5
718
(4, 2, 1)
2
(8, 53)
-> Request 6
719
(2, 3, 1)
2
(45, 54)
-> Request 7
861
(2, 2, 2)
1
(45, 58)
-> Request 8
905
(2, 2, 1)
3
(12, 65)
-> Request 9
1017
(2, 3, 1)
2
(29, 67)
-> Request 10
1059
(1, 2, 1)
3
(31, 69)
-> Request 11
1149
(4, 3, 1)
3
(7, 69)
-> Request 12
1154
(3, 1, 1)
1
(72, 61)
-> Request 13
1263
(3, 2, 2)
2
(76, 35)
-> Request 14
1299
(2, 1, 1)
3
(14, 47)
--> Day : 2
-> Request 0
214
(2, 2, 1)
3
(10, 16)
-> Request 1
311
(3, 1, 2)
1
(49, 33)
-> Request 2
316
(3, 1, 1)
2
(47, 53)
-> Request 3
1108
(2, 3, 1)
2
(43, 17)
--> Day : 3
-> Request 0
204
(2, 2, 2)
3
(19, 43)
-> Request 1
304
(1, 1, 2)
2
(45, 16)
-> Request 2
713
(3, 3, 1)
1
(65, 64)
-> Request 3
800
(4, 1, 1)
3
(73, 16)
-> Request 4
940
(1, 1, 1)
1
(29, 35)
-> Request 5
1258
(2, 3, 1)
3
(12, 63)
--> Day : 4
-> Request 0
99
(4, 3, 2)
1
(73, 68)
-> Request 1
299
(4, 1, 2)
3
(64, 0)
-> Request 2
523
(4, 1, 2)
1
(39, 20)
-> Request 3
533
(2, 2, 1)
2
(19, 66)
-> Request 4
556
(1, 2, 2)
2
(8, 48)
-> Request 5
570
(1, 3, 2)
1
(34, 33)
-> Request 6
648
(2, 2, 2)
1
(21, 20)
-> Request 7
865
(3, 1, 2)
3
(11, 52)
-> Request 8
873
(3, 1, 1)
2
(44, 63)
-> Request 9
945
(1, 1, 1)
3
(60, 3)
-> Request 10
1055
(4, 1, 1)
2
(64, 0)
-> Request 11
1094
(3, 1, 2)
1
(57, 12)
---> Week : 48
--> Day : 0
-> Request 0
21
(3, 2, 2)
2
(40, 67)
-> Request 1
175
(1, 3, 2)
2
(65, 33)
-> Request 2
503
(1, 2, 2)
3
(55, 54)
-> Request 3
565
(2, 3, 2)
2
(19, 53)
-> Request 4
611
(1, 2, 1)
2
(72, 24)
-> Request 5
752
(1, 1, 2)
2
(27, 7)
-> Request 6
759
(3, 3, 1)
3
(51, 41)
-> Request 7
889
(1, 1, 2)
1
(46, 49)
-> Request 8
908
(4, 1, 1)
2
(61, 60)
-> Request 9
1117
(3, 3, 2)
2
(75, 9)
-> Request 10
1273
(1, 1, 1)
2
(74, 27)
--> Day : 1
-> Request 0
123
(4, 2, 2)
3
(20, 56)
-> Request 1
193
(3, 1, 2)
1
(24, 35)
-> Request 2
246
(4, 1, 2)
3
(75, 12)
-> Request 3
338
(3, 3, 2)
3
(64, 36)
-> Request 4
585
(2, 3, 2)
2
(66, 68)
-> Request 5
600
(1, 2, 2)
1
(9, 40)
-> Request 6
719
(4, 3, 2)
1
(78, 47)
-> Request 7
866
(3, 1, 1)
1
(57, 45)
-> Request 8
896
(1, 2, 1)
1
(42, 6)
-> Request 9
1387
(4, 2, 1)
3
(72, 13)
--> Day : 2
-> Request 0
49
(3, 2, 2)
3
(21, 37)
-> Request 1
250
(4, 2, 1)
2
(44, 49)
-> Request 2
266
(3, 2, 1)
1
(41, 20)
-> Request 3
332
(2, 1, 1)
2
(3, 66)
-> Request 4
406
(2, 3, 1)
3
(38, 71)
-> Request 5
411
(2, 3, 1)
1
(6, 68)
-> Request 6
788
(4, 2, 2)
1
(77, 77)
-> Request 7
881
(4, 1, 1)
1
(12, 41)
-> Request 8
1087
(1, 2, 2)
2
(14, 51)
-> Request 9
1294
(3, 2, 2)
3
(21, 22)
--> Day : 3
-> Request 0
827
(1, 2, 2)
1
(67, 72)
-> Request 1
1060
(4, 2, 2)
2
(68, 78)
--> Day : 4
-> Request 0
12
(3, 2, 1)
1
(6, 46)
-> Request 1
117
(4, 3, 2)
1
(71, 39)
-> Request 2
544
(2, 2, 1)
3
(32, 74)
-> Request 3
562
(1, 2, 2)
3
(21, 40)
-> Request 4
596
(2, 3, 2)
1
(18, 71)
-> Request 5
674
(2, 3, 1)
3
(11, 30)
-> Request 6
954
(4, 3, 1)
2
(19, 75)
---> Week : 49
--> Day : 0
-> Request 0
157
(1, 3, 2)
2
(25, 68)
-> Request 1
746
(1, 3, 2)
1
(33, 25)
-> Request 2
1077
(2, 3, 1)
2
(71, 0)
-> Request 3
1216
(3, 2, 2)
3
(55, 76)
--> Day : 1
-> Request 0
14
(4, 2, 1)
2
(44, 50)
-> Request 1
79
(3, 2, 2)
2
(58, 13)
-> Request 2
79
(1, 2, 1)
3
(43, 1)
-> Request 3
717
(4, 3, 2)
2
(29, 50)
-> Request 4
765
(2, 2, 1)
1
(63, 14)
-> Request 5
936
(1, 1, 2)
1
(48, 39)
-> Request 6
1146
(1, 3, 1)
3
(8, 62)
-> Request 7
1279
(4, 2, 2)
3
(49, 37)
--> Day : 2
-> Request 0
483
(3, 2, 2)
3
(24, 34)
-> Request 1
557
(1, 1, 2)
3
(66, 3)
-> Request 2
580
(4, 3, 1)
3
(28, 72)
-> Request 3
603
(3, 3, 1)
2
(39, 12)
-> Request 4
1076
(3, 2, 1)
2
(66, 45)
-> Request 5
1076
(3, 1, 1)
1
(30, 11)
-> Request 6
1087
(3, 3, 2)
2
(60, 41)
--> Day : 3
-> Request 0
5
(3, 2, 2)
3
(74, 39)
-> Request 1
103
(1, 3, 1)
1
(69, 1)
-> Request 2
113
(2, 3, 1)
2
(1, 17)
-> Request 3
284
(1, 3, 2)
1
(75, 76)
-> Request 4
382
(1, 3, 1)
1
(75, 12)
-> Request 5
545
(4, 1, 1)
2
(59, 69)
-> Request 6
712
(2, 3, 2)
2
(69, 75)
-> Request 7
744
(2, 2, 1)
2
(49, 11)
-> Request 8
792
(3, 1, 1)
1
(71, 62)
-> Request 9
804
(1, 3, 2)
3
(50, 28)
-> Request 10
854
(3, 2, 2)
2
(33, 76)
-> Request 11
956
(1, 1, 1)
2
(61, 74)
-> Request 12
966
(1, 3, 1)
2
(7, 60)
-> Request 13
1145
(2, 1, 2)
2
(30, 37)
-> Request 14
1172
(2, 2, 2)
2
(55, 59)
-> Request 15
1418
(2, 2, 1)
1
(26, 70)
--> Day : 4
-> Request 0
84
(3, 1, 2)
2
(6, 27)
-> Request 1
180
(2, 3, 2)
2
(29, 12)
-> Request 2
410
(2, 1, 2)
2
(43, 69)
-> Request 3
607
(3, 1, 1)
1
(77, 72)
-> Request 4
627
(4, 1, 2)
3
(57, 56)
-> Request 5
688
(3, 1, 1)
2
(79, 29)
-> Request 6
774
(2, 2, 2)
3
(67, 63)
-> Request 7
869
(4, 2, 2)
1
(74, 67)
-> Request 8
1068
(3, 2, 2)
1
(67, 32)
-> Request 9
1071
(4, 2, 2)
3
(8, 16)
-> Request 10
1082
(4, 3, 2)
2
(19, 21)
-> Request 11
1302
(2, 2, 2)
2
(13, 29)
-> Request 12
1370
(2, 3, 2)
3
(31, 51)
---> Week : 50
--> Day : 0
-> Request 0
222
(4, 2, 2)
3
(46, 64)
-> Request 1
333
(3, 2, 1)
2
(65, 63)
-> Request 2
506
(4, 3, 1)
1
(57, 45)
-> Request 3
507
(2, 3, 2)
1
(70, 16)
-> Request 4
839
(2, 2, 2)
1
(51, 26)
-> Request 5
924
(2, 2, 1)
3
(50, 42)
-> Request 6
1003
(2, 2, 2)
1
(60, 62)
-> Request 7
1034
(4, 1, 1)
1
(16, 23)
-> Request 8
1083
(3, 2, 1)
1
(69, 7)
-> Request 9
1405
(2, 1, 1)
3
(63, 64)
-> Request 10
1405
(2, 2, 1)
2
(43, 57)
--> Day : 1
-> Request 0
129
(4, 2, 1)
3
(44, 74)
-> Request 1
176
(3, 1, 2)
2
(13, 22)
-> Request 2
321
(4, 1, 1)
3
(42, 21)
-> Request 3
349
(1, 2, 1)
2
(2, 36)
-> Request 4
506
(3, 1, 1)
2
(10, 49)
-> Request 5
558
(3, 1, 1)
1
(42, 66)
-> Request 6
688
(3, 2, 2)
3
(50, 77)
-> Request 7
706
(2, 3, 1)
2
(36, 66)
-> Request 8
786
(3, 3, 1)
2
(37, 41)
-> Request 9
1179
(4, 1, 2)
3
(62, 48)
-> Request 10
1210
(2, 1, 1)
3
(59, 21)
-> Request 11
1267
(3, 3, 2)
1
(76, 33)
-> Request 12
1276
(3, 3, 2)
2
(22, 78)
-> Request 13
1344
(4, 3, 1)
3
(50, 61)
-> Request 14
1384
(1, 1, 2)
3
(51, 0)
-> Request 15
1432
(1, 1, 2)
2
(19, 43)
--> Day : 2
-> Request 0
70
(1, 1, 1)
1
(3, 33)
-> Request 1
218
(3, 2, 1)
1
(25, 10)
-> Request 2
324
(3, 1, 2)
3
(14, 37)
-> Request 3
533
(4, 1, 1)
2
(23, 55)
-> Request 4
729
(4, 1, 1)
1
(6, 66)
-> Request 5
871
(2, 2, 1)
1
(32, 63)
-> Request 6
1216
(4, 3, 1)
2
(46, 46)
-> Request 7
1268
(2, 2, 2)
1
(53, 13)
-> Request 8
1392
(1, 3, 2)
3
(32, 60)
--> Day : 3
-> Request 0
0
(3, 2, 2)
2
(70, 76)
-> Request 1
34
(4, 2, 1)
3
(63, 62)
-> Request 2
213
(4, 1, 2)
1
(31, 5)
-> Request 3
463
(2, 2, 2)
1
(26, 60)
-> Request 4
599
(3, 2, 1)
3
(17, 76)
-> Request 5
619
(1, 2, 2)
1
(36, 20)
-> Request 6
700
(3, 3, 1)
1
(16, 12)
-> Request 7
937
(1, 1, 2)
3
(45, 10)
-> Request 8
1093
(2, 3, 1)
2
(62, 61)
-> Request 9
1227
(1, 2, 2)
3
(55, 26)
-> Request 10
1386
(3, 1, 2)
2
(6, 28)
--> Day : 4
-> Request 0
70
(4, 3, 1)
3
(30, 52)
-> Request 1
163
(3, 3, 1)
2
(1, 27)
-> Request 2
192
(2, 2, 1)
2
(21, 7)
-> Request 3
405
(4, 3, 1)
3
(65, 11)
-> Request 4
491
(2, 1, 2)
3
(12, 14)
-> Request 5
627
(1, 2, 1)
3
(48, 78)
-> Request 6
629
(1, 2, 1)
3
(19, 75)
-> Request 7
635
(4, 1, 2)
1
(9, 13)
-> Request 8
659
(1, 2, 1)
3
(28, 61)
-> Request 9
796
(4, 1, 2)
1
(59, 14)
-> Request 10
989
(3, 2, 1)
3
(34, 10)
-> Request 11
1015
(4, 2, 2)
3
(51, 5)
-> Request 12
1227
(4, 1, 1)
3
(37, 7)
-> Request 13
1229
(2, 2, 1)
3
(62, 70)
-> Request 14
1308
(4, 1, 1)
3
(38, 46)
-> Request 15
1433
(4, 2, 2)
3
(66, 11)
---> Week : 51
--> Day : 0
-> Request 0
16
(1, 3, 2)
3
(11, 54)
-> Request 1
110
(2, 3, 2)
2
(16, 72)
-> Request 2
148
(1, 1, 2)
1
(45, 24)
-> Request 3
167
(4, 1, 1)
2
(70, 73)
-> Request 4
499
(4, 1, 1)
1
(69, 3)
-> Request 5
534
(3, 3, 1)
2
(6, 47)
-> Request 6
603
(4, 2, 2)
3
(12, 33)
-> Request 7
618
(2, 3, 1)
1
(46, 63)
-> Request 8
713
(1, 1, 2)
3
(10, 68)
-> Request 9
749
(2, 2, 1)
2
(66, 17)
-> Request 10
1007
(4, 2, 2)
2
(76, 8)
-> Request 11
1197
(2, 2, 1)
3
(6, 20)
--> Day : 1
-> Request 0
57
(1, 3, 2)
1
(14, 56)
-> Request 1
162
(4, 2, 1)
2
(48, 53)
-> Request 2
244
(3, 2, 2)
3
(6, 6)
-> Request 3
291
(2, 1, 1)
3
(58, 3)
-> Request 4
438
(1, 2, 1)
1
(13, 65)
-> Request 5
695
(1, 1, 1)
1
(77, 3)
-> Request 6
814
(2, 3, 1)
3
(49, 28)
-> Request 7
824
(2, 2, 2)
1
(70, 76)
-> Request 8
842
(3, 1, 1)
2
(45, 27)
-> Request 9
1009
(4, 2, 2)
2
(77, 6)
-> Request 10
1156
(1, 3, 1)
1
(77, 63)
-> Request 11
1338
(4, 3, 2)
2
(64, 7)
-> Request 12
1395
(2, 1, 1)
3
(33, 11)
--> Day : 2
-> Request 0
374
(1, 2, 2)
2
(50, 9)
-> Request 1
453
(4, 2, 2)
3
(4, 34)
-> Request 2
1220
(2, 2, 2)
1
(10, 53)
--> Day : 3
-> Request 0
162
(1, 3, 1)
3
(22, 42)
-> Request 1
185
(2, 1, 1)
2
(56, 38)
-> Request 2
373
(4, 2, 1)
1
(67, 19)
-> Request 3
422
(4, 2, 1)
1
(2, 18)
-> Request 4
733
(4, 3, 2)
1
(25, 39)
-> Request 5
733
(4, 3, 1)
3
(46, 69)
-> Request 6
787
(3, 1, 1)
1
(60, 29)
-> Request 7
787
(1, 3, 1)
2
(21, 5)
-> Request 8
891
(2, 1, 1)
3
(53, 30)
-> Request 9
1041
(4, 2, 2)
2
(3, 69)
--> Day : 4
-> Request 0
5
(2, 3, 1)
3
(55, 4)
-> Request 1
52
(4, 3, 2)
2
(28, 32)
-> Request 2
120
(3, 2, 1)
3
(76, 26)
-> Request 3
164
(1, 2, 1)
2
(18, 78)
-> Request 4
171
(1, 3, 1)
3
(49, 41)
-> Request 5
261
(3, 2, 1)
1
(43, 0)
-> Request 6
284
(3, 3, 2)
2
(29, 56)
-> Request 7
301
(2, 2, 2)
3
(63, 60)
-> Request 8
390
(2, 1, 2)
1
(17, 25)
-> Request 9
405
(1, 3, 2)
1
(54, 55)
-> Request 10
651
(3, 2, 1)
3
(78, 39)
-> Request 11
740
(4, 2, 2)
2
(17, 17)
-> Request 12
1057
(4, 1, 2)
1
(6, 10)
-> Request 13
1077
(2, 3, 2)
3
(8, 69)
-> Request 14
1233
(3, 1, 1)
3
(79, 68)
-> Request 15
1357
(3, 3, 1)
1
(16, 27)
---> Week : 52
--> Day : 0
-> Request 0
78
(2, 2, 1)
3
(18, 14)
-> Request 1
278
(1, 3, 1)
3
(42, 40)
-> Request 2
421
(1, 3, 2)
3
(49, 25)
-> Request 3
428
(2, 2, 2)
2
(3, 44)
-> Request 4
579
(3, 2, 2)
1
(8, 51)
-> Request 5
730
(3, 1, 2)
2
(46, 33)
-> Request 6
852
(4, 2, 2)
1
(23, 7)
-> Request 7
940
(1, 3, 1)
3
(61, 66)
-> Request 8
1058
(1, 3, 1)
2
(8, 52)
-> Request 9
1294
(4, 3, 2)
1
(34, 35)
--> Day : 1
-> Request 0
6
(2, 2, 1)
3
(52, 55)
-> Request 1
177
(3, 1, 1)
1
(17, 65)
-> Request 2
561
(1, 1, 1)
3
(67, 58)
-> Request 3
649
(1, 1, 2)
2
(23, 56)
-> Request 4
659
(1, 2, 2)
1
(38, 23)
-> Request 5
695
(2, 3, 1)
2
(73, 8)
-> Request 6
1034
(2, 1, 1)
3
(4, 12)
-> Request 7
1055
(2, 3, 2)
3
(76, 8)
--> Day : 2
-> Request 0
96
(1, 1, 2)
1
(74, 53)
-> Request 1
526
(4, 3, 2)
3
(58, 39)
-> Request 2
698
(4, 1, 2)
1
(42, 77)
-> Request 3
830
(1, 3, 1)
1
(32, 76)
-> Request 4
905
(3, 2, 2)
2
(21, 51)
-> Request 5
911
(2, 3, 2)
1
(66, 47)
-> Request 6
1105
(3, 2, 1)
2
(19, 52)
-> Request 7
1125
(3, 2, 1)
1
(43, 59)
-> Request 8
1154
(3, 1, 1)
1
(14, 28)
-> Request 9
1317
(3, 3, 2)
3
(23, 23)
-> Request 10
1426
(2, 1, 2)
1
(22, 49)
--> Day : 3
-> Request 0
461
(3, 3, 2)
3
(36, 68)
-> Request 1
847
(3, 3, 1)
2
(67, 65)
-> Request 2
905
(2, 3, 1)
2
(55, 22)
--> Day : 4
-> Request 0
25
(1, 3, 2)
2
(33, 13)
-> Request 1
510
(1, 3, 2)
3
(35, 69)
-> Request 2
846
(4, 2, 2)
1
(23, 48)
-> Request 3
1116
(3, 2, 2)
1
(64, 64)
-> Request 4
1219
(4, 1, 1)
1
(60, 41)
-> Request 5
1284
(4, 1, 2)
2
(44, 57)
-> Request 6
1331
(3, 3, 2)
1
(71, 12)
-> Request 7
1363
(2, 2, 2)
1
(8, 39)
---> Week : 53
--> Day : 0
-> Request 0
35
(3, 2, 1)
2
(75, 37)
-> Request 1
113
(1, 3, 2)
2
(51, 2)
-> Request 2
237
(1, 2, 1)
1
(2, 6)
-> Request 3
379
(1, 2, 2)
1
(20, 66)
-> Request 4
470
(2, 3, 2)
1
(43, 56)
-> Request 5
665
(4, 3, 2)
2
(34, 7)
-> Request 6
978
(3, 3, 2)
1
(22, 55)
-> Request 7
1009
(1, 1, 2)
2
(47, 43)
-> Request 8
1025
(4, 1, 1)
3
(10, 14)
-> Request 9
1178
(1, 1, 2)
3
(20, 75)
-> Request 10
1213
(4, 2, 2)
3
(5, 56)
-> Request 11
1262
(1, 2, 2)
3
(6, 73)
--> Day : 1
-> Request 0
321
(4, 2, 1)
3
(7, 60)
-> Request 1
542
(1, 2, 2)
2
(49, 8)
-> Request 2
643
(4, 1, 2)
1
(7, 36)
-> Request 3
676
(4, 2, 1)
2
(13, 74)
-> Request 4
773
(1, 3, 2)
3
(36, 14)
-> Request 5
782
(2, 3, 2)
2
(71, 9)
-> Request 6
904
(3, 1, 2)
3
(12, 69)
-> Request 7
1050
(2, 1, 2)
1
(17, 34)
-> Request 8
1103
(4, 1, 1)
2
(57, 65)
-> Request 9
1239
(3, 2, 1)
2
(26, 27)
-> Request 10
1396
(3, 3, 1)
1
(60, 42)
-> Request 11
1416
(2, 3, 1)
2
(79, 3)
--> Day : 2
-> Request 0
212
(1, 1, 1)
3
(22, 65)
-> Request 1
427
(2, 2, 1)
2
(25, 35)
-> Request 2
444
(1, 3, 2)
1
(26, 7)
-> Request 3
768
(2, 2, 2)
1
(25, 20)
-> Request 4
867
(1, 3, 1)
1
(33, 79)
-> Request 5
902
(4, 3, 1)
1
(55, 68)
-> Request 6
1024
(1, 1, 1)
3
(58, 68)
-> Request 7
1080
(2, 2, 2)
1
(65, 73)
-> Request 8
1093
(4, 3, 2)
2
(67, 63)
-> Request 9
1098
(2, 1, 1)
2
(2, 78)
-> Request 10
1119
(3, 3, 2)
3
(1, 6)
-> Request 11
1136
(1, 2, 2)
1
(3, 68)
-> Request 12
1256
(3, 3, 2)
3
(45, 15)
-> Request 13
1373
(1, 3, 2)
3
(66, 47)
--> Day : 3
-> Request 0
151
(1, 1, 1)
2
(36, 53)
-> Request 1
248
(1, 1, 2)
3
(15, 56)
-> Request 2
374
(4, 3, 1)
3
(38, 15)
-> Request 3
608
(2, 1, 2)
3
(60, 47)
-> Request 4
946
(1, 1, 2)
2
(10, 61)
-> Request 5
1031
(2, 1, 1)
2
(2, 38)
-> Request 6
1158
(3, 2, 1)
1
(55, 34)
-> Request 7
1248
(1, 3, 1)
3
(75, 46)
--> Day : 4
-> Request 0
34
(1, 2, 2)
3
(7, 35)
-> Request 1
332
(2, 3, 1)
3
(5, 28)
-> Request 2
503
(3, 1, 2)
1
(11, 24)
-> Request 3
511
(3, 3, 1)
1
(20, 47)
-> Request 4
694
(4, 2, 1)
2
(70, 35)
-> Request 5
1143
(1, 1, 1)
1
(55, 51)
-> Request 6
1268
(2, 1, 2)
3
(0, 73)
-> Request 7
1270
(4, 1, 2)
2
(49, 1)
---> Week : 54
--> Day : 0
-> Request 0
36
(1, 1, 1)
1
(59, 23)
-> Request 1
299
(3, 3, 1)
3
(9, 61)
-> Request 2
311
(2, 1, 2)
2
(50, 65)
-> Request 3
622
(2, 3, 2)
3
(47, 7)
-> Request 4
1096
(3, 1, 2)
3
(60, 51)
-> Request 5
1124
(1, 1, 2)
2
(51, 15)
-> Request 6
1193
(2, 3, 1)
3
(31, 7)
-> Request 7
1218
(3, 3, 2)
2
(2, 38)
-> Request 8
1246
(3, 1, 1)
2
(20, 20)
-> Request 9
1286
(3, 3, 1)
1
(11, 26)
-> Request 10
1290
(2, 3, 1)
2
(35, 37)
--> Day : 1
-> Request 0
3
(1, 3, 1)
2
(46, 23)
-> Request 1
142
(2, 2, 1)
1
(6, 52)
-> Request 2
264
(1, 2, 1)
2
(65, 36)
-> Request 3
365
(3, 2, 2)
2
(30, 66)
-> Request 4
384
(4, 1, 2)
3
(10, 31)
-> Request 5
426
(2, 2, 1)
1
(20, 14)
-> Request 6
634
(2, 2, 2)
2
(64, 38)
-> Request 7
668
(2, 2, 1)
2
(20, 49)
-> Request 8
869
(3, 3, 1)
1
(75, 27)
-> Request 9
1133
(1, 2, 1)
1
(79, 71)
-> Request 10
1285
(4, 3, 1)
1
(79, 34)
--> Day : 2
-> Request 0
165
(1, 3, 2)
1
(62, 65)
-> Request 1
179
(1, 1, 2)
1
(47, 33)
-> Request 2
565
(3, 3, 1)
2
(59, 69)
-> Request 3
989
(1, 3, 2)
1
(20, 14)
--> Day : 3
-> Request 0
255
(3, 3, 1)
1
(70, 20)
-> Request 1
289
(3, 2, 2)
1
(26, 37)
-> Request 2
520
(2, 2, 2)
2
(58, 32)
-> Request 3
535
(1, 3, 1)
1
(48, 43)
-> Request 4
588
(1, 2, 1)
2
(48, 33)
-> Request 5
653
(4, 1, 2)
2
(76, 3)
-> Request 6
812
(4, 2, 2)
3
(75, 12)
-> Request 7
1046
(2, 1, 1)
1
(24, 58)
-> Request 8
1129
(2, 2, 1)
1
(9, 42)
-> Request 9
1371
(1, 3, 1)
1
(41, 65)
-> Request 10
1398
(3, 1, 1)
1
(38, 36)
--> Day : 4
-> Request 0
72
(3, 3, 2)
2
(45, 19)
-> Request 1
157
(4, 3, 2)
1
(69, 60)
-> Request 2
522
(3, 3, 1)
1
(35, 44)
-> Request 3
601
(3, 2, 1)
1
(48, 18)
-> Request 4
801
(2, 1, 2)
3
(79, 46)
-> Request 5
950
(4, 2, 2)
3
(49, 16)
-> Request 6
1062
(1, 1, 1)
2
(50, 42)
-> Request 7
1305
(2, 3, 1)
3
(48, 12)
-> Request 8
1365
(1, 2, 2)
1
(47, 29)
---> Week : 55
--> Day : 0
-> Request 0
104
(1, 3, 2)
1
(76, 79)
-> Request 1
122
(3, 2, 2)
3
(32, 64)
-> Request 2
262
(3, 3, 1)
3
(70, 32)
-> Request 3
466
(3, 3, 1)
3
(56, 18)
-> Request 4
497
(4, 2, 2)
3
(12, 9)
-> Request 5
554
(3, 2, 2)
2
(11, 55)
-> Request 6
597
(1, 1, 2)
3
(53, 77)
-> Request 7
705
(4, 2, 1)
2
(63, 25)
-> Request 8
791
(2, 2, 2)
3
(71, 63)
-> Request 9
1127
(3, 1, 2)
1
(71, 40)
--> Day : 1
-> Request 0
244
(4, 3, 1)
1
(51, 23)
-> Request 1
1015
(2, 1, 2)
1
(50, 18)
-> Request 2
1016
(4, 3, 1)
1
(64, 1)
-> Request 3
1367
(4, 2, 1)
1
(2, 51)
-> Request 4
1384
(4, 1, 2)
2
(6, 65)
--> Day : 2
-> Request 0
10
(4, 1, 2)
2
(13, 53)
-> Request 1
523
(4, 2, 2)
1
(8, 5)
-> Request 2
628
(3, 1, 2)
2
(4, 17)
-> Request 3
688
(3, 3, 1)
3
(6, 6)
-> Request 4
921
(1, 3, 1)
1
(72, 43)
--> Day : 3
-> Request 0
174
(2, 3, 2)
2
(39, 12)
-> Request 1
393
(2, 3, 1)
2
(8, 73)
-> Request 2
494
(4, 1, 2)
1
(31, 20)
-> Request 3
631
(1, 3, 1)
2
(70, 41)
-> Request 4
686
(4, 2, 2)
2
(63, 58)
-> Request 5
690
(3, 1, 1)
3
(44, 66)
-> Request 6
745
(4, 3, 2)
2
(29, 52)
-> Request 7
756
(3, 3, 1)
3
(56, 0)
-> Request 8
1153
(2, 2, 2)
2
(15, 10)
-> Request 9
1213
(3, 3, 1)
2
(8, 27)
--> Day : 4
-> Request 0
29
(2, 2, 1)
3
(36, 0)
-> Request 1
30
(1, 3, 1)
2
(59, 76)
-> Request 2
206
(1, 1, 1)
3
(27, 10)
-> Request 3
251
(3, 2, 2)
3
(78, 5)
-> Request 4
395
(4, 3, 2)
1
(66, 71)
-> Request 5
744
(3, 3, 2)
1
(0, 13)
-> Request 6
947
(4, 2, 2)
1
(74, 72)
-> Request 7
1081
(3, 1, 2)
1
(63, 58)
-> Request 8
1130
(4, 1, 1)
1
(6, 18)
-> Request 9
1254
(1, 2, 2)
3
(68, 25)
---> Week : 56
--> Day : 0
-> Request 0
94
(4, 1, 1)
3
(50, 7)
-> Request 1
164
(3, 2, 1)
1
(79, 24)
-> Request 2
255
(3, 3, 1)
1
(54, 58)
-> Request 3
376
(1, 1, 2)
2
(54, 20)
-> Request 4
389
(3, 3, 2)
3
(16, 64)
-> Request 5
550
(2, 3, 1)
1
(66, 57)
-> Request 6
713
(4, 3, 2)
1
(56, 78)
-> Request 7
774
(2, 3, 1)
2
(8, 12)
-> Request 8
857
(2, 2, 2)
1
(36, 64)
-> Request 9
927
(2, 2, 2)
1
(16, 3)
-> Request 10
941
(4, 1, 2)
2
(23, 48)
-> Request 11
1066
(4, 2, 2)
3
(33, 11)
-> Request 12
1074
(2, 2, 2)
1
(77, 27)
-> Request 13
1123
(3, 2, 1)
1
(49, 24)
-> Request 14
1334
(2, 3, 1)
2
(62, 28)
-> Request 15
1410
(1, 2, 1)
1
(12, 58)
--> Day : 1
-> Request 0
52
(4, 3, 2)
1
(4, 2)
-> Request 1
138
(3, 1, 2)
3
(73, 45)
-> Request 2
140
(2, 1, 1)
2
(5, 65)
-> Request 3
226
(1, 1, 1)
1
(34, 16)
-> Request 4
307
(1, 3, 2)
1
(79, 31)
-> Request 5
310
(2, 2, 2)
3
(28, 65)
-> Request 6
382
(4, 1, 2)
1
(0, 15)
-> Request 7
515
(3, 2, 2)
3
(67, 60)
-> Request 8
695
(3, 2, 1)
3
(15, 40)
-> Request 9
725
(4, 1, 1)
2
(4, 42)
-> Request 10
734
(3, 1, 1)
2
(14, 27)
-> Request 11
774
(2, 2, 2)
2
(50, 73)
-> Request 12
784
(3, 1, 1)
2
(74, 27)
-> Request 13
1394
(1, 1, 2)
2
(68, 9)
--> Day : 2
-> Request 0
157
(1, 1, 1)
3
(31, 43)
-> Request 1
344
(2, 2, 2)
1
(3, 23)
-> Request 2
495
(3, 2, 1)
3
(21, 58)
-> Request 3
800
(4, 2, 1)
1
(31, 76)
-> Request 4
1029
(3, 1, 1)
3
(27, 17)
-> Request 5
1217
(2, 3, 2)
1
(43, 9)
-> Request 6
1245
(2, 2, 1)
2
(72, 65)
--> Day : 3
-> Request 0
251
(4, 1, 1)
1
(26, 39)
-> Request 1
398
(4, 3, 2)
2
(59, 66)
-> Request 2
579
(3, 2, 2)
3
(66, 75)
-> Request 3
632
(4, 1, 1)
3
(69, 43)
-> Request 4
1343
(1, 2, 2)
2
(8, 19)
--> Day : 4
-> Request 0
117
(1, 1, 1)
2
(32, 8)
-> Request 1
149
(2, 3, 1)
1
(33, 77)
-> Request 2
285
(3, 2, 2)
3
(30, 19)
-> Request 3
332
(3, 3, 2)
1
(26, 47)
-> Request 4
375
(1, 2, 1)
1
(53, 36)
-> Request 5
515
(1, 3, 2)
1
(60, 33)
-> Request 6
763
(3, 2, 2)
2
(33, 55)
-> Request 7
955
(2, 3, 2)
1
(69, 1)
---> Week : 57
--> Day : 0
-> Request 0
145
(2, 1, 1)
2
(6, 36)
-> Request 1
197
(2, 3, 2)
2
(59, 50)
-> Request 2
205
(4, 2, 1)
2
(33, 25)
-> Request 3
273
(1, 1, 2)
2
(15, 9)
-> Request 4
290
(2, 3, 2)
2
(43, 19)
-> Request 5
389
(4, 3, 1)
1
(20, 39)
-> Request 6
438
(1, 1, 1)
1
(24, 34)
-> Request 7
487
(4, 2, 2)
3
(56, 32)
-> Request 8
553
(1, 2, 1)
2
(45, 70)
-> Request 9
920
(2, 2, 1)
1
(17, 1)
-> Request 10
1003
(2, 3, 2)
2
(9, 6)
-> Request 11
1064
(1, 3, 1)
1
(68, 9)
-> Request 12
1077
(2, 1, 1)
3
(36, 45)
-> Request 13
1155
(1, 2, 1)
3
(50, 50)
-> Request 14
1379
(4, 3, 1)
2
(54, 31)
--> Day : 1
-> Request 0
50
(3, 2, 2)
1
(74, 12)
-> Request 1
447
(2, 3, 1)
1
(18, 73)
-> Request 2
637
(3, 1, 1)
2
(66, 17)
-> Request 3
785
(2, 2, 1)
2
(16, 21)
-> Request 4
965
(1, 3, 2)
2
(68, 61)
-> Request 5
1020
(4, 1, 1)
1
(2, 60)
-> Request 6
1023
(1, 2, 1)
1
(36, 73)
-> Request 7
1125
(4, 1, 2)
2
(34, 1)
--> Day : 2
-> Request 0
292
(1, 1, 2)
2
(10, 21)
-> Request 1
311
(1, 3, 2)
2
(21, 26)
-> Request 2
343
(3, 3, 1)
1
(61, 55)
-> Request 3
357
(3, 2, 1)
2
(77, 48)
-> Request 4
550
(4, 3, 2)
1
(19, 12)
-> Request 5
963
(4, 2, 2)
3
(42, 65)
-> Request 6
1354
(4, 3, 2)
3
(68, 3)
-> Request 7
1387
(2, 1, 2)
1
(50, 79)
--> Day : 3
-> Request 0
54
(2, 3, 1)
3
(52, 30)
-> Request 1
222
(1, 1, 1)
3
(79, 78)
-> Request 2
602
(4, 2, 2)
2
(38, 41)
-> Request 3
811
(3, 1, 2)
2
(22, 59)
-> Request 4
996
(4, 1, 2)
1
(68, 73)
-> Request 5
1083
(1, 2, 1)
1
(79, 42)
-> Request 6
1264
(1, 2, 1)
1
(22, 8)
-> Request 7
1337
(1, 2, 1)
2
(11, 67)
-> Request 8
1415
(3, 1, 1)
1
(23, 76)
--> Day : 4
-> Request 0
117
(1, 1, 2)
1
(2, 21)
-> Request 1
464
(1, 1, 2)
1
(72, 68)
-> Request 2
692
(1, 2, 1)
1
(29, 69)
-> Request 3
708
(4, 1, 2)
3
(33, 66)
-> Request 4
747
(1, 3, 2)
1
(12, 45)
-> Request 5
770
(3, 1, 1)
1
(71, 69)
-> Request 6
1277
(1, 1, 1)
3
(62, 67)
---> Week : 58
--> Day : 0
-> Request 0
415
(3, 3, 2)
1
(1, 21)
-> Request 1
499
(3, 3, 1)
1
(69, 45)
-> Request 2
719
(4, 2, 1)
2
(34, 34)
-> Request 3
745
(4, 3, 1)
2
(1, 74)
-> Request 4
844
(3, 1, 1)
2
(48, 36)
-> Request 5
872
(3, 3, 2)
2
(26, 62)
-> Request 6
980
(1, 2, 1)
2
(57, 50)
-> Request 7
1030
(1, 3, 2)
2
(71, 24)
-> Request 8
1101
(3, 3, 1)
2
(9, 55)
-> Request 9
1178
(3, 3, 1)
2
(34, 17)
--> Day : 1
-> Request 0
126
(3, 2, 2)
3
(22, 34)
-> Request 1
593
(2, 2, 1)
3
(41, 19)
-> Request 2
869
(3, 2, 1)
3
(49, 78)
-> Request 3
1017
(2, 3, 2)
1
(43, 39)
-> Request 4
1058
(4, 2, 1)
2
(48, 5)
-> Request 5
1311
(4, 3, 2)
3
(25, 17)
--> Day : 2
-> Request 0
82
(3, 2, 1)
3
(56, 6)
-> Request 1
188
(1, 3, 2)
2
(14, 9)
-> Request 2
359
(1, 1, 2)
3
(14, 19)
-> Request 3
675
(3, 2, 2)
1
(38, 16)
-> Request 4
706
(2, 3, 1)
1
(29, 42)
-> Request 5
1033
(2, 3, 2)
1
(2, 21)
-> Request 6
1035
(4, 1, 2)
2
(42, 36)
-> Request 7
1075
(4, 2, 1)
2
(65, 5)
-> Request 8
1102
(4, 2, 1)
3
(16, 70)
--> Day : 3
-> Request 0
19
(4, 2, 1)
1
(53, 1)
-> Request 1
70
(2, 2, 2)
2
(68, 72)
-> Request 2
212
(3, 3, 1)
3
(30, 67)
-> Request 3
221
(4, 3, 2)
2
(53, 69)
-> Request 4
222
(3, 2, 1)
3
(6, 46)
-> Request 5
471
(1, 1, 2)
3
(57, 42)
-> Request 6
699
(1, 2, 2)
2
(39, 63)
-> Request 7
858
(1, 2, 2)
2
(3, 37)
-> Request 8
988
(1, 3, 1)
3
(30, 20)
-> Request 9
1071
(3, 1, 1)
1
(21, 54)
-> Request 10
1377
(2, 2, 1)
2
(53, 68)
-> Request 11
1403
(3, 3, 1)
1
(41, 49)
-> Request 12
1418
(4, 3, 1)
1
(55, 24)
--> Day : 4
-> Request 0
35
(2, 1, 1)
3
(42, 33)
-> Request 1
198
(4, 1, 1)
3
(35, 14)
-> Request 2
261
(1, 3, 2)
3
(40, 22)
-> Request 3
262
(2, 3, 2)
1
(38, 69)
-> Request 4
272
(4, 1, 1)
3
(28, 11)
-> Request 5
294
(3, 3, 1)
1
(50, 13)
-> Request 6
599
(4, 2, 1)
1
(73, 61)
-> Request 7
665
(2, 2, 1)
1
(63, 74)
-> Request 8
700
(2, 3, 2)
3
(36, 49)
-> Request 9
935
(2, 2, 2)
1
(68, 68)
-> Request 10
1137
(3, 1, 1)
2
(24, 13)
---> Week : 59
--> Day : 0
-> Request 0
35
(3, 1, 2)
1
(76, 50)
-> Request 1
91
(3, 2, 1)
3
(66, 13)
-> Request 2
110
(4, 2, 2)
3
(21, 4)
-> Request 3
264
(3, 3, 1)
3
(76, 42)
-> Request 4
445
(4, 3, 1)
3
(44, 9)
-> Request 5
700
(1, 1, 1)
3
(19, 29)
-> Request 6
742
(4, 2, 1)
3
(8, 70)
-> Request 7
797
(2, 1, 1)
2
(42, 18)
-> Request 8
861
(3, 1, 2)
3
(27, 21)
-> Request 9
884
(2, 2, 1)
2
(65, 71)
-> Request 10
958
(3, 3, 2)
2
(73, 4)
-> Request 11
1269
(3, 2, 2)
3
(12, 74)
--> Day : 1
-> Request 0
184
(4, 1, 1)
2
(17, 41)
-> Request 1
445
(1, 3, 2)
2
(79, 46)
-> Request 2
608
(1, 2, 2)
1
(70, 68)
-> Request 3
778
(3, 1, 2)
2
(40, 69)
-> Request 4
882
(1, 3, 1)
3
(43, 77)
-> Request 5
972
(3, 2, 2)
2
(74, 41)
-> Request 6
1022
(2, 3, 1)
2
(71, 18)
-> Request 7
1094
(1, 2, 2)
3
(71, 73)
-> Request 8
1159
(3, 3, 1)
2
(20, 41)
-> Request 9
1217
(1, 2, 2)
2
(0, 27)
-> Request 10
1243
(2, 3, 2)
3
(28, 18)
-> Request 11
1414
(3, 3, 2)
3
(28, 55)
--> Day : 2
-> Request 0
73
(2, 3, 1)
1
(2, 21)
-> Request 1
150
(2, 2, 1)
2
(20, 39)
-> Request 2
166
(2, 2, 1)
3
(67, 56)
-> Request 3
200
(4, 2, 2)
3
(20, 5)
-> Request 4
402
(2, 1, 2)
1
(26, 3)
-> Request 5
730
(1, 1, 2)
2
(13, 38)
-> Request 6
1024
(4, 1, 1)
3
(32, 30)
-> Request 7
1114
(3, 3, 2)
1
(51, 42)
-> Request 8
1121
(3, 3, 1)
3
(51, 60)
-> Request 9
1138
(3, 3, 1)
2
(54, 8)
--> Day : 3
-> Request 0
4
(3, 1, 2)
3
(33, 6)
-> Request 1
647
(3, 2, 1)
3
(53, 79)
-> Request 2
812
(1, 3, 2)
1
(33, 45)
-> Request 3
871
(4, 1, 2)
3
(22, 40)
-> Request 4
914
(1, 3, 2)
1
(19, 33)
-> Request 5
1316
(2, 3, 2)
3
(10, 24)
--> Day : 4
-> Request 0
23
(2, 3, 1)
2
(21, 9)
-> Request 1
100
(1, 2, 2)
3
(52, 0)
-> Request 2
342
(4, 1, 2)
2
(54, 55)
-> Request 3
462
(1, 2, 2)
2
(33, 22)
-> Request 4
545
(3, 1, 2)
1
(53, 45)
-> Request 5
692
(3, 1, 2)
3
(47, 40)
-> Request 6
695
(1, 2, 2)
2
(28, 13)
-> Request 7
781
(4, 2, 1)
2
(66, 8)
-> Request 8
828
(2, 1, 1)
3
(67, 45)
-> Request 9
1398
(3, 3, 2)
2
(65, 69)
---> Week : 60
--> Day : 0
-> Request 0
16
(4, 2, 2)
3
(24, 24)
-> Request 1
97
(3, 1, 2)
2
(56, 11)
-> Request 2
173
(4, 1, 2)
1
(51, 48)
-> Request 3
174
(2, 1, 2)
1
(30, 27)
-> Request 4
227
(1, 2, 2)
1
(9, 54)
-> Request 5
396
(1, 3, 1)
3
(9, 63)
-> Request 6
568
(3, 1, 2)
3
(27, 79)
-> Request 7
616
(2, 3, 1)
1
(27, 33)
-> Request 8
642
(2, 1, 2)
1
(46, 68)
-> Request 9
709
(1, 3, 1)
1
(61, 57)
-> Request 10
800
(3, 3, 1)
3
(67, 36)
-> Request 11
880
(2, 2, 2)
2
(24, 51)
--> Day : 1
-> Request 0
385
(1, 2, 1)
2
(34, 42)
-> Request 1
405
(2, 3, 2)
1
(65, 52)
-> Request 2
549
(3, 2, 2)
2
(31, 54)
-> Request 3
1017
(4, 3, 1)
2
(74, 22)
-> Request 4
1081
(2, 3, 1)
3
(8, 24)
-> Request 5
1103
(4, 2, 2)
1
(6, 36)
--> Day : 2
-> Request 0
329
(3, 3, 1)
1
(0, 69)
-> Request 1
476
(1, 2, 2)
2
(39, 26)
-> Request 2
1109
(2, 3, 2)
2
(1, 10)
--> Day : 3
-> Request 0
321
(2, 3, 2)
2
(7, 44)
-> Request 1
557
(4, 3, 2)
1
(54, 53)
-> Request 2
700
(3, 1, 1)
2
(57, 58)
-> Request 3
771
(2, 2, 2)
3
(38, 8)
-> Request 4
886
(3, 2, 1)
1
(27, 35)
-> Request 5
952
(4, 2, 1)
3
(25, 16)
-> Request 6
1066
(1, 3, 1)
1
(24, 33)
-> Request 7
1293
(4, 1, 2)
2
(26, 29)
--> Day : 4
-> Request 0
274
(3, 1, 1)
3
(64, 52)
-> Request 1
305
(1, 3, 1)
2
(21, 12)
-> Request 2
396
(3, 2, 2)
2
(75, 72)
-> Request 3
587
(3, 1, 2)
1
(20, 56)
-> Request 4
1155
(4, 3, 2)
2
(5, 72)
-> Request 5
1305
(3, 3, 2)
1
(73, 19)
---> Week : 61
--> Day : 0
-> Request 0
136
(2, 2, 1)
2
(65, 58)
-> Request 1
152
(1, 2, 1)
2
(43, 71)
-> Request 2
293
(3, 2, 2)
3
(18, 20)
-> Request 3
699
(4, 1, 1)
2
(12, 41)
-> Request 4
717
(2, 2, 2)
3
(2, 35)
-> Request 5
733
(4, 2, 2)
1
(74, 77)
-> Request 6
811
(2, 1, 1)
1
(1, 63)
-> Request 7
844
(4, 3, 1)
2
(43, 18)
-> Request 8
1019
(4, 3, 2)
2
(48, 4)
-> Request 9
1263
(3, 2, 2)
1
(71, 73)
-> Request 10
1322
(1, 2, 2)
3
(24, 25)
--> Day : 1
-> Request 0
272
(1, 3, 2)
2
(9, 42)
-> Request 1
312
(3, 1, 1)
1
(21, 53)
-> Request 2
425
(2, 3, 2)
2
(27, 54)
-> Request 3
571
(3, 2, 2)
1
(18, 24)
-> Request 4
639
(3, 3, 2)
1
(11, 24)
-> Request 5
751
(4, 3, 2)
2
(26, 53)
-> Request 6
814
(3, 3, 1)
1
(35, 16)
-> Request 7
950
(4, 1, 1)
2
(35, 7)
-> Request 8
989
(1, 1, 1)
1
(26, 48)
-> Request 9
997
(2, 3, 2)
1
(8, 59)
--> Day : 2
-> Request 0
357
(2, 2, 1)
3
(35, 70)
-> Request 1
400
(1, 3, 2)
2
(53, 72)
-> Request 2
446
(4, 2, 2)
2
(56, 0)
-> Request 3
446
(2, 3, 1)
1
(37, 66)
-> Request 4
497
(3, 3, 1)
1
(21, 26)
-> Request 5
595
(3, 2, 2)
2
(39, 39)
-> Request 6
635
(4, 3, 1)
3
(32, 4)
-> Request 7
688
(2, 2, 1)
1
(16, 7)
-> Request 8
758
(3, 1, 1)
3
(8, 45)
-> Request 9
851
(2, 2, 2)
1
(58, 19)
-> Request 10
979
(3, 3, 2)
2
(73, 51)
-> Request 11
1037
(1, 3, 1)
2
(62, 78)
-> Request 12
1254
(3, 1, 2)
3
(47, 70)
-> Request 13
1405
(2, 2, 2)
3
(68, 68)
--> Day : 3
-> Request 0
27
(4, 1, 2)
2
(57, 40)
-> Request 1
316
(1, 2, 1)
2
(3, 19)
-> Request 2
673
(2, 2, 2)
2
(78, 72)
-> Request 3
718
(4, 2, 2)
3
(2, 33)
-> Request 4
729
(1, 2, 2)
1
(25, 45)
-> Request 5
951
(1, 1, 2)
1
(49, 47)
-> Request 6
1129
(2, 2, 1)
2
(47, 35)
-> Request 7
1200
(3, 3, 2)
2
(8, 43)
-> Request 8
1230
(1, 3, 1)
1
(72, 22)
-> Request 9
1271
(3, 1, 2)
2
(57, 72)
--> Day : 4
-> Request 0
31
(2, 1, 2)
2
(42, 11)
-> Request 1
114
(4, 3, 1)
3
(1, 8)
-> Request 2
225
(2, 3, 2)
2
(44, 34)
-> Request 3
302
(2, 3, 2)
2
(75, 19)
-> Request 4
426
(3, 2, 2)
2
(48, 32)
-> Request 5
457
(3, 2, 2)
1
(79, 58)
-> Request 6
873
(2, 3, 1)
1
(48, 57)
-> Request 7
1131
(3, 3, 1)
3
(22, 56)
-> Request 8
1275
(1, 3, 1)
3
(11, 14)
---> Week : 62
--> Day : 0
-> Request 0
58
(2, 3, 1)
1
(1, 56)
-> Request 1
741
(1, 1, 1)
2
(1, 72)
-> Request 2
1081
(4, 3, 2)
1
(66, 46)
-> Request 3
1311
(1, 2, 2)
1
(21, 9)
--> Day : 1
-> Request 0
223
(1, 2, 2)
3
(28, 68)
-> Request 1
256
(3, 1, 2)
3
(41, 44)
-> Request 2
347
(2, 2, 1)
1
(55, 48)
-> Request 3
509
(1, 1, 2)
1
(9, 25)
-> Request 4
581
(2, 1, 2)
1
(67, 36)
-> Request 5
590
(4, 1, 2)
2
(30, 30)
-> Request 6
641
(4, 1, 2)
2
(47, 77)
-> Request 7
695
(4, 2, 2)
1
(47, 65)
-> Request 8
739
(1, 2, 2)
3
(10, 31)
-> Request 9
783
(4, 3, 2)
3
(58, 43)
-> Request 10
838
(4, 1, 1)
1
(78, 45)
-> Request 11
843
(1, 3, 1)
3
(9, 75)
-> Request 12
845
(3, 1, 2)
2
(17, 53)
-> Request 13
888
(3, 3, 1)
2
(37, 19)
-> Request 14
940
(2, 1, 2)
1
(2, 76)
-> Request 15
1198
(3, 1, 1)
1
(17, 59)
-> Request 16
1324
(3, 2, 1)
2
(50, 38)
--> Day : 2
-> Request 0
170
(2, 3, 2)
3
(70, 66)
-> Request 1
536
(3, 3, 2)
3
(15, 27)
-> Request 2
702
(1, 3, 1)
2
(34, 28)
-> Request 3
874
(1, 3, 2)
2
(4, 65)
-> Request 4
894
(2, 1, 1)
1
(73, 21)
-> Request 5
1010
(1, 3, 2)
1
(37, 52)
-> Request 6
1279
(4, 1, 1)
3
(29, 77)
--> Day : 3
-> Request 0
174
(4, 1, 2)
1
(26, 48)
-> Request 1
215
(4, 1, 2)
1
(78, 51)
-> Request 2
354
(4, 1, 1)
2
(13, 9)
-> Request 3
446
(2, 3, 1)
1
(18, 57)
-> Request 4
663
(3, 2, 1)
1
(11, 23)
-> Request 5
764
(4, 3, 2)
1
(0, 44)
-> Request 6
805
(1, 3, 1)
1
(53, 9)
-> Request 7
939
(2, 3, 2)
2
(57, 58)
-> Request 8
1099
(2, 1, 2)
3
(13, 19)
-> Request 9
1143
(4, 1, 1)
3
(58, 12)
-> Request 10
1180
(2, 3, 2)
3
(66, 61)
-> Request 11
1324
(2, 1, 1)
1
(3, 78)
-> Request 12
1406
(4, 1, 2)
1
(49, 30)
--> Day : 4
-> Request 0
89
(4, 3, 2)
3
(49, 51)
-> Request 1
302
(3, 3, 1)
1
(25, 2)
-> Request 2
511
(4, 2, 1)
1
(32, 56)
-> Request 3
786
(2, 3, 1)
2
(5, 30)
-> Request 4
866
(4, 2, 2)
3
(8, 59)
-> Request 5
889
(2, 3, 2)
3
(33, 27)
-> Request 6
1001
(2, 1, 1)
1
(32, 22)
-> Request 7
1003
(3, 2, 1)
3
(2, 38)
-> Request 8
1082
(3, 1, 2)
3
(59, 47)
-> Request 9
1152
(1, 3, 1)
3
(32, 63)
---> Week : 63
--> Day : 0
-> Request 0
70
(1, 2, 1)
3
(9, 51)
-> Request 1
599
(3, 3, 2)
1
(63, 12)
-> Request 2
603
(3, 2, 1)
3
(16, 27)
-> Request 3
1176
(3, 2, 2)
3
(8, 66)
-> Request 4
1260
(1, 1, 1)
1
(26, 21)
--> Day : 1
-> Request 0
148
(2, 1, 1)
3
(73, 54)
-> Request 1
974
(3, 2, 2)
1
(63, 11)
--> Day : 2
-> Request 0
139
(2, 1, 1)
1
(26, 8)
-> Request 1
253
(3, 1, 1)
2
(23, 33)
-> Request 2
465
(1, 3, 1)
2
(69, 51)
-> Request 3
538
(2, 1, 1)
3
(29, 77)
-> Request 4
579
(2, 1, 2)
1
(5, 78)
-> Request 5
617
(3, 1, 2)
2
(32, 27)
-> Request 6
662
(3, 2, 2)
2
(60, 15)
-> Request 7
708
(3, 3, 1)
1
(3, 41)
-> Request 8
775
(3, 2, 1)
3
(48, 34)
-> Request 9
893
(1, 2, 1)
1
(12, 4)
-> Request 10
1106
(3, 3, 1)
3
(71, 49)
-> Request 11
1261
(1, 3, 2)
3
(74, 11)
--> Day : 3
-> Request 0
125
(3, 1, 2)
1
(12, 53)
-> Request 1
211
(4, 3, 1)
3
(12, 68)
-> Request 2
421
(3, 1, 1)
3
(19, 73)
-> Request 3
472
(3, 2, 2)
3
(63, 14)
-> Request 4
528
(4, 1, 1)
1
(38, 47)
-> Request 5
546
(4, 3, 1)
1
(38, 38)
-> Request 6
613
(3, 3, 1)
3
(51, 8)
-> Request 7
768
(4, 1, 2)
3
(16, 10)
-> Request 8
1105
(3, 2, 2)
3
(73, 66)
-> Request 9
1325
(1, 3, 2)
1
(52, 59)
--> Day : 4
-> Request 0
50
(4, 2, 1)
1
(65, 12)
-> Request 1
344
(1, 1, 1)
2
(77, 67)
-> Request 2
458
(1, 2, 1)
2
(77, 10)
-> Request 3
932
(3, 2, 2)
2
(41, 50)
-> Request 4
1099
(3, 2, 2)
3
(55, 40)
-> Request 5
1112
(4, 3, 1)
2
(76, 40)
-> Request 6
1196
(2, 3, 1)
2
(25, 14)
-> Request 7
1247
(4, 3, 2)
1
(60, 49)
-> Request 8
1438
(3, 3, 1)
2
(55, 17)
---> Week : 64
--> Day : 0
-> Request 0
27
(3, 3, 1)
3
(47, 79)
-> Request 1
218
(4, 3, 2)
1
(36, 39)
-> Request 2
312
(1, 2, 2)
1
(73, 60)
-> Request 3
483
(1, 2, 1)
2
(50, 44)
-> Request 4
541
(2, 1, 1)
3
(41, 48)
-> Request 5
1143
(3, 1, 1)
1
(79, 72)
-> Request 6
1354
(3, 3, 1)
1
(37, 64)
-> Request 7
1416
(1, 3, 2)
3
(39, 6)
-> Request 8
1416
(4, 3, 2)
2
(46, 18)
--> Day : 1
-> Request 0
254
(4, 3, 1)
2
(39, 55)
-> Request 1
285
(1, 3, 2)
2
(31, 2)
-> Request 2
356
(2, 3, 1)
1
(56, 29)
-> Request 3
448
(2, 2, 2)
3
(10, 76)
-> Request 4
574
(4, 3, 1)
1
(59, 40)
-> Request 5
751
(4, 1, 1)
1
(20, 64)
-> Request 6
993
(4, 2, 1)
3
(69, 70)
-> Request 7
1146
(2, 2, 1)
2
(79, 25)
-> Request 8
1174
(4, 1, 2)
2
(6, 65)
-> Request 9
1278
(2, 3, 1)
2
(51, 33)
-> Request 10
1317
(4, 2, 2)
3
(47, 13)
--> Day : 2
-> Request 0
120
(3, 2, 2)
1
(0, 71)
-> Request 1
510
(2, 2, 1)
1
(14, 19)
-> Request 2
702
(4, 1, 1)
2
(66, 8)
-> Request 3
855
(4, 3, 2)
3
(49, 46)
--> Day : 3
-> Request 0
163
(3, 1, 2)
2
(73, 56)
-> Request 1
274
(2, 3, 1)
2
(19, 62)
-> Request 2
484
(2, 2, 1)
3
(41, 43)
-> Request 3
590
(4, 3, 2)
2
(55, 33)
-> Request 4
681
(2, 3, 1)
1
(37, 42)
-> Request 5
986
(1, 1, 1)
2
(70, 23)
--> Day : 4
-> Request 0
141
(1, 3, 2)
3
(43, 6)
-> Request 1
169
(3, 2, 1)
2
(16, 31)
-> Request 2
283
(3, 1, 1)
2
(4, 60)
-> Request 3
380
(4, 2, 1)
2
(59, 5)
-> Request 4
455
(2, 3, 2)
1
(20, 31)
-> Request 5
780
(3, 1, 2)
3
(68, 57)
-> Request 6
855
(3, 3, 2)
1
(77, 0)
-> Request 7
919
(3, 1, 1)
3
(2, 26)
-> Request 8
1332
(2, 3, 1)
3
(63, 25)
-> Request 9
1363
(1, 2, 1)
1
(33, 17)
---> Week : 65
--> Day : 0
-> Request 0
210
(1, 1, 1)
2
(76, 61)
-> Request 1
282
(2, 2, 2)
2
(67, 76)
-> Request 2
414
(4, 3, 1)
3
(41, 46)
-> Request 3
417
(2, 2, 2)
3
(1, 56)
-> Request 4
480
(3, 3, 1)
3
(24, 78)
-> Request 5
853
(4, 2, 2)
1
(78, 1)
-> Request 6
896
(3, 3, 1)
1
(58, 51)
-> Request 7
954
(1, 1, 2)
3
(11, 13)
-> Request 8
1026
(2, 2, 2)
1
(1, 21)
-> Request 9
1111
(3, 2, 2)
3
(70, 46)
-> Request 10
1210
(1, 2, 1)
3
(1, 58)
-> Request 11
1309
(1, 3, 2)
1
(42, 69)
-> Request 12
1312
(3, 3, 1)
2
(74, 19)
--> Day : 1
-> Request 0
153
(4, 3, 1)
3
(63, 53)
-> Request 1
185
(1, 2, 2)
1
(45, 34)
-> Request 2
230
(1, 3, 1)
3
(78, 44)
-> Request 3
588
(1, 2, 2)
1
(41, 61)
-> Request 4
813
(1, 2, 2)
2
(54, 38)
-> Request 5
972
(3, 2, 1)
2
(39, 43)
-> Request 6
999
(3, 3, 1)
3
(50, 26)
-> Request 7
1396
(1, 3, 2)
2
(69, 6)
--> Day : 2
-> Request 0
235
(3, 1, 1)
2
(13, 10)
-> Request 1
242
(1, 1, 2)
2
(66, 23)
-> Request 2
639
(1, 3, 1)
2
(76, 56)
-> Request 3
816
(1, 2, 1)
2
(78, 23)
-> Request 4
931
(4, 2, 2)
2
(39, 60)
-> Request 5
961
(4, 3, 2)
2
(47, 12)
-> Request 6
962
(3, 1, 2)
2
(11, 24)
-> Request 7
1015
(1, 1, 1)
1
(38, 57)
-> Request 8
1055
(1, 2, 2)
2
(57, 51)
-> Request 9
1377
(2, 2, 1)
1
(76, 3)
--> Day : 3
-> Request 0
87
(3, 3, 1)
1
(56, 44)
-> Request 1
138
(4, 2, 1)
3
(54, 77)
-> Request 2
201
(2, 2, 2)
2
(43, 49)
-> Request 3
328
(2, 3, 2)
3
(37, 8)
-> Request 4
448
(4, 1, 1)
3
(17, 39)
-> Request 5
485
(2, 3, 2)
1
(49, 74)
-> Request 6
560
(1, 3, 2)
2
(22, 34)
-> Request 7
613
(4, 2, 2)
3
(11, 64)
-> Request 8
692
(4, 1, 1)
1
(63, 57)
-> Request 9
1034
(3, 3, 2)
1
(69, 3)
-> Request 10
1079
(3, 3, 2)
3
(21, 34)
-> Request 11
1204
(3, 1, 2)
1
(75, 56)
-> Request 12
1277
(1, 2, 2)
1
(8, 43)
-> Request 13
1439
(3, 3, 1)
2
(55, 59)
--> Day : 4
-> Request 0
53
(1, 3, 2)
2
(73, 17)
-> Request 1
277
(4, 1, 1)
1
(29, 30)
-> Request 2
449
(3, 2, 1)
3
(46, 74)
-> Request 3
921
(4, 3, 2)
2
(15, 62)
-> Request 4
1049
(1, 2, 1)
1
(47, 5)
-> Request 5
1277
(3, 1, 1)
1
(29, 59)
-> Request 6
1350
(3, 3, 2)
3
(3, 2)
---> Week : 66
--> Day : 0
-> Request 0
109
(3, 2, 2)
1
(64, 32)
-> Request 1
153
(2, 3, 2)
2
(24, 28)
-> Request 2
208
(3, 2, 2)
1
(46, 30)
-> Request 3
336
(3, 2, 2)
2
(34, 60)
-> Request 4
681
(2, 2, 1)
1
(43, 59)
-> Request 5
733
(4, 1, 2)
3
(48, 36)
-> Request 6
747
(4, 3, 2)
3
(59, 28)
-> Request 7
873
(4, 1, 2)
1
(56, 23)
-> Request 8
948
(1, 1, 2)
2
(1, 21)
-> Request 9
1124
(2, 1, 2)
3
(53, 64)
-> Request 10
1423
(2, 2, 1)
1
(72, 53)
--> Day : 1
-> Request 0
321
(1, 2, 1)
1
(30, 25)
-> Request 1
353
(1, 3, 2)
2
(36, 52)
-> Request 2
698
(4, 2, 1)
3
(73, 72)
-> Request 3
1043
(2, 3, 1)
1
(36, 42)
-> Request 4
1372
(1, 1, 1)
1
(33, 69)
--> Day : 2
-> Request 0
30
(4, 1, 2)
1
(48, 61)
-> Request 1
284
(2, 3, 1)
3
(61, 63)
-> Request 2
372
(2, 3, 1)
3
(17, 51)
-> Request 3
477
(3, 3, 2)
3
(4, 41)
-> Request 4
514
(1, 2, 1)
2
(4, 51)
-> Request 5
572
(1, 2, 2)
3
(40, 73)
-> Request 6
698
(4, 3, 2)
3
(35, 54)
-> Request 7
742
(2, 2, 1)
2
(26, 4)
-> Request 8
753
(4, 3, 1)
2
(75, 47)
-> Request 9
757
(4, 1, 2)
1
(42, 58)
-> Request 10
824
(4, 2, 2)
2
(65, 32)
-> Request 11
829
(4, 1, 1)
2
(30, 0)
-> Request 12
1305
(4, 2, 1)
2
(4, 46)
--> Day : 3
-> Request 0
494
(1, 2, 2)
1
(48, 43)
-> Request 1
905
(4, 1, 1)
3
(71, 66)
-> Request 2
1174
(1, 2, 2)
3
(10, 28)
-> Request 3
1216
(3, 3, 2)
3
(12, 47)
-> Request 4
1333
(1, 2, 1)
1
(62, 47)
-> Request 5
1361
(1, 3, 1)
2
(4, 3)
-> Request 6
1382
(2, 1, 1)
2
(47, 20)
--> Day : 4
-> Request 0
1
(3, 3, 1)
2
(19, 68)
-> Request 1
23
(3, 2, 2)
1
(16, 13)
-> Request 2
45
(3, 1, 1)
2
(35, 37)
-> Request 3
276
(1, 3, 2)
3
(12, 14)
-> Request 4
726
(4, 1, 1)
1
(5, 22)
-> Request 5
734
(3, 2, 1)
2
(30, 78)
-> Request 6
842
(4, 1, 2)
2
(32, 7)
-> Request 7
876
(3, 3, 1)
3
(75, 6)
-> Request 8
1222
(3, 3, 1)
2
(52, 78)
-> Request 9
1318
(1, 1, 1)
3
(48, 34)
---> Week : 67
--> Day : 0
-> Request 0
95
(1, 1, 1)
2
(78, 25)
-> Request 1
140
(3, 2, 2)
2
(45, 19)
-> Request 2
476
(4, 3, 1)
1
(59, 6)
-> Request 3
499
(3, 2, 2)
1
(22, 24)
-> Request 4
715
(1, 1, 2)
2
(70, 22)
-> Request 5
722
(2, 3, 1)
2
(55, 70)
-> Request 6
975
(4, 3, 2)
3
(31, 33)
-> Request 7
1104
(2, 3, 1)
2
(8, 73)
-> Request 8
1250
(2, 1, 2)
3
(24, 56)
-> Request 9
1271
(3, 2, 1)
3
(23, 53)
-> Request 10
1393
(3, 2, 1)
1
(18, 67)
--> Day : 1
-> Request 0
180
(2, 2, 2)
1
(76, 16)
-> Request 1
285
(2, 3, 1)
2
(23, 31)
-> Request 2
519
(2, 3, 1)
2
(51, 21)
-> Request 3
528
(4, 1, 1)
2
(2, 77)
-> Request 4
654
(1, 2, 2)
2
(45, 65)
-> Request 5
668
(4, 2, 2)
1
(45, 75)
-> Request 6
1038
(2, 1, 1)
3
(68, 51)
-> Request 7
1055
(4, 2, 1)
2
(2, 69)
-> Request 8
1099
(4, 2, 1)
2
(18, 19)
-> Request 9
1148
(2, 2, 2)
2
(1, 33)
-> Request 10
1164
(3, 1, 2)
1
(61, 15)
-> Request 11
1282
(3, 3, 2)
2
(53, 5)
-> Request 12
1395
(1, 2, 1)
1
(36, 40)
--> Day : 2
-> Request 0
71
(4, 1, 1)
2
(58, 24)
-> Request 1
76
(2, 1, 1)
1
(23, 29)
-> Request 2
282
(4, 1, 2)
3
(9, 36)
-> Request 3
451
(1, 2, 2)
1
(34, 69)
-> Request 4
505
(1, 2, 2)
3
(7, 41)
-> Request 5
604
(4, 3, 2)
2
(25, 8)
-> Request 6
777
(1, 1, 1)
1
(52, 29)
-> Request 7
974
(3, 1, 2)
1
(58, 35)
-> Request 8
975
(1, 2, 1)
3
(61, 79)
-> Request 9
1081
(4, 2, 2)
3
(37, 63)
-> Request 10
1096
(4, 2, 1)
2
(35, 30)
-> Request 11
1151
(2, 1, 2)
3
(72, 5)
-> Request 12
1287
(4, 2, 1)
3
(62, 26)
-> Request 13
1323
(4, 2, 1)
2
(53, 6)
--> Day : 3
-> Request 0
62
(1, 1, 1)
3
(39, 21)
-> Request 1
67
(4, 2, 2)
2
(57, 63)
-> Request 2
552
(1, 2, 2)
2
(67, 44)
-> Request 3
826
(2, 2, 2)
3
(12, 76)
-> Request 4
847
(2, 3, 1)
2
(26, 15)
-> Request 5
860
(4, 2, 2)
2
(15, 49)
-> Request 6
1019
(2, 3, 2)
3
(59, 77)
-> Request 7
1086
(3, 2, 2)
3
(9, 39)
-> Request 8
1187
(2, 2, 2)
2
(3, 62)
-> Request 9
1404
(3, 3, 2)
1
(22, 60)
--> Day : 4
-> Request 0
0
(4, 2, 2)
1
(76, 75)
-> Request 1
65
(1, 1, 2)
2
(65, 7)
-> Request 2
123
(1, 3, 2)
3
(9, 51)
-> Request 3
612
(3, 2, 1)
3
(41, 37)
-> Request 4
747
(4, 3, 1)
1
(38, 37)
-> Request 5
964
(1, 2, 1)
1
(9, 41)
-> Request 6
978
(2, 3, 1)
3
(49, 35)
---> Week : 68
--> Day : 0
-> Request 0
116
(3, 1, 2)
3
(38, 30)
-> Request 1
125
(3, 2, 2)
2
(18, 53)
-> Request 2
176
(1, 1, 1)
1
(48, 46)
-> Request 3
231
(2, 2, 1)
1
(1, 76)
-> Request 4
944
(3, 1, 1)
2
(3, 9)
-> Request 5
959
(3, 3, 1)
2
(63, 10)
-> Request 6
1218
(4, 3, 1)
2
(52, 26)
-> Request 7
1304
(2, 2, 1)
1
(29, 40)
-> Request 8
1416
(2, 3, 2)
2
(57, 53)
-> Request 9
1420
(3, 2, 1)
3
(5, 13)
--> Day : 1
-> Request 0
89
(3, 1, 1)
3
(40, 33)
-> Request 1
201
(3, 2, 1)
3
(8, 13)
-> Request 2
485
(2, 3, 2)
1
(72, 10)
-> Request 3
605
(2, 3, 2)
2
(19, 48)
-> Request 4
1179
(1, 1, 2)
2
(58, 73)
-> Request 5
1287
(1, 2, 1)
1
(78, 75)
--> Day : 2
-> Request 0
218
(3, 2, 1)
3
(66, 79)
-> Request 1
507
(1, 1, 1)
1
(17, 44)
-> Request 2
636
(3, 3, 1)
2
(17, 37)
-> Request 3
640
(4, 3, 2)
1
(72, 50)
-> Request 4
711
(3, 2, 2)
1
(17, 32)
-> Request 5
1032
(2, 1, 1)
3
(30, 67)
-> Request 6
1037
(2, 1, 1)
3
(8, 17)
-> Request 7
1260
(4, 1, 1)
3
(23, 31)
-> Request 8
1381
(4, 1, 2)
3
(34, 41)
--> Day : 3
-> Request 0
3
(2, 1, 1)
1
(43, 48)
-> Request 1
116
(1, 1, 1)
3
(25, 78)
-> Request 2
406
(3, 3, 2)
2
(4, 68)
-> Request 3
709
(3, 3, 1)
3
(62, 24)
-> Request 4
714
(3, 1, 1)
2
(66, 71)
-> Request 5
784
(3, 2, 2)
3
(62, 42)
-> Request 6
801
(1, 2, 1)
3
(66, 24)
-> Request 7
817
(4, 3, 1)
2
(56, 31)
-> Request 8
869
(3, 3, 1)
3
(64, 17)
-> Request 9
966
(3, 2, 1)
3
(60, 15)
-> Request 10
1105
(3, 2, 1)
2
(44, 21)
-> Request 11
1362
(4, 2, 2)
1
(49, 3)
-> Request 12
1409
(4, 2, 2)
2
(50, 52)
--> Day : 4
-> Request 0
1
(2, 2, 1)
3
(20, 8)
-> Request 1
15
(4, 2, 2)
3
(75, 16)
-> Request 2
103
(4, 2, 2)
1
(50, 21)
-> Request 3
286
(4, 1, 1)
2
(53, 65)
-> Request 4
287
(1, 3, 2)
1
(46, 19)
-> Request 5
332
(2, 1, 2)
2
(49, 18)
-> Request 6
584
(4, 1, 1)
2
(9, 22)
-> Request 7
740
(1, 2, 1)
2
(55, 56)
-> Request 8
961
(3, 1, 1)
2
(71, 55)
-> Request 9
998
(1, 2, 2)
1
(55, 40)
-> Request 10
1120
(2, 2, 2)
2
(21, 9)
-> Request 11
1273
(2, 3, 2)
1
(43, 51)
-> Request 12
1380
(1, 1, 1)
1
(63, 71)
---> Week : 69
--> Day : 0
-> Request 0
17
(1, 1, 2)
3
(70, 63)
-> Request 1
71
(3, 2, 2)
2
(77, 74)
-> Request 2
167
(4, 2, 1)
3
(17, 66)
-> Request 3
236
(2, 1, 2)
1
(38, 46)
-> Request 4
637
(3, 2, 2)
3
(43, 71)
-> Request 5
821
(2, 1, 2)
1
(50, 77)
-> Request 6
900
(2, 2, 2)
2
(15, 74)
-> Request 7
923
(4, 2, 1)
2
(26, 55)
-> Request 8
1152
(2, 2, 1)
3
(0, 18)
--> Day : 1
-> Request 0
51
(2, 3, 2)
1
(10, 34)
-> Request 1
96
(3, 3, 1)
3
(60, 56)
-> Request 2
189
(1, 3, 2)
2
(30, 34)
-> Request 3
494
(3, 2, 1)
1
(39, 51)
-> Request 4
1163
(1, 2, 1)
1
(42, 19)
-> Request 5
1226
(3, 3, 1)
2
(77, 46)
-> Request 6
1239
(1, 3, 2)
1
(25, 54)
-> Request 7
1355
(4, 3, 2)
3
(78, 67)
-> Request 8
1364
(1, 2, 1)
1
(38, 29)
--> Day : 2
-> Request 0
206
(4, 3, 1)
2
(47, 67)
-> Request 1
293
(4, 2, 1)
3
(60, 10)
-> Request 2
360
(1, 2, 1)
1
(61, 74)
-> Request 3
390
(1, 2, 1)
1
(35, 41)
-> Request 4
424
(2, 2, 2)
2
(46, 19)
-> Request 5
928
(4, 1, 1)
3
(70, 13)
-> Request 6
987
(3, 1, 1)
3
(43, 56)
-> Request 7
1139
(3, 2, 1)
1
(24, 8)
--> Day : 3
-> Request 0
161
(4, 2, 1)
3
(59, 12)
-> Request 1
189
(1, 3, 2)
1
(43, 63)
-> Request 2
324
(3, 2, 1)
2
(12, 21)
-> Request 3
444
(2, 3, 2)
2
(43, 77)
-> Request 4
854
(3, 3, 1)
2
(38, 24)
-> Request 5
1093
(1, 1, 2)
3
(24, 22)
-> Request 6
1123
(1, 3, 2)
3
(18, 16)
-> Request 7
1211
(1, 1, 1)
3
(29, 48)
-> Request 8
1225
(3, 2, 2)
1
(7, 24)
-> Request 9
1295
(2, 3, 1)
2
(68, 6)
-> Request 10
1301
(2, 2, 2)
3
(23, 21)
-> Request 11
1355
(2, 2, 2)
1
(77, 78)
--> Day : 4
-> Request 0
8
(2, 2, 1)
1
(69, 24)
-> Request 1
202
(4, 3, 2)
1
(31, 13)
-> Request 2
372
(4, 2, 1)
1
(49, 39)
-> Request 3
494
(1, 3, 2)
1
(68, 9)
-> Request 4
524
(4, 3, 2)
3
(68, 60)
-> Request 5
646
(4, 1, 2)
2
(30, 47)
-> Request 6
832
(2, 1, 1)
3
(27, 0)
-> Request 7
873
(3, 2, 2)
2
(6, 12)
-> Request 8
881
(4, 1, 1)
2
(35, 24)
-> Request 9
887
(3, 1, 1)
1
(12, 60)
-> Request 10
995
(3, 1, 2)
2
(50, 47)
-> Request 11
1136
(4, 3, 2)
2
(75, 62)
-> Request 12
1280
(1, 2, 1)
3
(35, 69)
-> Request 13
1343
(4, 1, 2)
1
(6, 10)
---> Week : 70
--> Day : 0
-> Request 0
89
(3, 1, 2)
1
(33, 72)
-> Request 1
483
(2, 1, 1)
3
(15, 34)
-> Request 2
507
(2, 2, 1)
3
(49, 79)
-> Request 3
516
(3, 1, 2)
1
(1, 51)
-> Request 4
1214
(3, 1, 2)
1
(39, 34)
-> Request 5
1313
(3, 1, 2)
3
(74, 69)
--> Day : 1
-> Request 0
305
(1, 2, 2)
1
(58, 52)
-> Request 1
340
(3, 1, 2)
1
(41, 14)
-> Request 2
349
(4, 3, 2)
1
(53, 57)
-> Request 3
367
(4, 3, 1)
1
(12, 19)
-> Request 4
605
(1, 3, 2)
3
(75, 1)
-> Request 5
979
(4, 2, 1)
1
(15, 59)
-> Request 6
1066
(4, 1, 2)
2
(58, 7)
-> Request 7
1140
(1, 2, 2)
2
(23, 72)
-> Request 8
1251
(2, 3, 2)
3
(79, 22)
-> Request 9
1265
(1, 3, 2)
2
(73, 23)
-> Request 10
1324
(4, 1, 2)
3
(29, 60)
-> Request 11
1367
(1, 1, 1)
2
(68, 18)
--> Day : 2
-> Request 0
269
(2, 3, 1)
3
(51, 48)
-> Request 1
748
(1, 2, 2)
2
(35, 39)
-> Request 2
874
(2, 3, 1)
2
(41, 27)
--> Day : 3
-> Request 0
5
(4, 3, 2)
2
(46, 41)
-> Request 1
17
(1, 3, 2)
1
(2, 70)
-> Request 2
38
(3, 1, 2)
3
(73, 54)
-> Request 3
381
(4, 1, 2)
2
(55, 6)
-> Request 4
455
(2, 2, 2)
1
(40, 27)
-> Request 5
570
(3, 1, 2)
1
(62, 28)
-> Request 6
927
(4, 3, 2)
1
(52, 22)
-> Request 7
996
(3, 1, 2)
3
(5, 34)
-> Request 8
1367
(2, 2, 2)
1
(60, 46)
-> Request 9
1387
(2, 2, 2)
3
(11, 79)
--> Day : 4
-> Request 0
131
(1, 1, 2)
2
(51, 79)
-> Request 1
272
(4, 1, 1)
2
(69, 1)
-> Request 2
301
(4, 3, 2)
1
(71, 71)
-> Request 3
383
(4, 3, 2)
3
(42, 73)
-> Request 4
668
(1, 3, 1)
1
(11, 53)
-> Request 5
817
(4, 3, 1)
2
(77, 43)
-> Request 6
943
(4, 3, 1)
3
(39, 15)
-> Request 7
1084
(3, 2, 1)
1
(43, 43)
-> Request 8
1179
(4, 2, 2)
1
(32, 8)
---> Week : 71
--> Day : 0
-> Request 0
218
(1, 2, 2)
1
(16, 31)
-> Request 1
278
(2, 1, 2)
2
(75, 37)
-> Request 2
381
(1, 3, 1)
2
(65, 67)
-> Request 3
706
(2, 2, 1)
3
(3, 64)
-> Request 4
1068
(1, 3, 2)
1
(4, 15)
-> Request 5
1337
(1, 1, 1)
2
(44, 39)
-> Request 6
1340
(2, 1, 2)
3
(25, 79)
-> Request 7
1356
(3, 2, 2)
1
(20, 7)
--> Day : 1
-> Request 0
9
(3, 1, 2)
3
(39, 31)
-> Request 1
279
(2, 3, 2)
3
(78, 28)
-> Request 2
360
(4, 2, 2)
2
(36, 52)
-> Request 3
571
(2, 1, 2)
3
(26, 78)
-> Request 4
825
(3, 1, 2)
3
(57, 4)
-> Request 5
936
(1, 1, 2)
1
(47, 6)
-> Request 6
1159
(3, 1, 2)
2
(57, 23)
-> Request 7
1194
(2, 2, 2)
2
(54, 78)
-> Request 8
1208
(1, 1, 2)
2
(74, 9)
-> Request 9
1253
(2, 2, 1)
3
(41, 15)
-> Request 10
1316
(2, 2, 1)
1
(75, 57)
--> Day : 2
-> Request 0
75
(4, 2, 1)
3
(9, 64)
-> Request 1
84
(4, 2, 2)
3
(12, 55)
-> Request 2
235
(1, 1, 1)
2
(28, 15)
-> Request 3
264
(1, 3, 1)
3
(11, 20)
-> Request 4
728
(1, 3, 2)
2
(6, 50)
-> Request 5
964
(1, 2, 1)
1
(71, 30)
-> Request 6
1050
(1, 3, 2)
3
(47, 35)
-> Request 7
1345
(3, 2, 1)
3
(67, 56)
-> Request 8
1369
(1, 3, 1)
3
(57, 39)
-> Request 9
1430
(4, 3, 2)
1
(49, 7)
--> Day : 3
-> Request 0
38
(4, 3, 2)
1
(25, 15)
-> Request 1
341
(3, 3, 2)
3
(74, 33)
-> Request 2
629
(2, 3, 2)
2
(17, 58)
-> Request 3
746
(3, 3, 1)
2
(51, 78)
-> Request 4
785
(4, 3, 2)
3
(55, 52)
-> Request 5
880
(2, 2, 2)
3
(63, 22)
-> Request 6
939
(4, 2, 1)
3
(2, 30)
-> Request 7
1171
(2, 3, 2)
2
(25, 10)
--> Day : 4
-> Request 0
18
(3, 1, 1)
2
(12, 48)
-> Request 1
178
(2, 3, 2)
3
(0, 3)
-> Request 2
299
(2, 1, 2)
1
(36, 23)
-> Request 3
664
(3, 1, 2)
1
(59, 55)
-> Request 4
832
(2, 1, 1)
1
(47, 58)
-> Request 5
1026
(3, 2, 1)
1
(63, 23)
-> Request 6
1112
(2, 1, 2)
3
(33, 20)
-> Request 7
1131
(2, 2, 1)
2
(51, 24)
-> Request 8
1161
(2, 1, 1)
2
(62, 67)
-> Request 9
1283
(4, 2, 1)
1
(64, 24)
-> Request 10
1326
(2, 2, 1)
1
(76, 62)
-> Request 11
1331
(2, 3, 2)
2
(72, 69)
-> Request 12
1428
(1, 2, 2)
2
(49, 5)
---> Week : 72
--> Day : 0
-> Request 0
321
(2, 2, 1)
1
(48, 52)
-> Request 1
345
(4, 1, 1)
2
(67, 4)
-> Request 2
482
(4, 2, 1)
1
(46, 74)
-> Request 3
540
(3, 1, 2)
1
(76, 28)
-> Request 4
771
(3, 1, 2)
3
(17, 44)
-> Request 5
823
(1, 3, 1)
1
(8, 71)
-> Request 6
967
(3, 2, 2)
1
(62, 52)
-> Request 7
1070
(3, 1, 2)
3
(23, 8)
-> Request 8
1126
(3, 1, 1)
3
(8, 66)
-> Request 9
1290
(1, 1, 1)
2
(76, 48)
--> Day : 1
-> Request 0
89
(2, 3, 1)
1
(65, 49)
-> Request 1
195
(2, 2, 1)
3
(29, 76)
-> Request 2
237
(4, 1, 2)
1
(78, 51)
-> Request 3
237
(3, 1, 1)
1
(2, 50)
-> Request 4
817
(1, 3, 2)
2
(17, 40)
-> Request 5
844
(1, 1, 1)
2
(26, 1)
-> Request 6
876
(1, 2, 1)
2
(64, 55)
-> Request 7
1134
(1, 2, 2)
3
(17, 4)
-> Request 8
1219
(3, 2, 2)
3
(0, 54)
--> Day : 2
-> Request 0
28
(3, 3, 2)
3
(17, 78)
-> Request 1
279
(3, 2, 1)
3
(61, 61)
-> Request 2
698
(4, 2, 2)
1
(53, 67)
-> Request 3
740
(4, 1, 2)
1
(73, 37)
-> Request 4
744
(1, 2, 2)
1
(77, 56)
-> Request 5
748
(3, 2, 2)
3
(70, 6)
-> Request 6
861
(1, 3, 1)
2
(46, 12)
-> Request 7
938
(1, 1, 1)
3
(13, 72)
-> Request 8
1105
(3, 3, 1)
3
(52, 78)
-> Request 9
1113
(2, 1, 2)
1
(77, 19)
-> Request 10
1301
(2, 3, 1)
1
(24, 44)
-> Request 11
1348
(4, 3, 1)
1
(60, 27)
--> Day : 3
-> Request 0
54
(4, 1, 2)
3
(0, 42)
-> Request 1
999
(2, 3, 2)
2
(32, 26)
-> Request 2
1081
(2, 1, 2)
1
(45, 18)
-> Request 3
1148
(2, 1, 2)
1
(63, 58)
-> Request 4
1153
(3, 2, 1)
3
(31, 46)
-> Request 5
1226
(2, 2, 2)
3
(10, 56)
-> Request 6
1280
(2, 2, 2)
2
(11, 31)
-> Request 7
1358
(3, 2, 1)
3
(32, 38)
--> Day : 4
-> Request 0
28
(1, 2, 2)
1
(74, 10)
-> Request 1
138
(2, 3, 1)
3
(14, 74)
-> Request 2
316
(4, 2, 2)
3
(40, 36)
-> Request 3
501
(3, 1, 2)
2
(2, 19)
-> Request 4
595
(3, 3, 1)
1
(11, 17)
-> Request 5
663
(4, 3, 2)
3
(56, 1)
-> Request 6
695
(1, 2, 2)
3
(33, 51)
-> Request 7
880
(2, 3, 1)
1
(40, 31)
-> Request 8
961
(2, 1, 2)
1
(43, 42)
-> Request 9
961
(2, 2, 1)
2
(0, 31)
-> Request 10
975
(1, 2, 1)
1
(4, 59)
-> Request 11
1024
(1, 2, 1)
2
(65, 62)
---> Week : 73
--> Day : 0
-> Request 0
62
(4, 1, 2)
3
(69, 33)
-> Request 1
335
(3, 3, 1)
2
(63, 17)
-> Request 2
506
(1, 2, 1)
3
(6, 48)
-> Request 3
547
(2, 1, 2)
2
(3, 0)
-> Request 4
857
(3, 3, 1)
1
(64, 29)
-> Request 5
966
(4, 1, 2)
3
(24, 54)
-> Request 6
1305
(4, 1, 1)
1
(15, 10)
-> Request 7
1393
(3, 1, 1)
1
(22, 14)
-> Request 8
1426
(1, 3, 1)
3
(46, 29)
--> Day : 1
-> Request 0
52
(2, 3, 1)
1
(72, 33)
-> Request 1
271
(4, 2, 1)
1
(29, 17)
-> Request 2
537
(4, 3, 1)
1
(50, 11)
-> Request 3
617
(2, 2, 2)
3
(27, 72)
-> Request 4
778
(4, 2, 2)
3
(30, 4)
-> Request 5
888
(3, 1, 1)
3
(42, 12)
-> Request 6
1007
(2, 1, 2)
1
(44, 39)
-> Request 7
1197
(4, 2, 2)
2
(41, 4)
-> Request 8
1334
(4, 2, 1)
1
(59, 58)
-> Request 9
1388
(3, 1, 1)
1
(23, 20)
--> Day : 2
-> Request 0
42
(2, 2, 1)
3
(43, 46)
-> Request 1
43
(1, 1, 2)
3
(36, 75)
-> Request 2
49
(4, 1, 1)
3
(28, 65)
-> Request 3
184
(2, 2, 2)
1
(75, 17)
-> Request 4
220
(3, 3, 2)
2
(29, 6)
-> Request 5
321
(4, 2, 2)
1
(2, 24)
-> Request 6
688
(1, 1, 1)
3
(68, 57)
-> Request 7
707
(2, 3, 1)
2
(24, 5)
-> Request 8
1366
(4, 3, 2)
3
(36, 33)
-> Request 9
1387
(3, 2, 2)
2
(38, 2)
-> Request 10
1429
(4, 2, 1)
1
(15, 22)
--> Day : 3
-> Request 0
126
(2, 2, 1)
2
(76, 20)
-> Request 1
151
(4, 1, 2)
3
(68, 3)
-> Request 2
445
(4, 1, 2)
1
(60, 23)
-> Request 3
681
(3, 3, 1)
1
(19, 25)
-> Request 4
718
(3, 2, 2)
2
(9, 18)
-> Request 5
779
(3, 2, 1)
3
(64, 51)
-> Request 6
985
(1, 2, 1)
1
(7, 71)
-> Request 7
1010
(3, 1, 2)
3
(40, 52)
-> Request 8
1147
(3, 1, 1)
3
(68, 15)
-> Request 9
1342
(4, 1, 1)
3
(61, 20)
--> Day : 4
-> Request 0
66
(3, 1, 1)
1
(66, 30)
-> Request 1
127
(4, 1, 2)
3
(74, 28)
-> Request 2
286
(4, 2, 1)
1
(58, 23)
-> Request 3
400
(3, 3, 1)
2
(74, 0)
-> Request 4
424
(2, 2, 1)
2
(63, 2)
-> Request 5
872
(3, 3, 1)
3
(79, 9)
-> Request 6
943
(4, 3, 1)
1
(61, 40)
-> Request 7
947
(3, 2, 1)
3
(78, 43)
-> Request 8
955
(4, 1, 2)
1
(77, 32)
-> Request 9
1347
(3, 2, 1)
1
(61, 12)
---> Week : 74
--> Day : 0
-> Request 0
437
(4, 1, 1)
2
(36, 25)
-> Request 1
680
(3, 1, 1)
2
(31, 34)
-> Request 2
851
(3, 1, 1)
1
(18, 60)
-> Request 3
883
(2, 3, 2)
3
(31, 2)
-> Request 4
1193
(3, 2, 2)
1
(32, 10)
-> Request 5
1266
(1, 2, 1)
1
(51, 31)
-> Request 6
1380
(4, 3, 2)
3
(53, 60)
--> Day : 1
-> Request 0
184
(2, 2, 2)
1
(7, 68)
-> Request 1
576
(3, 3, 2)
1
(43, 37)
-> Request 2
678
(3, 3, 1)
1
(2, 77)
-> Request 3
717
(1, 2, 2)
1
(18, 53)
-> Request 4
723
(3, 3, 2)
2
(17, 42)
-> Request 5
1011
(4, 1, 1)
3
(13, 26)
-> Request 6
1295
(2, 3, 1)
1
(39, 49)
--> Day : 2
-> Request 0
400
(2, 3, 2)
3
(0, 38)
-> Request 1
418
(2, 3, 2)
2
(46, 1)
-> Request 2
640
(4, 2, 2)
3
(35, 67)
-> Request 3
750
(3, 2, 1)
2
(14, 13)
-> Request 4
757
(4, 3, 2)
3
(32, 14)
-> Request 5
788
(1, 2, 2)
3
(41, 6)
-> Request 6
814
(4, 2, 2)
1
(8, 72)
-> Request 7
927
(1, 3, 1)
1
(41, 17)
-> Request 8
972
(3, 1, 2)
2
(78, 65)
-> Request 9
1032
(2, 3, 2)
1
(69, 27)
-> Request 10
1075
(1, 1, 1)
2
(72, 57)
-> Request 11
1195
(2, 2, 2)
2
(0, 78)
--> Day : 3
-> Request 0
50
(3, 3, 2)
3
(63, 52)
-> Request 1
296
(3, 2, 2)
1
(29, 25)
-> Request 2
356
(1, 3, 2)
1
(75, 38)
-> Request 3
661
(1, 1, 2)
1
(17, 68)
-> Request 4
865
(1, 3, 2)
2
(24, 50)
-> Request 5
1345
(3, 2, 2)
3
(9, 32)
--> Day : 4
-> Request 0
25
(4, 3, 2)
1
(64, 1)
-> Request 1
429
(2, 3, 2)
3
(28, 6)
-> Request 2
591
(4, 1, 2)
3
(13, 34)
-> Request 3
796
(2, 2, 2)
2
(52, 25)
-> Request 4
1073
(4, 3, 1)
1
(70, 25)
-> Request 5
1289
(4, 3, 1)
1
(75, 2)
---> Week : 75
--> Day : 0
-> Request 0
143
(4, 1, 1)
2
(78, 41)
-> Request 1
146
(4, 2, 1)
3
(63, 0)
-> Request 2
171
(4, 3, 1)
2
(7, 33)
-> Request 3
216
(4, 3, 1)
2
(69, 45)
-> Request 4
227
(2, 1, 1)
1
(44, 16)
-> Request 5
382
(4, 2, 2)
1
(1, 11)
-> Request 6
877
(4, 3, 2)
3
(69, 45)
-> Request 7
936
(2, 2, 1)
2
(41, 71)
-> Request 8
1103
(1, 1, 2)
3
(41, 21)
-> Request 9
1187
(3, 2, 2)
3
(30, 18)
-> Request 10
1380
(2, 2, 1)
3
(72, 79)
--> Day : 1
-> Request 0
124
(3, 1, 1)
1
(9, 48)
-> Request 1
205
(1, 1, 1)
1
(14, 42)
-> Request 2
336
(3, 2, 2)
3
(15, 73)
-> Request 3
460
(3, 2, 2)
3
(48, 63)
-> Request 4
635
(3, 3, 2)
2
(74, 39)
-> Request 5
635
(3, 1, 1)
3
(51, 8)
-> Request 6
847
(2, 2, 2)
2
(40, 10)
-> Request 7
908
(4, 1, 1)
2
(13, 13)
-> Request 8
1015
(1, 1, 1)
1
(56, 63)
-> Request 9
1059
(4, 2, 1)
1
(28, 50)
-> Request 10
1323
(3, 3, 1)
1
(38, 12)
-> Request 11
1381
(4, 1, 1)
1
(17, 21)
--> Day : 2
-> Request 0
199
(2, 2, 1)
3
(58, 2)
-> Request 1
207
(4, 3, 1)
2
(55, 79)
-> Request 2
365
(3, 3, 1)
1
(29, 73)
-> Request 3
416
(1, 2, 2)
3
(37, 16)
-> Request 4
468
(1, 3, 2)
3
(76, 4)
-> Request 5
639
(2, 2, 1)
1
(50, 68)
-> Request 6
652
(2, 3, 1)
3
(18, 63)
-> Request 7
875
(2, 2, 2)
1
(64, 70)
-> Request 8
910
(4, 3, 2)
3
(38, 65)
-> Request 9
1000
(4, 2, 1)
2
(49, 75)
-> Request 10
1175
(4, 1, 2)
1
(37, 71)
-> Request 11
1255
(2, 1, 1)
1
(18, 12)
-> Request 12
1436
(1, 3, 1)
1
(21, 22)
--> Day : 3
-> Request 0
86
(1, 3, 2)
2
(44, 10)
-> Request 1
314
(1, 2, 1)
1
(41, 77)
-> Request 2
367
(3, 1, 2)
3
(57, 79)
-> Request 3
1027
(4, 2, 1)
2
(77, 64)
-> Request 4
1093
(2, 3, 2)
3
(41, 36)
-> Request 5
1093
(1, 2, 2)
2
(26, 45)
-> Request 6
1171
(4, 2, 2)
3
(11, 40)
-> Request 7
1203
(1, 2, 2)
2
(25, 23)
-> Request 8
1354
(1, 2, 1)
1
(37, 25)
-> Request 9
1354
(3, 3, 1)
2
(30, 10)
-> Request 10
1405
(1, 2, 1)
2
(67, 76)
-> Request 11
1409
(2, 2, 2)
1
(16, 6)
--> Day : 4
-> Request 0
297
(3, 2, 1)
3
(70, 50)
-> Request 1
637
(3, 2, 2)
2
(67, 12)
-> Request 2
865
(3, 3, 2)
1
(6, 7)
-> Request 3
917
(1, 3, 2)
1
(31, 57)
-> Request 4
1282
(1, 1, 1)
3
(66, 59)
-> Request 5
1356
(3, 2, 1)
3
(38, 73)
---> Week : 76
--> Day : 0
-> Request 0
359
(4, 3, 2)
2
(29, 38)
-> Request 1
385
(1, 3, 2)
1
(44, 45)
-> Request 2
510
(4, 3, 2)
2
(18, 71)
-> Request 3
654
(4, 3, 1)
1
(74, 42)
-> Request 4
690
(1, 1, 1)
1
(22, 58)
-> Request 5
690
(3, 1, 1)
3
(5, 41)
-> Request 6
698
(3, 3, 1)
3
(40, 17)
-> Request 7
842
(1, 2, 1)
2
(6, 1)
-> Request 8
1075
(3, 3, 2)
3
(43, 41)
-> Request 9
1241
(2, 3, 2)
3
(7, 16)
-> Request 10
1297
(3, 3, 1)
3
(32, 37)
-> Request 11
1328
(4, 3, 1)
1
(30, 78)
-> Request 12
1379
(3, 1, 2)
1
(13, 23)
--> Day : 1
-> Request 0
135
(2, 1, 1)
3
(52, 52)
-> Request 1
155
(4, 2, 2)
1
(67, 68)
-> Request 2
187
(4, 2, 2)
1
(9, 16)
-> Request 3
509
(3, 2, 2)
2
(70, 78)
-> Request 4
528
(1, 3, 2)
2
(31, 5)
-> Request 5
667
(2, 1, 2)
3
(15, 65)
-> Request 6
1218
(3, 3, 1)
1
(42, 47)
-> Request 7
1223
(2, 3, 1)
2
(54, 34)
-> Request 8
1332
(1, 3, 2)
3
(1, 59)
--> Day : 2
-> Request 0
149
(3, 3, 1)
3
(12, 8)
-> Request 1
152
(4, 1, 1)
1
(57, 25)
-> Request 2
817
(1, 3, 2)
2
(44, 23)
-> Request 3
1354
(4, 3, 1)
3
(15, 26)
-> Request 4
1408
(3, 1, 1)
2
(56, 74)
-> Request 5
1417
(4, 3, 2)
2
(9, 63)
--> Day : 3
-> Request 0
327
(1, 2, 2)
2
(42, 70)
-> Request 1
370
(4, 3, 2)
2
(4, 58)
-> Request 2
542
(2, 3, 1)
3
(26, 34)
-> Request 3
658
(2, 3, 1)
3
(43, 57)
-> Request 4
811
(1, 2, 1)
3
(72, 26)
-> Request 5
1180
(2, 1, 1)
1
(62, 9)
-> Request 6
1332
(2, 3, 1)
2
(76, 56)
-> Request 7
1347
(1, 3, 1)
3
(63, 27)
-> Request 8
1435
(1, 1, 1)
2
(37, 61)
--> Day : 4
-> Request 0
63
(4, 1, 2)
3
(50, 43)
-> Request 1
72
(3, 2, 1)
3
(32, 33)
-> Request 2
543
(2, 1, 2)
3
(0, 66)
-> Request 3
570
(1, 1, 2)
2
(44, 43)
-> Request 4
1043
(4, 3, 2)
2
(10, 6)
-> Request 5
1074
(1, 2, 1)
2
(8, 31)
-> Request 6
1083
(3, 1, 1)
2
(1, 21)
-> Request 7
1126
(1, 1, 1)
3
(16, 14)
-> Request 8
1220
(1, 3, 1)
3
(59, 18)
-> Request 9
1389
(1, 3, 2)
3
(74, 71)
---> Week : 77
--> Day : 0
-> Request 0
500
(4, 1, 1)
1
(17, 4)
-> Request 1
505
(1, 3, 2)
3
(15, 12)
-> Request 2
629
(2, 1, 1)
3
(37, 49)
-> Request 3
711
(2, 3, 2)
3
(50, 42)
-> Request 4
911
(1, 1, 2)
2
(7, 58)
-> Request 5
1020
(3, 1, 2)
2
(25, 29)
-> Request 6
1255
(3, 1, 1)
1
(19, 75)
-> Request 7
1290
(2, 1, 2)
1
(41, 12)
-> Request 8
1310
(4, 3, 2)
3
(27, 55)
--> Day : 1
-> Request 0
287
(4, 2, 2)
3
(55, 16)
-> Request 1
407
(3, 1, 2)
1
(27, 67)
-> Request 2
735
(2, 1, 2)
3
(41, 55)
-> Request 3
886
(3, 3, 1)
3
(49, 58)
-> Request 4
992
(3, 3, 1)
3
(48, 15)
-> Request 5
1268
(4, 1, 1)
3
(12, 63)
--> Day : 2
-> Request 0
68
(3, 1, 2)
1
(69, 46)
-> Request 1
358
(1, 2, 2)
1
(37, 44)
-> Request 2
564
(3, 1, 2)
1
(39, 9)
-> Request 3
888
(2, 2, 1)
3
(77, 39)
-> Request 4
911
(3, 3, 2)
2
(47, 40)
-> Request 5
925
(4, 3, 1)
3
(15, 70)
-> Request 6
1071
(2, 3, 1)
3
(16, 49)
-> Request 7
1071
(3, 2, 1)
2
(16, 31)
-> Request 8
1285
(3, 2, 2)
3
(22, 35)
-> Request 9
1355
(1, 3, 2)
1
(27, 63)
--> Day : 3
-> Request 0
113
(4, 2, 1)
2
(36, 74)
-> Request 1
164
(1, 2, 2)
3
(76, 40)
-> Request 2
265
(1, 3, 1)
2
(54, 66)
-> Request 3
278
(4, 3, 2)
1
(9, 40)
-> Request 4
443
(3, 3, 1)
1
(54, 76)
-> Request 5
489
(2, 1, 1)
2
(78, 25)
-> Request 6
603
(4, 1, 1)
2
(50, 13)
-> Request 7
820
(1, 3, 2)
3
(4, 14)
-> Request 8
952
(4, 2, 1)
2
(14, 21)
-> Request 9
1112
(2, 1, 1)
3
(63, 69)
-> Request 10
1181
(3, 3, 2)
2
(44, 52)
-> Request 11
1241
(3, 2, 2)
2
(36, 38)
--> Day : 4
-> Request 0
75
(4, 1, 2)
3
(19, 10)
-> Request 1
220
(2, 3, 1)
1
(28, 48)
-> Request 2
255
(3, 2, 2)
2
(65, 78)
-> Request 3
335
(4, 2, 2)
3
(52, 39)
-> Request 4
384
(4, 1, 1)
1
(77, 14)
-> Request 5
457
(3, 1, 2)
2
(35, 11)
-> Request 6
538
(4, 2, 1)
3
(58, 76)
-> Request 7
559
(4, 3, 1)
1
(63, 17)
-> Request 8
601
(3, 2, 2)
1
(79, 77)
-> Request 9
781
(1, 3, 2)
2
(63, 26)
-> Request 10
923
(4, 2, 2)
2
(43, 76)
-> Request 11
1206
(2, 1, 2)
2
(3, 42)
-> Request 12
1260
(2, 1, 2)
1
(12, 3)
---> Week : 78
--> Day : 0
-> Request 0
391
(4, 1, 1)
1
(75, 61)
-> Request 1
551
(1, 2, 2)
3
(63, 78)
-> Request 2
582
(1, 2, 1)
3
(72, 10)
-> Request 3
728
(1, 1, 1)
1
(16, 6)
-> Request 4
861
(2, 3, 2)
1
(3, 19)
-> Request 5
931
(1, 2, 1)
2
(31, 27)
-> Request 6
969
(4, 1, 1)
2
(43, 20)
-> Request 7
998
(2, 3, 2)
1
(77, 33)
-> Request 8
1195
(3, 1, 1)
2
(74, 67)
-> Request 9
1319
(3, 3, 2)
1
(57, 14)
-> Request 10
1409
(2, 1, 1)
3
(77, 25)
--> Day : 1
-> Request 0
11
(1, 3, 2)
2
(28, 79)
-> Request 1
132
(2, 3, 1)
1
(50, 22)
-> Request 2
195
(3, 1, 2)
2
(38, 30)
-> Request 3
359
(2, 2, 2)
2
(57, 12)
-> Request 4
483
(4, 2, 1)
1
(79, 59)
-> Request 5
554
(3, 3, 2)
1
(45, 20)
-> Request 6
857
(3, 1, 2)
3
(50, 61)
-> Request 7
866
(1, 2, 1)
3
(47, 40)
-> Request 8
966
(2, 1, 2)
1
(47, 61)
-> Request 9
1069
(4, 3, 2)
2
(4, 41)
-> Request 10
1220
(4, 1, 1)
3
(8, 56)
-> Request 11
1369
(4, 1, 2)
3
(36, 36)
-> Request 12
1425
(1, 1, 2)
3
(53, 65)
--> Day : 2
-> Request 0
66
(2, 2, 2)
3
(74, 10)
-> Request 1
225
(1, 2, 2)
1
(40, 41)
-> Request 2
303
(4, 3, 2)
1
(33, 1)
-> Request 3
405
(3, 2, 1)
2
(67, 7)
-> Request 4
463
(1, 2, 2)
1
(4, 30)
-> Request 5
849
(2, 3, 1)
2
(79, 45)
-> Request 6
893
(1, 3, 2)
1
(45, 6)
-> Request 7
1040
(4, 1, 2)
3
(41, 60)
-> Request 8
1276
(3, 3, 1)
1
(47, 52)
--> Day : 3
-> Request 0
210
(1, 2, 2)
2
(16, 30)
-> Request 1
312
(2, 2, 1)
1
(49, 10)
-> Request 2
348
(4, 1, 2)
1
(62, 58)
-> Request 3
521
(4, 1, 2)
2
(57, 8)
-> Request 4
974
(2, 3, 2)
3
(15, 10)
-> Request 5
1098
(2, 3, 1)
2
(68, 11)
-> Request 6
1170
(2, 3, 2)
2
(27, 21)
-> Request 7
1189
(1, 2, 2)
1
(13, 58)
-> Request 8
1254
(4, 3, 1)
3
(55, 21)
-> Request 9
1266
(4, 3, 1)
3
(20, 56)
--> Day : 4
-> Request 0
65
(2, 1, 2)
1
(2, 15)
-> Request 1
95
(2, 3, 1)
3
(34, 37)
-> Request 2
206
(4, 3, 2)
1
(11, 47)
-> Request 3
221
(2, 1, 2)
2
(46, 74)
-> Request 4
226
(1, 3, 1)
1
(70, 76)
-> Request 5
227
(3, 1, 1)
1
(39, 50)
-> Request 6
300
(4, 2, 2)
3
(28, 27)
-> Request 7
608
(3, 3, 2)
2
(17, 56)
-> Request 8
632
(2, 1, 1)
1
(5, 33)
-> Request 9
951
(4, 3, 1)
2
(44, 12)
-> Request 10
967
(4, 1, 2)
1
(42, 11)
-> Request 11
1129
(2, 1, 1)
1
(66, 74)
-> Request 12
1399
(4, 1, 2)
2
(71, 28)
-> Request 13
1418
(4, 2, 2)
2
(42, 54)
---> Week : 79
--> Day : 0
-> Request 0
224
(3, 1, 2)
1
(20, 6)
-> Request 1
465
(4, 3, 1)
2
(24, 23)
-> Request 2
640
(2, 3, 2)
1
(65, 73)
-> Request 3
814
(1, 1, 2)
3
(41, 40)
-> Request 4
856
(2, 1, 2)
2
(35, 1)
-> Request 5
1079
(3, 1, 2)
3
(65, 51)
-> Request 6
1080
(4, 1, 1)
3
(35, 14)
-> Request 7
1097
(2, 2, 2)
1
(18, 50)
-> Request 8
1329
(4, 3, 2)
1
(5, 53)
--> Day : 1
-> Request 0
103
(4, 2, 2)
1
(47, 62)
-> Request 1
117
(3, 3, 2)
1
(18, 27)
-> Request 2
418
(3, 3, 2)
1
(69, 44)
-> Request 3
462
(2, 3, 2)
1
(78, 60)
-> Request 4
464
(1, 2, 1)
1
(5, 72)
-> Request 5
1193
(2, 2, 1)
3
(40, 25)
-> Request 6
1323
(2, 2, 1)
2
(49, 60)
-> Request 7
1410
(4, 2, 2)
3
(57, 14)
--> Day : 2
-> Request 0
235
(1, 3, 1)
1
(2, 45)
-> Request 1
392
(2, 3, 2)
1
(15, 31)
-> Request 2
433
(1, 3, 1)
2
(10, 67)
-> Request 3
441
(3, 2, 2)
3
(49, 1)
-> Request 4
451
(1, 3, 2)
1
(10, 67)
-> Request 5
541
(1, 1, 1)
2
(60, 46)
-> Request 6
682
(4, 1, 2)
1
(66, 4)
-> Request 7
891
(3, 2, 2)
1
(32, 68)
-> Request 8
1066
(4, 3, 1)
1
(59, 61)
-> Request 9
1326
(1, 3, 1)
2
(35, 56)
-> Request 10
1329
(1, 3, 1)
1
(22, 23)
--> Day : 3
-> Request 0
11
(3, 3, 2)
2
(8, 41)
-> Request 1
164
(4, 1, 1)
1
(6, 42)
-> Request 2
174
(3, 3, 1)
3
(36, 79)
-> Request 3
200
(3, 2, 2)
2
(10, 12)
-> Request 4
698
(4, 1, 2)
1
(58, 38)
--> Day : 4
-> Request 0
65
(2, 3, 2)
3
(38, 40)
-> Request 1
196
(1, 2, 2)
3
(41, 35)
-> Request 2
370
(1, 3, 2)
2
(68, 40)
-> Request 3
477
(3, 1, 2)
2
(44, 0)
-> Request 4
714
(2, 2, 1)
3
(3, 30)
-> Request 5
757
(2, 2, 2)
2
(27, 73)
-> Request 6
776
(4, 1, 1)
2
(2, 24)
-> Request 7
887
(4, 1, 1)
3
(37, 16)
-> Request 8
948
(1, 2, 1)
1
(39, 7)
-> Request 9
1143
(1, 3, 1)
1
(73, 31)
-> Request 10
1210
(4, 3, 1)
2
(70, 13)
-> Request 11
1262
(1, 1, 1)
2
(8, 0)
-> Request 12
1267
(1, 3, 2)
3
(65, 47)
-> Request 13
1283
(1, 2, 2)
2
(59, 60)
-> Request 14
1408
(1, 3, 1)
3
(27, 36)
---> Week : 80
--> Day : 0
-> Request 0
17
(4, 2, 1)
2
(35, 28)
-> Request 1
44
(3, 3, 1)
3
(55, 60)
-> Request 2
48
(1, 2, 2)
1
(69, 56)
-> Request 3
131
(3, 1, 2)
3
(57, 63)
-> Request 4
144
(4, 3, 2)
2
(3, 50)
-> Request 5
228
(4, 3, 1)
1
(7, 70)
-> Request 6
236
(3, 1, 2)
2
(45, 40)
-> Request 7
556
(1, 1, 1)
3
(55, 35)
-> Request 8
750
(3, 1, 2)
3
(73, 27)
-> Request 9
809
(3, 1, 1)
3
(68, 66)
-> Request 10
851
(3, 1, 2)
2
(8, 34)
-> Request 11
852
(2, 1, 2)
3
(12, 39)
-> Request 12
944
(4, 2, 2)
2
(6, 17)
-> Request 13
1224
(1, 2, 1)
3
(52, 65)
--> Day : 1
-> Request 0
347
(4, 1, 1)
3
(3, 1)
-> Request 1
615
(2, 1, 2)
1
(42, 5)
-> Request 2
679
(4, 3, 1)
2
(31, 76)
-> Request 3
747
(3, 2, 2)
1
(63, 53)
-> Request 4
755
(2, 2, 1)
1
(30, 67)
-> Request 5
784
(2, 1, 2)
2
(15, 78)
-> Request 6
856
(2, 1, 2)
2
(23, 7)
-> Request 7
1090
(3, 1, 2)
3
(1, 34)
-> Request 8
1265
(1, 1, 2)
3
(2, 45)
--> Day : 2
-> Request 0
7
(3, 2, 1)
3
(29, 24)
-> Request 1
23
(3, 2, 2)
2
(47, 75)
-> Request 2
164
(4, 3, 2)
2
(65, 28)
-> Request 3
236
(3, 1, 2)
2
(7, 54)
-> Request 4
253
(2, 1, 1)
3
(50, 58)
-> Request 5
275
(4, 3, 1)
1
(66, 28)
-> Request 6
430
(1, 3, 2)
2
(16, 76)
-> Request 7
691
(2, 3, 1)
2
(3, 11)
-> Request 8
724
(2, 1, 2)
2
(61, 13)
--> Day : 3
-> Request 0
120
(4, 1, 1)
1
(27, 28)
-> Request 1
127
(4, 1, 1)
1
(11, 10)
-> Request 2
342
(3, 3, 2)
2
(51, 16)
-> Request 3
574
(2, 1, 2)
2
(33, 11)
-> Request 4
926
(2, 1, 1)
2
(4, 51)
-> Request 5
1179
(4, 1, 1)
1
(19, 1)
-> Request 6
1336
(4, 2, 1)
1
(35, 26)
--> Day : 4
-> Request 0
105
(2, 2, 1)
2
(66, 34)
-> Request 1
264
(3, 2, 2)
3
(62, 57)
-> Request 2
413
(1, 3, 2)
3
(3, 68)
-> Request 3
486
(4, 3, 2)
3
(78, 38)
-> Request 4
831
(3, 1, 2)
1
(77, 33)
-> Request 5
992
(3, 3, 2)
2
(79, 72)
-> Request 6
1295
(2, 2, 2)
3
(37, 50)
-> Request 7
1426
(3, 1, 1)
2
(32, 55)
---> Week : 81
--> Day : 0
-> Request 0
361
(1, 2, 1)
2
(58, 38)
-> Request 1
647
(2, 3, 1)
2
(61, 24)
-> Request 2
877
(2, 2, 1)
1
(5, 78)
-> Request 3
991
(2, 3, 1)
2
(70, 34)
-> Request 4
1323
(1, 1, 1)
1
(73, 74)
-> Request 5
1419
(1, 1, 2)
2
(60, 9)
--> Day : 1
-> Request 0
89
(4, 1, 2)
3
(5, 39)
-> Request 1
176
(4, 1, 2)
1
(74, 61)
-> Request 2
227
(4, 2, 2)
2
(15, 2)
-> Request 3
325
(4, 2, 1)
1
(13, 10)
-> Request 4
393
(1, 3, 2)
2
(71, 14)
-> Request 5
494
(4, 3, 1)
1
(6, 60)
-> Request 6
572
(1, 2, 1)
3
(73, 28)
-> Request 7
680
(2, 1, 2)
1
(8, 17)
-> Request 8
814
(4, 3, 1)
3
(18, 13)
-> Request 9
853
(4, 3, 1)
3
(36, 42)
-> Request 10
857
(3, 1, 1)
2
(27, 10)
-> Request 11
883
(4, 2, 1)
1
(61, 63)
-> Request 12
1009
(1, 3, 1)
1
(67, 39)
-> Request 13
1201
(1, 3, 2)
3
(46, 42)
--> Day : 2
-> Request 0
213
(3, 2, 2)
2
(50, 56)
-> Request 1
485
(1, 3, 1)
1
(41, 63)
-> Request 2
511
(1, 3, 1)
3
(17, 56)
-> Request 3
660
(1, 1, 2)
2
(48, 40)
-> Request 4
1122
(4, 3, 2)
3
(76, 24)
--> Day : 3
-> Request 0
298
(3, 1, 1)
3
(77, 7)
-> Request 1
336
(1, 1, 2)
2
(41, 52)
-> Request 2
941
(4, 3, 2)
3
(59, 29)
-> Request 3
1225
(4, 2, 1)
2
(6, 64)
-> Request 4
1307
(3, 2, 2)
3
(13, 69)
--> Day : 4
-> Request 0
154
(1, 2, 1)
2
(33, 1)
-> Request 1
284
(2, 1, 1)
2
(7, 77)
-> Request 2
325
(4, 1, 2)
3
(49, 42)
-> Request 3
344
(2, 3, 1)
3
(46, 6)
-> Request 4
356
(4, 3, 2)
1
(78, 2)
-> Request 5
460
(1, 1, 2)
1
(43, 34)
-> Request 6
486
(3, 3, 2)
2
(60, 28)
-> Request 7
634
(4, 2, 1)
3
(38, 68)
-> Request 8
808
(1, 3, 2)
1
(44, 71)
-> Request 9
1043
(3, 3, 1)
1
(53, 6)
-> Request 10
1084
(3, 3, 1)
3
(16, 57)
-> Request 11
1212
(3, 2, 1)
3
(0, 72)
-> Request 12
1332
(1, 3, 2)
2
(29, 26)
---> Week : 82
--> Day : 0
-> Request 0
142
(4, 3, 2)
1
(7, 71)
-> Request 1
597
(2, 3, 1)
3
(61, 37)
-> Request 2
964
(3, 2, 2)
3
(16, 31)
-> Request 3
998
(3, 1, 2)
3
(49, 78)
-> Request 4
1389
(2, 1, 2)
3
(60, 8)
--> Day : 1
-> Request 0
111
(1, 2, 1)
3
(10, 64)
-> Request 1
151
(1, 2, 2)
2
(40, 11)
-> Request 2
183
(3, 2, 1)
1
(74, 18)
-> Request 3
393
(4, 3, 2)
1
(33, 19)
-> Request 4
491
(2, 2, 1)
1
(57, 72)
-> Request 5
774
(2, 3, 1)
3
(40, 77)
-> Request 6
795
(2, 1, 2)
3
(3, 30)
--> Day : 2
-> Request 0
53
(3, 3, 2)
2
(19, 65)
-> Request 1
340
(2, 1, 2)
1
(34, 41)
-> Request 2
434
(1, 1, 2)
3
(51, 51)
-> Request 3
1032
(4, 1, 1)
2
(28, 46)
-> Request 4
1034
(2, 1, 2)
1
(1, 8)
-> Request 5
1077
(1, 3, 1)
3
(1, 56)
-> Request 6
1300
(2, 2, 1)
2
(56, 66)
-> Request 7
1438
(2, 1, 2)
3
(10, 19)
--> Day : 3
-> Request 0
75
(1, 3, 2)
3
(53, 46)
-> Request 1
127
(2, 2, 2)
2
(76, 53)
-> Request 2
163
(3, 1, 2)
2
(15, 68)
-> Request 3
1133
(3, 1, 2)
1
(10, 28)
--> Day : 4
-> Request 0
45
(4, 1, 2)
1
(28, 36)
-> Request 1
155
(1, 2, 2)
2
(65, 48)
-> Request 2
403
(2, 1, 2)
1
(62, 27)
-> Request 3
550
(3, 3, 2)
3
(47, 40)
-> Request 4
1033
(4, 3, 2)
2
(22, 17)
-> Request 5
1248
(3, 2, 2)
2
(49, 15)
-> Request 6
1310
(3, 2, 1)
1
(76, 25)
-> Request 7
1343
(2, 3, 2)
3
(22, 18)
-> Request 8
1378
(3, 3, 2)
2
(27, 67)
---> Week : 83
--> Day : 0
-> Request 0
242
(2, 2, 2)
2
(43, 15)
-> Request 1
283
(3, 2, 1)
2
(49, 22)
-> Request 2
758
(4, 1, 2)
2
(3, 62)
-> Request 3
886
(2, 3, 2)
3
(0, 12)
-> Request 4
1083
(2, 1, 1)
3
(39, 73)
-> Request 5
1162
(1, 3, 1)
1
(47, 69)
-> Request 6
1281
(2, 3, 1)
2
(16, 23)
-> Request 7
1401
(3, 2, 1)
2
(44, 50)
-> Request 8
1402
(1, 2, 1)
1
(64, 6)
-> Request 9
1405
(2, 2, 2)
3
(34, 23)
--> Day : 1
-> Request 0
87
(3, 3, 1)
3
(29, 16)
-> Request 1
275
(3, 2, 2)
3
(19, 35)
-> Request 2
313
(1, 3, 2)
1
(75, 53)
-> Request 3
314
(3, 2, 1)
1
(1, 70)
-> Request 4
318
(3, 3, 1)
1
(29, 12)
-> Request 5
392
(2, 2, 2)
3
(18, 50)
-> Request 6
626
(2, 1, 2)
1
(55, 25)
-> Request 7
693
(4, 1, 1)
1
(48, 42)
-> Request 8
818
(1, 1, 1)
2
(47, 59)
-> Request 9
974
(1, 3, 1)
3
(28, 50)
-> Request 10
1381
(3, 2, 1)
3
(43, 10)
--> Day : 2
-> Request 0
22
(3, 3, 1)
3
(10, 6)
-> Request 1
56
(4, 3, 2)
1
(42, 24)
-> Request 2
310
(1, 2, 2)
1
(77, 77)
-> Request 3
850
(2, 2, 2)
1
(31, 77)
-> Request 4
1012
(2, 2, 1)
3
(3, 72)
-> Request 5
1187
(4, 1, 1)
2
(50, 79)
-> Request 6
1404
(4, 2, 1)
2
(47, 50)
--> Day : 3
-> Request 0
42
(3, 2, 1)
2
(24, 16)
-> Request 1
56
(1, 3, 2)
2
(40, 65)
-> Request 2
604
(4, 3, 1)
3
(9, 5)
-> Request 3
653
(4, 1, 1)
2
(66, 50)
-> Request 4
719
(2, 1, 2)
3
(62, 36)
-> Request 5
737
(3, 3, 2)
3
(15, 76)
-> Request 6
830
(3, 3, 1)
3
(35, 47)
-> Request 7
903
(1, 1, 2)
2
(23, 10)
-> Request 8
907
(2, 3, 2)
1
(19, 2)
-> Request 9
1062
(4, 3, 2)
2
(34, 62)
-> Request 10
1177
(1, 1, 1)
3
(13, 74)
-> Request 11
1365
(2, 2, 2)
1
(5, 79)
-> Request 12
1400
(4, 2, 1)
3
(49, 55)
--> Day : 4
-> Request 0
118
(4, 2, 1)
1
(41, 17)
-> Request 1
230
(3, 2, 1)
1
(11, 79)
-> Request 2
281
(2, 2, 2)
2
(46, 73)
-> Request 3
284
(1, 2, 2)
1
(0, 18)
-> Request 4
356
(1, 2, 2)
3
(2, 8)
-> Request 5
579
(3, 2, 1)
3
(55, 29)
-> Request 6
635
(2, 2, 2)
3
(50, 76)
-> Request 7
668
(1, 3, 2)
1
(23, 0)
-> Request 8
692
(2, 2, 1)
1
(4, 77)
-> Request 9
793
(1, 3, 2)
1
(70, 14)
-> Request 10
812
(1, 2, 1)
1
(28, 9)
-> Request 11
863
(3, 3, 1)
1
(20, 63)
-> Request 12
953
(2, 1, 2)
2
(38, 18)
-> Request 13
971
(4, 2, 2)
1
(45, 68)
-> Request 14
1167
(1, 2, 2)
2
(13, 36)
-> Request 15
1267
(2, 2, 2)
1
(10, 11)
-> Request 16
1323
(3, 1, 2)
3
(56, 11)
-> Request 17
1334
(2, 1, 2)
2
(64, 57)
-> Request 18
1360
(2, 1, 2)
2
(55, 51)
-> Request 19
1364
(3, 3, 1)
1
(65, 56)
---> Week : 84
--> Day : 0
-> Request 0
61
(3, 3, 1)
2
(12, 60)
-> Request 1
93
(4, 2, 2)
2
(64, 61)
-> Request 2
257
(3, 2, 2)
2
(43, 26)
-> Request 3
775
(1, 1, 1)
1
(14, 78)
-> Request 4
1011
(4, 3, 1)
3
(65, 47)
-> Request 5
1044
(2, 1, 1)
1
(42, 73)
-> Request 6
1155
(1, 1, 1)
1
(49, 79)
-> Request 7
1192
(1, 1, 1)
1
(70, 26)
-> Request 8
1230
(3, 3, 2)
1
(49, 31)
-> Request 9
1262
(4, 1, 2)
3
(7, 29)
-> Request 10
1308
(3, 1, 2)
2
(31, 75)
-> Request 11
1356
(4, 3, 2)
1
(27, 58)
--> Day : 1
-> Request 0
210
(3, 3, 1)
2
(32, 51)
-> Request 1
359
(1, 2, 2)
2
(42, 38)
-> Request 2
658
(1, 3, 1)
1
(74, 78)
-> Request 3
794
(1, 2, 2)
3
(30, 41)
-> Request 4
834
(4, 2, 1)
1
(70, 63)
-> Request 5
914
(4, 2, 1)
3
(44, 52)
-> Request 6
981
(4, 3, 2)
1
(48, 65)
-> Request 7
1086
(3, 2, 2)
2
(24, 30)
-> Request 8
1101
(1, 3, 1)
2
(50, 35)
-> Request 9
1219
(1, 2, 1)
1
(42, 22)
-> Request 10
1429
(1, 1, 2)
1
(19, 2)
--> Day : 2
-> Request 0
28
(2, 3, 2)
2
(13, 4)
-> Request 1
105
(1, 1, 2)
1
(11, 6)
-> Request 2
141
(2, 2, 2)
3
(53, 58)
-> Request 3
272
(2, 3, 2)
3
(64, 75)
-> Request 4
288
(4, 3, 1)
3
(28, 78)
-> Request 5
356
(3, 3, 1)
2
(77, 4)
-> Request 6
577
(4, 1, 1)
2
(74, 26)
-> Request 7
706
(1, 3, 2)
3
(24, 23)
-> Request 8
756
(3, 1, 1)
3
(2, 5)
-> Request 9
761
(4, 2, 1)
2
(66, 26)
-> Request 10
820
(4, 3, 2)
1
(60, 44)
-> Request 11
836
(1, 3, 1)
3
(29, 22)
-> Request 12
1279
(3, 2, 1)
1
(63, 78)
-> Request 13
1280
(4, 3, 1)
3
(73, 74)
-> Request 14
1406
(4, 3, 2)
1
(77, 33)
-> Request 15
1415
(3, 3, 1)
2
(31, 67)
--> Day : 3
-> Request 0
5
(4, 1, 2)
2
(26, 28)
-> Request 1
139
(2, 2, 2)
1
(1, 71)
-> Request 2
225
(3, 2, 1)
3
(40, 43)
-> Request 3
245
(3, 1, 2)
1
(43, 72)
-> Request 4
305
(3, 2, 2)
2
(6, 36)
-> Request 5
466
(1, 1, 2)
1
(14, 49)
-> Request 6
498
(2, 1, 1)
3
(11, 40)
-> Request 7
513
(1, 3, 1)
1
(57, 57)
-> Request 8
649
(3, 3, 1)
1
(39, 66)
-> Request 9
677
(2, 3, 2)
1
(76, 57)
-> Request 10
748
(2, 2, 1)
2
(58, 37)
-> Request 11
805
(3, 3, 1)
1
(18, 22)
-> Request 12
964
(4, 1, 2)
3
(35, 67)
-> Request 13
976
(2, 1, 1)
3
(66, 9)
-> Request 14
1178
(3, 1, 2)
1
(24, 77)
-> Request 15
1222
(1, 3, 1)
1
(11, 12)
-> Request 16
1381
(3, 2, 1)
3
(77, 44)
-> Request 17
1404
(3, 1, 2)
2
(45, 47)
-> Request 18
1424
(3, 3, 1)
3
(69, 15)
--> Day : 4
-> Request 0
201
(1, 3, 2)
2
(76, 32)
-> Request 1
254
(4, 2, 1)
3
(68, 2)
-> Request 2
260
(2, 2, 2)
3
(49, 68)
-> Request 3
604
(3, 1, 2)
1
(74, 45)
-> Request 4
616
(1, 3, 2)
3
(7, 20)
-> Request 5
771
(1, 3, 2)
2
(59, 16)
-> Request 6
849
(1, 3, 2)
1
(17, 40)
-> Request 7
915
(1, 3, 1)
3
(27, 57)
-> Request 8
1182
(2, 3, 1)
2
(28, 29)
-> Request 9
1213
(2, 2, 1)
1
(53, 55)
-> Request 10
1247
(1, 3, 2)
1
(55, 39)
-> Request 11
1338
(2, 2, 1)
2
(18, 73)
-> Request 12
1433
(1, 2, 1)
1
(26, 15)
---> Week : 85
--> Day : 0
-> Request 0
94
(1, 1, 1)
2
(34, 59)
-> Request 1
234
(4, 2, 1)
2
(37, 48)
-> Request 2
1044
(3, 2, 2)
3
(41, 67)
-> Request 3
1074
(4, 3, 1)
2
(76, 65)
-> Request 4
1242
(3, 1, 1)
3
(8, 78)
--> Day : 1
-> Request 0
17
(2, 3, 2)
1
(77, 57)
-> Request 1
21
(2, 1, 1)
3
(16, 26)
-> Request 2
452
(4, 2, 2)
2
(70, 15)
-> Request 3
548
(2, 2, 2)
3
(73, 70)
-> Request 4
552
(2, 2, 2)
2
(72, 36)
-> Request 5
576
(1, 3, 2)
1
(7, 40)
-> Request 6
708
(4, 1, 2)
1
(60, 51)
-> Request 7
835
(3, 1, 1)
2
(68, 74)
-> Request 8
1143
(1, 2, 1)
1
(10, 34)
-> Request 9
1408
(4, 2, 2)
1
(48, 23)
--> Day : 2
-> Request 0
14
(2, 2, 1)
2
(22, 11)
-> Request 1
23
(3, 3, 2)
3
(3, 45)
-> Request 2
154
(4, 2, 2)
3
(29, 57)
-> Request 3
210
(2, 3, 2)
3
(27, 48)
-> Request 4
396
(4, 2, 1)
1
(31, 21)
-> Request 5
664
(3, 2, 2)
3
(46, 75)
-> Request 6
759
(1, 2, 2)
1
(5, 34)
-> Request 7
1109
(2, 2, 1)
3
(6, 17)
-> Request 8
1229
(4, 3, 2)
1
(3, 45)
-> Request 9
1259
(4, 1, 2)
2
(24, 46)
-> Request 10
1278
(2, 1, 1)
3
(48, 78)
-> Request 11
1307
(3, 1, 2)
2
(49, 43)
-> Request 12
1389
(2, 3, 2)
3
(6, 27)
--> Day : 3
-> Request 0
70
(4, 1, 2)
3
(79, 12)
-> Request 1
245
(2, 3, 1)
3
(57, 14)
-> Request 2
292
(2, 3, 2)
1
(55, 61)
-> Request 3
450
(4, 1, 1)
3
(22, 29)
-> Request 4
670
(1, 1, 2)
1
(51, 54)
-> Request 5
751
(2, 2, 1)
1
(46, 73)
-> Request 6
800
(1, 3, 2)
3
(23, 69)
-> Request 7
1316
(3, 1, 1)
3
(77, 5)
--> Day : 4
-> Request 0
50
(3, 2, 1)
2
(73, 78)
-> Request 1
254
(4, 3, 1)
2
(43, 14)
-> Request 2
304
(4, 3, 2)
1
(42, 18)
-> Request 3
307
(3, 1, 1)
3
(60, 56)
-> Request 4
344
(1, 2, 2)
3
(49, 9)
-> Request 5
481
(3, 1, 1)
3
(24, 34)
-> Request 6
634
(3, 3, 2)
3
(61, 25)
-> Request 7
661
(1, 3, 1)
2
(31, 38)
-> Request 8
704
(2, 3, 2)
2
(34, 66)
-> Request 9
1066
(1, 1, 1)
2
(54, 11)
-> Request 10
1401
(4, 3, 2)
3
(68, 71)
---> Week : 86
--> Day : 0
-> Request 0
318
(3, 2, 1)
1
(24, 45)
-> Request 1
407
(2, 1, 2)
1
(35, 53)
-> Request 2
467
(4, 2, 1)
3
(4, 42)
-> Request 3
761
(4, 2, 2)
3
(77, 48)
-> Request 4
834
(4, 3, 2)
2
(24, 14)
-> Request 5
917
(3, 3, 2)
1
(71, 43)
-> Request 6
988
(1, 1, 1)
3
(52, 41)
-> Request 7
1004
(4, 3, 2)
2
(73, 51)
-> Request 8
1162
(1, 3, 1)
1
(50, 5)
-> Request 9
1263
(4, 2, 2)
2
(70, 59)
-> Request 10
1316
(1, 2, 1)
2
(75, 12)
--> Day : 1
-> Request 0
417
(4, 3, 2)
2
(34, 42)
-> Request 1
822
(3, 2, 2)
1
(24, 41)
-> Request 2
857
(3, 3, 2)
1
(39, 9)
-> Request 3
873
(2, 2, 2)
2
(53, 33)
-> Request 4
1175
(2, 3, 2)
1
(76, 22)
--> Day : 2
-> Request 0
132
(1, 2, 2)
2
(37, 50)
-> Request 1
285
(2, 2, 2)
2
(73, 19)
-> Request 2
535
(2, 2, 1)
1
(62, 34)
-> Request 3
596
(1, 1, 1)
3
(9, 23)
-> Request 4
814
(3, 1, 1)
1
(38, 42)
-> Request 5
1092
(2, 3, 2)
3
(71, 62)
-> Request 6
1235
(2, 1, 1)
2
(54, 61)
--> Day : 3
-> Request 0
41
(2, 1, 1)
1
(41, 62)
-> Request 1
58
(1, 1, 1)
2
(14, 66)
-> Request 2
133
(1, 1, 1)
1
(72, 69)
-> Request 3
259
(3, 3, 2)
3
(45, 46)
-> Request 4
278
(1, 2, 2)
1
(41, 65)
-> Request 5
357
(2, 3, 1)
2
(1, 69)
-> Request 6
661
(4, 2, 1)
3
(18, 40)
-> Request 7
778
(1, 2, 2)
2
(41, 77)
-> Request 8
1190
(4, 2, 2)
1
(66, 43)
-> Request 9
1190
(2, 1, 1)
1
(23, 12)
-> Request 10
1198
(3, 3, 2)
3
(14, 49)
-> Request 11
1227
(1, 2, 1)
2
(64, 69)
--> Day : 4
-> Request 0
112
(3, 1, 1)
1
(59, 62)
-> Request 1
161
(3, 2, 2)
1
(18, 44)
-> Request 2
302
(3, 1, 1)
2
(31, 66)
-> Request 3
436
(4, 2, 2)
1
(76, 62)
-> Request 4
647
(3, 2, 2)
1
(79, 17)
-> Request 5
703
(3, 2, 2)
1
(51, 33)
-> Request 6
785
(3, 3, 2)
3
(34, 25)
-> Request 7
802
(3, 1, 2)
1
(43, 42)
---> Week : 87
--> Day : 0
-> Request 0
6
(1, 1, 2)
1
(68, 36)
-> Request 1
358
(1, 3, 1)
3
(9, 25)
-> Request 2
432
(4, 1, 2)
3
(68, 14)
-> Request 3
449
(2, 2, 2)
2
(47, 0)
-> Request 4
616
(1, 1, 1)
3
(67, 42)
-> Request 5
769
(4, 1, 1)
2
(40, 40)
-> Request 6
853
(1, 1, 2)
2
(63, 46)
-> Request 7
854
(2, 2, 2)
1
(19, 55)
-> Request 8
1051
(2, 2, 1)
2
(50, 16)
-> Request 9
1117
(1, 1, 2)
1
(42, 16)
-> Request 10
1163
(3, 1, 1)
3
(33, 56)
--> Day : 1
-> Request 0
41
(1, 1, 2)
3
(41, 5)
-> Request 1
290
(2, 3, 1)
1
(16, 7)
-> Request 2
602
(1, 3, 1)
3
(32, 72)
-> Request 3
756
(4, 3, 1)
3
(1, 62)
-> Request 4
763
(1, 3, 1)
3
(75, 22)
-> Request 5
958
(2, 3, 1)
2
(49, 9)
-> Request 6
1017
(2, 2, 2)
3
(50, 46)
-> Request 7
1073
(3, 1, 1)
3
(34, 15)
-> Request 8
1128
(4, 2, 2)
3
(20, 10)
-> Request 9
1143
(1, 1, 2)
2
(53, 11)
-> Request 10
1228
(3, 2, 2)
2
(6, 57)
-> Request 11
1245
(4, 1, 1)
3
(60, 79)
-> Request 12
1301
(3, 1, 1)
2
(48, 8)
-> Request 13
1383
(2, 2, 1)
2
(59, 53)
--> Day : 2
-> Request 0
182
(3, 1, 2)
1
(52, 22)
-> Request 1
244
(1, 3, 2)
2
(33, 51)
-> Request 2
280
(2, 3, 2)
2
(49, 74)
-> Request 3
280
(3, 3, 2)
1
(25, 76)
-> Request 4
454
(4, 2, 1)
2
(67, 17)
-> Request 5
639
(2, 2, 1)
1
(54, 34)
-> Request 6
699
(4, 1, 2)
2
(71, 16)
-> Request 7
857
(3, 3, 1)
3
(66, 77)
-> Request 8
936
(4, 1, 2)
3
(44, 73)
-> Request 9
954
(3, 2, 1)
3
(48, 71)
-> Request 10
1047
(2, 2, 2)
1
(72, 36)
-> Request 11
1093
(2, 2, 1)
2
(53, 26)
-> Request 12
1177
(3, 2, 1)
3
(50, 54)
-> Request 13
1194
(1, 3, 2)
2
(47, 39)
-> Request 14
1237
(3, 3, 1)
3
(7, 0)
-> Request 15
1309
(2, 1, 2)
2
(78, 23)
-> Request 16
1327
(4, 3, 1)
1
(32, 68)
--> Day : 3
-> Request 0
1
(3, 2, 2)
2
(55, 8)
-> Request 1
25
(4, 1, 1)
1
(75, 61)
-> Request 2
27
(1, 2, 2)
1
(71, 49)
-> Request 3
192
(1, 3, 2)
3
(11, 5)
-> Request 4
205
(4, 3, 1)
2
(0, 2)
-> Request 5
325
(2, 1, 1)
3
(69, 56)
-> Request 6
366
(1, 1, 1)
3
(32, 13)
-> Request 7
634
(3, 2, 1)
2
(5, 71)
-> Request 8
844
(2, 3, 1)
2
(2, 38)
-> Request 9
964
(2, 2, 1)
3
(8, 20)
-> Request 10
1011
(3, 2, 2)
2
(41, 66)
-> Request 11
1050
(1, 3, 1)
3
(62, 33)
-> Request 12
1140
(4, 2, 1)
1
(65, 1)
-> Request 13
1228
(3, 3, 2)
1
(62, 76)
-> Request 14
1244
(3, 2, 2)
2
(59, 50)
--> Day : 4
-> Request 0
317
(1, 1, 2)
3
(57, 55)
-> Request 1
453
(4, 1, 1)
3
(27, 47)
-> Request 2
599
(4, 2, 2)
3
(57, 46)
-> Request 3
748
(1, 2, 2)
2
(11, 46)
-> Request 4
861
(3, 3, 1)
2
(37, 17)
-> Request 5
1177
(3, 3, 1)
1
(47, 13)
---> Week : 88
--> Day : 0
-> Request 0
156
(1, 1, 1)
3
(50, 47)
-> Request 1
325
(2, 1, 2)
3
(56, 27)
-> Request 2
515
(1, 1, 2)
2
(75, 14)
-> Request 3
524
(2, 3, 1)
2
(37, 68)
-> Request 4
571
(3, 1, 2)
2
(8, 44)
-> Request 5
931
(3, 2, 2)
1
(26, 7)
-> Request 6
1136
(1, 2, 2)
2
(22, 43)
-> Request 7
1269
(3, 1, 2)
3
(9, 5)
-> Request 8
1277
(3, 2, 2)
3
(52, 56)
-> Request 9
1368
(2, 3, 1)
3
(26, 37)
--> Day : 1
-> Request 0
68
(2, 2, 1)
1
(17, 67)
-> Request 1
289
(2, 3, 1)
1
(34, 5)
-> Request 2
967
(4, 2, 1)
3
(36, 24)
-> Request 3
1019
(2, 2, 2)
1
(62, 49)
-> Request 4
1295
(4, 3, 2)
3
(51, 38)
-> Request 5
1398
(3, 2, 1)
2
(55, 6)
-> Request 6
1423
(4, 3, 2)
3
(24, 50)
--> Day : 2
-> Request 0
517
(2, 1, 1)
2
(1, 10)
-> Request 1
682
(2, 2, 2)
3
(77, 24)
-> Request 2
915
(3, 2, 2)
1
(60, 49)
-> Request 3
1341
(1, 3, 1)
1
(46, 21)
-> Request 4
1410
(1, 1, 2)
3
(0, 51)
-> Request 5
1414
(4, 1, 2)
2
(17, 54)
--> Day : 3
-> Request 0
507
(3, 1, 2)
2
(55, 76)
-> Request 1
942
(3, 3, 2)
1
(12, 73)
-> Request 2
1074
(3, 3, 2)
2
(70, 77)
-> Request 3
1084
(2, 2, 1)
1
(50, 0)
-> Request 4
1213
(2, 2, 2)
2
(75, 51)
-> Request 5
1271
(1, 1, 1)
2
(30, 61)
--> Day : 4
-> Request 0
217
(3, 1, 2)
2
(55, 44)
-> Request 1
321
(3, 2, 1)
1
(47, 69)
-> Request 2
949
(3, 3, 1)
2
(70, 30)
-> Request 3
1011
(2, 2, 2)
2
(46, 59)
-> Request 4
1436
(2, 3, 1)
2
(59, 62)
---> Week : 89
--> Day : 0
-> Request 0
353
(4, 3, 1)
3
(56, 1)
-> Request 1
473
(4, 3, 2)
1
(3, 36)
-> Request 2
522
(4, 1, 1)
1
(47, 68)
-> Request 3
545
(3, 3, 2)
3
(36, 8)
-> Request 4
769
(1, 1, 1)
2
(8, 34)
-> Request 5
785
(4, 1, 2)
2
(7, 79)
-> Request 6
832
(2, 3, 2)
1
(74, 36)
-> Request 7
838
(4, 1, 2)
3
(29, 3)
-> Request 8
862
(2, 3, 1)
1
(59, 72)
-> Request 9
989
(3, 2, 2)
1
(59, 7)
-> Request 10
1261
(4, 2, 2)
2
(35, 38)
-> Request 11
1262
(3, 3, 1)
3
(14, 58)
-> Request 12
1381
(2, 3, 2)
3
(21, 65)
--> Day : 1
-> Request 0
184
(1, 1, 2)
3
(1, 51)
-> Request 1
222
(2, 3, 2)
3
(76, 40)
-> Request 2
310
(1, 3, 1)
2
(79, 23)
-> Request 3
411
(1, 3, 1)
1
(79, 37)
-> Request 4
440
(3, 2, 2)
2
(25, 71)
-> Request 5
745
(1, 2, 1)
2
(12, 47)
-> Request 6
993
(1, 1, 1)
1
(17, 68)
-> Request 7
1134
(4, 1, 1)
3
(78, 74)
-> Request 8
1154
(2, 3, 2)
1
(54, 22)
-> Request 9
1278
(3, 3, 1)
1
(50, 27)
--> Day : 2
-> Request 0
81
(4, 3, 2)
3
(29, 32)
-> Request 1
247
(3, 2, 1)
2
(25, 77)
-> Request 2
453
(2, 3, 2)
2
(2, 55)
-> Request 3
530
(4, 2, 1)
2
(37, 72)
-> Request 4
545
(4, 2, 1)
3
(13, 20)
-> Request 5
594
(1, 2, 2)
1
(29, 13)
-> Request 6
716
(2, 3, 2)
1
(38, 6)
-> Request 7
732
(1, 2, 2)
3
(34, 5)
-> Request 8
733
(4, 3, 2)
3
(26, 21)
-> Request 9
872
(4, 1, 1)
2
(42, 12)
-> Request 10
1271
(3, 3, 1)
2
(4, 2)
--> Day : 3
-> Request 0
133
(1, 1, 2)
3
(26, 5)
-> Request 1
190
(3, 1, 2)
3
(24, 10)
-> Request 2
394
(2, 1, 2)
1
(50, 31)
-> Request 3
630
(3, 2, 2)
1
(0, 57)
-> Request 4
853
(2, 3, 1)
3
(59, 67)
-> Request 5
856
(2, 3, 1)
1
(49, 25)
-> Request 6
966
(2, 2, 2)
3
(73, 1)
-> Request 7
981
(4, 2, 1)
3
(71, 37)
-> Request 8
1244
(4, 1, 1)
2
(35, 38)
-> Request 9
1247
(1, 1, 2)
1
(45, 22)
-> Request 10
1420
(3, 3, 1)
3
(44, 58)
--> Day : 4
-> Request 0
223
(3, 3, 1)
3
(44, 36)
-> Request 1
275
(1, 3, 2)
3
(77, 40)
-> Request 2
277
(4, 3, 1)
1
(42, 24)
-> Request 3
393
(1, 1, 2)
1
(33, 77)
-> Request 4
612
(4, 1, 1)
2
(21, 50)
-> Request 5
626
(2, 3, 2)
2
(17, 9)
-> Request 6
691
(3, 1, 1)
1
(49, 37)
-> Request 7
728
(1, 2, 1)
1
(67, 27)
-> Request 8
908
(2, 3, 1)
3
(4, 39)
---> Week : 90
--> Day : 0
-> Request 0
4
(4, 2, 2)
1
(41, 7)
-> Request 1
434
(3, 1, 2)
3
(30, 18)
-> Request 2
606
(2, 2, 1)
3
(74, 6)
-> Request 3
726
(2, 2, 1)
2
(24, 14)
-> Request 4
774
(3, 3, 1)
3
(14, 6)
-> Request 5
952
(4, 1, 2)
3
(58, 38)
-> Request 6
1042
(3, 1, 1)
1
(15, 40)
-> Request 7
1076
(3, 1, 1)
2
(54, 50)
-> Request 8
1232
(2, 2, 2)
3
(68, 25)
-> Request 9
1242
(1, 2, 1)
2
(63, 79)
-> Request 10
1333
(3, 2, 2)
3
(2, 35)
--> Day : 1
-> Request 0
45
(1, 2, 2)
3
(45, 30)
-> Request 1
406
(4, 2, 2)
1
(36, 42)
-> Request 2
563
(1, 1, 2)
2
(64, 11)
-> Request 3
941
(1, 2, 1)
3
(79, 43)
-> Request 4
1156
(4, 3, 1)
3
(48, 4)
-> Request 5
1249
(1, 2, 2)
1
(64, 73)
-> Request 6
1330
(3, 2, 2)
1
(74, 55)
--> Day : 2
-> Request 0
85
(1, 3, 2)
1
(47, 18)
-> Request 1
245
(4, 1, 2)
2
(7, 40)
-> Request 2
295
(1, 2, 2)
1
(57, 12)
-> Request 3
459
(2, 3, 2)
1
(21, 41)
-> Request 4
461
(1, 1, 1)
3
(76, 36)
-> Request 5
673
(3, 3, 1)
1
(28, 16)
-> Request 6
759
(3, 3, 1)
2
(42, 31)
-> Request 7
795
(2, 2, 1)
1
(0, 23)
-> Request 8
1107
(1, 1, 2)
1
(54, 13)
-> Request 9
1161
(1, 3, 2)
2
(66, 63)
-> Request 10
1199
(2, 2, 1)
2
(28, 70)
--> Day : 3
-> Request 0
179
(1, 1, 2)
1
(53, 10)
-> Request 1
238
(3, 2, 2)
1
(24, 22)
-> Request 2
244
(2, 2, 2)
2
(63, 13)
-> Request 3
274
(2, 2, 1)
1
(27, 70)
-> Request 4
345
(3, 2, 1)
3
(26, 1)
-> Request 5
451
(2, 3, 1)
1
(9, 37)
-> Request 6
632
(1, 1, 1)
2
(64, 40)
-> Request 7
915
(3, 1, 2)
1
(23, 39)
-> Request 8
1079
(4, 1, 1)
1
(23, 19)
-> Request 9
1097
(3, 1, 1)
2
(56, 25)
--> Day : 4
-> Request 0
66
(2, 3, 1)
3
(34, 43)
-> Request 1
85
(4, 1, 1)
1
(33, 2)
-> Request 2
308
(2, 3, 1)
1
(46, 1)
-> Request 3
327
(3, 3, 2)
3
(2, 22)
-> Request 4
332
(4, 1, 2)
3
(37, 32)
-> Request 5
411
(1, 1, 2)
1
(22, 39)
-> Request 6
496
(1, 1, 1)
1
(58, 20)
-> Request 7
553
(4, 3, 2)
1
(9, 2)
-> Request 8
707
(2, 3, 2)
1
(77, 73)
-> Request 9
929
(3, 1, 1)
3
(3, 57)
-> Request 10
946
(3, 3, 2)
3
(1, 1)
---> Week : 91
--> Day : 0
-> Request 0
155
(3, 1, 1)
2
(40, 37)
-> Request 1
217
(2, 1, 2)
3
(40, 38)
-> Request 2
443
(3, 3, 2)
3
(23, 74)
-> Request 3
564
(3, 1, 1)
1
(31, 73)
-> Request 4
610
(2, 3, 1)
3
(18, 74)
-> Request 5
705
(3, 1, 1)
2
(6, 56)
-> Request 6
894
(3, 1, 2)
3
(55, 47)
-> Request 7
899
(4, 1, 1)
3
(64, 37)
-> Request 8
998
(1, 3, 2)
1
(40, 21)
--> Day : 1
-> Request 0
87
(4, 2, 2)
1
(11, 48)
-> Request 1
454
(1, 3, 1)
1
(39, 16)
-> Request 2
807
(3, 1, 2)
2
(31, 5)
-> Request 3
1059
(3, 3, 2)
3
(44, 46)
-> Request 4
1093
(1, 2, 2)
1
(18, 36)
-> Request 5
1164
(3, 3, 2)
3
(17, 69)
-> Request 6
1188
(2, 1, 2)
2
(71, 49)
-> Request 7
1200
(3, 2, 1)
2
(62, 71)
-> Request 8
1232
(3, 2, 2)
3
(48, 60)
-> Request 9
1418
(4, 2, 2)
3
(12, 41)
--> Day : 2
-> Request 0
2
(2, 2, 1)
1
(33, 10)
-> Request 1
18
(4, 2, 2)
2
(42, 55)
-> Request 2
235
(1, 3, 1)
3
(27, 60)
-> Request 3
363
(3, 3, 1)
1
(68, 19)
-> Request 4
493
(2, 2, 1)
3
(26, 68)
-> Request 5
554
(3, 1, 2)
3
(67, 31)
-> Request 6
698
(4, 1, 2)
3
(25, 21)
-> Request 7
763
(4, 1, 1)
2
(63, 14)
-> Request 8
944
(3, 2, 1)
3
(46, 39)
-> Request 9
1060
(3, 2, 1)
3
(44, 77)
-> Request 10
1087
(2, 1, 2)
3
(67, 33)
-> Request 11
1201
(4, 3, 2)
2
(63, 44)
-> Request 12
1328
(2, 1, 2)
2
(42, 36)
-> Request 13
1395
(4, 2, 1)
3
(21, 1)
--> Day : 3
-> Request 0
19
(3, 3, 1)
2
(33, 19)
-> Request 1
161
(3, 1, 2)
3
(74, 17)
-> Request 2
585
(3, 3, 2)
3
(68, 29)
-> Request 3
881
(2, 1, 2)
3
(78, 14)
-> Request 4
909
(3, 2, 2)
3
(32, 24)
-> Request 5
929
(4, 2, 2)
2
(9, 15)
-> Request 6
1007
(2, 3, 1)
1
(28, 11)
-> Request 7
1159
(3, 2, 1)
1
(6, 72)
-> Request 8
1258
(3, 3, 1)
3
(45, 7)
--> Day : 4
-> Request 0
60
(1, 1, 1)
1
(34, 70)
-> Request 1
193
(1, 2, 1)
1
(6, 72)
-> Request 2
206
(4, 1, 2)
2
(22, 62)
-> Request 3
251
(1, 3, 2)
3
(73, 2)
-> Request 4
297
(4, 1, 2)
2
(57, 65)
-> Request 5
432
(1, 3, 2)
2
(34, 68)
-> Request 6
1125
(1, 1, 2)
2
(9, 47)
-> Request 7
1374
(2, 1, 2)
2
(50, 14)
-> Request 8
1431
(3, 1, 1)
2
(50, 33)
---> Week : 92
--> Day : 0
-> Request 0
211
(2, 1, 2)
1
(28, 27)
-> Request 1
568
(2, 2, 1)
1
(40, 10)
-> Request 2
727
(4, 3, 1)
3
(2, 9)
-> Request 3
729
(1, 1, 2)
1
(25, 76)
-> Request 4
739
(2, 1, 1)
2
(58, 38)
-> Request 5
1011
(1, 2, 1)
1
(18, 24)
--> Day : 1
-> Request 0
87
(1, 2, 1)
3
(7, 11)
-> Request 1
117
(2, 3, 1)
2
(50, 60)
-> Request 2
223
(2, 3, 1)
1
(64, 54)
-> Request 3
598
(2, 3, 1)
2
(60, 18)
-> Request 4
614
(4, 2, 2)
3
(45, 15)
-> Request 5
803
(1, 1, 1)
3
(53, 58)
-> Request 6
1099
(2, 1, 1)
3
(13, 4)
-> Request 7
1277
(3, 3, 2)
3
(48, 73)
-> Request 8
1279
(1, 3, 2)
3
(50, 65)
-> Request 9
1393
(1, 2, 2)
1
(9, 69)
--> Day : 2
-> Request 0
345
(2, 1, 2)
3
(69, 46)
-> Request 1
639
(1, 1, 1)
3
(57, 44)
-> Request 2
789
(4, 1, 2)
3
(43, 70)
-> Request 3
1034
(2, 1, 1)
3
(32, 43)
-> Request 4
1128
(3, 2, 1)
3
(39, 61)
-> Request 5
1198
(1, 3, 1)
1
(25, 34)
-> Request 6
1342
(2, 2, 1)
2
(24, 7)
--> Day : 3
-> Request 0
161
(4, 3, 2)
2
(71, 51)
-> Request 1
580
(1, 1, 1)
1
(76, 66)
-> Request 2
642
(2, 2, 1)
2
(28, 9)
-> Request 3
774
(1, 1, 1)
1
(36, 18)
-> Request 4
824
(1, 2, 1)
1
(48, 44)
-> Request 5
966
(2, 3, 2)
1
(15, 2)
-> Request 6
1159
(1, 3, 2)
3
(59, 13)
-> Request 7
1190
(4, 2, 2)
3
(78, 71)
-> Request 8
1210
(2, 3, 2)
3
(53, 75)
-> Request 9
1277
(2, 1, 2)
1
(42, 23)
-> Request 10
1421
(1, 1, 1)
1
(35, 6)
--> Day : 4
-> Request 0
116
(3, 1, 1)
1
(35, 66)
-> Request 1
173
(3, 2, 2)
3
(13, 77)
-> Request 2
180
(4, 2, 2)
3
(42, 24)
-> Request 3
643
(4, 3, 1)
2
(76, 40)
-> Request 4
679
(4, 1, 1)
1
(48, 13)
-> Request 5
949
(1, 2, 2)
1
(74, 62)
-> Request 6
1203
(3, 3, 2)
2
(69, 28)
---> Week : 93
--> Day : 0
-> Request 0
41
(1, 3, 2)
1
(19, 28)
-> Request 1
724
(1, 1, 1)
3
(19, 6)
-> Request 2
748
(4, 3, 1)
3
(49, 75)
-> Request 3
856
(1, 2, 1)
1
(33, 26)
-> Request 4
889
(1, 3, 1)
1
(3, 43)
-> Request 5
993
(2, 2, 1)
1
(25, 67)
-> Request 6
994
(3, 1, 2)
1
(60, 28)
-> Request 7
1086
(2, 2, 2)
3
(29, 64)
-> Request 8
1206
(2, 3, 1)
1
(67, 52)
-> Request 9
1234
(3, 1, 2)
2
(69, 68)
--> Day : 1
-> Request 0
95
(4, 1, 2)
3
(3, 76)
-> Request 1
485
(3, 2, 1)
2
(70, 38)
-> Request 2
522
(4, 1, 1)
1
(44, 46)
-> Request 3
535
(2, 1, 2)
3
(55, 5)
-> Request 4
703
(1, 2, 1)
3
(29, 60)
-> Request 5
793
(2, 3, 2)
2
(63, 73)
-> Request 6
1015
(3, 2, 1)
1
(50, 53)
-> Request 7
1026
(3, 2, 1)
1
(51, 58)
-> Request 8
1074
(4, 3, 2)
3
(18, 49)
--> Day : 2
-> Request 0
184
(1, 1, 1)
3
(34, 50)
-> Request 1
221
(4, 3, 1)
3
(77, 64)
-> Request 2
345
(3, 2, 2)
3
(24, 77)
-> Request 3
450
(2, 1, 2)
3
(44, 70)
-> Request 4
491
(4, 3, 2)
1
(73, 27)
-> Request 5
514
(3, 2, 1)
2
(54, 66)
-> Request 6
557
(3, 1, 2)
2
(66, 78)
-> Request 7
858
(4, 2, 1)
3
(77, 33)
-> Request 8
858
(1, 3, 1)
3
(76, 76)
-> Request 9
1217
(3, 1, 2)
1
(47, 42)
-> Request 10
1255
(3, 1, 1)
1
(65, 21)
-> Request 11
1264
(1, 2, 2)
1
(6, 13)
-> Request 12
1373
(1, 2, 2)
1
(41, 53)
--> Day : 3
-> Request 0
74
(4, 2, 1)
3
(38, 71)
-> Request 1
75
(2, 1, 1)
1
(20, 54)
-> Request 2
123
(2, 1, 2)
3
(7, 31)
-> Request 3
276
(4, 1, 1)
2
(37, 52)
-> Request 4
421
(4, 1, 1)
2
(69, 15)
-> Request 5
520
(4, 1, 2)
1
(10, 53)
-> Request 6
578
(4, 3, 1)
1
(25, 28)
-> Request 7
824
(3, 2, 1)
3
(41, 18)
-> Request 8
861
(1, 2, 2)
1
(31, 71)
-> Request 9
921
(1, 3, 2)
2
(18, 36)
-> Request 10
1072
(4, 2, 1)
2
(9, 67)
-> Request 11
1106
(2, 2, 2)
3
(38, 43)
-> Request 12
1117
(1, 2, 1)
1
(15, 61)
-> Request 13
1175
(3, 3, 2)
3
(67, 56)
-> Request 14
1284
(3, 2, 1)
2
(72, 27)
-> Request 15
1294
(3, 1, 1)
2
(45, 64)
--> Day : 4
-> Request 0
185
(2, 1, 2)
2
(2, 2)
-> Request 1
188
(1, 2, 1)
2
(5, 57)
-> Request 2
214
(1, 2, 1)
3
(0, 63)
-> Request 3
305
(4, 3, 1)
2
(70, 35)
-> Request 4
698
(3, 3, 2)
1
(22, 36)
-> Request 5
1020
(2, 2, 1)
3
(33, 16)
-> Request 6
1058
(4, 2, 2)
1
(52, 29)
-> Request 7
1105
(1, 1, 2)
1
(8, 57)
-> Request 8
1198
(2, 3, 2)
2
(29, 45)
-> Request 9
1295
(2, 3, 2)
1
(6, 79)
-> Request 10
1385
(4, 3, 1)
1
(69, 34)
-> Request 11
1389
(1, 2, 1)
2
(8, 13)
---> Week : 94
--> Day : 0
-> Request 0
48
(3, 3, 2)
1
(42, 37)
-> Request 1
418
(3, 1, 2)
2
(60, 28)
-> Request 2
526
(3, 3, 2)
1
(17, 26)
-> Request 3
798
(3, 2, 2)
2
(54, 15)
-> Request 4
937
(2, 3, 2)
1
(47, 29)
-> Request 5
962
(3, 2, 2)
1
(23, 26)
-> Request 6
962
(2, 2, 1)
2
(32, 77)
-> Request 7
1052
(4, 2, 1)
2
(47, 12)
-> Request 8
1088
(3, 3, 1)
3
(77, 28)
--> Day : 1
-> Request 0
135
(4, 1, 1)
3
(2, 65)
-> Request 1
167
(2, 3, 2)
1
(21, 53)
-> Request 2
334
(3, 2, 2)
1
(61, 2)
-> Request 3
760
(3, 1, 1)
1
(77, 47)
-> Request 4
1134
(4, 3, 2)
1
(48, 20)
-> Request 5
1195
(1, 2, 1)
3
(10, 60)
-> Request 6
1256
(3, 3, 2)
3
(7, 65)
-> Request 7
1363
(4, 3, 1)
3
(2, 27)
--> Day : 2
-> Request 0
142
(1, 3, 1)
1
(64, 40)
-> Request 1
687
(1, 3, 1)
3
(0, 20)
--> Day : 3
-> Request 0
21
(1, 3, 1)
3
(68, 48)
-> Request 1
133
(1, 3, 1)
2
(68, 4)
-> Request 2
157
(2, 2, 2)
1
(23, 29)
-> Request 3
183
(3, 1, 2)
2
(58, 15)
-> Request 4
853
(1, 2, 2)
2
(6, 2)
-> Request 5
942
(2, 1, 1)
2
(10, 76)
-> Request 6
1290
(3, 2, 2)
1
(22, 42)
--> Day : 4
-> Request 0
276
(1, 2, 2)
3
(50, 44)
-> Request 1
519
(3, 1, 1)
3
(24, 44)
-> Request 2
631
(3, 2, 1)
2
(15, 20)
-> Request 3
731
(3, 2, 1)
1
(25, 40)
-> Request 4
855
(3, 3, 1)
2
(77, 28)
-> Request 5
937
(3, 1, 2)
2
(0, 9)
-> Request 6
1096
(2, 2, 2)
3
(65, 76)
-> Request 7
1192
(1, 1, 1)
3
(54, 26)
-> Request 8
1256
(4, 3, 1)
2
(74, 16)
---> Week : 95
--> Day : 0
-> Request 0
139
(1, 3, 2)
3
(50, 75)
-> Request 1
147
(3, 3, 2)
1
(22, 45)
-> Request 2
152
(4, 1, 2)
3
(27, 35)
-> Request 3
504
(1, 3, 1)
1
(14, 38)
-> Request 4
694
(4, 1, 2)
3
(3, 43)
-> Request 5
845
(4, 3, 2)
1
(60, 19)
-> Request 6
868
(4, 3, 1)
1
(56, 74)
-> Request 7
945
(2, 2, 2)
2
(31, 35)
-> Request 8
1038
(2, 2, 1)
1
(18, 52)
-> Request 9
1145
(1, 3, 2)
1
(36, 25)
--> Day : 1
-> Request 0
134
(1, 2, 2)
3
(25, 14)
-> Request 1
166
(4, 3, 2)
3
(14, 36)
-> Request 2
279
(4, 3, 1)
3
(21, 39)
-> Request 3
353
(4, 1, 2)
3
(17, 4)
-> Request 4
435
(2, 2, 1)
1
(48, 2)
-> Request 5
738
(2, 3, 2)
2
(75, 27)
-> Request 6
789
(4, 2, 1)
2
(58, 30)
-> Request 7
887
(1, 3, 2)
3
(19, 62)
-> Request 8
918
(4, 3, 2)
3
(30, 20)
-> Request 9
1038
(2, 1, 1)
3
(42, 2)
-> Request 10
1196
(4, 2, 2)
1
(8, 3)
-> Request 11
1235
(4, 1, 1)
3
(34, 22)
-> Request 12
1392
(2, 3, 2)
3
(8, 21)
--> Day : 2
-> Request 0
143
(2, 1, 2)
2
(55, 14)
-> Request 1
153
(3, 1, 1)
1
(74, 48)
-> Request 2
166
(1, 3, 1)
3
(45, 79)
-> Request 3
167
(2, 3, 2)
3
(73, 7)
-> Request 4
207
(4, 3, 1)
2
(36, 27)
-> Request 5
383
(3, 3, 2)
2
(69, 67)
-> Request 6
489
(4, 1, 1)
3
(69, 65)
-> Request 7
491
(4, 1, 2)
2
(7, 59)
-> Request 8
921
(4, 3, 1)
1
(58, 4)
-> Request 9
936
(2, 1, 2)
1
(60, 75)
-> Request 10
963
(4, 2, 1)
2
(66, 3)
-> Request 11
1268
(3, 2, 2)
3
(69, 25)
--> Day : 3
-> Request 0
134
(3, 3, 2)
2
(61, 39)
-> Request 1
153
(4, 2, 1)
2
(51, 63)
-> Request 2
415
(2, 1, 2)
1
(13, 4)
-> Request 3
435
(2, 3, 2)
3
(65, 5)
-> Request 4
466
(2, 2, 2)
1
(61, 19)
-> Request 5
539
(4, 1, 1)
1
(74, 14)
-> Request 6
762
(2, 2, 2)
1
(70, 57)
-> Request 7
896
(1, 3, 2)
1
(61, 45)
-> Request 8
985
(4, 3, 2)
2
(58, 36)
-> Request 9
1242
(4, 1, 1)
3
(27, 14)
-> Request 10
1275
(4, 2, 2)
1
(31, 30)
--> Day : 4
-> Request 0
117
(2, 2, 2)
2
(66, 45)
-> Request 1
190
(2, 2, 1)
3
(77, 53)
-> Request 2
238
(4, 3, 2)
3
(24, 71)
-> Request 3
300
(3, 1, 2)
3
(52, 1)
-> Request 4
431
(2, 1, 1)
2
(20, 26)
-> Request 5
685
(4, 3, 1)
2
(39, 54)
-> Request 6
763
(1, 3, 2)
3
(21, 8)
-> Request 7
780
(1, 1, 2)
1
(22, 43)
-> Request 8
800
(2, 1, 2)
3
(55, 48)
-> Request 9
866
(3, 3, 2)
3
(2, 13)
-> Request 10
965
(1, 1, 2)
3
(75, 69)
-> Request 11
1048
(1, 1, 2)
3
(76, 55)
-> Request 12
1113
(2, 2, 1)
3
(23, 40)
-> Request 13
1155
(4, 2, 2)
1
(69, 7)
-> Request 14
1284
(3, 2, 1)
2
(67, 71)
-> Request 15
1411
(2, 2, 2)
2
(12, 72)
---> Week : 96
--> Day : 0
-> Request 0
29
(1, 3, 2)
2
(69, 59)
-> Request 1
263
(3, 2, 2)
3
(45, 53)
-> Request 2
276
(2, 2, 2)
2
(9, 63)
-> Request 3
321
(3, 2, 1)
2
(23, 36)
-> Request 4
394
(3, 2, 2)
2
(0, 56)
-> Request 5
707
(3, 2, 1)
2
(9, 9)
-> Request 6
871
(1, 1, 2)
2
(48, 10)
-> Request 7
890
(1, 2, 1)
1
(38, 43)
-> Request 8
1026
(1, 1, 1)
3
(73, 49)
-> Request 9
1033
(1, 1, 2)
3
(23, 66)
-> Request 10
1143
(4, 2, 1)
1
(14, 66)
-> Request 11
1148
(2, 1, 2)
3
(30, 15)
-> Request 12
1358
(1, 3, 1)
2
(11, 68)
--> Day : 1
-> Request 0
452
(3, 3, 1)
3
(49, 45)
-> Request 1
502
(4, 1, 1)
1
(55, 6)
-> Request 2
525
(1, 2, 1)
2
(58, 78)
-> Request 3
699
(2, 2, 1)
3
(46, 3)
-> Request 4
818
(4, 3, 2)
3
(6, 15)
-> Request 5
1104
(2, 1, 1)
3
(12, 6)
-> Request 6
1123
(4, 1, 2)
1
(35, 42)
--> Day : 2
-> Request 0
118
(1, 2, 1)
1
(0, 78)
-> Request 1
213
(4, 2, 2)
3
(66, 17)
-> Request 2
259
(3, 2, 1)
2
(29, 9)
-> Request 3
399
(4, 3, 1)
3
(38, 14)
-> Request 4
595
(2, 3, 2)
2
(70, 38)
-> Request 5
722
(4, 1, 1)
3
(29, 18)
-> Request 6
785
(1, 3, 1)
1
(18, 15)
-> Request 7
1178
(2, 2, 2)
3
(3, 56)
-> Request 8
1333
(3, 2, 1)
3
(3, 79)
--> Day : 3
-> Request 0
20
(4, 2, 1)
2
(8, 35)
-> Request 1
176
(3, 3, 1)
1
(59, 63)
-> Request 2
245
(2, 2, 2)
1
(66, 29)
-> Request 3
258
(4, 1, 2)
1
(73, 45)
-> Request 4
282
(3, 3, 2)
1
(65, 38)
-> Request 5
306
(2, 3, 2)
3
(10, 3)
-> Request 6
427
(2, 2, 1)
1
(25, 60)
-> Request 7
439
(3, 1, 1)
3
(5, 33)
-> Request 8
844
(1, 2, 1)
1
(28, 52)
-> Request 9
1009
(2, 1, 2)
2
(14, 45)
-> Request 10
1048
(4, 3, 2)
1
(61, 50)
-> Request 11
1213
(4, 3, 2)
2
(35, 28)
-> Request 12
1217
(2, 3, 1)
3
(19, 45)
-> Request 13
1252
(1, 3, 1)
1
(47, 31)
-> Request 14
1361
(4, 1, 1)
1
(12, 60)
-> Request 15
1380
(3, 2, 2)
1
(3, 33)
--> Day : 4
-> Request 0
389
(2, 1, 1)
3
(19, 21)
-> Request 1
471
(4, 3, 1)
2
(72, 71)
-> Request 2
503
(3, 1, 1)
2
(33, 74)
-> Request 3
508
(3, 3, 2)
1
(55, 63)
-> Request 4
587
(4, 1, 2)
2
(30, 44)
-> Request 5
983
(2, 3, 2)
1
(14, 52)
-> Request 6
1282
(3, 2, 2)
3
(44, 67)
-> Request 7
1392
(4, 2, 1)
1
(35, 47)
---> Week : 97
--> Day : 0
-> Request 0
263
(4, 1, 2)
1
(4, 7)
-> Request 1
362
(1, 2, 1)
1
(44, 36)
-> Request 2
365
(4, 1, 1)
2
(64, 70)
-> Request 3
436
(4, 2, 1)
2
(4, 64)
-> Request 4
708
(3, 3, 1)
2
(72, 11)
-> Request 5
757
(4, 2, 2)
2
(69, 66)
-> Request 6
947
(3, 2, 1)
2
(11, 53)
-> Request 7
1002
(1, 1, 2)
2
(39, 71)
-> Request 8
1312
(1, 3, 1)
3
(31, 52)
-> Request 9
1393
(4, 2, 1)
1
(19, 50)
--> Day : 1
-> Request 0
166
(2, 1, 1)
2
(38, 2)
-> Request 1
712
(2, 3, 1)
2
(78, 75)
-> Request 2
744
(1, 3, 1)
1
(6, 38)
-> Request 3
881
(4, 1, 1)
2
(26, 17)
-> Request 4
1083
(1, 1, 1)
2
(79, 23)
-> Request 5
1398
(3, 3, 2)
3
(66, 44)
--> Day : 2
-> Request 0
59
(3, 3, 1)
3
(33, 2)
-> Request 1
149
(1, 3, 1)
3
(70, 63)
-> Request 2
352
(1, 1, 2)
3
(64, 45)
-> Request 3
423
(3, 2, 1)
2
(1, 10)
-> Request 4
432
(1, 2, 1)
3
(18, 31)
-> Request 5
458
(2, 3, 2)
3
(19, 15)
-> Request 6
639
(1, 2, 2)
2
(55, 33)
-> Request 7
658
(4, 3, 1)
2
(53, 73)
-> Request 8
781
(2, 2, 2)
3
(9, 47)
-> Request 9
1159
(1, 2, 1)
3
(42, 52)
-> Request 10
1277
(4, 1, 1)
1
(28, 46)
--> Day : 3
-> Request 0
161
(2, 1, 1)
1
(4, 78)
-> Request 1
352
(4, 1, 2)
1
(64, 62)
-> Request 2
596
(4, 1, 1)
2
(25, 37)
-> Request 3
731
(1, 3, 1)
2
(15, 57)
-> Request 4
1206
(2, 3, 2)
2
(28, 19)
--> Day : 4
-> Request 0
610
(1, 1, 2)
2
(56, 69)
-> Request 1
705
(2, 2, 2)
1
(74, 72)
-> Request 2
891
(3, 2, 1)
3
(10, 7)
-> Request 3
912
(1, 1, 1)
2
(44, 17)
-> Request 4
1293
(1, 1, 1)
2
(69, 66)
---> Week : 98
--> Day : 0
-> Request 0
36
(3, 1, 1)
3
(0, 53)
-> Request 1
86
(1, 3, 2)
1
(77, 31)
-> Request 2
211
(3, 2, 1)
2
(26, 23)
-> Request 3
250
(2, 2, 2)
3
(39, 21)
-> Request 4
324
(1, 3, 1)
2
(35, 9)
-> Request 5
779
(2, 2, 1)
2
(15, 75)
-> Request 6
803
(4, 1, 1)
2
(46, 76)
-> Request 7
807
(3, 1, 1)
1
(12, 35)
-> Request 8
809
(4, 3, 1)
3
(58, 60)
-> Request 9
966
(2, 3, 2)
2
(35, 49)
-> Request 10
1378
(2, 2, 2)
3
(41, 25)
-> Request 11
1437
(1, 3, 2)
2
(1, 46)
--> Day : 1
-> Request 0
43
(3, 1, 1)
3
(67, 76)
-> Request 1
321
(3, 2, 1)
1
(31, 68)
-> Request 2
724
(1, 2, 2)
2
(62, 25)
-> Request 3
801
(3, 2, 2)
2
(24, 24)
-> Request 4
977
(1, 2, 2)
1
(57, 20)
-> Request 5
1067
(4, 1, 1)
2
(14, 30)
-> Request 6
1069
(1, 1, 1)
2
(64, 50)
-> Request 7
1180
(2, 2, 2)
1
(48, 55)
-> Request 8
1228
(3, 2, 2)
2
(47, 44)
-> Request 9
1404
(3, 2, 2)
2
(21, 64)
--> Day : 2
-> Request 0
11
(3, 1, 1)
1
(32, 51)
-> Request 1
24
(3, 1, 2)
3
(11, 79)
-> Request 2
32
(4, 3, 1)
2
(28, 46)
-> Request 3
159
(4, 2, 1)
1
(64, 31)
-> Request 4
193
(3, 3, 2)
2
(51, 32)
-> Request 5
221
(3, 2, 2)
2
(73, 75)
-> Request 6
273
(2, 2, 1)
3
(30, 42)
-> Request 7
378
(1, 1, 1)
3
(58, 46)
-> Request 8
425
(2, 3, 2)
1
(20, 44)
-> Request 9
634
(4, 2, 2)
1
(16, 5)
-> Request 10
645
(3, 1, 2)
1
(58, 4)
-> Request 11
927
(2, 2, 2)
2
(52, 77)
-> Request 12
1192
(4, 2, 1)
2
(13, 39)
--> Day : 3
-> Request 0
403
(1, 2, 1)
2
(37, 57)
-> Request 1
601
(1, 3, 1)
1
(20, 30)
-> Request 2
939
(1, 3, 2)
2
(27, 32)
-> Request 3
953
(1, 1, 2)
3
(59, 8)
-> Request 4
1188
(2, 1, 1)
3
(26, 53)
-> Request 5
1383
(4, 3, 2)
3
(78, 62)
--> Day : 4
-> Request 0
245
(1, 1, 2)
3
(76, 24)
-> Request 1
397
(2, 1, 1)
2
(22, 0)
-> Request 2
656
(3, 3, 2)
2
(28, 8)
-> Request 3
701
(4, 1, 2)
1
(63, 9)
-> Request 4
870
(2, 3, 1)
3
(36, 35)
-> Request 5
882
(1, 2, 1)
1
(72, 55)
-> Request 6
1029
(1, 2, 2)
3
(15, 3)
-> Request 7
1089
(3, 2, 2)
3
(26, 76)
-> Request 8
1337
(4, 1, 2)
2
(11, 76)
-> Request 9
1409
(4, 2, 1)
3
(43, 50)
-> Request 10
1414
(2, 1, 1)
2
(23, 21)
---> Week : 99
--> Day : 0
-> Request 0
138
(3, 1, 2)
1
(49, 54)
-> Request 1
744
(1, 1, 1)
3
(31, 7)
-> Request 2
762
(1, 2, 1)
2
(10, 46)
-> Request 3
798
(3, 1, 1)
2
(14, 6)
-> Request 4
878
(3, 2, 2)
3
(0, 20)
-> Request 5
951
(4, 3, 2)
1
(28, 53)
-> Request 6
1110
(4, 3, 2)
2
(28, 55)
-> Request 7
1345
(3, 2, 1)
2
(6, 18)
-> Request 8
1419
(4, 1, 2)
1
(24, 23)
--> Day : 1
-> Request 0
47
(2, 1, 1)
3
(45, 52)
-> Request 1
221
(4, 1, 2)
3
(60, 11)
-> Request 2
342
(3, 2, 1)
2
(79, 17)
-> Request 3
438
(3, 1, 1)
3
(43, 24)
-> Request 4
779
(4, 2, 1)
2
(47, 47)
-> Request 5
816
(2, 3, 1)
2
(8, 67)
-> Request 6
818
(1, 3, 1)
2
(59, 31)
-> Request 7
868
(3, 2, 1)
2
(26, 27)
-> Request 8
1044
(1, 3, 1)
1
(79, 20)
-> Request 9
1210
(1, 1, 1)
2
(6, 30)
-> Request 10
1216
(2, 2, 2)
2
(32, 50)
-> Request 11
1261
(1, 3, 2)
1
(36, 53)
--> Day : 2
-> Request 0
350
(3, 2, 1)
3
(43, 72)
-> Request 1
501
(4, 3, 2)
2
(16, 33)
-> Request 2
887
(4, 2, 2)
2
(73, 5)
-> Request 3
951
(3, 1, 2)
3
(59, 74)
-> Request 4
982
(3, 2, 1)
3
(43, 53)
-> Request 5
1055
(2, 2, 2)
3
(21, 55)
-> Request 6
1291
(3, 1, 1)
1
(55, 55)
-> Request 7
1439
(4, 2, 2)
1
(4, 23)
--> Day : 3
-> Request 0
261
(2, 3, 1)
3
(7, 53)
-> Request 1
322
(2, 1, 1)
3
(35, 21)
-> Request 2
399
(3, 2, 2)
1
(25, 57)
-> Request 3
964
(1, 1, 1)
3
(17, 38)
-> Request 4
1176
(1, 2, 2)
2
(71, 38)
-> Request 5
1231
(4, 1, 2)
3
(11, 50)
-> Request 6
1295
(1, 1, 2)
1
(13, 18)
-> Request 7
1320
(2, 3, 2)
2
(76, 45)
-> Request 8
1337
(1, 1, 2)
1
(6, 79)
-> Request 9
1366
(3, 3, 1)
1
(54, 26)
-> Request 10
1404
(4, 3, 1)
1
(23, 52)
-> Request 11
1425
(1, 2, 2)
3
(6, 18)
--> Day : 4
-> Request 0
177
(4, 3, 2)
2
(15, 13)
-> Request 1
558
(2, 3, 2)
1
(34, 43)
-> Request 2
614
(2, 3, 1)
2
(70, 76)
-> Request 3
945
(1, 1, 1)
2
(41, 36)
-> Request 4
1018
(4, 3, 1)
2
(5, 53)
---> Week : 100
--> Day : 0
-> Request 0
33
(2, 1, 2)
3
(4, 73)
-> Request 1
84
(2, 3, 1)
3
(78, 63)
-> Request 2
236
(4, 2, 1)
3
(75, 58)
-> Request 3
532
(1, 1, 1)
3
(35, 55)
-> Request 4
624
(4, 1, 1)
2
(8, 77)
-> Request 5
664
(1, 3, 2)
1
(24, 70)
-> Request 6
688
(1, 1, 2)
1
(61, 75)
-> Request 7
908
(4, 1, 2)
1
(2, 7)
-> Request 8
922
(3, 1, 1)
1
(41, 30)
-> Request 9
1180
(4, 2, 1)
3
(60, 41)
--> Day : 1
-> Request 0
30
(2, 1, 1)
1
(73, 36)
-> Request 1
214
(1, 2, 2)
3
(40, 36)
-> Request 2
275
(3, 1, 1)
3
(7, 53)
-> Request 3
413
(4, 2, 2)
3
(49, 6)
-> Request 4
617
(3, 3, 2)
1
(17, 66)
-> Request 5
641
(2, 3, 2)
2
(33, 20)
-> Request 6
652
(1, 2, 1)
3
(69, 46)
-> Request 7
655
(2, 2, 2)
3
(3, 34)
-> Request 8
773
(3, 2, 2)
1
(20, 60)
-> Request 9
1124
(1, 3, 2)
2
(17, 34)
-> Request 10
1124
(4, 1, 2)
3
(12, 34)
-> Request 11
1229
(1, 3, 1)
3
(44, 31)
--> Day : 2
-> Request 0
55
(4, 2, 1)
1
(60, 59)
-> Request 1
224
(3, 3, 2)
2
(42, 58)
-> Request 2
452
(3, 3, 2)
2
(58, 5)
-> Request 3
1177
(1, 2, 2)
2
(6, 29)
-> Request 4
1226
(2, 3, 1)
3
(5, 75)
-> Request 5
1364
(4, 3, 2)
3
(13, 13)
--> Day : 3
-> Request 0
155
(2, 1, 2)
3
(60, 75)
-> Request 1
177
(2, 2, 2)
1
(55, 9)
-> Request 2
473
(4, 3, 2)
2
(52, 72)
-> Request 3
487
(1, 3, 2)
3
(2, 24)
-> Request 4
628
(1, 2, 2)
3
(8, 24)
-> Request 5
708
(1, 2, 1)
2
(40, 17)
-> Request 6
1161
(3, 1, 1)
1
(40, 19)
-> Request 7
1290
(3, 1, 1)
3
(44, 12)
-> Request 8
1300
(2, 2, 1)
2
(14, 28)
--> Day : 4
-> Request 0
49
(4, 2, 1)
3
(4, 27)
-> Request 1
285
(2, 3, 1)
3
(38, 68)
-> Request 2
350
(1, 2, 1)
3
(11, 37)
-> Request 3
493
(1, 3, 1)
1
(22, 1)
-> Request 4
541
(4, 3, 1)
3
(79, 12)
-> Request 5
1198
(3, 3, 2)
1
(68, 36)
-> Request 6
1223
(1, 1, 1)
2
(79, 59)
-> Request 7
1343
(1, 3, 1)
3
(39, 76)
---> Week : 101
--> Day : 0
-> Request 0
436
(1, 1, 2)
2
(53, 62)
-> Request 1
716
(2, 1, 2)
2
(63, 39)
-> Request 2
718
(4, 1, 1)
1
(43, 77)
-> Request 3
737
(2, 2, 1)
1
(50, 64)
-> Request 4
798
(1, 3, 1)
3
(23, 61)
-> Request 5
1147
(3, 1, 2)
3
(53, 77)
-> Request 6
1340
(1, 3, 1)
2
(62, 11)
--> Day : 1
-> Request 0
69
(3, 2, 1)
1
(13, 47)
-> Request 1
163
(1, 2, 1)
2
(50, 5)
-> Request 2
228
(3, 3, 1)
1
(3, 77)
-> Request 3
270
(1, 2, 2)
1
(33, 61)
-> Request 4
399
(4, 3, 1)
3
(3, 34)
-> Request 5
576
(4, 3, 1)
2
(18, 50)
-> Request 6
663
(3, 1, 1)
1
(55, 33)
-> Request 7
743
(3, 2, 1)
2
(54, 52)
-> Request 8
901
(1, 3, 1)
3
(49, 17)
-> Request 9
972
(2, 1, 1)
1
(47, 6)
-> Request 10
1149
(4, 1, 2)
2
(23, 35)
-> Request 11
1211
(4, 1, 2)
2
(75, 15)
-> Request 12
1318
(1, 2, 1)
1
(71, 40)
-> Request 13
1319
(3, 2, 2)
2
(22, 15)
-> Request 14
1398
(3, 1, 2)
1
(38, 68)
--> Day : 2
-> Request 0
189
(4, 3, 1)
3
(5, 37)
-> Request 1
353
(4, 3, 2)
2
(64, 44)
-> Request 2
411
(4, 1, 1)
1
(64, 57)
-> Request 3
610
(2, 1, 1)
3
(1, 36)
-> Request 4
780
(4, 3, 2)
1
(12, 12)
--> Day : 3
-> Request 0
21
(1, 3, 1)
1
(20, 47)
-> Request 1
61
(3, 3, 2)
2
(17, 37)
-> Request 2
176
(1, 3, 2)
2
(19, 15)
-> Request 3
392
(1, 3, 1)
1
(5, 75)
-> Request 4
416
(1, 3, 2)
3
(68, 46)
-> Request 5
631
(3, 1, 2)
2
(21, 70)
-> Request 6
781
(2, 2, 1)
2
(72, 10)
-> Request 7
795
(3, 3, 1)
3
(26, 79)
-> Request 8
909
(2, 3, 2)
2
(9, 78)
-> Request 9
930
(1, 1, 2)
1
(44, 43)
-> Request 10
1057
(1, 3, 2)
2
(8, 74)
-> Request 11
1134
(1, 3, 1)
2
(60, 19)
-> Request 12
1226
(2, 3, 1)
2
(13, 34)
-> Request 13
1231
(1, 2, 2)
2
(48, 31)
-> Request 14
1249
(2, 3, 1)
1
(76, 74)
-> Request 15
1255
(2, 2, 2)
1
(28, 52)
-> Request 16
1312
(3, 1, 1)
2
(75, 17)
-> Request 17
1353
(1, 3, 2)
1
(5, 11)
-> Request 18
1385
(2, 2, 1)
3
(23, 54)
-> Request 19
1387
(2, 3, 1)
3
(77, 72)
--> Day : 4
-> Request 0
9
(2, 1, 1)
1
(69, 3)
-> Request 1
258
(4, 1, 2)
2
(45, 5)
-> Request 2
417
(4, 3, 2)
2
(14, 59)
-> Request 3
539
(4, 3, 1)
2
(8, 33)
-> Request 4
776
(1, 1, 2)
2
(40, 26)
-> Request 5
812
(3, 3, 1)
3
(20, 30)
---> Week : 102
--> Day : 0
-> Request 0
56
(1, 3, 1)
1
(40, 22)
-> Request 1
437
(1, 3, 1)
1
(16, 65)
-> Request 2
658
(1, 1, 2)
3
(24, 51)
-> Request 3
724
(4, 1, 1)
1
(10, 9)
-> Request 4
955
(4, 3, 1)
3
(9, 41)
-> Request 5
1054
(3, 1, 2)
3
(19, 26)
-> Request 6
1100
(3, 2, 1)
1
(39, 68)
-> Request 7
1337
(3, 3, 2)
2
(1, 44)
--> Day : 1
-> Request 0
82
(3, 1, 1)
3
(67, 7)
-> Request 1
243
(2, 1, 2)
3
(57, 49)
-> Request 2
426
(2, 2, 2)
2
(17, 61)
-> Request 3
571
(4, 1, 2)
3
(55, 47)
-> Request 4
586
(2, 3, 1)
2
(23, 19)
-> Request 5
624
(3, 3, 1)
1
(4, 64)
-> Request 6
856
(3, 1, 1)
1
(25, 4)
-> Request 7
1112
(4, 2, 1)
3
(38, 55)
--> Day : 2
-> Request 0
27
(2, 3, 1)
2
(48, 16)
-> Request 1
313
(1, 1, 1)
1
(63, 28)
-> Request 2
433
(4, 2, 1)
2
(15, 56)
-> Request 3
547
(3, 3, 1)
2
(14, 1)
-> Request 4
580
(1, 2, 1)
3
(77, 4)
-> Request 5
902
(4, 3, 1)
2
(48, 31)
-> Request 6
1101
(1, 3, 1)
1
(26, 8)
--> Day : 3
-> Request 0
47
(4, 3, 1)
1
(75, 57)
-> Request 1
119
(4, 2, 1)
1
(64, 41)
-> Request 2
541
(3, 1, 1)
1
(50, 8)
-> Request 3
950
(3, 2, 1)
1
(5, 79)
-> Request 4
963
(1, 2, 2)
1
(49, 42)
-> Request 5
977
(1, 2, 1)
3
(24, 39)
-> Request 6
995
(2, 3, 2)
3
(33, 68)
-> Request 7
1049
(4, 1, 1)
1
(21, 58)
-> Request 8
1055
(4, 1, 1)
3
(8, 48)
-> Request 9
1194
(4, 2, 2)
3
(35, 44)
-> Request 10
1384
(3, 2, 2)
1
(61, 10)
--> Day : 4
-> Request 0
279
(3, 2, 1)
3
(7, 49)
-> Request 1
316
(4, 3, 1)
2
(24, 24)
-> Request 2
341
(4, 2, 1)
1
(71, 22)
-> Request 3
465
(3, 3, 2)
1
(26, 19)
-> Request 4
510
(1, 2, 2)
3
(71, 53)
-> Request 5
549
(3, 2, 2)
1
(31, 65)
-> Request 6
638
(1, 3, 2)
2
(37, 40)
-> Request 7
658
(3, 1, 2)
2
(2, 5)
-> Request 8
777
(4, 3, 1)
1
(62, 37)
-> Request 9
789
(1, 3, 2)
1
(55, 13)
-> Request 10
941
(3, 3, 1)
1
(67, 10)
-> Request 11
1181
(3, 2, 1)
3
(5, 67)
-> Request 12
1198
(3, 2, 2)
3
(9, 34)
-> Request 13
1247
(4, 2, 1)
2
(23, 30)
-> Request 14
1283
(1, 2, 2)
3
(17, 67)
-> Request 15
1297
(2, 2, 1)
1
(3, 78)
-> Request 16
1420
(4, 1, 1)
3
(60, 3)
---> Week : 103
--> Day : 0
-> Request 0
112
(2, 3, 2)
1
(59, 74)
-> Request 1
199
(4, 2, 1)
3
(3, 17)
-> Request 2
514
(1, 1, 2)
3
(24, 8)
-> Request 3
723
(2, 3, 1)
1
(40, 74)
-> Request 4
729
(4, 2, 1)
2
(27, 10)
-> Request 5
968
(3, 3, 1)
1
(3, 61)
-> Request 6
1394
(4, 1, 2)
2
(68, 10)
--> Day : 1
-> Request 0
291
(3, 1, 1)
3
(9, 18)
-> Request 1
643
(4, 3, 1)
1
(9, 8)
-> Request 2
835
(3, 1, 2)
1
(31, 75)
-> Request 3
954
(1, 2, 1)
1
(55, 2)
-> Request 4
972
(2, 3, 2)
2
(35, 26)
-> Request 5
973
(4, 1, 2)
2
(74, 40)
-> Request 6
1090
(4, 2, 2)
1
(23, 39)
-> Request 7
1153
(1, 2, 2)
2
(51, 50)
-> Request 8
1247
(1, 2, 2)
3
(46, 36)
-> Request 9
1386
(4, 2, 2)
3
(43, 30)
--> Day : 2
-> Request 0
93
(2, 2, 1)
2
(71, 8)
-> Request 1
486
(1, 3, 2)
1
(60, 58)
-> Request 2
521
(4, 3, 1)
3
(53, 49)
-> Request 3
773
(3, 2, 1)
3
(76, 76)
-> Request 4
968
(1, 1, 2)
2
(18, 42)
-> Request 5
1092
(1, 2, 1)
3
(66, 4)
-> Request 6
1096
(4, 3, 1)
3
(18, 8)
-> Request 7
1108
(3, 2, 2)
2
(40, 36)
-> Request 8
1168
(2, 1, 2)
1
(49, 39)
-> Request 9
1256
(3, 1, 1)
1
(62, 64)
-> Request 10
1358
(4, 2, 1)
2
(27, 39)
--> Day : 3
-> Request 0
65
(2, 1, 2)
3
(25, 63)
-> Request 1
85
(4, 1, 2)
1
(46, 56)
-> Request 2
154
(1, 1, 1)
3
(74, 12)
-> Request 3
550
(2, 1, 2)
1
(13, 59)
-> Request 4
600
(2, 1, 1)
3
(63, 0)
-> Request 5
885
(1, 3, 1)
3
(4, 74)
-> Request 6
1144
(2, 3, 2)
1
(71, 9)
-> Request 7
1208
(2, 2, 1)
1
(18, 16)
-> Request 8
1294
(3, 1, 2)
2
(36, 5)
--> Day : 4
-> Request 0
110
(1, 1, 1)
3
(1, 19)
-> Request 1
284
(3, 3, 1)
3
(66, 6)
-> Request 2
290
(1, 1, 1)
3
(15, 61)
-> Request 3
641
(4, 2, 2)
2
(14, 41)
-> Request 4
644
(1, 3, 1)
2
(49, 9)
-> Request 5
1142
(2, 2, 2)
1
(60, 67)
---> Week : 104
--> Day : 0
-> Request 0
83
(1, 3, 1)
2
(6, 31)
-> Request 1
91
(1, 3, 2)
2
(76, 43)
-> Request 2
153
(1, 2, 1)
3
(7, 46)
-> Request 3
232
(4, 3, 2)
1
(70, 73)
-> Request 4
427
(1, 2, 2)
3
(49, 76)
-> Request 5
935
(1, 3, 2)
3
(56, 5)
-> Request 6
1325
(3, 2, 1)
2
(20, 67)
--> Day : 1
-> Request 0
55
(3, 2, 2)
1
(48, 41)
-> Request 1
693
(2, 1, 2)
1
(76, 56)
-> Request 2
1095
(2, 1, 1)
2
(61, 67)
-> Request 3
1125
(1, 3, 1)
3
(36, 60)
--> Day : 2
-> Request 0
120
(2, 2, 2)
1
(78, 38)
-> Request 1
227
(4, 2, 2)
2
(47, 47)
-> Request 2
605
(3, 1, 1)
3
(38, 16)
-> Request 3
970
(1, 3, 1)
1
(60, 41)
-> Request 4
1037
(1, 2, 2)
2
(29, 42)
-> Request 5
1122
(3, 1, 2)
2
(35, 13)
-> Request 6
1323
(1, 3, 1)
3
(52, 33)
-> Request 7
1337
(4, 2, 2)
1
(70, 76)
--> Day : 3
-> Request 0
4
(2, 3, 2)
3
(17, 71)
-> Request 1
45
(2, 1, 1)
1
(52, 44)
-> Request 2
488
(3, 1, 1)
1
(27, 65)
-> Request 3
561
(3, 3, 1)
3
(31, 43)
-> Request 4
742
(2, 2, 1)
1
(64, 4)
-> Request 5
792
(2, 3, 2)
3
(4, 70)
-> Request 6
871
(4, 2, 2)
2
(11, 69)
-> Request 7
1047
(1, 3, 1)
3
(24, 33)
-> Request 8
1164
(3, 3, 2)
2
(28, 34)
-> Request 9
1243
(4, 2, 2)
1
(75, 56)
-> Request 10
1420
(3, 1, 1)
1
(75, 14)
--> Day : 4
-> Request 0
7
(1, 1, 2)
2
(6, 36)
-> Request 1
507
(1, 2, 1)
1
(14, 14)
-> Request 2
651
(3, 1, 1)
2
(16, 71)
-> Request 3
790
(1, 3, 2)
3
(22, 14)
-> Request 4
799
(1, 3, 2)
3
(5, 54)
-> Request 5
910
(4, 1, 1)
1
(75, 5)
-> Request 6
1299
(4, 1, 2)
1
(28, 67)
-> Request 7
1413
(3, 2, 1)
2
(15, 42)
---> Week : 105
--> Day : 0
-> Request 0
188
(2, 2, 2)
1
(19, 36)
-> Request 1
406
(4, 1, 2)
2
(78, 24)
-> Request 2
499
(3, 3, 1)
3
(52, 59)
-> Request 3
514
(2, 2, 1)
3
(5, 43)
-> Request 4
895
(3, 2, 1)
1
(37, 75)
-> Request 5
944
(2, 2, 2)
1
(62, 28)
-> Request 6
965
(4, 2, 2)
1
(45, 31)
-> Request 7
999
(3, 3, 2)
3
(76, 25)
-> Request 8
1171
(3, 1, 1)
1
(20, 78)
-> Request 9
1297
(1, 1, 2)
2
(72, 0)
-> Request 10
1304
(4, 1, 1)
1
(34, 27)
--> Day : 1
-> Request 0
80
(2, 2, 2)
3
(64, 56)
-> Request 1
275
(2, 3, 1)
1
(12, 1)
-> Request 2
496
(4, 2, 2)
2
(47, 76)
-> Request 3
580
(4, 1, 2)
2
(44, 36)
-> Request 4
995
(4, 3, 1)
3
(79, 34)
-> Request 5
1009
(1, 1, 1)
1
(20, 61)
-> Request 6
1139
(1, 2, 1)
2
(6, 26)
-> Request 7
1348
(3, 1, 2)
3
(1, 37)
--> Day : 2
-> Request 0
48
(4, 3, 2)
3
(70, 35)
-> Request 1
406
(4, 3, 1)
1
(42, 29)
-> Request 2
580
(3, 2, 1)
3
(73, 6)
-> Request 3
873
(4, 3, 1)
3
(40, 73)
-> Request 4
935
(3, 2, 1)
1
(30, 1)
-> Request 5
979
(1, 2, 2)
2
(46, 65)
-> Request 6
1225
(3, 2, 1)
2
(56, 32)
--> Day : 3
-> Request 0
162
(3, 3, 2)
3
(57, 49)
-> Request 1
186
(4, 3, 1)
1
(10, 75)
-> Request 2
637
(2, 2, 1)
2
(60, 33)
-> Request 3
731
(3, 3, 2)
3
(75, 23)
-> Request 4
847
(4, 3, 2)
1
(77, 9)
-> Request 5
1032
(1, 1, 1)
3
(61, 4)
-> Request 6
1214
(2, 1, 1)
1
(58, 0)
-> Request 7
1275
(4, 1, 2)
3
(34, 70)
--> Day : 4
-> Request 0
960
(2, 1, 2)
3
(43, 76)
-> Request 1
999
(3, 3, 1)
3
(39, 65)
-> Request 2
1234
(4, 1, 1)
1
(24, 64)
-> Request 3
1372
(3, 2, 2)
3
(23, 12)
---> Week : 106
--> Day : 0
-> Request 0
186
(3, 1, 1)
3
(41, 29)
-> Request 1
258
(2, 2, 1)
1
(49, 10)
--> Day : 1
-> Request 0
62
(2, 2, 1)
3
(65, 41)
-> Request 1
176
(3, 2, 1)
2
(44, 49)
-> Request 2
294
(4, 3, 1)
2
(13, 38)
-> Request 3
392
(4, 3, 1)
1
(68, 42)
-> Request 4
445
(2, 2, 2)
2
(15, 48)
-> Request 5
463
(4, 3, 2)
1
(60, 68)
-> Request 6
608
(3, 1, 2)
3
(66, 75)
-> Request 7
671
(1, 3, 1)
1
(65, 24)
-> Request 8
746
(4, 3, 2)
2
(24, 45)
-> Request 9
783
(4, 2, 2)
2
(41, 57)
-> Request 10
996
(2, 3, 1)
2
(25, 35)
-> Request 11
1219
(1, 3, 2)
2
(74, 55)
-> Request 12
1344
(3, 3, 2)
3
(9, 4)
-> Request 13
1438
(1, 3, 2)
1
(77, 11)
--> Day : 2
-> Request 0
67
(4, 3, 1)
3
(73, 64)
-> Request 1
242
(1, 2, 1)
1
(70, 11)
-> Request 2
299
(3, 1, 2)
3
(46, 47)
-> Request 3
430
(1, 2, 2)
2
(33, 13)
-> Request 4
452
(4, 1, 1)
3
(40, 43)
-> Request 5
481
(4, 1, 2)
3
(14, 32)
-> Request 6
500
(1, 2, 2)
3
(65, 3)
-> Request 7
562
(2, 2, 2)
1
(55, 44)
-> Request 8
698
(1, 3, 2)
1
(70, 22)
-> Request 9
871
(3, 3, 2)
2
(58, 20)
-> Request 10
1060
(3, 1, 2)
1
(73, 31)
--> Day : 3
-> Request 0
101
(2, 2, 2)
2
(24, 44)
-> Request 1
133
(4, 3, 2)
2
(48, 15)
-> Request 2
150
(4, 2, 2)
3
(29, 18)
-> Request 3
157
(4, 2, 2)
1
(23, 29)
-> Request 4
273
(4, 3, 1)
3
(30, 78)
-> Request 5
332
(3, 1, 1)
3
(6, 37)
-> Request 6
447
(4, 2, 1)
3
(33, 20)
-> Request 7
572
(1, 2, 1)
3
(60, 44)
-> Request 8
572
(1, 1, 1)
1
(7, 20)
-> Request 9
646
(3, 2, 1)
3
(32, 58)
-> Request 10
908
(4, 2, 1)
3
(0, 9)
-> Request 11
1219
(3, 2, 1)
1
(2, 52)
-> Request 12
1231
(4, 3, 2)
1
(73, 19)
--> Day : 4
-> Request 0
170
(1, 3, 1)
1
(54, 7)
-> Request 1
424
(2, 2, 2)
1
(27, 71)
-> Request 2
540
(3, 3, 2)
3
(7, 31)
-> Request 3
598
(2, 2, 2)
1
(20, 20)
-> Request 4
1008
(4, 2, 1)
1
(51, 52)
-> Request 5
1358
(3, 1, 1)
2
(54, 73)
-> Request 6
1397
(2, 1, 1)
2
(76, 67)
---> Week : 107
--> Day : 0
-> Request 0
26
(4, 1, 2)
2
(61, 13)
-> Request 1
183
(3, 2, 2)
3
(46, 1)
-> Request 2
250
(3, 3, 1)
2
(48, 12)
-> Request 3
672
(4, 1, 2)
3
(22, 21)
-> Request 4
678
(4, 3, 1)
3
(42, 78)
-> Request 5
710
(2, 2, 2)
1
(60, 41)
-> Request 6
732
(2, 3, 2)
3
(65, 78)
-> Request 7
853
(3, 1, 2)
3
(65, 40)
-> Request 8
1173
(2, 3, 1)
1
(13, 59)
--> Day : 1
-> Request 0
152
(2, 2, 2)
1
(17, 56)
-> Request 1
333
(1, 3, 2)
1
(4, 28)
-> Request 2
408
(3, 2, 2)
2
(40, 23)
-> Request 3
583
(1, 1, 2)
1
(22, 24)
-> Request 4
629
(1, 2, 2)
2
(12, 13)
-> Request 5
796
(2, 3, 1)
1
(52, 29)
-> Request 6
846
(3, 3, 1)
2
(50, 43)
-> Request 7
870
(4, 1, 1)
3
(74, 11)
-> Request 8
1235
(4, 2, 1)
2
(6, 79)
-> Request 9
1420
(4, 3, 1)
1
(74, 28)
--> Day : 2
-> Request 0
148
(3, 3, 1)
2
(55, 24)
-> Request 1
301
(1, 3, 1)
1
(53, 33)
-> Request 2
302
(2, 1, 2)
1
(55, 55)
-> Request 3
525
(4, 2, 2)
2
(37, 47)
-> Request 4
635
(2, 3, 1)
3
(64, 71)
-> Request 5
745
(2, 2, 2)
2
(14, 77)
-> Request 6
1265
(4, 2, 1)
2
(18, 26)
--> Day : 3
-> Request 0
95
(4, 3, 1)
3
(10, 13)
-> Request 1
237
(1, 2, 1)
1
(27, 0)
-> Request 2
245
(3, 2, 2)
1
(29, 21)
-> Request 3
627
(2, 3, 2)
1
(50, 74)
-> Request 4
669
(1, 1, 2)
1
(25, 19)
-> Request 5
711
(4, 2, 2)
2
(69, 15)
-> Request 6
731
(1, 2, 1)
2
(52, 72)
-> Request 7
758
(3, 3, 1)
3
(25, 31)
-> Request 8
763
(4, 1, 2)
3
(21, 78)
-> Request 9
844
(3, 2, 2)
2
(77, 21)
-> Request 10
1048
(3, 3, 2)
3
(77, 42)
-> Request 11
1189
(3, 1, 2)
2
(46, 12)
--> Day : 4
-> Request 0
3
(1, 1, 2)
3
(71, 52)
-> Request 1
288
(3, 3, 1)
2
(38, 25)
-> Request 2
547
(1, 3, 2)
3
(66, 42)
-> Request 3
679
(4, 2, 1)
3
(43, 66)
-> Request 4
713
(1, 3, 2)
1
(2, 14)
-> Request 5
853
(3, 3, 2)
1
(78, 51)
-> Request 6
1055
(4, 3, 1)
2
(34, 77)
-> Request 7
1069
(4, 1, 1)
2
(71, 20)
-> Request 8
1116
(1, 2, 1)
1
(60, 77)
-> Request 9
1405
(3, 1, 1)
2
(45, 13)
---> Week : 108
--> Day : 0
-> Request 0
597
(4, 2, 1)
1
(3, 14)
-> Request 1
710
(3, 3, 1)
2
(7, 2)
-> Request 2
934
(3, 1, 2)
2
(33, 23)
-> Request 3
1076
(4, 2, 2)
3
(14, 7)
-> Request 4
1078
(1, 3, 1)
1
(46, 32)
-> Request 5
1215
(4, 1, 1)
3
(50, 38)
-> Request 6
1255
(2, 2, 2)
3
(32, 79)
-> Request 7
1300
(3, 2, 1)
3
(70, 42)
--> Day : 1
-> Request 0
58
(2, 1, 1)
3
(70, 54)
-> Request 1
120
(4, 2, 1)
1
(65, 1)
-> Request 2
220
(3, 1, 2)
1
(47, 5)
-> Request 3
280
(2, 2, 1)
3
(60, 43)
-> Request 4
618
(4, 3, 2)
3
(30, 32)
-> Request 5
685
(3, 3, 1)
3
(27, 9)
-> Request 6
769
(1, 2, 2)
3
(54, 58)
-> Request 7
930
(1, 1, 1)
3
(24, 39)
--> Day : 2
-> Request 0
57
(3, 3, 1)
2
(49, 41)
-> Request 1
84
(1, 1, 1)
3
(61, 12)
-> Request 2
249
(3, 1, 2)
2
(8, 12)
-> Request 3
398
(3, 3, 1)
3
(62, 45)
-> Request 4
596
(2, 1, 1)
3
(41, 49)
-> Request 5
686
(4, 3, 2)
1
(18, 62)
-> Request 6
736
(1, 3, 2)
3
(14, 6)
-> Request 7
770
(2, 2, 2)
2
(52, 32)
-> Request 8
854
(2, 1, 1)
3
(57, 78)
-> Request 9
925
(4, 1, 2)
2
(67, 55)
-> Request 10
1369
(2, 1, 2)
2
(36, 43)
--> Day : 3
-> Request 0
62
(3, 2, 2)
1
(26, 49)
-> Request 1
69
(4, 1, 1)
2
(41, 45)
-> Request 2
87
(4, 3, 2)
3
(45, 76)
-> Request 3
140
(3, 2, 2)
2
(60, 2)
-> Request 4
667
(1, 2, 1)
3
(77, 64)
-> Request 5
712
(1, 3, 1)
3
(51, 23)
-> Request 6
834
(1, 2, 2)
3
(79, 41)
-> Request 7
872
(2, 2, 1)
2
(79, 75)
-> Request 8
1245
(4, 3, 1)
1
(26, 20)
-> Request 9
1393
(4, 2, 2)
1
(50, 23)
--> Day : 4
-> Request 0
26
(3, 1, 2)
3
(15, 53)
-> Request 1
171
(2, 2, 2)
3
(33, 57)
-> Request 2
317
(1, 2, 2)
3
(45, 75)
-> Request 3
534
(1, 3, 1)
1
(1, 73)
-> Request 4
629
(1, 1, 1)
2
(24, 0)
-> Request 5
718
(4, 3, 1)
1
(56, 15)
-> Request 6
758
(1, 1, 1)
1
(0, 53)
-> Request 7
905
(4, 1, 2)
1
(78, 42)
-> Request 8
955
(4, 3, 2)
3
(57, 24)
-> Request 9
1080
(4, 1, 1)
1
(36, 38)
-> Request 10
1085
(4, 3, 1)
1
(34, 35)
-> Request 11
1190
(1, 2, 2)
2
(22, 22)
-> Request 12
1376
(1, 2, 1)
3
(17, 72)
---> Week : 109
--> Day : 0
-> Request 0
327
(4, 3, 2)
1
(66, 56)
-> Request 1
533
(2, 3, 1)
2
(44, 77)
-> Request 2
533
(4, 1, 1)
1
(74, 47)
-> Request 3
591
(2, 1, 2)
2
(22, 0)
-> Request 4
598
(3, 2, 1)
2
(45, 75)
-> Request 5
768
(2, 3, 1)
1
(51, 13)
-> Request 6
1120
(2, 1, 2)
3
(5, 20)
-> Request 7
1248
(2, 2, 2)
3
(10, 28)
-> Request 8
1253
(4, 1, 1)
3
(69, 30)
-> Request 9
1373
(4, 3, 2)
2
(29, 64)
-> Request 10
1413
(3, 3, 2)
1
(40, 78)
--> Day : 1
-> Request 0
174
(4, 2, 1)
3
(31, 50)
-> Request 1
556
(3, 1, 1)
1
(20, 18)
-> Request 2
566
(3, 2, 2)
3
(70, 38)
-> Request 3
638
(3, 2, 1)
3
(6, 36)
-> Request 4
1014
(4, 1, 1)
2
(25, 32)
-> Request 5
1046
(3, 3, 1)
1
(45, 20)
-> Request 6
1311
(1, 1, 1)
1
(1, 40)
--> Day : 2
-> Request 0
302
(4, 3, 1)
1
(39, 72)
-> Request 1
482
(4, 2, 2)
2
(66, 61)
-> Request 2
678
(2, 3, 1)
2
(39, 64)
-> Request 3
775
(4, 2, 1)
3
(33, 10)
-> Request 4
894
(1, 2, 1)
1
(69, 59)
-> Request 5
1336
(4, 2, 1)
1
(75, 58)
-> Request 6
1365
(4, 3, 2)
3
(49, 8)
--> Day : 3
-> Request 0
136
(2, 1, 2)
3
(72, 47)
-> Request 1
210
(4, 3, 2)
1
(39, 48)
-> Request 2
220
(2, 2, 1)
1
(73, 7)
-> Request 3
235
(1, 3, 1)
1
(17, 29)
-> Request 4
239
(3, 1, 2)
2
(19, 72)
-> Request 5
418
(3, 2, 2)
3
(69, 63)
-> Request 6
418
(4, 2, 2)
2
(20, 37)
-> Request 7
420
(4, 3, 1)
1
(6, 76)
-> Request 8
678
(2, 3, 2)
1
(20, 9)
-> Request 9
721
(3, 1, 1)
3
(7, 44)
-> Request 10
839
(2, 1, 2)
1
(7, 65)
-> Request 11
876
(4, 2, 2)
3
(24, 49)
-> Request 12
1258
(2, 2, 1)
2
(1, 75)
-> Request 13
1286
(3, 2, 1)
2
(30, 72)
-> Request 14
1352
(1, 2, 2)
1
(75, 33)
--> Day : 4
-> Request 0
1
(1, 3, 1)
2
(60, 68)
-> Request 1
128
(2, 2, 2)
3
(36, 26)
-> Request 2
134
(1, 1, 2)
3
(74, 49)
-> Request 3
167
(2, 1, 2)
2
(22, 46)
-> Request 4
249
(3, 2, 1)
3
(70, 47)
-> Request 5
555
(1, 1, 2)
3
(26, 6)
-> Request 6
571
(3, 1, 2)
1
(66, 29)
-> Request 7
641
(2, 1, 2)
2
(21, 29)
-> Request 8
699
(2, 1, 2)
3
(57, 40)
-> Request 9
730
(4, 3, 2)
2
(37, 62)
-> Request 10
837
(4, 3, 2)
1
(66, 31)
-> Request 11
958
(2, 1, 2)
2
(2, 29)
-> Request 12
1015
(1, 3, 2)
2
(27, 35)
-> Request 13
1311
(3, 2, 1)
3
(56, 33)
-> Request 14
1317
(4, 3, 2)
2
(28, 72)
-> Request 15
1349
(3, 2, 1)
3
(29, 0)
-> Request 16
1368
(4, 2, 1)
1
(7, 10)
-> Request 17
1385
(1, 2, 1)
3
(63, 61)
---> Week : 110
--> Day : 0
-> Request 0
59
(2, 2, 2)
3
(27, 37)
-> Request 1
99
(3, 1, 1)
3
(78, 63)
-> Request 2
1136
(4, 3, 1)
3
(8, 73)
--> Day : 1
-> Request 0
69
(4, 2, 1)
1
(7, 54)
-> Request 1
84
(2, 3, 1)
1
(2, 60)
-> Request 2
190
(3, 2, 2)
3
(79, 65)
-> Request 3
249
(4, 1, 1)
1
(16, 33)
-> Request 4
554
(2, 1, 1)
3
(14, 34)
-> Request 5
556
(4, 2, 2)
1
(69, 65)
-> Request 6
924
(1, 2, 2)
3
(54, 46)
-> Request 7
1124
(2, 2, 2)
2
(64, 27)
--> Day : 2
-> Request 0
86
(2, 3, 2)
1
(36, 6)
-> Request 1
363
(3, 3, 1)
2
(40, 9)
-> Request 2
496
(3, 2, 1)
3
(53, 71)
-> Request 3
894
(4, 3, 2)
3
(44, 50)
--> Day : 3
-> Request 0
52
(3, 3, 2)
1
(14, 77)
-> Request 1
156
(2, 1, 2)
3
(9, 51)
-> Request 2
407
(1, 3, 2)
2
(75, 36)
-> Request 3
543
(2, 2, 2)
3
(69, 41)
-> Request 4
782
(3, 2, 2)
1
(40, 10)
-> Request 5
806
(4, 2, 2)
1
(0, 59)
-> Request 6
1008
(3, 1, 2)
2
(70, 6)
-> Request 7
1049
(1, 1, 2)
3
(27, 12)
-> Request 8
1085
(2, 2, 2)
1
(69, 39)
-> Request 9
1170
(2, 3, 1)
3
(51, 52)
--> Day : 4
-> Request 0
8
(4, 3, 1)
3
(66, 38)
-> Request 1
123
(2, 3, 1)
3
(47, 63)
-> Request 2
135
(1, 1, 2)
1
(70, 4)
-> Request 3
211
(4, 1, 2)
1
(79, 27)
-> Request 4
275
(2, 3, 1)
2
(68, 60)
-> Request 5
370
(4, 2, 1)
2
(6, 20)
-> Request 6
534
(3, 1, 1)
2
(58, 31)
-> Request 7
945
(2, 3, 1)
1
(12, 17)
-> Request 8
1125
(4, 2, 1)
2
(63, 28)
-> Request 9
1203
(1, 3, 1)
1
(74, 73)
-> Request 10
1351
(3, 2, 2)
2
(69, 33)
---> Week : 111
--> Day : 0
-> Request 0
362
(3, 3, 1)
2
(42, 28)
-> Request 1
403
(4, 3, 1)
2
(34, 20)
-> Request 2
567
(2, 1, 2)
3
(23, 19)
-> Request 3
860
(4, 2, 2)
3
(33, 57)
-> Request 4
883
(4, 1, 2)
3
(33, 11)
-> Request 5
1312
(1, 3, 1)
1
(70, 60)
-> Request 6
1317
(4, 3, 2)
2
(28, 37)
-> Request 7
1347
(3, 3, 1)
1
(5, 75)
-> Request 8
1364
(1, 3, 1)
1
(48, 2)
--> Day : 1
-> Request 0
47
(3, 2, 2)
2
(35, 20)
-> Request 1
209
(1, 2, 2)
2
(48, 41)
-> Request 2
255
(1, 1, 2)
2
(38, 61)
-> Request 3
270
(2, 2, 2)
1
(1, 40)
-> Request 4
471
(1, 2, 2)
2
(15, 75)
-> Request 5
740
(3, 3, 1)
1
(76, 32)
-> Request 6
937
(2, 2, 2)
2
(79, 51)
-> Request 7
1015
(2, 3, 2)
1
(45, 70)
-> Request 8
1030
(3, 1, 1)
1
(31, 2)
-> Request 9
1060
(1, 1, 1)
2
(49, 52)
-> Request 10
1307
(1, 2, 1)
1
(35, 61)
-> Request 11
1409
(1, 1, 2)
3
(11, 3)
--> Day : 2
-> Request 0
76
(1, 1, 2)
3
(71, 78)
-> Request 1
771
(1, 1, 1)
3
(42, 49)
-> Request 2
843
(3, 2, 2)
2
(28, 47)
-> Request 3
906
(3, 3, 1)
2
(52, 35)
-> Request 4
964
(2, 2, 1)
1
(76, 13)
-> Request 5
1154
(4, 3, 2)
2
(59, 35)
-> Request 6
1184
(2, 1, 1)
2
(4, 51)
-> Request 7
1232
(2, 2, 2)
3
(24, 59)
-> Request 8
1413
(3, 1, 2)
3
(42, 77)
--> Day : 3
-> Request 0
226
(4, 1, 1)
2
(46, 70)
-> Request 1
280
(3, 3, 2)
2
(30, 76)
-> Request 2
391
(2, 3, 1)
2
(55, 26)
-> Request 3
445
(3, 3, 1)
1
(1, 70)
-> Request 4
660
(2, 3, 2)
1
(79, 6)
-> Request 5
712
(3, 2, 1)
2
(68, 13)
-> Request 6
1275
(3, 2, 2)
2
(16, 45)
--> Day : 4
-> Request 0
42
(1, 3, 1)
3
(1, 55)
-> Request 1
140
(2, 1, 2)
3
(46, 71)
-> Request 2
174
(3, 2, 2)
1
(39, 45)
-> Request 3
194
(4, 3, 2)
3
(79, 0)
-> Request 4
207
(3, 1, 2)
1
(56, 1)
-> Request 5
403
(2, 1, 1)
3
(13, 64)
-> Request 6
540
(3, 1, 1)
1
(53, 64)
-> Request 7
586
(2, 3, 1)
1
(35, 11)
-> Request 8
591
(4, 2, 1)
3
(60, 77)
-> Request 9
631
(2, 2, 1)
1
(12, 37)
-> Request 10
645
(3, 1, 2)
2
(9, 51)
-> Request 11
832
(3, 1, 2)
1
(55, 16)
-> Request 12
993
(4, 3, 1)
1
(13, 54)
-> Request 13
1001
(1, 2, 1)
3
(16, 71)
-> Request 14
1151
(2, 3, 1)
1
(10, 70)
-> Request 15
1174
(2, 2, 2)
2
(22, 64)
-> Request 16
1337
(1, 2, 1)
1
(66, 68)
-> Request 17
1390
(1, 3, 1)
1
(41, 11)
---> Week : 112
--> Day : 0
-> Request 0
121
(1, 2, 2)
2
(30, 29)
-> Request 1
208
(3, 2, 1)
1
(18, 10)
-> Request 2
264
(2, 1, 1)
1
(51, 76)
-> Request 3
606
(2, 1, 1)
1
(32, 33)
-> Request 4
660
(3, 3, 2)
3
(74, 64)
-> Request 5
1027
(1, 1, 1)
3
(21, 27)
-> Request 6
1304
(3, 3, 1)
3
(27, 13)
-> Request 7
1430
(3, 2, 1)
2
(9, 39)
--> Day : 1
-> Request 0
37
(3, 2, 2)
2
(14, 52)
-> Request 1
468
(4, 2, 1)
1
(55, 58)
-> Request 2
516
(2, 2, 1)
1
(40, 1)
-> Request 3
665
(4, 1, 1)
2
(2, 77)
-> Request 4
742
(1, 1, 1)
3
(58, 7)
-> Request 5
936
(2, 3, 2)
3
(61, 24)
-> Request 6
1217
(2, 2, 1)
3
(44, 27)
-> Request 7
1294
(4, 1, 1)
2
(7, 16)
--> Day : 2
-> Request 0
111
(2, 3, 2)
2
(17, 27)
-> Request 1
164
(4, 3, 1)
3
(10, 36)
-> Request 2
185
(3, 1, 2)
2
(10, 56)
-> Request 3
281
(2, 3, 2)
3
(33, 13)
-> Request 4
514
(3, 3, 2)
3
(76, 1)
-> Request 5
639
(2, 3, 2)
1
(69, 6)
-> Request 6
1150
(2, 3, 1)
1
(16, 21)
--> Day : 3
-> Request 0
18
(2, 1, 1)
3
(8, 30)
-> Request 1
218
(3, 1, 1)
2
(75, 55)
-> Request 2
690
(4, 1, 2)
2
(16, 74)
-> Request 3
778
(1, 3, 1)
2
(9, 62)
-> Request 4
865
(4, 2, 2)
1
(6, 13)
-> Request 5
1003
(2, 2, 1)
1
(67, 70)
-> Request 6
1338
(2, 1, 1)
2
(15, 18)
-> Request 7
1359
(3, 3, 1)
3
(19, 1)
--> Day : 4
-> Request 0
290
(4, 1, 2)
2
(8, 11)
-> Request 1
310
(2, 1, 1)
3
(79, 42)
-> Request 2
732
(1, 3, 2)
3
(46, 22)
-> Request 3
901
(3, 2, 1)
3
(18, 10)
-> Request 4
1006
(3, 2, 2)
2
(14, 31)
-> Request 5
1016
(3, 2, 1)
3
(20, 71)
-> Request 6
1022
(2, 2, 2)
1
(53, 40)
---> Week : 113
--> Day : 0
-> Request 0
328
(2, 3, 2)
2
(79, 60)
-> Request 1
351
(1, 2, 1)
3
(52, 29)
-> Request 2
362
(3, 1, 2)
3
(28, 0)
-> Request 3
439
(2, 2, 1)
2
(51, 51)
-> Request 4
676
(4, 1, 2)
1
(5, 68)
-> Request 5
773
(1, 1, 1)
3
(55, 18)
-> Request 6
834
(1, 1, 2)
1
(10, 54)
-> Request 7
968
(2, 2, 1)
3
(76, 10)
-> Request 8
1006
(3, 3, 1)
2
(43, 0)
-> Request 9
1152
(3, 1, 1)
3
(3, 19)
-> Request 10
1289
(4, 2, 2)
1
(19, 71)
--> Day : 1
-> Request 0
6
(4, 3, 1)
2
(36, 3)
-> Request 1
314
(2, 2, 2)
3
(6, 18)
-> Request 2
461
(4, 1, 1)
1
(59, 71)
-> Request 3
766
(2, 2, 2)
2
(60, 71)
-> Request 4
977
(1, 1, 1)
3
(41, 75)
-> Request 5
1185
(3, 3, 2)
1
(36, 53)
-> Request 6
1246
(3, 2, 2)
1
(61, 67)
-> Request 7
1311
(3, 1, 2)
2
(64, 73)
-> Request 8
1337
(3, 3, 2)
3
(6, 70)
--> Day : 2
-> Request 0
134
(4, 2, 2)
3
(67, 60)
-> Request 1
201
(2, 3, 2)
1
(39, 74)
-> Request 2
215
(1, 1, 1)
2
(63, 30)
-> Request 3
288
(3, 2, 2)
2
(8, 46)
-> Request 4
546
(2, 3, 1)
3
(47, 42)
-> Request 5
633
(3, 2, 1)
3
(21, 30)
-> Request 6
634
(3, 1, 1)
2
(58, 10)
-> Request 7
767
(3, 3, 2)
2
(67, 17)
-> Request 8
1090
(4, 3, 2)
3
(71, 34)
-> Request 9
1358
(3, 3, 2)
1
(19, 78)
-> Request 10
1379
(1, 1, 2)
2
(18, 1)
--> Day : 3
-> Request 0
148
(2, 3, 2)
1
(18, 39)
-> Request 1
278
(3, 1, 1)
2
(64, 37)
-> Request 2
300
(1, 2, 2)
2
(34, 16)
-> Request 3
343
(1, 1, 1)
3
(51, 47)
-> Request 4
417
(3, 3, 1)
3
(66, 50)
-> Request 5
441
(3, 3, 1)
2
(74, 12)
-> Request 6
548
(2, 2, 1)
3
(51, 72)
-> Request 7
634
(4, 3, 1)
3
(12, 79)
-> Request 8
665
(4, 3, 1)
3
(55, 20)
-> Request 9
725
(4, 3, 1)
2
(37, 70)
-> Request 10
836
(1, 2, 2)
3
(4, 34)
-> Request 11
1372
(4, 3, 2)
2
(29, 29)
--> Day : 4
-> Request 0
310
(4, 2, 2)
1
(66, 23)
-> Request 1
377
(4, 3, 1)
1
(56, 65)
-> Request 2
443
(1, 3, 2)
3
(33, 78)
-> Request 3
444
(3, 1, 1)
3
(30, 74)
-> Request 4
509
(2, 2, 1)
1
(16, 55)
-> Request 5
711
(4, 3, 2)
3
(69, 9)
-> Request 6
997
(2, 3, 2)
1
(67, 7)
-> Request 7
1047
(1, 1, 2)
2
(44, 44)
-> Request 8
1095
(3, 3, 2)
3
(21, 52)
-> Request 9
1279
(1, 2, 2)
1
(43, 53)
-> Request 10
1398
(1, 3, 1)
2
(62, 8)
---> Week : 114
--> Day : 0
-> Request 0
8
(2, 1, 2)
3
(69, 55)
-> Request 1
27
(3, 3, 2)
1
(12, 36)
-> Request 2
120
(2, 1, 1)
2
(1, 60)
-> Request 3
371
(2, 1, 2)
1
(19, 68)
-> Request 4
490
(3, 3, 1)
3
(14, 40)
-> Request 5
678
(4, 2, 2)
1
(57, 20)
-> Request 6
738
(1, 1, 1)
1
(53, 46)
-> Request 7
849
(3, 1, 2)
3
(26, 2)
-> Request 8
1146
(3, 3, 1)
2
(18, 60)
-> Request 9
1200
(4, 1, 1)
1
(42, 66)
-> Request 10
1216
(2, 3, 1)
2
(22, 29)
-> Request 11
1352
(3, 1, 1)
1
(61, 72)
-> Request 12
1360
(2, 3, 1)
2
(66, 66)
--> Day : 1
-> Request 0
318
(4, 3, 1)
3
(47, 37)
-> Request 1
469
(2, 1, 2)
2
(68, 41)
-> Request 2
507
(1, 2, 1)
1
(63, 20)
-> Request 3
592
(1, 2, 1)
1
(53, 74)
-> Request 4
1164
(1, 1, 2)
2
(75, 50)
-> Request 5
1398
(1, 2, 2)
2
(28, 11)
-> Request 6
1409
(1, 2, 2)
1
(5, 77)
--> Day : 2
-> Request 0
331
(2, 3, 2)
1
(8, 79)
-> Request 1
803
(2, 3, 2)
3
(68, 48)
-> Request 2
1360
(3, 1, 2)
2
(40, 26)
--> Day : 3
-> Request 0
13
(3, 2, 1)
1
(55, 36)
-> Request 1
446
(4, 3, 2)
1
(42, 60)
-> Request 2
453
(2, 3, 2)
3
(8, 30)
-> Request 3
703
(4, 1, 2)
2
(1, 51)
-> Request 4
735
(2, 1, 1)
1
(17, 16)
-> Request 5
783
(3, 3, 1)
1
(41, 51)
-> Request 6
971
(3, 3, 1)
1
(45, 17)
-> Request 7
1233
(3, 3, 2)
3
(4, 66)
-> Request 8
1361
(4, 1, 2)
2
(7, 22)
-> Request 9
1423
(3, 1, 2)
3
(8, 58)
--> Day : 4
-> Request 0
4
(2, 2, 1)
3
(72, 25)
-> Request 1
68
(4, 1, 2)
1
(16, 73)
-> Request 2
87
(1, 2, 2)
3
(44, 49)
-> Request 3
128
(3, 3, 2)
3
(32, 66)
-> Request 4
138
(4, 1, 1)
1
(61, 11)
-> Request 5
580
(1, 1, 2)
3
(73, 61)
-> Request 6
609
(3, 3, 1)
2
(64, 14)
-> Request 7
640
(4, 2, 2)
2
(9, 41)
-> Request 8
641
(4, 1, 1)
1
(15, 77)
-> Request 9
654
(1, 1, 2)
3
(60, 5)
-> Request 10
905
(4, 1, 2)
2
(43, 6)
-> Request 11
1437
(1, 1, 2)
3
(73, 39)
---> Week : 115
--> Day : 0
-> Request 0
41
(4, 2, 2)
2
(79, 67)
-> Request 1
348
(4, 3, 2)
3
(76, 10)
-> Request 2
429
(1, 2, 1)
3
(14, 3)
-> Request 3
1363
(4, 2, 2)
3
(27, 0)
--> Day : 1
-> Request 0
106
(1, 1, 2)
2
(40, 26)
-> Request 1
286
(2, 1, 1)
3
(29, 57)
-> Request 2
543
(4, 3, 1)
2
(21, 28)
-> Request 3
843
(2, 1, 2)
1
(46, 38)
-> Request 4
953
(2, 3, 2)
1
(21, 67)
-> Request 5
1185
(2, 1, 1)
2
(48, 4)
-> Request 6
1244
(3, 3, 2)
2
(36, 49)
-> Request 7
1253
(4, 2, 1)
2
(30, 9)
-> Request 8
1311
(4, 1, 2)
1
(14, 46)
--> Day : 2
-> Request 0
0
(3, 3, 1)
2
(49, 51)
-> Request 1
25
(2, 1, 2)
2
(71, 54)
-> Request 2
74
(1, 1, 2)
1
(46, 75)
-> Request 3
112
(2, 1, 2)
1
(54, 3)
-> Request 4
397
(1, 1, 1)
1
(5, 76)
-> Request 5
497
(1, 3, 1)
1
(31, 16)
-> Request 6
843
(2, 1, 2)
3
(40, 57)
-> Request 7
1085
(3, 2, 2)
1
(21, 63)
-> Request 8
1091
(4, 3, 1)
2
(34, 3)
-> Request 9
1278
(4, 3, 2)
1
(4, 36)
-> Request 10
1318
(2, 1, 1)
1
(58, 10)
--> Day : 3
-> Request 0
78
(3, 3, 1)
1
(39, 58)
-> Request 1
448
(2, 2, 2)
1
(17, 28)
-> Request 2
709
(4, 3, 1)
2
(44, 7)
-> Request 3
993
(3, 2, 2)
2
(27, 72)
-> Request 4
1241
(4, 2, 2)
2
(38, 54)
-> Request 5
1372
(4, 2, 2)
2
(42, 26)
--> Day : 4
-> Request 0
80
(2, 1, 2)
1
(18, 50)
-> Request 1
120
(1, 1, 2)
1
(42, 39)
-> Request 2
238
(3, 2, 2)
3
(2, 13)
-> Request 3
435
(3, 3, 1)
1
(8, 40)
-> Request 4
479
(1, 2, 1)
2
(10, 14)
-> Request 5
518
(3, 3, 1)
2
(79, 68)
-> Request 6
552
(2, 3, 1)
1
(66, 50)
-> Request 7
703
(2, 2, 2)
3
(68, 9)
-> Request 8
855
(4, 1, 1)
2
(70, 69)
-> Request 9
1149
(4, 3, 2)
3
(29, 63)
-> Request 10
1432
(4, 3, 1)
2
(69, 3)
---> Week : 116
--> Day : 0
-> Request 0
117
(4, 3, 1)
2
(65, 43)
-> Request 1
196
(3, 1, 2)
1
(18, 72)
-> Request 2
288
(1, 3, 2)
1
(31, 12)
-> Request 3
302
(2, 3, 1)
1
(38, 22)
-> Request 4
377
(2, 1, 2)
1
(2, 49)
-> Request 5
601
(3, 2, 2)
2
(5, 52)
-> Request 6
626
(2, 3, 2)
1
(73, 25)
-> Request 7
1174
(2, 3, 2)
2
(6, 49)
-> Request 8
1241
(1, 2, 1)
3
(51, 47)
--> Day : 1
-> Request 0
722
(4, 2, 2)
3
(25, 62)
-> Request 1
973
(1, 2, 2)
3
(18, 14)
-> Request 2
1182
(2, 2, 2)
1
(48, 46)
--> Day : 2
-> Request 0
122
(4, 3, 2)
2
(4, 18)
-> Request 1
252
(4, 3, 2)
1
(13, 26)
-> Request 2
309
(4, 3, 2)
1
(50, 71)
-> Request 3
348
(2, 1, 1)
1
(6, 73)
-> Request 4
703
(1, 1, 1)
2
(26, 12)
-> Request 5
708
(1, 2, 2)
1
(18, 65)
-> Request 6
827
(2, 1, 2)
3
(60, 74)
-> Request 7
953
(2, 1, 2)
2
(35, 23)
-> Request 8
1006
(2, 1, 1)
1
(37, 42)
-> Request 9
1105
(2, 2, 1)
3
(44, 74)
-> Request 10
1236
(4, 1, 2)
1
(64, 46)
-> Request 11
1362
(2, 2, 1)
2
(17, 69)
--> Day : 3
-> Request 0
67
(1, 2, 1)
3
(58, 71)
-> Request 1
239
(3, 2, 2)
1
(36, 74)
-> Request 2
308
(1, 1, 1)
3
(21, 25)
-> Request 3
565
(2, 1, 1)
1
(47, 51)
-> Request 4
821
(3, 1, 1)
1
(35, 45)
-> Request 5
843
(4, 1, 2)
2
(20, 14)
-> Request 6
1126
(2, 1, 1)
2
(2, 63)
-> Request 7
1166
(4, 2, 2)
3
(48, 41)
-> Request 8
1385
(1, 1, 2)
2
(40, 34)
--> Day : 4
-> Request 0
86
(1, 2, 2)
3
(60, 1)
-> Request 1
104
(2, 1, 2)
3
(26, 42)
-> Request 2
434
(2, 3, 1)
1
(4, 23)
-> Request 3
630
(1, 3, 2)
3
(7, 64)
-> Request 4
868
(4, 1, 2)
1
(76, 29)
-> Request 5
1070
(1, 3, 2)
3
(12, 10)
---> Week : 117
--> Day : 0
-> Request 0
8
(3, 3, 2)
1
(17, 49)
-> Request 1
40
(1, 1, 2)
2
(61, 77)
-> Request 2
247
(1, 2, 2)
1
(36, 49)
-> Request 3
389
(2, 1, 1)
2
(14, 4)
-> Request 4
478
(1, 2, 2)
2
(78, 53)
-> Request 5
536
(3, 1, 2)
2
(10, 48)
-> Request 6
903
(1, 1, 1)
3
(47, 63)
-> Request 7
1174
(4, 3, 1)
1
(45, 34)
-> Request 8
1332
(3, 1, 1)
2
(1, 77)
-> Request 9
1381
(4, 1, 1)
1
(15, 11)
--> Day : 1
-> Request 0
140
(1, 2, 2)
1
(56, 36)
-> Request 1
206
(2, 2, 1)
1
(8, 55)
-> Request 2
283
(1, 1, 2)
1
(61, 4)
-> Request 3
325
(3, 1, 2)
3
(13, 0)
-> Request 4
327
(2, 2, 1)
3
(43, 48)
-> Request 5
380
(1, 3, 2)
1
(46, 11)
-> Request 6
388
(3, 3, 1)
3
(44, 64)
-> Request 7
534
(4, 1, 2)
2
(31, 74)
-> Request 8
631
(1, 1, 2)
1
(15, 40)
-> Request 9
688
(2, 2, 1)
1
(43, 41)
-> Request 10
972
(1, 1, 2)
1
(8, 14)
-> Request 11
1017
(1, 1, 2)
1
(4, 18)
-> Request 12
1295
(2, 2, 1)
3
(68, 48)
--> Day : 2
-> Request 0
38
(2, 3, 1)
2
(30, 69)
-> Request 1
67
(3, 2, 2)
3
(26, 23)
-> Request 2
298
(3, 3, 2)
2
(59, 76)
-> Request 3
301
(1, 1, 2)
1
(37, 6)
-> Request 4
313
(1, 3, 1)
3
(40, 26)
-> Request 5
459
(4, 2, 2)
1
(15, 38)
-> Request 6
459
(4, 1, 2)
3
(44, 79)
-> Request 7
898
(1, 1, 2)
1
(19, 0)
-> Request 8
1251
(4, 3, 1)
1
(9, 73)
-> Request 9
1353
(4, 1, 1)
1
(21, 1)
-> Request 10
1364
(3, 3, 2)
2
(13, 74)
--> Day : 3
-> Request 0
152
(3, 1, 2)
3
(76, 35)
-> Request 1
431
(2, 1, 1)
2
(33, 44)
-> Request 2
666
(2, 1, 2)
1
(67, 55)
-> Request 3
887
(4, 3, 1)
1
(73, 41)
-> Request 4
1071
(4, 2, 1)
3
(31, 60)
-> Request 5
1152
(2, 1, 1)
3
(77, 69)
-> Request 6
1232
(1, 2, 1)
1
(4, 18)
-> Request 7
1386
(2, 2, 2)
3
(10, 40)
-> Request 8
1428
(3, 3, 2)
3
(21, 62)
--> Day : 4
-> Request 0
34
(2, 1, 2)
2
(42, 62)
-> Request 1
143
(2, 3, 1)
2
(46, 53)
-> Request 2
153
(3, 2, 1)
2
(15, 28)
-> Request 3
160
(2, 2, 2)
2
(73, 10)
-> Request 4
227
(3, 3, 2)
3
(53, 3)
-> Request 5
424
(2, 2, 2)
2
(48, 75)
-> Request 6
520
(3, 3, 2)
3
(29, 15)
-> Request 7
576
(4, 3, 2)
3
(49, 29)
-> Request 8
649
(2, 3, 1)
1
(39, 33)
-> Request 9
698
(1, 2, 2)
1
(40, 73)
-> Request 10
951
(3, 1, 2)
2
(70, 45)
-> Request 11
958
(4, 3, 1)
3
(29, 45)
-> Request 12
964
(3, 1, 2)
3
(73, 44)
-> Request 13
975
(1, 1, 1)
2
(18, 62)
-> Request 14
1038
(2, 1, 1)
3
(34, 26)
-> Request 15
1352
(3, 1, 1)
2
(46, 52)
-> Request 16
1414
(2, 1, 2)
2
(16, 12)
---> Week : 118
--> Day : 0
-> Request 0
121
(2, 3, 1)
2
(18, 52)
-> Request 1
160
(2, 3, 1)
2
(70, 10)
-> Request 2
243
(4, 1, 1)
3
(46, 62)
-> Request 3
395
(3, 3, 1)
2
(61, 71)
-> Request 4
594
(3, 1, 1)
3
(71, 74)
-> Request 5
799
(2, 3, 2)
3
(2, 54)
-> Request 6
927
(3, 1, 2)
1
(61, 67)
-> Request 7
1118
(4, 3, 2)
2
(27, 67)
-> Request 8
1175
(2, 2, 2)
3
(75, 29)
-> Request 9
1346
(4, 2, 2)
2
(28, 5)
-> Request 10
1365
(4, 1, 1)
1
(43, 36)
--> Day : 1
-> Request 0
30
(1, 2, 2)
1
(64, 72)
-> Request 1
129
(1, 2, 1)
2
(7, 55)
-> Request 2
231
(1, 2, 1)
1
(38, 78)
-> Request 3
241
(3, 1, 2)
2
(72, 45)
-> Request 4
331
(3, 1, 2)
1
(45, 9)
-> Request 5
584
(2, 1, 2)
3
(68, 53)
-> Request 6
609
(2, 3, 1)
3
(69, 0)
-> Request 7
1028
(3, 2, 1)
3
(40, 4)
-> Request 8
1158
(2, 1, 1)
1
(15, 9)
-> Request 9
1177
(4, 1, 2)
1
(65, 47)
--> Day : 2
-> Request 0
24
(1, 1, 2)
3
(16, 35)
-> Request 1
135
(3, 3, 1)
3
(71, 70)
-> Request 2
482
(1, 1, 2)
2
(42, 17)
-> Request 3
516
(4, 2, 1)
3
(24, 26)
-> Request 4
689
(2, 1, 2)
1
(49, 54)
-> Request 5
868
(2, 3, 1)
1
(42, 6)
-> Request 6
905
(3, 1, 2)
3
(36, 40)
-> Request 7
1001
(3, 3, 2)
1
(6, 30)
--> Day : 3
-> Request 0
7
(1, 3, 2)
1
(24, 3)
-> Request 1
16
(1, 1, 2)
2
(41, 26)
-> Request 2
168
(2, 2, 2)
1
(72, 29)
-> Request 3
219
(2, 3, 2)
3
(74, 19)
-> Request 4
884
(1, 3, 2)
3
(44, 20)
-> Request 5
917
(1, 1, 1)
2
(21, 31)
-> Request 6
1024
(3, 3, 2)
2
(3, 19)
-> Request 7
1059
(1, 3, 1)
1
(16, 47)
-> Request 8
1066
(1, 3, 2)
3
(17, 27)
-> Request 9
1114
(2, 1, 1)
1
(31, 1)
-> Request 10
1174
(1, 1, 1)
1
(42, 32)
-> Request 11
1180
(1, 3, 2)
2
(29, 2)
--> Day : 4
-> Request 0
586
(2, 1, 1)
1
(20, 46)
-> Request 1
954
(3, 1, 1)
3
(31, 5)
-> Request 2
1023
(4, 3, 2)
2
(51, 38)
---> Week : 119
--> Day : 0
-> Request 0
93
(3, 1, 1)
2
(76, 44)
-> Request 1
186
(2, 3, 2)
2
(65, 40)
-> Request 2
311
(2, 2, 2)
3
(9, 21)
-> Request 3
331
(2, 1, 2)
1
(53, 15)
-> Request 4
606
(3, 3, 2)
3
(71, 76)
-> Request 5
693
(2, 3, 1)
3
(14, 46)
-> Request 6
805
(3, 1, 2)
3
(64, 27)
-> Request 7
914
(2, 2, 1)
3
(36, 15)
-> Request 8
938
(1, 2, 1)
2
(29, 29)
-> Request 9
1127
(3, 1, 1)
1
(3, 68)
-> Request 10
1182
(4, 3, 2)
1
(1, 49)
-> Request 11
1321
(2, 3, 1)
2
(65, 33)
-> Request 12
1351
(3, 1, 1)
3
(20, 13)
-> Request 13
1363
(1, 1, 1)
3
(72, 52)
--> Day : 1
-> Request 0
228
(1, 1, 2)
2
(77, 43)
-> Request 1
379
(3, 3, 2)
2
(68, 37)
-> Request 2
1016
(4, 2, 1)
2
(68, 22)
-> Request 3
1023
(1, 1, 1)
1
(46, 8)
-> Request 4
1178
(1, 3, 1)
2
(38, 67)
--> Day : 2
-> Request 0
92
(4, 2, 2)
2
(10, 31)
-> Request 1
272
(1, 2, 2)
3
(21, 33)
-> Request 2
329
(3, 3, 2)
3
(75, 78)
-> Request 3
401
(4, 3, 1)
3
(61, 0)
-> Request 4
603
(1, 2, 2)
3
(60, 63)
-> Request 5
864
(1, 1, 2)
3
(12, 41)
-> Request 6
900
(2, 3, 2)
3
(26, 76)
-> Request 7
1382
(1, 2, 1)
3
(34, 39)
--> Day : 3
-> Request 0
71
(4, 3, 2)
3
(14, 37)
-> Request 1
137
(1, 3, 2)
2
(40, 33)
-> Request 2
261
(2, 2, 1)
2
(12, 32)
-> Request 3
289
(4, 2, 1)
1
(40, 17)
-> Request 4
411
(2, 2, 2)
2
(75, 62)
-> Request 5
495
(3, 3, 2)
1
(13, 0)
-> Request 6
615
(2, 2, 2)
1
(65, 62)
-> Request 7
651
(3, 3, 1)
3
(37, 14)
-> Request 8
1122
(3, 3, 2)
3
(19, 13)
--> Day : 4
-> Request 0
296
(2, 2, 2)
2
(31, 77)
-> Request 1
480
(3, 2, 2)
3
(45, 57)
-> Request 2
729
(1, 3, 2)
2
(49, 23)
-> Request 3
736
(2, 3, 1)
2
(15, 5)
-> Request 4
951
(3, 1, 1)
3
(15, 62)
-> Request 5
1075
(1, 1, 1)
1
(38, 34)
-> Request 6
1106
(3, 1, 2)
2
(57, 44)
-> Request 7
1307
(4, 3, 1)
3
(71, 64)
-> Request 8
1360
(1, 2, 2)
3
(23, 43)
---> Week : 120
--> Day : 0
-> Request 0
20
(3, 1, 2)
2
(5, 51)
-> Request 1
140
(2, 1, 2)
1
(31, 2)
-> Request 2
231
(2, 2, 1)
1
(53, 33)
-> Request 3
382
(1, 2, 2)
1
(51, 19)
-> Request 4
433
(1, 1, 2)
1
(24, 68)
-> Request 5
472
(2, 3, 2)
1
(72, 65)
-> Request 6
590
(1, 3, 1)
2
(14, 17)
-> Request 7
693
(2, 1, 1)
1
(55, 35)
-> Request 8
701
(2, 2, 1)
1
(53, 5)
-> Request 9
721
(1, 3, 2)
3
(7, 23)
-> Request 10
811
(4, 2, 2)
1
(8, 19)
-> Request 11
859
(4, 1, 2)
1
(27, 6)
-> Request 12
1042
(3, 1, 2)
3
(71, 70)
-> Request 13
1172
(3, 2, 1)
1
(51, 5)
-> Request 14
1231
(2, 1, 2)
2
(64, 34)
-> Request 15
1359
(3, 1, 2)
1
(74, 58)
--> Day : 1
-> Request 0
22
(4, 1, 1)
1
(15, 46)
-> Request 1
141
(1, 1, 2)
1
(64, 35)
-> Request 2
327
(1, 2, 1)
2
(14, 4)
-> Request 3
543
(1, 1, 1)
3
(40, 4)
-> Request 4
595
(4, 2, 1)
1
(2, 17)
-> Request 5
635
(2, 2, 1)
3
(27, 10)
-> Request 6
641
(2, 1, 2)
1
(61, 56)
-> Request 7
647
(3, 1, 1)
1
(19, 39)
-> Request 8
693
(1, 2, 1)
2
(57, 23)
-> Request 9
913
(2, 1, 1)
3
(7, 47)
-> Request 10
923
(1, 3, 2)
2
(6, 64)
-> Request 11
939
(2, 3, 1)
1
(19, 43)
-> Request 12
946
(4, 1, 1)
2
(5, 65)
-> Request 13
959
(4, 1, 2)
2
(33, 30)
-> Request 14
1361
(3, 3, 2)
2
(14, 43)
--> Day : 2
-> Request 0
75
(2, 1, 1)
1
(79, 65)
-> Request 1
341
(3, 2, 2)
2
(42, 36)
-> Request 2
651
(2, 3, 2)
1
(51, 41)
-> Request 3
727
(2, 2, 2)
3
(69, 22)
-> Request 4
745
(2, 2, 2)
1
(76, 56)
-> Request 5
771
(2, 1, 1)
2
(66, 2)
-> Request 6
950
(2, 2, 1)
3
(23, 47)
-> Request 7
1268
(2, 2, 1)
3
(19, 22)
-> Request 8
1342
(2, 1, 1)
1
(72, 69)
--> Day : 3
-> Request 0
358
(1, 2, 1)
3
(13, 7)
-> Request 1
416
(3, 1, 1)
2
(63, 79)
-> Request 2
504
(1, 2, 2)
3
(16, 45)
-> Request 3
723
(3, 2, 1)
3
(65, 17)
-> Request 4
756
(3, 2, 2)
2
(20, 57)
-> Request 5
1016
(4, 1, 2)
1
(32, 79)
-> Request 6
1119
(3, 3, 2)
1
(34, 66)
-> Request 7
1122
(4, 1, 1)
2
(34, 35)
-> Request 8
1245
(2, 1, 2)
3
(78, 72)
-> Request 9
1380
(4, 2, 2)
3
(21, 7)
--> Day : 4
-> Request 0
259
(1, 1, 1)
1
(48, 40)
-> Request 1
264
(2, 2, 1)
1
(6, 41)
-> Request 2
393
(3, 3, 1)
1
(0, 53)
-> Request 3
561
(3, 3, 2)
3
(63, 22)
-> Request 4
566
(4, 1, 2)
2
(4, 77)
-> Request 5
574
(2, 2, 2)
2
(26, 67)
-> Request 6
835
(3, 2, 2)
3
(62, 70)
-> Request 7
902
(2, 1, 1)
1
(25, 73)
-> Request 8
1079
(1, 3, 2)
2
(54, 53)
-> Request 9
1086
(4, 2, 2)
1
(14, 67)
-> Request 10
1124
(2, 2, 2)
2
(66, 46)
---> Week : 121
--> Day : 0
-> Request 0
14
(1, 2, 1)
2
(64, 29)
-> Request 1
157
(3, 1, 1)
2
(39, 20)
-> Request 2
606
(2, 3, 1)
2
(30, 28)
-> Request 3
891
(4, 1, 2)
2
(10, 36)
-> Request 4
990
(4, 1, 2)
1
(42, 45)
-> Request 5
1129
(3, 2, 2)
1
(59, 49)
-> Request 6
1129
(2, 1, 1)
1
(14, 26)
-> Request 7
1189
(2, 3, 1)
2
(57, 17)
-> Request 8
1243
(1, 1, 2)
3
(59, 54)
--> Day : 1
-> Request 0
130
(2, 2, 1)
1
(52, 18)
-> Request 1
234
(1, 1, 2)
3
(55, 2)
-> Request 2
310
(2, 3, 1)
1
(49, 39)
-> Request 3
328
(3, 3, 2)
1
(79, 57)
-> Request 4
381
(2, 2, 2)
1
(75, 5)
-> Request 5
531
(3, 1, 2)
2
(24, 78)
-> Request 6
628
(1, 3, 1)
3
(55, 37)
-> Request 7
896
(4, 2, 1)
3
(18, 19)
-> Request 8
1152
(3, 1, 1)
1
(27, 6)
-> Request 9
1311
(4, 2, 1)
3
(18, 52)
--> Day : 2
-> Request 0
126
(1, 1, 2)
1
(15, 55)
-> Request 1
177
(1, 2, 1)
1
(54, 7)
-> Request 2
556
(4, 1, 2)
3
(22, 21)
-> Request 3
1216
(2, 3, 2)
1
(21, 28)
-> Request 4
1312
(2, 2, 1)
1
(44, 73)
-> Request 5
1378
(1, 3, 2)
1
(65, 5)
--> Day : 3
-> Request 0
12
(2, 1, 1)
1
(7, 37)
-> Request 1
658
(3, 2, 1)
3
(47, 25)
-> Request 2
821
(4, 3, 1)
1
(48, 6)
-> Request 3
1247
(2, 1, 1)
3
(38, 59)
--> Day : 4
-> Request 0
135
(1, 2, 2)
1
(19, 23)
-> Request 1
846
(3, 3, 2)
2
(41, 34)
-> Request 2
1015
(1, 1, 2)
3
(19, 9)
-> Request 3
1370
(4, 2, 1)
3
(54, 36)
---> Week : 122
--> Day : 0
-> Request 0
140
(4, 3, 1)
2
(53, 14)
-> Request 1
173
(3, 3, 2)
1
(3, 50)
-> Request 2
611
(2, 2, 2)
3
(72, 67)
-> Request 3
857
(2, 2, 2)
3
(26, 64)
-> Request 4
874
(2, 1, 2)
1
(63, 59)
-> Request 5
1100
(3, 1, 1)
2
(66, 52)
-> Request 6
1273
(3, 1, 1)
1
(27, 29)
-> Request 7
1316
(4, 3, 2)
1
(22, 7)
--> Day : 1
-> Request 0
267
(1, 3, 2)
1
(74, 22)
-> Request 1
436
(3, 3, 2)
2
(47, 26)
-> Request 2
600
(4, 1, 2)
2
(4, 30)
-> Request 3
601
(1, 2, 1)
1
(13, 72)
-> Request 4
696
(4, 2, 2)
1
(24, 26)
-> Request 5
771
(3, 1, 2)
1
(72, 59)
-> Request 6
992
(4, 2, 1)
3
(24, 69)
-> Request 7
1064
(3, 1, 2)
1
(63, 71)
-> Request 8
1070
(1, 3, 2)
1
(44, 49)
-> Request 9
1114
(1, 1, 1)
2
(40, 11)
-> Request 10
1403
(1, 1, 1)
3
(77, 18)
--> Day : 2
-> Request 0
51
(4, 2, 1)
3
(72, 75)
-> Request 1
138
(3, 3, 2)
3
(20, 63)
-> Request 2
706
(4, 2, 2)
2
(0, 62)
-> Request 3
735
(4, 2, 2)
1
(32, 1)
-> Request 4
1122
(1, 2, 2)
3
(37, 47)
-> Request 5
1161
(2, 3, 1)
3
(62, 13)
-> Request 6
1281
(3, 3, 1)
3
(37, 2)
-> Request 7
1293
(1, 2, 2)
1
(77, 27)
--> Day : 3
-> Request 0
194
(3, 1, 1)
2
(0, 29)
-> Request 1
458
(4, 3, 1)
3
(51, 58)
-> Request 2
614
(1, 2, 2)
3
(56, 71)
-> Request 3
689
(3, 2, 2)
1
(8, 5)
-> Request 4
734
(3, 1, 1)
3
(37, 75)
-> Request 5
900
(1, 2, 2)
1
(41, 22)
-> Request 6
945
(4, 3, 2)
3
(71, 14)
-> Request 7
1060
(3, 2, 2)
1
(16, 56)
-> Request 8
1087
(2, 2, 2)
2
(22, 69)
-> Request 9
1209
(4, 2, 2)
1
(41, 45)
-> Request 10
1280
(2, 2, 2)
2
(4, 31)
-> Request 11
1329
(2, 2, 2)
3
(79, 18)
--> Day : 4
-> Request 0
219
(4, 3, 2)
3
(79, 24)
-> Request 1
332
(4, 1, 2)
1
(70, 76)
-> Request 2
454
(3, 2, 1)
2
(15, 5)
-> Request 3
746
(3, 3, 2)
2
(68, 22)
-> Request 4
951
(4, 2, 2)
1
(64, 9)
-> Request 5
960
(4, 1, 1)
3
(63, 72)
-> Request 6
1042
(3, 3, 1)
2
(22, 22)
---> Week : 123
--> Day : 0
-> Request 0
335
(3, 1, 1)
1
(71, 60)
-> Request 1
772
(3, 3, 2)
3
(61, 42)
-> Request 2
1261
(1, 2, 1)
1
(66, 74)
-> Request 3
1382
(1, 2, 2)
3
(66, 22)
--> Day : 1
-> Request 0
438
(2, 3, 2)
2
(62, 4)
-> Request 1
800
(3, 1, 2)
1
(51, 66)
-> Request 2
1047
(4, 1, 2)
2
(73, 55)
-> Request 3
1118
(1, 3, 2)
3
(68, 66)
-> Request 4
1133
(1, 1, 1)
1
(7, 78)
-> Request 5
1201
(2, 1, 2)
2
(14, 75)
--> Day : 2
-> Request 0
6
(2, 3, 2)
1
(53, 44)
-> Request 1
39
(1, 3, 2)
2
(28, 31)
-> Request 2
128
(3, 2, 1)
2
(66, 41)
-> Request 3
381
(3, 3, 2)
3
(77, 37)
-> Request 4
561
(2, 2, 1)
3
(0, 69)
-> Request 5
975
(3, 2, 1)
3
(52, 62)
-> Request 6
986
(1, 2, 1)
1
(60, 6)
-> Request 7
1007
(4, 2, 1)
2
(64, 41)
-> Request 8
1058
(1, 2, 1)
2
(56, 34)
-> Request 9
1075
(2, 3, 1)
3
(46, 59)
-> Request 10
1231
(3, 3, 1)
3
(4, 12)
--> Day : 3
-> Request 0
370
(3, 1, 1)
3
(57, 67)
-> Request 1
406
(4, 1, 1)
2
(69, 32)
-> Request 2
427
(4, 2, 1)
1
(58, 25)
-> Request 3
710
(3, 1, 2)
3
(20, 61)
-> Request 4
860
(2, 3, 1)
3
(71, 46)
-> Request 5
901
(2, 2, 1)
3
(9, 12)
-> Request 6
1004
(4, 2, 2)
1
(60, 33)
-> Request 7
1224
(3, 2, 1)
2
(8, 51)
-> Request 8
1339
(3, 2, 1)
2
(58, 22)
--> Day : 4
-> Request 0
214
(1, 1, 1)
2
(13, 12)
-> Request 1
216
(4, 1, 1)
3
(68, 17)
-> Request 2
328
(2, 2, 1)
1
(25, 11)
-> Request 3
443
(1, 2, 1)
3
(9, 0)
-> Request 4
627
(2, 3, 2)
3
(7, 6)
-> Request 5
686
(2, 3, 2)
1
(16, 43)
-> Request 6
1315
(4, 1, 1)
1
(55, 6)
-> Request 7
1376
(2, 3, 2)
3
(36, 47)
---> Week : 124
--> Day : 0
-> Request 0
5
(1, 3, 1)
1
(36, 64)
-> Request 1
113
(3, 3, 2)
1
(2, 12)
-> Request 2
281
(3, 3, 1)
2
(31, 24)
-> Request 3
296
(3, 2, 2)
3
(9, 66)
-> Request 4
373
(4, 1, 1)
2
(31, 7)
-> Request 5
458
(1, 1, 1)
2
(42, 13)
-> Request 6
591
(4, 3, 1)
3
(47, 32)
-> Request 7
615
(3, 2, 2)
1
(35, 42)
-> Request 8
681
(2, 1, 2)
2
(67, 39)
-> Request 9
838
(2, 2, 1)
3
(43, 58)
-> Request 10
1005
(1, 3, 2)
2
(15, 49)
-> Request 11
1097
(3, 3, 1)
1
(32, 11)
-> Request 12
1304
(1, 3, 1)
1
(8, 43)
--> Day : 1
-> Request 0
436
(4, 1, 2)
2
(45, 11)
-> Request 1
937
(1, 3, 2)
2
(8, 36)
-> Request 2
1114
(2, 3, 1)
3
(10, 77)
-> Request 3
1301
(1, 3, 1)
3
(36, 69)
--> Day : 2
-> Request 0
367
(2, 2, 1)
2
(41, 11)
-> Request 1
794
(1, 1, 2)
3
(43, 58)
-> Request 2
862
(2, 1, 2)
1
(16, 55)
-> Request 3
924
(1, 3, 1)
3
(51, 1)
-> Request 4
1020
(3, 1, 1)
2
(42, 0)
--> Day : 3
-> Request 0
343
(3, 2, 2)
3
(8, 10)
-> Request 1
547
(3, 2, 1)
1
(57, 11)
-> Request 2
710
(4, 1, 2)
1
(17, 31)
-> Request 3
919
(4, 3, 1)
2
(7, 75)
-> Request 4
1304
(4, 2, 1)
2
(55, 9)
--> Day : 4
-> Request 0
11
(4, 2, 1)
1
(18, 21)
-> Request 1
73
(4, 3, 1)
2
(5, 70)
-> Request 2
288
(1, 2, 1)
3
(9, 46)
-> Request 3
561
(1, 2, 1)
2
(5, 76)
-> Request 4
620
(4, 2, 1)
1
(13, 74)
-> Request 5
698
(4, 1, 1)
1
(44, 36)
-> Request 6
702
(3, 1, 1)
1
(29, 30)
-> Request 7
726
(3, 3, 1)
2
(46, 40)
-> Request 8
809
(3, 3, 2)
3
(27, 11)
-> Request 9
879
(4, 2, 2)
1
(11, 10)
-> Request 10
1207
(1, 3, 1)
2
(29, 69)
-> Request 11
1273
(4, 2, 1)
1
(0, 18)
-> Request 12
1316
(4, 1, 2)
2
(49, 13)
---> Week : 125
--> Day : 0
-> Request 0
575
(1, 3, 2)
1
(48, 30)
-> Request 1
612
(2, 3, 2)
2
(77, 78)
-> Request 2
660
(1, 1, 1)
3
(14, 35)
-> Request 3
748
(3, 2, 1)
3
(26, 69)
-> Request 4
785
(1, 1, 1)
3
(57, 24)
-> Request 5
800
(4, 2, 1)
1
(51, 16)
-> Request 6
928
(4, 1, 1)
1
(68, 31)
-> Request 7
968
(1, 3, 1)
1
(74, 13)
-> Request 8
1045
(2, 3, 1)
1
(30, 10)
-> Request 9
1184
(2, 2, 1)
1
(70, 39)
-> Request 10
1400
(4, 3, 2)
2
(42, 29)
-> Request 11
1432
(4, 1, 2)
1
(15, 78)
-> Request 12
1439
(4, 3, 2)
3
(36, 28)
--> Day : 1
-> Request 0
148
(3, 1, 2)
1
(4, 32)
-> Request 1
241
(4, 3, 1)
2
(17, 15)
-> Request 2
825
(1, 3, 1)
3
(28, 9)
-> Request 3
883
(2, 2, 1)
2
(72, 46)
-> Request 4
1093
(4, 2, 1)
3
(60, 12)
-> Request 5
1097
(1, 3, 1)
1
(44, 19)
-> Request 6
1169
(4, 1, 2)
3
(40, 54)
-> Request 7
1396
(2, 2, 1)
1
(65, 26)
--> Day : 2
-> Request 0
290
(1, 3, 2)
1
(19, 44)
-> Request 1
384
(3, 2, 2)
1
(63, 36)
-> Request 2
455
(2, 1, 2)
1
(19, 25)
-> Request 3
455
(3, 1, 1)
2
(6, 1)
-> Request 4
749
(3, 3, 1)
1
(38, 74)
-> Request 5
892
(1, 3, 2)
2
(73, 78)
-> Request 6
1229
(3, 2, 1)
1
(6, 14)
-> Request 7
1425
(2, 3, 2)
3
(57, 40)
--> Day : 3
-> Request 0
37
(3, 1, 1)
2
(4, 47)
-> Request 1
604
(1, 3, 1)
1
(22, 0)
-> Request 2
772
(4, 1, 1)
2
(22, 26)
-> Request 3
831
(2, 2, 2)
1
(34, 28)
-> Request 4
927
(1, 2, 2)
3
(19, 15)
-> Request 5
966
(3, 2, 2)
2
(70, 34)
-> Request 6
1110
(3, 2, 1)
1
(21, 71)
--> Day : 4
-> Request 0
179
(2, 1, 2)
3
(78, 53)
-> Request 1
246
(2, 2, 1)
3
(5, 27)
-> Request 2
512
(1, 3, 2)
3
(50, 21)
-> Request 3
563
(1, 1, 1)
3
(27, 3)
-> Request 4
581
(2, 1, 2)
1
(2, 10)
-> Request 5
685
(3, 2, 1)
1
(17, 71)
-> Request 6
847
(3, 1, 1)
1
(78, 7)
-> Request 7
1103
(2, 3, 1)
2
(41, 46)
---> Week : 126
--> Day : 0
-> Request 0
23
(1, 1, 2)
2
(66, 21)
-> Request 1
26
(2, 3, 1)
1
(73, 67)
-> Request 2
67
(2, 2, 2)
2
(8, 47)
-> Request 3
135
(3, 2, 1)
2
(53, 16)
-> Request 4
171
(4, 1, 2)
2
(25, 21)
-> Request 5
364
(1, 1, 2)
1
(6, 41)
-> Request 6
429
(4, 1, 2)
2
(47, 46)
-> Request 7
596
(1, 2, 2)
1
(75, 20)
-> Request 8
690
(2, 2, 2)
3
(31, 18)
-> Request 9
787
(4, 3, 1)
2
(59, 35)
-> Request 10
1025
(2, 1, 1)
3
(5, 33)
-> Request 11
1039
(2, 3, 1)
1
(14, 33)
-> Request 12
1153
(3, 2, 2)
3
(44, 14)
-> Request 13
1296
(4, 3, 2)
1
(21, 28)
--> Day : 1
-> Request 0
188
(2, 3, 2)
2
(75, 31)
-> Request 1
228
(4, 2, 1)
3
(5, 10)
-> Request 2
539
(4, 2, 1)
3
(73, 4)
-> Request 3
634
(3, 3, 2)
2
(16, 77)
-> Request 4
780
(3, 3, 1)
2
(28, 74)
-> Request 5
898
(2, 3, 2)
2
(9, 73)
-> Request 6
962
(3, 2, 1)
2
(66, 31)
-> Request 7
1386
(4, 2, 1)
2
(38, 48)
--> Day : 2
-> Request 0
354
(2, 2, 1)
3
(0, 15)
-> Request 1
438
(1, 3, 1)
2
(35, 56)
-> Request 2
500
(3, 3, 2)
2
(59, 40)
-> Request 3
761
(1, 1, 2)
2
(5, 20)
-> Request 4
1304
(4, 3, 2)
3
(4, 51)
--> Day : 3
-> Request 0
107
(1, 1, 1)
2
(69, 72)
-> Request 1
111
(4, 3, 1)
1
(15, 51)
-> Request 2
241
(4, 3, 1)
1
(78, 13)
-> Request 3
261
(1, 2, 2)
1
(73, 56)
-> Request 4
343
(2, 3, 1)
1
(52, 6)
-> Request 5
368
(4, 2, 1)
3
(49, 38)
-> Request 6
393
(3, 3, 1)
3
(15, 72)
-> Request 7
560
(4, 2, 1)
3
(19, 42)
-> Request 8
560
(3, 1, 1)
1
(42, 20)
-> Request 9
562
(1, 1, 2)
1
(11, 77)
-> Request 10
618
(2, 2, 1)
2
(70, 1)
-> Request 11
639
(3, 3, 1)
3
(65, 63)
-> Request 12
645
(3, 1, 2)
2
(56, 54)
-> Request 13
695
(3, 1, 2)
1
(16, 53)
-> Request 14
977
(1, 3, 1)
3
(40, 70)
-> Request 15
1046
(3, 1, 2)
1
(53, 35)
-> Request 16
1070
(1, 1, 2)
2
(9, 69)
-> Request 17
1412
(1, 2, 1)
1
(55, 14)
--> Day : 4
-> Request 0
12
(3, 3, 1)
3
(63, 21)
-> Request 1
226
(4, 2, 2)
1
(20, 62)
-> Request 2
620
(3, 1, 1)
1
(24, 11)
-> Request 3
669
(3, 2, 1)
3
(61, 25)
-> Request 4
830
(1, 1, 1)
2
(65, 28)
---> Week : 127
--> Day : 0
-> Request 0
42
(3, 2, 2)
3
(71, 41)
-> Request 1
274
(3, 1, 1)
1
(24, 42)
-> Request 2
1133
(1, 1, 2)
2
(60, 53)
-> Request 3
1210
(2, 1, 2)
2
(43, 14)
-> Request 4
1396
(1, 1, 1)
1
(50, 71)
-> Request 5
1431
(1, 1, 2)
3
(30, 19)
--> Day : 1
-> Request 0
380
(2, 1, 1)
1
(70, 64)
-> Request 1
395
(3, 3, 1)
1
(27, 16)
-> Request 2
625
(2, 2, 1)
2
(14, 10)
-> Request 3
813
(3, 1, 2)
2
(36, 79)
-> Request 4
924
(4, 1, 2)
1
(45, 41)
-> Request 5
1433
(4, 3, 2)
1
(12, 27)
--> Day : 2
-> Request 0
18
(3, 1, 1)
1
(8, 16)
-> Request 1
130
(2, 1, 2)
2
(43, 18)
-> Request 2
576
(1, 1, 2)
3
(3, 19)
-> Request 3
689
(3, 2, 1)
2
(75, 5)
-> Request 4
1188
(4, 2, 2)
3
(57, 70)
-> Request 5
1282
(1, 1, 2)
2
(30, 27)
-> Request 6
1299
(2, 2, 1)
2
(33, 27)
--> Day : 3
-> Request 0
222
(1, 1, 2)
3
(39, 47)
-> Request 1
229
(2, 3, 1)
1
(66, 7)
-> Request 2
452
(4, 1, 1)
2
(42, 44)
-> Request 3
512
(1, 1, 1)
3
(76, 71)
-> Request 4
616
(2, 2, 1)
2
(59, 53)
-> Request 5
746
(3, 3, 2)
2
(79, 25)
-> Request 6
1128
(2, 2, 2)
2
(79, 63)
-> Request 7
1185
(2, 2, 1)
3
(58, 79)
-> Request 8
1348
(3, 3, 1)
2
(65, 32)
-> Request 9
1393
(2, 2, 2)
2
(44, 21)
--> Day : 4
-> Request 0
0
(3, 2, 1)
3
(63, 25)
-> Request 1
223
(2, 1, 2)
3
(18, 6)
-> Request 2
396
(4, 1, 1)
2
(64, 63)
-> Request 3
486
(4, 2, 2)
2
(38, 30)
-> Request 4
527
(4, 1, 1)
3
(14, 33)
-> Request 5
793
(4, 2, 1)
3
(53, 78)
-> Request 6
1286
(4, 2, 2)
1
(45, 65)
-> Request 7
1362
(4, 2, 2)
1
(33, 35)
---> Week : 128
--> Day : 0
-> Request 0
42
(2, 1, 1)
3
(65, 31)
-> Request 1
226
(4, 1, 1)
3
(54, 37)
-> Request 2
373
(3, 2, 1)
1
(68, 36)
-> Request 3
411
(1, 3, 2)
1
(34, 42)
-> Request 4
481
(4, 3, 1)
3
(55, 51)
-> Request 5
577
(3, 1, 2)
1
(39, 40)
-> Request 6
606
(2, 3, 2)
3
(1, 47)
-> Request 7
643
(2, 1, 2)
1
(21, 65)
-> Request 8
768
(2, 1, 2)
1
(54, 4)
-> Request 9
981
(1, 3, 2)
1
(24, 14)
-> Request 10
1016
(3, 1, 2)
3
(66, 54)
--> Day : 1
-> Request 0
703
(2, 1, 1)
1
(44, 30)
-> Request 1
720
(2, 2, 2)
1
(11, 24)
-> Request 2
958
(4, 1, 2)
1
(23, 76)
-> Request 3
1051
(2, 2, 1)
3
(15, 22)
-> Request 4
1127
(3, 3, 1)
3
(50, 43)
-> Request 5
1234
(1, 2, 2)
3
(78, 30)
-> Request 6
1413
(3, 1, 1)
3
(51, 45)
-> Request 7
1420
(4, 1, 2)
1
(56, 79)
--> Day : 2
-> Request 0
270
(2, 3, 1)
3
(12, 4)
-> Request 1
419
(2, 3, 1)
2
(50, 3)
-> Request 2
441
(4, 3, 2)
3
(34, 15)
-> Request 3
661
(3, 2, 2)
3
(3, 48)
-> Request 4
740
(1, 1, 1)
2
(31, 27)
-> Request 5
1097
(1, 3, 2)
2
(41, 35)
-> Request 6
1200
(2, 2, 2)
1
(13, 63)
--> Day : 3
-> Request 0
45
(4, 3, 1)
3
(12, 55)
-> Request 1
570
(1, 3, 1)
3
(71, 32)
-> Request 2
581
(4, 1, 2)
1
(21, 32)
-> Request 3
895
(3, 2, 1)
2
(49, 27)
-> Request 4
1109
(1, 2, 1)
2
(2, 27)
-> Request 5
1175
(3, 2, 1)
3
(55, 51)
--> Day : 4
-> Request 0
612
(3, 1, 1)
1
(16, 30)
-> Request 1
861
(1, 3, 1)
2
(17, 59)
-> Request 2
877
(3, 2, 1)
3
(37, 31)
-> Request 3
925
(3, 2, 1)
3
(23, 1)
-> Request 4
1045
(2, 3, 1)
2
(79, 64)
-> Request 5
1078
(1, 2, 1)
3
(45, 2)
-> Request 6
1240
(3, 2, 2)
3
(1, 59)
---> Week : 129
--> Day : 0
-> Request 0
120
(2, 2, 2)
2
(12, 43)
-> Request 1
141
(3, 2, 1)
2
(71, 35)
-> Request 2
265
(1, 1, 2)
1
(40, 17)
-> Request 3
420
(1, 3, 2)
1
(43, 40)
-> Request 4
1009
(1, 3, 2)
3
(65, 46)
-> Request 5
1039
(4, 3, 1)
1
(64, 45)
-> Request 6
1271
(1, 2, 2)
3
(13, 59)
-> Request 7
1410
(3, 1, 1)
2
(37, 70)
--> Day : 1
-> Request 0
115
(2, 3, 2)
3
(20, 70)
-> Request 1
404
(2, 2, 2)
1
(76, 31)
-> Request 2
646
(3, 1, 2)
1
(33, 43)
-> Request 3
1108
(3, 2, 1)
2
(75, 10)
-> Request 4
1134
(3, 2, 2)
3
(7, 5)
-> Request 5
1238
(2, 2, 2)
1
(15, 51)
-> Request 6
1239
(3, 2, 2)
3
(1, 27)
--> Day : 2
-> Request 0
309
(1, 3, 1)
3
(76, 56)
-> Request 1
364
(1, 3, 1)
3
(38, 71)
-> Request 2
504
(3, 3, 1)
2
(72, 2)
-> Request 3
530
(1, 2, 2)
3
(17, 19)
-> Request 4
610
(3, 2, 1)
3
(55, 26)
-> Request 5
639
(2, 2, 1)
2
(17, 52)
-> Request 6
741
(4, 1, 2)
3
(43, 67)
-> Request 7
758
(2, 2, 2)
1
(8, 24)
-> Request 8
777
(1, 2, 1)
1
(0, 8)
-> Request 9
893
(4, 1, 2)
2
(52, 46)
-> Request 10
952
(1, 2, 1)
1
(52, 63)
-> Request 11
1023
(2, 2, 2)
2
(36, 42)
-> Request 12
1320
(3, 2, 2)
1
(3, 68)
--> Day : 3
-> Request 0
157
(1, 2, 2)
1
(39, 71)
-> Request 1
174
(2, 1, 1)
3
(17, 71)
-> Request 2
451
(2, 1, 1)
1
(55, 76)
-> Request 3
522
(2, 3, 1)
3
(50, 42)
-> Request 4
694
(1, 2, 2)
2
(44, 36)
-> Request 5
757
(2, 1, 1)
1
(46, 46)
-> Request 6
1219
(3, 3, 1)
3
(74, 48)
-> Request 7
1291
(3, 2, 1)
3
(77, 15)
--> Day : 4
-> Request 0
37
(3, 3, 2)
2
(6, 71)
-> Request 1
327
(2, 1, 1)
1
(3, 40)
-> Request 2
594
(2, 1, 2)
3
(40, 13)
-> Request 3
779
(2, 1, 2)
1
(44, 24)
-> Request 4
1387
(2, 2, 2)
3
(12, 59)
---> Week : 130
--> Day : 0
-> Request 0
212
(1, 1, 2)
1
(44, 50)
-> Request 1
487
(4, 3, 1)
3
(67, 79)
-> Request 2
737
(1, 2, 1)
1
(30, 7)
-> Request 3
820
(1, 1, 1)
3
(23, 42)
-> Request 4
876
(4, 3, 1)
1
(52, 50)
-> Request 5
1002
(2, 2, 1)
3
(64, 30)
-> Request 6
1032
(3, 2, 1)
2
(61, 23)
-> Request 7
1092
(2, 2, 2)
1
(24, 24)
-> Request 8
1136
(4, 3, 1)
3
(68, 32)
-> Request 9
1273
(2, 2, 1)
3
(5, 77)
--> Day : 1
-> Request 0
419
(2, 2, 1)
2
(19, 27)
-> Request 1
468
(3, 3, 2)
3
(51, 11)
-> Request 2
627
(2, 2, 2)
3
(18, 1)
--> Day : 2
-> Request 0
13
(1, 2, 1)
1
(9, 44)
-> Request 1
128
(2, 3, 1)
2
(44, 56)
-> Request 2
149
(2, 2, 2)
3
(8, 4)
-> Request 3
364
(3, 1, 2)
1
(44, 17)
-> Request 4
465
(4, 3, 2)
1
(26, 75)
-> Request 5
655
(1, 1, 1)
1
(79, 45)
-> Request 6
665
(1, 2, 2)
3
(37, 56)
-> Request 7
759
(2, 2, 1)
1
(33, 44)
-> Request 8
775
(2, 2, 1)
1
(35, 0)
--> Day : 3
-> Request 0
192
(1, 2, 1)
3
(27, 5)
-> Request 1
209
(4, 3, 1)
1
(8, 18)
-> Request 2
265
(1, 2, 1)
1
(78, 29)
-> Request 3
332
(1, 2, 1)
3
(6, 76)
-> Request 4
400
(2, 3, 1)
2
(20, 73)
-> Request 5
756
(3, 3, 2)
1
(68, 61)
-> Request 6
800
(3, 1, 2)
3
(46, 21)
-> Request 7
955
(3, 3, 2)
1
(66, 79)
-> Request 8
1032
(3, 1, 1)
2
(47, 36)
-> Request 9
1126
(4, 1, 2)
2
(16, 67)
-> Request 10
1188
(4, 2, 2)
3
(20, 8)
-> Request 11
1309
(4, 2, 2)
2
(32, 28)
--> Day : 4
-> Request 0
27
(1, 2, 2)
2
(29, 62)
-> Request 1
154
(4, 3, 2)
2
(55, 62)
-> Request 2
284
(2, 3, 2)
2
(4, 38)
-> Request 3
497
(4, 1, 2)
2
(67, 57)
-> Request 4
514
(2, 3, 2)
3
(32, 19)
-> Request 5
551
(1, 2, 2)
1
(51, 53)
-> Request 6
939
(2, 3, 2)
2
(78, 62)
-> Request 7
1041
(2, 3, 1)
3
(9, 24)
-> Request 8
1176
(2, 2, 1)
3
(29, 16)
-> Request 9
1239
(3, 2, 2)
1
(10, 65)
-> Request 10
1310
(2, 3, 1)
2
(1, 61)
---> Week : 131
--> Day : 0
-> Request 0
123
(2, 3, 1)
2
(77, 43)
-> Request 1
127
(4, 2, 2)
1
(47, 37)
-> Request 2
138
(4, 3, 1)
3
(77, 79)
-> Request 3
207
(2, 3, 1)
3
(5, 26)
-> Request 4
271
(4, 1, 1)
1
(33, 72)
-> Request 5
406
(2, 3, 2)
3
(41, 20)
-> Request 6
597
(1, 1, 1)
1
(46, 27)
-> Request 7
626
(3, 3, 2)
1
(8, 4)
-> Request 8
677
(2, 2, 2)
3
(2, 76)
-> Request 9
798
(1, 2, 1)
1
(63, 6)
-> Request 10
905
(2, 3, 2)
1
(14, 25)
-> Request 11
1074
(3, 3, 1)
2
(34, 64)
-> Request 12
1075
(1, 3, 2)
1
(47, 3)
-> Request 13
1106
(3, 1, 1)
1
(4, 54)
-> Request 14
1147
(4, 2, 2)
3
(11, 30)
--> Day : 1
-> Request 0
34
(1, 3, 2)
3
(29, 43)
-> Request 1
182
(3, 1, 1)
2
(55, 46)
-> Request 2
331
(1, 1, 2)
2
(22, 32)
-> Request 3
495
(1, 3, 2)
1
(0, 56)
-> Request 4
567
(1, 2, 1)
2
(36, 65)
-> Request 5
1185
(3, 3, 2)
1
(76, 31)
-> Request 6
1211
(3, 3, 1)
1
(9, 36)
-> Request 7
1234
(4, 2, 2)
2
(19, 41)
-> Request 8
1251
(4, 1, 2)
2
(67, 50)
-> Request 9
1288
(3, 2, 1)
1
(76, 48)
-> Request 10
1410
(3, 1, 2)
2
(43, 63)
--> Day : 2
-> Request 0
319
(4, 3, 2)
3
(23, 36)
-> Request 1
395
(2, 2, 2)
3
(55, 61)
-> Request 2
396
(4, 1, 2)
2
(13, 12)
-> Request 3
442
(4, 3, 1)
2
(61, 52)
-> Request 4
538
(2, 1, 2)
3
(24, 1)
-> Request 5
635
(1, 2, 1)
2
(8, 51)
-> Request 6
1120
(4, 2, 2)
3
(68, 41)
-> Request 7
1276
(4, 2, 1)
2
(67, 18)
--> Day : 3
-> Request 0
130
(1, 1, 2)
3
(74, 73)
-> Request 1
315
(1, 2, 2)
3
(4, 34)
-> Request 2
409
(2, 3, 2)
1
(0, 2)
-> Request 3
431
(1, 1, 1)
2
(37, 73)
-> Request 4
756
(3, 3, 1)
1
(66, 65)
-> Request 5
796
(1, 1, 2)
3
(56, 47)
--> Day : 4
-> Request 0
378
(3, 2, 2)
2
(73, 63)
-> Request 1
577
(1, 1, 1)
3
(19, 15)
-> Request 2
678
(3, 2, 2)
2
(37, 52)
-> Request 3
923
(1, 3, 2)
3
(67, 55)
-> Request 4
1195
(1, 1, 2)
1
(60, 43)
-> Request 5
1205
(3, 3, 2)
3
(10, 48)
-> Request 6
1245
(4, 2, 1)
3
(32, 31)
-> Request 7
1283
(1, 2, 1)
1
(33, 30)
---> Week : 132
--> Day : 0
-> Request 0
0
(1, 3, 2)
3
(51, 39)
-> Request 1
66
(3, 1, 1)
1
(44, 39)
-> Request 2
408
(2, 1, 1)
3
(15, 4)
-> Request 3
507
(2, 3, 2)
2
(38, 27)
-> Request 4
521
(2, 2, 2)
3
(5, 40)
-> Request 5
572
(2, 1, 2)
2
(73, 13)
-> Request 6
658
(2, 1, 1)
3
(74, 11)
-> Request 7
733
(2, 1, 1)
1
(1, 36)
-> Request 8
834
(2, 1, 2)
1
(33, 75)
-> Request 9
848
(1, 3, 1)
1
(51, 50)
-> Request 10
962
(4, 1, 2)
1
(26, 51)
-> Request 11
1032
(1, 1, 1)
3
(66, 72)
-> Request 12
1329
(4, 1, 2)
3
(28, 49)
--> Day : 1
-> Request 0
3
(3, 2, 1)
3
(26, 2)
-> Request 1
57
(1, 2, 2)
1
(44, 38)
-> Request 2
129
(4, 3, 1)
3
(71, 74)
-> Request 3
151
(4, 1, 1)
3
(29, 7)
-> Request 4
685
(4, 3, 2)
3
(77, 9)
-> Request 5
721
(1, 1, 1)
2
(17, 5)
-> Request 6
807
(3, 3, 1)
1
(15, 20)
-> Request 7
1104
(4, 1, 1)
1
(44, 9)
-> Request 8
1139
(4, 3, 2)
1
(53, 20)
-> Request 9
1221
(1, 2, 1)
1
(9, 59)
-> Request 10
1236
(2, 2, 1)
3
(12, 31)
--> Day : 2
-> Request 0
226
(3, 2, 2)
2
(37, 69)
-> Request 1
490
(4, 2, 2)
2
(8, 74)
-> Request 2
762
(1, 3, 1)
3
(72, 5)
-> Request 3
1047
(4, 2, 2)
1
(43, 78)
-> Request 4
1055
(2, 2, 2)
3
(59, 79)
-> Request 5
1055
(3, 2, 2)
1
(37, 63)
--> Day : 3
-> Request 0
294
(3, 2, 2)
1
(21, 41)
-> Request 1
427
(4, 1, 2)
1
(70, 43)
-> Request 2
683
(4, 1, 2)
2
(38, 75)
-> Request 3
772
(2, 2, 2)
2
(3, 37)
-> Request 4
919
(3, 2, 1)
2
(19, 17)
-> Request 5
1154
(4, 2, 1)
1
(60, 40)
-> Request 6
1341
(1, 2, 1)
1
(35, 61)
--> Day : 4
-> Request 0
89
(2, 1, 2)
2
(49, 76)
-> Request 1
171
(1, 1, 2)
3
(6, 76)
-> Request 2
423
(2, 2, 2)
1
(10, 18)
-> Request 3
523
(4, 2, 2)
2
(63, 28)
-> Request 4
912
(1, 3, 2)
2
(15, 38)
-> Request 5
1151
(1, 3, 1)
1
(1, 67)
-> Request 6
1254
(1, 1, 2)
2
(16, 77)
-> Request 7
1344
(3, 3, 1)
2
(38, 43)
-> Request 8
1379
(3, 3, 1)
3
(39, 9)
-> Request 9
1436
(4, 2, 1)
2
(77, 28)
---> Week : 133
--> Day : 0
-> Request 0
234
(1, 3, 1)
3
(41, 64)
-> Request 1
282
(2, 1, 1)
1
(17, 69)
-> Request 2
311
(1, 2, 2)
2
(75, 60)
-> Request 3
322
(4, 1, 2)
1
(53, 49)
-> Request 4
337
(3, 3, 1)
1
(59, 52)
-> Request 5
631
(3, 3, 2)
1
(49, 49)
-> Request 6
676
(3, 3, 2)
2
(73, 37)
-> Request 7
702
(1, 1, 2)
2
(11, 14)
-> Request 8
984
(2, 1, 2)
2
(23, 15)
-> Request 9
1255
(2, 1, 1)
1
(7, 50)
-> Request 10
1267
(2, 2, 2)
2
(43, 69)
-> Request 11
1274
(4, 3, 2)
1
(33, 49)
-> Request 12
1344
(4, 3, 2)
1
(44, 39)
--> Day : 1
-> Request 0
9
(3, 3, 2)
2
(36, 62)
-> Request 1
147
(1, 2, 1)
3
(72, 30)
-> Request 2
623
(2, 1, 2)
2
(13, 8)
-> Request 3
831
(2, 2, 1)
1
(50, 45)
-> Request 4
856
(1, 2, 1)
1
(40, 18)
-> Request 5
898
(1, 2, 1)
2
(42, 2)
-> Request 6
1009
(2, 1, 2)
2
(23, 71)
-> Request 7
1141
(2, 2, 2)
2
(65, 76)
-> Request 8
1272
(1, 3, 1)
2
(40, 67)
-> Request 9
1283
(2, 1, 2)
2
(4, 73)
-> Request 10
1359
(2, 1, 2)
2
(16, 35)
--> Day : 2
-> Request 0
55
(1, 2, 1)
2
(37, 62)
-> Request 1
69
(2, 2, 1)
1
(23, 34)
-> Request 2
289
(2, 1, 2)
1
(43, 77)
-> Request 3
457
(1, 2, 2)
1
(17, 56)
-> Request 4
631
(1, 3, 2)
1
(56, 26)
-> Request 5
658
(4, 1, 1)
2
(11, 39)
-> Request 6
946
(4, 2, 2)
2
(25, 63)
-> Request 7
958
(4, 1, 2)
1
(50, 70)
-> Request 8
1197
(1, 2, 2)
3
(25, 3)
-> Request 9
1333
(3, 3, 1)
2
(48, 50)
-> Request 10
1358
(4, 1, 2)
3
(54, 47)
-> Request 11
1402
(4, 1, 2)
3
(48, 71)
--> Day : 3
-> Request 0
384
(1, 3, 1)
3
(55, 14)
-> Request 1
772
(4, 2, 1)
2
(56, 25)
-> Request 2
803
(3, 2, 2)
1
(51, 55)
-> Request 3
1315
(3, 1, 1)
2
(6, 0)
--> Day : 4
-> Request 0
31
(2, 1, 1)
1
(63, 48)
-> Request 1
253
(1, 3, 1)
2
(32, 32)
-> Request 2
487
(2, 2, 1)
1
(28, 66)
-> Request 3
649
(2, 3, 2)
2
(27, 49)
-> Request 4
726
(4, 3, 2)
2
(50, 1)
-> Request 5
920
(1, 3, 2)
1
(27, 57)
-> Request 6
1061
(1, 2, 1)
2
(78, 11)
-> Request 7
1130
(2, 3, 1)
3
(42, 33)
-> Request 8
1268
(4, 3, 2)
3
(69, 34)
-> Request 9
1374
(4, 2, 2)
2
(47, 38)
-> Request 10
1382
(4, 1, 2)
1
(53, 65)
---> Week : 134
--> Day : 0
-> Request 0
464
(1, 3, 1)
3
(3, 29)
-> Request 1
483
(2, 3, 2)
3
(35, 39)
-> Request 2
520
(4, 3, 2)
2
(33, 12)
-> Request 3
863
(1, 1, 2)
1
(76, 70)
-> Request 4
951
(2, 2, 1)
1
(76, 58)
-> Request 5
979
(2, 2, 2)
1
(49, 51)
-> Request 6
1146
(2, 2, 2)
1
(35, 7)
--> Day : 1
-> Request 0
16
(1, 1, 2)
2
(67, 79)
-> Request 1
80
(1, 2, 2)
2
(73, 34)
-> Request 2
88
(3, 2, 2)
3
(67, 55)
-> Request 3
108
(4, 1, 2)
1
(51, 58)
-> Request 4
144
(3, 2, 2)
3
(70, 54)
-> Request 5
485
(3, 1, 1)
2
(7, 54)
-> Request 6
510
(1, 2, 1)
1
(44, 68)
-> Request 7
1004
(4, 1, 1)
2
(35, 43)
-> Request 8
1068
(3, 1, 1)
1
(56, 79)
-> Request 9
1138
(1, 1, 1)
3
(2, 9)
-> Request 10
1172
(4, 3, 2)
2
(78, 63)
-> Request 11
1329
(3, 1, 2)
3
(2, 71)
--> Day : 2
-> Request 0
97
(3, 2, 1)
3
(62, 77)
-> Request 1
481
(3, 1, 2)
2
(44, 20)
-> Request 2
576
(2, 1, 2)
1
(16, 61)
-> Request 3
661
(3, 3, 2)
1
(66, 42)
-> Request 4
768
(4, 1, 1)
2
(77, 17)
-> Request 5
908
(1, 1, 1)
1
(42, 22)
-> Request 6
1329
(3, 3, 2)
1
(16, 70)
--> Day : 3
-> Request 0
107
(1, 3, 1)
1
(31, 39)
-> Request 1
160
(3, 3, 2)
2
(41, 68)
-> Request 2
627
(2, 1, 2)
3
(49, 63)
-> Request 3
673
(2, 1, 1)
2
(32, 73)
-> Request 4
953
(2, 3, 1)
1
(78, 56)
-> Request 5
1419
(1, 3, 2)
3
(18, 23)
--> Day : 4
-> Request 0
173
(1, 1, 1)
2
(58, 11)
-> Request 1
265
(4, 2, 1)
1
(69, 52)
-> Request 2
400
(2, 2, 2)
3
(13, 56)
-> Request 3
434
(3, 3, 2)
3
(35, 18)
-> Request 4
529
(1, 1, 1)
1
(50, 34)
-> Request 5
671
(3, 1, 1)
3
(14, 21)
-> Request 6
684
(1, 3, 1)
1
(37, 44)
-> Request 7
738
(3, 2, 2)
2
(68, 63)
-> Request 8
825
(4, 1, 2)
2
(32, 4)
-> Request 9
1022
(4, 1, 1)
2
(68, 14)
-> Request 10
1048
(1, 3, 1)
1
(61, 67)
-> Request 11
1400
(1, 3, 2)
3
(75, 4)
---> Week : 135
--> Day : 0
-> Request 0
227
(2, 1, 1)
2
(21, 65)
-> Request 1
401
(3, 1, 2)
1
(9, 35)
-> Request 2
438
(1, 2, 2)
3
(3, 71)
-> Request 3
455
(3, 2, 2)
3
(36, 52)
-> Request 4
472
(2, 2, 2)
1
(7, 27)
-> Request 5
598
(3, 3, 2)
2
(22, 44)
-> Request 6
653
(1, 3, 1)
2
(20, 75)
-> Request 7
827
(3, 3, 2)
2
(68, 28)
-> Request 8
895
(3, 1, 2)
3
(53, 31)
-> Request 9
908
(2, 3, 2)
3
(10, 43)
-> Request 10
1087
(1, 2, 2)
2
(71, 73)
-> Request 11
1111
(3, 2, 1)
3
(61, 9)
-> Request 12
1158
(3, 3, 1)
1
(38, 73)
-> Request 13
1232
(1, 2, 1)
2
(17, 25)
-> Request 14
1275
(2, 3, 1)
2
(67, 47)
-> Request 15
1433
(4, 1, 1)
1
(34, 69)
--> Day : 1
-> Request 0
97
(3, 1, 1)
1
(52, 4)
-> Request 1
179
(4, 3, 1)
2
(13, 54)
-> Request 2
219
(1, 1, 2)
2
(72, 56)
-> Request 3
244
(2, 3, 2)
2
(1, 34)
-> Request 4
375
(4, 3, 1)
2
(73, 75)
-> Request 5
485
(3, 2, 1)
1
(54, 47)
-> Request 6
566
(1, 3, 2)
2
(67, 48)
-> Request 7
735
(1, 2, 2)
3
(12, 68)
-> Request 8
812
(2, 2, 2)
3
(13, 26)
-> Request 9
852
(1, 2, 2)
1
(77, 21)
-> Request 10
1127
(4, 1, 2)
1
(23, 51)
-> Request 11
1250
(3, 1, 2)
2
(41, 7)
-> Request 12
1297
(4, 1, 2)
2
(77, 15)
--> Day : 2
-> Request 0
29
(1, 2, 2)
2
(70, 23)
-> Request 1
135
(4, 3, 1)
3
(58, 2)
-> Request 2
274
(4, 3, 2)
2
(38, 54)
-> Request 3
388
(4, 2, 2)
3
(69, 51)
-> Request 4
390
(2, 2, 2)
2
(21, 16)
-> Request 5
671
(3, 1, 1)
1
(29, 49)
-> Request 6
714
(4, 3, 2)
3
(20, 70)
-> Request 7
725
(1, 3, 1)
2
(49, 40)
-> Request 8
739
(3, 3, 2)
2
(30, 48)
-> Request 9
860
(3, 2, 2)
2
(76, 23)
-> Request 10
938
(3, 1, 2)
3
(7, 14)
-> Request 11
1097
(1, 2, 2)
2
(17, 60)
-> Request 12
1197
(1, 1, 1)
1
(49, 78)
-> Request 13
1279
(3, 1, 2)
1
(16, 5)
-> Request 14
1340
(4, 3, 1)
1
(33, 35)
--> Day : 3
-> Request 0
5
(2, 3, 1)
2
(44, 23)
-> Request 1
204
(4, 2, 2)
3
(57, 33)
-> Request 2
294
(2, 2, 2)
2
(52, 76)
-> Request 3
711
(1, 1, 2)
3
(15, 41)
-> Request 4
757
(2, 2, 2)
2
(77, 23)
-> Request 5
783
(4, 2, 1)
1
(2, 40)
-> Request 6
802
(1, 1, 1)
1
(6, 3)
-> Request 7
822
(2, 1, 2)
1
(79, 18)
-> Request 8
924
(4, 3, 1)
3
(32, 60)
-> Request 9
927
(1, 3, 1)
3
(79, 34)
-> Request 10
1013
(1, 1, 1)
3
(30, 29)
-> Request 11
1077
(1, 2, 1)
2
(23, 17)
-> Request 12
1221
(4, 3, 2)
2
(33, 68)
--> Day : 4
-> Request 0
11
(4, 3, 2)
3
(29, 13)
-> Request 1
487
(3, 1, 1)
2
(52, 17)
-> Request 2
838
(4, 2, 1)
1
(48, 26)
-> Request 3
1294
(3, 3, 1)
3
(39, 9)
-> Request 4
1326
(1, 3, 1)
1
(30, 18)
-> Request 5
1381
(1, 1, 1)
2
(3, 72)
---> Week : 136
--> Day : 0
-> Request 0
187
(2, 3, 2)
3
(0, 28)
-> Request 1
195
(2, 3, 2)
3
(27, 8)
-> Request 2
213
(1, 1, 1)
3
(45, 67)
-> Request 3
307
(2, 1, 2)
1
(19, 77)
-> Request 4
311
(2, 1, 2)
1
(69, 69)
-> Request 5
480
(3, 2, 2)
1
(41, 11)
-> Request 6
507
(2, 2, 1)
3
(42, 16)
-> Request 7
834
(1, 3, 2)
3
(62, 17)
-> Request 8
845
(1, 3, 2)
3
(35, 2)
-> Request 9
913
(3, 2, 2)
2
(26, 39)
-> Request 10
1069
(3, 1, 2)
3
(39, 18)
-> Request 11
1196
(2, 3, 2)
3
(16, 45)
-> Request 12
1201
(1, 3, 2)
2
(13, 65)
-> Request 13
1426
(4, 3, 2)
2
(1, 67)
--> Day : 1
-> Request 0
386
(3, 1, 2)
1
(9, 57)
-> Request 1
396
(1, 3, 2)
1
(68, 5)
-> Request 2
458
(1, 2, 1)
2
(10, 36)
-> Request 3
586
(4, 2, 2)
2
(40, 5)
-> Request 4
665
(1, 2, 1)
1
(48, 20)
-> Request 5
893
(1, 1, 1)
1
(61, 28)
-> Request 6
1392
(2, 3, 1)
2
(51, 32)
--> Day : 2
-> Request 0
202
(4, 3, 1)
3
(52, 3)
-> Request 1
260
(3, 1, 2)
2
(4, 18)
-> Request 2
845
(2, 1, 2)
3
(46, 40)
-> Request 3
1242
(2, 2, 1)
3
(61, 27)
-> Request 4
1419
(2, 1, 2)
1
(38, 37)
--> Day : 3
-> Request 0
74
(1, 3, 1)
3
(55, 12)
-> Request 1
441
(4, 3, 2)
1
(71, 49)
-> Request 2
818
(4, 1, 2)
1
(68, 46)
-> Request 3
1199
(3, 3, 1)
3
(49, 51)
-> Request 4
1319
(3, 1, 2)
1
(47, 27)
--> Day : 4
-> Request 0
591
(4, 3, 2)
3
(7, 56)
-> Request 1
1172
(4, 1, 1)
3
(65, 32)
-> Request 2
1219
(4, 3, 1)
2
(31, 48)
-> Request 3
1219
(4, 2, 1)
3
(6, 33)
---> Week : 137
--> Day : 0
-> Request 0
37
(3, 1, 1)
3
(21, 22)
-> Request 1
933
(1, 2, 2)
2
(62, 69)
-> Request 2
994
(1, 3, 2)
1
(74, 73)
-> Request 3
1034
(2, 3, 1)
3
(45, 17)
--> Day : 1
-> Request 0
41
(3, 1, 1)
2
(55, 55)
-> Request 1
210
(3, 3, 1)
3
(38, 65)
-> Request 2
323
(3, 3, 2)
3
(25, 59)
-> Request 3
412
(1, 2, 2)
1
(68, 50)
-> Request 4
605
(2, 3, 1)
1
(69, 71)
-> Request 5
621
(2, 1, 2)
2
(16, 4)
-> Request 6
903
(1, 2, 1)
2
(75, 58)
-> Request 7
1106
(3, 1, 2)
3
(16, 28)
-> Request 8
1143
(4, 3, 1)
3
(53, 25)
--> Day : 2
-> Request 0
26
(1, 3, 1)
2
(34, 23)
-> Request 1
147
(3, 3, 2)
3
(41, 41)
-> Request 2
182
(1, 3, 2)
3
(53, 25)
-> Request 3
229
(3, 3, 2)
2
(29, 33)
-> Request 4
396
(2, 1, 1)
3
(53, 58)
-> Request 5
551
(2, 3, 1)
1
(35, 71)
-> Request 6
779
(4, 2, 1)
2
(8, 0)
-> Request 7
913
(2, 2, 1)
2
(74, 18)
-> Request 8
1130
(4, 2, 1)
1
(62, 68)
-> Request 9
1170
(2, 3, 1)
1
(13, 77)
-> Request 10
1278
(1, 2, 1)
2
(70, 30)
-> Request 11
1419
(2, 2, 2)
3
(37, 5)
--> Day : 3
-> Request 0
34
(3, 2, 1)
2
(16, 5)
-> Request 1
342
(1, 3, 1)
3
(57, 78)
-> Request 2
409
(2, 3, 1)
1
(53, 64)
-> Request 3
522
(2, 3, 1)
2
(58, 8)
-> Request 4
686
(1, 2, 2)
2
(6, 14)
-> Request 5
886
(2, 1, 2)
1
(21, 76)
-> Request 6
990
(3, 3, 1)
2
(72, 17)
-> Request 7
1015
(1, 3, 2)
2
(53, 67)
-> Request 8
1391
(3, 3, 1)
2
(9, 24)
--> Day : 4
-> Request 0
427
(4, 1, 2)
1
(44, 16)
-> Request 1
443
(3, 3, 1)
2
(26, 75)
-> Request 2
559
(3, 1, 2)
1
(63, 67)
-> Request 3
589
(1, 2, 1)
2
(65, 44)
-> Request 4
616
(3, 1, 2)
2
(30, 64)
-> Request 5
977
(1, 2, 1)
1
(35, 62)
-> Request 6
1193
(3, 3, 1)
3
(65, 77)
-> Request 7
1194
(2, 1, 1)
2
(78, 51)
-> Request 8
1221
(1, 3, 1)
3
(64, 64)
-> Request 9
1233
(1, 3, 1)
1
(8, 20)
-> Request 10
1343
(3, 2, 2)
3
(78, 23)
-> Request 11
1390
(3, 1, 1)
1
(9, 42)
---> Week : 138
--> Day : 0
-> Request 0
265
(4, 2, 2)
1
(51, 6)
-> Request 1
315
(3, 1, 2)
1
(49, 24)
-> Request 2
440
(1, 2, 1)
2
(20, 73)
-> Request 3
862
(2, 2, 1)
1
(21, 5)
-> Request 4
929
(2, 2, 2)
3
(43, 17)
-> Request 5
1033
(4, 2, 2)
3
(17, 4)
-> Request 6
1272
(2, 1, 1)
2
(70, 49)
-> Request 7
1380
(4, 3, 2)
1
(46, 30)
-> Request 8
1409
(3, 3, 2)
3
(5, 34)
-> Request 9
1435
(3, 3, 1)
1
(67, 24)
--> Day : 1
-> Request 0
400
(1, 1, 1)
3
(63, 43)
-> Request 1
481
(4, 2, 1)
1
(57, 62)
-> Request 2
483
(3, 3, 2)
2
(35, 79)
-> Request 3
1249
(4, 1, 2)
1
(59, 0)
-> Request 4
1274
(2, 1, 1)
2
(21, 46)
-> Request 5
1437
(2, 3, 2)
2
(75, 12)
--> Day : 2
-> Request 0
78
(1, 1, 1)
3
(51, 35)
-> Request 1
300
(1, 1, 2)
3
(4, 66)
-> Request 2
384
(4, 2, 2)
2
(65, 75)
-> Request 3
693
(4, 2, 2)
1
(68, 2)
-> Request 4
810
(1, 2, 2)
3
(58, 77)
-> Request 5
822
(2, 1, 1)
1
(41, 75)
-> Request 6
1087
(4, 2, 2)
3
(10, 47)
-> Request 7
1114
(1, 3, 1)
3
(11, 10)
-> Request 8
1255
(2, 3, 2)
1
(17, 42)
-> Request 9
1366
(4, 2, 1)
2
(7, 53)
--> Day : 3
-> Request 0
107
(1, 3, 1)
3
(26, 28)
-> Request 1
284
(3, 1, 1)
1
(77, 43)
-> Request 2
316
(4, 2, 1)
1
(42, 11)
-> Request 3
609
(3, 1, 2)
2
(51, 37)
-> Request 4
1075
(3, 3, 2)
2
(2, 32)
-> Request 5
1204
(3, 1, 1)
1
(40, 63)
-> Request 6
1328
(1, 3, 2)
2
(63, 5)
--> Day : 4
-> Request 0
316
(1, 2, 2)
1
(62, 15)
-> Request 1
1221
(3, 2, 2)
2
(3, 25)
-> Request 2
1318
(4, 3, 1)
2
(23, 74)
---> Week : 139
--> Day : 0
-> Request 0
107
(3, 2, 2)
1
(23, 65)
-> Request 1
239
(3, 1, 1)
1
(47, 45)
-> Request 2
417
(3, 3, 2)
2
(41, 73)
-> Request 3
428
(3, 2, 1)
3
(25, 27)
-> Request 4
464
(4, 3, 1)
1
(7, 31)
-> Request 5
495
(2, 3, 1)
3
(8, 58)
-> Request 6
558
(3, 1, 1)
1
(57, 61)
-> Request 7
692
(3, 2, 2)
1
(16, 71)
-> Request 8
703
(1, 3, 1)
1
(60, 75)
-> Request 9
1081
(4, 1, 1)
2
(23, 61)
-> Request 10
1185
(1, 1, 1)
3
(17, 45)
-> Request 11
1362
(3, 1, 1)
3
(32, 60)
-> Request 12
1413
(2, 3, 2)
3
(35, 39)
--> Day : 1
-> Request 0
153
(1, 1, 1)
3
(19, 33)
-> Request 1
278
(3, 1, 1)
3
(2, 9)
-> Request 2
777
(2, 1, 2)
2
(66, 61)
-> Request 3
844
(4, 1, 1)
1
(51, 78)
-> Request 4
984
(2, 1, 1)
1
(55, 66)
-> Request 5
990
(1, 3, 2)
1
(40, 23)
-> Request 6
1029
(3, 1, 1)
2
(44, 42)
-> Request 7
1115
(2, 2, 2)
3
(1, 77)
-> Request 8
1140
(1, 1, 1)
1
(67, 25)
-> Request 9
1228
(2, 3, 1)
1
(48, 69)
-> Request 10
1249
(1, 3, 2)
1
(21, 65)
--> Day : 2
-> Request 0
173
(4, 1, 2)
1
(25, 66)
-> Request 1
176
(4, 3, 2)
2
(53, 19)
-> Request 2
187
(3, 1, 1)
3
(4, 68)
-> Request 3
292
(1, 1, 1)
2
(23, 13)
-> Request 4
605
(1, 1, 2)
1
(75, 75)
-> Request 5
646
(4, 2, 2)
2
(49, 63)
-> Request 6
653
(2, 2, 2)
3
(8, 20)
-> Request 7
659
(2, 2, 2)
1
(64, 5)
-> Request 8
676
(3, 3, 1)
3
(50, 27)
-> Request 9
902
(1, 1, 2)
1
(15, 55)
-> Request 10
970
(2, 1, 2)
1
(65, 40)
-> Request 11
1065
(1, 2, 1)
1
(66, 66)
-> Request 12
1083
(3, 1, 2)
2
(27, 28)
-> Request 13
1101
(1, 1, 1)
3
(22, 20)
-> Request 14
1203
(4, 2, 1)
1
(62, 40)
-> Request 15
1240
(4, 3, 1)
1
(13, 44)
-> Request 16
1258
(2, 1, 2)
1
(71, 30)
-> Request 17
1286
(4, 2, 2)
2
(69, 42)
--> Day : 3
-> Request 0
250
(3, 1, 1)
2
(59, 34)
-> Request 1
250
(4, 2, 2)
2
(67, 64)
-> Request 2
275
(4, 3, 2)
2
(17, 5)
-> Request 3
322
(3, 3, 1)
1
(47, 59)
-> Request 4
721
(4, 2, 1)
2
(60, 17)
-> Request 5
727
(4, 1, 2)
3
(44, 9)
-> Request 6
757
(4, 2, 2)
3
(60, 9)
-> Request 7
975
(1, 3, 1)
2
(35, 19)
-> Request 8
1106
(4, 3, 1)
1
(17, 12)
--> Day : 4
-> Request 0
224
(3, 2, 2)
2
(32, 78)
-> Request 1
674
(4, 2, 1)
2
(29, 7)
-> Request 2
735
(3, 2, 1)
2
(69, 17)
-> Request 3
838
(1, 1, 2)
3
(47, 76)
-> Request 4
871
(3, 2, 1)
2
(70, 33)
-> Request 5
905
(2, 1, 2)
1
(68, 72)
-> Request 6
1217
(4, 3, 2)
2
(12, 37)
-> Request 7
1292
(4, 2, 2)
1
(3, 79)
-> Request 8
1344
(1, 1, 1)
3
(39, 72)
-> Request 9
1360
(2, 3, 2)
2
(63, 43)
---> Week : 140
--> Day : 0
-> Request 0
6
(1, 3, 2)
2
(53, 29)
-> Request 1
84
(1, 3, 1)
2
(31, 48)
-> Request 2
94
(3, 2, 2)
3
(10, 2)
-> Request 3
347
(1, 2, 1)
2
(63, 70)
-> Request 4
467
(3, 1, 2)
1
(30, 18)
-> Request 5
602
(4, 3, 1)
1
(37, 36)
-> Request 6
843
(4, 1, 2)
1
(31, 40)
-> Request 7
1144
(1, 1, 1)
2
(57, 43)
-> Request 8
1217
(1, 2, 1)
3
(41, 21)
-> Request 9
1262
(1, 1, 1)
2
(55, 26)
-> Request 10
1345
(4, 2, 2)
2
(12, 73)
-> Request 11
1399
(1, 2, 2)
3
(22, 27)
--> Day : 1
-> Request 0
255
(3, 1, 2)
1
(42, 65)
-> Request 1
279
(1, 3, 2)
1
(20, 70)
-> Request 2
547
(4, 3, 2)
3
(78, 78)
-> Request 3
612
(1, 1, 2)
1
(39, 39)
-> Request 4
653
(3, 3, 2)
1
(1, 55)
-> Request 5
663
(2, 3, 1)
3
(65, 32)
-> Request 6
713
(1, 3, 1)
2
(34, 19)
-> Request 7
742
(2, 2, 2)
3
(46, 58)
-> Request 8
746
(4, 1, 1)
2
(12, 61)
-> Request 9
945
(4, 2, 1)
1
(28, 49)
-> Request 10
986
(4, 2, 2)
1
(52, 33)
-> Request 11
1014
(2, 2, 2)
3
(30, 33)
-> Request 12
1424
(3, 1, 1)
1
(54, 9)
--> Day : 2
-> Request 0
156
(1, 3, 2)
1
(15, 50)
-> Request 1
557
(4, 2, 2)
3
(21, 17)
-> Request 2
688
(3, 1, 1)
1
(13, 12)
-> Request 3
737
(1, 3, 1)
3
(41, 58)
-> Request 4
750
(2, 3, 1)
1
(4, 48)
-> Request 5
935
(2, 2, 2)
3
(3, 79)
-> Request 6
985
(1, 3, 2)
3
(23, 43)
-> Request 7
987
(4, 1, 2)
3
(12, 11)
-> Request 8
1305
(2, 1, 1)
3
(75, 9)
--> Day : 3
-> Request 0
6
(2, 1, 2)
1
(61, 44)
-> Request 1
6
(3, 2, 2)
1
(7, 54)
-> Request 2
125
(3, 1, 2)
3
(20, 48)
-> Request 3
199
(1, 2, 1)
1
(58, 79)
-> Request 4
327
(1, 3, 2)
1
(47, 74)
-> Request 5
379
(3, 1, 2)
2
(77, 63)
-> Request 6
462
(2, 1, 2)
3
(79, 64)
-> Request 7
586
(3, 3, 2)
3
(46, 4)
-> Request 8
623
(4, 3, 2)
2
(17, 1)
-> Request 9
707
(2, 1, 1)
2
(44, 38)
-> Request 10
824
(2, 1, 2)
3
(24, 57)
-> Request 11
841
(4, 1, 1)
3
(37, 32)
-> Request 12
879
(4, 3, 1)
1
(31, 66)
-> Request 13
881
(1, 2, 1)
3
(28, 14)
-> Request 14
981
(4, 1, 1)
2
(37, 46)
-> Request 15
1336
(1, 1, 2)
3
(37, 16)
-> Request 16
1428
(3, 1, 1)
2
(38, 60)
--> Day : 4
-> Request 0
0
(3, 2, 2)
1
(21, 45)
-> Request 1
636
(4, 1, 1)
1
(46, 11)
-> Request 2
644
(2, 2, 1)
2
(35, 10)
-> Request 3
853
(1, 3, 1)
1
(51, 15)
-> Request 4
863
(2, 1, 1)
2
(61, 19)
-> Request 5
894
(4, 1, 2)
1
(21, 43)
-> Request 6
949
(1, 3, 1)
3
(17, 75)
-> Request 7
1163
(1, 2, 1)
2
(26, 5)
-> Request 8
1165
(2, 2, 1)
2
(57, 10)
---> Week : 141
--> Day : 0
-> Request 0
134
(3, 2, 2)
2
(61, 56)
-> Request 1
212
(1, 3, 1)
2
(24, 13)
-> Request 2
286
(1, 2, 2)
2
(73, 12)
-> Request 3
427
(1, 1, 1)
2
(78, 22)
-> Request 4
796
(4, 2, 1)
3
(77, 29)
-> Request 5
827
(2, 3, 1)
2
(42, 11)
-> Request 6
869
(2, 1, 1)
2
(13, 56)
-> Request 7
925
(2, 2, 2)
1
(0, 44)
-> Request 8
997
(1, 1, 2)
3
(60, 3)
-> Request 9
1341
(1, 3, 1)
1
(6, 56)
-> Request 10
1361
(3, 1, 1)
1
(76, 11)
--> Day : 1
-> Request 0
14
(3, 1, 1)
1
(50, 29)
-> Request 1
21
(1, 3, 2)
3
(20, 66)
-> Request 2
47
(4, 2, 2)
2
(41, 2)
-> Request 3
51
(4, 2, 2)
2
(4, 68)
-> Request 4
205
(4, 3, 2)
3
(16, 62)
-> Request 5
507
(4, 1, 1)
1
(60, 75)
-> Request 6
666
(4, 3, 1)
1
(61, 73)
-> Request 7
730
(1, 2, 2)
2
(48, 4)
-> Request 8
882
(4, 3, 2)
3
(33, 33)
-> Request 9
1102
(4, 2, 1)
3
(12, 79)
-> Request 10
1275
(4, 2, 2)
2
(58, 35)
-> Request 11
1298
(3, 3, 1)
3
(19, 51)
--> Day : 2
-> Request 0
182
(2, 3, 2)
2
(34, 72)
-> Request 1
297
(2, 1, 2)
2
(56, 70)
-> Request 2
326
(4, 2, 1)
1
(28, 1)
-> Request 3
715
(4, 1, 2)
1
(30, 58)
-> Request 4
769
(1, 2, 1)
1
(30, 73)
-> Request 5
1011
(4, 1, 2)
2
(62, 67)
--> Day : 3
-> Request 0
101
(1, 3, 1)
1
(43, 30)
-> Request 1
180
(2, 1, 1)
1
(56, 21)
-> Request 2
335
(1, 2, 1)
1
(15, 2)
-> Request 3
429
(2, 2, 2)
2
(10, 16)
-> Request 4
724
(1, 2, 1)
3
(3, 77)
-> Request 5
769
(3, 2, 1)
3
(7, 30)
-> Request 6
939
(2, 3, 2)
1
(75, 29)
-> Request 7
1086
(1, 3, 1)
2
(8, 34)
-> Request 8
1208
(2, 2, 1)
2
(67, 71)
-> Request 9
1220
(1, 3, 1)
2
(62, 2)
-> Request 10
1232
(2, 2, 2)
2
(24, 7)
--> Day : 4
-> Request 0
1
(4, 1, 1)
3
(47, 75)
-> Request 1
65
(1, 3, 1)
1
(47, 14)
-> Request 2
196
(1, 3, 1)
1
(18, 14)
-> Request 3
283
(3, 1, 2)
3
(77, 42)
-> Request 4
384
(2, 1, 1)
2
(62, 69)
-> Request 5
574
(2, 1, 1)
3
(21, 27)
-> Request 6
762
(2, 2, 1)
3
(63, 11)
-> Request 7
831
(2, 1, 1)
1
(18, 26)
-> Request 8
909
(1, 3, 1)
1
(20, 73)
-> Request 9
936
(3, 1, 2)
3
(37, 61)
-> Request 10
1047
(4, 2, 2)
2
(35, 58)
-> Request 11
1358
(2, 1, 1)
2
(18, 74)
---> Week : 142
--> Day : 0
-> Request 0
294
(4, 3, 1)
1
(64, 73)
-> Request 1
378
(2, 3, 1)
3
(72, 11)
-> Request 2
553
(3, 3, 2)
2
(44, 79)
-> Request 3
633
(1, 2, 2)
1
(49, 64)
-> Request 4
636
(1, 3, 1)
2
(47, 13)
-> Request 5
652
(3, 3, 1)
2
(70, 75)
-> Request 6
826
(3, 2, 1)
2
(60, 6)
-> Request 7
964
(3, 3, 1)
3
(39, 22)
-> Request 8
1017
(4, 3, 2)
3
(63, 16)
-> Request 9
1197
(4, 1, 2)
3
(11, 65)
-> Request 10
1264
(2, 3, 1)
2
(21, 66)
-> Request 11
1320
(1, 2, 1)
2
(57, 31)
-> Request 12
1350
(1, 1, 1)
1
(74, 52)
--> Day : 1
-> Request 0
65
(2, 1, 1)
1
(54, 36)
-> Request 1
585
(3, 3, 2)
1
(64, 56)
-> Request 2
942
(1, 3, 2)
2
(21, 23)
-> Request 3
1192
(1, 2, 1)
2
(40, 47)
--> Day : 2
-> Request 0
28
(2, 3, 2)
1
(10, 73)
-> Request 1
230
(4, 2, 1)
1
(3, 61)
-> Request 2
246
(4, 3, 2)
1
(74, 11)
-> Request 3
257
(2, 3, 1)
3
(58, 58)
-> Request 4
590
(3, 1, 2)
2
(77, 3)
-> Request 5
659
(3, 3, 1)
1
(49, 70)
-> Request 6
706
(2, 3, 1)
2
(39, 48)
-> Request 7
730
(1, 1, 1)
2
(14, 40)
-> Request 8
1253
(1, 1, 2)
2
(69, 24)
-> Request 9
1259
(3, 3, 1)
3
(55, 24)
--> Day : 3
-> Request 0
81
(3, 2, 1)
2
(17, 36)
-> Request 1
128
(4, 2, 2)
1
(3, 79)
-> Request 2
201
(1, 3, 2)
2
(58, 58)
-> Request 3
399
(3, 3, 1)
3
(45, 6)
-> Request 4
1241
(2, 2, 1)
1
(68, 77)
-> Request 5
1355
(1, 3, 1)
3
(0, 13)
--> Day : 4
-> Request 0
85
(3, 2, 2)
2
(57, 7)
-> Request 1
210
(1, 2, 2)
2
(24, 3)
-> Request 2
263
(3, 3, 1)
2
(50, 33)
-> Request 3
327
(3, 1, 1)
2
(62, 58)
-> Request 4
357
(4, 1, 2)
2
(53, 71)
-> Request 5
366
(4, 1, 2)
3
(36, 3)
-> Request 6
462
(3, 3, 1)
3
(72, 43)
-> Request 7
528
(3, 1, 2)
1
(1, 2)
-> Request 8
644
(3, 1, 2)
1
(1, 44)
-> Request 9
652
(2, 1, 1)
2
(29, 15)
-> Request 10
855
(2, 1, 1)
3
(40, 59)
-> Request 11
872
(3, 3, 2)
1
(38, 13)
-> Request 12
997
(1, 3, 2)
1
(35, 3)
-> Request 13
1157
(2, 2, 1)
1
(32, 15)
-> Request 14
1418
(3, 1, 2)
2
(38, 0)
---> Week : 143
--> Day : 0
-> Request 0
74
(1, 1, 1)
3
(64, 62)
-> Request 1
99
(4, 2, 1)
1
(45, 60)
-> Request 2
116
(2, 2, 1)
3
(58, 62)
-> Request 3
206
(4, 1, 2)
3
(38, 73)
-> Request 4
220
(4, 1, 1)
3
(53, 6)
-> Request 5
415
(1, 2, 1)
2
(49, 0)
-> Request 6
478
(2, 1, 1)
2
(15, 4)
-> Request 7
654
(2, 3, 1)
3
(6, 15)
-> Request 8
785
(4, 2, 2)
1
(48, 49)
-> Request 9
805
(3, 2, 2)
1
(72, 42)
-> Request 10
868
(3, 3, 1)
2
(73, 79)
-> Request 11
868
(3, 2, 1)
3
(42, 69)
-> Request 12
959
(4, 3, 2)
1
(27, 53)
-> Request 13
1438
(1, 2, 1)
3
(5, 7)
--> Day : 1
-> Request 0
65
(4, 2, 2)
3
(27, 20)
-> Request 1
240
(4, 1, 1)
2
(62, 5)
-> Request 2
422
(1, 3, 1)
1
(23, 65)
-> Request 3
635
(2, 3, 1)
1
(8, 48)
-> Request 4
956
(4, 2, 2)
2
(12, 6)
-> Request 5
1099
(1, 1, 1)
1
(73, 38)
-> Request 6
1248
(3, 3, 1)
3
(21, 49)
-> Request 7
1296
(1, 1, 1)
2
(28, 23)
--> Day : 2
-> Request 0
50
(2, 2, 2)
1
(62, 52)
-> Request 1
54
(4, 2, 2)
1
(57, 9)
-> Request 2
441
(3, 2, 2)
1
(36, 28)
-> Request 3
648
(4, 1, 1)
3
(56, 22)
-> Request 4
718
(1, 2, 1)
2
(30, 44)
-> Request 5
773
(3, 3, 1)
3
(52, 23)
-> Request 6
785
(1, 1, 2)
1
(74, 41)
-> Request 7
793
(3, 2, 1)
2
(13, 28)
-> Request 8
886
(2, 1, 1)
2
(63, 64)
-> Request 9
982
(2, 1, 1)
2
(20, 66)
-> Request 10
1048
(1, 3, 2)
2
(6, 27)
-> Request 11
1272
(4, 2, 1)
1
(17, 0)
--> Day : 3
-> Request 0
27
(2, 2, 1)
2
(15, 51)
-> Request 1
34
(1, 2, 1)
1
(57, 8)
-> Request 2
293
(4, 2, 2)
1
(61, 72)
-> Request 3
492
(4, 2, 1)
1
(47, 75)
-> Request 4
858
(4, 2, 2)
2
(64, 76)
-> Request 5
880
(2, 3, 2)
2
(48, 68)
-> Request 6
1050
(4, 3, 1)
1
(61, 63)
-> Request 7
1105
(4, 3, 2)
1
(36, 65)
-> Request 8
1275
(3, 1, 2)
2
(18, 64)
-> Request 9
1311
(4, 2, 1)
3
(41, 42)
--> Day : 4
-> Request 0
85
(1, 1, 2)
2
(66, 69)
-> Request 1
315
(2, 1, 1)
1
(0, 51)
-> Request 2
338
(3, 2, 2)
2
(10, 8)
-> Request 3
343
(4, 3, 2)
2
(18, 19)
-> Request 4
559
(1, 3, 1)
3
(25, 63)
-> Request 5
659
(1, 2, 2)
3
(40, 41)
-> Request 6
763
(3, 3, 2)
2
(21, 4)
-> Request 7
911
(4, 2, 2)
3
(13, 19)
-> Request 8
1321
(2, 3, 2)
1
(39, 48)
---> Week : 144
--> Day : 0
-> Request 0
157
(2, 2, 1)
2
(32, 62)
-> Request 1
210
(1, 1, 1)
2
(39, 14)
-> Request 2
729
(2, 1, 2)
1
(32, 13)
-> Request 3
945
(2, 3, 1)
2
(73, 31)
-> Request 4
1325
(3, 1, 1)
3
(70, 25)
-> Request 5
1417
(4, 2, 1)
3
(68, 42)
--> Day : 1
-> Request 0
37
(4, 1, 2)
2
(7, 61)
-> Request 1
97
(4, 1, 2)
2
(8, 47)
-> Request 2
187
(1, 1, 2)
1
(48, 6)
-> Request 3
622
(4, 3, 1)
1
(39, 77)
-> Request 4
634
(4, 2, 1)
2
(64, 7)
-> Request 5
666
(1, 3, 1)
1
(18, 79)
-> Request 6
1025
(3, 1, 1)
3
(76, 58)
-> Request 7
1029
(1, 1, 1)
2
(33, 39)
-> Request 8
1094
(2, 3, 1)
2
(2, 44)
-> Request 9
1315
(3, 3, 2)
3
(18, 39)
--> Day : 2
-> Request 0
50
(3, 2, 2)
3
(68, 35)
-> Request 1
605
(2, 2, 2)
2
(6, 76)
-> Request 2
838
(2, 3, 1)
2
(28, 71)
-> Request 3
857
(1, 1, 1)
3
(9, 2)
-> Request 4
1162
(3, 1, 1)
1
(23, 46)
--> Day : 3
-> Request 0
19
(1, 1, 2)
2
(13, 17)
-> Request 1
73
(1, 3, 1)
3
(44, 15)
-> Request 2
365
(3, 3, 2)
1
(59, 7)
-> Request 3
392
(4, 2, 2)
2
(46, 36)
-> Request 4
517
(2, 1, 2)
2
(10, 52)
-> Request 5
873
(1, 2, 1)
2
(37, 62)
-> Request 6
982
(3, 3, 1)
3
(48, 75)
-> Request 7
1016
(2, 2, 1)
2
(70, 20)
-> Request 8
1257
(4, 1, 1)
2
(25, 43)
-> Request 9
1367
(1, 3, 1)
2
(55, 49)
-> Request 10
1379
(1, 1, 2)
1
(78, 28)
--> Day : 4
-> Request 0
172
(4, 3, 1)
2
(56, 33)
-> Request 1
185
(4, 2, 1)
1
(35, 48)
-> Request 2
342
(1, 1, 1)
1
(50, 23)
-> Request 3
414
(3, 2, 2)
2
(55, 30)
-> Request 4
985
(2, 2, 2)
1
(56, 37)
-> Request 5
988
(3, 1, 2)
2
(11, 2)
-> Request 6
1092
(2, 2, 1)
3
(54, 46)
-> Request 7
1279
(4, 2, 2)
1
(21, 47)
-> Request 8
1335
(2, 1, 1)
2
(9, 77)
-> Request 9
1364
(1, 2, 1)
3
(60, 5)
---> Week : 145
--> Day : 0
-> Request 0
395
(3, 3, 1)
2
(54, 36)
-> Request 1
498
(1, 1, 2)
3
(67, 32)
-> Request 2
606
(3, 1, 2)
1
(46, 51)
-> Request 3
886
(4, 2, 1)
1
(37, 63)
-> Request 4
952
(4, 2, 2)
1
(55, 15)
-> Request 5
993
(2, 3, 1)
2
(16, 46)
-> Request 6
1155
(3, 3, 2)
2
(75, 33)
-> Request 7
1267
(3, 1, 2)
1
(17, 23)
--> Day : 1
-> Request 0
10
(3, 2, 2)
1
(29, 32)
-> Request 1
98
(4, 3, 1)
1
(8, 39)
-> Request 2
373
(3, 1, 2)
3
(70, 23)
-> Request 3
474
(3, 2, 1)
1
(25, 28)
-> Request 4
479
(2, 3, 1)
2
(73, 39)
-> Request 5
483
(3, 3, 1)
2
(24, 57)
-> Request 6
538
(4, 3, 1)
1
(44, 16)
-> Request 7
835
(2, 1, 2)
2
(70, 74)
-> Request 8
857
(4, 1, 2)
3
(79, 43)
-> Request 9
1088
(3, 3, 1)
1
(6, 53)
-> Request 10
1148
(1, 1, 1)
2
(30, 8)
-> Request 11
1414
(2, 2, 1)
3
(62, 78)
--> Day : 2
-> Request 0
104
(2, 2, 1)
1
(29, 16)
-> Request 1
400
(2, 3, 2)
2
(23, 2)
-> Request 2
644
(1, 1, 2)
2
(27, 74)
-> Request 3
651
(2, 3, 2)
2
(59, 10)
-> Request 4
907
(1, 2, 2)
3
(45, 32)
-> Request 5
910
(1, 2, 1)
3
(33, 13)
-> Request 6
946
(1, 2, 1)
3
(60, 75)
-> Request 7
984
(2, 2, 1)
1
(8, 18)
-> Request 8
1138
(4, 2, 1)
3
(47, 34)
-> Request 9
1238
(1, 3, 2)
3
(62, 63)
--> Day : 3
-> Request 0
169
(2, 3, 2)
3
(13, 77)
-> Request 1
335
(2, 1, 1)
3
(66, 55)
-> Request 2
438
(2, 2, 1)
1
(73, 32)
-> Request 3
633
(1, 2, 1)
2
(72, 18)
-> Request 4
686
(4, 2, 1)
1
(77, 5)
-> Request 5
730
(2, 1, 1)
1
(26, 36)
-> Request 6
743
(1, 2, 2)
3
(36, 7)
-> Request 7
759
(2, 1, 2)
2
(24, 73)
-> Request 8
787
(4, 3, 1)
2
(2, 29)
-> Request 9
857
(4, 1, 2)
2
(17, 56)
-> Request 10
1123
(3, 3, 1)
2
(25, 12)
--> Day : 4
-> Request 0
37
(4, 3, 2)
1
(39, 66)
-> Request 1
205
(3, 1, 2)
3
(63, 72)
-> Request 2
294
(2, 1, 1)
2
(76, 35)
-> Request 3
400
(1, 1, 2)
2
(0, 73)
-> Request 4
657
(4, 3, 2)
1
(33, 25)
-> Request 5
1032
(4, 2, 1)
1
(68, 50)
---> Week : 146
--> Day : 0
-> Request 0
242
(3, 2, 1)
3
(61, 16)
-> Request 1
308
(3, 1, 2)
1
(40, 38)
-> Request 2
390
(1, 1, 2)
3
(21, 23)
-> Request 3
603
(1, 1, 1)
2
(17, 16)
-> Request 4
873
(1, 1, 2)
1
(79, 18)
-> Request 5
920
(4, 1, 1)
3
(49, 66)
-> Request 6
1256
(1, 3, 2)
2
(55, 69)
-> Request 7
1332
(1, 3, 2)
2
(47, 63)
-> Request 8
1392
(2, 1, 1)
1
(75, 28)
-> Request 9
1414
(4, 3, 2)
1
(63, 63)
--> Day : 1
-> Request 0
104
(4, 3, 2)
2
(68, 24)
-> Request 1
193
(1, 2, 2)
2
(49, 60)
-> Request 2
194
(4, 2, 2)
3
(65, 58)
-> Request 3
224
(3, 2, 1)
3
(40, 25)
-> Request 4
357
(4, 3, 2)
1
(51, 47)
-> Request 5
499
(4, 3, 2)
2
(77, 5)
-> Request 6
732
(3, 3, 1)
2
(40, 29)
-> Request 7
778
(4, 2, 1)
3
(68, 79)
-> Request 8
914
(4, 2, 1)
2
(32, 16)
-> Request 9
1046
(1, 1, 1)
2
(15, 70)
-> Request 10
1184
(2, 1, 1)
2
(41, 73)
-> Request 11
1281
(4, 3, 1)
3
(48, 36)
-> Request 12
1301
(2, 3, 2)
3
(40, 37)
-> Request 13
1393
(1, 1, 1)
2
(17, 0)
--> Day : 2
-> Request 0
7
(2, 1, 2)
1
(4, 16)
-> Request 1
187
(3, 2, 1)
1
(47, 5)
-> Request 2
354
(4, 3, 1)
2
(22, 52)
-> Request 3
507
(2, 1, 1)
3
(63, 6)
-> Request 4
668
(1, 1, 2)
3
(63, 46)
-> Request 5
826
(1, 1, 1)
1
(34, 11)
-> Request 6
1045
(1, 3, 1)
2
(2, 4)
-> Request 7
1078
(3, 2, 2)
1
(58, 64)
-> Request 8
1196
(3, 2, 1)
1
(42, 38)
--> Day : 3
-> Request 0
16
(3, 1, 1)
1
(37, 74)
-> Request 1
230
(1, 2, 1)
1
(55, 58)
-> Request 2
278
(4, 3, 2)
1
(22, 71)
-> Request 3
994
(3, 1, 1)
2
(73, 1)
-> Request 4
1010
(1, 3, 1)
3
(53, 43)
-> Request 5
1173
(4, 1, 1)
3
(26, 14)
--> Day : 4
-> Request 0
197
(4, 2, 2)
2
(74, 19)
-> Request 1
235
(3, 2, 1)
3
(49, 18)
-> Request 2
304
(4, 2, 2)
3
(32, 2)
-> Request 3
332
(2, 1, 1)
2
(75, 13)
-> Request 4
564
(2, 3, 2)
1
(70, 79)
-> Request 5
633
(2, 2, 2)
3
(25, 30)
-> Request 6
683
(4, 2, 1)
1
(26, 52)
-> Request 7
743
(1, 3, 1)
3
(79, 33)
-> Request 8
832
(1, 1, 2)
1
(22, 23)
-> Request 9
905
(3, 3, 2)
1
(22, 10)
-> Request 10
909
(2, 3, 1)
1
(38, 19)
-> Request 11
1081
(2, 2, 1)
3
(51, 71)
-> Request 12
1101
(3, 2, 1)
3
(6, 23)
-> Request 13
1341
(3, 1, 2)
1
(63, 52)
-> Request 14
1375
(1, 1, 1)
2
(52, 78)
-> Request 15
1420
(1, 3, 1)
3
(55, 31)
---> Week : 147
--> Day : 0
-> Request 0
0
(3, 1, 2)
2
(38, 68)
-> Request 1
274
(4, 1, 2)
2
(60, 0)
-> Request 2
345
(3, 1, 2)
3
(39, 61)
-> Request 3
439
(2, 1, 2)
2
(59, 28)
-> Request 4
691
(1, 1, 2)
3
(59, 30)
-> Request 5
781
(1, 1, 2)
3
(18, 38)
-> Request 6
849
(4, 1, 1)
1
(56, 68)
-> Request 7
1073
(2, 2, 1)
1
(2, 72)
-> Request 8
1197
(1, 1, 1)
2
(5, 72)
--> Day : 1
-> Request 0
24
(1, 2, 2)
3
(23, 1)
-> Request 1
261
(4, 3, 2)
2
(46, 69)
-> Request 2
442
(2, 3, 1)
1
(11, 79)
-> Request 3
531
(3, 3, 1)
2
(78, 28)
-> Request 4
543
(1, 2, 1)
3
(29, 57)
-> Request 5
1228
(3, 1, 1)
3
(15, 18)
-> Request 6
1253
(3, 1, 1)
2
(62, 78)
-> Request 7
1276
(2, 3, 2)
2
(54, 26)
-> Request 8
1375
(3, 1, 1)
3
(42, 55)
--> Day : 2
-> Request 0
260
(4, 1, 1)
2
(44, 11)
-> Request 1
343
(1, 3, 2)
2
(50, 67)
-> Request 2
480
(1, 3, 2)
1
(33, 31)
-> Request 3
633
(4, 3, 2)
1
(29, 61)
-> Request 4
679
(1, 3, 1)
3
(79, 29)
-> Request 5
721
(4, 1, 2)
2
(26, 16)
-> Request 6
1077
(1, 1, 1)
2
(52, 32)
-> Request 7
1157
(2, 2, 1)
1
(23, 18)
--> Day : 3
-> Request 0
23
(2, 1, 1)
1
(22, 39)
-> Request 1
123
(3, 1, 2)
2
(72, 78)
-> Request 2
191
(3, 2, 1)
2
(63, 72)
-> Request 3
247
(2, 1, 1)
2
(32, 23)
-> Request 4
841
(2, 2, 1)
2
(29, 24)
-> Request 5
873
(2, 1, 1)
2
(71, 71)
-> Request 6
926
(4, 3, 2)
1
(9, 17)
-> Request 7
1382
(2, 2, 1)
1
(24, 69)
--> Day : 4
-> Request 0
321
(1, 1, 1)
1
(63, 34)
-> Request 1
386
(1, 1, 1)
1
(51, 6)
-> Request 2
468
(4, 3, 2)
1
(25, 13)
-> Request 3
578
(2, 2, 2)
3
(46, 3)
-> Request 4
807
(3, 3, 1)
3
(8, 26)
-> Request 5
950
(3, 1, 1)
3
(75, 6)
-> Request 6
962
(2, 1, 2)
1
(3, 47)
-> Request 7
1067
(1, 3, 1)
2
(34, 52)
-> Request 8
1205
(4, 3, 2)
1
(65, 48)
---> Week : 148
--> Day : 0
-> Request 0
250
(2, 2, 1)
3
(43, 0)
-> Request 1
539
(3, 3, 2)
2
(42, 26)
-> Request 2
622
(4, 2, 2)
2
(62, 54)
-> Request 3
655
(2, 1, 1)
2
(42, 61)
-> Request 4
665
(3, 2, 1)
2
(64, 44)
-> Request 5
812
(4, 1, 2)
3
(3, 17)
-> Request 6
1170
(4, 3, 1)
3
(73, 50)
-> Request 7
1311
(4, 2, 1)
1
(29, 34)
--> Day : 1
-> Request 0
155
(4, 1, 1)
3
(78, 20)
-> Request 1
453
(1, 1, 1)
2
(3, 5)
-> Request 2
837
(1, 1, 1)
3
(10, 29)
-> Request 3
837
(3, 1, 2)
3
(31, 67)
-> Request 4
896
(2, 3, 2)
1
(7, 14)
-> Request 5
1302
(1, 3, 2)
3
(63, 79)
-> Request 6
1375
(1, 1, 1)
3
(52, 76)
--> Day : 2
-> Request 0
39
(2, 2, 2)
2
(10, 31)
-> Request 1
66
(2, 3, 1)
2
(8, 58)
-> Request 2
313
(3, 2, 2)
1
(64, 3)
-> Request 3
433
(1, 3, 1)
2
(44, 6)
-> Request 4
546
(4, 1, 2)
1
(14, 78)
-> Request 5
802
(4, 2, 1)
2
(74, 32)
-> Request 6
863
(1, 2, 1)
1
(57, 20)
-> Request 7
1021
(1, 2, 1)
1
(42, 38)
-> Request 8
1022
(4, 3, 2)
3
(39, 40)
-> Request 9
1072
(1, 1, 2)
2
(70, 14)
-> Request 10
1089
(1, 3, 2)
3
(6, 58)
-> Request 11
1244
(2, 3, 2)
2
(51, 47)
-> Request 12
1324
(1, 2, 2)
3
(0, 11)
-> Request 13
1337
(2, 2, 2)
3
(63, 48)
--> Day : 3
-> Request 0
300
(1, 2, 2)
1
(13, 69)
-> Request 1
446
(1, 2, 1)
2
(22, 24)
-> Request 2
549
(2, 2, 2)
1
(1, 44)
-> Request 3
774
(4, 3, 2)
3
(21, 27)
-> Request 4
868
(4, 3, 1)
3
(66, 6)
-> Request 5
1179
(4, 1, 1)
2
(9, 41)
-> Request 6
1220
(1, 1, 1)
2
(25, 5)
-> Request 7
1430
(3, 1, 1)
1
(61, 33)
-> Request 8
1437
(1, 3, 2)
1
(17, 24)
--> Day : 4
-> Request 0
34
(4, 1, 2)
3
(68, 9)
-> Request 1
106
(1, 1, 1)
2
(72, 48)
-> Request 2
433
(1, 3, 2)
3
(47, 27)
-> Request 3
574
(1, 2, 2)
3
(66, 30)
-> Request 4
811
(4, 1, 2)
3
(61, 50)
-> Request 5
924
(3, 1, 2)
2
(39, 51)
-> Request 6
971
(2, 1, 1)
1
(46, 29)
-> Request 7
1127
(4, 2, 1)
2
(55, 54)
-> Request 8
1285
(1, 3, 2)
2
(41, 4)
---> Week : 149
--> Day : 0
-> Request 0
327
(3, 3, 1)
1
(2, 73)
-> Request 1
865
(1, 2, 1)
3
(62, 28)
-> Request 2
884
(4, 2, 2)
3
(1, 14)
-> Request 3
930
(3, 1, 1)
3
(61, 14)
-> Request 4
1018
(1, 2, 2)
2
(8, 0)
-> Request 5
1040
(2, 2, 2)
2
(68, 32)
-> Request 6
1234
(4, 1, 2)
3
(22, 17)
--> Day : 1
-> Request 0
10
(4, 1, 1)
2
(78, 74)
-> Request 1
34
(1, 2, 2)
1
(72, 77)
-> Request 2
311
(1, 3, 2)
1
(34, 35)
-> Request 3
611
(2, 2, 1)
1
(65, 23)
-> Request 4
622
(1, 2, 1)
1
(29, 68)
-> Request 5
656
(4, 3, 2)
2
(26, 77)
-> Request 6
728
(1, 2, 2)
1
(29, 59)
-> Request 7
903
(3, 3, 2)
1
(28, 67)
-> Request 8
959
(3, 1, 2)
3
(53, 9)
-> Request 9
1056
(1, 3, 1)
3
(50, 17)
-> Request 10
1085
(1, 1, 1)
3
(6, 65)
-> Request 11
1114
(2, 2, 1)
1
(54, 30)
-> Request 12
1140
(3, 3, 2)
3
(7, 68)
-> Request 13
1167
(4, 3, 1)
3
(39, 57)
-> Request 14
1299
(2, 1, 2)
3
(0, 4)
--> Day : 2
-> Request 0
158
(2, 3, 2)
1
(18, 74)
-> Request 1
512
(1, 2, 1)
1
(52, 18)
-> Request 2
601
(2, 1, 1)
2
(16, 20)
-> Request 3
622
(4, 1, 2)
1
(7, 76)
-> Request 4
645
(3, 3, 2)
2
(39, 40)
-> Request 5
675
(1, 3, 1)
1
(35, 77)
-> Request 6
1162
(2, 2, 2)
1
(74, 42)
-> Request 7
1183
(4, 1, 2)
1
(12, 24)
-> Request 8
1294
(3, 1, 2)
2
(28, 40)
-> Request 9
1384
(3, 2, 2)
1
(64, 61)
--> Day : 3
-> Request 0
267
(3, 1, 2)
1
(20, 25)
-> Request 1
727
(3, 3, 1)
3
(8, 75)
-> Request 2
753
(2, 2, 1)
2
(9, 35)
-> Request 3
830
(1, 1, 1)
1
(8, 2)
-> Request 4
1025
(1, 2, 1)
3
(64, 25)
-> Request 5
1058
(1, 1, 2)
3
(67, 2)
-> Request 6
1219
(1, 2, 1)
3
(29, 76)
--> Day : 4
-> Request 0
157
(1, 1, 1)
2
(38, 36)
-> Request 1
203
(2, 2, 2)
3
(18, 28)
-> Request 2
288
(3, 2, 1)
3
(20, 35)
-> Request 3
614
(4, 2, 1)
1
(60, 20)
-> Request 4
626
(4, 3, 2)
2
(38, 62)
-> Request 5
663
(4, 3, 2)
3
(41, 12)
-> Request 6
825
(1, 3, 1)
2
(66, 22)
-> Request 7
1028
(2, 2, 1)
1
(46, 22)
-> Request 8
1132
(4, 1, 2)
2
(17, 63)
-> Request 9
1214
(3, 3, 1)
3
(14, 15)
-> Request 10
1223
(4, 1, 1)
2
(68, 48)
-> Request 11
1398
(4, 1, 2)
2
(52, 57)
