---> Week : 0
--> Day : 0
-> Request 0
116
(2, 3, 1)
3
(35, 37)
-> Request 1
122
(4, 1, 1)
3
(72, 52)
-> Request 2
213
(4, 3, 2)
2
(63, 19)
-> Request 3
822
(2, 1, 1)
3
(24, 11)
-> Request 4
939
(1, 2, 2)
3
(78, 13)
-> Request 5
1248
(2, 2, 2)
3
(14, 1)
--> Day : 1
-> Request 0
175
(2, 1, 2)
3
(6, 53)
-> Request 1
207
(2, 3, 2)
1
(60, 51)
-> Request 2
590
(1, 3, 2)
2
(62, 67)
-> Request 3
709
(3, 3, 2)
2
(32, 8)
-> Request 4
864
(1, 1, 2)
1
(73, 67)
-> Request 5
905
(2, 3, 1)
1
(58, 0)
-> Request 6
943
(3, 1, 1)
1
(31, 71)
-> Request 7
1197
(4, 2, 1)
3
(18, 40)
-> Request 8
1352
(2, 2, 2)
1
(35, 26)
-> Request 9
1386
(4, 3, 2)
3
(72, 55)
--> Day : 2
-> Request 0
117
(4, 1, 1)
1
(11, 61)
-> Request 1
142
(4, 3, 2)
1
(59, 57)
-> Request 2
145
(4, 3, 2)
1
(51, 56)
-> Request 3
150
(4, 3, 1)
1
(70, 74)
-> Request 4
166
(2, 3, 1)
1
(47, 47)
-> Request 5
445
(4, 3, 2)
3
(46, 77)
-> Request 6
455
(2, 3, 1)
3
(6, 36)
-> Request 7
644
(4, 2, 2)
2
(60, 15)
-> Request 8
743
(3, 2, 1)
2
(47, 46)
-> Request 9
812
(1, 3, 2)
1
(28, 32)
-> Request 10
1066
(2, 1, 2)
1
(9, 36)
-> Request 11
1176
(1, 2, 2)
3
(39, 62)
--> Day : 3
-> Request 0
46
(3, 2, 2)
1
(47, 76)
-> Request 1
101
(2, 2, 2)
2
(73, 3)
-> Request 2
482
(2, 2, 1)
2
(62, 5)
-> Request 3
622
(3, 3, 2)
1
(34, 72)
-> Request 4
707
(4, 3, 1)
2
(14, 52)
-> Request 5
1046
(3, 2, 2)
2
(2, 21)
-> Request 6
1173
(3, 3, 2)
1
(45, 31)
-> Request 7
1229
(3, 1, 2)
2
(33, 23)
-> Request 8
1269
(4, 2, 2)
3
(37, 51)
-> Request 9
1282
(4, 1, 2)
3
(41, 1)
-> Request 10
1384
(4, 2, 2)
3
(23, 72)
--> Day : 4
-> Request 0
48
(4, 2, 1)
3
(45, 22)
-> Request 1
91
(3, 3, 2)
3
(61, 22)
-> Request 2
104
(3, 1, 2)
3
(9, 67)
-> Request 3
157
(4, 1, 1)
1
(3, 0)
-> Request 4
982
(2, 2, 1)
1
(34, 60)
-> Request 5
999
(1, 3, 1)
2
(58, 72)
-> Request 6
1151
(4, 2, 1)
3
(41, 34)
-> Request 7
1151
(4, 3, 1)
2
(72, 68)
---> Week : 1
--> Day : 0
-> Request 0
104
(1, 2, 2)
2
(16, 52)
-> Request 1
762
(2, 1, 1)
3
(17, 43)
-> Request 2
779
(4, 3, 1)
2
(7, 28)
-> Request 3
891
(3, 1, 1)
1
(35, 75)
-> Request 4
1127
(1, 3, 2)
2
(61, 55)
-> Request 5
1402
(4, 3, 1)
1
(33, 25)
--> Day : 1
-> Request 0
93
(4, 2, 2)
1
(26, 17)
-> Request 1
145
(1, 2, 2)
2
(64, 7)
-> Request 2
219
(3, 1, 1)
2
(42, 71)
-> Request 3
256
(2, 1, 2)
1
(8, 48)
-> Request 4
364
(1, 2, 2)
2
(4, 63)
-> Request 5
404
(2, 2, 1)
2
(32, 73)
-> Request 6
406
(2, 1, 1)
3
(20, 77)
-> Request 7
590
(1, 2, 2)
2
(5, 46)
-> Request 8
682
(3, 2, 2)
2
(2, 22)
-> Request 9
870
(1, 3, 2)
2
(74, 10)
-> Request 10
1068
(2, 3, 1)
3
(6, 18)
-> Request 11
1158
(4, 3, 1)
2
(79, 32)
-> Request 12
1217
(2, 1, 1)
1
(71, 8)
-> Request 13
1230
(3, 3, 1)
3
(31, 71)
--> Day : 2
-> Request 0
38
(2, 1, 2)
1
(23, 20)
-> Request 1
55
(1, 2, 1)
2
(60, 0)
-> Request 2
156
(2, 3, 1)
1
(9, 0)
-> Request 3
204
(3, 1, 1)
1
(17, 64)
-> Request 4
251
(2, 1, 1)
2
(74, 1)
-> Request 5
469
(2, 2, 2)
1
(4, 44)
-> Request 6
633
(4, 3, 1)
2
(38, 44)
-> Request 7
670
(4, 1, 1)
3
(12, 24)
-> Request 8
715
(4, 2, 2)
3
(49, 54)
-> Request 9
780
(3, 3, 1)
1
(52, 24)
-> Request 10
880
(4, 3, 1)
2
(28, 71)
-> Request 11
1063
(3, 3, 2)
2
(6, 41)
-> Request 12
1116
(4, 3, 2)
2
(76, 46)
-> Request 13
1360
(2, 1, 2)
3
(77, 18)
-> Request 14
1397
(3, 1, 2)
1
(46, 49)
--> Day : 3
-> Request 0
112
(4, 1, 1)
2
(61, 63)
-> Request 1
660
(1, 1, 2)
2
(57, 11)
-> Request 2
741
(3, 3, 1)
1
(45, 77)
-> Request 3
984
(2, 2, 1)
2
(53, 35)
-> Request 4
1073
(1, 3, 2)
3
(6, 59)
-> Request 5
1107
(3, 1, 2)
1
(33, 22)
-> Request 6
1210
(3, 1, 2)
1
(48, 55)
-> Request 7
1301
(2, 2, 2)
1
(76, 78)
-> Request 8
1415
(4, 1, 2)
3
(51, 2)
--> Day : 4
-> Request 0
181
(4, 1, 1)
3
(34, 3)
-> Request 1
357
(4, 2, 1)
2
(28, 24)
-> Request 2
791
(1, 2, 1)
3
(29, 70)
-> Request 3
834
(1, 3, 1)
3
(1, 26)
-> Request 4
867
(2, 1, 1)
2
(11, 48)
-> Request 5
962
(2, 3, 1)
2
(74, 39)
-> Request 6
1065
(2, 1, 1)
2
(7, 57)
-> Request 7
1074
(3, 1, 2)
1
(71, 29)
-> Request 8
1096
(1, 2, 1)
1
(3, 71)
---> Week : 2
--> Day : 0
-> Request 0
85
(2, 1, 1)
1
(32, 52)
-> Request 1
617
(4, 2, 1)
2
(25, 31)
-> Request 2
1155
(1, 2, 1)
3
(71, 35)
-> Request 3
1333
(4, 3, 1)
1
(74, 74)
--> Day : 1
-> Request 0
89
(3, 3, 1)
1
(61, 62)
-> Request 1
122
(4, 1, 1)
3
(25, 42)
-> Request 2
229
(3, 2, 1)
2
(21, 9)
-> Request 3
489
(1, 3, 1)
3
(19, 64)
-> Request 4
537
(3, 3, 2)
3
(68, 72)
-> Request 5
543
(2, 2, 2)
3
(54, 29)
-> Request 6
894
(4, 2, 2)
3
(49, 9)
-> Request 7
1129
(2, 3, 2)
2
(43, 49)
--> Day : 2
-> Request 0
66
(4, 1, 1)
2
(71, 9)
-> Request 1
876
(2, 1, 2)
3
(63, 40)
-> Request 2
1203
(1, 3, 2)
3
(28, 31)
-> Request 3
1261
(4, 2, 1)
1
(18, 47)
--> Day : 3
-> Request 0
22
(1, 1, 2)
2
(58, 39)
-> Request 1
22
(3, 3, 2)
1
(22, 13)
-> Request 2
223
(3, 1, 2)
1
(64, 72)
-> Request 3
291
(2, 2, 2)
3
(17, 75)
-> Request 4
299
(1, 2, 1)
1
(26, 31)
-> Request 5
306
(4, 3, 2)
3
(24, 46)
-> Request 6
339
(1, 2, 2)
2
(26, 47)
-> Request 7
358
(4, 1, 1)
2
(54, 8)
-> Request 8
373
(1, 2, 2)
3
(2, 69)
-> Request 9
479
(1, 2, 1)
3
(14, 79)
-> Request 10
524
(1, 3, 1)
1
(1, 43)
-> Request 11
532
(4, 3, 1)
1
(31, 30)
-> Request 12
716
(2, 2, 1)
3
(75, 58)
-> Request 13
943
(4, 2, 2)
3
(51, 28)
-> Request 14
998
(3, 3, 1)
1
(59, 74)
-> Request 15
1008
(3, 2, 2)
3
(52, 35)
-> Request 16
1371
(3, 3, 1)
1
(75, 78)
--> Day : 4
-> Request 0
140
(3, 3, 1)
3
(24, 63)
-> Request 1
251
(1, 1, 1)
2
(75, 10)
-> Request 2
304
(3, 2, 2)
1
(5, 1)
-> Request 3
428
(3, 2, 1)
1
(27, 11)
-> Request 4
516
(4, 3, 1)
1
(29, 53)
-> Request 5
586
(2, 1, 2)
2
(57, 74)
-> Request 6
622
(1, 2, 2)
3
(13, 32)
-> Request 7
673
(2, 2, 2)
2
(19, 16)
-> Request 8
859
(4, 2, 2)
3
(4, 31)
-> Request 9
896
(4, 2, 2)
1
(37, 31)
-> Request 10
937
(2, 2, 1)
2
(24, 42)
-> Request 11
1106
(4, 2, 2)
2
(67, 16)
-> Request 12
1201
(4, 2, 2)
3
(49, 22)
-> Request 13
1263
(3, 2, 1)
2
(54, 21)
---> Week : 3
--> Day : 0
-> Request 0
363
(2, 2, 2)
1
(57, 10)
-> Request 1
620
(1, 1, 2)
2
(15, 69)
-> Request 2
657
(4, 1, 1)
3
(56, 15)
-> Request 3
802
(4, 2, 1)
1
(40, 58)
-> Request 4
945
(3, 1, 2)
2
(50, 40)
-> Request 5
1094
(1, 3, 2)
3
(27, 44)
-> Request 6
1139
(4, 1, 1)
1
(67, 26)
-> Request 7
1157
(2, 2, 1)
2
(22, 43)
-> Request 8
1188
(4, 2, 1)
1
(31, 16)
-> Request 9
1199
(3, 3, 1)
1
(60, 70)
--> Day : 1
-> Request 0
201
(3, 2, 2)
2
(45, 18)
-> Request 1
248
(1, 1, 2)
1
(77, 22)
-> Request 2
515
(3, 1, 1)
3
(25, 10)
-> Request 3
682
(3, 2, 1)
2
(65, 76)
-> Request 4
881
(3, 3, 1)
3
(55, 24)
-> Request 5
901
(4, 1, 2)
3
(34, 55)
-> Request 6
1013
(3, 1, 1)
1
(63, 34)
-> Request 7
1082
(4, 2, 2)
3
(75, 42)
-> Request 8
1143
(4, 1, 2)
1
(47, 73)
-> Request 9
1195
(1, 3, 2)
3
(10, 56)
-> Request 10
1406
(4, 3, 1)
2
(77, 29)
--> Day : 2
-> Request 0
59
(2, 1, 1)
1
(49, 33)
-> Request 1
118
(3, 3, 2)
3
(73, 33)
-> Request 2
169
(1, 3, 1)
2
(30, 72)
-> Request 3
287
(2, 3, 1)
2
(8, 47)
-> Request 4
358
(3, 2, 2)
2
(76, 16)
-> Request 5
735
(2, 1, 1)
3
(54, 21)
-> Request 6
1037
(4, 3, 1)
3
(15, 34)
-> Request 7
1277
(1, 2, 2)
1
(23, 10)
-> Request 8
1328
(4, 2, 1)
3
(51, 71)
-> Request 9
1389
(2, 3, 2)
3
(2, 10)
-> Request 10
1404
(3, 1, 2)
1
(43, 2)
--> Day : 3
-> Request 0
175
(3, 2, 2)
3
(42, 25)
-> Request 1
290
(2, 3, 2)
1
(67, 27)
-> Request 2
378
(4, 3, 2)
2
(27, 76)
-> Request 3
476
(2, 3, 1)
3
(66, 73)
-> Request 4
516
(1, 3, 2)
3
(14, 30)
-> Request 5
697
(4, 1, 2)
3
(79, 52)
-> Request 6
1012
(1, 2, 1)
3
(13, 64)
-> Request 7
1061
(3, 2, 1)
1
(8, 6)
-> Request 8
1200
(2, 3, 1)
3
(74, 24)
--> Day : 4
-> Request 0
41
(2, 3, 1)
2
(23, 59)
-> Request 1
101
(1, 2, 2)
3
(28, 64)
-> Request 2
150
(3, 1, 1)
1
(13, 8)
-> Request 3
324
(4, 2, 1)
2
(62, 55)
-> Request 4
684
(1, 2, 2)
2
(75, 25)
-> Request 5
903
(3, 2, 2)
2
(10, 18)
---> Week : 4
--> Day : 0
-> Request 0
99
(2, 2, 1)
3
(42, 37)
-> Request 1
134
(3, 1, 2)
2
(70, 75)
-> Request 2
378
(1, 2, 2)
2
(73, 14)
-> Request 3
587
(2, 3, 2)
1
(72, 75)
-> Request 4
591
(3, 3, 2)
2
(3, 38)
-> Request 5
663
(2, 2, 1)
1
(13, 25)
-> Request 6
664
(3, 2, 2)
2
(61, 70)
-> Request 7
1018
(4, 3, 1)
1
(68, 41)
-> Request 8
1240
(4, 3, 1)
2
(20, 68)
-> Request 9
1328
(4, 3, 1)
1
(50, 66)
-> Request 10
1338
(1, 1, 2)
3
(77, 21)
--> Day : 1
-> Request 0
400
(2, 2, 1)
2
(56, 33)
-> Request 1
499
(2, 1, 1)
1
(73, 22)
-> Request 2
515
(3, 1, 1)
3
(70, 57)
-> Request 3
584
(3, 1, 1)
2
(21, 45)
-> Request 4
808
(4, 1, 2)
2
(17, 44)
-> Request 5
948
(4, 3, 1)
2
(70, 59)
--> Day : 2
-> Request 0
72
(2, 3, 1)
3
(57, 15)
-> Request 1
84
(1, 2, 2)
2
(29, 45)
-> Request 2
248
(2, 1, 2)
2
(77, 16)
-> Request 3
585
(4, 3, 1)
1
(25, 21)
-> Request 4
1142
(2, 3, 1)
3
(41, 64)
-> Request 5
1152
(2, 2, 2)
3
(8, 37)
--> Day : 3
-> Request 0
188
(2, 1, 1)
2
(73, 62)
-> Request 1
202
(2, 3, 1)
3
(37, 6)
-> Request 2
452
(2, 1, 2)
3
(12, 14)
-> Request 3
661
(3, 1, 1)
3
(10, 9)
-> Request 4
735
(3, 2, 1)
1
(50, 48)
-> Request 5
893
(2, 3, 2)
1
(60, 49)
-> Request 6
1014
(1, 3, 2)
3
(33, 64)
-> Request 7
1066
(3, 2, 1)
2
(42, 42)
-> Request 8
1107
(2, 2, 2)
3
(11, 26)
-> Request 9
1216
(1, 3, 2)
3
(70, 77)
-> Request 10
1358
(4, 1, 2)
1
(24, 2)
-> Request 11
1364
(2, 3, 2)
1
(18, 53)
--> Day : 4
-> Request 0
102
(4, 1, 1)
2
(26, 38)
-> Request 1
173
(4, 2, 2)
2
(22, 29)
-> Request 2
174
(4, 2, 2)
3
(55, 46)
-> Request 3
212
(4, 2, 2)
2
(16, 40)
-> Request 4
218
(1, 1, 1)
1
(70, 76)
-> Request 5
276
(2, 3, 1)
2
(22, 53)
-> Request 6
327
(2, 2, 2)
2
(18, 68)
-> Request 7
372
(1, 2, 1)
3
(5, 27)
-> Request 8
403
(4, 1, 2)
3
(12, 26)
-> Request 9
741
(2, 3, 2)
1
(36, 65)
-> Request 10
747
(1, 2, 2)
1
(14, 49)
-> Request 11
847
(4, 3, 2)
2
(77, 50)
-> Request 12
1051
(4, 3, 1)
1
(3, 29)
-> Request 13
1243
(2, 2, 1)
2
(49, 69)
---> Week : 5
--> Day : 0
-> Request 0
23
(4, 2, 2)
2
(26, 15)
-> Request 1
47
(4, 2, 1)
2
(69, 10)
-> Request 2
130
(1, 2, 2)
1
(18, 16)
-> Request 3
188
(4, 1, 1)
2
(76, 66)
-> Request 4
218
(4, 3, 2)
3
(1, 6)
-> Request 5
329
(3, 1, 2)
3
(36, 69)
-> Request 6
344
(1, 3, 1)
2
(68, 20)
-> Request 7
419
(3, 2, 1)
2
(6, 42)
-> Request 8
806
(2, 1, 1)
3
(50, 23)
-> Request 9
942
(4, 1, 1)
3
(71, 39)
-> Request 10
1058
(4, 3, 1)
3
(45, 79)
-> Request 11
1169
(1, 1, 2)
1
(13, 29)
-> Request 12
1268
(3, 2, 1)
2
(55, 20)
--> Day : 1
-> Request 0
96
(2, 1, 1)
2
(55, 47)
-> Request 1
245
(1, 2, 1)
3
(46, 41)
-> Request 2
406
(4, 3, 1)
2
(32, 79)
-> Request 3
442
(3, 2, 2)
2
(27, 56)
-> Request 4
462
(2, 1, 2)
3
(75, 16)
-> Request 5
579
(3, 2, 1)
3
(36, 50)
-> Request 6
798
(3, 1, 2)
1
(28, 72)
-> Request 7
1026
(4, 2, 1)
3
(33, 7)
-> Request 8
1029
(4, 1, 2)
2
(1, 1)
-> Request 9
1031
(4, 2, 2)
3
(14, 2)
-> Request 10
1268
(4, 2, 1)
3
(28, 10)
--> Day : 2
-> Request 0
211
(3, 1, 2)
2
(64, 70)
-> Request 1
348
(2, 1, 1)
3
(64, 42)
-> Request 2
385
(3, 1, 2)
1
(57, 71)
-> Request 3
757
(1, 3, 1)
1
(4, 31)
-> Request 4
762
(3, 2, 2)
3
(33, 59)
-> Request 5
1048
(1, 2, 1)
1
(47, 42)
-> Request 6
1163
(2, 1, 2)
2
(31, 69)
-> Request 7
1258
(1, 1, 2)
1
(43, 23)
--> Day : 3
-> Request 0
156
(4, 2, 2)
3
(9, 57)
-> Request 1
169
(4, 1, 1)
2
(32, 27)
-> Request 2
208
(2, 1, 1)
3
(52, 38)
-> Request 3
393
(4, 2, 2)
2
(28, 2)
-> Request 4
848
(1, 2, 1)
3
(11, 9)
-> Request 5
944
(1, 1, 2)
2
(3, 36)
-> Request 6
1172
(1, 2, 2)
2
(67, 61)
-> Request 7
1296
(3, 1, 1)
3
(18, 59)
-> Request 8
1298
(1, 1, 1)
2
(22, 27)
-> Request 9
1410
(2, 2, 2)
2
(73, 73)
--> Day : 4
-> Request 0
43
(3, 3, 1)
2
(14, 28)
-> Request 1
221
(1, 1, 1)
2
(52, 75)
-> Request 2
327
(3, 2, 1)
1
(15, 10)
-> Request 3
490
(1, 3, 1)
3
(22, 27)
-> Request 4
597
(2, 1, 1)
2
(49, 29)
-> Request 5
1024
(2, 1, 1)
2
(61, 32)
-> Request 6
1026
(2, 3, 2)
2
(23, 60)
---> Week : 6
--> Day : 0
-> Request 0
290
(4, 1, 2)
2
(61, 57)
-> Request 1
293
(2, 1, 2)
1
(77, 64)
-> Request 2
653
(3, 1, 1)
2
(45, 65)
-> Request 3
666
(2, 3, 1)
1
(61, 32)
-> Request 4
815
(3, 1, 2)
2
(66, 18)
-> Request 5
882
(4, 1, 1)
3
(71, 9)
-> Request 6
1026
(1, 2, 2)
1
(41, 29)
-> Request 7
1155
(1, 2, 1)
3
(69, 8)
-> Request 8
1219
(4, 2, 1)
3
(21, 8)
-> Request 9
1385
(1, 1, 1)
2
(74, 8)
-> Request 10
1439
(4, 3, 1)
1
(20, 58)
--> Day : 1
-> Request 0
10
(1, 3, 1)
3
(25, 76)
-> Request 1
195
(4, 1, 1)
2
(79, 9)
-> Request 2
277
(3, 3, 2)
1
(19, 32)
-> Request 3
418
(1, 2, 2)
3
(0, 74)
-> Request 4
433
(2, 1, 1)
3
(41, 33)
-> Request 5
443
(2, 1, 1)
3
(53, 33)
-> Request 6
517
(4, 3, 1)
1
(39, 20)
-> Request 7
1000
(3, 1, 1)
2
(51, 7)
-> Request 8
1334
(1, 1, 2)
2
(53, 64)
--> Day : 2
-> Request 0
54
(4, 3, 2)
2
(21, 64)
-> Request 1
266
(2, 1, 2)
2
(15, 28)
-> Request 2
292
(4, 1, 1)
2
(61, 62)
-> Request 3
479
(4, 1, 2)
2
(71, 73)
-> Request 4
1239
(2, 3, 1)
2
(13, 13)
--> Day : 3
-> Request 0
84
(4, 3, 2)
2
(68, 64)
-> Request 1
138
(2, 3, 2)
3
(77, 22)
-> Request 2
371
(2, 1, 2)
1
(52, 1)
-> Request 3
510
(3, 2, 1)
2
(12, 4)
-> Request 4
630
(1, 3, 1)
2
(39, 33)
-> Request 5
868
(3, 3, 2)
2
(45, 51)
-> Request 6
983
(2, 1, 2)
1
(20, 16)
-> Request 7
1106
(4, 1, 2)
3
(8, 65)
-> Request 8
1231
(3, 3, 2)
2
(66, 43)
--> Day : 4
-> Request 0
354
(1, 3, 2)
2
(8, 48)
-> Request 1
421
(3, 2, 1)
3
(16, 53)
-> Request 2
511
(2, 1, 1)
2
(49, 78)
-> Request 3
620
(2, 2, 1)
3
(25, 49)
-> Request 4
972
(3, 1, 1)
1
(14, 59)
-> Request 5
1260
(3, 3, 1)
1
(56, 38)
-> Request 6
1332
(3, 1, 2)
3
(49, 45)
---> Week : 7
--> Day : 0
-> Request 0
37
(3, 2, 1)
2
(49, 59)
-> Request 1
125
(4, 3, 2)
2
(0, 17)
-> Request 2
180
(2, 3, 1)
1
(60, 22)
-> Request 3
393
(2, 3, 1)
2
(43, 37)
-> Request 4
464
(2, 2, 1)
2
(24, 31)
-> Request 5
599
(2, 3, 2)
1
(75, 28)
-> Request 6
662
(1, 3, 2)
3
(13, 69)
-> Request 7
747
(3, 1, 2)
2
(20, 25)
-> Request 8
758
(1, 2, 1)
2
(12, 37)
-> Request 9
864
(1, 1, 2)
1
(20, 68)
-> Request 10
884
(4, 1, 2)
1
(1, 60)
-> Request 11
891
(4, 1, 2)
2
(61, 54)
-> Request 12
1078
(3, 2, 1)
2
(53, 50)
-> Request 13
1276
(4, 1, 2)
1
(13, 31)
--> Day : 1
-> Request 0
53
(3, 2, 1)
3
(13, 14)
-> Request 1
60
(3, 3, 2)
1
(76, 11)
-> Request 2
66
(4, 3, 2)
1
(79, 4)
-> Request 3
224
(2, 3, 1)
2
(53, 29)
-> Request 4
260
(4, 1, 1)
2
(57, 8)
-> Request 5
377
(4, 2, 1)
2
(22, 72)
-> Request 6
444
(4, 2, 1)
1
(61, 37)
-> Request 7
510
(1, 2, 2)
1
(72, 75)
-> Request 8
538
(1, 1, 1)
1
(45, 68)
-> Request 9
623
(4, 2, 1)
1
(63, 9)
-> Request 10
670
(1, 2, 2)
2
(62, 17)
-> Request 11
738
(2, 1, 1)
2
(62, 46)
--> Day : 2
-> Request 0
119
(3, 2, 1)
1
(51, 66)
-> Request 1
600
(3, 3, 2)
2
(62, 47)
-> Request 2
777
(1, 3, 1)
3
(35, 70)
-> Request 3
898
(1, 3, 2)
2
(72, 2)
-> Request 4
903
(1, 2, 2)
1
(33, 63)
-> Request 5
956
(4, 1, 1)
3
(50, 54)
-> Request 6
1270
(2, 2, 1)
3
(68, 17)
-> Request 7
1412
(4, 2, 2)
3
(3, 79)
--> Day : 3
-> Request 0
116
(4, 3, 1)
3
(48, 42)
-> Request 1
129
(2, 1, 2)
1
(17, 53)
-> Request 2
281
(4, 1, 1)
3
(42, 57)
-> Request 3
370
(3, 2, 2)
1
(49, 34)
-> Request 4
590
(4, 1, 2)
1
(37, 62)
-> Request 5
685
(4, 2, 2)
3
(34, 76)
-> Request 6
704
(1, 3, 2)
1
(44, 53)
-> Request 7
777
(1, 3, 2)
2
(15, 15)
-> Request 8
789
(1, 3, 1)
2
(30, 47)
-> Request 9
910
(4, 1, 1)
2
(1, 49)
-> Request 10
1058
(3, 3, 2)
2
(12, 26)
-> Request 11
1064
(1, 1, 2)
1
(79, 66)
-> Request 12
1337
(3, 2, 1)
2
(22, 6)
-> Request 13
1359
(4, 3, 1)
1
(18, 8)
-> Request 14
1422
(4, 2, 2)
1
(24, 63)
--> Day : 4
-> Request 0
63
(1, 3, 1)
3
(10, 70)
-> Request 1
64
(3, 2, 1)
3
(34, 71)
-> Request 2
195
(3, 2, 1)
2
(69, 63)
-> Request 3
278
(3, 1, 2)
1
(70, 2)
-> Request 4
335
(1, 1, 2)
3
(29, 14)
-> Request 5
357
(2, 3, 1)
1
(51, 40)
-> Request 6
577
(3, 3, 1)
1
(53, 41)
-> Request 7
594
(1, 1, 2)
1
(48, 26)
-> Request 8
625
(3, 1, 1)
3
(63, 74)
-> Request 9
764
(4, 2, 2)
2
(10, 45)
-> Request 10
964
(3, 1, 2)
2
(28, 23)
-> Request 11
1113
(1, 1, 1)
1
(62, 24)
---> Week : 8
--> Day : 0
-> Request 0
14
(2, 3, 1)
2
(36, 44)
-> Request 1
169
(3, 1, 2)
2
(46, 55)
-> Request 2
226
(2, 1, 1)
1
(6, 58)
-> Request 3
345
(2, 2, 2)
1
(79, 75)
-> Request 4
365
(4, 2, 1)
1
(32, 29)
-> Request 5
448
(3, 2, 2)
2
(6, 76)
-> Request 6
544
(4, 1, 1)
1
(57, 34)
-> Request 7
688
(1, 1, 1)
2
(75, 33)
-> Request 8
716
(3, 1, 1)
3
(68, 34)
-> Request 9
816
(1, 1, 1)
3
(73, 56)
-> Request 10
817
(2, 3, 2)
3
(51, 15)
-> Request 11
829
(4, 2, 2)
1
(32, 5)
-> Request 12
838
(3, 1, 2)
3
(46, 35)
-> Request 13
961
(1, 3, 2)
1
(58, 0)
-> Request 14
980
(3, 3, 2)
2
(23, 31)
--> Day : 1
-> Request 0
80
(2, 3, 2)
2
(50, 52)
-> Request 1
391
(4, 3, 1)
2
(36, 52)
-> Request 2
473
(3, 3, 2)
1
(16, 23)
-> Request 3
746
(3, 2, 1)
3
(21, 52)
-> Request 4
791
(3, 3, 1)
3
(67, 75)
-> Request 5
835
(3, 3, 1)
2
(3, 75)
-> Request 6
1182
(2, 1, 2)
3
(3, 25)
-> Request 7
1287
(4, 1, 1)
2
(16, 58)
-> Request 8
1413
(4, 1, 1)
1
(47, 74)
--> Day : 2
-> Request 0
43
(2, 2, 1)
1
(65, 26)
-> Request 1
440
(2, 3, 2)
3
(16, 46)
-> Request 2
914
(3, 1, 1)
3
(64, 12)
-> Request 3
1004
(3, 2, 1)
1
(9, 31)
-> Request 4
1203
(4, 1, 1)
3
(45, 19)
--> Day : 3
-> Request 0
347
(1, 3, 1)
2
(12, 72)
-> Request 1
545
(4, 3, 2)
1
(28, 70)
-> Request 2
786
(2, 1, 2)
2
(35, 64)
-> Request 3
841
(2, 2, 2)
2
(37, 0)
-> Request 4
843
(3, 3, 1)
1
(17, 23)
-> Request 5
870
(3, 1, 2)
1
(55, 69)
-> Request 6
1035
(4, 1, 1)
1
(21, 76)
-> Request 7
1282
(3, 2, 2)
2
(21, 61)
-> Request 8
1286
(4, 2, 2)
2
(6, 68)
-> Request 9
1322
(1, 1, 1)
3
(9, 26)
-> Request 10
1335
(3, 3, 1)
1
(50, 0)
--> Day : 4
-> Request 0
135
(1, 1, 2)
1
(57, 35)
-> Request 1
387
(3, 1, 2)
2
(52, 26)
-> Request 2
463
(4, 2, 1)
2
(17, 33)
-> Request 3
552
(2, 3, 1)
2
(25, 10)
-> Request 4
571
(1, 2, 2)
3
(29, 68)
-> Request 5
760
(3, 3, 1)
3
(79, 41)
-> Request 6
852
(3, 2, 1)
2
(37, 5)
-> Request 7
884
(1, 1, 1)
3
(60, 6)
---> Week : 9
--> Day : 0
-> Request 0
105
(1, 3, 1)
2
(46, 34)
-> Request 1
107
(1, 2, 1)
1
(67, 49)
-> Request 2
211
(1, 1, 1)
2
(19, 13)
-> Request 3
448
(2, 3, 2)
1
(0, 25)
-> Request 4
520
(2, 2, 2)
1
(16, 52)
-> Request 5
721
(4, 3, 1)
3
(74, 25)
-> Request 6
868
(2, 3, 1)
1
(21, 50)
-> Request 7
1100
(3, 3, 2)
3
(77, 27)
-> Request 8
1159
(1, 1, 1)
2
(6, 57)
-> Request 9
1358
(4, 2, 1)
3
(9, 20)
--> Day : 1
-> Request 0
142
(4, 2, 2)
2
(28, 31)
-> Request 1
148
(2, 2, 1)
1
(16, 73)
-> Request 2
211
(2, 1, 2)
1
(57, 23)
-> Request 3
311
(4, 1, 1)
1
(70, 76)
-> Request 4
628
(3, 1, 1)
2
(14, 69)
-> Request 5
865
(1, 1, 2)
1
(70, 53)
-> Request 6
929
(1, 2, 1)
1
(69, 68)
-> Request 7
1006
(2, 3, 2)
1
(79, 36)
-> Request 8
1083
(2, 2, 2)
2
(79, 11)
-> Request 9
1200
(2, 2, 2)
2
(15, 35)
--> Day : 2
-> Request 0
145
(2, 3, 1)
3
(66, 0)
-> Request 1
162
(2, 2, 2)
2
(48, 56)
-> Request 2
202
(3, 2, 2)
1
(66, 63)
-> Request 3
296
(1, 1, 1)
2
(70, 75)
-> Request 4
302
(4, 3, 1)
2
(65, 38)
-> Request 5
481
(3, 2, 1)
3
(25, 2)
-> Request 6
489
(2, 1, 1)
3
(30, 77)
-> Request 7
520
(4, 1, 2)
1
(65, 45)
-> Request 8
720
(2, 2, 2)
2
(46, 46)
-> Request 9
764
(4, 1, 2)
1
(52, 64)
-> Request 10
929
(2, 1, 2)
1
(47, 0)
-> Request 11
1094
(3, 2, 2)
1
(79, 43)
-> Request 12
1224
(1, 2, 1)
1
(14, 18)
-> Request 13
1233
(1, 2, 2)
3
(5, 73)
--> Day : 3
-> Request 0
49
(1, 1, 1)
2
(70, 74)
-> Request 1
433
(2, 2, 1)
1
(2, 44)
-> Request 2
559
(4, 1, 1)
2
(78, 75)
-> Request 3
647
(4, 3, 2)
2
(7, 24)
-> Request 4
652
(3, 1, 1)
2
(43, 14)
-> Request 5
680
(4, 2, 2)
1
(33, 28)
-> Request 6
886
(3, 3, 2)
1
(66, 19)
-> Request 7
971
(4, 3, 1)
3
(43, 22)
-> Request 8
1034
(4, 1, 1)
2
(62, 26)
-> Request 9
1118
(1, 2, 2)
1
(19, 20)
-> Request 10
1174
(3, 2, 1)
2
(38, 3)
-> Request 11
1351
(4, 1, 2)
1
(74, 54)
--> Day : 4
-> Request 0
200
(1, 3, 2)
1
(77, 34)
-> Request 1
851
(2, 2, 1)
3
(62, 49)
-> Request 2
1031
(2, 3, 2)
3
(73, 39)
-> Request 3
1206
(2, 3, 2)
1
(62, 71)
-> Request 4
1206
(2, 1, 1)
2
(16, 73)
-> Request 5
1235
(2, 3, 2)
3
(2, 23)
---> Week : 10
--> Day : 0
-> Request 0
342
(1, 1, 1)
1
(79, 61)
-> Request 1
367
(1, 2, 1)
2
(12, 32)
-> Request 2
516
(2, 2, 1)
3
(71, 71)
-> Request 3
707
(1, 1, 1)
2
(25, 53)
-> Request 4
985
(4, 1, 2)
1
(12, 24)
-> Request 5
1137
(4, 1, 1)
3
(10, 56)
-> Request 6
1401
(3, 2, 2)
2
(8, 64)
-> Request 7
1409
(1, 3, 2)
3
(62, 9)
-> Request 8
1427
(2, 3, 1)
1
(50, 12)
--> Day : 1
-> Request 0
126
(4, 3, 2)
2
(34, 34)
-> Request 1
341
(1, 2, 2)
1
(8, 14)
-> Request 2
525
(3, 2, 2)
1
(37, 45)
-> Request 3
591
(2, 2, 2)
1
(64, 67)
-> Request 4
654
(2, 1, 1)
1
(33, 4)
-> Request 5
853
(2, 3, 2)
2
(63, 66)
-> Request 6
1178
(4, 2, 2)
1
(43, 16)
-> Request 7
1371
(3, 2, 2)
3
(60, 35)
--> Day : 2
-> Request 0
150
(4, 1, 2)
3
(54, 51)
-> Request 1
185
(3, 2, 1)
1
(5, 56)
-> Request 2
265
(2, 2, 1)
3
(52, 56)
-> Request 3
408
(1, 3, 2)
1
(4, 19)
-> Request 4
479
(1, 2, 1)
2
(11, 52)
-> Request 5
480
(1, 3, 2)
3
(54, 3)
-> Request 6
593
(3, 1, 2)
3
(59, 77)
-> Request 7
765
(3, 3, 1)
1
(21, 59)
-> Request 8
1060
(3, 2, 2)
2
(68, 65)
-> Request 9
1200
(1, 1, 2)
2
(74, 58)
-> Request 10
1201
(1, 1, 2)
3
(79, 4)
--> Day : 3
-> Request 0
717
(2, 1, 1)
2
(38, 6)
-> Request 1
740
(2, 2, 2)
1
(46, 47)
-> Request 2
1266
(1, 2, 1)
2
(40, 17)
-> Request 3
1373
(3, 1, 2)
2
(46, 24)
-> Request 4
1376
(4, 2, 1)
1
(23, 65)
--> Day : 4
-> Request 0
266
(2, 1, 1)
2
(19, 6)
-> Request 1
335
(3, 3, 2)
2
(38, 6)
-> Request 2
414
(2, 1, 2)
1
(2, 45)
-> Request 3
494
(1, 2, 2)
3
(6, 8)
-> Request 4
647
(2, 2, 2)
2
(39, 71)
-> Request 5
1165
(1, 1, 2)
3
(44, 44)
-> Request 6
1232
(1, 3, 1)
2
(20, 12)
-> Request 7
1233
(3, 2, 1)
1
(55, 42)
---> Week : 11
--> Day : 0
-> Request 0
419
(3, 1, 2)
2
(50, 38)
-> Request 1
562
(2, 1, 2)
3
(41, 11)
-> Request 2
729
(3, 3, 2)
2
(17, 61)
-> Request 3
852
(1, 1, 2)
3
(77, 13)
-> Request 4
862
(4, 3, 1)
2
(2, 43)
-> Request 5
930
(2, 3, 1)
3
(57, 39)
-> Request 6
976
(3, 2, 2)
3
(71, 41)
-> Request 7
1275
(2, 3, 1)
2
(9, 75)
-> Request 8
1392
(2, 1, 1)
1
(3, 19)
-> Request 9
1411
(1, 3, 1)
1
(25, 47)
--> Day : 1
-> Request 0
81
(2, 3, 2)
3
(19, 2)
-> Request 1
258
(1, 2, 1)
1
(20, 52)
-> Request 2
309
(2, 2, 1)
1
(15, 21)
-> Request 3
649
(3, 1, 2)
2
(48, 11)
-> Request 4
916
(4, 3, 2)
3
(77, 6)
-> Request 5
1430
(3, 3, 2)
3
(77, 37)
-> Request 6
1434
(1, 2, 1)
3
(66, 48)
--> Day : 2
-> Request 0
157
(4, 1, 1)
3
(15, 60)
-> Request 1
230
(3, 3, 1)
2
(48, 69)
-> Request 2
283
(3, 1, 2)
3
(12, 63)
-> Request 3
302
(2, 2, 2)
1
(74, 27)
-> Request 4
345
(2, 1, 1)
3
(45, 28)
-> Request 5
507
(2, 3, 2)
1
(73, 21)
-> Request 6
661
(3, 2, 2)
2
(62, 2)
-> Request 7
672
(4, 2, 2)
3
(48, 26)
-> Request 8
855
(2, 3, 2)
2
(62, 70)
-> Request 9
900
(1, 3, 1)
1
(27, 6)
-> Request 10
922
(3, 1, 1)
3
(10, 64)
-> Request 11
1086
(3, 3, 2)
2
(41, 65)
-> Request 12
1099
(4, 2, 1)
3
(19, 56)
-> Request 13
1211
(3, 3, 1)
3
(7, 49)
--> Day : 3
-> Request 0
720
(2, 1, 2)
2
(33, 45)
-> Request 1
819
(1, 1, 2)
3
(16, 59)
-> Request 2
948
(3, 1, 1)
1
(20, 30)
-> Request 3
948
(4, 1, 2)
1
(66, 40)
-> Request 4
1057
(4, 2, 1)
1
(19, 73)
-> Request 5
1104
(4, 3, 2)
1
(29, 63)
-> Request 6
1168
(4, 3, 1)
3
(74, 63)
-> Request 7
1237
(4, 1, 2)
1
(55, 40)
-> Request 8
1293
(2, 1, 1)
2
(7, 64)
-> Request 9
1370
(4, 3, 2)
2
(43, 58)
--> Day : 4
-> Request 0
210
(2, 2, 2)
1
(20, 32)
-> Request 1
226
(1, 2, 1)
2
(74, 72)
-> Request 2
392
(2, 1, 2)
1
(70, 1)
-> Request 3
467
(2, 2, 2)
3
(70, 24)
-> Request 4
471
(1, 3, 1)
2
(29, 62)
-> Request 5
521
(4, 2, 2)
3
(68, 10)
-> Request 6
549
(2, 1, 1)
2
(18, 59)
-> Request 7
649
(3, 3, 2)
2
(72, 60)
-> Request 8
714
(2, 1, 1)
2
(24, 61)
-> Request 9
839
(1, 2, 1)
3
(49, 61)
-> Request 10
995
(2, 3, 2)
1
(14, 44)
-> Request 11
1259
(4, 3, 1)
3
(64, 30)
-> Request 12
1266
(2, 3, 1)
2
(10, 58)
-> Request 13
1323
(3, 1, 2)
3
(12, 18)
---> Week : 12
--> Day : 0
-> Request 0
6
(2, 2, 1)
3
(24, 15)
-> Request 1
9
(2, 1, 1)
1
(36, 64)
-> Request 2
69
(3, 1, 2)
3
(15, 60)
-> Request 3
301
(3, 3, 2)
1
(13, 63)
-> Request 4
343
(4, 2, 2)
1
(44, 46)
-> Request 5
347
(1, 2, 1)
1
(70, 9)
-> Request 6
370
(2, 2, 1)
1
(72, 39)
-> Request 7
593
(4, 1, 2)
3
(29, 8)
-> Request 8
603
(4, 2, 1)
2
(23, 69)
-> Request 9
636
(3, 2, 1)
1
(21, 62)
-> Request 10
1148
(4, 2, 1)
3
(79, 7)
-> Request 11
1417
(4, 3, 1)
2
(77, 59)
-> Request 12
1435
(4, 1, 1)
3
(18, 75)
--> Day : 1
-> Request 0
135
(1, 2, 1)
1
(55, 72)
-> Request 1
150
(1, 1, 2)
3
(56, 12)
-> Request 2
201
(3, 2, 2)
3
(73, 69)
-> Request 3
286
(3, 1, 1)
1
(44, 36)
-> Request 4
482
(1, 2, 1)
3
(0, 41)
-> Request 5
509
(2, 1, 1)
3
(53, 78)
-> Request 6
603
(1, 3, 2)
1
(1, 66)
-> Request 7
950
(3, 3, 1)
2
(23, 15)
-> Request 8
1320
(3, 2, 1)
2
(37, 30)
--> Day : 2
-> Request 0
78
(4, 2, 1)
1
(21, 67)
-> Request 1
399
(2, 3, 2)
2
(24, 25)
-> Request 2
513
(3, 2, 1)
3
(35, 0)
-> Request 3
938
(4, 3, 1)
1
(37, 52)
-> Request 4
1127
(2, 2, 1)
3
(63, 26)
-> Request 5
1144
(2, 1, 2)
1
(48, 74)
-> Request 6
1165
(2, 3, 1)
3
(75, 51)
-> Request 7
1287
(3, 3, 2)
3
(59, 34)
--> Day : 3
-> Request 0
14
(1, 2, 2)
2
(46, 69)
-> Request 1
663
(4, 1, 1)
1
(45, 48)
-> Request 2
732
(4, 2, 1)
1
(47, 42)
-> Request 3
1113
(1, 2, 1)
2
(33, 56)
-> Request 4
1122
(4, 3, 2)
3
(48, 13)
-> Request 5
1310
(4, 3, 1)
1
(12, 51)
-> Request 6
1371
(1, 2, 1)
2
(24, 6)
--> Day : 4
-> Request 0
490
(1, 2, 1)
3
(58, 22)
-> Request 1
625
(1, 2, 1)
2
(22, 0)
-> Request 2
636
(3, 1, 2)
1
(6, 65)
-> Request 3
935
(2, 2, 1)
3
(55, 49)
-> Request 4
1352
(4, 3, 1)
3
(58, 42)
---> Week : 13
--> Day : 0
-> Request 0
131
(1, 1, 1)
3
(23, 28)
-> Request 1
182
(2, 2, 1)
1
(32, 27)
-> Request 2
193
(3, 3, 1)
3
(69, 40)
-> Request 3
243
(1, 1, 1)
3
(10, 63)
-> Request 4
352
(2, 3, 1)
2
(19, 75)
-> Request 5
478
(3, 3, 2)
3
(62, 79)
-> Request 6
507
(3, 1, 2)
1
(28, 9)
-> Request 7
578
(1, 2, 1)
2
(68, 19)
-> Request 8
583
(2, 1, 2)
3
(37, 18)
-> Request 9
879
(1, 2, 1)
1
(64, 48)
-> Request 10
1025
(2, 3, 2)
1
(67, 27)
-> Request 11
1150
(1, 1, 2)
3
(29, 44)
-> Request 12
1232
(4, 1, 2)
1
(13, 20)
-> Request 13
1295
(1, 3, 1)
3
(43, 41)
--> Day : 1
-> Request 0
201
(1, 1, 1)
3
(32, 78)
-> Request 1
264
(2, 3, 2)
2
(22, 79)
-> Request 2
360
(1, 3, 2)
3
(67, 36)
-> Request 3
514
(3, 3, 1)
2
(3, 40)
-> Request 4
515
(2, 1, 1)
1
(60, 34)
-> Request 5
574
(4, 2, 1)
2
(47, 29)
-> Request 6
591
(4, 3, 1)
1
(23, 18)
-> Request 7
651
(1, 3, 2)
1
(50, 17)
-> Request 8
836
(2, 1, 2)
1
(1, 45)
-> Request 9
972
(4, 3, 1)
1
(70, 60)
-> Request 10
1077
(2, 1, 1)
1
(74, 76)
-> Request 11
1109
(4, 2, 1)
1
(59, 18)
-> Request 12
1380
(1, 1, 2)
3
(43, 64)
--> Day : 2
-> Request 0
63
(2, 2, 2)
2
(2, 64)
-> Request 1
110
(1, 1, 1)
2
(45, 30)
-> Request 2
293
(3, 2, 2)
2
(18, 0)
-> Request 3
517
(1, 1, 1)
2
(67, 35)
-> Request 4
524
(1, 3, 1)
3
(60, 16)
-> Request 5
535
(2, 3, 1)
3
(79, 0)
-> Request 6
779
(1, 3, 2)
1
(48, 8)
-> Request 7
813
(1, 2, 1)
3
(27, 40)
-> Request 8
994
(4, 1, 2)
3
(13, 4)
--> Day : 3
-> Request 0
417
(4, 3, 2)
3
(76, 14)
-> Request 1
515
(4, 3, 1)
1
(69, 13)
-> Request 2
665
(4, 1, 1)
3
(4, 34)
-> Request 3
674
(1, 2, 1)
2
(60, 3)
-> Request 4
1013
(4, 3, 2)
2
(2, 0)
-> Request 5
1018
(1, 2, 1)
2
(3, 43)
-> Request 6
1356
(3, 2, 1)
1
(77, 41)
--> Day : 4
-> Request 0
34
(1, 1, 2)
3
(8, 41)
-> Request 1
50
(1, 3, 2)
2
(52, 23)
-> Request 2
373
(1, 3, 1)
1
(34, 19)
-> Request 3
412
(3, 3, 1)
2
(68, 55)
-> Request 4
607
(3, 3, 1)
2
(77, 59)
-> Request 5
608
(4, 3, 1)
2
(28, 50)
-> Request 6
631
(1, 3, 2)
1
(47, 23)
-> Request 7
747
(3, 3, 1)
1
(44, 1)
-> Request 8
942
(4, 3, 2)
2
(72, 73)
-> Request 9
1030
(3, 2, 2)
3
(79, 50)
-> Request 10
1169
(4, 2, 2)
2
(33, 38)
---> Week : 14
--> Day : 0
-> Request 0
106
(4, 2, 2)
2
(56, 22)
-> Request 1
349
(3, 2, 1)
2
(23, 28)
-> Request 2
405
(4, 3, 2)
1
(6, 22)
-> Request 3
443
(1, 1, 2)
2
(23, 58)
-> Request 4
451
(1, 1, 2)
3
(76, 67)
-> Request 5
582
(4, 3, 1)
3
(25, 60)
-> Request 6
833
(2, 3, 1)
1
(41, 71)
-> Request 7
852
(1, 3, 1)
2
(12, 47)
-> Request 8
1313
(4, 2, 1)
2
(33, 65)
--> Day : 1
-> Request 0
27
(1, 2, 2)
1
(30, 17)
-> Request 1
65
(3, 3, 1)
1
(38, 38)
-> Request 2
458
(1, 3, 1)
1
(37, 4)
-> Request 3
465
(2, 3, 1)
1
(7, 30)
-> Request 4
507
(2, 1, 2)
1
(3, 2)
-> Request 5
556
(3, 1, 2)
3
(63, 68)
-> Request 6
859
(4, 3, 1)
3
(36, 79)
-> Request 7
936
(2, 1, 2)
3
(73, 59)
-> Request 8
1134
(2, 2, 2)
2
(58, 52)
-> Request 9
1154
(1, 3, 2)
3
(32, 24)
-> Request 10
1311
(4, 2, 2)
1
(15, 34)
--> Day : 2
-> Request 0
1
(1, 2, 2)
2
(20, 75)
-> Request 1
73
(2, 3, 1)
3
(63, 2)
-> Request 2
183
(3, 3, 2)
3
(18, 4)
-> Request 3
191
(1, 1, 1)
3
(33, 0)
-> Request 4
443
(4, 3, 2)
2
(31, 19)
-> Request 5
851
(4, 3, 1)
1
(68, 12)
-> Request 6
1138
(4, 1, 1)
2
(29, 14)
-> Request 7
1169
(3, 3, 1)
3
(11, 51)
-> Request 8
1295
(4, 3, 1)
1
(54, 77)
-> Request 9
1355
(3, 1, 2)
1
(1, 68)
--> Day : 3
-> Request 0
139
(4, 2, 2)
1
(57, 9)
-> Request 1
176
(2, 1, 1)
1
(17, 53)
-> Request 2
227
(2, 3, 1)
2
(53, 72)
-> Request 3
340
(1, 2, 2)
1
(7, 21)
-> Request 4
363
(4, 2, 2)
3
(36, 64)
-> Request 5
366
(2, 1, 1)
1
(34, 72)
-> Request 6
489
(3, 2, 1)
1
(11, 30)
-> Request 7
1303
(2, 3, 2)
2
(28, 48)
--> Day : 4
-> Request 0
31
(2, 1, 1)
2
(12, 47)
-> Request 1
109
(3, 3, 2)
2
(42, 32)
-> Request 2
692
(3, 3, 2)
1
(55, 62)
-> Request 3
775
(1, 1, 1)
1
(31, 77)
-> Request 4
782
(4, 1, 2)
1
(6, 11)
-> Request 5
898
(3, 2, 2)
2
(47, 4)
-> Request 6
1349
(3, 2, 2)
2
(26, 60)
---> Week : 15
--> Day : 0
-> Request 0
198
(2, 3, 1)
1
(31, 31)
-> Request 1
256
(2, 1, 2)
1
(12, 78)
-> Request 2
313
(4, 1, 2)
3
(67, 28)
-> Request 3
342
(3, 1, 1)
1
(59, 55)
-> Request 4
342
(4, 1, 1)
3
(48, 28)
-> Request 5
467
(1, 2, 1)
1
(64, 16)
-> Request 6
634
(3, 2, 1)
2
(9, 67)
-> Request 7
709
(2, 1, 1)
3
(59, 20)
-> Request 8
958
(1, 3, 1)
2
(79, 76)
-> Request 9
1018
(2, 2, 2)
2
(70, 20)
-> Request 10
1029
(2, 1, 2)
3
(6, 14)
-> Request 11
1047
(4, 2, 2)
2
(66, 3)
-> Request 12
1065
(2, 3, 1)
3
(11, 76)
-> Request 13
1079
(3, 2, 1)
1
(51, 1)
-> Request 14
1092
(4, 3, 2)
1
(4, 20)
-> Request 15
1125
(2, 1, 1)
2
(76, 73)
-> Request 16
1219
(3, 3, 2)
2
(11, 74)
-> Request 17
1282
(3, 3, 1)
3
(42, 15)
--> Day : 1
-> Request 0
93
(2, 1, 2)
3
(16, 31)
-> Request 1
146
(4, 1, 1)
3
(12, 73)
-> Request 2
242
(1, 1, 1)
2
(18, 9)
-> Request 3
351
(4, 2, 2)
3
(24, 62)
-> Request 4
493
(4, 3, 2)
1
(45, 41)
-> Request 5
655
(3, 3, 1)
1
(15, 53)
-> Request 6
738
(2, 2, 2)
2
(77, 35)
-> Request 7
795
(3, 1, 1)
2
(60, 44)
-> Request 8
902
(4, 3, 1)
3
(25, 31)
-> Request 9
1040
(1, 3, 2)
2
(17, 8)
-> Request 10
1042
(1, 1, 2)
2
(69, 13)
-> Request 11
1164
(2, 3, 1)
1
(29, 72)
-> Request 12
1195
(4, 2, 1)
3
(22, 42)
--> Day : 2
-> Request 0
173
(2, 2, 1)
2
(29, 4)
-> Request 1
252
(1, 2, 1)
3
(64, 10)
-> Request 2
325
(3, 2, 2)
3
(57, 47)
-> Request 3
354
(3, 2, 2)
1
(36, 15)
-> Request 4
415
(1, 2, 1)
1
(1, 23)
-> Request 5
449
(2, 3, 2)
3
(9, 8)
-> Request 6
506
(2, 3, 2)
3
(15, 26)
-> Request 7
541
(3, 1, 1)
3
(12, 25)
-> Request 8
563
(2, 1, 2)
1
(65, 76)
-> Request 9
733
(3, 3, 2)
2
(1, 61)
-> Request 10
776
(2, 1, 1)
1
(50, 9)
-> Request 11
887
(2, 1, 1)
3
(19, 57)
-> Request 12
985
(3, 3, 2)
2
(45, 43)
-> Request 13
1273
(1, 3, 2)
1
(22, 61)
-> Request 14
1307
(1, 1, 2)
1
(14, 16)
--> Day : 3
-> Request 0
70
(3, 3, 1)
2
(24, 76)
-> Request 1
454
(4, 1, 1)
2
(42, 42)
-> Request 2
571
(4, 3, 2)
2
(38, 53)
-> Request 3
642
(3, 1, 1)
1
(52, 11)
-> Request 4
676
(4, 1, 2)
2
(1, 36)
-> Request 5
679
(1, 3, 2)
2
(56, 56)
-> Request 6
829
(1, 1, 2)
3
(3, 32)
-> Request 7
882
(3, 1, 2)
3
(14, 3)
-> Request 8
1213
(2, 1, 2)
3
(20, 4)
--> Day : 4
-> Request 0
49
(2, 1, 2)
3
(17, 62)
-> Request 1
311
(4, 3, 2)
1
(1, 16)
-> Request 2
390
(1, 1, 1)
3
(45, 53)
-> Request 3
486
(3, 1, 1)
3
(66, 19)
-> Request 4
495
(4, 1, 1)
3
(10, 53)
-> Request 5
543
(2, 3, 1)
2
(26, 32)
-> Request 6
835
(2, 3, 2)
1
(47, 5)
-> Request 7
887
(3, 2, 1)
3
(59, 42)
-> Request 8
1033
(1, 3, 2)
3
(41, 65)
-> Request 9
1282
(2, 3, 2)
1
(37, 32)
-> Request 10
1346
(4, 3, 2)
1
(8, 21)
-> Request 11
1417
(2, 3, 2)
1
(58, 74)
---> Week : 16
--> Day : 0
-> Request 0
204
(3, 3, 1)
2
(19, 54)
-> Request 1
230
(1, 2, 2)
2
(19, 32)
-> Request 2
434
(4, 3, 1)
1
(18, 51)
-> Request 3
901
(2, 1, 1)
3
(28, 3)
-> Request 4
973
(1, 1, 2)
2
(34, 48)
-> Request 5
1100
(2, 3, 2)
1
(44, 35)
-> Request 6
1129
(2, 3, 2)
1
(24, 30)
-> Request 7
1407
(1, 2, 1)
2
(17, 74)
--> Day : 1
-> Request 0
120
(2, 2, 1)
2
(10, 61)
-> Request 1
171
(1, 2, 2)
1
(12, 31)
-> Request 2
377
(1, 1, 1)
2
(61, 69)
-> Request 3
592
(2, 1, 2)
3
(26, 72)
-> Request 4
642
(2, 3, 2)
1
(79, 60)
-> Request 5
761
(2, 1, 1)
1
(73, 2)
-> Request 6
865
(2, 2, 1)
2
(3, 32)
-> Request 7
900
(3, 3, 1)
2
(42, 1)
-> Request 8
1244
(3, 2, 2)
2
(18, 22)
-> Request 9
1407
(2, 3, 2)
2
(12, 18)
--> Day : 2
-> Request 0
142
(2, 1, 1)
1
(14, 25)
-> Request 1
478
(2, 3, 2)
2
(72, 34)
-> Request 2
607
(1, 1, 2)
3
(51, 19)
--> Day : 3
-> Request 0
296
(3, 1, 1)
1
(12, 35)
-> Request 1
446
(1, 2, 1)
2
(6, 18)
-> Request 2
717
(2, 2, 1)
2
(56, 50)
-> Request 3
1090
(2, 2, 2)
1
(28, 15)
-> Request 4
1235
(2, 3, 2)
2
(39, 74)
-> Request 5
1254
(1, 3, 1)
1
(53, 33)
--> Day : 4
-> Request 0
83
(2, 3, 2)
2
(30, 63)
-> Request 1
315
(3, 3, 1)
3
(14, 77)
-> Request 2
354
(2, 2, 1)
2
(47, 2)
-> Request 3
373
(1, 3, 1)
2
(31, 75)
-> Request 4
386
(3, 1, 2)
3
(58, 0)
-> Request 5
387
(2, 3, 2)
2
(26, 51)
-> Request 6
435
(4, 1, 2)
3
(57, 73)
-> Request 7
558
(1, 3, 2)
1
(61, 1)
-> Request 8
722
(3, 3, 1)
1
(3, 45)
-> Request 9
1021
(2, 2, 2)
3
(0, 48)
-> Request 10
1030
(4, 3, 2)
3
(17, 75)
-> Request 11
1058
(4, 2, 1)
2
(37, 62)
-> Request 12
1129
(4, 3, 2)
1
(22, 21)
-> Request 13
1202
(2, 3, 1)
1
(37, 53)
-> Request 14
1239
(4, 3, 2)
2
(79, 12)
-> Request 15
1240
(4, 1, 1)
1
(48, 35)
---> Week : 17
--> Day : 0
-> Request 0
282
(4, 1, 1)
1
(15, 64)
-> Request 1
298
(3, 3, 2)
2
(31, 5)
-> Request 2
563
(3, 1, 1)
3
(51, 13)
-> Request 3
805
(3, 1, 1)
1
(32, 60)
-> Request 4
1336
(1, 3, 1)
2
(48, 48)
-> Request 5
1373
(4, 2, 2)
3
(77, 71)
--> Day : 1
-> Request 0
127
(4, 2, 2)
2
(69, 67)
-> Request 1
191
(1, 3, 2)
2
(28, 78)
-> Request 2
263
(1, 2, 2)
2
(47, 72)
-> Request 3
412
(2, 1, 1)
1
(16, 30)
-> Request 4
520
(1, 3, 2)
1
(39, 24)
-> Request 5
626
(2, 1, 1)
3
(28, 20)
-> Request 6
633
(1, 1, 2)
3
(33, 73)
-> Request 7
1349
(3, 1, 1)
3
(64, 35)
-> Request 8
1356
(4, 2, 1)
2
(60, 66)
-> Request 9
1403
(4, 2, 1)
2
(22, 12)
--> Day : 2
-> Request 0
79
(4, 2, 2)
1
(24, 68)
-> Request 1
138
(1, 1, 1)
2
(65, 36)
-> Request 2
259
(3, 1, 1)
3
(63, 58)
-> Request 3
550
(3, 1, 1)
3
(5, 50)
-> Request 4
555
(3, 2, 1)
1
(71, 67)
-> Request 5
607
(4, 2, 2)
3
(8, 14)
-> Request 6
727
(4, 3, 1)
3
(50, 22)
-> Request 7
989
(4, 2, 1)
2
(28, 26)
-> Request 8
994
(1, 2, 2)
1
(21, 52)
-> Request 9
1178
(4, 2, 2)
2
(12, 79)
-> Request 10
1285
(1, 2, 1)
1
(44, 9)
--> Day : 3
-> Request 0
57
(3, 1, 1)
2
(8, 40)
-> Request 1
85
(2, 3, 2)
2
(34, 8)
-> Request 2
119
(2, 3, 1)
3
(73, 6)
-> Request 3
244
(3, 1, 2)
3
(43, 49)
-> Request 4
319
(2, 1, 1)
2
(34, 26)
-> Request 5
357
(3, 2, 2)
1
(0, 61)
-> Request 6
564
(1, 3, 2)
3
(23, 52)
-> Request 7
774
(4, 3, 2)
2
(1, 3)
-> Request 8
855
(1, 3, 1)
3
(21, 3)
-> Request 9
1158
(2, 1, 1)
2
(3, 4)
-> Request 10
1340
(4, 1, 1)
3
(22, 3)
--> Day : 4
-> Request 0
120
(1, 3, 1)
3
(38, 41)
-> Request 1
211
(2, 2, 2)
1
(56, 50)
-> Request 2
231
(4, 2, 1)
3
(19, 71)
-> Request 3
282
(3, 3, 1)
2
(14, 51)
-> Request 4
291
(3, 3, 1)
1
(50, 40)
-> Request 5
391
(2, 1, 1)
2
(76, 34)
-> Request 6
441
(3, 3, 1)
1
(64, 50)
-> Request 7
527
(3, 3, 1)
1
(8, 7)
-> Request 8
603
(2, 3, 2)
1
(20, 74)
-> Request 9
1046
(4, 1, 2)
1
(39, 30)
-> Request 10
1203
(4, 1, 1)
1
(27, 65)
-> Request 11
1436
(3, 1, 2)
2
(77, 38)
---> Week : 18
--> Day : 0
-> Request 0
387
(4, 2, 1)
3
(4, 65)
-> Request 1
416
(4, 1, 2)
3
(41, 5)
-> Request 2
434
(1, 1, 1)
3
(22, 68)
-> Request 3
441
(2, 1, 1)
3
(47, 3)
-> Request 4
729
(3, 1, 2)
2
(76, 10)
-> Request 5
955
(1, 1, 2)
3
(3, 28)
-> Request 6
1049
(3, 3, 1)
3
(67, 40)
--> Day : 1
-> Request 0
16
(4, 1, 1)
2
(45, 74)
-> Request 1
76
(3, 2, 2)
1
(76, 23)
-> Request 2
185
(1, 1, 1)
2
(27, 47)
-> Request 3
436
(3, 1, 1)
1
(32, 69)
-> Request 4
520
(2, 1, 1)
3
(79, 10)
-> Request 5
800
(3, 3, 1)
2
(51, 75)
-> Request 6
812
(1, 2, 1)
2
(10, 31)
-> Request 7
905
(2, 1, 2)
3
(75, 66)
-> Request 8
1412
(1, 3, 2)
1
(43, 3)
--> Day : 2
-> Request 0
41
(3, 1, 2)
3
(68, 16)
-> Request 1
59
(4, 2, 2)
1
(52, 11)
-> Request 2
151
(3, 3, 1)
2
(31, 35)
-> Request 3
402
(2, 2, 1)
2
(23, 32)
-> Request 4
625
(4, 3, 1)
1
(54, 65)
-> Request 5
759
(3, 1, 2)
2
(58, 53)
-> Request 6
1093
(4, 2, 2)
1
(9, 24)
-> Request 7
1137
(1, 1, 2)
2
(65, 22)
-> Request 8
1212
(2, 2, 1)
3
(15, 57)
-> Request 9
1293
(1, 2, 1)
3
(58, 49)
-> Request 10
1378
(3, 1, 1)
1
(45, 27)
--> Day : 3
-> Request 0
134
(1, 3, 2)
3
(75, 29)
-> Request 1
222
(1, 1, 2)
2
(33, 6)
-> Request 2
393
(3, 1, 1)
3
(23, 41)
-> Request 3
412
(2, 3, 1)
2
(11, 78)
-> Request 4
606
(3, 2, 2)
2
(61, 28)
-> Request 5
765
(3, 1, 2)
3
(12, 9)
-> Request 6
996
(1, 1, 1)
1
(1, 36)
-> Request 7
1032
(3, 1, 1)
1
(40, 34)
-> Request 8
1059
(3, 3, 2)
2
(34, 46)
-> Request 9
1210
(1, 2, 1)
1
(6, 62)
-> Request 10
1235
(2, 1, 2)
2
(59, 9)
-> Request 11
1316
(3, 3, 1)
1
(70, 46)
--> Day : 4
-> Request 0
151
(2, 3, 1)
1
(69, 71)
-> Request 1
284
(1, 1, 1)
2
(6, 71)
-> Request 2
288
(4, 2, 1)
2
(77, 45)
-> Request 3
352
(4, 1, 2)
3
(78, 69)
-> Request 4
381
(1, 1, 2)
1
(30, 65)
-> Request 5
532
(1, 1, 1)
3
(1, 36)
-> Request 6
591
(3, 2, 1)
2
(34, 73)
-> Request 7
672
(2, 1, 1)
2
(66, 77)
-> Request 8
820
(2, 2, 2)
1
(17, 59)
-> Request 9
878
(3, 3, 2)
2
(32, 36)
---> Week : 19
--> Day : 0
-> Request 0
16
(3, 2, 2)
2
(52, 71)
-> Request 1
65
(2, 1, 2)
3
(48, 72)
-> Request 2
306
(4, 1, 1)
1
(72, 27)
-> Request 3
560
(1, 2, 1)
2
(33, 66)
-> Request 4
593
(4, 2, 1)
3
(77, 11)
-> Request 5
611
(2, 1, 2)
2
(32, 18)
-> Request 6
835
(3, 3, 1)
2
(13, 38)
--> Day : 1
-> Request 0
174
(3, 1, 1)
2
(50, 35)
-> Request 1
247
(1, 2, 2)
1
(41, 36)
-> Request 2
318
(4, 3, 2)
1
(59, 61)
-> Request 3
333
(1, 3, 1)
1
(42, 51)
-> Request 4
520
(2, 3, 2)
3
(46, 60)
-> Request 5
593
(2, 2, 2)
3
(29, 72)
-> Request 6
910
(3, 3, 1)
1
(79, 0)
-> Request 7
971
(1, 3, 2)
1
(5, 57)
-> Request 8
1122
(1, 2, 1)
3
(58, 57)
-> Request 9
1399
(2, 3, 2)
3
(6, 5)
--> Day : 2
-> Request 0
26
(2, 3, 2)
3
(21, 42)
-> Request 1
282
(2, 2, 2)
3
(70, 61)
-> Request 2
301
(4, 1, 1)
2
(42, 61)
-> Request 3
385
(2, 1, 1)
3
(37, 32)
-> Request 4
516
(1, 1, 1)
3
(54, 50)
-> Request 5
558
(4, 3, 1)
2
(17, 60)
-> Request 6
710
(2, 3, 2)
1
(2, 37)
-> Request 7
728
(1, 3, 2)
3
(53, 71)
-> Request 8
770
(1, 2, 2)
1
(42, 50)
-> Request 9
770
(1, 3, 2)
3
(37, 6)
-> Request 10
872
(2, 1, 1)
2
(7, 73)
-> Request 11
1316
(2, 3, 2)
3
(77, 63)
--> Day : 3
-> Request 0
123
(2, 2, 1)
3
(0, 61)
-> Request 1
252
(2, 3, 2)
1
(34, 54)
-> Request 2
287
(1, 1, 2)
1
(73, 56)
-> Request 3
290
(2, 3, 1)
3
(16, 56)
-> Request 4
385
(2, 2, 2)
3
(13, 7)
-> Request 5
408
(2, 1, 1)
3
(57, 55)
-> Request 6
544
(3, 3, 1)
3
(58, 28)
-> Request 7
612
(3, 3, 1)
3
(76, 35)
-> Request 8
723
(2, 2, 1)
1
(42, 9)
-> Request 9
1338
(3, 1, 1)
3
(25, 15)
--> Day : 4
-> Request 0
112
(4, 2, 1)
1
(34, 34)
-> Request 1
134
(1, 2, 1)
2
(63, 76)
-> Request 2
268
(4, 3, 2)
2
(30, 22)
-> Request 3
297
(4, 2, 1)
2
(47, 41)
-> Request 4
385
(4, 3, 2)
1
(33, 1)
-> Request 5
606
(1, 1, 2)
1
(68, 23)
-> Request 6
635
(3, 1, 2)
2
(39, 41)
-> Request 7
638
(4, 3, 2)
1
(23, 48)
-> Request 8
845
(2, 2, 2)
3
(24, 25)
-> Request 9
1019
(2, 2, 2)
3
(18, 59)
-> Request 10
1032
(2, 3, 2)
2
(9, 58)
-> Request 11
1192
(3, 3, 2)
2
(29, 65)
-> Request 12
1233
(4, 2, 1)
3
(48, 37)
-> Request 13
1414
(3, 1, 1)
3
(11, 29)
---> Week : 20
--> Day : 0
-> Request 0
343
(2, 1, 1)
3
(59, 70)
-> Request 1
417
(4, 3, 2)
2
(46, 20)
-> Request 2
442
(1, 3, 2)
3
(22, 68)
-> Request 3
566
(4, 2, 2)
2
(22, 59)
-> Request 4
647
(2, 1, 1)
3
(14, 60)
-> Request 5
758
(4, 2, 2)
3
(61, 49)
-> Request 6
761
(1, 1, 1)
3
(51, 42)
-> Request 7
1085
(1, 3, 1)
1
(77, 54)
--> Day : 1
-> Request 0
15
(2, 1, 1)
2
(4, 24)
-> Request 1
50
(2, 3, 1)
2
(64, 13)
-> Request 2
243
(1, 2, 2)
1
(66, 47)
-> Request 3
445
(3, 1, 2)
1
(63, 46)
-> Request 4
745
(4, 3, 2)
2
(48, 12)
-> Request 5
790
(4, 3, 2)
2
(6, 44)
-> Request 6
819
(1, 2, 1)
2
(69, 1)
-> Request 7
913
(3, 3, 1)
3
(24, 55)
-> Request 8
945
(4, 1, 1)
1
(24, 65)
-> Request 9
965
(3, 3, 2)
3
(11, 77)
-> Request 10
987
(2, 1, 1)
3
(32, 36)
-> Request 11
1170
(4, 1, 2)
1
(72, 68)
-> Request 12
1236
(1, 2, 2)
1
(12, 66)
-> Request 13
1335
(1, 3, 2)
1
(4, 61)
--> Day : 2
-> Request 0
240
(1, 2, 2)
1
(75, 43)
-> Request 1
546
(2, 3, 1)
1
(66, 53)
-> Request 2
561
(1, 2, 2)
1
(9, 4)
-> Request 3
835
(1, 1, 2)
2
(41, 22)
-> Request 4
895
(3, 1, 2)
1
(26, 26)
-> Request 5
914
(3, 1, 1)
2
(22, 28)
-> Request 6
1038
(4, 1, 1)
3
(12, 14)
--> Day : 3
-> Request 0
219
(1, 2, 1)
1
(66, 30)
-> Request 1
232
(3, 2, 2)
2
(53, 18)
-> Request 2
399
(2, 3, 2)
3
(44, 63)
-> Request 3
553
(4, 1, 2)
1
(38, 58)
-> Request 4
569
(2, 3, 2)
2
(64, 76)
-> Request 5
979
(4, 1, 1)
2
(22, 36)
-> Request 6
1205
(1, 1, 1)
1
(61, 45)
--> Day : 4
-> Request 0
4
(4, 1, 1)
3
(49, 57)
-> Request 1
118
(4, 1, 1)
1
(10, 63)
-> Request 2
168
(4, 3, 2)
3
(15, 4)
-> Request 3
293
(2, 2, 2)
1
(25, 46)
-> Request 4
561
(2, 2, 1)
3
(76, 21)
-> Request 5
622
(3, 2, 1)
1
(24, 49)
-> Request 6
886
(2, 1, 2)
2
(65, 51)
-> Request 7
942
(1, 1, 2)
2
(19, 75)
-> Request 8
949
(2, 3, 1)
1
(55, 32)
-> Request 9
1114
(4, 3, 1)
3
(56, 29)
-> Request 10
1305
(2, 3, 1)
1
(19, 66)
-> Request 11
1410
(3, 2, 1)
1
(30, 53)
---> Week : 21
--> Day : 0
-> Request 0
84
(3, 3, 2)
1
(27, 37)
-> Request 1
447
(1, 1, 1)
1
(12, 64)
-> Request 2
511
(3, 1, 2)
3
(69, 24)
-> Request 3
519
(2, 2, 2)
2
(34, 35)
-> Request 4
593
(4, 3, 2)
1
(46, 40)
-> Request 5
624
(2, 3, 2)
1
(72, 9)
-> Request 6
726
(1, 3, 1)
2
(16, 23)
-> Request 7
773
(4, 3, 2)
2
(20, 46)
-> Request 8
781
(3, 3, 1)
3
(74, 68)
-> Request 9
867
(1, 1, 2)
1
(6, 14)
-> Request 10
975
(1, 2, 2)
3
(48, 26)
-> Request 11
1018
(3, 2, 2)
2
(9, 34)
-> Request 12
1161
(1, 2, 1)
1
(12, 34)
-> Request 13
1274
(3, 1, 1)
3
(69, 42)
-> Request 14
1314
(4, 1, 1)
1
(35, 48)
-> Request 15
1392
(1, 1, 1)
3
(27, 11)
-> Request 16
1416
(4, 2, 1)
2
(5, 48)
--> Day : 1
-> Request 0
242
(1, 1, 2)
3
(59, 55)
-> Request 1
329
(2, 1, 2)
2
(74, 35)
-> Request 2
372
(3, 3, 2)
1
(57, 19)
-> Request 3
404
(1, 3, 2)
3
(42, 4)
-> Request 4
593
(2, 3, 1)
1
(39, 70)
-> Request 5
962
(1, 1, 1)
1
(38, 70)
-> Request 6
1051
(2, 2, 2)
1
(61, 75)
-> Request 7
1170
(3, 3, 2)
3
(33, 11)
-> Request 8
1236
(4, 1, 2)
2
(42, 60)
-> Request 9
1339
(2, 1, 1)
3
(22, 63)
-> Request 10
1406
(2, 1, 1)
1
(66, 70)
--> Day : 2
-> Request 0
16
(4, 3, 1)
2
(74, 6)
-> Request 1
124
(2, 2, 1)
2
(26, 27)
-> Request 2
443
(2, 2, 1)
2
(66, 25)
-> Request 3
461
(2, 2, 1)
2
(27, 35)
-> Request 4
474
(2, 1, 2)
2
(39, 41)
-> Request 5
475
(3, 1, 2)
3
(50, 64)
-> Request 6
791
(1, 3, 1)
1
(6, 56)
-> Request 7
901
(2, 2, 1)
2
(20, 53)
-> Request 8
956
(1, 3, 1)
1
(23, 1)
-> Request 9
1123
(1, 3, 2)
3
(5, 55)
-> Request 10
1204
(3, 1, 2)
2
(47, 63)
-> Request 11
1255
(3, 2, 2)
3
(3, 9)
-> Request 12
1389
(3, 3, 2)
3
(3, 20)
-> Request 13
1405
(3, 2, 2)
2
(48, 17)
--> Day : 3
-> Request 0
265
(3, 2, 2)
2
(0, 71)
-> Request 1
335
(1, 2, 2)
1
(13, 14)
-> Request 2
365
(1, 2, 2)
3
(29, 16)
-> Request 3
701
(1, 3, 2)
3
(52, 48)
-> Request 4
764
(4, 3, 2)
2
(30, 3)
-> Request 5
849
(2, 2, 2)
3
(23, 24)
-> Request 6
858
(2, 3, 2)
2
(35, 16)
-> Request 7
1157
(2, 2, 2)
2
(75, 5)
-> Request 8
1177
(1, 1, 2)
1
(17, 76)
--> Day : 4
-> Request 0
200
(1, 3, 1)
2
(51, 5)
-> Request 1
331
(1, 2, 1)
2
(61, 35)
-> Request 2
741
(4, 2, 1)
3
(40, 13)
-> Request 3
874
(1, 3, 2)
1
(43, 3)
-> Request 4
911
(1, 2, 2)
2
(59, 0)
-> Request 5
912
(2, 1, 1)
3
(61, 0)
-> Request 6
1221
(3, 1, 2)
2
(10, 17)
-> Request 7
1276
(3, 1, 1)
3
(2, 28)
-> Request 8
1309
(2, 2, 1)
2
(2, 8)
---> Week : 22
--> Day : 0
-> Request 0
34
(1, 2, 2)
3
(16, 66)
-> Request 1
94
(2, 2, 2)
3
(42, 41)
-> Request 2
130
(1, 1, 2)
2
(54, 62)
-> Request 3
470
(3, 3, 2)
1
(65, 51)
-> Request 4
568
(2, 1, 1)
1
(64, 8)
-> Request 5
760
(4, 2, 2)
3
(15, 33)
-> Request 6
1029
(1, 1, 1)
3
(33, 50)
-> Request 7
1029
(2, 1, 1)
3
(75, 65)
-> Request 8
1065
(4, 1, 1)
2
(44, 9)
-> Request 9
1409
(3, 1, 2)
2
(16, 45)
--> Day : 1
-> Request 0
81
(2, 1, 2)
1
(53, 23)
-> Request 1
170
(2, 2, 2)
1
(40, 63)
-> Request 2
215
(2, 2, 2)
1
(73, 20)
-> Request 3
241
(1, 3, 1)
2
(7, 11)
-> Request 4
242
(4, 2, 2)
1
(14, 50)
-> Request 5
253
(2, 2, 2)
2
(28, 20)
-> Request 6
852
(3, 2, 2)
3
(76, 79)
-> Request 7
1112
(1, 1, 1)
1
(4, 55)
-> Request 8
1196
(2, 1, 2)
3
(51, 58)
--> Day : 2
-> Request 0
11
(2, 2, 2)
3
(20, 19)
-> Request 1
226
(3, 1, 1)
3
(12, 74)
-> Request 2
311
(3, 3, 1)
2
(13, 71)
-> Request 3
504
(2, 3, 2)
1
(18, 20)
-> Request 4
589
(4, 1, 1)
1
(28, 75)
-> Request 5
673
(2, 1, 1)
1
(43, 70)
-> Request 6
722
(3, 3, 2)
3
(24, 28)
-> Request 7
1090
(3, 1, 2)
1
(76, 5)
-> Request 8
1155
(4, 1, 1)
2
(62, 43)
--> Day : 3
-> Request 0
153
(4, 2, 2)
1
(53, 20)
-> Request 1
235
(1, 2, 2)
3
(31, 74)
-> Request 2
301
(3, 2, 1)
3
(74, 32)
-> Request 3
413
(4, 2, 2)
3
(38, 56)
-> Request 4
490
(4, 3, 1)
3
(38, 79)
-> Request 5
521
(2, 1, 1)
3
(17, 76)
-> Request 6
624
(2, 3, 2)
2
(8, 50)
-> Request 7
855
(1, 3, 1)
1
(44, 40)
-> Request 8
894
(2, 2, 1)
3
(71, 8)
-> Request 9
896
(4, 3, 2)
1
(5, 28)
-> Request 10
919
(2, 2, 2)
3
(78, 72)
-> Request 11
994
(3, 1, 1)
3
(73, 8)
-> Request 12
1033
(2, 2, 2)
2
(36, 67)
-> Request 13
1036
(4, 3, 2)
3
(6, 60)
-> Request 14
1096
(2, 1, 2)
2
(22, 44)
--> Day : 4
-> Request 0
668
(1, 3, 2)
2
(55, 1)
-> Request 1
676
(4, 2, 2)
2
(22, 58)
-> Request 2
754
(2, 1, 1)
1
(77, 19)
-> Request 3
817
(2, 2, 1)
2
(46, 74)
-> Request 4
976
(4, 1, 1)
1
(60, 21)
-> Request 5
1013
(3, 2, 2)
2
(65, 16)
-> Request 6
1053
(2, 3, 2)
2
(47, 8)
-> Request 7
1190
(1, 2, 2)
2
(10, 46)
-> Request 8
1430
(3, 3, 1)
2
(41, 0)
---> Week : 23
--> Day : 0
-> Request 0
491
(4, 1, 1)
1
(3, 34)
-> Request 1
588
(4, 3, 2)
2
(56, 73)
-> Request 2
792
(3, 2, 1)
3
(35, 66)
-> Request 3
976
(1, 2, 1)
2
(48, 63)
-> Request 4
1023
(3, 2, 1)
1
(10, 24)
-> Request 5
1291
(3, 2, 1)
1
(27, 48)
-> Request 6
1355
(3, 2, 2)
1
(46, 12)
-> Request 7
1411
(2, 3, 2)
2
(56, 28)
-> Request 8
1439
(2, 3, 2)
1
(11, 72)
--> Day : 1
-> Request 0
49
(4, 2, 1)
3
(54, 75)
-> Request 1
374
(2, 1, 1)
3
(20, 13)
-> Request 2
620
(4, 3, 1)
1
(23, 73)
-> Request 3
689
(4, 1, 1)
3
(16, 7)
-> Request 4
802
(3, 3, 1)
1
(73, 59)
-> Request 5
814
(2, 3, 1)
1
(15, 14)
-> Request 6
955
(3, 3, 1)
1
(75, 17)
-> Request 7
1021
(2, 3, 1)
2
(44, 51)
-> Request 8
1181
(1, 1, 2)
1
(63, 56)
-> Request 9
1197
(3, 3, 1)
2
(2, 30)
-> Request 10
1267
(3, 3, 2)
3
(9, 2)
-> Request 11
1299
(4, 3, 1)
1
(29, 57)
--> Day : 2
-> Request 0
32
(2, 2, 2)
3
(60, 6)
-> Request 1
102
(3, 3, 2)
2
(40, 35)
-> Request 2
178
(2, 3, 2)
3
(28, 31)
-> Request 3
358
(1, 1, 2)
1
(7, 42)
-> Request 4
366
(3, 3, 1)
1
(32, 45)
-> Request 5
831
(2, 1, 1)
2
(7, 18)
-> Request 6
914
(3, 2, 2)
2
(72, 48)
-> Request 7
1005
(1, 2, 2)
2
(53, 59)
-> Request 8
1283
(3, 3, 1)
1
(37, 21)
-> Request 9
1283
(4, 1, 1)
1
(73, 38)
-> Request 10
1394
(2, 1, 1)
2
(75, 49)
--> Day : 3
-> Request 0
477
(4, 2, 2)
1
(65, 36)
-> Request 1
636
(1, 2, 1)
2
(1, 41)
-> Request 2
641
(3, 3, 1)
2
(33, 66)
-> Request 3
857
(3, 3, 1)
3
(0, 21)
-> Request 4
1215
(1, 2, 2)
1
(55, 72)
--> Day : 4
-> Request 0
31
(1, 1, 2)
2
(14, 66)
-> Request 1
118
(2, 2, 2)
1
(69, 15)
-> Request 2
326
(2, 1, 1)
3
(55, 65)
-> Request 3
735
(1, 2, 2)
2
(35, 42)
-> Request 4
896
(1, 1, 1)
3
(41, 68)
-> Request 5
1079
(3, 1, 2)
3
(18, 35)
-> Request 6
1136
(2, 2, 1)
1
(67, 58)
-> Request 7
1186
(1, 3, 2)
2
(26, 13)
---> Week : 24
--> Day : 0
-> Request 0
169
(3, 1, 2)
2
(54, 75)
-> Request 1
261
(2, 1, 1)
2
(63, 7)
-> Request 2
443
(1, 3, 2)
1
(56, 49)
-> Request 3
606
(4, 2, 1)
3
(51, 53)
-> Request 4
609
(1, 3, 2)
2
(78, 2)
-> Request 5
615
(4, 1, 1)
1
(52, 24)
-> Request 6
744
(3, 3, 2)
3
(47, 61)
-> Request 7
1030
(4, 2, 1)
3
(75, 78)
-> Request 8
1043
(1, 1, 1)
3
(58, 69)
-> Request 9
1252
(2, 3, 1)
1
(74, 38)
--> Day : 1
-> Request 0
242
(1, 3, 2)
2
(4, 79)
-> Request 1
418
(3, 1, 1)
3
(9, 64)
-> Request 2
494
(3, 2, 2)
2
(46, 12)
-> Request 3
513
(3, 3, 1)
3
(70, 31)
-> Request 4
520
(1, 1, 2)
3
(55, 67)
-> Request 5
602
(2, 2, 2)
1
(52, 34)
-> Request 6
826
(3, 1, 1)
2
(19, 57)
-> Request 7
950
(3, 1, 2)
1
(44, 28)
-> Request 8
1122
(1, 2, 2)
2
(35, 73)
-> Request 9
1222
(2, 3, 2)
3
(4, 51)
-> Request 10
1259
(4, 2, 1)
3
(8, 17)
-> Request 11
1351
(3, 1, 1)
2
(74, 4)
--> Day : 2
-> Request 0
92
(4, 1, 1)
2
(48, 33)
-> Request 1
1151
(4, 2, 1)
1
(34, 0)
-> Request 2
1199
(4, 2, 2)
2
(0, 36)
-> Request 3
1273
(3, 3, 1)
3
(33, 45)
-> Request 4
1292
(3, 1, 2)
2
(34, 31)
-> Request 5
1366
(1, 2, 2)
1
(45, 55)
-> Request 6
1386
(1, 2, 2)
1
(23, 50)
--> Day : 3
-> Request 0
64
(4, 1, 1)
2
(69, 49)
-> Request 1
288
(2, 1, 2)
1
(22, 44)
-> Request 2
530
(3, 3, 1)
1
(1, 58)
-> Request 3
543
(1, 2, 2)
3
(45, 69)
-> Request 4
592
(3, 1, 1)
1
(8, 44)
-> Request 5
865
(1, 2, 1)
1
(34, 57)
-> Request 6
904
(1, 2, 1)
1
(78, 12)
-> Request 7
1099
(3, 3, 2)
2
(21, 16)
-> Request 8
1231
(4, 1, 1)
3
(25, 15)
-> Request 9
1242
(1, 3, 1)
3
(38, 52)
--> Day : 4
-> Request 0
9
(1, 1, 2)
1
(79, 31)
-> Request 1
344
(1, 1, 1)
3
(51, 4)
-> Request 2
350
(2, 2, 2)
2
(69, 25)
-> Request 3
631
(2, 2, 2)
3
(20, 52)
-> Request 4
857
(4, 3, 2)
1
(37, 12)
-> Request 5
890
(1, 2, 2)
1
(67, 57)
---> Week : 25
--> Day : 0
-> Request 0
391
(4, 2, 2)
2
(30, 64)
-> Request 1
413
(4, 2, 2)
3
(50, 42)
-> Request 2
483
(2, 2, 1)
3
(5, 19)
-> Request 3
532
(2, 2, 1)
1
(71, 34)
-> Request 4
700
(1, 3, 2)
3
(53, 67)
-> Request 5
725
(2, 1, 1)
2
(18, 31)
-> Request 6
907
(2, 3, 1)
3
(68, 50)
-> Request 7
1222
(4, 2, 1)
1
(32, 29)
-> Request 8
1342
(4, 2, 1)
1
(54, 48)
--> Day : 1
-> Request 0
109
(2, 3, 2)
2
(65, 56)
-> Request 1
115
(1, 3, 1)
1
(2, 68)
-> Request 2
131
(3, 1, 2)
3
(47, 45)
-> Request 3
286
(1, 2, 1)
2
(71, 47)
-> Request 4
304
(2, 2, 2)
1
(17, 76)
-> Request 5
424
(4, 2, 1)
2
(18, 34)
-> Request 6
441
(2, 3, 1)
1
(70, 21)
-> Request 7
491
(2, 1, 2)
2
(15, 77)
-> Request 8
515
(3, 1, 2)
2
(60, 56)
-> Request 9
668
(2, 1, 1)
1
(2, 12)
-> Request 10
999
(4, 2, 2)
2
(42, 52)
-> Request 11
1004
(3, 2, 2)
2
(32, 40)
-> Request 12
1055
(4, 3, 1)
3
(68, 11)
--> Day : 2
-> Request 0
241
(3, 2, 2)
2
(11, 44)
-> Request 1
380
(1, 3, 1)
3
(2, 24)
-> Request 2
486
(4, 3, 1)
1
(63, 20)
-> Request 3
752
(4, 1, 1)
3
(63, 31)
-> Request 4
1066
(1, 1, 2)
3
(70, 75)
-> Request 5
1175
(1, 2, 1)
3
(47, 49)
-> Request 6
1389
(2, 3, 2)
2
(46, 79)
--> Day : 3
-> Request 0
232
(4, 3, 2)
3
(17, 11)
-> Request 1
250
(3, 1, 2)
2
(55, 62)
-> Request 2
344
(3, 1, 2)
1
(66, 26)
-> Request 3
432
(3, 3, 2)
3
(46, 25)
-> Request 4
474
(1, 2, 2)
3
(37, 75)
-> Request 5
520
(1, 2, 1)
2
(8, 13)
-> Request 6
855
(2, 3, 1)
3
(31, 71)
-> Request 7
1091
(3, 3, 2)
1
(0, 39)
-> Request 8
1109
(2, 2, 1)
2
(73, 66)
-> Request 9
1321
(2, 1, 2)
2
(36, 75)
--> Day : 4
-> Request 0
314
(4, 2, 1)
3
(44, 63)
-> Request 1
583
(1, 3, 1)
1
(47, 22)
-> Request 2
906
(2, 2, 1)
3
(66, 1)
-> Request 3
980
(2, 3, 1)
2
(69, 60)
-> Request 4
1059
(2, 2, 2)
2
(52, 63)
-> Request 5
1150
(1, 3, 1)
2
(45, 76)
-> Request 6
1334
(2, 1, 2)
1
(21, 38)
---> Week : 26
--> Day : 0
-> Request 0
93
(1, 3, 2)
2
(17, 32)
-> Request 1
193
(2, 3, 1)
1
(43, 15)
-> Request 2
399
(4, 3, 1)
1
(18, 54)
-> Request 3
413
(2, 2, 2)
2
(38, 2)
-> Request 4
457
(2, 3, 2)
1
(56, 8)
-> Request 5
848
(4, 2, 2)
1
(24, 23)
-> Request 6
872
(1, 2, 2)
1
(16, 62)
-> Request 7
999
(1, 2, 1)
1
(66, 20)
--> Day : 1
-> Request 0
90
(1, 3, 2)
2
(46, 23)
-> Request 1
121
(4, 3, 1)
3
(5, 53)
-> Request 2
187
(3, 3, 2)
2
(77, 0)
-> Request 3
347
(3, 3, 2)
2
(19, 38)
-> Request 4
401
(4, 2, 1)
3
(62, 76)
-> Request 5
462
(3, 3, 1)
3
(55, 36)
-> Request 6
617
(3, 2, 2)
1
(67, 33)
-> Request 7
693
(2, 3, 1)
3
(61, 14)
-> Request 8
1027
(1, 2, 2)
2
(44, 72)
-> Request 9
1047
(2, 2, 1)
3
(59, 66)
-> Request 10
1048
(3, 1, 2)
2
(24, 41)
--> Day : 2
-> Request 0
20
(1, 2, 2)
3
(66, 3)
-> Request 1
85
(3, 3, 1)
3
(54, 7)
-> Request 2
360
(1, 1, 2)
2
(54, 37)
-> Request 3
434
(2, 3, 1)
2
(0, 62)
-> Request 4
792
(2, 1, 2)
1
(67, 54)
-> Request 5
837
(4, 1, 2)
3
(72, 29)
-> Request 6
894
(1, 2, 2)
3
(34, 0)
-> Request 7
1078
(4, 3, 2)
3
(61, 68)
--> Day : 3
-> Request 0
120
(1, 3, 2)
1
(10, 69)
-> Request 1
362
(4, 1, 2)
2
(46, 66)
-> Request 2
629
(4, 3, 1)
3
(57, 41)
-> Request 3
933
(1, 1, 1)
2
(0, 18)
-> Request 4
1069
(2, 2, 2)
1
(72, 78)
-> Request 5
1079
(2, 1, 1)
1
(75, 12)
-> Request 6
1082
(1, 3, 1)
1
(54, 63)
-> Request 7
1180
(4, 1, 2)
1
(59, 67)
-> Request 8
1340
(3, 1, 1)
1
(56, 78)
--> Day : 4
-> Request 0
125
(1, 3, 2)
2
(46, 37)
-> Request 1
227
(4, 1, 1)
1
(0, 13)
-> Request 2
441
(3, 2, 1)
3
(75, 15)
-> Request 3
460
(4, 2, 1)
3
(47, 70)
-> Request 4
787
(1, 2, 1)
1
(65, 69)
-> Request 5
859
(2, 1, 1)
3
(2, 62)
-> Request 6
889
(4, 1, 2)
3
(61, 75)
-> Request 7
897
(2, 3, 1)
2
(60, 1)
---> Week : 27
--> Day : 0
-> Request 0
18
(3, 2, 1)
3
(62, 34)
-> Request 1
22
(1, 2, 1)
3
(51, 46)
-> Request 2
265
(3, 2, 2)
1
(41, 6)
-> Request 3
397
(1, 1, 2)
3
(43, 79)
-> Request 4
414
(1, 1, 1)
3
(64, 18)
-> Request 5
491
(1, 3, 1)
3
(22, 78)
--> Day : 1
-> Request 0
61
(1, 2, 2)
1
(74, 53)
-> Request 1
197
(2, 1, 2)
1
(36, 17)
-> Request 2
604
(3, 2, 1)
2
(58, 71)
-> Request 3
1003
(2, 2, 1)
2
(17, 18)
-> Request 4
1009
(1, 2, 2)
2
(30, 52)
-> Request 5
1124
(2, 2, 2)
3
(9, 29)
-> Request 6
1157
(4, 2, 1)
2
(45, 39)
-> Request 7
1159
(2, 2, 2)
1
(36, 51)
-> Request 8
1220
(3, 1, 2)
1
(61, 46)
-> Request 9
1366
(1, 1, 2)
1
(58, 22)
--> Day : 2
-> Request 0
303
(4, 3, 1)
1
(37, 22)
-> Request 1
485
(3, 1, 1)
3
(0, 60)
-> Request 2
558
(4, 2, 2)
1
(35, 30)
-> Request 3
925
(1, 1, 2)
1
(31, 13)
-> Request 4
934
(4, 3, 1)
1
(24, 41)
-> Request 5
1124
(2, 1, 1)
2
(61, 61)
-> Request 6
1193
(3, 1, 1)
2
(61, 8)
-> Request 7
1400
(4, 2, 1)
3
(39, 61)
--> Day : 3
-> Request 0
307
(3, 1, 2)
3
(72, 52)
-> Request 1
471
(2, 1, 2)
1
(26, 24)
-> Request 2
691
(1, 3, 2)
2
(40, 52)
-> Request 3
1021
(3, 3, 1)
1
(64, 10)
-> Request 4
1165
(4, 2, 1)
2
(71, 70)
--> Day : 4
-> Request 0
285
(4, 3, 1)
2
(71, 14)
-> Request 1
310
(1, 1, 2)
1
(9, 0)
-> Request 2
442
(1, 1, 1)
3
(22, 75)
-> Request 3
794
(1, 1, 2)
3
(58, 16)
-> Request 4
924
(4, 2, 1)
2
(69, 36)
-> Request 5
1090
(4, 3, 2)
2
(67, 32)
---> Week : 28
--> Day : 0
-> Request 0
34
(4, 1, 1)
1
(67, 2)
-> Request 1
121
(3, 1, 2)
3
(79, 62)
-> Request 2
252
(2, 2, 2)
2
(55, 64)
-> Request 3
255
(1, 2, 1)
3
(75, 35)
-> Request 4
341
(2, 3, 2)
3
(16, 54)
-> Request 5
417
(4, 3, 2)
1
(72, 56)
-> Request 6
465
(3, 2, 2)
3
(1, 22)
-> Request 7
525
(3, 1, 1)
2
(48, 10)
-> Request 8
613
(1, 3, 1)
3
(17, 71)
-> Request 9
883
(1, 1, 2)
1
(1, 55)
-> Request 10
1045
(1, 3, 2)
2
(50, 58)
-> Request 11
1367
(2, 1, 1)
1
(53, 67)
-> Request 12
1388
(3, 2, 1)
2
(18, 47)
--> Day : 1
-> Request 0
191
(1, 1, 1)
3
(7, 14)
-> Request 1
648
(2, 1, 1)
2
(16, 65)
-> Request 2
768
(2, 1, 2)
1
(47, 21)
-> Request 3
776
(1, 3, 2)
2
(77, 13)
-> Request 4
1043
(4, 2, 2)
1
(65, 58)
-> Request 5
1163
(3, 2, 1)
2
(69, 16)
--> Day : 2
-> Request 0
47
(1, 1, 2)
1
(66, 7)
-> Request 1
168
(1, 1, 2)
1
(7, 29)
-> Request 2
362
(1, 1, 2)
2
(42, 11)
-> Request 3
446
(3, 2, 1)
3
(42, 38)
-> Request 4
506
(4, 3, 1)
1
(69, 9)
-> Request 5
547
(4, 1, 1)
3
(34, 0)
-> Request 6
805
(3, 2, 1)
2
(71, 26)
-> Request 7
996
(2, 2, 2)
1
(62, 5)
-> Request 8
1133
(2, 3, 1)
3
(6, 43)
-> Request 9
1148
(4, 2, 2)
3
(47, 77)
-> Request 10
1266
(3, 2, 1)
3
(43, 42)
--> Day : 3
-> Request 0
114
(3, 2, 1)
1
(5, 45)
-> Request 1
118
(3, 2, 2)
2
(47, 31)
-> Request 2
359
(3, 3, 1)
2
(78, 68)
-> Request 3
423
(1, 1, 1)
3
(38, 43)
-> Request 4
473
(4, 3, 1)
3
(69, 56)
-> Request 5
479
(4, 2, 2)
3
(69, 60)
-> Request 6
675
(2, 2, 2)
2
(40, 66)
-> Request 7
960
(3, 1, 1)
2
(45, 79)
-> Request 8
1030
(1, 1, 2)
3
(23, 32)
-> Request 9
1054
(3, 1, 1)
2
(22, 21)
-> Request 10
1265
(2, 3, 2)
3
(15, 71)
-> Request 11
1320
(1, 1, 2)
2
(65, 51)
--> Day : 4
-> Request 0
85
(1, 3, 1)
2
(56, 69)
-> Request 1
184
(3, 3, 2)
2
(53, 62)
-> Request 2
371
(1, 2, 1)
3
(26, 44)
-> Request 3
865
(3, 1, 1)
1
(10, 78)
-> Request 4
928
(4, 3, 2)
3
(73, 64)
---> Week : 29
--> Day : 0
-> Request 0
187
(1, 2, 2)
1
(23, 62)
-> Request 1
663
(4, 3, 1)
2
(49, 46)
-> Request 2
868
(2, 2, 1)
1
(24, 13)
-> Request 3
888
(3, 3, 2)
3
(8, 32)
-> Request 4
1007
(2, 1, 2)
2
(47, 50)
-> Request 5
1085
(4, 1, 1)
2
(59, 31)
-> Request 6
1347
(1, 1, 1)
2
(35, 55)
--> Day : 1
-> Request 0
170
(4, 2, 2)
3
(6, 67)
-> Request 1
374
(2, 1, 2)
3
(77, 15)
-> Request 2
656
(3, 2, 1)
1
(17, 22)
-> Request 3
738
(1, 3, 1)
1
(15, 67)
-> Request 4
744
(4, 1, 2)
2
(12, 54)
-> Request 5
775
(3, 2, 2)
2
(31, 41)
-> Request 6
795
(1, 3, 2)
1
(41, 74)
-> Request 7
836
(1, 1, 2)
3
(7, 43)
-> Request 8
1036
(1, 1, 2)
1
(47, 64)
--> Day : 2
-> Request 0
495
(2, 2, 2)
2
(19, 17)
-> Request 1
972
(3, 3, 1)
2
(17, 76)
-> Request 2
974
(3, 2, 1)
1
(53, 74)
-> Request 3
1054
(3, 3, 2)
3
(75, 18)
-> Request 4
1126
(3, 3, 1)
3
(2, 2)
-> Request 5
1374
(1, 1, 2)
3
(30, 78)
-> Request 6
1385
(4, 1, 1)
3
(78, 32)
--> Day : 3
-> Request 0
8
(3, 1, 1)
3
(33, 74)
-> Request 1
16
(2, 1, 2)
2
(8, 37)
-> Request 2
76
(2, 1, 1)
1
(2, 68)
-> Request 3
133
(4, 3, 2)
1
(26, 51)
-> Request 4
176
(3, 2, 2)
2
(38, 63)
-> Request 5
303
(1, 3, 1)
1
(15, 39)
-> Request 6
347
(4, 3, 1)
3
(72, 63)
-> Request 7
644
(3, 2, 1)
3
(65, 50)
-> Request 8
756
(4, 3, 2)
3
(71, 75)
-> Request 9
858
(4, 3, 1)
1
(12, 66)
-> Request 10
1022
(2, 3, 2)
2
(39, 75)
-> Request 11
1144
(3, 1, 1)
1
(1, 25)
-> Request 12
1273
(2, 3, 1)
1
(25, 70)
-> Request 13
1331
(1, 2, 2)
2
(34, 12)
-> Request 14
1343
(3, 2, 2)
1
(67, 12)
-> Request 15
1362
(3, 1, 2)
3
(1, 8)
-> Request 16
1377
(2, 1, 1)
2
(8, 37)
--> Day : 4
-> Request 0
255
(1, 2, 1)
3
(65, 30)
-> Request 1
423
(3, 2, 1)
2
(65, 27)
-> Request 2
771
(3, 3, 2)
1
(14, 24)
-> Request 3
843
(2, 3, 2)
2
(49, 78)
-> Request 4
885
(1, 3, 2)
1
(64, 54)
-> Request 5
929
(4, 3, 1)
1
(10, 71)
-> Request 6
1216
(4, 3, 1)
3
(79, 13)
-> Request 7
1347
(2, 2, 1)
1
(45, 51)
---> Week : 30
--> Day : 0
-> Request 0
119
(4, 3, 1)
3
(38, 56)
-> Request 1
242
(2, 1, 2)
1
(2, 25)
-> Request 2
273
(1, 2, 2)
2
(69, 34)
-> Request 3
274
(2, 3, 2)
2
(26, 65)
-> Request 4
303
(4, 1, 1)
1
(37, 78)
-> Request 5
420
(2, 3, 1)
1
(42, 19)
-> Request 6
634
(1, 3, 2)
3
(58, 64)
-> Request 7
718
(2, 2, 1)
2
(34, 79)
-> Request 8
781
(3, 2, 1)
1
(15, 61)
-> Request 9
1163
(1, 2, 1)
2
(59, 44)
--> Day : 1
-> Request 0
112
(2, 2, 1)
2
(58, 2)
-> Request 1
202
(2, 2, 2)
1
(61, 62)
-> Request 2
459
(4, 3, 1)
3
(54, 21)
-> Request 3
747
(2, 2, 2)
3
(8, 35)
-> Request 4
787
(3, 1, 2)
3
(51, 75)
-> Request 5
841
(2, 3, 1)
3
(39, 41)
-> Request 6
1161
(2, 1, 1)
1
(18, 73)
-> Request 7
1281
(1, 2, 2)
1
(35, 2)
--> Day : 2
-> Request 0
1
(1, 1, 2)
1
(48, 2)
-> Request 1
66
(1, 1, 2)
3
(69, 65)
-> Request 2
125
(2, 1, 2)
3
(15, 68)
-> Request 3
195
(2, 1, 1)
2
(15, 75)
-> Request 4
239
(2, 1, 2)
3
(28, 62)
-> Request 5
350
(4, 3, 1)
1
(30, 17)
-> Request 6
441
(3, 3, 1)
2
(33, 4)
-> Request 7
514
(4, 3, 2)
1
(3, 64)
-> Request 8
585
(2, 2, 1)
2
(72, 54)
-> Request 9
640
(4, 2, 1)
1
(10, 33)
-> Request 10
658
(1, 1, 2)
2
(34, 35)
-> Request 11
1246
(3, 1, 1)
1
(7, 50)
-> Request 12
1427
(3, 1, 1)
1
(68, 67)
--> Day : 3
-> Request 0
7
(3, 2, 1)
1
(73, 68)
-> Request 1
302
(3, 1, 2)
2
(61, 54)
-> Request 2
480
(2, 3, 2)
3
(29, 35)
-> Request 3
976
(1, 1, 2)
3
(61, 39)
-> Request 4
1046
(4, 1, 2)
2
(14, 77)
-> Request 5
1333
(2, 1, 1)
2
(34, 14)
-> Request 6
1377
(3, 3, 2)
1
(51, 25)
--> Day : 4
-> Request 0
47
(1, 2, 1)
3
(61, 26)
-> Request 1
95
(2, 2, 1)
2
(44, 25)
-> Request 2
243
(2, 1, 1)
3
(12, 60)
-> Request 3
296
(3, 2, 2)
2
(58, 55)
-> Request 4
536
(4, 2, 1)
2
(59, 40)
-> Request 5
556
(2, 2, 1)
2
(3, 8)
-> Request 6
613
(3, 3, 1)
1
(47, 26)
-> Request 7
671
(3, 1, 2)
2
(30, 30)
-> Request 8
676
(1, 2, 2)
1
(51, 34)
-> Request 9
882
(1, 1, 1)
3
(13, 7)
-> Request 10
1201
(3, 3, 2)
2
(22, 17)
-> Request 11
1211
(2, 2, 1)
2
(30, 56)
-> Request 12
1305
(1, 2, 2)
3
(29, 48)
-> Request 13
1337
(1, 1, 1)
2
(52, 75)
---> Week : 31
--> Day : 0
-> Request 0
378
(3, 1, 1)
1
(67, 57)
-> Request 1
650
(1, 2, 1)
2
(68, 1)
-> Request 2
739
(4, 2, 1)
2
(19, 19)
-> Request 3
1069
(3, 2, 1)
3
(34, 6)
-> Request 4
1230
(2, 2, 1)
1
(40, 6)
-> Request 5
1279
(4, 1, 2)
1
(61, 56)
--> Day : 1
-> Request 0
222
(4, 2, 2)
2
(7, 76)
-> Request 1
552
(1, 1, 1)
3
(24, 35)
-> Request 2
672
(3, 3, 2)
3
(45, 71)
-> Request 3
682
(1, 3, 1)
3
(30, 47)
-> Request 4
770
(4, 3, 2)
3
(53, 29)
-> Request 5
824
(1, 1, 1)
2
(39, 57)
-> Request 6
1137
(2, 2, 1)
1
(8, 60)
-> Request 7
1290
(4, 2, 1)
1
(77, 24)
--> Day : 2
-> Request 0
29
(2, 3, 2)
2
(26, 9)
-> Request 1
192
(3, 1, 2)
3
(69, 41)
-> Request 2
237
(1, 2, 2)
2
(70, 71)
-> Request 3
581
(3, 2, 1)
2
(43, 11)
-> Request 4
703
(3, 2, 2)
1
(36, 45)
-> Request 5
758
(3, 3, 1)
3
(43, 40)
-> Request 6
786
(2, 1, 2)
2
(46, 30)
-> Request 7
829
(1, 1, 2)
1
(51, 12)
-> Request 8
1014
(1, 3, 2)
1
(79, 31)
-> Request 9
1115
(3, 3, 2)
2
(79, 71)
-> Request 10
1249
(3, 3, 1)
2
(11, 55)
--> Day : 3
-> Request 0
121
(3, 1, 1)
1
(55, 32)
-> Request 1
145
(4, 2, 2)
3
(5, 70)
-> Request 2
520
(1, 1, 2)
1
(47, 77)
-> Request 3
716
(4, 1, 2)
2
(45, 18)
-> Request 4
774
(1, 3, 1)
3
(22, 45)
-> Request 5
909
(4, 2, 1)
2
(28, 15)
-> Request 6
930
(1, 1, 1)
1
(79, 57)
-> Request 7
932
(4, 2, 1)
2
(40, 6)
-> Request 8
1003
(2, 2, 2)
2
(50, 23)
-> Request 9
1279
(1, 2, 2)
3
(16, 44)
-> Request 10
1371
(4, 2, 2)
3
(30, 46)
-> Request 11
1385
(1, 3, 1)
2
(14, 74)
-> Request 12
1418
(1, 2, 2)
1
(44, 19)
--> Day : 4
-> Request 0
145
(2, 2, 1)
1
(34, 68)
-> Request 1
522
(3, 3, 1)
2
(59, 54)
-> Request 2
565
(3, 2, 1)
1
(25, 79)
-> Request 3
780
(2, 3, 1)
2
(71, 38)
-> Request 4
927
(1, 1, 2)
3
(55, 70)
-> Request 5
1011
(2, 1, 1)
1
(1, 52)
-> Request 6
1026
(1, 1, 1)
3
(74, 3)
-> Request 7
1357
(2, 1, 2)
1
(44, 39)
---> Week : 32
--> Day : 0
-> Request 0
489
(4, 2, 1)
2
(3, 41)
-> Request 1
528
(2, 2, 2)
3
(16, 8)
-> Request 2
571
(3, 2, 1)
3
(75, 26)
-> Request 3
576
(2, 3, 1)
1
(41, 22)
-> Request 4
675
(4, 1, 1)
3
(63, 1)
-> Request 5
892
(4, 1, 1)
3
(32, 11)
-> Request 6
993
(1, 1, 2)
2
(19, 8)
-> Request 7
1029
(1, 1, 2)
2
(75, 13)
-> Request 8
1116
(1, 3, 2)
2
(56, 4)
--> Day : 1
-> Request 0
184
(2, 2, 1)
2
(56, 3)
-> Request 1
218
(3, 1, 2)
2
(18, 0)
-> Request 2
522
(2, 3, 2)
2
(48, 46)
-> Request 3
609
(1, 2, 2)
2
(3, 18)
-> Request 4
701
(1, 1, 1)
3
(20, 9)
-> Request 5
978
(4, 2, 1)
2
(28, 10)
-> Request 6
1021
(3, 2, 2)
3
(46, 60)
-> Request 7
1246
(4, 2, 1)
2
(35, 7)
-> Request 8
1429
(2, 3, 1)
3
(44, 38)
--> Day : 2
-> Request 0
80
(2, 1, 2)
1
(31, 66)
-> Request 1
176
(4, 2, 2)
1
(0, 77)
-> Request 2
482
(2, 1, 2)
2
(56, 48)
-> Request 3
602
(3, 2, 1)
2
(6, 78)
-> Request 4
1114
(2, 2, 1)
2
(76, 35)
-> Request 5
1229
(4, 1, 2)
2
(49, 61)
--> Day : 3
-> Request 0
4
(1, 3, 1)
3
(50, 47)
-> Request 1
35
(3, 2, 1)
3
(58, 1)
-> Request 2
276
(3, 2, 1)
3
(12, 34)
-> Request 3
319
(3, 3, 2)
1
(44, 55)
-> Request 4
370
(1, 1, 1)
1
(72, 78)
-> Request 5
491
(3, 3, 2)
1
(24, 15)
-> Request 6
523
(4, 1, 2)
3
(63, 6)
-> Request 7
560
(4, 3, 2)
1
(68, 11)
-> Request 8
705
(3, 3, 2)
3
(57, 37)
-> Request 9
854
(4, 1, 1)
1
(39, 34)
-> Request 10
1131
(1, 1, 1)
3
(56, 29)
-> Request 11
1145
(4, 2, 2)
2
(79, 2)
-> Request 12
1183
(4, 2, 2)
2
(73, 25)
-> Request 13
1406
(1, 2, 2)
2
(74, 65)
-> Request 14
1417
(3, 1, 2)
1
(53, 51)
-> Request 15
1425
(1, 3, 1)
3
(48, 71)
--> Day : 4
-> Request 0
393
(2, 3, 2)
1
(8, 53)
-> Request 1
668
(3, 3, 1)
3
(11, 27)
-> Request 2
836
(2, 1, 2)
3
(24, 11)
-> Request 3
881
(2, 2, 1)
3
(33, 15)
-> Request 4
911
(2, 2, 2)
1
(63, 29)
-> Request 5
950
(3, 2, 1)
2
(49, 36)
-> Request 6
970
(2, 3, 2)
2
(63, 30)
-> Request 7
1095
(2, 3, 1)
2
(3, 27)
---> Week : 33
--> Day : 0
-> Request 0
63
(4, 1, 1)
1
(78, 52)
-> Request 1
131
(3, 2, 2)
2
(53, 73)
-> Request 2
398
(4, 2, 2)
3
(65, 19)
-> Request 3
445
(2, 1, 1)
1
(13, 61)
-> Request 4
667
(4, 1, 2)
3
(20, 23)
-> Request 5
714
(2, 3, 1)
3
(50, 66)
-> Request 6
738
(1, 3, 1)
3
(51, 77)
-> Request 7
794
(1, 2, 1)
1
(71, 54)
-> Request 8
1126
(2, 1, 2)
2
(42, 54)
-> Request 9
1160
(4, 3, 2)
3
(50, 31)
-> Request 10
1339
(2, 3, 1)
1
(45, 10)
-> Request 11
1349
(1, 1, 2)
2
(59, 77)
--> Day : 1
-> Request 0
21
(2, 2, 1)
3
(76, 70)
-> Request 1
100
(1, 2, 1)
1
(0, 66)
-> Request 2
216
(1, 2, 1)
2
(2, 66)
-> Request 3
247
(2, 3, 2)
1
(71, 72)
-> Request 4
400
(1, 1, 1)
3
(0, 41)
-> Request 5
574
(3, 3, 2)
1
(49, 25)
-> Request 6
662
(2, 1, 1)
2
(69, 59)
-> Request 7
734
(3, 2, 1)
2
(16, 21)
-> Request 8
948
(2, 1, 1)
1
(40, 13)
-> Request 9
1037
(3, 3, 1)
2
(59, 53)
-> Request 10
1346
(2, 3, 2)
1
(67, 30)
-> Request 11
1433
(2, 2, 1)
3
(74, 69)
--> Day : 2
-> Request 0
407
(2, 1, 1)
3
(74, 53)
-> Request 1
485
(1, 3, 1)
3
(72, 46)
-> Request 2
591
(4, 1, 2)
3
(46, 47)
-> Request 3
804
(2, 1, 2)
2
(30, 65)
-> Request 4
814
(2, 1, 2)
3
(52, 34)
-> Request 5
868
(4, 1, 1)
1
(39, 13)
-> Request 6
1003
(1, 3, 1)
2
(37, 71)
--> Day : 3
-> Request 0
141
(4, 2, 1)
1
(44, 32)
-> Request 1
283
(3, 3, 1)
1
(57, 53)
-> Request 2
490
(1, 2, 1)
2
(31, 79)
-> Request 3
548
(1, 2, 2)
1
(51, 79)
-> Request 4
555
(2, 3, 1)
2
(35, 5)
-> Request 5
779
(3, 3, 1)
2
(41, 61)
-> Request 6
793
(2, 3, 2)
1
(3, 22)
-> Request 7
990
(4, 3, 2)
1
(68, 7)
-> Request 8
1067
(2, 2, 2)
2
(23, 27)
-> Request 9
1102
(2, 3, 2)
3
(31, 31)
--> Day : 4
-> Request 0
20
(2, 2, 2)
2
(37, 28)
-> Request 1
32
(3, 1, 1)
3
(74, 45)
-> Request 2
160
(1, 1, 2)
1
(56, 0)
-> Request 3
431
(2, 1, 1)
3
(55, 42)
-> Request 4
605
(3, 2, 2)
1
(49, 55)
-> Request 5
667
(1, 2, 2)
2
(43, 13)
-> Request 6
672
(4, 1, 1)
3
(41, 51)
-> Request 7
1058
(3, 2, 2)
3
(7, 48)
-> Request 8
1364
(2, 3, 1)
3
(45, 57)
-> Request 9
1431
(2, 2, 2)
2
(77, 57)
---> Week : 34
--> Day : 0
-> Request 0
151
(3, 3, 1)
2
(9, 34)
-> Request 1
155
(2, 3, 2)
2
(39, 61)
-> Request 2
500
(4, 2, 2)
1
(72, 0)
-> Request 3
512
(1, 2, 2)
2
(41, 60)
-> Request 4
635
(2, 2, 1)
1
(22, 14)
-> Request 5
741
(4, 1, 2)
1
(72, 44)
-> Request 6
752
(4, 2, 1)
2
(43, 74)
-> Request 7
811
(1, 3, 1)
2
(45, 44)
-> Request 8
876
(3, 1, 1)
3
(11, 10)
-> Request 9
1176
(1, 1, 1)
2
(9, 37)
-> Request 10
1317
(4, 3, 1)
3
(5, 16)
--> Day : 1
-> Request 0
119
(1, 2, 2)
1
(63, 30)
-> Request 1
171
(4, 1, 1)
1
(64, 36)
-> Request 2
352
(3, 3, 2)
3
(2, 78)
-> Request 3
458
(4, 2, 1)
1
(5, 10)
-> Request 4
494
(2, 3, 2)
2
(60, 18)
-> Request 5
520
(1, 2, 1)
3
(47, 69)
-> Request 6
591
(4, 2, 1)
3
(60, 76)
-> Request 7
728
(4, 1, 1)
3
(76, 78)
-> Request 8
862
(1, 1, 2)
1
(52, 65)
-> Request 9
920
(2, 1, 1)
3
(68, 49)
-> Request 10
981
(2, 1, 2)
3
(53, 54)
-> Request 11
1170
(2, 1, 1)
2
(7, 78)
-> Request 12
1292
(3, 3, 1)
3
(26, 39)
--> Day : 2
-> Request 0
78
(3, 2, 2)
3
(72, 13)
-> Request 1
96
(2, 3, 1)
2
(77, 28)
-> Request 2
217
(4, 1, 2)
2
(33, 2)
-> Request 3
970
(3, 1, 1)
1
(38, 38)
-> Request 4
1074
(3, 1, 1)
2
(12, 38)
-> Request 5
1317
(1, 1, 2)
2
(24, 17)
--> Day : 3
-> Request 0
141
(1, 1, 2)
3
(2, 2)
-> Request 1
155
(1, 2, 1)
2
(44, 25)
-> Request 2
362
(1, 1, 1)
2
(48, 34)
-> Request 3
660
(1, 2, 2)
1
(5, 44)
-> Request 4
756
(4, 3, 2)
1
(36, 54)
-> Request 5
833
(4, 2, 2)
3
(3, 32)
-> Request 6
988
(4, 2, 2)
1
(30, 68)
-> Request 7
1053
(3, 2, 2)
3
(16, 77)
-> Request 8
1115
(1, 1, 2)
3
(54, 16)
-> Request 9
1227
(2, 2, 2)
2
(41, 34)
-> Request 10
1413
(3, 1, 2)
3
(62, 0)
--> Day : 4
-> Request 0
69
(1, 1, 1)
3
(48, 10)
-> Request 1
199
(4, 3, 2)
3
(57, 46)
-> Request 2
315
(3, 3, 2)
2
(63, 26)
-> Request 3
699
(1, 3, 2)
3
(69, 61)
-> Request 4
949
(4, 2, 1)
1
(63, 70)
-> Request 5
1004
(4, 1, 1)
1
(54, 3)
-> Request 6
1013
(3, 2, 2)
1
(59, 1)
-> Request 7
1061
(1, 3, 1)
3
(23, 13)
-> Request 8
1142
(2, 3, 2)
1
(16, 43)
-> Request 9
1272
(4, 2, 2)
1
(23, 73)
-> Request 10
1317
(3, 3, 1)
1
(22, 51)
---> Week : 35
--> Day : 0
-> Request 0
101
(2, 3, 1)
2
(36, 20)
-> Request 1
244
(3, 2, 1)
3
(73, 38)
-> Request 2
413
(2, 3, 1)
2
(45, 70)
-> Request 3
414
(4, 1, 2)
3
(6, 77)
-> Request 4
487
(2, 2, 1)
3
(3, 41)
-> Request 5
632
(2, 3, 2)
1
(54, 38)
-> Request 6
726
(3, 1, 2)
2
(42, 43)
-> Request 7
849
(2, 3, 1)
1
(2, 16)
-> Request 8
1088
(4, 3, 2)
1
(29, 69)
-> Request 9
1271
(1, 2, 1)
3
(18, 15)
-> Request 10
1293
(4, 1, 2)
1
(1, 50)
--> Day : 1
-> Request 0
167
(4, 3, 1)
2
(64, 30)
-> Request 1
183
(3, 1, 2)
3
(75, 43)
-> Request 2
483
(4, 1, 1)
2
(18, 74)
-> Request 3
753
(3, 2, 2)
3
(26, 12)
-> Request 4
898
(4, 2, 1)
3
(35, 39)
-> Request 5
1083
(4, 3, 2)
1
(50, 74)
-> Request 6
1159
(2, 1, 1)
3
(79, 33)
-> Request 7
1379
(2, 1, 2)
3
(45, 1)
-> Request 8
1407
(4, 2, 2)
1
(61, 22)
--> Day : 2
-> Request 0
28
(1, 2, 1)
1
(78, 61)
-> Request 1
29
(2, 2, 1)
1
(0, 48)
-> Request 2
325
(4, 1, 2)
3
(46, 29)
-> Request 3
351
(2, 3, 1)
2
(24, 64)
-> Request 4
471
(2, 3, 2)
3
(50, 30)
-> Request 5
543
(4, 3, 1)
3
(20, 30)
-> Request 6
605
(2, 1, 1)
1
(65, 70)
-> Request 7
678
(4, 2, 1)
1
(56, 41)
-> Request 8
807
(2, 3, 1)
1
(2, 72)
-> Request 9
905
(3, 3, 2)
1
(26, 39)
-> Request 10
1107
(3, 2, 1)
2
(36, 75)
-> Request 11
1214
(4, 2, 2)
3
(66, 24)
-> Request 12
1366
(3, 1, 2)
1
(60, 53)
-> Request 13
1391
(4, 1, 1)
3
(44, 72)
-> Request 14
1391
(3, 2, 1)
2
(23, 36)
--> Day : 3
-> Request 0
27
(4, 3, 2)
1
(11, 5)
-> Request 1
35
(4, 1, 1)
3
(20, 36)
-> Request 2
207
(3, 3, 2)
3
(27, 13)
-> Request 3
272
(3, 1, 2)
3
(76, 19)
-> Request 4
364
(3, 3, 1)
1
(0, 1)
-> Request 5
552
(4, 1, 2)
2
(9, 37)
-> Request 6
1006
(1, 3, 2)
3
(65, 57)
-> Request 7
1014
(3, 3, 1)
3
(15, 13)
-> Request 8
1171
(4, 2, 1)
2
(3, 67)
-> Request 9
1250
(2, 1, 2)
3
(41, 48)
--> Day : 4
-> Request 0
27
(1, 3, 1)
2
(71, 71)
-> Request 1
239
(3, 1, 1)
2
(38, 50)
-> Request 2
682
(3, 2, 2)
3
(36, 22)
-> Request 3
685
(1, 3, 1)
1
(14, 73)
-> Request 4
927
(4, 1, 1)
1
(33, 46)
-> Request 5
1250
(2, 1, 1)
3
(19, 67)
-> Request 6
1269
(1, 2, 1)
2
(10, 38)
-> Request 7
1355
(3, 3, 2)
1
(29, 75)
-> Request 8
1408
(1, 3, 1)
1
(19, 6)
---> Week : 36
--> Day : 0
-> Request 0
177
(1, 3, 2)
1
(32, 71)
-> Request 1
198
(2, 2, 1)
2
(30, 52)
-> Request 2
370
(2, 2, 2)
1
(45, 58)
-> Request 3
502
(3, 2, 2)
2
(48, 55)
-> Request 4
595
(2, 2, 2)
2
(20, 67)
-> Request 5
784
(3, 2, 1)
2
(45, 34)
-> Request 6
1024
(4, 1, 2)
1
(39, 64)
-> Request 7
1059
(2, 2, 1)
3
(18, 76)
-> Request 8
1103
(4, 1, 2)
3
(46, 52)
-> Request 9
1111
(2, 3, 1)
3
(37, 50)
-> Request 10
1264
(2, 2, 1)
1
(75, 70)
-> Request 11
1322
(3, 1, 1)
2
(40, 75)
-> Request 12
1348
(1, 3, 2)
3
(27, 59)
--> Day : 1
-> Request 0
244
(2, 2, 1)
1
(22, 60)
-> Request 1
245
(3, 1, 2)
2
(73, 19)
-> Request 2
507
(4, 3, 2)
1
(44, 29)
-> Request 3
593
(2, 3, 1)
2
(64, 33)
-> Request 4
769
(2, 3, 2)
3
(26, 38)
-> Request 5
1052
(1, 2, 1)
3
(53, 60)
-> Request 6
1105
(2, 3, 1)
2
(28, 29)
-> Request 7
1202
(2, 2, 1)
3
(40, 1)
-> Request 8
1270
(3, 3, 1)
2
(31, 54)
--> Day : 2
-> Request 0
2
(3, 1, 2)
3
(8, 24)
-> Request 1
259
(4, 3, 2)
3
(68, 72)
-> Request 2
266
(2, 2, 1)
2
(52, 67)
-> Request 3
347
(3, 2, 1)
1
(79, 57)
-> Request 4
381
(4, 3, 2)
3
(16, 8)
-> Request 5
688
(2, 3, 2)
3
(70, 50)
-> Request 6
845
(1, 3, 2)
3
(17, 69)
-> Request 7
875
(1, 3, 1)
2
(76, 64)
-> Request 8
937
(1, 2, 1)
3
(73, 40)
-> Request 9
1012
(1, 3, 1)
3
(70, 5)
-> Request 10
1021
(1, 3, 2)
3
(75, 50)
-> Request 11
1181
(2, 3, 2)
1
(47, 60)
-> Request 12
1424
(4, 2, 2)
2
(52, 7)
--> Day : 3
-> Request 0
39
(3, 1, 2)
2
(18, 39)
-> Request 1
204
(1, 1, 2)
2
(50, 45)
-> Request 2
378
(1, 1, 1)
2
(58, 45)
-> Request 3
483
(4, 2, 2)
2
(32, 37)
-> Request 4
627
(4, 3, 1)
1
(13, 14)
-> Request 5
1188
(3, 3, 1)
1
(60, 72)
-> Request 6
1200
(2, 1, 2)
3
(3, 50)
-> Request 7
1357
(2, 3, 1)
3
(37, 52)
--> Day : 4
-> Request 0
144
(1, 1, 1)
3
(40, 55)
-> Request 1
345
(1, 2, 1)
3
(53, 29)
-> Request 2
459
(4, 3, 1)
2
(42, 57)
-> Request 3
549
(3, 1, 2)
2
(57, 13)
-> Request 4
587
(4, 3, 1)
2
(36, 72)
-> Request 5
642
(2, 3, 1)
1
(20, 42)
-> Request 6
642
(2, 1, 1)
1
(41, 19)
-> Request 7
716
(4, 3, 1)
1
(4, 51)
-> Request 8
885
(2, 2, 2)
1
(53, 5)
-> Request 9
944
(1, 1, 1)
1
(10, 8)
-> Request 10
1152
(3, 3, 2)
3
(19, 42)
-> Request 11
1289
(4, 3, 1)
2
(64, 10)
-> Request 12
1427
(1, 1, 1)
2
(24, 0)
---> Week : 37
--> Day : 0
-> Request 0
97
(1, 1, 1)
3
(22, 19)
-> Request 1
507
(3, 2, 2)
1
(36, 44)
-> Request 2
538
(1, 2, 2)
1
(19, 12)
-> Request 3
714
(3, 2, 1)
2
(7, 52)
-> Request 4
1196
(2, 1, 1)
3
(61, 57)
-> Request 5
1437
(3, 1, 1)
2
(70, 49)
--> Day : 1
-> Request 0
56
(4, 2, 1)
3
(72, 42)
-> Request 1
140
(3, 1, 2)
1
(20, 76)
-> Request 2
182
(1, 3, 2)
2
(1, 71)
-> Request 3
258
(4, 3, 2)
2
(65, 77)
-> Request 4
276
(1, 3, 1)
1
(58, 72)
-> Request 5
342
(1, 1, 1)
2
(45, 12)
-> Request 6
573
(3, 2, 1)
2
(78, 68)
-> Request 7
838
(1, 3, 2)
2
(72, 62)
-> Request 8
1002
(4, 1, 1)
1
(11, 37)
-> Request 9
1003
(3, 1, 2)
2
(6, 57)
-> Request 10
1011
(4, 2, 1)
3
(8, 5)
--> Day : 2
-> Request 0
229
(1, 2, 1)
1
(49, 68)
-> Request 1
324
(2, 3, 2)
1
(36, 40)
-> Request 2
360
(3, 2, 2)
1
(24, 9)
-> Request 3
431
(2, 3, 1)
2
(61, 58)
-> Request 4
745
(1, 3, 1)
2
(66, 76)
-> Request 5
1088
(2, 2, 2)
3
(53, 76)
-> Request 6
1162
(3, 3, 1)
1
(75, 55)
-> Request 7
1216
(2, 3, 1)
3
(40, 55)
-> Request 8
1365
(3, 1, 1)
1
(71, 54)
--> Day : 3
-> Request 0
113
(4, 1, 1)
3
(39, 35)
-> Request 1
137
(4, 2, 2)
2
(59, 64)
-> Request 2
154
(1, 2, 1)
1
(31, 48)
-> Request 3
166
(3, 3, 1)
3
(66, 59)
-> Request 4
202
(1, 3, 2)
2
(52, 57)
-> Request 5
275
(1, 3, 2)
1
(9, 49)
-> Request 6
337
(3, 2, 1)
1
(29, 49)
-> Request 7
405
(3, 3, 2)
2
(49, 52)
-> Request 8
461
(2, 2, 1)
3
(56, 59)
-> Request 9
630
(1, 2, 2)
3
(21, 73)
-> Request 10
687
(1, 3, 1)
1
(24, 64)
-> Request 11
698
(4, 3, 1)
2
(8, 23)
-> Request 12
765
(4, 2, 2)
2
(43, 65)
-> Request 13
1214
(4, 3, 1)
2
(68, 63)
-> Request 14
1292
(3, 1, 1)
1
(79, 26)
-> Request 15
1433
(4, 1, 1)
2
(62, 56)
--> Day : 4
-> Request 0
149
(3, 2, 2)
1
(41, 24)
-> Request 1
308
(4, 2, 2)
3
(28, 23)
-> Request 2
346
(1, 2, 2)
1
(70, 53)
-> Request 3
512
(1, 1, 2)
3
(37, 32)
-> Request 4
512
(1, 2, 2)
1
(54, 49)
-> Request 5
551
(3, 2, 1)
2
(41, 10)
-> Request 6
565
(3, 2, 1)
1
(70, 4)
-> Request 7
611
(2, 2, 2)
1
(13, 28)
-> Request 8
819
(4, 1, 1)
2
(26, 6)
-> Request 9
845
(3, 2, 2)
1
(48, 31)
-> Request 10
852
(3, 3, 1)
3
(75, 59)
-> Request 11
891
(1, 2, 2)
1
(19, 20)
-> Request 12
970
(4, 2, 1)
3
(60, 66)
-> Request 13
1203
(4, 1, 2)
1
(0, 5)
-> Request 14
1336
(4, 2, 2)
2
(12, 51)
-> Request 15
1381
(1, 3, 1)
3
(37, 39)
---> Week : 38
--> Day : 0
-> Request 0
191
(3, 2, 2)
1
(49, 3)
-> Request 1
252
(1, 2, 1)
1
(20, 23)
-> Request 2
261
(2, 1, 2)
3
(0, 43)
-> Request 3
343
(1, 3, 1)
1
(9, 74)
-> Request 4
561
(1, 3, 1)
1
(56, 46)
-> Request 5
633
(1, 2, 2)
1
(71, 64)
-> Request 6
642
(3, 1, 2)
3
(47, 43)
-> Request 7
658
(1, 1, 2)
1
(69, 26)
-> Request 8
813
(2, 1, 1)
3
(33, 77)
--> Day : 1
-> Request 0
36
(3, 2, 2)
2
(44, 74)
-> Request 1
280
(4, 3, 2)
1
(71, 29)
-> Request 2
303
(1, 2, 2)
2
(18, 41)
-> Request 3
394
(1, 1, 2)
2
(8, 3)
-> Request 4
503
(1, 3, 2)
2
(42, 2)
-> Request 5
719
(2, 3, 2)
3
(4, 3)
-> Request 6
849
(1, 2, 2)
1
(20, 51)
-> Request 7
930
(4, 1, 1)
2
(75, 31)
-> Request 8
1077
(4, 3, 1)
3
(13, 16)
-> Request 9
1147
(1, 3, 2)
1
(44, 57)
-> Request 10
1242
(1, 1, 2)
3
(22, 10)
-> Request 11
1350
(2, 3, 2)
1
(17, 23)
-> Request 12
1350
(1, 3, 2)
3
(73, 40)
--> Day : 2
-> Request 0
386
(2, 1, 2)
2
(48, 39)
-> Request 1
407
(2, 1, 2)
1
(73, 14)
-> Request 2
645
(1, 2, 2)
2
(64, 76)
-> Request 3
721
(2, 3, 1)
1
(59, 33)
-> Request 4
927
(4, 1, 1)
2
(46, 66)
-> Request 5
1043
(3, 3, 2)
3
(7, 78)
-> Request 6
1107
(4, 2, 2)
2
(64, 70)
-> Request 7
1354
(3, 1, 1)
1
(64, 46)
--> Day : 3
-> Request 0
132
(3, 3, 1)
3
(21, 23)
-> Request 1
276
(1, 2, 1)
3
(29, 28)
-> Request 2
702
(1, 3, 1)
2
(38, 32)
-> Request 3
978
(1, 2, 1)
2
(44, 56)
-> Request 4
1011
(3, 3, 2)
1
(59, 37)
-> Request 5
1346
(1, 2, 2)
1
(62, 2)
-> Request 6
1417
(3, 2, 2)
3
(47, 71)
--> Day : 4
-> Request 0
434
(3, 3, 1)
2
(8, 10)
-> Request 1
464
(3, 2, 2)
1
(1, 1)
-> Request 2
543
(3, 3, 1)
2
(35, 74)
-> Request 3
595
(4, 1, 2)
1
(46, 79)
-> Request 4
698
(2, 1, 2)
3
(71, 53)
-> Request 5
979
(1, 2, 1)
1
(19, 4)
-> Request 6
1300
(2, 1, 1)
3
(41, 35)
---> Week : 39
--> Day : 0
-> Request 0
43
(2, 3, 1)
1
(46, 27)
-> Request 1
48
(4, 1, 2)
2
(37, 43)
-> Request 2
221
(1, 3, 2)
2
(31, 30)
-> Request 3
226
(4, 1, 1)
2
(27, 68)
-> Request 4
284
(1, 1, 2)
3
(64, 18)
-> Request 5
350
(2, 1, 2)
1
(25, 72)
-> Request 6
427
(2, 3, 1)
1
(22, 66)
-> Request 7
518
(3, 1, 2)
3
(10, 14)
-> Request 8
623
(1, 1, 1)
2
(7, 16)
-> Request 9
785
(1, 1, 1)
3
(49, 10)
-> Request 10
1044
(1, 1, 2)
1
(48, 58)
-> Request 11
1156
(1, 1, 2)
1
(7, 59)
-> Request 12
1237
(1, 2, 2)
1
(73, 17)
-> Request 13
1367
(4, 3, 1)
1
(68, 14)
-> Request 14
1391
(2, 1, 2)
1
(54, 36)
--> Day : 1
-> Request 0
37
(1, 3, 2)
3
(35, 53)
-> Request 1
170
(4, 2, 1)
1
(49, 31)
-> Request 2
347
(3, 3, 1)
3
(23, 36)
-> Request 3
507
(2, 2, 1)
1
(8, 6)
-> Request 4
1008
(2, 3, 1)
2
(66, 64)
-> Request 5
1091
(1, 1, 1)
2
(48, 25)
-> Request 6
1247
(2, 3, 2)
3
(65, 18)
-> Request 7
1255
(2, 3, 1)
2
(75, 48)
-> Request 8
1281
(4, 3, 2)
1
(23, 29)
--> Day : 2
-> Request 0
336
(4, 3, 1)
3
(46, 23)
-> Request 1
371
(2, 3, 2)
1
(20, 71)
-> Request 2
377
(4, 3, 2)
2
(50, 22)
-> Request 3
466
(1, 1, 2)
3
(22, 13)
-> Request 4
729
(3, 1, 1)
3
(11, 40)
-> Request 5
822
(3, 3, 1)
2
(12, 52)
-> Request 6
1213
(3, 2, 1)
2
(30, 8)
-> Request 7
1271
(2, 2, 1)
1
(48, 16)
-> Request 8
1301
(4, 2, 1)
1
(77, 37)
-> Request 9
1325
(3, 1, 2)
2
(70, 62)
-> Request 10
1336
(3, 2, 1)
3
(32, 79)
--> Day : 3
-> Request 0
13
(1, 3, 1)
1
(39, 29)
-> Request 1
188
(1, 1, 1)
1
(33, 16)
-> Request 2
436
(3, 1, 2)
2
(34, 48)
-> Request 3
647
(1, 2, 1)
1
(0, 6)
-> Request 4
726
(3, 3, 1)
3
(54, 56)
-> Request 5
736
(4, 1, 1)
2
(65, 27)
-> Request 6
1431
(3, 2, 1)
2
(39, 15)
--> Day : 4
-> Request 0
185
(3, 3, 2)
2
(40, 21)
-> Request 1
289
(2, 1, 1)
1
(0, 50)
-> Request 2
410
(3, 1, 1)
3
(13, 60)
-> Request 3
748
(2, 3, 2)
1
(24, 5)
-> Request 4
1012
(1, 3, 1)
1
(43, 43)
-> Request 5
1038
(1, 1, 1)
1
(16, 71)
-> Request 6
1128
(2, 2, 2)
3
(1, 10)
-> Request 7
1201
(2, 3, 1)
3
(73, 74)
-> Request 8
1291
(2, 3, 2)
3
(25, 65)
-> Request 9
1329
(1, 3, 2)
3
(58, 29)
-> Request 10
1354
(4, 2, 2)
1
(0, 18)
---> Week : 40
--> Day : 0
-> Request 0
14
(4, 2, 2)
2
(54, 54)
-> Request 1
187
(2, 1, 1)
1
(43, 1)
-> Request 2
322
(3, 1, 1)
1
(43, 8)
-> Request 3
370
(3, 3, 1)
2
(11, 35)
-> Request 4
576
(1, 1, 1)
2
(65, 58)
-> Request 5
643
(4, 2, 2)
3
(65, 10)
-> Request 6
725
(4, 3, 2)
2
(60, 7)
-> Request 7
872
(2, 2, 2)
3
(41, 38)
-> Request 8
1293
(3, 2, 2)
2
(58, 59)
--> Day : 1
-> Request 0
127
(4, 2, 2)
3
(54, 55)
-> Request 1
207
(1, 2, 1)
2
(49, 75)
-> Request 2
269
(3, 2, 2)
2
(22, 45)
-> Request 3
640
(1, 1, 2)
1
(20, 59)
-> Request 4
719
(2, 3, 1)
3
(5, 74)
-> Request 5
1050
(4, 1, 1)
3
(16, 72)
-> Request 6
1125
(1, 2, 2)
1
(58, 3)
-> Request 7
1155
(1, 3, 2)
3
(74, 30)
--> Day : 2
-> Request 0
90
(3, 1, 1)
1
(47, 12)
-> Request 1
95
(1, 3, 1)
2
(15, 8)
-> Request 2
281
(1, 1, 1)
2
(24, 60)
-> Request 3
416
(3, 2, 1)
3
(50, 3)
-> Request 4
698
(3, 2, 1)
2
(8, 43)
-> Request 5
802
(2, 1, 1)
1
(0, 30)
-> Request 6
998
(1, 2, 2)
1
(40, 67)
-> Request 7
1141
(1, 2, 1)
1
(69, 12)
-> Request 8
1186
(2, 1, 1)
2
(28, 10)
-> Request 9
1353
(3, 2, 2)
1
(68, 14)
-> Request 10
1380
(2, 1, 1)
1
(38, 24)
--> Day : 3
-> Request 0
19
(3, 1, 1)
2
(75, 75)
-> Request 1
80
(1, 3, 1)
2
(47, 43)
-> Request 2
119
(3, 1, 1)
2
(43, 33)
-> Request 3
343
(4, 1, 1)
3
(70, 67)
-> Request 4
399
(4, 3, 2)
3
(1, 6)
-> Request 5
523
(2, 2, 1)
2
(38, 36)
-> Request 6
653
(2, 2, 2)
1
(54, 37)
-> Request 7
800
(1, 2, 1)
1
(56, 70)
-> Request 8
995
(4, 2, 1)
3
(2, 43)
--> Day : 4
-> Request 0
2
(1, 2, 2)
2
(47, 11)
-> Request 1
198
(2, 1, 1)
1
(51, 27)
-> Request 2
440
(3, 1, 2)
1
(22, 47)
-> Request 3
629
(2, 3, 1)
2
(30, 56)
-> Request 4
1137
(2, 3, 1)
3
(30, 48)
-> Request 5
1139
(4, 3, 2)
3
(8, 78)
-> Request 6
1379
(1, 3, 2)
1
(71, 17)
-> Request 7
1407
(3, 3, 1)
1
(39, 30)
---> Week : 41
--> Day : 0
-> Request 0
44
(3, 3, 2)
3
(35, 40)
-> Request 1
314
(4, 3, 2)
3
(44, 10)
-> Request 2
386
(4, 2, 2)
3
(4, 59)
-> Request 3
416
(4, 3, 1)
2
(1, 76)
-> Request 4
441
(4, 2, 1)
1
(72, 42)
-> Request 5
504
(3, 1, 1)
2
(45, 24)
-> Request 6
504
(3, 2, 2)
2
(61, 76)
-> Request 7
614
(2, 3, 2)
1
(1, 26)
-> Request 8
646
(2, 2, 1)
1
(60, 24)
-> Request 9
1041
(1, 2, 2)
2
(7, 24)
-> Request 10
1321
(4, 3, 2)
3
(64, 70)
-> Request 11
1363
(4, 1, 1)
1
(38, 13)
--> Day : 1
-> Request 0
71
(4, 1, 1)
2
(45, 44)
-> Request 1
251
(2, 1, 2)
1
(16, 56)
-> Request 2
417
(1, 3, 1)
1
(38, 65)
-> Request 3
586
(4, 2, 1)
3
(20, 35)
-> Request 4
766
(2, 2, 1)
3
(79, 49)
-> Request 5
970
(4, 3, 2)
1
(6, 69)
-> Request 6
1167
(1, 1, 1)
2
(24, 63)
-> Request 7
1225
(1, 2, 1)
2
(32, 54)
-> Request 8
1344
(4, 3, 1)
3
(32, 17)
-> Request 9
1428
(4, 2, 1)
3
(30, 47)
--> Day : 2
-> Request 0
162
(2, 2, 2)
3
(49, 54)
-> Request 1
212
(2, 1, 2)
3
(17, 43)
-> Request 2
292
(4, 1, 1)
3
(67, 71)
-> Request 3
308
(2, 3, 1)
1
(20, 14)
-> Request 4
402
(3, 1, 2)
1
(26, 48)
-> Request 5
418
(2, 3, 1)
1
(24, 16)
-> Request 6
572
(3, 1, 2)
3
(70, 10)
-> Request 7
1036
(4, 1, 2)
1
(76, 47)
-> Request 8
1096
(3, 3, 1)
3
(9, 45)
-> Request 9
1223
(2, 3, 1)
1
(58, 49)
-> Request 10
1274
(2, 2, 1)
1
(45, 20)
-> Request 11
1336
(2, 2, 2)
3
(66, 77)
-> Request 12
1383
(4, 3, 2)
2
(6, 45)
-> Request 13
1417
(1, 3, 1)
2
(53, 17)
--> Day : 3
-> Request 0
373
(1, 1, 2)
1
(51, 22)
-> Request 1
416
(2, 3, 1)
3
(46, 31)
-> Request 2
641
(2, 2, 2)
3
(46, 66)
-> Request 3
729
(3, 1, 1)
2
(60, 77)
-> Request 4
762
(1, 1, 1)
2
(7, 44)
-> Request 5
939
(4, 1, 2)
1
(0, 75)
-> Request 6
944
(2, 2, 2)
2
(47, 22)
-> Request 7
1032
(1, 2, 2)
1
(30, 7)
-> Request 8
1165
(4, 1, 2)
3
(43, 29)
-> Request 9
1418
(4, 1, 2)
2
(19, 0)
--> Day : 4
-> Request 0
20
(4, 3, 1)
3
(39, 45)
-> Request 1
298
(1, 1, 2)
1
(33, 69)
-> Request 2
371
(2, 1, 1)
1
(68, 46)
-> Request 3
378
(2, 2, 2)
2
(11, 24)
-> Request 4
513
(1, 3, 2)
1
(72, 12)
-> Request 5
679
(2, 3, 1)
1
(30, 60)
-> Request 6
730
(1, 1, 2)
1
(46, 50)
-> Request 7
988
(4, 1, 2)
2
(64, 40)
-> Request 8
1034
(4, 2, 1)
1
(8, 72)
-> Request 9
1065
(2, 3, 1)
2
(4, 6)
-> Request 10
1137
(1, 2, 2)
2
(39, 4)
-> Request 11
1158
(1, 2, 1)
2
(13, 60)
-> Request 12
1184
(4, 3, 1)
3
(5, 42)
---> Week : 42
--> Day : 0
-> Request 0
14
(4, 2, 1)
1
(25, 57)
-> Request 1
31
(4, 2, 1)
3
(25, 54)
-> Request 2
210
(4, 1, 2)
2
(38, 17)
-> Request 3
244
(1, 2, 1)
1
(19, 27)
-> Request 4
283
(1, 2, 1)
3
(76, 70)
-> Request 5
309
(4, 1, 1)
1
(45, 35)
-> Request 6
667
(3, 3, 1)
1
(51, 61)
-> Request 7
763
(2, 1, 2)
2
(38, 18)
-> Request 8
860
(3, 2, 2)
2
(46, 40)
-> Request 9
1017
(4, 3, 1)
1
(12, 70)
-> Request 10
1025
(1, 2, 2)
3
(65, 62)
-> Request 11
1112
(4, 3, 1)
1
(30, 13)
-> Request 12
1112
(4, 3, 1)
3
(19, 36)
-> Request 13
1193
(3, 3, 2)
3
(60, 34)
-> Request 14
1324
(2, 2, 2)
3
(21, 51)
--> Day : 1
-> Request 0
895
(1, 3, 2)
1
(0, 16)
-> Request 1
1161
(1, 3, 1)
2
(55, 38)
--> Day : 2
-> Request 0
67
(1, 1, 2)
1
(18, 70)
-> Request 1
298
(1, 1, 1)
3
(17, 60)
-> Request 2
298
(4, 1, 2)
2
(68, 3)
-> Request 3
344
(4, 2, 1)
1
(15, 68)
-> Request 4
558
(2, 3, 2)
1
(56, 69)
-> Request 5
1204
(3, 3, 2)
3
(2, 52)
-> Request 6
1229
(1, 3, 1)
3
(26, 59)
-> Request 7
1317
(3, 2, 1)
2
(10, 19)
--> Day : 3
-> Request 0
94
(1, 1, 1)
1
(29, 4)
-> Request 1
565
(2, 1, 1)
1
(73, 79)
-> Request 2
661
(2, 2, 2)
3
(25, 21)
-> Request 3
813
(4, 2, 2)
3
(41, 29)
-> Request 4
911
(2, 1, 2)
2
(7, 39)
-> Request 5
1118
(1, 3, 2)
1
(45, 8)
-> Request 6
1220
(4, 3, 2)
2
(48, 42)
-> Request 7
1339
(3, 1, 2)
3
(53, 5)
-> Request 8
1371
(4, 1, 2)
1
(35, 3)
--> Day : 4
-> Request 0
778
(4, 2, 1)
3
(33, 46)
-> Request 1
1041
(3, 2, 2)
1
(54, 68)
-> Request 2
1178
(1, 2, 2)
3
(51, 26)
-> Request 3
1230
(1, 2, 2)
2
(13, 57)
-> Request 4
1397
(2, 1, 2)
2
(21, 60)
-> Request 5
1425
(2, 2, 1)
1
(12, 68)
---> Week : 43
--> Day : 0
-> Request 0
158
(4, 3, 2)
3
(46, 73)
-> Request 1
289
(4, 3, 1)
3
(31, 78)
-> Request 2
298
(3, 1, 2)
2
(30, 75)
-> Request 3
322
(1, 3, 1)
2
(30, 53)
-> Request 4
523
(2, 3, 1)
1
(54, 23)
-> Request 5
523
(4, 3, 1)
3
(67, 18)
-> Request 6
571
(1, 1, 2)
1
(77, 26)
-> Request 7
839
(1, 3, 1)
1
(53, 74)
-> Request 8
862
(1, 3, 2)
2
(16, 56)
-> Request 9
887
(4, 1, 2)
3
(13, 37)
-> Request 10
1220
(2, 1, 1)
1
(35, 62)
-> Request 11
1225
(1, 2, 2)
1
(14, 62)
--> Day : 1
-> Request 0
13
(1, 3, 2)
2
(78, 79)
-> Request 1
79
(4, 2, 1)
1
(59, 41)
-> Request 2
129
(4, 2, 2)
1
(55, 6)
-> Request 3
293
(2, 3, 1)
3
(15, 9)
-> Request 4
342
(1, 2, 1)
1
(6, 65)
-> Request 5
703
(1, 2, 1)
1
(44, 70)
-> Request 6
730
(2, 1, 1)
2
(45, 12)
-> Request 7
747
(4, 2, 2)
2
(64, 72)
-> Request 8
915
(2, 3, 1)
1
(0, 26)
-> Request 9
1023
(1, 3, 2)
1
(79, 33)
-> Request 10
1161
(1, 2, 1)
3
(72, 39)
-> Request 11
1426
(4, 3, 1)
2
(39, 63)
--> Day : 2
-> Request 0
247
(3, 1, 1)
3
(45, 59)
-> Request 1
420
(1, 2, 1)
3
(13, 22)
-> Request 2
702
(1, 2, 2)
3
(71, 52)
-> Request 3
1046
(2, 2, 1)
3
(70, 21)
-> Request 4
1187
(2, 3, 1)
2
(60, 20)
--> Day : 3
-> Request 0
156
(1, 1, 2)
2
(43, 40)
-> Request 1
232
(3, 1, 1)
3
(61, 46)
-> Request 2
232
(2, 1, 2)
1
(44, 5)
-> Request 3
364
(3, 1, 1)
1
(61, 28)
-> Request 4
488
(4, 2, 1)
2
(66, 38)
-> Request 5
655
(1, 2, 2)
2
(77, 34)
-> Request 6
867
(1, 2, 1)
1
(29, 68)
-> Request 7
1104
(2, 1, 2)
3
(55, 19)
-> Request 8
1167
(1, 1, 2)
2
(64, 36)
-> Request 9
1254
(3, 2, 1)
1
(38, 30)
--> Day : 4
-> Request 0
120
(1, 3, 2)
1
(43, 16)
-> Request 1
148
(2, 2, 1)
1
(39, 74)
-> Request 2
313
(1, 1, 2)
1
(19, 8)
-> Request 3
329
(4, 2, 2)
3
(58, 3)
-> Request 4
641
(4, 3, 1)
2
(43, 0)
-> Request 5
650
(3, 2, 2)
1
(67, 50)
-> Request 6
811
(4, 3, 1)
2
(57, 33)
-> Request 7
841
(1, 1, 1)
3
(25, 1)
-> Request 8
1218
(3, 2, 1)
2
(57, 36)
---> Week : 44
--> Day : 0
-> Request 0
317
(2, 3, 1)
2
(78, 69)
-> Request 1
396
(1, 2, 1)
2
(7, 60)
-> Request 2
589
(1, 3, 2)
2
(29, 72)
-> Request 3
694
(1, 3, 2)
2
(24, 15)
-> Request 4
831
(4, 1, 2)
2
(19, 4)
-> Request 5
1023
(4, 3, 2)
1
(48, 2)
-> Request 6
1132
(1, 3, 1)
2
(15, 46)
-> Request 7
1253
(4, 2, 1)
2
(19, 31)
-> Request 8
1345
(2, 2, 1)
3
(46, 77)
--> Day : 1
-> Request 0
31
(1, 3, 2)
3
(67, 7)
-> Request 1
45
(4, 3, 1)
3
(51, 51)
-> Request 2
169
(3, 1, 2)
1
(24, 10)
-> Request 3
359
(3, 3, 2)
1
(30, 65)
-> Request 4
591
(2, 3, 1)
2
(58, 2)
-> Request 5
1084
(3, 1, 1)
1
(21, 67)
-> Request 6
1101
(3, 3, 1)
2
(26, 50)
-> Request 7
1278
(4, 3, 1)
3
(77, 30)
--> Day : 2
-> Request 0
28
(2, 1, 2)
1
(70, 1)
-> Request 1
52
(1, 1, 1)
2
(64, 69)
-> Request 2
438
(2, 1, 2)
1
(32, 16)
-> Request 3
590
(1, 1, 2)
2
(50, 76)
-> Request 4
756
(3, 1, 2)
3
(16, 68)
-> Request 5
1000
(1, 2, 2)
3
(48, 42)
-> Request 6
1089
(3, 3, 2)
2
(38, 23)
-> Request 7
1261
(4, 2, 2)
2
(27, 45)
--> Day : 3
-> Request 0
63
(1, 2, 2)
1
(64, 14)
-> Request 1
114
(3, 3, 1)
3
(61, 64)
-> Request 2
261
(2, 3, 1)
2
(44, 38)
-> Request 3
361
(1, 1, 1)
3
(70, 41)
-> Request 4
566
(2, 2, 1)
3
(8, 72)
-> Request 5
604
(1, 3, 1)
2
(54, 24)
-> Request 6
725
(1, 1, 2)
2
(56, 65)
-> Request 7
797
(1, 1, 2)
3
(55, 26)
-> Request 8
867
(4, 2, 2)
2
(71, 63)
-> Request 9
912
(2, 1, 2)
2
(8, 13)
-> Request 10
1045
(1, 2, 1)
1
(0, 9)
-> Request 11
1113
(1, 1, 1)
3
(77, 72)
-> Request 12
1178
(1, 2, 2)
2
(58, 12)
-> Request 13
1411
(2, 2, 1)
3
(27, 41)
--> Day : 4
-> Request 0
518
(3, 1, 1)
1
(27, 45)
-> Request 1
812
(4, 3, 1)
2
(9, 26)
-> Request 2
858
(1, 2, 1)
2
(2, 38)
-> Request 3
1035
(1, 1, 2)
2
(42, 52)
-> Request 4
1070
(1, 2, 1)
1
(62, 49)
-> Request 5
1101
(4, 1, 2)
3
(42, 23)
-> Request 6
1252
(1, 3, 1)
1
(44, 46)
-> Request 7
1304
(2, 2, 1)
1
(64, 12)
-> Request 8
1368
(1, 2, 2)
1
(74, 39)
---> Week : 45
--> Day : 0
-> Request 0
28
(4, 1, 2)
2
(38, 45)
-> Request 1
57
(4, 2, 1)
2
(74, 19)
-> Request 2
80
(3, 1, 1)
2
(50, 77)
-> Request 3
92
(2, 3, 1)
3
(61, 70)
-> Request 4
381
(1, 2, 1)
3
(66, 9)
-> Request 5
599
(2, 2, 1)
2
(73, 65)
-> Request 6
957
(4, 1, 2)
1
(68, 8)
-> Request 7
1054
(4, 3, 2)
1
(16, 52)
-> Request 8
1064
(2, 3, 2)
3
(77, 55)
-> Request 9
1070
(2, 2, 1)
1
(35, 3)
-> Request 10
1230
(3, 1, 1)
3
(58, 40)
-> Request 11
1330
(2, 2, 2)
3
(79, 62)
--> Day : 1
-> Request 0
521
(1, 2, 2)
1
(7, 34)
-> Request 1
563
(1, 1, 1)
2
(21, 49)
-> Request 2
570
(2, 3, 2)
3
(53, 25)
-> Request 3
599
(4, 2, 1)
3
(57, 29)
-> Request 4
686
(3, 1, 1)
3
(41, 61)
-> Request 5
833
(1, 1, 1)
2
(45, 41)
-> Request 6
1005
(4, 2, 2)
3
(33, 43)
-> Request 7
1166
(3, 2, 2)
2
(42, 49)
-> Request 8
1248
(1, 1, 2)
1
(24, 73)
-> Request 9
1344
(2, 3, 2)
1
(13, 79)
--> Day : 2
-> Request 0
339
(4, 1, 1)
3
(42, 43)
-> Request 1
456
(4, 1, 1)
3
(56, 27)
-> Request 2
710
(3, 3, 1)
1
(40, 35)
-> Request 3
803
(1, 2, 1)
1
(27, 51)
-> Request 4
1090
(3, 3, 1)
1
(6, 79)
-> Request 5
1204
(3, 3, 1)
2
(30, 45)
-> Request 6
1260
(3, 1, 2)
2
(27, 39)
-> Request 7
1349
(3, 3, 2)
3
(2, 13)
--> Day : 3
-> Request 0
4
(2, 3, 2)
1
(78, 65)
-> Request 1
65
(2, 3, 1)
2
(24, 70)
-> Request 2
190
(3, 1, 1)
2
(9, 54)
-> Request 3
613
(1, 2, 2)
1
(69, 23)
-> Request 4
643
(3, 1, 2)
3
(9, 41)
-> Request 5
669
(1, 2, 2)
3
(35, 7)
-> Request 6
1290
(3, 2, 1)
3
(54, 22)
--> Day : 4
-> Request 0
195
(4, 1, 1)
2
(14, 33)
-> Request 1
221
(3, 2, 1)
1
(32, 77)
-> Request 2
246
(1, 2, 2)
1
(53, 26)
-> Request 3
435
(3, 2, 1)
1
(29, 10)
-> Request 4
932
(1, 3, 1)
1
(1, 17)
-> Request 5
1116
(1, 2, 1)
1
(10, 37)
---> Week : 46
--> Day : 0
-> Request 0
117
(3, 1, 1)
1
(54, 30)
-> Request 1
264
(2, 3, 2)
2
(16, 15)
-> Request 2
347
(3, 2, 2)
1
(68, 48)
-> Request 3
459
(2, 2, 2)
3
(77, 54)
-> Request 4
512
(4, 1, 2)
1
(39, 40)
-> Request 5
978
(1, 3, 2)
3
(57, 1)
-> Request 6
1320
(3, 1, 2)
3
(1, 51)
--> Day : 1
-> Request 0
312
(3, 2, 2)
1
(4, 37)
-> Request 1
363
(1, 1, 2)
3
(49, 70)
-> Request 2
951
(1, 3, 2)
3
(34, 2)
-> Request 3
1048
(3, 3, 2)
2
(37, 17)
-> Request 4
1304
(2, 3, 1)
2
(57, 78)
--> Day : 2
-> Request 0
109
(2, 1, 1)
3
(9, 16)
-> Request 1
185
(3, 3, 2)
2
(1, 3)
-> Request 2
581
(1, 1, 1)
1
(13, 23)
-> Request 3
725
(2, 3, 1)
3
(6, 56)
-> Request 4
745
(2, 3, 2)
1
(47, 60)
-> Request 5
972
(1, 1, 1)
1
(23, 79)
-> Request 6
1032
(1, 3, 1)
1
(39, 39)
-> Request 7
1251
(4, 3, 1)
3
(14, 36)
-> Request 8
1387
(3, 2, 1)
2
(20, 46)
--> Day : 3
-> Request 0
20
(2, 1, 1)
2
(64, 72)
-> Request 1
269
(1, 3, 2)
3
(40, 50)
-> Request 2
654
(1, 2, 1)
3
(75, 47)
-> Request 3
1196
(1, 3, 1)
1
(14, 23)
-> Request 4
1417
(1, 1, 2)
2
(15, 29)
--> Day : 4
-> Request 0
183
(2, 1, 2)
1
(66, 21)
-> Request 1
363
(2, 3, 1)
2
(66, 59)
-> Request 2
417
(2, 3, 2)
3
(24, 5)
-> Request 3
441
(3, 2, 2)
3
(45, 44)
-> Request 4
495
(2, 2, 1)
3
(7, 56)
-> Request 5
535
(2, 2, 1)
3
(9, 30)
-> Request 6
776
(1, 1, 1)
3
(24, 28)
-> Request 7
804
(1, 3, 2)
2
(5, 22)
-> Request 8
1413
(1, 1, 1)
2
(2, 70)
---> Week : 47
--> Day : 0
-> Request 0
55
(2, 1, 2)
1
(56, 15)
-> Request 1
175
(4, 1, 1)
1
(75, 33)
-> Request 2
324
(3, 1, 2)
3
(43, 63)
-> Request 3
655
(2, 3, 1)
2
(42, 1)
--> Day : 1
-> Request 0
330
(3, 3, 2)
1
(61, 45)
-> Request 1
618
(1, 2, 1)
1
(24, 14)
-> Request 2
710
(2, 3, 2)
3
(74, 24)
-> Request 3
954
(4, 1, 2)
3
(20, 29)
-> Request 4
1010
(4, 2, 1)
1
(22, 72)
-> Request 5
1183
(2, 1, 1)
1
(71, 61)
-> Request 6
1348
(3, 1, 2)
1
(8, 24)
--> Day : 2
-> Request 0
44
(1, 2, 2)
1
(14, 16)
-> Request 1
297
(2, 2, 2)
3
(71, 51)
-> Request 2
415
(2, 3, 2)
2
(56, 21)
-> Request 3
507
(4, 3, 2)
3
(60, 45)
-> Request 4
533
(4, 2, 1)
1
(52, 79)
-> Request 5
599
(1, 3, 2)
2
(49, 13)
-> Request 6
991
(1, 2, 1)
2
(79, 35)
-> Request 7
1144
(3, 2, 2)
2
(71, 28)
-> Request 8
1274
(1, 3, 2)
3
(28, 78)
--> Day : 3
-> Request 0
66
(3, 3, 2)
2
(74, 31)
-> Request 1
187
(1, 1, 2)
1
(39, 1)
-> Request 2
369
(4, 1, 1)
3
(36, 78)
-> Request 3
422
(4, 3, 2)
1
(45, 65)
-> Request 4
665
(4, 2, 1)
3
(71, 48)
-> Request 5
759
(2, 3, 2)
1
(20, 32)
-> Request 6
1042
(2, 2, 1)
2
(10, 8)
-> Request 7
1067
(1, 3, 2)
2
(5, 21)
-> Request 8
1159
(2, 2, 1)
2
(70, 37)
-> Request 9
1174
(2, 2, 2)
2
(6, 27)
-> Request 10
1190
(4, 3, 1)
3
(0, 49)
-> Request 11
1253
(3, 3, 2)
1
(61, 17)
-> Request 12
1387
(3, 3, 1)
2
(39, 65)
-> Request 13
1423
(2, 3, 1)
1
(6, 13)
--> Day : 4
-> Request 0
146
(1, 2, 1)
3
(61, 51)
-> Request 1
217
(1, 1, 1)
1
(68, 35)
-> Request 2
371
(3, 2, 2)
2
(26, 32)
-> Request 3
474
(3, 1, 1)
1
(24, 45)
-> Request 4
600
(3, 2, 1)
1
(40, 69)
-> Request 5
611
(1, 2, 1)
1
(58, 47)
-> Request 6
837
(2, 1, 2)
3
(38, 12)
-> Request 7
898
(1, 1, 1)
2
(17, 62)
-> Request 8
1142
(3, 3, 2)
3
(31, 31)
-> Request 9
1271
(4, 1, 2)
2
(73, 71)
-> Request 10
1303
(2, 1, 2)
2
(61, 69)
---> Week : 48
--> Day : 0
-> Request 0
156
(2, 3, 2)
2
(55, 66)
-> Request 1
410
(1, 1, 1)
3
(23, 70)
-> Request 2
876
(1, 2, 1)
1
(50, 1)
-> Request 3
961
(2, 1, 1)
2
(40, 73)
-> Request 4
1029
(4, 2, 2)
3
(74, 3)
-> Request 5
1068
(3, 2, 2)
3
(72, 75)
-> Request 6
1093
(2, 1, 1)
3
(7, 71)
-> Request 7
1213
(4, 2, 1)
1
(17, 44)
-> Request 8
1310
(3, 2, 2)
2
(17, 11)
--> Day : 1
-> Request 0
57
(2, 2, 1)
3
(71, 16)
-> Request 1
168
(4, 3, 1)
1
(31, 71)
-> Request 2
470
(1, 3, 1)
2
(50, 14)
-> Request 3
850
(2, 1, 1)
2
(36, 38)
-> Request 4
876
(4, 2, 1)
3
(21, 3)
-> Request 5
1093
(2, 1, 1)
3
(41, 70)
-> Request 6
1109
(3, 1, 2)
2
(32, 10)
-> Request 7
1321
(2, 1, 2)
3
(36, 36)
--> Day : 2
-> Request 0
26
(1, 1, 2)
1
(10, 45)
-> Request 1
188
(1, 1, 2)
3
(62, 41)
-> Request 2
437
(4, 2, 1)
1
(58, 49)
-> Request 3
629
(4, 1, 1)
1
(42, 19)
-> Request 4
726
(3, 3, 2)
3
(64, 39)
-> Request 5
767
(2, 1, 2)
2
(22, 47)
-> Request 6
1308
(2, 3, 1)
3
(21, 70)
--> Day : 3
-> Request 0
62
(1, 2, 2)
1
(67, 17)
-> Request 1
75
(2, 2, 1)
3
(5, 76)
-> Request 2
125
(1, 1, 1)
2
(37, 4)
-> Request 3
226
(3, 2, 1)
3
(37, 64)
-> Request 4
289
(1, 3, 2)
2
(17, 55)
-> Request 5
321
(1, 1, 2)
1
(74, 61)
-> Request 6
496
(3, 3, 1)
3
(78, 78)
-> Request 7
652
(2, 3, 1)
3
(69, 1)
-> Request 8
868
(4, 3, 1)
2
(46, 71)
-> Request 9
942
(1, 3, 1)
3
(50, 36)
-> Request 10
1025
(1, 1, 2)
3
(76, 20)
-> Request 11
1437
(2, 3, 2)
2
(61, 36)
--> Day : 4
-> Request 0
12
(1, 1, 1)
1
(25, 31)
-> Request 1
14
(2, 3, 2)
1
(34, 77)
-> Request 2
29
(1, 2, 1)
1
(37, 48)
-> Request 3
526
(2, 3, 2)
2
(29, 1)
-> Request 4
529
(3, 1, 1)
1
(46, 2)
-> Request 5
997
(2, 2, 2)
1
(1, 46)
-> Request 6
1010
(2, 2, 2)
2
(46, 71)
-> Request 7
1202
(3, 3, 1)
1
(6, 75)
-> Request 8
1211
(2, 2, 1)
1
(74, 27)
-> Request 9
1275
(1, 1, 1)
2
(36, 74)
-> Request 10
1424
(2, 1, 2)
3
(62, 22)
---> Week : 49
--> Day : 0
-> Request 0
118
(4, 1, 1)
3
(0, 60)
-> Request 1
293
(1, 2, 1)
3
(7, 64)
-> Request 2
511
(4, 1, 1)
2
(60, 10)
-> Request 3
867
(1, 3, 2)
3
(54, 8)
--> Day : 1
-> Request 0
189
(4, 2, 1)
1
(2, 34)
-> Request 1
541
(2, 2, 2)
1
(45, 4)
-> Request 2
547
(4, 2, 1)
2
(65, 13)
-> Request 3
693
(2, 2, 1)
2
(22, 52)
-> Request 4
768
(2, 3, 2)
1
(62, 32)
-> Request 5
854
(4, 3, 1)
1
(13, 22)
-> Request 6
1178
(3, 1, 2)
3
(20, 69)
-> Request 7
1233
(2, 2, 1)
1
(17, 39)
-> Request 8
1322
(4, 2, 2)
2
(5, 14)
-> Request 9
1374
(1, 3, 2)
3
(28, 64)
-> Request 10
1391
(4, 1, 1)
1
(22, 17)
-> Request 11
1424
(2, 2, 1)
2
(57, 15)
--> Day : 2
-> Request 0
42
(1, 2, 2)
1
(43, 9)
-> Request 1
219
(2, 1, 1)
3
(54, 7)
-> Request 2
450
(4, 3, 1)
3
(73, 31)
-> Request 3
675
(2, 2, 1)
3
(65, 5)
-> Request 4
702
(3, 1, 1)
2
(50, 34)
-> Request 5
732
(1, 2, 2)
3
(13, 56)
-> Request 6
770
(1, 2, 1)
1
(48, 51)
--> Day : 3
-> Request 0
152
(3, 2, 1)
3
(63, 52)
-> Request 1
295
(1, 1, 1)
3
(9, 62)
-> Request 2
626
(1, 2, 2)
1
(13, 77)
-> Request 3
651
(2, 2, 2)
3
(39, 20)
-> Request 4
699
(1, 1, 1)
2
(76, 22)
-> Request 5
730
(2, 3, 2)
2
(21, 47)
-> Request 6
808
(3, 2, 1)
3
(15, 45)
-> Request 7
883
(1, 3, 2)
3
(37, 23)
-> Request 8
994
(2, 1, 1)
3
(4, 53)
-> Request 9
1034
(3, 1, 2)
2
(67, 4)
-> Request 10
1113
(3, 3, 2)
2
(72, 17)
-> Request 11
1121
(4, 3, 2)
1
(45, 66)
--> Day : 4
-> Request 0
83
(3, 3, 2)
2
(42, 28)
-> Request 1
98
(3, 3, 1)
2
(44, 45)
-> Request 2
204
(1, 3, 1)
1
(68, 22)
-> Request 3
222
(1, 1, 1)
1
(58, 68)
-> Request 4
1141
(2, 1, 1)
2
(22, 45)
-> Request 5
1407
(1, 1, 1)
1
(13, 78)
---> Week : 50
--> Day : 0
-> Request 0
69
(4, 3, 1)
2
(55, 70)
-> Request 1
446
(1, 1, 1)
2
(30, 67)
-> Request 2
447
(2, 2, 2)
2
(61, 74)
-> Request 3
687
(2, 2, 1)
1
(0, 59)
-> Request 4
770
(1, 3, 2)
3
(64, 4)
-> Request 5
797
(1, 3, 2)
3
(39, 67)
-> Request 6
853
(1, 3, 1)
3
(1, 66)
-> Request 7
892
(3, 3, 2)
2
(18, 34)
-> Request 8
1014
(2, 1, 1)
3
(45, 41)
-> Request 9
1192
(2, 2, 2)
1
(6, 47)
-> Request 10
1299
(4, 1, 1)
1
(73, 56)
--> Day : 1
-> Request 0
346
(3, 2, 2)
2
(32, 76)
-> Request 1
399
(4, 3, 1)
3
(11, 42)
-> Request 2
618
(2, 3, 1)
3
(55, 68)
-> Request 3
699
(1, 3, 2)
1
(67, 30)
-> Request 4
858
(3, 1, 2)
3
(76, 44)
-> Request 5
858
(2, 1, 2)
2
(68, 4)
-> Request 6
929
(4, 1, 1)
2
(17, 59)
-> Request 7
1237
(4, 1, 2)
1
(35, 75)
--> Day : 2
-> Request 0
10
(1, 3, 2)
2
(69, 79)
-> Request 1
92
(3, 3, 2)
1
(44, 12)
-> Request 2
127
(3, 3, 1)
3
(52, 35)
-> Request 3
177
(2, 1, 2)
2
(22, 47)
-> Request 4
242
(3, 2, 2)
1
(35, 16)
-> Request 5
603
(1, 2, 2)
1
(44, 3)
-> Request 6
1295
(1, 3, 2)
3
(29, 35)
-> Request 7
1295
(2, 2, 2)
1
(41, 26)
--> Day : 3
-> Request 0
4
(4, 1, 1)
1
(75, 10)
-> Request 1
15
(1, 2, 2)
1
(76, 52)
-> Request 2
67
(1, 2, 2)
2
(32, 49)
-> Request 3
392
(3, 2, 1)
2
(39, 11)
-> Request 4
513
(1, 2, 1)
1
(2, 46)
-> Request 5
554
(3, 1, 2)
1
(51, 34)
-> Request 6
686
(3, 1, 1)
2
(74, 40)
-> Request 7
884
(1, 2, 1)
2
(26, 35)
-> Request 8
926
(1, 3, 2)
2
(63, 54)
-> Request 9
966
(2, 1, 2)
3
(58, 74)
--> Day : 4
-> Request 0
11
(4, 1, 1)
3
(16, 61)
-> Request 1
950
(3, 2, 1)
3
(62, 16)
-> Request 2
963
(3, 1, 2)
3
(18, 40)
-> Request 3
1098
(4, 2, 1)
1
(43, 1)
-> Request 4
1103
(4, 3, 1)
2
(55, 30)
-> Request 5
1394
(4, 3, 1)
3
(52, 55)
---> Week : 51
--> Day : 0
-> Request 0
115
(2, 1, 1)
1
(44, 15)
-> Request 1
221
(2, 2, 1)
3
(1, 57)
-> Request 2
264
(2, 3, 2)
3
(44, 76)
-> Request 3
585
(4, 1, 2)
1
(13, 5)
-> Request 4
612
(1, 1, 2)
3
(23, 70)
-> Request 5
690
(2, 3, 1)
1
(58, 2)
-> Request 6
690
(3, 2, 1)
3
(24, 30)
-> Request 7
784
(4, 3, 2)
2
(39, 45)
-> Request 8
1000
(3, 1, 1)
3
(23, 10)
-> Request 9
1022
(2, 3, 1)
3
(37, 13)
-> Request 10
1041
(1, 2, 2)
2
(8, 49)
-> Request 11
1127
(1, 1, 2)
2
(6, 48)
-> Request 12
1397
(4, 3, 2)
1
(38, 10)
--> Day : 1
-> Request 0
194
(2, 1, 1)
1
(65, 66)
-> Request 1
516
(1, 2, 2)
3
(15, 63)
-> Request 2
621
(1, 2, 2)
3
(79, 70)
-> Request 3
708
(4, 3, 1)
2
(4, 4)
-> Request 4
902
(4, 3, 1)
2
(41, 27)
-> Request 5
1020
(3, 3, 2)
1
(6, 75)
--> Day : 2
-> Request 0
127
(1, 1, 2)
1
(54, 24)
-> Request 1
200
(3, 2, 2)
1
(13, 64)
-> Request 2
287
(3, 1, 2)
1
(63, 2)
-> Request 3
300
(3, 3, 2)
2
(15, 7)
-> Request 4
481
(2, 1, 2)
1
(43, 77)
-> Request 5
707
(2, 1, 2)
1
(27, 3)
-> Request 6
847
(2, 3, 1)
3
(61, 7)
-> Request 7
889
(2, 1, 2)
3
(44, 16)
-> Request 8
928
(4, 1, 2)
2
(75, 58)
-> Request 9
1014
(2, 1, 1)
2
(67, 66)
-> Request 10
1241
(3, 1, 1)
1
(28, 58)
-> Request 11
1330
(3, 1, 1)
1
(42, 26)
-> Request 12
1340
(4, 2, 1)
1
(23, 24)
--> Day : 3
-> Request 0
256
(2, 2, 1)
1
(64, 78)
-> Request 1
1044
(2, 2, 1)
3
(13, 52)
--> Day : 4
-> Request 0
267
(4, 1, 1)
3
(62, 34)
-> Request 1
588
(1, 2, 1)
3
(14, 65)
-> Request 2
706
(3, 2, 2)
2
(79, 47)
-> Request 3
774
(1, 3, 2)
1
(14, 64)
-> Request 4
887
(1, 1, 2)
2
(67, 36)
-> Request 5
891
(1, 3, 1)
2
(30, 41)
-> Request 6
984
(4, 3, 1)
3
(77, 7)
-> Request 7
1001
(3, 1, 1)
3
(7, 29)
-> Request 8
1010
(4, 1, 1)
1
(2, 70)
-> Request 9
1157
(4, 1, 2)
2
(4, 62)
-> Request 10
1231
(3, 3, 2)
1
(69, 56)
-> Request 11
1274
(3, 2, 1)
2
(33, 56)
-> Request 12
1348
(1, 2, 2)
2
(12, 41)
-> Request 13
1354
(3, 2, 2)
3
(12, 61)
---> Week : 52
--> Day : 0
-> Request 0
44
(4, 2, 1)
3
(15, 15)
-> Request 1
65
(2, 2, 2)
3
(24, 33)
-> Request 2
172
(3, 1, 1)
1
(68, 17)
-> Request 3
257
(2, 2, 1)
3
(53, 54)
-> Request 4
617
(3, 1, 1)
1
(24, 36)
-> Request 5
872
(3, 2, 1)
2
(34, 77)
-> Request 6
876
(4, 3, 1)
2
(36, 69)
-> Request 7
1043
(1, 1, 2)
2
(58, 72)
-> Request 8
1056
(1, 3, 2)
3
(57, 48)
-> Request 9
1083
(1, 1, 1)
2
(60, 11)
-> Request 10
1244
(2, 2, 2)
1
(31, 25)
-> Request 11
1368
(1, 2, 1)
2
(48, 35)
-> Request 12
1374
(4, 1, 2)
3
(20, 11)
--> Day : 1
-> Request 0
115
(4, 2, 1)
3
(63, 2)
-> Request 1
372
(2, 3, 1)
1
(20, 17)
-> Request 2
666
(3, 2, 1)
2
(33, 7)
-> Request 3
913
(3, 3, 2)
3
(39, 14)
-> Request 4
1097
(3, 2, 2)
3
(55, 3)
-> Request 5
1103
(4, 1, 2)
2
(32, 7)
-> Request 6
1111
(3, 1, 2)
1
(64, 56)
-> Request 7
1199
(4, 2, 1)
2
(74, 66)
--> Day : 2
-> Request 0
117
(3, 3, 1)
3
(5, 8)
-> Request 1
324
(3, 3, 2)
3
(8, 58)
-> Request 2
448
(3, 2, 1)
1
(15, 17)
-> Request 3
511
(4, 1, 1)
3
(23, 54)
-> Request 4
524
(2, 1, 1)
3
(16, 0)
-> Request 5
799
(2, 1, 1)
3
(40, 8)
-> Request 6
1116
(2, 1, 1)
2
(56, 43)
-> Request 7
1178
(2, 3, 2)
2
(40, 60)
-> Request 8
1192
(2, 2, 2)
1
(65, 40)
--> Day : 3
-> Request 0
49
(1, 3, 2)
2
(63, 54)
-> Request 1
131
(4, 2, 1)
1
(29, 75)
-> Request 2
226
(1, 2, 2)
1
(33, 73)
-> Request 3
306
(3, 2, 1)
3
(62, 15)
-> Request 4
568
(3, 3, 1)
2
(31, 18)
-> Request 5
640
(4, 3, 2)
2
(62, 21)
-> Request 6
800
(2, 3, 1)
1
(70, 21)
-> Request 7
934
(1, 3, 2)
2
(60, 24)
-> Request 8
1208
(2, 1, 2)
2
(65, 57)
-> Request 9
1334
(4, 2, 2)
2
(2, 35)
-> Request 10
1376
(3, 3, 1)
3
(45, 36)
-> Request 11
1393
(2, 3, 1)
1
(50, 19)
--> Day : 4
-> Request 0
12
(4, 3, 2)
1
(49, 0)
-> Request 1
206
(1, 3, 1)
3
(45, 36)
-> Request 2
256
(3, 3, 2)
3
(71, 68)
-> Request 3
295
(1, 3, 1)
2
(17, 72)
-> Request 4
295
(4, 1, 1)
3
(47, 3)
-> Request 5
492
(4, 3, 1)
1
(46, 44)
-> Request 6
532
(1, 2, 1)
3
(26, 47)
-> Request 7
601
(1, 3, 2)
1
(6, 69)
-> Request 8
831
(3, 3, 1)
1
(32, 39)
-> Request 9
895
(3, 3, 2)
3
(61, 22)
-> Request 10
920
(3, 2, 1)
2
(63, 48)
-> Request 11
1166
(2, 2, 2)
3
(66, 12)
---> Week : 53
--> Day : 0
-> Request 0
421
(2, 1, 1)
3
(48, 63)
-> Request 1
641
(3, 3, 2)
3
(22, 0)
-> Request 2
747
(4, 3, 1)
1
(4, 63)
-> Request 3
937
(1, 1, 1)
2
(5, 58)
-> Request 4
1009
(4, 2, 2)
2
(38, 43)
-> Request 5
1123
(3, 2, 2)
3
(41, 48)
-> Request 6
1308
(2, 1, 1)
3
(78, 73)
-> Request 7
1366
(2, 3, 2)
3
(73, 21)
-> Request 8
1388
(4, 1, 1)
2
(79, 6)
-> Request 9
1390
(1, 2, 2)
1
(72, 33)
-> Request 10
1423
(4, 2, 1)
1
(71, 20)
--> Day : 1
-> Request 0
7
(2, 2, 1)
3
(3, 40)
-> Request 1
47
(4, 3, 1)
1
(76, 76)
-> Request 2
144
(4, 3, 2)
1
(63, 4)
-> Request 3
270
(3, 1, 1)
3
(7, 41)
-> Request 4
505
(2, 1, 2)
3
(8, 10)
-> Request 5
730
(3, 3, 2)
2
(40, 41)
-> Request 6
1337
(1, 2, 2)
3
(6, 4)
-> Request 7
1401
(2, 3, 1)
1
(55, 25)
--> Day : 2
-> Request 0
263
(2, 3, 1)
3
(39, 27)
-> Request 1
513
(4, 2, 2)
3
(47, 16)
-> Request 2
729
(4, 3, 2)
1
(71, 66)
-> Request 3
755
(1, 3, 1)
3
(74, 71)
-> Request 4
793
(4, 1, 2)
1
(65, 33)
-> Request 5
894
(4, 1, 1)
2
(70, 6)
-> Request 6
1139
(1, 1, 1)
1
(22, 10)
-> Request 7
1211
(2, 2, 2)
1
(43, 15)
-> Request 8
1382
(4, 3, 1)
1
(6, 3)
--> Day : 3
-> Request 0
30
(2, 2, 1)
2
(10, 67)
-> Request 1
226
(2, 1, 1)
3
(47, 17)
-> Request 2
619
(3, 1, 1)
1
(50, 46)
-> Request 3
787
(3, 3, 1)
1
(79, 76)
-> Request 4
797
(2, 3, 1)
2
(53, 71)
-> Request 5
1099
(2, 2, 1)
3
(67, 17)
--> Day : 4
-> Request 0
86
(4, 3, 2)
1
(26, 45)
-> Request 1
164
(2, 1, 1)
2
(9, 34)
-> Request 2
531
(1, 2, 2)
2
(20, 39)
-> Request 3
773
(2, 2, 2)
2
(10, 48)
-> Request 4
942
(4, 2, 1)
1
(49, 78)
-> Request 5
1075
(3, 1, 1)
2
(19, 46)
---> Week : 54
--> Day : 0
-> Request 0
130
(3, 2, 1)
2
(39, 21)
-> Request 1
173
(3, 1, 1)
1
(64, 8)
-> Request 2
211
(3, 3, 1)
3
(46, 65)
-> Request 3
219
(3, 2, 2)
3
(54, 77)
-> Request 4
457
(3, 3, 1)
3
(58, 3)
-> Request 5
1013
(2, 3, 2)
2
(37, 58)
-> Request 6
1308
(4, 1, 1)
3
(29, 1)
-> Request 7
1322
(2, 2, 2)
2
(39, 38)
-> Request 8
1350
(4, 1, 2)
1
(14, 62)
-> Request 9
1376
(3, 3, 1)
3
(58, 29)
--> Day : 1
-> Request 0
12
(4, 2, 2)
1
(33, 62)
-> Request 1
320
(4, 1, 1)
1
(45, 24)
-> Request 2
473
(3, 3, 2)
1
(10, 64)
-> Request 3
571
(1, 2, 1)
2
(57, 33)
-> Request 4
736
(1, 3, 2)
1
(32, 70)
-> Request 5
771
(3, 2, 1)
3
(41, 34)
-> Request 6
1288
(4, 3, 1)
1
(28, 25)
--> Day : 2
-> Request 0
92
(4, 1, 2)
2
(70, 0)
-> Request 1
127
(2, 2, 2)
1
(26, 63)
-> Request 2
161
(1, 3, 2)
3
(59, 58)
-> Request 3
166
(2, 3, 1)
3
(34, 44)
-> Request 4
270
(3, 1, 2)
3
(37, 10)
-> Request 5
284
(1, 2, 1)
2
(74, 17)
-> Request 6
286
(2, 3, 2)
1
(4, 7)
-> Request 7
350
(2, 1, 1)
1
(28, 56)
-> Request 8
487
(2, 2, 2)
2
(2, 3)
-> Request 9
491
(4, 1, 1)
3
(26, 69)
-> Request 10
520
(4, 1, 1)
3
(64, 52)
-> Request 11
529
(1, 1, 1)
3
(69, 46)
-> Request 12
539
(3, 1, 1)
1
(17, 44)
-> Request 13
568
(4, 1, 1)
1
(64, 23)
-> Request 14
1014
(3, 2, 2)
1
(1, 7)
-> Request 15
1061
(1, 1, 2)
3
(43, 19)
-> Request 16
1149
(1, 2, 2)
1
(43, 52)
-> Request 17
1172
(3, 1, 1)
3
(29, 18)
-> Request 18
1240
(4, 2, 1)
1
(22, 32)
-> Request 19
1360
(2, 2, 1)
3
(30, 15)
--> Day : 3
-> Request 0
176
(4, 1, 1)
2
(34, 20)
-> Request 1
204
(3, 1, 1)
1
(76, 28)
-> Request 2
291
(4, 3, 2)
3
(73, 19)
-> Request 3
375
(3, 2, 2)
3
(16, 60)
-> Request 4
379
(1, 3, 2)
3
(24, 4)
-> Request 5
652
(2, 2, 2)
3
(28, 74)
-> Request 6
679
(2, 2, 1)
1
(29, 40)
-> Request 7
780
(4, 3, 2)
3
(50, 26)
-> Request 8
979
(4, 1, 1)
2
(33, 5)
-> Request 9
1155
(4, 1, 1)
1
(44, 24)
-> Request 10
1240
(4, 1, 2)
1
(31, 57)
-> Request 11
1373
(1, 1, 1)
1
(14, 71)
--> Day : 4
-> Request 0
6
(1, 2, 2)
1
(10, 42)
-> Request 1
74
(3, 1, 2)
1
(36, 2)
-> Request 2
518
(2, 1, 1)
1
(5, 70)
-> Request 3
762
(4, 1, 2)
3
(7, 69)
-> Request 4
874
(4, 2, 2)
2
(62, 8)
-> Request 5
892
(2, 1, 1)
3
(6, 53)
-> Request 6
1179
(2, 3, 1)
1
(22, 26)
---> Week : 55
--> Day : 0
-> Request 0
3
(3, 2, 1)
1
(71, 70)
-> Request 1
71
(1, 2, 1)
2
(50, 75)
-> Request 2
134
(1, 3, 1)
3
(75, 58)
-> Request 3
275
(3, 3, 1)
2
(41, 32)
-> Request 4
669
(1, 2, 2)
3
(11, 56)
-> Request 5
769
(4, 2, 2)
2
(10, 1)
-> Request 6
811
(2, 2, 2)
1
(58, 29)
-> Request 7
1388
(3, 2, 2)
3
(38, 6)
--> Day : 1
-> Request 0
26
(4, 3, 2)
3
(67, 56)
-> Request 1
47
(1, 2, 1)
1
(1, 31)
-> Request 2
491
(3, 2, 2)
2
(20, 7)
-> Request 3
800
(2, 2, 2)
1
(18, 35)
-> Request 4
976
(3, 2, 2)
1
(5, 54)
-> Request 5
1081
(4, 2, 2)
1
(33, 47)
-> Request 6
1156
(1, 1, 1)
2
(70, 39)
-> Request 7
1161
(4, 1, 1)
3
(48, 0)
--> Day : 2
-> Request 0
95
(1, 3, 1)
2
(44, 53)
-> Request 1
153
(2, 3, 1)
3
(55, 48)
-> Request 2
1311
(2, 3, 2)
2
(28, 3)
--> Day : 3
-> Request 0
82
(2, 2, 2)
3
(52, 62)
-> Request 1
143
(1, 3, 2)
1
(47, 40)
-> Request 2
190
(1, 2, 2)
3
(55, 28)
-> Request 3
629
(1, 3, 2)
2
(77, 1)
-> Request 4
896
(1, 2, 2)
1
(44, 35)
-> Request 5
1199
(1, 3, 1)
1
(49, 78)
-> Request 6
1245
(4, 1, 2)
2
(25, 54)
-> Request 7
1258
(3, 3, 1)
2
(52, 20)
-> Request 8
1324
(4, 1, 2)
3
(49, 57)
-> Request 9
1331
(3, 3, 2)
3
(11, 38)
-> Request 10
1376
(1, 1, 1)
3
(72, 31)
-> Request 11
1431
(4, 2, 2)
1
(49, 31)
--> Day : 4
-> Request 0
75
(2, 3, 2)
3
(39, 19)
-> Request 1
128
(1, 1, 1)
1
(5, 67)
-> Request 2
681
(4, 2, 2)
1
(76, 59)
-> Request 3
1048
(4, 2, 2)
2
(46, 1)
-> Request 4
1150
(3, 1, 1)
3
(36, 55)
-> Request 5
1205
(4, 3, 2)
3
(36, 77)
-> Request 6
1213
(3, 3, 2)
2
(68, 53)
---> Week : 56
--> Day : 0
-> Request 0
129
(4, 3, 2)
2
(24, 74)
-> Request 1
144
(3, 3, 2)
1
(13, 42)
-> Request 2
272
(1, 2, 1)
2
(78, 54)
-> Request 3
561
(2, 2, 1)
2
(27, 40)
-> Request 4
706
(1, 2, 2)
3
(23, 0)
-> Request 5
826
(3, 1, 2)
3
(67, 38)
-> Request 6
839
(3, 3, 1)
3
(23, 59)
-> Request 7
1162
(1, 2, 1)
3
(43, 56)
-> Request 8
1265
(3, 2, 2)
3
(10, 72)
-> Request 9
1390
(1, 3, 1)
1
(44, 36)
--> Day : 1
-> Request 0
51
(1, 2, 1)
2
(40, 19)
-> Request 1
228
(1, 3, 1)
1
(70, 58)
-> Request 2
327
(4, 2, 1)
1
(59, 56)
-> Request 3
332
(2, 3, 2)
1
(3, 59)
-> Request 4
466
(2, 1, 2)
3
(20, 28)
-> Request 5
486
(1, 1, 2)
2
(29, 62)
-> Request 6
534
(3, 1, 1)
1
(63, 8)
-> Request 7
959
(3, 2, 1)
2
(63, 74)
-> Request 8
1017
(3, 1, 2)
3
(46, 35)
-> Request 9
1018
(2, 2, 1)
3
(33, 41)
-> Request 10
1097
(2, 2, 1)
1
(48, 2)
--> Day : 2
-> Request 0
90
(3, 1, 1)
2
(52, 14)
-> Request 1
217
(3, 1, 2)
2
(57, 64)
-> Request 2
373
(4, 3, 2)
2
(72, 50)
-> Request 3
663
(1, 3, 2)
3
(78, 0)
-> Request 4
722
(4, 1, 1)
3
(46, 70)
-> Request 5
857
(4, 2, 1)
2
(22, 25)
-> Request 6
910
(4, 1, 1)
1
(46, 42)
-> Request 7
1038
(3, 2, 2)
3
(42, 51)
-> Request 8
1062
(4, 2, 2)
1
(66, 11)
-> Request 9
1100
(2, 1, 1)
2
(70, 22)
-> Request 10
1107
(1, 1, 1)
2
(65, 35)
-> Request 11
1228
(2, 1, 2)
3
(21, 11)
--> Day : 3
-> Request 0
78
(3, 2, 2)
2
(33, 10)
-> Request 1
241
(2, 3, 2)
1
(67, 12)
-> Request 2
272
(2, 3, 1)
3
(77, 24)
-> Request 3
344
(3, 2, 1)
1
(32, 69)
-> Request 4
360
(1, 1, 2)
1
(33, 3)
-> Request 5
582
(4, 3, 2)
3
(50, 33)
-> Request 6
683
(3, 3, 2)
2
(50, 23)
-> Request 7
698
(1, 2, 1)
2
(20, 53)
--> Day : 4
-> Request 0
279
(4, 1, 2)
2
(58, 8)
-> Request 1
330
(1, 1, 2)
2
(44, 49)
-> Request 2
488
(2, 2, 2)
1
(30, 31)
-> Request 3
539
(3, 2, 2)
2
(56, 1)
-> Request 4
834
(2, 2, 2)
1
(15, 38)
-> Request 5
885
(3, 2, 1)
2
(9, 31)
-> Request 6
952
(1, 2, 1)
3
(27, 43)
-> Request 7
969
(2, 3, 2)
1
(77, 29)
-> Request 8
1057
(3, 2, 2)
2
(60, 6)
-> Request 9
1193
(2, 1, 1)
3
(72, 71)
-> Request 10
1289
(4, 3, 1)
2
(31, 26)
-> Request 11
1388
(4, 2, 1)
3
(2, 71)
-> Request 12
1416
(4, 1, 2)
1
(51, 22)
---> Week : 57
--> Day : 0
-> Request 0
15
(1, 1, 2)
3
(65, 51)
-> Request 1
89
(2, 2, 1)
3
(18, 16)
-> Request 2
213
(3, 2, 1)
2
(61, 5)
-> Request 3
374
(1, 3, 2)
1
(68, 12)
-> Request 4
469
(4, 2, 2)
3
(17, 68)
-> Request 5
715
(4, 1, 2)
2
(75, 72)
-> Request 6
802
(4, 1, 2)
1
(58, 2)
-> Request 7
911
(3, 2, 1)
3
(71, 20)
-> Request 8
929
(2, 1, 1)
2
(46, 63)
-> Request 9
946
(2, 3, 1)
3
(5, 69)
-> Request 10
1326
(3, 1, 2)
1
(68, 78)
-> Request 11
1366
(4, 3, 2)
2
(30, 2)
-> Request 12
1382
(1, 2, 2)
1
(4, 68)
--> Day : 1
-> Request 0
233
(1, 3, 1)
1
(41, 53)
-> Request 1
277
(2, 3, 2)
1
(16, 51)
-> Request 2
505
(1, 1, 1)
3
(60, 49)
-> Request 3
578
(3, 2, 2)
2
(5, 16)
-> Request 4
1304
(4, 2, 2)
1
(72, 49)
-> Request 5
1384
(3, 3, 2)
1
(4, 10)
-> Request 6
1416
(4, 3, 1)
1
(45, 10)
-> Request 7
1435
(2, 1, 1)
3
(8, 34)
--> Day : 2
-> Request 0
76
(3, 1, 2)
3
(8, 63)
-> Request 1
189
(2, 3, 1)
2
(51, 54)
-> Request 2
369
(3, 3, 2)
3
(38, 21)
-> Request 3
859
(2, 1, 2)
1
(29, 61)
-> Request 4
1219
(3, 2, 2)
2
(52, 14)
-> Request 5
1279
(2, 1, 1)
2
(44, 68)
--> Day : 3
-> Request 0
72
(1, 3, 1)
3
(60, 49)
-> Request 1
199
(2, 1, 2)
3
(16, 30)
-> Request 2
294
(3, 1, 1)
2
(58, 51)
-> Request 3
572
(2, 1, 1)
1
(58, 5)
-> Request 4
1080
(2, 2, 1)
1
(11, 74)
-> Request 5
1117
(4, 1, 2)
1
(60, 3)
-> Request 6
1403
(1, 1, 2)
2
(59, 17)
--> Day : 4
-> Request 0
94
(1, 2, 2)
2
(66, 58)
-> Request 1
179
(2, 1, 2)
3
(19, 49)
-> Request 2
195
(3, 2, 2)
2
(63, 74)
-> Request 3
250
(4, 3, 1)
1
(68, 79)
-> Request 4
406
(3, 3, 1)
2
(47, 44)
-> Request 5
435
(3, 3, 1)
1
(39, 39)
-> Request 6
500
(3, 3, 2)
3
(39, 4)
-> Request 7
663
(4, 1, 2)
3
(27, 14)
-> Request 8
683
(4, 3, 1)
1
(76, 72)
-> Request 9
835
(3, 1, 2)
2
(23, 38)
-> Request 10
944
(3, 3, 1)
3
(15, 48)
-> Request 11
1153
(3, 1, 1)
1
(38, 30)
-> Request 12
1172
(2, 1, 1)
1
(63, 8)
-> Request 13
1196
(3, 1, 2)
3
(34, 35)
-> Request 14
1260
(2, 1, 2)
3
(12, 60)
-> Request 15
1344
(2, 1, 1)
2
(2, 1)
---> Week : 58
--> Day : 0
-> Request 0
286
(3, 3, 1)
1
(10, 18)
-> Request 1
523
(2, 1, 2)
3
(72, 53)
-> Request 2
544
(1, 1, 2)
2
(55, 28)
-> Request 3
619
(4, 3, 2)
3
(57, 49)
-> Request 4
857
(3, 2, 1)
3
(36, 26)
-> Request 5
863
(4, 2, 1)
2
(32, 60)
-> Request 6
1156
(4, 1, 2)
2
(51, 59)
-> Request 7
1163
(4, 3, 1)
2
(61, 0)
--> Day : 1
-> Request 0
289
(4, 3, 1)
3
(2, 15)
-> Request 1
651
(4, 3, 2)
3
(31, 1)
-> Request 2
779
(2, 1, 2)
2
(75, 64)
-> Request 3
842
(4, 3, 2)
3
(45, 34)
-> Request 4
909
(3, 3, 1)
3
(32, 64)
-> Request 5
989
(3, 2, 2)
1
(33, 66)
-> Request 6
1312
(4, 2, 2)
1
(44, 59)
-> Request 7
1345
(4, 2, 2)
2
(28, 53)
--> Day : 2
-> Request 0
287
(1, 2, 1)
1
(62, 72)
-> Request 1
652
(2, 2, 2)
2
(21, 23)
-> Request 2
937
(1, 2, 1)
1
(77, 66)
-> Request 3
1079
(3, 1, 1)
2
(40, 76)
-> Request 4
1083
(1, 1, 1)
3
(6, 1)
-> Request 5
1221
(4, 2, 1)
3
(34, 31)
-> Request 6
1231
(1, 2, 1)
2
(64, 64)
-> Request 7
1231
(1, 3, 1)
3
(25, 14)
-> Request 8
1258
(1, 1, 2)
1
(33, 34)
-> Request 9
1271
(3, 3, 1)
2
(20, 67)
--> Day : 3
-> Request 0
10
(1, 1, 1)
2
(59, 10)
-> Request 1
20
(2, 2, 1)
3
(39, 71)
-> Request 2
297
(3, 1, 2)
1
(60, 17)
-> Request 3
399
(4, 3, 2)
3
(60, 56)
-> Request 4
507
(2, 2, 1)
1
(51, 10)
-> Request 5
1011
(1, 3, 2)
3
(45, 52)
-> Request 6
1126
(3, 1, 2)
1
(73, 45)
-> Request 7
1133
(2, 1, 1)
2
(72, 15)
-> Request 8
1147
(1, 1, 1)
3
(51, 12)
-> Request 9
1278
(3, 1, 2)
2
(54, 57)
-> Request 10
1417
(3, 2, 2)
1
(68, 24)
--> Day : 4
-> Request 0
122
(4, 3, 2)
1
(16, 25)
-> Request 1
122
(3, 2, 1)
1
(22, 22)
-> Request 2
193
(3, 3, 1)
2
(66, 37)
-> Request 3
667
(4, 1, 2)
3
(38, 57)
-> Request 4
766
(1, 1, 1)
2
(23, 78)
-> Request 5
870
(1, 2, 1)
1
(66, 19)
-> Request 6
886
(1, 2, 2)
3
(64, 51)
-> Request 7
925
(4, 2, 2)
3
(43, 31)
-> Request 8
1004
(4, 3, 1)
2
(8, 49)
-> Request 9
1387
(1, 3, 2)
2
(10, 20)
---> Week : 59
--> Day : 0
-> Request 0
26
(1, 1, 2)
2
(15, 64)
-> Request 1
71
(1, 3, 1)
2
(6, 24)
-> Request 2
78
(3, 2, 1)
3
(36, 9)
-> Request 3
161
(1, 1, 2)
2
(23, 21)
-> Request 4
312
(1, 1, 1)
2
(3, 67)
-> Request 5
379
(3, 2, 1)
1
(0, 22)
-> Request 6
499
(4, 2, 1)
2
(57, 70)
-> Request 7
593
(4, 1, 1)
1
(22, 44)
-> Request 8
611
(1, 1, 2)
3
(12, 58)
-> Request 9
1176
(4, 3, 2)
1
(65, 5)
-> Request 10
1235
(3, 3, 1)
2
(48, 65)
-> Request 11
1309
(3, 2, 1)
3
(77, 52)
--> Day : 1
-> Request 0
7
(3, 3, 1)
3
(73, 65)
-> Request 1
145
(1, 2, 1)
1
(60, 27)
-> Request 2
298
(4, 2, 2)
3
(53, 8)
-> Request 3
308
(4, 1, 1)
2
(19, 76)
-> Request 4
475
(3, 3, 2)
3
(79, 47)
-> Request 5
492
(4, 3, 2)
3
(6, 60)
-> Request 6
670
(3, 3, 1)
1
(54, 5)
-> Request 7
883
(2, 3, 1)
3
(4, 51)
-> Request 8
1034
(1, 3, 2)
2
(23, 62)
-> Request 9
1383
(2, 3, 2)
1
(2, 18)
--> Day : 2
-> Request 0
190
(2, 3, 1)
2
(14, 18)
-> Request 1
195
(3, 1, 2)
3
(34, 45)
-> Request 2
272
(3, 3, 1)
1
(48, 11)
-> Request 3
344
(3, 1, 2)
3
(30, 32)
-> Request 4
536
(1, 3, 2)
3
(34, 56)
-> Request 5
543
(2, 2, 1)
3
(78, 48)
-> Request 6
546
(4, 1, 2)
3
(33, 1)
-> Request 7
559
(1, 2, 1)
1
(4, 3)
-> Request 8
640
(4, 2, 2)
1
(29, 49)
-> Request 9
647
(1, 2, 1)
1
(54, 36)
-> Request 10
718
(2, 1, 1)
2
(37, 29)
-> Request 11
881
(3, 1, 2)
2
(26, 20)
-> Request 12
1352
(2, 2, 1)
1
(32, 75)
-> Request 13
1376
(3, 1, 1)
2
(38, 34)
--> Day : 3
-> Request 0
62
(1, 3, 2)
1
(11, 30)
-> Request 1
217
(4, 1, 2)
1
(44, 64)
-> Request 2
250
(3, 2, 1)
2
(23, 52)
-> Request 3
286
(4, 1, 1)
3
(0, 10)
-> Request 4
311
(2, 2, 1)
2
(35, 57)
-> Request 5
585
(4, 3, 2)
3
(64, 21)
-> Request 6
633
(2, 2, 1)
2
(42, 50)
-> Request 7
1203
(2, 3, 2)
2
(45, 32)
-> Request 8
1205
(2, 3, 1)
2
(36, 6)
-> Request 9
1333
(4, 3, 1)
1
(22, 31)
-> Request 10
1411
(4, 2, 1)
2
(65, 8)
--> Day : 4
-> Request 0
218
(3, 2, 1)
1
(68, 9)
-> Request 1
608
(2, 2, 1)
3
(32, 37)
-> Request 2
829
(1, 1, 1)
2
(71, 54)
-> Request 3
850
(4, 3, 2)
2
(5, 27)
-> Request 4
969
(2, 3, 2)
2
(42, 27)
-> Request 5
1052
(2, 2, 1)
3
(63, 1)
-> Request 6
1226
(1, 2, 2)
1
(66, 47)
-> Request 7
1236
(4, 2, 2)
1
(13, 36)
---> Week : 60
--> Day : 0
-> Request 0
26
(3, 2, 1)
2
(33, 70)
-> Request 1
226
(2, 1, 1)
1
(55, 51)
-> Request 2
255
(1, 1, 2)
3
(17, 6)
-> Request 3
328
(3, 1, 2)
1
(52, 9)
-> Request 4
365
(1, 3, 1)
1
(33, 23)
-> Request 5
495
(4, 2, 1)
3
(3, 42)
-> Request 6
703
(4, 1, 2)
1
(72, 11)
-> Request 7
818
(4, 2, 2)
2
(52, 71)
-> Request 8
847
(2, 1, 1)
1
(39, 71)
-> Request 9
1225
(3, 1, 2)
1
(79, 56)
-> Request 10
1246
(2, 1, 1)
1
(62, 16)
-> Request 11
1248
(3, 3, 2)
3
(8, 18)
-> Request 12
1298
(3, 2, 1)
2
(9, 13)
-> Request 13
1425
(4, 1, 2)
1
(45, 41)
--> Day : 1
-> Request 0
26
(1, 2, 1)
3
(68, 3)
-> Request 1
188
(4, 2, 2)
1
(43, 75)
-> Request 2
412
(3, 2, 2)
2
(25, 13)
-> Request 3
498
(3, 2, 2)
2
(13, 31)
-> Request 4
589
(1, 1, 2)
3
(21, 61)
-> Request 5
908
(2, 2, 1)
3
(42, 42)
-> Request 6
1155
(2, 2, 1)
2
(19, 72)
--> Day : 2
-> Request 0
27
(2, 1, 2)
1
(50, 51)
-> Request 1
231
(2, 3, 2)
3
(43, 61)
-> Request 2
265
(4, 3, 1)
3
(60, 47)
-> Request 3
294
(4, 1, 2)
2
(68, 57)
-> Request 4
391
(2, 2, 2)
2
(59, 49)
-> Request 5
393
(3, 2, 1)
1
(32, 77)
-> Request 6
524
(3, 2, 2)
3
(15, 2)
-> Request 7
541
(3, 1, 2)
2
(35, 64)
-> Request 8
642
(2, 2, 1)
2
(37, 17)
-> Request 9
680
(3, 3, 1)
3
(64, 25)
-> Request 10
774
(4, 2, 1)
1
(8, 33)
-> Request 11
1392
(2, 2, 1)
1
(39, 32)
--> Day : 3
-> Request 0
64
(1, 3, 2)
3
(7, 42)
-> Request 1
317
(2, 3, 1)
3
(54, 25)
-> Request 2
712
(1, 3, 1)
2
(60, 25)
-> Request 3
838
(4, 3, 2)
2
(32, 11)
-> Request 4
891
(3, 1, 2)
1
(33, 23)
-> Request 5
970
(3, 3, 2)
2
(17, 76)
-> Request 6
1022
(3, 2, 2)
3
(54, 76)
-> Request 7
1316
(4, 1, 2)
2
(58, 59)
--> Day : 4
-> Request 0
96
(3, 3, 1)
3
(11, 22)
-> Request 1
327
(4, 1, 1)
1
(14, 7)
-> Request 2
634
(2, 2, 1)
2
(56, 40)
-> Request 3
702
(4, 2, 1)
2
(64, 36)
-> Request 4
756
(2, 3, 2)
1
(78, 16)
-> Request 5
868
(4, 1, 2)
3
(77, 18)
-> Request 6
878
(4, 3, 1)
3
(69, 73)
-> Request 7
964
(2, 1, 1)
2
(24, 45)
-> Request 8
1217
(1, 2, 2)
3
(30, 21)
-> Request 9
1276
(2, 3, 2)
3
(49, 1)
-> Request 10
1415
(4, 1, 1)
1
(56, 33)
---> Week : 61
--> Day : 0
-> Request 0
14
(2, 2, 1)
1
(27, 12)
-> Request 1
45
(4, 2, 1)
2
(74, 0)
-> Request 2
122
(1, 2, 1)
2
(70, 45)
-> Request 3
131
(3, 3, 2)
1
(50, 17)
-> Request 4
152
(4, 1, 2)
2
(54, 4)
-> Request 5
176
(2, 1, 2)
3
(18, 12)
-> Request 6
721
(3, 1, 1)
1
(14, 71)
-> Request 7
775
(4, 3, 1)
1
(67, 11)
-> Request 8
864
(1, 1, 2)
3
(33, 54)
-> Request 9
1155
(2, 1, 2)
3
(12, 33)
-> Request 10
1397
(1, 2, 2)
3
(12, 65)
--> Day : 1
-> Request 0
18
(4, 3, 1)
2
(40, 57)
-> Request 1
373
(1, 1, 1)
3
(42, 34)
-> Request 2
807
(4, 1, 1)
1
(30, 21)
-> Request 3
828
(1, 1, 1)
3
(11, 33)
-> Request 4
909
(4, 3, 2)
2
(58, 63)
-> Request 5
1098
(4, 3, 2)
3
(79, 77)
-> Request 6
1196
(4, 3, 1)
2
(22, 67)
-> Request 7
1419
(1, 2, 2)
3
(34, 55)
-> Request 8
1430
(3, 2, 2)
1
(17, 58)
--> Day : 2
-> Request 0
147
(1, 3, 1)
1
(42, 64)
-> Request 1
210
(1, 3, 1)
1
(6, 65)
-> Request 2
281
(2, 3, 2)
3
(7, 72)
-> Request 3
286
(4, 2, 1)
3
(18, 4)
-> Request 4
453
(2, 1, 1)
3
(39, 0)
-> Request 5
560
(3, 3, 2)
3
(66, 38)
-> Request 6
674
(4, 2, 1)
3
(52, 27)
-> Request 7
868
(4, 1, 2)
3
(55, 36)
-> Request 8
911
(1, 3, 1)
3
(76, 40)
-> Request 9
1308
(1, 1, 1)
1
(13, 20)
--> Day : 3
-> Request 0
202
(1, 2, 2)
3
(7, 56)
-> Request 1
224
(3, 2, 2)
2
(51, 1)
-> Request 2
241
(1, 3, 2)
2
(63, 34)
-> Request 3
502
(3, 1, 2)
1
(44, 76)
-> Request 4
743
(4, 2, 1)
2
(53, 79)
-> Request 5
955
(4, 2, 1)
3
(76, 8)
-> Request 6
1011
(1, 1, 2)
3
(33, 23)
-> Request 7
1190
(2, 3, 2)
1
(60, 36)
-> Request 8
1424
(2, 1, 2)
3
(60, 5)
--> Day : 4
-> Request 0
137
(2, 2, 2)
2
(38, 37)
-> Request 1
174
(2, 1, 2)
1
(43, 42)
-> Request 2
468
(3, 3, 2)
2
(73, 71)
-> Request 3
904
(4, 3, 2)
3
(34, 72)
-> Request 4
912
(4, 1, 2)
1
(3, 48)
-> Request 5
1027
(3, 2, 1)
2
(68, 54)
-> Request 6
1044
(2, 1, 2)
1
(30, 43)
-> Request 7
1172
(2, 2, 1)
3
(58, 35)
-> Request 8
1177
(3, 2, 1)
2
(47, 68)
-> Request 9
1417
(4, 3, 1)
1
(65, 79)
---> Week : 62
--> Day : 0
-> Request 0
122
(2, 3, 1)
3
(65, 51)
-> Request 1
319
(4, 3, 1)
2
(14, 74)
-> Request 2
426
(4, 1, 2)
1
(71, 38)
-> Request 3
529
(1, 1, 2)
2
(65, 4)
-> Request 4
701
(1, 3, 2)
3
(68, 58)
-> Request 5
721
(2, 3, 1)
3
(8, 28)
-> Request 6
838
(3, 2, 1)
1
(77, 79)
-> Request 7
849
(1, 2, 1)
2
(30, 79)
-> Request 8
1117
(2, 3, 1)
2
(32, 71)
--> Day : 1
-> Request 0
35
(2, 1, 1)
3
(71, 73)
-> Request 1
360
(2, 2, 2)
2
(44, 79)
-> Request 2
779
(1, 2, 1)
3
(60, 17)
-> Request 3
983
(3, 3, 1)
2
(63, 10)
--> Day : 2
-> Request 0
40
(4, 3, 1)
3
(5, 62)
-> Request 1
322
(3, 1, 1)
1
(72, 16)
-> Request 2
415
(1, 1, 1)
3
(51, 58)
-> Request 3
434
(4, 1, 1)
3
(15, 36)
-> Request 4
548
(2, 2, 2)
1
(70, 45)
-> Request 5
664
(3, 3, 1)
2
(23, 66)
-> Request 6
817
(3, 2, 2)
1
(68, 13)
-> Request 7
963
(4, 2, 1)
1
(26, 34)
-> Request 8
1079
(3, 3, 1)
3
(29, 34)
-> Request 9
1113
(3, 3, 2)
2
(44, 26)
-> Request 10
1131
(2, 2, 1)
2
(38, 72)
-> Request 11
1167
(4, 3, 2)
1
(57, 69)
-> Request 12
1416
(2, 1, 2)
3
(48, 17)
--> Day : 3
-> Request 0
151
(4, 2, 1)
3
(35, 29)
-> Request 1
341
(4, 2, 2)
2
(30, 78)
-> Request 2
496
(1, 2, 2)
1
(40, 68)
-> Request 3
780
(4, 2, 2)
3
(0, 77)
-> Request 4
1044
(2, 2, 2)
1
(9, 36)
-> Request 5
1046
(4, 3, 2)
3
(73, 73)
-> Request 6
1173
(4, 1, 1)
3
(16, 38)
-> Request 7
1182
(1, 2, 1)
1
(26, 65)
-> Request 8
1315
(2, 2, 2)
2
(17, 64)
--> Day : 4
-> Request 0
229
(2, 1, 1)
3
(27, 79)
-> Request 1
253
(2, 3, 1)
1
(76, 62)
-> Request 2
377
(2, 2, 2)
3
(1, 75)
-> Request 3
477
(1, 3, 1)
1
(61, 18)
-> Request 4
625
(1, 2, 1)
1
(40, 13)
-> Request 5
891
(2, 1, 1)
3
(46, 8)
-> Request 6
1022
(3, 2, 1)
1
(6, 35)
-> Request 7
1028
(3, 3, 2)
2
(25, 71)
-> Request 8
1047
(2, 3, 2)
2
(69, 1)
-> Request 9
1333
(1, 3, 1)
1
(41, 64)
---> Week : 63
--> Day : 0
-> Request 0
221
(2, 2, 2)
2
(10, 52)
-> Request 1
258
(2, 3, 2)
1
(43, 17)
-> Request 2
683
(1, 2, 2)
1
(79, 17)
-> Request 3
793
(3, 3, 1)
3
(48, 8)
-> Request 4
803
(1, 1, 1)
3
(64, 70)
-> Request 5
891
(3, 2, 1)
3
(57, 10)
-> Request 6
1222
(1, 1, 2)
1
(40, 28)
-> Request 7
1241
(3, 3, 1)
2
(55, 11)
-> Request 8
1245
(3, 1, 1)
3
(50, 57)
--> Day : 1
-> Request 0
109
(4, 3, 2)
3
(43, 10)
-> Request 1
650
(2, 2, 2)
2
(6, 1)
-> Request 2
699
(4, 3, 1)
3
(57, 67)
-> Request 3
745
(1, 3, 1)
3
(15, 25)
-> Request 4
843
(3, 2, 1)
2
(0, 10)
-> Request 5
1240
(2, 3, 1)
2
(79, 37)
-> Request 6
1330
(4, 3, 2)
2
(6, 8)
--> Day : 2
-> Request 0
12
(2, 3, 2)
3
(37, 70)
-> Request 1
220
(4, 1, 2)
3
(47, 19)
-> Request 2
355
(4, 3, 2)
2
(4, 19)
-> Request 3
515
(2, 1, 1)
3
(2, 0)
-> Request 4
684
(1, 1, 1)
2
(59, 24)
-> Request 5
767
(1, 1, 1)
2
(60, 57)
-> Request 6
781
(1, 2, 1)
2
(42, 15)
-> Request 7
893
(2, 2, 2)
2
(6, 4)
-> Request 8
1189
(1, 3, 2)
2
(22, 68)
--> Day : 3
-> Request 0
11
(2, 3, 2)
1
(12, 27)
-> Request 1
189
(1, 2, 2)
1
(27, 26)
-> Request 2
254
(4, 1, 2)
2
(56, 15)
-> Request 3
599
(2, 2, 1)
1
(45, 61)
-> Request 4
610
(2, 3, 2)
1
(77, 63)
-> Request 5
612
(2, 3, 1)
1
(19, 6)
-> Request 6
968
(1, 2, 1)
2
(75, 44)
-> Request 7
970
(4, 3, 1)
1
(76, 55)
--> Day : 4
-> Request 0
5
(4, 2, 2)
2
(15, 2)
-> Request 1
74
(4, 2, 2)
1
(57, 78)
-> Request 2
157
(2, 2, 1)
3
(6, 68)
-> Request 3
177
(4, 2, 2)
3
(52, 22)
-> Request 4
262
(1, 1, 1)
2
(33, 22)
-> Request 5
408
(3, 2, 1)
2
(31, 59)
-> Request 6
632
(3, 3, 2)
3
(51, 34)
-> Request 7
772
(4, 3, 2)
2
(79, 23)
-> Request 8
915
(3, 1, 2)
1
(3, 41)
-> Request 9
928
(3, 1, 2)
2
(25, 11)
-> Request 10
1193
(3, 1, 1)
3
(46, 67)
---> Week : 64
--> Day : 0
-> Request 0
319
(2, 1, 1)
1
(6, 14)
-> Request 1
683
(2, 1, 2)
2
(44, 69)
-> Request 2
813
(1, 2, 1)
1
(74, 78)
-> Request 3
895
(2, 3, 2)
1
(11, 6)
-> Request 4
941
(2, 2, 2)
3
(56, 79)
-> Request 5
1033
(2, 3, 2)
1
(57, 63)
-> Request 6
1241
(2, 2, 2)
2
(46, 24)
-> Request 7
1252
(1, 2, 1)
1
(79, 30)
-> Request 8
1293
(1, 1, 1)
2
(18, 17)
--> Day : 1
-> Request 0
245
(4, 1, 2)
1
(6, 46)
-> Request 1
376
(2, 3, 2)
3
(75, 54)
-> Request 2
509
(2, 3, 1)
1
(70, 70)
-> Request 3
632
(4, 1, 2)
3
(15, 25)
-> Request 4
789
(1, 2, 2)
3
(29, 34)
-> Request 5
1049
(2, 2, 2)
3
(57, 5)
-> Request 6
1182
(1, 1, 2)
1
(75, 13)
-> Request 7
1189
(1, 1, 2)
2
(54, 30)
-> Request 8
1307
(4, 3, 2)
3
(54, 66)
--> Day : 2
-> Request 0
186
(3, 1, 2)
1
(58, 58)
-> Request 1
647
(2, 2, 1)
2
(59, 43)
-> Request 2
700
(2, 1, 2)
2
(68, 13)
-> Request 3
983
(2, 1, 1)
1
(52, 9)
-> Request 4
1012
(4, 1, 1)
2
(22, 72)
-> Request 5
1096
(3, 3, 1)
2
(62, 25)
-> Request 6
1429
(1, 3, 2)
3
(29, 52)
-> Request 7
1437
(3, 2, 1)
1
(31, 33)
--> Day : 3
-> Request 0
332
(1, 1, 2)
1
(77, 64)
-> Request 1
455
(4, 2, 2)
1
(55, 23)
-> Request 2
520
(1, 1, 1)
1
(32, 59)
-> Request 3
552
(4, 1, 1)
3
(34, 68)
-> Request 4
630
(3, 3, 2)
2
(27, 6)
-> Request 5
664
(3, 2, 2)
2
(42, 7)
-> Request 6
667
(1, 1, 1)
3
(77, 54)
-> Request 7
800
(3, 3, 1)
1
(59, 43)
-> Request 8
917
(1, 1, 2)
2
(45, 59)
-> Request 9
959
(4, 2, 1)
2
(46, 40)
-> Request 10
1015
(1, 1, 1)
3
(75, 67)
-> Request 11
1056
(1, 1, 2)
3
(62, 28)
-> Request 12
1099
(2, 1, 2)
2
(51, 39)
-> Request 13
1172
(3, 2, 1)
3
(5, 21)
--> Day : 4
-> Request 0
402
(3, 3, 1)
1
(76, 0)
-> Request 1
741
(1, 2, 2)
2
(73, 16)
-> Request 2
1019
(4, 1, 2)
3
(62, 49)
-> Request 3
1052
(3, 3, 2)
3
(74, 28)
-> Request 4
1246
(4, 2, 1)
2
(52, 60)
-> Request 5
1401
(1, 2, 2)
1
(61, 23)
---> Week : 65
--> Day : 0
-> Request 0
61
(3, 2, 1)
1
(39, 35)
-> Request 1
121
(1, 1, 1)
2
(4, 42)
-> Request 2
181
(3, 1, 2)
1
(45, 50)
-> Request 3
221
(3, 2, 2)
3
(23, 27)
-> Request 4
227
(3, 1, 2)
2
(13, 77)
-> Request 5
349
(1, 1, 2)
1
(41, 0)
-> Request 6
349
(4, 2, 1)
3
(64, 7)
-> Request 7
354
(3, 1, 2)
2
(59, 68)
-> Request 8
526
(3, 3, 2)
2
(58, 8)
-> Request 9
812
(2, 2, 1)
1
(38, 34)
-> Request 10
959
(1, 3, 1)
2
(11, 74)
-> Request 11
1131
(3, 1, 1)
3
(70, 41)
-> Request 12
1228
(4, 3, 2)
1
(57, 16)
-> Request 13
1253
(3, 1, 1)
2
(67, 24)
--> Day : 1
-> Request 0
114
(4, 1, 1)
2
(74, 58)
-> Request 1
145
(1, 1, 1)
2
(15, 78)
-> Request 2
241
(3, 1, 2)
3
(68, 72)
-> Request 3
284
(2, 1, 2)
1
(5, 52)
-> Request 4
298
(2, 2, 2)
2
(24, 59)
-> Request 5
355
(4, 3, 1)
2
(14, 45)
-> Request 6
502
(1, 2, 1)
3
(1, 26)
-> Request 7
613
(2, 2, 2)
3
(8, 3)
-> Request 8
812
(2, 3, 2)
3
(24, 44)
-> Request 9
849
(4, 2, 2)
2
(1, 46)
-> Request 10
878
(2, 3, 2)
1
(63, 36)
-> Request 11
940
(1, 2, 2)
1
(17, 12)
-> Request 12
955
(1, 1, 2)
1
(35, 3)
-> Request 13
1279
(4, 2, 2)
1
(37, 26)
-> Request 14
1370
(4, 1, 1)
2
(14, 32)
--> Day : 2
-> Request 0
11
(2, 3, 2)
1
(10, 33)
-> Request 1
97
(2, 2, 1)
2
(7, 12)
-> Request 2
231
(2, 2, 1)
1
(15, 72)
-> Request 3
273
(1, 1, 1)
2
(68, 36)
-> Request 4
676
(3, 3, 1)
1
(44, 60)
-> Request 5
1157
(3, 2, 2)
1
(25, 41)
--> Day : 3
-> Request 0
241
(3, 2, 2)
2
(46, 34)
-> Request 1
416
(1, 1, 1)
2
(29, 64)
-> Request 2
602
(4, 1, 1)
2
(48, 64)
-> Request 3
624
(3, 1, 2)
1
(27, 65)
-> Request 4
942
(1, 1, 1)
1
(56, 43)
-> Request 5
989
(2, 2, 2)
2
(46, 75)
-> Request 6
1130
(3, 1, 2)
3
(12, 38)
-> Request 7
1160
(2, 2, 1)
2
(68, 45)
-> Request 8
1345
(1, 2, 1)
2
(11, 65)
--> Day : 4
-> Request 0
491
(3, 3, 1)
1
(0, 1)
-> Request 1
543
(3, 3, 1)
1
(52, 7)
-> Request 2
639
(3, 1, 1)
1
(14, 43)
-> Request 3
923
(1, 3, 2)
1
(24, 5)
-> Request 4
1083
(4, 1, 1)
1
(40, 72)
-> Request 5
1113
(2, 2, 1)
1
(63, 0)
-> Request 6
1176
(3, 2, 2)
1
(35, 14)
-> Request 7
1272
(2, 1, 2)
3
(53, 19)
-> Request 8
1286
(2, 1, 2)
2
(71, 28)
---> Week : 66
--> Day : 0
-> Request 0
51
(2, 3, 2)
2
(26, 48)
-> Request 1
153
(1, 1, 1)
1
(48, 32)
-> Request 2
231
(1, 2, 2)
3
(10, 57)
-> Request 3
322
(2, 1, 1)
2
(17, 21)
-> Request 4
359
(4, 3, 1)
3
(78, 56)
-> Request 5
469
(2, 2, 1)
2
(57, 38)
-> Request 6
695
(3, 1, 2)
2
(40, 20)
-> Request 7
729
(2, 2, 1)
3
(24, 0)
-> Request 8
865
(3, 3, 1)
1
(61, 77)
-> Request 9
1362
(4, 1, 1)
1
(24, 1)
--> Day : 1
-> Request 0
264
(4, 1, 1)
2
(35, 56)
-> Request 1
629
(3, 1, 1)
3
(45, 68)
-> Request 2
781
(4, 2, 1)
3
(57, 15)
-> Request 3
931
(3, 2, 1)
3
(7, 77)
-> Request 4
1079
(1, 1, 2)
1
(47, 43)
-> Request 5
1324
(4, 3, 2)
1
(59, 62)
-> Request 6
1368
(4, 3, 2)
3
(32, 45)
--> Day : 2
-> Request 0
12
(3, 1, 2)
1
(40, 16)
-> Request 1
83
(4, 2, 2)
3
(4, 79)
-> Request 2
276
(1, 3, 1)
2
(12, 52)
-> Request 3
521
(4, 3, 2)
3
(29, 15)
-> Request 4
675
(1, 2, 1)
1
(34, 45)
-> Request 5
677
(2, 2, 1)
3
(44, 62)
-> Request 6
798
(1, 1, 1)
3
(64, 8)
-> Request 7
1026
(4, 3, 1)
3
(76, 72)
-> Request 8
1184
(1, 1, 2)
3
(79, 17)
-> Request 9
1194
(3, 1, 1)
3
(64, 41)
-> Request 10
1210
(1, 1, 2)
1
(14, 21)
-> Request 11
1224
(4, 1, 2)
2
(42, 43)
-> Request 12
1239
(1, 3, 1)
3
(39, 73)
--> Day : 3
-> Request 0
137
(3, 3, 1)
3
(61, 77)
-> Request 1
221
(2, 2, 2)
2
(51, 60)
-> Request 2
341
(1, 3, 1)
3
(68, 13)
-> Request 3
848
(1, 1, 2)
1
(25, 33)
-> Request 4
1188
(1, 1, 1)
2
(57, 41)
-> Request 5
1276
(2, 1, 2)
2
(24, 17)
--> Day : 4
-> Request 0
5
(4, 3, 2)
1
(77, 1)
-> Request 1
71
(1, 3, 2)
3
(31, 56)
-> Request 2
251
(1, 1, 2)
2
(9, 58)
-> Request 3
273
(4, 2, 2)
2
(12, 52)
-> Request 4
418
(1, 2, 1)
2
(26, 55)
-> Request 5
466
(3, 3, 1)
3
(33, 10)
-> Request 6
545
(4, 3, 1)
1
(0, 60)
-> Request 7
700
(2, 3, 2)
1
(21, 49)
-> Request 8
754
(4, 2, 2)
3
(43, 9)
-> Request 9
796
(2, 2, 2)
2
(17, 60)
-> Request 10
796
(2, 1, 2)
3
(5, 38)
-> Request 11
852
(4, 2, 1)
1
(52, 35)
---> Week : 67
--> Day : 0
-> Request 0
43
(1, 3, 1)
3
(11, 62)
-> Request 1
245
(4, 2, 1)
1
(4, 60)
-> Request 2
296
(4, 2, 2)
2
(17, 44)
-> Request 3
335
(4, 1, 2)
3
(38, 70)
-> Request 4
377
(2, 3, 2)
3
(79, 3)
-> Request 5
400
(1, 1, 2)
3
(65, 12)
-> Request 6
405
(1, 2, 2)
2
(66, 7)
-> Request 7
720
(2, 2, 1)
1
(55, 14)
-> Request 8
842
(3, 1, 1)
1
(26, 79)
-> Request 9
937
(4, 1, 2)
1
(55, 64)
-> Request 10
1085
(1, 3, 1)
3
(34, 16)
-> Request 11
1089
(1, 1, 1)
2
(17, 51)
-> Request 12
1105
(2, 2, 1)
2
(7, 44)
-> Request 13
1111
(1, 2, 2)
1
(76, 71)
-> Request 14
1129
(1, 1, 1)
1
(0, 73)
-> Request 15
1409
(4, 3, 1)
2
(35, 13)
--> Day : 1
-> Request 0
101
(3, 1, 1)
3
(54, 27)
-> Request 1
301
(3, 3, 1)
1
(32, 34)
-> Request 2
310
(2, 2, 2)
1
(29, 13)
-> Request 3
451
(4, 3, 2)
3
(12, 32)
-> Request 4
465
(3, 2, 2)
2
(61, 49)
-> Request 5
1231
(2, 2, 2)
1
(28, 12)
-> Request 6
1269
(2, 2, 2)
2
(60, 23)
-> Request 7
1437
(1, 1, 2)
1
(41, 59)
--> Day : 2
-> Request 0
39
(3, 3, 2)
3
(17, 56)
-> Request 1
214
(4, 2, 1)
2
(0, 27)
-> Request 2
222
(1, 2, 1)
1
(13, 42)
-> Request 3
391
(3, 3, 1)
3
(56, 17)
-> Request 4
711
(2, 2, 1)
1
(79, 7)
-> Request 5
768
(4, 2, 2)
2
(76, 35)
-> Request 6
1116
(1, 3, 1)
3
(53, 9)
-> Request 7
1160
(3, 1, 2)
1
(58, 15)
-> Request 8
1285
(1, 2, 1)
1
(38, 73)
-> Request 9
1417
(1, 2, 1)
1
(17, 75)
--> Day : 3
-> Request 0
37
(4, 2, 1)
3
(30, 7)
-> Request 1
44
(1, 2, 1)
3
(57, 51)
-> Request 2
88
(1, 1, 2)
1
(8, 70)
-> Request 3
240
(3, 3, 2)
1
(48, 11)
-> Request 4
398
(3, 2, 2)
3
(9, 34)
-> Request 5
510
(4, 2, 2)
3
(38, 73)
-> Request 6
908
(4, 1, 2)
1
(68, 9)
-> Request 7
1015
(4, 3, 1)
3
(61, 24)
-> Request 8
1034
(4, 2, 2)
2
(17, 18)
-> Request 9
1101
(1, 2, 2)
1
(70, 74)
-> Request 10
1231
(3, 3, 2)
1
(60, 65)
-> Request 11
1433
(4, 2, 2)
2
(53, 5)
--> Day : 4
-> Request 0
4
(1, 3, 1)
1
(2, 76)
-> Request 1
214
(2, 2, 2)
1
(38, 71)
-> Request 2
390
(1, 3, 1)
2
(16, 27)
-> Request 3
680
(1, 3, 1)
1
(35, 74)
-> Request 4
771
(1, 1, 2)
3
(21, 66)
-> Request 5
1123
(3, 1, 1)
3
(36, 8)
-> Request 6
1205
(1, 1, 1)
3
(53, 2)
-> Request 7
1338
(2, 2, 1)
2
(41, 48)
---> Week : 68
--> Day : 0
-> Request 0
20
(2, 1, 1)
2
(20, 11)
-> Request 1
105
(3, 1, 2)
1
(59, 11)
-> Request 2
120
(2, 3, 1)
2
(79, 13)
-> Request 3
284
(1, 3, 2)
3
(22, 66)
-> Request 4
332
(2, 3, 2)
2
(41, 53)
-> Request 5
455
(3, 3, 1)
3
(11, 21)
-> Request 6
549
(4, 2, 1)
2
(11, 7)
-> Request 7
619
(3, 1, 2)
2
(68, 23)
-> Request 8
625
(4, 1, 1)
2
(24, 52)
-> Request 9
707
(1, 3, 1)
1
(32, 22)
-> Request 10
928
(3, 1, 2)
2
(29, 40)
-> Request 11
1172
(1, 2, 1)
1
(71, 73)
-> Request 12
1173
(1, 3, 1)
2
(72, 13)
-> Request 13
1174
(1, 1, 2)
2
(29, 28)
-> Request 14
1201
(1, 3, 1)
2
(25, 53)
-> Request 15
1300
(4, 3, 2)
3
(79, 51)
--> Day : 1
-> Request 0
73
(3, 1, 1)
3
(65, 54)
-> Request 1
189
(1, 1, 1)
1
(10, 31)
-> Request 2
217
(1, 3, 2)
2
(28, 63)
-> Request 3
286
(2, 1, 1)
1
(47, 26)
-> Request 4
396
(3, 3, 1)
2
(18, 74)
-> Request 5
589
(3, 2, 2)
1
(8, 30)
-> Request 6
617
(4, 3, 1)
3
(60, 66)
-> Request 7
803
(3, 1, 2)
1
(49, 69)
-> Request 8
910
(4, 3, 2)
2
(9, 39)
-> Request 9
910
(2, 1, 2)
2
(18, 27)
-> Request 10
1068
(3, 2, 1)
2
(29, 69)
-> Request 11
1084
(2, 1, 1)
3
(40, 24)
-> Request 12
1126
(3, 3, 2)
2
(76, 36)
-> Request 13
1139
(3, 2, 2)
1
(4, 32)
-> Request 14
1158
(2, 1, 2)
1
(26, 75)
-> Request 15
1224
(2, 1, 1)
3
(68, 0)
-> Request 16
1249
(1, 1, 2)
3
(8, 59)
-> Request 17
1339
(2, 2, 2)
2
(74, 76)
-> Request 18
1352
(1, 1, 1)
3
(70, 23)
--> Day : 2
-> Request 0
175
(2, 3, 1)
1
(7, 73)
-> Request 1
237
(4, 3, 1)
2
(26, 68)
-> Request 2
271
(3, 2, 1)
1
(0, 39)
-> Request 3
352
(4, 3, 1)
1
(72, 43)
-> Request 4
416
(2, 2, 1)
1
(25, 0)
-> Request 5
478
(3, 1, 1)
1
(20, 3)
-> Request 6
535
(4, 3, 2)
2
(17, 38)
-> Request 7
731
(3, 2, 1)
1
(63, 34)
-> Request 8
1008
(1, 1, 1)
2
(76, 49)
--> Day : 3
-> Request 0
193
(3, 2, 2)
1
(78, 48)
-> Request 1
502
(2, 1, 1)
2
(47, 19)
-> Request 2
540
(3, 3, 1)
3
(22, 10)
-> Request 3
637
(4, 1, 1)
1
(75, 36)
-> Request 4
825
(3, 1, 1)
2
(39, 52)
-> Request 5
1228
(3, 2, 2)
2
(55, 34)
-> Request 6
1280
(2, 2, 2)
2
(2, 76)
-> Request 7
1327
(3, 1, 1)
3
(25, 59)
-> Request 8
1353
(4, 2, 1)
1
(12, 48)
--> Day : 4
-> Request 0
214
(3, 1, 2)
1
(30, 77)
-> Request 1
320
(4, 2, 2)
2
(47, 50)
-> Request 2
511
(3, 2, 2)
3
(28, 44)
-> Request 3
779
(1, 1, 2)
1
(50, 70)
-> Request 4
891
(2, 1, 1)
2
(44, 36)
-> Request 5
1126
(3, 2, 1)
3
(79, 56)
---> Week : 69
--> Day : 0
-> Request 0
68
(1, 3, 1)
1
(22, 60)
-> Request 1
142
(2, 2, 1)
2
(16, 32)
-> Request 2
276
(2, 2, 2)
1
(29, 42)
-> Request 3
367
(3, 1, 2)
2
(15, 42)
-> Request 4
404
(2, 2, 2)
3
(16, 30)
-> Request 5
599
(2, 3, 1)
3
(69, 52)
-> Request 6
775
(4, 1, 1)
1
(18, 40)
-> Request 7
776
(4, 1, 2)
3
(27, 51)
-> Request 8
1060
(2, 1, 1)
3
(63, 61)
-> Request 9
1206
(3, 3, 2)
2
(11, 79)
--> Day : 1
-> Request 0
473
(4, 3, 1)
3
(73, 66)
-> Request 1
671
(4, 2, 2)
3
(57, 13)
-> Request 2
730
(4, 2, 1)
1
(24, 9)
-> Request 3
794
(2, 1, 2)
2
(13, 42)
-> Request 4
827
(1, 2, 2)
2
(2, 37)
-> Request 5
961
(2, 1, 2)
1
(18, 3)
-> Request 6
1100
(4, 2, 1)
2
(72, 35)
-> Request 7
1133
(1, 1, 2)
3
(47, 2)
-> Request 8
1190
(2, 2, 1)
2
(8, 36)
-> Request 9
1277
(1, 3, 2)
3
(49, 77)
--> Day : 2
-> Request 0
58
(2, 2, 2)
2
(32, 43)
-> Request 1
77
(4, 2, 1)
1
(12, 57)
-> Request 2
289
(1, 1, 2)
3
(12, 5)
-> Request 3
413
(1, 2, 2)
2
(8, 41)
-> Request 4
692
(3, 2, 1)
1
(71, 37)
-> Request 5
844
(1, 3, 2)
2
(15, 42)
-> Request 6
1037
(3, 3, 2)
2
(62, 72)
-> Request 7
1272
(4, 1, 2)
2
(62, 4)
-> Request 8
1413
(4, 3, 1)
2
(60, 11)
--> Day : 3
-> Request 0
97
(1, 1, 1)
1
(12, 69)
-> Request 1
128
(2, 2, 2)
3
(18, 57)
-> Request 2
358
(1, 2, 1)
3
(31, 32)
-> Request 3
507
(3, 3, 1)
3
(28, 62)
-> Request 4
663
(2, 1, 2)
3
(73, 46)
-> Request 5
735
(2, 1, 2)
1
(29, 7)
-> Request 6
832
(1, 3, 1)
2
(15, 63)
-> Request 7
1194
(3, 1, 2)
3
(75, 31)
--> Day : 4
-> Request 0
147
(1, 2, 1)
2
(51, 0)
-> Request 1
209
(4, 1, 1)
2
(49, 68)
-> Request 2
300
(3, 1, 1)
1
(8, 37)
-> Request 3
555
(4, 2, 1)
2
(46, 44)
-> Request 4
1037
(3, 1, 1)
3
(10, 73)
-> Request 5
1039
(3, 2, 2)
2
(11, 77)
-> Request 6
1109
(3, 3, 2)
2
(3, 63)
-> Request 7
1119
(3, 1, 2)
3
(61, 70)
-> Request 8
1190
(2, 2, 1)
2
(54, 60)
-> Request 9
1344
(2, 1, 1)
2
(79, 65)
---> Week : 70
--> Day : 0
-> Request 0
100
(3, 2, 1)
3
(15, 67)
-> Request 1
387
(1, 1, 2)
1
(59, 2)
-> Request 2
424
(4, 1, 1)
2
(1, 53)
-> Request 3
520
(2, 3, 2)
3
(20, 62)
-> Request 4
632
(1, 1, 1)
2
(71, 0)
-> Request 5
838
(2, 3, 1)
2
(55, 57)
-> Request 6
1036
(1, 3, 1)
2
(76, 73)
-> Request 7
1213
(3, 1, 2)
1
(3, 1)
-> Request 8
1254
(3, 1, 1)
3
(15, 36)
-> Request 9
1413
(1, 3, 1)
1
(61, 51)
--> Day : 1
-> Request 0
149
(2, 3, 1)
2
(59, 44)
-> Request 1
213
(3, 3, 2)
1
(15, 69)
-> Request 2
346
(2, 3, 2)
3
(13, 69)
-> Request 3
463
(2, 2, 1)
2
(35, 50)
-> Request 4
564
(4, 2, 2)
2
(34, 13)
-> Request 5
583
(4, 1, 2)
1
(73, 34)
--> Day : 2
-> Request 0
117
(4, 1, 2)
3
(19, 65)
-> Request 1
126
(4, 3, 2)
1
(74, 27)
-> Request 2
308
(2, 1, 2)
3
(57, 30)
-> Request 3
454
(4, 3, 2)
1
(35, 28)
-> Request 4
457
(1, 1, 2)
2
(38, 64)
-> Request 5
470
(2, 2, 1)
1
(20, 11)
-> Request 6
485
(3, 2, 2)
1
(53, 11)
-> Request 7
943
(2, 3, 1)
3
(58, 27)
-> Request 8
1023
(1, 3, 1)
3
(48, 60)
-> Request 9
1079
(4, 2, 2)
3
(28, 76)
-> Request 10
1090
(2, 1, 1)
1
(53, 35)
-> Request 11
1093
(2, 2, 1)
1
(60, 18)
-> Request 12
1169
(1, 3, 1)
3
(22, 61)
--> Day : 3
-> Request 0
151
(3, 1, 2)
1
(78, 25)
-> Request 1
266
(1, 3, 2)
2
(38, 53)
-> Request 2
315
(1, 1, 2)
1
(79, 5)
-> Request 3
767
(3, 2, 1)
2
(71, 10)
-> Request 4
864
(1, 2, 1)
2
(8, 69)
-> Request 5
1074
(2, 2, 2)
2
(45, 31)
-> Request 6
1134
(3, 2, 2)
2
(17, 50)
-> Request 7
1220
(3, 3, 1)
1
(40, 63)
-> Request 8
1248
(1, 3, 1)
1
(30, 16)
-> Request 9
1377
(2, 1, 2)
3
(73, 58)
--> Day : 4
-> Request 0
16
(4, 2, 1)
3
(51, 67)
-> Request 1
215
(2, 1, 2)
2
(9, 0)
-> Request 2
389
(3, 1, 1)
3
(57, 73)
-> Request 3
407
(2, 3, 1)
3
(12, 31)
-> Request 4
426
(1, 1, 1)
3
(77, 58)
-> Request 5
478
(1, 3, 1)
1
(56, 66)
-> Request 6
656
(1, 1, 2)
1
(51, 40)
-> Request 7
673
(4, 3, 1)
2
(29, 27)
-> Request 8
687
(2, 1, 1)
1
(69, 64)
-> Request 9
1047
(2, 1, 1)
3
(58, 5)
-> Request 10
1255
(4, 3, 2)
1
(21, 38)
---> Week : 71
--> Day : 0
-> Request 0
240
(3, 3, 2)
2
(22, 45)
-> Request 1
399
(4, 1, 2)
2
(2, 9)
-> Request 2
404
(2, 3, 1)
2
(70, 25)
-> Request 3
680
(3, 2, 2)
3
(72, 33)
-> Request 4
993
(1, 1, 2)
3
(22, 21)
-> Request 5
1014
(4, 3, 2)
2
(51, 52)
-> Request 6
1352
(1, 1, 1)
3
(41, 62)
-> Request 7
1361
(4, 1, 1)
1
(27, 26)
--> Day : 1
-> Request 0
82
(1, 3, 2)
2
(1, 40)
-> Request 1
85
(2, 3, 2)
2
(34, 19)
-> Request 2
157
(4, 3, 2)
1
(9, 59)
-> Request 3
607
(3, 2, 2)
2
(5, 58)
-> Request 4
636
(2, 1, 1)
3
(53, 37)
-> Request 5
665
(2, 2, 1)
1
(4, 52)
-> Request 6
692
(2, 3, 1)
2
(74, 67)
-> Request 7
819
(4, 1, 1)
1
(29, 43)
-> Request 8
899
(2, 3, 2)
3
(36, 2)
-> Request 9
1097
(4, 2, 1)
3
(66, 9)
-> Request 10
1115
(2, 2, 1)
1
(2, 38)
-> Request 11
1184
(1, 1, 1)
1
(48, 18)
--> Day : 2
-> Request 0
107
(1, 3, 1)
1
(18, 52)
-> Request 1
290
(1, 1, 2)
3
(33, 22)
-> Request 2
305
(1, 1, 1)
3
(26, 49)
-> Request 3
440
(2, 1, 1)
1
(79, 54)
-> Request 4
658
(2, 3, 1)
3
(16, 28)
-> Request 5
696
(1, 2, 1)
3
(40, 56)
-> Request 6
735
(2, 3, 1)
1
(39, 46)
-> Request 7
778
(4, 2, 1)
3
(29, 24)
-> Request 8
898
(2, 3, 1)
1
(54, 27)
-> Request 9
921
(1, 2, 1)
1
(69, 78)
-> Request 10
1394
(1, 1, 2)
2
(38, 55)
-> Request 11
1405
(3, 3, 1)
2
(49, 3)
--> Day : 3
-> Request 0
631
(3, 2, 2)
2
(55, 28)
-> Request 1
653
(2, 2, 1)
1
(28, 23)
-> Request 2
746
(2, 1, 1)
2
(28, 28)
-> Request 3
780
(4, 3, 2)
1
(55, 30)
-> Request 4
892
(1, 1, 1)
1
(50, 21)
-> Request 5
1020
(4, 3, 1)
1
(17, 28)
-> Request 6
1354
(3, 1, 1)
3
(20, 14)
-> Request 7
1418
(2, 2, 1)
2
(48, 36)
--> Day : 4
-> Request 0
12
(1, 3, 1)
1
(6, 22)
-> Request 1
70
(2, 3, 1)
2
(1, 50)
-> Request 2
197
(4, 3, 2)
1
(35, 79)
-> Request 3
312
(3, 1, 1)
1
(1, 2)
-> Request 4
477
(1, 1, 2)
1
(67, 37)
-> Request 5
728
(3, 2, 2)
3
(34, 12)
-> Request 6
1029
(1, 3, 1)
3
(43, 35)
-> Request 7
1157
(2, 1, 2)
2
(16, 20)
---> Week : 72
--> Day : 0
-> Request 0
9
(2, 1, 2)
1
(36, 44)
-> Request 1
54
(4, 2, 2)
3
(59, 16)
-> Request 2
119
(2, 2, 2)
2
(79, 73)
-> Request 3
127
(4, 2, 2)
2
(29, 40)
-> Request 4
358
(1, 2, 2)
1
(29, 60)
-> Request 5
658
(3, 1, 2)
2
(73, 60)
-> Request 6
698
(3, 3, 2)
3
(55, 16)
-> Request 7
740
(2, 3, 1)
3
(75, 40)
-> Request 8
927
(4, 2, 1)
3
(58, 73)
-> Request 9
933
(4, 1, 2)
3
(22, 21)
-> Request 10
1051
(3, 2, 1)
1
(74, 9)
-> Request 11
1289
(1, 2, 2)
1
(53, 42)
--> Day : 1
-> Request 0
28
(1, 3, 1)
2
(46, 28)
-> Request 1
230
(1, 2, 1)
2
(4, 6)
-> Request 2
330
(2, 2, 1)
1
(48, 78)
-> Request 3
451
(1, 1, 2)
2
(64, 69)
-> Request 4
580
(3, 2, 2)
1
(34, 2)
-> Request 5
772
(1, 2, 1)
2
(46, 24)
-> Request 6
801
(1, 1, 1)
1
(52, 22)
-> Request 7
1021
(2, 3, 2)
1
(30, 17)
-> Request 8
1282
(3, 1, 2)
1
(49, 43)
-> Request 9
1342
(2, 2, 1)
3
(43, 9)
-> Request 10
1369
(2, 1, 2)
3
(26, 6)
--> Day : 2
-> Request 0
188
(3, 3, 1)
2
(38, 6)
-> Request 1
210
(4, 1, 1)
3
(27, 54)
-> Request 2
211
(3, 1, 2)
2
(70, 54)
-> Request 3
219
(3, 2, 1)
2
(79, 39)
-> Request 4
602
(2, 3, 1)
3
(60, 58)
-> Request 5
737
(1, 1, 1)
1
(42, 60)
-> Request 6
841
(1, 1, 2)
3
(50, 2)
-> Request 7
851
(1, 1, 2)
2
(34, 67)
-> Request 8
988
(3, 3, 1)
1
(45, 25)
-> Request 9
1169
(4, 1, 1)
1
(24, 45)
--> Day : 3
-> Request 0
318
(1, 2, 2)
1
(14, 27)
-> Request 1
450
(3, 3, 2)
1
(49, 76)
-> Request 2
535
(3, 1, 1)
2
(16, 8)
-> Request 3
791
(4, 1, 1)
2
(53, 73)
-> Request 4
944
(2, 2, 1)
2
(40, 15)
--> Day : 4
-> Request 0
89
(1, 3, 2)
3
(67, 11)
-> Request 1
170
(3, 1, 1)
2
(74, 7)
-> Request 2
333
(3, 3, 2)
1
(55, 70)
-> Request 3
435
(3, 1, 2)
2
(18, 18)
-> Request 4
886
(2, 1, 1)
3
(69, 41)
-> Request 5
930
(1, 3, 1)
2
(8, 75)
-> Request 6
1093
(1, 3, 1)
1
(5, 50)
-> Request 7
1240
(4, 1, 2)
1
(12, 8)
-> Request 8
1262
(3, 2, 1)
3
(72, 70)
-> Request 9
1331
(1, 3, 2)
3
(2, 16)
---> Week : 73
--> Day : 0
-> Request 0
2
(2, 2, 2)
2
(48, 57)
-> Request 1
232
(3, 2, 1)
2
(31, 8)
-> Request 2
274
(4, 1, 2)
1
(19, 29)
-> Request 3
292
(1, 3, 2)
3
(50, 62)
-> Request 4
720
(1, 1, 2)
2
(51, 21)
-> Request 5
793
(3, 3, 1)
3
(57, 4)
-> Request 6
1147
(2, 1, 2)
3
(37, 9)
-> Request 7
1251
(2, 2, 2)
2
(78, 15)
-> Request 8
1251
(4, 1, 1)
3
(17, 16)
-> Request 9
1360
(3, 1, 1)
3
(53, 51)
--> Day : 1
-> Request 0
259
(3, 1, 2)
2
(2, 68)
-> Request 1
837
(1, 3, 1)
2
(66, 32)
-> Request 2
868
(3, 2, 1)
1
(35, 15)
-> Request 3
1057
(4, 1, 2)
3
(60, 10)
-> Request 4
1110
(2, 1, 2)
1
(49, 6)
-> Request 5
1314
(3, 1, 2)
1
(21, 53)
-> Request 6
1430
(1, 1, 2)
3
(60, 3)
-> Request 7
1430
(2, 1, 1)
1
(52, 25)
--> Day : 2
-> Request 0
42
(2, 3, 1)
1
(29, 24)
-> Request 1
227
(1, 3, 1)
2
(44, 73)
-> Request 2
277
(2, 2, 2)
2
(19, 10)
-> Request 3
782
(3, 1, 2)
1
(74, 41)
-> Request 4
1229
(3, 2, 1)
2
(20, 69)
-> Request 5
1383
(3, 3, 1)
2
(39, 36)
--> Day : 3
-> Request 0
534
(4, 2, 2)
1
(30, 56)
-> Request 1
621
(2, 2, 1)
2
(53, 13)
-> Request 2
671
(1, 1, 2)
2
(74, 37)
-> Request 3
713
(4, 2, 1)
2
(44, 32)
-> Request 4
828
(3, 1, 2)
1
(64, 47)
-> Request 5
1175
(1, 2, 2)
2
(1, 26)
--> Day : 4
-> Request 0
69
(3, 2, 2)
3
(36, 34)
-> Request 1
264
(1, 2, 2)
1
(58, 46)
-> Request 2
451
(3, 2, 2)
1
(21, 2)
-> Request 3
755
(1, 1, 1)
1
(51, 74)
-> Request 4
1211
(4, 2, 2)
2
(61, 70)
---> Week : 74
--> Day : 0
-> Request 0
417
(4, 2, 2)
3
(70, 79)
-> Request 1
517
(1, 3, 2)
1
(43, 18)
-> Request 2
521
(1, 1, 2)
3
(59, 22)
-> Request 3
524
(2, 1, 2)
2
(17, 29)
-> Request 4
577
(4, 2, 1)
3
(14, 58)
-> Request 5
638
(2, 2, 2)
3
(70, 35)
-> Request 6
721
(3, 3, 2)
1
(7, 6)
-> Request 7
773
(2, 1, 2)
3
(43, 54)
-> Request 8
801
(3, 3, 2)
1
(53, 47)
-> Request 9
882
(2, 3, 2)
1
(23, 22)
-> Request 10
1053
(1, 1, 1)
2
(31, 24)
-> Request 11
1293
(1, 2, 2)
3
(53, 9)
-> Request 12
1346
(3, 3, 1)
2
(78, 56)
--> Day : 1
-> Request 0
244
(4, 2, 1)
1
(3, 12)
-> Request 1
268
(3, 2, 1)
2
(36, 71)
-> Request 2
297
(4, 3, 1)
3
(34, 61)
-> Request 3
504
(1, 3, 2)
3
(77, 47)
-> Request 4
907
(2, 2, 1)
3
(13, 5)
-> Request 5
949
(4, 1, 2)
2
(13, 64)
-> Request 6
1036
(4, 3, 1)
2
(38, 48)
-> Request 7
1185
(2, 2, 2)
3
(66, 20)
-> Request 8
1298
(3, 2, 2)
3
(21, 51)
--> Day : 2
-> Request 0
64
(3, 3, 1)
2
(36, 67)
-> Request 1
380
(1, 3, 2)
2
(22, 51)
-> Request 2
415
(3, 3, 2)
3
(44, 65)
-> Request 3
510
(2, 1, 1)
3
(16, 49)
-> Request 4
566
(1, 1, 1)
1
(17, 13)
-> Request 5
869
(1, 3, 1)
2
(44, 35)
-> Request 6
1003
(3, 3, 2)
3
(24, 21)
-> Request 7
1148
(1, 2, 2)
2
(24, 53)
-> Request 8
1357
(2, 2, 2)
1
(36, 66)
--> Day : 3
-> Request 0
129
(1, 2, 1)
3
(12, 7)
-> Request 1
198
(4, 1, 1)
2
(50, 47)
-> Request 2
426
(1, 3, 1)
1
(55, 45)
--> Day : 4
-> Request 0
104
(3, 1, 2)
3
(57, 27)
-> Request 1
424
(4, 3, 2)
3
(71, 3)
-> Request 2
479
(2, 1, 1)
3
(4, 42)
-> Request 3
508
(4, 3, 2)
2
(5, 60)
-> Request 4
529
(2, 3, 2)
2
(40, 27)
-> Request 5
755
(2, 3, 1)
3
(52, 73)
-> Request 6
1217
(3, 2, 2)
3
(38, 8)
-> Request 7
1295
(4, 3, 1)
1
(72, 75)
-> Request 8
1335
(3, 1, 1)
1
(10, 15)
-> Request 9
1387
(1, 1, 2)
3
(74, 35)
---> Week : 75
--> Day : 0
-> Request 0
235
(4, 2, 2)
1
(16, 67)
-> Request 1
280
(2, 3, 2)
2
(12, 27)
-> Request 2
305
(2, 2, 2)
3
(37, 0)
-> Request 3
662
(3, 3, 2)
3
(37, 60)
-> Request 4
683
(3, 3, 1)
3
(36, 37)
-> Request 5
735
(1, 3, 2)
1
(20, 30)
-> Request 6
954
(3, 1, 2)
2
(8, 32)
-> Request 7
1128
(3, 1, 2)
3
(73, 44)
-> Request 8
1307
(3, 1, 1)
2
(31, 39)
--> Day : 1
-> Request 0
660
(4, 2, 2)
2
(36, 5)
-> Request 1
1057
(3, 3, 2)
2
(70, 6)
-> Request 2
1062
(4, 1, 2)
3
(8, 66)
-> Request 3
1143
(4, 2, 1)
3
(9, 6)
-> Request 4
1217
(4, 2, 2)
3
(16, 48)
-> Request 5
1407
(3, 3, 2)
3
(40, 11)
-> Request 6
1426
(4, 3, 1)
2
(53, 43)
--> Day : 2
-> Request 0
23
(2, 1, 1)
2
(9, 70)
-> Request 1
128
(4, 3, 1)
2
(73, 67)
-> Request 2
237
(1, 2, 2)
2
(16, 70)
-> Request 3
289
(2, 3, 1)
3
(56, 22)
-> Request 4
345
(2, 2, 2)
2
(69, 11)
-> Request 5
582
(2, 3, 1)
3
(68, 32)
-> Request 6
595
(4, 3, 1)
1
(9, 34)
-> Request 7
628
(1, 1, 2)
3
(0, 20)
-> Request 8
775
(1, 1, 2)
3
(40, 51)
-> Request 9
882
(4, 1, 1)
2
(33, 74)
-> Request 10
998
(3, 3, 2)
2
(35, 54)
-> Request 11
1106
(3, 2, 1)
1
(17, 43)
--> Day : 3
-> Request 0
403
(4, 1, 1)
2
(21, 11)
-> Request 1
1064
(1, 2, 2)
3
(33, 32)
--> Day : 4
-> Request 0
201
(4, 2, 2)
3
(31, 47)
-> Request 1
652
(4, 2, 2)
3
(69, 30)
-> Request 2
923
(2, 1, 1)
2
(0, 18)
-> Request 3
1081
(3, 1, 2)
1
(47, 11)
-> Request 4
1094
(3, 2, 2)
3
(65, 6)
-> Request 5
1119
(4, 2, 1)
2
(28, 34)
-> Request 6
1293
(1, 1, 1)
1
(32, 33)
-> Request 7
1376
(1, 2, 1)
2
(16, 44)
---> Week : 76
--> Day : 0
-> Request 0
93
(2, 3, 1)
2
(33, 45)
-> Request 1
95
(1, 3, 2)
2
(56, 61)
-> Request 2
510
(2, 3, 2)
3
(72, 62)
-> Request 3
556
(1, 1, 1)
1
(38, 29)
-> Request 4
1010
(2, 3, 2)
2
(20, 25)
-> Request 5
1437
(2, 3, 2)
2
(0, 44)
--> Day : 1
-> Request 0
173
(2, 2, 1)
1
(2, 27)
-> Request 1
408
(4, 2, 1)
2
(43, 59)
-> Request 2
471
(1, 1, 2)
2
(27, 0)
-> Request 3
562
(2, 2, 2)
1
(5, 13)
-> Request 4
659
(4, 2, 1)
1
(55, 6)
-> Request 5
700
(3, 3, 2)
2
(67, 74)
-> Request 6
782
(3, 1, 2)
3
(9, 5)
-> Request 7
1075
(2, 3, 1)
3
(3, 39)
-> Request 8
1289
(2, 3, 1)
1
(38, 77)
-> Request 9
1344
(3, 1, 2)
2
(69, 74)
--> Day : 2
-> Request 0
348
(2, 2, 1)
2
(2, 48)
-> Request 1
351
(2, 1, 2)
3
(19, 63)
-> Request 2
569
(3, 2, 2)
3
(68, 55)
-> Request 3
700
(1, 3, 1)
3
(25, 54)
-> Request 4
788
(3, 3, 1)
1
(46, 25)
-> Request 5
1046
(4, 1, 2)
3
(11, 17)
-> Request 6
1082
(1, 3, 1)
1
(62, 56)
-> Request 7
1274
(2, 3, 1)
2
(58, 42)
--> Day : 3
-> Request 0
137
(2, 2, 1)
2
(73, 12)
-> Request 1
158
(1, 3, 1)
3
(48, 76)
-> Request 2
244
(1, 1, 1)
2
(3, 48)
-> Request 3
301
(2, 2, 2)
1
(44, 29)
-> Request 4
646
(4, 3, 2)
2
(1, 53)
-> Request 5
884
(2, 3, 1)
3
(13, 75)
-> Request 6
1048
(3, 1, 2)
1
(20, 64)
--> Day : 4
-> Request 0
154
(3, 3, 1)
3
(15, 78)
-> Request 1
336
(1, 3, 2)
2
(33, 8)
-> Request 2
374
(4, 1, 2)
2
(28, 62)
-> Request 3
503
(1, 1, 1)
2
(42, 79)
-> Request 4
633
(4, 3, 2)
2
(18, 19)
-> Request 5
693
(3, 2, 1)
2
(29, 66)
-> Request 6
948
(4, 1, 2)
3
(61, 13)
-> Request 7
1219
(3, 3, 1)
2
(4, 57)
-> Request 8
1247
(2, 2, 1)
3
(22, 71)
-> Request 9
1277
(1, 1, 2)
1
(52, 4)
-> Request 10
1293
(1, 2, 1)
3
(52, 52)
-> Request 11
1294
(4, 2, 1)
3
(33, 75)
-> Request 12
1354
(3, 1, 2)
2
(64, 8)
---> Week : 77
--> Day : 0
-> Request 0
8
(3, 3, 2)
1
(71, 25)
-> Request 1
49
(2, 3, 2)
3
(39, 26)
-> Request 2
56
(4, 3, 1)
2
(58, 74)
-> Request 3
60
(1, 1, 2)
2
(12, 58)
-> Request 4
183
(2, 3, 2)
1
(29, 74)
-> Request 5
314
(2, 3, 1)
3
(23, 58)
-> Request 6
320
(1, 3, 1)
2
(18, 57)
-> Request 7
340
(1, 3, 1)
1
(7, 29)
-> Request 8
1132
(3, 2, 1)
1
(31, 58)
-> Request 9
1301
(1, 2, 2)
2
(49, 2)
-> Request 10
1429
(4, 3, 2)
1
(21, 8)
--> Day : 1
-> Request 0
155
(3, 2, 1)
1
(17, 59)
-> Request 1
199
(3, 1, 2)
1
(26, 32)
-> Request 2
749
(4, 2, 1)
3
(61, 31)
-> Request 3
963
(3, 2, 1)
3
(69, 48)
-> Request 4
1205
(3, 1, 1)
1
(5, 40)
-> Request 5
1346
(1, 1, 2)
2
(5, 47)
-> Request 6
1417
(3, 1, 1)
3
(27, 70)
--> Day : 2
-> Request 0
32
(2, 3, 1)
3
(1, 10)
-> Request 1
89
(3, 3, 1)
1
(38, 54)
-> Request 2
141
(2, 1, 1)
2
(25, 4)
-> Request 3
419
(4, 3, 2)
2
(21, 62)
-> Request 4
570
(3, 1, 2)
2
(67, 11)
-> Request 5
956
(3, 2, 1)
3
(17, 51)
-> Request 6
956
(4, 1, 1)
2
(42, 67)
--> Day : 3
-> Request 0
188
(4, 1, 2)
1
(6, 69)
-> Request 1
480
(3, 3, 2)
3
(9, 71)
-> Request 2
490
(2, 1, 2)
3
(54, 57)
-> Request 3
518
(4, 2, 1)
3
(51, 17)
-> Request 4
1071
(3, 1, 2)
1
(30, 78)
-> Request 5
1080
(1, 2, 2)
2
(0, 53)
-> Request 6
1314
(1, 3, 1)
1
(63, 16)
--> Day : 4
-> Request 0
238
(2, 1, 1)
2
(34, 32)
-> Request 1
306
(1, 3, 2)
1
(22, 21)
-> Request 2
348
(4, 2, 1)
1
(31, 59)
-> Request 3
371
(2, 1, 2)
2
(45, 36)
-> Request 4
386
(1, 1, 1)
1
(13, 59)
-> Request 5
543
(2, 3, 1)
1
(17, 53)
-> Request 6
633
(4, 2, 2)
3
(73, 71)
-> Request 7
639
(3, 2, 1)
1
(38, 66)
-> Request 8
1000
(3, 2, 2)
1
(50, 41)
-> Request 9
1003
(1, 1, 1)
2
(42, 33)
-> Request 10
1027
(3, 1, 1)
1
(51, 23)
-> Request 11
1287
(3, 1, 1)
3
(4, 68)
---> Week : 78
--> Day : 0
-> Request 0
355
(2, 2, 1)
3
(65, 28)
-> Request 1
663
(3, 1, 1)
2
(57, 51)
-> Request 2
790
(4, 3, 1)
2
(34, 59)
-> Request 3
973
(4, 2, 2)
3
(28, 7)
-> Request 4
977
(1, 3, 2)
3
(49, 76)
-> Request 5
1418
(4, 3, 1)
2
(63, 4)
--> Day : 1
-> Request 0
155
(4, 1, 1)
2
(48, 55)
-> Request 1
179
(1, 2, 2)
2
(44, 12)
-> Request 2
247
(1, 3, 1)
2
(68, 26)
-> Request 3
277
(2, 1, 1)
2
(13, 14)
-> Request 4
334
(1, 1, 2)
1
(52, 74)
-> Request 5
386
(2, 2, 1)
3
(21, 44)
-> Request 6
780
(4, 2, 2)
2
(29, 31)
-> Request 7
802
(1, 2, 2)
1
(53, 16)
-> Request 8
961
(2, 2, 2)
3
(62, 70)
-> Request 9
1038
(4, 2, 2)
1
(44, 2)
--> Day : 2
-> Request 0
198
(3, 3, 1)
3
(20, 12)
-> Request 1
381
(1, 3, 1)
3
(64, 53)
-> Request 2
541
(1, 1, 2)
1
(69, 24)
-> Request 3
839
(3, 2, 2)
1
(33, 44)
-> Request 4
906
(3, 3, 2)
1
(68, 24)
-> Request 5
972
(1, 2, 2)
2
(27, 65)
-> Request 6
1096
(4, 3, 2)
3
(13, 48)
-> Request 7
1145
(3, 1, 1)
2
(53, 20)
-> Request 8
1393
(4, 1, 2)
3
(21, 42)
-> Request 9
1418
(4, 3, 1)
3
(67, 58)
--> Day : 3
-> Request 0
16
(2, 1, 2)
3
(13, 40)
-> Request 1
42
(1, 3, 2)
2
(18, 48)
-> Request 2
88
(3, 3, 2)
1
(44, 48)
-> Request 3
303
(4, 1, 2)
1
(61, 70)
-> Request 4
631
(1, 1, 1)
3
(63, 13)
-> Request 5
702
(4, 1, 1)
1
(51, 33)
-> Request 6
1103
(3, 1, 2)
2
(32, 8)
-> Request 7
1147
(1, 3, 1)
1
(79, 23)
-> Request 8
1172
(2, 1, 2)
1
(70, 1)
-> Request 9
1195
(3, 1, 2)
3
(25, 49)
-> Request 10
1288
(2, 1, 1)
2
(25, 65)
--> Day : 4
-> Request 0
43
(1, 3, 1)
2
(18, 17)
-> Request 1
80
(2, 3, 2)
3
(42, 22)
-> Request 2
330
(1, 3, 2)
3
(40, 73)
-> Request 3
398
(1, 2, 2)
2
(29, 1)
-> Request 4
776
(2, 2, 2)
2
(15, 44)
-> Request 5
975
(1, 3, 1)
3
(37, 2)
-> Request 6
995
(2, 2, 1)
3
(25, 67)
-> Request 7
1034
(3, 2, 2)
3
(51, 59)
-> Request 8
1046
(2, 3, 1)
1
(9, 26)
-> Request 9
1310
(1, 1, 1)
2
(77, 72)
-> Request 10
1391
(1, 2, 1)
1
(58, 69)
---> Week : 79
--> Day : 0
-> Request 0
29
(4, 3, 1)
3
(72, 59)
-> Request 1
85
(4, 2, 2)
2
(61, 73)
-> Request 2
119
(2, 2, 2)
3
(28, 23)
-> Request 3
326
(1, 2, 2)
1
(37, 9)
-> Request 4
347
(2, 1, 1)
3
(75, 20)
-> Request 5
404
(4, 3, 2)
3
(42, 60)
-> Request 6
566
(1, 1, 1)
1
(75, 45)
-> Request 7
893
(1, 3, 2)
3
(64, 44)
-> Request 8
1056
(4, 1, 2)
3
(52, 22)
-> Request 9
1246
(4, 3, 1)
3
(35, 0)
-> Request 10
1359
(1, 3, 1)
2
(47, 20)
--> Day : 1
-> Request 0
12
(1, 3, 1)
2
(5, 41)
-> Request 1
119
(1, 2, 2)
2
(17, 58)
-> Request 2
493
(2, 3, 1)
3
(61, 23)
-> Request 3
496
(2, 3, 1)
3
(19, 63)
-> Request 4
621
(1, 3, 2)
2
(36, 27)
-> Request 5
882
(2, 1, 2)
3
(75, 30)
-> Request 6
891
(1, 3, 1)
3
(40, 33)
-> Request 7
911
(3, 2, 2)
2
(76, 16)
-> Request 8
1124
(4, 3, 1)
1
(77, 65)
-> Request 9
1246
(4, 3, 2)
3
(35, 29)
-> Request 10
1393
(1, 1, 2)
1
(27, 48)
--> Day : 2
-> Request 0
401
(3, 2, 2)
2
(36, 54)
-> Request 1
444
(3, 2, 1)
2
(50, 75)
-> Request 2
589
(1, 3, 1)
1
(72, 4)
-> Request 3
697
(2, 2, 1)
2
(58, 33)
-> Request 4
706
(1, 2, 2)
3
(36, 61)
-> Request 5
1253
(1, 3, 1)
2
(40, 34)
-> Request 6
1288
(1, 3, 1)
3
(46, 76)
-> Request 7
1337
(4, 3, 2)
2
(59, 17)
-> Request 8
1342
(2, 1, 2)
1
(15, 59)
--> Day : 3
-> Request 0
295
(2, 2, 2)
1
(55, 32)
-> Request 1
310
(4, 1, 2)
3
(79, 58)
-> Request 2
428
(1, 1, 1)
2
(50, 71)
-> Request 3
578
(4, 2, 2)
3
(61, 51)
-> Request 4
601
(3, 2, 1)
1
(22, 30)
-> Request 5
940
(3, 3, 2)
3
(21, 61)
-> Request 6
973
(3, 1, 2)
2
(74, 55)
-> Request 7
1101
(3, 2, 1)
1
(14, 79)
-> Request 8
1107
(3, 1, 1)
1
(26, 0)
-> Request 9
1215
(2, 2, 1)
2
(32, 3)
--> Day : 4
-> Request 0
93
(4, 1, 1)
2
(50, 3)
-> Request 1
97
(1, 2, 1)
1
(21, 70)
-> Request 2
398
(4, 3, 2)
2
(46, 51)
-> Request 3
452
(2, 2, 1)
3
(3, 21)
-> Request 4
490
(2, 1, 2)
2
(40, 77)
-> Request 5
1163
(2, 1, 1)
1
(38, 8)
-> Request 6
1388
(2, 2, 1)
3
(24, 28)
-> Request 7
1415
(3, 1, 1)
2
(69, 40)
---> Week : 80
--> Day : 0
-> Request 0
84
(1, 1, 2)
3
(17, 15)
-> Request 1
165
(3, 3, 2)
2
(79, 66)
-> Request 2
171
(2, 3, 1)
3
(2, 16)
-> Request 3
209
(3, 2, 2)
3
(55, 41)
-> Request 4
279
(4, 3, 2)
1
(41, 42)
-> Request 5
909
(4, 1, 2)
1
(26, 34)
-> Request 6
1083
(4, 3, 2)
1
(70, 48)
-> Request 7
1418
(2, 1, 2)
3
(46, 69)
-> Request 8
1423
(2, 3, 2)
2
(22, 14)
--> Day : 1
-> Request 0
243
(2, 1, 1)
1
(35, 14)
-> Request 1
309
(1, 1, 2)
2
(6, 2)
-> Request 2
330
(2, 1, 1)
1
(1, 79)
-> Request 3
460
(2, 3, 1)
2
(38, 27)
-> Request 4
476
(4, 3, 2)
2
(67, 52)
-> Request 5
540
(2, 1, 1)
1
(0, 21)
-> Request 6
687
(4, 2, 2)
1
(20, 37)
-> Request 7
871
(1, 3, 1)
1
(41, 44)
-> Request 8
1286
(3, 3, 1)
1
(28, 77)
--> Day : 2
-> Request 0
108
(3, 1, 1)
3
(70, 23)
-> Request 1
403
(2, 2, 2)
2
(45, 57)
-> Request 2
492
(3, 2, 2)
1
(7, 72)
-> Request 3
578
(1, 3, 1)
1
(29, 33)
-> Request 4
611
(2, 3, 1)
1
(64, 41)
-> Request 5
623
(2, 1, 1)
2
(21, 59)
-> Request 6
907
(1, 3, 2)
3
(27, 21)
-> Request 7
1006
(1, 2, 2)
3
(27, 26)
-> Request 8
1060
(1, 1, 2)
1
(63, 57)
-> Request 9
1292
(3, 3, 2)
2
(17, 31)
-> Request 10
1382
(1, 1, 2)
2
(13, 42)
-> Request 11
1437
(3, 3, 2)
3
(58, 79)
--> Day : 3
-> Request 0
24
(3, 3, 1)
1
(55, 59)
-> Request 1
67
(2, 3, 2)
3
(46, 16)
-> Request 2
117
(1, 3, 2)
2
(33, 29)
-> Request 3
162
(1, 3, 1)
2
(16, 70)
-> Request 4
203
(2, 2, 1)
1
(13, 3)
-> Request 5
311
(2, 3, 1)
2
(61, 24)
-> Request 6
655
(3, 3, 1)
1
(28, 47)
-> Request 7
996
(1, 1, 2)
3
(4, 65)
-> Request 8
1255
(3, 1, 2)
1
(60, 45)
-> Request 9
1261
(1, 3, 1)
3
(73, 28)
-> Request 10
1370
(3, 3, 1)
2
(69, 79)
-> Request 11
1402
(4, 1, 1)
2
(8, 58)
--> Day : 4
-> Request 0
24
(1, 2, 1)
1
(72, 24)
-> Request 1
78
(1, 2, 2)
2
(1, 46)
-> Request 2
158
(3, 2, 2)
3
(37, 61)
-> Request 3
205
(4, 1, 2)
2
(7, 0)
-> Request 4
239
(2, 1, 1)
3
(70, 33)
-> Request 5
339
(4, 2, 2)
3
(20, 8)
-> Request 6
416
(1, 2, 2)
1
(47, 76)
-> Request 7
488
(3, 3, 2)
1
(78, 37)
-> Request 8
551
(1, 3, 1)
3
(8, 29)
-> Request 9
563
(2, 3, 1)
2
(11, 78)
-> Request 10
650
(4, 2, 1)
2
(11, 52)
-> Request 11
827
(4, 1, 1)
1
(79, 40)
-> Request 12
1014
(2, 1, 2)
1
(38, 27)
-> Request 13
1048
(3, 3, 1)
3
(29, 49)
-> Request 14
1178
(4, 2, 1)
2
(19, 77)
-> Request 15
1328
(4, 1, 1)
2
(31, 41)
---> Week : 81
--> Day : 0
-> Request 0
338
(4, 1, 2)
2
(23, 44)
-> Request 1
555
(3, 2, 2)
1
(34, 60)
-> Request 2
660
(1, 2, 1)
1
(13, 45)
-> Request 3
685
(2, 3, 1)
3
(35, 6)
-> Request 4
809
(2, 1, 1)
3
(13, 67)
-> Request 5
945
(1, 3, 2)
2
(9, 11)
-> Request 6
1117
(4, 2, 2)
1
(50, 13)
-> Request 7
1232
(4, 1, 2)
1
(72, 72)
-> Request 8
1278
(3, 3, 2)
1
(43, 22)
--> Day : 1
-> Request 0
206
(4, 1, 1)
2
(21, 24)
-> Request 1
336
(3, 2, 2)
1
(56, 67)
-> Request 2
345
(3, 1, 2)
3
(68, 9)
-> Request 3
423
(4, 2, 1)
3
(38, 31)
-> Request 4
673
(3, 2, 1)
3
(4, 32)
-> Request 5
1263
(2, 3, 1)
1
(75, 41)
-> Request 6
1302
(1, 2, 2)
2
(65, 60)
-> Request 7
1390
(2, 2, 1)
1
(37, 48)
--> Day : 2
-> Request 0
273
(1, 2, 2)
3
(58, 41)
-> Request 1
447
(4, 1, 1)
1
(56, 12)
-> Request 2
691
(2, 2, 2)
1
(20, 69)
-> Request 3
696
(2, 1, 1)
3
(48, 1)
-> Request 4
1146
(2, 2, 2)
2
(40, 76)
-> Request 5
1252
(3, 3, 1)
1
(19, 57)
-> Request 6
1309
(3, 2, 1)
3
(5, 45)
-> Request 7
1379
(3, 3, 2)
2
(52, 12)
-> Request 8
1437
(4, 1, 1)
2
(77, 58)
--> Day : 3
-> Request 0
127
(1, 1, 1)
3
(65, 8)
-> Request 1
378
(1, 2, 2)
1
(50, 19)
-> Request 2
469
(1, 1, 2)
3
(52, 34)
-> Request 3
618
(3, 1, 2)
2
(29, 27)
-> Request 4
720
(3, 1, 1)
3
(74, 8)
-> Request 5
839
(4, 3, 1)
3
(32, 38)
-> Request 6
1048
(3, 1, 1)
3
(79, 49)
-> Request 7
1109
(3, 2, 2)
2
(71, 62)
-> Request 8
1180
(4, 3, 1)
2
(33, 5)
--> Day : 4
-> Request 0
144
(4, 1, 2)
3
(72, 67)
-> Request 1
578
(3, 2, 2)
3
(71, 74)
-> Request 2
695
(4, 2, 1)
3
(35, 56)
-> Request 3
763
(4, 1, 2)
2
(79, 75)
-> Request 4
836
(3, 2, 2)
1
(64, 25)
-> Request 5
859
(2, 3, 1)
2
(48, 46)
-> Request 6
1068
(2, 1, 2)
1
(61, 59)
-> Request 7
1181
(1, 3, 1)
2
(39, 30)
-> Request 8
1352
(2, 2, 2)
2
(70, 52)
---> Week : 82
--> Day : 0
-> Request 0
189
(1, 3, 1)
3
(33, 3)
-> Request 1
197
(1, 2, 2)
1
(48, 46)
-> Request 2
391
(1, 1, 1)
3
(23, 6)
-> Request 3
440
(1, 2, 1)
1
(67, 22)
-> Request 4
602
(3, 1, 2)
2
(46, 21)
-> Request 5
694
(3, 2, 2)
1
(16, 8)
-> Request 6
1367
(4, 3, 1)
3
(57, 14)
-> Request 7
1433
(4, 3, 1)
1
(67, 2)
--> Day : 1
-> Request 0
133
(3, 1, 1)
2
(43, 4)
-> Request 1
597
(4, 3, 1)
3
(70, 63)
-> Request 2
643
(2, 2, 2)
2
(32, 3)
-> Request 3
711
(3, 2, 2)
2
(45, 56)
-> Request 4
851
(3, 3, 1)
1
(51, 65)
-> Request 5
1176
(3, 1, 1)
3
(71, 27)
--> Day : 2
-> Request 0
24
(1, 1, 1)
1
(61, 41)
-> Request 1
63
(2, 1, 1)
3
(61, 71)
-> Request 2
92
(1, 1, 1)
2
(50, 69)
-> Request 3
439
(1, 2, 1)
3
(34, 67)
-> Request 4
546
(4, 3, 2)
1
(26, 24)
-> Request 5
552
(3, 3, 2)
2
(40, 19)
-> Request 6
687
(1, 2, 1)
3
(50, 53)
-> Request 7
785
(4, 1, 1)
1
(45, 31)
-> Request 8
1192
(4, 1, 2)
1
(56, 45)
-> Request 9
1322
(3, 1, 2)
2
(77, 29)
--> Day : 3
-> Request 0
35
(4, 1, 2)
1
(63, 29)
-> Request 1
501
(4, 3, 2)
2
(53, 27)
-> Request 2
673
(3, 3, 1)
2
(54, 70)
-> Request 3
914
(2, 3, 1)
3
(65, 24)
-> Request 4
1302
(1, 1, 1)
2
(79, 65)
--> Day : 4
-> Request 0
299
(4, 1, 2)
2
(15, 36)
-> Request 1
578
(2, 2, 1)
1
(52, 20)
-> Request 2
653
(1, 2, 1)
3
(70, 34)
-> Request 3
676
(1, 2, 1)
3
(37, 61)
-> Request 4
743
(1, 3, 1)
3
(17, 58)
-> Request 5
1025
(2, 3, 2)
3
(8, 17)
-> Request 6
1149
(3, 2, 2)
3
(46, 61)
-> Request 7
1276
(3, 1, 2)
2
(41, 7)
-> Request 8
1286
(4, 2, 2)
3
(61, 66)
-> Request 9
1304
(2, 3, 1)
1
(53, 21)
-> Request 10
1386
(1, 2, 1)
2
(75, 69)
-> Request 11
1398
(2, 2, 2)
2
(79, 74)
---> Week : 83
--> Day : 0
-> Request 0
173
(2, 1, 1)
3
(20, 46)
-> Request 1
438
(2, 1, 2)
2
(64, 68)
-> Request 2
458
(3, 3, 2)
3
(47, 32)
-> Request 3
489
(3, 1, 1)
3
(0, 69)
-> Request 4
542
(2, 1, 2)
2
(16, 41)
-> Request 5
626
(3, 1, 2)
3
(9, 57)
-> Request 6
633
(2, 3, 2)
2
(71, 57)
-> Request 7
723
(1, 2, 1)
3
(7, 32)
-> Request 8
807
(1, 1, 2)
3
(32, 56)
-> Request 9
948
(3, 1, 2)
3
(4, 12)
-> Request 10
972
(4, 1, 1)
1
(39, 41)
-> Request 11
977
(4, 2, 2)
1
(65, 66)
-> Request 12
1135
(4, 2, 2)
2
(64, 73)
-> Request 13
1266
(1, 2, 2)
3
(48, 67)
-> Request 14
1282
(3, 1, 2)
3
(23, 31)
-> Request 15
1303
(2, 2, 1)
2
(4, 60)
-> Request 16
1308
(3, 1, 1)
1
(52, 65)
-> Request 17
1335
(4, 3, 1)
1
(46, 50)
-> Request 18
1413
(1, 3, 1)
2
(41, 68)
--> Day : 1
-> Request 0
208
(4, 1, 1)
3
(48, 43)
-> Request 1
392
(2, 1, 2)
1
(29, 25)
-> Request 2
420
(1, 3, 2)
1
(20, 26)
-> Request 3
786
(1, 3, 1)
2
(49, 18)
-> Request 4
807
(4, 2, 2)
2
(62, 69)
-> Request 5
1222
(1, 1, 1)
1
(26, 26)
-> Request 6
1287
(4, 2, 1)
1
(19, 58)
-> Request 7
1413
(2, 1, 2)
1
(47, 47)
--> Day : 2
-> Request 0
35
(4, 1, 2)
3
(73, 17)
-> Request 1
320
(1, 3, 1)
2
(35, 25)
-> Request 2
360
(4, 2, 1)
3
(48, 6)
-> Request 3
399
(1, 1, 1)
3
(15, 54)
-> Request 4
518
(4, 2, 1)
2
(40, 37)
-> Request 5
724
(2, 3, 1)
2
(71, 38)
-> Request 6
1035
(1, 3, 2)
1
(78, 43)
-> Request 7
1084
(4, 3, 2)
2
(4, 24)
-> Request 8
1331
(1, 3, 2)
2
(79, 47)
-> Request 9
1391
(2, 3, 1)
2
(8, 68)
--> Day : 3
-> Request 0
20
(2, 1, 1)
3
(77, 34)
-> Request 1
440
(1, 1, 2)
1
(74, 42)
-> Request 2
484
(3, 2, 2)
2
(73, 41)
-> Request 3
1167
(4, 3, 1)
2
(36, 75)
-> Request 4
1418
(4, 3, 1)
1
(78, 69)
--> Day : 4
-> Request 0
184
(1, 2, 1)
3
(17, 54)
-> Request 1
507
(4, 3, 2)
3
(35, 77)
-> Request 2
613
(4, 2, 2)
1
(70, 51)
-> Request 3
632
(2, 2, 2)
1
(3, 15)
-> Request 4
689
(1, 1, 1)
2
(7, 74)
-> Request 5
758
(1, 1, 2)
2
(72, 14)
-> Request 6
1207
(3, 2, 1)
1
(51, 75)
-> Request 7
1222
(2, 3, 2)
3
(74, 52)
-> Request 8
1319
(1, 1, 2)
3
(59, 21)
-> Request 9
1409
(2, 1, 2)
2
(34, 52)
---> Week : 84
--> Day : 0
-> Request 0
37
(4, 3, 1)
3
(32, 70)
-> Request 1
359
(4, 3, 2)
2
(57, 55)
-> Request 2
446
(2, 3, 2)
2
(38, 38)
-> Request 3
698
(1, 3, 1)
3
(11, 43)
-> Request 4
722
(1, 1, 2)
1
(28, 63)
-> Request 5
737
(3, 3, 1)
1
(65, 36)
-> Request 6
920
(3, 3, 2)
2
(34, 67)
-> Request 7
1011
(4, 1, 2)
3
(57, 36)
-> Request 8
1062
(3, 3, 2)
1
(20, 45)
-> Request 9
1122
(4, 2, 2)
2
(7, 68)
-> Request 10
1397
(4, 3, 2)
2
(39, 1)
--> Day : 1
-> Request 0
144
(4, 3, 2)
3
(3, 13)
-> Request 1
350
(1, 3, 2)
1
(7, 4)
-> Request 2
370
(4, 1, 2)
1
(38, 53)
-> Request 3
649
(1, 2, 2)
1
(12, 17)
-> Request 4
827
(4, 3, 1)
2
(3, 72)
-> Request 5
1195
(1, 3, 1)
1
(48, 14)
-> Request 6
1287
(4, 1, 1)
1
(41, 4)
--> Day : 2
-> Request 0
21
(1, 1, 1)
3
(14, 50)
-> Request 1
355
(1, 1, 1)
3
(21, 48)
-> Request 2
572
(4, 2, 1)
3
(45, 45)
-> Request 3
886
(1, 2, 1)
2
(35, 23)
-> Request 4
897
(3, 3, 1)
1
(37, 57)
-> Request 5
1059
(3, 2, 1)
2
(1, 45)
-> Request 6
1412
(1, 2, 1)
3
(34, 72)
-> Request 7
1413
(2, 2, 2)
2
(43, 43)
--> Day : 3
-> Request 0
37
(2, 2, 1)
1
(72, 44)
-> Request 1
55
(1, 2, 1)
1
(33, 78)
-> Request 2
214
(3, 2, 2)
1
(43, 44)
-> Request 3
304
(3, 1, 1)
1
(20, 61)
-> Request 4
443
(1, 3, 1)
2
(76, 50)
-> Request 5
540
(4, 2, 2)
3
(44, 42)
-> Request 6
799
(4, 1, 2)
3
(67, 53)
-> Request 7
1295
(1, 3, 2)
1
(23, 50)
--> Day : 4
-> Request 0
10
(1, 1, 2)
1
(35, 71)
-> Request 1
106
(3, 2, 1)
1
(61, 1)
-> Request 2
210
(3, 2, 2)
1
(68, 58)
-> Request 3
427
(1, 2, 2)
2
(62, 48)
-> Request 4
583
(4, 1, 1)
2
(12, 56)
-> Request 5
880
(2, 3, 1)
3
(68, 79)
-> Request 6
994
(1, 3, 2)
1
(40, 4)
-> Request 7
1004
(3, 3, 2)
1
(6, 64)
-> Request 8
1274
(4, 3, 1)
3
(38, 50)
---> Week : 85
--> Day : 0
-> Request 0
200
(1, 3, 2)
2
(66, 22)
-> Request 1
323
(1, 3, 1)
2
(14, 47)
-> Request 2
371
(2, 1, 2)
1
(49, 24)
-> Request 3
581
(3, 3, 1)
3
(42, 68)
-> Request 4
607
(2, 1, 2)
2
(4, 29)
-> Request 5
860
(2, 3, 2)
1
(58, 26)
-> Request 6
1410
(1, 3, 2)
1
(54, 33)
--> Day : 1
-> Request 0
110
(2, 2, 1)
2
(3, 31)
-> Request 1
240
(1, 2, 2)
1
(10, 12)
-> Request 2
350
(2, 2, 2)
1
(68, 2)
-> Request 3
589
(2, 1, 1)
1
(24, 71)
-> Request 4
744
(1, 3, 2)
1
(15, 14)
-> Request 5
841
(2, 3, 1)
3
(56, 72)
-> Request 6
908
(2, 1, 2)
3
(49, 62)
-> Request 7
993
(1, 3, 2)
1
(56, 13)
-> Request 8
1002
(1, 1, 2)
2
(50, 56)
--> Day : 2
-> Request 0
57
(4, 1, 2)
2
(52, 29)
-> Request 1
72
(3, 3, 1)
3
(74, 47)
-> Request 2
165
(1, 3, 1)
3
(45, 78)
-> Request 3
168
(4, 3, 2)
3
(73, 17)
-> Request 4
170
(1, 3, 2)
3
(38, 46)
-> Request 5
698
(4, 3, 1)
2
(1, 20)
-> Request 6
804
(3, 3, 1)
1
(46, 78)
-> Request 7
829
(3, 3, 1)
3
(43, 38)
-> Request 8
849
(3, 3, 2)
3
(54, 41)
-> Request 9
1251
(3, 1, 1)
3
(74, 32)
-> Request 10
1408
(1, 2, 1)
2
(31, 63)
--> Day : 3
-> Request 0
360
(4, 2, 1)
1
(60, 5)
-> Request 1
608
(2, 3, 1)
3
(47, 45)
-> Request 2
816
(4, 2, 1)
2
(74, 2)
-> Request 3
931
(4, 3, 2)
2
(37, 9)
-> Request 4
1272
(3, 1, 1)
2
(42, 18)
-> Request 5
1297
(1, 3, 2)
1
(79, 15)
--> Day : 4
-> Request 0
4
(3, 3, 2)
1
(11, 17)
-> Request 1
10
(4, 1, 2)
2
(77, 9)
-> Request 2
23
(3, 2, 1)
1
(36, 28)
-> Request 3
120
(3, 3, 2)
2
(26, 75)
-> Request 4
303
(1, 2, 1)
2
(79, 55)
-> Request 5
385
(1, 2, 1)
1
(66, 11)
-> Request 6
595
(3, 3, 1)
2
(29, 16)
-> Request 7
632
(1, 3, 2)
1
(62, 56)
-> Request 8
640
(3, 3, 1)
2
(67, 20)
-> Request 9
698
(4, 3, 2)
1
(37, 39)
-> Request 10
724
(1, 2, 1)
2
(7, 49)
-> Request 11
1030
(4, 1, 1)
3
(21, 22)
-> Request 12
1364
(4, 3, 2)
2
(16, 11)
---> Week : 86
--> Day : 0
-> Request 0
206
(3, 3, 1)
3
(56, 29)
-> Request 1
231
(4, 2, 1)
1
(19, 17)
-> Request 2
328
(2, 2, 2)
3
(54, 60)
-> Request 3
493
(3, 2, 1)
3
(8, 76)
-> Request 4
541
(2, 3, 1)
1
(5, 26)
-> Request 5
574
(2, 2, 1)
2
(57, 66)
-> Request 6
627
(3, 1, 2)
1
(55, 23)
-> Request 7
903
(3, 3, 1)
1
(34, 8)
-> Request 8
983
(1, 3, 2)
1
(58, 58)
-> Request 9
1096
(4, 2, 2)
3
(3, 78)
-> Request 10
1174
(3, 2, 2)
1
(37, 19)
-> Request 11
1333
(3, 2, 1)
3
(67, 54)
-> Request 12
1377
(4, 1, 2)
3
(62, 17)
--> Day : 1
-> Request 0
34
(2, 1, 1)
1
(28, 41)
-> Request 1
46
(3, 3, 1)
1
(79, 43)
-> Request 2
68
(1, 3, 1)
3
(68, 20)
-> Request 3
130
(1, 2, 1)
3
(49, 33)
-> Request 4
591
(3, 1, 2)
1
(35, 36)
-> Request 5
617
(4, 2, 2)
2
(50, 16)
-> Request 6
653
(2, 1, 2)
1
(72, 0)
-> Request 7
663
(1, 2, 2)
3
(2, 57)
-> Request 8
814
(4, 2, 1)
3
(54, 31)
-> Request 9
920
(1, 3, 2)
1
(55, 52)
-> Request 10
920
(3, 1, 2)
3
(13, 64)
-> Request 11
982
(4, 3, 1)
3
(66, 1)
-> Request 12
1118
(3, 3, 2)
1
(27, 72)
--> Day : 2
-> Request 0
14
(2, 2, 1)
1
(5, 40)
-> Request 1
251
(3, 2, 2)
2
(47, 10)
-> Request 2
614
(2, 1, 2)
3
(3, 36)
-> Request 3
666
(4, 2, 1)
1
(16, 29)
--> Day : 3
-> Request 0
58
(4, 1, 1)
3
(70, 37)
-> Request 1
135
(2, 1, 1)
2
(63, 23)
-> Request 2
223
(4, 3, 2)
3
(7, 58)
-> Request 3
413
(4, 1, 2)
2
(33, 33)
-> Request 4
1093
(4, 2, 2)
2
(33, 29)
-> Request 5
1283
(2, 2, 1)
3
(46, 10)
-> Request 6
1284
(1, 2, 1)
1
(1, 1)
-> Request 7
1357
(3, 1, 1)
1
(7, 20)
--> Day : 4
-> Request 0
419
(1, 3, 1)
3
(78, 55)
-> Request 1
550
(3, 1, 2)
3
(68, 51)
-> Request 2
1059
(4, 2, 1)
1
(71, 39)
-> Request 3
1087
(3, 1, 2)
3
(11, 20)
-> Request 4
1141
(2, 1, 1)
1
(23, 3)
-> Request 5
1143
(3, 2, 1)
1
(24, 53)
---> Week : 87
--> Day : 0
-> Request 0
113
(2, 3, 1)
3
(20, 6)
-> Request 1
209
(1, 3, 2)
3
(15, 62)
-> Request 2
275
(2, 1, 1)
3
(4, 50)
-> Request 3
397
(3, 3, 2)
3
(45, 79)
-> Request 4
599
(2, 1, 1)
1
(67, 31)
-> Request 5
621
(4, 1, 1)
3
(51, 50)
-> Request 6
746
(2, 1, 2)
3
(11, 57)
-> Request 7
929
(2, 1, 1)
1
(13, 12)
-> Request 8
981
(4, 2, 2)
1
(22, 58)
-> Request 9
1089
(1, 1, 2)
2
(25, 51)
-> Request 10
1125
(1, 3, 1)
1
(58, 26)
-> Request 11
1166
(2, 2, 2)
2
(66, 68)
-> Request 12
1187
(3, 3, 2)
2
(17, 63)
-> Request 13
1346
(4, 3, 1)
1
(15, 6)
--> Day : 1
-> Request 0
259
(1, 3, 1)
2
(32, 69)
-> Request 1
388
(2, 2, 1)
2
(11, 53)
-> Request 2
464
(3, 3, 2)
3
(70, 48)
-> Request 3
487
(1, 3, 2)
1
(29, 45)
-> Request 4
492
(2, 1, 1)
1
(20, 56)
-> Request 5
577
(4, 3, 1)
2
(39, 1)
-> Request 6
732
(1, 3, 1)
1
(5, 66)
-> Request 7
958
(4, 2, 1)
3
(51, 35)
-> Request 8
1108
(3, 2, 1)
2
(21, 62)
-> Request 9
1378
(3, 3, 1)
3
(18, 12)
--> Day : 2
-> Request 0
0
(2, 2, 1)
3
(18, 22)
-> Request 1
111
(4, 2, 1)
1
(45, 72)
-> Request 2
144
(4, 2, 1)
3
(4, 29)
-> Request 3
284
(1, 2, 2)
2
(58, 48)
-> Request 4
507
(1, 1, 1)
2
(14, 57)
-> Request 5
633
(4, 3, 1)
1
(30, 49)
-> Request 6
649
(1, 3, 2)
2
(35, 63)
-> Request 7
766
(3, 2, 1)
1
(11, 68)
-> Request 8
810
(3, 1, 1)
2
(39, 36)
-> Request 9
951
(3, 3, 2)
3
(48, 20)
-> Request 10
1052
(1, 2, 2)
3
(63, 72)
-> Request 11
1436
(4, 2, 2)
3
(22, 63)
--> Day : 3
-> Request 0
269
(1, 1, 2)
3
(26, 26)
-> Request 1
291
(4, 3, 1)
3
(66, 14)
-> Request 2
367
(2, 1, 1)
2
(51, 40)
-> Request 3
742
(1, 1, 2)
3
(5, 17)
-> Request 4
1091
(1, 3, 2)
1
(10, 22)
-> Request 5
1214
(2, 1, 1)
1
(40, 5)
-> Request 6
1333
(1, 2, 2)
1
(42, 58)
--> Day : 4
-> Request 0
58
(1, 1, 1)
1
(62, 79)
-> Request 1
290
(1, 2, 2)
2
(57, 18)
-> Request 2
447
(1, 2, 2)
3
(22, 46)
-> Request 3
620
(2, 1, 2)
3
(66, 55)
-> Request 4
723
(4, 3, 2)
3
(70, 47)
-> Request 5
756
(2, 2, 2)
2
(51, 56)
-> Request 6
826
(3, 1, 1)
3
(20, 43)
-> Request 7
946
(1, 3, 1)
1
(8, 61)
-> Request 8
1179
(1, 1, 1)
2
(42, 74)
-> Request 9
1227
(1, 3, 2)
1
(12, 28)
-> Request 10
1265
(2, 3, 2)
2
(16, 35)
-> Request 11
1288
(3, 3, 2)
3
(31, 78)
-> Request 12
1406
(4, 2, 1)
2
(23, 60)
---> Week : 88
--> Day : 0
-> Request 0
55
(2, 2, 2)
2
(78, 48)
-> Request 1
303
(4, 1, 2)
1
(21, 35)
-> Request 2
365
(1, 3, 1)
3
(32, 34)
-> Request 3
388
(2, 2, 2)
2
(37, 30)
-> Request 4
585
(4, 2, 1)
3
(70, 15)
-> Request 5
691
(1, 2, 1)
2
(14, 39)
-> Request 6
758
(2, 1, 1)
3
(30, 49)
-> Request 7
798
(4, 3, 1)
1
(72, 26)
-> Request 8
1165
(4, 1, 1)
1
(39, 36)
-> Request 9
1246
(1, 1, 1)
3
(61, 32)
-> Request 10
1337
(1, 3, 2)
1
(66, 11)
--> Day : 1
-> Request 0
420
(3, 2, 2)
2
(56, 75)
-> Request 1
528
(1, 3, 2)
1
(79, 36)
-> Request 2
573
(1, 3, 2)
1
(60, 67)
-> Request 3
680
(4, 1, 1)
3
(59, 4)
-> Request 4
781
(1, 3, 2)
3
(5, 16)
-> Request 5
1045
(3, 2, 1)
2
(70, 44)
-> Request 6
1110
(1, 2, 1)
1
(63, 63)
-> Request 7
1115
(2, 2, 1)
2
(77, 30)
-> Request 8
1146
(2, 2, 1)
3
(72, 53)
-> Request 9
1278
(2, 1, 1)
3
(79, 76)
-> Request 10
1304
(3, 2, 2)
1
(24, 27)
-> Request 11
1388
(2, 2, 1)
2
(7, 55)
--> Day : 2
-> Request 0
198
(1, 1, 1)
2
(34, 54)
-> Request 1
315
(4, 2, 2)
1
(43, 58)
-> Request 2
336
(3, 3, 1)
2
(28, 39)
-> Request 3
757
(3, 1, 1)
1
(2, 75)
-> Request 4
827
(3, 3, 1)
2
(66, 53)
-> Request 5
1212
(1, 1, 1)
3
(70, 56)
--> Day : 3
-> Request 0
133
(1, 3, 2)
1
(74, 77)
-> Request 1
352
(4, 2, 1)
3
(74, 23)
-> Request 2
456
(3, 3, 2)
2
(3, 33)
-> Request 3
858
(2, 1, 1)
2
(7, 79)
-> Request 4
952
(1, 3, 2)
1
(35, 1)
-> Request 5
1363
(1, 2, 2)
2
(45, 62)
--> Day : 4
-> Request 0
105
(3, 2, 1)
3
(34, 77)
-> Request 1
214
(2, 1, 2)
2
(54, 74)
-> Request 2
406
(1, 2, 2)
3
(70, 41)
-> Request 3
421
(3, 1, 2)
1
(71, 29)
-> Request 4
777
(2, 1, 2)
1
(6, 32)
-> Request 5
863
(2, 1, 2)
1
(17, 3)
-> Request 6
886
(1, 3, 1)
2
(44, 17)
-> Request 7
917
(4, 1, 1)
2
(57, 4)
-> Request 8
937
(3, 1, 1)
1
(66, 64)
-> Request 9
1000
(2, 3, 2)
3
(59, 14)
-> Request 10
1101
(4, 2, 1)
1
(76, 28)
---> Week : 89
--> Day : 0
-> Request 0
353
(1, 2, 2)
2
(49, 33)
-> Request 1
360
(1, 1, 1)
2
(69, 18)
-> Request 2
371
(3, 1, 2)
3
(16, 67)
-> Request 3
437
(3, 2, 1)
3
(6, 26)
-> Request 4
549
(2, 3, 2)
1
(43, 21)
-> Request 5
832
(1, 2, 2)
2
(21, 59)
-> Request 6
997
(2, 3, 2)
1
(28, 19)
-> Request 7
1114
(1, 3, 2)
3
(4, 39)
-> Request 8
1226
(3, 2, 2)
2
(72, 47)
-> Request 9
1250
(2, 3, 1)
1
(19, 45)
-> Request 10
1259
(2, 2, 2)
1
(32, 35)
--> Day : 1
-> Request 0
99
(3, 3, 1)
2
(74, 10)
-> Request 1
214
(4, 1, 2)
1
(50, 48)
-> Request 2
320
(3, 1, 2)
1
(62, 55)
-> Request 3
580
(1, 2, 1)
1
(55, 33)
-> Request 4
707
(1, 3, 2)
3
(59, 38)
-> Request 5
738
(4, 1, 2)
2
(57, 20)
-> Request 6
742
(2, 1, 2)
1
(54, 74)
-> Request 7
1131
(1, 2, 2)
1
(11, 73)
-> Request 8
1399
(1, 1, 1)
2
(28, 77)
--> Day : 2
-> Request 0
144
(3, 2, 1)
2
(16, 79)
-> Request 1
258
(3, 2, 2)
1
(16, 39)
-> Request 2
289
(4, 2, 1)
3
(61, 60)
-> Request 3
446
(1, 1, 2)
3
(37, 60)
-> Request 4
452
(2, 2, 1)
3
(68, 5)
-> Request 5
556
(1, 3, 1)
1
(69, 3)
-> Request 6
900
(1, 1, 2)
2
(4, 11)
-> Request 7
1225
(3, 3, 2)
1
(14, 40)
-> Request 8
1377
(2, 2, 1)
3
(11, 74)
--> Day : 3
-> Request 0
225
(1, 3, 2)
3
(69, 37)
-> Request 1
281
(4, 2, 1)
3
(8, 65)
-> Request 2
473
(3, 1, 1)
2
(54, 34)
-> Request 3
748
(3, 2, 2)
1
(75, 21)
-> Request 4
845
(4, 1, 1)
2
(48, 19)
-> Request 5
946
(1, 2, 2)
3
(43, 67)
-> Request 6
968
(2, 3, 2)
3
(34, 45)
-> Request 7
1163
(2, 1, 1)
3
(24, 7)
-> Request 8
1279
(1, 1, 1)
2
(58, 62)
--> Day : 4
-> Request 0
345
(3, 1, 1)
2
(37, 22)
-> Request 1
449
(2, 2, 1)
3
(10, 15)
-> Request 2
577
(4, 1, 2)
2
(74, 19)
-> Request 3
660
(2, 3, 1)
1
(15, 38)
-> Request 4
664
(2, 1, 2)
1
(50, 37)
-> Request 5
769
(1, 2, 1)
2
(59, 61)
-> Request 6
899
(2, 3, 1)
1
(56, 75)
-> Request 7
950
(2, 3, 1)
2
(50, 8)
-> Request 8
1016
(1, 2, 1)
2
(65, 24)
-> Request 9
1134
(3, 3, 2)
3
(60, 70)
-> Request 10
1218
(2, 1, 2)
2
(8, 67)
---> Week : 90
--> Day : 0
-> Request 0
1001
(3, 1, 1)
3
(74, 58)
-> Request 1
1238
(4, 2, 2)
1
(35, 59)
-> Request 2
1407
(4, 3, 2)
2
(31, 32)
--> Day : 1
-> Request 0
68
(2, 3, 2)
2
(48, 49)
-> Request 1
101
(2, 1, 1)
2
(60, 74)
-> Request 2
123
(4, 2, 2)
3
(67, 36)
-> Request 3
220
(2, 3, 1)
2
(17, 63)
-> Request 4
323
(3, 2, 1)
3
(21, 4)
-> Request 5
502
(2, 1, 1)
3
(34, 69)
-> Request 6
535
(2, 2, 1)
2
(23, 15)
-> Request 7
540
(3, 3, 2)
2
(41, 75)
-> Request 8
1042
(3, 2, 1)
3
(33, 4)
-> Request 9
1267
(3, 1, 2)
3
(13, 31)
-> Request 10
1429
(3, 3, 2)
1
(22, 24)
--> Day : 2
-> Request 0
43
(4, 2, 1)
1
(17, 61)
-> Request 1
247
(2, 2, 1)
1
(55, 7)
-> Request 2
432
(1, 2, 2)
3
(34, 78)
-> Request 3
588
(4, 3, 1)
3
(1, 59)
-> Request 4
673
(3, 3, 2)
2
(61, 62)
-> Request 5
743
(3, 3, 2)
1
(47, 33)
-> Request 6
1109
(3, 2, 1)
2
(47, 60)
--> Day : 3
-> Request 0
217
(2, 1, 2)
1
(19, 30)
-> Request 1
238
(2, 1, 1)
1
(47, 12)
-> Request 2
608
(2, 3, 1)
2
(71, 35)
-> Request 3
907
(4, 3, 1)
2
(39, 19)
-> Request 4
919
(1, 2, 1)
2
(58, 1)
-> Request 5
1270
(1, 3, 1)
3
(34, 34)
-> Request 6
1318
(4, 2, 1)
1
(29, 31)
-> Request 7
1384
(4, 1, 1)
2
(23, 48)
--> Day : 4
-> Request 0
26
(1, 2, 2)
1
(26, 40)
-> Request 1
598
(1, 2, 2)
3
(27, 16)
-> Request 2
720
(3, 2, 1)
1
(79, 15)
-> Request 3
981
(4, 3, 2)
3
(47, 42)
-> Request 4
1249
(1, 2, 2)
2
(23, 78)
---> Week : 91
--> Day : 0
-> Request 0
193
(3, 3, 1)
2
(38, 17)
-> Request 1
725
(1, 2, 1)
3
(17, 2)
-> Request 2
738
(4, 3, 2)
3
(8, 67)
-> Request 3
1170
(4, 2, 1)
3
(58, 79)
--> Day : 1
-> Request 0
110
(3, 3, 2)
1
(74, 52)
-> Request 1
163
(3, 2, 2)
3
(60, 27)
-> Request 2
297
(2, 2, 1)
3
(5, 76)
-> Request 3
852
(1, 2, 2)
2
(16, 60)
-> Request 4
879
(2, 2, 1)
1
(63, 26)
-> Request 5
964
(4, 2, 1)
3
(46, 56)
-> Request 6
1036
(1, 3, 1)
1
(53, 42)
-> Request 7
1116
(4, 1, 2)
1
(72, 55)
-> Request 8
1119
(1, 2, 1)
3
(13, 68)
-> Request 9
1201
(3, 3, 1)
1
(31, 33)
-> Request 10
1202
(4, 3, 1)
2
(56, 40)
-> Request 11
1310
(3, 1, 2)
3
(70, 29)
--> Day : 2
-> Request 0
26
(3, 2, 1)
1
(10, 14)
-> Request 1
295
(1, 1, 1)
1
(20, 79)
-> Request 2
424
(1, 1, 1)
1
(28, 15)
-> Request 3
476
(4, 1, 1)
1
(11, 37)
-> Request 4
498
(3, 2, 1)
1
(79, 6)
-> Request 5
575
(4, 2, 2)
3
(22, 21)
-> Request 6
693
(1, 1, 2)
2
(0, 65)
-> Request 7
1109
(2, 2, 2)
3
(11, 74)
--> Day : 3
-> Request 0
159
(3, 1, 1)
1
(7, 26)
-> Request 1
294
(3, 1, 1)
3
(65, 76)
-> Request 2
364
(3, 2, 1)
2
(62, 13)
-> Request 3
866
(1, 1, 1)
3
(10, 70)
-> Request 4
967
(2, 2, 1)
1
(27, 69)
-> Request 5
1407
(1, 3, 1)
3
(37, 8)
--> Day : 4
-> Request 0
24
(1, 2, 2)
2
(15, 57)
-> Request 1
113
(4, 1, 2)
3
(0, 70)
-> Request 2
132
(3, 1, 1)
1
(67, 32)
-> Request 3
324
(2, 2, 1)
2
(48, 27)
-> Request 4
388
(2, 3, 2)
2
(29, 69)
-> Request 5
449
(3, 1, 1)
2
(68, 55)
-> Request 6
558
(2, 2, 2)
2
(17, 33)
-> Request 7
607
(3, 2, 2)
2
(32, 76)
-> Request 8
1137
(3, 3, 2)
2
(60, 67)
-> Request 9
1158
(1, 2, 1)
2
(14, 25)
-> Request 10
1171
(4, 2, 2)
3
(1, 75)
-> Request 11
1227
(1, 1, 1)
2
(68, 42)
-> Request 12
1230
(1, 3, 1)
2
(14, 41)
-> Request 13
1266
(3, 2, 1)
1
(42, 44)
---> Week : 92
--> Day : 0
-> Request 0
396
(4, 1, 2)
2
(7, 30)
-> Request 1
544
(1, 1, 1)
1
(7, 36)
-> Request 2
781
(1, 3, 1)
2
(19, 74)
-> Request 3
814
(2, 1, 2)
2
(33, 27)
-> Request 4
1056
(3, 3, 1)
2
(46, 43)
-> Request 5
1148
(4, 2, 1)
3
(76, 4)
-> Request 6
1159
(1, 1, 2)
2
(11, 58)
-> Request 7
1273
(1, 3, 2)
3
(61, 59)
-> Request 8
1287
(3, 3, 1)
1
(33, 75)
-> Request 9
1386
(2, 3, 2)
2
(22, 32)
-> Request 10
1387
(4, 1, 1)
3
(61, 62)
-> Request 11
1431
(1, 1, 1)
1
(27, 66)
--> Day : 1
-> Request 0
174
(1, 3, 2)
3
(58, 7)
-> Request 1
209
(3, 1, 2)
3
(70, 62)
-> Request 2
330
(4, 3, 1)
2
(24, 65)
-> Request 3
836
(4, 2, 1)
1
(64, 78)
-> Request 4
944
(2, 3, 2)
1
(45, 74)
-> Request 5
1098
(1, 1, 2)
1
(58, 67)
--> Day : 2
-> Request 0
133
(4, 3, 2)
3
(30, 6)
-> Request 1
173
(3, 2, 2)
2
(54, 25)
-> Request 2
256
(2, 1, 2)
3
(47, 52)
-> Request 3
339
(4, 3, 1)
1
(73, 0)
-> Request 4
354
(1, 2, 2)
2
(29, 25)
-> Request 5
572
(4, 3, 2)
2
(9, 74)
-> Request 6
601
(3, 1, 1)
1
(49, 58)
-> Request 7
868
(1, 1, 2)
1
(40, 55)
-> Request 8
1315
(3, 1, 2)
3
(42, 42)
-> Request 9
1354
(3, 3, 1)
2
(51, 75)
-> Request 10
1392
(4, 3, 1)
3
(9, 42)
--> Day : 3
-> Request 0
79
(4, 2, 2)
2
(15, 2)
-> Request 1
80
(3, 3, 1)
3
(68, 17)
-> Request 2
484
(4, 1, 2)
2
(16, 19)
-> Request 3
535
(4, 3, 1)
3
(77, 42)
-> Request 4
543
(2, 2, 1)
1
(58, 36)
-> Request 5
740
(4, 2, 1)
2
(70, 21)
-> Request 6
1287
(4, 2, 2)
1
(76, 62)
--> Day : 4
-> Request 0
95
(1, 1, 1)
2
(76, 74)
-> Request 1
106
(2, 3, 1)
1
(54, 16)
-> Request 2
109
(3, 2, 1)
2
(8, 76)
-> Request 3
330
(1, 1, 2)
1
(47, 70)
-> Request 4
415
(1, 3, 2)
3
(1, 1)
-> Request 5
463
(1, 3, 2)
3
(72, 15)
-> Request 6
639
(2, 1, 1)
1
(17, 2)
-> Request 7
1020
(4, 1, 2)
3
(57, 52)
---> Week : 93
--> Day : 0
-> Request 0
158
(1, 2, 1)
2
(74, 16)
-> Request 1
199
(2, 3, 2)
3
(50, 67)
-> Request 2
247
(1, 3, 1)
3
(55, 31)
-> Request 3
876
(1, 3, 1)
2
(48, 78)
-> Request 4
940
(2, 3, 1)
1
(21, 14)
-> Request 5
956
(4, 1, 1)
1
(62, 18)
-> Request 6
1396
(1, 1, 2)
2
(25, 38)
--> Day : 1
-> Request 0
250
(4, 3, 1)
1
(58, 61)
-> Request 1
322
(4, 1, 2)
2
(72, 1)
-> Request 2
338
(4, 1, 1)
2
(30, 20)
-> Request 3
437
(1, 1, 2)
2
(59, 0)
-> Request 4
644
(4, 1, 2)
1
(56, 8)
-> Request 5
1017
(4, 1, 2)
1
(17, 0)
-> Request 6
1077
(4, 1, 1)
1
(67, 79)
-> Request 7
1201
(2, 1, 1)
3
(72, 29)
-> Request 8
1322
(1, 1, 2)
3
(57, 32)
-> Request 9
1386
(1, 2, 2)
1
(61, 22)
--> Day : 2
-> Request 0
76
(4, 1, 2)
2
(11, 50)
-> Request 1
148
(3, 2, 2)
2
(72, 69)
-> Request 2
163
(2, 2, 2)
3
(20, 3)
-> Request 3
181
(3, 3, 2)
3
(17, 41)
-> Request 4
413
(1, 2, 1)
2
(6, 22)
-> Request 5
423
(4, 1, 2)
3
(20, 53)
-> Request 6
965
(4, 3, 2)
3
(47, 51)
-> Request 7
970
(4, 3, 1)
2
(60, 30)
-> Request 8
981
(1, 2, 1)
1
(11, 36)
-> Request 9
1037
(2, 2, 2)
1
(15, 76)
-> Request 10
1052
(1, 2, 2)
2
(42, 23)
-> Request 11
1086
(3, 3, 2)
2
(60, 62)
-> Request 12
1165
(2, 2, 1)
3
(0, 36)
-> Request 13
1330
(3, 1, 2)
1
(29, 2)
--> Day : 3
-> Request 0
45
(1, 1, 1)
2
(72, 48)
-> Request 1
348
(4, 3, 2)
2
(29, 19)
-> Request 2
576
(1, 2, 1)
2
(34, 71)
-> Request 3
617
(4, 2, 1)
2
(63, 76)
-> Request 4
629
(2, 2, 2)
1
(77, 51)
-> Request 5
659
(2, 3, 1)
2
(21, 69)
-> Request 6
697
(2, 3, 1)
2
(14, 1)
-> Request 7
788
(3, 1, 1)
2
(38, 24)
-> Request 8
841
(2, 2, 2)
3
(10, 28)
-> Request 9
1089
(2, 2, 1)
2
(12, 68)
-> Request 10
1220
(1, 1, 2)
3
(37, 19)
-> Request 11
1256
(2, 2, 1)
2
(4, 77)
-> Request 12
1396
(3, 1, 1)
1
(15, 28)
--> Day : 4
-> Request 0
13
(4, 2, 1)
3
(45, 13)
-> Request 1
411
(4, 3, 2)
2
(66, 1)
-> Request 2
902
(3, 1, 1)
3
(43, 15)
-> Request 3
925
(3, 1, 1)
2
(29, 38)
-> Request 4
944
(2, 3, 2)
3
(7, 73)
-> Request 5
1048
(1, 1, 1)
3
(11, 74)
-> Request 6
1049
(2, 3, 1)
3
(43, 0)
-> Request 7
1065
(4, 2, 1)
1
(34, 3)
-> Request 8
1168
(1, 3, 2)
2
(65, 71)
-> Request 9
1190
(4, 1, 1)
3
(48, 10)
-> Request 10
1246
(4, 3, 2)
2
(3, 62)
-> Request 11
1271
(1, 1, 2)
3
(56, 42)
-> Request 12
1324
(2, 2, 2)
1
(40, 31)
---> Week : 94
--> Day : 0
-> Request 0
58
(4, 2, 1)
1
(30, 77)
-> Request 1
80
(3, 2, 1)
3
(40, 38)
-> Request 2
116
(1, 1, 1)
3
(43, 40)
-> Request 3
266
(1, 1, 2)
3
(62, 76)
-> Request 4
371
(1, 3, 2)
1
(45, 72)
-> Request 5
561
(1, 2, 2)
2
(48, 32)
-> Request 6
939
(3, 3, 1)
1
(21, 56)
-> Request 7
994
(2, 3, 1)
3
(79, 6)
-> Request 8
1044
(4, 3, 2)
2
(11, 64)
-> Request 9
1326
(4, 2, 2)
2
(32, 15)
--> Day : 1
-> Request 0
43
(2, 3, 1)
3
(36, 38)
-> Request 1
115
(4, 3, 1)
3
(38, 31)
-> Request 2
133
(3, 1, 1)
2
(30, 71)
-> Request 3
348
(4, 1, 2)
2
(72, 13)
-> Request 4
495
(4, 3, 2)
1
(65, 36)
-> Request 5
529
(4, 1, 1)
3
(57, 48)
-> Request 6
541
(4, 3, 2)
3
(57, 24)
-> Request 7
722
(3, 1, 1)
2
(73, 8)
-> Request 8
750
(3, 3, 1)
2
(47, 4)
-> Request 9
871
(3, 3, 2)
1
(1, 42)
-> Request 10
1137
(4, 2, 2)
1
(73, 3)
-> Request 11
1162
(2, 1, 2)
1
(53, 31)
-> Request 12
1190
(4, 3, 1)
3
(15, 18)
-> Request 13
1351
(2, 3, 1)
3
(59, 1)
--> Day : 2
-> Request 0
140
(2, 2, 1)
1
(10, 59)
-> Request 1
266
(2, 1, 1)
3
(1, 54)
-> Request 2
406
(3, 3, 2)
2
(21, 29)
-> Request 3
555
(4, 2, 1)
1
(31, 66)
-> Request 4
570
(1, 2, 1)
3
(27, 43)
-> Request 5
1280
(1, 3, 2)
3
(61, 38)
-> Request 6
1301
(4, 1, 1)
3
(60, 3)
-> Request 7
1403
(4, 1, 2)
3
(75, 7)
--> Day : 3
-> Request 0
53
(4, 3, 1)
1
(60, 29)
--> Day : 4
-> Request 0
79
(1, 3, 1)
3
(44, 37)
-> Request 1
83
(2, 2, 1)
1
(1, 3)
-> Request 2
145
(1, 2, 1)
2
(70, 21)
-> Request 3
433
(3, 2, 2)
2
(6, 63)
-> Request 4
569
(1, 1, 1)
1
(36, 63)
-> Request 5
589
(2, 2, 1)
2
(40, 64)
-> Request 6
714
(3, 3, 1)
1
(49, 60)
-> Request 7
720
(4, 1, 1)
1
(59, 36)
-> Request 8
831
(1, 2, 1)
2
(64, 74)
-> Request 9
866
(1, 3, 1)
3
(10, 26)
-> Request 10
1075
(2, 1, 2)
1
(76, 33)
-> Request 11
1148
(2, 2, 1)
1
(36, 42)
-> Request 12
1195
(1, 2, 1)
2
(71, 56)
-> Request 13
1201
(3, 3, 1)
3
(56, 46)
---> Week : 95
--> Day : 0
-> Request 0
58
(2, 3, 2)
3
(55, 3)
-> Request 1
157
(2, 1, 2)
2
(51, 65)
-> Request 2
191
(3, 2, 2)
3
(64, 72)
-> Request 3
386
(3, 3, 1)
1
(32, 73)
-> Request 4
538
(4, 1, 2)
3
(40, 14)
-> Request 5
624
(2, 2, 2)
3
(44, 70)
-> Request 6
920
(3, 3, 2)
1
(53, 8)
-> Request 7
981
(2, 1, 1)
3
(30, 59)
-> Request 8
1017
(3, 1, 1)
2
(38, 41)
-> Request 9
1040
(1, 2, 2)
2
(38, 10)
-> Request 10
1045
(2, 3, 2)
2
(21, 16)
-> Request 11
1128
(1, 1, 1)
2
(7, 27)
-> Request 12
1204
(2, 1, 2)
2
(42, 68)
-> Request 13
1284
(4, 1, 2)
1
(15, 24)
--> Day : 1
-> Request 0
35
(2, 2, 1)
3
(24, 7)
-> Request 1
107
(3, 2, 2)
3
(7, 78)
-> Request 2
305
(3, 2, 2)
3
(21, 14)
-> Request 3
314
(2, 3, 1)
3
(72, 10)
-> Request 4
471
(3, 3, 2)
1
(10, 64)
-> Request 5
475
(4, 2, 1)
1
(16, 73)
-> Request 6
491
(3, 3, 2)
3
(60, 29)
-> Request 7
594
(3, 1, 1)
2
(9, 26)
--> Day : 2
-> Request 0
29
(1, 2, 2)
1
(2, 31)
-> Request 1
199
(3, 2, 1)
2
(1, 63)
-> Request 2
315
(2, 3, 2)
2
(38, 3)
-> Request 3
760
(4, 3, 2)
2
(12, 18)
-> Request 4
875
(4, 2, 1)
3
(58, 33)
-> Request 5
1161
(4, 1, 1)
1
(72, 58)
-> Request 6
1216
(2, 3, 2)
2
(30, 30)
-> Request 7
1423
(1, 2, 1)
3
(75, 26)
--> Day : 3
-> Request 0
20
(2, 3, 2)
1
(58, 52)
-> Request 1
28
(3, 2, 1)
2
(10, 9)
-> Request 2
37
(3, 2, 1)
3
(72, 79)
-> Request 3
518
(1, 2, 2)
3
(11, 39)
-> Request 4
578
(3, 2, 2)
3
(38, 55)
-> Request 5
744
(1, 3, 1)
2
(36, 32)
-> Request 6
832
(3, 1, 2)
1
(9, 61)
-> Request 7
919
(3, 3, 1)
3
(2, 17)
-> Request 8
968
(4, 3, 2)
1
(57, 42)
-> Request 9
994
(4, 1, 2)
1
(59, 61)
-> Request 10
1183
(4, 3, 2)
2
(29, 5)
-> Request 11
1244
(4, 1, 2)
3
(43, 70)
-> Request 12
1349
(2, 1, 2)
3
(1, 41)
--> Day : 4
-> Request 0
164
(3, 3, 1)
1
(38, 55)
-> Request 1
323
(3, 2, 2)
1
(54, 61)
-> Request 2
618
(1, 3, 1)
1
(7, 12)
-> Request 3
891
(1, 1, 1)
1
(30, 42)
-> Request 4
957
(2, 3, 1)
3
(76, 16)
-> Request 5
1264
(3, 2, 1)
1
(39, 73)
-> Request 6
1362
(3, 3, 2)
1
(12, 20)
---> Week : 96
--> Day : 0
-> Request 0
63
(1, 1, 2)
2
(2, 10)
-> Request 1
284
(4, 1, 2)
2
(66, 67)
-> Request 2
432
(4, 1, 1)
1
(8, 16)
-> Request 3
483
(4, 2, 2)
2
(59, 24)
-> Request 4
490
(4, 3, 1)
3
(6, 4)
-> Request 5
534
(4, 1, 1)
1
(44, 10)
-> Request 6
655
(4, 1, 2)
1
(43, 64)
-> Request 7
665
(4, 2, 2)
1
(35, 16)
-> Request 8
679
(4, 2, 1)
2
(61, 11)
-> Request 9
878
(4, 1, 2)
2
(26, 63)
-> Request 10
1335
(4, 1, 1)
2
(26, 55)
-> Request 11
1366
(4, 1, 1)
3
(26, 25)
--> Day : 1
-> Request 0
237
(3, 3, 1)
2
(59, 55)
-> Request 1
357
(2, 1, 2)
1
(2, 5)
-> Request 2
972
(2, 1, 2)
2
(32, 36)
-> Request 3
1318
(1, 2, 2)
2
(30, 72)
-> Request 4
1322
(1, 3, 2)
2
(32, 32)
-> Request 5
1373
(2, 2, 1)
2
(50, 20)
--> Day : 2
-> Request 0
374
(4, 1, 1)
1
(15, 29)
-> Request 1
386
(3, 2, 2)
3
(31, 68)
-> Request 2
409
(4, 2, 2)
1
(78, 63)
-> Request 3
533
(3, 3, 2)
2
(15, 55)
-> Request 4
1264
(4, 1, 1)
3
(39, 62)
--> Day : 3
-> Request 0
179
(1, 1, 1)
1
(42, 66)
-> Request 1
380
(2, 1, 2)
1
(37, 70)
-> Request 2
401
(1, 3, 1)
1
(65, 29)
-> Request 3
455
(1, 3, 2)
3
(39, 75)
-> Request 4
747
(3, 2, 1)
1
(18, 57)
-> Request 5
1032
(1, 1, 2)
3
(6, 57)
-> Request 6
1117
(4, 3, 1)
1
(17, 61)
-> Request 7
1236
(2, 3, 1)
2
(43, 29)
-> Request 8
1357
(3, 2, 2)
1
(75, 9)
-> Request 9
1376
(1, 1, 1)
2
(67, 15)
-> Request 10
1377
(4, 2, 1)
2
(43, 75)
--> Day : 4
-> Request 0
94
(1, 1, 1)
3
(7, 43)
-> Request 1
102
(3, 3, 1)
2
(27, 49)
-> Request 2
276
(4, 2, 1)
3
(19, 36)
-> Request 3
277
(3, 1, 1)
2
(12, 29)
-> Request 4
293
(3, 2, 2)
2
(21, 25)
-> Request 5
325
(1, 3, 1)
2
(21, 3)
-> Request 6
360
(3, 3, 2)
3
(38, 57)
-> Request 7
487
(2, 2, 2)
2
(30, 46)
-> Request 8
521
(2, 2, 2)
1
(43, 9)
-> Request 9
554
(3, 1, 2)
2
(47, 50)
-> Request 10
904
(3, 1, 2)
3
(0, 49)
-> Request 11
1087
(1, 1, 1)
3
(40, 26)
-> Request 12
1125
(3, 1, 2)
3
(53, 13)
---> Week : 97
--> Day : 0
-> Request 0
154
(4, 1, 2)
1
(22, 66)
-> Request 1
858
(4, 1, 2)
3
(39, 70)
-> Request 2
976
(4, 3, 2)
2
(51, 66)
-> Request 3
1021
(2, 3, 2)
2
(11, 7)
-> Request 4
1076
(1, 3, 1)
1
(69, 75)
-> Request 5
1377
(3, 2, 2)
2
(37, 20)
-> Request 6
1411
(2, 3, 1)
3
(33, 12)
--> Day : 1
-> Request 0
88
(3, 1, 1)
3
(67, 54)
-> Request 1
122
(3, 3, 2)
1
(54, 53)
-> Request 2
176
(4, 2, 2)
2
(77, 31)
-> Request 3
682
(1, 3, 2)
1
(39, 32)
-> Request 4
695
(1, 1, 2)
2
(15, 47)
-> Request 5
1017
(2, 2, 2)
3
(13, 0)
-> Request 6
1238
(1, 1, 1)
2
(23, 13)
-> Request 7
1273
(1, 2, 2)
1
(5, 75)
-> Request 8
1392
(3, 1, 2)
2
(42, 78)
-> Request 9
1406
(1, 2, 1)
1
(26, 4)
--> Day : 2
-> Request 0
143
(4, 3, 1)
1
(79, 32)
-> Request 1
604
(4, 1, 1)
3
(35, 52)
-> Request 2
714
(4, 1, 2)
2
(5, 49)
-> Request 3
929
(3, 2, 2)
1
(75, 54)
-> Request 4
1081
(3, 2, 2)
2
(9, 37)
-> Request 5
1227
(2, 3, 2)
3
(63, 19)
-> Request 6
1287
(3, 3, 2)
3
(44, 76)
-> Request 7
1310
(2, 2, 2)
1
(22, 11)
-> Request 8
1320
(1, 3, 1)
1
(41, 25)
-> Request 9
1324
(3, 3, 2)
1
(78, 76)
-> Request 10
1400
(1, 3, 2)
3
(40, 58)
--> Day : 3
-> Request 0
186
(3, 3, 2)
3
(27, 19)
-> Request 1
592
(4, 2, 2)
3
(13, 50)
-> Request 2
618
(4, 1, 1)
3
(47, 2)
-> Request 3
649
(3, 1, 1)
2
(45, 32)
-> Request 4
797
(4, 3, 2)
3
(42, 20)
-> Request 5
852
(3, 1, 1)
2
(72, 57)
-> Request 6
861
(4, 3, 2)
1
(24, 76)
-> Request 7
1020
(3, 2, 1)
3
(76, 5)
--> Day : 4
-> Request 0
146
(3, 2, 1)
1
(44, 5)
-> Request 1
401
(3, 2, 1)
1
(73, 41)
-> Request 2
695
(2, 2, 1)
1
(67, 35)
-> Request 3
698
(1, 1, 1)
3
(13, 17)
-> Request 4
719
(4, 3, 2)
1
(3, 20)
-> Request 5
844
(1, 2, 2)
1
(31, 30)
-> Request 6
897
(2, 2, 2)
3
(9, 19)
-> Request 7
1048
(3, 1, 1)
2
(49, 75)
-> Request 8
1061
(2, 2, 1)
1
(65, 69)
-> Request 9
1134
(1, 1, 1)
1
(77, 10)
-> Request 10
1220
(3, 2, 2)
2
(67, 40)
---> Week : 98
--> Day : 0
-> Request 0
107
(3, 3, 2)
3
(30, 42)
-> Request 1
132
(4, 1, 2)
3
(22, 75)
-> Request 2
163
(2, 1, 1)
2
(43, 53)
-> Request 3
203
(3, 3, 1)
1
(8, 79)
-> Request 4
210
(3, 1, 1)
1
(33, 4)
-> Request 5
333
(2, 2, 2)
3
(52, 45)
-> Request 6
368
(1, 2, 1)
1
(51, 24)
-> Request 7
453
(3, 1, 2)
3
(13, 33)
-> Request 8
499
(3, 2, 2)
1
(5, 43)
-> Request 9
755
(1, 3, 1)
2
(55, 25)
-> Request 10
910
(1, 1, 1)
2
(33, 33)
-> Request 11
984
(2, 1, 2)
1
(33, 59)
-> Request 12
1138
(1, 3, 2)
2
(55, 28)
-> Request 13
1297
(4, 1, 1)
1
(58, 12)
-> Request 14
1316
(1, 2, 1)
1
(13, 31)
-> Request 15
1372
(2, 3, 1)
1
(60, 62)
--> Day : 1
-> Request 0
168
(4, 3, 2)
2
(64, 50)
-> Request 1
169
(4, 1, 2)
2
(31, 60)
-> Request 2
177
(1, 1, 2)
2
(78, 7)
-> Request 3
262
(1, 3, 1)
2
(18, 68)
-> Request 4
309
(2, 1, 1)
2
(23, 65)
-> Request 5
344
(1, 3, 2)
1
(1, 66)
-> Request 6
863
(3, 2, 1)
3
(59, 33)
-> Request 7
990
(1, 1, 2)
3
(70, 59)
-> Request 8
1103
(4, 1, 1)
1
(35, 36)
-> Request 9
1156
(3, 2, 2)
1
(47, 41)
-> Request 10
1298
(2, 2, 2)
1
(73, 34)
--> Day : 2
-> Request 0
84
(3, 1, 1)
3
(14, 39)
-> Request 1
240
(3, 1, 2)
2
(22, 28)
-> Request 2
750
(2, 1, 1)
1
(74, 42)
-> Request 3
975
(4, 2, 2)
2
(51, 75)
-> Request 4
1230
(4, 3, 1)
3
(45, 58)
-> Request 5
1354
(1, 3, 1)
2
(33, 28)
--> Day : 3
-> Request 0
65
(4, 2, 1)
2
(6, 41)
-> Request 1
357
(3, 1, 1)
3
(11, 39)
-> Request 2
442
(4, 1, 2)
3
(10, 66)
-> Request 3
528
(2, 2, 2)
3
(27, 2)
-> Request 4
664
(2, 1, 1)
3
(2, 60)
-> Request 5
763
(2, 3, 2)
3
(15, 78)
-> Request 6
771
(4, 2, 2)
2
(26, 46)
-> Request 7
998
(3, 2, 2)
1
(73, 41)
-> Request 8
1279
(4, 2, 2)
1
(57, 9)
-> Request 9
1420
(1, 2, 2)
1
(25, 66)
--> Day : 4
-> Request 0
149
(2, 3, 2)
3
(37, 11)
-> Request 1
432
(4, 3, 1)
2
(79, 59)
-> Request 2
781
(1, 1, 2)
2
(39, 5)
-> Request 3
861
(4, 1, 2)
1
(22, 23)
-> Request 4
885
(4, 3, 2)
2
(28, 74)
-> Request 5
920
(2, 2, 2)
1
(7, 26)
-> Request 6
1077
(1, 3, 2)
1
(2, 40)
-> Request 7
1160
(2, 2, 2)
2
(68, 75)
-> Request 8
1399
(3, 2, 2)
1
(53, 27)
---> Week : 99
--> Day : 0
-> Request 0
163
(2, 1, 2)
3
(3, 71)
-> Request 1
217
(4, 3, 2)
3
(34, 28)
-> Request 2
381
(2, 1, 2)
1
(50, 3)
-> Request 3
859
(1, 3, 1)
2
(21, 55)
-> Request 4
929
(3, 1, 1)
3
(46, 70)
-> Request 5
1002
(4, 2, 1)
3
(9, 64)
-> Request 6
1062
(3, 2, 2)
3
(18, 29)
-> Request 7
1113
(2, 2, 2)
3
(78, 13)
-> Request 8
1230
(3, 2, 1)
1
(40, 73)
-> Request 9
1356
(3, 2, 1)
1
(25, 18)
-> Request 10
1363
(1, 1, 1)
3
(75, 43)
--> Day : 1
-> Request 0
25
(3, 3, 1)
2
(44, 55)
-> Request 1
171
(4, 1, 2)
3
(45, 7)
-> Request 2
315
(2, 1, 2)
2
(33, 46)
-> Request 3
673
(2, 2, 1)
3
(5, 29)
-> Request 4
810
(3, 2, 1)
3
(12, 26)
-> Request 5
1258
(2, 3, 1)
1
(8, 60)
-> Request 6
1383
(3, 2, 1)
1
(6, 30)
--> Day : 2
-> Request 0
88
(1, 3, 1)
1
(77, 61)
-> Request 1
171
(3, 3, 1)
1
(1, 55)
-> Request 2
325
(1, 1, 1)
1
(2, 1)
-> Request 3
592
(3, 1, 1)
3
(3, 17)
-> Request 4
724
(3, 2, 2)
1
(39, 77)
-> Request 5
727
(2, 3, 1)
1
(59, 47)
-> Request 6
793
(1, 1, 1)
2
(28, 3)
-> Request 7
1027
(1, 2, 2)
1
(66, 54)
-> Request 8
1060
(1, 3, 2)
3
(63, 57)
--> Day : 3
-> Request 0
10
(3, 3, 2)
3
(55, 10)
-> Request 1
150
(3, 1, 1)
2
(72, 71)
-> Request 2
258
(2, 1, 1)
3
(61, 17)
-> Request 3
287
(2, 1, 2)
2
(25, 62)
-> Request 4
574
(2, 2, 1)
3
(20, 20)
-> Request 5
770
(3, 1, 1)
1
(45, 78)
-> Request 6
854
(2, 1, 2)
1
(62, 76)
-> Request 7
1024
(3, 2, 1)
1
(79, 38)
-> Request 8
1213
(1, 3, 1)
2
(22, 35)
-> Request 9
1362
(3, 1, 1)
2
(66, 13)
--> Day : 4
-> Request 0
15
(2, 2, 1)
2
(62, 14)
-> Request 1
641
(2, 1, 1)
1
(7, 13)
-> Request 2
685
(1, 1, 1)
1
(62, 61)
-> Request 3
827
(2, 1, 2)
1
(48, 56)
-> Request 4
1025
(4, 1, 2)
2
(65, 5)
-> Request 5
1120
(4, 1, 2)
3
(41, 6)
-> Request 6
1189
(1, 1, 2)
2
(59, 56)
---> Week : 100
--> Day : 0
-> Request 0
219
(2, 2, 2)
3
(79, 45)
-> Request 1
453
(4, 2, 1)
3
(57, 8)
-> Request 2
624
(1, 2, 2)
1
(38, 29)
-> Request 3
803
(3, 1, 2)
3
(77, 50)
-> Request 4
906
(1, 2, 1)
3
(48, 66)
-> Request 5
1106
(4, 3, 1)
1
(50, 77)
-> Request 6
1191
(3, 3, 2)
1
(67, 43)
-> Request 7
1227
(3, 1, 2)
2
(36, 16)
-> Request 8
1245
(2, 3, 2)
3
(7, 45)
-> Request 9
1427
(4, 3, 2)
1
(53, 51)
--> Day : 1
-> Request 0
133
(2, 1, 1)
1
(40, 28)
-> Request 1
325
(2, 3, 1)
2
(62, 66)
-> Request 2
344
(3, 2, 2)
1
(11, 76)
-> Request 3
352
(4, 3, 2)
2
(64, 40)
-> Request 4
571
(4, 3, 2)
2
(26, 75)
-> Request 5
694
(1, 3, 2)
1
(24, 27)
-> Request 6
758
(4, 1, 1)
3
(13, 7)
-> Request 7
1001
(3, 3, 2)
1
(78, 39)
-> Request 8
1129
(3, 3, 2)
3
(59, 55)
-> Request 9
1359
(3, 1, 1)
2
(53, 67)
--> Day : 2
-> Request 0
443
(4, 3, 2)
1
(64, 33)
-> Request 1
491
(4, 3, 1)
2
(63, 2)
-> Request 2
579
(2, 3, 1)
2
(7, 58)
-> Request 3
711
(1, 3, 1)
3
(78, 62)
-> Request 4
802
(1, 2, 1)
3
(60, 11)
-> Request 5
880
(2, 3, 1)
1
(55, 56)
-> Request 6
962
(3, 3, 2)
2
(57, 17)
--> Day : 3
-> Request 0
22
(3, 2, 1)
2
(64, 7)
-> Request 1
247
(2, 2, 2)
1
(3, 56)
-> Request 2
274
(1, 3, 1)
2
(7, 26)
-> Request 3
312
(3, 1, 2)
2
(49, 18)
-> Request 4
835
(4, 1, 1)
1
(73, 28)
-> Request 5
989
(4, 2, 2)
3
(66, 59)
-> Request 6
1127
(3, 2, 1)
2
(48, 63)
-> Request 7
1226
(2, 3, 2)
3
(51, 20)
-> Request 8
1382
(2, 1, 1)
2
(71, 25)
--> Day : 4
-> Request 0
182
(4, 2, 1)
2
(57, 3)
-> Request 1
199
(3, 2, 2)
2
(30, 32)
-> Request 2
201
(4, 3, 1)
2
(75, 33)
-> Request 3
302
(3, 3, 2)
3
(78, 65)
-> Request 4
410
(3, 3, 1)
3
(3, 22)
-> Request 5
544
(3, 3, 1)
3
(55, 15)
-> Request 6
589
(1, 2, 2)
3
(74, 1)
-> Request 7
868
(3, 2, 2)
2
(55, 10)
-> Request 8
897
(2, 2, 2)
1
(15, 19)
-> Request 9
1122
(1, 2, 1)
3
(75, 8)
-> Request 10
1286
(3, 2, 1)
3
(65, 54)
---> Week : 101
--> Day : 0
-> Request 0
41
(2, 2, 1)
2
(73, 43)
-> Request 1
235
(3, 3, 1)
1
(2, 79)
-> Request 2
313
(4, 3, 2)
1
(62, 28)
-> Request 3
392
(1, 3, 2)
1
(49, 6)
-> Request 4
430
(1, 3, 1)
1
(19, 56)
-> Request 5
548
(1, 3, 1)
2
(77, 66)
-> Request 6
555
(2, 3, 2)
3
(53, 63)
-> Request 7
771
(1, 3, 2)
2
(62, 59)
-> Request 8
820
(2, 3, 1)
1
(51, 54)
-> Request 9
830
(3, 1, 1)
1
(52, 3)
-> Request 10
835
(4, 1, 1)
1
(18, 39)
-> Request 11
1031
(4, 2, 1)
1
(68, 38)
-> Request 12
1041
(3, 3, 1)
2
(59, 1)
-> Request 13
1052
(3, 3, 2)
2
(36, 41)
-> Request 14
1100
(1, 3, 2)
1
(50, 11)
-> Request 15
1266
(2, 2, 2)
3
(70, 77)
-> Request 16
1292
(2, 2, 2)
2
(9, 47)
-> Request 17
1308
(1, 2, 1)
1
(33, 35)
-> Request 18
1333
(1, 3, 2)
3
(13, 4)
--> Day : 1
-> Request 0
22
(4, 3, 2)
1
(19, 42)
-> Request 1
90
(4, 2, 1)
1
(30, 60)
-> Request 2
163
(2, 3, 2)
3
(65, 43)
-> Request 3
213
(1, 2, 2)
2
(18, 28)
-> Request 4
252
(2, 2, 1)
1
(44, 78)
-> Request 5
358
(3, 3, 2)
1
(20, 38)
-> Request 6
514
(1, 2, 1)
1
(77, 78)
-> Request 7
545
(4, 2, 2)
2
(27, 61)
-> Request 8
784
(3, 3, 2)
1
(4, 46)
-> Request 9
1240
(4, 3, 1)
1
(10, 62)
-> Request 10
1390
(2, 1, 1)
3
(30, 68)
-> Request 11
1403
(3, 3, 1)
2
(50, 5)
--> Day : 2
-> Request 0
1
(2, 2, 2)
2
(12, 2)
-> Request 1
32
(1, 3, 1)
3
(1, 3)
-> Request 2
296
(4, 1, 1)
3
(55, 62)
-> Request 3
320
(2, 1, 2)
1
(63, 57)
-> Request 4
400
(4, 3, 1)
3
(57, 22)
-> Request 5
520
(2, 3, 2)
3
(79, 7)
-> Request 6
549
(3, 1, 1)
2
(54, 58)
-> Request 7
697
(2, 2, 2)
1
(66, 6)
-> Request 8
730
(4, 1, 1)
2
(14, 11)
-> Request 9
945
(1, 1, 2)
1
(77, 40)
-> Request 10
1003
(4, 1, 2)
3
(35, 47)
-> Request 11
1427
(3, 2, 2)
1
(47, 43)
--> Day : 3
-> Request 0
174
(1, 3, 2)
2
(71, 36)
-> Request 1
397
(3, 3, 2)
2
(0, 61)
-> Request 2
924
(3, 3, 2)
3
(47, 20)
-> Request 3
1412
(3, 3, 1)
2
(71, 75)
--> Day : 4
-> Request 0
26
(1, 3, 1)
2
(36, 42)
-> Request 1
111
(3, 3, 2)
3
(24, 5)
-> Request 2
216
(2, 1, 2)
3
(47, 16)
-> Request 3
596
(1, 2, 1)
1
(11, 27)
-> Request 4
678
(4, 1, 2)
3
(14, 55)
-> Request 5
825
(2, 1, 1)
1
(31, 29)
-> Request 6
1011
(3, 1, 2)
3
(37, 36)
-> Request 7
1025
(4, 2, 2)
3
(4, 5)
-> Request 8
1105
(3, 3, 2)
1
(43, 70)
-> Request 9
1189
(3, 2, 2)
1
(74, 22)
-> Request 10
1403
(4, 1, 2)
1
(52, 22)
-> Request 11
1411
(3, 1, 1)
1
(41, 53)
---> Week : 102
--> Day : 0
-> Request 0
188
(1, 1, 1)
1
(60, 54)
-> Request 1
286
(1, 1, 1)
1
(15, 35)
-> Request 2
544
(2, 1, 1)
2
(49, 17)
-> Request 3
982
(4, 3, 2)
1
(54, 57)
-> Request 4
1133
(2, 1, 1)
1
(14, 68)
-> Request 5
1258
(3, 3, 2)
1
(64, 39)
-> Request 6
1329
(1, 3, 2)
2
(59, 64)
-> Request 7
1337
(3, 2, 2)
1
(27, 16)
--> Day : 1
-> Request 0
141
(1, 2, 2)
2
(14, 7)
-> Request 1
255
(4, 1, 1)
1
(63, 16)
-> Request 2
308
(4, 3, 1)
1
(24, 3)
-> Request 3
411
(2, 2, 2)
2
(38, 43)
-> Request 4
414
(2, 1, 2)
3
(36, 54)
-> Request 5
416
(1, 1, 2)
2
(77, 67)
-> Request 6
765
(3, 1, 2)
2
(9, 16)
-> Request 7
829
(1, 2, 2)
2
(79, 46)
-> Request 8
850
(2, 3, 1)
1
(26, 43)
--> Day : 2
-> Request 0
180
(1, 3, 1)
1
(11, 12)
-> Request 1
276
(2, 2, 1)
3
(70, 65)
-> Request 2
631
(2, 2, 1)
3
(14, 55)
-> Request 3
635
(3, 2, 2)
1
(42, 17)
-> Request 4
915
(4, 2, 1)
2
(70, 21)
-> Request 5
1050
(3, 2, 1)
3
(35, 6)
-> Request 6
1238
(3, 1, 2)
2
(62, 2)
--> Day : 3
-> Request 0
110
(3, 3, 2)
2
(72, 36)
-> Request 1
312
(3, 2, 2)
3
(36, 49)
-> Request 2
360
(1, 3, 1)
2
(61, 77)
-> Request 3
583
(3, 3, 1)
2
(50, 19)
-> Request 4
728
(3, 1, 2)
3
(14, 25)
-> Request 5
1209
(2, 3, 1)
1
(12, 41)
-> Request 6
1239
(1, 1, 1)
1
(63, 31)
-> Request 7
1394
(2, 2, 1)
2
(58, 56)
--> Day : 4
-> Request 0
177
(4, 2, 2)
1
(19, 14)
-> Request 1
267
(1, 3, 1)
3
(9, 28)
-> Request 2
493
(4, 1, 1)
1
(52, 58)
-> Request 3
942
(1, 3, 2)
2
(74, 46)
-> Request 4
1039
(2, 2, 1)
2
(49, 30)
-> Request 5
1270
(1, 3, 1)
3
(58, 9)
-> Request 6
1282
(1, 1, 1)
1
(71, 73)
-> Request 7
1378
(1, 1, 2)
3
(13, 34)
---> Week : 103
--> Day : 0
-> Request 0
33
(4, 1, 1)
2
(1, 0)
-> Request 1
46
(1, 2, 1)
3
(43, 19)
-> Request 2
55
(2, 3, 2)
1
(12, 36)
-> Request 3
62
(1, 1, 1)
2
(51, 15)
-> Request 4
218
(2, 1, 1)
1
(26, 53)
-> Request 5
272
(1, 2, 1)
2
(34, 20)
-> Request 6
285
(4, 3, 1)
3
(36, 20)
-> Request 7
512
(3, 3, 2)
1
(49, 14)
-> Request 8
655
(1, 1, 1)
2
(24, 13)
-> Request 9
705
(1, 3, 1)
3
(56, 64)
-> Request 10
916
(3, 2, 1)
2
(23, 59)
-> Request 11
917
(1, 3, 2)
3
(21, 9)
-> Request 12
1024
(1, 2, 1)
2
(75, 21)
-> Request 13
1127
(4, 3, 1)
1
(11, 67)
-> Request 14
1196
(4, 2, 2)
1
(65, 72)
-> Request 15
1334
(4, 3, 2)
3
(41, 42)
--> Day : 1
-> Request 0
60
(1, 1, 1)
3
(25, 3)
-> Request 1
140
(4, 1, 2)
1
(31, 72)
-> Request 2
207
(4, 3, 1)
1
(39, 13)
-> Request 3
211
(4, 2, 1)
2
(75, 43)
-> Request 4
307
(3, 2, 2)
1
(37, 35)
-> Request 5
321
(4, 2, 1)
2
(65, 26)
-> Request 6
631
(1, 1, 1)
3
(40, 4)
-> Request 7
686
(1, 1, 1)
1
(40, 22)
-> Request 8
723
(4, 1, 1)
3
(10, 6)
-> Request 9
887
(1, 1, 2)
3
(58, 2)
-> Request 10
1091
(4, 2, 2)
1
(47, 40)
-> Request 11
1248
(3, 1, 2)
3
(48, 59)
-> Request 12
1255
(3, 2, 2)
1
(66, 37)
-> Request 13
1436
(1, 2, 1)
2
(20, 3)
--> Day : 2
-> Request 0
165
(1, 3, 1)
3
(24, 20)
-> Request 1
369
(3, 2, 1)
3
(8, 18)
-> Request 2
428
(4, 3, 2)
2
(67, 74)
-> Request 3
666
(1, 2, 1)
2
(73, 5)
-> Request 4
790
(1, 3, 2)
2
(35, 14)
-> Request 5
817
(4, 1, 1)
3
(21, 50)
-> Request 6
1396
(3, 2, 2)
3
(43, 1)
--> Day : 3
-> Request 0
31
(4, 3, 1)
2
(46, 48)
-> Request 1
188
(2, 3, 2)
3
(36, 62)
-> Request 2
192
(1, 2, 1)
2
(14, 74)
-> Request 3
199
(4, 3, 1)
3
(20, 29)
-> Request 4
214
(4, 1, 2)
3
(67, 41)
-> Request 5
347
(4, 3, 2)
1
(46, 17)
-> Request 6
384
(3, 1, 1)
1
(35, 48)
-> Request 7
476
(3, 3, 1)
3
(35, 15)
-> Request 8
590
(3, 3, 1)
1
(28, 49)
-> Request 9
980
(3, 2, 2)
3
(46, 4)
-> Request 10
981
(3, 3, 2)
3
(71, 31)
-> Request 11
1021
(1, 1, 1)
1
(26, 49)
-> Request 12
1107
(1, 2, 1)
2
(23, 59)
-> Request 13
1211
(3, 2, 1)
2
(50, 18)
-> Request 14
1345
(2, 3, 2)
1
(43, 11)
--> Day : 4
-> Request 0
75
(3, 1, 2)
1
(66, 74)
-> Request 1
92
(1, 1, 2)
3
(73, 56)
-> Request 2
361
(3, 3, 1)
3
(43, 75)
-> Request 3
453
(1, 1, 1)
2
(59, 49)
-> Request 4
531
(2, 2, 2)
2
(43, 67)
-> Request 5
746
(2, 1, 2)
1
(65, 70)
-> Request 6
840
(4, 1, 2)
2
(29, 21)
-> Request 7
890
(2, 1, 1)
3
(37, 55)
-> Request 8
944
(1, 1, 2)
1
(25, 33)
-> Request 9
1157
(1, 1, 2)
1
(52, 41)
-> Request 10
1370
(3, 1, 1)
2
(65, 51)
---> Week : 104
--> Day : 0
-> Request 0
93
(4, 1, 1)
3
(74, 58)
-> Request 1
279
(2, 2, 1)
1
(43, 76)
-> Request 2
405
(3, 1, 1)
2
(11, 65)
-> Request 3
672
(3, 3, 2)
2
(54, 54)
-> Request 4
729
(1, 1, 1)
2
(79, 17)
-> Request 5
785
(4, 3, 1)
2
(65, 38)
-> Request 6
1023
(4, 2, 2)
1
(59, 64)
-> Request 7
1373
(3, 1, 1)
2
(13, 2)
-> Request 8
1433
(4, 2, 1)
2
(59, 39)
--> Day : 1
-> Request 0
167
(2, 1, 2)
3
(35, 25)
-> Request 1
376
(1, 1, 2)
2
(73, 45)
-> Request 2
495
(2, 2, 2)
2
(21, 33)
-> Request 3
759
(3, 3, 1)
1
(64, 45)
-> Request 4
1034
(4, 1, 1)
3
(78, 67)
-> Request 5
1080
(3, 3, 2)
2
(21, 19)
-> Request 6
1105
(3, 1, 1)
3
(11, 59)
-> Request 7
1293
(1, 1, 1)
3
(73, 36)
-> Request 8
1404
(4, 1, 1)
3
(1, 61)
--> Day : 2
-> Request 0
48
(2, 3, 1)
2
(70, 47)
-> Request 1
106
(2, 1, 2)
2
(73, 6)
-> Request 2
255
(3, 1, 1)
2
(56, 49)
-> Request 3
560
(1, 3, 1)
3
(51, 5)
-> Request 4
560
(4, 3, 1)
1
(4, 13)
-> Request 5
563
(1, 2, 1)
2
(36, 18)
-> Request 6
706
(3, 2, 2)
2
(79, 62)
-> Request 7
740
(2, 2, 1)
2
(2, 42)
-> Request 8
987
(1, 1, 1)
1
(27, 36)
-> Request 9
1039
(4, 1, 1)
3
(8, 42)
-> Request 10
1241
(4, 3, 1)
3
(31, 34)
-> Request 11
1428
(2, 1, 2)
2
(66, 72)
--> Day : 3
-> Request 0
255
(2, 2, 2)
3
(45, 58)
-> Request 1
275
(1, 2, 1)
2
(32, 57)
-> Request 2
347
(3, 1, 2)
1
(55, 79)
-> Request 3
389
(3, 1, 2)
2
(6, 16)
-> Request 4
504
(1, 1, 1)
2
(62, 64)
-> Request 5
636
(2, 1, 2)
3
(38, 47)
-> Request 6
979
(3, 2, 2)
3
(56, 9)
-> Request 7
1063
(1, 1, 1)
1
(34, 18)
-> Request 8
1182
(4, 1, 1)
2
(57, 32)
-> Request 9
1355
(2, 3, 2)
1
(23, 54)
-> Request 10
1410
(3, 3, 2)
1
(40, 74)
--> Day : 4
-> Request 0
51
(1, 1, 1)
1
(17, 49)
-> Request 1
82
(3, 3, 1)
3
(57, 66)
-> Request 2
120
(4, 3, 1)
1
(55, 20)
-> Request 3
133
(4, 3, 1)
2
(21, 20)
-> Request 4
233
(1, 1, 1)
1
(73, 73)
-> Request 5
379
(2, 1, 1)
2
(3, 19)
-> Request 6
495
(1, 2, 2)
3
(32, 71)
-> Request 7
509
(1, 1, 1)
3
(70, 60)
-> Request 8
628
(1, 1, 2)
1
(8, 70)
-> Request 9
883
(4, 3, 2)
2
(54, 63)
-> Request 10
1032
(3, 1, 2)
2
(48, 73)
---> Week : 105
--> Day : 0
-> Request 0
151
(2, 3, 1)
1
(39, 74)
-> Request 1
258
(3, 2, 2)
1
(54, 61)
-> Request 2
292
(2, 2, 1)
1
(33, 29)
-> Request 3
350
(1, 1, 2)
2
(25, 36)
-> Request 4
637
(3, 3, 1)
1
(15, 36)
-> Request 5
672
(2, 3, 2)
2
(24, 11)
-> Request 6
835
(2, 3, 2)
3
(53, 72)
-> Request 7
931
(1, 1, 1)
1
(29, 52)
-> Request 8
949
(2, 1, 2)
1
(73, 24)
-> Request 9
1141
(4, 2, 2)
3
(60, 27)
-> Request 10
1263
(1, 2, 1)
3
(57, 63)
-> Request 11
1319
(3, 3, 2)
2
(58, 50)
-> Request 12
1383
(4, 2, 1)
3
(25, 62)
--> Day : 1
-> Request 0
33
(2, 1, 2)
1
(73, 13)
-> Request 1
95
(2, 1, 1)
1
(6, 32)
-> Request 2
387
(1, 2, 2)
2
(27, 8)
-> Request 3
614
(3, 2, 1)
2
(20, 73)
-> Request 4
743
(3, 3, 2)
2
(59, 75)
-> Request 5
971
(2, 3, 1)
3
(58, 6)
-> Request 6
1168
(2, 2, 1)
3
(20, 34)
--> Day : 2
-> Request 0
429
(4, 1, 2)
1
(59, 41)
-> Request 1
443
(3, 1, 2)
3
(18, 53)
-> Request 2
615
(1, 2, 2)
3
(15, 7)
-> Request 3
661
(2, 1, 1)
3
(15, 61)
-> Request 4
876
(4, 1, 2)
1
(8, 55)
-> Request 5
1204
(2, 2, 1)
1
(22, 2)
--> Day : 3
-> Request 0
64
(3, 3, 1)
2
(73, 61)
-> Request 1
322
(1, 1, 2)
1
(18, 56)
-> Request 2
390
(3, 1, 1)
1
(11, 44)
-> Request 3
742
(4, 1, 2)
1
(52, 50)
-> Request 4
824
(4, 2, 2)
3
(59, 63)
-> Request 5
867
(4, 3, 2)
2
(62, 72)
-> Request 6
888
(2, 3, 1)
3
(26, 67)
-> Request 7
967
(4, 1, 1)
3
(73, 4)
-> Request 8
972
(1, 2, 1)
2
(18, 63)
-> Request 9
1233
(1, 2, 2)
1
(5, 24)
--> Day : 4
-> Request 0
23
(1, 1, 2)
1
(50, 10)
-> Request 1
120
(3, 2, 2)
1
(79, 54)
-> Request 2
142
(4, 1, 1)
1
(26, 71)
-> Request 3
163
(4, 3, 2)
1
(33, 47)
-> Request 4
218
(1, 2, 1)
3
(57, 21)
-> Request 5
249
(3, 2, 2)
2
(26, 59)
-> Request 6
456
(4, 3, 1)
1
(50, 62)
-> Request 7
959
(2, 1, 2)
1
(52, 16)
-> Request 8
1064
(1, 1, 2)
1
(77, 64)
-> Request 9
1124
(1, 2, 2)
1
(6, 50)
-> Request 10
1420
(3, 1, 2)
3
(16, 75)
---> Week : 106
--> Day : 0
-> Request 0
426
(1, 1, 1)
1
(19, 50)
-> Request 1
485
(2, 1, 1)
2
(2, 64)
-> Request 2
734
(2, 3, 2)
1
(18, 51)
-> Request 3
741
(1, 2, 1)
1
(41, 76)
-> Request 4
757
(4, 1, 1)
1
(28, 54)
-> Request 5
896
(1, 1, 1)
3
(31, 46)
-> Request 6
1061
(2, 3, 1)
1
(68, 47)
-> Request 7
1218
(1, 3, 1)
3
(9, 77)
-> Request 8
1330
(4, 2, 2)
2
(41, 49)
--> Day : 1
-> Request 0
33
(1, 3, 1)
3
(61, 64)
-> Request 1
57
(4, 1, 2)
2
(1, 50)
-> Request 2
385
(2, 3, 2)
3
(31, 38)
-> Request 3
596
(3, 2, 1)
3
(44, 76)
-> Request 4
671
(3, 2, 2)
3
(18, 4)
-> Request 5
854
(2, 3, 2)
3
(35, 68)
-> Request 6
1082
(2, 2, 2)
1
(49, 78)
-> Request 7
1185
(1, 3, 2)
1
(8, 58)
-> Request 8
1234
(3, 1, 2)
2
(76, 37)
-> Request 9
1315
(2, 3, 2)
3
(34, 3)
-> Request 10
1352
(2, 2, 1)
3
(25, 35)
--> Day : 2
-> Request 0
144
(3, 2, 2)
2
(31, 3)
-> Request 1
175
(1, 2, 1)
2
(73, 21)
-> Request 2
381
(4, 3, 1)
3
(78, 40)
-> Request 3
390
(2, 2, 1)
2
(17, 0)
-> Request 4
792
(2, 3, 2)
2
(28, 21)
-> Request 5
895
(1, 1, 2)
2
(59, 29)
-> Request 6
1067
(2, 1, 1)
1
(32, 39)
-> Request 7
1136
(3, 1, 1)
3
(19, 74)
-> Request 8
1317
(2, 2, 1)
3
(7, 79)
-> Request 9
1422
(3, 1, 1)
3
(13, 43)
--> Day : 3
-> Request 0
170
(4, 2, 1)
2
(29, 10)
-> Request 1
177
(4, 2, 2)
3
(54, 33)
-> Request 2
317
(4, 3, 2)
1
(53, 76)
-> Request 3
364
(3, 2, 2)
2
(40, 78)
-> Request 4
486
(3, 1, 2)
2
(48, 24)
-> Request 5
603
(2, 1, 2)
2
(0, 27)
-> Request 6
612
(3, 3, 2)
3
(54, 59)
-> Request 7
787
(4, 1, 2)
2
(12, 0)
-> Request 8
949
(1, 2, 1)
2
(65, 0)
-> Request 9
952
(2, 3, 2)
2
(34, 2)
-> Request 10
999
(1, 1, 2)
3
(58, 43)
-> Request 11
1100
(2, 2, 1)
2
(50, 17)
-> Request 12
1327
(3, 3, 1)
2
(74, 57)
-> Request 13
1344
(2, 1, 1)
3
(10, 73)
-> Request 14
1429
(1, 2, 2)
2
(78, 5)
--> Day : 4
-> Request 0
2
(3, 2, 1)
1
(21, 3)
-> Request 1
424
(4, 3, 1)
2
(65, 23)
-> Request 2
548
(4, 1, 1)
3
(68, 55)
-> Request 3
730
(1, 1, 2)
2
(25, 57)
-> Request 4
785
(1, 1, 2)
3
(49, 59)
-> Request 5
849
(2, 3, 2)
3
(71, 71)
-> Request 6
922
(4, 3, 1)
3
(52, 78)
-> Request 7
1015
(4, 3, 1)
1
(2, 1)
-> Request 8
1089
(2, 3, 1)
1
(6, 1)
-> Request 9
1231
(3, 2, 2)
2
(17, 31)
-> Request 10
1258
(4, 1, 2)
2
(14, 13)
-> Request 11
1262
(1, 2, 2)
1
(44, 30)
-> Request 12
1369
(4, 2, 2)
2
(78, 7)
-> Request 13
1370
(1, 3, 2)
1
(9, 37)
-> Request 14
1372
(1, 3, 2)
2
(36, 44)
---> Week : 107
--> Day : 0
-> Request 0
64
(4, 1, 1)
3
(19, 60)
-> Request 1
163
(3, 1, 1)
2
(40, 22)
-> Request 2
578
(2, 1, 1)
2
(6, 60)
-> Request 3
734
(3, 2, 1)
2
(1, 15)
-> Request 4
919
(1, 3, 2)
3
(10, 2)
-> Request 5
931
(2, 1, 2)
2
(55, 10)
-> Request 6
1067
(4, 1, 2)
3
(69, 13)
-> Request 7
1083
(1, 1, 2)
1
(68, 59)
-> Request 8
1281
(2, 1, 2)
1
(24, 18)
--> Day : 1
-> Request 0
69
(4, 1, 2)
3
(6, 46)
-> Request 1
177
(4, 3, 1)
1
(79, 13)
-> Request 2
247
(3, 2, 1)
3
(57, 73)
-> Request 3
491
(2, 1, 2)
3
(57, 40)
-> Request 4
750
(1, 2, 2)
3
(10, 12)
-> Request 5
1015
(1, 3, 1)
2
(77, 15)
-> Request 6
1073
(2, 2, 2)
1
(44, 39)
-> Request 7
1240
(3, 2, 2)
3
(68, 46)
-> Request 8
1301
(1, 3, 2)
1
(63, 77)
--> Day : 2
-> Request 0
150
(3, 1, 1)
1
(20, 66)
-> Request 1
211
(2, 2, 1)
3
(31, 38)
-> Request 2
445
(4, 3, 2)
1
(74, 13)
-> Request 3
889
(3, 1, 2)
2
(68, 23)
-> Request 4
946
(4, 3, 1)
1
(32, 70)
-> Request 5
1110
(4, 3, 2)
3
(53, 40)
-> Request 6
1256
(1, 1, 2)
2
(60, 78)
-> Request 7
1357
(3, 2, 1)
2
(6, 8)
--> Day : 3
-> Request 0
43
(1, 2, 2)
3
(54, 25)
-> Request 1
81
(1, 1, 2)
1
(17, 13)
-> Request 2
202
(3, 1, 2)
3
(72, 48)
-> Request 3
274
(1, 3, 1)
2
(17, 69)
-> Request 4
327
(1, 1, 2)
1
(54, 4)
-> Request 5
327
(2, 2, 1)
3
(18, 37)
-> Request 6
339
(1, 3, 2)
2
(35, 41)
-> Request 7
422
(3, 3, 2)
3
(14, 63)
-> Request 8
424
(3, 1, 2)
2
(38, 16)
-> Request 9
459
(2, 3, 1)
3
(58, 14)
-> Request 10
1312
(4, 2, 1)
1
(53, 21)
--> Day : 4
-> Request 0
58
(4, 2, 1)
2
(76, 41)
-> Request 1
270
(4, 3, 1)
2
(38, 0)
-> Request 2
316
(2, 3, 2)
1
(17, 23)
-> Request 3
414
(1, 1, 1)
3
(28, 69)
-> Request 4
456
(2, 2, 2)
3
(40, 20)
-> Request 5
476
(1, 3, 2)
2
(52, 36)
-> Request 6
546
(4, 1, 2)
2
(56, 63)
-> Request 7
871
(1, 3, 2)
2
(78, 28)
-> Request 8
875
(4, 3, 1)
2
(9, 30)
-> Request 9
877
(3, 3, 1)
1
(67, 46)
-> Request 10
892
(4, 1, 1)
1
(62, 41)
-> Request 11
962
(2, 3, 2)
2
(48, 19)
-> Request 12
1101
(2, 3, 2)
3
(33, 58)
---> Week : 108
--> Day : 0
-> Request 0
27
(3, 1, 1)
3
(58, 71)
-> Request 1
70
(3, 3, 1)
3
(31, 34)
-> Request 2
283
(2, 3, 2)
3
(54, 13)
-> Request 3
534
(2, 1, 1)
2
(69, 78)
-> Request 4
782
(4, 3, 2)
2
(16, 55)
-> Request 5
852
(4, 2, 2)
1
(40, 5)
-> Request 6
964
(1, 2, 2)
1
(15, 15)
-> Request 7
983
(2, 3, 2)
2
(66, 51)
-> Request 8
1076
(1, 3, 2)
2
(35, 50)
-> Request 9
1336
(2, 1, 2)
3
(38, 35)
-> Request 10
1425
(1, 2, 1)
2
(14, 33)
--> Day : 1
-> Request 0
83
(4, 3, 2)
3
(28, 5)
-> Request 1
196
(3, 1, 2)
1
(4, 32)
-> Request 2
333
(2, 2, 2)
3
(21, 13)
-> Request 3
343
(4, 2, 2)
1
(5, 34)
-> Request 4
474
(4, 1, 2)
3
(11, 20)
-> Request 5
514
(1, 1, 1)
1
(62, 15)
-> Request 6
538
(1, 1, 2)
1
(57, 21)
-> Request 7
846
(4, 3, 2)
2
(40, 17)
-> Request 8
873
(4, 1, 2)
2
(24, 36)
-> Request 9
1368
(1, 3, 2)
1
(44, 79)
-> Request 10
1384
(1, 2, 1)
3
(6, 73)
--> Day : 2
-> Request 0
132
(2, 1, 1)
2
(67, 73)
-> Request 1
171
(1, 3, 2)
2
(45, 22)
-> Request 2
651
(1, 1, 2)
2
(71, 26)
-> Request 3
708
(1, 1, 1)
2
(43, 22)
-> Request 4
884
(1, 3, 2)
1
(36, 64)
-> Request 5
1057
(3, 2, 2)
2
(44, 78)
-> Request 6
1322
(2, 1, 1)
3
(12, 49)
--> Day : 3
-> Request 0
144
(2, 1, 2)
3
(29, 2)
-> Request 1
193
(4, 1, 1)
2
(30, 66)
-> Request 2
307
(4, 2, 2)
3
(26, 66)
-> Request 3
429
(4, 1, 1)
3
(6, 10)
-> Request 4
541
(1, 3, 1)
2
(42, 31)
-> Request 5
580
(1, 1, 2)
3
(8, 26)
-> Request 6
1304
(3, 3, 1)
3
(58, 26)
--> Day : 4
-> Request 0
26
(2, 3, 1)
1
(41, 35)
-> Request 1
106
(4, 3, 1)
2
(26, 71)
-> Request 2
564
(2, 1, 2)
1
(18, 72)
-> Request 3
586
(2, 2, 1)
1
(7, 13)
-> Request 4
809
(3, 2, 1)
1
(25, 59)
-> Request 5
866
(1, 2, 2)
1
(2, 6)
-> Request 6
1060
(1, 2, 1)
3
(23, 35)
-> Request 7
1131
(2, 3, 2)
2
(52, 9)
-> Request 8
1168
(4, 2, 2)
1
(63, 41)
-> Request 9
1300
(3, 2, 1)
1
(37, 74)
-> Request 10
1353
(2, 2, 1)
2
(46, 50)
---> Week : 109
--> Day : 0
-> Request 0
46
(3, 1, 2)
1
(21, 33)
-> Request 1
93
(4, 2, 1)
1
(28, 18)
-> Request 2
102
(1, 2, 1)
1
(55, 23)
-> Request 3
183
(4, 3, 2)
2
(71, 4)
-> Request 4
197
(1, 3, 2)
3
(2, 55)
-> Request 5
209
(3, 1, 1)
3
(61, 6)
-> Request 6
306
(4, 3, 2)
1
(13, 15)
-> Request 7
308
(1, 1, 2)
3
(72, 14)
-> Request 8
356
(1, 1, 2)
1
(32, 26)
-> Request 9
563
(2, 3, 1)
1
(61, 50)
-> Request 10
784
(3, 3, 1)
1
(4, 3)
-> Request 11
980
(3, 2, 1)
3
(35, 67)
-> Request 12
1034
(4, 3, 1)
2
(10, 75)
-> Request 13
1082
(2, 2, 2)
2
(1, 71)
-> Request 14
1174
(4, 3, 2)
3
(35, 45)
-> Request 15
1206
(4, 3, 1)
1
(48, 69)
--> Day : 1
-> Request 0
48
(4, 3, 2)
1
(5, 37)
-> Request 1
101
(3, 2, 2)
2
(0, 21)
-> Request 2
122
(1, 3, 1)
1
(69, 32)
-> Request 3
148
(1, 1, 1)
2
(3, 29)
-> Request 4
245
(3, 3, 2)
3
(65, 55)
-> Request 5
324
(3, 2, 2)
2
(54, 47)
-> Request 6
391
(3, 1, 2)
1
(15, 79)
-> Request 7
496
(4, 1, 1)
1
(30, 21)
-> Request 8
518
(4, 3, 2)
1
(8, 46)
-> Request 9
595
(2, 1, 2)
2
(69, 25)
-> Request 10
616
(4, 1, 1)
2
(38, 8)
-> Request 11
967
(4, 2, 2)
2
(15, 32)
-> Request 12
1199
(4, 1, 2)
1
(25, 78)
-> Request 13
1296
(3, 1, 1)
1
(77, 77)
--> Day : 2
-> Request 0
41
(3, 3, 1)
1
(54, 43)
-> Request 1
260
(1, 1, 2)
2
(57, 62)
-> Request 2
281
(1, 2, 2)
2
(51, 28)
-> Request 3
330
(1, 2, 1)
2
(7, 51)
-> Request 4
357
(1, 2, 2)
3
(37, 12)
-> Request 5
858
(3, 3, 2)
1
(53, 5)
--> Day : 3
-> Request 0
45
(1, 1, 2)
2
(76, 62)
-> Request 1
147
(3, 2, 1)
1
(26, 65)
-> Request 2
172
(1, 3, 2)
1
(40, 33)
-> Request 3
285
(1, 1, 1)
1
(13, 77)
-> Request 4
388
(1, 1, 2)
1
(19, 2)
-> Request 5
474
(2, 1, 1)
1
(78, 24)
-> Request 6
478
(1, 1, 1)
1
(64, 33)
-> Request 7
495
(3, 2, 2)
2
(9, 29)
-> Request 8
598
(3, 2, 1)
2
(57, 41)
-> Request 9
1014
(1, 2, 1)
1
(70, 5)
-> Request 10
1068
(1, 3, 2)
1
(61, 61)
-> Request 11
1099
(3, 1, 1)
1
(61, 35)
-> Request 12
1211
(3, 2, 2)
1
(69, 30)
-> Request 13
1275
(3, 3, 1)
3
(23, 21)
-> Request 14
1343
(1, 3, 2)
2
(48, 71)
--> Day : 4
-> Request 0
88
(4, 2, 1)
3
(36, 48)
-> Request 1
257
(2, 3, 1)
1
(56, 32)
-> Request 2
457
(2, 3, 1)
3
(78, 58)
-> Request 3
460
(2, 1, 1)
1
(59, 20)
-> Request 4
492
(2, 3, 2)
3
(78, 55)
-> Request 5
530
(1, 1, 2)
1
(45, 7)
-> Request 6
561
(1, 2, 2)
1
(56, 77)
-> Request 7
738
(4, 1, 1)
2
(52, 13)
-> Request 8
854
(4, 3, 2)
3
(32, 56)
-> Request 9
959
(3, 2, 2)
3
(45, 43)
-> Request 10
977
(3, 3, 1)
3
(48, 67)
-> Request 11
994
(4, 1, 1)
1
(26, 19)
-> Request 12
1049
(4, 1, 2)
1
(6, 38)
-> Request 13
1257
(3, 1, 2)
3
(25, 73)
-> Request 14
1326
(4, 3, 1)
2
(8, 64)
---> Week : 110
--> Day : 0
-> Request 0
220
(4, 2, 2)
3
(20, 53)
-> Request 1
226
(2, 1, 1)
3
(16, 61)
-> Request 2
331
(3, 2, 1)
2
(19, 3)
-> Request 3
402
(1, 2, 2)
3
(66, 51)
-> Request 4
496
(1, 1, 2)
1
(21, 27)
-> Request 5
533
(3, 2, 1)
3
(65, 26)
-> Request 6
764
(3, 2, 2)
3
(0, 48)
-> Request 7
997
(4, 3, 2)
2
(51, 78)
-> Request 8
1043
(1, 2, 1)
3
(70, 25)
-> Request 9
1132
(3, 2, 1)
3
(33, 15)
-> Request 10
1137
(2, 3, 2)
1
(62, 67)
-> Request 11
1214
(4, 2, 2)
2
(12, 59)
--> Day : 1
-> Request 0
184
(3, 2, 2)
3
(41, 72)
-> Request 1
354
(2, 3, 1)
1
(50, 19)
-> Request 2
423
(4, 3, 1)
2
(21, 27)
-> Request 3
574
(1, 3, 2)
2
(0, 40)
-> Request 4
584
(1, 3, 1)
1
(19, 4)
-> Request 5
899
(3, 2, 2)
3
(79, 30)
-> Request 6
1039
(4, 3, 1)
1
(42, 25)
-> Request 7
1185
(2, 1, 2)
2
(69, 5)
-> Request 8
1248
(1, 3, 2)
2
(17, 5)
-> Request 9
1296
(1, 2, 1)
1
(33, 65)
-> Request 10
1341
(2, 2, 1)
3
(59, 32)
-> Request 11
1376
(1, 2, 2)
3
(27, 69)
-> Request 12
1437
(2, 3, 1)
3
(17, 71)
--> Day : 2
-> Request 0
544
(2, 2, 1)
3
(19, 54)
-> Request 1
566
(4, 2, 1)
1
(6, 66)
-> Request 2
766
(2, 2, 1)
2
(23, 52)
-> Request 3
1281
(4, 2, 1)
1
(24, 5)
--> Day : 3
-> Request 0
226
(1, 2, 1)
2
(73, 58)
-> Request 1
457
(4, 3, 2)
2
(59, 4)
-> Request 2
474
(2, 2, 2)
1
(68, 71)
-> Request 3
535
(3, 3, 2)
2
(52, 70)
-> Request 4
535
(2, 2, 2)
2
(36, 64)
-> Request 5
559
(4, 1, 2)
2
(79, 50)
-> Request 6
568
(3, 1, 1)
1
(39, 54)
-> Request 7
653
(3, 1, 2)
1
(21, 46)
-> Request 8
941
(4, 3, 2)
2
(53, 52)
-> Request 9
987
(4, 1, 2)
3
(53, 7)
-> Request 10
1311
(2, 3, 1)
2
(70, 53)
-> Request 11
1393
(4, 2, 2)
2
(18, 56)
--> Day : 4
-> Request 0
287
(1, 3, 2)
3
(42, 76)
-> Request 1
403
(4, 2, 1)
3
(41, 58)
-> Request 2
590
(4, 3, 2)
2
(77, 23)
-> Request 3
605
(1, 3, 1)
2
(79, 2)
-> Request 4
1115
(2, 2, 2)
2
(26, 72)
-> Request 5
1218
(1, 2, 1)
3
(50, 78)
-> Request 6
1330
(2, 3, 1)
2
(11, 36)
-> Request 7
1369
(4, 1, 1)
2
(10, 2)
---> Week : 111
--> Day : 0
-> Request 0
186
(1, 3, 1)
1
(3, 48)
-> Request 1
394
(2, 2, 2)
3
(59, 27)
-> Request 2
421
(1, 2, 1)
2
(60, 12)
-> Request 3
458
(4, 3, 1)
2
(22, 33)
-> Request 4
626
(3, 2, 1)
1
(15, 44)
-> Request 5
942
(3, 1, 1)
2
(25, 43)
-> Request 6
1032
(2, 3, 1)
2
(1, 51)
-> Request 7
1096
(3, 3, 2)
3
(54, 25)
-> Request 8
1270
(2, 1, 1)
3
(58, 61)
-> Request 9
1278
(4, 2, 1)
3
(63, 5)
-> Request 10
1286
(4, 1, 2)
1
(11, 15)
-> Request 11
1322
(3, 3, 1)
1
(79, 67)
-> Request 12
1374
(3, 3, 2)
1
(36, 26)
-> Request 13
1395
(3, 1, 2)
3
(30, 16)
--> Day : 1
-> Request 0
126
(4, 1, 2)
2
(46, 26)
-> Request 1
485
(2, 3, 1)
1
(12, 37)
-> Request 2
488
(2, 3, 1)
3
(54, 18)
-> Request 3
1324
(3, 3, 1)
3
(44, 1)
--> Day : 2
-> Request 0
7
(4, 2, 1)
1
(72, 59)
-> Request 1
63
(3, 1, 1)
1
(60, 2)
-> Request 2
111
(1, 2, 2)
2
(38, 52)
-> Request 3
803
(2, 1, 1)
2
(42, 56)
-> Request 4
977
(1, 1, 2)
3
(47, 36)
-> Request 5
1213
(2, 2, 1)
1
(70, 47)
-> Request 6
1223
(4, 2, 1)
1
(39, 78)
--> Day : 3
-> Request 0
27
(2, 3, 1)
3
(37, 46)
-> Request 1
51
(4, 3, 2)
2
(13, 77)
-> Request 2
244
(3, 1, 1)
3
(15, 19)
-> Request 3
421
(1, 3, 1)
2
(46, 21)
-> Request 4
504
(2, 2, 1)
1
(66, 65)
-> Request 5
748
(4, 3, 2)
1
(49, 79)
-> Request 6
834
(2, 3, 2)
3
(68, 26)
-> Request 7
889
(2, 1, 1)
1
(35, 24)
-> Request 8
903
(3, 1, 1)
1
(10, 77)
-> Request 9
944
(4, 2, 1)
1
(63, 11)
-> Request 10
1047
(4, 2, 2)
1
(39, 53)
-> Request 11
1058
(4, 2, 2)
1
(12, 45)
--> Day : 4
-> Request 0
279
(4, 2, 1)
3
(12, 17)
-> Request 1
365
(2, 3, 2)
1
(22, 50)
-> Request 2
560
(2, 3, 1)
1
(5, 47)
-> Request 3
930
(1, 3, 1)
1
(17, 6)
-> Request 4
1015
(2, 3, 1)
1
(44, 79)
-> Request 5
1150
(2, 1, 2)
3
(76, 16)
-> Request 6
1266
(2, 1, 2)
1
(62, 41)
---> Week : 112
--> Day : 0
-> Request 0
31
(1, 2, 1)
1
(26, 74)
-> Request 1
137
(4, 1, 2)
3
(60, 51)
-> Request 2
163
(1, 2, 2)
2
(66, 17)
-> Request 3
237
(4, 2, 1)
1
(51, 59)
-> Request 4
317
(2, 1, 1)
2
(19, 5)
-> Request 5
495
(1, 3, 1)
1
(4, 48)
-> Request 6
695
(3, 3, 2)
3
(36, 63)
-> Request 7
804
(3, 2, 1)
2
(70, 48)
-> Request 8
806
(4, 2, 2)
2
(18, 78)
-> Request 9
1014
(3, 3, 2)
2
(29, 65)
--> Day : 1
-> Request 0
9
(2, 1, 2)
3
(11, 62)
-> Request 1
35
(4, 1, 2)
3
(19, 11)
-> Request 2
292
(3, 2, 2)
1
(10, 8)
-> Request 3
502
(2, 1, 2)
1
(2, 29)
-> Request 4
911
(3, 1, 2)
1
(35, 28)
-> Request 5
962
(4, 1, 1)
2
(5, 5)
-> Request 6
1134
(4, 1, 2)
2
(32, 34)
-> Request 7
1140
(2, 1, 2)
1
(15, 3)
-> Request 8
1355
(1, 1, 2)
1
(46, 36)
--> Day : 2
-> Request 0
546
(3, 2, 2)
1
(8, 60)
-> Request 1
591
(4, 3, 1)
2
(51, 67)
-> Request 2
743
(2, 3, 2)
1
(11, 38)
-> Request 3
895
(2, 2, 2)
1
(77, 66)
-> Request 4
1353
(1, 3, 2)
3
(12, 64)
--> Day : 3
-> Request 0
59
(1, 2, 2)
1
(70, 41)
-> Request 1
189
(4, 1, 2)
2
(66, 3)
-> Request 2
318
(4, 3, 2)
2
(71, 14)
-> Request 3
357
(2, 3, 1)
2
(54, 14)
-> Request 4
709
(2, 2, 2)
3
(22, 17)
-> Request 5
745
(2, 2, 2)
3
(19, 15)
-> Request 6
1008
(4, 3, 1)
3
(31, 54)
-> Request 7
1063
(1, 3, 2)
2
(3, 77)
-> Request 8
1063
(2, 3, 2)
2
(10, 41)
-> Request 9
1096
(4, 2, 1)
2
(2, 72)
-> Request 10
1329
(2, 1, 2)
1
(33, 9)
--> Day : 4
-> Request 0
4
(3, 1, 2)
3
(37, 21)
-> Request 1
61
(2, 1, 1)
3
(65, 73)
-> Request 2
95
(4, 1, 2)
3
(36, 14)
-> Request 3
164
(4, 3, 2)
3
(38, 39)
-> Request 4
331
(1, 3, 1)
2
(24, 60)
-> Request 5
1092
(1, 1, 1)
1
(59, 77)
-> Request 6
1109
(3, 3, 2)
2
(2, 73)
---> Week : 113
--> Day : 0
-> Request 0
109
(3, 2, 2)
3
(13, 25)
-> Request 1
113
(2, 1, 1)
2
(53, 25)
-> Request 2
654
(3, 1, 1)
1
(9, 52)
-> Request 3
808
(2, 2, 2)
1
(36, 8)
-> Request 4
1016
(3, 2, 1)
2
(40, 48)
-> Request 5
1062
(2, 2, 1)
3
(21, 56)
-> Request 6
1351
(1, 1, 2)
3
(74, 75)
-> Request 7
1404
(4, 3, 2)
2
(70, 0)
--> Day : 1
-> Request 0
14
(4, 2, 1)
1
(1, 46)
-> Request 1
145
(4, 3, 2)
3
(1, 56)
-> Request 2
313
(3, 2, 2)
1
(26, 36)
-> Request 3
628
(3, 1, 1)
1
(38, 65)
-> Request 4
1079
(1, 2, 2)
2
(52, 65)
--> Day : 2
-> Request 0
77
(1, 3, 1)
1
(12, 26)
-> Request 1
165
(3, 1, 1)
1
(8, 18)
-> Request 2
191
(3, 2, 1)
1
(73, 3)
-> Request 3
455
(3, 3, 1)
3
(8, 2)
-> Request 4
457
(3, 3, 2)
3
(79, 13)
-> Request 5
969
(4, 3, 1)
2
(49, 4)
--> Day : 3
-> Request 0
154
(2, 3, 2)
2
(3, 10)
-> Request 1
256
(2, 3, 2)
2
(7, 60)
-> Request 2
475
(4, 2, 1)
3
(32, 19)
-> Request 3
625
(3, 3, 2)
2
(7, 59)
-> Request 4
643
(4, 3, 2)
2
(68, 44)
-> Request 5
931
(4, 3, 2)
3
(33, 11)
-> Request 6
937
(1, 2, 2)
3
(34, 23)
-> Request 7
1295
(3, 2, 2)
1
(34, 11)
--> Day : 4
-> Request 0
34
(3, 1, 1)
3
(16, 20)
-> Request 1
85
(3, 1, 2)
2
(63, 61)
-> Request 2
90
(1, 3, 1)
1
(40, 64)
-> Request 3
94
(3, 2, 2)
3
(21, 67)
-> Request 4
105
(4, 1, 2)
1
(36, 2)
-> Request 5
115
(4, 3, 2)
3
(77, 16)
-> Request 6
420
(4, 2, 2)
2
(72, 62)
-> Request 7
574
(4, 2, 2)
1
(5, 12)
-> Request 8
574
(1, 3, 2)
1
(67, 32)
-> Request 9
769
(1, 1, 2)
2
(46, 22)
-> Request 10
1040
(2, 1, 2)
3
(58, 33)
-> Request 11
1092
(1, 1, 1)
2
(56, 27)
-> Request 12
1176
(4, 3, 1)
3
(0, 13)
-> Request 13
1257
(2, 2, 2)
3
(65, 21)
-> Request 14
1279
(1, 1, 2)
2
(14, 21)
---> Week : 114
--> Day : 0
-> Request 0
34
(3, 3, 2)
1
(3, 75)
-> Request 1
35
(1, 2, 1)
2
(68, 77)
-> Request 2
37
(1, 1, 2)
3
(16, 22)
-> Request 3
96
(2, 2, 1)
3
(14, 35)
-> Request 4
203
(1, 1, 2)
1
(70, 76)
-> Request 5
342
(1, 3, 2)
3
(24, 0)
-> Request 6
568
(2, 3, 2)
2
(70, 44)
-> Request 7
714
(2, 2, 2)
1
(26, 65)
-> Request 8
856
(2, 3, 1)
2
(68, 12)
-> Request 9
1096
(1, 2, 2)
2
(49, 52)
-> Request 10
1172
(1, 2, 1)
1
(77, 15)
-> Request 11
1195
(3, 2, 2)
1
(29, 63)
-> Request 12
1384
(1, 1, 2)
2
(52, 34)
--> Day : 1
-> Request 0
136
(4, 1, 1)
1
(45, 77)
-> Request 1
329
(3, 1, 2)
1
(46, 48)
-> Request 2
431
(1, 1, 1)
2
(7, 17)
-> Request 3
571
(3, 1, 1)
3
(42, 4)
-> Request 4
918
(4, 3, 1)
3
(8, 52)
-> Request 5
1221
(4, 3, 2)
1
(1, 20)
-> Request 6
1244
(2, 2, 2)
1
(64, 78)
-> Request 7
1420
(1, 1, 1)
3
(65, 20)
-> Request 8
1430
(4, 1, 1)
3
(50, 31)
--> Day : 2
-> Request 0
210
(4, 3, 2)
3
(55, 50)
-> Request 1
238
(3, 1, 1)
3
(5, 1)
-> Request 2
240
(4, 1, 2)
1
(69, 34)
-> Request 3
335
(2, 1, 1)
3
(0, 52)
-> Request 4
1045
(3, 2, 1)
3
(43, 54)
-> Request 5
1057
(3, 3, 1)
3
(15, 65)
-> Request 6
1144
(3, 3, 1)
1
(56, 29)
-> Request 7
1168
(1, 1, 1)
1
(38, 3)
-> Request 8
1178
(1, 3, 2)
1
(55, 16)
--> Day : 3
-> Request 0
18
(2, 2, 2)
1
(76, 59)
-> Request 1
102
(1, 3, 2)
2
(24, 30)
-> Request 2
140
(4, 1, 2)
3
(46, 49)
-> Request 3
282
(2, 1, 2)
1
(38, 76)
-> Request 4
389
(3, 1, 2)
3
(43, 73)
-> Request 5
479
(1, 2, 2)
2
(6, 14)
-> Request 6
933
(1, 3, 1)
2
(21, 65)
-> Request 7
1043
(3, 2, 2)
1
(48, 62)
-> Request 8
1265
(2, 3, 1)
1
(6, 77)
-> Request 9
1346
(1, 1, 2)
1
(56, 46)
--> Day : 4
-> Request 0
66
(3, 1, 2)
3
(42, 48)
-> Request 1
248
(1, 1, 2)
3
(47, 60)
-> Request 2
276
(2, 1, 2)
2
(40, 66)
-> Request 3
381
(3, 2, 1)
3
(59, 26)
-> Request 4
448
(2, 2, 2)
3
(21, 26)
-> Request 5
528
(1, 1, 1)
1
(45, 28)
-> Request 6
856
(2, 3, 2)
2
(47, 64)
-> Request 7
1042
(4, 3, 1)
1
(62, 32)
-> Request 8
1043
(2, 1, 2)
3
(46, 54)
-> Request 9
1215
(4, 1, 1)
1
(39, 28)
---> Week : 115
--> Day : 0
-> Request 0
327
(3, 2, 1)
2
(78, 26)
-> Request 1
496
(4, 3, 2)
3
(31, 7)
-> Request 2
632
(3, 1, 2)
2
(3, 67)
-> Request 3
647
(3, 2, 1)
3
(39, 13)
-> Request 4
1095
(4, 3, 1)
1
(64, 10)
-> Request 5
1185
(1, 1, 2)
2
(9, 6)
--> Day : 1
-> Request 0
46
(2, 1, 2)
3
(74, 22)
-> Request 1
100
(3, 3, 2)
1
(29, 54)
-> Request 2
295
(1, 1, 2)
3
(11, 1)
-> Request 3
339
(3, 3, 2)
3
(41, 76)
-> Request 4
498
(1, 3, 2)
1
(16, 35)
-> Request 5
1084
(1, 1, 1)
3
(36, 45)
-> Request 6
1156
(1, 2, 2)
1
(35, 41)
-> Request 7
1307
(3, 2, 1)
3
(24, 75)
--> Day : 2
-> Request 0
299
(4, 2, 2)
3
(7, 44)
-> Request 1
372
(2, 2, 2)
2
(34, 22)
-> Request 2
521
(2, 3, 1)
1
(45, 67)
-> Request 3
733
(3, 3, 2)
3
(16, 59)
-> Request 4
929
(3, 1, 1)
3
(24, 59)
-> Request 5
1069
(3, 1, 1)
2
(36, 57)
-> Request 6
1220
(1, 1, 2)
1
(65, 73)
-> Request 7
1364
(1, 3, 2)
3
(70, 34)
-> Request 8
1402
(3, 1, 2)
3
(64, 25)
--> Day : 3
-> Request 0
755
(2, 2, 1)
2
(6, 76)
-> Request 1
767
(2, 1, 2)
1
(49, 31)
-> Request 2
865
(3, 1, 1)
3
(75, 52)
-> Request 3
1225
(4, 3, 2)
2
(13, 30)
-> Request 4
1287
(1, 1, 1)
2
(69, 18)
-> Request 5
1359
(2, 3, 1)
1
(47, 6)
--> Day : 4
-> Request 0
52
(2, 1, 1)
1
(44, 45)
-> Request 1
71
(2, 1, 1)
2
(42, 19)
-> Request 2
74
(3, 2, 1)
2
(79, 8)
-> Request 3
297
(4, 1, 2)
3
(74, 16)
-> Request 4
314
(3, 3, 1)
1
(71, 2)
-> Request 5
395
(1, 1, 2)
3
(69, 60)
-> Request 6
399
(1, 3, 2)
1
(51, 77)
-> Request 7
598
(4, 1, 2)
2
(77, 15)
-> Request 8
652
(3, 3, 1)
3
(68, 57)
-> Request 9
1079
(4, 2, 2)
2
(19, 59)
-> Request 10
1085
(4, 2, 1)
2
(25, 52)
-> Request 11
1299
(1, 3, 1)
2
(23, 63)
-> Request 12
1342
(4, 3, 1)
1
(75, 32)
---> Week : 116
--> Day : 0
-> Request 0
110
(3, 1, 1)
2
(51, 69)
-> Request 1
307
(1, 2, 2)
3
(68, 29)
-> Request 2
440
(1, 3, 1)
1
(49, 59)
-> Request 3
515
(1, 2, 1)
2
(57, 57)
-> Request 4
526
(4, 1, 1)
3
(8, 55)
-> Request 5
954
(1, 1, 1)
3
(0, 15)
-> Request 6
962
(2, 2, 2)
3
(43, 76)
-> Request 7
994
(2, 3, 2)
2
(17, 32)
-> Request 8
1142
(4, 3, 2)
1
(55, 55)
-> Request 9
1147
(1, 3, 1)
3
(6, 22)
-> Request 10
1257
(2, 2, 2)
2
(64, 13)
-> Request 11
1315
(2, 1, 1)
2
(43, 64)
--> Day : 1
-> Request 0
9
(1, 3, 2)
1
(31, 1)
-> Request 1
344
(4, 3, 1)
2
(38, 10)
-> Request 2
424
(4, 2, 1)
3
(24, 42)
-> Request 3
461
(1, 3, 1)
3
(14, 50)
-> Request 4
560
(3, 3, 1)
2
(78, 43)
-> Request 5
578
(1, 3, 2)
2
(57, 28)
-> Request 6
614
(1, 1, 1)
1
(23, 2)
-> Request 7
621
(2, 2, 1)
3
(38, 13)
-> Request 8
675
(3, 2, 1)
3
(3, 28)
-> Request 9
766
(2, 3, 2)
3
(7, 32)
-> Request 10
903
(3, 2, 2)
1
(63, 68)
-> Request 11
912
(2, 3, 2)
2
(74, 34)
-> Request 12
1293
(3, 1, 1)
1
(13, 42)
--> Day : 2
-> Request 0
64
(1, 1, 2)
2
(46, 24)
-> Request 1
154
(3, 2, 2)
1
(51, 14)
-> Request 2
182
(1, 1, 1)
1
(53, 22)
-> Request 3
456
(4, 3, 2)
1
(47, 47)
-> Request 4
776
(2, 1, 2)
1
(76, 60)
-> Request 5
1035
(1, 1, 1)
1
(66, 2)
-> Request 6
1066
(2, 1, 1)
3
(63, 25)
-> Request 7
1170
(2, 1, 2)
1
(6, 23)
-> Request 8
1266
(2, 3, 2)
1
(23, 51)
-> Request 9
1392
(1, 2, 1)
2
(55, 76)
--> Day : 3
-> Request 0
116
(3, 3, 2)
3
(72, 52)
-> Request 1
213
(3, 2, 2)
3
(4, 5)
-> Request 2
436
(1, 1, 1)
2
(61, 4)
-> Request 3
753
(1, 2, 1)
2
(67, 28)
-> Request 4
761
(1, 3, 2)
1
(76, 44)
-> Request 5
952
(4, 3, 2)
2
(13, 7)
-> Request 6
974
(3, 1, 1)
1
(20, 8)
-> Request 7
1108
(2, 1, 2)
2
(43, 54)
-> Request 8
1119
(1, 2, 2)
1
(66, 39)
-> Request 9
1155
(2, 2, 2)
1
(58, 40)
-> Request 10
1218
(2, 3, 2)
1
(4, 1)
-> Request 11
1347
(4, 3, 2)
2
(21, 61)
-> Request 12
1380
(2, 3, 1)
3
(57, 37)
--> Day : 4
-> Request 0
2
(2, 1, 2)
2
(56, 19)
-> Request 1
1168
(3, 1, 2)
3
(15, 76)
-> Request 2
1211
(2, 2, 1)
3
(8, 46)
-> Request 3
1230
(4, 1, 2)
2
(38, 22)
-> Request 4
1277
(3, 3, 1)
3
(15, 15)
-> Request 5
1317
(3, 1, 2)
1
(79, 64)
-> Request 6
1337
(4, 2, 1)
2
(27, 9)
---> Week : 117
--> Day : 0
-> Request 0
119
(4, 2, 2)
2
(10, 64)
-> Request 1
253
(3, 2, 1)
2
(29, 56)
-> Request 2
374
(3, 3, 1)
1
(4, 59)
-> Request 3
854
(2, 3, 2)
2
(63, 29)
-> Request 4
1083
(2, 2, 2)
1
(65, 32)
-> Request 5
1139
(4, 1, 1)
1
(75, 22)
--> Day : 1
-> Request 0
87
(2, 2, 2)
3
(54, 12)
-> Request 1
109
(3, 1, 2)
2
(4, 12)
-> Request 2
124
(2, 2, 1)
2
(37, 36)
-> Request 3
320
(4, 1, 1)
2
(67, 55)
-> Request 4
562
(1, 1, 2)
1
(57, 72)
-> Request 5
598
(1, 1, 2)
3
(25, 1)
-> Request 6
655
(3, 1, 1)
3
(19, 78)
-> Request 7
755
(4, 1, 1)
1
(0, 19)
-> Request 8
843
(2, 3, 2)
1
(14, 79)
-> Request 9
909
(3, 3, 2)
3
(22, 12)
-> Request 10
1066
(2, 3, 2)
3
(28, 40)
-> Request 11
1312
(1, 3, 1)
3
(25, 75)
--> Day : 2
-> Request 0
83
(4, 3, 1)
3
(37, 45)
-> Request 1
154
(4, 2, 2)
2
(14, 6)
-> Request 2
519
(4, 1, 1)
3
(42, 30)
-> Request 3
587
(2, 2, 2)
1
(64, 50)
-> Request 4
622
(4, 1, 2)
3
(43, 3)
-> Request 5
704
(3, 2, 1)
3
(53, 63)
-> Request 6
748
(1, 3, 1)
1
(71, 53)
-> Request 7
772
(2, 2, 2)
3
(73, 26)
-> Request 8
1138
(4, 2, 2)
3
(73, 36)
--> Day : 3
-> Request 0
19
(3, 3, 2)
1
(51, 25)
-> Request 1
167
(4, 1, 1)
3
(59, 72)
-> Request 2
253
(1, 1, 2)
3
(11, 71)
-> Request 3
440
(3, 1, 2)
3
(71, 14)
-> Request 4
588
(1, 2, 1)
3
(73, 4)
-> Request 5
860
(4, 1, 1)
1
(67, 13)
-> Request 6
904
(2, 3, 2)
2
(0, 19)
-> Request 7
973
(1, 3, 1)
2
(66, 4)
-> Request 8
999
(4, 3, 2)
2
(63, 52)
-> Request 9
1265
(1, 2, 2)
1
(46, 46)
-> Request 10
1312
(4, 1, 2)
1
(70, 58)
-> Request 11
1364
(1, 2, 2)
3
(39, 42)
-> Request 12
1428
(4, 2, 2)
3
(74, 79)
--> Day : 4
-> Request 0
104
(2, 2, 1)
2
(47, 35)
-> Request 1
105
(1, 2, 2)
1
(9, 74)
-> Request 2
320
(1, 2, 1)
3
(46, 16)
-> Request 3
665
(3, 2, 2)
2
(27, 47)
-> Request 4
706
(3, 1, 1)
1
(60, 68)
-> Request 5
932
(4, 3, 1)
2
(40, 76)
-> Request 6
977
(1, 1, 2)
2
(62, 63)
-> Request 7
1212
(1, 3, 2)
1
(55, 51)
-> Request 8
1307
(4, 3, 1)
3
(21, 33)
-> Request 9
1320
(2, 2, 2)
1
(4, 31)
-> Request 10
1356
(4, 3, 2)
3
(26, 32)
-> Request 11
1384
(1, 1, 1)
1
(30, 11)
---> Week : 118
--> Day : 0
-> Request 0
176
(2, 1, 2)
3
(71, 57)
-> Request 1
438
(1, 2, 1)
2
(0, 26)
-> Request 2
442
(1, 2, 2)
1
(56, 61)
-> Request 3
609
(2, 2, 1)
2
(46, 10)
-> Request 4
633
(1, 1, 1)
2
(43, 42)
-> Request 5
663
(4, 1, 1)
1
(57, 23)
-> Request 6
1152
(3, 2, 1)
1
(48, 38)
-> Request 7
1233
(1, 1, 1)
2
(31, 0)
-> Request 8
1366
(4, 1, 1)
3
(9, 71)
--> Day : 1
-> Request 0
265
(1, 3, 1)
1
(65, 19)
-> Request 1
389
(1, 1, 1)
1
(29, 24)
-> Request 2
422
(1, 2, 2)
3
(29, 65)
-> Request 3
1095
(4, 1, 2)
2
(32, 36)
-> Request 4
1264
(3, 2, 1)
3
(21, 44)
-> Request 5
1367
(3, 2, 2)
1
(44, 28)
--> Day : 2
-> Request 0
256
(3, 3, 1)
2
(5, 39)
-> Request 1
300
(3, 3, 1)
2
(11, 63)
-> Request 2
421
(2, 2, 1)
2
(49, 70)
-> Request 3
894
(3, 1, 2)
2
(64, 30)
-> Request 4
1029
(1, 1, 1)
2
(72, 45)
-> Request 5
1048
(4, 1, 2)
2
(71, 1)
-> Request 6
1176
(2, 1, 1)
3
(70, 18)
-> Request 7
1206
(2, 2, 1)
2
(70, 38)
-> Request 8
1216
(1, 1, 1)
2
(20, 54)
--> Day : 3
-> Request 0
390
(4, 3, 2)
1
(64, 71)
-> Request 1
647
(2, 2, 2)
1
(13, 36)
-> Request 2
710
(2, 2, 2)
1
(24, 54)
-> Request 3
770
(4, 3, 1)
2
(50, 15)
-> Request 4
818
(4, 2, 1)
1
(47, 59)
-> Request 5
1038
(4, 1, 1)
3
(65, 76)
-> Request 6
1149
(2, 2, 2)
1
(53, 11)
-> Request 7
1300
(3, 1, 1)
2
(0, 49)
-> Request 8
1305
(1, 2, 1)
3
(25, 46)
-> Request 9
1392
(3, 1, 1)
3
(44, 37)
--> Day : 4
-> Request 0
88
(2, 2, 1)
3
(14, 53)
-> Request 1
349
(2, 1, 1)
1
(2, 2)
-> Request 2
497
(4, 3, 2)
2
(55, 14)
-> Request 3
577
(4, 1, 1)
2
(75, 70)
-> Request 4
745
(3, 3, 2)
1
(66, 16)
-> Request 5
1027
(4, 1, 1)
3
(2, 15)
-> Request 6
1114
(3, 2, 1)
2
(61, 52)
---> Week : 119
--> Day : 0
-> Request 0
7
(1, 2, 2)
1
(62, 76)
-> Request 1
29
(1, 1, 2)
3
(2, 26)
-> Request 2
95
(4, 3, 2)
3
(71, 29)
-> Request 3
124
(4, 1, 1)
3
(30, 31)
-> Request 4
151
(2, 2, 2)
3
(62, 65)
-> Request 5
166
(4, 1, 1)
3
(78, 24)
-> Request 6
273
(3, 2, 1)
3
(38, 26)
-> Request 7
406
(3, 2, 2)
1
(76, 13)
-> Request 8
411
(3, 3, 1)
2
(10, 69)
-> Request 9
431
(3, 1, 1)
3
(53, 67)
-> Request 10
487
(2, 2, 2)
3
(18, 13)
-> Request 11
1013
(4, 2, 2)
1
(10, 66)
-> Request 12
1179
(1, 2, 1)
1
(36, 44)
-> Request 13
1290
(1, 1, 1)
2
(28, 6)
-> Request 14
1304
(1, 3, 1)
1
(24, 33)
-> Request 15
1307
(4, 3, 2)
1
(4, 18)
-> Request 16
1389
(2, 2, 2)
3
(68, 77)
-> Request 17
1430
(1, 3, 2)
2
(20, 71)
--> Day : 1
-> Request 0
47
(1, 2, 1)
3
(19, 41)
-> Request 1
270
(4, 1, 2)
2
(33, 15)
-> Request 2
561
(2, 1, 2)
3
(29, 29)
-> Request 3
917
(1, 3, 1)
2
(64, 45)
-> Request 4
1074
(4, 1, 1)
3
(1, 19)
-> Request 5
1182
(1, 2, 1)
2
(59, 4)
-> Request 6
1331
(4, 2, 1)
3
(9, 52)
-> Request 7
1429
(4, 3, 2)
2
(35, 45)
--> Day : 2
-> Request 0
221
(2, 2, 1)
3
(65, 30)
-> Request 1
369
(4, 2, 2)
2
(5, 64)
-> Request 2
483
(2, 2, 2)
1
(45, 42)
-> Request 3
711
(1, 3, 2)
3
(19, 14)
-> Request 4
805
(1, 1, 1)
3
(0, 79)
-> Request 5
826
(3, 1, 2)
2
(16, 5)
-> Request 6
846
(2, 3, 2)
1
(43, 48)
-> Request 7
1007
(4, 3, 1)
2
(68, 68)
-> Request 8
1147
(4, 1, 1)
2
(45, 25)
-> Request 9
1199
(3, 2, 2)
3
(48, 12)
-> Request 10
1263
(4, 1, 2)
1
(66, 20)
-> Request 11
1334
(3, 1, 2)
2
(75, 59)
-> Request 12
1376
(3, 1, 2)
2
(71, 4)
--> Day : 3
-> Request 0
255
(3, 1, 1)
2
(64, 20)
-> Request 1
478
(1, 1, 1)
3
(56, 12)
-> Request 2
516
(1, 2, 1)
2
(12, 8)
-> Request 3
588
(3, 3, 1)
2
(36, 13)
-> Request 4
956
(2, 3, 1)
2
(62, 23)
-> Request 5
1180
(2, 1, 2)
1
(1, 42)
-> Request 6
1426
(3, 2, 1)
1
(14, 63)
--> Day : 4
-> Request 0
97
(2, 1, 2)
3
(70, 51)
-> Request 1
149
(2, 2, 2)
1
(40, 31)
-> Request 2
443
(1, 1, 2)
1
(5, 15)
-> Request 3
804
(1, 1, 2)
3
(8, 51)
-> Request 4
941
(2, 3, 1)
1
(47, 24)
-> Request 5
991
(3, 2, 2)
2
(47, 77)
-> Request 6
1050
(3, 1, 1)
2
(27, 17)
-> Request 7
1211
(3, 2, 2)
3
(41, 63)
-> Request 8
1279
(4, 2, 2)
1
(56, 4)
-> Request 9
1288
(2, 1, 1)
3
(69, 2)
-> Request 10
1428
(1, 2, 1)
1
(27, 21)
---> Week : 120
--> Day : 0
-> Request 0
233
(4, 1, 2)
3
(27, 39)
-> Request 1
349
(4, 3, 1)
3
(52, 67)
-> Request 2
425
(3, 3, 1)
1
(43, 10)
-> Request 3
533
(3, 3, 2)
3
(79, 12)
-> Request 4
651
(3, 2, 2)
3
(38, 53)
-> Request 5
817
(2, 2, 2)
1
(34, 57)
-> Request 6
871
(1, 2, 2)
1
(12, 31)
-> Request 7
900
(2, 3, 2)
1
(23, 33)
-> Request 8
905
(3, 3, 1)
2
(0, 46)
-> Request 9
1041
(4, 1, 1)
2
(73, 58)
-> Request 10
1330
(4, 2, 2)
1
(1, 27)
-> Request 11
1418
(3, 2, 2)
2
(10, 20)
--> Day : 1
-> Request 0
306
(1, 3, 2)
2
(4, 3)
-> Request 1
308
(2, 1, 2)
1
(4, 8)
-> Request 2
430
(3, 2, 1)
1
(54, 43)
-> Request 3
547
(1, 2, 1)
3
(49, 21)
-> Request 4
675
(2, 3, 2)
3
(5, 16)
-> Request 5
839
(2, 1, 1)
1
(78, 46)
-> Request 6
918
(1, 2, 1)
2
(21, 43)
-> Request 7
1112
(3, 1, 2)
1
(45, 54)
-> Request 8
1189
(4, 3, 1)
1
(40, 62)
-> Request 9
1347
(4, 1, 1)
2
(77, 50)
--> Day : 2
-> Request 0
3
(4, 1, 2)
1
(33, 62)
-> Request 1
26
(4, 3, 2)
3
(36, 44)
-> Request 2
313
(3, 2, 1)
3
(5, 43)
-> Request 3
514
(4, 1, 2)
1
(77, 43)
-> Request 4
548
(1, 3, 1)
1
(66, 74)
-> Request 5
631
(2, 2, 1)
2
(52, 52)
-> Request 6
760
(4, 2, 2)
1
(32, 53)
-> Request 7
772
(1, 1, 1)
2
(72, 43)
-> Request 8
797
(1, 3, 1)
2
(43, 37)
-> Request 9
959
(4, 3, 1)
3
(52, 69)
-> Request 10
1156
(3, 3, 2)
1
(2, 34)
-> Request 11
1222
(2, 3, 1)
2
(38, 30)
--> Day : 3
-> Request 0
278
(2, 2, 1)
3
(55, 41)
-> Request 1
366
(4, 3, 2)
3
(25, 15)
-> Request 2
536
(3, 1, 1)
3
(56, 18)
-> Request 3
646
(2, 1, 1)
1
(43, 79)
-> Request 4
656
(2, 3, 2)
2
(57, 51)
-> Request 5
1089
(4, 3, 2)
2
(16, 77)
-> Request 6
1154
(3, 2, 1)
1
(1, 55)
-> Request 7
1221
(1, 3, 1)
3
(40, 23)
-> Request 8
1345
(4, 3, 1)
2
(6, 69)
-> Request 9
1357
(2, 3, 1)
3
(51, 42)
--> Day : 4
-> Request 0
7
(2, 2, 1)
2
(7, 27)
-> Request 1
360
(1, 1, 1)
3
(61, 67)
-> Request 2
465
(1, 1, 1)
1
(1, 79)
-> Request 3
760
(1, 2, 1)
2
(32, 34)
-> Request 4
767
(3, 1, 2)
2
(77, 38)
-> Request 5
786
(1, 3, 2)
1
(51, 62)
-> Request 6
982
(4, 2, 1)
1
(64, 52)
-> Request 7
1070
(2, 3, 2)
2
(20, 45)
-> Request 8
1134
(3, 1, 1)
2
(57, 36)
-> Request 9
1140
(3, 1, 1)
1
(44, 40)
---> Week : 121
--> Day : 0
-> Request 0
31
(1, 3, 2)
3
(39, 78)
-> Request 1
75
(3, 3, 1)
3
(18, 36)
-> Request 2
90
(2, 3, 2)
1
(75, 24)
-> Request 3
108
(1, 3, 2)
1
(3, 46)
-> Request 4
450
(1, 1, 2)
3
(72, 17)
-> Request 5
471
(1, 2, 2)
2
(2, 59)
-> Request 6
776
(1, 2, 2)
2
(46, 45)
-> Request 7
865
(2, 3, 1)
2
(24, 74)
-> Request 8
930
(4, 3, 1)
3
(53, 49)
-> Request 9
1019
(2, 3, 1)
1
(15, 24)
-> Request 10
1181
(4, 3, 2)
1
(22, 67)
--> Day : 1
-> Request 0
29
(4, 3, 1)
2
(34, 24)
-> Request 1
216
(2, 2, 1)
1
(73, 73)
-> Request 2
328
(3, 2, 1)
3
(43, 28)
-> Request 3
330
(1, 3, 1)
2
(29, 71)
-> Request 4
390
(1, 2, 1)
1
(62, 18)
-> Request 5
464
(3, 2, 1)
3
(0, 43)
-> Request 6
550
(1, 2, 1)
3
(5, 3)
-> Request 7
579
(3, 1, 1)
2
(46, 5)
-> Request 8
733
(2, 2, 2)
1
(73, 79)
-> Request 9
817
(2, 3, 1)
1
(70, 50)
-> Request 10
822
(3, 3, 2)
1
(47, 33)
-> Request 11
1112
(3, 2, 2)
1
(50, 59)
-> Request 12
1209
(4, 2, 1)
1
(0, 56)
-> Request 13
1364
(1, 3, 1)
2
(71, 2)
--> Day : 2
-> Request 0
136
(3, 3, 2)
3
(10, 6)
-> Request 1
207
(1, 2, 2)
3
(14, 52)
-> Request 2
214
(3, 2, 2)
3
(69, 12)
-> Request 3
351
(1, 2, 2)
1
(12, 46)
-> Request 4
981
(2, 1, 1)
1
(77, 26)
-> Request 5
992
(3, 2, 1)
2
(74, 29)
-> Request 6
1151
(1, 1, 1)
3
(72, 73)
-> Request 7
1235
(1, 1, 2)
1
(41, 32)
-> Request 8
1337
(2, 2, 1)
3
(39, 74)
-> Request 9
1391
(1, 2, 2)
3
(42, 20)
--> Day : 3
-> Request 0
87
(4, 2, 1)
3
(63, 47)
-> Request 1
225
(1, 3, 2)
1
(17, 67)
-> Request 2
341
(1, 2, 2)
3
(10, 1)
-> Request 3
603
(4, 1, 2)
1
(18, 5)
-> Request 4
689
(3, 3, 1)
1
(41, 72)
-> Request 5
1138
(3, 3, 2)
1
(50, 68)
-> Request 6
1153
(2, 2, 2)
3
(10, 19)
-> Request 7
1403
(2, 1, 2)
3
(45, 45)
-> Request 8
1424
(2, 1, 1)
3
(27, 51)
--> Day : 4
-> Request 0
22
(2, 1, 1)
2
(54, 73)
-> Request 1
163
(3, 3, 2)
1
(64, 4)
-> Request 2
194
(3, 1, 2)
2
(58, 34)
-> Request 3
505
(2, 2, 1)
1
(35, 53)
-> Request 4
1168
(2, 2, 1)
3
(18, 3)
-> Request 5
1181
(4, 1, 1)
1
(2, 49)
-> Request 6
1235
(2, 2, 1)
3
(12, 63)
-> Request 7
1339
(1, 1, 1)
2
(60, 45)
---> Week : 122
--> Day : 0
-> Request 0
122
(2, 1, 2)
2
(74, 13)
-> Request 1
142
(4, 2, 2)
1
(58, 73)
-> Request 2
224
(3, 1, 2)
1
(56, 13)
-> Request 3
321
(1, 2, 1)
3
(37, 14)
-> Request 4
364
(1, 3, 1)
3
(74, 42)
-> Request 5
480
(1, 3, 2)
2
(48, 31)
-> Request 6
634
(4, 1, 1)
1
(44, 17)
-> Request 7
639
(3, 1, 1)
1
(49, 53)
-> Request 8
654
(2, 2, 1)
2
(46, 49)
-> Request 9
770
(1, 3, 1)
1
(71, 11)
-> Request 10
843
(1, 1, 1)
2
(9, 32)
-> Request 11
936
(2, 1, 2)
2
(69, 31)
-> Request 12
1306
(2, 1, 2)
2
(9, 33)
-> Request 13
1392
(4, 3, 2)
1
(72, 11)
--> Day : 1
-> Request 0
46
(3, 3, 2)
2
(65, 50)
-> Request 1
53
(2, 1, 2)
1
(32, 40)
-> Request 2
296
(1, 3, 2)
3
(52, 30)
-> Request 3
929
(2, 2, 2)
2
(32, 69)
-> Request 4
1427
(3, 1, 1)
2
(6, 44)
--> Day : 2
-> Request 0
46
(1, 1, 1)
1
(75, 26)
-> Request 1
201
(3, 1, 1)
2
(57, 18)
-> Request 2
254
(3, 1, 2)
1
(0, 0)
-> Request 3
378
(1, 1, 1)
1
(56, 51)
-> Request 4
436
(1, 2, 2)
3
(26, 23)
-> Request 5
527
(2, 1, 2)
1
(1, 78)
-> Request 6
528
(3, 1, 2)
1
(21, 73)
-> Request 7
721
(3, 1, 1)
2
(5, 48)
-> Request 8
735
(2, 1, 1)
3
(60, 38)
-> Request 9
1399
(1, 3, 1)
3
(51, 73)
-> Request 10
1431
(2, 3, 2)
3
(40, 44)
--> Day : 3
-> Request 0
124
(4, 3, 2)
3
(33, 79)
-> Request 1
333
(3, 3, 2)
3
(54, 51)
-> Request 2
506
(4, 2, 2)
2
(59, 75)
-> Request 3
567
(3, 1, 1)
1
(23, 67)
-> Request 4
752
(2, 1, 2)
1
(74, 12)
-> Request 5
802
(3, 3, 2)
3
(10, 25)
-> Request 6
946
(1, 3, 1)
3
(43, 20)
-> Request 7
1167
(1, 1, 1)
2
(39, 22)
--> Day : 4
-> Request 0
63
(1, 2, 2)
3
(14, 32)
-> Request 1
97
(3, 1, 2)
2
(2, 0)
-> Request 2
637
(2, 2, 2)
2
(37, 76)
-> Request 3
661
(1, 3, 1)
1
(15, 24)
-> Request 4
665
(1, 2, 2)
2
(21, 46)
-> Request 5
704
(1, 2, 1)
2
(43, 1)
-> Request 6
787
(1, 1, 2)
1
(71, 26)
-> Request 7
1323
(3, 3, 2)
2
(59, 70)
---> Week : 123
--> Day : 0
-> Request 0
142
(4, 3, 2)
3
(42, 60)
-> Request 1
230
(3, 1, 1)
3
(41, 48)
-> Request 2
258
(4, 2, 2)
1
(34, 55)
-> Request 3
520
(4, 3, 1)
2
(55, 71)
-> Request 4
699
(1, 2, 2)
1
(17, 54)
-> Request 5
759
(1, 1, 2)
3
(31, 72)
-> Request 6
928
(2, 1, 1)
2
(3, 11)
-> Request 7
1111
(3, 1, 2)
2
(34, 6)
-> Request 8
1283
(2, 3, 1)
3
(12, 61)
-> Request 9
1386
(4, 2, 2)
3
(55, 64)
--> Day : 1
-> Request 0
371
(2, 1, 2)
3
(14, 66)
-> Request 1
402
(3, 1, 1)
3
(54, 36)
-> Request 2
469
(2, 2, 2)
1
(49, 51)
-> Request 3
527
(1, 2, 1)
1
(51, 75)
-> Request 4
600
(2, 1, 2)
3
(2, 17)
-> Request 5
1052
(2, 3, 2)
2
(60, 60)
-> Request 6
1119
(2, 1, 1)
3
(74, 34)
--> Day : 2
-> Request 0
64
(3, 1, 1)
3
(46, 18)
-> Request 1
90
(1, 2, 2)
2
(77, 74)
-> Request 2
129
(4, 1, 1)
2
(19, 65)
-> Request 3
345
(1, 3, 1)
2
(13, 51)
-> Request 4
348
(4, 3, 1)
3
(32, 37)
-> Request 5
397
(1, 3, 2)
1
(28, 58)
-> Request 6
431
(3, 2, 2)
1
(61, 40)
-> Request 7
504
(2, 3, 1)
1
(76, 39)
-> Request 8
599
(4, 2, 2)
2
(78, 65)
-> Request 9
729
(4, 2, 1)
3
(36, 68)
-> Request 10
938
(1, 1, 2)
2
(42, 30)
-> Request 11
955
(3, 1, 1)
1
(41, 79)
-> Request 12
1346
(1, 2, 1)
2
(38, 62)
--> Day : 3
-> Request 0
148
(4, 3, 1)
1
(25, 24)
-> Request 1
415
(4, 3, 1)
3
(54, 33)
-> Request 2
416
(4, 2, 2)
1
(57, 39)
-> Request 3
457
(2, 3, 1)
1
(69, 36)
-> Request 4
693
(1, 3, 1)
3
(68, 2)
-> Request 5
779
(2, 3, 2)
3
(58, 69)
-> Request 6
978
(3, 2, 2)
2
(34, 76)
-> Request 7
1327
(3, 3, 1)
3
(65, 55)
-> Request 8
1393
(3, 2, 2)
3
(30, 6)
--> Day : 4
-> Request 0
35
(4, 2, 2)
1
(47, 69)
-> Request 1
58
(1, 1, 1)
1
(6, 54)
-> Request 2
285
(3, 3, 1)
2
(78, 69)
-> Request 3
296
(2, 2, 1)
3
(34, 46)
-> Request 4
449
(4, 2, 2)
1
(47, 4)
-> Request 5
483
(2, 2, 2)
2
(38, 36)
-> Request 6
665
(1, 1, 2)
1
(77, 47)
-> Request 7
859
(1, 2, 1)
1
(48, 27)
-> Request 8
1142
(1, 2, 1)
2
(65, 4)
-> Request 9
1320
(1, 2, 1)
2
(67, 1)
-> Request 10
1351
(4, 2, 2)
1
(48, 60)
-> Request 11
1395
(3, 1, 1)
1
(28, 3)
---> Week : 124
--> Day : 0
-> Request 0
84
(3, 3, 2)
1
(15, 39)
-> Request 1
252
(1, 3, 2)
3
(37, 43)
-> Request 2
287
(4, 3, 2)
3
(48, 58)
-> Request 3
463
(1, 2, 1)
3
(58, 77)
-> Request 4
567
(3, 2, 1)
1
(45, 76)
-> Request 5
622
(2, 2, 2)
3
(4, 59)
-> Request 6
633
(1, 3, 1)
2
(41, 36)
-> Request 7
729
(2, 1, 2)
2
(34, 10)
-> Request 8
856
(4, 3, 2)
1
(53, 74)
-> Request 9
912
(2, 1, 1)
1
(52, 29)
-> Request 10
995
(3, 2, 1)
3
(49, 62)
-> Request 11
1014
(4, 3, 1)
1
(4, 16)
-> Request 12
1101
(2, 3, 2)
2
(71, 75)
-> Request 13
1102
(2, 3, 1)
3
(49, 3)
-> Request 14
1340
(1, 2, 2)
3
(27, 72)
-> Request 15
1395
(4, 1, 2)
3
(52, 46)
--> Day : 1
-> Request 0
96
(2, 2, 2)
3
(43, 67)
-> Request 1
156
(4, 2, 1)
3
(17, 29)
-> Request 2
164
(4, 3, 1)
1
(21, 67)
-> Request 3
209
(4, 1, 1)
1
(67, 56)
-> Request 4
304
(2, 3, 2)
2
(70, 1)
-> Request 5
1207
(3, 3, 2)
3
(29, 51)
-> Request 6
1260
(3, 3, 1)
1
(75, 35)
-> Request 7
1315
(1, 1, 1)
2
(54, 3)
-> Request 8
1336
(4, 1, 1)
1
(63, 3)
-> Request 9
1387
(4, 2, 2)
1
(53, 20)
--> Day : 2
-> Request 0
21
(2, 2, 1)
3
(63, 79)
-> Request 1
239
(1, 2, 2)
1
(30, 13)
-> Request 2
583
(2, 3, 2)
3
(24, 35)
-> Request 3
884
(4, 3, 2)
2
(6, 32)
-> Request 4
909
(1, 1, 1)
2
(7, 63)
-> Request 5
996
(4, 2, 2)
1
(57, 26)
-> Request 6
1159
(4, 1, 1)
2
(38, 35)
-> Request 7
1210
(2, 3, 1)
1
(58, 76)
-> Request 8
1267
(1, 3, 1)
3
(20, 36)
--> Day : 3
-> Request 0
467
(3, 1, 2)
3
(74, 7)
-> Request 1
1222
(3, 1, 1)
2
(32, 49)
-> Request 2
1257
(1, 3, 1)
2
(48, 10)
-> Request 3
1261
(3, 3, 1)
2
(27, 2)
-> Request 4
1288
(3, 1, 2)
2
(22, 30)
--> Day : 4
-> Request 0
152
(2, 2, 1)
2
(27, 60)
-> Request 1
245
(3, 3, 1)
3
(8, 21)
-> Request 2
385
(1, 3, 1)
2
(51, 38)
-> Request 3
476
(2, 3, 2)
3
(32, 58)
-> Request 4
485
(3, 2, 2)
1
(3, 52)
-> Request 5
518
(2, 2, 1)
1
(6, 65)
-> Request 6
918
(2, 1, 2)
3
(20, 20)
-> Request 7
1085
(3, 1, 1)
1
(69, 10)
-> Request 8
1111
(3, 1, 1)
2
(22, 50)
-> Request 9
1138
(1, 3, 2)
3
(12, 29)
-> Request 10
1182
(2, 2, 1)
2
(30, 58)
-> Request 11
1303
(1, 2, 1)
3
(70, 30)
---> Week : 125
--> Day : 0
-> Request 0
140
(4, 1, 1)
2
(30, 24)
-> Request 1
211
(4, 2, 2)
3
(61, 58)
-> Request 2
301
(2, 1, 2)
1
(32, 18)
-> Request 3
323
(2, 2, 1)
1
(49, 46)
-> Request 4
538
(1, 3, 1)
1
(43, 62)
-> Request 5
612
(3, 1, 1)
2
(12, 40)
-> Request 6
709
(1, 1, 2)
2
(19, 76)
-> Request 7
1077
(1, 3, 1)
3
(10, 47)
-> Request 8
1091
(4, 2, 2)
2
(21, 62)
-> Request 9
1121
(1, 3, 1)
2
(45, 72)
-> Request 10
1206
(1, 1, 1)
3
(49, 23)
-> Request 11
1387
(2, 1, 1)
1
(37, 64)
--> Day : 1
-> Request 0
44
(2, 2, 2)
2
(34, 10)
-> Request 1
135
(3, 2, 2)
2
(31, 60)
-> Request 2
151
(4, 2, 2)
3
(11, 57)
-> Request 3
321
(1, 2, 1)
3
(26, 47)
-> Request 4
397
(2, 3, 2)
1
(15, 65)
-> Request 5
410
(1, 3, 2)
3
(30, 65)
-> Request 6
423
(4, 1, 1)
3
(7, 19)
-> Request 7
678
(3, 1, 1)
2
(70, 44)
-> Request 8
895
(3, 1, 2)
1
(74, 9)
-> Request 9
922
(2, 1, 1)
2
(54, 17)
-> Request 10
1250
(3, 3, 2)
2
(67, 14)
-> Request 11
1274
(3, 2, 2)
3
(15, 74)
-> Request 12
1355
(1, 3, 2)
2
(70, 4)
--> Day : 2
-> Request 0
172
(1, 3, 1)
1
(3, 51)
-> Request 1
264
(1, 3, 2)
2
(73, 20)
-> Request 2
269
(4, 2, 1)
1
(77, 25)
-> Request 3
333
(2, 3, 2)
2
(7, 75)
-> Request 4
517
(2, 2, 1)
1
(68, 39)
-> Request 5
575
(4, 2, 1)
1
(28, 51)
-> Request 6
784
(1, 2, 1)
2
(1, 49)
-> Request 7
877
(2, 3, 2)
1
(65, 66)
-> Request 8
937
(2, 1, 1)
3
(28, 0)
-> Request 9
967
(1, 2, 1)
1
(31, 65)
-> Request 10
1439
(1, 1, 2)
3
(73, 55)
--> Day : 3
-> Request 0
325
(2, 3, 2)
3
(66, 50)
-> Request 1
340
(3, 2, 2)
1
(56, 25)
-> Request 2
359
(4, 1, 1)
1
(27, 66)
-> Request 3
378
(3, 1, 2)
2
(25, 22)
-> Request 4
435
(3, 3, 1)
1
(32, 72)
-> Request 5
459
(1, 1, 2)
2
(68, 62)
-> Request 6
549
(2, 1, 1)
1
(59, 45)
-> Request 7
627
(2, 2, 1)
2
(46, 44)
-> Request 8
683
(3, 3, 1)
2
(75, 29)
-> Request 9
702
(2, 2, 2)
1
(11, 17)
-> Request 10
862
(2, 3, 1)
1
(1, 19)
-> Request 11
906
(2, 3, 1)
3
(31, 3)
-> Request 12
964
(4, 2, 1)
1
(18, 47)
-> Request 13
1012
(3, 3, 1)
2
(44, 39)
-> Request 14
1053
(2, 3, 1)
1
(76, 9)
-> Request 15
1331
(2, 1, 2)
2
(70, 4)
--> Day : 4
-> Request 0
11
(4, 3, 2)
3
(29, 75)
-> Request 1
373
(2, 3, 2)
3
(59, 41)
-> Request 2
432
(1, 2, 1)
3
(78, 43)
-> Request 3
556
(2, 2, 2)
3
(52, 44)
-> Request 4
658
(4, 3, 2)
1
(6, 31)
---> Week : 126
--> Day : 0
-> Request 0
131
(1, 2, 2)
3
(27, 73)
-> Request 1
647
(4, 1, 2)
2
(25, 2)
-> Request 2
735
(1, 1, 2)
2
(58, 20)
-> Request 3
844
(2, 1, 2)
2
(17, 62)
-> Request 4
871
(1, 1, 2)
3
(76, 4)
-> Request 5
930
(1, 3, 1)
3
(71, 77)
-> Request 6
1277
(4, 3, 2)
1
(72, 6)
--> Day : 1
-> Request 0
715
(3, 2, 2)
3
(61, 48)
-> Request 1
1043
(1, 2, 1)
3
(0, 47)
-> Request 2
1074
(3, 2, 2)
3
(12, 17)
-> Request 3
1135
(4, 1, 1)
3
(26, 76)
-> Request 4
1136
(2, 3, 2)
1
(9, 27)
-> Request 5
1254
(3, 2, 2)
2
(40, 59)
-> Request 6
1274
(1, 3, 1)
1
(5, 76)
-> Request 7
1301
(1, 1, 1)
1
(30, 66)
-> Request 8
1367
(2, 3, 2)
2
(66, 26)
--> Day : 2
-> Request 0
173
(4, 2, 2)
3
(63, 51)
-> Request 1
339
(1, 3, 2)
2
(71, 54)
-> Request 2
369
(3, 1, 1)
2
(73, 33)
-> Request 3
377
(3, 3, 1)
1
(25, 38)
-> Request 4
386
(1, 2, 1)
1
(45, 56)
-> Request 5
425
(4, 3, 1)
2
(70, 35)
-> Request 6
744
(2, 1, 1)
2
(73, 63)
-> Request 7
988
(2, 2, 1)
1
(56, 65)
-> Request 8
1057
(2, 3, 2)
2
(56, 0)
-> Request 9
1060
(3, 3, 2)
3
(44, 78)
-> Request 10
1089
(2, 1, 1)
2
(23, 41)
-> Request 11
1142
(1, 2, 1)
1
(5, 16)
-> Request 12
1271
(1, 3, 2)
2
(52, 76)
-> Request 13
1325
(4, 3, 1)
2
(61, 4)
-> Request 14
1362
(1, 3, 2)
2
(71, 40)
--> Day : 3
-> Request 0
13
(1, 1, 2)
1
(50, 3)
-> Request 1
122
(2, 3, 2)
3
(53, 73)
-> Request 2
177
(3, 2, 2)
1
(44, 47)
-> Request 3
185
(4, 1, 2)
2
(31, 9)
-> Request 4
248
(4, 1, 2)
2
(23, 7)
-> Request 5
788
(1, 3, 1)
2
(52, 20)
-> Request 6
816
(4, 3, 2)
2
(68, 51)
-> Request 7
816
(3, 3, 2)
3
(30, 40)
-> Request 8
884
(1, 3, 1)
3
(0, 34)
--> Day : 4
-> Request 0
90
(2, 2, 1)
1
(12, 16)
-> Request 1
96
(2, 2, 2)
2
(67, 53)
-> Request 2
135
(3, 3, 2)
3
(21, 57)
-> Request 3
286
(2, 1, 1)
3
(64, 13)
-> Request 4
364
(4, 3, 1)
1
(25, 45)
-> Request 5
474
(3, 1, 1)
3
(70, 5)
-> Request 6
765
(2, 3, 1)
2
(28, 0)
-> Request 7
1028
(1, 2, 1)
2
(41, 52)
-> Request 8
1121
(2, 1, 2)
1
(5, 0)
-> Request 9
1133
(1, 2, 1)
3
(22, 66)
-> Request 10
1160
(2, 1, 1)
2
(59, 57)
-> Request 11
1228
(4, 1, 2)
1
(52, 61)
-> Request 12
1235
(3, 3, 1)
3
(73, 27)
-> Request 13
1334
(2, 2, 1)
3
(68, 37)
---> Week : 127
--> Day : 0
-> Request 0
131
(4, 3, 1)
2
(12, 53)
-> Request 1
249
(3, 2, 2)
3
(49, 60)
-> Request 2
249
(4, 1, 2)
3
(25, 36)
-> Request 3
546
(3, 1, 2)
3
(72, 23)
-> Request 4
613
(1, 2, 1)
1
(70, 35)
-> Request 5
781
(1, 3, 2)
3
(58, 32)
-> Request 6
793
(3, 1, 2)
1
(35, 76)
-> Request 7
883
(4, 1, 2)
2
(46, 68)
-> Request 8
971
(1, 3, 2)
2
(73, 38)
-> Request 9
1352
(2, 2, 2)
1
(74, 1)
--> Day : 1
-> Request 0
408
(3, 3, 1)
2
(25, 32)
-> Request 1
489
(4, 2, 2)
3
(33, 46)
-> Request 2
740
(3, 1, 2)
2
(2, 34)
-> Request 3
940
(4, 3, 1)
3
(66, 11)
-> Request 4
1072
(4, 1, 1)
2
(49, 36)
-> Request 5
1073
(4, 1, 2)
1
(74, 53)
-> Request 6
1228
(4, 1, 2)
2
(59, 7)
-> Request 7
1385
(1, 1, 2)
2
(72, 5)
-> Request 8
1437
(1, 1, 1)
1
(35, 24)
--> Day : 2
-> Request 0
215
(2, 2, 1)
3
(33, 22)
-> Request 1
484
(1, 2, 2)
3
(50, 79)
-> Request 2
499
(2, 3, 2)
1
(24, 2)
-> Request 3
558
(4, 1, 2)
3
(0, 16)
-> Request 4
573
(1, 2, 2)
2
(26, 16)
-> Request 5
722
(4, 1, 2)
2
(48, 23)
-> Request 6
755
(2, 3, 2)
2
(74, 52)
-> Request 7
1034
(4, 2, 1)
1
(15, 36)
-> Request 8
1049
(1, 1, 2)
3
(67, 18)
-> Request 9
1155
(4, 2, 1)
1
(59, 37)
-> Request 10
1331
(4, 3, 1)
1
(44, 46)
-> Request 11
1381
(4, 3, 1)
2
(4, 5)
--> Day : 3
-> Request 0
6
(3, 1, 2)
2
(2, 63)
-> Request 1
301
(1, 3, 2)
1
(5, 17)
-> Request 2
416
(3, 1, 2)
2
(23, 29)
-> Request 3
422
(2, 2, 1)
1
(31, 30)
-> Request 4
838
(3, 1, 2)
2
(15, 51)
-> Request 5
985
(1, 3, 1)
3
(67, 27)
-> Request 6
1070
(2, 3, 2)
1
(28, 17)
-> Request 7
1237
(4, 2, 2)
3
(43, 19)
--> Day : 4
-> Request 0
107
(1, 3, 2)
1
(2, 32)
-> Request 1
220
(1, 1, 1)
2
(49, 70)
-> Request 2
299
(3, 2, 2)
1
(29, 44)
-> Request 3
300
(1, 3, 2)
2
(7, 23)
-> Request 4
396
(3, 3, 2)
3
(15, 68)
-> Request 5
472
(2, 3, 2)
2
(25, 45)
-> Request 6
596
(3, 2, 1)
2
(35, 61)
-> Request 7
825
(3, 3, 2)
3
(29, 41)
-> Request 8
941
(2, 1, 1)
1
(30, 24)
---> Week : 128
--> Day : 0
-> Request 0
531
(3, 3, 2)
3
(56, 75)
-> Request 1
1055
(1, 2, 2)
2
(29, 41)
-> Request 2
1332
(4, 2, 1)
2
(68, 48)
--> Day : 1
-> Request 0
41
(1, 1, 2)
1
(35, 48)
-> Request 1
42
(3, 2, 1)
1
(2, 9)
-> Request 2
484
(1, 3, 1)
3
(36, 41)
-> Request 3
604
(4, 1, 2)
1
(57, 32)
-> Request 4
693
(1, 3, 2)
1
(37, 79)
-> Request 5
726
(4, 3, 2)
3
(31, 8)
-> Request 6
909
(2, 2, 1)
3
(32, 46)
-> Request 7
919
(2, 3, 2)
2
(11, 35)
-> Request 8
1277
(1, 3, 2)
1
(65, 30)
-> Request 9
1308
(3, 2, 2)
3
(31, 7)
--> Day : 2
-> Request 0
198
(4, 1, 1)
1
(36, 33)
-> Request 1
629
(4, 3, 2)
3
(16, 4)
-> Request 2
666
(3, 2, 2)
2
(27, 4)
-> Request 3
764
(3, 2, 1)
1
(20, 73)
-> Request 4
834
(4, 3, 1)
3
(50, 69)
-> Request 5
854
(3, 3, 2)
1
(23, 57)
-> Request 6
1044
(4, 1, 1)
1
(23, 23)
-> Request 7
1045
(3, 1, 1)
3
(48, 31)
-> Request 8
1143
(4, 2, 1)
1
(72, 47)
-> Request 9
1390
(1, 2, 1)
3
(59, 5)
-> Request 10
1397
(1, 1, 1)
3
(12, 46)
--> Day : 3
-> Request 0
29
(1, 1, 2)
2
(16, 9)
-> Request 1
143
(4, 1, 1)
3
(15, 17)
-> Request 2
301
(3, 3, 2)
3
(48, 58)
-> Request 3
633
(1, 3, 2)
1
(51, 50)
-> Request 4
1050
(3, 3, 2)
2
(28, 55)
-> Request 5
1297
(2, 3, 1)
3
(75, 14)
-> Request 6
1351
(2, 3, 1)
1
(47, 54)
--> Day : 4
-> Request 0
699
(1, 3, 2)
3
(72, 77)
-> Request 1
790
(1, 1, 1)
2
(14, 33)
-> Request 2
881
(1, 1, 1)
3
(41, 41)
-> Request 3
941
(4, 1, 2)
1
(37, 1)
-> Request 4
1027
(4, 1, 1)
3
(42, 32)
-> Request 5
1033
(2, 1, 2)
2
(29, 49)
-> Request 6
1191
(3, 1, 2)
2
(46, 36)
-> Request 7
1381
(4, 2, 1)
1
(17, 18)
-> Request 8
1419
(2, 1, 2)
3
(66, 54)
---> Week : 129
--> Day : 0
-> Request 0
77
(1, 3, 1)
3
(52, 63)
-> Request 1
317
(1, 3, 1)
2
(19, 55)
-> Request 2
450
(2, 3, 1)
3
(53, 37)
-> Request 3
592
(2, 2, 2)
1
(37, 70)
-> Request 4
640
(2, 1, 2)
3
(75, 76)
-> Request 5
789
(1, 2, 2)
2
(16, 7)
-> Request 6
795
(3, 1, 1)
2
(18, 20)
-> Request 7
1056
(2, 1, 1)
3
(28, 59)
--> Day : 1
-> Request 0
103
(2, 2, 1)
3
(78, 76)
-> Request 1
104
(3, 1, 2)
2
(64, 48)
-> Request 2
240
(4, 2, 1)
3
(66, 42)
-> Request 3
702
(3, 1, 1)
1
(50, 32)
-> Request 4
754
(3, 1, 1)
1
(54, 0)
-> Request 5
807
(2, 2, 1)
1
(35, 22)
-> Request 6
857
(3, 1, 2)
2
(35, 28)
-> Request 7
986
(2, 2, 2)
3
(62, 54)
-> Request 8
1108
(4, 1, 2)
3
(23, 47)
--> Day : 2
-> Request 0
42
(4, 2, 1)
1
(24, 28)
-> Request 1
247
(3, 1, 2)
1
(24, 20)
-> Request 2
679
(2, 3, 2)
1
(59, 58)
-> Request 3
745
(3, 3, 1)
3
(75, 50)
-> Request 4
870
(3, 3, 1)
1
(19, 60)
-> Request 5
891
(1, 2, 1)
3
(79, 77)
-> Request 6
916
(4, 2, 2)
2
(9, 26)
-> Request 7
1036
(3, 2, 2)
3
(68, 10)
-> Request 8
1221
(2, 1, 2)
3
(79, 61)
-> Request 9
1357
(1, 3, 2)
1
(69, 4)
-> Request 10
1394
(4, 3, 1)
1
(75, 51)
--> Day : 3
-> Request 0
193
(2, 1, 1)
1
(4, 68)
-> Request 1
254
(4, 1, 2)
2
(32, 11)
-> Request 2
296
(2, 3, 1)
1
(37, 29)
-> Request 3
325
(4, 1, 2)
2
(24, 42)
-> Request 4
366
(1, 2, 2)
3
(77, 74)
-> Request 5
379
(2, 3, 1)
2
(55, 5)
-> Request 6
1017
(3, 3, 2)
2
(40, 58)
-> Request 7
1039
(3, 1, 2)
3
(72, 53)
-> Request 8
1085
(4, 3, 1)
1
(41, 19)
-> Request 9
1139
(2, 1, 2)
1
(53, 63)
-> Request 10
1254
(4, 2, 1)
1
(24, 41)
-> Request 11
1325
(3, 2, 1)
1
(50, 68)
--> Day : 4
-> Request 0
147
(1, 1, 1)
1
(74, 18)
-> Request 1
353
(4, 3, 2)
3
(69, 4)
-> Request 2
534
(1, 3, 2)
1
(18, 47)
-> Request 3
595
(1, 3, 1)
3
(36, 56)
-> Request 4
619
(3, 2, 1)
1
(45, 70)
-> Request 5
655
(2, 1, 1)
3
(65, 27)
-> Request 6
1239
(2, 2, 1)
1
(46, 72)
-> Request 7
1279
(3, 1, 1)
3
(64, 42)
-> Request 8
1317
(4, 3, 2)
1
(16, 65)
-> Request 9
1415
(4, 1, 2)
1
(60, 72)
---> Week : 130
--> Day : 0
-> Request 0
29
(1, 2, 2)
3
(2, 26)
-> Request 1
139
(4, 3, 2)
3
(38, 26)
-> Request 2
270
(2, 3, 1)
3
(30, 52)
-> Request 3
307
(4, 2, 2)
1
(19, 62)
-> Request 4
403
(4, 1, 2)
3
(9, 52)
-> Request 5
552
(4, 2, 2)
3
(55, 51)
-> Request 6
783
(4, 2, 2)
3
(45, 44)
-> Request 7
873
(3, 2, 1)
3
(60, 57)
-> Request 8
983
(4, 3, 1)
1
(43, 9)
-> Request 9
1122
(1, 1, 1)
2
(4, 20)
-> Request 10
1279
(1, 2, 1)
1
(45, 30)
--> Day : 1
-> Request 0
230
(3, 1, 1)
1
(19, 56)
-> Request 1
519
(4, 1, 2)
2
(60, 20)
-> Request 2
864
(3, 1, 2)
3
(10, 12)
-> Request 3
940
(1, 1, 2)
3
(18, 52)
--> Day : 2
-> Request 0
162
(4, 2, 1)
1
(53, 2)
-> Request 1
179
(4, 1, 1)
3
(41, 57)
-> Request 2
196
(3, 2, 2)
2
(15, 6)
-> Request 3
253
(1, 3, 2)
1
(62, 62)
-> Request 4
267
(4, 2, 1)
2
(78, 66)
-> Request 5
366
(1, 1, 2)
3
(69, 76)
-> Request 6
672
(1, 2, 2)
3
(16, 8)
-> Request 7
1129
(4, 3, 2)
3
(2, 0)
-> Request 8
1150
(4, 1, 1)
1
(2, 57)
-> Request 9
1281
(1, 2, 2)
2
(67, 72)
-> Request 10
1395
(3, 3, 1)
2
(70, 33)
--> Day : 3
-> Request 0
120
(4, 1, 1)
3
(26, 77)
-> Request 1
348
(3, 2, 1)
3
(61, 51)
-> Request 2
528
(4, 1, 1)
1
(53, 33)
-> Request 3
891
(4, 2, 2)
2
(48, 0)
-> Request 4
1081
(3, 2, 1)
1
(53, 8)
-> Request 5
1398
(3, 2, 2)
1
(46, 41)
-> Request 6
1405
(1, 1, 2)
1
(45, 7)
-> Request 7
1421
(3, 2, 1)
1
(76, 50)
--> Day : 4
-> Request 0
3
(1, 1, 1)
3
(70, 24)
-> Request 1
345
(1, 2, 1)
1
(37, 55)
-> Request 2
452
(1, 2, 1)
1
(36, 53)
-> Request 3
524
(3, 2, 1)
2
(32, 28)
-> Request 4
527
(2, 3, 2)
2
(57, 50)
-> Request 5
794
(1, 1, 1)
3
(53, 43)
-> Request 6
1064
(4, 1, 2)
2
(9, 41)
-> Request 7
1095
(4, 1, 1)
3
(68, 68)
-> Request 8
1119
(4, 1, 1)
1
(18, 18)
-> Request 9
1152
(3, 1, 1)
1
(24, 2)
-> Request 10
1256
(2, 3, 2)
1
(23, 23)
-> Request 11
1363
(1, 3, 2)
2
(67, 7)
-> Request 12
1374
(2, 3, 2)
2
(70, 77)
---> Week : 131
--> Day : 0
-> Request 0
425
(1, 2, 1)
2
(64, 38)
-> Request 1
580
(2, 3, 1)
2
(36, 78)
-> Request 2
666
(3, 1, 1)
3
(19, 40)
-> Request 3
914
(3, 3, 2)
3
(37, 16)
-> Request 4
943
(4, 1, 2)
3
(26, 40)
-> Request 5
1015
(3, 1, 2)
2
(18, 47)
-> Request 6
1272
(2, 1, 1)
1
(17, 43)
--> Day : 1
-> Request 0
180
(1, 1, 2)
1
(35, 51)
-> Request 1
654
(3, 3, 1)
3
(25, 9)
-> Request 2
707
(4, 1, 2)
3
(50, 73)
-> Request 3
1065
(2, 2, 2)
3
(42, 17)
-> Request 4
1084
(2, 2, 1)
3
(75, 24)
-> Request 5
1198
(1, 1, 1)
1
(23, 17)
-> Request 6
1289
(1, 3, 2)
2
(41, 49)
-> Request 7
1362
(1, 1, 1)
3
(48, 25)
-> Request 8
1368
(3, 2, 1)
2
(57, 66)
-> Request 9
1377
(3, 2, 2)
1
(13, 77)
--> Day : 2
-> Request 0
12
(3, 2, 2)
1
(40, 69)
-> Request 1
163
(2, 1, 1)
2
(77, 42)
-> Request 2
163
(3, 3, 1)
2
(63, 70)
-> Request 3
171
(3, 2, 1)
3
(70, 59)
-> Request 4
176
(2, 2, 2)
3
(63, 63)
-> Request 5
308
(2, 3, 1)
2
(60, 71)
-> Request 6
410
(3, 1, 2)
1
(25, 57)
-> Request 7
421
(1, 1, 2)
3
(11, 56)
-> Request 8
473
(1, 3, 1)
3
(56, 24)
-> Request 9
497
(2, 2, 2)
1
(32, 69)
-> Request 10
658
(3, 3, 1)
1
(70, 24)
-> Request 11
659
(3, 1, 1)
1
(11, 64)
-> Request 12
799
(2, 2, 2)
1
(43, 48)
-> Request 13
1109
(4, 2, 1)
1
(0, 1)
-> Request 14
1339
(1, 2, 2)
2
(51, 74)
-> Request 15
1380
(4, 2, 1)
1
(8, 31)
--> Day : 3
-> Request 0
145
(4, 1, 1)
3
(36, 65)
-> Request 1
275
(1, 3, 2)
3
(49, 16)
-> Request 2
1081
(2, 3, 2)
1
(68, 14)
-> Request 3
1175
(4, 3, 2)
3
(74, 39)
-> Request 4
1178
(1, 3, 1)
1
(49, 41)
--> Day : 4
-> Request 0
31
(2, 3, 1)
2
(17, 73)
-> Request 1
212
(4, 3, 2)
3
(71, 48)
-> Request 2
265
(3, 3, 2)
3
(70, 59)
-> Request 3
331
(4, 3, 1)
1
(60, 1)
-> Request 4
513
(3, 1, 1)
3
(38, 33)
-> Request 5
527
(2, 3, 1)
2
(71, 6)
-> Request 6
544
(2, 1, 2)
3
(36, 38)
-> Request 7
595
(1, 3, 2)
1
(30, 33)
-> Request 8
1067
(4, 2, 1)
1
(20, 2)
-> Request 9
1085
(1, 2, 1)
3
(9, 48)
-> Request 10
1380
(2, 2, 1)
1
(68, 3)
-> Request 11
1382
(4, 1, 2)
2
(41, 45)
---> Week : 132
--> Day : 0
-> Request 0
145
(2, 3, 2)
2
(21, 60)
-> Request 1
284
(2, 1, 1)
3
(55, 9)
-> Request 2
302
(1, 1, 2)
3
(49, 2)
-> Request 3
444
(3, 3, 1)
2
(41, 2)
-> Request 4
499
(4, 2, 2)
2
(71, 16)
-> Request 5
749
(3, 1, 1)
1
(30, 39)
-> Request 6
1109
(3, 2, 1)
1
(66, 68)
-> Request 7
1138
(2, 2, 2)
1
(53, 44)
-> Request 8
1238
(4, 1, 2)
2
(5, 66)
-> Request 9
1394
(3, 1, 2)
3
(39, 36)
--> Day : 1
-> Request 0
171
(4, 1, 2)
1
(79, 35)
-> Request 1
273
(4, 2, 1)
1
(42, 0)
-> Request 2
331
(4, 2, 1)
1
(67, 2)
-> Request 3
445
(2, 3, 1)
2
(68, 16)
-> Request 4
458
(1, 2, 1)
3
(11, 40)
-> Request 5
539
(1, 3, 2)
1
(68, 32)
-> Request 6
699
(2, 1, 1)
1
(37, 40)
-> Request 7
844
(3, 3, 2)
1
(74, 72)
-> Request 8
852
(1, 1, 2)
3
(7, 57)
-> Request 9
1002
(2, 2, 2)
2
(27, 63)
-> Request 10
1008
(1, 1, 1)
1
(31, 59)
-> Request 11
1058
(2, 3, 1)
3
(58, 35)
-> Request 12
1386
(4, 1, 1)
3
(39, 60)
--> Day : 2
-> Request 0
3
(4, 1, 2)
3
(76, 52)
-> Request 1
90
(4, 2, 1)
3
(53, 18)
-> Request 2
209
(4, 2, 2)
3
(5, 17)
-> Request 3
341
(4, 1, 1)
3
(63, 27)
-> Request 4
505
(2, 1, 1)
2
(1, 28)
-> Request 5
623
(1, 3, 2)
3
(68, 63)
-> Request 6
841
(4, 3, 1)
1
(2, 38)
-> Request 7
1102
(4, 1, 1)
1
(29, 47)
-> Request 8
1246
(4, 2, 2)
2
(31, 64)
-> Request 9
1266
(4, 1, 2)
3
(13, 48)
-> Request 10
1347
(3, 2, 2)
1
(23, 77)
--> Day : 3
-> Request 0
225
(1, 2, 2)
1
(5, 42)
-> Request 1
367
(2, 2, 2)
3
(72, 35)
-> Request 2
588
(4, 3, 1)
2
(71, 43)
-> Request 3
597
(4, 2, 2)
1
(54, 62)
-> Request 4
750
(1, 2, 2)
2
(78, 59)
-> Request 5
803
(1, 2, 2)
1
(14, 48)
-> Request 6
824
(2, 1, 2)
1
(19, 47)
-> Request 7
969
(4, 3, 1)
2
(76, 2)
-> Request 8
1171
(3, 1, 1)
2
(0, 40)
--> Day : 4
-> Request 0
69
(1, 2, 1)
1
(34, 62)
-> Request 1
350
(4, 3, 1)
2
(41, 16)
-> Request 2
381
(2, 3, 2)
2
(37, 1)
-> Request 3
496
(4, 2, 1)
3
(0, 17)
-> Request 4
517
(4, 2, 1)
1
(25, 13)
-> Request 5
805
(2, 1, 1)
1
(1, 32)
-> Request 6
828
(4, 1, 2)
3
(33, 68)
-> Request 7
989
(1, 3, 1)
3
(23, 53)
-> Request 8
1059
(3, 1, 1)
3
(26, 6)
-> Request 9
1180
(3, 2, 1)
2
(9, 16)
-> Request 10
1247
(2, 1, 2)
2
(50, 75)
---> Week : 133
--> Day : 0
-> Request 0
22
(4, 3, 1)
1
(18, 17)
-> Request 1
410
(3, 2, 1)
3
(36, 1)
-> Request 2
523
(1, 1, 1)
3
(21, 20)
-> Request 3
625
(4, 1, 2)
1
(68, 37)
-> Request 4
663
(4, 1, 2)
1
(69, 53)
-> Request 5
892
(3, 2, 1)
1
(29, 24)
-> Request 6
942
(3, 3, 1)
1
(4, 40)
-> Request 7
1183
(4, 3, 1)
3
(68, 40)
-> Request 8
1205
(3, 2, 1)
1
(75, 64)
--> Day : 1
-> Request 0
21
(1, 1, 2)
2
(14, 6)
-> Request 1
23
(3, 3, 2)
3
(51, 43)
-> Request 2
30
(4, 1, 1)
1
(40, 25)
-> Request 3
232
(2, 1, 1)
1
(43, 54)
-> Request 4
635
(4, 2, 2)
3
(25, 52)
-> Request 5
664
(2, 1, 1)
1
(25, 57)
-> Request 6
844
(2, 1, 2)
2
(50, 22)
-> Request 7
846
(2, 1, 1)
3
(72, 9)
-> Request 8
853
(3, 2, 2)
1
(9, 74)
-> Request 9
998
(4, 2, 2)
2
(29, 13)
-> Request 10
1096
(3, 2, 2)
3
(37, 3)
-> Request 11
1174
(2, 2, 1)
2
(32, 51)
-> Request 12
1419
(3, 1, 2)
3
(38, 40)
--> Day : 2
-> Request 0
141
(1, 1, 1)
1
(26, 62)
-> Request 1
681
(2, 1, 2)
3
(47, 58)
-> Request 2
733
(3, 1, 2)
2
(12, 39)
-> Request 3
891
(3, 3, 2)
1
(50, 27)
-> Request 4
924
(3, 1, 1)
2
(7, 67)
-> Request 5
1128
(4, 2, 2)
1
(75, 26)
--> Day : 3
-> Request 0
2
(4, 3, 2)
3
(50, 47)
-> Request 1
91
(3, 3, 2)
2
(67, 6)
-> Request 2
224
(2, 2, 1)
3
(67, 52)
-> Request 3
495
(1, 1, 2)
2
(31, 16)
-> Request 4
762
(3, 1, 2)
1
(11, 62)
-> Request 5
790
(2, 1, 1)
1
(3, 35)
-> Request 6
989
(2, 2, 2)
1
(23, 0)
-> Request 7
1015
(1, 1, 2)
3
(58, 39)
-> Request 8
1105
(4, 2, 1)
2
(62, 35)
-> Request 9
1109
(1, 1, 2)
1
(53, 74)
-> Request 10
1148
(2, 1, 1)
1
(36, 66)
-> Request 11
1151
(3, 2, 2)
1
(28, 14)
-> Request 12
1236
(3, 3, 2)
2
(28, 16)
--> Day : 4
-> Request 0
79
(3, 3, 1)
3
(19, 53)
-> Request 1
197
(4, 2, 1)
3
(48, 18)
-> Request 2
347
(3, 2, 1)
1
(79, 75)
-> Request 3
553
(3, 1, 2)
3
(29, 55)
-> Request 4
565
(2, 3, 2)
2
(60, 76)
-> Request 5
642
(1, 1, 1)
1
(64, 65)
-> Request 6
681
(4, 2, 2)
3
(34, 6)
-> Request 7
1095
(1, 2, 1)
1
(19, 37)
-> Request 8
1352
(3, 1, 1)
2
(29, 9)
---> Week : 134
--> Day : 0
-> Request 0
322
(4, 2, 1)
2
(8, 29)
-> Request 1
381
(4, 1, 1)
1
(26, 74)
-> Request 2
408
(2, 3, 1)
1
(46, 66)
-> Request 3
496
(3, 2, 2)
1
(28, 54)
-> Request 4
703
(3, 2, 2)
3
(14, 79)
-> Request 5
1034
(1, 2, 1)
1
(43, 31)
-> Request 6
1062
(1, 3, 1)
2
(28, 39)
-> Request 7
1170
(4, 1, 2)
3
(66, 24)
-> Request 8
1188
(3, 1, 2)
1
(75, 12)
-> Request 9
1298
(4, 2, 2)
1
(22, 76)
-> Request 10
1348
(4, 3, 2)
2
(72, 37)
-> Request 11
1401
(2, 3, 2)
1
(75, 25)
--> Day : 1
-> Request 0
18
(3, 3, 2)
1
(55, 66)
-> Request 1
95
(1, 1, 2)
2
(6, 47)
-> Request 2
134
(4, 3, 1)
1
(9, 4)
-> Request 3
591
(2, 1, 2)
2
(54, 35)
-> Request 4
675
(2, 3, 1)
3
(11, 59)
-> Request 5
742
(2, 2, 2)
2
(72, 27)
-> Request 6
801
(2, 2, 2)
2
(33, 67)
-> Request 7
828
(1, 3, 2)
2
(59, 48)
-> Request 8
867
(1, 3, 1)
3
(40, 56)
-> Request 9
1081
(1, 1, 2)
2
(24, 7)
--> Day : 2
-> Request 0
18
(1, 2, 1)
3
(61, 1)
-> Request 1
166
(4, 3, 1)
2
(44, 40)
-> Request 2
247
(4, 3, 2)
3
(9, 34)
-> Request 3
380
(2, 2, 1)
3
(61, 32)
-> Request 4
469
(1, 3, 1)
3
(63, 19)
-> Request 5
620
(3, 2, 2)
1
(52, 67)
-> Request 6
633
(3, 1, 2)
1
(18, 76)
-> Request 7
722
(3, 1, 2)
3
(40, 18)
-> Request 8
920
(2, 3, 1)
2
(21, 8)
-> Request 9
1099
(3, 2, 2)
2
(38, 24)
-> Request 10
1253
(2, 2, 2)
1
(61, 53)
-> Request 11
1311
(4, 1, 2)
3
(52, 68)
-> Request 12
1363
(3, 1, 1)
1
(23, 73)
--> Day : 3
-> Request 0
47
(3, 3, 1)
3
(26, 61)
-> Request 1
73
(3, 1, 1)
3
(8, 42)
-> Request 2
414
(3, 2, 1)
1
(17, 48)
-> Request 3
434
(2, 2, 2)
3
(51, 1)
-> Request 4
495
(4, 1, 2)
3
(5, 69)
-> Request 5
521
(3, 2, 1)
1
(51, 54)
-> Request 6
615
(1, 1, 1)
1
(62, 58)
-> Request 7
755
(1, 2, 1)
1
(25, 15)
-> Request 8
943
(2, 2, 2)
2
(34, 45)
-> Request 9
960
(2, 2, 2)
2
(59, 77)
-> Request 10
993
(1, 1, 1)
1
(46, 28)
-> Request 11
1091
(3, 1, 1)
1
(78, 56)
-> Request 12
1206
(3, 3, 2)
1
(70, 2)
-> Request 13
1296
(4, 3, 1)
1
(52, 0)
-> Request 14
1298
(4, 2, 2)
2
(21, 42)
--> Day : 4
-> Request 0
114
(2, 1, 1)
2
(20, 43)
-> Request 1
124
(4, 1, 1)
1
(66, 76)
-> Request 2
250
(4, 1, 1)
2
(32, 17)
-> Request 3
781
(4, 1, 1)
1
(33, 15)
-> Request 4
870
(1, 3, 1)
1
(16, 5)
-> Request 5
1139
(3, 2, 1)
3
(20, 69)
-> Request 6
1172
(2, 2, 1)
2
(54, 34)
---> Week : 135
--> Day : 0
-> Request 0
39
(4, 3, 2)
2
(19, 77)
-> Request 1
178
(3, 1, 2)
3
(37, 33)
-> Request 2
300
(1, 3, 2)
3
(39, 13)
-> Request 3
449
(2, 3, 2)
3
(7, 65)
-> Request 4
1089
(4, 3, 1)
1
(60, 23)
-> Request 5
1176
(1, 3, 1)
2
(33, 67)
--> Day : 1
-> Request 0
109
(3, 2, 2)
1
(61, 9)
-> Request 1
290
(1, 1, 1)
3
(78, 11)
-> Request 2
323
(2, 2, 2)
3
(46, 21)
-> Request 3
612
(1, 3, 1)
3
(49, 5)
-> Request 4
639
(3, 2, 2)
3
(31, 11)
-> Request 5
659
(4, 1, 1)
2
(13, 78)
-> Request 6
668
(1, 1, 2)
2
(11, 47)
-> Request 7
1096
(4, 2, 1)
1
(68, 43)
--> Day : 2
-> Request 0
46
(4, 2, 1)
3
(0, 10)
-> Request 1
185
(2, 2, 2)
3
(8, 58)
-> Request 2
318
(1, 1, 2)
3
(62, 73)
-> Request 3
754
(2, 3, 1)
1
(27, 32)
-> Request 4
963
(4, 1, 2)
1
(6, 17)
-> Request 5
1087
(4, 1, 1)
3
(30, 60)
-> Request 6
1096
(2, 1, 1)
1
(64, 76)
-> Request 7
1101
(3, 3, 1)
3
(51, 59)
--> Day : 3
-> Request 0
277
(4, 3, 2)
1
(64, 1)
-> Request 1
277
(3, 3, 1)
1
(28, 5)
-> Request 2
283
(2, 1, 2)
3
(68, 19)
-> Request 3
436
(4, 2, 2)
3
(78, 12)
-> Request 4
515
(1, 1, 2)
1
(68, 77)
-> Request 5
688
(4, 1, 2)
3
(31, 4)
-> Request 6
713
(3, 1, 1)
1
(1, 8)
-> Request 7
1058
(1, 1, 1)
2
(66, 21)
-> Request 8
1194
(2, 3, 1)
2
(42, 2)
-> Request 9
1391
(2, 3, 2)
1
(17, 2)
-> Request 10
1427
(2, 2, 1)
1
(24, 79)
--> Day : 4
-> Request 0
230
(1, 3, 2)
2
(37, 20)
-> Request 1
366
(4, 2, 1)
3
(52, 60)
-> Request 2
639
(1, 2, 1)
3
(59, 1)
-> Request 3
655
(4, 2, 2)
3
(42, 66)
-> Request 4
703
(3, 3, 1)
2
(12, 65)
-> Request 5
1061
(3, 1, 2)
2
(38, 69)
-> Request 6
1409
(1, 3, 1)
2
(48, 54)
---> Week : 136
--> Day : 0
-> Request 0
76
(3, 1, 1)
1
(2, 55)
-> Request 1
175
(3, 3, 2)
1
(46, 57)
-> Request 2
498
(1, 2, 1)
3
(33, 23)
-> Request 3
597
(1, 2, 2)
1
(38, 14)
-> Request 4
686
(3, 2, 1)
3
(54, 57)
-> Request 5
793
(3, 1, 2)
3
(27, 25)
-> Request 6
820
(2, 3, 1)
2
(24, 79)
-> Request 7
1004
(4, 2, 1)
3
(43, 4)
-> Request 8
1021
(4, 3, 2)
3
(51, 69)
-> Request 9
1164
(1, 3, 2)
2
(59, 72)
-> Request 10
1294
(2, 3, 1)
1
(14, 67)
--> Day : 1
-> Request 0
34
(4, 3, 1)
3
(47, 23)
-> Request 1
43
(1, 1, 2)
2
(53, 19)
-> Request 2
180
(1, 1, 1)
2
(45, 26)
-> Request 3
352
(1, 1, 2)
3
(14, 2)
-> Request 4
608
(4, 3, 2)
3
(37, 36)
-> Request 5
1028
(4, 2, 2)
3
(11, 71)
-> Request 6
1259
(2, 1, 2)
3
(64, 45)
-> Request 7
1265
(3, 2, 1)
1
(51, 30)
-> Request 8
1273
(1, 2, 1)
2
(25, 27)
-> Request 9
1402
(1, 1, 2)
1
(46, 51)
--> Day : 2
-> Request 0
182
(4, 3, 1)
1
(63, 4)
-> Request 1
388
(1, 3, 2)
2
(2, 48)
-> Request 2
465
(2, 3, 1)
3
(18, 72)
-> Request 3
467
(4, 3, 1)
3
(12, 63)
-> Request 4
532
(3, 2, 1)
2
(69, 70)
-> Request 5
562
(1, 3, 2)
3
(39, 9)
-> Request 6
655
(1, 2, 2)
1
(40, 19)
-> Request 7
789
(4, 2, 2)
3
(17, 21)
-> Request 8
811
(3, 3, 2)
1
(68, 51)
--> Day : 3
-> Request 0
255
(4, 1, 1)
2
(10, 52)
-> Request 1
592
(4, 2, 1)
2
(68, 58)
-> Request 2
665
(2, 2, 2)
1
(28, 65)
-> Request 3
950
(4, 1, 1)
2
(79, 26)
-> Request 4
1022
(3, 3, 2)
1
(38, 62)
-> Request 5
1085
(3, 1, 2)
3
(61, 34)
-> Request 6
1347
(1, 3, 1)
1
(39, 6)
--> Day : 4
-> Request 0
71
(4, 1, 2)
2
(19, 44)
-> Request 1
333
(4, 2, 1)
2
(30, 18)
-> Request 2
428
(1, 2, 2)
3
(63, 57)
-> Request 3
510
(4, 2, 2)
2
(79, 33)
-> Request 4
648
(2, 2, 1)
1
(7, 79)
-> Request 5
717
(4, 1, 1)
3
(17, 19)
-> Request 6
793
(3, 3, 1)
1
(74, 36)
-> Request 7
798
(1, 2, 2)
2
(8, 29)
-> Request 8
863
(2, 2, 2)
1
(7, 22)
-> Request 9
955
(4, 3, 1)
3
(4, 3)
-> Request 10
1226
(3, 1, 2)
3
(53, 43)
-> Request 11
1362
(3, 3, 2)
1
(43, 45)
---> Week : 137
--> Day : 0
-> Request 0
525
(4, 3, 1)
2
(77, 29)
-> Request 1
669
(2, 1, 2)
3
(29, 61)
-> Request 2
792
(3, 2, 2)
1
(45, 16)
-> Request 3
818
(2, 2, 2)
2
(16, 68)
-> Request 4
1177
(4, 2, 2)
2
(63, 75)
--> Day : 1
-> Request 0
22
(1, 3, 1)
1
(29, 58)
-> Request 1
115
(3, 1, 1)
2
(27, 37)
-> Request 2
896
(4, 2, 2)
1
(60, 28)
-> Request 3
1148
(4, 1, 2)
2
(73, 17)
-> Request 4
1157
(1, 2, 2)
3
(57, 48)
--> Day : 2
-> Request 0
37
(1, 1, 1)
1
(71, 19)
-> Request 1
147
(1, 3, 2)
2
(66, 32)
-> Request 2
153
(2, 3, 1)
1
(3, 15)
-> Request 3
206
(4, 1, 1)
1
(26, 4)
-> Request 4
498
(4, 1, 1)
2
(20, 34)
-> Request 5
558
(1, 3, 2)
3
(12, 61)
-> Request 6
720
(4, 1, 1)
2
(0, 44)
-> Request 7
815
(4, 2, 1)
1
(53, 37)
-> Request 8
1196
(4, 1, 1)
1
(59, 12)
--> Day : 3
-> Request 0
46
(1, 2, 2)
1
(45, 29)
-> Request 1
61
(1, 2, 1)
1
(33, 15)
-> Request 2
138
(2, 1, 1)
1
(41, 58)
-> Request 3
241
(3, 2, 1)
3
(45, 8)
-> Request 4
518
(1, 2, 1)
3
(67, 68)
-> Request 5
902
(4, 3, 1)
2
(19, 27)
--> Day : 4
-> Request 0
78
(1, 1, 1)
3
(60, 29)
-> Request 1
313
(3, 3, 2)
2
(33, 45)
-> Request 2
433
(1, 3, 1)
2
(79, 8)
-> Request 3
504
(1, 2, 1)
3
(54, 9)
-> Request 4
1348
(1, 1, 1)
1
(71, 49)
---> Week : 138
--> Day : 0
-> Request 0
40
(1, 3, 1)
1
(33, 47)
-> Request 1
142
(4, 3, 1)
3
(73, 40)
-> Request 2
162
(4, 1, 1)
2
(0, 16)
-> Request 3
732
(1, 1, 1)
3
(38, 40)
-> Request 4
1053
(3, 1, 1)
1
(12, 4)
-> Request 5
1245
(3, 2, 2)
3
(13, 59)
-> Request 6
1388
(4, 2, 1)
1
(70, 54)
--> Day : 1
-> Request 0
287
(2, 1, 1)
3
(29, 29)
-> Request 1
347
(3, 1, 2)
1
(38, 67)
-> Request 2
624
(1, 1, 1)
2
(54, 55)
-> Request 3
771
(2, 2, 2)
2
(4, 48)
-> Request 4
1031
(3, 1, 1)
2
(38, 79)
-> Request 5
1048
(3, 3, 1)
1
(18, 36)
-> Request 6
1361
(4, 1, 1)
1
(79, 37)
--> Day : 2
-> Request 0
67
(1, 3, 2)
3
(61, 12)
-> Request 1
276
(1, 1, 1)
1
(15, 7)
-> Request 2
540
(3, 1, 1)
2
(23, 62)
-> Request 3
809
(3, 2, 1)
3
(41, 43)
-> Request 4
1141
(1, 2, 1)
3
(4, 35)
-> Request 5
1189
(2, 2, 1)
3
(67, 20)
-> Request 6
1404
(1, 3, 1)
1
(34, 78)
--> Day : 3
-> Request 0
74
(3, 2, 1)
2
(38, 72)
-> Request 1
103
(1, 2, 1)
2
(36, 6)
-> Request 2
181
(4, 3, 1)
2
(2, 53)
-> Request 3
474
(3, 2, 2)
2
(39, 7)
-> Request 4
598
(3, 3, 1)
3
(27, 23)
-> Request 5
687
(4, 2, 2)
1
(17, 12)
-> Request 6
723
(2, 3, 2)
2
(8, 59)
-> Request 7
739
(4, 3, 2)
3
(25, 6)
-> Request 8
988
(2, 3, 2)
3
(61, 63)
-> Request 9
1396
(1, 1, 2)
1
(30, 8)
-> Request 10
1398
(2, 2, 2)
2
(73, 27)
--> Day : 4
-> Request 0
10
(4, 2, 1)
2
(31, 2)
-> Request 1
61
(4, 2, 2)
3
(6, 53)
-> Request 2
171
(1, 3, 1)
2
(73, 44)
-> Request 3
491
(3, 2, 2)
1
(3, 50)
-> Request 4
683
(3, 3, 2)
3
(18, 50)
-> Request 5
776
(2, 1, 2)
2
(14, 4)
-> Request 6
909
(2, 2, 1)
3
(46, 37)
-> Request 7
915
(4, 1, 2)
3
(30, 10)
-> Request 8
1106
(4, 1, 2)
3
(18, 22)
-> Request 9
1111
(2, 3, 2)
1
(10, 50)
---> Week : 139
--> Day : 0
-> Request 0
651
(4, 2, 1)
2
(25, 13)
-> Request 1
859
(4, 1, 1)
3
(70, 26)
-> Request 2
963
(3, 3, 2)
3
(11, 3)
-> Request 3
979
(3, 1, 2)
2
(54, 66)
-> Request 4
981
(1, 2, 2)
2
(25, 69)
-> Request 5
1356
(2, 3, 1)
3
(40, 37)
--> Day : 1
-> Request 0
151
(1, 3, 1)
3
(39, 45)
-> Request 1
366
(1, 1, 2)
3
(11, 64)
-> Request 2
620
(3, 2, 2)
3
(63, 17)
-> Request 3
621
(2, 3, 2)
2
(70, 68)
-> Request 4
816
(2, 1, 1)
1
(46, 55)
-> Request 5
1068
(3, 3, 1)
2
(4, 62)
-> Request 6
1098
(1, 3, 1)
3
(70, 77)
-> Request 7
1362
(3, 1, 1)
3
(25, 39)
-> Request 8
1372
(4, 3, 1)
1
(40, 71)
-> Request 9
1379
(2, 2, 2)
1
(0, 48)
--> Day : 2
-> Request 0
121
(1, 3, 2)
2
(34, 11)
-> Request 1
130
(1, 1, 2)
1
(25, 33)
-> Request 2
484
(1, 3, 1)
3
(68, 33)
-> Request 3
776
(4, 2, 1)
3
(50, 43)
-> Request 4
897
(1, 1, 2)
3
(9, 79)
-> Request 5
1064
(4, 1, 1)
1
(75, 74)
-> Request 6
1170
(1, 1, 2)
1
(72, 4)
-> Request 7
1322
(4, 2, 2)
2
(3, 16)
-> Request 8
1340
(4, 3, 2)
1
(39, 53)
-> Request 9
1378
(2, 3, 2)
1
(74, 27)
--> Day : 3
-> Request 0
22
(4, 2, 1)
2
(60, 45)
-> Request 1
140
(4, 2, 1)
1
(49, 59)
-> Request 2
454
(3, 3, 2)
2
(62, 49)
-> Request 3
769
(4, 3, 1)
1
(52, 21)
-> Request 4
994
(2, 1, 2)
3
(17, 31)
-> Request 5
1020
(1, 1, 2)
1
(26, 41)
-> Request 6
1022
(2, 2, 1)
1
(11, 10)
-> Request 7
1067
(2, 3, 1)
3
(50, 19)
-> Request 8
1126
(2, 3, 1)
2
(39, 55)
--> Day : 4
-> Request 0
420
(4, 3, 2)
2
(78, 30)
-> Request 1
518
(4, 1, 1)
2
(25, 61)
-> Request 2
572
(4, 3, 2)
3
(14, 70)
-> Request 3
755
(3, 2, 2)
3
(13, 27)
-> Request 4
769
(1, 3, 2)
3
(79, 4)
-> Request 5
798
(4, 3, 1)
1
(47, 42)
-> Request 6
898
(3, 2, 1)
3
(74, 19)
-> Request 7
906
(4, 2, 2)
2
(56, 79)
-> Request 8
1013
(2, 3, 2)
1
(32, 49)
-> Request 9
1066
(1, 3, 2)
1
(11, 29)
-> Request 10
1256
(4, 1, 2)
3
(58, 25)
-> Request 11
1301
(3, 2, 2)
1
(55, 77)
---> Week : 140
--> Day : 0
-> Request 0
239
(1, 1, 2)
1
(61, 13)
-> Request 1
327
(4, 1, 2)
1
(74, 32)
-> Request 2
395
(1, 1, 1)
2
(24, 29)
-> Request 3
490
(4, 2, 2)
3
(36, 38)
-> Request 4
649
(4, 3, 2)
2
(38, 6)
-> Request 5
692
(2, 2, 1)
1
(70, 56)
-> Request 6
871
(1, 2, 2)
2
(64, 35)
-> Request 7
894
(4, 2, 1)
2
(18, 73)
-> Request 8
1122
(1, 1, 2)
3
(10, 45)
-> Request 9
1260
(3, 3, 1)
2
(71, 23)
-> Request 10
1359
(4, 2, 1)
2
(47, 57)
-> Request 11
1382
(1, 1, 1)
2
(15, 28)
--> Day : 1
-> Request 0
120
(1, 1, 1)
3
(0, 4)
-> Request 1
224
(1, 1, 2)
3
(69, 38)
-> Request 2
543
(2, 3, 2)
2
(65, 25)
-> Request 3
562
(2, 1, 2)
3
(68, 63)
-> Request 4
679
(4, 3, 2)
2
(36, 5)
-> Request 5
710
(4, 1, 2)
3
(47, 63)
-> Request 6
721
(3, 2, 2)
3
(54, 22)
-> Request 7
910
(1, 1, 2)
3
(28, 54)
-> Request 8
997
(3, 1, 2)
2
(0, 45)
-> Request 9
1233
(2, 1, 2)
1
(66, 78)
-> Request 10
1272
(2, 2, 1)
3
(20, 9)
--> Day : 2
-> Request 0
754
(2, 1, 1)
3
(49, 64)
-> Request 1
810
(2, 3, 1)
3
(68, 34)
-> Request 2
893
(2, 1, 2)
2
(55, 73)
-> Request 3
1314
(1, 3, 1)
1
(10, 19)
--> Day : 3
-> Request 0
17
(4, 2, 1)
2
(26, 13)
-> Request 1
193
(1, 1, 2)
1
(70, 47)
-> Request 2
397
(2, 2, 2)
1
(25, 52)
-> Request 3
574
(4, 2, 1)
3
(19, 30)
-> Request 4
856
(3, 2, 1)
2
(48, 75)
-> Request 5
1031
(2, 1, 1)
2
(60, 25)
-> Request 6
1101
(4, 2, 1)
3
(8, 29)
-> Request 7
1185
(1, 1, 1)
3
(26, 77)
-> Request 8
1305
(1, 1, 1)
2
(56, 51)
-> Request 9
1425
(3, 2, 1)
2
(15, 29)
--> Day : 4
-> Request 0
113
(3, 3, 1)
2
(36, 1)
-> Request 1
729
(1, 1, 1)
2
(69, 31)
-> Request 2
1061
(2, 3, 1)
2
(50, 43)
-> Request 3
1426
(3, 1, 1)
3
(63, 10)
---> Week : 141
--> Day : 0
-> Request 0
125
(3, 3, 1)
2
(67, 28)
-> Request 1
225
(4, 1, 1)
3
(13, 45)
-> Request 2
305
(4, 2, 2)
2
(16, 2)
-> Request 3
427
(3, 2, 2)
3
(14, 26)
-> Request 4
673
(3, 1, 2)
3
(29, 52)
-> Request 5
858
(4, 2, 1)
3
(19, 2)
-> Request 6
868
(3, 3, 2)
3
(16, 64)
-> Request 7
1204
(2, 2, 2)
3
(23, 44)
-> Request 8
1317
(4, 3, 2)
2
(48, 32)
--> Day : 1
-> Request 0
512
(1, 1, 2)
3
(56, 49)
-> Request 1
781
(1, 3, 2)
1
(54, 45)
-> Request 2
914
(2, 3, 2)
1
(1, 45)
-> Request 3
988
(1, 2, 1)
2
(74, 5)
-> Request 4
1064
(1, 1, 2)
1
(6, 8)
-> Request 5
1071
(1, 3, 1)
2
(1, 10)
-> Request 6
1113
(2, 2, 1)
3
(62, 31)
-> Request 7
1306
(3, 2, 1)
1
(44, 9)
-> Request 8
1351
(4, 3, 2)
2
(75, 71)
-> Request 9
1356
(1, 3, 1)
3
(54, 33)
-> Request 10
1359
(2, 2, 1)
1
(35, 65)
--> Day : 2
-> Request 0
148
(1, 3, 1)
1
(25, 14)
-> Request 1
287
(3, 3, 2)
2
(12, 4)
-> Request 2
403
(4, 1, 2)
1
(41, 64)
-> Request 3
499
(3, 2, 1)
3
(28, 62)
-> Request 4
674
(1, 3, 2)
2
(28, 13)
-> Request 5
696
(1, 1, 2)
2
(50, 77)
-> Request 6
735
(2, 3, 1)
1
(15, 20)
-> Request 7
818
(4, 2, 2)
1
(1, 43)
-> Request 8
925
(2, 1, 1)
2
(78, 11)
-> Request 9
989
(2, 3, 1)
1
(44, 45)
-> Request 10
1046
(4, 3, 1)
3
(34, 65)
-> Request 11
1088
(2, 1, 1)
2
(28, 57)
-> Request 12
1242
(3, 2, 1)
3
(16, 14)
-> Request 13
1298
(3, 1, 2)
2
(44, 76)
--> Day : 3
-> Request 0
48
(2, 1, 1)
3
(63, 41)
-> Request 1
207
(3, 1, 2)
3
(44, 16)
-> Request 2
396
(3, 1, 1)
2
(70, 8)
-> Request 3
528
(3, 1, 2)
3
(68, 50)
-> Request 4
668
(2, 2, 2)
3
(76, 35)
-> Request 5
1270
(3, 3, 2)
3
(28, 64)
-> Request 6
1287
(1, 3, 1)
3
(62, 38)
--> Day : 4
-> Request 0
4
(1, 2, 1)
2
(56, 67)
-> Request 1
30
(2, 1, 1)
2
(60, 21)
-> Request 2
282
(3, 3, 1)
1
(36, 17)
-> Request 3
398
(4, 1, 1)
2
(11, 76)
-> Request 4
488
(4, 1, 2)
2
(72, 28)
-> Request 5
566
(4, 1, 1)
2
(4, 79)
-> Request 6
682
(1, 2, 2)
2
(5, 74)
-> Request 7
975
(3, 2, 2)
1
(34, 18)
---> Week : 142
--> Day : 0
-> Request 0
42
(4, 3, 2)
1
(13, 34)
-> Request 1
180
(1, 2, 1)
1
(29, 24)
-> Request 2
274
(4, 2, 2)
2
(22, 23)
-> Request 3
401
(1, 3, 1)
1
(51, 3)
-> Request 4
596
(3, 1, 2)
2
(0, 17)
-> Request 5
720
(1, 1, 1)
2
(2, 25)
-> Request 6
809
(2, 3, 2)
3
(6, 61)
-> Request 7
907
(3, 1, 1)
2
(55, 9)
-> Request 8
1123
(2, 2, 1)
1
(66, 50)
-> Request 9
1162
(1, 3, 1)
2
(45, 57)
-> Request 10
1237
(4, 2, 1)
1
(21, 51)
-> Request 11
1238
(1, 1, 1)
1
(75, 32)
-> Request 12
1309
(4, 2, 1)
1
(39, 59)
-> Request 13
1355
(3, 1, 1)
3
(26, 75)
-> Request 14
1385
(1, 3, 2)
2
(24, 7)
-> Request 15
1431
(1, 3, 1)
2
(64, 44)
--> Day : 1
-> Request 0
204
(1, 3, 2)
2
(66, 8)
-> Request 1
301
(3, 1, 1)
1
(31, 32)
-> Request 2
376
(1, 2, 1)
3
(20, 12)
-> Request 3
613
(1, 1, 2)
3
(68, 55)
-> Request 4
754
(2, 2, 2)
3
(63, 10)
-> Request 5
1039
(2, 2, 1)
2
(73, 16)
-> Request 6
1114
(4, 2, 2)
3
(45, 44)
--> Day : 2
-> Request 0
60
(2, 3, 2)
1
(66, 49)
-> Request 1
122
(2, 1, 1)
1
(35, 59)
-> Request 2
130
(2, 3, 2)
2
(20, 19)
-> Request 3
329
(4, 1, 1)
2
(51, 50)
-> Request 4
678
(1, 1, 2)
2
(10, 54)
-> Request 5
733
(3, 2, 1)
3
(72, 26)
-> Request 6
781
(1, 2, 1)
3
(15, 30)
-> Request 7
797
(1, 1, 2)
3
(9, 33)
-> Request 8
798
(3, 3, 2)
2
(0, 13)
-> Request 9
1332
(2, 2, 1)
1
(26, 79)
-> Request 10
1398
(1, 1, 1)
3
(52, 22)
-> Request 11
1425
(2, 2, 1)
2
(64, 75)
--> Day : 3
-> Request 0
245
(4, 2, 2)
2
(1, 0)
-> Request 1
312
(1, 1, 2)
1
(7, 65)
-> Request 2
338
(2, 3, 1)
1
(76, 39)
-> Request 3
672
(3, 1, 1)
2
(7, 44)
-> Request 4
709
(1, 1, 2)
3
(54, 65)
-> Request 5
772
(2, 2, 1)
2
(0, 21)
-> Request 6
877
(2, 2, 1)
1
(31, 18)
-> Request 7
916
(2, 3, 1)
2
(51, 42)
-> Request 8
924
(1, 3, 2)
2
(46, 71)
-> Request 9
1029
(4, 2, 1)
3
(10, 1)
-> Request 10
1168
(1, 3, 2)
3
(1, 35)
-> Request 11
1200
(2, 3, 2)
1
(60, 65)
-> Request 12
1338
(4, 3, 1)
1
(40, 56)
--> Day : 4
-> Request 0
169
(1, 1, 1)
2
(28, 34)
-> Request 1
231
(4, 3, 1)
3
(39, 65)
-> Request 2
294
(3, 3, 1)
3
(64, 17)
-> Request 3
441
(4, 2, 2)
1
(22, 66)
-> Request 4
515
(4, 2, 2)
3
(17, 74)
-> Request 5
573
(1, 3, 2)
3
(50, 74)
-> Request 6
579
(3, 2, 2)
3
(54, 47)
-> Request 7
638
(3, 1, 1)
3
(24, 33)
-> Request 8
685
(2, 3, 1)
1
(68, 49)
-> Request 9
987
(3, 1, 2)
2
(6, 28)
-> Request 10
1184
(2, 1, 2)
3
(58, 73)
-> Request 11
1227
(1, 3, 2)
2
(36, 64)
-> Request 12
1271
(4, 1, 2)
1
(42, 64)
-> Request 13
1386
(4, 3, 1)
2
(44, 2)
---> Week : 143
--> Day : 0
-> Request 0
264
(4, 1, 1)
2
(27, 10)
-> Request 1
331
(2, 2, 1)
1
(66, 9)
-> Request 2
480
(2, 1, 1)
3
(35, 3)
-> Request 3
560
(3, 3, 2)
1
(11, 23)
-> Request 4
678
(1, 1, 2)
1
(10, 66)
-> Request 5
762
(3, 1, 2)
2
(32, 4)
-> Request 6
1151
(1, 3, 1)
1
(26, 9)
-> Request 7
1220
(2, 2, 2)
1
(67, 25)
-> Request 8
1320
(4, 3, 2)
3
(38, 77)
--> Day : 1
-> Request 0
27
(3, 1, 2)
3
(48, 50)
-> Request 1
66
(2, 3, 1)
3
(2, 25)
-> Request 2
300
(1, 3, 2)
1
(40, 17)
-> Request 3
458
(4, 1, 2)
1
(76, 69)
-> Request 4
532
(3, 2, 1)
1
(42, 68)
-> Request 5
756
(1, 1, 2)
3
(25, 1)
-> Request 6
788
(1, 3, 1)
1
(48, 19)
-> Request 7
889
(4, 3, 1)
2
(65, 66)
-> Request 8
984
(2, 3, 1)
1
(41, 12)
-> Request 9
1225
(4, 2, 1)
3
(16, 28)
-> Request 10
1249
(4, 3, 2)
2
(39, 39)
-> Request 11
1320
(4, 2, 2)
3
(44, 75)
-> Request 12
1412
(4, 1, 1)
1
(3, 5)
--> Day : 2
-> Request 0
57
(1, 3, 2)
3
(32, 63)
-> Request 1
309
(4, 2, 2)
1
(53, 8)
-> Request 2
447
(3, 1, 1)
3
(8, 8)
-> Request 3
761
(1, 3, 2)
2
(31, 57)
-> Request 4
887
(1, 3, 1)
2
(44, 39)
-> Request 5
933
(4, 3, 1)
3
(12, 1)
-> Request 6
1397
(1, 1, 2)
2
(79, 76)
--> Day : 3
-> Request 0
65
(2, 1, 1)
1
(3, 21)
-> Request 1
189
(4, 2, 2)
1
(52, 24)
-> Request 2
289
(4, 3, 2)
2
(21, 29)
-> Request 3
507
(3, 3, 2)
2
(29, 12)
-> Request 4
933
(4, 2, 1)
3
(58, 16)
-> Request 5
933
(3, 1, 2)
1
(11, 29)
-> Request 6
935
(4, 2, 1)
3
(61, 14)
-> Request 7
974
(1, 2, 1)
1
(30, 47)
-> Request 8
1206
(2, 3, 1)
1
(9, 57)
--> Day : 4
-> Request 0
53
(1, 3, 1)
3
(38, 39)
-> Request 1
146
(4, 3, 2)
3
(55, 3)
-> Request 2
312
(3, 3, 1)
3
(21, 23)
-> Request 3
526
(4, 2, 2)
1
(25, 0)
-> Request 4
610
(2, 1, 2)
1
(52, 49)
-> Request 5
649
(3, 1, 2)
1
(40, 48)
-> Request 6
706
(1, 1, 2)
1
(43, 62)
-> Request 7
764
(2, 3, 2)
2
(26, 48)
-> Request 8
1042
(3, 2, 1)
2
(44, 34)
-> Request 9
1129
(4, 1, 1)
2
(79, 18)
-> Request 10
1260
(4, 3, 2)
2
(30, 3)
-> Request 11
1286
(4, 2, 2)
1
(19, 72)
---> Week : 144
--> Day : 0
-> Request 0
57
(2, 3, 1)
3
(74, 26)
-> Request 1
92
(2, 1, 1)
2
(36, 60)
-> Request 2
146
(1, 2, 1)
3
(47, 56)
-> Request 3
217
(2, 3, 1)
3
(16, 54)
-> Request 4
417
(2, 2, 2)
3
(21, 7)
-> Request 5
442
(3, 1, 1)
3
(42, 68)
-> Request 6
606
(3, 3, 1)
1
(69, 4)
-> Request 7
746
(1, 2, 1)
3
(17, 15)
-> Request 8
829
(3, 2, 2)
3
(60, 22)
-> Request 9
834
(4, 1, 1)
2
(71, 75)
-> Request 10
947
(3, 2, 1)
3
(59, 66)
-> Request 11
1053
(3, 2, 1)
1
(7, 46)
-> Request 12
1158
(1, 2, 1)
1
(8, 51)
-> Request 13
1425
(3, 1, 2)
2
(65, 7)
--> Day : 1
-> Request 0
57
(4, 1, 2)
1
(29, 55)
-> Request 1
72
(1, 1, 2)
2
(0, 44)
-> Request 2
120
(4, 1, 2)
2
(64, 39)
-> Request 3
505
(4, 2, 1)
1
(2, 74)
-> Request 4
752
(4, 1, 1)
3
(22, 21)
-> Request 5
943
(4, 2, 2)
2
(62, 5)
-> Request 6
1073
(4, 2, 1)
3
(65, 33)
-> Request 7
1094
(2, 2, 2)
1
(37, 33)
-> Request 8
1098
(3, 3, 2)
1
(4, 69)
-> Request 9
1112
(1, 1, 1)
1
(74, 60)
-> Request 10
1151
(4, 3, 1)
1
(11, 45)
-> Request 11
1439
(4, 2, 2)
2
(14, 47)
--> Day : 2
-> Request 0
194
(2, 3, 1)
3
(14, 73)
-> Request 1
225
(3, 1, 2)
1
(21, 51)
-> Request 2
229
(2, 2, 2)
1
(11, 21)
-> Request 3
452
(2, 2, 1)
3
(67, 32)
-> Request 4
489
(1, 1, 2)
2
(24, 38)
-> Request 5
549
(4, 2, 2)
1
(50, 26)
-> Request 6
638
(4, 2, 1)
2
(77, 34)
-> Request 7
641
(2, 2, 1)
2
(60, 40)
-> Request 8
733
(2, 1, 2)
3
(40, 12)
--> Day : 3
-> Request 0
0
(4, 1, 1)
3
(22, 8)
-> Request 1
319
(2, 1, 2)
3
(62, 79)
-> Request 2
386
(4, 2, 2)
2
(8, 45)
-> Request 3
512
(3, 1, 2)
1
(70, 40)
-> Request 4
513
(2, 3, 1)
3
(74, 44)
-> Request 5
527
(3, 1, 2)
3
(49, 16)
-> Request 6
585
(3, 2, 2)
2
(6, 1)
-> Request 7
715
(1, 2, 2)
3
(76, 64)
-> Request 8
845
(1, 2, 2)
2
(79, 34)
-> Request 9
1314
(4, 2, 2)
3
(55, 19)
-> Request 10
1429
(4, 2, 1)
1
(42, 7)
-> Request 11
1439
(2, 2, 1)
2
(2, 52)
--> Day : 4
-> Request 0
55
(1, 1, 2)
2
(38, 17)
-> Request 1
262
(4, 1, 2)
1
(21, 36)
-> Request 2
474
(1, 1, 2)
2
(3, 52)
-> Request 3
546
(3, 1, 2)
1
(26, 67)
-> Request 4
868
(1, 1, 1)
1
(9, 42)
-> Request 5
1149
(2, 1, 2)
2
(37, 60)
-> Request 6
1155
(1, 1, 1)
1
(61, 46)
-> Request 7
1257
(1, 3, 2)
3
(53, 10)
---> Week : 145
--> Day : 0
-> Request 0
27
(1, 2, 1)
3
(27, 7)
-> Request 1
50
(3, 1, 1)
2
(41, 74)
-> Request 2
93
(1, 1, 1)
2
(58, 31)
-> Request 3
283
(4, 2, 1)
1
(29, 5)
-> Request 4
291
(1, 1, 2)
3
(42, 47)
-> Request 5
406
(4, 2, 1)
3
(60, 49)
-> Request 6
636
(1, 2, 1)
1
(22, 67)
-> Request 7
772
(2, 3, 1)
3
(2, 38)
-> Request 8
812
(3, 2, 2)
3
(70, 40)
-> Request 9
930
(1, 3, 1)
1
(37, 64)
-> Request 10
1212
(2, 1, 1)
1
(30, 32)
-> Request 11
1382
(3, 1, 2)
3
(79, 78)
--> Day : 1
-> Request 0
36
(4, 3, 2)
1
(10, 50)
-> Request 1
71
(2, 2, 1)
1
(50, 14)
-> Request 2
179
(4, 2, 2)
3
(18, 49)
-> Request 3
248
(3, 2, 1)
2
(62, 65)
-> Request 4
283
(2, 1, 1)
1
(9, 27)
-> Request 5
670
(1, 1, 1)
3
(18, 79)
-> Request 6
892
(4, 2, 2)
1
(14, 74)
-> Request 7
1178
(2, 1, 1)
3
(1, 43)
-> Request 8
1244
(2, 1, 2)
1
(78, 56)
-> Request 9
1285
(4, 1, 2)
3
(27, 6)
-> Request 10
1340
(1, 2, 2)
3
(72, 23)
-> Request 11
1352
(2, 2, 2)
2
(45, 49)
-> Request 12
1439
(2, 3, 1)
1
(24, 11)
--> Day : 2
-> Request 0
11
(3, 1, 1)
3
(1, 13)
-> Request 1
151
(2, 3, 2)
1
(43, 74)
-> Request 2
336
(2, 2, 1)
2
(7, 52)
-> Request 3
339
(4, 2, 2)
2
(75, 51)
-> Request 4
617
(2, 1, 1)
1
(41, 54)
-> Request 5
942
(3, 2, 1)
1
(70, 0)
-> Request 6
995
(3, 1, 2)
3
(68, 57)
-> Request 7
1057
(3, 1, 2)
1
(17, 39)
-> Request 8
1125
(1, 3, 2)
2
(11, 67)
-> Request 9
1184
(3, 2, 1)
3
(15, 19)
-> Request 10
1338
(2, 3, 1)
1
(36, 44)
--> Day : 3
-> Request 0
98
(3, 3, 2)
1
(2, 43)
-> Request 1
518
(3, 2, 1)
2
(79, 35)
-> Request 2
1105
(2, 2, 1)
1
(43, 40)
-> Request 3
1123
(1, 2, 2)
1
(10, 31)
--> Day : 4
-> Request 0
63
(4, 3, 1)
3
(36, 59)
-> Request 1
93
(2, 1, 1)
2
(6, 79)
-> Request 2
172
(2, 2, 2)
1
(10, 42)
-> Request 3
204
(3, 3, 2)
3
(30, 10)
-> Request 4
293
(4, 1, 1)
1
(71, 34)
-> Request 5
1080
(3, 2, 1)
3
(72, 38)
-> Request 6
1135
(3, 2, 2)
2
(68, 52)
-> Request 7
1243
(2, 2, 1)
3
(50, 58)
-> Request 8
1360
(4, 3, 1)
3
(26, 5)
---> Week : 146
--> Day : 0
-> Request 0
81
(3, 3, 1)
1
(8, 12)
-> Request 1
126
(4, 3, 2)
1
(77, 63)
-> Request 2
481
(4, 2, 2)
3
(20, 65)
-> Request 3
540
(4, 1, 1)
1
(3, 76)
-> Request 4
613
(4, 2, 2)
2
(11, 67)
-> Request 5
655
(1, 1, 1)
2
(12, 20)
-> Request 6
660
(3, 2, 1)
2
(31, 22)
-> Request 7
795
(2, 1, 1)
3
(59, 68)
-> Request 8
965
(2, 3, 1)
2
(42, 68)
-> Request 9
1300
(4, 2, 1)
3
(29, 5)
-> Request 10
1349
(2, 2, 1)
3
(47, 15)
-> Request 11
1375
(4, 2, 1)
2
(13, 76)
--> Day : 1
-> Request 0
207
(4, 1, 2)
2
(51, 2)
-> Request 1
237
(2, 1, 1)
2
(51, 27)
-> Request 2
461
(1, 3, 2)
1
(23, 55)
-> Request 3
750
(4, 3, 2)
3
(71, 33)
-> Request 4
771
(2, 3, 2)
3
(48, 21)
-> Request 5
853
(4, 2, 2)
2
(4, 56)
-> Request 6
926
(2, 1, 1)
1
(12, 24)
-> Request 7
1385
(3, 2, 2)
3
(32, 33)
--> Day : 2
-> Request 0
509
(4, 2, 1)
1
(29, 46)
-> Request 1
551
(4, 1, 2)
3
(14, 36)
-> Request 2
732
(3, 3, 2)
3
(11, 17)
-> Request 3
861
(1, 2, 2)
2
(39, 68)
-> Request 4
1057
(4, 2, 2)
1
(60, 27)
-> Request 5
1317
(2, 2, 1)
3
(3, 77)
--> Day : 3
-> Request 0
466
(3, 2, 2)
3
(31, 57)
-> Request 1
602
(3, 3, 2)
3
(43, 29)
-> Request 2
627
(1, 3, 2)
1
(32, 21)
-> Request 3
656
(4, 2, 2)
2
(15, 29)
-> Request 4
747
(3, 2, 2)
2
(33, 43)
-> Request 5
1278
(1, 2, 1)
1
(10, 66)
-> Request 6
1286
(3, 3, 2)
1
(79, 47)
-> Request 7
1331
(2, 2, 2)
3
(37, 16)
-> Request 8
1367
(1, 3, 2)
2
(55, 67)
-> Request 9
1422
(4, 1, 2)
2
(79, 25)
--> Day : 4
-> Request 0
20
(2, 1, 2)
1
(16, 23)
-> Request 1
515
(1, 2, 2)
1
(57, 1)
-> Request 2
519
(2, 1, 2)
3
(10, 8)
-> Request 3
870
(3, 1, 1)
3
(24, 74)
-> Request 4
891
(1, 1, 2)
1
(49, 24)
-> Request 5
1083
(3, 1, 1)
3
(6, 74)
-> Request 6
1298
(4, 2, 1)
1
(4, 23)
---> Week : 147
--> Day : 0
-> Request 0
326
(1, 2, 1)
1
(63, 79)
-> Request 1
404
(1, 3, 2)
3
(53, 13)
-> Request 2
566
(3, 1, 2)
1
(8, 37)
-> Request 3
610
(1, 3, 1)
1
(33, 35)
-> Request 4
642
(2, 2, 2)
1
(51, 9)
-> Request 5
759
(2, 2, 1)
1
(44, 40)
-> Request 6
859
(4, 1, 1)
3
(74, 49)
-> Request 7
918
(4, 3, 2)
3
(4, 33)
-> Request 8
1081
(1, 1, 2)
3
(42, 53)
-> Request 9
1234
(3, 1, 1)
3
(14, 32)
--> Day : 1
-> Request 0
85
(2, 3, 1)
1
(70, 9)
-> Request 1
528
(3, 2, 2)
3
(23, 49)
-> Request 2
606
(2, 3, 1)
2
(41, 38)
-> Request 3
758
(1, 1, 2)
2
(47, 28)
-> Request 4
984
(2, 3, 2)
1
(73, 51)
-> Request 5
1016
(3, 3, 1)
1
(53, 65)
-> Request 6
1282
(3, 2, 2)
2
(0, 41)
--> Day : 2
-> Request 0
73
(2, 2, 2)
3
(47, 73)
-> Request 1
164
(4, 1, 1)
2
(15, 54)
-> Request 2
193
(3, 3, 2)
3
(47, 0)
-> Request 3
231
(4, 1, 1)
1
(15, 5)
-> Request 4
488
(1, 2, 2)
2
(11, 18)
-> Request 5
652
(3, 1, 2)
1
(12, 38)
-> Request 6
735
(2, 1, 2)
1
(44, 79)
-> Request 7
991
(2, 3, 1)
2
(36, 76)
-> Request 8
1119
(3, 2, 1)
2
(46, 48)
-> Request 9
1425
(4, 2, 2)
2
(28, 32)
--> Day : 3
-> Request 0
271
(1, 3, 2)
3
(23, 4)
-> Request 1
272
(3, 1, 2)
1
(68, 67)
-> Request 2
358
(1, 3, 1)
1
(11, 32)
-> Request 3
723
(1, 1, 1)
1
(4, 47)
-> Request 4
1008
(3, 1, 2)
2
(35, 4)
-> Request 5
1089
(2, 1, 2)
1
(61, 34)
-> Request 6
1104
(2, 1, 1)
1
(77, 30)
-> Request 7
1304
(2, 1, 2)
3
(20, 46)
--> Day : 4
-> Request 0
115
(4, 1, 1)
2
(56, 8)
-> Request 1
163
(4, 1, 2)
1
(17, 53)
-> Request 2
228
(3, 1, 1)
3
(12, 53)
-> Request 3
475
(1, 3, 2)
3
(11, 5)
-> Request 4
503
(2, 2, 1)
1
(28, 60)
-> Request 5
522
(3, 2, 1)
1
(74, 72)
-> Request 6
832
(3, 2, 2)
1
(18, 35)
-> Request 7
1100
(3, 3, 1)
2
(10, 20)
-> Request 8
1139
(2, 3, 1)
2
(31, 64)
-> Request 9
1147
(1, 3, 2)
3
(24, 58)
-> Request 10
1207
(4, 3, 2)
3
(64, 26)
---> Week : 148
--> Day : 0
-> Request 0
65
(3, 3, 2)
2
(17, 49)
-> Request 1
363
(2, 2, 2)
1
(51, 24)
-> Request 2
818
(3, 1, 1)
3
(50, 18)
-> Request 3
891
(4, 1, 2)
3
(76, 28)
-> Request 4
1076
(3, 1, 1)
2
(40, 35)
-> Request 5
1181
(2, 3, 2)
1
(14, 72)
-> Request 6
1423
(1, 3, 2)
3
(30, 61)
--> Day : 1
-> Request 0
63
(1, 3, 1)
2
(53, 26)
-> Request 1
506
(4, 2, 1)
1
(60, 15)
-> Request 2
619
(3, 2, 1)
2
(19, 49)
-> Request 3
629
(4, 2, 2)
2
(16, 47)
-> Request 4
667
(2, 2, 1)
2
(5, 11)
-> Request 5
740
(3, 3, 1)
3
(18, 36)
-> Request 6
804
(2, 1, 2)
2
(10, 68)
-> Request 7
1080
(3, 1, 1)
2
(42, 78)
-> Request 8
1156
(4, 2, 1)
1
(16, 53)
-> Request 9
1303
(3, 3, 2)
3
(44, 78)
--> Day : 2
-> Request 0
144
(1, 1, 1)
2
(13, 40)
-> Request 1
267
(3, 2, 2)
2
(75, 39)
-> Request 2
669
(2, 3, 1)
1
(78, 55)
-> Request 3
840
(3, 2, 2)
2
(49, 59)
-> Request 4
848
(1, 1, 1)
3
(4, 49)
-> Request 5
1001
(2, 1, 1)
1
(3, 34)
-> Request 6
1150
(3, 1, 1)
3
(9, 68)
-> Request 7
1277
(4, 3, 2)
1
(42, 40)
-> Request 8
1318
(4, 1, 1)
1
(3, 24)
--> Day : 3
-> Request 0
160
(1, 1, 1)
2
(42, 6)
-> Request 1
164
(3, 2, 1)
1
(77, 35)
-> Request 2
342
(3, 2, 2)
1
(6, 62)
-> Request 3
688
(1, 1, 1)
1
(72, 14)
-> Request 4
725
(3, 2, 2)
1
(47, 63)
-> Request 5
934
(1, 2, 2)
2
(71, 64)
-> Request 6
1180
(2, 3, 2)
3
(60, 69)
-> Request 7
1306
(3, 1, 1)
2
(71, 24)
-> Request 8
1319
(2, 1, 2)
1
(20, 52)
-> Request 9
1391
(1, 3, 1)
1
(29, 41)
-> Request 10
1412
(4, 3, 1)
1
(71, 0)
-> Request 11
1430
(3, 3, 2)
1
(11, 42)
--> Day : 4
-> Request 0
118
(2, 3, 2)
3
(15, 36)
-> Request 1
236
(4, 1, 2)
3
(77, 42)
-> Request 2
292
(4, 3, 1)
2
(74, 75)
-> Request 3
652
(2, 1, 1)
1
(17, 75)
-> Request 4
702
(3, 1, 1)
1
(37, 60)
-> Request 5
1336
(1, 1, 2)
1
(34, 5)
-> Request 6
1389
(1, 2, 2)
3
(43, 76)
---> Week : 149
--> Day : 0
-> Request 0
133
(4, 2, 1)
1
(9, 69)
-> Request 1
326
(3, 3, 2)
2
(46, 22)
-> Request 2
427
(4, 3, 2)
3
(43, 44)
-> Request 3
554
(3, 2, 1)
2
(36, 67)
-> Request 4
563
(4, 3, 1)
2
(74, 10)
-> Request 5
578
(3, 1, 2)
3
(3, 9)
-> Request 6
588
(2, 1, 2)
1
(77, 18)
-> Request 7
645
(4, 2, 1)
1
(5, 1)
-> Request 8
873
(3, 3, 1)
2
(12, 72)
-> Request 9
945
(2, 1, 2)
2
(18, 41)
-> Request 10
968
(4, 2, 1)
2
(30, 22)
-> Request 11
1032
(4, 2, 2)
3
(36, 33)
-> Request 12
1235
(3, 2, 2)
2
(56, 62)
-> Request 13
1294
(4, 1, 1)
2
(19, 0)
--> Day : 1
-> Request 0
123
(1, 3, 1)
2
(79, 43)
-> Request 1
301
(2, 2, 2)
3
(13, 7)
-> Request 2
571
(2, 2, 2)
1
(9, 52)
-> Request 3
684
(4, 1, 2)
3
(39, 49)
-> Request 4
804
(2, 2, 2)
2
(67, 30)
-> Request 5
1069
(1, 2, 1)
3
(30, 30)
-> Request 6
1075
(1, 1, 1)
2
(2, 49)
--> Day : 2
-> Request 0
190
(1, 1, 1)
2
(48, 37)
-> Request 1
303
(3, 1, 1)
3
(40, 44)
-> Request 2
324
(1, 2, 2)
2
(2, 30)
-> Request 3
345
(2, 1, 1)
3
(42, 21)
-> Request 4
349
(1, 2, 2)
2
(35, 63)
-> Request 5
534
(4, 2, 1)
1
(60, 39)
-> Request 6
545
(4, 3, 2)
2
(70, 53)
-> Request 7
557
(2, 2, 2)
3
(45, 47)
-> Request 8
638
(3, 2, 1)
1
(62, 68)
-> Request 9
753
(4, 1, 2)
2
(50, 64)
-> Request 10
1004
(3, 3, 2)
3
(69, 40)
-> Request 11
1084
(3, 1, 1)
2
(43, 46)
-> Request 12
1148
(2, 2, 2)
3
(35, 57)
-> Request 13
1157
(3, 3, 2)
3
(36, 33)
--> Day : 3
-> Request 0
389
(2, 3, 2)
2
(0, 9)
-> Request 1
436
(4, 3, 2)
2
(66, 75)
-> Request 2
559
(2, 3, 1)
3
(58, 62)
-> Request 3
768
(2, 3, 1)
3
(51, 57)
-> Request 4
1025
(2, 3, 2)
3
(24, 36)
-> Request 5
1291
(3, 3, 1)
3
(40, 75)
-> Request 6
1324
(1, 1, 2)
3
(48, 78)
--> Day : 4
-> Request 0
746
(1, 1, 2)
2
(68, 79)
-> Request 1
890
(1, 2, 1)
1
(4, 39)
-> Request 2
925
(2, 3, 1)
2
(24, 62)
-> Request 3
1212
(3, 3, 1)
1
(34, 26)
-> Request 4
1370
(4, 3, 1)
3
(13, 14)
