---> Week : 0
--> Day : 0
-> Request 0
85
(1, 3, 1)
2
(28, 5)
-> Request 1
281
(2, 2, 1)
1
(21, 19)
-> Request 2
295
(2, 1, 1)
1
(47, 52)
-> Request 3
471
(1, 3, 1)
3
(43, 8)
-> Request 4
550
(4, 3, 2)
2
(19, 32)
-> Request 5
686
(1, 1, 2)
2
(58, 31)
-> Request 6
875
(4, 3, 1)
3
(58, 28)
-> Request 7
1363
(3, 1, 1)
3
(50, 40)
--> Day : 1
-> Request 0
17
(1, 3, 2)
2
(36, 70)
-> Request 1
34
(2, 3, 2)
1
(77, 43)
-> Request 2
166
(4, 2, 2)
3
(44, 8)
-> Request 3
294
(3, 2, 1)
1
(78, 70)
-> Request 4
887
(4, 1, 2)
1
(3, 11)
-> Request 5
936
(3, 3, 1)
1
(51, 71)
-> Request 6
1176
(3, 3, 2)
2
(38, 47)
-> Request 7
1294
(4, 1, 1)
1
(9, 22)
--> Day : 2
-> Request 0
250
(4, 1, 2)
2
(61, 79)
-> Request 1
972
(1, 3, 1)
3
(75, 70)
-> Request 2
1096
(3, 2, 2)
1
(39, 11)
-> Request 3
1256
(2, 3, 2)
2
(36, 52)
-> Request 4
1332
(1, 1, 1)
3
(45, 37)
--> Day : 3
-> Request 0
55
(4, 2, 1)
3
(66, 16)
-> Request 1
86
(1, 1, 1)
1
(8, 33)
-> Request 2
311
(1, 1, 1)
1
(55, 63)
-> Request 3
388
(3, 3, 2)
2
(11, 62)
-> Request 4
412
(1, 3, 2)
3
(24, 66)
-> Request 5
509
(2, 3, 2)
3
(59, 31)
-> Request 6
606
(3, 1, 1)
2
(42, 57)
-> Request 7
928
(1, 1, 1)
1
(43, 58)
-> Request 8
935
(2, 2, 2)
2
(30, 29)
-> Request 9
1032
(3, 2, 2)
1
(67, 16)
-> Request 10
1154
(4, 2, 1)
3
(42, 70)
-> Request 11
1196
(4, 1, 2)
3
(69, 75)
-> Request 12
1396
(2, 3, 2)
3
(69, 46)
--> Day : 4
-> Request 0
55
(4, 1, 1)
1
(3, 55)
-> Request 1
317
(3, 3, 2)
3
(14, 65)
-> Request 2
536
(3, 3, 2)
1
(60, 76)
-> Request 3
629
(1, 3, 1)
2
(35, 29)
-> Request 4
915
(1, 2, 2)
3
(56, 7)
-> Request 5
962
(3, 2, 2)
2
(0, 45)
-> Request 6
1197
(4, 2, 2)
1
(70, 30)
-> Request 7
1377
(2, 2, 1)
2
(28, 1)
-> Request 8
1414
(1, 3, 1)
2
(59, 67)
---> Week : 1
--> Day : 0
-> Request 0
487
(2, 2, 2)
2
(20, 58)
-> Request 1
519
(1, 2, 1)
2
(44, 27)
-> Request 2
525
(4, 3, 1)
1
(4, 15)
-> Request 3
597
(4, 1, 2)
3
(60, 16)
-> Request 4
1061
(4, 3, 2)
1
(43, 79)
-> Request 5
1109
(1, 1, 1)
3
(47, 14)
-> Request 6
1378
(3, 1, 2)
1
(18, 78)
--> Day : 1
-> Request 0
59
(4, 3, 1)
1
(65, 25)
-> Request 1
280
(2, 2, 1)
3
(32, 25)
-> Request 2
282
(2, 1, 2)
2
(59, 52)
-> Request 3
667
(4, 3, 1)
3
(6, 64)
-> Request 4
668
(1, 3, 2)
2
(22, 8)
-> Request 5
822
(2, 1, 2)
3
(17, 9)
-> Request 6
1019
(2, 1, 1)
1
(8, 33)
--> Day : 2
-> Request 0
134
(4, 1, 2)
2
(73, 40)
-> Request 1
139
(2, 2, 1)
1
(0, 35)
-> Request 2
233
(3, 3, 1)
3
(58, 25)
-> Request 3
394
(4, 2, 2)
3
(21, 11)
-> Request 4
760
(4, 3, 1)
2
(53, 12)
-> Request 5
939
(1, 3, 2)
3
(19, 75)
-> Request 6
1014
(1, 1, 2)
2
(6, 23)
-> Request 7
1313
(1, 3, 1)
3
(26, 57)
--> Day : 3
-> Request 0
108
(1, 2, 2)
3
(3, 11)
-> Request 1
316
(3, 1, 1)
2
(36, 5)
-> Request 2
356
(3, 3, 2)
1
(35, 75)
-> Request 3
439
(2, 3, 2)
3
(59, 26)
-> Request 4
523
(3, 3, 1)
1
(62, 35)
-> Request 5
611
(4, 2, 1)
2
(20, 41)
-> Request 6
687
(4, 3, 1)
1
(12, 68)
-> Request 7
813
(3, 3, 1)
3
(71, 20)
-> Request 8
963
(4, 3, 1)
1
(55, 27)
-> Request 9
973
(3, 2, 2)
3
(5, 32)
-> Request 10
999
(2, 1, 1)
2
(54, 49)
-> Request 11
1052
(3, 1, 2)
1
(27, 26)
-> Request 12
1083
(2, 1, 2)
1
(31, 26)
-> Request 13
1101
(4, 1, 1)
2
(6, 21)
-> Request 14
1104
(4, 1, 2)
1
(25, 43)
-> Request 15
1171
(1, 3, 1)
1
(24, 45)
--> Day : 4
-> Request 0
134
(3, 3, 2)
1
(74, 57)
-> Request 1
257
(4, 2, 1)
1
(68, 9)
-> Request 2
546
(4, 2, 1)
2
(13, 28)
-> Request 3
622
(4, 2, 1)
2
(69, 37)
-> Request 4
742
(2, 2, 1)
3
(13, 14)
-> Request 5
831
(2, 2, 2)
2
(12, 29)
-> Request 6
914
(2, 3, 2)
2
(54, 50)
-> Request 7
1284
(2, 2, 2)
1
(75, 2)
---> Week : 2
--> Day : 0
-> Request 0
219
(2, 2, 1)
3
(24, 65)
-> Request 1
374
(2, 3, 1)
1
(56, 16)
-> Request 2
735
(2, 2, 1)
1
(21, 63)
-> Request 3
993
(2, 1, 1)
1
(64, 49)
-> Request 4
1049
(3, 2, 1)
1
(43, 22)
-> Request 5
1181
(1, 3, 1)
3
(23, 11)
-> Request 6
1322
(4, 1, 2)
2
(13, 44)
-> Request 7
1356
(1, 2, 1)
3
(31, 38)
--> Day : 1
-> Request 0
377
(4, 2, 2)
3
(65, 79)
-> Request 1
444
(4, 1, 2)
1
(48, 71)
-> Request 2
553
(3, 3, 2)
2
(22, 36)
-> Request 3
597
(1, 3, 2)
1
(12, 17)
-> Request 4
632
(4, 2, 1)
3
(36, 38)
-> Request 5
1074
(2, 2, 1)
3
(72, 39)
-> Request 6
1275
(2, 2, 1)
1
(69, 78)
-> Request 7
1321
(1, 2, 1)
1
(19, 19)
-> Request 8
1332
(1, 3, 2)
2
(70, 61)
-> Request 9
1332
(1, 3, 2)
1
(36, 57)
--> Day : 2
-> Request 0
88
(2, 3, 2)
3
(41, 42)
-> Request 1
542
(2, 1, 2)
2
(10, 17)
-> Request 2
657
(3, 1, 1)
2
(41, 28)
-> Request 3
709
(4, 1, 1)
1
(64, 70)
-> Request 4
939
(2, 1, 2)
1
(68, 8)
-> Request 5
1092
(3, 2, 2)
3
(16, 67)
-> Request 6
1295
(4, 3, 1)
2
(72, 45)
--> Day : 3
-> Request 0
99
(4, 2, 2)
2
(50, 20)
-> Request 1
418
(1, 3, 1)
1
(72, 71)
-> Request 2
439
(4, 1, 1)
3
(20, 27)
-> Request 3
711
(1, 1, 2)
2
(29, 65)
-> Request 4
770
(2, 2, 2)
3
(23, 69)
-> Request 5
825
(2, 3, 1)
3
(37, 76)
-> Request 6
953
(1, 3, 1)
3
(75, 22)
-> Request 7
1290
(2, 3, 1)
1
(40, 55)
--> Day : 4
-> Request 0
27
(3, 1, 2)
3
(51, 42)
-> Request 1
51
(4, 1, 1)
3
(8, 48)
-> Request 2
105
(4, 3, 1)
2
(33, 42)
-> Request 3
564
(3, 3, 1)
1
(0, 63)
-> Request 4
578
(3, 2, 1)
3
(20, 68)
-> Request 5
667
(2, 2, 2)
2
(44, 29)
-> Request 6
832
(4, 3, 2)
3
(59, 39)
-> Request 7
898
(1, 1, 1)
2
(13, 25)
-> Request 8
917
(4, 2, 1)
2
(54, 24)
-> Request 9
1306
(3, 3, 2)
3
(59, 78)
-> Request 10
1426
(3, 3, 2)
2
(5, 54)
---> Week : 3
--> Day : 0
-> Request 0
176
(2, 1, 1)
1
(36, 10)
-> Request 1
703
(1, 1, 1)
3
(9, 55)
-> Request 2
1189
(2, 1, 1)
2
(33, 78)
-> Request 3
1205
(1, 1, 1)
3
(46, 27)
-> Request 4
1211
(2, 1, 1)
2
(43, 46)
-> Request 5
1246
(4, 2, 1)
2
(76, 72)
-> Request 6
1300
(2, 2, 2)
3
(40, 14)
-> Request 7
1410
(4, 3, 2)
1
(66, 67)
--> Day : 1
-> Request 0
14
(2, 2, 1)
3
(60, 43)
-> Request 1
284
(4, 2, 1)
3
(68, 79)
-> Request 2
479
(2, 3, 2)
1
(45, 76)
-> Request 3
486
(3, 2, 2)
1
(32, 25)
-> Request 4
554
(2, 3, 2)
3
(12, 13)
-> Request 5
630
(1, 3, 2)
3
(40, 51)
-> Request 6
749
(3, 2, 1)
1
(25, 36)
-> Request 7
1347
(3, 1, 2)
2
(70, 8)
--> Day : 2
-> Request 0
127
(1, 2, 1)
3
(33, 19)
-> Request 1
275
(3, 2, 1)
2
(56, 23)
-> Request 2
500
(1, 1, 2)
3
(55, 37)
-> Request 3
500
(4, 1, 2)
3
(38, 50)
-> Request 4
664
(2, 1, 1)
1
(78, 2)
-> Request 5
825
(4, 3, 2)
1
(68, 37)
-> Request 6
1170
(2, 2, 1)
2
(76, 54)
-> Request 7
1177
(4, 1, 2)
2
(21, 75)
--> Day : 3
-> Request 0
151
(2, 2, 2)
3
(77, 32)
-> Request 1
236
(2, 3, 2)
1
(77, 47)
-> Request 2
262
(3, 1, 1)
2
(18, 26)
-> Request 3
269
(4, 2, 1)
2
(33, 63)
-> Request 4
440
(2, 1, 1)
1
(30, 66)
-> Request 5
586
(1, 2, 1)
3
(0, 2)
-> Request 6
609
(1, 2, 2)
2
(63, 25)
-> Request 7
669
(2, 1, 2)
2
(2, 71)
-> Request 8
892
(4, 3, 2)
3
(59, 45)
-> Request 9
895
(4, 1, 2)
1
(69, 25)
-> Request 10
1007
(1, 3, 2)
3
(15, 52)
--> Day : 4
-> Request 0
651
(4, 1, 2)
2
(54, 7)
-> Request 1
691
(1, 1, 1)
1
(3, 24)
-> Request 2
760
(2, 2, 2)
1
(25, 2)
-> Request 3
836
(3, 2, 2)
3
(74, 36)
-> Request 4
855
(4, 1, 2)
1
(58, 19)
-> Request 5
897
(1, 3, 2)
3
(69, 3)
-> Request 6
1143
(1, 1, 2)
1
(13, 52)
-> Request 7
1328
(4, 3, 1)
3
(24, 77)
---> Week : 4
--> Day : 0
-> Request 0
225
(4, 1, 2)
2
(40, 31)
-> Request 1
339
(1, 1, 2)
3
(0, 65)
-> Request 2
419
(4, 2, 2)
3
(10, 72)
-> Request 3
460
(1, 3, 2)
2
(55, 10)
-> Request 4
1100
(1, 2, 1)
1
(77, 6)
-> Request 5
1246
(2, 2, 1)
3
(61, 23)
-> Request 6
1277
(4, 3, 1)
3
(15, 3)
--> Day : 1
-> Request 0
30
(1, 2, 1)
2
(55, 43)
-> Request 1
337
(3, 1, 1)
3
(10, 16)
-> Request 2
421
(1, 3, 2)
2
(24, 1)
-> Request 3
836
(3, 3, 2)
2
(59, 38)
-> Request 4
1003
(4, 3, 1)
3
(27, 36)
-> Request 5
1162
(1, 3, 1)
1
(40, 14)
-> Request 6
1290
(2, 2, 1)
2
(27, 30)
--> Day : 2
-> Request 0
452
(3, 2, 1)
1
(38, 5)
-> Request 1
545
(2, 1, 2)
3
(72, 13)
-> Request 2
599
(2, 2, 2)
1
(27, 28)
-> Request 3
767
(4, 1, 1)
2
(70, 68)
-> Request 4
1027
(4, 1, 2)
2
(5, 38)
-> Request 5
1305
(3, 3, 2)
1
(60, 49)
-> Request 6
1376
(2, 1, 2)
3
(2, 60)
--> Day : 3
-> Request 0
37
(3, 2, 1)
2
(36, 44)
-> Request 1
1109
(4, 2, 2)
2
(78, 77)
-> Request 2
1262
(3, 2, 2)
3
(8, 12)
--> Day : 4
-> Request 0
442
(1, 2, 2)
2
(15, 4)
-> Request 1
480
(4, 3, 2)
1
(75, 55)
-> Request 2
700
(4, 3, 2)
1
(40, 40)
-> Request 3
798
(4, 2, 2)
2
(5, 8)
-> Request 4
954
(1, 2, 1)
2
(33, 12)
-> Request 5
959
(2, 2, 1)
3
(66, 34)
-> Request 6
965
(3, 2, 2)
2
(11, 47)
-> Request 7
1033
(3, 1, 2)
2
(20, 56)
-> Request 8
1126
(3, 3, 2)
3
(76, 57)
-> Request 9
1130
(3, 3, 2)
3
(40, 16)
---> Week : 5
--> Day : 0
-> Request 0
110
(1, 1, 1)
1
(48, 68)
-> Request 1
221
(2, 2, 2)
3
(42, 16)
-> Request 2
222
(1, 3, 1)
1
(26, 45)
-> Request 3
550
(2, 1, 1)
2
(16, 75)
-> Request 4
568
(3, 1, 1)
3
(46, 74)
-> Request 5
594
(1, 3, 2)
2
(79, 7)
-> Request 6
797
(2, 2, 1)
1
(46, 53)
-> Request 7
797
(4, 1, 2)
3
(29, 60)
-> Request 8
868
(1, 2, 1)
1
(6, 71)
-> Request 9
1093
(3, 2, 2)
2
(34, 16)
-> Request 10
1347
(2, 2, 2)
1
(43, 51)
--> Day : 1
-> Request 0
4
(4, 1, 1)
2
(41, 51)
-> Request 1
140
(1, 2, 2)
1
(44, 75)
-> Request 2
283
(4, 2, 2)
3
(39, 45)
-> Request 3
579
(1, 1, 1)
2
(76, 73)
-> Request 4
594
(3, 3, 2)
1
(37, 64)
-> Request 5
727
(3, 3, 1)
1
(18, 30)
-> Request 6
837
(3, 1, 2)
3
(76, 18)
-> Request 7
840
(2, 3, 2)
2
(76, 15)
-> Request 8
1291
(2, 2, 2)
1
(38, 28)
--> Day : 2
-> Request 0
115
(4, 3, 2)
1
(23, 49)
-> Request 1
218
(3, 1, 1)
2
(41, 28)
-> Request 2
330
(1, 1, 2)
2
(54, 6)
-> Request 3
351
(3, 3, 2)
2
(36, 16)
-> Request 4
575
(3, 1, 1)
3
(70, 62)
-> Request 5
610
(1, 2, 2)
3
(30, 26)
-> Request 6
611
(3, 2, 2)
3
(55, 78)
-> Request 7
860
(3, 1, 1)
3
(52, 57)
-> Request 8
880
(2, 1, 1)
2
(70, 28)
-> Request 9
901
(2, 3, 1)
2
(26, 48)
-> Request 10
919
(1, 3, 1)
2
(39, 47)
-> Request 11
1414
(4, 1, 2)
2
(76, 55)
--> Day : 3
-> Request 0
290
(3, 1, 2)
1
(22, 74)
-> Request 1
376
(2, 3, 2)
3
(69, 69)
-> Request 2
1050
(1, 2, 1)
1
(59, 77)
-> Request 3
1328
(2, 2, 2)
1
(9, 26)
-> Request 4
1390
(4, 2, 2)
3
(44, 36)
-> Request 5
1425
(2, 2, 2)
1
(59, 26)
--> Day : 4
-> Request 0
181
(2, 2, 2)
1
(31, 45)
-> Request 1
321
(2, 2, 2)
1
(35, 25)
-> Request 2
1059
(1, 2, 2)
2
(36, 40)
-> Request 3
1148
(1, 3, 2)
1
(33, 28)
-> Request 4
1160
(2, 1, 1)
2
(79, 36)
-> Request 5
1162
(2, 2, 1)
1
(41, 68)
-> Request 6
1242
(3, 1, 2)
1
(47, 1)
-> Request 7
1436
(4, 3, 2)
3
(67, 25)
---> Week : 6
--> Day : 0
-> Request 0
80
(3, 2, 1)
1
(45, 37)
-> Request 1
273
(4, 1, 2)
2
(6, 26)
-> Request 2
382
(3, 2, 2)
1
(17, 2)
-> Request 3
694
(3, 3, 1)
2
(76, 45)
-> Request 4
698
(3, 2, 1)
3
(22, 32)
-> Request 5
1009
(2, 2, 1)
1
(23, 22)
-> Request 6
1038
(1, 1, 2)
1
(13, 56)
-> Request 7
1173
(4, 3, 1)
1
(3, 19)
-> Request 8
1193
(1, 3, 2)
2
(41, 71)
-> Request 9
1259
(4, 3, 2)
2
(59, 6)
-> Request 10
1341
(4, 2, 1)
1
(56, 44)
-> Request 11
1372
(4, 1, 2)
1
(9, 43)
--> Day : 1
-> Request 0
510
(4, 3, 1)
3
(28, 45)
-> Request 1
636
(4, 3, 2)
1
(59, 22)
-> Request 2
638
(3, 2, 2)
2
(37, 48)
-> Request 3
647
(4, 1, 1)
3
(68, 51)
-> Request 4
797
(3, 3, 2)
1
(52, 29)
-> Request 5
1042
(4, 2, 2)
2
(52, 21)
-> Request 6
1439
(2, 1, 1)
2
(57, 24)
-> Request 7
1439
(4, 2, 2)
3
(1, 39)
--> Day : 2
-> Request 0
213
(2, 3, 1)
3
(23, 66)
-> Request 1
392
(2, 1, 1)
2
(2, 77)
-> Request 2
392
(4, 3, 1)
2
(50, 18)
-> Request 3
533
(3, 2, 2)
2
(69, 51)
-> Request 4
744
(1, 3, 1)
2
(73, 25)
-> Request 5
849
(4, 1, 2)
2
(10, 17)
-> Request 6
1095
(2, 2, 1)
1
(55, 78)
-> Request 7
1218
(2, 2, 2)
3
(23, 63)
-> Request 8
1319
(2, 1, 1)
1
(14, 4)
--> Day : 3
-> Request 0
201
(3, 3, 1)
1
(28, 57)
-> Request 1
239
(4, 3, 2)
2
(68, 45)
-> Request 2
811
(3, 3, 2)
2
(57, 35)
-> Request 3
822
(1, 2, 1)
3
(71, 39)
-> Request 4
931
(3, 1, 2)
2
(41, 8)
-> Request 5
1003
(2, 1, 2)
3
(74, 5)
-> Request 6
1084
(2, 2, 1)
2
(53, 49)
-> Request 7
1297
(2, 1, 2)
1
(56, 2)
--> Day : 4
-> Request 0
21
(2, 2, 2)
3
(17, 7)
-> Request 1
39
(3, 3, 1)
3
(65, 42)
-> Request 2
346
(4, 3, 1)
3
(46, 13)
-> Request 3
568
(1, 2, 2)
2
(33, 4)
-> Request 4
647
(2, 1, 2)
1
(78, 25)
-> Request 5
689
(4, 1, 2)
2
(77, 24)
-> Request 6
1223
(1, 3, 1)
3
(1, 21)
-> Request 7
1304
(3, 1, 1)
1
(31, 60)
---> Week : 7
--> Day : 0
-> Request 0
218
(1, 1, 2)
1
(45, 45)
-> Request 1
380
(2, 3, 2)
2
(39, 59)
-> Request 2
469
(3, 1, 2)
1
(35, 15)
-> Request 3
600
(2, 2, 2)
2
(54, 23)
-> Request 4
666
(2, 1, 2)
3
(58, 5)
-> Request 5
1286
(1, 2, 1)
3
(23, 16)
--> Day : 1
-> Request 0
0
(2, 1, 2)
3
(66, 28)
-> Request 1
146
(1, 2, 2)
3
(38, 64)
-> Request 2
201
(4, 2, 2)
1
(7, 64)
-> Request 3
205
(1, 1, 2)
3
(13, 2)
-> Request 4
342
(1, 3, 1)
3
(71, 26)
-> Request 5
585
(1, 1, 1)
2
(26, 14)
-> Request 6
680
(1, 2, 1)
3
(57, 79)
-> Request 7
966
(2, 2, 1)
2
(15, 38)
-> Request 8
1020
(2, 3, 1)
2
(73, 74)
-> Request 9
1036
(1, 2, 1)
2
(56, 72)
-> Request 10
1099
(2, 1, 1)
3
(75, 56)
-> Request 11
1140
(1, 3, 1)
2
(16, 17)
-> Request 12
1221
(1, 2, 1)
3
(64, 27)
-> Request 13
1320
(1, 3, 2)
2
(54, 57)
-> Request 14
1332
(3, 1, 2)
2
(7, 59)
--> Day : 2
-> Request 0
110
(3, 2, 2)
3
(27, 67)
-> Request 1
619
(1, 2, 1)
1
(1, 13)
-> Request 2
816
(2, 3, 2)
2
(4, 67)
-> Request 3
841
(4, 3, 2)
2
(25, 68)
-> Request 4
1429
(4, 2, 2)
1
(38, 9)
--> Day : 3
-> Request 0
116
(3, 3, 2)
3
(52, 30)
-> Request 1
508
(1, 1, 1)
1
(36, 12)
-> Request 2
727
(3, 1, 2)
3
(44, 23)
-> Request 3
779
(3, 1, 1)
3
(71, 2)
-> Request 4
789
(2, 1, 1)
1
(66, 50)
-> Request 5
893
(2, 3, 2)
1
(39, 24)
-> Request 6
1033
(3, 3, 1)
2
(16, 13)
-> Request 7
1043
(4, 3, 2)
2
(57, 8)
-> Request 8
1202
(1, 2, 2)
2
(59, 78)
-> Request 9
1250
(3, 2, 2)
2
(37, 15)
-> Request 10
1264
(3, 3, 1)
1
(11, 68)
-> Request 11
1350
(3, 3, 2)
2
(71, 8)
-> Request 12
1426
(2, 2, 2)
3
(27, 44)
--> Day : 4
-> Request 0
185
(2, 3, 2)
3
(2, 45)
-> Request 1
508
(2, 3, 2)
2
(57, 16)
-> Request 2
783
(3, 2, 2)
1
(79, 24)
-> Request 3
831
(4, 3, 2)
2
(74, 49)
-> Request 4
833
(2, 2, 2)
2
(57, 7)
-> Request 5
833
(4, 2, 1)
3
(48, 23)
-> Request 6
884
(1, 1, 1)
3
(34, 62)
-> Request 7
1076
(2, 2, 2)
1
(43, 45)
-> Request 8
1190
(1, 2, 1)
3
(6, 38)
-> Request 9
1239
(3, 2, 2)
2
(36, 38)
-> Request 10
1347
(2, 2, 1)
2
(63, 59)
---> Week : 8
--> Day : 0
-> Request 0
84
(1, 2, 2)
2
(43, 42)
-> Request 1
105
(3, 2, 2)
1
(20, 22)
-> Request 2
153
(4, 2, 1)
2
(2, 38)
-> Request 3
216
(4, 2, 1)
1
(39, 37)
-> Request 4
612
(3, 3, 2)
2
(12, 42)
-> Request 5
852
(2, 3, 1)
1
(42, 26)
-> Request 6
1223
(4, 2, 2)
2
(69, 33)
-> Request 7
1225
(1, 3, 2)
2
(64, 55)
-> Request 8
1342
(1, 3, 2)
3
(68, 32)
-> Request 9
1376
(1, 3, 1)
1
(33, 49)
--> Day : 1
-> Request 0
97
(3, 1, 2)
2
(70, 71)
-> Request 1
153
(1, 2, 2)
3
(0, 54)
-> Request 2
158
(4, 1, 2)
1
(56, 10)
-> Request 3
502
(2, 2, 1)
1
(52, 37)
-> Request 4
541
(2, 2, 2)
1
(73, 61)
-> Request 5
600
(3, 2, 2)
1
(71, 26)
-> Request 6
629
(1, 2, 2)
2
(8, 47)
-> Request 7
707
(1, 1, 1)
3
(8, 50)
-> Request 8
717
(1, 2, 2)
3
(51, 40)
-> Request 9
846
(3, 3, 2)
2
(2, 7)
-> Request 10
1006
(4, 1, 2)
2
(51, 46)
-> Request 11
1256
(2, 3, 2)
1
(69, 30)
--> Day : 2
-> Request 0
338
(4, 3, 2)
3
(23, 5)
-> Request 1
475
(4, 1, 2)
1
(73, 45)
-> Request 2
527
(4, 2, 2)
2
(56, 50)
-> Request 3
823
(2, 3, 2)
3
(42, 45)
-> Request 4
1259
(4, 1, 2)
2
(34, 49)
-> Request 5
1289
(2, 2, 1)
3
(79, 26)
-> Request 6
1365
(1, 1, 1)
3
(73, 6)
-> Request 7
1375
(1, 3, 1)
3
(55, 78)
--> Day : 3
-> Request 0
18
(3, 2, 1)
1
(54, 39)
-> Request 1
123
(4, 3, 2)
2
(28, 45)
-> Request 2
338
(4, 3, 1)
1
(40, 13)
-> Request 3
850
(4, 3, 1)
3
(19, 17)
-> Request 4
851
(1, 3, 1)
2
(38, 68)
-> Request 5
919
(2, 1, 2)
1
(57, 42)
-> Request 6
954
(2, 2, 1)
3
(44, 47)
-> Request 7
1158
(3, 2, 1)
2
(47, 4)
-> Request 8
1163
(3, 2, 2)
2
(36, 28)
-> Request 9
1242
(4, 1, 2)
2
(74, 47)
-> Request 10
1381
(1, 2, 1)
1
(8, 44)
--> Day : 4
-> Request 0
10
(1, 3, 2)
2
(6, 56)
-> Request 1
49
(4, 1, 1)
2
(6, 7)
-> Request 2
92
(2, 3, 2)
3
(39, 30)
-> Request 3
218
(4, 2, 1)
3
(5, 11)
-> Request 4
415
(1, 1, 1)
1
(35, 11)
-> Request 5
464
(2, 2, 2)
3
(2, 72)
-> Request 6
518
(2, 2, 1)
3
(3, 61)
-> Request 7
603
(2, 3, 1)
2
(51, 78)
-> Request 8
664
(4, 1, 2)
3
(48, 1)
-> Request 9
826
(3, 1, 1)
3
(24, 74)
-> Request 10
936
(2, 1, 2)
3
(48, 45)
-> Request 11
1054
(4, 2, 1)
1
(30, 10)
-> Request 12
1112
(1, 1, 2)
3
(50, 72)
-> Request 13
1148
(2, 2, 1)
2
(65, 45)
-> Request 14
1151
(1, 2, 1)
2
(74, 63)
-> Request 15
1342
(4, 3, 1)
2
(30, 9)
-> Request 16
1438
(1, 1, 1)
3
(6, 23)
---> Week : 9
--> Day : 0
-> Request 0
84
(4, 3, 2)
3
(7, 65)
-> Request 1
148
(3, 3, 2)
1
(72, 27)
-> Request 2
472
(4, 1, 2)
3
(17, 65)
-> Request 3
498
(4, 3, 1)
1
(74, 0)
-> Request 4
721
(3, 1, 1)
3
(2, 15)
-> Request 5
893
(4, 2, 1)
1
(46, 74)
-> Request 6
1003
(3, 1, 2)
3
(0, 45)
-> Request 7
1295
(1, 2, 2)
3
(59, 24)
-> Request 8
1368
(1, 3, 2)
2
(27, 4)
-> Request 9
1401
(4, 1, 1)
1
(6, 0)
--> Day : 1
-> Request 0
19
(1, 2, 2)
3
(26, 48)
-> Request 1
186
(3, 1, 2)
1
(15, 35)
-> Request 2
237
(4, 2, 2)
1
(33, 32)
-> Request 3
414
(3, 2, 2)
2
(62, 16)
-> Request 4
591
(1, 2, 2)
1
(55, 77)
-> Request 5
605
(2, 1, 2)
2
(11, 52)
-> Request 6
839
(1, 2, 1)
2
(73, 64)
-> Request 7
1293
(2, 2, 1)
2
(75, 33)
--> Day : 2
-> Request 0
70
(2, 2, 1)
2
(8, 29)
-> Request 1
146
(2, 2, 1)
2
(74, 7)
-> Request 2
209
(2, 1, 1)
2
(9, 46)
-> Request 3
398
(3, 2, 1)
2
(60, 10)
-> Request 4
806
(3, 2, 2)
2
(52, 69)
-> Request 5
1014
(3, 3, 2)
1
(25, 7)
-> Request 6
1032
(1, 3, 1)
3
(11, 34)
-> Request 7
1073
(3, 3, 2)
2
(41, 27)
-> Request 8
1127
(4, 1, 1)
3
(12, 16)
-> Request 9
1251
(1, 2, 1)
1
(59, 2)
--> Day : 3
-> Request 0
26
(3, 1, 2)
1
(8, 42)
-> Request 1
110
(3, 3, 1)
2
(28, 76)
-> Request 2
164
(4, 3, 2)
3
(28, 43)
-> Request 3
713
(2, 1, 1)
2
(71, 20)
-> Request 4
981
(4, 3, 2)
3
(45, 53)
-> Request 5
1077
(2, 2, 2)
3
(28, 24)
-> Request 6
1128
(2, 3, 2)
1
(34, 34)
-> Request 7
1201
(1, 1, 2)
3
(17, 57)
-> Request 8
1331
(3, 2, 1)
1
(76, 27)
--> Day : 4
-> Request 0
51
(3, 1, 1)
3
(78, 48)
-> Request 1
77
(2, 1, 1)
2
(48, 39)
-> Request 2
329
(3, 3, 2)
2
(41, 37)
-> Request 3
459
(4, 3, 1)
1
(55, 67)
-> Request 4
470
(4, 2, 1)
1
(72, 36)
-> Request 5
551
(2, 3, 2)
3
(63, 21)
-> Request 6
1238
(3, 3, 1)
3
(56, 58)
-> Request 7
1332
(1, 3, 1)
3
(48, 44)
-> Request 8
1387
(2, 3, 2)
1
(39, 67)
---> Week : 10
--> Day : 0
-> Request 0
358
(3, 3, 2)
3
(9, 36)
-> Request 1
439
(3, 3, 2)
1
(73, 24)
-> Request 2
665
(3, 3, 1)
1
(10, 42)
-> Request 3
815
(3, 2, 2)
2
(70, 78)
-> Request 4
816
(2, 2, 1)
3
(7, 28)
-> Request 5
1042
(2, 1, 1)
1
(11, 1)
-> Request 6
1189
(1, 3, 1)
2
(46, 13)
-> Request 7
1225
(4, 2, 2)
3
(11, 64)
--> Day : 1
-> Request 0
138
(3, 2, 2)
1
(34, 27)
-> Request 1
390
(2, 2, 2)
1
(75, 76)
-> Request 2
770
(4, 1, 1)
3
(32, 24)
-> Request 3
1161
(4, 3, 2)
2
(23, 14)
-> Request 4
1272
(2, 1, 1)
3
(38, 56)
-> Request 5
1314
(1, 1, 1)
2
(29, 68)
-> Request 6
1320
(3, 3, 2)
1
(33, 68)
-> Request 7
1408
(4, 2, 2)
2
(65, 47)
--> Day : 2
-> Request 0
52
(1, 2, 1)
2
(8, 64)
-> Request 1
131
(1, 1, 1)
1
(23, 74)
-> Request 2
184
(2, 1, 1)
3
(28, 63)
-> Request 3
785
(4, 1, 1)
3
(36, 10)
-> Request 4
866
(2, 3, 1)
1
(63, 71)
-> Request 5
885
(1, 1, 2)
3
(34, 44)
-> Request 6
998
(4, 2, 1)
3
(18, 20)
--> Day : 3
-> Request 0
266
(4, 1, 1)
1
(45, 74)
-> Request 1
292
(4, 1, 2)
2
(6, 73)
-> Request 2
463
(4, 3, 1)
2
(62, 71)
-> Request 3
607
(1, 2, 2)
1
(28, 65)
-> Request 4
974
(2, 3, 1)
3
(76, 31)
-> Request 5
997
(3, 3, 1)
2
(26, 5)
-> Request 6
1028
(2, 2, 1)
2
(73, 7)
-> Request 7
1180
(4, 1, 1)
1
(31, 2)
-> Request 8
1208
(2, 2, 2)
2
(28, 20)
-> Request 9
1350
(2, 2, 2)
1
(25, 68)
-> Request 10
1360
(4, 3, 2)
1
(57, 15)
-> Request 11
1421
(2, 1, 2)
1
(24, 56)
--> Day : 4
-> Request 0
22
(2, 2, 2)
1
(65, 43)
-> Request 1
74
(3, 3, 2)
2
(73, 45)
-> Request 2
405
(4, 3, 1)
3
(64, 53)
-> Request 3
479
(1, 3, 2)
3
(68, 77)
-> Request 4
600
(2, 1, 1)
3
(12, 11)
-> Request 5
1424
(1, 3, 2)
3
(4, 20)
---> Week : 11
--> Day : 0
-> Request 0
35
(2, 2, 2)
1
(41, 12)
-> Request 1
455
(3, 1, 1)
1
(54, 19)
-> Request 2
634
(1, 1, 1)
3
(53, 1)
-> Request 3
711
(1, 1, 2)
1
(11, 68)
-> Request 4
776
(2, 2, 2)
2
(67, 38)
-> Request 5
928
(3, 1, 2)
3
(14, 32)
-> Request 6
930
(4, 3, 1)
3
(14, 76)
-> Request 7
1038
(1, 1, 2)
2
(63, 41)
-> Request 8
1078
(2, 3, 2)
2
(55, 32)
-> Request 9
1197
(4, 1, 2)
1
(64, 5)
-> Request 10
1231
(3, 1, 2)
3
(64, 22)
-> Request 11
1417
(3, 2, 1)
2
(77, 22)
--> Day : 1
-> Request 0
35
(1, 1, 1)
2
(18, 29)
-> Request 1
190
(1, 2, 2)
3
(43, 27)
-> Request 2
256
(2, 3, 2)
1
(52, 27)
-> Request 3
332
(4, 3, 2)
2
(26, 57)
-> Request 4
407
(1, 3, 2)
2
(14, 70)
-> Request 5
507
(1, 2, 1)
1
(44, 20)
-> Request 6
734
(1, 1, 2)
2
(9, 24)
-> Request 7
1051
(4, 3, 1)
2
(78, 62)
-> Request 8
1127
(2, 3, 2)
3
(55, 14)
-> Request 9
1229
(3, 2, 2)
1
(38, 56)
-> Request 10
1266
(3, 2, 2)
1
(33, 11)
-> Request 11
1276
(1, 2, 1)
1
(46, 46)
-> Request 12
1423
(1, 3, 1)
3
(49, 44)
--> Day : 2
-> Request 0
3
(3, 3, 1)
1
(66, 2)
-> Request 1
489
(4, 2, 2)
3
(5, 37)
-> Request 2
965
(4, 2, 2)
2
(49, 72)
-> Request 3
1112
(2, 3, 1)
1
(11, 27)
-> Request 4
1160
(2, 3, 1)
2
(33, 13)
-> Request 5
1333
(1, 2, 1)
2
(4, 24)
--> Day : 3
-> Request 0
381
(3, 3, 1)
3
(14, 19)
-> Request 1
393
(4, 1, 1)
3
(11, 73)
-> Request 2
426
(3, 3, 2)
2
(65, 76)
-> Request 3
527
(3, 1, 1)
2
(67, 44)
-> Request 4
763
(4, 3, 2)
2
(50, 43)
-> Request 5
796
(1, 1, 2)
3
(41, 53)
-> Request 6
1221
(1, 3, 1)
3
(54, 0)
-> Request 7
1292
(3, 2, 1)
3
(70, 7)
-> Request 8
1338
(2, 1, 2)
2
(38, 61)
-> Request 9
1399
(4, 1, 1)
2
(56, 44)
--> Day : 4
-> Request 0
107
(3, 2, 2)
3
(25, 63)
-> Request 1
258
(3, 3, 1)
2
(76, 17)
-> Request 2
291
(2, 3, 2)
1
(39, 20)
-> Request 3
397
(3, 1, 2)
1
(52, 14)
-> Request 4
478
(4, 1, 2)
2
(66, 64)
-> Request 5
616
(2, 1, 1)
1
(57, 34)
-> Request 6
651
(2, 2, 1)
2
(9, 45)
-> Request 7
822
(4, 2, 2)
2
(3, 9)
-> Request 8
872
(4, 1, 2)
1
(41, 25)
-> Request 9
914
(2, 3, 2)
1
(23, 69)
-> Request 10
968
(1, 2, 1)
3
(1, 17)
-> Request 11
1055
(1, 2, 1)
1
(4, 62)
-> Request 12
1205
(1, 2, 1)
3
(13, 5)
-> Request 13
1304
(2, 2, 1)
1
(69, 61)
---> Week : 12
--> Day : 0
-> Request 0
194
(1, 2, 1)
1
(9, 8)
-> Request 1
199
(3, 1, 1)
3
(75, 12)
-> Request 2
643
(1, 1, 2)
2
(29, 72)
-> Request 3
696
(2, 3, 2)
1
(49, 34)
-> Request 4
791
(4, 3, 1)
1
(8, 79)
-> Request 5
993
(2, 3, 2)
1
(1, 36)
-> Request 6
997
(4, 1, 1)
1
(17, 78)
-> Request 7
1264
(3, 3, 2)
2
(63, 41)
-> Request 8
1360
(4, 3, 1)
2
(60, 18)
--> Day : 1
-> Request 0
71
(4, 3, 1)
2
(77, 69)
-> Request 1
181
(2, 3, 2)
3
(20, 61)
-> Request 2
198
(2, 2, 2)
2
(70, 71)
-> Request 3
298
(2, 2, 2)
3
(9, 65)
-> Request 4
520
(4, 2, 1)
2
(27, 3)
-> Request 5
671
(1, 3, 1)
2
(25, 63)
-> Request 6
711
(1, 1, 1)
2
(52, 48)
-> Request 7
735
(2, 3, 2)
2
(52, 21)
-> Request 8
917
(4, 3, 1)
2
(69, 3)
--> Day : 2
-> Request 0
102
(1, 3, 1)
2
(79, 66)
-> Request 1
110
(4, 3, 2)
2
(44, 75)
-> Request 2
209
(2, 2, 1)
1
(72, 0)
-> Request 3
210
(3, 2, 2)
2
(46, 75)
-> Request 4
347
(3, 1, 2)
3
(69, 50)
-> Request 5
778
(1, 1, 1)
1
(73, 21)
-> Request 6
779
(1, 1, 2)
1
(78, 15)
-> Request 7
804
(4, 1, 1)
2
(67, 15)
-> Request 8
826
(2, 3, 1)
1
(64, 43)
-> Request 9
922
(3, 1, 1)
1
(71, 41)
-> Request 10
941
(1, 1, 2)
2
(18, 21)
-> Request 11
1169
(4, 3, 1)
1
(44, 1)
-> Request 12
1179
(1, 3, 2)
3
(4, 50)
-> Request 13
1233
(3, 3, 1)
1
(19, 17)
-> Request 14
1259
(4, 2, 2)
3
(28, 26)
-> Request 15
1259
(3, 3, 1)
1
(30, 32)
-> Request 16
1291
(2, 1, 1)
2
(64, 24)
--> Day : 3
-> Request 0
156
(3, 2, 1)
2
(42, 8)
-> Request 1
337
(2, 2, 2)
2
(18, 51)
-> Request 2
369
(1, 2, 2)
1
(3, 79)
-> Request 3
758
(2, 3, 1)
1
(35, 79)
-> Request 4
798
(3, 3, 1)
1
(11, 50)
-> Request 5
881
(4, 2, 2)
3
(8, 42)
-> Request 6
1177
(3, 1, 2)
2
(3, 7)
-> Request 7
1249
(3, 3, 2)
3
(77, 56)
-> Request 8
1260
(1, 2, 1)
3
(45, 29)
-> Request 9
1367
(2, 1, 2)
1
(58, 27)
-> Request 10
1369
(1, 3, 2)
1
(48, 29)
--> Day : 4
-> Request 0
100
(4, 1, 2)
2
(54, 14)
-> Request 1
100
(4, 3, 1)
2
(60, 66)
-> Request 2
208
(1, 1, 1)
1
(60, 54)
-> Request 3
290
(2, 3, 1)
2
(23, 79)
-> Request 4
295
(4, 1, 2)
1
(10, 38)
-> Request 5
296
(1, 3, 1)
1
(78, 39)
-> Request 6
343
(1, 1, 2)
3
(22, 7)
-> Request 7
451
(1, 3, 1)
1
(38, 60)
-> Request 8
523
(3, 2, 2)
3
(18, 3)
-> Request 9
543
(2, 3, 1)
1
(61, 30)
-> Request 10
719
(4, 1, 1)
3
(64, 42)
-> Request 11
1220
(4, 2, 2)
3
(77, 0)
-> Request 12
1352
(3, 2, 1)
1
(63, 53)
---> Week : 13
--> Day : 0
-> Request 0
7
(2, 1, 1)
2
(6, 44)
-> Request 1
450
(4, 2, 1)
1
(58, 33)
-> Request 2
1040
(4, 1, 2)
1
(70, 4)
-> Request 3
1054
(2, 2, 2)
3
(9, 23)
-> Request 4
1278
(4, 2, 2)
3
(54, 29)
-> Request 5
1371
(2, 1, 2)
1
(75, 45)
--> Day : 1
-> Request 0
128
(3, 2, 1)
1
(21, 17)
-> Request 1
220
(3, 2, 1)
3
(78, 49)
-> Request 2
436
(3, 3, 2)
1
(23, 15)
-> Request 3
836
(2, 2, 2)
2
(69, 10)
-> Request 4
839
(1, 3, 2)
2
(48, 18)
-> Request 5
1121
(1, 3, 1)
3
(16, 24)
-> Request 6
1194
(1, 2, 2)
2
(60, 66)
--> Day : 2
-> Request 0
37
(4, 1, 2)
1
(34, 62)
-> Request 1
50
(3, 3, 2)
3
(54, 41)
-> Request 2
99
(1, 1, 2)
2
(10, 31)
-> Request 3
223
(3, 2, 1)
2
(48, 22)
-> Request 4
459
(3, 1, 1)
2
(79, 62)
-> Request 5
787
(4, 3, 1)
2
(35, 4)
-> Request 6
1191
(1, 3, 2)
1
(18, 68)
-> Request 7
1433
(2, 2, 2)
3
(4, 28)
-> Request 8
1437
(4, 2, 1)
3
(49, 66)
--> Day : 3
-> Request 0
309
(4, 1, 2)
1
(62, 74)
-> Request 1
420
(4, 2, 1)
2
(19, 72)
-> Request 2
522
(2, 1, 2)
2
(19, 23)
-> Request 3
536
(1, 2, 1)
1
(46, 38)
-> Request 4
654
(2, 3, 2)
2
(21, 23)
-> Request 5
692
(4, 2, 1)
3
(50, 6)
-> Request 6
760
(2, 2, 2)
3
(25, 25)
-> Request 7
1048
(3, 3, 1)
3
(69, 49)
-> Request 8
1299
(3, 1, 2)
2
(10, 38)
--> Day : 4
-> Request 0
80
(2, 1, 2)
3
(62, 57)
-> Request 1
89
(3, 1, 2)
3
(65, 52)
-> Request 2
540
(4, 3, 2)
3
(45, 35)
-> Request 3
740
(4, 2, 1)
1
(70, 65)
-> Request 4
781
(2, 3, 2)
2
(3, 53)
-> Request 5
857
(1, 3, 2)
3
(52, 37)
-> Request 6
1007
(2, 1, 2)
3
(9, 44)
-> Request 7
1314
(1, 3, 2)
1
(28, 26)
-> Request 8
1375
(4, 1, 1)
2
(40, 18)
---> Week : 14
--> Day : 0
-> Request 0
902
(3, 1, 2)
2
(60, 41)
-> Request 1
1008
(3, 3, 1)
3
(0, 43)
-> Request 2
1406
(2, 2, 2)
3
(57, 27)
--> Day : 1
-> Request 0
436
(4, 2, 2)
1
(44, 43)
-> Request 1
819
(1, 2, 2)
2
(78, 76)
-> Request 2
969
(4, 2, 2)
3
(45, 47)
-> Request 3
1400
(4, 1, 2)
2
(32, 52)
-> Request 4
1409
(1, 3, 2)
2
(64, 20)
--> Day : 2
-> Request 0
597
(3, 3, 1)
2
(48, 44)
-> Request 1
703
(3, 3, 2)
1
(66, 51)
-> Request 2
1280
(4, 2, 2)
3
(27, 69)
-> Request 3
1284
(2, 3, 2)
2
(23, 7)
-> Request 4
1407
(3, 3, 1)
1
(78, 38)
--> Day : 3
-> Request 0
202
(3, 3, 1)
3
(76, 51)
-> Request 1
203
(2, 3, 1)
2
(1, 16)
-> Request 2
315
(4, 2, 2)
2
(42, 29)
-> Request 3
375
(1, 1, 2)
2
(37, 55)
-> Request 4
798
(1, 1, 1)
3
(42, 26)
-> Request 5
991
(2, 1, 2)
3
(56, 4)
-> Request 6
1083
(2, 1, 1)
1
(75, 23)
-> Request 7
1116
(2, 2, 2)
2
(39, 62)
-> Request 8
1302
(4, 1, 2)
2
(34, 74)
--> Day : 4
-> Request 0
54
(4, 3, 2)
2
(1, 36)
-> Request 1
73
(3, 2, 2)
1
(70, 13)
-> Request 2
163
(2, 2, 1)
2
(66, 77)
-> Request 3
394
(4, 2, 1)
2
(31, 44)
-> Request 4
593
(2, 1, 2)
2
(1, 40)
-> Request 5
611
(3, 3, 2)
2
(25, 42)
-> Request 6
642
(1, 1, 2)
1
(28, 48)
-> Request 7
955
(1, 3, 2)
2
(77, 35)
-> Request 8
957
(3, 2, 2)
1
(48, 72)
-> Request 9
1022
(4, 3, 1)
1
(56, 22)
-> Request 10
1131
(4, 1, 2)
1
(66, 58)
---> Week : 15
--> Day : 0
-> Request 0
91
(2, 1, 1)
1
(45, 1)
-> Request 1
624
(3, 2, 2)
2
(15, 16)
-> Request 2
956
(2, 3, 1)
2
(49, 39)
-> Request 3
1001
(4, 1, 1)
1
(9, 36)
-> Request 4
1259
(4, 3, 2)
2
(53, 50)
-> Request 5
1312
(1, 1, 2)
2
(35, 63)
-> Request 6
1352
(3, 2, 1)
3
(35, 77)
-> Request 7
1363
(3, 1, 2)
1
(54, 33)
-> Request 8
1435
(2, 3, 1)
1
(38, 44)
--> Day : 1
-> Request 0
85
(3, 2, 2)
1
(29, 9)
-> Request 1
163
(1, 1, 2)
3
(36, 70)
-> Request 2
283
(2, 2, 1)
3
(38, 14)
-> Request 3
397
(1, 1, 1)
1
(11, 21)
-> Request 4
412
(1, 1, 2)
1
(20, 73)
-> Request 5
414
(4, 2, 1)
1
(74, 55)
-> Request 6
928
(3, 3, 2)
1
(42, 62)
-> Request 7
984
(1, 2, 1)
1
(52, 25)
--> Day : 2
-> Request 0
169
(2, 3, 1)
3
(27, 71)
-> Request 1
172
(1, 3, 2)
3
(63, 34)
-> Request 2
609
(4, 2, 1)
1
(59, 77)
-> Request 3
1072
(4, 3, 1)
3
(10, 76)
-> Request 4
1185
(4, 1, 2)
3
(76, 61)
-> Request 5
1254
(3, 2, 1)
3
(46, 19)
-> Request 6
1313
(1, 2, 1)
1
(47, 16)
--> Day : 3
-> Request 0
348
(4, 2, 2)
1
(11, 30)
-> Request 1
886
(2, 2, 2)
2
(73, 0)
-> Request 2
1017
(2, 3, 1)
2
(71, 51)
-> Request 3
1078
(4, 1, 1)
2
(4, 65)
-> Request 4
1123
(3, 1, 1)
2
(17, 4)
--> Day : 4
-> Request 0
282
(3, 2, 2)
2
(2, 77)
-> Request 1
394
(2, 2, 2)
1
(24, 25)
-> Request 2
406
(3, 2, 2)
2
(62, 36)
-> Request 3
489
(3, 1, 2)
1
(38, 47)
-> Request 4
645
(3, 1, 1)
2
(58, 67)
-> Request 5
886
(4, 1, 1)
3
(42, 16)
-> Request 6
970
(4, 3, 1)
1
(34, 46)
-> Request 7
1081
(3, 2, 1)
2
(21, 12)
-> Request 8
1423
(2, 3, 1)
3
(34, 49)
---> Week : 16
--> Day : 0
-> Request 0
7
(2, 1, 1)
1
(23, 48)
-> Request 1
162
(1, 2, 1)
2
(0, 78)
-> Request 2
166
(1, 2, 2)
1
(72, 79)
-> Request 3
363
(1, 1, 1)
3
(57, 39)
-> Request 4
524
(2, 1, 2)
3
(64, 37)
-> Request 5
587
(1, 3, 1)
3
(1, 51)
-> Request 6
791
(3, 1, 2)
3
(36, 48)
-> Request 7
820
(3, 2, 2)
2
(28, 0)
-> Request 8
892
(4, 2, 1)
1
(5, 5)
-> Request 9
1057
(4, 2, 2)
2
(17, 66)
-> Request 10
1394
(4, 2, 1)
3
(30, 77)
-> Request 11
1409
(3, 1, 2)
3
(30, 30)
--> Day : 1
-> Request 0
0
(1, 2, 1)
2
(45, 32)
-> Request 1
285
(1, 3, 1)
1
(14, 37)
-> Request 2
654
(1, 3, 1)
1
(67, 44)
-> Request 3
878
(1, 2, 2)
1
(38, 12)
-> Request 4
1271
(1, 2, 1)
2
(56, 3)
-> Request 5
1387
(4, 3, 1)
3
(29, 53)
-> Request 6
1390
(1, 1, 2)
2
(35, 78)
--> Day : 2
-> Request 0
268
(2, 3, 2)
3
(61, 38)
-> Request 1
508
(4, 1, 1)
3
(39, 75)
-> Request 2
734
(4, 3, 2)
2
(13, 74)
-> Request 3
871
(3, 2, 1)
3
(40, 44)
-> Request 4
948
(3, 1, 1)
2
(63, 3)
-> Request 5
1423
(2, 3, 1)
3
(1, 72)
--> Day : 3
-> Request 0
135
(4, 3, 1)
1
(2, 79)
-> Request 1
546
(2, 2, 2)
1
(15, 13)
-> Request 2
563
(4, 3, 2)
1
(64, 33)
-> Request 3
648
(2, 1, 2)
3
(0, 42)
-> Request 4
845
(3, 3, 1)
2
(43, 65)
-> Request 5
925
(4, 2, 1)
1
(63, 19)
-> Request 6
1124
(3, 2, 2)
3
(16, 14)
-> Request 7
1233
(1, 2, 1)
1
(29, 2)
--> Day : 4
-> Request 0
94
(3, 1, 1)
3
(65, 43)
-> Request 1
139
(2, 1, 1)
1
(40, 49)
-> Request 2
172
(2, 3, 1)
2
(9, 32)
-> Request 3
207
(3, 2, 1)
3
(48, 24)
-> Request 4
221
(2, 2, 2)
3
(16, 26)
-> Request 5
269
(3, 3, 2)
3
(76, 3)
-> Request 6
539
(3, 2, 1)
3
(26, 2)
-> Request 7
707
(4, 2, 2)
2
(5, 50)
-> Request 8
828
(2, 3, 1)
2
(50, 1)
-> Request 9
1223
(1, 2, 1)
2
(39, 24)
-> Request 10
1269
(4, 3, 1)
3
(13, 49)
-> Request 11
1325
(2, 1, 2)
2
(66, 6)
-> Request 12
1401
(4, 2, 1)
1
(58, 2)
---> Week : 17
--> Day : 0
-> Request 0
28
(1, 3, 1)
1
(47, 18)
-> Request 1
266
(4, 2, 2)
3
(63, 69)
-> Request 2
332
(4, 3, 2)
3
(4, 50)
-> Request 3
424
(2, 2, 2)
1
(20, 27)
-> Request 4
861
(2, 3, 1)
2
(7, 26)
-> Request 5
932
(2, 1, 1)
2
(50, 66)
-> Request 6
1175
(1, 1, 2)
2
(31, 42)
--> Day : 1
-> Request 0
213
(2, 1, 1)
1
(35, 52)
-> Request 1
362
(1, 1, 2)
2
(68, 52)
-> Request 2
453
(1, 2, 1)
3
(46, 73)
-> Request 3
521
(1, 2, 1)
2
(39, 36)
-> Request 4
525
(3, 2, 1)
3
(16, 33)
-> Request 5
541
(1, 3, 2)
1
(49, 69)
-> Request 6
597
(2, 1, 1)
1
(62, 6)
-> Request 7
831
(4, 3, 2)
2
(45, 36)
-> Request 8
951
(4, 2, 1)
1
(56, 76)
-> Request 9
1008
(4, 2, 2)
1
(48, 0)
-> Request 10
1075
(2, 3, 2)
2
(10, 2)
-> Request 11
1182
(1, 3, 2)
3
(37, 17)
-> Request 12
1185
(4, 3, 2)
2
(79, 35)
-> Request 13
1410
(3, 2, 1)
3
(5, 30)
--> Day : 2
-> Request 0
26
(4, 3, 2)
3
(2, 31)
-> Request 1
904
(1, 1, 2)
1
(5, 67)
-> Request 2
1035
(4, 2, 2)
1
(55, 8)
-> Request 3
1037
(4, 3, 1)
3
(46, 5)
-> Request 4
1047
(1, 3, 1)
2
(15, 60)
-> Request 5
1082
(1, 2, 1)
2
(16, 49)
-> Request 6
1241
(3, 2, 2)
3
(44, 29)
-> Request 7
1296
(2, 2, 2)
1
(77, 68)
-> Request 8
1308
(4, 1, 2)
1
(14, 49)
--> Day : 3
-> Request 0
218
(2, 3, 2)
1
(44, 47)
-> Request 1
240
(4, 1, 2)
2
(61, 22)
-> Request 2
299
(4, 1, 2)
2
(57, 75)
-> Request 3
390
(4, 2, 1)
1
(63, 65)
-> Request 4
440
(4, 1, 1)
2
(32, 12)
-> Request 5
666
(1, 1, 1)
3
(8, 35)
-> Request 6
693
(4, 2, 1)
1
(3, 53)
-> Request 7
702
(3, 2, 1)
2
(74, 31)
-> Request 8
1119
(3, 3, 2)
2
(44, 60)
-> Request 9
1142
(2, 3, 2)
3
(28, 5)
-> Request 10
1286
(3, 2, 1)
2
(64, 59)
--> Day : 4
-> Request 0
152
(1, 2, 2)
3
(39, 27)
-> Request 1
266
(1, 2, 1)
1
(64, 60)
-> Request 2
303
(2, 3, 1)
2
(15, 38)
-> Request 3
500
(1, 3, 2)
3
(8, 61)
-> Request 4
510
(4, 1, 2)
3
(76, 41)
-> Request 5
787
(3, 1, 2)
3
(26, 3)
-> Request 6
799
(2, 3, 2)
1
(64, 40)
-> Request 7
853
(1, 2, 2)
2
(46, 25)
-> Request 8
1148
(2, 1, 2)
1
(68, 51)
-> Request 9
1180
(3, 2, 2)
2
(20, 67)
-> Request 10
1273
(3, 3, 1)
1
(14, 51)
-> Request 11
1374
(4, 2, 2)
3
(54, 4)
---> Week : 18
--> Day : 0
-> Request 0
16
(3, 1, 1)
1
(57, 34)
-> Request 1
158
(2, 1, 2)
1
(36, 62)
-> Request 2
171
(4, 2, 1)
3
(22, 39)
-> Request 3
361
(2, 2, 1)
1
(54, 21)
-> Request 4
772
(4, 3, 2)
3
(60, 27)
-> Request 5
856
(1, 2, 1)
3
(75, 29)
-> Request 6
1146
(4, 1, 2)
1
(54, 73)
-> Request 7
1282
(4, 3, 1)
2
(6, 5)
-> Request 8
1403
(1, 2, 2)
1
(37, 78)
--> Day : 1
-> Request 0
90
(3, 1, 2)
2
(2, 31)
-> Request 1
107
(1, 1, 1)
3
(46, 52)
-> Request 2
657
(4, 3, 2)
1
(60, 4)
-> Request 3
684
(1, 3, 1)
2
(50, 28)
-> Request 4
774
(2, 3, 2)
1
(68, 6)
-> Request 5
812
(4, 2, 2)
1
(79, 63)
-> Request 6
1152
(2, 2, 1)
2
(77, 46)
-> Request 7
1229
(1, 3, 2)
1
(76, 60)
-> Request 8
1409
(2, 2, 2)
3
(10, 23)
--> Day : 2
-> Request 0
16
(4, 1, 2)
1
(20, 27)
-> Request 1
60
(1, 2, 2)
2
(14, 35)
-> Request 2
307
(3, 1, 2)
2
(21, 70)
-> Request 3
507
(1, 2, 1)
1
(64, 58)
-> Request 4
520
(2, 2, 1)
2
(65, 30)
-> Request 5
620
(1, 1, 2)
1
(31, 56)
-> Request 6
688
(1, 2, 2)
2
(54, 9)
-> Request 7
695
(3, 1, 1)
3
(13, 37)
-> Request 8
742
(1, 3, 2)
1
(50, 58)
-> Request 9
902
(3, 3, 1)
3
(43, 22)
-> Request 10
994
(2, 1, 2)
1
(63, 67)
-> Request 11
1256
(1, 3, 1)
3
(11, 46)
-> Request 12
1425
(1, 1, 2)
1
(42, 32)
--> Day : 3
-> Request 0
48
(1, 3, 1)
3
(18, 72)
-> Request 1
78
(3, 2, 2)
3
(10, 50)
-> Request 2
210
(4, 1, 2)
2
(70, 34)
-> Request 3
292
(1, 3, 1)
3
(11, 79)
-> Request 4
963
(2, 1, 2)
1
(43, 33)
-> Request 5
1040
(3, 2, 1)
1
(27, 3)
-> Request 6
1084
(4, 3, 2)
2
(12, 65)
-> Request 7
1110
(4, 2, 1)
3
(69, 52)
-> Request 8
1146
(1, 2, 1)
1
(29, 26)
-> Request 9
1286
(3, 2, 1)
3
(20, 59)
--> Day : 4
-> Request 0
283
(4, 3, 1)
3
(44, 74)
-> Request 1
391
(3, 3, 2)
2
(77, 34)
-> Request 2
467
(4, 2, 2)
2
(47, 18)
-> Request 3
511
(2, 2, 1)
2
(39, 37)
-> Request 4
580
(3, 1, 1)
1
(74, 52)
-> Request 5
587
(2, 1, 1)
3
(21, 12)
-> Request 6
921
(3, 2, 2)
1
(67, 65)
-> Request 7
1032
(4, 3, 2)
2
(15, 25)
-> Request 8
1268
(2, 1, 2)
3
(46, 72)
-> Request 9
1311
(1, 2, 1)
3
(70, 70)
-> Request 10
1393
(2, 3, 1)
2
(8, 48)
-> Request 11
1421
(3, 3, 1)
1
(45, 69)
-> Request 12
1426
(3, 1, 2)
2
(77, 78)
---> Week : 19
--> Day : 0
-> Request 0
460
(3, 2, 1)
2
(23, 35)
-> Request 1
597
(3, 3, 1)
3
(44, 50)
-> Request 2
628
(3, 1, 1)
1
(27, 63)
-> Request 3
1064
(4, 1, 1)
1
(29, 70)
-> Request 4
1160
(2, 2, 2)
1
(78, 60)
-> Request 5
1430
(4, 3, 2)
3
(25, 38)
--> Day : 1
-> Request 0
184
(1, 3, 2)
1
(23, 36)
-> Request 1
189
(3, 1, 2)
2
(64, 61)
-> Request 2
763
(4, 1, 1)
1
(45, 64)
-> Request 3
865
(1, 2, 2)
2
(40, 33)
-> Request 4
870
(2, 3, 1)
2
(57, 29)
-> Request 5
927
(4, 3, 2)
2
(23, 66)
-> Request 6
949
(2, 1, 1)
2
(28, 24)
-> Request 7
1201
(2, 3, 2)
1
(38, 56)
-> Request 8
1408
(3, 2, 2)
3
(43, 2)
--> Day : 2
-> Request 0
299
(2, 2, 2)
2
(22, 39)
-> Request 1
304
(1, 1, 1)
1
(51, 30)
-> Request 2
339
(1, 2, 2)
2
(35, 27)
-> Request 3
363
(4, 1, 1)
2
(9, 75)
-> Request 4
412
(3, 1, 1)
2
(64, 31)
-> Request 5
475
(1, 3, 2)
1
(35, 79)
-> Request 6
554
(3, 3, 1)
3
(59, 18)
-> Request 7
776
(3, 1, 1)
3
(68, 47)
-> Request 8
776
(4, 1, 2)
1
(71, 76)
-> Request 9
787
(2, 3, 2)
1
(35, 6)
-> Request 10
874
(3, 3, 2)
2
(46, 25)
-> Request 11
879
(1, 3, 1)
1
(55, 68)
-> Request 12
932
(2, 2, 1)
1
(47, 65)
-> Request 13
1019
(3, 1, 1)
1
(49, 2)
-> Request 14
1027
(3, 1, 1)
3
(30, 68)
-> Request 15
1165
(4, 2, 2)
3
(78, 43)
--> Day : 3
-> Request 0
29
(2, 3, 1)
3
(31, 43)
-> Request 1
240
(1, 2, 2)
1
(73, 20)
-> Request 2
296
(3, 1, 1)
3
(2, 6)
-> Request 3
516
(2, 3, 2)
2
(67, 21)
-> Request 4
770
(1, 3, 1)
3
(35, 65)
-> Request 5
932
(3, 2, 2)
2
(73, 13)
-> Request 6
933
(3, 3, 2)
2
(70, 53)
-> Request 7
1099
(1, 3, 1)
2
(40, 74)
-> Request 8
1294
(4, 1, 1)
2
(40, 75)
--> Day : 4
-> Request 0
204
(4, 1, 2)
1
(32, 29)
-> Request 1
372
(1, 1, 1)
1
(15, 1)
-> Request 2
529
(1, 2, 2)
1
(32, 43)
-> Request 3
590
(2, 2, 2)
3
(38, 54)
-> Request 4
921
(1, 2, 2)
1
(74, 65)
-> Request 5
1229
(1, 1, 1)
3
(37, 2)
-> Request 6
1367
(1, 2, 1)
3
(66, 74)
---> Week : 20
--> Day : 0
-> Request 0
82
(2, 2, 2)
3
(74, 19)
-> Request 1
109
(1, 2, 2)
1
(58, 7)
-> Request 2
121
(1, 2, 2)
3
(68, 18)
-> Request 3
142
(2, 3, 2)
1
(39, 8)
-> Request 4
224
(1, 1, 2)
3
(74, 68)
-> Request 5
288
(1, 1, 2)
2
(75, 48)
-> Request 6
380
(1, 2, 2)
2
(18, 3)
-> Request 7
442
(4, 3, 2)
3
(48, 21)
-> Request 8
906
(1, 2, 1)
1
(37, 53)
-> Request 9
1314
(2, 2, 2)
2
(34, 76)
-> Request 10
1433
(4, 3, 1)
3
(21, 56)
--> Day : 1
-> Request 0
421
(3, 1, 2)
2
(75, 79)
-> Request 1
451
(2, 2, 1)
3
(17, 33)
-> Request 2
558
(3, 2, 1)
2
(23, 8)
-> Request 3
955
(4, 3, 1)
2
(47, 32)
-> Request 4
1071
(1, 3, 1)
1
(29, 14)
-> Request 5
1152
(2, 2, 1)
1
(4, 29)
-> Request 6
1317
(4, 1, 2)
1
(3, 33)
-> Request 7
1433
(3, 1, 1)
2
(53, 65)
--> Day : 2
-> Request 0
147
(1, 2, 1)
2
(43, 10)
-> Request 1
389
(2, 2, 1)
1
(34, 26)
-> Request 2
452
(3, 3, 1)
1
(36, 22)
-> Request 3
754
(4, 3, 2)
1
(67, 9)
-> Request 4
812
(2, 1, 2)
3
(15, 25)
-> Request 5
855
(4, 3, 1)
1
(75, 48)
-> Request 6
1102
(3, 2, 1)
2
(2, 32)
-> Request 7
1173
(3, 3, 2)
1
(75, 57)
-> Request 8
1204
(4, 3, 2)
3
(46, 56)
-> Request 9
1232
(1, 2, 2)
2
(73, 6)
--> Day : 3
-> Request 0
4
(3, 3, 2)
3
(77, 28)
-> Request 1
108
(4, 3, 2)
1
(14, 58)
-> Request 2
156
(2, 1, 2)
2
(37, 24)
-> Request 3
379
(4, 3, 1)
1
(71, 34)
-> Request 4
824
(2, 2, 2)
1
(8, 35)
-> Request 5
929
(2, 2, 2)
3
(46, 26)
-> Request 6
1027
(1, 2, 2)
1
(40, 9)
-> Request 7
1167
(4, 1, 2)
2
(28, 0)
-> Request 8
1198
(2, 3, 1)
1
(30, 22)
-> Request 9
1221
(4, 2, 1)
3
(67, 57)
--> Day : 4
-> Request 0
243
(1, 1, 2)
1
(45, 75)
-> Request 1
474
(2, 2, 2)
3
(44, 60)
-> Request 2
560
(1, 3, 1)
1
(69, 15)
-> Request 3
789
(3, 2, 2)
1
(75, 22)
-> Request 4
1018
(4, 1, 1)
2
(75, 66)
-> Request 5
1196
(3, 2, 1)
3
(16, 47)
-> Request 6
1383
(1, 1, 1)
3
(16, 66)
-> Request 7
1421
(3, 1, 1)
3
(59, 19)
---> Week : 21
--> Day : 0
-> Request 0
24
(4, 3, 1)
1
(29, 65)
-> Request 1
148
(3, 2, 2)
2
(38, 57)
-> Request 2
414
(2, 1, 2)
1
(30, 5)
-> Request 3
469
(1, 1, 1)
3
(78, 3)
-> Request 4
788
(2, 1, 2)
2
(35, 42)
-> Request 5
1140
(4, 1, 1)
2
(0, 71)
-> Request 6
1166
(2, 3, 1)
2
(8, 43)
-> Request 7
1319
(2, 3, 1)
1
(46, 35)
-> Request 8
1319
(1, 1, 2)
1
(6, 0)
-> Request 9
1343
(1, 3, 1)
2
(39, 56)
-> Request 10
1421
(2, 1, 2)
3
(22, 48)
--> Day : 1
-> Request 0
431
(3, 3, 2)
2
(62, 16)
-> Request 1
486
(2, 1, 2)
3
(14, 36)
-> Request 2
526
(2, 2, 1)
1
(33, 66)
-> Request 3
635
(4, 3, 1)
2
(58, 56)
-> Request 4
778
(1, 2, 1)
2
(71, 30)
-> Request 5
917
(3, 2, 2)
1
(57, 26)
-> Request 6
999
(3, 1, 1)
2
(37, 35)
-> Request 7
1232
(4, 2, 2)
2
(37, 28)
-> Request 8
1407
(4, 1, 1)
3
(10, 43)
--> Day : 2
-> Request 0
510
(1, 3, 1)
3
(12, 23)
-> Request 1
825
(2, 2, 1)
1
(66, 34)
-> Request 2
869
(1, 3, 2)
1
(17, 52)
-> Request 3
873
(3, 2, 2)
1
(51, 33)
-> Request 4
990
(3, 3, 2)
3
(11, 64)
-> Request 5
1100
(3, 3, 1)
1
(71, 67)
-> Request 6
1181
(4, 1, 1)
1
(8, 22)
-> Request 7
1188
(3, 1, 1)
1
(19, 70)
-> Request 8
1219
(3, 1, 1)
1
(33, 60)
-> Request 9
1264
(4, 3, 2)
2
(55, 38)
-> Request 10
1267
(4, 1, 1)
2
(52, 72)
-> Request 11
1336
(4, 3, 2)
3
(49, 45)
--> Day : 3
-> Request 0
50
(3, 1, 2)
1
(58, 32)
-> Request 1
103
(1, 3, 1)
3
(10, 17)
-> Request 2
220
(3, 3, 2)
2
(68, 1)
-> Request 3
876
(3, 2, 1)
1
(9, 75)
-> Request 4
952
(2, 1, 2)
1
(61, 55)
-> Request 5
1162
(2, 3, 2)
3
(12, 21)
-> Request 6
1208
(3, 1, 2)
1
(34, 27)
-> Request 7
1299
(2, 2, 2)
3
(66, 16)
-> Request 8
1425
(1, 3, 2)
1
(5, 21)
-> Request 9
1426
(2, 3, 2)
3
(45, 65)
--> Day : 4
-> Request 0
184
(1, 3, 1)
1
(41, 7)
-> Request 1
197
(4, 1, 2)
2
(77, 31)
-> Request 2
319
(1, 3, 1)
1
(34, 70)
-> Request 3
605
(2, 1, 1)
2
(56, 43)
-> Request 4
706
(2, 1, 1)
2
(20, 12)
-> Request 5
723
(1, 1, 2)
2
(1, 70)
-> Request 6
731
(4, 1, 2)
3
(63, 62)
-> Request 7
892
(1, 3, 1)
1
(31, 42)
-> Request 8
915
(2, 1, 1)
1
(48, 55)
-> Request 9
1099
(4, 1, 1)
1
(19, 1)
-> Request 10
1162
(3, 3, 2)
3
(20, 62)
-> Request 11
1400
(1, 3, 2)
2
(48, 60)
---> Week : 22
--> Day : 0
-> Request 0
200
(4, 3, 1)
3
(73, 23)
-> Request 1
221
(1, 1, 2)
2
(36, 25)
-> Request 2
548
(1, 1, 1)
1
(26, 41)
-> Request 3
551
(3, 2, 2)
1
(59, 33)
-> Request 4
622
(2, 3, 1)
2
(70, 9)
-> Request 5
739
(1, 1, 2)
2
(43, 59)
-> Request 6
794
(1, 3, 2)
3
(44, 14)
-> Request 7
796
(4, 1, 2)
2
(68, 22)
-> Request 8
841
(1, 3, 2)
3
(21, 52)
-> Request 9
1073
(2, 3, 2)
1
(50, 52)
-> Request 10
1421
(3, 2, 2)
3
(73, 50)
--> Day : 1
-> Request 0
100
(4, 3, 2)
3
(7, 59)
-> Request 1
107
(3, 3, 2)
2
(36, 5)
-> Request 2
168
(4, 2, 2)
2
(0, 28)
-> Request 3
191
(2, 1, 1)
2
(55, 40)
-> Request 4
438
(4, 3, 2)
2
(10, 37)
-> Request 5
632
(1, 1, 2)
1
(14, 72)
-> Request 6
658
(1, 2, 1)
2
(41, 20)
-> Request 7
717
(1, 2, 2)
3
(67, 6)
-> Request 8
839
(2, 3, 2)
3
(1, 14)
-> Request 9
912
(2, 1, 2)
2
(65, 35)
--> Day : 2
-> Request 0
64
(2, 1, 1)
1
(73, 23)
-> Request 1
334
(1, 1, 1)
1
(40, 50)
-> Request 2
555
(1, 1, 2)
2
(78, 2)
-> Request 3
575
(1, 3, 2)
2
(13, 42)
-> Request 4
673
(3, 3, 1)
3
(46, 65)
-> Request 5
786
(1, 2, 2)
1
(17, 10)
-> Request 6
840
(1, 1, 2)
2
(36, 52)
-> Request 7
1018
(3, 1, 1)
3
(67, 48)
-> Request 8
1056
(3, 2, 2)
3
(16, 10)
-> Request 9
1131
(4, 2, 2)
1
(76, 79)
-> Request 10
1209
(3, 3, 2)
3
(38, 35)
--> Day : 3
-> Request 0
160
(4, 3, 1)
2
(59, 64)
-> Request 1
223
(4, 3, 2)
3
(46, 62)
-> Request 2
389
(3, 1, 1)
3
(20, 1)
-> Request 3
509
(2, 1, 1)
1
(74, 14)
-> Request 4
615
(3, 2, 2)
1
(6, 19)
-> Request 5
828
(2, 1, 2)
3
(5, 55)
-> Request 6
924
(4, 2, 1)
1
(1, 44)
-> Request 7
1065
(2, 3, 1)
2
(37, 58)
-> Request 8
1110
(3, 1, 1)
2
(32, 64)
-> Request 9
1120
(3, 1, 2)
3
(39, 26)
-> Request 10
1238
(4, 3, 1)
3
(56, 40)
-> Request 11
1298
(3, 2, 1)
1
(20, 66)
-> Request 12
1358
(2, 1, 1)
2
(24, 45)
-> Request 13
1401
(1, 1, 1)
3
(13, 67)
--> Day : 4
-> Request 0
32
(3, 2, 1)
2
(34, 1)
-> Request 1
33
(2, 2, 1)
3
(35, 62)
-> Request 2
92
(2, 3, 2)
2
(21, 11)
-> Request 3
123
(2, 2, 2)
2
(22, 34)
-> Request 4
142
(3, 2, 2)
2
(42, 68)
-> Request 5
306
(1, 2, 1)
2
(51, 17)
-> Request 6
597
(3, 1, 2)
3
(56, 0)
-> Request 7
603
(1, 3, 2)
2
(47, 5)
-> Request 8
723
(1, 2, 2)
2
(9, 52)
-> Request 9
899
(1, 3, 1)
1
(61, 37)
-> Request 10
1197
(2, 3, 1)
1
(38, 46)
-> Request 11
1424
(4, 3, 2)
2
(52, 3)
---> Week : 23
--> Day : 0
-> Request 0
51
(4, 1, 1)
3
(42, 37)
-> Request 1
174
(2, 1, 1)
2
(31, 64)
-> Request 2
238
(4, 3, 1)
1
(14, 12)
-> Request 3
303
(1, 1, 1)
2
(42, 49)
-> Request 4
364
(4, 1, 2)
2
(21, 26)
-> Request 5
457
(4, 3, 2)
1
(77, 55)
-> Request 6
795
(1, 3, 1)
1
(69, 7)
-> Request 7
806
(4, 2, 1)
3
(59, 40)
-> Request 8
913
(1, 3, 1)
3
(20, 28)
-> Request 9
950
(2, 3, 1)
3
(9, 54)
-> Request 10
961
(4, 1, 1)
3
(75, 21)
-> Request 11
1075
(4, 2, 1)
1
(7, 39)
-> Request 12
1289
(1, 1, 2)
3
(29, 59)
--> Day : 1
-> Request 0
130
(1, 1, 1)
1
(9, 69)
-> Request 1
376
(3, 3, 2)
1
(33, 1)
-> Request 2
433
(1, 3, 2)
2
(17, 73)
-> Request 3
480
(1, 1, 1)
1
(23, 64)
-> Request 4
788
(4, 1, 1)
2
(58, 67)
-> Request 5
788
(4, 3, 1)
2
(45, 12)
-> Request 6
791
(2, 3, 2)
1
(36, 29)
-> Request 7
862
(1, 2, 2)
1
(46, 65)
-> Request 8
1015
(1, 3, 2)
1
(40, 70)
-> Request 9
1127
(1, 1, 2)
1
(78, 76)
-> Request 10
1159
(4, 3, 2)
1
(67, 15)
-> Request 11
1369
(3, 1, 1)
1
(26, 73)
-> Request 12
1373
(1, 1, 1)
1
(17, 20)
-> Request 13
1436
(3, 3, 1)
3
(69, 79)
--> Day : 2
-> Request 0
31
(3, 1, 1)
3
(2, 56)
-> Request 1
459
(3, 1, 1)
2
(44, 78)
-> Request 2
993
(4, 2, 2)
3
(38, 53)
-> Request 3
1179
(4, 3, 2)
3
(28, 44)
-> Request 4
1186
(1, 3, 1)
3
(66, 8)
-> Request 5
1326
(4, 2, 2)
1
(67, 43)
--> Day : 3
-> Request 0
277
(2, 2, 2)
2
(78, 12)
-> Request 1
327
(2, 3, 1)
3
(39, 27)
-> Request 2
378
(2, 2, 2)
2
(28, 71)
-> Request 3
562
(4, 1, 1)
2
(63, 63)
-> Request 4
566
(2, 1, 2)
1
(63, 79)
-> Request 5
732
(2, 1, 1)
3
(4, 17)
-> Request 6
1240
(3, 3, 1)
3
(59, 17)
-> Request 7
1349
(2, 1, 2)
1
(62, 69)
--> Day : 4
-> Request 0
64
(4, 3, 2)
1
(72, 70)
-> Request 1
119
(2, 2, 1)
2
(27, 39)
-> Request 2
154
(4, 3, 2)
2
(46, 73)
-> Request 3
321
(1, 3, 2)
3
(74, 33)
-> Request 4
481
(3, 2, 1)
2
(43, 51)
-> Request 5
534
(2, 2, 2)
1
(54, 30)
-> Request 6
1022
(3, 3, 1)
2
(41, 52)
-> Request 7
1164
(2, 2, 2)
3
(3, 62)
---> Week : 24
--> Day : 0
-> Request 0
157
(3, 2, 1)
3
(58, 13)
-> Request 1
437
(3, 2, 1)
3
(43, 58)
-> Request 2
449
(4, 1, 2)
2
(20, 78)
-> Request 3
612
(3, 2, 2)
1
(72, 58)
-> Request 4
668
(3, 1, 2)
3
(24, 6)
-> Request 5
671
(4, 2, 1)
2
(13, 31)
-> Request 6
740
(2, 2, 2)
3
(68, 30)
-> Request 7
909
(4, 3, 2)
3
(47, 60)
-> Request 8
1093
(4, 1, 2)
3
(24, 68)
-> Request 9
1328
(2, 3, 2)
3
(8, 11)
--> Day : 1
-> Request 0
33
(1, 1, 1)
3
(15, 70)
-> Request 1
60
(1, 2, 1)
1
(60, 17)
-> Request 2
298
(1, 2, 1)
3
(0, 30)
-> Request 3
324
(1, 3, 2)
3
(2, 14)
-> Request 4
687
(1, 1, 2)
2
(19, 57)
-> Request 5
1164
(1, 1, 2)
2
(45, 59)
-> Request 6
1329
(3, 3, 1)
2
(74, 17)
-> Request 7
1382
(2, 1, 2)
1
(9, 73)
--> Day : 2
-> Request 0
213
(3, 1, 2)
2
(49, 38)
-> Request 1
233
(1, 1, 2)
3
(59, 26)
-> Request 2
252
(2, 1, 2)
3
(70, 62)
-> Request 3
306
(1, 1, 1)
2
(75, 24)
-> Request 4
619
(2, 2, 2)
3
(27, 69)
-> Request 5
627
(1, 3, 1)
3
(9, 35)
-> Request 6
835
(1, 1, 2)
2
(9, 10)
-> Request 7
926
(1, 2, 1)
1
(10, 60)
-> Request 8
1037
(2, 2, 1)
2
(75, 71)
-> Request 9
1046
(4, 3, 2)
2
(29, 37)
--> Day : 3
-> Request 0
357
(1, 3, 2)
2
(53, 66)
-> Request 1
609
(2, 2, 1)
1
(26, 2)
-> Request 2
1059
(2, 1, 1)
2
(77, 70)
-> Request 3
1075
(3, 1, 1)
2
(70, 37)
-> Request 4
1104
(4, 2, 2)
2
(43, 61)
--> Day : 4
-> Request 0
253
(4, 1, 2)
3
(70, 67)
-> Request 1
489
(4, 3, 1)
3
(29, 33)
-> Request 2
520
(3, 1, 1)
1
(77, 37)
-> Request 3
653
(2, 3, 2)
3
(19, 3)
-> Request 4
657
(1, 3, 2)
3
(19, 1)
-> Request 5
756
(1, 2, 2)
3
(77, 24)
-> Request 6
804
(1, 2, 1)
1
(39, 0)
-> Request 7
1178
(4, 3, 2)
3
(55, 59)
-> Request 8
1243
(2, 3, 2)
3
(66, 5)
-> Request 9
1393
(1, 3, 2)
2
(42, 1)
---> Week : 25
--> Day : 0
-> Request 0
66
(4, 3, 2)
1
(51, 10)
-> Request 1
258
(1, 1, 2)
3
(41, 62)
-> Request 2
299
(4, 1, 2)
3
(42, 27)
-> Request 3
624
(1, 3, 1)
1
(9, 17)
-> Request 4
733
(1, 3, 1)
1
(54, 68)
-> Request 5
828
(3, 2, 1)
2
(48, 70)
-> Request 6
972
(3, 3, 1)
2
(62, 10)
-> Request 7
1083
(4, 1, 2)
2
(68, 66)
--> Day : 1
-> Request 0
361
(2, 1, 2)
1
(57, 58)
-> Request 1
673
(1, 1, 2)
2
(37, 7)
-> Request 2
789
(1, 2, 2)
2
(5, 50)
-> Request 3
1252
(3, 3, 1)
2
(53, 31)
-> Request 4
1266
(4, 1, 2)
2
(42, 50)
-> Request 5
1283
(3, 1, 2)
1
(67, 9)
-> Request 6
1407
(1, 3, 2)
1
(7, 49)
--> Day : 2
-> Request 0
139
(4, 1, 2)
2
(17, 29)
-> Request 1
161
(2, 1, 1)
3
(79, 73)
-> Request 2
485
(3, 2, 1)
2
(12, 33)
-> Request 3
496
(3, 2, 2)
2
(70, 63)
-> Request 4
502
(3, 2, 2)
3
(12, 6)
-> Request 5
515
(1, 2, 1)
1
(6, 29)
-> Request 6
565
(4, 3, 1)
2
(61, 1)
-> Request 7
658
(4, 3, 2)
1
(34, 71)
-> Request 8
677
(4, 3, 1)
3
(42, 39)
-> Request 9
718
(4, 3, 1)
2
(57, 73)
-> Request 10
746
(3, 1, 2)
3
(19, 64)
-> Request 11
836
(2, 3, 1)
2
(21, 21)
-> Request 12
1111
(4, 3, 2)
3
(54, 28)
-> Request 13
1209
(1, 3, 1)
1
(51, 34)
-> Request 14
1275
(2, 1, 1)
2
(57, 53)
-> Request 15
1384
(4, 3, 2)
3
(20, 70)
--> Day : 3
-> Request 0
283
(1, 1, 2)
2
(25, 66)
-> Request 1
283
(4, 1, 2)
2
(26, 79)
-> Request 2
380
(1, 2, 1)
3
(24, 78)
-> Request 3
457
(4, 1, 2)
3
(9, 78)
-> Request 4
505
(1, 2, 1)
1
(57, 57)
--> Day : 4
-> Request 0
211
(3, 2, 2)
3
(54, 47)
-> Request 1
272
(1, 3, 1)
3
(75, 37)
-> Request 2
687
(2, 3, 2)
1
(42, 16)
-> Request 3
1168
(1, 3, 2)
2
(20, 20)
-> Request 4
1281
(2, 2, 1)
2
(70, 62)
-> Request 5
1407
(2, 3, 2)
2
(49, 33)
---> Week : 26
--> Day : 0
-> Request 0
51
(3, 2, 1)
2
(38, 10)
-> Request 1
338
(1, 2, 1)
3
(10, 15)
-> Request 2
526
(4, 3, 2)
1
(60, 1)
-> Request 3
566
(1, 3, 1)
3
(23, 13)
-> Request 4
722
(2, 2, 2)
1
(26, 30)
-> Request 5
908
(4, 3, 2)
2
(44, 45)
-> Request 6
1200
(1, 1, 1)
3
(57, 73)
-> Request 7
1356
(2, 1, 2)
2
(71, 69)
--> Day : 1
-> Request 0
58
(2, 2, 2)
2
(25, 13)
-> Request 1
288
(2, 1, 2)
3
(67, 0)
-> Request 2
393
(4, 2, 1)
2
(63, 40)
-> Request 3
455
(2, 1, 1)
3
(20, 39)
-> Request 4
485
(1, 2, 1)
3
(73, 36)
-> Request 5
536
(4, 3, 1)
2
(60, 13)
-> Request 6
672
(1, 2, 1)
1
(30, 10)
-> Request 7
765
(4, 3, 2)
3
(35, 69)
-> Request 8
818
(3, 3, 1)
2
(9, 56)
-> Request 9
902
(3, 2, 1)
1
(3, 44)
-> Request 10
1011
(3, 2, 2)
3
(53, 73)
-> Request 11
1041
(4, 2, 1)
3
(11, 31)
-> Request 12
1097
(2, 2, 2)
3
(14, 21)
-> Request 13
1165
(2, 3, 2)
3
(63, 25)
-> Request 14
1247
(3, 2, 1)
2
(79, 43)
-> Request 15
1329
(1, 1, 1)
3
(23, 8)
--> Day : 2
-> Request 0
216
(2, 3, 1)
3
(58, 16)
-> Request 1
230
(4, 1, 2)
3
(63, 41)
-> Request 2
277
(1, 2, 2)
2
(68, 12)
-> Request 3
331
(3, 2, 2)
1
(65, 33)
-> Request 4
564
(2, 2, 1)
2
(76, 63)
-> Request 5
777
(3, 3, 1)
1
(5, 35)
-> Request 6
867
(2, 2, 2)
1
(57, 75)
-> Request 7
950
(2, 2, 2)
1
(47, 5)
-> Request 8
1211
(4, 3, 2)
1
(39, 70)
--> Day : 3
-> Request 0
46
(3, 3, 1)
3
(72, 57)
-> Request 1
282
(2, 1, 2)
1
(21, 38)
-> Request 2
340
(3, 1, 1)
3
(24, 75)
-> Request 3
808
(1, 3, 2)
1
(73, 69)
-> Request 4
1297
(3, 1, 1)
2
(26, 2)
-> Request 5
1359
(2, 3, 2)
3
(74, 16)
-> Request 6
1411
(4, 1, 2)
1
(48, 77)
--> Day : 4
-> Request 0
182
(4, 2, 2)
2
(11, 46)
-> Request 1
207
(4, 3, 2)
2
(11, 72)
-> Request 2
242
(2, 3, 2)
3
(50, 10)
-> Request 3
468
(3, 3, 2)
3
(43, 7)
-> Request 4
526
(4, 2, 1)
2
(64, 44)
-> Request 5
601
(3, 3, 2)
1
(68, 73)
-> Request 6
604
(1, 3, 1)
1
(9, 62)
-> Request 7
639
(2, 3, 2)
3
(29, 67)
-> Request 8
744
(2, 2, 1)
2
(4, 23)
-> Request 9
892
(2, 3, 1)
1
(67, 9)
-> Request 10
1008
(2, 3, 2)
1
(18, 71)
-> Request 11
1030
(2, 3, 1)
3
(39, 31)
-> Request 12
1069
(4, 2, 2)
3
(10, 9)
-> Request 13
1116
(2, 2, 2)
3
(53, 58)
-> Request 14
1248
(3, 3, 1)
2
(16, 66)
-> Request 15
1248
(2, 1, 2)
1
(9, 7)
-> Request 16
1434
(4, 3, 2)
1
(58, 71)
---> Week : 27
--> Day : 0
-> Request 0
131
(3, 1, 2)
1
(16, 31)
-> Request 1
214
(1, 1, 2)
1
(9, 35)
-> Request 2
351
(1, 1, 1)
1
(72, 60)
-> Request 3
475
(4, 2, 1)
2
(35, 30)
-> Request 4
956
(1, 2, 2)
2
(71, 40)
-> Request 5
1090
(1, 2, 2)
3
(45, 40)
-> Request 6
1125
(4, 3, 1)
1
(70, 74)
-> Request 7
1274
(2, 2, 1)
2
(15, 73)
-> Request 8
1370
(1, 3, 2)
2
(47, 73)
-> Request 9
1394
(1, 1, 1)
1
(16, 68)
-> Request 10
1414
(2, 3, 1)
3
(8, 32)
--> Day : 1
-> Request 0
177
(1, 3, 2)
2
(15, 32)
-> Request 1
299
(4, 2, 1)
3
(62, 27)
-> Request 2
478
(4, 3, 2)
2
(11, 47)
-> Request 3
494
(1, 1, 1)
1
(53, 32)
-> Request 4
527
(3, 2, 1)
1
(1, 43)
-> Request 5
665
(4, 1, 1)
2
(75, 46)
-> Request 6
692
(1, 2, 1)
3
(59, 19)
-> Request 7
748
(2, 3, 2)
2
(32, 24)
-> Request 8
753
(3, 1, 2)
2
(5, 58)
-> Request 9
998
(3, 3, 2)
3
(31, 26)
-> Request 10
1085
(1, 3, 1)
2
(4, 73)
-> Request 11
1253
(1, 1, 1)
1
(10, 46)
--> Day : 2
-> Request 0
93
(4, 3, 1)
2
(53, 70)
-> Request 1
264
(1, 3, 1)
3
(46, 59)
-> Request 2
502
(2, 2, 2)
3
(60, 10)
-> Request 3
671
(4, 1, 1)
1
(44, 38)
-> Request 4
708
(4, 1, 1)
2
(70, 40)
-> Request 5
709
(1, 1, 2)
1
(63, 13)
-> Request 6
723
(3, 1, 2)
3
(29, 54)
-> Request 7
1414
(4, 3, 2)
2
(17, 13)
--> Day : 3
-> Request 0
51
(2, 1, 2)
2
(43, 79)
-> Request 1
157
(3, 1, 1)
2
(33, 14)
-> Request 2
323
(3, 3, 1)
3
(45, 9)
-> Request 3
419
(1, 1, 1)
3
(5, 19)
-> Request 4
462
(4, 1, 2)
3
(27, 47)
-> Request 5
476
(3, 2, 2)
2
(29, 18)
-> Request 6
590
(2, 2, 2)
1
(49, 39)
-> Request 7
874
(3, 1, 1)
3
(35, 33)
-> Request 8
1213
(4, 1, 1)
1
(75, 61)
-> Request 9
1274
(1, 3, 2)
1
(2, 72)
-> Request 10
1287
(3, 1, 1)
3
(52, 63)
-> Request 11
1438
(1, 3, 2)
1
(13, 67)
--> Day : 4
-> Request 0
131
(3, 3, 1)
1
(48, 60)
-> Request 1
245
(3, 3, 2)
3
(57, 77)
-> Request 2
461
(3, 3, 1)
3
(32, 25)
-> Request 3
610
(1, 1, 1)
1
(0, 19)
-> Request 4
1099
(3, 2, 2)
2
(21, 44)
-> Request 5
1248
(1, 1, 2)
2
(47, 4)
-> Request 6
1369
(3, 2, 2)
1
(60, 50)
-> Request 7
1397
(3, 2, 1)
1
(2, 1)
-> Request 8
1415
(4, 3, 1)
3
(26, 24)
---> Week : 28
--> Day : 0
-> Request 0
160
(3, 1, 2)
2
(16, 55)
-> Request 1
365
(3, 1, 1)
2
(76, 25)
-> Request 2
471
(2, 2, 1)
3
(37, 69)
-> Request 3
544
(3, 2, 2)
1
(43, 56)
-> Request 4
568
(1, 3, 2)
2
(26, 54)
-> Request 5
571
(1, 3, 2)
3
(72, 54)
-> Request 6
589
(1, 2, 1)
3
(77, 3)
-> Request 7
592
(3, 2, 2)
3
(67, 2)
-> Request 8
965
(1, 1, 2)
1
(36, 1)
-> Request 9
970
(2, 2, 1)
3
(6, 71)
-> Request 10
1039
(4, 1, 2)
3
(36, 8)
-> Request 11
1132
(4, 2, 2)
3
(45, 8)
-> Request 12
1174
(1, 3, 2)
3
(53, 58)
-> Request 13
1236
(2, 2, 1)
3
(43, 41)
-> Request 14
1256
(3, 3, 1)
2
(7, 36)
-> Request 15
1435
(2, 2, 2)
2
(51, 28)
--> Day : 1
-> Request 0
18
(2, 3, 1)
2
(8, 51)
-> Request 1
40
(4, 2, 1)
1
(50, 24)
-> Request 2
114
(3, 3, 2)
3
(58, 37)
-> Request 3
160
(3, 1, 1)
3
(72, 73)
-> Request 4
212
(2, 1, 2)
1
(74, 35)
-> Request 5
351
(3, 3, 2)
2
(31, 20)
-> Request 6
405
(3, 1, 2)
3
(14, 76)
-> Request 7
470
(2, 3, 1)
2
(32, 70)
-> Request 8
595
(3, 2, 1)
1
(58, 21)
-> Request 9
853
(2, 3, 1)
2
(7, 73)
-> Request 10
1041
(2, 1, 2)
1
(55, 2)
-> Request 11
1120
(1, 1, 1)
1
(70, 40)
-> Request 12
1329
(2, 3, 2)
3
(79, 67)
--> Day : 2
-> Request 0
160
(3, 2, 1)
1
(26, 63)
-> Request 1
293
(3, 2, 2)
3
(61, 64)
-> Request 2
325
(3, 2, 2)
2
(43, 21)
-> Request 3
339
(2, 2, 2)
1
(11, 66)
-> Request 4
344
(1, 2, 1)
1
(62, 29)
-> Request 5
522
(2, 3, 1)
3
(54, 3)
-> Request 6
530
(3, 2, 2)
3
(76, 72)
-> Request 7
588
(3, 2, 2)
2
(50, 30)
-> Request 8
610
(2, 1, 1)
1
(13, 7)
-> Request 9
767
(3, 2, 2)
2
(25, 47)
-> Request 10
854
(2, 1, 1)
2
(0, 62)
-> Request 11
933
(2, 3, 1)
3
(56, 63)
-> Request 12
1170
(4, 3, 1)
1
(64, 71)
-> Request 13
1171
(2, 2, 1)
3
(51, 54)
-> Request 14
1362
(1, 3, 2)
3
(41, 58)
--> Day : 3
-> Request 0
107
(1, 2, 1)
1
(25, 62)
-> Request 1
168
(1, 2, 2)
2
(74, 56)
-> Request 2
567
(4, 3, 1)
1
(20, 3)
-> Request 3
755
(1, 1, 2)
1
(2, 45)
-> Request 4
1057
(1, 3, 1)
3
(71, 41)
-> Request 5
1315
(4, 2, 1)
3
(2, 30)
-> Request 6
1338
(2, 3, 2)
2
(2, 2)
-> Request 7
1432
(1, 2, 2)
1
(48, 70)
--> Day : 4
-> Request 0
27
(4, 2, 2)
3
(75, 9)
-> Request 1
201
(1, 3, 2)
2
(8, 3)
-> Request 2
376
(1, 2, 2)
3
(46, 46)
-> Request 3
806
(2, 1, 1)
2
(49, 12)
-> Request 4
819
(1, 1, 1)
1
(8, 22)
-> Request 5
840
(2, 1, 2)
1
(36, 65)
-> Request 6
978
(1, 3, 1)
1
(45, 6)
-> Request 7
1125
(4, 3, 2)
2
(21, 22)
-> Request 8
1165
(1, 3, 1)
3
(68, 47)
-> Request 9
1353
(2, 3, 1)
2
(70, 61)
---> Week : 29
--> Day : 0
-> Request 0
366
(1, 2, 1)
3
(18, 30)
-> Request 1
375
(4, 2, 2)
3
(3, 51)
-> Request 2
482
(4, 3, 2)
1
(13, 68)
-> Request 3
484
(4, 1, 2)
3
(31, 35)
-> Request 4
802
(3, 2, 2)
3
(74, 1)
-> Request 5
843
(1, 2, 2)
3
(45, 29)
-> Request 6
843
(1, 3, 2)
1
(28, 67)
-> Request 7
871
(2, 1, 1)
3
(31, 9)
-> Request 8
1162
(3, 1, 1)
1
(33, 9)
-> Request 9
1209
(3, 1, 2)
1
(36, 38)
-> Request 10
1382
(3, 1, 2)
2
(55, 20)
--> Day : 1
-> Request 0
96
(3, 2, 1)
2
(40, 73)
-> Request 1
313
(4, 1, 2)
2
(69, 35)
-> Request 2
320
(1, 1, 1)
1
(77, 64)
-> Request 3
444
(4, 1, 1)
3
(67, 28)
-> Request 4
448
(3, 1, 1)
2
(9, 71)
-> Request 5
555
(4, 3, 1)
2
(79, 21)
-> Request 6
647
(1, 1, 1)
2
(64, 15)
-> Request 7
1022
(4, 2, 2)
2
(0, 71)
-> Request 8
1086
(4, 2, 2)
1
(45, 15)
-> Request 9
1144
(4, 1, 1)
3
(5, 76)
-> Request 10
1176
(4, 2, 1)
3
(58, 58)
-> Request 11
1179
(1, 1, 2)
1
(67, 50)
-> Request 12
1229
(4, 1, 2)
3
(1, 70)
-> Request 13
1399
(2, 1, 2)
3
(5, 72)
--> Day : 2
-> Request 0
50
(3, 3, 1)
1
(3, 30)
-> Request 1
345
(2, 2, 1)
2
(62, 45)
-> Request 2
518
(1, 1, 2)
1
(19, 33)
-> Request 3
527
(1, 2, 2)
3
(71, 22)
-> Request 4
600
(3, 1, 1)
1
(72, 63)
-> Request 5
854
(2, 2, 2)
1
(61, 56)
-> Request 6
898
(3, 1, 1)
1
(56, 17)
-> Request 7
930
(1, 1, 2)
3
(56, 45)
-> Request 8
1046
(4, 3, 1)
1
(35, 31)
-> Request 9
1197
(4, 3, 2)
2
(46, 13)
--> Day : 3
-> Request 0
50
(1, 1, 1)
2
(4, 66)
-> Request 1
164
(3, 3, 1)
2
(17, 1)
-> Request 2
547
(3, 1, 2)
1
(47, 43)
-> Request 3
583
(3, 2, 2)
3
(5, 75)
-> Request 4
621
(1, 1, 2)
2
(32, 0)
-> Request 5
637
(2, 2, 1)
3
(54, 3)
-> Request 6
740
(4, 1, 1)
1
(59, 11)
-> Request 7
1232
(1, 3, 1)
3
(33, 74)
-> Request 8
1232
(2, 1, 2)
2
(55, 21)
-> Request 9
1287
(1, 1, 1)
2
(36, 7)
--> Day : 4
-> Request 0
99
(2, 1, 2)
1
(38, 69)
-> Request 1
175
(4, 2, 1)
1
(27, 32)
-> Request 2
214
(4, 2, 1)
1
(54, 69)
-> Request 3
351
(3, 3, 1)
1
(73, 50)
-> Request 4
494
(2, 1, 1)
2
(55, 51)
-> Request 5
724
(1, 1, 1)
2
(1, 45)
-> Request 6
954
(1, 2, 2)
1
(51, 28)
-> Request 7
971
(4, 2, 1)
1
(63, 72)
-> Request 8
1001
(1, 1, 2)
2
(25, 40)
-> Request 9
1030
(2, 1, 2)
3
(3, 59)
-> Request 10
1108
(3, 2, 1)
3
(39, 14)
-> Request 11
1200
(1, 1, 2)
1
(69, 10)
---> Week : 30
--> Day : 0
-> Request 0
14
(1, 1, 2)
2
(55, 2)
-> Request 1
36
(2, 3, 2)
2
(31, 27)
-> Request 2
86
(3, 1, 2)
1
(32, 69)
-> Request 3
204
(3, 3, 1)
2
(47, 46)
-> Request 4
632
(2, 2, 2)
2
(23, 0)
-> Request 5
747
(4, 1, 2)
2
(79, 32)
-> Request 6
1353
(1, 2, 1)
1
(31, 72)
-> Request 7
1356
(1, 1, 2)
1
(78, 30)
--> Day : 1
-> Request 0
82
(4, 1, 1)
3
(8, 43)
-> Request 1
97
(2, 3, 2)
2
(8, 67)
-> Request 2
398
(1, 3, 2)
2
(49, 6)
-> Request 3
509
(1, 3, 1)
2
(62, 11)
-> Request 4
604
(3, 3, 2)
1
(62, 26)
-> Request 5
677
(3, 1, 1)
3
(19, 4)
-> Request 6
926
(1, 3, 1)
1
(30, 0)
-> Request 7
1038
(3, 3, 2)
2
(21, 27)
-> Request 8
1096
(2, 1, 1)
2
(79, 7)
-> Request 9
1189
(4, 3, 1)
3
(73, 18)
-> Request 10
1274
(1, 3, 1)
1
(53, 62)
-> Request 11
1319
(2, 1, 1)
3
(34, 3)
--> Day : 2
-> Request 0
90
(4, 3, 2)
3
(66, 23)
-> Request 1
275
(4, 3, 1)
3
(78, 49)
-> Request 2
410
(2, 1, 2)
1
(74, 74)
-> Request 3
473
(2, 3, 2)
1
(30, 76)
-> Request 4
1188
(2, 2, 1)
1
(22, 79)
-> Request 5
1208
(1, 3, 2)
1
(33, 27)
-> Request 6
1266
(4, 1, 1)
2
(1, 36)
-> Request 7
1304
(3, 2, 2)
2
(39, 41)
-> Request 8
1308
(1, 1, 1)
3
(78, 51)
-> Request 9
1437
(2, 1, 1)
3
(43, 6)
--> Day : 3
-> Request 0
56
(2, 1, 2)
3
(64, 55)
-> Request 1
85
(4, 2, 1)
3
(25, 18)
-> Request 2
123
(2, 3, 2)
3
(19, 77)
-> Request 3
246
(4, 2, 2)
1
(53, 77)
-> Request 4
356
(3, 2, 1)
3
(63, 26)
-> Request 5
397
(2, 3, 2)
3
(38, 59)
-> Request 6
526
(2, 2, 2)
2
(21, 16)
-> Request 7
533
(3, 1, 2)
2
(62, 9)
-> Request 8
556
(2, 3, 2)
1
(7, 31)
-> Request 9
575
(3, 2, 2)
1
(77, 70)
-> Request 10
579
(1, 3, 2)
2
(74, 38)
-> Request 11
609
(1, 3, 2)
3
(58, 45)
-> Request 12
613
(1, 2, 2)
3
(35, 59)
-> Request 13
673
(1, 2, 1)
2
(9, 8)
-> Request 14
749
(2, 1, 1)
3
(47, 26)
-> Request 15
862
(2, 1, 2)
3
(12, 45)
-> Request 16
878
(4, 1, 1)
2
(77, 29)
-> Request 17
1045
(2, 1, 1)
2
(75, 47)
-> Request 18
1048
(3, 1, 2)
2
(57, 47)
--> Day : 4
-> Request 0
19
(4, 3, 1)
1
(60, 33)
-> Request 1
64
(4, 2, 1)
3
(73, 70)
-> Request 2
97
(1, 3, 2)
1
(75, 22)
-> Request 3
128
(4, 2, 1)
1
(3, 65)
-> Request 4
313
(4, 1, 1)
1
(76, 2)
-> Request 5
387
(3, 3, 2)
3
(79, 24)
-> Request 6
395
(4, 3, 2)
3
(52, 25)
-> Request 7
654
(4, 1, 2)
1
(4, 56)
-> Request 8
671
(4, 3, 2)
3
(8, 51)
-> Request 9
874
(2, 2, 2)
3
(17, 50)
-> Request 10
910
(2, 3, 2)
3
(44, 26)
-> Request 11
1133
(3, 2, 2)
1
(1, 33)
-> Request 12
1157
(2, 3, 1)
2
(67, 23)
-> Request 13
1228
(1, 2, 2)
1
(29, 20)
-> Request 14
1410
(1, 1, 1)
2
(47, 25)
---> Week : 31
--> Day : 0
-> Request 0
47
(2, 2, 2)
2
(78, 78)
-> Request 1
396
(1, 1, 2)
1
(19, 19)
-> Request 2
867
(3, 3, 1)
2
(64, 8)
-> Request 3
1222
(4, 2, 1)
3
(33, 67)
-> Request 4
1389
(2, 3, 1)
3
(2, 11)
--> Day : 1
-> Request 0
26
(4, 1, 2)
1
(12, 52)
-> Request 1
266
(4, 3, 1)
1
(27, 78)
-> Request 2
388
(1, 3, 2)
3
(70, 64)
-> Request 3
800
(3, 3, 1)
1
(17, 43)
-> Request 4
1102
(3, 1, 1)
1
(12, 7)
-> Request 5
1180
(2, 3, 2)
2
(54, 2)
-> Request 6
1217
(2, 2, 2)
3
(76, 0)
-> Request 7
1390
(1, 2, 1)
1
(63, 74)
--> Day : 2
-> Request 0
130
(4, 2, 1)
2
(30, 48)
-> Request 1
582
(4, 3, 2)
3
(17, 1)
-> Request 2
812
(4, 2, 2)
1
(61, 17)
-> Request 3
1276
(3, 2, 2)
2
(44, 56)
-> Request 4
1362
(1, 3, 1)
3
(43, 58)
-> Request 5
1374
(1, 3, 1)
2
(65, 18)
--> Day : 3
-> Request 0
60
(4, 1, 1)
2
(61, 65)
-> Request 1
72
(3, 3, 2)
2
(22, 69)
-> Request 2
265
(1, 3, 1)
2
(20, 10)
-> Request 3
391
(4, 1, 1)
2
(31, 41)
-> Request 4
617
(3, 1, 2)
1
(10, 75)
-> Request 5
666
(4, 2, 2)
3
(51, 50)
-> Request 6
897
(1, 1, 1)
2
(69, 57)
-> Request 7
939
(1, 2, 2)
3
(9, 77)
-> Request 8
1378
(2, 2, 2)
1
(59, 78)
--> Day : 4
-> Request 0
127
(4, 2, 2)
3
(4, 40)
-> Request 1
1091
(1, 1, 1)
1
(79, 12)
-> Request 2
1261
(3, 2, 1)
2
(11, 10)
-> Request 3
1283
(2, 2, 1)
1
(41, 8)
-> Request 4
1421
(2, 1, 2)
3
(78, 77)
-> Request 5
1428
(1, 2, 2)
2
(29, 59)
---> Week : 32
--> Day : 0
-> Request 0
29
(2, 3, 2)
3
(22, 39)
-> Request 1
157
(4, 3, 2)
3
(29, 34)
-> Request 2
469
(2, 1, 2)
2
(28, 25)
-> Request 3
753
(4, 1, 1)
2
(25, 54)
-> Request 4
908
(4, 2, 2)
3
(74, 36)
-> Request 5
1168
(2, 1, 1)
3
(24, 63)
-> Request 6
1242
(3, 2, 2)
2
(17, 26)
-> Request 7
1318
(3, 1, 1)
3
(63, 8)
--> Day : 1
-> Request 0
3
(3, 1, 1)
2
(48, 26)
-> Request 1
83
(4, 1, 2)
2
(78, 30)
-> Request 2
307
(3, 2, 2)
2
(50, 50)
-> Request 3
464
(4, 3, 1)
2
(73, 40)
-> Request 4
475
(4, 1, 2)
1
(58, 21)
-> Request 5
714
(2, 2, 2)
3
(26, 37)
-> Request 6
838
(4, 2, 1)
1
(0, 30)
-> Request 7
850
(3, 1, 1)
3
(30, 11)
-> Request 8
907
(1, 1, 1)
2
(68, 36)
-> Request 9
1329
(2, 2, 1)
2
(77, 64)
-> Request 10
1363
(1, 2, 1)
2
(43, 18)
--> Day : 2
-> Request 0
255
(2, 1, 1)
3
(32, 56)
-> Request 1
414
(2, 3, 1)
1
(79, 48)
-> Request 2
580
(4, 3, 1)
3
(35, 10)
-> Request 3
650
(1, 1, 1)
3
(13, 77)
-> Request 4
660
(4, 1, 1)
1
(39, 50)
-> Request 5
668
(2, 2, 1)
1
(44, 7)
-> Request 6
837
(1, 2, 1)
2
(78, 12)
-> Request 7
877
(4, 3, 1)
2
(34, 46)
-> Request 8
947
(1, 2, 2)
2
(37, 63)
-> Request 9
1013
(2, 2, 1)
1
(1, 17)
-> Request 10
1078
(1, 3, 1)
1
(32, 45)
-> Request 11
1228
(2, 1, 1)
3
(26, 38)
-> Request 12
1297
(2, 3, 1)
2
(38, 0)
--> Day : 3
-> Request 0
245
(4, 3, 1)
2
(22, 8)
-> Request 1
245
(4, 1, 2)
1
(5, 64)
-> Request 2
335
(4, 3, 2)
1
(12, 59)
-> Request 3
547
(4, 1, 2)
1
(21, 32)
-> Request 4
571
(4, 3, 2)
1
(17, 25)
-> Request 5
609
(2, 3, 1)
3
(33, 39)
-> Request 6
663
(1, 3, 1)
2
(38, 67)
-> Request 7
796
(3, 3, 2)
3
(66, 65)
-> Request 8
879
(4, 1, 1)
2
(54, 32)
-> Request 9
942
(3, 1, 1)
2
(25, 77)
-> Request 10
947
(1, 1, 2)
2
(47, 27)
-> Request 11
954
(1, 2, 1)
3
(69, 11)
-> Request 12
1074
(3, 3, 2)
2
(30, 75)
-> Request 13
1101
(2, 3, 2)
1
(1, 48)
-> Request 14
1258
(4, 1, 2)
3
(12, 72)
--> Day : 4
-> Request 0
64
(1, 3, 1)
1
(47, 24)
-> Request 1
263
(3, 3, 1)
2
(65, 21)
-> Request 2
479
(4, 3, 2)
3
(7, 37)
-> Request 3
567
(1, 3, 2)
3
(79, 44)
-> Request 4
603
(2, 1, 2)
2
(30, 54)
-> Request 5
617
(1, 2, 2)
3
(19, 52)
-> Request 6
769
(1, 2, 1)
3
(78, 78)
-> Request 7
989
(2, 1, 2)
2
(15, 27)
-> Request 8
1065
(4, 3, 2)
3
(79, 79)
-> Request 9
1218
(3, 2, 2)
1
(35, 46)
-> Request 10
1219
(3, 3, 2)
2
(13, 43)
-> Request 11
1220
(2, 1, 1)
1
(77, 19)
-> Request 12
1331
(2, 3, 1)
3
(21, 23)
-> Request 13
1403
(1, 1, 2)
1
(7, 33)
---> Week : 33
--> Day : 0
-> Request 0
306
(4, 2, 2)
1
(23, 65)
-> Request 1
371
(3, 3, 1)
2
(14, 38)
-> Request 2
555
(3, 1, 1)
3
(4, 64)
-> Request 3
596
(2, 3, 2)
2
(42, 45)
-> Request 4
1398
(1, 3, 1)
2
(28, 31)
--> Day : 1
-> Request 0
189
(2, 1, 1)
3
(30, 41)
-> Request 1
255
(4, 1, 2)
3
(78, 42)
-> Request 2
257
(2, 3, 1)
2
(21, 10)
-> Request 3
267
(4, 3, 2)
3
(10, 77)
-> Request 4
327
(3, 2, 1)
3
(55, 6)
-> Request 5
385
(3, 2, 1)
2
(7, 74)
-> Request 6
523
(3, 2, 1)
1
(2, 60)
-> Request 7
578
(3, 1, 2)
1
(67, 47)
-> Request 8
750
(3, 3, 1)
2
(26, 45)
-> Request 9
784
(3, 2, 2)
2
(76, 51)
-> Request 10
789
(2, 1, 1)
1
(25, 37)
--> Day : 2
-> Request 0
229
(4, 3, 2)
2
(67, 30)
-> Request 1
602
(1, 3, 2)
3
(79, 41)
-> Request 2
731
(2, 2, 1)
1
(26, 57)
-> Request 3
889
(2, 2, 2)
3
(19, 46)
-> Request 4
1154
(3, 1, 1)
1
(40, 68)
-> Request 5
1182
(4, 2, 1)
2
(58, 2)
--> Day : 3
-> Request 0
342
(3, 2, 2)
3
(2, 33)
-> Request 1
486
(3, 3, 1)
1
(15, 48)
-> Request 2
828
(3, 1, 1)
1
(63, 5)
-> Request 3
848
(3, 1, 1)
3
(11, 67)
-> Request 4
1140
(2, 3, 1)
1
(69, 27)
-> Request 5
1353
(1, 3, 1)
1
(58, 34)
-> Request 6
1385
(4, 1, 2)
3
(38, 25)
-> Request 7
1434
(3, 3, 2)
1
(8, 48)
--> Day : 4
-> Request 0
115
(2, 1, 2)
2
(47, 5)
-> Request 1
254
(2, 2, 2)
3
(56, 71)
-> Request 2
289
(3, 2, 2)
1
(1, 71)
-> Request 3
303
(1, 3, 1)
1
(9, 37)
-> Request 4
561
(3, 1, 2)
2
(23, 78)
-> Request 5
1438
(3, 3, 1)
3
(62, 41)
-> Request 6
1438
(3, 2, 1)
3
(19, 11)
---> Week : 34
--> Day : 0
-> Request 0
169
(3, 3, 1)
1
(32, 77)
-> Request 1
410
(4, 3, 2)
3
(32, 27)
-> Request 2
547
(4, 3, 1)
3
(35, 79)
-> Request 3
667
(3, 2, 2)
2
(58, 23)
-> Request 4
770
(3, 1, 1)
2
(17, 44)
-> Request 5
984
(1, 3, 2)
2
(47, 23)
-> Request 6
1178
(4, 2, 2)
1
(48, 53)
--> Day : 1
-> Request 0
18
(2, 3, 2)
2
(27, 14)
-> Request 1
117
(2, 2, 2)
1
(36, 13)
-> Request 2
149
(4, 1, 1)
1
(69, 19)
-> Request 3
195
(3, 3, 2)
2
(78, 26)
-> Request 4
230
(1, 3, 1)
3
(78, 56)
-> Request 5
386
(4, 1, 1)
1
(76, 34)
-> Request 6
413
(2, 2, 1)
3
(3, 34)
-> Request 7
545
(4, 3, 1)
3
(5, 28)
-> Request 8
562
(2, 3, 1)
2
(4, 47)
-> Request 9
926
(3, 1, 1)
3
(17, 46)
-> Request 10
1097
(2, 2, 1)
2
(26, 47)
-> Request 11
1127
(3, 1, 2)
3
(20, 49)
--> Day : 2
-> Request 0
107
(3, 3, 2)
2
(25, 36)
-> Request 1
208
(2, 2, 2)
3
(49, 62)
-> Request 2
276
(3, 1, 2)
3
(69, 19)
-> Request 3
553
(4, 2, 1)
3
(3, 75)
-> Request 4
657
(4, 3, 1)
1
(8, 1)
-> Request 5
1136
(4, 1, 2)
2
(23, 69)
-> Request 6
1242
(2, 2, 1)
3
(54, 63)
-> Request 7
1273
(2, 2, 2)
3
(46, 63)
-> Request 8
1348
(4, 1, 2)
2
(71, 40)
--> Day : 3
-> Request 0
226
(3, 3, 1)
2
(7, 41)
-> Request 1
450
(3, 2, 2)
1
(64, 31)
-> Request 2
524
(3, 2, 2)
1
(75, 13)
-> Request 3
930
(1, 2, 1)
3
(30, 43)
-> Request 4
1062
(4, 2, 2)
1
(65, 54)
-> Request 5
1287
(2, 3, 1)
3
(19, 79)
-> Request 6
1422
(3, 3, 1)
3
(7, 9)
--> Day : 4
-> Request 0
167
(3, 3, 2)
1
(31, 30)
-> Request 1
223
(4, 2, 1)
2
(20, 11)
-> Request 2
389
(1, 2, 1)
2
(70, 45)
-> Request 3
403
(2, 1, 2)
3
(66, 5)
-> Request 4
420
(1, 1, 2)
2
(27, 59)
-> Request 5
450
(4, 2, 2)
1
(50, 78)
-> Request 6
473
(2, 1, 1)
3
(33, 4)
-> Request 7
487
(2, 3, 2)
3
(28, 5)
-> Request 8
978
(2, 1, 2)
2
(48, 45)
-> Request 9
1161
(2, 2, 2)
1
(40, 4)
-> Request 10
1197
(2, 1, 1)
1
(56, 77)
-> Request 11
1312
(3, 1, 2)
3
(16, 65)
---> Week : 35
--> Day : 0
-> Request 0
47
(4, 2, 2)
2
(2, 71)
-> Request 1
115
(1, 1, 2)
1
(77, 57)
-> Request 2
127
(3, 2, 2)
1
(31, 15)
-> Request 3
132
(3, 2, 1)
2
(3, 2)
-> Request 4
186
(3, 3, 2)
2
(9, 33)
-> Request 5
386
(2, 3, 2)
3
(16, 39)
-> Request 6
595
(2, 2, 2)
3
(73, 56)
-> Request 7
627
(2, 1, 2)
3
(61, 31)
-> Request 8
643
(3, 2, 2)
1
(2, 74)
-> Request 9
1287
(4, 2, 2)
1
(22, 40)
--> Day : 1
-> Request 0
413
(4, 1, 2)
1
(55, 54)
-> Request 1
763
(4, 1, 2)
2
(30, 4)
-> Request 2
864
(2, 1, 2)
2
(36, 21)
-> Request 3
912
(4, 3, 2)
1
(28, 58)
-> Request 4
1032
(2, 1, 1)
1
(58, 13)
-> Request 5
1093
(3, 2, 1)
2
(76, 64)
-> Request 6
1152
(2, 2, 2)
1
(60, 52)
-> Request 7
1203
(1, 1, 2)
1
(32, 61)
--> Day : 2
-> Request 0
27
(3, 2, 1)
1
(11, 79)
-> Request 1
318
(1, 3, 2)
2
(60, 73)
-> Request 2
368
(1, 1, 2)
2
(47, 71)
-> Request 3
848
(2, 2, 2)
1
(42, 2)
-> Request 4
1062
(1, 3, 2)
1
(9, 59)
-> Request 5
1120
(3, 1, 1)
1
(62, 15)
-> Request 6
1142
(3, 1, 1)
3
(27, 0)
-> Request 7
1176
(3, 3, 1)
2
(66, 28)
-> Request 8
1347
(4, 3, 1)
2
(61, 7)
--> Day : 3
-> Request 0
123
(4, 3, 2)
2
(73, 24)
-> Request 1
206
(2, 1, 2)
2
(24, 36)
-> Request 2
266
(3, 2, 2)
3
(22, 40)
-> Request 3
490
(2, 3, 1)
1
(24, 20)
-> Request 4
843
(2, 2, 1)
1
(19, 63)
-> Request 5
999
(4, 2, 1)
2
(31, 48)
-> Request 6
1164
(1, 1, 1)
2
(29, 26)
--> Day : 4
-> Request 0
55
(1, 3, 1)
2
(7, 51)
-> Request 1
326
(4, 3, 1)
1
(7, 65)
-> Request 2
345
(4, 1, 2)
3
(27, 5)
-> Request 3
452
(1, 2, 2)
3
(37, 57)
-> Request 4
750
(2, 3, 1)
1
(0, 49)
-> Request 5
1005
(4, 1, 1)
1
(1, 17)
-> Request 6
1116
(1, 2, 1)
3
(42, 2)
-> Request 7
1133
(4, 3, 2)
1
(15, 51)
-> Request 8
1438
(1, 3, 2)
2
(29, 62)
---> Week : 36
--> Day : 0
-> Request 0
267
(4, 3, 2)
2
(65, 13)
-> Request 1
547
(4, 3, 2)
3
(1, 52)
-> Request 2
549
(2, 3, 1)
1
(3, 66)
-> Request 3
616
(4, 1, 2)
3
(41, 27)
-> Request 4
731
(4, 1, 2)
3
(73, 11)
-> Request 5
900
(4, 1, 1)
1
(28, 8)
-> Request 6
920
(3, 2, 2)
1
(70, 68)
-> Request 7
1064
(1, 2, 2)
1
(10, 11)
-> Request 8
1258
(4, 1, 1)
1
(43, 72)
-> Request 9
1340
(3, 3, 1)
2
(45, 59)
--> Day : 1
-> Request 0
137
(4, 1, 1)
2
(61, 35)
-> Request 1
282
(1, 1, 1)
1
(26, 8)
-> Request 2
414
(2, 2, 1)
3
(9, 9)
-> Request 3
499
(4, 3, 2)
3
(72, 79)
-> Request 4
680
(3, 3, 2)
1
(67, 76)
-> Request 5
700
(2, 2, 2)
2
(60, 1)
-> Request 6
921
(3, 3, 1)
2
(25, 8)
-> Request 7
926
(2, 1, 2)
1
(48, 70)
-> Request 8
949
(2, 1, 1)
3
(15, 57)
-> Request 9
1081
(1, 3, 1)
3
(75, 10)
-> Request 10
1131
(3, 1, 2)
1
(43, 1)
-> Request 11
1334
(3, 2, 2)
3
(61, 34)
-> Request 12
1334
(4, 1, 1)
1
(70, 46)
-> Request 13
1432
(1, 1, 2)
2
(4, 44)
--> Day : 2
-> Request 0
845
(1, 1, 2)
3
(21, 55)
-> Request 1
1037
(1, 1, 1)
1
(78, 70)
-> Request 2
1212
(3, 1, 2)
2
(72, 11)
--> Day : 3
-> Request 0
111
(1, 3, 1)
3
(45, 30)
-> Request 1
336
(2, 2, 2)
2
(17, 13)
-> Request 2
845
(3, 1, 1)
1
(45, 18)
-> Request 3
872
(4, 2, 1)
3
(69, 51)
-> Request 4
892
(2, 1, 2)
2
(64, 20)
-> Request 5
938
(2, 3, 1)
3
(72, 37)
-> Request 6
963
(2, 2, 1)
2
(68, 18)
-> Request 7
1033
(1, 2, 2)
3
(8, 25)
-> Request 8
1183
(2, 1, 2)
3
(23, 3)
-> Request 9
1308
(1, 2, 1)
2
(57, 6)
-> Request 10
1351
(4, 1, 1)
1
(77, 27)
--> Day : 4
-> Request 0
457
(4, 1, 2)
2
(30, 52)
-> Request 1
734
(2, 2, 2)
3
(21, 37)
-> Request 2
996
(1, 2, 1)
3
(70, 13)
---> Week : 37
--> Day : 0
-> Request 0
83
(3, 3, 1)
3
(23, 55)
-> Request 1
185
(1, 2, 1)
3
(10, 46)
-> Request 2
702
(4, 3, 1)
2
(50, 63)
-> Request 3
947
(3, 3, 1)
1
(63, 13)
-> Request 4
1218
(2, 3, 1)
3
(36, 60)
-> Request 5
1263
(3, 2, 2)
2
(3, 72)
-> Request 6
1306
(1, 3, 1)
1
(10, 20)
-> Request 7
1325
(3, 1, 1)
3
(20, 61)
-> Request 8
1436
(3, 2, 1)
1
(0, 52)
--> Day : 1
-> Request 0
46
(2, 3, 2)
1
(38, 25)
-> Request 1
85
(1, 2, 2)
2
(20, 20)
-> Request 2
230
(2, 2, 2)
2
(71, 7)
-> Request 3
745
(1, 2, 1)
3
(6, 56)
-> Request 4
858
(4, 2, 1)
1
(73, 72)
-> Request 5
978
(3, 3, 1)
3
(44, 18)
-> Request 6
1217
(2, 3, 2)
1
(29, 79)
-> Request 7
1326
(1, 1, 2)
3
(72, 72)
--> Day : 2
-> Request 0
509
(3, 1, 2)
1
(35, 51)
-> Request 1
567
(1, 2, 2)
3
(46, 68)
-> Request 2
777
(3, 2, 1)
3
(28, 47)
-> Request 3
795
(2, 1, 2)
3
(22, 2)
-> Request 4
866
(3, 2, 2)
2
(45, 54)
-> Request 5
954
(1, 3, 1)
3
(2, 66)
-> Request 6
967
(1, 2, 1)
1
(62, 42)
-> Request 7
982
(4, 2, 1)
2
(69, 36)
-> Request 8
1038
(3, 1, 2)
2
(15, 59)
-> Request 9
1224
(3, 3, 1)
2
(64, 22)
-> Request 10
1366
(2, 2, 1)
2
(40, 34)
--> Day : 3
-> Request 0
133
(3, 3, 2)
2
(50, 67)
-> Request 1
150
(3, 1, 1)
1
(12, 13)
-> Request 2
463
(1, 1, 2)
3
(43, 16)
-> Request 3
700
(1, 3, 1)
3
(58, 60)
-> Request 4
812
(2, 2, 2)
1
(28, 45)
-> Request 5
859
(2, 1, 2)
3
(69, 38)
-> Request 6
920
(3, 2, 1)
1
(46, 79)
-> Request 7
1017
(3, 2, 1)
1
(77, 68)
-> Request 8
1134
(1, 2, 1)
3
(30, 16)
-> Request 9
1310
(3, 1, 1)
2
(45, 40)
-> Request 10
1337
(4, 3, 1)
3
(49, 59)
--> Day : 4
-> Request 0
70
(2, 3, 1)
1
(9, 60)
-> Request 1
201
(1, 2, 1)
3
(21, 30)
-> Request 2
204
(1, 3, 2)
2
(43, 56)
-> Request 3
208
(3, 3, 1)
3
(63, 77)
-> Request 4
471
(2, 3, 2)
2
(12, 55)
-> Request 5
560
(4, 2, 1)
3
(58, 66)
-> Request 6
994
(3, 1, 1)
3
(44, 0)
-> Request 7
1015
(3, 2, 1)
2
(14, 19)
-> Request 8
1094
(4, 1, 1)
3
(63, 35)
-> Request 9
1138
(4, 3, 1)
3
(37, 14)
---> Week : 38
--> Day : 0
-> Request 0
1
(4, 2, 2)
3
(42, 2)
-> Request 1
131
(3, 3, 1)
3
(72, 21)
-> Request 2
165
(4, 3, 1)
1
(65, 12)
-> Request 3
315
(3, 3, 2)
1
(34, 74)
-> Request 4
614
(1, 2, 1)
2
(28, 57)
-> Request 5
627
(3, 2, 2)
1
(70, 60)
-> Request 6
740
(3, 2, 2)
1
(45, 60)
-> Request 7
753
(4, 2, 1)
2
(45, 74)
-> Request 8
861
(3, 2, 1)
1
(34, 12)
-> Request 9
864
(2, 3, 2)
3
(68, 59)
-> Request 10
923
(3, 2, 2)
3
(53, 39)
-> Request 11
955
(4, 3, 1)
1
(21, 34)
-> Request 12
968
(3, 1, 2)
3
(13, 45)
-> Request 13
981
(4, 1, 1)
2
(40, 61)
-> Request 14
1091
(4, 2, 2)
2
(10, 69)
-> Request 15
1222
(4, 2, 2)
1
(58, 13)
-> Request 16
1292
(1, 3, 1)
2
(65, 65)
--> Day : 1
-> Request 0
15
(2, 2, 2)
3
(76, 65)
-> Request 1
104
(3, 2, 2)
1
(36, 24)
-> Request 2
114
(4, 3, 1)
3
(26, 24)
-> Request 3
370
(4, 3, 1)
3
(19, 23)
-> Request 4
866
(1, 1, 2)
1
(3, 30)
-> Request 5
1020
(1, 3, 1)
2
(7, 27)
--> Day : 2
-> Request 0
174
(4, 3, 2)
3
(50, 38)
-> Request 1
214
(1, 1, 1)
2
(26, 25)
-> Request 2
242
(3, 3, 2)
2
(51, 0)
-> Request 3
287
(4, 2, 1)
3
(47, 26)
-> Request 4
578
(4, 1, 2)
3
(56, 6)
-> Request 5
676
(3, 2, 1)
2
(36, 75)
-> Request 6
794
(4, 2, 1)
3
(50, 79)
-> Request 7
806
(3, 1, 1)
1
(71, 17)
-> Request 8
972
(2, 3, 2)
2
(49, 28)
-> Request 9
1008
(2, 1, 1)
1
(68, 52)
-> Request 10
1053
(2, 3, 1)
1
(45, 73)
-> Request 11
1074
(2, 3, 2)
3
(41, 19)
-> Request 12
1153
(4, 2, 1)
2
(64, 43)
--> Day : 3
-> Request 0
8
(1, 1, 2)
1
(0, 70)
-> Request 1
82
(3, 3, 1)
1
(37, 8)
-> Request 2
345
(2, 1, 1)
3
(20, 2)
-> Request 3
627
(2, 3, 1)
3
(78, 31)
-> Request 4
893
(1, 3, 2)
3
(8, 10)
-> Request 5
938
(4, 2, 1)
1
(24, 56)
-> Request 6
967
(1, 1, 2)
1
(33, 71)
-> Request 7
1308
(2, 1, 2)
2
(9, 27)
-> Request 8
1429
(1, 1, 1)
2
(63, 75)
--> Day : 4
-> Request 0
62
(2, 1, 1)
1
(11, 0)
-> Request 1
65
(1, 1, 1)
1
(12, 74)
-> Request 2
77
(4, 1, 2)
2
(34, 12)
-> Request 3
188
(2, 1, 1)
2
(63, 9)
-> Request 4
241
(2, 1, 1)
2
(56, 58)
-> Request 5
247
(2, 2, 1)
1
(72, 79)
-> Request 6
329
(4, 1, 1)
2
(79, 63)
-> Request 7
479
(1, 3, 2)
2
(42, 20)
-> Request 8
966
(1, 3, 2)
1
(77, 79)
-> Request 9
1052
(1, 3, 2)
1
(66, 77)
-> Request 10
1375
(1, 2, 2)
3
(75, 47)
---> Week : 39
--> Day : 0
-> Request 0
264
(4, 2, 2)
1
(72, 51)
-> Request 1
317
(2, 1, 2)
1
(63, 26)
-> Request 2
368
(2, 2, 2)
1
(46, 54)
-> Request 3
403
(4, 2, 1)
3
(67, 41)
-> Request 4
569
(4, 3, 2)
2
(26, 59)
-> Request 5
602
(3, 1, 2)
1
(56, 7)
-> Request 6
754
(4, 2, 1)
2
(15, 18)
-> Request 7
899
(1, 2, 1)
1
(56, 18)
-> Request 8
915
(3, 1, 2)
3
(57, 61)
-> Request 9
952
(3, 2, 1)
2
(52, 49)
-> Request 10
1005
(4, 2, 2)
3
(42, 41)
-> Request 11
1107
(4, 2, 1)
3
(69, 79)
--> Day : 1
-> Request 0
42
(3, 1, 2)
1
(25, 75)
-> Request 1
323
(2, 3, 2)
3
(74, 15)
-> Request 2
430
(4, 1, 1)
2
(79, 7)
-> Request 3
562
(4, 3, 2)
2
(71, 41)
-> Request 4
690
(3, 1, 2)
2
(78, 43)
-> Request 5
720
(1, 1, 1)
3
(12, 77)
-> Request 6
1137
(4, 1, 2)
3
(60, 50)
-> Request 7
1148
(2, 2, 1)
1
(15, 13)
--> Day : 2
-> Request 0
103
(1, 2, 2)
1
(59, 24)
-> Request 1
168
(3, 3, 1)
1
(56, 7)
-> Request 2
353
(3, 1, 1)
1
(6, 43)
-> Request 3
430
(3, 1, 1)
3
(41, 14)
-> Request 4
438
(1, 2, 2)
1
(76, 1)
-> Request 5
534
(3, 2, 1)
3
(9, 32)
-> Request 6
714
(2, 2, 1)
2
(9, 9)
-> Request 7
837
(4, 2, 1)
2
(64, 21)
-> Request 8
880
(3, 3, 2)
1
(24, 7)
-> Request 9
1097
(1, 2, 2)
3
(50, 65)
-> Request 10
1275
(1, 3, 2)
3
(18, 11)
-> Request 11
1275
(1, 2, 1)
3
(70, 66)
--> Day : 3
-> Request 0
75
(1, 1, 1)
2
(33, 43)
-> Request 1
79
(2, 1, 1)
2
(17, 14)
-> Request 2
144
(2, 3, 1)
1
(10, 20)
-> Request 3
262
(3, 2, 1)
2
(64, 46)
-> Request 4
567
(2, 1, 2)
3
(49, 29)
-> Request 5
783
(3, 1, 2)
1
(62, 63)
-> Request 6
892
(4, 2, 1)
3
(74, 50)
-> Request 7
922
(4, 1, 2)
3
(47, 63)
-> Request 8
965
(1, 3, 1)
2
(73, 44)
-> Request 9
1024
(3, 3, 2)
1
(67, 19)
-> Request 10
1024
(2, 1, 2)
1
(20, 15)
--> Day : 4
-> Request 0
23
(3, 3, 1)
2
(31, 37)
-> Request 1
301
(4, 3, 2)
1
(63, 79)
-> Request 2
319
(1, 3, 1)
2
(25, 2)
-> Request 3
517
(3, 3, 1)
3
(30, 7)
-> Request 4
743
(4, 2, 2)
1
(17, 23)
-> Request 5
1130
(2, 3, 1)
2
(52, 0)
-> Request 6
1210
(2, 3, 1)
3
(33, 51)
-> Request 7
1290
(1, 3, 1)
3
(46, 47)
---> Week : 40
--> Day : 0
-> Request 0
87
(1, 3, 2)
2
(68, 23)
-> Request 1
183
(2, 1, 2)
1
(44, 60)
-> Request 2
203
(3, 1, 1)
3
(6, 27)
-> Request 3
229
(3, 1, 1)
1
(6, 77)
-> Request 4
328
(4, 2, 2)
3
(19, 42)
-> Request 5
554
(2, 2, 1)
3
(69, 18)
-> Request 6
876
(3, 1, 1)
1
(30, 73)
-> Request 7
1282
(3, 2, 2)
1
(24, 13)
-> Request 8
1341
(1, 1, 1)
2
(40, 26)
-> Request 9
1431
(4, 2, 2)
1
(64, 1)
--> Day : 1
-> Request 0
18
(1, 2, 2)
1
(63, 47)
-> Request 1
52
(1, 2, 1)
2
(71, 21)
-> Request 2
270
(1, 1, 1)
3
(52, 34)
-> Request 3
439
(2, 2, 2)
2
(10, 11)
-> Request 4
734
(1, 3, 2)
2
(17, 32)
-> Request 5
927
(4, 2, 2)
2
(37, 56)
-> Request 6
1354
(2, 3, 2)
3
(29, 39)
--> Day : 2
-> Request 0
181
(1, 3, 1)
3
(78, 73)
-> Request 1
364
(4, 2, 2)
2
(19, 58)
-> Request 2
581
(4, 1, 2)
1
(60, 33)
-> Request 3
702
(2, 3, 1)
1
(3, 79)
-> Request 4
1245
(4, 3, 1)
1
(60, 28)
-> Request 5
1415
(4, 2, 1)
1
(15, 12)
--> Day : 3
-> Request 0
31
(1, 2, 2)
3
(41, 47)
-> Request 1
233
(4, 3, 2)
3
(55, 78)
-> Request 2
233
(1, 3, 2)
2
(1, 13)
-> Request 3
495
(3, 3, 2)
1
(45, 53)
-> Request 4
515
(3, 3, 1)
2
(73, 76)
-> Request 5
768
(2, 3, 2)
3
(54, 67)
-> Request 6
949
(3, 3, 1)
1
(28, 15)
-> Request 7
964
(2, 2, 2)
1
(50, 62)
-> Request 8
978
(1, 2, 2)
3
(14, 22)
-> Request 9
1171
(4, 1, 2)
2
(67, 15)
-> Request 10
1222
(2, 3, 1)
1
(70, 20)
-> Request 11
1436
(1, 1, 1)
2
(19, 70)
--> Day : 4
-> Request 0
300
(1, 2, 2)
2
(45, 27)
-> Request 1
353
(2, 3, 2)
3
(46, 15)
-> Request 2
355
(2, 1, 1)
1
(50, 0)
-> Request 3
404
(1, 3, 2)
2
(1, 8)
-> Request 4
489
(4, 1, 2)
3
(64, 12)
-> Request 5
705
(1, 1, 2)
2
(24, 56)
-> Request 6
818
(2, 1, 2)
2
(18, 10)
-> Request 7
1199
(2, 1, 2)
3
(58, 70)
-> Request 8
1223
(4, 1, 1)
3
(61, 33)
-> Request 9
1270
(4, 2, 1)
2
(69, 22)
-> Request 10
1357
(4, 2, 2)
1
(47, 9)
---> Week : 41
--> Day : 0
-> Request 0
79
(2, 1, 2)
1
(35, 37)
-> Request 1
88
(3, 1, 1)
2
(2, 16)
-> Request 2
98
(2, 1, 2)
2
(38, 18)
-> Request 3
319
(1, 3, 1)
1
(71, 76)
-> Request 4
331
(2, 1, 1)
3
(33, 77)
-> Request 5
493
(3, 2, 2)
3
(53, 74)
-> Request 6
671
(3, 2, 2)
2
(50, 15)
-> Request 7
688
(3, 1, 1)
3
(42, 64)
-> Request 8
751
(3, 3, 1)
1
(56, 15)
-> Request 9
864
(3, 3, 1)
2
(37, 10)
-> Request 10
1077
(1, 3, 1)
3
(63, 70)
-> Request 11
1146
(1, 3, 1)
3
(76, 29)
-> Request 12
1162
(4, 3, 2)
1
(75, 12)
-> Request 13
1243
(2, 1, 2)
1
(8, 2)
--> Day : 1
-> Request 0
538
(1, 3, 1)
3
(14, 27)
-> Request 1
616
(4, 2, 1)
3
(58, 33)
-> Request 2
642
(2, 1, 1)
3
(4, 53)
-> Request 3
851
(4, 1, 2)
1
(17, 60)
-> Request 4
851
(4, 2, 2)
3
(7, 61)
-> Request 5
860
(3, 1, 2)
1
(22, 42)
-> Request 6
1091
(4, 1, 1)
1
(77, 35)
-> Request 7
1227
(3, 2, 2)
1
(26, 74)
-> Request 8
1250
(1, 3, 2)
3
(54, 42)
-> Request 9
1363
(2, 2, 2)
2
(8, 55)
--> Day : 2
-> Request 0
6
(4, 2, 1)
2
(14, 16)
-> Request 1
119
(3, 3, 1)
3
(78, 69)
-> Request 2
285
(4, 1, 2)
1
(42, 11)
-> Request 3
515
(1, 2, 1)
3
(67, 75)
-> Request 4
717
(1, 3, 1)
3
(4, 50)
-> Request 5
766
(3, 3, 2)
1
(63, 20)
-> Request 6
811
(1, 1, 1)
1
(29, 73)
--> Day : 3
-> Request 0
184
(4, 1, 2)
2
(78, 51)
-> Request 1
555
(3, 2, 2)
2
(60, 16)
-> Request 2
867
(3, 2, 2)
2
(16, 60)
-> Request 3
1093
(4, 3, 2)
3
(72, 11)
-> Request 4
1326
(2, 3, 2)
3
(72, 11)
-> Request 5
1404
(1, 3, 1)
3
(58, 6)
-> Request 6
1409
(1, 1, 1)
3
(28, 11)
--> Day : 4
-> Request 0
98
(4, 1, 1)
2
(76, 29)
-> Request 1
134
(4, 3, 1)
1
(61, 25)
-> Request 2
530
(3, 3, 1)
2
(20, 51)
-> Request 3
558
(1, 2, 2)
1
(49, 0)
-> Request 4
561
(1, 1, 2)
3
(48, 15)
-> Request 5
695
(4, 1, 1)
1
(48, 61)
-> Request 6
703
(4, 3, 1)
2
(6, 58)
-> Request 7
837
(2, 2, 2)
1
(54, 51)
-> Request 8
896
(1, 1, 2)
1
(74, 55)
-> Request 9
1033
(1, 2, 1)
1
(28, 78)
-> Request 10
1044
(2, 2, 1)
3
(34, 53)
-> Request 11
1073
(1, 1, 1)
1
(71, 26)
---> Week : 42
--> Day : 0
-> Request 0
6
(4, 3, 2)
1
(19, 53)
-> Request 1
37
(4, 2, 2)
1
(4, 53)
-> Request 2
55
(3, 3, 1)
3
(79, 30)
-> Request 3
136
(4, 2, 1)
2
(6, 23)
-> Request 4
819
(4, 3, 1)
1
(62, 24)
-> Request 5
886
(1, 3, 1)
2
(0, 57)
-> Request 6
997
(2, 2, 2)
1
(9, 51)
-> Request 7
1046
(4, 2, 1)
3
(50, 17)
-> Request 8
1111
(4, 2, 1)
2
(34, 12)
-> Request 9
1160
(1, 3, 2)
1
(61, 0)
-> Request 10
1175
(3, 1, 2)
2
(17, 17)
-> Request 11
1240
(2, 1, 2)
1
(19, 45)
-> Request 12
1283
(4, 3, 1)
2
(18, 7)
-> Request 13
1387
(3, 3, 1)
2
(25, 44)
--> Day : 1
-> Request 0
540
(4, 3, 1)
3
(53, 40)
-> Request 1
714
(1, 3, 1)
1
(2, 10)
-> Request 2
734
(1, 3, 1)
1
(56, 29)
-> Request 3
983
(2, 3, 1)
2
(7, 25)
-> Request 4
989
(3, 3, 1)
3
(16, 31)
-> Request 5
1130
(1, 1, 1)
2
(74, 29)
-> Request 6
1401
(1, 2, 2)
3
(9, 12)
-> Request 7
1416
(3, 1, 1)
3
(28, 53)
--> Day : 2
-> Request 0
205
(4, 1, 1)
1
(30, 64)
-> Request 1
217
(1, 1, 2)
1
(28, 7)
-> Request 2
228
(1, 1, 1)
2
(15, 28)
-> Request 3
500
(3, 2, 2)
1
(65, 8)
-> Request 4
754
(3, 2, 2)
2
(32, 4)
-> Request 5
896
(3, 2, 1)
2
(74, 33)
-> Request 6
1194
(1, 2, 1)
2
(65, 18)
-> Request 7
1205
(1, 3, 2)
3
(42, 7)
--> Day : 3
-> Request 0
123
(3, 3, 2)
3
(48, 12)
-> Request 1
340
(4, 2, 2)
1
(76, 26)
-> Request 2
378
(2, 3, 1)
3
(62, 40)
-> Request 3
492
(3, 3, 2)
3
(72, 33)
-> Request 4
547
(4, 2, 1)
1
(68, 4)
-> Request 5
703
(1, 3, 1)
1
(23, 51)
-> Request 6
947
(2, 2, 2)
3
(41, 61)
-> Request 7
959
(4, 1, 2)
1
(27, 8)
-> Request 8
1419
(3, 2, 1)
3
(78, 43)
-> Request 9
1429
(3, 2, 1)
3
(76, 15)
--> Day : 4
-> Request 0
74
(3, 1, 1)
3
(76, 50)
-> Request 1
186
(1, 1, 2)
2
(15, 50)
-> Request 2
224
(2, 2, 2)
3
(60, 58)
-> Request 3
404
(4, 1, 1)
1
(30, 35)
-> Request 4
410
(3, 2, 2)
2
(36, 41)
-> Request 5
412
(1, 2, 2)
2
(7, 20)
-> Request 6
485
(2, 1, 2)
3
(78, 7)
-> Request 7
617
(4, 1, 1)
3
(45, 65)
-> Request 8
917
(4, 1, 2)
2
(29, 30)
-> Request 9
939
(3, 1, 1)
2
(55, 10)
-> Request 10
1008
(3, 2, 2)
1
(73, 28)
-> Request 11
1074
(2, 1, 1)
3
(44, 71)
-> Request 12
1360
(2, 3, 1)
2
(37, 56)
-> Request 13
1435
(3, 3, 1)
2
(71, 17)
---> Week : 43
--> Day : 0
-> Request 0
116
(3, 2, 1)
2
(65, 17)
-> Request 1
259
(3, 2, 1)
3
(78, 43)
-> Request 2
393
(1, 3, 2)
2
(41, 29)
-> Request 3
420
(3, 2, 1)
3
(76, 2)
-> Request 4
577
(3, 2, 2)
2
(8, 19)
-> Request 5
676
(4, 1, 2)
3
(31, 22)
-> Request 6
709
(3, 2, 1)
1
(70, 26)
-> Request 7
737
(4, 2, 2)
2
(39, 67)
-> Request 8
1258
(1, 1, 2)
2
(21, 0)
--> Day : 1
-> Request 0
15
(1, 1, 2)
1
(32, 22)
-> Request 1
131
(4, 3, 1)
2
(76, 43)
-> Request 2
295
(3, 1, 2)
3
(3, 73)
-> Request 3
308
(2, 3, 1)
3
(66, 30)
-> Request 4
401
(2, 1, 1)
3
(63, 54)
-> Request 5
541
(3, 3, 1)
1
(63, 2)
-> Request 6
977
(3, 2, 1)
2
(62, 37)
-> Request 7
1045
(3, 3, 2)
1
(59, 69)
-> Request 8
1190
(2, 3, 1)
1
(34, 11)
-> Request 9
1247
(1, 3, 2)
1
(2, 35)
-> Request 10
1280
(3, 1, 2)
1
(56, 25)
-> Request 11
1315
(4, 2, 1)
3
(67, 19)
--> Day : 2
-> Request 0
32
(1, 1, 1)
3
(46, 72)
-> Request 1
282
(4, 3, 1)
2
(52, 75)
-> Request 2
318
(3, 3, 2)
3
(62, 65)
-> Request 3
345
(3, 3, 1)
1
(7, 70)
-> Request 4
826
(2, 1, 2)
2
(43, 66)
-> Request 5
884
(4, 1, 2)
1
(75, 44)
-> Request 6
1019
(2, 1, 1)
3
(36, 30)
-> Request 7
1236
(1, 2, 2)
3
(39, 73)
--> Day : 3
-> Request 0
166
(2, 1, 1)
3
(38, 41)
-> Request 1
232
(1, 1, 1)
3
(52, 45)
-> Request 2
265
(1, 2, 1)
2
(36, 10)
-> Request 3
282
(1, 2, 2)
2
(41, 57)
-> Request 4
487
(1, 2, 2)
3
(77, 55)
-> Request 5
723
(2, 3, 1)
1
(16, 1)
-> Request 6
773
(3, 2, 1)
1
(59, 39)
-> Request 7
792
(1, 1, 2)
1
(6, 8)
-> Request 8
837
(4, 3, 2)
1
(59, 66)
-> Request 9
1182
(1, 1, 1)
1
(78, 77)
-> Request 10
1232
(3, 2, 1)
1
(33, 41)
-> Request 11
1349
(3, 2, 1)
3
(51, 9)
--> Day : 4
-> Request 0
94
(3, 3, 1)
1
(42, 24)
-> Request 1
148
(4, 3, 2)
1
(12, 4)
-> Request 2
336
(4, 2, 1)
1
(22, 3)
-> Request 3
343
(4, 2, 1)
2
(50, 65)
-> Request 4
492
(2, 2, 2)
3
(32, 16)
-> Request 5
1049
(4, 3, 2)
2
(20, 38)
-> Request 6
1269
(1, 1, 1)
2
(37, 70)
-> Request 7
1272
(1, 2, 1)
2
(9, 40)
-> Request 8
1399
(2, 1, 2)
1
(33, 3)
---> Week : 44
--> Day : 0
-> Request 0
147
(2, 3, 1)
1
(70, 34)
-> Request 1
230
(4, 1, 2)
3
(58, 31)
-> Request 2
665
(1, 2, 2)
1
(19, 5)
-> Request 3
984
(2, 3, 2)
3
(33, 62)
-> Request 4
1101
(2, 1, 1)
1
(31, 64)
-> Request 5
1395
(3, 3, 1)
3
(58, 55)
-> Request 6
1409
(1, 3, 2)
1
(34, 38)
-> Request 7
1436
(1, 2, 1)
1
(2, 67)
--> Day : 1
-> Request 0
489
(1, 1, 1)
1
(24, 14)
-> Request 1
584
(4, 3, 2)
2
(57, 2)
-> Request 2
620
(2, 1, 2)
3
(3, 35)
-> Request 3
794
(1, 1, 2)
2
(32, 28)
--> Day : 2
-> Request 0
580
(1, 1, 1)
3
(72, 21)
-> Request 1
581
(4, 1, 1)
2
(36, 74)
-> Request 2
727
(2, 3, 1)
3
(30, 74)
-> Request 3
739
(2, 1, 1)
3
(16, 20)
-> Request 4
818
(1, 2, 1)
3
(71, 75)
-> Request 5
961
(2, 1, 2)
3
(15, 26)
-> Request 6
1123
(3, 1, 1)
3
(3, 8)
-> Request 7
1140
(1, 2, 2)
2
(30, 14)
-> Request 8
1407
(4, 3, 2)
1
(5, 64)
-> Request 9
1426
(2, 3, 1)
3
(13, 46)
--> Day : 3
-> Request 0
112
(3, 2, 2)
1
(15, 61)
-> Request 1
358
(3, 3, 1)
1
(11, 10)
-> Request 2
696
(4, 2, 2)
1
(27, 48)
-> Request 3
696
(3, 3, 1)
1
(46, 26)
-> Request 4
846
(3, 3, 2)
2
(71, 74)
-> Request 5
906
(1, 1, 1)
2
(13, 43)
-> Request 6
985
(1, 2, 2)
2
(56, 56)
-> Request 7
1013
(1, 3, 2)
3
(21, 69)
-> Request 8
1223
(4, 1, 1)
1
(69, 67)
-> Request 9
1267
(1, 3, 2)
1
(79, 67)
-> Request 10
1337
(2, 1, 1)
3
(57, 60)
--> Day : 4
-> Request 0
361
(1, 2, 1)
2
(1, 26)
-> Request 1
371
(3, 3, 1)
3
(11, 16)
-> Request 2
468
(4, 3, 2)
3
(41, 58)
-> Request 3
692
(4, 1, 2)
2
(52, 15)
-> Request 4
696
(4, 1, 2)
1
(52, 53)
-> Request 5
1016
(1, 1, 2)
2
(78, 36)
-> Request 6
1077
(1, 3, 2)
3
(63, 9)
-> Request 7
1242
(3, 1, 1)
3
(50, 73)
---> Week : 45
--> Day : 0
-> Request 0
6
(2, 3, 2)
3
(77, 0)
-> Request 1
309
(3, 3, 2)
1
(26, 35)
-> Request 2
657
(2, 2, 1)
3
(59, 60)
-> Request 3
865
(2, 3, 2)
1
(27, 54)
-> Request 4
878
(1, 3, 1)
3
(7, 30)
-> Request 5
1048
(1, 2, 2)
3
(31, 68)
-> Request 6
1110
(3, 3, 1)
1
(48, 8)
-> Request 7
1156
(1, 3, 2)
2
(70, 28)
-> Request 8
1173
(4, 1, 2)
2
(38, 23)
-> Request 9
1398
(4, 3, 1)
1
(23, 51)
--> Day : 1
-> Request 0
10
(4, 1, 1)
2
(29, 23)
-> Request 1
134
(2, 3, 1)
2
(64, 9)
-> Request 2
327
(4, 3, 1)
3
(65, 51)
-> Request 3
590
(2, 2, 2)
1
(65, 57)
-> Request 4
748
(2, 2, 1)
1
(62, 73)
-> Request 5
851
(1, 3, 2)
2
(32, 39)
-> Request 6
870
(4, 3, 2)
3
(5, 32)
-> Request 7
981
(1, 2, 1)
2
(6, 1)
-> Request 8
986
(2, 2, 1)
1
(4, 3)
-> Request 9
1027
(4, 1, 1)
3
(5, 23)
-> Request 10
1339
(3, 3, 1)
2
(13, 50)
--> Day : 2
-> Request 0
353
(1, 3, 1)
2
(32, 28)
-> Request 1
368
(2, 1, 1)
2
(65, 13)
-> Request 2
380
(4, 3, 2)
2
(29, 41)
-> Request 3
656
(4, 1, 2)
3
(62, 61)
-> Request 4
719
(4, 1, 2)
1
(70, 65)
-> Request 5
745
(3, 3, 2)
3
(36, 35)
-> Request 6
814
(2, 1, 1)
1
(73, 64)
-> Request 7
994
(2, 2, 2)
2
(74, 78)
-> Request 8
1030
(2, 1, 1)
2
(65, 0)
--> Day : 3
-> Request 0
30
(1, 1, 1)
2
(40, 24)
-> Request 1
99
(1, 1, 1)
2
(4, 62)
-> Request 2
124
(4, 3, 2)
1
(5, 62)
-> Request 3
248
(3, 2, 1)
2
(13, 31)
-> Request 4
984
(1, 1, 1)
3
(61, 52)
-> Request 5
1059
(1, 1, 1)
3
(15, 39)
-> Request 6
1074
(1, 3, 1)
2
(38, 15)
-> Request 7
1109
(4, 1, 2)
1
(45, 47)
-> Request 8
1129
(3, 3, 1)
1
(18, 63)
-> Request 9
1294
(3, 3, 2)
1
(28, 27)
--> Day : 4
-> Request 0
71
(4, 3, 1)
1
(37, 67)
-> Request 1
176
(4, 3, 2)
2
(29, 49)
-> Request 2
186
(3, 1, 1)
3
(52, 13)
-> Request 3
280
(1, 2, 1)
1
(48, 72)
-> Request 4
330
(3, 3, 1)
2
(63, 68)
-> Request 5
354
(2, 3, 2)
2
(15, 22)
-> Request 6
508
(2, 1, 1)
1
(1, 10)
-> Request 7
516
(3, 2, 1)
1
(51, 11)
-> Request 8
521
(4, 3, 1)
2
(73, 72)
-> Request 9
713
(3, 1, 2)
3
(42, 10)
-> Request 10
766
(4, 3, 1)
1
(71, 21)
-> Request 11
1290
(4, 3, 1)
3
(55, 25)
-> Request 12
1411
(3, 1, 2)
1
(3, 21)
-> Request 13
1430
(1, 1, 2)
1
(5, 51)
---> Week : 46
--> Day : 0
-> Request 0
104
(1, 3, 2)
3
(57, 47)
-> Request 1
408
(2, 1, 1)
2
(3, 56)
-> Request 2
657
(4, 3, 1)
1
(35, 61)
-> Request 3
711
(2, 1, 1)
3
(35, 74)
-> Request 4
757
(3, 2, 1)
1
(20, 11)
-> Request 5
1165
(3, 3, 2)
2
(8, 21)
-> Request 6
1395
(1, 3, 1)
2
(51, 49)
--> Day : 1
-> Request 0
35
(1, 1, 1)
2
(0, 76)
-> Request 1
64
(3, 3, 2)
3
(57, 15)
-> Request 2
359
(4, 3, 1)
1
(50, 46)
-> Request 3
780
(3, 1, 2)
1
(61, 8)
-> Request 4
951
(4, 1, 2)
3
(67, 49)
-> Request 5
1091
(4, 1, 1)
1
(45, 60)
-> Request 6
1146
(1, 2, 2)
1
(1, 27)
--> Day : 2
-> Request 0
541
(1, 1, 2)
2
(41, 43)
-> Request 1
551
(2, 2, 1)
1
(72, 60)
-> Request 2
588
(4, 3, 2)
3
(65, 21)
-> Request 3
629
(1, 1, 2)
1
(33, 2)
-> Request 4
684
(3, 3, 1)
2
(13, 56)
-> Request 5
880
(4, 1, 2)
2
(24, 56)
-> Request 6
907
(3, 3, 2)
2
(54, 7)
-> Request 7
1102
(2, 3, 2)
1
(30, 41)
-> Request 8
1267
(3, 1, 1)
1
(72, 39)
-> Request 9
1360
(2, 1, 1)
1
(36, 42)
--> Day : 3
-> Request 0
61
(4, 3, 1)
3
(0, 31)
-> Request 1
395
(1, 2, 1)
1
(55, 28)
-> Request 2
614
(2, 2, 2)
3
(63, 52)
-> Request 3
744
(2, 1, 2)
3
(8, 0)
-> Request 4
829
(1, 1, 1)
3
(69, 76)
-> Request 5
964
(4, 2, 1)
2
(49, 29)
--> Day : 4
-> Request 0
278
(1, 2, 2)
1
(49, 6)
-> Request 1
569
(1, 1, 1)
1
(1, 19)
-> Request 2
787
(4, 2, 1)
3
(54, 9)
-> Request 3
1006
(4, 3, 2)
1
(10, 67)
-> Request 4
1077
(4, 1, 1)
1
(43, 18)
-> Request 5
1083
(3, 3, 2)
1
(53, 77)
-> Request 6
1126
(2, 2, 2)
2
(21, 11)
-> Request 7
1332
(3, 2, 2)
3
(11, 30)
-> Request 8
1406
(2, 3, 2)
3
(79, 53)
---> Week : 47
--> Day : 0
-> Request 0
389
(1, 3, 2)
2
(33, 34)
-> Request 1
472
(3, 3, 1)
3
(11, 15)
-> Request 2
648
(3, 3, 2)
1
(19, 51)
-> Request 3
652
(2, 3, 2)
2
(9, 62)
-> Request 4
666
(1, 3, 2)
2
(53, 25)
-> Request 5
671
(2, 2, 1)
2
(63, 25)
-> Request 6
745
(2, 3, 1)
2
(11, 6)
-> Request 7
885
(2, 1, 2)
1
(4, 20)
-> Request 8
1021
(1, 2, 1)
3
(57, 35)
-> Request 9
1280
(1, 2, 2)
3
(79, 16)
-> Request 10
1303
(1, 1, 2)
1
(79, 38)
-> Request 11
1332
(1, 1, 2)
3
(68, 13)
-> Request 12
1378
(1, 1, 1)
1
(50, 56)
--> Day : 1
-> Request 0
91
(1, 2, 2)
2
(42, 11)
-> Request 1
313
(3, 2, 2)
2
(39, 38)
-> Request 2
389
(1, 3, 1)
3
(61, 78)
-> Request 3
407
(1, 3, 2)
3
(79, 62)
-> Request 4
611
(2, 2, 1)
3
(44, 6)
-> Request 5
702
(2, 1, 2)
1
(72, 14)
-> Request 6
710
(3, 1, 1)
3
(31, 68)
-> Request 7
876
(3, 3, 2)
2
(53, 52)
-> Request 8
1007
(2, 3, 1)
2
(58, 8)
--> Day : 2
-> Request 0
469
(3, 1, 2)
2
(2, 12)
-> Request 1
516
(3, 1, 2)
1
(14, 7)
-> Request 2
710
(4, 1, 2)
2
(63, 41)
-> Request 3
735
(1, 3, 2)
3
(10, 38)
-> Request 4
858
(4, 2, 2)
1
(1, 1)
-> Request 5
1005
(1, 2, 1)
2
(8, 79)
-> Request 6
1102
(4, 3, 2)
2
(13, 11)
-> Request 7
1161
(1, 2, 1)
1
(61, 47)
--> Day : 3
-> Request 0
152
(3, 1, 1)
3
(35, 59)
-> Request 1
211
(1, 1, 2)
2
(46, 53)
-> Request 2
428
(2, 3, 1)
2
(16, 21)
-> Request 3
541
(2, 1, 1)
1
(25, 57)
-> Request 4
588
(2, 2, 2)
1
(46, 38)
-> Request 5
626
(2, 1, 2)
2
(1, 70)
-> Request 6
1161
(1, 1, 2)
2
(53, 31)
-> Request 7
1178
(1, 1, 2)
1
(30, 12)
-> Request 8
1230
(1, 3, 1)
3
(18, 71)
-> Request 9
1296
(2, 2, 2)
1
(63, 14)
-> Request 10
1369
(3, 2, 1)
2
(36, 36)
--> Day : 4
-> Request 0
106
(4, 3, 1)
2
(67, 58)
-> Request 1
295
(4, 3, 2)
2
(47, 5)
-> Request 2
447
(3, 3, 2)
2
(37, 79)
-> Request 3
727
(4, 1, 1)
3
(63, 33)
-> Request 4
746
(1, 2, 2)
1
(22, 56)
-> Request 5
838
(4, 2, 1)
1
(54, 9)
-> Request 6
925
(3, 1, 2)
3
(8, 4)
-> Request 7
1099
(3, 3, 2)
1
(1, 2)
-> Request 8
1112
(2, 3, 1)
1
(0, 32)
-> Request 9
1400
(4, 2, 2)
3
(28, 47)
---> Week : 48
--> Day : 0
-> Request 0
50
(4, 1, 1)
1
(25, 65)
-> Request 1
82
(3, 3, 2)
3
(1, 0)
-> Request 2
98
(4, 3, 1)
2
(49, 72)
-> Request 3
374
(1, 2, 2)
3
(53, 64)
-> Request 4
588
(2, 1, 1)
1
(29, 43)
-> Request 5
588
(1, 3, 1)
3
(35, 28)
-> Request 6
650
(2, 3, 1)
3
(25, 49)
-> Request 7
738
(3, 2, 1)
2
(35, 18)
-> Request 8
1106
(4, 2, 2)
2
(51, 25)
-> Request 9
1259
(1, 3, 2)
1
(50, 44)
-> Request 10
1259
(1, 3, 1)
2
(0, 67)
--> Day : 1
-> Request 0
545
(1, 3, 2)
3
(3, 76)
-> Request 1
837
(4, 3, 1)
2
(52, 77)
-> Request 2
904
(3, 1, 1)
1
(13, 41)
--> Day : 2
-> Request 0
663
(1, 1, 2)
2
(3, 52)
-> Request 1
690
(1, 1, 1)
1
(50, 25)
-> Request 2
1279
(4, 2, 1)
1
(19, 24)
-> Request 3
1368
(3, 2, 1)
2
(2, 43)
-> Request 4
1407
(4, 2, 1)
1
(40, 19)
--> Day : 3
-> Request 0
528
(4, 3, 1)
2
(27, 5)
-> Request 1
619
(1, 2, 1)
3
(40, 45)
-> Request 2
732
(4, 3, 2)
1
(50, 2)
-> Request 3
747
(4, 3, 2)
2
(23, 52)
-> Request 4
813
(4, 1, 2)
2
(58, 52)
-> Request 5
876
(4, 2, 1)
2
(1, 25)
-> Request 6
942
(2, 1, 2)
2
(2, 4)
-> Request 7
1025
(2, 3, 1)
1
(16, 25)
-> Request 8
1415
(4, 3, 2)
2
(10, 31)
--> Day : 4
-> Request 0
105
(3, 2, 2)
2
(72, 3)
-> Request 1
126
(4, 2, 2)
3
(23, 78)
-> Request 2
522
(2, 1, 1)
3
(19, 46)
-> Request 3
533
(3, 3, 2)
1
(34, 45)
-> Request 4
542
(3, 3, 1)
1
(54, 53)
-> Request 5
631
(3, 1, 2)
2
(4, 43)
-> Request 6
680
(4, 3, 2)
2
(27, 26)
-> Request 7
825
(4, 3, 1)
2
(3, 56)
-> Request 8
1269
(2, 1, 1)
2
(39, 61)
-> Request 9
1316
(2, 2, 2)
1
(31, 7)
---> Week : 49
--> Day : 0
-> Request 0
5
(2, 2, 2)
1
(68, 35)
-> Request 1
288
(2, 2, 1)
3
(37, 0)
-> Request 2
462
(4, 2, 2)
2
(78, 17)
-> Request 3
722
(4, 2, 2)
3
(64, 22)
-> Request 4
980
(3, 1, 2)
1
(12, 13)
-> Request 5
1152
(1, 3, 1)
2
(17, 9)
-> Request 6
1176
(2, 1, 1)
2
(44, 32)
--> Day : 1
-> Request 0
585
(4, 1, 1)
2
(14, 35)
-> Request 1
658
(4, 2, 1)
3
(78, 29)
-> Request 2
746
(2, 2, 1)
1
(55, 71)
-> Request 3
769
(4, 2, 2)
1
(20, 34)
-> Request 4
777
(4, 1, 2)
2
(40, 52)
-> Request 5
1176
(2, 2, 2)
2
(52, 54)
--> Day : 2
-> Request 0
1
(1, 2, 2)
1
(51, 8)
-> Request 1
40
(2, 1, 2)
3
(23, 70)
-> Request 2
277
(2, 2, 1)
1
(70, 22)
-> Request 3
305
(2, 1, 1)
2
(16, 16)
-> Request 4
601
(2, 2, 1)
3
(69, 5)
-> Request 5
675
(1, 2, 1)
2
(38, 27)
-> Request 6
689
(2, 3, 2)
2
(62, 18)
-> Request 7
736
(4, 2, 1)
3
(60, 15)
-> Request 8
1026
(4, 1, 1)
2
(7, 3)
-> Request 9
1337
(2, 1, 2)
2
(18, 20)
-> Request 10
1379
(1, 1, 1)
3
(45, 51)
--> Day : 3
-> Request 0
233
(3, 2, 2)
2
(27, 32)
-> Request 1
328
(2, 1, 1)
2
(33, 56)
-> Request 2
458
(3, 2, 1)
1
(71, 21)
-> Request 3
875
(2, 1, 2)
3
(47, 29)
-> Request 4
900
(1, 3, 2)
2
(0, 65)
-> Request 5
923
(1, 1, 2)
1
(8, 35)
-> Request 6
1315
(1, 3, 1)
1
(18, 70)
--> Day : 4
-> Request 0
30
(4, 3, 2)
1
(32, 66)
-> Request 1
61
(1, 1, 1)
3
(40, 44)
-> Request 2
185
(3, 3, 1)
1
(27, 29)
-> Request 3
217
(3, 3, 2)
2
(8, 45)
-> Request 4
395
(2, 2, 2)
2
(25, 53)
-> Request 5
429
(3, 2, 2)
2
(60, 45)
-> Request 6
513
(3, 3, 1)
3
(46, 17)
-> Request 7
677
(4, 2, 1)
2
(52, 24)
-> Request 8
1130
(1, 3, 2)
3
(9, 45)
-> Request 9
1158
(4, 3, 1)
2
(61, 71)
-> Request 10
1177
(4, 2, 2)
1
(10, 35)
-> Request 11
1330
(3, 1, 2)
2
(28, 19)
-> Request 12
1424
(2, 1, 2)
1
(67, 61)
---> Week : 50
--> Day : 0
-> Request 0
112
(4, 2, 2)
2
(67, 0)
-> Request 1
315
(1, 1, 1)
3
(10, 41)
-> Request 2
362
(4, 3, 2)
1
(10, 54)
-> Request 3
666
(4, 2, 2)
2
(47, 78)
-> Request 4
708
(1, 2, 1)
2
(79, 49)
-> Request 5
1272
(1, 1, 1)
2
(55, 5)
--> Day : 1
-> Request 0
119
(4, 2, 2)
3
(19, 35)
-> Request 1
151
(1, 1, 1)
1
(48, 15)
-> Request 2
171
(4, 2, 2)
1
(27, 8)
-> Request 3
338
(1, 3, 2)
2
(75, 72)
-> Request 4
482
(2, 1, 2)
3
(40, 74)
-> Request 5
504
(1, 1, 1)
2
(29, 52)
-> Request 6
578
(3, 3, 1)
1
(70, 9)
-> Request 7
958
(4, 3, 2)
1
(18, 36)
-> Request 8
965
(3, 1, 1)
3
(67, 71)
-> Request 9
1085
(2, 2, 1)
2
(49, 4)
-> Request 10
1314
(3, 1, 1)
2
(23, 19)
-> Request 11
1317
(4, 1, 2)
2
(11, 37)
-> Request 12
1408
(1, 3, 2)
3
(68, 54)
-> Request 13
1415
(3, 1, 2)
3
(33, 40)
--> Day : 2
-> Request 0
85
(4, 1, 2)
2
(53, 55)
-> Request 1
193
(4, 1, 1)
2
(53, 29)
-> Request 2
403
(3, 2, 2)
3
(78, 60)
-> Request 3
595
(1, 3, 1)
2
(39, 70)
-> Request 4
686
(1, 3, 1)
2
(66, 51)
-> Request 5
785
(3, 2, 1)
3
(15, 74)
-> Request 6
967
(3, 3, 2)
3
(51, 6)
-> Request 7
1149
(3, 1, 2)
1
(70, 40)
-> Request 8
1225
(1, 2, 2)
3
(43, 40)
--> Day : 3
-> Request 0
25
(3, 3, 1)
2
(72, 24)
-> Request 1
176
(1, 3, 1)
2
(1, 46)
-> Request 2
216
(3, 3, 2)
1
(37, 52)
-> Request 3
255
(1, 1, 1)
3
(49, 74)
-> Request 4
316
(1, 1, 1)
3
(61, 17)
-> Request 5
424
(1, 1, 2)
2
(38, 26)
-> Request 6
577
(4, 2, 1)
3
(1, 15)
-> Request 7
717
(2, 1, 2)
2
(64, 54)
-> Request 8
721
(4, 3, 1)
2
(25, 41)
-> Request 9
757
(4, 1, 2)
2
(53, 73)
-> Request 10
982
(3, 1, 1)
3
(3, 23)
-> Request 11
1253
(2, 1, 2)
1
(57, 67)
-> Request 12
1261
(2, 1, 2)
1
(58, 33)
-> Request 13
1415
(3, 3, 2)
1
(27, 74)
--> Day : 4
-> Request 0
56
(4, 2, 1)
2
(41, 4)
-> Request 1
214
(4, 2, 2)
2
(49, 6)
-> Request 2
650
(3, 3, 1)
3
(15, 20)
-> Request 3
676
(1, 1, 2)
3
(2, 34)
-> Request 4
831
(3, 3, 1)
3
(41, 39)
---> Week : 51
--> Day : 0
-> Request 0
155
(1, 1, 2)
3
(67, 25)
-> Request 1
381
(1, 1, 2)
2
(2, 57)
-> Request 2
471
(1, 3, 1)
3
(55, 63)
-> Request 3
596
(1, 1, 2)
1
(53, 13)
-> Request 4
676
(2, 1, 1)
2
(61, 37)
-> Request 5
783
(2, 1, 2)
1
(30, 77)
-> Request 6
1030
(2, 2, 1)
1
(53, 1)
-> Request 7
1036
(2, 2, 1)
1
(34, 50)
-> Request 8
1123
(2, 2, 2)
1
(65, 71)
-> Request 9
1139
(2, 3, 2)
1
(26, 44)
-> Request 10
1234
(1, 3, 2)
3
(39, 7)
--> Day : 1
-> Request 0
151
(4, 3, 1)
2
(42, 34)
-> Request 1
260
(3, 3, 1)
3
(11, 62)
-> Request 2
575
(3, 3, 2)
3
(48, 67)
-> Request 3
578
(4, 1, 2)
3
(18, 38)
-> Request 4
663
(3, 1, 1)
3
(64, 37)
--> Day : 2
-> Request 0
178
(2, 2, 2)
1
(25, 10)
-> Request 1
470
(1, 2, 1)
2
(26, 35)
-> Request 2
481
(1, 3, 2)
2
(11, 10)
-> Request 3
622
(4, 1, 2)
3
(46, 40)
-> Request 4
904
(4, 1, 1)
1
(28, 31)
-> Request 5
1239
(1, 2, 2)
1
(52, 7)
--> Day : 3
-> Request 0
82
(3, 2, 1)
3
(14, 27)
-> Request 1
194
(1, 3, 1)
3
(62, 8)
-> Request 2
248
(4, 2, 1)
3
(61, 23)
-> Request 3
571
(4, 3, 2)
3
(51, 22)
-> Request 4
571
(2, 2, 2)
2
(23, 79)
-> Request 5
580
(2, 1, 1)
3
(24, 53)
-> Request 6
800
(4, 2, 2)
1
(13, 56)
-> Request 7
801
(4, 3, 2)
3
(30, 0)
-> Request 8
839
(1, 3, 2)
2
(75, 18)
-> Request 9
986
(4, 2, 2)
1
(39, 46)
-> Request 10
1039
(3, 3, 1)
3
(74, 65)
-> Request 11
1148
(3, 2, 1)
1
(10, 57)
-> Request 12
1341
(2, 2, 1)
3
(52, 1)
--> Day : 4
-> Request 0
78
(2, 1, 2)
1
(15, 31)
-> Request 1
91
(3, 1, 1)
3
(13, 78)
-> Request 2
373
(4, 1, 1)
3
(14, 47)
-> Request 3
434
(4, 2, 2)
1
(45, 71)
-> Request 4
454
(1, 3, 2)
3
(46, 15)
-> Request 5
527
(1, 1, 2)
1
(32, 10)
-> Request 6
567
(3, 2, 2)
1
(26, 77)
-> Request 7
591
(1, 3, 1)
1
(57, 62)
-> Request 8
659
(2, 3, 2)
2
(32, 40)
-> Request 9
740
(1, 1, 2)
2
(25, 4)
-> Request 10
795
(2, 3, 1)
2
(24, 13)
-> Request 11
865
(3, 2, 2)
2
(56, 19)
-> Request 12
878
(4, 2, 1)
1
(47, 28)
---> Week : 52
--> Day : 0
-> Request 0
68
(4, 3, 2)
3
(14, 79)
-> Request 1
154
(4, 1, 2)
1
(9, 53)
-> Request 2
181
(4, 2, 1)
3
(42, 18)
-> Request 3
202
(2, 1, 2)
1
(72, 2)
-> Request 4
386
(4, 2, 1)
1
(72, 76)
-> Request 5
388
(1, 1, 2)
1
(27, 50)
-> Request 6
416
(3, 3, 1)
1
(58, 54)
-> Request 7
800
(1, 3, 2)
2
(49, 17)
-> Request 8
812
(2, 1, 2)
1
(72, 12)
-> Request 9
861
(4, 3, 1)
1
(50, 42)
-> Request 10
956
(2, 1, 2)
2
(20, 20)
-> Request 11
1018
(4, 3, 1)
1
(64, 7)
-> Request 12
1107
(3, 1, 1)
3
(62, 57)
-> Request 13
1348
(1, 1, 2)
2
(74, 62)
-> Request 14
1419
(4, 1, 2)
3
(17, 7)
--> Day : 1
-> Request 0
74
(1, 1, 2)
3
(22, 56)
-> Request 1
91
(3, 1, 1)
2
(67, 45)
-> Request 2
512
(3, 2, 1)
1
(30, 56)
-> Request 3
571
(3, 1, 2)
2
(4, 8)
-> Request 4
613
(4, 1, 1)
2
(12, 14)
-> Request 5
719
(2, 2, 1)
1
(28, 23)
-> Request 6
992
(2, 2, 2)
2
(23, 4)
-> Request 7
1202
(4, 1, 2)
3
(28, 27)
-> Request 8
1301
(3, 2, 2)
3
(34, 21)
-> Request 9
1343
(4, 2, 2)
1
(55, 34)
--> Day : 2
-> Request 0
115
(2, 1, 1)
3
(34, 70)
-> Request 1
118
(4, 3, 2)
3
(44, 15)
-> Request 2
153
(4, 3, 2)
1
(0, 68)
-> Request 3
291
(1, 3, 2)
1
(17, 71)
-> Request 4
298
(2, 2, 2)
3
(26, 6)
-> Request 5
365
(2, 1, 2)
3
(36, 12)
-> Request 6
378
(4, 1, 1)
1
(33, 65)
-> Request 7
783
(2, 1, 1)
3
(79, 49)
-> Request 8
875
(4, 3, 2)
3
(64, 9)
-> Request 9
1166
(1, 1, 2)
2
(36, 14)
-> Request 10
1259
(3, 1, 1)
1
(30, 48)
-> Request 11
1380
(2, 2, 2)
2
(38, 15)
-> Request 12
1385
(3, 2, 2)
2
(75, 70)
--> Day : 3
-> Request 0
229
(2, 1, 1)
2
(4, 12)
-> Request 1
232
(1, 2, 1)
2
(60, 74)
-> Request 2
417
(1, 1, 2)
2
(39, 25)
-> Request 3
584
(2, 1, 2)
2
(12, 30)
-> Request 4
677
(4, 1, 2)
2
(20, 77)
-> Request 5
1300
(2, 1, 1)
2
(39, 17)
--> Day : 4
-> Request 0
161
(3, 2, 2)
1
(63, 52)
-> Request 1
391
(2, 2, 2)
1
(55, 37)
-> Request 2
588
(4, 3, 1)
2
(40, 7)
-> Request 3
1112
(4, 1, 1)
3
(13, 54)
-> Request 4
1211
(1, 2, 1)
3
(3, 27)
-> Request 5
1429
(1, 3, 2)
1
(8, 41)
---> Week : 53
--> Day : 0
-> Request 0
22
(2, 2, 2)
3
(19, 33)
-> Request 1
172
(4, 2, 2)
3
(32, 24)
-> Request 2
363
(2, 2, 1)
3
(74, 67)
-> Request 3
511
(3, 1, 1)
1
(17, 35)
-> Request 4
617
(3, 2, 2)
3
(46, 48)
-> Request 5
727
(3, 3, 1)
1
(23, 35)
-> Request 6
817
(4, 2, 2)
2
(64, 50)
-> Request 7
1411
(3, 2, 2)
3
(78, 4)
-> Request 8
1415
(2, 1, 1)
1
(74, 22)
--> Day : 1
-> Request 0
55
(3, 3, 2)
1
(49, 77)
-> Request 1
119
(1, 1, 2)
3
(44, 38)
-> Request 2
161
(1, 1, 1)
3
(54, 24)
-> Request 3
208
(1, 2, 1)
1
(50, 27)
-> Request 4
258
(1, 1, 1)
2
(20, 35)
-> Request 5
520
(3, 3, 2)
3
(16, 30)
-> Request 6
832
(2, 2, 1)
2
(57, 23)
-> Request 7
1011
(3, 2, 1)
2
(63, 27)
-> Request 8
1015
(1, 1, 2)
1
(65, 36)
--> Day : 2
-> Request 0
154
(1, 1, 2)
2
(10, 36)
-> Request 1
270
(4, 3, 1)
2
(60, 49)
-> Request 2
509
(1, 2, 2)
3
(11, 35)
-> Request 3
578
(2, 1, 2)
1
(62, 12)
-> Request 4
683
(3, 1, 1)
2
(30, 50)
-> Request 5
686
(4, 2, 1)
2
(79, 13)
-> Request 6
836
(2, 1, 2)
1
(9, 23)
-> Request 7
852
(4, 3, 2)
2
(6, 36)
-> Request 8
878
(2, 2, 1)
1
(75, 78)
-> Request 9
1245
(2, 2, 2)
3
(11, 57)
-> Request 10
1374
(2, 2, 1)
1
(57, 7)
--> Day : 3
-> Request 0
155
(4, 3, 1)
3
(77, 9)
-> Request 1
416
(4, 2, 2)
1
(70, 26)
-> Request 2
647
(3, 2, 2)
2
(44, 61)
-> Request 3
775
(2, 1, 2)
3
(11, 19)
-> Request 4
938
(3, 2, 2)
3
(18, 35)
-> Request 5
1061
(1, 1, 1)
1
(53, 67)
-> Request 6
1247
(1, 3, 1)
1
(35, 69)
-> Request 7
1406
(2, 2, 1)
1
(12, 61)
--> Day : 4
-> Request 0
62
(4, 1, 1)
3
(37, 65)
-> Request 1
161
(3, 2, 1)
1
(22, 66)
-> Request 2
250
(1, 1, 2)
2
(40, 43)
-> Request 3
253
(1, 2, 2)
2
(55, 24)
-> Request 4
923
(4, 1, 1)
3
(79, 38)
-> Request 5
1283
(3, 2, 1)
3
(50, 49)
-> Request 6
1404
(3, 3, 2)
2
(47, 52)
---> Week : 54
--> Day : 0
-> Request 0
170
(4, 2, 1)
1
(19, 65)
-> Request 1
171
(2, 1, 1)
2
(52, 48)
-> Request 2
286
(1, 3, 1)
1
(50, 70)
-> Request 3
380
(2, 1, 2)
2
(7, 67)
-> Request 4
449
(3, 1, 1)
3
(75, 54)
-> Request 5
524
(3, 2, 1)
2
(30, 50)
-> Request 6
548
(2, 3, 2)
3
(17, 0)
-> Request 7
892
(3, 2, 2)
1
(8, 6)
-> Request 8
1035
(3, 3, 2)
3
(60, 71)
-> Request 9
1361
(3, 1, 1)
1
(27, 42)
-> Request 10
1417
(2, 2, 1)
3
(65, 41)
--> Day : 1
-> Request 0
37
(3, 2, 1)
3
(70, 15)
-> Request 1
44
(1, 3, 2)
1
(56, 22)
-> Request 2
59
(4, 1, 1)
2
(32, 17)
-> Request 3
625
(3, 3, 2)
2
(21, 18)
-> Request 4
964
(1, 3, 1)
1
(78, 62)
-> Request 5
1200
(3, 3, 1)
1
(26, 6)
-> Request 6
1201
(1, 2, 1)
3
(12, 17)
-> Request 7
1209
(4, 3, 2)
1
(21, 76)
-> Request 8
1231
(2, 3, 1)
2
(13, 3)
-> Request 9
1356
(2, 2, 2)
1
(18, 41)
-> Request 10
1396
(1, 2, 2)
1
(50, 75)
-> Request 11
1432
(4, 1, 2)
3
(6, 49)
--> Day : 2
-> Request 0
158
(1, 3, 1)
2
(59, 20)
-> Request 1
736
(4, 1, 2)
2
(59, 43)
-> Request 2
778
(1, 1, 1)
2
(46, 36)
-> Request 3
993
(1, 1, 1)
3
(19, 66)
--> Day : 3
-> Request 0
55
(1, 2, 1)
2
(38, 68)
-> Request 1
171
(2, 3, 2)
1
(1, 70)
-> Request 2
530
(1, 2, 1)
2
(61, 47)
-> Request 3
562
(3, 2, 1)
2
(72, 66)
-> Request 4
1093
(1, 3, 2)
2
(74, 41)
-> Request 5
1118
(4, 3, 1)
2
(42, 25)
-> Request 6
1193
(1, 2, 1)
3
(54, 41)
--> Day : 4
-> Request 0
132
(2, 3, 1)
1
(66, 35)
-> Request 1
132
(3, 2, 2)
1
(31, 36)
-> Request 2
272
(3, 3, 2)
3
(15, 52)
-> Request 3
342
(2, 2, 2)
3
(61, 18)
-> Request 4
440
(1, 3, 2)
1
(75, 9)
-> Request 5
702
(4, 3, 2)
1
(47, 61)
-> Request 6
711
(1, 2, 2)
1
(68, 59)
-> Request 7
724
(2, 2, 2)
2
(29, 18)
-> Request 8
744
(4, 3, 2)
2
(73, 71)
-> Request 9
822
(1, 3, 1)
3
(70, 48)
-> Request 10
932
(3, 3, 1)
3
(53, 34)
-> Request 11
1089
(1, 1, 1)
3
(64, 68)
-> Request 12
1102
(4, 2, 1)
2
(25, 42)
-> Request 13
1135
(2, 1, 2)
2
(42, 30)
-> Request 14
1310
(4, 3, 2)
2
(21, 53)
-> Request 15
1362
(4, 2, 2)
1
(28, 79)
---> Week : 55
--> Day : 0
-> Request 0
283
(3, 2, 1)
3
(39, 55)
-> Request 1
292
(4, 1, 2)
1
(77, 37)
-> Request 2
403
(3, 1, 1)
2
(72, 59)
-> Request 3
622
(4, 3, 1)
2
(60, 22)
-> Request 4
623
(1, 1, 2)
3
(22, 66)
-> Request 5
709
(4, 3, 1)
3
(77, 52)
-> Request 6
747
(3, 2, 1)
2
(13, 61)
-> Request 7
811
(2, 1, 1)
3
(26, 72)
-> Request 8
932
(2, 3, 2)
3
(69, 73)
-> Request 9
1079
(3, 1, 2)
3
(38, 58)
-> Request 10
1104
(2, 3, 2)
3
(66, 15)
-> Request 11
1105
(4, 1, 1)
1
(4, 59)
-> Request 12
1354
(2, 1, 1)
1
(72, 46)
-> Request 13
1391
(1, 1, 1)
1
(55, 78)
--> Day : 1
-> Request 0
395
(1, 2, 1)
1
(10, 71)
-> Request 1
470
(1, 1, 1)
2
(43, 21)
-> Request 2
553
(2, 1, 1)
1
(73, 16)
-> Request 3
618
(1, 2, 1)
2
(39, 16)
-> Request 4
696
(3, 2, 1)
2
(79, 57)
-> Request 5
714
(1, 2, 1)
3
(74, 78)
-> Request 6
1332
(2, 2, 1)
2
(17, 31)
--> Day : 2
-> Request 0
437
(1, 2, 1)
2
(13, 57)
-> Request 1
832
(2, 1, 1)
3
(78, 75)
-> Request 2
988
(1, 2, 2)
2
(3, 47)
-> Request 3
1207
(1, 3, 2)
3
(58, 43)
-> Request 4
1307
(3, 2, 2)
2
(70, 51)
-> Request 5
1375
(1, 2, 1)
3
(33, 17)
--> Day : 3
-> Request 0
518
(3, 1, 2)
2
(8, 42)
-> Request 1
960
(4, 1, 2)
2
(74, 7)
-> Request 2
1366
(4, 1, 2)
3
(42, 20)
--> Day : 4
-> Request 0
243
(2, 3, 1)
1
(51, 72)
-> Request 1
314
(3, 2, 1)
2
(42, 0)
-> Request 2
685
(2, 3, 1)
1
(15, 29)
-> Request 3
984
(4, 1, 1)
3
(26, 67)
-> Request 4
1199
(2, 1, 1)
2
(48, 68)
-> Request 5
1332
(1, 2, 1)
1
(0, 33)
-> Request 6
1371
(3, 1, 1)
2
(40, 38)
---> Week : 56
--> Day : 0
-> Request 0
465
(1, 2, 1)
3
(22, 4)
-> Request 1
673
(2, 1, 1)
2
(64, 61)
-> Request 2
808
(2, 3, 2)
3
(29, 72)
-> Request 3
1061
(2, 3, 2)
3
(43, 20)
-> Request 4
1183
(4, 3, 1)
2
(28, 62)
-> Request 5
1297
(3, 1, 2)
2
(66, 61)
--> Day : 1
-> Request 0
11
(4, 3, 1)
1
(38, 35)
-> Request 1
145
(1, 1, 2)
1
(13, 13)
-> Request 2
205
(3, 3, 2)
2
(42, 23)
-> Request 3
403
(4, 2, 2)
2
(58, 48)
-> Request 4
584
(4, 2, 1)
2
(6, 26)
-> Request 5
710
(3, 2, 1)
3
(62, 69)
-> Request 6
850
(1, 3, 2)
3
(30, 6)
-> Request 7
857
(4, 2, 1)
3
(52, 21)
-> Request 8
931
(3, 2, 2)
3
(24, 77)
-> Request 9
957
(4, 1, 1)
2
(1, 66)
-> Request 10
1229
(2, 1, 2)
1
(44, 39)
-> Request 11
1297
(1, 1, 2)
1
(52, 0)
--> Day : 2
-> Request 0
87
(4, 3, 1)
3
(63, 45)
-> Request 1
392
(4, 2, 1)
3
(73, 63)
-> Request 2
563
(4, 2, 2)
2
(10, 73)
-> Request 3
684
(2, 1, 2)
2
(44, 32)
-> Request 4
765
(2, 3, 2)
2
(31, 59)
-> Request 5
813
(1, 1, 2)
3
(67, 28)
-> Request 6
816
(2, 3, 2)
2
(45, 30)
-> Request 7
1223
(1, 2, 2)
3
(4, 69)
-> Request 8
1275
(1, 3, 2)
1
(46, 53)
-> Request 9
1404
(3, 1, 1)
1
(34, 30)
--> Day : 3
-> Request 0
93
(1, 2, 2)
1
(46, 44)
-> Request 1
297
(3, 2, 2)
3
(26, 10)
-> Request 2
500
(1, 1, 1)
1
(75, 56)
-> Request 3
614
(3, 3, 1)
1
(64, 49)
-> Request 4
919
(1, 2, 2)
2
(4, 77)
-> Request 5
953
(4, 3, 2)
1
(58, 27)
-> Request 6
1365
(1, 3, 2)
1
(68, 11)
--> Day : 4
-> Request 0
19
(1, 1, 2)
3
(7, 34)
-> Request 1
123
(2, 3, 1)
1
(64, 32)
-> Request 2
139
(4, 3, 1)
2
(66, 1)
-> Request 3
300
(1, 3, 1)
2
(8, 62)
-> Request 4
346
(4, 1, 2)
2
(67, 39)
-> Request 5
361
(1, 1, 1)
3
(1, 24)
-> Request 6
371
(1, 1, 2)
3
(30, 74)
-> Request 7
378
(3, 2, 1)
3
(67, 54)
-> Request 8
417
(4, 1, 1)
1
(17, 77)
-> Request 9
581
(2, 3, 1)
1
(61, 62)
-> Request 10
688
(4, 3, 2)
3
(68, 47)
-> Request 11
713
(4, 3, 1)
1
(17, 60)
-> Request 12
729
(4, 3, 1)
3
(74, 60)
-> Request 13
748
(1, 3, 1)
2
(76, 0)
-> Request 14
855
(1, 2, 1)
3
(63, 42)
-> Request 15
1074
(2, 3, 1)
1
(7, 68)
-> Request 16
1083
(1, 1, 2)
1
(53, 57)
-> Request 17
1199
(4, 1, 2)
3
(39, 67)
---> Week : 57
--> Day : 0
-> Request 0
144
(1, 2, 1)
3
(53, 40)
-> Request 1
202
(1, 2, 2)
3
(68, 4)
-> Request 2
627
(4, 1, 2)
3
(33, 46)
-> Request 3
935
(4, 3, 2)
1
(33, 35)
-> Request 4
1084
(3, 1, 2)
1
(53, 33)
-> Request 5
1115
(1, 1, 2)
3
(47, 14)
-> Request 6
1144
(1, 2, 2)
1
(62, 69)
--> Day : 1
-> Request 0
43
(1, 1, 1)
3
(29, 10)
-> Request 1
289
(1, 1, 1)
3
(26, 30)
-> Request 2
440
(3, 1, 1)
2
(0, 59)
-> Request 3
524
(2, 2, 1)
1
(69, 13)
-> Request 4
645
(4, 2, 1)
2
(70, 65)
-> Request 5
905
(3, 1, 2)
1
(2, 30)
-> Request 6
1288
(2, 3, 2)
1
(63, 19)
--> Day : 2
-> Request 0
232
(2, 3, 1)
1
(78, 23)
-> Request 1
488
(1, 2, 1)
2
(28, 70)
-> Request 2
538
(1, 1, 2)
3
(40, 8)
-> Request 3
549
(1, 3, 2)
2
(8, 29)
-> Request 4
1248
(3, 3, 2)
3
(45, 54)
-> Request 5
1340
(2, 1, 1)
3
(59, 44)
-> Request 6
1370
(3, 2, 2)
2
(3, 5)
--> Day : 3
-> Request 0
81
(1, 1, 1)
2
(40, 31)
-> Request 1
111
(1, 3, 1)
2
(3, 21)
-> Request 2
232
(1, 3, 1)
2
(28, 73)
-> Request 3
633
(2, 1, 1)
2
(23, 53)
-> Request 4
659
(4, 3, 1)
1
(33, 60)
-> Request 5
1074
(4, 2, 1)
2
(53, 29)
-> Request 6
1392
(3, 3, 1)
3
(12, 12)
--> Day : 4
-> Request 0
1
(3, 3, 1)
1
(73, 35)
-> Request 1
43
(4, 1, 2)
3
(40, 21)
-> Request 2
63
(3, 1, 1)
1
(32, 15)
-> Request 3
220
(1, 2, 2)
1
(42, 4)
-> Request 4
259
(2, 2, 2)
3
(68, 42)
-> Request 5
586
(3, 2, 1)
3
(47, 45)
-> Request 6
717
(4, 2, 1)
2
(16, 9)
-> Request 7
901
(2, 3, 1)
2
(2, 54)
-> Request 8
971
(4, 2, 1)
2
(12, 35)
-> Request 9
1066
(1, 1, 2)
1
(63, 2)
-> Request 10
1110
(1, 3, 2)
2
(26, 40)
-> Request 11
1116
(4, 3, 1)
2
(15, 64)
-> Request 12
1341
(2, 1, 2)
3
(55, 34)
-> Request 13
1410
(1, 1, 1)
2
(45, 6)
---> Week : 58
--> Day : 0
-> Request 0
269
(2, 2, 1)
1
(23, 64)
-> Request 1
383
(2, 3, 1)
1
(20, 55)
-> Request 2
413
(4, 2, 1)
2
(59, 74)
-> Request 3
515
(3, 3, 1)
1
(47, 7)
-> Request 4
554
(3, 1, 2)
1
(14, 44)
-> Request 5
565
(2, 2, 1)
3
(22, 30)
-> Request 6
643
(4, 2, 1)
1
(78, 30)
-> Request 7
842
(2, 3, 1)
3
(60, 73)
-> Request 8
948
(2, 2, 1)
1
(79, 17)
-> Request 9
1081
(4, 3, 2)
2
(40, 18)
-> Request 10
1234
(3, 2, 1)
1
(78, 50)
-> Request 11
1328
(4, 2, 1)
1
(17, 16)
--> Day : 1
-> Request 0
106
(1, 1, 1)
3
(50, 39)
-> Request 1
499
(4, 2, 2)
2
(40, 5)
-> Request 2
660
(2, 1, 1)
1
(67, 61)
-> Request 3
1035
(1, 1, 1)
2
(70, 34)
-> Request 4
1079
(1, 2, 2)
2
(12, 44)
-> Request 5
1135
(3, 2, 1)
2
(5, 33)
-> Request 6
1285
(1, 3, 1)
2
(17, 35)
-> Request 7
1321
(1, 2, 2)
1
(73, 36)
-> Request 8
1385
(1, 2, 1)
3
(35, 1)
--> Day : 2
-> Request 0
15
(2, 3, 1)
3
(23, 6)
-> Request 1
122
(1, 3, 2)
3
(73, 12)
-> Request 2
172
(2, 2, 2)
2
(24, 13)
-> Request 3
197
(2, 3, 2)
1
(30, 6)
-> Request 4
549
(3, 2, 2)
3
(16, 52)
-> Request 5
577
(3, 2, 2)
2
(14, 70)
-> Request 6
617
(1, 1, 2)
2
(27, 56)
-> Request 7
735
(4, 1, 1)
2
(21, 56)
-> Request 8
752
(1, 2, 2)
3
(73, 18)
-> Request 9
1197
(1, 2, 1)
3
(27, 27)
-> Request 10
1264
(3, 3, 2)
1
(22, 33)
-> Request 11
1302
(1, 1, 2)
1
(52, 4)
-> Request 12
1319
(4, 1, 2)
3
(34, 41)
-> Request 13
1391
(4, 3, 2)
3
(41, 48)
--> Day : 3
-> Request 0
92
(4, 1, 1)
3
(44, 45)
-> Request 1
562
(4, 1, 2)
3
(20, 53)
-> Request 2
931
(4, 3, 1)
2
(26, 67)
-> Request 3
1123
(4, 2, 1)
1
(78, 0)
-> Request 4
1252
(4, 1, 1)
3
(41, 58)
--> Day : 4
-> Request 0
40
(4, 1, 1)
2
(26, 73)
-> Request 1
71
(3, 1, 2)
2
(71, 68)
-> Request 2
162
(1, 2, 1)
1
(9, 74)
-> Request 3
231
(3, 3, 2)
1
(3, 33)
-> Request 4
266
(2, 2, 1)
2
(16, 77)
-> Request 5
300
(2, 3, 2)
2
(30, 35)
-> Request 6
1126
(4, 1, 2)
3
(69, 1)
-> Request 7
1184
(1, 2, 2)
3
(42, 62)
-> Request 8
1420
(3, 2, 1)
2
(53, 62)
---> Week : 59
--> Day : 0
-> Request 0
335
(4, 1, 2)
3
(25, 31)
-> Request 1
369
(2, 3, 1)
2
(54, 56)
-> Request 2
371
(3, 2, 2)
3
(56, 11)
-> Request 3
564
(4, 3, 2)
3
(47, 35)
-> Request 4
853
(1, 2, 2)
1
(0, 13)
-> Request 5
1204
(3, 1, 1)
3
(50, 45)
-> Request 6
1215
(3, 2, 2)
2
(63, 61)
-> Request 7
1397
(1, 3, 1)
2
(63, 56)
-> Request 8
1405
(1, 2, 2)
1
(57, 61)
--> Day : 1
-> Request 0
451
(4, 3, 1)
3
(42, 38)
-> Request 1
1171
(1, 1, 1)
3
(34, 63)
-> Request 2
1367
(1, 2, 1)
3
(18, 25)
--> Day : 2
-> Request 0
62
(2, 3, 2)
3
(10, 32)
-> Request 1
169
(1, 2, 2)
2
(2, 63)
-> Request 2
261
(1, 3, 2)
3
(69, 75)
-> Request 3
305
(4, 1, 1)
1
(32, 63)
-> Request 4
523
(3, 2, 2)
3
(1, 57)
-> Request 5
721
(3, 2, 1)
1
(13, 79)
-> Request 6
722
(2, 2, 1)
3
(78, 15)
-> Request 7
722
(1, 3, 2)
1
(40, 30)
-> Request 8
921
(4, 3, 1)
3
(12, 36)
-> Request 9
983
(4, 2, 2)
1
(42, 24)
--> Day : 3
-> Request 0
85
(1, 2, 2)
2
(61, 49)
-> Request 1
103
(1, 2, 1)
2
(21, 41)
-> Request 2
164
(1, 2, 2)
2
(38, 68)
-> Request 3
195
(2, 3, 2)
1
(46, 23)
-> Request 4
199
(1, 2, 2)
1
(75, 2)
-> Request 5
295
(3, 2, 1)
2
(52, 3)
-> Request 6
614
(4, 2, 1)
2
(48, 27)
-> Request 7
724
(4, 1, 2)
1
(56, 39)
-> Request 8
832
(3, 3, 2)
3
(60, 6)
-> Request 9
890
(2, 3, 1)
2
(59, 30)
-> Request 10
1048
(2, 3, 2)
2
(23, 4)
-> Request 11
1156
(1, 2, 1)
2
(2, 14)
-> Request 12
1345
(2, 3, 2)
1
(57, 34)
-> Request 13
1429
(1, 1, 1)
1
(79, 26)
--> Day : 4
-> Request 0
158
(1, 3, 2)
1
(79, 27)
-> Request 1
164
(4, 3, 2)
3
(3, 41)
-> Request 2
545
(4, 3, 2)
2
(50, 75)
-> Request 3
720
(4, 3, 2)
3
(45, 14)
-> Request 4
801
(4, 1, 2)
2
(26, 67)
-> Request 5
929
(4, 2, 2)
3
(38, 42)
-> Request 6
974
(2, 3, 1)
2
(23, 54)
-> Request 7
1096
(3, 2, 1)
1
(56, 18)
---> Week : 60
--> Day : 0
-> Request 0
465
(1, 3, 1)
1
(15, 47)
-> Request 1
634
(2, 3, 2)
3
(49, 72)
-> Request 2
933
(2, 2, 1)
2
(60, 62)
-> Request 3
936
(1, 1, 1)
3
(29, 20)
-> Request 4
965
(4, 3, 2)
2
(15, 48)
-> Request 5
1248
(2, 1, 2)
2
(75, 0)
--> Day : 1
-> Request 0
12
(4, 1, 1)
2
(41, 36)
-> Request 1
203
(3, 1, 1)
2
(8, 52)
-> Request 2
423
(1, 2, 2)
3
(19, 15)
-> Request 3
526
(4, 1, 2)
1
(53, 3)
-> Request 4
789
(2, 3, 1)
3
(22, 17)
-> Request 5
794
(2, 1, 1)
3
(40, 41)
-> Request 6
882
(4, 3, 1)
1
(19, 67)
-> Request 7
963
(4, 2, 2)
2
(65, 54)
-> Request 8
971
(3, 3, 1)
1
(14, 50)
-> Request 9
1044
(3, 1, 1)
2
(6, 25)
-> Request 10
1404
(3, 1, 1)
1
(62, 52)
-> Request 11
1421
(4, 3, 1)
3
(21, 52)
--> Day : 2
-> Request 0
166
(4, 1, 1)
3
(50, 18)
-> Request 1
399
(4, 3, 2)
2
(16, 51)
-> Request 2
605
(3, 1, 1)
2
(2, 41)
-> Request 3
737
(2, 3, 2)
3
(2, 47)
-> Request 4
756
(4, 1, 2)
1
(43, 40)
-> Request 5
802
(2, 1, 2)
1
(73, 70)
-> Request 6
868
(3, 1, 1)
1
(47, 17)
-> Request 7
878
(1, 2, 2)
3
(73, 7)
-> Request 8
1095
(3, 1, 2)
2
(38, 58)
-> Request 9
1301
(4, 2, 1)
3
(76, 42)
--> Day : 3
-> Request 0
18
(1, 3, 2)
1
(73, 12)
-> Request 1
363
(4, 1, 1)
3
(76, 50)
-> Request 2
367
(2, 1, 1)
2
(63, 37)
-> Request 3
492
(3, 1, 2)
1
(34, 17)
-> Request 4
580
(3, 1, 2)
3
(57, 72)
-> Request 5
638
(2, 1, 1)
1
(0, 70)
-> Request 6
651
(3, 1, 2)
2
(6, 70)
-> Request 7
676
(1, 1, 2)
3
(39, 1)
-> Request 8
963
(1, 3, 1)
1
(61, 31)
-> Request 9
1085
(4, 1, 1)
3
(46, 25)
-> Request 10
1111
(3, 2, 2)
1
(17, 62)
-> Request 11
1243
(2, 3, 1)
2
(3, 46)
-> Request 12
1248
(1, 3, 1)
2
(21, 35)
-> Request 13
1409
(1, 2, 1)
1
(50, 61)
--> Day : 4
-> Request 0
360
(1, 1, 2)
1
(12, 43)
-> Request 1
434
(4, 2, 1)
1
(6, 1)
-> Request 2
467
(1, 1, 2)
2
(74, 68)
-> Request 3
599
(4, 2, 2)
3
(18, 26)
-> Request 4
642
(4, 2, 2)
3
(40, 44)
-> Request 5
824
(3, 1, 1)
2
(44, 32)
-> Request 6
883
(4, 3, 1)
1
(24, 40)
-> Request 7
953
(4, 1, 2)
2
(37, 60)
-> Request 8
1050
(3, 3, 1)
1
(46, 47)
-> Request 9
1078
(3, 2, 1)
3
(40, 70)
-> Request 10
1136
(1, 2, 1)
2
(23, 41)
-> Request 11
1145
(3, 2, 1)
1
(51, 3)
-> Request 12
1149
(4, 1, 1)
1
(9, 33)
-> Request 13
1152
(2, 1, 1)
2
(70, 11)
---> Week : 61
--> Day : 0
-> Request 0
87
(3, 1, 1)
3
(5, 45)
-> Request 1
451
(3, 2, 2)
3
(61, 46)
-> Request 2
600
(3, 3, 2)
3
(29, 79)
-> Request 3
1064
(3, 2, 2)
2
(5, 1)
--> Day : 1
-> Request 0
59
(1, 2, 2)
1
(32, 3)
-> Request 1
431
(2, 1, 1)
2
(20, 4)
-> Request 2
624
(3, 2, 2)
1
(33, 11)
-> Request 3
705
(1, 3, 1)
1
(59, 54)
-> Request 4
890
(4, 3, 2)
1
(52, 56)
-> Request 5
981
(2, 1, 2)
3
(39, 2)
-> Request 6
1079
(3, 2, 2)
3
(39, 4)
-> Request 7
1168
(4, 1, 1)
3
(51, 46)
-> Request 8
1288
(3, 2, 2)
3
(1, 4)
--> Day : 2
-> Request 0
33
(4, 3, 2)
1
(5, 3)
-> Request 1
140
(3, 3, 2)
1
(73, 17)
-> Request 2
181
(1, 3, 1)
1
(72, 26)
-> Request 3
206
(2, 1, 1)
3
(41, 76)
-> Request 4
443
(1, 1, 2)
1
(50, 10)
-> Request 5
577
(3, 1, 1)
3
(10, 65)
-> Request 6
704
(2, 3, 2)
1
(13, 14)
-> Request 7
790
(2, 3, 2)
2
(62, 73)
-> Request 8
814
(1, 3, 2)
2
(51, 53)
-> Request 9
1010
(2, 1, 2)
1
(56, 50)
-> Request 10
1322
(1, 2, 2)
3
(69, 25)
-> Request 11
1389
(1, 2, 1)
1
(15, 46)
--> Day : 3
-> Request 0
27
(4, 2, 2)
1
(48, 65)
-> Request 1
328
(3, 1, 2)
2
(75, 27)
-> Request 2
652
(3, 1, 2)
2
(36, 41)
-> Request 3
753
(4, 1, 2)
3
(62, 70)
-> Request 4
864
(3, 1, 1)
3
(35, 27)
-> Request 5
864
(1, 3, 1)
1
(45, 30)
-> Request 6
1132
(4, 1, 2)
3
(66, 77)
-> Request 7
1192
(4, 3, 2)
2
(29, 40)
-> Request 8
1427
(4, 3, 2)
2
(28, 22)
--> Day : 4
-> Request 0
27
(2, 2, 1)
1
(7, 62)
-> Request 1
74
(4, 1, 1)
3
(6, 76)
-> Request 2
251
(2, 3, 2)
2
(23, 15)
-> Request 3
303
(4, 3, 1)
2
(45, 1)
-> Request 4
535
(3, 1, 2)
3
(25, 68)
-> Request 5
879
(2, 3, 2)
2
(75, 45)
-> Request 6
1046
(3, 1, 1)
2
(4, 37)
-> Request 7
1124
(2, 3, 2)
2
(31, 52)
-> Request 8
1215
(2, 3, 1)
3
(7, 73)
-> Request 9
1250
(2, 2, 2)
3
(2, 52)
---> Week : 62
--> Day : 0
-> Request 0
420
(2, 3, 1)
2
(37, 40)
-> Request 1
421
(3, 2, 1)
1
(46, 27)
-> Request 2
1293
(4, 2, 2)
2
(70, 75)
-> Request 3
1329
(2, 2, 1)
1
(40, 35)
--> Day : 1
-> Request 0
27
(3, 2, 2)
1
(33, 13)
-> Request 1
197
(2, 1, 1)
3
(77, 53)
-> Request 2
437
(4, 1, 1)
3
(25, 68)
-> Request 3
470
(4, 2, 2)
3
(72, 6)
-> Request 4
541
(2, 2, 2)
1
(58, 77)
-> Request 5
659
(3, 3, 1)
3
(40, 74)
-> Request 6
683
(3, 3, 2)
1
(48, 20)
-> Request 7
739
(2, 1, 1)
1
(36, 20)
-> Request 8
795
(2, 3, 1)
3
(73, 4)
-> Request 9
923
(4, 3, 2)
3
(67, 25)
-> Request 10
1207
(3, 3, 1)
2
(12, 60)
-> Request 11
1418
(2, 2, 1)
1
(46, 68)
-> Request 12
1425
(4, 3, 1)
2
(32, 18)
--> Day : 2
-> Request 0
113
(3, 2, 1)
1
(6, 72)
-> Request 1
319
(1, 2, 2)
1
(78, 10)
-> Request 2
470
(1, 2, 1)
3
(40, 22)
-> Request 3
727
(3, 1, 2)
2
(60, 61)
-> Request 4
770
(2, 1, 2)
1
(73, 68)
-> Request 5
842
(3, 2, 1)
3
(14, 59)
-> Request 6
997
(2, 3, 2)
2
(39, 52)
--> Day : 3
-> Request 0
3
(2, 1, 2)
1
(7, 14)
-> Request 1
152
(4, 2, 2)
3
(18, 69)
-> Request 2
384
(1, 2, 1)
1
(4, 65)
-> Request 3
475
(2, 3, 2)
1
(12, 5)
-> Request 4
650
(4, 3, 2)
2
(21, 73)
-> Request 5
654
(2, 1, 2)
3
(68, 21)
-> Request 6
1220
(3, 2, 1)
2
(52, 25)
-> Request 7
1278
(4, 1, 2)
1
(65, 24)
-> Request 8
1432
(3, 2, 2)
2
(60, 58)
--> Day : 4
-> Request 0
6
(3, 2, 1)
3
(1, 65)
-> Request 1
7
(3, 1, 1)
2
(24, 76)
-> Request 2
43
(3, 1, 2)
2
(50, 25)
-> Request 3
55
(4, 1, 1)
1
(45, 4)
-> Request 4
134
(2, 3, 1)
1
(77, 8)
-> Request 5
217
(1, 2, 1)
2
(58, 5)
-> Request 6
314
(4, 3, 2)
3
(49, 73)
-> Request 7
389
(2, 3, 2)
3
(57, 10)
-> Request 8
688
(2, 3, 1)
2
(70, 35)
-> Request 9
727
(1, 1, 2)
1
(37, 74)
-> Request 10
790
(4, 3, 2)
1
(19, 3)
-> Request 11
856
(2, 1, 1)
1
(17, 4)
-> Request 12
1071
(1, 3, 1)
1
(69, 29)
-> Request 13
1218
(2, 2, 1)
2
(2, 28)
-> Request 14
1263
(2, 3, 1)
3
(48, 51)
-> Request 15
1270
(1, 2, 1)
1
(32, 24)
-> Request 16
1366
(1, 1, 1)
1
(75, 45)
---> Week : 63
--> Day : 0
-> Request 0
10
(4, 1, 2)
3
(70, 53)
-> Request 1
115
(4, 1, 2)
3
(62, 8)
-> Request 2
142
(4, 2, 2)
1
(70, 26)
-> Request 3
811
(3, 1, 2)
1
(15, 12)
-> Request 4
893
(3, 3, 1)
2
(26, 64)
-> Request 5
896
(3, 2, 2)
3
(75, 10)
-> Request 6
1085
(4, 2, 1)
2
(74, 32)
-> Request 7
1089
(1, 3, 2)
3
(57, 50)
--> Day : 1
-> Request 0
586
(1, 1, 1)
1
(23, 74)
-> Request 1
663
(2, 1, 1)
3
(53, 70)
-> Request 2
839
(1, 2, 2)
2
(46, 58)
-> Request 3
1051
(3, 1, 2)
2
(54, 37)
--> Day : 2
-> Request 0
101
(1, 3, 2)
1
(19, 62)
-> Request 1
318
(4, 2, 2)
2
(24, 38)
-> Request 2
378
(1, 1, 1)
2
(0, 52)
-> Request 3
439
(2, 1, 2)
1
(55, 67)
--> Day : 3
-> Request 0
419
(4, 3, 1)
3
(56, 49)
-> Request 1
530
(1, 2, 1)
1
(69, 66)
-> Request 2
662
(2, 2, 1)
1
(40, 3)
-> Request 3
674
(1, 1, 2)
3
(61, 49)
-> Request 4
727
(4, 3, 1)
1
(2, 1)
-> Request 5
825
(3, 1, 1)
2
(40, 57)
-> Request 6
922
(1, 2, 1)
2
(73, 7)
-> Request 7
1339
(4, 3, 2)
2
(53, 70)
-> Request 8
1376
(4, 1, 1)
1
(51, 17)
-> Request 9
1391
(3, 2, 1)
3
(38, 76)
--> Day : 4
-> Request 0
154
(3, 2, 2)
3
(27, 39)
-> Request 1
387
(3, 1, 2)
2
(75, 31)
-> Request 2
559
(1, 2, 1)
2
(9, 43)
-> Request 3
590
(2, 1, 1)
1
(36, 78)
-> Request 4
804
(4, 1, 1)
2
(16, 29)
-> Request 5
893
(3, 1, 2)
2
(55, 18)
-> Request 6
1067
(3, 3, 1)
3
(53, 21)
-> Request 7
1173
(1, 3, 1)
1
(58, 12)
-> Request 8
1285
(4, 1, 1)
1
(46, 33)
-> Request 9
1351
(4, 1, 2)
1
(34, 62)
---> Week : 64
--> Day : 0
-> Request 0
6
(3, 3, 1)
1
(55, 5)
-> Request 1
47
(4, 2, 2)
3
(53, 0)
-> Request 2
122
(1, 1, 2)
2
(26, 18)
-> Request 3
436
(2, 2, 1)
1
(58, 62)
-> Request 4
672
(4, 3, 2)
3
(5, 47)
-> Request 5
701
(2, 2, 1)
1
(64, 74)
-> Request 6
900
(1, 1, 2)
2
(52, 32)
-> Request 7
974
(3, 1, 2)
1
(31, 26)
-> Request 8
1066
(4, 2, 2)
3
(10, 52)
--> Day : 1
-> Request 0
166
(2, 1, 2)
1
(11, 41)
-> Request 1
282
(2, 1, 1)
1
(66, 64)
-> Request 2
628
(4, 1, 1)
1
(42, 10)
-> Request 3
659
(3, 2, 1)
2
(50, 55)
-> Request 4
666
(3, 1, 1)
3
(32, 47)
-> Request 5
674
(4, 1, 1)
1
(35, 63)
-> Request 6
715
(4, 1, 1)
1
(66, 29)
-> Request 7
813
(3, 1, 2)
2
(75, 44)
-> Request 8
830
(4, 3, 2)
3
(7, 26)
-> Request 9
901
(3, 3, 2)
3
(31, 66)
-> Request 10
1212
(2, 2, 2)
2
(53, 60)
-> Request 11
1245
(2, 2, 1)
1
(70, 36)
-> Request 12
1260
(1, 3, 1)
2
(13, 10)
--> Day : 2
-> Request 0
32
(4, 2, 2)
1
(48, 2)
-> Request 1
37
(4, 1, 2)
3
(69, 59)
-> Request 2
135
(4, 3, 1)
1
(6, 24)
-> Request 3
249
(1, 1, 2)
2
(63, 53)
-> Request 4
495
(1, 3, 2)
1
(5, 36)
-> Request 5
540
(4, 2, 1)
3
(11, 78)
-> Request 6
614
(2, 3, 2)
2
(2, 72)
-> Request 7
685
(2, 1, 1)
3
(38, 50)
-> Request 8
981
(1, 2, 2)
3
(74, 28)
-> Request 9
1053
(4, 2, 1)
2
(65, 78)
-> Request 10
1130
(3, 2, 1)
2
(2, 65)
-> Request 11
1164
(3, 2, 2)
1
(29, 5)
-> Request 12
1250
(3, 2, 1)
3
(53, 67)
-> Request 13
1337
(3, 1, 2)
2
(10, 30)
-> Request 14
1415
(3, 2, 2)
3
(31, 8)
--> Day : 3
-> Request 0
75
(1, 2, 2)
3
(21, 31)
-> Request 1
288
(2, 1, 1)
3
(22, 67)
-> Request 2
504
(2, 2, 1)
2
(68, 50)
-> Request 3
576
(2, 3, 2)
1
(46, 59)
-> Request 4
694
(2, 1, 1)
2
(70, 62)
-> Request 5
821
(3, 3, 2)
1
(50, 76)
-> Request 6
855
(1, 1, 1)
3
(14, 30)
--> Day : 4
-> Request 0
5
(2, 2, 2)
1
(29, 4)
-> Request 1
51
(4, 2, 2)
3
(51, 54)
-> Request 2
60
(4, 1, 2)
1
(43, 65)
-> Request 3
184
(4, 3, 2)
2
(15, 53)
-> Request 4
213
(1, 3, 1)
1
(40, 21)
-> Request 5
333
(3, 2, 2)
2
(48, 18)
-> Request 6
357
(3, 2, 2)
3
(60, 70)
-> Request 7
837
(2, 2, 2)
1
(11, 71)
-> Request 8
1035
(4, 2, 1)
2
(62, 22)
---> Week : 65
--> Day : 0
-> Request 0
108
(2, 2, 1)
1
(33, 67)
-> Request 1
135
(4, 1, 1)
2
(74, 3)
-> Request 2
202
(4, 3, 1)
2
(13, 34)
-> Request 3
473
(3, 2, 2)
1
(55, 22)
-> Request 4
495
(4, 3, 2)
1
(56, 74)
-> Request 5
514
(3, 1, 2)
3
(79, 25)
-> Request 6
523
(2, 1, 1)
3
(27, 24)
-> Request 7
534
(3, 2, 1)
1
(51, 6)
-> Request 8
929
(2, 3, 1)
2
(21, 47)
-> Request 9
1055
(1, 2, 1)
1
(56, 58)
-> Request 10
1151
(1, 2, 2)
1
(75, 13)
-> Request 11
1269
(4, 1, 1)
3
(20, 50)
-> Request 12
1420
(2, 2, 1)
1
(54, 39)
--> Day : 1
-> Request 0
54
(1, 3, 2)
3
(78, 25)
-> Request 1
130
(4, 3, 1)
1
(36, 32)
-> Request 2
347
(1, 1, 1)
2
(78, 67)
-> Request 3
739
(3, 2, 1)
2
(0, 28)
-> Request 4
795
(3, 1, 2)
3
(77, 6)
-> Request 5
900
(4, 2, 2)
2
(21, 57)
-> Request 6
974
(3, 3, 2)
1
(26, 56)
-> Request 7
1029
(4, 3, 2)
2
(42, 72)
-> Request 8
1130
(4, 1, 2)
3
(47, 49)
-> Request 9
1437
(2, 2, 2)
3
(10, 12)
--> Day : 2
-> Request 0
290
(2, 1, 2)
3
(78, 61)
-> Request 1
324
(1, 3, 1)
1
(72, 18)
-> Request 2
505
(4, 1, 1)
2
(42, 5)
-> Request 3
651
(2, 2, 2)
3
(44, 51)
-> Request 4
977
(4, 2, 1)
1
(37, 73)
-> Request 5
1094
(4, 2, 2)
3
(78, 28)
-> Request 6
1321
(3, 1, 1)
1
(30, 25)
-> Request 7
1343
(1, 3, 1)
3
(22, 46)
-> Request 8
1405
(2, 2, 2)
2
(51, 3)
--> Day : 3
-> Request 0
273
(4, 2, 1)
2
(2, 16)
-> Request 1
319
(4, 1, 1)
2
(48, 7)
-> Request 2
474
(2, 2, 1)
3
(57, 26)
-> Request 3
838
(4, 3, 2)
3
(34, 26)
-> Request 4
942
(2, 2, 2)
1
(2, 78)
--> Day : 4
-> Request 0
22
(1, 1, 2)
1
(41, 43)
-> Request 1
76
(1, 2, 1)
3
(19, 33)
-> Request 2
155
(1, 2, 2)
3
(69, 19)
-> Request 3
163
(4, 3, 2)
1
(32, 54)
-> Request 4
197
(1, 3, 1)
1
(14, 68)
-> Request 5
200
(2, 3, 2)
2
(13, 27)
-> Request 6
213
(3, 3, 2)
3
(76, 58)
-> Request 7
257
(2, 3, 1)
2
(26, 65)
-> Request 8
339
(1, 1, 2)
2
(26, 5)
-> Request 9
410
(3, 1, 2)
2
(15, 73)
-> Request 10
445
(4, 2, 1)
2
(39, 11)
-> Request 11
592
(3, 3, 1)
2
(57, 64)
-> Request 12
756
(3, 1, 2)
2
(18, 26)
-> Request 13
1343
(1, 3, 2)
1
(31, 34)
-> Request 14
1348
(2, 3, 1)
1
(68, 50)
-> Request 15
1352
(1, 2, 1)
1
(28, 54)
-> Request 16
1382
(1, 2, 2)
3
(78, 40)
---> Week : 66
--> Day : 0
-> Request 0
36
(2, 3, 1)
1
(64, 26)
-> Request 1
308
(1, 1, 2)
3
(68, 72)
-> Request 2
513
(3, 1, 1)
3
(53, 71)
-> Request 3
519
(2, 3, 2)
1
(38, 0)
-> Request 4
543
(2, 1, 2)
1
(8, 27)
-> Request 5
639
(1, 2, 1)
3
(6, 43)
-> Request 6
934
(4, 3, 1)
2
(28, 58)
-> Request 7
1023
(2, 1, 1)
2
(68, 74)
-> Request 8
1387
(3, 3, 1)
3
(49, 54)
--> Day : 1
-> Request 0
745
(1, 3, 1)
2
(46, 14)
-> Request 1
771
(1, 1, 1)
1
(47, 67)
-> Request 2
1050
(1, 3, 1)
1
(5, 73)
-> Request 3
1188
(2, 3, 1)
3
(72, 73)
-> Request 4
1205
(1, 1, 1)
3
(64, 56)
-> Request 5
1350
(3, 2, 2)
3
(16, 3)
--> Day : 2
-> Request 0
246
(4, 3, 1)
3
(53, 31)
-> Request 1
345
(3, 2, 2)
1
(15, 12)
-> Request 2
348
(3, 3, 1)
3
(52, 0)
-> Request 3
403
(3, 2, 1)
2
(6, 35)
-> Request 4
477
(4, 2, 1)
2
(41, 34)
-> Request 5
568
(2, 3, 2)
1
(28, 13)
-> Request 6
1383
(3, 3, 2)
1
(58, 78)
--> Day : 3
-> Request 0
103
(4, 1, 2)
3
(37, 67)
-> Request 1
239
(2, 1, 1)
3
(7, 39)
-> Request 2
296
(4, 2, 2)
2
(21, 3)
-> Request 3
575
(4, 1, 2)
2
(77, 32)
-> Request 4
751
(4, 3, 1)
3
(15, 18)
-> Request 5
969
(4, 2, 2)
3
(9, 25)
-> Request 6
979
(2, 1, 1)
2
(70, 35)
-> Request 7
993
(4, 2, 2)
2
(23, 11)
-> Request 8
1150
(2, 1, 1)
3
(26, 37)
-> Request 9
1155
(4, 1, 2)
3
(19, 16)
-> Request 10
1283
(3, 2, 1)
3
(31, 64)
-> Request 11
1431
(1, 2, 1)
1
(21, 47)
--> Day : 4
-> Request 0
450
(1, 3, 1)
2
(67, 11)
-> Request 1
483
(2, 3, 1)
2
(32, 69)
-> Request 2
523
(3, 3, 1)
3
(8, 24)
-> Request 3
1029
(2, 3, 1)
1
(43, 3)
-> Request 4
1125
(3, 1, 1)
2
(67, 48)
-> Request 5
1240
(3, 3, 2)
1
(45, 70)
---> Week : 67
--> Day : 0
-> Request 0
161
(1, 3, 1)
1
(2, 31)
-> Request 1
572
(4, 2, 2)
2
(43, 50)
-> Request 2
650
(2, 1, 2)
1
(20, 32)
-> Request 3
650
(4, 3, 1)
1
(31, 58)
-> Request 4
738
(1, 3, 1)
3
(32, 58)
--> Day : 1
-> Request 0
119
(3, 2, 1)
1
(31, 63)
-> Request 1
303
(2, 2, 2)
2
(0, 39)
-> Request 2
318
(2, 1, 2)
3
(42, 12)
-> Request 3
417
(4, 1, 2)
2
(0, 25)
-> Request 4
1046
(1, 2, 1)
1
(66, 41)
-> Request 5
1087
(3, 2, 2)
2
(24, 10)
-> Request 6
1132
(2, 1, 2)
1
(7, 73)
-> Request 7
1275
(2, 2, 1)
1
(12, 11)
-> Request 8
1336
(3, 2, 2)
3
(10, 74)
--> Day : 2
-> Request 0
95
(2, 2, 2)
2
(61, 33)
-> Request 1
378
(4, 2, 1)
1
(21, 1)
-> Request 2
626
(3, 3, 1)
1
(27, 74)
-> Request 3
664
(3, 1, 2)
3
(64, 72)
-> Request 4
978
(3, 2, 1)
1
(4, 31)
-> Request 5
1223
(3, 1, 1)
2
(26, 18)
-> Request 6
1258
(4, 1, 2)
3
(32, 52)
--> Day : 3
-> Request 0
36
(1, 3, 2)
3
(64, 70)
-> Request 1
117
(1, 1, 1)
2
(8, 11)
-> Request 2
316
(1, 1, 1)
2
(42, 39)
-> Request 3
391
(4, 1, 2)
3
(69, 15)
-> Request 4
628
(2, 1, 1)
2
(11, 78)
-> Request 5
1100
(3, 3, 1)
3
(56, 46)
-> Request 6
1187
(3, 3, 1)
3
(52, 51)
--> Day : 4
-> Request 0
121
(3, 1, 2)
2
(75, 73)
-> Request 1
218
(1, 1, 2)
1
(34, 7)
-> Request 2
272
(1, 2, 2)
1
(1, 21)
-> Request 3
721
(1, 2, 2)
1
(55, 28)
-> Request 4
789
(1, 3, 1)
3
(23, 37)
-> Request 5
811
(2, 3, 2)
2
(10, 38)
-> Request 6
944
(2, 3, 2)
3
(65, 68)
-> Request 7
1112
(2, 1, 2)
2
(31, 77)
-> Request 8
1186
(3, 1, 1)
3
(13, 67)
-> Request 9
1314
(4, 3, 2)
3
(39, 5)
-> Request 10
1314
(1, 3, 2)
3
(0, 44)
-> Request 11
1384
(2, 3, 2)
2
(28, 66)
-> Request 12
1405
(2, 1, 2)
1
(28, 49)
-> Request 13
1430
(3, 1, 1)
2
(16, 38)
---> Week : 68
--> Day : 0
-> Request 0
298
(4, 3, 1)
2
(3, 16)
-> Request 1
640
(4, 1, 1)
3
(30, 15)
-> Request 2
649
(1, 3, 1)
3
(47, 66)
-> Request 3
819
(1, 3, 1)
3
(44, 23)
-> Request 4
871
(1, 3, 2)
3
(44, 59)
-> Request 5
907
(1, 1, 1)
2
(59, 48)
-> Request 6
1076
(3, 2, 2)
2
(12, 21)
-> Request 7
1084
(3, 2, 1)
3
(42, 6)
-> Request 8
1320
(1, 3, 1)
1
(56, 51)
--> Day : 1
-> Request 0
127
(1, 2, 2)
3
(35, 34)
-> Request 1
265
(4, 2, 2)
1
(50, 38)
-> Request 2
1021
(1, 1, 2)
3
(74, 33)
-> Request 3
1095
(1, 1, 2)
3
(49, 31)
-> Request 4
1155
(2, 3, 1)
2
(36, 53)
-> Request 5
1170
(1, 1, 2)
3
(65, 57)
-> Request 6
1309
(3, 2, 2)
1
(55, 19)
--> Day : 2
-> Request 0
66
(4, 2, 2)
2
(38, 19)
-> Request 1
70
(4, 2, 1)
3
(30, 0)
-> Request 2
133
(1, 1, 1)
3
(47, 77)
-> Request 3
184
(1, 2, 1)
2
(77, 4)
-> Request 4
617
(4, 1, 2)
3
(19, 2)
-> Request 5
674
(2, 1, 1)
3
(37, 42)
-> Request 6
688
(1, 2, 2)
1
(19, 20)
-> Request 7
771
(2, 3, 1)
2
(22, 58)
-> Request 8
937
(1, 1, 2)
2
(30, 49)
-> Request 9
1407
(1, 3, 2)
1
(54, 34)
-> Request 10
1426
(1, 3, 1)
2
(12, 57)
--> Day : 3
-> Request 0
53
(3, 1, 1)
3
(57, 77)
-> Request 1
162
(1, 1, 2)
1
(69, 35)
-> Request 2
258
(1, 3, 2)
3
(61, 44)
-> Request 3
467
(1, 1, 2)
3
(71, 1)
-> Request 4
469
(4, 1, 1)
2
(57, 16)
-> Request 5
594
(2, 2, 2)
2
(2, 70)
-> Request 6
635
(4, 3, 2)
1
(57, 26)
-> Request 7
637
(4, 2, 1)
1
(46, 2)
-> Request 8
680
(4, 1, 1)
1
(56, 37)
-> Request 9
762
(1, 3, 1)
2
(26, 1)
-> Request 10
965
(4, 2, 1)
1
(76, 9)
-> Request 11
1062
(4, 2, 1)
3
(0, 72)
-> Request 12
1132
(4, 1, 1)
3
(35, 14)
--> Day : 4
-> Request 0
82
(4, 2, 2)
3
(30, 57)
-> Request 1
117
(4, 1, 1)
3
(73, 15)
-> Request 2
172
(3, 3, 1)
2
(74, 70)
-> Request 3
178
(1, 3, 2)
3
(56, 14)
-> Request 4
343
(2, 1, 1)
1
(28, 23)
-> Request 5
503
(1, 3, 1)
2
(21, 70)
-> Request 6
624
(3, 1, 2)
2
(4, 48)
-> Request 7
861
(1, 3, 1)
1
(34, 11)
-> Request 8
1011
(2, 2, 1)
3
(65, 38)
-> Request 9
1409
(1, 1, 2)
1
(73, 19)
---> Week : 69
--> Day : 0
-> Request 0
144
(2, 2, 2)
3
(24, 1)
-> Request 1
214
(4, 1, 1)
3
(19, 60)
-> Request 2
368
(2, 2, 2)
3
(10, 57)
-> Request 3
465
(4, 3, 2)
3
(72, 5)
-> Request 4
484
(2, 3, 1)
3
(52, 48)
-> Request 5
518
(4, 2, 1)
2
(57, 49)
-> Request 6
603
(3, 2, 1)
2
(59, 77)
-> Request 7
704
(1, 1, 1)
2
(31, 63)
-> Request 8
948
(3, 3, 2)
2
(53, 59)
-> Request 9
1156
(4, 3, 1)
2
(4, 34)
--> Day : 1
-> Request 0
471
(2, 3, 1)
1
(79, 34)
-> Request 1
565
(2, 3, 2)
3
(64, 54)
-> Request 2
567
(4, 3, 2)
2
(67, 49)
-> Request 3
575
(4, 3, 1)
3
(74, 75)
-> Request 4
1004
(1, 1, 2)
3
(29, 64)
-> Request 5
1359
(4, 3, 2)
3
(75, 1)
-> Request 6
1376
(2, 3, 2)
3
(66, 25)
--> Day : 2
-> Request 0
484
(4, 2, 2)
3
(12, 43)
-> Request 1
797
(4, 3, 2)
2
(63, 41)
-> Request 2
802
(2, 2, 1)
1
(77, 20)
-> Request 3
925
(3, 3, 1)
1
(73, 67)
-> Request 4
935
(2, 2, 2)
2
(74, 67)
-> Request 5
1095
(1, 3, 1)
3
(7, 75)
-> Request 6
1143
(1, 2, 2)
2
(20, 21)
-> Request 7
1181
(3, 3, 2)
1
(37, 2)
-> Request 8
1224
(4, 3, 2)
2
(60, 43)
-> Request 9
1289
(3, 3, 2)
3
(53, 61)
-> Request 10
1438
(1, 2, 2)
2
(58, 4)
--> Day : 3
-> Request 0
21
(1, 1, 1)
2
(33, 38)
-> Request 1
138
(4, 2, 1)
1
(46, 69)
-> Request 2
390
(3, 3, 2)
2
(48, 74)
-> Request 3
440
(2, 2, 2)
3
(45, 66)
-> Request 4
890
(4, 3, 1)
1
(6, 70)
-> Request 5
1032
(4, 2, 2)
3
(56, 26)
-> Request 6
1276
(2, 1, 2)
2
(68, 33)
--> Day : 4
-> Request 0
230
(2, 3, 1)
3
(47, 9)
-> Request 1
266
(3, 3, 1)
3
(29, 24)
-> Request 2
366
(1, 2, 1)
1
(62, 47)
-> Request 3
491
(4, 2, 2)
3
(8, 72)
-> Request 4
1015
(2, 3, 2)
1
(32, 47)
-> Request 5
1212
(4, 1, 2)
1
(17, 49)
-> Request 6
1398
(1, 1, 2)
2
(71, 31)
---> Week : 70
--> Day : 0
-> Request 0
101
(3, 1, 2)
1
(5, 73)
-> Request 1
117
(2, 2, 1)
3
(56, 79)
-> Request 2
197
(1, 3, 2)
2
(25, 42)
-> Request 3
246
(2, 3, 2)
2
(73, 34)
-> Request 4
713
(4, 2, 1)
3
(24, 8)
-> Request 5
713
(1, 3, 1)
1
(20, 55)
-> Request 6
908
(3, 3, 2)
2
(24, 14)
-> Request 7
1005
(4, 2, 2)
1
(72, 46)
-> Request 8
1130
(3, 3, 1)
1
(13, 62)
-> Request 9
1419
(1, 3, 2)
3
(42, 49)
--> Day : 1
-> Request 0
47
(4, 2, 1)
1
(61, 52)
-> Request 1
702
(3, 1, 2)
2
(64, 35)
-> Request 2
1125
(1, 2, 2)
1
(50, 29)
-> Request 3
1143
(2, 2, 1)
3
(38, 29)
-> Request 4
1239
(1, 1, 1)
2
(51, 76)
--> Day : 2
-> Request 0
57
(4, 3, 2)
3
(78, 61)
-> Request 1
238
(4, 1, 2)
1
(46, 19)
-> Request 2
356
(2, 2, 1)
1
(37, 68)
-> Request 3
385
(1, 1, 1)
1
(79, 2)
-> Request 4
444
(4, 3, 1)
3
(55, 60)
-> Request 5
481
(4, 2, 1)
3
(70, 77)
-> Request 6
645
(2, 3, 1)
3
(55, 5)
-> Request 7
789
(2, 1, 2)
3
(24, 72)
-> Request 8
1430
(2, 1, 1)
2
(23, 8)
--> Day : 3
-> Request 0
148
(4, 1, 2)
2
(70, 39)
-> Request 1
469
(1, 2, 1)
2
(47, 15)
-> Request 2
524
(1, 3, 1)
2
(27, 72)
-> Request 3
533
(1, 1, 1)
1
(44, 52)
-> Request 4
644
(3, 2, 2)
2
(48, 76)
-> Request 5
806
(3, 2, 2)
1
(2, 37)
-> Request 6
883
(3, 3, 2)
2
(47, 51)
-> Request 7
1331
(3, 1, 1)
2
(2, 57)
--> Day : 4
-> Request 0
158
(1, 1, 2)
1
(26, 36)
-> Request 1
588
(2, 3, 2)
2
(79, 56)
-> Request 2
781
(1, 3, 2)
2
(35, 52)
-> Request 3
957
(4, 1, 1)
2
(21, 24)
-> Request 4
977
(2, 1, 2)
2
(46, 74)
-> Request 5
996
(1, 1, 2)
1
(4, 39)
-> Request 6
1038
(4, 1, 2)
3
(58, 62)
-> Request 7
1376
(2, 2, 2)
1
(4, 25)
---> Week : 71
--> Day : 0
-> Request 0
162
(2, 2, 1)
2
(48, 74)
-> Request 1
358
(2, 1, 1)
1
(48, 34)
-> Request 2
444
(4, 2, 2)
2
(22, 1)
-> Request 3
565
(1, 3, 1)
2
(74, 78)
-> Request 4
823
(3, 2, 2)
2
(38, 19)
-> Request 5
884
(1, 3, 2)
2
(52, 73)
-> Request 6
1043
(1, 3, 2)
2
(16, 42)
-> Request 7
1119
(4, 1, 1)
1
(70, 66)
-> Request 8
1339
(3, 3, 1)
2
(60, 46)
-> Request 9
1376
(2, 2, 2)
2
(67, 64)
--> Day : 1
-> Request 0
497
(3, 1, 1)
1
(15, 32)
-> Request 1
544
(1, 2, 2)
3
(4, 51)
-> Request 2
613
(2, 1, 1)
3
(50, 0)
-> Request 3
797
(4, 3, 1)
3
(64, 24)
-> Request 4
1039
(2, 1, 2)
1
(57, 40)
-> Request 5
1039
(2, 3, 1)
1
(49, 0)
-> Request 6
1139
(1, 3, 1)
1
(39, 52)
-> Request 7
1257
(1, 3, 1)
2
(43, 23)
--> Day : 2
-> Request 0
79
(3, 1, 1)
1
(78, 27)
-> Request 1
103
(1, 3, 1)
2
(30, 49)
-> Request 2
360
(1, 1, 2)
1
(72, 2)
-> Request 3
535
(2, 3, 1)
3
(12, 37)
-> Request 4
550
(2, 2, 2)
3
(28, 35)
-> Request 5
648
(3, 2, 2)
2
(40, 51)
-> Request 6
776
(4, 2, 1)
1
(29, 73)
-> Request 7
827
(1, 1, 2)
3
(2, 37)
-> Request 8
1131
(2, 2, 2)
1
(35, 61)
--> Day : 3
-> Request 0
24
(3, 2, 2)
3
(52, 54)
-> Request 1
484
(4, 1, 2)
2
(24, 77)
-> Request 2
505
(1, 1, 2)
3
(18, 43)
-> Request 3
507
(2, 2, 2)
1
(42, 50)
-> Request 4
581
(4, 1, 1)
3
(70, 16)
-> Request 5
613
(3, 3, 2)
1
(3, 48)
-> Request 6
908
(4, 2, 1)
2
(3, 20)
-> Request 7
941
(3, 3, 2)
2
(54, 52)
-> Request 8
954
(4, 1, 1)
1
(43, 22)
-> Request 9
1386
(3, 2, 1)
2
(7, 76)
--> Day : 4
-> Request 0
32
(1, 1, 1)
1
(3, 73)
-> Request 1
69
(4, 1, 1)
3
(38, 11)
-> Request 2
714
(4, 3, 1)
3
(6, 41)
-> Request 3
1209
(1, 1, 2)
3
(54, 18)
-> Request 4
1395
(2, 3, 2)
1
(45, 67)
---> Week : 72
--> Day : 0
-> Request 0
142
(2, 1, 2)
1
(39, 4)
-> Request 1
321
(3, 3, 1)
1
(66, 62)
-> Request 2
419
(1, 3, 2)
2
(22, 41)
-> Request 3
611
(4, 1, 1)
2
(3, 3)
-> Request 4
633
(3, 2, 1)
3
(26, 49)
-> Request 5
803
(3, 1, 1)
2
(19, 60)
-> Request 6
1051
(3, 3, 2)
2
(17, 65)
-> Request 7
1088
(4, 3, 1)
3
(23, 12)
-> Request 8
1258
(4, 1, 2)
2
(44, 40)
--> Day : 1
-> Request 0
44
(4, 2, 2)
3
(72, 54)
-> Request 1
72
(1, 3, 1)
3
(11, 44)
-> Request 2
114
(3, 2, 1)
3
(13, 46)
-> Request 3
406
(2, 1, 2)
3
(26, 63)
-> Request 4
451
(4, 2, 1)
2
(43, 35)
-> Request 5
486
(3, 2, 2)
2
(75, 10)
-> Request 6
539
(1, 3, 2)
1
(6, 42)
-> Request 7
1022
(4, 2, 1)
1
(33, 63)
-> Request 8
1327
(1, 2, 2)
1
(23, 47)
-> Request 9
1379
(3, 1, 2)
3
(77, 42)
-> Request 10
1395
(3, 2, 2)
2
(47, 63)
-> Request 11
1417
(1, 3, 2)
1
(39, 21)
--> Day : 2
-> Request 0
315
(3, 2, 2)
2
(55, 7)
-> Request 1
332
(2, 2, 2)
1
(30, 67)
-> Request 2
457
(4, 3, 1)
3
(32, 48)
-> Request 3
655
(1, 1, 2)
2
(55, 64)
-> Request 4
740
(2, 3, 1)
2
(50, 74)
-> Request 5
829
(2, 1, 2)
3
(41, 28)
-> Request 6
874
(2, 2, 1)
3
(12, 60)
-> Request 7
1362
(2, 3, 2)
2
(36, 75)
--> Day : 3
-> Request 0
233
(2, 2, 2)
3
(0, 59)
-> Request 1
313
(2, 1, 1)
2
(8, 79)
-> Request 2
361
(4, 1, 2)
3
(35, 48)
-> Request 3
378
(1, 1, 2)
3
(17, 12)
-> Request 4
510
(4, 1, 2)
3
(21, 29)
-> Request 5
541
(1, 2, 1)
3
(34, 23)
-> Request 6
852
(2, 1, 2)
3
(38, 7)
-> Request 7
858
(4, 1, 1)
2
(46, 55)
-> Request 8
1406
(4, 1, 1)
2
(18, 76)
--> Day : 4
-> Request 0
22
(4, 2, 2)
2
(66, 74)
-> Request 1
25
(1, 1, 2)
2
(18, 7)
-> Request 2
215
(1, 3, 2)
3
(28, 45)
-> Request 3
235
(2, 2, 2)
1
(58, 16)
-> Request 4
408
(3, 1, 2)
1
(45, 57)
-> Request 5
504
(1, 1, 1)
3
(71, 40)
-> Request 6
738
(4, 3, 1)
3
(9, 46)
-> Request 7
766
(4, 3, 2)
2
(7, 78)
-> Request 8
771
(2, 1, 2)
1
(48, 19)
-> Request 9
1127
(3, 1, 1)
2
(71, 42)
-> Request 10
1308
(3, 2, 2)
1
(73, 33)
-> Request 11
1403
(3, 2, 2)
3
(53, 53)
---> Week : 73
--> Day : 0
-> Request 0
33
(2, 1, 1)
2
(47, 60)
-> Request 1
33
(3, 3, 2)
1
(57, 28)
-> Request 2
174
(4, 1, 1)
1
(64, 12)
-> Request 3
329
(2, 3, 2)
1
(27, 79)
-> Request 4
447
(3, 1, 1)
3
(19, 23)
-> Request 5
534
(4, 2, 1)
2
(77, 32)
-> Request 6
626
(4, 2, 1)
2
(34, 54)
-> Request 7
692
(3, 3, 2)
3
(54, 36)
-> Request 8
975
(4, 3, 2)
1
(0, 31)
-> Request 9
999
(1, 3, 2)
2
(50, 41)
-> Request 10
1005
(2, 3, 2)
1
(9, 72)
-> Request 11
1060
(3, 3, 1)
1
(30, 3)
-> Request 12
1114
(1, 1, 1)
1
(26, 35)
-> Request 13
1181
(2, 1, 2)
1
(26, 17)
-> Request 14
1374
(3, 3, 2)
3
(65, 53)
--> Day : 1
-> Request 0
265
(3, 3, 1)
3
(49, 74)
-> Request 1
330
(1, 1, 2)
1
(22, 17)
-> Request 2
534
(4, 1, 2)
1
(2, 36)
-> Request 3
588
(3, 1, 2)
2
(75, 74)
-> Request 4
975
(3, 2, 2)
3
(10, 53)
-> Request 5
1069
(3, 1, 1)
1
(29, 11)
-> Request 6
1339
(3, 1, 2)
2
(8, 77)
--> Day : 2
-> Request 0
177
(2, 3, 1)
1
(6, 26)
-> Request 1
184
(2, 2, 2)
2
(33, 18)
-> Request 2
217
(1, 1, 1)
3
(39, 39)
-> Request 3
464
(1, 1, 2)
2
(5, 54)
-> Request 4
491
(2, 3, 1)
1
(24, 37)
-> Request 5
501
(4, 1, 1)
3
(33, 48)
-> Request 6
605
(1, 3, 2)
3
(6, 12)
-> Request 7
1078
(2, 1, 1)
1
(18, 28)
-> Request 8
1172
(4, 3, 1)
1
(37, 70)
-> Request 9
1222
(2, 1, 1)
3
(59, 36)
-> Request 10
1322
(2, 1, 1)
2
(48, 52)
-> Request 11
1340
(2, 1, 1)
1
(34, 33)
--> Day : 3
-> Request 0
428
(3, 2, 1)
1
(64, 26)
-> Request 1
512
(4, 2, 1)
2
(31, 21)
-> Request 2
591
(4, 3, 2)
1
(36, 39)
-> Request 3
803
(3, 3, 2)
3
(20, 43)
-> Request 4
1222
(1, 2, 1)
3
(15, 30)
-> Request 5
1263
(3, 2, 2)
2
(77, 19)
--> Day : 4
-> Request 0
116
(2, 2, 1)
2
(17, 75)
-> Request 1
272
(3, 3, 1)
1
(20, 34)
-> Request 2
363
(3, 3, 1)
1
(65, 40)
-> Request 3
656
(3, 2, 1)
1
(5, 19)
-> Request 4
828
(1, 1, 2)
2
(33, 79)
-> Request 5
974
(3, 1, 2)
3
(37, 8)
-> Request 6
1046
(2, 3, 1)
2
(20, 65)
-> Request 7
1184
(2, 2, 2)
2
(6, 65)
-> Request 8
1302
(1, 1, 2)
1
(56, 52)
---> Week : 74
--> Day : 0
-> Request 0
140
(1, 3, 2)
1
(56, 49)
-> Request 1
187
(4, 2, 1)
3
(24, 33)
-> Request 2
304
(4, 1, 2)
1
(7, 63)
-> Request 3
453
(4, 3, 1)
2
(15, 22)
-> Request 4
543
(3, 2, 2)
2
(70, 61)
-> Request 5
565
(3, 2, 2)
2
(15, 21)
-> Request 6
584
(3, 2, 1)
3
(61, 59)
-> Request 7
603
(4, 1, 1)
2
(48, 61)
-> Request 8
745
(1, 1, 1)
3
(22, 73)
-> Request 9
1034
(3, 1, 2)
2
(9, 7)
-> Request 10
1092
(4, 1, 2)
2
(43, 45)
-> Request 11
1104
(4, 2, 2)
3
(48, 74)
-> Request 12
1201
(4, 2, 2)
2
(25, 44)
-> Request 13
1229
(1, 2, 1)
1
(17, 4)
-> Request 14
1229
(2, 2, 1)
2
(72, 61)
-> Request 15
1279
(2, 1, 1)
1
(4, 24)
-> Request 16
1296
(2, 3, 2)
3
(69, 63)
-> Request 17
1360
(1, 2, 2)
3
(65, 30)
--> Day : 1
-> Request 0
130
(4, 1, 1)
1
(33, 62)
-> Request 1
157
(2, 1, 1)
1
(15, 43)
-> Request 2
479
(1, 2, 1)
2
(5, 38)
-> Request 3
643
(1, 2, 1)
1
(66, 37)
-> Request 4
895
(4, 1, 2)
1
(59, 40)
-> Request 5
961
(1, 2, 2)
2
(6, 38)
-> Request 6
1211
(3, 3, 1)
1
(48, 23)
-> Request 7
1300
(1, 2, 1)
2
(54, 4)
-> Request 8
1322
(4, 1, 2)
3
(7, 20)
-> Request 9
1347
(4, 3, 1)
3
(71, 12)
-> Request 10
1390
(2, 3, 1)
1
(68, 40)
--> Day : 2
-> Request 0
154
(1, 1, 1)
1
(66, 44)
-> Request 1
255
(3, 3, 2)
1
(44, 50)
-> Request 2
713
(1, 1, 2)
3
(66, 15)
-> Request 3
723
(2, 2, 2)
3
(71, 42)
-> Request 4
831
(1, 3, 2)
1
(35, 34)
-> Request 5
856
(4, 2, 1)
3
(76, 65)
-> Request 6
1367
(2, 2, 1)
2
(55, 17)
-> Request 7
1439
(2, 3, 2)
3
(9, 28)
--> Day : 3
-> Request 0
32
(3, 1, 1)
3
(51, 26)
-> Request 1
86
(4, 1, 1)
2
(53, 20)
-> Request 2
257
(1, 3, 1)
2
(45, 46)
-> Request 3
642
(1, 3, 2)
3
(53, 19)
-> Request 4
727
(4, 2, 2)
1
(18, 79)
-> Request 5
729
(1, 1, 1)
1
(53, 26)
-> Request 6
752
(3, 3, 2)
3
(63, 31)
-> Request 7
1000
(2, 3, 2)
2
(50, 66)
-> Request 8
1067
(2, 2, 2)
1
(68, 48)
-> Request 9
1072
(4, 1, 2)
2
(18, 6)
-> Request 10
1086
(4, 3, 2)
3
(14, 48)
-> Request 11
1221
(1, 1, 1)
1
(71, 25)
-> Request 12
1314
(4, 1, 2)
1
(15, 68)
--> Day : 4
-> Request 0
692
(4, 1, 2)
2
(79, 42)
-> Request 1
786
(4, 1, 2)
1
(38, 16)
-> Request 2
802
(3, 3, 1)
2
(54, 41)
-> Request 3
817
(2, 3, 1)
1
(0, 63)
-> Request 4
1262
(4, 2, 1)
1
(22, 66)
-> Request 5
1290
(3, 1, 2)
2
(51, 75)
---> Week : 75
--> Day : 0
-> Request 0
36
(3, 3, 1)
3
(20, 14)
-> Request 1
171
(1, 3, 1)
1
(38, 8)
-> Request 2
227
(1, 2, 1)
2
(28, 60)
-> Request 3
230
(4, 2, 2)
1
(38, 14)
-> Request 4
365
(2, 2, 2)
2
(33, 44)
-> Request 5
367
(2, 3, 1)
1
(44, 23)
-> Request 6
539
(3, 3, 2)
2
(4, 40)
-> Request 7
665
(4, 2, 1)
2
(20, 65)
-> Request 8
833
(1, 3, 1)
2
(67, 55)
-> Request 9
856
(4, 2, 1)
2
(61, 31)
-> Request 10
1104
(1, 2, 1)
2
(75, 33)
-> Request 11
1118
(2, 1, 1)
1
(52, 60)
-> Request 12
1183
(2, 1, 2)
3
(57, 14)
-> Request 13
1268
(2, 1, 2)
3
(28, 61)
-> Request 14
1381
(4, 1, 2)
1
(3, 36)
-> Request 15
1387
(3, 2, 2)
1
(24, 13)
--> Day : 1
-> Request 0
492
(1, 3, 1)
2
(70, 76)
-> Request 1
659
(1, 3, 2)
1
(6, 49)
-> Request 2
689
(4, 1, 2)
3
(59, 61)
-> Request 3
705
(2, 3, 2)
2
(50, 11)
-> Request 4
885
(2, 2, 2)
2
(70, 54)
-> Request 5
1016
(4, 2, 1)
1
(5, 68)
-> Request 6
1396
(2, 3, 1)
3
(32, 11)
-> Request 7
1407
(4, 3, 1)
3
(68, 3)
--> Day : 2
-> Request 0
12
(1, 1, 2)
3
(12, 39)
-> Request 1
129
(2, 1, 2)
3
(11, 78)
-> Request 2
572
(3, 2, 2)
3
(0, 66)
-> Request 3
767
(4, 2, 2)
1
(38, 7)
-> Request 4
943
(4, 3, 2)
3
(14, 21)
-> Request 5
1016
(2, 1, 1)
2
(71, 14)
-> Request 6
1154
(4, 3, 1)
3
(35, 56)
-> Request 7
1222
(2, 3, 1)
2
(19, 79)
-> Request 8
1306
(1, 2, 2)
2
(4, 12)
--> Day : 3
-> Request 0
509
(4, 1, 1)
3
(44, 71)
-> Request 1
560
(3, 3, 2)
3
(20, 38)
-> Request 2
639
(3, 3, 2)
2
(11, 32)
-> Request 3
779
(2, 3, 2)
2
(31, 39)
-> Request 4
831
(1, 1, 1)
2
(66, 51)
-> Request 5
852
(2, 1, 2)
2
(69, 58)
-> Request 6
856
(2, 3, 1)
2
(22, 67)
-> Request 7
969
(2, 1, 1)
3
(3, 34)
-> Request 8
1215
(3, 3, 2)
2
(70, 45)
-> Request 9
1346
(3, 2, 1)
1
(42, 77)
--> Day : 4
-> Request 0
169
(1, 3, 2)
2
(6, 37)
-> Request 1
314
(2, 2, 1)
2
(44, 70)
-> Request 2
916
(2, 2, 1)
2
(12, 73)
-> Request 3
1081
(2, 2, 2)
3
(26, 60)
-> Request 4
1230
(3, 2, 2)
2
(45, 29)
---> Week : 76
--> Day : 0
-> Request 0
89
(1, 3, 1)
3
(34, 40)
-> Request 1
236
(2, 1, 1)
2
(35, 1)
-> Request 2
437
(3, 3, 2)
2
(74, 2)
-> Request 3
441
(1, 1, 2)
2
(49, 77)
-> Request 4
849
(4, 1, 2)
1
(33, 44)
-> Request 5
1112
(1, 1, 2)
1
(68, 74)
-> Request 6
1201
(3, 2, 1)
2
(7, 14)
-> Request 7
1415
(4, 3, 1)
1
(51, 68)
--> Day : 1
-> Request 0
93
(4, 3, 1)
3
(79, 54)
-> Request 1
342
(3, 2, 2)
1
(16, 34)
-> Request 2
432
(1, 2, 1)
3
(65, 59)
-> Request 3
569
(4, 3, 2)
1
(43, 7)
-> Request 4
710
(1, 3, 2)
3
(21, 53)
-> Request 5
1230
(3, 2, 1)
3
(9, 63)
-> Request 6
1385
(3, 2, 2)
1
(41, 10)
--> Day : 2
-> Request 0
16
(3, 1, 1)
2
(51, 57)
-> Request 1
61
(3, 1, 2)
1
(34, 67)
-> Request 2
180
(2, 2, 1)
1
(67, 57)
-> Request 3
403
(1, 2, 1)
1
(4, 75)
-> Request 4
494
(1, 3, 2)
2
(43, 3)
-> Request 5
711
(3, 1, 1)
3
(36, 57)
-> Request 6
732
(4, 2, 1)
3
(18, 63)
-> Request 7
1100
(3, 3, 2)
3
(38, 51)
-> Request 8
1135
(4, 1, 2)
1
(25, 65)
-> Request 9
1221
(4, 2, 1)
3
(49, 33)
-> Request 10
1233
(1, 3, 2)
1
(8, 74)
-> Request 11
1235
(3, 1, 1)
2
(35, 3)
--> Day : 3
-> Request 0
97
(1, 1, 1)
3
(65, 44)
-> Request 1
204
(1, 1, 2)
3
(53, 50)
-> Request 2
269
(4, 2, 1)
1
(70, 79)
-> Request 3
406
(2, 3, 1)
2
(66, 2)
-> Request 4
509
(2, 3, 1)
3
(13, 17)
-> Request 5
640
(3, 2, 2)
1
(55, 28)
-> Request 6
703
(2, 1, 1)
1
(59, 77)
-> Request 7
812
(3, 1, 1)
1
(42, 47)
-> Request 8
876
(3, 1, 1)
2
(68, 40)
-> Request 9
956
(1, 3, 2)
3
(13, 59)
-> Request 10
1072
(4, 1, 2)
1
(66, 14)
-> Request 11
1134
(1, 3, 1)
3
(65, 48)
-> Request 12
1187
(2, 2, 1)
3
(39, 2)
-> Request 13
1306
(2, 3, 2)
2
(25, 7)
-> Request 14
1307
(1, 3, 2)
1
(27, 45)
--> Day : 4
-> Request 0
406
(2, 2, 2)
3
(60, 45)
-> Request 1
469
(3, 3, 2)
3
(79, 13)
-> Request 2
469
(3, 1, 1)
2
(79, 19)
-> Request 3
1092
(1, 3, 1)
1
(47, 38)
-> Request 4
1287
(4, 2, 1)
1
(43, 42)
-> Request 5
1301
(4, 1, 1)
1
(30, 31)
---> Week : 77
--> Day : 0
-> Request 0
251
(3, 2, 2)
3
(69, 6)
-> Request 1
262
(1, 3, 1)
3
(50, 25)
-> Request 2
323
(1, 3, 1)
2
(23, 76)
-> Request 3
411
(2, 2, 2)
2
(1, 78)
-> Request 4
434
(2, 1, 1)
3
(12, 53)
-> Request 5
539
(1, 2, 2)
1
(56, 44)
-> Request 6
569
(3, 2, 2)
3
(59, 15)
-> Request 7
594
(2, 2, 1)
3
(64, 27)
-> Request 8
748
(1, 1, 2)
3
(65, 69)
-> Request 9
846
(2, 2, 2)
1
(35, 30)
-> Request 10
1048
(3, 2, 2)
2
(69, 13)
-> Request 11
1049
(3, 2, 1)
1
(69, 44)
-> Request 12
1154
(2, 3, 2)
3
(37, 52)
-> Request 13
1304
(4, 2, 2)
3
(76, 13)
-> Request 14
1391
(4, 3, 2)
1
(61, 49)
--> Day : 1
-> Request 0
56
(1, 1, 1)
2
(42, 34)
-> Request 1
166
(2, 1, 1)
3
(31, 17)
-> Request 2
358
(1, 3, 2)
2
(0, 7)
-> Request 3
411
(3, 3, 2)
3
(5, 68)
-> Request 4
433
(3, 3, 1)
2
(15, 8)
-> Request 5
1063
(3, 3, 1)
3
(27, 54)
-> Request 6
1187
(1, 1, 1)
1
(77, 49)
-> Request 7
1219
(1, 1, 1)
3
(68, 29)
-> Request 8
1387
(2, 1, 1)
1
(17, 21)
--> Day : 2
-> Request 0
93
(1, 1, 2)
3
(65, 58)
-> Request 1
105
(2, 2, 2)
3
(46, 37)
-> Request 2
401
(1, 3, 2)
3
(69, 21)
-> Request 3
401
(2, 3, 2)
2
(42, 32)
-> Request 4
444
(1, 2, 2)
2
(78, 47)
-> Request 5
460
(3, 1, 2)
1
(35, 2)
-> Request 6
464
(1, 1, 1)
1
(0, 42)
-> Request 7
464
(4, 1, 2)
3
(47, 21)
-> Request 8
536
(3, 1, 2)
1
(65, 76)
-> Request 9
627
(4, 3, 2)
2
(68, 46)
-> Request 10
1212
(1, 3, 2)
3
(19, 32)
-> Request 11
1364
(3, 3, 1)
2
(70, 74)
--> Day : 3
-> Request 0
569
(4, 3, 1)
2
(48, 40)
-> Request 1
606
(2, 1, 1)
1
(77, 24)
-> Request 2
668
(2, 2, 1)
2
(34, 32)
-> Request 3
778
(1, 3, 1)
1
(10, 57)
-> Request 4
841
(1, 1, 1)
2
(41, 61)
-> Request 5
923
(4, 1, 2)
3
(48, 59)
-> Request 6
1421
(4, 1, 2)
2
(19, 78)
--> Day : 4
-> Request 0
197
(2, 1, 1)
3
(24, 0)
-> Request 1
318
(4, 3, 2)
1
(64, 58)
-> Request 2
403
(3, 1, 2)
2
(39, 47)
-> Request 3
405
(2, 3, 2)
2
(41, 23)
-> Request 4
416
(1, 1, 1)
1
(58, 14)
-> Request 5
419
(1, 2, 2)
2
(37, 64)
-> Request 6
422
(3, 2, 1)
3
(17, 51)
-> Request 7
688
(4, 3, 1)
1
(65, 50)
-> Request 8
953
(2, 1, 1)
1
(77, 18)
-> Request 9
1010
(3, 3, 2)
2
(13, 21)
-> Request 10
1182
(3, 3, 1)
2
(15, 37)
-> Request 11
1407
(2, 1, 2)
2
(17, 31)
---> Week : 78
--> Day : 0
-> Request 0
216
(3, 2, 1)
2
(57, 42)
-> Request 1
740
(4, 1, 2)
3
(76, 75)
-> Request 2
922
(3, 2, 1)
2
(48, 9)
-> Request 3
986
(4, 3, 1)
1
(29, 40)
-> Request 4
991
(1, 1, 2)
2
(63, 23)
-> Request 5
1368
(2, 2, 2)
3
(34, 18)
--> Day : 1
-> Request 0
114
(1, 3, 1)
3
(33, 40)
-> Request 1
125
(4, 1, 1)
1
(38, 14)
-> Request 2
387
(4, 1, 1)
3
(10, 42)
-> Request 3
584
(3, 2, 1)
1
(46, 17)
-> Request 4
1030
(1, 3, 2)
3
(26, 14)
-> Request 5
1030
(1, 3, 2)
2
(27, 35)
-> Request 6
1232
(1, 3, 1)
3
(34, 74)
--> Day : 2
-> Request 0
12
(1, 3, 2)
2
(49, 7)
-> Request 1
466
(3, 1, 2)
1
(37, 8)
-> Request 2
786
(3, 3, 2)
2
(65, 26)
-> Request 3
818
(4, 3, 2)
1
(56, 25)
-> Request 4
1138
(3, 2, 1)
1
(67, 49)
-> Request 5
1259
(2, 2, 1)
2
(57, 67)
-> Request 6
1327
(4, 2, 2)
2
(58, 20)
--> Day : 3
-> Request 0
43
(1, 1, 2)
3
(72, 9)
-> Request 1
112
(3, 3, 2)
2
(50, 9)
-> Request 2
121
(2, 3, 2)
2
(32, 27)
-> Request 3
138
(2, 3, 1)
2
(15, 36)
-> Request 4
541
(3, 3, 2)
3
(75, 37)
-> Request 5
863
(1, 3, 1)
3
(31, 36)
-> Request 6
1124
(2, 3, 2)
2
(44, 1)
-> Request 7
1181
(3, 1, 2)
1
(23, 27)
-> Request 8
1350
(2, 3, 2)
3
(72, 7)
--> Day : 4
-> Request 0
234
(4, 2, 1)
2
(68, 60)
-> Request 1
478
(1, 3, 1)
2
(27, 75)
-> Request 2
505
(3, 3, 2)
2
(79, 51)
-> Request 3
629
(3, 3, 2)
2
(48, 6)
-> Request 4
939
(3, 1, 1)
3
(11, 67)
-> Request 5
1274
(3, 3, 2)
1
(49, 0)
---> Week : 79
--> Day : 0
-> Request 0
316
(4, 2, 2)
2
(16, 46)
-> Request 1
1004
(2, 3, 2)
2
(71, 73)
-> Request 2
1278
(2, 2, 1)
3
(48, 11)
-> Request 3
1355
(3, 2, 2)
1
(61, 1)
-> Request 4
1391
(3, 2, 2)
1
(4, 42)
--> Day : 1
-> Request 0
115
(3, 3, 1)
3
(46, 37)
-> Request 1
151
(2, 1, 1)
3
(28, 62)
-> Request 2
210
(1, 1, 2)
1
(47, 23)
-> Request 3
287
(2, 1, 1)
2
(5, 24)
-> Request 4
333
(2, 1, 2)
1
(78, 65)
-> Request 5
751
(3, 3, 1)
1
(61, 45)
-> Request 6
779
(4, 2, 1)
2
(54, 67)
-> Request 7
907
(4, 2, 2)
1
(61, 29)
-> Request 8
1032
(3, 2, 2)
3
(19, 42)
-> Request 9
1032
(1, 1, 2)
3
(35, 31)
-> Request 10
1056
(3, 2, 2)
2
(75, 37)
--> Day : 2
-> Request 0
94
(1, 1, 2)
2
(14, 33)
-> Request 1
530
(2, 1, 2)
3
(2, 45)
-> Request 2
559
(2, 3, 2)
2
(6, 29)
-> Request 3
773
(1, 3, 2)
2
(10, 0)
-> Request 4
1342
(4, 1, 2)
2
(45, 34)
-> Request 5
1370
(1, 1, 2)
1
(74, 28)
--> Day : 3
-> Request 0
120
(2, 2, 1)
3
(58, 31)
-> Request 1
270
(2, 1, 2)
3
(2, 79)
-> Request 2
317
(3, 2, 1)
3
(18, 46)
-> Request 3
736
(4, 3, 2)
3
(77, 54)
-> Request 4
764
(3, 2, 2)
1
(9, 78)
-> Request 5
909
(3, 1, 2)
1
(6, 52)
-> Request 6
941
(3, 2, 1)
2
(58, 57)
-> Request 7
1309
(1, 2, 2)
1
(43, 55)
--> Day : 4
-> Request 0
90
(1, 3, 1)
2
(18, 24)
-> Request 1
107
(1, 3, 1)
2
(18, 32)
-> Request 2
197
(2, 1, 2)
3
(3, 67)
-> Request 3
263
(1, 1, 1)
1
(20, 76)
-> Request 4
654
(2, 3, 2)
3
(10, 46)
-> Request 5
760
(2, 1, 2)
1
(43, 46)
-> Request 6
812
(2, 1, 1)
1
(18, 54)
-> Request 7
849
(3, 2, 2)
1
(36, 63)
-> Request 8
1119
(1, 2, 2)
2
(42, 68)
-> Request 9
1199
(1, 3, 1)
1
(57, 35)
-> Request 10
1307
(3, 2, 2)
3
(40, 76)
---> Week : 80
--> Day : 0
-> Request 0
99
(2, 1, 2)
3
(63, 47)
-> Request 1
237
(3, 3, 1)
1
(67, 47)
-> Request 2
311
(3, 1, 2)
2
(55, 52)
-> Request 3
630
(4, 1, 2)
2
(25, 76)
-> Request 4
826
(3, 3, 1)
1
(60, 41)
-> Request 5
1080
(3, 3, 2)
1
(66, 46)
-> Request 6
1142
(4, 2, 2)
3
(68, 39)
-> Request 7
1273
(1, 1, 2)
1
(76, 54)
-> Request 8
1305
(4, 1, 2)
1
(10, 67)
-> Request 9
1412
(1, 3, 1)
3
(30, 15)
--> Day : 1
-> Request 0
197
(4, 1, 1)
1
(53, 66)
-> Request 1
210
(1, 1, 2)
3
(40, 70)
-> Request 2
384
(2, 1, 2)
3
(37, 76)
-> Request 3
604
(1, 1, 2)
3
(64, 3)
-> Request 4
605
(2, 1, 2)
3
(75, 37)
-> Request 5
745
(1, 2, 2)
2
(3, 8)
-> Request 6
836
(3, 1, 1)
2
(2, 15)
-> Request 7
858
(3, 3, 1)
1
(7, 68)
-> Request 8
950
(1, 2, 2)
2
(59, 69)
-> Request 9
955
(2, 3, 2)
2
(49, 63)
-> Request 10
1211
(1, 3, 2)
3
(53, 21)
-> Request 11
1268
(3, 1, 2)
1
(51, 51)
--> Day : 2
-> Request 0
73
(3, 3, 2)
3
(34, 7)
-> Request 1
378
(1, 2, 1)
2
(69, 69)
-> Request 2
505
(4, 2, 1)
1
(33, 11)
-> Request 3
665
(1, 1, 1)
1
(59, 18)
-> Request 4
716
(2, 2, 1)
1
(54, 46)
-> Request 5
730
(4, 2, 1)
1
(60, 61)
-> Request 6
762
(1, 1, 1)
3
(36, 50)
-> Request 7
932
(1, 2, 1)
2
(18, 12)
-> Request 8
956
(4, 3, 2)
2
(42, 7)
-> Request 9
1021
(2, 2, 2)
1
(61, 31)
-> Request 10
1149
(4, 1, 2)
2
(29, 16)
--> Day : 3
-> Request 0
371
(2, 2, 2)
2
(37, 8)
-> Request 1
423
(3, 3, 2)
1
(41, 58)
-> Request 2
537
(2, 2, 2)
1
(65, 66)
-> Request 3
611
(2, 2, 1)
3
(54, 69)
-> Request 4
696
(1, 3, 2)
3
(52, 37)
-> Request 5
904
(2, 1, 1)
3
(36, 47)
-> Request 6
1098
(4, 3, 1)
1
(8, 34)
-> Request 7
1251
(4, 3, 2)
1
(74, 33)
-> Request 8
1272
(3, 1, 1)
1
(16, 10)
-> Request 9
1360
(2, 2, 2)
1
(43, 66)
-> Request 10
1427
(4, 3, 1)
2
(2, 79)
--> Day : 4
-> Request 0
49
(4, 2, 2)
2
(69, 33)
-> Request 1
559
(2, 1, 1)
1
(47, 47)
-> Request 2
603
(4, 1, 2)
2
(68, 54)
-> Request 3
858
(3, 1, 2)
1
(31, 18)
-> Request 4
888
(1, 1, 1)
2
(55, 1)
-> Request 5
1016
(2, 3, 2)
1
(79, 44)
-> Request 6
1370
(4, 3, 1)
2
(19, 15)
---> Week : 81
--> Day : 0
-> Request 0
4
(2, 1, 1)
1
(39, 44)
-> Request 1
159
(4, 3, 1)
1
(31, 5)
-> Request 2
190
(4, 2, 1)
1
(72, 31)
-> Request 3
725
(4, 2, 2)
3
(44, 24)
-> Request 4
991
(1, 3, 1)
1
(50, 71)
-> Request 5
1180
(3, 1, 1)
3
(31, 40)
-> Request 6
1268
(1, 1, 2)
2
(56, 47)
--> Day : 1
-> Request 0
279
(4, 2, 1)
2
(51, 9)
-> Request 1
328
(1, 2, 1)
3
(36, 44)
-> Request 2
382
(2, 3, 1)
3
(68, 7)
-> Request 3
413
(1, 1, 1)
2
(59, 56)
-> Request 4
495
(4, 2, 1)
3
(55, 0)
-> Request 5
728
(4, 2, 2)
3
(22, 57)
--> Day : 2
-> Request 0
183
(1, 1, 2)
3
(48, 49)
-> Request 1
211
(2, 1, 1)
2
(3, 25)
-> Request 2
956
(3, 1, 1)
2
(33, 14)
-> Request 3
962
(3, 1, 2)
2
(56, 72)
-> Request 4
1111
(1, 2, 2)
1
(77, 26)
-> Request 5
1328
(2, 2, 1)
3
(16, 61)
--> Day : 3
-> Request 0
404
(1, 1, 2)
3
(74, 74)
-> Request 1
652
(4, 2, 2)
1
(20, 11)
-> Request 2
804
(2, 1, 1)
1
(25, 25)
-> Request 3
982
(1, 1, 2)
3
(51, 18)
--> Day : 4
-> Request 0
107
(2, 3, 2)
3
(11, 5)
-> Request 1
210
(3, 3, 2)
2
(68, 35)
-> Request 2
362
(2, 3, 1)
3
(25, 39)
-> Request 3
478
(3, 2, 2)
1
(14, 49)
-> Request 4
773
(2, 3, 2)
2
(9, 73)
-> Request 5
1006
(2, 2, 2)
2
(76, 45)
-> Request 6
1028
(1, 1, 1)
1
(62, 13)
-> Request 7
1154
(1, 1, 1)
3
(3, 76)
-> Request 8
1213
(2, 2, 1)
2
(32, 27)
-> Request 9
1276
(1, 1, 1)
1
(64, 28)
---> Week : 82
--> Day : 0
-> Request 0
31
(4, 2, 1)
2
(34, 56)
-> Request 1
94
(1, 2, 2)
1
(18, 32)
-> Request 2
138
(2, 3, 1)
3
(52, 22)
-> Request 3
935
(1, 1, 1)
1
(74, 51)
-> Request 4
1345
(3, 1, 1)
2
(71, 48)
-> Request 5
1412
(3, 3, 2)
3
(36, 48)
--> Day : 1
-> Request 0
40
(1, 3, 2)
3
(77, 0)
-> Request 1
241
(1, 3, 2)
2
(54, 27)
-> Request 2
349
(4, 2, 1)
3
(0, 59)
-> Request 3
478
(2, 1, 1)
3
(0, 31)
-> Request 4
482
(4, 1, 2)
1
(67, 25)
-> Request 5
493
(2, 1, 1)
3
(37, 24)
-> Request 6
747
(3, 3, 1)
3
(36, 73)
-> Request 7
996
(3, 3, 2)
3
(35, 67)
-> Request 8
1109
(2, 3, 2)
1
(70, 57)
-> Request 9
1203
(4, 2, 2)
3
(64, 0)
-> Request 10
1347
(2, 1, 1)
1
(73, 2)
--> Day : 2
-> Request 0
97
(1, 3, 1)
1
(30, 12)
-> Request 1
193
(3, 1, 2)
1
(52, 72)
-> Request 2
420
(4, 3, 1)
3
(9, 19)
-> Request 3
629
(2, 3, 1)
1
(12, 8)
-> Request 4
708
(4, 2, 1)
1
(5, 35)
-> Request 5
743
(2, 1, 1)
3
(16, 44)
-> Request 6
891
(2, 1, 2)
2
(46, 26)
-> Request 7
1081
(1, 3, 2)
2
(65, 63)
-> Request 8
1139
(1, 3, 1)
2
(51, 70)
-> Request 9
1205
(4, 2, 2)
3
(59, 20)
-> Request 10
1287
(4, 3, 2)
2
(76, 29)
--> Day : 3
-> Request 0
36
(2, 2, 1)
1
(32, 36)
-> Request 1
144
(4, 1, 2)
1
(4, 48)
-> Request 2
220
(1, 3, 1)
2
(37, 23)
-> Request 3
327
(4, 1, 1)
2
(73, 15)
-> Request 4
447
(3, 1, 2)
3
(30, 18)
-> Request 5
517
(4, 1, 1)
1
(22, 51)
-> Request 6
539
(2, 1, 1)
1
(10, 11)
-> Request 7
799
(2, 3, 2)
1
(71, 73)
-> Request 8
1046
(4, 2, 2)
1
(46, 4)
-> Request 9
1126
(3, 2, 2)
2
(58, 56)
-> Request 10
1323
(4, 3, 2)
3
(6, 20)
-> Request 11
1390
(3, 1, 1)
3
(49, 2)
--> Day : 4
-> Request 0
210
(1, 3, 2)
2
(67, 74)
-> Request 1
367
(1, 3, 1)
1
(1, 77)
-> Request 2
567
(2, 1, 2)
3
(72, 60)
-> Request 3
796
(2, 1, 1)
2
(34, 74)
-> Request 4
1103
(1, 3, 2)
2
(40, 66)
-> Request 5
1374
(4, 2, 1)
3
(66, 71)
-> Request 6
1393
(1, 2, 1)
2
(8, 66)
---> Week : 83
--> Day : 0
-> Request 0
305
(2, 3, 1)
3
(42, 17)
-> Request 1
405
(4, 3, 2)
1
(41, 23)
-> Request 2
415
(1, 3, 1)
2
(23, 36)
-> Request 3
524
(2, 3, 2)
3
(4, 66)
-> Request 4
632
(3, 3, 1)
2
(6, 47)
-> Request 5
750
(3, 1, 2)
1
(59, 48)
-> Request 6
751
(3, 1, 1)
3
(1, 64)
-> Request 7
771
(4, 3, 2)
2
(48, 75)
-> Request 8
911
(2, 2, 1)
2
(14, 49)
-> Request 9
1091
(3, 3, 1)
1
(10, 6)
-> Request 10
1152
(1, 3, 1)
1
(57, 7)
--> Day : 1
-> Request 0
5
(3, 2, 1)
1
(69, 38)
-> Request 1
165
(4, 1, 1)
1
(41, 75)
-> Request 2
525
(1, 2, 2)
1
(75, 56)
-> Request 3
565
(1, 1, 2)
1
(66, 73)
-> Request 4
969
(2, 3, 1)
3
(56, 11)
-> Request 5
1293
(4, 3, 1)
1
(8, 32)
--> Day : 2
-> Request 0
75
(3, 3, 2)
2
(67, 15)
-> Request 1
324
(1, 2, 1)
1
(28, 3)
-> Request 2
416
(4, 3, 1)
2
(56, 15)
-> Request 3
798
(3, 1, 2)
2
(57, 21)
-> Request 4
843
(1, 2, 1)
1
(50, 1)
-> Request 5
897
(1, 2, 2)
2
(47, 58)
-> Request 6
989
(2, 3, 1)
2
(58, 59)
-> Request 7
1021
(4, 3, 2)
3
(65, 59)
-> Request 8
1269
(2, 1, 1)
3
(42, 42)
-> Request 9
1327
(2, 2, 2)
2
(77, 49)
--> Day : 3
-> Request 0
513
(4, 2, 2)
2
(8, 64)
-> Request 1
698
(2, 3, 2)
1
(21, 60)
-> Request 2
912
(2, 3, 1)
2
(13, 55)
-> Request 3
1011
(4, 3, 1)
1
(32, 46)
--> Day : 4
-> Request 0
174
(2, 2, 2)
3
(20, 67)
-> Request 1
349
(2, 3, 2)
1
(72, 19)
-> Request 2
402
(2, 2, 1)
2
(37, 34)
-> Request 3
656
(3, 2, 2)
2
(70, 8)
-> Request 4
671
(4, 3, 1)
1
(72, 34)
-> Request 5
1241
(1, 2, 2)
3
(43, 17)
---> Week : 84
--> Day : 0
-> Request 0
121
(4, 1, 2)
1
(77, 75)
-> Request 1
414
(3, 1, 1)
3
(43, 58)
-> Request 2
675
(4, 1, 2)
1
(25, 61)
-> Request 3
1076
(3, 2, 1)
2
(59, 76)
-> Request 4
1142
(4, 2, 2)
3
(29, 8)
-> Request 5
1214
(2, 3, 2)
2
(54, 17)
-> Request 6
1369
(4, 3, 2)
2
(4, 37)
--> Day : 1
-> Request 0
206
(2, 1, 1)
1
(17, 63)
-> Request 1
347
(4, 2, 2)
2
(53, 51)
-> Request 2
447
(2, 3, 1)
3
(47, 29)
-> Request 3
566
(2, 3, 1)
1
(40, 69)
-> Request 4
648
(4, 3, 1)
2
(38, 27)
-> Request 5
689
(1, 2, 2)
2
(79, 14)
-> Request 6
806
(4, 2, 2)
2
(19, 61)
-> Request 7
1060
(3, 2, 1)
1
(32, 60)
-> Request 8
1183
(3, 2, 2)
3
(74, 62)
-> Request 9
1207
(3, 1, 1)
2
(15, 48)
-> Request 10
1277
(4, 1, 2)
3
(55, 61)
-> Request 11
1394
(4, 1, 2)
3
(30, 27)
--> Day : 2
-> Request 0
7
(1, 1, 1)
1
(20, 64)
-> Request 1
17
(4, 2, 1)
3
(28, 34)
-> Request 2
247
(1, 2, 2)
1
(76, 46)
-> Request 3
424
(4, 3, 1)
1
(19, 6)
-> Request 4
455
(1, 3, 2)
3
(52, 6)
-> Request 5
465
(2, 2, 2)
1
(44, 5)
-> Request 6
479
(1, 3, 2)
2
(67, 54)
-> Request 7
534
(4, 1, 2)
2
(15, 31)
-> Request 8
910
(1, 2, 2)
1
(43, 3)
-> Request 9
954
(1, 1, 1)
3
(70, 13)
-> Request 10
1101
(2, 3, 1)
3
(27, 32)
-> Request 11
1279
(2, 2, 2)
1
(30, 12)
-> Request 12
1405
(4, 1, 1)
3
(8, 27)
--> Day : 3
-> Request 0
160
(2, 3, 2)
2
(64, 51)
-> Request 1
258
(1, 2, 2)
3
(45, 29)
-> Request 2
340
(4, 3, 1)
3
(73, 16)
-> Request 3
555
(1, 2, 1)
2
(0, 62)
-> Request 4
687
(1, 1, 1)
1
(66, 16)
-> Request 5
1240
(1, 3, 2)
1
(3, 17)
-> Request 6
1297
(4, 2, 2)
1
(71, 36)
--> Day : 4
-> Request 0
42
(1, 1, 1)
3
(74, 25)
-> Request 1
87
(4, 3, 1)
2
(70, 69)
-> Request 2
119
(2, 3, 1)
2
(57, 74)
-> Request 3
304
(1, 1, 2)
1
(59, 27)
-> Request 4
316
(3, 2, 1)
1
(22, 28)
-> Request 5
514
(4, 1, 1)
1
(30, 70)
-> Request 6
577
(3, 2, 1)
1
(29, 66)
-> Request 7
694
(4, 1, 2)
3
(50, 17)
-> Request 8
819
(2, 2, 1)
1
(44, 27)
-> Request 9
870
(2, 2, 1)
1
(37, 75)
-> Request 10
940
(2, 3, 1)
3
(49, 34)
-> Request 11
983
(4, 3, 1)
1
(3, 13)
-> Request 12
1069
(3, 2, 1)
3
(11, 75)
-> Request 13
1139
(4, 1, 1)
1
(29, 64)
-> Request 14
1143
(1, 3, 2)
3
(72, 38)
-> Request 15
1223
(4, 2, 1)
2
(15, 28)
---> Week : 85
--> Day : 0
-> Request 0
97
(4, 2, 1)
1
(76, 9)
-> Request 1
419
(3, 3, 1)
2
(12, 40)
-> Request 2
803
(1, 2, 1)
1
(24, 58)
-> Request 3
858
(3, 2, 2)
1
(61, 60)
-> Request 4
955
(3, 3, 1)
3
(68, 18)
-> Request 5
1276
(3, 1, 2)
1
(56, 5)
-> Request 6
1359
(4, 2, 2)
1
(16, 26)
-> Request 7
1407
(1, 3, 2)
3
(67, 15)
--> Day : 1
-> Request 0
59
(1, 1, 2)
3
(45, 8)
-> Request 1
87
(1, 2, 1)
1
(74, 26)
-> Request 2
158
(2, 1, 2)
1
(0, 8)
-> Request 3
257
(3, 3, 1)
2
(74, 73)
-> Request 4
297
(3, 2, 1)
3
(21, 78)
-> Request 5
325
(3, 1, 2)
1
(30, 73)
-> Request 6
614
(2, 1, 1)
2
(12, 33)
-> Request 7
896
(4, 2, 2)
1
(29, 22)
-> Request 8
924
(4, 3, 2)
2
(64, 78)
-> Request 9
953
(4, 3, 2)
1
(73, 73)
-> Request 10
1435
(1, 3, 1)
3
(7, 69)
--> Day : 2
-> Request 0
38
(3, 2, 2)
3
(65, 74)
-> Request 1
70
(4, 3, 2)
1
(28, 50)
-> Request 2
71
(1, 1, 2)
1
(73, 10)
-> Request 3
120
(4, 2, 2)
1
(47, 19)
-> Request 4
139
(2, 1, 2)
2
(79, 76)
-> Request 5
489
(4, 1, 1)
2
(13, 4)
-> Request 6
499
(3, 3, 2)
3
(64, 77)
-> Request 7
519
(1, 2, 1)
2
(15, 28)
-> Request 8
790
(3, 1, 1)
2
(64, 21)
-> Request 9
1053
(1, 2, 2)
2
(67, 66)
-> Request 10
1093
(3, 1, 1)
1
(36, 73)
-> Request 11
1160
(4, 1, 1)
2
(39, 25)
-> Request 12
1416
(3, 2, 1)
2
(12, 33)
--> Day : 3
-> Request 0
82
(1, 2, 2)
3
(72, 46)
-> Request 1
198
(1, 2, 1)
1
(69, 44)
-> Request 2
630
(1, 2, 1)
2
(32, 17)
-> Request 3
736
(3, 1, 1)
3
(7, 33)
-> Request 4
1065
(4, 2, 2)
3
(35, 1)
-> Request 5
1343
(2, 1, 2)
1
(3, 53)
-> Request 6
1415
(2, 2, 2)
2
(78, 32)
--> Day : 4
-> Request 0
244
(2, 3, 2)
2
(15, 43)
-> Request 1
341
(3, 2, 1)
2
(46, 18)
-> Request 2
390
(3, 2, 1)
2
(79, 4)
-> Request 3
459
(4, 2, 1)
1
(53, 56)
-> Request 4
547
(1, 3, 1)
3
(55, 48)
-> Request 5
581
(2, 2, 2)
3
(16, 29)
-> Request 6
597
(2, 1, 2)
3
(32, 6)
-> Request 7
726
(1, 1, 2)
2
(10, 64)
-> Request 8
951
(3, 1, 2)
2
(44, 55)
-> Request 9
1015
(4, 1, 1)
1
(44, 10)
-> Request 10
1022
(2, 2, 2)
2
(13, 47)
---> Week : 86
--> Day : 0
-> Request 0
165
(4, 2, 1)
2
(49, 1)
-> Request 1
195
(2, 2, 1)
2
(30, 39)
-> Request 2
912
(2, 2, 1)
2
(68, 36)
-> Request 3
998
(4, 1, 2)
1
(7, 55)
-> Request 4
1289
(1, 3, 1)
1
(54, 9)
-> Request 5
1336
(2, 3, 1)
2
(27, 35)
-> Request 6
1402
(3, 1, 2)
1
(29, 68)
-> Request 7
1422
(1, 1, 1)
1
(65, 2)
--> Day : 1
-> Request 0
50
(3, 3, 1)
2
(63, 45)
-> Request 1
111
(4, 2, 1)
1
(47, 63)
-> Request 2
220
(2, 1, 1)
3
(42, 14)
-> Request 3
284
(2, 3, 1)
2
(46, 66)
-> Request 4
351
(3, 2, 1)
2
(14, 41)
-> Request 5
397
(3, 1, 2)
2
(22, 39)
-> Request 6
428
(3, 3, 1)
2
(46, 51)
-> Request 7
1264
(3, 2, 1)
3
(28, 35)
--> Day : 2
-> Request 0
81
(1, 2, 2)
3
(39, 30)
-> Request 1
511
(4, 3, 2)
1
(9, 79)
-> Request 2
589
(2, 3, 1)
1
(1, 5)
-> Request 3
679
(3, 1, 1)
2
(67, 43)
-> Request 4
889
(1, 1, 2)
3
(37, 69)
-> Request 5
1006
(1, 3, 2)
1
(12, 67)
-> Request 6
1172
(3, 3, 2)
3
(78, 55)
-> Request 7
1265
(4, 2, 2)
3
(77, 5)
--> Day : 3
-> Request 0
188
(3, 1, 1)
2
(26, 71)
-> Request 1
197
(4, 1, 2)
2
(49, 61)
-> Request 2
652
(3, 1, 1)
3
(72, 70)
-> Request 3
916
(1, 3, 2)
3
(15, 52)
-> Request 4
960
(3, 3, 1)
1
(60, 57)
-> Request 5
1180
(1, 1, 2)
3
(38, 12)
-> Request 6
1246
(3, 2, 2)
1
(77, 16)
-> Request 7
1291
(2, 3, 1)
2
(5, 24)
--> Day : 4
-> Request 0
46
(4, 2, 2)
1
(6, 35)
-> Request 1
91
(3, 2, 1)
1
(52, 18)
-> Request 2
374
(4, 3, 1)
2
(8, 5)
-> Request 3
493
(2, 3, 2)
2
(13, 78)
-> Request 4
496
(3, 1, 2)
1
(49, 50)
-> Request 5
535
(4, 3, 1)
3
(44, 29)
-> Request 6
574
(4, 2, 2)
2
(20, 44)
-> Request 7
708
(1, 1, 1)
1
(61, 52)
-> Request 8
827
(2, 2, 2)
3
(44, 66)
-> Request 9
1197
(3, 1, 2)
3
(43, 46)
-> Request 10
1300
(1, 2, 2)
2
(51, 15)
-> Request 11
1345
(3, 1, 1)
2
(19, 64)
-> Request 12
1375
(1, 3, 2)
3
(60, 33)
---> Week : 87
--> Day : 0
-> Request 0
145
(3, 1, 2)
1
(77, 12)
-> Request 1
258
(1, 1, 2)
1
(49, 70)
-> Request 2
334
(1, 1, 1)
3
(3, 23)
-> Request 3
376
(3, 1, 1)
3
(17, 71)
-> Request 4
394
(3, 2, 2)
2
(23, 18)
-> Request 5
512
(4, 3, 1)
2
(9, 6)
-> Request 6
599
(1, 2, 1)
3
(19, 43)
-> Request 7
940
(4, 2, 2)
2
(56, 75)
-> Request 8
1279
(2, 2, 1)
1
(76, 37)
--> Day : 1
-> Request 0
100
(2, 2, 2)
3
(17, 4)
-> Request 1
120
(2, 3, 1)
1
(11, 53)
-> Request 2
129
(1, 2, 2)
2
(65, 24)
-> Request 3
236
(1, 3, 1)
2
(54, 49)
-> Request 4
460
(3, 2, 2)
3
(50, 44)
-> Request 5
742
(2, 3, 1)
3
(63, 9)
-> Request 6
934
(2, 2, 2)
3
(50, 15)
-> Request 7
1099
(1, 1, 1)
2
(59, 11)
-> Request 8
1122
(2, 2, 1)
3
(76, 66)
-> Request 9
1129
(4, 1, 2)
2
(18, 4)
-> Request 10
1399
(4, 1, 1)
2
(0, 43)
-> Request 11
1439
(2, 3, 2)
1
(62, 41)
--> Day : 2
-> Request 0
414
(3, 1, 2)
2
(10, 42)
-> Request 1
423
(1, 2, 2)
3
(61, 68)
-> Request 2
437
(4, 3, 1)
2
(76, 17)
-> Request 3
1056
(1, 3, 2)
1
(0, 53)
-> Request 4
1360
(2, 1, 1)
2
(45, 38)
--> Day : 3
-> Request 0
132
(1, 1, 1)
2
(54, 52)
-> Request 1
517
(3, 3, 1)
2
(72, 68)
-> Request 2
538
(1, 1, 2)
3
(12, 27)
-> Request 3
562
(3, 3, 1)
2
(42, 47)
-> Request 4
619
(1, 3, 2)
1
(71, 69)
-> Request 5
749
(1, 3, 1)
2
(27, 4)
-> Request 6
845
(2, 3, 2)
2
(60, 29)
-> Request 7
891
(3, 1, 2)
3
(55, 47)
-> Request 8
963
(3, 1, 1)
2
(34, 70)
-> Request 9
1247
(1, 2, 2)
2
(74, 26)
--> Day : 4
-> Request 0
44
(4, 1, 2)
1
(42, 17)
-> Request 1
413
(3, 2, 1)
2
(56, 12)
-> Request 2
459
(1, 3, 1)
2
(16, 54)
-> Request 3
466
(3, 1, 1)
3
(38, 23)
-> Request 4
513
(1, 1, 1)
3
(17, 50)
-> Request 5
1402
(1, 1, 1)
1
(30, 54)
---> Week : 88
--> Day : 0
-> Request 0
232
(2, 2, 1)
3
(67, 15)
-> Request 1
429
(1, 1, 2)
1
(47, 17)
-> Request 2
435
(1, 2, 1)
1
(37, 49)
-> Request 3
438
(1, 1, 1)
1
(18, 32)
-> Request 4
497
(4, 2, 1)
2
(52, 75)
-> Request 5
786
(3, 3, 1)
3
(10, 49)
-> Request 6
1130
(1, 3, 2)
3
(56, 28)
-> Request 7
1161
(4, 1, 2)
2
(64, 22)
--> Day : 1
-> Request 0
142
(3, 1, 1)
2
(34, 14)
-> Request 1
171
(4, 3, 1)
3
(12, 51)
-> Request 2
422
(1, 2, 2)
2
(67, 5)
-> Request 3
500
(2, 1, 1)
3
(25, 51)
-> Request 4
545
(3, 1, 2)
1
(13, 48)
-> Request 5
778
(1, 1, 2)
3
(11, 8)
-> Request 6
942
(3, 1, 2)
1
(1, 11)
-> Request 7
993
(2, 2, 1)
2
(76, 9)
-> Request 8
1026
(4, 2, 1)
2
(38, 70)
-> Request 9
1068
(3, 1, 1)
3
(30, 8)
-> Request 10
1157
(3, 2, 1)
1
(67, 27)
-> Request 11
1239
(2, 2, 2)
1
(12, 72)
-> Request 12
1307
(3, 1, 1)
2
(51, 57)
--> Day : 2
-> Request 0
78
(3, 2, 1)
3
(55, 38)
-> Request 1
348
(1, 1, 1)
1
(76, 8)
-> Request 2
654
(3, 3, 2)
1
(16, 69)
-> Request 3
854
(1, 3, 1)
3
(58, 21)
-> Request 4
891
(2, 2, 2)
1
(65, 61)
-> Request 5
1065
(1, 2, 2)
1
(22, 41)
-> Request 6
1072
(4, 3, 1)
3
(66, 63)
-> Request 7
1232
(3, 1, 1)
1
(2, 17)
-> Request 8
1379
(2, 1, 2)
1
(75, 38)
-> Request 9
1386
(2, 2, 1)
1
(6, 68)
--> Day : 3
-> Request 0
108
(3, 3, 2)
3
(62, 35)
-> Request 1
169
(2, 1, 2)
1
(50, 78)
-> Request 2
328
(3, 3, 2)
3
(11, 28)
-> Request 3
457
(4, 1, 2)
1
(48, 77)
-> Request 4
503
(3, 2, 1)
3
(13, 4)
-> Request 5
749
(2, 1, 2)
1
(35, 25)
-> Request 6
1029
(2, 3, 2)
1
(32, 34)
-> Request 7
1223
(2, 1, 1)
1
(6, 42)
-> Request 8
1378
(1, 2, 1)
2
(46, 44)
--> Day : 4
-> Request 0
33
(2, 3, 2)
2
(22, 21)
-> Request 1
227
(3, 1, 2)
3
(59, 2)
-> Request 2
489
(2, 1, 2)
1
(66, 69)
-> Request 3
495
(1, 1, 2)
2
(49, 15)
-> Request 4
495
(3, 1, 1)
2
(7, 6)
-> Request 5
533
(2, 2, 2)
2
(13, 5)
-> Request 6
735
(4, 1, 1)
2
(37, 18)
-> Request 7
939
(4, 1, 2)
3
(64, 72)
-> Request 8
1096
(4, 3, 2)
2
(62, 73)
-> Request 9
1213
(1, 2, 2)
2
(56, 50)
-> Request 10
1413
(3, 3, 2)
1
(64, 42)
---> Week : 89
--> Day : 0
-> Request 0
238
(2, 1, 2)
3
(24, 54)
-> Request 1
286
(4, 2, 2)
1
(2, 2)
-> Request 2
335
(2, 3, 2)
1
(30, 61)
-> Request 3
346
(3, 1, 1)
1
(41, 0)
-> Request 4
436
(2, 1, 2)
3
(62, 62)
-> Request 5
444
(2, 3, 2)
2
(71, 77)
-> Request 6
509
(1, 1, 2)
2
(64, 2)
-> Request 7
518
(2, 1, 2)
2
(16, 5)
-> Request 8
633
(3, 3, 2)
1
(37, 40)
-> Request 9
674
(1, 1, 1)
1
(40, 11)
-> Request 10
761
(2, 2, 1)
1
(73, 66)
-> Request 11
889
(4, 2, 2)
1
(3, 20)
-> Request 12
940
(3, 2, 1)
2
(5, 8)
-> Request 13
1042
(3, 1, 2)
1
(79, 13)
-> Request 14
1147
(1, 1, 1)
3
(31, 2)
-> Request 15
1227
(3, 3, 2)
2
(32, 77)
-> Request 16
1268
(1, 1, 1)
3
(13, 9)
--> Day : 1
-> Request 0
14
(2, 2, 1)
1
(26, 78)
-> Request 1
359
(3, 2, 2)
2
(79, 46)
-> Request 2
537
(3, 2, 1)
2
(79, 37)
-> Request 3
547
(4, 3, 1)
3
(0, 66)
-> Request 4
712
(3, 1, 2)
3
(58, 77)
-> Request 5
716
(4, 1, 1)
3
(30, 25)
-> Request 6
952
(4, 3, 2)
3
(73, 40)
-> Request 7
994
(1, 2, 2)
2
(24, 79)
-> Request 8
1182
(3, 3, 1)
1
(55, 16)
--> Day : 2
-> Request 0
39
(3, 2, 1)
2
(71, 57)
-> Request 1
136
(3, 3, 1)
1
(27, 22)
-> Request 2
359
(1, 2, 2)
3
(79, 57)
-> Request 3
419
(2, 3, 2)
3
(77, 3)
-> Request 4
422
(2, 1, 2)
3
(52, 45)
-> Request 5
463
(3, 1, 1)
1
(46, 61)
-> Request 6
470
(3, 1, 2)
3
(28, 17)
-> Request 7
714
(3, 3, 2)
3
(40, 36)
-> Request 8
719
(4, 2, 2)
2
(10, 14)
-> Request 9
1028
(3, 1, 1)
2
(15, 51)
-> Request 10
1194
(2, 2, 2)
3
(42, 10)
-> Request 11
1313
(4, 2, 2)
3
(64, 48)
--> Day : 3
-> Request 0
310
(2, 2, 1)
3
(74, 44)
-> Request 1
363
(2, 3, 2)
3
(34, 37)
-> Request 2
393
(4, 2, 1)
2
(12, 38)
-> Request 3
409
(4, 2, 1)
1
(18, 51)
-> Request 4
535
(1, 2, 1)
2
(43, 73)
-> Request 5
611
(2, 1, 1)
3
(42, 21)
-> Request 6
663
(4, 3, 2)
1
(39, 13)
-> Request 7
938
(1, 3, 2)
2
(48, 8)
-> Request 8
951
(1, 3, 2)
1
(59, 66)
-> Request 9
955
(1, 1, 2)
2
(65, 10)
-> Request 10
1223
(2, 2, 1)
2
(53, 50)
-> Request 11
1327
(4, 2, 2)
2
(21, 70)
-> Request 12
1366
(3, 3, 2)
1
(9, 11)
--> Day : 4
-> Request 0
32
(3, 1, 2)
3
(51, 31)
-> Request 1
77
(4, 2, 2)
1
(37, 69)
-> Request 2
585
(1, 1, 2)
2
(49, 38)
-> Request 3
649
(4, 2, 2)
3
(0, 3)
-> Request 4
658
(1, 3, 2)
1
(61, 42)
-> Request 5
687
(4, 2, 2)
1
(40, 71)
-> Request 6
879
(4, 3, 1)
2
(24, 7)
-> Request 7
924
(3, 2, 2)
3
(23, 50)
-> Request 8
1360
(4, 3, 2)
2
(12, 36)
---> Week : 90
--> Day : 0
-> Request 0
169
(4, 2, 1)
1
(55, 3)
-> Request 1
341
(2, 3, 1)
3
(78, 28)
-> Request 2
342
(3, 1, 1)
1
(14, 2)
-> Request 3
353
(3, 2, 1)
1
(66, 48)
-> Request 4
470
(1, 3, 1)
3
(39, 67)
-> Request 5
1217
(3, 1, 2)
3
(64, 14)
-> Request 6
1235
(2, 2, 2)
2
(26, 2)
-> Request 7
1348
(2, 1, 2)
3
(71, 77)
-> Request 8
1402
(1, 3, 1)
1
(45, 66)
-> Request 9
1424
(4, 2, 2)
2
(64, 10)
--> Day : 1
-> Request 0
198
(1, 3, 2)
3
(4, 18)
-> Request 1
210
(2, 1, 2)
2
(53, 2)
-> Request 2
340
(1, 1, 1)
3
(36, 58)
-> Request 3
506
(4, 3, 2)
1
(51, 34)
-> Request 4
622
(3, 2, 2)
1
(26, 5)
-> Request 5
723
(3, 3, 2)
3
(42, 1)
-> Request 6
769
(3, 1, 2)
1
(26, 3)
-> Request 7
778
(4, 1, 1)
2
(75, 76)
-> Request 8
1084
(3, 1, 2)
3
(4, 56)
-> Request 9
1257
(2, 1, 1)
3
(70, 74)
-> Request 10
1367
(2, 3, 1)
2
(41, 64)
-> Request 11
1416
(3, 2, 1)
3
(72, 12)
--> Day : 2
-> Request 0
5
(2, 2, 1)
3
(54, 15)
-> Request 1
48
(3, 1, 2)
2
(17, 25)
-> Request 2
659
(3, 2, 1)
1
(46, 17)
-> Request 3
1027
(2, 2, 1)
3
(65, 65)
-> Request 4
1293
(4, 3, 2)
3
(3, 13)
-> Request 5
1365
(2, 2, 2)
2
(15, 3)
--> Day : 3
-> Request 0
84
(4, 2, 2)
1
(40, 64)
-> Request 1
151
(4, 1, 1)
3
(5, 23)
-> Request 2
383
(3, 3, 1)
1
(37, 46)
-> Request 3
842
(4, 2, 2)
3
(27, 3)
-> Request 4
1164
(1, 1, 2)
2
(61, 32)
--> Day : 4
-> Request 0
241
(1, 2, 2)
1
(61, 20)
-> Request 1
311
(4, 1, 1)
1
(20, 6)
-> Request 2
325
(1, 2, 1)
1
(72, 43)
-> Request 3
424
(1, 1, 1)
3
(73, 30)
-> Request 4
901
(1, 3, 1)
2
(11, 15)
-> Request 5
1027
(1, 2, 1)
3
(10, 52)
-> Request 6
1140
(3, 2, 2)
2
(9, 56)
-> Request 7
1413
(1, 1, 1)
3
(38, 30)
---> Week : 91
--> Day : 0
-> Request 0
502
(3, 1, 2)
2
(34, 44)
-> Request 1
793
(3, 1, 2)
2
(58, 1)
-> Request 2
898
(3, 2, 1)
2
(65, 66)
-> Request 3
1066
(3, 1, 2)
1
(22, 79)
-> Request 4
1417
(4, 2, 2)
3
(34, 79)
--> Day : 1
-> Request 0
45
(4, 1, 2)
2
(56, 33)
-> Request 1
78
(3, 1, 1)
2
(52, 3)
-> Request 2
421
(1, 3, 2)
1
(4, 16)
-> Request 3
478
(3, 3, 1)
3
(72, 55)
-> Request 4
586
(2, 3, 2)
3
(46, 0)
-> Request 5
759
(3, 2, 2)
3
(21, 67)
-> Request 6
1045
(4, 3, 1)
2
(75, 77)
-> Request 7
1092
(1, 3, 2)
2
(0, 47)
-> Request 8
1114
(2, 3, 2)
2
(44, 46)
-> Request 9
1125
(2, 2, 2)
2
(9, 2)
-> Request 10
1209
(2, 3, 1)
2
(68, 32)
--> Day : 2
-> Request 0
26
(3, 2, 1)
3
(39, 26)
-> Request 1
461
(2, 3, 2)
2
(37, 15)
-> Request 2
583
(3, 2, 2)
1
(71, 47)
-> Request 3
678
(1, 3, 2)
2
(3, 54)
-> Request 4
899
(3, 3, 1)
2
(34, 63)
-> Request 5
951
(1, 3, 1)
3
(63, 4)
-> Request 6
1004
(3, 2, 2)
1
(28, 35)
-> Request 7
1030
(1, 2, 2)
2
(8, 32)
-> Request 8
1224
(1, 3, 1)
2
(1, 36)
-> Request 9
1341
(3, 2, 1)
2
(70, 51)
-> Request 10
1342
(2, 2, 1)
3
(30, 32)
--> Day : 3
-> Request 0
67
(2, 3, 1)
2
(46, 77)
-> Request 1
171
(3, 3, 2)
2
(72, 61)
-> Request 2
244
(3, 1, 2)
1
(11, 20)
-> Request 3
403
(1, 1, 2)
3
(4, 65)
-> Request 4
419
(3, 3, 1)
3
(72, 51)
-> Request 5
502
(4, 2, 1)
1
(56, 26)
-> Request 6
552
(1, 3, 1)
1
(32, 65)
-> Request 7
716
(4, 3, 1)
1
(46, 61)
-> Request 8
740
(3, 2, 2)
3
(59, 1)
-> Request 9
1098
(4, 1, 1)
1
(1, 13)
-> Request 10
1184
(3, 2, 1)
1
(6, 12)
-> Request 11
1209
(1, 2, 1)
2
(2, 40)
-> Request 12
1264
(3, 1, 1)
2
(46, 37)
-> Request 13
1340
(1, 2, 2)
1
(27, 2)
-> Request 14
1342
(3, 2, 1)
2
(22, 70)
--> Day : 4
-> Request 0
550
(4, 1, 1)
3
(54, 3)
-> Request 1
837
(2, 2, 2)
1
(62, 18)
-> Request 2
1146
(1, 2, 2)
1
(69, 15)
-> Request 3
1313
(4, 3, 1)
3
(77, 46)
---> Week : 92
--> Day : 0
-> Request 0
422
(4, 1, 1)
1
(24, 8)
-> Request 1
598
(1, 1, 2)
3
(10, 2)
-> Request 2
692
(3, 1, 2)
2
(6, 5)
-> Request 3
705
(4, 3, 2)
3
(66, 42)
-> Request 4
784
(4, 1, 2)
3
(73, 22)
-> Request 5
891
(3, 2, 1)
1
(67, 62)
-> Request 6
1283
(1, 2, 2)
3
(68, 26)
--> Day : 1
-> Request 0
1
(1, 2, 2)
1
(78, 68)
-> Request 1
27
(2, 1, 1)
2
(56, 25)
-> Request 2
227
(3, 1, 1)
3
(20, 2)
-> Request 3
282
(4, 1, 1)
2
(50, 36)
-> Request 4
308
(1, 2, 2)
1
(53, 52)
-> Request 5
387
(1, 2, 2)
3
(31, 47)
-> Request 6
443
(1, 3, 1)
2
(46, 13)
-> Request 7
505
(4, 3, 1)
2
(32, 2)
-> Request 8
561
(1, 2, 2)
1
(20, 46)
-> Request 9
580
(4, 2, 1)
3
(70, 65)
-> Request 10
596
(3, 1, 2)
3
(65, 73)
-> Request 11
644
(4, 3, 2)
3
(67, 77)
-> Request 12
667
(4, 3, 2)
1
(74, 37)
-> Request 13
737
(4, 2, 1)
3
(38, 17)
-> Request 14
750
(1, 3, 2)
3
(64, 19)
-> Request 15
963
(3, 2, 1)
1
(45, 53)
-> Request 16
1093
(2, 1, 1)
1
(41, 68)
-> Request 17
1109
(1, 2, 2)
2
(28, 52)
-> Request 18
1250
(4, 3, 1)
1
(6, 3)
-> Request 19
1276
(3, 1, 1)
3
(39, 59)
-> Request 20
1374
(4, 2, 1)
2
(67, 46)
--> Day : 2
-> Request 0
41
(2, 1, 2)
3
(25, 18)
-> Request 1
170
(3, 1, 1)
3
(79, 37)
-> Request 2
240
(2, 1, 2)
2
(32, 67)
-> Request 3
350
(3, 1, 1)
3
(21, 16)
-> Request 4
518
(4, 3, 2)
3
(66, 65)
-> Request 5
529
(4, 1, 2)
3
(1, 7)
-> Request 6
703
(1, 3, 1)
3
(72, 7)
-> Request 7
753
(2, 2, 1)
1
(70, 43)
-> Request 8
769
(4, 1, 2)
2
(27, 67)
-> Request 9
864
(2, 2, 1)
3
(48, 0)
-> Request 10
1168
(1, 2, 2)
3
(24, 43)
-> Request 11
1192
(3, 2, 1)
3
(56, 7)
-> Request 12
1261
(1, 1, 2)
3
(2, 13)
-> Request 13
1335
(1, 1, 1)
3
(26, 0)
--> Day : 3
-> Request 0
114
(2, 3, 2)
3
(10, 75)
-> Request 1
250
(2, 3, 1)
3
(53, 26)
-> Request 2
511
(4, 2, 2)
3
(79, 72)
-> Request 3
597
(3, 3, 2)
2
(66, 9)
-> Request 4
602
(3, 2, 1)
3
(15, 66)
-> Request 5
830
(2, 3, 2)
3
(35, 28)
-> Request 6
848
(1, 2, 1)
2
(44, 76)
-> Request 7
1313
(3, 3, 1)
2
(76, 57)
-> Request 8
1327
(3, 3, 1)
2
(23, 33)
-> Request 9
1347
(4, 1, 2)
2
(39, 15)
-> Request 10
1437
(2, 1, 2)
3
(38, 28)
--> Day : 4
-> Request 0
93
(4, 2, 1)
1
(49, 54)
-> Request 1
296
(4, 3, 2)
3
(68, 8)
-> Request 2
494
(4, 2, 1)
3
(66, 16)
-> Request 3
622
(4, 2, 2)
3
(50, 56)
-> Request 4
890
(1, 1, 1)
3
(74, 36)
-> Request 5
1034
(2, 1, 1)
3
(64, 2)
-> Request 6
1043
(3, 2, 2)
2
(14, 65)
-> Request 7
1250
(1, 1, 1)
3
(57, 28)
-> Request 8
1295
(1, 3, 2)
3
(55, 73)
-> Request 9
1371
(2, 2, 1)
2
(45, 50)
-> Request 10
1396
(4, 3, 2)
2
(38, 41)
---> Week : 93
--> Day : 0
-> Request 0
4
(2, 3, 1)
1
(74, 79)
-> Request 1
79
(3, 1, 1)
3
(55, 69)
-> Request 2
218
(3, 2, 2)
1
(48, 62)
-> Request 3
517
(1, 2, 2)
3
(27, 45)
-> Request 4
545
(1, 3, 1)
1
(74, 67)
-> Request 5
572
(1, 3, 2)
2
(6, 45)
-> Request 6
575
(2, 2, 1)
1
(39, 61)
-> Request 7
692
(1, 3, 2)
2
(14, 79)
-> Request 8
1184
(1, 2, 2)
1
(14, 4)
-> Request 9
1315
(2, 3, 1)
3
(68, 13)
-> Request 10
1329
(1, 3, 2)
2
(18, 67)
-> Request 11
1386
(2, 1, 1)
3
(73, 43)
-> Request 12
1394
(1, 1, 1)
1
(55, 60)
--> Day : 1
-> Request 0
18
(2, 3, 1)
3
(0, 9)
-> Request 1
84
(4, 3, 2)
3
(52, 61)
-> Request 2
228
(3, 2, 2)
2
(12, 23)
-> Request 3
511
(1, 2, 2)
3
(67, 7)
-> Request 4
512
(2, 2, 1)
2
(56, 48)
-> Request 5
608
(4, 2, 1)
1
(39, 16)
-> Request 6
702
(4, 1, 2)
3
(70, 22)
-> Request 7
1146
(3, 3, 2)
2
(14, 74)
--> Day : 2
-> Request 0
39
(1, 2, 1)
1
(40, 49)
-> Request 1
280
(2, 1, 1)
3
(51, 8)
-> Request 2
445
(1, 1, 1)
3
(24, 60)
-> Request 3
522
(2, 3, 2)
3
(32, 20)
-> Request 4
625
(3, 3, 1)
2
(78, 11)
-> Request 5
676
(2, 1, 2)
2
(16, 68)
-> Request 6
678
(1, 2, 2)
3
(71, 23)
-> Request 7
761
(1, 1, 1)
2
(45, 11)
-> Request 8
1032
(3, 1, 1)
3
(25, 69)
-> Request 9
1051
(3, 3, 1)
1
(71, 20)
-> Request 10
1123
(4, 3, 2)
2
(60, 29)
-> Request 11
1150
(3, 2, 2)
3
(41, 3)
-> Request 12
1245
(1, 1, 2)
3
(43, 65)
--> Day : 3
-> Request 0
86
(4, 2, 2)
1
(32, 24)
-> Request 1
115
(3, 1, 2)
2
(21, 67)
-> Request 2
332
(3, 3, 1)
2
(9, 78)
-> Request 3
490
(4, 2, 2)
1
(77, 42)
-> Request 4
654
(1, 3, 1)
2
(79, 14)
-> Request 5
754
(1, 1, 2)
3
(72, 43)
-> Request 6
942
(3, 1, 2)
3
(60, 57)
-> Request 7
1049
(4, 2, 2)
3
(61, 50)
-> Request 8
1264
(3, 1, 1)
3
(64, 4)
-> Request 9
1330
(4, 3, 1)
2
(73, 57)
-> Request 10
1350
(2, 3, 1)
2
(24, 26)
--> Day : 4
-> Request 0
9
(2, 2, 2)
3
(7, 50)
-> Request 1
161
(4, 1, 2)
2
(63, 4)
-> Request 2
174
(3, 3, 2)
3
(20, 4)
-> Request 3
216
(4, 2, 2)
2
(35, 15)
-> Request 4
424
(3, 2, 1)
3
(47, 34)
-> Request 5
566
(1, 2, 2)
1
(15, 27)
-> Request 6
947
(3, 1, 2)
2
(50, 16)
-> Request 7
998
(4, 1, 1)
3
(73, 11)
-> Request 8
1066
(3, 1, 1)
2
(21, 53)
-> Request 9
1129
(2, 1, 1)
2
(77, 76)
-> Request 10
1415
(3, 3, 2)
1
(6, 48)
---> Week : 94
--> Day : 0
-> Request 0
21
(2, 3, 2)
1
(31, 51)
-> Request 1
367
(3, 2, 1)
2
(55, 45)
-> Request 2
486
(3, 3, 2)
3
(58, 10)
-> Request 3
518
(1, 1, 2)
2
(10, 76)
-> Request 4
620
(3, 2, 1)
3
(75, 40)
-> Request 5
625
(2, 3, 2)
3
(23, 42)
-> Request 6
651
(1, 2, 2)
1
(50, 51)
-> Request 7
663
(3, 2, 2)
1
(72, 38)
-> Request 8
866
(2, 2, 2)
1
(61, 70)
-> Request 9
1220
(1, 2, 2)
1
(69, 6)
-> Request 10
1223
(1, 1, 2)
1
(22, 27)
--> Day : 1
-> Request 0
184
(1, 2, 1)
1
(70, 38)
-> Request 1
382
(2, 2, 1)
1
(19, 77)
-> Request 2
696
(2, 1, 2)
3
(67, 20)
-> Request 3
1002
(1, 3, 2)
2
(49, 16)
-> Request 4
1011
(1, 2, 2)
1
(28, 32)
--> Day : 2
-> Request 0
154
(2, 3, 1)
2
(5, 18)
-> Request 1
250
(3, 1, 1)
2
(0, 18)
-> Request 2
408
(1, 3, 1)
2
(65, 74)
-> Request 3
521
(3, 1, 2)
2
(14, 69)
-> Request 4
766
(4, 1, 2)
1
(65, 46)
-> Request 5
1059
(2, 2, 1)
3
(42, 30)
-> Request 6
1063
(3, 2, 2)
1
(4, 60)
-> Request 7
1171
(1, 2, 1)
3
(18, 42)
-> Request 8
1401
(1, 1, 1)
3
(0, 37)
--> Day : 3
-> Request 0
59
(3, 1, 1)
2
(44, 34)
-> Request 1
244
(2, 2, 2)
1
(17, 9)
-> Request 2
244
(3, 3, 1)
1
(13, 27)
-> Request 3
460
(4, 3, 1)
2
(19, 9)
-> Request 4
614
(2, 2, 2)
2
(4, 45)
-> Request 5
691
(4, 1, 1)
2
(31, 70)
-> Request 6
741
(1, 3, 1)
1
(63, 26)
-> Request 7
752
(2, 3, 2)
3
(72, 75)
-> Request 8
1012
(2, 2, 2)
2
(62, 48)
-> Request 9
1101
(1, 3, 2)
3
(66, 49)
-> Request 10
1286
(3, 3, 2)
3
(50, 5)
--> Day : 4
-> Request 0
126
(2, 2, 2)
3
(59, 4)
-> Request 1
193
(1, 2, 2)
2
(55, 4)
-> Request 2
571
(1, 1, 1)
1
(55, 47)
-> Request 3
791
(4, 3, 1)
2
(0, 49)
-> Request 4
834
(3, 1, 1)
3
(73, 30)
-> Request 5
836
(2, 1, 1)
1
(76, 13)
-> Request 6
1357
(1, 1, 2)
3
(2, 47)
---> Week : 95
--> Day : 0
-> Request 0
102
(2, 1, 1)
2
(59, 64)
-> Request 1
296
(2, 3, 1)
1
(22, 58)
-> Request 2
477
(2, 3, 1)
2
(28, 2)
-> Request 3
553
(1, 3, 1)
1
(50, 17)
-> Request 4
575
(1, 2, 1)
3
(36, 49)
-> Request 5
654
(3, 1, 2)
3
(0, 40)
-> Request 6
1160
(1, 2, 1)
3
(22, 29)
-> Request 7
1309
(1, 3, 1)
3
(56, 78)
--> Day : 1
-> Request 0
136
(4, 1, 1)
3
(4, 44)
-> Request 1
387
(2, 1, 2)
1
(65, 48)
-> Request 2
456
(3, 1, 1)
3
(34, 3)
-> Request 3
664
(4, 1, 2)
1
(35, 67)
-> Request 4
804
(4, 3, 2)
2
(77, 46)
-> Request 5
845
(1, 3, 1)
1
(19, 41)
-> Request 6
1257
(3, 3, 1)
3
(36, 58)
-> Request 7
1395
(3, 2, 1)
3
(39, 53)
-> Request 8
1414
(2, 3, 1)
2
(65, 45)
--> Day : 2
-> Request 0
51
(3, 1, 1)
1
(38, 21)
-> Request 1
54
(2, 3, 2)
1
(29, 72)
-> Request 2
270
(3, 3, 2)
2
(8, 61)
-> Request 3
271
(4, 2, 2)
1
(60, 13)
-> Request 4
415
(3, 1, 2)
2
(72, 46)
-> Request 5
433
(1, 3, 2)
2
(46, 31)
-> Request 6
925
(1, 3, 2)
3
(29, 15)
-> Request 7
1026
(3, 2, 2)
1
(20, 45)
-> Request 8
1193
(3, 1, 1)
2
(37, 31)
-> Request 9
1276
(3, 1, 2)
3
(38, 38)
-> Request 10
1340
(1, 3, 2)
3
(2, 2)
--> Day : 3
-> Request 0
52
(4, 1, 2)
1
(38, 71)
-> Request 1
239
(2, 1, 1)
2
(33, 27)
-> Request 2
497
(3, 3, 2)
1
(36, 35)
-> Request 3
556
(3, 3, 2)
3
(22, 73)
-> Request 4
566
(1, 3, 1)
3
(64, 34)
-> Request 5
779
(1, 1, 2)
2
(44, 48)
-> Request 6
825
(4, 2, 2)
1
(31, 15)
-> Request 7
970
(2, 1, 1)
2
(17, 13)
-> Request 8
1008
(4, 1, 1)
1
(16, 2)
-> Request 9
1142
(4, 3, 2)
3
(13, 13)
-> Request 10
1397
(2, 1, 1)
1
(0, 0)
--> Day : 4
-> Request 0
180
(1, 2, 1)
3
(49, 12)
-> Request 1
214
(2, 3, 1)
3
(0, 24)
-> Request 2
348
(1, 1, 1)
3
(54, 12)
-> Request 3
354
(1, 1, 2)
3
(58, 21)
-> Request 4
690
(1, 1, 2)
1
(27, 49)
-> Request 5
884
(1, 3, 1)
2
(32, 19)
-> Request 6
926
(2, 3, 1)
2
(33, 66)
-> Request 7
978
(3, 3, 1)
3
(17, 12)
-> Request 8
1356
(4, 2, 2)
3
(17, 38)
---> Week : 96
--> Day : 0
-> Request 0
20
(2, 1, 2)
3
(75, 51)
-> Request 1
87
(1, 2, 1)
3
(13, 12)
-> Request 2
132
(2, 3, 2)
1
(42, 29)
-> Request 3
226
(4, 1, 1)
1
(26, 15)
-> Request 4
381
(1, 3, 2)
2
(52, 7)
-> Request 5
395
(4, 1, 1)
3
(6, 8)
-> Request 6
483
(2, 1, 2)
3
(27, 19)
-> Request 7
494
(2, 2, 1)
3
(68, 12)
-> Request 8
704
(1, 3, 2)
1
(8, 39)
-> Request 9
850
(4, 2, 1)
3
(29, 65)
-> Request 10
1389
(2, 2, 1)
1
(32, 32)
--> Day : 1
-> Request 0
191
(1, 2, 2)
2
(63, 71)
-> Request 1
627
(2, 3, 2)
2
(18, 69)
-> Request 2
646
(3, 1, 2)
1
(75, 42)
-> Request 3
874
(2, 1, 1)
2
(4, 1)
-> Request 4
958
(4, 1, 1)
2
(58, 73)
-> Request 5
1126
(4, 2, 1)
2
(24, 44)
-> Request 6
1155
(2, 3, 2)
3
(54, 71)
-> Request 7
1159
(2, 2, 2)
2
(74, 34)
-> Request 8
1196
(2, 3, 1)
3
(48, 51)
-> Request 9
1362
(4, 3, 2)
1
(21, 59)
--> Day : 2
-> Request 0
193
(4, 3, 2)
2
(3, 73)
-> Request 1
194
(2, 3, 2)
2
(45, 72)
-> Request 2
390
(2, 2, 2)
1
(44, 42)
-> Request 3
822
(4, 1, 1)
1
(19, 22)
-> Request 4
915
(4, 1, 2)
1
(4, 46)
-> Request 5
931
(2, 1, 1)
1
(60, 64)
-> Request 6
997
(4, 2, 2)
3
(10, 0)
-> Request 7
1057
(3, 1, 2)
1
(31, 26)
-> Request 8
1305
(1, 3, 1)
1
(69, 15)
-> Request 9
1322
(1, 1, 2)
2
(26, 40)
-> Request 10
1426
(4, 2, 1)
2
(63, 11)
-> Request 11
1427
(4, 3, 1)
3
(42, 7)
--> Day : 3
-> Request 0
211
(4, 1, 1)
3
(13, 6)
-> Request 1
342
(2, 3, 2)
3
(38, 24)
-> Request 2
383
(1, 1, 1)
2
(31, 2)
-> Request 3
574
(1, 2, 1)
2
(57, 43)
-> Request 4
606
(3, 3, 2)
3
(19, 35)
-> Request 5
742
(1, 1, 2)
1
(51, 20)
-> Request 6
791
(1, 3, 2)
2
(74, 47)
-> Request 7
831
(4, 1, 2)
2
(24, 57)
-> Request 8
1079
(4, 3, 2)
1
(16, 71)
-> Request 9
1085
(1, 3, 1)
2
(32, 5)
-> Request 10
1208
(1, 3, 1)
1
(6, 40)
-> Request 11
1241
(1, 2, 2)
3
(15, 19)
--> Day : 4
-> Request 0
266
(1, 1, 1)
3
(21, 49)
-> Request 1
323
(4, 1, 1)
1
(40, 15)
-> Request 2
342
(4, 3, 2)
2
(10, 50)
-> Request 3
606
(1, 3, 1)
1
(25, 75)
-> Request 4
810
(1, 1, 2)
2
(68, 64)
-> Request 5
1071
(3, 2, 1)
1
(35, 62)
-> Request 6
1100
(4, 2, 2)
1
(54, 26)
-> Request 7
1106
(4, 3, 1)
3
(34, 35)
-> Request 8
1141
(2, 3, 2)
2
(8, 21)
-> Request 9
1282
(4, 2, 2)
3
(56, 11)
---> Week : 97
--> Day : 0
-> Request 0
150
(3, 1, 2)
1
(72, 32)
-> Request 1
270
(3, 1, 2)
1
(47, 1)
-> Request 2
456
(2, 2, 1)
2
(76, 16)
-> Request 3
783
(2, 2, 1)
3
(47, 38)
-> Request 4
850
(3, 3, 2)
1
(37, 6)
-> Request 5
863
(4, 3, 1)
3
(32, 18)
-> Request 6
902
(4, 3, 1)
2
(41, 76)
-> Request 7
961
(1, 3, 2)
1
(45, 18)
-> Request 8
1121
(2, 3, 1)
3
(16, 58)
--> Day : 1
-> Request 0
117
(4, 1, 1)
1
(25, 79)
-> Request 1
188
(4, 1, 2)
3
(46, 50)
-> Request 2
344
(2, 2, 1)
3
(24, 29)
-> Request 3
346
(3, 1, 1)
2
(46, 71)
-> Request 4
429
(2, 1, 2)
1
(41, 25)
-> Request 5
690
(1, 3, 1)
2
(55, 43)
-> Request 6
962
(2, 2, 1)
2
(20, 11)
-> Request 7
1005
(3, 2, 2)
3
(10, 7)
-> Request 8
1024
(3, 1, 1)
1
(10, 20)
-> Request 9
1053
(2, 1, 1)
3
(39, 35)
-> Request 10
1222
(3, 2, 2)
2
(47, 79)
-> Request 11
1273
(1, 3, 2)
3
(77, 46)
--> Day : 2
-> Request 0
196
(1, 1, 2)
2
(23, 68)
-> Request 1
276
(2, 3, 1)
1
(22, 33)
-> Request 2
353
(1, 2, 2)
2
(38, 30)
-> Request 3
447
(3, 2, 1)
2
(56, 61)
-> Request 4
557
(4, 3, 2)
1
(17, 27)
-> Request 5
578
(1, 2, 2)
2
(6, 33)
-> Request 6
644
(1, 2, 2)
3
(27, 27)
-> Request 7
798
(1, 3, 1)
3
(36, 78)
-> Request 8
816
(3, 1, 1)
3
(44, 65)
-> Request 9
844
(1, 2, 2)
3
(27, 4)
-> Request 10
1223
(2, 1, 2)
1
(69, 18)
-> Request 11
1396
(4, 1, 2)
2
(68, 53)
--> Day : 3
-> Request 0
64
(4, 1, 1)
3
(29, 30)
-> Request 1
278
(1, 3, 2)
1
(17, 60)
-> Request 2
333
(2, 3, 1)
1
(6, 49)
-> Request 3
392
(1, 2, 1)
1
(30, 71)
-> Request 4
422
(1, 3, 2)
1
(68, 56)
-> Request 5
542
(3, 3, 2)
3
(4, 35)
-> Request 6
588
(3, 1, 2)
2
(26, 15)
-> Request 7
658
(3, 1, 1)
3
(55, 42)
-> Request 8
661
(1, 1, 1)
1
(2, 23)
-> Request 9
695
(4, 2, 1)
2
(63, 7)
-> Request 10
783
(1, 2, 2)
1
(1, 58)
-> Request 11
843
(3, 1, 2)
2
(68, 33)
-> Request 12
905
(4, 1, 1)
2
(31, 5)
-> Request 13
1274
(4, 2, 1)
2
(35, 25)
--> Day : 4
-> Request 0
13
(2, 1, 2)
3
(62, 63)
-> Request 1
549
(3, 3, 1)
2
(1, 40)
-> Request 2
646
(3, 2, 1)
2
(10, 33)
-> Request 3
966
(1, 1, 2)
3
(61, 5)
-> Request 4
1003
(1, 1, 1)
2
(24, 26)
-> Request 5
1222
(2, 1, 1)
2
(32, 0)
-> Request 6
1403
(4, 1, 2)
2
(5, 8)
---> Week : 98
--> Day : 0
-> Request 0
49
(4, 2, 1)
3
(44, 58)
-> Request 1
320
(2, 1, 2)
1
(38, 8)
-> Request 2
355
(1, 1, 2)
2
(59, 68)
-> Request 3
519
(1, 1, 1)
3
(43, 45)
-> Request 4
559
(4, 3, 2)
2
(29, 60)
-> Request 5
788
(4, 1, 1)
2
(15, 77)
-> Request 6
886
(4, 1, 2)
2
(0, 0)
-> Request 7
1014
(3, 3, 2)
1
(74, 25)
-> Request 8
1066
(2, 1, 2)
3
(52, 9)
-> Request 9
1134
(2, 1, 1)
1
(79, 11)
-> Request 10
1439
(4, 2, 1)
2
(38, 68)
--> Day : 1
-> Request 0
413
(4, 3, 2)
2
(16, 18)
-> Request 1
434
(4, 3, 2)
1
(51, 32)
-> Request 2
573
(3, 3, 1)
3
(7, 11)
-> Request 3
777
(3, 3, 2)
2
(67, 15)
-> Request 4
813
(3, 3, 1)
2
(27, 74)
-> Request 5
840
(3, 3, 1)
1
(10, 36)
-> Request 6
862
(4, 2, 1)
2
(43, 25)
-> Request 7
1054
(3, 1, 2)
1
(5, 41)
-> Request 8
1273
(4, 3, 2)
1
(44, 61)
--> Day : 2
-> Request 0
639
(3, 1, 2)
3
(78, 2)
-> Request 1
952
(3, 1, 2)
3
(10, 35)
-> Request 2
996
(3, 1, 1)
1
(1, 63)
-> Request 3
1142
(1, 1, 1)
1
(33, 21)
-> Request 4
1187
(4, 3, 2)
1
(32, 44)
--> Day : 3
-> Request 0
326
(1, 3, 1)
1
(40, 17)
-> Request 1
569
(4, 3, 1)
3
(15, 6)
-> Request 2
649
(2, 1, 2)
2
(30, 14)
-> Request 3
878
(3, 2, 2)
3
(34, 79)
-> Request 4
900
(3, 2, 2)
3
(11, 62)
-> Request 5
1077
(3, 3, 2)
2
(63, 77)
-> Request 6
1141
(2, 3, 2)
1
(0, 7)
-> Request 7
1176
(4, 2, 1)
2
(41, 33)
--> Day : 4
-> Request 0
386
(4, 2, 1)
3
(49, 27)
-> Request 1
416
(2, 2, 2)
1
(18, 44)
-> Request 2
432
(1, 1, 2)
3
(43, 21)
-> Request 3
591
(4, 1, 2)
2
(79, 72)
-> Request 4
784
(4, 3, 1)
1
(2, 18)
-> Request 5
789
(1, 1, 2)
1
(22, 0)
-> Request 6
1306
(1, 1, 2)
2
(73, 71)
-> Request 7
1364
(2, 3, 2)
2
(11, 43)
---> Week : 99
--> Day : 0
-> Request 0
490
(3, 3, 1)
1
(40, 6)
-> Request 1
626
(4, 3, 1)
3
(32, 0)
-> Request 2
631
(4, 2, 2)
1
(24, 27)
-> Request 3
736
(1, 2, 1)
1
(20, 76)
-> Request 4
797
(3, 1, 1)
2
(17, 30)
-> Request 5
860
(4, 3, 2)
1
(33, 57)
-> Request 6
998
(1, 1, 1)
1
(12, 0)
-> Request 7
1080
(1, 3, 2)
1
(42, 41)
-> Request 8
1206
(3, 1, 1)
2
(34, 56)
--> Day : 1
-> Request 0
119
(1, 3, 1)
2
(16, 0)
-> Request 1
960
(3, 2, 2)
2
(9, 71)
-> Request 2
1194
(1, 1, 2)
1
(42, 36)
-> Request 3
1197
(4, 2, 2)
3
(41, 58)
-> Request 4
1216
(1, 2, 1)
3
(29, 34)
-> Request 5
1217
(4, 3, 2)
2
(4, 55)
-> Request 6
1402
(1, 3, 1)
1
(64, 44)
--> Day : 2
-> Request 0
91
(1, 3, 2)
2
(70, 69)
-> Request 1
120
(1, 2, 1)
2
(10, 63)
-> Request 2
125
(2, 2, 1)
2
(79, 47)
-> Request 3
346
(4, 3, 1)
1
(69, 78)
-> Request 4
465
(2, 1, 2)
3
(57, 60)
-> Request 5
483
(1, 1, 1)
3
(33, 9)
-> Request 6
524
(2, 3, 2)
2
(74, 18)
-> Request 7
601
(2, 2, 1)
2
(47, 62)
-> Request 8
1017
(1, 2, 2)
2
(2, 34)
-> Request 9
1189
(3, 2, 1)
1
(66, 26)
--> Day : 3
-> Request 0
386
(2, 3, 1)
2
(59, 27)
-> Request 1
600
(2, 2, 2)
2
(36, 64)
-> Request 2
659
(4, 3, 2)
1
(49, 48)
-> Request 3
730
(3, 1, 1)
3
(46, 13)
-> Request 4
917
(1, 3, 1)
1
(3, 46)
-> Request 5
955
(3, 3, 2)
2
(35, 15)
-> Request 6
1433
(1, 3, 2)
3
(19, 14)
--> Day : 4
-> Request 0
669
(3, 1, 1)
3
(32, 75)
-> Request 1
719
(2, 2, 1)
2
(11, 7)
-> Request 2
757
(3, 1, 2)
1
(6, 15)
-> Request 3
1125
(4, 3, 1)
2
(55, 54)
-> Request 4
1412
(2, 1, 1)
3
(62, 12)
---> Week : 100
--> Day : 0
-> Request 0
52
(2, 1, 2)
3
(75, 73)
-> Request 1
152
(2, 2, 2)
2
(15, 74)
-> Request 2
303
(1, 1, 2)
2
(3, 62)
-> Request 3
395
(2, 2, 1)
2
(44, 17)
-> Request 4
597
(2, 2, 2)
2
(77, 74)
-> Request 5
652
(1, 2, 1)
3
(44, 33)
-> Request 6
737
(1, 3, 2)
1
(17, 79)
-> Request 7
777
(1, 3, 1)
1
(37, 51)
-> Request 8
925
(1, 3, 2)
1
(55, 60)
-> Request 9
949
(2, 3, 2)
1
(13, 31)
-> Request 10
1075
(1, 1, 2)
2
(2, 16)
-> Request 11
1145
(2, 3, 2)
1
(65, 8)
-> Request 12
1182
(1, 1, 1)
1
(9, 52)
-> Request 13
1199
(3, 2, 1)
2
(57, 25)
-> Request 14
1203
(4, 1, 2)
1
(21, 64)
-> Request 15
1229
(4, 1, 1)
3
(47, 37)
--> Day : 1
-> Request 0
11
(4, 3, 2)
2
(75, 46)
-> Request 1
578
(1, 1, 2)
3
(44, 25)
-> Request 2
593
(3, 3, 2)
1
(5, 72)
-> Request 3
742
(4, 1, 1)
3
(9, 13)
-> Request 4
1184
(3, 2, 2)
3
(50, 26)
-> Request 5
1266
(4, 2, 2)
2
(15, 13)
--> Day : 2
-> Request 0
24
(1, 1, 1)
3
(25, 11)
-> Request 1
61
(4, 3, 2)
3
(32, 35)
-> Request 2
194
(3, 3, 1)
1
(33, 5)
-> Request 3
325
(2, 2, 2)
3
(59, 28)
-> Request 4
756
(3, 3, 1)
1
(3, 76)
-> Request 5
1143
(1, 1, 2)
3
(51, 51)
-> Request 6
1196
(2, 1, 2)
3
(50, 17)
-> Request 7
1365
(3, 2, 1)
2
(49, 71)
--> Day : 3
-> Request 0
450
(4, 2, 2)
2
(12, 49)
-> Request 1
554
(3, 3, 2)
2
(0, 28)
-> Request 2
562
(1, 2, 2)
2
(76, 20)
-> Request 3
603
(1, 1, 2)
2
(33, 13)
-> Request 4
679
(3, 3, 1)
3
(27, 39)
-> Request 5
815
(3, 3, 2)
2
(12, 13)
-> Request 6
1043
(4, 1, 2)
2
(52, 1)
-> Request 7
1225
(2, 3, 2)
3
(71, 10)
-> Request 8
1363
(4, 3, 2)
1
(17, 58)
--> Day : 4
-> Request 0
351
(4, 3, 2)
1
(20, 58)
-> Request 1
478
(2, 1, 2)
2
(5, 22)
-> Request 2
882
(1, 1, 1)
2
(63, 17)
-> Request 3
982
(2, 1, 1)
2
(9, 79)
-> Request 4
1225
(1, 1, 2)
1
(35, 67)
---> Week : 101
--> Day : 0
-> Request 0
108
(1, 2, 2)
1
(12, 79)
-> Request 1
116
(4, 3, 1)
2
(56, 23)
-> Request 2
632
(3, 2, 2)
1
(65, 20)
-> Request 3
730
(2, 1, 1)
3
(72, 14)
-> Request 4
733
(3, 1, 2)
1
(1, 45)
-> Request 5
1117
(1, 3, 2)
2
(41, 74)
-> Request 6
1305
(2, 1, 1)
2
(46, 70)
-> Request 7
1315
(3, 2, 1)
1
(22, 61)
-> Request 8
1413
(1, 2, 2)
3
(40, 17)
--> Day : 1
-> Request 0
255
(1, 1, 2)
1
(17, 30)
-> Request 1
441
(3, 2, 1)
1
(13, 58)
-> Request 2
474
(1, 1, 1)
2
(44, 42)
-> Request 3
643
(4, 2, 2)
2
(5, 24)
-> Request 4
798
(1, 3, 1)
3
(62, 77)
-> Request 5
943
(1, 3, 2)
1
(49, 36)
-> Request 6
1366
(2, 3, 1)
1
(33, 13)
--> Day : 2
-> Request 0
310
(4, 2, 1)
2
(39, 44)
-> Request 1
373
(1, 1, 2)
2
(67, 7)
-> Request 2
447
(3, 3, 1)
2
(49, 54)
-> Request 3
551
(1, 1, 1)
2
(39, 68)
-> Request 4
602
(3, 3, 2)
2
(68, 48)
-> Request 5
834
(4, 1, 2)
2
(40, 67)
-> Request 6
837
(4, 2, 1)
3
(6, 73)
-> Request 7
890
(2, 2, 2)
1
(55, 63)
-> Request 8
1122
(3, 2, 2)
2
(36, 36)
-> Request 9
1260
(2, 1, 1)
2
(17, 38)
--> Day : 3
-> Request 0
122
(4, 1, 2)
3
(52, 63)
-> Request 1
448
(3, 1, 1)
1
(74, 73)
-> Request 2
688
(4, 1, 2)
3
(6, 16)
-> Request 3
710
(1, 2, 2)
1
(26, 29)
-> Request 4
950
(1, 2, 2)
3
(58, 43)
-> Request 5
1083
(1, 3, 2)
3
(47, 10)
-> Request 6
1271
(3, 2, 1)
2
(15, 50)
--> Day : 4
-> Request 0
112
(2, 3, 2)
1
(36, 70)
-> Request 1
208
(3, 3, 1)
1
(43, 38)
-> Request 2
319
(4, 1, 1)
3
(53, 28)
-> Request 3
406
(4, 1, 1)
3
(23, 63)
-> Request 4
692
(3, 3, 1)
1
(78, 64)
-> Request 5
709
(2, 3, 1)
3
(69, 44)
-> Request 6
712
(1, 2, 1)
3
(41, 0)
-> Request 7
741
(1, 2, 1)
1
(25, 10)
-> Request 8
945
(4, 2, 1)
3
(7, 48)
-> Request 9
980
(4, 2, 2)
2
(15, 68)
-> Request 10
1071
(4, 2, 2)
2
(16, 21)
-> Request 11
1097
(1, 1, 1)
3
(66, 55)
-> Request 12
1164
(3, 2, 2)
2
(19, 33)
-> Request 13
1264
(4, 2, 2)
3
(35, 1)
---> Week : 102
--> Day : 0
-> Request 0
66
(4, 3, 2)
1
(57, 70)
-> Request 1
120
(2, 3, 2)
2
(57, 72)
-> Request 2
178
(2, 2, 2)
2
(73, 2)
-> Request 3
290
(4, 1, 1)
1
(37, 15)
-> Request 4
379
(2, 1, 1)
3
(40, 40)
-> Request 5
790
(2, 2, 2)
3
(13, 74)
-> Request 6
800
(1, 3, 2)
3
(14, 42)
-> Request 7
838
(1, 1, 1)
1
(34, 26)
-> Request 8
1040
(3, 2, 1)
3
(23, 39)
--> Day : 1
-> Request 0
48
(1, 2, 2)
1
(2, 21)
-> Request 1
132
(2, 1, 2)
2
(60, 76)
-> Request 2
342
(3, 3, 2)
2
(46, 67)
-> Request 3
439
(3, 2, 1)
3
(25, 23)
-> Request 4
693
(2, 1, 2)
3
(32, 30)
-> Request 5
705
(2, 2, 2)
1
(53, 58)
--> Day : 2
-> Request 0
594
(4, 3, 1)
1
(27, 39)
-> Request 1
737
(3, 1, 2)
1
(15, 69)
-> Request 2
740
(4, 1, 2)
2
(23, 31)
-> Request 3
786
(3, 1, 1)
1
(21, 45)
-> Request 4
904
(4, 3, 1)
2
(2, 9)
-> Request 5
935
(4, 3, 2)
3
(53, 77)
-> Request 6
1169
(1, 2, 2)
2
(61, 33)
-> Request 7
1194
(1, 3, 2)
1
(19, 13)
-> Request 8
1248
(3, 2, 1)
1
(20, 6)
-> Request 9
1403
(4, 1, 2)
3
(70, 45)
-> Request 10
1420
(4, 1, 1)
1
(54, 26)
--> Day : 3
-> Request 0
198
(1, 2, 2)
3
(29, 10)
-> Request 1
218
(1, 2, 1)
1
(2, 79)
-> Request 2
323
(4, 1, 2)
3
(1, 58)
-> Request 3
354
(1, 1, 2)
3
(15, 49)
-> Request 4
510
(1, 3, 1)
3
(52, 16)
-> Request 5
765
(3, 3, 1)
1
(46, 63)
-> Request 6
928
(2, 2, 2)
3
(71, 47)
-> Request 7
942
(3, 1, 1)
1
(15, 14)
-> Request 8
1155
(3, 1, 1)
2
(17, 26)
-> Request 9
1237
(1, 2, 1)
2
(69, 24)
--> Day : 4
-> Request 0
21
(1, 2, 1)
2
(31, 20)
-> Request 1
193
(3, 3, 2)
1
(43, 8)
-> Request 2
261
(3, 2, 1)
3
(21, 38)
-> Request 3
463
(2, 1, 1)
2
(73, 6)
-> Request 4
472
(2, 2, 1)
3
(36, 33)
-> Request 5
600
(2, 1, 2)
2
(48, 27)
-> Request 6
732
(2, 1, 1)
1
(55, 57)
-> Request 7
1190
(4, 2, 2)
1
(47, 58)
-> Request 8
1335
(3, 3, 2)
2
(41, 79)
---> Week : 103
--> Day : 0
-> Request 0
77
(4, 2, 1)
2
(24, 77)
-> Request 1
222
(4, 2, 1)
1
(31, 58)
-> Request 2
234
(1, 3, 2)
3
(13, 13)
-> Request 3
380
(3, 3, 1)
1
(77, 19)
-> Request 4
469
(1, 3, 1)
1
(53, 59)
-> Request 5
502
(4, 2, 1)
3
(68, 4)
-> Request 6
656
(1, 1, 2)
1
(29, 61)
-> Request 7
751
(4, 2, 1)
2
(21, 73)
-> Request 8
830
(2, 1, 2)
3
(51, 58)
-> Request 9
980
(4, 1, 1)
2
(67, 76)
-> Request 10
1064
(3, 3, 2)
1
(10, 63)
-> Request 11
1120
(1, 1, 2)
1
(54, 76)
-> Request 12
1179
(4, 1, 1)
2
(20, 52)
--> Day : 1
-> Request 0
37
(2, 2, 2)
1
(12, 21)
-> Request 1
129
(1, 1, 1)
2
(16, 63)
-> Request 2
274
(2, 2, 1)
3
(1, 52)
-> Request 3
301
(1, 3, 1)
3
(0, 39)
-> Request 4
567
(1, 3, 2)
1
(65, 16)
-> Request 5
825
(1, 3, 2)
1
(21, 79)
-> Request 6
843
(2, 2, 2)
2
(32, 52)
-> Request 7
912
(4, 1, 1)
3
(50, 59)
-> Request 8
939
(4, 1, 2)
2
(33, 41)
-> Request 9
1415
(1, 1, 1)
1
(43, 14)
--> Day : 2
-> Request 0
71
(4, 3, 1)
1
(39, 60)
-> Request 1
141
(4, 3, 1)
2
(64, 57)
-> Request 2
208
(3, 1, 1)
1
(3, 40)
-> Request 3
659
(4, 1, 1)
1
(41, 25)
-> Request 4
748
(1, 2, 2)
2
(54, 45)
-> Request 5
757
(4, 3, 1)
3
(0, 79)
-> Request 6
858
(2, 2, 2)
3
(72, 2)
-> Request 7
1123
(4, 2, 1)
3
(11, 62)
-> Request 8
1256
(4, 1, 2)
2
(27, 58)
-> Request 9
1314
(1, 1, 1)
3
(63, 58)
-> Request 10
1317
(1, 2, 1)
3
(55, 69)
--> Day : 3
-> Request 0
165
(1, 1, 2)
2
(50, 51)
-> Request 1
240
(4, 1, 2)
2
(45, 78)
-> Request 2
351
(2, 2, 2)
2
(42, 68)
-> Request 3
390
(1, 1, 2)
3
(50, 41)
-> Request 4
456
(1, 1, 1)
2
(17, 36)
-> Request 5
462
(1, 3, 1)
2
(62, 42)
-> Request 6
601
(4, 3, 1)
2
(27, 1)
-> Request 7
874
(2, 1, 2)
2
(42, 9)
-> Request 8
1436
(3, 1, 2)
2
(60, 19)
--> Day : 4
-> Request 0
27
(1, 2, 2)
3
(27, 26)
-> Request 1
42
(2, 2, 1)
1
(61, 4)
-> Request 2
183
(1, 2, 2)
3
(23, 57)
-> Request 3
243
(2, 1, 2)
3
(62, 67)
-> Request 4
427
(4, 1, 2)
1
(51, 9)
-> Request 5
494
(4, 3, 2)
1
(61, 45)
-> Request 6
582
(1, 1, 2)
3
(68, 24)
-> Request 7
661
(2, 3, 1)
1
(17, 36)
-> Request 8
939
(4, 2, 2)
2
(41, 66)
-> Request 9
1128
(3, 2, 1)
3
(67, 10)
-> Request 10
1148
(2, 3, 2)
1
(11, 64)
-> Request 11
1408
(4, 1, 1)
3
(47, 59)
---> Week : 104
--> Day : 0
-> Request 0
101
(2, 2, 2)
3
(38, 21)
-> Request 1
385
(2, 1, 2)
2
(19, 24)
-> Request 2
428
(3, 3, 2)
2
(39, 35)
-> Request 3
472
(3, 2, 2)
2
(57, 50)
-> Request 4
821
(1, 3, 1)
3
(29, 74)
-> Request 5
996
(2, 1, 1)
3
(75, 4)
-> Request 6
1198
(4, 2, 1)
1
(69, 43)
-> Request 7
1199
(1, 3, 1)
2
(51, 23)
-> Request 8
1209
(3, 1, 2)
2
(68, 34)
--> Day : 1
-> Request 0
54
(3, 3, 1)
3
(77, 1)
-> Request 1
58
(4, 3, 2)
1
(51, 32)
-> Request 2
74
(3, 3, 1)
2
(65, 60)
-> Request 3
180
(3, 3, 1)
2
(21, 35)
-> Request 4
313
(2, 3, 1)
1
(45, 73)
-> Request 5
498
(3, 1, 2)
1
(9, 69)
-> Request 6
539
(4, 1, 1)
2
(27, 27)
-> Request 7
601
(3, 1, 2)
2
(49, 21)
-> Request 8
631
(1, 3, 2)
1
(23, 48)
-> Request 9
749
(4, 1, 2)
2
(66, 73)
-> Request 10
801
(3, 3, 1)
3
(2, 59)
-> Request 11
870
(2, 3, 2)
1
(27, 70)
-> Request 12
888
(4, 2, 1)
2
(37, 68)
-> Request 13
899
(1, 3, 2)
2
(1, 29)
-> Request 14
1284
(1, 1, 1)
1
(65, 46)
-> Request 15
1394
(4, 1, 2)
3
(56, 15)
--> Day : 2
-> Request 0
20
(1, 1, 1)
1
(51, 63)
-> Request 1
76
(1, 1, 1)
3
(55, 40)
-> Request 2
137
(1, 3, 2)
2
(31, 15)
-> Request 3
293
(3, 3, 2)
3
(43, 67)
-> Request 4
321
(1, 2, 2)
1
(25, 53)
-> Request 5
437
(3, 2, 1)
2
(64, 72)
-> Request 6
845
(3, 3, 2)
2
(17, 36)
-> Request 7
883
(4, 2, 1)
3
(64, 76)
-> Request 8
1010
(1, 2, 2)
2
(24, 36)
-> Request 9
1153
(2, 2, 2)
3
(56, 21)
-> Request 10
1307
(3, 3, 1)
2
(4, 25)
-> Request 11
1412
(3, 3, 1)
1
(36, 55)
--> Day : 3
-> Request 0
4
(2, 1, 2)
1
(45, 27)
-> Request 1
430
(1, 3, 1)
1
(42, 23)
-> Request 2
447
(3, 1, 1)
2
(45, 71)
-> Request 3
464
(4, 1, 2)
3
(39, 40)
-> Request 4
529
(1, 1, 2)
2
(67, 46)
-> Request 5
580
(1, 2, 2)
3
(65, 42)
-> Request 6
661
(3, 2, 1)
1
(77, 55)
-> Request 7
685
(3, 1, 1)
3
(49, 56)
-> Request 8
813
(1, 2, 1)
2
(27, 0)
-> Request 9
840
(1, 1, 1)
2
(54, 28)
-> Request 10
1214
(1, 2, 2)
1
(54, 69)
-> Request 11
1241
(4, 3, 2)
2
(63, 63)
--> Day : 4
-> Request 0
87
(4, 3, 2)
3
(65, 42)
-> Request 1
96
(3, 2, 2)
1
(60, 31)
-> Request 2
271
(1, 3, 1)
3
(4, 51)
-> Request 3
490
(2, 3, 2)
1
(34, 28)
-> Request 4
534
(1, 3, 1)
2
(26, 71)
-> Request 5
770
(3, 3, 2)
3
(22, 47)
-> Request 6
844
(1, 3, 2)
3
(46, 25)
-> Request 7
859
(1, 3, 1)
2
(74, 24)
-> Request 8
1004
(2, 1, 2)
3
(18, 37)
-> Request 9
1130
(1, 3, 2)
2
(33, 57)
-> Request 10
1160
(2, 1, 1)
2
(18, 43)
---> Week : 105
--> Day : 0
-> Request 0
68
(1, 1, 2)
3
(17, 8)
-> Request 1
158
(2, 3, 1)
1
(68, 14)
-> Request 2
567
(4, 2, 1)
1
(53, 60)
-> Request 3
858
(4, 1, 2)
2
(74, 76)
--> Day : 1
-> Request 0
39
(2, 3, 1)
1
(72, 7)
-> Request 1
189
(2, 1, 1)
2
(57, 42)
-> Request 2
262
(4, 1, 2)
1
(18, 24)
-> Request 3
341
(3, 2, 1)
3
(10, 38)
-> Request 4
488
(1, 3, 2)
1
(45, 27)
-> Request 5
586
(1, 3, 2)
1
(17, 12)
-> Request 6
595
(4, 3, 1)
1
(65, 32)
-> Request 7
596
(2, 3, 1)
2
(63, 46)
-> Request 8
624
(1, 2, 2)
1
(50, 54)
-> Request 9
677
(2, 2, 1)
2
(35, 48)
-> Request 10
825
(3, 2, 2)
1
(76, 38)
-> Request 11
1283
(2, 1, 2)
1
(7, 46)
-> Request 12
1314
(2, 1, 2)
2
(71, 33)
-> Request 13
1325
(4, 1, 2)
2
(40, 0)
--> Day : 2
-> Request 0
218
(4, 3, 2)
1
(69, 8)
-> Request 1
454
(2, 1, 1)
1
(3, 77)
-> Request 2
693
(2, 3, 1)
1
(56, 17)
-> Request 3
720
(2, 3, 2)
3
(69, 7)
-> Request 4
754
(3, 1, 2)
1
(77, 26)
-> Request 5
834
(3, 2, 1)
1
(43, 75)
-> Request 6
988
(1, 1, 1)
1
(69, 21)
-> Request 7
1057
(3, 2, 1)
3
(49, 77)
-> Request 8
1099
(4, 3, 1)
1
(41, 61)
-> Request 9
1146
(1, 3, 1)
1
(16, 35)
--> Day : 3
-> Request 0
477
(4, 2, 1)
2
(41, 44)
-> Request 1
661
(2, 3, 2)
3
(40, 24)
-> Request 2
761
(1, 2, 1)
2
(1, 9)
-> Request 3
815
(2, 1, 2)
2
(20, 79)
-> Request 4
845
(1, 1, 2)
3
(60, 73)
-> Request 5
852
(2, 2, 2)
3
(63, 3)
-> Request 6
866
(3, 1, 2)
2
(2, 72)
-> Request 7
1011
(4, 3, 2)
1
(46, 43)
-> Request 8
1150
(3, 1, 1)
1
(13, 39)
-> Request 9
1392
(4, 3, 2)
2
(39, 44)
--> Day : 4
-> Request 0
96
(4, 2, 1)
1
(5, 55)
-> Request 1
125
(2, 1, 1)
2
(15, 50)
-> Request 2
210
(2, 1, 2)
3
(16, 48)
-> Request 3
326
(3, 3, 2)
1
(60, 59)
-> Request 4
497
(2, 1, 2)
1
(53, 38)
-> Request 5
601
(4, 3, 1)
3
(21, 73)
-> Request 6
735
(2, 2, 2)
2
(9, 73)
-> Request 7
808
(2, 2, 1)
1
(30, 62)
-> Request 8
950
(1, 2, 1)
2
(60, 47)
-> Request 9
1315
(1, 2, 2)
2
(8, 64)
---> Week : 106
--> Day : 0
-> Request 0
184
(2, 2, 2)
1
(70, 69)
-> Request 1
295
(1, 1, 1)
2
(72, 70)
-> Request 2
663
(2, 1, 1)
1
(78, 36)
-> Request 3
665
(4, 2, 1)
2
(43, 19)
-> Request 4
669
(2, 1, 2)
1
(16, 18)
-> Request 5
791
(1, 2, 1)
2
(71, 18)
-> Request 6
1067
(4, 1, 2)
3
(16, 12)
-> Request 7
1320
(2, 1, 1)
3
(66, 64)
-> Request 8
1328
(4, 3, 2)
3
(3, 14)
--> Day : 1
-> Request 0
661
(1, 1, 1)
1
(3, 26)
-> Request 1
854
(1, 1, 1)
1
(75, 47)
-> Request 2
1082
(2, 2, 2)
2
(18, 22)
-> Request 3
1117
(3, 3, 2)
3
(68, 41)
-> Request 4
1247
(3, 1, 1)
1
(1, 77)
--> Day : 2
-> Request 0
15
(1, 2, 2)
1
(20, 23)
-> Request 1
39
(1, 1, 1)
1
(77, 47)
-> Request 2
726
(4, 1, 1)
1
(0, 23)
-> Request 3
948
(3, 2, 2)
1
(3, 64)
-> Request 4
1399
(3, 1, 1)
1
(77, 70)
--> Day : 3
-> Request 0
5
(2, 2, 1)
2
(77, 72)
-> Request 1
58
(3, 3, 2)
3
(69, 29)
-> Request 2
191
(4, 1, 2)
3
(75, 22)
-> Request 3
598
(1, 1, 1)
3
(10, 22)
-> Request 4
770
(3, 3, 2)
3
(57, 58)
-> Request 5
789
(4, 2, 1)
1
(73, 23)
-> Request 6
915
(4, 2, 2)
3
(45, 60)
-> Request 7
1025
(3, 1, 2)
1
(56, 24)
-> Request 8
1367
(3, 1, 2)
3
(12, 31)
--> Day : 4
-> Request 0
161
(1, 1, 2)
3
(50, 33)
-> Request 1
281
(4, 2, 2)
1
(12, 73)
-> Request 2
906
(3, 2, 1)
2
(50, 62)
-> Request 3
1255
(4, 2, 1)
1
(4, 37)
-> Request 4
1395
(4, 1, 1)
1
(57, 3)
---> Week : 107
--> Day : 0
-> Request 0
93
(3, 3, 2)
2
(25, 50)
-> Request 1
439
(3, 1, 2)
1
(49, 13)
-> Request 2
501
(2, 2, 1)
2
(32, 77)
-> Request 3
592
(2, 2, 2)
3
(8, 60)
-> Request 4
650
(2, 1, 2)
3
(48, 27)
-> Request 5
766
(4, 2, 2)
1
(72, 66)
-> Request 6
902
(1, 1, 1)
1
(63, 16)
-> Request 7
1007
(2, 1, 2)
3
(5, 14)
-> Request 8
1022
(1, 3, 1)
3
(22, 30)
-> Request 9
1045
(1, 3, 1)
3
(33, 22)
-> Request 10
1164
(3, 3, 1)
2
(3, 44)
-> Request 11
1216
(4, 1, 1)
2
(53, 28)
-> Request 12
1229
(3, 3, 1)
2
(44, 73)
-> Request 13
1351
(2, 3, 2)
2
(4, 28)
--> Day : 1
-> Request 0
349
(2, 1, 2)
1
(65, 16)
-> Request 1
417
(3, 3, 2)
1
(65, 36)
-> Request 2
478
(2, 3, 2)
2
(69, 4)
-> Request 3
577
(1, 1, 1)
3
(31, 27)
-> Request 4
677
(1, 3, 2)
2
(67, 68)
-> Request 5
724
(3, 2, 2)
1
(73, 32)
-> Request 6
849
(1, 1, 2)
3
(7, 48)
-> Request 7
892
(3, 3, 1)
1
(75, 6)
-> Request 8
920
(3, 2, 2)
2
(72, 72)
-> Request 9
1073
(4, 2, 1)
2
(74, 15)
-> Request 10
1308
(4, 3, 2)
1
(0, 11)
--> Day : 2
-> Request 0
53
(2, 1, 1)
2
(10, 70)
-> Request 1
267
(2, 3, 2)
3
(57, 40)
-> Request 2
678
(3, 2, 1)
3
(1, 18)
-> Request 3
844
(4, 1, 2)
3
(11, 73)
-> Request 4
1181
(2, 3, 2)
1
(77, 41)
--> Day : 3
-> Request 0
678
(4, 1, 2)
1
(11, 77)
-> Request 1
751
(4, 2, 2)
1
(55, 23)
-> Request 2
837
(1, 1, 1)
2
(33, 28)
-> Request 3
895
(1, 1, 1)
3
(77, 77)
-> Request 4
944
(2, 3, 2)
1
(14, 44)
-> Request 5
975
(2, 3, 2)
3
(33, 33)
-> Request 6
1022
(1, 2, 1)
1
(67, 61)
-> Request 7
1024
(3, 2, 1)
2
(2, 45)
-> Request 8
1115
(1, 1, 2)
3
(56, 44)
-> Request 9
1132
(1, 1, 1)
3
(32, 31)
-> Request 10
1221
(3, 2, 2)
1
(67, 68)
-> Request 11
1256
(2, 3, 2)
1
(21, 72)
-> Request 12
1265
(2, 2, 1)
3
(3, 9)
-> Request 13
1401
(4, 2, 2)
2
(39, 32)
-> Request 14
1404
(1, 1, 1)
3
(55, 41)
--> Day : 4
-> Request 0
127
(2, 3, 2)
3
(48, 50)
-> Request 1
533
(1, 3, 1)
3
(49, 72)
-> Request 2
568
(3, 1, 2)
1
(54, 74)
-> Request 3
807
(2, 1, 1)
2
(14, 10)
-> Request 4
882
(2, 2, 2)
2
(34, 48)
-> Request 5
998
(4, 1, 1)
2
(13, 24)
-> Request 6
1148
(4, 1, 2)
3
(39, 67)
-> Request 7
1150
(1, 1, 1)
2
(67, 31)
---> Week : 108
--> Day : 0
-> Request 0
160
(2, 2, 2)
2
(24, 15)
-> Request 1
409
(2, 1, 1)
3
(61, 37)
-> Request 2
409
(2, 1, 2)
2
(30, 27)
-> Request 3
767
(2, 1, 1)
2
(34, 56)
-> Request 4
1117
(4, 2, 2)
2
(38, 23)
-> Request 5
1154
(3, 2, 2)
2
(15, 26)
--> Day : 1
-> Request 0
485
(3, 2, 1)
2
(7, 46)
-> Request 1
585
(1, 3, 1)
2
(28, 0)
-> Request 2
840
(1, 3, 1)
1
(35, 23)
-> Request 3
920
(4, 3, 1)
2
(78, 44)
-> Request 4
1177
(4, 1, 2)
2
(35, 68)
-> Request 5
1195
(4, 1, 1)
2
(52, 65)
--> Day : 2
-> Request 0
30
(2, 3, 1)
2
(56, 70)
-> Request 1
247
(1, 2, 2)
3
(66, 43)
-> Request 2
372
(1, 2, 2)
2
(58, 75)
-> Request 3
432
(1, 2, 2)
1
(41, 40)
-> Request 4
717
(1, 1, 1)
3
(77, 25)
-> Request 5
812
(3, 1, 1)
3
(54, 47)
-> Request 6
924
(1, 2, 2)
2
(20, 43)
-> Request 7
1127
(3, 2, 1)
2
(39, 0)
-> Request 8
1276
(4, 3, 2)
3
(74, 16)
--> Day : 3
-> Request 0
100
(4, 2, 2)
1
(49, 69)
-> Request 1
282
(4, 2, 2)
2
(30, 25)
-> Request 2
336
(3, 3, 1)
1
(49, 43)
-> Request 3
357
(4, 3, 2)
2
(6, 64)
-> Request 4
364
(1, 1, 2)
2
(16, 69)
-> Request 5
575
(2, 2, 2)
1
(70, 54)
-> Request 6
830
(2, 2, 2)
3
(54, 63)
-> Request 7
1006
(1, 3, 1)
2
(36, 47)
-> Request 8
1371
(1, 3, 2)
2
(62, 50)
-> Request 9
1429
(4, 3, 2)
2
(1, 17)
--> Day : 4
-> Request 0
64
(3, 2, 2)
3
(66, 28)
-> Request 1
280
(4, 1, 2)
1
(12, 62)
-> Request 2
323
(1, 3, 2)
1
(20, 44)
-> Request 3
394
(2, 3, 1)
3
(57, 61)
-> Request 4
591
(2, 3, 2)
2
(65, 21)
-> Request 5
630
(4, 2, 2)
1
(57, 66)
-> Request 6
691
(3, 1, 2)
2
(36, 35)
-> Request 7
768
(2, 2, 2)
2
(7, 20)
-> Request 8
910
(1, 3, 1)
2
(56, 24)
-> Request 9
1189
(4, 1, 1)
2
(77, 56)
-> Request 10
1205
(1, 3, 1)
2
(79, 60)
-> Request 11
1363
(1, 2, 2)
2
(63, 77)
-> Request 12
1395
(3, 2, 2)
1
(43, 64)
-> Request 13
1426
(2, 3, 1)
2
(73, 42)
---> Week : 109
--> Day : 0
-> Request 0
273
(1, 2, 2)
2
(27, 32)
-> Request 1
396
(3, 1, 2)
3
(42, 12)
-> Request 2
405
(2, 2, 2)
1
(67, 59)
-> Request 3
543
(2, 1, 1)
2
(63, 58)
-> Request 4
682
(1, 3, 2)
2
(75, 46)
-> Request 5
846
(1, 3, 1)
1
(19, 30)
-> Request 6
892
(4, 2, 1)
1
(49, 74)
-> Request 7
960
(1, 2, 2)
1
(34, 49)
-> Request 8
1009
(2, 3, 1)
1
(30, 29)
-> Request 9
1056
(2, 3, 1)
3
(14, 16)
-> Request 10
1136
(2, 2, 2)
1
(45, 57)
-> Request 11
1249
(4, 1, 2)
3
(15, 71)
--> Day : 1
-> Request 0
1007
(1, 3, 1)
3
(73, 49)
-> Request 1
1133
(3, 3, 2)
1
(11, 79)
-> Request 2
1331
(1, 3, 2)
1
(50, 46)
--> Day : 2
-> Request 0
279
(3, 1, 2)
3
(24, 79)
-> Request 1
484
(3, 3, 1)
1
(50, 45)
-> Request 2
603
(1, 1, 1)
2
(39, 11)
-> Request 3
640
(2, 1, 1)
1
(33, 77)
-> Request 4
722
(4, 1, 2)
2
(57, 12)
-> Request 5
816
(1, 3, 1)
1
(66, 36)
-> Request 6
1077
(2, 3, 1)
2
(47, 72)
-> Request 7
1271
(4, 3, 2)
1
(50, 26)
-> Request 8
1310
(1, 3, 1)
2
(71, 1)
-> Request 9
1376
(2, 1, 2)
2
(15, 76)
--> Day : 3
-> Request 0
199
(4, 2, 2)
1
(2, 21)
-> Request 1
228
(1, 2, 2)
2
(60, 7)
-> Request 2
312
(2, 2, 1)
3
(4, 27)
-> Request 3
449
(3, 1, 1)
1
(46, 19)
-> Request 4
602
(1, 1, 1)
2
(72, 66)
-> Request 5
693
(4, 3, 2)
1
(8, 62)
-> Request 6
820
(1, 2, 1)
2
(70, 62)
-> Request 7
932
(1, 2, 1)
1
(6, 63)
-> Request 8
1272
(2, 3, 2)
2
(41, 35)
--> Day : 4
-> Request 0
137
(1, 3, 1)
1
(16, 5)
-> Request 1
167
(1, 2, 1)
2
(33, 4)
-> Request 2
236
(1, 1, 1)
2
(30, 58)
-> Request 3
299
(1, 2, 1)
2
(47, 38)
-> Request 4
332
(2, 1, 2)
3
(70, 44)
-> Request 5
744
(4, 3, 1)
3
(7, 79)
-> Request 6
920
(3, 1, 1)
1
(60, 11)
-> Request 7
982
(2, 2, 1)
1
(30, 43)
-> Request 8
985
(2, 3, 1)
3
(36, 11)
-> Request 9
1006
(2, 3, 1)
1
(40, 49)
-> Request 10
1315
(2, 3, 2)
1
(58, 70)
-> Request 11
1343
(4, 3, 2)
3
(32, 38)
---> Week : 110
--> Day : 0
-> Request 0
253
(1, 3, 2)
1
(52, 35)
-> Request 1
487
(2, 3, 1)
1
(53, 49)
-> Request 2
493
(4, 2, 2)
3
(7, 72)
-> Request 3
553
(4, 1, 1)
2
(58, 59)
-> Request 4
1251
(2, 2, 1)
3
(47, 54)
-> Request 5
1276
(4, 3, 1)
3
(26, 38)
--> Day : 1
-> Request 0
92
(1, 3, 1)
3
(39, 71)
-> Request 1
338
(1, 1, 2)
2
(54, 40)
-> Request 2
405
(3, 3, 2)
3
(12, 45)
-> Request 3
458
(4, 1, 1)
2
(74, 38)
-> Request 4
534
(2, 2, 2)
3
(73, 45)
-> Request 5
584
(4, 3, 2)
1
(55, 40)
-> Request 6
926
(3, 1, 1)
2
(77, 58)
-> Request 7
1020
(4, 1, 2)
2
(22, 6)
-> Request 8
1300
(2, 2, 2)
2
(58, 15)
-> Request 9
1350
(2, 1, 1)
3
(65, 19)
--> Day : 2
-> Request 0
39
(2, 1, 2)
1
(56, 50)
-> Request 1
272
(4, 3, 1)
2
(22, 57)
-> Request 2
359
(3, 2, 1)
3
(13, 65)
-> Request 3
396
(2, 2, 1)
3
(25, 53)
-> Request 4
604
(3, 3, 2)
2
(72, 63)
-> Request 5
895
(4, 1, 1)
3
(4, 73)
-> Request 6
963
(3, 3, 1)
1
(25, 39)
-> Request 7
1080
(3, 1, 1)
2
(2, 12)
-> Request 8
1304
(1, 2, 2)
2
(26, 30)
--> Day : 3
-> Request 0
126
(2, 3, 1)
1
(25, 29)
-> Request 1
129
(3, 1, 1)
3
(28, 39)
-> Request 2
585
(3, 3, 2)
1
(16, 35)
-> Request 3
776
(4, 1, 1)
3
(36, 42)
-> Request 4
996
(4, 3, 1)
2
(31, 40)
-> Request 5
1029
(4, 3, 2)
3
(64, 31)
-> Request 6
1215
(4, 2, 1)
3
(29, 9)
-> Request 7
1233
(1, 2, 2)
3
(61, 58)
--> Day : 4
-> Request 0
62
(4, 1, 2)
3
(67, 54)
-> Request 1
134
(4, 3, 1)
2
(1, 68)
-> Request 2
280
(2, 2, 1)
1
(38, 41)
-> Request 3
331
(4, 1, 2)
2
(11, 68)
-> Request 4
405
(4, 2, 2)
3
(28, 59)
-> Request 5
548
(2, 2, 2)
3
(16, 25)
-> Request 6
708
(2, 1, 1)
1
(27, 62)
-> Request 7
890
(1, 3, 1)
3
(2, 58)
-> Request 8
918
(1, 3, 1)
1
(58, 39)
-> Request 9
962
(4, 1, 1)
3
(71, 32)
-> Request 10
1026
(3, 2, 1)
2
(29, 79)
-> Request 11
1047
(1, 1, 1)
1
(66, 39)
-> Request 12
1128
(1, 1, 1)
3
(35, 49)
-> Request 13
1240
(2, 2, 1)
2
(52, 19)
-> Request 14
1262
(2, 3, 1)
2
(9, 55)
---> Week : 111
--> Day : 0
-> Request 0
118
(4, 3, 1)
1
(50, 31)
-> Request 1
453
(3, 1, 1)
2
(40, 33)
-> Request 2
525
(1, 2, 1)
3
(6, 20)
-> Request 3
756
(3, 2, 1)
1
(44, 19)
-> Request 4
964
(4, 1, 1)
2
(4, 7)
-> Request 5
998
(1, 2, 1)
3
(45, 3)
-> Request 6
1023
(4, 3, 1)
3
(63, 54)
-> Request 7
1127
(1, 1, 2)
1
(30, 13)
-> Request 8
1202
(1, 1, 1)
1
(7, 74)
--> Day : 1
-> Request 0
61
(4, 1, 1)
3
(66, 54)
-> Request 1
222
(1, 1, 2)
2
(76, 57)
-> Request 2
704
(1, 3, 1)
2
(47, 64)
-> Request 3
724
(3, 1, 1)
1
(69, 78)
-> Request 4
760
(1, 1, 1)
1
(48, 41)
-> Request 5
805
(1, 1, 2)
2
(60, 73)
-> Request 6
857
(3, 2, 1)
2
(72, 7)
-> Request 7
876
(3, 3, 2)
2
(9, 27)
-> Request 8
950
(3, 1, 2)
3
(21, 55)
-> Request 9
1011
(2, 1, 2)
3
(55, 64)
-> Request 10
1116
(4, 2, 1)
3
(18, 26)
-> Request 11
1152
(4, 3, 1)
2
(77, 16)
-> Request 12
1357
(2, 1, 1)
2
(12, 77)
-> Request 13
1363
(2, 2, 1)
3
(70, 22)
--> Day : 2
-> Request 0
67
(4, 3, 1)
3
(62, 54)
-> Request 1
255
(3, 3, 2)
1
(43, 67)
-> Request 2
350
(1, 2, 2)
1
(25, 73)
-> Request 3
563
(2, 1, 1)
3
(71, 42)
-> Request 4
573
(2, 1, 1)
2
(73, 1)
-> Request 5
681
(3, 3, 1)
3
(64, 75)
-> Request 6
706
(2, 3, 2)
3
(51, 39)
-> Request 7
979
(1, 2, 2)
2
(2, 35)
-> Request 8
1314
(4, 2, 1)
2
(49, 29)
--> Day : 3
-> Request 0
108
(2, 3, 1)
3
(45, 8)
-> Request 1
279
(2, 2, 1)
1
(66, 33)
-> Request 2
618
(4, 1, 2)
3
(9, 64)
-> Request 3
707
(1, 1, 1)
1
(41, 54)
-> Request 4
1067
(3, 2, 2)
3
(46, 18)
-> Request 5
1090
(3, 1, 2)
3
(69, 17)
-> Request 6
1114
(4, 2, 2)
3
(23, 0)
--> Day : 4
-> Request 0
239
(4, 2, 1)
1
(8, 11)
-> Request 1
627
(2, 2, 2)
1
(18, 0)
-> Request 2
685
(2, 3, 2)
2
(59, 35)
-> Request 3
784
(1, 2, 1)
1
(16, 12)
-> Request 4
869
(4, 3, 1)
2
(57, 13)
-> Request 5
1029
(1, 3, 2)
2
(38, 29)
-> Request 6
1051
(3, 2, 2)
3
(44, 67)
-> Request 7
1065
(1, 2, 2)
1
(34, 40)
-> Request 8
1225
(1, 3, 2)
1
(18, 68)
-> Request 9
1248
(3, 3, 1)
1
(70, 57)
-> Request 10
1259
(4, 3, 2)
2
(10, 66)
---> Week : 112
--> Day : 0
-> Request 0
138
(2, 3, 2)
1
(35, 56)
-> Request 1
732
(4, 3, 1)
3
(45, 65)
-> Request 2
770
(2, 2, 1)
1
(39, 26)
-> Request 3
1062
(1, 1, 1)
3
(16, 33)
-> Request 4
1248
(4, 1, 1)
3
(32, 23)
-> Request 5
1250
(3, 1, 1)
3
(17, 16)
-> Request 6
1265
(2, 3, 2)
2
(23, 29)
-> Request 7
1283
(3, 1, 2)
1
(34, 38)
--> Day : 1
-> Request 0
483
(4, 2, 1)
1
(46, 14)
-> Request 1
622
(3, 1, 2)
1
(51, 50)
-> Request 2
632
(4, 2, 1)
1
(78, 16)
-> Request 3
1029
(4, 3, 2)
2
(29, 8)
-> Request 4
1397
(1, 1, 1)
3
(75, 14)
--> Day : 2
-> Request 0
18
(1, 2, 2)
2
(41, 79)
-> Request 1
53
(2, 2, 1)
1
(70, 12)
-> Request 2
163
(4, 1, 2)
3
(53, 40)
-> Request 3
188
(4, 3, 1)
2
(45, 59)
-> Request 4
213
(2, 3, 2)
3
(45, 52)
-> Request 5
378
(2, 2, 1)
3
(31, 45)
-> Request 6
470
(2, 3, 1)
3
(42, 6)
-> Request 7
696
(1, 3, 2)
1
(75, 16)
-> Request 8
732
(2, 3, 2)
3
(78, 34)
-> Request 9
776
(3, 1, 2)
1
(50, 5)
-> Request 10
816
(4, 1, 1)
1
(31, 60)
-> Request 11
830
(4, 3, 1)
3
(36, 5)
-> Request 12
1077
(2, 2, 2)
1
(31, 21)
-> Request 13
1089
(2, 1, 1)
1
(25, 20)
-> Request 14
1225
(1, 1, 1)
2
(33, 2)
-> Request 15
1248
(1, 2, 2)
1
(73, 60)
-> Request 16
1314
(3, 2, 1)
2
(30, 76)
-> Request 17
1373
(4, 3, 2)
1
(1, 29)
--> Day : 3
-> Request 0
12
(2, 2, 2)
3
(32, 16)
-> Request 1
78
(1, 3, 1)
1
(31, 59)
-> Request 2
119
(1, 3, 1)
3
(44, 63)
-> Request 3
516
(4, 1, 1)
2
(32, 31)
-> Request 4
718
(2, 1, 2)
2
(8, 68)
-> Request 5
1012
(4, 2, 1)
2
(13, 20)
-> Request 6
1130
(3, 3, 1)
1
(25, 7)
-> Request 7
1202
(1, 2, 2)
3
(28, 7)
-> Request 8
1356
(4, 1, 2)
3
(44, 10)
-> Request 9
1392
(2, 1, 1)
2
(62, 20)
--> Day : 4
-> Request 0
40
(1, 3, 1)
3
(20, 0)
-> Request 1
70
(2, 1, 1)
1
(11, 12)
-> Request 2
75
(2, 1, 2)
1
(40, 0)
-> Request 3
237
(4, 2, 1)
2
(66, 12)
-> Request 4
477
(4, 3, 2)
1
(22, 66)
-> Request 5
772
(4, 1, 2)
3
(23, 2)
-> Request 6
937
(4, 3, 2)
1
(33, 14)
-> Request 7
1048
(1, 3, 2)
1
(60, 32)
---> Week : 113
--> Day : 0
-> Request 0
125
(4, 3, 1)
1
(4, 70)
-> Request 1
337
(2, 1, 1)
3
(45, 78)
-> Request 2
383
(1, 3, 2)
2
(0, 60)
-> Request 3
578
(2, 2, 1)
1
(41, 49)
-> Request 4
685
(1, 3, 2)
3
(23, 49)
-> Request 5
955
(4, 2, 2)
2
(23, 65)
-> Request 6
1176
(4, 2, 1)
1
(30, 8)
-> Request 7
1179
(4, 2, 2)
2
(0, 19)
-> Request 8
1197
(4, 2, 1)
2
(59, 10)
-> Request 9
1300
(3, 2, 2)
1
(49, 79)
--> Day : 1
-> Request 0
246
(1, 2, 1)
1
(66, 2)
-> Request 1
437
(3, 3, 1)
2
(19, 49)
-> Request 2
857
(2, 2, 2)
3
(43, 68)
-> Request 3
922
(2, 2, 1)
1
(6, 68)
-> Request 4
1107
(4, 3, 1)
1
(59, 10)
-> Request 5
1209
(3, 2, 2)
3
(23, 54)
-> Request 6
1237
(2, 3, 1)
2
(47, 79)
-> Request 7
1360
(4, 3, 2)
1
(69, 12)
-> Request 8
1439
(3, 2, 2)
1
(8, 32)
--> Day : 2
-> Request 0
352
(4, 1, 1)
2
(45, 79)
-> Request 1
389
(1, 2, 1)
2
(42, 5)
-> Request 2
840
(1, 3, 1)
2
(78, 5)
-> Request 3
979
(4, 1, 2)
3
(13, 47)
-> Request 4
1257
(1, 2, 2)
3
(76, 52)
--> Day : 3
-> Request 0
35
(3, 1, 1)
1
(54, 21)
-> Request 1
44
(1, 2, 2)
2
(78, 61)
-> Request 2
76
(2, 2, 2)
2
(60, 18)
-> Request 3
124
(1, 2, 1)
1
(28, 21)
-> Request 4
250
(3, 3, 2)
1
(14, 47)
-> Request 5
378
(1, 1, 1)
3
(61, 50)
-> Request 6
559
(1, 3, 1)
3
(32, 30)
-> Request 7
611
(4, 1, 2)
3
(19, 49)
-> Request 8
695
(4, 3, 2)
3
(72, 31)
-> Request 9
841
(2, 3, 1)
2
(31, 41)
-> Request 10
952
(3, 3, 1)
1
(54, 38)
-> Request 11
1067
(3, 1, 2)
2
(75, 66)
-> Request 12
1275
(1, 1, 2)
3
(6, 23)
-> Request 13
1322
(3, 2, 2)
2
(34, 46)
--> Day : 4
-> Request 0
812
(3, 1, 1)
1
(29, 1)
-> Request 1
816
(4, 1, 1)
1
(34, 19)
-> Request 2
879
(1, 1, 1)
1
(73, 66)
-> Request 3
1087
(3, 3, 2)
1
(66, 39)
-> Request 4
1098
(2, 1, 2)
2
(69, 8)
-> Request 5
1127
(1, 3, 1)
1
(25, 77)
-> Request 6
1245
(3, 2, 2)
3
(31, 21)
-> Request 7
1245
(4, 1, 1)
3
(21, 23)
-> Request 8
1274
(1, 1, 1)
3
(25, 58)
-> Request 9
1322
(4, 1, 2)
3
(52, 70)
-> Request 10
1387
(1, 2, 2)
3
(50, 48)
---> Week : 114
--> Day : 0
-> Request 0
204
(1, 1, 1)
3
(46, 30)
-> Request 1
324
(1, 2, 1)
2
(23, 12)
-> Request 2
324
(2, 2, 2)
2
(78, 40)
-> Request 3
422
(3, 1, 1)
3
(58, 53)
-> Request 4
518
(2, 3, 1)
3
(19, 30)
-> Request 5
748
(3, 3, 2)
3
(79, 42)
-> Request 6
810
(1, 1, 1)
2
(25, 29)
-> Request 7
856
(4, 1, 2)
2
(54, 71)
-> Request 8
1004
(1, 3, 1)
2
(28, 21)
-> Request 9
1113
(2, 3, 2)
3
(55, 62)
-> Request 10
1118
(3, 2, 1)
1
(36, 79)
-> Request 11
1318
(3, 3, 1)
3
(2, 52)
-> Request 12
1380
(2, 3, 2)
1
(74, 67)
--> Day : 1
-> Request 0
269
(4, 2, 2)
2
(24, 10)
-> Request 1
298
(4, 3, 2)
2
(14, 36)
-> Request 2
731
(1, 1, 1)
3
(34, 35)
--> Day : 2
-> Request 0
140
(2, 2, 2)
1
(73, 13)
-> Request 1
242
(2, 1, 1)
2
(78, 4)
-> Request 2
979
(1, 2, 2)
2
(1, 74)
-> Request 3
1169
(2, 1, 2)
1
(41, 48)
-> Request 4
1423
(4, 1, 1)
3
(79, 31)
--> Day : 3
-> Request 0
107
(2, 2, 1)
1
(26, 73)
-> Request 1
312
(3, 1, 1)
3
(11, 2)
-> Request 2
476
(3, 3, 1)
2
(52, 79)
-> Request 3
532
(2, 3, 1)
3
(60, 17)
-> Request 4
656
(4, 3, 1)
2
(16, 51)
-> Request 5
663
(2, 1, 1)
2
(11, 13)
-> Request 6
909
(2, 1, 2)
1
(32, 75)
-> Request 7
1278
(4, 2, 1)
1
(5, 5)
-> Request 8
1439
(2, 3, 1)
3
(2, 6)
--> Day : 4
-> Request 0
50
(3, 2, 2)
1
(1, 55)
-> Request 1
98
(2, 2, 2)
1
(5, 74)
-> Request 2
119
(4, 1, 1)
3
(20, 73)
-> Request 3
145
(2, 3, 1)
1
(52, 53)
-> Request 4
189
(1, 1, 1)
1
(49, 7)
-> Request 5
408
(3, 3, 2)
2
(35, 27)
-> Request 6
758
(4, 1, 1)
3
(50, 25)
-> Request 7
764
(4, 1, 2)
1
(66, 55)
-> Request 8
816
(4, 3, 1)
2
(23, 20)
-> Request 9
818
(4, 1, 1)
1
(27, 78)
-> Request 10
851
(2, 2, 2)
1
(12, 1)
-> Request 11
875
(1, 3, 1)
1
(54, 79)
-> Request 12
1199
(2, 2, 2)
1
(76, 9)
-> Request 13
1323
(3, 3, 2)
1
(8, 24)
---> Week : 115
--> Day : 0
-> Request 0
102
(1, 2, 2)
2
(28, 15)
-> Request 1
190
(3, 2, 1)
3
(40, 64)
-> Request 2
596
(3, 3, 1)
2
(21, 33)
-> Request 3
709
(2, 1, 2)
1
(6, 49)
-> Request 4
828
(3, 3, 2)
1
(3, 40)
-> Request 5
1029
(2, 1, 1)
2
(33, 35)
-> Request 6
1138
(1, 1, 2)
3
(10, 58)
-> Request 7
1156
(2, 3, 1)
3
(9, 77)
-> Request 8
1180
(3, 3, 2)
2
(48, 74)
-> Request 9
1291
(3, 3, 2)
2
(40, 22)
--> Day : 1
-> Request 0
5
(1, 1, 2)
2
(42, 42)
-> Request 1
54
(3, 1, 1)
1
(42, 11)
-> Request 2
95
(1, 3, 2)
1
(23, 2)
-> Request 3
264
(2, 1, 2)
1
(40, 47)
-> Request 4
323
(4, 2, 1)
2
(54, 78)
-> Request 5
402
(2, 1, 2)
1
(76, 33)
-> Request 6
524
(4, 2, 2)
1
(5, 24)
-> Request 7
627
(4, 2, 1)
2
(65, 28)
-> Request 8
762
(3, 1, 2)
3
(58, 52)
-> Request 9
859
(2, 2, 1)
1
(5, 66)
-> Request 10
869
(3, 3, 2)
2
(48, 79)
-> Request 11
899
(2, 1, 2)
2
(7, 34)
-> Request 12
931
(2, 1, 1)
2
(25, 37)
-> Request 13
1030
(1, 1, 2)
3
(31, 66)
-> Request 14
1138
(1, 1, 2)
1
(73, 17)
-> Request 15
1348
(2, 1, 1)
2
(71, 3)
-> Request 16
1374
(4, 3, 1)
2
(15, 49)
--> Day : 2
-> Request 0
569
(2, 3, 1)
2
(2, 39)
-> Request 1
806
(3, 1, 2)
2
(28, 18)
-> Request 2
1017
(1, 2, 1)
3
(30, 4)
-> Request 3
1039
(1, 1, 2)
1
(14, 50)
-> Request 4
1055
(1, 1, 1)
3
(69, 56)
-> Request 5
1078
(1, 3, 1)
2
(9, 47)
-> Request 6
1393
(3, 3, 2)
3
(12, 71)
-> Request 7
1436
(4, 3, 1)
1
(51, 67)
--> Day : 3
-> Request 0
216
(3, 2, 1)
1
(56, 62)
-> Request 1
335
(3, 3, 1)
2
(55, 53)
-> Request 2
450
(1, 2, 1)
3
(10, 44)
-> Request 3
508
(1, 1, 2)
3
(2, 36)
-> Request 4
689
(2, 1, 2)
3
(5, 42)
-> Request 5
734
(4, 1, 2)
2
(62, 42)
-> Request 6
901
(4, 2, 2)
2
(29, 36)
-> Request 7
997
(3, 2, 1)
1
(32, 46)
-> Request 8
1270
(3, 1, 1)
2
(61, 32)
-> Request 9
1322
(1, 3, 2)
1
(1, 19)
--> Day : 4
-> Request 0
11
(3, 2, 2)
3
(60, 16)
-> Request 1
258
(1, 3, 1)
1
(28, 7)
-> Request 2
348
(2, 3, 1)
3
(62, 38)
-> Request 3
361
(3, 1, 2)
2
(63, 5)
-> Request 4
394
(4, 3, 1)
2
(78, 0)
-> Request 5
585
(2, 3, 2)
3
(31, 29)
-> Request 6
794
(2, 1, 2)
3
(18, 32)
-> Request 7
1024
(3, 1, 1)
2
(8, 38)
-> Request 8
1188
(4, 3, 1)
3
(16, 55)
-> Request 9
1389
(1, 2, 2)
2
(16, 28)
-> Request 10
1401
(4, 3, 1)
2
(36, 34)
-> Request 11
1418
(2, 2, 1)
1
(12, 8)
---> Week : 116
--> Day : 0
-> Request 0
231
(1, 1, 2)
3
(76, 6)
-> Request 1
473
(4, 3, 2)
3
(77, 45)
-> Request 2
707
(4, 1, 2)
2
(50, 75)
-> Request 3
863
(2, 2, 2)
2
(19, 31)
-> Request 4
884
(3, 1, 1)
2
(59, 58)
-> Request 5
925
(2, 2, 1)
2
(37, 7)
-> Request 6
1049
(2, 2, 2)
3
(70, 19)
--> Day : 1
-> Request 0
195
(4, 3, 1)
3
(29, 19)
-> Request 1
335
(3, 1, 1)
2
(67, 20)
-> Request 2
346
(3, 2, 1)
3
(60, 8)
-> Request 3
374
(1, 1, 2)
3
(41, 40)
-> Request 4
1437
(1, 1, 1)
3
(49, 20)
--> Day : 2
-> Request 0
13
(3, 3, 1)
2
(21, 51)
-> Request 1
256
(1, 1, 1)
1
(20, 6)
-> Request 2
463
(3, 1, 2)
1
(20, 8)
-> Request 3
720
(4, 3, 1)
2
(27, 28)
-> Request 4
936
(2, 2, 1)
3
(71, 18)
-> Request 5
989
(1, 2, 2)
3
(73, 33)
--> Day : 3
-> Request 0
59
(3, 1, 1)
3
(41, 37)
-> Request 1
306
(4, 3, 1)
3
(8, 64)
-> Request 2
732
(2, 1, 2)
2
(16, 60)
-> Request 3
853
(4, 1, 2)
3
(70, 26)
-> Request 4
888
(4, 1, 1)
2
(17, 50)
-> Request 5
1060
(4, 2, 2)
3
(48, 63)
-> Request 6
1110
(3, 1, 2)
1
(41, 20)
--> Day : 4
-> Request 0
262
(2, 2, 1)
1
(4, 29)
-> Request 1
309
(2, 3, 1)
2
(16, 45)
-> Request 2
359
(1, 3, 1)
1
(16, 12)
-> Request 3
708
(3, 3, 1)
3
(31, 41)
-> Request 4
723
(3, 3, 1)
3
(66, 73)
-> Request 5
830
(2, 3, 2)
2
(79, 78)
-> Request 6
857
(3, 2, 1)
1
(29, 18)
-> Request 7
934
(3, 3, 2)
1
(44, 56)
-> Request 8
956
(1, 1, 1)
1
(78, 66)
-> Request 9
1018
(1, 3, 2)
2
(19, 63)
-> Request 10
1062
(1, 3, 2)
1
(11, 35)
---> Week : 117
--> Day : 0
-> Request 0
49
(1, 2, 2)
1
(78, 42)
-> Request 1
59
(3, 3, 1)
3
(19, 31)
-> Request 2
269
(3, 3, 2)
2
(18, 54)
-> Request 3
520
(4, 1, 1)
2
(55, 11)
-> Request 4
542
(2, 1, 2)
3
(54, 49)
-> Request 5
573
(1, 3, 1)
2
(16, 66)
-> Request 6
1307
(3, 3, 1)
3
(53, 11)
-> Request 7
1395
(1, 3, 2)
3
(34, 67)
--> Day : 1
-> Request 0
271
(4, 2, 2)
2
(20, 6)
-> Request 1
314
(1, 3, 2)
2
(73, 62)
-> Request 2
570
(2, 2, 2)
2
(24, 12)
-> Request 3
767
(2, 1, 1)
1
(29, 5)
-> Request 4
844
(4, 2, 2)
1
(21, 2)
-> Request 5
851
(1, 3, 1)
2
(62, 37)
-> Request 6
1165
(4, 3, 2)
2
(52, 44)
-> Request 7
1166
(3, 1, 2)
2
(52, 28)
--> Day : 2
-> Request 0
91
(3, 2, 1)
1
(76, 32)
-> Request 1
279
(1, 1, 2)
3
(7, 59)
-> Request 2
284
(4, 3, 1)
2
(12, 61)
-> Request 3
343
(2, 2, 2)
1
(47, 28)
-> Request 4
371
(1, 2, 2)
1
(7, 45)
-> Request 5
402
(2, 3, 2)
3
(44, 43)
-> Request 6
588
(3, 1, 1)
3
(17, 59)
-> Request 7
733
(1, 2, 1)
3
(77, 12)
-> Request 8
829
(2, 1, 1)
1
(78, 8)
-> Request 9
1077
(4, 2, 2)
3
(74, 59)
-> Request 10
1192
(1, 1, 1)
2
(72, 24)
-> Request 11
1345
(1, 1, 2)
3
(15, 70)
--> Day : 3
-> Request 0
142
(1, 2, 1)
3
(32, 54)
-> Request 1
217
(1, 3, 2)
3
(0, 29)
-> Request 2
225
(3, 3, 2)
1
(26, 77)
-> Request 3
295
(1, 1, 2)
3
(11, 12)
-> Request 4
320
(3, 2, 2)
2
(49, 64)
-> Request 5
360
(4, 1, 1)
2
(11, 2)
-> Request 6
618
(3, 2, 2)
1
(9, 30)
-> Request 7
986
(2, 3, 1)
2
(69, 29)
-> Request 8
1111
(1, 2, 1)
2
(24, 32)
--> Day : 4
-> Request 0
398
(2, 3, 2)
1
(3, 73)
-> Request 1
622
(2, 3, 2)
2
(24, 34)
-> Request 2
692
(3, 3, 2)
1
(13, 11)
-> Request 3
771
(4, 1, 2)
2
(50, 57)
-> Request 4
865
(3, 2, 1)
1
(8, 23)
-> Request 5
923
(1, 3, 1)
2
(28, 78)
-> Request 6
1034
(4, 1, 2)
3
(41, 39)
-> Request 7
1304
(2, 2, 2)
1
(3, 62)
---> Week : 118
--> Day : 0
-> Request 0
48
(2, 3, 1)
2
(4, 38)
-> Request 1
822
(1, 1, 2)
1
(75, 20)
-> Request 2
1045
(4, 1, 1)
1
(74, 40)
-> Request 3
1201
(3, 3, 1)
1
(29, 71)
-> Request 4
1275
(3, 3, 2)
1
(50, 30)
-> Request 5
1286
(4, 1, 2)
2
(19, 29)
--> Day : 1
-> Request 0
84
(4, 3, 1)
1
(27, 72)
-> Request 1
626
(2, 3, 2)
2
(39, 44)
-> Request 2
644
(1, 2, 2)
3
(56, 52)
-> Request 3
834
(2, 2, 2)
3
(76, 1)
-> Request 4
836
(3, 1, 2)
2
(69, 42)
-> Request 5
1002
(4, 2, 1)
1
(68, 45)
-> Request 6
1049
(3, 2, 2)
1
(79, 37)
-> Request 7
1251
(4, 1, 1)
1
(4, 6)
-> Request 8
1252
(2, 1, 2)
2
(30, 9)
-> Request 9
1326
(2, 1, 1)
2
(44, 17)
--> Day : 2
-> Request 0
227
(2, 2, 2)
1
(38, 33)
-> Request 1
608
(1, 3, 1)
3
(10, 20)
-> Request 2
644
(1, 1, 1)
3
(43, 9)
-> Request 3
965
(3, 1, 2)
2
(65, 32)
-> Request 4
1292
(4, 3, 2)
2
(15, 41)
-> Request 5
1383
(3, 1, 1)
1
(7, 23)
--> Day : 3
-> Request 0
291
(3, 2, 1)
1
(16, 74)
-> Request 1
337
(4, 2, 2)
1
(66, 46)
-> Request 2
356
(4, 1, 1)
1
(42, 23)
-> Request 3
445
(3, 3, 1)
1
(12, 32)
-> Request 4
456
(4, 1, 2)
1
(27, 59)
-> Request 5
597
(1, 3, 1)
3
(0, 64)
-> Request 6
645
(3, 3, 2)
2
(47, 3)
-> Request 7
957
(2, 3, 2)
1
(0, 75)
-> Request 8
980
(1, 2, 2)
1
(54, 75)
-> Request 9
1048
(1, 3, 2)
2
(46, 27)
-> Request 10
1173
(2, 1, 2)
3
(59, 38)
-> Request 11
1286
(4, 2, 1)
2
(47, 54)
-> Request 12
1341
(3, 3, 1)
1
(32, 45)
--> Day : 4
-> Request 0
88
(2, 1, 1)
1
(40, 48)
-> Request 1
113
(1, 3, 1)
3
(76, 17)
-> Request 2
196
(1, 1, 1)
1
(51, 77)
-> Request 3
252
(4, 3, 2)
1
(55, 35)
-> Request 4
269
(1, 2, 2)
1
(25, 19)
-> Request 5
371
(4, 3, 2)
1
(63, 50)
-> Request 6
384
(2, 3, 2)
3
(1, 34)
-> Request 7
411
(4, 1, 1)
2
(76, 62)
-> Request 8
429
(3, 3, 1)
1
(9, 74)
-> Request 9
485
(4, 1, 2)
1
(29, 18)
-> Request 10
579
(2, 3, 2)
3
(74, 78)
-> Request 11
767
(2, 2, 1)
3
(44, 65)
-> Request 12
831
(4, 2, 1)
1
(54, 40)
-> Request 13
1259
(2, 1, 1)
1
(11, 7)
-> Request 14
1320
(1, 2, 1)
2
(22, 43)
-> Request 15
1380
(1, 1, 1)
2
(8, 57)
-> Request 16
1416
(3, 3, 2)
3
(9, 32)
---> Week : 119
--> Day : 0
-> Request 0
52
(1, 1, 1)
2
(49, 33)
-> Request 1
128
(1, 2, 2)
2
(41, 62)
-> Request 2
201
(2, 1, 1)
3
(14, 15)
-> Request 3
288
(1, 3, 2)
3
(71, 18)
-> Request 4
1285
(1, 2, 2)
3
(7, 11)
-> Request 5
1417
(1, 1, 2)
1
(2, 34)
--> Day : 1
-> Request 0
41
(2, 2, 2)
3
(77, 35)
-> Request 1
298
(3, 2, 1)
2
(46, 70)
-> Request 2
364
(1, 1, 1)
3
(66, 12)
-> Request 3
453
(1, 3, 2)
1
(40, 72)
-> Request 4
574
(2, 3, 2)
2
(32, 4)
-> Request 5
597
(4, 3, 2)
3
(36, 58)
-> Request 6
873
(2, 1, 1)
2
(8, 43)
-> Request 7
1020
(4, 3, 2)
1
(71, 16)
-> Request 8
1407
(1, 2, 1)
1
(44, 30)
-> Request 9
1421
(1, 2, 1)
3
(42, 41)
--> Day : 2
-> Request 0
116
(4, 1, 2)
1
(23, 78)
-> Request 1
265
(2, 1, 1)
3
(43, 77)
-> Request 2
524
(3, 2, 1)
2
(78, 74)
-> Request 3
542
(1, 2, 2)
1
(67, 59)
-> Request 4
629
(2, 2, 1)
3
(61, 9)
-> Request 5
769
(1, 2, 1)
3
(30, 8)
-> Request 6
906
(2, 1, 2)
2
(60, 34)
-> Request 7
1106
(4, 3, 2)
1
(35, 39)
-> Request 8
1161
(4, 3, 1)
2
(27, 30)
--> Day : 3
-> Request 0
298
(4, 3, 1)
2
(76, 40)
-> Request 1
463
(3, 1, 1)
3
(74, 46)
-> Request 2
498
(3, 2, 1)
3
(32, 33)
-> Request 3
573
(2, 1, 2)
3
(70, 51)
-> Request 4
805
(1, 1, 2)
3
(20, 21)
-> Request 5
1020
(2, 3, 1)
2
(36, 16)
--> Day : 4
-> Request 0
98
(2, 3, 2)
3
(53, 57)
-> Request 1
104
(4, 3, 1)
2
(59, 4)
-> Request 2
359
(1, 1, 1)
1
(34, 16)
-> Request 3
475
(1, 3, 2)
2
(65, 78)
-> Request 4
481
(2, 3, 2)
1
(72, 1)
-> Request 5
492
(4, 2, 2)
3
(42, 57)
-> Request 6
741
(2, 2, 2)
1
(44, 23)
-> Request 7
775
(2, 2, 1)
1
(11, 64)
-> Request 8
1169
(1, 2, 1)
3
(36, 12)
-> Request 9
1273
(4, 2, 2)
3
(14, 74)
---> Week : 120
--> Day : 0
-> Request 0
61
(4, 3, 1)
1
(13, 50)
-> Request 1
72
(2, 3, 2)
1
(63, 16)
-> Request 2
288
(4, 3, 1)
3
(76, 55)
-> Request 3
429
(3, 1, 1)
3
(18, 74)
-> Request 4
501
(2, 2, 2)
1
(42, 7)
-> Request 5
535
(3, 2, 1)
2
(21, 19)
-> Request 6
954
(3, 1, 2)
3
(33, 34)
-> Request 7
1054
(1, 1, 1)
2
(6, 64)
--> Day : 1
-> Request 0
201
(3, 1, 1)
1
(70, 50)
-> Request 1
207
(4, 1, 1)
2
(49, 76)
-> Request 2
426
(1, 1, 2)
3
(16, 26)
-> Request 3
520
(3, 3, 2)
3
(42, 14)
-> Request 4
579
(1, 1, 1)
2
(59, 50)
-> Request 5
592
(1, 2, 2)
3
(67, 12)
-> Request 6
708
(2, 1, 2)
2
(29, 54)
-> Request 7
907
(4, 3, 2)
1
(30, 45)
-> Request 8
1238
(3, 2, 2)
1
(75, 6)
-> Request 9
1410
(4, 1, 2)
2
(17, 50)
--> Day : 2
-> Request 0
480
(1, 3, 1)
1
(0, 28)
-> Request 1
522
(1, 2, 2)
1
(2, 4)
-> Request 2
534
(1, 3, 2)
2
(51, 75)
-> Request 3
618
(3, 1, 1)
2
(37, 12)
-> Request 4
624
(1, 2, 2)
1
(0, 41)
-> Request 5
705
(1, 3, 2)
1
(22, 17)
-> Request 6
855
(1, 2, 2)
2
(46, 59)
-> Request 7
992
(4, 2, 1)
2
(1, 40)
-> Request 8
1087
(3, 2, 2)
3
(2, 15)
-> Request 9
1242
(4, 1, 1)
2
(4, 29)
-> Request 10
1354
(3, 1, 1)
2
(62, 68)
--> Day : 3
-> Request 0
548
(4, 2, 1)
2
(54, 45)
-> Request 1
556
(1, 1, 1)
3
(20, 12)
-> Request 2
709
(4, 3, 2)
2
(58, 28)
-> Request 3
863
(3, 1, 1)
2
(11, 17)
-> Request 4
919
(1, 3, 2)
3
(19, 61)
-> Request 5
1079
(1, 1, 2)
2
(79, 68)
-> Request 6
1130
(4, 3, 1)
1
(42, 71)
--> Day : 4
-> Request 0
246
(2, 1, 1)
1
(12, 3)
-> Request 1
308
(4, 3, 1)
3
(50, 22)
-> Request 2
468
(2, 3, 2)
3
(38, 26)
-> Request 3
525
(3, 1, 1)
1
(27, 13)
-> Request 4
631
(1, 1, 1)
3
(76, 40)
-> Request 5
820
(4, 2, 1)
3
(35, 21)
-> Request 6
1228
(1, 2, 2)
1
(38, 31)
---> Week : 121
--> Day : 0
-> Request 0
17
(4, 3, 2)
3
(63, 59)
-> Request 1
111
(4, 1, 1)
2
(61, 32)
-> Request 2
139
(2, 3, 2)
2
(66, 35)
-> Request 3
176
(4, 2, 2)
2
(19, 59)
-> Request 4
415
(3, 2, 2)
3
(63, 75)
-> Request 5
473
(1, 1, 2)
3
(46, 71)
-> Request 6
557
(3, 2, 1)
1
(60, 20)
-> Request 7
730
(4, 1, 1)
2
(63, 48)
-> Request 8
846
(4, 2, 2)
2
(13, 55)
-> Request 9
942
(2, 3, 2)
2
(38, 71)
-> Request 10
1092
(4, 2, 2)
2
(32, 45)
-> Request 11
1136
(4, 1, 1)
2
(79, 43)
-> Request 12
1293
(1, 2, 2)
1
(61, 38)
-> Request 13
1311
(1, 2, 1)
3
(13, 0)
--> Day : 1
-> Request 0
51
(1, 1, 2)
2
(40, 77)
-> Request 1
200
(2, 3, 2)
2
(17, 69)
-> Request 2
414
(3, 2, 1)
3
(12, 8)
-> Request 3
487
(1, 2, 1)
3
(72, 23)
-> Request 4
519
(1, 3, 2)
2
(8, 48)
-> Request 5
554
(3, 1, 1)
2
(69, 34)
-> Request 6
749
(4, 1, 2)
1
(9, 12)
-> Request 7
934
(2, 1, 2)
2
(24, 66)
-> Request 8
1077
(2, 3, 1)
1
(53, 62)
-> Request 9
1083
(3, 1, 2)
1
(60, 36)
-> Request 10
1102
(4, 2, 2)
2
(17, 45)
-> Request 11
1398
(1, 1, 1)
3
(63, 62)
--> Day : 2
-> Request 0
210
(1, 1, 2)
2
(24, 58)
-> Request 1
525
(3, 2, 1)
3
(50, 53)
-> Request 2
787
(3, 1, 2)
3
(69, 78)
-> Request 3
842
(3, 2, 2)
1
(17, 34)
-> Request 4
1218
(3, 2, 1)
3
(43, 13)
-> Request 5
1251
(3, 1, 2)
1
(61, 15)
--> Day : 3
-> Request 0
56
(2, 1, 2)
2
(56, 67)
-> Request 1
168
(1, 2, 2)
3
(30, 39)
-> Request 2
356
(3, 1, 1)
1
(49, 26)
-> Request 3
550
(1, 3, 1)
2
(68, 20)
-> Request 4
568
(2, 2, 2)
1
(71, 78)
-> Request 5
834
(2, 1, 1)
3
(29, 26)
-> Request 6
898
(4, 2, 1)
1
(36, 34)
-> Request 7
1187
(2, 1, 2)
1
(47, 36)
-> Request 8
1203
(4, 3, 1)
1
(6, 8)
--> Day : 4
-> Request 0
56
(4, 1, 2)
1
(79, 6)
-> Request 1
204
(3, 2, 2)
1
(62, 38)
-> Request 2
385
(3, 1, 1)
3
(28, 51)
-> Request 3
570
(1, 1, 2)
1
(24, 16)
-> Request 4
686
(3, 3, 2)
2
(67, 15)
-> Request 5
718
(4, 1, 1)
3
(19, 55)
-> Request 6
738
(1, 3, 2)
1
(75, 70)
-> Request 7
856
(2, 3, 2)
1
(23, 59)
-> Request 8
1015
(1, 1, 2)
2
(0, 8)
-> Request 9
1172
(2, 2, 2)
1
(75, 47)
-> Request 10
1175
(4, 2, 2)
3
(61, 10)
-> Request 11
1392
(4, 2, 1)
2
(5, 69)
---> Week : 122
--> Day : 0
-> Request 0
58
(4, 2, 1)
2
(7, 5)
-> Request 1
74
(1, 1, 1)
2
(66, 9)
-> Request 2
123
(1, 1, 1)
1
(60, 25)
-> Request 3
524
(3, 3, 2)
1
(21, 24)
-> Request 4
743
(3, 2, 2)
2
(25, 33)
-> Request 5
765
(3, 3, 1)
1
(57, 1)
-> Request 6
800
(2, 2, 2)
3
(21, 58)
-> Request 7
839
(1, 2, 2)
3
(45, 48)
-> Request 8
932
(4, 1, 2)
1
(65, 64)
-> Request 9
935
(2, 3, 1)
2
(28, 21)
-> Request 10
942
(3, 3, 2)
3
(25, 38)
-> Request 11
977
(4, 3, 2)
1
(75, 18)
-> Request 12
1124
(1, 2, 1)
3
(64, 29)
-> Request 13
1231
(2, 1, 2)
2
(61, 75)
-> Request 14
1261
(2, 3, 2)
2
(37, 74)
-> Request 15
1292
(3, 2, 2)
2
(25, 5)
-> Request 16
1323
(4, 1, 1)
2
(55, 3)
-> Request 17
1324
(2, 1, 2)
1
(9, 75)
-> Request 18
1390
(3, 2, 2)
2
(51, 44)
--> Day : 1
-> Request 0
403
(4, 1, 2)
2
(16, 12)
-> Request 1
661
(1, 2, 1)
3
(32, 47)
-> Request 2
779
(2, 3, 2)
2
(17, 23)
-> Request 3
905
(2, 3, 1)
1
(23, 26)
-> Request 4
940
(2, 2, 1)
3
(23, 30)
-> Request 5
945
(3, 3, 2)
1
(30, 42)
-> Request 6
1283
(4, 3, 2)
2
(39, 66)
-> Request 7
1312
(3, 2, 2)
1
(0, 30)
-> Request 8
1328
(4, 3, 1)
1
(72, 57)
-> Request 9
1363
(3, 2, 1)
3
(15, 62)
-> Request 10
1389
(1, 1, 2)
3
(43, 79)
--> Day : 2
-> Request 0
15
(1, 2, 2)
1
(50, 11)
-> Request 1
132
(4, 1, 1)
2
(24, 33)
-> Request 2
165
(3, 1, 2)
3
(13, 27)
-> Request 3
484
(2, 3, 2)
2
(45, 52)
-> Request 4
618
(4, 3, 1)
2
(67, 51)
-> Request 5
621
(4, 2, 1)
2
(21, 67)
-> Request 6
649
(4, 2, 1)
3
(27, 73)
-> Request 7
657
(1, 2, 2)
1
(27, 66)
-> Request 8
682
(1, 1, 2)
2
(78, 26)
-> Request 9
819
(3, 3, 2)
1
(19, 32)
-> Request 10
1107
(3, 1, 1)
1
(73, 40)
-> Request 11
1229
(2, 1, 1)
1
(42, 52)
--> Day : 3
-> Request 0
4
(2, 1, 1)
3
(53, 66)
-> Request 1
83
(2, 1, 1)
1
(53, 63)
-> Request 2
101
(2, 2, 2)
1
(66, 30)
-> Request 3
126
(1, 2, 2)
3
(67, 46)
-> Request 4
320
(3, 1, 2)
2
(64, 37)
-> Request 5
354
(3, 1, 1)
2
(19, 13)
-> Request 6
591
(2, 1, 2)
2
(23, 70)
-> Request 7
607
(4, 2, 1)
2
(8, 22)
-> Request 8
825
(1, 1, 1)
1
(22, 37)
-> Request 9
836
(2, 2, 1)
1
(1, 78)
-> Request 10
935
(1, 3, 1)
1
(55, 33)
-> Request 11
1030
(2, 2, 1)
2
(2, 13)
-> Request 12
1089
(2, 3, 1)
2
(44, 22)
-> Request 13
1376
(3, 3, 1)
1
(58, 56)
-> Request 14
1424
(3, 1, 1)
2
(40, 23)
--> Day : 4
-> Request 0
434
(4, 3, 2)
1
(20, 44)
-> Request 1
634
(2, 2, 2)
2
(79, 55)
-> Request 2
973
(1, 2, 2)
1
(23, 69)
-> Request 3
1185
(1, 2, 2)
2
(28, 13)
-> Request 4
1222
(4, 3, 2)
1
(48, 59)
---> Week : 123
--> Day : 0
-> Request 0
177
(1, 3, 1)
1
(60, 47)
-> Request 1
259
(3, 1, 1)
1
(75, 32)
-> Request 2
487
(3, 3, 2)
3
(51, 4)
-> Request 3
628
(3, 3, 2)
1
(71, 74)
-> Request 4
657
(2, 1, 1)
3
(37, 64)
-> Request 5
736
(1, 2, 1)
1
(16, 20)
-> Request 6
819
(1, 1, 2)
3
(27, 70)
-> Request 7
842
(3, 2, 2)
1
(23, 51)
-> Request 8
955
(1, 2, 1)
2
(29, 38)
-> Request 9
1270
(3, 2, 2)
2
(33, 38)
-> Request 10
1422
(3, 1, 1)
2
(19, 59)
--> Day : 1
-> Request 0
332
(2, 1, 1)
2
(53, 12)
-> Request 1
354
(4, 2, 1)
2
(30, 38)
-> Request 2
444
(1, 1, 2)
3
(4, 11)
-> Request 3
446
(1, 2, 1)
2
(48, 38)
-> Request 4
518
(4, 2, 1)
3
(59, 78)
-> Request 5
697
(1, 1, 2)
1
(41, 5)
-> Request 6
785
(1, 2, 2)
1
(54, 72)
-> Request 7
786
(4, 2, 1)
3
(58, 75)
-> Request 8
841
(3, 1, 1)
2
(40, 76)
-> Request 9
1122
(3, 3, 1)
2
(50, 59)
-> Request 10
1309
(4, 3, 1)
3
(1, 37)
-> Request 11
1344
(1, 1, 2)
3
(71, 50)
-> Request 12
1377
(2, 3, 1)
1
(28, 73)
--> Day : 2
-> Request 0
44
(3, 3, 1)
2
(7, 76)
-> Request 1
47
(3, 3, 1)
1
(9, 32)
-> Request 2
388
(3, 1, 1)
1
(74, 41)
-> Request 3
477
(2, 3, 1)
3
(23, 44)
-> Request 4
569
(2, 1, 1)
2
(60, 61)
-> Request 5
607
(1, 3, 2)
1
(60, 79)
-> Request 6
1012
(3, 3, 2)
3
(30, 30)
-> Request 7
1056
(3, 1, 2)
2
(57, 4)
-> Request 8
1420
(2, 1, 1)
1
(76, 22)
--> Day : 3
-> Request 0
984
(3, 1, 1)
2
(35, 54)
--> Day : 4
-> Request 0
214
(1, 1, 2)
2
(38, 78)
-> Request 1
225
(2, 3, 1)
3
(36, 33)
-> Request 2
232
(3, 2, 2)
2
(65, 9)
-> Request 3
418
(3, 2, 2)
2
(5, 39)
-> Request 4
521
(4, 3, 2)
1
(62, 44)
-> Request 5
663
(2, 1, 2)
2
(73, 51)
---> Week : 124
--> Day : 0
-> Request 0
111
(4, 2, 2)
1
(77, 74)
-> Request 1
227
(4, 2, 2)
2
(40, 39)
-> Request 2
260
(4, 1, 1)
2
(17, 61)
-> Request 3
595
(3, 3, 1)
1
(40, 12)
-> Request 4
893
(2, 2, 2)
2
(19, 28)
-> Request 5
1228
(2, 3, 2)
1
(18, 29)
--> Day : 1
-> Request 0
15
(2, 3, 1)
1
(43, 31)
-> Request 1
59
(3, 1, 1)
3
(70, 1)
-> Request 2
332
(2, 2, 2)
2
(70, 18)
-> Request 3
608
(4, 2, 2)
3
(24, 15)
-> Request 4
930
(4, 2, 1)
3
(8, 5)
-> Request 5
1396
(1, 1, 1)
2
(6, 5)
-> Request 6
1403
(2, 3, 2)
1
(74, 30)
--> Day : 2
-> Request 0
130
(1, 1, 1)
3
(21, 19)
-> Request 1
396
(2, 2, 1)
1
(9, 44)
-> Request 2
451
(2, 3, 2)
3
(28, 43)
-> Request 3
607
(1, 3, 1)
3
(27, 28)
-> Request 4
793
(1, 2, 2)
2
(66, 27)
-> Request 5
864
(3, 1, 1)
3
(27, 55)
-> Request 6
892
(1, 1, 2)
3
(60, 59)
-> Request 7
983
(4, 1, 1)
1
(52, 18)
-> Request 8
1159
(2, 3, 2)
2
(50, 17)
-> Request 9
1352
(1, 3, 2)
2
(53, 29)
-> Request 10
1414
(4, 3, 1)
2
(62, 71)
--> Day : 3
-> Request 0
199
(2, 3, 2)
1
(20, 38)
-> Request 1
367
(1, 3, 2)
1
(69, 57)
-> Request 2
490
(4, 3, 2)
3
(15, 58)
-> Request 3
760
(2, 2, 1)
3
(54, 79)
-> Request 4
802
(2, 1, 1)
3
(70, 66)
-> Request 5
829
(3, 1, 1)
3
(69, 78)
-> Request 6
856
(2, 2, 2)
1
(41, 29)
-> Request 7
897
(4, 3, 1)
3
(32, 27)
-> Request 8
955
(4, 3, 1)
1
(58, 79)
-> Request 9
1002
(3, 1, 2)
1
(13, 11)
-> Request 10
1003
(4, 2, 2)
3
(4, 48)
-> Request 11
1232
(2, 3, 2)
3
(13, 44)
-> Request 12
1236
(4, 2, 2)
2
(11, 39)
--> Day : 4
-> Request 0
39
(1, 2, 1)
1
(30, 13)
-> Request 1
174
(4, 2, 2)
2
(65, 10)
-> Request 2
363
(4, 3, 1)
2
(60, 44)
-> Request 3
431
(4, 1, 2)
3
(42, 31)
-> Request 4
607
(1, 1, 2)
1
(6, 13)
-> Request 5
704
(1, 3, 2)
2
(44, 32)
-> Request 6
705
(4, 2, 1)
2
(43, 42)
-> Request 7
754
(3, 3, 1)
1
(24, 57)
-> Request 8
786
(4, 1, 2)
2
(20, 19)
-> Request 9
851
(4, 1, 2)
1
(18, 59)
-> Request 10
926
(3, 1, 2)
2
(50, 59)
-> Request 11
1152
(2, 3, 1)
3
(54, 10)
-> Request 12
1334
(4, 1, 1)
3
(70, 27)
---> Week : 125
--> Day : 0
-> Request 0
261
(1, 2, 1)
1
(27, 24)
-> Request 1
295
(4, 1, 1)
3
(40, 52)
-> Request 2
379
(4, 1, 2)
3
(61, 45)
-> Request 3
421
(1, 2, 2)
2
(39, 61)
-> Request 4
504
(4, 2, 2)
2
(67, 0)
-> Request 5
645
(4, 3, 1)
2
(56, 78)
-> Request 6
714
(1, 1, 1)
3
(59, 51)
-> Request 7
767
(4, 3, 2)
1
(50, 52)
-> Request 8
821
(3, 3, 2)
3
(29, 35)
-> Request 9
852
(2, 2, 2)
2
(57, 59)
-> Request 10
1073
(1, 1, 1)
2
(64, 13)
-> Request 11
1350
(4, 2, 1)
2
(67, 63)
-> Request 12
1359
(3, 3, 1)
1
(16, 73)
-> Request 13
1401
(3, 1, 2)
3
(3, 15)
--> Day : 1
-> Request 0
7
(4, 1, 1)
2
(47, 53)
-> Request 1
351
(3, 1, 1)
3
(29, 16)
-> Request 2
372
(2, 1, 1)
1
(46, 40)
-> Request 3
470
(1, 3, 2)
1
(23, 68)
-> Request 4
764
(3, 3, 2)
3
(53, 77)
-> Request 5
764
(1, 1, 2)
1
(39, 54)
-> Request 6
768
(2, 1, 1)
1
(39, 73)
-> Request 7
852
(4, 3, 2)
3
(34, 40)
-> Request 8
966
(4, 3, 2)
1
(11, 45)
-> Request 9
1192
(3, 2, 1)
2
(62, 35)
-> Request 10
1193
(3, 2, 1)
3
(72, 48)
-> Request 11
1329
(1, 2, 1)
2
(48, 24)
--> Day : 2
-> Request 0
69
(3, 1, 1)
3
(51, 22)
-> Request 1
947
(1, 2, 2)
3
(19, 77)
-> Request 2
950
(1, 1, 2)
3
(67, 75)
-> Request 3
1053
(2, 3, 2)
2
(52, 31)
-> Request 4
1268
(2, 2, 2)
2
(50, 52)
--> Day : 3
-> Request 0
112
(3, 1, 2)
2
(53, 49)
-> Request 1
139
(3, 3, 2)
2
(47, 62)
-> Request 2
151
(3, 2, 2)
3
(32, 76)
-> Request 3
437
(4, 2, 1)
1
(39, 61)
-> Request 4
500
(3, 2, 2)
2
(50, 30)
-> Request 5
599
(4, 3, 2)
3
(33, 28)
-> Request 6
836
(2, 1, 2)
1
(9, 16)
-> Request 7
851
(2, 2, 2)
3
(50, 35)
-> Request 8
895
(1, 3, 1)
1
(68, 49)
-> Request 9
957
(3, 2, 1)
3
(54, 77)
-> Request 10
1138
(2, 3, 2)
1
(4, 67)
-> Request 11
1287
(4, 1, 1)
3
(15, 24)
--> Day : 4
-> Request 0
24
(2, 3, 1)
2
(9, 6)
-> Request 1
62
(1, 1, 2)
3
(51, 1)
-> Request 2
162
(1, 1, 2)
2
(12, 2)
-> Request 3
258
(1, 3, 1)
3
(58, 31)
-> Request 4
268
(3, 2, 1)
1
(72, 23)
-> Request 5
312
(2, 1, 2)
3
(52, 22)
-> Request 6
927
(3, 2, 1)
2
(46, 58)
-> Request 7
981
(3, 2, 2)
1
(2, 21)
-> Request 8
1235
(1, 2, 1)
1
(37, 30)
-> Request 9
1244
(3, 1, 2)
1
(79, 62)
---> Week : 126
--> Day : 0
-> Request 0
77
(3, 2, 2)
3
(45, 54)
-> Request 1
125
(3, 2, 1)
2
(36, 16)
-> Request 2
130
(1, 3, 1)
3
(55, 33)
-> Request 3
544
(3, 2, 2)
2
(68, 5)
-> Request 4
773
(1, 3, 1)
1
(18, 18)
-> Request 5
779
(2, 1, 2)
1
(78, 25)
-> Request 6
1041
(3, 3, 2)
1
(44, 29)
-> Request 7
1071
(1, 1, 1)
1
(74, 76)
-> Request 8
1202
(3, 2, 2)
3
(1, 16)
-> Request 9
1247
(1, 1, 2)
3
(33, 23)
-> Request 10
1380
(1, 1, 2)
1
(31, 2)
--> Day : 1
-> Request 0
434
(3, 2, 2)
3
(67, 71)
-> Request 1
599
(2, 1, 1)
2
(40, 25)
-> Request 2
694
(1, 3, 1)
1
(50, 39)
-> Request 3
736
(3, 1, 1)
1
(53, 9)
-> Request 4
795
(3, 2, 2)
1
(43, 17)
-> Request 5
799
(2, 1, 2)
1
(62, 66)
-> Request 6
1398
(1, 2, 1)
2
(77, 45)
--> Day : 2
-> Request 0
185
(3, 1, 1)
1
(7, 44)
-> Request 1
191
(2, 2, 2)
3
(7, 25)
-> Request 2
481
(2, 3, 2)
2
(60, 59)
-> Request 3
585
(4, 3, 1)
1
(67, 35)
-> Request 4
684
(2, 3, 2)
3
(64, 30)
-> Request 5
689
(3, 2, 1)
1
(12, 29)
-> Request 6
895
(3, 2, 1)
1
(65, 50)
-> Request 7
1370
(3, 3, 2)
3
(58, 51)
--> Day : 3
-> Request 0
144
(3, 1, 1)
1
(41, 13)
-> Request 1
288
(2, 2, 2)
1
(2, 73)
-> Request 2
372
(1, 3, 1)
3
(2, 20)
-> Request 3
450
(1, 1, 2)
3
(56, 32)
-> Request 4
537
(4, 3, 2)
1
(36, 4)
-> Request 5
542
(4, 3, 2)
1
(71, 60)
-> Request 6
636
(4, 1, 2)
2
(67, 57)
-> Request 7
891
(1, 2, 1)
3
(19, 24)
-> Request 8
1016
(2, 1, 2)
2
(3, 59)
-> Request 9
1076
(1, 3, 2)
1
(50, 45)
--> Day : 4
-> Request 0
327
(2, 2, 2)
1
(54, 46)
-> Request 1
346
(4, 1, 1)
3
(31, 15)
-> Request 2
347
(1, 1, 1)
1
(9, 70)
-> Request 3
670
(2, 1, 1)
1
(1, 55)
-> Request 4
697
(1, 1, 1)
3
(39, 10)
-> Request 5
774
(4, 1, 2)
3
(64, 9)
-> Request 6
961
(3, 1, 1)
3
(75, 62)
-> Request 7
1101
(2, 2, 2)
2
(15, 11)
-> Request 8
1232
(4, 2, 2)
2
(6, 32)
-> Request 9
1303
(3, 2, 1)
1
(2, 25)
---> Week : 127
--> Day : 0
-> Request 0
165
(4, 3, 2)
1
(65, 63)
-> Request 1
264
(3, 1, 2)
1
(71, 57)
-> Request 2
289
(3, 1, 2)
2
(55, 70)
-> Request 3
498
(1, 3, 2)
2
(44, 47)
-> Request 4
536
(3, 1, 2)
2
(2, 46)
-> Request 5
614
(3, 2, 1)
1
(39, 18)
-> Request 6
664
(2, 3, 2)
3
(44, 29)
-> Request 7
757
(3, 1, 2)
2
(56, 65)
-> Request 8
801
(2, 2, 2)
1
(14, 53)
-> Request 9
928
(1, 2, 1)
2
(38, 74)
-> Request 10
1165
(4, 2, 1)
2
(75, 79)
--> Day : 1
-> Request 0
13
(1, 1, 1)
1
(8, 63)
-> Request 1
198
(1, 1, 1)
1
(43, 56)
-> Request 2
291
(4, 1, 2)
1
(64, 67)
-> Request 3
1090
(3, 3, 2)
2
(47, 50)
-> Request 4
1162
(3, 2, 2)
1
(35, 44)
-> Request 5
1240
(3, 1, 1)
1
(1, 59)
-> Request 6
1301
(4, 2, 1)
2
(62, 74)
-> Request 7
1336
(1, 2, 1)
1
(19, 27)
-> Request 8
1350
(4, 3, 2)
3
(68, 41)
--> Day : 2
-> Request 0
44
(1, 3, 1)
3
(16, 68)
-> Request 1
225
(3, 1, 1)
1
(66, 13)
-> Request 2
233
(3, 3, 1)
2
(35, 43)
-> Request 3
671
(4, 3, 2)
2
(16, 36)
-> Request 4
731
(1, 1, 2)
1
(30, 55)
-> Request 5
840
(4, 2, 2)
2
(3, 18)
-> Request 6
965
(1, 1, 1)
2
(59, 43)
-> Request 7
1124
(3, 2, 2)
3
(26, 59)
-> Request 8
1249
(1, 1, 2)
1
(4, 69)
-> Request 9
1376
(4, 3, 2)
3
(42, 55)
--> Day : 3
-> Request 0
45
(2, 1, 2)
2
(75, 17)
-> Request 1
196
(3, 1, 2)
1
(13, 41)
-> Request 2
454
(1, 3, 2)
1
(43, 60)
-> Request 3
520
(4, 1, 2)
3
(69, 4)
-> Request 4
677
(2, 3, 2)
1
(32, 38)
-> Request 5
685
(4, 1, 1)
3
(53, 43)
-> Request 6
1058
(3, 1, 1)
1
(58, 73)
-> Request 7
1240
(3, 1, 1)
3
(60, 33)
-> Request 8
1255
(3, 3, 2)
2
(4, 15)
-> Request 9
1322
(1, 3, 1)
2
(8, 22)
--> Day : 4
-> Request 0
119
(4, 1, 2)
2
(11, 11)
-> Request 1
398
(2, 2, 2)
1
(25, 73)
-> Request 2
509
(2, 1, 1)
2
(19, 43)
-> Request 3
637
(2, 2, 2)
3
(4, 19)
-> Request 4
1087
(3, 2, 2)
2
(57, 65)
-> Request 5
1228
(4, 3, 2)
3
(4, 14)
-> Request 6
1280
(3, 3, 1)
1
(13, 66)
-> Request 7
1335
(4, 3, 1)
1
(78, 19)
-> Request 8
1417
(3, 2, 2)
3
(17, 76)
---> Week : 128
--> Day : 0
-> Request 0
251
(4, 3, 2)
3
(19, 6)
-> Request 1
299
(1, 1, 2)
3
(45, 24)
-> Request 2
380
(2, 3, 2)
3
(72, 0)
-> Request 3
599
(1, 2, 2)
3
(14, 8)
-> Request 4
764
(4, 2, 1)
2
(35, 7)
-> Request 5
903
(1, 3, 2)
1
(3, 59)
-> Request 6
997
(1, 3, 1)
2
(47, 48)
-> Request 7
1015
(4, 2, 1)
3
(24, 33)
-> Request 8
1195
(3, 2, 1)
2
(12, 9)
-> Request 9
1368
(1, 3, 1)
3
(68, 39)
--> Day : 1
-> Request 0
93
(3, 3, 2)
3
(60, 10)
-> Request 1
205
(2, 3, 2)
2
(72, 30)
-> Request 2
478
(1, 1, 2)
1
(79, 25)
-> Request 3
556
(2, 2, 1)
2
(62, 44)
-> Request 4
618
(2, 1, 2)
1
(78, 62)
-> Request 5
663
(4, 3, 1)
1
(55, 35)
-> Request 6
663
(2, 2, 2)
2
(0, 66)
-> Request 7
771
(2, 2, 2)
3
(14, 46)
-> Request 8
924
(3, 1, 2)
3
(17, 40)
-> Request 9
958
(2, 3, 1)
1
(54, 39)
-> Request 10
1309
(2, 2, 2)
2
(40, 20)
-> Request 11
1311
(2, 3, 1)
3
(30, 31)
-> Request 12
1350
(3, 3, 1)
3
(66, 0)
--> Day : 2
-> Request 0
125
(4, 3, 1)
1
(39, 5)
-> Request 1
497
(4, 2, 2)
2
(71, 64)
-> Request 2
786
(2, 1, 2)
2
(19, 64)
-> Request 3
942
(4, 2, 2)
1
(15, 66)
--> Day : 3
-> Request 0
142
(4, 1, 2)
2
(24, 9)
-> Request 1
269
(3, 2, 1)
2
(68, 57)
-> Request 2
288
(2, 1, 1)
3
(36, 22)
-> Request 3
472
(3, 2, 2)
1
(62, 38)
-> Request 4
501
(2, 2, 2)
1
(10, 68)
-> Request 5
577
(4, 2, 2)
1
(62, 53)
-> Request 6
755
(3, 1, 1)
3
(73, 39)
-> Request 7
915
(3, 3, 2)
1
(56, 26)
-> Request 8
939
(3, 3, 1)
2
(49, 75)
-> Request 9
1024
(4, 2, 2)
2
(11, 4)
-> Request 10
1032
(4, 3, 1)
1
(67, 19)
-> Request 11
1086
(2, 3, 1)
1
(15, 31)
-> Request 12
1134
(4, 1, 2)
1
(56, 28)
-> Request 13
1150
(3, 3, 1)
2
(72, 66)
-> Request 14
1206
(4, 1, 1)
3
(72, 36)
-> Request 15
1223
(3, 3, 2)
3
(19, 36)
-> Request 16
1359
(3, 2, 2)
3
(13, 34)
--> Day : 4
-> Request 0
33
(4, 1, 1)
1
(8, 24)
-> Request 1
50
(2, 3, 1)
1
(2, 40)
-> Request 2
190
(3, 1, 1)
3
(23, 9)
-> Request 3
246
(4, 2, 2)
1
(38, 79)
-> Request 4
310
(4, 2, 1)
3
(34, 55)
-> Request 5
526
(4, 2, 1)
1
(21, 45)
-> Request 6
779
(2, 3, 2)
1
(39, 44)
-> Request 7
787
(3, 2, 2)
2
(78, 6)
-> Request 8
837
(2, 2, 1)
3
(9, 60)
-> Request 9
913
(2, 2, 2)
1
(47, 68)
-> Request 10
977
(2, 3, 1)
1
(25, 39)
-> Request 11
1251
(1, 1, 1)
1
(14, 61)
-> Request 12
1282
(4, 2, 2)
1
(44, 30)
-> Request 13
1291
(1, 1, 2)
2
(66, 48)
---> Week : 129
--> Day : 0
-> Request 0
18
(4, 1, 2)
3
(57, 36)
-> Request 1
338
(3, 1, 1)
2
(9, 77)
-> Request 2
683
(4, 2, 2)
2
(25, 75)
--> Day : 1
-> Request 0
583
(4, 2, 2)
2
(47, 30)
-> Request 1
649
(4, 3, 2)
2
(68, 62)
-> Request 2
705
(3, 3, 2)
3
(11, 69)
-> Request 3
974
(2, 1, 1)
2
(25, 56)
-> Request 4
1170
(4, 2, 2)
3
(0, 22)
-> Request 5
1416
(1, 1, 1)
1
(27, 40)
-> Request 6
1438
(2, 2, 2)
3
(27, 40)
--> Day : 2
-> Request 0
232
(1, 2, 2)
3
(62, 79)
-> Request 1
239
(3, 1, 1)
2
(42, 26)
-> Request 2
339
(1, 1, 2)
3
(58, 58)
-> Request 3
486
(3, 1, 2)
2
(0, 77)
-> Request 4
564
(4, 1, 2)
3
(4, 70)
-> Request 5
680
(2, 2, 1)
3
(12, 48)
-> Request 6
733
(3, 1, 1)
3
(58, 65)
-> Request 7
813
(1, 3, 2)
3
(79, 38)
-> Request 8
1017
(3, 3, 2)
2
(64, 24)
-> Request 9
1047
(2, 2, 1)
1
(46, 1)
-> Request 10
1210
(1, 2, 1)
1
(46, 7)
-> Request 11
1224
(3, 3, 2)
3
(61, 59)
-> Request 12
1355
(2, 2, 1)
3
(11, 61)
-> Request 13
1379
(3, 1, 1)
1
(38, 37)
-> Request 14
1393
(2, 1, 1)
3
(56, 50)
--> Day : 3
-> Request 0
452
(3, 3, 1)
2
(41, 51)
-> Request 1
750
(2, 1, 2)
3
(0, 22)
-> Request 2
887
(2, 1, 2)
1
(11, 29)
-> Request 3
913
(3, 2, 1)
2
(36, 17)
-> Request 4
1383
(2, 3, 1)
2
(41, 53)
--> Day : 4
-> Request 0
87
(2, 3, 2)
1
(57, 69)
-> Request 1
208
(4, 2, 1)
2
(60, 68)
-> Request 2
255
(1, 2, 2)
1
(12, 64)
-> Request 3
502
(3, 2, 2)
2
(23, 23)
-> Request 4
584
(1, 1, 1)
2
(62, 41)
-> Request 5
603
(3, 3, 2)
1
(40, 66)
-> Request 6
851
(3, 1, 1)
3
(17, 72)
-> Request 7
1050
(2, 1, 1)
1
(4, 38)
-> Request 8
1082
(1, 2, 2)
1
(32, 14)
---> Week : 130
--> Day : 0
-> Request 0
190
(4, 3, 1)
1
(11, 43)
-> Request 1
499
(3, 2, 2)
3
(41, 64)
-> Request 2
673
(2, 2, 1)
1
(44, 47)
-> Request 3
920
(3, 1, 1)
3
(27, 65)
-> Request 4
932
(3, 1, 2)
2
(9, 2)
-> Request 5
1236
(1, 2, 1)
3
(19, 32)
-> Request 6
1383
(2, 3, 1)
3
(58, 24)
--> Day : 1
-> Request 0
28
(2, 2, 2)
3
(78, 17)
-> Request 1
38
(4, 3, 2)
1
(34, 4)
-> Request 2
78
(1, 3, 2)
2
(24, 72)
-> Request 3
216
(1, 1, 2)
2
(59, 67)
-> Request 4
502
(1, 2, 1)
1
(40, 51)
-> Request 5
632
(3, 2, 1)
3
(67, 65)
-> Request 6
955
(4, 1, 1)
1
(18, 10)
-> Request 7
1120
(4, 2, 1)
3
(41, 29)
-> Request 8
1239
(2, 3, 1)
3
(5, 17)
-> Request 9
1317
(1, 1, 1)
3
(47, 74)
-> Request 10
1389
(1, 2, 1)
2
(6, 7)
--> Day : 2
-> Request 0
123
(4, 2, 1)
1
(18, 48)
-> Request 1
206
(3, 3, 2)
2
(0, 47)
-> Request 2
231
(3, 1, 2)
1
(25, 78)
-> Request 3
312
(4, 1, 2)
2
(51, 0)
-> Request 4
408
(1, 2, 1)
3
(43, 40)
-> Request 5
549
(4, 1, 2)
1
(23, 20)
-> Request 6
560
(4, 2, 2)
2
(6, 20)
-> Request 7
1184
(2, 1, 1)
3
(72, 33)
--> Day : 3
-> Request 0
6
(3, 3, 2)
1
(64, 35)
-> Request 1
53
(2, 2, 1)
2
(34, 7)
-> Request 2
88
(3, 2, 2)
2
(57, 37)
-> Request 3
536
(1, 3, 1)
2
(68, 73)
-> Request 4
601
(3, 1, 2)
3
(45, 23)
-> Request 5
939
(2, 1, 1)
2
(36, 25)
-> Request 6
1188
(3, 1, 1)
3
(2, 20)
-> Request 7
1217
(1, 2, 2)
2
(62, 11)
--> Day : 4
-> Request 0
87
(3, 3, 2)
3
(19, 66)
-> Request 1
115
(1, 2, 1)
1
(35, 72)
-> Request 2
117
(4, 3, 1)
2
(13, 20)
-> Request 3
132
(3, 3, 2)
1
(4, 72)
-> Request 4
217
(3, 1, 1)
1
(29, 23)
-> Request 5
456
(1, 1, 1)
3
(26, 24)
-> Request 6
602
(2, 3, 1)
3
(59, 65)
-> Request 7
755
(3, 2, 1)
2
(60, 4)
-> Request 8
1076
(4, 1, 1)
2
(9, 55)
-> Request 9
1405
(2, 2, 2)
1
(7, 74)
---> Week : 131
--> Day : 0
-> Request 0
451
(4, 3, 1)
3
(78, 68)
-> Request 1
580
(4, 2, 1)
3
(76, 10)
-> Request 2
657
(1, 1, 2)
3
(28, 50)
-> Request 3
1003
(1, 2, 2)
2
(6, 6)
-> Request 4
1121
(3, 1, 2)
2
(31, 10)
--> Day : 1
-> Request 0
146
(1, 1, 1)
2
(22, 46)
-> Request 1
203
(3, 3, 2)
1
(48, 65)
-> Request 2
409
(2, 2, 2)
1
(8, 12)
-> Request 3
435
(2, 2, 1)
2
(69, 55)
-> Request 4
445
(3, 1, 1)
2
(67, 49)
-> Request 5
539
(3, 3, 2)
1
(8, 34)
-> Request 6
605
(4, 1, 1)
1
(63, 34)
-> Request 7
852
(3, 1, 1)
3
(41, 56)
-> Request 8
898
(2, 3, 1)
3
(78, 54)
-> Request 9
1088
(1, 1, 2)
3
(24, 45)
-> Request 10
1138
(3, 1, 1)
2
(5, 52)
--> Day : 2
-> Request 0
362
(1, 1, 2)
2
(14, 79)
-> Request 1
545
(4, 3, 1)
1
(64, 1)
-> Request 2
626
(3, 1, 1)
2
(45, 68)
-> Request 3
1182
(4, 1, 1)
1
(8, 72)
-> Request 4
1299
(4, 2, 1)
1
(1, 49)
--> Day : 3
-> Request 0
147
(4, 2, 1)
3
(72, 12)
-> Request 1
151
(4, 3, 1)
1
(30, 53)
-> Request 2
260
(4, 1, 1)
1
(38, 72)
-> Request 3
1121
(2, 2, 1)
3
(19, 50)
-> Request 4
1201
(1, 2, 1)
3
(70, 44)
--> Day : 4
-> Request 0
70
(3, 3, 2)
2
(75, 28)
-> Request 1
81
(1, 2, 1)
3
(39, 32)
-> Request 2
250
(3, 3, 2)
2
(37, 27)
-> Request 3
437
(3, 1, 1)
3
(28, 39)
-> Request 4
515
(1, 1, 2)
1
(22, 34)
-> Request 5
564
(1, 1, 2)
1
(55, 1)
-> Request 6
760
(2, 1, 1)
3
(0, 75)
-> Request 7
864
(4, 1, 1)
2
(50, 22)
-> Request 8
867
(2, 3, 2)
1
(77, 22)
-> Request 9
1196
(4, 3, 1)
1
(13, 57)
-> Request 10
1246
(3, 1, 2)
3
(70, 46)
-> Request 11
1346
(4, 2, 1)
1
(3, 66)
---> Week : 132
--> Day : 0
-> Request 0
54
(2, 3, 2)
2
(38, 16)
-> Request 1
58
(4, 2, 2)
1
(3, 51)
-> Request 2
71
(3, 2, 2)
3
(61, 65)
-> Request 3
145
(4, 3, 2)
3
(25, 51)
-> Request 4
320
(3, 3, 2)
3
(8, 72)
-> Request 5
430
(4, 1, 2)
3
(35, 15)
-> Request 6
462
(3, 1, 1)
2
(36, 29)
-> Request 7
571
(1, 3, 1)
2
(44, 55)
-> Request 8
1013
(1, 1, 2)
1
(63, 26)
-> Request 9
1064
(1, 3, 2)
1
(77, 51)
-> Request 10
1195
(4, 2, 1)
2
(26, 22)
-> Request 11
1239
(4, 2, 2)
3
(18, 21)
--> Day : 1
-> Request 0
182
(4, 2, 2)
1
(62, 12)
-> Request 1
182
(4, 3, 2)
2
(6, 42)
-> Request 2
268
(3, 3, 2)
3
(11, 11)
-> Request 3
310
(3, 3, 1)
1
(2, 68)
-> Request 4
546
(2, 2, 1)
2
(65, 3)
-> Request 5
573
(1, 1, 2)
1
(7, 15)
-> Request 6
1116
(4, 2, 1)
2
(20, 12)
-> Request 7
1127
(2, 1, 1)
2
(19, 23)
-> Request 8
1257
(1, 2, 1)
1
(68, 58)
--> Day : 2
-> Request 0
137
(2, 3, 1)
3
(11, 32)
-> Request 1
236
(2, 1, 1)
2
(68, 24)
-> Request 2
309
(4, 1, 1)
1
(24, 23)
-> Request 3
313
(1, 3, 2)
3
(15, 14)
-> Request 4
399
(1, 1, 1)
2
(4, 31)
-> Request 5
472
(1, 2, 2)
3
(6, 56)
-> Request 6
508
(3, 2, 2)
1
(31, 62)
-> Request 7
516
(1, 1, 1)
1
(66, 25)
-> Request 8
645
(2, 3, 1)
2
(13, 20)
-> Request 9
765
(1, 3, 1)
1
(66, 10)
-> Request 10
776
(3, 2, 2)
1
(53, 49)
-> Request 11
952
(3, 3, 2)
1
(42, 57)
-> Request 12
999
(4, 3, 2)
1
(63, 4)
-> Request 13
1039
(2, 2, 1)
1
(59, 8)
-> Request 14
1103
(4, 3, 2)
2
(20, 33)
-> Request 15
1103
(3, 2, 1)
1
(48, 48)
-> Request 16
1111
(2, 2, 1)
3
(1, 5)
--> Day : 3
-> Request 0
71
(3, 2, 1)
3
(20, 14)
-> Request 1
644
(3, 1, 1)
2
(53, 67)
-> Request 2
844
(1, 2, 1)
3
(31, 62)
-> Request 3
1068
(2, 3, 1)
2
(48, 32)
-> Request 4
1246
(2, 1, 1)
1
(76, 53)
-> Request 5
1378
(2, 1, 1)
1
(58, 10)
--> Day : 4
-> Request 0
289
(2, 3, 1)
1
(75, 0)
-> Request 1
376
(1, 1, 1)
1
(72, 37)
-> Request 2
735
(2, 2, 2)
3
(52, 63)
-> Request 3
763
(1, 3, 2)
3
(29, 60)
-> Request 4
894
(4, 1, 2)
1
(72, 3)
-> Request 5
918
(1, 2, 1)
2
(77, 8)
-> Request 6
999
(4, 1, 1)
3
(63, 75)
-> Request 7
1056
(1, 2, 1)
2
(41, 39)
-> Request 8
1233
(2, 1, 2)
3
(57, 41)
-> Request 9
1396
(3, 1, 2)
2
(47, 25)
---> Week : 133
--> Day : 0
-> Request 0
262
(2, 2, 1)
3
(47, 52)
-> Request 1
307
(3, 1, 2)
3
(33, 35)
-> Request 2
352
(3, 2, 1)
3
(72, 36)
-> Request 3
359
(1, 3, 2)
3
(33, 48)
-> Request 4
675
(4, 2, 1)
2
(18, 19)
-> Request 5
750
(4, 2, 2)
2
(8, 58)
-> Request 6
1029
(3, 2, 1)
2
(34, 71)
-> Request 7
1034
(3, 3, 1)
2
(57, 71)
-> Request 8
1427
(4, 1, 2)
2
(58, 0)
-> Request 9
1434
(2, 1, 2)
1
(11, 46)
--> Day : 1
-> Request 0
32
(1, 3, 2)
2
(62, 40)
-> Request 1
66
(4, 3, 2)
2
(25, 67)
-> Request 2
93
(3, 3, 2)
2
(23, 9)
-> Request 3
330
(3, 3, 1)
3
(79, 17)
-> Request 4
510
(3, 2, 2)
1
(38, 26)
-> Request 5
563
(3, 2, 2)
1
(14, 69)
-> Request 6
563
(4, 2, 2)
2
(53, 10)
-> Request 7
611
(1, 1, 2)
3
(23, 29)
-> Request 8
674
(2, 2, 1)
3
(19, 19)
-> Request 9
684
(4, 1, 1)
3
(28, 8)
-> Request 10
759
(3, 2, 1)
1
(43, 17)
-> Request 11
887
(4, 2, 2)
3
(61, 55)
-> Request 12
1188
(1, 3, 1)
1
(61, 29)
-> Request 13
1247
(4, 1, 1)
3
(21, 46)
--> Day : 2
-> Request 0
147
(1, 1, 2)
3
(18, 24)
-> Request 1
474
(1, 3, 2)
2
(23, 76)
-> Request 2
552
(2, 2, 1)
1
(63, 5)
-> Request 3
697
(2, 1, 2)
3
(64, 19)
-> Request 4
716
(1, 3, 2)
1
(0, 14)
-> Request 5
763
(3, 3, 2)
1
(4, 7)
-> Request 6
776
(2, 2, 1)
1
(54, 23)
-> Request 7
1091
(4, 1, 1)
3
(76, 13)
--> Day : 3
-> Request 0
86
(2, 2, 1)
1
(46, 26)
-> Request 1
199
(1, 2, 2)
1
(56, 19)
-> Request 2
220
(4, 3, 1)
1
(13, 15)
-> Request 3
410
(4, 3, 2)
2
(10, 63)
-> Request 4
478
(2, 2, 1)
3
(26, 54)
-> Request 5
799
(1, 2, 2)
3
(44, 74)
-> Request 6
821
(4, 3, 1)
1
(61, 20)
-> Request 7
1014
(2, 1, 1)
2
(74, 78)
-> Request 8
1135
(3, 3, 1)
1
(59, 40)
-> Request 9
1204
(1, 2, 1)
3
(64, 67)
-> Request 10
1280
(3, 1, 2)
2
(0, 12)
-> Request 11
1357
(1, 1, 1)
1
(48, 48)
-> Request 12
1401
(3, 1, 1)
3
(59, 13)
--> Day : 4
-> Request 0
62
(4, 3, 2)
1
(41, 49)
-> Request 1
169
(4, 3, 1)
2
(40, 48)
-> Request 2
215
(1, 1, 1)
3
(66, 47)
-> Request 3
239
(4, 2, 2)
3
(65, 50)
-> Request 4
464
(4, 3, 1)
1
(54, 22)
-> Request 5
488
(2, 1, 1)
2
(16, 3)
-> Request 6
520
(3, 1, 2)
3
(67, 5)
-> Request 7
835
(1, 2, 1)
3
(5, 24)
-> Request 8
856
(4, 2, 2)
3
(65, 11)
-> Request 9
1015
(4, 2, 2)
3
(57, 28)
-> Request 10
1106
(1, 2, 1)
1
(26, 52)
-> Request 11
1360
(3, 2, 2)
2
(67, 26)
-> Request 12
1361
(4, 3, 1)
1
(33, 75)
-> Request 13
1415
(1, 2, 2)
2
(6, 68)
---> Week : 134
--> Day : 0
-> Request 0
86
(1, 1, 1)
3
(4, 0)
-> Request 1
319
(4, 3, 2)
2
(79, 55)
-> Request 2
387
(4, 2, 2)
1
(17, 60)
-> Request 3
591
(2, 1, 1)
3
(51, 52)
-> Request 4
731
(4, 3, 2)
2
(46, 54)
-> Request 5
1042
(3, 3, 1)
1
(6, 17)
-> Request 6
1128
(3, 1, 2)
3
(74, 72)
-> Request 7
1133
(2, 2, 2)
2
(42, 22)
-> Request 8
1169
(4, 3, 1)
3
(3, 9)
-> Request 9
1171
(1, 2, 1)
1
(36, 27)
-> Request 10
1238
(3, 2, 2)
2
(44, 77)
-> Request 11
1258
(1, 3, 2)
1
(23, 27)
-> Request 12
1360
(4, 1, 1)
1
(29, 70)
--> Day : 1
-> Request 0
111
(4, 3, 1)
2
(41, 73)
-> Request 1
297
(3, 3, 1)
3
(38, 39)
-> Request 2
321
(1, 1, 2)
2
(75, 35)
-> Request 3
425
(2, 2, 2)
1
(78, 20)
-> Request 4
428
(2, 2, 2)
2
(71, 27)
-> Request 5
444
(1, 2, 1)
2
(40, 42)
-> Request 6
467
(3, 2, 2)
3
(74, 73)
-> Request 7
792
(1, 3, 2)
2
(9, 9)
-> Request 8
942
(2, 2, 2)
2
(47, 16)
-> Request 9
1021
(3, 2, 1)
1
(74, 54)
-> Request 10
1226
(2, 3, 1)
3
(57, 30)
--> Day : 2
-> Request 0
27
(2, 1, 1)
3
(12, 22)
-> Request 1
480
(3, 2, 2)
3
(56, 14)
-> Request 2
862
(4, 1, 1)
3
(22, 68)
-> Request 3
988
(1, 2, 1)
2
(34, 12)
-> Request 4
1046
(1, 2, 2)
3
(65, 54)
-> Request 5
1167
(1, 2, 2)
1
(20, 60)
-> Request 6
1193
(1, 2, 2)
3
(11, 78)
-> Request 7
1271
(3, 3, 1)
3
(29, 36)
--> Day : 3
-> Request 0
169
(4, 3, 1)
2
(64, 17)
-> Request 1
291
(1, 3, 2)
2
(7, 26)
-> Request 2
446
(1, 2, 2)
2
(52, 56)
-> Request 3
631
(1, 3, 2)
2
(63, 35)
-> Request 4
749
(3, 1, 2)
2
(18, 72)
-> Request 5
945
(4, 3, 1)
1
(26, 78)
-> Request 6
985
(1, 3, 2)
1
(61, 32)
-> Request 7
1002
(4, 3, 2)
1
(25, 20)
-> Request 8
1017
(1, 1, 2)
2
(6, 2)
-> Request 9
1055
(1, 3, 1)
1
(76, 56)
-> Request 10
1110
(4, 3, 1)
1
(13, 34)
-> Request 11
1145
(2, 1, 1)
3
(17, 61)
-> Request 12
1155
(3, 2, 2)
3
(47, 55)
-> Request 13
1352
(1, 1, 1)
3
(5, 60)
-> Request 14
1393
(4, 2, 2)
3
(28, 76)
-> Request 15
1394
(2, 2, 1)
3
(44, 29)
--> Day : 4
-> Request 0
17
(3, 2, 1)
1
(36, 76)
-> Request 1
146
(4, 3, 2)
2
(65, 51)
-> Request 2
147
(2, 1, 1)
2
(45, 21)
-> Request 3
185
(4, 3, 2)
3
(57, 22)
-> Request 4
268
(3, 1, 1)
1
(77, 22)
-> Request 5
647
(1, 1, 1)
2
(22, 38)
-> Request 6
867
(1, 1, 1)
2
(49, 5)
-> Request 7
1246
(1, 1, 2)
1
(59, 11)
-> Request 8
1327
(1, 2, 1)
3
(19, 8)
-> Request 9
1348
(4, 1, 1)
3
(71, 48)
---> Week : 135
--> Day : 0
-> Request 0
163
(3, 2, 2)
2
(10, 31)
-> Request 1
249
(1, 3, 1)
1
(78, 27)
-> Request 2
268
(4, 2, 1)
2
(74, 29)
-> Request 3
500
(3, 1, 1)
3
(66, 28)
-> Request 4
571
(4, 1, 1)
2
(75, 57)
-> Request 5
595
(3, 1, 2)
1
(61, 55)
-> Request 6
715
(1, 3, 2)
3
(11, 43)
-> Request 7
788
(2, 2, 1)
2
(61, 28)
-> Request 8
917
(4, 1, 1)
3
(17, 9)
-> Request 9
950
(3, 1, 1)
1
(38, 12)
-> Request 10
1052
(1, 2, 1)
1
(68, 27)
-> Request 11
1085
(1, 1, 2)
2
(1, 21)
-> Request 12
1130
(2, 2, 2)
3
(10, 64)
-> Request 13
1211
(1, 2, 2)
3
(61, 41)
--> Day : 1
-> Request 0
99
(2, 3, 1)
3
(20, 15)
-> Request 1
163
(4, 2, 2)
1
(10, 55)
-> Request 2
169
(3, 3, 1)
3
(48, 2)
-> Request 3
230
(4, 3, 2)
3
(10, 27)
-> Request 4
464
(2, 2, 2)
3
(66, 55)
-> Request 5
591
(2, 2, 1)
2
(43, 54)
-> Request 6
897
(4, 1, 1)
3
(63, 36)
-> Request 7
1000
(2, 2, 2)
1
(50, 66)
-> Request 8
1267
(4, 2, 2)
3
(48, 0)
--> Day : 2
-> Request 0
99
(2, 1, 2)
3
(66, 34)
-> Request 1
105
(3, 2, 2)
1
(78, 47)
-> Request 2
182
(4, 3, 1)
1
(52, 37)
-> Request 3
205
(1, 1, 2)
1
(35, 73)
-> Request 4
307
(2, 2, 2)
2
(32, 74)
-> Request 5
313
(1, 1, 2)
3
(67, 15)
-> Request 6
494
(2, 1, 2)
2
(59, 76)
-> Request 7
504
(4, 2, 1)
3
(46, 40)
-> Request 8
713
(3, 1, 1)
1
(5, 53)
-> Request 9
1173
(3, 3, 1)
3
(34, 4)
-> Request 10
1275
(1, 1, 1)
2
(5, 59)
-> Request 11
1366
(4, 3, 2)
3
(33, 20)
-> Request 12
1389
(1, 3, 1)
1
(14, 38)
--> Day : 3
-> Request 0
143
(4, 2, 2)
3
(66, 9)
-> Request 1
157
(4, 3, 2)
1
(56, 13)
-> Request 2
240
(1, 1, 2)
1
(30, 0)
-> Request 3
242
(3, 2, 1)
1
(15, 19)
-> Request 4
324
(4, 2, 1)
1
(65, 38)
-> Request 5
420
(3, 3, 2)
3
(54, 47)
-> Request 6
567
(3, 1, 2)
1
(11, 9)
-> Request 7
638
(3, 1, 1)
1
(71, 58)
-> Request 8
666
(2, 2, 2)
1
(12, 24)
-> Request 9
819
(1, 3, 1)
1
(75, 28)
-> Request 10
953
(3, 2, 1)
1
(52, 41)
-> Request 11
990
(1, 3, 2)
1
(53, 16)
-> Request 12
994
(4, 1, 2)
2
(11, 68)
-> Request 13
1169
(4, 3, 1)
2
(0, 2)
-> Request 14
1267
(3, 3, 2)
2
(50, 54)
--> Day : 4
-> Request 0
75
(2, 2, 1)
3
(12, 62)
-> Request 1
92
(3, 1, 1)
2
(66, 10)
-> Request 2
297
(4, 1, 1)
3
(60, 23)
-> Request 3
388
(2, 1, 2)
3
(29, 24)
-> Request 4
1122
(4, 2, 1)
1
(48, 40)
-> Request 5
1390
(2, 2, 2)
3
(11, 68)
-> Request 6
1395
(3, 2, 1)
1
(71, 77)
-> Request 7
1401
(1, 3, 1)
2
(70, 22)
---> Week : 136
--> Day : 0
-> Request 0
89
(2, 1, 2)
1
(79, 46)
-> Request 1
92
(2, 3, 1)
2
(6, 28)
-> Request 2
187
(4, 2, 2)
2
(77, 65)
-> Request 3
416
(1, 2, 2)
1
(49, 34)
-> Request 4
430
(3, 1, 2)
3
(51, 28)
-> Request 5
437
(1, 1, 2)
2
(77, 23)
-> Request 6
623
(4, 2, 1)
3
(63, 56)
-> Request 7
1220
(3, 1, 1)
2
(64, 68)
-> Request 8
1327
(3, 3, 2)
3
(14, 0)
--> Day : 1
-> Request 0
93
(4, 3, 2)
3
(12, 74)
-> Request 1
363
(2, 2, 2)
3
(78, 13)
-> Request 2
489
(1, 3, 1)
1
(21, 15)
-> Request 3
598
(3, 2, 2)
2
(4, 47)
-> Request 4
633
(2, 1, 1)
2
(4, 42)
-> Request 5
678
(1, 1, 2)
2
(12, 5)
-> Request 6
690
(3, 2, 2)
3
(77, 41)
-> Request 7
969
(4, 3, 2)
1
(61, 57)
-> Request 8
1022
(3, 1, 1)
1
(78, 30)
-> Request 9
1257
(3, 1, 2)
3
(70, 19)
--> Day : 2
-> Request 0
312
(3, 1, 2)
3
(49, 20)
-> Request 1
565
(1, 2, 2)
3
(40, 6)
-> Request 2
870
(3, 3, 2)
1
(15, 29)
-> Request 3
962
(1, 1, 2)
1
(15, 78)
--> Day : 3
-> Request 0
90
(1, 1, 1)
2
(43, 27)
-> Request 1
459
(3, 3, 2)
2
(76, 64)
-> Request 2
492
(2, 3, 1)
3
(33, 1)
-> Request 3
531
(2, 3, 1)
1
(48, 28)
-> Request 4
542
(4, 2, 2)
1
(10, 27)
-> Request 5
685
(4, 3, 1)
2
(34, 58)
-> Request 6
992
(2, 2, 1)
3
(7, 77)
-> Request 7
1013
(1, 3, 1)
3
(29, 63)
-> Request 8
1249
(4, 1, 1)
3
(19, 52)
-> Request 9
1346
(3, 2, 1)
2
(64, 20)
--> Day : 4
-> Request 0
5
(2, 2, 1)
3
(64, 10)
-> Request 1
87
(2, 1, 2)
2
(17, 55)
-> Request 2
186
(4, 2, 2)
1
(73, 23)
-> Request 3
291
(2, 2, 1)
3
(26, 72)
-> Request 4
433
(2, 2, 1)
1
(79, 43)
-> Request 5
488
(4, 2, 2)
2
(75, 49)
-> Request 6
501
(2, 3, 2)
2
(30, 56)
-> Request 7
640
(1, 2, 1)
3
(56, 27)
-> Request 8
720
(1, 2, 2)
1
(54, 58)
-> Request 9
787
(3, 1, 2)
2
(26, 38)
-> Request 10
845
(3, 3, 2)
2
(12, 72)
-> Request 11
1177
(1, 1, 2)
3
(52, 21)
-> Request 12
1218
(2, 2, 1)
2
(31, 51)
-> Request 13
1221
(4, 3, 1)
3
(9, 20)
-> Request 14
1270
(1, 2, 2)
2
(66, 11)
-> Request 15
1347
(3, 1, 1)
2
(11, 16)
---> Week : 137
--> Day : 0
-> Request 0
130
(1, 2, 1)
1
(7, 24)
-> Request 1
130
(1, 3, 2)
1
(43, 13)
-> Request 2
163
(3, 2, 2)
1
(0, 58)
-> Request 3
165
(2, 3, 2)
3
(4, 43)
-> Request 4
182
(2, 2, 2)
3
(65, 38)
-> Request 5
364
(3, 1, 1)
3
(59, 45)
-> Request 6
383
(2, 3, 1)
3
(6, 44)
-> Request 7
648
(2, 3, 2)
2
(4, 60)
-> Request 8
669
(1, 2, 2)
3
(78, 77)
-> Request 9
861
(3, 3, 1)
2
(5, 58)
-> Request 10
1058
(3, 3, 1)
3
(18, 34)
-> Request 11
1114
(2, 1, 1)
1
(75, 40)
-> Request 12
1145
(1, 1, 2)
1
(48, 47)
-> Request 13
1418
(1, 3, 1)
2
(21, 79)
--> Day : 1
-> Request 0
270
(3, 1, 1)
1
(32, 38)
-> Request 1
753
(4, 3, 1)
3
(67, 44)
-> Request 2
1065
(3, 2, 1)
1
(25, 53)
-> Request 3
1147
(1, 1, 1)
2
(14, 39)
-> Request 4
1218
(4, 3, 2)
2
(37, 23)
--> Day : 2
-> Request 0
23
(3, 1, 1)
1
(48, 35)
-> Request 1
111
(3, 2, 1)
1
(35, 50)
-> Request 2
364
(4, 1, 1)
2
(14, 60)
-> Request 3
445
(2, 3, 1)
2
(2, 3)
-> Request 4
583
(2, 3, 1)
3
(21, 2)
-> Request 5
598
(4, 3, 2)
3
(62, 12)
-> Request 6
724
(2, 1, 2)
2
(66, 79)
-> Request 7
1000
(1, 3, 1)
2
(46, 37)
-> Request 8
1139
(2, 1, 1)
2
(0, 64)
-> Request 9
1187
(4, 3, 1)
1
(2, 44)
-> Request 10
1348
(3, 3, 1)
2
(77, 76)
--> Day : 3
-> Request 0
6
(1, 2, 1)
1
(12, 38)
-> Request 1
156
(4, 1, 2)
2
(77, 65)
-> Request 2
223
(4, 3, 2)
3
(56, 0)
-> Request 3
653
(1, 2, 2)
2
(74, 23)
-> Request 4
816
(1, 2, 2)
3
(18, 39)
-> Request 5
984
(1, 1, 1)
2
(8, 35)
-> Request 6
984
(3, 1, 1)
1
(33, 77)
-> Request 7
1083
(2, 3, 1)
1
(39, 69)
-> Request 8
1086
(4, 1, 1)
2
(50, 78)
-> Request 9
1186
(4, 2, 2)
2
(24, 6)
-> Request 10
1280
(4, 2, 2)
2
(23, 23)
-> Request 11
1356
(4, 2, 2)
1
(16, 32)
-> Request 12
1358
(4, 1, 2)
1
(40, 12)
--> Day : 4
-> Request 0
250
(1, 1, 2)
3
(21, 20)
-> Request 1
751
(2, 1, 2)
3
(13, 51)
-> Request 2
1159
(1, 2, 2)
2
(69, 48)
-> Request 3
1232
(3, 2, 2)
2
(1, 51)
---> Week : 138
--> Day : 0
-> Request 0
241
(3, 2, 1)
1
(39, 31)
-> Request 1
312
(2, 1, 2)
2
(58, 26)
-> Request 2
370
(3, 3, 1)
3
(43, 42)
-> Request 3
497
(4, 2, 2)
2
(9, 77)
-> Request 4
544
(3, 2, 2)
2
(51, 53)
-> Request 5
769
(2, 1, 2)
3
(69, 54)
-> Request 6
966
(3, 3, 1)
2
(69, 8)
-> Request 7
1039
(4, 3, 1)
1
(33, 64)
-> Request 8
1131
(4, 1, 1)
1
(16, 30)
-> Request 9
1142
(4, 3, 1)
1
(29, 73)
-> Request 10
1226
(2, 3, 1)
3
(15, 62)
-> Request 11
1363
(4, 1, 1)
2
(32, 67)
--> Day : 1
-> Request 0
303
(4, 1, 1)
2
(52, 0)
-> Request 1
343
(4, 3, 1)
1
(22, 56)
-> Request 2
377
(1, 2, 2)
1
(76, 73)
-> Request 3
796
(2, 2, 2)
3
(38, 58)
-> Request 4
796
(2, 2, 2)
3
(56, 10)
-> Request 5
1223
(3, 2, 2)
3
(27, 26)
--> Day : 2
-> Request 0
48
(4, 3, 1)
2
(77, 59)
-> Request 1
381
(2, 1, 1)
1
(65, 50)
-> Request 2
461
(1, 3, 2)
2
(34, 40)
-> Request 3
634
(1, 2, 1)
3
(54, 31)
-> Request 4
660
(3, 3, 2)
2
(20, 51)
-> Request 5
949
(2, 3, 1)
2
(4, 65)
-> Request 6
1005
(3, 2, 2)
1
(35, 41)
-> Request 7
1120
(4, 2, 2)
2
(49, 50)
-> Request 8
1337
(3, 2, 2)
1
(47, 49)
--> Day : 3
-> Request 0
21
(1, 3, 2)
3
(58, 68)
-> Request 1
51
(4, 2, 1)
2
(37, 53)
-> Request 2
151
(3, 1, 2)
2
(9, 22)
-> Request 3
286
(1, 1, 2)
1
(5, 45)
-> Request 4
302
(4, 2, 1)
1
(61, 25)
-> Request 5
437
(2, 2, 2)
3
(43, 34)
-> Request 6
674
(3, 3, 1)
3
(7, 33)
-> Request 7
951
(1, 2, 1)
1
(53, 22)
-> Request 8
1098
(2, 3, 2)
1
(50, 39)
-> Request 9
1399
(3, 1, 2)
1
(14, 68)
--> Day : 4
-> Request 0
12
(3, 1, 1)
3
(69, 9)
-> Request 1
85
(2, 1, 2)
3
(19, 66)
-> Request 2
85
(3, 1, 1)
2
(46, 47)
-> Request 3
242
(2, 1, 2)
2
(53, 24)
-> Request 4
290
(4, 3, 1)
2
(11, 79)
-> Request 5
313
(4, 1, 2)
2
(72, 64)
-> Request 6
321
(1, 2, 1)
2
(59, 40)
-> Request 7
376
(4, 2, 1)
1
(74, 50)
-> Request 8
492
(2, 2, 1)
3
(73, 38)
-> Request 9
790
(4, 3, 2)
2
(1, 13)
-> Request 10
870
(3, 2, 1)
3
(51, 59)
-> Request 11
879
(1, 1, 1)
3
(47, 48)
-> Request 12
1099
(1, 1, 1)
3
(53, 23)
-> Request 13
1168
(3, 2, 1)
2
(50, 28)
-> Request 14
1215
(1, 2, 1)
3
(12, 67)
---> Week : 139
--> Day : 0
-> Request 0
128
(4, 1, 1)
1
(34, 39)
-> Request 1
465
(1, 1, 2)
1
(43, 44)
-> Request 2
624
(1, 3, 2)
1
(37, 14)
-> Request 3
670
(4, 2, 1)
2
(14, 68)
-> Request 4
688
(1, 3, 2)
1
(28, 55)
-> Request 5
742
(4, 2, 1)
1
(32, 37)
-> Request 6
962
(2, 2, 1)
3
(0, 8)
-> Request 7
971
(4, 3, 1)
1
(79, 21)
-> Request 8
1053
(2, 3, 1)
1
(74, 75)
-> Request 9
1088
(1, 3, 2)
2
(42, 62)
--> Day : 1
-> Request 0
112
(2, 2, 2)
2
(22, 25)
-> Request 1
333
(1, 3, 1)
1
(66, 25)
-> Request 2
624
(3, 2, 2)
3
(29, 31)
-> Request 3
825
(4, 2, 2)
2
(17, 40)
-> Request 4
847
(4, 2, 2)
2
(79, 64)
-> Request 5
903
(1, 3, 1)
1
(1, 42)
-> Request 6
918
(2, 3, 2)
3
(69, 53)
-> Request 7
934
(4, 3, 2)
3
(29, 4)
-> Request 8
1137
(3, 1, 2)
3
(10, 60)
-> Request 9
1322
(1, 1, 1)
3
(29, 61)
--> Day : 2
-> Request 0
558
(4, 3, 1)
1
(36, 4)
-> Request 1
589
(1, 1, 1)
3
(73, 44)
-> Request 2
700
(2, 2, 2)
3
(58, 26)
-> Request 3
757
(1, 1, 1)
2
(39, 55)
-> Request 4
777
(3, 3, 2)
3
(16, 74)
-> Request 5
906
(1, 2, 2)
3
(33, 14)
-> Request 6
911
(2, 1, 2)
3
(76, 69)
-> Request 7
1010
(1, 1, 2)
2
(26, 54)
-> Request 8
1325
(4, 1, 1)
2
(73, 57)
-> Request 9
1364
(3, 1, 1)
3
(68, 53)
--> Day : 3
-> Request 0
75
(4, 3, 2)
1
(68, 0)
-> Request 1
422
(2, 1, 1)
3
(66, 16)
-> Request 2
485
(3, 1, 2)
1
(20, 47)
-> Request 3
546
(2, 3, 1)
2
(52, 68)
-> Request 4
711
(1, 2, 2)
3
(20, 50)
-> Request 5
839
(2, 3, 2)
1
(71, 1)
-> Request 6
893
(1, 2, 1)
2
(62, 10)
-> Request 7
990
(4, 2, 1)
3
(71, 73)
-> Request 8
1388
(3, 3, 2)
3
(56, 13)
--> Day : 4
-> Request 0
51
(4, 1, 2)
2
(41, 69)
-> Request 1
83
(3, 2, 2)
3
(50, 68)
-> Request 2
436
(1, 1, 2)
2
(39, 29)
-> Request 3
483
(1, 1, 1)
3
(21, 59)
-> Request 4
524
(2, 2, 1)
1
(27, 61)
-> Request 5
526
(1, 3, 2)
3
(19, 36)
-> Request 6
625
(3, 2, 1)
1
(59, 43)
-> Request 7
1061
(4, 3, 1)
2
(61, 41)
-> Request 8
1069
(4, 2, 1)
3
(44, 78)
-> Request 9
1077
(4, 3, 2)
3
(53, 47)
-> Request 10
1259
(1, 3, 1)
3
(58, 41)
---> Week : 140
--> Day : 0
-> Request 0
30
(4, 3, 1)
1
(79, 28)
-> Request 1
154
(3, 1, 1)
1
(0, 19)
-> Request 2
322
(2, 2, 1)
2
(31, 8)
-> Request 3
327
(3, 1, 2)
1
(4, 15)
-> Request 4
401
(2, 2, 2)
3
(19, 68)
-> Request 5
409
(4, 2, 2)
2
(69, 39)
-> Request 6
535
(1, 3, 1)
1
(57, 78)
-> Request 7
760
(2, 2, 2)
3
(60, 44)
-> Request 8
770
(4, 3, 2)
3
(49, 11)
-> Request 9
888
(3, 3, 2)
1
(55, 45)
-> Request 10
991
(4, 3, 2)
2
(40, 78)
-> Request 11
1210
(2, 1, 1)
2
(46, 59)
-> Request 12
1353
(1, 2, 1)
2
(34, 29)
--> Day : 1
-> Request 0
340
(3, 1, 2)
2
(75, 50)
-> Request 1
917
(3, 1, 1)
2
(30, 50)
-> Request 2
1113
(3, 1, 1)
1
(63, 9)
-> Request 3
1223
(2, 1, 2)
1
(30, 27)
-> Request 4
1303
(4, 1, 2)
1
(46, 68)
--> Day : 2
-> Request 0
9
(3, 2, 1)
2
(77, 68)
-> Request 1
64
(2, 2, 1)
3
(1, 36)
-> Request 2
94
(4, 2, 1)
1
(15, 16)
-> Request 3
184
(3, 2, 1)
2
(49, 4)
-> Request 4
212
(2, 3, 2)
2
(4, 27)
-> Request 5
736
(1, 2, 2)
2
(30, 15)
-> Request 6
1151
(4, 1, 1)
3
(36, 52)
-> Request 7
1187
(3, 1, 1)
1
(31, 74)
--> Day : 3
-> Request 0
87
(1, 2, 2)
3
(61, 55)
-> Request 1
324
(2, 1, 2)
1
(17, 39)
-> Request 2
367
(1, 1, 2)
2
(75, 44)
-> Request 3
424
(3, 3, 1)
2
(1, 4)
-> Request 4
608
(2, 2, 2)
3
(76, 58)
-> Request 5
1271
(2, 1, 2)
1
(79, 67)
-> Request 6
1365
(2, 1, 1)
3
(41, 21)
--> Day : 4
-> Request 0
108
(1, 2, 1)
2
(45, 79)
-> Request 1
138
(4, 2, 2)
3
(25, 77)
-> Request 2
194
(2, 2, 1)
1
(44, 68)
-> Request 3
285
(3, 2, 1)
3
(22, 33)
-> Request 4
297
(3, 1, 2)
3
(67, 43)
-> Request 5
333
(1, 1, 1)
3
(74, 48)
-> Request 6
628
(2, 1, 1)
2
(66, 60)
-> Request 7
825
(4, 3, 2)
2
(2, 20)
-> Request 8
853
(2, 2, 2)
2
(68, 72)
-> Request 9
891
(3, 3, 2)
2
(7, 29)
-> Request 10
1044
(4, 1, 2)
2
(59, 31)
-> Request 11
1237
(4, 1, 1)
2
(34, 45)
-> Request 12
1256
(1, 2, 1)
1
(52, 46)
-> Request 13
1378
(4, 1, 1)
2
(8, 64)
---> Week : 141
--> Day : 0
-> Request 0
445
(4, 1, 2)
1
(54, 21)
-> Request 1
635
(1, 2, 2)
1
(38, 72)
-> Request 2
952
(4, 3, 1)
3
(21, 55)
-> Request 3
1107
(4, 2, 2)
1
(10, 13)
-> Request 4
1200
(1, 2, 1)
1
(24, 20)
-> Request 5
1220
(1, 1, 1)
1
(38, 0)
-> Request 6
1314
(1, 1, 2)
1
(20, 20)
-> Request 7
1323
(4, 3, 1)
1
(69, 45)
-> Request 8
1402
(3, 3, 1)
2
(65, 70)
--> Day : 1
-> Request 0
39
(3, 3, 2)
2
(21, 24)
-> Request 1
76
(4, 2, 1)
2
(7, 14)
-> Request 2
155
(2, 3, 1)
3
(78, 72)
-> Request 3
241
(2, 1, 2)
2
(45, 52)
-> Request 4
550
(4, 2, 1)
3
(18, 29)
-> Request 5
687
(1, 3, 2)
1
(32, 69)
-> Request 6
742
(1, 3, 1)
3
(57, 70)
-> Request 7
837
(2, 3, 1)
1
(17, 49)
-> Request 8
905
(3, 2, 1)
2
(67, 57)
-> Request 9
1058
(3, 2, 2)
1
(48, 35)
--> Day : 2
-> Request 0
24
(1, 2, 2)
3
(16, 29)
-> Request 1
528
(3, 2, 2)
1
(0, 40)
-> Request 2
1048
(1, 2, 1)
1
(68, 3)
-> Request 3
1362
(3, 3, 1)
3
(25, 58)
--> Day : 3
-> Request 0
322
(1, 3, 2)
1
(4, 40)
-> Request 1
338
(1, 2, 2)
1
(3, 71)
-> Request 2
483
(3, 2, 2)
2
(5, 41)
-> Request 3
647
(3, 1, 2)
2
(26, 77)
-> Request 4
796
(1, 1, 1)
1
(79, 50)
-> Request 5
917
(2, 1, 1)
1
(0, 60)
-> Request 6
939
(3, 3, 2)
1
(35, 36)
-> Request 7
962
(1, 1, 2)
2
(57, 65)
-> Request 8
965
(1, 3, 1)
3
(36, 18)
-> Request 9
1134
(4, 3, 1)
1
(3, 1)
-> Request 10
1310
(1, 3, 1)
3
(24, 27)
--> Day : 4
-> Request 0
40
(2, 3, 2)
3
(53, 60)
-> Request 1
44
(2, 2, 1)
3
(22, 23)
-> Request 2
131
(1, 3, 2)
1
(41, 41)
-> Request 3
217
(1, 3, 2)
2
(45, 65)
-> Request 4
254
(1, 2, 2)
3
(31, 37)
-> Request 5
271
(3, 1, 1)
1
(43, 58)
-> Request 6
421
(1, 2, 1)
2
(69, 37)
-> Request 7
498
(4, 3, 2)
1
(33, 75)
-> Request 8
648
(2, 2, 1)
2
(28, 31)
-> Request 9
808
(4, 1, 1)
2
(9, 7)
-> Request 10
923
(2, 1, 2)
3
(75, 3)
-> Request 11
988
(1, 2, 2)
3
(2, 56)
-> Request 12
1091
(3, 3, 1)
3
(77, 53)
-> Request 13
1306
(4, 3, 2)
3
(21, 15)
-> Request 14
1330
(4, 1, 2)
1
(24, 39)
---> Week : 142
--> Day : 0
-> Request 0
149
(4, 1, 1)
2
(30, 33)
-> Request 1
258
(4, 3, 2)
1
(0, 72)
-> Request 2
486
(3, 1, 2)
3
(54, 3)
-> Request 3
655
(2, 3, 1)
2
(0, 56)
-> Request 4
790
(3, 1, 2)
1
(49, 37)
-> Request 5
798
(4, 2, 1)
1
(49, 77)
-> Request 6
971
(4, 1, 1)
3
(49, 19)
-> Request 7
1283
(1, 2, 2)
3
(34, 40)
--> Day : 1
-> Request 0
262
(2, 2, 2)
1
(51, 79)
-> Request 1
414
(3, 2, 2)
2
(77, 41)
-> Request 2
517
(3, 3, 2)
1
(46, 32)
-> Request 3
891
(2, 3, 2)
3
(51, 26)
-> Request 4
1303
(3, 2, 1)
3
(8, 70)
-> Request 5
1403
(3, 1, 2)
1
(29, 47)
--> Day : 2
-> Request 0
293
(3, 2, 2)
1
(40, 76)
-> Request 1
643
(4, 1, 2)
1
(10, 38)
--> Day : 3
-> Request 0
56
(1, 3, 1)
2
(69, 11)
-> Request 1
205
(1, 2, 1)
2
(37, 24)
-> Request 2
348
(2, 3, 2)
3
(17, 7)
-> Request 3
424
(2, 1, 2)
1
(56, 44)
-> Request 4
1172
(1, 1, 2)
3
(46, 50)
-> Request 5
1229
(4, 3, 2)
1
(54, 29)
--> Day : 4
-> Request 0
33
(2, 2, 2)
3
(15, 67)
-> Request 1
37
(3, 1, 2)
3
(35, 46)
-> Request 2
65
(3, 3, 1)
2
(16, 22)
-> Request 3
66
(3, 1, 2)
3
(37, 31)
-> Request 4
185
(3, 1, 2)
3
(63, 23)
-> Request 5
214
(4, 1, 1)
2
(19, 74)
-> Request 6
636
(1, 3, 2)
3
(67, 79)
-> Request 7
825
(1, 3, 2)
3
(62, 74)
-> Request 8
928
(1, 2, 2)
2
(56, 79)
-> Request 9
956
(2, 3, 2)
3
(47, 9)
-> Request 10
959
(3, 3, 1)
1
(76, 17)
-> Request 11
981
(2, 3, 1)
3
(35, 18)
-> Request 12
1062
(3, 1, 2)
1
(62, 49)
---> Week : 143
--> Day : 0
-> Request 0
56
(2, 2, 2)
3
(3, 56)
-> Request 1
168
(2, 3, 2)
1
(41, 52)
-> Request 2
488
(1, 3, 2)
2
(55, 50)
-> Request 3
504
(2, 1, 1)
3
(51, 21)
-> Request 4
685
(3, 1, 1)
1
(76, 20)
-> Request 5
690
(2, 1, 1)
3
(29, 9)
-> Request 6
697
(3, 1, 2)
1
(11, 65)
-> Request 7
761
(4, 1, 1)
3
(55, 67)
-> Request 8
861
(4, 3, 1)
2
(15, 42)
-> Request 9
1392
(2, 2, 1)
1
(61, 78)
--> Day : 1
-> Request 0
82
(2, 2, 1)
2
(27, 48)
-> Request 1
166
(2, 3, 2)
1
(24, 79)
-> Request 2
388
(4, 1, 2)
2
(14, 31)
-> Request 3
389
(3, 2, 1)
2
(45, 14)
-> Request 4
437
(3, 3, 1)
1
(9, 63)
-> Request 5
603
(3, 2, 2)
3
(48, 14)
-> Request 6
668
(4, 1, 2)
2
(47, 62)
-> Request 7
738
(4, 3, 1)
2
(2, 62)
-> Request 8
920
(3, 1, 2)
3
(34, 54)
-> Request 9
1055
(4, 1, 2)
3
(26, 56)
-> Request 10
1174
(3, 1, 1)
2
(50, 11)
-> Request 11
1302
(3, 3, 2)
1
(26, 36)
--> Day : 2
-> Request 0
3
(4, 2, 1)
2
(25, 26)
-> Request 1
93
(3, 3, 2)
2
(54, 46)
-> Request 2
575
(1, 3, 2)
2
(60, 54)
-> Request 3
679
(2, 3, 1)
2
(44, 17)
-> Request 4
784
(3, 2, 1)
2
(50, 11)
--> Day : 3
-> Request 0
110
(1, 1, 1)
3
(24, 55)
-> Request 1
279
(3, 2, 2)
1
(11, 22)
-> Request 2
665
(2, 1, 2)
3
(55, 51)
-> Request 3
953
(3, 3, 2)
1
(45, 8)
-> Request 4
1115
(4, 1, 2)
1
(31, 30)
-> Request 5
1147
(3, 2, 2)
3
(19, 1)
-> Request 6
1186
(1, 2, 2)
3
(35, 32)
-> Request 7
1270
(1, 3, 1)
3
(74, 13)
-> Request 8
1371
(3, 3, 2)
3
(59, 55)
--> Day : 4
-> Request 0
257
(4, 1, 1)
3
(42, 50)
-> Request 1
294
(2, 1, 1)
1
(22, 28)
-> Request 2
327
(3, 1, 1)
1
(4, 25)
-> Request 3
365
(1, 1, 2)
1
(5, 6)
-> Request 4
430
(3, 2, 2)
2
(66, 70)
-> Request 5
572
(2, 1, 1)
1
(9, 24)
-> Request 6
639
(4, 3, 1)
1
(2, 28)
-> Request 7
668
(1, 3, 1)
2
(36, 27)
-> Request 8
818
(1, 1, 1)
1
(64, 14)
-> Request 9
1015
(1, 2, 1)
2
(28, 16)
-> Request 10
1107
(3, 1, 1)
1
(32, 52)
-> Request 11
1145
(1, 3, 2)
3
(14, 60)
-> Request 12
1148
(2, 3, 1)
1
(55, 47)
---> Week : 144
--> Day : 0
-> Request 0
515
(2, 2, 2)
1
(79, 31)
-> Request 1
523
(3, 2, 1)
3
(41, 71)
-> Request 2
975
(2, 1, 1)
3
(45, 32)
-> Request 3
1000
(3, 1, 1)
3
(76, 69)
-> Request 4
1076
(1, 1, 1)
3
(35, 37)
--> Day : 1
-> Request 0
97
(2, 1, 1)
3
(32, 64)
-> Request 1
365
(3, 2, 1)
1
(53, 56)
-> Request 2
413
(2, 2, 2)
3
(27, 46)
-> Request 3
568
(4, 3, 1)
1
(75, 25)
-> Request 4
773
(1, 2, 2)
3
(20, 55)
-> Request 5
820
(3, 1, 1)
1
(68, 35)
-> Request 6
954
(4, 1, 2)
3
(67, 47)
-> Request 7
1136
(4, 2, 1)
1
(6, 63)
-> Request 8
1149
(2, 2, 2)
3
(55, 75)
-> Request 9
1170
(3, 3, 1)
2
(21, 54)
-> Request 10
1217
(3, 3, 2)
3
(24, 53)
-> Request 11
1252
(2, 2, 2)
3
(35, 48)
-> Request 12
1313
(1, 2, 1)
3
(59, 71)
-> Request 13
1317
(1, 2, 1)
3
(30, 54)
-> Request 14
1377
(1, 2, 1)
1
(9, 40)
-> Request 15
1402
(3, 3, 1)
2
(15, 26)
--> Day : 2
-> Request 0
696
(2, 2, 1)
3
(3, 73)
-> Request 1
718
(1, 3, 2)
2
(19, 7)
-> Request 2
911
(2, 3, 1)
2
(60, 44)
-> Request 3
1288
(2, 3, 2)
1
(29, 17)
-> Request 4
1295
(1, 2, 2)
2
(15, 32)
-> Request 5
1386
(1, 3, 2)
3
(34, 20)
-> Request 6
1401
(1, 2, 1)
1
(72, 44)
--> Day : 3
-> Request 0
31
(1, 3, 1)
2
(68, 13)
-> Request 1
117
(3, 2, 1)
3
(7, 59)
-> Request 2
128
(4, 3, 2)
2
(25, 77)
-> Request 3
160
(2, 1, 1)
2
(45, 1)
-> Request 4
201
(2, 1, 1)
2
(3, 51)
-> Request 5
299
(4, 1, 2)
3
(52, 72)
-> Request 6
632
(3, 3, 2)
2
(62, 62)
-> Request 7
644
(3, 1, 2)
2
(32, 57)
-> Request 8
676
(3, 3, 1)
3
(48, 52)
-> Request 9
730
(1, 1, 2)
2
(76, 31)
-> Request 10
934
(3, 3, 2)
2
(57, 30)
-> Request 11
936
(1, 1, 1)
2
(79, 43)
-> Request 12
977
(3, 3, 2)
2
(5, 20)
-> Request 13
980
(3, 1, 1)
3
(62, 67)
-> Request 14
1092
(2, 1, 1)
3
(50, 33)
-> Request 15
1348
(2, 3, 2)
1
(28, 57)
--> Day : 4
-> Request 0
34
(4, 2, 2)
2
(7, 16)
-> Request 1
110
(1, 2, 2)
2
(45, 24)
-> Request 2
252
(4, 2, 1)
2
(9, 59)
-> Request 3
419
(3, 3, 1)
2
(28, 50)
-> Request 4
455
(4, 2, 1)
1
(41, 73)
-> Request 5
923
(4, 1, 2)
2
(1, 66)
-> Request 6
1098
(2, 1, 1)
1
(9, 28)
---> Week : 145
--> Day : 0
-> Request 0
249
(1, 1, 2)
2
(62, 31)
-> Request 1
302
(4, 3, 1)
1
(46, 29)
-> Request 2
475
(4, 1, 1)
1
(6, 30)
-> Request 3
499
(4, 1, 1)
3
(65, 21)
-> Request 4
686
(2, 2, 1)
1
(47, 67)
-> Request 5
843
(2, 1, 1)
3
(72, 24)
-> Request 6
1102
(3, 3, 1)
1
(36, 42)
-> Request 7
1167
(4, 2, 1)
2
(14, 44)
-> Request 8
1330
(2, 1, 2)
3
(39, 29)
-> Request 9
1344
(1, 2, 2)
1
(11, 68)
--> Day : 1
-> Request 0
83
(1, 1, 1)
3
(66, 18)
-> Request 1
131
(3, 2, 1)
3
(47, 8)
-> Request 2
177
(1, 1, 2)
1
(61, 5)
-> Request 3
341
(3, 2, 1)
1
(76, 75)
-> Request 4
935
(1, 3, 2)
2
(5, 2)
-> Request 5
1004
(2, 3, 2)
3
(67, 33)
-> Request 6
1180
(2, 3, 2)
2
(40, 44)
-> Request 7
1308
(3, 2, 2)
1
(28, 57)
--> Day : 2
-> Request 0
132
(3, 1, 2)
2
(69, 78)
-> Request 1
189
(3, 1, 2)
2
(56, 33)
-> Request 2
288
(4, 1, 2)
3
(64, 22)
-> Request 3
296
(4, 2, 2)
1
(20, 31)
-> Request 4
338
(1, 1, 2)
3
(6, 52)
-> Request 5
435
(1, 3, 2)
1
(49, 34)
-> Request 6
456
(3, 3, 2)
1
(60, 11)
-> Request 7
475
(2, 1, 1)
1
(10, 70)
-> Request 8
571
(4, 3, 1)
3
(62, 75)
-> Request 9
965
(4, 3, 1)
1
(2, 56)
-> Request 10
998
(3, 1, 2)
3
(1, 41)
--> Day : 3
-> Request 0
190
(2, 1, 2)
1
(30, 52)
-> Request 1
242
(3, 3, 1)
3
(32, 62)
-> Request 2
537
(1, 3, 2)
2
(54, 4)
-> Request 3
606
(1, 1, 2)
1
(39, 51)
-> Request 4
658
(4, 2, 2)
2
(63, 27)
-> Request 5
729
(3, 1, 2)
3
(15, 51)
-> Request 6
819
(2, 3, 1)
2
(76, 23)
-> Request 7
930
(3, 3, 2)
3
(75, 1)
-> Request 8
1142
(2, 1, 2)
1
(29, 59)
-> Request 9
1337
(1, 1, 1)
1
(31, 2)
--> Day : 4
-> Request 0
169
(1, 1, 1)
3
(1, 41)
-> Request 1
611
(4, 1, 1)
2
(59, 43)
-> Request 2
817
(3, 3, 1)
2
(64, 17)
-> Request 3
859
(2, 2, 2)
1
(13, 49)
-> Request 4
903
(1, 3, 2)
2
(78, 18)
-> Request 5
911
(4, 3, 1)
1
(58, 13)
-> Request 6
1222
(2, 1, 1)
1
(8, 15)
---> Week : 146
--> Day : 0
-> Request 0
50
(2, 3, 1)
1
(72, 64)
-> Request 1
123
(1, 1, 1)
3
(49, 54)
-> Request 2
216
(4, 3, 1)
3
(39, 75)
-> Request 3
223
(2, 1, 1)
1
(52, 3)
-> Request 4
276
(1, 1, 1)
2
(79, 58)
-> Request 5
367
(3, 2, 1)
3
(72, 12)
-> Request 6
484
(4, 2, 2)
1
(34, 2)
-> Request 7
552
(1, 3, 1)
3
(30, 34)
-> Request 8
688
(1, 2, 2)
1
(64, 18)
-> Request 9
1339
(4, 1, 2)
1
(28, 54)
--> Day : 1
-> Request 0
70
(2, 3, 2)
2
(37, 44)
-> Request 1
211
(2, 3, 1)
1
(11, 24)
-> Request 2
272
(3, 3, 2)
2
(48, 61)
-> Request 3
300
(2, 1, 2)
1
(60, 9)
-> Request 4
318
(3, 2, 1)
3
(4, 14)
-> Request 5
462
(1, 2, 1)
1
(40, 55)
-> Request 6
502
(2, 3, 1)
1
(16, 15)
-> Request 7
847
(3, 2, 2)
3
(78, 70)
-> Request 8
876
(2, 2, 2)
1
(30, 23)
-> Request 9
948
(2, 2, 2)
2
(79, 54)
-> Request 10
1059
(3, 1, 2)
1
(37, 33)
-> Request 11
1079
(4, 3, 2)
2
(18, 29)
-> Request 12
1144
(3, 3, 2)
1
(34, 76)
-> Request 13
1162
(3, 3, 1)
3
(57, 34)
-> Request 14
1280
(2, 3, 2)
3
(21, 31)
--> Day : 2
-> Request 0
166
(2, 1, 1)
1
(79, 26)
-> Request 1
184
(4, 1, 2)
3
(8, 70)
-> Request 2
395
(2, 2, 2)
2
(0, 4)
-> Request 3
441
(3, 1, 2)
1
(34, 36)
-> Request 4
1328
(2, 1, 1)
3
(19, 36)
-> Request 5
1390
(4, 3, 1)
1
(40, 65)
--> Day : 3
-> Request 0
84
(3, 1, 2)
1
(56, 49)
-> Request 1
84
(2, 1, 1)
2
(29, 58)
-> Request 2
136
(1, 1, 1)
3
(59, 4)
-> Request 3
302
(3, 1, 1)
2
(52, 3)
-> Request 4
365
(1, 1, 1)
2
(20, 70)
-> Request 5
465
(2, 3, 1)
2
(32, 30)
-> Request 6
482
(2, 1, 1)
1
(40, 29)
-> Request 7
502
(4, 3, 1)
1
(7, 27)
-> Request 8
837
(3, 1, 2)
1
(27, 19)
-> Request 9
1271
(3, 1, 2)
1
(46, 5)
--> Day : 4
-> Request 0
4
(4, 3, 1)
3
(34, 6)
-> Request 1
4
(4, 3, 2)
1
(29, 69)
-> Request 2
276
(2, 2, 2)
3
(13, 43)
-> Request 3
448
(1, 3, 2)
3
(46, 69)
-> Request 4
469
(4, 1, 1)
2
(25, 35)
-> Request 5
513
(3, 1, 2)
3
(77, 63)
-> Request 6
534
(4, 3, 1)
1
(57, 10)
-> Request 7
738
(1, 2, 1)
3
(13, 30)
-> Request 8
784
(4, 1, 2)
2
(3, 55)
-> Request 9
801
(1, 3, 2)
3
(46, 24)
-> Request 10
1030
(4, 3, 1)
3
(0, 61)
-> Request 11
1035
(1, 3, 2)
2
(50, 45)
-> Request 12
1163
(1, 3, 1)
1
(77, 17)
-> Request 13
1424
(3, 3, 1)
1
(29, 42)
---> Week : 147
--> Day : 0
-> Request 0
31
(2, 1, 1)
1
(74, 62)
-> Request 1
237
(2, 2, 1)
1
(75, 29)
-> Request 2
407
(3, 3, 1)
1
(45, 34)
-> Request 3
498
(4, 1, 1)
1
(77, 0)
-> Request 4
602
(3, 1, 1)
2
(33, 66)
-> Request 5
769
(4, 2, 2)
2
(27, 4)
-> Request 6
843
(3, 3, 1)
1
(46, 56)
-> Request 7
988
(2, 3, 1)
1
(11, 22)
-> Request 8
1242
(2, 3, 1)
3
(51, 67)
--> Day : 1
-> Request 0
84
(1, 1, 1)
1
(55, 25)
-> Request 1
114
(3, 1, 1)
1
(9, 30)
-> Request 2
537
(2, 3, 1)
3
(47, 36)
-> Request 3
550
(4, 2, 2)
1
(10, 17)
-> Request 4
807
(2, 1, 2)
2
(21, 62)
-> Request 5
906
(2, 1, 2)
3
(1, 15)
-> Request 6
1130
(3, 1, 1)
2
(55, 41)
-> Request 7
1200
(1, 2, 1)
2
(34, 54)
-> Request 8
1295
(4, 1, 2)
2
(43, 21)
--> Day : 2
-> Request 0
4
(3, 1, 1)
1
(46, 43)
-> Request 1
82
(1, 1, 1)
2
(6, 44)
-> Request 2
359
(1, 2, 1)
2
(6, 9)
-> Request 3
421
(1, 3, 2)
3
(43, 34)
-> Request 4
676
(3, 1, 1)
3
(63, 68)
-> Request 5
933
(1, 2, 1)
3
(22, 11)
-> Request 6
953
(1, 3, 2)
3
(5, 20)
-> Request 7
1221
(3, 1, 1)
3
(3, 49)
-> Request 8
1266
(1, 1, 2)
2
(56, 30)
-> Request 9
1343
(4, 1, 2)
3
(14, 7)
--> Day : 3
-> Request 0
19
(4, 2, 2)
3
(0, 61)
-> Request 1
253
(4, 3, 1)
3
(62, 20)
-> Request 2
426
(2, 1, 2)
2
(32, 28)
-> Request 3
435
(3, 1, 1)
2
(72, 18)
-> Request 4
467
(3, 2, 2)
2
(38, 5)
-> Request 5
520
(4, 3, 1)
3
(14, 26)
-> Request 6
662
(2, 2, 2)
3
(69, 52)
-> Request 7
1416
(1, 1, 1)
3
(25, 2)
--> Day : 4
-> Request 0
102
(4, 2, 1)
2
(65, 46)
-> Request 1
298
(1, 2, 2)
3
(24, 60)
-> Request 2
579
(3, 2, 1)
1
(47, 9)
-> Request 3
679
(1, 3, 2)
3
(40, 57)
-> Request 4
797
(4, 2, 1)
2
(43, 78)
-> Request 5
1249
(3, 2, 2)
1
(59, 9)
-> Request 6
1299
(3, 3, 1)
2
(59, 69)
-> Request 7
1301
(4, 2, 2)
1
(77, 6)
---> Week : 148
--> Day : 0
-> Request 0
194
(3, 2, 2)
2
(51, 25)
-> Request 1
412
(2, 1, 1)
2
(18, 58)
-> Request 2
520
(4, 2, 1)
3
(22, 56)
-> Request 3
809
(1, 2, 2)
3
(9, 10)
-> Request 4
820
(1, 3, 2)
1
(14, 34)
--> Day : 1
-> Request 0
159
(3, 3, 1)
1
(29, 75)
-> Request 1
218
(4, 2, 2)
1
(70, 53)
-> Request 2
540
(3, 2, 1)
1
(16, 19)
-> Request 3
615
(1, 2, 1)
2
(57, 68)
-> Request 4
875
(4, 2, 1)
1
(34, 48)
-> Request 5
1350
(3, 1, 2)
2
(33, 67)
--> Day : 2
-> Request 0
5
(1, 1, 1)
3
(24, 39)
-> Request 1
122
(4, 2, 2)
2
(58, 51)
-> Request 2
352
(2, 3, 2)
3
(14, 9)
-> Request 3
391
(2, 2, 2)
3
(66, 5)
-> Request 4
428
(1, 2, 1)
2
(24, 32)
-> Request 5
763
(3, 1, 2)
2
(20, 7)
-> Request 6
1151
(3, 3, 2)
2
(66, 14)
-> Request 7
1188
(2, 1, 2)
3
(16, 20)
--> Day : 3
-> Request 0
117
(3, 3, 1)
1
(66, 20)
-> Request 1
158
(1, 2, 2)
3
(74, 70)
-> Request 2
333
(3, 2, 2)
2
(47, 3)
-> Request 3
679
(1, 2, 2)
2
(41, 13)
-> Request 4
880
(4, 1, 1)
1
(70, 40)
-> Request 5
917
(4, 1, 1)
3
(41, 28)
-> Request 6
1157
(4, 1, 1)
1
(76, 79)
-> Request 7
1223
(3, 1, 2)
2
(44, 42)
-> Request 8
1270
(1, 1, 1)
1
(31, 50)
-> Request 9
1300
(1, 2, 1)
3
(6, 7)
-> Request 10
1408
(3, 3, 2)
2
(67, 46)
-> Request 11
1419
(2, 1, 1)
1
(31, 73)
--> Day : 4
-> Request 0
55
(4, 2, 1)
2
(2, 8)
-> Request 1
517
(4, 1, 2)
2
(33, 41)
-> Request 2
677
(2, 1, 2)
3
(33, 7)
-> Request 3
731
(4, 3, 1)
3
(0, 61)
-> Request 4
803
(1, 1, 1)
3
(48, 74)
-> Request 5
843
(3, 2, 1)
1
(11, 19)
-> Request 6
853
(2, 2, 2)
2
(50, 79)
-> Request 7
893
(2, 1, 2)
2
(72, 71)
-> Request 8
950
(3, 2, 2)
3
(31, 8)
-> Request 9
1051
(4, 2, 2)
2
(0, 73)
-> Request 10
1099
(2, 3, 2)
1
(12, 65)
-> Request 11
1140
(3, 1, 2)
1
(73, 73)
-> Request 12
1314
(2, 2, 1)
3
(18, 65)
---> Week : 149
--> Day : 0
-> Request 0
35
(1, 3, 2)
2
(57, 62)
-> Request 1
37
(1, 2, 2)
1
(59, 26)
-> Request 2
128
(3, 2, 1)
1
(76, 12)
-> Request 3
233
(1, 1, 2)
3
(39, 39)
-> Request 4
366
(4, 1, 2)
1
(71, 49)
-> Request 5
555
(2, 2, 1)
1
(60, 41)
-> Request 6
634
(1, 1, 2)
3
(72, 77)
-> Request 7
649
(4, 3, 2)
3
(8, 7)
-> Request 8
676
(2, 3, 2)
1
(19, 76)
-> Request 9
815
(1, 2, 1)
3
(62, 61)
-> Request 10
820
(3, 1, 1)
1
(0, 23)
-> Request 11
922
(2, 3, 1)
2
(57, 23)
-> Request 12
1272
(3, 2, 2)
2
(61, 27)
--> Day : 1
-> Request 0
366
(1, 1, 1)
1
(79, 40)
-> Request 1
443
(4, 3, 1)
2
(35, 38)
-> Request 2
645
(3, 3, 1)
2
(38, 37)
-> Request 3
1059
(1, 3, 2)
1
(8, 26)
-> Request 4
1095
(2, 3, 1)
1
(71, 70)
-> Request 5
1437
(1, 2, 2)
3
(40, 3)
--> Day : 2
-> Request 0
1
(2, 3, 1)
3
(45, 75)
-> Request 1
23
(2, 3, 2)
3
(53, 15)
-> Request 2
329
(4, 3, 2)
3
(45, 9)
-> Request 3
503
(4, 1, 1)
1
(14, 65)
-> Request 4
611
(1, 2, 2)
2
(59, 55)
-> Request 5
642
(4, 3, 1)
1
(36, 62)
-> Request 6
713
(1, 3, 2)
3
(54, 26)
-> Request 7
1093
(4, 2, 1)
2
(67, 44)
-> Request 8
1210
(4, 3, 1)
1
(42, 69)
-> Request 9
1257
(1, 2, 1)
2
(3, 58)
--> Day : 3
-> Request 0
190
(2, 2, 2)
3
(8, 33)
-> Request 1
423
(3, 1, 2)
1
(58, 58)
-> Request 2
487
(4, 3, 2)
3
(17, 75)
-> Request 3
1073
(2, 2, 2)
1
(54, 38)
-> Request 4
1233
(1, 3, 2)
2
(22, 37)
-> Request 5
1306
(2, 1, 1)
1
(62, 57)
--> Day : 4
-> Request 0
146
(2, 3, 2)
2
(11, 45)
-> Request 1
243
(1, 1, 2)
2
(30, 54)
-> Request 2
289
(2, 2, 2)
2
(46, 17)
-> Request 3
368
(3, 3, 1)
2
(12, 8)
-> Request 4
513
(2, 3, 2)
1
(68, 65)
-> Request 5
538
(1, 2, 2)
3
(25, 14)
-> Request 6
605
(4, 2, 2)
3
(28, 8)
-> Request 7
712
(1, 3, 2)
2
(55, 65)
-> Request 8
857
(3, 3, 2)
3
(4, 61)
-> Request 9
1425
(3, 2, 1)
3
(30, 65)
