#{"t_start": 1680175690.2550404, "env_id": null}
r,l,t
-379256,3000,15.470936
-357024,3000,32.883519
-389484,3000,51.482817
-373304,3000,68.78209
-383292,3000,86.524828
-368472,3000,104.826556
-367400,3000,123.302876
-365160,3000,140.388672
-422704,3000,158.535039
-412336,3000,176.714602
-364240,3000,194.200415
-397516,3000,211.25292
-402428,3000,228.183221
-387364,3000,245.97317
-356216,3000,262.688991
-366548,3000,280.042788
-406620,3000,296.783951
-370600,3000,314.849222
-405608,3000,332.665988
-370072,3000,350.125665
-388404,3000,368.097648
-394016,3000,384.885399
-390384,3000,402.246676
-395308,3000,419.971443
-367472,3000,437.012848
-409772,3000,455.721804
-371528,3000,473.723933
-384524,3000,493.292113
-369284,3000,512.074162
-375576,3000,529.077179
-371224,3000,548.176389
-384020,3000,566.51091
-381556,3000,584.281231
-392208,3000,601.864439
-367308,3000,619.843778
-368404,3000,637.670934
-348984,3000,655.465438
-395284,3000,673.70261
-346008,3000,691.489064
-374380,3000,710.034898
-400364,3000,727.296266
-376360,3000,744.38947
-356340,3000,762.041328
-392248,3000,779.151925
-382464,3000,796.57325
-384208,3000,814.855832
-351156,3000,833.017201
-370424,3000,849.807722
-380444,3000,868.353459
-369260,3000,886.098039
-387356,3000,904.304498
-384260,3000,922.378962
-342364,3000,940.314151
-351112,3000,956.910759
-397424,3000,974.271532
-368528,3000,991.641657
-379264,3000,1008.276213
-347892,3000,1025.192062
-384904,3000,1043.160208
-379452,3000,1061.084222
-404460,3000,1077.735752
-354360,3000,1095.045638
-390448,3000,1112.713709
-389376,3000,1130.709795
-363392,3000,1147.452802
-382488,3000,1165.321169
-379144,3000,1192.21263
-384260,3000,1209.488652
-388376,3000,1227.538286
-367420,3000,1245.034864
-362328,3000,1262.507581
-392432,3000,1279.718452
-356244,3000,1297.581234
-371112,3000,1315.863865
-362996,3000,1333.088387
-346196,3000,1350.958768
-383068,3000,1368.300056
-369492,3000,1385.445329
-316100,3000,1401.942382
-389368,3000,1419.094339
-372120,3000,1436.227619
-379424,3000,1453.344045
-384020,3000,1470.084325
-359296,3000,1487.563162
-347880,3000,1504.991648
-344088,3000,1522.268766
-395372,3000,1539.548078
-366344,3000,1556.97649
-376212,3000,1575.039019
-374976,3000,1592.110054
-384408,3000,1609.586217
-349140,3000,1626.723418
-378144,3000,1643.218578
-352444,3000,1660.129274
-356012,3000,1677.717469
-339876,3000,1694.503779
-380080,3000,1711.954852
-363060,3000,1729.604976
-331060,3000,1746.801759
-343496,3000,1763.766801
-367340,3000,1780.822008
-372404,3000,1797.77938
-354300,3000,1815.618269
-355084,3000,1832.884995
-358052,3000,1850.105513
-345980,3000,1867.769601
-342080,3000,1885.088277
-353356,3000,1902.237217
-373496,3000,1919.193508
-328084,3000,1935.500072
-367992,3000,1952.017796
-353900,3000,1969.153934
-372988,3000,1986.572933
-377264,3000,2002.881968
-341232,3000,2019.621588
-352284,3000,2036.702129
-366084,3000,2054.460738
-328084,3000,2072.044386
-360268,3000,2088.8011
-366720,3000,2105.978323
-374352,3000,2122.557214
-342064,3000,2139.549501
-370064,3000,2156.974041
-340928,3000,2173.611529
-349000,3000,2190.327561
-379952,3000,2207.153155
-334848,3000,2224.381181
-387824,3000,2241.207966
-346128,3000,2258.189079
-357216,3000,2275.778583
-347752,3000,2293.001074
-380092,3000,2310.192599
-369228,3000,2327.564981
-341020,3000,2352.385083
-322736,3000,2369.833488
-339156,3000,2385.79782
-343852,3000,2402.748896
-343820,3000,2420.399382
-354360,3000,2437.442523
-343068,3000,2453.677593
-345236,3000,2471.111004
-354120,3000,2487.817267
-358088,3000,2505.131502
-326864,3000,2521.76722
-339124,3000,2538.816381
-339816,3000,2555.317462
-376116,3000,2572.098368
-344052,3000,2588.787686
-366316,3000,2605.765632
-380180,3000,2623.091857
-344808,3000,2639.279577
-367116,3000,2657.319674
-361180,3000,2674.502864
-364828,3000,2691.28595
-361116,3000,2709.190507
-322844,3000,2726.991962
-369920,3000,2744.964025
-328148,3000,2762.258304
-344068,3000,2779.40574
-342932,3000,2795.963775
-353272,3000,2812.739133
-355996,3000,2829.593682
-327736,3000,2847.294934
-338048,3000,2863.993145
-343836,3000,2881.190371
-341064,3000,2898.054102
-332932,3000,2914.191964
-341844,3000,2930.597148
-343980,3000,2947.986464
-363048,3000,2964.713351
-334776,3000,2982.257251
-356852,3000,2999.064591
-356904,3000,3015.305666
-348704,3000,3031.969553
-352916,3000,3048.415579
-361180,3000,3065.124068
-340140,3000,3082.148165
-348052,3000,3100.236396
-351760,3000,3117.394112
-353264,3000,3134.197008
-368416,3000,3151.691569
-360204,3000,3169.229501
-302480,3000,3187.146971
-358004,3000,3204.588838
-353004,3000,3221.348822
-353772,3000,3237.507946
-350016,3000,3254.569797
-325664,3000,3271.256644
-352088,3000,3287.668854
-333684,3000,3304.204341
-323672,3000,3320.398874
-319972,3000,3338.208304
-345996,3000,3354.853229
-331992,3000,3370.878083
-343696,3000,3386.334498
-361848,3000,3402.814109
-374968,3000,3419.834592
-342892,3000,3436.740757
-299772,3000,3453.822057
-351712,3000,3471.714741
-331972,3000,3497.497057
-373812,3000,3515.375053
-367128,3000,3532.10038
-366116,3000,3549.432814
-342012,3000,3566.460868
-317796,3000,3583.642871
-332044,3000,3600.625003
-333836,3000,3617.112599
-370732,3000,3633.743445
-310796,3000,3651.13962
-333720,3000,3668.40296
-370036,3000,3685.653268
-341788,3000,3702.669084
-360080,3000,3719.92004
-355980,3000,3736.898976
-354844,3000,3754.817343
-344996,3000,3771.345784
-356872,3000,3788.058904
-345736,3000,3804.692216
-324764,3000,3821.972698
-352840,3000,3838.798287
-347888,3000,3855.535649
-315816,3000,3873.06707
-351136,3000,3889.828818
-326688,3000,3906.248461
-313696,3000,3922.972741
-333772,3000,3939.877314
-345864,3000,3957.079329
-336028,3000,3973.384099
-344048,3000,3990.897393
-342796,3000,4008.42369
-328044,3000,4025.612237
-338928,3000,4043.305135
-305632,3000,4060.638225
-347784,3000,4077.385334
-308752,3000,4095.103728
-352888,3000,4111.80081
-366040,3000,4129.488624
-323652,3000,4146.143398
-331664,3000,4163.400136
-340112,3000,4180.811693
-339952,3000,4197.054821
-349892,3000,4214.83878
-319628,3000,4231.174609
-366952,3000,4249.065551
-334616,3000,4267.81356
-304576,3000,4284.926828
-347808,3000,4301.277241
-360440,3000,4318.76226
-328860,3000,4335.557646
-364044,3000,4351.880446
-321972,3000,4368.684449
-342092,3000,4385.48167
-371060,3000,4402.781757
-307616,3000,4420.063704
-333892,3000,4436.760092
-354784,3000,4453.995933
-335640,3000,4471.021622
-326060,3000,4487.983205
-312816,3000,4505.49306
-326116,3000,4523.143988
-350784,3000,4540.848674
-348720,3000,4556.935141
-375840,3000,4574.189611
-334972,3000,4591.221917
-326852,3000,4608.132812
-321728,3000,4633.963304
-344792,3000,4652.09031
-316608,3000,4669.705299
-346180,3000,4687.431152
-363876,3000,4704.417639
-334076,3000,4721.254462
-334536,3000,4738.180601
-346656,3000,4755.081404
-327648,3000,4772.307388
-332092,3000,4790.272172
-343996,3000,4808.003231
-339888,3000,4825.042918
-349120,3000,4842.050827
-336972,3000,4858.510671
-328656,3000,4875.724118
-355704,3000,4892.397125
-306476,3000,4910.353052
-321736,3000,4927.303494
-330824,3000,4944.827016
-355884,3000,4961.92313
-352736,3000,4977.962195
-287500,3000,4995.210144
-344876,3000,5012.847493
-353448,3000,5029.945677
-332568,3000,5046.361924
-311700,3000,5064.457882
-316904,3000,5081.829054
-335848,3000,5098.147675
-333004,3000,5115.018377
-319904,3000,5132.534328
-315768,3000,5150.630857
-340684,3000,5167.304404
-328956,3000,5184.070287
-300152,3000,5201.611989
-327980,3000,5218.36212
-335812,3000,5235.083917
-324968,3000,5252.425527
-332500,3000,5268.296348
-335788,3000,5285.166217
-318708,3000,5302.030643
-313604,3000,5318.917479
-320688,3000,5335.592252
-334864,3000,5352.808613
-340672,3000,5370.21468
-311988,3000,5387.428227
-358856,3000,5403.770196
-343640,3000,5420.284531
-350696,3000,5437.552615
-341580,3000,5453.767361
-323692,3000,5470.829788
-322816,3000,5487.955717
-289192,3000,5505.503816
-334940,3000,5522.117855
-333876,3000,5538.865765
-295464,3000,5556.364623
-325752,3000,5574.081777
-339840,3000,5591.710492
-304688,3000,5608.728209
-310608,3000,5625.857857
-303676,3000,5641.890956
-328644,3000,5658.370821
-311672,3000,5674.901392
-306768,3000,5691.50388
-316540,3000,5707.606562
-321608,3000,5724.021668
-323776,3000,5739.900426
-326924,3000,5756.637498
-331804,3000,5781.117313
-321892,3000,5798.37614
-333648,3000,5814.444674
-333692,3000,5831.290648
-331156,3000,5847.816761
-332872,3000,5864.981434
-290588,3000,5881.865157
-312928,3000,5898.626937
-276348,3000,5914.998119
-314688,3000,5931.232939
-349640,3000,5948.754611
-320604,3000,5966.141626
-316596,3000,5983.69145
-322892,3000,6000.117736
-350488,3000,6017.39295
-342724,3000,6034.415234
-314492,3000,6051.933393
-291456,3000,6070.028898
-291592,3000,6086.887063
-328588,3000,6103.933711
-311488,3000,6120.66965
-326568,3000,6137.497164
-329708,3000,6154.211795
-315616,3000,6172.063496
-329776,3000,6189.398477
-329660,3000,6206.381343
-331536,3000,6223.957186
-316564,3000,6241.536819
-330856,3000,6260.205535
-345112,3000,6276.541419
-332892,3000,6293.892778
-328992,3000,6311.202538
-317672,3000,6328.413048
-310524,3000,6345.33235
-316616,3000,6363.316607
-333528,3000,6380.771761
-342008,3000,6398.276191
-327408,3000,6415.364627
-295228,3000,6432.116507
-333908,3000,6448.097803
-322620,3000,6463.881315
-346556,3000,6481.416633
-295780,3000,6498.531666
-302672,3000,6514.758447
-322492,3000,6532.044072
-302456,3000,6548.797602
-301516,3000,6566.017567
-319604,3000,6583.278303
-337848,3000,6600.418982
-315896,3000,6617.022552
-311660,3000,6634.904233
-333800,3000,6651.723683
-344560,3000,6668.310081
-288448,3000,6685.154566
-308340,3000,6702.422127
-334468,3000,6718.127116
-312592,3000,6734.906738
-318516,3000,6752.076302
-304568,3000,6769.831288
-306552,3000,6787.150575
-355828,3000,6804.118004
-343700,3000,6820.75632
-301356,3000,6838.496115
-309600,3000,6855.203636
-302600,3000,6872.943272
-302628,3000,6890.948606
-311364,3000,6909.192496
-316520,3000,6935.064384
-303708,3000,6952.378888
-322944,3000,6969.01223
-303692,3000,6986.872908
-302904,3000,7004.533259
-299424,3000,7020.744533
-300528,3000,7038.244912
-310704,3000,7056.15745
-283304,3000,7074.271125
-322568,3000,7091.545435
-302768,3000,7109.748071
-297680,3000,7127.375984
-317396,3000,7146.407983
-304480,3000,7163.038524
-279592,3000,7181.339144
-341896,3000,7198.862873
-312380,3000,7217.617194
-333640,3000,7234.947932
-307428,3000,7253.574042
-289324,3000,7271.235903
-323740,3000,7290.784862
-302716,3000,7308.908206
-316928,3000,7328.091876
-314276,3000,7348.343757
-314340,3000,7368.373012
-313568,3000,7388.425555
-320660,3000,7410.709043
-308604,3000,7430.902042
-309656,3000,7450.612792
-303460,3000,7470.766033
-303624,3000,7490.295102
-327548,3000,7512.097848
-309516,3000,7532.149319
-284336,3000,7551.571624
-293500,3000,7571.985851
-315704,3000,7591.372605
-314852,3000,7611.014682
-294424,3000,7633.678316
-318900,3000,7653.105672
-342548,3000,7672.819888
-302328,3000,7692.111736
-304288,3000,7711.640846
-283324,3000,7731.251274
-313400,3000,7750.284188
-315656,3000,7770.364345
-320712,3000,7789.463943
-291536,3000,7811.051272
-306516,3000,7830.727941
-314412,3000,7850.806413
-359576,3000,7871.618151
-313532,3000,7892.53246
-274460,3000,7914.479741
-288068,3000,7934.199997
-312484,3000,7954.073678
-288520,3000,7972.434605
-306384,3000,7992.037665
-328492,3000,8010.041935
-320708,3000,8028.444515
-328628,3000,8048.205254
-281216,3000,8066.997779
-309548,3000,8087.146188
-310360,3000,8103.838883
-324228,3000,8122.391384
-310312,3000,8142.298432
-304624,3000,8160.864291
-312672,3000,8180.871109
-305372,3000,8209.290553
-283112,3000,8227.709327
-336752,3000,8248.043384
-322464,3000,8266.398526
-312556,3000,8284.670343
-287516,3000,8304.151848
-287240,3000,8323.462172
-331364,3000,8342.055917
-291280,3000,8361.448258
-316476,3000,8379.615385
-304368,3000,8397.361486
-293228,3000,8610.390442
-319732,3000,8625.725895
-313352,3000,8641.762101
-318708,3000,8657.864834
-314580,3000,8673.702318
-298476,3000,8689.51654
-314568,3000,8705.175521
-296480,3000,8721.559638
-306580,3000,8737.46367
-303608,3000,8753.525136
-290132,3000,8769.512307
-336524,3000,8785.390043
-302284,3000,8801.35655
-292204,3000,8817.235042
-317212,3000,8833.058663
-304284,3000,8849.036704
-302304,3000,8864.754774
-328560,3000,8880.862426
-320500,3000,8896.969506
-302436,3000,8912.638868
-271180,3000,8928.340867
-303488,3000,8944.478354
-303336,3000,8960.22763
-296596,3000,8976.746392
-333296,3000,8992.483
-283448,3000,9008.639135
-322372,3000,9024.164811
-307388,3000,9039.541758
-308412,3000,9055.904713
-295276,3000,9071.633495
-305428,3000,9087.423187
-337792,3000,9103.483476
-310616,3000,9118.958082
-290216,3000,9135.365065
-318304,3000,9151.733966
-251500,3000,9167.95268
-308104,3000,9183.332517
-312448,3000,9200.128484
-296388,3000,9216.551573
-305404,3000,9232.486984
-284348,3000,9248.523427
-293220,3000,9264.166784
-292376,3000,9280.254911
-322584,3000,9296.023843
-300284,3000,9312.007221
-299484,3000,9327.667264
-298352,3000,9343.05705
-325536,3000,9358.928727
-298580,3000,9375.601019
-266308,3000,9391.703199
-286528,3000,9407.720752
-313720,3000,9423.924482
-309452,3000,9440.24692
-303720,3000,9456.943276
-267356,3000,9472.820845
-293220,3000,9488.984621
-296132,3000,9512.909671
-297436,3000,9528.55431
-281204,3000,9544.906897
-281224,3000,9560.80021
-274348,3000,9576.476292
-286308,3000,9592.103475
-300320,3000,9608.10676
-311240,3000,9624.152309
-288372,3000,9640.36029
-293560,3000,9656.175383
-284060,3000,9672.199073
-295244,3000,9688.177054
-293440,3000,9703.871212
-272260,3000,9720.043497
-309376,3000,9735.375509
-288480,3000,9751.207078
-263896,3000,9766.848199
-299088,3000,9782.338463
-285440,3000,9797.692322
-274184,3000,9813.416762
-306192,3000,9829.150435
-265328,3000,9845.034863
-258092,3000,9860.88925
-283532,3000,9877.402969
-285072,3000,9893.04841
-317188,3000,9908.94712
-310520,3000,9924.597725
-301344,3000,9940.566959
-299532,3000,9955.904701
-305312,3000,9971.75099
-294228,3000,9987.915952
-307472,3000,10003.683044
-309044,3000,10019.518386
-287020,3000,10034.976447
-286320,3000,10050.926757
-285272,3000,10067.194937
-264056,3000,10082.842585
-300200,3000,10099.159497
-258244,3000,10114.88566
-270264,3000,10130.553895
-258272,3000,10146.180481
-319372,3000,10161.932249
-270884,3000,10177.843427
-259996,3000,10193.430621
-290364,3000,10209.19106
-304440,3000,10224.939554
-285376,3000,10240.425748
-284860,3000,10256.78076
-291308,3000,10273.187738
-268020,3000,10288.704551
-297208,3000,10305.095849
-286420,3000,10320.363455
-261260,3000,10335.655073
-287164,3000,10351.559923
-278128,3000,10367.572413
-295440,3000,10383.077519
-266132,3000,10398.482724
-281112,3000,10414.325891
-281904,3000,10430.104994
-278984,3000,10445.951054
-276348,3000,10462.073355
-292416,3000,10478.497678
-287220,3000,10494.965748
-273024,3000,10510.770723
-267216,3000,10526.424859
-270012,3000,10542.377899
-283236,3000,10558.648465
-274404,3000,10583.034729
-280984,3000,10598.591747
-267300,3000,10613.736294
-231060,3000,10628.865625
-275324,3000,10644.449629
-276496,3000,10659.578739
-279304,3000,10674.876208
-271304,3000,10690.246541
-263064,3000,10706.398453
-291268,3000,10722.035413
-272356,3000,10738.199378
-260128,3000,10753.5877
-282244,3000,10768.946215
-244012,3000,10783.894421
-287148,3000,10799.676613
-264388,3000,10815.519523
-277464,3000,10831.699892
-264000,3000,10847.616237
-238856,3000,10863.393341
-263964,3000,10879.206667
-273588,3000,10895.124363
-305120,3000,10910.075024
-296408,3000,10925.25375
-262356,3000,10940.150966
-272296,3000,10955.987531
-253752,3000,10971.300281
-260008,3000,10986.424913
-256200,3000,11002.054007
-252364,3000,11017.658669
-273060,3000,11033.638035
-272584,3000,11050.140237
-277328,3000,11066.002017
-249072,3000,11082.259216
-280412,3000,11096.938291
-261144,3000,11112.778166
-282112,3000,11128.35409
-271092,3000,11144.963816
-220164,3000,11160.439351
-266052,3000,11176.099004
-258988,3000,11191.492607
-270248,3000,11207.063948
-237900,3000,11222.940099
-264044,3000,11239.312541
-255184,3000,11255.164001
-253912,3000,11271.22351
-261152,3000,11286.499686
-284132,3000,11302.759051
-256940,3000,11318.191759
-280092,3000,11333.920281
-272084,3000,11349.634952
-260196,3000,11365.729261
-274212,3000,11382.024325
-246040,3000,11397.838648
-240960,3000,11413.373716
-265916,3000,11429.123309
-284244,3000,11445.053437
-260020,3000,11460.735555
-258896,3000,11476.193002
-252268,3000,11491.460288
-260180,3000,11507.619259
-247968,3000,11523.126928
-257112,3000,11538.64176
-259960,3000,11553.59647
-283176,3000,11569.21287
-267892,3000,11584.945723
-252232,3000,11600.513772
-246048,3000,11623.454386
-247928,3000,11638.769977
-240028,3000,11654.419003
-266244,3000,11670.635258
-247140,3000,11686.253951
-252152,3000,11701.572305
-248064,3000,11717.33701
-249256,3000,11733.227804
-236068,3000,11748.273226
-228860,3000,11764.162513
-235788,3000,11779.335147
-265948,3000,11794.677377
-251008,3000,11809.691212
-253848,3000,11825.204271
-223040,3000,11840.259682
-260032,3000,11855.794712
-231116,3000,11871.405946
-265944,3000,11886.478531
-247840,3000,11901.382463
-252808,3000,11917.040518
-249228,3000,11932.583338
-235768,3000,11948.112699
-264824,3000,11963.586399
-256920,3000,11978.986231
-263624,3000,11994.429987
-244032,3000,12010.237119
-254980,3000,12025.812171
-257924,3000,12041.812703
-228772,3000,12056.647437
-239796,3000,12071.438954
-256872,3000,12086.804652
-250956,3000,12102.064549
-235848,3000,12117.258398
-246704,3000,12132.406837
-245892,3000,12147.905703
-259996,3000,12163.16984
-242732,3000,12178.485983
-267692,3000,12194.360803
-269836,3000,12209.595707
-271012,3000,12225.896343
-252960,3000,12241.244869
-250840,3000,12256.583614
-243988,3000,12272.287658
-225792,3000,12287.527034
-227788,3000,12302.784856
-260584,3000,12318.218665
-233820,3000,12333.034999
-246760,3000,12347.956119
-221592,3000,12363.840957
-262864,3000,12378.431133
-254872,3000,12394.350134
-249780,3000,12409.620554
-233696,3000,12425.040286
-262972,3000,12440.917915
-246740,3000,12456.143499
-231852,3000,12471.168449
-237708,3000,12486.765807
-253472,3000,12502.070948
-236608,3000,12517.106874
-257764,3000,12532.555479
-240948,3000,12547.6027
-234552,3000,12562.974657
-237728,3000,12578.353664
-254608,3000,12593.72125
-251504,3000,12608.723922
-240800,3000,12623.320266
-259852,3000,12638.430873
-264824,3000,12661.57615
-235988,3000,12677.249745
-254556,3000,12692.596544
-267828,3000,12707.422261
-244700,3000,12722.500989
-250680,3000,12738.579918
-236588,3000,12753.748747
-242788,3000,12769.719445
-210360,3000,12784.869755
-259024,3000,12800.245289
-260868,3000,12814.673261
-235996,3000,12829.780016
-248764,3000,12844.935052
-256880,3000,12860.344096
-261776,3000,12876.297485
-245396,3000,12891.582225
-231904,3000,12906.26964
-264928,3000,12921.726975
-249860,3000,12937.423516
-240780,3000,12953.242369
-233724,3000,12968.669131
-230612,3000,12984.142549
-252940,3000,12999.183752
-232696,3000,13014.953041
-258492,3000,13030.172021
-250720,3000,13045.936598
-242488,3000,13061.72473
-249916,3000,13077.029973
-237840,3000,13091.97891
-232064,3000,13107.268836
-262860,3000,13122.527267
-231820,3000,13137.912377
-256668,3000,13152.782406
-245884,3000,13168.280771
-231696,3000,13183.075028
-253540,3000,13197.944101
-243732,3000,13212.908721
-244568,3000,13227.728972
-258984,3000,13243.060546
-249708,3000,13257.906169
-228844,3000,13273.034492
-241836,3000,13288.653619
-258184,3000,13303.73323
-215248,3000,13319.199019
-247784,3000,13334.599745
-236740,3000,13349.078878
-225432,3000,13364.097222
-260788,3000,13379.382947
-210788,3000,13394.654408
-248660,3000,13409.242692
-237664,3000,13423.825064
-255880,3000,13438.569775
-240632,3000,13453.364732
-251676,3000,13468.426858
-244948,3000,13483.414594
-238780,3000,13498.669663
-238740,3000,13513.936414
-227748,3000,13529.19616
-232292,3000,13544.550214
-238796,3000,13559.830336
-244188,3000,13574.673157
-246676,3000,13590.104041
-235180,3000,13605.685728
-231544,3000,13620.109703
-251608,3000,13635.013128
-245856,3000,13649.843246
-225504,3000,13665.266938
-229636,3000,13688.512268
-250724,3000,13702.917505
-219652,3000,13717.744721
-238592,3000,13732.784351
-211504,3000,13747.654839
-238652,3000,13762.864981
-212396,3000,13778.106676
-236760,3000,13793.174843
-262652,3000,13807.703311
-257788,3000,13822.725669
-225456,3000,13838.001842
-251520,3000,13853.436511
-241660,3000,13868.373363
-230684,3000,13883.879638
-232548,3000,13898.658781
-239800,3000,13913.781495
-238028,3000,13928.457179
-229532,3000,13943.541966
-267856,3000,13958.221123
-206540,3000,13973.31528
-215748,3000,13988.301661
-239704,3000,14003.797898
-217572,3000,14018.142444
-247668,3000,14032.927583
-236564,3000,14047.758899
-225692,3000,14062.791889
-241836,3000,14077.813832
-224180,3000,14093.039018
-241752,3000,14107.489815
-237476,3000,14122.500715
-216448,3000,14137.465913
-216312,3000,14152.39654
-243580,3000,14167.258055
-239704,3000,14182.324761
-243912,3000,14197.145076
-228800,3000,14212.164448
-264796,3000,14227.23103
-220524,3000,14241.948458
-216516,3000,14256.785146
-219756,3000,14270.924162
-237932,3000,14285.901394
-249564,3000,14301.47585
-241360,3000,14316.367801
-234564,3000,14331.427071
-232596,3000,14346.141986
-229516,3000,14360.64126
-226436,3000,14375.618409
-226388,3000,14390.571219
-199396,3000,14405.725895
-225868,3000,14421.617787
-207360,3000,14436.730037
-240784,3000,14451.843381
-226492,3000,14466.513166
-244664,3000,14481.43915
-244492,3000,14496.481861
-239744,3000,14511.371495
-240492,3000,14526.008495
-224328,3000,14541.539518
-223568,3000,14556.701677
-220704,3000,14571.730296
-239568,3000,14586.884407
-236612,3000,14601.854349
-233624,3000,14616.042048
-222664,3000,14631.7416
-232596,3000,14646.473586
-224376,3000,14660.876493
-216488,3000,14682.978076
-217520,3000,14698.018121
-224596,3000,14712.696914
-227360,3000,14727.380252
-227416,3000,14742.397031
-226352,3000,14756.990084
-241784,3000,14772.066379
-249524,3000,14787.384458
-235780,3000,14802.126334
-226740,3000,14816.885211
-215320,3000,14832.085941
-226556,3000,14848.070813
-224452,3000,14862.669472
-191212,3000,14876.902364
-237640,3000,14891.583303
-199472,3000,14905.575981
-231604,3000,14920.652563
-187216,3000,14935.927908
-216520,3000,14950.592579
-239412,3000,14965.531894
-243224,3000,14980.490831
-227660,3000,14995.193202
-224740,3000,15009.988923
-225532,3000,15024.96539
-216332,3000,15039.57666
-212444,3000,15053.987588
-232504,3000,15068.354809
-242692,3000,15083.266309
-204284,3000,15097.916932
-238768,3000,15113.369236
-236408,3000,15128.208762
-249884,3000,15143.387658
-244464,3000,15158.265611
-207508,3000,15172.88098
-234604,3000,15187.708226
-234616,3000,15202.263227
-217732,3000,15217.300635
-228720,3000,15232.58062
-224428,3000,15247.747659
-214304,3000,15263.445587
-238540,3000,15278.30044
-211580,3000,15293.773382
-218348,3000,15307.939007
-203644,3000,15321.884026
-239424,3000,15336.793077
-203464,3000,15351.366895
-230336,3000,15366.001365
-219416,3000,15380.515231
-200896,3000,15394.865269
-246680,3000,15410.169327
-216532,3000,15424.665685
-212164,3000,15438.911202
-207304,3000,15454.210934
-229488,3000,15469.596493
-222688,3000,15484.478163
-250340,3000,15499.327033
-214768,3000,15513.712298
-216344,3000,15528.968971
-220396,3000,15544.156127
-221060,3000,15559.287935
-224352,3000,15574.575359
-227436,3000,15589.304271
-214648,3000,15604.559965
-209412,3000,15619.502586
-217396,3000,15634.018807
-222308,3000,15648.459508
-236296,3000,15663.664186
-220408,3000,15686.175071
-219648,3000,15699.919123
-220824,3000,15714.554855
-225540,3000,15729.673386
-192644,3000,15744.762466
-207428,3000,15759.419148
-205384,3000,15774.324014
-213352,3000,15788.732568
-248560,3000,15803.267073
-191180,3000,15818.591885
-216340,3000,15832.741451
-233424,3000,15847.556145
-208384,3000,15862.090515
-240468,3000,15877.116399
-215216,3000,15892.248545
-201180,3000,15907.439475
-195308,3000,15922.261478
-202464,3000,15937.701137
-226224,3000,15952.231806
-218288,3000,15967.059136
-212260,3000,15981.743243
-235536,3000,15996.466455
-208468,3000,16011.027602
-214968,3000,16025.486228
-202176,3000,16040.232127
-214344,3000,16054.813157
-205540,3000,16069.360837
-210088,3000,16084.083525
-209400,3000,16098.780512
-207512,3000,16113.077723
-220272,3000,16127.290046
-232384,3000,16142.937361
-209392,3000,16158.177249
-226336,3000,16173.410731
-210444,3000,16187.501672
-197356,3000,16201.938616
-240616,3000,16217.919149
-230344,3000,16232.371061
-211132,3000,16247.425205
-186468,3000,16262.099849
-210492,3000,16276.441407
-220328,3000,16291.353737
-206032,3000,16305.297199
-209656,3000,16319.856252
-205656,3000,16334.497774
-216432,3000,16349.346181
-205428,3000,16364.503152
-234476,3000,16379.659524
-223944,3000,16394.796973
-190144,3000,16410.103587
-230452,3000,16424.175446
-215432,3000,16437.94635
-208140,3000,16452.124325
-201232,3000,16466.633797
-226200,3000,16481.432949
-241712,3000,16496.043635
-214324,3000,16511.283896
-211904,3000,16526.399089
-206160,3000,16540.704185
-220232,3000,16555.669794
-231536,3000,16570.331864
-208272,3000,16585.243594
-209012,3000,16600.125563
-221480,3000,16614.881589
-189388,3000,16629.754756
-233120,3000,16644.523138
-217192,3000,16658.853401
-201104,3000,16681.053083
-222516,3000,16695.620735
-207280,3000,16709.85916
-203376,3000,16723.792904
-194200,3000,16737.613414
-205416,3000,16751.355014
-203484,3000,16766.127221
-216292,3000,16780.413883
-205448,3000,16794.703583
-209260,3000,16809.390447
-207400,3000,16823.778982
-228224,3000,16837.741223
-210516,3000,16852.173365
-177168,3000,16866.519399
-208456,3000,16881.059637
-202348,3000,16895.848648
-205068,3000,16910.497168
-198216,3000,16924.962002
-181204,3000,16939.345375
-236500,3000,16953.628518
-190136,3000,16967.939206
-199376,3000,16982.457188
-219212,3000,16997.433858
-219168,3000,17012.254675
-188288,3000,17026.954871
-176112,3000,17041.299062
-215312,3000,17055.920148
-223368,3000,17070.568505
-206332,3000,17085.398609
-212212,3000,17100.483075
-196484,3000,17114.855827
-212164,3000,17129.341886
-232352,3000,17144.135787
-204976,3000,17158.966161
-216444,3000,17174.260559
-208412,3000,17188.553405
-183352,3000,17202.968105
-185140,3000,17216.942617
-211244,3000,17231.881653
-219236,3000,17246.731185
-227240,3000,17261.281431
-207628,3000,17276.165731
-198240,3000,17290.986368
-203288,3000,17305.412071
-225136,3000,17319.650782
-188240,3000,17333.813849
-212344,3000,17348.408926
-204520,3000,17362.59913
-219220,3000,17377.039879
-205488,3000,17391.082114
-179252,3000,17405.462122
-193156,3000,17419.735722
-215204,3000,17434.039786
-195264,3000,17448.49649
-185176,3000,17463.208424
-217072,3000,17478.129079
-204248,3000,17492.269174
-190084,3000,17506.993133
-196224,3000,17521.909255
-200840,3000,17536.474961
-197420,3000,17551.134799
-218196,3000,17566.038071
-194948,3000,17580.348921
-193260,3000,17594.846984
-215072,3000,17610.424309
-186124,3000,17624.73685
-204316,3000,17646.477726
-195016,3000,17660.203069
-211552,3000,17675.062041
-182968,3000,17688.702437
-195128,3000,17703.658051
-185256,3000,17717.896561
-182968,3000,17732.164715
-177048,3000,17746.88554
-209028,3000,17760.762469
-183240,3000,17775.113755
-185904,3000,17789.404713
-165188,3000,17803.724571
-184844,3000,17817.950956
-172916,3000,17832.752839
-190888,3000,17847.071255
-209236,3000,17861.313936
-202956,3000,17875.590873
-203876,3000,17889.547042
-201088,3000,17904.352203
-212328,3000,17919.397682
-179860,3000,17933.951929
-188068,3000,17948.488906
-212452,3000,17963.54189
-189952,3000,17978.048169
-223316,3000,17992.569781
-189952,3000,18007.430212
-200960,3000,18022.117797
-198052,3000,18036.666062
-194088,3000,18051.528091
-174160,3000,18065.702159
-207264,3000,18080.026911
-200112,3000,18094.328706
-216220,3000,18107.906433
-210208,3000,18122.390253
-196040,3000,18137.105193
-192056,3000,18151.628977
-203220,3000,18165.73077
-190784,3000,18180.348393
-206320,3000,18195.035482
-200176,3000,18209.36762
-191856,3000,18223.802272
-198884,3000,18238.213449
-199904,3000,18252.262729
-184768,3000,18267.033714
-202160,3000,18281.970618
-199904,3000,18296.103441
-200196,3000,18310.680326
-211148,3000,18324.965706
-206120,3000,18339.519405
-202952,3000,18353.922806
-196884,3000,18368.640504
-195132,3000,18383.427305
-181104,3000,18397.68228
-210952,3000,18412.08843
-204992,3000,18426.183086
-168040,3000,18440.534423
-187860,3000,18454.76731
-176096,3000,18469.390508
-188904,3000,18484.12708
-194984,3000,18499.095174
-202880,3000,18513.00264
-201216,3000,18527.251638
-184204,3000,18541.796742
-172948,3000,18555.739781
-180840,3000,18570.066558
-184824,3000,18584.367611
-184104,3000,18598.810495
-160048,3000,18620.326052
-191048,3000,18634.908555
-193928,3000,18649.000005
-189184,3000,18663.560587
-185984,3000,18678.052098
-190036,3000,18691.986532
-195416,3000,18705.747516
-170788,3000,18720.284802
-201984,3000,18735.013575
-174828,3000,18749.227561
-171620,3000,18763.685954
-195072,3000,18778.16693
-203184,3000,18793.181482
-209028,3000,18807.822279
-209836,3000,18822.654046
-189772,3000,18837.112779
-166840,3000,18851.350314
-196788,3000,18865.670276
-168748,3000,18880.014806
-195164,3000,18894.764024
-179908,3000,18908.817994
-195312,3000,18922.724626
-187068,3000,18937.338736
-182096,3000,18951.637098
-164888,3000,18965.756076
-163892,3000,18980.025624
-191100,3000,18994.333333
-167780,3000,19008.175475
-171256,3000,19022.996362
-161928,3000,19037.472098
-173828,3000,19051.011827
-177176,3000,19065.513275
-169824,3000,19079.210038
-170636,3000,19093.855547
-150596,3000,19108.281303
-168932,3000,19122.264606
-160032,3000,19136.895953
-173060,3000,19150.596397
-186176,3000,19164.847842
-138580,3000,19179.2177
-169772,3000,19194.201265
-173656,3000,19208.522313
-187024,3000,19222.451144
-147800,3000,19236.416298
-168808,3000,19250.565601
-175792,3000,19264.507056
-175904,3000,19278.311489
-158480,3000,19292.171908
-152780,3000,19306.7168
-157624,3000,19320.294086
-149700,3000,19334.663871
-166940,3000,19348.922706
-179760,3000,19363.678681
-157560,3000,19378.132526
-179864,3000,19392.602382
-184032,3000,19406.728449
-173720,3000,19421.358108
-163016,3000,19435.30018
-161760,3000,19450.175919
-171712,3000,19464.732408
-191940,3000,19478.910542
-163020,3000,19493.277412
-170824,3000,19507.256395
-155864,3000,19521.62712
-150940,3000,19535.871441
-168784,3000,19550.270949
-182632,3000,19565.036331
-173916,3000,19587.028017
-148964,3000,19601.248245
-156952,3000,19615.708735
-136756,3000,19629.510711
-156784,3000,19643.419276
-189116,3000,19657.608434
-151076,3000,19672.14351
-154752,3000,19686.596509
-160688,3000,19701.250943
-167844,3000,19715.860415
-152772,3000,19730.309264
-159572,3000,19744.562956
-152540,3000,19758.885124
-171724,3000,19773.372349
-147736,3000,19786.927142
-165792,3000,19801.617258
-165888,3000,19815.760145
-170132,3000,19829.96735
-158588,3000,19843.831363
-155868,3000,19858.020328
-157888,3000,19871.775256
-171928,3000,19886.211918
-158696,3000,19900.390052
-146960,3000,19913.999835
-163720,3000,19927.9975
-155836,3000,19942.333076
-137628,3000,19955.976729
-152720,3000,19969.954249
-183692,3000,19984.441516
-151808,3000,19998.881639
-151748,3000,20012.989795
-163856,3000,20027.284842
-149584,3000,20041.089824
-152904,3000,20055.527658
-130708,3000,20069.664401
-180740,3000,20083.910161
-157776,3000,20098.160138
-139780,3000,20112.857104
-152036,3000,20126.561415
-162768,3000,20140.233994
-167080,3000,20154.697483
-158816,3000,20169.368545
-154608,3000,20183.737148
-145892,3000,20197.980146
-147856,3000,20212.051909
-174752,3000,20226.135219
-163944,3000,20240.145105
-147764,3000,20253.791093
-137932,3000,20268.211928
-168760,3000,20282.548433
-128648,3000,20297.26052
-155464,3000,20310.976899
-145724,3000,20325.536369
-155976,3000,20339.772136
-145004,3000,20353.102093
-150728,3000,20367.48075
-140608,3000,20381.638227
-139872,3000,20395.38468
-156612,3000,20409.388174
-152864,3000,20423.459981
-147988,3000,20437.647918
-148876,3000,20451.395845
-132516,3000,20465.416009
-134432,3000,20479.866035
-123576,3000,20493.976198
-145784,3000,20508.760178
-143860,3000,20529.389243
-160984,3000,20543.336382
-149592,3000,20557.192834
-137548,3000,20570.923254
-134700,3000,20584.933419
-139916,3000,20598.906536
-138624,3000,20612.790656
-126604,3000,20627.074905
-146580,3000,20641.512771
-161864,3000,20655.519497
-138760,3000,20668.972286
-134692,3000,20682.571634
-126840,3000,20696.532257
-127700,3000,20710.604138
-122784,3000,20724.500221
-150828,3000,20738.107663
-150916,3000,20751.721129
-147748,3000,20765.991126
-104404,3000,20779.966353
-130672,3000,20793.733971
-136660,3000,20808.133612
-154768,3000,20822.028514
-145580,3000,20836.582478
-125388,3000,20850.949787
-143916,3000,20865.177331
-131360,3000,20879.318655
-162720,3000,20893.976704
-126816,3000,20908.26554
-143636,3000,20922.705981
-146960,3000,20936.136823
-150660,3000,20949.944145
-149624,3000,20964.045203
-148740,3000,20978.561414
-148612,3000,20993.226316
-117856,3000,21006.647555
-154000,3000,21020.327382
-140040,3000,21034.347385
-123380,3000,21048.304573
-134384,3000,21062.286682
-131552,3000,21076.144915
-120444,3000,21089.873027
-138720,3000,21103.317901
-143436,3000,21117.177978
-131312,3000,21131.018836
-146492,3000,21145.093531
-119484,3000,21159.015244
-162808,3000,21173.221282
-124588,3000,21187.593404
-139636,3000,21201.346681
-116452,3000,21215.306708
-120656,3000,21228.982235
-121784,3000,21243.241371
-111712,3000,21256.644182
-132720,3000,21270.370515
-137628,3000,21284.830032
-133828,3000,21298.076338
-125516,3000,21311.994731
-138724,3000,21326.699032
-104568,3000,21340.329886
-143528,3000,21353.44242
-137600,3000,21367.293048
-120728,3000,21381.133274
-136764,3000,21395.285135
-146944,3000,21409.406894
-126752,3000,21423.276672
-148780,3000,21437.04332
-120612,3000,21451.160955
-116764,3000,21472.540026
-124696,3000,21487.39854
-107432,3000,21501.761882
-121372,3000,21515.558513
-131708,3000,21530.10414
-119668,3000,21543.9811
-145616,3000,21557.733922
-132656,3000,21572.12632
-132648,3000,21586.444767
-120524,3000,21600.331131
-123696,3000,21614.169562
-117552,3000,21628.521223
-119420,3000,21642.572828
-123468,3000,21656.57778
-125612,3000,21670.710438
-131532,3000,21684.610718
-124772,3000,21698.090163
-111356,3000,21712.161123
-142760,3000,21726.161678
-103632,3000,21740.592057
-117508,3000,21754.682564
-133668,3000,21768.622079
-128260,3000,21783.154243
-135628,3000,21797.171438
-139672,3000,21810.645451
-110684,3000,21824.311269
-121724,3000,21838.104198
-123600,3000,21852.13871
-115564,3000,21866.769843
-106228,3000,21880.726315
-146964,3000,21894.868699
-123660,3000,21909.239848
-109432,3000,21923.943252
-139872,3000,21937.512823
-123396,3000,21951.779259
-109348,3000,21965.775277
-120852,3000,21979.706593
-119572,3000,21993.707004
-130528,3000,22007.995384
-109476,3000,22021.550731
-133496,3000,22035.117163
-125208,3000,22049.067247
-116020,3000,22063.114642
-130804,3000,22077.116026
-126688,3000,22091.323301
-106272,3000,22106.094886
-122836,3000,22119.592519
-112552,3000,22133.96227
-111348,3000,22147.862365
-140848,3000,22162.374437
-103400,3000,22176.452069
-119864,3000,22190.684111
-91528,3000,22204.74425
-115628,3000,22218.926371
-110432,3000,22233.100413
-116660,3000,22246.653556
-126612,3000,22260.121705
-145764,3000,22274.338702
-136648,3000,22288.234242
-111520,3000,22302.499072
-132912,3000,22316.453723
-108776,3000,22330.027719
-104680,3000,22343.37795
-121820,3000,22357.247942
-93392,3000,22371.624521
-123620,3000,22385.542613
-118556,3000,22399.363136
-128688,3000,22420.796225
-103468,3000,22434.348963
-119504,3000,22448.407019
-119540,3000,22462.269528
-123604,3000,22476.415971
-106480,3000,22490.062924
-105252,3000,22504.042898
-127088,3000,22517.528693
-98748,3000,22531.498677
-103700,3000,22545.2925
-99656,3000,22558.719626
-117604,3000,22572.600964
-117328,3000,22586.799641
-127632,3000,22600.950401
-124480,3000,22615.231484
-111732,3000,22629.607989
-112632,3000,22643.78208
-131268,3000,22658.069266
-113660,3000,22672.012594
-115632,3000,22686.354867
-118696,3000,22700.439863
-100612,3000,22714.344936
-103352,3000,22727.926603
-127728,3000,22741.715712
-111520,3000,22755.446045
-103568,3000,22769.449793
-108600,3000,22782.577466
-123624,3000,22796.695582
-105148,3000,22811.093416
-104432,3000,22825.793864
-121816,3000,22840.180418
-106652,3000,22853.892831
-100568,3000,22867.603347
-108528,3000,22881.99045
-118800,3000,22896.084065
-108776,3000,22909.989626
-103408,3000,22923.054324
-120544,3000,22937.034388
-111540,3000,22950.917835
-112400,3000,22965.398003
-95688,3000,22978.848495
-124520,3000,22992.018505
-130712,3000,23006.130483
-110784,3000,23019.216641
-101660,3000,23033.338601
-109024,3000,23047.315902
-103448,3000,23060.852685
-108856,3000,23074.855983
-106704,3000,23088.828522
-98364,3000,23103.548028
-107504,3000,23118.12858
-90748,3000,23132.278111
-90460,3000,23146.468005
-101344,3000,23160.563367
-105652,3000,23174.831589
-95416,3000,23188.86514
-120660,3000,23202.87597
-101460,3000,23217.243251
-97652,3000,23231.159101
-102828,3000,23245.666172
-92200,3000,23259.823672
-92480,3000,23273.096398
-115716,3000,23286.864822
-117464,3000,23300.478456
-88476,3000,23314.31421
-99432,3000,23328.484498
-112624,3000,23349.767475
-116568,3000,23364.15362
-111648,3000,23377.92345
-94432,3000,23392.556945
-90264,3000,23406.690196
-107488,3000,23420.928535
-109624,3000,23434.753867
-85624,3000,23448.212016
-95660,3000,23462.187002
-96340,3000,23476.584503
-107528,3000,23490.183797
-110512,3000,23504.40781
-113548,3000,23518.188982
-106600,3000,23532.080117
-112300,3000,23546.163723
-120432,3000,23560.006174
-111316,3000,23573.631307
-110460,3000,23587.453898
-90452,3000,23600.804531
-92632,3000,23615.172538
-76352,3000,23629.379188
-96428,3000,23643.201363
-114408,3000,23657.653814
-118156,3000,23671.712901
-99276,3000,23685.980526
-100268,3000,23699.485814
-93632,3000,23712.961559
-89104,3000,23727.452343
-99840,3000,23741.857477
-91364,3000,23755.911825
-88196,3000,23769.964571
-114600,3000,23784.039943
-99236,3000,23798.050029
-109892,3000,23811.735554
-91616,3000,23825.784576
-110580,3000,23839.019581
-105572,3000,23852.536933
-114732,3000,23866.437665
-92508,3000,23879.666888
-98240,3000,23893.621903
-91568,3000,23907.447416
-97388,3000,23921.765018
-105408,3000,23935.711045
-116648,3000,23949.460564
-97432,3000,23963.94523
-96384,3000,23977.860539
-93624,3000,23992.188944
-119532,3000,24006.229714
-93416,3000,24020.271101
-79604,3000,24034.245698
-93544,3000,24047.970084
-102648,3000,24062.024438
-89484,3000,24075.638832
-86476,3000,24089.599481
-100552,3000,24103.455027
-99480,3000,24117.038707
-103540,3000,24130.886038
-93300,3000,24145.039606
-115320,3000,24159.963943
-81640,3000,24173.876462
-103676,3000,24188.102032
-76356,3000,24203.219477
-102328,3000,24217.86543
-96456,3000,24232.159998
-82540,3000,24245.955202
-96676,3000,24259.841658
-97588,3000,24273.324655
-94796,3000,24294.753094
-87664,3000,24308.847969
-83196,3000,24322.462276
-79488,3000,24335.578598
-78436,3000,24349.296832
-89704,3000,24362.498473
-87556,3000,24375.974442
-82544,3000,24389.992881
-111620,3000,24403.559407
-88160,3000,24417.401103
-79552,3000,24430.984262
-85512,3000,24444.112536
-96600,3000,24458.272804
-102436,3000,24471.650387
-76576,3000,24484.789085
-81596,3000,24500.007631
-80320,3000,24514.93851
-83256,3000,24530.004234
-89028,3000,24546.434237
-91904,3000,24561.49235
-88244,3000,24578.830404
-75420,3000,24594.394186
-82144,3000,24609.80607
-84096,3000,24625.156743
-71424,3000,24642.406955
-97264,3000,24657.866965
-83476,3000,24673.12939
-83532,3000,24687.645719
-73388,3000,24704.113489
-74336,3000,24719.903724
-99512,3000,24734.273092
-76280,3000,24749.131461
-84396,3000,24763.415396
-68436,3000,24777.325157
-78328,3000,24790.919532
-89196,3000,24805.265304
-90560,3000,24818.368368
-97468,3000,24832.149382
-89312,3000,24845.513099
-89576,3000,24859.164863
-73352,3000,24873.233717
-98660,3000,24887.453057
-94732,3000,24902.202436
-88552,3000,24915.859049
-72296,3000,24929.718835
-82500,3000,24944.326094
-88656,3000,24958.390604
-92364,3000,24972.077043
-88356,3000,24985.83528
-87388,3000,25001.730585
-76444,3000,25017.013146
-85372,3000,25031.329902
-77100,3000,25045.436683
-93340,3000,25058.888536
-66240,3000,25072.935472
-79388,3000,25086.75122
-66004,3000,25100.237621
-82896,3000,25113.921376
-96588,3000,25127.504544
-79612,3000,25140.599005
-76388,3000,25154.641693
-74200,3000,25168.448562
-71516,3000,25182.859314
-79416,3000,25196.435791
-72164,3000,25210.107729
-90348,3000,25224.292275
-79308,3000,25238.598672
-81508,3000,25260.989116
-65272,3000,25275.964772
-80424,3000,25290.29265
-61352,3000,25304.791048
-82440,3000,25319.24543
-76336,3000,25333.007076
-73180,3000,25347.081308
-86680,3000,25360.478599
-91468,3000,25373.924274
-75408,3000,25388.519695
-66420,3000,25402.870894
-82392,3000,25417.612139
-75152,3000,25432.472736
-70444,3000,25446.310376
-59508,3000,25460.238669
-83456,3000,25474.361747
-70616,3000,25488.153338
-90780,3000,25501.717963
-66292,3000,25515.270397
-68280,3000,25528.833356
-80488,3000,25542.907883
-70324,3000,25557.210798
-88232,3000,25570.847288
-63376,3000,25584.725397
-67216,3000,25598.78954
-87496,3000,25612.81872
-67552,3000,25626.694769
-90772,3000,25640.485029
-65904,3000,25654.048562
-55796,3000,25667.610547
-86436,3000,25682.356016
-72556,3000,25696.520747
-74128,3000,25710.297912
-74512,3000,25724.055999
-58216,3000,25738.189918
-60144,3000,25752.382891
-86424,3000,25766.326751
-67292,3000,25780.838406
-72968,3000,25795.585376
-67388,3000,25810.20042
-69444,3000,25825.505161
-76508,3000,25839.654358
-81120,3000,25853.499428
-70356,3000,25867.668961
-74196,3000,25882.3382
-71696,3000,25896.522524
-74128,3000,25910.802913
-90496,3000,25925.452062
-67636,3000,25938.881178
-60252,3000,25951.867498
-68032,3000,25965.532974
-87556,3000,25979.092722
-76280,3000,25992.748312
-66096,3000,26006.134772
-65408,3000,26019.910768
-56444,3000,26033.725639
-64164,3000,26047.507218
-74304,3000,26061.306052
-73172,3000,26075.918195
-69480,3000,26089.8487
-60256,3000,26103.779067
-65400,3000,26117.354601
-73992,3000,26131.387496
-65068,3000,26145.07428
-53200,3000,26159.072645
-67120,3000,26172.82976
-86432,3000,26193.942087
-54688,3000,26207.424335
-74248,3000,26221.558268
-62224,3000,26235.388551
-61560,3000,26249.125041
-53296,3000,26262.58862
-73468,3000,26275.901073
-66188,3000,26289.448972
-52036,3000,26302.970233
-75304,3000,26316.810218
-60164,3000,26330.123322
-86332,3000,26343.855921
-64400,3000,26357.502557
-65276,3000,26370.804281
-51268,3000,26384.903857
-56476,3000,26397.908437
-73124,3000,26410.920394
-52132,3000,26424.714049
-58452,3000,26437.637753
-76276,3000,26451.203675
-62292,3000,26464.681601
-63572,3000,26478.235629
-67292,3000,26491.270199
-61028,3000,26504.181129
-65284,3000,26517.558772
-59236,3000,26530.921169
-65360,3000,26545.183305
-46356,3000,26558.965456
-66204,3000,26572.630519
-78416,3000,26586.058221
-63300,3000,26599.376722
-60292,3000,26613.11049
-48196,3000,26627.042434
-58220,3000,26640.410302
-67460,3000,26653.708767
-57268,3000,26667.215791
-52404,3000,26679.950954
-61252,3000,26693.595054
-67312,3000,26707.396315
-71968,3000,26720.554573
-54180,3000,26734.100635
-64972,3000,26747.7307
-60300,3000,26760.679666
-47064,3000,26774.295692
-68212,3000,26788.093656
-62980,3000,26801.639574
-58072,3000,26814.984031
-58136,3000,26828.946356
-68444,3000,26842.78147
-72408,3000,26856.563061
-43500,3000,26870.045885
-63384,3000,26883.622782
-68420,3000,26896.820205
-62388,3000,26910.417699
-50176,3000,26923.667248
-67300,3000,26936.769671
-51432,3000,26950.266543
-52080,3000,26963.646894
-60976,3000,26976.834016
-72308,3000,26990.311804
-45520,3000,27003.275306
-47988,3000,27017.085149
-63068,3000,27030.410353
-57208,3000,27043.379246
-61124,3000,27057.325133
-58248,3000,27070.353567
-56904,3000,27083.740335
-43136,3000,27104.691174
-53500,3000,27118.211282
-55932,3000,27131.929689
-56452,3000,27145.095332
-53168,3000,27159.062283
-57172,3000,27172.445452
-64212,3000,27186.179325
-47232,3000,27199.257147
-60132,3000,27212.575493
-47332,3000,27226.319986
-47392,3000,27239.379719
-42868,3000,27252.898496
-50196,3000,27266.656802
-59400,3000,27279.682663
-49248,3000,27293.519651
-35136,3000,27306.930739
-64024,3000,27320.854018
-49096,3000,27334.468883
-50024,3000,27348.391897
-39512,3000,27361.785155
-40264,3000,27375.292165
-55360,3000,27388.785154
-48288,3000,27403.005676
-46300,3000,27416.874328
-60268,3000,27430.047948
-74296,3000,27443.489316
-35284,3000,27457.252336
-59120,3000,27471.242873
-55228,3000,27484.412125
-46108,3000,27498.04888
-52908,3000,27511.694955
-58264,3000,27525.832177
-38148,3000,27539.478521
-42136,3000,27553.38327
-59040,3000,27566.74957
-47256,3000,27580.135476
-48324,3000,27593.149162
-43308,3000,27606.678148
-56312,3000,27620.546731
-53040,3000,27633.878951
-49396,3000,27647.859614
-54920,3000,27661.398838
-50984,3000,27675.068131
-57128,3000,27688.536815
-46436,3000,27701.925584
-41008,3000,27715.644559
-50040,3000,27729.317818
-46060,3000,27742.883591
-49104,3000,27756.222043
-48140,3000,27769.877679
-46232,3000,27782.869512
-50008,3000,27796.157906
-54112,3000,27809.463256
-35112,3000,27823.330614
-42024,3000,27836.527519
-30100,3000,27850.052544
-35108,3000,27863.463837
-49980,3000,27877.09787
-39804,3000,27890.829919
-33940,3000,27904.423765
-50936,3000,27917.701043
-59208,3000,27930.915382
-44204,3000,27944.288111
-39256,3000,27957.450894
-48420,3000,27970.822517
-44244,3000,27983.908902
-27004,3000,27997.63059
-41396,3000,28018.084753
-50136,3000,28031.389727
-25972,3000,28044.825802
-47308,3000,28058.83358
-29384,3000,28072.169964
-44992,3000,28085.787109
-45248,3000,28099.507086
-44220,3000,28112.411928
-54076,3000,28125.566885
-38764,3000,28139.51089
-39996,3000,28153.162629
-36052,3000,28166.595512
-49048,3000,28180.201136
-41884,3000,28193.232906
-37260,3000,28206.107905
-45284,3000,28219.306252
-39724,3000,28233.132608
-41092,3000,28246.842901
-31208,3000,28259.948984
-32852,3000,28273.609753
-37372,3000,28286.937008
-36784,3000,28300.253407
-38908,3000,28314.694067
-43316,3000,28328.252868
-30284,3000,28342.03676
-45212,3000,28355.397823
-36820,3000,28369.011106
-29104,3000,28382.413183
-28080,3000,28396.275313
-45076,3000,28409.532875
-35064,3000,28423.029902
-38100,3000,28436.467845
-31160,3000,28449.975712
-52164,3000,28463.753024
-39100,3000,28476.996141
-46080,3000,28490.696275
-33004,3000,28504.329115
-28900,3000,28518.015292
-45104,3000,28530.621551
-24064,3000,28543.718818
-34024,3000,28557.195908
-42824,3000,28570.312964
-26940,3000,28583.504524
-28000,3000,28596.760002
-31820,3000,28610.177527
-35232,3000,28623.87909
-43080,3000,28637.650725
-40068,3000,28651.23433
-36008,3000,28664.283179
-35164,3000,28677.493813
-44104,3000,28690.851277
-35016,3000,28704.739412
-33352,3000,28717.926871
-34220,3000,28731.74317
-34208,3000,28745.346799
-40784,3000,28759.02597
-30932,3000,28771.809516
-31236,3000,28785.05096
-30736,3000,28799.018801
-43196,3000,28812.011938
-30008,3000,28825.655393
-35172,3000,28838.768582
-31128,3000,28852.027515
-38176,3000,28865.179615
-22932,3000,28878.603664
-31028,3000,28891.496383
-35008,3000,28911.756587
-36004,3000,28925.293255
-34828,3000,28939.175253
-27320,3000,28952.747125
-18876,3000,28965.866845
-28928,3000,28979.247534
-27228,3000,28992.75732
-30156,3000,29006.094244
-35912,3000,29019.376149
-37012,3000,29033.3267
-28140,3000,29047.069197
-39320,3000,29060.924226
-25152,3000,29073.920832
-27728,3000,29086.999041
-26204,3000,29099.964
-26064,3000,29113.343307
-24136,3000,29126.366825
-28796,3000,29139.95449
-28828,3000,29153.303716
-16960,3000,29166.796618
-32848,3000,29179.901292
-29956,3000,29193.067317
-38704,3000,29206.460825
-24916,3000,29220.350762
-22836,3000,29234.258965
-29904,3000,29247.540896
-31032,3000,29260.43583
-20920,3000,29274.003249
-29168,3000,29287.389028
-20036,3000,29300.338596
-20128,3000,29313.700493
-28984,3000,29327.027576
-27000,3000,29340.096601
-23104,3000,29353.68638
-33832,3000,29367.271984
-15016,3000,29380.550946
-31992,3000,29394.019394
-27160,3000,29407.135497
-22060,3000,29420.365664
-22328,3000,29433.70499
-31964,3000,29447.663285
-33124,3000,29460.487102
-26888,3000,29473.488298
-34900,3000,29487.169088
-21056,3000,29500.133649
-20956,3000,29513.291097
-21152,3000,29526.286655
-21880,3000,29539.160584
-29164,3000,29552.535913
-22044,3000,29566.124945
-21696,3000,29579.646447
-33800,3000,29593.21834
-25804,3000,29607.440556
-18968,3000,29620.721489
-14752,3000,29634.027053
-27056,3000,29646.818834
-28996,3000,29659.963612
-17804,3000,29673.459015
-26040,3000,29687.089632
-18024,3000,29700.271818
-17812,3000,29714.082271
-13192,3000,29728.044283
-16816,3000,29742.074991
-23808,3000,29756.42722
-21272,3000,29770.734142
-18232,3000,29785.075063
-16908,3000,29799.530971
-17144,3000,29822.540918
-9188,3000,29836.940347
-20104,3000,29852.401917
-25960,3000,29865.87357
-19796,3000,29880.709071
-17192,3000,29896.639272
-23320,3000,29912.872656
-13480,3000,29928.375544
-14180,3000,29942.719972
-17992,3000,29958.677226
-13748,3000,29974.325084
-6992,3000,29989.050961
-12812,3000,30003.885242
-24808,3000,30018.927529
-14012,3000,30033.015776
-5884,3000,30048.746531
-14788,3000,30063.386041
-13120,3000,30077.83812
-14896,3000,30092.945643
-15988,3000,30108.740152
-12876,3000,30124.265715
-25328,3000,30139.251823
-19892,3000,30153.532055
-13232,3000,30169.027708
-14060,3000,30183.499705
-15908,3000,30199.835352
-17016,3000,30216.993057
-11868,3000,30236.106107
-13908,3000,30257.700072
-11960,3000,30275.720462
-11048,3000,30294.956003
-14064,3000,30309.463156
-11992,3000,30323.151532
-14952,3000,30337.102261
-15740,3000,30353.31881
-18236,3000,30368.854209
-18268,3000,30384.161396
-9216,3000,30398.335643
-14184,3000,30412.587204
-15224,3000,30425.617045
-18644,3000,30438.814377
-2964,3000,30451.863786
-9864,3000,30465.651285
-8796,3000,30479.424729
-20084,3000,30492.551559
-19028,3000,30505.90817
-8952,3000,30518.56698
-7940,3000,30531.807907
-11200,3000,30545.740674
-6532,3000,30558.768245
-9872,3000,30572.235293
-17176,3000,30585.169121
-16860,3000,30598.450664
-8136,3000,30611.645607
-8740,3000,30624.482062
-11916,3000,30637.841632
-11884,3000,30650.971701
-16888,3000,30664.032686
-2876,3000,30677.094027
-5904,3000,30690.664166
-6920,3000,30703.709642
-17080,3000,30717.021853
-10960,3000,30730.795368
-4992,3000,30744.361134
-6788,3000,30757.831688
-7040,3000,30771.121015
-13080,3000,30784.411067
-13688,3000,30805.087395
-5104,3000,30818.591449
-7872,3000,30832.767159
-5672,3000,30846.075323
-928,3000,30859.430458
-9908,3000,30872.369827
-7032,3000,30885.368659
-19208,3000,30898.65917
-4784,3000,30911.85311
-11960,3000,30925.102025
-5984,3000,30938.14018
-2928,3000,30951.587098
-6020,3000,30964.804533
-9852,3000,30977.596236
-18900,3000,30991.766263
-6740,3000,31004.927464
-8700,3000,31018.220089
-13888,3000,31031.678035
-14964,3000,31044.850076
-6028,3000,31058.015483
-11040,3000,31071.006776
-7028,3000,31084.544007
-10032,3000,31098.355337
288,3000,31111.847635
-8736,3000,31125.421562
-4796,3000,31138.917736
-8064,3000,31151.980016
-13176,3000,31165.257918
-9036,3000,31178.652827
-9192,3000,31191.655732
-5948,3000,31205.060536
-6848,3000,31218.558458
-7036,3000,31231.698723
-10852,3000,31244.964844
-7172,3000,31258.2408
-11700,3000,31271.525167
-14156,3000,31285.050087
-3180,3000,31298.547053
-4780,3000,31311.881903
-10596,3000,31324.953754
-8808,3000,31337.622014
-12748,3000,31350.886623
-4088,3000,31363.923557
-9000,3000,31377.288954
-4928,3000,31390.98741
-7800,3000,31403.946967
-12716,3000,31417.246464
-12612,3000,31430.904954
-7032,3000,31444.218664
-18216,3000,31456.904868
240,3000,31470.497085
-872,3000,31484.545612
-7108,3000,31497.772124
-5776,3000,31511.318145
-80,3000,31524.606663
-1516,3000,31537.768092
-5828,3000,31550.561383
-10776,3000,31563.715375
-10800,3000,31576.704687
-5732,3000,31590.153828
-8840,3000,31603.178553
-11936,3000,31616.779819
-3784,3000,31630.393063
-16044,3000,31644.02238
-9912,3000,31657.711772
-9748,3000,31671.06495
-10928,3000,31691.422574
-9896,3000,31704.48619
-7584,3000,31717.756456
8,3000,31730.788008
-5884,3000,31744.392913
-7264,3000,31757.578318
-7956,3000,31770.403214
-11900,3000,31783.78903
-13104,3000,31797.13792
-1888,3000,31809.890838
-4792,3000,31823.426654
-1588,3000,31837.101914
-11624,3000,31850.707994
-11156,3000,31863.941637
-13688,3000,31876.590863
-10796,3000,31889.348332
-3412,3000,31902.741004
-9780,3000,31915.5721
-9968,3000,31928.254113
-7688,3000,31941.754767
-8648,3000,31955.273914
-4840,3000,31968.495507
-3816,3000,31981.155435
-5896,3000,31994.225483
-4544,3000,32007.465475
-5720,3000,32020.366167
-9584,3000,32033.399443
-15792,3000,32046.347692
-5452,3000,32059.632591
-10692,3000,32073.042693
-7884,3000,32086.111603
-9848,3000,32099.328116
-2688,3000,32112.499007
-5736,3000,32125.321045
-2696,3000,32138.631315
-14852,3000,32151.710588
-2868,3000,32165.589691
-14028,3000,32178.551196
-10004,3000,32191.451364
-9400,3000,32204.732256
-7932,3000,32217.953163
-3740,3000,32230.901649
-4768,3000,32243.521188
-6568,3000,32256.79485
-11364,3000,32269.922548
-8748,3000,32282.744757
-13460,3000,32295.793315
2364,3000,32309.240803
-12720,3000,32321.926112
-6884,3000,32335.043128
-9672,3000,32348.068825
-15660,3000,32361.246592
-11228,3000,32374.962821
-15016,3000,32387.736512
-8540,3000,32401.26894
-9540,3000,32414.689044
-7672,3000,32427.332458
-1976,3000,32440.279366
-10632,3000,32452.744275
-8060,3000,32465.984859
-572,3000,32478.773386
-16684,3000,32492.076862
-6780,3000,32505.443853
-3612,3000,32518.925089
-7096,3000,32532.094467
-12460,3000,32545.324626
-4464,3000,32558.572349
-5428,3000,32579.293672
-7644,3000,32592.455735
-7596,3000,32605.349807
-12628,3000,32618.485717
-10884,3000,32631.712848
-12836,3000,32644.864762
-5520,3000,32657.558547
-7340,3000,32670.445959
-7988,3000,32682.602338
-4932,3000,32695.446738
-12752,3000,32708.366592
-2516,3000,32721.559669
-8448,3000,32734.599
-9848,3000,32747.492718
-10592,3000,32761.134917
-9660,3000,32774.158774
-10468,3000,32787.002099
-10548,3000,32800.054188
2580,3000,32812.801824
-7436,3000,32825.746368
-18692,3000,32838.404972
-13636,3000,32851.329534
-7248,3000,32864.435172
-4424,3000,32877.216501
-5796,3000,32890.299289
-7724,3000,32903.035494
-11588,3000,32916.674074
-14372,3000,32929.94839
-5568,3000,32942.964716
-5424,3000,32956.283153
-10428,3000,32968.888036
-9288,3000,32981.545302
-3144,3000,32994.194351
-3636,3000,33007.735005
-12908,3000,33021.146409
-9628,3000,33033.983737
-10644,3000,33046.654998
-8288,3000,33059.129404
-9372,3000,33071.870591
-19368,3000,33084.884394
-3420,3000,33098.136511
-6312,3000,33111.118428
-6164,3000,33124.159878
-8520,3000,33136.815023
-4340,3000,33149.027615
-12156,3000,33162.298626
-4624,3000,33175.223825
-3632,3000,33187.644531
-7836,3000,33200.931019
-8516,3000,33213.67821
-6560,3000,33226.65158
-14364,3000,33239.758588
-3204,3000,33252.830547
-3196,3000,33265.361964
-15136,3000,33278.291502
1560,3000,33290.300279
-276,3000,33303.088468
1872,3000,33316.048702
-2272,3000,33328.484891
-2464,3000,33341.665193
-13176,3000,33354.568073
-10484,3000,33366.998654
-8208,3000,33379.962663
-5160,3000,33393.160365
-3084,3000,33406.045005
-136,3000,33418.821248
-3736,3000,33432.324852
-11588,3000,33451.568107
-7464,3000,33464.673348
-11068,3000,33477.752682
-8324,3000,33490.516877
-3824,3000,33503.603207
-12864,3000,33516.19672
-11076,3000,33529.389034
-11088,3000,33543.049258
-4660,3000,33556.126941
-9240,3000,33568.656397
-9072,3000,33581.43567
-4072,3000,33593.689358
-4448,3000,33605.40878
-2112,3000,33617.554371
-1924,3000,33630.441776
-5108,3000,33642.956239
-2272,3000,33656.105111
-6664,3000,33669.374474
-7892,3000,33682.351652
-4080,3000,33695.235301
-7232,3000,33708.257662
-1188,3000,33720.619009
-6192,3000,33733.237386
-744,3000,33745.999131
-9468,3000,33758.277731
-10180,3000,33770.988769
-2904,3000,33783.973791
-5196,3000,33796.728139
-3384,3000,33809.355451
-6868,3000,33822.703221
-2204,3000,33834.985785
-7164,3000,33847.745642
-7208,3000,33860.297362
-12392,3000,33872.706931
-7212,3000,33885.655638
-6648,3000,33898.803892
3884,3000,33910.986706
-5308,3000,33923.240131
-2716,3000,33936.229949
-13540,3000,33948.465319
-12200,3000,33960.754535
-5740,3000,33973.377442
-10008,3000,33986.152833
1060,3000,33999.526088
-5060,3000,34012.280698
-940,3000,34025.068393
-10960,3000,34037.372423
-24,3000,34050.323128
-4068,3000,34062.863058
-11848,3000,34076.267438
-1984,3000,34088.931438
-16840,3000,34101.807418
-6200,3000,34114.784016
-4392,3000,34127.68906
-896,3000,34140.157499
-9356,3000,34152.546037
-7888,3000,34165.049334
-7184,3000,34177.650721
-6160,3000,34190.144959
-7036,3000,34202.465311
-11312,3000,34215.193883
-6312,3000,34227.456771
-8952,3000,34240.253211
-9040,3000,34253.436404
-100,3000,34265.964049
-3768,3000,34279.009803
-9916,3000,34299.111045
-5316,3000,34311.992174
-5996,3000,34324.738876
-8956,3000,34337.721083
-11128,3000,34350.000682
-13856,3000,34362.209158
-11316,3000,34375.053388
-7004,3000,34387.759391
-9092,3000,34399.823428
-1184,3000,34411.993992
-8848,3000,34424.342309
-8196,3000,34436.547564
-20,3000,34448.997371
-2944,3000,34461.685285
-14136,3000,34474.368727
-6032,3000,34486.662097
-10884,3000,34499.480263
-9920,3000,34511.983621
-11008,3000,34524.888588
-3244,3000,34537.610675
2036,3000,34550.272868
-5300,3000,34563.426042
-7268,3000,34576.164864
-6932,3000,34589.511215
-4996,3000,34602.755214
-6276,3000,34615.060208
-3120,3000,34628.296991
-10188,3000,34640.882881
-6924,3000,34653.789409
-9440,3000,34666.078617
-11340,3000,34678.693633
-2244,3000,34691.11361
-9032,3000,34703.666324
300,3000,34716.355525
-17736,3000,34729.678067
-9064,3000,34742.782512
-2040,3000,34755.260761
-6908,3000,34768.347781
-6040,3000,34780.554056
-6248,3000,34793.408636
-11296,3000,34806.387279
-11196,3000,34819.144981
-13276,3000,34831.973896
-12904,3000,34845.262097
-11296,3000,34857.563535
-3964,3000,34870.693314
-6044,3000,34883.243277
-9224,3000,34896.019118
-5932,3000,34909.06442
-7836,3000,34921.92419
-12844,3000,34934.520706
-11892,3000,34947.394293
-11044,3000,34960.432673
-13060,3000,34972.641118
-5224,3000,34984.949113
-6116,3000,34997.295937
-2204,3000,35010.642382
-10960,3000,35023.670493
-12260,3000,35036.884357
-10904,3000,35049.27252
-6988,3000,35061.511717
-13144,3000,35074.765571
-10064,3000,35087.600096
-13116,3000,35100.189649
-6824,3000,35112.932718
-5764,3000,35126.174526
-7212,3000,35138.454013
-8184,3000,35158.528382
176,3000,35171.194742
-12188,3000,35183.417897
-5320,3000,35196.080565
-3168,3000,35208.759355
-13212,3000,35221.213105
-7940,3000,35234.302596
-6216,3000,35246.983538
-2896,3000,35259.73313
-4228,3000,35272.67039
-11248,3000,35285.126205
-11068,3000,35298.147087
-11276,3000,35311.529833
-4184,3000,35324.128872
-9844,3000,35337.525485
-6228,3000,35350.188966
-4112,3000,35362.594391
-2076,3000,35375.684027
-7848,3000,35388.755435
-10120,3000,35401.772978
-5336,3000,35414.435132
-3860,3000,35426.996898
-10216,3000,35440.067381
-3816,3000,35452.679611
-12900,3000,35465.634497
-5328,3000,35478.048715
-6916,3000,35490.700492
-6028,3000,35503.793059
-2784,3000,35516.027303
-5420,3000,35528.122
-3944,3000,35541.034032
1028,3000,35553.995372
-10132,3000,35567.41411
-5944,3000,35580.588392
-11940,3000,35593.851832
-4108,3000,35606.971259
-2120,3000,35619.506252
-8148,3000,35632.568152
-1340,3000,35645.186376
-6128,3000,35658.085462
-9192,3000,35671.124609
-12296,3000,35683.96989
-4420,3000,35696.698207
-5120,3000,35709.803825
-6304,3000,35722.806099
-9296,3000,35735.484257
-11040,3000,35747.777454
-8828,3000,35760.30965
-5184,3000,35773.108565
-5028,3000,35785.689948
-13120,3000,35798.349741
-5764,3000,35811.606806
-7168,3000,35823.926415
-9804,3000,35837.188765
-11044,3000,35850.678323
-2892,3000,35863.691299
-7192,3000,35876.417261
-6164,3000,35888.894359
-2008,3000,35901.277927
-9064,3000,35913.933682
-11156,3000,35926.962782
-13768,3000,35940.261456
-4172,3000,35953.110317
-3072,3000,35965.651147
-11296,3000,35979.147398
-3128,3000,35991.952323
-5872,3000,36004.867063
-4840,3000,36024.414126
-12384,3000,36037.254095
-6076,3000,36050.197556
-2992,3000,36063.387745
-13172,3000,36076.597175
-10192,3000,36089.424741
-3988,3000,36102.269061
-9032,3000,36115.685774
-2708,3000,36128.303265
-3908,3000,36141.231749
-48,3000,36153.689227
-4940,3000,36166.473172
-2888,3000,36179.642096
-4080,3000,36192.122786
-3968,3000,36205.09286
-5116,3000,36217.616168
-6076,3000,36230.380365
-5088,3000,36243.09268
-5104,3000,36255.419653
-1928,3000,36268.483656
-6756,3000,36281.117795
-3192,3000,36293.694702
-8272,3000,36306.560244
-11032,3000,36318.965473
-8092,3000,36331.653811
-5104,3000,36344.254101
-11956,3000,36356.732502
-6860,3000,36369.115962
-2860,3000,36382.264776
-9140,3000,36394.311391
-7904,3000,36406.577057
-2976,3000,36419.362961
-10096,3000,36432.340354
-10296,3000,36445.083295
-16288,3000,36457.733973
-15000,3000,36470.94913
-6292,3000,36483.811049
-5920,3000,36496.050785
-11804,3000,36509.297353
-3124,3000,36521.451495
-8928,3000,36533.995542
-7312,3000,36547.271113
-11180,3000,36559.7492
-5224,3000,36572.491448
-4720,3000,36585.455768
-12120,3000,36598.60289
-7236,3000,36611.80888
-6048,3000,36624.741459
-11192,3000,36637.254284
-8968,3000,36649.578008
188,3000,36662.364536
-9084,3000,36675.323417
-6960,3000,36687.770378
-9064,3000,36700.612363
-13108,3000,36713.762615
-2980,3000,36726.389988
-6848,3000,36738.606599
-4496,3000,36751.590809
-8040,3000,36764.376063
-5952,3000,36776.917304
-5016,3000,36789.492652
-5692,3000,36802.756112
-2044,3000,36815.817327
-11920,3000,36828.666425
-3312,3000,36841.185108
-11840,3000,36853.743881
-5024,3000,36873.492252
-14516,3000,36885.664739
-4272,3000,36898.477556
-11244,3000,36910.98515
-3968,3000,36924.292267
-6988,3000,36937.502779
-3004,3000,36949.85132
-7940,3000,36962.793224
-6180,3000,36975.691059
-11872,3000,36988.435222
-44,3000,37001.918727
-8132,3000,37015.140472
-6964,3000,37027.887872
-2040,3000,37040.425761
-13448,3000,37053.165163
-6148,3000,37066.094949
-11208,3000,37079.595106
-6184,3000,37092.250481
-8008,3000,37105.064438
-7020,3000,37117.785848
-8024,3000,37129.952376
-4036,3000,37142.798742
-10300,3000,37155.822585
-13368,3000,37168.160202
-14680,3000,37181.434139
-4076,3000,37194.391407
-3240,3000,37207.633113
-13064,3000,37220.407481
-1136,3000,37233.384512
-9156,3000,37245.709451
-3888,3000,37258.840856
-9952,3000,37271.707292
-12920,3000,37285.280074
-4024,3000,37297.87321
-19400,3000,37310.83487
872,3000,37323.416009
-5204,3000,37336.367075
-16268,3000,37349.529379
-12020,3000,37362.252968
-6168,3000,37374.693667
-16932,3000,37388.030792
-4012,3000,37401.27622
-5320,3000,37414.253771
-5968,3000,37426.954845
-8348,3000,37439.861344
-6444,3000,37452.486672
-7156,3000,37465.209435
-10156,3000,37477.805371
-3820,3000,37490.818226
-5996,3000,37503.666378
-2968,3000,37516.546867
-13816,3000,37529.803149
-5884,3000,37542.903217
-11168,3000,37554.910419
-11184,3000,37568.047084
-7848,3000,37581.198576
1300,3000,37594.655074
-10028,3000,37607.647891
-3112,3000,37620.336103
-7252,3000,37632.979576
-3072,3000,37646.001123
-13336,3000,37659.140881
-7100,3000,37671.37867
-5180,3000,37684.102533
-4072,3000,37696.703272
-12564,3000,37710.199478
-10936,3000,37722.962067
-11268,3000,37743.355706
-3944,3000,37756.352768
760,3000,37769.464689
-13420,3000,37781.605604
-14380,3000,37794.376822
-9048,3000,37807.006105
-3320,3000,37819.705439
-13264,3000,37832.409842
-11004,3000,37845.214795
-4276,3000,37857.351091
-9824,3000,37870.510507
-6272,3000,37883.289206
-5852,3000,37896.093498
-5352,3000,37908.703954
-11152,3000,37921.651915
-6076,3000,37933.950392
1208,3000,37946.354557
-9060,3000,37958.881077
-4020,3000,37971.948114
-2824,3000,37985.078376
-10156,3000,37997.826
-9236,3000,38010.246516
-3964,3000,38022.742682
-4092,3000,38035.713848
-15968,3000,38048.422988
-8100,3000,38061.343654
-9268,3000,38074.212166
-6248,3000,38086.80664
-5572,3000,38100.458373
-10132,3000,38113.297858
-9284,3000,38126.08982
-12328,3000,38138.688306
-6212,3000,38151.335797
-6168,3000,38164.183228
-6036,3000,38176.666611
-2388,3000,38188.993598
-5984,3000,38201.87589
-7080,3000,38214.601627
-9112,3000,38227.50153
-5072,3000,38240.315502
-7980,3000,38253.285524
-12012,3000,38266.432021
-2208,3000,38279.563153
-1368,3000,38292.630915
-11820,3000,38305.934115
-5344,3000,38318.707129
-4952,3000,38331.772934
-6244,3000,38344.665718
-10320,3000,38357.887693
-7044,3000,38370.601698
-3284,3000,38383.474985
-3116,3000,38396.524945
-8268,3000,38409.623068
-4228,3000,38422.609149
-8152,3000,38435.540647
-13168,3000,38448.628435
-11040,3000,38461.720815
-5008,3000,38474.889868
-18404,3000,38488.364603
-12524,3000,38501.378346
-2064,3000,38514.802628
-9068,3000,38528.049009
-10176,3000,38540.412569
-8188,3000,38553.005131
-4160,3000,38565.567222
-8740,3000,38578.736043
-4944,3000,38591.983013
-6872,3000,38611.891788
-14000,3000,38625.423803
-8164,3000,38637.913112
-3960,3000,38650.614903
-5088,3000,38663.777595
-9960,3000,38676.449033
-1056,3000,38689.605357
-7040,3000,38702.275851
-4936,3000,38715.357091
-9200,3000,38728.444987
-15116,3000,38741.314174
-6276,3000,38753.927381
-6172,3000,38767.086222
-5260,3000,38780.091258
-7996,3000,38793.13367
-3076,3000,38805.73594
-8000,3000,38818.407418
-20168,3000,38831.511434
-2012,3000,38844.625865
-10252,3000,38857.673449
-14136,3000,38870.31387
-9020,3000,38883.195034
-6252,3000,38895.640281
-988,3000,38908.208352
-6088,3000,38920.973748
-11040,3000,38933.724058
-5924,3000,38946.611144
-7176,3000,38959.433648
-9936,3000,38971.606479
-9008,3000,38984.635474
-18332,3000,38997.321362
-7416,3000,39010.492744
-11340,3000,39022.964543
-2168,3000,39035.978046
-12140,3000,39049.273556
-4052,3000,39062.51293
-10252,3000,39075.04002
-10408,3000,39087.996631
-2036,3000,39100.809504
-2972,3000,39113.502761
-11044,3000,39126.207076
-5140,3000,39139.108996
-6908,3000,39152.401066
-1008,3000,39165.142912
-6440,3000,39177.820617
-7020,3000,39190.142135
-9172,3000,39202.426587
-4352,3000,39215.091519
-4072,3000,39227.467915
-4040,3000,39240.128996
-11776,3000,39253.229429
-2960,3000,39266.53343
-3988,3000,39279.617951
-17068,3000,39292.233565
-10084,3000,39305.435681
-3156,3000,39317.865917
-13112,3000,39331.230078
-7100,3000,39344.338807
-1936,3000,39357.177219
-14212,3000,39369.831063
-376,3000,39382.562435
-4020,3000,39395.504233
-2856,3000,39408.340384
-6852,3000,39421.479961
-11964,3000,39433.873086
-9012,3000,39447.109367
-8108,3000,39467.269764
-1236,3000,39480.017321
-7268,3000,39492.59592
-10204,3000,39505.828764
-9236,3000,39518.910011
-3088,3000,39531.870581
-12088,3000,39544.264638
-9944,3000,39557.528568
-14964,3000,39570.519239
-8176,3000,39583.87199
-14364,3000,39597.654583
-2872,3000,39610.824808
-13252,3000,39623.812379
-13024,3000,39636.724213
-7452,3000,39649.403913
-4200,3000,39662.396725
-2128,3000,39674.819011
-2300,3000,39688.287216
-9084,3000,39701.513463
-11008,3000,39714.291723
-18124,3000,39726.757285
-14036,3000,39740.060973
-6344,3000,39753.247852
-4132,3000,39765.890255
-1956,3000,39778.821267
-3132,3000,39791.572361
-7304,3000,39803.908206
-8252,3000,39816.902281
-3236,3000,39830.383057
-8208,3000,39842.926186
-6140,3000,39855.742419
-10812,3000,39869.039615
-13044,3000,39882.195967
-13212,3000,39895.133215
-13264,3000,39908.169164
-7268,3000,39920.540528
-9888,3000,39933.345443
-9188,3000,39945.944982
-6192,3000,39958.662147
-4056,3000,39971.831333
-8084,3000,39985.057204
-17020,3000,39998.33499
-3180,3000,40010.743669
-5828,3000,40023.937915
-11184,3000,40036.26203
-5176,3000,40048.94148
-6196,3000,40062.304704
-13308,3000,40075.095379
-14292,3000,40087.833514
-2208,3000,40100.918329
-10072,3000,40113.427446
-6280,3000,40126.148011
-2116,3000,40138.83058
-10964,3000,40152.091381
-9708,3000,40164.504997
-11356,3000,40178.034248
-8860,3000,40191.00441
-3240,3000,40204.373864
-9060,3000,40217.719634
-4340,3000,40230.692916
-8108,3000,40243.011725
-9516,3000,40255.967911
-6864,3000,40268.959126
-4996,3000,40281.906255
-8124,3000,40294.957588
-1996,3000,40308.722453
-9132,3000,40321.590242
-8076,3000,40341.799372
-5388,3000,40354.526006
-6952,3000,40367.570751
-9072,3000,40380.673309
-7192,3000,40393.254016
-9644,3000,40405.791252
-13172,3000,40418.391923
-76,3000,40431.24647
-7824,3000,40444.40734
-8360,3000,40457.403948
80,3000,40470.563902
-10256,3000,40483.782533
-14256,3000,40496.953603
-11052,3000,40509.586702
-15368,3000,40522.585133
-8088,3000,40535.596117
-9324,3000,40549.291515
-3944,3000,40561.848024
-1936,3000,40574.905185
-11116,3000,40587.732876
-7868,3000,40601.13605
-3352,3000,40614.022734
-10164,3000,40626.755218
-4932,3000,40639.595308
-3140,3000,40652.010836
-11988,3000,40665.241926
-3032,3000,40677.636975
-12820,3000,40691.056561
-4140,3000,40703.742827
72,3000,40716.915448
-6248,3000,40729.395785
-4884,3000,40742.840459
-16152,3000,40755.067652
-6980,3000,40768.170649
-7368,3000,40781.403233
-6168,3000,40794.122167
-3268,3000,40807.299602
-10128,3000,40820.537017
-11120,3000,40833.444706
-7872,3000,40846.424945
-5068,3000,40859.39492
-3876,3000,40872.474674
-7284,3000,40885.211887
2084,3000,40898.127064
36,3000,40910.46166
-11216,3000,40923.586241
-4916,3000,40935.884861
-12176,3000,40948.996426
-2940,3000,40961.863522
-5944,3000,40974.96105
-10188,3000,40987.916742
-4792,3000,41001.167552
-6348,3000,41013.805388
-20080,3000,41026.516123
-5144,3000,41039.27063
-1228,3000,41052.164284
-9224,3000,41064.836674
-8840,3000,41078.058731
-952,3000,41090.899457
-6968,3000,41103.973093
-5916,3000,41116.736889
-1944,3000,41129.806737
-21092,3000,41143.026121
-6780,3000,41156.352686
-1184,3000,41168.952239
-7256,3000,41181.548808
-5428,3000,41194.338589
-15988,3000,41214.584641
-2964,3000,41227.667659
-9396,3000,41240.650141
-12176,3000,41253.759333
-4852,3000,41266.818076
-9384,3000,41279.87859
-9916,3000,41292.109163
-6064,3000,41305.018824
-7072,3000,41318.478117
-5020,3000,41331.829947
-8356,3000,41344.381007
-10756,3000,41357.905451
-5764,3000,41371.394355
-6052,3000,41384.065464
-6200,3000,41396.769312
-1228,3000,41408.978633
-10128,3000,41422.057391
-8004,3000,41435.191365
-8040,3000,41447.729279
-12028,3000,41460.45575
-6352,3000,41472.865781
-3172,3000,41485.905588
-16944,3000,41498.925786
-4492,3000,41511.59008
-3920,3000,41524.847415
-5004,3000,41538.195617
-11336,3000,41550.443653
-8076,3000,41563.184158
-7144,3000,41576.347643
-11380,3000,41588.537298
-5168,3000,41600.707875
-8268,3000,41613.573593
-6424,3000,41626.67777
-2224,3000,41639.155356
-9244,3000,41651.933929
-6244,3000,41665.39307
-4420,3000,41677.941721
-19464,3000,41690.51725
-14252,3000,41703.546974
-4040,3000,41715.952014
-9212,3000,41729.060214
-5804,3000,41741.334312
-10072,3000,41754.38195
-10872,3000,41767.103734
-5240,3000,41780.223866
-13960,3000,41792.842619
-6168,3000,41805.10156
-56,3000,41818.554985
-12224,3000,41831.598067
-1152,3000,41844.663527
-9012,3000,41858.102838
-7088,3000,41871.337784
-12452,3000,41884.365931
-8896,3000,41897.389423
-3972,3000,41910.576025
-140,3000,41923.327275
-5968,3000,41936.614883
-2192,3000,41949.475044
-11108,3000,41962.060664
-7904,3000,41975.294777
3076,3000,41988.519472
-8032,3000,42001.471102
-5092,3000,42014.714118
-4912,3000,42027.761105
-11180,3000,42040.913933
-17280,3000,42053.897664
-11892,3000,42074.571053
3868,3000,42087.415352
-2968,3000,42100.448529
-1952,3000,42112.88534
-8884,3000,42126.08619
-14180,3000,42139.357525
-4252,3000,42152.258584
-10368,3000,42164.707928
-7668,3000,42177.638661
-4880,3000,42190.854878
-4508,3000,42203.472822
-15152,3000,42216.048427
-12360,3000,42229.137197
-10260,3000,42241.941964
-8024,3000,42254.540562
-2040,3000,42267.157174
-12188,3000,42279.621397
-6420,3000,42292.689393
-15448,3000,42305.542771
-7280,3000,42317.983965
-7176,3000,42331.353238
-14288,3000,42344.305705
-8812,3000,42357.241899
-6980,3000,42369.908959
-3200,3000,42382.523153
-4172,3000,42395.112218
-6976,3000,42407.814256
-5104,3000,42421.25069
-8044,3000,42433.902884
-912,3000,42446.487046
-3388,3000,42459.399302
-10088,3000,42472.337447
-11104,3000,42485.387367
1400,3000,42498.624841
-11020,3000,42511.754508
-9108,3000,42524.664496
-11192,3000,42537.824424
-8864,3000,42550.390934
-32,3000,42563.391652
-12168,3000,42575.904926
-7268,3000,42588.508447
-928,3000,42601.033324
2008,3000,42613.920917
-11992,3000,42626.788511
-7084,3000,42639.329133
-13100,3000,42652.188257
-3320,3000,42665.163225
-3060,3000,42677.910494
-13784,3000,42690.926027
-1956,3000,42703.47284
-2224,3000,42716.866131
-8316,3000,42729.980726
2924,3000,42742.978431
-10004,3000,42755.696306
-988,3000,42768.427954
-18088,3000,42780.76452
-8732,3000,42793.82639
-13128,3000,42806.623886
-8440,3000,42818.918412
-7164,3000,42831.514427
-19072,3000,42843.968592
-10176,3000,42856.521781
-11088,3000,42869.86081
-2448,3000,42882.680891
-14000,3000,42895.641003
-1292,3000,42908.792364
-10084,3000,42921.792676
-9828,3000,42941.659305
-18100,3000,42953.838037
-10192,3000,42966.74974
-2944,3000,42979.77075
-5928,3000,42992.641538
-7184,3000,43005.513128
-2040,3000,43018.34352
-4104,3000,43031.013232
-5784,3000,43044.328053
-11048,3000,43057.371265
-6276,3000,43069.817443
-8880,3000,43083.11203
-1948,3000,43095.712278
-4916,3000,43107.973346
-4340,3000,43121.580786
-3000,3000,43134.604678
-7196,3000,43147.240647
-15220,3000,43159.754885
-12860,3000,43172.772105
-4428,3000,43185.266081
-9196,3000,43197.758845
-16028,3000,43211.165844
-10888,3000,43223.740684
-9048,3000,43237.47112
-8008,3000,43250.13592
-8220,3000,43262.621021
-5008,3000,43276.321685
-7200,3000,43289.255621
-6836,3000,43301.698875
-10056,3000,43314.425343
-6276,3000,43327.483075
-14284,3000,43340.761946
-812,3000,43354.15169
-1004,3000,43366.84795
-3728,3000,43380.038676
-10344,3000,43392.614259
-8896,3000,43405.941346
-10308,3000,43418.239545
-13096,3000,43431.04313
-11256,3000,43443.811683
-16192,3000,43456.517225
-12088,3000,43469.68143
-2068,3000,43482.557343
-10260,3000,43495.35234
-6076,3000,43508.572618
-11136,3000,43521.308148
-6152,3000,43533.698374
-2948,3000,43546.155542
-11024,3000,43559.005118
-9004,3000,43571.19733
-11028,3000,43584.174984
-3788,3000,43597.203124
-6140,3000,43610.697645
-7976,3000,43624.465317
-13108,3000,43636.836659
-3924,3000,43649.787353
-6804,3000,43663.177363
-13076,3000,43675.584719
-6052,3000,43688.620373
-5120,3000,43701.122432
-12084,3000,43714.338141
-10596,3000,43727.490547
-5820,3000,43740.247046
-8912,3000,43753.277741
1164,3000,43766.173729
-5092,3000,43778.916469
-8928,3000,43791.677829
-21084,3000,43811.702001
-7996,3000,43824.835491
-16152,3000,43838.320741
-7968,3000,43851.142805
-9240,3000,43863.519482
-7464,3000,43876.134099
-6820,3000,43889.607892
-6076,3000,43902.297049
-11032,3000,43915.829307
-2288,3000,43928.406625
-6096,3000,43941.033171
-8936,3000,43954.483144
-10340,3000,43968.083916
-1000,3000,43980.548919
-7396,3000,43993.399258
-4180,3000,44006.453544
-3884,3000,44019.920615
-3928,3000,44033.107575
-2088,3000,44046.457685
-2932,3000,44059.952292
-6176,3000,44073.009198
-1224,3000,44085.634249
-10328,3000,44098.605978
-7760,3000,44111.879093
-8792,3000,44124.711141
-14284,3000,44137.725168
2116,3000,44151.20037
-3920,3000,44163.877492
-6376,3000,44176.922514
-9228,3000,44189.808704
-4952,3000,44203.290529
-2264,3000,44216.789911
-2024,3000,44229.583941
-5928,3000,44242.973147
-4120,3000,44255.649379
-8964,3000,44269.150588
-6436,3000,44282.148657
-6120,3000,44295.720288
-8112,3000,44308.682067
-11888,3000,44321.671407
-4180,3000,44334.074426
-7964,3000,44346.944004
-8108,3000,44359.6386
-11376,3000,44372.103714
-9040,3000,44385.371971
-8100,3000,44398.612906
-1892,3000,44412.004316
-6192,3000,44425.067165
-7100,3000,44438.246178
-6776,3000,44451.590381
-7288,3000,44465.052877
-8368,3000,44477.887287
-9052,3000,44490.841684
-6752,3000,44504.103855
-4060,3000,44517.41356
-11244,3000,44530.514403
-7292,3000,44543.801722
-1076,3000,44556.321847
-9992,3000,44568.909922
-3320,3000,44581.837537
-12188,3000,44594.384134
-10076,3000,44607.67014
-7352,3000,44619.993945
-10332,3000,44632.842457
-6904,3000,44646.3159
-3108,3000,44659.800222
-12704,3000,44679.972636
-10400,3000,44693.038731
-9900,3000,44705.783603
-9112,3000,44718.745513
-6012,3000,44731.620854
-10172,3000,44744.679464
2848,3000,44757.136814
-17108,3000,44769.733742
-2384,3000,44781.96216
-3080,3000,44795.113786
-15448,3000,44808.06203
-4940,3000,44821.391394
-12016,3000,44834.349371
-9128,3000,44847.014272
-6996,3000,44860.123354
-1988,3000,44872.758781
-3164,3000,44886.021974
-10152,3000,44898.926465
2056,3000,44911.455923
-6228,3000,44924.553177
-14004,3000,44938.489445
-11428,3000,44951.325564
-11120,3000,44964.453142
-10740,3000,44977.706952
-11180,3000,44990.102195
-172,3000,45003.145455
-12872,3000,45016.671607
-11024,3000,45029.678699
-11928,3000,45042.629679
-7112,3000,45055.53987
-11160,3000,45068.338488
-3996,3000,45081.277251
-5268,3000,45094.045425
-12296,3000,45107.005474
-4184,3000,45119.47184
-11096,3000,45132.104701
-992,3000,45144.54998
-6168,3000,45156.895451
-4876,3000,45169.948214
-10956,3000,45182.655132
-5292,3000,45195.417132
-7200,3000,45207.87455
-17028,3000,45220.868892
-5236,3000,45233.444429
-10012,3000,45246.847844
-4316,3000,45260.517827
-5044,3000,45273.463682
-2120,3000,45286.239836
-7008,3000,45299.425296
-2124,3000,45312.564368
-11476,3000,45325.174411
-6464,3000,45337.836261
-11324,3000,45350.691483
-4232,3000,45363.503589
-1820,3000,45376.758064
-6016,3000,45390.044812
-8332,3000,45402.914786
-3920,3000,45416.624668
-2840,3000,45429.513898
-15852,3000,45442.974052
-17236,3000,45455.725016
-12132,3000,45468.548289
-14092,3000,45481.433017
-12336,3000,45494.470753
-7360,3000,45507.040972
-3000,3000,45519.755829
-1432,3000,45532.435358
-2300,3000,45552.828718
-6148,3000,45565.739678
-3144,3000,45577.946859
-7920,3000,45590.956732
-8900,3000,45603.57685
-7052,3000,45616.043565
-16548,3000,45629.220092
3704,3000,45642.229974
-5216,3000,45655.659089
-12136,3000,45668.60639
-11944,3000,45681.839857
-2956,3000,45694.937603
-12068,3000,45708.260749
-6112,3000,45721.484909
-10120,3000,45734.520771
-7268,3000,45748.009853
-6084,3000,45761.218046
-10700,3000,45774.05653
-8972,3000,45787.108929
-14760,3000,45800.424236
-7108,3000,45812.845277
-9416,3000,45826.342321
-9044,3000,45838.948893
-9128,3000,45852.080625
-13024,3000,45864.953568
-12956,3000,45878.314222
-10188,3000,45891.088324
-7892,3000,45903.992184
-13956,3000,45917.106538
-7008,3000,45930.206615
-8032,3000,45943.129109
-12144,3000,45956.428842
-6144,3000,45969.172216
-12960,3000,45981.402971
-5140,3000,45994.490906
-8224,3000,46007.281846
76,3000,46020.455125
-12944,3000,46033.982182
-10280,3000,46046.134742
-12472,3000,46059.065059
-4644,3000,46071.849458
-10976,3000,46085.114214
-10356,3000,46097.939013
-5892,3000,46111.356532
4,3000,46124.297437
-6044,3000,46137.303792
-2244,3000,46150.128411
-428,3000,46162.40119
-10964,3000,46175.286881
-10080,3000,46187.757617
-7064,3000,46200.330593
-10908,3000,46212.85708
-17836,3000,46225.653015
-9132,3000,46238.580448
-9764,3000,46251.811816
-7120,3000,46265.504867
-6796,3000,46278.396351
-6196,3000,46291.302722
-3948,3000,46304.040019
-3844,3000,46316.125354
-7352,3000,46328.953281
-11096,3000,46342.11267
-11020,3000,46355.070516
-7160,3000,46367.553726
-8920,3000,46380.819485
-9672,3000,46393.813662
-13240,3000,46406.744044
2976,3000,46426.451088
-6336,3000,46439.401207
-8372,3000,46452.309614
-4172,3000,46465.191145
-13208,3000,46477.973343
-8212,3000,46491.316289
-1928,3000,46504.752307
-7428,3000,46518.405777
-10540,3000,46531.678882
-8120,3000,46544.276777
-10340,3000,46557.466478
1200,3000,46570.602616
-12236,3000,46583.03688
-10400,3000,46596.805844
-2868,3000,46609.372359
-12964,3000,46622.197992
-2296,3000,46635.060879
-14252,3000,46647.995296
-6188,3000,46661.430526
-5220,3000,46674.346977
-5072,3000,46687.08545
-7200,3000,46700.289695
-5120,3000,46713.232392
-11168,3000,46725.891297
-7508,3000,46738.669669
-7104,3000,46751.196641
-6316,3000,46764.604929
-8448,3000,46777.072434
-7884,3000,46790.553283
-4296,3000,46803.778856
1708,3000,46816.860022
-8852,3000,46830.04497
-3168,3000,46843.343025
-7148,3000,46856.573059
-668,3000,46869.783939
-7136,3000,46881.982106
-9412,3000,46894.667068
1064,3000,46908.034454
-2960,3000,46921.060528
-5036,3000,46933.42376
-3128,3000,46945.35183
-5056,3000,46958.30563
-13104,3000,46970.797325
-8936,3000,46983.642421
-11348,3000,46996.557687
-5144,3000,47009.41531
-5024,3000,47022.687991
-7800,3000,47036.350717
-840,3000,47049.482798
1076,3000,47061.976327
-10512,3000,47074.781757
3144,3000,47087.580149
-6092,3000,47101.012757
-10044,3000,47113.619692
-7128,3000,47125.962815
-10104,3000,47139.033946
-9096,3000,47152.038153
-13320,3000,47164.598721
-1912,3000,47177.324948
-5092,3000,47190.648325
-9260,3000,47203.612356
-10744,3000,47216.836665
-10044,3000,47229.961685
-4720,3000,47243.269205
-14096,3000,47255.937026
-3232,3000,47268.504955
-6008,3000,47288.922011
-9192,3000,47302.032652
-10000,3000,47314.495949
-11180,3000,47327.52894
-4012,3000,47340.380742
-6996,3000,47352.826439
-8364,3000,47365.992921
-6948,3000,47379.601704
-7332,3000,47392.026281
-13196,3000,47404.839061
-1960,3000,47417.774683
-2080,3000,47431.614214
-9180,3000,47445.114138
-15324,3000,47458.404026
-6236,3000,47471.455231
-7060,3000,47484.325861
-3772,3000,47497.4745
-9240,3000,47510.021751
-12164,3000,47523.578735
-8916,3000,47535.623383
-14136,3000,47548.546654
-8216,3000,47561.676935
-10868,3000,47573.904627
-7076,3000,47586.530782
-10364,3000,47599.587409
-5388,3000,47612.867359
-7272,3000,47625.714961
-7548,3000,47638.27145
-6944,3000,47651.170109
-3180,3000,47663.246782
-7304,3000,47676.089907
-14276,3000,47689.204346
1244,3000,47702.741842
-11084,3000,47715.769383
-13268,3000,47728.996622
-10192,3000,47742.156699
-8040,3000,47755.433999
-11948,3000,47768.614341
-11076,3000,47781.032905
-2844,3000,47794.009534
-9328,3000,47806.557762
-12000,3000,47819.004318
-4096,3000,47832.124864
-4124,3000,47845.164989
-5184,3000,47857.766657
-10816,3000,47871.032031
-4940,3000,47884.011794
-4988,3000,47897.454921
-12964,3000,47911.024429
-8416,3000,47924.394387
-17232,3000,47937.480935
-8136,3000,47950.37743
-7348,3000,47963.625252
-4012,3000,47976.573766
-17144,3000,47989.420475
-5984,3000,48002.750131
-14036,3000,48016.610203
-4068,3000,48030.072317
-4172,3000,48042.886631
-1148,3000,48055.758249
-6476,3000,48068.531446
-7996,3000,48081.702407
-8028,3000,48094.594662
-8980,3000,48107.718876
-10280,3000,48120.608025
-4104,3000,48133.264092
-6264,3000,48145.782779
-10112,3000,48165.780843
-6180,3000,48178.555266
-12284,3000,48191.286539
-10984,3000,48204.342778
-8180,3000,48216.944993
-9932,3000,48230.110408
-3304,3000,48243.512571
-5452,3000,48256.261837
80,3000,48268.956188
-7956,3000,48282.641758
-6132,3000,48295.410931
-10140,3000,48308.105398
-9992,3000,48321.006475
-4260,3000,48333.569227
-2944,3000,48346.584039
-1948,3000,48360.058523
-1256,3000,48372.386237
-9936,3000,48385.330842
-9032,3000,48398.226669
-12988,3000,48410.750542
-9148,3000,48423.609426
-7376,3000,48436.447135
-16040,3000,48449.082799
-11284,3000,48461.651164
-4524,3000,48474.194682
-12028,3000,48486.637912
-10960,3000,48499.067436
-10248,3000,48511.780133
-6248,3000,48524.901249
-12728,3000,48537.839052
-4164,3000,48550.971135
-10944,3000,48563.82786
-5664,3000,48576.844238
-7164,3000,48590.03715
-22264,3000,48602.427546
-6468,3000,48615.253492
-4184,3000,48628.609675
-10916,3000,48641.526744
-11856,3000,48654.459843
-8996,3000,48667.766192
-8856,3000,48680.671684
-4980,3000,48693.764097
-3980,3000,48706.711152
1980,3000,48719.833477
-13292,3000,48732.715213
-3000,3000,48745.635862
-4228,3000,48758.36749
-10660,3000,48771.714003
-11068,3000,48784.915969
2020,3000,48798.434778
-7172,3000,48811.290879
-8924,3000,48824.452381
-2196,3000,48837.032299
-14080,3000,48849.722935
-7000,3000,48862.086538
-1940,3000,48875.491405
1876,3000,48888.529505
-6020,3000,48901.07076
-6252,3000,48913.719819
-4196,3000,48926.86682
-3312,3000,48939.542219
-6904,3000,48952.638336
-9204,3000,48965.314512
-6100,3000,48977.838638
-7116,3000,48990.963045
-11348,3000,49003.632489
-8164,3000,49017.111942
-6380,3000,49036.266388
-7024,3000,49049.356529
-2916,3000,49062.497433
-5360,3000,49075.550198
-9408,3000,49088.807325
-1952,3000,49101.948012
-3756,3000,49114.843994
-4936,3000,49127.348581
-10292,3000,49139.898578
-9204,3000,49153.095768
-7936,3000,49165.984839
-5196,3000,49178.713148
-5000,3000,49191.502686
-9040,3000,49204.790465
-9352,3000,49217.087046
-12976,3000,49230.324717
-7952,3000,49242.954729
-2164,3000,49255.727342
-6120,3000,49268.280124
-3264,3000,49280.924746
-2840,3000,49294.238154
-3380,3000,49306.662457
-3968,3000,49320.01727
-7040,3000,49332.825202
-8916,3000,49346.083174
-15384,3000,49358.362248
-5224,3000,49370.801766
-5824,3000,49383.895479
-2904,3000,49396.897911
-7204,3000,49409.561272
-5312,3000,49422.34842
-3288,3000,49434.995139
-5216,3000,49447.597643
-10356,3000,49460.691236
-7080,3000,49472.688396
-4900,3000,49485.964056
-5944,3000,49498.494289
-12308,3000,49511.301307
-4212,3000,49523.863913
-6996,3000,49536.662465
-5020,3000,49549.48278
-7128,3000,49562.332444
-8232,3000,49575.566671
-3060,3000,49588.491832
-3212,3000,49601.118942
-4116,3000,49613.478448
-3392,3000,49627.148231
-11264,3000,49639.87235
-6028,3000,49653.04583
-9332,3000,49666.02422
-2104,3000,49679.618757
-9084,3000,49692.381449
-4260,3000,49705.142283
-4996,3000,49717.959834
-17456,3000,49730.436617
-11020,3000,49743.249508
-6152,3000,49756.110749
-6196,3000,49769.316935
-6736,3000,49782.11671
-12812,3000,49795.371575
-5216,3000,49808.48211
-10064,3000,49821.399139
-8164,3000,49834.648959
-3700,3000,49848.213923
-15088,3000,49860.851133
-3436,3000,49873.375486
2072,3000,49893.023618
-1976,3000,49906.36269
-8148,3000,49919.817915
-14112,3000,49932.276053
-12072,3000,49945.04076
-13956,3000,49957.962757
-3120,3000,49970.372375
-8824,3000,49983.417104
-8652,3000,49995.501579
-8136,3000,50007.821812
-12288,3000,50020.477846
-6144,3000,50033.093836
-9288,3000,50045.9663
-7980,3000,50058.845686
-6084,3000,50072.129579
-5132,3000,50084.862441
-6164,3000,50097.558929
3836,3000,50109.924032
-5880,3000,50122.847376
-12008,3000,50135.901343
-3348,3000,50148.438216
-3212,3000,50161.313432
-10172,3000,50174.125784
-12132,3000,50186.87666
-2764,3000,50200.238052
-9008,3000,50213.825225
-1956,3000,50227.062765
-7700,3000,50240.259943
-7076,3000,50253.55318
-2196,3000,50266.700463
-6160,3000,50279.39418
-2256,3000,50292.265518
-5132,3000,50305.386856
-7284,3000,50318.492442
-12300,3000,50331.041728
-9236,3000,50344.188765
-5232,3000,50357.200277
-11408,3000,50369.992935
-4,3000,50383.130281
-4668,3000,50396.42634
-6812,3000,50410.17014
-2488,3000,50422.958082
-5040,3000,50436.201394
-2976,3000,50449.008398
-14956,3000,50462.431985
-8116,3000,50475.422629
-14304,3000,50488.17615
208,3000,50501.087486
-1024,3000,50513.522002
-10200,3000,50526.254138
-8144,3000,50538.939773
-5736,3000,50552.741629
-7068,3000,50566.275418
-12276,3000,50579.741319
-9908,3000,50592.99584
-3764,3000,50606.414913
-5000,3000,50618.916355
-1000,3000,50632.126269
-8120,3000,50644.935078
-5660,3000,50657.908924
-10916,3000,50670.886009
-3016,3000,50683.861191
-6824,3000,50696.964986
-5504,3000,50709.943115
-11124,3000,50723.231369
-692,3000,50736.543025
-388,3000,50749.79073
-12256,3000,50770.314318
-240,3000,50782.822935
-5272,3000,50795.530439
-9240,3000,50808.533695
-12180,3000,50821.485394
-5020,3000,50834.527329
-5848,3000,50848.385486
-12256,3000,50860.529798
-6056,3000,50873.584306
-8016,3000,50886.451471
-3192,3000,50899.514736
-7148,3000,50912.667515
-4960,3000,50925.332397
-13760,3000,50938.367954
-11264,3000,50951.189379
-7044,3000,50964.427333
-3064,3000,50977.474317
-8524,3000,50990.344357
-1996,3000,51003.048096
-6268,3000,51015.964683
-3776,3000,51029.011768
-19416,3000,51041.879064
-12028,3000,51054.496484
-7084,3000,51067.534018
-1756,3000,51080.88745
-17196,3000,51093.74462
-6052,3000,51106.915558
-7412,3000,51119.135833
-8004,3000,51132.269117
-8952,3000,51145.017474
-11200,3000,51157.812906
-6216,3000,51171.026764
-1248,3000,51183.460584
-8260,3000,51196.22342
-940,3000,51208.464922
1008,3000,51221.552188
-7312,3000,51234.129956
-10000,3000,51247.256013
-6816,3000,51259.992846
2672,3000,51272.774817
-12152,3000,51285.474063
-4000,3000,51298.160965
-5248,3000,51310.694931
-2272,3000,51323.756196
-5036,3000,51336.320591
-1452,3000,51349.007507
-8160,3000,51361.965303
-11040,3000,51374.362521
-5176,3000,51387.534696
-2992,3000,51399.849356
-10028,3000,51413.497291
-10400,3000,51426.347047
-2144,3000,51439.200482
-13148,3000,51452.832493
-3376,3000,51465.928303
-8984,3000,51479.193889
-6004,3000,51492.382531
-4940,3000,51505.389473
-6272,3000,51518.848311
-14084,3000,51532.206451
296,3000,51545.300735
-8272,3000,51558.397588
-1084,3000,51571.567826
-3068,3000,51584.427746
-15344,3000,51597.630723
-9924,3000,51610.576667
-12168,3000,51623.49028
-7384,3000,51643.396469
-3920,3000,51657.055502
1116,3000,51669.694313
-7948,3000,51682.278447
-6380,3000,51695.013113
-656,3000,51707.89573
-14592,3000,51721.533126
-11916,3000,51733.359122
-7100,3000,51746.106507
-13272,3000,51758.881546
-1888,3000,51772.397165
-3884,3000,51785.335738
-10428,3000,51797.767378
-6120,3000,51811.026452
-14240,3000,51824.564494
-1032,3000,51837.843739
-14304,3000,51851.114607
-11420,3000,51864.106714
-5040,3000,51877.470208
-9668,3000,51891.054068
-2176,3000,51903.956471
-3016,3000,51916.974209
-4924,3000,51929.400012
-14268,3000,51942.427013
-9108,3000,51955.36218
-9092,3000,51969.085942
-4036,3000,51982.319109
-228,3000,51994.618771
-16308,3000,52006.82757
-6316,3000,52019.838643
-15776,3000,52033.049642
-7972,3000,52046.602384
-3824,3000,52059.616744
-7916,3000,52072.35551
-3952,3000,52085.221477
-4000,3000,52097.251094
-11752,3000,52110.174722
-16856,3000,52123.219883
-10864,3000,52136.324806
-12916,3000,52149.341753
-8116,3000,52161.767164
-6016,3000,52174.493517
-10212,3000,52187.251675
-6028,3000,52199.815352
-6020,3000,52212.489877
-6956,3000,52225.184556
-5716,3000,52237.803118
-5336,3000,52250.671107
-7244,3000,52263.251711
-7184,3000,52276.136915
-15104,3000,52288.862053
-7440,3000,52301.562739
-9380,3000,52314.350785
-956,3000,52326.880062
-13032,3000,52339.530203
-7456,3000,52352.942929
-8728,3000,52365.79409
-17940,3000,52379.169131
-2116,3000,52391.698594
-6032,3000,52404.262128
-11792,3000,52417.444315
-12184,3000,52430.827287
-1768,3000,52443.89055
-1240,3000,52456.739513
-13100,3000,52469.866574
-11936,3000,52483.297602
-12824,3000,52503.288456
-11264,3000,52516.253371
-12904,3000,52529.699939
672,3000,52542.5354
-4112,3000,52555.902069
-6840,3000,52568.691224
-12368,3000,52581.539127
-13108,3000,52594.619856
-6472,3000,52608.180357
-9876,3000,52621.353163
-12008,3000,52633.975624
-8156,3000,52647.711235
-12984,3000,52660.941374
-5688,3000,52674.309616
-6804,3000,52687.662905
-7000,3000,52700.324373
-10156,3000,52713.254924
-4668,3000,52727.065832
2008,3000,52739.888552
1756,3000,52752.249534
-3040,3000,52765.575053
-1120,3000,52778.778288
-2580,3000,52791.996026
-12032,3000,52804.763201
-14852,3000,52817.741257
-15288,3000,52830.627351
-13956,3000,52843.554619
-6776,3000,52856.479094
-4308,3000,52869.523142
-7624,3000,52883.199084
-8784,3000,52896.244682
-9156,3000,52908.497845
-9532,3000,52921.317046
-8020,3000,52934.189889
-1508,3000,52947.365485
-11832,3000,52959.714263
-8032,3000,52972.509039
-644,3000,52985.404195
-3044,3000,52997.963248
-9652,3000,53010.419896
-12980,3000,53023.243657
-11576,3000,53036.419303
-19708,3000,53049.690315
-6912,3000,53062.178286
-2836,3000,53075.514144
-1956,3000,53089.152985
-5904,3000,53102.324178
-9052,3000,53114.725473
-724,3000,53128.139251
-3844,3000,53141.137947
-5652,3000,53154.07451
-6940,3000,53166.887965
-7736,3000,53180.277845
-4688,3000,53193.760897
-1664,3000,53206.626434
-7540,3000,53219.874901
-764,3000,53232.248567
-12640,3000,53245.373547
-4864,3000,53258.642141
-9624,3000,53271.880246
-3512,3000,53285.470397
-5508,3000,53299.257612
-6544,3000,53312.205302
-17480,3000,53325.855583
-5728,3000,53339.127521
-308,3000,53353.115516
-10936,3000,53366.051193
-9256,3000,53386.787773
-9736,3000,53400.109512
-1304,3000,53412.998595
-4444,3000,53426.133944
3632,3000,53439.19815
-11788,3000,53452.594648
-13608,3000,53465.437514
-4680,3000,53478.505108
-6640,3000,53491.192754
-7532,3000,53504.747517
-5532,3000,53518.367794
-9744,3000,53531.05672
-5944,3000,53544.133818
-4500,3000,53557.246038
-3824,3000,53570.500386
-5660,3000,53583.829014
-8584,3000,53597.731682
-2956,3000,53610.927054
-3760,3000,53624.049655
-6092,3000,53636.725131
-17496,3000,53649.572315
-10536,3000,53663.614144
-2960,3000,53676.438933
-5908,3000,53688.915679
-3528,3000,53701.647867
-4228,3000,53714.853225
-9708,3000,53728.152835
-6720,3000,53741.547812
-1956,3000,53754.211067
-10468,3000,53767.752508
-4648,3000,53780.883749
-2592,3000,53793.878546
-7968,3000,53806.093852
-3636,3000,53819.463551
-2568,3000,53832.457084
-5444,3000,53845.603536
-6476,3000,53858.483523
1404,3000,53871.534362
-984,3000,53884.739298
264,3000,53896.855292
-7896,3000,53909.976837
-3868,3000,53922.720287
-11944,3000,53935.613025
-2368,3000,53948.649045
-10524,3000,53961.825911
-12672,3000,53974.55609
-9048,3000,53986.980161
-5896,3000,54000.262263
-5436,3000,54013.809125
-6764,3000,54027.736223
-11736,3000,54041.249969
-6756,3000,54054.75732
-2520,3000,54067.881699
-8996,3000,54080.559716
-5740,3000,54093.393466
-6860,3000,54106.357165
-2780,3000,54119.217997
-6680,3000,54132.85196
-9120,3000,54146.040697
-9072,3000,54158.765458
-7680,3000,54172.048278
-1564,3000,54185.172646
-6836,3000,54198.942278
-14400,3000,54212.056851
-1844,3000,54224.837549
-4736,3000,54238.087041
-5692,3000,54251.407301
-11728,3000,54272.028999
-13588,3000,54285.144096
-13816,3000,54298.830267
-640,3000,54312.449907
-5856,3000,54324.999023
-4828,3000,54338.040601
-2636,3000,54350.429267
-10700,3000,54364.020916
-576,3000,54377.131709
-12604,3000,54390.883265
-10948,3000,54403.63913
-2692,3000,54416.624994
-12004,3000,54430.481411
-11596,3000,54443.486638
-11944,3000,54456.56396
-5576,3000,54469.331546
-5484,3000,54481.775295
-16748,3000,54494.43954
-3768,3000,54507.515578
-8696,3000,54520.271036
-8452,3000,54533.79388
-2872,3000,54546.689885
-15732,3000,54560.101185
-10588,3000,54573.980669
-3680,3000,54587.115167
-7524,3000,54600.274048
-9716,3000,54613.471944
-13228,3000,54627.356894
-7648,3000,54640.730711
-7728,3000,54653.834001
-4444,3000,54666.970248
-5612,3000,54680.5076
-9768,3000,54693.113511
-9616,3000,54706.048697
-7952,3000,54719.041027
-11600,3000,54732.342633
-1728,3000,54744.931308
-17432,3000,54758.020323
-5856,3000,54771.454623
-1556,3000,54784.382885
-4596,3000,54797.570224
-4804,3000,54809.97033
-8668,3000,54822.974227
-2652,3000,54836.188352
-6768,3000,54849.209789
-13564,3000,54862.7577
-6444,3000,54875.613834
-12324,3000,54889.257114
-2352,3000,54902.594516
-7720,3000,54915.559139
-10608,3000,54928.30313
-9952,3000,54940.926732
-6416,3000,54954.400885
-7452,3000,54967.841058
-9836,3000,54980.137953
-5504,3000,54993.121538
-6816,3000,55005.634322
-8864,3000,55018.794441
-8532,3000,55031.403366
-11472,3000,55044.308371
-4904,3000,55056.761172
-7556,3000,55069.60842
-1532,3000,55082.233295
-844,3000,55094.97344
-5556,3000,55107.732552
-540,3000,55120.79895
-20836,3000,55140.929509
-8680,3000,55154.215193
-12776,3000,55167.170438
-2548,3000,55179.90993
-11724,3000,55192.585642
-5640,3000,55205.164773
-7648,3000,55217.723365
-3768,3000,55230.549421
-10592,3000,55243.357712
-5676,3000,55256.747518
-14004,3000,55269.435694
-3328,3000,55282.389463
-5796,3000,55294.990968
-6516,3000,55307.73988
504,3000,55320.928557
-5572,3000,55334.202471
-3600,3000,55347.574977
-4672,3000,55360.721355
-6340,3000,55373.984584
2524,3000,55387.317131
-16460,3000,55400.68272
-11924,3000,55414.338026
-7296,3000,55427.324125
-4628,3000,55440.874639
-5480,3000,55453.925817
-8844,3000,55467.36621
-9904,3000,55480.677737
-3708,3000,55493.96757
-10744,3000,55506.74995
-6372,3000,55520.458178
-6188,3000,55533.721412
-21860,3000,55546.871347
-13528,3000,55559.679523
-3468,3000,55572.929258
-4088,3000,55585.802912
-4896,3000,55598.985761
-5608,3000,55612.135495
-7372,3000,55625.426266
-6608,3000,55638.311898
-17668,3000,55650.933346
-10848,3000,55664.108709
-5712,3000,55677.142034
-6880,3000,55690.294171
-4948,3000,55703.181177
-8656,3000,55716.078522
-5480,3000,55729.239152
-8752,3000,55742.324713
-14872,3000,55755.401204
-2684,3000,55768.339419
-2480,3000,55781.845073
-7836,3000,55795.228055
-2608,3000,55808.327021
-8600,3000,55821.453937
-6476,3000,55834.921629
-2544,3000,55848.250508
-8504,3000,55861.737337
-14916,3000,55875.157398
-3692,3000,55888.483426
-3736,3000,55901.142401
-6644,3000,55913.82178
-10444,3000,55926.599144
-9028,3000,55939.148613
-5536,3000,55951.891502
-9560,3000,55964.807005
-10872,3000,55977.724942
-6344,3000,55991.250077
-7332,3000,56004.331974
-15760,3000,56024.537105
-8624,3000,56037.469694
-13808,3000,56050.558043
-6732,3000,56063.524045
532,3000,56076.825998
-376,3000,56089.592257
-10064,3000,56102.869987
-2072,3000,56115.712571
-13656,3000,56128.977174
-12652,3000,56142.275584
-7944,3000,56155.0851
-5940,3000,56167.79649
-7524,3000,56180.598543
-10616,3000,56193.466162
-4368,3000,56206.629543
-10696,3000,56220.059045
-6568,3000,56233.052726
212,3000,56246.009565
-3692,3000,56259.353716
-8444,3000,56271.997324
-7676,3000,56285.726394
-8544,3000,56298.651755
-3684,3000,56311.599348
-7472,3000,56324.49915
-5396,3000,56338.073907
-7500,3000,56350.813741
-6744,3000,56363.771527
-652,3000,56376.602104
-6616,3000,56390.02416
-7848,3000,56402.879917
-10524,3000,56416.209167
-7636,3000,56429.039387
-2500,3000,56442.222734
-7504,3000,56454.984196
-3800,3000,56468.151107
-8452,3000,56481.137632
-4324,3000,56493.964222
-8752,3000,56506.766922
2852,3000,56520.50206
-9492,3000,56533.691976
-15344,3000,56547.862444
-7980,3000,56560.56633
-14728,3000,56573.364662
-5388,3000,56586.504008
-8700,3000,56599.725763
-7820,3000,56612.405529
2700,3000,56625.500841
-2596,3000,56638.03781
-7768,3000,56651.050822
-2820,3000,56663.699518
-23984,3000,56676.148474
-13296,3000,56688.403282
-5232,3000,56700.879472
-6748,3000,56713.516756
-11612,3000,56726.137878
-6604,3000,56738.681371
-10772,3000,56752.283674
-13580,3000,56764.96876
-12932,3000,56778.64431
196,3000,56791.737063
-8704,3000,56804.737767
-7412,3000,56817.692969
4612,3000,56830.994405
-3740,3000,56844.486979
-3520,3000,56857.294545
-3636,3000,56870.733273
-7532,3000,56884.489313
-10512,3000,56904.448029
-10584,3000,56917.350967
-9720,3000,56930.684705
-10416,3000,56943.713691
-7680,3000,56956.357501
-12700,3000,56969.230489
-2444,3000,56982.044807
-3288,3000,56995.084659
-9884,3000,57007.774998
-2700,3000,57020.397678
-9632,3000,57033.407371
-14576,3000,57046.206764
-3480,3000,57059.481863
-9796,3000,57072.118214
-9564,3000,57084.840268
-5748,3000,57097.707812
-12916,3000,57110.363764
-6852,3000,57123.566175
-7584,3000,57136.777508
-5432,3000,57149.339135
-8680,3000,57162.494531
-6556,3000,57175.838226
-3884,3000,57188.976829
-3688,3000,57201.41747
-9740,3000,57214.553908
-10844,3000,57228.07986
-3380,3000,57241.080281
-3368,3000,57253.999447
-9720,3000,57266.642651
-10456,3000,57280.012728
-6584,3000,57293.754054
-12572,3000,57306.748965
-3820,3000,57319.439665
-12992,3000,57332.651512
-8724,3000,57346.40615
-8248,3000,57359.528096
-12432,3000,57372.417977
-13752,3000,57385.695047
-3832,3000,57398.856633
-788,3000,57411.967254
-10976,3000,57424.50781
-11696,3000,57438.37598
-8720,3000,57451.408419
-4964,3000,57464.247778
-16776,3000,57477.42531
-13508,3000,57491.276357
-2396,3000,57505.040208
-3828,3000,57517.468021
-5628,3000,57530.4763
-15792,3000,57543.66976
-8900,3000,57556.441356
-13848,3000,57569.839495
-8108,3000,57583.069125
-7704,3000,57596.916614
-11724,3000,57609.893373
-6412,3000,57623.382357
-5808,3000,57636.511618
-2960,3000,57648.812864
-3556,3000,57662.048871
-9396,3000,57675.125149
-8364,3000,57688.555197
-2588,3000,57700.846865
-10896,3000,57713.9199
-6948,3000,57726.416687
-9548,3000,57739.477612
-5588,3000,57752.16748
-4620,3000,57772.744049
-15696,3000,57786.306056
-10752,3000,57799.282165
-9424,3000,57812.186785
-5556,3000,57824.729103
-4704,3000,57837.251752
-12788,3000,57850.119838
-4004,3000,57863.121102
-8100,3000,57875.807377
-11628,3000,57888.297759
-9788,3000,57900.912707
-6528,3000,57913.505868
-9840,3000,57925.782248
-4288,3000,57939.323059
-10600,3000,57952.732184
-7556,3000,57966.000036
-15748,3000,57978.474396
-5024,3000,57991.652608
-5344,3000,58005.080774
-11684,3000,58018.473593
-13396,3000,58031.550328
-12668,3000,58044.115348
-9828,3000,58056.84573
-644,3000,58069.921084
-10604,3000,58082.987555
-12296,3000,58096.42209
-8744,3000,58109.540473
-13596,3000,58122.492625
-9940,3000,58135.267591
-2792,3000,58147.333496
-14356,3000,58160.375029
-11628,3000,58173.549657
-6752,3000,58187.034058
-4932,3000,58199.885964
-9636,3000,58213.193443
-5820,3000,58226.254123
-11592,3000,58239.426493
-17964,3000,58252.762716
-3544,3000,58265.741064
-3720,3000,58278.378401
-20608,3000,58291.358412
-5496,3000,58304.130272
-13808,3000,58317.074675
-8804,3000,58329.687099
-1828,3000,58342.905872
-5620,3000,58355.52965
-17600,3000,58368.977573
-15780,3000,58381.965334
-9704,3000,58395.16555
-10584,3000,58407.687068
-14824,3000,58420.256831
-1180,3000,58434.063903
-5660,3000,58447.141703
-2648,3000,58460.347719
-6700,3000,58473.881264
-4724,3000,58487.304386
-6656,3000,58500.386092
-13612,3000,58513.62664
-8560,3000,58526.952874
-4756,3000,58539.835709
-5676,3000,58552.659249
-3384,3000,58565.762318
-8788,3000,58578.565917
-3640,3000,58591.797542
-2716,3000,58604.7587
-6736,3000,58618.266277
-7572,3000,58632.207681
-10624,3000,58652.463562
-13372,3000,58665.597222
-9568,3000,58678.743428
-400,3000,58691.909438
-9900,3000,58704.942986
-7520,3000,58718.015212
-10476,3000,58731.31941
-14664,3000,58744.385003
-4956,3000,58757.172529
-20780,3000,58770.686979
-10448,3000,58783.698799
-4068,3000,58796.550864
-11824,3000,58809.318645
-9668,3000,58821.995226
-10804,3000,58834.529923
-6752,3000,58847.341774
-6464,3000,58860.6198
-10244,3000,58874.201469
-11936,3000,58886.56115
-4972,3000,58899.94643
-14704,3000,58912.754071
-7816,3000,58925.814989
-10364,3000,58939.126659
-8168,3000,58952.511613
5264,3000,58965.355021
-12828,3000,58978.909237
-10592,3000,58992.516825
-5756,3000,59004.912422
-7508,3000,59018.051498
-5604,3000,59031.207007
-8868,3000,59044.204735
-5812,3000,59057.389248
-9568,3000,59070.647695
-10900,3000,59083.848255
-5764,3000,59097.139307
-4556,3000,59110.57197
1192,3000,59123.451397
-9804,3000,59136.959527
-14772,3000,59150.445897
-2560,3000,59163.564154
-5776,3000,59176.185085
-10576,3000,59189.333393
-12700,3000,59202.661833
-5404,3000,59216.773618
-14872,3000,59229.988032
-13912,3000,59242.737258
-7852,3000,59255.60991
-6776,3000,59268.319588
-8552,3000,59280.926434
-17616,3000,59294.170417
-8844,3000,59307.368984
-11592,3000,59320.651388
-5432,3000,59333.098953
-472,3000,59346.637153
-8960,3000,59359.491322
-5632,3000,59372.643621
-2376,3000,59386.398327
-1516,3000,59399.479727
-9788,3000,59412.570404
-5756,3000,59425.534141
-5708,3000,59438.353249
-3512,3000,59451.639956
-3692,3000,59464.665686
2576,3000,59477.58363
-7552,3000,59490.768161
-5652,3000,59504.306238
-5684,3000,59517.371141
-4800,3000,59537.413184
-8608,3000,59550.460596
-2772,3000,59563.199333
-6312,3000,59576.299515
-2616,3000,59589.719116
-5804,3000,59603.036487
-9636,3000,59616.062424
-9520,3000,59629.310991
-3628,3000,59643.022494
-7460,3000,59655.951472
-7944,3000,59668.866771
-8632,3000,59682.038892
-10576,3000,59695.278141
-6412,3000,59708.186518
-5004,3000,59721.488869
-12760,3000,59734.871053
-2428,3000,59747.869377
-6584,3000,59761.357928
-9176,3000,59775.22146
-632,3000,59788.48154
-10640,3000,59801.513296
-13932,3000,59814.541428
-7716,3000,59827.161167
-17924,3000,59840.662699
-4088,3000,59853.32
-10652,3000,59866.646895
-17820,3000,59879.842108
-4904,3000,59892.835806
-7504,3000,59906.657941
-7696,3000,59919.956055
-5836,3000,59932.274553
-676,3000,59945.871424
-10692,3000,59958.998675
-5524,3000,59972.193069
-2752,3000,59985.360219
-15364,3000,59998.615185
-10876,3000,60011.245325
-12748,3000,60024.236199
-5856,3000,60036.747047
-1808,3000,60050.220138
-1476,3000,60063.485827
-12780,3000,60076.686106
-1784,3000,60089.291713
-7640,3000,60102.43561
-14024,3000,60115.573006
252,3000,60128.092025
212,3000,60140.472299
-2612,3000,60153.727734
-5648,3000,60166.419845
-8580,3000,60179.516278
-6636,3000,60192.263492
-8736,3000,60205.705643
-7820,3000,60218.750088
-5556,3000,60232.115934
-4364,3000,60245.421842
-6896,3000,60258.645475
-9548,3000,60271.813718
-12956,3000,60284.417499
-4636,3000,60297.282648
-7636,3000,60310.033401
-16532,3000,60323.244044
-7772,3000,60336.753815
-14692,3000,60349.745317
-6728,3000,60362.750086
-2752,3000,60375.664604
-12256,3000,60388.957176
-5736,3000,60409.668879
-9476,3000,60423.003719
-17540,3000,60435.846926
-11740,3000,60448.813551
-7744,3000,60461.75947
-11484,3000,60474.662307
-10808,3000,60487.303547
-6704,3000,60499.717042
392,3000,60513.149465
-4464,3000,60526.17506
-5840,3000,60538.963239
-7564,3000,60552.603681
-8696,3000,60565.773591
-5732,3000,60579.205726
-10732,3000,60592.543852
-6788,3000,60606.399306
-2896,3000,60619.560858
-8568,3000,60633.054214
-12604,3000,60646.293123
-7392,3000,60659.988273
-13076,3000,60672.968931
-4644,3000,60686.058591
-4556,3000,60699.165205
-4816,3000,60712.466295
-7580,3000,60725.956985
-7548,3000,60738.737924
-5576,3000,60752.025944
-3644,3000,60765.112916
548,3000,60778.281642
-4604,3000,60791.450049
-4676,3000,60804.343362
-11588,3000,60817.548364
-3532,3000,60830.520118
388,3000,60844.294381
-7620,3000,60856.775422
-8476,3000,60870.550411
-9956,3000,60883.325218
-2952,3000,60895.620413
-11808,3000,60908.369357
-4680,3000,60921.550939
-1520,3000,60934.405689
-14672,3000,60946.875678
-9952,3000,60960.259773
-7916,3000,60972.688621
-5380,3000,60985.824944
-5840,3000,60998.48085
-3616,3000,61011.46894
-10708,3000,61025.031368
-9008,3000,61038.398714
-3040,3000,61051.456228
-7784,3000,61064.279008
-1784,3000,61077.79433
-5040,3000,61090.879667
-1272,3000,61104.105927
-4652,3000,61117.690122
-4620,3000,61131.220313
-7676,3000,61144.762469
-13480,3000,61158.081101
-6624,3000,61171.174514
-7328,3000,61184.076152
-9636,3000,61196.93302
-6916,3000,61209.849425
624,3000,61222.810949
-6400,3000,61236.458738
-5604,3000,61249.403097
-4568,3000,61262.424144
-10496,3000,61275.335204
-608,3000,61295.160885
-9512,3000,61308.615987
-4264,3000,61322.068333
-9164,3000,61334.486965
-4356,3000,61347.790372
-7616,3000,61360.547481
-9696,3000,61373.928468
-3876,3000,61387.101078
320,3000,61399.479211
-10316,3000,61412.392159
-3704,3000,61425.309219
-3604,3000,61437.87775
-15632,3000,61450.91807
-1368,3000,61464.161508
-10740,3000,61476.769361
-10624,3000,61489.899279
-12456,3000,61503.585906
3776,3000,61516.480859
-6760,3000,61528.767707
-928,3000,61542.195594
-5996,3000,61554.964147
-6664,3000,61568.262403
-3492,3000,61581.30434
-4504,3000,61594.071499
-8700,3000,61606.660045
-13924,3000,61619.835881
-14540,3000,61633.471568
-12624,3000,61646.493248
-5628,3000,61659.621095
-8404,3000,61673.228415
-6900,3000,61685.63396
-1536,3000,61698.803105
-2532,3000,61712.103036
-3716,3000,61724.504815
-7660,3000,61736.777036
-2688,3000,61749.775974
-6932,3000,61763.10247
-9928,3000,61776.530818
-3284,3000,61790.499144
-18720,3000,61803.244506
-5864,3000,61815.677435
-7020,3000,61827.888357
-6964,3000,61840.88805
-10692,3000,61853.649642
-3144,3000,61866.066347
-2536,3000,61879.268552
-7968,3000,61892.253047
-6668,3000,61904.914232
-14616,3000,61918.258185
-16524,3000,61931.685544
-6460,3000,61945.276345
4316,3000,61957.567441
-8448,3000,61970.623125
-3504,3000,61983.911539
-10736,3000,61997.320029
-7676,3000,62010.38558
-4592,3000,62024.254331
-8528,3000,62037.425069
-5772,3000,62050.587185
-10424,3000,62063.584418
-5588,3000,62077.191481
-11784,3000,62090.290909
-9680,3000,62103.036762
-3964,3000,62115.480475
-11560,3000,62128.222031
-940,3000,62140.923603
-2900,3000,62153.656702
-6752,3000,62173.327153
-3572,3000,62186.752659
-12388,3000,62200.060019
-8404,3000,62213.394815
-5632,3000,62226.688334
-6620,3000,62240.231386
-13528,3000,62252.828953
-7696,3000,62265.443714
-11748,3000,62278.874602
-4496,3000,62292.472873
-8752,3000,62305.35552
-4760,3000,62317.852219
-3540,3000,62330.911968
-8532,3000,62343.475045
-6732,3000,62356.651317
-12992,3000,62369.35438
-16008,3000,62382.34055
-12056,3000,62395.69218
-724,3000,62408.873605
-10596,3000,62421.607471
-6720,3000,62434.367137
440,3000,62446.976762
-3544,3000,62460.121406
-6796,3000,62473.033889
-10500,3000,62485.794891
-5936,3000,62498.62598
-15996,3000,62510.93615
-8540,3000,62523.811776
-1552,3000,62536.496572
-14684,3000,62549.235141
-5328,3000,62562.933517
-6820,3000,62575.389318
-10772,3000,62588.191084
-5552,3000,62601.390538
-6052,3000,62614.217132
-4860,3000,62626.594414
-12908,3000,62639.334626
-6672,3000,62652.026583
-12496,3000,62664.887635
-1644,3000,62678.304587
-12008,3000,62690.724924
-4584,3000,62703.761781
-10884,3000,62716.243433
-7704,3000,62729.592957
-13788,3000,62742.653011
-10392,3000,62755.834193
1140,3000,62768.453818
-7880,3000,62781.521511
-2576,3000,62794.586416
-10228,3000,62807.609448
-15988,3000,62820.347264
-2664,3000,62832.863508
-6704,3000,62846.006268
-892,3000,62858.385123
-7800,3000,62872.17817
-4924,3000,62884.874484
-5480,3000,62898.217383
-6980,3000,62910.701145
-8868,3000,62924.377325
-12924,3000,62937.126508
-764,3000,62950.016762
-6908,3000,62962.75761
-6648,3000,62975.727979
-12656,3000,62988.600299
-10676,3000,63001.999723
-1604,3000,63015.160813
-11516,3000,63035.197567
-6800,3000,63048.291166
-8476,3000,63061.702975
-8444,3000,63074.838835
-8532,3000,63088.465059
-19772,3000,63102.041734
-4364,3000,63115.792305
-13732,3000,63129.201624
-9412,3000,63142.20849
-6456,3000,63156.072592
-7748,3000,63168.885576
-5028,3000,63181.09224
-7656,3000,63194.188914
-6964,3000,63206.884273
-6776,3000,63220.108347
-4888,3000,63232.948253
-3800,3000,63246.217967
-10192,3000,63259.622784
-10664,3000,63272.461391
-9176,3000,63285.360359
-5648,3000,63298.100768
-5468,3000,63311.38588
-5584,3000,63324.368063
-7928,3000,63337.054074
-9700,3000,63350.015561
-4580,3000,63363.318361
-6456,3000,63376.694736
-6816,3000,63390.013868
-11804,3000,63403.045949
-12824,3000,63415.646019
-4652,3000,63428.803691
4280,3000,63441.654576
-2348,3000,63455.02079
-9028,3000,63467.506347
-12572,3000,63480.601633
-5564,3000,63493.586037
-10428,3000,63506.755687
-5676,3000,63520.207014
-20416,3000,63533.907317
-7340,3000,63547.738163
-3440,3000,63560.846668
-9840,3000,63573.633826
-4660,3000,63586.615359
-14548,3000,63599.553634
-2800,3000,63612.705163
-4236,3000,63625.968866
-6752,3000,63639.119272
-8792,3000,63651.802832
-16604,3000,63665.219863
-9544,3000,63678.448884
-17380,3000,63691.690447
-3684,3000,63705.018864
-7000,3000,63717.790244
-14612,3000,63731.513683
-10908,3000,63744.462947
-8508,3000,63757.553952
-5612,3000,63770.662814
312,3000,63783.421353
-564,3000,63796.535685
-11632,3000,63810.268888
-7788,3000,63822.984961
-9548,3000,63836.059875
-10660,3000,63848.505327
-9832,3000,63861.793377
-8580,3000,63874.447435
-9644,3000,63887.017344
-5856,3000,63899.587408
-5716,3000,63919.662251
-11644,3000,63932.848305
-4412,3000,63945.961354
-13832,3000,63958.703341
-232,3000,63971.829784
-1672,3000,63984.461758
-9924,3000,63997.215369
-10796,3000,64010.353257
2616,3000,64023.683655
-15648,3000,64036.84624
-3580,3000,64049.588734
-7280,3000,64062.58357
-4544,3000,64076.092943
-776,3000,64089.68965
-7556,3000,64102.601309
-6652,3000,64115.147681
-12676,3000,64128.591864
-8812,3000,64141.468614
-13728,3000,64154.514547
152,3000,64167.923721
-16820,3000,64180.760679
-9632,3000,64194.69622
-5904,3000,64207.979089
-12940,3000,64220.794172
-7772,3000,64233.653108
-5048,3000,64245.785489
-5616,3000,64258.904938
-1580,3000,64271.606017
-2752,3000,64284.641585
-5660,3000,64298.052622
-4008,3000,64310.706259
-9720,3000,64323.632136
-4968,3000,64336.898799
-4428,3000,64349.880491
4296,3000,64362.556646
-7712,3000,64375.980187
-4700,3000,64388.797857
-2544,3000,64401.586412
-8532,3000,64414.875301
1348,3000,64428.152946
-8344,3000,64441.281231
-1648,3000,64454.299563
268,3000,64467.155873
-5692,3000,64479.928075
-6636,3000,64492.720158
-12448,3000,64506.052691
-3568,3000,64519.212559
-3636,3000,64532.396319
-8604,3000,64545.414488
-1612,3000,64557.47392
-6796,3000,64570.866777
-1004,3000,64583.326539
-12844,3000,64595.807201
-11436,3000,64609.256224
-12784,3000,64621.222385
-8776,3000,64634.677973
-11836,3000,64647.74011
-8828,3000,64660.311277
-8976,3000,64673.171657
-8620,3000,64685.950318
-7040,3000,64698.922996
-4568,3000,64711.530439
-1808,3000,64723.788228
-8564,3000,64736.676399
-6284,3000,64749.270879
-3648,3000,64762.72144
-2576,3000,64775.350757
-4740,3000,64795.026944
-13716,3000,64808.011013
-7700,3000,64820.53676
-2956,3000,64833.220809
-13664,3000,64845.833735
-10024,3000,64858.291325
-2752,3000,64871.350402
-5996,3000,64884.720383
-10156,3000,64897.605355
-5952,3000,64910.219695
-6560,3000,64922.818479
-9352,3000,64936.166661
404,3000,64949.02231
-8756,3000,64962.068594
-7356,3000,64975.042488
-4620,3000,64988.666149
-4516,3000,65001.387069
-6644,3000,65013.924334
1328,3000,65027.218115
-7584,3000,65040.452863
-7896,3000,65053.36102
-15764,3000,65066.331127
-14724,3000,65079.326572
-7928,3000,65091.503779
-10376,3000,65104.889576
-5652,3000,65118.678644
-4000,3000,65131.850291
-64,3000,65144.539945
-3892,3000,65157.701227
-8648,3000,65171.027556
-4948,3000,65184.003483
-1652,3000,65197.732322
-3888,3000,65210.091776
-5712,3000,65223.605232
-10456,3000,65236.924394
-2628,3000,65250.556485
-7448,3000,65263.797957
-7220,3000,65276.519811
1208,3000,65289.366394
-4476,3000,65302.462204
-7768,3000,65315.413939
-11632,3000,65328.564643
-2684,3000,65342.162531
-12776,3000,65355.531142
-7484,3000,65368.997419
-5512,3000,65382.163068
-2616,3000,65395.212039
-8636,3000,65407.914907
-5552,3000,65421.607928
-5604,3000,65434.663941
-6852,3000,65447.519804
-1504,3000,65460.700062
-9816,3000,65473.578801
-15956,3000,65487.088854
-8460,3000,65500.216341
-4812,3000,65513.053099
-6636,3000,65526.04284
-6664,3000,65539.072147
-17808,3000,65551.873707
1472,3000,65565.174229
-7684,3000,65578.159508
1388,3000,65591.268155
-3508,3000,65604.646639
-12908,3000,65617.854891
-11920,3000,65630.345086
-824,3000,65643.651816
1396,3000,65663.834466
-3512,3000,65677.387517
-12296,3000,65690.807907
-10592,3000,65703.467896
-5844,3000,65716.34312
-7808,3000,65729.12735
-8500,3000,65741.67066
-6768,3000,65754.285915
-1620,3000,65766.794637
-820,3000,65779.409871
-14772,3000,65792.467354
-528,3000,65805.75023
-2764,3000,65818.85112
-4804,3000,65831.52073
-8952,3000,65844.463933
-14396,3000,65857.132186
-11744,3000,65869.322417
-7736,3000,65882.431124
80,3000,65895.132613
-8724,3000,65907.753191
-1408,3000,65921.084542
-10704,3000,65933.651481
-9792,3000,65947.014187
-10876,3000,65960.174291
-8508,3000,65974.106353
-9992,3000,65987.138895
-13912,3000,66000.204352
-13756,3000,66012.839794
-11516,3000,66026.083322
-2700,3000,66038.987505
-13748,3000,66052.519494
-6732,3000,66065.70064
-4736,3000,66078.606576
-8392,3000,66091.618934
-5788,3000,66105.074675
-8608,3000,66118.044855
-11656,3000,66131.208125
-6792,3000,66144.2543
-13712,3000,66157.631359
-6652,3000,66170.399997
-13700,3000,66183.422474
-2600,3000,66196.330429
-4984,3000,66208.854862
-14504,3000,66222.105024
-18996,3000,66235.332755
-1820,3000,66248.624573
-4640,3000,66261.517427
-3340,3000,66274.69452
-5916,3000,66287.761727
-10560,3000,66300.919004
-7548,3000,66313.604072
-2452,3000,66327.049634
-6960,3000,66340.396143
-7564,3000,66353.964346
-9540,3000,66366.873913
-3784,3000,66380.331933
-9688,3000,66392.976522
-2984,3000,66405.97008
-924,3000,66419.076013
-10640,3000,66432.465017
-9812,3000,66445.114255
-16424,3000,66456.997308
-11132,3000,66469.199122
-7564,3000,66482.226895
-1636,3000,66494.835408
-2284,3000,66508.0117
-7244,3000,66520.863911
-4992,3000,66540.684831
-3852,3000,66553.288034
-14408,3000,66566.09271
-11760,3000,66578.695931
-6508,3000,66591.832241
-12624,3000,66605.52495
-13768,3000,66617.895957
-20504,3000,66630.886683
-11000,3000,66643.451687
-17696,3000,66655.979948
-7808,3000,66669.182988
-2864,3000,66682.41774
-12520,3000,66695.507154
-2776,3000,66708.367592
-10504,3000,66721.53579
-10972,3000,66733.874809
-3556,3000,66747.005647
-13404,3000,66760.15568
-15200,3000,66773.572105
3292,3000,66786.171904
428,3000,66799.102184
-1900,3000,66812.017965
-2420,3000,66825.669931
-11620,3000,66838.765265
-9984,3000,66851.433055
-9796,3000,66863.902544
-9692,3000,66877.228953
-10544,3000,66889.779549
-6556,3000,66902.946553
-4748,3000,66916.4872
-8892,3000,66929.554825
-16056,3000,66943.320018
-10800,3000,66956.707727
-6712,3000,66970.142572
1396,3000,66982.942814
-10708,3000,66996.545635
-9480,3000,67010.15289
-13852,3000,67023.194606
-6940,3000,67035.616941
-6676,3000,67048.853926
-5524,3000,67061.96107
-15928,3000,67076.092518
-5376,3000,67089.274833
-13252,3000,67103.075793
-13836,3000,67116.349148
-9608,3000,67129.54044
-9528,3000,67142.785845
-5580,3000,67156.139651
-2548,3000,67168.980044
-5260,3000,67182.52361
-12740,3000,67195.835428
-10448,3000,67209.885123
-1692,3000,67222.701964
-6776,3000,67235.834172
-7720,3000,67249.030559
404,3000,67261.904622
-7588,3000,67274.809146
-3508,3000,67288.311137
-6020,3000,67302.068213
-18800,3000,67315.868441
-5560,3000,67328.628416
-13628,3000,67342.321181
-6504,3000,67355.67554
-15652,3000,67368.908088
-11512,3000,67381.58486
-2844,3000,67394.721606
-6656,3000,67407.945652
-5460,3000,67428.377838
-5152,3000,67441.005467
-4496,3000,67453.706588
-9032,3000,67466.536923
-9672,3000,67479.445823
-13772,3000,67492.096741
-6668,3000,67504.498242
-14664,3000,67517.850116
-2688,3000,67530.221596
-4612,3000,67543.143666
-6800,3000,67556.016283
-5604,3000,67569.147611
-11748,3000,67582.193834
-3528,3000,67595.520655
-4356,3000,67608.82821
-9784,3000,67622.121505
-6876,3000,67635.464998
-11628,3000,67648.771218
-4852,3000,67661.297145
92,3000,67674.442142
-2600,3000,67687.186842
-7840,3000,67700.291053
-7656,3000,67713.21008
-13244,3000,67726.81563
-14900,3000,67740.022249
-9712,3000,67752.905604
-3680,3000,67766.067868
-6944,3000,67779.379765
-9844,3000,67791.818893
-4564,3000,67804.065893
-9748,3000,67817.191531
-8572,3000,67830.88504
-9976,3000,67843.840848
-3876,3000,67857.274892
-15664,3000,67869.97082
-8764,3000,67883.539927
-15404,3000,67897.153833
-9832,3000,67910.394831
-5752,3000,67923.904975
-1708,3000,67936.994955
-11632,3000,67950.224408
-12720,3000,67963.362444
-9596,3000,67976.733181
-5360,3000,67990.039305
-16660,3000,68003.13007
-14452,3000,68016.590663
-11728,3000,68029.336132
-2492,3000,68042.259778
-8820,3000,68055.094481
-5532,3000,68068.222879
-4764,3000,68081.657491
-11804,3000,68095.0907
-7592,3000,68107.654424
-10496,3000,68121.306778
-8860,3000,68133.940223
-6764,3000,68146.554875
-8776,3000,68159.513159
-7480,3000,68172.914706
-4520,3000,68186.438138
-4400,3000,68199.495923
120,3000,68212.750788
-5868,3000,68226.00529
-8604,3000,68239.43533
-10424,3000,68251.957035
-9720,3000,68265.013979
-11644,3000,68278.195263
540,3000,68299.152714
2460,3000,68312.280678
-8720,3000,68325.164129
-5912,3000,68337.958669
-6816,3000,68350.810489
-2544,3000,68364.038502
-6656,3000,68377.747464
-3700,3000,68390.969276
-6588,3000,68404.086979
-4596,3000,68417.080104
-11752,3000,68430.745462
-10700,3000,68443.929344
-13416,3000,68457.24869
-7592,3000,68470.50062
-2804,3000,68483.643898
-9512,3000,68496.670395
-5796,3000,68509.307966
-8500,3000,68522.320695
-11592,3000,68535.553428
-11364,3000,68549.047524
-6484,3000,68562.376243
-13008,3000,68574.94377
-7708,3000,68588.002797
-692,3000,68601.536993
-9748,3000,68614.260312
-12556,3000,68627.674366
-5572,3000,68640.320726
-8880,3000,68652.897258
-10516,3000,68665.869706
-13940,3000,68679.043327
-10712,3000,68691.796609
-4632,3000,68704.790485
-6676,3000,68718.493117
-1492,3000,68731.308767
-7824,3000,68744.040258
-1904,3000,68756.944882
-3888,3000,68769.59299
-4616,3000,68782.503217
-6656,3000,68795.494903
-9480,3000,68808.363163
-3780,3000,68821.081656
-9768,3000,68833.856315
-12556,3000,68846.970594
-2692,3000,68859.610149
-13880,3000,68872.70902
-7772,3000,68885.495796
-7720,3000,68898.527166
-7848,3000,68911.578549
284,3000,68924.229515
-880,3000,68936.981339
-10300,3000,68950.061738
-3680,3000,68962.582337
-11700,3000,68976.169625
-4716,3000,68989.371833
-5412,3000,69002.294836
-9752,3000,69015.778228
-5732,3000,69028.827623
-7768,3000,69042.312478
-8672,3000,69054.959133
-15644,3000,69068.314879
-3600,3000,69081.727599
-6584,3000,69094.325252
-648,3000,69107.165253
-7360,3000,69120.671301
-12648,3000,69133.535298
-12324,3000,69147.024862
-7816,3000,69160.261431
-4784,3000,69180.355726
-17484,3000,69194.503772
-3456,3000,69208.005883
-8148,3000,69220.891106
-12744,3000,69234.263526
-16604,3000,69247.867958
-7460,3000,69260.830577
-3664,3000,69273.699393
-332,3000,69287.168237
-11940,3000,69300.24051
-596,3000,69313.145083
-9944,3000,69326.070031
-9372,3000,69339.29826
-8692,3000,69352.521721
-14632,3000,69365.340431
-14916,3000,69378.100096
-2688,3000,69391.202055
-13744,3000,69404.378277
-2860,3000,69417.529526
-4400,3000,69430.679207
-5740,3000,69443.172876
-9888,3000,69456.232988
-8344,3000,69469.494455
-14704,3000,69482.686041
-5760,3000,69496.097927
-4672,3000,69509.362662
-13920,3000,69522.399771
-11540,3000,69535.607499
-9556,3000,69549.293228
-12072,3000,69561.933035
-9008,3000,69574.913654
-3020,3000,69587.606516
-6828,3000,69600.998723
-10540,3000,69614.646936
-9928,3000,69627.488524
1324,3000,69641.224824
-10648,3000,69654.06088
-1512,3000,69666.775294
-7936,3000,69679.592021
-9444,3000,69693.089277
-10628,3000,69705.654027
-632,3000,69719.181484
-9664,3000,69732.32187
-8460,3000,69745.438894
244,3000,69758.826679
-6496,3000,69771.859522
-5180,3000,69784.967563
-8896,3000,69798.215143
-8576,3000,69811.664705
-11712,3000,69824.420279
-6752,3000,69837.042903
-6624,3000,69849.380618
-10256,3000,69862.67251
-5608,3000,69876.498335
-5580,3000,69889.65753
-9720,3000,69902.268383
-10744,3000,69915.794585
-8804,3000,69928.591041
-6512,3000,69942.217891
-11584,3000,69955.686939
348,3000,69968.692497
-4264,3000,69981.841777
-9656,3000,69995.088917
2756,3000,70008.186534
-10500,3000,70021.196831
-8908,3000,70033.576389
-12936,3000,70046.229368
2624,3000,70067.324545
-2576,3000,70080.942692
-7460,3000,70094.300471
-4664,3000,70106.665426
-8736,3000,70119.636261
-9672,3000,70132.721632
-3584,3000,70145.9824
-9620,3000,70158.998613
-13680,3000,70171.680484
-10836,3000,70185.12684
-7552,3000,70197.943292
-7776,3000,70210.779139
-12976,3000,70224.387783
-10580,3000,70237.700585
-13608,3000,70250.771963
-7652,3000,70263.840556
-10356,3000,70277.131088
-1616,3000,70290.450869
-7556,3000,70302.853747
-8528,3000,70316.015491
-12840,3000,70328.759714
-9480,3000,70342.294988
-3564,3000,70355.110871
-6648,3000,70368.416886
-13400,3000,70381.74639
-12648,3000,70394.840611
-5744,3000,70407.734921
-15660,3000,70420.957201
-9800,3000,70433.777895
-10772,3000,70446.617851
-2436,3000,70460.022593
-13844,3000,70473.195348
-7804,3000,70485.849576
-12464,3000,70499.782299
-5932,3000,70512.597858
-1408,3000,70525.668095
-11232,3000,70538.671381
-8452,3000,70552.20669
-6220,3000,70564.575856
-16784,3000,70577.7285
-7644,3000,70591.058471
-10664,3000,70604.543295
-5316,3000,70618.641598
-11528,3000,70631.79373
-3756,3000,70644.965092
-2564,3000,70658.014503
-6600,3000,70671.402308
-792,3000,70684.847089
-3656,3000,70698.040594
-5620,3000,70711.068345
-16676,3000,70724.544459
-7788,3000,70738.692222
-8448,3000,70751.873115
-1764,3000,70764.859069
-752,3000,70778.112352
-4816,3000,70791.172514
-9684,3000,70804.974689
-2132,3000,70817.929073
-6400,3000,70831.331792
-16544,3000,70844.68904
-11820,3000,70857.644499
-9904,3000,70870.679314
692,3000,70883.623159
-1648,3000,70896.624547
-11572,3000,70909.885821
-14644,3000,70922.784247
-6464,3000,70943.116622
-6760,3000,70956.479195
-4804,3000,70969.599576
-4484,3000,70982.6357
-9492,3000,70996.004438
-10096,3000,71009.034138
-12752,3000,71021.864845
-5916,3000,71035.13077
-6360,3000,71048.882305
-8716,3000,71062.255917
-7664,3000,71075.75262
-9832,3000,71088.33259
-8800,3000,71101.673806
-3516,3000,71115.016923
-1472,3000,71128.352839
-12632,3000,71141.171978
-2724,3000,71154.064114
-3460,3000,71167.398844
-6116,3000,71181.227971
-6812,3000,71194.669806
-8752,3000,71207.441605
-7352,3000,71220.370064
-7832,3000,71233.579145
-13472,3000,71246.977808
-15828,3000,71260.311353
-4400,3000,71273.61893
-13628,3000,71287.485435
-3676,3000,71300.478475
-7756,3000,71313.358941
-10648,3000,71326.422913
-5536,3000,71339.657207
-3880,3000,71352.80685
-10676,3000,71365.828408
-14796,3000,71379.17208
-7584,3000,71392.37084
-9856,3000,71405.477599
-7672,3000,71418.595678
-4488,3000,71432.174862
-12728,3000,71445.834641
-6528,3000,71459.708075
-13392,3000,71473.588439
-8904,3000,71487.064672
-7440,3000,71500.706309
-9436,3000,71513.970527
3452,3000,71527.418684
-14424,3000,71540.741004
-14992,3000,71553.673862
-6656,3000,71566.642686
-6492,3000,71579.491407
-8388,3000,71593.222677
-2164,3000,71606.874708
-9488,3000,71620.885079
-11728,3000,71634.957036
-10860,3000,71649.122668
2152,3000,71662.642137
-4492,3000,71676.454954
-5432,3000,71690.789441
-15692,3000,71704.405947
-4352,3000,71718.771826
-11368,3000,71731.509363
-1648,3000,71744.681443
-14708,3000,71758.038181
-6720,3000,71771.602463
-8604,3000,71784.736698
3440,3000,71797.575989
-4848,3000,71810.526885
-12900,3000,71823.128388
-7848,3000,71843.444716
-10612,3000,71856.563237
-19656,3000,71869.650124
-2000,3000,71882.667953
-8748,3000,71896.605829
-680,3000,71909.737228
-7656,3000,71923.009499
-4804,3000,71935.653134
-4708,3000,71948.186211
-10452,3000,71961.487532
-2716,3000,71974.346351
-7648,3000,71988.287078
-5552,3000,72001.059061
452,3000,72014.541596
-2636,3000,72027.45146
-8040,3000,72040.232627
-8820,3000,72054.025395
-9604,3000,72067.453726
-6780,3000,72080.221174
-9284,3000,72094.604282
-3772,3000,72106.904679
3412,3000,72120.679789
-7848,3000,72133.726087
-9048,3000,72146.613335
-16968,3000,72160.325958
-5524,3000,72173.669043
-13904,3000,72187.242869
-12668,3000,72200.830355
-13772,3000,72214.289443
-2732,3000,72227.737433
-6496,3000,72241.177769
-12460,3000,72254.46964
-2560,3000,72268.184923
-6652,3000,72281.672303
-4900,3000,72294.905763
-8828,3000,72308.162298
-5956,3000,72320.948606
-3912,3000,72333.506866
-4988,3000,72346.330964
-556,3000,72359.696337
-6728,3000,72372.863773
-5648,3000,72385.513835
-7784,3000,72398.613133
-768,3000,72412.647752
-8972,3000,72425.421307
-6652,3000,72437.976041
-2356,3000,72452.00697
-8584,3000,72465.213279
-10624,3000,72478.812606
344,3000,72491.776504
-5756,3000,72505.134822
-7800,3000,72518.088888
-748,3000,72531.360298
-15604,3000,72543.59739
-7756,3000,72556.838621
-5652,3000,72568.890364
-5760,3000,72581.819415
-12848,3000,72594.316256
-856,3000,72607.187059
-8320,3000,72620.349893
-2680,3000,72633.567202
-5872,3000,72647.056357
-6740,3000,72661.011053
-4820,3000,72675.128208
-9584,3000,72688.236171
-3836,3000,72702.049406
-8740,3000,72715.852419
-5544,3000,72737.76045
-6708,3000,72751.5225
-4820,3000,72765.187479
-9720,3000,72778.777901
-10768,3000,72792.359158
-5816,3000,72805.670408
-7900,3000,72818.901181
-6580,3000,72832.345283
-3832,3000,72845.358174
-7744,3000,72859.168813
-9808,3000,72872.366484
-8748,3000,72886.2233
-6728,3000,72900.166837
-17640,3000,72914.278173
-14652,3000,72928.186656
-6504,3000,72941.93977
-4604,3000,72955.609813
-6300,3000,72968.333523
-3760,3000,72981.391129
-11868,3000,72994.749124
-5764,3000,73007.656196
-7680,3000,73021.533398
-644,3000,73034.880992
-7780,3000,73048.433312
-12448,3000,73062.380494
-6452,3000,73075.581153
-14596,3000,73088.952104
-428,3000,73102.722207
400,3000,73116.766008
-5640,3000,73130.136468
-8212,3000,73143.165776
-180,3000,73157.160153
-10052,3000,73170.388412
-13852,3000,73184.873668
-20748,3000,73197.622776
1380,3000,73210.880126
-7736,3000,73224.736684
-8568,3000,73238.12023
-3656,3000,73251.747951
-12656,3000,73264.580103
-4492,3000,73278.232703
-6820,3000,73291.211398
-12508,3000,73304.83203
-13624,3000,73318.120577
-12240,3000,73332.098489
-10628,3000,73345.447574
-7832,3000,73359.243159
-6808,3000,73373.679059
-9880,3000,73388.297315
2700,3000,73403.354394
-17488,3000,73417.896899
-7892,3000,73431.149722
-10492,3000,73444.043178
-14716,3000,73457.394429
-2528,3000,73470.825526
-2416,3000,73485.071186
-1380,3000,73499.920827
-1508,3000,73513.88491
-14608,3000,73527.22147
-10844,3000,73540.652362
-6828,3000,73553.463577
-6304,3000,73568.151838
-20588,3000,73582.870525
-11496,3000,73596.974869
-8136,3000,73612.181609
-5608,3000,73626.935188
-4780,3000,73647.251262
-18728,3000,73660.704286
-2616,3000,73673.54045
-10560,3000,73687.029423
-3416,3000,73700.237474
-3616,3000,73714.272034
-5896,3000,73728.216259
-6700,3000,73741.581111
-2628,3000,73755.492563
-6560,3000,73768.699018
-9828,3000,73782.523046
-9528,3000,73797.121473
-9660,3000,73810.411084
-7476,3000,73823.750385
-8872,3000,73836.964723
-7836,3000,73849.470864
-9452,3000,73863.237888
276,3000,73876.95357
-12656,3000,73889.749871
-4776,3000,73902.239894
-2664,3000,73915.635826
-8720,3000,73929.526748
-7004,3000,73943.250841
-10236,3000,73957.055078
-8420,3000,73972.091865
-8792,3000,73985.607589
-13684,3000,73998.662476
-8832,3000,74011.898212
-11524,3000,74025.994129
-2588,3000,74039.924477
-7744,3000,74054.449906
-4484,3000,74068.84048
-2952,3000,74082.467317
-3976,3000,74094.631559
-4760,3000,74107.632314
-7916,3000,74121.738457
704,3000,74136.320752
-5308,3000,74149.617949
-5844,3000,74162.886815
-5596,3000,74176.564783
-8536,3000,74190.408263
-10480,3000,74205.246606
-12608,3000,74219.643138
-10840,3000,74233.317249
-852,3000,74246.903065
-11628,3000,74261.070231
-3704,3000,74274.721716
-7416,3000,74288.170786
2784,3000,74301.493942
-6536,3000,74314.538867
-11768,3000,74327.372817
-9768,3000,74340.944972
-10796,3000,74353.827569
-12696,3000,74367.584758
-3700,3000,74380.918375
-8504,3000,74394.810708
-2392,3000,74409.188622
-3632,3000,74422.254934
-4960,3000,74436.215123
-12148,3000,74449.245569
-10444,3000,74462.923692
-3716,3000,74476.391226
-11036,3000,74489.754792
-13812,3000,74502.822125
-10484,3000,74516.13808
-11628,3000,74529.644604
-6920,3000,74543.03081
-15616,3000,74564.024048
-6884,3000,74578.112289
-7748,3000,74592.383496
-21832,3000,74605.914753
-12796,3000,74619.39786
-996,3000,74632.405968
-5764,3000,74645.711549
-8604,3000,74660.259888
-6740,3000,74673.16289
-5776,3000,74687.546326
-14524,3000,74701.975537
-10512,3000,74716.924099
-2568,3000,74731.002769
-4632,3000,74745.267475
-11496,3000,74759.757252
2556,3000,74773.647763
-15808,3000,74786.592105
-11532,3000,74799.99411
-7776,3000,74812.652177
-5796,3000,74825.309558
-2916,3000,74837.965613
-11164,3000,74851.369186
-9716,3000,74865.209401
-9808,3000,74878.396398
-9920,3000,74891.033291
-5548,3000,74904.313434
-11768,3000,74917.908615
-11824,3000,74931.749287
-8360,3000,74945.065619
-5672,3000,74958.487379
-12332,3000,74971.903958
-10648,3000,74985.476672
-9496,3000,74999.552413
-11800,3000,75013.424305
-9744,3000,75026.657545
-5176,3000,75041.095589
-2572,3000,75054.459354
-12924,3000,75067.298711
-1140,3000,75080.269902
-5944,3000,75093.303444
-4464,3000,75106.689519
-12736,3000,75119.985773
-10548,3000,75133.4759
-17484,3000,75147.337001
-3232,3000,75161.249782
-6524,3000,75174.122748
-7768,3000,75187.491213
-9744,3000,75200.660868
-8716,3000,75213.897855
-3812,3000,75226.684975
-11860,3000,75240.495122
-11736,3000,75254.263403
-5556,3000,75267.727018
-4388,3000,75280.9679
2256,3000,75293.725539
-9716,3000,75306.686409
-1756,3000,75320.088404
-4896,3000,75333.364853
1500,3000,75346.806226
-8620,3000,75359.841772
-6768,3000,75372.431431
-10720,3000,75385.345138
-11860,3000,75399.018143
-8160,3000,75412.708417
-4404,3000,75425.840591
-9652,3000,75438.661704
-7704,3000,75451.613318
-4812,3000,75472.116805
-5792,3000,75485.779137
-5784,3000,75499.496804
-12972,3000,75512.792566
-11836,3000,75525.749995
-11456,3000,75538.827603
-12656,3000,75551.476426
-9572,3000,75564.785395
-4920,3000,75577.338511
-8712,3000,75590.724166
-772,3000,75603.870482
-14804,3000,75616.882453
-2532,3000,75630.526606
2108,3000,75643.952126
-14728,3000,75656.687238
-1368,3000,75671.079748
-6736,3000,75684.188351
-5844,3000,75696.901409
-2628,3000,75710.220598
-3716,3000,75724.350234
-4912,3000,75737.347297
-9524,3000,75750.239304
-6688,3000,75763.486729
-1324,3000,75777.05515
-17852,3000,75790.215586
-5776,3000,75804.060863
-6884,3000,75817.260502
-8308,3000,75830.897862
-9604,3000,75844.487629
-7708,3000,75858.768051
-8728,3000,75873.657269
-11704,3000,75888.407269
-6544,3000,75902.436541
-8508,3000,75917.075689
1256,3000,75930.548634
-1488,3000,75945.048173
-8388,3000,75959.56916
-10528,3000,75974.111727
-6632,3000,75988.063046
-11348,3000,76000.99278
-5864,3000,76013.858233
-7644,3000,76027.454572
-11456,3000,76041.690307
-5708,3000,76054.530794
-5660,3000,76067.730151
-3844,3000,76080.561084
4724,3000,76094.517486
-11732,3000,76108.091016
-12584,3000,76122.61075
1064,3000,76136.076295
-5784,3000,76150.034429
-7476,3000,76163.996513
-6904,3000,76177.233373
-2900,3000,76191.592387
-472,3000,76206.264747
-11716,3000,76221.046398
-10480,3000,76234.619865
-14580,3000,76248.743167
-5860,3000,76263.04906
-3588,3000,76276.948248
-7708,3000,76291.609327
-6948,3000,76305.376918
-8700,3000,76318.391006
-10500,3000,76332.206259
-2436,3000,76345.754266
-6468,3000,76358.803799
-9684,3000,76380.175347
-11492,3000,76394.004848
-11760,3000,76406.911255
-6412,3000,76420.474688
-5564,3000,76434.182954
-4476,3000,76448.537766
-9684,3000,76462.15668
-4688,3000,76475.549685
-11556,3000,76489.180227
-10812,3000,76502.483025
-3564,3000,76515.92289
-452,3000,76529.746088
-6792,3000,76543.156445
-13432,3000,76556.430453
-11948,3000,76569.490874
-1412,3000,76582.922774
-8724,3000,76596.839497
-2492,3000,76610.537333
-3800,3000,76623.334706
-10280,3000,76638.242181
-5516,3000,76651.203343
-6900,3000,76664.689477
-10836,3000,76678.539549
-6644,3000,76692.66596
-12088,3000,76705.621727
-6564,3000,76719.263247
-8520,3000,76732.869813
-10812,3000,76746.165514
-8584,3000,76759.653615
-9800,3000,76772.998907
-2528,3000,76787.319624
-9712,3000,76801.18366
-4348,3000,76815.991976
-3144,3000,76830.76264
-17688,3000,76845.121164
-9624,3000,76859.451342
-14548,3000,76872.989209
-2596,3000,76887.77032
-4644,3000,76901.294573
-312,3000,76915.147735
-8832,3000,76929.883868
-12008,3000,76943.501289
564,3000,76956.578349
-7772,3000,76970.619429
-896,3000,76983.99931
-8464,3000,76998.04669
-4488,3000,77012.517506
-9488,3000,77026.07679
-7464,3000,77039.55588
-8700,3000,77053.025599
-6312,3000,77067.594785
-8656,3000,77081.201621
-8228,3000,77094.784112
-4532,3000,77108.239194
-10696,3000,77121.481072
-3660,3000,77136.373402
-6420,3000,77149.938674
-9692,3000,77164.046137
-7540,3000,77177.140633
-592,3000,77190.773139
-5216,3000,77204.740426
-15608,3000,77218.466819
-5628,3000,77232.069476
-12660,3000,77246.16129
-1572,3000,77259.739832
332,3000,77273.110845
-10044,3000,77286.434079
-1224,3000,77307.980308
-1596,3000,77322.086425
-8460,3000,77335.326671
-6548,3000,77348.743486
-5648,3000,77361.8774
-6504,3000,77375.703355
-5500,3000,77389.911196
-7744,3000,77403.344652
-1596,3000,77417.497799
-8796,3000,77431.005468
-10736,3000,77444.421389
-3744,3000,77458.264591
-7512,3000,77470.741347
536,3000,77483.477912
-6456,3000,77497.458209
-1712,3000,77510.614841
-4624,3000,77523.796884
-8936,3000,77536.870539
-9800,3000,77550.78181
-3408,3000,77565.009061
-14024,3000,77577.993681
-9408,3000,77592.297748
-7756,3000,77606.102723
-7628,3000,77619.779324
-3772,3000,77633.297877
-1892,3000,77645.811183
-5708,3000,77660.272568
-5544,3000,77674.749393
-3816,3000,77688.739138
-6676,3000,77702.186454
-11360,3000,77716.264726
-1032,3000,77729.04056
-8724,3000,77742.878063
-3944,3000,77756.928222
-2576,3000,77771.022513
-9744,3000,77785.161569
-10780,3000,77799.14234
-3436,3000,77813.287729
-12936,3000,77826.41232
480,3000,77839.670811
-8512,3000,77853.366187
-3720,3000,77866.604957
-5628,3000,77880.432713
-13652,3000,77894.101211
-5680,3000,77908.355167
-6828,3000,77922.221856
-11540,3000,77935.428904
-512,3000,77948.413649
-3656,3000,77961.154805
-11696,3000,77973.80369
-6832,3000,77986.721706
-10632,3000,78000.985171
-6688,3000,78014.900202
-3540,3000,78028.473103
-16608,3000,78041.790391
-4528,3000,78054.970229
-1860,3000,78068.444304
-2852,3000,78082.144685
-1580,3000,78096.183852
-8364,3000,78109.707929
-8828,3000,78123.003309
-4516,3000,78135.943685
-9868,3000,78150.03344
-9724,3000,78163.773364
-6864,3000,78176.462645
-14676,3000,78189.044
-4804,3000,78201.791964
-7100,3000,78222.242754
-4424,3000,78235.397173
-13516,3000,78247.98064
-5596,3000,78260.975963
-1472,3000,78274.479407
-5752,3000,78288.111197
-3564,3000,78301.173784
-2784,3000,78315.234763
-12576,3000,78329.636275
-8600,3000,78344.152657
-4764,3000,78358.319373
-5380,3000,78372.836355
-7276,3000,78386.386434
520,3000,78399.615218
-11996,3000,78412.838235
-7524,3000,78426.189298
-9476,3000,78440.017932
-8688,3000,78453.738055
-7788,3000,78467.122373
-1804,3000,78480.28971
-8468,3000,78494.093622
-9276,3000,78507.878962
-5536,3000,78521.386306
-2752,3000,78534.605076
-7148,3000,78547.60803
-5604,3000,78561.215485
-6536,3000,78574.784928
-11508,3000,78588.803245
-8472,3000,78602.079939
-14556,3000,78615.413232
-6780,3000,78628.866442
-4672,3000,78642.145366
-9524,3000,78656.602517
-6632,3000,78670.375226
-10776,3000,78684.586726
-888,3000,78697.760477
-6724,3000,78710.977894
-7784,3000,78724.418084
-1888,3000,78737.535372
-11952,3000,78751.851531
-4664,3000,78766.035091
-6696,3000,78779.334429
-3364,3000,78793.778439
1392,3000,78806.488274
-6828,3000,78820.42288
-4692,3000,78833.296074
-14876,3000,78847.164623
-13668,3000,78861.015087
-14748,3000,78874.439024
-5968,3000,78888.593312
-3612,3000,78902.422187
-4616,3000,78916.101258
-7244,3000,78929.876653
-12152,3000,78943.505918
-5664,3000,78957.822803
-3444,3000,78972.044029
-10620,3000,78985.936135
-11488,3000,78999.909713
-5712,3000,79013.854423
-17588,3000,79027.168593
-10800,3000,79041.104526
-2624,3000,79054.28567
-2552,3000,79067.783642
-9752,3000,79080.953884
-6012,3000,79095.039338
-13828,3000,79109.351924
-4688,3000,79130.11377
-9740,3000,79143.374493
-9364,3000,79156.578912
420,3000,79169.888832
-3492,3000,79184.159408
-13672,3000,79198.081947
-9860,3000,79211.366991
-14552,3000,79225.26031
-2684,3000,79238.564972
-11436,3000,79251.763687
-10708,3000,79264.557303
-12800,3000,79279.149634
-3888,3000,79293.30248
-4396,3000,79307.424028
-7480,3000,79320.444156
-3836,3000,79334.364977
-8988,3000,79347.234498
-7496,3000,79360.368529
-2504,3000,79374.749442
-16744,3000,79388.920574
-3792,3000,79402.010756
-4576,3000,79416.257559
-12676,3000,79429.656217
-10616,3000,79443.682365
-10900,3000,79456.88127
-5732,3000,79469.888323
1600,3000,79482.377593
-6800,3000,79495.60883
-5944,3000,79508.871037
-4760,3000,79522.999684
-16684,3000,79536.718231
-11720,3000,79549.43813
-6920,3000,79563.421346
-15860,3000,79577.686854
-10932,3000,79591.602364
-5608,3000,79605.12113
-6372,3000,79618.863021
-4464,3000,79632.405064
-13256,3000,79646.192452
-8848,3000,79659.301794
-9540,3000,79673.360164
-6928,3000,79687.021124
-8544,3000,79700.715837
-3572,3000,79713.538951
-7188,3000,79727.061563
-8372,3000,79741.225692
-728,3000,79753.928742
-9532,3000,79767.664963
-8556,3000,79781.255836
-13456,3000,79794.360581
-18396,3000,79807.81697
-4644,3000,79820.917962
-11548,3000,79834.748143
-5720,3000,79847.843704
-8660,3000,79861.448793
-11732,3000,79875.384187
-6808,3000,79888.374877
-1544,3000,79902.27481
-2972,3000,79915.715304
-9464,3000,79929.847503
-4556,3000,79943.178596
-7388,3000,79956.85174
-11408,3000,79971.124018
4292,3000,79983.535773
-2780,3000,79997.651142
-484,3000,80011.443303
-4416,3000,80025.77469
-13872,3000,80047.129119
-9996,3000,80061.347468
-3592,3000,80074.66521
-9636,3000,80088.200166
-7624,3000,80101.704903
-6628,3000,80116.33788
-7416,3000,80130.176766
-5648,3000,80143.838974
-3468,3000,80157.895671
-7532,3000,80171.924762
-8696,3000,80186.230585
-2696,3000,80199.645759
-11392,3000,80213.84963
320,3000,80227.847468
-16748,3000,80240.769248
-2648,3000,80255.79952
-10976,3000,80269.240816
-6648,3000,80282.997447
-2648,3000,80296.873311
2328,3000,80310.223709
-10652,3000,80323.987655
-12648,3000,80337.759541
-14752,3000,80352.710097
-14748,3000,80365.923005
-5372,3000,80379.698377
-15800,3000,80393.278723
-840,3000,80405.739187
-10828,3000,80418.555787
-13592,3000,80432.157433
-3784,3000,80446.429651
-3108,3000,80460.172148
-1972,3000,80472.837372
-9420,3000,80487.327139
-10388,3000,80501.732019
-7664,3000,80516.487629
-3316,3000,80529.27059
-9608,3000,80543.053864
-9372,3000,80557.26346
1292,3000,80571.07973
-7624,3000,80584.408437
-20592,3000,80598.813499
-6716,3000,80612.441736
260,3000,80625.690535
300,3000,80639.015389
-3728,3000,80652.670871
-4960,3000,80665.259824
-4528,3000,80679.391147
-5720,3000,80692.975442
-3868,3000,80706.473634
-9948,3000,80719.505077
-5740,3000,80732.478241
-4376,3000,80746.030778
-2432,3000,80759.706887
-16752,3000,80773.81843
-7920,3000,80787.234281
-6988,3000,80800.855739
-20476,3000,80815.212073
-5468,3000,80828.105071
644,3000,80841.607851
-3588,3000,80854.809346
-476,3000,80868.525289
-6828,3000,80882.43918
-5900,3000,80895.513228
-6844,3000,80909.758542
-3764,3000,80923.909865
-7632,3000,80938.151394
-15636,3000,80950.910187
-12536,3000,80973.281862
-7808,3000,80987.603765
-7416,3000,81002.037578
-1296,3000,81016.849844
-11632,3000,81030.368123
-12712,3000,81043.694386
-17124,3000,81056.163111
-1860,3000,81069.485541
-7560,3000,81082.393085
-11496,3000,81095.806889
-7656,3000,81109.471354
168,3000,81122.804739
-10780,3000,81137.181844
-596,3000,81150.146796
-3488,3000,81163.378129
-4872,3000,81176.755178
-3848,3000,81190.347322
-2660,3000,81204.03312
416,3000,81218.354481
1572,3000,81233.040545
-6888,3000,81246.869015
-6656,3000,81260.945429
-9568,3000,81274.743238
-3728,3000,81287.758603
-6524,3000,81302.271908
-5856,3000,81316.200871
-10672,3000,81330.071984
-676,3000,81344.076187
-3520,3000,81358.466435
-7552,3000,81372.51028
-6648,3000,81385.919587
-5648,3000,81399.719568
-10792,3000,81413.61563
-5784,3000,81426.846801
-8688,3000,81440.287451
-4320,3000,81454.156155
-6232,3000,81466.95339
-11764,3000,81480.523106
-11816,3000,81493.715
-11900,3000,81506.858741
-11936,3000,81521.062464
-7916,3000,81534.996991
-2560,3000,81548.456292
-13964,3000,81561.514336
-9464,3000,81575.149484
-14016,3000,81588.555709
-4596,3000,81602.352471
120,3000,81615.106096
-10392,3000,81628.302261
-10820,3000,81642.363977
-9712,3000,81655.991636
-3592,3000,81670.917861
-9380,3000,81685.004548
528,3000,81698.468461
-12868,3000,81711.532542
-4672,3000,81725.511204
-11848,3000,81738.624629
-10516,3000,81752.228832
-7652,3000,81765.423807
-3676,3000,81778.727061
-9544,3000,81793.045265
-5724,3000,81807.561105
-16980,3000,81821.584835
-9632,3000,81836.300423
-4704,3000,81850.012218
-464,3000,81863.623639
-7696,3000,81885.433888
-9776,3000,81899.186804
-9868,3000,81913.121963
-6900,3000,81926.791927
-9668,3000,81940.568309
-8796,3000,81954.226146
-6524,3000,81967.995356
-4692,3000,81981.891973
-1576,3000,81996.050707
-10168,3000,82010.310677
-12868,3000,82024.322887
-3660,3000,82037.968561
-12640,3000,82051.891712
-15748,3000,82065.439473
-7912,3000,82079.105843
-13636,3000,82093.136087
-6028,3000,82106.034412
-7740,3000,82119.244612
-9592,3000,82132.883718
-9672,3000,82146.463117
-6572,3000,82160.335434
-4772,3000,82173.723089
-8452,3000,82187.578871
-2464,3000,82200.853356
-4500,3000,82214.114107
-8632,3000,82226.79246
-4596,3000,82240.144696
-6680,3000,82254.104984
-12676,3000,82268.083338
-6680,3000,82280.8701
-8596,3000,82294.259717
-1680,3000,82308.610491
-9980,3000,82322.896509
-5588,3000,82337.123347
-8504,3000,82350.940152
-10884,3000,82363.503788
-1608,3000,82377.488113
-5652,3000,82391.542162
-4688,3000,82405.084687
-8324,3000,82418.646159
-848,3000,82431.278523
-11656,3000,82444.296239
-3808,3000,82457.501014
-12568,3000,82470.493111
-5632,3000,82484.140722
-1460,3000,82498.369363
-1512,3000,82511.681764
-2692,3000,82525.662546
-7472,3000,82539.234848
-4652,3000,82552.857501
-1320,3000,82566.505879
424,3000,82579.077026
-14716,3000,82592.781473
-560,3000,82606.55647
-7876,3000,82620.408263
96,3000,82634.063636
-13552,3000,82648.071364
-2380,3000,82661.396496
-12668,3000,82675.437197
-3464,3000,82689.319546
-13808,3000,82702.522449
-4604,3000,82716.055809
-5592,3000,82729.963973
-7644,3000,82743.775769
1360,3000,82757.633561
-10320,3000,82771.418543
-7644,3000,82785.226735
-12956,3000,82805.987509
-8468,3000,82818.955299
-9728,3000,82831.70044
-8608,3000,82845.098041
-8904,3000,82858.753613
-6488,3000,82872.528184
-4544,3000,82885.552666
1324,3000,82899.418498
-3932,3000,82912.876314
-12860,3000,82926.626061
-6728,3000,82940.446963
-18796,3000,82953.835979
-3744,3000,82967.649505
-17276,3000,82982.991
-2720,3000,82996.859907
-16596,3000,83010.0301
-9284,3000,83023.123799
-6568,3000,83036.168946
1544,3000,83049.595825
-8880,3000,83063.662255
-15752,3000,83078.102063
-5868,3000,83092.429248
-1508,3000,83105.950231
-6536,3000,83119.054227
-10580,3000,83133.161613
-8144,3000,83146.865781
-9780,3000,83160.151875
-9612,3000,83174.386572
-13292,3000,83188.839223
-14444,3000,83203.721867
-4572,3000,83217.357202
-8936,3000,83231.956024
-7796,3000,83246.906239
-10824,3000,83260.276308
-11780,3000,83273.405918
-15944,3000,83286.843239
-7760,3000,83300.072159
-10784,3000,83313.887092
-3240,3000,83328.009537
-16768,3000,83341.787355
-1532,3000,83356.007068
-8704,3000,83369.720815
-9900,3000,83383.095932
-4728,3000,83397.174507
-4780,3000,83410.556762
-10728,3000,83424.320927
-5804,3000,83438.143431
-7524,3000,83452.107917
-11836,3000,83465.405341
-9820,3000,83479.325501
-3664,3000,83492.983891
-14088,3000,83507.381439
-3408,3000,83521.192928
-9580,3000,83534.310236
-656,3000,83547.77294
-11508,3000,83562.314026
-6880,3000,83576.021506
-5960,3000,83588.582981
-2736,3000,83602.462016
-6528,3000,83615.199004
-928,3000,83628.946666
-6596,3000,83643.826614
-8656,3000,83657.604777
-4700,3000,83671.102318
-5712,3000,83685.08754
-5656,3000,83698.508987
-5724,3000,83711.725047
-10716,3000,83733.287361
-1036,3000,83747.039134
-12792,3000,83761.893998
-5496,3000,83776.427476
-7732,3000,83790.579651
-2444,3000,83804.733798
-5504,3000,83818.359417
-3600,3000,83832.599451
-4588,3000,83845.801216
-7512,3000,83858.595068
-7032,3000,83872.255871
-5524,3000,83885.889354
-16976,3000,83899.959146
-17748,3000,83914.405103
-6232,3000,83928.635689
-11856,3000,83941.829643
-10668,3000,83955.339547
-4520,3000,83968.612544
-3984,3000,83982.367415
-14504,3000,83996.735104
-18748,3000,84010.505251
-7560,3000,84023.736929
-3544,3000,84037.88203
-9736,3000,84051.248749
-11780,3000,84064.359682
-6984,3000,84077.822513
-6768,3000,84091.631911
-11032,3000,84105.073567
-3484,3000,84118.762712
-1444,3000,84132.277591
-12952,3000,84145.521542
-7696,3000,84158.848897
-8380,3000,84172.218134
-5564,3000,84186.228754
-4812,3000,84199.714427
-11888,3000,84213.458533
-9764,3000,84227.385591
-1664,3000,84241.344829
-8776,3000,84253.916076
-8720,3000,84268.061565
-14480,3000,84281.476648
-9608,3000,84295.211677
-6748,3000,84308.418973
-3588,3000,84322.058383
-7604,3000,84335.467226
-9772,3000,84348.906441
-612,3000,84362.900619
-3080,3000,84376.294948
-12712,3000,84390.79224
-12496,3000,84404.35592
-3496,3000,84417.904869
-10672,3000,84431.291267
-8472,3000,84444.506586
-3608,3000,84457.790589
-14164,3000,84470.789079
-11460,3000,84484.23544
-7896,3000,84497.208755
-13584,3000,84510.440477
140,3000,84523.724961
-2548,3000,84537.783908
-12592,3000,84551.509058
-5324,3000,84565.301302
-6736,3000,84578.147543
-7592,3000,84592.314953
-8172,3000,84605.919113
-11796,3000,84619.547124
-14616,3000,84640.085055
-10832,3000,84652.987705
-8576,3000,84666.196227
-5792,3000,84679.922528
-6780,3000,84692.693219
-6520,3000,84706.11633
-7600,3000,84719.381112
-10592,3000,84732.785841
-12916,3000,84745.379187
-4848,3000,84758.189529
-8652,3000,84771.009552
3412,3000,84783.949777
-4648,3000,84797.450963
-16800,3000,84810.376048
-9520,3000,84825.143804
-6500,3000,84840.375347
-7984,3000,84854.68259
-4360,3000,84867.676393
-6760,3000,84881.031177
-8636,3000,84893.741557
-9556,3000,84907.760074
-15704,3000,84921.813577
-5600,3000,84935.854825
-11900,3000,84949.18575
-11908,3000,84963.385802
-12764,3000,84977.501216
-3540,3000,84991.062928
-6808,3000,85004.688647
-10656,3000,85018.879786
-5916,3000,85031.552794
-5680,3000,85044.968546
-10672,3000,85058.155056
-7756,3000,85071.424949
-5688,3000,85085.051092
-4876,3000,85097.974572
-8868,3000,85110.979441
-8520,3000,85124.797419
-6976,3000,85137.476351
-9544,3000,85150.921501
-6624,3000,85165.122501
-7368,3000,85178.732623
-4504,3000,85192.847318
-10724,3000,85206.657017
-6568,3000,85220.462493
964,3000,85233.526085
-10640,3000,85246.317927
-9968,3000,85260.171325
-2604,3000,85274.668852
-8312,3000,85289.16816
-15348,3000,85302.767705
-1624,3000,85315.849
-3868,3000,85328.578002
-636,3000,85341.275894
188,3000,85354.408217
-5832,3000,85367.458965
-7728,3000,85381.161113
-5760,3000,85394.58843
-7520,3000,85407.815337
-7452,3000,85420.838528
-812,3000,85433.944197
1412,3000,85446.767121
-12760,3000,85459.90853
-11916,3000,85473.094784
-9584,3000,85486.027705
-10808,3000,85499.459726
-12568,3000,85512.851412
-13812,3000,85525.513217
-4320,3000,85546.368662
-4988,3000,85559.350779
-4600,3000,85571.762056
-7568,3000,85585.390833
-72,3000,85598.747919
-4856,3000,85611.893509
-9528,3000,85625.351797
-1560,3000,85638.580893
-11576,3000,85652.935517
-6932,3000,85667.050228
-14744,3000,85680.516232
-3712,3000,85694.904589
-7608,3000,85707.900043
-3452,3000,85721.866498
-3148,3000,85735.754864
-4620,3000,85748.364753
-4548,3000,85762.450254
1400,3000,85775.18717
-13884,3000,85788.131853
-7556,3000,85801.065731
-3472,3000,85813.676253
-4652,3000,85827.349301
-13856,3000,85840.690862
232,3000,85854.147608
-11044,3000,85867.649061
-1656,3000,85881.549892
-3788,3000,85894.990412
-8524,3000,85908.11097
-12768,3000,85921.828921
-2856,3000,85934.790844
-16816,3000,85948.256102
-7540,3000,85961.590047
-1856,3000,85974.704333
-3684,3000,85987.888872
-448,3000,86001.66747
-6784,3000,86015.144673
-10576,3000,86027.765838
-14964,3000,86040.762662
-7744,3000,86053.908607
-11904,3000,86066.845734
-1876,3000,86080.701484
-2796,3000,86093.944364
-10776,3000,86107.941218
-9712,3000,86121.003321
-10040,3000,86134.17072
-10640,3000,86148.199901
-2568,3000,86162.322168
-17892,3000,86175.407406
-10740,3000,86189.64254
-7980,3000,86202.794819
-14700,3000,86216.694561
-4432,3000,86230.27366
-9668,3000,86243.756194
-12876,3000,86257.825438
-4856,3000,86270.634547
-12268,3000,86284.244676
-6864,3000,86297.793471
-9756,3000,86310.930324
-1644,3000,86324.707825
-9040,3000,86338.014907
-10620,3000,86351.711822
-10644,3000,86365.36804
-10680,3000,86378.811222
-2496,3000,86392.05276
-6868,3000,86405.993788
-7612,3000,86420.12618
-10720,3000,86433.534358
-4584,3000,86454.553459
-7724,3000,86467.812533
-2596,3000,86481.589996
-9784,3000,86496.064732
-7076,3000,86509.410263
-5620,3000,86523.265
-8536,3000,86537.162389
-10740,3000,86551.421918
-9472,3000,86565.294305
-7180,3000,86578.474635
-2400,3000,86592.259508
-7752,3000,86605.906839
-3620,3000,86619.33231
-8376,3000,86632.398856
-4520,3000,86645.702914
-8544,3000,86659.514609
-9844,3000,86673.151064
-8704,3000,86687.265123
-13584,3000,86701.270073
-5760,3000,86715.111213
-12028,3000,86729.480852
-4580,3000,86742.456225
-11704,3000,86755.128866
-5572,3000,86769.051529
-12940,3000,86782.465633
-9768,3000,86796.606487
-16480,3000,86811.346474
-14772,3000,86824.213583
1344,3000,86837.696873
-6828,3000,86851.12466
-10716,3000,86864.674349
-7728,3000,86878.009889
-6696,3000,86891.908598
-4800,3000,86905.491961
-16936,3000,86918.733846
2232,3000,86932.378195
-3704,3000,86946.851543
-9900,3000,86960.868728
-5596,3000,86974.511585
-5368,3000,86988.778035
-15536,3000,87002.716411
-8076,3000,87015.882705
-11572,3000,87029.871946
-4780,3000,87044.339923
-6516,3000,87058.871276
-5732,3000,87072.830626
-2568,3000,87087.04285
-5172,3000,87100.550752
-1756,3000,87115.325821
-8640,3000,87129.029656
-3704,3000,87142.907517
-5568,3000,87158.435083
-10804,3000,87171.234474
-3240,3000,87185.281108
-7404,3000,87199.592386
-6456,3000,87213.510054
-9736,3000,87226.793845
-10752,3000,87240.306047
-8856,3000,87254.093698
-3756,3000,87267.283837
-12964,3000,87280.403928
-10852,3000,87294.140714
-6344,3000,87307.511364
-4464,3000,87321.229829
-4748,3000,87334.524451
-3748,3000,87347.917466
-8860,3000,87367.757798
-12492,3000,87381.337676
-2720,3000,87395.150048
-15132,3000,87408.58575
-6500,3000,87421.776427
-6676,3000,87435.701634
-11824,3000,87449.863336
-13832,3000,87463.58119
-8544,3000,87478.459166
-4696,3000,87492.253633
-9032,3000,87505.723354
-3496,3000,87520.124636
-2700,3000,87534.033709
-3460,3000,87548.947066
-9688,3000,87562.448558
-2164,3000,87576.396806
-8668,3000,87591.333639
-4444,3000,87604.675672
-7044,3000,87618.537746
-12848,3000,87631.619546
-15652,3000,87644.709645
-5776,3000,87658.505383
-6688,3000,87672.065096
-3440,3000,87685.682894
-4800,3000,87698.449399
-8736,3000,87711.76044
-11092,3000,87725.21771
-3552,3000,87738.861577
-7408,3000,87752.78931
-2804,3000,87765.306176
-8216,3000,87779.571765
-9136,3000,87793.606199
-9432,3000,87808.057416
-2800,3000,87821.93947
-3944,3000,87835.144435
-4416,3000,87849.28407
-9868,3000,87862.316388
472,3000,87876.837996
-2904,3000,87890.911577
-3604,3000,87904.578282
-11456,3000,87919.465001
3212,3000,87932.396056
-7440,3000,87946.275656
-8976,3000,87959.603352
-3516,3000,87973.119996
-9828,3000,87986.49454
-6776,3000,87999.946926
-5552,3000,88014.391475
-4036,3000,88027.329136
-10004,3000,88040.044059
-2548,3000,88054.067
-1528,3000,88068.524459
-2652,3000,88082.942598
-18436,3000,88096.243502
-12912,3000,88108.805838
-10612,3000,88122.44238
-2356,3000,88136.690377
-8740,3000,88150.354562
-5880,3000,88164.414163
-3588,3000,88177.489249
-5428,3000,88191.761485
-6656,3000,88205.015799
-8056,3000,88217.217369
-6692,3000,88230.383475
-12972,3000,88242.752407
-10716,3000,88256.982668
-6812,3000,88270.982789
-5920,3000,88291.46648
-8380,3000,88305.554488
-8744,3000,88318.972636
-14828,3000,88332.310412
-15812,3000,88345.750416
-8600,3000,88360.29895
-15984,3000,88374.148624
-13388,3000,88388.253404
-6612,3000,88402.050172
-19600,3000,88415.642872
-896,3000,88428.909522
-11808,3000,88443.017177
-6044,3000,88456.269508
-7960,3000,88469.833717
-7592,3000,88483.300044
308,3000,88495.944848
-11556,3000,88509.525061
-10380,3000,88523.2507
2020,3000,88536.60409
-12492,3000,88550.713917
-788,3000,88564.102423
-8752,3000,88577.174256
-10512,3000,88590.506398
-3636,3000,88603.723287
-6404,3000,88617.986522
-6700,3000,88631.270487
-9672,3000,88643.851865
-8748,3000,88657.810171
-4788,3000,88671.239555
-4952,3000,88684.313839
-7700,3000,88697.319198
-11724,3000,88710.166336
-6272,3000,88724.278399
-12884,3000,88737.957244
-11684,3000,88751.054608
-8492,3000,88764.945974
-23928,3000,88777.271773
-9860,3000,88791.321894
-12720,3000,88805.101562
-10428,3000,88818.047453
-19660,3000,88831.146474
-768,3000,88845.074251
-9852,3000,88857.821857
-6208,3000,88870.792644
-8664,3000,88884.935958
-19500,3000,88899.066191
-2840,3000,88912.644866
96,3000,88926.931364
-7596,3000,88939.967438
-3728,3000,88953.310246
-7936,3000,88966.09713
-5696,3000,88980.211268
-11928,3000,88993.699979
-8784,3000,89006.84783
-3532,3000,89021.053433
-9820,3000,89034.579834
-11100,3000,89047.62385
-10600,3000,89062.135958
-11676,3000,89075.788245
-8520,3000,89089.282116
-7900,3000,89102.908736
-1804,3000,89116.763422
-14024,3000,89129.961857
-5176,3000,89144.045863
-3740,3000,89157.373354
-4844,3000,89170.566824
-7820,3000,89183.978051
1340,3000,89205.032794
-8512,3000,89218.452368
-5688,3000,89232.632773
-7872,3000,89246.121683
-7804,3000,89259.680633
-6532,3000,89272.578964
-6924,3000,89285.596305
-6200,3000,89298.300704
-7992,3000,89311.711178
-2428,3000,89325.678156
-12824,3000,89339.735798
340,3000,89353.190381
-8508,3000,89367.289956
1188,3000,89380.196417
-1760,3000,89393.488596
-6648,3000,89407.235438
-4556,3000,89420.258537
-6596,3000,89434.397767
-13888,3000,89447.956326
-7816,3000,89461.331176
-7624,3000,89475.370142
-2700,3000,89489.032523
-8712,3000,89503.178518
-4908,3000,89515.985267
-11736,3000,89529.982011
-10684,3000,89544.253152
-3748,3000,89558.194473
-9900,3000,89571.410757
-4844,3000,89584.569959
-4736,3000,89598.021252
-4484,3000,89612.488866
-12700,3000,89627.182335
-5848,3000,89641.826153
-8636,3000,89656.123672
-9800,3000,89670.171608
-3788,3000,89684.084178
-13808,3000,89697.262334
-16000,3000,89711.137243
-17744,3000,89724.820356
-17772,3000,89738.697679
-1480,3000,89753.146166
-11792,3000,89767.330663
-5716,3000,89781.639425
-5528,3000,89795.428935
-7816,3000,89809.613678
-9728,3000,89824.137124
-1584,3000,89837.345045
-8740,3000,89851.551775
-6372,3000,89865.440785
-8796,3000,89879.381197
-12140,3000,89892.953568
-7676,3000,89906.793
-13916,3000,89920.227338
-6468,3000,89934.006551
-3564,3000,89947.765219
-928,3000,89960.859115
-9708,3000,89974.654597
-11564,3000,89989.114696
-5736,3000,90003.459042
-6712,3000,90017.766163
-5520,3000,90031.856236
-7848,3000,90046.414331
-19076,3000,90060.510267
-7828,3000,90074.943139
-7672,3000,90089.405093
-13816,3000,90104.218708
-7884,3000,90126.209038
-7448,3000,90139.417497
-2628,3000,90153.155843
-10928,3000,90166.796651
-10620,3000,90181.381599
-5564,3000,90195.149904
-3784,3000,90209.054253
132,3000,90222.358958
-4312,3000,90235.982217
-10588,3000,90249.548027
-7848,3000,90262.687226
-2920,3000,90276.067705
-4940,3000,90290.411301
-15860,3000,90303.915086
-2500,3000,90318.228345
408,3000,90331.718257
-11724,3000,90346.123152
-9736,3000,90359.524378
-3072,3000,90372.890148
-14992,3000,90387.198613
-8600,3000,90401.5361
-9676,3000,90415.830585
-2192,3000,90430.068136
-10752,3000,90443.931276
-1648,3000,90457.114842
-6776,3000,90470.828177
-11812,3000,90485.084872
-9556,3000,90498.472171
-3660,3000,90512.374298
-5076,3000,90526.000681
-7472,3000,90540.510637
-1940,3000,90554.494434
-8828,3000,90567.222201
-19764,3000,90580.936696
-2492,3000,90595.148044
-2804,3000,90608.872849
-9580,3000,90622.685623
-10756,3000,90636.699419
-3072,3000,90650.480809
-12604,3000,90664.361216
-13804,3000,90678.342489
-11456,3000,90692.654997
-10720,3000,90706.671536
-11432,3000,90721.24478
-11672,3000,90735.840444
-11844,3000,90749.930206
-6668,3000,90764.353093
-2544,3000,90779.098305
-3012,3000,90792.579696
-3580,3000,90806.177191
-13744,3000,90819.815459
-616,3000,90833.870896
-15780,3000,90847.570102
-2936,3000,90861.32619
-14784,3000,90874.169638
-6496,3000,90887.774035
-12076,3000,90901.457299
-5652,3000,90914.673274
-13724,3000,90928.665502
-704,3000,90942.946362
-10340,3000,90956.619648
-7456,3000,90971.13752
-3388,3000,90985.137906
-1848,3000,90999.156386
-12828,3000,91013.592275
-2452,3000,91027.458638
-5720,3000,91041.1136
-10700,3000,91062.870847
-10812,3000,91076.222142
-7776,3000,91090.480533
-8172,3000,91103.451626
-16760,3000,91117.235259
-1420,3000,91130.919417
-8696,3000,91145.053421
-5716,3000,91159.247517
-4816,3000,91173.500673
-9388,3000,91187.933253
-8492,3000,91201.916354
-10764,3000,91215.180609
-5848,3000,91228.946657
368,3000,91243.059781
-5476,3000,91257.23649
-9876,3000,91271.398122
-5764,3000,91284.365098
-8480,3000,91298.450337
-1688,3000,91312.429269
-9648,3000,91325.935139
-5064,3000,91339.947838
-5964,3000,91353.492782
-9644,3000,91366.802895
-6740,3000,91380.598955
-9836,3000,91395.435646
-13652,3000,91409.580151
-6736,3000,91423.310211
-9788,3000,91437.058386
-2920,3000,91450.093335
-3448,3000,91464.194586
-7880,3000,91477.075722
-9000,3000,91490.5981
-2744,3000,91503.737655
-7800,3000,91516.945724
-15776,3000,91531.315438
-5684,3000,91545.411439
-2764,3000,91559.590937
-4940,3000,91572.588795
-9800,3000,91585.831893
-7904,3000,91599.908335
-4824,3000,91613.735673
-9732,3000,91626.735296
-8788,3000,91641.414663
-15644,3000,91655.265368
-9792,3000,91668.16609
-920,3000,91681.551302
-8576,3000,91695.162939
-11884,3000,91708.314954
-11796,3000,91721.443693
-9924,3000,91735.306985
-2976,3000,91749.128033
-6420,3000,91763.195913
-6632,3000,91776.714969
-7328,3000,91790.24163
-5932,3000,91803.588567
2452,3000,91816.166442
-6404,3000,91829.434832
-5588,3000,91843.178381
-13776,3000,91855.995816
-9524,3000,91869.281285
-6940,3000,91882.763392
-12696,3000,91896.392486
1216,3000,91909.903867
-10620,3000,91923.14034
-2884,3000,91935.974135
-3764,3000,91949.573383
-3572,3000,91962.503254
2296,3000,91982.820357
-7892,3000,91995.706993
-13580,3000,92009.202505
-7784,3000,92022.689924
-11824,3000,92035.677653
-7596,3000,92048.715234
-18704,3000,92062.625379
-4440,3000,92076.085508
-7860,3000,92088.869766
-5884,3000,92102.354728
-11976,3000,92115.876781
4300,3000,92129.186435
-10416,3000,92142.991091
-3972,3000,92156.333063
-6628,3000,92169.257762
-5016,3000,92182.000746
-4948,3000,92194.732546
2144,3000,92207.440355
-5612,3000,92220.159873
-1728,3000,92233.009226
-4764,3000,92246.331492
-11556,3000,92259.629466
-4272,3000,92273.753739
-4860,3000,92286.488626
-13792,3000,92299.526171
-14596,3000,92312.671227
-17472,3000,92326.231803
-15496,3000,92339.675409
-5516,3000,92352.868373
-4736,3000,92365.672271
-9824,3000,92378.249871
400,3000,92391.369593
-6548,3000,92404.592492
-5824,3000,92417.532367
-6804,3000,92430.483219
-1576,3000,92443.204279
-1500,3000,92456.436064
-1484,3000,92469.929569
-9696,3000,92483.394415
-7848,3000,92496.630442
-2016,3000,92509.539948
-10796,3000,92521.998164
-1616,3000,92535.653354
-5752,3000,92549.099363
-6908,3000,92562.47073
-1492,3000,92575.602135
-14716,3000,92588.650835
-7672,3000,92601.578349
-12944,3000,92614.501629
-4296,3000,92627.309983
-8564,3000,92640.632124
-6632,3000,92653.866917
-9884,3000,92667.178648
-16860,3000,92680.268099
-8860,3000,92693.144493
-17708,3000,92706.838226
-14548,3000,92720.302486
-4048,3000,92733.19159
-9464,3000,92746.26221
-4584,3000,92758.767664
-4804,3000,92771.267618
-3628,3000,92784.579201
-10696,3000,92797.570153
-3404,3000,92811.342268
-12024,3000,92824.597181
-3364,3000,92838.720397
-8784,3000,92859.256551
-9556,3000,92872.18532
-4584,3000,92885.502639
-5564,3000,92898.969097
-8668,3000,92912.154992
-3456,3000,92925.515927
-8496,3000,92939.180469
40,3000,92951.995203
-9584,3000,92965.018504
-1420,3000,92978.513438
-7432,3000,92991.515517
-7320,3000,93005.343154
-8572,3000,93018.793075
-7824,3000,93032.178641
-4848,3000,93045.700483
-4476,3000,93059.246184
-1608,3000,93072.49354
-8732,3000,93085.721644
1380,3000,93098.438053
-2880,3000,93111.669141
-11740,3000,93124.927371
-11500,3000,93138.710484
-11688,3000,93151.867034
-11824,3000,93164.527961
-1512,3000,93177.313747
-14448,3000,93190.955986
-648,3000,93203.963855
-6872,3000,93216.835814
-12668,3000,93230.321834
-2540,3000,93243.700647
-18320,3000,93257.365929
-472,3000,93270.208324
-8728,3000,93283.468979
-8624,3000,93296.315296
-16676,3000,93309.973915
-5640,3000,93323.385312
-7756,3000,93335.954104
-11716,3000,93349.088305
-10316,3000,93363.25106
-2832,3000,93376.48512
-10448,3000,93389.625263
-5804,3000,93402.648056
-17980,3000,93415.498947
-6640,3000,93428.563557
-9768,3000,93441.907231
-7656,3000,93455.091413
-8516,3000,93468.341176
-8804,3000,93481.406054
-6012,3000,93493.849871
-3932,3000,93507.479288
-6956,3000,93520.187099
-1284,3000,93533.795676
-12584,3000,93547.104939
-6588,3000,93560.74457
-3816,3000,93573.621495
-14828,3000,93586.569653
-8572,3000,93600.447736
-7680,3000,93613.595521
-3292,3000,93627.200389
-5440,3000,93639.895026
-7676,3000,93652.446676
-640,3000,93665.485767
-6304,3000,93678.938452
-8716,3000,93691.970072
-6728,3000,93705.607431
-2844,3000,93718.684795
-5932,3000,93732.144149
-5844,3000,93752.920034
-8512,3000,93766.179198
-10652,3000,93779.708321
-6708,3000,93792.79805
-8808,3000,93806.254961
-8624,3000,93819.197942
-13948,3000,93833.514172
-10972,3000,93846.702038
-4732,3000,93860.300684
-12444,3000,93873.605579
-7572,3000,93887.099283
-11672,3000,93900.207335
-11616,3000,93913.952418
-12000,3000,93927.620606
-14876,3000,93940.91755
-3840,3000,93953.610186
-7792,3000,93966.734568
-16500,3000,93980.271584
-11268,3000,93993.739805
-10684,3000,94007.598614
-3784,3000,94020.712863
-10728,3000,94033.329726
-11744,3000,94046.342678
-9620,3000,94059.566713
-2640,3000,94073.36718
-2024,3000,94085.766999
-9576,3000,94099.064167
-4536,3000,94112.430031
-8708,3000,94126.170969
-1448,3000,94139.724409
-7600,3000,94153.397262
-16748,3000,94166.29107
-10512,3000,94179.327837
-9944,3000,94193.164518
-3832,3000,94205.640929
-3008,3000,94219.020252
-5824,3000,94232.01177
-9864,3000,94245.704991
-15640,3000,94258.654445
-15932,3000,94271.380574
-8408,3000,94284.03629
-7664,3000,94296.453017
-11488,3000,94309.604322
-17804,3000,94323.067979
-9880,3000,94335.821665
-12784,3000,94348.573981
-4296,3000,94362.061319
-12000,3000,94375.079254
-11556,3000,94388.414109
-8924,3000,94401.205783
-12500,3000,94413.998548
-5540,3000,94427.140974
-5988,3000,94440.11848
-10464,3000,94453.195196
-4936,3000,94465.95753
-5268,3000,94480.059856
-7816,3000,94493.079899
-15704,3000,94505.954687
-8452,3000,94519.273415
-7492,3000,94532.565388
-2700,3000,94546.516418
-9156,3000,94558.987489
-5884,3000,94572.075606
-10728,3000,94585.486812
-3540,3000,94598.262516
-9504,3000,94611.296824
-3940,3000,94624.199363
-688,3000,94644.616455
-15076,3000,94657.174781
-1628,3000,94670.090061
-2616,3000,94682.634537
-9168,3000,94695.290105
-8676,3000,94708.111779
-5696,3000,94720.831334
-14076,3000,94733.993866
-5748,3000,94747.009485
-5592,3000,94760.212023
-11860,3000,94772.950681
-4844,3000,94785.590499
-4836,3000,94799.269027
-700,3000,94812.618684
-7632,3000,94825.729312
-6400,3000,94839.59295
-13952,3000,94852.384221
-10752,3000,94865.584692
-7892,3000,94878.578688
-5432,3000,94892.043496
-11588,3000,94905.456919
-11732,3000,94918.413844
-8904,3000,94931.299636
-8832,3000,94944.487012
-10932,3000,94957.8091
-452,3000,94971.172737
-8532,3000,94984.487167
-14600,3000,94997.565789
-13680,3000,95010.767512
-9632,3000,95023.76576
-732,3000,95036.761986
-13592,3000,95049.769678
-7148,3000,95062.494603
232,3000,95075.459634
-8768,3000,95088.290337
-9692,3000,95101.526522
1240,3000,95114.013556
-10028,3000,95127.166363
-3508,3000,95140.768716
-4500,3000,95154.144134
-1916,3000,95167.103374
-4680,3000,95179.923231
-9652,3000,95193.276372
-17524,3000,95206.850706
-11520,3000,95220.182139
-2752,3000,95233.808675
-11500,3000,95247.019252
-7708,3000,95259.924168
-8420,3000,95273.365782
-8728,3000,95286.823614
-7524,3000,95300.304935
-1568,3000,95313.270502
-5576,3000,95327.096811
-8644,3000,95339.791673
-3352,3000,95352.967336
-9488,3000,95366.393996
432,3000,95379.852513
-9744,3000,95393.593056
-8632,3000,95406.91713
-2724,3000,95419.943986
-8408,3000,95433.199922
-2672,3000,95445.934813
-5896,3000,95459.585583
-6892,3000,95472.196675
-3896,3000,95485.681191
-8832,3000,95498.956273
-15552,3000,95519.702739
-9228,3000,95532.753199
-13568,3000,95545.943581
-3636,3000,95558.766172
-6456,3000,95572.250126
-960,3000,95585.957203
-3824,3000,95598.988639
-2568,3000,95612.191405
-3728,3000,95625.035589
-6880,3000,95638.236743
-1456,3000,95651.865538
-7072,3000,95664.510639
-3544,3000,95678.092127
-9356,3000,95691.388989
-6900,3000,95704.331812
-8560,3000,95717.391572
-11672,3000,95730.210679
-14660,3000,95743.767528
-4588,3000,95756.92296
-9872,3000,95770.366486
-15964,3000,95782.734711
-15368,3000,95796.061403
-12540,3000,95809.397021
-488,3000,95823.264313
-9868,3000,95836.534804
-4764,3000,95849.499274
-16868,3000,95862.633796
-11812,3000,95875.608628
-3772,3000,95888.488813
-5848,3000,95901.665055
-10668,3000,95914.950837
-5760,3000,95927.943641
-5680,3000,95940.637942
-4484,3000,95953.523499
-13784,3000,95966.189227
-12512,3000,95979.603587
-9736,3000,95992.892234
-5476,3000,96006.295784
-4436,3000,96019.387142
-5300,3000,96032.550749
-3716,3000,96045.260486
-5812,3000,96057.927439
-8892,3000,96070.365305
568,3000,96083.891747
-5428,3000,96096.85347
-5808,3000,96110.360793
-12744,3000,96122.555744
-15912,3000,96135.74579
-11744,3000,96148.680459
-1820,3000,96161.277031
-7704,3000,96174.82325
-4656,3000,96187.902245
-11628,3000,96201.051132
-9704,3000,96214.351798
-7848,3000,96227.896237
1260,3000,96240.924602
-3540,3000,96253.836379
-3800,3000,96266.575717
-12664,3000,96279.630249
-8824,3000,96292.500815
-6512,3000,96305.261275
-8872,3000,96318.085263
-3688,3000,96331.523766
-2152,3000,96345.265421
-8672,3000,96358.642303
-9512,3000,96372.398367
-5616,3000,96386.137317
-12760,3000,96405.895794
-12552,3000,96419.213174
-2620,3000,96432.424096
516,3000,96446.297649
-14932,3000,96458.8341
-6924,3000,96471.647477
-1688,3000,96484.747977
1708,3000,96498.398939
-6912,3000,96510.460387
-5512,3000,96524.187566
-1828,3000,96536.966873
-18256,3000,96550.033818
-1600,3000,96563.565392
-3744,3000,96576.697845
64,3000,96589.445085
-3764,3000,96601.972507
-7824,3000,96615.238513
-1840,3000,96628.11103
-3864,3000,96640.757849
-17512,3000,96654.429953
-11632,3000,96667.302809
-5864,3000,96680.185168
-2880,3000,96693.354459
-6760,3000,96706.199545
-10936,3000,96718.962409
-5544,3000,96731.875683
3552,3000,96744.872321
-12908,3000,96757.616987
-11472,3000,96770.704341
-6636,3000,96783.525251
-3356,3000,96796.790433
-8476,3000,96810.309039
-404,3000,96823.733435
-4832,3000,96837.448323
-8164,3000,96850.98864
-4804,3000,96864.209815
-11824,3000,96877.470927
-14640,3000,96890.13799
-2856,3000,96902.922729
-8964,3000,96916.508751
-4448,3000,96929.88876
-4584,3000,96942.14584
-1440,3000,96955.625203
-8428,3000,96969.318929
-10676,3000,96982.840963
-4524,3000,96995.618805
-3540,3000,97009.062841
-9384,3000,97022.000429
-8628,3000,97035.003013
-8612,3000,97048.900229
-6852,3000,97062.407476
-424,3000,97075.92873
-11004,3000,97089.471024
-12632,3000,97102.74518
-10924,3000,97115.667011
-7968,3000,97129.230254
-8692,3000,97141.951054
-13040,3000,97154.426399
-16828,3000,97167.231591
-5628,3000,97179.229691
-12604,3000,97193.016413
-2136,3000,97206.616733
-7768,3000,97219.681295
-2848,3000,97233.128517
-6352,3000,97246.215369
-6540,3000,97259.423755
-9576,3000,97272.387017
-11484,3000,97292.820441
-12900,3000,97305.925538
-8676,3000,97319.081316
-6512,3000,97331.93709
-5624,3000,97345.691164
-10384,3000,97358.908227
1136,3000,97371.735375
-9992,3000,97384.630162
-2828,3000,97398.476058
-4776,3000,97411.262415
-4736,3000,97424.104512
-9928,3000,97436.891791
-8536,3000,97449.834942
-12492,3000,97462.807808
-7740,3000,97475.900922
-3724,3000,97488.492201
-13744,3000,97501.680583
-2712,3000,97514.819262
-12896,3000,97527.570528
-12804,3000,97541.067851
-5700,3000,97554.085819
-2748,3000,97566.749434
-7692,3000,97580.030961
-8400,3000,97592.93575
-8868,3000,97606.365659
-5820,3000,97619.60798
-11924,3000,97632.62469
-11592,3000,97646.195101
-484,3000,97658.915155
-9904,3000,97672.100555
-6604,3000,97684.44501
-4508,3000,97697.396191
-3932,3000,97710.237218
-9624,3000,97723.386786
-3464,3000,97736.277483
-8824,3000,97749.594002
-7616,3000,97762.858716
-9640,3000,97775.792537
-15500,3000,97788.684155
-8572,3000,97801.846509
-9600,3000,97814.977954
-824,3000,97827.840302
-7688,3000,97840.441629
-1760,3000,97853.265835
-5664,3000,97866.431712
-10412,3000,97879.733923
-9456,3000,97892.560135
-6844,3000,97905.88627
-10260,3000,97918.624664
-16608,3000,97931.660089
-2508,3000,97945.047836
-11684,3000,97957.306022
-11456,3000,97970.511241
-7988,3000,97983.680383
-12652,3000,97996.644512
-2652,3000,98010.482565
-11988,3000,98023.282327
-13728,3000,98036.328738
-8592,3000,98050.291176
-6720,3000,98063.69723
-4588,3000,98077.385592
-7604,3000,98090.636811
-13756,3000,98103.88767
-2784,3000,98116.743595
-3588,3000,98129.152847
-5644,3000,98142.102795
-7692,3000,98162.966179
688,3000,98176.132216
-14048,3000,98189.113369
-10504,3000,98202.090161
-15448,3000,98215.348539
-6608,3000,98228.425901
-8828,3000,98241.746508
-12876,3000,98254.960318
-1940,3000,98267.951957
-8752,3000,98281.566015
-18956,3000,98294.715799
-6572,3000,98307.737603
-9432,3000,98321.209272
-4880,3000,98334.506278
-5772,3000,98348.02855
-19620,3000,98360.806834
-260,3000,98373.998664
-10596,3000,98386.807191
-5356,3000,98400.48299
1616,3000,98413.601616
-5380,3000,98427.288889
-1404,3000,98440.795053
-4440,3000,98453.715223
-10568,3000,98467.191741
-7608,3000,98480.052305
-4552,3000,98492.844655
-6684,3000,98505.752169
-1428,3000,98519.538431
-14808,3000,98532.8544
-13808,3000,98546.239924
-11544,3000,98559.555291
-12820,3000,98572.518538
-7472,3000,98585.475638
-2624,3000,98598.92577
-660,3000,98611.733998
-8100,3000,98624.606333
-3392,3000,98638.299518
-3424,3000,98651.659021
-7564,3000,98664.574119
-9728,3000,98677.587194
-8000,3000,98690.497344
-480,3000,98703.61956
-7888,3000,98716.821266
-4772,3000,98730.433061
-2876,3000,98743.082662
-7756,3000,98756.127185
-10484,3000,98768.878774
-11884,3000,98782.125948
-12672,3000,98795.851991
-15020,3000,98808.832369
-10508,3000,98822.601785
-10488,3000,98835.144946
-5552,3000,98847.847615
-9324,3000,98861.439815
-1452,3000,98874.567688
432,3000,98887.583289
-5640,3000,98900.554686
-3512,3000,98913.645039
-6892,3000,98926.607528
-11876,3000,98939.459712
-4680,3000,98952.755572
-4472,3000,98965.254208
-7824,3000,98977.903208
-19544,3000,98991.328776
-17648,3000,99004.552732
-16776,3000,99017.750593
-984,3000,99030.963186
-4892,3000,99050.669803
2124,3000,99063.910547
-2612,3000,99077.615875
-14880,3000,99091.322026
-4616,3000,99104.336012
-12712,3000,99117.017198
-6600,3000,99129.457248
-9772,3000,99142.762422
-8660,3000,99155.746442
-9636,3000,99168.955924
1052,3000,99181.552094
-5668,3000,99194.80917
-12676,3000,99208.081019
-15964,3000,99220.58419
-4496,3000,99233.321682
-6620,3000,99246.483879
-2768,3000,99259.701863
-12576,3000,99272.61777
-8748,3000,99285.643912
-824,3000,99298.447039
-15440,3000,99311.541188
-5416,3000,99324.968601
-9708,3000,99339.006755
-15740,3000,99352.668146
-4812,3000,99365.536955
-10592,3000,99378.679488
-5632,3000,99392.07738
-7688,3000,99404.810083
-1756,3000,99418.409536
-11652,3000,99431.580405
-3448,3000,99443.96276
-15928,3000,99456.79457
-15840,3000,99469.966626
-4808,3000,99483.462726
-11584,3000,99496.944824
-4580,3000,99509.577811
-10784,3000,99522.270908
-4628,3000,99535.444243
-18208,3000,99548.084811
-10860,3000,99560.936191
-14596,3000,99574.644181
-5600,3000,99587.438022
-8824,3000,99600.367163
-1840,3000,99613.305779
-6644,3000,99626.318714
-13060,3000,99639.469836
-6808,3000,99652.906633
-9760,3000,99665.921596
-9512,3000,99678.821823
-15164,3000,99691.506112
-25764,3000,99704.846274
-5396,3000,99718.305364
-18688,3000,99731.101611
-8936,3000,99743.954401
-12748,3000,99756.557443
-8808,3000,99769.5787
-14848,3000,99782.304314
-5848,3000,99795.583572
-11552,3000,99808.908478
-4808,3000,99822.111533
-5832,3000,99834.891991
-7472,3000,99847.233394
-8416,3000,99860.575806
420,3000,99873.477704
400,3000,99886.281707
-7468,3000,99900.049561
1648,3000,99912.701295
-5912,3000,99932.987089
-3620,3000,99946.256146
-13004,3000,99959.835888
5548,3000,99973.855794
-3992,3000,99986.877924
-8864,3000,99999.48306
-10324,3000,100013.13009
-5572,3000,100026.021456
-7640,3000,100039.664248
-2640,3000,100053.017173
-5624,3000,100066.099497
-3796,3000,100079.052575
-2788,3000,100091.708409
-10680,3000,100105.083381
2652,3000,100118.511665
-4692,3000,100131.518154
-4840,3000,100144.454784
28,3000,100157.493885
-16496,3000,100170.913954
-5772,3000,100183.82655
-14868,3000,100197.042868
-9000,3000,100210.001967
-5876,3000,100223.245767
-5568,3000,100235.879605
-10580,3000,100249.369095
-5680,3000,100263.064236
-13616,3000,100276.420167
-7500,3000,100289.33595
-8644,3000,100301.886881
-9016,3000,100315.0156
5424,3000,100328.88968
-3728,3000,100342.429267
-4908,3000,100355.757035
-10832,3000,100368.826669
-3468,3000,100382.073025
-11536,3000,100394.541272
-12688,3000,100407.264869
-7456,3000,100420.849917
-8728,3000,100433.133789
-8672,3000,100446.312234
-7720,3000,100459.25553
-6764,3000,100472.327668
-936,3000,100485.535414
-7516,3000,100498.789455
-10700,3000,100512.031893
-6484,3000,100525.587226
-15004,3000,100538.236867
-4636,3000,100551.011577
-10648,3000,100563.608094
-9740,3000,100576.353172
-2192,3000,100589.499775
-10548,3000,100602.666415
-5196,3000,100615.578901
-9600,3000,100628.313835
-6836,3000,100641.420148
-10024,3000,100654.637803
-5836,3000,100667.822471
-5816,3000,100680.796858
-11012,3000,100694.292711
-11648,3000,100707.16578
-5600,3000,100720.265003
-15952,3000,100733.717898
-1772,3000,100746.535519
-8588,3000,100759.940194
-7524,3000,100772.991925
-7636,3000,100786.552876
-2816,3000,100806.506715
-5400,3000,100819.402397
-7548,3000,100832.731758
-5804,3000,100845.767668
-8732,3000,100859.034954
-5928,3000,100872.671339
-17992,3000,100885.468457
-6576,3000,100899.032118
-9804,3000,100911.868057
-3928,3000,100924.59843
-8820,3000,100937.092628
-7720,3000,100949.982048
-9404,3000,100962.807347
-2744,3000,100976.142406
-2364,3000,100989.789404
-6608,3000,101002.575387
-10720,3000,101015.132269
-8544,3000,101028.22532
-16836,3000,101040.984607
-1392,3000,101054.523022
-10500,3000,101068.196954
-4476,3000,101080.850327
-7732,3000,101093.763485
-3900,3000,101106.452241
-9552,3000,101120.655884
-472,3000,101133.367553
-6672,3000,101147.048518
-736,3000,101159.736209
-8892,3000,101173.184755
-17896,3000,101186.088114
-2684,3000,101199.054189
-2548,3000,101211.752796
-10632,3000,101224.743927
-18436,3000,101238.070607
-15908,3000,101250.821184
-10740,3000,101263.93189
-18412,3000,101276.875422
-8884,3000,101290.068782
-8396,3000,101303.333508
-15588,3000,101316.53246
-10960,3000,101328.858057
-14680,3000,101341.516605
-15484,3000,101355.412868
-5624,3000,101368.833358
-6544,3000,101381.939864
-4652,3000,101395.072975
-9492,3000,101408.073707
-11332,3000,101421.486531
-10776,3000,101434.189554
-1736,3000,101447.153113
-10580,3000,101460.550121
-6652,3000,101474.372255
-8756,3000,101486.945399
-11624,3000,101499.837294
-7832,3000,101513.714447
-3632,3000,101526.867949
-10832,3000,101540.234119
-16848,3000,101552.991476
-12748,3000,101566.268339
-10788,3000,101579.361099
-4880,3000,101592.548693
-9600,3000,101605.517525
-10568,3000,101618.820354
-11416,3000,101631.908805
2072,3000,101645.146936
-10900,3000,101658.470196
-5608,3000,101671.410029
-7544,3000,101691.863498
-7084,3000,101704.977059
-7832,3000,101718.065969
-9532,3000,101731.795263
-4240,3000,101744.80681
-7536,3000,101758.138655
-4684,3000,101771.576123
-14456,3000,101784.683418
-4620,3000,101797.240765
-4912,3000,101809.961525
-6524,3000,101823.326095
-4692,3000,101836.82215
-8448,3000,101849.551769
472,3000,101862.813329
-13612,3000,101875.601834
-5872,3000,101888.746802
-8896,3000,101902.030938
-5780,3000,101914.82121
-11748,3000,101928.339425
-7592,3000,101941.334156
-3640,3000,101953.710804
-9796,3000,101966.465465
-864,3000,101979.089743
-8444,3000,101992.302813
-6560,3000,102005.125681
-4436,3000,102018.088518
-8676,3000,102031.457987
-3644,3000,102044.558033
-7600,3000,102058.482068
-14632,3000,102071.783207
3896,3000,102084.797453
-5856,3000,102098.173415
-5608,3000,102111.296729
-15752,3000,102124.115074
-1428,3000,102136.614651
-4688,3000,102150.038922
-10752,3000,102162.948841
-10592,3000,102176.014357
-11912,3000,102188.487551
-14748,3000,102201.520693
-5780,3000,102214.662149
-9824,3000,102228.077206
-8392,3000,102241.532675
-5592,3000,102254.809791
-11684,3000,102267.788242
-4808,3000,102280.721993
-1612,3000,102294.008838
-5796,3000,102308.212841
-10624,3000,102321.617351
-10536,3000,102335.475663
-6132,3000,102348.609465
-5436,3000,102362.109158
-13360,3000,102375.795648
-11420,3000,102389.087309
-10672,3000,102401.843046
-7528,3000,102415.21603
-18740,3000,102428.892631
-4956,3000,102441.921891
-9660,3000,102454.960527
-11572,3000,102467.923468
-2660,3000,102480.922668
-11600,3000,102494.412264
-12588,3000,102507.371998
-3624,3000,102520.303834
-6800,3000,102533.04489
-2160,3000,102546.731076
-11416,3000,102560.122267
-11772,3000,102580.886149
-7684,3000,102593.714327
-5424,3000,102606.875838
-5596,3000,102620.188965
-10724,3000,102633.741128
-6292,3000,102647.177276
-7492,3000,102660.392815
-8548,3000,102673.785038
-4760,3000,102687.030051
-6492,3000,102700.615689
-11616,3000,102713.461207
368,3000,102726.197594
-2872,3000,102738.702244
-5904,3000,102751.415922
-6532,3000,102764.836397
-9420,3000,102778.134099
-620,3000,102790.827373
-16044,3000,102803.504484
-812,3000,102816.758864
-7000,3000,102829.042119
-5496,3000,102842.349182
-2664,3000,102855.156538
-7956,3000,102868.815222
-712,3000,102881.575419
-7400,3000,102895.021782
-1740,3000,102908.126248
-1800,3000,102920.534476
-4940,3000,102933.631911
-636,3000,102947.185939
-14272,3000,102960.679234
-4640,3000,102974.134006
-324,3000,102987.091442
-9904,3000,102999.939314
-8776,3000,103012.548968
-8632,3000,103025.908965
-10692,3000,103039.695752
-12412,3000,103053.147463
-8876,3000,103066.202423
-10776,3000,103079.030616
-9632,3000,103092.369478
-10448,3000,103105.739
-5760,3000,103118.566213
-8816,3000,103131.506449
-7972,3000,103144.176735
-4852,3000,103157.723476
-7484,3000,103170.911953
-12672,3000,103183.99013
-8912,3000,103196.813917
-256,3000,103209.477658
-8404,3000,103222.490676
-2540,3000,103235.276933
-16804,3000,103248.058369
-6784,3000,103260.951404
-1584,3000,103274.07125
-12768,3000,103287.484818
-1460,3000,103300.49986
-6724,3000,103313.444282
-10720,3000,103326.823805
-5888,3000,103339.983711
-9496,3000,103352.459042
-10880,3000,103366.139978
-15680,3000,103379.221499
-14068,3000,103392.154631
-11320,3000,103406.052862
-7416,3000,103419.411642
-7532,3000,103433.501944
-9488,3000,103453.572103
-12764,3000,103467.284286
-9432,3000,103480.597822
-2492,3000,103493.609358
-7872,3000,103507.140474
-13544,3000,103520.116113
-7736,3000,103533.606703
-12740,3000,103547.257682
-5712,3000,103560.801442
-784,3000,103573.544886
-19716,3000,103586.099246
-6980,3000,103598.692375
-8652,3000,103612.0924
-1940,3000,103625.356169
-2584,3000,103638.740909
-12752,3000,103651.754547
-13636,3000,103665.064985
-9916,3000,103677.713848
-13688,3000,103691.187413
-8772,3000,103704.096791
3360,3000,103717.367881
-6712,3000,103730.407776
-9100,3000,103743.275613
-8444,3000,103756.626038
-7024,3000,103769.371483
-16588,3000,103782.273528
-15692,3000,103795.752846
-3656,3000,103808.659691
-8776,3000,103821.847058
-12752,3000,103835.336969
-4888,3000,103848.144784
-6444,3000,103861.772307
-10340,3000,103875.058007
-7572,3000,103888.256658
-2696,3000,103901.466456
-12924,3000,103914.360771
-4540,3000,103927.637059
-4380,3000,103940.421509
-3376,3000,103953.610034
-11812,3000,103966.091257
-2568,3000,103979.276242
-5776,3000,103992.170843
-5632,3000,104005.352861
-6960,3000,104018.486742
-5780,3000,104031.431018
-7572,3000,104045.196969
-7608,3000,104058.918855
-8668,3000,104072.22807
-4452,3000,104085.830183
-7196,3000,104099.027013
-4932,3000,104111.31071
-4676,3000,104124.615041
-6480,3000,104137.765504
-5532,3000,104150.895371
-8396,3000,104165.456994
-7676,3000,104178.924566
-3900,3000,104192.938958
-12664,3000,104206.294215
-12640,3000,104220.166824
-16992,3000,104233.245315
-7912,3000,104246.695984
-13448,3000,104260.12958
-5736,3000,104272.730331
-7792,3000,104285.942764
-10524,3000,104299.322569
-4904,3000,104312.056592
-6668,3000,104325.226458
-10544,3000,104346.904637
-12976,3000,104360.091604
-11492,3000,104374.46686
-7548,3000,104389.251944
-6704,3000,104403.175208
-8704,3000,104416.557402
356,3000,104429.356759
-8608,3000,104441.751348
-8572,3000,104454.591854
-3876,3000,104466.901029
-11704,3000,104480.293396
-7692,3000,104493.176804
-4840,3000,104505.433521
-10812,3000,104517.765547
-15652,3000,104530.808478
-1912,3000,104543.735825
-14772,3000,104556.710779
-1516,3000,104570.137449
-4408,3000,104583.683323
-2536,3000,104597.181767
-5880,3000,104610.61855
-5516,3000,104623.928133
-13780,3000,104637.041278
-8760,3000,104650.717921
-5384,3000,104663.96339
-9748,3000,104677.050057
-7496,3000,104690.4686
-3844,3000,104703.57177
-4680,3000,104717.044437
-8476,3000,104730.525905
-912,3000,104743.829721
-5808,3000,104756.910872
-3820,3000,104769.905579
-11760,3000,104782.882233
-7708,3000,104795.730471
-9856,3000,104808.773857
-6676,3000,104821.389658
-12440,3000,104834.831966
-15832,3000,104848.498681
-11452,3000,104862.322296
-12368,3000,104875.04874
-6836,3000,104887.568593
-3588,3000,104900.487443
-7832,3000,104914.02455
-9620,3000,104926.990833
-8736,3000,104939.529143
-12712,3000,104953.131633
-5588,3000,104965.980344
-10444,3000,104979.543398
-3564,3000,104992.935628
-9696,3000,105005.74026
-3572,3000,105018.361234
-1572,3000,105031.320726
-5952,3000,105044.216726
-6780,3000,105056.969827
-8632,3000,105069.784404
-9388,3000,105082.72758
-8152,3000,105095.718268
-11688,3000,105109.045482
-7864,3000,105121.933271
-5704,3000,105135.130826
-8564,3000,105147.782391
-3660,3000,105160.603997
-11728,3000,105173.355753
-2616,3000,105186.50526
-552,3000,105199.985718
-2488,3000,105213.375551
-6464,3000,105233.775935
-7732,3000,105247.114564
-6624,3000,105260.703485
-12972,3000,105274.180932
-2604,3000,105287.123279
-4396,3000,105300.130214
-7624,3000,105312.9354
-4704,3000,105325.350505
-9780,3000,105338.290887
-3736,3000,105351.272351
-5560,3000,105364.189964
-18756,3000,105377.095749
-572,3000,105390.068519
-11944,3000,105402.700775
-1552,3000,105415.62567
-9684,3000,105428.001315
-4564,3000,105440.77992
-9536,3000,105453.378518
-8952,3000,105466.000664
-5792,3000,105479.056718
-11064,3000,105492.275963
-16616,3000,105505.211786
-9900,3000,105517.429879
-2492,3000,105530.628823
-3416,3000,105543.466539
-7588,3000,105555.926236
-4276,3000,105569.166831
-13112,3000,105582.028301
-13640,3000,105595.213459
-7740,3000,105608.223534
-3400,3000,105621.465178
-364,3000,105634.369175
-6912,3000,105647.259842
-2528,3000,105660.481117
-1564,3000,105673.748606
-9684,3000,105686.766932
-2332,3000,105700.196316
-1648,3000,105713.114734
-4676,3000,105726.504399
-3612,3000,105739.648468
-776,3000,105752.629777
660,3000,105765.805327
-10528,3000,105778.65239
-4580,3000,105791.498401
-12568,3000,105804.174861
-10664,3000,105817.928454
-9492,3000,105830.95152
-8744,3000,105843.630289
-8736,3000,105856.607263
-796,3000,105869.823799
4452,3000,105883.349839
-9544,3000,105896.830538
-9784,3000,105909.866128
-3648,3000,105922.983158
-5488,3000,105936.285944
-2704,3000,105949.552046
-8576,3000,105962.927672
-5684,3000,105976.204637
-11848,3000,105989.798125
-9624,3000,106003.025422
-2752,3000,106016.640482
-6720,3000,106029.817523
-3644,3000,106043.189679
-6596,3000,106056.668685
-7508,3000,106070.013393
-6144,3000,106082.448375
-7612,3000,106102.921031
-2444,3000,106116.749244
-5724,3000,106129.560883
-5472,3000,106142.717179
-10860,3000,106155.563639
-4560,3000,106169.035841
-2548,3000,106181.423345
-2596,3000,106194.696965
-5372,3000,106207.50713
-3504,3000,106220.42243
-15832,3000,106233.185966
-5496,3000,106246.357976
-3248,3000,106259.540564
-12560,3000,106272.840377
-10656,3000,106286.023177
-11416,3000,106299.002049
-10704,3000,106311.981216
-7484,3000,106324.796615
-3316,3000,106337.958335
-9576,3000,106351.203568
-11724,3000,106364.029123
-16604,3000,106376.65329
-4924,3000,106389.097017
-8672,3000,106402.29933
-4844,3000,106415.554923
-5832,3000,106428.293545
-1056,3000,106441.026458
-9596,3000,106453.573444
-828,3000,106466.404162
-8560,3000,106479.910959
-22564,3000,106493.092813
-1744,3000,106505.800029
-9708,3000,106518.517288
-1680,3000,106531.423031
-4612,3000,106544.35277
-13736,3000,106557.809311
-7860,3000,106570.919277
1216,3000,106584.326914
-1688,3000,106596.904679
-9540,3000,106609.892845
-16552,3000,106623.268398
-6464,3000,106636.21454
-2300,3000,106649.566051
-11540,3000,106662.740554
-5576,3000,106675.550997
-14792,3000,106689.150002
-6964,3000,106702.189265
-2784,3000,106715.394433
-4852,3000,106728.21515
-7924,3000,106741.688427
-568,3000,106754.538815
-6548,3000,106767.277773
-608,3000,106780.233166
-3504,3000,106793.416741
-8676,3000,106805.948076
-7624,3000,106819.194621
-8264,3000,106832.893223
-14752,3000,106846.582026
-13884,3000,106860.031201
-1556,3000,106873.768629
-11668,3000,106887.552685
-12692,3000,106900.770531
-10632,3000,106914.521687
-9616,3000,106928.091314
-13056,3000,106941.1784
-8680,3000,106954.193851
-5544,3000,106967.521475
-10792,3000,106987.715943
-2572,3000,107001.008517
-6616,3000,107014.305259
-20020,3000,107027.919305
-6360,3000,107041.518222
-7596,3000,107054.50036
-7760,3000,107067.507962
-11456,3000,107080.56458
-3788,3000,107093.837513
-7532,3000,107106.738689
-9748,3000,107119.652884
-13484,3000,107132.925236
-12820,3000,107146.046353
-2708,3000,107159.002336
-12780,3000,107172.281712
-5924,3000,107185.042935
-11724,3000,107197.544963
-12740,3000,107210.423524
-5448,3000,107223.50194
-8708,3000,107236.689376
-5676,3000,107249.414356
-9708,3000,107263.138132
-14896,3000,107276.193162
-10796,3000,107289.683603
-8336,3000,107302.210417
-6508,3000,107314.879199
-13508,3000,107327.716186
-12544,3000,107340.792247
-1584,3000,107354.367562
-4100,3000,107367.741064
-11808,3000,107380.606804
-11584,3000,107393.309798
-7312,3000,107406.540672
-12672,3000,107419.699812
-17684,3000,107432.363188
-4116,3000,107444.896288
-7764,3000,107457.720559
-7708,3000,107470.682191
-1632,3000,107483.506201
-11556,3000,107496.514863
-17660,3000,107509.575264
1424,3000,107521.787068
-13552,3000,107534.714175
-12672,3000,107548.172741
-9428,3000,107561.202734
-12696,3000,107573.943177
-6820,3000,107586.806975
-10976,3000,107600.461248
-5668,3000,107613.657315
-3804,3000,107626.748793
-4492,3000,107639.867788
-3640,3000,107652.89223
-9868,3000,107666.62618
-11244,3000,107680.339987
-8720,3000,107693.287834
-4756,3000,107706.426039
-4736,3000,107719.180853
-5740,3000,107731.848612
-7996,3000,107744.34995
-9688,3000,107757.251531
-11648,3000,107769.977377
-13684,3000,107782.865007
-7428,3000,107796.311121
380,3000,107809.336773
-340,3000,107822.572242
-4560,3000,107835.124964
-10884,3000,107848.69188
-11696,3000,107868.993297
-13524,3000,107882.07158
-5376,3000,107895.341114
-7584,3000,107908.184669
-9544,3000,107921.130504
-4584,3000,107934.424447
-10456,3000,107947.425445
-3836,3000,107960.468922
-8160,3000,107974.138885
-6784,3000,107986.781767
-4636,3000,107999.963788
-2552,3000,108012.665813
-2956,3000,108026.010983
-7852,3000,108039.06919
-2616,3000,108051.885482
-4472,3000,108065.116699
-12704,3000,108078.257461
-11660,3000,108091.502398
-3424,3000,108104.309088
-2344,3000,108117.25589
-10912,3000,108129.803968
-12464,3000,108143.52948
-14704,3000,108155.961259
-2396,3000,108168.720601
-10584,3000,108182.088759
-6540,3000,108194.94385
-11980,3000,108207.525989
-5620,3000,108220.385308
-16708,3000,108233.330065
-3784,3000,108246.312242
-6692,3000,108259.64393
-8616,3000,108272.920424
-12736,3000,108285.965887
-4692,3000,108299.394652
-5716,3000,108312.685152
-3744,3000,108325.476592
-2812,3000,108338.139363
-3580,3000,108350.760313
-4864,3000,108363.827867
-5632,3000,108376.999935
-5580,3000,108390.137955
-9680,3000,108402.910115
1500,3000,108415.910942
-7860,3000,108428.839428
-5172,3000,108441.376373
-9488,3000,108454.703996
-6968,3000,108467.853294
-6792,3000,108480.995173
-13696,3000,108493.786064
-4856,3000,108506.316543
-4744,3000,108519.472654
-1604,3000,108533.13341
-8504,3000,108546.312649
-6896,3000,108559.226466
-5824,3000,108572.800323
-11936,3000,108585.793461
-6716,3000,108597.997219
-11896,3000,108610.793229
-4612,3000,108623.773311
-9792,3000,108636.777864
-13816,3000,108649.581877
-10020,3000,108662.477282
-4508,3000,108675.973966
-2612,3000,108689.084629
-1892,3000,108701.841755
-1832,3000,108715.325549
-9680,3000,108735.520182
-10572,3000,108748.399778
-12536,3000,108762.344166
-9648,3000,108775.509419
-13556,3000,108788.72372
256,3000,108801.961794
-6560,3000,108815.775812
-6036,3000,108828.288736
-10692,3000,108841.122005
-7592,3000,108854.484435
-3548,3000,108867.538073
-5416,3000,108881.026521
-4452,3000,108893.668221
-500,3000,108906.383167
-10776,3000,108919.324363
-6660,3000,108931.966415
-10724,3000,108944.914264
-7260,3000,108957.792922
-10660,3000,108970.976112
-13656,3000,108984.344203
-12496,3000,108997.644863
-4652,3000,109011.044938
-9560,3000,109024.687129
-4672,3000,109037.855182
-17580,3000,109050.832547
-6540,3000,109064.295168
1264,3000,109077.350445
-7716,3000,109090.252859
-11740,3000,109103.005445
-5508,3000,109115.86184
-7888,3000,109128.531641
-3656,3000,109141.650288
-7884,3000,109154.591837
-9660,3000,109167.910042
-2880,3000,109180.424899
-6752,3000,109193.377013
-3864,3000,109206.350253
-852,3000,109219.830812
-2844,3000,109232.817999
-6956,3000,109244.965894
-12104,3000,109257.799168
-13724,3000,109271.12589
-7952,3000,109284.156146
-2200,3000,109297.436529
-1840,3000,109309.873261
-3916,3000,109322.770649
-6684,3000,109336.276028
-3900,3000,109349.00918
-3600,3000,109362.074731
-3732,3000,109374.210758
-5628,3000,109386.92438
5400,3000,109399.897552
-1768,3000,109412.767581
-6336,3000,109425.905579
-6860,3000,109438.883793
-9640,3000,109450.690692
-10804,3000,109463.82708
-2908,3000,109477.156351
-11644,3000,109490.051522
4460,3000,109502.893287
-8344,3000,109515.860017
-3872,3000,109528.489949
-9672,3000,109541.479087
-10744,3000,109554.500043
-5320,3000,109567.629242
-8636,3000,109580.848532
-6376,3000,109594.040859
-4776,3000,109614.307068
-14060,3000,109627.527184
-7284,3000,109640.904302
-5720,3000,109653.819501
-7720,3000,109667.038335
-7692,3000,109679.963037
-4700,3000,109693.182115
-5224,3000,109706.403759
-4760,3000,109719.65639
-8744,3000,109732.916168
-14960,3000,109746.054896
-3708,3000,109759.205019
-3532,3000,109772.774764
-8496,3000,109786.629184
-2516,3000,109799.686718
-8740,3000,109812.800942
-15496,3000,109826.086712
-5688,3000,109839.873192
-3656,3000,109853.175321
-7000,3000,109866.548275
-3864,3000,109879.628669
-8576,3000,109892.996429
-7696,3000,109906.594116
-4852,3000,109919.982727
-5888,3000,109932.556464
-1692,3000,109945.381441
-5296,3000,109958.218474
-6964,3000,109971.214118
-10052,3000,109983.780018
-16832,3000,109996.850896
-1552,3000,110010.309357
-6528,3000,110023.745539
-8512,3000,110036.535424
-19692,3000,110049.782415
-9576,3000,110063.462812
-10672,3000,110076.655043
-6808,3000,110089.778804
452,3000,110102.783851
-10328,3000,110116.345742
-8996,3000,110129.244837
-14660,3000,110142.674379
596,3000,110155.470336
-9768,3000,110168.209687
-5776,3000,110181.968615
-2604,3000,110194.91466
-11700,3000,110208.120319
-10948,3000,110221.712528
-18704,3000,110234.842123
232,3000,110247.574577
-4692,3000,110260.766996
-6860,3000,110273.094495
-7968,3000,110286.202854
-7556,3000,110299.416904
-7568,3000,110312.635128
-1568,3000,110326.516826
-8832,3000,110339.384018
-10688,3000,110352.858331
-11368,3000,110366.747795
-1756,3000,110379.857655
-21808,3000,110393.346183
-5628,3000,110407.092722
-11888,3000,110420.47896
-5560,3000,110433.848087
-584,3000,110447.043733
-2408,3000,110460.279433
-10524,3000,110473.797628
-6292,3000,110486.898794
-4900,3000,110506.669352
-18684,3000,110519.686518
-6492,3000,110533.248327
-8576,3000,110546.424259
-4484,3000,110559.499995
-2756,3000,110572.186466
-6872,3000,110584.680862
-7448,3000,110597.987154
-4584,3000,110611.052695
-7880,3000,110623.610286
-15700,3000,110636.348775
-11804,3000,110649.711328
-3528,3000,110662.871708
-616,3000,110675.537195
-8572,3000,110688.782973
-6332,3000,110702.041224
-1448,3000,110714.828365
-1576,3000,110727.633579
-2616,3000,110740.477799
-12712,3000,110753.460405
-15560,3000,110767.627543
-12632,3000,110780.499174
-5528,3000,110793.755398
-11952,3000,110806.761498
-1784,3000,110819.729753
-2932,3000,110832.851312
-13496,3000,110845.744806
-1872,3000,110858.699181
-5560,3000,110872.072542
-9576,3000,110885.558851
-3924,3000,110897.859083
-2600,3000,110911.078025
-6472,3000,110924.400024
-2596,3000,110937.732167
-6796,3000,110950.736618
-3700,3000,110963.677747
-8392,3000,110977.322206
-15464,3000,110991.365026
-3428,3000,111004.789314
-1564,3000,111018.158475
-15500,3000,111031.66645
-8544,3000,111045.100876
-8884,3000,111058.353224
-6460,3000,111071.791983
-4412,3000,111084.923598
-7700,3000,111097.721309
-6944,3000,111110.739124
1044,3000,111124.773634
-2588,3000,111138.108873
-7592,3000,111151.471961
-5700,3000,111165.001639
-9768,3000,111177.557346
-2556,3000,111190.519502
-5636,3000,111203.620603
3348,3000,111216.597903
-6956,3000,111229.199304
-5872,3000,111242.099164
-9216,3000,111254.469482
-13864,3000,111268.252644
-4944,3000,111281.572052
-8032,3000,111294.624294
-10456,3000,111308.128312
-8616,3000,111321.161159
-10536,3000,111334.396991
-13716,3000,111347.173344
-3868,3000,111360.895643
-512,3000,111381.713145
-5700,3000,111395.069456
-7808,3000,111407.983661
-1596,3000,111421.44294
-13572,3000,111435.138812
-2604,3000,111448.080259
-13620,3000,111461.123325
-10888,3000,111474.058331
-10496,3000,111487.360831
-4368,3000,111500.855813
-7624,3000,111514.069567
-10644,3000,111527.299985
-9412,3000,111540.213477
-9492,3000,111554.377133
-12624,3000,111568.085473
-3628,3000,111580.993296
-8656,3000,111594.891119
-8936,3000,111608.078412
-15028,3000,111621.200822
-8828,3000,111633.697515
-808,3000,111646.945537
-528,3000,111660.212792
-13592,3000,111673.379247
-9572,3000,111686.774455
-11744,3000,111699.740063
-2816,3000,111713.17832
-3596,3000,111726.191324
-6608,3000,111739.354428
-13200,3000,111753.252078
-5688,3000,111766.5495
-13776,3000,111779.818202
-4952,3000,111792.796518
-4584,3000,111806.33607
-9680,3000,111819.587051
-9652,3000,111832.91117
436,3000,111845.954562
-6988,3000,111859.267229
-468,3000,111872.575541
-9464,3000,111886.296268
-8656,3000,111898.866136
-7828,3000,111912.072302
-4764,3000,111925.614136
-4592,3000,111939.495582
1292,3000,111952.417977
-17600,3000,111966.058719
-7600,3000,111978.953198
-5504,3000,111992.566522
-7644,3000,112005.934934
-13616,3000,112019.320518
-4008,3000,112031.80228
-7632,3000,112044.473178
-5660,3000,112057.209221
-3972,3000,112070.44935
-15096,3000,112083.712055
-8276,3000,112097.42073
-9580,3000,112110.89393
-10520,3000,112124.148353
-2616,3000,112137.266627
-8840,3000,112150.906326
-9836,3000,112163.825466
-6700,3000,112177.170095
-6656,3000,112189.960004
-7948,3000,112204.286943
-1456,3000,112217.974526
-14780,3000,112231.24965
-4740,3000,112244.618194
-16776,3000,112257.954453
-12980,3000,112278.082718
-4760,3000,112291.723974
-728,3000,112305.571304
-13820,3000,112318.9671
-11944,3000,112331.878649
-6720,3000,112344.544654
-3900,3000,112357.819335
-18724,3000,112371.025484
-8436,3000,112384.413289
-11776,3000,112397.975448
-8832,3000,112411.486369
-4944,3000,112424.82171
1304,3000,112438.176993
-17816,3000,112451.36352
-4336,3000,112465.503167
-7640,3000,112479.185346
-12696,3000,112492.533459
-4728,3000,112505.582942
-9696,3000,112519.15542
-6884,3000,112532.58233
-8720,3000,112546.163209
-2668,3000,112559.521435
-13524,3000,112572.683352
-1908,3000,112585.828469
-9944,3000,112599.126453
-1944,3000,112612.054886
-8844,3000,112625.246441
-6200,3000,112639.470559
-5784,3000,112653.001162
-5540,3000,112666.583355
-13684,3000,112679.463961
216,3000,112692.359799
-4992,3000,112705.636025
-7708,3000,112719.271476
-9652,3000,112732.482837
-11784,3000,112745.187532
-4488,3000,112758.442746
-10284,3000,112772.232172
-6784,3000,112785.478585
-10580,3000,112799.13499
-1540,3000,112812.346829
-5424,3000,112825.969194
-7748,3000,112839.639425
-16656,3000,112852.282772
-5656,3000,112865.874835
-12876,3000,112879.310936
-684,3000,112891.965769
-7748,3000,112904.57478
-19476,3000,112918.405422
-10588,3000,112931.419478
-8588,3000,112944.603449
-8856,3000,112958.268626
-7960,3000,112970.823047
-5532,3000,112983.918577
-6692,3000,112997.410751
-6836,3000,113010.250628
-7564,3000,113023.055182
-6836,3000,113036.58197
-9776,3000,113049.61214
-14844,3000,113062.524574
-856,3000,113075.210234
-8736,3000,113088.12703
-848,3000,113100.818027
-8760,3000,113113.709176
-4804,3000,113126.884219
-14048,3000,113139.225245
-7752,3000,113152.046089
-7600,3000,113172.114857
-9828,3000,113184.923527
-6700,3000,113198.31334
-10324,3000,113211.633378
-11808,3000,113225.20044
-7528,3000,113239.006917
-13084,3000,113251.670303
-7404,3000,113265.356178
-17796,3000,113279.222011
-4444,3000,113292.625858
-1548,3000,113305.636264
-6588,3000,113318.59857
-12668,3000,113331.531288
-2396,3000,113344.217611
-16568,3000,113357.920753
-4676,3000,113371.036971
-3608,3000,113384.871397
-7760,3000,113398.151355
-4564,3000,113411.598136
-7580,3000,113425.126806
-10076,3000,113438.730139
-7880,3000,113452.415615
-9608,3000,113465.030374
-3620,3000,113478.058553
-3316,3000,113491.892514
-5568,3000,113505.259703
-588,3000,113518.669856
2572,3000,113531.838618
-7824,3000,113545.651644
-16972,3000,113558.900992
-7448,3000,113572.068348
-7680,3000,113586.037615
3180,3000,113598.8368
-804,3000,113612.260885
-1508,3000,113625.953117
-9908,3000,113638.973334
-9584,3000,113652.285651
-2944,3000,113665.575456
-7540,3000,113678.526206
-5740,3000,113691.295661
-2792,3000,113704.339902
-5568,3000,113717.829628
-1432,3000,113731.517511
-13888,3000,113744.858749
-4892,3000,113758.095782
-9796,3000,113771.047625
-3800,3000,113784.750529
-9884,3000,113797.367082
-7712,3000,113810.639573
-4476,3000,113824.850739
-7920,3000,113837.963838
-2628,3000,113851.066448
-3932,3000,113864.112914
-11848,3000,113877.155963
-4836,3000,113890.111449
-2000,3000,113904.105219
-9924,3000,113917.167576
-11736,3000,113930.176127
-9692,3000,113943.633297
-17728,3000,113957.227999
-4060,3000,113969.926052
-10852,3000,113982.882049
-2736,3000,113996.686387
-16992,3000,114009.941384
-9572,3000,114023.22664
-10716,3000,114037.190599
-24748,3000,114057.212227
-5560,3000,114070.135864
-4440,3000,114082.98033
-17760,3000,114096.457214
-8684,3000,114110.575496
-3628,3000,114123.694024
-7508,3000,114137.424268
-20192,3000,114150.949434
300,3000,114164.266681
-5540,3000,114177.844606
-10748,3000,114191.066595
484,3000,114204.33609
-1448,3000,114217.989646
-4800,3000,114231.454904
-10936,3000,114244.43358
-4672,3000,114257.720184
-2684,3000,114270.990525
-3492,3000,114283.933531
-14580,3000,114297.199815
-3536,3000,114310.43043
-6856,3000,114323.717909
-3664,3000,114337.08535
-5664,3000,114350.962264
-14508,3000,114364.682431
-7276,3000,114377.855019
-4596,3000,114390.683734
-2648,3000,114404.342785
-9876,3000,114417.685344
-6988,3000,114430.565238
-5716,3000,114443.703787
500,3000,114456.181294
-9712,3000,114468.519041
-11916,3000,114481.552114
-384,3000,114495.429726
-5924,3000,114508.247272
-5696,3000,114521.714021
-6824,3000,114534.877166
-10664,3000,114547.924443
-11892,3000,114561.484321
-7844,3000,114574.978487
-1020,3000,114588.184669
-8956,3000,114600.775537
-8440,3000,114614.383176
-14748,3000,114627.898906
-7468,3000,114641.03292
-4816,3000,114653.957088
-11880,3000,114666.939035
-2708,3000,114679.901942
-4932,3000,114693.335373
-10616,3000,114706.462554
-10952,3000,114719.486422
-1536,3000,114732.600603
-16708,3000,114746.511344
-17112,3000,114759.715032
-3632,3000,114773.445706
-10032,3000,114786.243659
-16632,3000,114799.969578
-1560,3000,114814.016449
-9860,3000,114826.929023
-5584,3000,114840.035915
-9436,3000,114853.712759
-11560,3000,114867.746805
-8832,3000,114881.143967
-8648,3000,114894.448701
-10520,3000,114908.501595
-21696,3000,114921.576694
-12800,3000,114934.845202
-4660,3000,114955.632354
-4876,3000,114969.536435
-4604,3000,114983.050705
-11764,3000,114995.718929
-9776,3000,115008.823174
-4676,3000,115022.408826
-496,3000,115036.435064
-11756,3000,115049.843827
-8480,3000,115063.056396
-9748,3000,115076.677252
-6840,3000,115089.912564
-7532,3000,115103.478987
-5532,3000,115116.500454
-4828,3000,115129.14227
-8956,3000,115142.430049
-6788,3000,115155.535287
-14052,3000,115168.326373
-6720,3000,115181.449649
-8764,3000,115194.796843
-9624,3000,115207.964929
-11072,3000,115221.706784
-5780,3000,115234.529518
-11616,3000,115247.193538
-3568,3000,115260.840611
-14684,3000,115273.753868
-2724,3000,115287.142309
-572,3000,115300.893837
-3816,3000,115313.962893
-11760,3000,115326.823079
-5528,3000,115340.102766
-3820,3000,115352.761011
-12716,3000,115365.952231
-6708,3000,115378.351272
-5864,3000,115391.261864
-4884,3000,115403.791419
-9036,3000,115416.953931
-9560,3000,115430.216511
-9540,3000,115443.137917
-4012,3000,115455.983883
-3740,3000,115468.854517
-10916,3000,115481.63389
-10000,3000,115495.018498
-8432,3000,115508.296363
-7860,3000,115521.450196
-9836,3000,115534.315598
-13848,3000,115546.674084
-1556,3000,115560.547491
-5852,3000,115573.429187
-1712,3000,115586.455728
-10736,3000,115600.098078
-9592,3000,115613.637625
-12976,3000,115627.441457
-6628,3000,115641.589301
-1748,3000,115654.851094
-2784,3000,115668.219821
-14836,3000,115681.303523
-4764,3000,115694.98595
-4612,3000,115709.160614
-1660,3000,115722.506685
-9684,3000,115735.477813
-11832,3000,115749.114072
-9988,3000,115762.762646
-4740,3000,115776.03702
-4040,3000,115789.182174
-13680,3000,115802.315518
1184,3000,115815.74235
-2628,3000,115829.169324
-16388,3000,115850.255789
-11564,3000,115863.792732
-16472,3000,115876.892486
2388,3000,115890.221695
-7516,3000,115903.312354
-1404,3000,115917.210296
-10708,3000,115930.437371
-1976,3000,115943.759269
-14492,3000,115957.385679
-10944,3000,115971.21081
-10548,3000,115984.516955
-8832,3000,115997.903567
-2780,3000,116010.74433
-740,3000,116024.373435
-4928,3000,116038.031708
-6756,3000,116051.081167
-8688,3000,116064.655786
-9616,3000,116077.893957
-9860,3000,116090.924264
-5396,3000,116104.419142
-8876,3000,116117.75961
-7568,3000,116131.05455
-6524,3000,116144.302191
252,3000,116158.39959
-8796,3000,116171.912211
-14880,3000,116185.742923
-9916,3000,116199.325155
-11756,3000,116212.805782
-5824,3000,116225.9152
-3988,3000,116238.494344
-9952,3000,116251.782645
-8948,3000,116265.522089
-6844,3000,116278.84729
-8012,3000,116292.480734
-560,3000,116306.067128
-2764,3000,116318.866532
-588,3000,116332.233879
-9804,3000,116345.11256
-12644,3000,116358.48438
-5864,3000,116371.307775
-7908,3000,116383.442122
-11660,3000,116396.956486
-4672,3000,116410.130729
-10924,3000,116423.696442
-4608,3000,116436.936744
-3932,3000,116449.89688
-8876,3000,116462.616321
-2964,3000,116475.694858
-9588,3000,116489.4355
-10292,3000,116502.527268
-15628,3000,116516.469896
-13664,3000,116530.492278
-12404,3000,116544.446796
-4644,3000,116558.3205
-10204,3000,116571.309508
-8944,3000,116584.780821
-4680,3000,116597.901102
-212,3000,116611.446514
-5364,3000,116625.377455
-3000,3000,116638.159684
-2624,3000,116652.005841
-5624,3000,116665.562647
-3684,3000,116678.796946
-7872,3000,116691.60595
-2628,3000,116705.658344
-14780,3000,116718.757486
-6788,3000,116739.902629
-2828,3000,116753.395938
-7848,3000,116766.971183
-6780,3000,116780.095454
-1112,3000,116793.37361
-728,3000,116807.382155
-4876,3000,116820.350133
-6776,3000,116833.210535
-10524,3000,116846.506212
-5824,3000,116860.269712
-2536,3000,116873.166366
-704,3000,116886.99166
-5892,3000,116900.985984
-4576,3000,116914.418047
-6772,3000,116928.110615
-9652,3000,116941.689701
-6668,3000,116955.320009
-692,3000,116968.274128
-11652,3000,116981.329139
-10808,3000,116994.554616
-4684,3000,117007.958157
-2656,3000,117021.918894
-5692,3000,117035.469623
-5724,3000,117048.594146
-3032,3000,117061.734365
-10556,3000,117075.476907
-11952,3000,117088.506847
-5680,3000,117102.469268
-5624,3000,117115.623677
-6660,3000,117128.93155
-16860,3000,117142.086576
-7672,3000,117154.982847
-5612,3000,117168.818662
-12404,3000,117182.501337
-2408,3000,117196.150468
-12060,3000,117209.547374
-8792,3000,117223.4784
-11632,3000,117238.31497
-3452,3000,117251.828631
-5740,3000,117264.553409
-1560,3000,117277.99333
-4476,3000,117291.494611
-13760,3000,117304.935169
-2716,3000,117319.050533
-7752,3000,117332.255049
-6532,3000,117345.144319
-9424,3000,117358.702505
-11408,3000,117372.425156
-13700,3000,117385.849132
-5660,3000,117399.761637
-11108,3000,117412.604076
-4452,3000,117426.471668
-14748,3000,117439.675666
-13084,3000,117452.981945
-11608,3000,117466.219509
-8912,3000,117479.101678
-5640,3000,117493.123106
-8656,3000,117506.589559
-2140,3000,117519.796738
-6752,3000,117533.451708
-3496,3000,117547.027727
364,3000,117560.497742
-16660,3000,117573.927596
-9516,3000,117587.210446
-5740,3000,117600.493323
-9096,3000,117613.448936
-2644,3000,117626.607957
-7692,3000,117647.021102
-11744,3000,117660.891738
-12004,3000,117673.839085
-3936,3000,117687.086685
-6940,3000,117700.645911
-5828,3000,117713.741545
-3776,3000,117726.810786
-4680,3000,117740.602012
-4576,3000,117753.652327
-7764,3000,117766.499627
-10840,3000,117779.340064
-612,3000,117792.421777
-8992,3000,117805.887429
2292,3000,117819.420197
-2648,3000,117832.857896
-13520,3000,117846.723575
-484,3000,117859.830126
-9900,3000,117873.297509
-4304,3000,117886.697789
-9572,3000,117900.442366
-11408,3000,117914.75682
-8600,3000,117927.926317
-7648,3000,117941.7356
-10488,3000,117955.057154
-784,3000,117968.542004
-1032,3000,117982.284914
-2840,3000,117996.165933
-15484,3000,118009.909087
-3724,3000,118023.694691
-12476,3000,118037.33199
-8480,3000,118051.480419
-6780,3000,118065.392095
-9936,3000,118078.6659
944,3000,118091.723982
-4628,3000,118105.096178
-9592,3000,118118.216976
-6728,3000,118131.081532
-14496,3000,118144.742537
-6672,3000,118158.435005
-14596,3000,118171.837109
-8748,3000,118186.020287
-696,3000,118199.333633
-7736,3000,118212.633371
-416,3000,118225.500929
-11704,3000,118239.057242
-8928,3000,118252.217357
-9864,3000,118265.637145
-5184,3000,118279.601984
-7868,3000,118293.040886
1264,3000,118306.880658
-6664,3000,118319.857819
-8552,3000,118333.36486
-10628,3000,118346.894546
-11856,3000,118359.890101
-6808,3000,118372.622589
-5980,3000,118386.555972
-3864,3000,118399.332257
-15804,3000,118412.878052
-9940,3000,118426.188462
-3928,3000,118439.330272
-3788,3000,118452.105292
-2584,3000,118466.061632
-5564,3000,118479.172153
508,3000,118492.495254
-12948,3000,118505.155869
-9876,3000,118518.585234
-7300,3000,118532.002557
-6372,3000,118552.610508
-7552,3000,118566.174128
-4828,3000,118579.409739
-6440,3000,118592.950469
-16520,3000,118606.994184
-9640,3000,118619.463798
80,3000,118632.95415
-1940,3000,118646.825473
-7572,3000,118660.478723
-15824,3000,118673.629068
-2580,3000,118686.657572
-2928,3000,118700.39714
-7856,3000,118713.384468
-12952,3000,118726.769801
-3364,3000,118740.32312
-9868,3000,118753.714113
-7844,3000,118767.375451
-2096,3000,118781.111652
-3712,3000,118794.621821
-8768,3000,118808.680673
-4640,3000,118822.214788
-8528,3000,118836.266673
-11776,3000,118849.737533
-13924,3000,118862.724898
-9844,3000,118876.108913
-3728,3000,118889.01067
-6508,3000,118902.613366
-10836,3000,118915.106795
-12028,3000,118928.15341
-4904,3000,118941.319175
-6712,3000,118954.463713
-7000,3000,118967.402164
-14764,3000,118980.45448
-3376,3000,118994.190526
-11612,3000,119007.158788
-4624,3000,119019.798336
-16952,3000,119032.373572
-10708,3000,119046.247198
-1800,3000,119059.67361
-5876,3000,119072.842286
-13476,3000,119086.341842
-4888,3000,119099.583782
2312,3000,119112.368727
-3600,3000,119125.533289
-7788,3000,119138.730825
-11740,3000,119152.294319
-2956,3000,119165.799114
-8752,3000,119179.237216
-12600,3000,119192.396705
-2412,3000,119205.51935
440,3000,119219.004376
-2548,3000,119232.054722
-4584,3000,119245.262563
-14468,3000,119258.523359
-13556,3000,119271.766503
-4516,3000,119285.232854
-12888,3000,119298.532214
-2732,3000,119311.59198
-4876,3000,119324.363368
-5516,3000,119337.840934
-2580,3000,119351.116878
-14072,3000,119364.313879
-6920,3000,119377.41412
-4760,3000,119390.797839
-5460,3000,119404.543208
-11648,3000,119417.731121
-5848,3000,119437.877969
-5760,3000,119451.091161
-8692,3000,119464.380653
-6616,3000,119477.853785
-1628,3000,119491.371274
-15812,3000,119504.458973
-10444,3000,119517.287209
-10852,3000,119529.666722
-7756,3000,119543.368095
-16764,3000,119556.791846
-10704,3000,119570.078683
-9300,3000,119583.444393
-8196,3000,119595.90887
-14308,3000,119609.538462
-14916,3000,119622.343818
-1848,3000,119635.883649
-2888,3000,119649.483033
-2712,3000,119662.75099
-7656,3000,119676.24111
-8828,3000,119689.927746
-13696,3000,119702.979712
-13552,3000,119716.405801
-2400,3000,119729.662151
-10656,3000,119742.906599
-14788,3000,119756.053653
-5600,3000,119769.296798
-8352,3000,119783.145714
-6816,3000,119797.082126
-7900,3000,119809.989903
-7036,3000,119823.797189
-11896,3000,119837.205052
-14640,3000,119850.784649
-3612,3000,119864.246828
-6772,3000,119878.172685
-15476,3000,119891.684888
-7556,3000,119904.539794
-3848,3000,119918.134453
-5532,3000,119931.633851
-11440,3000,119945.131277
-10756,3000,119959.040172
-8640,3000,119972.279749
-4752,3000,119985.992428
-5828,3000,119999.215585
-4704,3000,120012.239893
-9896,3000,120025.107203
-5616,3000,120038.305892
-16780,3000,120052.041317
-5688,3000,120065.262664
-5584,3000,120078.840157
-3424,3000,120092.352233
-10876,3000,120105.081504
-6780,3000,120118.118703
-10936,3000,120131.447109
-12024,3000,120144.790025
-12316,3000,120158.328903
-11676,3000,120171.600932
-5048,3000,120184.94297
-22580,3000,120198.895972
-3832,3000,120212.118198
-8576,3000,120225.196545
-8876,3000,120238.506024
-2672,3000,120251.57169
-5840,3000,120264.645335
796,3000,120278.123299
-5856,3000,120291.403678
-13716,3000,120304.817469
-4716,3000,120317.613638
-7736,3000,120337.901167
-6984,3000,120351.280178
-10624,3000,120364.605206
-4580,3000,120377.910623
-9628,3000,120391.346568
-6876,3000,120405.048994
-5564,3000,120418.508979
-16472,3000,120432.304574
-5692,3000,120445.828981
-9720,3000,120459.022053
-3564,3000,120471.845153
-5916,3000,120484.605185
-13712,3000,120497.81857
-2324,3000,120511.765601
-8652,3000,120525.499472
-12128,3000,120538.230394
-14660,3000,120551.439373
-11100,3000,120564.685544
-8480,3000,120578.519948
-9684,3000,120591.488472
-6016,3000,120604.121615
-7828,3000,120617.444156
-13824,3000,120630.218063
-10512,3000,120643.472066
-3724,3000,120657.4071
-8376,3000,120671.773898
-3564,3000,120684.973924
-8388,3000,120698.638387
-8764,3000,120712.18024
-1872,3000,120725.185852
-4588,3000,120738.704386
-3556,3000,120751.789239
-7904,3000,120765.052289
-5752,3000,120778.392952
-3616,3000,120792.672874
-7664,3000,120805.796598
-12480,3000,120819.621619
-8864,3000,120832.274819
-4672,3000,120844.885163
-6784,3000,120859.12145
-6200,3000,120872.827429
-4504,3000,120886.573117
-5776,3000,120899.971793
-12324,3000,120913.363353
-8552,3000,120926.457045
-13620,3000,120939.888347
-9924,3000,120953.673861
-18880,3000,120966.925608
-10432,3000,120980.986851
-1784,3000,120994.574945
-7292,3000,121007.746409
-8480,3000,121021.503118
-6552,3000,121035.057964
-9796,3000,121048.670994
-10872,3000,121061.579747
-7748,3000,121074.597734
-2260,3000,121087.834354
-8728,3000,121100.746751
-6796,3000,121114.078361
-7828,3000,121127.339327
-1868,3000,121140.303803
-11412,3000,121153.722497
-5372,3000,121167.621379
-2720,3000,121181.017924
-1568,3000,121194.022056
-6448,3000,121207.616827
-4616,3000,121221.110475
1336,3000,121241.665218
-5784,3000,121254.582889
-7548,3000,121268.420779
-15564,3000,121281.746132
-7408,3000,121295.975007
-10652,3000,121308.546496
-12484,3000,121322.178964
-20896,3000,121335.641037
-8556,3000,121348.556545
-6680,3000,121362.291808
-13740,3000,121376.171824
-6624,3000,121388.703449
-7700,3000,121402.560635
532,3000,121416.438621
-20108,3000,121428.962638
-8564,3000,121442.950984
-6632,3000,121456.238438
-11776,3000,121469.666739
-20656,3000,121483.359063
-5828,3000,121497.020991
-9760,3000,121510.792724
-6428,3000,121524.259745
-10840,3000,121537.930917
-5744,3000,121551.078614
-5660,3000,121564.02886
-9748,3000,121578.049566
-10964,3000,121590.412482
-8900,3000,121603.659396
-8536,3000,121617.351956
-2740,3000,121630.42734
-4908,3000,121643.268503
-3332,3000,121656.305732
-3540,3000,121669.624138
-10720,3000,121682.937428
-5592,3000,121697.016494
-332,3000,121710.806166
-7732,3000,121723.990135
-4068,3000,121737.359787
-10716,3000,121750.977709
-15068,3000,121764.567737
-8832,3000,121777.690204
-12052,3000,121791.029263
-6516,3000,121804.507082
72,3000,121817.805001
-8464,3000,121831.013456
-12616,3000,121843.708418
-6636,3000,121856.810216
-12672,3000,121870.360768
-6580,3000,121883.79914
-9604,3000,121897.215563
-480,3000,121910.575468
-13612,3000,121923.877004
-13720,3000,121937.718325
-1608,3000,121951.105296
-18800,3000,121964.390315
-10256,3000,121978.048036
-4452,3000,121991.006745
-4656,3000,122004.082712
-10704,3000,122017.435975
-5576,3000,122030.709226
-1628,3000,122044.212003
-5540,3000,122057.78097
-11828,3000,122071.44669
-7664,3000,122084.439483
-11012,3000,122098.007241
-6724,3000,122111.267693
-3324,3000,122132.264537
-13408,3000,122145.598688
-5628,3000,122158.586257
-7756,3000,122171.93776
-11604,3000,122185.844074
-7932,3000,122198.630542
-7784,3000,122212.320912
-21100,3000,122225.921124
-13700,3000,122239.769771
-1736,3000,122252.869102
-6608,3000,122265.975444
-2844,3000,122279.719631
-8672,3000,122293.062274
-3176,3000,122306.862928
-3732,3000,122320.451629
-3504,3000,122334.112483
-6744,3000,122348.245486
-9452,3000,122361.339288
-9420,3000,122375.335899
-2944,3000,122388.285214
-7856,3000,122401.723947
-7660,3000,122414.501523
-15092,3000,122427.778974
-7688,3000,122441.287525
-12000,3000,122454.232625
-4748,3000,122467.375861
-1564,3000,122480.991649
-7968,3000,122494.376018
-10860,3000,122507.581678
-8972,3000,122520.448617
-8264,3000,122533.749464
-5888,3000,122547.395993
-14144,3000,122560.204231
-5668,3000,122573.290306
-2332,3000,122586.612526
-7252,3000,122600.08799
-13688,3000,122613.757561
-12924,3000,122626.411379
-11684,3000,122639.619165
-12908,3000,122653.051458
-5748,3000,122666.117102
-11600,3000,122679.340334
-776,3000,122692.614504
-11668,3000,122705.799415
-5664,3000,122718.64112
-15812,3000,122732.033996
-15736,3000,122745.440773
-6632,3000,122758.244485
-3752,3000,122771.925494
-8868,3000,122785.22602
-13544,3000,122797.986234
-15948,3000,122810.622664
-5496,3000,122824.402492
-11888,3000,122837.293879
-7428,3000,122850.746439
1240,3000,122863.399673
-15284,3000,122877.563819
-3988,3000,122890.910167
-9772,3000,122903.876715
-4568,3000,122917.283112
-6620,3000,122930.920738
-5728,3000,122943.685072
-8076,3000,122957.556555
-6780,3000,122971.071336
-13884,3000,122984.523207
-56,3000,122998.307761
-10872,3000,123011.995995
-832,3000,123032.228191
-6620,3000,123045.878024
-4824,3000,123059.016029
-17860,3000,123072.531787
-10676,3000,123085.444827
-8484,3000,123098.432048
-9696,3000,123112.030987
-12504,3000,123125.141717
-10540,3000,123138.696705
-12820,3000,123151.865926
-3532,3000,123165.204534
-3732,3000,123178.870711
-5684,3000,123192.127642
-9564,3000,123205.604998
-9396,3000,123218.859301
-4820,3000,123231.770155
-10800,3000,123245.269982
-4660,3000,123258.713124
-2836,3000,123271.703036
-2516,3000,123284.915956
-17992,3000,123297.74314
-18936,3000,123310.790708
-9512,3000,123324.031519
-5504,3000,123337.597019
-5912,3000,123350.415984
-5604,3000,123363.566144
-9988,3000,123376.887946
-12676,3000,123390.013215
-8404,3000,123403.398802
-15284,3000,123416.985144
-6660,3000,123430.301855
-8976,3000,123443.620025
-11920,3000,123456.707601
-10760,3000,123469.649848
-3852,3000,123482.262144
-4976,3000,123495.187218
-11696,3000,123508.557956
-4544,3000,123521.386496
-5876,3000,123534.199832
-7732,3000,123547.178924
-8600,3000,123560.124301
-6624,3000,123573.551484
-4620,3000,123585.751962
-3676,3000,123598.470786
-15780,3000,123612.044147
-3792,3000,123625.355174
-13924,3000,123638.604454
-6800,3000,123652.006218
-2576,3000,123665.37763
-6812,3000,123678.136308
-8556,3000,123691.270522
-3468,3000,123705.054425
-14820,3000,123718.506236
-4756,3000,123731.560834
-8264,3000,123743.784779
-14792,3000,123756.539728
-8716,3000,123769.580038
-6640,3000,123782.582223
-4736,3000,123795.864357
-13952,3000,123809.576501
-6732,3000,123822.923256
-7764,3000,123836.215806
-9940,3000,123848.881436
-872,3000,123861.911964
-3564,3000,123875.238658
-3788,3000,123888.190144
-16612,3000,123900.901505
-9532,3000,123920.649016
-16512,3000,123934.230414
488,3000,123947.154285
-7928,3000,123960.41298
-13920,3000,123973.452234
-3784,3000,123986.405862
420,3000,123999.993836
-10812,3000,124012.988312
-6932,3000,124026.470787
-4712,3000,124040.020807
-9408,3000,124053.488078
-7524,3000,124066.911029
-5808,3000,124080.413186
-3576,3000,124093.774882
-10692,3000,124107.150099
-13552,3000,124121.147023
-5820,3000,124134.228078
-4308,3000,124147.061628
-17696,3000,124160.260466
-9408,3000,124174.123362
-9804,3000,124186.349366
-8340,3000,124199.509322
-4792,3000,124212.256309
-4660,3000,124225.600831
-692,3000,124238.740438
-3900,3000,124251.694335
-8792,3000,124264.515986
-8452,3000,124277.887218
-8468,3000,124291.323181
-13764,3000,124304.255864
-4420,3000,124317.934054
-3292,3000,124331.009972
-2672,3000,124344.498384
-12412,3000,124357.917096
-5864,3000,124370.831783
-3640,3000,124384.024555
-12844,3000,124396.876502
-6884,3000,124409.439552
-11548,3000,124422.905791
-6424,3000,124436.411151
-4796,3000,124449.782496
-7980,3000,124462.960841
-6460,3000,124476.604346
-9408,3000,124490.694062
-13868,3000,124503.716032
-11696,3000,124517.51609
-9384,3000,124531.343033
-12724,3000,124544.494201
-8000,3000,124557.919098
-3920,3000,124571.206192
-12576,3000,124584.488031
-13548,3000,124598.01744
-3828,3000,124611.461871
-5620,3000,124624.736421
-10920,3000,124637.907961
-6336,3000,124650.959025
-6576,3000,124664.246541
-6716,3000,124677.053614
-11472,3000,124690.251042
-4400,3000,124703.941855
-10592,3000,124717.201212
-5468,3000,124730.235715
-4016,3000,124743.779567
-13472,3000,124757.150754
-10852,3000,124770.709696
-11604,3000,124783.511328
-2664,3000,124803.96635
-4628,3000,124816.985925
-8896,3000,124829.842216
-6944,3000,124843.440286
-8424,3000,124856.710227
-11280,3000,124869.933511
-14380,3000,124883.131612
-3668,3000,124896.332157
-6756,3000,124909.54819
-7492,3000,124922.497036
-7840,3000,124935.208059
-1680,3000,124948.52071
-7672,3000,124961.498098
-3604,3000,124975.093559
-10616,3000,124988.869285
-11440,3000,125002.614743
-3764,3000,125016.067266
-5964,3000,125028.904332
-8968,3000,125042.074688
-3512,3000,125056.070279
-14428,3000,125069.517232
-8608,3000,125082.909153
-8796,3000,125095.749792
308,3000,125108.443438
-600,3000,125121.460693
-712,3000,125134.373932
-716,3000,125148.272693
-6724,3000,125160.932056
-6692,3000,125174.245198
1180,3000,125187.644374
-15564,3000,125201.456426
-5588,3000,125214.977777
-6696,3000,125228.342513
-9472,3000,125241.852149
-5544,3000,125255.339641
-5020,3000,125268.337896
-7688,3000,125281.249643
-4700,3000,125294.611775
-6776,3000,125307.759243
-4836,3000,125321.333384
-2964,3000,125334.130563
-18760,3000,125347.237185
-6388,3000,125360.78814
-10424,3000,125374.589805
-11840,3000,125387.356534
-4060,3000,125400.232906
-12580,3000,125413.288617
-8864,3000,125426.195009
-8872,3000,125439.020657
-9416,3000,125452.203827
-4400,3000,125465.424618
-5000,3000,125478.556277
-9740,3000,125491.220839
-1532,3000,125504.418795
-12816,3000,125517.558144
-9552,3000,125531.21368
-8688,3000,125544.411626
-932,3000,125557.505714
-10768,3000,125570.830937
-5488,3000,125584.802702
-10592,3000,125597.942838
-4716,3000,125610.614488
-1732,3000,125624.114558
3092,3000,125637.42091
-8748,3000,125650.773918
-8464,3000,125664.40353
-16684,3000,125678.038397
-15524,3000,125698.558166
-2952,3000,125712.303434
-10656,3000,125725.490792
392,3000,125738.601702
-5936,3000,125751.945434
-704,3000,125765.193187
-15512,3000,125778.354554
-6688,3000,125791.228915
-5760,3000,125804.875708
-3664,3000,125817.684658
-7628,3000,125831.434464
-9584,3000,125844.499083
-19856,3000,125857.936581
-9892,3000,125871.131983
-6700,3000,125884.023326
-8548,3000,125897.100857
4192,3000,125910.072493
-9872,3000,125923.366006
-12688,3000,125936.801778
-12452,3000,125950.154613
-4584,3000,125962.999677
-9424,3000,125976.242451
-9808,3000,125988.828698
-8660,3000,126002.031044
-8868,3000,126014.965592
-4764,3000,126027.798702
-7692,3000,126041.182383
-7356,3000,126054.952268
-532,3000,126068.159643
-8648,3000,126081.342675
-11880,3000,126094.183734
-6568,3000,126107.314735
-7568,3000,126120.469329
1248,3000,126132.880409
-9012,3000,126145.979821
-9876,3000,126159.284359
-7648,3000,126172.800912
-11992,3000,126185.725517
-6664,3000,126198.769447
-4816,3000,126212.276469
-3872,3000,126225.797776
-7708,3000,126238.556135
-5736,3000,126252.17941
-12524,3000,126265.389912
-4912,3000,126278.360455
-3656,3000,126291.899141
-14928,3000,126304.793656
-6788,3000,126317.888119
-4020,3000,126330.577017
-17500,3000,126344.19204
-10000,3000,126357.346971
340,3000,126370.801447
-12700,3000,126383.994799
-11460,3000,126397.330494
-7200,3000,126411.227924
-5824,3000,126424.130992
-8548,3000,126437.133663
-8464,3000,126450.450879
-13584,3000,126463.782593
-14652,3000,126477.135654
-2836,3000,126489.789868
-4352,3000,126502.781486
-7716,3000,126516.294799
-9780,3000,126529.453503
-4968,3000,126543.017438
-12676,3000,126555.647401
-5672,3000,126569.009898
-4564,3000,126589.39438
-632,3000,126602.151844
-7896,3000,126614.756532
-7628,3000,126627.52653
-8480,3000,126641.722201
-13192,3000,126654.514112
-9612,3000,126667.585358
-6208,3000,126680.897368
-7728,3000,126693.875679
-9576,3000,126707.039747
-6648,3000,126719.801663
-11060,3000,126733.100021
-2996,3000,126745.503755
-12712,3000,126758.408952
-3628,3000,126771.527209
-12740,3000,126784.668654
-5584,3000,126797.565354
-5596,3000,126810.535801
-9916,3000,126823.363418
-11012,3000,126836.421365
-8684,3000,126849.084983
-5692,3000,126862.176739
-7832,3000,126875.742954
-13524,3000,126889.152551
516,3000,126902.271254
-5512,3000,126914.81256
-10832,3000,126928.086749
-9924,3000,126941.218257
-9792,3000,126954.66816
2180,3000,126967.928419
-4460,3000,126981.327767
-12724,3000,126994.622056
-5696,3000,127007.689538
-9800,3000,127020.311709
-7548,3000,127033.326798
-1712,3000,127046.695792
-13968,3000,127059.662123
-6656,3000,127072.8076
-10872,3000,127086.233361
-16496,3000,127099.699752
-8848,3000,127113.729414
-2256,3000,127127.312302
-8696,3000,127140.288724
-7504,3000,127153.351897
-2516,3000,127166.425703
-14608,3000,127179.071805
-8732,3000,127191.963936
-8696,3000,127205.28419
-5840,3000,127218.078698
-10600,3000,127230.860102
-1908,3000,127244.32911
-11644,3000,127257.769881
320,3000,127270.620636
-9748,3000,127283.805942
-6056,3000,127295.985657
-8752,3000,127309.002804
-7032,3000,127322.414423
-7720,3000,127335.702903
-10480,3000,127349.110508
-3424,3000,127361.936664
-8792,3000,127374.959784
-10464,3000,127388.031607
-588,3000,127400.768516
-6852,3000,127413.554286
-3772,3000,127426.714795
-8012,3000,127440.088439
-3680,3000,127460.186578
-10596,3000,127473.319857
-3672,3000,127486.357727
-7780,3000,127498.494106
-5888,3000,127511.273645
-8316,3000,127524.580806
-14640,3000,127538.156214
-10548,3000,127552.192532
-488,3000,127565.184831
-6896,3000,127577.937541
-5936,3000,127590.499014
-13832,3000,127603.630452
-7000,3000,127616.703114
-13508,3000,127630.113573
-2480,3000,127643.638584
-468,3000,127656.431138
-12108,3000,127669.48334
-11692,3000,127682.852068
-6768,3000,127696.308207
-4524,3000,127709.400266
-7444,3000,127722.528577
300,3000,127736.451635
-6492,3000,127749.701088
-14944,3000,127762.375717
-10512,3000,127775.819389
-4692,3000,127788.42338
-14680,3000,127801.352407
-7596,3000,127813.962739
-5024,3000,127827.35393
-12364,3000,127840.365876
-11744,3000,127853.299246
-6696,3000,127865.989433
-4716,3000,127879.142509
-4524,3000,127892.92167
-1716,3000,127906.321675
-13568,3000,127919.952591
-9024,3000,127933.706318
-5592,3000,127946.998919
-2560,3000,127960.463006
-9628,3000,127974.108342
-6592,3000,127987.745695
-4760,3000,128001.102921
-7324,3000,128014.635407
2728,3000,128028.626491
-9476,3000,128041.646131
-6336,3000,128054.76085
-8548,3000,128067.806327
-704,3000,128080.877342
-6892,3000,128093.638165
-1780,3000,128106.769238
-13988,3000,128120.185242
-15816,3000,128133.393321
-1504,3000,128146.376062
-10808,3000,128159.266598
-6600,3000,128172.929498
-14648,3000,128186.317654
-5644,3000,128198.873045
-10564,3000,128211.91087
-6900,3000,128224.87358
-9780,3000,128238.046006
-12364,3000,128251.857438
-9656,3000,128265.051393
-3644,3000,128278.541542
-20716,3000,128291.81367
-5296,3000,128305.40248
-5828,3000,128318.178124
-11324,3000,128331.857974
-11680,3000,128351.736055
-8716,3000,128364.5273
-2684,3000,128377.590547
-592,3000,128390.683852
-6720,3000,128404.309176
-10984,3000,128416.573145
-3500,3000,128429.841854
-9636,3000,128442.962035
-13724,3000,128456.188855
-11952,3000,128469.221685
-2604,3000,128482.59194
-6672,3000,128495.788994
-11620,3000,128508.826191
-6452,3000,128522.562094
-10044,3000,128534.859227
560,3000,128548.033296
-12428,3000,128561.327051
-5644,3000,128574.68126
-14740,3000,128587.594169
-7528,3000,128601.446996
-4744,3000,128614.717327
-10888,3000,128627.649728
-9496,3000,128641.337917
-11644,3000,128654.372652
-3008,3000,128666.888126
-19912,3000,128679.994315
-3740,3000,128692.994892
-900,3000,128706.635779
-5708,3000,128719.319983
-6444,3000,128732.47527
-12512,3000,128745.738384
-13476,3000,128759.249444
-11556,3000,128772.74884
-4620,3000,128785.621109
-8404,3000,128799.176664
-5136,3000,128812.514413
-10540,3000,128826.064508
-11972,3000,128839.532382
1132,3000,128852.491866
-16880,3000,128866.707335
-4468,3000,128881.148703
-1476,3000,128894.323112
-2324,3000,128907.704175
-4752,3000,128920.497492
-5404,3000,128934.162993
-4984,3000,128947.336638
-12716,3000,128960.11931
-3700,3000,128973.412762
-6560,3000,128986.367994
-8800,3000,129000.001412
-3892,3000,129013.050529
-708,3000,129027.081456
2420,3000,129040.139988
-6660,3000,129052.190951
-9940,3000,129065.532644
-6744,3000,129078.036523
-11420,3000,129092.002212
-4472,3000,129104.993241
-14664,3000,129118.46265
-15640,3000,129131.338898
-12680,3000,129144.227036
-9892,3000,129156.985451
-12672,3000,129170.046267
-10072,3000,129182.955611
-6984,3000,129195.749641
-6724,3000,129208.730716
-10776,3000,129221.508341
-7588,3000,129241.684774
-5540,3000,129255.035787
-10664,3000,129268.2446
-14708,3000,129281.125857
-12612,3000,129294.663488
-19748,3000,129307.658817
-16504,3000,129321.05995
-7560,3000,129333.838015
-4432,3000,129346.936092
-3400,3000,129360.627363
-7224,3000,129373.743552
-15596,3000,129386.88662
-1956,3000,129399.749961
-10208,3000,129412.356767
-2688,3000,129425.013984
-1616,3000,129438.024483
-4812,3000,129450.990354
-9508,3000,129463.477633
-13532,3000,129476.903952
-5188,3000,129489.983386
-4548,3000,129503.02371
-4660,3000,129515.882139
-9600,3000,129529.15169
-7496,3000,129542.292332
-8668,3000,129555.744499
-3796,3000,129569.061863
-3744,3000,129582.38754
-676,3000,129595.623576
-6704,3000,129609.341619
-5572,3000,129622.77117
-11524,3000,129636.377688
-12440,3000,129649.959791
-4552,3000,129663.448802
-5548,3000,129676.845876
-600,3000,129689.718053
-7624,3000,129703.160188
-9208,3000,129717.054369
-12836,3000,129730.953874
-9788,3000,129744.500642
-8452,3000,129757.455765
-584,3000,129770.404198
-7552,3000,129783.525558
-10828,3000,129796.527427
-8828,3000,129809.616976
-1028,3000,129822.63525
-2768,3000,129836.008195
-5404,3000,129849.375398
-8892,3000,129861.741346
-1764,3000,129874.384841
-6712,3000,129887.596279
-12788,3000,129901.420179
1292,3000,129913.898327
-19752,3000,129927.507808
-8564,3000,129940.716808
-6704,3000,129953.866273
-7792,3000,129967.232715
-6832,3000,129979.681206
-6588,3000,129992.631704
-1612,3000,130005.987896
-6764,3000,130018.835481
-2840,3000,130032.314054
-4484,3000,130045.667883
-4240,3000,130058.994683
-12128,3000,130072.152242
-10592,3000,130084.576911
-5736,3000,130097.371536
-7640,3000,130117.510997
396,3000,130130.657668
-2468,3000,130143.752559
-9952,3000,130156.693314
-14992,3000,130169.637831
-12860,3000,130182.46227
556,3000,130195.576527
-9872,3000,130208.543365
-3488,3000,130221.797112
-3664,3000,130235.452299
-2448,3000,130248.623331
-6612,3000,130262.174361
-6748,3000,130274.802008
-9696,3000,130288.207334
-12540,3000,130301.736517
-2924,3000,130314.524901
-13644,3000,130327.99755
-14644,3000,130340.666717
-11360,3000,130354.27523
-9024,3000,130368.071946
-6520,3000,130380.824704
-8868,3000,130393.396341
-6292,3000,130407.057194
-6416,3000,130420.271512
-12760,3000,130432.815896
-3752,3000,130446.186485
-15768,3000,130459.290645
-2536,3000,130472.603093
-1508,3000,130485.187773
-16656,3000,130498.578541
-5788,3000,130511.954552
-4888,3000,130525.12748
-7580,3000,130538.648168
-5824,3000,130551.890959
-7672,3000,130565.151939
-8548,3000,130577.90168
-7840,3000,130590.997266
-10688,3000,130604.750715
-9708,3000,130618.007646
-1708,3000,130631.331606
404,3000,130644.348631
-5356,3000,130658.105841
-9172,3000,130671.974877
-1720,3000,130685.440708
-8668,3000,130698.402884
-6932,3000,130711.175058
-7772,3000,130724.822441
-9436,3000,130738.96025
-15628,3000,130752.134449
-6892,3000,130765.165563
-592,3000,130778.504347
-4764,3000,130791.626603
-2628,3000,130805.335004
-5596,3000,130818.955191
-1520,3000,130831.384623
-5568,3000,130844.724649
-13604,3000,130857.480975
-10696,3000,130870.644995
-3548,3000,130884.425066
-5684,3000,130897.756401
-4988,3000,130910.807244
-9824,3000,130923.94304
-11824,3000,130937.040584
-11768,3000,130950.193267
-12856,3000,130963.48898
6252,3000,130976.995666
-12956,3000,130990.215565
-5660,3000,131011.01609
-9384,3000,131024.153268
-5816,3000,131037.296318
-3680,3000,131049.995053
-1696,3000,131062.993513
-10996,3000,131075.898682
-3656,3000,131089.377373
-612,3000,131102.588379
268,3000,131116.058613
-8104,3000,131129.26155
-14592,3000,131142.402394
-7864,3000,131155.846292
-13924,3000,131168.751645
-12516,3000,131182.177464
-5924,3000,131195.416843
-10424,3000,131209.09078
-2924,3000,131222.083929
-3912,3000,131235.04588
-7808,3000,131247.759235
-4896,3000,131260.734958
-14628,3000,131273.896847
-524,3000,131287.306278
136,3000,131300.678445
-11852,3000,131313.979475
-9508,3000,131327.618042
-14852,3000,131340.919211
-11816,3000,131353.969149
-4176,3000,131367.22882
-11844,3000,131380.44071
-3488,3000,131394.138508
-6844,3000,131407.974
-6484,3000,131421.873445
-1708,3000,131434.964178
-2772,3000,131448.606854
-11544,3000,131462.049124
-4740,3000,131475.66874
-11484,3000,131489.186871
-5496,3000,131502.393694
-4816,3000,131515.23291
-13964,3000,131528.277065
-2532,3000,131541.824713
-2872,3000,131554.665111
-7932,3000,131567.746251
-6628,3000,131580.753161
-2812,3000,131593.765177
-764,3000,131606.567594
-14700,3000,131619.655781
-2120,3000,131632.208848
-4012,3000,131645.519589
-1740,3000,131658.797915
-1920,3000,131671.804556
-2304,3000,131684.661642
-9440,3000,131698.325405
-12844,3000,131711.834592
-2700,3000,131725.449634
-14516,3000,131738.931213
-14936,3000,131752.644511
-6432,3000,131765.603041
-4056,3000,131778.274217
-5592,3000,131790.930767
248,3000,131803.973434
-10788,3000,131816.992285
-17868,3000,131829.586759
-11524,3000,131843.021575
-4580,3000,131856.229231
-6824,3000,131869.772134
-5768,3000,131883.215181
-11644,3000,131903.947468
-5868,3000,131916.634705
-6836,3000,131930.002639
-3028,3000,131943.231681
-8848,3000,131956.378895
-7692,3000,131969.462464
-6428,3000,131982.524511
-5560,3000,131995.911741
-6164,3000,132008.84683
-3404,3000,132022.496388
-3496,3000,132035.385172
-7512,3000,132048.683753
-7548,3000,132062.285645
-11540,3000,132076.017702
-7528,3000,132089.214602
-5320,3000,132103.541985
-5644,3000,132117.06104
-7952,3000,132130.405439
-8632,3000,132143.294423
-18740,3000,132156.040862
-10052,3000,132168.900522
-7692,3000,132182.02308
-1788,3000,132195.409517
-15572,3000,132208.583146
-13000,3000,132221.665952
-2840,3000,132235.128808
-9668,3000,132248.782226
-9908,3000,132261.57679
-5628,3000,132274.741136
-3780,3000,132287.561038
-10888,3000,132300.818532
-10636,3000,132313.952022
-5532,3000,132327.271681
-10740,3000,132340.593617
-1836,3000,132353.802004
-6732,3000,132367.002159
-8508,3000,132380.500537
-7484,3000,132394.503767
-3516,3000,132408.096403
-3576,3000,132420.985506
-10480,3000,132434.909733
-9856,3000,132447.855065
-4732,3000,132460.928334
-10516,3000,132474.200309
-9500,3000,132487.719037
-14644,3000,132500.999622
-4896,3000,132514.059835
-19572,3000,132527.6575
-4868,3000,132540.800391
-11664,3000,132554.708649
-10604,3000,132568.022036
-3856,3000,132581.032977
-12808,3000,132594.594311
-8484,3000,132608.285836
-6880,3000,132621.732331
-2480,3000,132635.240444
-11732,3000,132648.525402
-11732,3000,132661.149
-8676,3000,132674.543414
-12636,3000,132688.01952
-7584,3000,132700.825808
-12800,3000,132713.513513
-9544,3000,132726.521891
-12808,3000,132739.293583
-10724,3000,132752.946798
152,3000,132765.785294
-5424,3000,132786.368205
-7596,3000,132799.690339
-12912,3000,132812.647203
-4956,3000,132824.959041
-8708,3000,132837.775706
-7700,3000,132850.879485
-3768,3000,132863.764765
-4680,3000,132876.436112
-7760,3000,132889.653865
-7696,3000,132902.356108
-3728,3000,132915.056852
-7532,3000,132928.261136
-5452,3000,132941.510455
-6184,3000,132954.519972
-4952,3000,132967.492448
-16668,3000,132980.121916
-8676,3000,132992.936512
-11660,3000,133005.78899
-13800,3000,133019.249654
-500,3000,133032.451215
-6824,3000,133045.431724
-8824,3000,133058.609035
-10496,3000,133072.050446
-3892,3000,133084.990119
-17000,3000,133098.859574
-9760,3000,133112.753217
-13088,3000,133125.583872
-12956,3000,133138.495138
-22512,3000,133152.148781
-2836,3000,133165.594132
-3884,3000,133178.704653
-14980,3000,133192.010619
-7660,3000,133205.475996
-6636,3000,133218.349897
-5688,3000,133231.383655
-876,3000,133243.910659
-9720,3000,133257.105395
-13684,3000,133270.252622
-10432,3000,133283.557869
-3276,3000,133296.783468
-8832,3000,133309.508829
-5728,3000,133322.387626
-8644,3000,133336.045007
-7612,3000,133349.045064
-11004,3000,133361.632255
-5792,3000,133374.351837
-10564,3000,133387.54549
-7400,3000,133401.0616
-10604,3000,133414.152154
-9352,3000,133427.536186
-4052,3000,133441.244475
-512,3000,133454.048208
-7392,3000,133467.230067
-4656,3000,133479.976205
-6304,3000,133493.480069
-3576,3000,133506.270443
-4816,3000,133519.479861
-3980,3000,133532.563411
-4708,3000,133545.775059
-1688,3000,133559.42244
-3856,3000,133572.67884
-7796,3000,133585.195179
-11888,3000,133598.258537
-1904,3000,133611.133613
-6600,3000,133623.920403
-6652,3000,133637.197439
-8708,3000,133650.599767
3464,3000,133670.549172
-13624,3000,133684.038628
-5476,3000,133697.196408
-17100,3000,133709.757469
-3712,3000,133722.939747
-4384,3000,133735.552052
-4520,3000,133748.719026
-652,3000,133761.80378
-7652,3000,133774.565789
-3576,3000,133788.096248
-1572,3000,133801.61034
-9484,3000,133814.776893
-7436,3000,133828.070023
-10644,3000,133840.73584
-6684,3000,133853.495542
-7992,3000,133866.794001
-6532,3000,133879.826034
-3716,3000,133893.088098
-12696,3000,133905.592235
-14272,3000,133919.867377
-3580,3000,133932.940414
-4608,3000,133945.644171
-1704,3000,133959.030359
-11692,3000,133972.305803
-6628,3000,133986.219065
-2652,3000,133999.431322
-5432,3000,134013.212834
-8548,3000,134026.578745
-2852,3000,134039.410167
-13680,3000,134052.427164
-164,3000,134065.98206
-1596,3000,134078.779689
-13756,3000,134092.105377
-7536,3000,134105.417167
-14840,3000,134118.944366
-556,3000,134132.516996
-4272,3000,134146.7912
-7956,3000,134160.162771
-2660,3000,134172.987942
-5820,3000,134186.323757
456,3000,134199.792696
-7060,3000,134213.088759
-5648,3000,134226.463779
-14684,3000,134239.785531
-10512,3000,134253.651008
-2896,3000,134266.157671
-11820,3000,134279.624262
-1516,3000,134293.110339
-7668,3000,134306.820058
-14700,3000,134320.280723
-5852,3000,134333.520986
-6396,3000,134346.902903
-12804,3000,134360.349189
-5932,3000,134373.361931
-9828,3000,134386.76819
-6464,3000,134400.055173
-1876,3000,134413.454179
-6920,3000,134427.164475
-16632,3000,134440.154831
-5824,3000,134453.945336
-5812,3000,134467.670839
-1600,3000,134481.22845
-4332,3000,134494.29131
-4732,3000,134507.421312
-8624,3000,134520.938449
-3316,3000,134534.667074
-4748,3000,134548.318491
-12724,3000,134569.412804
-18680,3000,134582.849746
-10836,3000,134596.356956
-9428,3000,134609.692264
-4476,3000,134622.962746
328,3000,134636.013646
-2732,3000,134649.541608
-872,3000,134662.624216
-5680,3000,134676.108343
-4820,3000,134689.150339
-19596,3000,134702.305347
-7468,3000,134715.59379
-9720,3000,134728.470069
-2864,3000,134742.314214
-7704,3000,134755.048268
-8076,3000,134767.621709
-8520,3000,134780.556956
-428,3000,134792.75181
-6412,3000,134805.274766
-1704,3000,134817.991939
4696,3000,134830.558298
-9868,3000,134842.591845
1344,3000,134854.746156
-12780,3000,134866.971764
-7800,3000,134879.621565
-6716,3000,134892.458616
-13656,3000,134904.836539
-6732,3000,134917.081847
-6384,3000,134930.150931
-1780,3000,134942.581327
-11868,3000,134954.729317
-9856,3000,134967.463186
-5268,3000,134979.834363
-8572,3000,134992.570059
-11452,3000,135004.936212
-5732,3000,135017.921624
-7584,3000,135030.313346
-9480,3000,135042.468091
-4872,3000,135054.875981
-5680,3000,135067.366999
-9908,3000,135079.573303
-14680,3000,135092.126574
-5768,3000,135104.154699
-1880,3000,135116.678423
-11668,3000,135129.377394
-13556,3000,135141.612604
-4900,3000,135153.889372
-2656,3000,135166.524397
-14712,3000,135178.959179
-10536,3000,135191.466339
-9544,3000,135204.272
-6308,3000,135217.398618
-10720,3000,135230.137553
-15944,3000,135242.376072
-9612,3000,135254.755126
-6576,3000,135266.854544
-5780,3000,135279.495782
-9708,3000,135292.43413
-6628,3000,135304.749253
-17884,3000,135316.809034
-3872,3000,135329.358269
332,3000,135342.379026
-5992,3000,135354.262058
-14620,3000,135367.149659
-5660,3000,135379.670752
-9720,3000,135391.854825
-4840,3000,135411.685223
-3824,3000,135423.907318
-7656,3000,135437.043295
-4548,3000,135449.303894
-9656,3000,135461.771158
-10840,3000,135474.322723
-5596,3000,135487.717408
-9944,3000,135500.296853
-11744,3000,135513.06493
-6888,3000,135525.370533
-9668,3000,135538.043833
-4668,3000,135550.278245
-6644,3000,135562.577922
-5352,3000,135575.626931
-7648,3000,135587.55957
-1816,3000,135599.33102
-9748,3000,135611.671677
-4840,3000,135624.605765
-1192,3000,135637.087108
-3016,3000,135649.300602
-7676,3000,135662.303466
-4944,3000,135674.771202
-11728,3000,135687.409872
-3816,3000,135699.300708
1480,3000,135711.670671
-6596,3000,135724.1484
-10004,3000,135736.456408
-6724,3000,135748.862097
-3736,3000,135761.205091
-760,3000,135773.021501
-3992,3000,135784.542983
-8592,3000,135797.483495
-6604,3000,135809.621713
-12412,3000,135822.363273
-2764,3000,135834.456206
-13620,3000,135846.562792
-3656,3000,135859.140158
-16860,3000,135871.52909
-15500,3000,135884.435166
-10948,3000,135896.663542
-9624,3000,135909.832027
2276,3000,135922.299869
-12684,3000,135935.351289
-3828,3000,135947.569718
-13844,3000,135960.31462
-5432,3000,135973.152073
-8880,3000,135986.038516
-19108,3000,135998.226827
-6860,3000,136009.747785
-4604,3000,136022.600667
-11944,3000,136035.085604
-3788,3000,136047.699731
-5520,3000,136060.090058
-15720,3000,136072.713415
-1628,3000,136085.335312
-9636,3000,136097.895611
-11744,3000,136110.440624
-8676,3000,136123.161288
-2904,3000,136135.339547
-5788,3000,136147.777171
-9236,3000,136161.15485
-9480,3000,136173.566183
-12568,3000,136186.5153
-8784,3000,136198.905853
-2564,3000,136211.447348
-9472,3000,136223.930068
-7760,3000,136236.753902
-15712,3000,136256.03965
-6460,3000,136268.249758
-10552,3000,136280.291401
-11820,3000,136292.4766
-4496,3000,136304.526884
-11552,3000,136317.074975
-4936,3000,136329.299109
-3924,3000,136341.897827
-9068,3000,136354.5123
-4532,3000,136366.962923
-5652,3000,136379.41001
-7972,3000,136391.745311
-5832,3000,136403.992404
356,3000,136416.552548
-11740,3000,136429.384183
-10652,3000,136441.934673
-9864,3000,136454.849398
-10852,3000,136466.993151
-17740,3000,136479.701161
-9716,3000,136492.251236
-5556,3000,136504.798757
-6696,3000,136516.730386
-3968,3000,136529.414292
-7572,3000,136541.886648
-7592,3000,136554.06565
-4408,3000,136566.404711
-10556,3000,136578.664068
-4980,3000,136590.91088
-10376,3000,136603.400312
-16476,3000,136615.461131
-5692,3000,136628.346956
-2720,3000,136641.471448
-7768,3000,136653.900004
-5948,3000,136665.912448
-2556,3000,136677.998184
-10560,3000,136690.738711
-6788,3000,136703.063822
-4616,3000,136715.351326
-12996,3000,136726.966927
-3636,3000,136739.531304
-2424,3000,136752.705943
-6580,3000,136764.88866
-5984,3000,136777.201719
-14824,3000,136789.209361
-6920,3000,136802.001165
-11812,3000,136814.869833
-9996,3000,136827.110067
-1900,3000,136839.144708
-9768,3000,136851.709534
-7488,3000,136863.724213
-14532,3000,136875.846414
-4908,3000,136888.021883
-10992,3000,136900.299057
-5656,3000,136912.190933
-6744,3000,136924.552147
-3572,3000,136936.867849
-8348,3000,136949.385505
-6256,3000,136961.686929
-10692,3000,136973.955383
-11664,3000,136986.244292
-16624,3000,136999.129319
-8904,3000,137011.872379
-6400,3000,137025.02243
-7600,3000,137037.602317
-14796,3000,137050.16991
-10508,3000,137063.064829
-9732,3000,137075.823482
280,3000,137095.514214
-4548,3000,137107.787658
-8452,3000,137121.042956
-10808,3000,137133.278631
-6836,3000,137146.270295
-3764,3000,137159.058628
-12480,3000,137171.014198
-7808,3000,137183.469405
-3724,3000,137196.450173
-11412,3000,137208.891024
-8664,3000,137221.655606
-6060,3000,137234.135007
-2716,3000,137246.355439
-4680,3000,137258.482508
-5912,3000,137270.824945
-4584,3000,137283.170308
-6680,3000,137295.527205
-3240,3000,137307.81024
-8896,3000,137320.304596
-5560,3000,137332.74702
-8976,3000,137344.551732
-5636,3000,137356.540301
-6796,3000,137369.241603
-1652,3000,137381.40661
-9460,3000,137393.950662
-8724,3000,137406.830691
-12896,3000,137419.066522
-14780,3000,137432.167199
-13808,3000,137444.32171
-12584,3000,137456.794609
-8592,3000,137469.169758
-7656,3000,137481.809408
-7536,3000,137494.134619
-2524,3000,137505.925666
-8736,3000,137518.404427
-4744,3000,137530.756068
-13880,3000,137543.827809
-13616,3000,137556.56971
-17804,3000,137569.772001
-8712,3000,137581.574931
-6600,3000,137593.619601
-10820,3000,137606.200727
-9012,3000,137618.749658
-9896,3000,137630.911175
-5972,3000,137642.729152
-6132,3000,137655.449331
-12080,3000,137668.230325
-3812,3000,137680.957337
-1720,3000,137693.261492
-11360,3000,137705.49539
-8704,3000,137718.049047
-9728,3000,137730.987755
-12964,3000,137742.738599
-3728,3000,137755.472215
-8664,3000,137768.056002
-14464,3000,137780.890911
-4852,3000,137793.12855
-10556,3000,137805.860788
-14652,3000,137818.449908
-8712,3000,137831.040391
-10136,3000,137843.973472
-3580,3000,137855.691829
-1576,3000,137867.66016
-424,3000,137880.367464
-3780,3000,137892.532892
-9312,3000,137905.101267
-14700,3000,137924.944399
-7504,3000,137937.797356
-7528,3000,137950.76065
-17948,3000,137962.609586
-11580,3000,137975.499506
-10424,3000,137988.113383
-9744,3000,138000.436308
-3652,3000,138012.763304
-8788,3000,138025.90324
-1860,3000,138037.639829
-12848,3000,138050.091241
-8740,3000,138062.685867
-2536,3000,138074.939864
-3864,3000,138087.050478
-10440,3000,138100.22785
-10628,3000,138111.951392
-10008,3000,138124.412756
-1632,3000,138136.836322
-4468,3000,138148.835563
-9500,3000,138160.873461
-4988,3000,138172.914727
-4816,3000,138185.709443
-9680,3000,138198.514403
-7724,3000,138210.949405
-14916,3000,138223.278679
-7744,3000,138235.592957
-8424,3000,138248.809777
-2904,3000,138260.988899
-8824,3000,138273.728987
-3784,3000,138286.143049
-4732,3000,138298.653183
-1400,3000,138311.572976
-3648,3000,138323.806776
-6696,3000,138335.156789
-8812,3000,138348.144838
-11784,3000,138360.424263
-8856,3000,138372.62951
-7888,3000,138385.591621
-11872,3000,138397.565435
-7892,3000,138409.208002
-18872,3000,138421.832454
-11396,3000,138434.858389
-5752,3000,138447.111631
-8008,3000,138459.426342
-9568,3000,138472.30811
-2432,3000,138484.786253
-4748,3000,138496.684996
-9020,3000,138509.112678
-1604,3000,138521.9215
-5636,3000,138534.583602
-13836,3000,138546.827506
-3668,3000,138558.900213
-12900,3000,138571.09877
-4552,3000,138583.632916
-3972,3000,138595.623171
-5432,3000,138608.353818
-8824,3000,138620.791783
-8708,3000,138633.548199
-5356,3000,138646.495428
-4596,3000,138658.296717
-4768,3000,138670.927978
-3732,3000,138683.500119
-7696,3000,138696.171752
-2424,3000,138709.08826
3204,3000,138721.187457
-3960,3000,138733.499145
-6588,3000,138746.306501
-6556,3000,138765.781357
-1736,3000,138778.646907
-11584,3000,138791.915473
-3484,3000,138804.865689
1244,3000,138817.609772
-6004,3000,138829.629348
-3700,3000,138842.022174
-12012,3000,138854.511274
-10464,3000,138867.168416
-3672,3000,138878.900311
-4832,3000,138891.195919
-12800,3000,138903.784141
-6732,3000,138915.823322
-5540,3000,138928.60205
-8560,3000,138940.931879
-12736,3000,138953.332406
-3552,3000,138965.002109
-2408,3000,138977.383601
-4748,3000,138990.342176
-4840,3000,139003.206612
-4532,3000,139015.394875
-7984,3000,139028.122274
-7720,3000,139040.207
-5592,3000,139052.739236
-11612,3000,139065.513541
-2808,3000,139077.78427
-1428,3000,139090.843118
-2456,3000,139103.10769
-9648,3000,139115.915635
-4940,3000,139127.630442
-1720,3000,139140.128687
-14892,3000,139153.160409
-14592,3000,139165.583709
-2696,3000,139178.223289
-7416,3000,139190.987051
-6728,3000,139203.281036
-6752,3000,139215.914956
-1620,3000,139229.285738
-11900,3000,139241.966064
-10720,3000,139254.298727
-3744,3000,139266.914686
-2596,3000,139279.227502
-5704,3000,139292.025577
-2496,3000,139304.69968
-7532,3000,139317.756471
-10960,3000,139329.794656
-3440,3000,139342.871589
-11796,3000,139355.532252
-14960,3000,139367.893486
-5060,3000,139379.691722
-6668,3000,139392.446348
-8688,3000,139404.955184
-13656,3000,139417.549047
-4684,3000,139430.449005
-12932,3000,139443.248725
-1512,3000,139455.494538
-8500,3000,139468.372145
-8580,3000,139480.451522
-17024,3000,139493.015568
-5904,3000,139505.395865
-10928,3000,139518.163325
2340,3000,139530.436734
-18904,3000,139543.324375
-9872,3000,139555.408387
-6592,3000,139568.14555
-10568,3000,139581.405228
-10624,3000,139593.781447
-9780,3000,139613.068738
-6432,3000,139625.502785
-12880,3000,139637.704526
-3792,3000,139650.386653
-14716,3000,139663.773574
-3672,3000,139676.464293
-4664,3000,139688.920161
-6840,3000,139701.202198
-5808,3000,139713.66231
-11764,3000,139725.972539
-744,3000,139738.257515
-5696,3000,139750.520627
-7808,3000,139762.364339
-16712,3000,139774.776668
-7992,3000,139786.559107
-3652,3000,139799.697655
-11972,3000,139812.006581
-10556,3000,139824.819102
-5692,3000,139836.796688
-14424,3000,139849.561686
-4800,3000,139861.945302
-5912,3000,139874.521113
-1944,3000,139885.936098
-4572,3000,139897.947243
-3404,3000,139911.264278
-8700,3000,139923.723436
-792,3000,139935.451642
-7604,3000,139948.513911
-7756,3000,139961.15782
-5868,3000,139973.583292
-11628,3000,139986.154333
-11836,3000,139998.720108
-4504,3000,140011.415857
-1792,3000,140023.696981
-8556,3000,140036.31752
-8756,3000,140049.160203
-9964,3000,140061.337797
-17712,3000,140073.836231
-12616,3000,140086.165593
-6504,3000,140098.565957
-3780,3000,140110.611291
-5752,3000,140122.945392
-11832,3000,140135.420676
-456,3000,140147.328312
-6752,3000,140159.938742
-3720,3000,140172.69642
-9556,3000,140185.374966
-11644,3000,140197.867825
-9560,3000,140210.1443
-6976,3000,140221.940953
-6608,3000,140234.728625
-1816,3000,140246.328035
-10528,3000,140259.436572
-5872,3000,140271.783977
-11500,3000,140284.431725
-8116,3000,140296.241568
-996,3000,140308.675375
-2176,3000,140321.065489
-8912,3000,140333.625457
-13612,3000,140345.586374
-13744,3000,140358.31686
-9636,3000,140370.903456
-3472,3000,140383.790153
-1580,3000,140396.255973
-5740,3000,140408.628947
-11580,3000,140421.759824
-17724,3000,140441.389069
-13500,3000,140453.273053
-7636,3000,140465.977106
-484,3000,140478.299806
-7700,3000,140490.927029
-11692,3000,140503.522786
-7568,3000,140516.185957
-9844,3000,140528.043581
-4860,3000,140539.614537
-3568,3000,140553.075513
-5056,3000,140565.565996
-10572,3000,140578.275794
-4580,3000,140591.032809
-2792,3000,140603.668018
-7296,3000,140616.45009
-20500,3000,140629.79249
-4528,3000,140642.215916
-7816,3000,140654.645403
-7404,3000,140667.311201
-6508,3000,140680.0145
-6768,3000,140691.248694
-4188,3000,140703.736495
-4512,3000,140716.321639
-11652,3000,140728.920255
-8732,3000,140741.469479
-11644,3000,140754.337474
-3664,3000,140766.927196
-12680,3000,140779.733438
-6524,3000,140792.286448
-5028,3000,140804.361579
-808,3000,140816.288478
-6460,3000,140829.400293
-11884,3000,140842.090647
-7776,3000,140854.388726
-15420,3000,140867.050976
-16768,3000,140879.065622
-10928,3000,140890.892815
-2396,3000,140903.411505
-13856,3000,140915.322562
-6932,3000,140928.029371
-7484,3000,140940.695944
-6868,3000,140952.282571
-12928,3000,140963.985226
-13828,3000,140976.087511
-8652,3000,140988.054024
-13544,3000,141000.289318
-1916,3000,141012.627539
-12684,3000,141025.40983
-11840,3000,141037.920597
-3664,3000,141050.164213
-8664,3000,141062.91588
-11624,3000,141075.645304
-8848,3000,141087.27246
-5588,3000,141099.407253
-6036,3000,141111.624982
-6600,3000,141123.783351
-11960,3000,141136.070854
-10552,3000,141149.16595
-8060,3000,141161.286902
-10260,3000,141173.946629
-6424,3000,141186.769886
-5504,3000,141198.871843
-4808,3000,141210.973713
-8560,3000,141223.681869
-10712,3000,141236.166161
-17604,3000,141248.673421
-10668,3000,141261.297262
-6832,3000,141280.236227
-8676,3000,141293.349321
-15548,3000,141306.047707
-7860,3000,141318.867705
-14932,3000,141331.485466
-6616,3000,141343.706352
-13088,3000,141356.683821
-13780,3000,141369.411597
-12676,3000,141381.65943
-2668,3000,141394.134359
-4772,3000,141407.261341
-11872,3000,141418.937875
-9868,3000,141431.271093
-14808,3000,141444.531915
-4644,3000,141456.892247
-8576,3000,141469.708667
-6924,3000,141481.602444
-6840,3000,141493.498244
-12832,3000,141505.575239
-1732,3000,141517.898653
-6712,3000,141530.204344
-14592,3000,141542.790895
-12876,3000,141555.30091
-9648,3000,141567.126376
-10920,3000,141579.429328
-9708,3000,141591.873033
-5068,3000,141604.022479
-11564,3000,141616.879627
228,3000,141630.108624
-14844,3000,141643.033297
-13644,3000,141655.676262
1248,3000,141668.446811
-14536,3000,141680.559457
-4700,3000,141692.697953
-11968,3000,141705.301394
-3468,3000,141718.077435
-4404,3000,141731.004071
-17832,3000,141743.572483
-16800,3000,141755.548041
-3788,3000,141768.024529
-7812,3000,141780.520117
-6496,3000,141793.745724
-5668,3000,141806.393085
-8648,3000,141818.679076
-7832,3000,141831.317328
-8536,3000,141844.202753
-10108,3000,141855.908683
-11584,3000,141868.189973
-10760,3000,141880.686593
-5920,3000,141893.170536
-8784,3000,141905.407338
-6508,3000,141918.427744
-10688,3000,141931.277213
-1948,3000,141943.631804
-9632,3000,141956.836696
-13408,3000,141969.485133
-19640,3000,141982.025441
-10836,3000,141994.735231
-14748,3000,142007.98104
-656,3000,142020.69537
2144,3000,142033.083447
-8616,3000,142045.489819
-4520,3000,142058.727385
-4568,3000,142071.180641
-7820,3000,142083.489937
-7916,3000,142096.226862
-2604,3000,142108.524641
-3064,3000,142127.669626
-5680,3000,142139.548619
-5696,3000,142152.534229
-17808,3000,142164.907016
-11704,3000,142177.742831
-5596,3000,142189.628099
-6916,3000,142202.361801
-4660,3000,142214.739868
-14844,3000,142227.546476
-2668,3000,142240.01528
-1344,3000,142252.38748
-612,3000,142265.220211
-2996,3000,142277.797274
-2880,3000,142290.411658
-7752,3000,142303.262393
-3648,3000,142315.798076
-7596,3000,142328.451013
-12124,3000,142340.767304
-10768,3000,142352.968843
-8168,3000,142365.830491
-812,3000,142378.009089
-2688,3000,142390.98903
-20700,3000,142403.194681
-12608,3000,142415.386559
-5668,3000,142428.211922
-8720,3000,142440.916111
-5308,3000,142453.89947
-1444,3000,142465.64543
-9564,3000,142477.928768
-13952,3000,142490.236601
-2700,3000,142502.429084
-6256,3000,142515.70004
-1816,3000,142528.051041
-8036,3000,142540.805327
-4356,3000,142553.414867
-3996,3000,142566.55959
-15780,3000,142579.906702
-6764,3000,142592.511997
-13932,3000,142605.194504
-5332,3000,142617.555938
-9840,3000,142629.399508
340,3000,142641.517621
-7696,3000,142654.496542
-5528,3000,142667.500885
-1652,3000,142679.266901
-10924,3000,142691.066061
-11536,3000,142703.68453
-7428,3000,142716.750086
-6584,3000,142729.249161
-9616,3000,142741.942961
-12532,3000,142754.472569
-4888,3000,142766.913836
-8584,3000,142779.304253
-5692,3000,142791.542653
-8456,3000,142804.102408
-2668,3000,142816.730387
-12416,3000,142829.062062
-7904,3000,142841.104033
-9652,3000,142853.061115
-980,3000,142865.275976
-8764,3000,142877.899592
-4928,3000,142890.41549
-292,3000,142903.131387
-13836,3000,142915.716471
-7364,3000,142928.945626
-14724,3000,142941.301337
-7720,3000,142961.103187
-9496,3000,142973.875992
-3824,3000,142987.331656
-10664,3000,142999.826443
-3952,3000,143012.422124
-7612,3000,143024.366572
-3716,3000,143037.007653
-10668,3000,143049.497749
-9800,3000,143062.424283
-820,3000,143075.422471
-8312,3000,143088.367734
-9756,3000,143100.953067
-12008,3000,143114.061532
-2864,3000,143126.350258
-17804,3000,143139.039408
-13476,3000,143150.895934
-5928,3000,143163.539996
-10548,3000,143176.723109
-8684,3000,143189.494931
-11416,3000,143202.249079
-8840,3000,143214.274408
-4772,3000,143226.984498
-8356,3000,143239.919348
-1628,3000,143252.627807
-15600,3000,143264.949723
-4804,3000,143277.386082
-832,3000,143290.006041
-6988,3000,143302.306664
-13812,3000,143315.481029
-13508,3000,143328.364354
-4896,3000,143340.508478
-1672,3000,143352.938326
-10856,3000,143365.137501
-6724,3000,143377.876781
444,3000,143390.671368
-6540,3000,143403.002027
-16888,3000,143415.591506
-5828,3000,143427.58919
-10648,3000,143440.170536
-13496,3000,143452.456583
-4540,3000,143464.720737
-14580,3000,143477.614686
-7696,3000,143489.733318
-14664,3000,143502.469049
-5976,3000,143514.677837
-10908,3000,143527.178153
-6516,3000,143539.894017
-17180,3000,143552.064283
-10104,3000,143564.387487
-2532,3000,143577.069885
-4176,3000,143589.527302
-4396,3000,143602.282898
-15724,3000,143614.392734
-5732,3000,143626.636109
-4604,3000,143639.626403
-3796,3000,143651.8955
-8708,3000,143664.379083
-10412,3000,143676.980257
5088,3000,143689.352527
-9676,3000,143701.759926
-7868,3000,143714.706641
-6636,3000,143727.190881
-2996,3000,143739.818455
-2628,3000,143752.650226
-2932,3000,143765.549763
-6484,3000,143778.744967
-8764,3000,143790.8929
-4680,3000,143809.535773
-9740,3000,143822.129863
-15384,3000,143834.598144
-6808,3000,143846.34381
-7788,3000,143859.094325
-7704,3000,143871.382774
-5544,3000,143883.474361
-10888,3000,143895.411918
-13500,3000,143907.728412
-10608,3000,143919.964526
-6388,3000,143933.083712
-17476,3000,143946.259481
-9584,3000,143958.156997
-5652,3000,143971.086351
-3620,3000,143983.903135
-8424,3000,143996.367596
-9572,3000,144008.585853
-9344,3000,144022.027662
-16996,3000,144034.608062
-7800,3000,144047.145592
-9696,3000,144059.698405
-7800,3000,144072.285941
-3660,3000,144084.462179
-6588,3000,144097.080771
-9680,3000,144109.34386
-9656,3000,144122.385714
-9688,3000,144135.001338
412,3000,144147.053411
2572,3000,144159.877319
-10560,3000,144172.752466
-14648,3000,144184.960666
-3140,3000,144198.127113
-2704,3000,144210.011899
-6680,3000,144222.427518
2380,3000,144234.847286
-11832,3000,144247.493762
-5556,3000,144260.436587
-1920,3000,144273.317579
-10540,3000,144285.421207
-1384,3000,144297.916433
-5572,3000,144310.351207
-13096,3000,144322.236686
-3484,3000,144334.872148
-10656,3000,144346.870754
-8760,3000,144358.989813
-1608,3000,144371.500232
-12548,3000,144384.811883
-8840,3000,144397.457553
-9596,3000,144410.256678
-4856,3000,144422.265268
-6372,3000,144434.569192
-3528,3000,144447.251041
-8988,3000,144459.544306
-4612,3000,144472.161431
-10804,3000,144485.278741
-7760,3000,144497.110582
-1768,3000,144509.564351
-20028,3000,144521.571794
-8596,3000,144534.094788
-1520,3000,144546.784987
-4792,3000,144558.902801
-8848,3000,144571.027763
-10728,3000,144583.512909
-13744,3000,144596.296555
-2560,3000,144608.918026
-5740,3000,144621.448613
-8836,3000,144633.351309
-2572,3000,144652.988499
-11832,3000,144665.041842
-2616,3000,144676.830287
-12848,3000,144689.49841
-8656,3000,144702.328342
-8616,3000,144714.586439
-8796,3000,144727.208553
-16532,3000,144739.920908
-7444,3000,144752.692815
-8428,3000,144765.496737
-6744,3000,144777.605573
-5620,3000,144790.216627
-5132,3000,144803.493278
-6908,3000,144815.794978
-8684,3000,144828.578987
-4816,3000,144841.04528
-15632,3000,144853.556866
-10696,3000,144866.082865
-1748,3000,144878.841755
-11824,3000,144891.505513
-7636,3000,144904.118466
-13564,3000,144916.030345
-6544,3000,144928.6947
-2576,3000,144941.459205
-7856,3000,144953.903041
-10640,3000,144967.072957
-564,3000,144979.745543
-10652,3000,144992.858016
5372,3000,145005.241706
-9460,3000,145018.175726
-4500,3000,145030.970629
-11160,3000,145043.302858
-8648,3000,145056.14954
-5648,3000,145068.799237
-1636,3000,145081.795719
-9452,3000,145094.689871
-8784,3000,145107.534855
-2132,3000,145120.122039
-3596,3000,145132.843072
-11124,3000,145145.443432
-9520,3000,145158.168466
-6792,3000,145169.969621
-5800,3000,145182.044676
-5540,3000,145194.655636
-3688,3000,145207.202685
3328,3000,145220.026369
-7836,3000,145232.458263
-6936,3000,145244.808322
-1732,3000,145257.243721
-6472,3000,145269.809367
-8008,3000,145281.967873
-12820,3000,145293.85089
-3320,3000,145305.612017
-14692,3000,145317.786908
-2888,3000,145329.352663
-6576,3000,145341.046906
-2436,3000,145353.114642
-6684,3000,145365.066773
-8864,3000,145377.389475
-6448,3000,145389.236784
-7520,3000,145400.918252
-7488,3000,145413.231817
-3840,3000,145424.638604
-5764,3000,145436.452936
-11732,3000,145448.369949
-5884,3000,145460.199816
-11732,3000,145478.278358
-2684,3000,145490.321569
-9452,3000,145502.309995
-9616,3000,145514.177408
-10656,3000,145526.061877
-8844,3000,145538.063898
-3648,3000,145549.633244
-1396,3000,145561.78891
-4832,3000,145573.141124
-6976,3000,145585.024966
-1668,3000,145597.303776
-2512,3000,145609.424661
-6508,3000,145621.435459
-6432,3000,145632.931161
-9608,3000,145644.430526
-6684,3000,145655.749632
-14468,3000,145667.941406
148,3000,145679.479965
-2832,3000,145691.723961
-11708,3000,145703.654552
-1356,3000,145715.899762
-12276,3000,145727.49086
-10608,3000,145739.289039
-9404,3000,145751.5381
-11784,3000,145763.170794
-11532,3000,145775.332921
-5928,3000,145787.000853
-4664,3000,145799.421055
-5772,3000,145810.684783
-12392,3000,145822.846888
-7852,3000,145835.029604
-6764,3000,145846.837725
-432,3000,145858.312401
-4692,3000,145869.955415
-5896,3000,145881.848244
-1936,3000,145893.022058
-3464,3000,145904.832549
-3608,3000,145917.026241
-8568,3000,145928.721999
-8356,3000,145940.984011
-6892,3000,145952.358315
-9652,3000,145963.766005
-16568,3000,145975.712689
-2628,3000,145988.196962
-9096,3000,145999.392654
-4712,3000,146011.179901
-8860,3000,146023.177131
-12680,3000,146035.050671
3192,3000,146047.054676
-5788,3000,146059.253484
-5740,3000,146071.216131
-1568,3000,146083.004556
-2556,3000,146095.010968
-8764,3000,146106.573213
68,3000,146117.797616
-7860,3000,146129.823622
-4900,3000,146141.698772
16,3000,146153.257252
-8696,3000,146165.309214
-14564,3000,146176.813913
-12852,3000,146188.927068
-1528,3000,146201.182295
-5020,3000,146212.570537
-10504,3000,146224.892403
-8556,3000,146237.121734
-11744,3000,146249.225549
-5988,3000,146261.099919
-5552,3000,146279.439847
-6724,3000,146291.151384
-6652,3000,146302.691759
-13332,3000,146314.627638
-10440,3000,146326.614504
-13780,3000,146338.346058
-9500,3000,146349.635366
-9612,3000,146361.762836
-11164,3000,146373.513259
-2596,3000,146385.595213
-11516,3000,146397.581066
-13620,3000,146409.741041
-8472,3000,146421.60296
-5632,3000,146433.407106
-5700,3000,146445.076134
-4900,3000,146456.159941
-10480,3000,146468.131434
-7284,3000,146479.782272
-13752,3000,146491.348299
-13840,3000,146503.106933
-5960,3000,146514.669185
-7048,3000,146525.688479
-15852,3000,146537.487204
-4548,3000,146548.838001
-8764,3000,146560.923085
-13972,3000,146572.136307
-11132,3000,146583.701776
-1740,3000,146594.979221
-9360,3000,146606.422879
-6884,3000,146618.340723
-2492,3000,146630.221607
-8640,3000,146641.994808
-732,3000,146653.778953
-7844,3000,146665.255743
-6840,3000,146677.021456
-3972,3000,146688.455666
-4824,3000,146699.940517
-11692,3000,146711.590558
660,3000,146722.896845
-4780,3000,146734.391586
-13644,3000,146746.421496
-3664,3000,146758.299426
-4976,3000,146769.936581
-1524,3000,146780.997294
-11016,3000,146792.837287
-3752,3000,146804.014653
-6648,3000,146816.100914
-11612,3000,146827.97424
-5128,3000,146839.538123
-5728,3000,146850.931628
-6580,3000,146862.541909
-9688,3000,146874.129387
-7576,3000,146886.63282
-3456,3000,146898.788824
-10696,3000,146910.413035
-8840,3000,146922.097414
-6036,3000,146934.033873
-460,3000,146946.066211
-3148,3000,146957.892996
-5440,3000,146970.049828
-8588,3000,146982.270351
-8496,3000,146994.276557
-932,3000,147005.961324
-5932,3000,147017.370591
-3392,3000,147029.486004
-5980,3000,147041.818091
-820,3000,147053.63781
-8060,3000,147071.378559
-11820,3000,147083.364959
-12788,3000,147095.333324
-10648,3000,147106.541255
-8844,3000,147118.028248
-10692,3000,147129.777868
-19736,3000,147141.583561
-4528,3000,147153.569118
-11796,3000,147165.763465
-14644,3000,147177.697764
-10948,3000,147189.649477
-7608,3000,147201.296392
-8912,3000,147212.998213
-4876,3000,147224.83136
-3796,3000,147236.993418
-12908,3000,147248.954298
-10700,3000,147261.131908
-6756,3000,147272.721145
-9764,3000,147284.476392
-5176,3000,147296.289503
-2656,3000,147308.403683
-11868,3000,147320.072451
-8600,3000,147331.582432
-5848,3000,147343.434645
-6548,3000,147355.386245
356,3000,147367.374685
1296,3000,147379.394331
-4000,3000,147390.867349
-12852,3000,147402.3936
-1700,3000,147414.305066
-9652,3000,147426.050283
-12784,3000,147438.204573
196,3000,147449.105236
-13788,3000,147460.653841
-6584,3000,147472.711486
-15780,3000,147483.71354
-11492,3000,147495.431951
-12524,3000,147507.6828
-15784,3000,147519.419214
-8576,3000,147531.583174
-7972,3000,147543.616485
-3624,3000,147556.461715
-3820,3000,147567.551023
-9584,3000,147579.68865
-5388,3000,147591.658958
-9876,3000,147603.637145
-6736,3000,147614.961069
-5744,3000,147626.139182
-3688,3000,147637.594793
-7672,3000,147649.141716
-9824,3000,147660.686785
-2776,3000,147672.465787
-5876,3000,147684.02477
-10908,3000,147695.54336
-8696,3000,147707.555841
-7956,3000,147719.436226
-2440,3000,147730.932933
-12028,3000,147742.445218
-12748,3000,147754.282264
-12652,3000,147766.35335
-3684,3000,147778.492808
-4552,3000,147790.456585
-9036,3000,147802.330337
-10684,3000,147814.715362
-7608,3000,147826.386946
-2580,3000,147838.039346
-5512,3000,147856.269974
-10556,3000,147868.123736
-9312,3000,147880.215643
-10740,3000,147892.21091
-10508,3000,147904.230543
-2264,3000,147916.445114
-4920,3000,147927.440359
-11272,3000,147939.5531
-2776,3000,147951.11597
-8800,3000,147962.233284
-18576,3000,147973.583943
-8060,3000,147984.916057
-11568,3000,147996.704838
-9684,3000,148008.662902
-15504,3000,148020.396714
-10944,3000,148032.345823
-10736,3000,148044.225985
-3596,3000,148056.210168
-5768,3000,148067.938726
-1628,3000,148079.539512
-14652,3000,148092.062845
-14760,3000,148103.85732
-12852,3000,148115.592574
-10636,3000,148127.372247
-3504,3000,148139.046703
-10844,3000,148150.582329
-1764,3000,148162.379991
-3372,3000,148173.842222
-8600,3000,148185.658547
-12836,3000,148197.399827
-5912,3000,148208.54158
-2448,3000,148220.461743
-12940,3000,148232.002921
-7308,3000,148243.813297
-14724,3000,148256.141248
-8772,3000,148267.695725
-7440,3000,148278.920799
-5924,3000,148290.845649
-12604,3000,148302.648829
-624,3000,148314.054908
-3720,3000,148325.781811
1372,3000,148336.810405
-10868,3000,148348.562111
-5348,3000,148360.58055
-3500,3000,148373.347442
-10516,3000,148385.578054
-10652,3000,148397.568713
-6740,3000,148409.21366
628,3000,148420.62275
-9600,3000,148432.80364
-6568,3000,148444.95717
-13884,3000,148456.763957
-7496,3000,148468.879574
-3608,3000,148480.762614
-18900,3000,148492.335933
-7880,3000,148504.415127
-18020,3000,148516.478938
-11768,3000,148528.027418
-3556,3000,148540.249229
-11644,3000,148551.840235
-9940,3000,148563.441971
-7000,3000,148574.506508
-4828,3000,148586.379783
-2316,3000,148598.639551
-7096,3000,148610.147075
-11760,3000,148622.214102
-10392,3000,148634.22427
-11428,3000,148652.989702
-7716,3000,148664.562123
-10592,3000,148676.57024
-20840,3000,148688.352724
-9908,3000,148700.353993
-5952,3000,148712.28029
-1640,3000,148723.788984
-17776,3000,148735.720587
-12764,3000,148747.689403
-13620,3000,148759.708275
-3704,3000,148771.062858
-10588,3000,148783.094843
-7644,3000,148793.901124
-9680,3000,148805.25403
-12732,3000,148816.941707
-14696,3000,148829.125571
-7820,3000,148840.556034
-4768,3000,148851.413384
-8700,3000,148863.561973
-4600,3000,148875.715426
-16500,3000,148887.713265
-6844,3000,148899.157609
-7900,3000,148910.310788
-2636,3000,148921.984314
-9456,3000,148933.740983
-2844,3000,148945.592099
-10024,3000,148957.264544
-7652,3000,148969.494467
-8676,3000,148981.466561
-3632,3000,148994.107868
-12692,3000,149005.538423
-7476,3000,149017.25013
-10768,3000,149027.94953
-8052,3000,149039.459705
-11748,3000,149050.974621
-13852,3000,149062.283862
304,3000,149074.003483
-14792,3000,149085.312031
-12884,3000,149097.541558
-4820,3000,149109.162064
-3636,3000,149120.863157
-2612,3000,149132.882869
-7680,3000,149144.434549
-12788,3000,149156.038802
-7880,3000,149167.339261
-6660,3000,149179.612911
-6528,3000,149191.073039
-6988,3000,149202.581392
-1656,3000,149214.11241
-13724,3000,149225.49477
-3528,3000,149237.731404
-9920,3000,149249.442655
-2520,3000,149261.196941
-6936,3000,149273.032957
-8344,3000,149285.356012
-8620,3000,149297.178901
-9748,3000,149309.574417
-10676,3000,149321.641948
-6740,3000,149333.295181
-9704,3000,149344.933608
-9032,3000,149356.309388
-10956,3000,149367.835423
-13780,3000,149378.88071
-7452,3000,149390.848121
-5656,3000,149402.751086
-14376,3000,149414.090298
-6616,3000,149426.152164
-3976,3000,149443.656132
-4964,3000,149454.953574
-8836,3000,149467.038966
-9476,3000,149478.27206
-4564,3000,149490.076545
-11492,3000,149501.661735
-8548,3000,149513.216924
-5868,3000,149524.696954
-5800,3000,149535.708786
-7508,3000,149547.309115
-9364,3000,149559.402406
-12432,3000,149571.542925
-12860,3000,149583.429493
-5820,3000,149594.659671
-3696,3000,149606.662716
-7648,3000,149618.067025
-10560,3000,149630.312309
-6788,3000,149641.667324
-2792,3000,149653.427372
-10000,3000,149664.935601
-6548,3000,149676.557206
-8808,3000,149688.188615
-5996,3000,149699.678818
-13104,3000,149711.207075
-7872,3000,149723.711361
-14688,3000,149735.530921
-8512,3000,149747.252437
-6824,3000,149759.00351
-5624,3000,149770.826796
-7412,3000,149782.680605
-9712,3000,149794.746566
-11524,3000,149806.686693
-8028,3000,149818.046744
-9504,3000,149830.235939
-9632,3000,149841.883472
-10452,3000,149853.676728
-7776,3000,149865.40605
-7524,3000,149876.851565
-7364,3000,149888.692647
-9844,3000,149900.11893
-6816,3000,149911.74453
-5720,3000,149923.254724
-11048,3000,149934.966507
-13592,3000,149946.488943
-12588,3000,149958.294623
-10620,3000,149969.976519
-5780,3000,149981.480846
-4704,3000,149993.357235
604,3000,150005.730284
-7692,3000,150017.469042
-6496,3000,150029.547084
-7824,3000,150041.558795
-5492,3000,150053.409185
-7628,3000,150065.152279
-5828,3000,150076.667623
-8696,3000,150088.321158
-2744,3000,150100.691108
-1564,3000,150112.676394
-6260,3000,150123.947998
-10104,3000,150135.642265
-5752,3000,150147.303547
-12368,3000,150159.522189
-1868,3000,150170.723555
-3924,3000,150182.259317
-15816,3000,150193.803641
-2488,3000,150205.972194
-13520,3000,150224.794912
-4380,3000,150236.899433
-3468,3000,150249.393531
-12544,3000,150261.357565
-9952,3000,150273.152434
-10004,3000,150284.944144
-11272,3000,150297.032587
-10708,3000,150308.417969
-8948,3000,150320.110268
-18636,3000,150332.019584
-14632,3000,150344.254244
-14680,3000,150356.130273
-7716,3000,150368.102829
-14732,3000,150379.993642
-11788,3000,150392.151542
-8884,3000,150403.593523
-6776,3000,150415.139843
-8756,3000,150426.66823
-6876,3000,150438.035579
-10492,3000,150449.952035
-11576,3000,150461.82352
-9980,3000,150473.324382
-7444,3000,150484.615384
-4732,3000,150496.044684
-12576,3000,150507.819153
-4840,3000,150519.382922
-14708,3000,150530.860457
-9744,3000,150542.23407
-9344,3000,150554.645512
-10912,3000,150565.817317
-12572,3000,150577.286862
-3032,3000,150588.678987
-6676,3000,150600.413896
-9532,3000,150611.99625
-7020,3000,150623.535157
-6844,3000,150634.768553
-10464,3000,150647.252275
-11608,3000,150659.160459
-5180,3000,150671.174977
-6372,3000,150683.072621
-2784,3000,150694.80466
-11700,3000,150706.274388
-4740,3000,150717.742183
-11572,3000,150729.453759
-6992,3000,150741.055312
-11744,3000,150752.683006
-2008,3000,150764.023116
-8492,3000,150775.482048
-5128,3000,150787.511307
168,3000,150798.517143
-7800,3000,150810.847918
-7824,3000,150822.020097
-8716,3000,150833.967852
-4592,3000,150845.228337
-7620,3000,150857.534082
-13776,3000,150869.007429
-4556,3000,150880.883883
-9640,3000,150892.477523
-17868,3000,150903.966428
-7820,3000,150915.824421
-4092,3000,150927.351416
-1676,3000,150938.888673
-11520,3000,150950.846802
-10928,3000,150962.466828
-676,3000,150973.458666
-6696,3000,150985.18871
-2600,3000,150996.535448
-5480,3000,151014.694726
-6648,3000,151025.712215
-1648,3000,151037.627072
-8672,3000,151049.629129
160,3000,151060.961099
-6528,3000,151072.43966
-18468,3000,151084.128632
-11716,3000,151095.402405
-4768,3000,151105.967726
-7520,3000,151116.572373
-7892,3000,151127.711186
-10672,3000,151138.883206
-13024,3000,151148.890785
-9924,3000,151160.192019
-828,3000,151170.794083
-5388,3000,151181.685414
-10524,3000,151192.801611
-6780,3000,151203.919794
-2664,3000,151214.334617
-8512,3000,151225.22172
-4432,3000,151236.485824
-4880,3000,151247.377254
-16056,3000,151258.251233
-15964,3000,151268.961007
-7460,3000,151279.961825
-8888,3000,151291.407756
-11660,3000,151303.010229
-5840,3000,151314.022005
-9512,3000,151325.64445
-1736,3000,151336.895576
-11112,3000,151347.881313
-11996,3000,151358.645279
-2800,3000,151369.927607
-7584,3000,151380.856235
-10680,3000,151391.821573
-5876,3000,151402.806856
-10340,3000,151413.872909
-11524,3000,151425.729389
-5728,3000,151437.173495
-5596,3000,151447.770541
-512,3000,151459.17661
-4876,3000,151469.865901
-13696,3000,151480.9684
-12724,3000,151492.426656
-12704,3000,151504.068339
-3528,3000,151515.631805
-8884,3000,151526.416174
-8680,3000,151537.683291
-5972,3000,151548.455819
-9864,3000,151559.609774
-14644,3000,151569.938649
-7436,3000,151580.966294
-4976,3000,151592.034448
-21976,3000,151602.790282
-5632,3000,151613.782963
-10768,3000,151624.592618
3544,3000,151635.694283
-6852,3000,151647.017659
-4464,3000,151658.324354
176,3000,151669.339638
-868,3000,151680.84656
304,3000,151691.850003
-740,3000,151702.931884
-9332,3000,151714.252513
-9516,3000,151725.429252
-9224,3000,151736.573863
-4628,3000,151748.11603
-10828,3000,151765.55852
-5620,3000,151777.201455
-8560,3000,151788.451713
-1576,3000,151799.916356
-4428,3000,151811.330474
-1540,3000,151822.414825
-13408,3000,151833.862753
-10540,3000,151845.146521
-5456,3000,151856.696568
-3896,3000,151868.199259
-10732,3000,151879.066167
-12984,3000,151890.034863
-7892,3000,151900.874598
-12608,3000,151912.143559
-4772,3000,151923.322744
-664,3000,151934.403336
-5596,3000,151945.573609
-2536,3000,151956.79555
-10568,3000,151967.729882
-9600,3000,151979.601038
-11328,3000,151990.032643
-13496,3000,152001.197822
-9984,3000,152012.466075
-1936,3000,152024.030361
-9068,3000,152034.294246
-1608,3000,152045.986342
-12012,3000,152057.140123
-15612,3000,152069.004097
-19608,3000,152079.987896
-10624,3000,152090.837613
-13800,3000,152101.567131
-6808,3000,152112.235165
-9400,3000,152123.393054
2120,3000,152134.265303
-5568,3000,152145.903378
-13932,3000,152156.525592
-6884,3000,152167.059844
-6620,3000,152177.654207
-4804,3000,152188.375131
-8748,3000,152199.537041
-17664,3000,152211.126955
-12896,3000,152222.045191
-3124,3000,152232.656611
-7096,3000,152243.386935
-10564,3000,152254.483367
-8388,3000,152265.986004
-6728,3000,152277.338086
-1444,3000,152288.584823
-7664,3000,152299.901451
-14520,3000,152311.366119
-10568,3000,152322.294993
-3540,3000,152333.080442
-9760,3000,152343.685827
-8552,3000,152355.283537
-852,3000,152366.614672
-10656,3000,152377.298537
-7708,3000,152388.150294
-10716,3000,152399.043889
-2580,3000,152410.044657
-7992,3000,152421.226209
-7468,3000,152432.207384
-8796,3000,152443.367572
-4808,3000,152454.509531
-15680,3000,152465.222267
-6756,3000,152476.348193
-6056,3000,152487.228957
-10720,3000,152504.106193
-7584,3000,152515.242964
-1732,3000,152525.717561
-616,3000,152536.216155
-10572,3000,152547.141687
-3216,3000,152558.123847
-15492,3000,152568.950347
-7852,3000,152580.115861
-19536,3000,152591.603289
-2616,3000,152602.328433
-5904,3000,152613.188383
-7344,3000,152625.134318
-11552,3000,152636.659868
-8420,3000,152647.88587
-6252,3000,152658.530323
-14432,3000,152669.624205
-11396,3000,152681.102647
-10652,3000,152692.318158
-7084,3000,152702.876205
-11360,3000,152714.157331
-11804,3000,152725.12318
1408,3000,152736.631753
-9804,3000,152747.197065
180,3000,152758.105625
-1652,3000,152769.273649
-8320,3000,152780.756713
-5520,3000,152792.414957
-7580,3000,152803.253724
-14956,3000,152814.072792
-6976,3000,152824.664994
-13388,3000,152835.82004
1108,3000,152846.842979
-13728,3000,152857.711743
-8108,3000,152868.845541
-1552,3000,152879.820624
-8780,3000,152890.370928
-5628,3000,152901.629508
-12028,3000,152912.354678
-7632,3000,152923.490179
-11996,3000,152934.536774
-5604,3000,152944.877616
-5512,3000,152955.960932
1528,3000,152966.971918
-4860,3000,152978.348572
-1520,3000,152989.427941
-10796,3000,153000.282546
-4828,3000,153011.171829
-9668,3000,153021.642678
-9700,3000,153032.239513
-3840,3000,153042.804847
-7536,3000,153053.36222
-6780,3000,153062.984453
-4844,3000,153073.471563
-4556,3000,153084.365105
-18920,3000,153094.847881
-7600,3000,153105.094887
-13568,3000,153115.32469
-8784,3000,153125.37236
-22572,3000,153136.12655
-5348,3000,153147.236318
-2688,3000,153157.80785
-7692,3000,153168.342844
-17188,3000,153178.338197
-8836,3000,153188.562042
-3380,3000,153199.047041
1296,3000,153209.374431
-6828,3000,153220.013106
-15644,3000,153236.38046
-6616,3000,153246.781215
-10672,3000,153256.663947
-2752,3000,153267.037949
-11580,3000,153277.099122
-6592,3000,153287.485168
-6636,3000,153298.119981
-2860,3000,153308.111863
-6636,3000,153318.618727
-2528,3000,153329.559905
-8856,3000,153340.307441
-6668,3000,153351.075235
-9888,3000,153361.487506
-3916,3000,153371.661927
-12572,3000,153382.218175
-4844,3000,153392.737644
-8764,3000,153402.837227
-6048,3000,153413.20325
-10912,3000,153423.787202
-5492,3000,153434.860229
-15600,3000,153445.477508
-10552,3000,153456.488599
-12896,3000,153467.177203
-11780,3000,153477.511491
-16760,3000,153487.511932
-1660,3000,153497.527239
360,3000,153508.340287
-7908,3000,153518.80417
-8164,3000,153529.329165
-468,3000,153540.221724
-11824,3000,153550.539089
-9288,3000,153561.353424
-4604,3000,153571.933715
-8956,3000,153582.208806
-2848,3000,153592.619967
-9668,3000,153603.294832
-6468,3000,153614.009716
-840,3000,153624.115762
-10636,3000,153634.269084
-2844,3000,153644.440707
-5652,3000,153654.663256
-14532,3000,153665.132672
-10552,3000,153675.382986
-2760,3000,153686.016686
-6820,3000,153696.82736
-18592,3000,153707.235492
-8668,3000,153717.300288
-11452,3000,153728.15177
-4692,3000,153738.059442
-5600,3000,153748.695541
-6676,3000,153759.052582
-2608,3000,153769.905052
-8780,3000,153780.219584
-12640,3000,153790.402437
-7544,3000,153800.918719
-9476,3000,153811.681486
-6648,3000,153821.993845
-6308,3000,153832.029937
-3936,3000,153841.799023
-4600,3000,153851.596779
-10432,3000,153862.765466
-4592,3000,153872.970958
-5692,3000,153883.274936
-14016,3000,153893.75691
-8728,3000,153904.043843
-7852,3000,153914.627621
-5492,3000,153925.507593
-9972,3000,153941.299578
-14528,3000,153951.793104
-6336,3000,153962.057293
-7632,3000,153972.834023
-5804,3000,153983.280872
-8688,3000,153993.776348
-916,3000,154004.111551
-10712,3000,154014.471806
-420,3000,154025.102065
-1936,3000,154035.380068
-4908,3000,154046.224003
-6728,3000,154056.702332
-4392,3000,154067.749409
-5976,3000,154077.849511
-12016,3000,154088.023686
1156,3000,154098.481467
-9728,3000,154109.150394
-10776,3000,154120.0252
-16760,3000,154130.755901
-7048,3000,154140.88122
-9936,3000,154151.30284
-10112,3000,154161.66199
-6288,3000,154172.332026
-8844,3000,154182.44637
-10564,3000,154193.008294
-7764,3000,154203.229534
-3800,3000,154213.320621
-12552,3000,154224.729522
-11004,3000,154235.418312
-12972,3000,154245.853287
-6640,3000,154256.275984
-7824,3000,154266.363738
-10016,3000,154276.410174
-10740,3000,154286.921766
-8532,3000,154297.407502
-13736,3000,154307.710901
-432,3000,154318.838772
-7732,3000,154328.929826
-5568,3000,154339.672437
-11868,3000,154350.212032
-9552,3000,154360.799676
-2880,3000,154371.478953
-3716,3000,154381.573918
-9772,3000,154391.870507
-12804,3000,154402.950923
-2620,3000,154412.986364
-6732,3000,154423.541425
-3680,3000,154434.253144
-17820,3000,154445.173231
-8808,3000,154455.741262
-10568,3000,154466.431755
-2672,3000,154477.250357
-7644,3000,154487.59815
-7572,3000,154497.537451
-7584,3000,154508.202132
-13464,3000,154519.287585
1280,3000,154529.827534
-13944,3000,154540.543411
-3764,3000,154550.986138
-2892,3000,154561.163906
-12912,3000,154571.99631
-5784,3000,154582.803756
-4616,3000,154593.440182
-8432,3000,154603.860748
-6576,3000,154614.277363
-6652,3000,154624.855793
-8596,3000,154641.546337
-7472,3000,154651.881235
-4368,3000,154662.226834
-16952,3000,154672.558205
-14452,3000,154683.314312
-4792,3000,154693.894113
-800,3000,154704.231987
-1672,3000,154714.424602
-4032,3000,154725.405097
-4036,3000,154736.142965
-15284,3000,154746.557159
-18112,3000,154757.000899
-4832,3000,154767.621151
-6004,3000,154778.335293
-5960,3000,154788.277324
-2588,3000,154799.180983
-3508,3000,154809.290935
-748,3000,154819.416716
-7460,3000,154830.341154
-5724,3000,154841.099165
-2516,3000,154851.25897
-8796,3000,154861.719072
-10568,3000,154872.354822
-9776,3000,154882.563609
-4720,3000,154893.03342
-944,3000,154902.78426
-8668,3000,154913.433294
-1604,3000,154923.741648
-7692,3000,154933.77569
-12516,3000,154944.291926
-8284,3000,154955.778101
-7820,3000,154966.080772
-9800,3000,154976.724688
-16700,3000,154987.482659
-4864,3000,154997.988754
-4972,3000,155008.242547
-9524,3000,155018.572222
-6544,3000,155029.264726
-8724,3000,155038.856585
-18768,3000,155049.279817
-4672,3000,155059.723807
-5540,3000,155070.303018
-3772,3000,155081.27816
-5912,3000,155091.680697
-9956,3000,155102.391292
-8616,3000,155113.566074
-7976,3000,155123.827754
-5564,3000,155134.603654
-1744,3000,155145.761351
-4716,3000,155156.182065
-1628,3000,155166.347502
-10696,3000,155176.439402
-3420,3000,155186.727499
-6840,3000,155197.02059
-7872,3000,155207.756205
-17468,3000,155218.266954
-11988,3000,155228.402169
-9624,3000,155239.192966
-18540,3000,155249.600195
-11960,3000,155260.174757
-2748,3000,155271.192831
-3728,3000,155281.540738
-5552,3000,155292.15321
-7040,3000,155302.844447
-13884,3000,155312.736281
-10496,3000,155323.451558
-10604,3000,155333.996124
-7824,3000,155349.846583
-6836,3000,155360.36195
-3596,3000,155370.745835
-4716,3000,155381.581173
-10996,3000,155391.630558
-7600,3000,155402.082872
-2716,3000,155412.580558
-8524,3000,155422.959772
-11964,3000,155433.876403
-12900,3000,155444.041956
-4552,3000,155454.361083
-4772,3000,155464.941422
-2908,3000,155474.92669
-4692,3000,155485.067616
-7636,3000,155495.355906
-10504,3000,155506.266133
-2072,3000,155517.008006
-22620,3000,155526.652804
-10792,3000,155537.041373
-14012,3000,155547.100724
-6588,3000,155557.302331
-3500,3000,155568.004353
-2852,3000,155578.274931
-15652,3000,155588.989653
-9688,3000,155599.664385
-8612,3000,155610.2188
-6660,3000,155620.237013
-5760,3000,155630.925184
-3588,3000,155641.981545
-9520,3000,155652.63925
-8444,3000,155663.495524
-13788,3000,155673.707606
-4864,3000,155684.764193
-12428,3000,155695.906803
-7884,3000,155706.017567
-7820,3000,155716.306897
-18672,3000,155726.247238
-5600,3000,155737.053076
-7740,3000,155747.930717
-3528,3000,155758.624799
-3848,3000,155769.44799
-16740,3000,155780.592839
-5920,3000,155790.547883
-14800,3000,155801.178996
-3488,3000,155811.399853
-4872,3000,155821.741412
-1672,3000,155831.99628
-3704,3000,155842.700715
-3652,3000,155853.252103
1444,3000,155864.320033
-11144,3000,155874.993756
-7628,3000,155885.931119
-15408,3000,155896.427178
-4680,3000,155907.003659
-10692,3000,155917.474451
-5032,3000,155927.731373
2196,3000,155938.181332
-11800,3000,155947.852098
-4748,3000,155958.557569
-5796,3000,155968.379954
-11608,3000,155978.531215
-5652,3000,155989.045593
-7692,3000,155999.590194
-4504,3000,156010.371485
-12696,3000,156020.648597
-1592,3000,156031.372551
-3968,3000,156041.765891
-16980,3000,156058.155558
-9592,3000,156068.820923
-5688,3000,156079.289181
-9764,3000,156089.262089
-6860,3000,156099.430212
-11928,3000,156109.722457
1352,3000,156120.429315
-12692,3000,156131.14997
-8352,3000,156142.342799
-3552,3000,156152.310652
-6556,3000,156163.537363
-3640,3000,156173.997138
-6772,3000,156184.618873
-7992,3000,156195.125681
-10948,3000,156204.894097
-7888,3000,156215.306753
-7748,3000,156225.956476
-8936,3000,156236.336307
-3692,3000,156247.259225
-8700,3000,156257.467202
-6912,3000,156267.861205
-4808,3000,156278.45157
-4836,3000,156289.161947
-12688,3000,156299.231287
-7548,3000,156310.381751
-12528,3000,156321.195606
-11152,3000,156332.028222
-420,3000,156342.958549
-7968,3000,156353.443645
-21412,3000,156364.241777
-7640,3000,156374.743119
-4724,3000,156385.258005
-6704,3000,156395.775624
-6972,3000,156405.848861
-3844,3000,156415.714006
-4064,3000,156426.609674
-11900,3000,156437.122535
1268,3000,156447.266079
-13612,3000,156457.546979
-14964,3000,156467.617664
-11884,3000,156477.441081
-9664,3000,156488.352863
-2644,3000,156498.90892
-2524,3000,156509.550818
-6876,3000,156519.509348
-9640,3000,156530.060848
-4828,3000,156541.097981
-7724,3000,156551.480003
-11516,3000,156562.408555
-5928,3000,156573.144992
-14872,3000,156583.882511
-6828,3000,156594.497191
-12948,3000,156604.654768
-13924,3000,156614.789611
-10564,3000,156625.522433
-9664,3000,156636.051717
-9568,3000,156647.3811
-5724,3000,156658.446879
-7336,3000,156669.561446
-9672,3000,156680.26256
-10584,3000,156690.822411
-7796,3000,156701.330346
-9936,3000,156711.627731
-8268,3000,156722.315782
-5888,3000,156732.565646
-3600,3000,156742.851058
-2920,3000,156759.457956
-4932,3000,156770.121507
-18584,3000,156780.856179
-7600,3000,156791.597347
-8424,3000,156802.511523
-9408,3000,156813.252782
-3012,3000,156823.916079
-5700,3000,156833.766479
-420,3000,156844.560539
-5768,3000,156855.167761
-15056,3000,156865.616368
-8540,3000,156875.581545
-10940,3000,156885.916902
-5820,3000,156895.94481
-12564,3000,156906.958952
-11584,3000,156917.460804
-6004,3000,156927.4574
-1652,3000,156937.496384
-7288,3000,156948.246159
-1896,3000,156958.816738
-13060,3000,156969.073367
-5660,3000,156980.294579
-1248,3000,156991.157169
-4864,3000,157001.744371
-2640,3000,157012.345791
-7672,3000,157023.434167
-14576,3000,157033.845505
-8584,3000,157044.350968
-9680,3000,157055.027952
-5620,3000,157065.50691
-10792,3000,157076.038415
-1856,3000,157086.230758
-10644,3000,157096.967785
-3720,3000,157107.322646
-2880,3000,157118.023574
-7656,3000,157128.85082
-4004,3000,157139.202415
-7432,3000,157150.033663
-13008,3000,157160.608068
-448,3000,157170.728431
-11008,3000,157181.411801
-3828,3000,157192.247268
-4092,3000,157202.4771
-4688,3000,157213.014627
-12700,3000,157223.771139
-7732,3000,157235.076598
-15764,3000,157245.790833
-16736,3000,157256.286263
-11848,3000,157266.551511
-20916,3000,157277.104468
-7508,3000,157287.54898
-2960,3000,157298.16141
-4680,3000,157308.549061
-5916,3000,157319.620802
-5800,3000,157330.027575
-4876,3000,157340.514987
-3740,3000,157351.120419
-4720,3000,157361.636728
-9728,3000,157372.096597
-5840,3000,157382.7475
-3524,3000,157393.550861
-10424,3000,157404.384181
-5476,3000,157415.022363
-7952,3000,157425.595717
-9348,3000,157436.082399
-6728,3000,157446.338924
-7740,3000,157456.716272
-3556,3000,157473.182063
-3376,3000,157483.918373
-7928,3000,157494.217469
-5988,3000,157504.657998
-8792,3000,157515.457481
-1628,3000,157526.354617
-11768,3000,157536.718436
-5740,3000,157547.404675
-12200,3000,157557.635941
-1500,3000,157568.732754
-4264,3000,157579.844784
-11764,3000,157590.303884
156,3000,157601.169329
-26892,3000,157611.963519
-6760,3000,157622.525597
-9780,3000,157633.554638
-7776,3000,157644.307617
-8556,3000,157654.786586
-4804,3000,157665.335504
-2780,3000,157675.39486
-6564,3000,157685.626957
-11764,3000,157696.471425
-9736,3000,157707.725784
-15548,3000,157718.442616
-4932,3000,157728.840003
-8976,3000,157738.724822
-9740,3000,157749.751752
-5860,3000,157760.179192
-16804,3000,157770.837636
-11044,3000,157780.909133
-5748,3000,157791.377864
-8416,3000,157802.374992
-12640,3000,157813.161655
-6956,3000,157823.640335
-11548,3000,157834.045079
-17636,3000,157844.355225
-6604,3000,157854.670935
-3660,3000,157865.291447
-12952,3000,157876.208905
-4036,3000,157886.490232
-6016,3000,157897.091134
-3696,3000,157906.985326
-5508,3000,157917.471314
-532,3000,157928.06683
-13772,3000,157938.290259
-1588,3000,157949.040593
-4824,3000,157959.343385
-14520,3000,157970.04833
-10876,3000,157980.531497
-4604,3000,157990.831083
-17428,3000,158002.029401
-16860,3000,158012.774503
-3852,3000,158022.918193
-10720,3000,158033.25602
-14824,3000,158043.718009
-7004,3000,158054.203476
-7064,3000,158064.351808
-11476,3000,158074.471633
-15660,3000,158085.347163
-4564,3000,158096.113465
-4676,3000,158107.022858
-3540,3000,158118.435269
-1792,3000,158128.496806
-5572,3000,158139.092605
-9916,3000,158149.415606
-9888,3000,158159.234272
-2876,3000,158169.592351
-3936,3000,158186.566713
-7504,3000,158196.567177
-7692,3000,158207.474646
-7960,3000,158218.21904
-7704,3000,158228.859612
-8596,3000,158239.401638
-2364,3000,158250.010414
-1932,3000,158260.341707
-14800,3000,158271.524598
-8712,3000,158281.864617
-9880,3000,158292.858311
-7828,3000,158303.028936
-9772,3000,158314.007946
-8460,3000,158324.488415
-6236,3000,158335.381442
-14960,3000,158345.547505
-4524,3000,158356.527225
-9580,3000,158367.449187
-5820,3000,158377.412117
-7912,3000,158388.096803
-12876,3000,158398.873461
-6716,3000,158409.703785
-6704,3000,158420.219199
-12752,3000,158430.694214
-8596,3000,158440.577151
-5864,3000,158450.960583
-6912,3000,158461.8595
-2760,3000,158472.818804
-5692,3000,158483.368426
-12976,3000,158493.989812
-7764,3000,158504.562811
-9684,3000,158514.779396
-9624,3000,158525.903302
-528,3000,158536.234245
-7800,3000,158546.807433
-7644,3000,158557.856197
-9764,3000,158568.646621
-4644,3000,158579.333415
-9100,3000,158590.036598
-5484,3000,158600.783639
2324,3000,158611.505955
-17036,3000,158622.071397
-16764,3000,158632.706905
-14912,3000,158642.882291
-9760,3000,158653.969118
-12876,3000,158664.42132
-11092,3000,158675.295933
-7720,3000,158685.848956
-5512,3000,158696.56999
-5332,3000,158707.86569
-8648,3000,158718.462158
-6736,3000,158728.839566
1232,3000,158738.944517
-6532,3000,158749.598438
-8820,3000,158760.00173
-6972,3000,158770.724275
-12412,3000,158781.486357
-2908,3000,158792.30568
-8732,3000,158803.127854
-9744,3000,158813.363338
-11716,3000,158824.153999
-860,3000,158834.976619
-11764,3000,158845.672757
-19736,3000,158856.405119
-5756,3000,158866.87196
-596,3000,158877.120382
-2976,3000,158893.248784
-624,3000,158903.942612
-9520,3000,158915.004558
-8668,3000,158925.532293
-5672,3000,158936.445881
-364,3000,158947.282222
-9596,3000,158958.285897
-9852,3000,158968.655471
-7700,3000,158978.796684
-11700,3000,158989.442114
-9744,3000,159000.183989
-9420,3000,159010.854265
-10324,3000,159021.724531
228,3000,159032.28014
-1312,3000,159043.369511
-9832,3000,159053.934633
-7516,3000,159065.124201
-1876,3000,159075.263088
-8992,3000,159085.625603
-8848,3000,159096.708528
-3700,3000,159107.983683
-2908,3000,159118.879285
-5544,3000,159129.654236
-8444,3000,159140.408472
-4448,3000,159150.940693
-5640,3000,159162.060442
-9040,3000,159172.526055
-11800,3000,159182.969482
-1692,3000,159193.391518
-3660,3000,159203.769844
-11836,3000,159214.681015
-10632,3000,159225.439193
-9732,3000,159236.300886
-11828,3000,159246.758455
-8996,3000,159257.342993
-4012,3000,159268.069174
-3724,3000,159278.580775
-9456,3000,159288.879718
-8856,3000,159299.472699
-5888,3000,159310.382965
-4760,3000,159320.545563
-3672,3000,159330.721925
-12912,3000,159341.032742
-14856,3000,159351.894668
-4824,3000,159362.596616
-7652,3000,159372.886979
-7844,3000,159383.430762
-4896,3000,159393.865202
-508,3000,159404.280971
-10700,3000,159414.658429
-5736,3000,159425.262981
-1636,3000,159436.259124
-5916,3000,159446.077003
-9628,3000,159456.463264
-11928,3000,159466.627434
-7960,3000,159477.13885
-10348,3000,159488.084165
-13636,3000,159499.028047
-5456,3000,159509.926945
-4908,3000,159520.69146
-9024,3000,159531.751274
-2092,3000,159542.307044
-9652,3000,159553.597507
-1692,3000,159564.280756
-8768,3000,159574.74865
-12604,3000,159585.321973
-11724,3000,159596.180423
-3044,3000,159612.791657
-868,3000,159623.485919
-7712,3000,159634.544247
-9640,3000,159644.889567
-10604,3000,159655.771018
-9888,3000,159666.451736
-664,3000,159677.202236
-4680,3000,159687.691239
-10944,3000,159698.463954
-20704,3000,159708.976713
3124,3000,159719.46953
-6808,3000,159730.341242
-6996,3000,159740.947374
-10476,3000,159751.664625
-10636,3000,159762.557389
-7696,3000,159773.67593
-6348,3000,159784.328424
2384,3000,159795.013899
-13744,3000,159806.176444
-5824,3000,159816.393991
-16664,3000,159827.168242
248,3000,159837.565234
-3684,3000,159848.003706
-15724,3000,159858.54186
-1884,3000,159869.053678
-6988,3000,159879.65114
-968,3000,159889.97639
-2632,3000,159900.785208
-5932,3000,159910.814913
-7436,3000,159921.4647
-10680,3000,159931.825258
-788,3000,159942.111266
-8820,3000,159953.0262
-10536,3000,159963.748801
-4100,3000,159974.027327
-9684,3000,159985.043265
-12100,3000,159995.83747
-10128,3000,160006.557543
-6868,3000,160017.280008
-15648,3000,160028.21611
-6908,3000,160038.834908
-8952,3000,160049.333534
-10784,3000,160059.641076
-10828,3000,160069.875662
1172,3000,160080.739984
-13604,3000,160091.067084
-9656,3000,160101.242038
-16016,3000,160112.149578
-10432,3000,160122.900235
-5744,3000,160133.188406
-10868,3000,160143.666627
-14000,3000,160154.257888
-10992,3000,160164.513763
-3024,3000,160174.614575
-1680,3000,160184.741223
-6224,3000,160194.899879
-4536,3000,160205.785104
-5948,3000,160216.858533
-7692,3000,160227.846242
-9728,3000,160238.451463
-10792,3000,160249.111616
-13036,3000,160259.931739
-5524,3000,160270.659426
-5628,3000,160281.561086
-1808,3000,160292.012845
-5660,3000,160302.523769
-12196,3000,160313.034891
-11884,3000,160329.641681
-10864,3000,160340.294965
-9636,3000,160350.582714
-7704,3000,160361.161289
-9872,3000,160371.291095
-6972,3000,160381.989352
-3944,3000,160392.626435
-9476,3000,160403.277421
-6496,3000,160414.212282
-1928,3000,160425.184484
-15768,3000,160435.981807
-7948,3000,160446.673707
-5808,3000,160457.38081
-18956,3000,160468.380315
-10868,3000,160479.277531
-11656,3000,160489.886248
-8776,3000,160500.756809
-7764,3000,160511.332427
904,3000,160521.561858
-5804,3000,160532.336525
-13908,3000,160543.042868
-9604,3000,160553.830264
-8752,3000,160564.997563
-7736,3000,160575.271119
-9780,3000,160584.919655
-5504,3000,160596.474083
-3652,3000,160606.781697
-21076,3000,160617.337349
-5800,3000,160627.976254
-8768,3000,160638.802038
-2840,3000,160649.922208
-6800,3000,160659.71942
-7628,3000,160670.724054
-7600,3000,160681.580693
-9544,3000,160692.847362
-10076,3000,160702.964725
-7708,3000,160712.970486
-4152,3000,160723.752429
-3488,3000,160733.990725
-5120,3000,160744.215745
-4768,3000,160754.332551
-4884,3000,160765.089436
-3104,3000,160775.228949
-10616,3000,160786.232588
-7352,3000,160796.785331
-4460,3000,160807.368432
-23748,3000,160818.009968
-7832,3000,160828.801154
-11932,3000,160840.262355
-9820,3000,160850.87231
-16012,3000,160861.248369
1348,3000,160871.354465
-8008,3000,160882.191283
-3488,3000,160893.034125
-6780,3000,160903.874495
-14056,3000,160914.758216
-9996,3000,160925.606259
-8676,3000,160935.976858
-7508,3000,160946.61942
-8588,3000,160956.999383
-9652,3000,160967.89517
-664,3000,160978.859278
-10740,3000,160989.707245
-6576,3000,161000.4126
-9488,3000,161011.149605
-3672,3000,161021.706533
-9972,3000,161037.844211
-7744,3000,161048.808284
-11016,3000,161059.5951
-8996,3000,161070.166589
-11376,3000,161080.998313
-7604,3000,161091.906682
-4544,3000,161102.857203
-2408,3000,161113.6051
-16788,3000,161124.523332
-3868,3000,161135.418761
-4984,3000,161145.784761
248,3000,161155.853417
-11844,3000,161166.764587
-4008,3000,161177.393009
-1716,3000,161188.707727
-14108,3000,161199.11384
-12664,3000,161209.846722
1216,3000,161220.762429
-6920,3000,161230.846495
-2576,3000,161242.194684
-2884,3000,161252.966703
-824,3000,161263.677389
-2496,3000,161274.719149
-4660,3000,161285.619157
-7660,3000,161296.284261
-4544,3000,161307.196336
-3008,3000,161317.766266
-9100,3000,161328.972563
-1888,3000,161339.762469
-12052,3000,161349.932307
-3828,3000,161360.356633
-14792,3000,161370.481136
-80,3000,161381.227557
-3948,3000,161391.856245
-6216,3000,161402.248526
-6684,3000,161413.107155
-10836,3000,161423.446311
-9928,3000,161433.801514
-2952,3000,161443.975022
-6716,3000,161454.711139
-11740,3000,161464.889734
-14808,3000,161475.28271
-6880,3000,161486.20963
-9792,3000,161496.85573
-11656,3000,161507.440349
-8952,3000,161518.282659
-14592,3000,161529.417169
-2464,3000,161538.955435
-7708,3000,161549.715511
-7684,3000,161561.099005
-7732,3000,161571.468717
-9508,3000,161581.865181
-5928,3000,161592.576866
-3752,3000,161602.733465
-3640,3000,161613.16759
-12812,3000,161624.414388
-1844,3000,161635.452046
-7876,3000,161645.922242
-10888,3000,161656.689795
-10648,3000,161667.078667
-5796,3000,161677.657062
-484,3000,161688.828915
-4516,3000,161699.946523
-6856,3000,161710.411386
-7624,3000,161722.391758
-6036,3000,161733.27292
-10136,3000,161743.556921
-8644,3000,161760.096231
-3972,3000,161771.187522
1256,3000,161782.019811
-17732,3000,161792.47327
-11560,3000,161803.299256
-11856,3000,161814.066896
-13904,3000,161824.96389
-10044,3000,161835.175225
-13856,3000,161846.062623
-8756,3000,161856.624926
-13556,3000,161867.003143
-6124,3000,161877.291195
-9476,3000,161887.532763
-10052,3000,161898.981895
-8852,3000,161909.571896
-10064,3000,161919.927257
-5800,3000,161930.04027
-2788,3000,161940.617671
-6712,3000,161951.424696
-6808,3000,161962.197353
-16820,3000,161972.836754
-12940,3000,161983.703562
-15668,3000,161994.765279
-11448,3000,162005.256685
-1960,3000,162015.258934
-12592,3000,162026.493833
-5832,3000,162037.506216
-6952,3000,162048.21564
-8916,3000,162059.076965
-10728,3000,162069.937602
-3164,3000,162080.44119
-4652,3000,162091.523456
-14848,3000,162102.326217
196,3000,162113.448681
-6704,3000,162124.493141
-6452,3000,162135.727512
-5828,3000,162146.29418
-5768,3000,162157.088987
-15672,3000,162167.365512
-8528,3000,162178.383901
-3036,3000,162188.864261
-6636,3000,162199.244607
-2280,3000,162210.150265
-6988,3000,162220.724386
-8528,3000,162231.21987
-2688,3000,162241.158538
-8800,3000,162251.266307
-7848,3000,162260.808625
-10692,3000,162271.007558
-10536,3000,162281.600526
-9832,3000,162291.75186
-8948,3000,162301.515682
-8084,3000,162311.30446
-4588,3000,162321.58859
-7912,3000,162331.964967
-4820,3000,162341.812616
-9376,3000,162352.760277
-7724,3000,162362.883888
-7744,3000,162373.366894
-5640,3000,162383.878894
-10852,3000,162393.741276
-8032,3000,162403.701684
-4480,3000,162414.118985
-2632,3000,162424.028224
-10772,3000,162434.290641
3056,3000,162444.162217
-9744,3000,162453.959288
-6716,3000,162469.162802
-6876,3000,162479.528274
-9852,3000,162489.790619
-6876,3000,162499.784545
-9716,3000,162510.455373
-5892,3000,162520.691974
-6860,3000,162531.109674
320,3000,162541.283989
-2572,3000,162551.09759
-5692,3000,162561.032687
-3668,3000,162570.969661
-8836,3000,162580.732394
-10772,3000,162590.486425
-9432,3000,162600.748863
-5868,3000,162611.155448
-13792,3000,162620.804655
-1920,3000,162630.644218
-8632,3000,162641.155909
-7116,3000,162650.736636
-4796,3000,162660.629077
-872,3000,162670.44707
328,3000,162680.05306
-10048,3000,162689.929477
-4892,3000,162699.869783
-6592,3000,162709.721586
-7332,3000,162720.216846
-3752,3000,162730.584851
-4936,3000,162740.014794
-14992,3000,162750.393766
-1220,3000,162760.664834
-3440,3000,162770.889725
-7724,3000,162780.879964
-1620,3000,162791.242991
-8952,3000,162801.1905
-9740,3000,162811.08637
-2652,3000,162821.409261
-5932,3000,162831.610957
-9624,3000,162841.648378
-6800,3000,162851.394083
-5836,3000,162860.752724
-7696,3000,162870.831382
-13628,3000,162880.537117
-524,3000,162890.868894
-9508,3000,162900.348226
-3928,3000,162910.253659
-8088,3000,162920.883842
-932,3000,162930.682142
-8016,3000,162940.049085
-2884,3000,162949.647662
-7940,3000,162959.207289
-3676,3000,162969.489253
-16868,3000,162979.45766
-924,3000,162989.426827
-4756,3000,162999.83438
-2988,3000,163009.511959
-7660,3000,163019.917547
-4748,3000,163029.719933
-3620,3000,163039.470864
-9644,3000,163049.203365
-9052,3000,163059.18181
-7948,3000,163069.133801
-12664,3000,163079.09839
-11588,3000,163089.358798
-16884,3000,163099.232893
-7480,3000,163109.733227
-14788,3000,163120.339402
-5404,3000,163135.443845
-8592,3000,163145.156602
-8080,3000,163155.192883
-12048,3000,163164.992036
-5044,3000,163175.455096
-4572,3000,163185.456612
-11084,3000,163194.656618
-11692,3000,163204.484278
-11788,3000,163213.949033
-5864,3000,163223.443638
-10920,3000,163232.4799
-5968,3000,163241.525679
-4088,3000,163250.37908
-4868,3000,163259.563951
-3708,3000,163268.599086
-13936,3000,163277.98126
-10176,3000,163287.35552
-9704,3000,163296.425263
-8164,3000,163305.298403
972,3000,163314.733085
-4776,3000,163324.470842
-5840,3000,163334.180545
-9692,3000,163343.600293
-4616,3000,163353.163219
-2332,3000,163362.841178
-15588,3000,163372.606524
-13828,3000,163381.671295
-3524,3000,163390.696513
-12824,3000,163400.295761
-15720,3000,163409.679139
-7972,3000,163418.789992
-9088,3000,163427.772846
-11744,3000,163436.944711
-5672,3000,163446.090112
-11216,3000,163455.279563
-18020,3000,163465.04619
-7992,3000,163474.258906
-4836,3000,163483.937924
-9516,3000,163493.814694
-3896,3000,163503.279658
-3756,3000,163512.766411
2368,3000,163522.243531
-9612,3000,163531.199129
-18844,3000,163541.020605
-17972,3000,163550.552423
-13832,3000,163559.893974
-924,3000,163569.185999
-10840,3000,163578.182826
-16892,3000,163587.300554
-2976,3000,163596.837123
-11884,3000,163606.527453
-8012,3000,163615.682257
-10076,3000,163624.966082
-7788,3000,163634.608914
-4888,3000,163643.575057
-7004,3000,163652.706024
-9776,3000,163661.880837
-6572,3000,163671.300096
-1596,3000,163680.513777
-15740,3000,163690.163171
-9816,3000,163699.735767
-7964,3000,163709.082863
-12700,3000,163718.233132
-4444,3000,163727.998507
-8000,3000,163737.236953
-7132,3000,163746.380765
-6792,3000,163755.579395
-2492,3000,163769.995002
-1572,3000,163779.232595
-6940,3000,163788.489417
-320,3000,163797.909112
-10656,3000,163807.233938
-6736,3000,163816.661613
-7964,3000,163826.094777
-3864,3000,163835.367066
-2928,3000,163844.849396
-8828,3000,163854.157781
-8412,3000,163863.89032
-5876,3000,163873.275777
-5936,3000,163882.717879
-5616,3000,163892.263904
-2908,3000,163901.502001
-9484,3000,163911.225115
-1572,3000,163920.444242
-7024,3000,163929.839009
-2556,3000,163939.238748
-4964,3000,163948.457682
-4652,3000,163958.169472
-5744,3000,163966.861322
-3916,3000,163975.801754
-11048,3000,163984.977005
-888,3000,163994.350935
-10872,3000,164003.688029
-2860,3000,164012.398913
-11564,3000,164021.277983
-11812,3000,164030.290383
-4620,3000,164039.614533
-5692,3000,164049.089057
-13936,3000,164058.814574
-6520,3000,164068.723707
-7720,3000,164078.14054
-11880,3000,164086.960844
-10664,3000,164096.01511
-11968,3000,164105.224496
-5552,3000,164114.835639
-3856,3000,164123.99058
-10696,3000,164133.586872
-5588,3000,164142.836998
-16572,3000,164152.112065
-5364,3000,164161.429904
-13708,3000,164170.863604
-7708,3000,164180.327131
-11796,3000,164189.939191
-10716,3000,164199.180183
-8652,3000,164208.378438
-11548,3000,164218.146606
-10936,3000,164227.544376
-10028,3000,164236.888781
-5336,3000,164246.29231
-4912,3000,164256.153951
-7096,3000,164265.233645
-9692,3000,164274.68092
-2032,3000,164283.826683
-6732,3000,164292.980644
-5776,3000,164302.236931
-8860,3000,164311.379819
-15000,3000,164320.501924
-6820,3000,164330.022893
-7544,3000,164339.352947
-10084,3000,164348.306416
-6752,3000,164358.030075
-8628,3000,164367.428605
-10756,3000,164376.952872
-6632,3000,164386.437994
-9756,3000,164401.452364
-13844,3000,164410.652989
-6712,3000,164420.513777
-5624,3000,164430.064413
-6840,3000,164439.454749
-10804,3000,164449.36915
-8696,3000,164459.047266
572,3000,164468.777988
-8900,3000,164478.048888
-9852,3000,164487.754527
-9804,3000,164497.020633
-8600,3000,164506.247607
-5612,3000,164515.701491
200,3000,164525.128397
-6692,3000,164534.435808
-8592,3000,164544.117502
-13024,3000,164553.314282
-5848,3000,164562.469885
-5924,3000,164571.838431
-16664,3000,164580.928775
-12804,3000,164590.260413
-15680,3000,164599.467374
-6540,3000,164608.582474
-5568,3000,164618.173882
-4652,3000,164627.559699
-11916,3000,164636.843612
-10012,3000,164646.303919
3224,3000,164655.270517
-8436,3000,164664.929168
-2804,3000,164674.374054
-5992,3000,164683.652544
-4944,3000,164692.472594
-11020,3000,164701.630403
-756,3000,164710.833131
-8000,3000,164720.177284
-17644,3000,164730.015142
-8660,3000,164739.407573
-14160,3000,164748.845885
-9576,3000,164758.211694
-7744,3000,164767.931603
-3944,3000,164777.315849
-2448,3000,164786.743291
-8540,3000,164796.548437
-6968,3000,164805.700187
712,3000,164815.747594
-6828,3000,164825.099185
-716,3000,164834.297736
-4576,3000,164843.585545
-6704,3000,164853.503321
-11848,3000,164862.982314
-4364,3000,164872.515339
-10124,3000,164881.562568
-1672,3000,164890.314743
-13664,3000,164899.954368
-1768,3000,164909.172341
-6892,3000,164918.770957
-6600,3000,164928.048456
-7068,3000,164937.24217
-6788,3000,164946.339548
-12068,3000,164955.879933
-2688,3000,164965.486541
-676,3000,164975.292326
-4664,3000,164984.423785
-13964,3000,164993.820829
-15772,3000,165003.638063
-16848,3000,165013.170949
-3752,3000,165027.863985
-12732,3000,165037.142076
-6620,3000,165046.771408
-7536,3000,165056.233701
-960,3000,165065.684297
-10864,3000,165074.933915
-3828,3000,165084.087934
-5500,3000,165093.779658
-5624,3000,165103.101311
-6788,3000,165112.528862
-1676,3000,165121.690472
-7688,3000,165131.218919
-8968,3000,165140.666765
-8940,3000,165149.50687
-13948,3000,165158.743545
-3620,3000,165168.368512
-6676,3000,165177.689146
-8724,3000,165187.019491
-1740,3000,165196.361256
-5900,3000,165205.410676
-5928,3000,165214.383554
284,3000,165224.078884
-8748,3000,165233.233914
-11696,3000,165242.290362
-7508,3000,165251.772983
540,3000,165261.019513
-7536,3000,165269.62102
-6644,3000,165278.506655
-8116,3000,165287.514958
-5804,3000,165296.985003
-5648,3000,165306.488135
-7596,3000,165315.826431
-10044,3000,165325.31903
-3872,3000,165334.899999
-4040,3000,165344.589653
-11940,3000,165353.953881
-10916,3000,165363.356974
284,3000,165372.515325
-9744,3000,165382.202359
-10936,3000,165391.53025
-16092,3000,165400.691694
-7576,3000,165409.859946
2200,3000,165418.97958
-13812,3000,165428.065699
-10052,3000,165436.950638
-9664,3000,165446.420321
-7804,3000,165456.128407
148,3000,165465.534137
-1624,3000,165475.130834
-11896,3000,165484.075147
-16076,3000,165493.422425
-8892,3000,165502.482751
-3852,3000,165512.215842
-15836,3000,165521.04285
-584,3000,165530.325805
-5728,3000,165539.460401
-9488,3000,165548.570101
-4004,3000,165557.624388
-8780,3000,165567.182001
-10840,3000,165576.726437
-11692,3000,165585.662123
-10956,3000,165594.945635
-4804,3000,165603.905559
-1480,3000,165612.947177
-9796,3000,165622.160263
-9616,3000,165631.557398
-6584,3000,165640.525653
-4752,3000,165654.862265
-9100,3000,165664.196511
-11004,3000,165673.262745
-8788,3000,165682.428694
-6672,3000,165691.264251
-5704,3000,165700.598241
-14660,3000,165709.82652
-7688,3000,165719.066597
-6792,3000,165728.608
-11760,3000,165738.26947
-8852,3000,165747.671971
-3640,3000,165757.418468
-10968,3000,165767.148223
-2596,3000,165776.613547
-7948,3000,165785.609275
-12712,3000,165794.839488
444,3000,165804.40469
-8740,3000,165813.8931
-3532,3000,165823.240043
-15112,3000,165832.553131
-4820,3000,165841.357989
-10672,3000,165850.014666
-9668,3000,165859.692128
-8940,3000,165869.491716
-4412,3000,165878.731667
-1388,3000,165888.295298
-15536,3000,165897.557193
-3756,3000,165906.623646
-8652,3000,165915.656576
-756,3000,165925.044119
-15676,3000,165934.347612
-5840,3000,165943.989261
-7828,3000,165952.950595
-3620,3000,165962.321692
-12528,3000,165971.954897
-9096,3000,165981.391863
-4624,3000,165990.04189
-13928,3000,165999.391438
-11832,3000,166008.879797
-11752,3000,166018.037877
-6708,3000,166027.390486
-14772,3000,166037.183139
-1712,3000,166046.332554
-11604,3000,166055.505282
-8696,3000,166064.711699
-5920,3000,166073.812268
-5620,3000,166083.177459
-14000,3000,166092.452747
-3580,3000,166102.311285
-8868,3000,166112.306171
-20508,3000,166121.952661
-10812,3000,166131.66547
-10784,3000,166140.941506
-1928,3000,166150.176021
-376,3000,166160.065103
-6740,3000,166169.745997
-5088,3000,166179.17188
452,3000,166188.772931
-10972,3000,166197.943574
-14536,3000,166207.480986
-13732,3000,166217.260584
-5952,3000,166226.02722
-3724,3000,166235.151138
580,3000,166244.526591
-9284,3000,166253.571005
-4856,3000,166263.124571
-6588,3000,166272.153226
-7932,3000,166286.112949
-14756,3000,166295.526144
-1720,3000,166304.925549
-7760,3000,166313.902804
-5840,3000,166322.943869
-11432,3000,166332.377753
-744,3000,166341.817688
-3688,3000,166351.025498
-8456,3000,166360.657387
-3016,3000,166369.57484
-6660,3000,166378.783333
-11640,3000,166388.276126
-13708,3000,166397.383946
1136,3000,166406.818636
-7756,3000,166416.292426
-1064,3000,166425.538277
-11900,3000,166434.755832
-5768,3000,166443.468411
492,3000,166452.952551
-11000,3000,166462.19291
-7652,3000,166471.619171
-552,3000,166480.861123
3272,3000,166489.927048
-7680,3000,166499.276829
-17676,3000,166508.916781
-12852,3000,166518.29535
-4808,3000,166527.796496
-7628,3000,166537.711154
-6924,3000,166546.958586
-9408,3000,166556.872605
-4880,3000,166566.326583
-6028,3000,166575.058785
-9564,3000,166584.651137
-8868,3000,166593.992812
-16720,3000,166603.455137
-6640,3000,166612.506769
-10716,3000,166622.207009
-9036,3000,166631.869464
-3696,3000,166641.383343
-8632,3000,166650.52206
-2012,3000,166659.421269
-11964,3000,166669.064288
-3752,3000,166678.120842
-8732,3000,166687.188898
-7688,3000,166697.006212
1264,3000,166706.226151
-4648,3000,166715.29864
-9796,3000,166724.407887
-17764,3000,166733.703285
-9936,3000,166743.132343
-13052,3000,166752.147768
-7604,3000,166761.920689
-5616,3000,166771.44581
-14724,3000,166780.844653
-9664,3000,166790.271667
-15760,3000,166799.484048
-4608,3000,166809.49875
-2996,3000,166818.747469
-3856,3000,166828.148582
-10740,3000,166836.975708
-10852,3000,166846.362155
-9596,3000,166856.052352
-9820,3000,166865.571125
-11700,3000,166874.912105
2592,3000,166884.475266
-9692,3000,166893.719353
-10792,3000,166907.745451
-12980,3000,166916.907425
-6912,3000,166926.157716
-6652,3000,166936.116811
1176,3000,166945.372279
-10536,3000,166954.489935
-13796,3000,166964.17487
-1884,3000,166973.46775
-8120,3000,166982.667903
-2404,3000,166991.934516
-14796,3000,167001.220543
-1396,3000,167010.929482
-13812,3000,167020.243679
-1444,3000,167029.632689
-12040,3000,167038.469056
-1376,3000,167048.096876
-4800,3000,167057.233921
-9724,3000,167066.635173
-10456,3000,167075.886052
-5828,3000,167085.87217
-9680,3000,167095.871119
-6812,3000,167104.97702
-4940,3000,167113.941367
-8756,3000,167123.441967
-12816,3000,167132.790217
-5744,3000,167142.153566
-9036,3000,167151.728573
-10772,3000,167160.834905
-6628,3000,167169.952706
-3468,3000,167179.597426
-10892,3000,167188.683359
-11708,3000,167198.17182
-4824,3000,167207.322026
-4740,3000,167216.838869
-620,3000,167225.794456
-2756,3000,167235.053663
-7016,3000,167243.943585
-1920,3000,167252.91104
-1228,3000,167262.709995
-1816,3000,167271.805107
-8668,3000,167281.242671
-10856,3000,167290.423852
-10564,3000,167299.683794
-5720,3000,167309.479856
-2700,3000,167318.394129
-8124,3000,167327.785307
-14088,3000,167337.032535
-3840,3000,167346.280568
-5616,3000,167355.337759
-9820,3000,167364.790693
-9496,3000,167374.384136
-5560,3000,167383.84563
-10968,3000,167393.202999
-4956,3000,167402.355981
-7752,3000,167411.850922
-4868,3000,167420.879411
-15480,3000,167430.394269
-9728,3000,167439.568188
-6772,3000,167448.981728
-9480,3000,167457.956694
-10764,3000,167467.619055
-14844,3000,167476.963954
-7756,3000,167486.384675
-5868,3000,167495.931834
-7864,3000,167505.131532
-8868,3000,167514.083168
-3476,3000,167523.760882
-7752,3000,167538.435398
-11672,3000,167547.969977
-6080,3000,167557.478144
-19632,3000,167566.920751
-11884,3000,167576.077364
-6736,3000,167585.760509
-4432,3000,167596.521269
-7664,3000,167607.132519
-10600,3000,167617.613318
-15100,3000,167628.102676
-5900,3000,167637.55323
-11764,3000,167647.759364
-4780,3000,167657.884215
220,3000,167667.665872
-27756,3000,167677.739739
-8104,3000,167688.347286
-2616,3000,167699.075895
-2676,3000,167709.328994
-8828,3000,167719.924509
-9864,3000,167730.134567
-11764,3000,167741.514546
-5368,3000,167753.152069
-7516,3000,167764.633703
-15592,3000,167775.715192
-9704,3000,167787.202035
-3312,3000,167799.286978
-5724,3000,167811.474861
-5656,3000,167824.04001
-12548,3000,167836.84836
372,3000,167848.821812
-11160,3000,167861.981746
-12760,3000,167874.28205
116,3000,167887.144427
-9868,3000,167900.044149
-11500,3000,167912.394179
-9444,3000,167925.095402
-13884,3000,167938.295357
-6772,3000,167952.126363
-3580,3000,167966.377095
-7616,3000,167980.48508
-3708,3000,167994.250043
-9852,3000,168007.445825
-3816,3000,168021.184921
-3580,3000,168035.04184
-1632,3000,168048.656848
-1628,3000,168061.255551
-12468,3000,168074.411074
-10768,3000,168087.346833
-1596,3000,168100.761669
-6792,3000,168113.748117
-9724,3000,168126.563212
-6784,3000,168139.240013
-14800,3000,168152.348645
-4548,3000,168164.552793
-2960,3000,168176.962817
-10732,3000,168189.943876
-13988,3000,168203.194569
-17580,3000,168217.594437
-7824,3000,168231.437579
-2344,3000,168245.019096
-540,3000,168258.367916
-11960,3000,168271.288373
-8484,3000,168284.760942
-10840,3000,168297.746615
-4848,3000,168311.041518
-4720,3000,168323.859098
-5696,3000,168337.242593
-4776,3000,168357.973186
-5640,3000,168371.674977
272,3000,168384.712893
-15672,3000,168398.068538
-6700,3000,168411.143347
-6568,3000,168424.697319
-5504,3000,168437.586573
-12092,3000,168450.349539
-1708,3000,168462.073175
-2968,3000,168474.008586
-12628,3000,168486.403485
-9052,3000,168498.706456
-6772,3000,168510.956181
-5640,3000,168523.400119
-14568,3000,168535.778165
-8756,3000,168548.205783
-6084,3000,168561.002081
-6836,3000,168573.486193
-9884,3000,168585.285188
-7588,3000,168597.364315
-9936,3000,168609.877168
-7776,3000,168621.476199
-5804,3000,168633.253641
-11960,3000,168645.776268
-16844,3000,168658.012812
-64,3000,168670.252526
-9988,3000,168681.852229
-8856,3000,168694.334923
-2596,3000,168706.654053
-4880,3000,168719.801572
-4908,3000,168731.959826
-9524,3000,168744.358334
-1752,3000,168756.992293
-9116,3000,168769.029492
-1676,3000,168781.383354
-6712,3000,168793.266223
-4564,3000,168805.960187
-14988,3000,168817.89959
-12912,3000,168831.366692
-10840,3000,168843.463221
1292,3000,168855.354939
-6848,3000,168868.067566
-668,3000,168880.117472
-8756,3000,168893.075421
-6968,3000,168905.926543
-4692,3000,168918.805571
-5388,3000,168931.645862
-8880,3000,168943.784968
-6088,3000,168955.381475
-11172,3000,168967.435083
-5788,3000,168979.811467
-7780,3000,168992.267975
-11736,3000,169004.506321
-9692,3000,169016.673455
-8708,3000,169028.937186
-10700,3000,169041.438849
-8384,3000,169054.022599
-13852,3000,169067.203221
-844,3000,169079.323448
-10928,3000,169091.84458
-10708,3000,169104.370134
-10648,3000,169116.630821
-2576,3000,169129.781716
-11536,3000,169141.811209
-6884,3000,169154.409961
-18180,3000,169167.34259
-8784,3000,169186.754258
-11820,3000,169199.406309
-5800,3000,169211.821869
536,3000,169224.427361
-5724,3000,169236.848178
-7980,3000,169250.231614
-13708,3000,169262.550025
-5848,3000,169274.481171
-6952,3000,169286.625271
-12604,3000,169299.45103
-4612,3000,169312.066522
-5880,3000,169325.223498
-2564,3000,169338.181867
-5816,3000,169350.234181
-2752,3000,169362.867669
-5788,3000,169375.811792
-1768,3000,169387.651968
-3880,3000,169400.559547
-3908,3000,169412.8142
-2664,3000,169425.395476
-8800,3000,169438.088551
-13916,3000,169449.929117
-7304,3000,169463.184194
-6680,3000,169475.910057
-6388,3000,169488.53804
-616,3000,169500.689371
-1704,3000,169512.787438
-7736,3000,169524.665624
-4032,3000,169536.898706
-11896,3000,169549.332038
216,3000,169562.46809
-8784,3000,169574.686598
-15692,3000,169586.894609
-10536,3000,169599.999912
-16644,3000,169612.685297
-11668,3000,169625.277138
-7620,3000,169638.088174
-10676,3000,169651.260966
-12536,3000,169663.581786
-8504,3000,169676.394245
-11744,3000,169689.381777
-3672,3000,169702.095566
-10872,3000,169714.748607
-4460,3000,169727.764962
-10784,3000,169740.881554
-6744,3000,169753.457552
-9540,3000,169765.169402
-944,3000,169777.596066
-4876,3000,169790.201436
-3632,3000,169802.262353
364,3000,169815.644834
-620,3000,169827.501362
-13488,3000,169839.61455
-1860,3000,169850.891877
-4672,3000,169863.611761
-8132,3000,169876.296813
-6908,3000,169888.207692
-2472,3000,169901.139364
-15888,3000,169913.888572
-12756,3000,169926.104662
648,3000,169938.294028
-6596,3000,169950.69908
-12624,3000,169963.476879
-4904,3000,169975.720551
-7688,3000,169987.885411
-472,3000,170000.554888
-7408,3000,170013.338826
-8916,3000,170032.581628
-9872,3000,170044.497721
-9252,3000,170056.508962
-7732,3000,170068.49249
-7644,3000,170080.613968
-4536,3000,170093.132074
-3660,3000,170104.702581
-6540,3000,170117.114877
-5696,3000,170128.784864
-10080,3000,170140.766115
-10716,3000,170153.607396
-6552,3000,170166.348017
-7724,3000,170178.187755
-1784,3000,170191.728986
-4948,3000,170204.291601
-2796,3000,170217.335472
-4084,3000,170229.437799
-6500,3000,170242.585255
-6572,3000,170255.99644
-9980,3000,170268.167064
-11048,3000,170280.715336
-8632,3000,170292.852607
-11036,3000,170304.465254
-7576,3000,170316.861739
-4676,3000,170328.902596
-4708,3000,170342.095408
-6160,3000,170354.638251
-15444,3000,170366.104136
-4612,3000,170378.513436
-4924,3000,170391.180429
-5772,3000,170403.858645
-7600,3000,170417.027248
-8712,3000,170429.82636
-11856,3000,170442.510518
-4300,3000,170455.630475
-18152,3000,170468.345494
-6688,3000,170481.202532
-11532,3000,170493.902326
-3756,3000,170506.566466
-9424,3000,170519.077533
-4720,3000,170531.139535
-9280,3000,170543.930068
-2944,3000,170556.42787
-9724,3000,170569.432467
-7696,3000,170582.584645
-2764,3000,170594.395344
-7148,3000,170607.380882
-6384,3000,170620.045027
-3864,3000,170631.851553
-11916,3000,170643.925881
-3740,3000,170656.538956
-6652,3000,170668.486269
-13928,3000,170680.555697
-10720,3000,170692.744058
-4020,3000,170705.037356
-6292,3000,170717.671682
-7172,3000,170730.416006
-8728,3000,170743.2342
4136,3000,170755.801684
-4936,3000,170768.069851
-9964,3000,170779.914788
-644,3000,170792.455116
-11572,3000,170804.732576
-5792,3000,170816.957922
-7500,3000,170828.81482
-10524,3000,170840.853812
-1560,3000,170853.776203
-15904,3000,170874.163718
-8016,3000,170886.443041
-7780,3000,170899.042769
-12540,3000,170912.493604
-3680,3000,170925.214433
-6396,3000,170937.784625
-11976,3000,170951.060248
-4848,3000,170962.391907
-4568,3000,170975.552394
-2724,3000,170987.133033
-16932,3000,170999.094074
-9520,3000,171011.896242
-9804,3000,171024.914549
-6404,3000,171037.944482
-8188,3000,171050.269732
-13880,3000,171062.709876
-5728,3000,171075.096313
-8504,3000,171088.243782
-1740,3000,171100.348994
-15836,3000,171112.285511
-16776,3000,171124.805595
-4028,3000,171137.085464
-512,3000,171150.027479
-7696,3000,171162.430052
-8876,3000,171174.35616
-12648,3000,171186.419315
-11908,3000,171199.008559
-5596,3000,171211.57905
-15608,3000,171224.004367
-1872,3000,171236.393498
-12672,3000,171248.718027
-10648,3000,171260.676122
-2008,3000,171273.059753
-5896,3000,171284.613785
-8956,3000,171296.464911
-5708,3000,171309.322584
-6956,3000,171321.462845
-3660,3000,171334.137993
-5560,3000,171346.882388
-5824,3000,171358.957772
-6572,3000,171370.698776
-15688,3000,171383.016354
-9708,3000,171395.486855
-5904,3000,171408.495039
-12764,3000,171420.990503
-3840,3000,171432.93902
-12424,3000,171445.657842
-7716,3000,171457.769805
-7512,3000,171470.018131
-6480,3000,171482.521122
-5624,3000,171495.407921
-5392,3000,171508.446665
-5856,3000,171520.875691
-8576,3000,171533.852041
-1644,3000,171546.060657
-3872,3000,171557.645073
-1812,3000,171570.11641
-6120,3000,171582.596583
-5944,3000,171593.932044
-13508,3000,171605.944016
-7532,3000,171618.239647
-5916,3000,171629.950622
-6584,3000,171642.73912
-5852,3000,171654.903425
-5736,3000,171667.114499
-13092,3000,171679.257261
-4512,3000,171699.23015
-10128,3000,171711.089062
-14760,3000,171724.191308
-12696,3000,171736.072954
-9284,3000,171747.504358
-5656,3000,171759.612008
-7804,3000,171771.861517
-7812,3000,171783.285603
-6456,3000,171795.849535
-16652,3000,171807.731796
300,3000,171819.798202
-3752,3000,171832.11573
-8924,3000,171845.209176
-10036,3000,171857.396857
-10928,3000,171870.196778
-11764,3000,171882.792771
-13728,3000,171896.407368
-3936,3000,171908.124229
-11020,3000,171920.810591
-5896,3000,171933.504054
-13864,3000,171945.853353
260,3000,171958.429324
-6652,3000,171970.366725
-6904,3000,171982.89115
-12660,3000,171995.991403
-1584,3000,172009.278304
44,3000,172021.286688
-6664,3000,172033.287463
-4808,3000,172046.056581
-7776,3000,172058.495087
-3980,3000,172070.953751
-8712,3000,172083.188308
-8760,3000,172096.027265
-3624,3000,172109.243569
-2816,3000,172121.956671
216,3000,172134.681293
-3672,3000,172147.657557
-15860,3000,172159.994631
-9720,3000,172172.344031
-12732,3000,172184.079633
-7780,3000,172196.426935
-9932,3000,172208.73429
-10968,3000,172222.011885
-9920,3000,172234.461885
-884,3000,172246.970581
-9988,3000,172258.991213
-6520,3000,172271.222294
-4616,3000,172283.415869
-6636,3000,172295.311435
-7528,3000,172307.335097
-4632,3000,172321.036448
-3636,3000,172334.088644
-4616,3000,172347.124691
-10908,3000,172360.094011
-4460,3000,172373.224346
-6116,3000,172387.268738
-7696,3000,172400.432506
-9960,3000,172413.033791
-12740,3000,172425.840663
-11996,3000,172438.134758
-8752,3000,172451.191602
-4960,3000,172464.296807
-12964,3000,172476.953461
-2852,3000,172489.240961
-2804,3000,172502.220454
-8928,3000,172515.240292
-8724,3000,172527.919947
-4972,3000,172547.051666
-6668,3000,172560.329682
-9780,3000,172573.559818
-10696,3000,172587.034493
-11616,3000,172599.443218
-10716,3000,172611.800538
-12008,3000,172624.98
1404,3000,172637.761313
-8940,3000,172651.430327
-6036,3000,172664.372251
-2732,3000,172677.630529
-12860,3000,172691.759798
-6692,3000,172705.327587
-36,3000,172717.690767
-11904,3000,172731.023149
-11600,3000,172743.66136
-1900,3000,172756.596295
-7936,3000,172769.759165
-24644,3000,172782.118567
-3752,3000,172794.545011
-5764,3000,172806.584006
-3980,3000,172819.108568
-5860,3000,172831.030465
3484,3000,172843.403479
-8916,3000,172856.435323
-8556,3000,172869.974974
-9700,3000,172882.382505
-3576,3000,172896.52247
-4720,3000,172909.960216
-6988,3000,172923.065006
-5492,3000,172936.463739
-10004,3000,172948.504991
-6072,3000,172961.111635
-5576,3000,172975.577668
-11940,3000,172988.050722
-2836,3000,173000.907096
-8716,3000,173012.80782
-9856,3000,173024.719759
-8728,3000,173036.921026
-13520,3000,173050.112633
-6824,3000,173062.864851
-6672,3000,173076.010813
-4564,3000,173088.564289
-9736,3000,173101.728724
-7756,3000,173114.055731
-10832,3000,173126.535819
-16884,3000,173138.659166
-7760,3000,173151.40366
-3560,3000,173164.028478
-2640,3000,173177.589785
-10868,3000,173190.791924
-3900,3000,173202.961842
-2900,3000,173215.102687
-3452,3000,173227.487924
-2648,3000,173240.062136
-2636,3000,173253.137455
-13096,3000,173265.863923
-9752,3000,173278.706209
-6756,3000,173290.409758
-7924,3000,173303.666408
-2776,3000,173315.741092
-5892,3000,173328.381621
-1836,3000,173340.526664
-12660,3000,173354.074256
-12816,3000,173367.011692
-6876,3000,173380.254702
-11884,3000,173392.242036
-9456,3000,173412.56106
-3808,3000,173424.923381
-13072,3000,173437.268236
-4264,3000,173449.937256
-9484,3000,173462.597859
-5976,3000,173474.75406
-9532,3000,173487.309509
-14716,3000,173499.726098
-2736,3000,173512.667744
-20772,3000,173525.172226
-3732,3000,173537.581301
-6792,3000,173549.992274
-4860,3000,173562.125352
-4980,3000,173574.251942
-7772,3000,173586.901981
1056,3000,173599.160416
-6864,3000,173611.901334
-1764,3000,173623.931053
-6788,3000,173636.531359
-5632,3000,173649.107065
-7676,3000,173662.150185
-13936,3000,173674.56331
-6752,3000,173687.558358
-7736,3000,173698.901478
-2736,3000,173711.551062
-7960,3000,173723.772138
-6684,3000,173736.038928
-11456,3000,173748.984584
-10392,3000,173761.125004
-12840,3000,173774.454435
-3576,3000,173786.565593
-8044,3000,173798.956254
-2816,3000,173811.569577
-6840,3000,173824.227498
-17740,3000,173836.666101
-9628,3000,173849.396234
-13688,3000,173862.691059
-1468,3000,173875.869105
-4744,3000,173888.099053
-5748,3000,173899.776337
-6668,3000,173911.889172
-10628,3000,173924.123063
-8524,3000,173937.028233
-3312,3000,173949.568716
-13596,3000,173962.041656
-14844,3000,173973.589906
-2696,3000,173985.798083
-11732,3000,173997.960301
-23548,3000,174010.489042
-11672,3000,174022.591165
-9820,3000,174034.853621
-13588,3000,174047.41227
-6492,3000,174059.197569
-14988,3000,174071.754193
-4988,3000,174084.988959
-8752,3000,174097.943087
-6664,3000,174110.081466
-7728,3000,174122.370955
-5348,3000,174135.504528
-12016,3000,174147.638134
-16752,3000,174160.526791
-2612,3000,174173.776795
-5708,3000,174187.021983
-7700,3000,174199.663456
-16720,3000,174212.091583
-3752,3000,174224.018007
-9876,3000,174242.946471
-4516,3000,174256.077137
-9884,3000,174268.871044
-7528,3000,174280.953396
-6012,3000,174293.636003
-15704,3000,174306.289604
-7624,3000,174318.171957
-5724,3000,174330.646297
-8856,3000,174343.547825
-6708,3000,174356.292184
-4564,3000,174368.633779
-7984,3000,174381.412435
-4928,3000,174393.595129
1364,3000,174406.192057
-12928,3000,174419.326643
-7544,3000,174432.933469
-9828,3000,174445.313198
-8748,3000,174457.935442
-10816,3000,174469.995655
-14952,3000,174482.018273
-12644,3000,174493.956537
440,3000,174506.196303
-1888,3000,174517.802067
-1672,3000,174529.245778
-16800,3000,174542.187729
-4456,3000,174554.498694
-12856,3000,174567.197307
-15684,3000,174579.961738
-6852,3000,174592.02682
-6516,3000,174604.781821
-10592,3000,174617.459373
-10776,3000,174629.615894
-560,3000,174642.198567
-12688,3000,174655.178476
-14748,3000,174667.757916
-10784,3000,174679.892365
-10668,3000,174693.042277
-6740,3000,174706.389242
-10960,3000,174718.828828
-7700,3000,174731.118567
-19648,3000,174743.922559
-12540,3000,174756.058251
-3856,3000,174769.135781
-13560,3000,174781.943144
-9020,3000,174793.885476
-7652,3000,174806.287595
-5768,3000,174818.334841
-7664,3000,174830.858864
-6804,3000,174843.402289
-3708,3000,174856.376726
-8500,3000,174868.78807
-7920,3000,174881.303488
-4680,3000,174893.657789
-10792,3000,174906.393075
-2656,3000,174918.573873
-14752,3000,174931.195695
-8792,3000,174943.663976
-5788,3000,174955.459795
-11788,3000,174967.755678
-4740,3000,174980.23542
-10632,3000,174992.878173
-10688,3000,175005.118456
-6884,3000,175017.515665
-14928,3000,175029.788188
-3792,3000,175042.398511
-780,3000,175054.638417
-4324,3000,175068.056768
11792,3000,175091.710672
11380,3000,175102.991678
11464,3000,175113.918584
11624,3000,175125.303767
11292,3000,175136.746814
