#{"t_start": 1676137631.5010521, "env_id": null}
r,l,t
1936,3000,11.905585
1978,3000,23.349844
2098,3000,35.752803
1996,3000,47.604157
1636,3000,59.588789
1882,3000,72.27248
2070,3000,84.057807
2142,3000,96.362389
2214,3000,108.312728
1812,3000,120.542339
1896,3000,132.910108
2666,3000,144.962755
2158,3000,157.080126
2356,3000,169.697281
2580,3000,181.890243
2110,3000,193.655827
1076,3000,205.602677
2122,3000,217.888098
2176,3000,230.424569
1822,3000,242.2485
1374,3000,254.329967
2022,3000,266.448649
2094,3000,278.310304
2298,3000,290.096399
1824,3000,302.167532
2254,3000,314.615413
1964,3000,326.670405
2326,3000,339.245261
2576,3000,352.085084
2072,3000,364.264905
2184,3000,376.207618
2114,3000,387.938748
1990,3000,400.519769
2026,3000,412.437865
2648,3000,424.643436
2516,3000,436.617404
2294,3000,448.484809
2270,3000,460.014631
2036,3000,472.133613
2534,3000,483.988024
2116,3000,496.09892
2376,3000,508.060493
1812,3000,520.167302
2050,3000,532.023693
1676,3000,544.11114
2480,3000,556.735382
2244,3000,568.864049
2132,3000,580.632757
2294,3000,593.138443
2036,3000,605.250127
2554,3000,618.329891
2246,3000,630.953241
2088,3000,643.205778
2220,3000,654.881192
1724,3000,666.864802
2290,3000,678.825276
1886,3000,691.246437
2442,3000,702.893737
2090,3000,714.773058
2110,3000,727.268095
2268,3000,739.939104
2080,3000,752.023612
1814,3000,764.517458
1954,3000,776.66612
2468,3000,788.612519
1392,3000,801.362157
1890,3000,836.142803
2472,3000,849.632987
1668,3000,863.213171
2814,3000,877.068028
1842,3000,891.51348
2484,3000,905.166587
2344,3000,920.23261
1988,3000,934.518992
2428,3000,950.203336
2322,3000,964.898936
2200,3000,979.463467
2232,3000,994.712598
2146,3000,1009.466926
2218,3000,1024.215318
1918,3000,1038.262123
2552,3000,1054.285308
2238,3000,1068.524222
2268,3000,1083.153813
2608,3000,1097.588552
2244,3000,1112.056506
2236,3000,1125.743252
2074,3000,1139.505735
2542,3000,1153.267706
2050,3000,1168.093121
2108,3000,1182.316819
2970,3000,1196.254133
1778,3000,1210.55066
2442,3000,1225.395449
2340,3000,1240.132489
2840,3000,1255.063395
2258,3000,1268.846342
2618,3000,1283.096781
2560,3000,1297.318631
3000,3000,1311.995453
2646,3000,1325.762289
2206,3000,1339.543833
2906,3000,1353.457875
2734,3000,1367.90933
2738,3000,1382.220186
2834,3000,1396.768022
3042,3000,1410.431708
2218,3000,1424.44852
2570,3000,1438.591106
2386,3000,1452.413029
2846,3000,1466.41629
2454,3000,1480.150566
2490,3000,1494.521697
2842,3000,1508.397826
2142,3000,1522.062888
2986,3000,1536.170151
2550,3000,1549.367911
2820,3000,1563.939824
3294,3000,1577.847158
2784,3000,1591.928349
2636,3000,1606.351119
3212,3000,1620.197673
2602,3000,1634.292714
3198,3000,1648.497683
2606,3000,1662.38848
2692,3000,1675.945045
2640,3000,1689.247178
2100,3000,1702.902596
3298,3000,1716.979688
2454,3000,1731.259303
2758,3000,1745.477775
2636,3000,1759.320967
2456,3000,1773.133545
2806,3000,1805.682468
2898,3000,1819.636969
2764,3000,1833.415877
2806,3000,1846.963183
2550,3000,1860.198214
2592,3000,1873.948593
2428,3000,1887.247482
3258,3000,1900.837053
3012,3000,1914.37617
2816,3000,1927.562843
3042,3000,1941.734618
2620,3000,1955.511945
2986,3000,1968.721308
3058,3000,1982.470998
2854,3000,1996.018204
3038,3000,2009.166736
3214,3000,2023.068626
2922,3000,2036.675658
2672,3000,2050.705561
2750,3000,2064.355662
3050,3000,2077.402245
3280,3000,2090.486462
3272,3000,2103.897031
2964,3000,2117.831535
3386,3000,2131.155045
3140,3000,2145.162188
3032,3000,2158.492512
2968,3000,2172.369698
2810,3000,2186.118154
2934,3000,2199.758968
3440,3000,2213.81543
3030,3000,2227.983917
3126,3000,2241.830098
3214,3000,2255.445542
3052,3000,2269.222152
3176,3000,2282.796042
2874,3000,2297.032019
3152,3000,2310.992062
2944,3000,2324.740187
3024,3000,2338.179976
3304,3000,2352.081164
3180,3000,2365.699155
2900,3000,2380.053156
3336,3000,2393.518257
2936,3000,2407.216149
3150,3000,2420.700261
3570,3000,2434.051311
3078,3000,2447.610818
2882,3000,2461.189399
3300,3000,2474.678675
2998,3000,2488.997482
3116,3000,2502.99151
3090,3000,2517.074247
3124,3000,2530.661412
2678,3000,2543.474309
3206,3000,2557.254164
3048,3000,2571.154265
3076,3000,2583.841004
3662,3000,2598.028054
3164,3000,2611.7361
3498,3000,2625.470587
3294,3000,2638.909767
3060,3000,2652.469989
2934,3000,2665.920647
3628,3000,2679.214368
3376,3000,2692.745176
3340,3000,2706.268532
3592,3000,2739.399163
3262,3000,2752.651701
3590,3000,2766.326858
3560,3000,2780.196381
2826,3000,2794.468258
3646,3000,2808.215908
3372,3000,2822.316419
3940,3000,2836.531789
3166,3000,2849.991842
3738,3000,2864.432257
3392,3000,2878.676805
3426,3000,2892.298752
3418,3000,2906.265703
3358,3000,2920.33458
3350,3000,2933.753367
2934,3000,2947.678755
3526,3000,2960.746301
3116,3000,2973.681748
3190,3000,2987.25617
3346,3000,3001.287226
3174,3000,3014.866878
3542,3000,3028.133337
3648,3000,3041.674853
3294,3000,3055.018096
3220,3000,3068.302918
3780,3000,3082.466912
3480,3000,3095.955063
3586,3000,3109.114115
3226,3000,3122.737835
3208,3000,3136.51215
3282,3000,3150.167976
3286,3000,3163.475646
3328,3000,3176.644307
3336,3000,3190.850458
3272,3000,3204.129941
3626,3000,3217.572308
3756,3000,3230.868302
3632,3000,3244.040169
3790,3000,3257.020893
2730,3000,3270.466193
3636,3000,3284.184912
4186,3000,3297.792199
3778,3000,3310.89871
3352,3000,3324.545885
3456,3000,3337.810951
3446,3000,3351.204584
3430,3000,3364.905892
3126,3000,3378.451088
3344,3000,3391.195362
3178,3000,3404.290431
3932,3000,3417.633851
3604,3000,3430.405859
3964,3000,3443.59321
3964,3000,3456.747339
3680,3000,3470.488307
3434,3000,3484.272938
3176,3000,3497.748741
3860,3000,3510.808365
3458,3000,3523.600633
4056,3000,3536.568625
2968,3000,3550.761633
4216,3000,3564.017906
3876,3000,3577.089152
3736,3000,3590.077729
3626,3000,3603.525128
3180,3000,3616.614645
3486,3000,3648.391263
3380,3000,3661.709399
3242,3000,3675.516706
3544,3000,3688.698026
3504,3000,3702.163042
4022,3000,3716.288172
3880,3000,3729.75459
3632,3000,3743.294605
3376,3000,3756.170828
3474,3000,3769.855895
3586,3000,3783.577974
3864,3000,3796.557425
3290,3000,3809.861633
3932,3000,3823.052916
4036,3000,3836.52432
3716,3000,3850.243509
3702,3000,3863.783863
3520,3000,3877.393331
3724,3000,3890.10129
3842,3000,3902.990567
3938,3000,3916.223205
4092,3000,3929.228872
3472,3000,3942.155421
3950,3000,3954.791498
4246,3000,3967.816039
3990,3000,3980.858146
3824,3000,3993.752296
4400,3000,4006.774979
4130,3000,4020.291847
4010,3000,4033.67604
4400,3000,4046.400378
3658,3000,4059.135218
4100,3000,4071.895156
4182,3000,4084.796784
3980,3000,4097.812178
4590,3000,4110.213373
3908,3000,4123.312004
4638,3000,4136.660302
4292,3000,4149.572335
4360,3000,4162.29442
4718,3000,4174.804474
4662,3000,4187.156592
4182,3000,4199.777033
4286,3000,4212.582477
3876,3000,4225.312075
4078,3000,4238.445345
4352,3000,4251.159616
4058,3000,4263.737153
4040,3000,4276.486475
4090,3000,4289.782781
4024,3000,4302.700299
4728,3000,4315.136588
3976,3000,4328.736466
4690,3000,4341.833907
4116,3000,4354.703987
4276,3000,4366.818929
4236,3000,4379.959242
4070,3000,4392.268343
4754,3000,4404.850703
4296,3000,4418.325032
4558,3000,4430.923027
4640,3000,4444.352738
4414,3000,4457.769281
4662,3000,4470.798885
4448,3000,4483.370286
4880,3000,4495.999054
4290,3000,4509.396538
4186,3000,4539.259684
4546,3000,4552.081922
4836,3000,4564.99103
4710,3000,4578.345568
4224,3000,4590.723026
4924,3000,4603.306791
4918,3000,4616.158217
4638,3000,4629.027265
4958,3000,4642.215498
4968,3000,4655.034597
4450,3000,4667.312725
4380,3000,4680.276071
4354,3000,4692.669622
4608,3000,4705.666146
4730,3000,4717.652173
4376,3000,4730.209509
4142,3000,4743.029971
4700,3000,4755.602735
4804,3000,4768.079547
4382,3000,4780.545269
4324,3000,4792.961537
4856,3000,4805.415708
4776,3000,4817.613896
4560,3000,4830.546406
5078,3000,4843.362076
4866,3000,4855.656954
5000,3000,4868.944484
4644,3000,4881.37633
4496,3000,4893.507516
4706,3000,4905.786598
4350,3000,4918.811302
4368,3000,4931.717687
4668,3000,4944.252259
5172,3000,4957.013015
4790,3000,4969.990539
4684,3000,4983.211508
4216,3000,4995.495624
4680,3000,5007.456173
4944,3000,5019.864789
4774,3000,5031.837804
4278,3000,5044.119893
4620,3000,5056.20127
5070,3000,5068.447468
4732,3000,5080.63562
4894,3000,5093.026704
4894,3000,5105.331751
4586,3000,5117.498868
4778,3000,5130.481843
5070,3000,5142.581258
4776,3000,5154.715056
4844,3000,5166.831119
4226,3000,5179.6819
4676,3000,5192.710992
5040,3000,5205.987528
4952,3000,5218.296161
4756,3000,5230.861756
4800,3000,5243.388863
5158,3000,5255.818377
4970,3000,5269.254208
4782,3000,5281.884273
4696,3000,5294.153548
4684,3000,5306.690848
4820,3000,5319.104744
5096,3000,5331.29819
4628,3000,5343.775143
4840,3000,5355.698312
5148,3000,5368.088787
5158,3000,5397.280674
5044,3000,5409.590675
4882,3000,5422.126425
4722,3000,5434.598121
4856,3000,5447.441959
4784,3000,5460.174466
4574,3000,5472.871318
5216,3000,5485.270942
5266,3000,5497.856827
4984,3000,5510.161017
5148,3000,5522.305998
4830,3000,5534.570501
5146,3000,5546.631559
5106,3000,5558.612366
5666,3000,5570.721751
5090,3000,5583.404615
5278,3000,5595.681973
5264,3000,5607.99762
4890,3000,5619.828283
5422,3000,5631.995374
5126,3000,5644.260823
4610,3000,5656.563429
5402,3000,5668.315975
5174,3000,5680.060918
5364,3000,5692.766129
4982,3000,5705.302037
5254,3000,5717.412591
5126,3000,5730.025694
5486,3000,5742.178713
5176,3000,5754.50183
5388,3000,5766.123953
5240,3000,5778.180378
5538,3000,5790.528435
5596,3000,5802.133607
5074,3000,5814.767246
5174,3000,5827.1084
5048,3000,5839.28336
5148,3000,5851.415462
5594,3000,5863.54826
5160,3000,5875.922752
5604,3000,5887.827811
5142,3000,5900.448054
5252,3000,5912.458508
5532,3000,5925.021638
5164,3000,5937.136897
5272,3000,5949.314279
5208,3000,5961.772523
5468,3000,5974.469662
5554,3000,5986.848373
4856,3000,5999.497922
5440,3000,6011.555546
5040,3000,6024.022013
5522,3000,6036.424545
4904,3000,6048.758363
5398,3000,6060.546372
5384,3000,6072.636621
5474,3000,6084.752231
5408,3000,6096.634577
5226,3000,6109.558627
5794,3000,6121.81286
5598,3000,6134.523229
5704,3000,6147.289665
5470,3000,6159.626215
5562,3000,6171.829031
5176,3000,6184.303931
5740,3000,6196.233724
5412,3000,6226.491183
5502,3000,6238.032449
5590,3000,6250.129338
5642,3000,6262.420515
5082,3000,6274.62188
5846,3000,6286.264351
5626,3000,6298.366641
5828,3000,6310.513175
5756,3000,6322.611603
5794,3000,6335.27208
5500,3000,6347.926667
5138,3000,6360.243226
5644,3000,6372.486253
5450,3000,6384.614622
5772,3000,6396.797588
5502,3000,6408.956914
6010,3000,6420.684296
5746,3000,6432.801397
6176,3000,6444.431086
5628,3000,6456.238424
5804,3000,6467.979525
5792,3000,6479.726027
5180,3000,6491.059859
5340,3000,6502.92532
5484,3000,6514.479121
5660,3000,6526.652927
5798,3000,6538.397653
5718,3000,6550.138745
5798,3000,6562.05682
5628,3000,6573.772064
5396,3000,6585.806767
5852,3000,6597.131848
5374,3000,6608.781118
5816,3000,6620.755764
5586,3000,6632.655554
5504,3000,6644.560169
5888,3000,6656.355119
6138,3000,6667.600808
5894,3000,6679.139973
5728,3000,6690.608415
5996,3000,6702.313507
5624,3000,6714.052257
5898,3000,6726.00757
6058,3000,6737.762594
5762,3000,6749.643486
5966,3000,6761.272554
5968,3000,6773.058005
5942,3000,6784.718473
6146,3000,6796.701082
5382,3000,6807.988434
5950,3000,6819.856391
6040,3000,6831.460424
5962,3000,6843.056497
5820,3000,6854.806416
6084,3000,6866.190762
5900,3000,6878.408187
5932,3000,6890.634836
6286,3000,6902.91686
5846,3000,6914.862026
5220,3000,6926.650846
5574,3000,6939.248731
5754,3000,6951.113891
6296,3000,6962.980467
5722,3000,6974.715873
5698,3000,6987.276396
5656,3000,6998.774879
6144,3000,7010.981883
5896,3000,7038.870767
5506,3000,7051.285926
5968,3000,7063.368053
5698,3000,7075.530311
5898,3000,7087.216215
6312,3000,7099.063243
6344,3000,7111.150885
6040,3000,7122.402236
6078,3000,7134.305327
5986,3000,7146.12448
6222,3000,7157.905793
5614,3000,7169.493424
6028,3000,7181.495578
5678,3000,7192.99545
6072,3000,7204.749926
6208,3000,7216.224738
6254,3000,7228.119428
6164,3000,7239.536854
5946,3000,7251.370154
5548,3000,7262.793286
6408,3000,7274.055048
6016,3000,7286.093482
6166,3000,7297.891355
6422,3000,7309.535381
6300,3000,7321.416746
6280,3000,7333.300781
6094,3000,7345.148068
6220,3000,7356.65559
6016,3000,7368.380213
6104,3000,7380.237881
6492,3000,7391.672837
6378,3000,7403.05206
6596,3000,7414.548196
6176,3000,7426.232488
6110,3000,7437.769998
5950,3000,7449.345938
5994,3000,7460.970581
6232,3000,7472.603058
6040,3000,7483.866868
5986,3000,7495.267998
5680,3000,7506.692196
6404,3000,7518.924996
6194,3000,7530.201049
6302,3000,7541.491257
6430,3000,7552.955604
6094,3000,7564.250282
6172,3000,7575.928764
6268,3000,7586.842112
5752,3000,7598.655997
6420,3000,7610.055552
6458,3000,7621.660397
6292,3000,7633.299184
6538,3000,7645.181394
6340,3000,7656.68278
6454,3000,7668.122588
6266,3000,7679.994936
6374,3000,7691.916768
5946,3000,7703.263895
6090,3000,7714.753848
6408,3000,7726.343342
6104,3000,7738.151378
6230,3000,7750.624519
6004,3000,7762.380119
6306,3000,7773.983438
6422,3000,7785.978099
6396,3000,7797.464984
6348,3000,7809.073713
6006,3000,7836.797587
6528,3000,7848.69085
6670,3000,7861.186359
6370,3000,7872.17523
6228,3000,7883.408007
6276,3000,7894.807866
6578,3000,7906.04361
6596,3000,7917.775583
6370,3000,7929.193367
5846,3000,7940.272905
6530,3000,7951.852795
6430,3000,7962.590552
6308,3000,7973.945245
6140,3000,7985.587949
6928,3000,7997.33979
6500,3000,8009.158131
6288,3000,8020.765027
6366,3000,8032.459918
6744,3000,8043.851167
6894,3000,8055.714039
6634,3000,8067.688761
6842,3000,8078.744988
6646,3000,8090.617093
6552,3000,8102.293251
6820,3000,8113.993148
6374,3000,8125.116062
6760,3000,8136.133847
6582,3000,8147.955982
6684,3000,8159.692268
6546,3000,8170.695831
6430,3000,8182.143537
6780,3000,8193.842939
6518,3000,8205.139169
6590,3000,8216.551584
6164,3000,8228.237149
6168,3000,8239.774951
6508,3000,8251.102872
6670,3000,8262.381217
6366,3000,8273.911823
6862,3000,8285.241583
6576,3000,8296.287035
6570,3000,8307.350515
6612,3000,8318.894813
6764,3000,8330.513547
6708,3000,8341.854952
6702,3000,8353.550704
6534,3000,8365.168352
6980,3000,8377.032813
6440,3000,8388.116387
6586,3000,8399.431006
6546,3000,8411.051866
6574,3000,8422.660722
6532,3000,8434.107602
6948,3000,8445.785997
6410,3000,8457.250129
7086,3000,8469.017228
6768,3000,8480.540929
6834,3000,8492.099392
6748,3000,8503.099824
7132,3000,8514.350723
6886,3000,8525.389866
6540,3000,8536.265467
6716,3000,8547.636448
6636,3000,8559.070022
6720,3000,8570.178833
6778,3000,8580.700333
6788,3000,8607.722906
6582,3000,8618.671613
6560,3000,8630.112401
6740,3000,8641.542711
6468,3000,8653.405847
6934,3000,8664.493073
6486,3000,8675.414151
6718,3000,8687.403065
6628,3000,8699.01276
7102,3000,8710.397238
6804,3000,8722.094244
6718,3000,8734.052162
6958,3000,8745.782569
6684,3000,8757.289981
6724,3000,8768.666913
6576,3000,8779.845168
6720,3000,8791.485934
6772,3000,8803.012358
7246,3000,8814.695422
6954,3000,8826.130948
7010,3000,8837.326041
7192,3000,8848.437004
6826,3000,8860.362813
7178,3000,8871.504657
6640,3000,8882.682442
6892,3000,8893.986135
6784,3000,8905.329497
6806,3000,8917.255116
6572,3000,8928.412255
6906,3000,8939.298914
7000,3000,8950.717682
6908,3000,8962.284197
6908,3000,8974.138189
6940,3000,8986.059502
6912,3000,8998.120681
7106,3000,9009.780235
6958,3000,9021.179889
7098,3000,9032.861884
7098,3000,9044.01704
7106,3000,9055.48284
6936,3000,9066.590694
7150,3000,9077.823921
6836,3000,9089.306359
7346,3000,9100.163602
6756,3000,9111.379792
6892,3000,9122.817511
7278,3000,9134.435808
7258,3000,9146.020169
6980,3000,9157.633158
6978,3000,9168.881128
6990,3000,9180.456981
6916,3000,9191.872009
7074,3000,9203.902435
7080,3000,9215.511432
6882,3000,9227.361342
7340,3000,9238.63039
6930,3000,9249.958991
7098,3000,9261.379207
6770,3000,9273.231241
7086,3000,9284.313576
7240,3000,9295.624921
7258,3000,9307.247465
6880,3000,9318.676293
7064,3000,9330.766984
7156,3000,9342.539391
7094,3000,9353.361056
7134,3000,9364.570486
7208,3000,9392.343123
7484,3000,9403.949229
7094,3000,9415.098101
7374,3000,9427.063857
6966,3000,9437.97595
7214,3000,9449.291651
7106,3000,9459.947129
7434,3000,9471.600859
7400,3000,9482.536898
7058,3000,9493.836571
6714,3000,9505.022818
7296,3000,9516.416498
6862,3000,9527.828738
7516,3000,9539.082242
7790,3000,9550.381261
7358,3000,9561.116825
7110,3000,9572.466898
7012,3000,9583.716542
7252,3000,9595.192232
7422,3000,9606.045976
7238,3000,9616.797732
7226,3000,9627.855576
7212,3000,9638.553888
7434,3000,9649.206223
7500,3000,9660.589895
7290,3000,9671.801956
7590,3000,9682.614269
6902,3000,9693.673063
7468,3000,9704.493646
7140,3000,9715.312552
7516,3000,9726.646784
7636,3000,9737.382177
6980,3000,9748.049104
7474,3000,9758.829462
7244,3000,9769.819616
7536,3000,9781.205693
7378,3000,9792.589833
7426,3000,9803.04396
7010,3000,9814.496972
7404,3000,9825.563902
7244,3000,9836.358267
7252,3000,9847.851985
7558,3000,9859.256891
7594,3000,9870.520087
7174,3000,9881.681741
7112,3000,9892.51923
7404,3000,9903.698447
7566,3000,9914.386203
7332,3000,9926.02858
7760,3000,9936.85934
7814,3000,9947.938887
7478,3000,9959.395531
7134,3000,9970.184011
7440,3000,9981.030028
7162,3000,9991.471351
7432,3000,10002.708012
7506,3000,10013.949508
7786,3000,10024.767967
7696,3000,10036.026452
7844,3000,10047.033697
7316,3000,10057.445353
7728,3000,10069.009919
7796,3000,10080.091407
7584,3000,10091.519141
7560,3000,10102.51456
7746,3000,10113.497128
7612,3000,10123.78116
7334,3000,10151.244367
7474,3000,10162.38374
8046,3000,10173.080322
7572,3000,10183.616102
7608,3000,10194.592603
7944,3000,10205.509043
7482,3000,10216.664365
7652,3000,10227.483478
7620,3000,10238.49432
7600,3000,10249.118592
7682,3000,10260.045716
7380,3000,10271.35625
7444,3000,10281.830425
7486,3000,10292.611365
7684,3000,10303.697052
8066,3000,10314.644144
7846,3000,10325.285844
7890,3000,10336.603697
7842,3000,10347.269721
7648,3000,10357.923956
7912,3000,10368.869218
7518,3000,10379.132986
7776,3000,10389.864862
7756,3000,10400.368167
7878,3000,10411.647314
7466,3000,10422.960413
7342,3000,10433.375827
7340,3000,10444.042282
7912,3000,10454.813364
7900,3000,10465.382473
7930,3000,10475.929801
7798,3000,10486.257748
7646,3000,10496.461945
7894,3000,10506.947718
7468,3000,10517.261573
7812,3000,10527.979353
7682,3000,10538.389045
8044,3000,10548.99875
7696,3000,10559.653308
8008,3000,10570.016103
7980,3000,10580.770735
7704,3000,10591.482205
7838,3000,10602.020683
7604,3000,10612.575606
7598,3000,10622.926269
7952,3000,10633.925365
7966,3000,10644.551644
7770,3000,10654.915322
7840,3000,10665.683844
7790,3000,10676.606484
8120,3000,10687.317603
8002,3000,10697.704726
7862,3000,10708.225793
8098,3000,10718.585201
7704,3000,10728.827972
7790,3000,10740.005085
7870,3000,10750.773474
7688,3000,10761.29672
8014,3000,10771.869889
7888,3000,10782.693728
8016,3000,10793.223473
7926,3000,10804.043515
7870,3000,10814.858471
8112,3000,10826.199378
7686,3000,10837.045933
7678,3000,10848.025205
8402,3000,10874.466613
7920,3000,10885.451549
7908,3000,10896.082312
7862,3000,10906.436042
8088,3000,10916.81333
7938,3000,10927.641312
8012,3000,10938.013784
8334,3000,10948.81088
7880,3000,10959.389357
7344,3000,10969.895261
7776,3000,10980.17703
8060,3000,10990.420735
8108,3000,11001.222402
8144,3000,11011.836403
7688,3000,11022.30821
8172,3000,11032.777677
7922,3000,11043.604262
8148,3000,11054.550097
8146,3000,11065.241016
8006,3000,11075.861459
8232,3000,11086.746807
7808,3000,11096.9652
8156,3000,11107.506806
8040,3000,11118.152889
8256,3000,11128.817693
8242,3000,11140.437688
8234,3000,11150.86477
7970,3000,11161.535934
8018,3000,11172.139035
8330,3000,11183.305196
8502,3000,11194.313249
8040,3000,11204.835529
7650,3000,11215.516755
8424,3000,11226.131982
8054,3000,11236.691512
8032,3000,11248.079122
8210,3000,11258.849345
7972,3000,11269.663122
8152,3000,11280.27
8148,3000,11291.338624
8150,3000,11302.422772
8190,3000,11312.670126
8372,3000,11323.341182
8208,3000,11333.963742
8050,3000,11344.974592
7946,3000,11356.199206
8212,3000,11367.38651
8154,3000,11378.465546
8474,3000,11389.059328
7876,3000,11399.645537
8018,3000,11411.191531
7820,3000,11421.975133
8332,3000,11432.742247
8358,3000,11443.392
8386,3000,11453.70961
8304,3000,11464.209659
8214,3000,11474.802321
8028,3000,11485.284277
8050,3000,11496.098411
8536,3000,11506.898213
8318,3000,11517.708646
7972,3000,11527.833867
8128,3000,11538.631923
7970,3000,11548.751821
8334,3000,11559.599926
8086,3000,11569.990365
8424,3000,11581.461388
8314,3000,11607.95662
8598,3000,11618.864898
8374,3000,11629.576329
8370,3000,11640.361824
8240,3000,11651.182575
8164,3000,11661.685874
8296,3000,11672.031511
8358,3000,11682.598759
8104,3000,11693.210511
8410,3000,11703.768749
8334,3000,11713.874054
8074,3000,11724.703052
8422,3000,11735.281301
8662,3000,11746.27958
8502,3000,11757.125576
8524,3000,11767.857739
8394,3000,11778.207622
8444,3000,11788.583428
8332,3000,11798.970076
8304,3000,11809.527248
8294,3000,11820.335469
8280,3000,11830.679048
8218,3000,11840.733299
8296,3000,11850.786426
8696,3000,11861.561738
8640,3000,11872.030151
8382,3000,11882.241278
8336,3000,11892.636148
8252,3000,11903.001444
8606,3000,11913.481197
8110,3000,11923.733953
8758,3000,11934.353004
8328,3000,11944.878618
8224,3000,11955.503862
8384,3000,11965.970916
8668,3000,11976.473124
8444,3000,11986.702451
8258,3000,11997.659634
8176,3000,12008.065036
8466,3000,12019.177945
8408,3000,12029.834719
8512,3000,12040.632928
8280,3000,12050.84515
8484,3000,12061.541251
8254,3000,12072.576481
8566,3000,12083.132662
8406,3000,12093.683934
8944,3000,12104.608197
8588,3000,12114.999393
8636,3000,12126.008081
8650,3000,12136.896378
8604,3000,12148.094111
8662,3000,12158.713026
8414,3000,12169.252027
8562,3000,12180.337677
8676,3000,12191.609177
8848,3000,12202.721496
8810,3000,12213.412352
8466,3000,12224.144949
8702,3000,12234.912483
8602,3000,12245.915421
8552,3000,12256.801687
8528,3000,12267.083912
8802,3000,12277.736511
8772,3000,12288.542881
8824,3000,12299.395795
8652,3000,12309.995658
8550,3000,12336.657016
8666,3000,12347.722817
8644,3000,12358.357978
8554,3000,12369.461559
8550,3000,12379.885982
8820,3000,12390.371229
8490,3000,12400.695523
8416,3000,12411.499359
9002,3000,12422.254411
8970,3000,12432.710185
8898,3000,12443.403193
8576,3000,12453.999436
8420,3000,12464.86522
8362,3000,12475.486165
8678,3000,12485.96321
8538,3000,12496.785553
8696,3000,12507.939572
9112,3000,12519.298368
8986,3000,12529.747257
8766,3000,12540.5728
8810,3000,12551.092935
8380,3000,12561.332822
8510,3000,12571.953065
8626,3000,12582.980618
8462,3000,12593.971126
8810,3000,12604.391957
8760,3000,12615.439346
8846,3000,12625.756773
8640,3000,12637.039304
8840,3000,12647.405567
8762,3000,12658.100775
8854,3000,12668.974045
8500,3000,12679.854224
8610,3000,12690.292334
8440,3000,12701.187521
8388,3000,12711.76581
8828,3000,12722.595837
8912,3000,12733.378138
8632,3000,12743.851352
8822,3000,12754.270026
8590,3000,12764.744934
8560,3000,12774.996799
8306,3000,12785.290106
8666,3000,12795.919944
9068,3000,12806.096495
8720,3000,12816.770692
8724,3000,12827.228606
8620,3000,12838.557963
8884,3000,12849.359366
8830,3000,12860.26234
8576,3000,12870.675792
8800,3000,12881.539713
8574,3000,12892.597967
8900,3000,12903.439217
8684,3000,12914.287235
8514,3000,12925.555709
8678,3000,12936.241071
8646,3000,12946.988189
8730,3000,12957.582722
8604,3000,12968.00994
8714,3000,12978.277745
8468,3000,12988.523497
9052,3000,12999.022752
8676,3000,13009.215216
8486,3000,13019.717285
8698,3000,13029.851764
8402,3000,13055.510665
8316,3000,13065.497259
8584,3000,13076.019054
8844,3000,13086.435577
8578,3000,13096.553017
8690,3000,13107.430541
8806,3000,13118.265898
8676,3000,13128.92101
8614,3000,13139.144412
8552,3000,13149.374421
8810,3000,13159.716075
8692,3000,13170.495661
8762,3000,13181.242118
8694,3000,13191.884612
9134,3000,13202.494949
8724,3000,13212.769497
8580,3000,13223.2837
8078,3000,13233.535076
8176,3000,13243.70566
8614,3000,13254.320072
8680,3000,13264.634874
8314,3000,13274.83492
8572,3000,13285.500613
8790,3000,13296.280551
8656,3000,13306.677093
8630,3000,13317.12848
8244,3000,13327.42555
8598,3000,13337.892549
8720,3000,13348.563519
8470,3000,13359.194299
9000,3000,13370.093203
8822,3000,13381.106021
8946,3000,13392.045895
8596,3000,13402.94769
8630,3000,13413.457024
8646,3000,13424.250208
8338,3000,13434.650697
8994,3000,13445.391853
8518,3000,13456.058078
8736,3000,13466.788608
8742,3000,13477.850785
8894,3000,13488.495386
8782,3000,13499.131103
8546,3000,13510.532907
8498,3000,13521.13017
8798,3000,13531.841587
8716,3000,13542.616903
8254,3000,13552.64346
8568,3000,13562.86278
8878,3000,13573.193577
8678,3000,13584.102265
8400,3000,13595.316212
8978,3000,13606.228609
8858,3000,13616.587738
8808,3000,13627.674244
8518,3000,13638.259843
9028,3000,13649.255461
8778,3000,13660.014586
8686,3000,13671.202397
8562,3000,13682.083151
8538,3000,13692.654667
8740,3000,13703.934958
8158,3000,13714.373068
8710,3000,13724.863997
9054,3000,13735.409016
8786,3000,13745.532253
8396,3000,13756.539674
8734,3000,13783.064981
8636,3000,13793.75729
8592,3000,13804.692278
8786,3000,13815.396379
8660,3000,13826.065594
8422,3000,13836.699319
8790,3000,13847.473296
8480,3000,13858.288014
8410,3000,13869.270012
8428,3000,13879.436903
8500,3000,13889.547273
8614,3000,13899.84976
8852,3000,13910.589965
8768,3000,13921.594562
9074,3000,13932.114917
8648,3000,13942.872485
8618,3000,13952.998307
8592,3000,13963.792136
8562,3000,13974.533101
8480,3000,13985.441832
8326,3000,13995.921155
9048,3000,14006.479013
8674,3000,14017.61868
8918,3000,14028.302876
8498,3000,14039.232803
8916,3000,14050.25573
8764,3000,14060.804486
8688,3000,14072.017871
9036,3000,14082.955908
8680,3000,14094.150004
8936,3000,14104.889698
8738,3000,14115.272852
8778,3000,14126.02516
8694,3000,14137.537431
8848,3000,14148.877233
8404,3000,14159.828515
8736,3000,14170.532141
8250,3000,14180.895972
8710,3000,14191.548789
8726,3000,14202.460478
8456,3000,14213.168439
8616,3000,14223.542533
8744,3000,14233.721033
8460,3000,14244.494349
8550,3000,14255.027736
8562,3000,14265.87081
8566,3000,14276.484589
8480,3000,14287.248428
8674,3000,14297.845933
8658,3000,14308.418565
8506,3000,14319.294979
8776,3000,14329.752448
8530,3000,14340.669368
9000,3000,14351.689781
8914,3000,14362.596913
9144,3000,14373.855181
8470,3000,14384.580804
8926,3000,14395.143575
8634,3000,14406.321982
8950,3000,14416.894133
8876,3000,14427.927
8588,3000,14438.893856
8806,3000,14449.920622
8632,3000,14461.133896
9066,3000,14471.893039
8288,3000,14482.625926
8904,3000,14493.222582
8762,3000,14519.934947
8914,3000,14531.433316
8518,3000,14542.713936
8858,3000,14554.400753
8602,3000,14565.208714
8426,3000,14576.033856
8624,3000,14586.96734
8650,3000,14597.609261
8596,3000,14608.27642
8626,3000,14619.003862
8986,3000,14630.109313
8658,3000,14640.938843
8812,3000,14651.704782
8654,3000,14662.55934
8932,3000,14673.382006
8868,3000,14684.265188
8846,3000,14695.323102
8476,3000,14706.160679
8762,3000,14716.420121
8514,3000,14726.785684
8658,3000,14737.395667
8750,3000,14748.221678
8510,3000,14758.920743
8636,3000,14769.626194
8418,3000,14779.887752
8302,3000,14790.501083
8600,3000,14801.063308
8652,3000,14811.358722
8646,3000,14821.654953
8696,3000,14832.055402
8686,3000,14842.411956
8722,3000,14853.432249
8502,3000,14864.121189
8616,3000,14875.339949
8544,3000,14885.944144
8410,3000,14896.810045
8570,3000,14907.515514
9054,3000,14918.447847
8738,3000,14929.530618
8768,3000,14939.966309
8544,3000,14950.711447
8280,3000,14961.65084
8420,3000,14972.893182
8740,3000,14984.359537
8858,3000,14994.813332
8594,3000,15005.686537
8466,3000,15016.563905
8754,3000,15027.089609
8680,3000,15038.066746
8264,3000,15048.711232
8528,3000,15059.658012
8410,3000,15070.607317
8394,3000,15081.389381
9148,3000,15092.329009
8472,3000,15103.113287
8686,3000,15113.748995
8702,3000,15124.088557
8444,3000,15134.752687
8122,3000,15145.688032
8676,3000,15156.70801
8810,3000,15167.247122
8868,3000,15177.771859
8546,3000,15188.423975
8486,3000,15199.356897
8706,3000,15209.936494
8702,3000,15220.79998
8934,3000,15246.86571
8632,3000,15258.36127
8544,3000,15269.690178
8732,3000,15280.436097
8490,3000,15291.56097
8948,3000,15302.870807
8474,3000,15313.980149
8588,3000,15324.962572
8724,3000,15335.803759
8552,3000,15346.502888
9048,3000,15357.618618
9004,3000,15368.8135
8182,3000,15379.886554
8486,3000,15390.4101
8664,3000,15401.429296
8454,3000,15412.776854
8356,3000,15423.78637
8382,3000,15435.150722
8732,3000,15446.021858
8674,3000,15457.019719
8694,3000,15467.830621
9154,3000,15478.976066
8618,3000,15489.267706
8966,3000,15500.626549
8412,3000,15511.584372
8610,3000,15522.602662
8770,3000,15533.093926
8300,3000,15543.733584
8914,3000,15555.099554
8774,3000,15566.304957
9024,3000,15577.505039
8530,3000,15588.228501
8706,3000,15599.242094
8934,3000,15610.888174
8446,3000,15621.990095
8682,3000,15633.17418
8506,3000,15644.471045
8338,3000,15655.452274
8396,3000,15666.614659
8508,3000,15678.114252
8910,3000,15689.112646
9096,3000,15700.165724
8788,3000,15711.461913
8710,3000,15723.13969
8638,3000,15734.15955
8862,3000,15745.299607
8782,3000,15756.28865
8848,3000,15766.858608
8898,3000,15777.755964
8862,3000,15788.312093
8780,3000,15799.438792
8762,3000,15810.441664
8628,3000,15821.0204
8578,3000,15831.664046
8594,3000,15842.526589
8718,3000,15853.526074
8428,3000,15864.312705
8514,3000,15875.333566
9102,3000,15886.005889
8700,3000,15896.799839
8550,3000,15907.158126
8730,3000,15918.327816
8636,3000,15929.344
8560,3000,15940.059572
8858,3000,15951.055325
8498,3000,15961.509683
8454,3000,15971.976519
8812,3000,15999.390256
8630,3000,16010.423713
8376,3000,16021.301449
8164,3000,16032.057734
8896,3000,16043.006029
8396,3000,16053.722668
8470,3000,16063.935541
8596,3000,16074.98315
8694,3000,16085.8578
8478,3000,16096.644996
8652,3000,16107.195033
8712,3000,16118.031627
8604,3000,16128.578802
8930,3000,16139.130842
8570,3000,16150.095236
8734,3000,16161.215791
8840,3000,16171.88192
8812,3000,16183.151956
8568,3000,16194.191611
8494,3000,16204.455642
8906,3000,16216.258537
8530,3000,16227.7332
8526,3000,16238.567997
8382,3000,16249.582489
8654,3000,16260.277844
8894,3000,16271.402208
8458,3000,16281.595874
8928,3000,16292.549961
8734,3000,16303.974224
8344,3000,16314.423434
8770,3000,16325.472918
8888,3000,16335.95396
7952,3000,16346.456078
8872,3000,16357.297418
8174,3000,16368.004867
8444,3000,16379.254605
8312,3000,16389.857576
8502,3000,16400.580812
8502,3000,16411.383058
8654,3000,16421.934754
8440,3000,16433.135951
8718,3000,16444.201584
8316,3000,16455.263171
8310,3000,16466.318879
8780,3000,16477.483316
8946,3000,16489.093916
8550,3000,16500.122104
8774,3000,16511.258158
8876,3000,16522.383845
8648,3000,16532.965159
8818,3000,16543.711789
8508,3000,16554.694479
8392,3000,16565.567853
8532,3000,16575.860429
8470,3000,16586.711442
8724,3000,16597.654994
8760,3000,16608.351464
8386,3000,16618.91035
8792,3000,16629.880492
8734,3000,16640.855918
8814,3000,16651.87725
8382,3000,16662.721444
8818,3000,16673.399611
8588,3000,16684.101027
9044,3000,16695.15156
8584,3000,16706.235886
8642,3000,16716.761849
8508,3000,16742.577645
8504,3000,16752.882646
8562,3000,16763.158126
8574,3000,16773.689616
8956,3000,16784.208666
8842,3000,16795.512106
8550,3000,16806.709228
8576,3000,16817.938347
8542,3000,16828.82542
8646,3000,16839.818734
8872,3000,16851.221583
8544,3000,16861.987958
8346,3000,16872.623306
8808,3000,16883.572801
7990,3000,16894.057023
8578,3000,16904.915019
8662,3000,16915.37754
8984,3000,16926.108001
8580,3000,16936.829015
8690,3000,16947.51417
8116,3000,16958.087635
8618,3000,16968.742018
8668,3000,16980.51417
8634,3000,16991.550573
8776,3000,17002.024419
8386,3000,17012.899501
8772,3000,17023.96507
8696,3000,17034.786211
8592,3000,17045.682243
8594,3000,17056.598842
8408,3000,17067.510832
8638,3000,17078.037826
8580,3000,17088.540247
8638,3000,17099.445016
8370,3000,17110.053649
8380,3000,17121.220003
8552,3000,17131.942787
8614,3000,17142.31056
8410,3000,17152.542816
8384,3000,17163.07135
8988,3000,17174.106265
8566,3000,17184.950601
8728,3000,17195.729681
8716,3000,17206.385448
8596,3000,17216.567149
8336,3000,17227.253682
8960,3000,17238.560306
8632,3000,17249.152117
8470,3000,17260.174227
8592,3000,17270.662157
8918,3000,17281.353288
8492,3000,17292.055919
8764,3000,17302.776316
8582,3000,17313.308501
8152,3000,17323.722682
8794,3000,17334.718427
8412,3000,17345.391678
8390,3000,17356.006105
8614,3000,17366.956969
8490,3000,17377.813655
8606,3000,17389.101694
8830,3000,17399.976352
8730,3000,17410.36974
8782,3000,17421.13921
8886,3000,17432.209675
8554,3000,17443.062272
8560,3000,17469.542043
8480,3000,17480.283519
8490,3000,17491.125837
8280,3000,17501.36499
8554,3000,17511.847773
8594,3000,17522.697736
8506,3000,17533.678329
8430,3000,17544.524069
8650,3000,17555.177729
8666,3000,17565.684414
8428,3000,17576.347803
8408,3000,17586.370611
8670,3000,17597.425692
8658,3000,17608.177001
8524,3000,17619.2232
8322,3000,17629.870873
8346,3000,17641.08446
8480,3000,17652.238716
8572,3000,17663.061954
8372,3000,17673.241284
8384,3000,17683.842068
8336,3000,17694.337913
8532,3000,17705.152152
8498,3000,17716.146928
8732,3000,17727.324194
8700,3000,17737.853495
8474,3000,17748.75171
8906,3000,17760.232747
8904,3000,17770.913039
8832,3000,17781.764801
8536,3000,17792.3997
8402,3000,17803.260582
8566,3000,17814.166648
8646,3000,17825.099481
8412,3000,17835.564635
8588,3000,17846.428118
8618,3000,17856.991084
8898,3000,17867.813816
8614,3000,17878.938046
8772,3000,17889.771365
8654,3000,17900.269163
8292,3000,17910.906892
8776,3000,17921.642527
8612,3000,17931.71282
8210,3000,17941.93349
8628,3000,17952.391211
8676,3000,17962.651578
8208,3000,17973.504579
8356,3000,17983.987572
8708,3000,17994.906936
8798,3000,18005.269129
8482,3000,18015.689658
8302,3000,18026.046896
8864,3000,18037.186095
8934,3000,18048.340122
8520,3000,18058.966245
8830,3000,18069.790331
8438,3000,18080.377354
8500,3000,18091.172859
8690,3000,18101.691201
8526,3000,18112.487499
8826,3000,18123.554352
8670,3000,18134.460959
8608,3000,18145.080309
8486,3000,18155.886328
8674,3000,18166.874662
8638,3000,18177.879353
8742,3000,18204.611652
8630,3000,18215.415836
8354,3000,18225.954067
8414,3000,18236.598576
8734,3000,18248.080347
8442,3000,18258.913258
8730,3000,18269.627887
8922,3000,18280.399249
8732,3000,18291.304095
8396,3000,18302.34842
8822,3000,18313.105906
8604,3000,18324.147536
8518,3000,18334.778725
8618,3000,18345.508324
8732,3000,18356.100176
8680,3000,18366.679958
8544,3000,18377.107419
8898,3000,18388.455898
8654,3000,18399.523799
8532,3000,18410.472618
8674,3000,18421.152975
8502,3000,18431.785768
8322,3000,18442.756878
8820,3000,18453.183641
8692,3000,18463.968475
8710,3000,18474.682562
8526,3000,18485.461931
8392,3000,18495.773923
8660,3000,18506.689358
8386,3000,18517.746278
8684,3000,18528.959159
8444,3000,18539.797402
8792,3000,18550.630715
8200,3000,18561.197993
8370,3000,18571.955533
8712,3000,18582.64021
8640,3000,18593.598816
8738,3000,18603.868098
8416,3000,18614.337215
8496,3000,18625.428751
9080,3000,18636.236128
8762,3000,18646.992733
8774,3000,18658.321987
8928,3000,18669.438548
8454,3000,18680.288577
8360,3000,18690.99079
8550,3000,18701.563282
8634,3000,18712.547459
8736,3000,18723.43064
8898,3000,18734.16341
8550,3000,18744.606064
8436,3000,18754.936837
8518,3000,18765.37597
8632,3000,18776.231386
8500,3000,18787.311734
8608,3000,18798.201526
8590,3000,18809.010695
8534,3000,18819.43196
8586,3000,18830.381896
8404,3000,18841.403663
8732,3000,18852.389974
8786,3000,18863.599609
8592,3000,18874.387665
8712,3000,18885.085902
8268,3000,18896.546896
8722,3000,18908.123688
8280,3000,18919.011152
8674,3000,18946.709189
8138,3000,18958.110621
8348,3000,18968.874371
8512,3000,18979.414968
8784,3000,18989.924803
8196,3000,19001.377515
8498,3000,19012.016317
8388,3000,19022.504543
8954,3000,19033.917528
8390,3000,19045.084248
8258,3000,19055.35505
8490,3000,19066.104937
8656,3000,19077.350315
8948,3000,19088.488967
8474,3000,19099.297636
8954,3000,19110.830017
8864,3000,19121.539228
8600,3000,19132.878987
8742,3000,19143.526746
8658,3000,19153.911276
8692,3000,19165.078282
8536,3000,19176.090082
8328,3000,19187.05054
8972,3000,19198.281054
8748,3000,19209.780038
8228,3000,19220.343325
8504,3000,19231.839736
8304,3000,19243.241683
8414,3000,19253.854155
8770,3000,19265.139098
8366,3000,19275.573144
8546,3000,19286.594587
8468,3000,19297.072654
8952,3000,19307.989381
8532,3000,19318.841388
8802,3000,19329.653628
8550,3000,19340.423725
8730,3000,19351.078886
8678,3000,19361.650357
8702,3000,19372.078147
8530,3000,19382.620024
8490,3000,19393.380561
8340,3000,19403.716487
8858,3000,19414.877185
8450,3000,19425.431173
8274,3000,19436.107368
8392,3000,19447.283682
8578,3000,19458.227055
8576,3000,19469.372646
8496,3000,19479.985548
8648,3000,19491.053398
8492,3000,19501.827986
8588,3000,19512.303959
8464,3000,19523.110267
8842,3000,19533.756696
8790,3000,19544.535809
8522,3000,19555.733348
8696,3000,19566.627914
8314,3000,19577.52043
8524,3000,19587.858673
8520,3000,19598.807645
8612,3000,19610.018814
8374,3000,19620.546205
8454,3000,19631.199443
8432,3000,19642.029015
8506,3000,19653.134525
8596,3000,19679.466613
8384,3000,19690.896976
8270,3000,19702.06798
8530,3000,19712.688552
8240,3000,19723.342012
8272,3000,19734.024937
8136,3000,19744.352725
8274,3000,19755.390231
8858,3000,19766.177754
8220,3000,19776.533032
8380,3000,19787.066109
8766,3000,19797.975859
8396,3000,19808.573055
8080,3000,19818.995093
8496,3000,19829.51198
8550,3000,19840.333875
8620,3000,19851.564773
8356,3000,19862.743409
8680,3000,19873.923052
8460,3000,19885.061258
8548,3000,19895.962653
8666,3000,19906.3427
8558,3000,19917.196991
8618,3000,19928.019337
8666,3000,19938.881681
8484,3000,19949.550817
8362,3000,19960.823807
8614,3000,19971.769398
8464,3000,19982.928289
8512,3000,19993.859454
8414,3000,20004.47142
8824,3000,20015.434545
8672,3000,20026.331929
8662,3000,20037.276159
8530,3000,20047.87514
8598,3000,20058.674972
8320,3000,20069.588479
8344,3000,20080.27193
8174,3000,20091.136086
8626,3000,20102.524755
8804,3000,20113.279103
8570,3000,20123.713346
8558,3000,20134.47927
8206,3000,20144.98753
8422,3000,20155.990232
8628,3000,20167.71015
8698,3000,20178.852919
8574,3000,20190.251489
8304,3000,20201.379453
8562,3000,20212.407951
8472,3000,20223.032935
8620,3000,20234.688168
8762,3000,20245.473118
8838,3000,20256.722216
8382,3000,20267.419651
8498,3000,20278.284926
8648,3000,20289.333268
8428,3000,20300.116759
8204,3000,20311.010667
8312,3000,20321.550197
8698,3000,20332.476823
8298,3000,20342.698811
8474,3000,20353.541902
8408,3000,20364.302768
8486,3000,20375.097956
8578,3000,20386.11187
8770,3000,20397.270153
8122,3000,20424.536949
8812,3000,20435.322952
8360,3000,20446.323012
8668,3000,20456.988748
8776,3000,20467.745598
8798,3000,20478.844366
8974,3000,20490.162565
8880,3000,20501.343117
8508,3000,20511.934615
8314,3000,20523.595868
8308,3000,20534.193695
8926,3000,20545.149603
8956,3000,20556.039973
8880,3000,20567.162838
8564,3000,20578.385255
8472,3000,20588.800449
8370,3000,20599.550974
8454,3000,20610.147125
8398,3000,20621.056188
8630,3000,20632.51407
8700,3000,20642.748474
8540,3000,20653.868395
9138,3000,20664.573347
8380,3000,20675.115945
8582,3000,20685.824332
8644,3000,20696.12415
8530,3000,20706.87015
8174,3000,20717.270036
8588,3000,20728.353378
8604,3000,20739.426428
8566,3000,20750.543423
8742,3000,20761.187042
8600,3000,20771.852521
8574,3000,20783.309
8732,3000,20794.086955
8620,3000,20805.003958
8666,3000,20816.349146
8630,3000,20827.781435
8360,3000,20838.500225
8456,3000,20849.618592
8606,3000,20860.867064
8516,3000,20871.555953
8486,3000,20882.429056
8234,3000,20893.140118
8652,3000,20904.387579
8444,3000,20914.967734
8602,3000,20926.268026
8448,3000,20936.942214
8586,3000,20947.981273
8624,3000,20959.05414
8336,3000,20970.091259
8726,3000,20981.426734
8346,3000,20992.558004
8424,3000,21003.478906
8498,3000,21015.006868
8722,3000,21026.030389
8904,3000,21037.252285
8656,3000,21048.041277
8246,3000,21058.849242
8422,3000,21070.421305
8750,3000,21081.537893
8466,3000,21092.5685
8508,3000,21103.741703
8712,3000,21114.472562
8488,3000,21125.433989
8382,3000,21136.305624
8338,3000,21147.501992
8294,3000,21173.930465
8624,3000,21184.6322
8396,3000,21195.352933
8814,3000,21206.163719
8388,3000,21217.093102
8738,3000,21228.260656
8258,3000,21239.03883
8664,3000,21249.916488
8942,3000,21260.48065
8726,3000,21271.387511
8084,3000,21281.684575
8372,3000,21292.484976
9020,3000,21303.740513
8582,3000,21313.905239
8400,3000,21324.946237
8678,3000,21335.628538
8512,3000,21346.115649
8540,3000,21356.828544
8648,3000,21368.080469
8388,3000,21378.886269
8584,3000,21389.9495
8646,3000,21401.188203
8612,3000,21412.56092
8480,3000,21423.382569
8418,3000,21434.659964
8718,3000,21445.053302
8748,3000,21455.861359
8612,3000,21466.558118
8452,3000,21477.664003
8504,3000,21488.776729
8236,3000,21499.335173
8854,3000,21510.281013
8548,3000,21521.622854
8328,3000,21532.575021
8744,3000,21543.689154
8730,3000,21554.039139
8506,3000,21564.746193
8704,3000,21576.446523
8594,3000,21587.05735
9038,3000,21597.920199
9148,3000,21608.817995
8464,3000,21619.649445
8646,3000,21630.605888
8492,3000,21641.448198
7992,3000,21651.739283
8116,3000,21662.976938
8374,3000,21673.954143
8654,3000,21685.170925
8852,3000,21696.692415
8532,3000,21707.698662
8434,3000,21718.464093
8322,3000,21729.108864
8790,3000,21739.555925
8466,3000,21750.045421
8726,3000,21760.897535
8452,3000,21771.280953
8928,3000,21782.056056
8498,3000,21793.037296
8736,3000,21803.806023
8842,3000,21814.582617
8314,3000,21825.225406
8520,3000,21836.21027
8696,3000,21846.957478
8674,3000,21857.621723
8552,3000,21868.8102
8536,3000,21879.542207
8384,3000,21906.411206
8384,3000,21917.168288
8790,3000,21928.070379
8830,3000,21939.181487
8676,3000,21949.756654
8526,3000,21960.851981
8554,3000,21971.670541
8548,3000,21983.066893
8896,3000,21994.494115
8522,3000,22005.777228
8774,3000,22016.206784
8810,3000,22027.158345
8648,3000,22038.089549
8740,3000,22048.66027
8170,3000,22059.247752
8562,3000,22070.222032
8516,3000,22080.616669
8422,3000,22091.574923
8490,3000,22102.374245
8084,3000,22112.663234
8498,3000,22123.220751
8318,3000,22133.436802
8604,3000,22144.388773
8810,3000,22154.864902
8582,3000,22165.509011
8116,3000,22176.398636
8386,3000,22187.283625
8512,3000,22198.34066
8464,3000,22209.374599
8598,3000,22220.404015
8580,3000,22231.492889
8800,3000,22242.151407
8354,3000,22253.16909
8816,3000,22264.648237
8884,3000,22275.778123
8556,3000,22286.873512
8698,3000,22298.16049
8424,3000,22309.350582
8296,3000,22319.844504
8532,3000,22330.426909
8424,3000,22341.214197
8428,3000,22351.940604
8740,3000,22362.517142
8400,3000,22373.920424
8714,3000,22384.505241
8600,3000,22395.163218
8540,3000,22405.525859
8384,3000,22416.263226
8720,3000,22427.360215
8502,3000,22437.865215
8168,3000,22448.824548
8312,3000,22459.645436
8636,3000,22470.318995
8372,3000,22480.836301
8152,3000,22491.642434
8694,3000,22502.272733
8584,3000,22512.861717
8158,3000,22523.488049
8418,3000,22534.486567
8538,3000,22545.342623
8472,3000,22556.018636
8646,3000,22566.573595
8910,3000,22578.026613
8324,3000,22588.707458
8416,3000,22599.1118
8422,3000,22609.957855
8164,3000,22620.394725
8734,3000,22646.689749
8240,3000,22657.43021
8562,3000,22668.085843
8180,3000,22678.960284
8762,3000,22689.501612
8196,3000,22700.037586
8240,3000,22710.49526
9082,3000,22721.656997
8494,3000,22732.523138
8870,3000,22743.422981
8568,3000,22753.979647
8410,3000,22764.855067
8492,3000,22775.569725
8654,3000,22786.228816
8206,3000,22796.808102
8224,3000,22807.480405
8582,3000,22818.536226
8502,3000,22829.421479
8410,3000,22839.986515
8588,3000,22851.717947
8720,3000,22862.648442
8304,3000,22873.865548
8480,3000,22884.827834
8528,3000,22895.714469
8262,3000,22906.540331
8734,3000,22917.648613
8518,3000,22928.154778
8316,3000,22938.998879
8554,3000,22949.851192
8576,3000,22961.092763
8536,3000,22972.267104
8786,3000,22983.05571
8440,3000,22993.706298
8658,3000,23004.336598
8424,3000,23015.173508
8538,3000,23025.662937
8456,3000,23036.821829
9034,3000,23047.611712
8630,3000,23058.62834
8448,3000,23069.294715
8558,3000,23079.919717
8268,3000,23090.685008
8626,3000,23102.011407
8320,3000,23112.367586
8436,3000,23123.104988
8610,3000,23133.430062
8308,3000,23144.53978
8496,3000,23155.404048
8386,3000,23165.962657
8468,3000,23176.587717
8300,3000,23186.977489
8254,3000,23197.967197
8828,3000,23209.160339
8458,3000,23220.503184
8540,3000,23231.286558
8716,3000,23242.310047
8370,3000,23253.476294
8456,3000,23263.909575
8620,3000,23274.518309
8618,3000,23285.299184
8718,3000,23296.327433
8632,3000,23307.340646
8774,3000,23318.723182
8576,3000,23329.40162
8516,3000,23340.237072
8700,3000,23350.908549
8748,3000,23361.652558
8414,3000,23387.497119
8306,3000,23398.149241
8748,3000,23408.736499
8322,3000,23419.425882
8976,3000,23430.076141
8806,3000,23440.58041
8590,3000,23451.563757
8464,3000,23461.874958
8446,3000,23472.192003
8398,3000,23482.529153
8668,3000,23493.005783
8480,3000,23503.741091
8872,3000,23514.408498
8796,3000,23524.764238
8104,3000,23535.371678
8286,3000,23546.297833
8376,3000,23557.192918
8302,3000,23568.148149
8480,3000,23578.622209
8466,3000,23589.062043
8496,3000,23600.20897
8482,3000,23611.151313
8454,3000,23621.648568
8474,3000,23632.360167
8644,3000,23642.920584
8690,3000,23653.924269
8688,3000,23664.713822
8380,3000,23675.271471
8482,3000,23685.707303
8412,3000,23696.320602
8494,3000,23706.816647
8340,3000,23717.854511
8070,3000,23728.261092
8688,3000,23739.14941
8844,3000,23750.156182
8228,3000,23760.544538
8442,3000,23771.26694
8656,3000,23781.799532
8708,3000,23792.262249
8584,3000,23802.804784
8212,3000,23813.927844
8450,3000,23825.1003
8890,3000,23836.097132
8562,3000,23846.863264
8410,3000,23857.797158
9046,3000,23868.888955
8700,3000,23879.438021
8608,3000,23890.012403
8398,3000,23901.290429
8468,3000,23912.147724
8292,3000,23922.608641
8444,3000,23933.362296
8138,3000,23944.456459
8806,3000,23956.301007
8742,3000,23967.171417
8260,3000,23977.767328
8136,3000,23988.836865
8362,3000,24000.07687
8136,3000,24010.996683
8424,3000,24021.372155
8454,3000,24032.348004
8234,3000,24043.631901
8612,3000,24054.699063
8338,3000,24065.797209
8356,3000,24076.622013
8528,3000,24087.50732
8424,3000,24113.836269
8368,3000,24124.576162
8370,3000,24135.031418
8744,3000,24145.869016
8442,3000,24157.100619
8648,3000,24167.806556
8682,3000,24178.644978
8228,3000,24189.476856
8730,3000,24199.996982
8502,3000,24210.54335
8256,3000,24220.920908
8418,3000,24231.081147
8600,3000,24241.617002
8526,3000,24252.488623
8288,3000,24263.729102
8266,3000,24274.379938
8644,3000,24285.171477
8362,3000,24296.121083
8448,3000,24306.958973
8680,3000,24318.094342
8522,3000,24328.905333
8206,3000,24339.364442
8802,3000,24350.243771
8116,3000,24360.888537
8436,3000,24372.006253
8516,3000,24382.603692
8792,3000,24393.180678
8340,3000,24404.099979
8436,3000,24414.740287
8048,3000,24425.5115
8524,3000,24436.152004
8648,3000,24446.875557
8658,3000,24457.650652
8062,3000,24468.129937
8542,3000,24479.509979
8256,3000,24491.067236
8658,3000,24502.504893
8526,3000,24513.467189
8244,3000,24524.316972
8800,3000,24534.891396
8358,3000,24545.353767
8550,3000,24556.593403
8686,3000,24567.039805
8490,3000,24577.868555
8392,3000,24588.902714
8488,3000,24599.975003
8482,3000,24610.940244
8428,3000,24621.566893
8162,3000,24632.130285
8298,3000,24642.93696
8088,3000,24653.550004
8492,3000,24664.711898
8638,3000,24675.78962
8638,3000,24686.700717
8448,3000,24697.339332
8426,3000,24708.790279
8560,3000,24719.527532
8296,3000,24730.442805
8536,3000,24741.121773
8492,3000,24751.596471
8194,3000,24762.134849
8648,3000,24773.0562
8470,3000,24783.967123
8528,3000,24794.641081
8316,3000,24805.954185
8886,3000,24817.063159
8416,3000,24827.974753
8674,3000,24854.501348
8368,3000,24864.971292
8584,3000,24876.091697
8384,3000,24887.403916
8656,3000,24898.236955
8282,3000,24909.212219
8400,3000,24919.785163
8640,3000,24931.148442
8452,3000,24942.174008
8302,3000,24952.927483
8688,3000,24964.111762
8304,3000,24974.246857
8224,3000,24984.618595
8762,3000,24995.562148
8362,3000,25005.891176
8384,3000,25016.65466
8438,3000,25026.894418
8154,3000,25037.121652
8792,3000,25048.26824
8670,3000,25058.672678
8336,3000,25068.967503
8348,3000,25080.020309
8410,3000,25090.957264
8530,3000,25102.188418
8516,3000,25112.815083
8426,3000,25123.197449
8300,3000,25133.203353
8712,3000,25143.508265
8478,3000,25154.273603
8628,3000,25164.991205
8522,3000,25175.720953
8860,3000,25186.413716
8488,3000,25197.347672
8402,3000,25208.379552
8122,3000,25218.966872
8590,3000,25229.826864
8376,3000,25239.924005
8770,3000,25250.750788
8572,3000,25262.029058
8286,3000,25272.74049
8578,3000,25283.472621
8472,3000,25293.87304
8400,3000,25304.715692
8506,3000,25315.264225
8288,3000,25326.21372
8726,3000,25336.887726
8662,3000,25347.556394
8464,3000,25358.724166
8760,3000,25369.794921
8666,3000,25380.471239
8328,3000,25390.913756
8196,3000,25401.650564
8730,3000,25412.536327
8270,3000,25422.871915
8254,3000,25433.807373
8168,3000,25444.324928
8514,3000,25455.473006
8288,3000,25465.75247
8554,3000,25476.962504
8532,3000,25487.978503
8526,3000,25499.218338
8558,3000,25510.429497
8698,3000,25521.429863
8400,3000,25532.811672
8514,3000,25543.63923
9054,3000,25555.320978
8182,3000,25566.149982
8502,3000,25593.747191
8344,3000,25604.019171
8680,3000,25614.848472
8336,3000,25625.616946
8532,3000,25636.872044
8268,3000,25647.183245
8426,3000,25657.662791
8382,3000,25667.933547
8486,3000,25678.400806
8096,3000,25688.728183
8394,3000,25699.204394
8176,3000,25709.798826
8676,3000,25720.392262
8554,3000,25731.125327
8476,3000,25741.619838
8466,3000,25752.534442
8676,3000,25763.819592
8468,3000,25774.589161
8314,3000,25785.045966
8576,3000,25795.837038
8528,3000,25806.531858
8410,3000,25817.751751
8482,3000,25828.280737
8134,3000,25839.278803
8804,3000,25850.531788
8420,3000,25861.185291
8442,3000,25872.296339
8778,3000,25883.090297
8426,3000,25894.032055
8692,3000,25904.856329
8376,3000,25915.015009
8324,3000,25925.470365
8460,3000,25936.261693
8298,3000,25946.976618
8564,3000,25957.426895
8678,3000,25967.920719
8456,3000,25978.953954
8880,3000,25990.023134
8480,3000,26000.620737
8670,3000,26011.905493
8474,3000,26022.696203
8250,3000,26033.487225
8588,3000,26044.067875
8496,3000,26055.127102
8348,3000,26065.610759
8340,3000,26076.353353
8544,3000,26087.462282
8398,3000,26098.051764
8876,3000,26109.138901
8802,3000,26120.181119
8250,3000,26130.797778
8264,3000,26141.360593
8520,3000,26151.915711
8482,3000,26162.511577
8690,3000,26173.22494
8756,3000,26184.47777
8216,3000,26195.4014
8428,3000,26206.403116
8474,3000,26216.954871
8482,3000,26227.910666
8512,3000,26238.672669
8446,3000,26249.420498
8560,3000,26260.337991
8432,3000,26270.951689
8290,3000,26281.881901
8850,3000,26292.547412
8642,3000,26319.380061
8372,3000,26329.785446
8536,3000,26340.803795
8398,3000,26351.237478
8538,3000,26361.933197
8704,3000,26372.400499
8290,3000,26382.714817
8448,3000,26393.470929
8536,3000,26404.444067
8468,3000,26414.913823
8142,3000,26425.468975
8650,3000,26436.099897
8168,3000,26447.117148
8362,3000,26459.410487
8730,3000,26470.352834
8680,3000,26480.797898
8586,3000,26491.404693
8476,3000,26502.19416
8302,3000,26512.93275
8490,3000,26523.668122
8694,3000,26534.395845
8640,3000,26544.725654
8356,3000,26555.365306
8710,3000,26566.666646
8272,3000,26578.066068
8554,3000,26589.169285
8690,3000,26600.834716
8594,3000,26611.374054
8536,3000,26622.144047
8440,3000,26633.293708
8360,3000,26643.896792
8692,3000,26655.474603
8376,3000,26666.447542
8820,3000,26677.434685
8512,3000,26688.397635
8494,3000,26699.179116
8338,3000,26709.991717
8844,3000,26720.784952
8514,3000,26731.633807
8656,3000,26742.242648
8350,3000,26753.24789
8488,3000,26763.972684
8570,3000,26774.840008
8722,3000,26785.848017
8364,3000,26796.518872
8420,3000,26807.47886
8150,3000,26817.82331
8706,3000,26828.456242
8372,3000,26839.416175
8784,3000,26851.128197
8432,3000,26861.999212
8568,3000,26873.06871
8526,3000,26884.100109
8292,3000,26895.353384
8198,3000,26906.208916
8582,3000,26917.363823
8412,3000,26928.026365
8636,3000,26938.923473
8558,3000,26950.132032
8482,3000,26960.997687
8480,3000,26971.663007
8510,3000,26982.749197
8384,3000,26993.797132
8516,3000,27004.79812
8532,3000,27015.505932
8468,3000,27026.668493
8554,3000,27037.515183
8796,3000,27064.445615
8546,3000,27075.775212
8718,3000,27086.877056
8840,3000,27098.070782
8610,3000,27108.978084
8626,3000,27120.113343
8494,3000,27130.616398
8416,3000,27141.599484
8400,3000,27152.428503
8632,3000,27163.610336
8674,3000,27174.721171
8596,3000,27186.352229
8378,3000,27197.379765
8354,3000,27207.894729
8362,3000,27218.372638
8780,3000,27228.774029
8724,3000,27239.949962
8714,3000,27250.96795
8756,3000,27261.799493
8204,3000,27272.143927
8388,3000,27282.761497
8462,3000,27293.770784
8624,3000,27304.721157
8838,3000,27315.309895
8718,3000,27326.345322
8456,3000,27336.992494
8190,3000,27347.782543
8488,3000,27358.392767
8680,3000,27369.101506
8544,3000,27380.231317
8424,3000,27391.128763
8474,3000,27401.740535
8054,3000,27413.189762
8442,3000,27424.121243
8802,3000,27435.347415
8454,3000,27446.615584
8592,3000,27458.119487
8540,3000,27469.425317
8612,3000,27480.135466
8588,3000,27491.090725
8464,3000,27501.816569
8550,3000,27512.341842
8422,3000,27522.995297
8324,3000,27533.842589
8804,3000,27544.806919
8472,3000,27555.589633
8400,3000,27566.070792
8586,3000,27576.451383
8586,3000,27587.540847
8458,3000,27598.426144
8290,3000,27609.268253
8484,3000,27619.526886
8372,3000,27630.279295
8318,3000,27641.194496
8464,3000,27652.115144
8514,3000,27662.727788
8474,3000,27673.278557
8024,3000,27683.808323
8480,3000,27694.639025
8242,3000,27705.939882
8818,3000,27716.801484
8486,3000,27727.609272
8256,3000,27738.584947
8836,3000,27749.915938
8418,3000,27760.635136
8450,3000,27771.105934
8502,3000,27781.478987
8404,3000,27807.783358
8592,3000,27818.106572
8572,3000,27829.375951
8616,3000,27840.348004
8612,3000,27851.139069
8392,3000,27861.666538
8690,3000,27873.026187
8604,3000,27883.864478
8842,3000,27894.984218
8826,3000,27906.148684
8504,3000,27917.000762
8666,3000,27928.249462
8530,3000,27938.655404
8706,3000,27949.839084
8414,3000,27961.17186
8398,3000,27971.698149
8244,3000,27981.884908
8294,3000,27992.863349
8546,3000,28003.738498
8300,3000,28014.382012
8178,3000,28025.158789
8574,3000,28035.717037
8370,3000,28046.572759
8406,3000,28057.584581
8582,3000,28068.394744
8330,3000,28078.723533
8420,3000,28089.182292
8722,3000,28099.954276
8698,3000,28110.371457
8560,3000,28121.181754
8528,3000,28131.664012
8582,3000,28142.612963
8486,3000,28153.46933
8546,3000,28163.994251
8748,3000,28175.170461
8440,3000,28185.85326
8482,3000,28196.824044
8358,3000,28207.840885
8030,3000,28218.821505
8118,3000,28229.609225
8432,3000,28240.625436
8954,3000,28251.929923
8066,3000,28262.391804
8446,3000,28273.115202
8706,3000,28283.521839
8452,3000,28294.590828
8386,3000,28305.882475
8496,3000,28316.747871
8182,3000,28327.680757
8560,3000,28338.385836
8512,3000,28349.392385
8480,3000,28360.282805
8656,3000,28371.237983
8354,3000,28381.918271
8314,3000,28392.756718
8354,3000,28403.355369
8504,3000,28414.422292
8502,3000,28425.501423
8448,3000,28436.785583
8474,3000,28447.38616
8700,3000,28458.414572
8530,3000,28469.023715
8736,3000,28479.598535
8746,3000,28490.206116
8522,3000,28500.703131
8424,3000,28511.559846
8382,3000,28537.52432
8322,3000,28548.198581
8596,3000,28558.850312
8786,3000,28569.568897
8760,3000,28580.417532
8472,3000,28591.04528
8632,3000,28601.776613
8202,3000,28612.742821
8106,3000,28623.845493
8620,3000,28634.668094
8812,3000,28645.937737
8394,3000,28657.022553
8544,3000,28667.995483
8660,3000,28679.099394
8476,3000,28690.478927
9048,3000,28701.94852
8430,3000,28712.933167
8504,3000,28724.228781
8648,3000,28735.326501
8894,3000,28746.363976
8806,3000,28757.079313
8508,3000,28767.906544
8042,3000,28778.214748
8868,3000,28789.288622
8452,3000,28799.886604
8328,3000,28810.364802
8352,3000,28820.692249
8438,3000,28831.476476
8658,3000,28842.023708
9008,3000,28853.008512
8388,3000,28863.344165
8454,3000,28873.967755
8468,3000,28884.948301
8414,3000,28895.684451
8508,3000,28906.432845
8592,3000,28917.067796
8912,3000,28928.474303
8362,3000,28940.015694
8372,3000,28951.227643
8532,3000,28961.938016
8692,3000,28972.973872
8190,3000,28983.452277
8868,3000,28994.584482
8784,3000,29005.204164
8560,3000,29015.800637
8290,3000,29026.795091
8486,3000,29037.880056
8268,3000,29048.396214
8844,3000,29059.146465
8518,3000,29069.39965
8674,3000,29080.669765
8548,3000,29091.846016
8300,3000,29102.651269
8484,3000,29113.323374
8876,3000,29124.211931
8634,3000,29134.576412
8564,3000,29144.892953
8682,3000,29155.696375
8474,3000,29166.416977
8524,3000,29177.038312
8666,3000,29187.501585
8478,3000,29198.261329
8712,3000,29208.465853
8504,3000,29219.738741
8816,3000,29230.85206
8628,3000,29241.663258
8464,3000,29253.068248
8610,3000,29280.110495
8502,3000,29290.708627
8296,3000,29301.4841
8178,3000,29312.29623
8474,3000,29323.342114
8442,3000,29334.005999
8644,3000,29344.968566
8332,3000,29355.784333
8380,3000,29366.667441
8492,3000,29377.896861
8322,3000,29389.175058
8714,3000,29399.890061
8306,3000,29410.312753
8526,3000,29420.889653
8418,3000,29431.454336
8466,3000,29442.148939
8106,3000,29452.889005
8412,3000,29463.765251
8360,3000,29474.866539
8520,3000,29485.549907
8426,3000,29496.025346
8234,3000,29506.634053
8354,3000,29517.185455
8436,3000,29527.968267
8866,3000,29538.884669
8246,3000,29549.428857
8568,3000,29560.084473
8424,3000,29570.319711
8680,3000,29581.202481
8274,3000,29591.435304
8432,3000,29601.965515
8170,3000,29613.06488
8692,3000,29623.746552
8726,3000,29635.206552
8356,3000,29646.28741
8692,3000,29657.082287
8562,3000,29668.386398
8614,3000,29679.219453
8588,3000,29689.561443
8750,3000,29700.672869
8912,3000,29712.052073
8610,3000,29722.843157
8624,3000,29733.356426
8590,3000,29744.145783
8440,3000,29754.918618
8658,3000,29765.405685
8190,3000,29775.949554
8932,3000,29786.310318
8516,3000,29796.529938
8140,3000,29807.189725
8348,3000,29817.60388
8418,3000,29828.319191
8482,3000,29839.195537
8714,3000,29850.267758
8372,3000,29860.780603
8940,3000,29871.897659
8590,3000,29882.524844
8174,3000,29893.526185
8578,3000,29904.424244
8256,3000,29915.320509
8598,3000,29925.874673
8642,3000,29937.14884
8524,3000,29947.862082
8478,3000,29959.049219
8432,3000,29970.332162
8524,3000,29981.366765
8560,3000,29992.5104
8518,3000,30018.609763
8192,3000,30029.482725
8686,3000,30040.435573
8180,3000,30050.869788
8604,3000,30061.788214
8372,3000,30072.739142
8218,3000,30083.812222
8452,3000,30094.270104
8432,3000,30105.080528
8552,3000,30115.887988
8796,3000,30126.853541
8594,3000,30137.902288
8502,3000,30148.780072
8430,3000,30159.914237
8528,3000,30170.598166
8838,3000,30182.082872
8422,3000,30192.499831
8074,3000,30202.901679
8732,3000,30213.815547
8878,3000,30224.738695
8462,3000,30235.474841
8462,3000,30246.032032
8570,3000,30256.739663
8524,3000,30268.135782
8402,3000,30279.336969
8368,3000,30290.233674
8652,3000,30301.292677
8836,3000,30311.878204
8492,3000,30323.122132
8134,3000,30333.482742
8462,3000,30344.672753
8358,3000,30355.502894
8582,3000,30366.312979
8242,3000,30376.808966
8550,3000,30387.820578
8370,3000,30397.96282
8412,3000,30408.695193
8384,3000,30419.101878
8590,3000,30430.091767
8230,3000,30441.354378
8758,3000,30452.505882
8604,3000,30463.331627
8488,3000,30474.680754
8622,3000,30485.787393
8388,3000,30496.871894
8624,3000,30507.875331
8454,3000,30518.718531
8498,3000,30529.51928
8656,3000,30540.660969
8468,3000,30551.472838
8660,3000,30562.410247
8570,3000,30572.931869
8690,3000,30583.739879
8290,3000,30594.558825
8344,3000,30605.156063
8632,3000,30615.611837
8560,3000,30626.701106
8834,3000,30638.201891
8706,3000,30649.276262
8764,3000,30659.876738
8828,3000,30670.605831
8384,3000,30681.383487
8510,3000,30692.353334
8322,3000,30702.702359
8550,3000,30713.624515
8386,3000,30724.569421
8380,3000,30751.084092
8750,3000,30761.987907
8676,3000,30772.886249
8182,3000,30783.903824
8460,3000,30795.084993
8504,3000,30805.995493
8498,3000,30816.84907
8436,3000,30827.867975
8422,3000,30839.382339
8786,3000,30850.304244
8432,3000,30861.258499
8708,3000,30872.539271
8358,3000,30883.868968
8182,3000,30894.99575
8718,3000,30906.278707
8308,3000,30917.202456
8986,3000,30928.236614
8664,3000,30939.167458
8462,3000,30950.522256
8862,3000,30961.243475
8466,3000,30972.458602
8626,3000,30983.199102
8812,3000,30994.620583
8264,3000,31005.265419
8736,3000,31015.80968
8434,3000,31026.950217
8350,3000,31037.59367
8354,3000,31048.337755
8786,3000,31059.105537
8406,3000,31070.064095
8360,3000,31080.718968
8386,3000,31091.405658
8410,3000,31102.758252
8348,3000,31113.652924
8874,3000,31124.666723
8840,3000,31135.766499
8466,3000,31146.823645
8476,3000,31157.882385
8344,3000,31168.853109
8410,3000,31179.623459
8282,3000,31190.136827
8584,3000,31201.339916
8284,3000,31212.121999
8510,3000,31223.076656
8470,3000,31233.985924
8694,3000,31245.149211
8684,3000,31255.850817
8670,3000,31266.855312
8326,3000,31278.115096
8462,3000,31289.472659
8588,3000,31300.019951
8946,3000,31310.818349
8426,3000,31322.043727
8404,3000,31332.973581
8834,3000,31343.818599
8482,3000,31354.598405
8690,3000,31365.967357
8700,3000,31376.816689
8794,3000,31388.025488
8244,3000,31398.671192
8256,3000,31409.760377
8600,3000,31420.778502
8492,3000,31431.542645
8600,3000,31442.817701
8852,3000,31453.563849
8430,3000,31464.409411
8926,3000,31475.29207
8372,3000,31501.95341
8652,3000,31512.802569
8740,3000,31523.82619
8480,3000,31534.857445
8920,3000,31545.858017
8654,3000,31557.799391
8486,3000,31568.989161
8602,3000,31580.523703
8680,3000,31591.749429
8666,3000,31602.749269
8608,3000,31613.322657
8302,3000,31624.217906
8442,3000,31635.575642
8600,3000,31646.996424
8788,3000,31658.309366
8402,3000,31669.375139
8690,3000,31680.102914
8578,3000,31691.381619
8616,3000,31702.20881
8430,3000,31712.977277
8674,3000,31724.088867
8760,3000,31734.596104
8432,3000,31745.743413
8390,3000,31756.75253
8600,3000,31767.751532
8604,3000,31778.160308
8412,3000,31788.666234
8460,3000,31799.466618
8668,3000,31810.673554
8790,3000,31821.727579
8308,3000,31832.110898
8668,3000,31843.209522
8672,3000,31854.397338
8310,3000,31865.001836
8278,3000,31875.850077
8850,3000,31886.824986
8380,3000,31897.72843
8610,3000,31908.122762
8674,3000,31918.806945
9064,3000,31929.597176
8586,3000,31940.87818
8418,3000,31952.030041
8412,3000,31962.951769
8556,3000,31973.929563
8688,3000,31984.969963
8886,3000,31995.968697
8504,3000,32007.256387
8860,3000,32018.331494
8616,3000,32029.261722
8384,3000,32040.271929
8452,3000,32051.699342
8476,3000,32062.191931
8494,3000,32073.070655
8710,3000,32084.814756
8940,3000,32096.109548
8388,3000,32106.555812
8426,3000,32117.383736
8842,3000,32128.010421
8438,3000,32138.894455
8440,3000,32149.440455
8410,3000,32160.534028
8902,3000,32171.768737
8634,3000,32182.891557
8574,3000,32193.630118
8828,3000,32204.232414
8786,3000,32215.579913
8428,3000,32226.447896
8596,3000,32254.566006
8264,3000,32264.989685
8732,3000,32275.646109
8930,3000,32286.697314
8592,3000,32297.479036
8206,3000,32308.395659
8820,3000,32319.693819
8644,3000,32330.761738
8760,3000,32341.740328
8442,3000,32352.307513
8134,3000,32363.269157
8658,3000,32374.341262
8390,3000,32385.305919
8682,3000,32396.675806
8906,3000,32408.204173
8776,3000,32419.575856
8848,3000,32431.04215
8400,3000,32441.968265
8680,3000,32453.195091
8778,3000,32463.966007
8946,3000,32475.36686
8558,3000,32486.32244
8550,3000,32497.09771
8614,3000,32507.826573
8934,3000,32518.458031
8450,3000,32529.387413
8660,3000,32539.965287
8864,3000,32551.064567
9066,3000,32562.456764
8412,3000,32574.569983
8638,3000,32585.740384
8666,3000,32596.997195
8316,3000,32608.346439
8676,3000,32619.711655
8680,3000,32630.576866
8772,3000,32641.629628
8752,3000,32652.920593
8460,3000,32664.197814
8566,3000,32674.997625
8538,3000,32685.677456
8932,3000,32696.639423
8632,3000,32707.264838
8662,3000,32718.696194
8482,3000,32729.334376
8582,3000,32740.014715
8700,3000,32750.892509
8732,3000,32762.077692
8620,3000,32773.091581
8328,3000,32783.966317
8620,3000,32795.090692
8866,3000,32806.334169
8644,3000,32817.287768
8796,3000,32829.001603
8494,3000,32840.479183
8762,3000,32852.309834
8658,3000,32863.547374
8938,3000,32874.755003
8820,3000,32886.140014
8492,3000,32897.773378
8770,3000,32909.362295
8732,3000,32919.887542
8682,3000,32930.679736
8326,3000,32941.695699
8704,3000,32952.235081
8310,3000,32963.792236
8484,3000,32974.961405
8420,3000,33003.099096
8392,3000,33014.704213
8696,3000,33025.711315
8956,3000,33037.209894
8790,3000,33048.304437
8392,3000,33059.03575
8600,3000,33070.274305
8636,3000,33080.752091
8406,3000,33091.459575
8426,3000,33102.303839
8656,3000,33113.149921
8664,3000,33124.23647
8570,3000,33135.013605
8768,3000,33146.246094
8482,3000,33157.467524
8588,3000,33168.175633
8872,3000,33179.317985
8672,3000,33190.234094
8294,3000,33201.548982
8746,3000,33212.475352
8594,3000,33222.660993
8582,3000,33233.655845
8754,3000,33244.64852
8872,3000,33255.671396
8824,3000,33266.889139
8526,3000,33278.093988
8626,3000,33289.303388
8802,3000,33300.252677
8958,3000,33311.617179
8598,3000,33322.044423
8626,3000,33333.004209
8688,3000,33344.564489
8504,3000,33355.933041
8564,3000,33367.245494
8524,3000,33377.994195
8654,3000,33388.857735
8518,3000,33400.531605
8594,3000,33412.006152
8560,3000,33422.666342
8604,3000,33433.623066
9028,3000,33444.923963
8642,3000,33456.320257
8328,3000,33467.451951
8690,3000,33479.028192
8414,3000,33490.263168
8070,3000,33500.938882
8402,3000,33512.01133
8648,3000,33523.154442
8196,3000,33534.027883
8574,3000,33545.020782
8892,3000,33555.683131
8532,3000,33566.640331
8822,3000,33577.928943
8604,3000,33588.779083
8594,3000,33599.546047
8614,3000,33610.424789
8822,3000,33621.572031
8456,3000,33633.370828
8570,3000,33644.418817
8844,3000,33655.650627
8290,3000,33667.054632
8680,3000,33677.942294
8492,3000,33689.259787
8622,3000,33700.192109
8600,3000,33711.519322
8998,3000,33722.9517
8536,3000,33733.964563
8474,3000,33762.2239
8752,3000,33773.703144
8636,3000,33785.000299
8608,3000,33796.123906
8300,3000,33807.658515
8594,3000,33819.095903
8750,3000,33830.474852
8722,3000,33842.195693
8522,3000,33853.172565
8366,3000,33864.304184
8788,3000,33875.121444
8562,3000,33886.710093
8708,3000,33897.737263
8620,3000,33908.754364
8416,3000,33919.970402
8788,3000,33931.366212
8494,3000,33942.559822
8316,3000,33953.894633
8620,3000,33965.801446
8520,3000,33977.331708
8676,3000,33988.622956
8288,3000,33999.752532
8430,3000,34011.05608
8418,3000,34022.885417
8364,3000,34034.201585
8358,3000,34045.357671
8414,3000,34056.885746
8386,3000,34068.145408
8644,3000,34079.855973
8428,3000,34091.820209
8082,3000,34103.161057
8118,3000,34114.67713
8392,3000,34125.914186
8482,3000,34137.495941
8364,3000,34149.017689
8286,3000,34160.887063
8052,3000,34172.892509
8592,3000,34184.530411
8486,3000,34196.626431
8134,3000,34208.581987
8446,3000,34220.646538
8220,3000,34231.813948
8194,3000,34243.923967
8416,3000,34255.688908
8002,3000,34267.69497
8232,3000,34279.675165
8472,3000,34291.937533
8160,3000,34304.207805
8404,3000,34316.411495
8216,3000,34328.066801
8152,3000,34340.31953
8316,3000,34352.136173
8380,3000,34364.427274
8226,3000,34376.669739
8250,3000,34388.471735
8158,3000,34400.171335
8172,3000,34412.356967
8306,3000,34425.063438
8190,3000,34436.857089
8084,3000,34449.29511
8076,3000,34460.458866
8344,3000,34472.496309
7958,3000,34484.447937
8244,3000,34496.652437
8746,3000,34508.571548
8398,3000,34521.196917
8426,3000,34532.916864
8154,3000,34563.457998
8272,3000,34575.562329
8116,3000,34587.447263
8422,3000,34600.193702
8444,3000,34613.08791
7990,3000,34625.364756
8400,3000,34637.199447
8304,3000,34648.744312
8422,3000,34661.075951
8502,3000,34673.061316
8284,3000,34685.500737
8576,3000,34698.137118
8430,3000,34709.930156
7994,3000,34722.14336
8198,3000,34734.515272
7978,3000,34746.312018
8282,3000,34758.277001
8666,3000,34770.707181
8640,3000,34782.313836
8472,3000,34794.120925
8394,3000,34806.552824
8894,3000,34818.910157
8288,3000,34831.153218
8076,3000,34843.110677
8302,3000,34854.95813
8564,3000,34867.263748
8074,3000,34879.204772
8142,3000,34891.550735
7980,3000,34903.404427
8312,3000,34915.185507
7824,3000,34927.52035
8092,3000,34940.242304
8718,3000,34952.102796
8288,3000,34964.399824
8158,3000,34976.840426
8004,3000,34988.742083
8512,3000,35000.72681
8300,3000,35012.566658
8426,3000,35024.420382
8372,3000,35037.03143
8226,3000,35049.060767
8300,3000,35060.844971
8078,3000,35073.400605
8282,3000,35085.384264
8296,3000,35097.773894
8132,3000,35110.169603
8546,3000,35122.435821
7770,3000,35134.318757
8242,3000,35145.9145
8418,3000,35157.610449
8112,3000,35169.534722
8098,3000,35181.897072
8306,3000,35194.678445
8056,3000,35206.338267
8090,3000,35218.280241
8242,3000,35230.666625
8508,3000,35242.823235
8136,3000,35254.813438
8534,3000,35267.250085
8304,3000,35279.263976
8370,3000,35290.832224
8454,3000,35303.135693
8116,3000,35315.350643
8616,3000,35327.332034
8110,3000,35339.620202
8344,3000,35351.912453
8382,3000,35382.388933
8022,3000,35394.01405
8290,3000,35406.279913
8440,3000,35418.135499
7880,3000,35430.229819
8102,3000,35443.000406
8146,3000,35455.623062
8200,3000,35468.220633
8130,3000,35480.255244
8638,3000,35492.663099
8412,3000,35504.425265
8514,3000,35517.010651
8070,3000,35529.984664
8136,3000,35542.138824
8346,3000,35554.179325
8196,3000,35566.262633
8550,3000,35578.403021
8420,3000,35590.452409
8042,3000,35602.54201
8366,3000,35614.998903
8074,3000,35626.952838
8160,3000,35639.194287
8466,3000,35651.751847
8240,3000,35663.829835
8520,3000,35676.263282
8200,3000,35689.374161
8410,3000,35702.541065
8542,3000,35715.26955
8154,3000,35727.571093
8496,3000,35740.279107
7988,3000,35752.285086
8416,3000,35764.798699
8422,3000,35777.695658
8686,3000,35789.401741
8448,3000,35802.013687
8228,3000,35814.063072
8024,3000,35826.349081
8654,3000,35839.275273
8168,3000,35851.845091
8514,3000,35864.994407
8462,3000,35877.524634
8282,3000,35890.086644
8072,3000,35901.751343
8212,3000,35913.72068
8234,3000,35926.417812
8324,3000,35938.392671
8304,3000,35950.868817
8290,3000,35963.241455
8592,3000,35975.391666
8168,3000,35987.606981
8532,3000,35999.357444
8216,3000,36011.127062
8320,3000,36023.313148
8192,3000,36036.01292
8380,3000,36047.040906
8378,3000,36059.98368
8064,3000,36072.415127
8336,3000,36084.255303
8678,3000,36096.894882
7922,3000,36109.007653
8236,3000,36120.890986
8092,3000,36132.520132
8272,3000,36144.90205
8140,3000,36157.288245
8148,3000,36169.19745
8284,3000,36181.135283
8390,3000,36193.199364
8434,3000,36223.774198
8358,3000,36236.466681
8416,3000,36248.892959
8368,3000,36260.257409
8286,3000,36271.771109
8120,3000,36283.865572
8488,3000,36296.242208
8456,3000,36308.817235
8124,3000,36320.526061
8212,3000,36332.604783
8568,3000,36344.501212
8072,3000,36356.768556
8548,3000,36370.041686
8194,3000,36382.964342
8598,3000,36396.215369
8394,3000,36409.144718
8492,3000,36421.914821
8122,3000,36433.888152
8432,3000,36445.758797
8256,3000,36457.352655
8394,3000,36469.961526
8314,3000,36481.876752
8250,3000,36493.916172
8636,3000,36506.325519
8330,3000,36519.036396
8418,3000,36531.042538
8192,3000,36542.727913
8340,3000,36555.559703
8520,3000,36567.748394
8382,3000,36579.912488
8388,3000,36592.081311
8220,3000,36604.370984
8564,3000,36616.601568
8280,3000,36629.565432
7980,3000,36641.615259
8588,3000,36653.944957
8136,3000,36665.763147
8204,3000,36677.933554
8178,3000,36690.781892
8466,3000,36703.22904
8312,3000,36715.387241
8534,3000,36727.149715
8206,3000,36739.826196
8476,3000,36752.218031
8156,3000,36764.647552
8396,3000,36776.997895
8464,3000,36790.844092
8212,3000,36802.742919
7864,3000,36814.453328
8060,3000,36826.79052
8560,3000,36838.925329
8410,3000,36851.350217
8210,3000,36862.867806
8812,3000,36875.593743
8004,3000,36887.720979
8588,3000,36900.082252
8586,3000,36912.76291
8246,3000,36925.534561
8606,3000,36938.415813
8522,3000,36950.796773
8136,3000,36963.061387
8322,3000,36975.685958
8378,3000,36987.126419
8272,3000,36999.559787
8474,3000,37012.030568
8168,3000,37023.860234
8484,3000,37036.846681
8404,3000,37067.017611
8290,3000,37080.039428
8644,3000,37091.975927
8218,3000,37104.297241
8136,3000,37116.113575
8544,3000,37127.702613
8384,3000,37139.691518
8296,3000,37152.595795
8520,3000,37164.617588
8440,3000,37176.625755
8234,3000,37188.595143
8668,3000,37201.134166
8318,3000,37213.17994
8164,3000,37225.180826
8218,3000,37237.163101
8262,3000,37249.290115
8358,3000,37260.928178
8282,3000,37272.751931
8280,3000,37284.798436
8170,3000,37296.807235
8470,3000,37310.157858
8254,3000,37322.247245
8710,3000,37334.685913
8420,3000,37346.453583
8768,3000,37358.402863
8266,3000,37370.711679
8264,3000,37382.538545
8424,3000,37395.166319
8438,3000,37407.625331
8268,3000,37419.554488
8608,3000,37432.626616
8706,3000,37444.866476
8416,3000,37458.254029
8340,3000,37471.071729
8602,3000,37483.758827
8282,3000,37496.432003
8532,3000,37508.590769
8504,3000,37521.324532
8430,3000,37533.666937
8208,3000,37545.824601
8342,3000,37557.532184
8508,3000,37570.052475
8476,3000,37582.294801
8458,3000,37593.908426
8436,3000,37605.587047
8570,3000,37618.258378
8538,3000,37630.787172
8274,3000,37642.700222
8464,3000,37654.77793
8620,3000,37666.894051
8538,3000,37678.612916
8226,3000,37689.780187
8348,3000,37701.066766
8464,3000,37712.99153
8436,3000,37724.673561
8490,3000,37736.632083
8516,3000,37748.112469
8536,3000,37759.635916
8172,3000,37771.267065
8352,3000,37783.987153
8428,3000,37795.970506
8516,3000,37809.003188
8554,3000,37821.745403
8462,3000,37834.041766
8346,3000,37846.682818
8336,3000,37858.537378
8410,3000,37888.569177
8350,3000,37901.236383
8684,3000,37913.835303
8312,3000,37926.361221
8504,3000,37938.348773
8412,3000,37950.211275
8616,3000,37962.353025
7980,3000,37973.829575
8284,3000,37986.23149
8378,3000,37998.223114
8550,3000,38010.05145
8594,3000,38021.811682
8506,3000,38034.996573
8454,3000,38046.922014
8650,3000,38059.523703
8144,3000,38071.35587
8454,3000,38083.252709
8130,3000,38094.874946
8552,3000,38106.808247
8382,3000,38119.052625
8626,3000,38130.452582
8254,3000,38141.994272
8632,3000,38153.88374
8860,3000,38166.126494
8228,3000,38178.15912
8326,3000,38190.531558
8748,3000,38202.574897
8480,3000,38214.480971
8172,3000,38226.656555
8400,3000,38238.592287
8866,3000,38251.041588
8290,3000,38262.598597
8284,3000,38274.646889
8542,3000,38286.395886
8572,3000,38298.820684
8546,3000,38310.876331
8476,3000,38322.51604
8224,3000,38334.718068
8558,3000,38346.446586
8368,3000,38358.476092
8448,3000,38370.745076
8278,3000,38383.141355
8546,3000,38395.271193
8338,3000,38407.333992
8152,3000,38419.024943
8262,3000,38430.485436
8598,3000,38442.482657
8532,3000,38454.251859
8132,3000,38466.191608
8344,3000,38478.544106
8240,3000,38491.191355
8496,3000,38502.532129
8502,3000,38514.957175
8546,3000,38527.345826
8372,3000,38539.428859
8642,3000,38552.318485
8858,3000,38564.030736
8590,3000,38575.503734
8714,3000,38587.534411
8322,3000,38599.954798
8686,3000,38612.764448
8570,3000,38624.575593
8534,3000,38636.482294
8430,3000,38648.188843
8538,3000,38660.40848
8702,3000,38672.512601
8620,3000,38684.429246
8264,3000,38714.604962
8340,3000,38726.696347
8460,3000,38738.283579
8872,3000,38750.736934
8570,3000,38763.138677
8632,3000,38775.135779
8660,3000,38787.176011
8464,3000,38799.301836
8648,3000,38810.826421
8380,3000,38822.890608
8648,3000,38834.225218
8830,3000,38846.422198
8628,3000,38858.90311
8564,3000,38870.625912
8640,3000,38882.725091
8560,3000,38895.24415
8396,3000,38906.601493
8758,3000,38918.773127
8600,3000,38931.543022
8644,3000,38943.891675
8434,3000,38955.31434
8622,3000,38967.375425
8602,3000,38979.881376
8598,3000,38992.029277
8458,3000,39004.030239
8456,3000,39015.431001
8552,3000,39027.256208
8296,3000,39039.625746
8394,3000,39052.00665
8466,3000,39064.435093
8584,3000,39076.506548
8412,3000,39088.519934
8728,3000,39100.659813
8486,3000,39113.016004
8432,3000,39125.45594
8692,3000,39137.677279
8250,3000,39149.654393
8516,3000,39161.409086
8552,3000,39173.310074
8508,3000,39185.680217
8762,3000,39197.237375
8250,3000,39208.539907
8720,3000,39220.824381
8502,3000,39232.998672
8436,3000,39244.329261
8584,3000,39255.835677
8640,3000,39268.307197
8456,3000,39280.466947
8278,3000,39292.575877
8484,3000,39304.601298
8320,3000,39316.722715
8442,3000,39328.406944
8614,3000,39340.450366
8972,3000,39352.961514
8386,3000,39364.107327
8370,3000,39376.286275
8770,3000,39388.786108
8540,3000,39400.343494
8046,3000,39412.745848
8716,3000,39424.461998
8788,3000,39435.689738
8622,3000,39447.87865
8436,3000,39459.868403
8680,3000,39471.480069
8532,3000,39483.464471
8408,3000,39495.755914
8630,3000,39507.386272
8444,3000,39536.767187
8528,3000,39549.324459
8490,3000,39561.350511
8614,3000,39574.046456
8426,3000,39585.986238
8900,3000,39597.739302
8396,3000,39609.742999
8474,3000,39621.472012
8418,3000,39633.041744
8700,3000,39645.451514
8970,3000,39657.948798
8368,3000,39670.125521
8224,3000,39682.119523
8518,3000,39693.654891
8628,3000,39705.677501
8736,3000,39717.615977
8456,3000,39729.714907
8396,3000,39741.279499
8246,3000,39753.078413
8542,3000,39764.791519
8086,3000,39776.476397
8996,3000,39788.878968
8622,3000,39800.367825
8390,3000,39811.860678
8752,3000,39825.046452
8336,3000,39836.781005
8606,3000,39848.568633
8518,3000,39860.345581
8666,3000,39872.419922
8324,3000,39884.216426
8364,3000,39895.784485
8562,3000,39907.706592
8460,3000,39919.628606
8486,3000,39932.198575
8380,3000,39943.813415
8676,3000,39955.811607
8356,3000,39968.401003
8410,3000,39980.742703
8158,3000,39992.556286
8620,3000,40005.118867
8424,3000,40016.782202
8436,3000,40028.402822
8632,3000,40040.282995
8338,3000,40053.506001
8466,3000,40065.668962
8608,3000,40078.085179
8410,3000,40090.089517
8800,3000,40102.758382
8632,3000,40114.814462
8896,3000,40127.54499
8304,3000,40139.950754
8654,3000,40151.648007
8430,3000,40164.077532
8716,3000,40176.025673
8438,3000,40188.18259
8804,3000,40201.250937
8284,3000,40212.814602
8310,3000,40224.980984
8262,3000,40236.955146
8226,3000,40248.96913
8286,3000,40260.571947
8396,3000,40272.610185
8430,3000,40284.266078
8644,3000,40296.257452
8842,3000,40308.331021
8510,3000,40320.748376
8668,3000,40350.601939
8762,3000,40363.052396
8464,3000,40375.529759
8456,3000,40387.156937
8124,3000,40398.614752
8860,3000,40410.286489
8508,3000,40421.81067
8320,3000,40433.869087
8530,3000,40446.185613
8484,3000,40457.805776
8680,3000,40469.582332
8512,3000,40482.10412
8242,3000,40493.668766
8780,3000,40505.482416
8340,3000,40517.640812
8688,3000,40529.509168
8556,3000,40541.701753
8824,3000,40553.42358
8412,3000,40564.795239
8742,3000,40576.345817
8782,3000,40588.141868
8276,3000,40599.655263
8726,3000,40611.801668
8618,3000,40623.934113
8494,3000,40635.84235
8282,3000,40647.260932
8718,3000,40658.773265
8498,3000,40670.13476
8512,3000,40682.007375
8446,3000,40694.059215
8626,3000,40705.965583
8914,3000,40717.633512
8312,3000,40729.092694
8826,3000,40741.081166
8500,3000,40753.023317
8508,3000,40764.903464
8484,3000,40776.897179
8648,3000,40788.786067
8770,3000,40800.511695
8772,3000,40812.410602
8788,3000,40824.285072
8768,3000,40836.296749
8606,3000,40847.722412
8644,3000,40859.166717
8828,3000,40871.222767
8310,3000,40883.205969
8438,3000,40895.494637
8278,3000,40907.64308
9030,3000,40920.330801
8700,3000,40932.824868
8588,3000,40945.114455
8752,3000,40957.363546
8522,3000,40969.152348
8400,3000,40981.560168
8578,3000,40993.235064
8556,3000,41004.876299
8398,3000,41016.660813
9012,3000,41028.573531
8550,3000,41040.141055
8602,3000,41051.986499
8480,3000,41063.43387
8654,3000,41075.410138
8404,3000,41087.629115
8818,3000,41099.021365
8686,3000,41111.296336
8662,3000,41122.963295
9054,3000,41134.740877
8688,3000,41164.88298
8370,3000,41176.500574
9062,3000,41188.790083
8424,3000,41200.178137
8498,3000,41212.388574
8936,3000,41224.116635
8398,3000,41235.228231
8650,3000,41246.456838
8804,3000,41258.300843
8642,3000,41270.317075
8490,3000,41282.879294
8796,3000,41294.854259
8686,3000,41306.883018
8508,3000,41319.810636
8538,3000,41332.354967
8492,3000,41344.220275
8874,3000,41355.577783
8802,3000,41367.51645
8326,3000,41379.618581
8420,3000,41390.974157
8810,3000,41403.222039
8806,3000,41414.519617
8646,3000,41426.552394
8478,3000,41438.092525
8654,3000,41450.090791
8360,3000,41461.836308
8540,3000,41473.771896
8454,3000,41485.567351
8856,3000,41497.883169
9050,3000,41509.369594
8552,3000,41521.482617
8352,3000,41533.235083
8928,3000,41544.710262
8370,3000,41556.395211
8904,3000,41568.417935
8368,3000,41579.966411
8128,3000,41591.812977
8780,3000,41603.4245
8862,3000,41615.176401
8354,3000,41627.066474
8750,3000,41639.277426
8890,3000,41651.321735
8460,3000,41663.374225
8664,3000,41675.482788
8900,3000,41687.638992
8774,3000,41699.523231
8586,3000,41711.072649
8884,3000,41723.41695
8318,3000,41734.90035
8694,3000,41746.483579
8510,3000,41758.967194
8860,3000,41770.992981
8624,3000,41783.117004
8564,3000,41794.78385
8390,3000,41806.387199
8348,3000,41818.683611
8722,3000,41830.736974
8392,3000,41842.770439
8760,3000,41854.155775
8772,3000,41865.806598
9072,3000,41877.914906
8758,3000,41889.807252
8672,3000,41901.346633
8922,3000,41913.652109
8528,3000,41925.35007
8660,3000,41937.461948
8542,3000,41949.520385
8642,3000,41979.112944
8948,3000,41991.289434
8728,3000,42003.57898
8786,3000,42015.986233
8544,3000,42028.003337
8930,3000,42040.231169
8226,3000,42052.349431
8628,3000,42064.467657
8562,3000,42076.159284
8942,3000,42088.681118
8394,3000,42099.90953
8638,3000,42111.70594
8700,3000,42123.515611
8472,3000,42135.69638
8610,3000,42146.977407
8764,3000,42158.957184
9106,3000,42171.113311
8580,3000,42183.235159
8346,3000,42194.672071
8648,3000,42206.320704
8832,3000,42217.612537
8280,3000,42229.205834
9276,3000,42241.165471
8736,3000,42253.105814
8548,3000,42265.006414
8408,3000,42276.112142
8386,3000,42287.404203
8696,3000,42299.525488
8570,3000,42311.336522
8558,3000,42322.926894
8442,3000,42334.806809
8264,3000,42346.494044
8862,3000,42358.345992
8666,3000,42370.481591
8720,3000,42382.478136
8564,3000,42393.863295
8444,3000,42405.518832
8932,3000,42417.240135
8316,3000,42429.614326
8610,3000,42441.468298
8504,3000,42453.026752
8870,3000,42464.98569
8440,3000,42476.511312
8764,3000,42488.428929
8884,3000,42500.332536
8696,3000,42512.18836
8694,3000,42523.957608
9026,3000,42536.269715
8560,3000,42548.135615
8868,3000,42560.517434
8664,3000,42572.58623
8822,3000,42584.795885
8402,3000,42596.675398
8530,3000,42608.980662
8938,3000,42620.86099
8642,3000,42633.249768
8928,3000,42645.135488
8320,3000,42656.583474
8612,3000,42668.857576
8614,3000,42680.811148
8904,3000,42693.051862
8684,3000,42704.480064
8460,3000,42716.350649
8532,3000,42728.227397
8406,3000,42739.469574
8724,3000,42751.529059
8472,3000,42781.07228
8354,3000,42792.693608
8914,3000,42804.695046
8450,3000,42816.494049
8920,3000,42828.481535
8660,3000,42839.455447
8704,3000,42851.395289
8670,3000,42863.176994
8696,3000,42874.549296
8664,3000,42886.462021
8454,3000,42898.010062
8760,3000,42909.714158
8412,3000,42921.421397
8818,3000,42933.010015
8462,3000,42944.593647
8660,3000,42956.652368
8624,3000,42968.516242
8528,3000,42980.000339
8902,3000,42991.608783
8798,3000,43003.131438
8560,3000,43014.800727
8584,3000,43026.603636
8652,3000,43038.371664
8964,3000,43050.334314
8840,3000,43062.295382
9080,3000,43074.361703
8464,3000,43086.335237
8494,3000,43098.38749
8914,3000,43110.515259
8640,3000,43122.505051
8480,3000,43134.261526
8830,3000,43145.690921
8692,3000,43157.320705
8902,3000,43169.304451
8364,3000,43180.521745
8314,3000,43192.579428
8630,3000,43204.075763
8822,3000,43215.963722
8576,3000,43227.942469
8568,3000,43239.977353
8442,3000,43251.859626
8756,3000,43263.843044
9006,3000,43275.795793
8526,3000,43287.401924
9098,3000,43299.062033
8578,3000,43310.508718
8664,3000,43322.353724
8728,3000,43334.003231
8354,3000,43345.580919
8538,3000,43357.035567
8994,3000,43369.383869
9150,3000,43381.495369
8878,3000,43393.349909
8552,3000,43404.67563
8932,3000,43416.546618
8638,3000,43428.805267
8884,3000,43440.826763
8598,3000,43452.614342
8530,3000,43463.542785
8624,3000,43475.280376
8798,3000,43487.733863
8664,3000,43499.277336
8556,3000,43511.173348
8824,3000,43522.912773
8988,3000,43534.653556
8878,3000,43546.459934
8846,3000,43557.901879
8988,3000,43587.217509
8542,3000,43598.98391
8586,3000,43610.490644
8894,3000,43622.393682
8632,3000,43633.900318
8616,3000,43645.759063
8790,3000,43657.413515
8242,3000,43669.24606
8968,3000,43681.096648
8930,3000,43692.862175
8600,3000,43704.715316
8550,3000,43716.071385
8976,3000,43727.791898
8812,3000,43739.276329
8832,3000,43751.140425
8774,3000,43762.910141
9050,3000,43774.990809
8586,3000,43786.725725
8750,3000,43797.987648
8492,3000,43809.954683
8544,3000,43821.927972
8638,3000,43833.683632
8698,3000,43845.74987
8598,3000,43857.414893
8658,3000,43869.463497
8648,3000,43881.271694
8898,3000,43893.606154
8772,3000,43905.904835
8746,3000,43918.126006
8624,3000,43930.400219
8702,3000,43942.47827
8460,3000,43954.561977
8630,3000,43966.488723
8436,3000,43978.562895
8446,3000,43990.322816
8750,3000,44001.765898
8818,3000,44013.571949
8682,3000,44024.861499
8608,3000,44036.961154
8950,3000,44048.467617
8726,3000,44060.626729
8532,3000,44072.127433
8446,3000,44084.004739
9004,3000,44095.696889
8666,3000,44107.642781
8556,3000,44119.132366
8778,3000,44131.634292
8582,3000,44142.932329
8458,3000,44154.547844
8878,3000,44166.521262
8816,3000,44178.332299
8688,3000,44190.999461
8584,3000,44203.062577
8654,3000,44215.121093
8504,3000,44226.817284
8808,3000,44238.852293
8536,3000,44250.079637
8458,3000,44262.523711
8934,3000,44274.270522
8810,3000,44286.610392
8854,3000,44298.498131
8798,3000,44309.873928
8548,3000,44321.505676
8872,3000,44333.373672
8854,3000,44344.621492
8960,3000,44356.725463
8880,3000,44368.322292
8746,3000,44397.630791
8704,3000,44408.995157
8676,3000,44420.508263
9002,3000,44432.075886
8450,3000,44443.414221
8976,3000,44455.174682
8956,3000,44467.148592
8560,3000,44478.746999
8830,3000,44490.24419
8364,3000,44501.749825
8522,3000,44513.428048
8712,3000,44524.873833
8820,3000,44536.404822
8506,3000,44548.669762
9040,3000,44559.954536
8730,3000,44571.465899
8678,3000,44582.777084
8842,3000,44594.834647
9304,3000,44606.823968
8598,3000,44618.452109
8622,3000,44630.14671
8574,3000,44641.106955
8542,3000,44653.170461
8594,3000,44664.896981
8780,3000,44677.169749
8780,3000,44689.037799
9148,3000,44700.479667
8496,3000,44711.461847
8750,3000,44723.051715
8768,3000,44734.976594
8726,3000,44746.559035
8806,3000,44757.685398
8486,3000,44769.352354
8876,3000,44781.779412
9094,3000,44793.837305
8452,3000,44805.484611
8452,3000,44817.942934
8844,3000,44830.0422
9210,3000,44842.171239
8772,3000,44854.617333
9032,3000,44866.144508
8872,3000,44877.819881
8570,3000,44889.625903
8534,3000,44901.813704
8648,3000,44914.1452
8514,3000,44926.083659
8838,3000,44937.603492
8660,3000,44949.177986
8742,3000,44960.296973
8650,3000,44972.34724
8736,3000,44984.105108
8618,3000,44995.02992
8754,3000,45006.520096
8470,3000,45017.875064
8540,3000,45029.299674
8846,3000,45040.517301
8796,3000,45051.752611
8974,3000,45063.867314
9010,3000,45075.961742
8642,3000,45087.784996
9222,3000,45099.27172
9158,3000,45111.412781
8762,3000,45122.862755
8816,3000,45134.614186
8930,3000,45146.776406
8756,3000,45158.221537
8892,3000,45187.767026
8804,3000,45199.466693
9034,3000,45211.31953
8696,3000,45224.17297
8816,3000,45235.854637
8660,3000,45247.649097
8692,3000,45258.947934
8786,3000,45270.645811
8556,3000,45282.270492
8978,3000,45294.328511
8840,3000,45306.04451
9128,3000,45318.069309
8724,3000,45330.309767
8670,3000,45341.855816
8726,3000,45354.216082
8432,3000,45366.159932
8898,3000,45378.128379
8510,3000,45390.420495
8724,3000,45402.618182
8726,3000,45414.113376
8498,3000,45425.497338
8370,3000,45437.015269
8798,3000,45448.675265
8306,3000,45460.224608
8676,3000,45472.480503
8524,3000,45484.347394
8588,3000,45495.868272
8922,3000,45507.542476
8914,3000,45519.33585
8600,3000,45530.870948
8824,3000,45542.779615
8818,3000,45554.884397
8720,3000,45566.336306
8846,3000,45577.958685
8746,3000,45590.121925
8912,3000,45601.429289
8670,3000,45613.211751
8868,3000,45625.423107
8678,3000,45637.401311
8418,3000,45648.757282
8834,3000,45659.961491
8660,3000,45671.607469
8650,3000,45683.398466
8744,3000,45694.925561
9270,3000,45706.989538
9008,3000,45718.831336
8628,3000,45730.904859
8666,3000,45742.31794
9186,3000,45754.676694
8292,3000,45766.26118
8834,3000,45777.713333
8916,3000,45789.509414
8536,3000,45800.98794
8492,3000,45812.680712
8920,3000,45823.928277
8774,3000,45835.779462
8686,3000,45847.227995
8908,3000,45858.941773
9046,3000,45870.752932
8928,3000,45882.213467
9102,3000,45894.374982
8784,3000,45906.25731
8628,3000,45917.434073
8556,3000,45929.78138
9144,3000,45941.261968
8786,3000,45953.064797
8438,3000,45964.824324
9012,3000,45994.342002
8356,3000,46005.803652
8558,3000,46017.475188
8800,3000,46029.32337
8932,3000,46041.227761
8728,3000,46052.855772
8708,3000,46064.469916
8938,3000,46076.457289
8270,3000,46088.190145
9024,3000,46099.485648
8688,3000,46111.404847
8810,3000,46123.021129
8700,3000,46135.059142
8908,3000,46146.666531
8970,3000,46158.494079
9028,3000,46171.468876
8774,3000,46182.917594
8822,3000,46194.655623
8702,3000,46206.957622
8620,3000,46218.513296
8442,3000,46230.606465
8510,3000,46242.593647
8510,3000,46254.213454
8720,3000,46266.352715
8926,3000,46278.267994
8464,3000,46289.630599
8646,3000,46301.159744
9208,3000,46312.665697
8350,3000,46324.116732
8676,3000,46336.171752
8456,3000,46347.304865
8936,3000,46358.837138
8612,3000,46370.628628
9162,3000,46382.861139
8838,3000,46394.916671
8700,3000,46406.104979
9154,3000,46418.047757
8928,3000,46429.982962
9410,3000,46442.418853
8784,3000,46454.143785
8798,3000,46465.721504
8904,3000,46477.57811
8676,3000,46488.543962
8612,3000,46499.902733
8740,3000,46511.926285
8712,3000,46524.050797
9012,3000,46535.249894
8498,3000,46546.736283
8680,3000,46558.603598
8820,3000,46570.195131
8804,3000,46581.865204
8882,3000,46594.481084
8944,3000,46606.152763
9020,3000,46617.692547
8556,3000,46629.509043
8946,3000,46640.981472
8578,3000,46652.685667
8596,3000,46664.115985
8900,3000,46676.03429
8390,3000,46687.785485
8828,3000,46700.201228
8970,3000,46711.908084
8886,3000,46723.263581
8600,3000,46734.92884
8942,3000,46746.696063
8586,3000,46758.347726
8984,3000,46770.060675
8584,3000,46799.623662
8922,3000,46811.714353
8800,3000,46822.982488
8788,3000,46834.522352
8530,3000,46845.451703
8994,3000,46857.009283
8774,3000,46868.911759
8850,3000,46880.669153
8632,3000,46892.645244
9144,3000,46904.951174
8712,3000,46916.480624
8766,3000,46928.542206
8712,3000,46940.08305
9074,3000,46952.525168
8690,3000,46963.698516
8906,3000,46975.12751
9088,3000,46987.101871
8908,3000,46999.309631
8714,3000,47011.225906
8676,3000,47023.192687
8968,3000,47035.33258
8360,3000,47046.674919
8826,3000,47058.131901
8730,3000,47069.930203
8640,3000,47081.415557
8886,3000,47093.10857
8536,3000,47105.159897
8990,3000,47116.870718
8748,3000,47128.554856
8784,3000,47140.298423
8910,3000,47151.923886
8954,3000,47163.276584
8692,3000,47175.068797
8672,3000,47187.208406
8652,3000,47198.641219
8802,3000,47210.779704
8894,3000,47222.677624
8574,3000,47234.118103
8496,3000,47246.054965
8760,3000,47257.67228
8544,3000,47268.95671
8716,3000,47280.161476
8550,3000,47292.025524
8836,3000,47303.700017
8720,3000,47316.012619
8584,3000,47327.583738
8756,3000,47339.187741
8848,3000,47350.909674
8922,3000,47363.076599
8490,3000,47375.271683
8592,3000,47387.016777
8752,3000,47398.185328
8500,3000,47409.797537
8386,3000,47421.215836
8726,3000,47432.854728
8660,3000,47444.669449
8738,3000,47456.268184
8584,3000,47467.336138
8998,3000,47479.001471
8786,3000,47490.660749
8776,3000,47503.101564
8856,3000,47514.652353
8658,3000,47526.396495
9246,3000,47538.107234
8882,3000,47550.265456
8856,3000,47561.74167
9098,3000,47591.494278
8956,3000,47602.81611
8756,3000,47614.304198
8552,3000,47625.840425
8612,3000,47637.876181
8898,3000,47649.690351
8766,3000,47661.136993
8488,3000,47673.310803
8572,3000,47685.517833
8794,3000,47697.548712
8680,3000,47709.639695
8838,3000,47721.888726
8804,3000,47734.001266
8730,3000,47745.593627
8656,3000,47757.400884
8686,3000,47769.453321
8582,3000,47781.15486
9006,3000,47792.627737
8796,3000,47804.657477
8906,3000,47816.501354
8646,3000,47828.055046
8904,3000,47839.233057
8200,3000,47850.521779
8722,3000,47862.24892
8978,3000,47873.916142
8704,3000,47885.700508
8700,3000,47897.107605
8814,3000,47908.802669
8852,3000,47920.313356
8956,3000,47931.664418
8920,3000,47944.119234
8610,3000,47955.146143
8720,3000,47966.816537
8828,3000,47978.752756
8750,3000,47990.591987
9192,3000,48002.414099
8434,3000,48014.444608
8528,3000,48026.563231
8920,3000,48038.277608
8374,3000,48049.868011
8606,3000,48062.022652
8570,3000,48073.665974
8574,3000,48085.348179
9070,3000,48097.466567
8522,3000,48109.090753
9166,3000,48120.876973
8302,3000,48132.696292
8580,3000,48144.226604
9040,3000,48156.052349
8920,3000,48167.862168
8766,3000,48179.395808
8970,3000,48191.041021
8586,3000,48202.871649
8826,3000,48215.073516
8956,3000,48226.852461
8584,3000,48238.207041
8804,3000,48250.006663
9262,3000,48261.678542
8702,3000,48273.783521
8634,3000,48285.409836
8300,3000,48296.567437
8682,3000,48308.155838
8466,3000,48319.518618
8650,3000,48331.127617
8810,3000,48343.124994
8572,3000,48355.243396
8920,3000,48367.19855
8916,3000,48397.176013
8678,3000,48408.92286
9064,3000,48420.662261
8748,3000,48432.783905
8812,3000,48444.977552
8718,3000,48456.641
8736,3000,48469.109273
8674,3000,48481.116438
8742,3000,48493.380619
9062,3000,48505.211721
8678,3000,48516.812157
8830,3000,48528.389479
9002,3000,48540.363695
8618,3000,48551.86104
8756,3000,48563.04882
8786,3000,48574.799599
8934,3000,48586.510068
8656,3000,48597.44811
8704,3000,48609.652742
8702,3000,48620.89716
9072,3000,48632.418682
8698,3000,48644.039879
8848,3000,48655.854984
8558,3000,48667.630694
9162,3000,48679.710842
8830,3000,48691.87494
8780,3000,48703.911195
8844,3000,48715.838826
8720,3000,48727.774627
8986,3000,48739.693248
8708,3000,48751.470181
8764,3000,48762.965725
8702,3000,48774.70703
8724,3000,48786.222716
8810,3000,48797.933109
8796,3000,48810.043567
8920,3000,48822.151306
8910,3000,48834.714044
8700,3000,48846.283872
8736,3000,48858.777693
8872,3000,48870.709248
8944,3000,48882.714299
8930,3000,48894.369324
8726,3000,48906.175624
8896,3000,48917.167138
8824,3000,48928.808775
8998,3000,48940.156546
8944,3000,48952.134671
8778,3000,48964.55182
8662,3000,48976.460503
8720,3000,48988.425132
8796,3000,49000.209745
9174,3000,49012.346425
9142,3000,49024.025572
8884,3000,49035.754719
8834,3000,49047.070623
8992,3000,49058.629687
8484,3000,49070.402871
8688,3000,49082.630653
9164,3000,49094.170174
8616,3000,49105.600593
8912,3000,49117.291614
8866,3000,49129.37549
9046,3000,49141.047262
8938,3000,49153.293837
8752,3000,49164.655123
8354,3000,49176.057165
8830,3000,49205.666204
8834,3000,49218.157792
8564,3000,49229.628583
9022,3000,49240.971985
8952,3000,49252.964465
8618,3000,49264.968074
8740,3000,49276.11542
8460,3000,49287.935648
8802,3000,49300.092308
8656,3000,49312.219234
8852,3000,49323.925129
8568,3000,49335.899998
8906,3000,49348.007655
8680,3000,49359.391241
8780,3000,49371.383486
8758,3000,49383.085153
8622,3000,49394.20576
8792,3000,49405.530176
8656,3000,49417.038316
9026,3000,49428.937036
8998,3000,49440.96069
8568,3000,49452.705367
8962,3000,49464.388074
8780,3000,49475.731178
8826,3000,49487.079386
8794,3000,49498.947623
8990,3000,49511.052615
8644,3000,49522.413541
9122,3000,49534.443879
8528,3000,49545.848271
8674,3000,49558.313054
8844,3000,49570.054293
8738,3000,49581.815749
8826,3000,49593.457967
8914,3000,49605.959388
8722,3000,49617.651878
8678,3000,49629.19483
8844,3000,49641.015317
8602,3000,49652.679084
8750,3000,49664.130378
8410,3000,49675.443449
8972,3000,49687.976762
8680,3000,49699.345138
8748,3000,49710.683057
8368,3000,49723.065226
8684,3000,49735.516383
8844,3000,49746.871669
8796,3000,49758.731589
8908,3000,49769.81584
9056,3000,49781.498673
8832,3000,49793.007142
8794,3000,49805.326998
8746,3000,49817.276212
9038,3000,49829.081163
9008,3000,49840.72188
8924,3000,49852.53883
8454,3000,49864.368194
8696,3000,49875.913094
8944,3000,49888.017187
8992,3000,49899.684714
9010,3000,49911.240064
8940,3000,49923.200199
9160,3000,49935.715481
8910,3000,49947.277077
8790,3000,49959.514715
8728,3000,49971.128077
8930,3000,50000.328027
9068,3000,50012.774188
8802,3000,50024.811188
8778,3000,50036.479614
8806,3000,50048.063475
8400,3000,50059.193714
8766,3000,50071.092691
8892,3000,50083.367269
8506,3000,50094.777167
9006,3000,50106.196735
8652,3000,50117.742359
8832,3000,50128.927959
9036,3000,50140.601936
8500,3000,50152.128672
8900,3000,50163.467365
8208,3000,50174.651947
9104,3000,50186.628426
8694,3000,50197.87458
8940,3000,50209.713761
8788,3000,50221.172309
8564,3000,50233.23971
8396,3000,50244.582675
8904,3000,50256.074276
8732,3000,50267.690216
8550,3000,50279.406972
8700,3000,50291.364854
9180,3000,50303.752865
8746,3000,50315.585726
9000,3000,50327.406053
9106,3000,50339.335452
9002,3000,50351.493017
8790,3000,50363.011833
8830,3000,50374.645887
8618,3000,50385.893913
8864,3000,50398.582717
8528,3000,50410.642189
8744,3000,50422.648625
8558,3000,50433.91572
8508,3000,50445.936422
8758,3000,50457.58924
8774,3000,50469.168135
8762,3000,50480.360429
8842,3000,50492.141385
8882,3000,50504.216365
8938,3000,50515.47768
8698,3000,50527.084376
8662,3000,50538.323242
8686,3000,50549.702184
8938,3000,50561.427522
9024,3000,50573.286345
8416,3000,50584.846949
8922,3000,50596.535076
9016,3000,50608.364611
8844,3000,50620.242915
8658,3000,50630.955946
9104,3000,50642.766786
8784,3000,50654.147553
8654,3000,50665.990029
8644,3000,50677.490844
8424,3000,50689.072502
8816,3000,50700.535986
8574,3000,50712.090674
8476,3000,50723.484598
8632,3000,50734.753201
8658,3000,50746.402675
8244,3000,50757.87591
8532,3000,50769.617745
8856,3000,50798.850338
8608,3000,50810.639259
8614,3000,50821.802921
8656,3000,50833.466927
8408,3000,50844.295214
8638,3000,50855.981523
9204,3000,50867.468142
8580,3000,50878.48513
8820,3000,50889.856284
8644,3000,50901.433541
8832,3000,50913.047754
8624,3000,50924.49985
8460,3000,50935.533024
8946,3000,50947.169714
8842,3000,50958.259438
8784,3000,50970.17004
8678,3000,50981.724096
9030,3000,50993.573452
9004,3000,51005.061169
8776,3000,51016.529681
8832,3000,51028.190235
8492,3000,51039.498392
9294,3000,51050.86866
8668,3000,51062.354881
9006,3000,51073.702405
8712,3000,51085.294118
8876,3000,51096.870693
8438,3000,51107.976691
8712,3000,51120.016457
8808,3000,51131.463709
8834,3000,51143.00797
9014,3000,51154.538785
8764,3000,51165.967474
8626,3000,51177.931224
8854,3000,51189.517515
8658,3000,51200.768314
8978,3000,51212.700569
8460,3000,51224.285079
8756,3000,51235.819809
8314,3000,51247.548251
8416,3000,51259.764808
8510,3000,51271.225116
8774,3000,51282.841726
8830,3000,51294.345764
8710,3000,51306.623537
8734,3000,51317.944445
8908,3000,51329.35852
8690,3000,51340.593377
8888,3000,51352.616971
8502,3000,51363.793941
9136,3000,51375.344112
8660,3000,51386.939171
8856,3000,51398.975701
8758,3000,51410.289498
9000,3000,51421.920834
8918,3000,51433.285419
8958,3000,51444.481036
8688,3000,51456.440348
8972,3000,51467.619112
8856,3000,51479.047287
9092,3000,51490.924097
8568,3000,51502.265051
8600,3000,51513.607285
8564,3000,51525.473654
8672,3000,51537.408548
8648,3000,51549.476392
8878,3000,51560.741554
8676,3000,51589.84986
8574,3000,51601.70311
8758,3000,51613.836488
8634,3000,51625.424647
8840,3000,51636.460776
9016,3000,51648.008896
8958,3000,51659.449978
8596,3000,51671.003681
8858,3000,51682.975865
8804,3000,51694.624138
8802,3000,51706.511856
8916,3000,51718.031158
8648,3000,51728.846905
8580,3000,51740.329694
8460,3000,51751.620721
8704,3000,51763.232828
8984,3000,51775.008657
8854,3000,51786.903517
9016,3000,51798.171275
8640,3000,51809.13772
8504,3000,51821.146548
8822,3000,51832.513357
8706,3000,51843.950238
8924,3000,51855.123005
8542,3000,51866.418681
8604,3000,51877.858303
8704,3000,51889.471874
8392,3000,51901.206636
8482,3000,51912.884367
9056,3000,51924.821585
8860,3000,51936.470551
9058,3000,51948.404623
9034,3000,51960.023687
8724,3000,51972.105808
8990,3000,51983.637064
9122,3000,51995.463006
8818,3000,52007.181867
8744,3000,52019.097108
8538,3000,52031.006977
9108,3000,52043.253303
8552,3000,52055.054997
8964,3000,52066.625215
8996,3000,52078.117512
8778,3000,52090.006467
8620,3000,52102.186872
8888,3000,52114.322262
8636,3000,52125.681457
8570,3000,52137.235671
8682,3000,52148.468179
9056,3000,52160.612623
8552,3000,52172.18994
8570,3000,52183.510108
8984,3000,52195.222339
8852,3000,52207.92725
8532,3000,52219.3593
8702,3000,52231.017485
9052,3000,52243.325862
8776,3000,52255.137397
9062,3000,52267.025174
8856,3000,52278.843665
8682,3000,52290.683729
8838,3000,52302.254406
8490,3000,52313.760213
8586,3000,52325.480046
8850,3000,52337.233127
8852,3000,52349.108301
8716,3000,52378.507942
8568,3000,52389.957433
8960,3000,52401.157039
8884,3000,52412.655853
8674,3000,52424.410773
8608,3000,52436.328052
8824,3000,52447.733179
8672,3000,52458.788464
8848,3000,52470.074614
8632,3000,52481.54541
8650,3000,52492.938143
8628,3000,52504.92937
8764,3000,52516.440188
8596,3000,52528.00208
8466,3000,52539.551098
8740,3000,52551.006633
8718,3000,52562.535529
8694,3000,52574.536516
8834,3000,52586.311925
8928,3000,52598.171134
8726,3000,52610.115427
9066,3000,52622.25087
8570,3000,52633.928207
8820,3000,52645.784333
8852,3000,52657.258829
8374,3000,52668.787417
8892,3000,52680.85847
8558,3000,52693.103665
8674,3000,52705.139786
8654,3000,52717.093858
8982,3000,52728.795021
8726,3000,52740.572663
8620,3000,52752.566445
8924,3000,52764.164598
9168,3000,52775.617866
8950,3000,52787.246001
8516,3000,52798.747325
8648,3000,52810.46772
8410,3000,52821.678439
8682,3000,52833.090524
8526,3000,52844.930217
8872,3000,52856.522788
9078,3000,52868.442616
8670,3000,52879.852437
8704,3000,52891.200207
8738,3000,52903.093034
8528,3000,52915.021103
9022,3000,52926.050697
8716,3000,52937.433147
8466,3000,52948.464153
8876,3000,52960.17603
8724,3000,52971.960125
9174,3000,52984.415383
8980,3000,52996.138005
8552,3000,53007.890931
8708,3000,53019.586134
8482,3000,53030.973784
8668,3000,53042.391108
9014,3000,53054.553857
8938,3000,53066.599001
8502,3000,53078.461964
8832,3000,53090.11387
8726,3000,53101.942487
8488,3000,53113.122719
9100,3000,53125.212229
8788,3000,53137.446212
8776,3000,53149.523741
8774,3000,53178.874636
8636,3000,53190.942708
8848,3000,53202.235993
8808,3000,53214.184311
9036,3000,53225.940479
8488,3000,53236.923577
8366,3000,53248.289584
8604,3000,53259.310814
9100,3000,53271.066895
8874,3000,53282.71352
8792,3000,53294.378698
8750,3000,53306.215595
8888,3000,53317.998999
8700,3000,53329.827409
8828,3000,53341.115998
8434,3000,53352.18171
8804,3000,53364.138061
8494,3000,53375.321475
8534,3000,53386.420632
9272,3000,53398.264903
8852,3000,53409.888162
8960,3000,53421.879881
8956,3000,53433.292228
8564,3000,53444.76714
8754,3000,53456.547874
8708,3000,53468.470133
8434,3000,53479.886698
8642,3000,53491.24251
8762,3000,53503.096695
8586,3000,53514.540031
8528,3000,53525.793393
8970,3000,53537.389751
8596,3000,53548.717474
8806,3000,53560.119565
8932,3000,53571.880058
8604,3000,53583.340894
8882,3000,53595.03423
8610,3000,53606.72022
8880,3000,53618.63789
8612,3000,53630.360944
8856,3000,53641.872762
8984,3000,53653.460469
8600,3000,53665.367472
8810,3000,53677.026284
8980,3000,53688.194267
8438,3000,53699.68089
9056,3000,53711.728884
8898,3000,53723.729997
8550,3000,53735.440535
9200,3000,53747.019268
9052,3000,53758.40224
8946,3000,53769.807404
9076,3000,53782.408472
8470,3000,53794.36005
9286,3000,53806.233326
8456,3000,53817.890749
8768,3000,53830.163895
8832,3000,53841.942564
8948,3000,53854.111313
8972,3000,53866.606963
8800,3000,53879.051576
8576,3000,53890.777028
8570,3000,53902.663043
8892,3000,53915.158768
8802,3000,53926.985574
8468,3000,53938.316779
8984,3000,53950.459174
8614,3000,53980.979595
8322,3000,53993.203995
8918,3000,54007.958855
8786,3000,54018.075677
8822,3000,54027.621702
8810,3000,54037.503816
8556,3000,54047.276844
8792,3000,54056.711158
8284,3000,54066.103493
8366,3000,54075.669415
8526,3000,54085.360072
9160,3000,54094.802727
8994,3000,54104.692944
8426,3000,54114.249288
8670,3000,54123.590182
8614,3000,54133.154373
8612,3000,54142.364078
8826,3000,54151.796333
8524,3000,54161.110167
8634,3000,54170.528711
8858,3000,54180.94103
8738,3000,54190.634516
8662,3000,54200.508544
8654,3000,54210.23961
8536,3000,54219.38509
8716,3000,54229.222544
8480,3000,54238.687207
8592,3000,54248.41797
8688,3000,54257.942284
8660,3000,54267.951746
9094,3000,54278.532133
8792,3000,54287.750621
8598,3000,54297.523427
8694,3000,54307.24948
8970,3000,54316.864358
9256,3000,54326.362013
8620,3000,54335.763695
8838,3000,54345.431366
8670,3000,54355.277959
8802,3000,54365.266162
8928,3000,54375.401638
8630,3000,54384.949003
8802,3000,54394.415669
8602,3000,54403.743107
8742,3000,54413.466045
9228,3000,54422.767599
9166,3000,54432.648185
8406,3000,54441.912323
8888,3000,54451.489212
8464,3000,54461.183562
8542,3000,54470.723686
8910,3000,54480.047315
8574,3000,54489.517736
8712,3000,54499.292434
8700,3000,54508.852613
8638,3000,54518.569028
8762,3000,54528.568041
8752,3000,54538.523954
8506,3000,54548.016874
9032,3000,54558.385205
8604,3000,54568.051451
8528,3000,54577.9376
8676,3000,54587.997563
9332,3000,54597.845008
8508,3000,54607.692577
8728,3000,54617.512279
8498,3000,54642.347067
8612,3000,54652.120024
8490,3000,54661.962098
8794,3000,54671.551041
8216,3000,54681.003324
8568,3000,54690.27417
8718,3000,54700.086252
8826,3000,54710.243465
8808,3000,54719.450019
8662,3000,54728.672468
8708,3000,54738.192293
8818,3000,54747.610255
8754,3000,54757.03669
9026,3000,54766.624187
8390,3000,54776.495264
8822,3000,54786.353075
8656,3000,54796.078204
8852,3000,54806.254644
8760,3000,54815.734688
8546,3000,54825.461612
8814,3000,54835.085581
8886,3000,54845.010654
8444,3000,54855.584511
8254,3000,54865.046267
8874,3000,54874.778823
8760,3000,54884.62173
8648,3000,54894.697152
8340,3000,54904.596757
8640,3000,54914.543236
9000,3000,54924.587523
8750,3000,54934.283046
8612,3000,54944.03704
8678,3000,54953.908001
9040,3000,54963.702171
8922,3000,54973.75586
8548,3000,54983.49057
8654,3000,54993.3973
8960,3000,55003.111062
8986,3000,55013.031165
8482,3000,55023.605947
8778,3000,55033.852167
8966,3000,55043.758286
8536,3000,55053.158872
8696,3000,55062.745179
8934,3000,55072.425768
9284,3000,55082.190737
8628,3000,55091.668438
8514,3000,55101.4749
8654,3000,55111.323095
8414,3000,55120.907169
8760,3000,55130.063872
8992,3000,55140.208492
9022,3000,55149.914012
8708,3000,55159.378062
8450,3000,55168.8235
8872,3000,55178.338128
8538,3000,55188.475584
9014,3000,55197.362855
8814,3000,55206.678712
8808,3000,55216.410961
9354,3000,55226.733673
8958,3000,55236.829482
8434,3000,55246.291533
8712,3000,55256.432409
8762,3000,55265.793029
8826,3000,55275.380399
8562,3000,55285.065802
8514,3000,55309.544575
8862,3000,55319.66474
8408,3000,55329.529952
8776,3000,55339.243586
8572,3000,55348.763083
8584,3000,55358.520144
8902,3000,55368.051279
8700,3000,55378.491419
8548,3000,55388.320287
8694,3000,55397.926103
8460,3000,55408.532125
8976,3000,55418.496994
8822,3000,55428.215927
8630,3000,55437.600059
8534,3000,55446.882304
8920,3000,55456.279031
8968,3000,55466.219726
8884,3000,55476.153651
8436,3000,55485.715946
8884,3000,55495.285238
8694,3000,55504.755491
8624,3000,55514.652948
8498,3000,55524.351785
8940,3000,55534.350556
8522,3000,55543.623835
9222,3000,55553.623805
8654,3000,55563.300289
8682,3000,55573.544306
8572,3000,55583.330375
8888,3000,55592.916791
9090,3000,55603.010939
8260,3000,55612.450673
8606,3000,55622.126902
8482,3000,55631.531549
8550,3000,55640.547755
8734,3000,55650.132514
8926,3000,55660.109778
8654,3000,55670.047047
8982,3000,55679.894866
9004,3000,55689.892543
8702,3000,55699.503874
8900,3000,55709.645661
8826,3000,55719.651879
8406,3000,55729.128942
8698,3000,55738.501422
8552,3000,55748.342112
8448,3000,55757.566614
8846,3000,55767.155037
8994,3000,55777.027633
9154,3000,55786.591544
8342,3000,55796.35973
8328,3000,55805.751301
8568,3000,55816.395337
8466,3000,55826.279901
8518,3000,55836.198154
8332,3000,55845.821607
8892,3000,55855.862431
8316,3000,55866.231141
8998,3000,55875.976109
8916,3000,55885.81381
9232,3000,55895.88172
8920,3000,55905.82245
8754,3000,55915.508435
8716,3000,55924.991863
8650,3000,55934.451047
8628,3000,55943.777953
8656,3000,55953.206352
9078,3000,55977.309939
8718,3000,55986.931537
8868,3000,55996.587237
8894,3000,56006.091862
8716,3000,56015.719748
8890,3000,56025.486628
8686,3000,56035.217925
8950,3000,56045.197558
8628,3000,56054.961508
8914,3000,56064.663338
9192,3000,56074.703477
8626,3000,56083.892947
8656,3000,56092.9168
8796,3000,56102.549234
8392,3000,56111.893647
8986,3000,56121.791707
8618,3000,56131.526203
8466,3000,56141.213271
8636,3000,56150.410048
8636,3000,56160.541446
8694,3000,56170.286873
8804,3000,56179.656235
8482,3000,56189.074982
8776,3000,56198.716844
8860,3000,56208.789887
8674,3000,56218.171529
8426,3000,56228.32094
8830,3000,56237.709272
8972,3000,56247.902484
8722,3000,56257.373538
8664,3000,56267.002925
8550,3000,56276.330729
8814,3000,56286.331737
8998,3000,56295.976024
8582,3000,56305.612221
8576,3000,56315.213811
8746,3000,56325.096845
8854,3000,56334.879393
8608,3000,56344.535416
8566,3000,56354.404665
8662,3000,56363.77957
8588,3000,56373.475229
9000,3000,56383.686625
8498,3000,56393.291898
8606,3000,56402.722671
8710,3000,56412.391635
8854,3000,56422.186016
8550,3000,56431.724285
8720,3000,56441.333032
8770,3000,56450.737324
8724,3000,56460.444627
8456,3000,56470.200392
8568,3000,56479.826634
8866,3000,56489.848003
8542,3000,56499.2675
8702,3000,56508.753122
8344,3000,56518.468395
8770,3000,56527.823291
8902,3000,56537.293241
8578,3000,56547.042056
8488,3000,56556.262618
8764,3000,56566.291
8786,3000,56575.838746
8764,3000,56585.480678
8786,3000,56595.242375
8436,3000,56604.411781
8694,3000,56629.564511
9024,3000,56639.244019
8810,3000,56649.180907
8586,3000,56658.687642
8580,3000,56668.752239
8740,3000,56678.650115
8404,3000,56687.895105
8448,3000,56697.363491
8416,3000,56706.751251
8590,3000,56716.878604
8814,3000,56726.122738
8652,3000,56735.570362
8440,3000,56745.100042
8714,3000,56755.747563
8796,3000,56765.501583
8830,3000,56774.941055
8720,3000,56784.802328
8570,3000,56794.299901
8524,3000,56803.88146
8680,3000,56813.576203
8294,3000,56822.776417
8812,3000,56832.338755
8732,3000,56842.283809
9064,3000,56852.310793
8748,3000,56861.818912
8786,3000,56871.066382
8748,3000,56880.838424
8814,3000,56890.486591
8702,3000,56900.640312
8510,3000,56910.299319
9028,3000,56920.18039
8532,3000,56929.947722
8776,3000,56939.446313
8656,3000,56948.75063
8852,3000,56958.194971
8870,3000,56967.764664
8878,3000,56977.376357
8854,3000,56987.150275
8474,3000,56997.536029
8716,3000,57007.127819
8676,3000,57016.792958
8274,3000,57026.455114
8834,3000,57036.006047
8854,3000,57046.046524
8754,3000,57055.474296
8568,3000,57065.180711
8918,3000,57074.78714
8794,3000,57084.437567
9128,3000,57094.270226
8640,3000,57103.757254
8214,3000,57113.442459
8634,3000,57123.189826
8606,3000,57132.594581
8482,3000,57142.426362
8452,3000,57152.249668
8178,3000,57162.119866
8758,3000,57171.242367
8642,3000,57180.934086
8728,3000,57190.146901
8690,3000,57199.805867
8618,3000,57209.492532
8544,3000,57218.967441
8724,3000,57228.608695
8776,3000,57238.372503
8576,3000,57248.072413
8736,3000,57257.653796
8686,3000,57267.72175
8722,3000,57292.898442
8678,3000,57302.939289
9020,3000,57312.526143
8440,3000,57322.18573
8506,3000,57331.816092
8606,3000,57341.064154
8602,3000,57350.690649
8508,3000,57360.636352
8446,3000,57370.765757
8558,3000,57380.674126
8602,3000,57390.914446
8802,3000,57400.816189
8850,3000,57410.794827
8776,3000,57420.787316
8620,3000,57430.388291
8874,3000,57440.145377
8574,3000,57449.843737
8888,3000,57459.89176
8774,3000,57469.531609
8658,3000,57479.475016
8428,3000,57489.392535
8974,3000,57498.902229
8320,3000,57508.479961
8834,3000,57518.263747
8450,3000,57527.798648
8668,3000,57537.935093
8902,3000,57548.13657
8678,3000,57557.898211
9080,3000,57567.764174
8502,3000,57577.746645
8966,3000,57587.865543
8614,3000,57598.070646
8726,3000,57608.068936
8522,3000,57617.612037
8168,3000,57627.107253
8690,3000,57636.590749
8424,3000,57645.889211
8698,3000,57655.736759
8610,3000,57665.0294
8532,3000,57674.888753
8408,3000,57683.811906
8810,3000,57693.705007
8960,3000,57703.569612
8904,3000,57714.491061
8522,3000,57724.094937
8706,3000,57733.718149
8972,3000,57742.998416
8518,3000,57752.366923
8734,3000,57761.569576
8746,3000,57771.41632
8602,3000,57780.950327
8680,3000,57791.01747
8786,3000,57800.622031
8666,3000,57810.68402
8314,3000,57819.96753
8600,3000,57829.203714
8432,3000,57838.961442
8494,3000,57848.593723
8528,3000,57859.245625
8950,3000,57869.20365
8494,3000,57878.372212
8694,3000,57888.709806
8776,3000,57898.453394
8498,3000,57908.343735
8704,3000,57918.205964
8852,3000,57927.701807
9062,3000,57938.117504
8474,3000,57962.44933
8772,3000,57972.214588
8524,3000,57981.619689
8606,3000,57991.492606
8546,3000,58001.111711
8412,3000,58010.259944
8606,3000,58019.735282
8596,3000,58029.419118
8436,3000,58039.453834
8544,3000,58049.792072
8878,3000,58059.695753
8556,3000,58069.253376
8590,3000,58078.235942
8416,3000,58087.935002
8766,3000,58097.994199
8542,3000,58108.18009
8578,3000,58118.195603
8686,3000,58127.540429
8580,3000,58137.504955
8680,3000,58147.543334
8572,3000,58157.091479
8532,3000,58166.241714
8800,3000,58176.026424
8778,3000,58185.841077
8326,3000,58195.378905
8226,3000,58205.185939
8632,3000,58215.032557
8760,3000,58224.283501
8660,3000,58234.282141
8816,3000,58243.997941
8916,3000,58254.097327
8798,3000,58263.741969
8704,3000,58273.505959
8762,3000,58283.583911
9168,3000,58293.481619
8742,3000,58303.349277
8824,3000,58312.953506
8974,3000,58322.799723
8672,3000,58332.312681
8606,3000,58341.841035
8514,3000,58351.306707
8750,3000,58360.478293
9064,3000,58370.304085
8620,3000,58379.949153
8850,3000,58390.272351
8912,3000,58400.082881
8674,3000,58410.162096
8560,3000,58419.488754
8674,3000,58429.197738
8682,3000,58438.936682
8478,3000,58448.136784
8620,3000,58457.841659
8716,3000,58467.253635
8752,3000,58476.351522
8648,3000,58485.687012
8704,3000,58495.680188
8688,3000,58505.128228
8546,3000,58514.528307
8922,3000,58524.116549
8758,3000,58534.47442
8630,3000,58544.328691
8682,3000,58553.721482
8956,3000,58563.248471
8628,3000,58572.958758
8508,3000,58582.912296
8806,3000,58592.298968
8772,3000,58616.888974
8338,3000,58626.262092
8796,3000,58636.002645
8620,3000,58646.115213
8256,3000,58656.051792
8530,3000,58665.546626
8506,3000,58675.715556
8696,3000,58685.790234
8618,3000,58695.667695
8544,3000,58705.374849
8618,3000,58714.821565
8600,3000,58724.542526
8688,3000,58733.819752
8568,3000,58743.534168
8696,3000,58753.087357
8772,3000,58762.715723
8542,3000,58771.877379
8952,3000,58782.04107
8806,3000,58792.149027
8440,3000,58801.057648
8414,3000,58810.761654
8722,3000,58820.442903
8378,3000,58830.151757
8514,3000,58839.997378
8202,3000,58849.629943
8540,3000,58858.774219
8666,3000,58868.399227
8794,3000,58878.294673
8924,3000,58888.625918
8672,3000,58898.274382
8460,3000,58908.109588
8966,3000,58917.594493
8724,3000,58927.867879
8486,3000,58937.42232
8902,3000,58947.313627
8458,3000,58956.592953
8794,3000,58966.595298
9186,3000,58976.537964
8640,3000,58986.349043
8768,3000,58996.393957
8730,3000,59006.458587
8902,3000,59016.616543
8616,3000,59026.700219
8492,3000,59035.800724
8880,3000,59045.685292
8810,3000,59055.479718
8562,3000,59064.981939
8388,3000,59074.713779
8728,3000,59084.701276
8654,3000,59094.383166
8890,3000,59104.109799
8664,3000,59113.974497
8438,3000,59123.49324
8682,3000,59132.804251
8860,3000,59142.670093
8904,3000,59152.87057
8902,3000,59162.823595
8844,3000,59172.360802
8726,3000,59181.914276
8148,3000,59191.561594
8666,3000,59201.247575
8608,3000,59210.417685
8778,3000,59221.063877
8474,3000,59231.036575
8534,3000,59240.640821
8612,3000,59250.403057
8644,3000,59260.200798
8316,3000,59284.611275
9002,3000,59294.774854
8604,3000,59304.97383
8646,3000,59314.344876
8510,3000,59323.981497
8722,3000,59333.689264
8472,3000,59343.257802
9158,3000,59353.189169
8502,3000,59362.51142
8878,3000,59371.909308
8400,3000,59381.830831
8788,3000,59391.99663
8802,3000,59401.957575
9042,3000,59411.864911
8772,3000,59421.509999
8742,3000,59430.944727
8524,3000,59440.765779
8424,3000,59451.058947
8788,3000,59460.322795
8734,3000,59469.838329
8826,3000,59479.247833
8660,3000,59488.729503
8370,3000,59498.616343
8798,3000,59508.209176
8448,3000,59518.033706
8528,3000,59527.438307
8764,3000,59537.236783
8864,3000,59547.023519
8582,3000,59556.746558
8710,3000,59566.678519
8598,3000,59576.146737
8884,3000,59585.706115
8508,3000,59595.643272
8648,3000,59605.396232
8688,3000,59614.889919
8598,3000,59624.372193
8684,3000,59633.856584
8964,3000,59643.439909
8562,3000,59652.816062
8652,3000,59662.45921
8782,3000,59671.490886
8744,3000,59681.017001
9064,3000,59691.443078
8730,3000,59701.252363
8790,3000,59711.185833
8886,3000,59720.903404
8720,3000,59730.762961
8826,3000,59740.240824
8346,3000,59749.644939
8514,3000,59759.022625
8978,3000,59769.026438
8512,3000,59778.446369
8770,3000,59788.28425
8642,3000,59797.684931
8734,3000,59807.125205
8616,3000,59816.803468
8770,3000,59826.52975
8930,3000,59835.745768
8672,3000,59845.62745
8690,3000,59854.979714
8748,3000,59864.403157
8500,3000,59873.528715
8788,3000,59883.734487
9030,3000,59894.189527
8542,3000,59903.323523
8954,3000,59912.630378
8554,3000,59922.463752
8820,3000,59947.985024
8558,3000,59957.997502
8608,3000,59967.684652
8452,3000,59977.132613
8990,3000,59987.004756
8718,3000,59996.663152
8504,3000,60006.308738
8714,3000,60016.197254
8626,3000,60025.94073
8624,3000,60035.673914
8546,3000,60044.970325
8742,3000,60054.831455
8904,3000,60064.324978
8566,3000,60073.945248
8640,3000,60083.597447
8708,3000,60093.352014
8512,3000,60102.780756
8490,3000,60112.559068
8974,3000,60122.275745
8492,3000,60131.708055
8392,3000,60141.68066
8576,3000,60151.563714
8506,3000,60160.944363
8672,3000,60170.778131
8928,3000,60180.731621
8796,3000,60190.491749
8718,3000,60199.643766
8594,3000,60209.520259
8498,3000,60219.081401
8474,3000,60228.894344
8734,3000,60238.931779
8462,3000,60248.931376
8616,3000,60258.756447
8416,3000,60268.442125
8496,3000,60278.128592
8686,3000,60287.989371
8746,3000,60297.75623
8702,3000,60306.89643
8788,3000,60316.238896
8606,3000,60325.971794
8482,3000,60335.52938
8504,3000,60345.010202
8784,3000,60354.561103
8522,3000,60364.699859
8924,3000,60374.57554
8948,3000,60384.533868
8478,3000,60394.403201
8572,3000,60404.120249
8728,3000,60414.02701
8706,3000,60423.782248
8654,3000,60433.131228
8890,3000,60442.82645
8936,3000,60452.233063
8768,3000,60461.830926
8568,3000,60471.217919
8654,3000,60480.574468
8890,3000,60490.425788
8734,3000,60499.963661
8442,3000,60509.8082
8486,3000,60519.417874
8358,3000,60529.278368
8600,3000,60538.824214
8160,3000,60547.72273
8546,3000,60557.66613
8432,3000,60567.167794
8848,3000,60576.900113
8854,3000,60601.928148
8522,3000,60611.304541
9012,3000,60621.41023
8586,3000,60631.480147
8636,3000,60640.595163
8380,3000,60650.654051
8614,3000,60660.058002
8802,3000,60669.775053
8500,3000,60679.467184
8648,3000,60689.104786
8776,3000,60698.914276
8704,3000,60708.639791
8428,3000,60718.390374
8550,3000,60727.919832
8460,3000,60737.117507
8650,3000,60746.21348
8372,3000,60755.986958
8864,3000,60765.675209
8352,3000,60775.735108
8774,3000,60785.558368
8752,3000,60795.515343
9028,3000,60805.222124
8750,3000,60814.931573
8116,3000,60824.251034
8618,3000,60834.416077
8556,3000,60844.397087
8288,3000,60853.802439
8660,3000,60863.36813
8784,3000,60873.019484
8636,3000,60882.41373
8402,3000,60891.945456
8790,3000,60901.478348
8536,3000,60911.029768
8946,3000,60921.321805
8458,3000,60930.602126
8584,3000,60940.416972
8740,3000,60949.927377
8650,3000,60959.563367
8434,3000,60968.935863
8724,3000,60978.897553
8500,3000,60989.194457
8078,3000,60998.357301
8334,3000,61008.539794
8956,3000,61018.411605
8400,3000,61028.360336
8584,3000,61038.313547
8168,3000,61048.224247
8818,3000,61057.63368
8956,3000,61067.778171
8828,3000,61076.999682
8472,3000,61086.833564
8526,3000,61095.785304
8608,3000,61105.659915
8802,3000,61115.664659
8548,3000,61125.157742
8712,3000,61135.214768
8530,3000,61145.055708
8560,3000,61154.784922
8690,3000,61164.263609
8514,3000,61173.758639
8650,3000,61183.709345
8696,3000,61193.620357
8600,3000,61203.629496
8564,3000,61213.160262
8900,3000,61222.910661
8526,3000,61232.62996
8558,3000,61242.412355
8476,3000,61267.59817
8504,3000,61277.295565
8752,3000,61286.470253
8728,3000,61296.649651
8618,3000,61305.849036
8588,3000,61315.321092
8696,3000,61325.149154
8488,3000,61335.373824
8940,3000,61345.251672
8588,3000,61355.051197
8708,3000,61364.56376
8426,3000,61373.998543
8394,3000,61383.771862
8620,3000,61393.433424
8700,3000,61403.040497
8214,3000,61411.940334
8794,3000,61421.243387
8502,3000,61430.96432
8900,3000,61441.138533
8288,3000,61450.467953
8626,3000,61460.293097
8814,3000,61469.742872
8596,3000,61479.029043
8906,3000,61488.69631
8738,3000,61498.59082
8650,3000,61508.545846
8578,3000,61518.739784
8666,3000,61528.935075
8646,3000,61538.273505
8732,3000,61547.754743
8728,3000,61557.378751
8666,3000,61567.485581
8492,3000,61577.208051
8630,3000,61587.089035
8436,3000,61597.14974
8826,3000,61606.961284
8612,3000,61616.776005
8522,3000,61626.197645
8732,3000,61635.989071
8878,3000,61646.112902
8658,3000,61655.909999
8690,3000,61665.66739
8348,3000,61675.648079
8642,3000,61685.374308
8940,3000,61694.909989
8442,3000,61704.46007
8450,3000,61714.29758
8872,3000,61724.202884
8668,3000,61734.631382
8508,3000,61744.32435
8306,3000,61754.395564
8740,3000,61764.010598
8758,3000,61774.438946
8302,3000,61784.017614
8800,3000,61793.908477
8598,3000,61803.016305
8314,3000,61812.9642
8258,3000,61822.666272
8542,3000,61832.368171
8910,3000,61842.488103
8468,3000,61852.115546
8466,3000,61861.988408
8668,3000,61871.536471
8796,3000,61880.970614
8656,3000,61890.357125
8766,3000,61899.894465
8300,3000,61908.946408
8790,3000,61934.312513
9086,3000,61944.920938
8658,3000,61954.456067
8658,3000,61964.32467
8614,3000,61973.784189
8742,3000,61983.715847
8728,3000,61994.042654
8260,3000,62003.479892
8638,3000,62013.041879
8822,3000,62022.947683
8816,3000,62033.009342
9288,3000,62042.650019
8720,3000,62052.4635
8912,3000,62062.217691
8564,3000,62071.46684
8784,3000,62081.178218
8894,3000,62091.218022
9002,3000,62101.539625
8612,3000,62111.060011
8810,3000,62120.744377
8674,3000,62130.875196
8420,3000,62140.840904
9052,3000,62150.873053
8222,3000,62160.435339
8786,3000,62170.302152
8790,3000,62180.012507
8692,3000,62189.681161
8440,3000,62199.353558
8330,3000,62208.771761
8682,3000,62218.552342
8938,3000,62228.078172
8872,3000,62237.918851
8540,3000,62247.39819
8458,3000,62256.785428
8340,3000,62266.397899
8722,3000,62276.05868
8690,3000,62285.217681
8746,3000,62294.20761
8512,3000,62304.201064
8568,3000,62313.743817
8686,3000,62323.243301
8734,3000,62333.470171
8496,3000,62342.814138
8424,3000,62352.785194
8260,3000,62361.665871
8786,3000,62371.407186
8386,3000,62380.892938
8542,3000,62390.19306
8368,3000,62400.026132
8612,3000,62409.43811
8872,3000,62419.098857
8484,3000,62428.847736
8502,3000,62439.719397
8856,3000,62449.780547
9092,3000,62459.498143
8292,3000,62468.937184
8524,3000,62478.394972
8748,3000,62488.221725
8596,3000,62497.386413
8760,3000,62507.188733
8774,3000,62516.591717
8338,3000,62526.07386
8192,3000,62535.506952
8818,3000,62545.272829
8984,3000,62555.305106
8854,3000,62564.757194
9094,3000,62590.350549
8548,3000,62599.954978
8764,3000,62609.88533
8754,3000,62619.423739
8554,3000,62629.358414
8940,3000,62639.758986
8824,3000,62649.428493
9176,3000,62659.415359
8426,3000,62669.532433
8746,3000,62679.358227
8640,3000,62688.921336
8552,3000,62698.627094
8814,3000,62708.745801
8782,3000,62718.777038
8694,3000,62728.513091
8850,3000,62738.14065
8398,3000,62747.635989
8838,3000,62757.177392
8594,3000,62766.662269
8560,3000,62776.637811
8886,3000,62786.233438
8774,3000,62795.97801
8504,3000,62805.939497
8892,3000,62815.577712
8368,3000,62825.079284
8752,3000,62834.688243
8770,3000,62844.363894
8244,3000,62854.439576
8548,3000,62864.086045
8742,3000,62873.59217
8586,3000,62883.148594
8316,3000,62892.843373
8642,3000,62902.252649
8680,3000,62912.056543
8684,3000,62921.712591
8874,3000,62931.733197
8302,3000,62941.475246
9128,3000,62951.455292
8522,3000,62960.988107
9360,3000,62970.359061
9010,3000,62980.183048
8364,3000,62989.448864
8930,3000,62998.850489
8738,3000,63008.773818
8970,3000,63018.613485
8972,3000,63028.573607
8780,3000,63037.85815
8512,3000,63047.583383
8326,3000,63057.029739
8732,3000,63066.886707
8432,3000,63076.848792
8588,3000,63086.952192
9110,3000,63096.654104
8666,3000,63106.833489
8454,3000,63116.639712
8594,3000,63126.291571
8718,3000,63136.003061
8426,3000,63145.876134
9006,3000,63155.723531
8598,3000,63165.116845
8620,3000,63174.90229
8598,3000,63184.333345
8810,3000,63194.680045
8552,3000,63204.909193
8710,3000,63214.696029
8682,3000,63224.379085
8640,3000,63234.246316
8672,3000,63258.786903
8752,3000,63268.679632
8436,3000,63278.171473
8728,3000,63287.982926
8500,3000,63297.683602
8382,3000,63307.440525
8474,3000,63317.325511
8462,3000,63326.466993
8698,3000,63336.146349
8728,3000,63345.932157
8362,3000,63355.84788
8690,3000,63365.382859
8564,3000,63375.459385
8726,3000,63385.233589
8520,3000,63394.840215
8888,3000,63404.403605
8626,3000,63414.176863
8816,3000,63423.915288
8778,3000,63433.435541
8526,3000,63442.919065
8660,3000,63452.364798
8978,3000,63462.071469
8600,3000,63471.686903
8638,3000,63481.152766
8948,3000,63490.968592
9186,3000,63500.415159
8584,3000,63510.414237
8662,3000,63520.510997
8664,3000,63529.853326
8680,3000,63539.467641
8702,3000,63549.49448
8614,3000,63558.754893
8836,3000,63568.831044
8750,3000,63578.40491
8952,3000,63587.094484
8940,3000,63596.871863
8274,3000,63606.75165
8652,3000,63616.238316
8646,3000,63626.060826
8612,3000,63635.638647
8614,3000,63645.559998
8700,3000,63655.337946
8624,3000,63665.500312
8128,3000,63674.989553
8872,3000,63684.83559
8458,3000,63694.249039
8896,3000,63703.975053
8526,3000,63714.371632
8460,3000,63723.765479
8710,3000,63733.136536
8914,3000,63743.062416
8418,3000,63752.548016
8684,3000,63762.074648
8852,3000,63771.876433
8584,3000,63781.527018
8750,3000,63790.724205
8328,3000,63800.561588
8732,3000,63810.560804
8542,3000,63820.35277
8664,3000,63830.090143
8610,3000,63839.747969
8670,3000,63849.65041
8790,3000,63858.949722
8646,3000,63868.34477
8892,3000,63878.191229
8598,3000,63888.100741
8724,3000,63897.765346
8768,3000,63922.603037
8528,3000,63932.26915
8756,3000,63941.797301
9276,3000,63952.137861
8876,3000,63961.546951
8946,3000,63971.67507
8466,3000,63980.728959
8672,3000,63990.391285
8740,3000,64000.574169
8710,3000,64010.118382
8480,3000,64020.101948
8528,3000,64029.742809
8876,3000,64040.050283
8244,3000,64049.890325
8628,3000,64060.008138
8542,3000,64070.114675
8496,3000,64079.631377
8704,3000,64089.252858
8466,3000,64098.994592
8816,3000,64109.371211
8928,3000,64119.100669
8568,3000,64128.290251
8368,3000,64137.936794
8466,3000,64147.29697
8728,3000,64156.663673
8682,3000,64167.026039
8574,3000,64176.489084
8942,3000,64186.590618
8588,3000,64196.810131
8552,3000,64206.424972
8962,3000,64216.690056
8852,3000,64226.79594
8554,3000,64236.460177
8860,3000,64246.073158
8832,3000,64256.139793
8704,3000,64266.153646
8692,3000,64276.223606
8708,3000,64285.636693
8688,3000,64295.567883
8736,3000,64305.260454
8822,3000,64315.05675
8588,3000,64324.372468
8438,3000,64334.354928
8332,3000,64343.74118
8620,3000,64353.803986
8736,3000,64363.056728
8810,3000,64372.69744
8690,3000,64382.306209
8528,3000,64391.890124
8568,3000,64401.185348
8618,3000,64411.006906
8624,3000,64420.712743
8570,3000,64430.183147
8866,3000,64439.885392
8570,3000,64448.98447
9210,3000,64458.602716
8326,3000,64468.63475
8710,3000,64478.363811
8580,3000,64488.083872
8372,3000,64497.755605
8634,3000,64507.192076
8576,3000,64517.086737
8782,3000,64526.817658
8610,3000,64535.944591
8972,3000,64545.743323
8778,3000,64555.497194
8406,3000,64580.26998
8690,3000,64589.699234
8506,3000,64599.328822
8292,3000,64608.161989
8648,3000,64617.715267
8718,3000,64627.508342
8740,3000,64637.646779
8376,3000,64647.29649
8404,3000,64656.917921
8426,3000,64666.451266
8152,3000,64675.537918
8638,3000,64685.575983
8534,3000,64695.080172
8610,3000,64704.363747
9070,3000,64714.010741
8450,3000,64723.677715
8528,3000,64733.161744
8544,3000,64742.999043
8750,3000,64752.754356
8406,3000,64762.195845
8596,3000,64771.837631
8300,3000,64781.114859
8758,3000,64790.906082
8348,3000,64800.36755
8584,3000,64809.80287
8340,3000,64819.313112
8514,3000,64829.157971
8744,3000,64838.398593
8836,3000,64848.335309
8902,3000,64858.139871
9258,3000,64867.914821
8816,3000,64877.21892
8554,3000,64886.58445
8446,3000,64896.061392
8580,3000,64905.497916
8696,3000,64915.000767
8988,3000,64924.640476
8790,3000,64934.982645
8802,3000,64944.658724
8366,3000,64954.619092
8876,3000,64964.893412
8278,3000,64974.193168
8308,3000,64983.952436
8724,3000,64993.250874
8704,3000,65003.368906
8530,3000,65013.534701
8532,3000,65023.320997
8596,3000,65032.763272
8612,3000,65042.591369
8500,3000,65053.07186
8250,3000,65063.050207
8798,3000,65072.606273
8538,3000,65082.230839
8650,3000,65092.26044
8848,3000,65102.257495
8420,3000,65112.143369
8418,3000,65121.547858
8426,3000,65131.254261
8638,3000,65140.760533
8450,3000,65150.301792
8620,3000,65160.224151
9162,3000,65170.094279
8796,3000,65179.28875
8620,3000,65189.161911
8796,3000,65199.323297
8550,3000,65209.199295
8068,3000,65218.634638
8228,3000,65243.201251
8428,3000,65252.961552
8114,3000,65262.256997
8722,3000,65271.958977
8524,3000,65282.099322
8302,3000,65291.472509
8918,3000,65301.528222
8714,3000,65310.712293
9178,3000,65320.847978
8604,3000,65330.273075
8722,3000,65340.368534
8746,3000,65350.522704
9054,3000,65360.342479
8832,3000,65369.713141
8872,3000,65380.218304
8572,3000,65389.869548
8618,3000,65399.67479
8816,3000,65409.643592
8400,3000,65419.123509
8628,3000,65428.557843
8968,3000,65438.842709
8320,3000,65448.508196
8724,3000,65457.850345
8438,3000,65468.470922
8610,3000,65477.740898
8352,3000,65487.474743
8666,3000,65496.872427
8690,3000,65506.584951
8756,3000,65516.444664
8814,3000,65526.264624
8464,3000,65535.861793
8774,3000,65545.795972
8700,3000,65555.298806
8530,3000,65565.028359
8608,3000,65575.024065
8550,3000,65584.428808
8894,3000,65594.60134
8374,3000,65603.991502
8862,3000,65614.04739
8702,3000,65623.337586
8700,3000,65633.24464
8486,3000,65642.793604
8968,3000,65652.727682
8816,3000,65662.911611
8716,3000,65673.121626
8520,3000,65682.918301
8536,3000,65692.932012
8596,3000,65702.149795
8522,3000,65711.583592
8632,3000,65721.244644
8858,3000,65730.810626
8562,3000,65740.787435
8788,3000,65750.279417
8496,3000,65760.285273
8468,3000,65769.543651
8422,3000,65779.213784
8396,3000,65788.836952
8398,3000,65798.59782
8580,3000,65808.285766
8600,3000,65818.153719
8664,3000,65828.247962
8844,3000,65838.044583
8388,3000,65847.845125
8702,3000,65857.785828
8234,3000,65867.085435
8430,3000,65876.538466
8456,3000,65886.267126
8302,3000,65910.948284
8748,3000,65920.722471
8740,3000,65931.074743
8778,3000,65941.250137
8438,3000,65950.554597
8844,3000,65960.394179
8588,3000,65970.619729
8832,3000,65980.589059
8610,3000,65989.97708
8934,3000,65999.509928
8744,3000,66009.292046
8638,3000,66019.104967
8704,3000,66028.92298
8718,3000,66038.461845
8576,3000,66047.973247
8648,3000,66058.524577
8536,3000,66068.435456
8330,3000,66078.100096
8506,3000,66088.048477
8584,3000,66097.870575
8492,3000,66107.822741
8554,3000,66117.965763
8604,3000,66127.276778
8602,3000,66137.070967
8588,3000,66146.915483
8502,3000,66156.784468
8600,3000,66166.140174
8738,3000,66175.715381
8460,3000,66184.956193
8432,3000,66194.573739
8544,3000,66203.669889
8724,3000,66213.475744
8688,3000,66223.271779
8690,3000,66232.345474
8514,3000,66241.865316
8594,3000,66251.512339
9080,3000,66261.419064
8480,3000,66271.093104
8634,3000,66280.691397
8340,3000,66290.223983
8574,3000,66300.00502
8564,3000,66309.53589
8512,3000,66318.857381
8418,3000,66328.655154
8578,3000,66337.793086
8654,3000,66347.502689
8746,3000,66356.673489
8832,3000,66366.224215
8768,3000,66376.226941
8608,3000,66385.927168
8688,3000,66395.640005
8718,3000,66405.47968
8314,3000,66415.099511
8612,3000,66425.288921
8732,3000,66435.277893
8872,3000,66445.050264
8460,3000,66455.130789
8486,3000,66465.010903
8948,3000,66474.829189
8930,3000,66484.370372
8562,3000,66494.836943
8928,3000,66504.642532
8578,3000,66513.927376
8468,3000,66523.884955
8924,3000,66533.755034
8738,3000,66543.988867
8454,3000,66568.313734
9076,3000,66578.183478
8478,3000,66588.157298
8596,3000,66597.899356
8712,3000,66607.387597
8642,3000,66617.008425
8712,3000,66626.575729
8936,3000,66636.453023
8532,3000,66645.792298
8726,3000,66655.638661
8890,3000,66665.48937
8708,3000,66675.192392
8468,3000,66684.966496
8506,3000,66694.690241
8470,3000,66704.315711
8830,3000,66714.199426
8890,3000,66723.650714
8742,3000,66734.03079
8506,3000,66744.352107
8452,3000,66753.859089
8902,3000,66763.892248
8358,3000,66773.778729
8286,3000,66783.7997
8692,3000,66793.498585
8930,3000,66803.420043
8770,3000,66813.636988
8596,3000,66823.400001
8606,3000,66833.821082
8672,3000,66843.926302
8824,3000,66853.923128
8604,3000,66863.816141
8584,3000,66873.65135
8762,3000,66883.85508
8826,3000,66893.9434
8596,3000,66903.974276
8898,3000,66913.818333
8470,3000,66923.654138
8654,3000,66933.060564
8310,3000,66942.330348
8638,3000,66952.276019
8562,3000,66961.933039
8444,3000,66971.32043
8706,3000,66981.192509
8496,3000,66990.860898
8888,3000,67000.365383
8518,3000,67010.025829
8264,3000,67019.14596
8766,3000,67029.249811
8698,3000,67038.676252
8834,3000,67048.568538
8244,3000,67058.424127
8498,3000,67068.285292
8744,3000,67078.012573
8710,3000,67087.840489
9062,3000,67097.805767
8722,3000,67106.770955
8612,3000,67116.974872
8304,3000,67126.396601
8434,3000,67135.507649
8254,3000,67145.274128
8722,3000,67154.980463
8550,3000,67165.05599
8862,3000,67174.632725
8544,3000,67185.110007
8796,3000,67194.542849
8468,3000,67204.342337
8556,3000,67214.498739
8572,3000,67239.081578
8472,3000,67248.613832
9006,3000,67258.815411
8860,3000,67268.72743
8652,3000,67278.636567
8480,3000,67288.094572
8616,3000,67297.371909
8748,3000,67307.599257
8360,3000,67316.907045
8814,3000,67326.446916
8646,3000,67336.164524
8724,3000,67345.945234
8504,3000,67355.569249
9064,3000,67365.107087
8432,3000,67375.165833
8610,3000,67384.705962
8660,3000,67394.669202
8510,3000,67404.373431
8358,3000,67414.104054
8562,3000,67423.695921
8656,3000,67433.131019
8596,3000,67442.813405
8650,3000,67452.656718
8814,3000,67462.434041
8452,3000,67471.855273
8710,3000,67481.4672
8724,3000,67491.509763
8632,3000,67501.348966
8632,3000,67511.077944
8696,3000,67521.221489
8732,3000,67531.347167
8764,3000,67540.844288
8578,3000,67550.42845
8680,3000,67560.067246
9066,3000,67569.475854
8206,3000,67579.003678
8656,3000,67588.80623
8706,3000,67598.457057
8650,3000,67609.014921
8708,3000,67618.592299
8590,3000,67628.343312
8750,3000,67638.575504
8736,3000,67648.118821
8838,3000,67658.023769
8292,3000,67667.719032
8374,3000,67676.923707
8734,3000,67686.61586
8372,3000,67696.00741
8762,3000,67705.978405
8436,3000,67715.59713
8584,3000,67725.317929
8658,3000,67735.112803
8574,3000,67744.879369
8394,3000,67754.316652
8964,3000,67764.300253
8520,3000,67773.825328
8516,3000,67783.369144
8550,3000,67793.140339
8620,3000,67802.805603
8890,3000,67812.953135
9042,3000,67822.250787
8406,3000,67831.874989
8594,3000,67841.308787
8406,3000,67850.95733
8730,3000,67860.293331
8758,3000,67870.23682
8704,3000,67879.50027
8634,3000,67904.728642
8818,3000,67914.607732
8924,3000,67924.225434
8518,3000,67934.086635
8650,3000,67943.989543
8616,3000,67953.793481
8516,3000,67963.577703
8016,3000,67972.874995
8272,3000,67982.297414
9008,3000,67992.172879
8594,3000,68001.614459
8708,3000,68011.245177
8762,3000,68020.811612
8300,3000,68029.905969
8666,3000,68039.565549
8578,3000,68049.090907
8384,3000,68058.478741
8886,3000,68068.121778
8662,3000,68077.798933
8282,3000,68087.442979
8452,3000,68096.926278
8698,3000,68106.918865
8726,3000,68116.82248
8466,3000,68126.874178
8850,3000,68136.989852
8514,3000,68146.908853
8748,3000,68157.459929
8898,3000,68167.804992
8494,3000,68177.406103
8750,3000,68187.311846
8244,3000,68196.227087
8890,3000,68206.542721
8300,3000,68216.695131
8474,3000,68226.242933
8340,3000,68235.874618
8390,3000,68245.125704
8670,3000,68254.982607
8284,3000,68264.193454
8370,3000,68273.8107
8530,3000,68283.72302
8544,3000,68292.735152
8376,3000,68303.432017
8482,3000,68313.034386
8298,3000,68322.623307
8582,3000,68332.324631
8416,3000,68341.784082
8508,3000,68351.694146
8574,3000,68361.616188
8476,3000,68371.122857
8834,3000,68380.911904
8952,3000,68391.166549
8810,3000,68400.801684
8932,3000,68410.462512
8962,3000,68420.09922
8462,3000,68430.059837
8392,3000,68439.680558
8432,3000,68449.361712
8520,3000,68459.181839
8644,3000,68468.902806
8396,3000,68478.325306
8456,3000,68487.783401
8848,3000,68497.367287
8374,3000,68507.189322
8464,3000,68516.727156
8772,3000,68527.244598
8452,3000,68536.974615
8730,3000,68561.68846
8712,3000,68571.886104
8506,3000,68581.409075
8822,3000,68590.971322
8484,3000,68601.164431
8812,3000,68611.083071
8956,3000,68621.046074
8626,3000,68630.757843
8648,3000,68640.705711
8916,3000,68650.341003
8664,3000,68660.141261
8502,3000,68670.240174
8948,3000,68679.845993
8442,3000,68689.963392
8550,3000,68699.532711
8468,3000,68709.383536
8550,3000,68719.00919
8598,3000,68729.076816
8866,3000,68738.937632
8392,3000,68748.735947
8578,3000,68758.928781
8664,3000,68768.736304
8578,3000,68778.680911
8414,3000,68787.867492
8678,3000,68797.290064
8604,3000,68806.879273
8830,3000,68816.61079
8460,3000,68826.505666
8712,3000,68836.277786
8500,3000,68845.679232
8680,3000,68855.221964
8486,3000,68864.71945
8578,3000,68874.53236
8664,3000,68883.839846
8734,3000,68893.503193
8780,3000,68903.271582
8890,3000,68912.825499
8900,3000,68922.296972
8808,3000,68932.023255
8540,3000,68941.520564
8634,3000,68951.110458
8550,3000,68961.211038
8614,3000,68970.579801
8798,3000,68980.48958
8800,3000,68990.291822
8482,3000,69000.012224
9140,3000,69009.870045
8786,3000,69019.766545
8294,3000,69029.496199
8714,3000,69038.92339
8772,3000,69048.489225
8778,3000,69058.548121
8746,3000,69068.564566
8400,3000,69078.072935
8408,3000,69087.602776
8604,3000,69097.388609
8684,3000,69106.952626
8374,3000,69116.592174
8556,3000,69126.105091
8446,3000,69135.463297
8518,3000,69144.684549
8506,3000,69154.377918
8134,3000,69163.462881
8524,3000,69173.086676
8790,3000,69183.136153
8716,3000,69192.594473
8514,3000,69202.345598
8572,3000,69227.376837
8520,3000,69237.031673
8182,3000,69246.834351
8704,3000,69256.55214
8984,3000,69266.939623
8474,3000,69276.334404
8726,3000,69285.911232
8686,3000,69295.520082
8442,3000,69305.150553
8676,3000,69314.929239
8322,3000,69324.729458
8706,3000,69333.817041
8788,3000,69343.693713
8288,3000,69353.333363
8752,3000,69363.089416
8680,3000,69372.658583
8404,3000,69382.9553
8888,3000,69392.610992
8260,3000,69402.019835
8412,3000,69411.868559
8610,3000,69421.46217
8850,3000,69431.381043
8738,3000,69440.905753
8354,3000,69450.392024
8462,3000,69460.430856
8528,3000,69469.850701
8548,3000,69479.800754
9094,3000,69489.017346
8266,3000,69498.744624
8848,3000,69508.405784
8652,3000,69518.07082
8540,3000,69527.74635
8644,3000,69537.714266
8478,3000,69547.398011
8644,3000,69556.672754
8260,3000,69566.199126
8746,3000,69575.875675
8290,3000,69585.233805
8656,3000,69594.748665
8372,3000,69604.507277
8786,3000,69613.88734
8480,3000,69623.905709
8364,3000,69633.299426
8688,3000,69642.717099
8582,3000,69653.442676
8668,3000,69662.931302
8852,3000,69672.784879
8714,3000,69682.067694
8484,3000,69691.435307
8182,3000,69701.164113
8490,3000,69711.052
8412,3000,69720.365858
8594,3000,69730.233987
8602,3000,69739.977144
8174,3000,69749.513651
8342,3000,69759.325976
8460,3000,69768.576429
8394,3000,69778.239149
8522,3000,69788.287369
8574,3000,69798.166681
8436,3000,69807.784863
8760,3000,69817.000693
8634,3000,69827.147116
8756,3000,69837.044285
8682,3000,69846.81039
8678,3000,69856.693917
8216,3000,69866.436412
8480,3000,69890.464287
8536,3000,69900.176477
8842,3000,69909.169672
8534,3000,69919.160207
8916,3000,69928.973932
8684,3000,69938.827148
8680,3000,69948.922288
8760,3000,69958.972227
8412,3000,69968.334153
8672,3000,69978.067891
8540,3000,69987.385767
8592,3000,69997.12607
8810,3000,70007.60291
8672,3000,70017.71994
8482,3000,70027.872119
8474,3000,70037.14014
8770,3000,70046.862484
8634,3000,70056.189447
8324,3000,70066.14255
8710,3000,70076.255724
8602,3000,70085.972721
8630,3000,70095.880686
8632,3000,70105.207914
8606,3000,70114.695297
8352,3000,70124.318861
8634,3000,70133.710644
9008,3000,70143.335573
8884,3000,70153.140167
8234,3000,70162.625335
8352,3000,70172.03056
8526,3000,70181.334405
8704,3000,70190.709756
8842,3000,70200.679681
8766,3000,70210.210851
8886,3000,70219.68786
8402,3000,70229.039591
8306,3000,70238.247496
8444,3000,70248.230308
8774,3000,70258.198873
8312,3000,70267.513349
8244,3000,70276.742215
8418,3000,70286.684099
8734,3000,70296.318829
8684,3000,70305.904904
8388,3000,70315.540971
8714,3000,70324.688641
8562,3000,70334.404005
8408,3000,70344.186881
8796,3000,70353.85891
8418,3000,70363.533174
8614,3000,70373.689477
8452,3000,70383.024852
8242,3000,70392.787486
8702,3000,70402.555734
8490,3000,70412.217048
8462,3000,70422.1583
8534,3000,70431.565985
8886,3000,70441.686553
8828,3000,70451.23958
8698,3000,70460.717607
8838,3000,70470.667755
8560,3000,70480.494555
8586,3000,70490.178231
8548,3000,70500.535737
8860,3000,70510.842544
8562,3000,70520.951432
8672,3000,70545.617014
8674,3000,70555.512149
8462,3000,70565.099934
8444,3000,70575.456388
8604,3000,70585.096576
8522,3000,70595.055679
8872,3000,70604.599658
8768,3000,70613.871925
8192,3000,70623.628732
8682,3000,70633.305598
8894,3000,70643.285289
8286,3000,70653.22872
8712,3000,70662.992331
8572,3000,70672.38474
8824,3000,70682.452217
8908,3000,70692.453326
8736,3000,70702.216244
8428,3000,70712.055197
8664,3000,70721.647155
8742,3000,70730.980349
8618,3000,70740.641404
8482,3000,70750.354805
8378,3000,70760.016615
8810,3000,70769.233892
8640,3000,70779.189059
9114,3000,70788.880417
8676,3000,70797.942468
8904,3000,70807.874064
8612,3000,70817.450715
8680,3000,70827.047773
8626,3000,70836.320924
8780,3000,70846.007123
8630,3000,70855.563475
8504,3000,70865.667699
8804,3000,70875.842542
8248,3000,70885.332873
8738,3000,70894.959549
8806,3000,70904.780642
8586,3000,70914.680239
8812,3000,70924.227744
8794,3000,70933.671351
8584,3000,70943.728211
8506,3000,70953.619254
8786,3000,70963.572443
8712,3000,70973.113508
8804,3000,70983.093342
8812,3000,70993.444533
8302,3000,71003.370645
8316,3000,71012.893301
8948,3000,71022.133347
8492,3000,71031.645146
8694,3000,71041.746075
8726,3000,71051.54361
8356,3000,71061.486075
9178,3000,71071.44898
8398,3000,71081.652594
8678,3000,71090.894287
8762,3000,71100.482229
8464,3000,71110.007033
8476,3000,71119.803455
8526,3000,71129.563573
8160,3000,71138.671528
8744,3000,71148.483543
8590,3000,71158.351783
8656,3000,71168.254377
8890,3000,71177.845209
8466,3000,71187.252564
8702,3000,71212.097484
8628,3000,71221.504399
9024,3000,71231.783508
8596,3000,71241.270929
8420,3000,71250.71674
8794,3000,71259.956403
8722,3000,71269.27134
8312,3000,71278.528769
8118,3000,71287.914042
8792,3000,71297.456213
8762,3000,71307.590037
8192,3000,71317.040463
8888,3000,71327.020619
8812,3000,71336.685266
8560,3000,71346.639733
8778,3000,71356.467474
8688,3000,71365.856977
8450,3000,71376.160517
9046,3000,71385.595546
8620,3000,71395.352622
8572,3000,71404.878316
8488,3000,71414.453419
8562,3000,71423.78772
8230,3000,71433.357196
8680,3000,71443.352312
8788,3000,71453.050404
8648,3000,71462.758256
8930,3000,71472.277445
8760,3000,71482.602121
8360,3000,71492.635548
9024,3000,71502.47062
8554,3000,71512.302123
8828,3000,71521.612385
8384,3000,71531.072799
8130,3000,71540.948324
8678,3000,71550.742666
8500,3000,71560.611911
8624,3000,71570.23397
8476,3000,71579.704422
8488,3000,71589.252511
8736,3000,71599.06383
8274,3000,71609.04785
8194,3000,71618.536898
8572,3000,71628.380966
8512,3000,71637.948915
8378,3000,71647.746592
8840,3000,71657.567461
8686,3000,71667.59628
8798,3000,71677.278669
8626,3000,71687.141834
8760,3000,71696.73218
9080,3000,71706.361277
8708,3000,71716.052906
8662,3000,71725.763597
8696,3000,71735.293208
8672,3000,71745.346695
8672,3000,71754.911552
8814,3000,71764.178579
9112,3000,71773.964026
8808,3000,71783.822365
8460,3000,71793.713487
8414,3000,71803.770205
8784,3000,71813.409597
8498,3000,71823.372537
8670,3000,71833.257025
8576,3000,71842.90053
8754,3000,71852.571313
9184,3000,71878.226112
8730,3000,71887.933973
9106,3000,71897.838872
8642,3000,71908.262593
8644,3000,71917.509496
8514,3000,71927.286229
8736,3000,71936.473887
8534,3000,71945.834361
8418,3000,71955.822638
8982,3000,71965.649118
8596,3000,71975.490322
8570,3000,71984.852618
8654,3000,71994.136714
9132,3000,72004.154644
8848,3000,72014.730408
8620,3000,72024.403734
8714,3000,72034.07352
8548,3000,72043.798967
8842,3000,72053.623542
8632,3000,72063.87367
8606,3000,72074.018656
8614,3000,72083.723097
8666,3000,72093.609844
8760,3000,72103.539242
8470,3000,72113.082081
8638,3000,72122.234083
8444,3000,72131.570099
8928,3000,72141.401644
8860,3000,72151.571559
8880,3000,72161.312692
8458,3000,72171.312408
8944,3000,72181.345371
8608,3000,72191.394319
8186,3000,72201.063839
8406,3000,72211.044743
8818,3000,72221.10102
8504,3000,72230.737912
8496,3000,72240.258055
8840,3000,72250.170864
8702,3000,72260.686196
8602,3000,72270.441087
8470,3000,72280.123032
8758,3000,72289.551179
8372,3000,72298.913568
8600,3000,72308.856259
8562,3000,72319.04439
8912,3000,72329.221252
8422,3000,72339.202435
8574,3000,72348.373944
8870,3000,72358.008223
8476,3000,72367.752286
8702,3000,72378.074487
8808,3000,72388.295124
8258,3000,72397.871642
8434,3000,72407.744375
8382,3000,72417.922317
8412,3000,72427.346148
8464,3000,72437.373084
8924,3000,72447.394248
8650,3000,72456.869615
8336,3000,72466.809606
8932,3000,72476.7315
8506,3000,72486.398432
8600,3000,72496.126322
8650,3000,72506.108723
8334,3000,72515.272988
8888,3000,72540.775599
8672,3000,72549.775514
8908,3000,72559.600955
8794,3000,72569.882996
8342,3000,72579.09227
8768,3000,72588.505174
8516,3000,72598.720927
8798,3000,72608.309961
8720,3000,72617.716591
8618,3000,72627.682867
8396,3000,72637.295318
8578,3000,72647.320828
8688,3000,72656.7979
8574,3000,72666.375708
8500,3000,72676.073409
8602,3000,72685.761005
8412,3000,72695.416098
8658,3000,72705.286673
8366,3000,72714.50157
8898,3000,72723.489461
8582,3000,72733.235351
8460,3000,72742.854834
8578,3000,72752.335602
8484,3000,72762.203336
8580,3000,72772.166428
8682,3000,72781.602992
8700,3000,72791.674941
8628,3000,72801.285235
8962,3000,72810.787425
8884,3000,72820.443668
8942,3000,72830.319239
8642,3000,72839.821123
8616,3000,72849.388175
8630,3000,72859.18277
8826,3000,72868.470987
8718,3000,72878.041872
8558,3000,72887.979828
8478,3000,72897.671816
8338,3000,72907.385434
8716,3000,72917.327889
8744,3000,72927.176101
8674,3000,72937.01409
8672,3000,72946.979716
8466,3000,72956.805748
8684,3000,72966.466905
8430,3000,72975.696106
8476,3000,72985.413393
8918,3000,72995.014338
8676,3000,73004.724431
8618,3000,73014.689589
8446,3000,73024.057374
9128,3000,73033.853287
8374,3000,73043.591419
8546,3000,73052.805401
8754,3000,73063.180805
8258,3000,73072.928464
8748,3000,73083.001293
8646,3000,73092.681916
9016,3000,73102.464674
8964,3000,73112.079491
8318,3000,73121.604296
8612,3000,73131.394458
8272,3000,73141.199919
8798,3000,73150.920769
8784,3000,73160.811704
8908,3000,73170.512674
9042,3000,73180.505925
8284,3000,73205.29233
8640,3000,73215.065027
8636,3000,73224.747557
8274,3000,73234.734279
8472,3000,73244.27555
8674,3000,73254.581777
8612,3000,73264.618726
8888,3000,73274.322526
8582,3000,73284.003309
8790,3000,73293.495679
8898,3000,73303.180584
8850,3000,73313.360059
8470,3000,73323.364811
8996,3000,73333.394301
8602,3000,73343.030661
8810,3000,73352.391781
8482,3000,73361.776129
8574,3000,73371.622961
8422,3000,73381.722398
8632,3000,73391.557172
8508,3000,73401.151466
8250,3000,73410.430632
8654,3000,73419.936162
8958,3000,73429.550214
8538,3000,73438.898854
8544,3000,73448.671638
8334,3000,73457.906558
8596,3000,73467.239961
8458,3000,73476.956249
8770,3000,73486.667324
8534,3000,73496.667571
8650,3000,73505.866715
8774,3000,73515.615417
8602,3000,73525.365435
8602,3000,73534.956288
8664,3000,73543.790887
8652,3000,73553.933135
8694,3000,73563.691251
8424,3000,73573.420907
8490,3000,73583.206782
8914,3000,73593.320865
8456,3000,73603.308161
8454,3000,73613.193837
8056,3000,73622.498036
8632,3000,73632.379218
8374,3000,73641.946157
8526,3000,73651.520072
8638,3000,73661.16629
8540,3000,73671.171217
8702,3000,73680.628246
8840,3000,73689.937909
8270,3000,73699.873477
8592,3000,73709.247107
8564,3000,73719.48667
8748,3000,73728.996632
8784,3000,73738.864987
8708,3000,73748.773001
8646,3000,73758.421143
8804,3000,73768.654551
8854,3000,73777.401302
9102,3000,73786.893924
8520,3000,73796.157978
8352,3000,73806.196299
8546,3000,73815.66569
8796,3000,73825.245078
8666,3000,73835.197516
8646,3000,73844.364966
8802,3000,73869.266295
8622,3000,73878.987612
8546,3000,73888.306299
8844,3000,73897.850954
8712,3000,73907.929065
8500,3000,73917.136789
8424,3000,73926.478673
8454,3000,73936.137951
8682,3000,73945.796572
8620,3000,73955.599838
8758,3000,73965.231423
8274,3000,73975.199087
8496,3000,73984.493386
8386,3000,73994.412336
8550,3000,74004.138359
8684,3000,74013.829918
8690,3000,74023.863262
8772,3000,74033.550614
8424,3000,74042.924395
8230,3000,74052.497006
8864,3000,74061.934035
8338,3000,74071.630257
8652,3000,74081.491597
8378,3000,74091.120205
8958,3000,74100.987633
8568,3000,74110.63761
8702,3000,74120.417515
8528,3000,74130.188463
8494,3000,74140.187743
8824,3000,74150.099789
8258,3000,74160.332578
8828,3000,74169.6337
8446,3000,74179.282588
8528,3000,74188.706342
8608,3000,74198.229645
8428,3000,74207.929171
8618,3000,74217.663156
8324,3000,74227.39707
8538,3000,74237.600311
8500,3000,74247.080648
8592,3000,74257.349524
8520,3000,74267.176381
8704,3000,74277.00772
8758,3000,74286.318975
8940,3000,74296.042869
8686,3000,74305.629374
8148,3000,74315.403854
8512,3000,74324.848381
8564,3000,74334.181969
8574,3000,74343.874756
8742,3000,74353.736007
8680,3000,74363.063639
8922,3000,74373.020778
8636,3000,74382.655262
8602,3000,74392.066047
8510,3000,74402.101485
8974,3000,74411.963072
8642,3000,74422.023759
8326,3000,74431.433305
8722,3000,74441.63164
8380,3000,74451.231772
8594,3000,74461.168054
8566,3000,74471.16171
8634,3000,74480.642795
8562,3000,74489.977636
8712,3000,74499.00186
8888,3000,74524.273496
8576,3000,74533.83919
8512,3000,74543.910704
8686,3000,74553.225874
8706,3000,74562.789794
8336,3000,74572.232944
8504,3000,74581.89546
8384,3000,74591.599822
8580,3000,74601.244302
8606,3000,74610.968825
8648,3000,74620.681588
8898,3000,74630.222324
8756,3000,74640.128289
8550,3000,74649.50659
8636,3000,74659.437419
8752,3000,74668.953521
8276,3000,74678.563666
8138,3000,74687.964514
8546,3000,74697.286069
8722,3000,74706.741712
8572,3000,74716.070841
8648,3000,74725.93286
8378,3000,74735.760617
8618,3000,74745.656096
8586,3000,74754.84527
8320,3000,74765.239031
8642,3000,74774.343381
8578,3000,74784.247275
8638,3000,74793.628006
8814,3000,74803.211643
8576,3000,74812.755581
8730,3000,74822.578613
8466,3000,74832.782756
8290,3000,74842.382223
8320,3000,74851.613974
8528,3000,74861.165282
8856,3000,74870.609339
8578,3000,74880.002312
8572,3000,74889.774528
8800,3000,74899.795454
8762,3000,74909.49846
8648,3000,74919.168233
8354,3000,74929.051891
8520,3000,74938.327817
8650,3000,74947.421845
8646,3000,74957.248081
8602,3000,74966.560458
9106,3000,74976.737918
8424,3000,74986.230512
8412,3000,74995.917868
8400,3000,75005.439166
9210,3000,75014.964494
8700,3000,75024.890929
8450,3000,75034.567723
8654,3000,75044.175283
8478,3000,75054.165448
8436,3000,75063.94409
8458,3000,75073.668115
8704,3000,75083.235699
8606,3000,75092.927751
8588,3000,75102.793229
8692,3000,75112.653953
8716,3000,75122.994525
8658,3000,75133.025394
8800,3000,75142.741882
8638,3000,75152.433235
8668,3000,75161.837845
8502,3000,75186.90373
8276,3000,75196.738734
8714,3000,75206.13191
8508,3000,75215.55481
8696,3000,75224.809913
8732,3000,75234.899146
8320,3000,75244.482828
8310,3000,75254.457069
8774,3000,75263.814874
8996,3000,75273.613816
8416,3000,75283.730703
8540,3000,75293.474749
8320,3000,75303.485465
8520,3000,75312.954037
8730,3000,75321.99631
8304,3000,75331.501134
8094,3000,75340.771989
8722,3000,75350.726103
8776,3000,75360.686781
8786,3000,75370.608029
8610,3000,75380.278874
8386,3000,75389.660104
8788,3000,75399.621139
8590,3000,75409.136667
8538,3000,75418.805556
8870,3000,75428.617124
8652,3000,75438.255713
8704,3000,75447.690113
8724,3000,75457.263432
8548,3000,75467.60442
8886,3000,75477.658303
8534,3000,75487.229573
8402,3000,75497.01216
8686,3000,75506.395204
8732,3000,75516.243788
8514,3000,75526.073504
8438,3000,75535.594599
8702,3000,75545.730835
8516,3000,75555.038984
8512,3000,75564.932626
8776,3000,75574.736181
8534,3000,75584.507724
8298,3000,75594.199491
8182,3000,75603.784947
8488,3000,75614.096858
8618,3000,75624.443091
8476,3000,75634.256086
8442,3000,75643.736425
8726,3000,75653.259424
8956,3000,75663.520296
8438,3000,75673.150563
8504,3000,75682.599013
8624,3000,75692.23686
8506,3000,75701.60017
8742,3000,75711.527002
8774,3000,75721.475316
8770,3000,75731.524623
8826,3000,75741.70038
8544,3000,75751.613872
8598,3000,75761.335842
8618,3000,75770.550365
8896,3000,75780.65702
8618,3000,75789.666034
8812,3000,75799.495643
8664,3000,75808.977527
8538,3000,75819.036038
8406,3000,75828.858787
8840,3000,75854.645247
8418,3000,75863.879237
8624,3000,75873.597104
8604,3000,75883.485759
8862,3000,75893.72127
8528,3000,75903.552294
8814,3000,75913.51551
8488,3000,75923.023447
8330,3000,75932.418301
8824,3000,75941.981798
8658,3000,75951.886549
8616,3000,75961.380424
8556,3000,75971.578313
8884,3000,75980.91749
8642,3000,75990.333449
8652,3000,76000.009162
8150,3000,76010.02226
8338,3000,76019.839657
8458,3000,76028.964316
8430,3000,76038.792317
8648,3000,76049.354153
8990,3000,76058.77176
8686,3000,76068.996717
8504,3000,76078.958222
8442,3000,76088.524099
8590,3000,76098.279878
8310,3000,76107.998788
8540,3000,76117.340931
8386,3000,76126.858249
8860,3000,76136.925448
8574,3000,76146.791631
8524,3000,76156.684335
8470,3000,76166.090192
8406,3000,76175.997935
8484,3000,76185.206669
8322,3000,76195.19267
8540,3000,76204.74816
9022,3000,76214.239248
8640,3000,76223.63283
8546,3000,76233.460557
8820,3000,76243.426535
8566,3000,76252.953602
8600,3000,76262.325189
8520,3000,76272.152128
8222,3000,76281.81734
8394,3000,76291.154745
8348,3000,76300.62796
8570,3000,76309.803752
8362,3000,76319.971349
8214,3000,76329.600651
8340,3000,76339.644817
8678,3000,76350.015649
8660,3000,76359.837621
8214,3000,76369.537157
8918,3000,76379.888302
8632,3000,76389.940046
8404,3000,76399.45927
8600,3000,76409.449296
8572,3000,76419.293137
8622,3000,76429.016976
8362,3000,76438.865981
8836,3000,76448.556098
8840,3000,76458.321402
8300,3000,76468.230669
9006,3000,76477.513125
8714,3000,76487.438518
8418,3000,76511.812142
8518,3000,76521.484982
8518,3000,76531.281857
8770,3000,76540.802147
8380,3000,76550.585969
8086,3000,76559.725864
8552,3000,76569.936255
8294,3000,76579.888548
8658,3000,76590.297538
8630,3000,76600.458913
8648,3000,76609.515496
8546,3000,76619.140207
8698,3000,76628.869314
8224,3000,76638.429024
8822,3000,76648.165326
8538,3000,76658.570617
8520,3000,76668.391426
8668,3000,76678.27435
8456,3000,76687.836472
8678,3000,76697.626896
8708,3000,76707.886742
8430,3000,76717.037163
8430,3000,76726.871353
8596,3000,76737.022242
8344,3000,76746.967952
8578,3000,76756.439686
8116,3000,76766.308357
8578,3000,76775.725967
8728,3000,76785.848035
8498,3000,76795.395889
8642,3000,76805.06452
8750,3000,76814.497218
8276,3000,76824.506037
8652,3000,76834.394413
8500,3000,76843.671753
8270,3000,76853.950745
8954,3000,76863.900683
8696,3000,76873.245357
8434,3000,76882.953192
8558,3000,76892.715207
8456,3000,76902.208021
8328,3000,76911.448397
8852,3000,76921.832185
8672,3000,76931.75625
8392,3000,76941.27568
8728,3000,76951.267497
8632,3000,76961.119207
8760,3000,76970.737037
8668,3000,76980.565706
8608,3000,76990.372792
8130,3000,76999.765814
8602,3000,77009.7979
8470,3000,77019.209785
8378,3000,77029.363236
8652,3000,77038.743598
8948,3000,77047.939856
8182,3000,77057.313808
8822,3000,77067.053293
8834,3000,77077.140354
8778,3000,77086.516674
8500,3000,77096.732121
8518,3000,77106.369584
8430,3000,77115.750942
8828,3000,77125.339674
8386,3000,77135.658596
8488,3000,77145.2344
8576,3000,77154.969218
8230,3000,77179.68162
8812,3000,77189.592077
8800,3000,77199.356883
8712,3000,77209.114048
8512,3000,77218.71945
8744,3000,77228.35017
8910,3000,77238.272912
8656,3000,77248.1089
8552,3000,77257.948427
8722,3000,77267.760975
8692,3000,77277.238186
8878,3000,77287.164184
8644,3000,77296.901785
8600,3000,77306.462627
8596,3000,77316.209215
8290,3000,77325.614157
8632,3000,77335.227282
8218,3000,77344.512031
8868,3000,77353.966861
8530,3000,77363.849237
8502,3000,77373.599069
8688,3000,77383.335964
8400,3000,77393.661516
8616,3000,77403.350461
8930,3000,77413.518707
8650,3000,77423.476101
8640,3000,77433.622084
8714,3000,77443.043144
8476,3000,77452.465997
8716,3000,77462.20569
8554,3000,77472.023145
8592,3000,77481.444959
8450,3000,77490.930861
8650,3000,77501.089875
8734,3000,77510.959871
8302,3000,77520.164327
8440,3000,77529.803603
8394,3000,77539.529061
8586,3000,77549.161504
8722,3000,77558.790009
8780,3000,77568.679165
8594,3000,77578.070216
8430,3000,77587.780382
8606,3000,77597.525308
8518,3000,77607.064648
8370,3000,77617.326525
8716,3000,77627.08146
8880,3000,77636.703242
8494,3000,77647.120072
8564,3000,77656.368673
8726,3000,77665.829182
8540,3000,77675.51816
8606,3000,77685.30845
8616,3000,77695.393729
8590,3000,77705.058446
8632,3000,77714.832726
8514,3000,77724.45737
8502,3000,77734.126801
8532,3000,77743.308583
8610,3000,77753.191977
8742,3000,77763.450322
8844,3000,77773.090066
8542,3000,77782.908993
8524,3000,77792.647064
8480,3000,77802.665826
8312,3000,77812.624079
8530,3000,77822.668819
8404,3000,77846.877948
8316,3000,77856.921397
8566,3000,77867.155958
8926,3000,77876.766635
8526,3000,77886.811105
8822,3000,77896.645094
8842,3000,77906.542677
8372,3000,77915.899045
8556,3000,77925.765943
8610,3000,77935.780024
8650,3000,77945.357737
8600,3000,77954.745175
8454,3000,77964.041907
8812,3000,77974.206919
8408,3000,77984.156144
8842,3000,77993.790275
8700,3000,78003.449008
8602,3000,78013.063416
8300,3000,78021.863094
8548,3000,78031.998329
8468,3000,78041.437344
8748,3000,78051.201202
8596,3000,78060.800234
8664,3000,78070.955324
8300,3000,78080.917646
8636,3000,78090.766522
8568,3000,78100.959532
8466,3000,78110.226609
9004,3000,78119.590988
8526,3000,78129.73037
8744,3000,78139.256459
8526,3000,78149.265172
8788,3000,78158.382653
8446,3000,78167.762778
8540,3000,78177.793896
8774,3000,78187.099644
8632,3000,78196.763348
8258,3000,78206.320906
8618,3000,78216.206968
8740,3000,78225.658016
8734,3000,78236.040255
9080,3000,78246.383264
8568,3000,78255.943216
8750,3000,78265.609772
8372,3000,78275.421416
8578,3000,78285.280532
8332,3000,78295.354786
8482,3000,78305.045874
8832,3000,78314.943372
8606,3000,78325.176886
8756,3000,78335.530259
8622,3000,78345.762896
8570,3000,78355.787616
8726,3000,78365.308276
8404,3000,78375.104505
8684,3000,78384.691216
8532,3000,78394.293983
8886,3000,78404.189399
8646,3000,78413.961347
8526,3000,78423.281814
8782,3000,78433.119036
8770,3000,78442.379436
8308,3000,78452.053523
8556,3000,78461.527241
8624,3000,78470.738967
8680,3000,78480.541581
8656,3000,78505.065833
8888,3000,78515.286968
8640,3000,78525.04347
8512,3000,78534.620059
8418,3000,78544.355446
8716,3000,78553.997223
8588,3000,78563.649616
8742,3000,78572.832605
8794,3000,78582.843175
8568,3000,78592.325505
8590,3000,78601.898391
8646,3000,78611.66618
8228,3000,78621.183314
8756,3000,78631.227914
8696,3000,78640.837273
8726,3000,78650.603163
8654,3000,78660.389187
8482,3000,78670.418817
8442,3000,78680.421902
8726,3000,78690.451627
8530,3000,78699.932254
8546,3000,78709.034565
8448,3000,78718.263745
8480,3000,78728.043807
8706,3000,78737.269164
8244,3000,78746.614347
8032,3000,78756.053943
8428,3000,78765.576514
8670,3000,78775.547708
8590,3000,78785.294968
8698,3000,78795.28104
8492,3000,78805.068969
8178,3000,78815.041048
8706,3000,78824.828572
8540,3000,78834.076814
8204,3000,78843.849987
8422,3000,78853.31875
8598,3000,78862.937707
8684,3000,78872.877782
8504,3000,78883.015334
8728,3000,78892.706282
8376,3000,78902.248613
8602,3000,78911.859212
8372,3000,78921.322889
8704,3000,78931.192102
8616,3000,78940.694084
8566,3000,78950.801372
8324,3000,78960.678927
8712,3000,78969.826948
8468,3000,78979.315707
8586,3000,78989.136468
8118,3000,78998.544518
8866,3000,79008.960934
9004,3000,79018.507297
8672,3000,79028.295928
8536,3000,79038.13148
8592,3000,79047.708669
8950,3000,79057.766224
8112,3000,79067.071877
8498,3000,79076.582471
8524,3000,79086.672
8382,3000,79096.452457
8374,3000,79106.166379
8820,3000,79115.511435
8660,3000,79125.453173
8820,3000,79136.26003
8180,3000,79145.670526
8380,3000,79170.37128
8702,3000,79180.100202
8618,3000,79189.874014
8436,3000,79200.071506
8692,3000,79209.497581
8644,3000,79219.280801
8808,3000,79229.080045
8704,3000,79238.895823
8230,3000,79248.433206
8566,3000,79257.986876
8732,3000,79267.81107
8566,3000,79277.41026
8776,3000,79287.257677
8684,3000,79296.768318
8498,3000,79306.613858
8914,3000,79316.01636
8436,3000,79325.636481
8302,3000,79335.891367
8298,3000,79345.487122
8754,3000,79355.135601
9120,3000,79364.554361
8548,3000,79374.366953
8378,3000,79384.162525
8752,3000,79393.65829
8680,3000,79403.217678
8504,3000,79412.880466
8532,3000,79422.393271
8478,3000,79431.360721
8524,3000,79440.947426
8840,3000,79450.386188
8400,3000,79460.016294
8648,3000,79469.56463
8318,3000,79479.177429
8674,3000,79489.378139
8496,3000,79499.537336
8312,3000,79509.167636
8724,3000,79518.373592
8856,3000,79528.037326
8558,3000,79538.060158
8226,3000,79548.231721
8580,3000,79558.430854
8932,3000,79568.58648
8910,3000,79578.842948
8406,3000,79588.982793
8638,3000,79598.880882
8340,3000,79608.734108
8410,3000,79618.395156
8764,3000,79627.875902
8622,3000,79638.445018
8478,3000,79648.263453
8452,3000,79658.687046
8662,3000,79668.751839
8700,3000,79678.685864
8552,3000,79688.246463
8522,3000,79697.520031
8600,3000,79708.167003
8796,3000,79717.801707
8320,3000,79727.912523
8124,3000,79737.204392
8434,3000,79746.849581
8422,3000,79756.480314
8792,3000,79766.858164
8702,3000,79777.106151
8556,3000,79786.692102
8180,3000,79796.327273
8736,3000,79806.420296
8838,3000,79815.936459
8952,3000,79840.827589
8744,3000,79850.578392
8626,3000,79860.502972
8354,3000,79870.489122
8454,3000,79880.034631
9052,3000,79890.405434
8512,3000,79900.321226
8768,3000,79910.051805
8582,3000,79919.882061
8508,3000,79929.579246
8918,3000,79939.08114
8584,3000,79948.735637
8648,3000,79958.353081
8514,3000,79968.196902
8304,3000,79978.01887
8924,3000,79988.373158
8366,3000,79997.757316
8178,3000,80007.486053
8506,3000,80016.911597
8488,3000,80026.425757
8610,3000,80036.109861
8774,3000,80045.142935
8552,3000,80054.965092
8534,3000,80064.607313
8682,3000,80074.587296
8814,3000,80084.765198
8448,3000,80094.989642
8604,3000,80105.464189
8756,3000,80115.238173
8424,3000,80125.90637
8640,3000,80135.810713
8592,3000,80145.451113
8804,3000,80155.379169
8370,3000,80164.872909
8528,3000,80174.469549
8514,3000,80183.990075
8520,3000,80194.00497
8630,3000,80204.269082
8432,3000,80213.987921
8974,3000,80223.468136
8800,3000,80233.790579
8634,3000,80243.23548
9018,3000,80253.607126
8632,3000,80263.554618
8658,3000,80273.488472
8430,3000,80283.548437
8736,3000,80293.476363
8536,3000,80302.968593
8730,3000,80312.697752
8558,3000,80322.038874
8758,3000,80331.69037
8828,3000,80341.443234
8636,3000,80350.919695
8794,3000,80360.70716
8566,3000,80370.565169
8434,3000,80380.363784
8974,3000,80390.86875
8418,3000,80400.824803
8644,3000,80410.866906
8918,3000,80421.099686
8748,3000,80431.169546
8696,3000,80440.847859
8436,3000,80451.035857
8558,3000,80460.865391
8634,3000,80470.568389
8464,3000,80480.242967
8756,3000,80505.213798
8798,3000,80515.265684
8462,3000,80524.825168
8780,3000,80534.300067
8562,3000,80543.842224
8642,3000,80553.802991
8838,3000,80563.329362
8390,3000,80573.054652
8128,3000,80582.732306
8664,3000,80592.487836
8634,3000,80603.065731
8124,3000,80612.81336
8644,3000,80622.64665
8572,3000,80632.617932
8152,3000,80642.079666
8624,3000,80651.718198
8740,3000,80662.010744
8800,3000,80672.192267
8558,3000,80681.924859
8784,3000,80691.110966
8778,3000,80700.613894
8674,3000,80710.010189
8764,3000,80719.943743
8806,3000,80729.758629
9046,3000,80739.253182
8642,3000,80749.700635
8734,3000,80759.861435
8562,3000,80769.586807
8958,3000,80779.161004
8838,3000,80789.155632
8502,3000,80799.127344
8538,3000,80808.497173
8810,3000,80818.243464
8752,3000,80828.548242
8826,3000,80838.182101
8532,3000,80848.116014
8678,3000,80857.430134
8946,3000,80866.736414
8756,3000,80876.871538
8356,3000,80886.526226
8442,3000,80896.197997
8156,3000,80905.566643
8522,3000,80914.897948
8916,3000,80924.470478
8870,3000,80935.110244
8828,3000,80944.583009
8730,3000,80954.843207
8356,3000,80964.887713
8738,3000,80974.523279
8478,3000,80984.310901
9108,3000,80993.675909
8512,3000,81003.323801
8352,3000,81012.906276
8350,3000,81022.457698
8630,3000,81031.8538
8854,3000,81041.938573
8264,3000,81051.614852
9088,3000,81061.36647
8388,3000,81071.696114
8628,3000,81081.734304
8220,3000,81091.531528
8742,3000,81101.212224
8050,3000,81110.845663
8282,3000,81120.718917
8736,3000,81130.222688
8680,3000,81140.177097
8470,3000,81150.389332
8660,3000,81174.731245
8546,3000,81184.479759
8122,3000,81194.325258
8780,3000,81204.470472
8640,3000,81214.271594
8320,3000,81224.178487
8586,3000,81233.256923
8734,3000,81243.398968
8676,3000,81253.708578
8454,3000,81263.608223
8734,3000,81273.310578
8386,3000,81283.188968
8486,3000,81292.591173
9070,3000,81302.426236
8198,3000,81312.479367
8590,3000,81321.936117
8528,3000,81331.955549
8834,3000,81341.855725
8572,3000,81351.151899
8456,3000,81360.563271
8568,3000,81370.241802
8676,3000,81379.849099
8452,3000,81389.685678
8828,3000,81398.968062
8464,3000,81408.529996
8702,3000,81417.964356
8810,3000,81428.113232
8502,3000,81437.656062
8852,3000,81447.857234
8734,3000,81457.899131
8630,3000,81467.954698
8586,3000,81478.09215
8848,3000,81488.95798
8498,3000,81498.658199
8694,3000,81508.231891
8402,3000,81517.500191
8474,3000,81526.787245
8234,3000,81536.364031
8622,3000,81546.824508
8502,3000,81556.546337
8802,3000,81565.741178
8492,3000,81575.766763
8642,3000,81586.038937
8810,3000,81595.511001
8626,3000,81605.542392
8686,3000,81615.20548
8926,3000,81624.805912
8514,3000,81634.392892
8460,3000,81643.929821
8540,3000,81653.83185
8328,3000,81663.610841
8468,3000,81673.155877
8148,3000,81682.82662
8908,3000,81692.794008
8464,3000,81702.531294
8866,3000,81712.406128
8224,3000,81722.150779
8778,3000,81732.023894
8758,3000,81741.612594
8762,3000,81751.101396
8752,3000,81760.585492
8108,3000,81770.480959
8656,3000,81780.165838
8828,3000,81790.507938
8960,3000,81801.096674
8406,3000,81810.481328
8188,3000,81820.461423
8732,3000,81845.733762
8744,3000,81855.947027
8956,3000,81865.024671
8336,3000,81875.008227
8836,3000,81884.61091
8084,3000,81894.123569
8670,3000,81903.455823
8788,3000,81913.206124
8394,3000,81922.662148
8632,3000,81932.617987
8548,3000,81942.176011
8436,3000,81951.389855
8720,3000,81961.518229
8534,3000,81971.66063
8740,3000,81981.58096
8800,3000,81991.75573
8630,3000,82001.047136
8742,3000,82010.74378
8440,3000,82019.909618
8574,3000,82030.22793
8966,3000,82040.268854
8724,3000,82049.816863
8702,3000,82059.348641
8902,3000,82068.542866
8606,3000,82077.751251
8650,3000,82087.675787
8050,3000,82097.950654
8502,3000,82108.114839
8558,3000,82117.698026
8906,3000,82127.260762
8708,3000,82137.554142
8354,3000,82147.18808
8474,3000,82156.841724
8648,3000,82167.37532
8492,3000,82177.240175
8840,3000,82187.444629
8502,3000,82197.432161
9026,3000,82207.516514
8512,3000,82217.242517
8658,3000,82227.137561
8692,3000,82237.263027
8104,3000,82247.27959
8580,3000,82257.087836
8800,3000,82267.221256
8824,3000,82276.606258
8614,3000,82286.530892
8396,3000,82296.043027
8394,3000,82306.174542
8712,3000,82315.697937
8298,3000,82325.272991
8756,3000,82335.190697
8170,3000,82344.518389
8772,3000,82354.578047
8306,3000,82363.521707
8426,3000,82373.630294
8476,3000,82383.158507
8520,3000,82393.070699
8518,3000,82403.130508
8668,3000,82413.020457
8682,3000,82422.798723
8624,3000,82432.4107
8834,3000,82441.933106
8592,3000,82451.629978
8292,3000,82461.166065
8798,3000,82470.750193
8904,3000,82480.345153
8608,3000,82504.727914
8930,3000,82514.969704
8708,3000,82524.838562
8950,3000,82534.718367
8354,3000,82544.544966
8824,3000,82554.973845
8718,3000,82564.427424
8614,3000,82574.391
8628,3000,82584.10671
9048,3000,82593.839911
8498,3000,82604.051844
8782,3000,82614.051849
8356,3000,82623.366085
8510,3000,82633.502828
8414,3000,82643.240178
8596,3000,82653.162286
8376,3000,82662.977785
8610,3000,82672.517155
8662,3000,82682.288875
8558,3000,82692.496723
8570,3000,82701.881291
8490,3000,82711.554631
8636,3000,82721.202487
8524,3000,82730.571708
8986,3000,82740.470091
8356,3000,82750.54959
8530,3000,82759.811673
8840,3000,82769.660214
8716,3000,82779.274736
8416,3000,82789.0735
8586,3000,82798.711379
8480,3000,82808.712235
8774,3000,82818.595618
8340,3000,82827.975398
8550,3000,82837.769833
8530,3000,82847.960141
8434,3000,82858.228148
8512,3000,82868.385186
8912,3000,82878.404965
8692,3000,82887.736091
8190,3000,82897.07816
8438,3000,82907.11385
8238,3000,82916.887338
8616,3000,82926.227947
8804,3000,82935.835746
8804,3000,82945.462069
8590,3000,82955.698807
8464,3000,82965.626333
8782,3000,82975.701498
8802,3000,82985.317922
8942,3000,82995.211841
8886,3000,83005.35691
8214,3000,83014.529206
8382,3000,83024.274954
8464,3000,83033.998826
8484,3000,83043.507412
8948,3000,83053.25341
8762,3000,83062.74812
8726,3000,83072.159703
8322,3000,83081.858774
8598,3000,83091.516042
8604,3000,83101.120258
8656,3000,83111.32283
8438,3000,83121.031972
8584,3000,83130.49952
8448,3000,83140.441049
8712,3000,83150.252141
8514,3000,83174.489151
8712,3000,83184.148926
8300,3000,83193.258126
8386,3000,83202.398828
8844,3000,83212.540948
8988,3000,83222.319351
8712,3000,83232.511432
8646,3000,83241.867688
8644,3000,83251.486583
8568,3000,83261.015978
8514,3000,83270.474036
8408,3000,83280.414235
8566,3000,83289.251797
8612,3000,83298.574644
8366,3000,83308.356674
8466,3000,83318.050823
8660,3000,83328.083927
8638,3000,83338.275294
8436,3000,83348.323854
8794,3000,83358.320551
8426,3000,83367.660964
8654,3000,83376.922836
8830,3000,83386.219005
8670,3000,83395.885421
8808,3000,83405.434288
8228,3000,83414.80735
8902,3000,83424.741747
8494,3000,83434.515918
8630,3000,83444.275683
8556,3000,83454.203419
8482,3000,83464.016936
8876,3000,83473.471792
8480,3000,83482.557582
8598,3000,83492.830714
8228,3000,83502.286054
8368,3000,83512.004973
8386,3000,83521.747245
8108,3000,83531.417342
8696,3000,83541.62367
8312,3000,83551.151402
8968,3000,83560.965148
8728,3000,83570.130361
8434,3000,83579.272922
8776,3000,83589.391207
8654,3000,83599.790407
8272,3000,83609.345531
8484,3000,83619.636205
8960,3000,83629.119352
8662,3000,83638.704885
8536,3000,83648.381895
8902,3000,83658.106712
8564,3000,83668.122935
8362,3000,83677.431607
8808,3000,83686.873545
8544,3000,83696.603174
8532,3000,83706.830677
8520,3000,83716.841892
8916,3000,83726.68375
8780,3000,83736.18174
8380,3000,83746.011533
8236,3000,83755.808221
8666,3000,83765.665139
8684,3000,83775.295555
8706,3000,83785.349611
8622,3000,83794.922048
8976,3000,83804.499461
9054,3000,83814.009556
8706,3000,83839.000438
8936,3000,83849.403032
8792,3000,83858.925013
8566,3000,83868.21219
8272,3000,83877.148767
8608,3000,83886.842136
8756,3000,83896.248683
8756,3000,83906.114588
8420,3000,83915.416936
8672,3000,83924.901794
8952,3000,83934.640567
8328,3000,83944.63598
8714,3000,83954.045592
8730,3000,83963.545244
8854,3000,83973.142951
8694,3000,83982.854922
8898,3000,83992.401489
8476,3000,84001.406633
8802,3000,84011.657851
8976,3000,84021.289383
8768,3000,84031.425348
8530,3000,84041.108352
8600,3000,84050.912353
8552,3000,84060.361894
8706,3000,84070.265487
8522,3000,84079.648397
8352,3000,84088.856949
8596,3000,84099.146864
8552,3000,84109.038304
8502,3000,84118.878552
8494,3000,84128.902516
8714,3000,84138.413785
8884,3000,84147.967507
8382,3000,84157.379547
8318,3000,84167.06455
8684,3000,84176.859505
8430,3000,84186.297208
8476,3000,84196.187734
8974,3000,84206.021881
8640,3000,84215.240166
8508,3000,84224.553744
8966,3000,84234.89122
8582,3000,84244.484779
8286,3000,84254.353799
8742,3000,84264.406431
8136,3000,84273.722608
8540,3000,84283.199303
8550,3000,84292.409376
8626,3000,84302.166194
8538,3000,84311.785084
8404,3000,84321.805345
8572,3000,84331.261065
8638,3000,84340.473741
8666,3000,84350.089952
8540,3000,84360.230012
8642,3000,84369.807596
8506,3000,84379.412681
8580,3000,84388.631448
8762,3000,84398.854832
8612,3000,84408.535261
8822,3000,84418.504619
8272,3000,84428.004873
8618,3000,84437.922843
8542,3000,84447.968838
8690,3000,84457.988563
8606,3000,84467.88474
8480,3000,84491.983003
8580,3000,84501.20234
8722,3000,84510.924363
8456,3000,84520.499061
8382,3000,84529.873597
8622,3000,84539.899487
8838,3000,84549.777063
8440,3000,84559.790998
8480,3000,84569.209395
8432,3000,84578.930418
8620,3000,84588.800972
8574,3000,84598.805227
8920,3000,84609.094292
8786,3000,84618.895105
8610,3000,84628.071892
8740,3000,84638.121633
8590,3000,84648.242895
8878,3000,84658.606961
8874,3000,84667.782911
8640,3000,84677.621677
8718,3000,84687.583057
8736,3000,84697.466346
8688,3000,84707.393961
8776,3000,84716.591162
8900,3000,84725.868744
8712,3000,84735.61904
8742,3000,84745.137575
8422,3000,84754.523581
8350,3000,84763.846748
8392,3000,84773.373014
8350,3000,84783.127137
8710,3000,84793.024946
8766,3000,84803.05993
8742,3000,84812.295886
8456,3000,84822.212817
8658,3000,84831.856479
8638,3000,84841.654665
9028,3000,84850.991373
8714,3000,84860.876977
8626,3000,84870.356819
8866,3000,84880.557752
8760,3000,84890.699161
8506,3000,84900.763387
8784,3000,84910.218684
8530,3000,84919.83942
8632,3000,84929.698509
8832,3000,84939.154665
8976,3000,84948.830824
8472,3000,84958.264376
8822,3000,84968.123554
9014,3000,84977.98441
8556,3000,84987.438527
8774,3000,84997.01714
9066,3000,85006.871371
8696,3000,85016.438866
8594,3000,85025.941407
8550,3000,85035.680367
8534,3000,85045.176145
8576,3000,85055.479426
8696,3000,85064.885914
8464,3000,85074.62236
8426,3000,85084.437454
8672,3000,85094.037756
8426,3000,85103.69732
8758,3000,85113.361386
8652,3000,85123.096692
8556,3000,85133.245464
8624,3000,85158.350682
8586,3000,85167.877604
8858,3000,85177.448214
8680,3000,85187.154921
8654,3000,85197.42405
8486,3000,85207.189265
8596,3000,85216.946621
8778,3000,85227.014475
8186,3000,85236.37341
8604,3000,85245.810981
8914,3000,85256.012569
8840,3000,85265.089641
8402,3000,85274.496334
8752,3000,85284.402215
8546,3000,85294.651638
8598,3000,85304.857568
8906,3000,85314.437344
8836,3000,85324.391575
8932,3000,85334.169711
8554,3000,85344.397209
8406,3000,85353.852684
8456,3000,85363.377509
8504,3000,85373.457119
8540,3000,85382.951188
8786,3000,85392.657827
8500,3000,85402.393074
8688,3000,85411.721782
8632,3000,85421.44015
8452,3000,85431.479107
8530,3000,85441.399929
8456,3000,85451.345403
8528,3000,85460.978159
8698,3000,85470.814206
8788,3000,85480.184735
8424,3000,85490.293967
8330,3000,85500.370145
8538,3000,85510.280853
8596,3000,85520.162984
8288,3000,85529.71637
8554,3000,85539.586287
8648,3000,85549.256276
8758,3000,85559.208657
8414,3000,85569.154258
8570,3000,85578.946054
8710,3000,85588.941402
8680,3000,85598.62832
8062,3000,85608.02008
8418,3000,85617.1517
8976,3000,85627.466342
8472,3000,85637.103839
8276,3000,85646.669388
8686,3000,85656.077402
8336,3000,85665.459661
8766,3000,85675.251457
8520,3000,85684.749887
8486,3000,85694.356047
8720,3000,85704.36955
8634,3000,85714.404334
8522,3000,85723.530084
8368,3000,85733.036794
8616,3000,85742.428505
8562,3000,85751.952741
8530,3000,85761.820797
8776,3000,85771.018499
8544,3000,85780.557248
8652,3000,85790.091335
8236,3000,85798.989965
8200,3000,85824.132067
8348,3000,85834.381001
8834,3000,85843.970037
8432,3000,85853.257815
8538,3000,85862.385044
8556,3000,85872.13311
8544,3000,85882.130223
8784,3000,85891.519096
8536,3000,85901.569508
8354,3000,85911.045575
8906,3000,85920.976741
8854,3000,85931.026321
8438,3000,85941.090857
8822,3000,85950.576385
8732,3000,85959.838085
8622,3000,85970.014805
9088,3000,85979.82523
8678,3000,85988.935724
8768,3000,85998.077545
8436,3000,86007.461296
9000,3000,86017.447174
8642,3000,86027.216555
8456,3000,86036.550812
8606,3000,86046.514631
8576,3000,86056.072608
8488,3000,86065.21423
8788,3000,86075.362065
8506,3000,86085.061175
8458,3000,86094.902726
8450,3000,86104.507198
8844,3000,86114.121747
8754,3000,86124.204622
8984,3000,86133.753298
8950,3000,86143.43671
8442,3000,86153.011951
8722,3000,86163.119173
8882,3000,86172.894429
8702,3000,86182.220996
8792,3000,86191.690825
8572,3000,86201.445219
8764,3000,86211.627476
8742,3000,86222.156468
8634,3000,86232.2331
8924,3000,86242.327797
8440,3000,86252.06171
8656,3000,86261.375413
8642,3000,86271.353103
8550,3000,86281.489122
8494,3000,86291.68585
8552,3000,86301.239567
8672,3000,86311.3452
8496,3000,86321.050191
8778,3000,86330.819442
8422,3000,86340.027969
8442,3000,86349.711513
8444,3000,86359.851902
8538,3000,86369.817169
8820,3000,86379.647728
8510,3000,86389.260606
8728,3000,86398.659906
8672,3000,86408.031472
8522,3000,86418.347919
8986,3000,86428.101915
8778,3000,86437.572369
8350,3000,86446.860081
8988,3000,86456.819911
8330,3000,86481.751571
8864,3000,86491.376004
8554,3000,86500.906209
8448,3000,86510.596096
8678,3000,86520.110907
8554,3000,86529.428475
8442,3000,86538.727674
8734,3000,86548.730759
8278,3000,86558.35425
8340,3000,86568.315099
8322,3000,86577.799633
8602,3000,86587.756368
8384,3000,86598.239446
8362,3000,86607.439273
8288,3000,86617.322279
8758,3000,86627.161671
8824,3000,86636.530049
8578,3000,86646.261527
8544,3000,86656.106814
8356,3000,86665.536065
8326,3000,86675.379863
8650,3000,86685.212733
8620,3000,86695.082741
8484,3000,86705.02232
8552,3000,86714.65545
8830,3000,86723.906728
8554,3000,86733.608604
8562,3000,86743.239263
8520,3000,86752.388316
8532,3000,86762.015318
8848,3000,86772.451398
8378,3000,86781.716067
8522,3000,86791.657089
8776,3000,86800.922774
8628,3000,86810.858953
8322,3000,86820.320234
8810,3000,86829.753402
8770,3000,86839.732038
8644,3000,86849.381719
9154,3000,86859.159739
8612,3000,86868.949536
8486,3000,86878.531209
8450,3000,86887.619802
8472,3000,86897.244445
8602,3000,86906.878577
8238,3000,86916.593564
8468,3000,86925.724314
8722,3000,86935.1961
8408,3000,86944.817523
8368,3000,86954.964981
8684,3000,86965.402895
8426,3000,86975.444834
8890,3000,86985.347691
8448,3000,86994.926852
9062,3000,87004.856331
8284,3000,87014.220878
8506,3000,87023.684546
8860,3000,87033.399136
8408,3000,87042.855307
8426,3000,87052.452814
8652,3000,87062.681725
8688,3000,87072.386169
8528,3000,87082.025249
8572,3000,87091.682971
9082,3000,87102.016532
8490,3000,87111.652837
8656,3000,87121.891701
8534,3000,87146.398116
8432,3000,87156.75417
8722,3000,87166.204039
8458,3000,87176.116452
8634,3000,87186.134049
8588,3000,87195.581702
8314,3000,87205.673461
8420,3000,87214.80793
8932,3000,87225.021342
8408,3000,87234.50926
8762,3000,87244.196646
8668,3000,87253.737634
8464,3000,87263.487357
8750,3000,87272.789835
8860,3000,87282.32161
8696,3000,87292.356469
8714,3000,87301.857086
9016,3000,87311.659022
8946,3000,87321.729148
8440,3000,87331.581325
8686,3000,87341.24283
8548,3000,87351.219119
8574,3000,87361.396
8712,3000,87371.179099
8818,3000,87380.741998
8602,3000,87390.295358
8586,3000,87400.264794
8588,3000,87410.015324
8894,3000,87420.090899
8770,3000,87429.833844
8790,3000,87439.200489
8686,3000,87448.474414
8516,3000,87458.0446
8262,3000,87467.445314
8764,3000,87477.193773
8516,3000,87486.698369
8540,3000,87496.053574
9368,3000,87505.490588
8738,3000,87515.500184
8722,3000,87525.573966
8336,3000,87535.430231
8490,3000,87544.921225
8542,3000,87554.240933
8396,3000,87564.394559
8528,3000,87573.831626
8726,3000,87583.677719
8118,3000,87592.829113
8574,3000,87602.842092
8704,3000,87612.588022
8916,3000,87622.032174
8376,3000,87630.893409
8708,3000,87640.466023
8824,3000,87650.04465
8612,3000,87659.504884
8638,3000,87668.642493
8490,3000,87678.240499
8696,3000,87687.851641
8770,3000,87697.669181
8682,3000,87707.663962
8634,3000,87717.501547
9066,3000,87727.239628
8800,3000,87737.14321
8696,3000,87746.505093
8666,3000,87756.414344
8582,3000,87765.815649
8450,3000,87775.131394
8694,3000,87784.591319
8482,3000,87809.430024
8662,3000,87818.862777
8300,3000,87828.564199
8830,3000,87838.353552
8276,3000,87848.07481
8668,3000,87858.370584
8766,3000,87867.780369
8846,3000,87877.440751
8798,3000,87886.968321
8822,3000,87896.523684
8706,3000,87906.091982
8712,3000,87916.064091
8668,3000,87925.350516
8776,3000,87935.714334
8870,3000,87945.209714
8514,3000,87954.456119
8554,3000,87964.459404
8638,3000,87974.34359
8122,3000,87983.487985
8484,3000,87993.147144
8522,3000,88003.164916
8490,3000,88013.143717
8616,3000,88022.432085
8648,3000,88033.058288
8662,3000,88042.546369
8908,3000,88051.663696
8496,3000,88061.567649
8604,3000,88071.441662
8538,3000,88081.072273
8576,3000,88090.901356
8694,3000,88101.051038
8776,3000,88110.421406
8802,3000,88119.962834
8730,3000,88129.585395
8442,3000,88139.050577
8846,3000,88149.773947
8386,3000,88159.15295
8420,3000,88169.188168
8784,3000,88178.623905
8408,3000,88187.635533
8084,3000,88197.361609
8340,3000,88206.840454
8744,3000,88216.654369
8650,3000,88226.298186
8906,3000,88235.862194
8610,3000,88245.465322
8590,3000,88255.434888
8648,3000,88265.532492
8506,3000,88275.359589
8842,3000,88284.933261
8712,3000,88295.07329
8644,3000,88304.958372
8776,3000,88314.623576
8740,3000,88324.007979
8614,3000,88333.834864
8754,3000,88343.124977
8532,3000,88353.659806
8760,3000,88363.196261
8556,3000,88372.055939
8606,3000,88382.049774
8390,3000,88391.341312
8846,3000,88400.843009
8748,3000,88410.295033
8416,3000,88419.493303
8614,3000,88429.189274
8422,3000,88439.024397
8856,3000,88464.252851
8114,3000,88474.011425
8732,3000,88483.519529
8644,3000,88493.436865
8460,3000,88503.027635
8534,3000,88512.600712
8642,3000,88522.16329
8648,3000,88531.417796
8414,3000,88541.804385
8520,3000,88551.51657
8850,3000,88561.636253
8302,3000,88571.673306
8380,3000,88581.520448
8328,3000,88591.285956
8430,3000,88601.571471
8192,3000,88611.343815
8214,3000,88621.011476
8514,3000,88630.842399
8440,3000,88641.089159
8408,3000,88650.476895
8576,3000,88659.875771
8606,3000,88669.252834
8506,3000,88678.53512
8488,3000,88688.400463
8616,3000,88698.050735
8352,3000,88708.17572
8552,3000,88718.167506
8730,3000,88727.750282
8628,3000,88737.816025
8400,3000,88747.134613
8222,3000,88756.843585
8372,3000,88766.350924
8804,3000,88776.256696
8684,3000,88785.936113
8764,3000,88795.77242
8666,3000,88805.216578
8508,3000,88814.704809
8498,3000,88824.245161
8900,3000,88834.061676
8612,3000,88844.689889
8450,3000,88854.392875
8672,3000,88864.158608
8578,3000,88873.353366
8668,3000,88882.691506
8560,3000,88892.848697
8362,3000,88902.147934
8354,3000,88911.608553
8686,3000,88921.219282
8682,3000,88931.002125
8862,3000,88941.092777
8796,3000,88951.065655
8602,3000,88961.027309
8822,3000,88971.354732
8890,3000,88980.999086
8064,3000,88990.469853
8646,3000,89000.408627
8416,3000,89010.452069
8394,3000,89020.094915
8896,3000,89029.296158
8330,3000,89039.159508
8776,3000,89049.598411
8672,3000,89059.083443
8506,3000,89068.83497
8738,3000,89078.532898
8658,3000,89087.849072
8496,3000,89097.16353
8604,3000,89106.748177
8426,3000,89132.138323
8908,3000,89141.957731
8640,3000,89151.816478
8502,3000,89161.180859
8820,3000,89170.503826
8814,3000,89180.705914
8668,3000,89190.71804
8844,3000,89200.228828
8338,3000,89210.624728
8466,3000,89220.191422
8548,3000,89229.954687
8306,3000,89239.821988
8438,3000,89249.467774
8964,3000,89259.424982
8506,3000,89268.67834
8850,3000,89278.15417
8784,3000,89287.570862
8808,3000,89297.332014
8300,3000,89307.167041
8398,3000,89316.892724
8550,3000,89326.693989
8708,3000,89336.184577
8048,3000,89345.588498
8666,3000,89355.871352
8990,3000,89365.513819
8568,3000,89376.109187
8578,3000,89385.840779
8708,3000,89395.19271
8920,3000,89404.768829
8792,3000,89414.463064
8588,3000,89424.259895
9056,3000,89434.502272
8682,3000,89444.053218
8346,3000,89453.909765
8660,3000,89463.899634
8516,3000,89473.70181
8758,3000,89483.357601
8258,3000,89492.953678
8306,3000,89502.334219
8694,3000,89511.859063
8956,3000,89521.491431
8644,3000,89530.976967
8870,3000,89540.583496
8640,3000,89549.876692
8666,3000,89559.978455
8452,3000,89570.278428
8616,3000,89579.787251
8614,3000,89589.775235
8496,3000,89599.49196
8436,3000,89609.165516
8510,3000,89618.971642
8216,3000,89628.570269
8502,3000,89638.176133
8802,3000,89647.893972
8248,3000,89657.705019
8792,3000,89667.339251
8622,3000,89677.100495
8320,3000,89686.504716
8654,3000,89696.167426
8620,3000,89705.809468
8772,3000,89715.725893
8726,3000,89725.526952
8622,3000,89735.217759
8600,3000,89745.054839
8662,3000,89754.941997
8064,3000,89764.909563
8610,3000,89774.219587
8418,3000,89799.330194
8306,3000,89809.030605
8456,3000,89818.746326
8324,3000,89828.230411
8304,3000,89838.109157
8556,3000,89847.821976
8496,3000,89857.314489
8734,3000,89867.544312
8294,3000,89877.349521
8670,3000,89887.740583
8556,3000,89897.202623
8828,3000,89907.104961
8642,3000,89916.955664
8428,3000,89926.387645
8394,3000,89936.392357
8634,3000,89945.920577
8622,3000,89955.362486
8430,3000,89965.038034
8762,3000,89974.896887
8914,3000,89985.478337
8394,3000,89994.716726
8566,3000,90004.256574
8544,3000,90013.893901
8708,3000,90023.629768
8478,3000,90032.969696
8608,3000,90042.772977
8670,3000,90052.269218
8692,3000,90061.99449
8710,3000,90071.660198
8436,3000,90081.267935
8494,3000,90091.1401
8446,3000,90100.269271
8888,3000,90109.853592
8554,3000,90119.515431
8956,3000,90129.263673
8616,3000,90138.314146
8720,3000,90147.924454
8394,3000,90158.113725
8892,3000,90168.039321
8660,3000,90177.699366
8820,3000,90187.197789
8826,3000,90197.074331
8622,3000,90206.272848
8996,3000,90216.842404
8776,3000,90226.306334
8598,3000,90235.786852
8664,3000,90245.888812
8838,3000,90255.568053
8364,3000,90265.455824
8864,3000,90274.771181
8616,3000,90284.585922
8698,3000,90294.521387
8778,3000,90303.614165
8362,3000,90313.295337
8598,3000,90323.186597
8854,3000,90333.042563
8258,3000,90342.875631
8436,3000,90352.876846
8548,3000,90362.390063
8542,3000,90372.023367
8440,3000,90381.857025
8636,3000,90391.386061
8714,3000,90401.150571
8530,3000,90411.148434
8796,3000,90421.090791
9074,3000,90430.883255
8648,3000,90455.898564
8872,3000,90465.800878
8338,3000,90475.354116
8424,3000,90484.799974
8530,3000,90494.002175
8450,3000,90503.863743
8690,3000,90513.181128
8530,3000,90523.433913
8810,3000,90533.082667
8568,3000,90543.100315
8406,3000,90552.436371
8334,3000,90562.714181
8826,3000,90572.708299
8376,3000,90581.920947
8706,3000,90591.180247
8610,3000,90601.135974
8794,3000,90610.725123
8954,3000,90620.777301
8704,3000,90630.236867
8716,3000,90640.150662
8454,3000,90649.872733
8622,3000,90659.776932
8692,3000,90669.982491
8542,3000,90679.679264
8444,3000,90689.575874
8360,3000,90699.034413
8932,3000,90708.842871
8178,3000,90718.196313
8716,3000,90728.021027
9048,3000,90737.862083
8730,3000,90747.154318
8870,3000,90757.531105
8526,3000,90767.043366
8876,3000,90776.047908
8702,3000,90785.608949
8498,3000,90795.241081
8508,3000,90804.774811
8516,3000,90814.57798
8716,3000,90824.005736
8824,3000,90833.440821
8524,3000,90842.582068
8606,3000,90852.225852
8684,3000,90862.022696
8290,3000,90871.440118
8434,3000,90880.61003
8670,3000,90889.763433
8288,3000,90899.651221
8672,3000,90909.263961
8930,3000,90918.827674
8924,3000,90928.598682
8276,3000,90937.763172
8798,3000,90947.846529
8430,3000,90957.660955
8296,3000,90967.602146
8330,3000,90976.895613
8516,3000,90986.373474
8588,3000,90995.939587
8448,3000,91005.546459
8792,3000,91015.407871
8468,3000,91024.822756
8854,3000,91034.639435
8614,3000,91044.055214
8726,3000,91053.728728
8394,3000,91063.429553
8494,3000,91072.838846
8668,3000,91082.832029
8924,3000,91092.398488
8522,3000,91117.364361
8262,3000,91127.105966
8502,3000,91137.188737
8382,3000,91146.859386
8434,3000,91156.707574
8868,3000,91166.279099
8572,3000,91176.164135
8596,3000,91185.34587
8622,3000,91194.662642
8720,3000,91204.631576
8436,3000,91213.632249
8610,3000,91222.598787
8600,3000,91232.066512
8634,3000,91241.581192
8562,3000,91251.70373
8798,3000,91260.761132
8922,3000,91270.268224
8782,3000,91280.075984
8834,3000,91290.68015
8406,3000,91300.141354
8918,3000,91310.005191
8612,3000,91319.847173
8554,3000,91329.826223
8452,3000,91339.611338
8770,3000,91349.1344
8462,3000,91359.006251
8604,3000,91368.913147
8274,3000,91379.161931
8556,3000,91388.451609
8428,3000,91397.895844
8846,3000,91407.941679
8590,3000,91418.013542
8446,3000,91427.665484
8656,3000,91436.835549
8614,3000,91446.32829
8576,3000,91455.889143
8424,3000,91465.711706
8922,3000,91475.844952
8780,3000,91485.4489
8462,3000,91494.328506
8652,3000,91503.633002
8656,3000,91513.095453
8870,3000,91522.721802
8574,3000,91532.202709
8580,3000,91541.855064
8730,3000,91551.261323
9090,3000,91560.741791
8812,3000,91570.003739
9122,3000,91579.612026
8844,3000,91588.68343
8702,3000,91598.177737
8718,3000,91608.295346
8508,3000,91617.670362
8364,3000,91627.578036
8580,3000,91636.915362
8832,3000,91646.676915
8656,3000,91656.282791
8508,3000,91665.802234
8650,3000,91675.080742
8804,3000,91684.700823
8600,3000,91694.313374
8566,3000,91703.747281
8484,3000,91714.011843
8396,3000,91723.769128
8448,3000,91733.573426
8768,3000,91743.612207
8702,3000,91752.984576
8554,3000,91777.431197
8702,3000,91787.100159
8564,3000,91796.933574
8466,3000,91806.510273
8836,3000,91816.908442
8386,3000,91826.213111
8282,3000,91835.524855
8520,3000,91844.965399
8604,3000,91854.742669
8590,3000,91864.970925
8408,3000,91874.203275
8832,3000,91883.569337
8708,3000,91893.165066
8634,3000,91902.835584
8308,3000,91911.857525
8694,3000,91921.760931
8474,3000,91931.666333
8626,3000,91941.240686
8668,3000,91951.128768
8434,3000,91960.991991
8316,3000,91970.715104
8476,3000,91979.816372
8840,3000,91989.833874
8746,3000,91999.647492
8216,3000,92009.320104
8774,3000,92018.71985
8310,3000,92028.789796
8574,3000,92038.091698
8760,3000,92048.001263
8494,3000,92057.650148
8358,3000,92067.315673
8616,3000,92076.619915
8568,3000,92085.848457
8580,3000,92095.8706
8674,3000,92105.758927
8430,3000,92115.482825
8858,3000,92125.307453
8642,3000,92134.681128
8466,3000,92144.754681
8576,3000,92154.237119
8906,3000,92163.905537
9086,3000,92173.576377
8704,3000,92183.880314
8678,3000,92193.23988
8792,3000,92203.249264
8794,3000,92212.926428
8578,3000,92222.137294
8474,3000,92231.513742
8376,3000,92241.356294
8656,3000,92251.043715
8358,3000,92261.040368
8436,3000,92270.444225
8686,3000,92280.245913
8622,3000,92289.645337
8922,3000,92299.639061
8736,3000,92309.52183
8932,3000,92319.232007
8608,3000,92329.03687
8412,3000,92338.606123
8824,3000,92348.428007
8662,3000,92358.215882
8874,3000,92367.828607
8690,3000,92377.771845
8728,3000,92387.351643
8962,3000,92397.276624
8632,3000,92406.554526
8532,3000,92431.914353
8504,3000,92441.373776
8110,3000,92450.520585
8872,3000,92460.261551
8574,3000,92469.757668
8444,3000,92479.173335
8534,3000,92488.711695
8712,3000,92498.465746
8388,3000,92507.758878
8492,3000,92517.290751
8764,3000,92526.599023
8554,3000,92535.793967
8890,3000,92545.714009
8494,3000,92555.056264
8524,3000,92564.207922
8508,3000,92574.387144
8426,3000,92583.791397
8736,3000,92593.727146
8510,3000,92603.56437
8290,3000,92612.787164
8382,3000,92622.648712
9088,3000,92632.21808
8552,3000,92641.478691
8618,3000,92651.555974
8744,3000,92661.22387
8536,3000,92671.093134
8758,3000,92680.391068
8910,3000,92690.107244
8776,3000,92700.394515
8498,3000,92710.01768
8452,3000,92718.624956
8502,3000,92727.746977
8726,3000,92736.866458
8550,3000,92745.959799
8960,3000,92755.124614
8616,3000,92764.20605
8626,3000,92773.22159
8388,3000,92783.018959
8786,3000,92792.014459
8646,3000,92800.957256
8934,3000,92810.071928
8724,3000,92818.92751
8648,3000,92827.94248
8554,3000,92837.005827
8480,3000,92846.129113
8480,3000,92855.14415
8444,3000,92864.691419
8574,3000,92873.462239
8796,3000,92882.302627
8646,3000,92890.97513
9124,3000,92900.206865
8682,3000,92909.574433
8898,3000,92918.682611
8804,3000,92928.44258
8642,3000,92937.864174
8772,3000,92947.081102
8624,3000,92956.022668
8648,3000,92965.448984
8590,3000,92974.209054
8658,3000,92983.156888
8284,3000,92992.174584
8604,3000,93001.660379
8918,3000,93010.870475
8474,3000,93020.222623
8206,3000,93029.466285
8376,3000,93038.803131
8522,3000,93047.880122
8732,3000,93070.438843
8734,3000,93079.170273
8258,3000,93088.183653
8596,3000,93097.25545
8756,3000,93106.154742
8868,3000,93115.493755
8992,3000,93124.797571
8776,3000,93134.194058
8762,3000,93143.23698
8898,3000,93152.483581
8286,3000,93161.765153
8680,3000,93170.763491
8894,3000,93180.058599
8860,3000,93189.061814
8720,3000,93197.64414
8912,3000,93207.246105
8460,3000,93215.53147
8432,3000,93224.552189
8660,3000,93233.55008
8660,3000,93242.659636
8654,3000,93252.12834
8916,3000,93261.448607
8250,3000,93270.323947
8428,3000,93279.418667
8532,3000,93288.67952
8900,3000,93297.645032
8620,3000,93306.271056
8324,3000,93315.540025
8770,3000,93324.658959
8422,3000,93333.939789
8806,3000,93343.164851
8764,3000,93352.006156
8488,3000,93360.716521
8734,3000,93370.151577
8768,3000,93379.206841
8346,3000,93388.193861
9052,3000,93397.168914
8588,3000,93406.011621
8474,3000,93415.185539
8424,3000,93424.271612
8252,3000,93433.496589
8624,3000,93442.512832
8588,3000,93451.833504
8510,3000,93461.282357
8398,3000,93470.579126
8386,3000,93480.297552
8494,3000,93489.897043
8114,3000,93498.466714
8544,3000,93507.693007
8704,3000,93516.784212
8290,3000,93525.96078
8704,3000,93534.959481
8192,3000,93544.147968
8758,3000,93552.823157
8632,3000,93561.947918
8766,3000,93571.211901
8898,3000,93580.582199
8448,3000,93589.631185
8364,3000,93598.53692
8550,3000,93607.535818
8580,3000,93617.008272
8534,3000,93626.137114
8420,3000,93634.988828
8488,3000,93643.641756
8382,3000,93652.63355
8572,3000,93661.738614
8910,3000,93671.002385
8832,3000,93694.203213
8242,3000,93703.455344
8540,3000,93713.051112
8492,3000,93722.05154
8588,3000,93731.376255
8748,3000,93740.957413
8562,3000,93749.841753
8624,3000,93759.422904
8604,3000,93768.895242
8842,3000,93778.299206
8670,3000,93787.594502
8658,3000,93796.687757
8692,3000,93805.968876
8606,3000,93814.971673
8916,3000,93823.652199
8628,3000,93832.531527
8902,3000,93842.017612
8710,3000,93851.274434
9132,3000,93860.400709
8600,3000,93869.593409
8612,3000,93878.450642
8466,3000,93887.274949
8296,3000,93896.182
8576,3000,93905.415588
8692,3000,93914.703171
8640,3000,93923.913082
9072,3000,93933.447752
8926,3000,93942.767905
8470,3000,93952.044966
8232,3000,93961.151231
8532,3000,93970.298257
8824,3000,93979.714011
8594,3000,93988.58306
8500,3000,93997.659817
8574,3000,94006.642061
8672,3000,94015.680298
8490,3000,94025.104716
8624,3000,94034.168174
8704,3000,94043.63396
9010,3000,94052.974964
8528,3000,94062.112799
8414,3000,94071.336725
8442,3000,94080.555634
8580,3000,94089.860374
8636,3000,94099.057372
8504,3000,94108.325881
8470,3000,94116.939891
8606,3000,94126.102396
8550,3000,94134.73092
8640,3000,94143.902529
8712,3000,94152.661983
8504,3000,94161.746188
8786,3000,94170.681198
9026,3000,94180.195012
8692,3000,94189.576926
8622,3000,94199.177617
8516,3000,94208.407971
8650,3000,94217.333646
8512,3000,94226.56735
8510,3000,94235.739381
8670,3000,94244.26747
8568,3000,94253.7431
8234,3000,94262.703137
8914,3000,94272.094486
8610,3000,94280.688772
8272,3000,94289.605817
8742,3000,94313.396749
8688,3000,94322.679966
8544,3000,94331.890254
8700,3000,94341.323432
8392,3000,94350.577458
8222,3000,94360.320403
8784,3000,94369.180995
8232,3000,94378.010906
8666,3000,94387.192774
8504,3000,94396.181721
8560,3000,94405.088311
8362,3000,94414.592283
8978,3000,94423.528521
8686,3000,94432.455033
8562,3000,94442.342375
8498,3000,94451.76544
9158,3000,94461.286452
8520,3000,94470.697128
8664,3000,94480.166745
8604,3000,94489.365529
8300,3000,94498.286077
8602,3000,94507.732142
8548,3000,94517.005976
8656,3000,94525.805325
8964,3000,94534.561982
8640,3000,94543.565607
8202,3000,94552.831541
8796,3000,94561.620982
8752,3000,94570.836375
8328,3000,94579.633499
8590,3000,94589.096429
8690,3000,94598.578694
8746,3000,94607.668438
8974,3000,94616.966319
8514,3000,94625.916289
8912,3000,94635.160439
8880,3000,94644.037682
8860,3000,94653.394613
8926,3000,94662.855325
8738,3000,94671.904324
8596,3000,94681.357177
8410,3000,94690.454183
8678,3000,94699.34203
8590,3000,94708.415109
8956,3000,94716.974527
8658,3000,94725.961656
9012,3000,94735.503049
8666,3000,94744.644306
8754,3000,94753.974362
8780,3000,94763.140882
8802,3000,94771.693657
8484,3000,94781.04286
8590,3000,94790.343731
8602,3000,94799.469279
8574,3000,94808.675488
8588,3000,94817.861801
9002,3000,94827.738629
8698,3000,94837.249343
8586,3000,94846.142498
8722,3000,94855.555223
8940,3000,94864.896106
8734,3000,94874.104074
8602,3000,94883.165244
8562,3000,94892.021935
8580,3000,94901.404806
8470,3000,94910.439967
8670,3000,94919.492175
8804,3000,94943.658339
8702,3000,94952.938536
8360,3000,94962.057456
8486,3000,94970.655186
8368,3000,94979.194792
8470,3000,94988.399053
8642,3000,94997.684084
8604,3000,95006.892467
8430,3000,95015.883078
8668,3000,95025.216658
8624,3000,95034.066142
8524,3000,95043.420201
8282,3000,95052.697363
8806,3000,95062.172013
8614,3000,95071.131845
8674,3000,95079.971169
8634,3000,95089.337967
8882,3000,95098.641014
8592,3000,95107.51677
8448,3000,95116.842403
8738,3000,95125.67431
8724,3000,95134.876149
8636,3000,95144.029569
8370,3000,95153.077158
8552,3000,95162.444146
8570,3000,95171.673065
8566,3000,95180.730065
8514,3000,95190.116432
8584,3000,95199.204835
8828,3000,95208.358907
8548,3000,95217.759541
8502,3000,95226.69691
8486,3000,95235.909058
8586,3000,95244.987758
8674,3000,95254.1671
8848,3000,95263.070211
8438,3000,95272.202389
8816,3000,95281.309635
8568,3000,95290.637733
8916,3000,95300.119711
8616,3000,95309.439002
8996,3000,95318.475636
8614,3000,95327.540815
8580,3000,95336.551613
8264,3000,95345.358722
8854,3000,95354.699278
8784,3000,95364.146615
8668,3000,95372.901995
8886,3000,95382.746496
8908,3000,95391.607558
8278,3000,95400.390318
8548,3000,95409.128023
8892,3000,95418.080973
8788,3000,95427.396135
8554,3000,95436.167352
9090,3000,95445.329737
8742,3000,95454.334498
8564,3000,95462.943688
8450,3000,95472.23556
8904,3000,95480.8314
8788,3000,95490.110134
8808,3000,95499.175242
8652,3000,95508.767061
8376,3000,95517.387447
8262,3000,95526.542482
8400,3000,95535.439544
8722,3000,95544.988505
8334,3000,95568.220269
8962,3000,95577.38848
8746,3000,95585.95793
8932,3000,95594.901095
8776,3000,95603.934234
8372,3000,95613.169698
8462,3000,95622.015774
8578,3000,95631.404932
8756,3000,95641.132932
8498,3000,95650.049547
8522,3000,95659.109363
8470,3000,95667.951751
8796,3000,95676.931852
8708,3000,95685.629323
8654,3000,95694.384427
8526,3000,95704.147728
8482,3000,95713.167521
8822,3000,95722.651274
8798,3000,95732.114885
8680,3000,95741.118408
8434,3000,95750.395819
8686,3000,95759.856697
8630,3000,95768.959574
8532,3000,95778.512622
9078,3000,95788.436151
8774,3000,95797.792756
8474,3000,95807.03656
8508,3000,95815.916926
8510,3000,95825.140323
8566,3000,95834.417017
8462,3000,95843.581545
8704,3000,95852.26592
8736,3000,95861.874526
8340,3000,95870.88646
8618,3000,95879.112028
8386,3000,95888.234641
8646,3000,95897.284933
9010,3000,95907.001452
8620,3000,95916.236686
8930,3000,95925.833404
8338,3000,95934.851788
8828,3000,95944.282561
8578,3000,95953.529273
8656,3000,95963.004943
8774,3000,95972.481976
8806,3000,95981.404998
8424,3000,95990.349435
8466,3000,95999.697014
8812,3000,96009.382546
8332,3000,96018.302942
8788,3000,96026.981382
8486,3000,96036.040237
8490,3000,96045.189537
8440,3000,96054.849353
8288,3000,96064.251873
8466,3000,96073.02897
8672,3000,96082.239347
8678,3000,96091.536014
8582,3000,96100.560222
8998,3000,96109.990851
8568,3000,96119.783936
8520,3000,96128.542079
8412,3000,96137.642985
8734,3000,96146.366933
8646,3000,96155.618022
8642,3000,96164.50794
8674,3000,96188.0772
9004,3000,96197.345359
8450,3000,96206.11044
8548,3000,96215.228815
8586,3000,96224.671842
8620,3000,96233.827897
8694,3000,96242.767561
8718,3000,96252.309798
8592,3000,96261.742833
8868,3000,96271.305963
8976,3000,96280.497092
8650,3000,96289.196193
8628,3000,96298.251057
8718,3000,96307.449711
8458,3000,96316.412974
8532,3000,96325.432075
8486,3000,96334.367305
8510,3000,96343.243292
8364,3000,96352.735824
8648,3000,96361.876647
8524,3000,96370.560418
8606,3000,96379.665488
8450,3000,96389.225496
8714,3000,96398.264846
8458,3000,96407.450521
8768,3000,96416.291306
8450,3000,96425.055535
8436,3000,96433.862202
8856,3000,96442.942689
8140,3000,96451.67785
8744,3000,96461.451251
8826,3000,96469.812317
8668,3000,96478.415444
8666,3000,96487.566529
8482,3000,96496.981594
8642,3000,96505.990388
8460,3000,96515.263848
8494,3000,96524.526302
8456,3000,96534.080112
8460,3000,96542.86847
8242,3000,96551.434127
8698,3000,96560.00635
8424,3000,96569.180659
8404,3000,96578.282067
8648,3000,96587.14178
8370,3000,96595.864958
8488,3000,96604.455266
8742,3000,96613.503415
8776,3000,96622.144354
8414,3000,96630.988863
8418,3000,96640.2568
8606,3000,96649.167091
8264,3000,96658.401778
8650,3000,96667.231263
8726,3000,96676.605553
8898,3000,96685.87871
8462,3000,96695.068879
8526,3000,96704.060734
8426,3000,96713.595972
8456,3000,96722.935188
8818,3000,96731.56411
8728,3000,96740.762484
8506,3000,96749.659295
8608,3000,96758.566071
8862,3000,96767.213199
8690,3000,96776.006759
8494,3000,96784.809123
8504,3000,96808.13267
8640,3000,96817.659713
8350,3000,96826.649186
8316,3000,96835.517544
8458,3000,96844.313277
8740,3000,96852.964904
8372,3000,96861.634062
8604,3000,96870.793607
8816,3000,96880.193592
8574,3000,96889.563073
8796,3000,96899.437131
8356,3000,96908.488971
8680,3000,96917.461818
8510,3000,96927.347622
8704,3000,96936.639094
8862,3000,96945.600609
8892,3000,96954.417048
8732,3000,96964.074341
8692,3000,96972.94678
8610,3000,96982.111106
8446,3000,96991.251174
9084,3000,97000.083101
8994,3000,97009.334746
8634,3000,97018.286199
8470,3000,97027.773131
8946,3000,97036.664226
8370,3000,97045.282486
8728,3000,97054.134886
8554,3000,97062.743224
9002,3000,97072.361215
8922,3000,97081.73419
8558,3000,97091.240825
8688,3000,97099.982682
8538,3000,97108.588239
8274,3000,97117.914041
8294,3000,97126.916003
8820,3000,97135.800093
8700,3000,97144.720966
8464,3000,97153.582414
8600,3000,97162.543278
8532,3000,97171.637404
8740,3000,97180.753011
8654,3000,97189.639522
8620,3000,97198.89522
8712,3000,97208.007459
8974,3000,97216.820426
8560,3000,97225.822397
8446,3000,97235.175021
8694,3000,97244.448071
8790,3000,97253.723159
8768,3000,97262.489338
8572,3000,97271.802435
8528,3000,97280.5549
8622,3000,97289.363812
8254,3000,97299.009493
8698,3000,97308.773487
8464,3000,97317.395764
8830,3000,97326.328796
8334,3000,97335.07664
8474,3000,97344.570433
8210,3000,97353.105579
8424,3000,97362.484121
8556,3000,97371.953565
8368,3000,97381.15955
8582,3000,97390.526447
9012,3000,97399.810622
8814,3000,97409.104175
8998,3000,97432.292997
8850,3000,97441.90121
8720,3000,97451.07375
8524,3000,97459.940783
8648,3000,97468.863789
8592,3000,97478.151123
8828,3000,97487.203676
8820,3000,97496.279207
8608,3000,97505.389763
8974,3000,97514.704093
8932,3000,97524.085732
8708,3000,97533.640238
8556,3000,97542.738338
8550,3000,97551.592495
8648,3000,97560.553227
8804,3000,97569.265737
8238,3000,97578.168283
8594,3000,97587.550277
8500,3000,97597.103398
8706,3000,97606.084006
8578,3000,97615.146914
8628,3000,97624.590527
8448,3000,97633.431949
8424,3000,97642.555599
8570,3000,97652.000092
8876,3000,97661.05365
8782,3000,97670.196446
8448,3000,97679.520084
8376,3000,97688.668769
8346,3000,97697.320857
8758,3000,97706.543462
8434,3000,97715.42017
8768,3000,97724.241254
8344,3000,97732.54155
8642,3000,97741.967141
8864,3000,97751.30213
8334,3000,97759.922709
8772,3000,97769.148086
8734,3000,97778.389782
8566,3000,97787.752186
8544,3000,97796.799792
8714,3000,97805.897794
8596,3000,97814.688812
8836,3000,97823.654428
8680,3000,97832.703536
8544,3000,97841.893801
8654,3000,97851.294047
8574,3000,97860.245483
8264,3000,97869.596683
8734,3000,97878.665667
8640,3000,97887.325174
8910,3000,97896.561235
8838,3000,97905.345856
8392,3000,97914.077818
8270,3000,97922.754813
8438,3000,97931.545939
8730,3000,97941.028722
8774,3000,97949.85132
8552,3000,97958.771983
8728,3000,97968.071451
8784,3000,97977.397459
8422,3000,97986.65689
8226,3000,97995.22151
8966,3000,98004.793715
8336,3000,98013.789254
8592,3000,98022.743028
8844,3000,98046.509139
9104,3000,98055.709597
8682,3000,98065.098554
8688,3000,98073.727402
8510,3000,98083.053444
8600,3000,98092.536365
8650,3000,98101.622564
8970,3000,98111.132072
8746,3000,98119.998971
8320,3000,98128.805526
8538,3000,98137.477518
8742,3000,98146.507993
8788,3000,98155.68611
8590,3000,98164.551477
8612,3000,98173.566645
8556,3000,98182.245049
8634,3000,98191.585359
8510,3000,98200.792004
8536,3000,98209.999606
8462,3000,98218.932911
8394,3000,98228.184686
8326,3000,98237.451558
8888,3000,98246.419513
8396,3000,98255.056494
8796,3000,98264.539275
8658,3000,98273.802112
8338,3000,98282.639269
8348,3000,98291.599917
8502,3000,98300.80563
8674,3000,98309.478579
8644,3000,98318.369096
8496,3000,98326.684094
8518,3000,98335.376491
8642,3000,98344.476981
8792,3000,98353.777842
8882,3000,98362.901756
8378,3000,98371.851469
9004,3000,98381.161834
8412,3000,98390.388452
8602,3000,98399.510536
8550,3000,98408.387726
8588,3000,98417.180847
8624,3000,98426.110078
8248,3000,98434.984843
8656,3000,98443.872664
8686,3000,98452.872498
8532,3000,98461.54416
8690,3000,98470.726224
8828,3000,98480.047611
8676,3000,98488.711006
8284,3000,98497.364385
8636,3000,98506.186677
8764,3000,98515.006505
8962,3000,98524.138595
8672,3000,98533.251017
8556,3000,98542.352617
8666,3000,98551.520489
8794,3000,98560.447185
8644,3000,98569.291651
8630,3000,98578.167241
8604,3000,98587.380785
8864,3000,98596.754468
8512,3000,98605.801799
9216,3000,98614.595811
8714,3000,98623.961579
8794,3000,98633.014569
8666,3000,98642.09854
8526,3000,98665.526612
8360,3000,98674.323536
8526,3000,98683.041725
8686,3000,98691.698814
8860,3000,98700.311641
8640,3000,98709.567487
8650,3000,98718.982958
8712,3000,98728.037379
8654,3000,98737.105296
8380,3000,98745.943604
8458,3000,98755.140419
8476,3000,98764.295112
8398,3000,98772.770407
8584,3000,98781.543269
8814,3000,98790.88081
8752,3000,98799.748204
8766,3000,98809.084044
8760,3000,98817.656374
8572,3000,98826.786915
8426,3000,98835.550622
8318,3000,98844.260927
8648,3000,98853.030098
8616,3000,98862.239558
8430,3000,98871.587946
8690,3000,98880.56286
8618,3000,98889.370637
8694,3000,98898.529787
8798,3000,98907.537662
8850,3000,98916.674591
8574,3000,98925.691137
8556,3000,98934.196832
8978,3000,98943.273857
8718,3000,98952.324051
8306,3000,98961.53938
8366,3000,98970.232213
8268,3000,98978.996027
8668,3000,98988.536065
8780,3000,98997.689105
8624,3000,99006.675473
8488,3000,99015.897843
8900,3000,99025.05924
8920,3000,99033.920361
8484,3000,99043.074976
8448,3000,99051.773805
8666,3000,99061.418458
8584,3000,99070.80563
8512,3000,99080.001308
8334,3000,99088.808185
8532,3000,99097.666234
8498,3000,99106.555148
8826,3000,99116.121876
8690,3000,99124.893294
8584,3000,99134.32525
8872,3000,99143.266333
8494,3000,99152.518503
8524,3000,99161.147097
8490,3000,99170.404588
8656,3000,99179.488373
8546,3000,99188.601277
8724,3000,99198.407172
8568,3000,99207.50739
8826,3000,99216.782611
8572,3000,99225.750354
8880,3000,99234.304802
8782,3000,99242.98931
8558,3000,99251.924208
8986,3000,99260.767095
8544,3000,99284.278378
8660,3000,99293.135297
8842,3000,99302.118244
8676,3000,99311.667966
8654,3000,99320.827039
8480,3000,99330.05358
8604,3000,99339.083353
8802,3000,99348.286396
8480,3000,99357.094881
8298,3000,99366.195611
8618,3000,99375.032637
8874,3000,99384.50543
8980,3000,99393.601853
8648,3000,99403.210427
8580,3000,99412.283858
8502,3000,99421.299591
8768,3000,99430.181932
8586,3000,99439.994554
8682,3000,99448.847375
8622,3000,99457.463155
8528,3000,99466.223578
8242,3000,99474.772186
8804,3000,99483.766007
8498,3000,99493.202432
8304,3000,99502.420496
8634,3000,99511.59193
8444,3000,99521.126484
8820,3000,99529.852838
8980,3000,99539.44925
8604,3000,99548.781797
8280,3000,99557.898314
8764,3000,99567.210456
8484,3000,99576.57549
8276,3000,99586.050308
8506,3000,99594.641705
8504,3000,99603.31591
8652,3000,99612.584629
8828,3000,99621.733409
8894,3000,99631.196848
8562,3000,99639.741899
8730,3000,99648.475646
8808,3000,99657.581581
8346,3000,99666.487622
8788,3000,99675.607973
8710,3000,99684.906883
8476,3000,99693.770922
8576,3000,99702.477205
8464,3000,99711.58361
8356,3000,99720.635563
8898,3000,99729.370438
8298,3000,99738.423587
8646,3000,99747.606591
8804,3000,99756.936396
8456,3000,99765.920715
8520,3000,99774.678241
8642,3000,99783.537211
8930,3000,99792.631635
8364,3000,99801.48545
8736,3000,99810.414984
8742,3000,99819.644535
8114,3000,99828.634818
8736,3000,99837.580918
8822,3000,99846.810942
8558,3000,99856.04586
8754,3000,99865.5068
8636,3000,99874.439118
8368,3000,99897.482028
8324,3000,99906.399779
8588,3000,99915.540816
8766,3000,99925.076682
8662,3000,99934.585122
8716,3000,99943.549019
8694,3000,99952.73554
8286,3000,99961.972805
8338,3000,99970.613243
8364,3000,99979.564265
8810,3000,99988.689608
8810,3000,99998.097255
8540,3000,100007.025146
8704,3000,100016.407095
8642,3000,100025.261863
8840,3000,100034.503639
8542,3000,100043.442053
8646,3000,100052.987879
8582,3000,100062.038431
8914,3000,100070.865406
8502,3000,100080.16828
8658,3000,100088.995695
8498,3000,100098.362633
8668,3000,100107.465783
8740,3000,100116.701333
8998,3000,100126.020682
8512,3000,100134.597466
8758,3000,100143.536183
8750,3000,100152.446345
8934,3000,100161.749374
8672,3000,100170.474839
8540,3000,100179.713104
8556,3000,100188.898046
8318,3000,100197.724949
8610,3000,100206.992498
8338,3000,100216.525543
8574,3000,100225.438146
8632,3000,100234.689964
8662,3000,100243.542608
8766,3000,100253.077687
8892,3000,100262.861328
8356,3000,100271.575969
8944,3000,100281.002252
8844,3000,100290.148196
8738,3000,100299.101891
8452,3000,100307.906138
8662,3000,100316.584008
8762,3000,100326.013108
8380,3000,100334.911725
8300,3000,100344.201685
8434,3000,100353.3548
8594,3000,100362.414964
8314,3000,100371.010915
8392,3000,100379.746081
8966,3000,100388.972233
8330,3000,100398.145324
8764,3000,100407.113068
8682,3000,100416.409066
8632,3000,100425.497491
8494,3000,100434.3221
8664,3000,100443.153661
8400,3000,100452.349624
8614,3000,100461.449133
8376,3000,100470.492191
8750,3000,100479.37797
8754,3000,100487.923079
8688,3000,100496.884151
8804,3000,100519.853316
8686,3000,100528.952517
9018,3000,100537.744285
8506,3000,100546.863248
8636,3000,100555.879812
8776,3000,100564.609538
8654,3000,100574.010005
8480,3000,100583.111801
8642,3000,100592.596176
8702,3000,100601.641847
8786,3000,100610.99
8714,3000,100620.329187
8722,3000,100629.618515
8768,3000,100638.557607
8654,3000,100647.233982
8662,3000,100656.087898
8702,3000,100664.615813
8318,3000,100673.355114
8646,3000,100682.608176
8578,3000,100691.304678
9136,3000,100700.213823
8874,3000,100709.550293
8812,3000,100719.188479
8534,3000,100728.143745
8816,3000,100737.91341
8434,3000,100746.684553
9022,3000,100755.802914
8696,3000,100764.836006
8392,3000,100773.674776
8688,3000,100782.816095
8358,3000,100792.349513
8832,3000,100801.045098
8422,3000,100809.903768
8510,3000,100819.070283
8508,3000,100828.383789
8430,3000,100837.379205
8712,3000,100846.422056
8698,3000,100855.204901
8680,3000,100864.493491
8726,3000,100872.961881
8916,3000,100881.997918
8940,3000,100891.421788
8766,3000,100900.258295
8514,3000,100909.138044
8820,3000,100917.933884
8420,3000,100926.828247
8808,3000,100936.016841
8412,3000,100944.892804
8512,3000,100954.167483
8552,3000,100963.236217
9074,3000,100972.16765
8338,3000,100981.043727
9056,3000,100990.203938
8372,3000,100999.871996
8650,3000,101008.985414
8514,3000,101018.197565
8910,3000,101027.484806
8828,3000,101036.280848
8678,3000,101045.323397
8526,3000,101054.138381
8692,3000,101063.517189
8674,3000,101072.42298
8854,3000,101081.831454
8738,3000,101091.297822
8728,3000,101100.427986
8622,3000,101109.735954
8834,3000,101118.936856
8846,3000,101142.289125
8846,3000,101151.698826
8808,3000,101160.561754
8698,3000,101169.369054
8524,3000,101179.062321
8456,3000,101188.150855
8918,3000,101198.078273
8906,3000,101207.117664
8814,3000,101216.619102
8582,3000,101225.666003
8328,3000,101235.518021
8290,3000,101244.301193
8566,3000,101253.735364
8166,3000,101262.487677
8816,3000,101271.745611
8870,3000,101280.337601
8666,3000,101289.636933
8592,3000,101298.780462
8456,3000,101307.937644
8494,3000,101317.323671
8438,3000,101326.209677
8568,3000,101335.552766
8598,3000,101344.420289
8938,3000,101353.744491
8696,3000,101363.302315
8692,3000,101372.88528
8514,3000,101382.087878
8818,3000,101391.69243
8760,3000,101400.661832
8940,3000,101409.877602
8680,3000,101418.928215
8352,3000,101428.139894
8642,3000,101437.489413
8592,3000,101446.287346
8442,3000,101455.408536
8572,3000,101464.871779
8418,3000,101473.551694
8582,3000,101482.318394
8612,3000,101491.452244
8592,3000,101500.898513
8816,3000,101510.461344
8592,3000,101519.47578
8562,3000,101528.293433
8218,3000,101537.454022
8692,3000,101546.321407
8158,3000,101555.339234
9090,3000,101564.623504
9140,3000,101573.797305
8542,3000,101583.083042
8248,3000,101592.280596
8234,3000,101601.041741
8426,3000,101609.684345
8178,3000,101618.487482
8486,3000,101626.98039
8706,3000,101635.820492
8680,3000,101644.780041
8648,3000,101653.613524
8846,3000,101662.563049
8882,3000,101671.823893
8462,3000,101680.722332
8680,3000,101690.434456
8784,3000,101699.389998
8586,3000,101708.221263
8702,3000,101717.039677
8248,3000,101725.949964
8646,3000,101735.301631
8392,3000,101758.44675
8788,3000,101767.540775
8676,3000,101776.625306
8956,3000,101785.40132
8618,3000,101794.703678
8660,3000,101803.798963
8532,3000,101812.43661
8760,3000,101821.170647
8474,3000,101829.436655
8474,3000,101837.729324
8400,3000,101846.701726
8730,3000,101855.333432
8420,3000,101863.863064
8820,3000,101872.996392
8500,3000,101881.664737
8846,3000,101890.172833
8894,3000,101899.062495
8870,3000,101907.679164
8578,3000,101916.199595
8592,3000,101924.868403
8622,3000,101933.235627
8894,3000,101941.763197
8588,3000,101950.279683
8508,3000,101958.231425
9050,3000,101967.509617
8470,3000,101975.994705
8472,3000,101984.91426
8540,3000,101993.713812
8586,3000,102002.068043
8712,3000,102010.439925
9190,3000,102018.622712
8440,3000,102027.375946
8270,3000,102036.385836
8506,3000,102045.752674
8810,3000,102053.99577
8402,3000,102062.528205
8702,3000,102071.219316
8518,3000,102080.057429
8744,3000,102088.538755
8754,3000,102096.918318
8830,3000,102105.315101
8648,3000,102114.230608
9104,3000,102122.961024
9064,3000,102131.782262
8610,3000,102140.517091
8790,3000,102149.113561
8414,3000,102157.592874
8756,3000,102165.621063
8678,3000,102174.257006
8770,3000,102182.739962
8282,3000,102191.624628
8826,3000,102200.401288
8358,3000,102208.797447
8248,3000,102217.181762
8808,3000,102226.012167
8730,3000,102234.620575
9046,3000,102243.352371
8426,3000,102251.964439
8568,3000,102260.499882
8564,3000,102268.592375
8380,3000,102276.800773
8972,3000,102285.173008
8484,3000,102293.759644
8506,3000,102302.553232
8628,3000,102311.058893
9132,3000,102319.831965
8478,3000,102328.067827
8916,3000,102350.3784
8306,3000,102358.952153
8644,3000,102367.064912
8890,3000,102375.518597
8614,3000,102384.01937
8720,3000,102392.902493
8298,3000,102401.565037
8606,3000,102410.169673
8794,3000,102418.536785
8436,3000,102427.200186
8096,3000,102435.690885
8610,3000,102444.363764
8570,3000,102453.143962
8654,3000,102461.824035
8548,3000,102470.822737
8806,3000,102480.140337
8810,3000,102488.545832
8620,3000,102497.566164
8412,3000,102506.279343
8928,3000,102514.909569
8748,3000,102523.787043
8432,3000,102532.472522
8430,3000,102541.11595
8834,3000,102549.39883
8608,3000,102557.916212
8718,3000,102566.23699
8590,3000,102574.939851
8812,3000,102583.422936
8556,3000,102591.808134
8662,3000,102600.319235
8514,3000,102608.77319
8678,3000,102617.480333
9178,3000,102626.531462
8374,3000,102635.123449
8694,3000,102643.98793
8570,3000,102652.768625
8472,3000,102661.321213
8858,3000,102670.170922
8734,3000,102678.301757
8808,3000,102686.828446
8450,3000,102695.076661
9000,3000,102703.667599
8944,3000,102712.966809
8822,3000,102722.156618
8768,3000,102730.642429
8676,3000,102739.292508
8554,3000,102747.613762
8634,3000,102756.256867
8568,3000,102764.330457
8574,3000,102772.871875
8518,3000,102781.769544
8914,3000,102790.495168
8480,3000,102798.873028
8578,3000,102807.825193
8692,3000,102816.353528
8480,3000,102825.445674
8316,3000,102834.100972
8654,3000,102842.676967
8556,3000,102850.946401
8650,3000,102859.055558
8602,3000,102867.621758
8288,3000,102876.160383
8842,3000,102885.201937
9036,3000,102893.533562
8520,3000,102902.626163
8596,3000,102911.131795
8574,3000,102919.893881
8652,3000,102941.622008
8960,3000,102950.821237
8560,3000,102959.400259
8664,3000,102967.978628
8554,3000,102976.857872
8612,3000,102985.660791
8618,3000,102994.494092
8616,3000,103002.851339
8528,3000,103011.672335
8414,3000,103020.026654
8756,3000,103028.521336
8850,3000,103036.959129
9002,3000,103045.398344
8774,3000,103054.562798
8868,3000,103063.495496
8810,3000,103072.022784
8770,3000,103080.173257
8742,3000,103088.926971
8742,3000,103097.013467
8580,3000,103105.370182
8752,3000,103114.447684
8662,3000,103122.927111
8794,3000,103131.72917
8596,3000,103139.994215
8716,3000,103148.887816
8774,3000,103157.295723
8320,3000,103166.101008
8928,3000,103174.582913
8886,3000,103183.329586
8340,3000,103192.234729
8710,3000,103200.836287
8448,3000,103209.374957
8790,3000,103217.965615
8594,3000,103226.733932
8806,3000,103235.536499
8440,3000,103244.097559
8466,3000,103252.604952
8554,3000,103261.277609
8498,3000,103270.009225
8732,3000,103278.822897
8706,3000,103286.945078
8506,3000,103295.366015
8594,3000,103304.069532
8544,3000,103312.539291
8664,3000,103320.832089
8674,3000,103329.446809
9002,3000,103338.016046
8542,3000,103346.72333
8482,3000,103354.962263
9018,3000,103363.780915
8578,3000,103372.33579
8340,3000,103381.253709
8768,3000,103389.634904
8774,3000,103398.143942
8488,3000,103406.916941
8930,3000,103415.344154
8606,3000,103423.756048
8742,3000,103432.10446
8366,3000,103440.693809
8622,3000,103448.872513
8848,3000,103457.584793
8542,3000,103466.0724
8434,3000,103474.340959
8692,3000,103482.844964
8482,3000,103492.103133
8634,3000,103500.339722
8970,3000,103521.759316
8564,3000,103530.307752
8242,3000,103538.835175
8666,3000,103547.418165
8858,3000,103556.044076
8556,3000,103565.301746
8720,3000,103573.614593
8910,3000,103582.019387
8542,3000,103590.390495
8814,3000,103598.959281
8500,3000,103607.433341
8308,3000,103616.205444
8734,3000,103624.482192
8944,3000,103632.988403
8592,3000,103641.658104
8702,3000,103650.301837
8718,3000,103658.505277
8976,3000,103667.431542
8750,3000,103676.278499
8914,3000,103684.901193
8890,3000,103693.168271
8246,3000,103701.295507
8794,3000,103710.525823
9082,3000,103719.134016
8458,3000,103728.067639
8518,3000,103736.782288
8472,3000,103745.430726
9070,3000,103754.524864
8416,3000,103763.35472
8472,3000,103771.454394
8860,3000,103780.290786
8408,3000,103788.852663
8780,3000,103797.556326
8686,3000,103806.507002
8636,3000,103814.749142
8574,3000,103823.397599
8582,3000,103831.935757
8416,3000,103840.747029
8358,3000,103849.755309
8668,3000,103858.513752
8586,3000,103867.587725
8570,3000,103876.298846
8638,3000,103884.49335
8656,3000,103893.063725
8708,3000,103901.721972
8756,3000,103910.072559
8554,3000,103918.828446
8542,3000,103927.348518
8588,3000,103935.657236
8786,3000,103944.194319
8608,3000,103952.59788
8870,3000,103961.356582
8698,3000,103969.492887
8710,3000,103978.057782
8538,3000,103986.776795
8480,3000,103995.698045
8740,3000,104004.047661
8694,3000,104012.853242
8262,3000,104021.909605
8852,3000,104030.396889
8734,3000,104039.319902
8418,3000,104048.006995
8650,3000,104056.683653
8634,3000,104065.001688
8782,3000,104073.973939
8476,3000,104082.370891
8648,3000,104090.981832
8868,3000,104112.692374
8432,3000,104121.49003
8704,3000,104130.598407
8474,3000,104138.732515
8454,3000,104147.274391
8688,3000,104155.667251
8600,3000,104164.539362
9040,3000,104173.037809
8750,3000,104181.526867
8476,3000,104189.912872
8650,3000,104198.260885
8506,3000,104206.662634
8562,3000,104215.438501
8496,3000,104224.500291
8700,3000,104233.319323
8702,3000,104242.111607
9038,3000,104250.394646
8848,3000,104259.001455
8558,3000,104268.181171
8738,3000,104276.884378
8896,3000,104285.406829
8546,3000,104294.29191
8690,3000,104303.184969
8706,3000,104311.973698
8386,3000,104320.328554
8552,3000,104329.047153
8822,3000,104337.699875
8678,3000,104346.359818
8652,3000,104355.116443
8322,3000,104364.046173
8382,3000,104372.490463
8526,3000,104380.726391
8702,3000,104389.068327
8422,3000,104397.524749
8362,3000,104406.038957
8674,3000,104414.469513
8640,3000,104422.949925
8538,3000,104431.111033
8432,3000,104439.812042
8552,3000,104448.617308
8986,3000,104457.259861
8534,3000,104466.107766
8432,3000,104474.551461
8628,3000,104482.785053
8542,3000,104491.075471
8380,3000,104499.336986
8288,3000,104507.447296
8952,3000,104516.160563
8864,3000,104524.757403
8718,3000,104533.256135
8654,3000,104541.777318
8652,3000,104549.972776
8484,3000,104558.218392
8672,3000,104566.826573
8326,3000,104575.316402
8718,3000,104584.005956
8252,3000,104592.010849
8598,3000,104600.665813
8660,3000,104609.699579
8404,3000,104617.864289
8520,3000,104626.810239
8470,3000,104635.472281
8170,3000,104643.962042
8888,3000,104652.792127
8708,3000,104661.537931
8704,3000,104670.576447
8788,3000,104679.65239
8542,3000,104701.00115
8294,3000,104709.802028
9098,3000,104719.360629
8806,3000,104727.525022
8876,3000,104736.048305
9018,3000,104744.645243
8976,3000,104753.29177
8640,3000,104761.787963
8702,3000,104770.166146
8458,3000,104778.724609
8322,3000,104786.941296
8406,3000,104795.597533
8630,3000,104804.811968
8686,3000,104813.851245
8762,3000,104822.257573
8628,3000,104830.615148
8668,3000,104839.05563
8808,3000,104847.507488
8790,3000,104856.429735
8878,3000,104865.028084
8384,3000,104873.946465
8272,3000,104882.442128
8850,3000,104890.653911
8370,3000,104899.241844
8664,3000,104907.747842
8672,3000,104916.685541
8912,3000,104925.457428
8914,3000,104933.946224
8602,3000,104942.664672
8434,3000,104951.070094
8218,3000,104959.546266
8648,3000,104967.853507
8456,3000,104976.510618
8344,3000,104985.167222
8500,3000,104993.345799
8444,3000,105002.324227
8920,3000,105010.996186
9014,3000,105020.0133
8488,3000,105028.401801
8726,3000,105037.101014
8532,3000,105045.894249
8886,3000,105054.140569
8884,3000,105062.638419
8660,3000,105071.339581
8750,3000,105080.300203
8630,3000,105089.004904
8600,3000,105097.92903
8626,3000,105106.874793
8324,3000,105115.439547
8206,3000,105123.605034
8500,3000,105132.686985
8638,3000,105141.214114
8514,3000,105149.776728
8780,3000,105158.350497
8830,3000,105166.442294
8302,3000,105175.004142
8500,3000,105183.881926
8792,3000,105192.300728
8922,3000,105200.863278
8342,3000,105209.868616
8560,3000,105218.273792
9126,3000,105227.084176
8776,3000,105235.983743
8242,3000,105244.021462
8564,3000,105252.778727
8562,3000,105261.177038
8524,3000,105283.047412
9010,3000,105291.897695
8896,3000,105300.844635
8848,3000,105309.350036
8854,3000,105317.651735
8424,3000,105326.361478
8648,3000,105335.289228
8798,3000,105344.111602
8492,3000,105352.709289
8468,3000,105361.237533
8354,3000,105369.887393
8778,3000,105378.623128
8624,3000,105387.740982
8274,3000,105396.366985
8786,3000,105405.070622
8656,3000,105413.721403
8708,3000,105422.343953
8660,3000,105431.003247
8602,3000,105439.827104
8326,3000,105448.341856
8790,3000,105457.098761
8606,3000,105465.935759
8704,3000,105474.6838
8338,3000,105483.20197
9096,3000,105492.213233
8906,3000,105500.804036
8870,3000,105510.015769
8508,3000,105518.523722
8470,3000,105527.54053
8532,3000,105536.31002
8906,3000,105545.075161
8676,3000,105553.386404
8702,3000,105561.71636
8704,3000,105570.437174
8708,3000,105579.095324
8696,3000,105587.795369
8632,3000,105596.34075
8940,3000,105604.770686
8286,3000,105613.612853
8828,3000,105622.008739
8810,3000,105631.285223
8384,3000,105639.910104
8762,3000,105648.995049
8880,3000,105657.663549
8696,3000,105666.298759
8558,3000,105675.123855
8800,3000,105683.969373
8648,3000,105692.389737
8444,3000,105700.581729
8720,3000,105708.776268
8738,3000,105717.15052
8774,3000,105725.921902
8456,3000,105734.23417
8704,3000,105742.932661
8754,3000,105751.71679
8726,3000,105760.931694
8846,3000,105770.003268
8762,3000,105778.922945
8756,3000,105787.696986
8418,3000,105795.977072
8516,3000,105804.648648
8612,3000,105813.550002
9030,3000,105822.315412
8462,3000,105830.738893
8416,3000,105838.833551
8296,3000,105847.10268
8906,3000,105855.668213
8674,3000,105876.984149
8706,3000,105886.134622
8698,3000,105894.941025
8572,3000,105903.503702
8768,3000,105912.515667
8866,3000,105921.527667
8658,3000,105930.197152
8660,3000,105938.842072
8418,3000,105947.213656
8270,3000,105955.170749
8418,3000,105963.256639
8710,3000,105971.895395
8964,3000,105980.070501
8542,3000,105988.438761
8530,3000,105997.130402
8732,3000,106005.922465
8756,3000,106014.081832
8566,3000,106023.013999
8488,3000,106031.319844
8838,3000,106039.858694
8996,3000,106048.371441
8688,3000,106057.094707
8652,3000,106065.925392
8764,3000,106074.816617
8682,3000,106083.087147
8734,3000,106091.683733
8288,3000,106100.174954
8592,3000,106108.462507
8508,3000,106116.867085
8594,3000,106125.015532
8666,3000,106133.552629
8698,3000,106142.545156
8428,3000,106151.168188
8292,3000,106159.701871
8510,3000,106168.603106
8786,3000,106177.406985
8722,3000,106185.881727
8566,3000,106194.327793
8362,3000,106202.806135
8824,3000,106211.137952
8948,3000,106219.869595
8444,3000,106228.499403
8652,3000,106237.197612
8434,3000,106245.813944
8784,3000,106254.572313
8676,3000,106263.583843
9002,3000,106272.162252
8544,3000,106280.918441
8514,3000,106289.657039
8650,3000,106298.480003
8808,3000,106307.225774
8954,3000,106316.200075
8588,3000,106324.994005
8866,3000,106333.699311
8316,3000,106342.644016
8522,3000,106351.287283
8794,3000,106359.697742
8846,3000,106368.540215
8670,3000,106376.955513
8420,3000,106385.104913
8470,3000,106393.66733
8572,3000,106402.671942
8528,3000,106411.514502
8610,3000,106420.103968
8726,3000,106428.78193
8680,3000,106437.406281
8390,3000,106445.620845
8836,3000,106466.66523
8936,3000,106474.215193
8724,3000,106482.375892
8920,3000,106490.134017
9184,3000,106497.643526
