---> Week : 0
--> Day : 0
-> Request 0
41
(3, 3, 1)
1
(18, 60)
-> Request 1
161
(4, 3, 2)
3
(18, 66)
-> Request 2
163
(3, 1, 1)
2
(7, 59)
-> Request 3
196
(3, 1, 1)
2
(55, 33)
-> Request 4
246
(2, 1, 1)
3
(15, 71)
-> Request 5
300
(4, 1, 1)
2
(76, 43)
-> Request 6
416
(3, 3, 1)
3
(47, 75)
-> Request 7
1145
(2, 3, 1)
2
(60, 46)
-> Request 8
1169
(4, 1, 1)
2
(57, 12)
-> Request 9
1237
(1, 1, 1)
2
(13, 38)
-> Request 10
1390
(1, 3, 2)
2
(27, 42)
--> Day : 1
-> Request 0
402
(2, 3, 1)
2
(45, 6)
-> Request 1
942
(4, 3, 1)
3
(67, 10)
-> Request 2
969
(4, 2, 2)
3
(75, 36)
-> Request 3
1100
(1, 3, 1)
3
(69, 26)
-> Request 4
1107
(2, 2, 1)
2
(20, 44)
--> Day : 2
-> Request 0
184
(4, 3, 1)
1
(72, 73)
-> Request 1
350
(4, 1, 2)
1
(7, 47)
-> Request 2
924
(3, 3, 1)
1
(12, 58)
-> Request 3
991
(2, 2, 1)
2
(3, 67)
-> Request 4
1219
(3, 1, 1)
3
(56, 38)
--> Day : 3
-> Request 0
4
(2, 2, 2)
2
(57, 40)
-> Request 1
127
(2, 3, 2)
3
(8, 4)
-> Request 2
243
(3, 3, 2)
1
(53, 27)
-> Request 3
455
(2, 3, 2)
3
(20, 77)
-> Request 4
651
(3, 2, 1)
1
(58, 73)
-> Request 5
792
(2, 2, 2)
3
(47, 24)
-> Request 6
857
(2, 1, 1)
1
(68, 74)
-> Request 7
953
(4, 2, 1)
2
(28, 26)
-> Request 8
1102
(2, 1, 2)
1
(44, 50)
-> Request 9
1147
(3, 1, 2)
2
(36, 57)
-> Request 10
1179
(3, 2, 2)
2
(8, 39)
-> Request 11
1186
(3, 3, 2)
2
(44, 3)
-> Request 12
1333
(1, 2, 1)
1
(18, 74)
--> Day : 4
-> Request 0
163
(4, 3, 2)
1
(26, 9)
-> Request 1
245
(1, 3, 1)
1
(42, 54)
-> Request 2
459
(4, 1, 1)
2
(32, 79)
-> Request 3
613
(4, 3, 2)
1
(36, 30)
-> Request 4
730
(4, 1, 1)
3
(73, 5)
-> Request 5
735
(3, 2, 1)
1
(38, 50)
-> Request 6
796
(4, 1, 1)
3
(27, 50)
-> Request 7
1081
(2, 1, 2)
3
(49, 53)
-> Request 8
1223
(4, 3, 1)
3
(11, 28)
-> Request 9
1300
(2, 3, 2)
1
(56, 24)
---> Week : 1
--> Day : 0
-> Request 0
11
(1, 2, 1)
3
(8, 72)
-> Request 1
12
(4, 1, 1)
2
(78, 10)
-> Request 2
43
(3, 1, 2)
2
(45, 1)
-> Request 3
218
(4, 3, 2)
3
(26, 68)
-> Request 4
300
(3, 2, 1)
3
(70, 51)
-> Request 5
326
(2, 2, 2)
2
(67, 30)
-> Request 6
345
(3, 1, 2)
1
(13, 65)
-> Request 7
357
(3, 3, 2)
1
(19, 2)
-> Request 8
707
(1, 2, 1)
1
(48, 71)
-> Request 9
754
(4, 3, 1)
1
(11, 9)
-> Request 10
772
(4, 1, 2)
3
(74, 78)
-> Request 11
788
(4, 2, 1)
1
(38, 21)
-> Request 12
893
(1, 2, 1)
3
(62, 35)
-> Request 13
1235
(2, 1, 2)
2
(61, 50)
--> Day : 1
-> Request 0
58
(1, 3, 2)
3
(51, 49)
-> Request 1
192
(1, 2, 2)
3
(43, 39)
-> Request 2
507
(3, 2, 1)
2
(44, 19)
-> Request 3
626
(1, 1, 1)
2
(27, 63)
-> Request 4
956
(4, 3, 1)
1
(21, 79)
-> Request 5
1281
(2, 2, 2)
2
(10, 78)
-> Request 6
1328
(4, 3, 1)
1
(0, 2)
--> Day : 2
-> Request 0
121
(4, 3, 2)
1
(74, 47)
-> Request 1
299
(2, 3, 1)
1
(13, 17)
-> Request 2
339
(3, 3, 2)
2
(60, 24)
-> Request 3
724
(3, 1, 1)
1
(15, 64)
-> Request 4
750
(2, 2, 2)
2
(71, 40)
-> Request 5
783
(3, 3, 1)
2
(24, 44)
-> Request 6
822
(3, 2, 2)
3
(17, 21)
-> Request 7
917
(3, 3, 1)
3
(53, 29)
-> Request 8
960
(1, 2, 1)
1
(55, 62)
-> Request 9
1041
(4, 1, 2)
3
(32, 0)
-> Request 10
1111
(1, 2, 2)
2
(24, 38)
-> Request 11
1223
(3, 2, 2)
3
(50, 31)
--> Day : 3
-> Request 0
35
(4, 2, 2)
3
(8, 30)
-> Request 1
72
(3, 1, 2)
3
(70, 40)
-> Request 2
109
(1, 1, 2)
2
(57, 67)
-> Request 3
590
(2, 2, 2)
3
(12, 67)
-> Request 4
827
(4, 1, 2)
3
(51, 55)
-> Request 5
1085
(4, 3, 2)
1
(77, 46)
-> Request 6
1384
(3, 2, 2)
1
(1, 31)
--> Day : 4
-> Request 0
171
(1, 2, 2)
1
(23, 64)
-> Request 1
255
(3, 2, 2)
2
(46, 51)
-> Request 2
256
(2, 2, 2)
1
(35, 75)
-> Request 3
394
(2, 3, 2)
3
(72, 17)
-> Request 4
403
(1, 2, 1)
2
(51, 12)
-> Request 5
532
(1, 2, 1)
3
(70, 68)
-> Request 6
609
(3, 3, 1)
3
(61, 58)
-> Request 7
631
(1, 3, 1)
3
(27, 51)
-> Request 8
1018
(3, 2, 1)
2
(54, 20)
-> Request 9
1131
(4, 1, 1)
2
(57, 13)
-> Request 10
1224
(1, 2, 1)
1
(41, 56)
-> Request 11
1267
(4, 1, 2)
2
(55, 28)
-> Request 12
1358
(4, 2, 2)
1
(2, 20)
---> Week : 2
--> Day : 0
-> Request 0
41
(3, 2, 2)
3
(53, 79)
-> Request 1
46
(2, 3, 1)
1
(41, 11)
-> Request 2
113
(3, 2, 2)
2
(68, 70)
-> Request 3
264
(2, 2, 2)
3
(14, 28)
-> Request 4
315
(3, 2, 2)
2
(20, 70)
-> Request 5
425
(1, 3, 1)
3
(79, 62)
-> Request 6
479
(3, 3, 1)
2
(10, 26)
-> Request 7
509
(3, 3, 2)
3
(24, 51)
-> Request 8
531
(2, 1, 2)
1
(54, 78)
-> Request 9
627
(1, 1, 2)
3
(39, 45)
-> Request 10
778
(3, 2, 1)
1
(64, 56)
-> Request 11
913
(2, 3, 1)
1
(11, 12)
-> Request 12
1091
(1, 1, 2)
1
(52, 30)
-> Request 13
1153
(3, 2, 2)
2
(25, 50)
--> Day : 1
-> Request 0
222
(4, 2, 2)
1
(38, 34)
-> Request 1
225
(2, 2, 2)
3
(5, 66)
-> Request 2
415
(2, 3, 1)
3
(22, 49)
-> Request 3
671
(3, 1, 2)
1
(3, 33)
-> Request 4
781
(3, 3, 1)
1
(39, 36)
-> Request 5
1141
(4, 1, 2)
3
(40, 39)
-> Request 6
1362
(3, 1, 1)
2
(72, 35)
--> Day : 2
-> Request 0
252
(1, 3, 1)
2
(49, 73)
-> Request 1
641
(3, 1, 2)
3
(59, 73)
-> Request 2
869
(4, 3, 2)
1
(4, 59)
-> Request 3
973
(4, 3, 2)
2
(65, 24)
-> Request 4
1054
(2, 1, 2)
3
(7, 17)
-> Request 5
1073
(2, 1, 2)
2
(48, 5)
-> Request 6
1084
(3, 1, 1)
1
(51, 72)
-> Request 7
1140
(4, 3, 1)
2
(52, 8)
-> Request 8
1188
(1, 3, 2)
2
(22, 69)
-> Request 9
1218
(4, 1, 2)
2
(11, 45)
-> Request 10
1232
(4, 2, 1)
3
(60, 72)
-> Request 11
1277
(2, 3, 2)
1
(34, 50)
--> Day : 3
-> Request 0
121
(3, 3, 1)
3
(20, 75)
-> Request 1
721
(2, 1, 2)
3
(37, 42)
-> Request 2
790
(4, 1, 1)
2
(18, 66)
-> Request 3
870
(4, 3, 2)
3
(68, 59)
-> Request 4
961
(4, 3, 1)
1
(21, 38)
-> Request 5
1104
(3, 2, 1)
3
(31, 45)
-> Request 6
1231
(3, 1, 1)
1
(22, 79)
-> Request 7
1298
(4, 1, 2)
3
(70, 34)
-> Request 8
1316
(2, 2, 2)
3
(56, 58)
-> Request 9
1340
(1, 3, 2)
2
(42, 39)
-> Request 10
1375
(3, 2, 2)
3
(7, 9)
--> Day : 4
-> Request 0
66
(2, 3, 1)
2
(23, 14)
-> Request 1
196
(3, 3, 2)
3
(23, 45)
-> Request 2
232
(3, 1, 1)
3
(39, 33)
-> Request 3
235
(3, 2, 1)
1
(64, 13)
-> Request 4
253
(1, 1, 1)
2
(69, 70)
-> Request 5
559
(3, 3, 2)
2
(1, 62)
-> Request 6
597
(4, 1, 2)
3
(32, 16)
-> Request 7
645
(2, 3, 2)
2
(72, 3)
-> Request 8
722
(3, 1, 1)
3
(24, 28)
-> Request 9
775
(1, 1, 2)
3
(79, 65)
-> Request 10
1081
(3, 1, 1)
2
(8, 13)
-> Request 11
1117
(4, 3, 1)
1
(34, 29)
-> Request 12
1217
(4, 1, 1)
2
(43, 74)
---> Week : 3
--> Day : 0
-> Request 0
57
(3, 2, 1)
3
(68, 15)
-> Request 1
115
(1, 3, 2)
2
(45, 71)
-> Request 2
124
(4, 3, 2)
2
(15, 59)
-> Request 3
514
(2, 3, 1)
2
(67, 26)
-> Request 4
705
(3, 1, 1)
1
(59, 50)
-> Request 5
813
(2, 3, 2)
1
(0, 57)
-> Request 6
839
(3, 1, 1)
2
(40, 34)
-> Request 7
891
(4, 2, 1)
2
(53, 29)
-> Request 8
901
(4, 2, 2)
1
(51, 22)
-> Request 9
1114
(1, 1, 1)
1
(69, 50)
-> Request 10
1324
(1, 3, 2)
3
(2, 46)
-> Request 11
1386
(1, 1, 1)
3
(35, 77)
--> Day : 1
-> Request 0
302
(3, 1, 2)
1
(8, 65)
-> Request 1
397
(4, 1, 1)
3
(0, 77)
-> Request 2
638
(2, 3, 1)
3
(66, 62)
-> Request 3
652
(4, 2, 2)
1
(62, 73)
-> Request 4
829
(4, 1, 1)
2
(21, 1)
-> Request 5
838
(3, 1, 2)
2
(3, 49)
-> Request 6
928
(3, 3, 2)
2
(39, 23)
-> Request 7
1074
(1, 1, 1)
1
(22, 76)
-> Request 8
1116
(1, 2, 2)
1
(9, 35)
--> Day : 2
-> Request 0
596
(4, 2, 1)
2
(32, 50)
-> Request 1
651
(3, 3, 2)
2
(49, 39)
-> Request 2
685
(3, 1, 2)
2
(58, 15)
-> Request 3
728
(3, 3, 2)
2
(77, 9)
-> Request 4
908
(4, 1, 1)
1
(21, 50)
-> Request 5
1064
(3, 3, 2)
3
(79, 74)
-> Request 6
1179
(4, 3, 1)
1
(63, 54)
-> Request 7
1360
(2, 1, 1)
1
(69, 74)
--> Day : 3
-> Request 0
71
(1, 2, 1)
3
(39, 46)
-> Request 1
255
(4, 1, 2)
2
(57, 77)
-> Request 2
315
(1, 3, 2)
1
(23, 30)
-> Request 3
577
(2, 2, 2)
2
(72, 63)
-> Request 4
929
(1, 1, 1)
2
(75, 46)
-> Request 5
1068
(4, 1, 1)
1
(26, 56)
-> Request 6
1103
(1, 2, 1)
1
(67, 46)
-> Request 7
1324
(3, 3, 1)
3
(8, 63)
--> Day : 4
-> Request 0
111
(4, 1, 2)
2
(0, 2)
-> Request 1
179
(2, 2, 2)
3
(69, 70)
-> Request 2
392
(4, 3, 2)
2
(55, 62)
-> Request 3
541
(3, 2, 1)
2
(6, 70)
-> Request 4
977
(3, 2, 1)
3
(33, 71)
-> Request 5
982
(4, 2, 2)
1
(50, 62)
-> Request 6
1028
(3, 3, 2)
1
(79, 44)
-> Request 7
1102
(4, 2, 1)
1
(2, 50)
-> Request 8
1164
(2, 2, 1)
3
(49, 38)
-> Request 9
1263
(3, 1, 2)
2
(31, 37)
-> Request 10
1402
(2, 3, 2)
3
(34, 32)
---> Week : 4
--> Day : 0
-> Request 0
2
(1, 3, 1)
2
(13, 46)
-> Request 1
2
(4, 1, 2)
2
(20, 22)
-> Request 2
366
(2, 3, 2)
1
(52, 37)
-> Request 3
472
(2, 3, 1)
2
(0, 63)
-> Request 4
592
(3, 3, 1)
3
(63, 71)
-> Request 5
713
(2, 2, 1)
1
(6, 68)
-> Request 6
820
(4, 2, 1)
2
(52, 78)
-> Request 7
1132
(2, 2, 1)
1
(36, 67)
-> Request 8
1156
(2, 2, 1)
2
(4, 60)
-> Request 9
1214
(4, 1, 1)
1
(10, 13)
--> Day : 1
-> Request 0
134
(3, 3, 2)
3
(77, 41)
-> Request 1
376
(4, 3, 2)
3
(30, 54)
-> Request 2
437
(3, 1, 2)
1
(26, 51)
-> Request 3
501
(3, 1, 1)
3
(64, 20)
-> Request 4
621
(4, 1, 2)
2
(58, 78)
-> Request 5
750
(4, 3, 1)
3
(23, 40)
-> Request 6
1326
(4, 2, 2)
2
(79, 62)
-> Request 7
1391
(1, 3, 2)
3
(11, 12)
--> Day : 2
-> Request 0
68
(1, 3, 1)
1
(66, 55)
-> Request 1
331
(3, 1, 1)
3
(57, 58)
-> Request 2
558
(2, 1, 2)
3
(28, 53)
-> Request 3
797
(4, 3, 2)
3
(45, 41)
-> Request 4
942
(3, 1, 1)
3
(3, 75)
-> Request 5
1187
(3, 3, 1)
1
(36, 69)
-> Request 6
1439
(3, 2, 2)
3
(6, 4)
--> Day : 3
-> Request 0
97
(1, 1, 1)
2
(77, 61)
-> Request 1
162
(4, 3, 1)
1
(58, 22)
-> Request 2
362
(3, 1, 2)
1
(7, 62)
-> Request 3
376
(3, 3, 1)
2
(51, 8)
-> Request 4
392
(3, 3, 2)
1
(47, 39)
-> Request 5
483
(1, 2, 2)
3
(74, 15)
-> Request 6
486
(1, 3, 2)
1
(3, 46)
-> Request 7
505
(3, 1, 2)
1
(56, 5)
-> Request 8
506
(1, 3, 2)
2
(41, 28)
-> Request 9
690
(2, 2, 2)
2
(60, 47)
-> Request 10
952
(2, 2, 1)
2
(5, 59)
-> Request 11
1056
(2, 1, 1)
1
(74, 38)
-> Request 12
1089
(3, 3, 1)
3
(36, 13)
-> Request 13
1146
(3, 1, 1)
3
(7, 19)
--> Day : 4
-> Request 0
4
(3, 1, 1)
3
(79, 32)
-> Request 1
261
(3, 1, 2)
1
(75, 45)
-> Request 2
319
(3, 2, 1)
3
(10, 9)
-> Request 3
504
(3, 3, 1)
1
(40, 71)
-> Request 4
549
(2, 3, 1)
2
(79, 30)
-> Request 5
717
(2, 3, 1)
1
(31, 58)
-> Request 6
764
(2, 1, 1)
1
(23, 41)
-> Request 7
1179
(4, 3, 2)
1
(28, 14)
-> Request 8
1316
(2, 1, 1)
2
(17, 24)
-> Request 9
1341
(2, 2, 1)
1
(37, 7)
---> Week : 5
--> Day : 0
-> Request 0
189
(4, 1, 2)
2
(54, 67)
-> Request 1
258
(1, 3, 1)
2
(20, 46)
-> Request 2
449
(4, 2, 1)
2
(54, 10)
-> Request 3
456
(1, 3, 2)
1
(24, 36)
-> Request 4
501
(1, 3, 2)
3
(5, 18)
-> Request 5
744
(4, 1, 1)
2
(76, 74)
-> Request 6
952
(2, 3, 2)
2
(58, 61)
-> Request 7
956
(4, 2, 1)
1
(13, 5)
--> Day : 1
-> Request 0
0
(4, 1, 1)
3
(53, 27)
-> Request 1
50
(4, 3, 1)
3
(42, 6)
-> Request 2
111
(2, 3, 1)
3
(55, 42)
-> Request 3
339
(2, 2, 2)
1
(52, 21)
-> Request 4
405
(3, 2, 1)
3
(3, 57)
-> Request 5
495
(1, 1, 1)
2
(77, 31)
-> Request 6
520
(4, 3, 2)
1
(79, 55)
-> Request 7
610
(2, 1, 1)
1
(9, 31)
-> Request 8
744
(4, 1, 2)
1
(61, 37)
-> Request 9
927
(4, 3, 1)
3
(49, 54)
-> Request 10
1132
(3, 2, 1)
2
(40, 74)
-> Request 11
1172
(3, 2, 2)
3
(4, 25)
-> Request 12
1322
(1, 1, 1)
3
(8, 24)
-> Request 13
1338
(2, 1, 2)
1
(12, 1)
--> Day : 2
-> Request 0
88
(3, 3, 1)
1
(71, 56)
-> Request 1
280
(2, 1, 1)
1
(62, 31)
-> Request 2
315
(3, 2, 1)
1
(28, 43)
-> Request 3
455
(2, 3, 1)
1
(74, 7)
-> Request 4
869
(2, 3, 2)
2
(11, 19)
-> Request 5
1058
(1, 3, 1)
2
(61, 9)
-> Request 6
1373
(1, 2, 1)
1
(36, 30)
--> Day : 3
-> Request 0
175
(4, 2, 2)
1
(11, 53)
-> Request 1
265
(1, 2, 2)
2
(74, 40)
-> Request 2
271
(4, 2, 2)
3
(72, 78)
-> Request 3
417
(1, 1, 1)
2
(48, 4)
-> Request 4
434
(4, 3, 2)
1
(26, 61)
-> Request 5
608
(4, 2, 1)
1
(40, 35)
-> Request 6
670
(2, 1, 2)
2
(42, 35)
-> Request 7
782
(1, 3, 1)
3
(53, 25)
-> Request 8
1119
(4, 2, 2)
1
(22, 15)
-> Request 9
1388
(1, 3, 1)
2
(5, 35)
--> Day : 4
-> Request 0
213
(3, 1, 1)
1
(4, 53)
-> Request 1
214
(1, 1, 1)
1
(37, 37)
-> Request 2
214
(4, 1, 1)
3
(22, 63)
-> Request 3
437
(2, 3, 1)
3
(45, 66)
-> Request 4
533
(2, 1, 2)
3
(57, 55)
-> Request 5
533
(4, 1, 1)
1
(14, 56)
-> Request 6
608
(4, 1, 1)
2
(40, 65)
-> Request 7
864
(1, 3, 2)
3
(70, 64)
-> Request 8
998
(4, 3, 2)
3
(24, 38)
-> Request 9
1333
(1, 2, 1)
1
(77, 31)
-> Request 10
1338
(1, 1, 1)
3
(37, 5)
-> Request 11
1371
(3, 3, 1)
1
(66, 33)
-> Request 12
1428
(3, 1, 1)
3
(64, 51)
---> Week : 6
--> Day : 0
-> Request 0
69
(1, 2, 1)
1
(3, 10)
-> Request 1
136
(3, 3, 2)
3
(23, 68)
-> Request 2
160
(4, 2, 2)
2
(15, 10)
-> Request 3
211
(2, 2, 2)
3
(46, 65)
-> Request 4
235
(2, 1, 2)
3
(10, 12)
-> Request 5
260
(1, 2, 1)
3
(46, 40)
-> Request 6
261
(2, 2, 2)
2
(77, 56)
-> Request 7
345
(4, 2, 1)
2
(63, 9)
-> Request 8
405
(3, 2, 2)
1
(60, 75)
-> Request 9
441
(1, 1, 2)
3
(29, 2)
-> Request 10
473
(4, 2, 1)
1
(68, 57)
-> Request 11
829
(4, 3, 1)
2
(5, 7)
-> Request 12
1178
(4, 1, 1)
3
(77, 60)
-> Request 13
1362
(2, 1, 2)
2
(79, 56)
--> Day : 1
-> Request 0
70
(1, 3, 2)
2
(0, 11)
-> Request 1
191
(4, 1, 2)
1
(6, 2)
-> Request 2
311
(2, 1, 1)
2
(23, 33)
-> Request 3
494
(4, 1, 1)
2
(26, 47)
-> Request 4
645
(1, 1, 2)
1
(78, 0)
-> Request 5
694
(1, 1, 2)
1
(18, 13)
-> Request 6
761
(1, 3, 1)
3
(9, 20)
-> Request 7
836
(2, 2, 1)
2
(26, 75)
-> Request 8
941
(3, 2, 1)
2
(40, 78)
-> Request 9
980
(3, 3, 2)
3
(34, 73)
-> Request 10
1234
(2, 3, 1)
3
(33, 35)
-> Request 11
1396
(2, 1, 2)
3
(72, 56)
--> Day : 2
-> Request 0
256
(3, 3, 2)
1
(54, 37)
-> Request 1
401
(4, 1, 2)
2
(65, 55)
-> Request 2
485
(4, 2, 1)
3
(77, 56)
-> Request 3
603
(2, 3, 1)
2
(74, 79)
-> Request 4
993
(2, 3, 1)
1
(41, 18)
-> Request 5
1029
(4, 3, 1)
3
(30, 5)
-> Request 6
1439
(2, 2, 1)
1
(71, 53)
--> Day : 3
-> Request 0
266
(2, 3, 1)
1
(15, 72)
-> Request 1
342
(4, 3, 1)
2
(70, 27)
-> Request 2
498
(4, 1, 2)
1
(58, 70)
-> Request 3
559
(4, 2, 1)
2
(71, 10)
-> Request 4
574
(4, 1, 1)
1
(12, 5)
-> Request 5
788
(3, 2, 1)
1
(54, 56)
-> Request 6
853
(3, 3, 2)
1
(11, 22)
-> Request 7
873
(4, 1, 1)
2
(38, 34)
-> Request 8
1120
(2, 2, 2)
3
(62, 45)
-> Request 9
1163
(2, 2, 2)
3
(68, 65)
-> Request 10
1184
(1, 3, 2)
3
(47, 58)
-> Request 11
1223
(2, 2, 2)
2
(62, 22)
--> Day : 4
-> Request 0
220
(1, 1, 1)
1
(65, 48)
-> Request 1
335
(4, 2, 1)
1
(7, 43)
-> Request 2
403
(2, 2, 2)
2
(19, 10)
-> Request 3
428
(3, 1, 1)
3
(23, 52)
-> Request 4
737
(1, 3, 2)
1
(46, 21)
-> Request 5
745
(3, 1, 2)
1
(31, 62)
-> Request 6
1098
(2, 1, 1)
2
(20, 58)
-> Request 7
1249
(4, 1, 2)
1
(0, 79)
-> Request 8
1291
(2, 3, 2)
2
(78, 76)
---> Week : 7
--> Day : 0
-> Request 0
18
(2, 2, 1)
2
(27, 9)
-> Request 1
253
(3, 1, 2)
3
(21, 36)
-> Request 2
294
(3, 2, 1)
2
(5, 34)
-> Request 3
465
(3, 1, 1)
3
(66, 17)
-> Request 4
606
(2, 3, 2)
2
(74, 61)
-> Request 5
755
(3, 3, 1)
3
(8, 24)
-> Request 6
907
(4, 3, 2)
2
(32, 63)
-> Request 7
932
(1, 3, 1)
3
(75, 60)
-> Request 8
968
(3, 3, 2)
2
(56, 43)
-> Request 9
1042
(1, 1, 1)
2
(33, 36)
-> Request 10
1200
(4, 2, 2)
1
(55, 21)
--> Day : 1
-> Request 0
37
(2, 1, 1)
1
(74, 19)
-> Request 1
74
(2, 3, 1)
3
(69, 7)
-> Request 2
199
(2, 3, 2)
2
(32, 27)
-> Request 3
318
(1, 2, 1)
2
(34, 39)
-> Request 4
466
(4, 1, 2)
1
(33, 48)
-> Request 5
480
(4, 2, 2)
2
(14, 15)
-> Request 6
508
(4, 3, 1)
1
(42, 43)
-> Request 7
823
(1, 1, 2)
3
(69, 43)
-> Request 8
852
(2, 2, 2)
3
(56, 59)
-> Request 9
978
(2, 3, 1)
3
(47, 29)
-> Request 10
1227
(1, 2, 1)
1
(24, 6)
-> Request 11
1256
(1, 1, 1)
1
(2, 28)
--> Day : 2
-> Request 0
218
(1, 2, 2)
1
(49, 32)
-> Request 1
605
(4, 3, 1)
2
(30, 48)
-> Request 2
643
(4, 2, 2)
1
(76, 4)
-> Request 3
654
(1, 2, 2)
2
(47, 18)
-> Request 4
689
(4, 1, 2)
2
(44, 50)
-> Request 5
938
(3, 2, 1)
2
(48, 71)
-> Request 6
942
(3, 1, 2)
3
(64, 71)
-> Request 7
1003
(1, 2, 2)
2
(72, 57)
--> Day : 3
-> Request 0
21
(2, 3, 1)
2
(4, 10)
-> Request 1
118
(2, 2, 2)
2
(50, 37)
-> Request 2
208
(2, 3, 1)
2
(8, 5)
-> Request 3
246
(4, 2, 2)
1
(66, 50)
-> Request 4
270
(1, 1, 1)
2
(37, 43)
-> Request 5
494
(1, 2, 2)
3
(9, 41)
-> Request 6
534
(1, 1, 1)
3
(22, 57)
-> Request 7
662
(4, 1, 2)
2
(48, 28)
-> Request 8
784
(1, 3, 2)
1
(30, 15)
-> Request 9
826
(3, 3, 1)
1
(49, 27)
-> Request 10
945
(3, 2, 2)
3
(78, 23)
-> Request 11
1075
(2, 3, 1)
3
(50, 29)
-> Request 12
1093
(4, 1, 2)
1
(61, 52)
-> Request 13
1382
(4, 3, 1)
1
(4, 35)
--> Day : 4
-> Request 0
80
(4, 1, 1)
1
(44, 21)
-> Request 1
479
(4, 1, 1)
2
(69, 51)
-> Request 2
481
(2, 3, 1)
3
(61, 44)
-> Request 3
904
(1, 2, 1)
2
(21, 3)
-> Request 4
1012
(1, 2, 2)
2
(61, 20)
-> Request 5
1049
(4, 2, 1)
2
(55, 32)
-> Request 6
1137
(2, 3, 1)
2
(42, 55)
-> Request 7
1167
(1, 1, 1)
3
(64, 10)
-> Request 8
1187
(2, 1, 2)
1
(69, 10)
-> Request 9
1309
(2, 1, 1)
3
(10, 26)
-> Request 10
1316
(2, 1, 1)
3
(65, 45)
-> Request 11
1367
(4, 2, 2)
1
(58, 36)
-> Request 12
1369
(4, 2, 2)
3
(64, 72)
---> Week : 8
--> Day : 0
-> Request 0
293
(3, 1, 2)
3
(2, 2)
-> Request 1
330
(3, 3, 2)
1
(66, 43)
-> Request 2
417
(2, 3, 2)
1
(38, 51)
-> Request 3
548
(2, 3, 1)
3
(55, 35)
-> Request 4
595
(3, 3, 1)
3
(49, 65)
-> Request 5
727
(2, 1, 1)
2
(48, 12)
-> Request 6
993
(4, 2, 1)
2
(55, 29)
-> Request 7
1005
(3, 1, 2)
3
(63, 31)
-> Request 8
1231
(1, 2, 2)
2
(42, 27)
-> Request 9
1377
(3, 3, 2)
3
(0, 63)
--> Day : 1
-> Request 0
246
(1, 1, 2)
2
(45, 26)
-> Request 1
258
(3, 1, 2)
2
(11, 62)
-> Request 2
471
(2, 3, 2)
1
(49, 28)
-> Request 3
581
(1, 2, 2)
3
(6, 68)
-> Request 4
614
(1, 3, 2)
2
(75, 67)
-> Request 5
855
(4, 1, 2)
3
(2, 34)
-> Request 6
858
(1, 1, 1)
2
(18, 26)
-> Request 7
1020
(2, 3, 2)
3
(67, 17)
-> Request 8
1148
(2, 1, 1)
3
(43, 1)
-> Request 9
1359
(1, 2, 2)
1
(76, 11)
-> Request 10
1427
(1, 2, 1)
2
(37, 56)
--> Day : 2
-> Request 0
138
(2, 1, 2)
1
(75, 32)
-> Request 1
160
(1, 1, 1)
2
(20, 16)
-> Request 2
290
(2, 3, 1)
3
(21, 25)
-> Request 3
293
(1, 3, 2)
1
(13, 28)
-> Request 4
427
(1, 1, 2)
3
(29, 6)
-> Request 5
527
(1, 2, 1)
2
(13, 27)
-> Request 6
546
(1, 1, 2)
1
(9, 9)
-> Request 7
571
(4, 2, 2)
1
(0, 13)
-> Request 8
671
(1, 2, 2)
2
(79, 29)
-> Request 9
713
(1, 2, 2)
2
(64, 72)
-> Request 10
890
(2, 2, 2)
1
(66, 29)
-> Request 11
1133
(3, 2, 2)
1
(9, 40)
-> Request 12
1424
(4, 1, 1)
3
(71, 2)
-> Request 13
1430
(4, 3, 1)
2
(53, 60)
-> Request 14
1438
(2, 2, 1)
3
(71, 39)
--> Day : 3
-> Request 0
62
(2, 3, 2)
1
(13, 6)
-> Request 1
516
(1, 1, 1)
2
(22, 69)
-> Request 2
764
(2, 1, 1)
3
(59, 35)
-> Request 3
920
(3, 3, 1)
3
(74, 70)
-> Request 4
934
(3, 3, 1)
1
(38, 55)
-> Request 5
1157
(2, 2, 1)
2
(77, 70)
-> Request 6
1187
(4, 1, 2)
2
(60, 49)
-> Request 7
1235
(3, 1, 2)
2
(49, 1)
-> Request 8
1257
(4, 2, 2)
1
(1, 33)
-> Request 9
1336
(2, 3, 2)
3
(16, 61)
-> Request 10
1348
(1, 2, 2)
1
(30, 17)
-> Request 11
1403
(4, 3, 1)
2
(9, 24)
--> Day : 4
-> Request 0
73
(4, 3, 1)
2
(32, 16)
-> Request 1
76
(4, 1, 1)
1
(57, 73)
-> Request 2
185
(1, 1, 1)
3
(73, 77)
-> Request 3
249
(1, 3, 2)
3
(47, 13)
-> Request 4
722
(3, 3, 2)
3
(24, 48)
-> Request 5
849
(2, 1, 2)
3
(31, 0)
-> Request 6
943
(4, 3, 2)
2
(78, 65)
-> Request 7
1104
(4, 3, 2)
3
(4, 40)
-> Request 8
1122
(3, 3, 1)
1
(68, 36)
-> Request 9
1286
(2, 1, 2)
1
(24, 1)
-> Request 10
1408
(4, 2, 1)
3
(79, 30)
---> Week : 9
--> Day : 0
-> Request 0
49
(2, 2, 2)
3
(39, 62)
-> Request 1
144
(1, 1, 2)
1
(46, 57)
-> Request 2
159
(1, 3, 1)
2
(12, 78)
-> Request 3
162
(1, 2, 2)
2
(74, 51)
-> Request 4
165
(4, 3, 2)
1
(76, 74)
-> Request 5
642
(4, 2, 1)
2
(78, 20)
-> Request 6
665
(3, 2, 1)
1
(13, 71)
-> Request 7
782
(1, 2, 1)
2
(14, 15)
-> Request 8
801
(4, 3, 2)
2
(72, 70)
-> Request 9
818
(3, 2, 1)
1
(78, 48)
-> Request 10
1037
(4, 3, 2)
3
(39, 23)
-> Request 11
1114
(2, 1, 2)
1
(7, 77)
--> Day : 1
-> Request 0
41
(3, 3, 1)
2
(51, 11)
-> Request 1
220
(1, 2, 2)
1
(16, 50)
-> Request 2
759
(3, 1, 2)
2
(9, 51)
-> Request 3
765
(4, 2, 1)
2
(54, 59)
-> Request 4
874
(2, 1, 1)
2
(59, 65)
-> Request 5
1039
(1, 1, 1)
3
(26, 6)
-> Request 6
1127
(1, 3, 1)
2
(6, 32)
-> Request 7
1401
(1, 3, 1)
3
(12, 22)
--> Day : 2
-> Request 0
134
(3, 1, 2)
1
(3, 12)
-> Request 1
160
(3, 1, 1)
1
(17, 5)
-> Request 2
339
(1, 3, 1)
1
(2, 66)
-> Request 3
615
(4, 1, 2)
2
(19, 14)
-> Request 4
765
(1, 1, 2)
1
(25, 52)
-> Request 5
899
(2, 2, 2)
1
(79, 49)
-> Request 6
908
(4, 2, 1)
1
(59, 21)
-> Request 7
985
(4, 3, 2)
2
(53, 6)
-> Request 8
1109
(2, 2, 2)
3
(13, 14)
-> Request 9
1212
(3, 1, 1)
3
(57, 70)
-> Request 10
1254
(3, 3, 2)
2
(44, 17)
--> Day : 3
-> Request 0
123
(2, 3, 2)
1
(53, 76)
-> Request 1
280
(1, 2, 1)
3
(64, 13)
-> Request 2
558
(3, 2, 1)
3
(73, 61)
-> Request 3
645
(2, 2, 2)
3
(7, 59)
-> Request 4
819
(3, 2, 1)
2
(22, 63)
-> Request 5
914
(1, 3, 1)
1
(8, 65)
-> Request 6
963
(1, 2, 1)
2
(66, 17)
-> Request 7
990
(3, 3, 2)
1
(48, 60)
-> Request 8
1168
(4, 3, 2)
2
(25, 23)
-> Request 9
1380
(2, 3, 1)
3
(49, 51)
--> Day : 4
-> Request 0
15
(4, 1, 2)
3
(48, 73)
-> Request 1
25
(3, 2, 1)
2
(26, 38)
-> Request 2
90
(1, 2, 2)
3
(17, 78)
-> Request 3
137
(4, 3, 2)
1
(13, 31)
-> Request 4
148
(1, 1, 1)
2
(69, 8)
-> Request 5
209
(3, 2, 1)
3
(64, 77)
-> Request 6
344
(2, 1, 2)
3
(60, 69)
-> Request 7
356
(2, 3, 2)
1
(35, 38)
-> Request 8
519
(1, 2, 2)
2
(76, 7)
-> Request 9
524
(1, 3, 2)
2
(49, 77)
-> Request 10
695
(2, 3, 1)
1
(68, 42)
-> Request 11
954
(2, 1, 2)
2
(57, 17)
-> Request 12
1008
(1, 3, 1)
1
(27, 70)
-> Request 13
1073
(4, 1, 1)
1
(71, 39)
-> Request 14
1203
(1, 2, 1)
1
(31, 69)
-> Request 15
1245
(3, 1, 1)
1
(28, 79)
-> Request 16
1349
(3, 2, 1)
3
(38, 60)
---> Week : 10
--> Day : 0
-> Request 0
326
(3, 2, 1)
3
(36, 52)
-> Request 1
500
(2, 3, 1)
2
(66, 29)
-> Request 2
723
(2, 2, 2)
3
(27, 49)
-> Request 3
729
(1, 3, 2)
3
(31, 73)
-> Request 4
780
(4, 1, 2)
3
(62, 20)
-> Request 5
1085
(4, 3, 1)
2
(52, 59)
-> Request 6
1152
(1, 1, 1)
1
(56, 36)
-> Request 7
1251
(1, 1, 1)
1
(18, 41)
--> Day : 1
-> Request 0
21
(3, 1, 1)
3
(31, 58)
-> Request 1
67
(1, 1, 1)
3
(65, 14)
-> Request 2
202
(3, 1, 2)
3
(32, 1)
-> Request 3
215
(2, 2, 2)
1
(36, 49)
-> Request 4
354
(3, 2, 1)
2
(16, 57)
-> Request 5
484
(4, 2, 2)
2
(73, 33)
-> Request 6
496
(2, 3, 1)
2
(76, 11)
-> Request 7
767
(2, 3, 1)
3
(13, 11)
-> Request 8
927
(3, 2, 1)
1
(54, 68)
-> Request 9
984
(1, 1, 2)
1
(41, 65)
-> Request 10
1287
(4, 1, 1)
1
(50, 33)
--> Day : 2
-> Request 0
78
(2, 1, 2)
2
(6, 65)
-> Request 1
232
(2, 3, 2)
1
(58, 12)
-> Request 2
544
(4, 1, 1)
2
(47, 78)
-> Request 3
615
(4, 3, 1)
2
(76, 26)
-> Request 4
792
(4, 3, 2)
3
(40, 49)
-> Request 5
923
(2, 1, 2)
3
(70, 65)
-> Request 6
933
(1, 1, 2)
2
(5, 6)
-> Request 7
1044
(4, 3, 1)
3
(40, 22)
-> Request 8
1153
(1, 3, 2)
3
(22, 22)
-> Request 9
1398
(2, 1, 2)
2
(69, 77)
--> Day : 3
-> Request 0
92
(2, 3, 1)
3
(30, 76)
-> Request 1
636
(1, 3, 2)
1
(36, 37)
-> Request 2
735
(4, 1, 1)
1
(51, 62)
-> Request 3
795
(4, 2, 2)
2
(10, 18)
-> Request 4
823
(1, 2, 1)
1
(39, 54)
-> Request 5
957
(1, 2, 2)
2
(28, 47)
-> Request 6
1168
(3, 3, 1)
1
(59, 6)
--> Day : 4
-> Request 0
126
(4, 2, 2)
2
(28, 76)
-> Request 1
477
(2, 3, 1)
3
(74, 29)
-> Request 2
529
(3, 2, 1)
2
(33, 1)
-> Request 3
586
(3, 1, 2)
3
(62, 11)
-> Request 4
954
(1, 1, 2)
1
(77, 8)
-> Request 5
1109
(2, 2, 2)
1
(7, 1)
---> Week : 11
--> Day : 0
-> Request 0
34
(2, 3, 1)
1
(64, 28)
-> Request 1
202
(1, 2, 1)
3
(55, 16)
-> Request 2
240
(1, 1, 2)
1
(32, 78)
-> Request 3
279
(1, 2, 1)
2
(34, 33)
-> Request 4
284
(4, 3, 1)
2
(78, 30)
-> Request 5
302
(3, 3, 1)
1
(36, 20)
-> Request 6
422
(2, 3, 2)
1
(56, 50)
-> Request 7
477
(1, 1, 1)
1
(6, 1)
-> Request 8
1229
(2, 2, 2)
3
(17, 73)
-> Request 9
1413
(1, 1, 2)
3
(23, 35)
--> Day : 1
-> Request 0
173
(1, 3, 2)
2
(77, 23)
-> Request 1
175
(2, 1, 1)
3
(67, 10)
-> Request 2
211
(3, 3, 2)
2
(6, 57)
-> Request 3
308
(4, 3, 1)
3
(79, 38)
-> Request 4
383
(1, 2, 1)
3
(67, 7)
-> Request 5
426
(1, 2, 2)
3
(64, 78)
-> Request 6
637
(1, 2, 1)
1
(65, 75)
-> Request 7
812
(1, 3, 1)
2
(73, 0)
-> Request 8
846
(2, 1, 2)
1
(10, 60)
-> Request 9
1000
(2, 2, 2)
3
(39, 22)
-> Request 10
1095
(4, 3, 1)
1
(41, 79)
-> Request 11
1112
(2, 3, 2)
2
(49, 28)
-> Request 12
1242
(1, 1, 2)
3
(34, 68)
-> Request 13
1354
(3, 1, 2)
3
(71, 69)
-> Request 14
1359
(2, 2, 2)
3
(79, 64)
-> Request 15
1417
(1, 2, 1)
1
(73, 36)
--> Day : 2
-> Request 0
39
(2, 1, 2)
1
(53, 16)
-> Request 1
62
(1, 3, 2)
3
(22, 38)
-> Request 2
302
(2, 2, 1)
1
(67, 22)
-> Request 3
351
(1, 1, 2)
1
(71, 49)
-> Request 4
920
(1, 2, 2)
3
(37, 10)
-> Request 5
1159
(3, 1, 1)
3
(34, 65)
--> Day : 3
-> Request 0
126
(1, 1, 1)
3
(28, 14)
-> Request 1
258
(2, 2, 2)
2
(40, 50)
-> Request 2
267
(1, 2, 2)
2
(43, 75)
-> Request 3
494
(3, 3, 1)
1
(0, 61)
-> Request 4
573
(3, 3, 1)
3
(42, 26)
-> Request 5
726
(1, 3, 2)
2
(33, 23)
-> Request 6
789
(4, 3, 1)
1
(3, 30)
-> Request 7
818
(2, 3, 1)
1
(18, 9)
-> Request 8
1101
(4, 2, 1)
3
(21, 6)
-> Request 9
1207
(4, 2, 1)
2
(48, 2)
-> Request 10
1256
(3, 2, 2)
3
(32, 6)
-> Request 11
1292
(4, 3, 1)
1
(60, 34)
-> Request 12
1419
(4, 2, 1)
2
(7, 59)
-> Request 13
1432
(3, 2, 1)
1
(47, 36)
--> Day : 4
-> Request 0
107
(2, 2, 1)
3
(6, 69)
-> Request 1
210
(1, 3, 2)
1
(9, 56)
-> Request 2
376
(3, 3, 2)
3
(21, 50)
-> Request 3
407
(1, 2, 1)
1
(30, 50)
-> Request 4
483
(4, 2, 1)
2
(59, 78)
-> Request 5
497
(1, 3, 1)
1
(10, 64)
-> Request 6
1052
(2, 3, 2)
3
(8, 16)
-> Request 7
1068
(4, 2, 1)
3
(42, 54)
---> Week : 12
--> Day : 0
-> Request 0
252
(4, 3, 2)
3
(72, 71)
-> Request 1
416
(3, 3, 2)
2
(10, 39)
-> Request 2
503
(4, 2, 2)
2
(47, 23)
-> Request 3
577
(2, 3, 2)
3
(53, 33)
-> Request 4
887
(3, 3, 1)
1
(31, 36)
-> Request 5
973
(4, 2, 1)
1
(56, 74)
-> Request 6
1076
(1, 3, 2)
3
(11, 53)
-> Request 7
1292
(4, 3, 2)
3
(14, 43)
-> Request 8
1340
(1, 3, 2)
3
(40, 11)
--> Day : 1
-> Request 0
78
(4, 2, 1)
3
(59, 39)
-> Request 1
191
(4, 2, 2)
3
(79, 50)
-> Request 2
311
(3, 1, 1)
3
(79, 55)
-> Request 3
444
(4, 1, 1)
2
(79, 11)
-> Request 4
731
(2, 1, 2)
1
(79, 61)
-> Request 5
813
(3, 2, 1)
2
(37, 2)
-> Request 6
982
(2, 1, 1)
3
(11, 60)
-> Request 7
1190
(2, 1, 1)
1
(32, 47)
-> Request 8
1193
(2, 2, 2)
2
(75, 27)
-> Request 9
1227
(3, 2, 1)
1
(33, 30)
-> Request 10
1269
(1, 3, 2)
2
(44, 34)
-> Request 11
1309
(2, 1, 1)
3
(35, 27)
-> Request 12
1413
(2, 1, 1)
2
(17, 79)
--> Day : 2
-> Request 0
97
(3, 3, 2)
2
(73, 31)
-> Request 1
281
(4, 1, 2)
3
(16, 46)
-> Request 2
421
(4, 3, 2)
3
(65, 27)
-> Request 3
477
(3, 1, 1)
3
(32, 53)
-> Request 4
1308
(3, 1, 2)
1
(18, 30)
--> Day : 3
-> Request 0
55
(1, 2, 2)
3
(14, 53)
-> Request 1
89
(1, 2, 1)
3
(76, 24)
-> Request 2
482
(3, 2, 1)
2
(58, 2)
-> Request 3
621
(3, 2, 2)
2
(23, 27)
-> Request 4
745
(1, 2, 2)
2
(53, 69)
-> Request 5
812
(1, 3, 2)
3
(18, 4)
-> Request 6
812
(3, 1, 1)
3
(55, 72)
-> Request 7
895
(2, 3, 1)
1
(26, 49)
-> Request 8
1014
(2, 1, 1)
1
(50, 14)
-> Request 9
1032
(1, 3, 2)
1
(12, 46)
-> Request 10
1208
(1, 1, 2)
1
(53, 28)
-> Request 11
1314
(4, 2, 2)
3
(61, 1)
--> Day : 4
-> Request 0
36
(1, 3, 2)
3
(12, 34)
-> Request 1
141
(4, 3, 1)
3
(33, 27)
-> Request 2
184
(3, 3, 2)
3
(79, 50)
-> Request 3
201
(1, 1, 1)
1
(31, 16)
-> Request 4
215
(2, 1, 1)
3
(1, 37)
-> Request 5
232
(1, 2, 2)
2
(64, 67)
-> Request 6
284
(4, 1, 2)
3
(10, 57)
-> Request 7
319
(1, 3, 1)
1
(39, 62)
-> Request 8
541
(2, 3, 1)
2
(42, 78)
-> Request 9
802
(4, 1, 2)
3
(25, 51)
-> Request 10
1016
(2, 1, 2)
2
(11, 49)
-> Request 11
1153
(4, 3, 1)
3
(27, 75)
-> Request 12
1163
(1, 2, 1)
2
(78, 73)
-> Request 13
1217
(1, 2, 2)
1
(47, 56)
-> Request 14
1258
(2, 2, 1)
2
(25, 5)
-> Request 15
1426
(3, 2, 1)
1
(10, 62)
---> Week : 13
--> Day : 0
-> Request 0
138
(2, 1, 2)
1
(65, 75)
-> Request 1
182
(3, 1, 2)
2
(67, 5)
-> Request 2
319
(3, 1, 1)
3
(52, 37)
-> Request 3
396
(3, 3, 2)
1
(51, 5)
-> Request 4
455
(3, 2, 1)
2
(28, 61)
-> Request 5
490
(3, 2, 2)
1
(23, 32)
-> Request 6
496
(3, 1, 2)
2
(55, 7)
-> Request 7
609
(2, 3, 1)
1
(35, 9)
-> Request 8
749
(2, 2, 2)
1
(5, 20)
-> Request 9
972
(2, 2, 1)
1
(28, 23)
-> Request 10
1155
(3, 3, 2)
1
(57, 76)
-> Request 11
1254
(1, 3, 2)
2
(77, 31)
--> Day : 1
-> Request 0
104
(3, 3, 2)
1
(19, 34)
-> Request 1
236
(1, 1, 2)
1
(28, 37)
-> Request 2
302
(2, 1, 2)
3
(16, 27)
-> Request 3
345
(2, 2, 2)
2
(67, 13)
-> Request 4
353
(3, 1, 2)
1
(42, 0)
-> Request 5
552
(2, 3, 1)
2
(68, 12)
-> Request 6
638
(3, 2, 2)
1
(53, 41)
-> Request 7
749
(2, 2, 2)
2
(42, 6)
-> Request 8
878
(4, 1, 2)
1
(60, 49)
-> Request 9
968
(4, 2, 2)
2
(33, 34)
-> Request 10
1086
(4, 2, 2)
1
(22, 26)
--> Day : 2
-> Request 0
354
(3, 1, 2)
1
(67, 20)
-> Request 1
460
(3, 1, 1)
2
(51, 5)
-> Request 2
464
(3, 3, 1)
2
(27, 2)
-> Request 3
533
(3, 1, 2)
3
(65, 58)
-> Request 4
629
(2, 2, 1)
2
(16, 66)
-> Request 5
643
(4, 1, 1)
1
(31, 15)
-> Request 6
1071
(4, 1, 1)
2
(39, 7)
-> Request 7
1095
(4, 1, 2)
2
(42, 68)
--> Day : 3
-> Request 0
285
(1, 2, 2)
3
(2, 16)
-> Request 1
377
(2, 1, 1)
2
(14, 6)
-> Request 2
399
(2, 2, 2)
3
(40, 3)
-> Request 3
560
(1, 3, 2)
1
(63, 16)
-> Request 4
566
(2, 2, 1)
2
(8, 20)
-> Request 5
728
(3, 3, 1)
2
(70, 7)
-> Request 6
924
(4, 2, 2)
1
(71, 56)
-> Request 7
928
(2, 1, 1)
1
(58, 56)
-> Request 8
1033
(2, 2, 2)
2
(15, 47)
-> Request 9
1067
(1, 1, 2)
3
(3, 60)
-> Request 10
1311
(3, 2, 1)
1
(27, 60)
-> Request 11
1414
(2, 1, 1)
3
(20, 13)
-> Request 12
1434
(3, 3, 2)
2
(21, 37)
--> Day : 4
-> Request 0
301
(3, 2, 1)
1
(20, 77)
-> Request 1
694
(3, 1, 1)
2
(8, 74)
-> Request 2
759
(3, 3, 2)
3
(2, 11)
-> Request 3
1047
(2, 3, 1)
2
(44, 36)
-> Request 4
1162
(4, 2, 1)
3
(60, 6)
-> Request 5
1329
(1, 2, 2)
3
(49, 4)
-> Request 6
1376
(3, 2, 2)
1
(24, 28)
---> Week : 14
--> Day : 0
-> Request 0
159
(2, 1, 1)
3
(19, 29)
-> Request 1
215
(3, 1, 2)
3
(74, 45)
-> Request 2
461
(4, 2, 1)
1
(3, 62)
-> Request 3
592
(2, 3, 1)
2
(1, 13)
-> Request 4
684
(1, 3, 2)
3
(8, 20)
-> Request 5
1244
(3, 3, 1)
1
(26, 23)
-> Request 6
1250
(3, 3, 1)
2
(77, 72)
-> Request 7
1328
(1, 2, 1)
2
(32, 11)
--> Day : 1
-> Request 0
347
(4, 2, 1)
3
(78, 6)
-> Request 1
534
(4, 2, 2)
1
(64, 58)
-> Request 2
1345
(3, 2, 1)
1
(56, 41)
-> Request 3
1381
(1, 3, 1)
3
(26, 22)
--> Day : 2
-> Request 0
97
(3, 3, 2)
2
(54, 25)
-> Request 1
132
(4, 3, 1)
2
(12, 13)
-> Request 2
281
(4, 3, 1)
2
(0, 55)
-> Request 3
424
(1, 2, 1)
1
(50, 41)
-> Request 4
527
(1, 3, 2)
3
(8, 76)
-> Request 5
703
(1, 2, 2)
3
(9, 1)
-> Request 6
726
(2, 1, 2)
2
(15, 54)
-> Request 7
818
(4, 3, 1)
2
(32, 18)
-> Request 8
925
(3, 2, 1)
3
(11, 26)
-> Request 9
1059
(1, 3, 2)
2
(38, 20)
-> Request 10
1092
(4, 2, 1)
2
(69, 53)
--> Day : 3
-> Request 0
102
(2, 3, 1)
2
(41, 75)
-> Request 1
102
(4, 3, 2)
2
(35, 2)
-> Request 2
131
(2, 3, 1)
2
(53, 48)
-> Request 3
692
(2, 3, 1)
3
(50, 12)
-> Request 4
756
(1, 3, 1)
3
(67, 41)
-> Request 5
850
(4, 1, 2)
2
(27, 47)
-> Request 6
1061
(2, 2, 1)
3
(51, 65)
-> Request 7
1093
(2, 1, 2)
1
(63, 71)
-> Request 8
1252
(2, 2, 2)
3
(74, 14)
-> Request 9
1358
(4, 3, 2)
1
(59, 3)
--> Day : 4
-> Request 0
175
(2, 2, 2)
3
(34, 41)
-> Request 1
463
(1, 2, 2)
2
(72, 16)
-> Request 2
475
(2, 3, 2)
2
(31, 6)
-> Request 3
844
(1, 2, 1)
3
(51, 77)
-> Request 4
1014
(2, 1, 2)
2
(22, 6)
-> Request 5
1126
(2, 2, 1)
1
(42, 65)
-> Request 6
1129
(3, 2, 2)
2
(57, 11)
-> Request 7
1286
(2, 2, 1)
1
(37, 5)
---> Week : 15
--> Day : 0
-> Request 0
36
(4, 2, 1)
1
(69, 44)
-> Request 1
207
(1, 2, 2)
2
(15, 22)
-> Request 2
248
(3, 3, 1)
3
(30, 52)
-> Request 3
286
(4, 2, 2)
1
(64, 77)
-> Request 4
364
(1, 3, 2)
1
(44, 75)
-> Request 5
734
(3, 1, 1)
1
(52, 42)
-> Request 6
761
(2, 3, 2)
3
(17, 7)
-> Request 7
785
(2, 2, 1)
2
(18, 76)
-> Request 8
846
(3, 3, 1)
2
(35, 77)
-> Request 9
858
(3, 2, 2)
3
(21, 5)
-> Request 10
941
(3, 1, 2)
3
(27, 67)
-> Request 11
1152
(4, 2, 1)
2
(30, 5)
-> Request 12
1215
(3, 2, 2)
1
(16, 48)
-> Request 13
1297
(1, 3, 1)
1
(41, 61)
--> Day : 1
-> Request 0
164
(1, 3, 1)
3
(52, 35)
-> Request 1
576
(2, 2, 2)
2
(33, 48)
-> Request 2
592
(3, 1, 2)
3
(12, 61)
-> Request 3
618
(1, 2, 1)
1
(42, 13)
-> Request 4
709
(4, 1, 2)
3
(5, 65)
-> Request 5
1080
(3, 3, 1)
3
(46, 22)
-> Request 6
1184
(1, 1, 2)
3
(60, 35)
--> Day : 2
-> Request 0
34
(1, 1, 2)
1
(6, 0)
-> Request 1
112
(1, 3, 1)
1
(44, 48)
-> Request 2
440
(2, 2, 2)
1
(74, 43)
-> Request 3
602
(2, 3, 2)
2
(31, 31)
-> Request 4
682
(1, 2, 1)
3
(42, 30)
-> Request 5
696
(3, 1, 1)
1
(17, 3)
-> Request 6
831
(4, 1, 1)
1
(48, 16)
-> Request 7
925
(2, 3, 1)
1
(26, 21)
-> Request 8
950
(4, 2, 1)
3
(44, 24)
-> Request 9
1225
(1, 2, 1)
2
(5, 29)
--> Day : 3
-> Request 0
248
(3, 3, 2)
3
(9, 64)
-> Request 1
344
(3, 3, 1)
1
(47, 25)
-> Request 2
603
(3, 3, 2)
1
(55, 1)
-> Request 3
633
(4, 3, 2)
2
(73, 15)
-> Request 4
704
(1, 1, 2)
2
(33, 75)
-> Request 5
794
(3, 3, 2)
3
(22, 12)
-> Request 6
1134
(3, 3, 2)
3
(75, 5)
-> Request 7
1170
(1, 3, 1)
3
(67, 73)
-> Request 8
1200
(2, 1, 1)
2
(50, 58)
-> Request 9
1271
(4, 3, 2)
3
(15, 3)
--> Day : 4
-> Request 0
45
(3, 2, 1)
1
(37, 72)
-> Request 1
142
(3, 3, 1)
3
(67, 14)
-> Request 2
165
(1, 1, 2)
1
(11, 25)
-> Request 3
465
(3, 3, 2)
2
(55, 22)
-> Request 4
872
(2, 3, 1)
1
(56, 44)
-> Request 5
1002
(3, 2, 1)
3
(8, 57)
-> Request 6
1024
(3, 3, 1)
2
(23, 30)
-> Request 7
1325
(2, 2, 2)
2
(36, 74)
---> Week : 16
--> Day : 0
-> Request 0
53
(1, 1, 1)
3
(78, 23)
-> Request 1
434
(2, 3, 2)
3
(23, 48)
-> Request 2
610
(1, 1, 1)
3
(62, 21)
-> Request 3
672
(4, 3, 2)
1
(14, 61)
-> Request 4
838
(2, 3, 1)
3
(12, 5)
-> Request 5
886
(2, 3, 2)
2
(30, 28)
-> Request 6
1086
(3, 2, 2)
2
(61, 79)
-> Request 7
1287
(4, 1, 1)
1
(3, 47)
--> Day : 1
-> Request 0
47
(1, 1, 1)
2
(78, 10)
-> Request 1
533
(2, 2, 2)
3
(38, 54)
-> Request 2
605
(2, 3, 2)
2
(24, 54)
-> Request 3
685
(4, 3, 1)
3
(28, 6)
-> Request 4
691
(3, 3, 2)
3
(41, 30)
-> Request 5
1003
(3, 3, 1)
1
(32, 0)
-> Request 6
1026
(1, 1, 1)
2
(18, 23)
-> Request 7
1058
(4, 1, 2)
1
(3, 52)
-> Request 8
1386
(4, 3, 2)
3
(59, 15)
--> Day : 2
-> Request 0
74
(4, 1, 1)
2
(56, 4)
-> Request 1
89
(4, 2, 1)
2
(42, 47)
-> Request 2
92
(3, 3, 2)
2
(51, 76)
-> Request 3
130
(2, 1, 1)
3
(45, 17)
-> Request 4
155
(2, 3, 2)
2
(43, 45)
-> Request 5
192
(3, 3, 2)
2
(48, 35)
-> Request 6
466
(1, 2, 2)
2
(33, 7)
-> Request 7
480
(2, 2, 1)
2
(20, 61)
-> Request 8
551
(1, 2, 2)
2
(15, 40)
-> Request 9
726
(1, 2, 2)
1
(75, 36)
-> Request 10
858
(4, 2, 1)
3
(62, 13)
-> Request 11
1099
(4, 1, 1)
2
(66, 58)
-> Request 12
1294
(1, 3, 1)
1
(21, 31)
-> Request 13
1370
(4, 2, 1)
1
(3, 22)
--> Day : 3
-> Request 0
16
(3, 2, 1)
1
(69, 24)
-> Request 1
132
(3, 3, 1)
3
(62, 77)
-> Request 2
138
(4, 3, 1)
3
(31, 17)
-> Request 3
651
(4, 3, 2)
3
(73, 3)
-> Request 4
725
(1, 2, 2)
3
(16, 67)
-> Request 5
897
(1, 3, 1)
1
(74, 76)
-> Request 6
1091
(2, 3, 1)
1
(29, 64)
-> Request 7
1358
(1, 3, 1)
1
(56, 4)
--> Day : 4
-> Request 0
266
(3, 2, 2)
2
(31, 0)
-> Request 1
352
(2, 3, 2)
1
(37, 31)
-> Request 2
377
(2, 3, 1)
1
(52, 44)
-> Request 3
545
(2, 3, 1)
3
(4, 64)
-> Request 4
673
(2, 1, 1)
3
(77, 34)
-> Request 5
771
(3, 2, 1)
1
(52, 48)
-> Request 6
1182
(2, 2, 1)
3
(37, 6)
-> Request 7
1238
(1, 2, 2)
1
(2, 11)
-> Request 8
1436
(3, 1, 1)
2
(74, 41)
---> Week : 17
--> Day : 0
-> Request 0
100
(2, 2, 1)
3
(1, 71)
-> Request 1
296
(1, 1, 1)
1
(76, 12)
-> Request 2
490
(1, 2, 1)
3
(40, 18)
-> Request 3
853
(3, 2, 1)
1
(71, 76)
-> Request 4
866
(2, 1, 1)
3
(61, 33)
-> Request 5
1052
(3, 2, 1)
2
(45, 38)
-> Request 6
1214
(3, 3, 1)
1
(38, 8)
-> Request 7
1239
(1, 3, 1)
1
(78, 18)
-> Request 8
1244
(3, 3, 2)
3
(43, 31)
-> Request 9
1284
(2, 2, 1)
3
(8, 69)
--> Day : 1
-> Request 0
105
(3, 2, 2)
2
(69, 7)
-> Request 1
155
(1, 2, 2)
3
(5, 21)
-> Request 2
192
(4, 3, 1)
1
(55, 11)
-> Request 3
344
(3, 2, 2)
3
(25, 59)
-> Request 4
367
(4, 3, 1)
2
(58, 17)
-> Request 5
394
(3, 2, 2)
2
(72, 23)
-> Request 6
430
(2, 3, 1)
2
(15, 30)
-> Request 7
503
(2, 1, 1)
3
(69, 18)
-> Request 8
858
(2, 1, 1)
2
(4, 62)
-> Request 9
1070
(1, 3, 2)
2
(70, 77)
-> Request 10
1249
(4, 2, 1)
3
(12, 40)
-> Request 11
1278
(4, 1, 2)
1
(46, 76)
-> Request 12
1428
(4, 3, 2)
1
(16, 28)
--> Day : 2
-> Request 0
325
(3, 3, 1)
1
(50, 50)
-> Request 1
629
(1, 3, 2)
1
(30, 60)
-> Request 2
753
(1, 2, 2)
3
(78, 75)
-> Request 3
884
(2, 3, 1)
2
(25, 22)
-> Request 4
1104
(1, 3, 2)
2
(16, 3)
--> Day : 3
-> Request 0
129
(1, 3, 1)
2
(7, 48)
-> Request 1
392
(3, 3, 1)
2
(76, 68)
-> Request 2
446
(4, 2, 1)
1
(21, 71)
-> Request 3
804
(4, 2, 1)
1
(31, 29)
-> Request 4
823
(1, 2, 2)
1
(12, 76)
-> Request 5
851
(4, 2, 1)
3
(16, 6)
-> Request 6
895
(3, 1, 2)
3
(7, 11)
-> Request 7
991
(1, 1, 2)
2
(28, 28)
-> Request 8
1067
(4, 3, 2)
1
(68, 57)
-> Request 9
1131
(1, 3, 1)
2
(31, 78)
-> Request 10
1377
(1, 3, 2)
3
(37, 7)
--> Day : 4
-> Request 0
199
(2, 1, 1)
2
(43, 53)
-> Request 1
305
(1, 1, 1)
2
(68, 56)
-> Request 2
513
(2, 3, 2)
1
(40, 14)
-> Request 3
552
(1, 3, 2)
1
(74, 19)
-> Request 4
666
(2, 3, 2)
3
(44, 54)
-> Request 5
927
(2, 1, 2)
3
(35, 24)
-> Request 6
1109
(4, 1, 1)
2
(43, 61)
---> Week : 18
--> Day : 0
-> Request 0
36
(3, 1, 1)
2
(27, 44)
-> Request 1
61
(1, 2, 1)
2
(32, 6)
-> Request 2
97
(2, 2, 1)
2
(23, 21)
-> Request 3
153
(1, 2, 1)
2
(24, 9)
-> Request 4
170
(4, 2, 2)
3
(54, 61)
-> Request 5
338
(1, 3, 2)
3
(65, 65)
-> Request 6
389
(1, 2, 2)
2
(22, 24)
-> Request 7
845
(3, 2, 1)
2
(30, 27)
-> Request 8
858
(4, 3, 1)
1
(3, 4)
-> Request 9
1038
(1, 3, 2)
3
(35, 51)
-> Request 10
1236
(4, 1, 2)
3
(33, 57)
-> Request 11
1255
(4, 3, 1)
1
(10, 10)
--> Day : 1
-> Request 0
77
(3, 1, 2)
2
(1, 70)
-> Request 1
93
(4, 3, 1)
3
(75, 51)
-> Request 2
130
(1, 3, 2)
3
(79, 41)
-> Request 3
321
(1, 1, 2)
3
(58, 74)
-> Request 4
358
(2, 2, 2)
2
(23, 36)
-> Request 5
462
(4, 2, 1)
1
(29, 69)
-> Request 6
752
(3, 1, 1)
2
(10, 26)
-> Request 7
856
(1, 3, 2)
2
(9, 19)
-> Request 8
1430
(3, 3, 1)
3
(61, 61)
--> Day : 2
-> Request 0
41
(1, 3, 2)
1
(7, 75)
-> Request 1
63
(4, 1, 2)
1
(70, 52)
-> Request 2
124
(4, 1, 1)
1
(62, 27)
-> Request 3
198
(4, 1, 2)
3
(48, 31)
-> Request 4
360
(2, 2, 2)
1
(38, 48)
-> Request 5
390
(1, 2, 2)
3
(52, 68)
-> Request 6
433
(1, 1, 1)
3
(13, 17)
-> Request 7
637
(2, 3, 2)
2
(20, 6)
-> Request 8
660
(2, 3, 1)
1
(69, 3)
-> Request 9
663
(4, 2, 1)
2
(19, 6)
-> Request 10
789
(4, 1, 1)
2
(71, 2)
-> Request 11
809
(3, 3, 1)
2
(2, 42)
-> Request 12
1005
(2, 1, 2)
2
(32, 41)
-> Request 13
1025
(4, 2, 1)
1
(39, 4)
-> Request 14
1048
(3, 3, 2)
3
(49, 27)
-> Request 15
1159
(4, 1, 1)
2
(63, 26)
-> Request 16
1271
(2, 1, 2)
3
(11, 1)
-> Request 17
1426
(4, 3, 2)
3
(50, 55)
--> Day : 3
-> Request 0
116
(1, 2, 1)
1
(52, 34)
-> Request 1
212
(1, 1, 2)
2
(43, 65)
-> Request 2
272
(2, 2, 2)
1
(13, 77)
-> Request 3
275
(3, 1, 1)
2
(62, 39)
-> Request 4
452
(3, 1, 1)
3
(40, 79)
-> Request 5
461
(2, 2, 2)
1
(41, 6)
-> Request 6
467
(3, 3, 1)
2
(53, 54)
-> Request 7
838
(4, 3, 2)
1
(33, 41)
-> Request 8
1002
(1, 3, 1)
2
(67, 55)
-> Request 9
1035
(3, 3, 1)
2
(77, 29)
-> Request 10
1076
(3, 3, 1)
1
(69, 77)
-> Request 11
1250
(4, 2, 1)
1
(46, 25)
-> Request 12
1298
(2, 2, 1)
3
(41, 45)
--> Day : 4
-> Request 0
60
(1, 3, 1)
3
(62, 43)
-> Request 1
69
(4, 3, 2)
3
(0, 33)
-> Request 2
163
(2, 2, 1)
3
(49, 52)
-> Request 3
290
(1, 1, 2)
1
(33, 70)
-> Request 4
367
(1, 1, 1)
2
(17, 57)
-> Request 5
396
(1, 3, 1)
1
(15, 57)
-> Request 6
640
(4, 2, 1)
3
(17, 55)
-> Request 7
992
(4, 2, 1)
1
(52, 48)
-> Request 8
1182
(3, 3, 1)
3
(24, 12)
-> Request 9
1293
(2, 2, 2)
3
(74, 38)
---> Week : 19
--> Day : 0
-> Request 0
23
(1, 3, 2)
3
(66, 47)
-> Request 1
298
(2, 1, 2)
3
(25, 43)
-> Request 2
298
(1, 2, 2)
2
(76, 20)
-> Request 3
399
(2, 3, 1)
2
(77, 20)
-> Request 4
421
(1, 1, 1)
2
(78, 19)
-> Request 5
502
(3, 2, 2)
1
(14, 54)
-> Request 6
658
(4, 1, 2)
1
(48, 75)
-> Request 7
1167
(4, 2, 1)
1
(2, 4)
-> Request 8
1311
(4, 2, 2)
1
(36, 51)
--> Day : 1
-> Request 0
285
(4, 2, 1)
3
(40, 79)
-> Request 1
801
(1, 3, 1)
3
(10, 28)
-> Request 2
864
(2, 3, 1)
2
(15, 30)
-> Request 3
975
(1, 2, 2)
2
(59, 63)
-> Request 4
982
(2, 1, 2)
3
(60, 17)
-> Request 5
985
(4, 3, 1)
3
(39, 32)
--> Day : 2
-> Request 0
457
(1, 1, 1)
1
(74, 53)
-> Request 1
1040
(3, 2, 2)
3
(7, 67)
-> Request 2
1061
(2, 2, 2)
1
(47, 52)
-> Request 3
1123
(4, 1, 2)
1
(77, 58)
-> Request 4
1287
(3, 3, 2)
1
(19, 58)
--> Day : 3
-> Request 0
178
(2, 1, 2)
1
(0, 1)
-> Request 1
625
(3, 1, 2)
3
(78, 68)
-> Request 2
1260
(3, 1, 2)
2
(29, 4)
-> Request 3
1310
(1, 2, 2)
1
(67, 1)
-> Request 4
1344
(3, 2, 1)
2
(74, 0)
-> Request 5
1423
(3, 3, 1)
1
(27, 21)
-> Request 6
1436
(4, 1, 2)
1
(38, 68)
--> Day : 4
-> Request 0
103
(1, 2, 2)
2
(12, 58)
-> Request 1
311
(1, 1, 1)
1
(60, 47)
-> Request 2
353
(2, 1, 1)
1
(67, 6)
-> Request 3
695
(3, 3, 1)
1
(59, 24)
-> Request 4
763
(1, 2, 1)
2
(42, 71)
-> Request 5
1206
(2, 2, 2)
2
(27, 47)
---> Week : 20
--> Day : 0
-> Request 0
93
(1, 3, 1)
2
(10, 58)
-> Request 1
110
(4, 1, 2)
1
(77, 4)
-> Request 2
246
(3, 3, 2)
1
(42, 60)
-> Request 3
329
(2, 2, 1)
3
(60, 26)
-> Request 4
466
(1, 1, 1)
1
(57, 33)
-> Request 5
475
(1, 2, 1)
3
(63, 16)
-> Request 6
670
(4, 1, 2)
2
(49, 22)
-> Request 7
1115
(4, 3, 1)
2
(6, 62)
-> Request 8
1397
(1, 2, 2)
1
(63, 76)
-> Request 9
1435
(1, 1, 2)
1
(30, 24)
--> Day : 1
-> Request 0
62
(2, 3, 2)
2
(59, 33)
-> Request 1
84
(3, 2, 1)
1
(50, 32)
-> Request 2
222
(2, 2, 1)
1
(27, 32)
-> Request 3
562
(2, 3, 1)
2
(10, 10)
-> Request 4
726
(3, 3, 2)
1
(60, 63)
-> Request 5
962
(3, 2, 2)
2
(20, 79)
-> Request 6
1234
(2, 1, 2)
1
(40, 30)
-> Request 7
1386
(4, 3, 2)
1
(18, 37)
-> Request 8
1431
(2, 1, 2)
3
(2, 1)
--> Day : 2
-> Request 0
51
(2, 3, 2)
1
(7, 12)
-> Request 1
61
(3, 1, 1)
3
(62, 46)
-> Request 2
303
(3, 1, 1)
1
(18, 28)
-> Request 3
436
(2, 1, 1)
2
(49, 31)
-> Request 4
710
(3, 3, 2)
2
(56, 24)
-> Request 5
798
(4, 1, 2)
1
(20, 49)
-> Request 6
845
(4, 1, 1)
1
(9, 8)
-> Request 7
858
(2, 3, 1)
2
(24, 29)
-> Request 8
868
(3, 3, 2)
2
(34, 71)
-> Request 9
1183
(4, 2, 2)
3
(61, 22)
-> Request 10
1200
(3, 2, 2)
3
(6, 5)
-> Request 11
1219
(2, 2, 1)
2
(75, 7)
--> Day : 3
-> Request 0
325
(3, 2, 1)
3
(48, 79)
-> Request 1
536
(4, 3, 1)
1
(39, 61)
-> Request 2
599
(2, 3, 1)
1
(0, 19)
-> Request 3
877
(4, 2, 1)
2
(28, 21)
-> Request 4
989
(2, 2, 1)
1
(23, 30)
-> Request 5
1019
(2, 3, 1)
2
(51, 42)
-> Request 6
1030
(2, 1, 1)
2
(69, 63)
-> Request 7
1073
(4, 1, 1)
2
(13, 20)
-> Request 8
1163
(1, 2, 2)
3
(52, 36)
-> Request 9
1197
(4, 1, 2)
2
(74, 74)
-> Request 10
1245
(4, 3, 2)
1
(15, 31)
--> Day : 4
-> Request 0
5
(1, 3, 2)
1
(14, 24)
-> Request 1
252
(4, 3, 1)
1
(49, 60)
-> Request 2
369
(2, 1, 2)
1
(11, 60)
-> Request 3
467
(4, 1, 2)
3
(11, 75)
-> Request 4
621
(4, 1, 2)
2
(24, 69)
-> Request 5
761
(3, 3, 1)
2
(45, 1)
-> Request 6
929
(1, 2, 1)
3
(20, 36)
-> Request 7
1005
(4, 1, 2)
2
(30, 41)
-> Request 8
1113
(1, 1, 2)
2
(61, 49)
-> Request 9
1140
(4, 2, 1)
3
(31, 19)
-> Request 10
1414
(4, 3, 2)
2
(1, 29)
---> Week : 21
--> Day : 0
-> Request 0
58
(4, 1, 1)
3
(35, 34)
-> Request 1
257
(3, 1, 2)
3
(25, 1)
-> Request 2
744
(3, 1, 1)
3
(16, 48)
-> Request 3
920
(3, 2, 2)
1
(78, 78)
-> Request 4
1027
(1, 3, 2)
2
(72, 12)
-> Request 5
1163
(2, 2, 1)
1
(28, 45)
--> Day : 1
-> Request 0
27
(3, 1, 1)
3
(61, 38)
-> Request 1
83
(4, 2, 2)
3
(14, 9)
-> Request 2
130
(1, 3, 1)
3
(58, 16)
-> Request 3
143
(1, 3, 2)
2
(55, 8)
-> Request 4
270
(2, 1, 2)
2
(56, 46)
-> Request 5
309
(4, 2, 1)
2
(72, 78)
-> Request 6
484
(2, 3, 2)
1
(47, 8)
-> Request 7
613
(3, 1, 1)
3
(16, 64)
-> Request 8
898
(3, 3, 1)
3
(46, 53)
-> Request 9
971
(1, 2, 1)
1
(19, 31)
-> Request 10
1008
(2, 1, 1)
2
(30, 77)
-> Request 11
1118
(1, 2, 1)
2
(37, 72)
-> Request 12
1133
(4, 3, 2)
2
(58, 36)
-> Request 13
1141
(1, 2, 1)
2
(75, 57)
-> Request 14
1200
(4, 3, 1)
2
(58, 19)
-> Request 15
1406
(2, 3, 2)
1
(3, 27)
--> Day : 2
-> Request 0
274
(3, 3, 2)
1
(22, 71)
-> Request 1
342
(4, 3, 1)
2
(31, 51)
-> Request 2
391
(2, 2, 2)
2
(69, 55)
-> Request 3
730
(1, 1, 1)
2
(47, 60)
-> Request 4
877
(2, 1, 2)
2
(73, 61)
-> Request 5
1169
(3, 3, 2)
1
(9, 68)
-> Request 6
1201
(3, 2, 1)
3
(5, 1)
-> Request 7
1322
(4, 2, 1)
1
(50, 21)
-> Request 8
1355
(1, 1, 1)
3
(69, 41)
--> Day : 3
-> Request 0
60
(2, 2, 1)
3
(17, 57)
-> Request 1
254
(4, 3, 1)
2
(30, 3)
-> Request 2
322
(1, 3, 2)
2
(0, 37)
-> Request 3
372
(1, 3, 2)
3
(43, 24)
-> Request 4
622
(1, 2, 2)
2
(28, 1)
-> Request 5
766
(4, 1, 2)
1
(29, 25)
-> Request 6
1181
(3, 1, 2)
2
(66, 6)
-> Request 7
1303
(1, 2, 2)
2
(70, 76)
-> Request 8
1434
(3, 2, 1)
2
(16, 46)
--> Day : 4
-> Request 0
217
(1, 3, 1)
2
(22, 46)
-> Request 1
423
(2, 2, 1)
2
(9, 45)
-> Request 2
452
(4, 1, 2)
1
(26, 13)
-> Request 3
534
(4, 2, 1)
2
(36, 62)
-> Request 4
634
(2, 1, 1)
2
(77, 0)
-> Request 5
771
(4, 1, 2)
3
(78, 71)
-> Request 6
804
(3, 1, 2)
2
(15, 7)
-> Request 7
1036
(1, 1, 1)
1
(67, 75)
-> Request 8
1091
(1, 2, 1)
2
(73, 4)
-> Request 9
1112
(1, 1, 2)
2
(40, 9)
-> Request 10
1360
(2, 3, 2)
2
(67, 53)
---> Week : 22
--> Day : 0
-> Request 0
204
(1, 1, 2)
3
(34, 32)
-> Request 1
440
(1, 2, 1)
1
(38, 35)
-> Request 2
669
(2, 1, 2)
2
(5, 37)
-> Request 3
817
(2, 3, 1)
2
(34, 44)
-> Request 4
1006
(4, 1, 1)
1
(21, 53)
-> Request 5
1119
(3, 1, 2)
1
(26, 42)
-> Request 6
1182
(3, 2, 2)
2
(62, 10)
-> Request 7
1183
(1, 3, 1)
1
(28, 57)
-> Request 8
1249
(3, 3, 1)
3
(55, 67)
-> Request 9
1381
(2, 2, 1)
3
(73, 56)
-> Request 10
1383
(4, 1, 2)
2
(4, 37)
--> Day : 1
-> Request 0
192
(1, 2, 2)
2
(12, 66)
-> Request 1
443
(4, 1, 1)
1
(75, 20)
-> Request 2
457
(4, 2, 2)
1
(5, 60)
-> Request 3
457
(3, 3, 2)
1
(4, 13)
-> Request 4
492
(4, 3, 2)
1
(19, 30)
-> Request 5
498
(4, 2, 1)
2
(58, 28)
-> Request 6
559
(1, 3, 1)
3
(34, 77)
-> Request 7
628
(4, 1, 1)
3
(64, 21)
-> Request 8
727
(3, 3, 2)
1
(28, 75)
-> Request 9
800
(3, 3, 2)
1
(18, 18)
-> Request 10
884
(3, 1, 1)
1
(5, 22)
-> Request 11
956
(3, 2, 1)
2
(55, 66)
-> Request 12
1095
(1, 2, 1)
3
(28, 15)
-> Request 13
1131
(2, 1, 1)
1
(6, 59)
-> Request 14
1193
(1, 3, 2)
3
(56, 19)
-> Request 15
1358
(4, 2, 2)
3
(13, 16)
--> Day : 2
-> Request 0
40
(4, 1, 1)
3
(13, 57)
-> Request 1
46
(1, 2, 2)
1
(67, 18)
-> Request 2
425
(4, 2, 2)
1
(44, 65)
-> Request 3
502
(4, 1, 1)
2
(41, 59)
-> Request 4
546
(1, 3, 2)
3
(55, 11)
-> Request 5
566
(1, 1, 2)
1
(76, 33)
-> Request 6
637
(1, 1, 1)
3
(60, 27)
-> Request 7
674
(1, 3, 1)
1
(37, 68)
-> Request 8
1346
(2, 1, 2)
3
(24, 32)
--> Day : 3
-> Request 0
193
(4, 2, 2)
2
(12, 67)
-> Request 1
221
(4, 1, 1)
3
(24, 13)
-> Request 2
613
(3, 2, 2)
2
(27, 56)
-> Request 3
694
(4, 1, 2)
2
(38, 37)
-> Request 4
714
(4, 1, 2)
3
(72, 5)
-> Request 5
809
(3, 2, 1)
1
(13, 28)
-> Request 6
948
(3, 2, 1)
1
(72, 17)
-> Request 7
1036
(2, 1, 1)
2
(63, 18)
-> Request 8
1370
(3, 2, 2)
2
(0, 8)
-> Request 9
1382
(1, 2, 2)
2
(17, 40)
-> Request 10
1410
(3, 2, 1)
2
(52, 62)
--> Day : 4
-> Request 0
354
(3, 1, 2)
1
(30, 39)
-> Request 1
433
(1, 2, 2)
2
(79, 27)
-> Request 2
535
(1, 1, 2)
1
(11, 79)
-> Request 3
594
(4, 1, 1)
1
(65, 42)
-> Request 4
619
(2, 2, 2)
2
(74, 62)
-> Request 5
650
(2, 3, 2)
1
(20, 32)
-> Request 6
794
(4, 1, 2)
1
(69, 20)
-> Request 7
897
(1, 3, 1)
2
(36, 11)
-> Request 8
1080
(3, 2, 2)
3
(65, 31)
-> Request 9
1100
(2, 2, 2)
3
(39, 14)
-> Request 10
1402
(4, 3, 1)
1
(54, 15)
---> Week : 23
--> Day : 0
-> Request 0
138
(2, 2, 1)
2
(43, 2)
-> Request 1
291
(4, 1, 2)
1
(35, 27)
-> Request 2
339
(2, 1, 1)
2
(50, 52)
-> Request 3
439
(1, 2, 2)
2
(72, 63)
-> Request 4
494
(3, 2, 1)
3
(54, 45)
-> Request 5
679
(2, 2, 2)
2
(64, 30)
-> Request 6
1311
(4, 1, 1)
2
(58, 56)
-> Request 7
1349
(3, 1, 2)
1
(32, 4)
--> Day : 1
-> Request 0
203
(2, 3, 1)
2
(76, 3)
-> Request 1
295
(1, 1, 2)
3
(35, 5)
-> Request 2
397
(1, 3, 2)
1
(54, 5)
-> Request 3
603
(3, 2, 2)
3
(66, 56)
-> Request 4
632
(4, 1, 1)
3
(52, 41)
-> Request 5
818
(1, 3, 2)
2
(0, 76)
-> Request 6
1063
(4, 1, 1)
2
(1, 0)
-> Request 7
1119
(2, 2, 2)
2
(27, 23)
-> Request 8
1171
(1, 1, 2)
3
(24, 2)
-> Request 9
1423
(3, 3, 1)
2
(52, 41)
--> Day : 2
-> Request 0
325
(2, 1, 1)
2
(38, 50)
-> Request 1
587
(2, 1, 1)
3
(67, 48)
-> Request 2
932
(3, 3, 2)
3
(75, 65)
-> Request 3
1258
(3, 2, 2)
3
(52, 62)
-> Request 4
1306
(1, 2, 1)
2
(68, 38)
-> Request 5
1326
(4, 1, 2)
3
(65, 16)
-> Request 6
1430
(3, 1, 2)
2
(8, 40)
--> Day : 3
-> Request 0
266
(4, 2, 2)
3
(76, 48)
-> Request 1
296
(2, 2, 2)
2
(37, 47)
-> Request 2
380
(4, 3, 1)
1
(58, 18)
-> Request 3
420
(1, 2, 1)
2
(62, 49)
-> Request 4
697
(3, 1, 1)
2
(72, 16)
-> Request 5
841
(1, 1, 1)
2
(71, 26)
-> Request 6
1232
(2, 2, 2)
2
(75, 55)
-> Request 7
1271
(4, 3, 2)
2
(8, 1)
--> Day : 4
-> Request 0
396
(1, 2, 2)
2
(22, 45)
-> Request 1
707
(3, 2, 1)
2
(12, 16)
-> Request 2
870
(3, 1, 1)
3
(54, 65)
-> Request 3
1035
(3, 1, 2)
1
(0, 65)
-> Request 4
1073
(3, 1, 1)
3
(6, 32)
-> Request 5
1125
(4, 1, 2)
2
(49, 30)
-> Request 6
1266
(4, 2, 2)
2
(15, 47)
---> Week : 24
--> Day : 0
-> Request 0
173
(1, 3, 1)
1
(28, 61)
-> Request 1
175
(3, 1, 1)
3
(66, 59)
-> Request 2
252
(4, 3, 1)
3
(37, 9)
-> Request 3
646
(3, 3, 2)
3
(66, 41)
-> Request 4
703
(3, 1, 2)
1
(44, 43)
-> Request 5
754
(4, 3, 2)
2
(39, 79)
-> Request 6
1188
(2, 1, 2)
3
(24, 22)
--> Day : 1
-> Request 0
184
(3, 2, 2)
1
(0, 8)
-> Request 1
294
(3, 1, 1)
3
(1, 18)
-> Request 2
519
(3, 1, 1)
2
(62, 33)
-> Request 3
541
(4, 3, 1)
1
(75, 4)
-> Request 4
636
(4, 2, 2)
1
(22, 29)
-> Request 5
736
(3, 1, 1)
2
(76, 62)
-> Request 6
771
(3, 3, 2)
2
(28, 34)
-> Request 7
1280
(4, 3, 1)
2
(11, 77)
--> Day : 2
-> Request 0
9
(3, 2, 1)
3
(53, 72)
-> Request 1
296
(2, 2, 2)
1
(35, 55)
-> Request 2
685
(4, 1, 2)
2
(11, 66)
-> Request 3
788
(2, 1, 2)
3
(0, 60)
-> Request 4
1246
(4, 1, 2)
2
(18, 0)
-> Request 5
1284
(1, 3, 2)
3
(43, 2)
--> Day : 3
-> Request 0
56
(2, 1, 2)
1
(33, 11)
-> Request 1
285
(3, 2, 2)
3
(79, 37)
-> Request 2
368
(4, 3, 1)
1
(60, 11)
-> Request 3
582
(3, 1, 1)
2
(6, 8)
-> Request 4
799
(3, 1, 2)
3
(15, 76)
-> Request 5
871
(3, 3, 2)
2
(27, 38)
-> Request 6
1315
(3, 1, 2)
1
(39, 69)
--> Day : 4
-> Request 0
226
(1, 3, 1)
1
(78, 22)
-> Request 1
291
(1, 2, 1)
2
(66, 24)
-> Request 2
420
(4, 1, 1)
3
(53, 50)
-> Request 3
656
(2, 2, 1)
2
(42, 56)
-> Request 4
763
(1, 1, 1)
2
(1, 61)
-> Request 5
772
(4, 2, 2)
3
(3, 9)
-> Request 6
950
(2, 2, 1)
1
(46, 36)
-> Request 7
1040
(3, 1, 2)
1
(38, 28)
-> Request 8
1195
(4, 2, 2)
1
(29, 71)
-> Request 9
1212
(4, 3, 2)
2
(36, 0)
-> Request 10
1261
(2, 1, 1)
2
(41, 44)
-> Request 11
1266
(3, 1, 1)
3
(55, 4)
-> Request 12
1273
(1, 1, 1)
1
(4, 57)
-> Request 13
1333
(1, 1, 1)
2
(6, 18)
-> Request 14
1335
(1, 3, 2)
1
(10, 12)
-> Request 15
1370
(4, 2, 1)
2
(58, 75)
---> Week : 25
--> Day : 0
-> Request 0
152
(3, 1, 1)
1
(43, 73)
-> Request 1
195
(1, 2, 1)
3
(24, 18)
-> Request 2
197
(1, 2, 1)
2
(45, 67)
-> Request 3
300
(2, 3, 2)
2
(39, 16)
-> Request 4
318
(1, 2, 2)
3
(71, 37)
-> Request 5
561
(3, 2, 2)
3
(64, 27)
-> Request 6
563
(4, 3, 1)
1
(54, 8)
-> Request 7
843
(3, 2, 2)
2
(64, 75)
-> Request 8
849
(4, 3, 2)
1
(3, 51)
-> Request 9
1095
(2, 1, 1)
3
(28, 56)
-> Request 10
1143
(4, 3, 2)
1
(42, 13)
-> Request 11
1164
(1, 2, 2)
3
(63, 25)
--> Day : 1
-> Request 0
496
(1, 2, 1)
1
(76, 42)
-> Request 1
528
(3, 2, 2)
3
(50, 48)
-> Request 2
1348
(3, 3, 2)
3
(2, 5)
-> Request 3
1350
(2, 3, 2)
3
(20, 16)
-> Request 4
1355
(4, 3, 1)
3
(71, 54)
--> Day : 2
-> Request 0
193
(2, 3, 1)
2
(70, 44)
-> Request 1
211
(1, 1, 2)
3
(65, 53)
-> Request 2
806
(2, 1, 1)
3
(46, 21)
-> Request 3
838
(4, 2, 1)
3
(47, 7)
-> Request 4
1024
(4, 2, 2)
3
(54, 15)
-> Request 5
1083
(3, 1, 2)
1
(49, 68)
-> Request 6
1276
(1, 1, 2)
2
(35, 32)
-> Request 7
1349
(3, 1, 2)
1
(52, 69)
--> Day : 3
-> Request 0
3
(1, 1, 2)
3
(69, 7)
-> Request 1
15
(4, 3, 2)
2
(72, 53)
-> Request 2
467
(4, 1, 1)
1
(70, 56)
-> Request 3
575
(4, 3, 1)
2
(43, 4)
-> Request 4
603
(1, 3, 1)
3
(57, 11)
-> Request 5
876
(1, 1, 2)
2
(10, 79)
-> Request 6
944
(1, 2, 1)
1
(49, 68)
-> Request 7
1112
(2, 1, 1)
2
(64, 55)
-> Request 8
1217
(2, 3, 1)
1
(36, 61)
-> Request 9
1317
(1, 2, 1)
3
(68, 47)
-> Request 10
1385
(1, 1, 1)
2
(25, 6)
--> Day : 4
-> Request 0
200
(4, 1, 2)
2
(25, 78)
-> Request 1
216
(3, 3, 1)
2
(19, 21)
-> Request 2
466
(1, 3, 1)
3
(34, 3)
-> Request 3
742
(2, 1, 1)
2
(39, 33)
-> Request 4
812
(1, 2, 2)
1
(45, 16)
-> Request 5
839
(1, 3, 1)
2
(63, 70)
-> Request 6
968
(1, 2, 1)
2
(73, 29)
-> Request 7
1038
(4, 3, 1)
1
(35, 55)
-> Request 8
1211
(2, 3, 2)
2
(69, 20)
-> Request 9
1328
(1, 1, 1)
2
(23, 8)
-> Request 10
1341
(4, 2, 2)
3
(69, 23)
-> Request 11
1428
(4, 3, 1)
3
(79, 16)
---> Week : 26
--> Day : 0
-> Request 0
162
(3, 1, 1)
3
(11, 78)
-> Request 1
889
(1, 3, 2)
2
(51, 69)
-> Request 2
963
(3, 2, 2)
2
(21, 54)
-> Request 3
963
(4, 2, 1)
1
(11, 73)
-> Request 4
1016
(2, 3, 1)
2
(8, 38)
-> Request 5
1033
(4, 3, 2)
2
(53, 6)
-> Request 6
1240
(4, 1, 2)
3
(10, 16)
--> Day : 1
-> Request 0
216
(3, 1, 2)
2
(67, 36)
-> Request 1
351
(1, 3, 2)
2
(31, 57)
-> Request 2
571
(1, 2, 2)
3
(13, 4)
-> Request 3
721
(2, 1, 2)
2
(59, 14)
-> Request 4
1222
(2, 2, 2)
2
(25, 50)
-> Request 5
1418
(1, 1, 1)
1
(11, 33)
--> Day : 2
-> Request 0
25
(3, 2, 2)
3
(23, 75)
-> Request 1
224
(1, 1, 1)
2
(3, 12)
-> Request 2
375
(2, 1, 1)
2
(42, 38)
-> Request 3
566
(2, 2, 2)
2
(61, 58)
-> Request 4
732
(1, 1, 1)
1
(35, 23)
-> Request 5
1096
(4, 1, 2)
3
(70, 17)
-> Request 6
1137
(4, 2, 2)
2
(24, 41)
-> Request 7
1194
(1, 3, 2)
2
(1, 45)
-> Request 8
1211
(3, 3, 2)
1
(35, 67)
-> Request 9
1215
(4, 3, 1)
1
(5, 3)
-> Request 10
1379
(3, 2, 1)
2
(38, 51)
--> Day : 3
-> Request 0
473
(1, 1, 1)
2
(19, 56)
-> Request 1
498
(3, 2, 1)
2
(52, 46)
-> Request 2
619
(3, 2, 2)
2
(44, 15)
-> Request 3
626
(4, 2, 2)
2
(3, 8)
-> Request 4
696
(1, 1, 1)
1
(56, 11)
-> Request 5
1142
(1, 1, 2)
3
(28, 36)
--> Day : 4
-> Request 0
32
(1, 3, 2)
3
(41, 69)
-> Request 1
146
(2, 1, 2)
2
(49, 41)
-> Request 2
246
(3, 3, 1)
2
(51, 45)
-> Request 3
347
(4, 1, 1)
3
(15, 53)
-> Request 4
553
(2, 2, 1)
1
(78, 5)
-> Request 5
613
(3, 1, 1)
3
(2, 7)
-> Request 6
671
(1, 1, 1)
2
(70, 26)
-> Request 7
866
(3, 1, 1)
1
(69, 42)
-> Request 8
1004
(2, 1, 2)
2
(75, 47)
-> Request 9
1093
(3, 3, 1)
1
(34, 78)
-> Request 10
1365
(4, 1, 1)
3
(8, 24)
---> Week : 27
--> Day : 0
-> Request 0
1
(2, 3, 2)
2
(48, 36)
-> Request 1
44
(3, 3, 1)
3
(3, 40)
-> Request 2
57
(2, 1, 1)
2
(7, 20)
-> Request 3
266
(2, 2, 2)
1
(78, 35)
-> Request 4
319
(1, 3, 1)
1
(12, 23)
-> Request 5
424
(1, 2, 1)
1
(64, 47)
-> Request 6
432
(2, 3, 2)
2
(15, 31)
-> Request 7
589
(3, 2, 1)
1
(5, 68)
-> Request 8
611
(3, 1, 1)
3
(65, 53)
-> Request 9
617
(2, 3, 2)
1
(64, 11)
-> Request 10
625
(2, 1, 2)
3
(43, 12)
-> Request 11
760
(4, 3, 1)
3
(74, 25)
-> Request 12
824
(1, 2, 1)
3
(17, 65)
-> Request 13
840
(1, 2, 1)
1
(54, 56)
-> Request 14
891
(1, 2, 1)
3
(69, 31)
-> Request 15
1194
(3, 1, 1)
2
(15, 43)
-> Request 16
1411
(4, 3, 2)
3
(64, 76)
--> Day : 1
-> Request 0
219
(3, 2, 1)
2
(40, 33)
-> Request 1
253
(1, 1, 1)
3
(64, 54)
-> Request 2
375
(2, 1, 1)
1
(73, 30)
-> Request 3
415
(4, 2, 1)
2
(9, 46)
-> Request 4
716
(3, 1, 1)
3
(67, 5)
-> Request 5
746
(2, 1, 2)
3
(18, 22)
-> Request 6
869
(2, 3, 1)
2
(18, 73)
-> Request 7
894
(1, 1, 2)
1
(49, 67)
-> Request 8
951
(4, 3, 2)
2
(28, 51)
-> Request 9
1120
(2, 1, 2)
1
(1, 15)
-> Request 10
1130
(4, 1, 1)
1
(73, 58)
-> Request 11
1202
(1, 3, 1)
3
(7, 72)
-> Request 12
1222
(4, 3, 2)
1
(23, 65)
--> Day : 2
-> Request 0
491
(4, 2, 1)
3
(62, 47)
-> Request 1
814
(3, 2, 2)
2
(23, 74)
-> Request 2
864
(4, 1, 1)
3
(71, 29)
--> Day : 3
-> Request 0
190
(2, 1, 1)
1
(2, 10)
-> Request 1
257
(1, 1, 2)
3
(56, 62)
-> Request 2
680
(4, 1, 2)
2
(38, 31)
-> Request 3
719
(2, 2, 1)
3
(7, 51)
-> Request 4
769
(3, 2, 1)
1
(2, 71)
-> Request 5
821
(3, 2, 2)
2
(7, 18)
-> Request 6
915
(4, 2, 1)
1
(0, 19)
-> Request 7
1054
(3, 1, 1)
3
(37, 31)
-> Request 8
1428
(1, 2, 1)
2
(26, 12)
--> Day : 4
-> Request 0
209
(3, 1, 1)
1
(62, 11)
-> Request 1
1226
(3, 2, 2)
1
(45, 7)
-> Request 2
1241
(3, 1, 1)
3
(4, 16)
-> Request 3
1308
(4, 3, 1)
2
(25, 35)
---> Week : 28
--> Day : 0
-> Request 0
175
(2, 2, 2)
3
(7, 3)
-> Request 1
199
(1, 3, 2)
1
(30, 3)
-> Request 2
653
(2, 3, 1)
1
(13, 38)
-> Request 3
667
(2, 1, 2)
1
(30, 16)
-> Request 4
760
(1, 2, 1)
1
(44, 15)
-> Request 5
806
(4, 1, 1)
2
(36, 25)
-> Request 6
898
(3, 3, 2)
2
(11, 18)
-> Request 7
964
(2, 3, 1)
3
(26, 59)
-> Request 8
1042
(3, 1, 1)
2
(38, 43)
-> Request 9
1201
(2, 1, 1)
2
(56, 17)
-> Request 10
1379
(4, 1, 2)
3
(35, 35)
--> Day : 1
-> Request 0
349
(3, 2, 2)
2
(23, 61)
-> Request 1
634
(2, 1, 2)
3
(2, 25)
-> Request 2
663
(4, 3, 2)
2
(9, 20)
-> Request 3
1349
(3, 3, 1)
2
(19, 25)
--> Day : 2
-> Request 0
27
(3, 3, 2)
2
(60, 42)
-> Request 1
70
(1, 3, 1)
3
(15, 76)
-> Request 2
392
(1, 1, 2)
3
(39, 58)
-> Request 3
504
(4, 2, 2)
1
(78, 53)
-> Request 4
550
(3, 1, 1)
3
(49, 79)
-> Request 5
643
(2, 1, 1)
1
(13, 71)
-> Request 6
723
(2, 1, 2)
1
(57, 10)
-> Request 7
797
(4, 1, 1)
2
(79, 64)
-> Request 8
994
(4, 1, 2)
3
(75, 66)
-> Request 9
1024
(1, 2, 1)
1
(71, 15)
-> Request 10
1068
(4, 3, 1)
2
(15, 2)
-> Request 11
1140
(2, 3, 1)
2
(61, 23)
-> Request 12
1197
(1, 2, 2)
2
(9, 7)
-> Request 13
1334
(4, 3, 2)
2
(10, 13)
-> Request 14
1335
(1, 1, 2)
3
(48, 71)
-> Request 15
1391
(4, 2, 1)
2
(64, 76)
--> Day : 3
-> Request 0
188
(1, 1, 1)
3
(53, 10)
-> Request 1
425
(3, 3, 2)
3
(55, 43)
-> Request 2
580
(4, 1, 1)
1
(21, 16)
-> Request 3
727
(3, 2, 2)
2
(45, 39)
-> Request 4
930
(4, 3, 2)
2
(27, 71)
-> Request 5
980
(4, 1, 1)
3
(17, 51)
-> Request 6
1195
(1, 2, 1)
2
(42, 20)
-> Request 7
1268
(2, 1, 1)
1
(32, 60)
-> Request 8
1393
(3, 1, 2)
3
(74, 11)
-> Request 9
1394
(2, 3, 2)
3
(33, 68)
--> Day : 4
-> Request 0
54
(3, 3, 2)
2
(44, 29)
-> Request 1
83
(1, 2, 2)
2
(48, 28)
-> Request 2
110
(2, 1, 1)
1
(57, 59)
-> Request 3
275
(2, 2, 2)
1
(4, 12)
-> Request 4
342
(4, 2, 1)
2
(5, 40)
-> Request 5
519
(2, 1, 1)
3
(47, 2)
-> Request 6
690
(4, 1, 1)
1
(44, 4)
-> Request 7
903
(4, 3, 1)
1
(37, 49)
-> Request 8
971
(2, 2, 2)
3
(68, 64)
-> Request 9
1022
(1, 3, 2)
1
(16, 24)
-> Request 10
1042
(2, 2, 1)
1
(76, 71)
-> Request 11
1095
(2, 2, 1)
2
(15, 18)
-> Request 12
1399
(4, 3, 1)
3
(2, 79)
---> Week : 29
--> Day : 0
-> Request 0
165
(3, 1, 1)
1
(4, 57)
-> Request 1
297
(4, 1, 1)
3
(34, 12)
-> Request 2
438
(3, 3, 2)
1
(64, 18)
-> Request 3
664
(2, 2, 1)
3
(1, 7)
-> Request 4
691
(3, 1, 1)
1
(40, 18)
-> Request 5
718
(4, 2, 1)
1
(20, 55)
-> Request 6
732
(1, 3, 2)
3
(39, 73)
-> Request 7
801
(2, 2, 1)
2
(32, 75)
-> Request 8
866
(3, 3, 2)
2
(31, 68)
-> Request 9
1035
(4, 3, 1)
3
(50, 67)
--> Day : 1
-> Request 0
64
(1, 1, 2)
2
(4, 28)
-> Request 1
174
(3, 1, 1)
1
(75, 73)
-> Request 2
329
(4, 1, 2)
3
(45, 46)
-> Request 3
339
(4, 2, 2)
1
(22, 34)
-> Request 4
554
(3, 1, 2)
2
(9, 29)
-> Request 5
898
(4, 1, 2)
3
(40, 40)
-> Request 6
1019
(2, 1, 1)
2
(14, 8)
-> Request 7
1325
(4, 3, 2)
2
(75, 9)
-> Request 8
1381
(3, 1, 2)
3
(77, 48)
--> Day : 2
-> Request 0
78
(4, 3, 2)
3
(15, 21)
-> Request 1
107
(3, 1, 1)
1
(73, 63)
-> Request 2
339
(3, 3, 2)
3
(39, 41)
-> Request 3
429
(2, 3, 1)
3
(32, 3)
-> Request 4
772
(4, 3, 1)
1
(72, 61)
-> Request 5
895
(3, 2, 1)
3
(72, 12)
-> Request 6
1021
(4, 1, 2)
1
(22, 36)
-> Request 7
1024
(3, 1, 2)
1
(28, 69)
-> Request 8
1034
(1, 2, 2)
2
(65, 2)
-> Request 9
1044
(1, 3, 1)
2
(69, 49)
-> Request 10
1078
(2, 3, 2)
3
(78, 58)
-> Request 11
1188
(1, 3, 1)
3
(8, 1)
-> Request 12
1203
(1, 3, 1)
1
(23, 7)
-> Request 13
1339
(2, 2, 1)
2
(27, 41)
--> Day : 3
-> Request 0
57
(4, 1, 1)
2
(9, 50)
-> Request 1
137
(4, 2, 1)
3
(8, 43)
-> Request 2
217
(2, 2, 1)
3
(20, 61)
-> Request 3
325
(2, 2, 2)
2
(50, 21)
-> Request 4
543
(4, 3, 1)
3
(50, 35)
-> Request 5
677
(3, 1, 2)
3
(1, 32)
-> Request 6
889
(4, 3, 1)
2
(67, 52)
-> Request 7
939
(4, 2, 2)
2
(75, 47)
-> Request 8
1125
(2, 3, 1)
1
(32, 22)
--> Day : 4
-> Request 0
104
(1, 1, 2)
3
(1, 21)
-> Request 1
169
(3, 3, 2)
3
(67, 6)
-> Request 2
266
(1, 1, 1)
2
(10, 29)
-> Request 3
520
(2, 1, 2)
1
(10, 64)
-> Request 4
632
(1, 3, 2)
1
(24, 76)
-> Request 5
655
(1, 2, 2)
1
(77, 35)
-> Request 6
668
(4, 2, 1)
3
(74, 39)
-> Request 7
703
(2, 1, 1)
1
(71, 60)
-> Request 8
1105
(3, 1, 1)
3
(43, 16)
-> Request 9
1312
(4, 3, 2)
3
(18, 37)
---> Week : 30
--> Day : 0
-> Request 0
190
(2, 1, 2)
3
(58, 70)
-> Request 1
416
(1, 3, 1)
1
(57, 40)
-> Request 2
473
(4, 1, 1)
3
(73, 33)
-> Request 3
638
(4, 2, 1)
2
(14, 25)
-> Request 4
953
(3, 3, 2)
3
(27, 29)
-> Request 5
967
(1, 1, 1)
1
(20, 69)
-> Request 6
1106
(4, 1, 2)
2
(68, 24)
-> Request 7
1155
(2, 2, 2)
1
(68, 13)
-> Request 8
1162
(3, 3, 1)
1
(75, 41)
-> Request 9
1288
(1, 1, 2)
2
(26, 78)
--> Day : 1
-> Request 0
127
(4, 2, 2)
3
(73, 23)
-> Request 1
133
(4, 2, 1)
3
(23, 50)
-> Request 2
241
(4, 1, 2)
3
(21, 44)
-> Request 3
420
(2, 3, 1)
2
(52, 45)
-> Request 4
455
(3, 1, 1)
3
(28, 24)
-> Request 5
655
(4, 3, 2)
3
(6, 4)
-> Request 6
899
(4, 3, 1)
1
(45, 71)
-> Request 7
921
(2, 3, 2)
1
(77, 42)
-> Request 8
1253
(4, 2, 1)
3
(22, 5)
-> Request 9
1285
(4, 2, 1)
2
(41, 37)
--> Day : 2
-> Request 0
117
(2, 2, 1)
3
(49, 56)
-> Request 1
153
(3, 1, 2)
3
(41, 61)
-> Request 2
170
(3, 2, 1)
1
(54, 53)
-> Request 3
298
(4, 2, 1)
3
(23, 11)
-> Request 4
458
(3, 2, 1)
3
(19, 12)
-> Request 5
568
(4, 2, 2)
1
(65, 5)
-> Request 6
611
(4, 3, 2)
1
(19, 71)
-> Request 7
715
(2, 3, 1)
2
(34, 38)
-> Request 8
785
(2, 1, 2)
1
(69, 22)
-> Request 9
837
(1, 2, 2)
2
(37, 78)
-> Request 10
867
(1, 3, 1)
1
(66, 44)
-> Request 11
872
(4, 2, 2)
1
(28, 78)
-> Request 12
905
(2, 1, 1)
1
(30, 6)
-> Request 13
1021
(1, 1, 1)
1
(4, 57)
-> Request 14
1400
(4, 2, 2)
1
(10, 17)
--> Day : 3
-> Request 0
3
(2, 3, 2)
1
(24, 18)
-> Request 1
38
(1, 1, 2)
1
(11, 20)
-> Request 2
247
(3, 3, 2)
1
(67, 46)
-> Request 3
268
(2, 1, 2)
1
(55, 44)
-> Request 4
341
(3, 1, 2)
2
(69, 75)
-> Request 5
367
(2, 3, 2)
3
(67, 19)
-> Request 6
501
(2, 2, 1)
3
(32, 21)
-> Request 7
983
(1, 3, 1)
1
(67, 68)
-> Request 8
1006
(2, 3, 1)
1
(34, 22)
-> Request 9
1309
(2, 1, 2)
3
(26, 72)
-> Request 10
1411
(4, 3, 2)
1
(10, 57)
--> Day : 4
-> Request 0
172
(2, 1, 1)
3
(44, 30)
-> Request 1
623
(4, 3, 1)
2
(44, 75)
-> Request 2
1087
(1, 2, 2)
2
(23, 62)
-> Request 3
1331
(4, 1, 1)
3
(12, 70)
-> Request 4
1335
(2, 2, 1)
3
(48, 57)
-> Request 5
1363
(1, 1, 2)
2
(57, 19)
---> Week : 31
--> Day : 0
-> Request 0
81
(4, 3, 1)
3
(70, 23)
-> Request 1
129
(2, 3, 1)
1
(21, 46)
-> Request 2
258
(1, 2, 2)
3
(46, 57)
-> Request 3
281
(4, 1, 1)
1
(52, 49)
-> Request 4
407
(4, 3, 2)
3
(58, 47)
-> Request 5
444
(2, 2, 1)
2
(8, 11)
-> Request 6
467
(4, 2, 2)
1
(48, 61)
-> Request 7
746
(4, 3, 2)
2
(31, 75)
-> Request 8
803
(3, 1, 2)
3
(29, 31)
-> Request 9
823
(2, 1, 2)
3
(27, 40)
-> Request 10
834
(4, 2, 1)
3
(12, 56)
-> Request 11
836
(2, 3, 1)
2
(73, 57)
-> Request 12
1143
(2, 1, 1)
3
(58, 54)
-> Request 13
1241
(1, 1, 2)
1
(27, 44)
--> Day : 1
-> Request 0
53
(1, 3, 2)
2
(60, 64)
-> Request 1
91
(4, 3, 2)
1
(52, 71)
-> Request 2
311
(2, 2, 1)
3
(35, 29)
-> Request 3
519
(2, 3, 1)
1
(53, 31)
-> Request 4
780
(4, 3, 1)
1
(35, 18)
-> Request 5
873
(1, 2, 1)
2
(41, 41)
-> Request 6
950
(2, 1, 1)
1
(44, 1)
-> Request 7
966
(2, 1, 1)
2
(46, 74)
-> Request 8
1055
(2, 3, 2)
1
(10, 36)
-> Request 9
1335
(2, 1, 2)
3
(38, 21)
--> Day : 2
-> Request 0
92
(2, 3, 1)
2
(0, 44)
-> Request 1
280
(3, 2, 2)
1
(67, 79)
-> Request 2
355
(2, 3, 1)
2
(4, 1)
-> Request 3
389
(4, 1, 2)
1
(43, 59)
-> Request 4
736
(2, 1, 2)
1
(36, 11)
-> Request 5
1055
(3, 1, 1)
3
(44, 49)
-> Request 6
1157
(2, 2, 2)
1
(16, 66)
-> Request 7
1193
(1, 1, 1)
3
(37, 2)
-> Request 8
1234
(4, 3, 2)
2
(36, 78)
-> Request 9
1366
(4, 1, 2)
1
(65, 52)
--> Day : 3
-> Request 0
0
(2, 1, 2)
2
(24, 8)
-> Request 1
360
(1, 2, 1)
1
(66, 21)
-> Request 2
401
(4, 2, 1)
2
(77, 2)
-> Request 3
562
(4, 2, 2)
2
(79, 68)
-> Request 4
598
(1, 2, 2)
3
(29, 73)
-> Request 5
607
(2, 2, 1)
1
(13, 36)
-> Request 6
661
(4, 3, 2)
2
(22, 4)
-> Request 7
1076
(1, 3, 1)
1
(8, 44)
-> Request 8
1275
(2, 2, 2)
1
(67, 17)
--> Day : 4
-> Request 0
161
(4, 3, 2)
2
(39, 46)
-> Request 1
316
(3, 3, 2)
1
(54, 58)
-> Request 2
329
(3, 3, 1)
1
(51, 21)
-> Request 3
346
(2, 1, 2)
3
(36, 44)
-> Request 4
375
(2, 1, 2)
3
(16, 65)
-> Request 5
415
(1, 2, 2)
3
(52, 46)
-> Request 6
810
(2, 1, 1)
2
(61, 58)
-> Request 7
886
(2, 2, 2)
2
(0, 19)
-> Request 8
980
(4, 3, 2)
3
(15, 19)
-> Request 9
996
(4, 3, 2)
1
(58, 47)
-> Request 10
1023
(4, 3, 1)
1
(72, 76)
---> Week : 32
--> Day : 0
-> Request 0
6
(3, 3, 1)
1
(13, 31)
-> Request 1
52
(1, 1, 1)
1
(56, 1)
-> Request 2
277
(4, 3, 1)
3
(0, 66)
-> Request 3
296
(1, 3, 1)
2
(34, 39)
-> Request 4
356
(3, 2, 2)
2
(67, 26)
-> Request 5
747
(2, 2, 2)
2
(39, 43)
-> Request 6
962
(4, 1, 1)
1
(42, 20)
-> Request 7
992
(4, 3, 1)
2
(3, 52)
-> Request 8
1170
(3, 1, 1)
2
(22, 63)
--> Day : 1
-> Request 0
29
(1, 3, 2)
3
(2, 65)
-> Request 1
43
(3, 1, 1)
1
(46, 12)
-> Request 2
104
(3, 1, 2)
1
(13, 20)
-> Request 3
149
(1, 3, 2)
3
(20, 61)
-> Request 4
197
(4, 1, 1)
1
(14, 29)
-> Request 5
539
(1, 2, 1)
2
(5, 22)
-> Request 6
559
(4, 1, 1)
3
(63, 45)
-> Request 7
691
(3, 3, 1)
3
(44, 11)
-> Request 8
1421
(1, 2, 2)
2
(31, 12)
--> Day : 2
-> Request 0
134
(4, 2, 1)
1
(75, 8)
-> Request 1
397
(2, 1, 2)
3
(47, 66)
-> Request 2
435
(2, 2, 1)
2
(24, 75)
-> Request 3
441
(3, 3, 1)
2
(40, 78)
-> Request 4
456
(1, 2, 1)
3
(53, 47)
-> Request 5
537
(3, 1, 2)
2
(15, 2)
-> Request 6
561
(3, 3, 1)
2
(23, 0)
-> Request 7
610
(3, 3, 2)
3
(37, 25)
-> Request 8
903
(4, 1, 2)
3
(33, 64)
-> Request 9
1033
(1, 1, 2)
2
(60, 19)
-> Request 10
1070
(1, 2, 1)
2
(7, 61)
--> Day : 3
-> Request 0
66
(2, 2, 1)
2
(68, 29)
-> Request 1
170
(1, 3, 2)
1
(79, 17)
-> Request 2
243
(1, 2, 2)
3
(41, 5)
-> Request 3
586
(3, 1, 1)
2
(50, 36)
-> Request 4
834
(3, 3, 1)
2
(38, 68)
-> Request 5
1155
(4, 1, 1)
3
(38, 7)
-> Request 6
1176
(1, 3, 2)
1
(74, 24)
--> Day : 4
-> Request 0
166
(3, 1, 1)
2
(75, 62)
-> Request 1
183
(1, 3, 2)
1
(51, 22)
-> Request 2
219
(3, 1, 1)
3
(21, 11)
-> Request 3
942
(2, 3, 2)
3
(12, 39)
-> Request 4
975
(3, 3, 2)
1
(25, 15)
-> Request 5
1209
(3, 3, 2)
1
(77, 78)
---> Week : 33
--> Day : 0
-> Request 0
112
(2, 1, 1)
3
(44, 73)
-> Request 1
150
(1, 1, 1)
3
(69, 45)
-> Request 2
212
(1, 2, 1)
3
(4, 23)
-> Request 3
546
(3, 1, 2)
3
(38, 16)
-> Request 4
554
(2, 1, 1)
1
(48, 15)
-> Request 5
558
(2, 1, 1)
2
(15, 68)
-> Request 6
663
(3, 2, 1)
2
(78, 25)
-> Request 7
711
(1, 2, 1)
2
(24, 40)
-> Request 8
891
(3, 1, 2)
2
(62, 25)
--> Day : 1
-> Request 0
453
(4, 3, 1)
2
(77, 17)
-> Request 1
742
(4, 3, 2)
2
(37, 29)
-> Request 2
951
(1, 3, 1)
3
(1, 0)
-> Request 3
1051
(1, 3, 2)
2
(62, 27)
-> Request 4
1073
(3, 1, 1)
3
(24, 60)
--> Day : 2
-> Request 0
36
(4, 3, 2)
1
(69, 28)
-> Request 1
145
(4, 1, 2)
3
(34, 23)
-> Request 2
726
(1, 2, 2)
3
(23, 48)
-> Request 3
934
(3, 1, 2)
1
(50, 20)
-> Request 4
988
(2, 3, 2)
3
(18, 71)
-> Request 5
1068
(4, 1, 1)
2
(78, 26)
-> Request 6
1174
(4, 1, 1)
2
(20, 72)
-> Request 7
1265
(1, 3, 2)
1
(2, 49)
-> Request 8
1266
(1, 1, 2)
2
(64, 27)
--> Day : 3
-> Request 0
46
(4, 3, 1)
3
(31, 55)
-> Request 1
70
(1, 2, 2)
1
(32, 66)
-> Request 2
78
(2, 2, 1)
3
(1, 16)
-> Request 3
158
(4, 3, 2)
2
(48, 71)
-> Request 4
166
(1, 2, 2)
2
(55, 5)
-> Request 5
206
(3, 1, 1)
1
(29, 43)
-> Request 6
374
(4, 3, 2)
2
(54, 39)
-> Request 7
510
(1, 1, 1)
1
(3, 32)
-> Request 8
741
(2, 3, 1)
3
(14, 8)
-> Request 9
825
(4, 1, 2)
2
(70, 31)
-> Request 10
988
(4, 2, 1)
3
(57, 61)
-> Request 11
1109
(1, 1, 1)
1
(78, 41)
-> Request 12
1207
(3, 3, 1)
1
(49, 62)
-> Request 13
1356
(4, 3, 2)
3
(24, 76)
-> Request 14
1360
(3, 2, 1)
2
(20, 51)
--> Day : 4
-> Request 0
244
(1, 2, 1)
3
(31, 43)
-> Request 1
455
(4, 3, 2)
1
(18, 61)
-> Request 2
675
(1, 1, 1)
3
(59, 34)
-> Request 3
862
(1, 2, 1)
3
(60, 42)
-> Request 4
910
(2, 1, 2)
3
(64, 32)
-> Request 5
1059
(3, 2, 1)
3
(50, 26)
-> Request 6
1141
(1, 1, 1)
1
(70, 22)
-> Request 7
1249
(3, 2, 1)
2
(21, 39)
-> Request 8
1266
(2, 3, 2)
2
(55, 38)
---> Week : 34
--> Day : 0
-> Request 0
248
(2, 2, 1)
2
(72, 2)
-> Request 1
306
(4, 3, 1)
3
(74, 1)
-> Request 2
306
(4, 2, 1)
3
(14, 71)
-> Request 3
697
(2, 2, 2)
3
(29, 68)
-> Request 4
704
(2, 2, 2)
1
(17, 60)
-> Request 5
774
(3, 3, 2)
2
(67, 17)
-> Request 6
848
(2, 2, 2)
3
(6, 61)
-> Request 7
932
(4, 1, 2)
3
(7, 37)
--> Day : 1
-> Request 0
43
(3, 1, 1)
1
(66, 54)
-> Request 1
172
(4, 2, 1)
1
(79, 19)
-> Request 2
453
(3, 1, 1)
1
(66, 41)
-> Request 3
952
(2, 3, 1)
2
(36, 35)
-> Request 4
1092
(1, 3, 1)
3
(75, 67)
-> Request 5
1196
(3, 1, 2)
1
(57, 79)
-> Request 6
1245
(2, 3, 2)
3
(64, 33)
-> Request 7
1263
(3, 3, 2)
2
(23, 50)
-> Request 8
1427
(3, 3, 2)
1
(3, 60)
--> Day : 2
-> Request 0
111
(2, 1, 1)
2
(6, 65)
-> Request 1
114
(4, 2, 2)
2
(0, 77)
-> Request 2
175
(1, 2, 1)
2
(59, 32)
-> Request 3
208
(3, 1, 1)
1
(50, 27)
-> Request 4
500
(3, 3, 2)
1
(39, 57)
-> Request 5
639
(1, 3, 1)
2
(46, 56)
-> Request 6
774
(3, 2, 2)
1
(27, 46)
-> Request 7
890
(2, 1, 1)
3
(18, 43)
-> Request 8
1044
(2, 2, 2)
1
(55, 77)
-> Request 9
1094
(4, 1, 1)
2
(22, 51)
--> Day : 3
-> Request 0
96
(2, 3, 1)
3
(11, 2)
-> Request 1
324
(3, 3, 1)
1
(54, 55)
-> Request 2
479
(4, 3, 2)
1
(52, 65)
-> Request 3
585
(3, 3, 1)
1
(5, 53)
-> Request 4
587
(1, 2, 2)
2
(41, 76)
-> Request 5
685
(4, 1, 2)
3
(32, 18)
-> Request 6
717
(2, 2, 2)
1
(10, 27)
-> Request 7
1183
(2, 2, 1)
1
(19, 16)
-> Request 8
1230
(3, 3, 2)
1
(27, 53)
--> Day : 4
-> Request 0
309
(1, 1, 2)
2
(57, 15)
-> Request 1
328
(4, 1, 2)
1
(23, 22)
-> Request 2
565
(3, 2, 1)
2
(37, 33)
-> Request 3
883
(1, 2, 1)
2
(10, 4)
-> Request 4
883
(4, 2, 2)
3
(49, 69)
-> Request 5
1221
(4, 3, 1)
2
(3, 66)
-> Request 6
1246
(1, 1, 1)
2
(28, 51)
-> Request 7
1409
(1, 2, 1)
1
(41, 55)
---> Week : 35
--> Day : 0
-> Request 0
136
(3, 1, 2)
2
(49, 13)
-> Request 1
201
(1, 1, 1)
1
(21, 40)
-> Request 2
235
(4, 1, 2)
2
(78, 58)
-> Request 3
271
(3, 2, 1)
2
(13, 76)
-> Request 4
455
(3, 3, 2)
2
(30, 74)
-> Request 5
549
(1, 1, 1)
3
(34, 52)
-> Request 6
565
(4, 1, 1)
3
(79, 49)
-> Request 7
703
(4, 1, 1)
2
(4, 54)
-> Request 8
724
(3, 3, 1)
1
(10, 47)
-> Request 9
896
(2, 2, 1)
3
(21, 19)
-> Request 10
911
(3, 1, 1)
2
(7, 42)
-> Request 11
1032
(3, 2, 2)
2
(75, 14)
-> Request 12
1073
(4, 1, 2)
1
(33, 73)
-> Request 13
1194
(4, 1, 1)
2
(7, 72)
-> Request 14
1294
(1, 3, 2)
1
(20, 37)
--> Day : 1
-> Request 0
92
(3, 2, 1)
3
(44, 53)
-> Request 1
204
(4, 1, 1)
1
(19, 67)
-> Request 2
652
(2, 1, 2)
3
(16, 77)
-> Request 3
797
(4, 1, 2)
1
(53, 5)
-> Request 4
1149
(3, 1, 1)
1
(54, 75)
--> Day : 2
-> Request 0
58
(4, 3, 1)
2
(54, 56)
-> Request 1
90
(2, 1, 1)
2
(11, 35)
-> Request 2
234
(2, 3, 1)
3
(52, 48)
-> Request 3
355
(2, 3, 2)
1
(23, 27)
-> Request 4
519
(4, 1, 1)
3
(75, 73)
-> Request 5
611
(1, 3, 1)
1
(71, 23)
-> Request 6
749
(2, 2, 1)
3
(16, 66)
-> Request 7
775
(4, 3, 2)
1
(63, 61)
-> Request 8
938
(3, 1, 1)
3
(41, 2)
-> Request 9
1193
(1, 1, 2)
3
(11, 52)
-> Request 10
1292
(3, 2, 2)
3
(75, 77)
--> Day : 3
-> Request 0
60
(4, 3, 2)
1
(61, 34)
-> Request 1
365
(2, 1, 1)
1
(79, 9)
-> Request 2
368
(1, 2, 1)
2
(55, 44)
-> Request 3
527
(4, 2, 1)
1
(62, 77)
-> Request 4
539
(4, 1, 2)
1
(16, 44)
-> Request 5
1129
(2, 1, 1)
3
(29, 3)
-> Request 6
1408
(2, 3, 2)
2
(14, 26)
-> Request 7
1423
(3, 1, 1)
1
(49, 7)
-> Request 8
1439
(2, 1, 2)
3
(30, 32)
--> Day : 4
-> Request 0
121
(1, 1, 2)
2
(28, 48)
-> Request 1
496
(3, 1, 2)
3
(26, 7)
-> Request 2
515
(2, 2, 1)
3
(10, 4)
-> Request 3
555
(2, 3, 1)
1
(40, 29)
-> Request 4
743
(2, 3, 1)
1
(4, 37)
-> Request 5
857
(3, 2, 1)
2
(42, 73)
-> Request 6
961
(3, 1, 1)
3
(15, 21)
-> Request 7
1152
(1, 3, 2)
3
(15, 58)
-> Request 8
1320
(2, 2, 2)
1
(34, 69)
-> Request 9
1370
(1, 2, 2)
2
(45, 43)
-> Request 10
1383
(3, 3, 2)
3
(46, 53)
---> Week : 36
--> Day : 0
-> Request 0
401
(1, 3, 1)
2
(51, 73)
-> Request 1
635
(4, 3, 1)
3
(3, 20)
-> Request 2
660
(4, 3, 1)
3
(24, 45)
-> Request 3
744
(2, 2, 2)
3
(20, 5)
-> Request 4
950
(3, 2, 1)
3
(9, 79)
-> Request 5
1033
(4, 3, 1)
3
(40, 42)
-> Request 6
1068
(1, 1, 1)
3
(34, 29)
-> Request 7
1225
(1, 3, 2)
3
(0, 20)
--> Day : 1
-> Request 0
269
(4, 1, 2)
1
(26, 20)
-> Request 1
351
(3, 2, 2)
1
(35, 37)
-> Request 2
501
(4, 1, 1)
1
(44, 73)
-> Request 3
574
(4, 3, 1)
1
(27, 68)
-> Request 4
885
(2, 3, 2)
2
(54, 47)
-> Request 5
1010
(3, 1, 2)
3
(77, 69)
-> Request 6
1262
(2, 1, 1)
2
(10, 54)
-> Request 7
1358
(3, 1, 1)
3
(31, 26)
--> Day : 2
-> Request 0
9
(3, 2, 1)
2
(35, 10)
-> Request 1
28
(3, 1, 2)
3
(63, 10)
-> Request 2
270
(4, 2, 1)
1
(10, 59)
-> Request 3
334
(1, 2, 2)
2
(7, 56)
-> Request 4
472
(2, 3, 2)
2
(7, 67)
-> Request 5
581
(3, 3, 1)
1
(32, 36)
-> Request 6
767
(3, 3, 1)
2
(50, 28)
-> Request 7
902
(2, 3, 1)
3
(17, 23)
-> Request 8
955
(3, 3, 1)
1
(20, 62)
-> Request 9
1174
(3, 3, 1)
1
(37, 75)
-> Request 10
1190
(2, 2, 2)
1
(5, 4)
-> Request 11
1279
(2, 1, 1)
3
(23, 11)
--> Day : 3
-> Request 0
7
(3, 2, 1)
1
(9, 57)
-> Request 1
22
(1, 2, 2)
2
(75, 75)
-> Request 2
32
(2, 3, 2)
3
(11, 45)
-> Request 3
80
(1, 1, 2)
1
(54, 8)
-> Request 4
204
(4, 1, 1)
3
(6, 23)
-> Request 5
297
(1, 2, 2)
3
(58, 18)
-> Request 6
527
(2, 3, 1)
3
(34, 57)
-> Request 7
538
(2, 1, 1)
2
(66, 77)
-> Request 8
695
(3, 2, 1)
2
(21, 60)
-> Request 9
736
(1, 2, 1)
2
(47, 62)
-> Request 10
888
(1, 3, 1)
2
(76, 7)
-> Request 11
891
(2, 3, 1)
1
(53, 58)
-> Request 12
927
(2, 1, 1)
3
(31, 62)
-> Request 13
1058
(1, 3, 2)
1
(1, 6)
-> Request 14
1148
(2, 3, 2)
2
(45, 0)
-> Request 15
1200
(3, 2, 2)
3
(12, 33)
--> Day : 4
-> Request 0
312
(4, 1, 2)
1
(29, 7)
-> Request 1
496
(4, 1, 1)
3
(18, 59)
-> Request 2
739
(4, 3, 2)
2
(0, 13)
-> Request 3
884
(3, 2, 1)
2
(65, 41)
-> Request 4
907
(4, 3, 2)
3
(32, 57)
-> Request 5
911
(2, 1, 1)
2
(70, 61)
-> Request 6
929
(3, 2, 2)
1
(78, 50)
-> Request 7
1058
(2, 1, 1)
1
(32, 29)
-> Request 8
1167
(2, 1, 1)
3
(66, 73)
-> Request 9
1255
(3, 2, 1)
1
(76, 17)
---> Week : 37
--> Day : 0
-> Request 0
49
(1, 3, 2)
3
(73, 5)
-> Request 1
233
(2, 2, 2)
2
(24, 31)
-> Request 2
340
(2, 2, 1)
3
(38, 76)
-> Request 3
654
(1, 2, 2)
1
(8, 0)
-> Request 4
738
(1, 2, 2)
1
(23, 37)
-> Request 5
1157
(1, 3, 1)
1
(65, 29)
-> Request 6
1213
(3, 3, 2)
3
(1, 53)
-> Request 7
1230
(2, 1, 1)
1
(23, 49)
-> Request 8
1293
(1, 2, 2)
3
(32, 32)
-> Request 9
1377
(2, 2, 1)
3
(17, 48)
-> Request 10
1405
(1, 1, 1)
1
(0, 60)
--> Day : 1
-> Request 0
138
(1, 3, 1)
1
(60, 59)
-> Request 1
194
(1, 1, 1)
2
(14, 51)
-> Request 2
219
(4, 1, 1)
2
(35, 23)
-> Request 3
417
(3, 1, 1)
3
(6, 17)
-> Request 4
418
(4, 3, 2)
2
(34, 18)
-> Request 5
507
(4, 1, 2)
1
(75, 68)
-> Request 6
581
(1, 1, 1)
1
(54, 15)
-> Request 7
596
(1, 2, 2)
3
(77, 21)
-> Request 8
769
(1, 1, 2)
2
(64, 10)
-> Request 9
1181
(1, 3, 2)
1
(54, 35)
-> Request 10
1247
(1, 1, 1)
2
(8, 8)
--> Day : 2
-> Request 0
275
(1, 1, 1)
2
(35, 4)
-> Request 1
335
(1, 1, 1)
1
(32, 16)
-> Request 2
335
(3, 3, 1)
3
(32, 37)
-> Request 3
829
(2, 2, 2)
3
(39, 57)
-> Request 4
973
(4, 2, 2)
2
(14, 61)
-> Request 5
998
(3, 3, 1)
3
(46, 35)
-> Request 6
1179
(4, 2, 1)
3
(19, 43)
--> Day : 3
-> Request 0
276
(3, 2, 1)
1
(43, 20)
-> Request 1
277
(1, 3, 2)
1
(30, 59)
-> Request 2
380
(4, 3, 1)
2
(6, 32)
-> Request 3
554
(4, 1, 1)
2
(0, 22)
-> Request 4
786
(3, 1, 1)
3
(28, 77)
-> Request 5
1059
(2, 1, 2)
1
(61, 11)
--> Day : 4
-> Request 0
15
(4, 1, 2)
3
(13, 3)
-> Request 1
64
(4, 3, 2)
3
(22, 70)
-> Request 2
79
(4, 1, 1)
3
(8, 70)
-> Request 3
227
(3, 3, 1)
2
(48, 40)
-> Request 4
331
(4, 1, 1)
3
(50, 50)
-> Request 5
413
(4, 2, 2)
3
(77, 27)
-> Request 6
537
(3, 3, 2)
3
(12, 12)
-> Request 7
969
(2, 2, 1)
1
(37, 73)
-> Request 8
1292
(2, 2, 2)
2
(73, 54)
---> Week : 38
--> Day : 0
-> Request 0
55
(1, 1, 2)
3
(2, 15)
-> Request 1
507
(2, 1, 1)
2
(79, 26)
-> Request 2
602
(3, 2, 2)
2
(11, 13)
-> Request 3
801
(1, 3, 1)
1
(23, 67)
-> Request 4
993
(3, 3, 1)
3
(15, 73)
-> Request 5
1013
(1, 2, 1)
1
(11, 28)
-> Request 6
1367
(4, 3, 1)
3
(13, 42)
--> Day : 1
-> Request 0
176
(3, 3, 1)
2
(75, 8)
-> Request 1
346
(2, 1, 2)
3
(5, 63)
-> Request 2
346
(3, 3, 2)
1
(43, 23)
-> Request 3
557
(3, 2, 2)
1
(79, 0)
-> Request 4
602
(3, 3, 2)
1
(70, 26)
-> Request 5
698
(4, 2, 1)
1
(65, 58)
-> Request 6
1069
(4, 3, 2)
1
(50, 34)
-> Request 7
1195
(1, 2, 2)
2
(58, 78)
-> Request 8
1242
(3, 3, 2)
2
(34, 20)
-> Request 9
1302
(3, 1, 2)
1
(39, 21)
--> Day : 2
-> Request 0
51
(3, 3, 1)
3
(44, 68)
-> Request 1
206
(3, 2, 2)
2
(38, 59)
-> Request 2
218
(4, 1, 2)
1
(79, 25)
-> Request 3
346
(2, 2, 1)
3
(24, 18)
-> Request 4
828
(1, 2, 2)
1
(42, 34)
-> Request 5
871
(4, 3, 2)
2
(27, 33)
-> Request 6
959
(4, 2, 1)
2
(0, 62)
-> Request 7
1278
(1, 3, 2)
1
(60, 3)
-> Request 8
1323
(4, 2, 2)
1
(60, 43)
-> Request 9
1392
(1, 3, 1)
2
(55, 23)
-> Request 10
1421
(4, 3, 1)
3
(57, 55)
--> Day : 3
-> Request 0
10
(4, 1, 1)
3
(77, 58)
-> Request 1
124
(1, 2, 2)
2
(4, 66)
-> Request 2
332
(1, 1, 1)
3
(65, 52)
-> Request 3
530
(3, 1, 1)
2
(33, 54)
-> Request 4
805
(4, 1, 2)
2
(59, 16)
-> Request 5
883
(2, 3, 1)
2
(62, 55)
-> Request 6
1124
(3, 2, 2)
3
(65, 42)
-> Request 7
1164
(4, 3, 2)
1
(60, 10)
-> Request 8
1185
(1, 1, 1)
1
(6, 58)
-> Request 9
1260
(2, 2, 2)
1
(2, 76)
-> Request 10
1292
(1, 3, 2)
1
(0, 0)
-> Request 11
1342
(1, 1, 2)
3
(35, 79)
-> Request 12
1367
(2, 1, 2)
2
(65, 0)
--> Day : 4
-> Request 0
163
(2, 3, 1)
1
(67, 3)
-> Request 1
573
(4, 1, 1)
2
(66, 9)
-> Request 2
600
(3, 1, 1)
3
(18, 24)
-> Request 3
603
(3, 3, 2)
3
(26, 28)
-> Request 4
867
(1, 1, 1)
2
(78, 33)
-> Request 5
1222
(3, 3, 2)
1
(78, 62)
-> Request 6
1233
(1, 2, 1)
1
(3, 73)
-> Request 7
1244
(3, 2, 1)
3
(54, 34)
-> Request 8
1375
(1, 3, 1)
1
(19, 9)
---> Week : 39
--> Day : 0
-> Request 0
474
(2, 2, 2)
1
(79, 13)
-> Request 1
726
(3, 1, 1)
2
(50, 34)
-> Request 2
890
(4, 3, 1)
3
(33, 35)
-> Request 3
1184
(3, 3, 1)
3
(71, 63)
--> Day : 1
-> Request 0
90
(4, 1, 1)
2
(79, 64)
-> Request 1
166
(3, 3, 1)
3
(42, 68)
-> Request 2
285
(2, 2, 1)
3
(5, 65)
-> Request 3
305
(3, 3, 1)
1
(17, 55)
-> Request 4
373
(4, 1, 2)
2
(37, 75)
-> Request 5
379
(4, 1, 2)
3
(14, 46)
-> Request 6
527
(4, 1, 1)
2
(51, 10)
-> Request 7
646
(1, 1, 2)
2
(30, 52)
-> Request 8
711
(2, 1, 2)
2
(55, 77)
-> Request 9
776
(4, 1, 1)
2
(14, 22)
-> Request 10
803
(2, 2, 1)
2
(4, 9)
-> Request 11
885
(2, 1, 1)
2
(32, 38)
-> Request 12
1174
(1, 3, 1)
2
(2, 25)
-> Request 13
1268
(2, 1, 1)
2
(17, 28)
--> Day : 2
-> Request 0
337
(1, 1, 1)
2
(44, 67)
-> Request 1
593
(1, 3, 2)
1
(48, 11)
-> Request 2
889
(2, 1, 1)
3
(19, 66)
-> Request 3
1037
(1, 2, 2)
1
(0, 24)
-> Request 4
1235
(3, 3, 2)
2
(1, 45)
-> Request 5
1253
(1, 1, 1)
1
(27, 5)
--> Day : 3
-> Request 0
2
(2, 1, 1)
2
(18, 50)
-> Request 1
8
(1, 3, 1)
2
(16, 49)
-> Request 2
23
(3, 3, 2)
1
(70, 62)
-> Request 3
65
(3, 3, 1)
1
(53, 63)
-> Request 4
72
(4, 1, 1)
3
(26, 3)
-> Request 5
177
(2, 2, 2)
3
(36, 65)
-> Request 6
333
(1, 2, 2)
2
(63, 40)
-> Request 7
357
(4, 2, 1)
1
(34, 27)
-> Request 8
597
(4, 3, 2)
3
(66, 34)
-> Request 9
784
(3, 1, 1)
1
(73, 7)
-> Request 10
841
(1, 2, 2)
3
(49, 38)
-> Request 11
1027
(2, 3, 1)
2
(69, 64)
-> Request 12
1206
(3, 2, 1)
3
(26, 23)
-> Request 13
1243
(1, 2, 1)
1
(28, 65)
--> Day : 4
-> Request 0
162
(4, 3, 1)
1
(23, 55)
-> Request 1
165
(3, 2, 1)
2
(16, 62)
-> Request 2
197
(1, 2, 2)
1
(50, 60)
-> Request 3
383
(2, 3, 1)
1
(57, 6)
-> Request 4
935
(2, 2, 1)
1
(12, 3)
-> Request 5
1374
(2, 3, 2)
3
(70, 29)
---> Week : 40
--> Day : 0
-> Request 0
155
(3, 3, 1)
3
(7, 10)
-> Request 1
295
(2, 3, 2)
1
(72, 13)
-> Request 2
355
(2, 3, 1)
3
(68, 6)
-> Request 3
366
(3, 2, 2)
2
(6, 17)
-> Request 4
433
(2, 1, 2)
3
(3, 2)
-> Request 5
617
(3, 3, 1)
2
(2, 62)
-> Request 6
741
(3, 2, 1)
2
(33, 57)
-> Request 7
980
(1, 1, 1)
3
(3, 71)
-> Request 8
1123
(1, 1, 1)
2
(26, 59)
-> Request 9
1135
(3, 3, 2)
2
(2, 23)
-> Request 10
1366
(3, 1, 2)
1
(5, 0)
--> Day : 1
-> Request 0
99
(1, 3, 2)
1
(3, 77)
-> Request 1
190
(2, 3, 1)
1
(13, 60)
-> Request 2
273
(1, 2, 2)
2
(60, 75)
-> Request 3
348
(2, 1, 1)
3
(33, 54)
-> Request 4
517
(4, 2, 2)
2
(34, 31)
-> Request 5
571
(1, 2, 2)
2
(39, 41)
-> Request 6
641
(1, 3, 2)
2
(37, 68)
-> Request 7
760
(2, 3, 1)
3
(46, 20)
-> Request 8
910
(1, 3, 2)
1
(43, 29)
-> Request 9
951
(4, 1, 2)
1
(72, 10)
-> Request 10
1159
(1, 2, 1)
2
(2, 10)
-> Request 11
1230
(2, 2, 1)
2
(70, 74)
-> Request 12
1397
(4, 3, 2)
1
(70, 68)
-> Request 13
1419
(3, 3, 2)
2
(12, 13)
--> Day : 2
-> Request 0
39
(4, 3, 1)
3
(61, 74)
-> Request 1
255
(4, 2, 2)
3
(34, 14)
-> Request 2
313
(1, 1, 2)
1
(72, 38)
-> Request 3
480
(2, 1, 1)
1
(66, 66)
-> Request 4
488
(1, 1, 2)
2
(44, 76)
-> Request 5
763
(4, 1, 2)
3
(20, 20)
-> Request 6
812
(1, 2, 2)
3
(51, 13)
-> Request 7
949
(4, 3, 1)
1
(50, 64)
-> Request 8
1040
(1, 1, 2)
1
(22, 58)
-> Request 9
1110
(1, 1, 2)
2
(14, 26)
-> Request 10
1120
(2, 3, 2)
3
(1, 24)
-> Request 11
1137
(1, 2, 1)
1
(44, 50)
-> Request 12
1224
(3, 1, 1)
1
(32, 52)
-> Request 13
1322
(3, 3, 2)
1
(27, 44)
--> Day : 3
-> Request 0
71
(4, 3, 2)
2
(32, 18)
-> Request 1
78
(3, 3, 1)
2
(76, 12)
-> Request 2
193
(4, 3, 1)
2
(19, 49)
-> Request 3
444
(1, 1, 2)
3
(72, 62)
-> Request 4
447
(3, 2, 2)
1
(3, 76)
-> Request 5
523
(3, 2, 1)
3
(11, 1)
-> Request 6
593
(1, 3, 1)
1
(36, 70)
-> Request 7
668
(2, 2, 1)
2
(75, 16)
-> Request 8
684
(4, 1, 2)
1
(20, 30)
-> Request 9
797
(1, 2, 2)
2
(14, 59)
-> Request 10
1273
(3, 1, 1)
2
(12, 79)
-> Request 11
1282
(4, 1, 2)
2
(43, 23)
-> Request 12
1299
(1, 3, 2)
3
(58, 38)
-> Request 13
1339
(3, 2, 1)
3
(48, 12)
-> Request 14
1374
(2, 3, 2)
2
(70, 70)
--> Day : 4
-> Request 0
180
(3, 1, 1)
2
(46, 42)
-> Request 1
324
(3, 2, 2)
3
(51, 72)
-> Request 2
412
(3, 1, 1)
2
(29, 32)
-> Request 3
506
(2, 2, 2)
1
(31, 7)
-> Request 4
789
(3, 2, 1)
1
(43, 53)
-> Request 5
789
(3, 1, 2)
1
(55, 25)
-> Request 6
954
(2, 3, 2)
2
(7, 9)
-> Request 7
1170
(1, 3, 2)
2
(76, 8)
-> Request 8
1185
(2, 1, 1)
1
(71, 13)
---> Week : 41
--> Day : 0
-> Request 0
214
(1, 1, 2)
3
(78, 11)
-> Request 1
225
(4, 3, 1)
2
(79, 20)
-> Request 2
291
(1, 2, 2)
1
(38, 66)
-> Request 3
378
(2, 3, 2)
1
(79, 26)
-> Request 4
537
(4, 2, 1)
2
(1, 68)
-> Request 5
598
(2, 3, 2)
2
(22, 28)
-> Request 6
880
(3, 3, 1)
2
(31, 74)
-> Request 7
955
(1, 3, 2)
2
(68, 40)
-> Request 8
1132
(4, 1, 2)
2
(31, 79)
-> Request 9
1133
(3, 1, 1)
2
(77, 24)
-> Request 10
1243
(2, 2, 2)
2
(75, 51)
-> Request 11
1268
(2, 3, 1)
1
(40, 11)
-> Request 12
1275
(2, 2, 1)
2
(24, 3)
-> Request 13
1291
(1, 1, 1)
1
(18, 56)
-> Request 14
1339
(4, 1, 1)
3
(2, 36)
--> Day : 1
-> Request 0
114
(1, 1, 2)
2
(48, 64)
-> Request 1
622
(3, 1, 1)
3
(4, 15)
-> Request 2
702
(1, 2, 1)
3
(0, 36)
-> Request 3
757
(1, 2, 1)
3
(22, 71)
-> Request 4
768
(2, 3, 2)
2
(14, 20)
-> Request 5
859
(1, 3, 2)
3
(58, 10)
-> Request 6
943
(3, 3, 2)
1
(35, 73)
-> Request 7
1064
(4, 1, 2)
2
(18, 25)
-> Request 8
1305
(1, 2, 1)
3
(65, 60)
-> Request 9
1341
(1, 1, 1)
2
(60, 77)
-> Request 10
1409
(3, 3, 2)
1
(27, 55)
--> Day : 2
-> Request 0
131
(3, 2, 2)
2
(37, 73)
-> Request 1
316
(3, 2, 2)
3
(63, 76)
-> Request 2
537
(2, 2, 2)
2
(44, 34)
-> Request 3
564
(2, 2, 1)
2
(75, 7)
-> Request 4
770
(4, 3, 2)
2
(53, 49)
-> Request 5
813
(3, 3, 1)
2
(46, 3)
-> Request 6
1433
(1, 3, 2)
2
(20, 75)
--> Day : 3
-> Request 0
57
(1, 1, 1)
1
(39, 14)
-> Request 1
66
(3, 3, 1)
3
(31, 59)
-> Request 2
300
(2, 1, 1)
3
(50, 53)
-> Request 3
512
(4, 2, 2)
2
(58, 44)
-> Request 4
726
(4, 1, 2)
3
(46, 14)
-> Request 5
848
(3, 1, 1)
1
(45, 16)
-> Request 6
1132
(4, 2, 2)
1
(12, 51)
-> Request 7
1143
(1, 2, 1)
3
(62, 48)
-> Request 8
1162
(4, 1, 2)
1
(38, 48)
-> Request 9
1183
(1, 1, 2)
1
(50, 67)
-> Request 10
1222
(4, 1, 1)
2
(46, 50)
--> Day : 4
-> Request 0
242
(4, 1, 1)
1
(38, 78)
-> Request 1
418
(2, 1, 1)
3
(26, 15)
-> Request 2
652
(1, 3, 1)
1
(0, 51)
-> Request 3
889
(2, 1, 1)
3
(38, 56)
-> Request 4
1331
(1, 1, 1)
1
(77, 35)
-> Request 5
1391
(1, 3, 1)
1
(72, 78)
---> Week : 42
--> Day : 0
-> Request 0
97
(3, 2, 1)
1
(28, 15)
-> Request 1
426
(1, 1, 2)
1
(79, 20)
-> Request 2
587
(4, 2, 1)
2
(38, 36)
-> Request 3
641
(2, 3, 1)
1
(60, 35)
-> Request 4
660
(1, 2, 2)
3
(72, 34)
-> Request 5
948
(4, 3, 2)
2
(2, 48)
-> Request 6
1040
(2, 1, 2)
3
(3, 59)
-> Request 7
1355
(3, 2, 1)
2
(4, 13)
-> Request 8
1383
(1, 1, 2)
2
(45, 10)
--> Day : 1
-> Request 0
521
(2, 1, 1)
3
(6, 39)
-> Request 1
980
(1, 1, 2)
3
(52, 65)
-> Request 2
1129
(1, 1, 2)
3
(48, 4)
-> Request 3
1151
(4, 2, 2)
2
(4, 78)
-> Request 4
1281
(4, 1, 1)
3
(52, 75)
-> Request 5
1281
(4, 2, 2)
1
(18, 9)
-> Request 6
1338
(4, 2, 1)
1
(20, 33)
--> Day : 2
-> Request 0
123
(1, 1, 2)
3
(44, 29)
-> Request 1
224
(2, 3, 2)
2
(52, 62)
-> Request 2
342
(3, 3, 1)
1
(11, 26)
-> Request 3
346
(1, 3, 1)
3
(0, 38)
-> Request 4
415
(3, 3, 1)
3
(34, 29)
-> Request 5
535
(2, 3, 2)
3
(6, 79)
-> Request 6
542
(4, 3, 1)
2
(24, 38)
-> Request 7
622
(1, 3, 1)
3
(49, 6)
-> Request 8
895
(4, 2, 1)
3
(70, 75)
-> Request 9
1016
(4, 3, 2)
3
(76, 60)
-> Request 10
1246
(2, 2, 2)
2
(14, 63)
-> Request 11
1258
(1, 2, 2)
2
(13, 41)
-> Request 12
1399
(3, 1, 2)
2
(62, 74)
--> Day : 3
-> Request 0
106
(3, 2, 1)
3
(0, 77)
-> Request 1
139
(4, 1, 1)
3
(62, 67)
-> Request 2
200
(3, 1, 1)
1
(45, 18)
-> Request 3
496
(4, 1, 1)
2
(48, 8)
-> Request 4
574
(4, 3, 1)
1
(43, 72)
-> Request 5
613
(4, 3, 1)
3
(8, 12)
-> Request 6
643
(4, 3, 1)
1
(13, 17)
-> Request 7
885
(2, 2, 1)
3
(62, 8)
-> Request 8
913
(4, 3, 2)
1
(40, 34)
-> Request 9
927
(4, 3, 2)
2
(78, 68)
-> Request 10
1154
(2, 3, 2)
2
(44, 53)
-> Request 11
1264
(2, 2, 2)
2
(20, 32)
-> Request 12
1334
(1, 3, 1)
3
(53, 2)
-> Request 13
1387
(2, 2, 2)
3
(38, 11)
--> Day : 4
-> Request 0
61
(1, 3, 1)
2
(73, 5)
-> Request 1
291
(3, 3, 2)
1
(68, 68)
-> Request 2
416
(3, 1, 1)
2
(40, 1)
-> Request 3
424
(1, 2, 2)
3
(43, 11)
-> Request 4
424
(3, 3, 1)
3
(2, 29)
-> Request 5
561
(4, 3, 1)
2
(8, 20)
-> Request 6
666
(2, 2, 2)
3
(36, 78)
-> Request 7
728
(1, 3, 1)
3
(36, 25)
-> Request 8
919
(4, 1, 2)
3
(78, 1)
-> Request 9
1135
(1, 2, 2)
1
(14, 40)
-> Request 10
1216
(2, 1, 2)
2
(2, 10)
-> Request 11
1245
(3, 3, 1)
1
(46, 64)
-> Request 12
1285
(4, 3, 1)
1
(25, 11)
-> Request 13
1388
(1, 2, 2)
3
(51, 36)
-> Request 14
1390
(3, 2, 2)
1
(57, 67)
---> Week : 43
--> Day : 0
-> Request 0
23
(2, 1, 2)
2
(11, 53)
-> Request 1
162
(3, 1, 2)
1
(46, 46)
-> Request 2
170
(2, 3, 1)
1
(29, 46)
-> Request 3
191
(4, 2, 2)
2
(73, 15)
-> Request 4
241
(3, 2, 2)
3
(40, 32)
-> Request 5
341
(3, 2, 2)
2
(70, 9)
-> Request 6
491
(3, 1, 1)
3
(7, 8)
--> Day : 1
-> Request 0
56
(3, 2, 2)
2
(28, 13)
-> Request 1
67
(1, 2, 1)
2
(28, 38)
-> Request 2
354
(1, 2, 2)
3
(53, 62)
-> Request 3
412
(4, 1, 1)
1
(0, 17)
-> Request 4
428
(4, 3, 2)
3
(10, 56)
-> Request 5
529
(1, 1, 2)
2
(45, 72)
-> Request 6
678
(1, 2, 2)
2
(36, 5)
-> Request 7
733
(2, 2, 2)
3
(41, 23)
-> Request 8
858
(3, 3, 1)
1
(23, 66)
-> Request 9
941
(3, 1, 1)
1
(18, 48)
-> Request 10
1103
(4, 3, 1)
1
(70, 53)
-> Request 11
1439
(4, 2, 2)
2
(62, 68)
--> Day : 2
-> Request 0
36
(1, 2, 1)
1
(2, 28)
-> Request 1
152
(2, 2, 1)
3
(75, 41)
-> Request 2
160
(2, 2, 1)
3
(66, 36)
-> Request 3
912
(1, 2, 1)
3
(22, 38)
-> Request 4
926
(2, 1, 2)
3
(10, 37)
-> Request 5
991
(4, 3, 2)
3
(64, 15)
-> Request 6
1342
(3, 3, 1)
2
(56, 0)
-> Request 7
1351
(4, 2, 2)
1
(64, 11)
--> Day : 3
-> Request 0
67
(1, 2, 2)
2
(63, 7)
-> Request 1
243
(4, 1, 2)
2
(33, 57)
-> Request 2
245
(1, 3, 1)
2
(52, 55)
-> Request 3
403
(2, 2, 1)
3
(12, 63)
-> Request 4
569
(2, 2, 1)
2
(66, 36)
-> Request 5
805
(2, 2, 1)
1
(63, 31)
-> Request 6
897
(4, 1, 1)
3
(69, 1)
-> Request 7
918
(3, 1, 2)
3
(17, 46)
-> Request 8
919
(4, 2, 1)
2
(51, 17)
-> Request 9
1127
(3, 3, 2)
2
(24, 53)
--> Day : 4
-> Request 0
164
(2, 1, 1)
3
(35, 61)
-> Request 1
166
(4, 3, 1)
1
(33, 51)
-> Request 2
323
(1, 1, 2)
3
(18, 20)
-> Request 3
458
(4, 3, 2)
3
(59, 54)
-> Request 4
565
(2, 3, 2)
3
(12, 63)
-> Request 5
630
(4, 3, 2)
1
(55, 52)
-> Request 6
643
(3, 1, 1)
2
(48, 47)
-> Request 7
707
(4, 1, 2)
3
(41, 16)
-> Request 8
793
(2, 2, 2)
2
(79, 3)
-> Request 9
819
(1, 2, 1)
2
(37, 0)
-> Request 10
1031
(2, 2, 1)
3
(67, 74)
-> Request 11
1289
(2, 1, 1)
1
(22, 22)
-> Request 12
1379
(2, 2, 2)
3
(37, 26)
---> Week : 44
--> Day : 0
-> Request 0
34
(2, 2, 1)
3
(38, 22)
-> Request 1
145
(3, 1, 1)
3
(25, 11)
-> Request 2
330
(4, 1, 1)
1
(64, 72)
-> Request 3
391
(3, 3, 1)
2
(16, 47)
-> Request 4
422
(4, 1, 1)
1
(77, 62)
-> Request 5
517
(3, 2, 1)
3
(52, 75)
-> Request 6
749
(3, 3, 1)
3
(58, 3)
-> Request 7
1095
(1, 1, 2)
1
(70, 59)
-> Request 8
1132
(3, 2, 1)
2
(28, 41)
-> Request 9
1383
(3, 3, 2)
1
(35, 37)
--> Day : 1
-> Request 0
93
(2, 1, 1)
2
(56, 70)
-> Request 1
152
(3, 2, 2)
1
(70, 26)
-> Request 2
192
(1, 1, 2)
2
(58, 51)
-> Request 3
389
(2, 3, 1)
1
(46, 29)
-> Request 4
622
(2, 1, 1)
1
(21, 59)
-> Request 5
658
(2, 2, 2)
2
(40, 44)
-> Request 6
665
(2, 2, 1)
3
(14, 76)
-> Request 7
679
(2, 2, 2)
2
(12, 27)
-> Request 8
706
(4, 2, 2)
2
(49, 8)
-> Request 9
725
(4, 1, 1)
1
(51, 29)
-> Request 10
735
(1, 1, 2)
2
(7, 70)
-> Request 11
821
(2, 1, 2)
2
(73, 65)
-> Request 12
834
(1, 3, 2)
2
(67, 70)
-> Request 13
1141
(4, 3, 1)
3
(24, 62)
--> Day : 2
-> Request 0
73
(2, 3, 2)
3
(16, 18)
-> Request 1
109
(3, 3, 1)
2
(70, 26)
-> Request 2
270
(3, 2, 2)
1
(62, 46)
-> Request 3
342
(4, 1, 2)
1
(48, 3)
-> Request 4
458
(3, 2, 2)
3
(8, 38)
-> Request 5
497
(3, 1, 2)
2
(65, 23)
-> Request 6
740
(1, 3, 2)
3
(8, 72)
-> Request 7
1021
(4, 1, 2)
2
(4, 64)
--> Day : 3
-> Request 0
7
(1, 2, 1)
2
(29, 66)
-> Request 1
258
(2, 2, 2)
2
(66, 45)
-> Request 2
339
(3, 2, 1)
2
(7, 4)
-> Request 3
435
(3, 3, 2)
1
(54, 71)
-> Request 4
440
(3, 2, 1)
3
(52, 12)
-> Request 5
443
(4, 2, 1)
3
(12, 32)
-> Request 6
450
(2, 1, 1)
2
(38, 44)
-> Request 7
526
(4, 3, 2)
1
(38, 73)
-> Request 8
540
(4, 1, 1)
3
(35, 0)
-> Request 9
549
(3, 1, 1)
1
(74, 29)
-> Request 10
680
(3, 3, 2)
1
(16, 49)
-> Request 11
736
(3, 2, 2)
1
(22, 76)
-> Request 12
1013
(3, 1, 2)
2
(43, 39)
-> Request 13
1082
(2, 3, 1)
3
(53, 47)
-> Request 14
1269
(1, 3, 2)
3
(8, 47)
-> Request 15
1307
(2, 2, 2)
3
(53, 21)
-> Request 16
1363
(2, 1, 1)
3
(38, 64)
--> Day : 4
-> Request 0
15
(2, 3, 2)
2
(2, 73)
-> Request 1
301
(3, 3, 2)
1
(41, 70)
-> Request 2
396
(2, 1, 1)
1
(29, 2)
-> Request 3
559
(4, 1, 1)
2
(6, 26)
-> Request 4
591
(4, 3, 1)
1
(39, 12)
-> Request 5
641
(4, 1, 2)
2
(44, 61)
-> Request 6
864
(2, 3, 2)
3
(33, 61)
-> Request 7
1325
(4, 1, 2)
1
(64, 31)
---> Week : 45
--> Day : 0
-> Request 0
156
(2, 2, 2)
1
(41, 21)
-> Request 1
432
(3, 2, 1)
1
(30, 2)
-> Request 2
756
(2, 3, 1)
2
(76, 48)
-> Request 3
1084
(4, 3, 1)
1
(59, 51)
-> Request 4
1301
(3, 2, 2)
1
(64, 10)
-> Request 5
1399
(3, 2, 1)
2
(2, 28)
--> Day : 1
-> Request 0
97
(4, 3, 1)
3
(18, 22)
-> Request 1
139
(4, 1, 1)
3
(48, 54)
-> Request 2
216
(4, 2, 1)
3
(52, 26)
-> Request 3
945
(2, 1, 1)
3
(77, 68)
-> Request 4
1159
(1, 3, 1)
2
(27, 9)
-> Request 5
1294
(1, 1, 2)
2
(11, 62)
-> Request 6
1354
(1, 2, 2)
1
(23, 14)
--> Day : 2
-> Request 0
77
(2, 1, 2)
1
(3, 75)
-> Request 1
577
(1, 3, 1)
1
(35, 64)
-> Request 2
765
(4, 3, 2)
1
(13, 64)
-> Request 3
963
(2, 1, 1)
3
(17, 65)
-> Request 4
1063
(1, 2, 2)
2
(40, 12)
-> Request 5
1216
(2, 2, 1)
2
(9, 54)
-> Request 6
1256
(1, 1, 1)
1
(40, 1)
--> Day : 3
-> Request 0
40
(4, 3, 2)
1
(36, 19)
-> Request 1
129
(4, 2, 2)
1
(59, 43)
-> Request 2
228
(1, 1, 2)
3
(45, 43)
-> Request 3
273
(4, 3, 2)
3
(68, 10)
-> Request 4
367
(1, 3, 2)
1
(4, 73)
-> Request 5
413
(3, 1, 1)
2
(10, 72)
-> Request 6
515
(2, 2, 2)
2
(29, 73)
-> Request 7
646
(3, 3, 1)
1
(29, 42)
-> Request 8
654
(2, 2, 1)
3
(52, 22)
-> Request 9
657
(3, 2, 2)
3
(4, 71)
-> Request 10
678
(3, 3, 2)
3
(60, 2)
-> Request 11
760
(2, 1, 1)
2
(51, 33)
--> Day : 4
-> Request 0
133
(2, 3, 2)
3
(13, 14)
-> Request 1
180
(4, 1, 1)
2
(50, 46)
-> Request 2
190
(2, 2, 1)
2
(1, 0)
-> Request 3
297
(1, 1, 2)
3
(8, 44)
-> Request 4
315
(2, 1, 2)
1
(44, 27)
-> Request 5
411
(3, 2, 2)
2
(48, 6)
-> Request 6
506
(1, 3, 1)
1
(79, 9)
-> Request 7
819
(3, 2, 1)
3
(12, 67)
-> Request 8
1010
(2, 3, 1)
2
(66, 13)
-> Request 9
1271
(3, 3, 2)
1
(2, 35)
-> Request 10
1282
(2, 1, 1)
2
(58, 29)
-> Request 11
1365
(4, 3, 1)
2
(34, 40)
---> Week : 46
--> Day : 0
-> Request 0
35
(1, 3, 1)
3
(24, 34)
-> Request 1
199
(3, 2, 1)
3
(37, 5)
-> Request 2
230
(2, 2, 1)
2
(74, 53)
-> Request 3
232
(3, 1, 1)
3
(69, 53)
-> Request 4
345
(2, 2, 1)
3
(1, 66)
-> Request 5
477
(1, 2, 1)
3
(78, 70)
-> Request 6
663
(2, 1, 2)
1
(20, 8)
-> Request 7
681
(1, 3, 1)
1
(65, 74)
-> Request 8
934
(1, 3, 2)
1
(42, 22)
-> Request 9
1185
(3, 3, 2)
3
(58, 35)
-> Request 10
1284
(4, 1, 1)
2
(45, 20)
-> Request 11
1376
(2, 3, 2)
2
(34, 70)
--> Day : 1
-> Request 0
105
(2, 1, 2)
1
(20, 6)
-> Request 1
253
(2, 1, 2)
3
(21, 40)
-> Request 2
419
(2, 3, 2)
1
(68, 43)
-> Request 3
627
(4, 2, 1)
3
(62, 23)
-> Request 4
700
(3, 1, 2)
3
(76, 2)
-> Request 5
775
(3, 1, 1)
3
(75, 48)
-> Request 6
1229
(4, 1, 2)
2
(53, 20)
-> Request 7
1250
(3, 2, 2)
3
(2, 29)
-> Request 8
1258
(1, 1, 2)
3
(62, 12)
--> Day : 2
-> Request 0
326
(2, 3, 2)
1
(44, 3)
-> Request 1
344
(1, 3, 1)
2
(54, 62)
-> Request 2
411
(4, 1, 2)
3
(73, 42)
-> Request 3
489
(1, 2, 1)
2
(53, 10)
-> Request 4
540
(4, 3, 1)
3
(57, 24)
-> Request 5
579
(4, 3, 2)
3
(7, 37)
-> Request 6
645
(1, 3, 2)
1
(34, 8)
-> Request 7
698
(4, 1, 2)
2
(68, 52)
-> Request 8
745
(1, 3, 2)
3
(31, 46)
-> Request 9
769
(3, 1, 1)
3
(79, 65)
-> Request 10
828
(1, 2, 1)
2
(3, 64)
-> Request 11
912
(1, 1, 2)
3
(10, 63)
-> Request 12
986
(2, 3, 1)
1
(4, 39)
-> Request 13
1033
(2, 3, 2)
2
(18, 79)
--> Day : 3
-> Request 0
175
(3, 2, 2)
2
(26, 35)
-> Request 1
306
(4, 2, 2)
2
(77, 11)
-> Request 2
587
(3, 3, 1)
2
(16, 16)
-> Request 3
732
(2, 3, 2)
3
(0, 73)
-> Request 4
850
(3, 1, 1)
2
(45, 15)
-> Request 5
1036
(3, 2, 1)
3
(57, 43)
-> Request 6
1116
(2, 1, 1)
2
(47, 17)
-> Request 7
1438
(1, 1, 2)
1
(4, 3)
--> Day : 4
-> Request 0
19
(4, 2, 2)
1
(58, 72)
-> Request 1
126
(1, 3, 2)
2
(42, 69)
-> Request 2
327
(4, 1, 1)
2
(37, 10)
-> Request 3
337
(1, 2, 2)
2
(44, 8)
-> Request 4
380
(4, 2, 2)
1
(52, 69)
-> Request 5
665
(4, 3, 2)
3
(53, 20)
-> Request 6
679
(4, 2, 2)
2
(49, 61)
-> Request 7
1027
(2, 3, 2)
3
(78, 30)
-> Request 8
1332
(1, 2, 1)
2
(19, 17)
-> Request 9
1380
(4, 3, 1)
1
(31, 44)
---> Week : 47
--> Day : 0
-> Request 0
166
(3, 1, 2)
3
(31, 3)
-> Request 1
191
(3, 3, 1)
3
(61, 40)
-> Request 2
287
(3, 3, 1)
1
(10, 11)
-> Request 3
564
(3, 2, 2)
2
(23, 27)
-> Request 4
583
(1, 1, 1)
2
(31, 74)
-> Request 5
661
(3, 1, 1)
1
(21, 77)
-> Request 6
707
(1, 2, 2)
3
(68, 75)
-> Request 7
708
(2, 2, 1)
2
(42, 56)
-> Request 8
787
(4, 2, 2)
1
(42, 5)
-> Request 9
820
(1, 2, 2)
3
(65, 30)
-> Request 10
872
(4, 3, 2)
2
(9, 46)
-> Request 11
1068
(4, 3, 1)
3
(44, 25)
-> Request 12
1265
(4, 3, 1)
2
(41, 22)
-> Request 13
1387
(2, 2, 2)
2
(78, 66)
-> Request 14
1436
(2, 2, 2)
1
(42, 69)
--> Day : 1
-> Request 0
260
(3, 1, 1)
2
(46, 48)
-> Request 1
437
(2, 1, 2)
1
(71, 25)
-> Request 2
479
(4, 3, 1)
1
(47, 13)
-> Request 3
503
(4, 1, 1)
2
(69, 13)
-> Request 4
539
(3, 1, 1)
3
(21, 47)
-> Request 5
568
(4, 1, 2)
3
(10, 35)
-> Request 6
587
(4, 3, 2)
1
(43, 79)
-> Request 7
683
(4, 2, 2)
3
(29, 33)
-> Request 8
1251
(1, 1, 1)
2
(43, 6)
-> Request 9
1416
(4, 1, 1)
2
(49, 48)
--> Day : 2
-> Request 0
128
(4, 1, 1)
1
(14, 8)
-> Request 1
141
(4, 2, 2)
2
(17, 64)
-> Request 2
155
(1, 1, 2)
3
(72, 0)
-> Request 3
264
(2, 1, 2)
1
(58, 59)
-> Request 4
281
(1, 3, 1)
3
(32, 64)
-> Request 5
290
(4, 2, 2)
1
(78, 54)
-> Request 6
634
(1, 1, 2)
2
(55, 79)
-> Request 7
1187
(1, 3, 1)
2
(4, 17)
-> Request 8
1326
(1, 1, 2)
3
(21, 2)
--> Day : 3
-> Request 0
355
(2, 2, 2)
2
(71, 24)
-> Request 1
369
(3, 2, 2)
2
(9, 19)
-> Request 2
376
(1, 3, 1)
3
(40, 36)
-> Request 3
744
(3, 3, 1)
2
(45, 70)
-> Request 4
782
(3, 3, 2)
2
(1, 32)
-> Request 5
972
(4, 1, 1)
2
(54, 2)
-> Request 6
1199
(1, 3, 2)
3
(7, 70)
-> Request 7
1228
(1, 3, 2)
3
(12, 22)
-> Request 8
1415
(4, 2, 1)
1
(1, 75)
--> Day : 4
-> Request 0
129
(2, 2, 1)
3
(73, 57)
-> Request 1
248
(2, 3, 2)
3
(42, 38)
-> Request 2
306
(4, 3, 1)
3
(25, 49)
-> Request 3
731
(2, 1, 2)
1
(3, 6)
-> Request 4
739
(4, 1, 2)
3
(8, 32)
-> Request 5
741
(2, 3, 2)
3
(65, 73)
-> Request 6
801
(4, 2, 2)
2
(27, 59)
-> Request 7
1186
(2, 3, 1)
2
(67, 46)
-> Request 8
1421
(1, 2, 2)
1
(12, 12)
-> Request 9
1428
(1, 3, 1)
2
(78, 68)
---> Week : 48
--> Day : 0
-> Request 0
117
(4, 2, 1)
2
(8, 12)
-> Request 1
392
(3, 1, 1)
2
(16, 20)
-> Request 2
522
(4, 2, 2)
2
(76, 20)
-> Request 3
913
(4, 3, 2)
3
(59, 66)
-> Request 4
1080
(2, 3, 1)
2
(23, 5)
-> Request 5
1207
(2, 1, 1)
3
(76, 70)
-> Request 6
1239
(2, 1, 2)
1
(56, 75)
--> Day : 1
-> Request 0
99
(3, 1, 1)
3
(52, 17)
-> Request 1
121
(4, 2, 2)
2
(65, 22)
-> Request 2
130
(2, 2, 1)
2
(4, 20)
-> Request 3
288
(2, 2, 1)
2
(43, 39)
-> Request 4
393
(3, 1, 2)
3
(6, 77)
-> Request 5
523
(4, 3, 1)
2
(14, 42)
-> Request 6
612
(1, 1, 2)
3
(79, 62)
-> Request 7
832
(3, 2, 2)
2
(5, 50)
-> Request 8
1004
(4, 3, 1)
2
(40, 37)
-> Request 9
1230
(3, 1, 2)
2
(22, 53)
--> Day : 2
-> Request 0
168
(1, 2, 1)
3
(39, 76)
-> Request 1
308
(1, 3, 2)
3
(46, 63)
-> Request 2
412
(1, 3, 2)
1
(44, 8)
-> Request 3
683
(4, 2, 2)
2
(29, 17)
-> Request 4
881
(1, 2, 1)
1
(68, 66)
-> Request 5
947
(1, 2, 2)
3
(43, 11)
-> Request 6
1045
(1, 1, 1)
1
(54, 60)
-> Request 7
1142
(4, 2, 2)
2
(6, 75)
--> Day : 3
-> Request 0
176
(2, 1, 1)
3
(1, 69)
-> Request 1
361
(1, 2, 2)
2
(73, 32)
-> Request 2
615
(3, 3, 2)
3
(66, 68)
-> Request 3
717
(4, 3, 1)
3
(44, 32)
-> Request 4
738
(4, 1, 1)
2
(32, 18)
-> Request 5
832
(3, 2, 1)
2
(29, 47)
-> Request 6
849
(4, 2, 2)
1
(27, 75)
-> Request 7
1122
(3, 1, 1)
2
(35, 40)
-> Request 8
1150
(2, 2, 1)
3
(23, 45)
-> Request 9
1215
(2, 3, 1)
2
(53, 41)
--> Day : 4
-> Request 0
3
(1, 3, 2)
2
(7, 28)
-> Request 1
195
(2, 1, 1)
2
(56, 36)
-> Request 2
249
(4, 3, 1)
3
(51, 1)
-> Request 3
436
(3, 3, 2)
1
(15, 16)
-> Request 4
624
(4, 2, 2)
2
(33, 64)
-> Request 5
677
(1, 3, 1)
1
(11, 29)
-> Request 6
1039
(2, 2, 2)
3
(68, 37)
-> Request 7
1206
(3, 3, 2)
2
(40, 30)
-> Request 8
1284
(4, 3, 2)
3
(43, 58)
---> Week : 49
--> Day : 0
-> Request 0
12
(2, 1, 1)
2
(40, 6)
-> Request 1
43
(1, 3, 1)
3
(49, 68)
-> Request 2
191
(1, 1, 2)
1
(3, 69)
-> Request 3
266
(1, 3, 1)
3
(63, 61)
-> Request 4
471
(3, 1, 2)
3
(59, 51)
-> Request 5
727
(1, 1, 2)
3
(73, 6)
-> Request 6
968
(2, 3, 1)
3
(42, 13)
-> Request 7
1104
(2, 1, 2)
1
(75, 26)
-> Request 8
1144
(4, 3, 2)
3
(41, 49)
-> Request 9
1193
(4, 1, 1)
1
(22, 45)
-> Request 10
1411
(2, 3, 2)
1
(2, 24)
-> Request 11
1420
(1, 3, 1)
2
(57, 67)
--> Day : 1
-> Request 0
16
(2, 2, 1)
3
(42, 17)
-> Request 1
265
(1, 3, 2)
2
(66, 29)
-> Request 2
353
(4, 1, 2)
1
(45, 41)
-> Request 3
827
(2, 3, 1)
3
(6, 57)
-> Request 4
902
(4, 3, 2)
3
(2, 48)
-> Request 5
1010
(3, 1, 2)
2
(54, 34)
-> Request 6
1149
(2, 2, 2)
3
(33, 37)
-> Request 7
1223
(3, 3, 2)
3
(78, 8)
-> Request 8
1229
(3, 2, 2)
3
(56, 60)
-> Request 9
1354
(3, 2, 2)
1
(62, 46)
--> Day : 2
-> Request 0
45
(4, 2, 2)
3
(18, 49)
-> Request 1
102
(3, 3, 2)
3
(22, 61)
-> Request 2
238
(1, 2, 2)
2
(76, 72)
-> Request 3
423
(4, 1, 1)
2
(44, 35)
-> Request 4
561
(4, 1, 2)
1
(14, 14)
-> Request 5
734
(3, 2, 1)
1
(35, 8)
-> Request 6
995
(2, 2, 2)
3
(9, 3)
-> Request 7
1004
(2, 2, 1)
3
(65, 54)
-> Request 8
1384
(4, 3, 1)
1
(14, 46)
--> Day : 3
-> Request 0
230
(4, 2, 2)
1
(48, 73)
-> Request 1
360
(1, 2, 1)
1
(38, 10)
-> Request 2
533
(4, 2, 2)
3
(17, 44)
-> Request 3
1004
(1, 1, 2)
2
(22, 19)
-> Request 4
1114
(2, 2, 1)
2
(65, 32)
-> Request 5
1214
(4, 2, 2)
3
(30, 19)
-> Request 6
1341
(3, 1, 2)
2
(50, 56)
-> Request 7
1342
(2, 3, 1)
3
(78, 32)
--> Day : 4
-> Request 0
110
(4, 1, 2)
3
(74, 72)
-> Request 1
222
(2, 2, 2)
3
(78, 12)
-> Request 2
231
(3, 2, 1)
3
(25, 44)
-> Request 3
235
(1, 1, 1)
3
(54, 56)
-> Request 4
603
(1, 3, 1)
3
(71, 1)
-> Request 5
608
(1, 1, 2)
1
(19, 4)
-> Request 6
617
(4, 3, 1)
1
(38, 5)
-> Request 7
756
(1, 1, 2)
1
(63, 69)
-> Request 8
869
(1, 2, 1)
1
(60, 68)
-> Request 9
882
(4, 2, 2)
2
(79, 16)
-> Request 10
971
(3, 2, 1)
1
(51, 60)
-> Request 11
973
(4, 2, 2)
3
(38, 27)
-> Request 12
1029
(2, 3, 2)
3
(10, 50)
-> Request 13
1096
(2, 1, 2)
1
(42, 0)
-> Request 14
1283
(2, 3, 2)
2
(75, 77)
-> Request 15
1358
(4, 1, 2)
3
(37, 44)
---> Week : 50
--> Day : 0
-> Request 0
91
(1, 2, 2)
1
(65, 20)
-> Request 1
127
(3, 1, 1)
2
(57, 75)
-> Request 2
131
(3, 2, 1)
2
(1, 35)
-> Request 3
197
(2, 3, 1)
2
(1, 9)
-> Request 4
280
(2, 3, 2)
3
(45, 58)
-> Request 5
594
(4, 2, 1)
3
(46, 12)
-> Request 6
867
(4, 1, 2)
1
(35, 26)
-> Request 7
978
(4, 2, 1)
3
(64, 36)
-> Request 8
1155
(2, 3, 1)
3
(10, 50)
--> Day : 1
-> Request 0
44
(1, 1, 1)
3
(70, 66)
-> Request 1
63
(1, 2, 2)
3
(79, 40)
-> Request 2
73
(1, 1, 1)
1
(61, 65)
-> Request 3
117
(3, 3, 1)
3
(47, 23)
-> Request 4
219
(1, 1, 2)
1
(72, 75)
-> Request 5
334
(2, 1, 1)
1
(29, 4)
-> Request 6
659
(4, 1, 1)
3
(73, 46)
-> Request 7
954
(2, 3, 1)
1
(40, 45)
-> Request 8
971
(4, 1, 2)
3
(66, 32)
-> Request 9
989
(4, 1, 1)
2
(62, 73)
-> Request 10
1233
(2, 2, 1)
3
(38, 73)
-> Request 11
1286
(4, 1, 2)
3
(70, 67)
--> Day : 2
-> Request 0
72
(3, 1, 1)
1
(56, 3)
-> Request 1
593
(1, 3, 1)
2
(67, 2)
-> Request 2
773
(1, 2, 2)
1
(41, 1)
-> Request 3
848
(2, 3, 1)
3
(9, 8)
-> Request 4
1059
(2, 3, 2)
3
(43, 22)
-> Request 5
1071
(4, 2, 1)
1
(59, 34)
-> Request 6
1108
(2, 1, 2)
2
(64, 77)
--> Day : 3
-> Request 0
7
(4, 3, 1)
1
(50, 48)
-> Request 1
217
(1, 1, 1)
1
(78, 79)
-> Request 2
334
(4, 3, 1)
2
(56, 35)
-> Request 3
340
(2, 3, 2)
3
(61, 70)
-> Request 4
525
(3, 3, 1)
1
(60, 27)
-> Request 5
656
(1, 3, 1)
2
(57, 31)
-> Request 6
833
(1, 1, 1)
1
(32, 13)
-> Request 7
869
(1, 3, 1)
2
(62, 58)
-> Request 8
890
(1, 3, 1)
3
(47, 66)
-> Request 9
1174
(4, 3, 2)
2
(6, 23)
-> Request 10
1402
(4, 2, 1)
1
(30, 78)
-> Request 11
1439
(1, 3, 2)
3
(0, 77)
--> Day : 4
-> Request 0
67
(2, 2, 1)
3
(62, 12)
-> Request 1
543
(4, 3, 2)
2
(40, 51)
-> Request 2
769
(1, 1, 2)
3
(37, 30)
-> Request 3
860
(1, 2, 2)
2
(12, 79)
-> Request 4
871
(2, 3, 1)
3
(12, 19)
-> Request 5
902
(4, 2, 1)
1
(58, 8)
-> Request 6
979
(1, 3, 1)
1
(28, 36)
-> Request 7
1036
(1, 3, 1)
2
(7, 34)
-> Request 8
1046
(3, 2, 1)
2
(8, 15)
-> Request 9
1070
(1, 1, 2)
1
(60, 69)
-> Request 10
1240
(2, 2, 2)
2
(46, 9)
-> Request 11
1246
(3, 3, 1)
1
(38, 3)
-> Request 12
1428
(2, 2, 1)
1
(4, 62)
-> Request 13
1439
(2, 3, 2)
1
(56, 19)
---> Week : 51
--> Day : 0
-> Request 0
5
(3, 3, 1)
3
(49, 39)
-> Request 1
102
(1, 1, 1)
3
(20, 31)
-> Request 2
345
(3, 2, 2)
2
(13, 72)
-> Request 3
374
(4, 3, 2)
1
(76, 24)
-> Request 4
469
(2, 2, 2)
2
(12, 42)
-> Request 5
582
(3, 1, 2)
1
(65, 53)
-> Request 6
879
(1, 3, 2)
1
(66, 32)
-> Request 7
899
(1, 3, 1)
2
(51, 59)
-> Request 8
982
(2, 3, 2)
3
(37, 28)
-> Request 9
987
(2, 2, 2)
3
(45, 2)
-> Request 10
1045
(4, 3, 2)
2
(33, 30)
-> Request 11
1116
(1, 3, 1)
3
(55, 27)
--> Day : 1
-> Request 0
219
(1, 2, 2)
1
(72, 16)
-> Request 1
410
(4, 2, 1)
1
(76, 6)
-> Request 2
411
(3, 3, 2)
3
(70, 29)
-> Request 3
412
(2, 3, 2)
2
(16, 21)
-> Request 4
1148
(1, 3, 1)
2
(64, 31)
-> Request 5
1409
(3, 1, 2)
3
(21, 65)
--> Day : 2
-> Request 0
4
(4, 3, 1)
1
(14, 43)
-> Request 1
25
(2, 2, 2)
3
(61, 37)
-> Request 2
100
(4, 3, 2)
3
(44, 19)
-> Request 3
167
(1, 3, 2)
3
(72, 68)
-> Request 4
214
(4, 1, 1)
3
(14, 26)
-> Request 5
216
(4, 2, 1)
3
(50, 4)
-> Request 6
235
(1, 2, 2)
1
(16, 41)
-> Request 7
499
(4, 2, 1)
1
(13, 17)
-> Request 8
1200
(1, 3, 2)
1
(64, 21)
--> Day : 3
-> Request 0
133
(3, 1, 2)
1
(21, 61)
-> Request 1
384
(3, 2, 2)
3
(23, 58)
-> Request 2
415
(3, 2, 2)
2
(12, 70)
-> Request 3
872
(2, 3, 2)
3
(62, 60)
-> Request 4
875
(4, 1, 1)
2
(22, 55)
-> Request 5
1136
(2, 3, 2)
3
(9, 0)
--> Day : 4
-> Request 0
177
(3, 3, 1)
3
(22, 39)
-> Request 1
1156
(3, 1, 2)
3
(31, 68)
-> Request 2
1386
(3, 1, 1)
1
(22, 45)
-> Request 3
1415
(2, 3, 2)
3
(77, 0)
---> Week : 52
--> Day : 0
-> Request 0
161
(3, 3, 1)
2
(15, 12)
-> Request 1
255
(3, 3, 1)
3
(4, 36)
-> Request 2
386
(1, 2, 1)
2
(24, 73)
-> Request 3
427
(1, 1, 1)
1
(24, 70)
-> Request 4
538
(1, 3, 2)
3
(5, 39)
-> Request 5
614
(1, 2, 1)
1
(36, 49)
-> Request 6
632
(3, 3, 1)
2
(15, 15)
-> Request 7
671
(4, 2, 1)
2
(1, 23)
-> Request 8
728
(4, 2, 2)
3
(73, 2)
-> Request 9
1076
(2, 3, 2)
2
(8, 11)
-> Request 10
1439
(2, 1, 2)
3
(69, 60)
--> Day : 1
-> Request 0
127
(2, 2, 2)
3
(75, 6)
-> Request 1
169
(2, 3, 2)
3
(14, 9)
-> Request 2
255
(2, 3, 2)
1
(3, 29)
-> Request 3
524
(1, 2, 2)
3
(54, 34)
-> Request 4
573
(2, 2, 2)
2
(8, 28)
-> Request 5
670
(2, 2, 2)
3
(11, 60)
-> Request 6
819
(1, 2, 2)
2
(62, 72)
-> Request 7
1034
(2, 2, 1)
2
(37, 58)
-> Request 8
1178
(3, 2, 1)
3
(2, 29)
--> Day : 2
-> Request 0
212
(3, 2, 1)
1
(7, 59)
-> Request 1
274
(3, 1, 2)
1
(70, 13)
-> Request 2
291
(4, 1, 1)
2
(78, 1)
-> Request 3
409
(2, 1, 2)
1
(56, 18)
-> Request 4
564
(1, 3, 2)
1
(35, 0)
-> Request 5
643
(4, 1, 2)
3
(71, 55)
-> Request 6
700
(2, 3, 1)
3
(30, 59)
-> Request 7
935
(1, 3, 1)
1
(3, 76)
-> Request 8
1015
(2, 1, 1)
2
(14, 74)
-> Request 9
1147
(2, 3, 1)
3
(13, 30)
-> Request 10
1288
(1, 1, 1)
1
(61, 17)
-> Request 11
1312
(2, 3, 1)
1
(41, 34)
-> Request 12
1318
(2, 3, 1)
2
(78, 36)
--> Day : 3
-> Request 0
198
(2, 1, 2)
1
(0, 48)
-> Request 1
216
(4, 2, 1)
3
(12, 61)
-> Request 2
342
(1, 1, 1)
2
(70, 0)
-> Request 3
558
(2, 2, 2)
3
(4, 50)
-> Request 4
592
(1, 2, 2)
3
(71, 74)
-> Request 5
708
(4, 3, 2)
1
(59, 25)
-> Request 6
781
(2, 1, 2)
3
(12, 50)
-> Request 7
861
(1, 3, 2)
1
(9, 20)
-> Request 8
954
(2, 2, 1)
3
(59, 48)
-> Request 9
1352
(2, 2, 2)
2
(25, 22)
-> Request 10
1378
(2, 1, 1)
2
(35, 62)
--> Day : 4
-> Request 0
148
(1, 2, 2)
2
(32, 49)
-> Request 1
416
(1, 2, 2)
3
(1, 11)
-> Request 2
859
(4, 1, 1)
2
(32, 72)
-> Request 3
877
(2, 1, 2)
1
(60, 63)
-> Request 4
889
(4, 2, 1)
2
(30, 50)
-> Request 5
987
(4, 1, 2)
2
(51, 13)
-> Request 6
1162
(1, 3, 2)
2
(52, 25)
---> Week : 53
--> Day : 0
-> Request 0
111
(4, 2, 1)
1
(13, 53)
-> Request 1
491
(1, 3, 1)
1
(15, 75)
-> Request 2
766
(2, 1, 2)
1
(26, 59)
-> Request 3
803
(3, 1, 1)
1
(64, 40)
-> Request 4
998
(2, 2, 1)
3
(16, 69)
-> Request 5
1217
(2, 3, 2)
2
(72, 16)
-> Request 6
1426
(1, 2, 2)
1
(8, 60)
--> Day : 1
-> Request 0
327
(3, 2, 2)
2
(35, 10)
-> Request 1
341
(1, 3, 1)
3
(17, 77)
-> Request 2
383
(1, 2, 1)
2
(15, 2)
-> Request 3
407
(1, 1, 2)
2
(34, 51)
-> Request 4
535
(4, 3, 2)
1
(42, 16)
-> Request 5
981
(3, 2, 1)
1
(13, 40)
-> Request 6
1173
(3, 2, 2)
3
(21, 61)
-> Request 7
1238
(3, 1, 1)
2
(73, 75)
--> Day : 2
-> Request 0
95
(1, 2, 1)
3
(64, 55)
-> Request 1
152
(3, 2, 1)
3
(48, 57)
-> Request 2
454
(3, 3, 1)
2
(20, 29)
-> Request 3
466
(1, 2, 2)
1
(2, 2)
-> Request 4
483
(4, 3, 2)
2
(5, 15)
-> Request 5
552
(1, 1, 2)
3
(73, 2)
-> Request 6
735
(2, 1, 2)
3
(16, 20)
-> Request 7
805
(3, 3, 1)
1
(46, 44)
-> Request 8
969
(1, 2, 1)
2
(41, 4)
-> Request 9
975
(2, 2, 2)
3
(77, 50)
-> Request 10
1000
(4, 1, 1)
1
(65, 39)
--> Day : 3
-> Request 0
78
(2, 3, 2)
1
(59, 28)
-> Request 1
528
(1, 2, 1)
3
(18, 21)
-> Request 2
547
(1, 2, 2)
1
(54, 52)
-> Request 3
560
(1, 3, 1)
1
(30, 21)
-> Request 4
616
(4, 3, 1)
2
(10, 12)
-> Request 5
631
(1, 3, 1)
3
(50, 8)
-> Request 6
1084
(2, 2, 2)
2
(51, 64)
-> Request 7
1218
(4, 2, 1)
1
(18, 15)
-> Request 8
1299
(4, 3, 2)
3
(53, 40)
--> Day : 4
-> Request 0
90
(4, 3, 2)
1
(66, 67)
-> Request 1
154
(2, 3, 2)
3
(66, 29)
-> Request 2
217
(4, 3, 1)
2
(28, 25)
-> Request 3
263
(4, 2, 2)
2
(28, 18)
-> Request 4
304
(3, 2, 1)
3
(26, 35)
-> Request 5
468
(3, 3, 2)
1
(71, 48)
-> Request 6
635
(4, 3, 2)
1
(50, 26)
-> Request 7
790
(2, 1, 2)
1
(16, 5)
---> Week : 54
--> Day : 0
-> Request 0
481
(2, 3, 1)
1
(4, 18)
-> Request 1
749
(1, 1, 2)
2
(64, 78)
-> Request 2
1264
(3, 3, 2)
3
(0, 59)
-> Request 3
1297
(1, 2, 1)
3
(61, 32)
-> Request 4
1331
(4, 1, 2)
3
(10, 11)
-> Request 5
1410
(2, 2, 1)
3
(20, 62)
--> Day : 1
-> Request 0
533
(1, 3, 2)
3
(3, 17)
-> Request 1
548
(3, 3, 1)
2
(75, 66)
-> Request 2
711
(3, 2, 2)
3
(66, 55)
-> Request 3
1026
(1, 3, 2)
3
(30, 69)
-> Request 4
1123
(2, 2, 1)
3
(59, 74)
-> Request 5
1212
(1, 2, 1)
2
(38, 12)
-> Request 6
1255
(1, 1, 2)
2
(29, 79)
--> Day : 2
-> Request 0
146
(4, 1, 1)
2
(14, 50)
-> Request 1
211
(4, 1, 2)
3
(62, 64)
-> Request 2
318
(1, 1, 2)
2
(72, 59)
-> Request 3
338
(4, 2, 1)
3
(62, 27)
-> Request 4
455
(1, 1, 2)
3
(72, 19)
-> Request 5
624
(2, 1, 1)
2
(29, 50)
-> Request 6
734
(4, 3, 1)
3
(28, 17)
-> Request 7
829
(3, 3, 1)
2
(16, 48)
-> Request 8
1026
(3, 1, 2)
1
(59, 36)
-> Request 9
1188
(1, 3, 1)
3
(30, 63)
-> Request 10
1251
(2, 3, 2)
3
(40, 12)
-> Request 11
1398
(1, 1, 2)
1
(74, 22)
-> Request 12
1421
(2, 2, 2)
3
(59, 28)
--> Day : 3
-> Request 0
172
(4, 1, 2)
2
(38, 28)
-> Request 1
299
(1, 2, 2)
1
(65, 36)
-> Request 2
304
(1, 3, 1)
3
(68, 36)
-> Request 3
570
(2, 2, 2)
2
(49, 33)
-> Request 4
794
(4, 3, 2)
2
(42, 19)
-> Request 5
1014
(4, 2, 1)
2
(59, 33)
-> Request 6
1435
(1, 1, 2)
2
(49, 71)
--> Day : 4
-> Request 0
160
(4, 1, 2)
3
(30, 7)
-> Request 1
206
(2, 3, 2)
1
(60, 49)
-> Request 2
467
(3, 3, 2)
1
(78, 45)
-> Request 3
528
(1, 2, 1)
3
(11, 49)
-> Request 4
667
(1, 1, 2)
1
(60, 35)
-> Request 5
705
(3, 1, 2)
3
(9, 60)
-> Request 6
776
(2, 2, 2)
2
(18, 61)
-> Request 7
806
(4, 1, 2)
3
(6, 71)
-> Request 8
930
(3, 1, 2)
1
(15, 16)
-> Request 9
982
(3, 2, 1)
2
(43, 46)
-> Request 10
1141
(1, 2, 2)
1
(19, 77)
-> Request 11
1141
(1, 3, 2)
3
(20, 54)
-> Request 12
1250
(3, 3, 2)
2
(28, 11)
-> Request 13
1333
(1, 2, 2)
1
(10, 39)
-> Request 14
1377
(1, 1, 2)
1
(18, 31)
-> Request 15
1410
(2, 1, 2)
1
(12, 75)
---> Week : 55
--> Day : 0
-> Request 0
8
(1, 2, 2)
2
(6, 26)
-> Request 1
42
(4, 1, 2)
2
(53, 34)
-> Request 2
150
(4, 1, 1)
3
(63, 74)
-> Request 3
203
(4, 3, 1)
1
(41, 39)
-> Request 4
314
(4, 1, 1)
2
(5, 54)
-> Request 5
465
(3, 2, 2)
3
(39, 16)
-> Request 6
504
(2, 2, 2)
2
(10, 1)
-> Request 7
537
(3, 2, 1)
1
(36, 52)
-> Request 8
689
(2, 2, 2)
2
(27, 16)
-> Request 9
712
(2, 3, 1)
3
(37, 60)
-> Request 10
747
(1, 3, 1)
1
(62, 54)
-> Request 11
808
(1, 3, 1)
3
(59, 12)
-> Request 12
855
(3, 2, 2)
3
(57, 63)
-> Request 13
989
(2, 3, 2)
3
(30, 77)
-> Request 14
1178
(3, 2, 2)
2
(78, 17)
--> Day : 1
-> Request 0
21
(2, 3, 2)
2
(0, 77)
-> Request 1
105
(1, 3, 2)
3
(18, 47)
-> Request 2
519
(1, 3, 2)
1
(50, 14)
-> Request 3
573
(1, 2, 1)
3
(10, 64)
-> Request 4
614
(1, 3, 2)
2
(17, 47)
-> Request 5
636
(4, 3, 1)
3
(79, 77)
-> Request 6
891
(3, 2, 2)
2
(3, 53)
-> Request 7
977
(2, 2, 2)
1
(71, 27)
-> Request 8
1112
(4, 2, 1)
3
(5, 57)
--> Day : 2
-> Request 0
558
(2, 3, 2)
1
(56, 49)
-> Request 1
665
(2, 3, 2)
1
(35, 79)
-> Request 2
722
(1, 1, 2)
3
(72, 44)
-> Request 3
723
(2, 2, 1)
2
(58, 70)
-> Request 4
724
(1, 1, 2)
2
(15, 76)
-> Request 5
773
(4, 1, 2)
3
(75, 66)
-> Request 6
867
(3, 2, 1)
3
(76, 69)
-> Request 7
954
(1, 1, 1)
3
(42, 58)
-> Request 8
1076
(2, 1, 1)
1
(78, 79)
-> Request 9
1354
(4, 1, 2)
1
(54, 24)
--> Day : 3
-> Request 0
32
(1, 2, 2)
2
(9, 58)
-> Request 1
255
(3, 2, 1)
3
(35, 73)
-> Request 2
328
(3, 3, 2)
1
(71, 43)
-> Request 3
712
(1, 3, 2)
3
(61, 17)
-> Request 4
744
(2, 3, 2)
3
(66, 18)
-> Request 5
866
(3, 3, 2)
1
(5, 5)
-> Request 6
965
(4, 2, 1)
3
(1, 2)
-> Request 7
1309
(1, 2, 2)
2
(44, 4)
-> Request 8
1394
(1, 2, 1)
3
(77, 9)
-> Request 9
1438
(3, 2, 1)
1
(28, 78)
--> Day : 4
-> Request 0
265
(3, 1, 2)
1
(73, 48)
-> Request 1
290
(2, 2, 2)
1
(78, 9)
-> Request 2
468
(2, 2, 2)
2
(43, 19)
-> Request 3
1406
(4, 1, 1)
1
(11, 29)
---> Week : 56
--> Day : 0
-> Request 0
7
(4, 3, 2)
1
(76, 15)
-> Request 1
117
(4, 1, 2)
1
(44, 21)
-> Request 2
166
(2, 3, 1)
3
(59, 57)
-> Request 3
170
(4, 2, 1)
2
(61, 57)
-> Request 4
225
(2, 1, 2)
3
(29, 28)
-> Request 5
455
(2, 3, 2)
1
(38, 63)
-> Request 6
467
(1, 3, 1)
2
(26, 73)
-> Request 7
658
(3, 3, 1)
1
(78, 33)
-> Request 8
953
(2, 3, 1)
3
(28, 9)
-> Request 9
991
(4, 1, 2)
1
(59, 65)
-> Request 10
1389
(4, 2, 1)
2
(43, 16)
--> Day : 1
-> Request 0
72
(3, 3, 1)
2
(41, 38)
-> Request 1
137
(2, 1, 1)
2
(31, 20)
-> Request 2
829
(3, 2, 2)
2
(43, 7)
-> Request 3
837
(2, 1, 1)
1
(21, 79)
-> Request 4
900
(1, 3, 2)
3
(15, 0)
-> Request 5
941
(2, 1, 2)
1
(71, 65)
-> Request 6
1124
(3, 1, 1)
3
(62, 46)
-> Request 7
1139
(1, 1, 1)
1
(40, 65)
-> Request 8
1315
(4, 2, 1)
1
(39, 11)
-> Request 9
1318
(4, 1, 1)
2
(38, 73)
-> Request 10
1346
(1, 1, 1)
1
(29, 55)
-> Request 11
1349
(1, 3, 1)
1
(11, 18)
-> Request 12
1351
(4, 1, 1)
2
(22, 37)
--> Day : 2
-> Request 0
1379
(2, 2, 1)
2
(57, 50)
-> Request 1
1382
(4, 1, 2)
1
(17, 32)
-> Request 2
1415
(4, 2, 1)
3
(11, 13)
--> Day : 3
-> Request 0
25
(1, 2, 2)
2
(77, 77)
-> Request 1
291
(2, 2, 2)
1
(56, 20)
-> Request 2
430
(2, 1, 2)
2
(75, 73)
-> Request 3
457
(4, 2, 2)
3
(67, 22)
-> Request 4
624
(4, 1, 2)
1
(14, 27)
-> Request 5
825
(2, 2, 1)
1
(6, 31)
-> Request 6
833
(2, 2, 1)
3
(35, 20)
-> Request 7
963
(2, 2, 1)
3
(67, 27)
-> Request 8
1023
(2, 3, 1)
1
(61, 39)
-> Request 9
1288
(2, 3, 2)
1
(72, 35)
-> Request 10
1323
(4, 1, 2)
3
(42, 47)
-> Request 11
1419
(1, 3, 1)
1
(65, 2)
--> Day : 4
-> Request 0
134
(2, 2, 1)
2
(71, 20)
-> Request 1
177
(4, 3, 1)
3
(14, 14)
-> Request 2
190
(1, 3, 1)
2
(23, 65)
-> Request 3
351
(1, 3, 2)
2
(43, 46)
-> Request 4
371
(4, 2, 2)
3
(8, 7)
-> Request 5
469
(3, 2, 2)
2
(54, 10)
-> Request 6
801
(3, 1, 2)
1
(64, 37)
-> Request 7
1299
(4, 3, 2)
3
(21, 41)
-> Request 8
1332
(2, 2, 2)
1
(19, 70)
-> Request 9
1419
(4, 1, 2)
2
(8, 6)
---> Week : 57
--> Day : 0
-> Request 0
252
(1, 1, 2)
1
(3, 20)
-> Request 1
544
(1, 2, 2)
3
(10, 52)
-> Request 2
861
(1, 1, 2)
3
(12, 38)
-> Request 3
1038
(2, 2, 1)
1
(11, 24)
-> Request 4
1150
(2, 1, 1)
1
(57, 57)
-> Request 5
1320
(4, 1, 1)
3
(38, 63)
--> Day : 1
-> Request 0
12
(2, 1, 1)
2
(52, 76)
-> Request 1
61
(1, 3, 2)
2
(16, 13)
-> Request 2
167
(4, 3, 2)
2
(42, 70)
-> Request 3
175
(4, 3, 1)
2
(26, 15)
-> Request 4
538
(1, 1, 1)
2
(57, 75)
-> Request 5
665
(1, 1, 1)
2
(22, 38)
-> Request 6
848
(2, 3, 2)
2
(8, 73)
-> Request 7
1259
(4, 3, 2)
3
(10, 44)
-> Request 8
1315
(2, 3, 1)
3
(10, 61)
-> Request 9
1401
(3, 3, 1)
2
(49, 25)
--> Day : 2
-> Request 0
254
(4, 3, 2)
2
(55, 57)
-> Request 1
302
(2, 3, 1)
2
(60, 48)
-> Request 2
402
(4, 2, 1)
2
(58, 28)
-> Request 3
467
(3, 3, 2)
3
(31, 44)
-> Request 4
481
(1, 2, 2)
1
(2, 37)
-> Request 5
581
(3, 1, 1)
3
(27, 1)
-> Request 6
682
(3, 2, 2)
1
(5, 34)
-> Request 7
729
(2, 3, 2)
3
(69, 56)
-> Request 8
1000
(3, 1, 1)
3
(48, 4)
-> Request 9
1057
(3, 2, 1)
3
(79, 77)
-> Request 10
1283
(3, 1, 2)
2
(17, 78)
-> Request 11
1368
(4, 2, 2)
2
(77, 0)
-> Request 12
1390
(1, 3, 2)
3
(73, 56)
--> Day : 3
-> Request 0
88
(1, 3, 2)
3
(29, 60)
-> Request 1
205
(2, 3, 1)
1
(78, 18)
-> Request 2
291
(1, 3, 1)
1
(55, 43)
-> Request 3
331
(1, 3, 1)
2
(53, 43)
-> Request 4
348
(3, 3, 2)
2
(54, 66)
-> Request 5
462
(3, 1, 2)
1
(58, 78)
-> Request 6
465
(4, 2, 2)
3
(74, 48)
-> Request 7
544
(3, 1, 2)
2
(45, 23)
-> Request 8
572
(1, 3, 2)
2
(7, 53)
-> Request 9
845
(3, 1, 1)
1
(64, 49)
-> Request 10
1020
(4, 3, 2)
1
(56, 61)
--> Day : 4
-> Request 0
194
(4, 3, 2)
3
(14, 79)
-> Request 1
434
(4, 2, 2)
3
(63, 10)
-> Request 2
481
(2, 2, 2)
2
(44, 55)
-> Request 3
576
(1, 2, 1)
1
(32, 10)
-> Request 4
867
(2, 2, 1)
2
(58, 49)
-> Request 5
871
(3, 2, 1)
1
(41, 3)
-> Request 6
915
(1, 3, 1)
3
(63, 33)
-> Request 7
955
(4, 3, 1)
2
(41, 53)
-> Request 8
1058
(4, 1, 2)
2
(35, 66)
-> Request 9
1310
(3, 1, 2)
2
(60, 46)
---> Week : 58
--> Day : 0
-> Request 0
242
(2, 1, 1)
1
(61, 78)
-> Request 1
345
(3, 3, 1)
2
(17, 75)
-> Request 2
403
(2, 2, 2)
3
(70, 18)
-> Request 3
675
(3, 3, 2)
1
(27, 68)
-> Request 4
1028
(2, 3, 1)
1
(3, 1)
-> Request 5
1173
(4, 2, 1)
1
(30, 35)
-> Request 6
1212
(3, 3, 1)
1
(12, 38)
-> Request 7
1345
(2, 3, 2)
3
(5, 66)
-> Request 8
1424
(4, 1, 2)
3
(67, 24)
--> Day : 1
-> Request 0
37
(4, 1, 2)
3
(39, 19)
-> Request 1
40
(1, 3, 1)
1
(68, 44)
-> Request 2
201
(2, 1, 1)
1
(31, 57)
-> Request 3
218
(2, 3, 1)
3
(20, 68)
-> Request 4
413
(4, 1, 2)
3
(37, 78)
-> Request 5
477
(4, 1, 1)
1
(5, 0)
-> Request 6
607
(1, 1, 2)
2
(56, 61)
-> Request 7
633
(1, 2, 1)
1
(40, 65)
-> Request 8
797
(1, 3, 2)
3
(42, 79)
-> Request 9
857
(2, 2, 1)
3
(1, 37)
-> Request 10
933
(3, 2, 2)
3
(31, 51)
-> Request 11
1244
(3, 1, 2)
2
(65, 27)
-> Request 12
1431
(4, 1, 1)
1
(67, 46)
--> Day : 2
-> Request 0
47
(1, 2, 2)
2
(68, 54)
-> Request 1
191
(4, 3, 1)
1
(71, 42)
-> Request 2
204
(1, 3, 2)
2
(16, 12)
-> Request 3
250
(1, 3, 1)
2
(60, 53)
-> Request 4
460
(4, 3, 2)
1
(28, 1)
-> Request 5
578
(4, 3, 1)
3
(54, 50)
-> Request 6
770
(3, 2, 2)
2
(60, 32)
-> Request 7
814
(4, 3, 2)
2
(50, 75)
-> Request 8
975
(1, 2, 1)
2
(17, 41)
-> Request 9
1203
(4, 2, 1)
2
(26, 72)
--> Day : 3
-> Request 0
128
(3, 1, 1)
3
(11, 35)
-> Request 1
906
(4, 2, 1)
1
(41, 0)
-> Request 2
1173
(2, 2, 1)
2
(71, 64)
-> Request 3
1269
(3, 1, 1)
3
(63, 24)
-> Request 4
1411
(1, 1, 2)
3
(76, 11)
--> Day : 4
-> Request 0
371
(1, 2, 1)
1
(52, 1)
-> Request 1
385
(4, 1, 1)
1
(35, 40)
-> Request 2
555
(2, 2, 1)
2
(17, 65)
-> Request 3
773
(1, 1, 1)
2
(56, 24)
-> Request 4
849
(3, 2, 1)
3
(55, 39)
-> Request 5
860
(4, 2, 2)
1
(57, 30)
-> Request 6
906
(1, 1, 2)
1
(13, 3)
---> Week : 59
--> Day : 0
-> Request 0
177
(2, 1, 1)
3
(23, 1)
-> Request 1
240
(3, 1, 2)
3
(38, 74)
-> Request 2
439
(1, 1, 2)
2
(47, 20)
-> Request 3
675
(1, 1, 2)
3
(57, 14)
-> Request 4
793
(2, 1, 1)
2
(19, 13)
-> Request 5
830
(4, 1, 2)
1
(28, 36)
-> Request 6
869
(3, 1, 1)
3
(2, 37)
-> Request 7
975
(3, 3, 1)
2
(38, 0)
-> Request 8
1014
(1, 1, 1)
1
(11, 8)
-> Request 9
1074
(2, 1, 1)
2
(70, 45)
-> Request 10
1093
(3, 3, 2)
3
(62, 47)
-> Request 11
1154
(1, 3, 2)
2
(67, 65)
-> Request 12
1257
(1, 3, 1)
2
(72, 1)
--> Day : 1
-> Request 0
174
(3, 1, 2)
3
(74, 69)
-> Request 1
219
(3, 2, 2)
2
(70, 26)
-> Request 2
436
(2, 2, 1)
2
(14, 17)
-> Request 3
441
(3, 3, 1)
2
(14, 10)
-> Request 4
632
(3, 2, 2)
3
(57, 31)
-> Request 5
657
(4, 2, 1)
1
(66, 17)
-> Request 6
745
(2, 3, 1)
3
(2, 78)
-> Request 7
797
(3, 1, 2)
1
(51, 37)
-> Request 8
1013
(4, 2, 1)
1
(21, 8)
-> Request 9
1412
(4, 2, 2)
2
(33, 58)
--> Day : 2
-> Request 0
102
(3, 2, 2)
3
(66, 6)
-> Request 1
159
(2, 3, 2)
1
(1, 77)
-> Request 2
424
(3, 2, 1)
3
(46, 53)
-> Request 3
577
(3, 1, 1)
3
(74, 4)
-> Request 4
626
(1, 2, 1)
3
(13, 10)
-> Request 5
646
(2, 2, 2)
2
(12, 54)
-> Request 6
948
(4, 3, 1)
3
(67, 31)
-> Request 7
962
(3, 3, 2)
1
(62, 30)
-> Request 8
970
(4, 1, 2)
1
(51, 68)
-> Request 9
992
(3, 3, 1)
2
(45, 15)
-> Request 10
995
(4, 1, 1)
3
(11, 3)
-> Request 11
1098
(2, 3, 1)
2
(46, 5)
-> Request 12
1148
(3, 2, 2)
3
(21, 9)
-> Request 13
1341
(2, 2, 2)
1
(71, 3)
-> Request 14
1402
(2, 1, 1)
1
(17, 44)
--> Day : 3
-> Request 0
230
(3, 2, 1)
3
(71, 40)
-> Request 1
325
(1, 2, 1)
2
(4, 58)
-> Request 2
730
(2, 3, 2)
2
(6, 24)
-> Request 3
958
(2, 1, 2)
1
(37, 45)
-> Request 4
1048
(1, 3, 1)
3
(57, 42)
-> Request 5
1107
(1, 1, 2)
2
(34, 75)
-> Request 6
1158
(1, 1, 1)
3
(64, 34)
-> Request 7
1175
(2, 3, 2)
3
(49, 12)
--> Day : 4
-> Request 0
626
(2, 3, 2)
3
(72, 56)
-> Request 1
712
(2, 3, 1)
3
(45, 76)
-> Request 2
801
(4, 3, 1)
3
(41, 71)
-> Request 3
982
(2, 1, 1)
3
(6, 33)
-> Request 4
1118
(3, 2, 1)
2
(34, 41)
-> Request 5
1394
(3, 3, 2)
1
(63, 58)
---> Week : 60
--> Day : 0
-> Request 0
120
(3, 2, 2)
1
(31, 55)
-> Request 1
560
(3, 3, 1)
2
(56, 29)
-> Request 2
567
(1, 1, 1)
1
(52, 58)
-> Request 3
626
(2, 1, 2)
1
(35, 10)
-> Request 4
643
(1, 3, 1)
1
(6, 43)
-> Request 5
817
(1, 1, 2)
3
(8, 77)
-> Request 6
1160
(1, 1, 1)
2
(53, 30)
-> Request 7
1161
(1, 1, 2)
1
(3, 73)
--> Day : 1
-> Request 0
54
(4, 3, 1)
2
(65, 8)
-> Request 1
56
(4, 3, 2)
2
(73, 8)
-> Request 2
345
(3, 3, 2)
2
(8, 0)
-> Request 3
454
(3, 3, 2)
3
(56, 56)
-> Request 4
481
(4, 2, 1)
2
(55, 63)
-> Request 5
552
(3, 1, 1)
3
(68, 72)
-> Request 6
862
(1, 1, 1)
3
(69, 16)
-> Request 7
1075
(1, 2, 1)
3
(6, 70)
-> Request 8
1209
(1, 1, 2)
3
(76, 18)
--> Day : 2
-> Request 0
117
(1, 1, 2)
1
(59, 32)
-> Request 1
272
(4, 1, 2)
1
(30, 5)
-> Request 2
555
(1, 3, 2)
1
(60, 48)
-> Request 3
560
(2, 1, 2)
1
(9, 49)
-> Request 4
708
(4, 1, 1)
1
(75, 42)
-> Request 5
887
(1, 2, 2)
2
(8, 4)
-> Request 6
1181
(3, 2, 2)
3
(70, 10)
-> Request 7
1392
(4, 1, 2)
3
(10, 69)
-> Request 8
1438
(4, 2, 2)
3
(9, 48)
--> Day : 3
-> Request 0
143
(4, 1, 2)
3
(65, 54)
-> Request 1
211
(3, 1, 1)
3
(27, 34)
-> Request 2
228
(1, 3, 2)
3
(55, 59)
-> Request 3
252
(3, 1, 1)
3
(75, 3)
-> Request 4
347
(2, 1, 2)
2
(37, 41)
-> Request 5
347
(2, 2, 1)
1
(22, 40)
-> Request 6
360
(3, 3, 1)
3
(66, 78)
-> Request 7
806
(4, 2, 2)
1
(9, 68)
-> Request 8
1076
(2, 1, 1)
1
(73, 48)
-> Request 9
1300
(1, 2, 2)
3
(73, 17)
-> Request 10
1369
(2, 3, 1)
3
(47, 66)
-> Request 11
1414
(1, 3, 1)
3
(44, 24)
--> Day : 4
-> Request 0
437
(2, 2, 2)
1
(4, 27)
-> Request 1
596
(2, 2, 2)
1
(64, 13)
-> Request 2
799
(1, 1, 2)
3
(31, 23)
-> Request 3
1021
(4, 3, 1)
3
(8, 40)
-> Request 4
1062
(3, 2, 2)
2
(58, 18)
-> Request 5
1323
(2, 3, 2)
2
(24, 15)
-> Request 6
1383
(1, 3, 1)
2
(42, 1)
---> Week : 61
--> Day : 0
-> Request 0
77
(3, 1, 2)
1
(32, 43)
-> Request 1
95
(3, 3, 1)
3
(29, 37)
-> Request 2
96
(1, 1, 2)
2
(3, 30)
-> Request 3
245
(3, 2, 2)
3
(71, 30)
-> Request 4
289
(2, 1, 2)
3
(65, 51)
-> Request 5
573
(1, 3, 1)
2
(32, 66)
-> Request 6
736
(2, 1, 1)
3
(69, 44)
-> Request 7
789
(3, 2, 2)
2
(47, 66)
-> Request 8
956
(2, 1, 2)
3
(4, 54)
-> Request 9
958
(4, 3, 1)
3
(25, 25)
-> Request 10
1075
(2, 3, 2)
1
(31, 19)
-> Request 11
1149
(4, 2, 2)
2
(6, 1)
-> Request 12
1164
(3, 2, 1)
3
(57, 68)
-> Request 13
1268
(4, 3, 2)
2
(63, 40)
-> Request 14
1332
(2, 3, 1)
3
(12, 42)
-> Request 15
1364
(1, 3, 1)
3
(48, 51)
--> Day : 1
-> Request 0
38
(4, 2, 1)
2
(79, 0)
-> Request 1
150
(2, 2, 2)
1
(26, 18)
-> Request 2
151
(1, 1, 1)
3
(41, 7)
-> Request 3
246
(4, 2, 1)
2
(15, 10)
-> Request 4
333
(4, 2, 1)
3
(32, 36)
-> Request 5
513
(3, 3, 1)
1
(47, 74)
-> Request 6
550
(1, 3, 1)
2
(2, 73)
-> Request 7
556
(2, 2, 2)
2
(26, 50)
-> Request 8
755
(3, 2, 1)
2
(26, 70)
--> Day : 2
-> Request 0
158
(2, 1, 2)
2
(63, 32)
-> Request 1
168
(1, 1, 2)
1
(10, 69)
-> Request 2
338
(3, 3, 1)
2
(50, 57)
-> Request 3
926
(4, 1, 2)
3
(75, 26)
-> Request 4
1308
(3, 2, 2)
1
(11, 21)
-> Request 5
1392
(2, 2, 1)
2
(53, 79)
--> Day : 3
-> Request 0
211
(1, 2, 2)
3
(67, 65)
-> Request 1
292
(4, 1, 1)
3
(12, 72)
-> Request 2
431
(2, 3, 2)
2
(34, 45)
-> Request 3
438
(2, 3, 1)
3
(73, 0)
-> Request 4
520
(4, 3, 2)
3
(75, 59)
-> Request 5
524
(4, 1, 2)
2
(57, 0)
-> Request 6
526
(1, 1, 1)
1
(53, 29)
-> Request 7
799
(1, 3, 2)
2
(21, 35)
-> Request 8
928
(4, 3, 2)
3
(33, 48)
-> Request 9
1185
(4, 2, 2)
1
(0, 45)
-> Request 10
1439
(3, 2, 1)
2
(47, 65)
--> Day : 4
-> Request 0
33
(3, 3, 2)
3
(38, 43)
-> Request 1
91
(3, 3, 1)
1
(14, 3)
-> Request 2
178
(1, 3, 1)
2
(17, 78)
-> Request 3
236
(3, 1, 2)
3
(60, 46)
-> Request 4
244
(3, 2, 2)
3
(33, 54)
-> Request 5
324
(4, 1, 2)
2
(72, 78)
-> Request 6
796
(4, 1, 2)
2
(8, 22)
-> Request 7
1025
(4, 3, 2)
2
(1, 30)
-> Request 8
1173
(2, 2, 1)
3
(18, 5)
-> Request 9
1231
(4, 1, 2)
1
(44, 25)
-> Request 10
1323
(2, 1, 1)
1
(70, 13)
-> Request 11
1380
(1, 2, 1)
3
(58, 19)
-> Request 12
1431
(3, 2, 2)
2
(33, 26)
---> Week : 62
--> Day : 0
-> Request 0
222
(1, 3, 1)
3
(1, 0)
-> Request 1
347
(3, 1, 1)
2
(50, 52)
-> Request 2
404
(2, 1, 1)
2
(19, 51)
-> Request 3
450
(2, 3, 1)
2
(23, 59)
-> Request 4
465
(3, 3, 2)
2
(75, 4)
-> Request 5
481
(2, 2, 2)
2
(16, 32)
-> Request 6
491
(2, 1, 2)
1
(68, 70)
-> Request 7
492
(3, 1, 1)
1
(21, 33)
-> Request 8
496
(2, 2, 1)
3
(14, 38)
-> Request 9
609
(4, 1, 1)
3
(55, 58)
-> Request 10
820
(4, 1, 2)
2
(13, 29)
-> Request 11
950
(2, 3, 1)
3
(6, 77)
--> Day : 1
-> Request 0
362
(3, 3, 2)
1
(1, 10)
-> Request 1
801
(4, 2, 1)
1
(21, 54)
-> Request 2
821
(1, 3, 1)
1
(56, 5)
-> Request 3
968
(1, 3, 1)
3
(34, 76)
-> Request 4
987
(1, 1, 1)
1
(60, 39)
-> Request 5
1023
(1, 3, 1)
1
(1, 12)
--> Day : 2
-> Request 0
44
(4, 3, 1)
2
(22, 31)
-> Request 1
62
(1, 3, 1)
2
(56, 36)
-> Request 2
77
(1, 3, 1)
1
(75, 33)
-> Request 3
92
(1, 3, 2)
2
(61, 14)
-> Request 4
431
(2, 3, 2)
1
(63, 30)
-> Request 5
603
(4, 1, 2)
3
(74, 66)
-> Request 6
756
(4, 2, 2)
3
(68, 9)
-> Request 7
820
(3, 2, 1)
1
(56, 8)
-> Request 8
1130
(2, 3, 2)
2
(59, 62)
-> Request 9
1222
(2, 2, 2)
1
(60, 24)
-> Request 10
1332
(1, 3, 2)
1
(35, 37)
-> Request 11
1419
(3, 1, 2)
3
(73, 16)
--> Day : 3
-> Request 0
242
(4, 2, 1)
1
(47, 41)
-> Request 1
449
(3, 2, 2)
2
(15, 14)
-> Request 2
670
(3, 2, 1)
1
(57, 14)
-> Request 3
835
(4, 3, 1)
3
(38, 34)
-> Request 4
844
(3, 3, 1)
1
(67, 33)
-> Request 5
1046
(3, 2, 1)
2
(59, 3)
-> Request 6
1196
(2, 2, 2)
1
(73, 12)
-> Request 7
1309
(3, 2, 1)
3
(53, 77)
-> Request 8
1359
(2, 2, 2)
2
(33, 78)
--> Day : 4
-> Request 0
18
(4, 3, 2)
2
(6, 18)
-> Request 1
162
(4, 3, 2)
2
(53, 75)
-> Request 2
646
(2, 1, 1)
3
(40, 17)
-> Request 3
1316
(2, 3, 2)
1
(1, 71)
-> Request 4
1350
(4, 2, 2)
3
(77, 62)
-> Request 5
1430
(3, 3, 1)
1
(67, 40)
---> Week : 63
--> Day : 0
-> Request 0
243
(3, 1, 1)
3
(76, 27)
-> Request 1
246
(1, 1, 1)
1
(7, 17)
-> Request 2
419
(1, 1, 2)
3
(40, 57)
-> Request 3
754
(2, 3, 1)
3
(65, 40)
-> Request 4
756
(1, 3, 1)
1
(33, 37)
-> Request 5
1153
(2, 3, 2)
2
(45, 73)
-> Request 6
1294
(4, 1, 2)
3
(56, 16)
--> Day : 1
-> Request 0
64
(2, 3, 2)
1
(74, 40)
-> Request 1
190
(1, 1, 2)
1
(34, 69)
-> Request 2
385
(3, 3, 1)
3
(51, 20)
-> Request 3
744
(2, 1, 1)
3
(30, 55)
-> Request 4
1130
(2, 1, 1)
1
(23, 46)
-> Request 5
1158
(3, 3, 1)
1
(20, 1)
-> Request 6
1350
(4, 3, 1)
1
(47, 3)
--> Day : 2
-> Request 0
250
(2, 1, 1)
3
(29, 62)
-> Request 1
312
(1, 2, 2)
3
(40, 61)
-> Request 2
432
(3, 1, 1)
3
(44, 6)
-> Request 3
565
(3, 3, 1)
2
(54, 73)
-> Request 4
1081
(3, 1, 1)
3
(69, 14)
-> Request 5
1200
(2, 2, 1)
1
(43, 22)
-> Request 6
1205
(4, 3, 1)
3
(6, 32)
-> Request 7
1278
(2, 3, 2)
3
(68, 70)
--> Day : 3
-> Request 0
32
(3, 1, 2)
3
(48, 57)
-> Request 1
33
(3, 3, 2)
3
(69, 16)
-> Request 2
36
(1, 1, 2)
2
(19, 26)
-> Request 3
68
(4, 1, 1)
3
(6, 20)
-> Request 4
351
(2, 1, 1)
1
(71, 16)
-> Request 5
468
(2, 2, 2)
2
(62, 49)
-> Request 6
638
(4, 3, 1)
3
(61, 5)
-> Request 7
864
(4, 1, 2)
2
(1, 54)
-> Request 8
1388
(4, 3, 2)
3
(7, 21)
-> Request 9
1426
(4, 2, 2)
3
(70, 33)
--> Day : 4
-> Request 0
197
(1, 2, 2)
2
(55, 21)
-> Request 1
467
(3, 1, 2)
3
(55, 72)
-> Request 2
493
(1, 2, 1)
3
(79, 6)
-> Request 3
495
(3, 3, 2)
2
(74, 54)
-> Request 4
801
(2, 3, 1)
2
(59, 24)
-> Request 5
859
(3, 1, 1)
3
(8, 66)
-> Request 6
1245
(4, 2, 2)
2
(30, 4)
-> Request 7
1267
(3, 1, 1)
2
(20, 25)
-> Request 8
1269
(4, 2, 2)
3
(32, 7)
-> Request 9
1413
(1, 3, 2)
2
(74, 17)
-> Request 10
1439
(1, 1, 2)
2
(2, 6)
---> Week : 64
--> Day : 0
-> Request 0
62
(2, 3, 1)
2
(39, 51)
-> Request 1
254
(4, 1, 1)
3
(9, 56)
-> Request 2
474
(3, 3, 1)
2
(20, 0)
-> Request 3
520
(4, 2, 1)
3
(79, 11)
-> Request 4
522
(3, 1, 1)
3
(50, 14)
-> Request 5
916
(2, 2, 1)
3
(9, 41)
-> Request 6
1054
(1, 3, 1)
2
(38, 7)
-> Request 7
1292
(3, 2, 1)
3
(7, 23)
--> Day : 1
-> Request 0
183
(3, 3, 1)
2
(11, 69)
-> Request 1
209
(3, 1, 1)
3
(36, 20)
-> Request 2
279
(4, 3, 2)
1
(54, 66)
-> Request 3
414
(3, 2, 1)
3
(63, 40)
-> Request 4
423
(1, 2, 1)
2
(30, 18)
-> Request 5
454
(2, 2, 2)
1
(76, 29)
-> Request 6
627
(4, 3, 1)
1
(64, 23)
-> Request 7
667
(3, 3, 2)
2
(35, 15)
-> Request 8
871
(2, 3, 2)
2
(42, 39)
-> Request 9
920
(3, 2, 2)
2
(55, 13)
-> Request 10
1035
(1, 1, 1)
3
(55, 58)
-> Request 11
1068
(4, 3, 1)
1
(39, 17)
-> Request 12
1176
(3, 1, 2)
2
(71, 26)
-> Request 13
1210
(3, 1, 2)
2
(64, 53)
--> Day : 2
-> Request 0
185
(2, 3, 2)
3
(68, 61)
-> Request 1
450
(3, 2, 2)
1
(38, 21)
-> Request 2
777
(3, 1, 2)
3
(74, 61)
-> Request 3
927
(2, 2, 2)
3
(19, 5)
-> Request 4
1002
(4, 1, 2)
3
(24, 63)
-> Request 5
1306
(2, 3, 2)
2
(51, 79)
-> Request 6
1359
(2, 3, 1)
3
(34, 8)
-> Request 7
1412
(2, 3, 2)
2
(61, 50)
--> Day : 3
-> Request 0
25
(2, 3, 1)
3
(68, 40)
-> Request 1
89
(4, 3, 1)
2
(38, 43)
-> Request 2
90
(1, 2, 2)
3
(73, 56)
-> Request 3
172
(2, 1, 2)
1
(51, 40)
-> Request 4
410
(3, 1, 1)
3
(54, 4)
-> Request 5
417
(3, 2, 2)
2
(4, 61)
-> Request 6
603
(4, 1, 2)
3
(55, 78)
-> Request 7
800
(4, 1, 2)
2
(71, 49)
-> Request 8
905
(3, 3, 1)
1
(8, 41)
-> Request 9
923
(2, 2, 2)
3
(11, 54)
-> Request 10
994
(2, 2, 2)
1
(62, 20)
-> Request 11
1056
(3, 3, 1)
2
(24, 17)
-> Request 12
1159
(2, 3, 1)
2
(24, 58)
-> Request 13
1215
(3, 2, 2)
3
(6, 2)
-> Request 14
1260
(1, 3, 2)
2
(40, 12)
-> Request 15
1286
(4, 2, 1)
1
(1, 20)
--> Day : 4
-> Request 0
55
(4, 3, 2)
1
(38, 31)
-> Request 1
165
(1, 1, 1)
1
(77, 60)
-> Request 2
930
(4, 3, 2)
1
(64, 49)
-> Request 3
973
(2, 1, 1)
3
(6, 25)
-> Request 4
1007
(3, 3, 2)
3
(73, 25)
-> Request 5
1025
(4, 1, 1)
2
(22, 27)
-> Request 6
1123
(4, 3, 1)
3
(9, 20)
-> Request 7
1244
(4, 3, 1)
2
(20, 66)
-> Request 8
1336
(3, 2, 1)
3
(65, 1)
---> Week : 65
--> Day : 0
-> Request 0
5
(1, 3, 2)
1
(20, 53)
-> Request 1
18
(1, 3, 2)
2
(39, 36)
-> Request 2
160
(2, 3, 1)
1
(70, 36)
-> Request 3
190
(4, 1, 2)
3
(33, 26)
-> Request 4
224
(4, 1, 1)
1
(38, 28)
-> Request 5
252
(2, 3, 2)
2
(64, 57)
-> Request 6
626
(4, 3, 2)
1
(61, 69)
-> Request 7
770
(4, 1, 2)
1
(22, 78)
-> Request 8
779
(3, 2, 2)
2
(29, 44)
--> Day : 1
-> Request 0
133
(1, 2, 2)
3
(38, 79)
-> Request 1
222
(2, 1, 1)
1
(16, 24)
-> Request 2
231
(1, 3, 2)
2
(73, 12)
-> Request 3
401
(4, 3, 1)
1
(69, 9)
-> Request 4
437
(2, 2, 2)
1
(63, 76)
-> Request 5
492
(1, 2, 2)
1
(14, 63)
-> Request 6
686
(2, 1, 1)
2
(52, 56)
-> Request 7
1206
(1, 2, 1)
3
(52, 3)
--> Day : 2
-> Request 0
4
(4, 2, 2)
1
(56, 3)
-> Request 1
228
(2, 1, 2)
2
(51, 48)
-> Request 2
536
(3, 1, 2)
3
(68, 49)
-> Request 3
957
(1, 2, 2)
3
(13, 73)
-> Request 4
1260
(1, 1, 2)
3
(67, 34)
-> Request 5
1341
(4, 1, 2)
2
(64, 73)
-> Request 6
1406
(3, 2, 1)
1
(59, 15)
--> Day : 3
-> Request 0
25
(3, 1, 1)
1
(69, 22)
-> Request 1
243
(4, 3, 1)
3
(63, 31)
-> Request 2
390
(2, 3, 1)
1
(20, 0)
-> Request 3
592
(1, 3, 1)
3
(1, 25)
-> Request 4
757
(4, 1, 2)
2
(71, 58)
-> Request 5
858
(1, 2, 2)
2
(18, 75)
-> Request 6
881
(3, 2, 2)
2
(2, 30)
-> Request 7
959
(3, 1, 1)
3
(26, 65)
-> Request 8
972
(4, 1, 1)
3
(47, 72)
-> Request 9
982
(2, 1, 2)
1
(14, 50)
-> Request 10
1055
(1, 3, 2)
2
(28, 52)
-> Request 11
1105
(1, 1, 2)
2
(18, 12)
--> Day : 4
-> Request 0
81
(4, 3, 2)
2
(22, 39)
-> Request 1
298
(1, 2, 2)
1
(72, 51)
-> Request 2
319
(1, 1, 1)
3
(67, 56)
-> Request 3
354
(2, 1, 2)
3
(2, 75)
-> Request 4
649
(1, 2, 2)
2
(6, 22)
-> Request 5
652
(4, 3, 1)
3
(15, 12)
-> Request 6
796
(2, 3, 2)
3
(79, 27)
-> Request 7
1143
(4, 3, 2)
2
(66, 5)
---> Week : 66
--> Day : 0
-> Request 0
42
(4, 2, 1)
1
(57, 45)
-> Request 1
294
(1, 2, 2)
1
(41, 69)
-> Request 2
310
(4, 2, 1)
1
(2, 21)
-> Request 3
534
(4, 2, 1)
3
(51, 70)
-> Request 4
540
(2, 2, 1)
3
(63, 76)
-> Request 5
590
(4, 2, 2)
1
(77, 43)
-> Request 6
956
(3, 3, 1)
2
(78, 34)
-> Request 7
1364
(2, 1, 1)
2
(6, 40)
--> Day : 1
-> Request 0
2
(2, 2, 1)
2
(36, 39)
-> Request 1
3
(2, 2, 2)
3
(76, 6)
-> Request 2
78
(2, 1, 2)
1
(39, 54)
-> Request 3
331
(2, 3, 2)
2
(67, 9)
-> Request 4
492
(4, 3, 2)
1
(11, 33)
-> Request 5
622
(1, 2, 1)
2
(11, 65)
-> Request 6
701
(2, 3, 2)
2
(74, 29)
-> Request 7
770
(2, 3, 2)
1
(40, 38)
-> Request 8
882
(4, 3, 1)
1
(55, 49)
-> Request 9
981
(4, 1, 1)
1
(43, 45)
-> Request 10
1364
(2, 3, 1)
2
(40, 40)
-> Request 11
1387
(1, 1, 1)
3
(72, 63)
--> Day : 2
-> Request 0
197
(1, 2, 2)
1
(10, 60)
-> Request 1
439
(3, 1, 1)
1
(15, 65)
-> Request 2
585
(1, 3, 1)
3
(44, 72)
-> Request 3
805
(2, 2, 2)
2
(43, 70)
-> Request 4
878
(1, 3, 2)
3
(36, 27)
-> Request 5
965
(3, 1, 2)
1
(42, 42)
-> Request 6
1128
(3, 3, 1)
3
(26, 33)
-> Request 7
1227
(3, 3, 2)
2
(22, 37)
-> Request 8
1350
(3, 1, 2)
1
(56, 20)
--> Day : 3
-> Request 0
33
(2, 3, 2)
1
(33, 73)
-> Request 1
166
(4, 2, 2)
3
(70, 64)
-> Request 2
209
(1, 3, 1)
3
(39, 23)
-> Request 3
272
(1, 3, 1)
2
(27, 22)
-> Request 4
540
(3, 3, 1)
2
(43, 53)
-> Request 5
724
(4, 2, 2)
1
(2, 48)
-> Request 6
1080
(2, 1, 2)
3
(15, 77)
-> Request 7
1183
(4, 3, 2)
2
(1, 77)
-> Request 8
1334
(1, 1, 1)
1
(40, 10)
-> Request 9
1408
(1, 3, 2)
3
(18, 13)
--> Day : 4
-> Request 0
41
(3, 2, 1)
3
(53, 10)
-> Request 1
576
(2, 3, 2)
1
(20, 68)
-> Request 2
607
(3, 3, 2)
3
(23, 22)
-> Request 3
876
(4, 3, 2)
2
(41, 67)
-> Request 4
899
(3, 3, 1)
1
(40, 7)
-> Request 5
1067
(1, 1, 1)
3
(77, 58)
-> Request 6
1098
(4, 3, 1)
3
(43, 43)
-> Request 7
1121
(4, 1, 1)
3
(75, 55)
-> Request 8
1170
(4, 3, 1)
2
(48, 71)
-> Request 9
1225
(2, 1, 2)
1
(40, 40)
-> Request 10
1303
(2, 1, 1)
3
(35, 75)
---> Week : 67
--> Day : 0
-> Request 0
268
(3, 1, 2)
2
(70, 10)
-> Request 1
336
(1, 2, 1)
2
(57, 55)
-> Request 2
570
(1, 3, 2)
3
(45, 60)
-> Request 3
586
(2, 3, 1)
1
(36, 73)
-> Request 4
766
(3, 3, 1)
1
(52, 7)
-> Request 5
1132
(3, 2, 2)
1
(34, 20)
-> Request 6
1142
(2, 2, 2)
3
(13, 79)
-> Request 7
1145
(1, 1, 2)
1
(2, 1)
-> Request 8
1367
(1, 3, 1)
2
(6, 57)
-> Request 9
1378
(3, 2, 2)
3
(0, 55)
--> Day : 1
-> Request 0
27
(1, 3, 1)
1
(49, 57)
-> Request 1
101
(3, 2, 1)
1
(52, 15)
-> Request 2
101
(3, 2, 2)
1
(36, 62)
-> Request 3
159
(2, 1, 2)
3
(56, 17)
-> Request 4
401
(4, 2, 1)
1
(72, 17)
-> Request 5
421
(4, 2, 2)
2
(21, 21)
-> Request 6
519
(4, 3, 2)
3
(18, 32)
-> Request 7
542
(3, 1, 2)
1
(30, 6)
-> Request 8
864
(1, 3, 2)
3
(29, 65)
-> Request 9
869
(3, 3, 1)
3
(35, 53)
-> Request 10
923
(2, 2, 1)
1
(40, 37)
-> Request 11
1046
(3, 2, 2)
2
(71, 14)
-> Request 12
1310
(2, 3, 2)
3
(60, 1)
-> Request 13
1324
(4, 2, 2)
1
(0, 33)
-> Request 14
1365
(4, 2, 2)
3
(75, 54)
-> Request 15
1437
(4, 2, 1)
3
(75, 50)
--> Day : 2
-> Request 0
31
(2, 3, 1)
1
(27, 20)
-> Request 1
292
(3, 2, 2)
1
(49, 61)
-> Request 2
357
(4, 1, 2)
1
(10, 30)
-> Request 3
730
(2, 2, 2)
2
(14, 51)
-> Request 4
843
(1, 2, 2)
2
(19, 51)
-> Request 5
889
(2, 3, 2)
3
(46, 70)
-> Request 6
907
(2, 2, 2)
3
(29, 66)
-> Request 7
910
(2, 1, 1)
2
(40, 74)
-> Request 8
1052
(2, 1, 1)
2
(42, 23)
-> Request 9
1059
(1, 3, 2)
1
(2, 62)
-> Request 10
1153
(2, 2, 2)
1
(62, 12)
-> Request 11
1299
(3, 3, 2)
3
(22, 63)
-> Request 12
1325
(1, 1, 2)
1
(58, 67)
--> Day : 3
-> Request 0
7
(1, 1, 2)
1
(14, 45)
-> Request 1
100
(3, 1, 1)
1
(28, 63)
-> Request 2
314
(3, 2, 2)
1
(2, 26)
-> Request 3
416
(4, 1, 2)
2
(56, 26)
-> Request 4
425
(4, 2, 1)
1
(66, 22)
-> Request 5
836
(3, 1, 2)
1
(47, 75)
-> Request 6
870
(1, 2, 1)
2
(53, 49)
-> Request 7
912
(4, 2, 2)
1
(52, 68)
-> Request 8
1063
(2, 1, 2)
1
(27, 52)
-> Request 9
1165
(4, 1, 1)
1
(22, 60)
-> Request 10
1228
(4, 1, 2)
1
(15, 17)
-> Request 11
1308
(4, 2, 1)
1
(37, 6)
-> Request 12
1411
(3, 1, 2)
2
(5, 10)
--> Day : 4
-> Request 0
81
(2, 3, 2)
1
(21, 61)
-> Request 1
247
(3, 3, 2)
2
(35, 72)
-> Request 2
313
(4, 3, 2)
2
(26, 29)
-> Request 3
318
(3, 2, 2)
1
(20, 30)
-> Request 4
438
(4, 2, 1)
3
(8, 34)
-> Request 5
488
(3, 1, 2)
2
(10, 71)
-> Request 6
528
(3, 3, 2)
1
(21, 41)
-> Request 7
567
(4, 2, 1)
1
(45, 30)
-> Request 8
665
(1, 2, 1)
1
(57, 67)
-> Request 9
713
(3, 1, 2)
1
(50, 28)
-> Request 10
931
(4, 3, 1)
2
(11, 76)
-> Request 11
1411
(1, 2, 2)
3
(66, 52)
---> Week : 68
--> Day : 0
-> Request 0
54
(2, 2, 1)
3
(44, 43)
-> Request 1
278
(2, 3, 2)
3
(45, 36)
-> Request 2
302
(1, 3, 1)
3
(66, 41)
-> Request 3
317
(4, 1, 1)
2
(44, 70)
-> Request 4
454
(3, 2, 2)
2
(51, 60)
-> Request 5
538
(2, 2, 2)
3
(56, 35)
-> Request 6
666
(4, 2, 1)
1
(16, 61)
-> Request 7
988
(2, 2, 2)
1
(12, 30)
-> Request 8
1264
(4, 3, 2)
2
(26, 2)
-> Request 9
1282
(3, 1, 2)
2
(55, 14)
--> Day : 1
-> Request 0
335
(3, 2, 2)
1
(43, 43)
-> Request 1
426
(4, 1, 2)
1
(61, 17)
-> Request 2
802
(4, 2, 1)
3
(72, 66)
-> Request 3
929
(4, 3, 2)
3
(57, 15)
-> Request 4
1000
(3, 3, 2)
2
(52, 6)
-> Request 5
1322
(4, 1, 1)
1
(32, 45)
-> Request 6
1385
(1, 3, 2)
3
(51, 13)
--> Day : 2
-> Request 0
161
(4, 3, 2)
1
(14, 6)
-> Request 1
233
(1, 2, 2)
2
(20, 24)
-> Request 2
368
(4, 2, 2)
2
(51, 67)
-> Request 3
514
(1, 3, 1)
1
(20, 66)
-> Request 4
532
(3, 2, 2)
3
(50, 49)
-> Request 5
875
(3, 3, 1)
2
(30, 64)
--> Day : 3
-> Request 0
154
(1, 3, 2)
2
(30, 13)
-> Request 1
259
(4, 1, 2)
1
(56, 66)
-> Request 2
280
(3, 1, 1)
2
(52, 39)
-> Request 3
290
(2, 3, 2)
2
(74, 5)
-> Request 4
572
(1, 2, 2)
2
(46, 58)
-> Request 5
915
(4, 2, 2)
2
(48, 11)
-> Request 6
970
(2, 2, 1)
2
(8, 16)
-> Request 7
1006
(3, 1, 1)
3
(51, 10)
-> Request 8
1036
(4, 1, 2)
3
(31, 48)
-> Request 9
1079
(3, 2, 2)
3
(59, 74)
-> Request 10
1259
(1, 2, 1)
3
(76, 38)
--> Day : 4
-> Request 0
7
(4, 3, 2)
3
(17, 67)
-> Request 1
54
(4, 1, 1)
3
(8, 54)
-> Request 2
269
(1, 2, 1)
2
(45, 57)
-> Request 3
273
(1, 1, 1)
2
(9, 39)
-> Request 4
312
(2, 3, 1)
1
(20, 41)
-> Request 5
573
(1, 3, 1)
2
(63, 52)
-> Request 6
698
(2, 1, 2)
3
(29, 54)
-> Request 7
1284
(1, 2, 1)
2
(29, 64)
-> Request 8
1315
(1, 1, 2)
3
(2, 14)
---> Week : 69
--> Day : 0
-> Request 0
182
(4, 3, 1)
1
(63, 30)
-> Request 1
246
(2, 2, 2)
2
(4, 31)
-> Request 2
283
(4, 2, 2)
2
(60, 36)
-> Request 3
531
(4, 3, 2)
1
(46, 71)
-> Request 4
812
(1, 1, 1)
2
(72, 25)
-> Request 5
1118
(2, 2, 2)
3
(18, 55)
-> Request 6
1139
(2, 1, 2)
3
(66, 47)
-> Request 7
1173
(4, 3, 2)
1
(32, 28)
-> Request 8
1190
(1, 3, 1)
3
(31, 23)
--> Day : 1
-> Request 0
188
(1, 1, 1)
2
(65, 43)
-> Request 1
510
(3, 2, 1)
2
(25, 77)
-> Request 2
619
(4, 2, 2)
3
(33, 16)
-> Request 3
885
(1, 3, 1)
1
(78, 45)
-> Request 4
1047
(3, 1, 1)
2
(75, 63)
-> Request 5
1184
(3, 3, 2)
2
(54, 15)
-> Request 6
1216
(2, 3, 1)
3
(10, 62)
-> Request 7
1226
(4, 3, 1)
2
(10, 59)
-> Request 8
1262
(4, 3, 1)
2
(8, 1)
-> Request 9
1413
(3, 3, 1)
2
(59, 77)
--> Day : 2
-> Request 0
254
(1, 1, 1)
1
(46, 74)
-> Request 1
449
(3, 2, 1)
3
(73, 2)
-> Request 2
667
(1, 2, 1)
1
(3, 74)
-> Request 3
683
(1, 3, 1)
3
(74, 8)
-> Request 4
733
(1, 3, 1)
3
(32, 77)
-> Request 5
913
(4, 3, 2)
1
(39, 13)
-> Request 6
1215
(1, 3, 2)
2
(17, 2)
-> Request 7
1291
(2, 2, 1)
2
(42, 6)
-> Request 8
1408
(1, 1, 2)
2
(76, 14)
--> Day : 3
-> Request 0
288
(2, 3, 1)
2
(49, 29)
-> Request 1
379
(3, 1, 2)
2
(15, 21)
-> Request 2
433
(3, 2, 2)
1
(54, 68)
-> Request 3
484
(4, 2, 2)
3
(38, 7)
-> Request 4
667
(1, 1, 2)
3
(40, 19)
-> Request 5
780
(4, 2, 1)
1
(16, 71)
-> Request 6
831
(1, 2, 1)
3
(32, 34)
-> Request 7
1235
(1, 1, 1)
1
(1, 0)
-> Request 8
1388
(2, 3, 1)
2
(5, 66)
--> Day : 4
-> Request 0
114
(1, 1, 1)
3
(50, 26)
-> Request 1
394
(2, 3, 2)
3
(55, 48)
-> Request 2
628
(1, 3, 1)
3
(40, 15)
-> Request 3
1008
(4, 2, 1)
3
(5, 37)
-> Request 4
1088
(4, 1, 2)
3
(47, 45)
-> Request 5
1227
(4, 3, 2)
2
(42, 66)
-> Request 6
1278
(1, 1, 2)
3
(55, 56)
-> Request 7
1377
(2, 1, 2)
2
(13, 52)
---> Week : 70
--> Day : 0
-> Request 0
135
(4, 3, 1)
3
(45, 9)
-> Request 1
174
(1, 3, 1)
2
(18, 45)
-> Request 2
379
(1, 3, 2)
3
(54, 12)
-> Request 3
459
(3, 1, 1)
2
(55, 4)
-> Request 4
671
(2, 1, 1)
2
(5, 73)
-> Request 5
828
(2, 3, 2)
1
(28, 31)
-> Request 6
983
(4, 3, 2)
1
(71, 62)
-> Request 7
1185
(4, 1, 2)
2
(4, 4)
-> Request 8
1236
(4, 3, 1)
2
(49, 19)
-> Request 9
1253
(4, 2, 2)
3
(56, 25)
--> Day : 1
-> Request 0
23
(2, 1, 1)
1
(7, 69)
-> Request 1
246
(3, 2, 2)
2
(43, 3)
-> Request 2
288
(4, 1, 2)
3
(31, 8)
-> Request 3
433
(4, 1, 2)
3
(11, 79)
-> Request 4
1154
(1, 3, 1)
1
(55, 65)
-> Request 5
1283
(2, 3, 1)
1
(9, 22)
-> Request 6
1352
(1, 1, 1)
2
(2, 63)
-> Request 7
1371
(2, 3, 2)
2
(40, 78)
-> Request 8
1401
(4, 3, 1)
3
(26, 10)
-> Request 9
1429
(1, 2, 2)
1
(38, 3)
-> Request 10
1434
(4, 3, 1)
3
(17, 53)
--> Day : 2
-> Request 0
78
(4, 2, 1)
3
(19, 57)
-> Request 1
135
(2, 3, 1)
3
(61, 33)
-> Request 2
141
(4, 3, 1)
3
(8, 77)
-> Request 3
344
(1, 2, 1)
2
(0, 35)
-> Request 4
481
(3, 3, 1)
3
(73, 34)
-> Request 5
654
(2, 3, 2)
3
(37, 46)
-> Request 6
883
(3, 1, 1)
1
(36, 45)
-> Request 7
985
(1, 2, 1)
2
(59, 11)
-> Request 8
1004
(3, 2, 1)
3
(4, 7)
-> Request 9
1384
(1, 3, 1)
3
(79, 77)
--> Day : 3
-> Request 0
194
(1, 2, 2)
3
(45, 75)
-> Request 1
809
(1, 2, 2)
2
(72, 25)
-> Request 2
1009
(1, 3, 2)
1
(23, 21)
-> Request 3
1202
(2, 1, 1)
3
(49, 38)
-> Request 4
1393
(3, 2, 2)
3
(33, 38)
--> Day : 4
-> Request 0
146
(2, 2, 2)
3
(28, 46)
-> Request 1
276
(1, 2, 1)
3
(69, 51)
-> Request 2
353
(4, 1, 1)
2
(18, 25)
-> Request 3
385
(2, 1, 2)
1
(59, 56)
-> Request 4
1369
(1, 2, 1)
2
(65, 66)
-> Request 5
1380
(2, 2, 1)
3
(66, 67)
---> Week : 71
--> Day : 0
-> Request 0
212
(1, 1, 1)
2
(27, 62)
-> Request 1
330
(2, 2, 1)
2
(36, 75)
-> Request 2
387
(4, 3, 2)
2
(60, 6)
-> Request 3
666
(4, 1, 1)
1
(76, 7)
-> Request 4
763
(4, 1, 1)
1
(25, 2)
-> Request 5
796
(1, 1, 1)
1
(68, 45)
-> Request 6
948
(4, 2, 2)
2
(32, 44)
-> Request 7
1177
(2, 2, 1)
2
(23, 1)
-> Request 8
1263
(4, 2, 1)
3
(25, 33)
--> Day : 1
-> Request 0
160
(1, 3, 2)
2
(70, 3)
-> Request 1
316
(2, 2, 1)
2
(25, 58)
-> Request 2
442
(1, 1, 2)
3
(13, 10)
-> Request 3
774
(1, 3, 2)
2
(79, 47)
-> Request 4
786
(4, 2, 1)
1
(36, 56)
-> Request 5
835
(1, 1, 2)
3
(23, 15)
-> Request 6
939
(4, 1, 1)
3
(79, 33)
-> Request 7
1023
(2, 3, 2)
3
(35, 5)
-> Request 8
1392
(1, 3, 2)
3
(36, 29)
--> Day : 2
-> Request 0
97
(4, 3, 2)
3
(60, 23)
-> Request 1
141
(3, 2, 1)
1
(45, 21)
-> Request 2
157
(2, 2, 1)
2
(74, 34)
-> Request 3
286
(4, 2, 2)
3
(31, 55)
-> Request 4
328
(3, 1, 2)
3
(64, 39)
-> Request 5
772
(2, 3, 2)
1
(27, 40)
--> Day : 3
-> Request 0
85
(1, 2, 2)
3
(48, 29)
-> Request 1
87
(2, 1, 1)
3
(74, 43)
-> Request 2
249
(1, 1, 2)
3
(26, 79)
-> Request 3
336
(4, 3, 1)
2
(42, 3)
-> Request 4
386
(4, 2, 1)
3
(18, 59)
-> Request 5
459
(2, 1, 2)
1
(26, 69)
-> Request 6
531
(4, 1, 2)
3
(4, 78)
-> Request 7
717
(1, 2, 2)
3
(30, 69)
-> Request 8
880
(4, 1, 2)
1
(78, 9)
-> Request 9
970
(2, 3, 2)
3
(55, 51)
-> Request 10
1075
(3, 3, 1)
1
(40, 61)
-> Request 11
1310
(4, 1, 1)
1
(20, 27)
-> Request 12
1386
(4, 1, 2)
1
(51, 50)
--> Day : 4
-> Request 0
293
(1, 2, 1)
2
(9, 45)
-> Request 1
301
(2, 2, 1)
1
(68, 33)
-> Request 2
429
(1, 2, 2)
3
(16, 26)
-> Request 3
774
(3, 1, 1)
1
(57, 63)
-> Request 4
813
(3, 3, 2)
1
(5, 54)
-> Request 5
837
(2, 3, 1)
1
(67, 13)
-> Request 6
1351
(4, 3, 2)
1
(35, 3)
---> Week : 72
--> Day : 0
-> Request 0
17
(4, 1, 2)
3
(72, 14)
-> Request 1
163
(1, 2, 2)
1
(45, 29)
-> Request 2
434
(4, 1, 1)
2
(72, 61)
-> Request 3
512
(3, 3, 2)
3
(29, 30)
-> Request 4
513
(1, 2, 2)
2
(65, 22)
-> Request 5
615
(4, 1, 2)
3
(71, 9)
-> Request 6
912
(3, 3, 1)
1
(12, 44)
-> Request 7
1067
(4, 3, 1)
1
(44, 28)
-> Request 8
1175
(2, 2, 2)
2
(48, 79)
-> Request 9
1248
(2, 3, 1)
2
(27, 6)
--> Day : 1
-> Request 0
44
(3, 2, 1)
2
(62, 22)
-> Request 1
54
(2, 1, 2)
2
(17, 23)
-> Request 2
81
(4, 3, 2)
1
(13, 51)
-> Request 3
219
(2, 3, 1)
3
(77, 44)
-> Request 4
261
(3, 3, 1)
3
(68, 4)
-> Request 5
353
(4, 1, 2)
1
(20, 8)
-> Request 6
356
(1, 3, 2)
1
(68, 66)
-> Request 7
464
(1, 2, 2)
1
(8, 42)
-> Request 8
526
(3, 3, 1)
2
(70, 20)
-> Request 9
526
(1, 3, 2)
2
(10, 45)
-> Request 10
574
(1, 1, 1)
3
(32, 70)
-> Request 11
887
(1, 1, 1)
3
(41, 53)
-> Request 12
913
(4, 3, 1)
2
(61, 67)
-> Request 13
957
(2, 2, 2)
1
(29, 33)
-> Request 14
1051
(4, 1, 1)
2
(56, 76)
-> Request 15
1109
(4, 1, 1)
2
(79, 62)
-> Request 16
1244
(1, 2, 2)
3
(46, 6)
-> Request 17
1249
(1, 2, 2)
2
(47, 29)
-> Request 18
1290
(2, 3, 2)
2
(58, 37)
-> Request 19
1330
(3, 3, 1)
1
(57, 2)
--> Day : 2
-> Request 0
148
(3, 3, 2)
3
(73, 3)
-> Request 1
190
(4, 3, 2)
3
(22, 72)
-> Request 2
209
(4, 3, 2)
1
(13, 53)
-> Request 3
305
(1, 1, 2)
2
(61, 12)
-> Request 4
363
(1, 2, 2)
3
(18, 53)
-> Request 5
400
(4, 3, 2)
3
(12, 78)
-> Request 6
916
(3, 1, 1)
1
(59, 66)
-> Request 7
917
(4, 2, 2)
1
(13, 60)
-> Request 8
957
(1, 2, 2)
3
(7, 50)
-> Request 9
1194
(1, 3, 1)
3
(33, 18)
--> Day : 3
-> Request 0
32
(3, 2, 2)
1
(22, 12)
-> Request 1
449
(2, 3, 2)
2
(0, 30)
-> Request 2
791
(1, 1, 1)
1
(22, 48)
-> Request 3
979
(3, 2, 2)
1
(53, 8)
-> Request 4
1127
(2, 2, 2)
3
(37, 43)
--> Day : 4
-> Request 0
39
(4, 3, 1)
2
(73, 40)
-> Request 1
143
(3, 3, 2)
3
(52, 11)
-> Request 2
374
(3, 1, 1)
3
(75, 59)
-> Request 3
552
(4, 2, 1)
3
(12, 10)
-> Request 4
563
(3, 3, 1)
1
(62, 49)
-> Request 5
796
(4, 2, 2)
2
(35, 61)
-> Request 6
886
(3, 2, 1)
1
(66, 6)
-> Request 7
916
(2, 3, 2)
3
(10, 13)
-> Request 8
943
(3, 1, 2)
2
(75, 2)
-> Request 9
1068
(2, 1, 1)
1
(55, 9)
-> Request 10
1086
(2, 2, 1)
1
(61, 20)
-> Request 11
1087
(1, 3, 2)
3
(79, 61)
-> Request 12
1160
(4, 2, 1)
1
(40, 39)
-> Request 13
1406
(1, 3, 1)
1
(65, 70)
---> Week : 73
--> Day : 0
-> Request 0
353
(4, 3, 1)
3
(8, 49)
-> Request 1
522
(1, 1, 2)
2
(74, 38)
-> Request 2
907
(4, 1, 1)
2
(25, 16)
-> Request 3
940
(2, 1, 2)
1
(22, 54)
-> Request 4
1013
(1, 1, 2)
2
(50, 65)
-> Request 5
1177
(2, 2, 2)
1
(48, 68)
-> Request 6
1220
(2, 2, 2)
1
(13, 32)
-> Request 7
1338
(1, 1, 2)
3
(47, 63)
--> Day : 1
-> Request 0
169
(2, 1, 1)
3
(42, 31)
-> Request 1
214
(2, 1, 1)
1
(61, 13)
-> Request 2
357
(4, 3, 1)
2
(63, 28)
-> Request 3
590
(2, 2, 2)
2
(75, 11)
-> Request 4
665
(2, 2, 1)
1
(41, 78)
-> Request 5
829
(3, 2, 2)
2
(6, 72)
-> Request 6
875
(1, 3, 1)
1
(21, 14)
-> Request 7
890
(2, 3, 2)
3
(38, 72)
-> Request 8
1301
(4, 3, 1)
1
(6, 41)
--> Day : 2
-> Request 0
94
(1, 2, 2)
2
(16, 35)
-> Request 1
739
(2, 2, 2)
3
(79, 61)
-> Request 2
771
(4, 2, 1)
3
(10, 14)
-> Request 3
781
(1, 1, 2)
3
(75, 60)
-> Request 4
794
(2, 3, 1)
3
(19, 62)
-> Request 5
806
(3, 3, 2)
3
(3, 16)
-> Request 6
942
(2, 1, 2)
1
(9, 68)
-> Request 7
1243
(3, 2, 2)
1
(14, 50)
-> Request 8
1334
(4, 2, 2)
3
(24, 21)
-> Request 9
1349
(3, 2, 2)
1
(18, 21)
-> Request 10
1399
(1, 2, 2)
1
(76, 16)
--> Day : 3
-> Request 0
128
(4, 1, 1)
1
(41, 66)
-> Request 1
210
(1, 2, 2)
1
(34, 68)
-> Request 2
404
(3, 2, 1)
3
(42, 35)
-> Request 3
507
(4, 2, 2)
2
(59, 12)
-> Request 4
525
(2, 2, 2)
1
(41, 63)
-> Request 5
635
(1, 1, 2)
3
(72, 68)
-> Request 6
823
(3, 2, 2)
2
(79, 51)
-> Request 7
1362
(3, 3, 1)
1
(34, 34)
-> Request 8
1403
(2, 2, 2)
2
(46, 44)
--> Day : 4
-> Request 0
49
(4, 3, 2)
3
(69, 9)
-> Request 1
82
(1, 1, 2)
3
(5, 46)
-> Request 2
172
(2, 1, 2)
1
(75, 58)
-> Request 3
220
(4, 3, 1)
3
(16, 62)
-> Request 4
317
(3, 3, 1)
1
(4, 66)
-> Request 5
508
(1, 1, 2)
3
(74, 43)
-> Request 6
641
(3, 1, 2)
1
(63, 47)
-> Request 7
702
(3, 2, 2)
3
(67, 43)
-> Request 8
756
(4, 3, 1)
1
(15, 9)
-> Request 9
816
(3, 3, 1)
2
(48, 15)
-> Request 10
1365
(1, 2, 1)
1
(0, 41)
---> Week : 74
--> Day : 0
-> Request 0
26
(4, 2, 2)
2
(69, 50)
-> Request 1
226
(4, 1, 1)
1
(13, 21)
-> Request 2
305
(4, 3, 1)
1
(31, 77)
-> Request 3
338
(4, 1, 2)
1
(33, 24)
-> Request 4
380
(3, 2, 1)
3
(11, 61)
-> Request 5
435
(3, 1, 1)
3
(51, 8)
-> Request 6
618
(2, 3, 1)
2
(24, 35)
-> Request 7
761
(1, 2, 2)
3
(0, 42)
-> Request 8
1012
(2, 1, 1)
2
(77, 33)
-> Request 9
1024
(2, 1, 1)
2
(71, 0)
-> Request 10
1409
(3, 2, 2)
1
(48, 75)
--> Day : 1
-> Request 0
184
(4, 2, 1)
3
(3, 65)
-> Request 1
351
(1, 1, 1)
3
(79, 75)
-> Request 2
363
(4, 2, 1)
3
(53, 48)
-> Request 3
411
(2, 2, 2)
2
(74, 44)
-> Request 4
677
(4, 3, 1)
1
(33, 79)
-> Request 5
860
(3, 1, 1)
2
(0, 31)
-> Request 6
1205
(2, 2, 2)
3
(20, 71)
-> Request 7
1218
(2, 3, 2)
2
(64, 49)
-> Request 8
1260
(4, 2, 2)
1
(71, 18)
-> Request 9
1325
(4, 1, 2)
1
(70, 31)
-> Request 10
1401
(3, 3, 2)
2
(54, 11)
--> Day : 2
-> Request 0
95
(2, 3, 1)
2
(26, 49)
-> Request 1
469
(1, 1, 1)
2
(41, 57)
-> Request 2
553
(1, 2, 2)
1
(30, 48)
-> Request 3
797
(1, 1, 1)
1
(13, 31)
-> Request 4
1031
(3, 1, 1)
1
(29, 4)
-> Request 5
1089
(3, 3, 1)
1
(27, 34)
-> Request 6
1416
(4, 2, 1)
1
(37, 56)
--> Day : 3
-> Request 0
160
(3, 1, 2)
2
(12, 74)
-> Request 1
303
(1, 3, 2)
2
(38, 34)
-> Request 2
582
(3, 2, 1)
3
(5, 49)
-> Request 3
699
(3, 2, 1)
1
(76, 41)
-> Request 4
930
(2, 1, 2)
2
(75, 50)
-> Request 5
1207
(2, 2, 1)
2
(78, 38)
--> Day : 4
-> Request 0
65
(4, 2, 2)
3
(8, 48)
-> Request 1
454
(4, 1, 2)
1
(52, 8)
-> Request 2
593
(1, 1, 1)
2
(18, 78)
-> Request 3
643
(3, 2, 2)
3
(14, 27)
-> Request 4
929
(4, 3, 2)
2
(20, 34)
-> Request 5
954
(2, 1, 2)
3
(63, 48)
-> Request 6
1263
(3, 1, 1)
2
(76, 50)
---> Week : 75
--> Day : 0
-> Request 0
53
(4, 1, 2)
3
(69, 72)
-> Request 1
409
(2, 1, 1)
2
(75, 73)
-> Request 2
442
(4, 1, 1)
3
(49, 71)
-> Request 3
486
(2, 1, 1)
2
(16, 29)
-> Request 4
1209
(4, 1, 2)
1
(69, 1)
-> Request 5
1246
(3, 1, 1)
2
(75, 13)
-> Request 6
1349
(2, 1, 2)
1
(52, 49)
-> Request 7
1368
(1, 2, 1)
3
(53, 2)
-> Request 8
1416
(2, 2, 1)
3
(31, 53)
--> Day : 1
-> Request 0
325
(4, 1, 1)
1
(20, 37)
-> Request 1
624
(2, 3, 2)
2
(36, 71)
-> Request 2
658
(2, 1, 2)
1
(44, 44)
-> Request 3
717
(3, 1, 2)
2
(24, 16)
-> Request 4
1015
(3, 2, 1)
2
(17, 35)
--> Day : 2
-> Request 0
34
(2, 2, 2)
3
(59, 2)
-> Request 1
230
(3, 1, 1)
2
(16, 7)
-> Request 2
363
(3, 2, 2)
3
(16, 56)
-> Request 3
631
(3, 2, 1)
2
(36, 46)
-> Request 4
770
(2, 3, 1)
2
(69, 40)
-> Request 5
1226
(1, 1, 1)
1
(17, 6)
-> Request 6
1364
(4, 3, 1)
2
(55, 63)
-> Request 7
1417
(3, 3, 1)
2
(4, 27)
--> Day : 3
-> Request 0
78
(4, 1, 1)
2
(76, 68)
-> Request 1
193
(3, 3, 2)
1
(74, 36)
-> Request 2
375
(2, 2, 1)
3
(47, 39)
-> Request 3
423
(2, 2, 2)
3
(52, 63)
-> Request 4
722
(4, 2, 1)
1
(60, 35)
-> Request 5
763
(4, 2, 1)
3
(51, 0)
-> Request 6
786
(3, 2, 2)
3
(57, 29)
-> Request 7
805
(1, 1, 2)
2
(76, 5)
-> Request 8
812
(2, 2, 1)
3
(2, 46)
-> Request 9
892
(1, 3, 2)
2
(70, 5)
-> Request 10
1228
(1, 2, 1)
3
(78, 37)
-> Request 11
1340
(2, 2, 1)
2
(45, 48)
-> Request 12
1362
(3, 3, 1)
1
(30, 6)
--> Day : 4
-> Request 0
35
(4, 1, 2)
1
(30, 5)
-> Request 1
288
(3, 1, 2)
1
(38, 33)
-> Request 2
453
(1, 2, 2)
3
(26, 68)
-> Request 3
775
(4, 2, 2)
1
(41, 77)
-> Request 4
1014
(4, 2, 2)
1
(72, 16)
-> Request 5
1181
(2, 3, 1)
1
(21, 45)
-> Request 6
1210
(3, 2, 1)
3
(12, 2)
-> Request 7
1296
(4, 1, 2)
1
(49, 53)
---> Week : 76
--> Day : 0
-> Request 0
838
(2, 2, 2)
2
(2, 50)
-> Request 1
973
(3, 3, 1)
1
(15, 46)
-> Request 2
1008
(2, 2, 1)
3
(23, 69)
-> Request 3
1185
(4, 2, 1)
3
(7, 51)
-> Request 4
1298
(3, 2, 2)
2
(58, 12)
-> Request 5
1302
(3, 1, 1)
3
(45, 24)
-> Request 6
1421
(3, 1, 1)
3
(36, 67)
-> Request 7
1439
(4, 2, 1)
2
(56, 25)
--> Day : 1
-> Request 0
304
(3, 3, 1)
2
(36, 67)
-> Request 1
532
(4, 3, 2)
2
(42, 72)
-> Request 2
614
(1, 3, 2)
1
(65, 20)
-> Request 3
665
(1, 1, 1)
1
(30, 54)
-> Request 4
866
(3, 3, 1)
2
(47, 40)
-> Request 5
1305
(1, 3, 1)
2
(61, 45)
-> Request 6
1309
(1, 2, 2)
2
(38, 77)
--> Day : 2
-> Request 0
101
(4, 2, 2)
2
(50, 59)
-> Request 1
102
(2, 2, 2)
1
(44, 66)
-> Request 2
104
(3, 2, 1)
1
(73, 33)
-> Request 3
134
(4, 3, 2)
3
(76, 44)
-> Request 4
228
(3, 3, 2)
3
(33, 2)
-> Request 5
230
(3, 3, 2)
3
(43, 3)
-> Request 6
442
(3, 1, 1)
1
(40, 68)
-> Request 7
661
(3, 2, 2)
3
(36, 1)
-> Request 8
969
(2, 3, 1)
3
(56, 60)
-> Request 9
1042
(4, 2, 2)
1
(43, 31)
-> Request 10
1093
(1, 1, 2)
1
(76, 11)
-> Request 11
1097
(3, 2, 2)
3
(67, 53)
-> Request 12
1104
(4, 3, 1)
1
(29, 75)
--> Day : 3
-> Request 0
37
(2, 3, 2)
1
(63, 47)
-> Request 1
583
(2, 2, 2)
2
(42, 77)
-> Request 2
601
(2, 3, 1)
3
(49, 79)
-> Request 3
809
(4, 2, 1)
2
(2, 31)
-> Request 4
1180
(2, 1, 2)
3
(31, 67)
-> Request 5
1306
(1, 1, 2)
1
(22, 1)
-> Request 6
1425
(1, 1, 2)
3
(24, 37)
--> Day : 4
-> Request 0
549
(2, 3, 1)
1
(49, 7)
-> Request 1
900
(2, 2, 2)
2
(25, 74)
-> Request 2
1086
(2, 3, 1)
2
(29, 49)
-> Request 3
1231
(1, 2, 1)
1
(59, 71)
-> Request 4
1423
(4, 1, 1)
3
(37, 14)
---> Week : 77
--> Day : 0
-> Request 0
97
(2, 2, 1)
2
(42, 46)
-> Request 1
273
(2, 3, 1)
2
(23, 21)
-> Request 2
372
(1, 3, 2)
1
(2, 79)
-> Request 3
545
(3, 3, 1)
2
(7, 73)
-> Request 4
548
(3, 1, 1)
3
(23, 58)
-> Request 5
999
(2, 1, 1)
3
(65, 52)
--> Day : 1
-> Request 0
72
(3, 3, 1)
3
(19, 52)
-> Request 1
179
(3, 2, 1)
1
(1, 5)
-> Request 2
628
(3, 3, 2)
2
(64, 71)
-> Request 3
812
(3, 2, 1)
1
(42, 2)
--> Day : 2
-> Request 0
81
(3, 3, 2)
2
(46, 50)
-> Request 1
144
(4, 1, 2)
2
(22, 26)
-> Request 2
852
(2, 1, 2)
3
(9, 19)
-> Request 3
1013
(4, 1, 1)
3
(20, 31)
-> Request 4
1263
(4, 3, 2)
3
(60, 74)
--> Day : 3
-> Request 0
101
(4, 3, 2)
3
(14, 58)
-> Request 1
526
(2, 1, 1)
3
(26, 76)
-> Request 2
593
(2, 1, 1)
1
(63, 29)
-> Request 3
609
(1, 2, 1)
2
(4, 2)
-> Request 4
756
(4, 1, 2)
1
(4, 37)
-> Request 5
844
(1, 2, 2)
1
(14, 5)
-> Request 6
900
(1, 1, 2)
1
(17, 52)
-> Request 7
1011
(2, 3, 1)
2
(59, 38)
-> Request 8
1059
(3, 2, 1)
2
(33, 38)
--> Day : 4
-> Request 0
96
(2, 3, 1)
2
(5, 59)
-> Request 1
141
(1, 3, 1)
3
(7, 41)
-> Request 2
263
(2, 3, 2)
1
(71, 70)
-> Request 3
276
(2, 1, 1)
2
(13, 59)
-> Request 4
381
(3, 3, 1)
1
(12, 52)
-> Request 5
673
(3, 3, 1)
3
(39, 48)
-> Request 6
878
(4, 1, 1)
2
(15, 50)
-> Request 7
1035
(4, 3, 1)
3
(40, 12)
-> Request 8
1042
(1, 3, 2)
3
(61, 66)
-> Request 9
1075
(2, 1, 2)
1
(21, 31)
-> Request 10
1336
(1, 1, 1)
2
(12, 53)
-> Request 11
1337
(3, 3, 2)
2
(26, 0)
---> Week : 78
--> Day : 0
-> Request 0
96
(3, 2, 2)
2
(40, 71)
-> Request 1
140
(1, 3, 1)
1
(78, 74)
-> Request 2
145
(4, 1, 1)
2
(51, 57)
-> Request 3
245
(3, 1, 1)
3
(55, 56)
-> Request 4
460
(1, 2, 2)
1
(47, 68)
-> Request 5
472
(1, 2, 1)
1
(68, 46)
-> Request 6
717
(3, 2, 2)
2
(26, 14)
-> Request 7
738
(1, 1, 1)
3
(79, 76)
-> Request 8
783
(3, 2, 1)
1
(75, 19)
-> Request 9
894
(4, 3, 1)
3
(74, 38)
-> Request 10
966
(3, 2, 2)
2
(73, 77)
-> Request 11
1245
(1, 1, 2)
1
(13, 67)
-> Request 12
1378
(4, 1, 1)
2
(48, 71)
--> Day : 1
-> Request 0
228
(1, 2, 2)
3
(48, 68)
-> Request 1
348
(3, 3, 2)
2
(69, 22)
-> Request 2
504
(3, 1, 2)
1
(16, 57)
-> Request 3
668
(4, 2, 1)
1
(59, 56)
-> Request 4
1162
(2, 1, 1)
2
(27, 34)
-> Request 5
1180
(3, 2, 2)
1
(67, 5)
-> Request 6
1351
(2, 3, 2)
3
(78, 32)
-> Request 7
1431
(4, 3, 1)
3
(49, 52)
--> Day : 2
-> Request 0
224
(3, 1, 2)
3
(18, 47)
-> Request 1
300
(4, 2, 1)
2
(25, 32)
-> Request 2
346
(4, 1, 2)
3
(67, 59)
-> Request 3
1303
(4, 1, 1)
3
(18, 60)
--> Day : 3
-> Request 0
320
(4, 1, 2)
3
(15, 38)
-> Request 1
328
(2, 1, 1)
1
(14, 49)
-> Request 2
332
(1, 3, 2)
2
(59, 24)
-> Request 3
741
(2, 2, 1)
3
(13, 68)
-> Request 4
870
(4, 1, 1)
2
(23, 64)
-> Request 5
1009
(4, 1, 2)
2
(76, 1)
-> Request 6
1289
(2, 1, 2)
3
(40, 30)
-> Request 7
1324
(4, 1, 2)
2
(38, 62)
--> Day : 4
-> Request 0
277
(1, 2, 1)
1
(61, 38)
-> Request 1
278
(3, 1, 1)
3
(25, 44)
-> Request 2
406
(2, 1, 2)
2
(47, 42)
-> Request 3
620
(1, 3, 2)
3
(37, 20)
-> Request 4
930
(1, 2, 2)
1
(2, 2)
-> Request 5
950
(4, 2, 1)
3
(22, 68)
-> Request 6
1138
(3, 1, 2)
3
(47, 62)
-> Request 7
1154
(2, 3, 2)
2
(65, 34)
-> Request 8
1197
(2, 3, 2)
1
(59, 17)
-> Request 9
1415
(3, 3, 1)
3
(75, 11)
-> Request 10
1424
(1, 1, 2)
3
(63, 19)
---> Week : 79
--> Day : 0
-> Request 0
60
(4, 1, 2)
2
(48, 43)
-> Request 1
103
(3, 1, 2)
2
(73, 53)
-> Request 2
242
(1, 1, 2)
1
(65, 16)
-> Request 3
457
(2, 3, 1)
3
(25, 27)
-> Request 4
878
(1, 3, 2)
2
(64, 10)
-> Request 5
913
(3, 3, 1)
2
(41, 60)
-> Request 6
977
(2, 2, 2)
2
(76, 25)
-> Request 7
997
(2, 2, 2)
1
(68, 53)
-> Request 8
1011
(3, 1, 1)
1
(75, 63)
-> Request 9
1232
(3, 1, 2)
1
(70, 54)
-> Request 10
1250
(2, 2, 2)
3
(38, 55)
--> Day : 1
-> Request 0
68
(1, 2, 2)
1
(78, 67)
-> Request 1
347
(2, 2, 1)
2
(77, 2)
-> Request 2
412
(3, 2, 1)
3
(18, 27)
-> Request 3
485
(4, 3, 2)
2
(10, 46)
-> Request 4
488
(2, 1, 1)
1
(61, 31)
-> Request 5
800
(2, 3, 2)
2
(48, 52)
-> Request 6
821
(3, 2, 1)
2
(5, 73)
-> Request 7
825
(2, 2, 2)
1
(40, 77)
-> Request 8
942
(1, 3, 1)
3
(35, 46)
-> Request 9
962
(1, 3, 2)
1
(13, 13)
-> Request 10
1080
(3, 2, 1)
1
(39, 71)
-> Request 11
1148
(3, 3, 2)
1
(59, 41)
-> Request 12
1300
(3, 2, 1)
3
(49, 0)
-> Request 13
1303
(1, 3, 1)
2
(51, 36)
-> Request 14
1408
(1, 3, 2)
2
(60, 39)
--> Day : 2
-> Request 0
9
(3, 3, 2)
1
(55, 27)
-> Request 1
61
(1, 1, 1)
1
(53, 39)
-> Request 2
138
(2, 1, 1)
1
(39, 0)
-> Request 3
143
(1, 3, 2)
3
(6, 75)
-> Request 4
159
(3, 2, 2)
1
(11, 25)
-> Request 5
269
(4, 1, 2)
2
(66, 6)
-> Request 6
412
(2, 2, 2)
2
(55, 38)
-> Request 7
748
(3, 2, 2)
2
(39, 3)
-> Request 8
811
(1, 1, 2)
3
(20, 22)
-> Request 9
958
(4, 2, 1)
1
(25, 15)
-> Request 10
1100
(2, 1, 1)
2
(72, 58)
--> Day : 3
-> Request 0
143
(4, 1, 1)
1
(29, 13)
-> Request 1
298
(2, 3, 1)
2
(75, 33)
-> Request 2
667
(1, 2, 2)
1
(74, 47)
-> Request 3
721
(2, 3, 2)
3
(20, 58)
-> Request 4
817
(3, 1, 1)
2
(55, 17)
-> Request 5
1013
(2, 3, 1)
1
(11, 52)
-> Request 6
1018
(2, 2, 2)
2
(53, 55)
-> Request 7
1154
(2, 2, 1)
1
(48, 2)
-> Request 8
1167
(4, 3, 2)
3
(58, 36)
-> Request 9
1285
(3, 1, 1)
1
(63, 51)
--> Day : 4
-> Request 0
603
(3, 2, 2)
3
(64, 16)
-> Request 1
1023
(2, 1, 1)
3
(33, 5)
-> Request 2
1030
(4, 3, 2)
2
(59, 44)
-> Request 3
1184
(3, 2, 2)
3
(75, 21)
-> Request 4
1275
(1, 3, 2)
1
(54, 68)
---> Week : 80
--> Day : 0
-> Request 0
450
(3, 1, 1)
3
(43, 20)
-> Request 1
495
(1, 2, 2)
3
(72, 75)
-> Request 2
504
(2, 1, 1)
2
(44, 29)
-> Request 3
511
(4, 3, 1)
1
(17, 66)
-> Request 4
636
(2, 3, 1)
1
(74, 55)
-> Request 5
697
(3, 3, 2)
3
(51, 52)
-> Request 6
928
(1, 1, 2)
3
(37, 38)
-> Request 7
1161
(1, 1, 2)
3
(42, 22)
-> Request 8
1424
(3, 2, 2)
1
(13, 58)
--> Day : 1
-> Request 0
342
(3, 2, 2)
2
(76, 65)
-> Request 1
594
(2, 1, 1)
2
(76, 9)
-> Request 2
606
(3, 1, 1)
2
(17, 76)
-> Request 3
1030
(4, 1, 1)
2
(21, 23)
-> Request 4
1047
(3, 3, 1)
2
(24, 38)
-> Request 5
1349
(3, 1, 2)
1
(32, 22)
-> Request 6
1376
(1, 3, 2)
3
(71, 39)
--> Day : 2
-> Request 0
449
(1, 3, 1)
3
(64, 63)
-> Request 1
582
(3, 1, 1)
3
(54, 74)
-> Request 2
735
(2, 2, 1)
3
(42, 67)
-> Request 3
810
(2, 1, 1)
2
(19, 44)
-> Request 4
880
(3, 3, 1)
2
(47, 56)
-> Request 5
1269
(1, 3, 2)
1
(53, 61)
-> Request 6
1297
(3, 3, 2)
2
(65, 59)
-> Request 7
1309
(3, 2, 2)
3
(46, 62)
-> Request 8
1360
(2, 3, 2)
1
(5, 12)
-> Request 9
1409
(3, 1, 2)
1
(21, 2)
--> Day : 3
-> Request 0
225
(4, 2, 2)
1
(8, 41)
-> Request 1
267
(1, 2, 2)
2
(7, 61)
-> Request 2
329
(3, 1, 1)
3
(59, 43)
-> Request 3
334
(1, 2, 1)
2
(10, 24)
-> Request 4
338
(2, 1, 2)
2
(4, 65)
-> Request 5
418
(2, 2, 1)
1
(3, 46)
-> Request 6
469
(2, 2, 1)
2
(34, 64)
-> Request 7
749
(3, 2, 2)
1
(70, 78)
-> Request 8
1002
(3, 2, 2)
1
(21, 59)
-> Request 9
1033
(1, 3, 2)
3
(59, 75)
-> Request 10
1081
(3, 2, 2)
1
(38, 1)
-> Request 11
1345
(4, 1, 1)
1
(48, 54)
-> Request 12
1373
(1, 1, 1)
1
(71, 61)
--> Day : 4
-> Request 0
387
(3, 2, 1)
1
(25, 51)
-> Request 1
551
(1, 1, 2)
2
(43, 67)
-> Request 2
833
(3, 1, 1)
3
(77, 23)
-> Request 3
911
(1, 3, 2)
3
(14, 78)
-> Request 4
1377
(3, 2, 2)
3
(66, 40)
-> Request 5
1434
(2, 1, 2)
1
(8, 66)
---> Week : 81
--> Day : 0
-> Request 0
44
(1, 1, 1)
1
(25, 4)
-> Request 1
101
(1, 2, 1)
2
(46, 76)
-> Request 2
428
(4, 3, 2)
1
(52, 76)
-> Request 3
450
(2, 3, 1)
2
(23, 54)
-> Request 4
482
(3, 2, 1)
2
(10, 1)
-> Request 5
720
(1, 3, 2)
1
(69, 73)
-> Request 6
725
(2, 3, 2)
1
(66, 60)
-> Request 7
913
(4, 1, 2)
1
(59, 24)
-> Request 8
962
(4, 3, 1)
3
(22, 2)
-> Request 9
1005
(3, 1, 1)
2
(6, 32)
-> Request 10
1170
(2, 2, 2)
2
(69, 62)
-> Request 11
1226
(2, 1, 2)
3
(62, 79)
-> Request 12
1280
(3, 3, 2)
2
(45, 17)
-> Request 13
1342
(2, 2, 1)
3
(22, 49)
-> Request 14
1406
(1, 2, 1)
3
(8, 0)
--> Day : 1
-> Request 0
11
(3, 2, 2)
2
(1, 64)
-> Request 1
527
(2, 2, 1)
1
(69, 7)
-> Request 2
611
(4, 1, 2)
3
(79, 38)
-> Request 3
856
(4, 1, 2)
1
(31, 38)
-> Request 4
925
(3, 2, 2)
1
(27, 11)
-> Request 5
1072
(1, 2, 2)
2
(0, 21)
-> Request 6
1073
(3, 1, 2)
1
(58, 54)
-> Request 7
1081
(2, 1, 2)
1
(78, 19)
-> Request 8
1433
(1, 2, 2)
1
(36, 52)
--> Day : 2
-> Request 0
61
(1, 3, 1)
3
(9, 30)
-> Request 1
101
(3, 2, 1)
3
(62, 58)
-> Request 2
144
(3, 1, 2)
1
(25, 2)
-> Request 3
153
(2, 1, 1)
2
(16, 77)
-> Request 4
163
(2, 2, 1)
3
(4, 24)
-> Request 5
305
(1, 3, 2)
3
(0, 77)
-> Request 6
309
(4, 1, 2)
3
(74, 29)
-> Request 7
449
(2, 3, 2)
1
(27, 12)
-> Request 8
493
(3, 3, 1)
1
(3, 54)
-> Request 9
733
(2, 3, 2)
3
(29, 58)
-> Request 10
764
(1, 2, 1)
2
(37, 53)
-> Request 11
826
(1, 3, 1)
2
(20, 2)
-> Request 12
827
(1, 1, 1)
1
(41, 71)
-> Request 13
864
(2, 2, 1)
3
(35, 51)
-> Request 14
909
(3, 1, 1)
1
(34, 24)
-> Request 15
937
(4, 3, 1)
3
(16, 78)
-> Request 16
1068
(2, 3, 1)
2
(28, 4)
-> Request 17
1212
(1, 2, 2)
3
(64, 37)
-> Request 18
1269
(1, 3, 1)
3
(75, 11)
-> Request 19
1346
(1, 2, 1)
2
(74, 58)
-> Request 20
1419
(3, 3, 2)
1
(40, 45)
--> Day : 3
-> Request 0
116
(3, 1, 2)
1
(4, 66)
-> Request 1
192
(3, 1, 1)
3
(64, 36)
-> Request 2
477
(4, 3, 2)
2
(2, 51)
-> Request 3
521
(4, 3, 1)
2
(15, 14)
-> Request 4
620
(1, 1, 2)
2
(20, 6)
-> Request 5
646
(4, 2, 2)
1
(56, 11)
-> Request 6
895
(4, 3, 2)
3
(10, 28)
-> Request 7
900
(2, 1, 1)
1
(13, 14)
-> Request 8
903
(3, 1, 2)
2
(62, 18)
--> Day : 4
-> Request 0
69
(3, 1, 2)
1
(1, 65)
-> Request 1
77
(4, 2, 1)
2
(32, 32)
-> Request 2
147
(2, 3, 2)
2
(72, 65)
-> Request 3
202
(1, 3, 1)
2
(11, 78)
-> Request 4
230
(2, 3, 1)
3
(61, 59)
-> Request 5
356
(2, 3, 2)
1
(23, 15)
-> Request 6
380
(4, 1, 1)
2
(24, 19)
-> Request 7
433
(4, 2, 2)
1
(35, 50)
-> Request 8
558
(1, 1, 1)
1
(71, 28)
-> Request 9
624
(3, 3, 1)
3
(51, 48)
-> Request 10
648
(1, 1, 2)
3
(62, 64)
-> Request 11
733
(4, 1, 2)
2
(11, 47)
-> Request 12
785
(3, 2, 2)
2
(44, 60)
-> Request 13
917
(3, 3, 1)
2
(24, 3)
-> Request 14
931
(2, 2, 2)
2
(3, 64)
-> Request 15
1419
(1, 2, 2)
2
(74, 78)
---> Week : 82
--> Day : 0
-> Request 0
199
(3, 1, 1)
3
(23, 16)
-> Request 1
238
(1, 3, 1)
2
(53, 11)
-> Request 2
378
(4, 1, 1)
1
(36, 13)
-> Request 3
408
(2, 1, 1)
3
(24, 19)
-> Request 4
444
(4, 1, 1)
3
(60, 35)
-> Request 5
504
(4, 1, 2)
1
(32, 4)
-> Request 6
552
(4, 1, 2)
3
(71, 56)
-> Request 7
908
(2, 2, 1)
2
(52, 69)
-> Request 8
1084
(1, 1, 1)
3
(3, 76)
-> Request 9
1110
(2, 3, 1)
2
(37, 14)
-> Request 10
1206
(4, 3, 2)
2
(49, 64)
-> Request 11
1314
(3, 2, 2)
2
(58, 65)
--> Day : 1
-> Request 0
3
(4, 2, 1)
1
(15, 24)
-> Request 1
182
(2, 1, 2)
1
(27, 71)
-> Request 2
283
(2, 2, 2)
2
(57, 65)
-> Request 3
376
(2, 3, 2)
2
(10, 75)
-> Request 4
649
(1, 1, 2)
3
(65, 7)
-> Request 5
774
(1, 1, 2)
2
(40, 30)
-> Request 6
1041
(4, 1, 2)
3
(66, 6)
-> Request 7
1113
(4, 2, 1)
2
(73, 4)
-> Request 8
1250
(2, 3, 2)
1
(79, 20)
-> Request 9
1359
(4, 1, 2)
3
(72, 1)
--> Day : 2
-> Request 0
113
(4, 1, 1)
3
(76, 9)
-> Request 1
158
(1, 2, 1)
2
(32, 38)
-> Request 2
184
(2, 1, 1)
2
(34, 40)
-> Request 3
296
(2, 1, 2)
2
(76, 48)
-> Request 4
312
(2, 2, 2)
3
(53, 5)
-> Request 5
690
(2, 1, 2)
3
(15, 50)
-> Request 6
760
(1, 2, 2)
2
(49, 67)
-> Request 7
905
(3, 3, 1)
2
(3, 35)
--> Day : 3
-> Request 0
78
(3, 1, 1)
1
(38, 20)
-> Request 1
145
(1, 3, 2)
2
(59, 48)
-> Request 2
182
(3, 1, 1)
2
(79, 50)
-> Request 3
449
(2, 3, 2)
3
(74, 42)
-> Request 4
515
(2, 1, 1)
2
(42, 64)
-> Request 5
559
(2, 3, 1)
2
(37, 50)
-> Request 6
1040
(4, 2, 1)
2
(36, 44)
-> Request 7
1054
(4, 3, 2)
3
(45, 37)
-> Request 8
1078
(1, 3, 1)
1
(67, 0)
-> Request 9
1368
(3, 2, 2)
1
(50, 22)
-> Request 10
1429
(4, 3, 2)
2
(39, 53)
--> Day : 4
-> Request 0
32
(4, 2, 1)
2
(58, 5)
-> Request 1
158
(4, 2, 1)
3
(69, 79)
-> Request 2
218
(3, 1, 1)
1
(8, 26)
-> Request 3
362
(2, 3, 2)
2
(45, 17)
-> Request 4
409
(3, 3, 2)
3
(71, 50)
-> Request 5
711
(1, 3, 2)
2
(8, 72)
-> Request 6
876
(4, 1, 2)
3
(13, 6)
-> Request 7
1105
(1, 2, 2)
2
(25, 31)
-> Request 8
1424
(1, 1, 1)
1
(16, 14)
---> Week : 83
--> Day : 0
-> Request 0
386
(1, 3, 2)
1
(49, 10)
-> Request 1
399
(2, 1, 1)
1
(69, 9)
-> Request 2
608
(3, 1, 1)
2
(29, 13)
-> Request 3
690
(1, 1, 1)
3
(63, 52)
-> Request 4
1088
(2, 3, 2)
1
(4, 63)
-> Request 5
1294
(2, 1, 1)
3
(40, 72)
--> Day : 1
-> Request 0
145
(2, 1, 1)
2
(74, 63)
-> Request 1
179
(2, 3, 1)
1
(43, 49)
-> Request 2
209
(2, 2, 2)
1
(51, 42)
-> Request 3
242
(4, 1, 1)
3
(22, 52)
-> Request 4
447
(3, 1, 1)
1
(42, 63)
-> Request 5
451
(4, 1, 1)
3
(47, 29)
-> Request 6
519
(3, 2, 1)
3
(68, 14)
-> Request 7
1252
(1, 3, 2)
3
(79, 79)
-> Request 8
1284
(2, 1, 1)
3
(14, 38)
--> Day : 2
-> Request 0
126
(2, 3, 1)
1
(72, 40)
-> Request 1
451
(1, 1, 2)
3
(67, 9)
-> Request 2
483
(4, 1, 1)
3
(67, 70)
-> Request 3
563
(3, 2, 2)
3
(47, 51)
-> Request 4
832
(3, 1, 1)
1
(12, 30)
-> Request 5
856
(4, 1, 2)
3
(72, 0)
-> Request 6
1160
(4, 2, 1)
2
(69, 63)
--> Day : 3
-> Request 0
185
(4, 2, 1)
1
(33, 27)
-> Request 1
411
(2, 1, 1)
2
(49, 45)
-> Request 2
457
(3, 2, 1)
2
(57, 63)
-> Request 3
718
(3, 1, 2)
1
(26, 73)
-> Request 4
719
(2, 2, 1)
1
(22, 31)
-> Request 5
770
(2, 3, 2)
1
(70, 10)
-> Request 6
792
(1, 3, 1)
1
(68, 49)
-> Request 7
905
(2, 1, 1)
3
(13, 20)
-> Request 8
1212
(1, 1, 1)
1
(26, 48)
-> Request 9
1286
(3, 1, 2)
3
(7, 66)
--> Day : 4
-> Request 0
409
(3, 3, 2)
1
(24, 66)
-> Request 1
637
(1, 3, 1)
3
(39, 16)
-> Request 2
665
(2, 1, 2)
2
(10, 31)
-> Request 3
961
(2, 1, 1)
1
(47, 19)
---> Week : 84
--> Day : 0
-> Request 0
93
(4, 1, 2)
1
(25, 3)
-> Request 1
125
(3, 1, 2)
3
(56, 10)
-> Request 2
551
(4, 3, 1)
1
(27, 32)
-> Request 3
610
(2, 2, 1)
3
(3, 5)
-> Request 4
893
(2, 1, 2)
3
(79, 46)
-> Request 5
1157
(4, 2, 2)
3
(50, 15)
-> Request 6
1216
(1, 2, 1)
2
(60, 60)
--> Day : 1
-> Request 0
104
(3, 1, 2)
2
(3, 4)
-> Request 1
154
(1, 3, 1)
2
(33, 12)
-> Request 2
172
(2, 3, 2)
3
(33, 68)
-> Request 3
255
(2, 3, 1)
2
(69, 19)
-> Request 4
469
(2, 1, 1)
3
(75, 8)
-> Request 5
521
(3, 3, 1)
2
(54, 55)
-> Request 6
552
(4, 1, 2)
2
(73, 39)
-> Request 7
563
(2, 2, 1)
1
(63, 21)
-> Request 8
640
(1, 2, 1)
3
(74, 12)
-> Request 9
919
(1, 3, 1)
2
(66, 29)
-> Request 10
1258
(1, 3, 2)
2
(0, 75)
-> Request 11
1387
(2, 1, 2)
1
(0, 26)
--> Day : 2
-> Request 0
9
(2, 3, 1)
3
(51, 64)
-> Request 1
92
(3, 1, 2)
2
(0, 24)
-> Request 2
243
(1, 1, 2)
1
(34, 60)
-> Request 3
476
(4, 3, 1)
2
(9, 57)
-> Request 4
574
(3, 2, 1)
2
(63, 64)
-> Request 5
730
(1, 1, 2)
1
(11, 45)
-> Request 6
827
(2, 3, 1)
1
(70, 17)
-> Request 7
1014
(1, 1, 2)
2
(24, 45)
-> Request 8
1368
(1, 2, 2)
1
(5, 27)
--> Day : 3
-> Request 0
5
(2, 1, 2)
1
(56, 16)
-> Request 1
352
(4, 1, 2)
1
(41, 9)
-> Request 2
427
(3, 3, 1)
2
(46, 34)
-> Request 3
445
(1, 3, 2)
2
(6, 26)
-> Request 4
541
(1, 2, 1)
1
(59, 66)
-> Request 5
1135
(4, 3, 1)
1
(17, 52)
-> Request 6
1171
(1, 2, 1)
3
(11, 78)
--> Day : 4
-> Request 0
7
(1, 1, 1)
2
(61, 30)
-> Request 1
160
(1, 1, 2)
3
(51, 20)
-> Request 2
207
(4, 2, 1)
1
(52, 57)
-> Request 3
345
(2, 1, 2)
3
(67, 56)
-> Request 4
607
(4, 2, 2)
3
(10, 42)
-> Request 5
959
(4, 3, 1)
2
(67, 40)
-> Request 6
1165
(2, 1, 2)
3
(62, 66)
-> Request 7
1243
(3, 1, 2)
3
(33, 23)
-> Request 8
1368
(3, 1, 2)
3
(2, 79)
-> Request 9
1407
(2, 3, 1)
2
(45, 17)
---> Week : 85
--> Day : 0
-> Request 0
58
(3, 1, 1)
1
(38, 50)
-> Request 1
433
(3, 3, 1)
1
(71, 74)
-> Request 2
466
(2, 1, 2)
1
(62, 69)
-> Request 3
601
(4, 3, 1)
2
(36, 58)
-> Request 4
636
(4, 1, 2)
3
(65, 15)
-> Request 5
731
(2, 2, 1)
2
(34, 18)
-> Request 6
779
(4, 2, 2)
2
(6, 41)
-> Request 7
780
(4, 3, 2)
2
(26, 34)
-> Request 8
831
(1, 2, 1)
1
(25, 33)
-> Request 9
839
(4, 1, 2)
1
(65, 0)
-> Request 10
914
(2, 3, 2)
2
(9, 71)
-> Request 11
1059
(1, 3, 1)
1
(48, 17)
-> Request 12
1177
(3, 1, 2)
3
(54, 7)
-> Request 13
1304
(3, 1, 2)
1
(70, 12)
-> Request 14
1381
(3, 3, 1)
2
(48, 48)
-> Request 15
1413
(3, 3, 1)
3
(55, 78)
--> Day : 1
-> Request 0
40
(3, 3, 2)
1
(51, 1)
-> Request 1
91
(1, 2, 2)
3
(76, 22)
-> Request 2
173
(1, 1, 1)
1
(28, 7)
-> Request 3
305
(1, 3, 2)
2
(54, 44)
-> Request 4
362
(3, 3, 1)
3
(68, 66)
-> Request 5
623
(1, 2, 1)
3
(8, 35)
-> Request 6
687
(2, 2, 1)
2
(63, 75)
-> Request 7
1034
(4, 3, 2)
2
(34, 16)
-> Request 8
1119
(2, 2, 1)
3
(15, 34)
-> Request 9
1249
(4, 1, 1)
1
(20, 16)
-> Request 10
1292
(4, 2, 2)
1
(25, 2)
-> Request 11
1304
(1, 2, 2)
2
(28, 68)
-> Request 12
1393
(3, 2, 2)
1
(54, 72)
--> Day : 2
-> Request 0
16
(3, 3, 2)
2
(63, 28)
-> Request 1
81
(2, 2, 1)
3
(69, 2)
-> Request 2
158
(2, 3, 1)
2
(25, 17)
-> Request 3
266
(3, 1, 1)
2
(23, 54)
-> Request 4
611
(4, 3, 2)
1
(18, 3)
-> Request 5
751
(4, 2, 1)
2
(0, 33)
-> Request 6
990
(2, 3, 1)
1
(23, 43)
-> Request 7
1003
(2, 2, 2)
2
(62, 45)
-> Request 8
1146
(3, 2, 2)
2
(43, 75)
--> Day : 3
-> Request 0
116
(3, 3, 1)
2
(2, 33)
-> Request 1
164
(3, 2, 2)
2
(6, 44)
-> Request 2
381
(3, 1, 2)
2
(75, 29)
-> Request 3
387
(1, 3, 2)
2
(8, 5)
-> Request 4
456
(4, 3, 2)
1
(42, 75)
-> Request 5
631
(2, 3, 1)
2
(14, 45)
-> Request 6
880
(1, 2, 2)
3
(27, 68)
-> Request 7
1183
(4, 3, 1)
1
(49, 14)
-> Request 8
1367
(2, 3, 1)
1
(55, 6)
-> Request 9
1401
(3, 3, 2)
1
(75, 71)
--> Day : 4
-> Request 0
102
(1, 3, 2)
2
(30, 36)
-> Request 1
215
(2, 1, 2)
3
(30, 57)
-> Request 2
351
(1, 3, 1)
2
(58, 27)
-> Request 3
452
(2, 2, 1)
3
(75, 41)
-> Request 4
979
(3, 3, 2)
3
(21, 6)
-> Request 5
1227
(4, 3, 1)
1
(50, 26)
-> Request 6
1307
(1, 1, 1)
3
(45, 67)
-> Request 7
1308
(1, 3, 2)
1
(76, 31)
---> Week : 86
--> Day : 0
-> Request 0
36
(3, 3, 1)
1
(36, 63)
-> Request 1
55
(2, 2, 2)
3
(41, 27)
-> Request 2
157
(3, 3, 2)
2
(60, 4)
-> Request 3
213
(4, 2, 1)
2
(35, 34)
-> Request 4
374
(1, 3, 1)
3
(20, 66)
-> Request 5
487
(4, 2, 1)
1
(50, 25)
-> Request 6
578
(4, 3, 2)
2
(63, 36)
-> Request 7
845
(3, 1, 1)
3
(23, 72)
-> Request 8
1067
(4, 2, 2)
1
(12, 58)
-> Request 9
1230
(2, 1, 1)
2
(46, 11)
-> Request 10
1426
(2, 1, 1)
3
(35, 57)
--> Day : 1
-> Request 0
202
(2, 2, 2)
2
(73, 36)
-> Request 1
302
(3, 2, 1)
3
(57, 79)
-> Request 2
302
(4, 2, 1)
1
(17, 57)
-> Request 3
434
(4, 2, 1)
1
(27, 22)
-> Request 4
522
(3, 3, 2)
2
(18, 37)
-> Request 5
569
(2, 3, 2)
3
(44, 71)
-> Request 6
640
(3, 3, 2)
3
(65, 48)
-> Request 7
707
(2, 3, 1)
1
(14, 1)
-> Request 8
794
(1, 1, 1)
3
(25, 50)
-> Request 9
935
(1, 3, 1)
2
(15, 66)
-> Request 10
1269
(2, 1, 1)
2
(1, 4)
-> Request 11
1275
(1, 1, 1)
3
(42, 23)
-> Request 12
1327
(2, 3, 2)
3
(38, 54)
-> Request 13
1412
(2, 2, 2)
3
(23, 39)
-> Request 14
1412
(3, 3, 1)
3
(1, 18)
--> Day : 2
-> Request 0
222
(3, 1, 2)
2
(8, 1)
-> Request 1
529
(3, 3, 2)
1
(46, 4)
-> Request 2
582
(3, 2, 1)
2
(69, 65)
-> Request 3
712
(1, 2, 1)
3
(34, 66)
-> Request 4
760
(3, 1, 2)
1
(78, 13)
-> Request 5
767
(4, 3, 1)
1
(47, 3)
-> Request 6
776
(2, 2, 1)
1
(57, 2)
-> Request 7
915
(2, 2, 1)
3
(67, 60)
-> Request 8
1132
(2, 3, 2)
3
(70, 13)
-> Request 9
1154
(1, 3, 2)
2
(27, 33)
-> Request 10
1198
(3, 3, 1)
3
(74, 49)
-> Request 11
1215
(2, 2, 2)
2
(32, 6)
--> Day : 3
-> Request 0
24
(4, 3, 2)
3
(38, 17)
-> Request 1
413
(4, 2, 1)
2
(10, 13)
-> Request 2
441
(3, 3, 1)
2
(3, 13)
-> Request 3
507
(3, 1, 1)
1
(41, 36)
-> Request 4
507
(4, 1, 2)
1
(63, 26)
-> Request 5
726
(4, 3, 2)
3
(33, 70)
-> Request 6
1075
(1, 2, 2)
1
(36, 55)
-> Request 7
1100
(1, 1, 2)
1
(38, 2)
-> Request 8
1234
(4, 2, 2)
1
(26, 15)
-> Request 9
1244
(4, 2, 2)
3
(17, 43)
-> Request 10
1429
(1, 3, 2)
2
(8, 13)
--> Day : 4
-> Request 0
250
(4, 1, 1)
3
(29, 27)
-> Request 1
291
(1, 1, 2)
3
(17, 64)
-> Request 2
360
(4, 3, 1)
3
(20, 75)
-> Request 3
502
(4, 3, 1)
2
(75, 31)
-> Request 4
531
(1, 3, 2)
3
(62, 72)
-> Request 5
717
(1, 1, 2)
3
(15, 26)
-> Request 6
962
(1, 3, 2)
1
(38, 40)
-> Request 7
1036
(2, 1, 1)
2
(28, 43)
-> Request 8
1036
(3, 3, 1)
1
(26, 56)
-> Request 9
1263
(2, 1, 1)
1
(35, 69)
---> Week : 87
--> Day : 0
-> Request 0
92
(2, 1, 1)
3
(31, 55)
-> Request 1
219
(2, 2, 1)
2
(74, 63)
-> Request 2
241
(4, 2, 1)
1
(6, 49)
-> Request 3
544
(3, 3, 1)
1
(78, 9)
-> Request 4
618
(4, 1, 2)
3
(61, 18)
-> Request 5
805
(2, 1, 2)
2
(32, 42)
-> Request 6
830
(3, 1, 2)
1
(50, 62)
-> Request 7
1038
(4, 3, 1)
1
(54, 24)
--> Day : 1
-> Request 0
153
(2, 2, 2)
3
(5, 65)
-> Request 1
252
(1, 3, 2)
2
(48, 57)
-> Request 2
428
(3, 3, 1)
2
(12, 27)
-> Request 3
526
(1, 2, 1)
3
(14, 56)
-> Request 4
666
(3, 1, 1)
2
(77, 28)
-> Request 5
726
(3, 2, 2)
1
(17, 60)
-> Request 6
1060
(4, 2, 1)
3
(20, 35)
-> Request 7
1160
(2, 1, 2)
2
(25, 77)
-> Request 8
1179
(2, 2, 1)
1
(54, 73)
-> Request 9
1276
(4, 2, 1)
1
(4, 36)
--> Day : 2
-> Request 0
344
(1, 1, 2)
3
(4, 73)
-> Request 1
493
(1, 2, 1)
1
(63, 11)
-> Request 2
535
(1, 3, 2)
3
(7, 41)
-> Request 3
562
(3, 2, 2)
2
(44, 8)
-> Request 4
608
(3, 1, 2)
1
(48, 12)
-> Request 5
708
(4, 1, 1)
1
(21, 55)
-> Request 6
742
(2, 2, 1)
2
(3, 61)
-> Request 7
993
(3, 2, 1)
1
(14, 79)
-> Request 8
1109
(2, 3, 1)
3
(31, 34)
--> Day : 3
-> Request 0
288
(1, 1, 2)
2
(8, 32)
-> Request 1
355
(1, 1, 1)
3
(48, 66)
-> Request 2
375
(3, 1, 1)
1
(20, 24)
-> Request 3
441
(1, 1, 1)
2
(61, 32)
-> Request 4
589
(4, 2, 1)
3
(8, 13)
-> Request 5
613
(4, 2, 1)
2
(39, 48)
-> Request 6
716
(4, 2, 2)
2
(22, 52)
-> Request 7
1186
(3, 2, 2)
3
(23, 13)
-> Request 8
1214
(4, 3, 2)
3
(26, 77)
-> Request 9
1313
(2, 2, 2)
1
(73, 65)
--> Day : 4
-> Request 0
695
(2, 3, 1)
1
(56, 12)
-> Request 1
789
(3, 2, 2)
1
(20, 3)
-> Request 2
833
(2, 1, 1)
3
(56, 76)
-> Request 3
1070
(1, 1, 2)
2
(45, 72)
-> Request 4
1146
(4, 2, 1)
1
(5, 12)
-> Request 5
1338
(2, 2, 2)
2
(76, 40)
---> Week : 88
--> Day : 0
-> Request 0
12
(3, 1, 2)
2
(0, 15)
-> Request 1
99
(2, 3, 2)
2
(26, 67)
-> Request 2
485
(1, 2, 2)
2
(51, 69)
-> Request 3
864
(1, 2, 1)
1
(70, 24)
-> Request 4
980
(3, 2, 1)
1
(50, 46)
--> Day : 1
-> Request 0
8
(3, 2, 1)
3
(63, 0)
-> Request 1
411
(2, 1, 1)
1
(10, 54)
-> Request 2
538
(1, 3, 2)
3
(63, 0)
-> Request 3
1022
(1, 3, 2)
3
(28, 48)
-> Request 4
1029
(2, 1, 2)
2
(17, 71)
-> Request 5
1038
(4, 2, 2)
3
(78, 6)
-> Request 6
1216
(4, 3, 2)
2
(55, 67)
-> Request 7
1346
(2, 1, 2)
3
(26, 6)
--> Day : 2
-> Request 0
31
(3, 3, 1)
1
(79, 10)
-> Request 1
64
(3, 2, 2)
3
(70, 66)
-> Request 2
221
(1, 2, 2)
1
(54, 1)
-> Request 3
343
(4, 2, 1)
3
(32, 70)
-> Request 4
553
(2, 3, 1)
3
(56, 17)
-> Request 5
871
(3, 1, 1)
2
(6, 79)
-> Request 6
1129
(2, 2, 2)
3
(67, 44)
-> Request 7
1249
(4, 2, 1)
2
(41, 63)
--> Day : 3
-> Request 0
469
(2, 3, 1)
1
(28, 77)
-> Request 1
524
(3, 1, 1)
3
(15, 9)
-> Request 2
628
(4, 2, 2)
2
(6, 27)
-> Request 3
711
(2, 2, 2)
2
(28, 78)
-> Request 4
1019
(1, 1, 2)
1
(12, 15)
-> Request 5
1125
(1, 3, 2)
2
(66, 29)
-> Request 6
1297
(2, 2, 1)
2
(21, 54)
--> Day : 4
-> Request 0
86
(1, 2, 2)
1
(15, 77)
-> Request 1
165
(4, 1, 1)
3
(0, 5)
-> Request 2
300
(4, 1, 1)
2
(75, 37)
-> Request 3
398
(3, 1, 1)
3
(68, 39)
-> Request 4
423
(4, 3, 1)
2
(54, 66)
-> Request 5
498
(4, 3, 2)
3
(46, 66)
-> Request 6
690
(4, 1, 2)
2
(49, 39)
-> Request 7
1076
(1, 3, 1)
1
(58, 46)
---> Week : 89
--> Day : 0
-> Request 0
36
(4, 2, 2)
2
(59, 24)
-> Request 1
295
(3, 2, 2)
3
(58, 14)
-> Request 2
395
(3, 3, 2)
3
(6, 58)
-> Request 3
505
(4, 3, 2)
2
(32, 75)
-> Request 4
767
(1, 1, 2)
3
(18, 16)
-> Request 5
960
(3, 2, 2)
1
(65, 51)
--> Day : 1
-> Request 0
158
(1, 2, 2)
2
(38, 42)
-> Request 1
475
(1, 3, 1)
3
(50, 36)
-> Request 2
678
(4, 2, 2)
1
(20, 39)
-> Request 3
769
(3, 2, 1)
3
(28, 48)
-> Request 4
1184
(3, 3, 1)
1
(11, 2)
-> Request 5
1310
(2, 2, 2)
2
(75, 21)
-> Request 6
1322
(3, 2, 1)
1
(31, 31)
-> Request 7
1434
(2, 3, 1)
1
(49, 61)
--> Day : 2
-> Request 0
26
(1, 3, 1)
3
(64, 41)
-> Request 1
112
(3, 3, 2)
3
(67, 48)
-> Request 2
121
(1, 2, 2)
1
(33, 62)
-> Request 3
181
(3, 1, 1)
3
(19, 18)
-> Request 4
194
(1, 2, 1)
1
(75, 70)
-> Request 5
837
(4, 3, 1)
1
(42, 79)
-> Request 6
908
(2, 2, 2)
3
(35, 36)
-> Request 7
910
(2, 1, 1)
3
(8, 76)
--> Day : 3
-> Request 0
55
(1, 1, 2)
2
(79, 74)
-> Request 1
179
(1, 1, 2)
2
(16, 55)
-> Request 2
280
(2, 1, 1)
1
(36, 78)
-> Request 3
610
(1, 1, 1)
1
(47, 61)
-> Request 4
648
(4, 2, 2)
2
(70, 24)
-> Request 5
844
(4, 1, 2)
3
(52, 19)
-> Request 6
909
(4, 3, 2)
3
(37, 67)
-> Request 7
990
(1, 1, 2)
1
(15, 65)
-> Request 8
1042
(2, 2, 1)
3
(59, 3)
-> Request 9
1131
(3, 1, 2)
2
(16, 6)
-> Request 10
1408
(1, 1, 1)
3
(47, 71)
--> Day : 4
-> Request 0
100
(3, 3, 2)
2
(27, 52)
-> Request 1
141
(4, 1, 1)
1
(73, 74)
-> Request 2
155
(2, 2, 2)
1
(45, 73)
-> Request 3
247
(4, 2, 1)
2
(74, 8)
-> Request 4
529
(3, 2, 2)
3
(50, 21)
-> Request 5
620
(4, 3, 2)
1
(49, 26)
-> Request 6
800
(1, 2, 2)
3
(4, 62)
-> Request 7
819
(1, 3, 1)
2
(58, 12)
-> Request 8
1051
(3, 3, 2)
2
(17, 39)
-> Request 9
1068
(1, 1, 2)
1
(72, 14)
-> Request 10
1083
(2, 2, 1)
1
(20, 41)
---> Week : 90
--> Day : 0
-> Request 0
57
(1, 2, 1)
2
(31, 22)
-> Request 1
295
(1, 1, 1)
3
(51, 12)
-> Request 2
307
(3, 1, 1)
1
(38, 10)
-> Request 3
515
(3, 1, 1)
1
(63, 53)
-> Request 4
826
(2, 1, 1)
3
(67, 59)
-> Request 5
901
(2, 3, 2)
3
(26, 39)
-> Request 6
1310
(1, 2, 1)
2
(68, 33)
--> Day : 1
-> Request 0
333
(3, 3, 1)
2
(5, 23)
-> Request 1
399
(3, 1, 2)
3
(71, 8)
-> Request 2
453
(4, 1, 2)
3
(69, 26)
-> Request 3
860
(4, 2, 2)
3
(41, 30)
-> Request 4
933
(2, 1, 1)
2
(51, 34)
--> Day : 2
-> Request 0
87
(3, 3, 1)
2
(52, 29)
-> Request 1
95
(1, 1, 1)
2
(54, 59)
-> Request 2
199
(1, 1, 2)
2
(59, 12)
-> Request 3
410
(1, 1, 1)
1
(58, 54)
-> Request 4
541
(3, 3, 2)
1
(69, 56)
-> Request 5
849
(4, 1, 2)
1
(39, 38)
-> Request 6
899
(2, 1, 1)
1
(72, 3)
-> Request 7
951
(4, 3, 1)
2
(55, 54)
-> Request 8
992
(2, 3, 2)
3
(17, 64)
-> Request 9
1103
(1, 3, 1)
2
(46, 74)
-> Request 10
1106
(4, 1, 2)
1
(44, 69)
-> Request 11
1352
(2, 3, 1)
1
(11, 16)
-> Request 12
1366
(1, 1, 2)
3
(63, 37)
--> Day : 3
-> Request 0
16
(1, 3, 2)
2
(53, 0)
-> Request 1
64
(1, 2, 1)
2
(40, 75)
-> Request 2
204
(2, 1, 1)
2
(0, 2)
-> Request 3
314
(2, 1, 1)
2
(34, 45)
-> Request 4
377
(4, 1, 1)
3
(61, 8)
-> Request 5
399
(2, 2, 1)
3
(39, 24)
-> Request 6
523
(2, 2, 1)
3
(43, 12)
-> Request 7
558
(1, 3, 1)
3
(63, 23)
-> Request 8
998
(1, 3, 1)
3
(42, 28)
-> Request 9
1143
(2, 1, 1)
2
(47, 17)
-> Request 10
1252
(2, 1, 1)
1
(30, 65)
-> Request 11
1323
(2, 1, 1)
3
(10, 6)
-> Request 12
1341
(1, 3, 1)
3
(7, 60)
-> Request 13
1354
(3, 3, 2)
1
(53, 63)
--> Day : 4
-> Request 0
169
(4, 1, 2)
1
(56, 20)
-> Request 1
406
(2, 1, 2)
1
(2, 14)
-> Request 2
497
(3, 3, 1)
3
(19, 31)
-> Request 3
829
(2, 2, 2)
2
(38, 3)
-> Request 4
928
(3, 2, 1)
2
(67, 76)
-> Request 5
1092
(3, 2, 1)
1
(9, 40)
-> Request 6
1094
(1, 1, 2)
2
(18, 35)
-> Request 7
1362
(2, 3, 1)
3
(75, 20)
-> Request 8
1378
(1, 3, 1)
2
(66, 52)
---> Week : 91
--> Day : 0
-> Request 0
211
(4, 3, 2)
1
(67, 9)
-> Request 1
452
(2, 2, 2)
1
(52, 32)
-> Request 2
472
(4, 2, 1)
1
(29, 33)
-> Request 3
571
(3, 2, 1)
3
(1, 49)
-> Request 4
742
(2, 2, 2)
2
(41, 45)
-> Request 5
771
(4, 1, 1)
2
(68, 36)
-> Request 6
842
(4, 2, 2)
3
(61, 48)
-> Request 7
956
(2, 2, 1)
1
(70, 54)
-> Request 8
1006
(1, 2, 2)
1
(57, 72)
-> Request 9
1006
(3, 2, 2)
1
(52, 41)
-> Request 10
1045
(4, 3, 2)
2
(11, 56)
-> Request 11
1132
(1, 2, 2)
3
(16, 6)
-> Request 12
1214
(3, 3, 1)
2
(41, 74)
-> Request 13
1291
(1, 2, 2)
3
(36, 33)
--> Day : 1
-> Request 0
61
(3, 2, 1)
3
(75, 9)
-> Request 1
217
(3, 2, 1)
3
(69, 77)
-> Request 2
312
(4, 3, 2)
3
(6, 10)
-> Request 3
346
(3, 1, 1)
1
(38, 29)
-> Request 4
549
(4, 3, 2)
2
(10, 68)
-> Request 5
783
(2, 3, 2)
3
(12, 2)
-> Request 6
808
(1, 1, 1)
3
(21, 71)
-> Request 7
1123
(2, 1, 2)
1
(8, 61)
-> Request 8
1269
(3, 1, 1)
2
(77, 79)
--> Day : 2
-> Request 0
25
(4, 3, 1)
2
(2, 77)
-> Request 1
193
(3, 2, 2)
2
(72, 24)
-> Request 2
400
(2, 1, 2)
3
(53, 19)
-> Request 3
551
(4, 3, 2)
1
(1, 9)
-> Request 4
691
(3, 2, 1)
3
(42, 69)
-> Request 5
704
(3, 3, 2)
1
(18, 60)
-> Request 6
729
(3, 3, 1)
1
(6, 43)
-> Request 7
1189
(1, 2, 1)
3
(31, 74)
-> Request 8
1340
(3, 3, 2)
3
(78, 58)
--> Day : 3
-> Request 0
106
(1, 3, 1)
3
(22, 53)
-> Request 1
190
(1, 2, 2)
1
(7, 2)
-> Request 2
223
(4, 2, 2)
1
(19, 71)
-> Request 3
382
(4, 1, 2)
3
(76, 0)
-> Request 4
384
(4, 3, 2)
1
(22, 67)
-> Request 5
491
(2, 1, 2)
2
(39, 33)
-> Request 6
626
(1, 1, 1)
3
(59, 4)
-> Request 7
658
(3, 2, 2)
1
(63, 48)
-> Request 8
731
(4, 3, 2)
2
(56, 34)
-> Request 9
735
(2, 1, 2)
2
(28, 63)
-> Request 10
797
(3, 2, 2)
3
(48, 15)
-> Request 11
977
(4, 1, 1)
1
(15, 68)
-> Request 12
1077
(4, 3, 1)
1
(29, 14)
-> Request 13
1291
(4, 1, 1)
2
(12, 45)
--> Day : 4
-> Request 0
155
(3, 2, 1)
3
(36, 79)
-> Request 1
634
(3, 2, 1)
3
(40, 41)
-> Request 2
755
(1, 1, 2)
3
(68, 73)
-> Request 3
908
(3, 2, 2)
2
(33, 7)
-> Request 4
1093
(3, 2, 2)
1
(31, 23)
-> Request 5
1106
(4, 1, 2)
1
(28, 34)
-> Request 6
1146
(4, 3, 2)
1
(20, 61)
-> Request 7
1311
(1, 1, 1)
1
(35, 70)
---> Week : 92
--> Day : 0
-> Request 0
660
(4, 1, 1)
1
(47, 63)
-> Request 1
797
(3, 3, 2)
1
(79, 38)
-> Request 2
810
(4, 3, 1)
2
(53, 68)
-> Request 3
925
(3, 2, 2)
1
(59, 22)
-> Request 4
1062
(2, 3, 2)
3
(11, 72)
-> Request 5
1107
(4, 2, 1)
1
(5, 45)
-> Request 6
1327
(1, 1, 1)
1
(64, 44)
--> Day : 1
-> Request 0
37
(4, 3, 2)
2
(54, 34)
-> Request 1
88
(1, 1, 2)
3
(25, 51)
-> Request 2
139
(2, 1, 2)
3
(33, 23)
-> Request 3
152
(3, 1, 2)
3
(0, 13)
-> Request 4
232
(1, 2, 2)
3
(58, 17)
-> Request 5
353
(1, 3, 2)
2
(17, 53)
-> Request 6
369
(4, 1, 1)
1
(7, 27)
-> Request 7
443
(1, 3, 2)
1
(78, 75)
-> Request 8
558
(2, 2, 1)
1
(56, 62)
-> Request 9
815
(4, 2, 1)
3
(30, 33)
-> Request 10
1206
(4, 1, 1)
2
(51, 51)
-> Request 11
1381
(2, 3, 1)
1
(0, 4)
--> Day : 2
-> Request 0
112
(1, 2, 1)
2
(2, 47)
-> Request 1
134
(3, 3, 1)
1
(75, 1)
-> Request 2
143
(1, 2, 2)
1
(40, 4)
-> Request 3
268
(3, 1, 1)
3
(52, 18)
-> Request 4
316
(1, 2, 1)
3
(22, 33)
-> Request 5
480
(2, 1, 2)
2
(19, 61)
-> Request 6
545
(3, 2, 2)
1
(16, 71)
-> Request 7
594
(3, 2, 1)
2
(43, 46)
-> Request 8
663
(1, 2, 2)
3
(59, 59)
-> Request 9
675
(2, 3, 1)
2
(0, 10)
-> Request 10
768
(4, 3, 2)
2
(0, 52)
-> Request 11
768
(1, 3, 1)
1
(62, 58)
-> Request 12
1411
(4, 2, 2)
3
(47, 24)
--> Day : 3
-> Request 0
50
(3, 2, 2)
1
(53, 77)
-> Request 1
270
(3, 2, 1)
2
(24, 42)
-> Request 2
624
(2, 2, 1)
2
(8, 66)
-> Request 3
682
(4, 1, 1)
2
(42, 20)
-> Request 4
849
(3, 3, 1)
3
(70, 58)
--> Day : 4
-> Request 0
43
(1, 1, 1)
2
(19, 64)
-> Request 1
248
(3, 2, 1)
1
(25, 5)
-> Request 2
595
(3, 1, 1)
2
(39, 1)
-> Request 3
639
(1, 2, 1)
2
(5, 49)
-> Request 4
645
(2, 2, 2)
3
(34, 11)
-> Request 5
814
(3, 1, 2)
3
(19, 58)
-> Request 6
937
(1, 2, 2)
2
(52, 4)
-> Request 7
1014
(3, 1, 1)
3
(16, 72)
-> Request 8
1199
(3, 3, 1)
2
(34, 43)
-> Request 9
1215
(4, 1, 2)
1
(52, 44)
-> Request 10
1233
(3, 2, 1)
1
(8, 42)
---> Week : 93
--> Day : 0
-> Request 0
11
(4, 1, 2)
2
(2, 61)
-> Request 1
75
(1, 1, 2)
1
(36, 37)
-> Request 2
93
(1, 2, 2)
3
(73, 0)
-> Request 3
110
(2, 1, 1)
1
(53, 69)
-> Request 4
358
(1, 2, 2)
1
(60, 63)
-> Request 5
490
(3, 3, 1)
1
(37, 35)
-> Request 6
506
(1, 3, 1)
1
(5, 7)
-> Request 7
575
(2, 1, 1)
3
(37, 59)
-> Request 8
640
(2, 3, 1)
3
(2, 44)
-> Request 9
676
(2, 3, 2)
3
(49, 56)
-> Request 10
779
(1, 3, 2)
1
(76, 71)
-> Request 11
1008
(4, 2, 1)
2
(3, 36)
-> Request 12
1255
(2, 2, 2)
2
(71, 79)
-> Request 13
1257
(3, 3, 1)
2
(67, 24)
-> Request 14
1349
(2, 1, 1)
3
(53, 78)
--> Day : 1
-> Request 0
132
(3, 3, 1)
3
(50, 65)
-> Request 1
389
(2, 1, 2)
3
(22, 74)
-> Request 2
517
(3, 1, 2)
2
(63, 19)
-> Request 3
655
(4, 1, 2)
1
(60, 74)
-> Request 4
788
(3, 3, 1)
2
(50, 2)
-> Request 5
814
(2, 3, 1)
3
(42, 72)
-> Request 6
923
(3, 1, 1)
2
(54, 23)
-> Request 7
988
(3, 2, 1)
3
(64, 0)
-> Request 8
1142
(2, 1, 1)
3
(70, 61)
-> Request 9
1189
(1, 1, 2)
1
(16, 5)
-> Request 10
1207
(2, 3, 2)
1
(41, 37)
-> Request 11
1236
(2, 3, 1)
2
(75, 64)
-> Request 12
1246
(4, 3, 1)
3
(58, 2)
--> Day : 2
-> Request 0
241
(2, 1, 2)
3
(53, 14)
-> Request 1
245
(3, 3, 1)
3
(32, 32)
-> Request 2
245
(4, 2, 1)
2
(46, 32)
-> Request 3
432
(4, 2, 2)
1
(30, 45)
-> Request 4
463
(4, 1, 1)
3
(21, 50)
-> Request 5
464
(3, 3, 1)
2
(49, 76)
-> Request 6
495
(2, 2, 1)
2
(1, 26)
-> Request 7
736
(3, 1, 1)
1
(42, 17)
-> Request 8
1023
(1, 1, 2)
3
(16, 58)
--> Day : 3
-> Request 0
49
(4, 1, 1)
2
(1, 0)
-> Request 1
94
(2, 1, 1)
2
(67, 60)
-> Request 2
106
(4, 1, 2)
2
(39, 71)
-> Request 3
232
(2, 3, 2)
3
(47, 25)
-> Request 4
256
(3, 3, 2)
1
(57, 42)
-> Request 5
392
(2, 3, 1)
3
(64, 72)
-> Request 6
418
(1, 1, 1)
3
(46, 28)
-> Request 7
438
(3, 3, 1)
3
(57, 3)
-> Request 8
572
(1, 1, 1)
2
(63, 74)
-> Request 9
732
(4, 1, 1)
1
(62, 32)
-> Request 10
971
(2, 1, 1)
1
(48, 46)
-> Request 11
1100
(3, 3, 1)
2
(73, 18)
-> Request 12
1134
(4, 1, 1)
1
(39, 19)
-> Request 13
1224
(1, 2, 2)
1
(68, 7)
-> Request 14
1326
(4, 3, 2)
2
(55, 54)
-> Request 15
1423
(3, 2, 2)
3
(22, 18)
--> Day : 4
-> Request 0
202
(2, 3, 1)
1
(0, 38)
-> Request 1
266
(3, 2, 2)
3
(39, 13)
-> Request 2
648
(1, 1, 1)
3
(25, 57)
-> Request 3
669
(1, 2, 2)
2
(17, 50)
-> Request 4
721
(1, 1, 1)
1
(56, 21)
-> Request 5
846
(4, 3, 1)
1
(67, 33)
-> Request 6
894
(1, 1, 2)
3
(6, 0)
-> Request 7
957
(1, 3, 1)
2
(16, 74)
-> Request 8
1007
(2, 1, 2)
2
(70, 53)
-> Request 9
1164
(3, 3, 2)
2
(59, 32)
-> Request 10
1285
(4, 3, 1)
2
(17, 13)
---> Week : 94
--> Day : 0
-> Request 0
107
(1, 2, 1)
3
(22, 48)
-> Request 1
166
(4, 3, 1)
2
(7, 30)
-> Request 2
216
(3, 1, 1)
1
(17, 56)
-> Request 3
242
(4, 3, 1)
3
(44, 73)
-> Request 4
279
(4, 1, 1)
2
(63, 71)
-> Request 5
350
(2, 1, 1)
3
(10, 43)
-> Request 6
410
(4, 1, 2)
3
(8, 53)
-> Request 7
421
(3, 2, 1)
2
(49, 75)
-> Request 8
749
(2, 1, 2)
3
(40, 50)
-> Request 9
754
(2, 2, 1)
3
(6, 56)
-> Request 10
1120
(4, 2, 1)
2
(55, 1)
-> Request 11
1208
(1, 2, 2)
3
(4, 59)
--> Day : 1
-> Request 0
172
(4, 3, 2)
1
(64, 12)
-> Request 1
491
(4, 2, 2)
2
(68, 37)
-> Request 2
732
(3, 1, 1)
3
(62, 29)
-> Request 3
981
(1, 2, 1)
1
(38, 9)
-> Request 4
991
(1, 2, 1)
2
(42, 22)
-> Request 5
1009
(3, 2, 2)
2
(66, 59)
-> Request 6
1116
(4, 3, 1)
1
(24, 32)
-> Request 7
1289
(3, 2, 2)
1
(11, 32)
-> Request 8
1406
(2, 2, 2)
2
(29, 65)
--> Day : 2
-> Request 0
32
(3, 3, 2)
3
(65, 45)
-> Request 1
63
(4, 1, 1)
3
(11, 77)
-> Request 2
206
(1, 3, 2)
3
(14, 24)
-> Request 3
454
(2, 3, 1)
3
(24, 19)
-> Request 4
828
(1, 3, 2)
3
(58, 60)
-> Request 5
834
(1, 1, 2)
2
(70, 69)
-> Request 6
967
(2, 2, 2)
3
(11, 48)
-> Request 7
1004
(1, 3, 1)
1
(68, 67)
-> Request 8
1281
(1, 1, 1)
2
(22, 6)
-> Request 9
1286
(1, 2, 2)
1
(44, 9)
--> Day : 3
-> Request 0
39
(1, 1, 2)
1
(22, 73)
-> Request 1
42
(3, 1, 1)
2
(39, 64)
-> Request 2
366
(1, 3, 2)
2
(74, 31)
-> Request 3
374
(1, 3, 1)
2
(51, 3)
-> Request 4
563
(2, 1, 1)
2
(60, 52)
-> Request 5
567
(4, 3, 2)
2
(49, 71)
-> Request 6
597
(2, 3, 2)
1
(31, 44)
-> Request 7
790
(3, 3, 2)
2
(0, 29)
-> Request 8
949
(4, 1, 1)
3
(33, 60)
-> Request 9
985
(1, 1, 2)
1
(39, 10)
-> Request 10
999
(4, 3, 1)
2
(68, 51)
-> Request 11
1241
(1, 2, 1)
3
(51, 28)
-> Request 12
1328
(1, 1, 2)
2
(50, 79)
-> Request 13
1346
(1, 2, 1)
2
(38, 54)
--> Day : 4
-> Request 0
429
(2, 2, 1)
3
(41, 23)
-> Request 1
436
(2, 3, 1)
2
(50, 79)
-> Request 2
442
(4, 3, 2)
3
(28, 71)
-> Request 3
451
(3, 1, 1)
2
(51, 31)
-> Request 4
519
(3, 3, 2)
3
(27, 19)
-> Request 5
820
(2, 1, 2)
1
(33, 23)
-> Request 6
951
(2, 1, 1)
2
(31, 71)
-> Request 7
1080
(3, 3, 2)
3
(45, 10)
-> Request 8
1214
(3, 3, 1)
3
(24, 3)
-> Request 9
1358
(1, 2, 1)
1
(79, 58)
---> Week : 95
--> Day : 0
-> Request 0
26
(4, 2, 2)
2
(4, 17)
-> Request 1
187
(1, 3, 2)
2
(57, 67)
-> Request 2
351
(4, 2, 1)
1
(20, 31)
-> Request 3
531
(1, 1, 2)
1
(5, 22)
-> Request 4
783
(4, 2, 1)
3
(42, 54)
-> Request 5
881
(2, 2, 1)
1
(3, 42)
-> Request 6
1005
(3, 1, 2)
2
(65, 34)
-> Request 7
1013
(3, 3, 1)
2
(9, 42)
-> Request 8
1084
(3, 2, 1)
1
(15, 54)
-> Request 9
1124
(3, 2, 2)
3
(76, 2)
-> Request 10
1363
(1, 3, 1)
1
(70, 58)
--> Day : 1
-> Request 0
29
(3, 2, 2)
1
(21, 49)
-> Request 1
72
(3, 3, 1)
1
(9, 32)
-> Request 2
417
(1, 2, 2)
1
(64, 75)
-> Request 3
714
(4, 2, 2)
1
(2, 27)
-> Request 4
825
(2, 3, 2)
2
(43, 68)
-> Request 5
973
(2, 1, 1)
3
(44, 73)
-> Request 6
986
(1, 3, 1)
1
(52, 66)
-> Request 7
1204
(1, 1, 2)
1
(35, 35)
-> Request 8
1240
(1, 1, 2)
2
(15, 1)
-> Request 9
1314
(4, 1, 1)
2
(78, 65)
--> Day : 2
-> Request 0
828
(3, 1, 1)
3
(4, 78)
-> Request 1
1116
(4, 2, 2)
3
(60, 72)
-> Request 2
1146
(2, 3, 1)
3
(9, 2)
-> Request 3
1282
(2, 2, 2)
3
(32, 49)
--> Day : 3
-> Request 0
172
(1, 1, 1)
1
(28, 64)
-> Request 1
277
(2, 1, 2)
3
(71, 76)
-> Request 2
597
(4, 2, 1)
3
(74, 38)
-> Request 3
629
(1, 2, 2)
3
(29, 20)
-> Request 4
974
(3, 3, 1)
3
(1, 21)
-> Request 5
1021
(4, 2, 2)
1
(31, 36)
-> Request 6
1220
(4, 1, 1)
2
(21, 76)
-> Request 7
1322
(1, 2, 2)
2
(9, 60)
-> Request 8
1352
(1, 3, 1)
2
(33, 50)
--> Day : 4
-> Request 0
1
(2, 3, 2)
2
(23, 12)
-> Request 1
387
(1, 3, 1)
2
(64, 58)
-> Request 2
892
(3, 1, 1)
3
(27, 25)
-> Request 3
1061
(3, 3, 1)
2
(52, 18)
-> Request 4
1173
(3, 3, 2)
1
(22, 66)
-> Request 5
1277
(2, 3, 1)
2
(6, 13)
-> Request 6
1290
(4, 1, 1)
2
(40, 6)
---> Week : 96
--> Day : 0
-> Request 0
105
(4, 1, 1)
3
(54, 17)
-> Request 1
203
(4, 1, 1)
1
(2, 64)
-> Request 2
625
(3, 1, 2)
2
(7, 57)
-> Request 3
917
(3, 1, 1)
2
(14, 67)
-> Request 4
932
(4, 1, 1)
3
(63, 67)
-> Request 5
958
(1, 2, 2)
3
(78, 9)
-> Request 6
1054
(3, 1, 1)
2
(55, 3)
-> Request 7
1073
(2, 3, 1)
2
(19, 61)
-> Request 8
1138
(4, 2, 1)
1
(29, 0)
--> Day : 1
-> Request 0
73
(4, 3, 1)
1
(1, 17)
-> Request 1
131
(1, 3, 2)
2
(50, 37)
-> Request 2
167
(2, 2, 1)
2
(35, 10)
-> Request 3
178
(4, 3, 1)
1
(43, 25)
-> Request 4
410
(3, 2, 1)
3
(3, 73)
-> Request 5
419
(2, 1, 1)
1
(12, 52)
-> Request 6
481
(3, 2, 2)
1
(39, 44)
-> Request 7
595
(2, 3, 2)
2
(37, 22)
-> Request 8
873
(2, 1, 1)
2
(1, 23)
-> Request 9
948
(2, 3, 1)
3
(22, 26)
--> Day : 2
-> Request 0
189
(1, 3, 1)
1
(70, 8)
-> Request 1
563
(4, 1, 1)
2
(14, 74)
-> Request 2
788
(1, 2, 2)
2
(50, 36)
-> Request 3
808
(1, 3, 1)
3
(29, 23)
-> Request 4
968
(4, 1, 1)
3
(62, 10)
-> Request 5
1184
(4, 2, 1)
3
(46, 51)
-> Request 6
1229
(1, 2, 2)
1
(51, 37)
--> Day : 3
-> Request 0
1009
(1, 2, 1)
2
(52, 65)
-> Request 1
1054
(4, 2, 2)
2
(28, 46)
-> Request 2
1131
(1, 1, 2)
1
(50, 52)
--> Day : 4
-> Request 0
131
(4, 2, 2)
1
(11, 13)
-> Request 1
334
(2, 2, 2)
1
(51, 23)
-> Request 2
682
(4, 3, 2)
1
(48, 13)
-> Request 3
823
(2, 2, 1)
3
(32, 61)
-> Request 4
1219
(2, 2, 2)
3
(53, 42)
---> Week : 97
--> Day : 0
-> Request 0
313
(3, 2, 2)
2
(53, 75)
-> Request 1
520
(2, 1, 1)
3
(76, 76)
-> Request 2
574
(4, 3, 1)
1
(9, 48)
-> Request 3
864
(4, 2, 1)
3
(46, 17)
-> Request 4
876
(4, 2, 1)
3
(15, 72)
-> Request 5
1122
(2, 1, 2)
2
(42, 18)
-> Request 6
1182
(2, 3, 2)
1
(1, 8)
-> Request 7
1256
(1, 2, 1)
2
(11, 76)
-> Request 8
1315
(1, 1, 1)
3
(38, 60)
-> Request 9
1435
(3, 3, 2)
3
(58, 40)
--> Day : 1
-> Request 0
283
(1, 3, 1)
1
(43, 28)
-> Request 1
303
(1, 3, 2)
3
(15, 40)
-> Request 2
356
(2, 1, 1)
3
(25, 59)
-> Request 3
655
(1, 3, 1)
2
(70, 25)
-> Request 4
750
(2, 1, 1)
3
(17, 63)
-> Request 5
869
(2, 1, 1)
1
(68, 41)
-> Request 6
948
(3, 1, 1)
2
(69, 62)
-> Request 7
1095
(2, 1, 2)
2
(69, 56)
-> Request 8
1388
(1, 3, 2)
1
(26, 59)
-> Request 9
1437
(2, 2, 1)
2
(69, 44)
--> Day : 2
-> Request 0
50
(4, 1, 2)
2
(44, 73)
-> Request 1
225
(4, 3, 2)
1
(73, 21)
-> Request 2
336
(2, 1, 2)
3
(53, 21)
-> Request 3
381
(1, 2, 2)
2
(3, 30)
-> Request 4
481
(3, 1, 1)
1
(33, 46)
-> Request 5
556
(1, 1, 1)
3
(32, 64)
-> Request 6
617
(4, 3, 1)
2
(49, 68)
-> Request 7
686
(3, 1, 2)
2
(42, 72)
-> Request 8
790
(1, 3, 2)
2
(38, 0)
-> Request 9
1027
(3, 3, 2)
3
(37, 42)
-> Request 10
1040
(1, 3, 1)
2
(44, 0)
-> Request 11
1335
(3, 3, 2)
3
(46, 35)
--> Day : 3
-> Request 0
328
(4, 2, 2)
3
(50, 79)
-> Request 1
359
(1, 1, 2)
2
(48, 40)
-> Request 2
405
(4, 3, 1)
1
(68, 9)
-> Request 3
548
(4, 2, 2)
2
(34, 23)
-> Request 4
574
(1, 2, 2)
3
(38, 71)
-> Request 5
811
(2, 2, 2)
1
(64, 61)
-> Request 6
941
(4, 2, 1)
2
(62, 10)
-> Request 7
949
(1, 1, 1)
2
(61, 67)
-> Request 8
982
(4, 2, 2)
2
(34, 62)
-> Request 9
1224
(1, 3, 2)
1
(31, 10)
-> Request 10
1288
(3, 2, 2)
3
(24, 58)
--> Day : 4
-> Request 0
6
(1, 2, 2)
3
(0, 35)
-> Request 1
37
(4, 3, 2)
1
(59, 9)
-> Request 2
690
(4, 1, 2)
1
(76, 13)
-> Request 3
773
(3, 1, 2)
2
(29, 12)
-> Request 4
831
(3, 2, 1)
2
(79, 8)
-> Request 5
921
(2, 2, 1)
3
(18, 25)
-> Request 6
1128
(1, 3, 1)
1
(4, 38)
-> Request 7
1207
(1, 1, 1)
1
(16, 73)
-> Request 8
1422
(3, 2, 2)
1
(16, 42)
-> Request 9
1434
(3, 3, 1)
3
(9, 8)
---> Week : 98
--> Day : 0
-> Request 0
91
(4, 3, 2)
1
(20, 5)
-> Request 1
94
(2, 3, 1)
3
(72, 5)
-> Request 2
122
(3, 3, 2)
1
(28, 49)
-> Request 3
491
(2, 1, 2)
3
(76, 75)
-> Request 4
495
(4, 1, 1)
2
(51, 76)
-> Request 5
592
(1, 2, 1)
2
(21, 50)
-> Request 6
1026
(1, 2, 1)
2
(15, 8)
-> Request 7
1439
(2, 1, 1)
3
(33, 52)
--> Day : 1
-> Request 0
13
(1, 2, 2)
1
(73, 55)
-> Request 1
76
(4, 2, 1)
1
(36, 11)
-> Request 2
233
(3, 1, 1)
3
(49, 56)
-> Request 3
260
(1, 2, 2)
1
(9, 66)
-> Request 4
788
(4, 2, 2)
1
(41, 21)
-> Request 5
877
(2, 3, 1)
3
(51, 11)
-> Request 6
900
(1, 2, 1)
2
(16, 11)
-> Request 7
1177
(4, 3, 2)
3
(4, 29)
--> Day : 2
-> Request 0
98
(4, 2, 1)
2
(59, 2)
-> Request 1
191
(4, 3, 1)
1
(53, 39)
-> Request 2
588
(2, 2, 1)
3
(77, 35)
-> Request 3
1048
(3, 3, 1)
1
(14, 36)
-> Request 4
1102
(2, 1, 2)
3
(48, 9)
--> Day : 3
-> Request 0
188
(1, 1, 1)
1
(17, 6)
-> Request 1
469
(4, 2, 2)
3
(62, 15)
-> Request 2
574
(3, 1, 1)
1
(72, 1)
-> Request 3
1083
(4, 2, 2)
3
(45, 37)
-> Request 4
1268
(3, 1, 2)
3
(5, 28)
-> Request 5
1292
(1, 2, 1)
3
(12, 60)
-> Request 6
1434
(4, 2, 2)
2
(74, 72)
--> Day : 4
-> Request 0
137
(1, 1, 2)
3
(49, 29)
-> Request 1
214
(1, 1, 2)
1
(11, 75)
-> Request 2
281
(3, 1, 1)
3
(19, 70)
-> Request 3
285
(2, 3, 1)
1
(16, 12)
-> Request 4
377
(2, 1, 1)
1
(19, 46)
-> Request 5
453
(2, 2, 2)
1
(15, 48)
-> Request 6
516
(1, 2, 2)
2
(35, 40)
-> Request 7
652
(1, 2, 2)
1
(69, 43)
-> Request 8
1076
(3, 3, 1)
3
(64, 55)
-> Request 9
1305
(3, 1, 2)
3
(40, 23)
-> Request 10
1404
(3, 3, 2)
2
(16, 69)
-> Request 11
1414
(3, 3, 2)
3
(54, 16)
---> Week : 99
--> Day : 0
-> Request 0
68
(2, 1, 1)
3
(21, 54)
-> Request 1
317
(1, 2, 2)
2
(19, 8)
-> Request 2
414
(4, 1, 1)
2
(72, 24)
-> Request 3
623
(2, 3, 2)
1
(19, 15)
-> Request 4
773
(3, 2, 2)
1
(68, 47)
-> Request 5
882
(4, 1, 1)
2
(37, 21)
-> Request 6
882
(2, 2, 1)
1
(26, 37)
-> Request 7
1237
(3, 1, 2)
2
(6, 50)
-> Request 8
1304
(1, 2, 2)
3
(45, 4)
-> Request 9
1362
(2, 3, 2)
2
(62, 65)
--> Day : 1
-> Request 0
15
(3, 3, 2)
1
(61, 54)
-> Request 1
360
(2, 3, 2)
3
(55, 70)
-> Request 2
609
(1, 1, 1)
1
(77, 1)
-> Request 3
705
(2, 1, 2)
1
(26, 9)
-> Request 4
871
(3, 1, 2)
3
(15, 9)
-> Request 5
933
(4, 3, 1)
2
(23, 63)
-> Request 6
961
(4, 3, 2)
2
(23, 77)
-> Request 7
1137
(4, 1, 1)
2
(64, 49)
-> Request 8
1183
(1, 1, 2)
1
(14, 70)
-> Request 9
1344
(2, 1, 2)
3
(41, 74)
-> Request 10
1389
(3, 2, 2)
1
(60, 17)
--> Day : 2
-> Request 0
9
(3, 2, 1)
3
(32, 43)
-> Request 1
50
(3, 1, 2)
1
(70, 75)
-> Request 2
66
(4, 1, 2)
2
(78, 34)
-> Request 3
149
(1, 1, 2)
1
(22, 20)
-> Request 4
910
(2, 3, 1)
1
(26, 34)
-> Request 5
961
(2, 1, 2)
3
(64, 34)
-> Request 6
1428
(4, 3, 2)
2
(69, 27)
--> Day : 3
-> Request 0
96
(1, 3, 2)
3
(46, 78)
-> Request 1
231
(3, 3, 2)
2
(10, 7)
-> Request 2
328
(2, 2, 1)
1
(43, 79)
-> Request 3
449
(2, 2, 2)
2
(26, 47)
-> Request 4
485
(4, 1, 2)
2
(57, 50)
-> Request 5
500
(2, 2, 1)
2
(25, 50)
-> Request 6
590
(4, 3, 2)
3
(38, 54)
-> Request 7
623
(2, 1, 1)
3
(32, 52)
-> Request 8
665
(1, 2, 2)
1
(19, 51)
-> Request 9
806
(1, 1, 1)
1
(66, 75)
-> Request 10
889
(4, 3, 2)
3
(45, 51)
-> Request 11
1024
(1, 3, 2)
1
(54, 10)
-> Request 12
1235
(3, 3, 2)
3
(60, 47)
--> Day : 4
-> Request 0
29
(1, 1, 1)
3
(6, 9)
-> Request 1
408
(2, 1, 1)
2
(76, 41)
-> Request 2
645
(1, 1, 2)
3
(18, 49)
-> Request 3
678
(2, 1, 1)
2
(72, 11)
-> Request 4
737
(1, 1, 1)
2
(69, 60)
-> Request 5
1020
(1, 2, 1)
3
(15, 19)
-> Request 6
1170
(4, 3, 1)
1
(51, 46)
-> Request 7
1394
(4, 2, 2)
3
(23, 50)
---> Week : 100
--> Day : 0
-> Request 0
44
(4, 2, 2)
2
(35, 41)
-> Request 1
689
(3, 2, 1)
2
(75, 15)
-> Request 2
802
(3, 2, 2)
2
(74, 3)
-> Request 3
894
(4, 3, 2)
3
(54, 0)
-> Request 4
940
(1, 3, 1)
2
(73, 20)
-> Request 5
1176
(3, 1, 2)
3
(70, 62)
-> Request 6
1269
(4, 1, 1)
2
(22, 29)
--> Day : 1
-> Request 0
29
(4, 2, 2)
1
(55, 50)
-> Request 1
61
(3, 3, 2)
1
(26, 65)
-> Request 2
77
(4, 3, 1)
1
(38, 62)
-> Request 3
140
(3, 3, 2)
1
(45, 69)
-> Request 4
374
(4, 2, 2)
2
(46, 59)
-> Request 5
559
(3, 1, 1)
2
(76, 69)
-> Request 6
560
(2, 1, 2)
1
(8, 24)
-> Request 7
890
(1, 1, 1)
3
(68, 8)
-> Request 8
1026
(1, 3, 2)
2
(56, 13)
-> Request 9
1253
(3, 3, 2)
1
(15, 21)
--> Day : 2
-> Request 0
420
(2, 2, 1)
2
(62, 66)
-> Request 1
442
(3, 1, 2)
3
(19, 42)
-> Request 2
457
(4, 2, 2)
3
(43, 25)
-> Request 3
509
(2, 3, 2)
1
(48, 16)
-> Request 4
546
(4, 2, 1)
3
(60, 64)
-> Request 5
634
(2, 3, 1)
2
(50, 10)
-> Request 6
1196
(3, 2, 2)
3
(13, 39)
-> Request 7
1397
(4, 2, 1)
3
(20, 55)
-> Request 8
1429
(3, 3, 1)
2
(47, 30)
--> Day : 3
-> Request 0
283
(1, 2, 2)
3
(72, 8)
-> Request 1
482
(3, 1, 2)
3
(60, 44)
-> Request 2
598
(3, 1, 2)
1
(3, 76)
-> Request 3
772
(2, 3, 2)
3
(28, 52)
-> Request 4
832
(1, 1, 1)
3
(42, 33)
-> Request 5
904
(3, 1, 2)
2
(69, 52)
-> Request 6
992
(2, 3, 2)
2
(66, 49)
-> Request 7
1076
(3, 1, 1)
1
(49, 46)
-> Request 8
1078
(1, 3, 1)
2
(73, 61)
-> Request 9
1166
(1, 1, 2)
1
(39, 11)
-> Request 10
1259
(3, 3, 2)
3
(14, 41)
--> Day : 4
-> Request 0
9
(2, 1, 2)
2
(19, 58)
-> Request 1
815
(3, 2, 1)
1
(38, 17)
-> Request 2
1044
(2, 3, 1)
2
(9, 69)
-> Request 3
1354
(4, 1, 2)
3
(14, 20)
-> Request 4
1386
(1, 3, 1)
2
(4, 65)
---> Week : 101
--> Day : 0
-> Request 0
471
(3, 2, 1)
2
(78, 52)
-> Request 1
483
(1, 2, 1)
3
(5, 11)
-> Request 2
782
(3, 3, 1)
3
(54, 1)
-> Request 3
1183
(1, 1, 1)
2
(30, 63)
-> Request 4
1186
(1, 3, 2)
2
(22, 57)
-> Request 5
1355
(4, 3, 2)
1
(3, 63)
-> Request 6
1376
(3, 2, 1)
1
(79, 52)
--> Day : 1
-> Request 0
8
(4, 2, 2)
2
(52, 48)
-> Request 1
70
(4, 2, 1)
2
(62, 3)
-> Request 2
107
(3, 3, 2)
1
(19, 54)
-> Request 3
194
(2, 2, 2)
3
(55, 4)
-> Request 4
331
(3, 2, 1)
1
(66, 36)
-> Request 5
479
(1, 3, 1)
3
(45, 10)
-> Request 6
534
(4, 3, 2)
2
(58, 24)
-> Request 7
664
(2, 3, 1)
1
(7, 1)
-> Request 8
701
(1, 2, 1)
2
(15, 13)
-> Request 9
712
(4, 3, 1)
3
(56, 55)
-> Request 10
719
(4, 2, 2)
2
(47, 5)
-> Request 11
830
(2, 3, 2)
3
(3, 13)
--> Day : 2
-> Request 0
75
(1, 2, 1)
3
(3, 43)
-> Request 1
120
(1, 3, 2)
3
(30, 37)
-> Request 2
136
(3, 2, 1)
3
(67, 35)
-> Request 3
140
(3, 1, 1)
3
(41, 47)
-> Request 4
370
(3, 1, 1)
2
(36, 60)
-> Request 5
415
(2, 1, 2)
2
(25, 48)
-> Request 6
456
(3, 3, 2)
1
(36, 40)
-> Request 7
523
(4, 1, 1)
2
(75, 70)
-> Request 8
944
(4, 1, 2)
2
(76, 33)
-> Request 9
1339
(2, 3, 2)
3
(16, 1)
-> Request 10
1340
(2, 2, 1)
2
(73, 15)
-> Request 11
1378
(3, 2, 1)
2
(64, 2)
--> Day : 3
-> Request 0
319
(2, 1, 1)
3
(8, 72)
-> Request 1
543
(2, 3, 2)
2
(8, 56)
-> Request 2
644
(4, 2, 1)
1
(40, 79)
-> Request 3
662
(4, 2, 2)
1
(49, 38)
-> Request 4
736
(4, 1, 1)
2
(48, 46)
-> Request 5
837
(4, 2, 1)
2
(29, 26)
-> Request 6
1133
(3, 2, 2)
1
(69, 54)
-> Request 7
1343
(4, 3, 2)
3
(70, 33)
--> Day : 4
-> Request 0
125
(4, 2, 2)
3
(62, 76)
-> Request 1
166
(4, 3, 2)
3
(38, 8)
-> Request 2
225
(4, 2, 1)
1
(62, 73)
-> Request 3
337
(1, 1, 1)
2
(58, 55)
-> Request 4
361
(4, 1, 2)
2
(79, 18)
-> Request 5
368
(4, 2, 1)
1
(4, 21)
-> Request 6
380
(3, 1, 1)
2
(1, 68)
-> Request 7
394
(4, 1, 2)
1
(17, 40)
-> Request 8
481
(2, 3, 1)
1
(28, 25)
-> Request 9
562
(3, 1, 2)
3
(21, 77)
-> Request 10
649
(3, 3, 2)
3
(57, 45)
-> Request 11
790
(4, 1, 1)
2
(78, 4)
-> Request 12
883
(2, 3, 1)
3
(10, 15)
-> Request 13
948
(3, 2, 2)
2
(31, 34)
-> Request 14
1143
(1, 3, 2)
2
(27, 28)
-> Request 15
1149
(4, 3, 1)
1
(18, 43)
---> Week : 102
--> Day : 0
-> Request 0
21
(4, 2, 1)
1
(9, 65)
-> Request 1
116
(3, 2, 1)
1
(71, 52)
-> Request 2
350
(3, 3, 2)
3
(34, 2)
-> Request 3
446
(3, 1, 2)
1
(75, 75)
-> Request 4
526
(1, 3, 2)
3
(21, 17)
-> Request 5
572
(2, 2, 2)
1
(16, 38)
-> Request 6
761
(2, 1, 1)
2
(26, 65)
-> Request 7
1274
(2, 1, 1)
3
(3, 36)
-> Request 8
1289
(3, 3, 2)
3
(78, 45)
--> Day : 1
-> Request 0
90
(4, 3, 1)
3
(57, 51)
-> Request 1
148
(1, 2, 2)
3
(36, 38)
-> Request 2
205
(4, 2, 2)
2
(38, 49)
-> Request 3
558
(4, 3, 2)
1
(23, 39)
-> Request 4
707
(1, 3, 2)
1
(30, 15)
-> Request 5
873
(2, 1, 2)
2
(44, 33)
-> Request 6
1112
(2, 3, 2)
3
(35, 75)
-> Request 7
1288
(3, 1, 1)
2
(43, 32)
--> Day : 2
-> Request 0
127
(4, 2, 1)
3
(79, 69)
-> Request 1
350
(3, 1, 2)
2
(29, 31)
-> Request 2
421
(4, 3, 1)
2
(79, 29)
-> Request 3
463
(3, 3, 1)
2
(68, 73)
-> Request 4
570
(1, 2, 2)
2
(33, 45)
-> Request 5
625
(1, 1, 2)
3
(41, 52)
-> Request 6
638
(4, 1, 2)
1
(12, 12)
-> Request 7
647
(3, 3, 1)
3
(0, 75)
-> Request 8
673
(3, 3, 2)
2
(29, 45)
-> Request 9
1319
(1, 3, 2)
1
(64, 8)
--> Day : 3
-> Request 0
217
(1, 1, 2)
2
(68, 4)
-> Request 1
276
(3, 3, 1)
3
(74, 40)
-> Request 2
646
(4, 2, 1)
1
(66, 35)
-> Request 3
674
(3, 1, 2)
3
(46, 38)
-> Request 4
807
(1, 1, 1)
2
(72, 48)
-> Request 5
954
(1, 2, 1)
2
(10, 17)
-> Request 6
1022
(4, 2, 1)
1
(72, 75)
-> Request 7
1051
(3, 1, 2)
2
(14, 5)
-> Request 8
1288
(2, 3, 2)
3
(20, 72)
-> Request 9
1415
(3, 3, 1)
2
(17, 67)
--> Day : 4
-> Request 0
373
(4, 1, 1)
3
(79, 6)
-> Request 1
441
(1, 3, 2)
1
(47, 15)
-> Request 2
630
(1, 1, 1)
1
(19, 10)
-> Request 3
723
(2, 1, 1)
3
(7, 20)
-> Request 4
881
(3, 1, 1)
1
(7, 42)
-> Request 5
915
(3, 1, 2)
2
(29, 36)
-> Request 6
1155
(3, 1, 2)
1
(27, 54)
---> Week : 103
--> Day : 0
-> Request 0
1
(3, 3, 1)
3
(21, 35)
-> Request 1
30
(1, 3, 2)
2
(58, 44)
-> Request 2
123
(3, 3, 2)
3
(22, 29)
-> Request 3
315
(3, 3, 1)
1
(42, 55)
-> Request 4
386
(2, 1, 1)
3
(45, 13)
-> Request 5
436
(1, 1, 2)
3
(66, 23)
-> Request 6
465
(2, 1, 1)
1
(35, 71)
-> Request 7
512
(4, 1, 1)
1
(40, 76)
-> Request 8
582
(3, 2, 1)
3
(20, 40)
-> Request 9
832
(1, 3, 2)
2
(30, 24)
-> Request 10
1190
(3, 3, 2)
3
(33, 66)
-> Request 11
1237
(1, 2, 1)
3
(8, 42)
-> Request 12
1270
(1, 2, 2)
3
(5, 70)
-> Request 13
1322
(2, 1, 1)
1
(3, 13)
-> Request 14
1419
(2, 3, 2)
2
(32, 2)
--> Day : 1
-> Request 0
321
(1, 1, 1)
2
(23, 50)
-> Request 1
427
(1, 2, 1)
1
(14, 56)
-> Request 2
864
(4, 1, 1)
2
(72, 20)
-> Request 3
1141
(4, 3, 2)
1
(38, 62)
-> Request 4
1325
(1, 3, 2)
3
(13, 0)
-> Request 5
1366
(4, 3, 2)
1
(49, 1)
-> Request 6
1374
(1, 2, 2)
2
(71, 17)
--> Day : 2
-> Request 0
109
(2, 1, 1)
1
(17, 74)
-> Request 1
557
(2, 3, 2)
2
(19, 16)
-> Request 2
587
(2, 1, 1)
3
(73, 54)
-> Request 3
613
(4, 3, 1)
1
(72, 45)
-> Request 4
626
(4, 3, 2)
2
(7, 59)
-> Request 5
662
(1, 3, 1)
2
(60, 53)
-> Request 6
731
(3, 3, 1)
1
(46, 68)
-> Request 7
763
(3, 1, 1)
3
(20, 41)
-> Request 8
1302
(1, 2, 1)
2
(76, 38)
--> Day : 3
-> Request 0
34
(4, 2, 2)
2
(66, 21)
-> Request 1
84
(2, 1, 1)
2
(31, 34)
-> Request 2
86
(4, 1, 1)
2
(56, 40)
-> Request 3
265
(2, 2, 2)
2
(45, 29)
-> Request 4
391
(3, 3, 2)
1
(59, 53)
-> Request 5
775
(4, 3, 2)
1
(40, 18)
-> Request 6
916
(2, 3, 2)
3
(52, 55)
-> Request 7
999
(4, 2, 1)
1
(74, 14)
-> Request 8
1065
(4, 3, 2)
2
(60, 23)
-> Request 9
1176
(2, 3, 1)
1
(38, 9)
-> Request 10
1280
(3, 3, 2)
2
(63, 34)
-> Request 11
1341
(1, 2, 2)
2
(73, 76)
-> Request 12
1396
(3, 3, 1)
2
(19, 62)
-> Request 13
1407
(1, 1, 1)
2
(40, 52)
-> Request 14
1410
(2, 2, 2)
1
(79, 15)
-> Request 15
1428
(3, 2, 1)
2
(29, 7)
-> Request 16
1433
(4, 3, 2)
1
(68, 69)
--> Day : 4
-> Request 0
87
(2, 2, 1)
1
(48, 75)
-> Request 1
409
(4, 2, 2)
1
(43, 72)
-> Request 2
732
(3, 1, 1)
2
(60, 39)
-> Request 3
958
(3, 1, 1)
1
(54, 41)
-> Request 4
1027
(1, 1, 2)
2
(10, 29)
-> Request 5
1095
(2, 2, 1)
3
(36, 8)
-> Request 6
1172
(2, 3, 1)
1
(9, 35)
-> Request 7
1216
(2, 1, 1)
1
(59, 72)
-> Request 8
1268
(2, 3, 2)
2
(32, 30)
-> Request 9
1299
(2, 1, 1)
1
(8, 16)
---> Week : 104
--> Day : 0
-> Request 0
0
(1, 2, 1)
3
(4, 63)
-> Request 1
129
(1, 1, 1)
1
(41, 41)
-> Request 2
168
(2, 2, 1)
1
(21, 27)
-> Request 3
472
(1, 2, 1)
1
(63, 51)
-> Request 4
547
(4, 3, 2)
1
(6, 30)
-> Request 5
968
(2, 1, 1)
3
(36, 30)
-> Request 6
1017
(1, 3, 1)
2
(69, 52)
-> Request 7
1173
(1, 1, 1)
1
(49, 36)
-> Request 8
1209
(1, 2, 1)
3
(32, 15)
-> Request 9
1401
(2, 1, 2)
2
(28, 21)
--> Day : 1
-> Request 0
45
(3, 2, 2)
2
(44, 45)
-> Request 1
216
(2, 1, 2)
1
(48, 51)
-> Request 2
221
(2, 3, 1)
1
(49, 77)
-> Request 3
1045
(3, 3, 2)
2
(51, 79)
-> Request 4
1062
(1, 1, 1)
1
(48, 32)
-> Request 5
1264
(1, 2, 2)
3
(60, 48)
-> Request 6
1299
(2, 2, 2)
1
(73, 24)
-> Request 7
1428
(3, 2, 2)
3
(52, 67)
--> Day : 2
-> Request 0
30
(2, 1, 1)
2
(38, 75)
-> Request 1
43
(1, 3, 1)
1
(7, 18)
-> Request 2
47
(2, 3, 2)
2
(27, 20)
-> Request 3
56
(4, 3, 2)
3
(62, 20)
-> Request 4
118
(1, 2, 1)
3
(66, 69)
-> Request 5
345
(4, 2, 1)
3
(65, 68)
-> Request 6
518
(1, 1, 2)
1
(52, 33)
-> Request 7
524
(4, 2, 1)
3
(34, 20)
-> Request 8
663
(4, 2, 2)
2
(44, 45)
-> Request 9
684
(4, 3, 1)
1
(4, 21)
-> Request 10
866
(4, 3, 1)
1
(42, 37)
-> Request 11
1014
(3, 1, 2)
1
(36, 66)
-> Request 12
1229
(4, 2, 1)
2
(40, 36)
-> Request 13
1265
(2, 1, 1)
1
(59, 0)
-> Request 14
1430
(4, 2, 1)
1
(50, 63)
--> Day : 3
-> Request 0
43
(3, 1, 1)
1
(15, 61)
-> Request 1
303
(1, 1, 1)
2
(0, 20)
-> Request 2
593
(2, 1, 2)
3
(43, 27)
-> Request 3
638
(1, 2, 2)
1
(15, 32)
-> Request 4
659
(4, 3, 1)
1
(34, 52)
-> Request 5
892
(4, 1, 2)
1
(79, 55)
-> Request 6
935
(1, 2, 2)
3
(51, 55)
-> Request 7
1160
(3, 2, 2)
1
(32, 64)
-> Request 8
1295
(3, 2, 1)
2
(69, 78)
-> Request 9
1363
(3, 3, 2)
3
(66, 79)
-> Request 10
1398
(3, 1, 2)
2
(60, 22)
-> Request 11
1412
(3, 2, 2)
1
(9, 5)
--> Day : 4
-> Request 0
335
(3, 1, 2)
1
(1, 22)
-> Request 1
564
(1, 2, 2)
1
(72, 35)
-> Request 2
783
(3, 2, 2)
2
(68, 37)
-> Request 3
851
(1, 2, 1)
2
(77, 20)
-> Request 4
1020
(3, 1, 1)
1
(5, 21)
-> Request 5
1146
(2, 1, 2)
3
(62, 31)
-> Request 6
1154
(1, 1, 1)
3
(15, 14)
-> Request 7
1161
(4, 2, 1)
2
(29, 31)
-> Request 8
1214
(3, 3, 1)
2
(20, 25)
-> Request 9
1267
(2, 3, 2)
2
(56, 41)
-> Request 10
1324
(2, 3, 2)
3
(55, 71)
---> Week : 105
--> Day : 0
-> Request 0
47
(2, 2, 2)
1
(49, 64)
-> Request 1
63
(4, 1, 1)
2
(1, 7)
-> Request 2
313
(3, 2, 1)
2
(20, 30)
-> Request 3
657
(3, 3, 2)
1
(48, 38)
-> Request 4
703
(3, 1, 2)
2
(19, 70)
-> Request 5
940
(4, 2, 1)
1
(43, 30)
-> Request 6
1042
(1, 2, 1)
2
(69, 59)
-> Request 7
1111
(2, 1, 1)
3
(46, 24)
-> Request 8
1116
(4, 2, 1)
1
(62, 5)
-> Request 9
1328
(4, 3, 2)
3
(39, 49)
--> Day : 1
-> Request 0
71
(1, 3, 2)
3
(14, 6)
-> Request 1
111
(1, 1, 2)
1
(11, 40)
-> Request 2
398
(1, 3, 2)
2
(23, 37)
-> Request 3
459
(1, 3, 2)
2
(35, 11)
-> Request 4
865
(3, 1, 1)
2
(13, 76)
-> Request 5
1169
(3, 3, 2)
1
(67, 25)
-> Request 6
1345
(2, 3, 2)
1
(32, 31)
--> Day : 2
-> Request 0
43
(3, 1, 2)
1
(4, 8)
-> Request 1
51
(4, 3, 1)
3
(49, 62)
-> Request 2
125
(3, 1, 1)
2
(41, 45)
-> Request 3
216
(4, 1, 1)
3
(61, 0)
-> Request 4
396
(1, 1, 2)
1
(61, 43)
-> Request 5
522
(1, 1, 1)
2
(40, 58)
-> Request 6
547
(2, 3, 2)
2
(10, 60)
-> Request 7
581
(3, 2, 1)
3
(20, 75)
-> Request 8
853
(3, 3, 2)
3
(0, 24)
-> Request 9
1184
(2, 3, 2)
2
(73, 16)
-> Request 10
1347
(1, 2, 1)
3
(37, 9)
--> Day : 3
-> Request 0
309
(3, 3, 1)
2
(45, 3)
-> Request 1
458
(1, 1, 2)
2
(63, 47)
-> Request 2
633
(3, 2, 2)
3
(65, 5)
-> Request 3
887
(3, 1, 1)
3
(2, 18)
-> Request 4
901
(1, 2, 1)
3
(12, 70)
-> Request 5
951
(3, 2, 1)
3
(28, 78)
-> Request 6
1059
(2, 1, 2)
3
(16, 8)
-> Request 7
1176
(1, 1, 2)
2
(60, 15)
--> Day : 4
-> Request 0
76
(1, 1, 2)
3
(68, 73)
-> Request 1
81
(4, 2, 1)
3
(25, 0)
-> Request 2
175
(1, 1, 2)
3
(41, 26)
-> Request 3
554
(3, 2, 1)
1
(59, 27)
-> Request 4
762
(1, 1, 1)
1
(30, 65)
-> Request 5
1225
(1, 1, 2)
2
(3, 64)
-> Request 6
1411
(2, 2, 1)
1
(49, 8)
---> Week : 106
--> Day : 0
-> Request 0
23
(2, 3, 1)
1
(35, 61)
-> Request 1
39
(4, 1, 2)
1
(59, 45)
-> Request 2
231
(1, 2, 2)
2
(7, 60)
-> Request 3
250
(3, 3, 1)
3
(23, 23)
-> Request 4
332
(2, 3, 2)
3
(28, 73)
-> Request 5
337
(1, 2, 1)
2
(4, 44)
-> Request 6
842
(1, 2, 2)
3
(16, 56)
-> Request 7
937
(1, 2, 2)
1
(71, 56)
-> Request 8
1158
(1, 2, 1)
1
(72, 18)
-> Request 9
1171
(3, 3, 2)
1
(9, 33)
-> Request 10
1176
(2, 3, 2)
2
(54, 17)
-> Request 11
1184
(4, 2, 1)
1
(25, 27)
-> Request 12
1262
(1, 2, 1)
3
(61, 75)
-> Request 13
1313
(4, 1, 2)
2
(68, 12)
--> Day : 1
-> Request 0
329
(2, 1, 1)
3
(2, 54)
-> Request 1
344
(4, 1, 1)
1
(55, 42)
-> Request 2
424
(4, 1, 2)
1
(6, 20)
-> Request 3
580
(4, 2, 1)
3
(64, 68)
-> Request 4
999
(3, 3, 2)
3
(50, 26)
-> Request 5
1169
(2, 1, 1)
2
(52, 35)
-> Request 6
1281
(4, 1, 1)
1
(76, 19)
-> Request 7
1438
(2, 2, 1)
3
(11, 20)
-> Request 8
1438
(2, 2, 1)
1
(9, 32)
--> Day : 2
-> Request 0
86
(1, 3, 2)
2
(13, 72)
-> Request 1
266
(1, 3, 1)
3
(55, 36)
-> Request 2
284
(2, 1, 2)
1
(49, 26)
-> Request 3
598
(4, 3, 2)
2
(48, 56)
-> Request 4
826
(1, 2, 1)
1
(51, 8)
-> Request 5
1147
(3, 2, 2)
2
(60, 61)
-> Request 6
1352
(1, 3, 2)
2
(11, 22)
-> Request 7
1396
(1, 2, 1)
3
(66, 62)
--> Day : 3
-> Request 0
428
(2, 2, 2)
1
(57, 66)
-> Request 1
454
(1, 2, 1)
1
(69, 16)
-> Request 2
579
(2, 1, 2)
2
(4, 37)
-> Request 3
589
(1, 1, 2)
2
(47, 47)
-> Request 4
605
(4, 3, 2)
2
(54, 23)
-> Request 5
633
(4, 2, 1)
3
(68, 21)
-> Request 6
712
(3, 3, 1)
1
(32, 5)
-> Request 7
742
(4, 2, 2)
2
(9, 24)
-> Request 8
835
(1, 2, 2)
3
(14, 4)
-> Request 9
1015
(4, 2, 2)
3
(61, 72)
-> Request 10
1030
(3, 2, 1)
3
(69, 65)
-> Request 11
1041
(3, 2, 2)
2
(2, 48)
-> Request 12
1263
(1, 1, 1)
3
(51, 7)
-> Request 13
1407
(4, 3, 2)
2
(52, 15)
--> Day : 4
-> Request 0
97
(1, 3, 2)
3
(26, 6)
-> Request 1
219
(1, 2, 2)
3
(75, 25)
-> Request 2
1070
(2, 3, 2)
2
(32, 16)
-> Request 3
1071
(2, 2, 1)
3
(18, 28)
-> Request 4
1077
(3, 3, 1)
2
(20, 25)
-> Request 5
1091
(4, 1, 1)
1
(4, 6)
-> Request 6
1158
(2, 3, 2)
2
(5, 24)
---> Week : 107
--> Day : 0
-> Request 0
283
(1, 1, 1)
2
(70, 67)
-> Request 1
598
(4, 3, 1)
2
(52, 13)
-> Request 2
751
(1, 2, 1)
1
(15, 11)
-> Request 3
751
(2, 2, 1)
1
(70, 43)
-> Request 4
944
(2, 1, 1)
2
(41, 27)
-> Request 5
1026
(3, 1, 2)
2
(67, 70)
-> Request 6
1106
(2, 1, 1)
1
(38, 37)
--> Day : 1
-> Request 0
129
(4, 3, 1)
1
(44, 69)
-> Request 1
251
(3, 2, 1)
1
(39, 34)
-> Request 2
474
(3, 2, 2)
2
(41, 62)
-> Request 3
780
(1, 2, 1)
1
(59, 24)
--> Day : 2
-> Request 0
168
(1, 2, 1)
3
(67, 17)
-> Request 1
396
(2, 1, 2)
1
(67, 57)
-> Request 2
480
(4, 1, 2)
3
(32, 1)
-> Request 3
835
(4, 1, 1)
2
(79, 22)
-> Request 4
1205
(1, 1, 2)
1
(13, 46)
-> Request 5
1295
(3, 2, 2)
2
(46, 59)
-> Request 6
1347
(4, 3, 2)
2
(60, 45)
--> Day : 3
-> Request 0
34
(2, 2, 1)
3
(49, 30)
-> Request 1
114
(2, 3, 2)
1
(68, 41)
-> Request 2
203
(3, 1, 1)
1
(20, 9)
-> Request 3
420
(2, 1, 1)
3
(70, 57)
-> Request 4
509
(2, 1, 2)
3
(9, 8)
-> Request 5
532
(2, 1, 1)
2
(0, 17)
-> Request 6
727
(1, 2, 2)
2
(36, 58)
-> Request 7
852
(3, 3, 1)
1
(34, 18)
-> Request 8
897
(3, 1, 1)
3
(68, 76)
-> Request 9
901
(4, 2, 1)
3
(21, 74)
-> Request 10
1031
(1, 3, 1)
1
(30, 72)
-> Request 11
1216
(3, 3, 2)
2
(25, 14)
--> Day : 4
-> Request 0
16
(3, 2, 1)
2
(16, 15)
-> Request 1
185
(3, 1, 2)
1
(73, 45)
-> Request 2
261
(3, 1, 2)
3
(59, 0)
-> Request 3
268
(2, 2, 2)
1
(38, 20)
-> Request 4
297
(4, 1, 2)
1
(69, 69)
-> Request 5
393
(2, 1, 2)
3
(60, 79)
-> Request 6
1196
(3, 3, 1)
2
(20, 45)
-> Request 7
1226
(3, 3, 1)
1
(64, 53)
-> Request 8
1316
(3, 1, 2)
3
(16, 27)
---> Week : 108
--> Day : 0
-> Request 0
80
(4, 1, 1)
1
(28, 47)
-> Request 1
176
(3, 2, 1)
3
(9, 76)
-> Request 2
447
(4, 2, 2)
2
(39, 47)
-> Request 3
467
(1, 1, 2)
2
(77, 44)
-> Request 4
615
(1, 3, 2)
2
(66, 46)
-> Request 5
972
(1, 1, 2)
2
(8, 46)
-> Request 6
1173
(2, 1, 2)
1
(0, 43)
-> Request 7
1218
(4, 3, 1)
3
(46, 68)
-> Request 8
1241
(3, 2, 1)
2
(19, 36)
-> Request 9
1351
(3, 2, 2)
3
(79, 38)
-> Request 10
1395
(2, 1, 1)
1
(6, 65)
--> Day : 1
-> Request 0
19
(3, 1, 2)
2
(46, 1)
-> Request 1
52
(4, 2, 2)
2
(30, 59)
-> Request 2
394
(3, 1, 1)
2
(57, 4)
-> Request 3
576
(1, 3, 2)
1
(59, 15)
-> Request 4
861
(1, 3, 2)
1
(34, 50)
-> Request 5
1017
(2, 1, 1)
1
(38, 35)
-> Request 6
1079
(1, 1, 1)
1
(44, 57)
-> Request 7
1148
(1, 1, 1)
3
(30, 59)
-> Request 8
1171
(3, 2, 2)
3
(14, 56)
-> Request 9
1171
(4, 3, 1)
3
(66, 48)
-> Request 10
1292
(2, 2, 1)
3
(12, 67)
-> Request 11
1381
(4, 1, 2)
2
(57, 38)
--> Day : 2
-> Request 0
82
(3, 3, 2)
2
(64, 5)
-> Request 1
89
(3, 1, 1)
3
(53, 50)
-> Request 2
603
(4, 3, 1)
3
(56, 59)
-> Request 3
696
(3, 2, 1)
3
(62, 58)
-> Request 4
729
(3, 3, 2)
1
(52, 19)
-> Request 5
864
(2, 1, 2)
1
(64, 21)
-> Request 6
896
(3, 1, 1)
3
(37, 34)
-> Request 7
1153
(4, 1, 2)
3
(39, 3)
-> Request 8
1181
(3, 3, 1)
1
(18, 31)
-> Request 9
1301
(3, 2, 1)
1
(21, 65)
--> Day : 3
-> Request 0
1
(2, 2, 2)
3
(75, 79)
-> Request 1
201
(2, 1, 1)
2
(42, 62)
-> Request 2
514
(1, 1, 2)
1
(79, 38)
-> Request 3
578
(2, 1, 1)
2
(59, 27)
-> Request 4
857
(3, 1, 2)
2
(33, 49)
-> Request 5
871
(2, 3, 2)
3
(73, 28)
-> Request 6
915
(3, 1, 2)
1
(75, 72)
-> Request 7
1006
(2, 2, 1)
2
(72, 78)
-> Request 8
1168
(3, 1, 2)
2
(76, 41)
-> Request 9
1302
(3, 2, 2)
2
(15, 32)
-> Request 10
1321
(4, 1, 2)
2
(25, 71)
--> Day : 4
-> Request 0
80
(1, 2, 1)
3
(62, 21)
-> Request 1
191
(3, 2, 2)
3
(26, 12)
-> Request 2
502
(1, 1, 2)
2
(53, 77)
-> Request 3
595
(4, 1, 1)
3
(48, 58)
-> Request 4
610
(1, 3, 2)
2
(20, 21)
-> Request 5
629
(3, 2, 1)
1
(69, 11)
-> Request 6
704
(1, 1, 2)
2
(53, 74)
-> Request 7
819
(4, 2, 2)
3
(41, 26)
-> Request 8
1097
(2, 3, 2)
1
(62, 74)
-> Request 9
1185
(2, 2, 1)
1
(48, 39)
-> Request 10
1275
(1, 1, 2)
1
(46, 68)
---> Week : 109
--> Day : 0
-> Request 0
1087
(2, 1, 1)
2
(34, 56)
-> Request 1
1384
(1, 3, 1)
1
(3, 6)
--> Day : 1
-> Request 0
120
(3, 2, 1)
2
(13, 52)
-> Request 1
384
(2, 2, 1)
2
(42, 15)
-> Request 2
392
(1, 3, 2)
3
(15, 66)
-> Request 3
591
(2, 1, 1)
2
(11, 67)
-> Request 4
659
(3, 3, 2)
3
(40, 70)
-> Request 5
673
(1, 3, 2)
2
(59, 73)
-> Request 6
812
(4, 2, 2)
1
(32, 31)
-> Request 7
953
(1, 3, 1)
2
(18, 40)
-> Request 8
1238
(3, 3, 2)
3
(35, 77)
-> Request 9
1369
(1, 2, 2)
2
(43, 70)
-> Request 10
1394
(3, 1, 2)
3
(41, 62)
--> Day : 2
-> Request 0
122
(4, 2, 1)
3
(63, 75)
-> Request 1
180
(1, 1, 1)
2
(32, 28)
-> Request 2
183
(2, 1, 2)
3
(67, 4)
-> Request 3
264
(3, 3, 2)
1
(1, 3)
-> Request 4
419
(2, 3, 1)
2
(5, 25)
-> Request 5
591
(4, 3, 2)
3
(42, 21)
-> Request 6
739
(3, 1, 1)
2
(70, 1)
-> Request 7
955
(3, 1, 1)
2
(29, 8)
-> Request 8
1081
(4, 3, 1)
3
(12, 35)
-> Request 9
1210
(1, 2, 1)
3
(0, 69)
-> Request 10
1275
(1, 3, 2)
1
(65, 78)
--> Day : 3
-> Request 0
7
(1, 1, 2)
3
(30, 13)
-> Request 1
289
(2, 3, 1)
1
(59, 71)
-> Request 2
339
(2, 2, 2)
3
(3, 64)
-> Request 3
506
(2, 1, 1)
1
(37, 34)
-> Request 4
771
(1, 2, 2)
3
(11, 4)
-> Request 5
823
(3, 1, 2)
2
(25, 8)
-> Request 6
1213
(1, 2, 2)
1
(3, 1)
-> Request 7
1352
(2, 2, 2)
2
(6, 34)
--> Day : 4
-> Request 0
122
(1, 1, 1)
1
(14, 47)
-> Request 1
135
(1, 2, 1)
1
(67, 23)
-> Request 2
202
(3, 3, 2)
2
(13, 16)
-> Request 3
448
(1, 1, 1)
3
(12, 57)
-> Request 4
467
(4, 2, 1)
3
(71, 18)
-> Request 5
609
(3, 3, 2)
2
(19, 44)
-> Request 6
724
(2, 2, 1)
2
(67, 66)
-> Request 7
938
(3, 3, 2)
1
(65, 9)
-> Request 8
961
(2, 1, 1)
2
(71, 42)
-> Request 9
1190
(4, 2, 2)
1
(36, 2)
-> Request 10
1231
(2, 2, 1)
1
(52, 20)
-> Request 11
1294
(4, 3, 1)
2
(5, 60)
-> Request 12
1412
(3, 1, 1)
3
(16, 77)
---> Week : 110
--> Day : 0
-> Request 0
98
(2, 1, 2)
3
(25, 41)
-> Request 1
151
(2, 3, 2)
2
(6, 60)
-> Request 2
239
(4, 2, 2)
1
(72, 78)
-> Request 3
456
(4, 3, 2)
2
(42, 37)
-> Request 4
693
(2, 1, 1)
1
(14, 53)
-> Request 5
844
(1, 1, 2)
3
(35, 54)
-> Request 6
851
(2, 2, 2)
3
(57, 79)
-> Request 7
852
(1, 1, 2)
1
(30, 3)
-> Request 8
976
(1, 2, 2)
1
(78, 24)
--> Day : 1
-> Request 0
2
(4, 3, 1)
3
(42, 1)
-> Request 1
16
(3, 1, 2)
2
(6, 12)
-> Request 2
169
(3, 1, 2)
1
(12, 38)
-> Request 3
234
(3, 3, 1)
2
(32, 24)
-> Request 4
253
(2, 2, 2)
2
(34, 48)
-> Request 5
280
(3, 2, 2)
3
(29, 38)
-> Request 6
469
(3, 2, 2)
3
(36, 23)
-> Request 7
560
(4, 1, 2)
1
(29, 62)
-> Request 8
582
(2, 1, 1)
1
(8, 6)
-> Request 9
1179
(4, 2, 1)
2
(16, 39)
-> Request 10
1206
(1, 3, 2)
3
(1, 68)
-> Request 11
1428
(3, 1, 2)
1
(38, 72)
--> Day : 2
-> Request 0
59
(3, 1, 1)
1
(53, 29)
-> Request 1
264
(2, 2, 2)
3
(63, 41)
-> Request 2
573
(3, 3, 1)
3
(26, 69)
-> Request 3
771
(3, 3, 2)
2
(47, 26)
-> Request 4
816
(4, 3, 2)
2
(20, 14)
-> Request 5
884
(4, 3, 1)
2
(1, 61)
-> Request 6
1021
(3, 1, 1)
3
(66, 72)
-> Request 7
1156
(1, 1, 1)
3
(5, 22)
-> Request 8
1199
(4, 3, 2)
1
(24, 77)
-> Request 9
1228
(1, 3, 1)
3
(26, 15)
-> Request 10
1298
(2, 2, 2)
2
(21, 63)
-> Request 11
1360
(2, 1, 2)
2
(64, 50)
--> Day : 3
-> Request 0
309
(4, 2, 1)
3
(75, 9)
-> Request 1
499
(2, 3, 1)
1
(52, 38)
-> Request 2
705
(2, 1, 1)
1
(46, 31)
-> Request 3
962
(4, 1, 2)
3
(4, 52)
-> Request 4
974
(1, 1, 2)
1
(78, 36)
-> Request 5
1219
(1, 1, 1)
2
(31, 50)
-> Request 6
1330
(1, 2, 2)
2
(7, 15)
--> Day : 4
-> Request 0
349
(2, 2, 1)
3
(20, 10)
-> Request 1
605
(1, 3, 2)
2
(71, 55)
-> Request 2
642
(2, 2, 2)
3
(8, 51)
-> Request 3
751
(4, 2, 1)
1
(77, 15)
-> Request 4
771
(3, 3, 1)
3
(68, 73)
-> Request 5
806
(1, 3, 1)
3
(1, 38)
-> Request 6
878
(2, 3, 2)
2
(31, 65)
-> Request 7
1017
(2, 3, 2)
1
(41, 26)
-> Request 8
1063
(3, 1, 2)
2
(28, 6)
-> Request 9
1084
(1, 1, 1)
3
(57, 37)
-> Request 10
1085
(4, 2, 1)
2
(3, 77)
-> Request 11
1227
(1, 2, 1)
3
(13, 55)
-> Request 12
1307
(2, 2, 1)
1
(63, 9)
-> Request 13
1387
(3, 2, 1)
1
(50, 26)
---> Week : 111
--> Day : 0
-> Request 0
1
(1, 3, 2)
3
(71, 71)
-> Request 1
34
(1, 1, 1)
1
(49, 47)
-> Request 2
857
(3, 3, 2)
3
(40, 77)
-> Request 3
1014
(4, 2, 2)
1
(20, 54)
-> Request 4
1224
(3, 1, 1)
1
(51, 65)
--> Day : 1
-> Request 0
196
(2, 1, 2)
2
(11, 66)
-> Request 1
245
(1, 3, 2)
1
(59, 51)
-> Request 2
522
(4, 3, 2)
1
(58, 68)
-> Request 3
653
(4, 2, 1)
2
(56, 78)
-> Request 4
685
(1, 2, 1)
2
(62, 51)
-> Request 5
856
(4, 3, 2)
1
(20, 18)
-> Request 6
1241
(4, 2, 1)
2
(55, 32)
-> Request 7
1265
(1, 1, 1)
1
(66, 2)
-> Request 8
1309
(1, 2, 2)
3
(20, 68)
-> Request 9
1319
(4, 1, 1)
2
(47, 23)
--> Day : 2
-> Request 0
313
(4, 2, 1)
3
(22, 46)
-> Request 1
348
(4, 1, 2)
2
(35, 67)
-> Request 2
462
(3, 1, 1)
3
(68, 30)
-> Request 3
493
(4, 3, 2)
3
(10, 59)
-> Request 4
537
(1, 2, 2)
3
(41, 56)
-> Request 5
642
(2, 2, 2)
2
(34, 45)
-> Request 6
692
(4, 2, 2)
1
(35, 36)
-> Request 7
729
(2, 3, 2)
3
(6, 21)
-> Request 8
789
(1, 2, 1)
1
(53, 31)
-> Request 9
823
(2, 1, 2)
1
(40, 35)
-> Request 10
838
(2, 2, 1)
1
(3, 12)
-> Request 11
910
(2, 1, 2)
2
(0, 74)
-> Request 12
1074
(4, 2, 2)
3
(16, 53)
-> Request 13
1246
(2, 1, 2)
1
(70, 68)
-> Request 14
1249
(1, 3, 1)
1
(18, 66)
-> Request 15
1315
(1, 2, 1)
2
(18, 78)
-> Request 16
1319
(4, 2, 1)
1
(47, 24)
--> Day : 3
-> Request 0
530
(3, 3, 2)
3
(66, 62)
-> Request 1
577
(2, 1, 1)
2
(50, 50)
-> Request 2
709
(2, 2, 1)
2
(35, 43)
-> Request 3
821
(1, 2, 1)
2
(14, 48)
-> Request 4
892
(3, 2, 1)
1
(40, 37)
-> Request 5
938
(2, 1, 2)
3
(43, 29)
-> Request 6
1323
(3, 3, 1)
1
(32, 46)
--> Day : 4
-> Request 0
368
(1, 3, 2)
2
(62, 22)
-> Request 1
445
(3, 3, 2)
3
(43, 33)
-> Request 2
466
(3, 1, 2)
2
(50, 70)
-> Request 3
493
(1, 2, 2)
3
(20, 40)
-> Request 4
620
(1, 3, 1)
1
(43, 66)
-> Request 5
871
(3, 1, 1)
1
(19, 18)
-> Request 6
1181
(3, 2, 2)
2
(27, 27)
-> Request 7
1199
(4, 2, 2)
1
(63, 38)
-> Request 8
1267
(3, 1, 1)
3
(18, 69)
-> Request 9
1416
(2, 1, 1)
2
(52, 43)
-> Request 10
1422
(2, 1, 2)
2
(67, 71)
---> Week : 112
--> Day : 0
-> Request 0
29
(4, 2, 1)
2
(20, 61)
-> Request 1
90
(4, 3, 2)
1
(53, 23)
-> Request 2
239
(3, 3, 1)
3
(65, 23)
-> Request 3
290
(1, 3, 2)
2
(13, 10)
-> Request 4
537
(4, 2, 1)
1
(30, 45)
-> Request 5
675
(2, 3, 1)
3
(17, 14)
-> Request 6
752
(1, 1, 2)
3
(53, 10)
-> Request 7
957
(2, 2, 1)
2
(73, 47)
-> Request 8
984
(2, 1, 1)
3
(36, 54)
-> Request 9
1097
(4, 3, 2)
2
(32, 10)
-> Request 10
1182
(3, 3, 1)
2
(48, 27)
-> Request 11
1202
(3, 1, 1)
2
(11, 57)
-> Request 12
1341
(2, 2, 2)
3
(56, 34)
-> Request 13
1393
(2, 2, 1)
2
(48, 36)
-> Request 14
1411
(2, 2, 2)
2
(2, 72)
--> Day : 1
-> Request 0
17
(1, 1, 2)
1
(49, 63)
-> Request 1
42
(4, 2, 2)
3
(11, 55)
-> Request 2
106
(3, 3, 2)
1
(68, 62)
-> Request 3
672
(2, 1, 2)
1
(48, 23)
-> Request 4
703
(3, 1, 2)
3
(45, 75)
-> Request 5
1039
(4, 2, 1)
2
(44, 66)
-> Request 6
1081
(4, 2, 2)
1
(42, 25)
--> Day : 2
-> Request 0
43
(4, 2, 2)
1
(63, 61)
-> Request 1
192
(1, 3, 2)
1
(77, 40)
-> Request 2
270
(2, 1, 2)
1
(66, 61)
-> Request 3
450
(4, 2, 1)
3
(1, 49)
-> Request 4
541
(1, 3, 2)
1
(32, 72)
-> Request 5
654
(1, 1, 1)
1
(13, 25)
-> Request 6
716
(2, 2, 1)
3
(73, 37)
-> Request 7
737
(1, 2, 2)
3
(47, 40)
-> Request 8
849
(4, 3, 1)
1
(44, 68)
-> Request 9
853
(1, 2, 1)
3
(55, 29)
-> Request 10
1040
(1, 3, 1)
3
(79, 69)
-> Request 11
1120
(2, 1, 2)
3
(52, 38)
-> Request 12
1293
(4, 3, 2)
1
(25, 12)
--> Day : 3
-> Request 0
74
(1, 3, 1)
2
(51, 39)
-> Request 1
85
(1, 1, 1)
3
(69, 24)
-> Request 2
185
(4, 2, 2)
1
(76, 31)
-> Request 3
220
(4, 3, 1)
2
(41, 8)
-> Request 4
887
(2, 2, 1)
2
(48, 3)
-> Request 5
1432
(3, 2, 1)
3
(35, 30)
--> Day : 4
-> Request 0
9
(1, 2, 1)
3
(9, 79)
-> Request 1
91
(3, 3, 1)
2
(8, 26)
-> Request 2
113
(1, 3, 2)
1
(35, 37)
-> Request 3
263
(1, 1, 1)
2
(10, 57)
-> Request 4
669
(2, 1, 2)
3
(1, 75)
-> Request 5
672
(4, 3, 1)
3
(46, 16)
-> Request 6
1063
(2, 1, 2)
3
(37, 58)
-> Request 7
1262
(2, 3, 1)
2
(19, 50)
-> Request 8
1285
(1, 3, 1)
3
(5, 2)
-> Request 9
1329
(1, 1, 1)
1
(25, 65)
---> Week : 113
--> Day : 0
-> Request 0
166
(3, 2, 1)
2
(20, 36)
-> Request 1
304
(1, 2, 1)
3
(60, 24)
-> Request 2
333
(1, 3, 1)
3
(25, 22)
-> Request 3
367
(1, 3, 2)
3
(40, 34)
-> Request 4
371
(3, 1, 1)
2
(76, 57)
-> Request 5
429
(3, 2, 1)
3
(59, 73)
-> Request 6
429
(1, 1, 2)
1
(27, 24)
-> Request 7
1067
(4, 1, 1)
1
(26, 58)
-> Request 8
1320
(4, 1, 2)
1
(45, 39)
-> Request 9
1389
(3, 3, 1)
1
(62, 27)
-> Request 10
1407
(2, 2, 1)
1
(2, 56)
--> Day : 1
-> Request 0
59
(2, 2, 1)
1
(26, 43)
-> Request 1
85
(2, 2, 2)
1
(0, 28)
-> Request 2
93
(4, 3, 1)
3
(62, 70)
-> Request 3
330
(1, 2, 1)
3
(0, 41)
-> Request 4
419
(3, 3, 2)
3
(26, 64)
-> Request 5
493
(1, 3, 1)
1
(56, 23)
-> Request 6
532
(4, 1, 1)
1
(63, 5)
-> Request 7
704
(2, 3, 1)
2
(18, 38)
-> Request 8
867
(1, 2, 1)
3
(34, 26)
-> Request 9
1076
(2, 1, 2)
3
(11, 76)
-> Request 10
1149
(2, 3, 1)
2
(8, 50)
-> Request 11
1215
(4, 1, 1)
3
(44, 30)
-> Request 12
1225
(2, 3, 1)
3
(63, 26)
--> Day : 2
-> Request 0
34
(4, 2, 1)
1
(23, 27)
-> Request 1
133
(1, 1, 2)
3
(31, 67)
-> Request 2
153
(2, 3, 2)
3
(70, 58)
-> Request 3
251
(2, 1, 2)
1
(18, 26)
-> Request 4
341
(1, 3, 2)
1
(36, 39)
-> Request 5
635
(1, 2, 1)
3
(0, 54)
-> Request 6
675
(3, 3, 1)
3
(7, 69)
-> Request 7
1271
(4, 1, 2)
1
(14, 13)
-> Request 8
1374
(2, 1, 2)
3
(18, 70)
-> Request 9
1404
(3, 3, 1)
3
(28, 39)
--> Day : 3
-> Request 0
194
(4, 3, 2)
3
(20, 18)
-> Request 1
378
(1, 2, 2)
3
(3, 13)
-> Request 2
508
(4, 3, 2)
2
(26, 58)
-> Request 3
538
(2, 2, 2)
2
(63, 20)
-> Request 4
652
(1, 1, 2)
3
(77, 32)
-> Request 5
685
(2, 1, 2)
2
(39, 68)
-> Request 6
754
(2, 1, 1)
2
(44, 7)
-> Request 7
778
(3, 3, 2)
3
(38, 70)
-> Request 8
1011
(4, 3, 2)
1
(56, 72)
-> Request 9
1021
(2, 3, 1)
2
(14, 34)
-> Request 10
1143
(3, 2, 1)
3
(16, 40)
-> Request 11
1159
(3, 3, 2)
1
(53, 14)
-> Request 12
1238
(2, 2, 2)
1
(51, 57)
-> Request 13
1380
(4, 3, 2)
3
(74, 54)
-> Request 14
1381
(4, 1, 2)
2
(17, 51)
--> Day : 4
-> Request 0
91
(2, 1, 2)
1
(49, 52)
-> Request 1
140
(3, 1, 1)
1
(45, 78)
-> Request 2
516
(1, 2, 1)
3
(28, 63)
-> Request 3
815
(4, 2, 1)
1
(52, 35)
-> Request 4
1099
(4, 2, 2)
1
(36, 64)
-> Request 5
1359
(4, 1, 2)
1
(0, 37)
---> Week : 114
--> Day : 0
-> Request 0
572
(3, 2, 2)
3
(36, 15)
-> Request 1
673
(4, 2, 2)
1
(66, 56)
-> Request 2
826
(4, 1, 1)
2
(34, 12)
-> Request 3
951
(1, 1, 1)
1
(40, 27)
-> Request 4
974
(3, 1, 1)
1
(71, 27)
-> Request 5
1028
(3, 1, 1)
1
(21, 1)
-> Request 6
1048
(4, 3, 2)
2
(49, 53)
-> Request 7
1389
(3, 3, 2)
2
(69, 45)
--> Day : 1
-> Request 0
50
(1, 2, 1)
3
(35, 21)
-> Request 1
252
(1, 3, 2)
3
(19, 57)
-> Request 2
331
(1, 1, 1)
1
(19, 25)
-> Request 3
414
(2, 3, 2)
1
(52, 47)
-> Request 4
823
(4, 3, 2)
3
(16, 4)
-> Request 5
1230
(2, 2, 1)
3
(42, 30)
--> Day : 2
-> Request 0
76
(3, 1, 1)
2
(78, 43)
-> Request 1
571
(1, 3, 1)
3
(49, 75)
-> Request 2
585
(1, 3, 1)
1
(45, 24)
-> Request 3
605
(4, 2, 1)
3
(31, 77)
-> Request 4
673
(1, 3, 2)
1
(71, 26)
-> Request 5
841
(3, 2, 1)
2
(10, 79)
-> Request 6
881
(2, 3, 2)
2
(9, 52)
-> Request 7
1348
(4, 2, 1)
2
(1, 23)
-> Request 8
1435
(4, 2, 2)
3
(62, 77)
--> Day : 3
-> Request 0
329
(1, 3, 1)
1
(38, 69)
-> Request 1
413
(3, 1, 1)
1
(45, 18)
-> Request 2
644
(4, 1, 1)
1
(12, 3)
-> Request 3
768
(2, 1, 2)
2
(73, 26)
-> Request 4
781
(1, 1, 2)
3
(33, 18)
-> Request 5
799
(2, 3, 1)
1
(24, 29)
-> Request 6
1386
(1, 1, 1)
2
(10, 34)
-> Request 7
1412
(1, 2, 1)
1
(13, 28)
--> Day : 4
-> Request 0
236
(3, 1, 1)
1
(47, 79)
-> Request 1
333
(3, 1, 1)
2
(9, 46)
-> Request 2
620
(3, 3, 2)
1
(12, 62)
-> Request 3
669
(2, 3, 1)
2
(49, 37)
-> Request 4
1072
(1, 1, 1)
2
(62, 24)
---> Week : 115
--> Day : 0
-> Request 0
183
(2, 2, 2)
3
(42, 17)
-> Request 1
240
(4, 2, 1)
3
(58, 20)
-> Request 2
255
(2, 3, 1)
3
(6, 10)
-> Request 3
329
(4, 2, 2)
2
(28, 4)
-> Request 4
415
(3, 2, 1)
3
(51, 10)
-> Request 5
572
(3, 2, 1)
1
(55, 7)
-> Request 6
577
(2, 1, 1)
2
(5, 10)
-> Request 7
590
(3, 3, 1)
3
(22, 24)
-> Request 8
695
(1, 2, 1)
3
(18, 51)
-> Request 9
731
(4, 3, 2)
3
(41, 74)
-> Request 10
755
(1, 3, 1)
2
(29, 10)
-> Request 11
788
(3, 3, 2)
2
(31, 21)
-> Request 12
959
(1, 2, 1)
2
(50, 39)
-> Request 13
1007
(2, 3, 2)
3
(64, 11)
-> Request 14
1133
(4, 2, 1)
2
(45, 10)
-> Request 15
1347
(1, 1, 1)
3
(31, 75)
-> Request 16
1373
(1, 3, 2)
1
(72, 78)
-> Request 17
1416
(4, 2, 1)
1
(39, 19)
--> Day : 1
-> Request 0
314
(1, 2, 1)
3
(71, 46)
-> Request 1
373
(1, 3, 1)
1
(11, 36)
-> Request 2
439
(4, 3, 1)
1
(68, 5)
-> Request 3
690
(2, 3, 2)
1
(75, 42)
-> Request 4
774
(1, 1, 2)
3
(51, 43)
-> Request 5
884
(4, 1, 2)
2
(57, 38)
-> Request 6
1080
(3, 3, 1)
3
(76, 34)
-> Request 7
1145
(4, 3, 2)
3
(32, 18)
-> Request 8
1234
(1, 2, 2)
2
(27, 17)
-> Request 9
1397
(3, 3, 1)
1
(63, 51)
--> Day : 2
-> Request 0
33
(2, 3, 2)
3
(24, 72)
-> Request 1
162
(2, 2, 2)
1
(7, 9)
-> Request 2
321
(1, 1, 1)
2
(34, 70)
-> Request 3
505
(4, 1, 2)
2
(7, 0)
-> Request 4
721
(2, 3, 2)
1
(67, 44)
-> Request 5
1064
(2, 3, 1)
1
(50, 59)
-> Request 6
1215
(1, 1, 2)
3
(3, 48)
--> Day : 3
-> Request 0
43
(2, 1, 1)
2
(11, 41)
-> Request 1
160
(3, 1, 1)
1
(72, 39)
-> Request 2
300
(1, 1, 2)
2
(60, 52)
-> Request 3
676
(2, 3, 2)
1
(0, 14)
-> Request 4
709
(3, 2, 1)
2
(59, 66)
-> Request 5
771
(3, 3, 2)
3
(22, 50)
-> Request 6
1091
(1, 1, 2)
2
(13, 77)
-> Request 7
1208
(1, 3, 1)
1
(30, 71)
-> Request 8
1210
(4, 1, 2)
1
(78, 29)
-> Request 9
1255
(3, 3, 1)
2
(77, 70)
-> Request 10
1363
(1, 2, 2)
2
(18, 60)
--> Day : 4
-> Request 0
29
(3, 2, 2)
1
(31, 77)
-> Request 1
33
(4, 2, 2)
1
(73, 27)
-> Request 2
173
(4, 1, 2)
1
(67, 47)
-> Request 3
391
(4, 3, 2)
2
(0, 2)
-> Request 4
434
(1, 2, 2)
3
(20, 12)
-> Request 5
436
(1, 1, 1)
1
(61, 28)
-> Request 6
449
(1, 1, 2)
2
(68, 54)
-> Request 7
478
(1, 1, 1)
1
(79, 71)
-> Request 8
584
(1, 2, 1)
1
(74, 3)
-> Request 9
627
(4, 3, 1)
3
(62, 5)
-> Request 10
684
(3, 2, 2)
3
(26, 56)
-> Request 11
700
(3, 1, 1)
1
(12, 17)
-> Request 12
818
(3, 1, 2)
2
(60, 39)
-> Request 13
957
(1, 2, 2)
2
(68, 75)
-> Request 14
1024
(3, 1, 2)
2
(60, 3)
-> Request 15
1078
(1, 3, 1)
2
(42, 18)
-> Request 16
1085
(2, 1, 1)
1
(72, 32)
---> Week : 116
--> Day : 0
-> Request 0
50
(2, 2, 2)
1
(30, 72)
-> Request 1
345
(2, 2, 1)
2
(39, 37)
-> Request 2
345
(1, 2, 2)
2
(21, 50)
-> Request 3
372
(1, 1, 1)
1
(74, 11)
-> Request 4
589
(3, 1, 2)
3
(64, 63)
-> Request 5
797
(1, 3, 1)
2
(64, 60)
-> Request 6
1009
(3, 2, 2)
2
(75, 56)
-> Request 7
1029
(3, 2, 2)
2
(8, 37)
-> Request 8
1135
(3, 3, 2)
1
(14, 72)
-> Request 9
1162
(4, 2, 2)
3
(10, 55)
-> Request 10
1183
(4, 3, 2)
1
(28, 22)
-> Request 11
1242
(2, 2, 1)
3
(57, 53)
--> Day : 1
-> Request 0
20
(1, 1, 1)
1
(13, 58)
-> Request 1
196
(2, 3, 1)
3
(20, 25)
-> Request 2
325
(2, 2, 1)
3
(57, 5)
-> Request 3
480
(4, 3, 1)
2
(8, 26)
-> Request 4
560
(3, 3, 2)
1
(58, 78)
-> Request 5
723
(4, 3, 2)
2
(48, 61)
-> Request 6
875
(4, 1, 2)
2
(38, 34)
-> Request 7
942
(3, 1, 2)
2
(19, 11)
-> Request 8
1026
(2, 1, 1)
2
(77, 54)
-> Request 9
1062
(1, 1, 2)
1
(49, 27)
-> Request 10
1091
(2, 3, 2)
2
(26, 54)
-> Request 11
1102
(4, 1, 1)
1
(9, 51)
-> Request 12
1167
(4, 1, 2)
2
(57, 51)
-> Request 13
1171
(2, 1, 1)
2
(74, 14)
--> Day : 2
-> Request 0
158
(3, 2, 1)
3
(31, 68)
-> Request 1
475
(1, 3, 1)
2
(45, 69)
-> Request 2
824
(4, 3, 2)
2
(33, 4)
-> Request 3
903
(4, 2, 2)
3
(1, 30)
-> Request 4
908
(1, 1, 2)
2
(16, 28)
-> Request 5
959
(4, 1, 1)
3
(73, 9)
-> Request 6
1046
(3, 2, 1)
1
(8, 15)
-> Request 7
1138
(2, 1, 2)
2
(55, 76)
--> Day : 3
-> Request 0
164
(2, 3, 1)
1
(41, 40)
-> Request 1
280
(3, 2, 1)
2
(14, 39)
-> Request 2
438
(2, 1, 1)
1
(45, 62)
-> Request 3
490
(3, 1, 2)
3
(58, 28)
-> Request 4
513
(1, 3, 1)
1
(31, 12)
-> Request 5
710
(4, 3, 1)
3
(67, 9)
-> Request 6
725
(4, 3, 2)
1
(39, 69)
-> Request 7
1312
(3, 3, 1)
3
(43, 56)
--> Day : 4
-> Request 0
46
(4, 3, 1)
2
(2, 28)
-> Request 1
115
(3, 2, 2)
1
(66, 58)
-> Request 2
189
(3, 2, 1)
2
(52, 75)
-> Request 3
239
(2, 2, 1)
2
(46, 64)
-> Request 4
310
(3, 1, 2)
3
(79, 8)
-> Request 5
423
(4, 2, 2)
2
(67, 14)
-> Request 6
476
(3, 2, 2)
3
(31, 72)
-> Request 7
679
(4, 1, 1)
2
(77, 73)
-> Request 8
773
(2, 3, 1)
3
(5, 16)
-> Request 9
788
(3, 1, 1)
1
(41, 16)
-> Request 10
1072
(3, 3, 1)
3
(18, 39)
-> Request 11
1268
(4, 3, 2)
3
(1, 35)
-> Request 12
1361
(1, 3, 2)
1
(55, 18)
---> Week : 117
--> Day : 0
-> Request 0
93
(2, 3, 2)
1
(79, 48)
-> Request 1
189
(4, 2, 2)
1
(3, 1)
-> Request 2
347
(1, 2, 1)
2
(11, 51)
-> Request 3
350
(4, 1, 2)
3
(4, 0)
-> Request 4
1031
(3, 3, 2)
1
(22, 67)
-> Request 5
1135
(4, 2, 2)
2
(38, 53)
-> Request 6
1207
(3, 3, 2)
3
(34, 14)
-> Request 7
1296
(1, 1, 2)
2
(12, 43)
-> Request 8
1316
(2, 1, 1)
1
(45, 40)
--> Day : 1
-> Request 0
194
(4, 3, 1)
2
(11, 47)
-> Request 1
240
(1, 1, 1)
3
(32, 31)
-> Request 2
250
(3, 1, 2)
2
(68, 12)
-> Request 3
460
(4, 3, 2)
3
(53, 15)
-> Request 4
476
(4, 3, 1)
3
(74, 56)
-> Request 5
487
(1, 3, 1)
2
(57, 18)
-> Request 6
715
(2, 1, 1)
1
(71, 33)
-> Request 7
770
(3, 2, 1)
2
(56, 64)
-> Request 8
822
(1, 1, 2)
1
(68, 31)
-> Request 9
861
(4, 3, 1)
1
(58, 43)
-> Request 10
876
(2, 2, 1)
1
(21, 26)
-> Request 11
1009
(3, 2, 2)
1
(47, 21)
-> Request 12
1175
(4, 2, 2)
1
(25, 64)
-> Request 13
1309
(2, 3, 2)
2
(64, 14)
-> Request 14
1375
(1, 1, 2)
1
(49, 1)
--> Day : 2
-> Request 0
59
(4, 2, 1)
3
(26, 7)
-> Request 1
107
(1, 3, 1)
2
(60, 0)
-> Request 2
108
(1, 3, 2)
2
(27, 22)
-> Request 3
167
(2, 2, 2)
1
(72, 7)
-> Request 4
292
(3, 3, 1)
1
(43, 77)
-> Request 5
344
(3, 2, 2)
1
(79, 45)
-> Request 6
621
(4, 1, 1)
2
(13, 63)
-> Request 7
652
(1, 1, 1)
1
(33, 59)
-> Request 8
681
(4, 2, 1)
1
(60, 36)
-> Request 9
1318
(3, 3, 1)
1
(18, 58)
-> Request 10
1437
(3, 2, 1)
3
(70, 55)
--> Day : 3
-> Request 0
47
(4, 2, 2)
1
(11, 24)
-> Request 1
52
(1, 1, 2)
2
(12, 52)
-> Request 2
230
(2, 3, 2)
2
(18, 74)
-> Request 3
478
(4, 3, 1)
3
(30, 49)
-> Request 4
641
(3, 2, 1)
2
(0, 0)
-> Request 5
861
(4, 3, 1)
2
(67, 70)
-> Request 6
961
(4, 2, 2)
3
(33, 63)
-> Request 7
996
(1, 3, 2)
2
(56, 26)
-> Request 8
1363
(2, 1, 2)
1
(17, 1)
--> Day : 4
-> Request 0
990
(4, 2, 2)
3
(40, 23)
-> Request 1
1023
(1, 3, 1)
2
(24, 18)
---> Week : 118
--> Day : 0
-> Request 0
15
(3, 3, 2)
1
(74, 60)
-> Request 1
47
(2, 1, 1)
1
(41, 69)
-> Request 2
70
(1, 2, 1)
2
(50, 6)
-> Request 3
158
(1, 2, 1)
2
(11, 29)
-> Request 4
185
(4, 1, 2)
2
(12, 78)
-> Request 5
237
(3, 1, 2)
3
(55, 28)
-> Request 6
280
(1, 3, 2)
3
(46, 2)
-> Request 7
436
(1, 1, 2)
1
(35, 4)
-> Request 8
445
(3, 2, 1)
3
(71, 46)
-> Request 9
697
(1, 3, 1)
1
(77, 15)
-> Request 10
963
(2, 1, 1)
2
(78, 45)
-> Request 11
1016
(4, 1, 2)
2
(71, 25)
-> Request 12
1137
(2, 2, 2)
2
(65, 47)
-> Request 13
1344
(2, 3, 1)
1
(32, 8)
--> Day : 1
-> Request 0
142
(4, 2, 1)
1
(61, 23)
-> Request 1
204
(2, 3, 2)
3
(62, 62)
-> Request 2
729
(1, 2, 1)
3
(52, 65)
-> Request 3
956
(3, 1, 1)
1
(3, 76)
-> Request 4
1003
(2, 3, 1)
2
(0, 35)
-> Request 5
1081
(4, 3, 1)
1
(56, 12)
-> Request 6
1164
(2, 1, 1)
3
(22, 79)
-> Request 7
1420
(1, 3, 2)
3
(34, 47)
--> Day : 2
-> Request 0
100
(2, 2, 1)
2
(16, 41)
-> Request 1
319
(2, 3, 1)
1
(28, 10)
-> Request 2
538
(3, 2, 1)
3
(79, 50)
-> Request 3
604
(1, 3, 1)
1
(43, 40)
-> Request 4
615
(1, 3, 1)
3
(76, 69)
-> Request 5
638
(4, 3, 2)
1
(52, 53)
-> Request 6
800
(2, 2, 2)
1
(27, 23)
-> Request 7
823
(4, 2, 2)
1
(27, 60)
-> Request 8
857
(3, 3, 1)
3
(24, 32)
-> Request 9
1006
(3, 3, 2)
2
(68, 36)
-> Request 10
1089
(4, 1, 2)
1
(33, 48)
-> Request 11
1343
(1, 1, 1)
3
(21, 59)
-> Request 12
1351
(2, 2, 1)
2
(44, 21)
--> Day : 3
-> Request 0
219
(2, 1, 1)
3
(78, 59)
-> Request 1
219
(3, 2, 1)
1
(45, 9)
-> Request 2
365
(4, 1, 1)
3
(37, 65)
-> Request 3
376
(4, 2, 1)
2
(29, 29)
-> Request 4
452
(2, 3, 2)
1
(12, 21)
-> Request 5
473
(2, 1, 2)
1
(39, 45)
-> Request 6
504
(3, 1, 2)
2
(64, 4)
-> Request 7
587
(1, 1, 2)
3
(1, 19)
-> Request 8
649
(1, 2, 1)
2
(42, 10)
-> Request 9
1029
(2, 2, 1)
2
(59, 27)
-> Request 10
1199
(2, 1, 1)
1
(54, 22)
-> Request 11
1278
(4, 3, 1)
2
(70, 23)
--> Day : 4
-> Request 0
32
(2, 2, 2)
3
(35, 40)
-> Request 1
162
(2, 2, 1)
1
(19, 48)
-> Request 2
168
(4, 3, 2)
2
(3, 48)
-> Request 3
609
(2, 1, 2)
2
(60, 70)
-> Request 4
732
(3, 1, 1)
3
(50, 66)
-> Request 5
733
(4, 3, 2)
2
(38, 1)
-> Request 6
775
(3, 3, 1)
2
(75, 36)
-> Request 7
795
(3, 1, 2)
2
(50, 57)
-> Request 8
810
(2, 2, 2)
2
(71, 45)
-> Request 9
913
(2, 1, 2)
3
(4, 47)
-> Request 10
977
(2, 3, 2)
3
(27, 52)
-> Request 11
986
(2, 2, 2)
1
(33, 27)
-> Request 12
1063
(3, 2, 2)
1
(58, 9)
-> Request 13
1088
(1, 1, 1)
1
(23, 33)
-> Request 14
1178
(4, 3, 1)
2
(39, 17)
---> Week : 119
--> Day : 0
-> Request 0
8
(4, 1, 2)
1
(74, 10)
-> Request 1
71
(4, 3, 2)
2
(39, 11)
-> Request 2
106
(1, 2, 1)
1
(65, 51)
-> Request 3
148
(3, 1, 2)
2
(24, 10)
-> Request 4
338
(1, 3, 1)
1
(69, 7)
-> Request 5
359
(4, 2, 1)
2
(47, 58)
-> Request 6
403
(3, 3, 1)
1
(26, 10)
-> Request 7
464
(4, 1, 2)
2
(48, 32)
-> Request 8
851
(3, 3, 2)
1
(54, 16)
-> Request 9
855
(4, 3, 2)
3
(9, 60)
-> Request 10
985
(1, 3, 1)
2
(11, 79)
-> Request 11
1139
(3, 1, 2)
2
(45, 67)
-> Request 12
1254
(2, 2, 2)
2
(51, 67)
-> Request 13
1321
(1, 2, 2)
3
(40, 29)
-> Request 14
1345
(4, 2, 1)
1
(66, 59)
-> Request 15
1395
(4, 1, 2)
1
(20, 72)
--> Day : 1
-> Request 0
43
(2, 2, 2)
2
(73, 72)
-> Request 1
540
(2, 1, 2)
3
(60, 64)
-> Request 2
619
(2, 2, 1)
1
(51, 49)
-> Request 3
740
(4, 2, 2)
2
(3, 18)
-> Request 4
849
(2, 3, 1)
2
(36, 22)
-> Request 5
938
(4, 3, 1)
1
(20, 52)
-> Request 6
1113
(2, 1, 1)
3
(7, 72)
-> Request 7
1218
(1, 3, 1)
1
(4, 30)
-> Request 8
1244
(2, 1, 1)
3
(17, 18)
-> Request 9
1416
(2, 1, 1)
2
(58, 79)
--> Day : 2
-> Request 0
222
(2, 1, 2)
2
(4, 68)
-> Request 1
293
(4, 1, 1)
1
(65, 13)
-> Request 2
629
(3, 1, 1)
1
(59, 44)
-> Request 3
806
(4, 3, 2)
3
(26, 71)
-> Request 4
942
(2, 1, 2)
1
(28, 7)
-> Request 5
967
(2, 1, 2)
2
(20, 66)
-> Request 6
1268
(4, 2, 1)
1
(47, 0)
-> Request 7
1287
(1, 1, 1)
2
(34, 31)
--> Day : 3
-> Request 0
2
(2, 1, 2)
1
(31, 37)
-> Request 1
29
(1, 2, 1)
2
(19, 47)
-> Request 2
239
(2, 1, 1)
1
(11, 65)
-> Request 3
336
(1, 1, 2)
2
(68, 79)
-> Request 4
693
(2, 3, 2)
2
(65, 48)
-> Request 5
757
(4, 3, 2)
1
(33, 77)
-> Request 6
834
(3, 1, 2)
3
(78, 48)
-> Request 7
943
(4, 2, 1)
2
(52, 7)
-> Request 8
1124
(4, 3, 1)
1
(34, 33)
-> Request 9
1172
(1, 2, 1)
3
(47, 75)
--> Day : 4
-> Request 0
19
(1, 3, 1)
3
(74, 62)
-> Request 1
138
(3, 2, 2)
1
(18, 11)
-> Request 2
213
(2, 1, 1)
1
(21, 78)
-> Request 3
315
(3, 1, 1)
2
(37, 60)
-> Request 4
331
(1, 3, 2)
2
(77, 2)
-> Request 5
385
(4, 3, 2)
3
(9, 59)
-> Request 6
481
(1, 1, 2)
3
(56, 51)
-> Request 7
568
(1, 1, 1)
3
(72, 14)
-> Request 8
996
(3, 2, 1)
2
(39, 69)
-> Request 9
996
(3, 2, 1)
2
(70, 41)
-> Request 10
1040
(4, 3, 1)
3
(26, 44)
---> Week : 120
--> Day : 0
-> Request 0
97
(3, 1, 2)
1
(41, 25)
-> Request 1
179
(2, 3, 1)
3
(49, 16)
-> Request 2
202
(3, 2, 2)
1
(9, 41)
-> Request 3
241
(1, 2, 1)
3
(36, 26)
-> Request 4
315
(2, 3, 2)
3
(4, 66)
-> Request 5
329
(2, 3, 2)
2
(20, 0)
-> Request 6
661
(4, 1, 1)
1
(65, 62)
-> Request 7
818
(3, 2, 1)
2
(48, 17)
-> Request 8
879
(2, 2, 2)
2
(64, 57)
-> Request 9
1257
(4, 2, 1)
3
(59, 9)
--> Day : 1
-> Request 0
169
(4, 2, 2)
1
(68, 77)
-> Request 1
342
(2, 1, 1)
2
(27, 0)
-> Request 2
458
(1, 2, 2)
3
(35, 22)
-> Request 3
534
(3, 1, 1)
3
(37, 2)
-> Request 4
550
(4, 1, 1)
1
(79, 48)
-> Request 5
697
(2, 2, 2)
1
(22, 29)
-> Request 6
715
(2, 1, 1)
2
(59, 9)
--> Day : 2
-> Request 0
39
(3, 2, 1)
1
(0, 24)
-> Request 1
191
(1, 3, 2)
2
(56, 18)
-> Request 2
253
(1, 1, 1)
2
(42, 67)
-> Request 3
335
(1, 1, 1)
2
(43, 5)
-> Request 4
345
(4, 3, 1)
1
(9, 44)
-> Request 5
439
(2, 3, 2)
3
(55, 76)
-> Request 6
500
(1, 3, 2)
1
(29, 12)
-> Request 7
613
(2, 1, 2)
2
(67, 0)
-> Request 8
711
(1, 1, 2)
1
(22, 47)
-> Request 9
781
(3, 3, 1)
2
(54, 28)
-> Request 10
1370
(1, 1, 1)
2
(78, 49)
-> Request 11
1417
(4, 2, 2)
3
(7, 24)
--> Day : 3
-> Request 0
241
(2, 1, 2)
2
(66, 53)
-> Request 1
418
(1, 3, 1)
2
(35, 56)
-> Request 2
463
(3, 3, 2)
3
(12, 45)
-> Request 3
579
(2, 2, 2)
3
(71, 10)
-> Request 4
790
(2, 3, 1)
1
(43, 0)
-> Request 5
914
(4, 3, 1)
2
(60, 75)
-> Request 6
937
(4, 3, 1)
3
(25, 49)
-> Request 7
1023
(3, 2, 2)
1
(25, 46)
-> Request 8
1166
(2, 2, 2)
1
(8, 75)
-> Request 9
1245
(1, 2, 2)
2
(52, 46)
--> Day : 4
-> Request 0
359
(1, 2, 2)
1
(17, 28)
-> Request 1
513
(4, 3, 2)
1
(49, 68)
-> Request 2
711
(1, 2, 1)
3
(79, 53)
-> Request 3
844
(1, 3, 1)
1
(63, 16)
-> Request 4
920
(1, 1, 2)
3
(12, 65)
-> Request 5
1010
(2, 2, 2)
3
(45, 67)
-> Request 6
1106
(1, 2, 2)
3
(62, 3)
-> Request 7
1107
(1, 1, 1)
2
(72, 60)
-> Request 8
1108
(1, 1, 1)
2
(34, 30)
-> Request 9
1140
(4, 2, 1)
1
(19, 38)
-> Request 10
1190
(1, 3, 1)
1
(66, 74)
-> Request 11
1193
(4, 1, 2)
3
(62, 6)
-> Request 12
1302
(2, 2, 2)
1
(43, 66)
-> Request 13
1379
(3, 2, 1)
3
(25, 69)
---> Week : 121
--> Day : 0
-> Request 0
84
(1, 1, 1)
1
(19, 21)
-> Request 1
201
(4, 3, 1)
1
(41, 16)
-> Request 2
217
(1, 3, 1)
2
(65, 57)
-> Request 3
318
(3, 2, 2)
1
(1, 63)
-> Request 4
358
(1, 2, 1)
1
(46, 73)
-> Request 5
749
(3, 3, 1)
1
(36, 78)
-> Request 6
983
(2, 2, 1)
3
(78, 45)
-> Request 7
1205
(3, 2, 1)
3
(24, 30)
-> Request 8
1338
(4, 2, 1)
1
(50, 78)
--> Day : 1
-> Request 0
132
(1, 2, 2)
3
(61, 34)
-> Request 1
209
(4, 3, 1)
2
(31, 42)
-> Request 2
430
(4, 3, 1)
3
(44, 28)
-> Request 3
759
(1, 3, 1)
1
(29, 16)
-> Request 4
1039
(1, 1, 1)
1
(68, 40)
-> Request 5
1078
(1, 3, 2)
2
(41, 31)
-> Request 6
1116
(4, 1, 2)
1
(44, 19)
-> Request 7
1124
(3, 1, 1)
3
(24, 25)
-> Request 8
1222
(3, 2, 1)
2
(0, 5)
-> Request 9
1363
(1, 3, 1)
3
(41, 36)
--> Day : 2
-> Request 0
99
(3, 3, 1)
3
(34, 13)
-> Request 1
168
(1, 2, 1)
3
(46, 49)
-> Request 2
311
(1, 2, 1)
1
(26, 48)
-> Request 3
355
(2, 2, 2)
3
(64, 28)
-> Request 4
378
(2, 1, 1)
1
(41, 37)
-> Request 5
421
(4, 1, 2)
1
(23, 6)
-> Request 6
640
(4, 1, 1)
2
(25, 20)
-> Request 7
740
(2, 3, 2)
1
(17, 45)
-> Request 8
934
(3, 2, 2)
2
(60, 28)
-> Request 9
1172
(4, 2, 1)
3
(44, 8)
-> Request 10
1343
(1, 2, 1)
2
(77, 42)
--> Day : 3
-> Request 0
173
(3, 2, 1)
1
(38, 73)
-> Request 1
252
(4, 2, 1)
2
(23, 16)
-> Request 2
396
(4, 2, 2)
1
(10, 72)
-> Request 3
713
(1, 1, 2)
3
(46, 60)
-> Request 4
798
(2, 2, 1)
1
(41, 49)
-> Request 5
1271
(3, 1, 2)
2
(42, 10)
-> Request 6
1361
(4, 2, 2)
3
(20, 66)
--> Day : 4
-> Request 0
240
(3, 1, 1)
1
(15, 58)
-> Request 1
652
(1, 3, 2)
2
(14, 61)
-> Request 2
726
(1, 3, 2)
1
(25, 14)
-> Request 3
796
(2, 3, 1)
1
(3, 63)
-> Request 4
902
(3, 2, 1)
3
(72, 23)
-> Request 5
950
(3, 1, 2)
2
(56, 26)
-> Request 6
1390
(4, 2, 2)
3
(16, 36)
---> Week : 122
--> Day : 0
-> Request 0
93
(1, 2, 2)
3
(60, 14)
-> Request 1
197
(1, 1, 2)
2
(29, 78)
-> Request 2
227
(2, 3, 1)
2
(33, 22)
-> Request 3
393
(3, 2, 2)
3
(21, 76)
-> Request 4
427
(3, 1, 2)
1
(67, 78)
-> Request 5
602
(3, 3, 2)
3
(53, 69)
-> Request 6
698
(4, 1, 2)
1
(35, 47)
-> Request 7
799
(3, 1, 1)
3
(60, 73)
-> Request 8
812
(3, 2, 1)
3
(11, 38)
-> Request 9
842
(4, 3, 1)
2
(1, 13)
-> Request 10
898
(3, 3, 2)
3
(43, 51)
-> Request 11
1245
(4, 2, 2)
3
(35, 54)
-> Request 12
1406
(2, 1, 1)
3
(31, 9)
--> Day : 1
-> Request 0
176
(3, 3, 1)
3
(63, 73)
-> Request 1
220
(1, 3, 1)
3
(41, 16)
-> Request 2
235
(4, 1, 1)
1
(65, 44)
-> Request 3
363
(3, 3, 1)
3
(8, 22)
-> Request 4
437
(4, 2, 2)
1
(30, 70)
-> Request 5
1314
(2, 3, 2)
2
(47, 42)
--> Day : 2
-> Request 0
65
(1, 2, 2)
2
(54, 40)
-> Request 1
219
(1, 3, 2)
2
(43, 48)
-> Request 2
310
(4, 1, 1)
3
(45, 34)
-> Request 3
410
(2, 3, 2)
1
(63, 47)
-> Request 4
497
(4, 1, 2)
3
(63, 37)
-> Request 5
512
(1, 3, 1)
1
(61, 6)
-> Request 6
1133
(3, 1, 2)
1
(21, 68)
-> Request 7
1309
(4, 3, 1)
1
(47, 66)
-> Request 8
1410
(2, 2, 1)
3
(58, 58)
--> Day : 3
-> Request 0
61
(4, 1, 1)
2
(32, 74)
-> Request 1
360
(3, 1, 1)
2
(2, 77)
-> Request 2
587
(1, 1, 1)
2
(78, 58)
-> Request 3
617
(2, 2, 1)
3
(69, 31)
-> Request 4
727
(1, 3, 1)
2
(48, 63)
-> Request 5
909
(3, 3, 2)
2
(17, 22)
-> Request 6
920
(4, 3, 1)
2
(67, 13)
-> Request 7
1398
(2, 1, 1)
1
(20, 33)
-> Request 8
1398
(3, 3, 2)
2
(0, 13)
--> Day : 4
-> Request 0
411
(3, 2, 1)
1
(72, 45)
-> Request 1
792
(1, 1, 1)
3
(1, 12)
-> Request 2
1332
(3, 3, 2)
3
(78, 30)
-> Request 3
1371
(3, 2, 1)
1
(28, 76)
-> Request 4
1430
(3, 2, 1)
3
(58, 44)
---> Week : 123
--> Day : 0
-> Request 0
102
(4, 1, 2)
1
(1, 73)
-> Request 1
322
(2, 1, 2)
1
(12, 50)
-> Request 2
380
(4, 2, 1)
2
(39, 54)
-> Request 3
726
(4, 2, 2)
3
(26, 0)
-> Request 4
854
(4, 2, 2)
3
(49, 42)
-> Request 5
925
(4, 1, 1)
2
(23, 3)
-> Request 6
1333
(4, 1, 2)
1
(49, 5)
-> Request 7
1362
(4, 3, 2)
3
(73, 43)
--> Day : 1
-> Request 0
107
(1, 1, 1)
3
(49, 8)
-> Request 1
258
(2, 2, 1)
1
(51, 44)
-> Request 2
297
(4, 1, 1)
2
(74, 49)
-> Request 3
440
(3, 3, 1)
1
(32, 0)
-> Request 4
511
(2, 1, 2)
3
(7, 42)
-> Request 5
676
(4, 1, 1)
2
(58, 52)
-> Request 6
760
(2, 3, 2)
1
(66, 12)
-> Request 7
773
(4, 2, 1)
2
(65, 18)
-> Request 8
849
(3, 2, 2)
1
(25, 36)
-> Request 9
905
(3, 3, 1)
1
(52, 39)
-> Request 10
914
(3, 1, 1)
1
(1, 57)
-> Request 11
925
(4, 1, 2)
3
(23, 45)
-> Request 12
939
(2, 3, 1)
1
(47, 16)
-> Request 13
947
(4, 1, 2)
1
(52, 59)
-> Request 14
1026
(1, 3, 2)
1
(19, 47)
-> Request 15
1042
(4, 3, 2)
3
(74, 38)
-> Request 16
1384
(1, 2, 1)
3
(68, 20)
--> Day : 2
-> Request 0
154
(4, 2, 1)
2
(2, 57)
-> Request 1
325
(1, 1, 2)
2
(26, 14)
-> Request 2
704
(3, 1, 1)
1
(6, 57)
-> Request 3
706
(2, 1, 2)
2
(0, 59)
-> Request 4
902
(1, 3, 2)
3
(0, 14)
-> Request 5
985
(1, 3, 1)
3
(38, 75)
-> Request 6
1140
(1, 3, 2)
2
(57, 67)
-> Request 7
1184
(2, 1, 1)
2
(5, 42)
-> Request 8
1348
(1, 2, 2)
1
(75, 59)
--> Day : 3
-> Request 0
99
(1, 2, 2)
2
(43, 39)
-> Request 1
159
(4, 1, 2)
2
(65, 9)
-> Request 2
483
(2, 2, 1)
1
(30, 75)
-> Request 3
619
(1, 3, 2)
2
(33, 47)
-> Request 4
674
(1, 2, 2)
2
(22, 51)
-> Request 5
691
(2, 3, 2)
1
(8, 58)
-> Request 6
996
(3, 1, 1)
3
(53, 8)
-> Request 7
1286
(2, 1, 2)
3
(43, 17)
--> Day : 4
-> Request 0
153
(4, 1, 1)
2
(34, 46)
-> Request 1
265
(3, 2, 2)
2
(27, 13)
-> Request 2
280
(3, 3, 1)
3
(67, 17)
-> Request 3
282
(4, 3, 1)
1
(15, 68)
-> Request 4
381
(2, 3, 2)
1
(75, 60)
-> Request 5
393
(1, 3, 1)
1
(30, 65)
-> Request 6
446
(4, 3, 1)
1
(13, 1)
-> Request 7
1305
(2, 2, 1)
3
(11, 65)
-> Request 8
1375
(4, 3, 1)
3
(35, 33)
---> Week : 124
--> Day : 0
-> Request 0
71
(1, 3, 1)
1
(0, 32)
-> Request 1
308
(2, 3, 1)
2
(25, 18)
-> Request 2
324
(4, 2, 2)
3
(74, 51)
-> Request 3
432
(2, 3, 1)
3
(58, 74)
-> Request 4
657
(4, 3, 2)
1
(34, 64)
-> Request 5
690
(2, 2, 2)
2
(73, 11)
-> Request 6
951
(3, 3, 1)
1
(65, 5)
-> Request 7
1168
(1, 1, 1)
1
(56, 63)
-> Request 8
1344
(3, 3, 2)
1
(39, 34)
-> Request 9
1379
(1, 1, 1)
3
(17, 76)
-> Request 10
1395
(4, 1, 2)
3
(28, 70)
--> Day : 1
-> Request 0
928
(4, 3, 2)
2
(26, 40)
-> Request 1
1084
(4, 3, 2)
3
(29, 47)
-> Request 2
1140
(1, 1, 2)
2
(3, 22)
-> Request 3
1240
(3, 1, 2)
3
(62, 47)
-> Request 4
1342
(3, 3, 1)
1
(33, 38)
-> Request 5
1370
(4, 1, 1)
2
(19, 79)
-> Request 6
1419
(4, 2, 2)
3
(39, 61)
--> Day : 2
-> Request 0
217
(4, 2, 2)
2
(31, 18)
-> Request 1
222
(3, 1, 2)
2
(51, 14)
-> Request 2
227
(4, 3, 1)
3
(63, 20)
-> Request 3
465
(4, 1, 1)
3
(53, 70)
-> Request 4
626
(1, 1, 2)
1
(79, 7)
-> Request 5
661
(4, 1, 2)
2
(16, 13)
-> Request 6
676
(1, 3, 1)
3
(56, 69)
-> Request 7
845
(4, 1, 2)
1
(67, 30)
-> Request 8
1242
(4, 1, 1)
3
(46, 51)
-> Request 9
1243
(2, 2, 2)
1
(57, 74)
-> Request 10
1249
(1, 2, 1)
1
(51, 29)
-> Request 11
1300
(3, 2, 2)
3
(14, 33)
-> Request 12
1411
(3, 2, 1)
3
(71, 11)
--> Day : 3
-> Request 0
65
(4, 1, 2)
2
(75, 22)
-> Request 1
756
(1, 1, 1)
1
(1, 47)
--> Day : 4
-> Request 0
54
(3, 2, 1)
3
(47, 37)
-> Request 1
201
(1, 3, 1)
1
(76, 55)
-> Request 2
310
(1, 3, 2)
2
(64, 76)
-> Request 3
719
(3, 2, 1)
3
(36, 14)
-> Request 4
783
(3, 3, 2)
1
(10, 23)
-> Request 5
961
(4, 2, 1)
3
(74, 7)
-> Request 6
1039
(1, 2, 1)
2
(52, 75)
-> Request 7
1274
(3, 1, 1)
3
(6, 7)
-> Request 8
1355
(2, 3, 1)
1
(17, 78)
---> Week : 125
--> Day : 0
-> Request 0
239
(3, 3, 1)
2
(41, 6)
-> Request 1
259
(2, 2, 1)
1
(22, 23)
-> Request 2
378
(4, 1, 2)
2
(15, 15)
-> Request 3
437
(1, 2, 2)
3
(62, 65)
-> Request 4
708
(4, 3, 2)
1
(29, 10)
-> Request 5
858
(3, 1, 2)
3
(25, 70)
-> Request 6
874
(3, 3, 2)
1
(38, 71)
-> Request 7
904
(4, 3, 1)
2
(26, 7)
-> Request 8
922
(2, 2, 1)
1
(11, 2)
-> Request 9
956
(1, 2, 1)
1
(72, 23)
-> Request 10
1002
(4, 2, 2)
3
(72, 67)
-> Request 11
1033
(3, 2, 2)
2
(6, 10)
-> Request 12
1054
(4, 3, 2)
3
(24, 65)
-> Request 13
1272
(4, 3, 2)
1
(10, 36)
-> Request 14
1368
(3, 1, 2)
1
(33, 53)
--> Day : 1
-> Request 0
787
(4, 1, 1)
1
(41, 36)
-> Request 1
824
(1, 2, 2)
3
(43, 36)
-> Request 2
915
(3, 3, 1)
3
(26, 40)
-> Request 3
1052
(1, 3, 1)
1
(17, 61)
--> Day : 2
-> Request 0
548
(2, 1, 1)
1
(58, 41)
-> Request 1
713
(3, 3, 1)
1
(78, 30)
-> Request 2
774
(3, 1, 2)
1
(69, 50)
-> Request 3
937
(1, 2, 1)
3
(9, 75)
-> Request 4
1140
(1, 3, 1)
3
(67, 79)
-> Request 5
1275
(2, 3, 2)
2
(72, 3)
-> Request 6
1278
(1, 1, 1)
3
(72, 9)
-> Request 7
1294
(1, 3, 2)
3
(31, 76)
--> Day : 3
-> Request 0
439
(4, 3, 1)
2
(59, 60)
-> Request 1
485
(2, 2, 2)
1
(31, 32)
-> Request 2
673
(2, 2, 2)
3
(72, 79)
-> Request 3
705
(4, 2, 2)
3
(20, 27)
-> Request 4
829
(2, 1, 1)
3
(46, 14)
-> Request 5
977
(1, 2, 2)
2
(75, 52)
-> Request 6
1381
(2, 1, 1)
3
(71, 68)
-> Request 7
1386
(3, 3, 2)
3
(65, 16)
-> Request 8
1395
(4, 2, 1)
3
(58, 45)
--> Day : 4
-> Request 0
32
(4, 2, 2)
3
(39, 41)
-> Request 1
32
(3, 1, 2)
3
(17, 65)
-> Request 2
471
(4, 2, 1)
2
(22, 25)
-> Request 3
623
(4, 2, 1)
2
(29, 73)
-> Request 4
720
(2, 2, 1)
1
(72, 19)
-> Request 5
720
(4, 3, 1)
2
(2, 68)
-> Request 6
765
(1, 1, 1)
1
(28, 12)
-> Request 7
871
(2, 2, 1)
2
(40, 31)
-> Request 8
1105
(2, 2, 1)
3
(32, 3)
-> Request 9
1310
(3, 2, 2)
3
(44, 71)
-> Request 10
1393
(2, 2, 2)
1
(26, 52)
-> Request 11
1427
(4, 1, 2)
3
(27, 50)
---> Week : 126
--> Day : 0
-> Request 0
31
(1, 3, 1)
2
(72, 70)
-> Request 1
346
(2, 2, 2)
3
(11, 64)
-> Request 2
415
(1, 2, 1)
1
(79, 22)
-> Request 3
724
(3, 2, 2)
3
(5, 2)
-> Request 4
761
(2, 1, 2)
2
(61, 45)
-> Request 5
928
(3, 1, 2)
3
(56, 53)
-> Request 6
1238
(1, 3, 2)
3
(16, 4)
-> Request 7
1242
(4, 1, 2)
1
(33, 45)
--> Day : 1
-> Request 0
4
(1, 3, 1)
2
(35, 26)
-> Request 1
113
(4, 3, 2)
1
(46, 40)
-> Request 2
126
(1, 2, 2)
2
(20, 44)
-> Request 3
128
(1, 2, 2)
3
(24, 6)
-> Request 4
246
(4, 2, 2)
1
(78, 42)
-> Request 5
399
(3, 1, 2)
2
(7, 3)
-> Request 6
772
(4, 1, 1)
2
(1, 29)
-> Request 7
1079
(1, 3, 2)
2
(39, 18)
-> Request 8
1235
(2, 3, 2)
2
(47, 19)
-> Request 9
1240
(4, 2, 1)
2
(11, 42)
-> Request 10
1259
(4, 2, 1)
2
(35, 38)
-> Request 11
1281
(2, 3, 2)
3
(1, 68)
--> Day : 2
-> Request 0
135
(4, 2, 2)
2
(17, 23)
-> Request 1
175
(3, 2, 1)
1
(62, 67)
-> Request 2
460
(1, 2, 2)
3
(16, 41)
-> Request 3
525
(1, 2, 2)
2
(31, 11)
-> Request 4
723
(1, 2, 1)
2
(4, 68)
-> Request 5
806
(2, 3, 2)
1
(12, 19)
-> Request 6
846
(3, 1, 2)
1
(12, 74)
-> Request 7
1154
(4, 2, 1)
2
(26, 44)
-> Request 8
1168
(1, 3, 1)
3
(32, 32)
--> Day : 3
-> Request 0
105
(1, 1, 2)
3
(53, 49)
-> Request 1
280
(4, 1, 1)
3
(39, 32)
-> Request 2
336
(1, 3, 1)
3
(47, 73)
-> Request 3
937
(2, 1, 1)
2
(76, 66)
-> Request 4
968
(3, 3, 1)
3
(36, 19)
-> Request 5
989
(3, 3, 1)
1
(44, 65)
-> Request 6
1039
(2, 3, 2)
1
(75, 49)
-> Request 7
1256
(4, 2, 2)
1
(67, 66)
--> Day : 4
-> Request 0
116
(3, 2, 1)
2
(66, 17)
-> Request 1
602
(1, 3, 1)
1
(56, 25)
-> Request 2
695
(1, 2, 1)
2
(42, 10)
-> Request 3
941
(2, 3, 2)
1
(4, 2)
-> Request 4
1043
(4, 1, 2)
3
(15, 48)
-> Request 5
1077
(4, 2, 1)
1
(21, 3)
-> Request 6
1148
(3, 1, 2)
3
(28, 42)
-> Request 7
1267
(2, 3, 2)
2
(74, 7)
-> Request 8
1381
(2, 3, 2)
3
(78, 36)
---> Week : 127
--> Day : 0
-> Request 0
68
(1, 3, 2)
2
(49, 71)
-> Request 1
334
(2, 3, 2)
2
(46, 37)
-> Request 2
439
(1, 2, 1)
3
(19, 41)
-> Request 3
457
(1, 1, 1)
1
(73, 38)
-> Request 4
611
(3, 3, 2)
3
(37, 21)
-> Request 5
630
(1, 1, 1)
1
(63, 43)
-> Request 6
763
(4, 3, 2)
3
(64, 59)
-> Request 7
951
(4, 2, 1)
3
(9, 17)
-> Request 8
1013
(4, 1, 2)
3
(29, 71)
-> Request 9
1068
(1, 2, 2)
2
(10, 33)
-> Request 10
1192
(3, 2, 2)
2
(72, 71)
-> Request 11
1316
(2, 1, 1)
1
(18, 12)
-> Request 12
1406
(4, 2, 2)
2
(29, 70)
--> Day : 1
-> Request 0
18
(3, 3, 1)
3
(6, 37)
-> Request 1
59
(1, 1, 2)
1
(40, 29)
-> Request 2
157
(1, 2, 2)
1
(47, 36)
-> Request 3
427
(3, 2, 2)
2
(56, 76)
-> Request 4
635
(2, 3, 2)
3
(18, 35)
-> Request 5
648
(4, 2, 1)
3
(67, 5)
-> Request 6
718
(2, 1, 2)
2
(46, 29)
-> Request 7
1085
(3, 1, 2)
1
(48, 49)
-> Request 8
1399
(2, 3, 2)
2
(70, 1)
--> Day : 2
-> Request 0
23
(4, 3, 1)
1
(39, 62)
-> Request 1
195
(4, 2, 2)
2
(17, 20)
-> Request 2
204
(3, 2, 2)
1
(6, 74)
-> Request 3
557
(2, 2, 1)
3
(71, 31)
-> Request 4
559
(4, 3, 2)
3
(6, 77)
-> Request 5
929
(4, 2, 1)
1
(5, 47)
-> Request 6
1019
(1, 1, 1)
1
(8, 76)
-> Request 7
1075
(1, 1, 2)
2
(20, 36)
-> Request 8
1088
(3, 3, 2)
3
(3, 75)
-> Request 9
1320
(4, 3, 2)
1
(17, 18)
-> Request 10
1356
(4, 2, 2)
1
(79, 66)
-> Request 11
1379
(1, 1, 2)
3
(30, 14)
-> Request 12
1429
(3, 1, 2)
2
(48, 15)
--> Day : 3
-> Request 0
16
(2, 1, 1)
1
(49, 23)
-> Request 1
46
(3, 3, 1)
1
(26, 15)
-> Request 2
444
(1, 3, 1)
3
(69, 51)
-> Request 3
879
(4, 2, 1)
3
(66, 18)
-> Request 4
922
(3, 3, 1)
3
(68, 35)
-> Request 5
943
(3, 1, 2)
3
(37, 6)
-> Request 6
1043
(4, 2, 1)
3
(64, 10)
-> Request 7
1070
(1, 1, 1)
2
(42, 31)
-> Request 8
1074
(4, 1, 2)
2
(24, 61)
-> Request 9
1112
(3, 1, 1)
1
(33, 66)
-> Request 10
1293
(3, 3, 2)
3
(31, 59)
-> Request 11
1331
(1, 2, 1)
3
(26, 42)
--> Day : 4
-> Request 0
222
(3, 3, 1)
3
(47, 69)
-> Request 1
257
(4, 1, 1)
3
(33, 53)
-> Request 2
427
(2, 1, 2)
2
(35, 78)
-> Request 3
608
(4, 2, 1)
1
(23, 34)
-> Request 4
855
(2, 1, 2)
2
(63, 3)
-> Request 5
1065
(1, 2, 2)
2
(18, 35)
-> Request 6
1320
(4, 3, 2)
2
(21, 51)
-> Request 7
1404
(1, 1, 2)
1
(24, 21)
---> Week : 128
--> Day : 0
-> Request 0
86
(3, 1, 1)
2
(21, 43)
-> Request 1
216
(3, 3, 2)
3
(66, 68)
-> Request 2
305
(2, 1, 2)
3
(5, 23)
-> Request 3
501
(3, 2, 2)
1
(28, 49)
-> Request 4
886
(3, 2, 2)
1
(42, 33)
-> Request 5
1210
(4, 2, 1)
1
(73, 14)
-> Request 6
1323
(3, 3, 1)
1
(27, 66)
-> Request 7
1382
(2, 3, 1)
3
(78, 43)
-> Request 8
1400
(4, 2, 1)
1
(48, 17)
--> Day : 1
-> Request 0
242
(2, 1, 2)
2
(1, 72)
-> Request 1
699
(3, 1, 1)
3
(60, 28)
-> Request 2
1029
(3, 3, 2)
1
(14, 60)
-> Request 3
1068
(2, 3, 2)
1
(56, 56)
-> Request 4
1101
(3, 3, 2)
1
(32, 10)
-> Request 5
1431
(3, 3, 1)
2
(79, 21)
--> Day : 2
-> Request 0
49
(2, 1, 1)
3
(25, 25)
-> Request 1
129
(4, 2, 2)
3
(60, 6)
-> Request 2
404
(1, 2, 2)
2
(46, 58)
-> Request 3
563
(1, 3, 1)
3
(79, 29)
-> Request 4
1042
(1, 3, 1)
1
(73, 50)
-> Request 5
1068
(4, 2, 1)
2
(40, 15)
-> Request 6
1119
(2, 1, 1)
1
(43, 20)
-> Request 7
1144
(3, 3, 1)
1
(49, 18)
-> Request 8
1181
(2, 1, 1)
3
(52, 58)
-> Request 9
1198
(4, 3, 1)
1
(16, 38)
-> Request 10
1253
(2, 1, 2)
1
(50, 20)
-> Request 11
1323
(1, 1, 2)
2
(47, 0)
-> Request 12
1350
(1, 1, 2)
1
(5, 64)
-> Request 13
1389
(1, 3, 2)
1
(12, 70)
-> Request 14
1399
(2, 2, 2)
2
(59, 12)
--> Day : 3
-> Request 0
26
(1, 3, 2)
3
(56, 59)
-> Request 1
81
(4, 3, 2)
1
(38, 54)
-> Request 2
127
(1, 1, 2)
2
(54, 30)
-> Request 3
142
(1, 3, 1)
1
(7, 76)
-> Request 4
379
(2, 3, 1)
2
(0, 72)
-> Request 5
421
(2, 3, 2)
3
(42, 40)
-> Request 6
494
(2, 2, 1)
1
(64, 33)
-> Request 7
710
(3, 3, 2)
1
(36, 72)
-> Request 8
965
(1, 2, 1)
1
(8, 42)
-> Request 9
990
(1, 1, 1)
2
(59, 17)
-> Request 10
1075
(3, 1, 1)
2
(64, 57)
--> Day : 4
-> Request 0
163
(4, 2, 2)
1
(28, 49)
-> Request 1
469
(1, 3, 1)
3
(71, 5)
-> Request 2
487
(2, 1, 1)
3
(64, 59)
-> Request 3
652
(1, 2, 2)
3
(4, 75)
-> Request 4
811
(1, 1, 2)
3
(46, 9)
-> Request 5
1022
(4, 3, 1)
1
(62, 72)
-> Request 6
1068
(3, 3, 2)
3
(13, 53)
---> Week : 129
--> Day : 0
-> Request 0
12
(2, 3, 2)
2
(5, 36)
-> Request 1
55
(2, 3, 1)
1
(1, 71)
-> Request 2
181
(1, 2, 1)
2
(44, 5)
-> Request 3
385
(3, 1, 1)
1
(31, 42)
-> Request 4
508
(1, 1, 2)
3
(37, 39)
-> Request 5
532
(3, 1, 2)
1
(73, 0)
-> Request 6
801
(3, 2, 1)
1
(18, 13)
-> Request 7
845
(2, 2, 2)
1
(69, 0)
-> Request 8
1022
(3, 3, 1)
2
(70, 0)
-> Request 9
1026
(3, 2, 2)
2
(27, 60)
-> Request 10
1068
(3, 2, 2)
2
(43, 11)
-> Request 11
1142
(1, 2, 1)
3
(27, 4)
-> Request 12
1247
(2, 2, 2)
1
(9, 58)
-> Request 13
1273
(3, 1, 2)
3
(17, 73)
--> Day : 1
-> Request 0
5
(2, 3, 2)
3
(78, 17)
-> Request 1
87
(1, 3, 1)
1
(41, 31)
-> Request 2
498
(2, 3, 1)
2
(32, 39)
-> Request 3
586
(4, 2, 2)
3
(44, 48)
-> Request 4
601
(3, 2, 1)
1
(68, 51)
-> Request 5
632
(2, 1, 1)
2
(41, 33)
-> Request 6
756
(3, 2, 1)
1
(72, 24)
-> Request 7
942
(4, 2, 1)
1
(6, 6)
-> Request 8
1112
(2, 3, 1)
3
(3, 4)
-> Request 9
1172
(4, 3, 2)
1
(12, 20)
-> Request 10
1199
(3, 3, 2)
1
(71, 64)
-> Request 11
1408
(1, 2, 2)
1
(19, 31)
--> Day : 2
-> Request 0
12
(4, 1, 2)
2
(66, 73)
-> Request 1
103
(3, 2, 1)
3
(66, 12)
-> Request 2
200
(4, 1, 1)
2
(32, 47)
-> Request 3
335
(1, 3, 2)
1
(52, 76)
-> Request 4
440
(3, 1, 2)
2
(5, 44)
-> Request 5
446
(3, 1, 1)
1
(2, 19)
-> Request 6
734
(4, 2, 2)
2
(73, 66)
-> Request 7
737
(4, 3, 1)
3
(56, 37)
-> Request 8
1000
(2, 3, 1)
3
(79, 38)
-> Request 9
1037
(3, 2, 2)
1
(58, 0)
-> Request 10
1126
(1, 2, 2)
3
(74, 42)
--> Day : 3
-> Request 0
173
(2, 2, 2)
3
(26, 54)
-> Request 1
731
(4, 2, 1)
1
(38, 63)
-> Request 2
749
(2, 1, 1)
2
(21, 76)
-> Request 3
806
(3, 2, 2)
3
(76, 17)
-> Request 4
843
(1, 1, 1)
2
(74, 6)
-> Request 5
973
(4, 2, 2)
3
(67, 50)
-> Request 6
1108
(2, 3, 1)
3
(21, 56)
-> Request 7
1322
(1, 1, 2)
3
(77, 38)
-> Request 8
1343
(4, 3, 1)
3
(37, 66)
-> Request 9
1385
(2, 2, 1)
1
(31, 79)
--> Day : 4
-> Request 0
146
(4, 2, 2)
3
(45, 53)
-> Request 1
342
(2, 3, 2)
2
(39, 18)
-> Request 2
370
(3, 2, 1)
1
(51, 24)
-> Request 3
631
(1, 2, 1)
2
(18, 62)
-> Request 4
668
(3, 1, 2)
3
(69, 21)
-> Request 5
709
(2, 1, 1)
1
(0, 47)
-> Request 6
735
(4, 2, 2)
1
(48, 39)
-> Request 7
868
(1, 3, 1)
3
(25, 68)
-> Request 8
1102
(2, 3, 1)
3
(73, 16)
-> Request 9
1261
(1, 2, 1)
2
(28, 66)
-> Request 10
1331
(4, 2, 2)
2
(0, 0)
---> Week : 130
--> Day : 0
-> Request 0
585
(1, 2, 1)
3
(1, 24)
-> Request 1
665
(3, 3, 1)
3
(36, 71)
-> Request 2
831
(4, 3, 1)
2
(1, 16)
-> Request 3
997
(3, 2, 1)
3
(51, 10)
-> Request 4
1166
(2, 2, 2)
1
(7, 36)
--> Day : 1
-> Request 0
71
(2, 1, 1)
3
(36, 25)
-> Request 1
339
(3, 2, 1)
3
(53, 73)
-> Request 2
389
(1, 2, 2)
1
(58, 16)
-> Request 3
566
(2, 3, 1)
2
(66, 45)
-> Request 4
668
(1, 3, 2)
2
(58, 67)
-> Request 5
975
(2, 1, 1)
3
(50, 16)
-> Request 6
1288
(3, 2, 1)
3
(8, 78)
--> Day : 2
-> Request 0
202
(4, 3, 1)
2
(9, 48)
-> Request 1
486
(1, 2, 2)
3
(14, 25)
-> Request 2
559
(1, 2, 1)
1
(78, 15)
-> Request 3
715
(1, 1, 2)
3
(53, 38)
-> Request 4
915
(2, 2, 2)
1
(28, 67)
-> Request 5
962
(1, 1, 1)
3
(12, 53)
-> Request 6
966
(4, 1, 1)
2
(14, 26)
--> Day : 3
-> Request 0
177
(4, 1, 1)
1
(29, 72)
-> Request 1
227
(2, 2, 1)
1
(25, 29)
-> Request 2
233
(2, 3, 2)
3
(56, 17)
-> Request 3
414
(1, 3, 2)
1
(24, 11)
-> Request 4
516
(2, 2, 1)
2
(29, 47)
-> Request 5
550
(1, 2, 1)
1
(68, 69)
-> Request 6
632
(2, 1, 2)
3
(53, 57)
-> Request 7
639
(3, 1, 2)
1
(4, 73)
-> Request 8
708
(4, 3, 1)
3
(25, 46)
-> Request 9
727
(2, 1, 2)
2
(59, 36)
-> Request 10
728
(2, 3, 2)
3
(37, 6)
-> Request 11
750
(4, 1, 2)
1
(66, 46)
-> Request 12
773
(3, 2, 2)
2
(1, 13)
-> Request 13
778
(4, 3, 2)
3
(57, 50)
-> Request 14
790
(3, 3, 2)
3
(4, 26)
-> Request 15
938
(3, 1, 2)
2
(50, 73)
-> Request 16
1174
(3, 1, 2)
3
(26, 76)
--> Day : 4
-> Request 0
124
(3, 3, 2)
3
(2, 36)
-> Request 1
300
(3, 1, 1)
1
(35, 29)
-> Request 2
418
(1, 1, 2)
3
(78, 76)
-> Request 3
954
(3, 1, 1)
3
(20, 1)
-> Request 4
1070
(3, 1, 1)
1
(60, 8)
-> Request 5
1187
(3, 2, 2)
3
(74, 2)
-> Request 6
1258
(1, 1, 2)
1
(78, 16)
-> Request 7
1376
(3, 1, 2)
3
(41, 21)
-> Request 8
1402
(1, 3, 1)
1
(67, 27)
-> Request 9
1425
(3, 2, 1)
3
(35, 35)
---> Week : 131
--> Day : 0
-> Request 0
258
(3, 1, 2)
1
(5, 3)
-> Request 1
764
(1, 1, 2)
1
(50, 65)
-> Request 2
971
(4, 1, 2)
2
(11, 26)
-> Request 3
1080
(1, 2, 2)
1
(46, 62)
-> Request 4
1229
(3, 2, 1)
3
(9, 6)
-> Request 5
1311
(3, 1, 2)
3
(2, 19)
-> Request 6
1328
(1, 2, 1)
1
(30, 29)
--> Day : 1
-> Request 0
32
(1, 2, 2)
2
(48, 23)
-> Request 1
191
(1, 1, 2)
1
(43, 68)
-> Request 2
549
(1, 3, 1)
3
(10, 17)
-> Request 3
735
(2, 1, 1)
1
(51, 55)
-> Request 4
832
(2, 3, 1)
1
(8, 27)
--> Day : 2
-> Request 0
41
(1, 2, 1)
1
(40, 32)
-> Request 1
64
(3, 3, 1)
2
(15, 32)
-> Request 2
106
(3, 2, 1)
2
(8, 66)
-> Request 3
151
(4, 1, 2)
3
(30, 58)
-> Request 4
303
(4, 1, 1)
2
(43, 60)
-> Request 5
415
(4, 1, 2)
3
(61, 8)
-> Request 6
653
(3, 1, 1)
3
(59, 45)
-> Request 7
862
(1, 3, 1)
1
(62, 73)
-> Request 8
870
(1, 1, 1)
2
(30, 32)
-> Request 9
1052
(3, 3, 1)
3
(5, 27)
-> Request 10
1089
(1, 2, 2)
1
(52, 45)
-> Request 11
1134
(4, 2, 2)
1
(27, 17)
-> Request 12
1162
(3, 1, 2)
3
(39, 34)
-> Request 13
1336
(1, 3, 2)
1
(53, 76)
-> Request 14
1417
(1, 1, 2)
1
(20, 13)
-> Request 15
1421
(1, 3, 1)
3
(49, 40)
--> Day : 3
-> Request 0
595
(3, 2, 1)
3
(9, 59)
-> Request 1
945
(3, 1, 2)
3
(11, 8)
-> Request 2
1159
(4, 2, 1)
2
(43, 13)
-> Request 3
1367
(3, 3, 2)
2
(13, 4)
--> Day : 4
-> Request 0
112
(2, 2, 2)
1
(37, 52)
-> Request 1
112
(2, 2, 2)
3
(30, 36)
-> Request 2
121
(4, 2, 2)
1
(61, 54)
-> Request 3
149
(1, 1, 2)
1
(54, 38)
-> Request 4
195
(1, 3, 1)
1
(34, 58)
-> Request 5
501
(4, 3, 2)
2
(3, 70)
-> Request 6
614
(2, 1, 2)
1
(66, 72)
-> Request 7
956
(1, 3, 1)
2
(37, 52)
-> Request 8
1076
(4, 2, 2)
2
(22, 79)
-> Request 9
1223
(3, 3, 2)
2
(28, 35)
---> Week : 132
--> Day : 0
-> Request 0
462
(1, 3, 1)
3
(63, 75)
-> Request 1
667
(1, 1, 2)
3
(14, 41)
-> Request 2
841
(1, 3, 1)
1
(67, 34)
-> Request 3
909
(4, 2, 1)
1
(65, 42)
-> Request 4
981
(1, 2, 1)
1
(40, 62)
-> Request 5
1155
(3, 2, 2)
3
(73, 78)
-> Request 6
1221
(3, 1, 2)
3
(15, 69)
-> Request 7
1247
(4, 3, 2)
1
(76, 49)
-> Request 8
1399
(3, 1, 2)
3
(17, 36)
--> Day : 1
-> Request 0
134
(1, 2, 1)
1
(10, 38)
-> Request 1
238
(3, 3, 2)
2
(0, 9)
-> Request 2
589
(1, 3, 2)
3
(35, 2)
-> Request 3
950
(4, 2, 2)
3
(37, 14)
-> Request 4
1068
(1, 2, 2)
3
(20, 23)
-> Request 5
1309
(4, 2, 2)
2
(16, 67)
--> Day : 2
-> Request 0
131
(2, 1, 1)
2
(43, 53)
-> Request 1
168
(1, 2, 2)
3
(26, 41)
-> Request 2
380
(2, 1, 1)
3
(11, 11)
-> Request 3
483
(1, 2, 2)
3
(11, 59)
-> Request 4
619
(1, 3, 2)
3
(35, 20)
-> Request 5
695
(1, 2, 2)
1
(76, 42)
-> Request 6
720
(4, 2, 2)
2
(3, 36)
-> Request 7
774
(3, 1, 2)
1
(42, 75)
-> Request 8
827
(1, 1, 1)
3
(61, 30)
-> Request 9
837
(4, 1, 1)
3
(17, 35)
-> Request 10
1062
(4, 1, 1)
2
(23, 8)
-> Request 11
1195
(4, 1, 1)
1
(8, 12)
-> Request 12
1248
(3, 3, 2)
3
(54, 52)
-> Request 13
1338
(4, 3, 2)
2
(18, 48)
-> Request 14
1424
(4, 2, 1)
2
(60, 68)
--> Day : 3
-> Request 0
34
(3, 2, 2)
3
(74, 47)
-> Request 1
192
(2, 2, 2)
2
(70, 24)
-> Request 2
582
(4, 3, 1)
1
(55, 76)
-> Request 3
724
(3, 2, 2)
1
(12, 68)
-> Request 4
767
(4, 2, 1)
2
(11, 50)
-> Request 5
777
(2, 2, 2)
3
(69, 8)
-> Request 6
838
(2, 2, 1)
1
(56, 35)
-> Request 7
899
(3, 2, 1)
3
(12, 55)
-> Request 8
903
(3, 3, 1)
1
(4, 21)
-> Request 9
1096
(4, 2, 2)
3
(24, 70)
--> Day : 4
-> Request 0
93
(2, 3, 2)
2
(38, 65)
-> Request 1
143
(2, 3, 1)
3
(48, 52)
-> Request 2
187
(2, 1, 2)
3
(71, 8)
-> Request 3
455
(3, 2, 2)
2
(52, 54)
-> Request 4
813
(1, 1, 1)
1
(14, 26)
-> Request 5
931
(1, 2, 2)
1
(51, 44)
-> Request 6
948
(1, 2, 1)
3
(37, 30)
-> Request 7
952
(1, 3, 1)
1
(1, 63)
-> Request 8
1035
(2, 3, 1)
3
(33, 9)
-> Request 9
1095
(2, 3, 2)
2
(45, 0)
-> Request 10
1101
(1, 1, 2)
3
(51, 19)
---> Week : 133
--> Day : 0
-> Request 0
72
(2, 1, 2)
3
(7, 48)
-> Request 1
259
(1, 3, 1)
1
(71, 23)
-> Request 2
370
(3, 2, 2)
3
(61, 40)
-> Request 3
858
(4, 3, 1)
3
(37, 50)
-> Request 4
920
(2, 3, 2)
3
(24, 20)
-> Request 5
981
(4, 3, 1)
2
(38, 39)
-> Request 6
1087
(2, 3, 2)
3
(28, 66)
-> Request 7
1147
(1, 1, 1)
3
(10, 19)
-> Request 8
1225
(4, 3, 2)
1
(32, 11)
-> Request 9
1324
(4, 1, 2)
2
(65, 8)
-> Request 10
1341
(2, 1, 1)
2
(64, 58)
-> Request 11
1419
(2, 2, 1)
1
(52, 21)
--> Day : 1
-> Request 0
36
(3, 3, 2)
3
(60, 48)
-> Request 1
97
(1, 2, 1)
1
(49, 64)
-> Request 2
113
(1, 2, 2)
1
(37, 43)
-> Request 3
454
(1, 1, 1)
2
(70, 31)
-> Request 4
498
(2, 1, 2)
2
(35, 43)
-> Request 5
555
(1, 1, 1)
2
(16, 28)
-> Request 6
619
(3, 2, 1)
1
(25, 68)
-> Request 7
661
(2, 3, 1)
1
(41, 60)
-> Request 8
759
(1, 1, 2)
3
(37, 13)
-> Request 9
882
(3, 2, 1)
2
(65, 40)
-> Request 10
1167
(3, 1, 2)
3
(57, 61)
-> Request 11
1205
(3, 1, 1)
3
(21, 22)
-> Request 12
1273
(4, 2, 1)
3
(3, 22)
-> Request 13
1302
(4, 2, 2)
1
(20, 26)
-> Request 14
1361
(3, 3, 1)
2
(6, 23)
--> Day : 2
-> Request 0
218
(4, 1, 2)
1
(38, 69)
-> Request 1
224
(1, 1, 2)
1
(13, 34)
-> Request 2
481
(2, 1, 1)
3
(0, 65)
-> Request 3
494
(1, 1, 1)
3
(59, 53)
-> Request 4
587
(2, 3, 1)
2
(29, 20)
-> Request 5
811
(2, 3, 1)
1
(2, 46)
-> Request 6
1231
(3, 2, 2)
1
(29, 51)
--> Day : 3
-> Request 0
9
(2, 3, 2)
2
(45, 78)
-> Request 1
107
(4, 1, 2)
3
(41, 55)
-> Request 2
348
(1, 3, 2)
1
(5, 73)
-> Request 3
373
(2, 2, 2)
3
(16, 1)
-> Request 4
692
(1, 2, 1)
3
(74, 14)
-> Request 5
694
(2, 3, 1)
3
(32, 71)
-> Request 6
742
(4, 2, 1)
1
(5, 68)
-> Request 7
838
(2, 3, 1)
2
(22, 51)
-> Request 8
984
(1, 3, 2)
1
(32, 11)
-> Request 9
1145
(4, 3, 1)
1
(36, 29)
-> Request 10
1150
(3, 1, 1)
2
(56, 15)
-> Request 11
1263
(1, 1, 1)
1
(19, 41)
--> Day : 4
-> Request 0
132
(3, 1, 2)
3
(46, 0)
-> Request 1
136
(1, 1, 1)
3
(44, 58)
-> Request 2
292
(4, 3, 1)
3
(6, 62)
-> Request 3
292
(1, 1, 2)
3
(6, 8)
-> Request 4
630
(2, 2, 2)
2
(66, 31)
-> Request 5
692
(2, 3, 1)
1
(62, 68)
-> Request 6
1000
(1, 1, 1)
3
(21, 42)
-> Request 7
1246
(3, 1, 2)
2
(38, 15)
---> Week : 134
--> Day : 0
-> Request 0
356
(2, 2, 1)
2
(41, 57)
-> Request 1
619
(4, 2, 2)
2
(62, 66)
-> Request 2
636
(2, 1, 1)
2
(2, 56)
-> Request 3
674
(4, 2, 1)
1
(26, 45)
-> Request 4
675
(1, 2, 2)
2
(63, 48)
-> Request 5
710
(2, 1, 1)
1
(8, 50)
-> Request 6
1033
(3, 1, 2)
2
(47, 21)
--> Day : 1
-> Request 0
98
(3, 2, 2)
2
(71, 62)
-> Request 1
220
(4, 3, 1)
2
(38, 25)
-> Request 2
1018
(4, 2, 1)
2
(29, 49)
-> Request 3
1170
(1, 2, 1)
1
(11, 77)
-> Request 4
1335
(2, 2, 2)
3
(71, 73)
-> Request 5
1386
(2, 1, 2)
3
(21, 10)
--> Day : 2
-> Request 0
12
(2, 1, 2)
1
(69, 4)
-> Request 1
373
(4, 3, 2)
1
(15, 43)
-> Request 2
511
(2, 2, 1)
2
(67, 1)
-> Request 3
711
(1, 2, 1)
3
(50, 31)
-> Request 4
898
(4, 1, 2)
3
(75, 16)
-> Request 5
949
(1, 1, 2)
1
(45, 62)
--> Day : 3
-> Request 0
8
(4, 2, 1)
2
(1, 75)
-> Request 1
107
(1, 2, 2)
3
(19, 22)
-> Request 2
116
(2, 1, 1)
1
(34, 65)
-> Request 3
150
(2, 1, 2)
3
(52, 7)
-> Request 4
156
(4, 2, 1)
2
(58, 51)
-> Request 5
271
(4, 2, 1)
2
(33, 66)
-> Request 6
334
(3, 3, 2)
3
(44, 24)
-> Request 7
516
(2, 3, 2)
3
(12, 57)
-> Request 8
699
(4, 3, 1)
1
(55, 40)
-> Request 9
722
(2, 1, 1)
2
(69, 27)
-> Request 10
776
(4, 1, 2)
1
(69, 67)
-> Request 11
825
(3, 1, 2)
2
(39, 23)
-> Request 12
943
(2, 1, 2)
3
(38, 71)
-> Request 13
1258
(3, 1, 1)
3
(50, 62)
--> Day : 4
-> Request 0
147
(4, 2, 1)
1
(34, 4)
-> Request 1
147
(4, 3, 2)
3
(30, 41)
-> Request 2
565
(2, 3, 1)
2
(37, 79)
-> Request 3
653
(3, 1, 2)
2
(46, 8)
-> Request 4
725
(1, 2, 2)
2
(48, 48)
-> Request 5
803
(3, 1, 2)
3
(72, 28)
-> Request 6
895
(2, 2, 1)
2
(25, 62)
-> Request 7
898
(2, 2, 1)
1
(30, 54)
-> Request 8
1010
(3, 3, 2)
2
(57, 10)
-> Request 9
1090
(2, 1, 2)
3
(64, 27)
-> Request 10
1226
(4, 1, 1)
1
(36, 19)
-> Request 11
1360
(3, 3, 1)
1
(11, 70)
-> Request 12
1387
(1, 1, 2)
1
(10, 21)
---> Week : 135
--> Day : 0
-> Request 0
61
(2, 1, 2)
2
(8, 14)
-> Request 1
192
(3, 3, 2)
1
(8, 69)
-> Request 2
288
(1, 3, 2)
1
(3, 35)
-> Request 3
338
(2, 3, 2)
2
(70, 79)
-> Request 4
526
(1, 3, 1)
1
(70, 12)
-> Request 5
592
(1, 3, 1)
3
(29, 69)
-> Request 6
822
(4, 2, 2)
3
(76, 23)
-> Request 7
1066
(2, 1, 2)
1
(72, 22)
-> Request 8
1126
(2, 3, 1)
1
(54, 49)
-> Request 9
1200
(3, 3, 1)
2
(20, 23)
-> Request 10
1283
(2, 1, 1)
2
(68, 23)
--> Day : 1
-> Request 0
8
(3, 3, 2)
3
(53, 67)
-> Request 1
147
(2, 1, 2)
1
(51, 70)
-> Request 2
175
(4, 3, 1)
1
(8, 59)
-> Request 3
176
(3, 1, 2)
2
(8, 72)
-> Request 4
439
(2, 1, 1)
3
(43, 47)
-> Request 5
485
(3, 1, 2)
3
(41, 14)
-> Request 6
797
(3, 2, 2)
2
(77, 1)
-> Request 7
1149
(1, 3, 2)
2
(38, 51)
-> Request 8
1175
(2, 3, 2)
1
(42, 9)
-> Request 9
1215
(3, 1, 2)
2
(57, 48)
-> Request 10
1402
(1, 2, 1)
3
(58, 23)
--> Day : 2
-> Request 0
32
(1, 1, 1)
1
(75, 13)
-> Request 1
459
(4, 1, 1)
1
(25, 77)
-> Request 2
528
(4, 3, 1)
2
(57, 26)
-> Request 3
586
(1, 3, 2)
1
(44, 74)
-> Request 4
720
(4, 1, 2)
2
(40, 2)
-> Request 5
761
(1, 3, 2)
3
(38, 66)
-> Request 6
866
(2, 3, 2)
2
(3, 73)
-> Request 7
870
(3, 2, 2)
2
(64, 3)
-> Request 8
1142
(2, 2, 1)
1
(15, 49)
--> Day : 3
-> Request 0
20
(1, 2, 1)
1
(48, 7)
-> Request 1
215
(3, 3, 2)
2
(23, 72)
-> Request 2
361
(3, 1, 2)
1
(5, 27)
-> Request 3
593
(2, 2, 1)
2
(69, 37)
-> Request 4
844
(4, 2, 2)
2
(26, 62)
-> Request 5
893
(2, 2, 2)
3
(15, 55)
-> Request 6
951
(1, 3, 1)
2
(31, 40)
-> Request 7
1098
(3, 1, 1)
2
(70, 68)
-> Request 8
1117
(3, 1, 1)
3
(7, 49)
-> Request 9
1186
(1, 3, 1)
1
(55, 66)
-> Request 10
1261
(4, 3, 2)
2
(56, 56)
-> Request 11
1269
(1, 1, 1)
1
(42, 48)
-> Request 12
1330
(2, 1, 2)
1
(32, 23)
-> Request 13
1365
(3, 2, 1)
2
(59, 28)
-> Request 14
1395
(3, 1, 1)
3
(59, 64)
-> Request 15
1409
(4, 3, 2)
1
(60, 38)
--> Day : 4
-> Request 0
10
(4, 1, 2)
3
(76, 67)
-> Request 1
127
(4, 2, 1)
3
(6, 37)
-> Request 2
236
(4, 1, 2)
1
(43, 17)
-> Request 3
281
(2, 1, 2)
3
(34, 70)
-> Request 4
342
(3, 2, 1)
3
(38, 48)
-> Request 5
457
(3, 1, 2)
2
(72, 32)
-> Request 6
691
(2, 3, 2)
2
(56, 75)
-> Request 7
753
(3, 1, 2)
3
(12, 35)
-> Request 8
1004
(1, 1, 1)
1
(33, 12)
-> Request 9
1080
(2, 2, 2)
2
(47, 45)
-> Request 10
1199
(4, 2, 2)
2
(62, 6)
-> Request 11
1201
(2, 3, 2)
2
(12, 39)
---> Week : 136
--> Day : 0
-> Request 0
221
(3, 2, 1)
2
(4, 57)
-> Request 1
246
(1, 3, 1)
3
(64, 75)
-> Request 2
302
(1, 2, 1)
3
(38, 78)
-> Request 3
343
(1, 1, 1)
2
(20, 6)
-> Request 4
375
(1, 1, 2)
3
(20, 62)
-> Request 5
478
(2, 1, 2)
3
(55, 42)
-> Request 6
1003
(2, 1, 2)
3
(57, 71)
-> Request 7
1059
(4, 1, 2)
3
(79, 33)
-> Request 8
1133
(2, 1, 2)
1
(64, 57)
-> Request 9
1206
(2, 1, 1)
2
(24, 38)
-> Request 10
1400
(1, 3, 2)
3
(10, 8)
--> Day : 1
-> Request 0
72
(4, 1, 1)
1
(57, 36)
-> Request 1
186
(2, 3, 2)
3
(74, 64)
-> Request 2
196
(2, 1, 1)
1
(38, 11)
-> Request 3
343
(4, 1, 1)
2
(76, 78)
-> Request 4
351
(1, 2, 1)
3
(63, 21)
-> Request 5
585
(4, 1, 2)
3
(75, 27)
-> Request 6
641
(3, 1, 1)
3
(25, 71)
-> Request 7
955
(1, 2, 1)
2
(30, 19)
-> Request 8
956
(4, 3, 2)
2
(18, 16)
--> Day : 2
-> Request 0
488
(4, 3, 2)
1
(75, 41)
-> Request 1
511
(1, 2, 1)
3
(26, 31)
-> Request 2
640
(4, 1, 2)
1
(13, 43)
-> Request 3
685
(1, 2, 2)
3
(64, 34)
-> Request 4
801
(4, 1, 2)
2
(79, 70)
-> Request 5
1010
(3, 2, 1)
1
(69, 38)
-> Request 6
1028
(4, 2, 2)
2
(50, 51)
-> Request 7
1189
(3, 2, 1)
2
(41, 58)
-> Request 8
1221
(2, 1, 1)
1
(27, 41)
-> Request 9
1244
(2, 3, 1)
2
(71, 50)
-> Request 10
1346
(2, 2, 2)
3
(47, 8)
--> Day : 3
-> Request 0
98
(3, 2, 2)
1
(79, 71)
-> Request 1
588
(4, 1, 2)
3
(66, 26)
-> Request 2
853
(2, 1, 1)
2
(29, 42)
-> Request 3
1237
(4, 3, 1)
1
(41, 10)
-> Request 4
1378
(2, 3, 1)
3
(68, 40)
--> Day : 4
-> Request 0
73
(4, 3, 2)
2
(69, 26)
-> Request 1
126
(1, 2, 2)
1
(40, 65)
-> Request 2
316
(1, 3, 2)
1
(78, 61)
-> Request 3
564
(1, 1, 1)
2
(12, 45)
-> Request 4
682
(4, 1, 2)
1
(39, 38)
-> Request 5
691
(3, 2, 1)
3
(69, 4)
-> Request 6
859
(3, 2, 1)
2
(69, 78)
-> Request 7
913
(4, 3, 2)
2
(63, 65)
-> Request 8
914
(1, 1, 2)
2
(26, 12)
-> Request 9
937
(1, 3, 2)
3
(15, 28)
-> Request 10
1067
(4, 3, 1)
3
(41, 41)
-> Request 11
1126
(1, 2, 1)
3
(21, 65)
-> Request 12
1251
(1, 1, 2)
2
(12, 3)
-> Request 13
1251
(3, 2, 2)
1
(70, 24)
-> Request 14
1391
(3, 1, 2)
1
(56, 40)
---> Week : 137
--> Day : 0
-> Request 0
49
(2, 3, 1)
1
(25, 26)
-> Request 1
81
(3, 3, 2)
2
(54, 57)
-> Request 2
138
(1, 1, 1)
1
(20, 52)
-> Request 3
173
(3, 1, 1)
1
(5, 7)
-> Request 4
224
(1, 1, 2)
3
(77, 6)
-> Request 5
246
(4, 2, 2)
1
(24, 38)
-> Request 6
260
(4, 3, 2)
2
(56, 25)
-> Request 7
600
(1, 2, 1)
2
(14, 73)
-> Request 8
677
(4, 1, 2)
2
(17, 34)
-> Request 9
898
(3, 2, 2)
3
(32, 70)
-> Request 10
953
(3, 1, 1)
2
(58, 78)
-> Request 11
1028
(3, 1, 1)
1
(29, 4)
-> Request 12
1193
(3, 3, 2)
2
(72, 34)
-> Request 13
1272
(4, 2, 2)
1
(53, 11)
-> Request 14
1322
(3, 1, 1)
1
(55, 62)
-> Request 15
1374
(4, 3, 2)
1
(79, 4)
--> Day : 1
-> Request 0
5
(3, 3, 2)
1
(51, 0)
-> Request 1
218
(3, 2, 1)
3
(51, 25)
-> Request 2
404
(1, 2, 1)
3
(13, 42)
-> Request 3
705
(4, 1, 1)
3
(38, 19)
-> Request 4
993
(3, 2, 2)
1
(14, 79)
-> Request 5
1348
(1, 2, 1)
1
(53, 44)
-> Request 6
1432
(2, 3, 1)
1
(17, 50)
--> Day : 2
-> Request 0
29
(3, 1, 2)
2
(64, 26)
-> Request 1
310
(2, 2, 2)
3
(52, 54)
-> Request 2
311
(1, 1, 2)
3
(17, 4)
-> Request 3
562
(3, 3, 2)
1
(62, 18)
-> Request 4
662
(2, 3, 1)
2
(52, 6)
-> Request 5
675
(2, 1, 2)
1
(46, 70)
-> Request 6
696
(3, 2, 2)
3
(75, 32)
-> Request 7
723
(2, 2, 2)
1
(71, 41)
-> Request 8
788
(4, 2, 2)
3
(10, 48)
-> Request 9
948
(3, 2, 2)
3
(1, 30)
-> Request 10
1066
(4, 1, 1)
3
(51, 39)
-> Request 11
1312
(3, 3, 2)
3
(57, 51)
--> Day : 3
-> Request 0
124
(2, 3, 1)
1
(24, 61)
-> Request 1
293
(4, 2, 2)
2
(55, 20)
-> Request 2
336
(3, 3, 1)
3
(12, 55)
-> Request 3
446
(2, 2, 1)
1
(4, 52)
-> Request 4
534
(1, 3, 2)
2
(57, 71)
-> Request 5
662
(3, 3, 2)
1
(75, 4)
-> Request 6
767
(3, 2, 2)
3
(0, 5)
-> Request 7
822
(4, 1, 1)
2
(14, 65)
-> Request 8
1025
(2, 3, 1)
3
(49, 37)
-> Request 9
1035
(4, 3, 1)
2
(65, 70)
-> Request 10
1379
(1, 1, 1)
2
(9, 59)
--> Day : 4
-> Request 0
279
(2, 2, 2)
3
(47, 1)
-> Request 1
292
(2, 3, 1)
2
(54, 48)
-> Request 2
643
(2, 2, 2)
1
(50, 17)
-> Request 3
671
(4, 2, 1)
1
(19, 23)
-> Request 4
681
(3, 3, 2)
1
(33, 73)
-> Request 5
697
(1, 2, 2)
1
(20, 67)
-> Request 6
763
(3, 2, 2)
2
(11, 4)
-> Request 7
786
(3, 2, 2)
1
(39, 60)
-> Request 8
1283
(2, 1, 1)
3
(1, 30)
-> Request 9
1346
(2, 1, 1)
1
(10, 36)
---> Week : 138
--> Day : 0
-> Request 0
8
(4, 2, 2)
2
(76, 63)
-> Request 1
64
(1, 1, 2)
3
(32, 9)
-> Request 2
231
(1, 1, 1)
3
(32, 15)
-> Request 3
242
(4, 2, 2)
3
(16, 58)
-> Request 4
247
(3, 3, 2)
1
(63, 18)
-> Request 5
390
(4, 1, 2)
3
(21, 44)
-> Request 6
867
(1, 1, 2)
1
(13, 19)
-> Request 7
999
(1, 1, 1)
2
(30, 27)
-> Request 8
1022
(3, 2, 1)
2
(75, 30)
-> Request 9
1105
(2, 1, 1)
3
(26, 1)
-> Request 10
1163
(3, 2, 2)
2
(47, 66)
-> Request 11
1188
(4, 2, 1)
2
(62, 0)
-> Request 12
1261
(4, 3, 1)
3
(55, 40)
-> Request 13
1373
(2, 2, 1)
3
(64, 33)
--> Day : 1
-> Request 0
628
(4, 3, 2)
2
(17, 53)
-> Request 1
632
(1, 1, 1)
2
(15, 38)
-> Request 2
654
(2, 1, 2)
3
(8, 73)
-> Request 3
799
(2, 1, 1)
3
(7, 76)
-> Request 4
800
(4, 2, 1)
2
(2, 71)
-> Request 5
801
(4, 3, 1)
1
(55, 69)
-> Request 6
832
(3, 3, 2)
1
(40, 58)
-> Request 7
870
(1, 3, 2)
1
(70, 18)
-> Request 8
909
(3, 3, 2)
3
(17, 62)
-> Request 9
973
(3, 1, 2)
3
(58, 7)
-> Request 10
1014
(4, 2, 1)
2
(55, 11)
-> Request 11
1035
(2, 3, 2)
2
(40, 27)
-> Request 12
1128
(2, 2, 1)
1
(32, 71)
-> Request 13
1366
(3, 1, 2)
3
(61, 63)
--> Day : 2
-> Request 0
927
(1, 1, 2)
1
(68, 78)
-> Request 1
1099
(2, 2, 1)
2
(4, 1)
-> Request 2
1307
(2, 3, 2)
3
(23, 23)
-> Request 3
1327
(3, 2, 2)
1
(16, 43)
-> Request 4
1334
(1, 3, 1)
2
(42, 64)
--> Day : 3
-> Request 0
155
(4, 1, 1)
2
(35, 71)
-> Request 1
549
(1, 2, 1)
1
(29, 21)
-> Request 2
685
(1, 2, 2)
2
(75, 47)
-> Request 3
984
(3, 2, 2)
1
(57, 11)
-> Request 4
1125
(4, 1, 1)
2
(12, 7)
-> Request 5
1162
(3, 1, 1)
1
(0, 46)
--> Day : 4
-> Request 0
33
(4, 3, 2)
3
(37, 27)
-> Request 1
104
(3, 1, 1)
3
(0, 58)
-> Request 2
262
(3, 3, 1)
2
(56, 38)
-> Request 3
273
(3, 2, 2)
3
(58, 6)
-> Request 4
305
(1, 3, 2)
2
(69, 12)
-> Request 5
400
(2, 2, 2)
2
(51, 7)
-> Request 6
621
(4, 3, 1)
1
(42, 78)
-> Request 7
735
(2, 2, 2)
1
(13, 73)
-> Request 8
973
(1, 3, 1)
2
(10, 69)
-> Request 9
1025
(3, 1, 1)
3
(14, 20)
-> Request 10
1045
(2, 3, 2)
1
(57, 22)
-> Request 11
1081
(4, 1, 1)
3
(77, 31)
-> Request 12
1239
(4, 2, 2)
1
(19, 63)
-> Request 13
1248
(3, 2, 2)
1
(23, 14)
---> Week : 139
--> Day : 0
-> Request 0
78
(3, 2, 1)
1
(73, 49)
-> Request 1
90
(3, 3, 2)
2
(4, 5)
-> Request 2
122
(4, 3, 1)
2
(61, 50)
-> Request 3
139
(2, 1, 1)
2
(17, 57)
-> Request 4
232
(2, 3, 1)
1
(28, 77)
-> Request 5
606
(2, 2, 1)
2
(60, 21)
-> Request 6
764
(1, 2, 2)
1
(8, 66)
-> Request 7
770
(1, 3, 2)
2
(2, 11)
-> Request 8
943
(4, 1, 1)
3
(12, 13)
-> Request 9
1178
(3, 2, 1)
3
(77, 51)
-> Request 10
1295
(2, 2, 1)
2
(54, 57)
-> Request 11
1361
(3, 3, 2)
2
(67, 79)
--> Day : 1
-> Request 0
136
(2, 1, 1)
2
(14, 3)
-> Request 1
251
(2, 2, 2)
3
(17, 8)
-> Request 2
277
(2, 2, 1)
3
(22, 5)
-> Request 3
390
(2, 2, 2)
1
(43, 4)
-> Request 4
496
(2, 2, 1)
2
(66, 4)
-> Request 5
626
(2, 3, 1)
3
(70, 49)
-> Request 6
894
(2, 1, 1)
1
(69, 25)
-> Request 7
1088
(3, 2, 2)
3
(51, 21)
-> Request 8
1244
(1, 2, 2)
3
(26, 29)
-> Request 9
1340
(2, 3, 1)
1
(70, 65)
--> Day : 2
-> Request 0
336
(3, 2, 2)
1
(27, 14)
-> Request 1
410
(2, 1, 2)
3
(10, 4)
-> Request 2
515
(1, 1, 1)
3
(7, 43)
-> Request 3
570
(2, 3, 1)
3
(51, 71)
-> Request 4
643
(4, 2, 2)
2
(69, 31)
-> Request 5
681
(4, 2, 1)
1
(37, 4)
-> Request 6
689
(1, 1, 2)
2
(25, 13)
-> Request 7
727
(1, 1, 2)
1
(69, 71)
-> Request 8
875
(4, 1, 2)
1
(26, 22)
-> Request 9
1096
(2, 2, 2)
3
(68, 4)
-> Request 10
1250
(4, 3, 1)
2
(79, 5)
--> Day : 3
-> Request 0
13
(4, 2, 2)
3
(70, 47)
-> Request 1
159
(1, 3, 1)
2
(24, 68)
-> Request 2
316
(3, 2, 1)
1
(50, 73)
-> Request 3
677
(2, 1, 2)
2
(69, 1)
-> Request 4
809
(4, 3, 2)
2
(77, 6)
-> Request 5
951
(3, 2, 1)
3
(21, 39)
-> Request 6
1105
(4, 1, 1)
1
(32, 51)
-> Request 7
1105
(1, 2, 1)
3
(66, 11)
-> Request 8
1182
(4, 1, 2)
2
(11, 72)
-> Request 9
1246
(4, 3, 1)
1
(19, 24)
-> Request 10
1351
(2, 3, 2)
2
(4, 18)
-> Request 11
1384
(1, 1, 1)
1
(0, 79)
--> Day : 4
-> Request 0
71
(4, 3, 1)
2
(38, 52)
-> Request 1
101
(2, 3, 1)
1
(55, 25)
-> Request 2
160
(3, 3, 1)
1
(44, 43)
-> Request 3
344
(3, 3, 1)
2
(29, 35)
-> Request 4
475
(2, 3, 1)
3
(65, 62)
-> Request 5
647
(4, 1, 1)
3
(19, 16)
-> Request 6
649
(4, 1, 2)
2
(51, 67)
-> Request 7
720
(1, 2, 1)
1
(16, 33)
-> Request 8
941
(1, 3, 2)
3
(1, 3)
-> Request 9
1150
(3, 1, 1)
3
(25, 3)
-> Request 10
1160
(4, 1, 1)
3
(30, 72)
-> Request 11
1213
(1, 2, 1)
3
(78, 72)
-> Request 12
1405
(4, 1, 1)
1
(11, 41)
-> Request 13
1412
(3, 2, 1)
2
(68, 66)
---> Week : 140
--> Day : 0
-> Request 0
51
(1, 3, 1)
2
(51, 54)
-> Request 1
66
(3, 3, 2)
1
(40, 34)
-> Request 2
98
(4, 3, 2)
3
(6, 27)
-> Request 3
422
(1, 2, 1)
2
(8, 65)
-> Request 4
476
(4, 2, 1)
3
(72, 26)
-> Request 5
506
(4, 2, 1)
1
(5, 70)
-> Request 6
682
(3, 1, 1)
1
(12, 57)
-> Request 7
807
(3, 1, 1)
3
(56, 79)
--> Day : 1
-> Request 0
180
(2, 2, 1)
2
(22, 72)
-> Request 1
286
(2, 1, 1)
1
(60, 62)
-> Request 2
396
(3, 3, 2)
3
(77, 50)
-> Request 3
861
(4, 1, 1)
3
(71, 21)
-> Request 4
889
(3, 2, 1)
3
(42, 33)
-> Request 5
911
(3, 3, 2)
3
(68, 30)
-> Request 6
1158
(4, 2, 2)
1
(8, 56)
--> Day : 2
-> Request 0
114
(3, 2, 2)
2
(76, 3)
-> Request 1
387
(3, 3, 2)
3
(78, 5)
-> Request 2
476
(3, 2, 2)
1
(6, 3)
-> Request 3
607
(4, 2, 2)
3
(70, 2)
-> Request 4
790
(3, 3, 1)
3
(22, 10)
-> Request 5
801
(4, 2, 2)
3
(46, 52)
-> Request 6
806
(3, 1, 2)
1
(57, 20)
-> Request 7
1100
(4, 1, 2)
3
(75, 18)
-> Request 8
1285
(4, 2, 2)
3
(23, 47)
-> Request 9
1433
(3, 2, 1)
3
(18, 76)
--> Day : 3
-> Request 0
80
(2, 1, 1)
1
(1, 68)
-> Request 1
116
(3, 1, 2)
3
(15, 5)
-> Request 2
129
(1, 1, 1)
2
(31, 3)
-> Request 3
226
(4, 3, 2)
2
(52, 73)
-> Request 4
243
(3, 1, 1)
2
(4, 79)
-> Request 5
256
(1, 3, 2)
3
(53, 28)
-> Request 6
275
(1, 2, 1)
2
(39, 57)
-> Request 7
461
(2, 1, 1)
2
(25, 30)
-> Request 8
566
(2, 1, 2)
3
(13, 78)
-> Request 9
588
(4, 3, 2)
2
(26, 55)
-> Request 10
780
(4, 2, 2)
3
(59, 66)
-> Request 11
888
(3, 3, 1)
3
(74, 65)
-> Request 12
1008
(4, 3, 1)
2
(55, 48)
-> Request 13
1186
(1, 3, 2)
3
(65, 51)
-> Request 14
1187
(1, 3, 1)
2
(71, 6)
--> Day : 4
-> Request 0
119
(1, 1, 2)
2
(32, 19)
-> Request 1
125
(3, 1, 2)
1
(68, 56)
-> Request 2
247
(2, 3, 2)
1
(68, 79)
-> Request 3
352
(1, 3, 2)
1
(5, 29)
-> Request 4
455
(4, 3, 1)
1
(20, 13)
-> Request 5
549
(1, 2, 2)
3
(23, 63)
-> Request 6
754
(4, 1, 1)
2
(56, 0)
-> Request 7
757
(3, 1, 2)
1
(22, 71)
-> Request 8
764
(4, 2, 1)
3
(18, 56)
-> Request 9
843
(4, 1, 2)
1
(22, 76)
-> Request 10
895
(1, 2, 2)
3
(38, 2)
-> Request 11
959
(1, 2, 1)
3
(15, 17)
-> Request 12
1205
(2, 2, 2)
2
(76, 47)
-> Request 13
1389
(4, 2, 2)
2
(31, 75)
---> Week : 141
--> Day : 0
-> Request 0
194
(2, 3, 2)
2
(62, 49)
-> Request 1
251
(1, 3, 1)
3
(78, 52)
-> Request 2
318
(2, 2, 1)
3
(38, 32)
-> Request 3
392
(1, 2, 1)
2
(0, 53)
-> Request 4
470
(4, 2, 1)
1
(17, 60)
-> Request 5
558
(2, 1, 2)
2
(26, 45)
-> Request 6
593
(3, 1, 1)
3
(31, 60)
-> Request 7
721
(4, 2, 1)
1
(12, 32)
-> Request 8
972
(3, 2, 1)
1
(76, 58)
-> Request 9
1011
(4, 1, 2)
1
(0, 52)
-> Request 10
1067
(2, 1, 2)
1
(77, 3)
-> Request 11
1101
(2, 2, 2)
3
(9, 9)
--> Day : 1
-> Request 0
104
(4, 2, 2)
2
(44, 63)
-> Request 1
125
(2, 2, 1)
2
(12, 22)
-> Request 2
171
(1, 1, 1)
3
(75, 72)
-> Request 3
395
(4, 1, 1)
1
(79, 24)
-> Request 4
889
(1, 1, 2)
1
(61, 41)
-> Request 5
1016
(1, 3, 1)
3
(24, 70)
-> Request 6
1067
(1, 2, 1)
3
(26, 70)
--> Day : 2
-> Request 0
55
(1, 3, 2)
2
(64, 12)
-> Request 1
55
(3, 3, 1)
3
(21, 33)
-> Request 2
62
(1, 1, 1)
3
(3, 24)
-> Request 3
112
(3, 1, 2)
2
(10, 56)
-> Request 4
166
(3, 3, 1)
3
(46, 61)
-> Request 5
250
(1, 2, 2)
2
(19, 56)
-> Request 6
297
(4, 1, 2)
1
(30, 24)
-> Request 7
313
(3, 1, 2)
3
(19, 65)
-> Request 8
394
(3, 2, 2)
1
(31, 31)
-> Request 9
434
(4, 2, 2)
3
(57, 64)
-> Request 10
514
(3, 3, 2)
2
(20, 66)
-> Request 11
671
(3, 2, 1)
1
(75, 66)
-> Request 12
797
(1, 2, 1)
3
(57, 8)
-> Request 13
928
(1, 1, 1)
1
(36, 66)
-> Request 14
1015
(2, 3, 1)
3
(2, 52)
-> Request 15
1128
(2, 1, 1)
3
(9, 49)
-> Request 16
1174
(2, 2, 1)
1
(54, 18)
-> Request 17
1224
(2, 1, 2)
1
(4, 48)
-> Request 18
1428
(2, 2, 1)
2
(58, 50)
--> Day : 3
-> Request 0
110
(4, 3, 1)
1
(70, 13)
-> Request 1
642
(1, 2, 2)
3
(47, 34)
-> Request 2
644
(3, 3, 2)
2
(70, 61)
-> Request 3
745
(3, 1, 1)
2
(53, 68)
-> Request 4
807
(4, 2, 2)
1
(8, 6)
-> Request 5
1394
(2, 3, 1)
1
(18, 62)
--> Day : 4
-> Request 0
243
(1, 3, 1)
1
(55, 42)
-> Request 1
278
(3, 2, 1)
3
(41, 46)
-> Request 2
336
(3, 1, 1)
1
(25, 55)
-> Request 3
565
(3, 1, 1)
2
(59, 20)
-> Request 4
811
(2, 1, 2)
1
(65, 11)
-> Request 5
908
(4, 3, 1)
2
(9, 73)
-> Request 6
986
(2, 2, 1)
3
(54, 76)
-> Request 7
1081
(4, 1, 1)
2
(71, 21)
-> Request 8
1281
(4, 2, 1)
1
(72, 69)
-> Request 9
1298
(4, 1, 1)
3
(9, 43)
-> Request 10
1363
(3, 1, 2)
2
(77, 54)
---> Week : 142
--> Day : 0
-> Request 0
0
(4, 2, 1)
2
(7, 55)
-> Request 1
25
(2, 2, 1)
2
(0, 58)
-> Request 2
80
(3, 3, 1)
1
(28, 51)
-> Request 3
142
(1, 1, 2)
2
(21, 2)
-> Request 4
179
(4, 3, 1)
1
(23, 27)
-> Request 5
287
(1, 1, 1)
1
(58, 38)
-> Request 6
1038
(3, 1, 1)
3
(52, 9)
-> Request 7
1169
(2, 1, 2)
2
(50, 6)
-> Request 8
1272
(2, 3, 2)
1
(28, 40)
-> Request 9
1333
(3, 2, 2)
3
(15, 56)
-> Request 10
1357
(1, 1, 1)
1
(76, 65)
--> Day : 1
-> Request 0
63
(4, 3, 2)
2
(67, 6)
-> Request 1
351
(1, 2, 2)
3
(18, 42)
-> Request 2
475
(1, 3, 2)
1
(32, 62)
-> Request 3
643
(1, 1, 2)
2
(7, 59)
-> Request 4
778
(1, 3, 1)
2
(43, 12)
-> Request 5
1018
(2, 3, 1)
3
(62, 22)
-> Request 6
1034
(2, 2, 2)
2
(57, 74)
-> Request 7
1274
(4, 1, 1)
2
(4, 44)
-> Request 8
1338
(3, 3, 2)
1
(74, 41)
--> Day : 2
-> Request 0
53
(4, 3, 1)
2
(12, 26)
-> Request 1
384
(1, 2, 2)
1
(31, 3)
-> Request 2
463
(2, 1, 1)
2
(46, 45)
-> Request 3
481
(1, 2, 2)
2
(37, 12)
-> Request 4
691
(1, 1, 2)
2
(32, 28)
-> Request 5
895
(3, 3, 2)
3
(48, 42)
-> Request 6
899
(1, 3, 2)
1
(47, 40)
-> Request 7
966
(3, 1, 1)
1
(29, 1)
-> Request 8
1014
(4, 2, 2)
2
(36, 26)
-> Request 9
1137
(2, 1, 2)
2
(79, 38)
-> Request 10
1207
(4, 2, 2)
2
(19, 54)
-> Request 11
1261
(3, 2, 1)
1
(57, 50)
-> Request 12
1347
(3, 3, 2)
1
(46, 27)
--> Day : 3
-> Request 0
36
(4, 3, 1)
3
(57, 65)
-> Request 1
97
(2, 1, 1)
3
(6, 78)
-> Request 2
120
(3, 3, 2)
1
(10, 75)
-> Request 3
242
(1, 2, 1)
3
(54, 49)
-> Request 4
526
(3, 1, 1)
2
(54, 79)
-> Request 5
566
(1, 1, 2)
3
(52, 54)
-> Request 6
1185
(4, 2, 1)
1
(7, 79)
-> Request 7
1218
(4, 2, 2)
2
(37, 45)
--> Day : 4
-> Request 0
307
(1, 3, 1)
1
(15, 8)
-> Request 1
337
(1, 2, 2)
3
(46, 21)
-> Request 2
510
(3, 1, 2)
2
(31, 53)
-> Request 3
575
(3, 2, 2)
3
(39, 66)
-> Request 4
1056
(2, 2, 1)
3
(9, 26)
-> Request 5
1305
(3, 1, 1)
3
(63, 10)
-> Request 6
1333
(4, 2, 1)
2
(66, 54)
---> Week : 143
--> Day : 0
-> Request 0
70
(2, 3, 1)
3
(12, 9)
-> Request 1
124
(1, 2, 2)
1
(72, 11)
-> Request 2
143
(1, 1, 2)
2
(34, 19)
-> Request 3
388
(1, 3, 2)
2
(30, 41)
-> Request 4
468
(4, 2, 2)
3
(0, 22)
-> Request 5
532
(2, 1, 2)
3
(36, 49)
-> Request 6
541
(1, 3, 1)
1
(21, 66)
-> Request 7
697
(1, 1, 1)
1
(53, 58)
-> Request 8
729
(1, 2, 1)
1
(13, 44)
-> Request 9
733
(1, 2, 2)
3
(60, 22)
-> Request 10
1026
(1, 3, 1)
2
(6, 22)
-> Request 11
1207
(3, 3, 1)
2
(27, 65)
-> Request 12
1207
(1, 3, 1)
2
(79, 54)
-> Request 13
1248
(3, 3, 1)
2
(6, 66)
-> Request 14
1376
(1, 1, 1)
3
(11, 72)
-> Request 15
1376
(2, 2, 1)
2
(19, 66)
--> Day : 1
-> Request 0
96
(4, 3, 2)
1
(36, 7)
-> Request 1
680
(2, 3, 1)
3
(7, 53)
-> Request 2
705
(3, 3, 2)
1
(20, 70)
-> Request 3
782
(4, 3, 1)
1
(10, 3)
-> Request 4
802
(2, 3, 1)
3
(17, 24)
-> Request 5
923
(1, 2, 2)
1
(4, 54)
-> Request 6
926
(2, 3, 1)
1
(2, 66)
-> Request 7
960
(3, 3, 2)
1
(43, 28)
-> Request 8
1342
(4, 2, 1)
3
(64, 46)
--> Day : 2
-> Request 0
9
(3, 2, 2)
1
(36, 2)
-> Request 1
188
(4, 2, 1)
3
(12, 34)
-> Request 2
875
(1, 2, 1)
1
(37, 5)
-> Request 3
950
(4, 1, 1)
3
(39, 41)
-> Request 4
1338
(1, 2, 2)
1
(15, 3)
--> Day : 3
-> Request 0
2
(2, 1, 2)
2
(49, 62)
-> Request 1
330
(1, 3, 1)
2
(16, 39)
-> Request 2
585
(1, 2, 2)
3
(77, 36)
-> Request 3
603
(4, 2, 1)
3
(1, 54)
-> Request 4
864
(1, 2, 2)
3
(60, 4)
-> Request 5
944
(4, 1, 2)
3
(1, 34)
-> Request 6
1056
(4, 2, 1)
2
(28, 7)
-> Request 7
1326
(3, 2, 2)
3
(47, 0)
--> Day : 4
-> Request 0
36
(4, 2, 2)
3
(48, 20)
-> Request 1
216
(3, 1, 2)
3
(69, 31)
-> Request 2
501
(1, 2, 1)
1
(44, 42)
-> Request 3
864
(3, 3, 1)
2
(59, 76)
-> Request 4
888
(4, 3, 1)
2
(1, 22)
-> Request 5
1052
(1, 3, 1)
3
(13, 32)
-> Request 6
1102
(4, 3, 2)
2
(79, 14)
-> Request 7
1225
(2, 1, 1)
1
(26, 72)
-> Request 8
1439
(3, 3, 1)
3
(32, 79)
---> Week : 144
--> Day : 0
-> Request 0
75
(4, 1, 1)
3
(69, 54)
-> Request 1
93
(2, 1, 2)
1
(35, 10)
-> Request 2
131
(3, 3, 1)
3
(11, 62)
-> Request 3
188
(4, 1, 1)
2
(0, 52)
-> Request 4
341
(3, 1, 1)
2
(30, 5)
-> Request 5
738
(4, 2, 2)
1
(69, 30)
-> Request 6
787
(4, 1, 2)
3
(24, 29)
-> Request 7
804
(2, 1, 2)
1
(62, 10)
-> Request 8
806
(4, 2, 1)
2
(60, 38)
-> Request 9
899
(3, 3, 1)
2
(65, 75)
-> Request 10
1413
(2, 3, 2)
3
(14, 2)
-> Request 11
1438
(2, 1, 2)
1
(18, 45)
--> Day : 1
-> Request 0
283
(4, 2, 2)
1
(77, 20)
-> Request 1
285
(1, 1, 1)
1
(1, 23)
-> Request 2
465
(3, 1, 1)
3
(36, 30)
-> Request 3
695
(3, 3, 1)
1
(52, 33)
-> Request 4
941
(3, 2, 1)
1
(4, 20)
-> Request 5
1026
(1, 2, 2)
1
(36, 74)
-> Request 6
1195
(3, 2, 2)
3
(4, 23)
-> Request 7
1205
(1, 2, 1)
3
(19, 30)
-> Request 8
1328
(1, 2, 1)
3
(31, 38)
--> Day : 2
-> Request 0
97
(1, 3, 2)
1
(57, 17)
-> Request 1
342
(3, 2, 1)
1
(75, 43)
-> Request 2
398
(3, 2, 1)
2
(75, 39)
-> Request 3
403
(4, 2, 1)
1
(51, 23)
-> Request 4
512
(2, 1, 2)
1
(13, 35)
-> Request 5
934
(2, 3, 1)
2
(19, 8)
-> Request 6
1286
(3, 2, 2)
1
(60, 32)
--> Day : 3
-> Request 0
187
(1, 2, 1)
1
(76, 35)
-> Request 1
207
(1, 1, 2)
1
(62, 47)
-> Request 2
401
(4, 1, 1)
2
(40, 0)
-> Request 3
509
(1, 3, 2)
2
(62, 56)
-> Request 4
682
(3, 2, 2)
1
(5, 21)
-> Request 5
757
(2, 3, 1)
1
(9, 79)
-> Request 6
835
(4, 1, 2)
1
(14, 49)
-> Request 7
924
(4, 2, 2)
3
(12, 12)
--> Day : 4
-> Request 0
119
(3, 2, 1)
1
(36, 59)
-> Request 1
188
(3, 2, 2)
1
(78, 3)
-> Request 2
469
(2, 2, 1)
3
(4, 61)
-> Request 3
507
(2, 2, 1)
2
(24, 22)
-> Request 4
527
(3, 1, 2)
3
(1, 28)
-> Request 5
580
(1, 3, 2)
3
(74, 23)
-> Request 6
611
(3, 1, 1)
3
(31, 73)
-> Request 7
939
(4, 1, 1)
3
(12, 43)
-> Request 8
1279
(1, 1, 2)
2
(64, 66)
---> Week : 145
--> Day : 0
-> Request 0
144
(2, 3, 1)
2
(3, 69)
-> Request 1
185
(1, 2, 1)
3
(28, 62)
-> Request 2
202
(3, 3, 2)
3
(14, 64)
-> Request 3
202
(2, 1, 1)
3
(30, 51)
-> Request 4
291
(3, 2, 1)
3
(0, 2)
-> Request 5
381
(4, 3, 2)
2
(22, 43)
-> Request 6
423
(3, 3, 2)
3
(17, 27)
-> Request 7
802
(3, 2, 2)
1
(74, 38)
-> Request 8
893
(3, 2, 2)
3
(65, 78)
-> Request 9
987
(2, 2, 1)
2
(31, 46)
-> Request 10
1138
(3, 2, 2)
1
(46, 0)
-> Request 11
1197
(3, 3, 1)
1
(8, 45)
-> Request 12
1308
(3, 1, 1)
3
(14, 68)
--> Day : 1
-> Request 0
29
(2, 3, 2)
1
(19, 1)
-> Request 1
77
(2, 1, 2)
2
(77, 24)
-> Request 2
94
(3, 1, 1)
2
(20, 50)
-> Request 3
272
(4, 1, 1)
1
(67, 55)
-> Request 4
291
(2, 2, 1)
1
(77, 72)
-> Request 5
788
(3, 2, 2)
2
(11, 43)
-> Request 6
971
(4, 1, 2)
3
(22, 2)
-> Request 7
991
(3, 2, 2)
1
(61, 11)
-> Request 8
992
(1, 2, 1)
1
(4, 27)
-> Request 9
1101
(4, 2, 2)
1
(65, 27)
-> Request 10
1121
(1, 1, 2)
2
(20, 30)
-> Request 11
1147
(1, 2, 1)
2
(26, 41)
-> Request 12
1384
(2, 2, 1)
1
(13, 11)
--> Day : 2
-> Request 0
36
(4, 2, 2)
2
(2, 14)
-> Request 1
456
(4, 3, 2)
2
(9, 24)
-> Request 2
499
(1, 2, 1)
3
(42, 79)
-> Request 3
585
(1, 1, 1)
3
(11, 71)
-> Request 4
604
(1, 3, 1)
1
(73, 76)
-> Request 5
783
(1, 3, 1)
1
(40, 64)
-> Request 6
786
(1, 3, 1)
1
(54, 13)
-> Request 7
1109
(3, 3, 2)
1
(50, 8)
-> Request 8
1126
(2, 3, 2)
3
(43, 63)
-> Request 9
1263
(2, 1, 2)
3
(75, 43)
-> Request 10
1341
(3, 2, 1)
1
(33, 2)
--> Day : 3
-> Request 0
21
(1, 3, 2)
3
(56, 13)
-> Request 1
138
(1, 1, 1)
3
(37, 4)
-> Request 2
217
(1, 1, 1)
3
(13, 5)
-> Request 3
416
(3, 3, 2)
3
(43, 6)
-> Request 4
501
(3, 3, 2)
2
(41, 74)
-> Request 5
583
(2, 3, 1)
2
(19, 52)
-> Request 6
860
(2, 2, 2)
3
(49, 10)
-> Request 7
981
(4, 3, 2)
2
(3, 27)
-> Request 8
1063
(4, 2, 2)
3
(22, 21)
-> Request 9
1373
(3, 2, 2)
2
(41, 36)
--> Day : 4
-> Request 0
94
(2, 2, 1)
3
(35, 17)
-> Request 1
130
(3, 3, 2)
2
(72, 0)
-> Request 2
146
(4, 3, 2)
2
(23, 66)
-> Request 3
257
(2, 1, 2)
1
(37, 65)
-> Request 4
274
(1, 1, 1)
2
(54, 54)
-> Request 5
318
(3, 2, 2)
2
(15, 24)
-> Request 6
670
(2, 2, 2)
3
(10, 26)
-> Request 7
853
(3, 3, 2)
1
(76, 40)
-> Request 8
962
(2, 1, 2)
2
(45, 61)
-> Request 9
1100
(1, 2, 2)
1
(71, 35)
-> Request 10
1234
(4, 3, 2)
1
(28, 36)
-> Request 11
1322
(1, 1, 2)
2
(15, 55)
-> Request 12
1334
(3, 3, 1)
3
(52, 7)
---> Week : 146
--> Day : 0
-> Request 0
129
(4, 3, 2)
1
(56, 53)
-> Request 1
412
(1, 2, 2)
2
(64, 29)
-> Request 2
874
(4, 3, 1)
1
(29, 5)
-> Request 3
1034
(2, 1, 2)
3
(73, 26)
-> Request 4
1206
(1, 1, 1)
2
(47, 17)
-> Request 5
1250
(4, 3, 2)
2
(33, 9)
-> Request 6
1306
(3, 1, 2)
1
(34, 78)
-> Request 7
1348
(2, 3, 2)
2
(60, 20)
--> Day : 1
-> Request 0
67
(1, 2, 1)
3
(44, 39)
-> Request 1
123
(2, 2, 2)
3
(15, 2)
-> Request 2
557
(1, 1, 2)
2
(25, 52)
-> Request 3
714
(2, 1, 2)
2
(55, 41)
-> Request 4
1412
(2, 1, 1)
2
(62, 66)
--> Day : 2
-> Request 0
74
(4, 3, 1)
1
(46, 2)
-> Request 1
237
(1, 3, 2)
3
(67, 14)
-> Request 2
339
(3, 3, 1)
2
(55, 64)
-> Request 3
398
(4, 1, 2)
2
(19, 58)
-> Request 4
515
(2, 2, 1)
3
(6, 26)
-> Request 5
542
(4, 3, 2)
3
(74, 15)
-> Request 6
806
(2, 2, 2)
3
(13, 49)
-> Request 7
1046
(4, 2, 1)
1
(30, 3)
-> Request 8
1055
(3, 3, 2)
1
(57, 10)
--> Day : 3
-> Request 0
85
(3, 2, 2)
2
(60, 13)
-> Request 1
156
(1, 3, 2)
1
(6, 24)
-> Request 2
163
(2, 1, 1)
3
(11, 69)
-> Request 3
284
(2, 1, 1)
3
(50, 50)
-> Request 4
330
(4, 1, 1)
1
(48, 54)
-> Request 5
750
(2, 2, 2)
2
(39, 62)
-> Request 6
765
(2, 1, 2)
2
(18, 45)
-> Request 7
966
(3, 1, 1)
2
(10, 59)
-> Request 8
976
(3, 2, 1)
2
(40, 62)
-> Request 9
1117
(1, 3, 2)
1
(44, 41)
-> Request 10
1432
(3, 1, 1)
1
(30, 44)
--> Day : 4
-> Request 0
33
(4, 3, 2)
2
(52, 11)
-> Request 1
197
(3, 2, 2)
1
(30, 9)
-> Request 2
339
(1, 3, 1)
1
(64, 47)
-> Request 3
411
(3, 2, 1)
3
(40, 19)
-> Request 4
620
(3, 2, 1)
3
(29, 1)
-> Request 5
661
(1, 1, 2)
1
(64, 55)
-> Request 6
894
(4, 1, 1)
3
(44, 2)
-> Request 7
938
(3, 2, 1)
1
(8, 36)
-> Request 8
1046
(3, 3, 2)
2
(39, 21)
-> Request 9
1053
(3, 3, 1)
2
(65, 56)
-> Request 10
1105
(3, 1, 1)
3
(70, 26)
-> Request 11
1125
(4, 2, 2)
1
(25, 11)
-> Request 12
1126
(3, 2, 1)
3
(23, 29)
-> Request 13
1128
(1, 2, 2)
3
(10, 4)
-> Request 14
1210
(4, 1, 1)
1
(2, 72)
-> Request 15
1264
(2, 1, 2)
1
(60, 37)
---> Week : 147
--> Day : 0
-> Request 0
11
(3, 2, 1)
1
(48, 64)
-> Request 1
535
(4, 2, 1)
1
(9, 20)
-> Request 2
589
(1, 2, 1)
1
(15, 39)
-> Request 3
795
(4, 3, 2)
2
(20, 14)
-> Request 4
1309
(2, 2, 1)
3
(34, 18)
--> Day : 1
-> Request 0
384
(2, 1, 1)
1
(60, 63)
-> Request 1
599
(4, 1, 1)
2
(51, 78)
-> Request 2
640
(2, 1, 1)
1
(53, 68)
-> Request 3
656
(4, 3, 1)
3
(40, 20)
-> Request 4
856
(1, 3, 2)
2
(12, 75)
--> Day : 2
-> Request 0
42
(2, 1, 2)
1
(73, 37)
-> Request 1
46
(1, 2, 1)
2
(8, 62)
-> Request 2
67
(2, 2, 2)
2
(39, 79)
-> Request 3
85
(4, 2, 1)
3
(39, 7)
-> Request 4
131
(3, 3, 2)
3
(1, 27)
-> Request 5
180
(1, 2, 2)
1
(21, 75)
-> Request 6
329
(3, 3, 2)
3
(37, 33)
-> Request 7
370
(2, 3, 1)
3
(72, 13)
-> Request 8
605
(4, 3, 1)
2
(64, 40)
-> Request 9
743
(1, 1, 1)
1
(65, 56)
-> Request 10
881
(1, 3, 2)
3
(61, 1)
-> Request 11
953
(1, 1, 2)
2
(44, 2)
-> Request 12
997
(2, 1, 2)
2
(63, 77)
-> Request 13
1129
(3, 1, 2)
2
(2, 43)
-> Request 14
1138
(3, 2, 1)
2
(21, 33)
-> Request 15
1162
(1, 2, 1)
1
(39, 47)
-> Request 16
1162
(1, 1, 2)
2
(79, 0)
-> Request 17
1262
(4, 1, 2)
2
(71, 0)
-> Request 18
1266
(2, 2, 1)
3
(59, 54)
-> Request 19
1392
(1, 2, 1)
3
(23, 21)
-> Request 20
1421
(4, 2, 2)
1
(26, 11)
--> Day : 3
-> Request 0
165
(2, 2, 2)
1
(2, 55)
-> Request 1
270
(4, 1, 1)
3
(39, 35)
-> Request 2
600
(2, 1, 1)
2
(75, 71)
-> Request 3
666
(4, 3, 2)
3
(12, 19)
-> Request 4
752
(1, 2, 2)
3
(34, 32)
-> Request 5
909
(1, 3, 2)
2
(38, 64)
-> Request 6
1186
(2, 1, 1)
2
(54, 1)
-> Request 7
1258
(2, 2, 2)
1
(55, 50)
-> Request 8
1374
(2, 2, 1)
1
(2, 12)
--> Day : 4
-> Request 0
47
(1, 3, 1)
3
(66, 48)
-> Request 1
250
(3, 3, 1)
2
(47, 62)
-> Request 2
466
(1, 1, 1)
3
(64, 72)
-> Request 3
525
(1, 2, 1)
3
(57, 63)
-> Request 4
619
(4, 2, 1)
2
(71, 68)
-> Request 5
682
(4, 1, 1)
3
(65, 62)
-> Request 6
1022
(4, 2, 1)
3
(77, 54)
-> Request 7
1208
(1, 2, 2)
3
(26, 3)
-> Request 8
1385
(3, 2, 2)
3
(36, 45)
---> Week : 148
--> Day : 0
-> Request 0
434
(4, 1, 1)
2
(57, 27)
-> Request 1
450
(2, 2, 2)
2
(62, 8)
-> Request 2
867
(2, 1, 2)
2
(60, 0)
-> Request 3
869
(4, 2, 2)
1
(27, 7)
-> Request 4
1043
(1, 3, 1)
2
(38, 76)
-> Request 5
1271
(2, 1, 1)
3
(39, 67)
--> Day : 1
-> Request 0
198
(2, 1, 2)
3
(36, 74)
-> Request 1
266
(4, 1, 1)
1
(36, 0)
-> Request 2
406
(4, 1, 2)
2
(33, 15)
-> Request 3
877
(2, 2, 2)
1
(6, 48)
-> Request 4
1235
(4, 3, 2)
2
(13, 67)
--> Day : 2
-> Request 0
37
(1, 2, 1)
2
(27, 68)
-> Request 1
71
(1, 3, 1)
2
(35, 35)
-> Request 2
250
(4, 3, 1)
1
(49, 55)
-> Request 3
295
(2, 2, 2)
1
(26, 73)
-> Request 4
522
(4, 1, 2)
1
(27, 70)
-> Request 5
531
(2, 1, 1)
2
(10, 11)
-> Request 6
587
(2, 2, 2)
2
(55, 20)
-> Request 7
615
(4, 3, 1)
1
(68, 51)
-> Request 8
677
(2, 1, 2)
3
(18, 30)
-> Request 9
927
(2, 1, 2)
3
(35, 57)
-> Request 10
979
(1, 1, 2)
2
(25, 20)
-> Request 11
1132
(2, 2, 1)
3
(60, 44)
-> Request 12
1158
(1, 2, 1)
1
(42, 19)
-> Request 13
1226
(3, 2, 2)
1
(61, 77)
-> Request 14
1309
(4, 1, 1)
1
(47, 65)
-> Request 15
1352
(4, 1, 1)
2
(11, 39)
--> Day : 3
-> Request 0
233
(1, 1, 1)
2
(29, 45)
-> Request 1
493
(2, 1, 2)
1
(16, 35)
-> Request 2
783
(4, 1, 1)
3
(29, 70)
-> Request 3
783
(1, 3, 1)
2
(38, 23)
-> Request 4
1368
(2, 1, 2)
1
(43, 59)
--> Day : 4
-> Request 0
94
(1, 1, 1)
2
(59, 65)
-> Request 1
187
(3, 1, 1)
2
(51, 49)
-> Request 2
436
(3, 2, 2)
1
(26, 17)
-> Request 3
493
(2, 1, 1)
2
(42, 71)
-> Request 4
575
(3, 2, 1)
2
(26, 15)
-> Request 5
867
(2, 2, 2)
2
(48, 8)
-> Request 6
876
(2, 1, 2)
2
(26, 47)
-> Request 7
1120
(4, 3, 2)
3
(37, 4)
-> Request 8
1171
(1, 1, 2)
2
(71, 74)
-> Request 9
1206
(2, 1, 2)
1
(70, 28)
---> Week : 149
--> Day : 0
-> Request 0
10
(1, 3, 1)
2
(16, 69)
-> Request 1
13
(1, 3, 1)
2
(18, 34)
-> Request 2
129
(2, 3, 1)
3
(19, 22)
-> Request 3
237
(4, 2, 1)
1
(45, 71)
-> Request 4
287
(1, 3, 2)
1
(68, 46)
-> Request 5
406
(3, 2, 2)
3
(73, 8)
-> Request 6
634
(4, 3, 2)
2
(27, 20)
-> Request 7
710
(4, 1, 2)
1
(55, 63)
-> Request 8
732
(3, 1, 1)
2
(34, 3)
-> Request 9
747
(2, 2, 1)
2
(47, 78)
-> Request 10
916
(3, 1, 1)
1
(22, 39)
-> Request 11
918
(4, 3, 2)
3
(71, 56)
-> Request 12
963
(2, 3, 1)
1
(0, 18)
-> Request 13
1090
(2, 2, 1)
3
(61, 77)
-> Request 14
1186
(4, 1, 2)
1
(29, 77)
--> Day : 1
-> Request 0
155
(2, 3, 2)
2
(31, 42)
-> Request 1
283
(2, 3, 2)
3
(57, 49)
-> Request 2
364
(1, 1, 1)
3
(58, 10)
-> Request 3
391
(1, 1, 2)
3
(67, 75)
-> Request 4
523
(3, 3, 1)
1
(56, 67)
-> Request 5
653
(1, 2, 2)
1
(56, 72)
-> Request 6
816
(3, 2, 2)
1
(19, 27)
-> Request 7
894
(1, 3, 2)
1
(39, 3)
-> Request 8
980
(1, 2, 2)
1
(36, 68)
-> Request 9
1001
(1, 1, 1)
3
(57, 43)
-> Request 10
1292
(4, 1, 1)
1
(36, 56)
-> Request 11
1425
(4, 2, 1)
1
(33, 68)
--> Day : 2
-> Request 0
66
(4, 1, 2)
2
(69, 38)
-> Request 1
184
(4, 3, 2)
3
(45, 19)
-> Request 2
255
(1, 3, 1)
3
(37, 68)
-> Request 3
370
(1, 3, 1)
3
(72, 8)
-> Request 4
388
(4, 3, 1)
3
(25, 74)
-> Request 5
1064
(3, 1, 2)
2
(51, 74)
-> Request 6
1068
(2, 3, 1)
3
(40, 64)
-> Request 7
1084
(2, 1, 1)
2
(11, 42)
-> Request 8
1271
(1, 3, 1)
1
(19, 24)
-> Request 9
1399
(2, 1, 1)
2
(73, 34)
--> Day : 3
-> Request 0
129
(3, 3, 2)
1
(46, 65)
-> Request 1
282
(4, 1, 2)
1
(49, 78)
-> Request 2
367
(1, 1, 2)
3
(53, 54)
-> Request 3
440
(4, 1, 2)
3
(15, 30)
-> Request 4
703
(4, 2, 2)
1
(38, 37)
-> Request 5
888
(2, 1, 1)
1
(16, 23)
-> Request 6
1097
(1, 2, 1)
2
(48, 47)
--> Day : 4
-> Request 0
284
(2, 2, 2)
2
(64, 68)
-> Request 1
519
(3, 1, 1)
1
(43, 36)
-> Request 2
691
(2, 1, 2)
2
(16, 4)
-> Request 3
798
(2, 1, 1)
3
(42, 10)
-> Request 4
889
(4, 2, 1)
3
(21, 27)
-> Request 5
995
(1, 2, 1)
2
(7, 61)
-> Request 6
1013
(1, 1, 2)
3
(73, 7)
-> Request 7
1254
(4, 3, 1)
2
(27, 75)
