#{"t_start": 1680343372.5666885, "env_id": null}
r,l,t
-596808,3000,51.516473
-579752,3000,102.251103
-598712,3000,157.718446
-588696,3000,211.651833
-577960,3000,265.810887
-575552,3000,318.023466
-598352,3000,379.954103
-599200,3000,438.767648
-598064,3000,493.294175
-600768,3000,548.301574
-620448,3000,607.776765
-561824,3000,663.574436
-531568,3000,718.840891
-559216,3000,775.58354
-564800,3000,827.175339
-592032,3000,883.737595
-560920,3000,940.045416
-575792,3000,994.97551
-562784,3000,1053.815951
-575856,3000,1108.545729
-597552,3000,1163.702338
-581624,3000,1224.471732
-560776,3000,1276.578212
-510568,3000,1331.830074
-595952,3000,1388.531342
-581504,3000,1443.811803
-574368,3000,1497.285092
-554952,3000,1555.053344
-590024,3000,1609.743417
-580416,3000,1663.793436
-522776,3000,1717.4016
-556920,3000,1774.389618
-562416,3000,1831.647224
-605792,3000,1890.055171
-584848,3000,1947.419969
-591328,3000,2010.051109
-594096,3000,2065.682737
-603504,3000,2120.306088
-566792,3000,2173.904406
-557984,3000,2227.918387
-562320,3000,2280.083204
-548456,3000,2338.402719
-558312,3000,2398.102601
-554784,3000,2451.406951
-577976,3000,2508.483599
-600272,3000,2560.558577
-546408,3000,2614.66641
-601160,3000,2669.277301
-607776,3000,2726.83531
-611696,3000,2783.675332
-562976,3000,2841.393559
-584560,3000,2899.152203
-608216,3000,2953.126953
-630656,3000,3009.532004
-610776,3000,3065.538141
-562552,3000,3124.041556
-618656,3000,3178.602904
-548488,3000,3236.171972
-611256,3000,3290.367707
-595048,3000,3349.474641
-574456,3000,3409.301661
-527976,3000,3464.728766
-546032,3000,3524.809397
-563232,3000,3579.915833
-609808,3000,3638.331959
-535744,3000,3695.611428
-586480,3000,3947.751217
-560584,3000,4005.026903
-633272,3000,4059.311016
-556792,3000,4115.07914
-576256,3000,4171.882969
-604672,3000,4231.669407
-554056,3000,4290.817471
-584968,3000,4344.205396
-607104,3000,4400.506707
-556648,3000,4457.054611
-580928,3000,4515.721972
-566992,3000,4572.4732
-597968,3000,4629.134057
-610888,3000,4682.868101
-597296,3000,4741.658117
-603024,3000,4798.636503
-571416,3000,4857.447246
-577968,3000,4912.741783
-603480,3000,4971.495104
-594832,3000,5033.710639
-609672,3000,5089.759145
-610064,3000,5147.060528
-589600,3000,5201.930714
-571432,3000,5257.147898
-564928,3000,5316.323674
-570792,3000,5371.588039
-602936,3000,5429.950079
-521800,3000,5482.785357
-588656,3000,5536.562669
-583504,3000,5593.616586
-582088,3000,5648.850531
-594896,3000,5705.816596
-574520,3000,5759.285613
-597712,3000,5812.687133
-583552,3000,5867.780445
-559184,3000,5925.544276
-564544,3000,5976.12761
-554360,3000,6031.712823
-552560,3000,6086.502878
-558768,3000,6138.993891
-579240,3000,6195.253866
-587912,3000,6251.773898
-548752,3000,6308.478109
-608624,3000,6362.572108
-585448,3000,6416.162789
-561568,3000,6471.417045
-552256,3000,6524.43001
-593976,3000,6581.077185
-597512,3000,6635.988716
-594760,3000,6691.665131
-558056,3000,6744.907928
-545896,3000,6800.537742
-583984,3000,6856.996557
-579120,3000,6911.937642
-558000,3000,6964.907256
-542656,3000,7018.085338
-573360,3000,7077.704855
-540288,3000,7137.788652
-611640,3000,7192.741388
-594344,3000,7249.679154
-575328,3000,7306.506912
-625728,3000,7359.125764
-562192,3000,7410.78353
-552912,3000,7464.162887
-535888,3000,7518.411873
-575112,3000,7569.404755
-566280,3000,7621.136192
-608712,3000,7772.845319
-547408,3000,7823.198414
-574360,3000,7874.062832
-600672,3000,7924.331317
-595832,3000,7975.742807
-528584,3000,8025.831647
-575672,3000,8078.053692
-560576,3000,8132.053758
-592160,3000,8184.497963
-590656,3000,8234.558325
-592800,3000,8285.048183
-577888,3000,8334.471272
-538552,3000,8383.388861
-598584,3000,8432.790712
-597024,3000,8483.784768
-514296,3000,8534.177689
-572544,3000,8587.308844
-517896,3000,8632.433987
-577320,3000,8682.039067
-557440,3000,8731.498203
-560544,3000,8786.038635
-539704,3000,8834.92408
-567528,3000,8883.617145
-517304,3000,8936.910232
-548576,3000,8988.095953
-572392,3000,9039.773268
-553752,3000,9091.000887
-566464,3000,9141.003411
-544344,3000,9193.685895
-573552,3000,9244.81058
-525464,3000,9298.521695
-585088,3000,9347.618287
-541800,3000,9400.851152
-603824,3000,9450.303868
-527016,3000,9504.336339
-539544,3000,9553.014672
-583000,3000,9604.521948
-604008,3000,9652.688272
-561696,3000,9701.970918
-560904,3000,9752.265242
-558096,3000,9804.365142
-564448,3000,9856.616112
-568464,3000,9909.586586
-573016,3000,9960.628904
-587408,3000,10007.948516
-531960,3000,10055.243309
-551096,3000,10108.570526
-556320,3000,10157.051173
-538528,3000,10206.573984
-521696,3000,10253.895601
-539056,3000,10303.305561
-545520,3000,10357.438013
-549632,3000,10406.961018
-527336,3000,10457.772285
-555536,3000,10509.203444
-540408,3000,10559.911376
-511472,3000,10611.514244
-552808,3000,10660.379224
-526464,3000,10707.827472
-520480,3000,10757.935797
-524232,3000,10807.95907
-505944,3000,10853.504642
-520504,3000,10906.969372
-527664,3000,10962.219636
-529864,3000,11009.417197
-566816,3000,11061.427967
-563480,3000,11112.569563
-503208,3000,11240.887887
-491632,3000,11292.708238
-519120,3000,11344.07215
-510488,3000,11394.575694
-528464,3000,11444.868225
-546600,3000,11496.4962
-541040,3000,11547.379953
-546952,3000,11599.726376
-512192,3000,11650.363099
-516920,3000,11701.043055
-527016,3000,11749.149881
-526664,3000,11802.848792
-543848,3000,11854.570586
-511648,3000,11907.175163
-508528,3000,11958.213242
-542584,3000,12013.687614
-525560,3000,12065.595577
-587400,3000,12117.770284
-537200,3000,12168.898733
-534224,3000,12217.479551
-527552,3000,12269.57584
-528176,3000,12320.988193
-546904,3000,12372.51713
-530200,3000,12424.823024
-496592,3000,12479.293682
-492104,3000,12531.151458
-536840,3000,12583.249239
-519592,3000,12636.191222
-534672,3000,12687.246934
-485096,3000,12737.548865
-521024,3000,12787.128868
-515736,3000,12838.014518
-529072,3000,12889.832656
-534680,3000,12943.187147
-574464,3000,12993.278174
-546192,3000,13042.274341
-510800,3000,13094.694978
-503616,3000,13145.901175
-530712,3000,13197.930492
-558944,3000,13251.605932
-564048,3000,13305.344702
-516832,3000,13360.081259
-499696,3000,13408.494015
-527832,3000,13459.637523
-558864,3000,13511.785414
-549376,3000,13560.02972
-560984,3000,13613.081454
-514808,3000,13667.072567
-530936,3000,13718.266814
-539408,3000,13767.930024
-545864,3000,13817.931812
-576304,3000,13869.440227
-503480,3000,13920.772496
-489512,3000,13973.00006
-511744,3000,14022.183211
-525640,3000,14074.411285
-528528,3000,14128.217375
-526456,3000,14179.990689
-565752,3000,14234.062615
-525000,3000,14284.985767
-494896,3000,14335.973688
-487912,3000,14389.933387
-532136,3000,14442.841455
-547088,3000,14496.344408
-555240,3000,14547.993812
-493952,3000,14599.289765
-535864,3000,14744.070056
-540888,3000,14796.096138
-506888,3000,14848.819887
-516152,3000,14901.771105
-521368,3000,14955.487456
-495832,3000,15002.729199
-492088,3000,15059.061504
-497040,3000,15109.177963
-524008,3000,15163.801226
-503840,3000,15213.015128
-533872,3000,15264.336961
-488904,3000,15315.893138
-543128,3000,15364.904783
-484080,3000,15419.000268
-547712,3000,15470.289299
-482024,3000,15522.547426
-482960,3000,15571.978544
-531752,3000,15620.000906
-517512,3000,15664.24494
-544088,3000,15709.300599
-502512,3000,15754.813367
-532296,3000,15799.756881
-490192,3000,15847.806317
-499072,3000,15894.500637
-504848,3000,15942.449492
-516728,3000,15985.655881
-519712,3000,16028.254081
-531784,3000,16071.122739
-492856,3000,16112.669274
-544424,3000,16157.532808
-494064,3000,16197.147668
-517168,3000,16239.674755
-484000,3000,16281.377964
-506984,3000,16327.558471
-486592,3000,16372.73807
-502672,3000,16414.537911
-530440,3000,16458.227397
-491096,3000,16500.903168
-504656,3000,16542.331907
-486784,3000,16584.999091
-536720,3000,16627.005405
-501728,3000,16670.171045
-533560,3000,16714.773859
-485840,3000,16758.18886
-519856,3000,16797.912784
-501168,3000,16840.115543
-514640,3000,16879.756564
-491688,3000,16919.282368
-555112,3000,16961.880525
-506656,3000,17005.607995
-493816,3000,17049.274394
-502712,3000,17091.729549
-542192,3000,17134.893003
-519304,3000,17176.813584
-557872,3000,17218.891717
-507936,3000,17259.356366
-515600,3000,17302.256759
-457992,3000,17347.161638
-538944,3000,17391.180586
-450968,3000,17432.662653
-520296,3000,17474.653842
-493136,3000,17518.168627
-509736,3000,17562.307068
-521976,3000,17604.728396
-508056,3000,17650.215266
-527264,3000,17693.550638
-521008,3000,17738.024843
-501840,3000,17845.616133
-504568,3000,17891.723651
-509952,3000,17932.290192
-486072,3000,17972.826419
-495840,3000,18015.157663
-528192,3000,18057.940846
-503016,3000,18101.061892
-486352,3000,18142.67133
-445328,3000,18185.587811
-469408,3000,18228.418161
-466104,3000,18273.583923
-541384,3000,18323.572261
-496560,3000,18366.88939
-519304,3000,18408.629005
-515224,3000,18453.674878
-469616,3000,18496.309186
-514784,3000,18540.264204
-506928,3000,18583.711731
-455720,3000,18625.466501
-500896,3000,18670.078444
-475152,3000,18711.354226
-471704,3000,18757.59634
-492072,3000,18797.809451
-506136,3000,18838.243754
-514896,3000,18885.701495
-490584,3000,18930.285408
-466888,3000,18971.882717
-489792,3000,19014.869156
-491472,3000,19057.492821
-537368,3000,19098.214267
-496256,3000,19142.101123
-493256,3000,19184.082278
-483968,3000,19228.062374
-467856,3000,19270.049586
-488912,3000,19314.603951
-478376,3000,19355.391422
-510592,3000,19398.927452
-491872,3000,19444.916714
-472664,3000,19490.42803
-518264,3000,19533.579507
-498528,3000,19575.151399
-484064,3000,19615.775587
-453024,3000,19658.013042
-495832,3000,19700.684985
-483224,3000,19743.961634
-500872,3000,19790.839137
-470368,3000,19832.73723
-481072,3000,19877.070116
-440664,3000,19921.936295
-494800,3000,19965.823837
-463288,3000,20006.419723
-487720,3000,20049.024035
-531200,3000,20091.991179
-486784,3000,20136.49709
-476568,3000,20181.786661
-514504,3000,20225.420907
-510160,3000,20269.422691
-496656,3000,20310.140699
-500128,3000,20352.471957
-456192,3000,20395.682504
-481064,3000,20437.452957
-490928,3000,20482.423109
-484304,3000,20526.309456
-468208,3000,20566.121867
-500168,3000,20609.451076
-433584,3000,20652.804028
-460280,3000,20695.338574
-485320,3000,20800.828377
-466832,3000,20843.659542
-493776,3000,20885.312031
-515064,3000,20925.842533
-471816,3000,20967.375053
-430632,3000,21008.985888
-475936,3000,21051.630635
-485584,3000,21095.375914
-487840,3000,21136.812394
-467088,3000,21177.610863
-502000,3000,21222.391344
-485000,3000,21264.125244
-511104,3000,21305.007015
-472136,3000,21346.895313
-484888,3000,21390.386039
-463880,3000,21433.428873
-444840,3000,21478.660591
-469496,3000,21519.287369
-468256,3000,21564.22935
-469656,3000,21607.128875
-499880,3000,21652.791823
-489768,3000,21696.562037
-497240,3000,21737.733703
-468960,3000,21777.751329
-445808,3000,21819.338042
-482536,3000,21860.281385
-411856,3000,21903.245792
-449592,3000,21946.83764
-469840,3000,21989.896112
-472616,3000,22033.813604
-454296,3000,22077.78181
-467928,3000,22123.135749
-456696,3000,22167.890826
-467088,3000,22213.628637
-482696,3000,22256.709802
-452688,3000,22301.763097
-475808,3000,22345.993784
-457816,3000,22388.077733
-449760,3000,22429.94318
-458784,3000,22471.568111
-441688,3000,22515.498378
-446024,3000,22559.222168
-482280,3000,22601.669834
-435848,3000,22645.383907
-446376,3000,22687.293095
-503536,3000,22729.735526
-478896,3000,22774.475628
-456704,3000,22818.875483
-455784,3000,22861.028227
-469944,3000,22906.317077
-463864,3000,22949.167739
-441800,3000,22990.30955
-477064,3000,23030.588656
-439696,3000,23072.581012
-455080,3000,23114.698038
-454936,3000,23160.986976
-424992,3000,23204.987901
-437632,3000,23249.310504
-505232,3000,23292.506912
-503120,3000,23337.458341
-428024,3000,23380.06183
-497552,3000,23421.689743
-456160,3000,23465.153381
-454600,3000,23507.938779
-493040,3000,23552.567251
-429336,3000,23595.609466
-445088,3000,23709.171806
-473352,3000,23753.582798
-428136,3000,23795.198695
-433992,3000,23840.144909
-472368,3000,23881.71933
-457728,3000,23926.384238
-409888,3000,23968.801667
-457040,3000,24016.149723
-463112,3000,24063.213521
-456080,3000,24106.383303
-458192,3000,24149.416922
-461224,3000,24192.878876
-428200,3000,24235.546503
-426256,3000,24278.606051
-453488,3000,24327.148801
-471176,3000,24369.558351
-455888,3000,24412.218909
-435008,3000,24455.611673
-463632,3000,24499.068387
-468360,3000,24542.705018
-435840,3000,24590.133635
-448832,3000,24633.669011
-434752,3000,24681.030734
-420168,3000,24725.22794
-430744,3000,24771.816899
-474152,3000,24816.142484
-449656,3000,24862.637865
-450664,3000,24907.827645
-455104,3000,24949.319399
-480424,3000,24994.103751
-460272,3000,25036.865758
-477408,3000,25081.795834
-430736,3000,25125.305015
-448456,3000,25170.436956
-463128,3000,25213.647416
-473152,3000,25257.615929
-434968,3000,25299.468909
-454112,3000,25343.688126
-434152,3000,25387.129515
-448984,3000,25434.932454
-457168,3000,25478.477451
-453656,3000,25521.219202
-432056,3000,25561.294663
-457360,3000,25606.373184
-434112,3000,25649.665971
-435640,3000,25692.276869
-442560,3000,25736.359843
-463272,3000,25779.996688
-431024,3000,25824.100779
-473504,3000,25867.775064
-463864,3000,25914.032893
-425936,3000,25960.296164
-418232,3000,26007.489565
-417832,3000,26052.249663
-441440,3000,26094.886136
-446112,3000,26139.014844
-432824,3000,26185.323147
-443336,3000,26231.851637
-459488,3000,26274.165578
-408712,3000,26317.862909
-424920,3000,26360.318636
-423096,3000,26404.937378
-464144,3000,26448.904761
-423408,3000,26489.769371
-431792,3000,26529.956208
-419048,3000,26574.038323
-440368,3000,26618.607056
-453152,3000,26733.71017
-417176,3000,26778.836464
-416856,3000,26824.818186
-420376,3000,26870.499827
-440280,3000,26916.622563
-409464,3000,26959.748325
-414160,3000,27002.507835
-430640,3000,27041.761501
-447496,3000,27085.624922
-410232,3000,27129.07353
-409528,3000,27174.037045
-412200,3000,27218.486526
-425144,3000,27258.922719
-408112,3000,27303.77978
-456480,3000,27348.237651
-376808,3000,27393.914999
-435096,3000,27442.681174
-438208,3000,27487.362907
-401760,3000,27534.050217
-443160,3000,27578.873707
-448112,3000,27625.354982
-423184,3000,27666.119466
-416256,3000,27705.998693
-425944,3000,27746.854949
-434088,3000,27791.390826
-416168,3000,27834.831005
-436968,3000,27874.407769
-411192,3000,27912.536693
-432704,3000,27951.372257
-430128,3000,27992.436588
-427536,3000,28028.163851
-429104,3000,28066.479093
-404384,3000,28107.072485
-414232,3000,28147.078607
-419176,3000,28188.567808
-441536,3000,28228.633638
-441072,3000,28270.226135
-422208,3000,28308.440494
-374112,3000,28346.930871
-415984,3000,28387.929676
-390256,3000,28428.263657
-439176,3000,28466.530227
-428920,3000,28505.41756
-357664,3000,28543.54353
-404496,3000,28579.98175
-430856,3000,28617.694427
-390400,3000,28653.885117
-397352,3000,28691.668447
-430008,3000,28733.039892
-433376,3000,28772.103697
-430920,3000,28812.947283
-436728,3000,28852.543274
-432232,3000,28893.29454
-389472,3000,28932.241689
-408216,3000,28971.896997
-437552,3000,29011.421454
-417384,3000,29050.115857
-391352,3000,29093.292546
-398208,3000,29135.886661
-391120,3000,29177.062862
-385672,3000,29221.537188
-431704,3000,29257.498791
-400072,3000,29298.096174
-430384,3000,29338.636154
-442920,3000,29375.70754
-417712,3000,29417.079137
-423208,3000,29454.453572
-423824,3000,29554.259189
-403184,3000,29593.29353
-436520,3000,29631.977718
-397320,3000,29672.289807
-398368,3000,29711.947042
-406544,3000,29749.701981
-413536,3000,29789.73899
-377792,3000,29827.01881
-421424,3000,29868.305139
-407080,3000,29906.743506
-394680,3000,29946.739234
-392888,3000,29984.670079
-382968,3000,30025.082401
-414384,3000,30063.208389
-393168,3000,30103.567186
-380048,3000,30144.628335
-379072,3000,30184.553385
-371928,3000,30222.756583
-384872,3000,30263.814416
-426320,3000,30302.354507
-407320,3000,30340.444664
-403192,3000,30379.213691
-350016,3000,30417.132365
-414160,3000,30454.676902
-394168,3000,30492.478427
-386280,3000,30534.000301
-382360,3000,30574.136141
-379232,3000,30612.034736
-401344,3000,30648.722574
-411736,3000,30689.282781
-406720,3000,30728.747599
-394280,3000,30769.38599
-406304,3000,30808.680242
-379120,3000,30848.340294
-423976,3000,30889.664668
-440088,3000,30931.152888
-409312,3000,30968.431101
-393480,3000,31008.221785
-421712,3000,31049.306912
-406720,3000,31089.076705
-393256,3000,31127.758684
-408400,3000,31168.448361
-409360,3000,31206.881178
-406608,3000,31246.472898
-399576,3000,31287.094791
-372168,3000,31323.581404
-385496,3000,31363.762042
-421856,3000,31405.984113
-420480,3000,31446.01688
-387400,3000,31485.262685
-384472,3000,31524.882054
-375112,3000,31565.215748
-400440,3000,31608.040268
-406408,3000,31649.116248
-396712,3000,31690.827281
-386288,3000,31729.783907
-353744,3000,31770.250558
-372504,3000,31811.735505
-375296,3000,31854.548898
-424240,3000,31894.037281
-368760,3000,31932.5199
-412816,3000,31972.027833
-411192,3000,32009.416568
-378264,3000,32049.376262
-372304,3000,32086.324726
-373784,3000,32126.225486
-379648,3000,32229.442314
-388584,3000,32268.913953
-376544,3000,32306.293541
-359256,3000,32347.13014
-363944,3000,32386.507141
-400416,3000,32425.078847
-394672,3000,32464.452007
-393440,3000,32506.065641
-361920,3000,32547.209152
-359000,3000,32586.399248
-355944,3000,32627.945121
-391520,3000,32666.83172
-394592,3000,32707.900001
-378400,3000,32748.296951
-383536,3000,32789.573582
-427360,3000,32830.436442
-383032,3000,32872.230145
-363552,3000,32909.428085
-400352,3000,32949.770044
-377184,3000,32988.188051
-331288,3000,33028.248566
-374640,3000,33069.676928
-396952,3000,33109.233225
-406360,3000,33149.836581
-404552,3000,33187.969241
-360088,3000,33227.913736
-363456,3000,33265.397972
-392592,3000,33305.3015
-382088,3000,33344.311431
-411048,3000,33384.902373
-381608,3000,33427.016786
-379096,3000,33467.200858
-377744,3000,33508.550024
-396472,3000,33548.664297
-379440,3000,33589.47443
-346136,3000,33629.95741
-389680,3000,33671.929591
-394480,3000,33714.676138
-382080,3000,33755.443051
-397688,3000,33795.989154
-362296,3000,33834.637601
-397912,3000,33877.863862
-364208,3000,33916.66345
-320400,3000,33955.915805
-370504,3000,33998.186656
-375656,3000,34036.974369
-354104,3000,34077.213854
-353648,3000,34115.982518
-362920,3000,34156.770485
-377704,3000,34198.166965
-374312,3000,34238.791026
-373576,3000,34279.059035
-364480,3000,34319.251116
-357208,3000,34359.065126
-380736,3000,34400.061552
-350328,3000,34441.734891
-340752,3000,34482.166584
-384600,3000,34523.65883
-389696,3000,34564.377089
-372712,3000,34602.528171
-355032,3000,34643.117059
-341864,3000,34681.848157
-369472,3000,34724.378789
-350392,3000,34763.912565
-329808,3000,34805.086182
-378568,3000,34844.240763
-362456,3000,34883.993254
-347192,3000,34993.009057
-380672,3000,35033.781224
-381864,3000,35075.380633
-352656,3000,35114.699322
-350208,3000,35153.751338
-379608,3000,35196.346639
-376744,3000,35236.706493
-375680,3000,35275.57536
-353984,3000,35319.795217
-375688,3000,35361.234825
-348224,3000,35404.87051
-360200,3000,35445.280284
-357280,3000,35489.386494
-335064,3000,35531.243554
-369272,3000,35571.538938
-390992,3000,35611.085076
-363616,3000,35651.97973
-376712,3000,35693.766981
-353704,3000,35733.241795
-364752,3000,35772.253472
-316936,3000,35812.46335
-343184,3000,35853.972927
-361736,3000,35894.911085
-340424,3000,35934.752508
-366592,3000,35974.462513
-374168,3000,36014.317213
-360520,3000,36053.175906
-367336,3000,36094.236248
-346656,3000,36137.187041
-368184,3000,36176.516653
-347168,3000,36217.977416
-347664,3000,36260.218407
-363408,3000,36301.43642
-352264,3000,36341.672156
-325640,3000,36382.407645
-362536,3000,36425.004477
-331232,3000,36468.939183
-334360,3000,36510.974244
-347944,3000,36550.669064
-341384,3000,36590.120536
-342496,3000,36631.201748
-351616,3000,36673.559355
-337760,3000,36714.831592
-322232,3000,36756.587543
-367720,3000,36797.08117
-323240,3000,36838.64798
-366080,3000,36877.772202
-354568,3000,36920.743108
-351464,3000,36963.560476
-333064,3000,37004.900482
-321696,3000,37047.9191
-346968,3000,37086.24579
-341768,3000,37127.563878
-356576,3000,37168.16881
-339688,3000,37210.072677
-366752,3000,37252.501665
-361104,3000,37292.708816
-359128,3000,37332.06703
-374160,3000,37373.938859
-327944,3000,37414.285859
-372960,3000,37458.169499
-351696,3000,37499.609162
-351840,3000,37542.458174
-338752,3000,37584.557497
-342688,3000,37627.487072
-333168,3000,37669.479137
-333504,3000,37711.318387
-339696,3000,37818.742919
-322560,3000,37859.688778
-347896,3000,37900.595119
-336936,3000,37942.431679
-324536,3000,37981.095115
-309816,3000,38023.044829
-337000,3000,38066.719564
-338552,3000,38106.793929
-342720,3000,38151.249848
-353840,3000,38196.292102
-354288,3000,38237.70506
-343744,3000,38280.715708
-352768,3000,38323.168207
-335784,3000,38364.359401
-316368,3000,38408.604332
-321304,3000,38451.346843
-319432,3000,38491.452391
-330480,3000,38531.473214
-301368,3000,38572.160373
-336936,3000,38615.041045
-349824,3000,38656.381402
-347760,3000,38698.820615
-338848,3000,38738.006609
-317128,3000,38779.915715
-346992,3000,38821.643047
-309432,3000,38861.183777
-307040,3000,38900.837614
-278480,3000,38939.974155
-337560,3000,38981.338586
-349992,3000,39023.706129
-312600,3000,39064.964102
-321952,3000,39109.039791
-325384,3000,39152.26977
-366792,3000,39193.037487
-299992,3000,39232.473872
-323912,3000,39274.26636
-347704,3000,39314.523029
-318648,3000,39355.592994
-292288,3000,39396.57748
-314168,3000,39438.369429
-337664,3000,39480.15535
-319936,3000,39521.654981
-354048,3000,39563.249714
-307544,3000,39602.501051
-317984,3000,39645.237581
-314384,3000,39685.596857
-327176,3000,39731.708424
-329080,3000,39774.481917
-292744,3000,39820.433738
-297736,3000,39860.868365
-323064,3000,39901.894474
-340056,3000,39944.888464
-281528,3000,39989.98614
-321584,3000,40033.73952
-286408,3000,40073.76855
-333464,3000,40116.132401
-326400,3000,40157.632195
-333920,3000,40200.872445
-323608,3000,40240.868067
-292040,3000,40281.704449
-335160,3000,40325.115787
-335672,3000,40367.455176
-337664,3000,40409.51376
-314264,3000,40451.61995
-306176,3000,40493.750476
-300176,3000,40534.424168
-309584,3000,40638.414918
-302128,3000,40681.803585
-277752,3000,40723.481661
-333144,3000,40764.273693
-303408,3000,40806.611737
-305352,3000,40848.251694
-289504,3000,40891.840839
-319904,3000,40933.843609
-334384,3000,40972.607491
-338720,3000,41016.924418
-294240,3000,41062.287035
-349280,3000,41104.868407
-316576,3000,41148.755588
-317528,3000,41192.954644
-318856,3000,41234.356272
-307272,3000,41276.761295
-297720,3000,41322.411654
-298776,3000,41363.414957
-306896,3000,41406.039061
-335080,3000,41447.570715
-292064,3000,41487.690607
-319472,3000,41530.790409
-315672,3000,41573.376812
-311880,3000,41615.880712
-322072,3000,41658.039102
-313952,3000,41702.09109
-328536,3000,41748.568943
-288608,3000,41788.165552
-290952,3000,41830.669548
-302552,3000,41873.856275
-277784,3000,41917.823624
-331296,3000,41961.065813
-299272,3000,42004.06866
-291224,3000,42047.309936
-282864,3000,42089.408602
-316904,3000,42132.86472
-300920,3000,42175.525758
-322232,3000,42216.076067
-297904,3000,42259.147502
-319000,3000,42303.677143
-292728,3000,42349.622314
-306776,3000,42390.134578
-259792,3000,42432.142616
-296040,3000,42476.265707
-294800,3000,42516.225888
-299720,3000,42558.679691
-323032,3000,42599.493405
-322672,3000,42641.084142
-316960,3000,42681.39856
-314688,3000,42723.390929
-302016,3000,42763.370104
-302840,3000,42803.38604
-304112,3000,42848.609965
-309400,3000,42890.873254
-307616,3000,42931.458025
-304816,3000,42976.411272
-282416,3000,43019.312835
-296968,3000,43060.815436
-292704,3000,43103.48218
-268808,3000,43146.561056
-279768,3000,43190.832986
-295048,3000,43231.736553
-280504,3000,43272.708535
-292096,3000,43314.112598
-304888,3000,43357.519752
-301776,3000,43399.949273
-293400,3000,43438.41614
-292608,3000,43549.295757
-274744,3000,43593.940731
-284232,3000,43636.987893
-309872,3000,43680.090191
-320800,3000,43724.338394
-306080,3000,43765.897908
-274800,3000,43807.47547
-297848,3000,43849.512736
-272840,3000,43890.640749
-276016,3000,43935.168153
-301904,3000,43977.674212
-291368,3000,44022.830293
-274432,3000,44064.772579
-308776,3000,44105.052859
-280576,3000,44147.496391
-321576,3000,44190.803462
-321296,3000,44233.528126
-279944,3000,44279.739442
-275392,3000,44323.120865
-285880,3000,44367.550699
-296048,3000,44410.458987
-301176,3000,44451.475124
-269992,3000,44497.136447
-289112,3000,44540.124403
-275872,3000,44580.907681
-279936,3000,44622.687326
-265208,3000,44664.4507
-275032,3000,44706.81098
-294536,3000,44751.535683
-278720,3000,44792.001076
-276952,3000,44833.916359
-293056,3000,44873.339806
-276784,3000,44914.652678
-283744,3000,44954.232633
-285008,3000,44992.583325
-290088,3000,45033.299128
-295872,3000,45077.721807
-264520,3000,45122.098686
-285192,3000,45167.180493
-284856,3000,45208.782587
-286136,3000,45251.849382
-294232,3000,45292.713919
-259072,3000,45337.327915
-290888,3000,45380.765589
-272792,3000,45424.478588
-300032,3000,45467.251111
-276184,3000,45507.843363
-287000,3000,45552.969936
-295944,3000,45596.791338
-292400,3000,45638.350111
-291640,3000,45681.727122
-293160,3000,45721.547914
-293984,3000,45768.706098
-282000,3000,45811.36639
-274984,3000,45854.489654
-292696,3000,45895.841233
-254992,3000,45938.596269
-285192,3000,45982.383723
-295424,3000,46024.324692
-315824,3000,46069.52637
-296832,3000,46110.878764
-263848,3000,46152.503082
-272008,3000,46198.983067
-275648,3000,46239.807536
-290016,3000,46284.345384
-268136,3000,46326.670494
-267088,3000,46370.192494
-275880,3000,46479.533045
-289776,3000,46521.413381
-264704,3000,46564.007545
-274144,3000,46608.589823
-260168,3000,46653.885113
-279152,3000,46693.598935
-255896,3000,46735.96912
-308800,3000,46779.617114
-265608,3000,46822.351966
-277968,3000,46867.376764
-272856,3000,46910.310196
-267120,3000,46951.820854
-261888,3000,46995.835627
-275024,3000,47037.440768
-274960,3000,47080.154448
-255160,3000,47123.55153
-277160,3000,47165.555659
-297464,3000,47208.19804
-270096,3000,47254.946939
-301768,3000,47296.398252
-241248,3000,47339.686292
-253616,3000,47387.393715
-250624,3000,47431.558895
-257168,3000,47475.522897
-264904,3000,47518.831772
-261016,3000,47568.430145
-273408,3000,47614.246141
-255304,3000,47657.552348
-259800,3000,47699.950734
-287672,3000,47743.335039
-271752,3000,47783.482682
-264000,3000,47824.400003
-254480,3000,47869.165795
-278488,3000,47913.729107
-253416,3000,47958.896598
-259592,3000,48001.467232
-275288,3000,48044.58008
-301352,3000,48088.857308
-287224,3000,48134.73256
-270936,3000,48179.373052
-286728,3000,48220.731931
-299256,3000,48263.433355
-239760,3000,48308.021152
-246544,3000,48348.230333
-260912,3000,48390.99548
-253728,3000,48436.368834
-292304,3000,48479.372869
-265304,3000,48520.404972
-253976,3000,48562.9052
-258784,3000,48603.747852
-305552,3000,48646.174206
-232896,3000,48689.571198
-274848,3000,48732.512453
-259840,3000,48774.058625
-260024,3000,48816.313516
-263424,3000,48859.014986
-293912,3000,48903.0392
-217640,3000,48950.044137
-260616,3000,48994.1774
-257136,3000,49037.950106
-238048,3000,49080.395085
-256176,3000,49123.754058
-244744,3000,49168.092058
-258056,3000,49214.530419
-235336,3000,49257.892576
-270096,3000,49303.448427
-255184,3000,49414.760743
-253176,3000,49455.835569
-264808,3000,49496.802685
-256080,3000,49542.497778
-258240,3000,49585.911105
-233312,3000,49627.391542
-242984,3000,49672.145238
-269536,3000,49716.470449
-226256,3000,49758.64938
-252864,3000,49803.485129
-251480,3000,49847.529276
-245512,3000,49889.864156
-246032,3000,49934.374883
-249584,3000,49978.82811
-261176,3000,50022.250253
-267344,3000,50063.951214
-220728,3000,50112.605264
-229128,3000,50153.866195
-241176,3000,50198.473441
-284392,3000,50240.012321
-277032,3000,50281.255402
-271384,3000,50325.580223
-258936,3000,50366.070434
-253808,3000,50408.687619
-272968,3000,50453.139142
-248744,3000,50495.757445
-276976,3000,50537.253878
-250288,3000,50580.162852
-259080,3000,50624.41767
-238920,3000,50669.856127
-251288,3000,50711.360018
-231888,3000,50755.44138
-227624,3000,50797.480417
-263296,3000,50842.084618
-235584,3000,50884.784541
-244232,3000,50927.967817
-257832,3000,50969.770355
-257688,3000,51011.923745
-243376,3000,51054.800254
-265184,3000,51101.290631
-237144,3000,51146.359926
-220816,3000,51190.076718
-236944,3000,51235.460811
-262120,3000,51281.246425
-272752,3000,51326.52887
-221936,3000,51370.372957
-294392,3000,51413.055748
-255288,3000,51457.246373
-249168,3000,51496.14467
-256336,3000,51542.038702
-218984,3000,51588.084992
-266808,3000,51634.375465
-235632,3000,51677.626859
-234032,3000,51723.409364
-259104,3000,51763.484864
-226024,3000,51806.150601
-239216,3000,51850.555101
-251376,3000,51895.303841
-256688,3000,51938.136084
-255552,3000,51981.332257
-252392,3000,52025.956242
-233144,3000,52069.167081
-240328,3000,52112.183342
-232176,3000,52156.877843
-222296,3000,52202.860223
-210928,3000,52245.991761
-215792,3000,52288.296139
-234800,3000,52396.639772
-235256,3000,52443.197618
-229096,3000,52490.748874
-238600,3000,52532.790949
-248168,3000,52576.808725
-222840,3000,52619.624408
-236480,3000,52662.881384
-244248,3000,52704.727681
-262208,3000,52746.567323
-221800,3000,52790.403245
-233096,3000,52831.231646
-241888,3000,52873.203036
-270280,3000,52919.565506
-226720,3000,52963.309871
-222392,3000,53010.438746
-232024,3000,53052.11463
-195152,3000,53097.484067
-226856,3000,53139.315012
-234440,3000,53185.64909
-223024,3000,53228.770781
-229968,3000,53270.222164
-214200,3000,53312.724284
-229040,3000,53355.330023
-236904,3000,53399.453444
-238816,3000,53444.520352
-252304,3000,53487.632257
-232440,3000,53531.646329
-228384,3000,53577.142183
-248608,3000,53622.721519
-220256,3000,53662.668657
-218328,3000,53705.35181
-227968,3000,53751.522552
-216744,3000,53795.381516
-228104,3000,53840.339695
-218904,3000,53884.598894
-245848,3000,53924.743781
-230464,3000,53970.288143
-242120,3000,54014.672084
-238280,3000,54057.137985
-216080,3000,54099.579701
-243136,3000,54142.353262
-224608,3000,54182.202118
-226248,3000,54223.922682
-206024,3000,54268.180323
-238656,3000,54314.212116
-214032,3000,54359.976278
-236432,3000,54406.207266
-248952,3000,54450.398274
-193840,3000,54494.378829
-222608,3000,54537.470966
-234320,3000,54584.058668
-218584,3000,54629.780909
-243272,3000,54673.89764
-223800,3000,54716.832584
-231168,3000,54763.353189
-228576,3000,54807.758516
-230880,3000,54850.616787
-215536,3000,54894.137819
-243792,3000,54938.723934
-212672,3000,54981.659616
-226688,3000,55025.299315
-229176,3000,55069.990073
-238480,3000,55112.30491
-233696,3000,55155.232463
-233512,3000,55199.512975
-243016,3000,55244.876912
-189224,3000,55289.785824
-215568,3000,55398.391074
-229048,3000,55444.437463
-220208,3000,55487.087512
-184808,3000,55531.121865
-224296,3000,55575.746178
-226176,3000,55619.447142
-222720,3000,55660.746209
-231640,3000,55705.014567
-214888,3000,55747.864234
-235880,3000,55794.568272
-236312,3000,55839.35879
-217784,3000,55881.517773
-225272,3000,55923.560888
-211784,3000,55965.489176
-216928,3000,56008.750428
-194192,3000,56051.918081
-222608,3000,56096.059433
-211784,3000,56140.501558
-215704,3000,56187.154028
-228392,3000,56232.74199
-212720,3000,56278.888196
-218056,3000,56324.838245
-225144,3000,56370.492055
-205832,3000,56414.222425
-194312,3000,56457.439591
-229008,3000,56503.470913
-205424,3000,56545.794303
-246056,3000,56587.351907
-230904,3000,56630.4219
-193016,3000,56676.019937
-217136,3000,56721.004786
-224840,3000,56764.052924
-240280,3000,56808.260202
-230184,3000,56854.043517
-202200,3000,56900.248855
-216400,3000,56942.187609
-216776,3000,56986.832545
-203768,3000,57030.414696
-203456,3000,57073.687718
-197016,3000,57116.487384
-201944,3000,57162.124955
-223480,3000,57207.100613
-215656,3000,57251.264265
-214304,3000,57295.172567
-214552,3000,57340.258466
-234472,3000,57385.004185
-194152,3000,57427.029941
-211912,3000,57469.948763
-224104,3000,57513.36084
-232496,3000,57559.17264
-199456,3000,57605.370312
-236216,3000,57650.927337
-217240,3000,57693.97636
-213968,3000,57738.833174
-199480,3000,57784.210691
-212168,3000,57829.062912
-190808,3000,57872.264264
-204264,3000,57914.231183
-220152,3000,57958.659096
-195128,3000,58004.25929
-178008,3000,58046.002813
-224472,3000,58089.836969
-217344,3000,58137.29759
-206040,3000,58180.981071
-183856,3000,58226.546253
-191264,3000,58272.291124
-210296,3000,58377.644849
-223024,3000,58420.20189
-189704,3000,58463.106094
-194704,3000,58508.354253
-209352,3000,58553.511835
-230240,3000,58598.406186
-213088,3000,58639.440312
-228072,3000,58684.459825
-222120,3000,58728.877555
-217104,3000,58774.050782
-200192,3000,58819.3241
-209080,3000,58865.107758
-210848,3000,58909.405143
-212384,3000,58953.276305
-197096,3000,58998.230715
-206152,3000,59041.644636
-198032,3000,59086.416795
-221696,3000,59131.463707
-202008,3000,59179.770548
-197520,3000,59222.217241
-204360,3000,59270.297982
-207216,3000,59315.320868
-226224,3000,59357.875962
-189688,3000,59400.10884
-208264,3000,59445.950046
-221448,3000,59487.561802
-212368,3000,59529.755816
-229528,3000,59575.968101
-185184,3000,59622.322628
-232280,3000,59664.260881
-219056,3000,59709.410468
-197928,3000,59752.186459
-217240,3000,59793.51042
-194088,3000,59838.807582
-177008,3000,59880.798682
-239360,3000,59928.01789
-207984,3000,59974.403787
-189440,3000,60017.171205
-217440,3000,60062.982527
-211904,3000,60105.37704
-193488,3000,60154.45197
-199464,3000,60203.249692
-218144,3000,60249.345353
-232232,3000,60290.7193
-199680,3000,60338.991627
-194048,3000,60384.11433
-210840,3000,60428.155256
-174416,3000,60473.666614
-196632,3000,60519.062092
-188368,3000,60562.819597
-215488,3000,60607.918713
-192320,3000,60652.923528
-200384,3000,60699.654323
-178608,3000,60742.712812
-186568,3000,60787.61415
-198128,3000,60835.731333
-180128,3000,60883.846375
-224232,3000,60930.202785
-160848,3000,60975.259671
-207256,3000,61019.156816
-200664,3000,61067.887428
-191152,3000,61112.297604
-221064,3000,61152.996071
-206008,3000,61195.168941
-187344,3000,61238.604507
-189416,3000,61282.652023
-186976,3000,61328.672053
-209656,3000,61437.58349
-188648,3000,61483.132306
-213040,3000,61530.267052
-167664,3000,61574.792929
-197016,3000,61616.969174
-190496,3000,61661.143856
-194384,3000,61704.105956
-221336,3000,61748.285009
-184600,3000,61793.737442
-180080,3000,61837.718074
-176128,3000,61881.180422
-205696,3000,61925.941119
-199152,3000,61970.04785
-183808,3000,62016.95812
-191904,3000,62059.147658
-174504,3000,62104.066251
-186952,3000,62146.525524
-196520,3000,62193.117815
-208736,3000,62239.361215
-179888,3000,62285.206676
-185952,3000,62330.985253
-175224,3000,62380.952447
-192248,3000,62425.464653
-188024,3000,62469.538997
-171080,3000,62513.884797
-190264,3000,62558.223859
-210272,3000,62604.008065
-181128,3000,62650.454913
-204128,3000,62694.624245
-162080,3000,62738.412984
-220008,3000,62782.213105
-181136,3000,62827.200746
-194432,3000,62869.780303
-199448,3000,62916.901314
-200912,3000,62960.122978
-180184,3000,63003.389376
-204632,3000,63044.539634
-200064,3000,63088.099738
-186056,3000,63132.249336
-185440,3000,63177.461264
-212432,3000,63224.022788
-184240,3000,63264.483211
-174032,3000,63310.233301
-173336,3000,63352.817828
-163624,3000,63395.056548
-194152,3000,63438.219463
-172968,3000,63482.31104
-177832,3000,63525.388886
-162592,3000,63571.67481
-182776,3000,63616.384706
-180552,3000,63660.610331
-202440,3000,63703.174142
-166176,3000,63746.375672
-201224,3000,63792.060988
-189392,3000,63835.661908
-198160,3000,63879.22175
-167864,3000,63922.140154
-195104,3000,63964.616404
-180208,3000,64007.559344
-192800,3000,64051.502489
-184224,3000,64097.519542
-178632,3000,64142.538864
-158272,3000,64188.824421
-183824,3000,64237.200286
-155936,3000,64280.070276
-184968,3000,64325.991883
-203056,3000,64368.650467
-187968,3000,64476.648163
-159144,3000,64521.348632
-213152,3000,64566.581527
-182528,3000,64612.897769
-194120,3000,64656.077136
-160248,3000,64701.94499
-162112,3000,64746.751959
-178368,3000,64789.991847
-159456,3000,64834.523433
-188040,3000,64875.611679
-174608,3000,64924.028778
-175064,3000,64968.54705
-191192,3000,65009.814687
-199112,3000,65052.880698
-179184,3000,65099.887607
-158048,3000,65141.404354
-165768,3000,65184.938995
-164120,3000,65229.786687
-162320,3000,65276.237282
-171184,3000,65319.544333
-180376,3000,65361.873469
-196872,3000,65402.744881
-149984,3000,65446.885602
-173952,3000,65492.400115
-171712,3000,65536.719617
-199512,3000,65578.36424
-183544,3000,65623.137693
-159744,3000,65667.510938
-149920,3000,65710.547037
-170248,3000,65752.455101
-170112,3000,65792.97709
-167344,3000,65833.881714
-181024,3000,65879.326417
-175200,3000,65920.778861
-186536,3000,65964.588623
-182544,3000,66008.777555
-160144,3000,66052.338741
-181976,3000,66092.765868
-157904,3000,66134.516115
-181184,3000,66179.515702
-153736,3000,66224.884738
-159768,3000,66267.43252
-188608,3000,66314.6825
-170072,3000,66360.469375
-172064,3000,66405.612317
-178944,3000,66453.341913
-158248,3000,66497.594148
-167744,3000,66543.63519
-185120,3000,66587.255117
-151760,3000,66626.746145
-160712,3000,66669.824059
-157336,3000,66713.030523
-161152,3000,66756.034122
-166952,3000,66797.773582
-174736,3000,66841.331734
-144504,3000,66884.026846
-190200,3000,66926.178189
-161024,3000,66971.055156
-201920,3000,67015.353053
-197680,3000,67056.020708
-184792,3000,67098.626267
-160152,3000,67143.903339
-165056,3000,67187.001354
-183712,3000,67225.929238
-156144,3000,67270.648034
-171336,3000,67315.116045
-166224,3000,67418.716702
-188968,3000,67462.556874
-179600,3000,67506.468737
-142504,3000,67550.711056
-140256,3000,67594.665866
-147872,3000,67638.481565
-165496,3000,67680.943245
-143688,3000,67729.421699
-175464,3000,67769.628362
-146088,3000,67813.456037
-172584,3000,67856.794919
-164008,3000,67902.116605
-176872,3000,67946.094656
-145176,3000,67989.092829
-157904,3000,68031.994521
-141928,3000,68076.94877
-164160,3000,68118.381435
-139912,3000,68160.271197
-153992,3000,68205.533005
-166904,3000,68248.282126
-112488,3000,68291.810734
-162056,3000,68331.636338
-151840,3000,68372.63261
-143816,3000,68413.716217
-163880,3000,68456.910209
-157200,3000,68497.712636
-157976,3000,68542.856318
-177296,3000,68587.224096
-161184,3000,68628.403696
-171072,3000,68670.401798
-182024,3000,68713.2931
-168376,3000,68755.576472
-151912,3000,68802.629512
-169024,3000,68844.917222
-134208,3000,68889.774292
-156592,3000,68932.575709
-159688,3000,68973.196703
-151336,3000,69016.765212
-143528,3000,69059.224732
-164360,3000,69099.219386
-143688,3000,69143.138613
-160992,3000,69185.754243
-144656,3000,69227.341957
-162936,3000,69272.345897
-154560,3000,69313.548635
-164768,3000,69357.249402
-157776,3000,69399.867015
-193624,3000,69445.622934
-159288,3000,69487.678714
-143568,3000,69530.51215
-145584,3000,69575.182481
-167200,3000,69615.980057
-133360,3000,69659.273363
-154000,3000,69702.224867
-151456,3000,69745.702138
-144824,3000,69787.699935
-175280,3000,69828.558125
-145968,3000,69868.83613
-146528,3000,69911.177127
-148624,3000,69952.66521
-128992,3000,69993.202699
-150848,3000,70035.65004
-168808,3000,70075.236958
-157720,3000,70116.989116
-145392,3000,70163.555016
-151000,3000,70205.924218
-153200,3000,70247.328328
-145272,3000,70347.219625
-134856,3000,70388.408752
-141248,3000,70430.164287
-148376,3000,70470.537457
-137376,3000,70510.970298
-176520,3000,70552.098242
-144176,3000,70595.013106
-165080,3000,70635.526865
-165544,3000,70676.065496
-147896,3000,70721.990887
-152752,3000,70764.729873
-153784,3000,70804.530258
-147896,3000,70849.400983
-156544,3000,70888.869646
-140920,3000,70933.968048
-168960,3000,70976.44148
-146616,3000,71018.77071
-146568,3000,71061.321347
-187272,3000,71101.929942
-146152,3000,71144.680967
-155352,3000,71184.592559
-158024,3000,71226.395181
-150272,3000,71271.356353
-146832,3000,71311.813005
-136936,3000,71356.489068
-137680,3000,71398.670994
-145408,3000,71442.036793
-136584,3000,71481.995947
-135176,3000,71524.678021
-145192,3000,71567.265764
-163616,3000,71611.127292
-137568,3000,71653.585157
-152992,3000,71696.570241
-143952,3000,71742.415934
-144736,3000,71783.46582
-127272,3000,71822.951521
-139848,3000,71863.438416
-147488,3000,71901.98485
-143600,3000,71945.957689
-156872,3000,71987.816281
-134000,3000,72026.79513
-169656,3000,72067.992048
-154112,3000,72111.491289
-119800,3000,72151.861303
-152328,3000,72195.488305
-156504,3000,72237.00669
-149672,3000,72278.992952
-131128,3000,72318.522667
-162248,3000,72360.652972
-148000,3000,72403.132103
-146328,3000,72445.369494
-138880,3000,72489.028071
-159232,3000,72530.820252
-137296,3000,72571.190717
-133480,3000,72611.64612
-126032,3000,72651.194859
-134648,3000,72691.924189
-154600,3000,72732.85074
-151928,3000,72771.933204
-149688,3000,72813.100318
-162136,3000,72857.33691
-125128,3000,72904.234575
-145464,3000,72945.205678
-122224,3000,72985.742723
-132872,3000,73032.503767
-134624,3000,73073.811466
-156632,3000,73113.477335
-144512,3000,73214.630456
-144112,3000,73253.632125
-140568,3000,73295.639233
-121624,3000,73336.201484
-127328,3000,73377.872404
-123744,3000,73418.957411
-154688,3000,73460.886291
-137464,3000,73500.686908
-152736,3000,73541.005915
-155432,3000,73581.485718
-141736,3000,73621.664393
-145136,3000,73662.963351
-144832,3000,73702.327714
-125224,3000,73739.04916
-142384,3000,73777.338779
-142240,3000,73816.738866
-129984,3000,73857.840975
-132416,3000,73898.432852
-137440,3000,73939.858027
-127296,3000,73978.93903
-132344,3000,74021.674498
-154960,3000,74064.953661
-141808,3000,74105.688753
-138376,3000,74150.33978
-138512,3000,74191.435381
-147512,3000,74233.302298
-131560,3000,74274.819837
-139344,3000,74314.254438
-135824,3000,74355.77527
-120848,3000,74399.606121
-119448,3000,74439.40202
-120400,3000,74479.516245
-128560,3000,74523.229475
-138640,3000,74565.186623
-118360,3000,74602.649073
-132976,3000,74644.20834
-142304,3000,74687.073357
-120576,3000,74729.283149
-142256,3000,74769.150324
-132408,3000,74807.670256
-114712,3000,74846.087841
-148552,3000,74884.383136
-119272,3000,74923.533352
-127504,3000,74963.859848
-136240,3000,75004.556352
-125528,3000,75043.09537
-122240,3000,75083.161241
-141224,3000,75122.944847
-130528,3000,75163.275701
-141536,3000,75205.203699
-151728,3000,75244.272599
-137200,3000,75283.275502
-139000,3000,75321.048448
-114432,3000,75362.220223
-114592,3000,75406.257122
-112160,3000,75450.340577
-133080,3000,75490.767653
-136304,3000,75530.610645
-159312,3000,75569.678566
-123160,3000,75610.481042
-120440,3000,75651.507491
-144320,3000,75691.462881
-115312,3000,75732.690836
-117872,3000,75770.435249
-127088,3000,75811.758415
-116640,3000,75853.099364
-131976,3000,75949.027799
-107280,3000,75986.106334
-119288,3000,76025.386515
-117584,3000,76063.875004
-125232,3000,76102.600449
-115800,3000,76144.450112
-118160,3000,76182.324857
-131304,3000,76221.501192
-109440,3000,76259.307255
-123336,3000,76301.077708
-130272,3000,76342.865527
-149912,3000,76383.088014
-117888,3000,76421.387563
-108120,3000,76461.401325
-127944,3000,76502.548723
-100904,3000,76540.311138
-129048,3000,76579.466348
-135600,3000,76618.709662
-130320,3000,76658.284012
-129904,3000,76696.899091
-118792,3000,76734.918356
-136448,3000,76775.613375
-133400,3000,76814.750843
-114480,3000,76855.636982
-132144,3000,76892.235596
-109096,3000,76930.984616
-131664,3000,76970.788291
-118808,3000,77008.048318
-115448,3000,77047.308883
-122304,3000,77085.766032
-128408,3000,77123.128317
-99784,3000,77161.935516
-123752,3000,77199.054615
-99744,3000,77237.376101
-109656,3000,77275.664937
-107312,3000,77316.052789
-115096,3000,77355.528522
-136904,3000,77396.002761
-130224,3000,77437.619734
-121776,3000,77478.065059
-124864,3000,77516.084733
-106688,3000,77551.997693
-114024,3000,77591.367326
-123336,3000,77632.414564
-116800,3000,77670.429649
-109264,3000,77712.206496
-122864,3000,77748.321182
-110088,3000,77786.205542
-116472,3000,77821.321242
-118656,3000,77857.627291
-123872,3000,77897.575827
-115936,3000,77937.622052
-117992,3000,77976.878073
-127232,3000,78011.02128
-137048,3000,78049.108001
-125840,3000,78087.939689
-114888,3000,78128.548036
-108488,3000,78165.510729
-112584,3000,78203.826948
-118880,3000,78242.021667
-124800,3000,78280.579592
-131856,3000,78322.029952
-110304,3000,78360.160375
-114144,3000,78397.443386
-128120,3000,78436.838266
-95688,3000,78473.799829
-126160,3000,78509.495434
-117184,3000,78603.726818
-114632,3000,78641.960778
-99208,3000,78680.489747
-125312,3000,78717.738883
-130168,3000,78755.811891
-104104,3000,78794.080086
-110968,3000,78831.314
-105128,3000,78869.563618
-92528,3000,78910.664878
-111368,3000,78951.642323
-115120,3000,78988.759793
-99616,3000,79027.864794
-97736,3000,79064.445494
-103104,3000,79099.18236
-100800,3000,79136.607485
-118960,3000,79174.413643
-126960,3000,79212.733532
-127760,3000,79249.140556
-96768,3000,79287.742776
-124408,3000,79326.356565
-105368,3000,79364.44042
-99408,3000,79402.055185
-102720,3000,79438.508839
-103656,3000,79474.839923
-113312,3000,79515.035045
-122384,3000,79553.402936
-99656,3000,79590.749985
-128184,3000,79629.622661
-109216,3000,79668.349159
-95824,3000,79707.21971
-101992,3000,79742.421513
-105344,3000,79780.834368
-113544,3000,79815.486635
-100720,3000,79851.284784
-106800,3000,79888.357482
-100016,3000,79928.661239
-116544,3000,79967.465705
-87592,3000,80004.398608
-97592,3000,80040.312369
-100688,3000,80077.043017
-100640,3000,80113.907725
-100984,3000,80147.800776
-118024,3000,80185.677613
-137576,3000,80221.507945
-97864,3000,80258.8436
-92800,3000,80292.194502
-113184,3000,80329.477457
-114184,3000,80364.991578
-102632,3000,80398.201296
-89680,3000,80433.709139
-110024,3000,80466.877224
-102704,3000,80500.29746
-117992,3000,80535.391779
-92936,3000,80568.174387
-102648,3000,80605.230809
-76000,3000,80640.317567
-75976,3000,80675.859488
-106936,3000,80711.609946
-82440,3000,80744.801379
-100608,3000,80778.53819
-116904,3000,80812.984095
-119792,3000,80848.753773
-94640,3000,80881.119587
-86048,3000,80913.222196
-95736,3000,80946.907376
-86056,3000,80981.564651
-87632,3000,81017.162676
-90000,3000,81099.331375
-93568,3000,81131.946914
-86328,3000,81166.304237
-103680,3000,81199.68287
-97704,3000,81231.866599
-87056,3000,81266.974582
-91232,3000,81301.408542
-90128,3000,81337.383046
-92768,3000,81370.292964
-99648,3000,81404.996126
-90336,3000,81439.200803
-97016,3000,81470.740803
-95424,3000,81505.865359
-72664,3000,81537.767584
-92448,3000,81572.418115
-95912,3000,81604.981006
-93024,3000,81639.64136
-97888,3000,81672.861799
-95448,3000,81707.945785
-96688,3000,81743.445657
-92864,3000,81779.247778
-80344,3000,81812.262563
-89344,3000,81845.661926
-84152,3000,81879.033721
-85464,3000,81912.475995
-108360,3000,81945.266472
-101424,3000,81980.752127
-84808,3000,82016.029796
-90832,3000,82050.642699
-79120,3000,82085.654638
-88320,3000,82122.092407
-84640,3000,82154.589882
-77496,3000,82188.41376
-89640,3000,82221.040447
-85424,3000,82256.438042
-92712,3000,82291.150691
-103656,3000,82324.597684
-67512,3000,82358.736366
-97664,3000,82392.544611
-80752,3000,82424.328058
-83272,3000,82459.703213
-79264,3000,82491.374911
-93944,3000,82527.838147
-68320,3000,82564.567183
-76960,3000,82596.75751
-87616,3000,82630.112314
-95184,3000,82664.136266
-76776,3000,82696.897115
-77696,3000,82731.722793
-76224,3000,82763.08054
-83248,3000,82795.386769
-84888,3000,82831.416498
-93752,3000,82865.383042
-69528,3000,82899.195849
-74432,3000,82933.904078
-69488,3000,82969.3551
-82456,3000,83003.404382
-67488,3000,83034.301381
-90240,3000,83069.113594
-63024,3000,83100.301316
-72888,3000,83136.111751
-71600,3000,83170.737099
-84928,3000,83204.724052
-86344,3000,83238.035089
-77880,3000,83273.704899
-69176,3000,83307.869909
-63440,3000,83396.130596
-80576,3000,83429.481808
-75648,3000,83464.834145
-83640,3000,83498.662664
-58128,3000,83532.185725
-82480,3000,83565.918106
-77056,3000,83600.071496
-91800,3000,83636.015311
-82336,3000,83668.375191
-75776,3000,83705.583422
-68168,3000,83740.588825
-84384,3000,83773.334321
-53776,3000,83805.543632
-63968,3000,83842.309935
-75592,3000,83875.51202
-54392,3000,83909.316509
-75696,3000,83944.134654
-51008,3000,83976.534568
-65688,3000,84010.640881
-66768,3000,84045.624523
-62864,3000,84080.033969
-63248,3000,84111.908444
-64904,3000,84144.435733
-58488,3000,84179.0072
-59696,3000,84212.543609
-74768,3000,84245.943991
-79968,3000,84280.099218
-74256,3000,84313.891427
-80104,3000,84346.882874
-62560,3000,84380.546285
-57616,3000,84414.144952
-71672,3000,84446.372472
-67520,3000,84480.263226
-62520,3000,84513.448098
-60464,3000,84548.164664
-57264,3000,84582.251885
-46344,3000,84618.408112
-52496,3000,84655.183716
-41184,3000,84689.376856
-59640,3000,84722.054369
-76304,3000,84754.478487
-74896,3000,84786.239866
-74872,3000,84819.649528
-60384,3000,84851.495842
-52320,3000,84882.996197
-44496,3000,84914.727849
-57032,3000,84945.658853
-55136,3000,84978.359667
-56456,3000,85009.796743
-66240,3000,85043.29647
-58200,3000,85076.502628
-53888,3000,85108.39992
-49504,3000,85141.517163
-50152,3000,85174.720354
-45816,3000,85208.26794
-57304,3000,85239.75946
-54944,3000,85272.133244
-50552,3000,85304.804997
-61376,3000,85338.189571
-62024,3000,85371.376358
-47880,3000,85403.984459
-59664,3000,85439.052521
-44448,3000,85472.74825
-54344,3000,85504.783645
-50200,3000,85541.728516
-44896,3000,85574.249038
-37000,3000,85606.168717
-52136,3000,85688.782982
-47248,3000,85721.035282
-47504,3000,85754.012391
-50184,3000,85785.880523
-51088,3000,85817.83423
-53232,3000,85853.397609
-44040,3000,85888.582881
-41832,3000,85922.152776
-49464,3000,85958.26964
-36000,3000,85993.428345
-38624,3000,86027.427062
-47248,3000,86062.079612
-49088,3000,86099.792454
-59200,3000,86147.051247
-61232,3000,86189.358146
-35640,3000,86236.816707
-44992,3000,86284.767148
-42120,3000,86332.513538
-32808,3000,86378.026647
-43160,3000,86425.069686
-42968,3000,86473.230875
-41040,3000,86517.812296
-56144,3000,86565.089523
-44592,3000,86614.863782
-48688,3000,86666.662159
-38896,3000,86713.841706
-46136,3000,86760.734984
-51288,3000,86806.772542
-30896,3000,86855.98266
-38312,3000,86901.399352
-41760,3000,86945.777484
-46240,3000,86991.258461
-43232,3000,87038.603507
-44880,3000,87088.389922
-41312,3000,87137.319172
-38808,3000,87180.266205
-41152,3000,87222.958833
-42504,3000,87273.670075
-45128,3000,87318.118017
-33872,3000,87363.123612
-46032,3000,87404.661458
-43400,3000,87454.328758
-38072,3000,87497.752777
-25904,3000,87542.978169
-44920,3000,87590.542708
-35968,3000,87638.079643
-36904,3000,87684.727509
-37136,3000,87731.654634
-42224,3000,87777.501396
-33920,3000,87826.458435
-33672,3000,87879.114334
-44296,3000,87925.446434
-40968,3000,87969.683364
-40048,3000,88017.687099
-33824,3000,88065.88709
-25944,3000,88113.219485
-24144,3000,88158.636628
-43888,3000,88206.937433
-27456,3000,88254.704868
-26976,3000,88299.930742
-26104,3000,88350.73385
-36936,3000,88396.546201
-38200,3000,88446.508596
-24608,3000,88490.277982
-29264,3000,88535.211594
-34264,3000,88579.561552
-30872,3000,88626.348112
-23256,3000,88748.285911
-16544,3000,88793.268272
-34976,3000,88838.064989
-28312,3000,88884.234403
-24848,3000,88933.094011
-27936,3000,88977.912267
-29072,3000,89022.893
-51440,3000,89070.818452
-27720,3000,89115.561357
-37160,3000,89164.599885
-19720,3000,89209.757006
-28128,3000,89259.412777
-23168,3000,89304.112371
-26840,3000,89349.744331
-29056,3000,89394.216994
-35864,3000,89439.109653
-34280,3000,89485.153781
-24256,3000,89530.442
-34392,3000,89574.376276
-19696,3000,89625.536553
-18640,3000,89670.564768
-26800,3000,89713.370342
-18384,3000,89760.815505
-27112,3000,89806.869348
-36896,3000,89851.532294
-15856,3000,89897.377913
-25432,3000,89942.635869
-31104,3000,89988.260533
-26104,3000,90036.44651
-22480,3000,90079.324104
-26840,3000,90124.924241
-39952,3000,90175.130115
-21792,3000,90223.270081
-35640,3000,90269.242104
-24344,3000,90314.426625
-32712,3000,90362.430616
-30056,3000,90412.395212
-37904,3000,90460.218646
-21280,3000,90503.087742
-36152,3000,90547.52357
-32416,3000,90594.59621
-37992,3000,90636.553931
-26584,3000,90680.539318
-23888,3000,90722.251206
-22072,3000,90770.981076
-32608,3000,90816.441504
-23272,3000,90861.132111
-34880,3000,90907.367331
-33896,3000,90959.290979
-31392,3000,91002.179641
-30928,3000,91052.062186
-23680,3000,91100.887709
-23544,3000,91143.72092
-33080,3000,91187.175356
-22336,3000,91232.956215
-24328,3000,91275.368113
-25608,3000,91319.662793
-39784,3000,91366.215667
-35784,3000,91411.364824
-20704,3000,91453.982454
-25296,3000,91498.639954
-36488,3000,91546.798733
-27096,3000,91592.701163
-41792,3000,91637.657037
-37152,3000,91680.496742
-34144,3000,91726.408615
-29136,3000,91842.348234
-27752,3000,91886.622214
-16560,3000,91931.143765
-33848,3000,91976.285672
-26688,3000,92020.867191
-29384,3000,92063.092475
-35992,3000,92104.820481
-28536,3000,92147.56669
-23200,3000,92190.757351
-26568,3000,92233.950083
-26968,3000,92280.433925
-22856,3000,92328.295349
-38584,3000,92371.783899
-30048,3000,92413.119327
-30416,3000,92454.147775
-40512,3000,92496.404361
-22344,3000,92539.249918
-32360,3000,92585.621732
-43208,3000,92626.829521
-21304,3000,92667.573014
-28912,3000,92707.048847
-30592,3000,92751.287598
-23648,3000,92797.814451
-40400,3000,92842.937842
-30384,3000,92890.432566
-33032,3000,92931.608554
-30696,3000,92971.060223
-30744,3000,93015.650291
-26440,3000,93055.872072
-40128,3000,93102.341557
-38848,3000,93146.574185
-36088,3000,93189.375852
-39544,3000,93235.25928
-28880,3000,93276.841236
-39720,3000,93319.743654
-45280,3000,93359.645854
-27536,3000,93403.675124
-38288,3000,93450.929671
-30648,3000,93494.173873
-21448,3000,93536.304876
-21232,3000,93583.397069
-28496,3000,93624.679724
-31360,3000,93668.199502
-38776,3000,93712.189965
-33456,3000,93754.253062
-47752,3000,93796.107239
-32448,3000,93840.931376
-34256,3000,93887.022471
-33856,3000,93932.009247
-37624,3000,93977.81878
-39440,3000,94023.84001
-40752,3000,94067.559218
-30368,3000,94111.166638
-31616,3000,94154.594066
-43704,3000,94200.375031
-36592,3000,94245.521481
-34016,3000,94292.064683
-22144,3000,94336.592588
-23448,3000,94381.028178
-39800,3000,94426.495048
-24296,3000,94469.088543
-42936,3000,94512.635123
-34752,3000,94561.296369
-32104,3000,94603.482856
-33088,3000,94645.151044
-32568,3000,94687.373302
-32512,3000,94728.130203
-21888,3000,94843.516031
-34216,3000,94885.165061
-28688,3000,94925.533762
-32648,3000,94970.024089
-48632,3000,95015.233937
-27824,3000,95059.349125
-23288,3000,95103.184939
-32688,3000,95147.614491
-33352,3000,95193.246254
-36296,3000,95239.930276
-30544,3000,95285.341079
-32480,3000,95328.908096
-28880,3000,95369.361895
-32976,3000,95417.003339
-32696,3000,95461.593373
-34664,3000,95505.171804
-31400,3000,95546.920971
-27256,3000,95588.886029
-35320,3000,95633.706885
-46504,3000,95675.951014
-45560,3000,95717.400644
-26328,3000,95760.368206
-34448,3000,95804.331832
-28464,3000,95850.338385
-38280,3000,95895.573514
-40464,3000,95939.29861
-38056,3000,95980.887063
-40616,3000,96022.954792
-42296,3000,96066.468054
-43496,3000,96107.548633
-40344,3000,96147.232561
-50128,3000,96187.969764
-38856,3000,96235.229356
-50752,3000,96278.860779
-53656,3000,96323.936452
-39440,3000,96367.022742
-38168,3000,96410.191048
-28808,3000,96451.670532
-28792,3000,96495.678163
-33520,3000,96541.568304
-48336,3000,96581.691714
-40520,3000,96624.744824
-41816,3000,96667.020711
-39232,3000,96709.541998
-29328,3000,96753.437886
-31280,3000,96795.007368
-37264,3000,96838.702166
-31264,3000,96879.852485
-44240,3000,96924.236259
-22384,3000,96971.330835
-42160,3000,97011.890968
-36152,3000,97057.081277
-42240,3000,97102.14232
-46136,3000,97145.694354
-30072,3000,97188.829411
-31440,3000,97230.176727
-11336,3000,97273.565184
-28872,3000,97314.718578
-48192,3000,97355.525095
-44584,3000,97399.295538
-39984,3000,97439.61703
-37608,3000,97482.490703
-35192,3000,97524.358139
-39296,3000,97569.497447
-37216,3000,97613.292637
-35808,3000,97656.648473
-51392,3000,97699.140358
-35208,3000,97812.860739
-73704,3000,97859.270859
-34512,3000,97901.106561
-68672,3000,97942.938959
-52112,3000,97985.349122
-38232,3000,98027.01993
-38872,3000,98072.876605
-66024,3000,98114.022987
-40112,3000,98155.995183
-60264,3000,98198.316775
-47064,3000,98237.548716
-45712,3000,98282.421479
-53952,3000,98323.115464
-45896,3000,98364.705035
-40944,3000,98406.604852
-38416,3000,98447.137277
-39464,3000,98493.648938
-32688,3000,98537.362169
-54584,3000,98580.380949
-49256,3000,98624.999346
-48256,3000,98667.34145
-33952,3000,98711.375961
-35992,3000,98753.828747
-38296,3000,98801.565138
-46400,3000,98844.497562
-53304,3000,98886.548571
-39288,3000,98930.016154
-48216,3000,98973.529253
-32968,3000,99015.717569
-64168,3000,99058.870927
-52128,3000,99101.442366
-36416,3000,99144.684338
-31824,3000,99190.744636
-41160,3000,99235.058565
-66480,3000,99283.132189
-48592,3000,99327.336159
-42304,3000,99368.180109
-54008,3000,99407.007846
-56464,3000,99453.219481
-46168,3000,99498.405333
-35336,3000,99545.404959
-39168,3000,99591.022117
-51416,3000,99636.220887
-55304,3000,99682.765725
-44096,3000,99727.596371
-58928,3000,99772.108421
-59352,3000,99816.038965
-49480,3000,99859.323014
-45104,3000,99906.582212
-67328,3000,99954.549138
-47000,3000,99996.818221
-58648,3000,100040.943163
-43400,3000,100086.594055
-53432,3000,100133.366989
-53216,3000,100177.778089
-41488,3000,100225.187853
-44944,3000,100270.163891
-45392,3000,100316.720986
-59392,3000,100364.056728
-65584,3000,100413.272171
-50472,3000,100463.544463
-51328,3000,100512.378378
-45368,3000,100562.649698
-67152,3000,100611.097494
-47080,3000,100661.260957
-36720,3000,100707.55827
-58632,3000,100830.280201
-41432,3000,100876.438459
-54960,3000,100926.165186
-32544,3000,100975.738811
-37264,3000,101026.804644
-29080,3000,101072.743362
-42424,3000,101119.770935
-38816,3000,101169.026638
-45560,3000,101217.078795
-40584,3000,101263.983296
-46656,3000,101312.39793
-37312,3000,101362.331991
-47888,3000,101411.393314
-58200,3000,101460.735861
-43112,3000,101505.862201
-41344,3000,101556.129362
-56248,3000,101604.717759
-46296,3000,101652.043336
-46752,3000,101699.884188
-40392,3000,101750.422574
-35808,3000,101796.80844
-58032,3000,101846.483557
-44424,3000,101893.098039
-54504,3000,101942.474962
-37160,3000,101992.656645
-42648,3000,102042.161479
-50216,3000,102089.500225
-46904,3000,102135.61743
-44880,3000,102186.989599
-43560,3000,102230.341418
-47728,3000,102281.495931
-28320,3000,102334.072628
-38536,3000,102382.379397
-36848,3000,102431.399404
-43216,3000,102479.4196
-37720,3000,102530.762797
-27600,3000,102580.300233
-34320,3000,102631.388812
-30192,3000,102681.791159
-45584,3000,102732.911295
-76920,3000,102782.849334
-72480,3000,102835.134334
-68448,3000,102885.827045
-45656,3000,102934.279969
-44584,3000,102982.0517
-33544,3000,103033.498255
-62400,3000,103083.924998
-58488,3000,103133.634582
-35616,3000,103180.781704
-47176,3000,103234.384766
-43184,3000,103289.246715
-30536,3000,103340.946609
-37968,3000,103395.184627
-51000,3000,103451.380738
-30632,3000,103502.995959
-38872,3000,103556.863844
-50704,3000,103608.734557
-46544,3000,103660.97847
-42464,3000,103712.945152
-32152,3000,103767.09124
-57744,3000,103815.337258
-48512,3000,103869.134165
-41224,3000,103925.746977
-47608,3000,103980.547454
-43936,3000,104031.759038
-37640,3000,104082.916223
-49864,3000,104132.496885
-44864,3000,104255.96063
-55816,3000,104308.138436
-51448,3000,104361.563792
-49592,3000,104413.451332
-49568,3000,104466.647427
-50320,3000,104517.448622
-42448,3000,104572.481385
-25568,3000,104621.927882
-45880,3000,104674.188714
-37120,3000,104726.526721
-55128,3000,104779.561672
-65536,3000,104830.275607
-46768,3000,104881.37995
-33568,3000,104933.296163
-77016,3000,104986.408375
-34496,3000,105037.952093
-63896,3000,105093.388288
-49784,3000,105146.375992
-37768,3000,105198.772325
-30192,3000,105250.892821
-45992,3000,105300.191557
-43776,3000,105349.695966
-47440,3000,105402.47409
-38480,3000,105460.426642
-44952,3000,105513.544782
-35816,3000,105566.377359
-55616,3000,105618.718752
-59864,3000,105674.093957
-39464,3000,105725.245968
-36480,3000,105776.692352
-36600,3000,105829.255763
-36072,3000,105882.758801
-64480,3000,105937.453472
-47496,3000,105987.327772
-80080,3000,106044.810316
-90760,3000,106104.7292
-87840,3000,106157.66104
-65656,3000,106212.088508
-39704,3000,106260.873007
-85072,3000,106313.824346
-83792,3000,106369.043458
-67520,3000,106426.402783
-45696,3000,106479.903592
-63024,3000,106535.334859
-66216,3000,106586.624445
-53800,3000,106638.985373
-46600,3000,106698.415516
-48456,3000,106755.508422
-53768,3000,106805.99413
-57664,3000,106865.356396
-38312,3000,106920.23269
-31800,3000,106975.091271
-55328,3000,107028.244289
-56704,3000,107084.960092
-64064,3000,107139.616939
-36552,3000,107190.115663
-47704,3000,107244.676729
-57904,3000,107301.39895
-53936,3000,107355.786788
-46680,3000,107410.177564
-43448,3000,107465.508183
-50856,3000,107518.761089
-49832,3000,107574.557329
-47840,3000,107628.215528
-36848,3000,107680.101838
-36232,3000,107733.204455
-41736,3000,107785.586157
-45864,3000,107914.536422
-72096,3000,107973.222008
-47736,3000,108030.879589
-63040,3000,108087.704125
-43488,3000,108140.265461
-57552,3000,108197.361125
-36440,3000,108251.034117
-30816,3000,108304.540329
-41528,3000,108361.251533
-50608,3000,108416.115885
-43608,3000,108470.369326
-47664,3000,108527.118515
-62024,3000,108583.38472
-48624,3000,108645.395497
-48776,3000,108701.229852
-51048,3000,108754.172898
-34728,3000,108808.768511
-34264,3000,108861.492151
-53800,3000,108917.114082
-50408,3000,108968.695219
-43200,3000,109025.289508
-45824,3000,109078.055222
-47568,3000,109135.567198
-48896,3000,109187.718825
-61824,3000,109244.596998
-55744,3000,109298.830361
-41632,3000,109352.990714
-61208,3000,109409.47044
-27280,3000,109463.169559
-54096,3000,109520.782237
-54000,3000,109576.472677
-49784,3000,109633.392053
-55632,3000,109688.565967
-59848,3000,109749.164761
-54032,3000,109801.79622
-58592,3000,109857.761513
-71472,3000,109918.331658
-49704,3000,109970.43835
-72864,3000,110029.834649
-36432,3000,110083.456957
-56728,3000,110142.162071
-50944,3000,110197.756099
-42456,3000,110253.387659
-30736,3000,110306.955961
-43128,3000,110360.197343
-59040,3000,110418.707452
-40808,3000,110471.601747
-49496,3000,110524.773987
-44768,3000,110576.746159
-73608,3000,110634.766786
-34888,3000,110690.851743
-54936,3000,110744.266379
-54160,3000,110801.880222
-67472,3000,110859.779389
-59856,3000,110917.730051
-31896,3000,110973.906397
-48008,3000,111028.412702
-52392,3000,111084.41737
-41216,3000,111142.771937
-33016,3000,111197.392548
-49664,3000,111255.121109
-72048,3000,111309.824637
-44968,3000,111366.669536
-48688,3000,111420.527541
-59008,3000,111478.241758
-45888,3000,111529.655611
-43008,3000,111660.886732
-60864,3000,111715.372229
-44120,3000,111772.863511
-67664,3000,111835.348963
-47256,3000,111893.345551
-82008,3000,111949.235132
-40896,3000,112008.336101
-70728,3000,112065.338981
-60776,3000,112118.417228
-35856,3000,112169.435098
-114144,3000,112226.221089
-44880,3000,112280.248049
-87744,3000,112336.414784
-86696,3000,112396.695748
-73536,3000,112451.620783
-40576,3000,112504.91254
-50832,3000,112560.204841
-49752,3000,112616.487777
-58648,3000,112671.556322
-33744,3000,112729.157701
-61640,3000,112787.199441
-67736,3000,112844.474121
-28888,3000,112900.601445
-37072,3000,112959.59828
-50560,3000,113018.789298
-57352,3000,113077.180917
-54616,3000,113134.467503
-64784,3000,113190.06397
-35280,3000,113247.135798
-54680,3000,113303.336846
-38064,3000,113359.34632
-46240,3000,113412.039582
-35696,3000,113466.723468
-48488,3000,113530.283613
-42080,3000,113585.018859
-63864,3000,113649.359867
-38496,3000,113706.513251
-54704,3000,113755.902473
-54976,3000,113811.098504
-72400,3000,113869.447052
-50896,3000,113927.270937
-51344,3000,113980.546782
-44824,3000,114035.641352
-57656,3000,114092.699303
-71104,3000,114152.187534
-97120,3000,114215.997846
-46944,3000,114274.55946
-71216,3000,114330.418685
-67496,3000,114385.4865
-59848,3000,114445.064541
-89592,3000,114499.173337
-62712,3000,114553.989516
-68184,3000,114614.658815
-40664,3000,114671.578015
-43760,3000,114725.904443
-40392,3000,114779.597808
-43832,3000,114837.932838
-42232,3000,114897.323099
-61528,3000,114952.303608
-69632,3000,115009.426074
-36720,3000,115067.909641
-54280,3000,115124.172321
-54936,3000,115181.708572
-57232,3000,115240.860742
-46872,3000,115303.204259
-57104,3000,115360.832366
-46968,3000,115419.428332
-64160,3000,115556.255839
-65248,3000,115612.220164
-43832,3000,115673.766973
-64040,3000,115730.225374
-65792,3000,115783.323326
-86192,3000,115842.986189
-58040,3000,115903.07329
-46904,3000,115960.427769
-56456,3000,116015.937408
-58000,3000,116069.07066
-70640,3000,116119.866969
-37048,3000,116175.65943
-46928,3000,116233.527276
-67000,3000,116292.504406
-59008,3000,116351.419135
-54608,3000,116410.717481
-48720,3000,116465.822363
-51376,3000,116520.89207
-43040,3000,116577.95906
-47648,3000,116634.853976
-54184,3000,116692.073901
-41192,3000,116745.762582
-61600,3000,116800.059479
-43912,3000,116862.813427
-73792,3000,116919.968122
-61000,3000,116975.82175
-67136,3000,117038.168124
-43720,3000,117096.106082
-40728,3000,117154.440068
-46976,3000,117211.490208
-43264,3000,117272.989553
-69744,3000,117333.183322
-75776,3000,117397.467979
-38296,3000,117455.895448
-65896,3000,117511.784201
-57168,3000,117576.640942
-50896,3000,117635.056896
-48288,3000,117692.802478
-44576,3000,117753.988611
-38272,3000,117815.044469
-47400,3000,117870.935155
-49864,3000,117931.07087
-44904,3000,117987.389054
-45696,3000,118042.02005
-49040,3000,118102.077235
-33816,3000,118160.716619
-59128,3000,118222.225601
-50488,3000,118280.578274
-39656,3000,118334.598042
-49832,3000,118389.967254
-45376,3000,118449.270726
-67352,3000,118511.917671
-34016,3000,118568.96707
-56864,3000,118627.752159
-55392,3000,118687.16583
-44712,3000,118741.00316
-55944,3000,118795.653114
-60736,3000,118860.790359
-53816,3000,118917.651889
-44920,3000,118974.706131
-32024,3000,119031.72766
-70232,3000,119094.489866
-42856,3000,119152.235491
-67144,3000,119214.085212
-35144,3000,119272.125184
-33592,3000,119332.280867
-58856,3000,119391.831773
-67256,3000,119532.340856
-57104,3000,119591.008351
-63152,3000,119653.480815
-47792,3000,119710.889378
-49696,3000,119770.835353
-27792,3000,119832.575984
-42000,3000,119894.56512
-39920,3000,119949.923133
-55248,3000,120010.738615
-44600,3000,120069.959238
-50136,3000,120126.182456
-45712,3000,120182.717987
-30112,3000,120238.914442
-86152,3000,120298.241221
-55952,3000,120361.390767
-35848,3000,120417.936034
-44600,3000,120478.794011
-58680,3000,120536.359662
-48680,3000,120596.137493
-83136,3000,120657.960203
-42600,3000,120709.813032
-76848,3000,120765.255606
-63240,3000,120822.642145
-60368,3000,120882.452501
-46776,3000,120938.667451
-45168,3000,120993.209891
-54704,3000,121051.253291
-53432,3000,121110.529567
-50952,3000,121172.29815
-34176,3000,121227.78291
-56136,3000,121288.502664
-43408,3000,121348.309365
-44552,3000,121405.077931
-57944,3000,121471.63351
-52248,3000,121532.921218
-33256,3000,121591.015039
-55632,3000,121654.766047
-32088,3000,121710.588825
-44864,3000,121765.829901
-62920,3000,121833.525228
-55432,3000,121892.556735
-42752,3000,121947.053078
-81056,3000,122007.963585
-42984,3000,122059.586627
-44872,3000,122116.100807
-43080,3000,122179.585482
-51808,3000,122238.29706
-63752,3000,122295.453625
-57552,3000,122357.682665
-63992,3000,122423.326748
-41504,3000,122477.697261
-48424,3000,122542.128253
-58080,3000,122599.494045
-39720,3000,122656.30968
-49216,3000,122716.257883
-43256,3000,122776.835887
-55136,3000,122835.78171
-35520,3000,122891.284847
-23776,3000,122946.162133
-54256,3000,123005.986841
-50768,3000,123060.680256
-38064,3000,123119.168626
-41544,3000,123174.505514
-64400,3000,123236.889632
-34736,3000,123295.548668
-55080,3000,123350.516788
-48184,3000,123481.842797
-33992,3000,123539.246753
-35040,3000,123595.497853
-49320,3000,123658.275004
-48384,3000,123715.301952
-54768,3000,123770.626648
-43096,3000,123828.317329
-58816,3000,123889.435399
-54256,3000,123944.125291
-32872,3000,124003.255363
-42752,3000,124062.12852
-49144,3000,124123.28903
-45720,3000,124181.728967
-46088,3000,124243.358426
-60976,3000,124301.831546
-48616,3000,124359.565285
-43552,3000,124416.027231
-35016,3000,124470.073233
-48504,3000,124528.192464
-60272,3000,124586.980459
-43088,3000,124643.213431
-39624,3000,124710.293139
-47008,3000,124775.797808
-58848,3000,124842.168184
-80528,3000,124914.434987
-45536,3000,124977.598304
-50184,3000,125044.724504
-52880,3000,125104.842
-55680,3000,125164.924819
-54536,3000,125230.708815
-52648,3000,125296.351818
-56288,3000,125347.499511
-67296,3000,125408.357293
-60696,3000,125469.333741
-58320,3000,125536.743804
-47456,3000,125596.884877
-34960,3000,125656.539232
-50840,3000,125716.527182
-48112,3000,125775.612164
-49032,3000,125834.359574
-55672,3000,125895.281091
-69920,3000,125950.997474
-44656,3000,126015.543235
-42168,3000,126077.359082
-40664,3000,126133.878316
-35376,3000,126195.300745
-55072,3000,126258.625278
-47992,3000,126315.27914
-53096,3000,126367.089559
-54624,3000,126427.153554
-31400,3000,126480.366575
-49456,3000,126545.21098
-26024,3000,126607.871505
-43456,3000,126673.87155
-49864,3000,126732.817875
-81792,3000,126788.914599
-41528,3000,126847.672686
-45144,3000,126907.744195
-53384,3000,126970.088926
-65256,3000,127022.739497
-44104,3000,127083.71004
-46584,3000,127142.424172
-56056,3000,127202.577402
-27968,3000,127260.48072
-35832,3000,127320.226121
-51776,3000,127382.247274
-54912,3000,127443.331805
-55328,3000,127574.949221
-46048,3000,127633.051599
-28888,3000,127687.00942
-44248,3000,127751.247967
-42016,3000,127811.714695
-59056,3000,127871.133062
-42056,3000,127928.36644
-26568,3000,127991.08479
-45792,3000,128050.564825
-51456,3000,128107.350224
-30984,3000,128164.163429
-40016,3000,128222.001489
-47824,3000,128282.921497
-57568,3000,128344.594118
-54760,3000,128401.185245
-59520,3000,128460.571321
-66112,3000,128523.109003
-44008,3000,128582.720977
-43392,3000,128640.52839
-68832,3000,128701.87851
-48888,3000,128759.886947
-44208,3000,128822.522277
-58584,3000,128876.918391
-44032,3000,128937.780369
-45544,3000,129003.273028
-52256,3000,129066.015956
-86608,3000,129128.146217
-54880,3000,129188.519588
-36152,3000,129255.356123
-45320,3000,129319.933337
-43176,3000,129370.703448
-40656,3000,129427.805602
-53760,3000,129490.433294
-61512,3000,129543.438064
-50528,3000,129604.347455
-34640,3000,129657.957904
-44832,3000,129711.82783
-48168,3000,129773.709123
-54904,3000,129832.88782
-58816,3000,129894.14195
-58616,3000,129958.082605
-45912,3000,130019.890815
-44512,3000,130071.201868
-46800,3000,130129.750421
-35696,3000,130178.722619
-23008,3000,130234.133447
-53072,3000,130291.829204
-43536,3000,130341.32142
-40264,3000,130393.411521
-32232,3000,130453.885556
-49000,3000,130506.330077
-32040,3000,130560.976891
-36896,3000,130618.320474
-44000,3000,130669.999121
-55808,3000,130724.717462
-58488,3000,130779.827433
-53368,3000,130833.024796
-42704,3000,130885.350214
-35640,3000,130941.831624
-40808,3000,130997.424469
-50072,3000,131055.341537
-44376,3000,131113.023811
-52808,3000,131166.942219
-63800,3000,131224.689754
-23688,3000,131282.245802
-66936,3000,131346.01701
-57112,3000,131403.842892
-54560,3000,131532.716155
-55760,3000,131588.09065
-71784,3000,131637.532006
-60608,3000,131687.912807
-46472,3000,131738.853715
-67464,3000,131794.132508
-66040,3000,131850.46874
-65384,3000,131906.639469
-72552,3000,131961.624349
-41496,3000,132013.033429
-47832,3000,132066.069333
-47872,3000,132125.851186
-50200,3000,132179.302742
-53344,3000,132228.319655
-53560,3000,132280.975945
-37664,3000,132332.99334
-69656,3000,132384.420683
-65672,3000,132443.848788
-59936,3000,132502.848653
-39968,3000,132558.267356
-58016,3000,132608.866417
-81536,3000,132660.267761
-62592,3000,132716.43646
-54600,3000,132762.077886
-50456,3000,132811.998476
-46440,3000,132863.416463
-72296,3000,132909.834171
-71872,3000,132960.26809
-69416,3000,133006.204604
-52640,3000,133058.370901
-34400,3000,133110.32464
-83656,3000,133159.167355
-58256,3000,133207.422009
-73640,3000,133262.859131
-67792,3000,133321.377289
-62232,3000,133377.243767
-54896,3000,133429.306703
-105736,3000,133474.486807
-63688,3000,133526.141494
-30824,3000,133579.833711
-57328,3000,133632.166114
-55936,3000,133687.79982
-28264,3000,133734.509094
-47688,3000,133788.054899
-80728,3000,133839.812476
-58472,3000,133893.121159
-55552,3000,133944.3295
-57600,3000,133996.368119
-64976,3000,134049.852235
-38560,3000,134098.24654
-55840,3000,134149.231646
-38560,3000,134201.297607
-72600,3000,134249.927675
-74232,3000,134297.419286
-86920,3000,134347.818849
-35664,3000,134397.111916
-39872,3000,134445.261441
-52000,3000,134499.307054
-47656,3000,134545.224929
-65352,3000,134598.754858
-31800,3000,134656.29338
-55656,3000,134701.546571
-34384,3000,134758.044996
-44704,3000,134808.831713
-45072,3000,134855.332539
-59096,3000,134902.753904
-57328,3000,135034.526295
-69800,3000,135081.443468
-61296,3000,135134.370464
-49712,3000,135180.462431
-46744,3000,135232.290811
-69624,3000,135287.083992
-54344,3000,135335.934405
-64448,3000,135390.983364
-79824,3000,135436.525648
-63816,3000,135486.572001
-56720,3000,135533.402619
-56152,3000,135587.580785
-62480,3000,135636.387936
-56728,3000,135684.574546
-42584,3000,135733.439834
-74360,3000,135787.20801
-52560,3000,135835.082304
-95056,3000,135888.692614
-81032,3000,135932.960943
-35728,3000,135977.739283
-69600,3000,136027.293666
-66272,3000,136082.933532
-56080,3000,136135.084232
-76608,3000,136187.925834
-41104,3000,136237.478281
-39376,3000,136284.496546
-49624,3000,136335.897249
-81408,3000,136380.416596
-57744,3000,136428.776641
-32368,3000,136484.532759
-62624,3000,136530.140565
-63904,3000,136576.620017
-62768,3000,136621.026369
-42408,3000,136667.949202
-72520,3000,136721.560859
-34456,3000,136768.43216
-52464,3000,136822.840114
-70632,3000,136868.206753
-44640,3000,136915.466011
-61024,3000,136967.13776
-50712,3000,137020.05521
-64056,3000,137073.598718
-36296,3000,137115.833042
-56640,3000,137166.523704
-43416,3000,137210.916296
-58384,3000,137254.325943
-82456,3000,137304.40221
-53688,3000,137350.670002
-109568,3000,137404.210911
-60144,3000,137452.759621
-49360,3000,137501.901254
-40720,3000,137550.380508
-54280,3000,137600.663561
-57144,3000,137653.234746
-54448,3000,137700.970357
-46544,3000,137749.722722
-45976,3000,137795.664863
-42736,3000,137841.605893
-48784,3000,137896.53018
-51944,3000,137942.466512
-54048,3000,137992.795845
-68496,3000,138039.275215
-39496,3000,138087.776963
-37552,3000,138137.355522
-75472,3000,138184.660624
-81616,3000,138229.554379
-62504,3000,138278.909375
-57200,3000,138405.99642
-52592,3000,138451.914272
-51392,3000,138496.822476
-52768,3000,138544.239882
-74672,3000,138594.568748
-73280,3000,138645.268612
-71752,3000,138699.32441
-43776,3000,138749.223425
-120048,3000,138806.246697
-78824,3000,138857.991901
-42784,3000,138903.814774
-49832,3000,138951.162612
-51320,3000,138999.105124
-59048,3000,139049.761434
-66824,3000,139095.617062
-62736,3000,139148.795766
-41512,3000,139195.925518
-63968,3000,139248.709081
-64568,3000,139298.648909
-47488,3000,139343.667479
-69152,3000,139389.4858
-52368,3000,139438.170397
-52480,3000,139483.734313
-56768,3000,139533.008143
-65560,3000,139585.738951
-40200,3000,139637.631183
-56880,3000,139685.571208
-81712,3000,139732.389729
-54432,3000,139778.003712
-75240,3000,139825.395025
-77432,3000,139875.234059
-73616,3000,139922.670832
-65440,3000,139967.632033
-67288,3000,140016.510022
-44944,3000,140065.015223
-82752,3000,140114.844873
-38984,3000,140160.85638
-56328,3000,140209.261702
-69176,3000,140256.963909
-34232,3000,140300.120166
-79896,3000,140350.932261
-76768,3000,140401.043925
-47512,3000,140448.006486
-50392,3000,140494.41153
-47392,3000,140542.694382
-31936,3000,140588.187556
-63000,3000,140636.82493
-46856,3000,140681.176185
-75080,3000,140731.000107
-44304,3000,140779.469263
-45336,3000,140825.968317
-60424,3000,140875.556859
-56560,3000,140922.391876
-67840,3000,140972.145799
-53240,3000,141016.419421
-61720,3000,141068.084868
-63496,3000,141113.075395
-69440,3000,141158.472074
-92592,3000,141206.988375
-56528,3000,141253.223899
-58816,3000,141300.781538
-64656,3000,141347.601876
-66488,3000,141393.675159
-49568,3000,141438.91945
-73488,3000,141484.756457
-71256,3000,141535.742681
-81376,3000,141585.42255
-43760,3000,141707.17983
-78936,3000,141753.876693
-61288,3000,141800.579863
-74536,3000,141852.65625
-63544,3000,141902.423839
-55496,3000,141947.99622
-81440,3000,141998.383693
-57848,3000,142044.917707
-62208,3000,142093.564168
-47992,3000,142139.19966
-60320,3000,142182.248847
-68528,3000,142230.500325
-56144,3000,142275.932538
-63960,3000,142327.660894
-114632,3000,142374.672282
-73344,3000,142422.76822
-65360,3000,142472.347087
-72600,3000,142519.843301
-67640,3000,142567.315524
-52296,3000,142613.338413
-35384,3000,142657.968654
-75272,3000,142709.995054
-63248,3000,142756.051606
-43424,3000,142802.315166
-75608,3000,142849.184514
-39544,3000,142897.256887
-51960,3000,142948.46083
-62256,3000,142994.145169
-60176,3000,143040.973935
-59536,3000,143086.525232
-44288,3000,143133.803543
-55368,3000,143182.149299
-66312,3000,143230.340486
-78264,3000,143283.443857
-56248,3000,143329.275391
-50704,3000,143373.197176
-83184,3000,143420.924472
-56424,3000,143465.31056
-38616,3000,143509.366429
-67704,3000,143555.637548
-50840,3000,143600.582901
-79344,3000,143647.808191
-75712,3000,143691.813998
-48216,3000,143736.862629
-75200,3000,143789.324887
-58752,3000,143833.495686
-41456,3000,143883.438017
-54112,3000,143931.325874
-43784,3000,143980.200805
-41520,3000,144027.523706
-70936,3000,144071.825948
-72800,3000,144121.219379
-58888,3000,144169.122015
-67032,3000,144220.063167
-72016,3000,144270.64596
-103416,3000,144316.144719
-46960,3000,144366.723261
-69904,3000,144408.80249
-57424,3000,144454.43817
-37720,3000,144500.275348
-49832,3000,144541.981827
-75424,3000,144590.275192
-51032,3000,144634.694859
-61456,3000,144682.309967
-75416,3000,144726.804967
-51808,3000,144778.252841
-47464,3000,144904.131942
-73296,3000,144948.066942
-52272,3000,144993.318588
-67112,3000,145038.182075
-82376,3000,145083.361071
-76584,3000,145128.448557
-51336,3000,145173.938278
-68736,3000,145224.468791
-68328,3000,145273.908742
-91392,3000,145317.326519
-91056,3000,145360.888671
-67368,3000,145407.299658
-83480,3000,145457.385204
-82184,3000,145504.964988
-74432,3000,145549.953645
-74792,3000,145599.216269
-69472,3000,145646.165759
-73968,3000,145692.728844
-69928,3000,145741.266483
-61392,3000,145785.375265
-98304,3000,145833.904684
-74992,3000,145880.373868
-78712,3000,145928.505154
-63152,3000,145975.475854
-94752,3000,146025.035424
-38216,3000,146074.368581
-80952,3000,146115.677617
-80744,3000,146162.221259
-56136,3000,146210.770246
-57856,3000,146261.108136
-81472,3000,146312.655364
-42672,3000,146358.177702
-84520,3000,146407.730262
-69608,3000,146456.587227
-80248,3000,146503.170704
-48576,3000,146550.491281
-65432,3000,146600.722672
-80624,3000,146649.38282
-40696,3000,146696.692726
-70888,3000,146744.558757
-86200,3000,146792.018272
-62656,3000,146837.634798
-59808,3000,146887.151758
-81168,3000,146941.025659
-60152,3000,146991.239483
-57512,3000,147039.157912
-75856,3000,147088.41395
-61264,3000,147136.804743
-52712,3000,147186.671512
-149872,3000,147248.232932
-87208,3000,147299.625969
-75440,3000,147354.526316
-64304,3000,147406.593617
-65944,3000,147452.57969
-74800,3000,147501.256647
-64728,3000,147550.840312
-51976,3000,147600.330359
-71448,3000,147650.632123
-52672,3000,147706.237207
-104008,3000,147762.377131
-57160,3000,147814.596429
-60504,3000,147865.616956
-58728,3000,147919.469688
-82096,3000,147970.80485
-94088,3000,148022.321602
-51480,3000,148073.237272
-97648,3000,148126.493016
-63696,3000,148262.186521
-59632,3000,148317.119359
-50344,3000,148372.123352
-80720,3000,148428.585354
-149768,3000,148493.660734
-67192,3000,148550.012552
-74136,3000,148597.959487
-80696,3000,148651.779416
-88464,3000,148710.098232
-61504,3000,148761.152174
-83944,3000,148811.275948
-60768,3000,148865.126429
-76120,3000,148920.004923
-62952,3000,148969.093416
-61192,3000,149021.92002
-84592,3000,149072.733412
-43768,3000,149124.946579
-61048,3000,149176.672085
-61512,3000,149229.967758
-54600,3000,149288.770034
-62552,3000,149345.105855
-46832,3000,149398.385587
-37680,3000,149453.127646
-79744,3000,149512.675983
-43064,3000,149566.734828
-48800,3000,149622.23562
-65368,3000,149677.997787
-59944,3000,149727.500698
-71632,3000,149780.80907
-71712,3000,149830.370787
-87824,3000,149882.539041
-76584,3000,149935.335238
-95832,3000,149988.796639
-84416,3000,150046.471383
-82560,3000,150098.313675
-68728,3000,150151.778996
-34696,3000,150206.170196
-67048,3000,150259.2932
-71056,3000,150309.35382
-71632,3000,150363.314185
-67200,3000,150420.518548
-81888,3000,150474.956576
-72544,3000,150531.292536
-103112,3000,150585.206335
-90920,3000,150640.610677
-62208,3000,150693.377815
-66984,3000,150755.093546
-44880,3000,150809.241616
-77680,3000,150869.6274
-59536,3000,150930.582919
-93800,3000,150986.387435
-64744,3000,151044.362766
-76040,3000,151100.598326
-89344,3000,151157.545589
-71256,3000,151212.529283
-71776,3000,151267.482385
-44472,3000,151321.553176
-98224,3000,151380.764165
-44864,3000,151439.012569
-86152,3000,151492.502396
-81720,3000,151544.289697
-69456,3000,151603.855418
-58960,3000,151667.387079
-66200,3000,151725.596116
-84312,3000,151779.891681
-81960,3000,151834.803936
-65496,3000,151891.894556
-42688,3000,152038.002949
-71656,3000,152094.180735
-40472,3000,152151.10672
-70344,3000,152204.15506
-57552,3000,152258.288067
-66848,3000,152314.0645
-53696,3000,152366.391293
-74856,3000,152423.087579
-63672,3000,152482.447365
-60064,3000,152539.005245
-72576,3000,152594.353689
-54584,3000,152649.731421
-66360,3000,152705.720188
-67688,3000,152762.679431
-56872,3000,152819.408777
-79936,3000,152878.739916
-78304,3000,152934.576785
-77680,3000,152991.883226
-44488,3000,153047.841692
-66368,3000,153109.931044
-59184,3000,153170.149858
-100400,3000,153233.927034
-65720,3000,153294.906168
-96712,3000,153355.639047
-45328,3000,153414.122574
-78544,3000,153473.289397
-49840,3000,153527.733722
-67928,3000,153587.422149
-84432,3000,153648.553802
-52408,3000,153708.622971
-53816,3000,153769.169986
-66776,3000,153823.784195
-69976,3000,153885.709877
-73432,3000,153943.75044
-56328,3000,154003.591064
-58960,3000,154060.533852
-82760,3000,154116.197387
-52512,3000,154173.805066
-45304,3000,154228.575649
-81576,3000,154283.538098
-47648,3000,154340.980878
-53648,3000,154398.91085
-60120,3000,154455.455193
-45528,3000,154516.325718
-45840,3000,154568.17812
-54280,3000,154627.202786
-64808,3000,154684.797789
-83656,3000,154738.897161
-74512,3000,154795.154558
-56736,3000,154852.467924
-110752,3000,154913.790584
-48864,3000,154970.051831
-67848,3000,155025.335207
-105232,3000,155085.747164
-61856,3000,155146.120585
-84976,3000,155209.892311
-43160,3000,155270.990602
-61480,3000,155330.885209
-67160,3000,155395.401453
-73376,3000,155458.542958
-49592,3000,155517.627587
-81448,3000,155588.151298
-106000,3000,155651.085689
-43520,3000,155707.618258
-54016,3000,155766.162625
-51720,3000,155819.833442
-45032,3000,155974.239239
-86616,3000,156035.458794
-107056,3000,156093.697884
-57272,3000,156154.935044
-53384,3000,156210.440509
-87064,3000,156269.001508
-54192,3000,156326.191507
-71392,3000,156391.505971
-57136,3000,156451.077625
-45576,3000,156504.764679
-58936,3000,156565.298635
-57712,3000,156622.825636
-45064,3000,156682.321944
-64800,3000,156739.591354
-47888,3000,156794.060001
-51120,3000,156848.310354
-52680,3000,156906.716931
-59232,3000,156960.077984
-63064,3000,157021.251091
-65824,3000,157080.286624
-73320,3000,157140.064622
-74816,3000,157200.948323
-79984,3000,157263.308052
-75376,3000,157327.819441
-51192,3000,157385.884398
-64488,3000,157451.764113
-37912,3000,157511.58837
-68232,3000,157572.027744
-62872,3000,157632.541363
-37800,3000,157688.019235
-39440,3000,157749.279923
-52792,3000,157806.068118
-74168,3000,157869.159956
-53680,3000,157931.382678
-71584,3000,157990.143259
-75112,3000,158056.11129
-57544,3000,158119.155487
-47728,3000,158181.350484
-69760,3000,158241.153113
-50496,3000,158297.563505
-83984,3000,158356.63414
-84160,3000,158423.723852
-44768,3000,158484.356479
-76080,3000,158548.248356
-56000,3000,158609.995196
-52920,3000,158670.292265
-55072,3000,158737.715435
-44960,3000,158800.997126
-44648,3000,158860.332878
-44528,3000,158915.989407
-68848,3000,158970.649546
-54456,3000,159026.107674
-76008,3000,159085.303654
-48904,3000,159144.950644
-50744,3000,159207.500207
-69832,3000,159269.845962
-82848,3000,159333.873531
-79072,3000,159401.380858
-44824,3000,159462.113836
-49920,3000,159527.401948
-65848,3000,159591.206993
-62368,3000,159656.479404
-47936,3000,159719.747211
-94872,3000,159785.819752
-66088,3000,159843.685905
-61536,3000,159906.05128
-58920,3000,159969.184034
-78056,3000,160132.791927
-64648,3000,160193.927203
-87224,3000,160255.150995
-42824,3000,160311.715441
-46888,3000,160376.026793
-77104,3000,160443.500123
-64864,3000,160502.493365
-63880,3000,160562.782982
-52464,3000,160622.311482
-65968,3000,160681.817514
-52656,3000,160744.252419
-60032,3000,160804.277372
-51840,3000,160866.03784
-69832,3000,160930.932282
-34952,3000,160991.698911
-60912,3000,161051.281273
-49832,3000,161115.044116
-52840,3000,161174.145075
-35840,3000,161231.293833
-45808,3000,161295.328589
-72872,3000,161358.922081
-75904,3000,161421.036986
-66056,3000,161489.596975
-76296,3000,161560.061037
-65120,3000,161616.617584
-44776,3000,161681.31417
-58976,3000,161738.618364
-74136,3000,161801.122153
-71368,3000,161863.907251
-39784,3000,161929.27176
-48832,3000,161988.370338
-52016,3000,162053.286404
-58848,3000,162113.591218
-73888,3000,162174.788842
-59856,3000,162231.094179
-53824,3000,162295.330675
-75784,3000,162354.473993
-79944,3000,162414.120054
-67792,3000,162477.809608
-63184,3000,162540.29375
-48704,3000,162602.052926
-73848,3000,162663.382987
-33960,3000,162724.41177
-37608,3000,162784.888187
-56040,3000,162845.405264
-49704,3000,162904.017107
-73160,3000,162965.779537
-50720,3000,163027.378449
-69104,3000,163089.386799
-57816,3000,163150.60909
-53576,3000,163213.125087
-56464,3000,163270.21356
-50000,3000,163332.650201
-66680,3000,163395.156335
-44008,3000,163452.236375
-58752,3000,163511.733688
-65472,3000,163572.735074
-72016,3000,163632.591932
-60232,3000,163692.038758
-107176,3000,163751.40047
-69048,3000,163813.139565
-68816,3000,163871.771024
-57784,3000,163932.810577
-45344,3000,163993.187109
-38696,3000,164067.699193
-58288,3000,164129.326367
-44144,3000,164195.598047
-49120,3000,164356.318853
-43896,3000,164417.284719
-59176,3000,164480.703454
-65624,3000,164541.872905
-53128,3000,164604.548485
-56024,3000,164665.277228
-73664,3000,164726.807856
-68064,3000,164791.836157
-47712,3000,164850.747288
-52176,3000,164914.303646
-64648,3000,164977.43112
-61024,3000,165041.600353
-94800,3000,165108.544401
-68184,3000,165168.287654
-64312,3000,165230.07698
-76464,3000,165292.552035
-71376,3000,165353.34758
-57528,3000,165413.684628
-52032,3000,165477.438016
-55576,3000,165541.959316
-42656,3000,165607.863737
-45672,3000,165670.285136
-79648,3000,165737.755601
-58632,3000,165797.161902
-76896,3000,165852.664304
-85984,3000,165915.75666
-47264,3000,165973.782898
-47352,3000,166035.797581
-52200,3000,166093.020871
-39840,3000,166150.126167
-41776,3000,166207.32913
-75856,3000,166269.290775
-38568,3000,166327.926522
-65600,3000,166389.742368
-55704,3000,166444.241563
-52248,3000,166509.581729
-32624,3000,166574.565572
-47112,3000,166638.049148
-41960,3000,166698.353858
-37904,3000,166759.167852
-75776,3000,166827.281803
-50880,3000,166885.148255
-61992,3000,166944.496233
-34944,3000,167007.206945
-57992,3000,167066.135076
-61744,3000,167132.644171
-94920,3000,167194.724545
-75096,3000,167256.076743
-67656,3000,167318.724515
-86616,3000,167377.792738
-58096,3000,167432.044802
-59688,3000,167496.224563
-41912,3000,167560.022506
-59896,3000,167624.966448
-75608,3000,167681.649983
-60568,3000,167736.301832
-64784,3000,167793.51421
-51592,3000,167853.555532
-67608,3000,167914.067697
-50760,3000,167974.337712
-52752,3000,168031.357811
-49640,3000,168092.276782
-51208,3000,168152.142956
-93352,3000,168216.779592
-76712,3000,168275.933424
-63280,3000,168340.915952
-49000,3000,168510.864304
-65576,3000,168574.100081
-77720,3000,168636.066339
-56656,3000,168695.945321
-50976,3000,168760.374589
-53816,3000,168823.922165
-54680,3000,168886.722033
-44280,3000,168946.603165
-79680,3000,169010.796076
-52528,3000,169067.014453
-64712,3000,169119.773199
-67768,3000,169180.99246
-57848,3000,169243.078114
-86472,3000,169299.268409
-67272,3000,169359.13827
-39720,3000,169417.389075
-65360,3000,169475.51254
-65336,3000,169533.745757
-68680,3000,169591.39221
-61184,3000,169646.751819
-48728,3000,169701.038558
-100232,3000,169760.386728
-44544,3000,169815.608168
-91816,3000,169873.866293
-57768,3000,169927.388623
-39504,3000,169988.143026
-38680,3000,170037.717221
-58288,3000,170088.134055
-48584,3000,170140.324615
-63368,3000,170192.833139
-36280,3000,170248.872719
-49032,3000,170298.622989
-56120,3000,170357.550141
-39024,3000,170408.029611
-40296,3000,170461.581208
-62568,3000,170517.968685
-50960,3000,170569.37665
-52136,3000,170618.876946
-46856,3000,170672.185029
-46944,3000,170729.782661
-38520,3000,170784.154752
-43112,3000,170840.196687
-88800,3000,170897.294633
-43272,3000,170945.796542
-51984,3000,170998.586418
-28208,3000,171050.741621
-66328,3000,171108.516239
-27368,3000,171163.389912
-47624,3000,171216.000587
-69336,3000,171273.17611
-53496,3000,171326.187468
-49752,3000,171376.06868
-51680,3000,171423.725242
-67160,3000,171472.843857
-66264,3000,171528.337905
-37832,3000,171580.660492
-79560,3000,171636.832361
-63792,3000,171692.51002
-41688,3000,171746.502534
-60408,3000,171796.468887
-57816,3000,171854.935337
-53696,3000,171908.096703
-75408,3000,171966.690814
-57776,3000,172024.178354
-45528,3000,172080.250067
-49816,3000,172129.957716
-56816,3000,172183.767247
-54616,3000,172336.548988
-52312,3000,172392.782649
-51632,3000,172444.479064
-44312,3000,172497.00012
-54808,3000,172547.341005
-41256,3000,172601.278528
-34736,3000,172651.534486
-74536,3000,172705.46812
-75064,3000,172759.218042
-48312,3000,172812.346374
-67248,3000,172870.81796
-40192,3000,172921.093028
-55192,3000,172976.851404
-56808,3000,173025.903667
-47528,3000,173080.545433
-37568,3000,173132.459375
-40216,3000,173190.398545
-63456,3000,173248.339082
-57576,3000,173309.40561
-56216,3000,173367.626718
-71136,3000,173423.979295
-64896,3000,173477.407239
-44464,3000,173530.315117
-46192,3000,173582.938429
-39176,3000,173633.303118
-89424,3000,173691.059588
-67560,3000,173748.797833
-48976,3000,173805.39611
-67392,3000,173860.850773
-59640,3000,173922.814226
-63344,3000,173983.256887
-50224,3000,174042.025138
-35080,3000,174098.861595
-59224,3000,174156.055496
-39376,3000,174213.567313
-47576,3000,174269.533183
-74680,3000,174328.993379
-49856,3000,174382.827589
-53200,3000,174442.045204
-45664,3000,174499.035957
-49632,3000,174555.252353
-42312,3000,174610.651013
-37320,3000,174669.626783
-38112,3000,174725.131404
-51336,3000,174778.915387
-43592,3000,174837.299371
-78176,3000,174894.096251
-54144,3000,174949.468018
-50456,3000,175007.312561
-49344,3000,175060.876917
-59264,3000,175116.201166
-51568,3000,175174.595959
-44344,3000,175227.429943
-55128,3000,175282.897201
-41696,3000,175339.313553
-41112,3000,175398.451756
-32192,3000,175453.837773
-51776,3000,175507.638413
-30440,3000,175558.32535
-49280,3000,175618.400943
-37984,3000,175673.571182
-57256,3000,175729.216689
-24384,3000,175783.119549
-50304,3000,175836.315913
-46416,3000,175892.808975
-54920,3000,175941.742603
-52192,3000,175994.534104
-39056,3000,176134.363781
-45920,3000,176188.051784
-42576,3000,176241.270686
-45048,3000,176294.407683
-46976,3000,176351.568447
-51696,3000,176409.36728
-48400,3000,176457.687983
-46464,3000,176513.092345
-57432,3000,176569.041086
-63592,3000,176628.725985
-31152,3000,176680.221017
-44032,3000,176733.259635
-49320,3000,176785.733899
-50616,3000,176841.366903
-48232,3000,176897.074521
-34440,3000,176949.114231
-56488,3000,177003.125772
-64376,3000,177053.774507
-54200,3000,177106.916879
-21128,3000,177155.797732
-44112,3000,177202.7032
-43384,3000,177256.201938
-37744,3000,177309.826391
-54520,3000,177360.467595
-66048,3000,177416.987687
-52896,3000,177472.008561
-32760,3000,177521.282294
-45776,3000,177577.290339
-64512,3000,177628.467413
-63504,3000,177686.087735
-64112,3000,177741.020046
-56408,3000,177794.572183
-44792,3000,177842.130983
-32296,3000,177896.683628
-46240,3000,177949.77319
-83880,3000,177999.181187
-44416,3000,178052.596238
-47152,3000,178103.117234
-48504,3000,178154.108572
-57136,3000,178206.792239
-35576,3000,178257.271824
-20368,3000,178313.777301
-40672,3000,178364.407243
-38872,3000,178413.640585
-37080,3000,178468.485422
-54888,3000,178519.367923
-48912,3000,178576.878002
-35896,3000,178627.574927
-55056,3000,178678.449043
-28216,3000,178735.674017
-51104,3000,178787.219661
-50968,3000,178838.446501
-35288,3000,178887.99621
-35104,3000,178937.911817
-48792,3000,178991.272489
-47304,3000,179039.219188
-38432,3000,179090.901652
-34880,3000,179137.921162
-41520,3000,179190.752192
-38336,3000,179248.92661
-42144,3000,179302.614048
-39384,3000,179363.604905
-48048,3000,179415.404116
-40776,3000,179466.547639
-45440,3000,179522.789561
-42152,3000,179572.029313
-51352,3000,179721.421886
-41392,3000,179780.335244
-55056,3000,179834.32619
-47376,3000,179890.835769
-33232,3000,179945.544878
-44384,3000,180003.700968
-38488,3000,180058.087717
-54672,3000,180111.769544
-48528,3000,180166.948644
-39360,3000,180224.267821
-52344,3000,180279.167449
-42248,3000,180330.062102
-38448,3000,180387.102154
-33736,3000,180448.607618
-40296,3000,180506.7424
-41592,3000,180559.631034
-52192,3000,180621.42406
-40392,3000,180675.133641
-43560,3000,180732.532779
-38408,3000,180788.693331
-35816,3000,180843.986209
-31224,3000,180903.057967
-37080,3000,180957.543709
-28352,3000,181009.857651
-42688,3000,181063.769919
-57416,3000,181121.952952
-49432,3000,181176.068287
-58680,3000,181231.232895
-33904,3000,181287.661129
-45384,3000,181348.618627
-50456,3000,181409.286902
-38432,3000,181470.251059
-53648,3000,181529.872028
-36208,3000,181583.384772
-36632,3000,181640.001308
-54000,3000,181694.644511
-65648,3000,181746.093761
-43440,3000,181799.141943
-35832,3000,181851.958665
-67992,3000,181909.428777
-52720,3000,181956.633746
-63440,3000,182010.321464
-38176,3000,182061.157221
-54128,3000,182113.788459
-33312,3000,182167.447184
-36680,3000,182216.664337
-31056,3000,182276.417557
-48168,3000,182335.529298
-22144,3000,182387.547746
-61000,3000,182437.406875
-57184,3000,182494.144837
-39240,3000,182553.797869
-46288,3000,182609.56335
-39504,3000,182667.843385
-47232,3000,182720.043753
-50120,3000,182775.187479
-34072,3000,182829.121594
-48248,3000,182880.557795
-53000,3000,182933.306653
-53904,3000,182992.887815
-48664,3000,183049.417974
-42432,3000,183110.777299
-38776,3000,183163.942867
-66912,3000,183212.065884
-37072,3000,183262.581661
-66264,3000,183314.130207
-57264,3000,183369.338678
-35056,3000,183510.373832
-56984,3000,183564.408488
-46352,3000,183616.419387
-42176,3000,183673.089057
-43552,3000,183730.320864
-69200,3000,183787.37157
-45488,3000,183838.06374
-37112,3000,183894.108172
-44360,3000,183948.13958
-40624,3000,184008.582757
-29120,3000,184062.790597
-42192,3000,184114.583429
-50320,3000,184169.44504
-33280,3000,184226.117707
-40032,3000,184286.961758
-41896,3000,184334.26817
-53072,3000,184392.450167
-47920,3000,184446.159105
-40280,3000,184499.444976
-62952,3000,184555.494199
-52744,3000,184608.289227
-39816,3000,184662.672019
-41584,3000,184715.346647
-38528,3000,184770.991062
-54240,3000,184822.657275
-47320,3000,184869.369483
-62040,3000,184925.004853
-32088,3000,184982.103067
-37184,3000,185037.07156
-30104,3000,185094.117386
-36176,3000,185148.636691
-42712,3000,185207.147137
-38344,3000,185259.529769
-46128,3000,185315.050122
-41952,3000,185368.083464
-46168,3000,185424.494371
-28328,3000,185480.508372
-41680,3000,185538.148985
-42816,3000,185596.921597
-36720,3000,185650.702663
-45408,3000,185700.421719
-29568,3000,185753.081173
-45488,3000,185810.155365
-29320,3000,185866.643579
-22688,3000,185920.130881
-37248,3000,185970.016617
-53448,3000,186023.678305
-43184,3000,186079.750999
-64440,3000,186131.295224
-51176,3000,186183.717073
-54464,3000,186234.526018
-42272,3000,186284.780642
-42040,3000,186335.415318
-61984,3000,186392.842402
-35376,3000,186447.89356
-29192,3000,186499.983743
-62176,3000,186557.911153
-24184,3000,186610.487368
-41464,3000,186663.842069
-35272,3000,186711.654355
-39376,3000,186763.70091
-45600,3000,186817.803717
-53080,3000,186872.209136
-45152,3000,186925.833052
-36480,3000,186981.56385
-38192,3000,187033.608429
-37256,3000,187087.888117
-47080,3000,187230.333544
-41120,3000,187280.018677
-42360,3000,187337.427637
-46376,3000,187395.558968
-40056,3000,187449.588257
-27384,3000,187505.111343
-37032,3000,187556.251373
-26432,3000,187606.806175
-40184,3000,187663.232773
-34168,3000,187715.898853
-46128,3000,187766.723159
-20984,3000,187820.754055
-38432,3000,187872.771237
-45568,3000,187926.380383
-29432,3000,187978.872965
-31096,3000,188032.616055
-34912,3000,188086.825125
-38184,3000,188134.064183
-37456,3000,188184.323523
-36128,3000,188241.270687
-39488,3000,188293.015951
-49240,3000,188348.606545
-40464,3000,188401.203039
-53224,3000,188452.945017
-45192,3000,188512.564281
-40024,3000,188569.994116
-43464,3000,188625.951379
-45096,3000,188678.892137
-37184,3000,188727.462305
-42120,3000,188780.235041
-35064,3000,188836.845263
-47800,3000,188892.369678
-41136,3000,188947.261228
-43072,3000,188999.100372
-49744,3000,189052.396842
-40368,3000,189101.930132
-42320,3000,189158.043069
-50384,3000,189211.007906
-40840,3000,189266.004656
-37016,3000,189322.479325
-37928,3000,189372.314942
-50312,3000,189426.177575
-34344,3000,189480.822367
-44144,3000,189536.279741
-37216,3000,189589.061034
-33056,3000,189639.573844
-41224,3000,189688.128897
-47584,3000,189740.165811
-47296,3000,189795.316524
-44712,3000,189844.092736
-34104,3000,189899.966677
-47720,3000,189951.191023
-38208,3000,190005.785426
-42536,3000,190053.400316
-47368,3000,190106.417169
-37312,3000,190158.280354
-34072,3000,190209.345586
-43912,3000,190254.89627
-33288,3000,190306.354222
-37904,3000,190356.140686
-34736,3000,190405.640341
-45176,3000,190456.134834
-31936,3000,190508.877375
-41952,3000,190556.679312
-37960,3000,190599.846241
-34792,3000,190646.323386
-38200,3000,190778.178832
-30608,3000,190828.338999
-47256,3000,190877.028596
-36360,3000,190921.587363
-35464,3000,190966.903139
-39392,3000,191017.736895
-41912,3000,191063.642491
-36280,3000,191110.338636
-48768,3000,191159.076017
-45688,3000,191207.83533
-41144,3000,191255.99551
-29600,3000,191296.995601
-50448,3000,191346.852489
-30352,3000,191395.138986
-36232,3000,191445.519134
-43944,3000,191496.300958
-34184,3000,191545.167927
-38928,3000,191595.064729
-37216,3000,191645.959283
-35384,3000,191698.047072
-42968,3000,191743.152485
-52008,3000,191793.44313
-28128,3000,191845.938679
-44128,3000,191893.777415
-49336,3000,191941.732002
-45592,3000,191991.925064
-32064,3000,192037.555964
-31504,3000,192081.852056
-46880,3000,192130.779385
-28936,3000,192182.132827
-42440,3000,192228.999559
-39016,3000,192275.512918
-73640,3000,192324.098641
-37344,3000,192370.207488
-34360,3000,192416.565923
-31184,3000,192463.543975
-44104,3000,192509.863218
-35416,3000,192555.485473
-29368,3000,192600.084978
-44208,3000,192651.262595
-39240,3000,192702.101254
-43824,3000,192751.963767
-40840,3000,192800.442176
-36936,3000,192851.660583
-45744,3000,192900.741004
-40352,3000,192949.089411
-56296,3000,193002.187016
-40856,3000,193049.938394
-31072,3000,193101.184137
-29328,3000,193145.796811
-37824,3000,193198.939848
-23384,3000,193246.792015
-34568,3000,193296.202604
-47144,3000,193346.761095
-43472,3000,193393.005053
-34056,3000,193440.79498
-43464,3000,193492.875224
-29776,3000,193545.792363
-33720,3000,193595.830167
-25912,3000,193646.06406
-46928,3000,193698.165024
-39912,3000,193742.715828
-35440,3000,193792.165828
-33184,3000,193839.633655
-32320,3000,193886.245544
-30288,3000,193930.45166
-33856,3000,193981.978385
-28896,3000,194111.806619
-38752,3000,194160.347718
-36816,3000,194211.718755
-29192,3000,194256.347196
-34016,3000,194308.25278
-36160,3000,194360.900103
-35744,3000,194409.699466
-23992,3000,194455.776451
-59096,3000,194503.75265
-31896,3000,194548.435575
-32656,3000,194595.184464
-33936,3000,194644.451488
-31440,3000,194694.356794
-38032,3000,194742.584156
-31200,3000,194790.940549
-44840,3000,194840.852374
-22472,3000,194890.794724
-20208,3000,194936.49196
-24456,3000,194984.819229
-26992,3000,195027.967083
-33480,3000,195076.519074
-37768,3000,195123.884611
-38088,3000,195171.376011
-58472,3000,195221.220289
-31544,3000,195266.734775
-46112,3000,195314.929584
-42568,3000,195362.951813
-26032,3000,195415.940627
-44856,3000,195462.80874
-23320,3000,195511.104403
-44616,3000,195556.923529
-33888,3000,195606.121868
-17576,3000,195651.769207
-29480,3000,195698.553499
-25016,3000,195745.908182
-26640,3000,195790.527419
-28248,3000,195838.354957
-50720,3000,195888.490732
-31720,3000,195936.752336
-33176,3000,195985.92005
-40040,3000,196031.002131
-22048,3000,196074.328811
-47480,3000,196122.60422
-38720,3000,196172.688401
-35776,3000,196220.023269
-40232,3000,196268.635601
-41032,3000,196317.294223
-49232,3000,196361.949355
-30184,3000,196408.675015
-27056,3000,196459.746603
-42528,3000,196506.565448
-50184,3000,196556.761173
-36128,3000,196605.522359
-33648,3000,196654.240757
-29912,3000,196700.582544
-25208,3000,196743.266219
-34184,3000,196788.786529
-37312,3000,196834.897404
-26232,3000,196882.365687
-32616,3000,196930.842575
-44848,3000,196979.57998
-22984,3000,197029.716657
-28064,3000,197085.298144
-31144,3000,197133.605694
-31352,3000,197179.535758
-42928,3000,197226.555476
-30032,3000,197273.696411
-46744,3000,197408.870221
-39072,3000,197453.9757
-38816,3000,197502.208728
-38440,3000,197548.367465
-31776,3000,197594.190524
-30888,3000,197639.688052
-20880,3000,197682.398849
-22552,3000,197731.253308
-30408,3000,197776.82631
-31192,3000,197829.446889
-44144,3000,197884.636288
-61088,3000,197929.307652
-32200,3000,197979.62925
-48160,3000,198025.96176
-30136,3000,198073.632545
-32736,3000,198121.457312
-35536,3000,198170.348788
-36104,3000,198218.803174
-34120,3000,198262.814661
-30904,3000,198311.38867
-64864,3000,198360.110039
-35000,3000,198408.835179
-32696,3000,198458.104104
-33128,3000,198514.952283
-48160,3000,198562.061545
-39672,3000,198611.228495
-23568,3000,198661.629341
-37792,3000,198708.811737
-51456,3000,198756.424159
-35608,3000,198800.548055
-42072,3000,198852.373319
-26864,3000,198899.386749
-33920,3000,198948.519022
-42456,3000,198997.079299
-40464,3000,199044.32786
-27048,3000,199088.921036
-36976,3000,199133.995323
-43760,3000,199179.900793
-27128,3000,199231.146096
-25672,3000,199276.672883
-51224,3000,199324.493625
-40632,3000,199372.628516
-35696,3000,199422.625996
-28104,3000,199468.590848
-33240,3000,199516.050583
-55336,3000,199564.349965
-33336,3000,199617.342559
-39368,3000,199670.569284
-45104,3000,199716.065606
-47416,3000,199757.853379
-25040,3000,199808.259468
-33256,3000,199854.721792
-29024,3000,199902.546728
-43080,3000,199953.105463
-53032,3000,200003.8699
-28864,3000,200050.780595
-44856,3000,200096.622073
-36160,3000,200148.465914
-23288,3000,200199.211212
-32848,3000,200247.124896
-26160,3000,200295.189133
-39264,3000,200341.692323
-24000,3000,200383.996011
-26864,3000,200434.513215
-42848,3000,200482.12032
-19736,3000,200530.683828
-33264,3000,200658.920353
-45744,3000,200708.087471
-34296,3000,200754.83259
-37920,3000,200803.131218
-29160,3000,200849.842925
-18296,3000,200901.61688
-45200,3000,200949.501689
-46712,3000,200998.591781
-30144,3000,201045.115137
-41920,3000,201087.999311
-38144,3000,201135.743184
-40136,3000,201182.234558
-26008,3000,201228.934356
-22528,3000,201277.701028
-36496,3000,201324.715151
-39280,3000,201373.892592
-29088,3000,201424.735701
-36432,3000,201470.322149
-34768,3000,201518.638524
-35000,3000,201569.417239
-30064,3000,201621.57764
-38216,3000,201668.237144
-30920,3000,201710.413481
-26088,3000,201757.168559
-36112,3000,201808.916657
-31784,3000,201855.411802
-33048,3000,201904.339688
-34184,3000,201950.607547
-35600,3000,201997.998061
-30296,3000,202043.197092
-32880,3000,202089.063818
-30376,3000,202138.19637
-32304,3000,202188.215186
-40840,3000,202239.165029
-40432,3000,202290.88341
-23968,3000,202336.953861
-34792,3000,202382.343659
-36968,3000,202429.344362
-41856,3000,202473.926763
-28784,3000,202527.018876
-46008,3000,202579.322297
-20984,3000,202628.394077
-39736,3000,202674.742038
-47288,3000,202722.286309
-31296,3000,202774.005004
-37688,3000,202818.313527
-42384,3000,202867.369454
-47112,3000,202912.116982
-34824,3000,202961.401756
-44432,3000,203007.592868
-35992,3000,203059.1322
-34256,3000,203104.69193
-27856,3000,203153.876695
-14856,3000,203204.123223
-23088,3000,203250.246622
-35512,3000,203302.001966
-36160,3000,203350.077101
-48648,3000,203395.975641
-44336,3000,203443.413547
-25952,3000,203493.466623
-35272,3000,203540.447873
-38504,3000,203589.412818
-35608,3000,203635.794116
-33568,3000,203688.164756
-24096,3000,203740.202617
-34328,3000,203785.944071
-41136,3000,203833.817924
-28312,3000,203957.448842
-27200,3000,204002.421298
-29096,3000,204045.261121
-39856,3000,204091.484066
-29560,3000,204140.409103
-32992,3000,204184.470276
-15368,3000,204236.116714
-54864,3000,204282.234674
-31544,3000,204328.669924
-39712,3000,204378.366762
-34456,3000,204424.788683
-30376,3000,204474.109911
-37520,3000,204522.521888
-39888,3000,204567.923572
-35072,3000,204617.576492
-34760,3000,204663.705377
-39112,3000,204711.589113
-37424,3000,204761.963864
-29128,3000,204809.181769
-35816,3000,204858.83624
-40304,3000,204907.321639
-37912,3000,204954.854994
-41128,3000,205006.423069
-36728,3000,205054.99583
-25184,3000,205107.188407
-48248,3000,205153.644376
-35088,3000,205195.586797
-27952,3000,205247.87542
-43088,3000,205297.849808
-29024,3000,205344.397383
-29016,3000,205395.591723
-42496,3000,205443.685413
-25016,3000,205493.376046
-27992,3000,205545.905168
-24760,3000,205592.300107
-20096,3000,205639.32389
-30184,3000,205685.890016
-33328,3000,205730.886285
-41376,3000,205778.180895
-21968,3000,205824.871827
-37416,3000,205875.432796
-30336,3000,205926.521656
-42304,3000,205976.202562
-31960,3000,206020.948562
-43912,3000,206063.912515
-48752,3000,206110.749935
-32232,3000,206158.857369
-41096,3000,206206.461522
-29072,3000,206255.095042
-32344,3000,206301.303877
-49336,3000,206353.722913
-49144,3000,206400.090286
-37360,3000,206449.468759
-23232,3000,206500.275987
-39392,3000,206549.222229
-18880,3000,206590.781301
-29392,3000,206637.009763
-32384,3000,206686.944275
-26912,3000,206739.266985
-37384,3000,206790.019621
-32512,3000,206836.86718
-30104,3000,206880.718388
-31464,3000,206930.183068
-34272,3000,206974.557136
-31968,3000,207023.129714
-30072,3000,207070.079873
-34936,3000,207116.73437
-26648,3000,207248.714788
-30280,3000,207299.33212
-27600,3000,207348.559151
-31288,3000,207397.271029
-33648,3000,207441.1127
-45760,3000,207488.38906
-29136,3000,207538.942957
-49584,3000,207589.388644
-33736,3000,207633.695053
-55872,3000,207684.141344
-35952,3000,207732.935328
-47088,3000,207781.731405
-28928,3000,207830.81874
-32656,3000,207875.694397
-37312,3000,207926.714651
-45848,3000,207972.250289
-37680,3000,208021.249795
-30184,3000,208072.618825
-33048,3000,208120.696021
-21880,3000,208170.97214
-36896,3000,208219.678797
-52792,3000,208265.788142
-33160,3000,208314.848364
-26576,3000,208366.642893
-36976,3000,208417.398157
-37176,3000,208467.593225
-32984,3000,208512.336029
-35288,3000,208560.133996
-36760,3000,208611.479481
-33720,3000,208661.318879
-24440,3000,208708.017027
-40448,3000,208756.612166
-39440,3000,208802.413852
-32976,3000,208852.630742
-62640,3000,208900.318108
-30280,3000,208948.21163
-30384,3000,208997.469519
-30512,3000,209048.680703
-31992,3000,209092.584595
-31656,3000,209139.724827
-38008,3000,209185.081021
-47064,3000,209233.204643
-41656,3000,209282.683524
-29792,3000,209332.308124
-27176,3000,209381.153716
-47784,3000,209432.529536
-27584,3000,209483.816236
-14032,3000,209534.430784
-31792,3000,209583.510862
-29680,3000,209629.081422
-34208,3000,209676.017986
-37136,3000,209721.285427
-32864,3000,209767.981911
-27304,3000,209817.696361
-23760,3000,209866.829156
-48496,3000,209917.355831
-49872,3000,209960.493591
-32016,3000,210005.883809
-36416,3000,210056.257031
-45928,3000,210105.421576
-46392,3000,210151.277853
-30472,3000,210207.333931
-35088,3000,210255.337523
-40104,3000,210305.964673
-30744,3000,210354.463129
-30272,3000,210402.001487
-28736,3000,210523.759035
-32096,3000,210569.082521
-26824,3000,210617.040791
-24600,3000,210669.439915
-31384,3000,210721.983554
-37016,3000,210768.12364
-38048,3000,210818.805842
-27064,3000,210867.177729
-36184,3000,210916.085463
-21640,3000,210964.094983
-34064,3000,211009.408514
-21608,3000,211057.962642
-30056,3000,211107.181953
-49184,3000,211158.210301
-47256,3000,211211.021991
-37056,3000,211262.147084
-29024,3000,211315.892957
-40512,3000,211359.389897
-47528,3000,211406.539736
-19880,3000,211454.259776
-41544,3000,211503.2044
-42008,3000,211550.594299
-28440,3000,211592.466621
-25408,3000,211640.400053
-37992,3000,211689.886769
-34392,3000,211737.81392
-34408,3000,211785.714789
-31696,3000,211832.425449
-33192,3000,211882.195453
-31080,3000,211929.878164
-39024,3000,211981.108089
-47360,3000,212026.000586
-26576,3000,212071.011214
-20384,3000,212121.110073
-27256,3000,212171.911808
-30760,3000,212219.253114
-39016,3000,212269.639801
-31392,3000,212328.772786
-31488,3000,212374.099356
-31256,3000,212420.521844
-31120,3000,212470.53901
-37320,3000,212517.0059
-38816,3000,212564.858439
-23968,3000,212609.868981
-72984,3000,212657.222457
-32392,3000,212707.497955
-39920,3000,212757.883629
-42792,3000,212807.488472
-29008,3000,212851.786654
-34952,3000,212901.741095
-36312,3000,212948.538972
-33208,3000,213000.182441
-44544,3000,213049.653735
-31648,3000,213099.356989
-49288,3000,213144.652119
-26656,3000,213191.662095
-29832,3000,213241.481356
-33080,3000,213285.345496
-41024,3000,213330.652206
-34592,3000,213382.715955
-31272,3000,213433.975101
-22160,3000,213485.838303
-26824,3000,213537.964882
-31920,3000,213591.049433
-20808,3000,213642.655974
-26488,3000,213693.627322
-45064,3000,213744.625325
-24664,3000,213877.686324
-36792,3000,213928.088889
-34744,3000,213982.240147
-45896,3000,214033.032292
-32640,3000,214085.228856
-54096,3000,214132.022924
-41336,3000,214178.929826
-27560,3000,214222.370304
-25656,3000,214270.055645
-27864,3000,214317.420748
-41792,3000,214367.065858
-24328,3000,214415.214289
-42840,3000,214463.913582
-30768,3000,214513.795509
-45304,3000,214567.487585
-36880,3000,214615.325941
-28256,3000,214665.67693
-17288,3000,214712.088724
-25688,3000,214758.397352
-32280,3000,214810.96364
-25672,3000,214861.155677
-37936,3000,214907.992447
-47216,3000,214958.181489
-17872,3000,215008.468653
-32408,3000,215061.043315
-35968,3000,215107.000584
-43096,3000,215156.614115
-41848,3000,215200.184477
-45368,3000,215246.386895
-36704,3000,215291.423807
-36072,3000,215339.365802
-24568,3000,215391.400169
-29104,3000,215440.231742
-28680,3000,215491.882627
-29048,3000,215538.960731
-24536,3000,215590.832559
-33112,3000,215635.367099
-41736,3000,215682.078799
-37848,3000,215728.088154
-38344,3000,215777.063553
-30848,3000,215822.010694
-33256,3000,215871.012167
-20936,3000,215919.770731
-29808,3000,215965.292523
-33296,3000,216020.082208
-25336,3000,216068.858405
-43496,3000,216119.152705
-39960,3000,216166.036044
-33104,3000,216210.401492
-30280,3000,216259.230724
-27928,3000,216306.095854
-24720,3000,216356.421228
-45824,3000,216403.861969
-32128,3000,216451.243645
-29424,3000,216497.965034
-36072,3000,216547.474562
-46032,3000,216591.731908
-46424,3000,216638.167217
-31792,3000,216686.900422
-34248,3000,216740.42663
-23288,3000,216790.153256
-37904,3000,216842.20855
-33952,3000,216892.728377
-19320,3000,216939.527544
-29688,3000,216989.049291
-42040,3000,217038.760015
-36632,3000,217090.367579
-40808,3000,217215.556577
-30744,3000,217264.586303
-53848,3000,217314.634591
-39688,3000,217365.037738
-39312,3000,217413.395549
-32328,3000,217464.903717
-32048,3000,217515.071324
-24736,3000,217561.96059
-33840,3000,217611.854816
-34168,3000,217664.865222
-36512,3000,217713.892889
-23832,3000,217765.732598
-22232,3000,217814.251066
-42712,3000,217865.43615
-28776,3000,217914.150629
-26536,3000,217961.806684
-44120,3000,218013.711001
-43720,3000,218066.72239
-34008,3000,218115.859906
-25544,3000,218167.394542
-43128,3000,218217.972971
-18744,3000,218268.182911
-41480,3000,218314.537544
-36504,3000,218363.017951
-24512,3000,218410.008005
-30120,3000,218458.631076
-24200,3000,218508.519347
-38216,3000,218550.40318
-30520,3000,218595.778068
-29776,3000,218647.150078
-30744,3000,218695.148794
-45152,3000,218742.15018
-31920,3000,218792.379598
-25776,3000,218839.085638
-44568,3000,218892.207281
-28624,3000,218945.460856
-38192,3000,218994.141412
-25784,3000,219044.077264
-25632,3000,219091.91553
-35288,3000,219140.997174
-31304,3000,219191.622314
-24088,3000,219241.32854
-38984,3000,219296.820812
-35896,3000,219343.625971
-43184,3000,219395.527097
-29856,3000,219447.698525
-35040,3000,219491.39599
-46352,3000,219537.317339
-49488,3000,219589.341812
-36488,3000,219638.663298
-46968,3000,219688.383739
-38472,3000,219740.932758
-37928,3000,219789.406011
-37104,3000,219838.032406
-36088,3000,219886.54092
-26456,3000,219936.069992
-29112,3000,219983.459793
-35608,3000,220035.069281
-26864,3000,220082.824386
-55048,3000,220132.490287
-34920,3000,220184.160877
-37344,3000,220229.209975
-42144,3000,220279.047756
-25040,3000,220332.126493
-39824,3000,220382.600529
-28832,3000,220436.278496
-38776,3000,220570.936663
-28960,3000,220621.18819
-27016,3000,220673.104466
-26816,3000,220724.111536
-30016,3000,220773.863565
-42680,3000,220823.499458
-35944,3000,220871.065737
-47264,3000,220921.128829
-42144,3000,220967.82072
-46328,3000,221015.634077
-39096,3000,221066.799203
-32728,3000,221113.344996
-47168,3000,221162.108737
-40584,3000,221211.692665
-38160,3000,221263.11825
-41760,3000,221310.517447
-25376,3000,221361.365896
-33344,3000,221413.28885
-30880,3000,221462.981709
-37080,3000,221514.230619
-35248,3000,221564.939815
-23800,3000,221611.326168
-25912,3000,221658.921595
-49040,3000,221709.905119
-25704,3000,221755.146076
-36496,3000,221804.872747
-32216,3000,221854.474438
-51456,3000,221907.393084
-42432,3000,221953.610134
-42120,3000,222001.961659
-34056,3000,222049.35319
-34624,3000,222097.252892
-37712,3000,222144.888393
-49568,3000,222196.105623
-32336,3000,222247.210127
-34184,3000,222301.093344
-31600,3000,222348.862664
-41888,3000,222393.773787
-48560,3000,222438.869296
-34736,3000,222489.389987
-22240,3000,222535.387791
-46048,3000,222580.727221
-36504,3000,222628.979251
-32760,3000,222678.36616
-26488,3000,222727.292019
-29232,3000,222778.493625
-37016,3000,222821.034031
-36864,3000,222867.646893
-33944,3000,222918.648318
-31064,3000,222965.918754
-30024,3000,223012.640863
-30560,3000,223062.626662
-37072,3000,223109.070903
-41408,3000,223159.195615
-42616,3000,223214.949785
-41208,3000,223266.475369
-30056,3000,223314.50415
-19696,3000,223362.19476
-24328,3000,223411.93819
-31936,3000,223460.576151
-51328,3000,223511.776397
-34888,3000,223560.699761
-27944,3000,223614.444314
-41800,3000,223664.875627
-36848,3000,223712.862178
-40136,3000,223763.922518
-40104,3000,223814.045722
-22856,3000,223941.558206
-54248,3000,223989.272007
-25464,3000,224037.532151
-35496,3000,224088.368123
-27056,3000,224137.015767
-24824,3000,224189.477126
-30944,3000,224241.191282
-29472,3000,224291.49191
-18512,3000,224343.334249
-55080,3000,224394.470187
-33600,3000,224441.908356
-27712,3000,224495.023246
-27984,3000,224539.535583
-24368,3000,224588.474064
-27272,3000,224637.634552
-49320,3000,224686.47657
-36632,3000,224737.25841
-41864,3000,224787.996989
-36656,3000,224836.152735
-30032,3000,224882.500764
-23000,3000,224934.230463
-34200,3000,224988.108421
-29072,3000,225040.098858
-41288,3000,225088.261338
-19304,3000,225135.945008
-35152,3000,225185.690613
-45344,3000,225234.509255
-24048,3000,225279.884711
-33184,3000,225328.660985
-19072,3000,225378.535386
-32304,3000,225427.795054
-29216,3000,225479.906459
-35320,3000,225530.703568
-29752,3000,225581.317212
-33496,3000,225632.988241
-38840,3000,225683.816868
-25536,3000,225731.818957
-22176,3000,225783.056451
-43240,3000,225833.466376
-44856,3000,225884.617542
-30256,3000,225937.299518
-20856,3000,225987.443918
-41296,3000,226032.899323
-31776,3000,226083.963105
-32392,3000,226134.135781
-37440,3000,226187.795405
-37760,3000,226236.634048
-31296,3000,226286.749109
-52200,3000,226336.859125
-31192,3000,226384.034195
-51848,3000,226431.719195
-21944,3000,226486.05423
-37440,3000,226537.488466
-43256,3000,226585.222616
-28080,3000,226632.200409
-53232,3000,226681.068913
-27112,3000,226734.697134
-37296,3000,226786.259052
-41472,3000,226834.70073
-25728,3000,226886.844263
-28568,3000,226935.253554
-33320,3000,226984.148177
-21704,3000,227028.972394
-48264,3000,227081.288875
-41144,3000,227131.106602
-42440,3000,227183.65065
-42424,3000,227234.656156
-32192,3000,227359.757027
-53872,3000,227411.508306
-19088,3000,227457.066789
-32224,3000,227505.953245
-40088,3000,227555.049197
-46616,3000,227603.1234
-49072,3000,227656.107578
-19576,3000,227701.746564
-36768,3000,227749.713779
-38128,3000,227798.095334
-32984,3000,227849.718658
-23072,3000,227898.178696
-24464,3000,227947.359945
-39712,3000,227995.195369
-48544,3000,228041.414679
-37488,3000,228088.663322
-14096,3000,228133.122135
-28856,3000,228187.779901
-27304,3000,228239.293388
-19416,3000,228287.97633
-31560,3000,228334.758592
-41504,3000,228387.096052
-36360,3000,228437.038024
-30976,3000,228487.899684
-37736,3000,228532.450498
-22432,3000,228579.727151
-23056,3000,228631.097347
-57016,3000,228679.848509
-30232,3000,228733.719372
-33616,3000,228782.063324
-42760,3000,228834.055421
-31520,3000,228887.55124
-49608,3000,228933.452536
-31280,3000,228983.713392
-39544,3000,229032.146051
-26088,3000,229086.539514
-25776,3000,229134.368647
-27816,3000,229184.398614
-25312,3000,229235.645052
-31960,3000,229280.732866
-34080,3000,229330.142906
-41000,3000,229376.011582
-20120,3000,229426.778175
-45432,3000,229471.452807
-47328,3000,229517.355261
-51552,3000,229568.784854
-36784,3000,229621.332648
-41184,3000,229667.544309
-35736,3000,229717.794202
-34656,3000,229768.53061
-34376,3000,229816.450159
-24144,3000,229862.353025
-53912,3000,229915.909068
-53480,3000,229965.676252
-40096,3000,230016.084065
-28256,3000,230063.382267
-31888,3000,230117.364282
-47856,3000,230170.706198
-39616,3000,230221.317483
-20736,3000,230270.30173
-33992,3000,230322.080614
-43264,3000,230371.849411
-29344,3000,230423.932082
-23784,3000,230469.292092
-58256,3000,230518.678819
-22032,3000,230573.625827
-36800,3000,230714.829828
-36928,3000,230767.21459
-31200,3000,230815.324162
-40800,3000,230864.93716
-29064,3000,230910.212342
-30088,3000,230959.422687
-41000,3000,231013.505475
-31192,3000,231064.951991
-27768,3000,231119.087159
-38080,3000,231166.810572
-30872,3000,231213.380821
-43968,3000,231266.640779
-33560,3000,231314.62459
-28496,3000,231366.023622
-48064,3000,231416.737418
-34224,3000,231466.903539
-42080,3000,231512.798536
-47552,3000,231561.924591
-41448,3000,231612.897506
-29840,3000,231660.767212
-43160,3000,231710.345546
-33056,3000,231758.986278
-44408,3000,231808.978161
-46328,3000,231858.838887
-28824,3000,231910.904751
-50032,3000,231964.973024
-49328,3000,232013.114494
-44312,3000,232062.852504
-42240,3000,232109.369528
-33280,3000,232162.32073
-37208,3000,232210.89685
-47000,3000,232263.31049
-29960,3000,232313.4414
-35416,3000,232365.342158
-57008,3000,232410.30771
-44664,3000,232460.554157
-53216,3000,232510.607106
-30344,3000,232558.940904
-58368,3000,232610.773119
-28672,3000,232659.752476
-40416,3000,232712.61845
-22216,3000,232763.549503
-18944,3000,232817.904914
-20296,3000,232868.695893
-39408,3000,232920.643104
-31912,3000,232971.126653
-29592,3000,233022.946599
-43000,3000,233075.224117
-39760,3000,233123.898031
-39544,3000,233176.54342
-41192,3000,233223.336798
-41336,3000,233270.334696
-35280,3000,233324.216106
-31928,3000,233375.118444
-28368,3000,233423.781308
-21248,3000,233477.959238
-44448,3000,233531.0337
-34728,3000,233581.658301
-29488,3000,233625.991588
-40384,3000,233675.276786
-32496,3000,233721.116805
-35184,3000,233775.225863
-34680,3000,233824.678074
-30544,3000,233871.257088
-35648,3000,233921.633406
-27104,3000,233968.952593
-35288,3000,234020.380576
-45016,3000,234156.486006
-43344,3000,234214.342104
-26048,3000,234263.338295
-26024,3000,234313.59643
-43904,3000,234360.389171
-41944,3000,234412.538495
-38552,3000,234458.359888
-40208,3000,234505.194018
-29096,3000,234555.628295
-41536,3000,234599.441203
-39328,3000,234653.321639
-39504,3000,234704.772212
-30752,3000,234754.245433
-27656,3000,234806.734791
-45664,3000,234856.396458
-43008,3000,234903.918762
-37896,3000,234955.681533
-46392,3000,235007.727196
-36056,3000,235061.124866
-20112,3000,235112.615436
-36768,3000,235163.33238
-36432,3000,235215.837017
-37336,3000,235265.601468
-42464,3000,235313.825714
-50008,3000,235363.557954
-41896,3000,235412.134753
-29800,3000,235462.274519
-38064,3000,235512.214245
-39208,3000,235560.950878
-35880,3000,235612.234654
-43520,3000,235664.454348
-40712,3000,235713.175438
-22720,3000,235761.669256
-68632,3000,235813.930149
-28016,3000,235863.299711
-32040,3000,235913.880059
-26120,3000,235964.448497
-25688,3000,236019.00688
-36800,3000,236069.440504
-30336,3000,236121.141201
-34632,3000,236168.647836
