#{"t_start": 1676137630.15092, "env_id": null}
r,l,t
3204,3000,16.530476
3344,3000,34.074606
3290,3000,52.512408
3886,3000,69.801952
3332,3000,87.345249
2982,3000,105.043411
3278,3000,122.927843
4104,3000,140.476381
3414,3000,157.895355
3176,3000,174.766105
3454,3000,192.653148
3836,3000,210.692237
3266,3000,228.287998
3430,3000,245.877602
4014,3000,263.599843
3826,3000,281.454417
3172,3000,298.992661
3746,3000,317.70487
3970,3000,335.250207
3984,3000,352.481808
3570,3000,369.414489
4322,3000,386.859974
3508,3000,404.784517
3910,3000,422.438157
4036,3000,440.599916
3496,3000,458.397925
3520,3000,476.414225
3592,3000,494.144146
3416,3000,511.110685
3824,3000,528.524876
3492,3000,545.840778
3912,3000,562.888144
3324,3000,581.26029
4014,3000,599.559515
3988,3000,616.846039
3826,3000,634.377547
3740,3000,651.547175
3852,3000,669.434385
3782,3000,687.303887
3488,3000,704.612978
3284,3000,723.027235
4382,3000,740.464935
3820,3000,758.542157
3076,3000,776.854165
3470,3000,793.687382
4058,3000,812.106605
3776,3000,830.537534
3606,3000,849.719916
3586,3000,869.126389
3746,3000,887.975818
4112,3000,908.459457
3658,3000,929.116483
3690,3000,950.962155
3826,3000,971.359075
3460,3000,993.082084
3712,3000,1013.678307
4072,3000,1034.163392
4842,3000,1054.541326
4074,3000,1075.163367
4348,3000,1095.73106
3694,3000,1117.304375
3514,3000,1138.042851
3586,3000,1158.851605
4024,3000,1178.977095
4270,3000,1201.322863
3702,3000,1222.549489
3652,3000,1257.046165
3576,3000,1277.107411
3906,3000,1296.892886
4178,3000,1317.774643
4426,3000,1337.78807
3760,3000,1357.506538
4034,3000,1378.485553
3992,3000,1398.895044
3942,3000,1418.618441
4098,3000,1438.880431
3972,3000,1459.424953
3642,3000,1480.750675
4248,3000,1500.758662
3948,3000,1521.637617
3986,3000,1542.005432
3854,3000,1562.900642
4126,3000,1582.91141
4256,3000,1603.231897
4446,3000,1623.617062
4358,3000,1644.608073
3944,3000,1664.683989
3656,3000,1685.247225
4138,3000,1705.162798
3648,3000,1725.3118
3874,3000,1746.455515
3804,3000,1766.688772
4388,3000,1788.272692
4200,3000,1808.449389
3882,3000,1828.643665
4234,3000,1848.762501
3342,3000,1869.253466
3854,3000,1889.33721
4306,3000,1908.984384
4518,3000,1928.676773
3684,3000,1948.659535
4102,3000,1968.889213
4156,3000,1988.864503
4140,3000,2008.802586
3546,3000,2029.683944
3974,3000,2049.43891
4158,3000,2069.443841
3974,3000,2089.208768
4744,3000,2109.855106
4738,3000,2130.213509
3862,3000,2150.263018
4476,3000,2170.965454
4406,3000,2190.882359
4172,3000,2210.934935
4588,3000,2231.512984
4144,3000,2251.519733
4064,3000,2270.934655
4242,3000,2291.23481
4310,3000,2311.179472
4468,3000,2331.427165
3984,3000,2351.301512
3846,3000,2371.45325
3468,3000,2391.541649
4762,3000,2411.799506
3832,3000,2431.748623
4564,3000,2451.442172
4258,3000,2471.189943
4504,3000,2490.404729
5168,3000,2510.041648
4380,3000,2530.064328
4612,3000,2550.454657
4040,3000,2571.809055
3984,3000,2592.853124
4356,3000,2625.745279
4106,3000,2646.086151
4258,3000,2665.647397
4594,3000,2685.272397
4238,3000,2705.645308
3748,3000,2727.023167
4430,3000,2747.763947
4122,3000,2768.356143
3992,3000,2788.84346
4250,3000,2809.1691
4484,3000,2829.121735
4376,3000,2850.117303
4194,3000,2869.98725
4284,3000,2890.073965
4656,3000,2910.782986
4750,3000,2931.56151
4448,3000,2951.226447
4014,3000,2971.461404
3994,3000,2991.664953
4248,3000,3011.538827
4292,3000,3032.024665
4086,3000,3051.331336
4676,3000,3070.979099
4896,3000,3091.31951
4590,3000,3112.35043
4194,3000,3131.673499
4438,3000,3151.924031
4198,3000,3173.114436
4494,3000,3193.620507
4364,3000,3215.504288
4646,3000,3236.14931
4162,3000,3257.576666
4564,3000,3277.774606
4090,3000,3298.838019
4632,3000,3319.419814
4422,3000,3339.953186
4468,3000,3360.712643
4596,3000,3381.050025
4080,3000,3401.300325
4146,3000,3421.757635
4096,3000,3441.187349
4276,3000,3460.545581
4250,3000,3481.029274
4996,3000,3501.23163
4502,3000,3522.085262
4704,3000,3542.209109
4206,3000,3562.180368
4220,3000,3582.849949
4170,3000,3602.401793
4644,3000,3622.031173
4378,3000,3642.3886
4452,3000,3662.898931
3928,3000,3683.072672
4394,3000,3702.88953
4692,3000,3723.515461
4424,3000,3744.115432
4858,3000,3764.383876
4070,3000,3784.058948
4498,3000,3804.933842
4572,3000,3825.232024
4406,3000,3844.540052
4368,3000,3865.436907
4276,3000,3885.426441
4380,3000,3905.308736
4682,3000,3925.830787
5002,3000,3946.075577
5066,3000,3965.896213
4532,3000,4000.738895
4638,3000,4020.943937
4032,3000,4041.540329
4658,3000,4062.158744
4736,3000,4081.180508
4810,3000,4101.671929
4926,3000,4121.157244
5150,3000,4140.311826
4790,3000,4160.415622
4366,3000,4179.87207
4918,3000,4200.05748
4720,3000,4220.425621
5078,3000,4240.048535
5030,3000,4259.494052
5490,3000,4278.847403
4514,3000,4298.496143
5052,3000,4318.405938
5098,3000,4337.859168
4846,3000,4356.975734
4678,3000,4377.00555
4808,3000,4396.104601
4910,3000,4415.024495
5002,3000,4434.177677
5590,3000,4453.817532
4866,3000,4473.862783
4804,3000,4492.726947
5154,3000,4511.817679
5014,3000,4530.821709
5340,3000,4549.592118
5450,3000,4570.029754
5196,3000,4589.598786
5248,3000,4609.189218
5438,3000,4628.564852
5180,3000,4648.518627
5526,3000,4667.684783
4746,3000,4687.543187
5322,3000,4706.349978
5448,3000,4724.676015
5636,3000,4744.590116
5508,3000,4764.355962
5190,3000,4784.293595
4890,3000,4803.333899
5240,3000,4822.779844
4560,3000,4842.445079
5796,3000,4861.450308
5440,3000,4880.840625
5344,3000,4900.011439
5138,3000,4919.357628
4942,3000,4939.196405
5478,3000,4959.046913
5156,3000,4978.117922
5078,3000,4997.374989
5224,3000,5017.007278
4808,3000,5035.491243
5260,3000,5053.59414
5292,3000,5072.895773
5082,3000,5092.215824
5342,3000,5111.228034
5430,3000,5130.172833
5814,3000,5148.83729
5610,3000,5167.828815
5626,3000,5186.511909
5332,3000,5205.905887
5090,3000,5225.139071
5098,3000,5245.11972
5650,3000,5263.989559
5958,3000,5295.302329
4770,3000,5314.8281
5074,3000,5334.273944
5704,3000,5353.405077
5098,3000,5372.771628
5496,3000,5391.95033
5074,3000,5411.234767
5044,3000,5430.193415
5606,3000,5450.2888
5394,3000,5468.881738
4650,3000,5488.27994
4978,3000,5506.918944
5458,3000,5525.787184
4902,3000,5544.517903
5634,3000,5563.718572
5370,3000,5582.388537
5820,3000,5601.820394
5344,3000,5621.222954
5992,3000,5640.628405
5464,3000,5659.087688
5844,3000,5677.838616
5634,3000,5696.700709
5564,3000,5715.696188
5646,3000,5734.195845
5266,3000,5752.530722
5686,3000,5771.027218
5392,3000,5790.497438
6350,3000,5809.199269
6222,3000,5828.515134
5576,3000,5846.939717
5558,3000,5865.673138
5708,3000,5884.367833
5442,3000,5903.502116
5558,3000,5922.849457
6152,3000,5942.034156
5906,3000,5961.085114
5546,3000,5980.662492
6026,3000,6001.147974
5436,3000,6020.251532
5608,3000,6039.500331
5298,3000,6057.96138
5788,3000,6077.078613
5922,3000,6094.765417
5808,3000,6112.48741
5202,3000,6131.243117
5070,3000,6150.094092
5532,3000,6168.020802
5762,3000,6186.88274
5630,3000,6205.513553
5596,3000,6224.343983
5872,3000,6243.332424
5998,3000,6261.484795
5466,3000,6280.3242
5898,3000,6298.661894
5804,3000,6317.82604
6324,3000,6336.157908
5930,3000,6354.653589
5932,3000,6374.361817
5960,3000,6393.205149
5866,3000,6412.279
5664,3000,6430.46366
5388,3000,6448.879149
5306,3000,6467.503798
6124,3000,6486.31301
5968,3000,6505.387873
5502,3000,6524.183184
6158,3000,6542.803113
5548,3000,6574.604172
6206,3000,6593.741191
5464,3000,6613.590115
5886,3000,6633.356395
5542,3000,6653.145581
5962,3000,6673.139801
6016,3000,6693.426733
5914,3000,6713.044998
5900,3000,6732.369974
5768,3000,6750.046891
6220,3000,6768.454702
5862,3000,6786.059617
5770,3000,6805.010252
6118,3000,6822.630428
6126,3000,6841.465847
6012,3000,6860.664721
5600,3000,6878.860074
5494,3000,6897.600273
6204,3000,6917.184965
6304,3000,6935.139106
6036,3000,6953.966631
6154,3000,6972.678517
6080,3000,6991.026396
6062,3000,7010.786747
5926,3000,7030.114863
6198,3000,7048.449099
5690,3000,7066.76264
5680,3000,7085.001173
5890,3000,7103.600533
6266,3000,7122.333507
5852,3000,7140.8887
5900,3000,7159.943694
5838,3000,7178.865238
5928,3000,7197.006909
5734,3000,7216.380124
5556,3000,7235.750655
5910,3000,7253.614225
6134,3000,7272.055295
6420,3000,7290.834564
6182,3000,7308.733298
6232,3000,7327.350315
5964,3000,7345.231078
6420,3000,7364.342726
5850,3000,7382.722714
5990,3000,7401.189361
6296,3000,7420.118006
6124,3000,7438.808048
5758,3000,7457.827141
6302,3000,7476.168604
5844,3000,7495.147894
6642,3000,7513.726502
6074,3000,7531.683502
5916,3000,7549.135598
6028,3000,7567.04986
6024,3000,7586.012815
6188,3000,7604.479165
6360,3000,7622.58128
5362,3000,7640.482845
6498,3000,7658.554657
6098,3000,7676.370344
5868,3000,7695.029768
6230,3000,7713.466779
6606,3000,7731.956915
6334,3000,7750.86732
6530,3000,7768.665673
5984,3000,7787.093241
6316,3000,7805.705852
6128,3000,7838.046697
6086,3000,7857.51491
5816,3000,7876.279687
5714,3000,7895.058163
5792,3000,7913.752627
6308,3000,7932.863202
6092,3000,7950.84968
6412,3000,7969.528508
6420,3000,7987.78273
6448,3000,8005.533962
6778,3000,8023.89077
6836,3000,8042.259495
6890,3000,8060.770036
6286,3000,8080.113678
6266,3000,8098.442294
6170,3000,8117.348861
6018,3000,8135.941514
6506,3000,8153.623025
6574,3000,8172.343816
6436,3000,8190.227504
6448,3000,8209.281559
6560,3000,8226.985777
6168,3000,8245.29135
6500,3000,8264.036626
6144,3000,8282.547884
6586,3000,8301.364061
5582,3000,8320.383018
6238,3000,8338.4923
6762,3000,8356.803946
6462,3000,8375.086978
6696,3000,8393.688102
6272,3000,8411.252774
6622,3000,8430.19055
6580,3000,8449.271868
6486,3000,8468.527111
6646,3000,8487.403154
5822,3000,8506.811887
6478,3000,8525.773359
6766,3000,8543.553728
6644,3000,8561.883309
6604,3000,8580.124789
6716,3000,8598.95205
6662,3000,8616.773145
6600,3000,8635.406351
5930,3000,8653.72002
7022,3000,8671.860489
6720,3000,8689.990192
6344,3000,8708.334611
6118,3000,8727.487079
6638,3000,8745.360678
6612,3000,8764.090166
6678,3000,8782.078578
6454,3000,8800.362334
6246,3000,8819.162336
6330,3000,8837.358143
6772,3000,8855.853162
6998,3000,8874.597034
6260,3000,8893.369519
6778,3000,8911.388305
6914,3000,8929.688833
6758,3000,8947.482341
6142,3000,8966.188631
6442,3000,8984.639786
6586,3000,9003.994655
6098,3000,9022.613934
6520,3000,9040.290092
6674,3000,9070.198298
6458,3000,9088.945631
6312,3000,9107.469557
5950,3000,9125.525085
6384,3000,9144.06365
6736,3000,9162.373313
6244,3000,9180.546274
6504,3000,9198.474494
6632,3000,9216.774571
6518,3000,9234.978191
6410,3000,9253.388115
6706,3000,9271.913652
6410,3000,9289.795601
7042,3000,9307.350391
6514,3000,9325.404353
6698,3000,9343.963577
6716,3000,9361.976393
6838,3000,9380.542231
7038,3000,9399.435401
6608,3000,9417.253308
6650,3000,9434.331947
6368,3000,9452.363091
6528,3000,9469.617409
7310,3000,9487.556706
6900,3000,9504.997033
6360,3000,9522.534512
6542,3000,9540.498087
7088,3000,9558.097517
7466,3000,9576.273212
6478,3000,9595.894434
7096,3000,9613.548261
6700,3000,9631.618762
7360,3000,9650.002163
6920,3000,9668.636353
6668,3000,9686.794678
6746,3000,9704.79458
6836,3000,9722.884601
6874,3000,9740.358731
6978,3000,9757.523055
7542,3000,9776.001445
6832,3000,9794.836273
6826,3000,9812.336315
7004,3000,9830.647006
7148,3000,9848.384354
6796,3000,9865.948968
6582,3000,9883.891504
7270,3000,9902.443596
6970,3000,9920.526195
7046,3000,9938.707753
6730,3000,9956.415988
6938,3000,9974.500447
7338,3000,9992.83942
7674,3000,10010.851189
7132,3000,10029.107726
6928,3000,10046.744828
7056,3000,10064.402389
7284,3000,10082.74571
7266,3000,10100.876905
7342,3000,10119.298521
7222,3000,10137.432577
7374,3000,10155.343261
7258,3000,10173.392089
7052,3000,10192.690683
7424,3000,10211.055934
7184,3000,10228.950644
7130,3000,10247.523446
7228,3000,10266.181104
7108,3000,10295.665533
6952,3000,10313.638748
7288,3000,10332.039124
7208,3000,10349.405889
6978,3000,10368.087275
7386,3000,10385.702981
7762,3000,10402.617537
7416,3000,10420.074718
7124,3000,10437.99672
7550,3000,10456.284937
7080,3000,10473.849652
7262,3000,10491.577156
7194,3000,10509.499247
7324,3000,10527.485461
7744,3000,10545.303508
7522,3000,10563.191116
7792,3000,10581.134144
7150,3000,10598.978574
7212,3000,10616.583521
7398,3000,10634.195028
7998,3000,10652.111806
7904,3000,10669.986885
7920,3000,10687.835974
7814,3000,10705.92925
7416,3000,10723.63887
8108,3000,10741.150883
7568,3000,10759.721205
7770,3000,10777.203134
7706,3000,10795.704153
7698,3000,10813.472734
7660,3000,10830.855165
8230,3000,10848.870609
7492,3000,10865.71349
7908,3000,10883.042537
7848,3000,10900.215268
8592,3000,10918.207283
7768,3000,10937.217527
8212,3000,10954.850017
7922,3000,10972.130117
8158,3000,10989.135896
7388,3000,11007.026118
7298,3000,11023.818473
8254,3000,11041.269658
8554,3000,11058.910113
8400,3000,11075.944414
7786,3000,11094.309028
8168,3000,11112.528918
7986,3000,11130.008501
8122,3000,11146.617703
8370,3000,11163.370382
8138,3000,11180.332636
8636,3000,11196.88959
8368,3000,11214.127643
8322,3000,11231.474222
8170,3000,11249.260538
8058,3000,11266.647815
8508,3000,11283.7932
8516,3000,11300.944391
8294,3000,11318.480646
8442,3000,11335.51619
8416,3000,11353.064839
7806,3000,11370.845752
8136,3000,11388.534685
8604,3000,11406.364746
8184,3000,11423.650233
8782,3000,11440.904725
8536,3000,11457.618268
8164,3000,11486.64117
8176,3000,11503.66731
8222,3000,11521.652521
8394,3000,11539.846869
8264,3000,11557.842894
8422,3000,11575.091383
8676,3000,11592.272746
8652,3000,11609.666108
8036,3000,11626.811017
8026,3000,11643.301489
8480,3000,11661.610742
8414,3000,11679.043171
8558,3000,11695.843416
8154,3000,11713.255862
8912,3000,11730.450892
8288,3000,11747.669905
8394,3000,11765.330211
8282,3000,11782.880526
8916,3000,11800.438896
8830,3000,11817.557266
8530,3000,11834.983174
8800,3000,11851.892925
8726,3000,11869.147876
8510,3000,11885.985276
8234,3000,11902.6418
8464,3000,11919.724506
8860,3000,11936.456002
8150,3000,11953.622851
8560,3000,11971.58477
8552,3000,11988.502406
8374,3000,12005.722116
8564,3000,12023.193658
8840,3000,12040.492051
8442,3000,12057.906636
8364,3000,12074.477983
8722,3000,12092.128093
8326,3000,12110.068753
8940,3000,12127.215523
8458,3000,12144.097624
8938,3000,12161.662294
8892,3000,12179.037641
8614,3000,12195.871186
8174,3000,12213.228234
8528,3000,12230.38981
8354,3000,12247.180539
8522,3000,12263.650093
8690,3000,12279.955665
9112,3000,12297.947431
8560,3000,12314.437573
8450,3000,12332.211269
8632,3000,12349.383984
8794,3000,12365.994802
8618,3000,12382.995207
8910,3000,12400.613385
8754,3000,12418.518734
8364,3000,12435.35882
8524,3000,12452.778915
9060,3000,12469.549176
9158,3000,12486.383467
8636,3000,12502.83993
8922,3000,12519.080012
8790,3000,12536.285217
8762,3000,12553.135074
8638,3000,12570.166937
8950,3000,12587.895798
8608,3000,12604.709173
9082,3000,12633.04414
8970,3000,12650.579547
8710,3000,12668.061074
8712,3000,12685.967528
8170,3000,12704.151559
8820,3000,12721.296541
8486,3000,12738.430363
9230,3000,12756.271915
8598,3000,12773.402601
8868,3000,12789.847282
8938,3000,12807.419048
8762,3000,12823.824134
9260,3000,12840.452952
8774,3000,12857.062607
8632,3000,12873.417383
8598,3000,12889.99149
8748,3000,12906.733396
8880,3000,12923.485986
9044,3000,12940.714817
8666,3000,12957.768266
9026,3000,12975.199823
9104,3000,12992.017074
8764,3000,13009.155138
8940,3000,13026.607933
8792,3000,13043.663147
9056,3000,13060.808595
8840,3000,13077.930452
8912,3000,13095.108233
8798,3000,13112.474562
9358,3000,13128.928041
8990,3000,13146.672048
8742,3000,13163.502516
9490,3000,13180.31951
9122,3000,13197.359897
8696,3000,13214.350929
8894,3000,13231.232166
9020,3000,13248.032352
9042,3000,13265.09646
9194,3000,13281.956199
8620,3000,13299.105245
9120,3000,13316.692612
9068,3000,13334.306139
9270,3000,13351.195792
8866,3000,13367.357288
8516,3000,13384.241146
8924,3000,13401.1349
9036,3000,13418.859425
9112,3000,13436.888677
8928,3000,13453.937682
9098,3000,13470.764281
8620,3000,13487.836292
8714,3000,13504.780729
9052,3000,13521.147958
8636,3000,13537.790456
9184,3000,13554.666927
8926,3000,13571.275397
8952,3000,13588.282298
8850,3000,13604.259859
9116,3000,13620.443123
9356,3000,13637.936642
8744,3000,13654.57368
9586,3000,13671.053163
8988,3000,13687.992524
9344,3000,13705.441945
9404,3000,13721.867566
9394,3000,13737.627753
9492,3000,13754.400752
8664,3000,13782.787752
9190,3000,13800.72786
9066,3000,13817.737983
9124,3000,13835.515993
8850,3000,13852.276418
8604,3000,13869.610303
9818,3000,13886.408347
9524,3000,13903.563704
8778,3000,13920.629544
8896,3000,13937.628423
9482,3000,13955.549279
9230,3000,13972.841102
9430,3000,13989.809313
9292,3000,14006.610246
9312,3000,14023.224821
9676,3000,14041.394437
9434,3000,14059.363172
9582,3000,14076.494105
9312,3000,14093.461913
9678,3000,14110.154215
9404,3000,14126.522487
9408,3000,14143.577763
9258,3000,14160.187924
9950,3000,14177.173044
9582,3000,14193.486791
9372,3000,14210.409205
9410,3000,14226.590756
9142,3000,14242.616139
9516,3000,14259.344401
9262,3000,14276.501679
9782,3000,14293.231185
9752,3000,14310.211429
9520,3000,14327.166727
9792,3000,14343.946367
9656,3000,14360.879605
9322,3000,14376.969794
9588,3000,14393.647747
9304,3000,14409.769972
9336,3000,14426.594333
9504,3000,14443.506254
9350,3000,14459.724252
9748,3000,14476.240281
9790,3000,14493.361374
10040,3000,14510.098903
9830,3000,14526.686522
9652,3000,14543.095695
9950,3000,14559.74501
9506,3000,14576.077149
9690,3000,14593.300926
10002,3000,14609.56839
10108,3000,14626.242913
9834,3000,14642.761242
10096,3000,14659.112293
9854,3000,14675.245854
9586,3000,14692.646635
10084,3000,14710.265815
9788,3000,14726.252625
9906,3000,14742.967479
10030,3000,14759.151743
10186,3000,14776.121769
10080,3000,14792.509704
10090,3000,14808.736595
10014,3000,14825.300452
10552,3000,14841.894415
10024,3000,14859.111247
9806,3000,14875.503368
9478,3000,14892.020665
9782,3000,14920.21297
10008,3000,14937.127681
10104,3000,14953.0798
9978,3000,14970.036354
9924,3000,14986.360754
9732,3000,15002.615126
9886,3000,15018.521123
9916,3000,15035.117685
10264,3000,15051.377766
9978,3000,15067.547209
10412,3000,15083.103941
10098,3000,15099.290789
9912,3000,15115.563606
9880,3000,15132.330768
9906,3000,15148.703226
10650,3000,15165.140308
10150,3000,15181.70174
10302,3000,15198.552585
10238,3000,15215.187947
10094,3000,15231.676381
10280,3000,15247.896499
10330,3000,15264.021531
10476,3000,15280.594485
10058,3000,15297.094453
10508,3000,15313.233586
10382,3000,15330.425058
10090,3000,15347.202403
10506,3000,15363.86538
10558,3000,15380.14264
10574,3000,15398.013407
10706,3000,15414.119107
10686,3000,15430.952589
10936,3000,15448.247173
10960,3000,15465.42559
11158,3000,15482.591488
11060,3000,15499.42525
11264,3000,15516.867291
11172,3000,15533.747973
11260,3000,15550.310076
11674,3000,15567.818762
10768,3000,15584.898532
10984,3000,15601.931987
11038,3000,15619.043194
10804,3000,15635.894979
11204,3000,15653.728569
10982,3000,15671.075882
11216,3000,15688.410566
11520,3000,15705.226903
11270,3000,15721.848863
11210,3000,15738.569649
11388,3000,15755.188516
11094,3000,15771.1433
11128,3000,15788.233203
11450,3000,15804.366669
11382,3000,15821.041396
11228,3000,15837.928303
11132,3000,15855.336107
11338,3000,15871.571494
11374,3000,15888.573326
11106,3000,15904.955693
10924,3000,15922.477365
10978,3000,15939.96663
11660,3000,15956.712766
11328,3000,15972.332733
11452,3000,15989.579849
11178,3000,16006.197627
11816,3000,16034.524316
11606,3000,16050.806377
11268,3000,16067.445801
11808,3000,16084.044584
11502,3000,16102.450947
11674,3000,16119.768214
11274,3000,16135.795083
11404,3000,16152.452822
11196,3000,16168.971801
11510,3000,16186.073375
11460,3000,16202.948484
11776,3000,16219.518482
11676,3000,16235.494921
11378,3000,16251.806265
11642,3000,16267.532561
11582,3000,16284.066953
11040,3000,16300.367665
11656,3000,16316.94899
11498,3000,16333.482929
11580,3000,16349.50899
11728,3000,16365.63179
11418,3000,16382.45933
11170,3000,16398.496634
11912,3000,16414.664587
11742,3000,16431.36084
11708,3000,16447.566152
11746,3000,16463.980444
12006,3000,16480.059308
11860,3000,16496.226565
11548,3000,16512.424482
12036,3000,16528.139296
11896,3000,16544.678516
11608,3000,16560.731316
11796,3000,16576.774732
11628,3000,16593.558148
11792,3000,16609.99221
12204,3000,16626.275173
11704,3000,16642.280344
11678,3000,16658.842227
11802,3000,16674.806754
11674,3000,16691.217266
11884,3000,16708.008554
11378,3000,16724.345556
12088,3000,16740.890753
11518,3000,16756.838006
11720,3000,16772.737818
11758,3000,16789.562478
11722,3000,16805.567385
11816,3000,16822.188045
12026,3000,16839.091983
11626,3000,16855.407696
11768,3000,16871.830468
12012,3000,16888.256055
11866,3000,16903.990189
11924,3000,16920.805901
12090,3000,16938.800378
11958,3000,16955.37293
11468,3000,16972.604089
12108,3000,16989.003655
11986,3000,17005.038027
11760,3000,17021.878298
11882,3000,17038.612864
12154,3000,17055.728781
11970,3000,17071.950362
11918,3000,17088.660811
11856,3000,17105.589436
12276,3000,17122.14508
12240,3000,17149.852165
12356,3000,17166.318617
12326,3000,17182.861475
11872,3000,17198.481794
11856,3000,17214.6846
11932,3000,17231.362648
12018,3000,17247.462821
11964,3000,17263.993019
12322,3000,17279.703704
12334,3000,17296.169225
12132,3000,17312.871417
11882,3000,17329.541787
12352,3000,17346.079855
12208,3000,17362.630841
11970,3000,17378.791185
12028,3000,17395.786867
12432,3000,17412.535305
12130,3000,17430.251689
12186,3000,17446.562184
12280,3000,17463.231162
12040,3000,17479.464377
11870,3000,17496.108613
12246,3000,17513.542296
12210,3000,17531.453498
12202,3000,17548.833809
12098,3000,17564.929236
12216,3000,17581.501506
12290,3000,17598.270344
12370,3000,17614.787485
12246,3000,17631.151618
12088,3000,17647.920469
12150,3000,17664.941024
12338,3000,17681.215071
12270,3000,17697.467086
12206,3000,17713.560117
12410,3000,17729.151648
12594,3000,17744.680509
12216,3000,17760.164047
12264,3000,17776.532676
12368,3000,17792.985245
12532,3000,17809.046367
12360,3000,17825.311409
12192,3000,17841.663586
12508,3000,17857.955968
12338,3000,17874.188514
12678,3000,17890.858679
12338,3000,17907.201572
12160,3000,17923.444811
12348,3000,17940.235745
12654,3000,17955.887799
12372,3000,17972.247116
12474,3000,17989.073146
12394,3000,18005.377162
12538,3000,18021.824921
12246,3000,18037.991221
12620,3000,18054.430795
12462,3000,18071.060773
12230,3000,18086.765351
12778,3000,18102.6587
12356,3000,18118.256952
12260,3000,18134.066752
12558,3000,18150.926105
12730,3000,18166.979525
12226,3000,18183.101468
12658,3000,18199.121956
12538,3000,18214.826526
12948,3000,18230.671487
12684,3000,18257.716469
12580,3000,18273.453456
12752,3000,18289.214291
12454,3000,18305.197433
12646,3000,18321.160899
12720,3000,18337.18744
12528,3000,18353.235571
12644,3000,18370.215347
12530,3000,18388.114149
12662,3000,18405.652203
12514,3000,18422.789541
12872,3000,18439.547794
12656,3000,18456.704782
12682,3000,18474.915113
12750,3000,18491.652842
12686,3000,18509.29343
12720,3000,18525.96358
12488,3000,18541.841046
12520,3000,18558.08851
12558,3000,18574.450379
12620,3000,18590.588959
12334,3000,18606.268817
12614,3000,18622.269827
12506,3000,18638.059576
12514,3000,18654.824594
12694,3000,18670.253548
12480,3000,18686.213654
12386,3000,18702.966961
12414,3000,18719.148728
12638,3000,18735.6993
12346,3000,18752.089178
12506,3000,18768.228401
12878,3000,18784.347219
12646,3000,18800.528734
12330,3000,18816.152979
12712,3000,18833.319463
12258,3000,18849.483775
12670,3000,18865.64425
12622,3000,18882.339683
12304,3000,18898.614755
12556,3000,18915.534349
12616,3000,18932.917783
12508,3000,18949.077064
12236,3000,18964.960242
12786,3000,18981.55408
12586,3000,18997.348313
12714,3000,19013.137458
12698,3000,19029.718285
12368,3000,19045.241911
12596,3000,19061.076823
12676,3000,19077.588451
12604,3000,19093.749698
12446,3000,19109.669817
12438,3000,19125.737442
12436,3000,19142.146396
12412,3000,19158.136925
12602,3000,19174.437905
12468,3000,19190.766519
12572,3000,19206.862316
12698,3000,19222.467783
12254,3000,19238.11126
12142,3000,19255.118206
12946,3000,19271.731497
12712,3000,19288.038779
12362,3000,19304.159514
12708,3000,19320.496922
12436,3000,19348.469251
12310,3000,19365.181229
12252,3000,19381.418492
12570,3000,19397.607229
12526,3000,19413.413379
12734,3000,19429.988045
12764,3000,19446.195487
12528,3000,19462.808696
12206,3000,19479.007244
12758,3000,19495.151739
12658,3000,19511.287875
12472,3000,19527.746448
12978,3000,19544.460142
12226,3000,19561.640749
12264,3000,19577.887013
12492,3000,19594.959626
12894,3000,19611.653385
12446,3000,19628.092336
12116,3000,19643.618014
12650,3000,19659.905424
12540,3000,19675.367136
12556,3000,19691.725691
12462,3000,19708.113948
12474,3000,19725.233298
12352,3000,19742.232601
12524,3000,19757.915454
12150,3000,19774.893261
12212,3000,19791.253938
12382,3000,19808.215979
12494,3000,19825.358784
12410,3000,19841.378663
12652,3000,19857.656228
12736,3000,19876.232038
12326,3000,19892.976146
12630,3000,19909.893911
12766,3000,19926.69777
12544,3000,19943.708854
12470,3000,19960.053854
12372,3000,19975.665737
12212,3000,19992.151835
12506,3000,20007.997492
12546,3000,20024.042691
12794,3000,20041.100801
12482,3000,20057.986453
12808,3000,20074.210987
12644,3000,20090.743484
12392,3000,20106.957457
12878,3000,20123.151237
12618,3000,20139.469761
12556,3000,20155.393967
12642,3000,20171.570406
12558,3000,20187.93765
12268,3000,20205.846714
12484,3000,20222.047211
12678,3000,20238.458616
12506,3000,20254.047583
12452,3000,20270.273549
12282,3000,20286.822034
12798,3000,20303.685283
12648,3000,20320.768532
12452,3000,20336.748722
12800,3000,20354.036008
12484,3000,20370.987049
12310,3000,20387.648992
12262,3000,20404.338289
12646,3000,20420.574903
12902,3000,20437.145717
12564,3000,20465.904402
12612,3000,20482.714636
12864,3000,20499.918598
12590,3000,20516.015331
12398,3000,20532.787784
12104,3000,20549.727732
12626,3000,20566.410911
12634,3000,20583.087224
12408,3000,20599.907648
12112,3000,20615.257428
12864,3000,20632.147483
12438,3000,20649.323811
12892,3000,20666.394229
12622,3000,20682.983508
12442,3000,20699.422991
12174,3000,20715.902909
12390,3000,20733.285079
12560,3000,20749.476124
12562,3000,20767.112383
12356,3000,20783.107052
12650,3000,20800.228977
12468,3000,20816.993516
12600,3000,20833.97818
12464,3000,20850.033836
12460,3000,20867.10913
12632,3000,20883.838082
12704,3000,20900.207537
12208,3000,20916.771997
12104,3000,20933.54442
12538,3000,20949.496354
12564,3000,20966.021329
12562,3000,20982.826425
12420,3000,21000.11948
12518,3000,21016.845042
12592,3000,21033.577208
12412,3000,21049.375104
12532,3000,21065.719644
12590,3000,21082.261453
12158,3000,21098.623379
12572,3000,21115.092064
12652,3000,21131.424573
12448,3000,21148.160203
12610,3000,21164.361104
12386,3000,21180.92955
12760,3000,21197.388243
12688,3000,21213.960776
12500,3000,21230.173699
12602,3000,21247.090985
12342,3000,21264.012366
12472,3000,21280.558058
12578,3000,21297.59113
12642,3000,21314.180202
12666,3000,21331.645096
12556,3000,21347.636758
12546,3000,21364.211865
12804,3000,21380.66496
12696,3000,21397.216461
12710,3000,21414.329404
12606,3000,21431.503559
12862,3000,21447.733858
12452,3000,21464.85573
12422,3000,21481.406396
12362,3000,21497.869143
12326,3000,21515.123271
12540,3000,21532.767181
12690,3000,21549.278646
12380,3000,21565.985684
12620,3000,21593.918422
12844,3000,21610.148395
12402,3000,21626.95156
12588,3000,21643.606977
12502,3000,21660.461349
12266,3000,21676.521094
12660,3000,21693.225963
12574,3000,21709.431137
12482,3000,21726.210641
12520,3000,21742.534678
12524,3000,21759.166075
12360,3000,21774.978193
12406,3000,21790.689559
12576,3000,21806.326976
12270,3000,21822.64425
12770,3000,21839.145664
12192,3000,21854.829456
12288,3000,21870.345258
12560,3000,21887.014535
12572,3000,21903.891397
12276,3000,21920.910166
12770,3000,21937.556302
12586,3000,21954.116869
12532,3000,21971.004797
12584,3000,21987.463024
12252,3000,22004.085388
12632,3000,22020.703326
12626,3000,22036.810632
12612,3000,22052.82679
12574,3000,22069.276176
12462,3000,22085.923551
12870,3000,22103.422959
12688,3000,22119.617511
12664,3000,22136.115355
12782,3000,22153.75856
12074,3000,22170.960674
12710,3000,22187.075897
12334,3000,22203.374049
12872,3000,22219.484953
12556,3000,22236.410135
12248,3000,22253.296431
12446,3000,22270.137218
12444,3000,22288.085936
12374,3000,22304.172215
12426,3000,22320.923756
12578,3000,22337.322873
12774,3000,22353.687861
12766,3000,22370.662216
12452,3000,22386.744427
12610,3000,22404.032415
12580,3000,22420.110473
12502,3000,22436.451787
12440,3000,22452.658346
12534,3000,22470.569543
12596,3000,22487.489099
12534,3000,22504.628156
12798,3000,22521.439639
12422,3000,22538.045734
12398,3000,22553.879377
12644,3000,22570.793758
12900,3000,22587.963241
12488,3000,22605.220167
12546,3000,22621.806111
12412,3000,22638.442892
12362,3000,22654.973997
12768,3000,22672.222406
12494,3000,22700.844859
12268,3000,22717.423551
12534,3000,22733.373295
12570,3000,22750.15821
12656,3000,22766.408744
12368,3000,22783.542576
12524,3000,22799.609576
12522,3000,22815.987252
12502,3000,22832.255433
12584,3000,22848.43058
12568,3000,22865.198725
12500,3000,22881.087362
12354,3000,22896.942066
12458,3000,22913.612583
12438,3000,22930.657949
12606,3000,22947.568074
12490,3000,22963.559066
12470,3000,22980.148995
12618,3000,22996.473414
12500,3000,23012.824522
12670,3000,23029.44364
12314,3000,23045.572012
12774,3000,23062.244161
12396,3000,23079.063164
12640,3000,23094.768499
12548,3000,23111.564974
12562,3000,23128.033293
12562,3000,23143.696891
12146,3000,23159.631427
12434,3000,23175.231483
12444,3000,23191.824641
12714,3000,23208.724497
12280,3000,23225.446429
12690,3000,23241.701905
12586,3000,23258.883033
12340,3000,23276.726095
12752,3000,23294.054989
12476,3000,23311.393046
12482,3000,23328.750696
12282,3000,23345.574469
12426,3000,23362.568647
12684,3000,23379.152439
12414,3000,23395.467142
12698,3000,23412.401029
12292,3000,23429.124915
12740,3000,23445.943645
12352,3000,23463.382058
12336,3000,23479.668791
12266,3000,23497.15443
12706,3000,23513.080359
12266,3000,23529.781086
12922,3000,23546.780325
12524,3000,23563.946209
12432,3000,23581.280081
12632,3000,23598.545663
12384,3000,23615.469502
12182,3000,23632.017149
12916,3000,23648.563172
12384,3000,23665.187934
12538,3000,23681.323838
12708,3000,23697.478292
12686,3000,23714.332658
12618,3000,23731.138036
12244,3000,23748.47222
12466,3000,23765.124096
12836,3000,23782.715185
12694,3000,23798.581048
12242,3000,23827.142875
12740,3000,23843.915041
12700,3000,23860.189557
12494,3000,23877.137072
12386,3000,23893.612245
12212,3000,23909.94636
12462,3000,23926.398061
12624,3000,23943.144771
12628,3000,23959.972068
12498,3000,23976.586035
12606,3000,23993.601744
12684,3000,24011.960366
12634,3000,24028.478704
12644,3000,24044.889979
12410,3000,24061.051399
12930,3000,24077.062672
12250,3000,24094.231271
12496,3000,24110.619429
12850,3000,24128.216512
12418,3000,24144.668517
12590,3000,24160.669955
12820,3000,24177.259593
12406,3000,24193.687226
12402,3000,24210.579827
12848,3000,24227.089355
12692,3000,24243.469251
12536,3000,24260.464471
12652,3000,24277.857956
12776,3000,24294.279975
12720,3000,24310.585984
12498,3000,24328.090668
13034,3000,24344.577156
12522,3000,24360.966297
12374,3000,24377.63038
12794,3000,24393.569094
12646,3000,24409.741277
12822,3000,24425.991671
12758,3000,24442.328487
12418,3000,24458.83931
12488,3000,24476.19933
12080,3000,24492.856061
12724,3000,24509.472901
12228,3000,24526.083704
12752,3000,24542.817478
12456,3000,24559.443701
12446,3000,24575.418573
12750,3000,24592.41827
12544,3000,24608.797509
12444,3000,24625.074147
12608,3000,24641.874935
12564,3000,24658.91863
12910,3000,24675.457197
12396,3000,24691.558419
12558,3000,24708.618287
12684,3000,24725.062513
12588,3000,24741.613092
12506,3000,24758.493092
12552,3000,24775.015984
12758,3000,24792.20153
12584,3000,24808.896633
12744,3000,24825.005215
12798,3000,24841.172046
12628,3000,24858.477583
12768,3000,24874.878602
12720,3000,24891.434576
12504,3000,24907.946899
12310,3000,24924.187028
12656,3000,24952.664047
12754,3000,24969.081412
12272,3000,24985.550599
12686,3000,25001.906652
12480,3000,25017.74938
12910,3000,25034.138682
12764,3000,25051.247852
12394,3000,25067.983257
12544,3000,25084.721281
12590,3000,25101.123668
12452,3000,25117.609004
12766,3000,25133.879425
12628,3000,25149.666921
12746,3000,25166.256095
12856,3000,25182.16783
12476,3000,25198.977524
12582,3000,25215.377416
12684,3000,25231.870049
12450,3000,25248.910891
12880,3000,25264.896206
12530,3000,25281.499163
12552,3000,25298.207432
12834,3000,25314.838222
12372,3000,25331.664917
12742,3000,25347.983448
12836,3000,25364.539482
13096,3000,25380.482827
12582,3000,25397.434619
12652,3000,25414.439886
12446,3000,25430.140651
12468,3000,25446.59486
12696,3000,25463.096928
12604,3000,25479.506829
12336,3000,25495.317224
12410,3000,25512.959142
12282,3000,25529.68653
12616,3000,25545.933038
12480,3000,25562.208189
12664,3000,25579.021394
12872,3000,25596.483817
12690,3000,25613.209017
12536,3000,25629.17304
12600,3000,25646.12012
12942,3000,25663.616735
12622,3000,25680.553907
12328,3000,25698.143907
12748,3000,25715.85328
12722,3000,25733.996219
12544,3000,25749.978762
12420,3000,25766.143285
13004,3000,25781.917679
12752,3000,25798.514158
12462,3000,25814.432317
12574,3000,25831.778967
12698,3000,25848.76951
12628,3000,25865.944321
12268,3000,25883.19776
12482,3000,25899.889802
12686,3000,25917.383206
12822,3000,25934.223917
12522,3000,25949.76954
12580,3000,25966.868142
12650,3000,25983.902208
12594,3000,26001.341717
12870,3000,26018.150857
12482,3000,26035.378452
12668,3000,26064.1512
12666,3000,26080.85248
12574,3000,26097.543206
12622,3000,26113.294673
12716,3000,26130.72503
12764,3000,26147.1215
12554,3000,26164.162378
12798,3000,26180.563135
12582,3000,26196.797599
12690,3000,26213.97644
12498,3000,26231.178169
12488,3000,26247.951041
12682,3000,26264.292143
12618,3000,26280.99032
12374,3000,26298.043507
12772,3000,26315.061328
12318,3000,26332.40962
12382,3000,26348.984399
12690,3000,26365.469762
12710,3000,26382.12333
12648,3000,26397.954123
12622,3000,26414.475038
12804,3000,26430.234905
12784,3000,26446.391156
12680,3000,26463.756445
12612,3000,26480.820096
12640,3000,26497.163207
12464,3000,26514.126757
12880,3000,26530.669448
12214,3000,26546.727049
12490,3000,26562.615082
12702,3000,26580.466796
12238,3000,26596.713312
12536,3000,26613.95597
12590,3000,26630.425883
12808,3000,26647.515934
12474,3000,26663.215913
12418,3000,26680.113809
12684,3000,26696.408919
12698,3000,26712.990498
12710,3000,26729.740527
12748,3000,26746.568464
12478,3000,26764.039079
12736,3000,26780.185805
12624,3000,26796.12151
12614,3000,26813.88744
12872,3000,26830.733294
12562,3000,26847.406641
12634,3000,26863.842384
12568,3000,26880.247706
12558,3000,26896.416555
12326,3000,26913.245559
12686,3000,26930.419358
12824,3000,26946.770441
12516,3000,26963.991924
12614,3000,26981.301557
12306,3000,26997.952193
12564,3000,27014.508614
12732,3000,27031.364162
12580,3000,27048.008507
12658,3000,27064.649164
12476,3000,27081.479581
12726,3000,27098.542434
12610,3000,27115.578704
12502,3000,27133.180915
13052,3000,27149.72317
12836,3000,27166.5443
12492,3000,27194.59264
12584,3000,27210.56336
12678,3000,27226.720521
12980,3000,27242.797705
12674,3000,27259.395258
12806,3000,27276.068764
12840,3000,27292.711433
13178,3000,27309.736298
12850,3000,27326.374984
12764,3000,27343.141323
12642,3000,27359.40123
12656,3000,27376.062399
12530,3000,27392.258214
12648,3000,27408.421515
12614,3000,27424.936102
12600,3000,27441.670013
12612,3000,27458.368911
12416,3000,27475.074098
12480,3000,27491.905345
12910,3000,27507.970784
12486,3000,27524.445247
12742,3000,27541.348401
12650,3000,27558.205597
12450,3000,27575.476972
12644,3000,27592.020632
12592,3000,27608.665148
12634,3000,27626.22881
12594,3000,27643.964605
12554,3000,27660.540939
12816,3000,27676.906709
12436,3000,27693.245605
12796,3000,27709.80294
12366,3000,27726.133066
12618,3000,27743.307921
12596,3000,27760.277182
12708,3000,27777.689354
12608,3000,27795.247032
12818,3000,27812.894851
12558,3000,27829.737931
12752,3000,27846.533756
12620,3000,27863.170892
12538,3000,27881.005683
12294,3000,27897.160099
12674,3000,27913.602986
12334,3000,27929.949466
12458,3000,27946.862529
12804,3000,27963.082953
12298,3000,27979.393161
12704,3000,27995.557193
12742,3000,28012.218427
12812,3000,28029.423417
12750,3000,28046.109953
12782,3000,28062.667754
12800,3000,28080.034307
12482,3000,28096.092875
12726,3000,28113.083565
12648,3000,28130.206071
12734,3000,28146.609218
12634,3000,28163.380221
12576,3000,28180.180851
12614,3000,28196.357005
12750,3000,28214.150469
12598,3000,28230.487467
12696,3000,28246.979905
12790,3000,28264.024567
12662,3000,28281.355471
12608,3000,28298.167439
12578,3000,28327.440679
12520,3000,28343.822891
12874,3000,28361.399101
12568,3000,28377.656034
12764,3000,28394.056726
12562,3000,28410.658694
12450,3000,28427.295024
12676,3000,28444.09124
12424,3000,28460.462149
12914,3000,28476.997163
12320,3000,28494.426409
12392,3000,28511.866622
12486,3000,28528.757654
12358,3000,28545.233574
12542,3000,28562.28091
12684,3000,28578.953455
12630,3000,28594.841134
12642,3000,28612.179947
12556,3000,28629.208263
12664,3000,28646.292182
12604,3000,28662.703527
12710,3000,28679.43288
12180,3000,28696.026012
12472,3000,28712.659566
12552,3000,28728.800112
12444,3000,28744.673159
12858,3000,28761.884191
12684,3000,28778.876417
12794,3000,28795.757417
12684,3000,28811.949185
12272,3000,28828.496129
12938,3000,28844.295115
12676,3000,28861.292344
12998,3000,28878.687308
12810,3000,28895.495941
12984,3000,28912.832468
12836,3000,28929.481102
12848,3000,28945.973001
12338,3000,28962.70369
12452,3000,28979.220215
12452,3000,28995.541971
12580,3000,29012.127046
12682,3000,29028.71148
12870,3000,29045.148579
12576,3000,29061.177799
12734,3000,29078.153229
12668,3000,29095.017705
12584,3000,29111.213643
12446,3000,29127.684455
12690,3000,29144.321328
12586,3000,29161.09611
12550,3000,29177.71398
12410,3000,29194.365121
12646,3000,29211.401761
12778,3000,29228.562533
12596,3000,29244.807976
12886,3000,29261.194808
12528,3000,29277.676217
12670,3000,29294.578204
12598,3000,29311.55617
12886,3000,29327.437873
12754,3000,29344.976704
12780,3000,29361.896338
12916,3000,29379.178906
12438,3000,29396.215769
12490,3000,29413.068661
12390,3000,29442.273146
12614,3000,29459.110452
13038,3000,29476.309268
12970,3000,29493.271737
12606,3000,29510.720093
12792,3000,29527.936182
12830,3000,29545.093631
12776,3000,29562.399467
12986,3000,29580.279647
12544,3000,29596.899126
12510,3000,29613.632241
12610,3000,29630.504743
12612,3000,29646.849017
12686,3000,29663.114783
12810,3000,29679.490342
12716,3000,29696.433887
12710,3000,29712.705271
12374,3000,29728.850482
12644,3000,29746.216855
12700,3000,29763.167028
12646,3000,29780.014103
12684,3000,29796.372218
12616,3000,29812.751101
12650,3000,29829.416131
12912,3000,29846.115113
12836,3000,29863.088255
12724,3000,29879.108461
12544,3000,29895.776375
12656,3000,29912.62887
12936,3000,29929.121349
12362,3000,29945.879624
12248,3000,29961.927016
12564,3000,29979.19289
12580,3000,29995.951347
12552,3000,30013.368026
12840,3000,30029.690957
12642,3000,30046.268476
12622,3000,30064.557476
12532,3000,30080.569252
12696,3000,30097.628683
12522,3000,30114.550775
12822,3000,30131.500206
12554,3000,30148.4553
12642,3000,30165.65251
12582,3000,30181.749305
12560,3000,30199.00016
13080,3000,30216.179708
12596,3000,30232.579126
12420,3000,30249.960082
12532,3000,30267.17561
12906,3000,30283.509994
12566,3000,30299.752568
12420,3000,30315.917112
12588,3000,30333.065112
12486,3000,30349.404891
13030,3000,30367.055978
12852,3000,30383.544568
12690,3000,30400.39497
12612,3000,30418.251233
12696,3000,30435.456724
12964,3000,30452.945502
12524,3000,30470.064106
12608,3000,30486.920752
12538,3000,30503.876333
12704,3000,30520.911085
12852,3000,30537.817217
12646,3000,30554.436759
12888,3000,30583.33446
12704,3000,30600.758985
12486,3000,30617.125358
12442,3000,30634.862935
12974,3000,30652.439054
12528,3000,30669.134932
12900,3000,30686.70348
12706,3000,30703.625684
12736,3000,30719.780098
12746,3000,30736.477083
12356,3000,30753.4305
12846,3000,30770.273946
12650,3000,30788.004831
12580,3000,30804.863893
12796,3000,30821.792897
12612,3000,30838.926523
12336,3000,30855.752177
12582,3000,30872.442568
12808,3000,30890.048397
12854,3000,30907.190391
12950,3000,30924.431999
12706,3000,30941.409722
12788,3000,30958.018372
12538,3000,30975.759476
12994,3000,30992.24465
12612,3000,31009.061596
12714,3000,31026.326502
12680,3000,31043.272219
12472,3000,31060.036307
12680,3000,31076.503346
12736,3000,31093.347943
12614,3000,31111.137821
12578,3000,31128.803241
12304,3000,31145.78987
12798,3000,31162.089593
12666,3000,31178.376328
12652,3000,31194.682877
12880,3000,31212.099969
12664,3000,31227.768918
12714,3000,31244.152268
12720,3000,31261.223237
12800,3000,31278.003238
12716,3000,31295.202695
12644,3000,31312.018129
12698,3000,31328.659766
12596,3000,31345.638564
12412,3000,31361.961246
12986,3000,31378.879966
12924,3000,31395.785817
12466,3000,31413.250614
12736,3000,31430.410866
12600,3000,31447.134278
12516,3000,31463.315926
12804,3000,31480.656964
12766,3000,31497.608555
12822,3000,31514.999761
12854,3000,31532.20648
12646,3000,31549.648354
12692,3000,31566.223697
12818,3000,31582.286278
13026,3000,31598.863927
12528,3000,31616.486018
12734,3000,31633.202904
12820,3000,31650.711057
12670,3000,31667.967428
13008,3000,31685.066445
12604,3000,31701.624411
12620,3000,31731.190965
12746,3000,31748.393004
12870,3000,31765.163296
12522,3000,31782.493369
12672,3000,31799.093349
12614,3000,31816.432021
12592,3000,31833.239661
12616,3000,31849.938314
12980,3000,31867.290275
12466,3000,31883.339264
12710,3000,31899.519494
12706,3000,31916.343482
12952,3000,31933.023123
13058,3000,31949.362032
12766,3000,31966.711056
12686,3000,31983.226537
12644,3000,31999.726231
12580,3000,32016.362511
12634,3000,32033.795268
12734,3000,32050.607147
12432,3000,32067.769652
12594,3000,32085.802303
12720,3000,32101.64661
12710,3000,32118.277671
12872,3000,32135.527051
12464,3000,32152.438673
12966,3000,32170.074009
12772,3000,32186.473529
12692,3000,32203.731519
12582,3000,32221.183353
12504,3000,32237.3135
12818,3000,32254.394943
12450,3000,32272.070575
12518,3000,32289.377853
12542,3000,32307.016678
12820,3000,32322.88748
12814,3000,32339.727082
12916,3000,32356.823421
12850,3000,32373.487184
12802,3000,32390.798842
12874,3000,32408.061626
12338,3000,32424.60213
12490,3000,32441.418321
12716,3000,32458.325977
12658,3000,32475.439605
12654,3000,32491.926155
12746,3000,32509.472672
12510,3000,32527.271374
12752,3000,32544.524282
12458,3000,32560.820449
12744,3000,32577.514481
12480,3000,32594.239156
12744,3000,32612.064959
12592,3000,32629.175763
12564,3000,32645.667415
12570,3000,32662.86919
12898,3000,32680.335998
12500,3000,32696.995023
12958,3000,32713.458862
12964,3000,32730.349353
12696,3000,32747.553422
12586,3000,32764.580264
12648,3000,32781.37779
12398,3000,32798.273062
12644,3000,32814.882365
12778,3000,32832.104178
12670,3000,32860.757222
12946,3000,32877.898923
12718,3000,32894.250217
12602,3000,32910.490866
12778,3000,32927.265145
12568,3000,32943.359401
12664,3000,32960.144807
12408,3000,32977.391816
12272,3000,32994.302731
12698,3000,33010.523822
12974,3000,33026.762428
12704,3000,33043.566344
12556,3000,33060.501217
12998,3000,33076.647504
12676,3000,33093.03108
12542,3000,33110.044053
12896,3000,33126.540742
12502,3000,33143.092147
12694,3000,33160.515619
12454,3000,33177.66521
12816,3000,33195.123855
13034,3000,33212.046483
12764,3000,33228.644289
12908,3000,33245.840425
12532,3000,33261.404077
12834,3000,33278.00707
12606,3000,33295.704194
12574,3000,33312.746055
12834,3000,33329.37431
12800,3000,33346.821835
12440,3000,33364.285231
12848,3000,33382.495632
12408,3000,33398.592146
12614,3000,33414.72288
12774,3000,33431.659878
12886,3000,33448.217529
12572,3000,33464.539502
12742,3000,33481.157448
12772,3000,33497.843041
12810,3000,33514.458209
12584,3000,33532.045925
12586,3000,33548.874417
12582,3000,33565.224319
12746,3000,33582.179785
12742,3000,33598.453358
12688,3000,33616.715386
12522,3000,33633.900575
13074,3000,33651.842564
12962,3000,33668.999017
12924,3000,33685.998255
12796,3000,33703.724595
12414,3000,33720.59442
12516,3000,33737.57218
12734,3000,33755.165762
12554,3000,33771.613982
12672,3000,33789.767643
12898,3000,33806.449388
12618,3000,33823.511844
12702,3000,33840.222563
13024,3000,33857.290913
12712,3000,33874.221262
12638,3000,33889.769027
12604,3000,33906.12038
12660,3000,33922.227907
12738,3000,33939.585926
12694,3000,33956.768904
12484,3000,33972.778541
12848,3000,34000.958572
12662,3000,34017.744923
12632,3000,34034.607681
12568,3000,34050.730235
12672,3000,34067.463192
12542,3000,34084.343306
12780,3000,34100.902076
12808,3000,34117.81875
12830,3000,34134.429485
12500,3000,34150.637055
12934,3000,34168.712008
12636,3000,34185.690057
12902,3000,34202.869013
12490,3000,34219.38158
12602,3000,34235.659539
12672,3000,34252.892292
12820,3000,34269.776762
13120,3000,34286.698854
12544,3000,34302.420431
13052,3000,34319.113044
12674,3000,34336.024026
12644,3000,34352.915645
12874,3000,34369.633692
12578,3000,34386.457232
12690,3000,34403.600733
12644,3000,34419.792421
12732,3000,34436.329227
12638,3000,34453.520317
12742,3000,34470.571394
12838,3000,34487.758399
12726,3000,34504.929015
12534,3000,34521.125776
12514,3000,34537.853279
12754,3000,34555.388546
12668,3000,34571.982865
12526,3000,34588.641291
12492,3000,34605.992462
12658,3000,34622.715514
12512,3000,34639.804084
12852,3000,34656.797369
12698,3000,34673.509277
12750,3000,34690.803683
12830,3000,34707.396481
12710,3000,34724.699767
12482,3000,34741.672215
12446,3000,34757.95132
12478,3000,34775.098964
12598,3000,34792.020867
12784,3000,34808.250297
12694,3000,34824.999131
12742,3000,34842.347672
12630,3000,34859.804216
12636,3000,34877.171154
12498,3000,34894.493533
12816,3000,34912.044361
12582,3000,34929.012601
12792,3000,34946.779868
12508,3000,34963.747444
12854,3000,34980.883716
12796,3000,34998.124466
12928,3000,35015.863782
12644,3000,35033.020874
12470,3000,35049.831378
12400,3000,35066.929946
12704,3000,35084.231386
12634,3000,35101.924409
12732,3000,35119.619059
12646,3000,35148.690321
12682,3000,35166.07564
12808,3000,35182.813987
12788,3000,35199.420139
13084,3000,35216.794522
12724,3000,35233.715424
12696,3000,35250.779388
12648,3000,35267.490615
12616,3000,35284.798198
12782,3000,35301.894866
12724,3000,35318.413715
12566,3000,35336.335715
12616,3000,35353.135588
12810,3000,35369.731572
12420,3000,35385.470882
12590,3000,35402.106886
12684,3000,35418.6938
12426,3000,35435.151979
12732,3000,35452.027034
12904,3000,35468.858957
12782,3000,35485.457338
12442,3000,35502.196176
12702,3000,35518.512149
12550,3000,35536.691293
12900,3000,35554.394281
12742,3000,35572.010512
12660,3000,35589.162868
12980,3000,35605.796404
12860,3000,35622.752261
12750,3000,35639.398261
13104,3000,35656.405215
12676,3000,35672.701856
12916,3000,35689.570065
12770,3000,35705.739406
12806,3000,35722.413363
12710,3000,35738.623694
12616,3000,35755.384323
12502,3000,35771.961713
12782,3000,35788.830096
12556,3000,35805.417819
12550,3000,35821.997516
12812,3000,35838.709969
12374,3000,35855.244197
12744,3000,35872.964015
12704,3000,35889.511857
12878,3000,35906.751668
12738,3000,35924.274174
12682,3000,35941.911417
12718,3000,35959.433775
12558,3000,35975.624304
13094,3000,35992.64873
12796,3000,36009.600619
12498,3000,36025.590044
12670,3000,36042.703983
12572,3000,36059.095954
12902,3000,36076.03542
12830,3000,36092.729282
12716,3000,36109.766661
12496,3000,36126.933956
12570,3000,36144.077246
12370,3000,36160.700267
12506,3000,36176.31069
13114,3000,36192.786102
12544,3000,36209.88617
12390,3000,36226.54211
12784,3000,36243.279075
12730,3000,36273.275671
12664,3000,36291.055396
12772,3000,36308.640796
12600,3000,36326.599822
12976,3000,36344.001789
12644,3000,36360.784536
12608,3000,36376.935269
12484,3000,36393.751867
12830,3000,36409.700166
13006,3000,36426.475255
12852,3000,36442.745589
12710,3000,36459.620792
12466,3000,36476.850083
12664,3000,36493.529772
12658,3000,36510.389369
12396,3000,36527.790505
12402,3000,36544.145941
12776,3000,36560.907991
12524,3000,36576.769742
12580,3000,36593.400768
12696,3000,36610.38997
12840,3000,36626.73563
12816,3000,36643.531116
12804,3000,36660.141387
12738,3000,36676.996141
12508,3000,36693.52356
12508,3000,36709.705409
12562,3000,36726.122299
12588,3000,36742.425357
12674,3000,36758.296197
12694,3000,36774.116481
12468,3000,36790.869475
12470,3000,36807.779506
12570,3000,36824.457171
12714,3000,36841.534973
12778,3000,36858.427613
13012,3000,36875.197673
12394,3000,36891.812819
12712,3000,36908.63904
12624,3000,36926.258773
12852,3000,36942.679227
12712,3000,36960.894647
12524,3000,36977.761745
12782,3000,36994.40463
12698,3000,37011.263473
12690,3000,37027.805312
12922,3000,37044.465208
12974,3000,37061.625104
12786,3000,37078.063574
12680,3000,37094.637355
12456,3000,37111.90816
12640,3000,37129.248346
12492,3000,37145.8326
12836,3000,37162.231768
12458,3000,37178.736437
12354,3000,37195.355771
12622,3000,37211.808087
12910,3000,37228.931467
12588,3000,37245.717868
12590,3000,37262.216613
12926,3000,37278.603281
12360,3000,37295.512943
12574,3000,37312.510328
12898,3000,37328.786185
12656,3000,37346.427118
12716,3000,37364.16021
12392,3000,37380.180471
12898,3000,37408.857977
12870,3000,37426.26581
13034,3000,37442.8892
12456,3000,37459.768856
12542,3000,37476.146118
12930,3000,37493.392115
12560,3000,37510.17193
12522,3000,37527.080973
12610,3000,37543.799509
12504,3000,37560.99402
12390,3000,37578.12762
12646,3000,37594.995555
12408,3000,37611.825441
12642,3000,37628.746951
12698,3000,37645.72739
12578,3000,37663.270383
12446,3000,37680.3381
12726,3000,37697.133304
12732,3000,37713.085979
12944,3000,37729.551697
12380,3000,37746.081555
12824,3000,37763.116558
12474,3000,37779.238962
12736,3000,37795.432483
12704,3000,37812.294928
12964,3000,37829.560072
12462,3000,37846.298104
12754,3000,37863.034872
12786,3000,37879.741275
12442,3000,37896.519805
12686,3000,37913.699503
12296,3000,37930.536389
12694,3000,37947.51951
12536,3000,37964.618056
12516,3000,37981.234968
12614,3000,37998.092111
12440,3000,38015.363062
12350,3000,38032.298865
12818,3000,38049.187329
12628,3000,38066.233399
12534,3000,38083.39109
12362,3000,38100.189727
12596,3000,38117.035277
12430,3000,38133.609909
12652,3000,38149.434015
12300,3000,38165.653781
12644,3000,38182.577375
12230,3000,38199.185204
12838,3000,38215.628184
12860,3000,38232.891966
12494,3000,38249.484494
12734,3000,38266.581912
12654,3000,38283.410303
12812,3000,38300.871909
12386,3000,38317.102048
12568,3000,38333.472352
13154,3000,38349.941811
12896,3000,38367.058869
12472,3000,38383.310146
12626,3000,38399.986372
12464,3000,38416.250072
12754,3000,38433.270105
12778,3000,38449.964971
12760,3000,38466.663065
12518,3000,38483.556103
13014,3000,38499.635113
12938,3000,38516.465217
12590,3000,38545.083989
12538,3000,38562.300611
12640,3000,38579.596389
12698,3000,38596.293423
12700,3000,38612.295318
12476,3000,38628.976924
12508,3000,38645.74199
12562,3000,38662.973304
12990,3000,38680.18305
12336,3000,38697.136238
12482,3000,38713.842457
12936,3000,38730.733347
12744,3000,38748.262295
13046,3000,38764.953009
12788,3000,38782.007487
12472,3000,38798.980192
12804,3000,38816.26242
12422,3000,38832.634016
12794,3000,38849.228727
12850,3000,38866.485073
12276,3000,38883.330552
12762,3000,38899.743847
12338,3000,38915.652012
12556,3000,38932.307949
12674,3000,38949.604692
12776,3000,38965.867727
12844,3000,38982.673532
12480,3000,38998.958841
12680,3000,39015.081001
12738,3000,39031.598956
12702,3000,39048.514643
12556,3000,39066.126625
12840,3000,39082.308645
12738,3000,39100.190208
12726,3000,39117.205081
12550,3000,39134.892877
12944,3000,39151.83167
12590,3000,39169.235043
12426,3000,39186.357776
12580,3000,39203.487892
12674,3000,39220.029546
12946,3000,39236.381238
12350,3000,39252.420827
12712,3000,39269.001043
12594,3000,39285.920587
12810,3000,39302.81607
12744,3000,39319.383608
12942,3000,39336.553002
12766,3000,39353.243376
12778,3000,39370.057946
12874,3000,39386.901416
12780,3000,39403.191652
12512,3000,39419.278452
12618,3000,39435.331095
12628,3000,39452.14595
12958,3000,39469.274848
12674,3000,39486.037597
12778,3000,39502.58568
12664,3000,39519.674742
12646,3000,39536.710763
12796,3000,39553.963164
12738,3000,39570.19772
12794,3000,39586.316489
12586,3000,39603.519786
12494,3000,39619.760635
12682,3000,39636.063136
12568,3000,39665.743788
12720,3000,39682.78255
12590,3000,39699.669707
13138,3000,39717.080277
12582,3000,39733.381499
12772,3000,39750.090111
12798,3000,39767.460065
12612,3000,39784.250961
12650,3000,39800.875651
12492,3000,39817.276482
12732,3000,39833.651895
12664,3000,39850.474612
12714,3000,39867.212688
12810,3000,39884.660823
12508,3000,39901.274857
12692,3000,39917.96915
12548,3000,39935.035307
12608,3000,39951.572422
12560,3000,39967.687768
12598,3000,39984.237229
12878,3000,40001.286237
12720,3000,40017.795289
12314,3000,40034.437212
12592,3000,40052.055768
13002,3000,40069.300432
12618,3000,40085.818917
13004,3000,40102.047913
12740,3000,40118.056164
12938,3000,40133.967928
12778,3000,40150.87675
12474,3000,40168.656395
12578,3000,40185.42427
12604,3000,40203.025384
12700,3000,40219.542797
12434,3000,40236.544981
12546,3000,40253.410939
12470,3000,40269.251868
12708,3000,40286.824346
12778,3000,40303.755861
12574,3000,40320.148491
12640,3000,40337.177658
12762,3000,40353.955365
12432,3000,40370.856573
12690,3000,40388.680529
12466,3000,40405.280188
12726,3000,40421.664015
12564,3000,40438.817086
12572,3000,40455.178071
12804,3000,40472.003183
12610,3000,40488.893274
12404,3000,40505.688997
12832,3000,40523.079508
13058,3000,40540.040105
12424,3000,40556.719712
12838,3000,40573.13636
12446,3000,40588.977455
12302,3000,40604.830649
12776,3000,40621.401404
12618,3000,40637.515045
13110,3000,40654.068818
12612,3000,40671.078057
12758,3000,40688.048919
12962,3000,40704.862862
12454,3000,40720.771039
12416,3000,40737.064362
12762,3000,40753.958088
12568,3000,40770.289191
12788,3000,40799.084728
12254,3000,40816.071366
12942,3000,40832.769997
12792,3000,40850.601216
12846,3000,40867.805104
13030,3000,40884.640772
12600,3000,40901.730691
13062,3000,40918.468759
12812,3000,40935.885563
12506,3000,40953.633956
12690,3000,40970.690585
12800,3000,40987.18041
12688,3000,41003.448229
12790,3000,41019.804723
12688,3000,41037.534054
12760,3000,41054.260354
12404,3000,41070.926245
12684,3000,41088.168563
12608,3000,41104.215228
12632,3000,41121.128912
12730,3000,41137.819312
12762,3000,41154.488647
12720,3000,41171.090045
12544,3000,41187.133528
12932,3000,41204.138106
13010,3000,41221.069837
12622,3000,41236.834685
12770,3000,41252.570761
12776,3000,41269.153604
12452,3000,41285.651509
12666,3000,41301.556716
12708,3000,41318.532397
12560,3000,41334.999056
12604,3000,41352.183021
12632,3000,41368.098721
12650,3000,41384.757108
12702,3000,41401.338207
12556,3000,41418.994605
12792,3000,41435.869325
12782,3000,41451.93505
12712,3000,41468.720386
12718,3000,41485.652177
12374,3000,41502.016636
12624,3000,41519.889616
12538,3000,41536.497785
12458,3000,41553.297598
12578,3000,41570.565529
12810,3000,41587.266804
12726,3000,41604.139486
12648,3000,41620.238723
12942,3000,41637.12465
12660,3000,41653.274598
12412,3000,41670.487992
12702,3000,41686.914165
12682,3000,41703.180628
12546,3000,41719.815805
12368,3000,41736.38034
12724,3000,41753.418288
12804,3000,41770.296499
12718,3000,41787.076982
12448,3000,41803.623969
13012,3000,41820.837295
12450,3000,41836.940323
12508,3000,41853.33621
12438,3000,41869.906225
12874,3000,41887.497941
12700,3000,41903.980234
12588,3000,41932.784252
12528,3000,41948.491762
12662,3000,41965.022062
12816,3000,41981.592195
12654,3000,41998.666196
12746,3000,42015.323384
12880,3000,42032.855078
12588,3000,42049.120002
12654,3000,42066.205302
12990,3000,42083.159996
12608,3000,42100.333817
12576,3000,42118.046229
12846,3000,42134.625199
12822,3000,42150.931604
12622,3000,42168.256762
13014,3000,42185.366791
12612,3000,42201.370623
12762,3000,42218.71103
12882,3000,42236.531665
12678,3000,42253.200052
12676,3000,42269.007742
12950,3000,42285.42108
12340,3000,42301.737009
12382,3000,42318.211162
12816,3000,42335.891457
12738,3000,42352.360106
12378,3000,42369.009973
12924,3000,42386.348412
12660,3000,42403.22107
12474,3000,42421.092692
12682,3000,42439.082895
12694,3000,42455.849583
12754,3000,42473.432933
12670,3000,42490.291837
12466,3000,42506.880043
12400,3000,42523.930122
12900,3000,42540.970234
12606,3000,42558.338471
12446,3000,42574.822223
12716,3000,42591.840255
12848,3000,42608.174529
12698,3000,42624.428867
12644,3000,42642.165156
12576,3000,42658.277833
12782,3000,42675.138802
12724,3000,42691.947249
12692,3000,42708.958358
12574,3000,42725.317687
12780,3000,42743.253008
12766,3000,42759.491788
12764,3000,42775.759548
12202,3000,42792.85854
12904,3000,42809.871525
12516,3000,42826.295542
12676,3000,42843.700396
12638,3000,42860.512988
12862,3000,42877.272893
12922,3000,42893.955378
12668,3000,42911.0708
12426,3000,42928.472715
12838,3000,42945.939961
12584,3000,42961.988517
12562,3000,42979.591376
12588,3000,42997.438009
12812,3000,43014.297633
12730,3000,43032.100582
12628,3000,43060.439181
12672,3000,43077.97684
12656,3000,43095.045693
12802,3000,43111.17433
13066,3000,43127.463511
12832,3000,43144.557157
12670,3000,43161.370345
12584,3000,43177.773128
12418,3000,43194.789778
12630,3000,43211.973278
12890,3000,43228.428921
12568,3000,43243.834119
12684,3000,43260.71903
12614,3000,43277.184835
12530,3000,43293.659618
12384,3000,43311.05825
12672,3000,43328.522271
12800,3000,43344.902847
12716,3000,43362.177759
12638,3000,43379.110792
12608,3000,43395.439761
12790,3000,43411.745328
12514,3000,43428.226291
12372,3000,43444.644664
12530,3000,43460.999798
12654,3000,43477.935425
12816,3000,43495.434866
12714,3000,43512.392839
12766,3000,43529.307729
12738,3000,43545.492952
13034,3000,43562.296013
12550,3000,43578.727173
12468,3000,43595.018944
12576,3000,43611.401402
12542,3000,43628.373102
12862,3000,43645.441381
12658,3000,43661.893365
12618,3000,43678.860667
12672,3000,43695.56084
12940,3000,43712.598894
12334,3000,43728.562169
12870,3000,43745.590141
12514,3000,43762.015014
12590,3000,43779.317669
12576,3000,43796.148818
12654,3000,43812.085282
12590,3000,43827.84316
12500,3000,43845.019038
12574,3000,43861.540788
12506,3000,43877.770539
12890,3000,43894.771272
12670,3000,43912.632572
12578,3000,43929.363494
13002,3000,43946.817328
12626,3000,43963.454547
12732,3000,43980.520975
12882,3000,43997.093489
12696,3000,44014.403852
12684,3000,44031.53718
12812,3000,44049.352777
12856,3000,44067.378762
12584,3000,44084.649581
12460,3000,44102.854663
12466,3000,44120.454481
12986,3000,44136.904632
12690,3000,44154.939132
12654,3000,44172.378586
12618,3000,44200.662976
12814,3000,44217.392242
12934,3000,44234.662021
12790,3000,44251.912145
12718,3000,44268.861644
12522,3000,44285.98548
12504,3000,44302.605278
12484,3000,44319.023775
12612,3000,44335.877802
12532,3000,44353.42162
12348,3000,44370.796987
12566,3000,44388.046523
12934,3000,44404.891338
12838,3000,44422.08265
12572,3000,44438.410192
12958,3000,44455.132634
12570,3000,44472.61627
12692,3000,44488.576424
12896,3000,44505.990337
12604,3000,44523.792784
12824,3000,44540.490855
12248,3000,44557.144323
12356,3000,44573.668623
12754,3000,44591.286453
12700,3000,44607.941178
12442,3000,44624.17273
12716,3000,44641.342195
12722,3000,44657.952244
12876,3000,44674.403096
12928,3000,44690.85937
12868,3000,44707.457346
12568,3000,44724.283588
12496,3000,44741.867983
12922,3000,44758.88402
12328,3000,44776.289972
12554,3000,44792.7193
12638,3000,44809.571513
12664,3000,44826.477752
12606,3000,44843.175249
12572,3000,44860.223454
12392,3000,44876.67896
12744,3000,44893.467142
12248,3000,44910.255348
12972,3000,44926.973966
12354,3000,44943.301877
12654,3000,44960.269869
12788,3000,44977.812559
12480,3000,44994.396899
12732,3000,45011.526763
12590,3000,45028.004385
12498,3000,45044.223319
12696,3000,45061.053399
12996,3000,45077.934894
12434,3000,45094.31901
12792,3000,45111.408093
12672,3000,45128.499916
12840,3000,45145.821259
12466,3000,45163.039894
12368,3000,45179.794762
12648,3000,45196.119341
12658,3000,45212.701739
13034,3000,45229.872991
12568,3000,45245.754788
12808,3000,45262.255326
12646,3000,45278.120108
12260,3000,45295.031382
12664,3000,45312.044928
12652,3000,45340.392751
12856,3000,45357.305546
12548,3000,45373.679291
12854,3000,45390.487398
12522,3000,45406.961717
12708,3000,45423.58665
12740,3000,45439.667155
12560,3000,45457.003344
12858,3000,45475.032844
12564,3000,45492.235133
12718,3000,45508.754953
12394,3000,45525.974559
12782,3000,45542.796537
12998,3000,45560.2091
12720,3000,45576.756292
12952,3000,45593.161238
12932,3000,45609.981492
12426,3000,45626.408859
12852,3000,45643.576622
12888,3000,45660.788535
13188,3000,45677.282398
12786,3000,45693.788144
12912,3000,45709.915437
12768,3000,45726.385232
12948,3000,45743.126038
12860,3000,45760.765307
12924,3000,45777.634033
12896,3000,45793.770139
12978,3000,45810.449098
12908,3000,45826.501154
12620,3000,45842.716956
12866,3000,45859.074203
12960,3000,45875.008919
13260,3000,45891.064715
12980,3000,45907.74769
13016,3000,45924.31912
12998,3000,45942.28506
12832,3000,45958.627708
13238,3000,45974.840828
12902,3000,45991.034722
12834,3000,46006.798712
13170,3000,46023.182306
12676,3000,46039.729227
12870,3000,46056.671745
13012,3000,46072.477198
13026,3000,46088.048821
13220,3000,46104.171378
12832,3000,46120.16536
13150,3000,46136.193259
12950,3000,46152.695116
12726,3000,46168.72563
13094,3000,46184.313787
12840,3000,46200.194168
13128,3000,46216.321908
12914,3000,46231.939447
13112,3000,46247.569851
13106,3000,46263.702057
13548,3000,46279.465746
13052,3000,46295.791979
12970,3000,46311.465069
13392,3000,46327.91233
12908,3000,46344.450747
12992,3000,46360.720455
12854,3000,46376.964036
12856,3000,46393.100483
12964,3000,46409.506515
13178,3000,46437.42107
13212,3000,46453.997846
12972,3000,46470.557055
13098,3000,46486.592302
13018,3000,46503.397847
12942,3000,46520.248064
13012,3000,46536.91479
13186,3000,46553.552559
12842,3000,46569.792264
13074,3000,46585.095726
12744,3000,46601.070456
12834,3000,46616.767669
12910,3000,46632.986052
13246,3000,46649.51688
13370,3000,46665.62368
13234,3000,46681.95116
12948,3000,46697.583776
13356,3000,46713.983248
13204,3000,46729.915942
12672,3000,46746.00695
13098,3000,46761.896073
13062,3000,46778.381413
13102,3000,46794.641804
13220,3000,46810.611923
12924,3000,46826.49076
13086,3000,46843.122025
13078,3000,46859.509716
12946,3000,46875.220778
12990,3000,46891.130419
12746,3000,46907.076659
13044,3000,46923.369205
13210,3000,46939.642931
12818,3000,46955.831808
12860,3000,46972.190693
12960,3000,46988.152785
13086,3000,47004.375803
12952,3000,47020.127174
12892,3000,47036.222033
12656,3000,47051.246682
12792,3000,47067.221294
12784,3000,47083.145178
13098,3000,47099.068251
12944,3000,47114.09334
13176,3000,47130.346234
13070,3000,47146.82466
13106,3000,47162.868401
13336,3000,47179.188254
13254,3000,47195.348669
12774,3000,47211.20742
13088,3000,47227.578788
13212,3000,47244.172315
13106,3000,47260.200411
13256,3000,47276.888826
13372,3000,47293.187123
13288,3000,47309.786286
12850,3000,47325.567292
13080,3000,47341.945659
13098,3000,47358.678554
13110,3000,47374.721831
13022,3000,47390.60057
13272,3000,47406.678587
13080,3000,47423.380207
13386,3000,47439.327324
13246,3000,47456.318022
13160,3000,47472.563772
12996,3000,47488.174624
13094,3000,47504.543152
13092,3000,47533.238636
12956,3000,47549.999306
13164,3000,47566.458143
13038,3000,47582.737413
12974,3000,47598.956311
13132,3000,47614.888636
13032,3000,47630.254874
13396,3000,47646.155283
13288,3000,47662.165916
13034,3000,47678.182869
12912,3000,47693.771039
12858,3000,47710.312871
13114,3000,47726.580959
13184,3000,47742.574384
12754,3000,47758.615024
13412,3000,47774.240181
12784,3000,47789.948423
13244,3000,47806.026641
12832,3000,47821.753525
13154,3000,47838.079154
12724,3000,47854.686756
13234,3000,47870.836089
12950,3000,47887.529163
13252,3000,47904.146499
13052,3000,47921.295028
13162,3000,47937.572937
13420,3000,47954.486247
12936,3000,47970.965025
12956,3000,47987.047612
13344,3000,48003.123945
13004,3000,48018.855711
13108,3000,48034.649497
13228,3000,48051.674671
13210,3000,48068.588392
13040,3000,48084.473696
13010,3000,48100.639275
12796,3000,48117.156296
13026,3000,48132.738947
13198,3000,48149.238473
13178,3000,48166.156922
13168,3000,48182.544704
13016,3000,48198.562214
12954,3000,48214.563968
13058,3000,48230.716001
12872,3000,48246.467835
12992,3000,48262.399221
13142,3000,48278.254591
13100,3000,48293.663421
13120,3000,48309.524903
12948,3000,48324.836389
13304,3000,48340.653072
13068,3000,48356.351707
13270,3000,48371.858255
12950,3000,48387.461771
13040,3000,48404.05317
13014,3000,48419.988714
12932,3000,48435.989414
12708,3000,48452.002893
13208,3000,48467.794457
12904,3000,48483.660903
12900,3000,48499.945518
13482,3000,48515.750474
13212,3000,48532.496691
13236,3000,48548.96193
12910,3000,48564.472565
12920,3000,48580.697584
13276,3000,48596.219584
13100,3000,48623.822841
13040,3000,48639.905868
12838,3000,48656.237072
13064,3000,48671.733265
13126,3000,48687.883918
13054,3000,48704.796711
13120,3000,48721.546702
13208,3000,48737.410298
12938,3000,48752.796703
13264,3000,48769.115404
13164,3000,48786.228872
12902,3000,48802.098053
13044,3000,48818.174384
12918,3000,48834.070489
13110,3000,48850.678642
12908,3000,48866.542159
12896,3000,48882.850963
12824,3000,48899.096111
13044,3000,48915.300071
12862,3000,48931.407465
12812,3000,48946.707639
13156,3000,48963.544162
12694,3000,48979.600069
13082,3000,48996.292597
13010,3000,49012.921799
12958,3000,49028.12649
12944,3000,49043.615185
12758,3000,49059.413604
13222,3000,49075.718431
12836,3000,49092.229413
13286,3000,49108.766067
12868,3000,49124.740093
12744,3000,49141.252398
13206,3000,49158.066935
13078,3000,49173.618658
13126,3000,49189.353356
12840,3000,49205.878799
12954,3000,49222.193409
12796,3000,49238.342477
13014,3000,49254.332883
12602,3000,49270.451948
12796,3000,49286.472581
12992,3000,49303.294948
12840,3000,49319.664578
12768,3000,49335.350189
12962,3000,49351.390026
12906,3000,49368.186647
13188,3000,49384.453493
13020,3000,49400.557556
12830,3000,49416.064485
12750,3000,49431.880828
13174,3000,49447.885011
13122,3000,49463.520892
13044,3000,49480.282053
12894,3000,49496.948917
12892,3000,49513.458233
12902,3000,49530.037702
12968,3000,49546.070614
12908,3000,49562.07021
13134,3000,49578.353741
13270,3000,49594.587928
12638,3000,49610.01811
13214,3000,49625.733632
13252,3000,49641.475636
13054,3000,49656.980889
12974,3000,49673.036753
13046,3000,49700.926924
12910,3000,49717.202674
12980,3000,49733.166879
12464,3000,49748.772348
13174,3000,49764.903023
13126,3000,49780.656023
13214,3000,49796.590347
13000,3000,49812.755427
12630,3000,49828.359046
13164,3000,49845.12148
12740,3000,49860.706875
12818,3000,49877.398895
13092,3000,49893.406468
13216,3000,49909.94274
12998,3000,49926.82462
12676,3000,49943.143333
12862,3000,49959.046224
13114,3000,49975.105472
12998,3000,49991.573891
12910,3000,50008.311666
12930,3000,50024.422777
13206,3000,50040.798898
12776,3000,50056.720864
12560,3000,50072.182545
13100,3000,50088.059457
13032,3000,50105.333634
12570,3000,50121.283687
12880,3000,50136.940016
13090,3000,50153.704596
13190,3000,50170.75812
12702,3000,50186.553832
13088,3000,50203.094544
13234,3000,50220.570851
12784,3000,50236.813428
12954,3000,50252.619696
13026,3000,50269.476047
13172,3000,50285.464715
13114,3000,50302.698431
13164,3000,50319.05816
12828,3000,50335.718556
12972,3000,50351.074032
13136,3000,50367.162802
13042,3000,50383.934664
13068,3000,50400.161779
13068,3000,50415.800802
12722,3000,50431.638726
13278,3000,50447.413133
13230,3000,50463.254074
12894,3000,50479.782927
12820,3000,50495.535769
13112,3000,50511.991689
12920,3000,50527.146558
13082,3000,50543.342337
13102,3000,50559.252546
12828,3000,50576.173491
12760,3000,50591.693548
13144,3000,50607.618513
12924,3000,50623.852058
12892,3000,50639.726106
13016,3000,50656.515183
12806,3000,50673.000175
12866,3000,50689.019358
12830,3000,50704.929534
12774,3000,50720.82244
13084,3000,50737.626851
13162,3000,50754.118846
13196,3000,50770.122388
13018,3000,50798.212576
12660,3000,50814.300839
12832,3000,50830.659789
13178,3000,50847.116499
12784,3000,50863.003769
13158,3000,50879.670311
12966,3000,50895.528564
13172,3000,50911.643832
13272,3000,50928.252052
12716,3000,50944.615289
13242,3000,50960.910028
12796,3000,50976.908503
13342,3000,50994.041094
12726,3000,51010.44971
12732,3000,51027.210256
13040,3000,51043.858252
12990,3000,51059.426409
13032,3000,51076.150847
12896,3000,51091.90837
12954,3000,51109.032706
13088,3000,51125.710638
12814,3000,51142.454174
13184,3000,51159.33837
13068,3000,51175.979487
13014,3000,51192.251066
13082,3000,51207.974955
12882,3000,51223.638974
12930,3000,51239.263139
13042,3000,51255.400007
12840,3000,51271.366899
12966,3000,51287.069699
13230,3000,51303.252192
12702,3000,51320.328837
12946,3000,51336.978305
13144,3000,51353.159981
12722,3000,51369.422677
13072,3000,51385.740959
13048,3000,51401.686645
12852,3000,51418.108639
13132,3000,51435.39275
12690,3000,51450.966387
13130,3000,51467.724206
12822,3000,51483.388523
13224,3000,51499.285838
12830,3000,51515.442997
13444,3000,51532.011203
13054,3000,51548.519953
12922,3000,51564.411291
13028,3000,51581.468975
12518,3000,51597.873008
12904,3000,51614.474796
13178,3000,51629.754756
12870,3000,51645.407368
12696,3000,51660.982841
13170,3000,51677.571049
13068,3000,51693.873955
12598,3000,51710.14821
13148,3000,51725.947824
12876,3000,51742.018982
13106,3000,51758.805317
13016,3000,51775.131794
13082,3000,51791.752393
12802,3000,51807.439515
13188,3000,51823.05769
13142,3000,51839.468605
13136,3000,51855.404159
12842,3000,51871.287651
12818,3000,51899.005839
13130,3000,51915.545949
12776,3000,51932.278598
12744,3000,51948.62868
13000,3000,51965.413712
13184,3000,51982.169246
13220,3000,51998.531864
12866,3000,52014.556628
12864,3000,52030.796245
13144,3000,52046.466427
13004,3000,52063.046752
13198,3000,52079.292116
12984,3000,52096.383749
13008,3000,52112.615005
13032,3000,52128.706275
12938,3000,52145.715176
12898,3000,52161.794048
13328,3000,52178.368647
13042,3000,52195.207799
13006,3000,52211.861354
13036,3000,52228.593974
13162,3000,52244.581356
12902,3000,52260.994928
12778,3000,52277.424196
12946,3000,52293.49094
12794,3000,52309.638108
13194,3000,52326.457536
12898,3000,52342.855757
12964,3000,52359.005794
13334,3000,52375.607872
12904,3000,52392.144252
12894,3000,52407.729189
12930,3000,52424.078156
12768,3000,52440.709773
12936,3000,52456.396801
13156,3000,52472.766255
12936,3000,52489.023768
12898,3000,52504.992325
12952,3000,52520.84478
13162,3000,52537.356816
12662,3000,52553.406417
13066,3000,52569.903973
12998,3000,52585.579877
13124,3000,52601.778922
12590,3000,52618.157075
13024,3000,52634.742266
13166,3000,52651.014427
12604,3000,52666.813191
12840,3000,52683.24093
13200,3000,52698.870728
12976,3000,52715.07401
12956,3000,52731.439368
13108,3000,52748.135854
13498,3000,52764.411747
12802,3000,52780.561659
12914,3000,52797.462229
12728,3000,52813.777403
13146,3000,52830.053716
13010,3000,52846.474816
12878,3000,52862.249594
12728,3000,52878.34078
13012,3000,52894.23506
12962,3000,52910.546135
13142,3000,52926.823858
12672,3000,52942.987188
12822,3000,52959.070504
12580,3000,52987.882688
12932,3000,53003.914468
13094,3000,53020.411318
13426,3000,53036.65376
13076,3000,53053.689517
12954,3000,53070.693655
12860,3000,53086.866718
12728,3000,53102.464168
12810,3000,53118.063204
12836,3000,53134.561453
12664,3000,53150.473613
13026,3000,53167.032295
12952,3000,53183.17045
13006,3000,53199.293822
13188,3000,53215.980313
12916,3000,53232.374205
12904,3000,53248.611069
12954,3000,53264.210144
13130,3000,53281.051838
12976,3000,53297.081755
12858,3000,53314.019075
13046,3000,53330.692875
12944,3000,53346.257497
12696,3000,53362.827293
12700,3000,53379.162205
13086,3000,53394.69068
12704,3000,53409.926633
12862,3000,53426.020028
13120,3000,53441.947679
13230,3000,53457.745534
12884,3000,53474.343556
12760,3000,53491.663656
13214,3000,53508.087893
12688,3000,53524.30711
13004,3000,53540.979055
12782,3000,53557.998398
12918,3000,53574.531287
12934,3000,53590.796129
12918,3000,53606.923218
13092,3000,53623.03486
12756,3000,53638.284759
12728,3000,53654.745867
13108,3000,53671.059548
13052,3000,53688.616477
13034,3000,53705.072988
12868,3000,53721.157676
12860,3000,53738.600686
12932,3000,53755.09929
13256,3000,53771.790625
12886,3000,53787.706988
13166,3000,53803.748881
13046,3000,53820.446868
13144,3000,53836.751067
12962,3000,53853.500024
12796,3000,53870.032658
12982,3000,53888.964914
12898,3000,53906.086924
13062,3000,53922.7745
13144,3000,53938.92792
12948,3000,53955.295722
13120,3000,53972.341961
12692,3000,53989.038217
13134,3000,54008.616457
13000,3000,54022.700289
13202,3000,54036.679494
13046,3000,54050.534321
12974,3000,54063.734338
12830,3000,54087.369875
12642,3000,54100.846625
12980,3000,54114.312662
13008,3000,54128.117576
13006,3000,54142.310442
13040,3000,54155.402531
12494,3000,54168.798299
13012,3000,54181.806584
12846,3000,54195.593885
13466,3000,54209.584367
13004,3000,54223.439022
13046,3000,54237.047192
13000,3000,54250.347668
12642,3000,54263.804903
13254,3000,54277.9973
13144,3000,54291.534635
12966,3000,54305.49587
12678,3000,54319.191058
13076,3000,54332.792295
12838,3000,54346.685571
13046,3000,54360.432968
12736,3000,54374.564536
13070,3000,54388.03378
13126,3000,54401.518258
13002,3000,54414.77684
12916,3000,54428.591895
13040,3000,54442.575528
12814,3000,54455.546074
12790,3000,54469.544747
13104,3000,54483.499953
12964,3000,54496.673305
13146,3000,54510.139622
13378,3000,54524.194244
13152,3000,54537.468166
12860,3000,54551.169888
13032,3000,54564.939178
12942,3000,54578.694618
13068,3000,54591.909847
13158,3000,54605.287631
12902,3000,54618.843304
13376,3000,54632.353843
12990,3000,54646.40697
12836,3000,54660.487233
12676,3000,54674.098008
13214,3000,54687.489193
12788,3000,54701.261617
13292,3000,54715.312489
12914,3000,54728.256614
12742,3000,54741.895722
12778,3000,54755.450674
13542,3000,54769.094309
13290,3000,54782.593873
13132,3000,54797.198072
12808,3000,54810.078573
12734,3000,54823.72682
13004,3000,54838.389819
13014,3000,54852.414171
13012,3000,54865.661932
13010,3000,54878.747957
12836,3000,54892.541601
13352,3000,54906.462925
12802,3000,54919.780453
13066,3000,54933.080496
13078,3000,54946.814094
13172,3000,54960.637607
12550,3000,54974.147194
12878,3000,54987.589883
13246,3000,55012.001846
13200,3000,55025.387071
12930,3000,55038.488874
12920,3000,55051.406235
12796,3000,55065.094919
13164,3000,55079.40749
13028,3000,55093.553603
12976,3000,55107.511463
13314,3000,55120.887598
13172,3000,55135.106463
13122,3000,55148.196685
13166,3000,55161.610242
13154,3000,55175.947078
13086,3000,55190.158126
13066,3000,55204.104657
12852,3000,55217.709604
13052,3000,55231.333017
12956,3000,55245.348796
12810,3000,55258.941197
12866,3000,55271.004343
13330,3000,55284.657769
13028,3000,55298.712299
12880,3000,55312.570752
12984,3000,55326.42363
12692,3000,55340.27768
12916,3000,55353.973109
12670,3000,55367.688357
12926,3000,55381.582809
12902,3000,55395.385704
12964,3000,55408.954567
12974,3000,55422.937238
12896,3000,55435.896791
13024,3000,55449.922366
12754,3000,55463.178014
13502,3000,55477.222361
12820,3000,55491.191164
13146,3000,55504.774802
12980,3000,55518.328186
12950,3000,55531.715438
13298,3000,55545.463561
13194,3000,55559.511147
13252,3000,55572.968673
12976,3000,55586.825049
13034,3000,55601.08352
12992,3000,55615.262113
13210,3000,55629.199805
12896,3000,55643.824514
13088,3000,55657.886073
12880,3000,55671.427211
13000,3000,55685.183139
12892,3000,55698.587046
12924,3000,55712.208706
13038,3000,55726.201277
12954,3000,55740.022238
12998,3000,55753.985043
12870,3000,55768.179359
12748,3000,55781.250274
13148,3000,55794.840786
13050,3000,55808.575322
12636,3000,55821.584662
12966,3000,55835.524014
13060,3000,55849.331508
13150,3000,55863.404939
13328,3000,55877.098461
12856,3000,55891.12255
12974,3000,55905.447148
12708,3000,55928.862495
12578,3000,55942.417927
13008,3000,55955.88633
12536,3000,55969.234791
13330,3000,55983.206267
12696,3000,55997.225631
12930,3000,56010.718234
12804,3000,56024.474369
13276,3000,56038.970265
13046,3000,56052.464026
12624,3000,56066.380147
13120,3000,56079.676186
12874,3000,56093.373083
13170,3000,56106.945592
12964,3000,56120.362882
12946,3000,56134.3328
12650,3000,56149.134954
12758,3000,56162.558758
13050,3000,56175.641346
12966,3000,56189.559932
12712,3000,56202.68607
13116,3000,56216.818923
12976,3000,56230.536103
13024,3000,56243.700084
12700,3000,56257.250406
12892,3000,56271.177341
13156,3000,56285.094085
12966,3000,56298.966471
12792,3000,56312.819984
12810,3000,56326.243067
12794,3000,56339.555189
12650,3000,56353.633338
12950,3000,56367.627358
12924,3000,56381.188906
12744,3000,56394.532357
12892,3000,56407.580726
12892,3000,56421.491848
13000,3000,56435.455025
13072,3000,56449.241052
12990,3000,56463.125339
12928,3000,56476.85979
13018,3000,56490.693218
12856,3000,56504.658337
13012,3000,56517.788744
12940,3000,56531.483017
13222,3000,56545.214206
13060,3000,56558.941671
13054,3000,56572.732071
13048,3000,56586.461276
12948,3000,56600.280948
13334,3000,56614.603655
13200,3000,56628.401595
13104,3000,56642.514473
12954,3000,56656.752633
12926,3000,56670.397532
12894,3000,56683.720855
12672,3000,56697.1848
12934,3000,56710.346262
12852,3000,56723.479547
12776,3000,56737.144163
13082,3000,56750.992902
13020,3000,56764.075626
12896,3000,56777.540298
12730,3000,56791.839776
12418,3000,56804.779851
13256,3000,56818.219949
12642,3000,56831.739371
13180,3000,56855.771098
12948,3000,56868.715887
13322,3000,56882.619565
12842,3000,56896.157204
13298,3000,56910.035466
12866,3000,56923.495213
13142,3000,56937.324506
12828,3000,56951.04074
12928,3000,56964.334892
12884,3000,56977.349871
12850,3000,56989.966847
13222,3000,57003.601216
13154,3000,57017.007446
12726,3000,57030.138265
13282,3000,57044.302935
12858,3000,57058.18747
12878,3000,57071.513253
13180,3000,57084.812462
13088,3000,57098.95437
13126,3000,57113.397097
13410,3000,57127.353384
12942,3000,57140.804554
13032,3000,57154.889366
12968,3000,57168.098472
12620,3000,57181.672533
13002,3000,57195.407288
12832,3000,57209.053226
13342,3000,57223.383703
12966,3000,57237.577327
12848,3000,57250.779174
13156,3000,57264.387801
12854,3000,57277.772823
12732,3000,57290.757879
12908,3000,57303.744431
13152,3000,57317.159624
13176,3000,57331.255938
12858,3000,57344.807248
12468,3000,57357.971352
13040,3000,57371.725299
12998,3000,57385.112007
12970,3000,57398.913354
12882,3000,57412.359142
12880,3000,57425.866037
13140,3000,57439.976675
12852,3000,57454.381514
12826,3000,57468.180541
13050,3000,57481.555662
12570,3000,57495.257068
12932,3000,57508.618091
12814,3000,57521.588308
13080,3000,57534.709633
12962,3000,57548.207174
13154,3000,57562.4725
12986,3000,57576.12842
13032,3000,57589.490113
12702,3000,57603.4256
13042,3000,57616.90565
12974,3000,57630.867984
12974,3000,57644.636352
13056,3000,57659.434638
13026,3000,57673.29799
12608,3000,57686.855691
13114,3000,57700.548382
12952,3000,57714.878254
12828,3000,57727.915125
13468,3000,57742.145463
12952,3000,57755.340863
12708,3000,57778.958681
12796,3000,57791.776257
12982,3000,57805.712174
12872,3000,57820.134728
13068,3000,57833.855443
13210,3000,57847.282457
12936,3000,57860.984923
13086,3000,57874.42595
12592,3000,57888.2167
13178,3000,57901.09589
13298,3000,57914.790002
12766,3000,57927.91684
12426,3000,57941.179962
13154,3000,57955.397382
12658,3000,57969.008869
12972,3000,57982.429486
12936,3000,57996.328042
12982,3000,58010.773002
13366,3000,58024.338113
13216,3000,58038.136554
12568,3000,58051.259038
12910,3000,58065.116592
12732,3000,58078.695135
12774,3000,58092.257776
13250,3000,58105.951803
12670,3000,58119.151746
12646,3000,58131.794775
12842,3000,58145.705246
13148,3000,58159.491358
13058,3000,58173.575648
12660,3000,58186.714503
13102,3000,58200.922129
13296,3000,58215.373777
12840,3000,58228.657813
13186,3000,58242.183174
12998,3000,58254.972963
12922,3000,58268.474165
12928,3000,58282.158425
12862,3000,58295.736109
13006,3000,58309.41767
13162,3000,58323.092275
12640,3000,58336.003146
13046,3000,58349.833679
12956,3000,58362.888299
13344,3000,58377.187946
12938,3000,58390.015944
12864,3000,58403.464956
13002,3000,58417.682653
13184,3000,58431.287242
13120,3000,58445.117882
12830,3000,58458.393444
12942,3000,58471.966258
13182,3000,58485.568755
13064,3000,58499.610587
13112,3000,58513.483679
13158,3000,58527.496333
13042,3000,58541.287007
12716,3000,58554.441203
12674,3000,58568.354952
13128,3000,58582.174151
13210,3000,58595.714448
13178,3000,58609.65904
13158,3000,58623.226083
13048,3000,58636.789619
12864,3000,58650.359954
13192,3000,58664.128705
13020,3000,58687.396262
13132,3000,58701.206084
12642,3000,58714.79101
12746,3000,58728.134498
12924,3000,58741.999381
12866,3000,58756.236127
12916,3000,58770.124435
13060,3000,58783.960228
13298,3000,58797.52571
12854,3000,58811.754883
13006,3000,58826.22197
13190,3000,58839.272882
13170,3000,58853.214709
12936,3000,58867.186115
12880,3000,58880.305686
13102,3000,58893.534071
12988,3000,58907.009099
12808,3000,58921.097346
13338,3000,58934.887406
13116,3000,58948.88681
13148,3000,58961.87608
13150,3000,58975.561069
13160,3000,58988.919315
13218,3000,59002.039471
13160,3000,59015.209563
12974,3000,59028.684802
13466,3000,59042.269804
12908,3000,59056.052719
12818,3000,59069.004351
12942,3000,59083.042921
12798,3000,59097.146563
13102,3000,59111.590064
12816,3000,59124.801165
13220,3000,59138.546364
13232,3000,59152.228189
13234,3000,59165.754462
12878,3000,59179.25264
12958,3000,59193.648145
12960,3000,59206.51947
12860,3000,59220.332077
12950,3000,59233.855337
13076,3000,59247.967097
12952,3000,59262.054415
12902,3000,59274.923738
13168,3000,59288.993116
12934,3000,59303.360173
12876,3000,59316.956821
13114,3000,59330.740105
13286,3000,59344.313645
13230,3000,59358.89169
12852,3000,59372.057297
13152,3000,59385.650925
13056,3000,59399.123176
12870,3000,59412.149301
13114,3000,59426.012507
12778,3000,59439.471442
12950,3000,59453.36203
13072,3000,59466.835729
13026,3000,59480.052494
12918,3000,59493.427351
12772,3000,59506.673899
13420,3000,59519.792507
13064,3000,59533.807416
12938,3000,59547.305199
13074,3000,59561.12572
13098,3000,59574.575639
12980,3000,59587.302276
12886,3000,59610.56202
12946,3000,59624.507621
13194,3000,59638.510524
13084,3000,59652.481447
13238,3000,59666.372692
13042,3000,59680.108938
12972,3000,59693.736685
12898,3000,59706.948263
12904,3000,59720.795959
12778,3000,59734.23235
13082,3000,59747.907499
13010,3000,59761.716577
13148,3000,59775.009214
13068,3000,59788.091861
12756,3000,59801.404343
12868,3000,59814.728321
13206,3000,59828.266392
12484,3000,59841.874027
12772,3000,59855.437043
12832,3000,59869.285688
13012,3000,59882.936137
12760,3000,59896.187155
12878,3000,59908.958023
12732,3000,59922.18919
12834,3000,59935.869966
12730,3000,59949.587248
13158,3000,59963.355613
12770,3000,59977.064568
12914,3000,59990.483891
12918,3000,60004.092295
12866,3000,60017.830904
13136,3000,60031.923476
13236,3000,60045.194113
13006,3000,60058.421411
12844,3000,60071.986296
12928,3000,60085.747741
12940,3000,60099.564352
12828,3000,60113.487788
12846,3000,60126.976158
12974,3000,60140.717669
13136,3000,60154.709152
13170,3000,60168.290273
13038,3000,60182.021141
12870,3000,60195.303028
12956,3000,60208.961194
13200,3000,60222.211796
12970,3000,60236.036867
13244,3000,60249.358882
13158,3000,60262.766847
12918,3000,60276.206308
12878,3000,60289.863791
13120,3000,60303.169337
13212,3000,60317.107043
12898,3000,60330.911582
13012,3000,60344.619094
12948,3000,60358.506808
13160,3000,60372.346442
13196,3000,60385.942475
13166,3000,60399.162424
12830,3000,60413.169729
13176,3000,60426.675744
13056,3000,60439.877287
13072,3000,60453.818263
12938,3000,60467.508423
13026,3000,60480.941496
13100,3000,60494.97607
13122,3000,60509.13642
12908,3000,60532.953056
13064,3000,60546.748618
13074,3000,60560.629988
13002,3000,60573.790761
13092,3000,60587.293586
13234,3000,60600.262166
12776,3000,60613.799811
13086,3000,60627.759689
13114,3000,60640.982713
13104,3000,60654.512287
13140,3000,60667.792431
12994,3000,60681.372567
12956,3000,60695.480851
13158,3000,60708.721736
13390,3000,60722.365547
13094,3000,60736.211945
12650,3000,60750.347529
13102,3000,60765.173226
13150,3000,60778.68177
12962,3000,60793.083438
12690,3000,60806.896542
13070,3000,60820.77961
12806,3000,60834.119468
12728,3000,60847.59911
13184,3000,60861.796285
13174,3000,60875.030014
13100,3000,60888.526022
13092,3000,60901.746651
12982,3000,60915.924042
12794,3000,60929.858162
12916,3000,60944.236081
12962,3000,60957.907347
12988,3000,60971.918145
13034,3000,60985.635849
13072,3000,60999.040923
13060,3000,61012.238128
12734,3000,61026.149198
12722,3000,61039.937677
13098,3000,61053.447484
12904,3000,61067.284291
12880,3000,61081.282765
13184,3000,61095.147866
13160,3000,61108.723826
12956,3000,61121.774696
13310,3000,61135.188757
12848,3000,61148.753709
12698,3000,61161.985916
12710,3000,61175.407837
12546,3000,61188.837579
13214,3000,61202.201485
12818,3000,61216.373987
12896,3000,61230.117278
12992,3000,61243.83555
13126,3000,61257.775993
12532,3000,61271.49517
12808,3000,61284.709265
12786,3000,61298.489904
12722,3000,61312.060683
13112,3000,61325.310087
12864,3000,61339.338332
13214,3000,61353.225523
13430,3000,61366.39608
12914,3000,61379.46334
13146,3000,61393.552765
12930,3000,61407.000371
12788,3000,61421.035514
12748,3000,61445.171184
12908,3000,61458.69439
13088,3000,61472.176926
13200,3000,61485.424741
12920,3000,61498.143986
12942,3000,61512.148483
12908,3000,61525.9495
13132,3000,61539.396207
13108,3000,61552.422601
12928,3000,61566.545515
12954,3000,61579.633547
12926,3000,61593.233372
12862,3000,61606.764483
12706,3000,61620.609172
13048,3000,61633.599324
12992,3000,61646.99234
12760,3000,61660.681664
12764,3000,61675.011933
12796,3000,61688.502379
12764,3000,61702.331302
12992,3000,61715.831919
13120,3000,61729.564206
12870,3000,61742.897225
12956,3000,61757.303706
13078,3000,61771.286628
12606,3000,61784.646481
13000,3000,61798.563165
13202,3000,61812.435476
12990,3000,61826.389944
13076,3000,61838.962291
13174,3000,61852.927826
12588,3000,61866.468906
12906,3000,61880.361553
12976,3000,61893.772207
12800,3000,61907.690095
13330,3000,61921.292023
12682,3000,61934.326891
12888,3000,61947.985232
12578,3000,61961.736458
12936,3000,61975.252533
12986,3000,61988.805183
12874,3000,62002.339081
13016,3000,62015.795627
12848,3000,62029.765775
13360,3000,62043.360991
13240,3000,62057.126684
13092,3000,62070.667178
12692,3000,62084.169003
12986,3000,62097.332457
13074,3000,62111.106267
12882,3000,62124.788343
12838,3000,62138.253254
12968,3000,62151.924153
13140,3000,62165.415996
13046,3000,62179.230702
12862,3000,62191.931782
12940,3000,62205.724779
13126,3000,62219.251257
13022,3000,62233.336845
12820,3000,62247.568283
12704,3000,62260.483479
12736,3000,62273.649027
12678,3000,62286.900976
12736,3000,62300.637658
13294,3000,62314.781214
12932,3000,62327.556447
12714,3000,62340.796413
12662,3000,62364.667178
12662,3000,62378.285682
13166,3000,62391.692652
13172,3000,62405.427181
12898,3000,62419.043809
12784,3000,62432.392738
12768,3000,62445.274904
12798,3000,62458.659524
13140,3000,62472.711776
12806,3000,62486.818532
13012,3000,62500.198113
12960,3000,62513.867051
13126,3000,62527.391569
13014,3000,62540.661088
12810,3000,62554.49093
13184,3000,62568.986298
13170,3000,62582.897001
12952,3000,62595.967957
13066,3000,62609.349031
12786,3000,62623.572069
12882,3000,62637.157443
13176,3000,62651.006934
12850,3000,62664.445459
13040,3000,62678.962003
13282,3000,62692.539288
12868,3000,62706.249975
12964,3000,62719.431817
12986,3000,62732.502765
13142,3000,62745.881394
13240,3000,62759.621799
13072,3000,62773.650429
13014,3000,62787.22407
13390,3000,62801.059056
13246,3000,62814.60195
12672,3000,62827.938465
13120,3000,62841.23502
13364,3000,62855.692866
13168,3000,62868.76062
13116,3000,62882.803046
13264,3000,62896.257764
13036,3000,62909.771165
13074,3000,62923.245891
12792,3000,62935.940075
13188,3000,62949.867756
12630,3000,62963.486052
12866,3000,62977.131135
13086,3000,62991.176123
12872,3000,63005.410527
12900,3000,63019.091722
12848,3000,63032.691128
13228,3000,63046.728754
12758,3000,63060.457844
13130,3000,63073.742492
13080,3000,63087.60723
13280,3000,63102.459144
12970,3000,63116.581337
12790,3000,63130.104676
12824,3000,63143.309901
13188,3000,63156.802024
13142,3000,63170.734547
12584,3000,63184.530627
13158,3000,63198.175269
12966,3000,63212.096481
13162,3000,63225.42839
13080,3000,63238.749382
13190,3000,63252.229127
12896,3000,63266.140217
13226,3000,63289.933709
12552,3000,63303.114993
12822,3000,63317.152534
13180,3000,63330.43779
13094,3000,63343.822961
12820,3000,63356.94685
13028,3000,63370.357821
12818,3000,63384.445294
12902,3000,63398.34219
13206,3000,63412.661678
12938,3000,63426.288028
13444,3000,63440.167922
12768,3000,63453.874575
12802,3000,63467.144508
13284,3000,63480.909872
13208,3000,63494.78875
13256,3000,63508.183697
12678,3000,63522.195357
13276,3000,63535.582946
12590,3000,63549.17165
12720,3000,63562.519733
12734,3000,63576.131501
13026,3000,63589.399196
12854,3000,63603.515951
12782,3000,63616.891232
12552,3000,63630.22857
12878,3000,63644.180169
12924,3000,63657.944432
13008,3000,63670.926143
12968,3000,63684.641962
13126,3000,63697.416247
12386,3000,63711.454412
13114,3000,63724.656215
13064,3000,63738.576797
12774,3000,63752.125005
13030,3000,63765.829754
12962,3000,63779.083779
12924,3000,63792.905046
13180,3000,63806.269743
12952,3000,63820.528626
12828,3000,63834.84934
13154,3000,63848.567119
13214,3000,63862.228292
13396,3000,63875.56771
13108,3000,63888.086997
13282,3000,63901.073367
13036,3000,63914.378018
12890,3000,63929.143271
13068,3000,63942.257404
12888,3000,63955.325511
12806,3000,63968.437858
13184,3000,63982.683733
13170,3000,63995.696242
13200,3000,64009.634823
12646,3000,64024.131662
12806,3000,64037.664294
13070,3000,64050.873524
13190,3000,64064.82965
13080,3000,64078.116526
12968,3000,64092.032463
13048,3000,64105.580745
12946,3000,64118.613618
13038,3000,64131.973363
12950,3000,64146.091586
12974,3000,64159.377385
13292,3000,64172.551254
12968,3000,64195.800651
12930,3000,64209.680542
12936,3000,64223.693229
13052,3000,64237.163745
12940,3000,64250.811725
12688,3000,64264.945634
13262,3000,64278.734222
13272,3000,64292.670177
13236,3000,64306.477624
13172,3000,64319.763704
12780,3000,64333.201249
13112,3000,64347.007268
12954,3000,64361.33162
13094,3000,64375.12045
13262,3000,64389.076474
13094,3000,64403.209741
12854,3000,64416.248474
13042,3000,64429.487896
12866,3000,64443.271224
13004,3000,64456.898472
13160,3000,64470.072718
13254,3000,64484.207692
12760,3000,64497.241984
13182,3000,64510.684657
12780,3000,64524.429932
13018,3000,64537.736394
12750,3000,64551.37228
12964,3000,64564.838483
13082,3000,64578.756279
12754,3000,64592.027716
13148,3000,64605.987151
13038,3000,64619.620073
13102,3000,64633.129507
13014,3000,64646.334573
13074,3000,64660.156314
13050,3000,64673.697162
12920,3000,64687.408376
13116,3000,64700.744896
12800,3000,64714.831706
13154,3000,64728.93649
12860,3000,64742.213593
12884,3000,64755.31727
12772,3000,64768.83843
13192,3000,64782.554635
13000,3000,64796.132631
13078,3000,64810.509728
12938,3000,64824.712347
13272,3000,64839.096196
13060,3000,64853.401202
12844,3000,64866.86246
13048,3000,64880.740757
12864,3000,64894.267783
13076,3000,64908.860849
12886,3000,64922.473355
12978,3000,64936.076289
12976,3000,64950.035974
13140,3000,64963.622546
13042,3000,64977.181748
12720,3000,64990.494524
13088,3000,65004.193504
13112,3000,65017.083175
13064,3000,65031.129202
12802,3000,65044.898624
12924,3000,65059.193969
13038,3000,65072.719885
13102,3000,65086.79971
13142,3000,65100.237342
12774,3000,65123.42056
12838,3000,65136.587496
12974,3000,65150.212989
13310,3000,65164.112816
12896,3000,65177.393682
13084,3000,65191.856457
13136,3000,65205.62763
13064,3000,65219.541019
12610,3000,65233.200853
12884,3000,65246.287517
12974,3000,65260.704233
13106,3000,65274.450237
13166,3000,65287.903734
12802,3000,65301.680119
12690,3000,65315.150046
12950,3000,65328.449573
12740,3000,65341.750433
12768,3000,65355.106906
12696,3000,65368.753356
13048,3000,65382.083566
12762,3000,65395.45381
12950,3000,65408.988254
13446,3000,65422.412648
12920,3000,65435.972481
12860,3000,65449.345209
12982,3000,65462.698889
12934,3000,65476.619603
13346,3000,65490.284628
12954,3000,65504.018468
13372,3000,65518.44765
12738,3000,65531.646341
12962,3000,65545.643851
13102,3000,65558.892041
13042,3000,65571.625476
12678,3000,65584.566571
12726,3000,65598.208621
13072,3000,65612.458353
12764,3000,65626.376019
13168,3000,65639.397823
12714,3000,65652.210459
12832,3000,65665.017735
13266,3000,65678.825154
12868,3000,65692.423742
13108,3000,65706.53931
12698,3000,65720.099566
12828,3000,65733.85769
12816,3000,65747.144004
13048,3000,65761.271324
13218,3000,65775.083637
13232,3000,65788.553421
13114,3000,65802.381604
12846,3000,65815.986715
12932,3000,65829.36583
12864,3000,65843.550444
12966,3000,65856.995988
12986,3000,65870.496671
13034,3000,65884.21834
12684,3000,65897.363568
13016,3000,65911.081436
13096,3000,65924.467191
12838,3000,65937.695978
12944,3000,65951.126521
13208,3000,65964.524725
12890,3000,65977.587011
13068,3000,65990.742212
12992,3000,66004.811067
13078,3000,66017.963262
13068,3000,66041.414159
12936,3000,66054.423394
12904,3000,66068.139063
13162,3000,66082.414695
13080,3000,66095.425674
12812,3000,66108.636098
13074,3000,66122.033415
12954,3000,66135.491271
13180,3000,66149.113313
13108,3000,66162.309286
13192,3000,66175.602665
12294,3000,66189.777538
13368,3000,66203.841372
12910,3000,66217.174864
13260,3000,66231.355337
13168,3000,66245.426857
12810,3000,66259.16797
12982,3000,66272.924383
12672,3000,66287.105229
12678,3000,66300.968273
12976,3000,66314.983818
13012,3000,66328.524901
13080,3000,66342.490582
12884,3000,66356.10715
13242,3000,66370.311665
13028,3000,66383.789843
12688,3000,66397.0736
13164,3000,66411.254251
13066,3000,66424.749439
13152,3000,66438.497803
12828,3000,66451.606954
12948,3000,66464.872427
12726,3000,66478.600514
12710,3000,66492.035019
13468,3000,66506.373488
12752,3000,66520.1141
13098,3000,66533.767112
12694,3000,66547.209581
12860,3000,66560.782479
13322,3000,66574.907329
12880,3000,66588.410959
12560,3000,66602.121536
12856,3000,66615.880973
12684,3000,66629.41676
13176,3000,66642.406496
12808,3000,66656.332087
12828,3000,66669.998347
13160,3000,66683.378584
12740,3000,66697.304888
13078,3000,66711.321986
13488,3000,66725.070141
13124,3000,66739.038757
12720,3000,66753.001574
13050,3000,66767.201337
13080,3000,66780.601057
13202,3000,66794.611821
12876,3000,66808.100874
13142,3000,66821.801337
13070,3000,66835.234132
12978,3000,66849.3909
12904,3000,66862.494414
12976,3000,66875.964779
12814,3000,66889.204772
12832,3000,66902.635491
13174,3000,66915.951138
13422,3000,66930.081699
13162,3000,66953.352162
13188,3000,66967.663554
12906,3000,66981.79967
13110,3000,66995.168392
13358,3000,67009.338818
12922,3000,67021.991905
12732,3000,67036.023027
12776,3000,67049.933713
12892,3000,67063.499831
13096,3000,67078.017915
12662,3000,67091.938785
12856,3000,67106.062679
13010,3000,67119.179965
12834,3000,67132.719879
12912,3000,67145.769342
13052,3000,67158.709099
13040,3000,67173.064236
12938,3000,67186.578735
12882,3000,67200.09871
12642,3000,67213.684293
13208,3000,67227.911197
12976,3000,67241.308397
13018,3000,67254.470499
12932,3000,67267.796195
12762,3000,67281.133595
12720,3000,67293.945637
12734,3000,67307.938696
12908,3000,67321.541046
13428,3000,67335.497021
12848,3000,67349.183978
12734,3000,67361.923982
13064,3000,67375.940517
12896,3000,67389.009448
12776,3000,67402.514771
12974,3000,67415.824417
13024,3000,67429.053487
12908,3000,67442.817046
13132,3000,67456.441329
12758,3000,67470.102631
12946,3000,67483.355888
12928,3000,67496.734426
12938,3000,67510.322676
13124,3000,67524.482651
12798,3000,67537.861108
13116,3000,67552.089979
13108,3000,67565.44171
12906,3000,67579.279058
13182,3000,67593.615828
13092,3000,67607.724171
12842,3000,67621.892654
12998,3000,67635.668893
12954,3000,67648.905027
12842,3000,67662.429666
13352,3000,67676.325035
13094,3000,67690.00637
12982,3000,67703.80118
12740,3000,67716.777501
12610,3000,67729.833631
12780,3000,67742.957626
13192,3000,67756.469148
12882,3000,67769.615247
12696,3000,67783.129505
12804,3000,67796.83449
12960,3000,67810.751092
12964,3000,67824.655919
12818,3000,67837.779958
12808,3000,67851.12094
12866,3000,67874.922065
12608,3000,67887.814948
13140,3000,67902.041652
12738,3000,67915.76565
12928,3000,67929.839202
12820,3000,67943.449591
12988,3000,67957.304238
12840,3000,67971.150074
13086,3000,67984.420527
12766,3000,67997.780015
12728,3000,68011.929552
13116,3000,68024.953371
12978,3000,68038.490941
12704,3000,68051.856628
13152,3000,68065.163539
12662,3000,68079.052917
13106,3000,68092.822621
13012,3000,68106.077992
12980,3000,68119.933712
13116,3000,68133.313334
12810,3000,68147.066638
12972,3000,68160.355679
12660,3000,68173.653228
13242,3000,68187.242688
13168,3000,68200.414019
12866,3000,68214.557675
13156,3000,68228.407939
12884,3000,68241.976645
13066,3000,68255.933987
13386,3000,68269.800109
12878,3000,68283.333661
13140,3000,68297.088326
12814,3000,68310.280027
12920,3000,68324.013871
12844,3000,68338.215695
13130,3000,68352.19553
13156,3000,68366.11452
12798,3000,68379.92191
13020,3000,68393.906639
13098,3000,68408.70492
12928,3000,68422.774574
12718,3000,68436.240506
13038,3000,68449.448734
12836,3000,68463.12525
12650,3000,68476.932843
13100,3000,68490.431196
13012,3000,68504.538773
12854,3000,68518.482572
12734,3000,68532.148752
12848,3000,68545.807237
12614,3000,68559.55736
12776,3000,68573.448457
13046,3000,68586.744932
13354,3000,68600.686207
13086,3000,68614.084919
13156,3000,68627.743729
13226,3000,68641.845934
12814,3000,68655.303694
12950,3000,68668.421938
12936,3000,68681.750263
12776,3000,68695.353048
13044,3000,68709.290659
12618,3000,68723.538763
13094,3000,68737.191633
12774,3000,68750.271653
12898,3000,68763.737221
13280,3000,68777.374242
13224,3000,68800.729214
12980,3000,68814.305847
12666,3000,68828.06699
12758,3000,68841.08032
12864,3000,68854.748951
13088,3000,68868.367478
12714,3000,68881.918929
12880,3000,68895.094887
13390,3000,68908.905082
12966,3000,68922.516791
12934,3000,68936.252766
12492,3000,68948.834416
12852,3000,68962.104611
12756,3000,68975.96417
13038,3000,68989.749829
12994,3000,69003.84873
12770,3000,69017.264145
12868,3000,69031.15327
12834,3000,69044.354454
13258,3000,69057.821433
12764,3000,69071.544364
13020,3000,69086.020465
12954,3000,69100.208559
13158,3000,69113.714889
13046,3000,69127.517375
12880,3000,69141.298388
12956,3000,69154.71933
12966,3000,69168.324144
13314,3000,69182.663275
13004,3000,69196.292162
12974,3000,69209.56177
12616,3000,69223.646958
12858,3000,69236.696162
12964,3000,69249.524543
12494,3000,69262.60261
13180,3000,69275.412173
13184,3000,69288.773632
12954,3000,69302.044374
13038,3000,69315.323599
12638,3000,69329.110178
13024,3000,69343.553867
13190,3000,69357.449005
12746,3000,69371.180228
13144,3000,69384.95212
12540,3000,69397.863989
12572,3000,69411.249179
13236,3000,69425.497175
12924,3000,69439.052803
12976,3000,69452.572042
12910,3000,69466.562298
12944,3000,69480.120879
12822,3000,69493.352021
12846,3000,69507.445415
12846,3000,69520.705454
12978,3000,69534.400345
13050,3000,69548.643126
12866,3000,69561.954568
13080,3000,69575.774428
13248,3000,69589.217532
12756,3000,69602.936583
12994,3000,69616.63783
13256,3000,69630.427765
13144,3000,69644.456522
12720,3000,69659.316247
13358,3000,69672.70475
13010,3000,69686.844652
13080,3000,69710.619105
13248,3000,69724.607901
12930,3000,69737.45266
12870,3000,69750.406515
12602,3000,69763.948484
12686,3000,69777.221292
12942,3000,69790.744525
12908,3000,69804.374713
13032,3000,69817.290314
12988,3000,69831.515492
12716,3000,69845.223954
12980,3000,69859.097096
13024,3000,69872.882555
12902,3000,69886.595446
12590,3000,69899.904358
12996,3000,69913.566066
12902,3000,69927.694674
12948,3000,69940.746129
13076,3000,69954.023436
12856,3000,69967.220388
12876,3000,69981.401411
12594,3000,69994.787488
13024,3000,70008.311391
13068,3000,70021.719452
12872,3000,70035.397023
12618,3000,70048.581243
12594,3000,70062.328122
12784,3000,70075.990759
13022,3000,70088.757492
12840,3000,70102.258027
12756,3000,70116.572989
12724,3000,70129.343229
12710,3000,70142.779022
12686,3000,70156.311438
13402,3000,70170.107733
13082,3000,70183.671155
13064,3000,70197.702629
13128,3000,70210.936368
12688,3000,70224.412783
13358,3000,70238.323564
13072,3000,70252.152193
12662,3000,70265.628693
12716,3000,70278.617545
12970,3000,70292.675195
13034,3000,70305.98865
12686,3000,70319.123658
13258,3000,70333.127962
12968,3000,70346.253971
12932,3000,70360.155312
12926,3000,70374.21601
12782,3000,70388.009552
13038,3000,70401.133031
13050,3000,70415.295199
12836,3000,70428.37521
12714,3000,70441.536882
13252,3000,70455.312037
13224,3000,70468.947863
12780,3000,70482.292834
12750,3000,70496.204444
13128,3000,70510.435501
13384,3000,70524.531227
13108,3000,70537.954091
12918,3000,70551.278177
13192,3000,70564.435859
13204,3000,70579.343385
13266,3000,70593.362313
13030,3000,70608.058164
13076,3000,70631.286161
12924,3000,70644.476928
13106,3000,70657.815319
13078,3000,70671.166523
12750,3000,70683.737974
12674,3000,70697.25411
13050,3000,70711.192703
12850,3000,70724.824977
13198,3000,70738.614374
13120,3000,70751.627574
12970,3000,70765.451647
12998,3000,70779.197663
12654,3000,70792.549704
13172,3000,70806.786152
12678,3000,70820.527493
12922,3000,70834.605984
12954,3000,70847.686753
13242,3000,70861.775459
12820,3000,70874.974294
13478,3000,70888.403625
12954,3000,70901.752529
12818,3000,70915.932122
13118,3000,70928.981605
13104,3000,70942.316284
13108,3000,70955.135618
12936,3000,70968.135841
12760,3000,70982.587685
12814,3000,70995.63643
12616,3000,71009.325067
13054,3000,71022.628068
12942,3000,71035.927589
13254,3000,71049.901609
13104,3000,71063.961664
12742,3000,71077.458035
13062,3000,71091.548158
13044,3000,71105.229984
13006,3000,71119.260948
12894,3000,71131.687282
13124,3000,71145.609923
12756,3000,71159.196784
12874,3000,71172.55456
12886,3000,71187.350312
12810,3000,71200.474878
12868,3000,71214.72108
13008,3000,71228.419954
13134,3000,71242.826058
12876,3000,71256.028038
12792,3000,71269.688449
13010,3000,71283.388666
12782,3000,71297.653526
12922,3000,71311.382876
13214,3000,71324.795031
13084,3000,71339.021644
12968,3000,71352.28504
13110,3000,71366.371249
12918,3000,71379.20916
12678,3000,71392.556583
12984,3000,71405.185802
13048,3000,71419.072945
13338,3000,71432.118243
13058,3000,71445.86485
13120,3000,71459.70908
13022,3000,71473.140552
13290,3000,71486.920891
13192,3000,71500.265989
13456,3000,71515.177556
12622,3000,71528.263148
13024,3000,71552.783229
12904,3000,71565.73734
13042,3000,71579.99343
12790,3000,71593.751651
12658,3000,71607.050971
13012,3000,71620.256502
12894,3000,71634.044577
13046,3000,71647.633138
12550,3000,71660.997524
13002,3000,71674.09527
12986,3000,71688.316371
12934,3000,71701.868745
13110,3000,71715.617178
12860,3000,71728.842985
12848,3000,71742.568709
12956,3000,71756.398623
13174,3000,71770.090438
12976,3000,71783.487157
13154,3000,71797.18018
12978,3000,71811.207576
12692,3000,71825.046886
13064,3000,71839.065187
13002,3000,71853.398187
13242,3000,71867.411025
12884,3000,71880.802136
12892,3000,71894.29845
12694,3000,71907.790525
12920,3000,71921.453353
12942,3000,71935.200301
13070,3000,71948.728979
13250,3000,71962.756171
12670,3000,71975.834828
12822,3000,71989.41255
13368,3000,72003.181147
12886,3000,72016.505121
13180,3000,72030.067045
13114,3000,72044.19171
12992,3000,72057.677399
13098,3000,72071.442554
12682,3000,72084.966982
13044,3000,72098.905
13498,3000,72113.718443
13178,3000,72127.375828
13224,3000,72140.862488
13048,3000,72154.355638
13018,3000,72167.522419
12888,3000,72181.46828
13064,3000,72195.39238
12876,3000,72208.463578
12860,3000,72222.044567
13302,3000,72236.141355
12952,3000,72249.66707
12978,3000,72263.954052
13004,3000,72277.640067
13070,3000,72291.032084
13148,3000,72305.03813
12978,3000,72318.545023
13018,3000,72331.988322
12988,3000,72345.49263
12776,3000,72359.227597
13054,3000,72372.690042
13020,3000,72386.979838
12836,3000,72400.425678
13096,3000,72414.540506
13200,3000,72428.177245
13278,3000,72441.71768
13146,3000,72465.039124
13322,3000,72478.448951
13330,3000,72491.497183
12872,3000,72505.238877
12788,3000,72518.85871
12678,3000,72532.550534
12858,3000,72546.213768
12594,3000,72559.618683
13012,3000,72573.510788
13226,3000,72586.980154
13254,3000,72600.893183
12846,3000,72614.653601
13114,3000,72627.282593
12912,3000,72641.350569
13254,3000,72654.589435
12962,3000,72668.214565
12744,3000,72681.50046
12860,3000,72694.987998
12948,3000,72708.636072
12992,3000,72722.350522
13170,3000,72736.038116
13068,3000,72749.929744
13010,3000,72763.578442
13354,3000,72776.585094
12920,3000,72790.353038
13130,3000,72803.588354
13134,3000,72817.467767
12956,3000,72831.042099
12772,3000,72845.241408
12904,3000,72858.673309
13134,3000,72872.58825
13046,3000,72886.612904
13106,3000,72900.008755
12866,3000,72912.999005
12860,3000,72926.583703
12780,3000,72940.014636
12926,3000,72953.574624
13216,3000,72967.06712
13374,3000,72981.133594
12926,3000,72994.528557
13138,3000,73008.560735
13026,3000,73021.927749
13246,3000,73036.407356
12794,3000,73049.603482
13296,3000,73063.059481
13124,3000,73076.055161
12878,3000,73090.03756
13060,3000,73103.416305
12970,3000,73117.322544
12956,3000,73130.989478
13272,3000,73144.812845
13206,3000,73158.517741
12726,3000,73171.667426
12414,3000,73184.854825
13198,3000,73198.556246
12814,3000,73211.835523
12746,3000,73225.529575
13104,3000,73238.99523
13010,3000,73253.324249
12862,3000,73266.091564
12718,3000,73279.946957
12984,3000,73293.487141
12622,3000,73306.953786
12800,3000,73320.738219
13194,3000,73334.022904
12812,3000,73347.108322
12984,3000,73361.259368
12668,3000,73385.28455
12942,3000,73398.806109
13166,3000,73412.319069
13214,3000,73425.770441
13324,3000,73439.984202
13242,3000,73453.373277
12724,3000,73467.247564
13160,3000,73480.530994
12980,3000,73494.685761
12852,3000,73508.704231
12906,3000,73522.774564
12924,3000,73536.567776
13224,3000,73550.138259
12914,3000,73564.380164
13164,3000,73578.360911
12750,3000,73592.367248
13076,3000,73605.615247
13130,3000,73619.249053
12668,3000,73633.574562
12804,3000,73646.760251
12998,3000,73659.785239
13114,3000,73674.247668
13122,3000,73687.946032
12900,3000,73701.897222
12960,3000,73715.578726
12820,3000,73729.035225
12986,3000,73743.102622
12572,3000,73757.067982
12966,3000,73770.208529
12560,3000,73784.071072
12764,3000,73797.806108
13054,3000,73812.211158
12904,3000,73825.731458
12974,3000,73838.957088
12880,3000,73852.11756
13032,3000,73865.272799
12746,3000,73879.470365
13190,3000,73892.669746
12908,3000,73905.943475
12690,3000,73920.28942
12952,3000,73934.231042
13064,3000,73948.159595
13164,3000,73961.549309
12944,3000,73974.728156
12762,3000,73988.030977
12946,3000,74001.413892
13118,3000,74015.443797
13108,3000,74028.707366
12832,3000,74042.549577
13002,3000,74056.474488
12594,3000,74069.427736
13054,3000,74082.889486
12838,3000,74096.886328
12916,3000,74111.671593
12852,3000,74125.420712
12736,3000,74138.760396
13282,3000,74152.553015
13116,3000,74166.177891
12906,3000,74179.629809
12988,3000,74194.249681
12894,3000,74208.29592
13108,3000,74221.859174
13098,3000,74235.193974
13022,3000,74248.488648
13096,3000,74261.857221
13030,3000,74276.157043
12962,3000,74289.768207
12950,3000,74313.519526
13044,3000,74326.810022
12866,3000,74340.585149
13266,3000,74354.259541
12986,3000,74367.996117
12666,3000,74380.742474
13066,3000,74394.277253
12830,3000,74407.47529
13042,3000,74421.801962
13146,3000,74435.419196
12950,3000,74448.806795
12592,3000,74461.963064
12916,3000,74475.642484
12868,3000,74489.781386
12874,3000,74502.922682
12888,3000,74516.329101
13144,3000,74530.512606
12946,3000,74543.430919
12928,3000,74557.238288
12774,3000,74571.136271
13032,3000,74585.009821
12992,3000,74598.647693
12754,3000,74612.298825
12918,3000,74625.884716
13138,3000,74639.724374
12704,3000,74653.533934
13062,3000,74667.505121
12818,3000,74681.1053
12956,3000,74694.938733
13268,3000,74708.66338
12932,3000,74722.041187
13008,3000,74735.902923
13112,3000,74749.630557
13016,3000,74763.236719
12700,3000,74776.480965
13140,3000,74790.468414
12946,3000,74804.21362
13212,3000,74817.685696
12952,3000,74831.253717
12852,3000,74845.304881
13092,3000,74860.076374
13012,3000,74873.434433
12908,3000,74887.355111
12724,3000,74901.24702
12638,3000,74915.268949
12684,3000,74929.490069
13314,3000,74943.778114
13062,3000,74957.684414
12940,3000,74972.068887
12896,3000,74985.555845
12788,3000,74998.568012
13292,3000,75012.423378
12972,3000,75025.405316
12996,3000,75039.543513
13190,3000,75053.577269
13256,3000,75067.251212
12952,3000,75080.867501
12616,3000,75094.750503
13106,3000,75108.424553
12982,3000,75122.245155
13322,3000,75136.077475
13132,3000,75149.133017
13284,3000,75163.679751
13030,3000,75177.706063
12778,3000,75190.976758
13212,3000,75204.307513
12992,3000,75227.39379
13024,3000,75240.489224
12892,3000,75253.85157
12880,3000,75267.771348
13242,3000,75281.015494
12960,3000,75294.272452
13138,3000,75308.083881
12952,3000,75321.53086
12854,3000,75335.719769
12772,3000,75348.734036
12984,3000,75362.456269
12852,3000,75375.724857
13282,3000,75389.092272
12716,3000,75402.557398
12566,3000,75415.593343
12756,3000,75429.475147
12778,3000,75442.512665
13140,3000,75455.958146
12700,3000,75469.63496
13120,3000,75483.021396
12914,3000,75496.691449
12902,3000,75510.355914
13042,3000,75523.446469
13078,3000,75537.17548
13170,3000,75550.964171
13064,3000,75564.562237
12906,3000,75577.69723
12604,3000,75590.640883
13016,3000,75604.072412
12712,3000,75617.015168
12880,3000,75630.647897
12786,3000,75644.297623
13090,3000,75657.955644
13114,3000,75672.333548
12838,3000,75686.634361
13050,3000,75700.270692
12922,3000,75714.208403
12926,3000,75727.840599
12638,3000,75741.670126
13062,3000,75755.170022
13220,3000,75768.939521
13218,3000,75782.977423
12738,3000,75796.573683
13130,3000,75810.745228
13062,3000,75824.250229
13054,3000,75837.572905
12876,3000,75851.170004
12536,3000,75864.63583
12838,3000,75877.552961
12904,3000,75891.216971
12624,3000,75904.741713
12820,3000,75917.068872
12950,3000,75931.035624
12764,3000,75945.019898
13148,3000,75959.744908
12882,3000,75972.812559
12810,3000,75987.022918
12502,3000,76000.966878
13166,3000,76014.588814
12644,3000,76028.663387
13014,3000,76041.955139
13030,3000,76055.606459
12772,3000,76069.199502
13156,3000,76082.796763
13096,3000,76096.38465
13104,3000,76110.299047
12460,3000,76123.923889
12578,3000,76147.38106
12976,3000,76160.954792
12734,3000,76174.610058
12800,3000,76188.142567
13004,3000,76201.819329
12656,3000,76215.41073
13012,3000,76229.740039
12822,3000,76243.396557
13056,3000,76256.766272
12860,3000,76270.713353
13010,3000,76284.39026
13262,3000,76298.256113
12878,3000,76311.933321
12988,3000,76326.07953
12842,3000,76339.047192
12726,3000,76352.6249
13008,3000,76366.23622
13034,3000,76379.263629
13104,3000,76393.365918
13116,3000,76406.730014
13140,3000,76420.95847
12848,3000,76434.488782
13140,3000,76447.903062
12800,3000,76461.915058
12668,3000,76475.419976
13046,3000,76488.986035
12856,3000,76502.536695
13100,3000,76516.38665
13036,3000,76530.009959
13146,3000,76543.501176
12696,3000,76557.472909
12920,3000,76571.384181
12976,3000,76584.59118
13080,3000,76597.91621
13040,3000,76611.881124
13318,3000,76625.631396
13062,3000,76639.545724
12612,3000,76652.774972
12830,3000,76666.463832
13030,3000,76679.732592
13102,3000,76693.434161
12780,3000,76706.860548
12938,3000,76719.704607
12870,3000,76733.223482
12696,3000,76747.815322
13022,3000,76761.798346
13032,3000,76776.050035
12580,3000,76790.265755
13136,3000,76803.616993
13040,3000,76816.921904
13076,3000,76830.770083
12934,3000,76843.944661
12992,3000,76857.524828
13122,3000,76871.947068
13074,3000,76886.23033
13092,3000,76899.712142
12790,3000,76913.267397
12898,3000,76926.935306
13088,3000,76941.002145
12812,3000,76955.270185
13084,3000,76968.2681
12968,3000,76981.795952
13032,3000,76995.162783
12578,3000,77008.199072
12870,3000,77021.669476
12766,3000,77035.087902
12864,3000,77048.976978
13174,3000,77072.126667
13052,3000,77085.632674
12968,3000,77099.243643
13036,3000,77113.128989
13034,3000,77127.260124
13018,3000,77140.89756
13166,3000,77154.56343
13058,3000,77168.54344
13120,3000,77182.384043
12852,3000,77196.51008
13120,3000,77210.340141
13250,3000,77224.926239
12792,3000,77238.268511
12748,3000,77251.865357
13336,3000,77265.480877
12982,3000,77279.316236
13210,3000,77293.753698
12808,3000,77307.360922
13172,3000,77321.614717
13244,3000,77335.57285
13044,3000,77349.212082
12462,3000,77362.366672
13066,3000,77375.543224
12860,3000,77388.878329
13080,3000,77401.924751
13062,3000,77414.659171
12758,3000,77428.656629
12846,3000,77442.249004
13136,3000,77455.527717
12942,3000,77467.854625
12736,3000,77481.214901
12922,3000,77495.54875
12830,3000,77509.108727
13194,3000,77523.353635
13006,3000,77536.331491
12950,3000,77549.783228
13198,3000,77563.446634
12912,3000,77577.477468
13262,3000,77590.791097
12702,3000,77603.890189
12854,3000,77617.276884
13054,3000,77630.657025
13044,3000,77644.596745
13068,3000,77658.076107
12870,3000,77671.635059
12532,3000,77684.767329
12904,3000,77698.8648
13048,3000,77712.068522
13154,3000,77725.550512
12880,3000,77738.985059
13054,3000,77752.575245
12722,3000,77765.505617
12724,3000,77778.861017
13028,3000,77792.350294
13016,3000,77806.264336
12614,3000,77820.153296
12898,3000,77832.740084
12904,3000,77846.399659
13208,3000,77860.119864
12944,3000,77873.789214
12912,3000,77887.302757
12980,3000,77900.844736
12988,3000,77914.89843
12812,3000,77928.099149
13070,3000,77942.066479
12996,3000,77955.821619
12970,3000,77979.010043
12800,3000,77992.52712
12950,3000,78006.391225
13176,3000,78019.480063
12868,3000,78032.614954
12910,3000,78046.214868
13066,3000,78059.384532
12956,3000,78073.188848
13220,3000,78086.492103
12890,3000,78099.538721
12952,3000,78112.433923
13086,3000,78125.812218
13290,3000,78140.156398
12876,3000,78153.86744
12946,3000,78167.157837
12902,3000,78181.322487
13002,3000,78195.030063
12944,3000,78208.540176
13048,3000,78221.649399
13192,3000,78234.786406
13076,3000,78248.546782
12636,3000,78262.226061
12830,3000,78275.900075
12996,3000,78289.801293
13008,3000,78303.585337
12882,3000,78317.285415
12840,3000,78330.767746
13024,3000,78343.838506
13202,3000,78356.689026
13080,3000,78370.453866
13332,3000,78384.605779
12882,3000,78397.521941
13234,3000,78411.045947
13046,3000,78424.944024
12476,3000,78438.458244
13106,3000,78451.840187
12974,3000,78465.698639
13072,3000,78479.406544
12692,3000,78492.829072
12954,3000,78506.37779
12872,3000,78520.23337
13118,3000,78534.257835
12598,3000,78547.493712
13288,3000,78561.090279
12836,3000,78574.33398
13036,3000,78587.817868
12912,3000,78600.78144
12662,3000,78614.195346
13286,3000,78628.114053
12840,3000,78641.216686
13052,3000,78654.377145
12920,3000,78667.801223
12956,3000,78681.671436
12610,3000,78695.470867
13020,3000,78708.413518
12988,3000,78721.75943
13152,3000,78735.902004
13200,3000,78749.313704
12684,3000,78762.634284
12746,3000,78776.528602
12656,3000,78790.035009
13082,3000,78803.396336
12978,3000,78817.662742
13010,3000,78830.443565
12974,3000,78844.125772
12804,3000,78857.51603
13066,3000,78870.465051
12904,3000,78893.936295
12858,3000,78907.567288
13062,3000,78920.164833
12852,3000,78933.833191
12818,3000,78947.007947
12450,3000,78960.20101
12930,3000,78973.479569
13060,3000,78987.426016
12640,3000,79001.845118
12630,3000,79015.812552
12962,3000,79029.563328
13166,3000,79043.15673
12892,3000,79056.653116
12980,3000,79070.020811
12780,3000,79083.028562
12480,3000,79097.07537
12940,3000,79110.800717
12768,3000,79124.194196
12844,3000,79138.147597
12500,3000,79151.335182
13032,3000,79164.20733
12528,3000,79177.901834
13052,3000,79192.151735
12972,3000,79206.728994
12890,3000,79219.415688
13284,3000,79232.626843
12742,3000,79246.744272
13422,3000,79260.466724
13166,3000,79274.071761
12540,3000,79287.898531
13156,3000,79301.530643
12822,3000,79315.497112
12900,3000,79330.096305
12802,3000,79342.97563
12564,3000,79355.863486
13272,3000,79369.638095
12700,3000,79383.918048
12822,3000,79397.332426
13060,3000,79411.138429
12874,3000,79424.843706
13072,3000,79438.330593
13098,3000,79451.695481
12722,3000,79465.459686
12892,3000,79479.574959
12868,3000,79493.517987
13284,3000,79506.476349
12788,3000,79520.087869
12802,3000,79533.56216
12834,3000,79546.882476
13482,3000,79560.754756
13056,3000,79574.122238
12832,3000,79586.922074
12780,3000,79600.913286
12826,3000,79614.249521
13378,3000,79627.172713
12674,3000,79640.572132
13024,3000,79654.311513
12790,3000,79667.645504
13026,3000,79681.89339
12662,3000,79695.373519
12974,3000,79709.077697
12636,3000,79722.423411
12998,3000,79736.148299
13282,3000,79749.716722
13198,3000,79763.336287
13024,3000,79777.23123
13174,3000,79791.011071
13072,3000,79814.742853
12878,3000,79828.687089
12932,3000,79841.888014
13106,3000,79856.304454
13126,3000,79870.180177
12796,3000,79883.452793
12850,3000,79897.308557
12862,3000,79911.022549
12568,3000,79924.105346
12850,3000,79938.173952
12910,3000,79951.656337
13020,3000,79964.040807
13042,3000,79977.858018
12584,3000,79991.588651
13114,3000,80005.242794
13098,3000,80019.12952
13064,3000,80032.512532
12962,3000,80045.544151
12814,3000,80058.647789
12466,3000,80071.717573
12914,3000,80085.629242
12646,3000,80099.393335
12884,3000,80112.331737
12608,3000,80126.247599
12388,3000,80139.967961
12936,3000,80153.393295
12790,3000,80166.39881
13056,3000,80179.857773
13210,3000,80193.679314
12676,3000,80207.354372
12752,3000,80220.592853
12768,3000,80234.661605
13074,3000,80247.909538
12832,3000,80261.295434
12864,3000,80274.414501
12898,3000,80288.082279
12752,3000,80302.277949
12890,3000,80315.937848
12836,3000,80329.514099
12924,3000,80344.097679
13114,3000,80357.999556
12926,3000,80372.029544
12974,3000,80385.961215
12776,3000,80399.3707
12794,3000,80413.10268
12798,3000,80426.804439
13112,3000,80440.484274
13354,3000,80454.589199
12926,3000,80468.089418
13052,3000,80481.796566
12656,3000,80495.426352
12890,3000,80508.68181
12766,3000,80523.07681
13088,3000,80536.608118
13072,3000,80550.40682
12938,3000,80564.08796
12978,3000,80578.231664
13036,3000,80591.637531
13034,3000,80604.78066
12620,3000,80618.341751
12860,3000,80631.549911
13186,3000,80645.408916
12840,3000,80659.257615
13048,3000,80673.035826
12962,3000,80686.424275
13130,3000,80699.681792
12534,3000,80723.544712
13346,3000,80736.979581
13248,3000,80750.923869
13022,3000,80764.683279
12768,3000,80777.612937
12916,3000,80791.220791
13126,3000,80804.937418
13352,3000,80819.177619
12902,3000,80832.250771
13248,3000,80847.019498
13114,3000,80860.811593
12932,3000,80874.423745
12782,3000,80888.376168
13034,3000,80902.605518
12872,3000,80915.877278
12878,3000,80929.005914
13066,3000,80942.997719
12748,3000,80956.400379
12804,3000,80969.751211
13140,3000,80983.885206
12868,3000,80997.510951
12982,3000,81010.930911
13104,3000,81024.779925
13296,3000,81038.46212
12642,3000,81051.996925
13176,3000,81065.062998
13050,3000,81078.657695
13014,3000,81091.955467
12804,3000,81105.786793
12998,3000,81119.98259
13246,3000,81133.534732
12946,3000,81147.466033
12838,3000,81160.629744
13218,3000,81173.845072
13156,3000,81187.623446
13130,3000,81201.293996
12806,3000,81214.686979
12832,3000,81227.924719
12738,3000,81241.694409
12852,3000,81254.838908
12586,3000,81269.120399
13180,3000,81282.645088
12948,3000,81296.408608
13176,3000,81310.05126
12836,3000,81323.339185
12828,3000,81337.033919
12908,3000,81350.172039
13344,3000,81364.789458
13088,3000,81378.529977
12862,3000,81391.815827
12958,3000,81405.273413
13094,3000,81418.799893
12800,3000,81432.766157
13152,3000,81446.603045
13144,3000,81459.619878
12984,3000,81473.148989
12680,3000,81486.377378
12956,3000,81499.903025
12892,3000,81513.474978
12928,3000,81527.792156
12938,3000,81540.649166
12982,3000,81553.816863
12984,3000,81568.443891
13154,3000,81582.258208
12750,3000,81595.689385
13014,3000,81609.918963
12870,3000,81623.09879
12792,3000,81647.131513
12740,3000,81659.986806
12918,3000,81673.610971
12930,3000,81687.716796
12764,3000,81701.075394
12976,3000,81714.615825
12700,3000,81727.937629
13332,3000,81741.230823
13024,3000,81755.254638
12866,3000,81768.933016
12708,3000,81781.959903
13124,3000,81796.253643
13094,3000,81810.179544
13172,3000,81823.992001
13406,3000,81838.377711
12898,3000,81852.458781
13192,3000,81865.995802
13134,3000,81879.197073
12888,3000,81892.230309
12434,3000,81905.642002
12912,3000,81919.275128
13134,3000,81933.458916
13066,3000,81948.318151
12892,3000,81961.856713
12870,3000,81976.15386
13138,3000,81989.732794
13086,3000,82002.785286
12834,3000,82016.868921
12818,3000,82030.429749
12800,3000,82044.50308
13094,3000,82058.462885
13226,3000,82072.201197
12858,3000,82085.130471
13174,3000,82099.024839
12828,3000,82113.293337
12992,3000,82127.399371
12776,3000,82140.557967
13096,3000,82154.128731
12818,3000,82168.102913
13236,3000,82181.356069
12894,3000,82195.198828
12908,3000,82209.078248
12804,3000,82223.143283
12768,3000,82236.627198
12724,3000,82249.91417
12952,3000,82263.401983
12836,3000,82277.05111
12984,3000,82290.465121
12700,3000,82304.349849
12892,3000,82317.990394
13228,3000,82332.589983
13176,3000,82346.662262
12736,3000,82360.756733
13150,3000,82374.889598
13100,3000,82388.666134
12988,3000,82402.71757
13278,3000,82416.035924
13066,3000,82429.387878
12896,3000,82442.636789
12792,3000,82456.406475
13402,3000,82470.234098
12780,3000,82484.191864
12916,3000,82497.568331
13320,3000,82511.184319
12750,3000,82524.642388
12952,3000,82539.005995
12654,3000,82552.084611
12948,3000,82576.325915
12720,3000,82590.21894
13274,3000,82603.728214
12824,3000,82617.950372
12826,3000,82632.005089
13224,3000,82645.764169
12884,3000,82659.823987
13106,3000,82673.765487
13022,3000,82688.012807
12864,3000,82701.65997
13204,3000,82714.748065
13160,3000,82728.85014
12886,3000,82742.43554
13008,3000,82756.524589
13062,3000,82770.520452
13082,3000,82784.566701
12788,3000,82797.814202
12892,3000,82811.129798
13258,3000,82824.7376
12652,3000,82838.092131
12972,3000,82851.445798
12440,3000,82864.850646
12922,3000,82877.991376
12996,3000,82891.396026
12870,3000,82905.139684
13058,3000,82918.86212
13184,3000,82932.635506
13020,3000,82945.890461
13078,3000,82959.586506
13042,3000,82973.254391
13192,3000,82986.982337
13032,3000,83000.044082
13036,3000,83013.802215
12880,3000,83028.118104
13052,3000,83042.420577
12730,3000,83055.844577
12604,3000,83069.293349
13008,3000,83082.583763
13218,3000,83096.907922
12884,3000,83110.781172
12912,3000,83124.515847
12874,3000,83137.807478
12888,3000,83151.443119
12824,3000,83164.513407
12642,3000,83177.858119
12978,3000,83191.642762
12902,3000,83205.491086
12666,3000,83219.723725
12844,3000,83232.811922
12562,3000,83246.078807
13104,3000,83259.73752
12818,3000,83273.008306
12942,3000,83285.91025
12908,3000,83299.050215
13128,3000,83312.698363
12786,3000,83325.995056
12782,3000,83339.987584
13144,3000,83353.393769
13044,3000,83366.448926
13094,3000,83380.461856
13102,3000,83394.611102
12880,3000,83407.63435
12874,3000,83420.834809
12378,3000,83434.115925
13090,3000,83447.859582
13048,3000,83461.078033
13018,3000,83484.555441
13042,3000,83498.063009
12826,3000,83511.604267
12772,3000,83525.263118
12750,3000,83538.618397
13418,3000,83552.221063
12824,3000,83566.07607
13040,3000,83579.717813
12834,3000,83594.256115
13096,3000,83607.278249
13130,3000,83621.151332
12852,3000,83634.836987
13184,3000,83649.167116
13072,3000,83662.750961
12974,3000,83675.431472
12820,3000,83689.190085
12804,3000,83703.889712
12878,3000,83716.944844
12900,3000,83730.04624
13066,3000,83743.470184
13134,3000,83757.100661
13094,3000,83770.866182
13038,3000,83784.535282
12756,3000,83797.535101
12900,3000,83811.479992
12892,3000,83824.43015
12742,3000,83837.82961
12720,3000,83850.495537
13116,3000,83865.367013
12874,3000,83878.543487
13030,3000,83893.381415
13012,3000,83906.801848
12768,3000,83920.475503
13090,3000,83933.570732
12912,3000,83946.665797
13112,3000,83959.48201
12972,3000,83973.640236
13024,3000,83987.960864
12946,3000,84001.974947
12954,3000,84015.890035
12838,3000,84029.231598
13310,3000,84042.757916
12704,3000,84056.477228
12732,3000,84070.541214
12854,3000,84084.312342
13048,3000,84098.404812
13084,3000,84112.08268
13082,3000,84126.077538
13238,3000,84139.58788
12844,3000,84152.760562
13084,3000,84166.09364
12852,3000,84179.607564
13228,3000,84193.401788
12636,3000,84206.527041
13248,3000,84220.937449
12578,3000,84234.650295
12710,3000,84248.053108
12970,3000,84262.172508
13000,3000,84276.234484
12808,3000,84289.560582
13046,3000,84302.777624
13178,3000,84316.483876
12914,3000,84330.055472
12834,3000,84344.013032
13036,3000,84358.17331
13334,3000,84371.481397
12760,3000,84385.484856
13070,3000,84408.248194
12746,3000,84421.437656
13198,3000,84435.435095
13084,3000,84449.16187
12996,3000,84462.47541
13014,3000,84475.664868
13336,3000,84489.506878
13218,3000,84502.999608
13162,3000,84516.879877
12992,3000,84530.799683
13098,3000,84544.545341
13102,3000,84558.043276
12986,3000,84571.88849
12994,3000,84585.60874
12870,3000,84598.512556
12886,3000,84611.730211
12866,3000,84624.823154
12842,3000,84638.597801
13246,3000,84652.099995
12970,3000,84665.626719
13242,3000,84679.712745
13120,3000,84692.522622
13016,3000,84705.519844
13024,3000,84718.78093
13166,3000,84732.307652
12872,3000,84746.223874
12974,3000,84759.912075
13174,3000,84773.277089
13174,3000,84786.561566
13040,3000,84799.740865
12824,3000,84813.765442
13134,3000,84827.101813
12698,3000,84840.876483
13268,3000,84854.416713
13156,3000,84867.559002
13154,3000,84881.016753
12764,3000,84894.187953
12876,3000,84907.572144
12760,3000,84920.372828
12646,3000,84933.417099
12794,3000,84947.511932
13032,3000,84960.601746
13014,3000,84974.041429
13002,3000,84987.732696
12788,3000,85001.473638
12754,3000,85014.841199
12580,3000,85027.732698
12814,3000,85041.584332
12870,3000,85055.088509
13218,3000,85068.104826
13126,3000,85081.513143
13004,3000,85094.881925
13012,3000,85107.926642
13038,3000,85121.393396
13158,3000,85134.559636
13018,3000,85147.436177
12844,3000,85160.397187
13272,3000,85174.022473
12958,3000,85187.518563
13372,3000,85200.873178
13264,3000,85214.427466
12550,3000,85228.057915
12860,3000,85241.243823
13234,3000,85255.060115
12548,3000,85267.944248
12974,3000,85282.394875
12720,3000,85295.295654
12906,3000,85318.651032
13394,3000,85331.872109
13010,3000,85344.90858
12728,3000,85357.998361
12744,3000,85372.173062
13252,3000,85386.019809
12886,3000,85399.941968
12942,3000,85413.1942
13074,3000,85426.720342
12908,3000,85440.294244
13332,3000,85453.482597
13250,3000,85467.512344
12820,3000,85480.494212
13022,3000,85493.663955
12842,3000,85507.119254
13120,3000,85520.666564
13054,3000,85534.558302
12612,3000,85548.019612
12798,3000,85561.6056
12944,3000,85575.274591
12996,3000,85588.953335
12760,3000,85602.684207
13022,3000,85616.706607
12860,3000,85630.014709
12978,3000,85643.93833
13032,3000,85658.186312
12952,3000,85671.505151
13004,3000,85686.200187
13078,3000,85700.149069
13008,3000,85713.611968
13048,3000,85726.609046
12832,3000,85739.681233
13218,3000,85752.890481
13052,3000,85766.187266
12982,3000,85779.876293
12836,3000,85793.721513
13128,3000,85807.565848
13036,3000,85820.628519
13158,3000,85834.215908
13018,3000,85847.869178
13122,3000,85860.785851
12684,3000,85874.313976
13224,3000,85888.530319
13056,3000,85902.02455
13132,3000,85916.516226
12740,3000,85929.489613
13100,3000,85942.861549
12850,3000,85956.792316
13050,3000,85970.518609
13276,3000,85984.114698
12942,3000,85998.046184
13242,3000,86011.76119
13014,3000,86025.344207
12890,3000,86039.020688
13538,3000,86052.803597
13002,3000,86066.863016
13130,3000,86081.109891
12908,3000,86095.05032
12976,3000,86108.653069
12952,3000,86122.280957
12596,3000,86136.224992
13224,3000,86150.452617
13028,3000,86164.138443
12656,3000,86178.011296
12794,3000,86191.334377
13166,3000,86204.495651
12870,3000,86228.061347
13012,3000,86241.670317
12708,3000,86255.307811
12958,3000,86269.204384
13140,3000,86282.907578
13098,3000,86296.774793
13060,3000,86310.15815
12820,3000,86323.413776
12976,3000,86337.841289
13268,3000,86350.986917
12844,3000,86363.671519
12626,3000,86377.35193
13154,3000,86390.619705
13152,3000,86405.113709
13058,3000,86418.849088
13232,3000,86431.894625
13116,3000,86445.708195
12866,3000,86459.393697
13050,3000,86472.461476
13012,3000,86486.534389
13380,3000,86500.476916
12728,3000,86513.895332
12792,3000,86526.74837
12900,3000,86540.511084
13174,3000,86554.585481
13004,3000,86567.889628
13146,3000,86581.246625
12952,3000,86595.018934
13040,3000,86608.490695
12992,3000,86622.135766
12912,3000,86635.403586
12908,3000,86649.428904
13112,3000,86663.463916
13122,3000,86676.615919
12836,3000,86689.206849
13412,3000,86702.133518
13096,3000,86715.887695
12952,3000,86729.530339
13078,3000,86742.723616
13190,3000,86756.227615
12930,3000,86769.33528
12950,3000,86783.693199
13018,3000,86797.076805
13210,3000,86810.849426
13152,3000,86824.971389
13308,3000,86838.420895
12922,3000,86851.9395
12954,3000,86865.683269
12824,3000,86879.731899
13028,3000,86893.613357
12780,3000,86906.419116
13244,3000,86919.884748
13130,3000,86933.744011
12824,3000,86947.677928
13034,3000,86961.379079
12928,3000,86975.204382
13400,3000,86988.734658
13004,3000,87002.789126
13054,3000,87016.855017
13090,3000,87030.2655
12760,3000,87044.262968
12850,3000,87058.177999
12884,3000,87071.301319
12568,3000,87084.347457
13122,3000,87097.795025
13248,3000,87111.727022
12768,3000,87124.5711
13066,3000,87148.738482
13288,3000,87162.356255
13192,3000,87175.909839
13188,3000,87189.649344
12874,3000,87203.276788
12974,3000,87216.675897
12904,3000,87230.212164
12862,3000,87244.335639
13180,3000,87258.080111
13008,3000,87272.041117
12792,3000,87285.368948
13074,3000,87299.04218
13132,3000,87312.724291
12746,3000,87326.141599
12962,3000,87340.018892
12678,3000,87353.051306
13170,3000,87367.193988
13106,3000,87380.252991
13068,3000,87393.411741
12988,3000,87407.253948
12682,3000,87420.07359
12974,3000,87433.11414
12738,3000,87446.156446
12642,3000,87460.150953
13020,3000,87473.612588
13022,3000,87486.705576
12952,3000,87500.591517
13064,3000,87514.611857
13014,3000,87528.124797
12780,3000,87541.76714
12776,3000,87554.916887
12978,3000,87568.345952
13124,3000,87581.474611
13004,3000,87595.092356
13184,3000,87608.664041
13024,3000,87621.801908
13164,3000,87635.656628
12928,3000,87649.134197
13096,3000,87662.765209
12858,3000,87676.770582
12834,3000,87690.218138
13304,3000,87703.656482
13114,3000,87716.872656
12840,3000,87729.670367
13416,3000,87743.920736
12874,3000,87757.26471
12662,3000,87771.005032
13046,3000,87784.676572
13168,3000,87797.975286
13104,3000,87811.732348
13066,3000,87825.880183
12744,3000,87839.224963
13150,3000,87852.064856
13070,3000,87865.853024
13020,3000,87878.645378
13084,3000,87892.374024
13012,3000,87905.641291
13328,3000,87919.588593
13190,3000,87932.767105
12818,3000,87946.129202
13234,3000,87959.256866
12926,3000,87972.905146
13262,3000,87986.147283
13002,3000,87999.554113
12806,3000,88013.16249
12982,3000,88027.695668
13356,3000,88041.570642
13288,3000,88065.229523
12948,3000,88079.445815
13052,3000,88093.423777
13096,3000,88106.870204
12918,3000,88119.724258
12810,3000,88133.226569
13230,3000,88146.85766
13346,3000,88160.626599
12818,3000,88174.608509
13216,3000,88188.759075
13050,3000,88202.679249
12980,3000,88216.400869
12872,3000,88230.236612
13096,3000,88243.981866
13096,3000,88258.015923
12968,3000,88272.087254
12874,3000,88285.65587
13124,3000,88298.799485
12902,3000,88313.173076
13050,3000,88326.450441
12784,3000,88339.446996
13390,3000,88352.876406
12964,3000,88366.875611
13006,3000,88380.632561
13108,3000,88393.761338
13162,3000,88407.393757
12914,3000,88421.585768
13078,3000,88435.666653
12958,3000,88449.006043
12990,3000,88462.409803
13046,3000,88476.531276
12758,3000,88489.795761
13028,3000,88503.124903
12988,3000,88516.48316
13112,3000,88529.48472
12702,3000,88543.520725
13020,3000,88556.944586
13030,3000,88570.411899
13256,3000,88584.242515
13070,3000,88598.185906
12770,3000,88611.921005
13150,3000,88625.842785
12850,3000,88638.790351
13002,3000,88652.977178
12814,3000,88667.005329
12772,3000,88679.896297
13134,3000,88693.483387
12866,3000,88707.661921
12878,3000,88720.477619
12762,3000,88733.725848
12932,3000,88747.011132
13100,3000,88760.384738
13100,3000,88773.334753
13360,3000,88786.5713
12810,3000,88799.439405
12950,3000,88813.349094
12880,3000,88826.836642
12978,3000,88840.487276
12800,3000,88853.947055
12978,3000,88867.604927
12910,3000,88880.905687
12814,3000,88894.210664
12952,3000,88908.122037
12968,3000,88921.210917
12766,3000,88934.779424
12634,3000,88947.918776
12980,3000,88972.15596
13082,3000,88985.980504
12958,3000,88998.838051
13136,3000,89012.566304
12994,3000,89026.163839
12952,3000,89039.633972
12856,3000,89053.557946
12864,3000,89066.902474
13054,3000,89080.649203
12874,3000,89093.782808
13116,3000,89108.237363
13080,3000,89121.722759
13020,3000,89135.174658
12850,3000,89148.950324
12804,3000,89162.737066
12930,3000,89176.129033
12830,3000,89190.228703
12972,3000,89202.954554
12916,3000,89217.197807
13008,3000,89230.055629
12968,3000,89244.101016
13226,3000,89257.196592
12956,3000,89271.068889
13362,3000,89284.424567
13182,3000,89298.701573
12964,3000,89311.821576
13078,3000,89324.917017
12718,3000,89338.621628
12838,3000,89352.264764
12952,3000,89365.568465
13080,3000,89378.387503
12982,3000,89392.231051
12974,3000,89405.460031
12920,3000,89419.209185
13040,3000,89432.769625
13046,3000,89446.554434
12930,3000,89459.881972
12804,3000,89473.715379
13196,3000,89487.458382
12924,3000,89501.711483
13006,3000,89514.922668
12996,3000,89528.288312
12802,3000,89541.655685
13118,3000,89555.822304
13014,3000,89569.111297
13104,3000,89582.61825
13026,3000,89595.88589
13084,3000,89609.294656
12946,3000,89622.527985
13032,3000,89635.83476
12812,3000,89649.351798
13006,3000,89662.899981
12832,3000,89676.22208
12912,3000,89689.997498
12988,3000,89704.534343
12802,3000,89718.122843
12906,3000,89731.642381
13452,3000,89745.372044
12904,3000,89758.210156
12988,3000,89771.670864
12932,3000,89784.71475
13042,3000,89798.516305
12856,3000,89811.743812
13118,3000,89825.467946
12692,3000,89839.448741
13062,3000,89852.245182
12954,3000,89865.800415
12714,3000,89888.873585
12992,3000,89902.483149
13276,3000,89916.714532
13138,3000,89930.655692
12874,3000,89944.086885
13142,3000,89958.22816
13004,3000,89971.699457
12838,3000,89985.67695
13052,3000,89999.238113
12856,3000,90012.166749
12966,3000,90026.001122
13104,3000,90039.819655
13058,3000,90053.788966
13246,3000,90067.468605
13050,3000,90081.198164
13144,3000,90094.681189
12830,3000,90108.259072
12630,3000,90121.733347
13122,3000,90135.594234
13116,3000,90148.930598
12992,3000,90162.903816
12932,3000,90176.409534
12654,3000,90189.814896
12862,3000,90202.944369
12884,3000,90216.601656
12882,3000,90230.147532
13226,3000,90244.021352
12850,3000,90256.872895
13228,3000,90270.539804
13308,3000,90284.535297
12944,3000,90298.334141
13248,3000,90312.177804
12926,3000,90325.275397
13160,3000,90338.722239
12778,3000,90352.132496
13348,3000,90366.254797
13206,3000,90379.320124
12762,3000,90392.642949
13270,3000,90406.593462
13110,3000,90420.484669
12652,3000,90433.372588
12736,3000,90446.750151
12896,3000,90459.729857
13048,3000,90472.961941
13066,3000,90486.183058
13106,3000,90499.598443
13026,3000,90512.505284
12858,3000,90526.335508
12684,3000,90539.654883
12994,3000,90553.220693
13150,3000,90567.415065
12942,3000,90580.612273
13164,3000,90594.049335
13018,3000,90608.264375
12878,3000,90621.852915
13142,3000,90635.528775
12944,3000,90649.565352
13112,3000,90663.411328
13404,3000,90676.778319
13044,3000,90690.499916
12904,3000,90704.045249
13346,3000,90717.799393
12938,3000,90731.315612
13054,3000,90745.319196
13162,3000,90759.195425
12836,3000,90773.817131
13236,3000,90787.347538
12838,3000,90810.909727
12890,3000,90824.871764
12480,3000,90838.284087
12872,3000,90851.926822
12724,3000,90865.362794
12926,3000,90879.56083
13056,3000,90893.0891
12946,3000,90907.40248
13062,3000,90920.756474
12698,3000,90934.146787
12890,3000,90948.326464
12734,3000,90962.188548
12974,3000,90975.770862
13136,3000,90989.579635
12930,3000,91003.348793
12882,3000,91016.64402
12892,3000,91030.065878
13330,3000,91043.536198
13208,3000,91057.215071
13172,3000,91071.252769
12948,3000,91085.124587
13264,3000,91098.281975
13072,3000,91112.005682
12734,3000,91125.369067
12904,3000,91138.643745
12828,3000,91151.956542
12828,3000,91165.97649
13206,3000,91179.81256
13250,3000,91193.01296
12682,3000,91206.409415
12904,3000,91220.345932
13154,3000,91233.769179
12864,3000,91247.218353
13106,3000,91260.872476
12788,3000,91273.962606
13164,3000,91287.98091
12890,3000,91301.236494
12750,3000,91314.627195
12964,3000,91328.720427
13188,3000,91342.630858
12868,3000,91356.572072
13166,3000,91370.802045
13072,3000,91384.812341
13198,3000,91398.496797
13024,3000,91411.615982
12794,3000,91425.389699
13120,3000,91439.274679
12876,3000,91451.993007
13042,3000,91466.049565
13008,3000,91479.139324
12984,3000,91493.009241
12876,3000,91506.232553
12996,3000,91519.697136
12950,3000,91533.392759
12918,3000,91547.043834
13328,3000,91560.269905
13132,3000,91574.218276
12886,3000,91588.031781
13134,3000,91601.613708
13270,3000,91614.302156
12810,3000,91627.993675
13244,3000,91641.969298
13138,3000,91655.212503
12982,3000,91669.005554
12966,3000,91683.259819
13156,3000,91697.657678
13142,3000,91721.184257
13150,3000,91735.075771
13034,3000,91748.905477
13156,3000,91762.727968
13332,3000,91777.034266
12744,3000,91790.252573
13014,3000,91803.797028
12892,3000,91817.12757
13102,3000,91830.84994
13066,3000,91844.480396
12670,3000,91857.683269
13042,3000,91870.783824
13238,3000,91884.778681
13168,3000,91898.902787
12644,3000,91912.494407
12998,3000,91926.437387
13132,3000,91939.513761
12806,3000,91953.093267
12852,3000,91966.57832
13208,3000,91979.926314
13252,3000,91993.611295
12872,3000,92007.10512
13246,3000,92020.828119
12850,3000,92034.415792
12826,3000,92047.528705
13034,3000,92060.963354
12858,3000,92074.113079
12874,3000,92087.771292
12810,3000,92101.125097
13182,3000,92114.388291
13040,3000,92127.896625
13032,3000,92141.036525
12946,3000,92154.356532
13254,3000,92168.472172
12838,3000,92182.509029
12958,3000,92195.655412
12840,3000,92209.04724
12646,3000,92223.048651
12908,3000,92236.711584
13106,3000,92249.80189
13174,3000,92263.715791
13226,3000,92277.023603
12694,3000,92289.8472
12954,3000,92304.009304
12848,3000,92316.813246
13246,3000,92330.623675
13178,3000,92344.635069
13400,3000,92358.342932
13254,3000,92371.990063
13088,3000,92386.114676
12786,3000,92399.789258
13318,3000,92413.508974
13156,3000,92426.481025
12836,3000,92440.375901
13304,3000,92454.864073
13336,3000,92469.810463
12840,3000,92483.500752
13192,3000,92497.41743
12948,3000,92510.709293
12664,3000,92523.696194
12956,3000,92537.250038
13082,3000,92551.06778
13182,3000,92564.772977
12920,3000,92578.676781
13064,3000,92592.81021
12820,3000,92606.15589
12890,3000,92619.634349
13110,3000,92642.59245
12740,3000,92655.815093
12878,3000,92668.759741
12860,3000,92682.295872
13292,3000,92695.540412
13014,3000,92709.285379
12902,3000,92722.517935
13308,3000,92735.932105
13586,3000,92748.983136
12916,3000,92761.095449
13398,3000,92773.191702
12940,3000,92786.008166
13006,3000,92798.594497
12586,3000,92811.039902
13088,3000,92824.228865
12840,3000,92836.859401
13054,3000,92850.227128
13058,3000,92863.238622
12926,3000,92875.629074
12914,3000,92888.624224
13130,3000,92901.590621
12886,3000,92914.138652
13276,3000,92927.496128
13028,3000,92939.931606
12598,3000,92952.792173
12994,3000,92965.989301
12910,3000,92978.823292
12870,3000,92991.908442
12842,3000,93004.666168
13012,3000,93017.141618
12842,3000,93030.133667
12944,3000,93043.097584
12876,3000,93055.729248
12832,3000,93068.210764
12892,3000,93081.503897
12718,3000,93094.677203
12846,3000,93107.050202
13056,3000,93119.925051
13110,3000,93132.942297
13068,3000,93146.262959
13134,3000,93159.230183
12794,3000,93171.71396
12982,3000,93184.482196
12882,3000,93197.406685
12610,3000,93209.743936
12702,3000,93222.930948
13174,3000,93235.817796
12860,3000,93248.50865
13056,3000,93261.772244
12790,3000,93275.003502
12978,3000,93287.760623
12896,3000,93300.827333
13092,3000,93313.850719
12844,3000,93326.48406
12958,3000,93338.635693
12902,3000,93351.391908
12822,3000,93364.502878
12980,3000,93377.435245
13008,3000,93389.749003
13182,3000,93402.957738
12632,3000,93415.938925
12966,3000,93428.714861
13028,3000,93441.128588
12960,3000,93454.091258
12958,3000,93466.770739
12816,3000,93479.378784
12724,3000,93492.156963
13018,3000,93514.636128
12896,3000,93527.230318
13182,3000,93540.791609
12986,3000,93553.501722
13036,3000,93566.126327
12864,3000,93578.622041
13030,3000,93591.957412
12840,3000,93604.46917
12564,3000,93617.327975
12958,3000,93630.220375
13170,3000,93643.390766
13040,3000,93656.374527
12710,3000,93669.638621
13108,3000,93682.481251
12938,3000,93695.665316
13084,3000,93708.313682
12950,3000,93721.783873
12634,3000,93734.198054
12984,3000,93747.195407
13060,3000,93760.310139
12960,3000,93772.702449
13048,3000,93784.775254
13288,3000,93797.498869
13094,3000,93810.386086
13328,3000,93822.943603
12940,3000,93835.992279
13062,3000,93850.138774
13250,3000,93863.187223
13118,3000,93876.020767
13216,3000,93888.837815
13370,3000,93901.891277
13142,3000,93914.635454
13028,3000,93927.243306
13362,3000,93939.555704
12970,3000,93953.118263
12804,3000,93966.374477
13022,3000,93978.825991
13102,3000,93991.243709
13092,3000,94004.448554
13152,3000,94017.048319
12650,3000,94029.74772
12980,3000,94042.672692
13430,3000,94056.03495
12944,3000,94068.827394
13012,3000,94081.53915
12986,3000,94094.480947
12846,3000,94107.497538
12914,3000,94119.95582
13044,3000,94132.673664
12896,3000,94145.214349
13168,3000,94158.371463
13090,3000,94171.605735
12814,3000,94184.9167
13010,3000,94197.083578
13182,3000,94210.164477
12928,3000,94223.17783
13162,3000,94236.324154
12972,3000,94249.68083
13098,3000,94263.01117
12960,3000,94276.215681
12866,3000,94289.584046
12616,3000,94302.908338
13134,3000,94316.010457
12658,3000,94328.500936
13148,3000,94340.953718
13010,3000,94353.682899
12928,3000,94376.330706
12824,3000,94389.096483
12690,3000,94401.481684
12870,3000,94414.284022
12938,3000,94427.365368
12744,3000,94440.215447
12828,3000,94453.489299
12998,3000,94466.338877
12942,3000,94479.380707
12792,3000,94492.357131
12998,3000,94505.560715
13246,3000,94518.781375
13060,3000,94531.78407
13072,3000,94544.725317
12982,3000,94557.258273
12976,3000,94570.096727
12714,3000,94582.734282
12946,3000,94595.467857
13054,3000,94608.165182
12896,3000,94621.367804
12912,3000,94634.339902
12430,3000,94646.982136
12902,3000,94659.759944
12786,3000,94672.46103
13156,3000,94685.675783
12978,3000,94698.441805
13020,3000,94711.631948
12924,3000,94724.785325
13234,3000,94737.963101
12976,3000,94751.072926
13098,3000,94763.462379
12654,3000,94776.073234
12698,3000,94788.297978
12954,3000,94801.160332
12956,3000,94814.063962
12642,3000,94826.99347
13288,3000,94839.387693
12730,3000,94852.462827
13272,3000,94865.334895
13044,3000,94878.267061
13060,3000,94890.749673
12844,3000,94904.349239
12842,3000,94916.900184
13112,3000,94929.780506
13234,3000,94942.894244
12880,3000,94955.490905
13210,3000,94968.516277
13104,3000,94981.27165
12660,3000,94993.881558
12978,3000,95006.752116
13048,3000,95019.270035
12680,3000,95031.872028
13064,3000,95044.782242
12986,3000,95057.696216
12812,3000,95070.238215
12964,3000,95082.673243
13024,3000,95095.053559
12652,3000,95107.810435
13042,3000,95120.669167
12998,3000,95133.910628
12738,3000,95146.660911
12990,3000,95160.031265
12856,3000,95172.769795
12620,3000,95185.335469
12644,3000,95198.303763
13060,3000,95211.911632
12790,3000,95224.8762
12960,3000,95247.068817
13152,3000,95260.092669
12768,3000,95272.922639
13152,3000,95285.47406
12926,3000,95297.940401
13326,3000,95311.277835
12922,3000,95323.857069
13224,3000,95337.044947
12748,3000,95349.838067
12926,3000,95362.677739
13054,3000,95376.221184
12682,3000,95388.401356
13098,3000,95401.923156
12616,3000,95414.677586
13054,3000,95428.106324
13196,3000,95440.799183
13102,3000,95453.309839
12710,3000,95466.309306
12930,3000,95479.639998
13042,3000,95492.455236
13128,3000,95505.481962
12950,3000,95517.94829
13128,3000,95530.523395
12964,3000,95543.400313
13060,3000,95555.689117
13016,3000,95568.985289
13232,3000,95582.417127
12738,3000,95594.941876
13050,3000,95607.40759
12816,3000,95620.598125
12786,3000,95632.889462
13100,3000,95646.033506
12922,3000,95658.319973
13058,3000,95671.252279
12988,3000,95683.689415
13084,3000,95696.611246
13172,3000,95708.986052
12888,3000,95721.924462
13294,3000,95734.928699
13046,3000,95748.054442
13112,3000,95760.807415
13186,3000,95773.201029
12798,3000,95786.296896
12740,3000,95799.010859
12848,3000,95811.305932
12652,3000,95823.490283
12868,3000,95836.146143
12844,3000,95849.352984
13206,3000,95862.447947
12740,3000,95875.501279
12696,3000,95888.815844
12734,3000,95902.091687
12628,3000,95914.873517
13134,3000,95927.962637
12886,3000,95940.192208
12852,3000,95952.679629
13064,3000,95965.829463
12632,3000,95978.750853
12944,3000,95991.914334
13188,3000,96005.202056
13038,3000,96017.613188
13028,3000,96030.6617
12878,3000,96043.559534
12700,3000,96056.176387
13082,3000,96069.101269
13128,3000,96081.475933
13002,3000,96094.522961
12742,3000,96116.367837
12868,3000,96128.982178
13006,3000,96141.759006
13440,3000,96155.234281
12984,3000,96168.133969
13186,3000,96181.217774
13116,3000,96194.50257
12956,3000,96207.660435
13068,3000,96220.585065
13060,3000,96233.344955
12932,3000,96246.500427
12664,3000,96258.946773
12836,3000,96271.480919
12988,3000,96284.459581
12744,3000,96297.391676
12986,3000,96310.94557
12966,3000,96323.66246
12956,3000,96336.549644
12768,3000,96348.775677
13224,3000,96361.516684
12776,3000,96374.335242
13108,3000,96387.684747
13066,3000,96400.733417
13006,3000,96413.76312
13082,3000,96426.803336
13158,3000,96440.257771
12694,3000,96453.219821
12958,3000,96465.493486
13196,3000,96479.137695
13078,3000,96492.082503
12844,3000,96504.582124
13028,3000,96517.15873
13036,3000,96530.072958
12902,3000,96542.82252
13176,3000,96555.584344
13380,3000,96568.020285
13076,3000,96581.517291
13072,3000,96594.665714
12950,3000,96607.340292
12712,3000,96620.428465
12682,3000,96633.203558
12826,3000,96645.79881
12856,3000,96658.443865
13568,3000,96672.077696
13070,3000,96684.595033
13180,3000,96697.542204
13058,3000,96710.262617
12576,3000,96722.780753
13036,3000,96735.217277
12910,3000,96747.640723
13020,3000,96760.794071
13258,3000,96773.148572
12752,3000,96785.935434
13010,3000,96798.492639
12830,3000,96811.233327
12944,3000,96824.136593
13044,3000,96837.433477
13210,3000,96850.316925
13066,3000,96863.397416
13068,3000,96876.408748
12916,3000,96888.85111
12784,3000,96901.678328
12698,3000,96914.480868
13030,3000,96926.920024
13094,3000,96939.613348
13248,3000,96952.917733
13020,3000,96975.061022
12946,3000,96987.597214
12656,3000,97000.69164
12936,3000,97013.596236
13076,3000,97026.47235
12908,3000,97039.818226
12780,3000,97052.100961
13076,3000,97064.965506
12842,3000,97077.729929
12796,3000,97090.988108
12842,3000,97103.770314
13136,3000,97116.778557
12882,3000,97129.762333
13228,3000,97143.11194
12732,3000,97155.677474
13154,3000,97168.815375
13070,3000,97181.630421
13190,3000,97194.319644
12934,3000,97207.476279
12874,3000,97220.043755
12884,3000,97232.612501
12828,3000,97244.931629
13068,3000,97258.404845
12916,3000,97271.300729
12710,3000,97284.197052
13138,3000,97297.126083
13214,3000,97311.209012
12834,3000,97324.121865
12858,3000,97337.201794
13034,3000,97349.867426
12640,3000,97362.831497
13280,3000,97375.287864
12910,3000,97388.786869
13212,3000,97401.827804
12920,3000,97414.536331
12992,3000,97427.662888
12802,3000,97440.816399
13108,3000,97454.231841
12632,3000,97467.106856
12588,3000,97479.656598
12986,3000,97492.383964
12762,3000,97504.781235
13034,3000,97517.380674
12766,3000,97529.570499
12970,3000,97542.640563
12788,3000,97555.450732
13142,3000,97568.745155
12884,3000,97581.472399
12984,3000,97594.117476
13164,3000,97607.322011
13070,3000,97620.261249
13084,3000,97633.426884
13020,3000,97646.302962
12714,3000,97659.92215
13208,3000,97672.962756
13020,3000,97686.215257
12852,3000,97699.188886
13236,3000,97712.111814
13162,3000,97724.550554
12696,3000,97737.524202
13180,3000,97749.961174
13012,3000,97763.74539
13220,3000,97776.73373
12858,3000,97789.407405
12782,3000,97802.062804
12828,3000,97814.978238
13028,3000,97828.009351
13028,3000,97851.25049
13272,3000,97864.275561
13342,3000,97877.383613
13036,3000,97890.276794
12798,3000,97903.27859
13110,3000,97916.275429
12636,3000,97928.719715
12964,3000,97942.065368
12968,3000,97955.706481
12970,3000,97968.561787
13128,3000,97981.487198
12530,3000,97993.719892
13068,3000,98006.845642
12948,3000,98019.845148
13014,3000,98032.894948
12960,3000,98045.75047
12824,3000,98058.344015
12972,3000,98070.948401
13154,3000,98083.809727
12794,3000,98096.551641
13246,3000,98109.6
13180,3000,98123.073464
12960,3000,98135.320289
13138,3000,98148.886044
13382,3000,98161.913557
13070,3000,98174.958762
13422,3000,98187.629687
12620,3000,98200.181708
12968,3000,98213.106644
13202,3000,98226.072086
13184,3000,98238.492738
13058,3000,98251.113407
12958,3000,98263.708036
13214,3000,98277.124439
13096,3000,98290.389904
13294,3000,98303.059637
12856,3000,98315.57695
13072,3000,98328.588642
12594,3000,98341.467501
12862,3000,98354.804803
13150,3000,98367.440475
12920,3000,98380.154788
12742,3000,98393.261573
13376,3000,98405.899581
12988,3000,98419.413313
12678,3000,98432.285761
12974,3000,98444.559467
12898,3000,98457.379429
12978,3000,98471.205882
13090,3000,98483.813212
12984,3000,98496.88477
12856,3000,98509.881849
13130,3000,98522.811255
12736,3000,98535.87705
12730,3000,98548.032317
12980,3000,98561.175337
12678,3000,98573.65863
12552,3000,98586.292465
13118,3000,98599.102754
12698,3000,98612.054523
13044,3000,98624.656711
12846,3000,98637.817878
12908,3000,98651.111466
12926,3000,98664.407375
12804,3000,98677.089497
13238,3000,98690.067167
13184,3000,98702.320882
13128,3000,98725.070576
13038,3000,98737.647939
13032,3000,98750.814724
13232,3000,98763.993633
13006,3000,98777.08575
12986,3000,98789.588637
12856,3000,98802.178185
12966,3000,98814.956715
13072,3000,98828.042189
12892,3000,98841.04864
12996,3000,98854.310737
12840,3000,98866.857487
13066,3000,98879.970508
12960,3000,98893.095326
13050,3000,98906.627923
12958,3000,98919.767662
12942,3000,98932.79668
12598,3000,98945.45605
13024,3000,98958.681531
13296,3000,98972.117116
12928,3000,98985.075455
13132,3000,98998.195155
12758,3000,99011.105323
12940,3000,99023.988119
13058,3000,99036.677891
13108,3000,99049.757222
12754,3000,99061.682769
12996,3000,99074.941571
12850,3000,99087.068212
12820,3000,99099.335122
12788,3000,99111.799967
12954,3000,99124.822752
12498,3000,99137.499504
13056,3000,99150.23643
13108,3000,99162.487018
13122,3000,99175.556416
12834,3000,99188.693839
12744,3000,99202.111758
12504,3000,99214.886657
12932,3000,99227.63913
13096,3000,99240.933249
13094,3000,99254.085226
12828,3000,99266.638861
12910,3000,99278.759729
13036,3000,99291.632473
12802,3000,99305.395556
12972,3000,99318.312086
13054,3000,99330.677363
13122,3000,99343.381438
12794,3000,99356.015917
13192,3000,99368.788422
13102,3000,99381.374437
12982,3000,99394.082705
13034,3000,99407.382049
13032,3000,99420.324005
12682,3000,99433.457726
13156,3000,99446.131747
13008,3000,99459.036855
12986,3000,99472.273129
12666,3000,99485.109815
12852,3000,99498.057787
12584,3000,99510.473427
12892,3000,99523.20152
13068,3000,99536.470604
13180,3000,99549.352424
12754,3000,99561.925468
12748,3000,99584.236833
12946,3000,99597.494011
13142,3000,99610.30338
12856,3000,99624.093806
13296,3000,99636.963824
12818,3000,99649.7542
12880,3000,99662.417531
12642,3000,99674.967607
12774,3000,99688.221142
13002,3000,99701.209008
12994,3000,99714.449842
13180,3000,99727.003675
12968,3000,99740.236133
13094,3000,99753.157557
13202,3000,99766.696087
13126,3000,99779.029659
12772,3000,99791.906787
13162,3000,99805.240999
13090,3000,99817.644849
13264,3000,99831.342182
13332,3000,99844.890772
12756,3000,99858.350909
12952,3000,99871.466395
12750,3000,99884.074761
13158,3000,99896.31794
12798,3000,99908.949806
12814,3000,99921.655873
12764,3000,99934.432867
12974,3000,99947.149259
13218,3000,99959.661176
12926,3000,99972.247439
13040,3000,99985.086781
12830,3000,99998.329441
12740,3000,100011.722109
12910,3000,100024.720497
12892,3000,100037.228065
12948,3000,100050.023181
13286,3000,100062.93698
13100,3000,100075.842966
13062,3000,100088.269234
12694,3000,100100.621232
13130,3000,100113.42977
12804,3000,100126.434426
12568,3000,100139.090511
12794,3000,100151.706998
13044,3000,100164.199405
12776,3000,100176.886666
13274,3000,100189.713251
13254,3000,100202.638094
12926,3000,100215.459162
12836,3000,100227.919484
12988,3000,100241.135989
13006,3000,100254.014236
13006,3000,100267.074682
12580,3000,100279.331042
12830,3000,100292.303289
12992,3000,100304.910008
12754,3000,100317.807214
12690,3000,100330.523958
13212,3000,100343.121752
13224,3000,100356.000025
13020,3000,100369.06418
12998,3000,100381.455182
13006,3000,100394.643851
13120,3000,100407.513226
13138,3000,100420.684953
13108,3000,100433.278292
13052,3000,100455.622774
13062,3000,100468.329788
12882,3000,100480.598899
12876,3000,100494.169991
12754,3000,100506.940503
13308,3000,100519.322165
12950,3000,100532.378222
12960,3000,100545.975187
12904,3000,100558.331657
12784,3000,100571.076895
13034,3000,100583.992234
12908,3000,100596.742355
13076,3000,100609.850439
13056,3000,100622.411609
12688,3000,100635.011644
12992,3000,100647.755977
13324,3000,100660.808423
12780,3000,100673.521395
12796,3000,100686.70585
13036,3000,100700.371157
13010,3000,100712.799336
13060,3000,100724.838348
12830,3000,100737.485912
13142,3000,100750.155345
12948,3000,100763.133295
12774,3000,100775.635644
12756,3000,100787.849314
12932,3000,100800.88382
12906,3000,100813.650079
13314,3000,100826.051015
12898,3000,100839.613443
13080,3000,100852.410897
12900,3000,100864.4851
12992,3000,100877.479123
12748,3000,100890.69269
13238,3000,100903.371506
13064,3000,100916.447826
12788,3000,100929.613596
12900,3000,100942.243587
12864,3000,100955.022994
12854,3000,100968.222358
13030,3000,100981.366018
13260,3000,100993.731817
13136,3000,101007.193984
12946,3000,101020.432465
12876,3000,101033.54332
12848,3000,101046.619738
12802,3000,101060.31136
12964,3000,101073.457613
13172,3000,101086.272838
12890,3000,101099.144533
12928,3000,101111.413894
13036,3000,101124.668516
12860,3000,101137.289933
12934,3000,101150.390977
12846,3000,101163.109408
13042,3000,101176.278722
12906,3000,101189.248765
12950,3000,101202.384898
13056,3000,101215.773769
13016,3000,101228.701569
12876,3000,101241.346168
13210,3000,101254.201239
13244,3000,101267.03007
13238,3000,101279.480992
12848,3000,101292.284738
13026,3000,101305.192958
13052,3000,101327.382255
12720,3000,101340.25098
12686,3000,101352.723247
13086,3000,101365.511569
13078,3000,101378.762957
12660,3000,101392.453686
12940,3000,101405.287587
12750,3000,101418.78435
12734,3000,101431.042564
12878,3000,101443.563841
12606,3000,101455.852018
13124,3000,101468.916397
12674,3000,101481.071522
13024,3000,101494.662754
13062,3000,101507.701547
13072,3000,101521.016788
12646,3000,101534.148958
13204,3000,101547.155075
13302,3000,101559.775911
13192,3000,101572.897446
13014,3000,101585.4028
13088,3000,101598.163247
13106,3000,101610.414541
12904,3000,101623.047385
13088,3000,101636.026054
12892,3000,101648.893679
12932,3000,101662.103603
13018,3000,101675.07416
12870,3000,101688.335429
12980,3000,101701.275937
12878,3000,101713.902287
13172,3000,101727.323283
12896,3000,101739.932448
13226,3000,101753.045181
13004,3000,101765.412578
13154,3000,101778.665994
13138,3000,101792.002286
12966,3000,101804.865148
13068,3000,101817.698536
12910,3000,101829.688134
12890,3000,101842.004124
13090,3000,101854.955568
12764,3000,101866.620383
13010,3000,101878.901761
12870,3000,101891.443908
13066,3000,101904.063492
13076,3000,101916.153423
13082,3000,101928.731419
13076,3000,101941.708514
12874,3000,101953.838422
12886,3000,101966.712288
12832,3000,101978.508768
12774,3000,101990.990668
12938,3000,102003.162382
12770,3000,102015.503532
12848,3000,102027.384001
13010,3000,102039.483688
12964,3000,102051.26713
13062,3000,102063.333162
13152,3000,102075.27039
13194,3000,102087.537936
12950,3000,102099.46914
12808,3000,102111.938949
13012,3000,102124.044398
13108,3000,102136.336727
13156,3000,102148.933498
13106,3000,102170.428645
12818,3000,102182.847662
13094,3000,102195.276125
12952,3000,102207.60523
13218,3000,102220.615781
13024,3000,102233.048224
12932,3000,102245.01359
13046,3000,102257.516045
12870,3000,102269.601919
13272,3000,102281.730605
12888,3000,102294.13169
12892,3000,102306.782822
12912,3000,102318.604314
13312,3000,102331.073044
12994,3000,102343.05869
13100,3000,102355.690536
13248,3000,102367.612419
13134,3000,102379.871561
12818,3000,102391.603738
13030,3000,102403.699536
12722,3000,102415.810761
13026,3000,102428.322844
12704,3000,102440.648345
12790,3000,102453.11602
13206,3000,102465.306972
12786,3000,102477.720713
13056,3000,102489.945165
13018,3000,102501.876986
13092,3000,102514.738788
13268,3000,102527.131956
13012,3000,102539.825972
12932,3000,102551.904023
12960,3000,102564.438594
13216,3000,102576.146007
12964,3000,102588.297559
13104,3000,102600.88589
13028,3000,102612.582173
13044,3000,102625.008335
12770,3000,102636.934357
13180,3000,102649.006103
12910,3000,102661.283138
13270,3000,102673.618767
12886,3000,102685.995716
12862,3000,102698.072858
12828,3000,102709.975418
13008,3000,102722.361321
13258,3000,102734.173207
12508,3000,102746.560651
13060,3000,102758.587816
12860,3000,102770.702055
12722,3000,102783.167951
13342,3000,102795.243848
12954,3000,102807.537986
13154,3000,102819.837707
13164,3000,102831.807981
12890,3000,102843.270005
12962,3000,102855.037397
12866,3000,102866.831186
13060,3000,102879.016502
12772,3000,102890.774532
13156,3000,102903.469866
12656,3000,102915.495013
13094,3000,102928.053887
12778,3000,102940.075819
13352,3000,102952.039868
12862,3000,102964.370671
12928,3000,102976.111796
13184,3000,102997.200022
12984,3000,103009.78396
12944,3000,103022.147321
13000,3000,103034.568103
13078,3000,103046.713944
12742,3000,103058.6179
12880,3000,103070.977324
12974,3000,103082.623569
12928,3000,103094.268442
12874,3000,103107.636381
13228,3000,103120.234302
13122,3000,103132.676634
13082,3000,103145.388231
12984,3000,103157.490143
12718,3000,103169.876082
13100,3000,103182.557988
12996,3000,103195.303997
12666,3000,103207.259715
13104,3000,103219.344434
13204,3000,103231.13386
13194,3000,103243.013385
12890,3000,103255.296325
13160,3000,103267.339144
12964,3000,103279.886277
12988,3000,103291.929825
12834,3000,103304.435707
12976,3000,103317.01563
12832,3000,103328.82726
12912,3000,103341.409824
12786,3000,103352.683771
12852,3000,103364.911771
12944,3000,103377.008244
13228,3000,103389.196708
13006,3000,103401.491893
13242,3000,103413.83684
12958,3000,103426.109908
12772,3000,103438.341128
13332,3000,103450.708848
12770,3000,103462.819529
12656,3000,103475.342305
12986,3000,103487.489441
13282,3000,103499.921081
13162,3000,103511.928034
12914,3000,103524.041395
13004,3000,103536.752894
13366,3000,103548.987283
12810,3000,103561.387626
12578,3000,103573.420152
12626,3000,103585.485893
13036,3000,103597.613214
12830,3000,103609.658425
13028,3000,103621.761136
13258,3000,103633.65728
12816,3000,103645.442111
12854,3000,103657.224869
13132,3000,103668.974447
13330,3000,103681.069317
13178,3000,103693.352143
12716,3000,103705.844838
13008,3000,103717.888048
12942,3000,103730.146553
12872,3000,103742.468537
12988,3000,103754.856201
13004,3000,103767.03735
12888,3000,103778.377432
13128,3000,103791.110239
12830,3000,103803.057024
13074,3000,103824.098249
12976,3000,103836.210239
12716,3000,103848.38326
13234,3000,103860.623309
13266,3000,103872.78566
13162,3000,103884.676149
12858,3000,103897.222957
12850,3000,103910.379822
12802,3000,103922.452373
13104,3000,103934.694405
12612,3000,103946.551919
13130,3000,103958.822876
12466,3000,103971.019422
12828,3000,103983.502854
12902,3000,103994.969054
13078,3000,104007.049589
13366,3000,104019.541733
12942,3000,104031.735648
13004,3000,104044.529099
13112,3000,104056.907792
12788,3000,104068.930749
13082,3000,104081.501866
12924,3000,104094.353212
13064,3000,104107.041495
12836,3000,104119.024767
13082,3000,104130.754687
12906,3000,104142.895689
12832,3000,104154.178972
12684,3000,104166.691506
13078,3000,104178.739721
13038,3000,104191.144333
12812,3000,104203.311816
12980,3000,104215.163674
12848,3000,104226.952816
13052,3000,104239.236961
12866,3000,104252.156461
12996,3000,104264.86295
12864,3000,104277.034571
12856,3000,104289.066234
12912,3000,104301.218729
12792,3000,104313.263478
12850,3000,104325.419898
13146,3000,104337.256674
12726,3000,104349.218168
12982,3000,104362.124616
12930,3000,104374.00223
13098,3000,104385.964674
12978,3000,104397.683834
13054,3000,104410.55115
13028,3000,104423.017229
13070,3000,104435.93278
12990,3000,104447.863457
13184,3000,104460.345866
12942,3000,104472.182849
12724,3000,104484.381297
13238,3000,104496.537264
13120,3000,104508.443185
12990,3000,104520.575074
13074,3000,104533.019897
12860,3000,104545.329382
13004,3000,104558.044122
13050,3000,104570.135563
13196,3000,104582.105393
12812,3000,104594.670279
12728,3000,104606.746788
12972,3000,104619.163696
12950,3000,104640.101609
12878,3000,104652.576837
13182,3000,104664.949914
13114,3000,104677.260257
13042,3000,104689.36761
13050,3000,104701.310003
12886,3000,104713.72011
12826,3000,104725.678885
13170,3000,104737.85059
13102,3000,104749.980103
12918,3000,104761.779203
12928,3000,104773.694978
12962,3000,104785.490127
13150,3000,104798.148151
12800,3000,104810.073145
12928,3000,104822.376594
12534,3000,104834.782947
12950,3000,104847.493607
12770,3000,104859.338467
12712,3000,104870.870046
12940,3000,104883.290168
13210,3000,104895.40543
13036,3000,104907.788802
13234,3000,104920.240773
12722,3000,104932.048288
12938,3000,104943.272385
12928,3000,104955.400032
13126,3000,104967.692484
13126,3000,104980.039192
12654,3000,104992.101065
12824,3000,105004.246933
13022,3000,105016.090733
12766,3000,105028.412799
12688,3000,105040.346612
12698,3000,105053.070981
12658,3000,105064.667907
12862,3000,105076.47631
13122,3000,105088.744079
13020,3000,105100.714963
13432,3000,105113.238178
12626,3000,105125.437469
12926,3000,105137.725534
13098,3000,105150.351023
13110,3000,105162.286706
12990,3000,105174.783937
12944,3000,105187.279745
13048,3000,105199.250502
13008,3000,105211.070632
13362,3000,105223.742665
13132,3000,105235.687246
12812,3000,105247.949427
12626,3000,105259.967733
12880,3000,105272.768808
12830,3000,105285.147517
12796,3000,105297.015273
12688,3000,105309.270357
12928,3000,105321.369846
13128,3000,105333.667253
13030,3000,105345.794449
12848,3000,105357.835309
12892,3000,105369.991902
12610,3000,105382.007342
13290,3000,105394.825813
12870,3000,105406.531007
12986,3000,105418.230459
12990,3000,105431.124452
13144,3000,105443.481565
12762,3000,105464.360877
13164,3000,105476.493752
12624,3000,105489.111851
13176,3000,105500.889521
12640,3000,105513.500913
13174,3000,105525.679123
13242,3000,105538.141561
13080,3000,105550.31322
12982,3000,105562.726228
13078,3000,105575.239259
13104,3000,105587.176084
13144,3000,105599.090475
13056,3000,105611.344657
13236,3000,105623.264894
12692,3000,105635.399195
13426,3000,105647.922997
12860,3000,105660.77459
12846,3000,105672.554732
13180,3000,105684.504743
12716,3000,105696.415575
13046,3000,105709.524096
12556,3000,105722.07692
13018,3000,105733.973515
12878,3000,105745.775988
12782,3000,105758.516147
12778,3000,105770.205714
13106,3000,105782.384375
13190,3000,105794.855073
12962,3000,105806.552022
13284,3000,105818.744471
13242,3000,105831.011703
12826,3000,105843.614424
13010,3000,105856.078741
12834,3000,105868.4357
12920,3000,105880.973057
12976,3000,105893.393322
12814,3000,105905.893816
12968,3000,105918.342143
12908,3000,105930.096263
13072,3000,105942.504476
12926,3000,105954.485267
13270,3000,105966.513699
12972,3000,105978.927047
13128,3000,105990.96469
12724,3000,106002.851139
12820,3000,106014.773075
13358,3000,106027.330986
12838,3000,106038.990602
13128,3000,106051.144217
13076,3000,106063.149825
13414,3000,106075.850274
13328,3000,106088.128529
13008,3000,106100.145092
12866,3000,106112.176197
13002,3000,106124.43
12870,3000,106136.480728
12734,3000,106148.205731
12814,3000,106160.23361
13186,3000,106172.29913
13338,3000,106184.613137
12916,3000,106196.863558
13128,3000,106209.266305
13006,3000,106221.870563
13042,3000,106234.404387
12814,3000,106246.571166
12720,3000,106258.515104
13244,3000,106270.687646
13250,3000,106291.524181
12900,3000,106303.621655
12884,3000,106316.15361
13108,3000,106328.321495
13084,3000,106340.733678
12992,3000,106352.523289
13070,3000,106364.974436
12904,3000,106377.092088
12764,3000,106388.527027
13030,3000,106400.576352
13000,3000,106413.484327
13044,3000,106426.263601
12936,3000,106438.389065
13252,3000,106450.302637
12776,3000,106462.460364
12646,3000,106474.511564
13228,3000,106486.73133
12960,3000,106498.604
13384,3000,106510.45323
13072,3000,106522.247009
12708,3000,106533.01189
12924,3000,106544.235433
12710,3000,106556.096977
12966,3000,106567.851394
13170,3000,106579.460849
12980,3000,106590.759656
13072,3000,106601.923258
13034,3000,106613.63438
13150,3000,106624.985695
12820,3000,106636.63345
13256,3000,106647.806839
12918,3000,106659.49286
13028,3000,106671.248211
13096,3000,106682.317026
12720,3000,106693.626911
13090,3000,106704.830014
13052,3000,106716.245856
12514,3000,106727.356755
12882,3000,106738.515527
13224,3000,106749.795919
12888,3000,106761.888162
12794,3000,106772.676068
13174,3000,106783.791051
12976,3000,106795.814023
12912,3000,106807.645682
13004,3000,106819.268656
12928,3000,106830.523617
12894,3000,106841.785809
12734,3000,106852.375326
13212,3000,106864.209981
13054,3000,106875.504178
12626,3000,106887.374959
12736,3000,106898.819035
12692,3000,106910.257603
13088,3000,106921.732615
12896,3000,106932.79872
12986,3000,106944.346902
12508,3000,106955.606261
13248,3000,106967.016217
12956,3000,106978.662409
12926,3000,106990.353511
13124,3000,107002.038038
12704,3000,107013.535686
13066,3000,107025.071616
13178,3000,107036.92124
12948,3000,107048.020081
12870,3000,107067.426916
13342,3000,107078.98514
12766,3000,107089.932635
12726,3000,107101.866645
13100,3000,107113.26985
12900,3000,107124.407397
13100,3000,107135.507845
12898,3000,107146.54767
13140,3000,107158.391995
13016,3000,107169.950228
12842,3000,107181.595155
13154,3000,107193.291188
12876,3000,107204.809743
12676,3000,107216.010904
12950,3000,107227.233806
12716,3000,107238.84341
12896,3000,107250.764752
12882,3000,107262.912415
12668,3000,107274.079841
13298,3000,107285.641702
12970,3000,107297.093838
13086,3000,107309.093558
12982,3000,107320.25611
12814,3000,107331.535096
13320,3000,107342.931406
12802,3000,107354.811441
12982,3000,107365.832815
13002,3000,107377.051494
12978,3000,107388.611604
13026,3000,107400.294906
13084,3000,107411.047835
12880,3000,107423.143862
13232,3000,107434.636815
12764,3000,107445.853915
13120,3000,107457.151725
13068,3000,107468.501245
13258,3000,107479.920295
12870,3000,107491.672691
13360,3000,107503.218507
12968,3000,107514.369633
12934,3000,107525.113999
13160,3000,107536.410771
13220,3000,107547.973589
13150,3000,107559.54483
13172,3000,107570.834967
13016,3000,107582.278358
13060,3000,107593.601952
12972,3000,107604.815049
12812,3000,107616.536594
12536,3000,107628.078293
13154,3000,107639.536725
13060,3000,107650.946912
12774,3000,107662.306683
12798,3000,107673.432131
12888,3000,107684.77394
12938,3000,107696.12361
12976,3000,107707.586353
13032,3000,107718.475348
12910,3000,107730.025164
12832,3000,107741.191612
12796,3000,107752.361201
13104,3000,107763.675057
13008,3000,107774.678249
12528,3000,107786.123773
12838,3000,107797.628666
12826,3000,107809.158327
13372,3000,107821.0599
12838,3000,107840.547688
12870,3000,107852.135338
12966,3000,107863.457583
12802,3000,107875.026924
12976,3000,107886.157731
13212,3000,107897.146205
13200,3000,107908.586263
12994,3000,107919.524761
12940,3000,107930.998929
13108,3000,107942.868771
12778,3000,107953.522436
12928,3000,107965.204711
12814,3000,107976.845807
12692,3000,107988.156011
13142,3000,108000.146826
12984,3000,108010.993249
13054,3000,108022.248552
12766,3000,108034.275732
13308,3000,108045.647156
12840,3000,108056.437609
13010,3000,108067.699215
12972,3000,108079.663069
12702,3000,108090.75263
12912,3000,108102.140719
12976,3000,108113.745302
13008,3000,108125.262696
13312,3000,108137.138605
12986,3000,108148.429051
13246,3000,108160.044861
12944,3000,108171.612357
12790,3000,108182.528984
12686,3000,108193.651838
12618,3000,108205.364581
12946,3000,108217.267342
12908,3000,108229.411922
12762,3000,108241.044005
12900,3000,108252.466358
13158,3000,108264.347599
12914,3000,108275.849734
13168,3000,108287.194888
12888,3000,108299.012363
12926,3000,108310.892225
12986,3000,108322.451148
13100,3000,108334.162428
13192,3000,108345.816628
13112,3000,108357.46124
12942,3000,108368.709997
12898,3000,108380.467413
13184,3000,108391.54555
12960,3000,108403.297868
12862,3000,108414.768401
12804,3000,108425.866633
13002,3000,108437.162366
12978,3000,108448.800552
12778,3000,108459.592439
12642,3000,108470.920832
12866,3000,108482.348735
13110,3000,108493.58211
12718,3000,108505.848443
13024,3000,108517.658128
12956,3000,108529.226304
12978,3000,108540.772419
13016,3000,108551.964059
12968,3000,108563.037508
13088,3000,108573.816469
12636,3000,108585.140804
13126,3000,108596.57806
13348,3000,108616.400471
12600,3000,108627.833288
13108,3000,108639.968989
13148,3000,108651.687238
13108,3000,108662.800658
13200,3000,108673.962908
12804,3000,108685.517135
12974,3000,108697.536416
12916,3000,108708.869622
12852,3000,108719.993592
12890,3000,108731.479124
13202,3000,108743.013767
12852,3000,108754.286282
13042,3000,108765.919663
12952,3000,108777.785849
12930,3000,108788.852065
13404,3000,108800.481867
12836,3000,108811.907292
12958,3000,108823.412865
13064,3000,108835.146088
12918,3000,108846.615232
13220,3000,108858.685083
12908,3000,108870.21648
12844,3000,108881.681546
13136,3000,108893.483218
12950,3000,108905.101429
12688,3000,108916.745179
12838,3000,108928.538761
13334,3000,108940.232641
12814,3000,108952.024221
13042,3000,108963.665662
13062,3000,108975.416656
13134,3000,108987.408563
13164,3000,108998.70668
13402,3000,109010.260875
13112,3000,109021.402148
13194,3000,109032.516531
13132,3000,109044.544789
13008,3000,109056.414207
12798,3000,109067.917105
12842,3000,109079.502658
12816,3000,109090.942522
13132,3000,109103.032486
12966,3000,109114.595016
12790,3000,109126.116169
13118,3000,109138.275383
12966,3000,109149.501835
13214,3000,109161.066505
13062,3000,109172.777495
12996,3000,109184.22982
13062,3000,109195.784486
12922,3000,109207.608265
12918,3000,109218.975859
12994,3000,109230.537964
12988,3000,109242.029696
12682,3000,109253.395374
13084,3000,109264.585556
13218,3000,109275.916445
13028,3000,109286.90597
13292,3000,109298.78731
13000,3000,109310.983153
12724,3000,109322.234215
13094,3000,109333.840434
12858,3000,109345.959642
12908,3000,109356.94228
13024,3000,109368.001361
13138,3000,109387.458753
13032,3000,109398.898372
12980,3000,109409.756001
13300,3000,109421.403344
13212,3000,109433.015279
12818,3000,109444.330977
12700,3000,109455.792446
12916,3000,109466.77971
13010,3000,109478.325174
13500,3000,109490.21078
13090,3000,109501.504899
12964,3000,109512.565271
13090,3000,109524.093076
13034,3000,109535.175153
13364,3000,109547.364708
12822,3000,109558.589902
13290,3000,109570.009038
13064,3000,109581.511808
12890,3000,109592.660523
13226,3000,109604.697436
13024,3000,109616.261308
13114,3000,109628.312893
13184,3000,109639.896501
13270,3000,109651.760143
12898,3000,109663.040711
13104,3000,109674.667426
12862,3000,109686.008328
13224,3000,109697.724467
13006,3000,109708.977702
13114,3000,109720.807286
13120,3000,109732.236887
12980,3000,109743.75342
12932,3000,109755.318461
13158,3000,109766.29722
13024,3000,109777.409183
13032,3000,109788.763371
12898,3000,109800.254094
13200,3000,109811.889275
13110,3000,109822.87151
12768,3000,109833.802871
13210,3000,109845.027042
13106,3000,109857.052374
12904,3000,109868.267779
12990,3000,109880.134583
13334,3000,109891.636993
13032,3000,109903.192959
13112,3000,109914.942105
12746,3000,109925.928801
13154,3000,109937.734119
13412,3000,109948.548355
13006,3000,109959.803368
13122,3000,109971.600462
13054,3000,109983.869836
12828,3000,109995.406534
12872,3000,110007.113462
12894,3000,110018.656422
13112,3000,110029.800805
12866,3000,110042.017889
12894,3000,110053.401396
13076,3000,110064.262506
12922,3000,110076.05323
13080,3000,110087.427567
12926,3000,110099.014547
12954,3000,110110.555289
13234,3000,110121.896378
12946,3000,110132.928077
12982,3000,110144.839926
12728,3000,110164.118027
12894,3000,110175.512602
13204,3000,110187.56655
13038,3000,110199.000508
12860,3000,110209.75615
13230,3000,110221.32654
13170,3000,110232.438307
12838,3000,110243.480522
13170,3000,110255.173984
13100,3000,110267.159467
12712,3000,110278.40889
13146,3000,110289.421856
12976,3000,110300.296664
13080,3000,110311.509134
13086,3000,110323.079176
13190,3000,110334.769291
12872,3000,110346.202656
13064,3000,110357.867746
12960,3000,110369.719009
12768,3000,110380.866375
12850,3000,110392.176317
13168,3000,110404.387658
12706,3000,110415.210194
13270,3000,110426.282472
13226,3000,110437.433055
13112,3000,110449.057039
13076,3000,110461.184649
12942,3000,110472.826421
12924,3000,110483.850238
12874,3000,110494.856287
13048,3000,110506.10773
13048,3000,110517.674654
13014,3000,110529.289178
12690,3000,110541.144009
13094,3000,110552.794684
13152,3000,110564.620883
13072,3000,110576.499574
13202,3000,110587.93715
12882,3000,110599.543856
13020,3000,110610.901581
13200,3000,110622.777437
12668,3000,110634.518758
12904,3000,110645.157313
13352,3000,110656.251681
13238,3000,110668.043777
12940,3000,110679.032425
12946,3000,110690.917121
13094,3000,110702.510546
13048,3000,110713.684697
12990,3000,110725.019203
12806,3000,110737.056431
13172,3000,110748.042972
12878,3000,110759.007049
12596,3000,110770.232243
13220,3000,110781.961132
12630,3000,110793.648207
13136,3000,110805.089416
12964,3000,110816.796062
12938,3000,110828.373475
12794,3000,110839.522135
13090,3000,110850.535207
13026,3000,110862.102398
12840,3000,110873.428927
13162,3000,110884.680836
12888,3000,110896.345379
13430,3000,110907.770442
12816,3000,110919.563345
13010,3000,110939.630801
12746,3000,110950.975333
13326,3000,110962.668782
12986,3000,110973.621306
12932,3000,110985.115989
12990,3000,110996.631084
12672,3000,111007.889825
13074,3000,111019.303508
12798,3000,111030.714749
13196,3000,111041.888616
13080,3000,111052.893492
13104,3000,111064.275068
13326,3000,111075.813577
13012,3000,111087.428184
12716,3000,111099.185757
13006,3000,111110.60013
13024,3000,111121.95124
12854,3000,111133.601197
12812,3000,111144.347854
13124,3000,111156.255221
13308,3000,111167.946705
13234,3000,111179.599541
12936,3000,111191.42266
13356,3000,111202.960381
13134,3000,111214.765908
13304,3000,111226.238993
13122,3000,111237.968518
13218,3000,111249.44035
13130,3000,111260.770979
13022,3000,111272.518417
12778,3000,111283.451345
13118,3000,111294.871936
13006,3000,111306.647168
12958,3000,111317.888264
12646,3000,111329.232393
12872,3000,111340.533424
12996,3000,111351.394136
13270,3000,111362.974911
12838,3000,111374.041742
13150,3000,111385.195758
12926,3000,111396.61374
13296,3000,111408.633673
13374,3000,111419.360101
13320,3000,111430.419001
13044,3000,111442.153239
13004,3000,111453.508554
12830,3000,111465.115371
12928,3000,111476.803215
13096,3000,111488.639158
12994,3000,111499.726592
13088,3000,111510.630976
12866,3000,111522.066012
12932,3000,111533.137416
12944,3000,111544.757742
12806,3000,111556.510235
13072,3000,111567.647219
12864,3000,111579.368814
13004,3000,111590.529018
13220,3000,111601.704916
13012,3000,111613.067921
12898,3000,111624.421015
13212,3000,111636.244188
12830,3000,111647.513981
12572,3000,111659.175689
12990,3000,111670.299783
13122,3000,111681.854425
13144,3000,111701.257358
12918,3000,111712.716953
13110,3000,111724.073298
13188,3000,111735.181264
12934,3000,111745.626917
12834,3000,111756.432708
13210,3000,111767.170471
12988,3000,111777.951551
12986,3000,111788.77075
13130,3000,111799.310291
12794,3000,111810.061549
12836,3000,111820.024832
12948,3000,111830.322517
13302,3000,111840.911051
12968,3000,111851.246804
13034,3000,111861.844127
12912,3000,111872.936847
12614,3000,111883.884556
12514,3000,111895.060859
12926,3000,111905.640459
13044,3000,111916.213654
13230,3000,111926.894299
12906,3000,111937.229239
12894,3000,111947.564795
12996,3000,111958.359727
12810,3000,111968.052001
12600,3000,111978.220682
12996,3000,111988.635991
12762,3000,111999.286142
13342,3000,112009.843563
13168,3000,112019.731064
12972,3000,112029.684356
12982,3000,112040.33551
13344,3000,112050.436478
12792,3000,112060.666634
12824,3000,112071.358968
13170,3000,112082.784624
12882,3000,112093.265707
13132,3000,112103.796925
13122,3000,112113.735858
12746,3000,112123.94395
13058,3000,112134.198301
13070,3000,112144.76101
12858,3000,112154.55877
13020,3000,112165.384628
13092,3000,112175.604128
12964,3000,112185.944145
12964,3000,112196.867765
12920,3000,112207.619609
13014,3000,112218.018759
12724,3000,112228.249037
12878,3000,112238.950067
12942,3000,112249.287759
13172,3000,112259.209351
12938,3000,112270.0326
12824,3000,112280.662597
13190,3000,112291.559906
12918,3000,112302.377457
12922,3000,112313.296796
13274,3000,112323.478374
13174,3000,112333.341427
12932,3000,112343.728296
12890,3000,112353.770157
13002,3000,112364.614402
12872,3000,112375.087022
13086,3000,112385.436676
13084,3000,112396.099606
13356,3000,112414.031738
12824,3000,112424.158768
12896,3000,112434.692769
12974,3000,112445.034801
12774,3000,112454.925545
12870,3000,112465.09224
13062,3000,112475.633146
13254,3000,112485.802567
13248,3000,112496.407163
12968,3000,112507.325405
12914,3000,112517.924402
12802,3000,112527.541239
12908,3000,112537.89796
12682,3000,112548.570373
12972,3000,112558.814171
12972,3000,112569.747701
12984,3000,112580.33145
12926,3000,112591.112073
13226,3000,112601.007102
12766,3000,112611.297168
13012,3000,112621.18515
13078,3000,112631.55008
12920,3000,112642.476757
12754,3000,112652.448999
13018,3000,112662.593002
12620,3000,112672.800546
13044,3000,112683.178739
12986,3000,112693.723901
13068,3000,112704.249717
12918,3000,112714.100454
13038,3000,112724.038464
12826,3000,112733.789809
12884,3000,112744.099346
12908,3000,112754.099622
12806,3000,112764.696942
12966,3000,112774.704465
12804,3000,112785.249461
13108,3000,112795.927593
12974,3000,112806.457319
12784,3000,112816.945363
12746,3000,112827.476776
13038,3000,112837.973376
12954,3000,112848.320935
13020,3000,112859.123476
12826,3000,112869.949991
12662,3000,112880.255907
13008,3000,112890.950079
13020,3000,112901.254619
12870,3000,112911.396562
13044,3000,112921.743639
13060,3000,112932.421012
13024,3000,112942.801696
13270,3000,112952.541065
12956,3000,112962.639207
12698,3000,112972.349653
13220,3000,112983.560789
13148,3000,112993.91538
12772,3000,113004.055503
13158,3000,113014.65683
12760,3000,113025.042788
12822,3000,113035.297161
12874,3000,113045.448988
12998,3000,113055.899176
13056,3000,113066.389214
13034,3000,113076.520018
12662,3000,113086.442617
12996,3000,113097.252278
12664,3000,113115.294231
12940,3000,113125.775655
12936,3000,113136.011734
12796,3000,113146.036981
13148,3000,113156.370361
12790,3000,113166.608407
13206,3000,113177.012501
12780,3000,113187.273601
12984,3000,113198.094772
13166,3000,113208.804095
12948,3000,113219.032953
13090,3000,113229.605148
13142,3000,113239.819175
12936,3000,113250.329038
13206,3000,113260.729763
13300,3000,113271.290113
13210,3000,113281.33734
13332,3000,113291.578897
13150,3000,113301.795442
12820,3000,113311.996806
12888,3000,113322.563975
12854,3000,113332.838801
12852,3000,113343.065016
12926,3000,113353.156318
13204,3000,113363.369837
12996,3000,113374.111483
12784,3000,113384.62923
12860,3000,113395.016474
12922,3000,113405.477007
12900,3000,113415.26941
12602,3000,113425.222945
13014,3000,113435.490345
12830,3000,113445.937616
12886,3000,113456.251116
13070,3000,113467.02421
12790,3000,113478.071889
12954,3000,113488.22845
13094,3000,113498.592386
12798,3000,113508.999799
13322,3000,113518.98219
13244,3000,113529.630825
12900,3000,113539.541246
12880,3000,113549.188434
12978,3000,113559.308083
12778,3000,113569.577235
13022,3000,113580.562609
12798,3000,113590.841042
12850,3000,113600.934352
12982,3000,113611.633274
13104,3000,113621.781996
12968,3000,113632.392706
13362,3000,113643.112557
13022,3000,113653.837766
13142,3000,113664.378442
12916,3000,113674.744063
12908,3000,113685.874825
12852,3000,113697.007004
12952,3000,113707.346309
12482,3000,113717.939065
13230,3000,113728.451139
13126,3000,113739.192446
12886,3000,113749.666229
12948,3000,113759.927019
12710,3000,113770.118387
12858,3000,113780.339157
12972,3000,113790.564935
12976,3000,113808.279334
13194,3000,113818.708305
13140,3000,113829.291579
12556,3000,113839.773081
12748,3000,113850.954123
12978,3000,113861.374069
12984,3000,113871.675049
13352,3000,113881.382168
12858,3000,113891.883866
12846,3000,113902.630246
12914,3000,113913.692081
12932,3000,113923.563204
13158,3000,113933.612795
12862,3000,113944.197952
13034,3000,113955.021177
13032,3000,113964.965768
13338,3000,113975.517
12676,3000,113985.552264
12878,3000,113996.361093
12942,3000,114007.321791
12964,3000,114018.063079
12688,3000,114028.40361
12834,3000,114038.904453
12864,3000,114048.857456
13144,3000,114059.376055
12920,3000,114069.576042
13300,3000,114079.50886
13102,3000,114090.627261
13130,3000,114100.954465
13290,3000,114110.981162
12916,3000,114121.440857
13168,3000,114131.953037
12878,3000,114142.301327
12972,3000,114152.64546
12930,3000,114163.192061
12700,3000,114173.421762
12742,3000,114183.710558
12942,3000,114194.252498
12794,3000,114204.795032
13058,3000,114215.277512
12812,3000,114225.680603
13162,3000,114236.28489
12932,3000,114247.064793
12950,3000,114257.338715
12854,3000,114268.031647
12982,3000,114278.923378
12848,3000,114289.377309
13136,3000,114299.757854
12956,3000,114310.186315
12826,3000,114320.641726
13312,3000,114331.193324
12848,3000,114341.456597
13128,3000,114351.81419
12762,3000,114362.146846
12986,3000,114372.201251
13324,3000,114382.659415
12828,3000,114393.005524
12774,3000,114403.87093
12894,3000,114414.380152
12736,3000,114424.720291
12778,3000,114434.470089
13032,3000,114444.66915
13008,3000,114455.356009
12918,3000,114465.69796
12938,3000,114475.957144
13076,3000,114486.288535
12992,3000,114496.094389
13112,3000,114514.20006
12716,3000,114524.915304
12784,3000,114535.441194
12838,3000,114546.288005
13010,3000,114556.48786
13246,3000,114566.721858
12926,3000,114576.871641
12986,3000,114587.425959
13070,3000,114598.089564
12934,3000,114608.386341
12794,3000,114618.070712
12894,3000,114628.745797
12988,3000,114638.746172
12952,3000,114648.742698
13010,3000,114658.969851
13084,3000,114669.190098
13342,3000,114679.818452
12970,3000,114690.37481
12982,3000,114700.304873
13050,3000,114710.966951
13130,3000,114721.586915
12976,3000,114731.867584
13254,3000,114742.428348
13014,3000,114753.201648
13180,3000,114763.832019
12854,3000,114774.294595
13234,3000,114784.525568
12976,3000,114795.345566
13178,3000,114806.293589
13030,3000,114817.124709
12758,3000,114827.518304
13034,3000,114837.951412
12764,3000,114848.332653
13050,3000,114858.940128
12964,3000,114869.437598
13180,3000,114879.716055
13200,3000,114889.819164
13234,3000,114900.062588
13070,3000,114910.289418
12874,3000,114921.602209
13048,3000,114932.328662
13134,3000,114942.727257
12898,3000,114952.907948
12608,3000,114962.540871
13064,3000,114973.060071
12980,3000,114983.782712
12858,3000,114994.078277
13050,3000,115004.698337
13010,3000,115014.974316
12794,3000,115025.084507
13176,3000,115035.871012
13136,3000,115046.653453
12818,3000,115056.62793
12908,3000,115067.011516
12836,3000,115077.427913
12944,3000,115087.849551
12898,3000,115098.099654
13014,3000,115108.349981
12984,3000,115118.096283
13092,3000,115128.422304
12968,3000,115138.237279
12720,3000,115149.055139
12830,3000,115159.189279
13030,3000,115169.588017
12918,3000,115179.792729
12992,3000,115190.843657
13114,3000,115201.287927
12930,3000,115219.095822
13278,3000,115228.978025
13148,3000,115239.211447
12824,3000,115250.352918
13144,3000,115260.334434
13030,3000,115270.603063
13112,3000,115281.852955
13192,3000,115292.576488
13030,3000,115302.917957
12928,3000,115313.358277
13122,3000,115323.42735
13206,3000,115333.754437
12818,3000,115344.424679
12848,3000,115354.728083
12916,3000,115365.305611
13090,3000,115376.096294
12422,3000,115386.587703
12866,3000,115396.942538
12888,3000,115407.268338
12938,3000,115417.572624
12950,3000,115427.742047
12878,3000,115437.780601
12886,3000,115448.103966
13102,3000,115458.743011
13142,3000,115469.100442
13030,3000,115479.489901
13126,3000,115489.997244
12768,3000,115500.236798
12876,3000,115510.892898
12838,3000,115521.49504
12764,3000,115531.510285
13066,3000,115541.456821
12816,3000,115551.762788
13104,3000,115561.544822
13146,3000,115572.14368
13168,3000,115582.941965
13066,3000,115593.419612
13006,3000,115603.707318
12868,3000,115614.348584
13060,3000,115624.895007
13152,3000,115635.157464
12584,3000,115645.13468
13084,3000,115655.077509
12938,3000,115665.437711
12988,3000,115676.106265
13084,3000,115686.309524
12922,3000,115697.070073
12816,3000,115707.870011
12962,3000,115718.061039
12946,3000,115728.116838
12730,3000,115738.239191
12958,3000,115748.829229
12888,3000,115759.044279
12774,3000,115769.022747
13198,3000,115779.507811
13118,3000,115789.438069
13354,3000,115799.797975
12600,3000,115809.755144
12990,3000,115819.987574
13008,3000,115829.880064
13080,3000,115839.705608
13050,3000,115850.019789
13092,3000,115860.609383
13212,3000,115870.978613
13180,3000,115880.94339
13220,3000,115891.490427
12958,3000,115909.003919
13048,3000,115919.229034
13076,3000,115929.951022
13046,3000,115940.388725
13028,3000,115950.505691
12784,3000,115960.733855
12940,3000,115970.900134
12880,3000,115981.472857
13242,3000,115991.729099
13142,3000,116001.974747
12658,3000,116011.96351
12760,3000,116022.474874
13182,3000,116033.166877
13062,3000,116043.335295
13072,3000,116053.25775
13026,3000,116063.892975
12860,3000,116074.114601
13254,3000,116084.700431
13138,3000,116094.795892
13288,3000,116104.868185
12864,3000,116114.717187
13174,3000,116124.575069
12718,3000,116134.62232
12994,3000,116145.348611
12834,3000,116155.911433
12928,3000,116166.36783
13088,3000,116176.781631
12882,3000,116187.009752
13032,3000,116196.659138
13380,3000,116207.40069
13250,3000,116217.615801
13086,3000,116227.604429
12892,3000,116238.180051
12614,3000,116248.507747
12904,3000,116259.114515
13074,3000,116269.440895
13410,3000,116279.710447
13250,3000,116289.983185
12954,3000,116300.641297
13090,3000,116310.935883
13124,3000,116322.096237
12852,3000,116331.998366
12986,3000,116342.36979
12740,3000,116352.09105
13104,3000,116362.252515
13132,3000,116373.305216
12992,3000,116383.705613
13088,3000,116394.488571
12946,3000,116405.185194
12674,3000,116415.58986
13076,3000,116426.3031
13030,3000,116436.246697
13132,3000,116446.462895
12926,3000,116456.808317
12878,3000,116467.290371
12574,3000,116477.234995
12838,3000,116488.127456
12660,3000,116498.801012
12870,3000,116508.814066
13202,3000,116519.720076
13036,3000,116530.721237
12858,3000,116540.88794
13052,3000,116551.220296
13128,3000,116562.349991
13142,3000,116573.054574
13080,3000,116583.780548
13054,3000,116594.534208
12798,3000,116612.402019
12920,3000,116623.299331
12778,3000,116633.584251
12928,3000,116643.869092
12750,3000,116654.115247
12924,3000,116664.399799
13068,3000,116674.743336
13078,3000,116685.012234
13052,3000,116695.328463
13096,3000,116706.070128
12708,3000,116716.517963
13078,3000,116726.773354
12822,3000,116737.473468
12946,3000,116747.793537
13202,3000,116758.097219
13040,3000,116768.637887
12860,3000,116779.301964
12726,3000,116790.154316
13096,3000,116800.901273
12784,3000,116811.533883
13048,3000,116823.235757
13092,3000,116833.322109
13216,3000,116843.59581
13004,3000,116854.083727
12570,3000,116864.987919
12932,3000,116875.732571
12788,3000,116885.40626
12972,3000,116895.982254
12866,3000,116906.842633
12812,3000,116917.47422
12988,3000,116927.853805
12946,3000,116938.639644
13226,3000,116948.728325
12800,3000,116959.00184
12864,3000,116969.597302
12854,3000,116979.825548
13080,3000,116990.705398
13212,3000,117000.925108
12574,3000,117011.205894
13118,3000,117021.77928
12694,3000,117032.065999
12860,3000,117042.828668
12624,3000,117053.257423
13006,3000,117063.778943
13042,3000,117074.488759
13058,3000,117084.768353
13106,3000,117095.519056
12808,3000,117105.873577
12824,3000,117116.195424
13006,3000,117126.400571
12938,3000,117136.957669
13226,3000,117147.278464
12872,3000,117157.459228
13050,3000,117168.197204
13142,3000,117179.010622
12956,3000,117189.121039
12360,3000,117199.435886
12954,3000,117209.890362
12812,3000,117220.329571
12784,3000,117231.190083
13010,3000,117241.64474
12990,3000,117252.059461
13070,3000,117262.703679
13022,3000,117273.295163
13090,3000,117283.331105
13098,3000,117294.033517
12834,3000,117304.399845
13170,3000,117322.530799
12868,3000,117332.683521
12848,3000,117343.794531
12792,3000,117354.104228
13004,3000,117364.575733
13078,3000,117374.99292
12950,3000,117385.205082
12664,3000,117395.230329
13074,3000,117405.787827
12920,3000,117416.007264
12840,3000,117426.66577
12858,3000,117436.987641
13112,3000,117447.372659
13230,3000,117458.108416
12938,3000,117468.351926
12866,3000,117478.933366
13142,3000,117489.613812
13028,3000,117500.013955
13224,3000,117510.192395
12786,3000,117520.45064
12874,3000,117530.955317
12772,3000,117541.622868
13344,3000,117551.835759
12982,3000,117562.481664
13134,3000,117573.792238
13000,3000,117583.935506
12926,3000,117594.717046
12870,3000,117605.157148
12806,3000,117615.125983
13292,3000,117625.421992
12876,3000,117635.894076
12738,3000,117646.658788
13090,3000,117657.068542
12924,3000,117667.59379
12786,3000,117678.315791
13002,3000,117688.567069
12714,3000,117698.918736
13090,3000,117709.250025
12654,3000,117720.015602
13142,3000,117730.355845
12968,3000,117740.65891
13278,3000,117750.578634
13054,3000,117760.878996
13126,3000,117771.331583
12936,3000,117781.543183
13214,3000,117791.793347
12688,3000,117801.948189
12962,3000,117812.08364
12678,3000,117822.179097
12804,3000,117832.640895
13204,3000,117843.095764
13236,3000,117853.475796
12764,3000,117863.571556
12990,3000,117874.078278
12772,3000,117883.98789
12782,3000,117893.997757
12762,3000,117904.339214
13170,3000,117915.544335
12636,3000,117925.664637
13220,3000,117936.008042
12888,3000,117946.413072
12612,3000,117956.385724
12902,3000,117966.307393
12892,3000,117976.635012
13048,3000,117987.062945
12740,3000,117997.139994
13110,3000,118014.682349
12862,3000,118025.001941
12838,3000,118035.604746
12780,3000,118045.711298
12616,3000,118055.82958
12890,3000,118066.364914
12908,3000,118076.758491
12828,3000,118087.657628
13202,3000,118097.897714
12766,3000,118108.78785
12822,3000,118119.036765
13148,3000,118129.427284
12702,3000,118139.843492
12614,3000,118149.782814
12980,3000,118160.040945
12906,3000,118170.782739
12620,3000,118181.123052
13032,3000,118191.712183
12732,3000,118202.126492
13058,3000,118212.615509
13244,3000,118223.399522
12758,3000,118233.669864
12828,3000,118244.340672
12904,3000,118254.342864
12874,3000,118264.93232
12956,3000,118274.987628
13112,3000,118285.341302
13232,3000,118296.585571
12742,3000,118307.025643
13042,3000,118318.033368
12874,3000,118328.176397
12868,3000,118338.799184
12948,3000,118349.196235
12830,3000,118359.53059
13030,3000,118369.68739
13268,3000,118380.24299
12922,3000,118390.274248
13266,3000,118400.356223
13042,3000,118410.81716
13192,3000,118421.809456
13036,3000,118432.742908
12976,3000,118443.044756
13312,3000,118454.337545
13294,3000,118464.849181
12884,3000,118475.804363
12930,3000,118486.441796
13318,3000,118497.183792
13218,3000,118507.695503
12906,3000,118518.345275
12866,3000,118528.764608
12852,3000,118539.012079
12698,3000,118549.411529
13354,3000,118560.078447
13118,3000,118570.492735
12700,3000,118580.417267
13000,3000,118591.264383
12980,3000,118602.155522
12800,3000,118612.514112
12958,3000,118622.692358
13272,3000,118633.298117
12802,3000,118643.157703
13260,3000,118653.400217
12976,3000,118663.273476
13060,3000,118673.18485
12936,3000,118682.522107
13016,3000,118692.350459
12760,3000,118701.55196
12914,3000,118718.031621
12666,3000,118727.898227
12988,3000,118737.63787
12980,3000,118747.516193
13174,3000,118757.069114
13066,3000,118766.602329
12954,3000,118775.882479
13056,3000,118785.518996
13142,3000,118794.925828
12806,3000,118804.566248
13092,3000,118814.278266
13202,3000,118823.661714
12916,3000,118832.740587
12732,3000,118842.399568
12888,3000,118851.681114
12932,3000,118861.229381
12674,3000,118870.559835
12912,3000,118880.1639
12674,3000,118890.149769
12830,3000,118899.660389
12830,3000,118909.385048
12986,3000,118918.763721
12960,3000,118928.451854
13012,3000,118937.9845
13090,3000,118947.538021
12882,3000,118957.035504
12504,3000,118966.398659
13262,3000,118975.92662
12962,3000,118985.455886
13120,3000,118994.928226
12872,3000,119004.878002
13040,3000,119014.285529
13138,3000,119023.899224
13006,3000,119033.049617
13034,3000,119043.132771
12982,3000,119053.007503
12950,3000,119063.550481
13256,3000,119073.022778
12836,3000,119083.160687
12930,3000,119092.581101
13116,3000,119102.384327
13312,3000,119112.151666
12912,3000,119121.442026
12762,3000,119130.805866
13022,3000,119140.817624
13006,3000,119150.465863
12900,3000,119160.735498
13338,3000,119170.365988
13036,3000,119179.918891
12940,3000,119189.854425
13014,3000,119199.075227
12942,3000,119209.15113
13120,3000,119218.858981
13078,3000,119228.220172
12968,3000,119237.848114
12972,3000,119247.328842
12874,3000,119256.993302
13262,3000,119266.854464
12724,3000,119276.809731
12766,3000,119286.511744
13008,3000,119296.852749
12828,3000,119306.913788
13016,3000,119316.433769
13054,3000,119325.97523
13330,3000,119335.583665
12764,3000,119345.027081
12950,3000,119354.322745
12824,3000,119370.637159
13044,3000,119380.221557
13082,3000,119389.928085
12864,3000,119399.533255
13232,3000,119409.575537
13136,3000,119419.247742
12826,3000,119428.80038
12846,3000,119438.195082
12856,3000,119447.408874
12890,3000,119457.061428
13068,3000,119466.545689
12848,3000,119476.049528
12530,3000,119485.745682
13132,3000,119495.561922
12746,3000,119505.195755
13088,3000,119514.553667
13026,3000,119524.285814
12904,3000,119533.670905
12838,3000,119543.425852
13046,3000,119553.180334
13228,3000,119562.553886
12998,3000,119572.402016
12966,3000,119581.725223
12794,3000,119591.275143
12984,3000,119601.004809
13062,3000,119610.535997
13026,3000,119620.469234
12904,3000,119630.696183
13160,3000,119640.123179
13130,3000,119649.898623
12820,3000,119659.681188
13050,3000,119669.656563
13352,3000,119679.290909
12992,3000,119688.673019
13142,3000,119698.518965
13308,3000,119708.514741
13296,3000,119718.341756
13330,3000,119728.016263
13218,3000,119737.822747
12936,3000,119747.393011
12988,3000,119757.437783
12848,3000,119767.130392
13146,3000,119776.652205
13092,3000,119786.228951
12930,3000,119795.81903
12690,3000,119805.753823
13024,3000,119815.121496
12822,3000,119824.758258
12922,3000,119834.41251
13016,3000,119844.629185
12482,3000,119853.96717
12890,3000,119863.784464
12836,3000,119873.439435
12866,3000,119883.275204
13070,3000,119893.097125
13190,3000,119903.135289
12848,3000,119912.874996
13054,3000,119922.166724
13034,3000,119931.35376
12942,3000,119941.242161
13004,3000,119950.645796
12808,3000,119959.898145
13148,3000,119969.564688
12602,3000,119978.521384
12860,3000,119988.270122
12986,3000,119997.798187
12864,3000,120014.330502
12792,3000,120023.940008
12828,3000,120033.133517
13208,3000,120042.900141
13128,3000,120052.590393
12910,3000,120062.287541
13158,3000,120071.893318
12830,3000,120081.233624
12748,3000,120090.987959
13170,3000,120100.32243
12916,3000,120110.223631
13038,3000,120119.98592
12870,3000,120130.083837
12840,3000,120139.845075
12620,3000,120149.430718
12910,3000,120159.086255
12914,3000,120168.760777
13182,3000,120178.091711
12790,3000,120187.330014
13026,3000,120196.941876
12954,3000,120206.305542
13306,3000,120216.508278
12872,3000,120226.527375
12766,3000,120236.362558
12762,3000,120245.69358
13244,3000,120255.377594
13376,3000,120265.152338
12922,3000,120274.815398
12544,3000,120284.39833
13246,3000,120293.905764
13042,3000,120302.787432
12654,3000,120311.937954
12914,3000,120321.534442
12956,3000,120331.218587
12850,3000,120340.47296
13064,3000,120350.382164
12984,3000,120359.915255
13026,3000,120369.690517
12950,3000,120379.024328
12902,3000,120389.015556
13240,3000,120398.319996
13062,3000,120408.195565
13156,3000,120418.190949
13134,3000,120427.433875
12864,3000,120437.118298
12704,3000,120446.313563
13096,3000,120455.992376
12972,3000,120465.509319
13148,3000,120475.223265
12854,3000,120484.262394
12910,3000,120493.722201
13058,3000,120503.335107
12664,3000,120512.80994
12890,3000,120522.832437
13100,3000,120532.519356
12876,3000,120542.47917
12878,3000,120552.565974
12996,3000,120562.098849
13040,3000,120571.810808
13220,3000,120581.724234
13056,3000,120591.373203
12808,3000,120601.022846
12838,3000,120610.272606
12802,3000,120619.903083
12846,3000,120629.625715
12738,3000,120639.372499
12704,3000,120649.252624
13158,3000,120666.009442
12502,3000,120675.463768
13158,3000,120685.026356
12996,3000,120694.105071
12922,3000,120703.533645
13112,3000,120712.732622
13006,3000,120722.346992
12740,3000,120732.014911
13086,3000,120741.569879
12978,3000,120751.194719
12656,3000,120760.868853
12870,3000,120770.554517
13016,3000,120780.108138
13130,3000,120790.047105
12974,3000,120799.899751
13114,3000,120809.331569
12732,3000,120818.662872
12924,3000,120827.907838
12860,3000,120837.345955
13238,3000,120847.173293
12984,3000,120856.577834
13038,3000,120866.564078
12716,3000,120876.128321
12834,3000,120885.739787
12930,3000,120895.252077
12988,3000,120904.73278
13122,3000,120914.425462
12858,3000,120924.056481
13178,3000,120933.652018
13218,3000,120942.885941
13020,3000,120952.21543
12976,3000,120961.875055
12784,3000,120971.951979
12840,3000,120981.756773
12770,3000,120991.474425
12944,3000,121001.549926
12864,3000,121011.140042
13032,3000,121020.789291
13228,3000,121030.674399
13192,3000,121040.598468
12862,3000,121050.426537
12850,3000,121059.540099
12858,3000,121069.121232
13274,3000,121078.737319
12976,3000,121088.127159
12914,3000,121097.632032
13264,3000,121107.142875
12892,3000,121116.74783
12800,3000,121126.613959
13136,3000,121135.739426
12640,3000,121144.887129
12876,3000,121154.109539
12874,3000,121163.760838
13170,3000,121173.372667
12824,3000,121183.298752
12758,3000,121192.793791
12960,3000,121202.122769
12732,3000,121211.709803
12922,3000,121221.733039
13018,3000,121231.240244
13178,3000,121240.843314
13064,3000,121250.708698
13102,3000,121260.255184
12564,3000,121270.065964
13026,3000,121279.524975
13118,3000,121289.036763
13144,3000,121298.400006
12700,3000,121315.114661
13042,3000,121324.680591
12756,3000,121334.75468
12840,3000,121344.296736
12988,3000,121354.061581
12982,3000,121363.790262
12922,3000,121373.470751
12804,3000,121383.092716
13118,3000,121392.603057
12626,3000,121402.577314
13082,3000,121412.453161
12972,3000,121422.296561
12912,3000,121432.190398
12862,3000,121441.486945
12892,3000,121450.979333
12836,3000,121460.418077
12968,3000,121470.098328
13182,3000,121479.460143
12884,3000,121489.174799
13128,3000,121498.808656
12572,3000,121508.147937
12552,3000,121517.427094
12884,3000,121526.866738
13248,3000,121536.629649
12936,3000,121546.388095
12744,3000,121556.147525
12966,3000,121565.983173
12948,3000,121575.888923
12842,3000,121585.513158
13388,3000,121595.36043
12706,3000,121605.547124
12942,3000,121615.02999
12820,3000,121624.387837
12808,3000,121633.898988
12706,3000,121642.874751
12756,3000,121651.960951
13160,3000,121661.884476
12742,3000,121671.649506
12994,3000,121681.376984
13160,3000,121690.91511
12628,3000,121700.433615
12934,3000,121710.542724
12748,3000,121720.339051
13020,3000,121730.034621
12964,3000,121739.669745
13020,3000,121749.591701
12928,3000,121759.217697
12860,3000,121768.563238
12834,3000,121778.028957
13146,3000,121787.341424
12832,3000,121796.843572
12830,3000,121805.994954
12520,3000,121815.65107
12846,3000,121825.799815
12618,3000,121835.429368
13030,3000,121845.308115
13124,3000,121854.996036
13214,3000,121864.51298
12548,3000,121873.942035
13090,3000,121883.117091
12770,3000,121892.741822
12752,3000,121902.386137
13176,3000,121912.159865
13028,3000,121921.830791
12868,3000,121931.651486
12908,3000,121940.96641
13094,3000,121957.767467
12808,3000,121967.33237
13098,3000,121976.569733
13152,3000,121986.220269
13220,3000,121996.360651
12816,3000,122005.961329
13258,3000,122015.851683
13162,3000,122025.02394
12702,3000,122034.938606
12838,3000,122044.679023
13142,3000,122054.53053
13110,3000,122064.563787
13032,3000,122074.13999
12894,3000,122083.542245
13134,3000,122093.352858
12680,3000,122103.005409
12706,3000,122112.244374
13128,3000,122121.500429
13026,3000,122131.215802
12900,3000,122140.663147
13060,3000,122150.740863
12976,3000,122160.379034
12716,3000,122169.670662
13032,3000,122179.665917
12968,3000,122189.435667
12734,3000,122199.241035
13122,3000,122209.01917
13092,3000,122218.834504
13170,3000,122228.540343
13150,3000,122237.91961
12924,3000,122247.948309
12858,3000,122257.381244
12896,3000,122266.924939
13122,3000,122276.838916
13126,3000,122286.564216
12934,3000,122295.856991
13020,3000,122305.339784
13112,3000,122314.956855
13114,3000,122324.18294
13074,3000,122333.478557
13290,3000,122343.090041
13180,3000,122352.555125
12878,3000,122362.804324
12814,3000,122372.518282
12910,3000,122381.885034
12822,3000,122391.361016
12684,3000,122400.705513
13208,3000,122410.519019
13092,3000,122419.580995
12842,3000,122428.992521
13092,3000,122438.487582
12914,3000,122448.248084
12724,3000,122458.166636
12886,3000,122467.63139
13090,3000,122477.45915
13268,3000,122487.281809
13000,3000,122497.332729
13078,3000,122507.478383
12664,3000,122516.795038
12768,3000,122526.609973
13048,3000,122536.291255
12722,3000,122546.008703
12874,3000,122555.20093
13042,3000,122564.833957
13084,3000,122574.709777
12918,3000,122584.975695
12798,3000,122594.16702
12782,3000,122610.527003
12980,3000,122620.1224
12926,3000,122629.871967
12808,3000,122639.527404
12882,3000,122649.336563
12562,3000,122659.186837
12816,3000,122668.338863
12892,3000,122677.856019
13040,3000,122688.219903
13030,3000,122697.796532
12992,3000,122707.228915
12826,3000,122716.604012
12858,3000,122726.253239
13176,3000,122735.798217
12682,3000,122745.12166
12868,3000,122754.896951
13382,3000,122764.528969
13136,3000,122774.152448
12966,3000,122784.240487
12724,3000,122793.687736
13040,3000,122803.245769
12804,3000,122812.452147
13086,3000,122822.283865
13270,3000,122831.970629
12690,3000,122841.207748
12882,3000,122850.92945
13058,3000,122860.10333
13008,3000,122869.229516
13148,3000,122878.848692
12642,3000,122888.34382
12956,3000,122898.070544
12828,3000,122907.180831
12734,3000,122916.728182
13046,3000,122926.598818
12770,3000,122936.017287
12914,3000,122945.653692
12920,3000,122954.729883
12570,3000,122964.013492
12840,3000,122973.313713
12698,3000,122982.492168
13184,3000,122991.757535
13046,3000,123000.758209
13210,3000,123010.07415
13066,3000,123019.150367
12862,3000,123028.432408
13000,3000,123037.84327
13080,3000,123047.181665
12862,3000,123056.417138
13022,3000,123065.910864
13184,3000,123075.421978
12802,3000,123084.759185
12768,3000,123094.270241
13214,3000,123103.432828
13004,3000,123112.490891
12858,3000,123121.877948
13004,3000,123130.762064
12702,3000,123139.793145
12874,3000,123148.821613
12994,3000,123157.737747
13038,3000,123166.827766
13136,3000,123175.780946
13032,3000,123185.329475
13456,3000,123194.768922
12892,3000,123203.898198
12640,3000,123212.988026
13108,3000,123222.065657
13018,3000,123231.832149
12934,3000,123248.102543
12990,3000,123257.389807
13366,3000,123267.037073
13066,3000,123276.227461
13204,3000,123285.77422
12778,3000,123295.832966
12972,3000,123304.908188
12708,3000,123313.592005
12598,3000,123322.798225
12648,3000,123331.989766
13104,3000,123341.316433
13188,3000,123350.92985
12856,3000,123359.991285
12856,3000,123369.101531
12692,3000,123378.409678
13220,3000,123387.547957
12872,3000,123396.558786
13260,3000,123406.180866
12740,3000,123415.696504
12990,3000,123424.765835
13044,3000,123434.235323
12786,3000,123443.55502
13114,3000,123453.04885
13188,3000,123462.358621
12940,3000,123471.44778
13082,3000,123480.257543
13256,3000,123489.560273
12898,3000,123498.872751
12932,3000,123507.886933
12634,3000,123517.137445
13086,3000,123526.041861
13226,3000,123535.526426
12916,3000,123544.471568
13116,3000,123553.589701
13016,3000,123563.290314
13030,3000,123572.807585
12994,3000,123582.30107
13194,3000,123591.721135
13000,3000,123600.846986
13014,3000,123610.264003
12778,3000,123619.663953
12904,3000,123629.254848
13176,3000,123638.517967
13038,3000,123647.939517
13072,3000,123657.54416
12920,3000,123666.841486
12960,3000,123676.123994
13058,3000,123685.194546
12888,3000,123694.523819
12946,3000,123704.076756
13160,3000,123713.359993
12812,3000,123722.245774
13042,3000,123731.842193
12700,3000,123741.006978
12678,3000,123750.165705
13120,3000,123759.519545
13000,3000,123769.020545
12930,3000,123777.872828
12852,3000,123787.222525
12874,3000,123796.431177
12938,3000,123805.215256
13110,3000,123814.592885
13080,3000,123824.136609
13010,3000,123833.045921
12986,3000,123842.601734
13046,3000,123852.465713
12896,3000,123868.134394
13170,3000,123877.169285
12922,3000,123886.588885
13008,3000,123896.196361
12842,3000,123904.948534
12804,3000,123914.06268
12646,3000,123924.138668
12910,3000,123933.709111
13386,3000,123943.41548
12632,3000,123952.725363
12808,3000,123961.996294
12960,3000,123971.277996
13298,3000,123980.341512
12520,3000,123989.078443
13116,3000,123998.153871
12986,3000,124007.167603
13064,3000,124016.873159
13140,3000,124026.282166
13176,3000,124035.406675
12750,3000,124044.793967
13032,3000,124053.635377
13052,3000,124062.50045
12796,3000,124071.313383
12704,3000,124079.969037
13160,3000,124089.20354
13148,3000,124097.918584
12944,3000,124107.458296
12360,3000,124116.694589
13084,3000,124125.506416
12922,3000,124134.922578
13014,3000,124143.61734
13116,3000,124152.706402
12892,3000,124161.344313
12702,3000,124170.217
13170,3000,124179.433894
13010,3000,124188.293558
13278,3000,124197.408238
13268,3000,124206.514037
13140,3000,124215.887626
13214,3000,124224.874895
13256,3000,124233.79786
13312,3000,124242.982764
13216,3000,124252.036298
12858,3000,124260.494458
12448,3000,124269.305742
12876,3000,124278.045242
13122,3000,124287.237511
12756,3000,124296.423935
12984,3000,124305.017443
12970,3000,124313.872944
12892,3000,124322.499527
12938,3000,124330.914464
13022,3000,124339.921951
12996,3000,124349.049459
12918,3000,124357.773099
13028,3000,124366.803374
13088,3000,124376.15653
12672,3000,124385.121068
12942,3000,124393.834818
12576,3000,124402.877744
13100,3000,124411.470187
13100,3000,124420.497713
13152,3000,124430.017947
13070,3000,124439.026216
13234,3000,124447.743361
12950,3000,124456.861243
12944,3000,124465.876451
12612,3000,124481.345571
12868,3000,124490.060262
13058,3000,124499.034391
12944,3000,124508.022588
13208,3000,124516.926692
12496,3000,124525.269971
13074,3000,124534.143747
13006,3000,124542.900835
13036,3000,124551.459554
13164,3000,124560.545044
12896,3000,124569.535612
12624,3000,124578.222764
13050,3000,124587.184382
12898,3000,124596.188268
12700,3000,124605.141094
12990,3000,124613.928698
12800,3000,124623.007446
12946,3000,124632.18038
12782,3000,124641.088044
12976,3000,124650.096856
13024,3000,124659.413066
13134,3000,124668.130507
12918,3000,124677.099926
12838,3000,124685.711169
13012,3000,124694.392356
13130,3000,124703.172606
13066,3000,124712.5227
12922,3000,124721.21188
12896,3000,124730.47814
12962,3000,124739.194672
13016,3000,124748.179651
12922,3000,124757.176589
12968,3000,124766.234336
13156,3000,124775.322732
12928,3000,124784.362356
12824,3000,124793.263792
13254,3000,124802.247175
12880,3000,124811.257203
13126,3000,124820.259115
12792,3000,124829.227956
12732,3000,124838.284403
13012,3000,124847.600404
13034,3000,124856.34128
12810,3000,124865.194682
12922,3000,124874.375015
12286,3000,124883.299881
12744,3000,124891.959993
12804,3000,124901.199254
12908,3000,124910.33105
12646,3000,124919.367219
13030,3000,124928.559357
12826,3000,124937.479915
13126,3000,124946.59575
13018,3000,124955.751554
12840,3000,124964.743273
12552,3000,124973.564869
13224,3000,124982.834293
12870,3000,124991.969211
12578,3000,125000.801535
12806,3000,125009.322239
13204,3000,125017.901549
12746,3000,125027.208811
12600,3000,125036.590142
13134,3000,125045.471734
12758,3000,125054.722223
12914,3000,125063.886224
13084,3000,125072.963145
12852,3000,125088.819374
12938,3000,125097.617625
13060,3000,125106.299135
12942,3000,125115.360338
13382,3000,125124.41915
12696,3000,125133.800597
13028,3000,125142.503707
12352,3000,125151.474689
12994,3000,125160.7193
12904,3000,125169.451701
13096,3000,125178.788674
12692,3000,125187.74478
13056,3000,125196.554076
13306,3000,125205.28634
12834,3000,125214.531829
12922,3000,125223.91904
13102,3000,125233.213352
12902,3000,125242.07164
12942,3000,125251.00606
12970,3000,125259.67539
12938,3000,125268.622926
13138,3000,125277.942882
13156,3000,125286.869158
12930,3000,125295.20205
13124,3000,125304.266931
13272,3000,125313.455077
12828,3000,125322.911637
12934,3000,125332.080949
12658,3000,125341.078356
13090,3000,125350.266777
13048,3000,125358.817741
12852,3000,125367.597563
12992,3000,125376.6486
12902,3000,125385.559456
13172,3000,125394.91787
12916,3000,125404.000652
12762,3000,125413.195791
13190,3000,125421.834974
13366,3000,125430.64685
12878,3000,125439.569041
12814,3000,125448.398345
12880,3000,125457.553824
13052,3000,125466.663644
13098,3000,125475.919151
13244,3000,125485.299155
12978,3000,125494.28706
13026,3000,125502.986862
12716,3000,125512.001788
12860,3000,125520.98456
13064,3000,125529.962241
13124,3000,125538.773645
13014,3000,125547.848044
12848,3000,125556.469461
12886,3000,125564.959195
13158,3000,125573.861897
13214,3000,125582.684829
13260,3000,125591.242652
12982,3000,125600.013535
12934,3000,125608.894735
13106,3000,125617.78731
13018,3000,125626.537774
12740,3000,125635.683079
12798,3000,125644.26183
13038,3000,125653.378691
12926,3000,125662.348517
12944,3000,125671.515656
12994,3000,125686.740628
13110,3000,125695.85114
12930,3000,125704.832043
12704,3000,125713.683718
12560,3000,125722.337846
13034,3000,125731.291474
12872,3000,125739.651127
12974,3000,125748.458692
12594,3000,125757.443656
13426,3000,125766.700585
12896,3000,125775.340614
13284,3000,125784.080503
13216,3000,125793.121221
13170,3000,125801.998162
13322,3000,125811.055487
12862,3000,125819.823027
12904,3000,125829.137697
12886,3000,125838.219996
13004,3000,125847.267938
12828,3000,125856.277749
12852,3000,125865.41401
12960,3000,125874.406991
12842,3000,125883.257601
13402,3000,125892.214114
12380,3000,125901.149426
13190,3000,125910.246825
12812,3000,125918.691772
12910,3000,125927.479499
13150,3000,125936.316336
12746,3000,125945.163692
12818,3000,125954.099954
13164,3000,125963.047761
13064,3000,125971.997484
12984,3000,125980.934302
13130,3000,125990.060624
12730,3000,125999.097821
12490,3000,126007.672099
12404,3000,126016.562393
12966,3000,126025.367225
13046,3000,126034.148276
12904,3000,126042.938122
12754,3000,126051.683819
12982,3000,126060.882506
13214,3000,126069.84972
13164,3000,126079.365793
12972,3000,126088.331817
12500,3000,126097.322212
13444,3000,126106.185667
13164,3000,126115.523631
12890,3000,126124.834451
12738,3000,126133.941173
13104,3000,126142.949076
12596,3000,126151.881545
13118,3000,126160.607076
12752,3000,126169.208506
13094,3000,126178.056693
13140,3000,126186.799013
12882,3000,126195.451381
12850,3000,126204.475852
13070,3000,126213.710651
12590,3000,126222.681024
13162,3000,126231.434242
12800,3000,126240.776957
13048,3000,126249.655459
13062,3000,126258.492738
12936,3000,126267.383453
12940,3000,126276.43984
12872,3000,126291.72453
13098,3000,126301.061593
12926,3000,126310.088835
12930,3000,126318.90658
12904,3000,126327.912466
13026,3000,126337.13938
12796,3000,126345.993951
13104,3000,126355.291179
12976,3000,126364.401058
12858,3000,126373.374405
13100,3000,126382.125081
12894,3000,126390.6622
13310,3000,126399.533453
12908,3000,126408.712238
13144,3000,126417.654787
12802,3000,126426.798875
13106,3000,126435.616683
13172,3000,126444.601396
12676,3000,126453.716167
13046,3000,126462.838755
12912,3000,126472.17997
12818,3000,126481.295298
12950,3000,126490.34896
12766,3000,126499.076883
13112,3000,126508.179316
12732,3000,126517.156964
13058,3000,126526.186793
12622,3000,126535.062737
12740,3000,126543.74764
12942,3000,126552.412076
12950,3000,126561.227355
12804,3000,126570.318774
12826,3000,126579.098001
12852,3000,126588.065985
13000,3000,126596.561051
12906,3000,126605.496669
13128,3000,126614.664883
12660,3000,126623.535766
12968,3000,126633.001559
13028,3000,126642.065135
12816,3000,126651.255597
12952,3000,126660.034991
13320,3000,126669.515139
12962,3000,126678.424386
13034,3000,126688.114486
12776,3000,126697.139772
13076,3000,126706.248185
12710,3000,126714.80421
12966,3000,126724.012295
13150,3000,126733.168346
12990,3000,126741.772875
12740,3000,126750.303608
12880,3000,126759.700507
12844,3000,126769.058728
12876,3000,126777.868769
12782,3000,126786.359555
13102,3000,126795.207397
13006,3000,126804.100097
13300,3000,126813.067884
12822,3000,126822.421434
12614,3000,126831.617539
13242,3000,126840.618574
12774,3000,126849.167846
12948,3000,126857.862455
12686,3000,126866.527941
13088,3000,126875.69031
13200,3000,126884.549481
12990,3000,126899.98037
12802,3000,126908.916824
13156,3000,126917.880157
13138,3000,126926.898504
12476,3000,126935.930922
12938,3000,126945.213781
13174,3000,126954.479062
13260,3000,126963.62415
13038,3000,126972.730848
12818,3000,126981.799563
13018,3000,126991.29387
12946,3000,127000.210413
13080,3000,127009.120387
13022,3000,127018.026517
13084,3000,127027.164343
12934,3000,127036.08397
12872,3000,127045.147358
12878,3000,127054.412045
13084,3000,127063.515873
12896,3000,127072.431881
13004,3000,127081.740157
13064,3000,127091.054663
12804,3000,127099.874015
13064,3000,127108.996174
13114,3000,127117.699758
13006,3000,127126.383354
12906,3000,127135.137089
12624,3000,127143.794281
12828,3000,127153.129961
12808,3000,127161.820503
12908,3000,127170.68113
12740,3000,127179.940114
12928,3000,127188.730151
12988,3000,127197.454332
12848,3000,127206.357321
12972,3000,127215.581449
12900,3000,127224.431542
12840,3000,127233.508637
13180,3000,127242.62074
12686,3000,127251.484196
12914,3000,127260.750384
12880,3000,127270.24587
13092,3000,127279.452251
12954,3000,127288.302067
12848,3000,127297.302206
12760,3000,127306.226852
13180,3000,127315.239828
12982,3000,127324.903256
12924,3000,127333.938514
12942,3000,127342.835211
12906,3000,127352.071214
12754,3000,127360.877696
13170,3000,127369.658992
13076,3000,127378.660659
12816,3000,127387.482809
12660,3000,127395.915349
12854,3000,127404.604255
12880,3000,127413.162173
13248,3000,127422.007727
12586,3000,127430.670366
12598,3000,127439.660502
13080,3000,127448.654333
12804,3000,127457.765932
12928,3000,127467.042672
12658,3000,127475.897412
12696,3000,127485.091563
13240,3000,127500.399143
13054,3000,127509.047452
13072,3000,127518.44863
12926,3000,127527.705319
13022,3000,127536.571865
13040,3000,127545.46281
12946,3000,127554.227477
12906,3000,127562.618015
12832,3000,127571.773251
