---> Week : 0
--> Day : 0
-> Request 0
29
(1, 3, 2)
3
(59, 61)
-> Request 1
51
(9, 3, 1)
2
(42, 49)
-> Request 2
124
(8, 1, 2)
2
(3, 61)
-> Request 3
155
(2, 3, 1)
3
(35, 10)
-> Request 4
162
(9, 3, 1)
3
(9, 52)
-> Request 5
175
(1, 1, 2)
3
(56, 38)
-> Request 6
240
(4, 1, 2)
1
(37, 23)
-> Request 7
280
(4, 2, 2)
3
(3, 22)
-> Request 8
283
(1, 3, 2)
3
(68, 3)
-> Request 9
299
(4, 3, 1)
3
(60, 3)
-> Request 10
329
(6, 1, 1)
3
(34, 67)
-> Request 11
333
(2, 1, 1)
1
(58, 30)
-> Request 12
347
(10, 1, 2)
1
(77, 0)
-> Request 13
351
(3, 3, 1)
1
(47, 47)
-> Request 14
361
(1, 2, 2)
1
(1, 58)
-> Request 15
378
(1, 1, 2)
1
(35, 46)
-> Request 16
395
(1, 3, 1)
1
(77, 20)
-> Request 17
518
(8, 2, 2)
2
(71, 46)
-> Request 18
533
(4, 2, 2)
1
(1, 62)
-> Request 19
536
(5, 3, 2)
1
(22, 59)
-> Request 20
536
(3, 1, 2)
1
(72, 32)
-> Request 21
551
(7, 2, 2)
3
(57, 9)
-> Request 22
569
(4, 1, 1)
2
(71, 39)
-> Request 23
580
(5, 3, 2)
3
(31, 59)
-> Request 24
605
(5, 3, 2)
3
(79, 25)
-> Request 25
613
(1, 2, 1)
2
(67, 45)
-> Request 26
625
(5, 3, 2)
3
(19, 65)
-> Request 27
652
(7, 3, 2)
1
(28, 15)
-> Request 28
668
(8, 3, 2)
3
(30, 19)
-> Request 29
699
(10, 3, 2)
1
(54, 34)
-> Request 30
717
(9, 1, 2)
1
(35, 2)
-> Request 31
747
(7, 3, 2)
1
(64, 11)
-> Request 32
764
(8, 3, 2)
2
(68, 53)
-> Request 33
853
(1, 2, 2)
3
(75, 34)
-> Request 34
857
(3, 1, 1)
3
(5, 30)
-> Request 35
875
(10, 2, 1)
1
(11, 29)
-> Request 36
884
(9, 3, 2)
2
(33, 24)
-> Request 37
893
(7, 1, 2)
1
(8, 59)
-> Request 38
898
(8, 3, 2)
2
(68, 0)
-> Request 39
924
(5, 1, 2)
2
(67, 35)
-> Request 40
946
(6, 3, 2)
3
(25, 40)
-> Request 41
956
(7, 3, 2)
3
(16, 23)
-> Request 42
966
(3, 2, 2)
1
(16, 36)
-> Request 43
992
(5, 2, 2)
1
(48, 54)
-> Request 44
1002
(3, 2, 2)
3
(47, 69)
-> Request 45
1047
(4, 1, 1)
2
(50, 32)
-> Request 46
1052
(6, 2, 2)
1
(59, 50)
-> Request 47
1089
(10, 2, 1)
1
(55, 78)
-> Request 48
1151
(5, 3, 1)
2
(74, 77)
-> Request 49
1165
(4, 3, 2)
1
(45, 3)
-> Request 50
1184
(10, 2, 1)
2
(75, 39)
-> Request 51
1186
(6, 2, 1)
1
(66, 53)
-> Request 52
1206
(6, 2, 1)
2
(53, 10)
-> Request 53
1212
(6, 3, 2)
2
(73, 19)
-> Request 54
1218
(5, 2, 2)
1
(13, 17)
-> Request 55
1235
(5, 3, 1)
3
(39, 72)
-> Request 56
1240
(1, 2, 1)
3
(14, 28)
-> Request 57
1288
(9, 2, 1)
3
(42, 33)
-> Request 58
1337
(6, 2, 1)
1
(3, 11)
-> Request 59
1346
(2, 3, 1)
1
(6, 77)
-> Request 60
1358
(2, 2, 1)
1
(33, 14)
-> Request 61
1362
(6, 1, 1)
3
(16, 78)
-> Request 62
1425
(7, 1, 2)
1
(67, 30)
-> Request 63
1428
(3, 1, 2)
1
(29, 56)
--> Day : 1
-> Request 0
49
(9, 1, 1)
3
(17, 41)
-> Request 1
76
(8, 2, 2)
2
(23, 52)
-> Request 2
99
(2, 1, 1)
3
(37, 62)
-> Request 3
108
(2, 1, 2)
1
(67, 53)
-> Request 4
115
(4, 1, 2)
2
(28, 35)
-> Request 5
177
(4, 3, 2)
3
(12, 52)
-> Request 6
223
(4, 2, 2)
3
(19, 66)
-> Request 7
236
(9, 3, 2)
2
(32, 1)
-> Request 8
239
(4, 1, 2)
1
(50, 39)
-> Request 9
258
(2, 1, 2)
3
(62, 77)
-> Request 10
288
(7, 1, 2)
2
(44, 17)
-> Request 11
303
(3, 2, 2)
1
(41, 72)
-> Request 12
307
(1, 2, 2)
3
(38, 2)
-> Request 13
325
(9, 3, 2)
1
(29, 6)
-> Request 14
325
(7, 2, 2)
1
(46, 32)
-> Request 15
327
(4, 3, 1)
2
(32, 6)
-> Request 16
346
(2, 3, 2)
3
(68, 11)
-> Request 17
376
(2, 1, 2)
2
(78, 37)
-> Request 18
382
(2, 1, 2)
3
(52, 64)
-> Request 19
396
(10, 1, 1)
2
(39, 1)
-> Request 20
413
(4, 3, 1)
2
(36, 10)
-> Request 21
417
(5, 2, 2)
1
(10, 36)
-> Request 22
460
(9, 2, 2)
1
(54, 63)
-> Request 23
470
(6, 1, 1)
3
(1, 65)
-> Request 24
475
(3, 2, 2)
3
(10, 44)
-> Request 25
500
(10, 2, 1)
1
(45, 47)
-> Request 26
561
(3, 3, 2)
3
(55, 56)
-> Request 27
564
(7, 1, 2)
2
(50, 5)
-> Request 28
574
(7, 1, 2)
2
(24, 66)
-> Request 29
621
(5, 2, 1)
2
(70, 45)
-> Request 30
621
(6, 3, 1)
3
(41, 27)
-> Request 31
633
(8, 1, 1)
1
(61, 27)
-> Request 32
659
(8, 3, 2)
3
(25, 30)
-> Request 33
666
(1, 3, 2)
2
(16, 14)
-> Request 34
695
(7, 2, 1)
3
(38, 71)
-> Request 35
704
(5, 1, 2)
1
(41, 68)
-> Request 36
711
(4, 2, 1)
3
(55, 50)
-> Request 37
725
(6, 2, 2)
1
(47, 52)
-> Request 38
750
(2, 1, 2)
2
(29, 27)
-> Request 39
754
(6, 3, 1)
3
(38, 69)
-> Request 40
773
(7, 2, 1)
3
(32, 29)
-> Request 41
808
(1, 3, 1)
3
(38, 43)
-> Request 42
834
(3, 3, 1)
1
(11, 53)
-> Request 43
841
(8, 1, 1)
3
(4, 16)
-> Request 44
929
(10, 3, 2)
3
(79, 37)
-> Request 45
933
(5, 3, 1)
3
(79, 41)
-> Request 46
959
(5, 1, 1)
3
(26, 77)
-> Request 47
975
(1, 2, 2)
3
(35, 43)
-> Request 48
981
(9, 2, 2)
1
(35, 58)
-> Request 49
981
(9, 1, 2)
3
(41, 35)
-> Request 50
1002
(8, 1, 1)
3
(74, 77)
-> Request 51
1004
(2, 1, 2)
3
(70, 60)
-> Request 52
1135
(3, 3, 2)
1
(44, 29)
-> Request 53
1167
(1, 2, 1)
1
(60, 33)
-> Request 54
1243
(6, 1, 1)
1
(43, 78)
-> Request 55
1276
(4, 3, 2)
2
(34, 15)
-> Request 56
1321
(4, 1, 2)
2
(12, 67)
-> Request 57
1379
(9, 1, 1)
1
(36, 74)
-> Request 58
1426
(8, 2, 1)
1
(73, 77)
--> Day : 2
-> Request 0
13
(4, 1, 1)
3
(36, 74)
-> Request 1
49
(8, 2, 1)
1
(2, 44)
-> Request 2
107
(1, 1, 2)
1
(44, 60)
-> Request 3
130
(4, 3, 2)
2
(19, 37)
-> Request 4
143
(4, 2, 2)
1
(53, 61)
-> Request 5
174
(2, 3, 1)
2
(9, 27)
-> Request 6
210
(5, 2, 1)
1
(25, 10)
-> Request 7
226
(5, 2, 1)
1
(29, 43)
-> Request 8
236
(1, 1, 1)
3
(16, 56)
-> Request 9
239
(4, 2, 1)
1
(50, 14)
-> Request 10
250
(10, 3, 1)
3
(13, 43)
-> Request 11
273
(4, 3, 2)
1
(18, 18)
-> Request 12
320
(10, 3, 2)
2
(60, 44)
-> Request 13
371
(3, 2, 1)
2
(45, 20)
-> Request 14
407
(3, 2, 2)
3
(48, 51)
-> Request 15
419
(6, 3, 2)
2
(28, 11)
-> Request 16
504
(1, 3, 2)
3
(35, 71)
-> Request 17
520
(1, 2, 2)
1
(58, 79)
-> Request 18
563
(8, 1, 2)
1
(43, 0)
-> Request 19
572
(3, 2, 2)
1
(34, 42)
-> Request 20
589
(8, 3, 1)
2
(0, 9)
-> Request 21
679
(4, 2, 1)
1
(77, 76)
-> Request 22
689
(6, 2, 1)
1
(59, 29)
-> Request 23
692
(7, 2, 1)
3
(12, 64)
-> Request 24
712
(4, 2, 1)
3
(67, 1)
-> Request 25
722
(5, 3, 2)
3
(42, 2)
-> Request 26
722
(5, 2, 2)
3
(8, 7)
-> Request 27
730
(7, 2, 2)
2
(32, 27)
-> Request 28
782
(10, 3, 2)
1
(67, 16)
-> Request 29
784
(7, 2, 2)
1
(74, 66)
-> Request 30
789
(4, 2, 1)
1
(52, 53)
-> Request 31
847
(4, 2, 1)
2
(42, 27)
-> Request 32
991
(7, 1, 2)
2
(70, 79)
-> Request 33
1052
(8, 1, 2)
2
(36, 22)
-> Request 34
1123
(10, 1, 1)
1
(37, 27)
-> Request 35
1194
(4, 3, 2)
2
(62, 10)
-> Request 36
1224
(8, 2, 2)
3
(75, 27)
-> Request 37
1247
(5, 2, 1)
1
(30, 21)
-> Request 38
1256
(10, 2, 2)
3
(36, 78)
-> Request 39
1277
(4, 3, 1)
1
(68, 13)
-> Request 40
1291
(9, 2, 2)
1
(53, 55)
-> Request 41
1347
(8, 2, 1)
1
(16, 55)
-> Request 42
1371
(1, 1, 2)
2
(8, 7)
-> Request 43
1396
(1, 3, 1)
1
(6, 78)
-> Request 44
1397
(10, 2, 2)
2
(28, 2)
-> Request 45
1411
(7, 2, 1)
2
(42, 5)
--> Day : 3
-> Request 0
64
(2, 2, 2)
1
(68, 77)
-> Request 1
67
(2, 1, 1)
2
(51, 4)
-> Request 2
77
(6, 3, 2)
3
(15, 78)
-> Request 3
199
(6, 1, 2)
2
(75, 78)
-> Request 4
209
(8, 3, 2)
3
(71, 7)
-> Request 5
215
(6, 2, 2)
1
(36, 76)
-> Request 6
237
(8, 3, 1)
3
(58, 43)
-> Request 7
238
(4, 3, 1)
2
(3, 43)
-> Request 8
294
(6, 2, 1)
1
(45, 52)
-> Request 9
300
(5, 3, 2)
3
(28, 62)
-> Request 10
304
(7, 1, 2)
2
(24, 75)
-> Request 11
309
(6, 2, 1)
1
(52, 60)
-> Request 12
310
(10, 3, 1)
3
(66, 41)
-> Request 13
348
(7, 2, 1)
2
(3, 45)
-> Request 14
348
(3, 2, 2)
3
(51, 29)
-> Request 15
366
(2, 2, 2)
1
(11, 16)
-> Request 16
389
(7, 2, 2)
1
(76, 37)
-> Request 17
416
(2, 2, 2)
3
(18, 13)
-> Request 18
426
(4, 2, 1)
3
(59, 24)
-> Request 19
443
(5, 3, 1)
1
(54, 74)
-> Request 20
451
(10, 1, 1)
3
(21, 33)
-> Request 21
520
(8, 3, 1)
3
(54, 74)
-> Request 22
557
(3, 1, 2)
1
(67, 37)
-> Request 23
623
(6, 2, 1)
2
(16, 12)
-> Request 24
674
(8, 1, 1)
2
(11, 0)
-> Request 25
691
(9, 1, 2)
2
(51, 74)
-> Request 26
697
(3, 2, 1)
2
(41, 36)
-> Request 27
707
(8, 2, 2)
1
(30, 55)
-> Request 28
708
(6, 1, 2)
2
(41, 72)
-> Request 29
710
(6, 3, 2)
1
(21, 10)
-> Request 30
721
(5, 1, 1)
1
(55, 22)
-> Request 31
755
(8, 3, 1)
1
(28, 71)
-> Request 32
759
(6, 3, 2)
1
(67, 54)
-> Request 33
783
(10, 3, 1)
3
(15, 79)
-> Request 34
795
(4, 1, 1)
2
(72, 61)
-> Request 35
832
(5, 1, 1)
2
(16, 63)
-> Request 36
857
(10, 1, 2)
2
(21, 3)
-> Request 37
890
(6, 2, 1)
3
(78, 18)
-> Request 38
939
(3, 3, 2)
1
(4, 66)
-> Request 39
943
(8, 3, 1)
3
(72, 24)
-> Request 40
978
(5, 1, 1)
1
(30, 31)
-> Request 41
994
(4, 3, 1)
2
(50, 70)
-> Request 42
1031
(1, 2, 1)
2
(55, 73)
-> Request 43
1038
(8, 1, 2)
2
(67, 30)
-> Request 44
1076
(4, 3, 2)
3
(75, 13)
-> Request 45
1083
(10, 1, 2)
1
(67, 39)
-> Request 46
1084
(9, 1, 1)
3
(39, 61)
-> Request 47
1085
(10, 1, 2)
2
(55, 16)
-> Request 48
1136
(4, 2, 1)
2
(34, 5)
-> Request 49
1161
(8, 3, 2)
2
(28, 12)
-> Request 50
1179
(10, 2, 1)
3
(17, 9)
-> Request 51
1190
(1, 3, 1)
3
(61, 79)
-> Request 52
1204
(8, 2, 1)
2
(4, 40)
-> Request 53
1246
(2, 3, 2)
3
(56, 26)
-> Request 54
1254
(9, 1, 1)
3
(63, 44)
-> Request 55
1342
(7, 1, 2)
3
(32, 76)
-> Request 56
1381
(5, 3, 2)
2
(43, 46)
--> Day : 4
-> Request 0
38
(4, 1, 2)
3
(5, 19)
-> Request 1
47
(5, 1, 1)
3
(49, 11)
-> Request 2
53
(10, 2, 1)
2
(19, 14)
-> Request 3
57
(4, 1, 1)
3
(2, 41)
-> Request 4
73
(2, 1, 2)
3
(78, 6)
-> Request 5
114
(3, 2, 2)
3
(26, 38)
-> Request 6
145
(4, 2, 2)
3
(41, 49)
-> Request 7
161
(8, 3, 2)
3
(42, 3)
-> Request 8
174
(9, 3, 2)
1
(73, 44)
-> Request 9
186
(5, 1, 2)
1
(35, 59)
-> Request 10
187
(2, 3, 1)
3
(62, 32)
-> Request 11
205
(3, 3, 1)
3
(22, 74)
-> Request 12
226
(7, 3, 2)
1
(28, 39)
-> Request 13
268
(7, 2, 1)
1
(71, 13)
-> Request 14
275
(4, 3, 2)
3
(3, 40)
-> Request 15
299
(9, 3, 2)
2
(18, 61)
-> Request 16
314
(5, 2, 2)
1
(11, 1)
-> Request 17
344
(3, 1, 2)
2
(38, 57)
-> Request 18
345
(10, 2, 2)
3
(20, 57)
-> Request 19
346
(10, 3, 2)
1
(21, 56)
-> Request 20
353
(1, 2, 1)
3
(55, 19)
-> Request 21
363
(1, 2, 1)
3
(16, 27)
-> Request 22
413
(1, 3, 2)
1
(9, 32)
-> Request 23
430
(9, 3, 2)
3
(2, 27)
-> Request 24
452
(2, 2, 1)
3
(45, 41)
-> Request 25
452
(10, 1, 1)
2
(50, 9)
-> Request 26
478
(1, 3, 1)
3
(18, 26)
-> Request 27
540
(5, 1, 1)
1
(12, 14)
-> Request 28
548
(8, 1, 2)
3
(47, 18)
-> Request 29
621
(4, 3, 2)
2
(69, 67)
-> Request 30
626
(10, 1, 2)
2
(0, 53)
-> Request 31
648
(5, 2, 1)
2
(32, 44)
-> Request 32
650
(4, 2, 1)
2
(56, 31)
-> Request 33
677
(10, 3, 1)
2
(30, 30)
-> Request 34
681
(3, 1, 2)
2
(23, 70)
-> Request 35
690
(7, 2, 1)
2
(48, 54)
-> Request 36
701
(8, 3, 2)
2
(22, 69)
-> Request 37
758
(4, 1, 2)
3
(69, 49)
-> Request 38
823
(4, 2, 1)
1
(43, 31)
-> Request 39
839
(10, 2, 1)
2
(22, 53)
-> Request 40
884
(2, 1, 1)
1
(33, 59)
-> Request 41
887
(8, 1, 1)
3
(78, 44)
-> Request 42
921
(5, 3, 1)
2
(67, 29)
-> Request 43
981
(1, 3, 2)
2
(79, 11)
-> Request 44
1002
(5, 3, 2)
2
(66, 19)
-> Request 45
1021
(4, 3, 1)
3
(22, 76)
-> Request 46
1042
(5, 3, 1)
2
(52, 77)
-> Request 47
1048
(2, 1, 1)
3
(29, 68)
-> Request 48
1049
(6, 3, 1)
1
(74, 79)
-> Request 49
1098
(2, 1, 2)
1
(78, 28)
-> Request 50
1164
(2, 3, 1)
3
(6, 30)
-> Request 51
1194
(9, 3, 2)
2
(54, 15)
-> Request 52
1247
(1, 1, 1)
2
(69, 28)
-> Request 53
1288
(5, 3, 2)
2
(64, 2)
-> Request 54
1315
(2, 1, 2)
2
(16, 23)
-> Request 55
1363
(4, 3, 1)
3
(23, 69)
-> Request 56
1424
(1, 1, 1)
2
(68, 34)
-> Request 57
1438
(9, 1, 1)
2
(17, 71)
---> Week : 1
--> Day : 0
-> Request 0
74
(9, 1, 1)
1
(47, 34)
-> Request 1
146
(9, 1, 2)
1
(5, 50)
-> Request 2
161
(5, 2, 2)
2
(46, 8)
-> Request 3
184
(3, 1, 1)
3
(28, 53)
-> Request 4
212
(10, 2, 1)
1
(32, 68)
-> Request 5
243
(4, 3, 1)
3
(41, 5)
-> Request 6
334
(1, 1, 2)
2
(59, 54)
-> Request 7
361
(7, 1, 2)
2
(14, 9)
-> Request 8
384
(1, 2, 2)
1
(70, 34)
-> Request 9
387
(7, 3, 2)
1
(45, 7)
-> Request 10
446
(3, 3, 1)
3
(32, 15)
-> Request 11
446
(5, 1, 1)
1
(5, 27)
-> Request 12
453
(10, 1, 2)
1
(50, 42)
-> Request 13
458
(10, 1, 2)
3
(50, 27)
-> Request 14
519
(1, 3, 2)
3
(59, 55)
-> Request 15
527
(4, 1, 2)
1
(47, 68)
-> Request 16
536
(9, 2, 2)
2
(50, 74)
-> Request 17
565
(8, 2, 2)
2
(3, 72)
-> Request 18
574
(2, 3, 1)
1
(18, 79)
-> Request 19
576
(1, 3, 2)
2
(77, 58)
-> Request 20
577
(2, 1, 1)
1
(58, 66)
-> Request 21
580
(3, 1, 2)
1
(52, 74)
-> Request 22
583
(10, 1, 1)
1
(31, 9)
-> Request 23
583
(4, 1, 1)
1
(13, 59)
-> Request 24
592
(2, 1, 1)
1
(33, 61)
-> Request 25
607
(3, 1, 2)
3
(28, 43)
-> Request 26
617
(3, 1, 2)
1
(4, 58)
-> Request 27
621
(5, 1, 2)
2
(46, 10)
-> Request 28
647
(5, 2, 1)
3
(36, 35)
-> Request 29
648
(6, 2, 2)
3
(70, 40)
-> Request 30
661
(3, 3, 2)
2
(78, 34)
-> Request 31
670
(7, 3, 2)
1
(2, 12)
-> Request 32
670
(8, 1, 1)
2
(64, 2)
-> Request 33
692
(5, 1, 1)
2
(16, 53)
-> Request 34
723
(5, 2, 2)
1
(50, 9)
-> Request 35
788
(1, 1, 2)
2
(75, 28)
-> Request 36
841
(1, 2, 2)
1
(42, 70)
-> Request 37
908
(5, 1, 2)
3
(41, 48)
-> Request 38
920
(8, 2, 1)
1
(15, 45)
-> Request 39
974
(1, 1, 2)
2
(71, 72)
-> Request 40
991
(5, 1, 2)
1
(70, 32)
-> Request 41
997
(6, 2, 1)
1
(66, 22)
-> Request 42
1002
(7, 2, 2)
3
(56, 1)
-> Request 43
1050
(7, 3, 2)
2
(41, 21)
-> Request 44
1072
(9, 3, 2)
3
(11, 40)
-> Request 45
1091
(6, 1, 2)
3
(47, 32)
-> Request 46
1111
(4, 1, 2)
2
(9, 14)
-> Request 47
1119
(7, 1, 1)
1
(27, 27)
-> Request 48
1123
(9, 1, 2)
3
(51, 49)
-> Request 49
1142
(7, 3, 2)
3
(15, 2)
-> Request 50
1181
(9, 2, 1)
2
(13, 57)
-> Request 51
1194
(7, 1, 2)
1
(68, 75)
-> Request 52
1195
(10, 2, 2)
3
(40, 1)
-> Request 53
1249
(8, 2, 2)
1
(64, 42)
-> Request 54
1249
(5, 1, 1)
2
(39, 56)
-> Request 55
1266
(2, 3, 2)
3
(6, 29)
-> Request 56
1271
(2, 1, 1)
2
(63, 19)
-> Request 57
1295
(8, 3, 2)
3
(4, 59)
-> Request 58
1328
(1, 2, 1)
1
(22, 34)
-> Request 59
1359
(8, 3, 2)
2
(6, 8)
-> Request 60
1403
(4, 1, 2)
1
(57, 10)
--> Day : 1
-> Request 0
1
(3, 2, 1)
1
(5, 4)
-> Request 1
9
(2, 2, 2)
2
(78, 48)
-> Request 2
12
(8, 1, 1)
1
(76, 55)
-> Request 3
30
(8, 3, 1)
1
(3, 8)
-> Request 4
32
(8, 1, 2)
3
(27, 52)
-> Request 5
175
(5, 3, 2)
3
(2, 76)
-> Request 6
234
(4, 1, 1)
1
(24, 77)
-> Request 7
284
(1, 2, 1)
2
(31, 55)
-> Request 8
288
(2, 3, 1)
3
(65, 67)
-> Request 9
344
(1, 3, 2)
3
(21, 29)
-> Request 10
365
(1, 3, 2)
1
(69, 53)
-> Request 11
402
(9, 1, 2)
1
(68, 18)
-> Request 12
417
(2, 1, 2)
1
(36, 7)
-> Request 13
426
(10, 1, 1)
2
(9, 69)
-> Request 14
461
(3, 2, 2)
1
(64, 43)
-> Request 15
463
(4, 3, 2)
2
(51, 78)
-> Request 16
503
(5, 2, 2)
2
(28, 2)
-> Request 17
503
(10, 2, 1)
1
(10, 63)
-> Request 18
547
(1, 3, 2)
3
(15, 5)
-> Request 19
587
(5, 3, 1)
2
(35, 66)
-> Request 20
594
(2, 3, 2)
3
(24, 10)
-> Request 21
595
(8, 1, 1)
1
(35, 0)
-> Request 22
612
(1, 2, 2)
2
(35, 66)
-> Request 23
633
(9, 2, 1)
1
(34, 76)
-> Request 24
645
(4, 1, 2)
3
(75, 6)
-> Request 25
645
(9, 2, 2)
1
(53, 12)
-> Request 26
648
(5, 2, 1)
1
(10, 75)
-> Request 27
652
(10, 1, 2)
3
(31, 19)
-> Request 28
713
(3, 1, 1)
1
(11, 17)
-> Request 29
752
(2, 2, 1)
3
(70, 74)
-> Request 30
782
(2, 3, 2)
1
(22, 14)
-> Request 31
782
(6, 3, 1)
3
(43, 39)
-> Request 32
861
(7, 1, 2)
2
(32, 2)
-> Request 33
921
(10, 2, 2)
3
(72, 69)
-> Request 34
970
(7, 3, 2)
1
(63, 40)
-> Request 35
989
(10, 2, 2)
3
(51, 57)
-> Request 36
1015
(10, 2, 1)
3
(71, 11)
-> Request 37
1045
(10, 2, 1)
2
(70, 31)
-> Request 38
1086
(7, 1, 1)
2
(0, 79)
-> Request 39
1095
(8, 1, 2)
2
(0, 2)
-> Request 40
1147
(2, 3, 2)
1
(78, 5)
-> Request 41
1164
(1, 1, 2)
2
(49, 10)
-> Request 42
1195
(8, 1, 1)
2
(62, 63)
-> Request 43
1232
(8, 1, 2)
1
(6, 20)
-> Request 44
1234
(8, 2, 2)
1
(29, 63)
-> Request 45
1247
(10, 2, 2)
3
(59, 66)
-> Request 46
1273
(6, 1, 2)
2
(31, 33)
-> Request 47
1276
(6, 2, 2)
1
(53, 1)
-> Request 48
1328
(10, 1, 1)
2
(68, 71)
-> Request 49
1336
(3, 3, 1)
3
(22, 7)
-> Request 50
1344
(1, 2, 2)
2
(2, 27)
-> Request 51
1354
(9, 2, 1)
2
(6, 62)
-> Request 52
1358
(1, 1, 2)
2
(46, 71)
-> Request 53
1401
(1, 1, 2)
1
(29, 33)
-> Request 54
1424
(8, 3, 2)
3
(21, 49)
--> Day : 2
-> Request 0
15
(7, 3, 1)
2
(61, 39)
-> Request 1
27
(1, 2, 1)
2
(5, 10)
-> Request 2
28
(2, 2, 1)
3
(31, 53)
-> Request 3
43
(5, 2, 2)
1
(44, 44)
-> Request 4
52
(1, 3, 1)
2
(52, 53)
-> Request 5
70
(6, 2, 1)
1
(58, 20)
-> Request 6
101
(10, 1, 2)
3
(26, 35)
-> Request 7
109
(8, 2, 2)
1
(31, 33)
-> Request 8
193
(4, 3, 1)
1
(24, 39)
-> Request 9
211
(3, 1, 2)
3
(1, 46)
-> Request 10
227
(6, 2, 2)
3
(65, 27)
-> Request 11
238
(5, 3, 2)
2
(7, 75)
-> Request 12
245
(4, 3, 2)
2
(63, 1)
-> Request 13
253
(2, 1, 1)
2
(21, 70)
-> Request 14
255
(5, 2, 1)
2
(68, 47)
-> Request 15
272
(5, 1, 2)
1
(7, 55)
-> Request 16
274
(5, 3, 1)
3
(75, 6)
-> Request 17
296
(1, 2, 1)
1
(44, 53)
-> Request 18
339
(5, 1, 1)
1
(73, 29)
-> Request 19
377
(6, 2, 1)
1
(55, 52)
-> Request 20
390
(5, 3, 1)
3
(65, 64)
-> Request 21
398
(6, 2, 1)
1
(53, 9)
-> Request 22
430
(7, 1, 2)
1
(28, 77)
-> Request 23
435
(10, 3, 1)
1
(66, 44)
-> Request 24
440
(2, 1, 1)
2
(76, 30)
-> Request 25
443
(6, 2, 2)
3
(7, 66)
-> Request 26
448
(9, 2, 2)
3
(32, 1)
-> Request 27
468
(8, 3, 1)
2
(44, 54)
-> Request 28
514
(5, 3, 1)
3
(7, 27)
-> Request 29
540
(6, 3, 1)
2
(12, 77)
-> Request 30
542
(8, 2, 2)
1
(11, 44)
-> Request 31
589
(9, 3, 2)
3
(73, 35)
-> Request 32
589
(5, 3, 2)
1
(78, 35)
-> Request 33
644
(3, 1, 2)
2
(48, 57)
-> Request 34
659
(2, 3, 1)
3
(45, 14)
-> Request 35
671
(9, 2, 1)
3
(23, 55)
-> Request 36
713
(9, 1, 2)
2
(76, 62)
-> Request 37
723
(2, 3, 2)
1
(16, 55)
-> Request 38
783
(8, 1, 1)
3
(73, 35)
-> Request 39
786
(8, 3, 1)
1
(77, 47)
-> Request 40
863
(3, 1, 1)
3
(28, 56)
-> Request 41
864
(10, 1, 2)
2
(5, 2)
-> Request 42
923
(7, 2, 1)
1
(65, 35)
-> Request 43
924
(1, 1, 1)
2
(31, 12)
-> Request 44
986
(10, 1, 2)
3
(57, 29)
-> Request 45
1057
(9, 1, 2)
1
(14, 66)
-> Request 46
1065
(9, 1, 2)
3
(30, 79)
-> Request 47
1098
(1, 1, 2)
1
(10, 31)
-> Request 48
1108
(5, 2, 1)
3
(4, 42)
-> Request 49
1111
(3, 2, 1)
2
(5, 78)
-> Request 50
1116
(9, 3, 1)
1
(33, 64)
-> Request 51
1149
(10, 1, 2)
2
(52, 8)
-> Request 52
1156
(10, 1, 1)
2
(64, 31)
-> Request 53
1172
(1, 3, 2)
1
(65, 18)
-> Request 54
1179
(6, 3, 2)
1
(68, 25)
-> Request 55
1202
(4, 1, 1)
3
(32, 23)
-> Request 56
1222
(3, 2, 1)
2
(24, 23)
-> Request 57
1254
(4, 2, 1)
2
(6, 49)
-> Request 58
1263
(1, 3, 2)
1
(46, 51)
-> Request 59
1278
(8, 2, 2)
1
(51, 25)
-> Request 60
1288
(1, 1, 2)
3
(5, 1)
-> Request 61
1315
(3, 3, 1)
2
(31, 72)
-> Request 62
1395
(6, 1, 2)
3
(40, 18)
-> Request 63
1415
(10, 3, 1)
2
(55, 11)
-> Request 64
1419
(2, 3, 1)
2
(57, 32)
--> Day : 3
-> Request 0
2
(4, 1, 1)
3
(33, 62)
-> Request 1
15
(6, 2, 2)
1
(32, 10)
-> Request 2
45
(5, 1, 2)
1
(18, 23)
-> Request 3
95
(9, 2, 2)
3
(58, 15)
-> Request 4
139
(7, 2, 2)
1
(73, 22)
-> Request 5
167
(7, 3, 2)
1
(63, 13)
-> Request 6
174
(7, 3, 2)
3
(35, 5)
-> Request 7
174
(8, 2, 1)
2
(44, 51)
-> Request 8
179
(5, 1, 2)
1
(18, 11)
-> Request 9
190
(10, 1, 2)
1
(19, 11)
-> Request 10
191
(4, 2, 1)
2
(58, 70)
-> Request 11
196
(7, 2, 1)
3
(30, 54)
-> Request 12
205
(1, 2, 1)
3
(41, 53)
-> Request 13
258
(7, 3, 2)
2
(63, 27)
-> Request 14
285
(1, 3, 1)
1
(19, 14)
-> Request 15
323
(4, 2, 2)
3
(65, 26)
-> Request 16
363
(6, 3, 1)
1
(34, 47)
-> Request 17
421
(3, 3, 2)
3
(20, 22)
-> Request 18
422
(8, 1, 1)
3
(14, 76)
-> Request 19
433
(3, 1, 2)
2
(61, 37)
-> Request 20
436
(9, 2, 1)
1
(6, 64)
-> Request 21
456
(7, 2, 2)
2
(66, 76)
-> Request 22
458
(9, 1, 1)
3
(68, 24)
-> Request 23
488
(9, 3, 1)
2
(16, 75)
-> Request 24
523
(10, 3, 1)
3
(78, 40)
-> Request 25
541
(10, 3, 1)
3
(0, 78)
-> Request 26
544
(4, 3, 2)
3
(0, 3)
-> Request 27
642
(4, 3, 1)
2
(5, 39)
-> Request 28
656
(10, 3, 2)
3
(68, 74)
-> Request 29
721
(9, 3, 2)
1
(53, 78)
-> Request 30
744
(5, 1, 1)
1
(38, 79)
-> Request 31
779
(7, 1, 2)
1
(35, 56)
-> Request 32
779
(3, 2, 2)
1
(19, 35)
-> Request 33
783
(7, 3, 1)
1
(55, 14)
-> Request 34
799
(2, 1, 2)
3
(13, 21)
-> Request 35
835
(5, 3, 2)
3
(48, 51)
-> Request 36
835
(9, 3, 2)
2
(63, 9)
-> Request 37
872
(2, 3, 1)
3
(63, 74)
-> Request 38
903
(8, 2, 2)
3
(45, 34)
-> Request 39
906
(9, 1, 1)
1
(57, 21)
-> Request 40
917
(9, 1, 2)
2
(0, 59)
-> Request 41
982
(8, 1, 1)
1
(73, 56)
-> Request 42
1007
(9, 1, 1)
2
(11, 61)
-> Request 43
1082
(8, 1, 1)
3
(69, 29)
-> Request 44
1112
(3, 1, 1)
1
(8, 71)
-> Request 45
1127
(4, 2, 1)
2
(31, 74)
-> Request 46
1142
(8, 2, 1)
2
(13, 5)
-> Request 47
1146
(9, 3, 1)
2
(2, 23)
-> Request 48
1159
(4, 3, 2)
3
(68, 72)
-> Request 49
1159
(3, 2, 1)
2
(56, 36)
-> Request 50
1218
(5, 3, 1)
2
(12, 71)
-> Request 51
1228
(10, 1, 1)
3
(62, 13)
-> Request 52
1245
(10, 2, 2)
2
(45, 74)
-> Request 53
1252
(9, 3, 2)
1
(15, 18)
-> Request 54
1255
(8, 1, 2)
2
(60, 72)
-> Request 55
1272
(4, 3, 1)
2
(26, 8)
-> Request 56
1318
(1, 3, 1)
1
(36, 11)
-> Request 57
1331
(6, 1, 2)
2
(58, 44)
-> Request 58
1338
(8, 3, 2)
1
(14, 47)
-> Request 59
1357
(9, 1, 1)
3
(42, 8)
--> Day : 4
-> Request 0
19
(2, 3, 2)
2
(18, 19)
-> Request 1
38
(8, 3, 1)
1
(32, 8)
-> Request 2
42
(3, 1, 1)
3
(69, 45)
-> Request 3
87
(10, 3, 1)
3
(66, 58)
-> Request 4
90
(6, 2, 1)
3
(49, 28)
-> Request 5
106
(2, 1, 2)
2
(44, 67)
-> Request 6
142
(9, 2, 1)
2
(73, 3)
-> Request 7
203
(3, 3, 2)
2
(45, 66)
-> Request 8
240
(7, 3, 2)
1
(5, 20)
-> Request 9
286
(8, 2, 1)
3
(63, 19)
-> Request 10
335
(8, 2, 2)
1
(20, 20)
-> Request 11
337
(5, 1, 1)
2
(44, 69)
-> Request 12
410
(4, 3, 2)
3
(74, 3)
-> Request 13
424
(9, 1, 2)
2
(9, 0)
-> Request 14
427
(7, 2, 1)
1
(72, 54)
-> Request 15
457
(8, 1, 2)
1
(35, 56)
-> Request 16
484
(5, 1, 2)
1
(2, 29)
-> Request 17
529
(10, 2, 1)
3
(21, 16)
-> Request 18
530
(6, 2, 1)
2
(24, 3)
-> Request 19
553
(7, 3, 2)
1
(24, 56)
-> Request 20
593
(9, 3, 2)
1
(33, 13)
-> Request 21
637
(3, 3, 1)
3
(68, 5)
-> Request 22
685
(10, 2, 2)
3
(9, 51)
-> Request 23
695
(7, 3, 1)
3
(38, 3)
-> Request 24
717
(9, 2, 1)
2
(14, 45)
-> Request 25
760
(10, 1, 2)
3
(75, 38)
-> Request 26
803
(6, 2, 1)
1
(59, 28)
-> Request 27
831
(10, 2, 2)
1
(72, 52)
-> Request 28
928
(7, 1, 1)
1
(24, 21)
-> Request 29
928
(4, 1, 1)
2
(16, 23)
-> Request 30
941
(10, 2, 2)
2
(79, 67)
-> Request 31
941
(8, 2, 2)
3
(70, 13)
-> Request 32
990
(3, 2, 1)
1
(56, 3)
-> Request 33
1048
(2, 2, 1)
3
(72, 42)
-> Request 34
1076
(5, 3, 1)
2
(49, 56)
-> Request 35
1089
(7, 2, 2)
3
(38, 51)
-> Request 36
1100
(3, 2, 2)
3
(44, 7)
-> Request 37
1118
(9, 1, 2)
1
(17, 16)
-> Request 38
1119
(2, 1, 2)
3
(53, 47)
-> Request 39
1194
(7, 3, 1)
1
(1, 42)
-> Request 40
1259
(6, 3, 2)
1
(37, 2)
-> Request 41
1263
(6, 2, 1)
2
(0, 5)
-> Request 42
1264
(10, 2, 2)
2
(66, 25)
-> Request 43
1309
(8, 3, 1)
3
(33, 25)
-> Request 44
1324
(9, 2, 2)
3
(6, 24)
-> Request 45
1329
(4, 2, 1)
3
(42, 41)
-> Request 46
1331
(10, 1, 1)
1
(63, 6)
-> Request 47
1408
(9, 3, 2)
2
(62, 28)
-> Request 48
1408
(7, 1, 2)
2
(39, 42)
-> Request 49
1409
(10, 2, 1)
3
(3, 45)
-> Request 50
1413
(1, 1, 2)
2
(19, 52)
-> Request 51
1434
(6, 1, 1)
2
(72, 35)
---> Week : 2
--> Day : 0
-> Request 0
7
(4, 3, 1)
1
(45, 24)
-> Request 1
38
(2, 2, 2)
1
(53, 13)
-> Request 2
71
(3, 3, 1)
3
(60, 53)
-> Request 3
88
(10, 2, 2)
1
(18, 79)
-> Request 4
88
(9, 2, 2)
2
(14, 27)
-> Request 5
224
(2, 2, 2)
1
(22, 39)
-> Request 6
224
(8, 2, 2)
3
(1, 15)
-> Request 7
231
(1, 1, 1)
2
(75, 57)
-> Request 8
250
(2, 3, 1)
3
(63, 74)
-> Request 9
366
(1, 3, 2)
3
(8, 50)
-> Request 10
391
(1, 1, 1)
1
(39, 74)
-> Request 11
416
(8, 1, 1)
3
(29, 52)
-> Request 12
421
(6, 2, 1)
1
(79, 43)
-> Request 13
432
(2, 1, 2)
2
(4, 18)
-> Request 14
437
(4, 2, 1)
2
(43, 74)
-> Request 15
461
(10, 2, 2)
3
(22, 2)
-> Request 16
478
(9, 3, 2)
2
(5, 14)
-> Request 17
479
(10, 2, 2)
2
(21, 61)
-> Request 18
513
(7, 2, 2)
3
(0, 66)
-> Request 19
519
(10, 2, 1)
3
(65, 66)
-> Request 20
566
(6, 3, 1)
1
(33, 34)
-> Request 21
690
(9, 1, 1)
2
(75, 44)
-> Request 22
733
(8, 1, 2)
2
(67, 0)
-> Request 23
739
(3, 2, 2)
1
(53, 52)
-> Request 24
771
(1, 2, 1)
1
(52, 2)
-> Request 25
796
(4, 3, 2)
2
(49, 14)
-> Request 26
922
(10, 2, 2)
1
(30, 13)
-> Request 27
943
(5, 3, 2)
2
(14, 35)
-> Request 28
944
(2, 2, 2)
3
(71, 44)
-> Request 29
964
(10, 1, 1)
1
(7, 72)
-> Request 30
969
(4, 1, 2)
2
(23, 54)
-> Request 31
1030
(8, 2, 2)
2
(13, 53)
-> Request 32
1064
(6, 1, 1)
2
(66, 62)
-> Request 33
1076
(9, 3, 1)
2
(63, 2)
-> Request 34
1081
(10, 1, 1)
2
(24, 78)
-> Request 35
1097
(8, 1, 2)
3
(62, 63)
-> Request 36
1115
(1, 2, 1)
2
(54, 67)
-> Request 37
1155
(10, 2, 1)
1
(42, 78)
-> Request 38
1207
(9, 2, 1)
1
(56, 41)
-> Request 39
1222
(2, 1, 2)
1
(51, 44)
-> Request 40
1225
(2, 1, 2)
1
(79, 38)
-> Request 41
1245
(3, 2, 2)
2
(43, 34)
-> Request 42
1276
(2, 2, 1)
3
(73, 5)
-> Request 43
1285
(3, 2, 1)
1
(18, 43)
-> Request 44
1287
(1, 3, 1)
3
(41, 49)
-> Request 45
1321
(4, 1, 1)
3
(40, 36)
-> Request 46
1353
(10, 3, 1)
2
(7, 3)
-> Request 47
1437
(3, 1, 1)
3
(22, 56)
--> Day : 1
-> Request 0
12
(6, 1, 1)
2
(65, 31)
-> Request 1
30
(4, 3, 2)
3
(30, 46)
-> Request 2
30
(2, 2, 2)
3
(28, 58)
-> Request 3
38
(10, 3, 1)
2
(78, 31)
-> Request 4
38
(2, 3, 1)
1
(32, 30)
-> Request 5
177
(10, 3, 2)
1
(32, 66)
-> Request 6
199
(5, 1, 1)
3
(31, 56)
-> Request 7
327
(7, 2, 2)
3
(13, 57)
-> Request 8
373
(1, 2, 2)
3
(45, 8)
-> Request 9
392
(4, 3, 2)
2
(39, 25)
-> Request 10
404
(9, 3, 1)
1
(14, 68)
-> Request 11
411
(6, 1, 2)
3
(70, 14)
-> Request 12
499
(5, 2, 2)
3
(1, 49)
-> Request 13
520
(10, 1, 2)
3
(51, 69)
-> Request 14
528
(3, 3, 1)
2
(5, 17)
-> Request 15
566
(2, 3, 1)
3
(10, 46)
-> Request 16
571
(7, 3, 1)
2
(26, 54)
-> Request 17
584
(4, 1, 1)
3
(7, 21)
-> Request 18
587
(2, 2, 1)
3
(65, 1)
-> Request 19
590
(5, 2, 1)
3
(41, 25)
-> Request 20
638
(8, 2, 2)
3
(61, 74)
-> Request 21
641
(4, 2, 1)
3
(67, 77)
-> Request 22
649
(10, 1, 1)
3
(63, 76)
-> Request 23
650
(8, 1, 2)
1
(20, 42)
-> Request 24
656
(4, 3, 1)
1
(2, 16)
-> Request 25
680
(9, 2, 2)
3
(8, 21)
-> Request 26
692
(5, 3, 1)
1
(54, 56)
-> Request 27
712
(7, 2, 2)
2
(60, 71)
-> Request 28
716
(3, 2, 2)
3
(73, 15)
-> Request 29
761
(8, 2, 1)
3
(47, 13)
-> Request 30
792
(9, 1, 1)
3
(49, 55)
-> Request 31
809
(1, 3, 2)
1
(31, 2)
-> Request 32
878
(8, 3, 2)
3
(33, 1)
-> Request 33
884
(9, 2, 2)
1
(5, 29)
-> Request 34
887
(8, 2, 2)
2
(67, 69)
-> Request 35
931
(1, 3, 2)
2
(22, 52)
-> Request 36
942
(1, 2, 1)
1
(13, 74)
-> Request 37
957
(9, 3, 2)
2
(60, 63)
-> Request 38
959
(5, 2, 1)
2
(65, 4)
-> Request 39
965
(9, 2, 1)
3
(18, 2)
-> Request 40
993
(6, 3, 2)
3
(70, 31)
-> Request 41
996
(8, 1, 1)
2
(20, 56)
-> Request 42
997
(10, 1, 1)
2
(47, 38)
-> Request 43
1003
(1, 3, 2)
3
(0, 30)
-> Request 44
1008
(7, 1, 1)
1
(31, 72)
-> Request 45
1011
(1, 1, 2)
3
(42, 70)
-> Request 46
1016
(2, 2, 1)
2
(46, 43)
-> Request 47
1037
(5, 1, 1)
2
(42, 30)
-> Request 48
1088
(9, 3, 1)
3
(44, 66)
-> Request 49
1108
(3, 3, 2)
3
(79, 26)
-> Request 50
1123
(5, 3, 2)
2
(45, 14)
-> Request 51
1127
(10, 3, 1)
2
(79, 61)
-> Request 52
1147
(5, 3, 2)
2
(45, 7)
-> Request 53
1189
(5, 2, 2)
3
(77, 35)
-> Request 54
1207
(5, 3, 2)
1
(69, 78)
-> Request 55
1223
(3, 1, 1)
2
(77, 13)
-> Request 56
1245
(5, 2, 2)
1
(68, 26)
-> Request 57
1253
(4, 2, 1)
3
(14, 4)
-> Request 58
1323
(4, 1, 1)
2
(54, 3)
-> Request 59
1325
(4, 1, 2)
1
(48, 33)
-> Request 60
1375
(5, 1, 2)
2
(41, 15)
-> Request 61
1400
(8, 3, 2)
1
(49, 70)
--> Day : 2
-> Request 0
21
(9, 3, 2)
2
(31, 24)
-> Request 1
25
(9, 3, 2)
3
(10, 16)
-> Request 2
46
(2, 2, 2)
1
(79, 76)
-> Request 3
111
(6, 2, 2)
3
(4, 37)
-> Request 4
149
(1, 1, 2)
3
(2, 60)
-> Request 5
149
(10, 1, 2)
2
(14, 62)
-> Request 6
230
(6, 2, 2)
3
(69, 12)
-> Request 7
251
(5, 2, 1)
3
(23, 42)
-> Request 8
299
(9, 3, 1)
1
(9, 59)
-> Request 9
335
(8, 1, 2)
1
(5, 63)
-> Request 10
345
(7, 2, 2)
1
(27, 54)
-> Request 11
442
(9, 1, 2)
3
(20, 75)
-> Request 12
469
(8, 2, 1)
2
(5, 53)
-> Request 13
477
(2, 1, 2)
3
(38, 60)
-> Request 14
481
(4, 1, 2)
1
(26, 57)
-> Request 15
503
(8, 2, 2)
2
(32, 43)
-> Request 16
510
(10, 3, 1)
3
(16, 76)
-> Request 17
547
(6, 3, 1)
1
(14, 56)
-> Request 18
549
(4, 1, 2)
2
(58, 62)
-> Request 19
554
(1, 3, 2)
2
(48, 65)
-> Request 20
595
(6, 3, 2)
1
(78, 28)
-> Request 21
602
(5, 3, 2)
3
(69, 37)
-> Request 22
650
(4, 3, 1)
2
(42, 1)
-> Request 23
676
(9, 3, 2)
3
(52, 61)
-> Request 24
683
(1, 2, 1)
1
(35, 13)
-> Request 25
695
(3, 1, 2)
2
(56, 65)
-> Request 26
729
(8, 1, 2)
3
(49, 59)
-> Request 27
814
(8, 3, 1)
1
(21, 44)
-> Request 28
818
(2, 1, 1)
1
(26, 26)
-> Request 29
854
(2, 2, 1)
3
(0, 60)
-> Request 30
891
(8, 2, 1)
2
(45, 78)
-> Request 31
895
(3, 3, 2)
2
(77, 43)
-> Request 32
920
(2, 1, 1)
3
(47, 73)
-> Request 33
941
(1, 2, 1)
2
(66, 26)
-> Request 34
952
(9, 2, 1)
3
(8, 53)
-> Request 35
991
(1, 1, 2)
2
(3, 63)
-> Request 36
993
(6, 1, 1)
1
(33, 63)
-> Request 37
999
(4, 3, 1)
2
(55, 62)
-> Request 38
1030
(4, 2, 1)
1
(73, 29)
-> Request 39
1030
(10, 1, 1)
3
(12, 7)
-> Request 40
1046
(10, 3, 1)
1
(33, 63)
-> Request 41
1053
(3, 2, 1)
1
(45, 22)
-> Request 42
1064
(10, 3, 1)
2
(9, 74)
-> Request 43
1064
(7, 2, 1)
3
(36, 51)
-> Request 44
1089
(9, 2, 2)
2
(17, 26)
-> Request 45
1099
(10, 1, 1)
1
(56, 40)
-> Request 46
1099
(9, 3, 1)
2
(70, 62)
-> Request 47
1107
(8, 2, 1)
1
(42, 48)
-> Request 48
1126
(9, 2, 1)
2
(36, 55)
-> Request 49
1141
(6, 1, 2)
3
(25, 63)
-> Request 50
1201
(10, 3, 1)
2
(41, 71)
-> Request 51
1261
(2, 1, 2)
2
(17, 49)
-> Request 52
1287
(8, 2, 1)
1
(24, 56)
-> Request 53
1336
(6, 3, 1)
3
(69, 49)
-> Request 54
1354
(8, 3, 1)
2
(16, 18)
-> Request 55
1357
(1, 3, 2)
3
(54, 37)
-> Request 56
1367
(5, 2, 2)
3
(23, 7)
-> Request 57
1387
(7, 3, 1)
3
(68, 44)
-> Request 58
1397
(4, 1, 1)
2
(72, 26)
-> Request 59
1408
(6, 2, 2)
3
(51, 32)
-> Request 60
1421
(5, 1, 2)
2
(44, 64)
--> Day : 3
-> Request 0
18
(5, 2, 2)
2
(54, 57)
-> Request 1
20
(4, 2, 1)
2
(0, 19)
-> Request 2
29
(7, 1, 2)
1
(69, 25)
-> Request 3
92
(10, 1, 1)
3
(66, 23)
-> Request 4
137
(1, 2, 1)
2
(43, 71)
-> Request 5
169
(10, 1, 2)
2
(58, 56)
-> Request 6
173
(8, 1, 2)
2
(28, 20)
-> Request 7
208
(8, 3, 2)
1
(17, 34)
-> Request 8
229
(8, 2, 1)
3
(17, 47)
-> Request 9
241
(2, 1, 1)
2
(37, 50)
-> Request 10
249
(3, 2, 2)
3
(73, 6)
-> Request 11
287
(5, 3, 2)
2
(53, 39)
-> Request 12
300
(7, 1, 2)
1
(67, 21)
-> Request 13
307
(5, 1, 1)
3
(39, 0)
-> Request 14
315
(2, 2, 2)
1
(2, 48)
-> Request 15
339
(6, 2, 1)
2
(35, 31)
-> Request 16
373
(9, 1, 1)
1
(64, 9)
-> Request 17
373
(7, 3, 2)
2
(6, 29)
-> Request 18
379
(2, 2, 2)
2
(38, 32)
-> Request 19
405
(8, 1, 2)
1
(43, 43)
-> Request 20
417
(7, 3, 2)
2
(56, 52)
-> Request 21
417
(2, 2, 1)
1
(46, 1)
-> Request 22
427
(6, 1, 1)
3
(59, 33)
-> Request 23
442
(7, 1, 2)
1
(38, 55)
-> Request 24
465
(4, 1, 2)
2
(57, 35)
-> Request 25
611
(1, 1, 1)
1
(41, 10)
-> Request 26
647
(5, 2, 1)
1
(11, 40)
-> Request 27
699
(10, 3, 1)
1
(9, 25)
-> Request 28
747
(10, 2, 1)
3
(15, 63)
-> Request 29
802
(1, 1, 2)
2
(44, 40)
-> Request 30
811
(1, 2, 2)
2
(11, 67)
-> Request 31
816
(10, 1, 1)
2
(45, 38)
-> Request 32
856
(6, 3, 2)
3
(66, 1)
-> Request 33
864
(1, 1, 2)
2
(70, 54)
-> Request 34
900
(4, 1, 1)
3
(28, 11)
-> Request 35
901
(2, 3, 1)
2
(31, 32)
-> Request 36
930
(10, 1, 1)
3
(12, 66)
-> Request 37
935
(1, 2, 1)
1
(24, 29)
-> Request 38
950
(9, 3, 2)
3
(20, 50)
-> Request 39
963
(1, 1, 1)
2
(41, 1)
-> Request 40
978
(5, 2, 1)
1
(46, 64)
-> Request 41
997
(7, 2, 2)
2
(65, 17)
-> Request 42
1023
(8, 3, 1)
1
(28, 33)
-> Request 43
1038
(1, 2, 2)
2
(74, 36)
-> Request 44
1082
(3, 3, 2)
1
(70, 65)
-> Request 45
1085
(10, 2, 1)
2
(34, 47)
-> Request 46
1096
(6, 1, 1)
1
(43, 10)
-> Request 47
1149
(10, 2, 2)
3
(12, 58)
-> Request 48
1183
(5, 3, 2)
2
(13, 9)
-> Request 49
1226
(6, 3, 1)
3
(37, 59)
-> Request 50
1238
(6, 3, 1)
3
(45, 59)
-> Request 51
1238
(2, 3, 1)
2
(76, 12)
-> Request 52
1248
(3, 2, 2)
2
(13, 78)
-> Request 53
1310
(9, 3, 1)
2
(39, 63)
-> Request 54
1313
(7, 1, 1)
3
(46, 79)
-> Request 55
1344
(5, 2, 1)
3
(18, 48)
-> Request 56
1367
(10, 1, 1)
1
(16, 1)
-> Request 57
1378
(6, 2, 1)
1
(4, 19)
-> Request 58
1396
(4, 2, 1)
2
(25, 25)
-> Request 59
1409
(7, 1, 1)
3
(76, 68)
-> Request 60
1429
(2, 3, 1)
3
(68, 43)
--> Day : 4
-> Request 0
3
(2, 2, 2)
2
(54, 68)
-> Request 1
81
(8, 3, 2)
1
(74, 36)
-> Request 2
98
(7, 2, 2)
3
(24, 22)
-> Request 3
127
(8, 2, 2)
2
(49, 71)
-> Request 4
166
(9, 3, 2)
1
(21, 47)
-> Request 5
197
(7, 1, 2)
1
(72, 56)
-> Request 6
205
(5, 1, 2)
2
(17, 77)
-> Request 7
226
(7, 1, 1)
3
(66, 68)
-> Request 8
235
(2, 3, 2)
2
(4, 77)
-> Request 9
294
(6, 3, 1)
1
(72, 43)
-> Request 10
347
(2, 2, 1)
3
(65, 5)
-> Request 11
354
(2, 1, 2)
2
(9, 79)
-> Request 12
364
(9, 2, 2)
3
(54, 47)
-> Request 13
408
(7, 1, 2)
1
(22, 78)
-> Request 14
438
(2, 2, 2)
1
(70, 51)
-> Request 15
535
(7, 2, 1)
2
(22, 12)
-> Request 16
549
(1, 2, 1)
3
(62, 12)
-> Request 17
564
(4, 3, 1)
1
(64, 9)
-> Request 18
569
(5, 1, 2)
2
(51, 8)
-> Request 19
619
(9, 3, 1)
1
(23, 24)
-> Request 20
625
(3, 3, 1)
1
(18, 4)
-> Request 21
640
(9, 2, 2)
2
(6, 21)
-> Request 22
721
(1, 2, 2)
1
(11, 52)
-> Request 23
743
(5, 2, 1)
2
(77, 20)
-> Request 24
776
(1, 2, 2)
3
(63, 33)
-> Request 25
782
(7, 2, 1)
2
(36, 56)
-> Request 26
862
(1, 3, 1)
2
(32, 44)
-> Request 27
871
(9, 2, 2)
1
(66, 56)
-> Request 28
876
(9, 2, 1)
2
(1, 14)
-> Request 29
879
(2, 3, 1)
1
(77, 44)
-> Request 30
904
(4, 1, 2)
2
(51, 50)
-> Request 31
921
(4, 1, 2)
2
(78, 47)
-> Request 32
950
(8, 1, 2)
1
(0, 25)
-> Request 33
976
(2, 2, 2)
3
(56, 29)
-> Request 34
988
(4, 3, 1)
1
(55, 19)
-> Request 35
1031
(4, 3, 1)
2
(34, 25)
-> Request 36
1065
(8, 2, 1)
2
(37, 2)
-> Request 37
1066
(7, 3, 1)
3
(52, 17)
-> Request 38
1091
(6, 1, 1)
2
(39, 33)
-> Request 39
1091
(5, 1, 2)
1
(50, 71)
-> Request 40
1103
(10, 2, 2)
2
(52, 16)
-> Request 41
1117
(10, 1, 1)
2
(14, 4)
-> Request 42
1128
(9, 2, 2)
2
(60, 2)
-> Request 43
1154
(9, 2, 1)
1
(77, 76)
-> Request 44
1202
(1, 1, 1)
3
(58, 71)
-> Request 45
1296
(4, 3, 1)
1
(10, 31)
-> Request 46
1305
(6, 1, 1)
2
(55, 35)
-> Request 47
1308
(10, 1, 2)
2
(11, 45)
-> Request 48
1312
(9, 3, 2)
3
(20, 19)
-> Request 49
1332
(2, 2, 1)
3
(46, 58)
-> Request 50
1349
(7, 3, 1)
1
(75, 67)
-> Request 51
1361
(6, 2, 2)
1
(18, 62)
-> Request 52
1395
(5, 1, 1)
3
(14, 7)
-> Request 53
1415
(5, 2, 2)
1
(14, 28)
-> Request 54
1424
(7, 3, 2)
1
(8, 13)
-> Request 55
1427
(4, 1, 2)
1
(45, 39)
---> Week : 3
--> Day : 0
-> Request 0
23
(3, 2, 1)
1
(74, 55)
-> Request 1
39
(5, 3, 1)
3
(55, 1)
-> Request 2
90
(5, 1, 1)
1
(22, 27)
-> Request 3
102
(4, 1, 1)
1
(64, 59)
-> Request 4
137
(3, 1, 1)
1
(16, 39)
-> Request 5
195
(3, 3, 1)
2
(63, 62)
-> Request 6
218
(7, 1, 2)
1
(59, 30)
-> Request 7
235
(10, 1, 1)
2
(74, 22)
-> Request 8
283
(8, 1, 2)
2
(63, 23)
-> Request 9
285
(3, 1, 1)
2
(56, 10)
-> Request 10
285
(9, 3, 1)
1
(28, 53)
-> Request 11
329
(6, 3, 2)
3
(58, 52)
-> Request 12
342
(4, 1, 2)
2
(12, 15)
-> Request 13
347
(8, 2, 1)
1
(1, 15)
-> Request 14
365
(8, 2, 1)
2
(33, 56)
-> Request 15
409
(5, 2, 1)
1
(43, 0)
-> Request 16
432
(6, 3, 1)
2
(21, 73)
-> Request 17
437
(10, 1, 1)
2
(56, 64)
-> Request 18
443
(2, 3, 1)
1
(44, 54)
-> Request 19
461
(9, 3, 1)
2
(22, 79)
-> Request 20
522
(10, 1, 1)
3
(77, 79)
-> Request 21
528
(2, 3, 1)
2
(31, 37)
-> Request 22
538
(5, 3, 1)
3
(8, 56)
-> Request 23
552
(5, 2, 2)
3
(5, 72)
-> Request 24
591
(3, 1, 1)
2
(76, 51)
-> Request 25
593
(3, 3, 2)
1
(72, 68)
-> Request 26
604
(1, 3, 2)
3
(62, 0)
-> Request 27
633
(2, 2, 1)
1
(10, 55)
-> Request 28
664
(3, 3, 1)
1
(38, 26)
-> Request 29
702
(7, 1, 2)
1
(59, 32)
-> Request 30
709
(7, 1, 1)
1
(44, 4)
-> Request 31
778
(8, 2, 2)
1
(72, 16)
-> Request 32
805
(6, 1, 1)
3
(20, 48)
-> Request 33
824
(10, 2, 2)
3
(1, 47)
-> Request 34
828
(7, 2, 1)
1
(19, 4)
-> Request 35
837
(5, 3, 2)
1
(3, 17)
-> Request 36
872
(2, 3, 1)
2
(13, 34)
-> Request 37
892
(7, 2, 2)
1
(10, 14)
-> Request 38
933
(3, 2, 1)
1
(9, 25)
-> Request 39
940
(4, 1, 1)
3
(21, 47)
-> Request 40
962
(1, 1, 2)
2
(45, 48)
-> Request 41
980
(1, 3, 1)
1
(30, 21)
-> Request 42
990
(2, 2, 2)
3
(40, 60)
-> Request 43
1011
(8, 1, 1)
1
(0, 35)
-> Request 44
1026
(5, 1, 1)
3
(5, 65)
-> Request 45
1030
(2, 1, 2)
3
(49, 5)
-> Request 46
1045
(7, 3, 1)
2
(60, 61)
-> Request 47
1071
(3, 2, 1)
2
(52, 26)
-> Request 48
1117
(2, 1, 2)
2
(10, 72)
-> Request 49
1140
(9, 3, 2)
1
(18, 19)
-> Request 50
1141
(7, 1, 2)
3
(32, 22)
-> Request 51
1182
(8, 1, 2)
2
(32, 5)
-> Request 52
1205
(3, 1, 2)
2
(8, 3)
-> Request 53
1241
(10, 3, 1)
2
(61, 60)
-> Request 54
1247
(2, 3, 2)
3
(52, 14)
-> Request 55
1349
(9, 1, 1)
2
(76, 62)
--> Day : 1
-> Request 0
1
(8, 1, 2)
1
(60, 51)
-> Request 1
3
(9, 2, 1)
3
(40, 34)
-> Request 2
5
(10, 2, 2)
1
(65, 54)
-> Request 3
34
(6, 1, 1)
3
(60, 42)
-> Request 4
45
(1, 3, 1)
3
(12, 3)
-> Request 5
48
(5, 2, 1)
1
(40, 41)
-> Request 6
53
(5, 2, 2)
2
(58, 58)
-> Request 7
100
(7, 3, 1)
3
(57, 64)
-> Request 8
115
(2, 1, 1)
1
(38, 34)
-> Request 9
119
(9, 1, 2)
1
(24, 53)
-> Request 10
121
(3, 2, 2)
3
(44, 62)
-> Request 11
127
(7, 3, 2)
1
(6, 48)
-> Request 12
137
(3, 3, 2)
3
(47, 44)
-> Request 13
144
(2, 1, 2)
2
(47, 62)
-> Request 14
152
(4, 1, 2)
2
(23, 64)
-> Request 15
152
(4, 1, 1)
2
(36, 31)
-> Request 16
236
(6, 1, 2)
3
(27, 2)
-> Request 17
253
(3, 3, 2)
2
(79, 73)
-> Request 18
258
(5, 3, 2)
2
(60, 50)
-> Request 19
259
(3, 3, 1)
2
(24, 32)
-> Request 20
282
(10, 1, 1)
1
(49, 21)
-> Request 21
315
(9, 2, 2)
3
(50, 11)
-> Request 22
320
(8, 3, 1)
2
(68, 76)
-> Request 23
332
(4, 3, 1)
3
(44, 35)
-> Request 24
339
(2, 3, 2)
1
(56, 72)
-> Request 25
358
(9, 3, 1)
2
(10, 50)
-> Request 26
360
(9, 2, 1)
3
(63, 60)
-> Request 27
371
(5, 2, 1)
1
(2, 19)
-> Request 28
434
(9, 3, 1)
3
(75, 39)
-> Request 29
445
(3, 1, 2)
1
(71, 18)
-> Request 30
446
(10, 3, 2)
2
(25, 23)
-> Request 31
495
(7, 2, 1)
3
(21, 77)
-> Request 32
534
(10, 1, 2)
2
(4, 28)
-> Request 33
552
(1, 1, 2)
2
(33, 7)
-> Request 34
592
(6, 2, 2)
2
(8, 69)
-> Request 35
604
(5, 1, 2)
3
(58, 6)
-> Request 36
623
(10, 3, 2)
2
(72, 16)
-> Request 37
627
(5, 2, 1)
3
(46, 77)
-> Request 38
652
(7, 2, 1)
3
(37, 38)
-> Request 39
659
(1, 3, 1)
1
(3, 43)
-> Request 40
666
(9, 3, 2)
2
(12, 24)
-> Request 41
686
(8, 2, 1)
2
(39, 15)
-> Request 42
694
(3, 1, 2)
3
(40, 37)
-> Request 43
738
(8, 3, 2)
2
(4, 40)
-> Request 44
745
(3, 1, 2)
2
(29, 55)
-> Request 45
751
(2, 1, 2)
3
(57, 2)
-> Request 46
760
(4, 2, 2)
3
(0, 21)
-> Request 47
765
(9, 3, 1)
2
(16, 57)
-> Request 48
767
(2, 2, 2)
2
(11, 22)
-> Request 49
780
(7, 1, 2)
2
(28, 47)
-> Request 50
804
(8, 1, 2)
2
(78, 53)
-> Request 51
898
(7, 2, 2)
2
(23, 30)
-> Request 52
955
(3, 3, 2)
3
(70, 66)
-> Request 53
993
(7, 2, 2)
1
(2, 48)
-> Request 54
1004
(8, 2, 1)
2
(61, 70)
-> Request 55
1014
(5, 2, 2)
1
(24, 60)
-> Request 56
1089
(3, 1, 2)
2
(19, 77)
-> Request 57
1110
(4, 1, 2)
1
(11, 59)
-> Request 58
1115
(4, 3, 2)
1
(56, 71)
-> Request 59
1115
(10, 2, 1)
3
(13, 74)
-> Request 60
1167
(9, 1, 2)
2
(46, 51)
-> Request 61
1199
(5, 2, 1)
2
(79, 63)
-> Request 62
1221
(6, 3, 1)
3
(7, 18)
-> Request 63
1269
(4, 2, 2)
3
(48, 61)
-> Request 64
1355
(10, 3, 1)
3
(32, 57)
-> Request 65
1375
(9, 1, 2)
2
(43, 74)
-> Request 66
1377
(8, 2, 1)
2
(44, 46)
--> Day : 2
-> Request 0
8
(9, 1, 2)
2
(38, 21)
-> Request 1
10
(7, 3, 2)
1
(6, 26)
-> Request 2
25
(10, 1, 2)
1
(73, 68)
-> Request 3
25
(7, 1, 2)
1
(68, 7)
-> Request 4
43
(1, 3, 2)
3
(1, 42)
-> Request 5
68
(7, 1, 2)
3
(62, 16)
-> Request 6
95
(6, 1, 1)
2
(62, 60)
-> Request 7
101
(1, 2, 1)
3
(38, 40)
-> Request 8
105
(7, 2, 2)
3
(12, 32)
-> Request 9
105
(2, 2, 2)
2
(43, 8)
-> Request 10
109
(7, 1, 1)
3
(54, 11)
-> Request 11
132
(2, 2, 2)
1
(10, 39)
-> Request 12
153
(10, 3, 1)
1
(51, 73)
-> Request 13
188
(3, 2, 1)
1
(6, 28)
-> Request 14
265
(6, 1, 1)
2
(18, 12)
-> Request 15
278
(3, 3, 1)
2
(25, 0)
-> Request 16
289
(4, 3, 2)
2
(66, 33)
-> Request 17
310
(2, 3, 2)
3
(0, 75)
-> Request 18
322
(9, 1, 2)
1
(33, 43)
-> Request 19
364
(9, 1, 1)
1
(2, 65)
-> Request 20
376
(1, 3, 2)
3
(54, 41)
-> Request 21
394
(7, 3, 2)
2
(54, 10)
-> Request 22
399
(7, 1, 2)
1
(10, 78)
-> Request 23
400
(3, 3, 2)
2
(73, 39)
-> Request 24
433
(10, 3, 2)
1
(10, 35)
-> Request 25
440
(7, 2, 2)
1
(5, 16)
-> Request 26
447
(10, 1, 2)
1
(10, 13)
-> Request 27
498
(9, 3, 2)
3
(18, 44)
-> Request 28
515
(5, 3, 2)
2
(39, 64)
-> Request 29
523
(7, 1, 2)
1
(9, 15)
-> Request 30
570
(2, 2, 1)
3
(39, 4)
-> Request 31
604
(2, 2, 1)
2
(61, 79)
-> Request 32
609
(7, 2, 2)
2
(35, 70)
-> Request 33
643
(7, 1, 1)
2
(54, 16)
-> Request 34
649
(1, 2, 1)
1
(17, 39)
-> Request 35
649
(9, 1, 1)
2
(9, 4)
-> Request 36
653
(1, 2, 2)
1
(1, 37)
-> Request 37
654
(7, 1, 1)
3
(51, 26)
-> Request 38
662
(5, 1, 1)
1
(29, 79)
-> Request 39
689
(7, 2, 2)
1
(23, 34)
-> Request 40
691
(10, 3, 1)
1
(23, 8)
-> Request 41
705
(1, 2, 2)
1
(16, 50)
-> Request 42
727
(6, 1, 1)
2
(21, 30)
-> Request 43
765
(7, 2, 1)
2
(19, 54)
-> Request 44
776
(6, 3, 2)
2
(53, 6)
-> Request 45
817
(1, 3, 1)
3
(26, 62)
-> Request 46
828
(10, 1, 2)
2
(44, 47)
-> Request 47
871
(2, 2, 1)
3
(39, 76)
-> Request 48
879
(3, 1, 2)
2
(21, 67)
-> Request 49
890
(1, 1, 2)
2
(21, 13)
-> Request 50
893
(1, 2, 1)
2
(41, 53)
-> Request 51
909
(7, 3, 1)
1
(71, 58)
-> Request 52
945
(10, 1, 2)
3
(43, 66)
-> Request 53
970
(1, 1, 2)
2
(46, 60)
-> Request 54
996
(5, 2, 2)
3
(69, 17)
-> Request 55
1004
(9, 1, 1)
1
(46, 53)
-> Request 56
1008
(5, 3, 1)
3
(29, 74)
-> Request 57
1033
(9, 2, 2)
3
(54, 0)
-> Request 58
1081
(10, 2, 2)
2
(4, 48)
-> Request 59
1123
(10, 3, 2)
2
(45, 24)
-> Request 60
1172
(4, 2, 2)
1
(14, 40)
-> Request 61
1185
(10, 2, 1)
2
(3, 32)
-> Request 62
1238
(5, 1, 2)
3
(75, 75)
-> Request 63
1295
(7, 1, 1)
1
(10, 44)
-> Request 64
1312
(9, 1, 1)
1
(37, 28)
-> Request 65
1361
(9, 1, 2)
2
(42, 34)
-> Request 66
1365
(7, 3, 2)
2
(0, 39)
-> Request 67
1371
(8, 3, 1)
2
(40, 49)
--> Day : 3
-> Request 0
23
(3, 1, 2)
2
(26, 7)
-> Request 1
51
(7, 2, 1)
3
(23, 17)
-> Request 2
53
(5, 3, 2)
3
(9, 7)
-> Request 3
98
(10, 3, 2)
3
(21, 28)
-> Request 4
119
(2, 2, 1)
1
(39, 18)
-> Request 5
120
(4, 3, 1)
2
(52, 34)
-> Request 6
122
(6, 2, 1)
1
(66, 12)
-> Request 7
125
(2, 3, 1)
1
(61, 61)
-> Request 8
131
(6, 2, 1)
3
(64, 5)
-> Request 9
132
(3, 1, 1)
2
(14, 44)
-> Request 10
157
(8, 1, 1)
1
(42, 38)
-> Request 11
169
(9, 1, 1)
1
(7, 18)
-> Request 12
184
(4, 1, 2)
1
(24, 55)
-> Request 13
263
(1, 3, 1)
2
(21, 77)
-> Request 14
277
(1, 3, 1)
1
(33, 46)
-> Request 15
301
(6, 1, 2)
3
(28, 69)
-> Request 16
307
(5, 3, 2)
1
(3, 49)
-> Request 17
307
(5, 2, 1)
3
(6, 44)
-> Request 18
311
(8, 3, 2)
3
(25, 65)
-> Request 19
361
(8, 3, 1)
3
(15, 57)
-> Request 20
395
(9, 1, 1)
2
(39, 14)
-> Request 21
431
(8, 2, 1)
2
(35, 27)
-> Request 22
434
(7, 1, 1)
3
(3, 24)
-> Request 23
460
(8, 1, 2)
2
(46, 63)
-> Request 24
473
(3, 1, 2)
3
(23, 66)
-> Request 25
502
(9, 1, 1)
3
(6, 11)
-> Request 26
566
(2, 3, 1)
2
(3, 47)
-> Request 27
581
(1, 3, 1)
3
(29, 47)
-> Request 28
583
(1, 2, 1)
3
(3, 54)
-> Request 29
585
(5, 3, 2)
2
(37, 73)
-> Request 30
592
(2, 3, 2)
1
(5, 64)
-> Request 31
608
(2, 3, 2)
2
(12, 75)
-> Request 32
608
(9, 3, 1)
3
(18, 49)
-> Request 33
612
(10, 1, 2)
3
(4, 69)
-> Request 34
657
(9, 2, 2)
2
(38, 9)
-> Request 35
733
(6, 3, 1)
2
(63, 66)
-> Request 36
733
(3, 2, 1)
2
(55, 15)
-> Request 37
776
(6, 2, 1)
2
(32, 50)
-> Request 38
778
(1, 1, 2)
2
(79, 48)
-> Request 39
780
(2, 2, 2)
2
(36, 70)
-> Request 40
823
(2, 3, 1)
1
(53, 13)
-> Request 41
874
(5, 1, 2)
1
(33, 24)
-> Request 42
903
(9, 1, 1)
2
(27, 42)
-> Request 43
907
(2, 1, 2)
1
(10, 61)
-> Request 44
917
(4, 3, 2)
1
(24, 20)
-> Request 45
930
(1, 3, 2)
1
(14, 10)
-> Request 46
953
(8, 1, 1)
1
(47, 60)
-> Request 47
963
(7, 2, 2)
1
(78, 56)
-> Request 48
995
(9, 2, 1)
3
(71, 23)
-> Request 49
1100
(10, 3, 1)
3
(64, 64)
-> Request 50
1112
(10, 3, 2)
3
(46, 78)
-> Request 51
1261
(6, 2, 2)
1
(23, 52)
-> Request 52
1273
(2, 1, 2)
2
(54, 71)
-> Request 53
1288
(2, 3, 2)
3
(3, 44)
-> Request 54
1300
(7, 1, 1)
3
(72, 74)
-> Request 55
1314
(10, 3, 1)
2
(17, 16)
-> Request 56
1326
(3, 3, 1)
1
(77, 21)
-> Request 57
1329
(10, 2, 2)
1
(61, 20)
-> Request 58
1335
(9, 1, 1)
1
(1, 44)
-> Request 59
1343
(4, 1, 1)
3
(30, 47)
-> Request 60
1345
(3, 1, 1)
1
(20, 72)
-> Request 61
1349
(8, 3, 1)
2
(68, 19)
-> Request 62
1353
(6, 3, 1)
3
(2, 12)
-> Request 63
1419
(5, 2, 2)
2
(20, 19)
--> Day : 4
-> Request 0
5
(10, 2, 2)
2
(34, 72)
-> Request 1
78
(5, 1, 2)
3
(17, 19)
-> Request 2
258
(1, 1, 2)
1
(0, 21)
-> Request 3
399
(8, 1, 1)
3
(12, 71)
-> Request 4
484
(1, 1, 2)
3
(27, 14)
-> Request 5
535
(1, 3, 1)
2
(58, 79)
-> Request 6
577
(3, 3, 2)
2
(78, 52)
-> Request 7
664
(5, 2, 2)
1
(12, 67)
-> Request 8
691
(6, 1, 2)
2
(31, 28)
-> Request 9
773
(5, 3, 2)
1
(20, 16)
-> Request 10
795
(7, 2, 2)
2
(4, 37)
-> Request 11
807
(3, 3, 1)
2
(68, 72)
-> Request 12
858
(4, 2, 2)
3
(66, 20)
-> Request 13
946
(3, 2, 1)
2
(66, 76)
-> Request 14
971
(5, 1, 2)
3
(12, 48)
-> Request 15
1062
(6, 3, 1)
3
(2, 50)
-> Request 16
1100
(8, 2, 2)
3
(20, 41)
-> Request 17
1127
(6, 1, 1)
2
(48, 45)
-> Request 18
1132
(1, 3, 1)
2
(39, 57)
-> Request 19
1135
(8, 3, 1)
2
(18, 78)
-> Request 20
1184
(6, 1, 2)
1
(72, 35)
-> Request 21
1187
(10, 1, 2)
3
(22, 0)
-> Request 22
1238
(1, 3, 2)
2
(79, 24)
-> Request 23
1245
(2, 1, 1)
1
(62, 59)
-> Request 24
1260
(7, 2, 2)
3
(76, 64)
-> Request 25
1285
(9, 3, 1)
1
(34, 67)
-> Request 26
1349
(6, 2, 2)
3
(78, 22)
-> Request 27
1357
(3, 2, 1)
2
(66, 29)
-> Request 28
1362
(10, 2, 2)
2
(5, 66)
-> Request 29
1380
(1, 2, 1)
2
(37, 15)
-> Request 30
1390
(7, 1, 2)
3
(26, 72)
-> Request 31
1400
(1, 1, 1)
2
(72, 24)
-> Request 32
1411
(6, 1, 1)
1
(65, 60)
---> Week : 4
--> Day : 0
-> Request 0
28
(10, 3, 1)
3
(15, 76)
-> Request 1
50
(10, 2, 1)
2
(62, 64)
-> Request 2
63
(4, 1, 2)
1
(30, 40)
-> Request 3
82
(6, 3, 1)
1
(57, 14)
-> Request 4
228
(8, 1, 2)
3
(35, 75)
-> Request 5
262
(10, 1, 2)
3
(42, 19)
-> Request 6
275
(8, 3, 2)
3
(72, 78)
-> Request 7
334
(8, 3, 1)
1
(26, 54)
-> Request 8
355
(3, 2, 1)
3
(10, 16)
-> Request 9
396
(6, 1, 2)
3
(66, 66)
-> Request 10
414
(10, 1, 2)
1
(41, 2)
-> Request 11
452
(5, 1, 1)
3
(63, 51)
-> Request 12
569
(1, 3, 1)
2
(10, 48)
-> Request 13
789
(10, 1, 2)
1
(19, 29)
-> Request 14
812
(2, 1, 1)
2
(79, 43)
-> Request 15
820
(8, 3, 2)
1
(21, 34)
-> Request 16
828
(6, 3, 1)
1
(53, 20)
-> Request 17
854
(2, 2, 2)
3
(45, 20)
-> Request 18
907
(8, 2, 1)
2
(30, 44)
-> Request 19
918
(3, 2, 1)
1
(38, 69)
-> Request 20
927
(9, 2, 1)
1
(49, 71)
-> Request 21
945
(10, 2, 1)
2
(69, 43)
-> Request 22
966
(3, 2, 2)
1
(40, 30)
-> Request 23
996
(4, 3, 1)
3
(15, 55)
-> Request 24
1036
(8, 2, 1)
2
(12, 19)
-> Request 25
1067
(2, 3, 2)
2
(20, 2)
-> Request 26
1091
(3, 3, 1)
1
(1, 46)
-> Request 27
1110
(7, 2, 1)
1
(40, 52)
-> Request 28
1119
(3, 1, 2)
2
(33, 59)
-> Request 29
1132
(4, 3, 2)
1
(51, 16)
-> Request 30
1175
(10, 3, 2)
3
(69, 67)
-> Request 31
1177
(1, 1, 1)
3
(74, 46)
-> Request 32
1197
(2, 2, 2)
1
(39, 9)
-> Request 33
1226
(7, 2, 1)
1
(17, 33)
-> Request 34
1246
(5, 2, 2)
1
(45, 56)
-> Request 35
1303
(4, 3, 2)
3
(20, 32)
-> Request 36
1335
(10, 3, 1)
1
(10, 56)
-> Request 37
1375
(7, 3, 1)
2
(52, 0)
-> Request 38
1406
(10, 2, 1)
2
(18, 1)
--> Day : 1
-> Request 0
24
(1, 3, 1)
2
(1, 27)
-> Request 1
40
(9, 1, 2)
1
(69, 72)
-> Request 2
45
(2, 3, 1)
1
(11, 37)
-> Request 3
56
(4, 2, 2)
2
(26, 49)
-> Request 4
65
(2, 2, 1)
1
(77, 55)
-> Request 5
78
(7, 1, 1)
1
(27, 77)
-> Request 6
175
(5, 2, 1)
2
(3, 25)
-> Request 7
183
(9, 2, 2)
3
(10, 44)
-> Request 8
223
(6, 3, 2)
3
(76, 61)
-> Request 9
226
(1, 2, 1)
2
(61, 47)
-> Request 10
238
(9, 1, 1)
2
(65, 6)
-> Request 11
275
(4, 2, 2)
3
(68, 26)
-> Request 12
286
(3, 3, 2)
2
(34, 48)
-> Request 13
313
(4, 1, 1)
1
(26, 37)
-> Request 14
327
(3, 2, 1)
1
(71, 7)
-> Request 15
327
(10, 3, 2)
1
(52, 2)
-> Request 16
331
(6, 3, 1)
3
(18, 24)
-> Request 17
349
(6, 3, 2)
3
(26, 44)
-> Request 18
407
(2, 2, 2)
3
(47, 7)
-> Request 19
413
(5, 2, 1)
3
(46, 2)
-> Request 20
430
(6, 1, 1)
1
(5, 61)
-> Request 21
484
(1, 3, 2)
1
(64, 19)
-> Request 22
486
(6, 3, 2)
2
(31, 42)
-> Request 23
511
(3, 3, 2)
2
(61, 79)
-> Request 24
543
(9, 3, 2)
3
(41, 24)
-> Request 25
578
(4, 3, 1)
2
(1, 55)
-> Request 26
579
(3, 3, 1)
3
(23, 41)
-> Request 27
611
(1, 1, 2)
1
(75, 25)
-> Request 28
652
(9, 3, 2)
1
(22, 46)
-> Request 29
747
(5, 2, 2)
1
(0, 60)
-> Request 30
764
(7, 1, 1)
1
(50, 17)
-> Request 31
829
(5, 3, 2)
2
(71, 30)
-> Request 32
834
(8, 2, 1)
3
(63, 0)
-> Request 33
848
(8, 1, 1)
3
(75, 25)
-> Request 34
895
(8, 2, 1)
1
(59, 55)
-> Request 35
913
(9, 2, 2)
3
(47, 12)
-> Request 36
914
(8, 2, 1)
1
(47, 27)
-> Request 37
924
(3, 3, 2)
2
(14, 74)
-> Request 38
958
(3, 1, 2)
2
(5, 17)
-> Request 39
975
(6, 1, 1)
2
(32, 7)
-> Request 40
976
(6, 3, 2)
2
(34, 41)
-> Request 41
1010
(2, 2, 2)
3
(38, 51)
-> Request 42
1025
(1, 3, 1)
3
(21, 36)
-> Request 43
1028
(6, 2, 2)
3
(2, 72)
-> Request 44
1037
(6, 3, 1)
2
(56, 55)
-> Request 45
1039
(4, 1, 2)
1
(73, 58)
-> Request 46
1043
(2, 2, 2)
2
(55, 28)
-> Request 47
1068
(1, 3, 2)
1
(48, 46)
-> Request 48
1079
(9, 3, 1)
1
(2, 56)
-> Request 49
1130
(2, 3, 2)
3
(68, 35)
-> Request 50
1141
(4, 1, 1)
2
(72, 0)
-> Request 51
1175
(5, 2, 1)
1
(65, 60)
-> Request 52
1178
(9, 1, 2)
1
(3, 79)
-> Request 53
1266
(5, 1, 2)
3
(33, 15)
-> Request 54
1271
(4, 3, 1)
2
(54, 15)
-> Request 55
1306
(3, 1, 1)
3
(12, 78)
-> Request 56
1338
(3, 3, 2)
3
(11, 74)
-> Request 57
1355
(5, 2, 2)
2
(71, 0)
-> Request 58
1363
(3, 2, 2)
3
(7, 78)
-> Request 59
1375
(5, 1, 1)
3
(45, 31)
-> Request 60
1407
(10, 1, 2)
1
(14, 24)
-> Request 61
1407
(5, 3, 2)
3
(61, 8)
-> Request 62
1429
(6, 2, 1)
3
(1, 2)
--> Day : 2
-> Request 0
9
(7, 2, 2)
2
(58, 71)
-> Request 1
19
(8, 3, 1)
3
(31, 48)
-> Request 2
26
(6, 1, 1)
2
(8, 23)
-> Request 3
43
(3, 3, 2)
2
(65, 58)
-> Request 4
54
(4, 1, 1)
2
(45, 72)
-> Request 5
69
(7, 3, 1)
2
(21, 73)
-> Request 6
76
(7, 1, 2)
1
(14, 78)
-> Request 7
77
(5, 2, 2)
1
(68, 76)
-> Request 8
87
(10, 3, 2)
2
(4, 71)
-> Request 9
93
(4, 1, 2)
2
(30, 23)
-> Request 10
93
(6, 1, 1)
1
(54, 75)
-> Request 11
112
(4, 2, 1)
2
(75, 34)
-> Request 12
117
(10, 3, 2)
2
(13, 19)
-> Request 13
117
(3, 3, 1)
3
(58, 70)
-> Request 14
120
(10, 3, 2)
1
(23, 62)
-> Request 15
156
(3, 1, 1)
1
(10, 69)
-> Request 16
156
(5, 1, 2)
1
(6, 77)
-> Request 17
166
(5, 1, 2)
2
(37, 33)
-> Request 18
212
(9, 3, 1)
1
(36, 61)
-> Request 19
219
(1, 3, 2)
3
(17, 7)
-> Request 20
259
(6, 2, 2)
3
(78, 49)
-> Request 21
264
(4, 2, 2)
2
(77, 11)
-> Request 22
292
(2, 2, 1)
3
(79, 20)
-> Request 23
318
(5, 3, 1)
2
(62, 78)
-> Request 24
329
(7, 2, 2)
1
(54, 11)
-> Request 25
375
(3, 1, 2)
1
(31, 23)
-> Request 26
409
(9, 3, 1)
2
(46, 50)
-> Request 27
418
(2, 3, 2)
2
(41, 77)
-> Request 28
466
(9, 3, 2)
3
(78, 75)
-> Request 29
468
(5, 2, 2)
3
(60, 38)
-> Request 30
491
(10, 3, 1)
3
(2, 3)
-> Request 31
497
(1, 2, 1)
3
(66, 51)
-> Request 32
505
(10, 3, 1)
1
(48, 67)
-> Request 33
506
(5, 3, 1)
3
(60, 41)
-> Request 34
522
(2, 1, 1)
3
(0, 19)
-> Request 35
535
(5, 3, 2)
3
(65, 36)
-> Request 36
538
(3, 1, 1)
1
(52, 4)
-> Request 37
567
(10, 2, 1)
3
(22, 14)
-> Request 38
598
(4, 2, 1)
2
(49, 74)
-> Request 39
680
(6, 2, 2)
2
(28, 44)
-> Request 40
726
(5, 1, 2)
3
(60, 10)
-> Request 41
732
(3, 1, 1)
1
(7, 62)
-> Request 42
810
(3, 2, 1)
1
(72, 6)
-> Request 43
822
(7, 3, 1)
1
(33, 79)
-> Request 44
829
(1, 1, 1)
2
(36, 63)
-> Request 45
870
(3, 2, 1)
2
(72, 76)
-> Request 46
923
(8, 1, 1)
3
(36, 31)
-> Request 47
957
(4, 2, 1)
3
(64, 37)
-> Request 48
986
(6, 2, 1)
2
(55, 60)
-> Request 49
992
(1, 1, 2)
3
(22, 25)
-> Request 50
1008
(6, 3, 1)
1
(36, 0)
-> Request 51
1041
(2, 1, 1)
2
(50, 74)
-> Request 52
1047
(5, 1, 1)
2
(57, 77)
-> Request 53
1072
(10, 2, 2)
3
(17, 33)
-> Request 54
1083
(10, 2, 1)
1
(60, 44)
-> Request 55
1105
(6, 2, 2)
1
(54, 55)
-> Request 56
1121
(6, 1, 1)
3
(9, 26)
-> Request 57
1130
(10, 3, 2)
2
(52, 0)
-> Request 58
1157
(10, 3, 1)
1
(4, 55)
-> Request 59
1240
(4, 1, 2)
3
(1, 11)
-> Request 60
1265
(10, 1, 1)
3
(31, 75)
-> Request 61
1317
(2, 1, 1)
2
(40, 10)
-> Request 62
1331
(6, 2, 2)
2
(38, 0)
-> Request 63
1340
(6, 1, 2)
1
(75, 52)
-> Request 64
1347
(8, 2, 1)
2
(52, 9)
-> Request 65
1347
(8, 2, 1)
2
(33, 2)
-> Request 66
1385
(5, 2, 2)
1
(0, 65)
-> Request 67
1399
(10, 2, 2)
3
(40, 28)
--> Day : 3
-> Request 0
89
(2, 3, 1)
2
(57, 53)
-> Request 1
91
(10, 2, 1)
3
(29, 51)
-> Request 2
173
(1, 2, 1)
3
(17, 79)
-> Request 3
173
(1, 2, 1)
1
(36, 18)
-> Request 4
197
(6, 3, 2)
3
(5, 43)
-> Request 5
203
(9, 1, 1)
1
(34, 12)
-> Request 6
232
(3, 1, 1)
2
(17, 32)
-> Request 7
238
(7, 1, 1)
2
(69, 7)
-> Request 8
265
(2, 3, 2)
1
(70, 50)
-> Request 9
297
(1, 2, 2)
2
(53, 28)
-> Request 10
330
(4, 1, 2)
3
(75, 77)
-> Request 11
371
(8, 3, 1)
1
(67, 41)
-> Request 12
375
(6, 2, 2)
1
(23, 44)
-> Request 13
409
(4, 3, 1)
2
(13, 52)
-> Request 14
480
(10, 1, 2)
1
(16, 47)
-> Request 15
496
(9, 1, 2)
2
(13, 7)
-> Request 16
510
(2, 1, 2)
1
(3, 54)
-> Request 17
511
(7, 1, 1)
3
(20, 10)
-> Request 18
537
(5, 2, 1)
3
(10, 55)
-> Request 19
548
(9, 3, 2)
3
(58, 41)
-> Request 20
553
(1, 2, 2)
3
(3, 8)
-> Request 21
561
(5, 1, 1)
2
(4, 34)
-> Request 22
569
(8, 1, 1)
3
(72, 14)
-> Request 23
575
(9, 2, 1)
3
(67, 19)
-> Request 24
585
(4, 1, 1)
2
(60, 38)
-> Request 25
595
(2, 1, 2)
3
(37, 72)
-> Request 26
649
(4, 1, 1)
3
(8, 33)
-> Request 27
670
(5, 3, 1)
1
(3, 39)
-> Request 28
699
(8, 3, 2)
1
(66, 35)
-> Request 29
730
(4, 2, 2)
1
(29, 77)
-> Request 30
736
(2, 1, 1)
3
(31, 4)
-> Request 31
748
(4, 2, 2)
1
(70, 14)
-> Request 32
749
(2, 2, 2)
2
(6, 3)
-> Request 33
767
(9, 3, 1)
2
(18, 15)
-> Request 34
777
(2, 3, 1)
3
(59, 7)
-> Request 35
828
(9, 2, 1)
2
(0, 47)
-> Request 36
849
(10, 3, 2)
2
(7, 12)
-> Request 37
894
(5, 1, 1)
2
(33, 53)
-> Request 38
899
(6, 1, 1)
1
(46, 5)
-> Request 39
943
(1, 3, 2)
1
(45, 23)
-> Request 40
944
(9, 1, 2)
2
(15, 29)
-> Request 41
954
(10, 1, 1)
2
(17, 62)
-> Request 42
986
(3, 1, 2)
2
(49, 3)
-> Request 43
993
(9, 3, 1)
2
(32, 56)
-> Request 44
998
(9, 3, 2)
3
(61, 15)
-> Request 45
1008
(10, 3, 1)
2
(58, 62)
-> Request 46
1018
(10, 3, 1)
1
(2, 2)
-> Request 47
1027
(7, 3, 1)
1
(17, 9)
-> Request 48
1049
(7, 1, 2)
1
(19, 26)
-> Request 49
1050
(5, 1, 2)
2
(66, 16)
-> Request 50
1064
(2, 1, 2)
2
(53, 18)
-> Request 51
1069
(1, 2, 2)
1
(50, 3)
-> Request 52
1091
(7, 1, 1)
1
(71, 73)
-> Request 53
1205
(1, 2, 2)
2
(17, 41)
-> Request 54
1230
(7, 3, 2)
2
(19, 58)
-> Request 55
1261
(6, 2, 1)
2
(79, 6)
-> Request 56
1289
(4, 2, 2)
1
(16, 4)
-> Request 57
1315
(4, 1, 2)
3
(72, 73)
-> Request 58
1318
(4, 3, 1)
1
(77, 24)
-> Request 59
1318
(6, 1, 1)
1
(39, 61)
-> Request 60
1344
(1, 1, 2)
2
(77, 17)
-> Request 61
1354
(5, 2, 1)
1
(34, 13)
-> Request 62
1375
(7, 1, 2)
2
(8, 50)
-> Request 63
1384
(7, 1, 1)
3
(18, 39)
-> Request 64
1393
(7, 1, 2)
2
(32, 27)
-> Request 65
1409
(8, 1, 2)
3
(45, 32)
-> Request 66
1418
(3, 2, 1)
2
(6, 21)
--> Day : 4
-> Request 0
39
(2, 2, 2)
3
(59, 34)
-> Request 1
58
(6, 3, 1)
2
(3, 11)
-> Request 2
72
(9, 3, 2)
2
(69, 58)
-> Request 3
78
(1, 3, 2)
3
(4, 67)
-> Request 4
94
(2, 2, 1)
2
(14, 74)
-> Request 5
97
(3, 2, 1)
1
(9, 68)
-> Request 6
154
(6, 2, 2)
3
(64, 24)
-> Request 7
167
(9, 1, 1)
2
(58, 68)
-> Request 8
182
(7, 3, 1)
2
(50, 24)
-> Request 9
195
(8, 1, 1)
1
(17, 59)
-> Request 10
211
(2, 1, 1)
2
(3, 62)
-> Request 11
213
(1, 2, 1)
1
(62, 37)
-> Request 12
235
(2, 2, 2)
3
(76, 14)
-> Request 13
250
(10, 3, 2)
1
(2, 75)
-> Request 14
264
(7, 1, 1)
1
(26, 48)
-> Request 15
273
(7, 1, 2)
1
(36, 62)
-> Request 16
312
(2, 1, 1)
1
(14, 51)
-> Request 17
314
(4, 1, 1)
3
(22, 13)
-> Request 18
329
(2, 1, 1)
3
(32, 61)
-> Request 19
349
(7, 1, 2)
3
(30, 55)
-> Request 20
361
(6, 3, 1)
2
(21, 49)
-> Request 21
364
(7, 3, 2)
2
(30, 69)
-> Request 22
380
(2, 3, 1)
3
(19, 56)
-> Request 23
384
(5, 1, 1)
2
(55, 29)
-> Request 24
438
(8, 3, 1)
1
(13, 65)
-> Request 25
457
(10, 3, 1)
1
(60, 69)
-> Request 26
489
(1, 1, 1)
3
(47, 14)
-> Request 27
494
(5, 3, 2)
2
(79, 62)
-> Request 28
503
(10, 3, 2)
3
(27, 62)
-> Request 29
523
(9, 3, 1)
2
(79, 13)
-> Request 30
576
(3, 1, 1)
3
(26, 72)
-> Request 31
609
(4, 1, 2)
2
(0, 76)
-> Request 32
615
(6, 3, 1)
3
(39, 53)
-> Request 33
619
(3, 3, 1)
2
(35, 28)
-> Request 34
631
(8, 2, 2)
3
(19, 12)
-> Request 35
728
(4, 2, 1)
3
(66, 13)
-> Request 36
751
(6, 1, 2)
2
(4, 1)
-> Request 37
752
(1, 3, 1)
1
(58, 60)
-> Request 38
772
(6, 3, 2)
3
(22, 20)
-> Request 39
783
(2, 3, 1)
1
(23, 16)
-> Request 40
785
(2, 3, 2)
2
(40, 60)
-> Request 41
800
(3, 2, 2)
1
(8, 77)
-> Request 42
844
(8, 2, 1)
2
(21, 35)
-> Request 43
847
(2, 2, 2)
2
(5, 53)
-> Request 44
862
(9, 2, 2)
3
(9, 37)
-> Request 45
882
(4, 3, 2)
1
(8, 33)
-> Request 46
923
(5, 1, 2)
2
(79, 28)
-> Request 47
925
(10, 1, 1)
2
(59, 71)
-> Request 48
927
(7, 3, 1)
3
(27, 44)
-> Request 49
1013
(7, 1, 1)
1
(57, 30)
-> Request 50
1054
(3, 2, 1)
3
(7, 78)
-> Request 51
1073
(9, 2, 2)
1
(57, 15)
-> Request 52
1108
(2, 2, 1)
3
(60, 56)
-> Request 53
1143
(10, 3, 1)
1
(42, 41)
-> Request 54
1210
(4, 2, 2)
1
(30, 31)
-> Request 55
1218
(3, 3, 1)
1
(49, 32)
-> Request 56
1225
(2, 3, 2)
1
(2, 75)
-> Request 57
1227
(9, 2, 2)
3
(68, 4)
-> Request 58
1242
(4, 2, 1)
2
(49, 22)
-> Request 59
1275
(7, 2, 2)
3
(20, 70)
-> Request 60
1284
(1, 2, 2)
2
(2, 41)
-> Request 61
1299
(1, 2, 2)
2
(4, 35)
-> Request 62
1324
(10, 2, 1)
2
(33, 52)
-> Request 63
1326
(2, 3, 1)
1
(20, 18)
-> Request 64
1338
(8, 3, 2)
2
(63, 27)
-> Request 65
1349
(6, 1, 2)
1
(28, 67)
-> Request 66
1424
(10, 1, 2)
1
(62, 44)
---> Week : 5
--> Day : 0
-> Request 0
11
(1, 2, 1)
3
(5, 7)
-> Request 1
16
(7, 3, 2)
1
(45, 51)
-> Request 2
39
(1, 3, 2)
1
(65, 71)
-> Request 3
57
(4, 2, 2)
2
(14, 18)
-> Request 4
66
(2, 3, 2)
2
(7, 42)
-> Request 5
67
(1, 3, 1)
2
(70, 72)
-> Request 6
70
(2, 2, 2)
3
(69, 50)
-> Request 7
111
(9, 3, 2)
3
(75, 8)
-> Request 8
113
(6, 1, 2)
2
(0, 50)
-> Request 9
141
(10, 3, 1)
2
(63, 48)
-> Request 10
154
(7, 3, 1)
3
(63, 55)
-> Request 11
155
(6, 3, 1)
1
(79, 24)
-> Request 12
159
(9, 3, 2)
2
(11, 12)
-> Request 13
189
(5, 2, 2)
2
(31, 39)
-> Request 14
193
(8, 3, 1)
1
(29, 36)
-> Request 15
210
(7, 3, 2)
3
(3, 19)
-> Request 16
216
(1, 1, 2)
3
(5, 14)
-> Request 17
258
(7, 3, 2)
2
(3, 25)
-> Request 18
338
(2, 2, 2)
3
(2, 67)
-> Request 19
389
(4, 1, 2)
1
(26, 73)
-> Request 20
414
(1, 3, 2)
2
(77, 6)
-> Request 21
442
(5, 1, 1)
1
(68, 68)
-> Request 22
486
(4, 1, 1)
2
(31, 12)
-> Request 23
504
(2, 3, 2)
3
(65, 22)
-> Request 24
539
(5, 2, 2)
3
(77, 77)
-> Request 25
629
(3, 2, 1)
3
(62, 17)
-> Request 26
678
(6, 3, 2)
1
(43, 59)
-> Request 27
690
(7, 1, 1)
2
(33, 60)
-> Request 28
710
(2, 3, 1)
1
(26, 38)
-> Request 29
777
(3, 3, 1)
2
(3, 42)
-> Request 30
796
(3, 1, 1)
1
(60, 28)
-> Request 31
825
(6, 1, 1)
2
(12, 69)
-> Request 32
858
(9, 3, 2)
3
(52, 52)
-> Request 33
863
(8, 1, 1)
3
(65, 23)
-> Request 34
904
(7, 3, 1)
3
(63, 73)
-> Request 35
911
(5, 3, 2)
3
(56, 12)
-> Request 36
915
(2, 2, 2)
3
(49, 13)
-> Request 37
940
(8, 2, 2)
1
(44, 66)
-> Request 38
949
(2, 1, 2)
2
(42, 5)
-> Request 39
1021
(2, 3, 2)
3
(49, 4)
-> Request 40
1059
(4, 1, 1)
2
(56, 47)
-> Request 41
1080
(6, 3, 2)
1
(48, 36)
-> Request 42
1093
(4, 2, 1)
2
(30, 14)
-> Request 43
1095
(4, 3, 2)
1
(39, 71)
-> Request 44
1110
(8, 2, 2)
1
(55, 73)
-> Request 45
1111
(5, 1, 1)
1
(69, 77)
-> Request 46
1119
(1, 2, 1)
2
(71, 69)
-> Request 47
1185
(4, 3, 2)
2
(63, 55)
-> Request 48
1207
(4, 2, 2)
3
(44, 30)
-> Request 49
1222
(7, 1, 2)
2
(43, 29)
-> Request 50
1226
(9, 1, 2)
2
(44, 63)
-> Request 51
1254
(4, 2, 2)
1
(68, 79)
-> Request 52
1270
(8, 1, 1)
2
(12, 79)
-> Request 53
1290
(7, 2, 1)
1
(15, 38)
-> Request 54
1296
(5, 3, 1)
3
(26, 45)
-> Request 55
1296
(2, 3, 1)
3
(61, 12)
-> Request 56
1355
(1, 2, 1)
1
(42, 31)
-> Request 57
1370
(3, 1, 2)
3
(34, 13)
-> Request 58
1394
(10, 2, 2)
3
(42, 49)
-> Request 59
1423
(2, 2, 2)
3
(25, 55)
--> Day : 1
-> Request 0
17
(6, 1, 2)
1
(25, 10)
-> Request 1
40
(7, 1, 2)
1
(25, 56)
-> Request 2
102
(2, 2, 1)
1
(57, 38)
-> Request 3
179
(4, 2, 1)
2
(60, 30)
-> Request 4
180
(7, 2, 2)
2
(56, 30)
-> Request 5
181
(3, 2, 1)
3
(14, 60)
-> Request 6
192
(3, 3, 1)
3
(37, 60)
-> Request 7
192
(4, 2, 1)
1
(48, 39)
-> Request 8
195
(3, 2, 1)
1
(29, 75)
-> Request 9
216
(3, 2, 1)
1
(46, 35)
-> Request 10
250
(2, 3, 2)
3
(4, 61)
-> Request 11
254
(7, 2, 1)
3
(45, 73)
-> Request 12
374
(7, 3, 2)
3
(0, 51)
-> Request 13
392
(7, 2, 2)
2
(42, 44)
-> Request 14
434
(9, 3, 2)
2
(52, 6)
-> Request 15
448
(6, 3, 1)
3
(77, 0)
-> Request 16
535
(2, 3, 2)
1
(29, 72)
-> Request 17
562
(8, 3, 1)
3
(53, 16)
-> Request 18
563
(4, 1, 1)
2
(15, 40)
-> Request 19
583
(10, 2, 2)
2
(23, 65)
-> Request 20
599
(6, 2, 1)
2
(36, 28)
-> Request 21
610
(1, 2, 2)
1
(31, 11)
-> Request 22
618
(9, 2, 1)
2
(29, 29)
-> Request 23
635
(9, 2, 1)
3
(74, 31)
-> Request 24
697
(9, 2, 2)
1
(45, 28)
-> Request 25
739
(8, 3, 1)
3
(60, 43)
-> Request 26
784
(4, 1, 1)
1
(20, 54)
-> Request 27
785
(3, 2, 2)
3
(46, 23)
-> Request 28
787
(10, 2, 2)
2
(22, 79)
-> Request 29
796
(4, 1, 1)
2
(25, 3)
-> Request 30
834
(7, 2, 1)
2
(42, 29)
-> Request 31
878
(8, 3, 1)
2
(39, 8)
-> Request 32
921
(3, 2, 2)
2
(63, 8)
-> Request 33
944
(6, 1, 2)
1
(42, 11)
-> Request 34
963
(6, 2, 1)
2
(53, 56)
-> Request 35
1012
(10, 3, 2)
3
(29, 46)
-> Request 36
1025
(8, 3, 2)
2
(71, 15)
-> Request 37
1039
(4, 3, 1)
1
(35, 71)
-> Request 38
1052
(4, 1, 2)
1
(50, 51)
-> Request 39
1068
(2, 3, 2)
1
(55, 28)
-> Request 40
1068
(3, 1, 2)
2
(64, 56)
-> Request 41
1115
(9, 1, 1)
3
(78, 19)
-> Request 42
1125
(5, 1, 2)
3
(72, 50)
-> Request 43
1148
(10, 1, 2)
1
(34, 31)
-> Request 44
1157
(7, 1, 1)
3
(52, 59)
-> Request 45
1173
(6, 2, 2)
1
(64, 62)
-> Request 46
1191
(3, 2, 2)
3
(5, 1)
-> Request 47
1206
(10, 2, 2)
3
(45, 79)
-> Request 48
1247
(6, 2, 2)
3
(66, 13)
-> Request 49
1293
(6, 2, 2)
3
(57, 67)
-> Request 50
1329
(1, 1, 2)
3
(50, 35)
-> Request 51
1367
(8, 3, 2)
3
(48, 34)
-> Request 52
1379
(6, 3, 2)
3
(54, 44)
-> Request 53
1381
(10, 3, 2)
2
(34, 55)
-> Request 54
1384
(4, 1, 1)
1
(55, 71)
-> Request 55
1389
(4, 1, 2)
2
(8, 22)
-> Request 56
1420
(10, 3, 2)
3
(18, 11)
-> Request 57
1436
(1, 1, 2)
3
(66, 68)
--> Day : 2
-> Request 0
28
(6, 1, 1)
1
(15, 50)
-> Request 1
30
(9, 1, 2)
3
(41, 76)
-> Request 2
85
(8, 1, 2)
3
(71, 11)
-> Request 3
109
(8, 1, 1)
1
(57, 3)
-> Request 4
157
(4, 1, 2)
3
(49, 63)
-> Request 5
170
(7, 3, 1)
3
(77, 23)
-> Request 6
171
(5, 2, 2)
3
(57, 68)
-> Request 7
193
(3, 2, 1)
1
(0, 46)
-> Request 8
198
(1, 1, 2)
3
(78, 56)
-> Request 9
199
(9, 2, 1)
1
(42, 79)
-> Request 10
251
(7, 2, 2)
2
(20, 15)
-> Request 11
262
(3, 1, 1)
1
(73, 37)
-> Request 12
312
(7, 3, 2)
1
(56, 45)
-> Request 13
395
(4, 3, 1)
1
(52, 17)
-> Request 14
431
(8, 1, 1)
2
(79, 37)
-> Request 15
443
(2, 1, 1)
2
(6, 0)
-> Request 16
473
(9, 3, 2)
1
(25, 3)
-> Request 17
474
(10, 1, 1)
3
(5, 19)
-> Request 18
496
(4, 1, 2)
1
(60, 2)
-> Request 19
499
(8, 1, 2)
3
(39, 60)
-> Request 20
503
(8, 3, 1)
2
(45, 23)
-> Request 21
512
(2, 1, 2)
1
(16, 47)
-> Request 22
550
(10, 1, 1)
1
(36, 0)
-> Request 23
559
(6, 3, 1)
1
(57, 26)
-> Request 24
650
(8, 2, 1)
2
(46, 14)
-> Request 25
652
(7, 1, 1)
1
(0, 77)
-> Request 26
686
(9, 3, 1)
3
(2, 70)
-> Request 27
705
(3, 2, 1)
3
(0, 40)
-> Request 28
717
(2, 2, 2)
2
(22, 51)
-> Request 29
721
(8, 2, 2)
3
(52, 2)
-> Request 30
739
(10, 1, 2)
2
(2, 47)
-> Request 31
776
(7, 3, 1)
3
(62, 15)
-> Request 32
784
(5, 1, 2)
2
(20, 77)
-> Request 33
830
(2, 2, 1)
1
(54, 16)
-> Request 34
831
(3, 3, 2)
1
(67, 35)
-> Request 35
840
(6, 1, 2)
2
(39, 38)
-> Request 36
883
(5, 3, 2)
3
(2, 11)
-> Request 37
886
(4, 1, 1)
3
(9, 43)
-> Request 38
901
(9, 1, 2)
3
(73, 40)
-> Request 39
910
(9, 1, 2)
2
(3, 34)
-> Request 40
920
(1, 3, 1)
3
(74, 19)
-> Request 41
942
(4, 1, 1)
3
(66, 37)
-> Request 42
956
(6, 1, 2)
3
(0, 31)
-> Request 43
982
(9, 3, 2)
3
(36, 16)
-> Request 44
1002
(10, 1, 1)
3
(78, 9)
-> Request 45
1002
(8, 2, 2)
1
(18, 25)
-> Request 46
1020
(6, 3, 1)
1
(64, 18)
-> Request 47
1031
(6, 1, 2)
1
(30, 6)
-> Request 48
1048
(8, 3, 1)
1
(27, 16)
-> Request 49
1056
(5, 1, 2)
2
(48, 70)
-> Request 50
1063
(2, 1, 1)
3
(12, 60)
-> Request 51
1065
(2, 2, 2)
1
(12, 79)
-> Request 52
1066
(5, 3, 1)
3
(77, 71)
-> Request 53
1071
(8, 3, 1)
2
(78, 19)
-> Request 54
1084
(4, 1, 2)
2
(39, 48)
-> Request 55
1092
(7, 3, 1)
3
(31, 33)
-> Request 56
1114
(10, 2, 2)
1
(44, 62)
-> Request 57
1120
(2, 1, 1)
3
(15, 67)
-> Request 58
1134
(8, 3, 2)
1
(46, 53)
-> Request 59
1141
(1, 3, 1)
2
(9, 64)
-> Request 60
1148
(6, 2, 1)
1
(12, 45)
-> Request 61
1157
(5, 1, 1)
3
(28, 74)
-> Request 62
1179
(5, 2, 2)
1
(64, 65)
-> Request 63
1185
(2, 1, 1)
3
(48, 33)
-> Request 64
1216
(2, 2, 1)
1
(21, 60)
-> Request 65
1237
(9, 1, 2)
3
(46, 8)
-> Request 66
1242
(8, 3, 1)
3
(67, 4)
-> Request 67
1326
(1, 3, 1)
2
(9, 51)
-> Request 68
1326
(1, 3, 2)
2
(53, 58)
-> Request 69
1331
(9, 1, 1)
3
(77, 12)
-> Request 70
1378
(5, 3, 1)
2
(32, 69)
-> Request 71
1384
(1, 2, 2)
2
(36, 25)
-> Request 72
1436
(8, 3, 1)
1
(5, 54)
--> Day : 3
-> Request 0
35
(4, 2, 2)
1
(63, 74)
-> Request 1
38
(3, 2, 1)
3
(19, 62)
-> Request 2
55
(2, 3, 1)
2
(1, 0)
-> Request 3
56
(2, 2, 2)
2
(7, 56)
-> Request 4
92
(8, 1, 1)
3
(45, 24)
-> Request 5
126
(7, 2, 2)
1
(37, 42)
-> Request 6
175
(2, 1, 1)
3
(74, 44)
-> Request 7
224
(9, 3, 2)
3
(68, 54)
-> Request 8
227
(8, 3, 2)
1
(23, 54)
-> Request 9
280
(7, 2, 2)
3
(50, 56)
-> Request 10
292
(5, 2, 2)
3
(57, 11)
-> Request 11
311
(6, 3, 1)
3
(75, 71)
-> Request 12
332
(10, 2, 1)
1
(48, 71)
-> Request 13
359
(1, 3, 2)
2
(42, 17)
-> Request 14
369
(6, 3, 2)
1
(27, 20)
-> Request 15
395
(1, 1, 2)
2
(77, 35)
-> Request 16
401
(7, 3, 1)
1
(73, 36)
-> Request 17
405
(6, 2, 1)
3
(13, 43)
-> Request 18
430
(8, 1, 2)
3
(30, 0)
-> Request 19
444
(4, 3, 2)
2
(14, 26)
-> Request 20
449
(7, 1, 2)
3
(26, 16)
-> Request 21
450
(4, 2, 2)
3
(18, 39)
-> Request 22
460
(3, 3, 2)
3
(60, 53)
-> Request 23
464
(1, 1, 1)
2
(2, 22)
-> Request 24
469
(2, 1, 2)
1
(73, 54)
-> Request 25
480
(4, 1, 2)
3
(11, 56)
-> Request 26
548
(4, 2, 2)
3
(29, 53)
-> Request 27
557
(4, 2, 2)
2
(31, 10)
-> Request 28
572
(5, 2, 2)
1
(36, 68)
-> Request 29
586
(4, 3, 1)
1
(33, 32)
-> Request 30
638
(10, 1, 1)
2
(13, 4)
-> Request 31
643
(1, 1, 1)
2
(18, 46)
-> Request 32
643
(7, 3, 2)
2
(24, 12)
-> Request 33
683
(10, 3, 2)
1
(74, 16)
-> Request 34
687
(5, 3, 2)
3
(0, 34)
-> Request 35
718
(2, 1, 1)
2
(29, 20)
-> Request 36
769
(8, 2, 2)
1
(72, 14)
-> Request 37
780
(7, 3, 2)
3
(39, 6)
-> Request 38
820
(1, 2, 2)
3
(20, 71)
-> Request 39
820
(2, 2, 2)
1
(73, 23)
-> Request 40
824
(10, 3, 2)
1
(22, 11)
-> Request 41
830
(5, 3, 2)
2
(21, 9)
-> Request 42
860
(8, 1, 1)
2
(56, 7)
-> Request 43
860
(3, 1, 1)
1
(61, 45)
-> Request 44
885
(9, 2, 2)
2
(21, 14)
-> Request 45
921
(4, 1, 2)
2
(16, 4)
-> Request 46
923
(5, 1, 2)
2
(52, 72)
-> Request 47
940
(10, 2, 2)
3
(42, 79)
-> Request 48
969
(9, 2, 1)
3
(7, 41)
-> Request 49
1013
(3, 3, 2)
2
(17, 32)
-> Request 50
1013
(6, 3, 2)
3
(34, 3)
-> Request 51
1013
(6, 1, 1)
1
(47, 27)
-> Request 52
1033
(1, 3, 1)
1
(55, 18)
-> Request 53
1039
(8, 2, 1)
3
(53, 2)
-> Request 54
1108
(10, 2, 1)
2
(39, 6)
-> Request 55
1108
(5, 1, 2)
3
(37, 54)
-> Request 56
1151
(9, 2, 1)
1
(79, 35)
-> Request 57
1162
(7, 3, 1)
1
(26, 68)
-> Request 58
1210
(8, 2, 1)
3
(14, 24)
-> Request 59
1225
(2, 1, 1)
2
(57, 76)
-> Request 60
1334
(9, 2, 1)
1
(20, 6)
-> Request 61
1342
(6, 2, 1)
1
(22, 14)
-> Request 62
1359
(10, 2, 2)
2
(61, 6)
-> Request 63
1363
(2, 1, 2)
1
(72, 17)
-> Request 64
1370
(8, 1, 2)
1
(72, 33)
--> Day : 4
-> Request 0
46
(5, 3, 1)
2
(12, 3)
-> Request 1
58
(3, 2, 2)
1
(47, 32)
-> Request 2
58
(1, 2, 2)
3
(21, 10)
-> Request 3
60
(7, 1, 2)
2
(9, 72)
-> Request 4
73
(5, 1, 1)
1
(78, 56)
-> Request 5
93
(3, 1, 1)
2
(71, 34)
-> Request 6
103
(3, 3, 1)
2
(1, 18)
-> Request 7
161
(9, 3, 2)
2
(67, 22)
-> Request 8
179
(8, 3, 1)
1
(19, 51)
-> Request 9
198
(8, 2, 2)
1
(52, 0)
-> Request 10
222
(1, 3, 1)
1
(41, 71)
-> Request 11
232
(7, 2, 2)
1
(73, 10)
-> Request 12
307
(7, 2, 1)
3
(44, 10)
-> Request 13
340
(2, 2, 2)
1
(43, 19)
-> Request 14
374
(2, 2, 2)
3
(26, 4)
-> Request 15
391
(1, 2, 1)
1
(16, 10)
-> Request 16
430
(7, 2, 1)
2
(11, 47)
-> Request 17
435
(5, 2, 2)
2
(44, 7)
-> Request 18
452
(6, 1, 1)
1
(67, 70)
-> Request 19
464
(10, 3, 2)
3
(62, 78)
-> Request 20
474
(4, 3, 1)
1
(56, 8)
-> Request 21
589
(7, 2, 1)
3
(44, 49)
-> Request 22
603
(5, 2, 2)
2
(47, 74)
-> Request 23
646
(7, 3, 2)
1
(76, 58)
-> Request 24
743
(1, 2, 2)
3
(9, 13)
-> Request 25
754
(4, 3, 1)
1
(19, 71)
-> Request 26
754
(10, 2, 1)
2
(77, 67)
-> Request 27
759
(10, 3, 2)
1
(12, 47)
-> Request 28
770
(5, 3, 1)
2
(29, 23)
-> Request 29
787
(9, 1, 1)
1
(24, 35)
-> Request 30
796
(9, 3, 2)
2
(23, 60)
-> Request 31
843
(5, 3, 2)
1
(50, 54)
-> Request 32
859
(4, 3, 1)
2
(31, 34)
-> Request 33
871
(6, 3, 1)
1
(59, 49)
-> Request 34
953
(9, 3, 1)
2
(36, 3)
-> Request 35
993
(6, 3, 2)
3
(73, 61)
-> Request 36
1002
(5, 2, 1)
1
(26, 8)
-> Request 37
1030
(7, 2, 2)
1
(34, 42)
-> Request 38
1108
(3, 2, 1)
1
(34, 46)
-> Request 39
1110
(1, 1, 2)
2
(59, 27)
-> Request 40
1122
(7, 2, 2)
3
(30, 30)
-> Request 41
1176
(9, 2, 2)
1
(13, 20)
-> Request 42
1177
(5, 2, 1)
2
(43, 19)
-> Request 43
1193
(3, 3, 2)
3
(41, 68)
-> Request 44
1217
(7, 2, 1)
3
(32, 0)
-> Request 45
1228
(6, 3, 1)
2
(17, 18)
-> Request 46
1234
(5, 1, 2)
2
(77, 48)
-> Request 47
1237
(3, 1, 2)
3
(3, 20)
-> Request 48
1244
(6, 2, 2)
3
(56, 12)
-> Request 49
1249
(8, 2, 2)
1
(39, 9)
-> Request 50
1271
(5, 1, 2)
3
(45, 51)
-> Request 51
1281
(7, 2, 2)
3
(2, 23)
-> Request 52
1348
(3, 1, 2)
2
(19, 33)
-> Request 53
1352
(2, 3, 1)
1
(76, 53)
-> Request 54
1354
(1, 2, 2)
3
(22, 63)
-> Request 55
1358
(4, 1, 2)
3
(22, 36)
-> Request 56
1387
(4, 2, 2)
1
(40, 59)
-> Request 57
1399
(7, 1, 2)
1
(4, 79)
-> Request 58
1399
(6, 2, 2)
2
(34, 51)
-> Request 59
1420
(6, 2, 1)
2
(38, 0)
---> Week : 6
--> Day : 0
-> Request 0
21
(10, 3, 1)
1
(77, 72)
-> Request 1
43
(6, 2, 2)
2
(52, 15)
-> Request 2
82
(5, 2, 2)
2
(69, 52)
-> Request 3
85
(3, 1, 1)
3
(22, 7)
-> Request 4
86
(10, 3, 1)
2
(20, 75)
-> Request 5
113
(9, 1, 2)
1
(5, 42)
-> Request 6
123
(5, 2, 1)
2
(77, 71)
-> Request 7
137
(2, 3, 2)
1
(31, 16)
-> Request 8
152
(10, 2, 1)
2
(27, 5)
-> Request 9
178
(8, 1, 1)
3
(3, 58)
-> Request 10
222
(5, 1, 2)
2
(35, 56)
-> Request 11
225
(8, 1, 2)
2
(18, 15)
-> Request 12
237
(7, 2, 1)
3
(55, 37)
-> Request 13
258
(3, 2, 1)
1
(0, 73)
-> Request 14
261
(7, 2, 1)
2
(15, 43)
-> Request 15
276
(6, 2, 2)
1
(38, 31)
-> Request 16
301
(5, 2, 1)
3
(74, 13)
-> Request 17
379
(5, 3, 2)
1
(74, 36)
-> Request 18
442
(8, 2, 2)
3
(77, 45)
-> Request 19
464
(6, 3, 2)
2
(0, 49)
-> Request 20
514
(9, 1, 2)
3
(50, 6)
-> Request 21
564
(4, 1, 2)
3
(28, 10)
-> Request 22
566
(6, 1, 1)
2
(49, 10)
-> Request 23
572
(9, 1, 2)
2
(66, 72)
-> Request 24
638
(8, 3, 2)
3
(22, 36)
-> Request 25
665
(7, 2, 1)
2
(37, 69)
-> Request 26
673
(1, 3, 1)
1
(56, 65)
-> Request 27
707
(6, 1, 1)
3
(50, 66)
-> Request 28
731
(3, 3, 2)
2
(36, 42)
-> Request 29
749
(2, 2, 2)
3
(24, 74)
-> Request 30
775
(1, 1, 2)
3
(62, 56)
-> Request 31
807
(7, 3, 1)
3
(25, 59)
-> Request 32
816
(6, 3, 2)
3
(44, 78)
-> Request 33
821
(4, 1, 2)
2
(77, 52)
-> Request 34
902
(6, 3, 1)
2
(42, 22)
-> Request 35
906
(6, 2, 1)
3
(28, 53)
-> Request 36
915
(9, 1, 1)
3
(33, 5)
-> Request 37
1107
(2, 3, 1)
2
(29, 49)
-> Request 38
1128
(1, 2, 2)
1
(39, 43)
-> Request 39
1137
(10, 1, 2)
2
(73, 33)
-> Request 40
1144
(1, 3, 2)
3
(0, 66)
-> Request 41
1182
(4, 3, 2)
2
(75, 67)
-> Request 42
1222
(6, 1, 1)
3
(43, 9)
-> Request 43
1255
(9, 3, 1)
1
(40, 50)
-> Request 44
1290
(3, 2, 2)
2
(25, 58)
-> Request 45
1324
(10, 1, 2)
1
(53, 2)
-> Request 46
1327
(9, 2, 1)
1
(42, 73)
-> Request 47
1391
(3, 2, 1)
1
(28, 53)
-> Request 48
1427
(7, 3, 2)
3
(38, 14)
--> Day : 1
-> Request 0
8
(9, 2, 1)
3
(17, 67)
-> Request 1
51
(5, 3, 1)
3
(45, 70)
-> Request 2
56
(2, 2, 1)
3
(39, 78)
-> Request 3
116
(2, 2, 2)
3
(4, 74)
-> Request 4
120
(3, 3, 2)
2
(51, 5)
-> Request 5
150
(2, 2, 2)
3
(56, 45)
-> Request 6
150
(3, 3, 2)
1
(54, 69)
-> Request 7
170
(9, 1, 2)
3
(72, 53)
-> Request 8
180
(5, 2, 1)
3
(54, 41)
-> Request 9
202
(1, 1, 1)
2
(58, 29)
-> Request 10
259
(4, 1, 1)
3
(14, 64)
-> Request 11
261
(1, 1, 1)
3
(69, 21)
-> Request 12
368
(8, 3, 1)
2
(78, 31)
-> Request 13
382
(6, 1, 1)
3
(64, 40)
-> Request 14
400
(2, 3, 1)
1
(29, 53)
-> Request 15
423
(3, 2, 2)
3
(52, 33)
-> Request 16
424
(9, 2, 1)
3
(30, 75)
-> Request 17
512
(3, 2, 2)
1
(6, 76)
-> Request 18
517
(8, 1, 1)
1
(60, 21)
-> Request 19
518
(4, 1, 2)
2
(63, 22)
-> Request 20
519
(7, 2, 2)
2
(67, 20)
-> Request 21
526
(1, 3, 2)
3
(36, 42)
-> Request 22
532
(5, 1, 1)
2
(32, 40)
-> Request 23
555
(5, 2, 1)
1
(69, 24)
-> Request 24
575
(9, 3, 1)
3
(36, 6)
-> Request 25
596
(4, 2, 2)
1
(35, 23)
-> Request 26
627
(1, 1, 2)
3
(23, 29)
-> Request 27
668
(2, 3, 1)
3
(3, 26)
-> Request 28
671
(4, 2, 1)
1
(50, 6)
-> Request 29
692
(10, 2, 2)
2
(65, 15)
-> Request 30
705
(10, 3, 1)
3
(10, 64)
-> Request 31
710
(9, 3, 2)
2
(5, 22)
-> Request 32
724
(10, 2, 2)
2
(31, 6)
-> Request 33
748
(7, 3, 2)
1
(78, 46)
-> Request 34
765
(2, 3, 1)
1
(27, 31)
-> Request 35
800
(10, 1, 2)
2
(49, 65)
-> Request 36
818
(4, 2, 2)
1
(56, 77)
-> Request 37
854
(8, 3, 1)
3
(10, 14)
-> Request 38
868
(9, 2, 1)
1
(46, 26)
-> Request 39
895
(1, 3, 2)
3
(15, 54)
-> Request 40
897
(1, 2, 1)
3
(69, 33)
-> Request 41
1088
(9, 2, 2)
2
(70, 38)
-> Request 42
1107
(3, 1, 2)
3
(61, 68)
-> Request 43
1114
(1, 1, 2)
2
(20, 9)
-> Request 44
1123
(2, 2, 1)
3
(30, 24)
-> Request 45
1154
(10, 3, 2)
2
(32, 76)
-> Request 46
1160
(10, 1, 2)
1
(26, 24)
-> Request 47
1163
(10, 2, 2)
3
(70, 57)
-> Request 48
1179
(7, 3, 1)
1
(66, 60)
-> Request 49
1180
(7, 1, 1)
1
(12, 59)
-> Request 50
1187
(2, 1, 1)
3
(30, 11)
-> Request 51
1187
(10, 3, 2)
3
(79, 29)
-> Request 52
1198
(3, 3, 2)
2
(3, 72)
-> Request 53
1208
(3, 1, 2)
2
(60, 10)
-> Request 54
1235
(1, 2, 2)
3
(68, 43)
-> Request 55
1294
(4, 3, 2)
2
(27, 36)
-> Request 56
1386
(3, 2, 2)
3
(62, 60)
-> Request 57
1392
(8, 1, 2)
1
(46, 1)
--> Day : 2
-> Request 0
13
(4, 1, 1)
1
(51, 78)
-> Request 1
34
(8, 3, 2)
3
(51, 48)
-> Request 2
56
(10, 1, 1)
1
(73, 15)
-> Request 3
57
(1, 3, 1)
3
(47, 71)
-> Request 4
90
(1, 2, 1)
2
(49, 58)
-> Request 5
98
(1, 3, 1)
2
(23, 39)
-> Request 6
99
(8, 2, 1)
1
(27, 32)
-> Request 7
100
(8, 2, 2)
2
(72, 71)
-> Request 8
122
(5, 3, 1)
1
(29, 20)
-> Request 9
153
(9, 3, 2)
3
(51, 13)
-> Request 10
174
(3, 2, 2)
2
(18, 60)
-> Request 11
174
(9, 3, 1)
2
(11, 23)
-> Request 12
181
(4, 1, 2)
1
(21, 75)
-> Request 13
257
(3, 2, 2)
1
(0, 33)
-> Request 14
282
(3, 1, 2)
2
(7, 74)
-> Request 15
290
(4, 3, 1)
3
(25, 6)
-> Request 16
319
(1, 2, 1)
1
(71, 52)
-> Request 17
380
(3, 2, 2)
1
(35, 7)
-> Request 18
397
(7, 3, 2)
1
(75, 73)
-> Request 19
399
(8, 2, 1)
3
(69, 57)
-> Request 20
410
(8, 3, 2)
2
(69, 75)
-> Request 21
466
(10, 1, 2)
3
(34, 20)
-> Request 22
509
(3, 2, 1)
3
(28, 75)
-> Request 23
533
(9, 1, 1)
1
(34, 24)
-> Request 24
591
(6, 2, 2)
3
(29, 23)
-> Request 25
671
(4, 2, 1)
1
(16, 46)
-> Request 26
675
(6, 3, 2)
1
(67, 54)
-> Request 27
681
(1, 1, 2)
2
(4, 1)
-> Request 28
714
(1, 1, 1)
2
(79, 61)
-> Request 29
719
(4, 2, 1)
1
(26, 47)
-> Request 30
730
(4, 2, 2)
3
(27, 72)
-> Request 31
760
(6, 1, 2)
2
(20, 75)
-> Request 32
770
(9, 1, 2)
2
(59, 11)
-> Request 33
773
(10, 1, 2)
2
(25, 64)
-> Request 34
796
(9, 3, 2)
3
(62, 59)
-> Request 35
812
(5, 1, 1)
3
(61, 58)
-> Request 36
838
(4, 3, 1)
2
(2, 34)
-> Request 37
845
(8, 1, 1)
1
(57, 6)
-> Request 38
941
(8, 1, 1)
1
(48, 47)
-> Request 39
943
(8, 2, 2)
2
(2, 30)
-> Request 40
968
(6, 2, 1)
1
(63, 45)
-> Request 41
979
(7, 2, 1)
3
(14, 6)
-> Request 42
997
(1, 2, 2)
2
(38, 19)
-> Request 43
1027
(9, 2, 2)
1
(31, 40)
-> Request 44
1126
(1, 2, 1)
1
(52, 40)
-> Request 45
1136
(4, 2, 2)
1
(48, 42)
-> Request 46
1140
(8, 3, 1)
1
(55, 51)
-> Request 47
1173
(6, 1, 2)
1
(17, 32)
-> Request 48
1213
(6, 2, 1)
1
(70, 55)
-> Request 49
1278
(6, 2, 1)
3
(25, 5)
-> Request 50
1291
(2, 3, 2)
3
(26, 54)
-> Request 51
1352
(6, 1, 2)
1
(35, 70)
-> Request 52
1385
(8, 1, 1)
1
(34, 71)
-> Request 53
1402
(2, 1, 2)
3
(79, 27)
-> Request 54
1419
(3, 3, 1)
3
(20, 52)
--> Day : 3
-> Request 0
92
(10, 2, 2)
1
(17, 68)
-> Request 1
101
(7, 3, 1)
1
(24, 4)
-> Request 2
128
(1, 1, 2)
3
(17, 11)
-> Request 3
133
(4, 1, 2)
1
(64, 46)
-> Request 4
212
(5, 3, 1)
1
(16, 31)
-> Request 5
222
(7, 1, 2)
3
(27, 18)
-> Request 6
226
(2, 3, 1)
2
(9, 69)
-> Request 7
284
(7, 2, 1)
1
(44, 61)
-> Request 8
301
(5, 1, 2)
2
(58, 57)
-> Request 9
347
(6, 1, 2)
1
(40, 47)
-> Request 10
365
(4, 1, 1)
2
(33, 78)
-> Request 11
415
(4, 2, 1)
2
(20, 38)
-> Request 12
416
(9, 1, 1)
2
(44, 45)
-> Request 13
505
(4, 2, 2)
1
(27, 42)
-> Request 14
547
(4, 2, 1)
1
(44, 7)
-> Request 15
556
(1, 1, 2)
3
(2, 64)
-> Request 16
572
(8, 2, 2)
2
(74, 74)
-> Request 17
586
(9, 1, 1)
2
(58, 46)
-> Request 18
606
(4, 1, 1)
2
(6, 43)
-> Request 19
627
(8, 1, 1)
3
(6, 65)
-> Request 20
630
(6, 3, 2)
3
(17, 73)
-> Request 21
668
(5, 2, 2)
3
(78, 50)
-> Request 22
691
(4, 3, 1)
2
(4, 76)
-> Request 23
712
(2, 2, 2)
1
(38, 30)
-> Request 24
750
(9, 1, 2)
2
(75, 77)
-> Request 25
775
(6, 1, 1)
2
(37, 48)
-> Request 26
779
(1, 2, 1)
1
(2, 61)
-> Request 27
785
(7, 1, 1)
3
(20, 79)
-> Request 28
786
(2, 2, 2)
3
(2, 77)
-> Request 29
867
(1, 3, 2)
1
(63, 4)
-> Request 30
901
(2, 1, 1)
3
(68, 67)
-> Request 31
915
(2, 2, 2)
2
(61, 31)
-> Request 32
956
(9, 1, 1)
1
(11, 29)
-> Request 33
973
(7, 2, 2)
1
(31, 77)
-> Request 34
1001
(3, 1, 2)
1
(6, 67)
-> Request 35
1007
(9, 1, 2)
2
(29, 4)
-> Request 36
1018
(8, 1, 2)
1
(66, 44)
-> Request 37
1024
(6, 2, 2)
1
(79, 36)
-> Request 38
1082
(1, 2, 1)
3
(28, 70)
-> Request 39
1082
(5, 2, 1)
2
(52, 35)
-> Request 40
1118
(2, 1, 1)
1
(4, 31)
-> Request 41
1125
(9, 1, 2)
2
(26, 70)
-> Request 42
1147
(10, 1, 1)
3
(56, 38)
-> Request 43
1153
(3, 1, 1)
2
(21, 0)
-> Request 44
1173
(3, 3, 2)
3
(75, 61)
-> Request 45
1322
(6, 3, 1)
3
(63, 15)
-> Request 46
1342
(1, 2, 2)
1
(35, 3)
-> Request 47
1342
(9, 3, 1)
2
(56, 29)
-> Request 48
1354
(7, 2, 2)
3
(55, 23)
-> Request 49
1356
(4, 1, 2)
3
(51, 7)
-> Request 50
1367
(3, 3, 2)
3
(72, 72)
-> Request 51
1402
(2, 3, 2)
3
(0, 50)
-> Request 52
1408
(10, 2, 1)
2
(51, 14)
--> Day : 4
-> Request 0
25
(1, 1, 2)
3
(6, 48)
-> Request 1
33
(2, 2, 1)
3
(8, 51)
-> Request 2
89
(4, 3, 1)
2
(67, 20)
-> Request 3
90
(3, 1, 1)
2
(53, 19)
-> Request 4
116
(1, 1, 2)
3
(59, 7)
-> Request 5
124
(10, 1, 2)
3
(37, 43)
-> Request 6
140
(7, 2, 1)
1
(51, 28)
-> Request 7
179
(2, 1, 1)
2
(0, 46)
-> Request 8
183
(3, 3, 2)
3
(75, 52)
-> Request 9
192
(4, 3, 1)
3
(21, 5)
-> Request 10
226
(5, 2, 2)
3
(74, 22)
-> Request 11
304
(10, 2, 2)
2
(36, 67)
-> Request 12
306
(7, 2, 1)
1
(41, 33)
-> Request 13
342
(10, 1, 2)
1
(62, 29)
-> Request 14
357
(9, 1, 1)
2
(12, 74)
-> Request 15
360
(2, 3, 1)
1
(30, 31)
-> Request 16
399
(4, 3, 1)
1
(55, 61)
-> Request 17
412
(6, 2, 2)
2
(63, 26)
-> Request 18
420
(9, 2, 2)
1
(16, 5)
-> Request 19
451
(6, 2, 2)
3
(72, 4)
-> Request 20
476
(3, 3, 1)
3
(8, 51)
-> Request 21
485
(5, 2, 1)
2
(44, 42)
-> Request 22
515
(5, 3, 1)
3
(60, 41)
-> Request 23
517
(4, 1, 2)
3
(37, 69)
-> Request 24
533
(4, 2, 2)
1
(9, 50)
-> Request 25
560
(10, 1, 2)
3
(62, 11)
-> Request 26
561
(9, 3, 1)
2
(12, 70)
-> Request 27
583
(1, 1, 2)
2
(0, 5)
-> Request 28
586
(6, 2, 2)
1
(63, 78)
-> Request 29
633
(6, 2, 1)
2
(64, 42)
-> Request 30
658
(8, 3, 2)
1
(28, 1)
-> Request 31
662
(7, 2, 1)
3
(63, 55)
-> Request 32
679
(4, 1, 1)
2
(21, 47)
-> Request 33
762
(10, 2, 1)
2
(72, 42)
-> Request 34
775
(7, 2, 1)
3
(41, 2)
-> Request 35
779
(5, 2, 2)
1
(4, 37)
-> Request 36
806
(4, 1, 2)
2
(18, 64)
-> Request 37
870
(2, 3, 2)
3
(3, 49)
-> Request 38
903
(4, 2, 1)
2
(12, 40)
-> Request 39
938
(4, 3, 2)
2
(59, 5)
-> Request 40
954
(9, 3, 1)
3
(73, 6)
-> Request 41
967
(2, 1, 1)
2
(49, 58)
-> Request 42
1059
(9, 3, 2)
1
(45, 41)
-> Request 43
1100
(4, 2, 2)
2
(8, 65)
-> Request 44
1103
(3, 2, 2)
2
(75, 16)
-> Request 45
1132
(2, 1, 2)
1
(20, 40)
-> Request 46
1145
(2, 3, 1)
1
(43, 27)
-> Request 47
1153
(5, 3, 2)
1
(28, 46)
-> Request 48
1165
(3, 3, 1)
3
(5, 76)
-> Request 49
1189
(7, 2, 1)
1
(27, 20)
-> Request 50
1208
(7, 1, 2)
1
(23, 40)
-> Request 51
1231
(1, 1, 1)
1
(45, 77)
-> Request 52
1242
(4, 1, 2)
1
(47, 17)
-> Request 53
1242
(2, 1, 2)
1
(52, 27)
-> Request 54
1308
(7, 3, 2)
2
(50, 55)
---> Week : 7
--> Day : 0
-> Request 0
106
(7, 3, 2)
2
(21, 27)
-> Request 1
126
(8, 1, 2)
1
(70, 9)
-> Request 2
146
(7, 1, 1)
2
(78, 23)
-> Request 3
236
(7, 1, 2)
3
(23, 36)
-> Request 4
237
(9, 1, 1)
1
(15, 38)
-> Request 5
249
(6, 3, 2)
1
(32, 10)
-> Request 6
276
(7, 1, 1)
2
(50, 79)
-> Request 7
295
(3, 1, 2)
1
(48, 25)
-> Request 8
321
(6, 3, 2)
1
(74, 40)
-> Request 9
325
(3, 3, 1)
3
(48, 50)
-> Request 10
325
(10, 1, 2)
1
(77, 53)
-> Request 11
346
(5, 3, 1)
1
(66, 16)
-> Request 12
366
(9, 3, 2)
3
(13, 32)
-> Request 13
374
(7, 2, 1)
2
(22, 62)
-> Request 14
452
(10, 2, 2)
1
(33, 53)
-> Request 15
456
(6, 1, 2)
2
(71, 41)
-> Request 16
490
(8, 3, 2)
1
(19, 49)
-> Request 17
589
(8, 1, 2)
3
(47, 49)
-> Request 18
618
(6, 1, 1)
3
(34, 76)
-> Request 19
665
(5, 3, 1)
2
(10, 79)
-> Request 20
710
(4, 3, 2)
2
(74, 77)
-> Request 21
712
(8, 3, 2)
2
(19, 49)
-> Request 22
737
(1, 3, 1)
3
(53, 57)
-> Request 23
796
(2, 3, 1)
3
(78, 73)
-> Request 24
830
(10, 1, 1)
3
(18, 70)
-> Request 25
899
(8, 3, 2)
1
(34, 53)
-> Request 26
926
(2, 2, 1)
3
(74, 17)
-> Request 27
935
(7, 1, 2)
2
(26, 53)
-> Request 28
975
(3, 3, 2)
3
(14, 4)
-> Request 29
996
(8, 1, 2)
3
(53, 57)
-> Request 30
996
(8, 2, 1)
1
(70, 16)
-> Request 31
1004
(1, 1, 1)
1
(53, 58)
-> Request 32
1024
(2, 2, 2)
3
(4, 62)
-> Request 33
1048
(5, 2, 2)
1
(17, 56)
-> Request 34
1077
(4, 3, 1)
2
(27, 65)
-> Request 35
1093
(10, 3, 2)
1
(33, 15)
-> Request 36
1107
(1, 2, 2)
3
(0, 40)
-> Request 37
1119
(3, 1, 1)
1
(44, 71)
-> Request 38
1144
(3, 1, 1)
2
(9, 30)
-> Request 39
1182
(3, 1, 1)
2
(51, 49)
-> Request 40
1193
(10, 2, 1)
1
(69, 71)
-> Request 41
1234
(2, 3, 1)
3
(20, 5)
-> Request 42
1235
(9, 2, 2)
3
(59, 13)
-> Request 43
1246
(6, 1, 2)
2
(71, 70)
-> Request 44
1265
(4, 2, 1)
3
(70, 73)
-> Request 45
1275
(1, 3, 2)
3
(64, 35)
-> Request 46
1277
(4, 3, 1)
2
(6, 63)
-> Request 47
1279
(2, 1, 2)
3
(33, 30)
-> Request 48
1331
(10, 2, 1)
2
(12, 25)
-> Request 49
1351
(9, 3, 2)
3
(72, 26)
-> Request 50
1354
(4, 2, 1)
2
(22, 22)
-> Request 51
1369
(7, 1, 1)
1
(37, 64)
-> Request 52
1398
(4, 1, 1)
2
(72, 55)
-> Request 53
1399
(8, 1, 1)
3
(9, 36)
-> Request 54
1424
(6, 2, 1)
2
(19, 36)
-> Request 55
1431
(9, 2, 1)
2
(58, 79)
--> Day : 1
-> Request 0
4
(10, 3, 1)
3
(20, 7)
-> Request 1
36
(9, 3, 2)
2
(9, 48)
-> Request 2
38
(3, 3, 1)
3
(44, 51)
-> Request 3
38
(1, 1, 2)
2
(71, 58)
-> Request 4
40
(8, 2, 2)
3
(33, 22)
-> Request 5
72
(4, 3, 2)
3
(7, 25)
-> Request 6
90
(5, 3, 1)
3
(74, 75)
-> Request 7
91
(1, 3, 2)
3
(63, 16)
-> Request 8
100
(4, 1, 2)
2
(35, 61)
-> Request 9
100
(10, 3, 2)
2
(48, 27)
-> Request 10
111
(1, 1, 2)
1
(8, 54)
-> Request 11
115
(9, 2, 1)
3
(43, 77)
-> Request 12
138
(8, 3, 1)
1
(49, 51)
-> Request 13
149
(9, 2, 2)
3
(71, 75)
-> Request 14
199
(9, 2, 2)
2
(16, 71)
-> Request 15
203
(2, 2, 2)
1
(74, 78)
-> Request 16
223
(7, 1, 2)
2
(69, 51)
-> Request 17
261
(5, 1, 2)
3
(2, 18)
-> Request 18
261
(9, 1, 2)
2
(51, 27)
-> Request 19
262
(3, 1, 1)
2
(66, 24)
-> Request 20
350
(4, 2, 2)
2
(76, 30)
-> Request 21
354
(7, 1, 2)
1
(32, 3)
-> Request 22
414
(6, 2, 2)
1
(64, 16)
-> Request 23
422
(6, 3, 2)
1
(48, 11)
-> Request 24
445
(9, 3, 1)
1
(52, 30)
-> Request 25
492
(9, 1, 1)
1
(39, 57)
-> Request 26
493
(1, 3, 2)
3
(33, 19)
-> Request 27
563
(2, 2, 1)
2
(57, 18)
-> Request 28
565
(3, 3, 2)
3
(7, 35)
-> Request 29
590
(9, 3, 2)
3
(47, 31)
-> Request 30
600
(7, 3, 2)
1
(53, 10)
-> Request 31
602
(8, 3, 2)
3
(8, 39)
-> Request 32
622
(7, 2, 1)
1
(37, 36)
-> Request 33
622
(7, 2, 2)
3
(27, 66)
-> Request 34
624
(9, 1, 2)
2
(20, 36)
-> Request 35
650
(10, 1, 1)
1
(54, 43)
-> Request 36
670
(5, 3, 1)
2
(46, 32)
-> Request 37
671
(4, 3, 2)
2
(65, 78)
-> Request 38
705
(3, 2, 1)
1
(44, 57)
-> Request 39
729
(3, 3, 1)
2
(67, 36)
-> Request 40
733
(2, 3, 1)
3
(32, 42)
-> Request 41
816
(7, 3, 2)
2
(6, 41)
-> Request 42
881
(5, 3, 2)
1
(38, 44)
-> Request 43
881
(6, 1, 2)
2
(46, 69)
-> Request 44
899
(1, 3, 2)
3
(14, 5)
-> Request 45
938
(4, 2, 1)
1
(28, 53)
-> Request 46
945
(4, 1, 1)
3
(66, 21)
-> Request 47
967
(4, 3, 1)
2
(75, 72)
-> Request 48
990
(8, 1, 1)
2
(39, 38)
-> Request 49
1022
(10, 3, 2)
2
(7, 48)
-> Request 50
1027
(2, 2, 2)
1
(0, 73)
-> Request 51
1054
(4, 1, 1)
3
(78, 73)
-> Request 52
1063
(7, 2, 1)
2
(38, 79)
-> Request 53
1066
(6, 1, 1)
3
(20, 38)
-> Request 54
1070
(6, 2, 2)
1
(28, 20)
-> Request 55
1099
(6, 1, 2)
2
(52, 59)
-> Request 56
1132
(4, 3, 1)
1
(73, 38)
-> Request 57
1134
(7, 1, 1)
2
(35, 16)
-> Request 58
1139
(1, 2, 1)
3
(15, 76)
-> Request 59
1198
(10, 2, 1)
2
(21, 74)
-> Request 60
1200
(8, 2, 2)
1
(37, 3)
-> Request 61
1240
(10, 1, 2)
1
(51, 27)
-> Request 62
1243
(1, 2, 1)
2
(60, 7)
-> Request 63
1269
(1, 3, 2)
2
(69, 10)
-> Request 64
1287
(8, 3, 2)
1
(63, 13)
-> Request 65
1296
(4, 2, 1)
3
(37, 11)
-> Request 66
1299
(2, 3, 1)
3
(73, 8)
-> Request 67
1310
(9, 2, 1)
2
(76, 54)
-> Request 68
1327
(8, 3, 2)
2
(47, 20)
-> Request 69
1350
(4, 1, 2)
2
(52, 41)
-> Request 70
1360
(5, 3, 1)
1
(66, 4)
-> Request 71
1382
(6, 3, 2)
3
(24, 69)
-> Request 72
1392
(1, 2, 2)
3
(25, 21)
-> Request 73
1397
(2, 3, 1)
3
(52, 65)
-> Request 74
1415
(5, 2, 1)
1
(18, 41)
--> Day : 2
-> Request 0
8
(4, 3, 2)
2
(22, 50)
-> Request 1
22
(10, 2, 2)
3
(7, 35)
-> Request 2
31
(8, 3, 1)
3
(49, 72)
-> Request 3
53
(5, 2, 2)
3
(11, 43)
-> Request 4
78
(4, 1, 2)
1
(27, 73)
-> Request 5
90
(1, 2, 1)
3
(74, 21)
-> Request 6
106
(1, 3, 1)
2
(13, 3)
-> Request 7
115
(1, 2, 1)
1
(17, 42)
-> Request 8
138
(8, 3, 1)
3
(78, 34)
-> Request 9
143
(2, 1, 1)
3
(9, 9)
-> Request 10
150
(1, 2, 2)
2
(10, 60)
-> Request 11
175
(1, 1, 2)
2
(9, 75)
-> Request 12
181
(8, 1, 2)
3
(54, 37)
-> Request 13
181
(8, 2, 2)
3
(59, 26)
-> Request 14
224
(8, 1, 2)
1
(34, 77)
-> Request 15
237
(9, 2, 1)
2
(15, 35)
-> Request 16
238
(3, 3, 1)
1
(27, 1)
-> Request 17
241
(1, 1, 1)
1
(70, 57)
-> Request 18
244
(10, 2, 2)
2
(71, 16)
-> Request 19
251
(4, 1, 1)
2
(17, 26)
-> Request 20
375
(8, 3, 2)
1
(41, 10)
-> Request 21
402
(1, 2, 2)
2
(9, 17)
-> Request 22
411
(5, 2, 2)
3
(19, 7)
-> Request 23
433
(4, 3, 2)
2
(16, 58)
-> Request 24
440
(9, 1, 1)
2
(47, 4)
-> Request 25
447
(6, 2, 2)
1
(66, 15)
-> Request 26
475
(4, 3, 2)
2
(16, 25)
-> Request 27
486
(1, 2, 2)
1
(51, 27)
-> Request 28
494
(8, 2, 1)
1
(17, 28)
-> Request 29
502
(7, 2, 1)
3
(75, 17)
-> Request 30
520
(6, 1, 2)
3
(9, 68)
-> Request 31
527
(5, 2, 2)
3
(40, 14)
-> Request 32
558
(6, 3, 1)
1
(3, 14)
-> Request 33
578
(10, 1, 1)
1
(18, 15)
-> Request 34
604
(3, 3, 1)
2
(46, 0)
-> Request 35
613
(6, 3, 1)
2
(67, 29)
-> Request 36
624
(1, 2, 1)
3
(64, 49)
-> Request 37
631
(3, 2, 1)
1
(5, 60)
-> Request 38
649
(6, 1, 2)
1
(64, 4)
-> Request 39
654
(10, 3, 2)
3
(10, 35)
-> Request 40
709
(5, 2, 2)
1
(33, 10)
-> Request 41
710
(3, 2, 1)
3
(41, 26)
-> Request 42
776
(10, 2, 2)
1
(45, 29)
-> Request 43
786
(8, 1, 1)
3
(51, 48)
-> Request 44
795
(1, 3, 2)
1
(32, 43)
-> Request 45
823
(5, 3, 2)
3
(31, 30)
-> Request 46
950
(3, 2, 1)
3
(25, 41)
-> Request 47
1019
(9, 3, 1)
3
(12, 52)
-> Request 48
1066
(5, 3, 2)
3
(25, 2)
-> Request 49
1093
(7, 1, 1)
3
(52, 21)
-> Request 50
1105
(2, 1, 1)
2
(60, 16)
-> Request 51
1134
(10, 2, 1)
2
(5, 42)
-> Request 52
1159
(7, 1, 1)
3
(51, 3)
-> Request 53
1180
(6, 2, 2)
3
(54, 2)
-> Request 54
1191
(1, 2, 1)
2
(79, 11)
-> Request 55
1212
(8, 3, 2)
2
(49, 76)
-> Request 56
1218
(2, 3, 1)
1
(33, 36)
-> Request 57
1229
(4, 3, 2)
3
(53, 1)
-> Request 58
1231
(8, 3, 2)
2
(75, 66)
-> Request 59
1236
(6, 1, 2)
1
(12, 20)
-> Request 60
1260
(4, 2, 1)
2
(5, 56)
-> Request 61
1262
(4, 3, 1)
2
(26, 36)
-> Request 62
1271
(6, 3, 2)
2
(32, 24)
-> Request 63
1289
(3, 2, 1)
3
(40, 51)
-> Request 64
1358
(3, 3, 2)
3
(65, 40)
-> Request 65
1375
(1, 2, 1)
2
(54, 71)
-> Request 66
1384
(5, 3, 1)
3
(79, 36)
-> Request 67
1414
(3, 3, 1)
1
(19, 24)
--> Day : 3
-> Request 0
39
(6, 2, 1)
3
(30, 17)
-> Request 1
61
(2, 2, 2)
3
(14, 67)
-> Request 2
96
(6, 1, 1)
1
(60, 4)
-> Request 3
107
(10, 2, 2)
2
(77, 65)
-> Request 4
119
(4, 1, 2)
2
(53, 46)
-> Request 5
161
(7, 3, 1)
2
(23, 45)
-> Request 6
167
(2, 1, 2)
2
(51, 0)
-> Request 7
171
(4, 3, 1)
2
(35, 64)
-> Request 8
194
(7, 2, 2)
1
(53, 49)
-> Request 9
235
(7, 2, 2)
1
(54, 54)
-> Request 10
238
(6, 2, 2)
3
(52, 11)
-> Request 11
256
(4, 1, 1)
2
(10, 24)
-> Request 12
256
(2, 3, 1)
1
(43, 56)
-> Request 13
261
(7, 3, 2)
3
(74, 18)
-> Request 14
307
(5, 1, 1)
1
(72, 21)
-> Request 15
356
(1, 2, 2)
1
(14, 18)
-> Request 16
377
(10, 3, 2)
3
(62, 21)
-> Request 17
378
(8, 2, 2)
1
(2, 27)
-> Request 18
380
(3, 2, 2)
2
(72, 10)
-> Request 19
409
(10, 2, 1)
2
(79, 57)
-> Request 20
427
(9, 1, 1)
1
(40, 45)
-> Request 21
447
(9, 1, 2)
3
(60, 67)
-> Request 22
457
(6, 1, 2)
3
(6, 72)
-> Request 23
462
(10, 3, 1)
1
(14, 35)
-> Request 24
493
(8, 3, 1)
2
(4, 32)
-> Request 25
538
(3, 1, 2)
2
(30, 76)
-> Request 26
542
(9, 2, 2)
1
(6, 29)
-> Request 27
550
(8, 1, 1)
3
(25, 47)
-> Request 28
560
(7, 2, 1)
1
(5, 28)
-> Request 29
577
(4, 3, 2)
3
(66, 66)
-> Request 30
616
(3, 1, 2)
1
(74, 45)
-> Request 31
648
(6, 1, 2)
2
(2, 78)
-> Request 32
648
(9, 1, 2)
3
(7, 3)
-> Request 33
652
(5, 1, 2)
2
(2, 26)
-> Request 34
686
(4, 1, 1)
1
(17, 29)
-> Request 35
716
(3, 1, 1)
2
(31, 11)
-> Request 36
735
(6, 1, 2)
2
(67, 19)
-> Request 37
740
(8, 1, 1)
1
(51, 25)
-> Request 38
760
(5, 2, 1)
1
(53, 47)
-> Request 39
766
(3, 2, 2)
1
(40, 17)
-> Request 40
820
(6, 1, 2)
1
(9, 27)
-> Request 41
878
(8, 3, 2)
1
(5, 70)
-> Request 42
887
(10, 3, 2)
2
(57, 36)
-> Request 43
922
(4, 1, 2)
1
(26, 51)
-> Request 44
934
(7, 1, 1)
1
(46, 50)
-> Request 45
945
(6, 3, 2)
1
(23, 31)
-> Request 46
947
(3, 2, 1)
3
(3, 44)
-> Request 47
997
(5, 1, 2)
1
(15, 54)
-> Request 48
1044
(3, 2, 1)
3
(46, 26)
-> Request 49
1066
(3, 3, 1)
1
(21, 33)
-> Request 50
1143
(4, 3, 1)
1
(7, 6)
-> Request 51
1172
(6, 2, 1)
1
(18, 9)
-> Request 52
1175
(5, 3, 1)
3
(43, 12)
-> Request 53
1189
(9, 3, 2)
1
(24, 39)
-> Request 54
1224
(9, 1, 2)
1
(16, 15)
-> Request 55
1310
(8, 3, 2)
1
(76, 37)
-> Request 56
1339
(7, 2, 1)
2
(49, 11)
-> Request 57
1358
(10, 1, 2)
1
(24, 65)
-> Request 58
1367
(5, 1, 2)
3
(38, 61)
-> Request 59
1367
(1, 3, 1)
3
(4, 15)
-> Request 60
1394
(10, 3, 1)
3
(15, 60)
-> Request 61
1415
(4, 3, 2)
2
(23, 0)
--> Day : 4
-> Request 0
12
(6, 1, 2)
3
(24, 75)
-> Request 1
31
(2, 2, 2)
1
(64, 68)
-> Request 2
82
(5, 2, 2)
3
(42, 29)
-> Request 3
92
(7, 2, 1)
1
(12, 53)
-> Request 4
94
(7, 1, 2)
1
(23, 15)
-> Request 5
94
(5, 1, 2)
2
(59, 8)
-> Request 6
104
(10, 2, 1)
2
(0, 70)
-> Request 7
127
(9, 1, 2)
3
(54, 79)
-> Request 8
155
(2, 1, 1)
2
(63, 35)
-> Request 9
169
(1, 3, 1)
3
(58, 52)
-> Request 10
170
(6, 1, 1)
3
(14, 51)
-> Request 11
187
(5, 2, 1)
1
(63, 74)
-> Request 12
193
(7, 1, 2)
2
(53, 38)
-> Request 13
204
(7, 1, 2)
1
(68, 63)
-> Request 14
218
(4, 1, 1)
3
(35, 12)
-> Request 15
226
(6, 3, 1)
3
(1, 25)
-> Request 16
228
(4, 2, 1)
3
(64, 38)
-> Request 17
279
(2, 3, 1)
1
(51, 76)
-> Request 18
279
(6, 3, 1)
3
(23, 39)
-> Request 19
305
(6, 3, 1)
1
(5, 10)
-> Request 20
325
(5, 3, 2)
1
(79, 66)
-> Request 21
348
(10, 2, 2)
2
(68, 33)
-> Request 22
380
(2, 3, 2)
1
(62, 4)
-> Request 23
415
(2, 3, 2)
3
(60, 46)
-> Request 24
479
(5, 3, 2)
2
(62, 52)
-> Request 25
512
(9, 2, 2)
2
(8, 17)
-> Request 26
529
(9, 3, 2)
2
(6, 7)
-> Request 27
531
(3, 3, 1)
2
(15, 4)
-> Request 28
576
(4, 2, 1)
1
(74, 14)
-> Request 29
578
(10, 2, 2)
2
(17, 32)
-> Request 30
606
(10, 1, 2)
2
(36, 10)
-> Request 31
633
(8, 1, 1)
1
(40, 32)
-> Request 32
641
(5, 3, 2)
2
(7, 24)
-> Request 33
641
(9, 2, 2)
2
(37, 4)
-> Request 34
663
(7, 2, 1)
2
(4, 14)
-> Request 35
684
(4, 2, 2)
1
(56, 16)
-> Request 36
709
(4, 3, 1)
2
(18, 16)
-> Request 37
778
(10, 1, 1)
2
(32, 11)
-> Request 38
781
(9, 2, 1)
1
(5, 35)
-> Request 39
781
(7, 1, 2)
1
(64, 17)
-> Request 40
791
(9, 1, 2)
1
(46, 0)
-> Request 41
841
(4, 2, 2)
3
(41, 12)
-> Request 42
848
(1, 1, 1)
2
(67, 46)
-> Request 43
859
(9, 2, 2)
2
(69, 42)
-> Request 44
906
(3, 3, 1)
2
(21, 30)
-> Request 45
920
(9, 3, 1)
2
(59, 11)
-> Request 46
933
(1, 1, 1)
1
(43, 70)
-> Request 47
1033
(8, 1, 2)
3
(12, 69)
-> Request 48
1064
(10, 2, 2)
2
(20, 54)
-> Request 49
1068
(2, 2, 1)
2
(5, 62)
-> Request 50
1091
(1, 3, 1)
3
(74, 70)
-> Request 51
1117
(4, 3, 1)
3
(19, 44)
-> Request 52
1160
(1, 1, 1)
3
(22, 22)
-> Request 53
1172
(10, 1, 2)
3
(37, 29)
-> Request 54
1183
(5, 2, 2)
1
(49, 56)
-> Request 55
1202
(2, 2, 2)
3
(69, 44)
-> Request 56
1205
(4, 2, 2)
1
(7, 43)
-> Request 57
1233
(9, 3, 1)
1
(27, 32)
-> Request 58
1236
(5, 3, 2)
3
(43, 48)
-> Request 59
1258
(3, 2, 1)
3
(20, 67)
-> Request 60
1272
(8, 3, 1)
3
(69, 19)
-> Request 61
1301
(2, 1, 1)
2
(75, 64)
-> Request 62
1311
(5, 1, 1)
2
(67, 33)
-> Request 63
1352
(7, 3, 1)
1
(2, 44)
-> Request 64
1420
(8, 2, 2)
3
(54, 40)
-> Request 65
1422
(6, 2, 2)
2
(41, 15)
-> Request 66
1431
(5, 3, 2)
2
(50, 74)
---> Week : 8
--> Day : 0
-> Request 0
1
(6, 2, 2)
2
(74, 22)
-> Request 1
16
(8, 2, 2)
2
(74, 33)
-> Request 2
24
(5, 1, 1)
2
(41, 55)
-> Request 3
69
(4, 3, 1)
2
(73, 50)
-> Request 4
107
(6, 2, 1)
3
(26, 52)
-> Request 5
133
(4, 3, 1)
1
(13, 68)
-> Request 6
192
(2, 2, 1)
1
(6, 27)
-> Request 7
192
(6, 1, 2)
3
(40, 76)
-> Request 8
233
(1, 3, 2)
2
(73, 16)
-> Request 9
284
(8, 1, 1)
2
(29, 77)
-> Request 10
285
(3, 1, 2)
2
(44, 25)
-> Request 11
383
(4, 2, 1)
2
(59, 47)
-> Request 12
387
(4, 2, 1)
3
(58, 38)
-> Request 13
421
(10, 2, 2)
3
(25, 5)
-> Request 14
447
(4, 1, 1)
2
(43, 69)
-> Request 15
485
(1, 3, 1)
2
(51, 33)
-> Request 16
501
(5, 1, 1)
1
(4, 24)
-> Request 17
502
(2, 2, 1)
3
(26, 9)
-> Request 18
537
(1, 2, 1)
3
(36, 63)
-> Request 19
568
(10, 1, 1)
2
(79, 12)
-> Request 20
603
(5, 2, 1)
1
(65, 48)
-> Request 21
667
(3, 3, 1)
2
(35, 25)
-> Request 22
685
(6, 3, 1)
2
(53, 2)
-> Request 23
707
(10, 2, 2)
1
(73, 67)
-> Request 24
764
(4, 2, 2)
2
(19, 2)
-> Request 25
771
(10, 1, 2)
2
(4, 29)
-> Request 26
773
(2, 1, 2)
2
(54, 10)
-> Request 27
775
(6, 3, 2)
1
(36, 6)
-> Request 28
784
(8, 1, 2)
2
(29, 17)
-> Request 29
812
(3, 2, 1)
2
(72, 64)
-> Request 30
827
(2, 1, 1)
2
(13, 37)
-> Request 31
858
(2, 1, 2)
3
(49, 36)
-> Request 32
879
(5, 3, 2)
2
(44, 21)
-> Request 33
895
(9, 3, 2)
3
(24, 23)
-> Request 34
904
(7, 2, 1)
2
(30, 75)
-> Request 35
930
(8, 2, 1)
1
(3, 10)
-> Request 36
959
(4, 2, 1)
2
(73, 2)
-> Request 37
972
(8, 2, 2)
1
(74, 27)
-> Request 38
981
(9, 3, 1)
3
(42, 74)
-> Request 39
984
(1, 2, 2)
3
(2, 15)
-> Request 40
1015
(2, 1, 2)
2
(2, 47)
-> Request 41
1036
(8, 3, 2)
1
(8, 30)
-> Request 42
1039
(7, 3, 1)
1
(32, 38)
-> Request 43
1053
(9, 3, 1)
3
(23, 4)
-> Request 44
1062
(8, 1, 2)
3
(6, 34)
-> Request 45
1100
(10, 2, 2)
2
(59, 56)
-> Request 46
1121
(8, 3, 1)
2
(6, 42)
-> Request 47
1126
(2, 3, 1)
3
(8, 50)
-> Request 48
1142
(6, 2, 1)
2
(53, 28)
-> Request 49
1142
(3, 3, 2)
1
(68, 49)
-> Request 50
1163
(1, 1, 2)
1
(58, 38)
-> Request 51
1173
(8, 1, 1)
2
(70, 69)
-> Request 52
1188
(7, 3, 2)
1
(37, 60)
-> Request 53
1199
(1, 2, 1)
2
(7, 7)
-> Request 54
1204
(2, 1, 1)
3
(17, 40)
-> Request 55
1293
(1, 3, 2)
3
(73, 0)
-> Request 56
1362
(4, 1, 2)
3
(5, 68)
-> Request 57
1388
(4, 1, 2)
2
(16, 29)
-> Request 58
1412
(4, 2, 1)
3
(5, 45)
-> Request 59
1413
(6, 2, 1)
2
(3, 67)
-> Request 60
1413
(3, 1, 2)
2
(29, 61)
--> Day : 1
-> Request 0
10
(6, 1, 2)
1
(29, 38)
-> Request 1
10
(2, 1, 2)
3
(50, 26)
-> Request 2
52
(1, 1, 2)
2
(37, 76)
-> Request 3
119
(6, 1, 2)
1
(43, 78)
-> Request 4
124
(4, 3, 1)
3
(36, 24)
-> Request 5
140
(9, 2, 1)
3
(59, 64)
-> Request 6
145
(7, 3, 2)
3
(64, 41)
-> Request 7
184
(7, 3, 2)
1
(76, 66)
-> Request 8
211
(6, 2, 1)
1
(43, 34)
-> Request 9
243
(7, 2, 2)
1
(60, 53)
-> Request 10
280
(4, 1, 1)
2
(60, 68)
-> Request 11
285
(5, 3, 2)
3
(25, 79)
-> Request 12
320
(5, 1, 2)
2
(67, 62)
-> Request 13
368
(7, 3, 1)
1
(54, 49)
-> Request 14
382
(3, 2, 2)
1
(65, 62)
-> Request 15
385
(9, 2, 1)
1
(22, 32)
-> Request 16
393
(9, 1, 1)
3
(72, 19)
-> Request 17
400
(6, 1, 2)
3
(12, 61)
-> Request 18
420
(2, 1, 1)
2
(7, 42)
-> Request 19
467
(6, 2, 1)
1
(73, 78)
-> Request 20
495
(6, 2, 1)
2
(17, 22)
-> Request 21
537
(9, 3, 2)
1
(79, 47)
-> Request 22
629
(3, 1, 2)
3
(3, 24)
-> Request 23
660
(5, 2, 1)
3
(41, 55)
-> Request 24
661
(7, 1, 2)
2
(75, 56)
-> Request 25
678
(5, 2, 1)
1
(40, 8)
-> Request 26
718
(6, 1, 1)
3
(31, 38)
-> Request 27
723
(3, 1, 1)
2
(72, 12)
-> Request 28
737
(2, 1, 1)
1
(42, 17)
-> Request 29
764
(8, 1, 1)
1
(62, 53)
-> Request 30
787
(5, 3, 2)
1
(64, 66)
-> Request 31
823
(10, 3, 1)
2
(37, 74)
-> Request 32
833
(3, 1, 1)
3
(37, 53)
-> Request 33
841
(6, 3, 1)
1
(60, 70)
-> Request 34
856
(3, 2, 2)
1
(24, 60)
-> Request 35
931
(6, 3, 1)
2
(79, 12)
-> Request 36
937
(10, 3, 1)
2
(68, 37)
-> Request 37
944
(3, 2, 2)
2
(51, 43)
-> Request 38
949
(7, 3, 1)
2
(52, 68)
-> Request 39
982
(5, 1, 2)
2
(44, 73)
-> Request 40
1022
(6, 3, 2)
3
(20, 66)
-> Request 41
1048
(5, 3, 2)
1
(29, 73)
-> Request 42
1065
(7, 3, 1)
1
(2, 30)
-> Request 43
1099
(1, 3, 1)
1
(26, 64)
-> Request 44
1113
(10, 3, 2)
3
(32, 40)
-> Request 45
1136
(6, 2, 2)
2
(71, 63)
-> Request 46
1139
(5, 3, 1)
3
(7, 44)
-> Request 47
1140
(1, 1, 1)
3
(2, 75)
-> Request 48
1174
(4, 1, 2)
3
(27, 59)
-> Request 49
1177
(10, 3, 2)
3
(52, 9)
-> Request 50
1207
(4, 2, 1)
1
(66, 48)
-> Request 51
1218
(10, 3, 2)
1
(39, 56)
-> Request 52
1225
(7, 2, 2)
1
(53, 32)
-> Request 53
1278
(2, 1, 1)
1
(12, 18)
-> Request 54
1322
(6, 3, 2)
2
(0, 78)
-> Request 55
1358
(3, 2, 1)
1
(41, 49)
-> Request 56
1358
(5, 2, 2)
2
(28, 20)
-> Request 57
1375
(10, 2, 1)
1
(39, 46)
-> Request 58
1429
(4, 3, 1)
3
(57, 59)
--> Day : 2
-> Request 0
29
(8, 2, 2)
1
(10, 19)
-> Request 1
42
(3, 1, 1)
2
(28, 78)
-> Request 2
57
(10, 3, 1)
1
(54, 49)
-> Request 3
137
(4, 2, 2)
3
(5, 9)
-> Request 4
143
(8, 2, 1)
3
(51, 49)
-> Request 5
169
(1, 3, 2)
3
(31, 39)
-> Request 6
262
(9, 1, 1)
1
(65, 74)
-> Request 7
272
(3, 1, 2)
1
(76, 66)
-> Request 8
281
(7, 2, 2)
1
(4, 62)
-> Request 9
292
(1, 1, 2)
1
(48, 66)
-> Request 10
306
(4, 1, 1)
2
(25, 29)
-> Request 11
320
(2, 3, 1)
3
(6, 49)
-> Request 12
354
(1, 3, 2)
2
(53, 20)
-> Request 13
399
(8, 2, 1)
3
(35, 7)
-> Request 14
413
(3, 3, 1)
2
(76, 35)
-> Request 15
433
(4, 2, 2)
2
(62, 69)
-> Request 16
437
(4, 1, 2)
2
(12, 56)
-> Request 17
445
(9, 3, 1)
2
(36, 41)
-> Request 18
486
(8, 2, 1)
3
(53, 69)
-> Request 19
495
(6, 1, 2)
2
(52, 53)
-> Request 20
518
(8, 3, 2)
3
(73, 74)
-> Request 21
533
(5, 2, 2)
3
(66, 60)
-> Request 22
538
(1, 1, 2)
2
(23, 79)
-> Request 23
561
(10, 1, 1)
1
(63, 72)
-> Request 24
581
(6, 3, 1)
2
(25, 0)
-> Request 25
618
(3, 2, 2)
2
(44, 49)
-> Request 26
643
(5, 3, 1)
3
(61, 48)
-> Request 27
674
(1, 1, 2)
1
(66, 38)
-> Request 28
727
(1, 1, 2)
3
(12, 41)
-> Request 29
777
(5, 3, 1)
3
(33, 60)
-> Request 30
864
(6, 1, 2)
3
(60, 25)
-> Request 31
870
(10, 2, 2)
1
(37, 75)
-> Request 32
888
(4, 3, 1)
1
(4, 67)
-> Request 33
897
(10, 1, 2)
2
(61, 79)
-> Request 34
904
(5, 3, 1)
2
(50, 66)
-> Request 35
927
(9, 3, 1)
2
(59, 18)
-> Request 36
950
(5, 1, 1)
1
(15, 7)
-> Request 37
953
(6, 3, 2)
1
(70, 44)
-> Request 38
981
(4, 1, 1)
1
(33, 58)
-> Request 39
1001
(1, 2, 2)
3
(13, 52)
-> Request 40
1023
(2, 1, 2)
1
(19, 76)
-> Request 41
1076
(8, 3, 1)
1
(55, 63)
-> Request 42
1085
(1, 2, 2)
3
(73, 61)
-> Request 43
1089
(8, 2, 2)
3
(1, 31)
-> Request 44
1133
(4, 3, 1)
1
(38, 51)
-> Request 45
1164
(1, 2, 1)
3
(54, 19)
-> Request 46
1188
(7, 3, 1)
2
(33, 30)
-> Request 47
1195
(6, 3, 2)
3
(14, 29)
-> Request 48
1213
(1, 1, 1)
1
(52, 5)
-> Request 49
1256
(8, 2, 2)
2
(72, 34)
-> Request 50
1274
(6, 2, 2)
1
(61, 34)
-> Request 51
1308
(10, 1, 1)
2
(48, 27)
-> Request 52
1357
(6, 1, 2)
2
(76, 6)
-> Request 53
1391
(3, 2, 1)
1
(31, 58)
-> Request 54
1421
(7, 2, 1)
3
(59, 30)
--> Day : 3
-> Request 0
90
(2, 1, 1)
2
(9, 58)
-> Request 1
121
(6, 2, 2)
1
(41, 63)
-> Request 2
167
(9, 2, 1)
1
(5, 56)
-> Request 3
271
(10, 2, 1)
2
(3, 67)
-> Request 4
291
(7, 3, 2)
1
(59, 77)
-> Request 5
311
(1, 3, 1)
1
(24, 40)
-> Request 6
344
(5, 3, 1)
2
(62, 31)
-> Request 7
353
(4, 2, 1)
3
(56, 57)
-> Request 8
428
(6, 3, 1)
2
(6, 78)
-> Request 9
505
(9, 3, 1)
1
(2, 69)
-> Request 10
548
(6, 2, 2)
2
(74, 7)
-> Request 11
556
(8, 3, 1)
1
(32, 17)
-> Request 12
630
(2, 2, 2)
3
(46, 60)
-> Request 13
641
(7, 1, 1)
3
(46, 7)
-> Request 14
651
(6, 3, 1)
2
(66, 39)
-> Request 15
658
(6, 3, 1)
3
(6, 26)
-> Request 16
661
(7, 3, 1)
1
(58, 39)
-> Request 17
700
(9, 3, 2)
1
(76, 9)
-> Request 18
733
(1, 1, 2)
1
(13, 6)
-> Request 19
825
(7, 2, 1)
1
(68, 57)
-> Request 20
845
(5, 1, 1)
2
(54, 73)
-> Request 21
856
(3, 1, 2)
3
(22, 76)
-> Request 22
871
(4, 3, 1)
1
(60, 7)
-> Request 23
879
(3, 3, 2)
3
(29, 32)
-> Request 24
881
(9, 2, 2)
2
(15, 36)
-> Request 25
884
(7, 2, 2)
2
(46, 75)
-> Request 26
886
(3, 2, 2)
3
(31, 69)
-> Request 27
888
(7, 1, 1)
3
(53, 69)
-> Request 28
893
(9, 2, 1)
1
(41, 11)
-> Request 29
917
(7, 1, 2)
3
(24, 45)
-> Request 30
919
(5, 1, 2)
3
(55, 77)
-> Request 31
924
(7, 3, 2)
2
(20, 10)
-> Request 32
929
(4, 1, 2)
3
(65, 22)
-> Request 33
932
(10, 3, 2)
2
(10, 53)
-> Request 34
1037
(6, 1, 2)
2
(19, 65)
-> Request 35
1090
(3, 2, 2)
2
(63, 52)
-> Request 36
1100
(4, 1, 2)
1
(75, 72)
-> Request 37
1137
(10, 2, 1)
2
(9, 70)
-> Request 38
1137
(1, 2, 2)
3
(37, 56)
-> Request 39
1141
(8, 1, 1)
3
(32, 76)
-> Request 40
1143
(6, 2, 1)
1
(13, 32)
-> Request 41
1157
(6, 1, 1)
2
(11, 12)
-> Request 42
1207
(4, 2, 2)
3
(36, 37)
-> Request 43
1236
(6, 1, 2)
3
(30, 57)
-> Request 44
1249
(4, 1, 2)
2
(11, 29)
-> Request 45
1269
(4, 3, 2)
3
(9, 70)
-> Request 46
1284
(2, 1, 1)
2
(48, 32)
-> Request 47
1294
(6, 2, 1)
2
(20, 39)
-> Request 48
1324
(2, 1, 1)
2
(37, 5)
-> Request 49
1376
(7, 2, 1)
1
(63, 71)
-> Request 50
1377
(2, 2, 1)
3
(31, 70)
-> Request 51
1380
(1, 3, 2)
2
(63, 8)
-> Request 52
1382
(2, 1, 1)
2
(43, 12)
-> Request 53
1421
(5, 2, 2)
2
(43, 28)
-> Request 54
1428
(6, 2, 2)
2
(36, 9)
--> Day : 4
-> Request 0
11
(7, 2, 2)
2
(7, 64)
-> Request 1
32
(5, 3, 2)
1
(6, 17)
-> Request 2
38
(2, 2, 2)
1
(44, 24)
-> Request 3
83
(2, 2, 1)
1
(75, 62)
-> Request 4
165
(3, 1, 1)
1
(40, 33)
-> Request 5
180
(7, 2, 2)
1
(31, 65)
-> Request 6
274
(3, 1, 1)
1
(11, 0)
-> Request 7
277
(4, 3, 1)
3
(71, 77)
-> Request 8
327
(9, 1, 2)
3
(48, 16)
-> Request 9
328
(4, 3, 1)
2
(55, 37)
-> Request 10
338
(6, 2, 2)
3
(43, 6)
-> Request 11
352
(10, 2, 2)
3
(51, 46)
-> Request 12
376
(8, 2, 1)
2
(34, 28)
-> Request 13
448
(7, 3, 2)
1
(8, 17)
-> Request 14
469
(10, 2, 2)
1
(34, 0)
-> Request 15
480
(2, 3, 1)
1
(55, 53)
-> Request 16
515
(2, 1, 2)
2
(59, 16)
-> Request 17
516
(3, 2, 1)
1
(33, 2)
-> Request 18
525
(5, 1, 1)
3
(20, 58)
-> Request 19
526
(8, 2, 1)
3
(1, 39)
-> Request 20
529
(9, 2, 1)
2
(46, 50)
-> Request 21
530
(10, 3, 2)
1
(32, 61)
-> Request 22
590
(3, 3, 1)
1
(76, 17)
-> Request 23
592
(2, 1, 2)
2
(36, 72)
-> Request 24
594
(10, 2, 1)
3
(27, 70)
-> Request 25
605
(1, 2, 2)
3
(53, 32)
-> Request 26
616
(8, 2, 1)
2
(3, 48)
-> Request 27
624
(9, 1, 2)
1
(73, 15)
-> Request 28
624
(9, 2, 1)
1
(79, 33)
-> Request 29
640
(3, 2, 2)
1
(17, 78)
-> Request 30
706
(7, 3, 2)
1
(38, 1)
-> Request 31
727
(5, 1, 2)
1
(70, 73)
-> Request 32
838
(2, 2, 1)
2
(70, 22)
-> Request 33
857
(1, 2, 1)
2
(18, 34)
-> Request 34
885
(8, 2, 2)
1
(52, 77)
-> Request 35
885
(5, 1, 2)
1
(78, 63)
-> Request 36
899
(5, 3, 1)
2
(55, 26)
-> Request 37
932
(3, 2, 1)
2
(43, 73)
-> Request 38
934
(2, 3, 2)
2
(1, 77)
-> Request 39
947
(4, 3, 1)
2
(67, 57)
-> Request 40
958
(1, 1, 2)
2
(8, 52)
-> Request 41
977
(8, 3, 2)
2
(58, 75)
-> Request 42
1032
(7, 2, 1)
1
(57, 67)
-> Request 43
1069
(9, 2, 2)
1
(64, 20)
-> Request 44
1113
(3, 1, 2)
3
(41, 67)
-> Request 45
1126
(6, 2, 1)
3
(51, 71)
-> Request 46
1151
(8, 1, 2)
2
(46, 74)
-> Request 47
1160
(2, 3, 2)
2
(15, 73)
-> Request 48
1187
(4, 1, 1)
1
(67, 51)
-> Request 49
1188
(6, 1, 1)
2
(60, 14)
-> Request 50
1189
(1, 1, 2)
3
(0, 63)
-> Request 51
1196
(3, 3, 2)
2
(74, 56)
-> Request 52
1241
(6, 1, 1)
1
(31, 38)
-> Request 53
1280
(6, 1, 2)
2
(27, 11)
-> Request 54
1293
(5, 2, 2)
3
(37, 61)
-> Request 55
1295
(8, 3, 1)
3
(60, 43)
-> Request 56
1297
(5, 3, 1)
2
(40, 65)
-> Request 57
1303
(2, 1, 2)
3
(3, 43)
-> Request 58
1329
(6, 1, 2)
3
(78, 40)
-> Request 59
1333
(3, 1, 2)
1
(42, 32)
-> Request 60
1348
(1, 3, 2)
1
(64, 8)
-> Request 61
1391
(2, 2, 2)
3
(49, 11)
-> Request 62
1410
(6, 3, 2)
3
(18, 44)
-> Request 63
1427
(7, 2, 1)
2
(68, 13)
-> Request 64
1433
(7, 3, 1)
3
(26, 31)
-> Request 65
1438
(2, 3, 2)
1
(19, 0)
---> Week : 9
--> Day : 0
-> Request 0
9
(3, 2, 1)
1
(66, 26)
-> Request 1
19
(9, 1, 1)
1
(21, 5)
-> Request 2
36
(7, 2, 2)
2
(32, 59)
-> Request 3
39
(2, 1, 1)
3
(45, 31)
-> Request 4
103
(2, 3, 1)
3
(7, 49)
-> Request 5
108
(4, 2, 1)
1
(16, 75)
-> Request 6
130
(5, 1, 2)
3
(35, 50)
-> Request 7
143
(9, 1, 2)
3
(6, 5)
-> Request 8
200
(8, 2, 1)
2
(54, 61)
-> Request 9
252
(8, 2, 1)
3
(6, 68)
-> Request 10
269
(2, 2, 1)
2
(61, 69)
-> Request 11
334
(9, 2, 1)
1
(60, 78)
-> Request 12
349
(1, 3, 1)
3
(25, 37)
-> Request 13
388
(8, 1, 1)
1
(55, 31)
-> Request 14
412
(9, 1, 2)
1
(42, 75)
-> Request 15
431
(2, 3, 1)
2
(23, 22)
-> Request 16
447
(1, 2, 2)
1
(50, 11)
-> Request 17
492
(3, 3, 1)
2
(43, 56)
-> Request 18
524
(5, 1, 2)
2
(39, 33)
-> Request 19
562
(5, 3, 2)
3
(54, 19)
-> Request 20
577
(3, 3, 2)
2
(63, 47)
-> Request 21
581
(1, 2, 1)
2
(32, 2)
-> Request 22
581
(3, 1, 1)
1
(6, 18)
-> Request 23
581
(5, 1, 2)
1
(74, 22)
-> Request 24
583
(4, 3, 2)
1
(46, 46)
-> Request 25
586
(2, 1, 1)
3
(72, 61)
-> Request 26
667
(7, 3, 2)
3
(74, 32)
-> Request 27
671
(7, 2, 1)
3
(5, 32)
-> Request 28
691
(5, 1, 1)
1
(76, 78)
-> Request 29
723
(5, 1, 1)
2
(47, 5)
-> Request 30
741
(6, 1, 2)
3
(54, 17)
-> Request 31
803
(2, 2, 2)
1
(64, 39)
-> Request 32
815
(7, 2, 2)
2
(67, 29)
-> Request 33
817
(6, 3, 2)
2
(32, 8)
-> Request 34
829
(2, 2, 1)
1
(59, 59)
-> Request 35
879
(7, 2, 1)
1
(34, 18)
-> Request 36
888
(10, 3, 1)
1
(0, 32)
-> Request 37
926
(5, 3, 2)
2
(52, 65)
-> Request 38
938
(7, 2, 1)
1
(63, 79)
-> Request 39
946
(10, 3, 1)
2
(13, 35)
-> Request 40
977
(5, 3, 2)
2
(58, 12)
-> Request 41
990
(1, 3, 1)
2
(32, 26)
-> Request 42
1043
(10, 2, 2)
1
(39, 5)
-> Request 43
1051
(5, 2, 1)
3
(66, 17)
-> Request 44
1058
(8, 1, 1)
1
(79, 29)
-> Request 45
1077
(2, 3, 1)
2
(67, 10)
-> Request 46
1089
(9, 2, 2)
1
(9, 11)
-> Request 47
1089
(8, 1, 1)
2
(26, 24)
-> Request 48
1203
(5, 3, 1)
2
(43, 31)
-> Request 49
1222
(5, 3, 2)
3
(6, 49)
-> Request 50
1257
(5, 2, 1)
3
(48, 5)
-> Request 51
1280
(2, 1, 2)
2
(19, 46)
-> Request 52
1287
(5, 1, 1)
2
(33, 57)
-> Request 53
1288
(8, 3, 2)
2
(78, 54)
-> Request 54
1332
(3, 3, 1)
3
(36, 17)
-> Request 55
1367
(7, 1, 2)
2
(73, 73)
-> Request 56
1384
(3, 1, 1)
2
(12, 35)
-> Request 57
1387
(6, 3, 2)
3
(50, 45)
-> Request 58
1437
(9, 2, 2)
2
(0, 67)
--> Day : 1
-> Request 0
23
(8, 1, 1)
3
(43, 34)
-> Request 1
77
(10, 2, 1)
1
(37, 18)
-> Request 2
92
(8, 1, 1)
2
(41, 71)
-> Request 3
92
(8, 3, 2)
1
(23, 11)
-> Request 4
98
(3, 1, 2)
2
(38, 65)
-> Request 5
98
(3, 1, 2)
1
(55, 4)
-> Request 6
131
(2, 2, 1)
3
(39, 46)
-> Request 7
220
(3, 3, 1)
3
(50, 0)
-> Request 8
237
(10, 3, 1)
1
(10, 66)
-> Request 9
237
(8, 1, 2)
1
(75, 76)
-> Request 10
242
(4, 2, 2)
2
(19, 77)
-> Request 11
264
(1, 1, 1)
2
(32, 56)
-> Request 12
361
(1, 1, 1)
2
(63, 1)
-> Request 13
376
(3, 3, 2)
1
(37, 7)
-> Request 14
386
(9, 3, 1)
3
(40, 25)
-> Request 15
416
(6, 3, 2)
1
(64, 23)
-> Request 16
446
(4, 3, 2)
1
(65, 10)
-> Request 17
454
(7, 3, 2)
1
(25, 60)
-> Request 18
519
(1, 2, 1)
3
(34, 46)
-> Request 19
561
(1, 2, 1)
1
(68, 2)
-> Request 20
580
(4, 1, 2)
2
(7, 32)
-> Request 21
618
(4, 1, 1)
1
(47, 43)
-> Request 22
629
(7, 3, 2)
2
(27, 69)
-> Request 23
648
(7, 3, 2)
2
(44, 34)
-> Request 24
648
(10, 3, 2)
1
(71, 15)
-> Request 25
665
(1, 3, 1)
3
(22, 31)
-> Request 26
695
(3, 1, 2)
1
(13, 73)
-> Request 27
711
(7, 2, 2)
2
(59, 28)
-> Request 28
735
(2, 2, 1)
1
(30, 9)
-> Request 29
748
(1, 3, 1)
1
(65, 55)
-> Request 30
750
(7, 3, 1)
3
(2, 54)
-> Request 31
765
(3, 2, 1)
3
(78, 68)
-> Request 32
810
(6, 1, 1)
2
(6, 17)
-> Request 33
813
(5, 2, 1)
2
(18, 25)
-> Request 34
814
(3, 1, 2)
2
(69, 40)
-> Request 35
827
(1, 3, 1)
1
(59, 70)
-> Request 36
840
(2, 3, 2)
3
(13, 58)
-> Request 37
846
(7, 3, 1)
3
(70, 22)
-> Request 38
871
(10, 2, 1)
2
(16, 68)
-> Request 39
912
(4, 2, 1)
2
(11, 34)
-> Request 40
931
(10, 3, 1)
1
(25, 4)
-> Request 41
958
(8, 1, 2)
2
(63, 18)
-> Request 42
971
(4, 1, 1)
2
(55, 27)
-> Request 43
1027
(6, 1, 2)
1
(15, 14)
-> Request 44
1028
(2, 1, 2)
1
(59, 0)
-> Request 45
1077
(5, 2, 1)
3
(35, 67)
-> Request 46
1145
(1, 1, 1)
2
(38, 8)
-> Request 47
1331
(7, 2, 2)
1
(56, 51)
-> Request 48
1336
(2, 3, 1)
2
(17, 74)
-> Request 49
1346
(7, 2, 1)
1
(73, 33)
-> Request 50
1348
(7, 1, 1)
2
(9, 72)
-> Request 51
1350
(1, 2, 2)
1
(38, 71)
-> Request 52
1366
(1, 2, 2)
2
(40, 45)
-> Request 53
1370
(10, 1, 2)
3
(71, 31)
-> Request 54
1420
(8, 2, 2)
1
(36, 18)
--> Day : 2
-> Request 0
2
(5, 1, 1)
1
(49, 0)
-> Request 1
45
(2, 2, 2)
3
(44, 15)
-> Request 2
61
(2, 2, 1)
2
(0, 22)
-> Request 3
118
(5, 1, 1)
2
(11, 19)
-> Request 4
140
(1, 2, 1)
3
(69, 22)
-> Request 5
148
(7, 3, 1)
1
(15, 13)
-> Request 6
149
(4, 2, 2)
1
(8, 46)
-> Request 7
175
(2, 3, 2)
2
(32, 47)
-> Request 8
217
(2, 3, 1)
2
(50, 68)
-> Request 9
218
(1, 3, 1)
1
(52, 69)
-> Request 10
233
(3, 3, 1)
1
(12, 65)
-> Request 11
265
(5, 2, 1)
1
(12, 37)
-> Request 12
266
(10, 3, 2)
3
(72, 74)
-> Request 13
266
(10, 2, 2)
3
(64, 7)
-> Request 14
306
(2, 2, 1)
1
(61, 74)
-> Request 15
315
(7, 1, 2)
3
(38, 53)
-> Request 16
377
(5, 2, 1)
1
(37, 64)
-> Request 17
377
(10, 2, 1)
3
(49, 50)
-> Request 18
389
(10, 1, 1)
3
(21, 24)
-> Request 19
400
(6, 2, 2)
1
(5, 59)
-> Request 20
431
(6, 3, 2)
3
(9, 60)
-> Request 21
474
(5, 2, 1)
2
(58, 68)
-> Request 22
517
(8, 2, 2)
3
(8, 2)
-> Request 23
582
(2, 3, 2)
2
(73, 34)
-> Request 24
614
(3, 2, 1)
2
(66, 53)
-> Request 25
638
(9, 3, 2)
3
(69, 42)
-> Request 26
645
(8, 2, 1)
2
(53, 73)
-> Request 27
650
(3, 2, 1)
3
(35, 32)
-> Request 28
672
(3, 1, 2)
2
(72, 48)
-> Request 29
693
(10, 1, 1)
1
(25, 14)
-> Request 30
703
(7, 1, 1)
3
(22, 9)
-> Request 31
709
(10, 3, 2)
2
(54, 71)
-> Request 32
735
(5, 2, 2)
3
(53, 47)
-> Request 33
737
(9, 1, 1)
1
(0, 50)
-> Request 34
798
(4, 3, 1)
2
(24, 43)
-> Request 35
817
(10, 3, 2)
1
(53, 14)
-> Request 36
824
(3, 3, 1)
2
(5, 41)
-> Request 37
836
(6, 1, 2)
2
(47, 27)
-> Request 38
837
(1, 1, 2)
3
(79, 32)
-> Request 39
901
(5, 3, 1)
3
(23, 25)
-> Request 40
912
(10, 3, 2)
2
(26, 62)
-> Request 41
913
(6, 2, 1)
1
(58, 58)
-> Request 42
931
(4, 3, 2)
3
(28, 67)
-> Request 43
944
(1, 1, 1)
3
(55, 54)
-> Request 44
957
(6, 3, 1)
3
(37, 79)
-> Request 45
969
(6, 1, 1)
1
(36, 73)
-> Request 46
1064
(4, 3, 1)
2
(78, 54)
-> Request 47
1075
(5, 2, 2)
3
(11, 3)
-> Request 48
1125
(8, 3, 1)
2
(6, 77)
-> Request 49
1138
(8, 1, 1)
1
(40, 23)
-> Request 50
1138
(7, 3, 1)
1
(31, 60)
-> Request 51
1183
(1, 2, 2)
1
(65, 0)
-> Request 52
1192
(7, 3, 2)
2
(63, 39)
-> Request 53
1210
(2, 3, 1)
3
(38, 5)
-> Request 54
1245
(4, 3, 1)
3
(56, 54)
-> Request 55
1259
(3, 2, 2)
3
(44, 37)
-> Request 56
1260
(3, 3, 1)
1
(59, 36)
-> Request 57
1260
(9, 2, 1)
3
(72, 47)
-> Request 58
1303
(9, 2, 1)
1
(40, 14)
-> Request 59
1319
(6, 1, 2)
1
(61, 16)
-> Request 60
1387
(7, 3, 2)
1
(77, 57)
--> Day : 3
-> Request 0
3
(4, 1, 2)
3
(44, 42)
-> Request 1
3
(4, 1, 1)
1
(53, 12)
-> Request 2
18
(5, 3, 1)
2
(26, 61)
-> Request 3
26
(9, 1, 1)
2
(50, 42)
-> Request 4
53
(7, 2, 2)
2
(63, 69)
-> Request 5
56
(7, 3, 1)
3
(75, 56)
-> Request 6
60
(1, 2, 2)
3
(17, 52)
-> Request 7
103
(1, 1, 2)
3
(36, 44)
-> Request 8
184
(9, 2, 1)
2
(73, 32)
-> Request 9
195
(10, 2, 1)
3
(21, 63)
-> Request 10
224
(9, 2, 2)
3
(21, 47)
-> Request 11
302
(9, 3, 2)
2
(61, 63)
-> Request 12
322
(9, 1, 1)
3
(11, 50)
-> Request 13
332
(10, 1, 2)
3
(78, 42)
-> Request 14
345
(5, 1, 2)
3
(63, 12)
-> Request 15
349
(9, 3, 2)
3
(44, 47)
-> Request 16
387
(4, 2, 2)
1
(76, 6)
-> Request 17
396
(5, 3, 1)
2
(44, 47)
-> Request 18
424
(2, 3, 1)
1
(72, 65)
-> Request 19
499
(3, 2, 1)
2
(11, 15)
-> Request 20
531
(7, 1, 2)
3
(48, 57)
-> Request 21
531
(2, 3, 1)
1
(79, 67)
-> Request 22
539
(8, 3, 2)
2
(61, 6)
-> Request 23
551
(9, 2, 1)
1
(6, 7)
-> Request 24
575
(4, 3, 1)
3
(51, 49)
-> Request 25
588
(7, 2, 2)
3
(27, 24)
-> Request 26
604
(10, 3, 1)
1
(64, 70)
-> Request 27
604
(5, 3, 1)
3
(55, 67)
-> Request 28
628
(9, 1, 2)
3
(76, 36)
-> Request 29
634
(2, 3, 1)
1
(12, 37)
-> Request 30
646
(6, 3, 2)
1
(0, 55)
-> Request 31
721
(1, 1, 2)
2
(45, 47)
-> Request 32
734
(3, 2, 2)
3
(21, 61)
-> Request 33
738
(6, 2, 2)
2
(49, 58)
-> Request 34
752
(7, 3, 1)
2
(58, 47)
-> Request 35
761
(2, 3, 1)
3
(40, 70)
-> Request 36
796
(8, 1, 2)
2
(78, 65)
-> Request 37
804
(5, 3, 2)
3
(4, 74)
-> Request 38
820
(1, 1, 1)
2
(76, 72)
-> Request 39
859
(1, 2, 2)
1
(71, 40)
-> Request 40
953
(1, 1, 2)
1
(43, 5)
-> Request 41
959
(5, 1, 1)
1
(44, 57)
-> Request 42
977
(3, 3, 1)
3
(19, 10)
-> Request 43
988
(9, 3, 1)
1
(9, 74)
-> Request 44
1013
(9, 2, 1)
2
(64, 69)
-> Request 45
1038
(2, 3, 1)
3
(43, 14)
-> Request 46
1057
(2, 2, 2)
2
(34, 45)
-> Request 47
1059
(10, 2, 1)
3
(26, 23)
-> Request 48
1079
(4, 3, 2)
3
(53, 10)
-> Request 49
1098
(6, 2, 1)
1
(48, 54)
-> Request 50
1109
(9, 1, 2)
1
(20, 74)
-> Request 51
1181
(7, 2, 2)
3
(33, 46)
-> Request 52
1207
(6, 2, 1)
2
(63, 8)
-> Request 53
1222
(3, 3, 1)
2
(77, 34)
-> Request 54
1230
(1, 2, 1)
1
(50, 30)
-> Request 55
1256
(7, 2, 1)
3
(56, 79)
-> Request 56
1259
(5, 3, 2)
3
(20, 8)
-> Request 57
1261
(3, 1, 1)
1
(40, 32)
-> Request 58
1267
(3, 1, 1)
3
(57, 68)
-> Request 59
1280
(1, 1, 2)
3
(4, 36)
-> Request 60
1358
(5, 3, 1)
3
(56, 11)
-> Request 61
1366
(6, 3, 1)
3
(46, 26)
-> Request 62
1382
(6, 1, 1)
2
(5, 35)
-> Request 63
1400
(9, 1, 2)
2
(58, 21)
-> Request 64
1424
(8, 1, 2)
3
(21, 10)
--> Day : 4
-> Request 0
36
(9, 3, 1)
2
(76, 17)
-> Request 1
40
(10, 1, 2)
2
(73, 78)
-> Request 2
52
(4, 1, 2)
2
(31, 10)
-> Request 3
66
(5, 3, 2)
3
(31, 26)
-> Request 4
66
(8, 3, 2)
3
(71, 56)
-> Request 5
107
(7, 1, 1)
2
(61, 52)
-> Request 6
111
(3, 2, 2)
3
(6, 16)
-> Request 7
115
(10, 3, 1)
2
(78, 74)
-> Request 8
148
(3, 3, 2)
1
(16, 49)
-> Request 9
165
(10, 2, 2)
3
(0, 7)
-> Request 10
184
(1, 2, 1)
2
(34, 23)
-> Request 11
188
(8, 2, 2)
1
(19, 4)
-> Request 12
191
(5, 3, 2)
2
(2, 49)
-> Request 13
204
(6, 3, 1)
1
(23, 25)
-> Request 14
205
(6, 3, 1)
3
(41, 10)
-> Request 15
277
(4, 2, 2)
1
(10, 76)
-> Request 16
287
(4, 3, 1)
1
(31, 33)
-> Request 17
290
(6, 2, 1)
2
(1, 5)
-> Request 18
299
(2, 3, 1)
3
(71, 66)
-> Request 19
323
(8, 2, 1)
2
(22, 36)
-> Request 20
333
(6, 2, 2)
3
(23, 27)
-> Request 21
337
(9, 3, 2)
3
(60, 61)
-> Request 22
339
(2, 2, 2)
2
(79, 54)
-> Request 23
350
(1, 2, 1)
3
(37, 59)
-> Request 24
366
(5, 1, 1)
3
(71, 7)
-> Request 25
371
(7, 3, 2)
1
(57, 26)
-> Request 26
423
(5, 2, 2)
2
(0, 63)
-> Request 27
500
(8, 2, 1)
3
(64, 46)
-> Request 28
571
(7, 2, 2)
3
(79, 22)
-> Request 29
581
(6, 1, 2)
1
(78, 69)
-> Request 30
626
(6, 2, 2)
1
(78, 53)
-> Request 31
651
(9, 1, 1)
1
(76, 60)
-> Request 32
692
(5, 2, 2)
1
(54, 72)
-> Request 33
726
(9, 1, 1)
1
(74, 69)
-> Request 34
735
(9, 2, 2)
3
(0, 21)
-> Request 35
747
(3, 3, 2)
3
(49, 25)
-> Request 36
769
(3, 3, 2)
2
(8, 57)
-> Request 37
781
(2, 3, 1)
1
(25, 58)
-> Request 38
808
(4, 1, 1)
3
(61, 1)
-> Request 39
826
(7, 1, 1)
3
(69, 47)
-> Request 40
834
(9, 3, 1)
3
(69, 19)
-> Request 41
921
(10, 3, 1)
1
(11, 51)
-> Request 42
945
(3, 2, 2)
3
(37, 38)
-> Request 43
984
(3, 1, 1)
1
(13, 49)
-> Request 44
1148
(4, 1, 2)
1
(33, 71)
-> Request 45
1152
(6, 3, 1)
1
(25, 57)
-> Request 46
1160
(4, 2, 1)
2
(61, 67)
-> Request 47
1221
(3, 3, 2)
3
(44, 61)
-> Request 48
1273
(2, 1, 2)
2
(67, 35)
-> Request 49
1307
(8, 3, 1)
2
(17, 54)
-> Request 50
1345
(1, 3, 2)
3
(26, 47)
-> Request 51
1386
(7, 2, 1)
1
(39, 46)
-> Request 52
1398
(2, 2, 2)
3
(22, 57)
-> Request 53
1427
(6, 3, 2)
1
(15, 20)
