#{"t_start": 1676137650.7918804, "env_id": null}
r,l,t
1592,3000,13.351238
2048,3000,24.826221
1298,3000,37.135217
1772,3000,49.082518
1810,3000,60.329917
1590,3000,72.428426
1826,3000,84.17859
2018,3000,95.544705
2094,3000,107.401773
1658,3000,118.984718
1902,3000,130.44126
1626,3000,142.398366
1534,3000,153.818849
2016,3000,165.213264
1818,3000,176.585418
1874,3000,188.888054
1858,3000,200.453058
1870,3000,211.925435
1664,3000,223.527827
1982,3000,234.602793
1862,3000,247.48326
1902,3000,259.067269
1704,3000,270.703115
1764,3000,282.514497
1676,3000,294.611055
1704,3000,306.268692
1954,3000,317.979697
1544,3000,329.679467
2046,3000,341.006859
1616,3000,352.802432
2034,3000,364.742672
1448,3000,376.912504
2132,3000,388.363278
2708,3000,399.873156
2088,3000,411.085395
1942,3000,422.358701
1864,3000,434.493783
2090,3000,446.063507
1972,3000,457.221071
2206,3000,469.141784
2136,3000,480.690065
1844,3000,492.390404
2190,3000,504.360944
1584,3000,515.820948
1882,3000,527.046179
1984,3000,539.201432
2476,3000,550.840415
1818,3000,562.81945
2026,3000,575.076037
2046,3000,587.429095
1772,3000,598.959095
1618,3000,610.583011
2294,3000,622.69077
1986,3000,634.136065
2040,3000,645.867563
1898,3000,657.749293
1712,3000,669.240115
2134,3000,680.466346
2032,3000,691.793235
2140,3000,703.49999
2408,3000,715.546031
1822,3000,727.799034
1878,3000,739.348181
2080,3000,751.667084
2306,3000,763.170877
1890,3000,775.098598
1778,3000,808.889683
1830,3000,821.099344
1758,3000,833.985994
2216,3000,846.808345
1890,3000,859.752914
2246,3000,872.604626
1614,3000,886.419251
1640,3000,900.268111
1542,3000,913.454367
1904,3000,929.361619
2238,3000,943.663957
2538,3000,957.451968
1958,3000,973.183282
1634,3000,987.400296
1852,3000,1000.982847
1860,3000,1014.74662
2366,3000,1028.349889
1884,3000,1043.381878
2106,3000,1058.012239
1894,3000,1071.99893
2000,3000,1085.520685
2304,3000,1099.59085
2100,3000,1113.622912
1794,3000,1127.489693
2078,3000,1141.653042
2884,3000,1155.264421
2090,3000,1169.157669
1600,3000,1182.841154
2490,3000,1196.979174
1822,3000,1210.5655
2088,3000,1224.647405
2310,3000,1238.297906
2288,3000,1251.694621
1994,3000,1265.606914
2422,3000,1279.747982
2206,3000,1293.546909
2254,3000,1306.993797
2410,3000,1320.129493
1836,3000,1333.559735
2314,3000,1347.514315
2174,3000,1360.959641
2766,3000,1374.09362
2304,3000,1387.907714
2388,3000,1401.905296
2440,3000,1415.917292
2478,3000,1429.57102
2238,3000,1443.093104
2788,3000,1456.879691
2822,3000,1470.377733
2624,3000,1484.013914
2736,3000,1497.274784
2984,3000,1510.851801
2794,3000,1524.062021
1886,3000,1538.071798
2338,3000,1551.311451
2126,3000,1564.655242
2478,3000,1577.910306
2504,3000,1591.91403
2702,3000,1605.215582
2824,3000,1618.892211
2378,3000,1632.467332
2518,3000,1645.949041
2726,3000,1659.767671
3008,3000,1672.370371
2648,3000,1685.98608
2766,3000,1699.265832
2956,3000,1712.121582
2224,3000,1744.697835
2638,3000,1757.820913
2192,3000,1770.991011
2600,3000,1783.825343
2980,3000,1796.998172
2548,3000,1810.314373
2574,3000,1822.714969
2440,3000,1836.025251
2772,3000,1849.516757
3146,3000,1862.938217
3330,3000,1876.55441
2362,3000,1890.127751
2424,3000,1903.803588
2752,3000,1916.476972
2412,3000,1929.53583
2570,3000,1942.452318
2396,3000,1955.125643
3248,3000,1967.486431
2330,3000,1980.262248
2720,3000,1993.151694
2640,3000,2006.292008
2282,3000,2019.723135
3246,3000,2033.0932
2550,3000,2046.597
2992,3000,2060.290111
2394,3000,2073.707757
2782,3000,2086.725496
2894,3000,2099.246625
2688,3000,2112.381426
2592,3000,2125.845778
3036,3000,2138.904637
2642,3000,2152.45388
2672,3000,2165.767532
3010,3000,2178.741716
2714,3000,2192.405751
2866,3000,2205.1588
2392,3000,2218.161618
2694,3000,2231.689312
3124,3000,2244.442076
2758,3000,2257.39413
3008,3000,2270.431411
2832,3000,2283.638838
3016,3000,2296.997042
3020,3000,2310.794743
2786,3000,2323.412534
2692,3000,2336.469716
3152,3000,2349.322814
3070,3000,2363.05431
2906,3000,2376.621272
2822,3000,2389.262221
2888,3000,2402.886606
2850,3000,2415.890695
2748,3000,2428.49377
2686,3000,2441.845172
3154,3000,2455.307825
2682,3000,2468.291238
2606,3000,2480.973427
3234,3000,2493.691514
2946,3000,2506.534984
3352,3000,2519.024858
2384,3000,2532.068195
3260,3000,2544.86461
3194,3000,2557.487044
3250,3000,2570.343984
3066,3000,2583.30287
2780,3000,2595.941933
2960,3000,2608.345444
2950,3000,2639.5161
3232,3000,2652.618952
2932,3000,2665.791065
3018,3000,2679.369926
3334,3000,2693.143381
2926,3000,2706.394313
2318,3000,2720.327617
2876,3000,2733.301686
2530,3000,2746.199372
2708,3000,2758.994185
2852,3000,2771.668893
2664,3000,2784.668041
3940,3000,2797.236358
3418,3000,2809.699533
3656,3000,2822.111537
3058,3000,2834.933631
3254,3000,2847.692556
3176,3000,2860.22887
3262,3000,2873.178304
3214,3000,2885.829203
2742,3000,2898.441272
3136,3000,2911.283476
2942,3000,2924.741905
3266,3000,2937.595381
2914,3000,2950.363754
2914,3000,2963.13545
2908,3000,2976.186504
3234,3000,2989.28437
3368,3000,3002.553332
3172,3000,3015.958503
3474,3000,3028.639258
2984,3000,3041.645137
3074,3000,3054.302819
2742,3000,3067.46583
3254,3000,3080.255755
2764,3000,3093.026755
3264,3000,3105.502454
3162,3000,3118.898958
3672,3000,3131.460202
3264,3000,3144.458947
3408,3000,3157.355497
3428,3000,3169.976912
2938,3000,3182.862391
3294,3000,3196.249508
3096,3000,3208.934404
3478,3000,3221.417709
3176,3000,3233.898996
3102,3000,3247.03808
3558,3000,3260.070153
3294,3000,3272.761744
3210,3000,3285.559608
3796,3000,3298.213622
3356,3000,3310.691502
3618,3000,3323.772241
3718,3000,3336.015271
2920,3000,3348.91294
3158,3000,3361.431201
3470,3000,3374.014971
3630,3000,3386.439363
3456,3000,3399.561453
3172,3000,3412.159611
3386,3000,3425.112113
3478,3000,3437.855035
3724,3000,3451.03173
3074,3000,3463.958479
3854,3000,3476.796761
3714,3000,3505.539948
4012,3000,3518.112984
3560,3000,3531.56917
3756,3000,3544.229847
3370,3000,3556.312997
3118,3000,3569.243104
3618,3000,3582.100057
3702,3000,3594.733214
3526,3000,3607.243806
3736,3000,3619.551605
3462,3000,3631.927697
3464,3000,3644.202314
3620,3000,3656.551915
3866,3000,3668.791154
3512,3000,3681.454203
3650,3000,3693.795212
3902,3000,3706.043284
3546,3000,3718.339251
4256,3000,3730.693155
3908,3000,3742.902967
3764,3000,3755.357394
4056,3000,3768.371452
3602,3000,3780.39939
3760,3000,3792.502274
3690,3000,3804.894862
3670,3000,3816.845992
3878,3000,3829.334339
4006,3000,3842.210178
3552,3000,3854.391501
3644,3000,3866.050239
4258,3000,3877.576254
4312,3000,3889.980892
4320,3000,3902.041601
4382,3000,3914.950291
4466,3000,3927.163085
4134,3000,3939.68332
3878,3000,3952.437053
4036,3000,3964.578209
4208,3000,3976.746682
4090,3000,3989.142378
3832,3000,4001.874335
3688,3000,4013.967996
3918,3000,4025.679194
4012,3000,4037.858389
3548,3000,4050.064196
3776,3000,4062.126319
4170,3000,4074.194021
3900,3000,4086.581032
4332,3000,4098.287604
4328,3000,4110.624097
3830,3000,4122.964881
4536,3000,4135.287772
3936,3000,4147.227478
4668,3000,4159.464935
4086,3000,4171.83063
4018,3000,4184.032323
4544,3000,4196.009627
4304,3000,4208.231663
3856,3000,4220.052583
3894,3000,4232.488998
4188,3000,4244.639436
4034,3000,4257.156686
4588,3000,4269.27959
4536,3000,4281.421503
4670,3000,4293.355817
3994,3000,4305.972503
4308,3000,4318.407303
4472,3000,4346.383783
4268,3000,4359.134027
4532,3000,4371.65033
4694,3000,4384.46261
4816,3000,4396.814178
4120,3000,4409.039737
3874,3000,4421.459581
4044,3000,4433.556128
4190,3000,4445.61108
4276,3000,4457.568412
4376,3000,4469.799268
4432,3000,4481.935699
4472,3000,4493.906248
4388,3000,4506.050778
4292,3000,4518.45583
4354,3000,4530.036017
4300,3000,4542.571838
4304,3000,4554.870764
4310,3000,4566.928341
4278,3000,4579.4802
4012,3000,4591.133823
4092,3000,4603.408836
4364,3000,4615.354926
4402,3000,4627.182001
4528,3000,4639.354954
4188,3000,4651.3954
4868,3000,4663.436385
4256,3000,4675.479429
4690,3000,4687.300292
4542,3000,4699.752079
4072,3000,4711.930897
4578,3000,4723.660178
4352,3000,4735.747233
4630,3000,4747.249243
3962,3000,4759.501033
4074,3000,4772.23508
4106,3000,4784.49867
4992,3000,4796.521549
4306,3000,4808.28304
4268,3000,4820.243886
4530,3000,4832.685367
4166,3000,4844.723225
4852,3000,4856.247423
4204,3000,4868.604981
4764,3000,4880.820265
4368,3000,4892.377385
4618,3000,4904.694059
4972,3000,4916.724132
4362,3000,4928.701403
4344,3000,4940.471622
4480,3000,4952.622431
4620,3000,4964.835643
4610,3000,4977.222291
4846,3000,4989.046259
4768,3000,5000.852438
5042,3000,5012.81086
4774,3000,5024.766892
4822,3000,5036.883243
4442,3000,5048.652774
5072,3000,5060.577137
4702,3000,5071.996511
4592,3000,5083.860205
4988,3000,5095.957532
4800,3000,5107.802735
4756,3000,5119.632203
4564,3000,5131.026793
5024,3000,5142.539777
4480,3000,5169.427923
5016,3000,5180.518387
4610,3000,5192.673772
4670,3000,5204.319715
4636,3000,5216.223755
5100,3000,5227.893456
5264,3000,5239.659312
4832,3000,5251.111952
4970,3000,5262.682705
4540,3000,5274.548491
5010,3000,5287.183244
5014,3000,5298.880575
4854,3000,5310.478165
5240,3000,5322.389113
4998,3000,5334.069414
5108,3000,5346.021165
5130,3000,5358.18973
4948,3000,5369.834972
4930,3000,5381.088916
4758,3000,5392.465164
5040,3000,5403.959971
4746,3000,5415.538972
4976,3000,5427.229254
4760,3000,5439.106074
4942,3000,5450.493305
5310,3000,5462.253155
4758,3000,5473.910811
4560,3000,5485.612259
4972,3000,5497.35078
4800,3000,5509.015346
5194,3000,5520.693489
5158,3000,5532.278228
4872,3000,5544.642752
4982,3000,5556.126296
5510,3000,5567.873894
5008,3000,5579.677171
4866,3000,5591.43885
5022,3000,5602.745819
5236,3000,5614.368088
4842,3000,5626.04664
5152,3000,5637.798119
4936,3000,5649.366272
5190,3000,5660.918447
4958,3000,5672.057273
4710,3000,5683.597134
5392,3000,5695.176832
5080,3000,5706.649781
4340,3000,5717.911489
4860,3000,5730.052576
4810,3000,5741.573439
5228,3000,5752.756856
5252,3000,5763.628156
5184,3000,5774.581753
4750,3000,5786.20092
4634,3000,5797.818208
4940,3000,5809.103112
5122,3000,5820.587171
4874,3000,5832.154863
5182,3000,5843.678704
5282,3000,5855.349184
5566,3000,5866.69664
5362,3000,5878.513582
4884,3000,5890.137601
5448,3000,5901.575523
4952,3000,5913.26541
5448,3000,5924.893886
5372,3000,5951.579801
5428,3000,5962.892482
5578,3000,5974.271163
5728,3000,5985.557989
5116,3000,5997.234486
5228,3000,6008.775155
5266,3000,6020.780871
5272,3000,6032.360161
5266,3000,6044.226769
5004,3000,6056.358232
5030,3000,6068.021886
5026,3000,6079.813504
4766,3000,6091.38967
5696,3000,6102.791002
5200,3000,6114.854328
5402,3000,6126.581568
5274,3000,6138.045584
5252,3000,6149.116903
5530,3000,6160.39414
5558,3000,6171.487154
5560,3000,6182.959993
5266,3000,6195.011552
5380,3000,6206.673975
5230,3000,6218.262232
5640,3000,6229.595405
5492,3000,6240.857832
5424,3000,6252.265373
5254,3000,6263.980242
5600,3000,6275.856057
5370,3000,6287.572001
5788,3000,6298.506855
5902,3000,6310.259543
5444,3000,6321.984302
5660,3000,6333.296321
5042,3000,6344.366338
5662,3000,6355.86189
5702,3000,6367.46729
4816,3000,6378.926555
5614,3000,6390.403704
5142,3000,6401.565825
5294,3000,6412.71072
5146,3000,6423.533325
5054,3000,6435.197997
5524,3000,6446.637426
5132,3000,6458.138886
5402,3000,6469.400889
5550,3000,6481.007088
5086,3000,6492.164075
5450,3000,6503.290535
5348,3000,6514.675174
5390,3000,6525.787207
5716,3000,6537.148344
5716,3000,6548.31007
5950,3000,6559.792972
5514,3000,6571.092248
5382,3000,6581.95213
5648,3000,6593.564816
5770,3000,6604.694612
5886,3000,6615.524664
5608,3000,6626.698941
5870,3000,6638.150051
5310,3000,6649.256232
5580,3000,6660.435027
5890,3000,6671.470053
5572,3000,6682.877146
5792,3000,6694.149725
5566,3000,6705.491536
5586,3000,6731.448161
5482,3000,6743.08484
5380,3000,6754.43532
5886,3000,6765.489238
5678,3000,6777.160244
5898,3000,6788.262488
5744,3000,6799.216122
5968,3000,6810.112482
5612,3000,6821.39566
5396,3000,6832.009332
5784,3000,6842.834479
5518,3000,6854.044066
5562,3000,6865.491843
5590,3000,6877.123523
5734,3000,6888.34927
5878,3000,6899.22244
5688,3000,6909.946727
5544,3000,6921.073943
5958,3000,6932.112072
6002,3000,6943.970204
5554,3000,6955.564146
5752,3000,6966.963268
6034,3000,6978.283576
5746,3000,6989.761683
5900,3000,7001.062555
5906,3000,7011.76501
5866,3000,7023.017853
5838,3000,7034.784073
5400,3000,7046.513472
5640,3000,7057.504251
5552,3000,7068.606586
6146,3000,7079.97966
5858,3000,7090.552665
6102,3000,7101.978431
5768,3000,7112.840342
5688,3000,7123.820251
5848,3000,7135.359066
5474,3000,7147.128016
6140,3000,7158.722523
5622,3000,7169.520971
5668,3000,7181.053998
5866,3000,7192.48862
5880,3000,7203.080697
6292,3000,7213.773187
6222,3000,7224.608873
6176,3000,7235.603753
6032,3000,7246.776638
5604,3000,7258.199424
5754,3000,7269.649263
5970,3000,7281.099039
5890,3000,7292.513444
5970,3000,7303.291787
5830,3000,7314.230878
5762,3000,7325.309253
5844,3000,7336.767727
6210,3000,7348.066569
6444,3000,7359.120668
5826,3000,7370.409568
5938,3000,7380.893463
5660,3000,7392.585722
5910,3000,7403.693694
5750,3000,7415.20476
5766,3000,7426.826688
5738,3000,7437.62297
6124,3000,7448.775995
6136,3000,7460.164434
6112,3000,7471.077597
5774,3000,7497.727445
5760,3000,7509.164634
5852,3000,7520.351435
6050,3000,7531.258333
6082,3000,7542.158438
6142,3000,7553.628578
5844,3000,7564.893994
5768,3000,7576.431382
6190,3000,7587.587157
5858,3000,7598.395679
6114,3000,7609.306942
6050,3000,7620.121422
5892,3000,7631.606892
6182,3000,7643.037029
6200,3000,7654.374805
6370,3000,7665.611757
5956,3000,7676.588979
6084,3000,7687.79958
6302,3000,7698.77689
6136,3000,7709.605412
6178,3000,7720.902328
6196,3000,7732.211098
6330,3000,7743.135779
6296,3000,7753.902027
6350,3000,7764.908391
6408,3000,7776.621394
6150,3000,7787.186675
6128,3000,7798.497046
6212,3000,7809.451845
6288,3000,7820.136218
6312,3000,7831.506038
6338,3000,7842.567849
7042,3000,7853.718031
5894,3000,7864.356987
6074,3000,7875.475369
5890,3000,7886.498419
6234,3000,7897.104035
5962,3000,7908.300985
6086,3000,7919.35417
6226,3000,7930.72799
6354,3000,7941.834337
6116,3000,7952.704589
6114,3000,7963.655234
6084,3000,7974.486476
6452,3000,7986.2943
6486,3000,7996.869639
6692,3000,8008.135543
6250,3000,8019.24879
6394,3000,8029.725129
5976,3000,8040.154196
6402,3000,8050.862943
6254,3000,8061.798082
6290,3000,8072.364076
6310,3000,8082.976509
6092,3000,8094.060282
6198,3000,8104.75635
6300,3000,8116.440618
6834,3000,8127.451967
6626,3000,8138.679387
6582,3000,8149.6258
6350,3000,8160.517159
6042,3000,8171.300969
6578,3000,8182.325963
5910,3000,8193.959181
6470,3000,8205.090398
6312,3000,8216.164822
6320,3000,8242.268606
6776,3000,8252.768564
6334,3000,8263.751281
6550,3000,8274.907725
6342,3000,8285.926296
6296,3000,8296.831966
6726,3000,8307.99452
6634,3000,8319.29659
6624,3000,8330.096209
6178,3000,8341.152649
6590,3000,8352.614711
6428,3000,8363.480999
6508,3000,8374.535661
6558,3000,8385.324879
6946,3000,8395.792254
6500,3000,8406.472487
6544,3000,8417.685167
6742,3000,8428.722072
6454,3000,8439.440372
6530,3000,8450.580021
6576,3000,8461.174433
6758,3000,8472.042047
6408,3000,8483.114211
6412,3000,8494.081253
6720,3000,8504.433282
6930,3000,8515.196913
6432,3000,8525.881942
6734,3000,8536.952648
6780,3000,8547.656399
6596,3000,8558.292635
6200,3000,8568.858697
6756,3000,8579.380258
7012,3000,8590.234182
6448,3000,8600.903244
6714,3000,8611.337575
6152,3000,8622.346018
6370,3000,8632.654568
6352,3000,8643.201322
6676,3000,8654.267533
6566,3000,8664.93122
6586,3000,8675.368292
6510,3000,8685.800559
6956,3000,8696.505467
6748,3000,8707.285198
6218,3000,8717.695988
6390,3000,8728.556957
6540,3000,8739.058474
6634,3000,8749.744283
6360,3000,8760.402357
6718,3000,8771.364675
6882,3000,8781.588717
6594,3000,8792.0707
6468,3000,8802.984871
6770,3000,8813.790648
6820,3000,8824.628953
6742,3000,8835.335419
6758,3000,8845.998301
6804,3000,8856.62874
6892,3000,8867.538953
6822,3000,8878.404009
7048,3000,8889.362762
7018,3000,8900.1263
7008,3000,8910.250866
6624,3000,8920.735488
6828,3000,8931.612527
6932,3000,8942.633127
6586,3000,8952.965769
6666,3000,8978.217604
6844,3000,8988.70847
6742,3000,8999.24761
6958,3000,9010.213963
6810,3000,9021.339379
6612,3000,9032.007654
6660,3000,9042.579202
7018,3000,9052.818172
6700,3000,9063.399933
6844,3000,9073.722425
6704,3000,9084.348138
6704,3000,9095.149626
6950,3000,9105.805688
6844,3000,9116.38986
6904,3000,9126.86391
6768,3000,9137.578536
6630,3000,9148.20051
6872,3000,9158.99642
6962,3000,9170.292839
7004,3000,9181.130888
6776,3000,9191.646542
7150,3000,9202.10101
6786,3000,9212.255024
6652,3000,9222.778977
6812,3000,9233.575411
6578,3000,9244.534533
6918,3000,9255.333133
6928,3000,9266.120228
7220,3000,9276.352367
6650,3000,9286.884069
7152,3000,9297.385642
6826,3000,9307.960152
6704,3000,9318.761607
7160,3000,9329.21247
6776,3000,9339.500099
7024,3000,9350.0677
7040,3000,9360.414158
6912,3000,9371.051745
6874,3000,9381.774485
6920,3000,9392.526097
6884,3000,9402.858647
6874,3000,9413.14863
7316,3000,9423.656519
7276,3000,9434.696986
7510,3000,9445.311456
6882,3000,9455.754494
6920,3000,9466.273329
7106,3000,9476.928578
7030,3000,9487.6762
6732,3000,9497.946638
7316,3000,9508.542752
7340,3000,9519.228754
7000,3000,9529.77886
6962,3000,9540.458804
7140,3000,9551.140214
7068,3000,9561.611652
7114,3000,9572.406587
7200,3000,9582.831095
6676,3000,9593.55708
7310,3000,9603.867239
7282,3000,9614.204897
7112,3000,9624.951112
6900,3000,9635.217205
7352,3000,9645.880524
7174,3000,9656.375782
7408,3000,9667.112477
7064,3000,9677.508529
6708,3000,9702.589381
6840,3000,9712.919075
7246,3000,9723.25883
7106,3000,9733.555584
6890,3000,9744.059698
7448,3000,9754.285148
7282,3000,9764.42466
7224,3000,9775.314918
7264,3000,9786.219585
6662,3000,9796.397388
6942,3000,9806.874071
7246,3000,9817.868705
7450,3000,9827.987693
7294,3000,9838.488386
7310,3000,9848.885194
7316,3000,9859.004024
7304,3000,9869.463586
6926,3000,9879.51099
7286,3000,9890.119982
7048,3000,9900.517797
7562,3000,9911.069382
7050,3000,9920.912632
7402,3000,9931.430332
7344,3000,9941.823448
7750,3000,9951.942001
7092,3000,9962.177391
7138,3000,9972.677404
7136,3000,9983.441906
7466,3000,9994.251643
7088,3000,10004.767557
7862,3000,10015.731408
7558,3000,10026.234814
7344,3000,10036.576905
7364,3000,10046.603231
7250,3000,10056.704151
7198,3000,10067.142951
7410,3000,10077.59383
7528,3000,10087.751893
7368,3000,10098.567527
7352,3000,10108.757705
7486,3000,10119.610873
7194,3000,10130.080796
7510,3000,10140.532952
7464,3000,10151.059253
7682,3000,10161.528833
7114,3000,10171.685702
7556,3000,10182.118925
7342,3000,10192.540172
7104,3000,10202.868013
7416,3000,10212.831056
7634,3000,10223.515194
7210,3000,10234.236968
7538,3000,10244.450253
7550,3000,10255.194077
7554,3000,10265.884605
7288,3000,10276.102057
7460,3000,10286.722522
7406,3000,10297.722165
7550,3000,10308.336837
7344,3000,10318.294795
7202,3000,10328.794389
7296,3000,10339.357892
7434,3000,10349.629263
7548,3000,10359.676122
7404,3000,10369.921153
7430,3000,10380.136883
8004,3000,10405.432613
7476,3000,10415.717328
7440,3000,10426.037571
7470,3000,10436.482333
7310,3000,10447.039954
7416,3000,10457.850733
7548,3000,10468.512789
7572,3000,10478.636247
7550,3000,10489.002312
7522,3000,10499.373603
7342,3000,10509.503429
7704,3000,10519.61997
7994,3000,10530.135455
7932,3000,10540.831606
7758,3000,10551.123503
7230,3000,10561.443992
7780,3000,10572.040377
7844,3000,10582.674189
8016,3000,10593.766488
7408,3000,10603.809491
7830,3000,10614.457783
7394,3000,10624.690732
7448,3000,10635.23939
7822,3000,10645.203012
7642,3000,10655.475947
7410,3000,10666.041335
7866,3000,10676.046909
7320,3000,10686.272666
7502,3000,10696.546454
7706,3000,10706.483281
7694,3000,10716.783279
7672,3000,10727.063658
7634,3000,10737.655349
7860,3000,10748.140815
7792,3000,10758.728203
7732,3000,10769.123052
7828,3000,10779.282956
7736,3000,10789.849573
7394,3000,10799.802164
7682,3000,10810.09941
7938,3000,10820.666934
7530,3000,10831.197175
7822,3000,10841.661433
7828,3000,10852.293457
7546,3000,10862.592014
7870,3000,10873.332625
7422,3000,10883.587438
8142,3000,10894.328085
8044,3000,10904.101794
7842,3000,10914.200343
7698,3000,10924.535089
7664,3000,10934.518627
7762,3000,10944.535447
7640,3000,10954.69257
7830,3000,10964.982135
7886,3000,10974.944493
7926,3000,10985.325715
7512,3000,10995.50137
7662,3000,11005.47702
8114,3000,11015.5411
7734,3000,11025.654689
7996,3000,11036.653974
7890,3000,11047.247587
7774,3000,11057.632466
7306,3000,11068.083169
8216,3000,11078.63911
7954,3000,11089.455563
7604,3000,11113.462172
7750,3000,11123.768769
7542,3000,11133.913072
7774,3000,11144.014829
7912,3000,11154.426641
7734,3000,11164.827316
8138,3000,11174.771796
7746,3000,11184.978605
7776,3000,11194.986566
7746,3000,11205.136624
8114,3000,11215.473659
8050,3000,11225.943877
8248,3000,11235.911275
8086,3000,11246.438864
8284,3000,11256.589459
7998,3000,11266.923542
7684,3000,11277.237888
7810,3000,11287.466567
7832,3000,11297.631055
8158,3000,11307.733313
8114,3000,11317.829378
7886,3000,11327.867843
7856,3000,11338.019163
7746,3000,11348.236373
8166,3000,11358.976134
7626,3000,11369.172005
7802,3000,11379.415443
7898,3000,11389.651209
7948,3000,11400.080086
7856,3000,11410.587947
8124,3000,11421.258442
7784,3000,11431.45503
7846,3000,11441.547535
7708,3000,11451.905803
7890,3000,11461.620208
8008,3000,11471.780847
7984,3000,11481.712624
7852,3000,11491.85854
8018,3000,11501.896533
7940,3000,11511.980019
8006,3000,11522.519665
8182,3000,11532.761578
8086,3000,11543.456993
8100,3000,11553.665898
8172,3000,11564.212683
8138,3000,11574.295594
8210,3000,11584.411905
8162,3000,11594.871472
7848,3000,11604.760791
7922,3000,11614.537486
8070,3000,11624.923023
7834,3000,11634.723541
7884,3000,11644.881865
8096,3000,11655.278318
8140,3000,11665.305567
8282,3000,11675.761928
8228,3000,11686.185737
7886,3000,11696.29507
8102,3000,11706.957006
7852,3000,11717.30573
8042,3000,11727.4998
8178,3000,11737.736227
7906,3000,11748.258915
7870,3000,11758.425922
8158,3000,11768.490939
8006,3000,11778.770895
7962,3000,11788.430438
8310,3000,11813.009751
8498,3000,11823.312213
7962,3000,11833.027564
8268,3000,11842.692022
8254,3000,11852.922002
7972,3000,11863.348925
8054,3000,11873.721704
8280,3000,11884.540824
8404,3000,11894.689534
8352,3000,11904.681089
8154,3000,11915.838963
7988,3000,11925.927919
7924,3000,11935.982464
8394,3000,11946.954043
8186,3000,11957.1649
8084,3000,11967.546161
8080,3000,11977.693497
8006,3000,11987.604337
8376,3000,11997.649288
8262,3000,12007.892951
8226,3000,12018.143492
8250,3000,12028.128967
8380,3000,12038.109562
8196,3000,12047.906452
8162,3000,12057.78069
8160,3000,12068.098987
8172,3000,12078.104636
8280,3000,12088.333374
8260,3000,12098.562316
8382,3000,12109.177151
7900,3000,12119.888111
8386,3000,12130.21025
8302,3000,12140.432144
8122,3000,12150.709458
8454,3000,12160.996254
8032,3000,12171.257273
8226,3000,12181.391132
8062,3000,12191.272507
8130,3000,12201.607082
8182,3000,12211.699069
7930,3000,12222.13817
8262,3000,12232.649404
8108,3000,12243.162251
8034,3000,12253.349151
8178,3000,12263.417642
8180,3000,12273.883004
8058,3000,12283.914304
8268,3000,12294.248159
8038,3000,12304.27645
8020,3000,12314.56087
8326,3000,12325.044385
8114,3000,12335.248605
7924,3000,12345.574738
8186,3000,12355.66865
8168,3000,12366.237711
8606,3000,12376.559285
8374,3000,12386.841063
8290,3000,12397.240535
8582,3000,12407.64895
8200,3000,12418.294699
8174,3000,12428.386644
8326,3000,12438.89658
8080,3000,12449.155753
7910,3000,12459.076729
8350,3000,12469.225053
8322,3000,12479.546771
8550,3000,12503.94894
8114,3000,12514.334298
8302,3000,12525.162944
8326,3000,12535.808653
8040,3000,12545.834713
8504,3000,12556.228314
8290,3000,12566.586746
8196,3000,12576.428561
8240,3000,12586.486487
8182,3000,12596.559501
7828,3000,12607.169353
7964,3000,12617.647413
8346,3000,12627.897951
8254,3000,12638.610768
8430,3000,12649.009543
8404,3000,12658.842727
8242,3000,12668.846586
7986,3000,12678.828985
8156,3000,12689.014719
8270,3000,12699.199031
7962,3000,12709.762883
8122,3000,12719.829579
7816,3000,12729.953127
8366,3000,12740.074217
8092,3000,12750.171654
8296,3000,12759.960855
8286,3000,12770.348145
8260,3000,12780.608107
8274,3000,12790.997404
7936,3000,12801.314013
7992,3000,12811.266441
8482,3000,12821.249323
8264,3000,12831.445233
7936,3000,12841.469188
8460,3000,12851.692277
8282,3000,12861.725652
8140,3000,12872.305355
8242,3000,12882.987039
8248,3000,12893.193213
8398,3000,12903.60625
8060,3000,12913.952232
8268,3000,12924.576364
8320,3000,12934.843116
7938,3000,12944.843268
8302,3000,12954.837659
8158,3000,12964.616218
7956,3000,12974.919941
8020,3000,12984.879682
8352,3000,12994.969712
8114,3000,13005.331572
8320,3000,13015.530148
7914,3000,13026.378892
8546,3000,13036.657698
8238,3000,13046.447113
7802,3000,13056.400188
8324,3000,13066.408809
7852,3000,13076.624699
8206,3000,13086.911299
8094,3000,13097.246132
8196,3000,13107.336523
7986,3000,13117.84466
8384,3000,13128.089105
8472,3000,13138.752575
8362,3000,13148.680513
8098,3000,13159.109068
8220,3000,13169.259465
8314,3000,13179.803356
8392,3000,13204.825314
8426,3000,13215.079938
8100,3000,13225.241059
8102,3000,13235.053116
8216,3000,13245.442915
8292,3000,13255.596096
8182,3000,13265.863006
8194,3000,13275.947478
8258,3000,13286.168423
8068,3000,13296.313147
8012,3000,13306.128138
8476,3000,13316.775802
8334,3000,13326.992281
7984,3000,13337.227121
8020,3000,13347.52275
8244,3000,13357.641612
7796,3000,13367.52127
8220,3000,13378.125541
8250,3000,13388.379638
8330,3000,13398.849252
7870,3000,13409.150132
8074,3000,13419.527071
8138,3000,13429.891743
7762,3000,13439.766873
8296,3000,13450.273765
7934,3000,13460.68363
8112,3000,13470.873212
8164,3000,13481.32141
8214,3000,13491.287823
8298,3000,13501.247634
8348,3000,13511.482099
8522,3000,13522.245557
8242,3000,13532.110454
8378,3000,13542.275418
8108,3000,13552.360734
7806,3000,13562.209986
8122,3000,13572.806031
7972,3000,13583.470188
8254,3000,13593.926203
8180,3000,13604.188183
8236,3000,13614.259241
8068,3000,13624.763459
8274,3000,13635.154319
8314,3000,13645.980547
8102,3000,13655.728534
8260,3000,13666.105629
8176,3000,13676.416445
8190,3000,13686.738239
8496,3000,13697.107126
8058,3000,13707.45647
8312,3000,13717.60798
8302,3000,13727.817449
8112,3000,13737.938091
8508,3000,13748.745108
8022,3000,13758.687898
8240,3000,13768.972058
8448,3000,13779.435888
8142,3000,13789.82328
8194,3000,13800.711076
8020,3000,13810.808073
8196,3000,13821.077949
7998,3000,13831.083041
8426,3000,13841.326721
8344,3000,13851.41579
8076,3000,13861.466245
8038,3000,13871.453999
7938,3000,13881.52684
8614,3000,13906.918771
8344,3000,13917.083373
8120,3000,13927.10008
8082,3000,13937.512012
8174,3000,13948.003534
7950,3000,13958.085247
8220,3000,13968.449318
8374,3000,13978.958328
7868,3000,13989.206397
8086,3000,13999.254472
8534,3000,14010.002064
8184,3000,14020.507629
8230,3000,14031.095374
8216,3000,14041.70048
8704,3000,14052.405797
8550,3000,14062.663106
8004,3000,14073.12983
8004,3000,14083.618392
8222,3000,14094.040382
8138,3000,14104.573647
7998,3000,14114.931714
8320,3000,14124.738343
8080,3000,14134.758722
8156,3000,14145.158122
7842,3000,14155.619343
8100,3000,14165.406056
8318,3000,14175.765022
8280,3000,14185.796799
8212,3000,14196.120618
8450,3000,14206.437999
8268,3000,14216.75887
7900,3000,14226.945922
8140,3000,14237.722159
8180,3000,14248.183059
8478,3000,14258.420086
8068,3000,14268.804079
8134,3000,14279.221025
8026,3000,14289.864065
8466,3000,14300.197303
8218,3000,14310.695953
7872,3000,14321.026415
8302,3000,14331.650172
8354,3000,14342.010686
8128,3000,14352.130544
8096,3000,14362.798167
8164,3000,14372.773985
7922,3000,14383.108927
8264,3000,14393.303008
7954,3000,14403.44012
8198,3000,14413.996999
8226,3000,14424.729087
8170,3000,14435.244823
8162,3000,14445.646556
7994,3000,14455.656563
8110,3000,14465.825648
8068,3000,14475.978686
8342,3000,14486.227518
8452,3000,14496.630738
8226,3000,14506.903085
8010,3000,14517.220218
8140,3000,14527.601961
7948,3000,14538.10367
8294,3000,14548.39385
7616,3000,14558.44688
7954,3000,14568.411957
8126,3000,14578.662041
8122,3000,14603.300036
8276,3000,14614.17732
8224,3000,14624.600453
8346,3000,14634.886249
8200,3000,14645.562604
8294,3000,14655.875059
8348,3000,14665.997212
8084,3000,14676.544681
8128,3000,14687.07618
8230,3000,14697.386118
8320,3000,14707.458379
8116,3000,14717.479621
8370,3000,14727.804584
8242,3000,14738.21367
8170,3000,14748.832418
8206,3000,14759.133326
8230,3000,14769.438225
7722,3000,14780.11527
8056,3000,14790.712247
8200,3000,14801.407626
8220,3000,14811.688488
8278,3000,14822.329541
8394,3000,14832.474021
8162,3000,14842.967377
8086,3000,14853.608822
8122,3000,14864.088012
7748,3000,14874.144582
8156,3000,14884.282088
8012,3000,14894.35419
8154,3000,14904.859193
8526,3000,14915.511033
7948,3000,14925.763483
8122,3000,14936.020787
8048,3000,14946.078607
8042,3000,14956.547459
8312,3000,14966.794296
8268,3000,14977.512975
8212,3000,14987.598246
8072,3000,14998.176891
8192,3000,15008.910207
8248,3000,15019.124366
8084,3000,15029.462583
8070,3000,15040.173041
8270,3000,15050.324513
8132,3000,15060.726415
8136,3000,15071.291856
7918,3000,15081.084377
8160,3000,15091.627326
7982,3000,15102.069357
8134,3000,15112.290926
8194,3000,15122.330846
8412,3000,15132.596887
8494,3000,15142.778513
7776,3000,15152.984428
7850,3000,15163.612252
8028,3000,15173.613775
8220,3000,15184.04278
8122,3000,15194.241906
8046,3000,15204.545667
8250,3000,15214.913598
8272,3000,15225.250366
8200,3000,15235.931836
8104,3000,15246.09095
7928,3000,15256.168318
8552,3000,15266.824152
8200,3000,15277.128583
7824,3000,15287.697341
8114,3000,15312.491985
7656,3000,15323.196397
8354,3000,15333.304852
8234,3000,15343.727553
8172,3000,15354.079192
8206,3000,15364.607349
8346,3000,15375.147058
8184,3000,15385.684785
8180,3000,15396.156875
7798,3000,15406.33552
8202,3000,15416.590406
8128,3000,15427.013732
8032,3000,15437.245207
7914,3000,15447.56331
8224,3000,15457.796288
8288,3000,15467.896175
8084,3000,15478.18074
8052,3000,15488.126065
8048,3000,15498.301016
8286,3000,15508.75399
7848,3000,15519.169487
7872,3000,15529.111258
7880,3000,15539.210448
7910,3000,15549.259259
8132,3000,15559.972358
8174,3000,15569.800671
8110,3000,15580.226259
8386,3000,15590.611276
7828,3000,15601.460676
7990,3000,15611.69442
7856,3000,15621.849326
8380,3000,15632.123388
8082,3000,15642.957392
8050,3000,15653.367208
8216,3000,15663.695144
7918,3000,15674.351889
7658,3000,15684.65865
8192,3000,15695.100018
8196,3000,15705.83075
8312,3000,15715.986238
8250,3000,15726.210696
8044,3000,15736.106885
8148,3000,15746.270577
8080,3000,15756.301039
8182,3000,15766.499711
8168,3000,15776.906539
8302,3000,15787.352348
8068,3000,15798.016984
8032,3000,15808.538514
8590,3000,15819.345359
7988,3000,15829.811916
8116,3000,15840.548035
8608,3000,15850.73516
8194,3000,15860.849771
7860,3000,15871.158626
8214,3000,15881.767433
8242,3000,15891.670115
8126,3000,15901.942687
7964,3000,15911.94
8368,3000,15922.019243
8452,3000,15932.989108
8070,3000,15943.251713
8220,3000,15953.50385
8098,3000,15963.957303
8250,3000,15974.333229
8030,3000,15984.741277
8088,3000,15994.767661
8230,3000,16020.12015
7930,3000,16030.384971
8192,3000,16040.948043
8302,3000,16051.635776
8366,3000,16061.823398
8154,3000,16072.047558
8468,3000,16082.747895
7802,3000,16093.117355
8162,3000,16103.434031
8246,3000,16113.552805
8016,3000,16123.948054
8072,3000,16134.232059
8130,3000,16144.282748
8230,3000,16154.363292
8394,3000,16164.886627
8162,3000,16175.296052
8340,3000,16186.057379
7866,3000,16196.099435
8098,3000,16206.325062
8168,3000,16216.825253
8232,3000,16227.38893
7956,3000,16237.61474
8014,3000,16247.698064
8100,3000,16258.23624
8414,3000,16269.154078
8264,3000,16280.043344
8232,3000,16290.663208
8058,3000,16301.436575
8074,3000,16311.942537
8172,3000,16322.250991
8072,3000,16332.936762
8062,3000,16343.270926
7834,3000,16353.233037
8096,3000,16363.703496
8114,3000,16374.631304
7940,3000,16385.029761
7958,3000,16395.336777
8424,3000,16405.800657
7866,3000,16416.310962
8340,3000,16426.654865
8478,3000,16437.56064
7992,3000,16448.140754
8312,3000,16458.355217
8278,3000,16468.971922
7906,3000,16479.421763
7954,3000,16489.729641
8182,3000,16500.282372
7814,3000,16510.769536
8144,3000,16520.985744
8068,3000,16531.331013
7840,3000,16542.141026
8070,3000,16552.98943
7928,3000,16563.341012
8476,3000,16574.635643
8496,3000,16585.488538
8334,3000,16596.329087
8600,3000,16607.465041
8170,3000,16617.891883
8354,3000,16628.551405
8040,3000,16638.615254
8334,3000,16648.979058
8462,3000,16659.341882
8144,3000,16669.552938
8182,3000,16679.80994
7998,3000,16689.848976
8074,3000,16699.904486
8138,3000,16724.789207
8224,3000,16735.223496
8166,3000,16745.756395
8366,3000,16756.053999
8454,3000,16766.414556
8164,3000,16776.757931
8124,3000,16787.446501
8398,3000,16797.975701
8218,3000,16808.181551
8124,3000,16818.450885
8176,3000,16828.829478
8016,3000,16838.723694
8154,3000,16849.327164
7934,3000,16859.536876
7942,3000,16869.849367
8228,3000,16880.731536
8120,3000,16891.451126
7884,3000,16902.442989
7978,3000,16912.614145
8052,3000,16922.947899
8304,3000,16932.96798
8254,3000,16943.481305
8028,3000,16953.700673
8236,3000,16964.124279
8290,3000,16974.402134
8176,3000,16984.47491
8112,3000,16994.90995
8074,3000,17005.088428
7924,3000,17015.016499
8110,3000,17025.434581
8334,3000,17035.605847
8196,3000,17046.255089
8082,3000,17056.446694
8156,3000,17066.357222
8016,3000,17076.658094
7692,3000,17087.008734
7826,3000,17096.533143
8022,3000,17106.610274
7972,3000,17116.949501
7874,3000,17127.133605
8182,3000,17137.095537
8118,3000,17147.309585
8310,3000,17157.760911
7970,3000,17168.066131
8206,3000,17178.312295
7988,3000,17188.293554
8118,3000,17198.754565
8308,3000,17209.097536
7850,3000,17219.82966
8176,3000,17229.683522
8148,3000,17239.858192
8278,3000,17249.985218
7922,3000,17260.534344
8474,3000,17270.986851
7618,3000,17281.804087
8144,3000,17292.300543
8038,3000,17302.628745
7940,3000,17312.213856
8088,3000,17322.736116
8060,3000,17333.218026
8154,3000,17343.456719
8234,3000,17354.100901
8524,3000,17364.496166
7654,3000,17374.789824
7886,3000,17384.828836
8436,3000,17394.880984
7920,3000,17405.155836
8102,3000,17429.476629
8134,3000,17439.788623
8064,3000,17450.432852
8108,3000,17460.928929
8170,3000,17471.385188
8156,3000,17481.556696
8020,3000,17491.699894
8080,3000,17502.353293
8426,3000,17513.101128
8090,3000,17523.645174
7948,3000,17533.341676
7922,3000,17543.515862
8062,3000,17554.005693
8204,3000,17564.138987
8010,3000,17574.441989
8272,3000,17585.337086
8344,3000,17595.547128
8260,3000,17606.232629
8112,3000,17616.678125
8036,3000,17626.945246
8372,3000,17637.498903
8078,3000,17647.740995
8288,3000,17658.026493
8444,3000,17668.296221
8326,3000,17678.851511
8094,3000,17689.259837
8156,3000,17699.245617
8328,3000,17710.057232
7960,3000,17720.35939
8354,3000,17730.864323
8224,3000,17741.399237
8376,3000,17751.799797
7660,3000,17761.849169
7830,3000,17772.038
8128,3000,17782.763006
8054,3000,17793.761643
8034,3000,17803.879022
8224,3000,17814.072641
8288,3000,17823.951734
8062,3000,17834.276278
8630,3000,17845.060777
8086,3000,17855.398875
7966,3000,17865.638804
8132,3000,17875.805327
8442,3000,17886.001699
8158,3000,17896.257971
8330,3000,17906.403572
7936,3000,17916.530094
8240,3000,17926.695816
8154,3000,17937.182112
8440,3000,17947.75619
8064,3000,17958.158712
8056,3000,17968.476879
8128,3000,17978.899666
7942,3000,17989.406322
8058,3000,17999.59161
7926,3000,18010.144753
8072,3000,18020.122543
8100,3000,18030.34024
7986,3000,18040.694655
8606,3000,18051.025373
8446,3000,18061.279346
8170,3000,18071.528432
8238,3000,18081.777187
7926,3000,18092.39782
8308,3000,18102.548403
7886,3000,18112.600147
8226,3000,18137.221212
8412,3000,18147.720223
8320,3000,18158.090179
8300,3000,18168.449018
8166,3000,18179.17594
8032,3000,18189.600351
8074,3000,18199.845852
8358,3000,18210.031992
8046,3000,18220.357077
8248,3000,18230.926415
8186,3000,18240.982605
7836,3000,18251.323734
7934,3000,18261.785178
8328,3000,18272.377228
7852,3000,18282.630325
8126,3000,18292.874464
8406,3000,18303.199756
7860,3000,18313.544865
7926,3000,18323.565987
8224,3000,18333.759453
8038,3000,18344.064598
8288,3000,18354.567556
8136,3000,18364.895834
8118,3000,18375.038626
7782,3000,18385.154779
8060,3000,18395.101765
8136,3000,18405.721024
8212,3000,18415.778539
8120,3000,18425.788855
8190,3000,18436.143581
7772,3000,18446.196854
8302,3000,18456.902491
8090,3000,18467.363234
7930,3000,18478.062771
8144,3000,18488.341527
8048,3000,18498.676327
8124,3000,18509.090962
7832,3000,18519.28654
8248,3000,18529.564982
8268,3000,18540.213292
8264,3000,18549.984962
7760,3000,18560.186364
7946,3000,18570.899626
7692,3000,18581.06927
8254,3000,18591.543612
8148,3000,18601.427487
8500,3000,18611.690867
7976,3000,18622.397072
8000,3000,18632.592008
8236,3000,18643.098038
7836,3000,18652.875712
8210,3000,18663.652584
8286,3000,18673.694514
8142,3000,18684.278979
8294,3000,18694.590126
8220,3000,18704.717233
8074,3000,18715.591879
8004,3000,18726.120271
7954,3000,18736.352413
8292,3000,18746.55689
7960,3000,18757.302175
8046,3000,18767.925182
7938,3000,18778.08584
8310,3000,18788.031551
8216,3000,18798.476508
8176,3000,18808.830805
8006,3000,18833.671448
7698,3000,18843.81435
8140,3000,18854.548209
8028,3000,18864.895739
8028,3000,18875.013446
8280,3000,18885.557984
8046,3000,18895.651502
8086,3000,18906.348049
8064,3000,18916.987392
8120,3000,18927.492815
7880,3000,18937.577084
7952,3000,18948.085629
8230,3000,18958.588615
8070,3000,18968.781798
8152,3000,18978.916403
8096,3000,18989.491757
8164,3000,18999.778
8108,3000,19010.123963
7978,3000,19020.579203
8226,3000,19030.75939
8102,3000,19041.371147
8170,3000,19052.211785
8260,3000,19062.781216
8022,3000,19072.895295
7914,3000,19083.931224
8052,3000,19094.004457
8058,3000,19104.324225
8054,3000,19114.613084
8238,3000,19125.12866
8096,3000,19135.10967
8212,3000,19145.297193
8068,3000,19155.513486
8054,3000,19166.093539
8154,3000,19176.489515
8120,3000,19186.615334
8310,3000,19197.121237
7960,3000,19207.396849
8074,3000,19217.740441
8334,3000,19228.66403
8246,3000,19238.882628
8156,3000,19249.382336
8180,3000,19260.242746
8084,3000,19270.658918
8176,3000,19281.250096
8132,3000,19291.33445
7906,3000,19301.341926
8308,3000,19311.528415
8154,3000,19322.222045
7862,3000,19332.518995
8206,3000,19342.62992
8232,3000,19352.742409
8150,3000,19363.072494
8128,3000,19373.880338
8138,3000,19384.126597
7784,3000,19394.425951
8322,3000,19404.373003
8386,3000,19414.940264
8114,3000,19425.247646
8058,3000,19436.142097
8228,3000,19446.805148
7934,3000,19457.185749
8030,3000,19468.115829
8568,3000,19478.97912
8144,3000,19489.558212
8188,3000,19500.023314
8308,3000,19510.054164
7986,3000,19520.369231
8328,3000,19545.710678
7972,3000,19555.985565
8168,3000,19567.164926
8068,3000,19577.23174
7976,3000,19587.124562
8206,3000,19597.732469
8066,3000,19608.270295
8094,3000,19618.505395
8082,3000,19628.580185
8216,3000,19638.695016
8272,3000,19649.121027
8214,3000,19659.427821
7858,3000,19669.538245
7814,3000,19679.769789
8334,3000,19689.927929
8382,3000,19701.184944
7824,3000,19711.976178
8224,3000,19721.888342
8230,3000,19732.190566
8020,3000,19742.704963
7752,3000,19752.700945
7664,3000,19763.072161
8170,3000,19773.282164
8338,3000,19783.817619
8012,3000,19793.976382
8030,3000,19804.460118
7992,3000,19814.95844
7962,3000,19825.673691
8070,3000,19836.201606
8492,3000,19846.907783
8500,3000,19857.597813
8140,3000,19868.245396
8204,3000,19879.293755
8268,3000,19889.720847
7978,3000,19899.545155
8054,3000,19909.780543
8068,3000,19920.072678
8236,3000,19931.295169
8102,3000,19941.514804
8114,3000,19951.29183
7990,3000,19961.50353
8064,3000,19971.655748
7974,3000,19982.173885
8024,3000,19992.878887
8270,3000,20003.196395
8554,3000,20013.659622
7846,3000,20024.191174
7944,3000,20035.035511
7894,3000,20045.066364
7860,3000,20055.964838
8052,3000,20066.014977
8070,3000,20076.494277
7850,3000,20086.708424
8238,3000,20096.550386
8026,3000,20107.470493
8082,3000,20117.840757
8314,3000,20128.343371
8282,3000,20138.941906
8088,3000,20148.837214
8112,3000,20159.22441
8112,3000,20169.680326
7902,3000,20179.670907
8138,3000,20190.228047
8178,3000,20200.449176
8084,3000,20210.920515
8018,3000,20221.39954
8228,3000,20231.75339
8308,3000,20256.871974
8238,3000,20267.698733
8176,3000,20277.775172
8104,3000,20288.183838
7834,3000,20298.384748
8254,3000,20308.927506
8168,3000,20319.28578
7928,3000,20329.579323
8368,3000,20339.800832
8292,3000,20350.23241
7862,3000,20360.260291
7994,3000,20370.855379
8136,3000,20380.954269
8384,3000,20391.248293
7922,3000,20401.233332
8260,3000,20411.411613
8108,3000,20421.817222
7952,3000,20431.940724
7748,3000,20441.980031
8292,3000,20452.409782
8212,3000,20463.176136
8126,3000,20473.565648
7908,3000,20483.810677
7974,3000,20493.877096
8674,3000,20504.255533
7948,3000,20514.670695
8390,3000,20525.3788
8058,3000,20536.010483
8038,3000,20545.98516
8112,3000,20556.005661
8150,3000,20565.865429
8048,3000,20576.186698
8094,3000,20586.369205
7616,3000,20596.495988
8182,3000,20606.932926
8286,3000,20617.210314
8242,3000,20627.062501
8224,3000,20637.436341
7896,3000,20647.607473
7892,3000,20657.868969
8184,3000,20667.775785
8042,3000,20678.24066
8154,3000,20689.041746
8452,3000,20699.64406
8432,3000,20709.989402
7988,3000,20720.257065
8056,3000,20730.936335
8080,3000,20741.681792
8288,3000,20752.08119
8240,3000,20762.891839
7892,3000,20773.129387
8098,3000,20783.819809
8638,3000,20793.900348
8046,3000,20803.77596
7656,3000,20814.058391
8020,3000,20824.151541
8338,3000,20834.871883
8076,3000,20845.366436
8106,3000,20855.353368
8190,3000,20865.454776
8008,3000,20875.70133
8200,3000,20885.874822
8380,3000,20896.068503
7984,3000,20906.552548
8234,3000,20916.700299
8000,3000,20926.88858
7936,3000,20951.382954
8366,3000,20961.686405
8050,3000,20971.665627
7872,3000,20981.919906
8122,3000,20992.71838
8074,3000,21003.122673
8486,3000,21013.401862
8050,3000,21023.897002
8390,3000,21034.175812
8028,3000,21044.495265
8076,3000,21054.880248
8026,3000,21064.610189
8000,3000,21074.868256
8040,3000,21085.389505
8074,3000,21095.773357
7870,3000,21106.312079
8042,3000,21117.06322
8202,3000,21127.327613
7994,3000,21137.559541
7690,3000,21147.57707
8018,3000,21157.759364
7920,3000,21168.035148
7856,3000,21178.782099
8008,3000,21188.807043
7846,3000,21199.257225
8396,3000,21209.378984
7982,3000,21219.676881
8018,3000,21230.025775
8070,3000,21241.003343
8398,3000,21251.16021
8282,3000,21261.530553
8222,3000,21271.547131
8028,3000,21282.435569
8086,3000,21293.041559
7962,3000,21303.242148
8216,3000,21313.319223
8170,3000,21323.816204
8086,3000,21334.357554
8410,3000,21344.910781
8222,3000,21355.523575
8158,3000,21366.120741
8308,3000,21376.423444
8096,3000,21386.748857
8392,3000,21396.949237
7920,3000,21407.448969
8236,3000,21417.668557
7992,3000,21427.656188
7930,3000,21438.028092
8020,3000,21448.004626
8046,3000,21458.26915
8460,3000,21468.996408
8564,3000,21479.532202
8260,3000,21489.848511
7948,3000,21499.872541
8002,3000,21510.148215
8078,3000,21520.396857
8024,3000,21530.595613
8056,3000,21541.201966
8166,3000,21551.385842
8064,3000,21562.20177
8176,3000,21572.665213
8154,3000,21583.480466
8052,3000,21593.90679
8202,3000,21604.869931
8364,3000,21615.33917
7780,3000,21625.611353
8226,3000,21636.019301
8422,3000,21661.509459
8110,3000,21672.113731
8004,3000,21682.471308
8060,3000,21692.586349
7996,3000,21703.150749
8036,3000,21713.431289
8018,3000,21723.997954
7864,3000,21734.229069
7872,3000,21744.493509
7872,3000,21754.735173
8196,3000,21765.159617
7948,3000,21775.546073
8186,3000,21785.943867
7948,3000,21796.460552
7992,3000,21806.934047
8492,3000,21817.695601
8044,3000,21828.262877
8144,3000,21838.684372
7996,3000,21849.166708
8314,3000,21859.73489
8056,3000,21870.020952
7762,3000,21880.348154
7850,3000,21890.418369
7710,3000,21900.972175
8192,3000,21911.355418
8056,3000,21921.37157
7994,3000,21931.728836
8044,3000,21941.886201
8094,3000,21952.475625
8024,3000,21963.125025
8020,3000,21973.638402
8238,3000,21984.198533
8280,3000,21994.66518
8066,3000,22004.991829
8364,3000,22015.362243
8296,3000,22025.485009
8448,3000,22035.834954
8474,3000,22046.485242
7884,3000,22056.548212
7784,3000,22066.411777
8076,3000,22077.13429
8168,3000,22087.391825
8076,3000,22097.915723
8366,3000,22107.9456
7992,3000,22118.337959
8154,3000,22128.94881
8092,3000,22139.196914
7664,3000,22149.496798
8156,3000,22159.676207
7938,3000,22169.578183
8018,3000,22179.820761
7948,3000,22190.086958
7954,3000,22200.319014
7942,3000,22210.837153
8364,3000,22221.462523
7976,3000,22231.902374
8282,3000,22242.353651
8618,3000,22252.838154
8142,3000,22263.087415
7912,3000,22273.387513
8430,3000,22283.935719
7904,3000,22294.213394
8012,3000,22304.756541
7896,3000,22314.825527
8148,3000,22325.133795
8052,3000,22335.509536
8158,3000,22345.66869
7876,3000,22370.504336
8198,3000,22380.937077
8482,3000,22390.761593
7924,3000,22400.961604
8028,3000,22411.159934
7884,3000,22421.303784
8278,3000,22431.783767
7780,3000,22441.685161
7840,3000,22451.857939
8112,3000,22462.011468
8378,3000,22472.329776
8352,3000,22482.688201
8246,3000,22492.819474
8054,3000,22503.249474
8170,3000,22513.354701
7884,3000,22523.706299
8030,3000,22534.191436
8074,3000,22544.818953
7992,3000,22555.012531
8058,3000,22564.816982
8194,3000,22575.05706
8190,3000,22585.677291
7944,3000,22595.684489
8122,3000,22605.654176
7966,3000,22616.771688
8344,3000,22627.711177
8114,3000,22638.627854
8172,3000,22648.696103
7990,3000,22658.370615
7966,3000,22668.547871
8268,3000,22679.1712
8272,3000,22690.039602
7896,3000,22700.208856
8240,3000,22710.294906
8054,3000,22720.829987
7946,3000,22730.747632
8082,3000,22741.408996
7842,3000,22751.676699
7984,3000,22761.755479
7932,3000,22771.607997
8388,3000,22781.894159
8036,3000,22792.714361
8164,3000,22803.337166
8042,3000,22813.975968
7930,3000,22824.379914
7658,3000,22834.519022
7910,3000,22845.135242
7908,3000,22855.31292
8082,3000,22865.913839
7920,3000,22876.1349
8048,3000,22886.324835
7848,3000,22896.82085
8212,3000,22907.264927
7958,3000,22917.896234
7956,3000,22927.697926
7980,3000,22938.132218
8046,3000,22948.551434
8104,3000,22959.054066
7892,3000,22969.072218
7954,3000,22979.45341
7604,3000,22989.502123
7820,3000,22999.938475
8354,3000,23010.870467
7888,3000,23021.794967
8220,3000,23032.382337
7912,3000,23043.150369
8056,3000,23068.895889
7524,3000,23080.1851
8024,3000,23091.034923
7844,3000,23101.819254
8000,3000,23113.115171
8108,3000,23123.900561
7738,3000,23134.242127
7832,3000,23144.434184
7806,3000,23154.993105
8012,3000,23165.031091
8198,3000,23175.60728
8262,3000,23185.849168
8100,3000,23196.134139
7898,3000,23206.269066
7894,3000,23216.723942
8086,3000,23227.152184
7840,3000,23237.505241
7890,3000,23247.851985
8150,3000,23258.650493
8144,3000,23269.160877
7966,3000,23279.400699
7944,3000,23289.652634
7948,3000,23299.861647
7982,3000,23310.299935
7908,3000,23320.973013
7882,3000,23331.282192
7878,3000,23341.719242
7970,3000,23352.209935
8266,3000,23362.683712
8200,3000,23373.262387
8038,3000,23383.399679
8052,3000,23393.554781
8280,3000,23404.096107
8180,3000,23414.506361
8100,3000,23424.654231
8132,3000,23435.162041
8030,3000,23445.671882
7770,3000,23455.81333
8340,3000,23466.66275
8432,3000,23477.123258
8176,3000,23487.364312
7992,3000,23497.439328
8040,3000,23508.108225
8020,3000,23518.416442
8014,3000,23528.656538
8030,3000,23539.07848
7716,3000,23548.986449
7812,3000,23559.080487
8022,3000,23570.026361
7682,3000,23580.008266
7772,3000,23590.089787
7854,3000,23600.217463
8126,3000,23610.341719
8078,3000,23620.467444
8464,3000,23631.000867
7806,3000,23640.744016
8118,3000,23651.522288
7944,3000,23661.979213
7950,3000,23672.776009
7972,3000,23683.219308
8076,3000,23693.766045
7832,3000,23704.189031
8160,3000,23714.437071
8110,3000,23725.120764
7978,3000,23735.500062
8170,3000,23745.529578
8204,3000,23755.692036
8014,3000,23780.469471
8012,3000,23790.397547
8130,3000,23801.028877
8096,3000,23811.303813
7972,3000,23821.356382
8158,3000,23831.704395
8060,3000,23841.865967
7914,3000,23852.217799
7752,3000,23862.456893
8148,3000,23872.922867
7816,3000,23883.408215
7976,3000,23893.54531
8220,3000,23903.667071
8002,3000,23914.691471
8064,3000,23925.317238
7864,3000,23935.352871
7828,3000,23945.259303
8168,3000,23955.970215
8356,3000,23966.825774
7854,3000,23977.261331
7606,3000,23987.939845
7952,3000,23998.276649
7864,3000,24008.430657
8108,3000,24018.395426
7888,3000,24028.588795
8196,3000,24039.373
8040,3000,24050.297515
7874,3000,24061.09812
7766,3000,24071.651463
7956,3000,24082.076293
7998,3000,24092.189358
7998,3000,24102.974187
8004,3000,24113.507922
7688,3000,24124.567312
8164,3000,24135.369159
7882,3000,24145.586746
8246,3000,24156.276334
8120,3000,24166.821522
7928,3000,24176.869677
7962,3000,24187.219424
7648,3000,24196.707131
7758,3000,24207.158199
7844,3000,24217.010207
7784,3000,24227.039569
8170,3000,24236.930957
7978,3000,24247.061564
8246,3000,24257.161787
8088,3000,24267.814498
8242,3000,24278.326591
8062,3000,24288.589908
7996,3000,24298.313387
7936,3000,24308.723688
7956,3000,24319.113773
7940,3000,24329.589343
7802,3000,24339.823333
7952,3000,24349.75938
7908,3000,24360.388962
8288,3000,24371.136539
8142,3000,24381.594354
7886,3000,24392.252793
7964,3000,24402.499562
8090,3000,24412.606935
8238,3000,24423.086844
7780,3000,24433.300898
7840,3000,24443.22435
7994,3000,24453.467034
8148,3000,24463.827741
8046,3000,24489.050136
8030,3000,24499.996385
8274,3000,24510.481853
8064,3000,24520.719741
8404,3000,24531.513541
7972,3000,24541.723878
8016,3000,24553.019245
8044,3000,24563.464481
8146,3000,24574.096256
7790,3000,24584.502072
8084,3000,24594.699042
8016,3000,24605.001566
7980,3000,24615.461115
7874,3000,24626.425948
8094,3000,24636.811115
8086,3000,24647.076175
7988,3000,24657.357213
7830,3000,24668.096132
8076,3000,24678.485394
8124,3000,24688.993063
7992,3000,24699.643269
8300,3000,24709.985884
8080,3000,24720.577296
8242,3000,24731.005464
8032,3000,24741.469254
7780,3000,24751.601594
8262,3000,24762.223544
7868,3000,24772.224023
8152,3000,24782.82322
8092,3000,24793.10004
7900,3000,24803.360349
8024,3000,24813.253118
8056,3000,24823.418849
7892,3000,24834.107891
8004,3000,24844.643226
8028,3000,24855.028315
7940,3000,24865.327924
7920,3000,24875.745635
8002,3000,24886.431333
7900,3000,24896.611203
8332,3000,24907.201197
7848,3000,24917.900537
7826,3000,24928.197334
8178,3000,24939.219959
7948,3000,24949.655708
7890,3000,24960.093577
8040,3000,24970.70067
8036,3000,24980.731165
7958,3000,24991.758416
8380,3000,25001.679211
7744,3000,25012.145257
7724,3000,25022.564568
7930,3000,25032.679329
7828,3000,25043.065303
8122,3000,25053.581073
8146,3000,25064.359984
8008,3000,25074.607748
7974,3000,25084.616018
7842,3000,25094.890023
7736,3000,25104.924588
8298,3000,25115.457042
7962,3000,25125.857203
8208,3000,25136.142978
8094,3000,25146.407459
8092,3000,25156.374812
8104,3000,25166.517906
8024,3000,25191.974097
7744,3000,25201.765214
8000,3000,25212.575969
8014,3000,25222.781853
7836,3000,25232.65089
8318,3000,25243.52544
8214,3000,25254.09815
7876,3000,25264.146726
7720,3000,25274.703638
7992,3000,25284.991048
7770,3000,25295.278842
8082,3000,25305.62856
7806,3000,25316.052691
8132,3000,25325.963353
8078,3000,25336.173968
8084,3000,25346.40829
7978,3000,25356.768187
7680,3000,25366.879076
8214,3000,25377.504592
8126,3000,25387.845276
7786,3000,25398.40357
7942,3000,25408.50622
8522,3000,25419.069387
7924,3000,25429.688213
8182,3000,25439.874356
8260,3000,25450.363092
8202,3000,25460.221769
8136,3000,25470.426747
8258,3000,25480.685722
7788,3000,25490.946985
8098,3000,25501.190163
8166,3000,25511.610343
7922,3000,25522.197699
8116,3000,25532.648962
8134,3000,25543.6195
7996,3000,25554.024161
8114,3000,25564.635161
8126,3000,25574.79226
7628,3000,25585.290383
8032,3000,25595.409607
7988,3000,25605.451101
7990,3000,25615.908534
7698,3000,25625.970664
7788,3000,25635.551835
7924,3000,25645.604097
7846,3000,25655.594782
8260,3000,25666.10735
8170,3000,25676.344706
8298,3000,25686.411799
8528,3000,25697.071581
8008,3000,25707.401422
8178,3000,25718.439507
7910,3000,25728.862729
7800,3000,25739.396117
8066,3000,25750.231587
8100,3000,25760.78557
7854,3000,25770.952255
8284,3000,25781.561564
8112,3000,25791.977379
7914,3000,25802.645949
8038,3000,25812.763873
7886,3000,25822.790893
8092,3000,25833.050499
8164,3000,25843.110309
8150,3000,25853.235781
8038,3000,25863.914524
8160,3000,25874.654037
7904,3000,25900.168923
8118,3000,25910.828077
7968,3000,25920.734577
8102,3000,25931.630802
8094,3000,25941.799509
7868,3000,25952.065171
7940,3000,25962.356128
8118,3000,25972.722093
7928,3000,25982.911429
7788,3000,25993.334338
7798,3000,26004.33735
8096,3000,26014.556269
7886,3000,26024.628323
8204,3000,26034.909461
8204,3000,26045.217456
8338,3000,26055.847639
8282,3000,26066.534658
8094,3000,26077.099542
7986,3000,26087.592985
8006,3000,26097.858118
7918,3000,26108.167627
7672,3000,26118.322229
8028,3000,26128.690895
7928,3000,26139.094008
7836,3000,26149.631773
7992,3000,26160.273626
8028,3000,26171.387233
7974,3000,26182.093535
7888,3000,26192.689077
8066,3000,26203.456067
8424,3000,26213.913853
8130,3000,26224.474143
7928,3000,26234.795954
7910,3000,26245.609509
7892,3000,26256.40352
7936,3000,26266.561266
8024,3000,26276.900723
8126,3000,26287.158407
8224,3000,26297.370825
7886,3000,26307.392094
8222,3000,26318.113224
7840,3000,26328.383611
7830,3000,26338.928913
7836,3000,26349.301658
7996,3000,26359.756522
8036,3000,26370.115321
8020,3000,26380.878771
8116,3000,26391.17755
8202,3000,26401.265791
7978,3000,26411.827101
8130,3000,26422.311677
7840,3000,26433.591319
8086,3000,26444.75336
7888,3000,26455.375348
7912,3000,26466.297613
8226,3000,26476.800026
7876,3000,26486.842301
8124,3000,26497.576191
7970,3000,26508.107712
7966,3000,26518.577394
7856,3000,26528.668172
8190,3000,26538.845798
8130,3000,26549.204616
8054,3000,26559.874734
8278,3000,26570.611254
8094,3000,26581.113161
7942,3000,26591.369891
7804,3000,26616.620034
7916,3000,26627.603168
8124,3000,26637.932822
8300,3000,26648.545186
7998,3000,26659.560308
8492,3000,26669.847908
8164,3000,26680.530394
8082,3000,26690.728139
8144,3000,26701.368881
8262,3000,26711.678427
8172,3000,26721.783351
7812,3000,26731.936312
7910,3000,26742.188085
8032,3000,26752.299885
7976,3000,26762.507951
8014,3000,26773.204595
8250,3000,26783.586076
8328,3000,26794.218149
7980,3000,26804.40714
7820,3000,26814.655381
8076,3000,26825.064961
8016,3000,26835.392131
8188,3000,26846.099746
8166,3000,26856.956178
8014,3000,26867.369465
8262,3000,26878.007349
7988,3000,26888.631564
8048,3000,26898.595849
7978,3000,26908.953446
7506,3000,26918.995569
8000,3000,26929.253603
8106,3000,26939.499184
8142,3000,26950.018209
7926,3000,26960.097148
7776,3000,26970.367758
8290,3000,26980.554242
8244,3000,26991.215374
8244,3000,27002.059907
7992,3000,27012.566053
7972,3000,27023.052551
8030,3000,27033.599303
7924,3000,27043.826255
8118,3000,27054.180219
8236,3000,27064.545438
8148,3000,27074.76467
8024,3000,27084.941327
7972,3000,27095.315591
8388,3000,27105.804698
7934,3000,27116.22099
7562,3000,27126.395887
8204,3000,27136.760235
7756,3000,27147.232143
8158,3000,27157.507362
7968,3000,27167.833389
7830,3000,27178.182559
7730,3000,27188.778193
8020,3000,27198.664807
7850,3000,27208.947488
8098,3000,27219.286133
7834,3000,27229.679723
7910,3000,27239.77245
7690,3000,27250.41625
7984,3000,27260.927952
7798,3000,27271.095264
8530,3000,27281.821625
7934,3000,27292.443444
7942,3000,27317.789416
7738,3000,27328.147807
7836,3000,27338.655581
7980,3000,27349.303599
7914,3000,27359.911718
8126,3000,27370.965179
7952,3000,27381.467202
8148,3000,27392.322345
7944,3000,27403.025805
7984,3000,27413.412927
7974,3000,27423.388429
8066,3000,27433.636428
8308,3000,27444.24605
8136,3000,27454.645424
8080,3000,27465.447772
8302,3000,27476.140703
8020,3000,27485.997696
7992,3000,27496.020801
7720,3000,27505.789356
8144,3000,27515.908076
7892,3000,27526.478188
8366,3000,27537.447809
8240,3000,27548.269504
7902,3000,27558.090836
8194,3000,27568.176073
8218,3000,27578.593152
8028,3000,27588.852519
8024,3000,27599.228541
8198,3000,27609.512927
7916,3000,27620.039948
8152,3000,27630.206909
7988,3000,27640.376822
7694,3000,27650.512886
7582,3000,27660.31918
8160,3000,27671.056016
8092,3000,27681.429747
8282,3000,27691.714341
8170,3000,27702.199088
8120,3000,27712.853651
7954,3000,27723.705275
7948,3000,27734.613181
8076,3000,27744.60618
8102,3000,27754.714128
8066,3000,27765.051232
8090,3000,27774.93574
8048,3000,27785.475294
8118,3000,27795.819355
7962,3000,27806.532969
8018,3000,27816.679976
8158,3000,27826.704855
7924,3000,27837.512709
7970,3000,27847.892485
8120,3000,27858.34961
8198,3000,27868.997058
7726,3000,27879.28368
7926,3000,27889.522902
8110,3000,27900.0246
7982,3000,27910.14315
8250,3000,27920.925599
8020,3000,27931.808957
8208,3000,27942.894192
7844,3000,27953.086527
8000,3000,27963.175099
8024,3000,27973.680019
8028,3000,27984.515379
7990,3000,27995.07619
8276,3000,28005.836311
7646,3000,28031.877586
8108,3000,28043.09323
8292,3000,28053.250664
8216,3000,28064.120195
7930,3000,28074.73714
7712,3000,28084.823971
8250,3000,28095.341429
8234,3000,28106.092406
8166,3000,28116.406844
8086,3000,28127.035186
8092,3000,28137.496585
8130,3000,28148.196025
8300,3000,28158.517565
8272,3000,28168.970214
8222,3000,28179.096546
7964,3000,28189.295442
8002,3000,28200.053192
7894,3000,28210.537685
8518,3000,28221.543226
8060,3000,28232.298893
7986,3000,28242.576282
8078,3000,28252.811625
7856,3000,28263.160591
7956,3000,28273.607115
8236,3000,28284.397106
8078,3000,28294.823945
8230,3000,28305.286952
8206,3000,28315.406048
8194,3000,28325.753281
7844,3000,28335.728555
8108,3000,28346.327534
7894,3000,28356.933372
8010,3000,28367.640841
8124,3000,28378.150097
8126,3000,28388.752678
8074,3000,28399.403648
8236,3000,28409.894196
7812,3000,28420.230245
8056,3000,28430.317993
8250,3000,28440.328125
8052,3000,28450.02981
7950,3000,28460.325649
8154,3000,28470.769116
8154,3000,28481.12227
8064,3000,28491.090246
7958,3000,28501.261523
8176,3000,28511.246569
7510,3000,28521.354049
7880,3000,28531.662773
7716,3000,28541.885354
8068,3000,28552.449254
8052,3000,28562.494933
7910,3000,28572.353138
8206,3000,28582.524576
8268,3000,28593.324018
8130,3000,28603.673112
8050,3000,28613.900499
7966,3000,28624.45676
7852,3000,28635.233559
7876,3000,28645.439005
8068,3000,28655.863075
7980,3000,28666.752769
7808,3000,28677.198107
8150,3000,28688.002071
7968,3000,28698.270004
7910,3000,28708.450494
8136,3000,28719.003367
8014,3000,28743.965019
7886,3000,28754.177932
8104,3000,28765.261198
8076,3000,28775.700726
7964,3000,28786.290402
7950,3000,28796.37168
7902,3000,28806.739727
7842,3000,28817.533461
8270,3000,28828.070968
7806,3000,28838.306684
7922,3000,28848.820302
8124,3000,28859.167037
7538,3000,28869.843074
8106,3000,28880.749199
8144,3000,28890.857674
8286,3000,28901.45407
8192,3000,28911.750774
7980,3000,28922.282804
8226,3000,28932.920172
8158,3000,28942.798326
7890,3000,28953.771892
8054,3000,28963.999873
8326,3000,28974.852189
7840,3000,28985.595515
8422,3000,28996.320575
8022,3000,29007.05165
8008,3000,29016.95644
8128,3000,29027.707973
7826,3000,29037.983235
8174,3000,29048.418866
8298,3000,29058.731525
8224,3000,29069.317941
8306,3000,29080.128245
8246,3000,29091.407629
8126,3000,29102.226096
8146,3000,29113.283185
8040,3000,29123.838399
7976,3000,29134.088715
8222,3000,29144.866343
8310,3000,29156.016165
8220,3000,29166.152484
7972,3000,29176.498477
8064,3000,29186.916969
8058,3000,29197.267809
8032,3000,29208.084523
8032,3000,29218.592402
8268,3000,29229.5191
8122,3000,29240.170169
7974,3000,29250.367105
7864,3000,29260.717973
7966,3000,29271.570423
8204,3000,29282.48702
8014,3000,29293.172885
7696,3000,29303.550754
7906,3000,29313.665742
7718,3000,29324.062477
8192,3000,29334.497254
8248,3000,29345.140594
8414,3000,29355.599572
8100,3000,29365.993898
8000,3000,29376.213518
8060,3000,29386.615055
8174,3000,29396.944145
8136,3000,29406.969762
7634,3000,29417.350332
8214,3000,29428.477974
7974,3000,29453.83287
8154,3000,29463.898584
8400,3000,29475.141187
8406,3000,29486.441505
8072,3000,29496.563143
7868,3000,29507.264561
8196,3000,29517.927824
8344,3000,29528.810017
7944,3000,29539.052282
8042,3000,29549.167672
8092,3000,29559.501362
8254,3000,29569.634737
7824,3000,29580.302224
8396,3000,29590.738502
7950,3000,29601.025616
8040,3000,29611.092947
8208,3000,29621.368192
7924,3000,29631.888856
8276,3000,29642.268884
8198,3000,29652.234452
8148,3000,29662.763228
8314,3000,29673.036617
7966,3000,29682.962593
8200,3000,29693.299005
7654,3000,29704.004692
8014,3000,29714.329917
8230,3000,29724.78476
8208,3000,29735.448517
8188,3000,29745.640846
7936,3000,29756.167192
8116,3000,29766.489347
8196,3000,29777.266266
7926,3000,29787.537339
8206,3000,29798.185742
7848,3000,29808.401712
8374,3000,29818.66355
7780,3000,29828.612761
8092,3000,29838.902243
8106,3000,29848.8481
8138,3000,29859.137681
7992,3000,29869.795468
8268,3000,29880.031769
7978,3000,29890.324858
8122,3000,29900.821608
8038,3000,29911.767564
8346,3000,29922.651817
7968,3000,29932.974669
8224,3000,29943.44348
8304,3000,29953.878585
8280,3000,29964.525331
8170,3000,29975.076359
8236,3000,29985.960909
8124,3000,29996.567657
8178,3000,30006.908207
8364,3000,30017.46194
7992,3000,30027.962598
8074,3000,30038.149067
7988,3000,30048.501235
7888,3000,30058.629858
8070,3000,30069.221253
7922,3000,30080.294568
7706,3000,30090.640909
8018,3000,30101.409167
7910,3000,30111.586148
7954,3000,30121.979343
7844,3000,30132.149863
8024,3000,30142.677784
8012,3000,30168.14788
8360,3000,30178.604823
8232,3000,30188.83265
8054,3000,30199.577548
8042,3000,30209.926216
7952,3000,30220.423619
8400,3000,30230.954355
8204,3000,30240.795084
7956,3000,30251.224993
8004,3000,30261.948855
8256,3000,30272.545929
8096,3000,30282.975016
7924,3000,30292.933828
8236,3000,30303.311033
7776,3000,30313.552088
8098,3000,30324.150872
7854,3000,30333.860609
8268,3000,30344.257218
8036,3000,30354.863198
8382,3000,30365.303514
8432,3000,30375.515471
8164,3000,30385.75094
8170,3000,30395.600124
7996,3000,30405.871198
8076,3000,30415.953375
8174,3000,30426.27538
8254,3000,30436.935814
8118,3000,30447.333989
8210,3000,30457.239044
8410,3000,30467.880255
7934,3000,30478.521655
8328,3000,30489.305058
8016,3000,30499.782134
8406,3000,30509.99125
8028,3000,30520.485477
8250,3000,30530.941386
8126,3000,30541.405673
8214,3000,30552.460608
8364,3000,30563.58982
8578,3000,30574.550863
8208,3000,30585.214773
8092,3000,30595.60635
7816,3000,30605.24359
8198,3000,30615.799554
7990,3000,30625.953756
8146,3000,30636.534351
8140,3000,30647.076148
7826,3000,30657.376502
8566,3000,30667.63143
8130,3000,30677.954965
8012,3000,30688.271608
8152,3000,30698.522749
7988,3000,30708.589518
8274,3000,30719.290203
8164,3000,30730.445042
7984,3000,30741.134285
8260,3000,30751.131873
8376,3000,30761.352087
8124,3000,30772.023963
8008,3000,30782.475112
8070,3000,30792.955408
8222,3000,30803.233742
8406,3000,30814.03079
8062,3000,30824.871303
8344,3000,30835.556402
7866,3000,30846.159653
7936,3000,30856.694398
8100,3000,30883.591632
8244,3000,30894.605888
8556,3000,30905.599128
8144,3000,30915.663424
8408,3000,30926.77132
8200,3000,30937.239316
7970,3000,30947.716337
7988,3000,30958.329112
8440,3000,30968.86098
8290,3000,30979.723604
7950,3000,30989.835051
8118,3000,31000.002985
8238,3000,31010.601394
8088,3000,31020.737741
8212,3000,31031.308635
8256,3000,31041.439512
8182,3000,31051.771059
8272,3000,31061.719307
7962,3000,31071.929243
8092,3000,31082.919679
8294,3000,31093.769269
8000,3000,31104.430216
8054,3000,31114.713384
8292,3000,31124.672532
8310,3000,31135.119536
8246,3000,31145.85145
8340,3000,31156.275788
7676,3000,31166.296046
7920,3000,31176.901923
8060,3000,31187.931133
8192,3000,31198.387648
8214,3000,31208.742787
8160,3000,31218.940095
8070,3000,31229.456274
7956,3000,31240.314606
8100,3000,31251.094355
8306,3000,31261.848719
8152,3000,31273.072477
8192,3000,31283.658085
8094,3000,31294.323247
8406,3000,31305.032531
8138,3000,31315.089
8272,3000,31325.703023
8144,3000,31336.340169
7968,3000,31346.441542
8044,3000,31357.141154
8078,3000,31367.677601
8104,3000,31377.9247
8064,3000,31387.637456
8078,3000,31398.692879
8124,3000,31409.116593
8098,3000,31419.246752
8162,3000,31429.528642
7958,3000,31440.362351
8134,3000,31450.696787
7844,3000,31461.44548
8264,3000,31471.972636
8004,3000,31482.173203
8110,3000,31492.513422
7974,3000,31503.022679
8686,3000,31513.733439
8204,3000,31524.551025
8032,3000,31535.313735
8158,3000,31545.822045
8372,3000,31556.309757
8118,3000,31566.592566
7914,3000,31591.60761
8118,3000,31602.085755
8184,3000,31612.57846
8266,3000,31622.897568
7920,3000,31633.283532
7984,3000,31643.751404
8196,3000,31654.154876
8364,3000,31665.360981
8080,3000,31675.978254
8104,3000,31686.439061
8150,3000,31697.86026
8124,3000,31708.514823
8122,3000,31719.410848
8106,3000,31729.863118
8028,3000,31740.535714
8326,3000,31751.388442
8226,3000,31761.800806
8012,3000,31772.224028
8076,3000,31782.642017
8338,3000,31792.827352
8084,3000,31803.464404
8202,3000,31814.205434
7976,3000,31825.091751
8096,3000,31835.492482
8226,3000,31846.114376
8070,3000,31856.533275
8078,3000,31866.893264
8442,3000,31878.130827
8080,3000,31888.754915
8302,3000,31899.240864
8132,3000,31909.733379
8212,3000,31920.288718
8256,3000,31931.091538
8328,3000,31941.553986
7936,3000,31951.788433
7958,3000,31962.273732
8114,3000,31972.776294
7698,3000,31983.135914
8174,3000,31993.986525
8314,3000,32004.961553
7816,3000,32015.056715
8104,3000,32025.30438
8534,3000,32035.694691
8084,3000,32046.120883
7910,3000,32056.404974
8046,3000,32066.780968
8096,3000,32077.399196
8092,3000,32088.068903
7980,3000,32098.340923
8474,3000,32108.791405
8102,3000,32119.337125
8074,3000,32130.422434
7822,3000,32140.767808
8096,3000,32151.056693
7874,3000,32161.34641
8024,3000,32171.498483
8170,3000,32182.295404
8286,3000,32192.737596
7858,3000,32203.2628
7932,3000,32213.401095
8148,3000,32224.219744
8378,3000,32234.455919
7904,3000,32244.583735
8086,3000,32255.008548
7756,3000,32265.594103
8322,3000,32276.280577
8252,3000,32286.608715
8218,3000,32312.462255
8328,3000,32322.584149
8208,3000,32332.917623
8238,3000,32343.161823
8338,3000,32353.769663
8570,3000,32364.623191
8014,3000,32374.997092
8068,3000,32385.340023
8132,3000,32395.475049
8356,3000,32406.357024
8248,3000,32416.685054
8164,3000,32427.071583
8264,3000,32438.010771
8160,3000,32448.421631
8342,3000,32459.003391
8094,3000,32469.469047
8008,3000,32480.008417
8226,3000,32490.266335
8204,3000,32500.660389
7902,3000,32511.465897
8222,3000,32521.762445
7898,3000,32531.630809
8102,3000,32542.118461
7788,3000,32552.270386
8232,3000,32562.808489
8228,3000,32573.335508
7922,3000,32584.038218
8166,3000,32594.687172
8128,3000,32605.329256
8204,3000,32617.088967
8122,3000,32627.639563
8194,3000,32638.412344
7946,3000,32648.999422
8108,3000,32659.66445
8204,3000,32670.597215
8246,3000,32681.26797
8150,3000,32691.712651
7996,3000,32702.171933
7992,3000,32712.343335
8372,3000,32723.201879
8214,3000,32734.093112
8328,3000,32744.719107
7980,3000,32754.940089
8428,3000,32765.066189
8204,3000,32775.691941
8004,3000,32786.247535
8312,3000,32797.04408
8276,3000,32807.418374
8346,3000,32817.89097
8332,3000,32828.265448
7822,3000,32838.683907
8110,3000,32849.200838
8512,3000,32860.113416
7954,3000,32870.543024
8352,3000,32880.866898
8180,3000,32890.858833
7942,3000,32901.445289
8162,3000,32911.76113
8248,3000,32922.496307
8000,3000,32933.107454
8048,3000,32943.54949
8160,3000,32954.424837
8180,3000,32964.992794
8182,3000,32975.396689
8138,3000,32985.877738
8358,3000,32996.450409
8394,3000,33006.961211
8278,3000,33033.36406
8064,3000,33044.00673
8286,3000,33054.793764
8152,3000,33065.556401
8398,3000,33075.943469
8418,3000,33086.669248
8086,3000,33096.726488
8110,3000,33107.338053
8192,3000,33118.380552
7868,3000,33129.074409
8256,3000,33140.266926
8458,3000,33150.664712
7890,3000,33161.024891
8364,3000,33172.52022
8130,3000,33183.205255
8176,3000,33193.254103
8072,3000,33204.201393
8286,3000,33215.093181
8208,3000,33225.603643
8306,3000,33236.266589
7936,3000,33246.336843
8204,3000,33257.032467
8138,3000,33267.794544
8124,3000,33278.769114
8204,3000,33289.550584
8160,3000,33300.345594
8222,3000,33311.23116
8370,3000,33321.61181
7942,3000,33332.668002
8288,3000,33343.29546
8252,3000,33354.020878
8492,3000,33365.245049
8106,3000,33376.173698
8474,3000,33387.171228
8480,3000,33397.583083
8004,3000,33407.951852
7962,3000,33418.902024
8098,3000,33429.278317
7852,3000,33440.148142
8102,3000,33450.663569
8258,3000,33461.469639
8214,3000,33472.072799
8212,3000,33482.885283
8112,3000,33493.343135
7742,3000,33503.612595
8242,3000,33514.347222
8324,3000,33525.203004
8440,3000,33535.949061
8052,3000,33546.50087
8160,3000,33557.078695
7968,3000,33567.771847
8330,3000,33578.738416
8322,3000,33590.03733
8266,3000,33600.546215
7998,3000,33611.464761
8050,3000,33622.238392
8514,3000,33633.005584
8390,3000,33644.031583
8370,3000,33655.527432
8084,3000,33665.909532
8374,3000,33676.979344
8212,3000,33687.781731
8340,3000,33698.009497
8570,3000,33708.803432
8326,3000,33719.284748
8366,3000,33730.182967
8144,3000,33756.120281
8276,3000,33767.421095
7968,3000,33777.912621
8254,3000,33788.632736
8218,3000,33799.354623
8114,3000,33809.652918
8104,3000,33820.542613
8366,3000,33831.292793
7860,3000,33841.834744
8320,3000,33852.625008
7940,3000,33862.913764
8460,3000,33873.939515
8210,3000,33884.2299
7902,3000,33895.17446
8242,3000,33906.419545
8452,3000,33917.296544
8362,3000,33928.303476
8254,3000,33939.284755
8316,3000,33950.401333
8300,3000,33961.433728
8178,3000,33972.255809
8128,3000,33983.111667
8376,3000,33994.310906
8094,3000,34005.029926
7992,3000,34015.961138
8242,3000,34026.814812
7872,3000,34037.284088
8138,3000,34047.580108
7992,3000,34058.561438
8110,3000,34069.61438
8020,3000,34080.729688
8448,3000,34091.662583
7818,3000,34102.501833
8016,3000,34113.538078
8372,3000,34124.518367
8186,3000,34135.159971
8118,3000,34146.803206
7978,3000,34157.613017
8272,3000,34168.641434
8166,3000,34179.4708
8098,3000,34190.302837
8428,3000,34202.344109
8056,3000,34213.119031
8082,3000,34224.211373
8028,3000,34235.187326
7920,3000,34246.058456
8144,3000,34256.742794
8106,3000,34267.702646
8280,3000,34278.751055
8436,3000,34289.823366
8110,3000,34300.854583
7914,3000,34312.097172
8010,3000,34323.168273
7998,3000,34334.184585
8122,3000,34345.100452
8136,3000,34356.679115
8140,3000,34367.432479
8222,3000,34378.615481
8084,3000,34389.352802
8040,3000,34400.421392
7980,3000,34411.751977
7940,3000,34422.622639
7560,3000,34433.938921
7996,3000,34444.969537
8126,3000,34455.63563
8146,3000,34466.102467
7846,3000,34477.396786
7694,3000,34505.701787
8052,3000,34517.410776
7778,3000,34528.197556
7850,3000,34539.800727
8242,3000,34551.166027
8070,3000,34561.604431
7986,3000,34572.599487
7976,3000,34584.105848
7532,3000,34595.747645
8142,3000,34607.673442
8198,3000,34619.120724
7940,3000,34629.964176
7702,3000,34641.572692
8132,3000,34653.149165
7724,3000,34664.06745
7994,3000,34675.496836
8282,3000,34686.569778
8082,3000,34698.002374
8126,3000,34709.470012
7708,3000,34721.247496
7988,3000,34732.286666
7972,3000,34743.507465
7944,3000,34754.667832
8238,3000,34765.875252
7802,3000,34777.426519
8062,3000,34788.316079
8358,3000,34799.917252
7766,3000,34811.580179
8138,3000,34822.755673
8116,3000,34834.239297
8010,3000,34845.875862
7744,3000,34857.404186
8130,3000,34868.762146
7704,3000,34879.828212
7948,3000,34891.80362
7926,3000,34903.034313
8302,3000,34914.623029
8158,3000,34926.0099
8118,3000,34937.075127
8052,3000,34948.182743
7996,3000,34958.890744
7484,3000,34970.645991
7950,3000,34982.193628
7750,3000,34993.294237
8184,3000,35004.393613
7962,3000,35015.667013
8154,3000,35026.79844
8026,3000,35038.342481
7840,3000,35049.684695
7810,3000,35060.860855
8202,3000,35072.08279
8080,3000,35082.637065
8164,3000,35094.537467
7882,3000,35105.615402
8076,3000,35116.76858
7982,3000,35127.926089
8200,3000,35139.141017
7956,3000,35150.255902
8426,3000,35161.941468
7916,3000,35172.896613
8180,3000,35184.088724
7910,3000,35195.358331
8034,3000,35206.468846
8158,3000,35217.428588
8266,3000,35228.26095
8430,3000,35239.092752
7956,3000,35249.80957
7924,3000,35278.272195
7998,3000,35289.855369
8050,3000,35300.956482
8126,3000,35311.841115
7778,3000,35322.956309
8042,3000,35334.311864
8144,3000,35345.324227
8010,3000,35356.523785
7998,3000,35367.373672
8064,3000,35378.229823
7916,3000,35390.22141
8112,3000,35402.366365
8258,3000,35413.725471
7966,3000,35424.564547
8128,3000,35435.459781
7908,3000,35446.780216
8070,3000,35458.381653
7884,3000,35469.880496
8166,3000,35480.743513
7936,3000,35492.035197
8292,3000,35503.387069
7758,3000,35514.208894
8126,3000,35525.38812
8372,3000,35536.572798
8100,3000,35547.223911
7968,3000,35558.415566
8302,3000,35569.962596
8070,3000,35581.51655
7930,3000,35592.878616
7826,3000,35604.200633
8738,3000,35615.842095
7790,3000,35627.854147
8104,3000,35638.211483
8074,3000,35649.219459
7854,3000,35660.58505
8118,3000,35671.861991
8012,3000,35683.104816
8206,3000,35694.224919
8126,3000,35705.695366
7894,3000,35716.532309
8236,3000,35728.477383
7682,3000,35739.956415
7886,3000,35751.315004
7728,3000,35763.093467
8158,3000,35774.962909
7986,3000,35786.158732
8088,3000,35797.678884
8250,3000,35808.794471
8120,3000,35819.63605
8248,3000,35831.229138
8104,3000,35842.40952
8314,3000,35853.773098
8150,3000,35864.753054
7658,3000,35875.774897
8010,3000,35887.109237
8510,3000,35897.473718
8226,3000,35908.233184
7906,3000,35919.702387
7962,3000,35931.770742
8016,3000,35943.428365
8270,3000,35954.505491
8152,3000,35966.083968
8104,3000,35977.690709
8408,3000,35989.262141
8180,3000,36000.787939
7936,3000,36012.092818
7678,3000,36039.552439
8032,3000,36050.836648
7972,3000,36062.496564
7874,3000,36073.509112
8224,3000,36085.301814
7814,3000,36096.308197
7950,3000,36107.474928
8178,3000,36118.437768
7876,3000,36129.70766
8202,3000,36140.765396
7988,3000,36152.01724
8248,3000,36163.14693
8100,3000,36174.468761
8294,3000,36186.1236
8324,3000,36198.628713
7952,3000,36210.442294
8132,3000,36221.396052
8306,3000,36232.416801
8058,3000,36244.043968
7958,3000,36255.556345
8298,3000,36266.722499
8162,3000,36278.340028
8280,3000,36289.458791
8260,3000,36300.919629
7862,3000,36311.822876
7810,3000,36322.929209
8010,3000,36333.753852
8024,3000,36344.857852
7886,3000,36356.650689
7882,3000,36367.568178
8236,3000,36378.604366
8066,3000,36389.936167
8086,3000,36401.373849
7722,3000,36412.884796
7764,3000,36424.822547
8030,3000,36436.462156
7984,3000,36447.789118
8456,3000,36459.626288
8210,3000,36471.034053
8132,3000,36481.962986
8170,3000,36493.087577
8150,3000,36504.497179
8064,3000,36515.532247
7872,3000,36526.948166
8078,3000,36538.290336
8076,3000,36549.632075
7906,3000,36560.661833
8158,3000,36572.392788
8164,3000,36583.386469
8032,3000,36594.559704
7952,3000,36605.530501
8248,3000,36616.816262
8046,3000,36628.41574
7924,3000,36640.709953
7866,3000,36653.020539
8172,3000,36664.184692
8178,3000,36675.234226
8246,3000,36686.852788
8086,3000,36698.216595
8452,3000,36709.677865
8014,3000,36721.109334
8128,3000,36732.540618
8166,3000,36743.61351
7908,3000,36754.796006
7692,3000,36766.502821
8296,3000,36777.589946
8014,3000,36788.774776
8136,3000,36816.30793
8068,3000,36826.996735
7852,3000,36838.096741
8356,3000,36849.274498
7854,3000,36861.21975
7806,3000,36872.042729
8120,3000,36883.323699
8194,3000,36894.343226
8272,3000,36906.162524
8358,3000,36917.136454
7874,3000,36928.344335
8188,3000,36939.974378
7856,3000,36951.128047
8130,3000,36962.356049
8188,3000,36973.750911
7548,3000,36985.137563
8122,3000,36995.984583
7980,3000,37007.827373
7934,3000,37018.752046
7878,3000,37029.780131
8032,3000,37041.039894
7734,3000,37052.026813
8102,3000,37063.915201
8086,3000,37075.08684
8370,3000,37085.933712
8124,3000,37096.659162
8164,3000,37107.714253
8306,3000,37118.721738
8088,3000,37129.637152
8156,3000,37140.591096
8580,3000,37151.729838
8048,3000,37162.462814
8190,3000,37173.10517
8168,3000,37184.07376
7938,3000,37195.445017
8110,3000,37207.171352
8254,3000,37218.789153
8178,3000,37229.773277
7972,3000,37241.030987
8114,3000,37252.404706
8166,3000,37263.498939
8186,3000,37274.882612
8216,3000,37286.246672
8064,3000,37297.612476
8090,3000,37307.968133
8490,3000,37319.290044
8218,3000,37330.283071
8080,3000,37341.561289
8150,3000,37353.278788
8136,3000,37364.434554
8042,3000,37375.830118
8152,3000,37387.066995
8156,3000,37398.002926
8022,3000,37408.666092
8100,3000,37419.801864
8160,3000,37430.695136
8062,3000,37441.706602
8176,3000,37453.063781
7744,3000,37464.127485
7928,3000,37475.252434
8450,3000,37486.672629
8430,3000,37497.58017
8054,3000,37508.836366
8304,3000,37519.987748
7670,3000,37531.305882
8068,3000,37542.413324
8032,3000,37553.793223
8312,3000,37581.638724
8158,3000,37592.92644
8228,3000,37604.484658
8052,3000,37615.661101
8102,3000,37627.010282
8294,3000,37638.727622
8030,3000,37649.979747
8248,3000,37660.987348
8150,3000,37672.662962
8010,3000,37683.433056
8184,3000,37694.609377
8318,3000,37706.478424
7750,3000,37716.913263
8036,3000,37727.836178
8120,3000,37738.436006
8244,3000,37749.379589
8024,3000,37760.115934
7728,3000,37771.455517
7982,3000,37782.418347
8254,3000,37793.110808
8436,3000,37804.500527
8464,3000,37815.328904
8132,3000,37826.423149
8174,3000,37838.374133
8094,3000,37849.119232
7774,3000,37859.945121
7998,3000,37871.040356
7966,3000,37881.497457
8248,3000,37893.030604
8302,3000,37904.293156
8246,3000,37915.943324
8108,3000,37927.646296
8244,3000,37939.102261
8162,3000,37950.542804
8128,3000,37961.792096
8130,3000,37972.881388
8150,3000,37984.247477
7936,3000,37995.345508
8130,3000,38007.204556
8044,3000,38018.659849
8232,3000,38029.871911
7978,3000,38041.002325
8114,3000,38052.042619
8208,3000,38063.203151
8206,3000,38074.437125
8100,3000,38085.255722
8112,3000,38096.60893
7714,3000,38108.076989
8326,3000,38118.894104
7692,3000,38129.984282
8262,3000,38141.464027
7774,3000,38152.84528
8210,3000,38163.995476
7974,3000,38175.146022
8206,3000,38186.027459
8106,3000,38196.874102
8172,3000,38208.210059
8266,3000,38218.718051
8326,3000,38230.187613
7694,3000,38241.576069
8268,3000,38252.79713
8284,3000,38264.002471
8172,3000,38274.681264
7972,3000,38285.090635
8008,3000,38296.319771
8314,3000,38306.840404
8108,3000,38334.024117
8286,3000,38345.455604
8228,3000,38356.726686
8054,3000,38367.696592
8150,3000,38379.030638
7876,3000,38389.855959
8018,3000,38401.098178
8128,3000,38412.432982
8126,3000,38423.510794
8426,3000,38434.309317
8068,3000,38445.559898
8172,3000,38455.914042
8096,3000,38466.739791
7812,3000,38477.665911
8248,3000,38488.731873
8164,3000,38499.787919
8206,3000,38510.882775
8352,3000,38522.134643
8232,3000,38533.080341
8104,3000,38544.139525
8362,3000,38555.281942
7844,3000,38565.83777
8034,3000,38577.497113
8192,3000,38588.68601
8238,3000,38599.637017
8304,3000,38610.743937
8338,3000,38621.606472
8056,3000,38633.145946
7850,3000,38644.734393
8032,3000,38655.390115
8188,3000,38666.415121
7844,3000,38677.609406
8306,3000,38688.330618
8262,3000,38699.110138
8094,3000,38710.18018
8106,3000,38721.010497
8312,3000,38731.734164
7940,3000,38743.373439
8050,3000,38754.334363
8114,3000,38765.298831
8320,3000,38776.48773
8050,3000,38788.258893
8216,3000,38799.6712
8170,3000,38810.520618
8018,3000,38821.545286
8176,3000,38832.409076
7898,3000,38843.805678
8372,3000,38854.88332
7978,3000,38865.70596
8232,3000,38876.564159
8262,3000,38887.43856
8344,3000,38898.725397
8054,3000,38909.568479
8332,3000,38920.949435
8140,3000,38931.895555
8196,3000,38943.216388
8502,3000,38953.942164
8246,3000,38965.146918
8218,3000,38976.003368
8198,3000,38987.134976
7910,3000,38998.58248
8212,3000,39009.408844
7946,3000,39020.551672
8254,3000,39031.695477
7910,3000,39041.991217
8214,3000,39053.026974
8138,3000,39064.473185
7730,3000,39091.495524
8258,3000,39102.432874
8288,3000,39113.500614
7810,3000,39124.09068
8358,3000,39135.024545
8032,3000,39145.899259
8154,3000,39157.169296
8216,3000,39167.777834
8086,3000,39178.800346
7908,3000,39189.951981
8328,3000,39201.272887
8042,3000,39212.573432
8272,3000,39223.344563
8376,3000,39234.533791
8254,3000,39245.521033
8092,3000,39256.672518
8440,3000,39268.016587
7914,3000,39278.885522
8070,3000,39289.511768
8214,3000,39300.191676
8192,3000,39311.199594
8224,3000,39321.766734
7950,3000,39333.293887
7800,3000,39343.702656
7920,3000,39354.65268
8320,3000,39365.804184
7968,3000,39376.478067
8274,3000,39387.839749
8274,3000,39399.106929
8302,3000,39410.230676
8220,3000,39421.197445
8446,3000,39432.969181
7886,3000,39444.056713
8062,3000,39454.863076
8242,3000,39465.395126
8184,3000,39476.284819
8218,3000,39487.197772
8300,3000,39498.30561
8262,3000,39509.5376
8162,3000,39520.509357
8136,3000,39531.467322
8070,3000,39542.552106
8122,3000,39553.598306
8282,3000,39564.374353
8264,3000,39575.739316
8106,3000,39586.666182
8286,3000,39596.979609
7788,3000,39608.540114
8292,3000,39619.742071
8016,3000,39630.390965
8304,3000,39641.808383
8374,3000,39652.690311
8044,3000,39664.092332
8054,3000,39675.013203
8104,3000,39685.933597
8110,3000,39697.120758
8504,3000,39708.345038
8062,3000,39719.031229
8146,3000,39730.068612
8098,3000,39741.01999
8120,3000,39752.312433
8350,3000,39763.524229
8224,3000,39774.893832
7956,3000,39786.052308
8084,3000,39797.46496
8350,3000,39808.209391
8266,3000,39819.199497
8146,3000,39847.63673
7726,3000,39859.462291
8594,3000,39870.479742
8002,3000,39881.878228
8372,3000,39892.934055
8088,3000,39903.775112
8258,3000,39914.507862
8198,3000,39925.494024
8078,3000,39936.493468
8114,3000,39947.859284
8160,3000,39959.068579
8100,3000,39970.592789
8052,3000,39981.760831
8278,3000,39993.22596
8102,3000,40003.633407
8080,3000,40014.817045
7794,3000,40025.777699
8358,3000,40036.778494
8092,3000,40048.284403
8566,3000,40059.071905
8306,3000,40069.653091
8148,3000,40081.085672
8050,3000,40092.526422
8234,3000,40103.658566
8336,3000,40115.354647
8064,3000,40125.920206
7838,3000,40137.305027
8562,3000,40149.274155
7920,3000,40161.418401
8286,3000,40172.594831
8416,3000,40183.558586
8038,3000,40193.973607
8448,3000,40204.897784
8446,3000,40215.908362
8070,3000,40226.923594
8094,3000,40238.214954
8138,3000,40249.505213
8160,3000,40260.373088
8088,3000,40271.478931
8008,3000,40282.480621
8108,3000,40294.125482
8250,3000,40304.794951
8306,3000,40315.458244
7936,3000,40326.353796
8060,3000,40336.658319
7884,3000,40347.572767
8086,3000,40358.401936
8254,3000,40369.33424
8184,3000,40379.717485
8290,3000,40390.391654
7982,3000,40400.842101
8134,3000,40411.489906
8166,3000,40422.31461
8376,3000,40433.698797
7920,3000,40444.453754
8488,3000,40455.509969
7996,3000,40466.081823
7994,3000,40476.61483
8098,3000,40487.148823
8202,3000,40498.270795
8456,3000,40509.15693
8004,3000,40519.603059
8392,3000,40530.982545
8188,3000,40542.245023
8182,3000,40553.147495
8144,3000,40563.833071
8000,3000,40591.090773
8304,3000,40601.717167
8278,3000,40612.602443
7982,3000,40623.75245
8422,3000,40634.827799
8098,3000,40646.007566
8270,3000,40657.299584
7778,3000,40668.751922
8002,3000,40680.822709
8260,3000,40692.015272
8336,3000,40703.265352
7962,3000,40714.559379
8196,3000,40726.038152
8294,3000,40737.399423
8154,3000,40748.79609
8068,3000,40759.638817
8154,3000,40770.618356
8140,3000,40781.776307
8330,3000,40792.770929
8240,3000,40803.410657
8056,3000,40814.39577
8318,3000,40825.41088
8106,3000,40836.652578
7850,3000,40847.612684
8030,3000,40858.504045
8042,3000,40869.375648
7976,3000,40879.81124
8102,3000,40890.622288
8282,3000,40901.235037
8474,3000,40911.848035
8048,3000,40922.898515
8328,3000,40934.41574
8234,3000,40945.191426
8148,3000,40955.721958
8030,3000,40966.911536
8254,3000,40978.040841
7848,3000,40989.102893
8370,3000,40999.975839
8134,3000,41010.774447
8066,3000,41021.41854
8218,3000,41031.733356
8204,3000,41042.468162
8570,3000,41053.917482
8198,3000,41064.568496
8336,3000,41075.809099
8104,3000,41086.828059
8016,3000,41098.00932
8496,3000,41109.039337
8288,3000,41119.683282
8262,3000,41131.01579
7930,3000,41142.566783
8244,3000,41153.150659
8056,3000,41163.894348
8384,3000,41175.083791
8254,3000,41185.950766
8012,3000,41196.9463
8222,3000,41207.760163
7820,3000,41218.525769
8250,3000,41229.345315
7860,3000,41240.24302
7768,3000,41251.366357
7990,3000,41262.545
7926,3000,41273.434147
8146,3000,41285.063009
7994,3000,41296.103385
8078,3000,41306.88581
8204,3000,41318.340547
8188,3000,41345.164166
8622,3000,41356.639883
7764,3000,41367.652552
8316,3000,41378.760385
8276,3000,41389.507811
8254,3000,41400.776156
8474,3000,41412.329252
8284,3000,41423.614328
8058,3000,41434.74622
8402,3000,41445.527959
8536,3000,41456.395313
7984,3000,41467.918217
8284,3000,41479.05874
8222,3000,41489.907598
7956,3000,41501.111212
8164,3000,41512.191685
8568,3000,41523.841198
8270,3000,41534.888855
8090,3000,41545.727675
8062,3000,41556.542773
8382,3000,41567.476791
8172,3000,41578.815784
8418,3000,41589.896156
7970,3000,41600.582778
8364,3000,41612.026012
7728,3000,41622.337995
8358,3000,41633.196345
8224,3000,41644.754316
8248,3000,41655.509931
8290,3000,41667.007549
8134,3000,41678.242352
8406,3000,41688.770838
8154,3000,41699.848884
8184,3000,41711.523831
8174,3000,41723.272742
7970,3000,41734.548763
8202,3000,41745.030998
8404,3000,41756.107198
7960,3000,41766.605283
7790,3000,41777.036393
8390,3000,41788.01404
8154,3000,41799.175457
8216,3000,41810.528535
8146,3000,41821.561505
8272,3000,41832.84166
8060,3000,41843.602402
7988,3000,41854.735405
8204,3000,41865.438261
8170,3000,41876.425015
8256,3000,41887.138777
8102,3000,41898.049788
8166,3000,41909.074124
7876,3000,41920.338506
8136,3000,41931.514581
8596,3000,41942.447249
7872,3000,41952.871637
8182,3000,41963.16838
8326,3000,41974.11712
7994,3000,41985.142448
7768,3000,41995.737135
8000,3000,42007.118564
7908,3000,42018.291601
8104,3000,42029.055085
8356,3000,42040.633547
8134,3000,42051.598175
8238,3000,42062.184715
8210,3000,42073.166708
8250,3000,42100.166195
8462,3000,42110.883008
8236,3000,42121.956837
8292,3000,42133.208969
8072,3000,42144.016589
8048,3000,42155.56851
8070,3000,42166.207015
8312,3000,42177.085336
8080,3000,42187.598435
8260,3000,42198.444377
8044,3000,42209.255172
7934,3000,42219.863634
8048,3000,42231.82594
8136,3000,42243.91618
8438,3000,42254.954238
8192,3000,42266.271616
7902,3000,42277.171696
8050,3000,42288.449067
8320,3000,42299.446345
8298,3000,42310.468907
8372,3000,42321.791124
7854,3000,42332.686988
7992,3000,42343.068119
8180,3000,42353.970811
8208,3000,42364.813064
8278,3000,42375.708859
8128,3000,42386.905491
8242,3000,42398.206567
8154,3000,42409.361201
7926,3000,42420.445218
7700,3000,42431.929673
7962,3000,42442.804771
8168,3000,42454.359955
8182,3000,42465.859284
8164,3000,42477.062654
7870,3000,42487.681366
8342,3000,42498.344838
8108,3000,42509.392123
8358,3000,42520.326872
8144,3000,42530.960271
8242,3000,42541.690212
8356,3000,42552.728012
8200,3000,42563.662802
8032,3000,42574.487855
8116,3000,42585.738473
8252,3000,42596.550403
8386,3000,42607.403244
8100,3000,42618.316588
8166,3000,42629.183636
8308,3000,42640.233889
8210,3000,42651.41336
8388,3000,42662.230469
8216,3000,42673.164906
7958,3000,42683.670021
7886,3000,42694.675645
8564,3000,42706.089751
7998,3000,42716.550866
8358,3000,42727.204398
7868,3000,42738.356978
8522,3000,42749.860313
7858,3000,42760.904513
7882,3000,42772.032237
8082,3000,42783.280142
8212,3000,42794.701175
7908,3000,42806.074004
8568,3000,42817.029291
8390,3000,42844.362084
8226,3000,42855.761511
8198,3000,42867.758375
8074,3000,42878.52905
8160,3000,42889.342595
8164,3000,42900.296681
8250,3000,42911.522867
7858,3000,42922.000197
7928,3000,42933.08807
8106,3000,42944.080315
8320,3000,42955.185915
8550,3000,42966.040683
8064,3000,42976.860081
8050,3000,42987.908574
7942,3000,42998.442527
8300,3000,43009.451214
8164,3000,43020.166196
8178,3000,43031.212744
8342,3000,43042.248824
8550,3000,43052.57536
8030,3000,43063.661833
8236,3000,43074.907986
8126,3000,43086.103719
7980,3000,43097.553977
7908,3000,43109.032334
8404,3000,43120.351111
8126,3000,43131.641062
8766,3000,43142.842279
8184,3000,43153.659447
8084,3000,43164.753282
8108,3000,43175.961891
8120,3000,43186.836747
7838,3000,43197.905651
8542,3000,43209.546717
8302,3000,43220.672786
8498,3000,43231.865625
8172,3000,43243.014379
8028,3000,43254.106255
8290,3000,43265.905667
8110,3000,43276.980145
8132,3000,43288.185407
8498,3000,43299.166476
8178,3000,43309.941092
8136,3000,43321.00785
8226,3000,43332.334954
8106,3000,43343.435964
7942,3000,43353.90261
8010,3000,43364.399206
8188,3000,43375.532821
8340,3000,43386.745331
8070,3000,43398.208374
8278,3000,43409.31735
8320,3000,43420.235155
8124,3000,43431.404781
8128,3000,43442.428434
8464,3000,43453.836498
7854,3000,43464.913233
8302,3000,43476.01017
8202,3000,43487.244158
8270,3000,43498.172798
8148,3000,43509.328731
8106,3000,43520.117641
7942,3000,43530.953274
8260,3000,43542.059319
8154,3000,43552.913547
8088,3000,43563.199714
8422,3000,43574.173234
8382,3000,43602.175351
8222,3000,43613.908703
8100,3000,43625.013952
8058,3000,43636.229482
8086,3000,43647.193116
8046,3000,43658.189593
8104,3000,43669.414585
8300,3000,43680.009095
8194,3000,43692.002062
8318,3000,43703.35874
8134,3000,43714.677249
7826,3000,43725.291554
8368,3000,43736.87567
7892,3000,43747.999939
7964,3000,43759.425306
8228,3000,43770.287796
8266,3000,43781.775896
8262,3000,43793.077262
8292,3000,43804.171842
7970,3000,43815.613244
8198,3000,43826.199937
8340,3000,43837.340005
8340,3000,43848.629007
8226,3000,43859.413723
8258,3000,43870.635473
7998,3000,43881.997316
8586,3000,43893.081085
8150,3000,43904.86603
8314,3000,43916.217025
8240,3000,43926.956449
8356,3000,43938.660136
8090,3000,43950.120198
8158,3000,43961.48854
7784,3000,43972.533259
8292,3000,43983.099269
8132,3000,43994.376798
8294,3000,44005.350326
8530,3000,44016.481378
8138,3000,44027.413901
8376,3000,44037.911407
8460,3000,44050.086807
8304,3000,44061.355888
8436,3000,44072.458591
8180,3000,44083.548596
8334,3000,44094.52069
8066,3000,44105.086556
7988,3000,44115.979977
8196,3000,44127.09891
8064,3000,44137.919471
8284,3000,44149.164035
8100,3000,44160.842352
7832,3000,44172.55498
8144,3000,44184.339973
8130,3000,44195.482067
8464,3000,44206.675956
8488,3000,44217.852081
8114,3000,44228.725227
8046,3000,44240.240585
8262,3000,44251.28564
8054,3000,44262.033205
8098,3000,44272.63256
8186,3000,44283.734633
8384,3000,44294.284502
8190,3000,44305.760722
7696,3000,44317.497527
8296,3000,44328.616608
7886,3000,44339.676522
8172,3000,44367.403009
7984,3000,44378.578231
8218,3000,44389.695261
8062,3000,44400.436057
8282,3000,44411.09487
7996,3000,44422.415983
8072,3000,44433.641829
8180,3000,44444.282431
7994,3000,44455.793794
8318,3000,44466.884071
8322,3000,44478.022876
8046,3000,44489.274635
7976,3000,44499.771983
7966,3000,44510.649021
8322,3000,44522.180246
8008,3000,44532.932914
8214,3000,44543.656909
8312,3000,44555.272031
8328,3000,44566.367076
7834,3000,44577.432344
8446,3000,44588.829907
8150,3000,44599.643218
8312,3000,44610.695141
8384,3000,44622.017372
8442,3000,44633.40888
8172,3000,44644.29164
8026,3000,44655.474546
8500,3000,44666.882039
8256,3000,44678.098576
8132,3000,44689.441689
8180,3000,44699.911405
8208,3000,44710.86407
7978,3000,44722.382538
7954,3000,44733.651834
8238,3000,44744.560991
8230,3000,44755.556513
7940,3000,44766.842114
8252,3000,44777.920505
7936,3000,44788.970347
8276,3000,44799.741516
8300,3000,44811.317189
8320,3000,44822.759785
7994,3000,44834.141834
8184,3000,44845.399668
7930,3000,44856.995321
8450,3000,44868.253282
7960,3000,44879.61654
8296,3000,44890.943796
7994,3000,44902.699976
8262,3000,44913.818352
8206,3000,44924.71608
8130,3000,44935.762636
7784,3000,44946.834055
8152,3000,44957.819058
8192,3000,44968.996258
7858,3000,44980.700403
8112,3000,44992.212983
8032,3000,45003.127065
8158,3000,45014.22192
8248,3000,45025.217788
8220,3000,45036.271334
8084,3000,45047.926615
8152,3000,45059.257761
8248,3000,45070.819762
7984,3000,45081.685083
8352,3000,45092.614515
7840,3000,45119.870687
8162,3000,45131.33425
8042,3000,45142.221641
8008,3000,45153.326648
7970,3000,45164.086041
8240,3000,45175.692342
7934,3000,45186.720639
8356,3000,45197.598143
8090,3000,45208.395613
8286,3000,45219.441997
7876,3000,45230.888287
8464,3000,45242.141368
8214,3000,45253.565658
8272,3000,45264.864788
7780,3000,45276.019692
7820,3000,45287.605186
8090,3000,45298.477022
7904,3000,45310.028841
8418,3000,45321.180315
8202,3000,45332.531876
8326,3000,45344.03572
8150,3000,45355.599953
8286,3000,45366.530085
8368,3000,45377.302762
8048,3000,45388.112067
7964,3000,45400.023497
7844,3000,45411.176214
8252,3000,45422.511845
7914,3000,45433.145115
7922,3000,45444.198185
8154,3000,45455.955813
8108,3000,45466.879226
8040,3000,45478.220244
7934,3000,45489.710094
8252,3000,45501.412294
8364,3000,45512.799855
8206,3000,45524.135976
8022,3000,45536.13862
8004,3000,45547.940513
8348,3000,45559.238431
7932,3000,45570.55171
8246,3000,45581.917416
8084,3000,45593.551028
7984,3000,45604.826874
8212,3000,45615.934329
8232,3000,45626.182313
7912,3000,45637.444822
7998,3000,45648.321287
8014,3000,45659.160516
7982,3000,45670.795696
8216,3000,45681.93097
8104,3000,45692.805547
8116,3000,45703.764421
8280,3000,45714.881885
8264,3000,45726.300348
8336,3000,45737.566066
8140,3000,45748.9053
8134,3000,45759.537981
8084,3000,45771.29608
8158,3000,45782.389901
7782,3000,45793.463013
8076,3000,45804.445136
7908,3000,45815.090453
7870,3000,45825.978915
8012,3000,45837.326522
7854,3000,45848.567919
8546,3000,45859.755596
8010,3000,45888.496663
7912,3000,45899.915348
8086,3000,45910.948603
8120,3000,45922.518672
8172,3000,45933.854342
8062,3000,45945.09317
8200,3000,45956.298278
7840,3000,45967.651778
8352,3000,45978.799962
8046,3000,45990.381313
7694,3000,46002.283986
8414,3000,46013.103512
8016,3000,46024.395233
8508,3000,46035.672628
8074,3000,46047.20522
7896,3000,46058.723819
7668,3000,46069.534
8222,3000,46080.552495
7788,3000,46091.995866
8246,3000,46102.73582
8222,3000,46113.751717
8174,3000,46124.573659
7984,3000,46135.642606
8076,3000,46146.748044
8410,3000,46157.654869
8218,3000,46168.5577
7850,3000,46179.810293
8122,3000,46191.014411
8074,3000,46202.315177
8040,3000,46213.64955
8254,3000,46224.386126
7874,3000,46235.303237
7894,3000,46246.729314
7976,3000,46258.443049
8234,3000,46270.117644
8486,3000,46281.985157
7916,3000,46293.063039
8236,3000,46304.683711
8044,3000,46315.940089
8372,3000,46327.732598
8156,3000,46339.398546
8086,3000,46351.19662
8116,3000,46361.896271
8172,3000,46373.140652
8098,3000,46384.268833
8180,3000,46395.627104
8130,3000,46406.063438
7670,3000,46416.401187
8264,3000,46426.908494
7884,3000,46437.834676
8152,3000,46450.028525
8048,3000,46461.233509
7710,3000,46472.656029
8168,3000,46483.641398
8194,3000,46494.222648
8018,3000,46505.180342
8224,3000,46516.097442
8164,3000,46527.750656
7974,3000,46539.031703
8260,3000,46549.773839
7742,3000,46560.922651
8314,3000,46572.296765
7880,3000,46582.654725
8282,3000,46593.780955
8016,3000,46605.055011
8168,3000,46615.766887
8050,3000,46627.611857
8032,3000,46654.816441
7866,3000,46666.284352
7974,3000,46677.364758
7950,3000,46688.551427
8084,3000,46700.182986
8156,3000,46711.939485
8260,3000,46722.871463
8114,3000,46733.884221
8066,3000,46744.722611
8100,3000,46755.876052
8252,3000,46766.979417
7824,3000,46778.374243
8012,3000,46789.276755
8034,3000,46799.652599
8198,3000,46810.489336
8076,3000,46821.497283
8026,3000,46832.534424
8060,3000,46843.779357
7702,3000,46855.117472
8142,3000,46866.3957
8402,3000,46877.920656
8174,3000,46889.004014
8370,3000,46900.437687
8074,3000,46911.666593
8154,3000,46922.3941
8090,3000,46933.273556
8014,3000,46944.192366
7658,3000,46955.409619
8018,3000,46966.200996
7834,3000,46976.954975
8174,3000,46987.975617
8036,3000,46999.489799
8024,3000,47010.93445
8146,3000,47021.995301
8070,3000,47033.391824
8026,3000,47044.26606
7928,3000,47054.914494
8136,3000,47066.137683
8052,3000,47077.474651
8676,3000,47088.91152
8350,3000,47099.817758
8254,3000,47111.437819
8290,3000,47122.967351
7746,3000,47134.360112
8092,3000,47145.764458
7830,3000,47156.796205
8146,3000,47167.741486
8202,3000,47179.028348
8038,3000,47190.823746
7988,3000,47202.187954
8240,3000,47213.441663
8322,3000,47225.16763
8078,3000,47236.166152
7950,3000,47246.872924
8316,3000,47258.25818
7936,3000,47269.525899
8174,3000,47280.162022
8184,3000,47292.210816
8298,3000,47303.538122
8052,3000,47315.145714
7916,3000,47326.024679
7638,3000,47337.319042
8252,3000,47348.913825
7822,3000,47360.13703
8302,3000,47371.594289
7834,3000,47382.825917
8032,3000,47410.426046
8104,3000,47421.840333
7926,3000,47432.516041
8294,3000,47443.426735
8148,3000,47454.336934
8146,3000,47465.549846
8044,3000,47476.88755
8154,3000,47488.524398
8298,3000,47499.865849
7852,3000,47510.834009
8132,3000,47522.149366
8190,3000,47532.870686
8120,3000,47544.172204
8408,3000,47555.345249
8262,3000,47566.685058
7794,3000,47577.872312
7992,3000,47588.760448
8096,3000,47599.806522
7894,3000,47611.245884
8106,3000,47623.241774
8068,3000,47634.810302
8100,3000,47645.811068
8074,3000,47657.219922
8188,3000,47667.988988
7918,3000,47678.776317
7980,3000,47689.35132
7996,3000,47700.45805
8194,3000,47711.075299
8388,3000,47722.558793
8236,3000,47733.915884
8524,3000,47745.085449
7906,3000,47756.438035
8064,3000,47767.02897
8176,3000,47778.516257
7924,3000,47788.802311
8154,3000,47800.25837
8128,3000,47811.210573
8268,3000,47821.587622
8374,3000,47832.814509
8274,3000,47844.397303
7936,3000,47855.462756
7924,3000,47866.767503
7978,3000,47878.055687
8162,3000,47888.917444
8250,3000,47900.148628
8308,3000,47910.926809
8334,3000,47921.493506
8040,3000,47932.902093
7792,3000,47943.94271
8158,3000,47955.054085
8198,3000,47966.072811
8272,3000,47977.435742
7930,3000,47988.551009
8390,3000,47999.646933
7982,3000,48010.587149
8132,3000,48022.034365
7894,3000,48033.215745
8152,3000,48044.374795
8248,3000,48055.853043
7922,3000,48066.606679
8480,3000,48077.599528
8218,3000,48089.076628
8562,3000,48100.236657
7920,3000,48111.256124
8134,3000,48122.110764
8116,3000,48133.211354
7984,3000,48144.452626
8262,3000,48172.125985
7974,3000,48183.3582
7808,3000,48194.600535
8194,3000,48206.030217
8116,3000,48217.286441
8234,3000,48228.354954
8384,3000,48239.822677
8142,3000,48250.459196
8172,3000,48261.175398
8280,3000,48272.142544
7918,3000,48283.284372
8202,3000,48294.298275
8126,3000,48305.014341
8034,3000,48316.311175
8518,3000,48327.749629
7828,3000,48339.102774
7866,3000,48350.06429
8064,3000,48361.425941
8010,3000,48372.477372
8406,3000,48383.71739
8098,3000,48395.27062
7932,3000,48406.305422
8132,3000,48418.261172
8352,3000,48429.471581
8318,3000,48440.64784
8134,3000,48451.520981
8178,3000,48462.313464
7994,3000,48474.437543
8466,3000,48485.886246
8088,3000,48497.083221
8318,3000,48508.12316
8424,3000,48519.502898
8254,3000,48530.785507
8188,3000,48542.614394
8074,3000,48554.323326
8364,3000,48565.350763
8046,3000,48576.428697
8112,3000,48587.63204
8038,3000,48599.304692
8222,3000,48611.042876
7858,3000,48621.653424
7830,3000,48633.091559
8132,3000,48644.336487
8068,3000,48655.259782
8128,3000,48666.136488
8174,3000,48676.608817
8440,3000,48687.888096
8302,3000,48698.895695
8248,3000,48710.052792
7874,3000,48721.124789
7894,3000,48732.670289
8202,3000,48743.691868
7954,3000,48755.24931
8166,3000,48766.249118
7868,3000,48777.375563
8446,3000,48788.499229
8054,3000,48799.845175
8040,3000,48810.674744
8098,3000,48821.637657
7858,3000,48832.732439
7986,3000,48844.336686
8200,3000,48855.545635
8080,3000,48866.224629
8062,3000,48877.490661
7906,3000,48888.259025
8140,3000,48898.991939
8182,3000,48910.041294
8054,3000,48938.019391
8058,3000,48949.600787
8098,3000,48961.624056
8164,3000,48972.758625
7978,3000,48984.064656
7996,3000,48994.76011
8138,3000,49006.058177
7642,3000,49017.2811
8218,3000,49028.891678
8056,3000,49039.893235
8160,3000,49051.062072
7962,3000,49062.666982
7836,3000,49074.146541
8188,3000,49084.94557
7952,3000,49096.504803
7924,3000,49107.447351
7736,3000,49118.891405
8326,3000,49130.491277
8304,3000,49141.65989
8272,3000,49153.068136
7822,3000,49164.19922
7900,3000,49175.54964
7834,3000,49186.476788
7972,3000,49198.003026
8106,3000,49208.350049
8434,3000,49219.201686
8004,3000,49230.703144
7940,3000,49241.990489
8440,3000,49253.270976
8146,3000,49265.158328
8004,3000,49277.388609
8168,3000,49288.437088
7902,3000,49300.205972
8172,3000,49311.847277
8346,3000,49322.653063
8004,3000,49333.711266
8160,3000,49344.905984
8316,3000,49356.241337
7910,3000,49367.3857
8016,3000,49378.377203
8068,3000,49389.687361
8306,3000,49401.374783
8134,3000,49412.676162
8146,3000,49424.421713
8236,3000,49435.93551
8316,3000,49447.829102
8054,3000,49459.039847
7990,3000,49470.299575
8010,3000,49482.034743
8028,3000,49493.560242
7744,3000,49505.114379
7974,3000,49516.37178
8014,3000,49527.399042
8042,3000,49538.636747
7802,3000,49549.785197
8546,3000,49561.177525
7998,3000,49572.545215
8008,3000,49584.049092
7850,3000,49594.959183
7900,3000,49606.502288
7912,3000,49617.688476
8264,3000,49629.067871
8236,3000,49640.535899
7806,3000,49651.743266
7924,3000,49662.390657
8222,3000,49673.453775
8154,3000,49701.013303
7842,3000,49711.981134
8166,3000,49723.517517
7654,3000,49734.919955
8136,3000,49746.962817
7762,3000,49758.048947
8442,3000,49768.660397
8000,3000,49779.758334
7878,3000,49790.982146
7970,3000,49802.437057
8008,3000,49813.177433
7822,3000,49823.986579
8132,3000,49835.279423
8170,3000,49846.649863
8358,3000,49857.926785
8062,3000,49868.826833
8052,3000,49880.581619
8100,3000,49891.244801
8304,3000,49902.17849
8046,3000,49913.577759
8154,3000,49924.671006
8296,3000,49936.12109
8250,3000,49947.247783
8242,3000,49958.434634
7898,3000,49969.660211
8034,3000,49980.847779
7964,3000,49991.791785
8132,3000,50002.369382
8166,3000,50013.697312
7976,3000,50025.128276
8258,3000,50036.065963
8142,3000,50047.452976
8254,3000,50058.583815
8100,3000,50069.993807
7782,3000,50080.973156
8334,3000,50092.295717
7968,3000,50103.029843
7946,3000,50114.264828
7962,3000,50125.73275
8116,3000,50136.60193
8024,3000,50147.981725
8206,3000,50159.061386
8028,3000,50170.042331
7990,3000,50181.727112
7900,3000,50193.81601
8094,3000,50204.849072
8286,3000,50216.382548
8202,3000,50227.402401
8264,3000,50238.74825
7950,3000,50249.592132
7990,3000,50260.80935
8288,3000,50271.949731
7996,3000,50283.190353
8206,3000,50294.218215
8134,3000,50305.442667
7936,3000,50317.134271
8228,3000,50328.497068
8132,3000,50340.121783
7878,3000,50351.266986
7872,3000,50362.454404
8174,3000,50373.749863
8058,3000,50385.100911
7980,3000,50396.359035
8046,3000,50407.593249
7936,3000,50418.775531
8336,3000,50429.679337
8336,3000,50441.065048
8368,3000,50468.239053
8124,3000,50479.388271
8148,3000,50491.30131
8406,3000,50502.681112
8244,3000,50513.968049
7854,3000,50525.258045
7776,3000,50536.718526
8058,3000,50548.194315
7980,3000,50559.577317
7984,3000,50570.708646
7842,3000,50581.629865
7982,3000,50592.695025
8122,3000,50603.853384
7730,3000,50614.781512
8010,3000,50625.363173
8026,3000,50636.574553
8236,3000,50647.78973
7946,3000,50659.052791
7960,3000,50670.74671
7934,3000,50681.811781
7764,3000,50692.950248
7694,3000,50703.844271
8236,3000,50715.497885
8342,3000,50726.497825
7640,3000,50737.724771
8204,3000,50748.698874
7862,3000,50759.177501
8186,3000,50770.795977
7760,3000,50781.946158
8054,3000,50793.398698
7990,3000,50804.372621
7966,3000,50815.850136
7732,3000,50826.743737
7952,3000,50837.58017
7780,3000,50848.512707
8138,3000,50859.711616
8012,3000,50871.193039
8082,3000,50882.684165
8294,3000,50894.031642
8100,3000,50904.885778
8188,3000,50915.307299
8030,3000,50926.170949
8242,3000,50937.520727
8174,3000,50948.507031
8220,3000,50959.095728
8142,3000,50970.29167
8194,3000,50981.442072
8212,3000,50992.42453
7922,3000,51002.955291
7858,3000,51014.414849
8060,3000,51026.069612
8174,3000,51037.163693
8080,3000,51048.262594
8320,3000,51059.441711
8238,3000,51070.65138
8046,3000,51081.575377
7906,3000,51092.172535
8198,3000,51103.565588
7812,3000,51114.631636
7998,3000,51126.124753
8034,3000,51137.449415
8270,3000,51148.893821
7966,3000,51160.376001
8056,3000,51171.845378
8168,3000,51182.582776
7990,3000,51194.218765
7896,3000,51205.050362
7998,3000,51233.762343
7910,3000,51245.368964
7752,3000,51256.259309
7860,3000,51267.367873
7962,3000,51278.347473
8308,3000,51289.669787
8570,3000,51300.881861
8542,3000,51311.85359
7848,3000,51323.208343
8204,3000,51334.949061
7758,3000,51345.890401
7942,3000,51357.211856
7954,3000,51368.453349
8378,3000,51379.431919
8036,3000,51390.498779
8056,3000,51401.932123
7848,3000,51413.481144
7882,3000,51425.105386
8516,3000,51436.3322
7954,3000,51447.892578
7962,3000,51458.969666
8146,3000,51469.892957
7664,3000,51481.133604
8500,3000,51492.927976
8450,3000,51503.800106
8242,3000,51515.530366
8062,3000,51526.459553
7926,3000,51537.263244
7996,3000,51548.613822
7754,3000,51560.673867
7784,3000,51572.131042
7886,3000,51583.212742
8198,3000,51594.322656
7672,3000,51605.379275
7974,3000,51617.033322
7628,3000,51628.415692
7976,3000,51640.217903
7740,3000,51651.349298
8120,3000,51662.544281
8156,3000,51674.295345
8210,3000,51686.201521
7632,3000,51697.549515
8180,3000,51709.703495
7916,3000,51721.128183
7952,3000,51732.989219
7964,3000,51744.164172
8018,3000,51756.101831
7752,3000,51767.345285
7894,3000,51779.0937
8174,3000,51790.271004
8094,3000,51801.920834
7908,3000,51813.321165
8034,3000,51824.324455
7820,3000,51835.290154
7968,3000,51846.391312
8176,3000,51857.625396
8050,3000,51869.032483
8152,3000,51880.520623
7826,3000,51891.222814
8146,3000,51903.117926
8098,3000,51914.933658
7896,3000,51926.456129
8074,3000,51937.489666
8020,3000,51948.870946
7728,3000,51960.426727
8252,3000,51971.850249
7764,3000,51999.564059
8120,3000,52011.160063
7908,3000,52021.629926
7856,3000,52032.306022
7832,3000,52042.990006
7996,3000,52054.501013
7786,3000,52066.242141
8142,3000,52077.395201
7958,3000,52088.071246
7906,3000,52099.155357
8174,3000,52110.45907
7990,3000,52122.296992
8150,3000,52133.160407
7906,3000,52144.557209
7930,3000,52155.764527
8166,3000,52166.79823
8126,3000,52178.352979
7742,3000,52189.961936
7770,3000,52200.924111
7906,3000,52212.633258
7986,3000,52223.605417
7996,3000,52235.723709
8078,3000,52246.921028
7806,3000,52257.802559
7700,3000,52269.003122
7894,3000,52280.060397
7790,3000,52291.030306
8036,3000,52302.910596
8056,3000,52314.465655
7770,3000,52325.862479
7934,3000,52337.238063
7964,3000,52348.793465
7948,3000,52360.302161
8170,3000,52371.416295
8146,3000,52382.693571
7530,3000,52393.55285
8100,3000,52404.383681
8026,3000,52416.023342
7950,3000,52427.357103
7842,3000,52438.289838
8028,3000,52449.79506
8080,3000,52461.380918
8122,3000,52473.353451
8032,3000,52484.545245
8254,3000,52495.986951
7750,3000,52507.243502
7868,3000,52518.124551
8058,3000,52528.323506
7546,3000,52538.954484
7760,3000,52550.564929
7852,3000,52561.617144
8222,3000,52572.678151
7782,3000,52584.474459
7926,3000,52596.192172
7792,3000,52608.181694
8256,3000,52619.045645
7716,3000,52630.180637
7954,3000,52640.819357
8132,3000,52652.516191
8016,3000,52664.029315
7882,3000,52675.465185
7810,3000,52686.894206
8014,3000,52698.012847
8086,3000,52709.361212
7862,3000,52721.283306
8006,3000,52732.687144
8050,3000,52744.190563
7976,3000,52772.738503
8054,3000,52783.812462
7576,3000,52795.518777
7760,3000,52806.682693
7770,3000,52817.83764
7910,3000,52829.158531
7886,3000,52840.784156
7852,3000,52852.32075
7918,3000,52864.159533
7716,3000,52875.921028
7808,3000,52887.517986
7822,3000,52898.599914
7918,3000,52910.041091
8030,3000,52921.932449
7974,3000,52933.485533
7990,3000,52944.48817
8198,3000,52955.768817
7936,3000,52966.517077
8076,3000,52977.994138
7856,3000,52989.566401
7860,3000,53000.512418
7618,3000,53012.210151
7504,3000,53023.028446
7896,3000,53034.73392
7622,3000,53046.20442
8046,3000,53057.389822
7884,3000,53068.846325
8090,3000,53080.228573
8306,3000,53091.782007
7928,3000,53103.434628
7826,3000,53114.354783
7908,3000,53125.680479
7840,3000,53137.419813
7960,3000,53149.127829
7924,3000,53160.520289
7836,3000,53171.647877
7706,3000,53182.417519
7828,3000,53193.753326
7902,3000,53205.376425
8018,3000,53216.846208
7838,3000,53228.161343
8176,3000,53239.042268
7642,3000,53250.553961
7892,3000,53261.7714
8092,3000,53273.374203
7998,3000,53285.171384
7974,3000,53296.593551
7506,3000,53308.393211
8006,3000,53319.921979
7974,3000,53330.92472
7902,3000,53342.880236
7918,3000,53354.083727
7826,3000,53365.364785
7962,3000,53376.707203
7782,3000,53388.567226
7728,3000,53400.063145
7900,3000,53411.016747
7822,3000,53422.817635
7860,3000,53433.919299
8074,3000,53446.405051
7924,3000,53458.480801
7710,3000,53469.919181
7588,3000,53480.834149
7670,3000,53492.274724
7794,3000,53503.52415
7692,3000,53515.383383
8136,3000,53527.163057
7716,3000,53555.411495
7852,3000,53566.91473
8214,3000,53579.060823
7634,3000,53590.631059
7824,3000,53601.794059
8042,3000,53613.501831
7942,3000,53625.708725
7968,3000,53637.410316
7934,3000,53648.68851
7874,3000,53660.722275
7868,3000,53672.355658
7580,3000,53683.89956
7646,3000,53695.028083
7908,3000,53707.10927
8280,3000,53718.669361
7764,3000,53729.622013
7856,3000,53741.154359
8198,3000,53752.365765
7824,3000,53764.142001
8078,3000,53775.815894
7714,3000,53787.601717
7726,3000,53798.955922
8144,3000,53810.867559
7680,3000,53823.126403
7888,3000,53834.696413
7652,3000,53846.575195
7804,3000,53857.838216
7948,3000,53869.733019
7766,3000,53881.354543
7794,3000,53892.469582
7942,3000,53903.611297
7772,3000,53915.314843
7998,3000,53926.39328
7972,3000,53937.598057
7550,3000,53948.754396
7714,3000,53960.895246
7872,3000,53973.007733
8000,3000,53986.118667
7590,3000,53996.852051
7494,3000,54006.094676
7662,3000,54015.916175
7886,3000,54025.358106
7880,3000,54035.21263
7816,3000,54045.06688
7542,3000,54054.919857
7902,3000,54064.415248
8038,3000,54074.378712
7832,3000,54083.437837
7696,3000,54093.514724
7774,3000,54102.576413
7870,3000,54111.982174
7850,3000,54121.695771
7700,3000,54131.742158
7896,3000,54141.377151
7734,3000,54152.032551
7716,3000,54161.409708
7570,3000,54171.03926
7920,3000,54180.445279
7904,3000,54190.758333
7596,3000,54200.306411
7696,3000,54209.561781
7926,3000,54219.155502
8000,3000,54229.020989
8100,3000,54239.390346
7500,3000,54249.210322
7892,3000,54258.505505
7950,3000,54282.606849
7714,3000,54291.975152
7962,3000,54301.530049
7436,3000,54311.235296
7742,3000,54320.838918
7838,3000,54330.659446
7822,3000,54340.091543
7916,3000,54349.3997
8098,3000,54359.140734
7808,3000,54369.168735
8158,3000,54378.60259
7472,3000,54387.598454
7562,3000,54396.957926
7714,3000,54406.051183
7928,3000,54416.071506
7820,3000,54425.158686
7976,3000,54434.591714
7574,3000,54444.710685
7932,3000,54453.898399
7722,3000,54463.008731
7656,3000,54472.801804
7540,3000,54482.051638
7900,3000,54491.934426
7716,3000,54501.791083
7580,3000,54510.992943
7964,3000,54520.295596
7668,3000,54530.148665
7580,3000,54539.409251
7892,3000,54549.308276
7646,3000,54559.357864
8072,3000,54569.090632
7286,3000,54578.609354
7590,3000,54587.854164
7554,3000,54597.521643
7570,3000,54607.654132
7952,3000,54617.694291
7888,3000,54627.763188
7534,3000,54637.858224
7722,3000,54647.560545
8012,3000,54656.836464
7424,3000,54666.733678
7760,3000,54676.155445
7724,3000,54685.491122
7658,3000,54695.204203
7626,3000,54705.397722
7418,3000,54715.650309
7650,3000,54725.362971
7742,3000,54735.008203
7896,3000,54744.982246
8224,3000,54754.777662
7754,3000,54764.842032
7796,3000,54774.512926
7586,3000,54783.661559
7680,3000,54793.428392
7762,3000,54802.954616
7962,3000,54812.26945
7712,3000,54822.068284
7934,3000,54831.696233
7764,3000,54841.546427
7818,3000,54851.219938
8074,3000,54860.772964
7608,3000,54871.111013
7754,3000,54880.083848
7566,3000,54889.735955
7812,3000,54899.528425
7330,3000,54909.457925
7856,3000,54919.15212
7810,3000,54943.691863
7836,3000,54953.439235
8138,3000,54962.939722
7962,3000,54972.88222
7586,3000,54982.76999
7626,3000,54992.316036
7852,3000,55002.035662
7610,3000,55012.077772
7800,3000,55021.599097
7890,3000,55031.040874
7886,3000,55040.595551
7790,3000,55049.973604
8176,3000,55059.356116
7774,3000,55068.481687
7384,3000,55078.072666
7572,3000,55087.624725
7912,3000,55097.822387
7440,3000,55107.687093
7572,3000,55117.304585
7592,3000,55127.808058
7532,3000,55137.482349
7948,3000,55147.481058
7970,3000,55157.088767
7372,3000,55167.062846
7936,3000,55176.952987
7954,3000,55186.504564
7556,3000,55195.792055
7772,3000,55205.601096
7696,3000,55215.426695
7664,3000,55224.920732
7746,3000,55234.646037
8242,3000,55244.830651
7850,3000,55254.746289
7996,3000,55264.54403
7898,3000,55274.220812
8062,3000,55284.376508
7840,3000,55294.194035
7828,3000,55303.893591
7438,3000,55313.300208
7646,3000,55323.270746
7760,3000,55332.830221
7780,3000,55341.611678
7922,3000,55351.205012
7758,3000,55360.505723
7812,3000,55369.389222
7656,3000,55378.60684
7632,3000,55388.139219
7956,3000,55397.792738
7734,3000,55407.638293
7650,3000,55417.564638
8000,3000,55426.906464
8006,3000,55436.324159
7848,3000,55446.071557
7842,3000,55455.612561
7680,3000,55464.833117
7312,3000,55474.3769
7722,3000,55483.719545
7720,3000,55493.875324
8084,3000,55503.430036
7840,3000,55512.815403
7542,3000,55522.259288
7780,3000,55531.531894
7920,3000,55541.077325
7930,3000,55550.930063
7768,3000,55560.942946
7770,3000,55569.945767
7424,3000,55579.965104
7722,3000,55603.794714
8030,3000,55613.267083
7682,3000,55623.334586
7766,3000,55632.961725
7952,3000,55642.365105
7720,3000,55651.907569
7710,3000,55661.754052
7978,3000,55671.12027
7458,3000,55680.766348
7314,3000,55690.008299
7718,3000,55699.458664
7662,3000,55708.87978
7272,3000,55718.274801
7728,3000,55727.918805
7886,3000,55737.528344
7756,3000,55747.279132
7618,3000,55756.944017
7372,3000,55766.696171
7708,3000,55776.316019
7456,3000,55785.868999
7640,3000,55796.009188
7668,3000,55806.205381
7840,3000,55815.108526
7924,3000,55824.204264
7628,3000,55833.723758
7500,3000,55843.266569
8102,3000,55852.874081
7840,3000,55862.26275
7862,3000,55871.371277
7650,3000,55881.06007
7654,3000,55890.435065
7546,3000,55900.024443
8006,3000,55909.83541
7848,3000,55919.720167
8128,3000,55928.90724
7708,3000,55938.060461
7670,3000,55946.99576
7966,3000,55956.988776
7934,3000,55966.560071
8052,3000,55975.978486
7944,3000,55985.210691
8212,3000,55994.330445
7830,3000,56004.070037
7752,3000,56014.146773
7772,3000,56023.296045
7804,3000,56032.686446
7800,3000,56042.161752
7934,3000,56051.692553
8018,3000,56061.734736
8068,3000,56071.448266
7648,3000,56081.573087
7912,3000,56091.007698
7856,3000,56100.11221
8008,3000,56109.940022
7722,3000,56118.332797
7688,3000,56127.892872
7782,3000,56137.998005
7952,3000,56148.013391
7520,3000,56157.921974
7808,3000,56167.380207
7568,3000,56176.820176
7976,3000,56186.608921
7738,3000,56195.902879
7726,3000,56205.713316
7620,3000,56215.488727
7640,3000,56224.757465
7664,3000,56248.692929
7560,3000,56258.26148
7964,3000,56268.063338
7944,3000,56277.535064
7774,3000,56286.924969
7828,3000,56296.535836
8080,3000,56306.101083
7616,3000,56315.82665
7664,3000,56325.707024
7990,3000,56335.440403
7558,3000,56344.774725
7922,3000,56354.252744
7522,3000,56364.056205
7814,3000,56373.587157
7974,3000,56382.884955
7774,3000,56391.762329
7642,3000,56401.682785
7738,3000,56411.073601
7610,3000,56420.495681
7632,3000,56430.183971
8064,3000,56439.507472
7664,3000,56449.356356
8144,3000,56458.779291
7636,3000,56467.826136
7902,3000,56477.808522
7494,3000,56487.469849
7854,3000,56496.707199
7810,3000,56505.844098
7714,3000,56515.34859
8050,3000,56524.891657
7816,3000,56535.060813
7714,3000,56544.616147
7844,3000,56553.934008
7858,3000,56563.425152
7778,3000,56573.425128
7718,3000,56582.95375
7896,3000,56592.457246
7954,3000,56601.714504
8146,3000,56611.363406
7714,3000,56621.758311
7816,3000,56631.720057
8234,3000,56641.368497
7686,3000,56651.098629
7854,3000,56660.45116
7860,3000,56670.231461
8108,3000,56679.857044
7894,3000,56689.391073
7720,3000,56699.091836
7776,3000,56708.744009
8048,3000,56718.11888
7912,3000,56727.723232
7796,3000,56737.558609
7794,3000,56747.036671
7674,3000,56756.218621
7780,3000,56766.352734
7774,3000,56775.362182
7688,3000,56784.702843
8172,3000,56794.104788
7678,3000,56803.41803
8204,3000,56812.796883
7678,3000,56822.462387
7884,3000,56832.066603
7620,3000,56841.474212
7938,3000,56850.941153
8054,3000,56860.196268
8030,3000,56869.47209
8062,3000,56878.536427
7652,3000,56902.311304
7760,3000,56911.958111
7670,3000,56921.295717
7406,3000,56930.675592
8008,3000,56940.772188
7426,3000,56950.394386
7698,3000,56959.790903
7866,3000,56970.102128
7776,3000,56979.748609
7742,3000,56989.809455
7590,3000,57000.23197
7808,3000,57009.850631
7846,3000,57019.83837
7746,3000,57029.533077
7614,3000,57039.066774
7796,3000,57048.48297
7680,3000,57058.298096
7698,3000,57067.854732
7930,3000,57077.668364
7864,3000,57087.651222
7878,3000,57097.120169
8126,3000,57106.396883
7420,3000,57115.506419
7880,3000,57124.75861
7690,3000,57134.692522
7840,3000,57144.345305
7922,3000,57153.911689
7826,3000,57163.747278
7596,3000,57173.00135
7512,3000,57182.554461
7730,3000,57192.087044
7756,3000,57201.434103
7990,3000,57211.215098
8018,3000,57220.990046
7584,3000,57230.918357
8012,3000,57240.221409
7606,3000,57249.730148
7874,3000,57259.116988
7696,3000,57268.024347
7594,3000,57277.954946
7780,3000,57287.61226
7818,3000,57296.96702
7734,3000,57306.169591
8192,3000,57315.753254
7996,3000,57325.470652
8080,3000,57334.869133
7754,3000,57344.101491
8356,3000,57353.896996
7790,3000,57363.33269
7804,3000,57372.289754
7530,3000,57382.151298
8132,3000,57391.822261
7684,3000,57401.612112
7532,3000,57411.121137
7922,3000,57420.6788
7926,3000,57430.071475
8002,3000,57439.182939
7780,3000,57448.804118
7692,3000,57458.480059
7624,3000,57467.992427
7894,3000,57477.819231
8164,3000,57486.647928
7642,3000,57496.305905
8070,3000,57505.563882
7802,3000,57515.504058
8028,3000,57525.478853
7806,3000,57535.392554
7796,3000,57558.477153
7982,3000,57568.513047
7776,3000,57577.888599
7652,3000,57587.094619
7594,3000,57596.207073
7584,3000,57605.595868
7760,3000,57614.924339
7744,3000,57624.220543
7842,3000,57633.69702
7658,3000,57643.161798
7576,3000,57653.191302
7814,3000,57662.875364
7792,3000,57672.461792
7914,3000,57681.354449
7752,3000,57690.770924
7762,3000,57700.543963
7728,3000,57710.155068
8000,3000,57719.906977
7824,3000,57729.170559
7518,3000,57738.869941
7658,3000,57747.943325
7500,3000,57757.692543
8036,3000,57767.771546
7842,3000,57777.316575
7706,3000,57786.766447
7902,3000,57796.302776
7648,3000,57806.064972
7832,3000,57815.549776
7842,3000,57824.677706
7908,3000,57834.249367
7732,3000,57843.345417
7860,3000,57853.100198
7816,3000,57862.385745
7922,3000,57871.526395
7766,3000,57880.988565
7660,3000,57890.344938
7862,3000,57900.019267
7546,3000,57909.470277
7968,3000,57919.15177
7850,3000,57928.401149
7854,3000,57937.51206
7830,3000,57946.999745
7724,3000,57956.879401
7816,3000,57966.071307
7600,3000,57975.148668
7662,3000,57984.570204
7830,3000,57994.161742
7972,3000,58003.971648
7852,3000,58013.930841
8034,3000,58024.11319
7746,3000,58032.959649
7718,3000,58042.396578
7876,3000,58052.123261
7990,3000,58062.087927
8024,3000,58071.878358
7814,3000,58081.240856
7908,3000,58090.827525
7984,3000,58100.033216
7570,3000,58109.709738
7640,3000,58119.073533
7822,3000,58128.961879
7718,3000,58138.670055
7654,3000,58147.970878
7754,3000,58158.331673
7686,3000,58167.769498
7746,3000,58177.556875
7728,3000,58200.963252
7868,3000,58210.602141
8058,3000,58219.822632
7592,3000,58229.476212
8136,3000,58238.774278
7974,3000,58248.256979
7856,3000,58257.892103
7714,3000,58267.850596
7822,3000,58277.108271
8250,3000,58286.547045
7986,3000,58296.103011
7492,3000,58305.065131
7700,3000,58314.489232
7988,3000,58324.06077
8144,3000,58333.486817
7966,3000,58342.859315
7590,3000,58351.926763
7762,3000,58362.062193
8022,3000,58371.854072
7822,3000,58381.627151
7876,3000,58391.5218
7790,3000,58400.865437
7834,3000,58410.436775
7906,3000,58419.594675
7996,3000,58429.58785
7718,3000,58439.196589
8124,3000,58448.958583
7824,3000,58458.854016
7988,3000,58468.364315
7832,3000,58478.14419
7858,3000,58487.710351
7926,3000,58497.27852
7688,3000,58506.760237
8004,3000,58516.370774
7854,3000,58526.202478
7558,3000,58534.968068
7722,3000,58545.011332
7786,3000,58554.573954
7804,3000,58563.975281
7818,3000,58574.424217
7782,3000,58583.848882
7830,3000,58593.501331
7638,3000,58602.74893
7784,3000,58612.455389
7686,3000,58622.197936
7920,3000,58631.589753
8014,3000,58641.307018
8074,3000,58650.201794
7850,3000,58659.799318
7714,3000,58669.624099
8040,3000,58679.34865
7844,3000,58688.899861
7472,3000,58698.204529
7814,3000,58707.343204
7776,3000,58716.713694
7494,3000,58726.324389
7942,3000,58735.943395
7730,3000,58745.933596
7974,3000,58756.161049
7724,3000,58766.15889
7670,3000,58776.138975
7706,3000,58785.486267
7826,3000,58795.271897
7796,3000,58805.237478
8030,3000,58815.871566
7736,3000,58825.669829
7794,3000,58834.957958
7626,3000,58858.825001
7652,3000,58868.820491
7738,3000,58878.100876
7636,3000,58887.577506
7876,3000,58897.142313
7982,3000,58906.312455
7638,3000,58915.778946
7934,3000,58925.443768
7848,3000,58934.92247
7624,3000,58944.655597
7634,3000,58954.903664
7824,3000,58964.304797
7742,3000,58973.461536
7746,3000,58983.251759
7870,3000,58993.063192
7708,3000,59002.211178
7810,3000,59011.625827
7996,3000,59020.874216
7600,3000,59030.427468
7630,3000,59040.343808
7766,3000,59049.633247
7576,3000,59058.943349
7916,3000,59068.257674
7608,3000,59078.126733
7762,3000,59087.845563
7598,3000,59097.223692
7494,3000,59106.823071
7762,3000,59115.921005
7808,3000,59125.851544
7750,3000,59135.575501
7696,3000,59145.530091
7404,3000,59155.383416
7970,3000,59164.882013
7756,3000,59174.13161
7640,3000,59183.421103
7552,3000,59193.075151
8004,3000,59202.5558
7648,3000,59212.116893
8096,3000,59221.553862
7550,3000,59231.257347
7818,3000,59240.6513
7598,3000,59249.564648
7904,3000,59258.801651
7938,3000,59268.142922
7676,3000,59277.825844
7492,3000,59287.672873
7678,3000,59296.899402
7514,3000,59306.717313
7868,3000,59316.006715
7762,3000,59325.608431
8082,3000,59334.943042
7754,3000,59344.952018
7602,3000,59354.386113
7826,3000,59364.066042
8116,3000,59373.647932
7490,3000,59383.133114
7816,3000,59392.687085
7924,3000,59402.013513
7602,3000,59411.544613
7814,3000,59421.24789
7736,3000,59430.642322
7468,3000,59440.32852
7686,3000,59449.960162
7534,3000,59459.599072
7770,3000,59469.302282
7626,3000,59479.178427
7654,3000,59488.329389
8048,3000,59512.957389
8056,3000,59522.711477
7480,3000,59532.153027
7462,3000,59541.916254
7796,3000,59551.808987
7876,3000,59561.666021
7756,3000,59571.158261
7868,3000,59580.714664
8024,3000,59590.008852
7746,3000,59599.737896
7594,3000,59610.170529
7964,3000,59620.068092
7822,3000,59629.721107
7946,3000,59639.67778
7576,3000,59649.268723
7834,3000,59658.629075
7810,3000,59668.507401
7746,3000,59678.185754
7830,3000,59688.100567
7758,3000,59697.473439
7506,3000,59707.442196
7922,3000,59716.728814
7522,3000,59726.771722
7914,3000,59736.525537
7600,3000,59746.517083
7754,3000,59756.295182
7988,3000,59766.211529
8134,3000,59775.993636
7824,3000,59785.090472
7952,3000,59794.798487
7646,3000,59804.6177
7792,3000,59814.277787
7686,3000,59823.741194
7972,3000,59833.780457
7940,3000,59843.304736
7856,3000,59853.019421
7670,3000,59862.246259
7724,3000,59871.646066
7642,3000,59881.361664
7872,3000,59890.504027
8024,3000,59899.714058
7528,3000,59909.036404
7482,3000,59918.450023
8052,3000,59928.388722
7736,3000,59937.457464
7492,3000,59947.560221
7908,3000,59956.866572
7716,3000,59966.588128
7906,3000,59975.98289
7864,3000,59985.719996
7710,3000,59995.665674
7436,3000,60005.60029
7528,3000,60015.186641
7600,3000,60024.86799
7838,3000,60033.778398
7890,3000,60042.85096
7980,3000,60052.975374
7792,3000,60061.999888
7988,3000,60071.908488
7786,3000,60081.396384
7864,3000,60090.763173
7936,3000,60099.819479
7918,3000,60109.353549
7700,3000,60119.148467
7854,3000,60128.704101
7868,3000,60138.021752
7714,3000,60162.089523
7792,3000,60171.896265
7912,3000,60181.097358
7784,3000,60190.818855
7644,3000,60200.71172
7920,3000,60210.323368
7648,3000,60219.99309
7826,3000,60229.62325
7406,3000,60239.367447
7796,3000,60249.448857
7746,3000,60259.216293
7654,3000,60269.01389
7886,3000,60278.817006
7474,3000,60288.116096
7974,3000,60298.123474
8070,3000,60307.901371
7682,3000,60317.654001
7942,3000,60327.412186
8090,3000,60336.92263
7698,3000,60346.266594
7806,3000,60355.637589
7924,3000,60365.740771
8184,3000,60376.098752
7848,3000,60385.56593
7912,3000,60394.96161
7792,3000,60404.575821
7462,3000,60414.721199
7652,3000,60424.303805
7794,3000,60434.179678
7954,3000,60443.925748
7676,3000,60453.561743
7978,3000,60463.480978
8168,3000,60473.325256
7988,3000,60483.078273
7814,3000,60493.329345
7512,3000,60502.982925
7680,3000,60512.345054
7836,3000,60521.784381
7596,3000,60531.457693
7778,3000,60541.195595
7630,3000,60550.952922
8034,3000,60561.25405
7812,3000,60570.622015
7652,3000,60580.410725
7776,3000,60590.42541
7910,3000,60600.659915
7470,3000,60610.041698
7970,3000,60619.229554
7632,3000,60628.775156
7632,3000,60638.417136
8140,3000,60648.034076
7860,3000,60657.260606
7742,3000,60666.75379
7670,3000,60676.153048
7594,3000,60685.124945
7514,3000,60694.532287
7826,3000,60704.24162
7870,3000,60713.744772
7826,3000,60723.274873
7894,3000,60732.921856
8170,3000,60742.557127
7738,3000,60752.172521
8124,3000,60761.803567
7536,3000,60771.405808
7582,3000,60781.266873
7678,3000,60790.980945
7832,3000,60800.16049
7502,3000,60824.145006
8054,3000,60834.02151
7840,3000,60843.530416
7502,3000,60853.122989
7504,3000,60863.091897
7832,3000,60872.740851
7910,3000,60882.399381
7604,3000,60892.249656
7950,3000,60901.961129
7704,3000,60911.379442
7576,3000,60921.147263
7896,3000,60930.855323
7920,3000,60940.828779
7954,3000,60951.087559
7694,3000,60961.149851
7914,3000,60970.904743
7996,3000,60980.300409
7788,3000,60989.790473
7468,3000,60999.222649
7700,3000,61008.832931
7722,3000,61018.235832
7660,3000,61027.819211
7656,3000,61037.660346
7874,3000,61047.264271
7744,3000,61056.773137
7904,3000,61066.707225
7762,3000,61076.079391
7520,3000,61085.88098
8290,3000,61095.90301
7772,3000,61105.59682
7896,3000,61115.04915
7820,3000,61124.578766
7850,3000,61134.440959
7622,3000,61144.350506
7846,3000,61154.236357
7586,3000,61163.727148
7854,3000,61173.42569
7722,3000,61183.376311
8020,3000,61192.605897
7426,3000,61202.696591
7914,3000,61212.682899
7562,3000,61222.3515
7484,3000,61232.349245
7826,3000,61242.29462
7608,3000,61252.374897
7762,3000,61261.873733
7490,3000,61271.769749
8028,3000,61281.309024
7814,3000,61290.489487
7712,3000,61300.209447
7700,3000,61310.317233
7538,3000,61320.11471
7890,3000,61330.32209
7636,3000,61340.050246
7782,3000,61349.965533
7774,3000,61359.474839
8160,3000,61368.695446
7764,3000,61378.566156
7588,3000,61388.074547
7876,3000,61397.941936
7852,3000,61407.50538
7676,3000,61417.194022
7868,3000,61427.158258
7564,3000,61437.026191
8082,3000,61447.002397
7794,3000,61456.277077
7814,3000,61465.832986
7536,3000,61489.875719
7820,3000,61499.181958
7720,3000,61508.372383
8072,3000,61517.676069
7764,3000,61527.415512
7590,3000,61537.098292
7560,3000,61546.418603
7954,3000,61556.249824
7922,3000,61566.092382
7810,3000,61575.9916
7818,3000,61585.960311
7652,3000,61595.813366
7568,3000,61605.690198
7784,3000,61615.600092
7890,3000,61625.602328
7644,3000,61635.035183
7638,3000,61644.341773
7784,3000,61654.088477
7816,3000,61663.309717
7928,3000,61673.117373
7762,3000,61682.909544
7638,3000,61692.836793
7924,3000,61702.45643
8320,3000,61711.591787
7814,3000,61720.684151
7706,3000,61730.460119
8052,3000,61740.635475
7992,3000,61750.505178
7714,3000,61760.102195
7568,3000,61770.005821
8020,3000,61780.170206
7478,3000,61789.860979
7796,3000,61799.888299
7984,3000,61809.298784
7458,3000,61818.825907
7834,3000,61828.828382
7928,3000,61838.369543
7624,3000,61847.801886
7658,3000,61857.695306
7546,3000,61867.078513
7976,3000,61877.027769
7790,3000,61887.121308
8088,3000,61897.060574
7770,3000,61906.520375
7842,3000,61916.319934
7442,3000,61926.577024
7496,3000,61935.705857
7826,3000,61945.310552
7350,3000,61954.764449
7546,3000,61964.248608
7730,3000,61974.13448
7756,3000,61983.711313
7676,3000,61993.049676
7614,3000,62002.486454
7556,3000,62011.871424
7514,3000,62021.824697
7698,3000,62031.799221
8052,3000,62041.845792
7736,3000,62051.902472
7926,3000,62061.509326
7890,3000,62070.993016
7914,3000,62080.40126
7452,3000,62090.290419
7386,3000,62100.386616
7654,3000,62109.995781
7878,3000,62119.905138
7796,3000,62143.856023
7466,3000,62153.875683
7620,3000,62163.200969
7730,3000,62173.376714
7702,3000,62182.755683
7614,3000,62192.541506
8000,3000,62202.637427
7646,3000,62211.884366
7946,3000,62221.756761
7676,3000,62231.679074
7526,3000,62241.101815
7652,3000,62250.758185
7774,3000,62260.952304
7692,3000,62270.616278
7374,3000,62279.807055
7760,3000,62289.065578
7648,3000,62298.229472
7508,3000,62308.305522
7638,3000,62317.847285
7666,3000,62327.220637
7952,3000,62337.138535
8184,3000,62346.71623
7870,3000,62356.312299
7502,3000,62366.073114
7952,3000,62375.788126
8050,3000,62385.270612
8128,3000,62394.846964
7816,3000,62404.438237
8032,3000,62413.936022
7636,3000,62423.386091
7916,3000,62433.277847
7674,3000,62443.138826
7422,3000,62453.488523
7744,3000,62463.652158
7754,3000,62473.497549
7674,3000,62483.403308
7846,3000,62492.840545
7774,3000,62502.923309
8260,3000,62512.744812
7340,3000,62522.195045
7774,3000,62531.706701
7944,3000,62540.98277
7390,3000,62550.744183
7946,3000,62560.284674
7874,3000,62569.89109
7748,3000,62579.853352
8166,3000,62588.872954
7570,3000,62598.534792
7578,3000,62608.02856
7724,3000,62617.179415
7784,3000,62626.398856
7754,3000,62636.357197
7772,3000,62645.915907
7802,3000,62655.458278
7894,3000,62665.168492
7658,3000,62675.178817
7818,3000,62685.292934
7912,3000,62695.090024
8046,3000,62704.318113
7738,3000,62713.913847
8058,3000,62724.064057
7980,3000,62733.843531
8018,3000,62743.67082
7588,3000,62753.626725
8086,3000,62763.10719
7814,3000,62773.179423
7640,3000,62782.53354
7644,3000,62805.741087
7650,3000,62815.162028
8016,3000,62824.590881
8088,3000,62834.683786
7576,3000,62843.741295
8018,3000,62853.385476
7588,3000,62863.857368
7712,3000,62873.41135
8004,3000,62883.555567
7628,3000,62892.751122
7494,3000,62902.273226
7986,3000,62912.006906
7700,3000,62921.417975
7630,3000,62931.645602
7754,3000,62941.567514
7582,3000,62951.426537
7644,3000,62961.142447
7904,3000,62970.887707
7576,3000,62980.428713
7734,3000,62989.757499
7774,3000,62999.69418
7822,3000,63009.079073
7848,3000,63018.03508
7976,3000,63028.414298
7800,3000,63037.587477
7656,3000,63047.031177
7790,3000,63056.625529
7738,3000,63066.172235
7732,3000,63076.049759
7680,3000,63085.553621
7924,3000,63095.018817
7972,3000,63104.352752
7656,3000,63113.701464
7600,3000,63123.219023
7496,3000,63132.311703
8134,3000,63142.692493
7898,3000,63152.562644
7794,3000,63162.137439
7662,3000,63171.667061
7864,3000,63181.172221
7962,3000,63190.962191
7966,3000,63200.345089
8078,3000,63210.340718
7694,3000,63219.89912
7738,3000,63229.29271
7774,3000,63239.198455
7818,3000,63248.796316
7812,3000,63258.117501
7972,3000,63267.621917
7682,3000,63276.906891
7718,3000,63285.972351
7806,3000,63295.984451
7848,3000,63305.464141
7750,3000,63314.806902
7718,3000,63324.871753
7668,3000,63334.179411
7786,3000,63343.872061
7804,3000,63353.813123
7808,3000,63363.477711
8080,3000,63373.084281
7850,3000,63382.754235
8000,3000,63392.301845
8022,3000,63401.330277
7852,3000,63411.588943
7638,3000,63421.174759
7772,3000,63430.929398
7710,3000,63440.649468
7880,3000,63464.099811
7668,3000,63473.871346
7652,3000,63483.73403
7472,3000,63492.928926
7592,3000,63502.528615
7498,3000,63511.790915
8000,3000,63521.203904
7662,3000,63530.472451
8144,3000,63540.258907
7876,3000,63549.009988
7918,3000,63558.615389
7744,3000,63568.640045
7696,3000,63578.21457
7920,3000,63587.807534
7750,3000,63597.090863
7892,3000,63606.523856
7512,3000,63616.447689
8072,3000,63626.034652
8088,3000,63635.975148
7936,3000,63645.308953
7682,3000,63654.5954
7858,3000,63664.263061
7576,3000,63673.877194
7634,3000,63683.351322
7950,3000,63693.005458
7660,3000,63702.494117
7390,3000,63711.832259
7886,3000,63721.367513
7868,3000,63730.931262
7842,3000,63740.754687
7690,3000,63750.956997
7698,3000,63760.802522
7684,3000,63770.493004
8068,3000,63780.087952
7742,3000,63789.796537
7608,3000,63799.144767
7878,3000,63809.050735
7872,3000,63818.749127
7896,3000,63828.394563
7336,3000,63837.787858
7788,3000,63847.305592
7872,3000,63857.23758
7762,3000,63866.269017
7338,3000,63876.324765
7694,3000,63885.684508
7536,3000,63894.978901
8174,3000,63904.202905
7592,3000,63913.959374
7712,3000,63923.130596
8030,3000,63932.862835
7808,3000,63942.526642
7922,3000,63951.784389
7760,3000,63961.327189
7916,3000,63970.666342
7648,3000,63980.494693
7890,3000,63990.117946
7898,3000,63999.675351
7478,3000,64009.204977
7642,3000,64018.723406
7898,3000,64027.773299
7672,3000,64037.613359
7942,3000,64046.842071
7644,3000,64056.734448
7584,3000,64065.942323
7910,3000,64075.404114
7754,3000,64084.870113
7846,3000,64108.388379
7648,3000,64117.944137
7718,3000,64126.916668
7642,3000,64136.431412
7800,3000,64146.35749
7664,3000,64155.033248
7834,3000,64164.901028
7640,3000,64174.342736
7798,3000,64183.592022
7598,3000,64192.942996
7758,3000,64202.808237
8094,3000,64212.487797
7840,3000,64222.446676
7782,3000,64232.091217
7878,3000,64241.432822
7762,3000,64251.56169
7662,3000,64261.443298
7992,3000,64271.30292
7398,3000,64280.640165
7872,3000,64289.961398
7880,3000,64299.422448
7966,3000,64309.247202
7912,3000,64317.966328
7858,3000,64327.295339
7694,3000,64336.567377
8288,3000,64345.95349
7998,3000,64356.018858
7986,3000,64365.744019
7364,3000,64374.62994
7808,3000,64384.523458
7708,3000,64394.247811
8016,3000,64403.963221
7814,3000,64413.564488
7810,3000,64423.289766
7984,3000,64432.999287
7778,3000,64442.407678
7760,3000,64451.7434
8002,3000,64460.983748
8162,3000,64470.251166
7986,3000,64479.710745
7842,3000,64489.877377
7768,3000,64499.87573
7792,3000,64509.757823
7912,3000,64519.549042
7812,3000,64529.22168
7746,3000,64538.656584
7748,3000,64548.382237
7868,3000,64557.598982
7600,3000,64567.070799
7844,3000,64576.004435
7776,3000,64585.385861
7660,3000,64595.254214
7674,3000,64605.088863
7736,3000,64614.365099
7974,3000,64624.058386
7790,3000,64633.424461
7782,3000,64642.592296
7884,3000,64651.877997
7744,3000,64661.551258
7962,3000,64670.589357
7702,3000,64679.756402
7820,3000,64689.427272
8050,3000,64699.104084
7954,3000,64709.118577
8036,3000,64718.516042
7814,3000,64727.961665
7464,3000,64737.380142
7984,3000,64760.860568
7774,3000,64770.427297
8016,3000,64780.375573
8000,3000,64789.705987
7868,3000,64799.346164
7940,3000,64808.598305
8056,3000,64818.182536
7846,3000,64827.926128
7672,3000,64837.65683
7800,3000,64846.862259
8206,3000,64855.981934
7738,3000,64865.569474
8028,3000,64874.743444
7824,3000,64884.591937
7954,3000,64894.462117
7752,3000,64903.941423
7962,3000,64912.815836
7830,3000,64922.809452
7856,3000,64932.526912
7736,3000,64941.983058
8180,3000,64951.17244
7846,3000,64960.670017
7788,3000,64970.022795
7674,3000,64979.725945
7592,3000,64989.30474
7644,3000,64998.477974
7662,3000,65008.358818
7520,3000,65017.259585
7910,3000,65026.644449
7692,3000,65036.012552
8240,3000,65045.494495
7678,3000,65054.982386
7828,3000,65064.369451
7876,3000,65074.24263
7720,3000,65083.641746
7684,3000,65093.271869
7936,3000,65102.460963
7656,3000,65111.612593
7756,3000,65120.734768
7536,3000,65130.463227
7726,3000,65140.384997
7868,3000,65149.841217
7836,3000,65159.23386
7768,3000,65168.967596
7656,3000,65178.990879
8122,3000,65188.923114
7740,3000,65198.689674
7952,3000,65208.441206
7586,3000,65217.613839
7622,3000,65227.521098
7640,3000,65236.751789
8060,3000,65246.745057
7642,3000,65256.182186
7866,3000,65265.055428
8036,3000,65274.506118
7714,3000,65284.044237
7774,3000,65293.679432
7910,3000,65302.9458
7754,3000,65312.233112
7774,3000,65322.203176
8062,3000,65331.434994
7914,3000,65340.47923
7748,3000,65350.486598
7696,3000,65360.170709
7938,3000,65369.817436
7952,3000,65379.742222
8058,3000,65389.546621
7976,3000,65413.175406
7920,3000,65422.60468
7914,3000,65431.692953
7602,3000,65441.322786
7582,3000,65450.853604
8070,3000,65461.089567
7644,3000,65470.470009
8098,3000,65480.112595
7766,3000,65489.557508
7584,3000,65498.743285
7828,3000,65508.382724
8158,3000,65517.830894
8002,3000,65527.619294
8002,3000,65536.852825
7972,3000,65546.26998
8126,3000,65556.516144
7946,3000,65566.146383
7728,3000,65575.957275
7898,3000,65585.80693
7270,3000,65595.292804
7458,3000,65604.93504
7780,3000,65614.267111
7752,3000,65623.759305
7814,3000,65632.992858
7802,3000,65642.130186
7860,3000,65652.284726
7798,3000,65661.917514
7896,3000,65671.211272
7864,3000,65681.114697
7878,3000,65690.603334
7822,3000,65700.202261
7664,3000,65709.776104
7466,3000,65719.297635
7726,3000,65728.829189
7488,3000,65738.428309
7828,3000,65747.844105
8010,3000,65757.564917
7604,3000,65766.569801
7898,3000,65775.916265
7690,3000,65785.414698
7816,3000,65795.162219
7712,3000,65805.058124
7860,3000,65814.432365
7672,3000,65823.680829
7668,3000,65833.897104
7632,3000,65843.857343
8004,3000,65853.270126
7624,3000,65862.305331
7832,3000,65871.555465
7904,3000,65880.966167
7690,3000,65890.489265
7724,3000,65899.962353
7638,3000,65909.809351
7678,3000,65919.216731
7700,3000,65929.145319
7994,3000,65938.616749
7918,3000,65947.640557
7386,3000,65957.189351
7874,3000,65967.098681
7852,3000,65976.221083
7810,3000,65985.597685
7792,3000,65994.94699
8182,3000,66004.295876
7792,3000,66013.719225
7804,3000,66023.920998
7648,3000,66033.635775
7868,3000,66057.116566
7900,3000,66066.430898
7402,3000,66076.21853
8048,3000,66086.079431
8078,3000,66095.901336
7528,3000,66105.153634
7848,3000,66115.229535
8078,3000,66124.711929
7710,3000,66134.528671
7792,3000,66143.886249
7768,3000,66153.263127
7914,3000,66163.14777
7846,3000,66172.672315
7594,3000,66182.397226
7794,3000,66192.013565
7844,3000,66201.475735
7350,3000,66211.16467
7314,3000,66220.727991
7662,3000,66230.767376
8142,3000,66240.303064
7874,3000,66249.680683
7694,3000,66258.969288
7528,3000,66268.294666
7964,3000,66277.291177
7514,3000,66286.671169
7634,3000,66296.684282
7878,3000,66305.988613
7792,3000,66315.582286
7912,3000,66324.881073
7798,3000,66334.351176
7726,3000,66343.770703
7822,3000,66353.673975
7658,3000,66363.175855
7510,3000,66372.578611
7488,3000,66382.011422
7858,3000,66391.435791
7766,3000,66401.282028
7370,3000,66410.691699
7658,3000,66420.566244
7786,3000,66429.913223
7826,3000,66438.967552
7708,3000,66448.00861
7744,3000,66457.445671
7720,3000,66467.014496
7528,3000,66476.364464
7456,3000,66486.091023
7814,3000,66495.892896
7960,3000,66504.720123
7910,3000,66513.961245
7674,3000,66523.903045
7912,3000,66533.82939
8092,3000,66543.340467
7838,3000,66552.74436
7808,3000,66562.250596
8174,3000,66571.560117
7882,3000,66580.477679
7870,3000,66590.379758
7994,3000,66599.744791
7790,3000,66609.003018
7626,3000,66618.387386
8082,3000,66628.299748
7606,3000,66637.46387
7890,3000,66647.438655
8130,3000,66657.548114
7626,3000,66666.698247
7490,3000,66676.120293
7864,3000,66685.661272
7672,3000,66709.409568
7918,3000,66718.993367
7694,3000,66728.209864
7790,3000,66738.005146
7906,3000,66747.175321
7752,3000,66756.888075
7940,3000,66766.57899
8076,3000,66776.132323
7830,3000,66786.429956
7844,3000,66795.534022
7918,3000,66805.034985
7704,3000,66814.828228
7628,3000,66823.942235
7822,3000,66833.256428
7460,3000,66842.54467
7664,3000,66852.545568
7568,3000,66861.853162
7880,3000,66871.492531
7778,3000,66880.840374
8188,3000,66890.473546
7840,3000,66900.287542
7738,3000,66909.801709
8054,3000,66918.959441
7514,3000,66928.241422
7870,3000,66937.776826
7676,3000,66947.256708
8048,3000,66956.702191
7650,3000,66965.699613
8032,3000,66975.648935
7792,3000,66985.371732
7592,3000,66994.736879
8008,3000,67004.426328
7726,3000,67013.442961
7874,3000,67023.241064
7522,3000,67032.680243
7534,3000,67042.35484
7640,3000,67052.223641
7548,3000,67061.637782
7900,3000,67071.785639
7882,3000,67081.381994
7784,3000,67091.057234
8096,3000,67100.433016
7630,3000,67110.094154
7948,3000,67120.677448
7682,3000,67130.255557
7802,3000,67139.910415
7760,3000,67149.714147
7730,3000,67159.064645
7606,3000,67168.461815
7914,3000,67178.307492
7692,3000,67187.63687
7860,3000,67197.141011
7976,3000,67206.758453
8304,3000,67215.704986
7638,3000,67225.36232
7836,3000,67234.84986
7722,3000,67244.329507
7918,3000,67253.907047
7666,3000,67263.920372
7982,3000,67273.686528
7742,3000,67283.051332
7596,3000,67293.115329
7740,3000,67302.785973
7754,3000,67312.224494
7548,3000,67321.654908
7898,3000,67331.13169
7928,3000,67340.669611
7812,3000,67364.523933
8072,3000,67374.163189
7868,3000,67383.431321
7550,3000,67393.168366
8006,3000,67402.442424
8124,3000,67411.772705
7492,3000,67421.48651
7864,3000,67430.754413
8014,3000,67440.406996
7858,3000,67449.714038
7872,3000,67459.754506
7754,3000,67469.271926
7864,3000,67479.144188
7898,3000,67489.101758
7594,3000,67498.641981
7402,3000,67508.313602
7340,3000,67517.47415
7930,3000,67527.048311
7918,3000,67536.135946
7644,3000,67545.757463
7818,3000,67555.99283
7798,3000,67565.338786
7710,3000,67574.933311
7610,3000,67584.08695
7612,3000,67593.771286
7594,3000,67603.617704
7534,3000,67613.431536
7352,3000,67622.740801
7518,3000,67631.888177
7520,3000,67641.805523
7756,3000,67651.603573
7866,3000,67660.793255
7912,3000,67670.304677
7806,3000,67680.015803
7668,3000,67689.604013
7608,3000,67698.709519
7928,3000,67708.692664
7638,3000,67717.699795
7550,3000,67726.814714
7834,3000,67736.568432
7554,3000,67746.525621
7724,3000,67756.686897
7786,3000,67765.888111
7720,3000,67775.548338
8180,3000,67785.015709
8066,3000,67794.548889
7868,3000,67804.043863
7752,3000,67813.675418
7600,3000,67823.250269
7844,3000,67832.580236
8010,3000,67841.904934
7644,3000,67851.818842
7770,3000,67861.913925
7920,3000,67871.486949
7326,3000,67880.743561
7624,3000,67890.239452
7460,3000,67900.308265
7906,3000,67909.664038
7962,3000,67919.172802
8130,3000,67928.98155
7520,3000,67939.132342
7870,3000,67948.828281
7718,3000,67958.170205
7534,3000,67967.634212
7618,3000,67977.412692
7874,3000,67987.408342
7564,3000,68010.097589
7688,3000,68019.584918
7786,3000,68029.488621
7912,3000,68038.596942
7904,3000,68048.346385
7856,3000,68058.447008
7916,3000,68067.933943
7664,3000,68077.364232
7668,3000,68087.053732
7678,3000,68096.519297
7460,3000,68106.387979
7764,3000,68115.623356
7562,3000,68125.22947
7760,3000,68134.682959
7626,3000,68144.428694
7948,3000,68153.860955
7750,3000,68163.123471
7618,3000,68173.415286
7836,3000,68182.684353
7686,3000,68192.555873
7742,3000,68202.224408
7648,3000,68211.929482
7646,3000,68221.178073
7786,3000,68230.714526
7436,3000,68240.748239
7794,3000,68249.955922
7900,3000,68259.504261
7616,3000,68268.869149
7982,3000,68277.959207
7886,3000,68287.112379
7596,3000,68296.099159
7790,3000,68305.493339
7720,3000,68315.18894
7688,3000,68325.248871
7798,3000,68334.539852
7926,3000,68344.448518
7734,3000,68354.682511
7564,3000,68364.632864
7384,3000,68374.300117
7900,3000,68384.055363
7922,3000,68393.649497
7798,3000,68403.53861
7516,3000,68412.87134
7542,3000,68421.991691
7772,3000,68431.448945
7566,3000,68441.060798
7686,3000,68450.637066
7846,3000,68460.232917
7670,3000,68469.741719
7656,3000,68479.295252
7954,3000,68488.873453
7756,3000,68498.37345
7776,3000,68508.003286
7618,3000,68518.251063
7678,3000,68527.899694
7608,3000,68537.348976
7542,3000,68546.878495
7774,3000,68556.325514
7858,3000,68565.685571
7606,3000,68575.2089
7372,3000,68584.567446
7520,3000,68593.987905
7792,3000,68603.432
7854,3000,68613.329572
7644,3000,68622.754003
7668,3000,68632.215962
7702,3000,68641.977312
7728,3000,68665.346706
7888,3000,68675.094753
7908,3000,68684.69542
7806,3000,68694.072074
7470,3000,68703.132336
7864,3000,68712.89859
7894,3000,68722.832525
7746,3000,68732.414507
7646,3000,68741.546268
7640,3000,68750.52917
7930,3000,68759.846598
7566,3000,68769.355796
7578,3000,68779.237103
7792,3000,68789.148018
7468,3000,68798.918831
7822,3000,68808.390933
7682,3000,68818.16728
7944,3000,68827.894821
7664,3000,68837.112308
7750,3000,68846.90127
7798,3000,68856.720576
7424,3000,68866.322345
7642,3000,68875.598476
7666,3000,68885.348473
8028,3000,68894.842938
7674,3000,68904.193393
7354,3000,68913.881965
8006,3000,68922.757403
7878,3000,68932.624444
7934,3000,68941.782583
7920,3000,68950.708692
7520,3000,68960.17196
7868,3000,68970.272268
7506,3000,68979.695981
7468,3000,68989.740524
7692,3000,68999.68279
7622,3000,69009.458118
7430,3000,69018.872644
8038,3000,69027.951763
8022,3000,69037.811944
7866,3000,69047.20279
8034,3000,69056.863275
7848,3000,69066.469208
7522,3000,69076.210868
7892,3000,69085.381001
7608,3000,69095.180008
7876,3000,69104.859918
7634,3000,69114.285183
7548,3000,69124.298164
7626,3000,69134.005664
7418,3000,69144.030864
7538,3000,69153.597166
7656,3000,69163.077979
7904,3000,69173.002016
7870,3000,69183.036738
7902,3000,69192.56178
7866,3000,69201.577309
7638,3000,69211.449022
7818,3000,69221.393558
7768,3000,69231.322315
7762,3000,69241.059985
7428,3000,69250.682779
7488,3000,69259.55503
7828,3000,69269.271264
7894,3000,69278.952317
8004,3000,69288.291635
7880,3000,69297.746237
7688,3000,69321.435031
7402,3000,69330.805419
8060,3000,69340.081227
7914,3000,69349.902863
7556,3000,69359.663229
7930,3000,69369.662881
8048,3000,69380.145324
7986,3000,69390.055491
7676,3000,69399.882346
7684,3000,69409.535049
7684,3000,69418.855866
7340,3000,69428.178298
7962,3000,69437.479064
7750,3000,69446.681438
7466,3000,69456.415165
8130,3000,69465.952478
7656,3000,69474.832405
7926,3000,69484.419701
7592,3000,69494.068572
7782,3000,69503.787925
7918,3000,69513.391426
8122,3000,69523.451889
7814,3000,69532.569752
8082,3000,69541.919548
7772,3000,69551.237978
7650,3000,69560.953689
7578,3000,69570.323976
7870,3000,69579.914634
8054,3000,69589.781273
7668,3000,69599.857419
7492,3000,69610.02649
7476,3000,69619.880336
7916,3000,69630.226231
7812,3000,69640.192243
7734,3000,69650.050293
7546,3000,69659.79757
7574,3000,69669.676825
7498,3000,69678.790764
7494,3000,69687.870203
7532,3000,69697.617296
7412,3000,69707.207671
7870,3000,69717.291365
7866,3000,69726.812278
7124,3000,69735.895628
7608,3000,69745.499201
7754,3000,69755.2932
7474,3000,69764.910153
7322,3000,69774.562624
8018,3000,69783.976458
7682,3000,69794.365801
7906,3000,69804.376713
7574,3000,69813.832958
7718,3000,69823.601121
7588,3000,69833.101255
7822,3000,69843.449617
7914,3000,69853.081769
7768,3000,69862.692111
7726,3000,69872.217779
7598,3000,69881.74505
7584,3000,69891.476494
7952,3000,69901.125019
7676,3000,69911.262015
7734,3000,69920.666698
7758,3000,69930.122805
7776,3000,69939.677682
7660,3000,69949.418709
7754,3000,69972.661944
7866,3000,69981.885243
7656,3000,69991.390645
7854,3000,70000.607381
7700,3000,70010.292511
7802,3000,70020.050493
7692,3000,70029.625124
7910,3000,70038.922998
7826,3000,70048.646637
7436,3000,70058.185822
7862,3000,70067.982977
8034,3000,70077.269445
8192,3000,70086.609926
7384,3000,70096.470371
7818,3000,70105.386596
7616,3000,70115.096086
7746,3000,70124.899214
7506,3000,70134.468987
7610,3000,70144.052366
7552,3000,70153.482055
7822,3000,70163.664521
7518,3000,70173.402258
7832,3000,70182.89439
7600,3000,70191.868346
7784,3000,70201.352196
7318,3000,70210.72664
8478,3000,70219.76703
7912,3000,70229.668133
7734,3000,70239.252722
7992,3000,70248.643038
7720,3000,70258.310118
8052,3000,70267.541044
7732,3000,70277.709523
7506,3000,70287.03146
8018,3000,70296.559539
7570,3000,70306.155919
7688,3000,70315.569102
7674,3000,70325.482988
7790,3000,70335.156925
7698,3000,70344.506901
7680,3000,70353.593321
7770,3000,70363.56247
7938,3000,70373.267737
7814,3000,70383.317821
7778,3000,70392.450583
7582,3000,70401.770814
7756,3000,70410.857868
7710,3000,70420.405195
7564,3000,70429.619297
7916,3000,70439.347797
7740,3000,70448.574875
7802,3000,70458.034237
7526,3000,70467.988633
7684,3000,70477.355189
8058,3000,70487.374329
7890,3000,70496.890087
7684,3000,70506.163439
7896,3000,70515.706202
7732,3000,70525.472373
8164,3000,70534.944338
8066,3000,70545.072794
7972,3000,70554.239497
7752,3000,70563.890252
7590,3000,70573.358243
7898,3000,70582.604213
8082,3000,70592.153613
7922,3000,70601.436874
7570,3000,70625.136249
7780,3000,70634.221688
7634,3000,70644.104842
7760,3000,70653.094178
8030,3000,70662.763426
7938,3000,70671.924512
7862,3000,70681.229268
7528,3000,70691.315545
7992,3000,70700.62529
7762,3000,70710.26827
7596,3000,70719.499975
7976,3000,70729.492084
7494,3000,70739.029521
7800,3000,70748.480596
7788,3000,70757.788305
7928,3000,70767.15851
8008,3000,70776.723056
7926,3000,70786.338735
7822,3000,70795.90638
7866,3000,70805.345998
7806,3000,70814.556538
7902,3000,70824.236931
7400,3000,70833.46724
7550,3000,70843.098619
7774,3000,70852.638782
7568,3000,70861.88911
7820,3000,70871.682835
7762,3000,70880.884483
7772,3000,70890.170739
7966,3000,70899.762978
7672,3000,70909.495729
8016,3000,70919.108963
8096,3000,70928.657138
7986,3000,70938.172574
7764,3000,70948.019609
7692,3000,70958.213826
7796,3000,70967.570582
7700,3000,70976.79515
8006,3000,70986.419328
7718,3000,70995.679879
7626,3000,71005.082223
8000,3000,71014.54212
7880,3000,71024.439673
8008,3000,71034.115415
7764,3000,71043.914219
8192,3000,71053.772404
7844,3000,71063.665115
7454,3000,71072.701276
7892,3000,71081.802299
8142,3000,71091.040234
7836,3000,71100.537159
7906,3000,71109.78092
7736,3000,71119.372239
7668,3000,71129.035839
7822,3000,71139.001834
7580,3000,71149.193563
7654,3000,71158.330365
7680,3000,71167.848487
7652,3000,71177.430637
7862,3000,71186.911009
7566,3000,71196.269044
7876,3000,71205.581974
8054,3000,71215.196489
7774,3000,71225.034199
8000,3000,71234.834033
7972,3000,71244.167232
7876,3000,71253.603048
7540,3000,71276.453191
7656,3000,71286.013943
7624,3000,71295.652646
7922,3000,71304.815409
7970,3000,71314.510524
7880,3000,71323.674076
7668,3000,71333.27793
7716,3000,71342.598111
7756,3000,71352.010077
7804,3000,71361.083703
7856,3000,71371.00903
7886,3000,71380.702973
7924,3000,71390.942034
7636,3000,71400.036027
7780,3000,71409.588756
7828,3000,71418.531557
8124,3000,71428.288532
8094,3000,71437.945704
7990,3000,71447.456664
7514,3000,71457.00623
8024,3000,71466.152662
7806,3000,71475.615822
7938,3000,71485.105433
7802,3000,71494.671661
7628,3000,71504.541005
8226,3000,71514.433667
8058,3000,71523.900941
7732,3000,71533.093405
7904,3000,71542.369978
7624,3000,71551.947194
7704,3000,71560.981761
7748,3000,71570.247504
7696,3000,71579.449573
7646,3000,71588.552301
7984,3000,71597.759328
7990,3000,71607.256872
7628,3000,71616.472706
8206,3000,71625.964911
7848,3000,71634.889778
7674,3000,71644.870616
7978,3000,71654.111177
7906,3000,71663.35538
8268,3000,71672.992872
7446,3000,71682.600321
8054,3000,71692.251701
8008,3000,71701.93005
7648,3000,71711.460765
7696,3000,71721.126049
7752,3000,71729.962444
7768,3000,71739.515546
8146,3000,71748.578415
7702,3000,71757.737847
7708,3000,71767.281926
7592,3000,71776.704226
7800,3000,71786.109969
7806,3000,71795.6625
7760,3000,71804.74471
8178,3000,71814.566458
7894,3000,71823.863885
7904,3000,71833.208752
7714,3000,71842.687203
7810,3000,71852.449655
7862,3000,71861.53298
7646,3000,71871.205961
7688,3000,71881.183964
7580,3000,71891.528728
7872,3000,71915.82035
7970,3000,71925.299494
8264,3000,71934.820391
8056,3000,71944.196019
7826,3000,71953.14352
7750,3000,71962.216618
7814,3000,71971.479969
8026,3000,71981.57829
8260,3000,71990.677986
7874,3000,71999.88527
7936,3000,72009.491088
7874,3000,72018.868078
7854,3000,72028.45347
7574,3000,72037.502375
7962,3000,72046.678529
7748,3000,72055.852543
7948,3000,72065.206565
7726,3000,72074.624937
8064,3000,72083.533097
7880,3000,72092.900362
7720,3000,72102.455185
7718,3000,72112.798639
7674,3000,72122.682531
7666,3000,72132.260525
8036,3000,72142.091957
7620,3000,72151.684551
8108,3000,72161.202141
7796,3000,72170.99957
7880,3000,72180.641357
7696,3000,72190.018384
8000,3000,72199.338308
7866,3000,72208.568125
8162,3000,72217.399995
7668,3000,72226.864854
8164,3000,72236.8959
7912,3000,72246.524899
7908,3000,72256.59217
8154,3000,72266.60416
7766,3000,72276.535234
8008,3000,72286.095388
7588,3000,72295.765448
7602,3000,72305.452374
7824,3000,72314.53282
7888,3000,72323.747118
7702,3000,72333.467925
7886,3000,72342.737796
7904,3000,72352.058683
7850,3000,72361.789226
7710,3000,72370.901353
7808,3000,72380.230879
7718,3000,72389.70404
8144,3000,72399.130047
7882,3000,72408.463444
7534,3000,72417.313545
8068,3000,72426.466446
7548,3000,72435.60654
7674,3000,72444.8821
7944,3000,72453.988209
8002,3000,72463.48866
7870,3000,72472.443338
8036,3000,72482.010208
8224,3000,72491.076889
7934,3000,72500.647298
7568,3000,72509.899221
8000,3000,72519.400117
7822,3000,72528.942511
8100,3000,72537.960375
7856,3000,72560.590168
7668,3000,72569.735409
8222,3000,72578.672608
7708,3000,72587.858184
8094,3000,72597.446876
7772,3000,72606.655414
7860,3000,72616.397462
7464,3000,72625.480085
7636,3000,72634.416795
8058,3000,72643.930857
7978,3000,72653.853327
7642,3000,72663.256377
7794,3000,72672.590879
7738,3000,72681.542686
7826,3000,72690.87864
7818,3000,72699.904109
7884,3000,72709.239179
8072,3000,72717.988913
8030,3000,72727.324331
7816,3000,72737.504106
8038,3000,72747.384706
8226,3000,72756.586936
7726,3000,72766.185401
7614,3000,72776.004681
7950,3000,72785.508095
7838,3000,72795.812957
7896,3000,72805.283638
7954,3000,72814.536273
8072,3000,72823.692472
7802,3000,72833.286572
7554,3000,72843.754655
8036,3000,72853.191073
7488,3000,72862.47094
7748,3000,72871.571884
7536,3000,72880.944377
7942,3000,72890.678766
8210,3000,72899.874603
7682,3000,72909.23014
7590,3000,72918.70128
8178,3000,72928.543167
7920,3000,72937.998056
7988,3000,72947.611349
7852,3000,72957.201312
7612,3000,72966.83159
7774,3000,72975.88038
7944,3000,72984.934549
7782,3000,72993.917045
7578,3000,73003.384181
7948,3000,73013.303879
7834,3000,73022.422976
7788,3000,73031.743332
7662,3000,73041.849696
7782,3000,73051.309023
8042,3000,73060.629554
7632,3000,73069.98787
7974,3000,73080.113797
7626,3000,73089.159766
7932,3000,73098.150095
7856,3000,73107.603207
8072,3000,73117.458686
8082,3000,73127.138436
7700,3000,73136.831245
7978,3000,73145.97614
8012,3000,73156.031485
7990,3000,73165.185703
7754,3000,73174.431034
7708,3000,73184.760451
7988,3000,73208.489351
7790,3000,73218.538373
7958,3000,73227.51302
7838,3000,73236.630862
7984,3000,73246.509949
7674,3000,73255.578227
7858,3000,73265.25352
8148,3000,73274.488816
7880,3000,73284.381349
7926,3000,73294.380109
7550,3000,73303.880021
7614,3000,73313.168286
7854,3000,73322.678322
7758,3000,73332.074578
7664,3000,73341.686752
8022,3000,73351.600287
7736,3000,73361.234907
7670,3000,73371.000184
8068,3000,73380.177886
7864,3000,73389.356698
7540,3000,73398.937907
7822,3000,73409.066209
7878,3000,73419.350607
8048,3000,73429.227906
7954,3000,73439.934957
8282,3000,73449.069612
7904,3000,73458.437145
7676,3000,73468.264109
7866,3000,73477.976814
7864,3000,73487.204998
7598,3000,73496.719048
8118,3000,73506.796423
7978,3000,73516.330958
7844,3000,73526.081688
7840,3000,73535.437434
8026,3000,73544.914736
7680,3000,73554.959504
8160,3000,73564.744616
7604,3000,73574.661244
7720,3000,73583.887254
7832,3000,73593.163791
7910,3000,73602.330585
7982,3000,73611.707085
7940,3000,73621.311722
7796,3000,73630.82799
7660,3000,73640.0877
7546,3000,73649.591679
8102,3000,73659.536939
7676,3000,73668.529531
7984,3000,73678.01353
7728,3000,73687.294983
7820,3000,73696.826639
7920,3000,73707.122761
7634,3000,73716.478809
7740,3000,73725.53987
7796,3000,73735.034594
7736,3000,73744.985826
7748,3000,73754.392556
7940,3000,73763.452971
7744,3000,73773.114656
7686,3000,73782.656281
8098,3000,73791.844987
7644,3000,73800.758278
7876,3000,73810.554703
7760,3000,73820.521496
7612,3000,73829.817207
8016,3000,73853.134193
7628,3000,73862.60984
7914,3000,73871.901996
7858,3000,73881.093008
7748,3000,73890.419645
7936,3000,73899.934774
7610,3000,73908.94232
7626,3000,73918.301301
7982,3000,73927.864427
7802,3000,73937.019963
7878,3000,73946.416187
8206,3000,73955.90594
7920,3000,73965.35261
7978,3000,73974.873881
8104,3000,73984.074774
7730,3000,73993.35075
7674,3000,74002.739499
7852,3000,74012.059138
7708,3000,74021.523014
7616,3000,74030.652348
7730,3000,74039.625103
7970,3000,74049.266003
7770,3000,74058.759084
7902,3000,74067.806632
8106,3000,74077.265566
8098,3000,74086.163739
8072,3000,74095.637844
7664,3000,74105.281944
8034,3000,74114.824465
7828,3000,74124.335165
7296,3000,74133.844922
7914,3000,74143.119675
7638,3000,74152.567931
7804,3000,74161.55207
7578,3000,74170.814624
7822,3000,74179.902189
8434,3000,74189.237003
8038,3000,74198.797001
7880,3000,74208.064723
8092,3000,74217.543882
7932,3000,74227.093902
7722,3000,74236.139688
7824,3000,74245.895975
7890,3000,74255.027877
8354,3000,74264.260168
7752,3000,74272.953159
7870,3000,74282.102235
7960,3000,74291.49761
7658,3000,74300.630588
8022,3000,74309.854848
7728,3000,74319.160769
7658,3000,74328.221806
7910,3000,74337.788099
7872,3000,74347.709076
7892,3000,74357.248919
8060,3000,74366.13357
7894,3000,74375.656991
7868,3000,74384.811924
7832,3000,74394.000923
8010,3000,74402.908179
7910,3000,74411.713667
7950,3000,74421.083079
7930,3000,74430.21965
7628,3000,74439.64978
8066,3000,74449.061114
8006,3000,74458.030553
7908,3000,74467.51341
7754,3000,74491.533976
8098,3000,74500.564627
7732,3000,74509.84714
7544,3000,74519.352572
7852,3000,74528.880869
7982,3000,74537.943028
7542,3000,74546.864966
8086,3000,74555.990889
7982,3000,74565.855211
7684,3000,74575.434229
7924,3000,74585.243991
8080,3000,74594.750021
7842,3000,74603.654984
7556,3000,74612.797156
7998,3000,74622.253192
8062,3000,74631.686209
8226,3000,74641.144362
7934,3000,74650.760043
8002,3000,74660.501226
7868,3000,74669.841738
7618,3000,74679.226593
8086,3000,74688.424956
7908,3000,74698.384338
7950,3000,74707.780631
7822,3000,74717.01239
7778,3000,74726.680857
7580,3000,74735.592177
7978,3000,74745.031651
7862,3000,74754.377422
8000,3000,74763.374784
7878,3000,74772.910056
7954,3000,74782.686342
7916,3000,74792.29614
8198,3000,74801.551069
7732,3000,74811.191464
7904,3000,74820.264618
7740,3000,74829.486588
7948,3000,74838.982724
8424,3000,74848.072129
8124,3000,74857.529572
7702,3000,74866.766899
8106,3000,74876.289681
7562,3000,74885.866165
7792,3000,74895.161022
7660,3000,74904.532415
7682,3000,74914.042019
7756,3000,74923.500454
8136,3000,74932.967506
7790,3000,74941.821022
8006,3000,74950.868824
7554,3000,74960.42064
7812,3000,74970.49515
7978,3000,74979.954979
7884,3000,74989.443339
7768,3000,74998.887424
7898,3000,75008.243891
7656,3000,75017.839024
8036,3000,75027.244739
8000,3000,75036.088226
7722,3000,75046.145437
7848,3000,75054.880919
7634,3000,75064.323296
7864,3000,75073.724705
7906,3000,75082.559
8146,3000,75092.180378
8190,3000,75101.250714
7932,3000,75110.549806
7886,3000,75133.767017
7704,3000,75143.111738
7762,3000,75152.613554
7638,3000,75161.627301
7854,3000,75171.788619
7900,3000,75180.845857
7824,3000,75190.03875
7842,3000,75198.950265
7822,3000,75208.073497
8094,3000,75217.550363
7892,3000,75227.020641
7910,3000,75236.409885
7776,3000,75245.465397
7972,3000,75254.336056
8108,3000,75263.337833
8126,3000,75272.955797
8048,3000,75283.136865
7816,3000,75292.931652
7762,3000,75301.83109
7710,3000,75310.995125
7694,3000,75320.39547
7760,3000,75329.52565
7622,3000,75338.661383
7782,3000,75347.639705
7872,3000,75356.765366
7890,3000,75366.117398
7934,3000,75375.563199
7682,3000,75384.930602
7916,3000,75394.599281
8126,3000,75404.596383
8030,3000,75413.627552
7808,3000,75423.086391
7906,3000,75432.44768
7926,3000,75441.531694
8062,3000,75451.011707
7870,3000,75460.591283
7730,3000,75469.77331
7910,3000,75479.170715
7822,3000,75488.967887
7856,3000,75498.123517
8350,3000,75507.00065
8132,3000,75516.549168
7566,3000,75526.079634
7928,3000,75535.644545
7724,3000,75544.917448
7754,3000,75554.188202
8000,3000,75563.670615
7948,3000,75572.408416
7760,3000,75581.334424
7780,3000,75590.741777
8054,3000,75599.948409
8110,3000,75609.65859
7764,3000,75618.60046
8024,3000,75628.392366
7846,3000,75637.044671
8020,3000,75646.646029
7680,3000,75656.05175
7934,3000,75665.2849
7894,3000,75674.499284
7860,3000,75684.063514
7896,3000,75693.200402
7918,3000,75702.522324
7906,3000,75711.557805
7910,3000,75720.685581
7580,3000,75730.092184
8118,3000,75739.727327
7936,3000,75763.45592
7780,3000,75773.301529
7670,3000,75782.871495
7968,3000,75791.701346
7530,3000,75801.223172
7616,3000,75811.030725
8056,3000,75819.952844
7908,3000,75829.959131
7904,3000,75839.558194
7610,3000,75848.692221
7810,3000,75857.954625
7828,3000,75867.302436
7904,3000,75876.839347
8022,3000,75886.247203
7700,3000,75895.006528
8058,3000,75904.105392
8110,3000,75913.050027
7914,3000,75922.355772
7768,3000,75932.512902
7688,3000,75942.129406
7922,3000,75951.143209
7908,3000,75959.816905
7962,3000,75968.812203
7992,3000,75978.322135
8228,3000,75987.258891
7982,3000,75997.147637
7596,3000,76006.440006
7906,3000,76015.5465
8118,3000,76025.380642
7802,3000,76034.590168
7842,3000,76044.271048
8124,3000,76054.0325
7884,3000,76063.240638
8056,3000,76072.72596
7958,3000,76082.104796
7856,3000,76091.25961
7658,3000,76099.634107
7826,3000,76108.959062
8124,3000,76118.287408
8148,3000,76128.090822
7856,3000,76137.642661
7918,3000,76146.895431
7994,3000,76156.255054
8040,3000,76165.71417
7838,3000,76175.229271
7690,3000,76184.663734
7778,3000,76193.755555
8110,3000,76203.070835
7912,3000,76212.603726
7782,3000,76221.798627
8072,3000,76230.565319
7780,3000,76240.053814
7970,3000,76249.159992
7916,3000,76258.203213
7898,3000,76267.284786
8152,3000,76276.793795
7706,3000,76285.966469
8010,3000,76295.114399
8026,3000,76304.906604
8090,3000,76314.449863
7728,3000,76323.626366
7924,3000,76332.977501
7850,3000,76342.497147
8104,3000,76352.356276
7924,3000,76361.322989
7796,3000,76370.706831
7882,3000,76379.876626
7962,3000,76402.64474
7826,3000,76411.894342
8014,3000,76421.279304
7692,3000,76431.549783
8094,3000,76440.752395
7818,3000,76449.683711
8110,3000,76458.971802
7582,3000,76468.278764
8052,3000,76478.259332
7868,3000,76487.12432
8124,3000,76496.480393
7956,3000,76506.256526
7816,3000,76515.42493
7600,3000,76525.464394
7814,3000,76534.441763
7790,3000,76543.220717
8074,3000,76552.605351
7862,3000,76561.674897
8024,3000,76571.225049
7662,3000,76580.309627
7756,3000,76589.879129
7964,3000,76598.895889
7978,3000,76608.466415
7920,3000,76618.153815
8292,3000,76627.910393
7982,3000,76637.375823
7756,3000,76646.708213
7802,3000,76655.671285
7948,3000,76665.495167
7710,3000,76675.070136
7660,3000,76684.65056
7714,3000,76694.401319
8140,3000,76703.888694
7682,3000,76712.681768
7692,3000,76722.296153
8364,3000,76731.346954
7922,3000,76740.628868
7892,3000,76749.695578
7598,3000,76758.503615
7884,3000,76767.632069
7776,3000,76776.96552
7840,3000,76786.231238
8082,3000,76795.50669
7862,3000,76805.010936
7904,3000,76814.172164
8022,3000,76823.158104
7954,3000,76832.375282
7870,3000,76842.487845
8182,3000,76851.748992
7888,3000,76861.279925
7800,3000,76871.207237
7648,3000,76880.387864
8346,3000,76889.890116
7694,3000,76898.955034
8132,3000,76908.641856
8108,3000,76918.495073
7604,3000,76927.59628
7764,3000,76936.472508
7932,3000,76945.508431
7884,3000,76954.798733
8284,3000,76964.002952
7654,3000,76973.482962
7674,3000,76982.994341
8146,3000,76992.040122
7802,3000,77001.514571
7968,3000,77010.819351
7840,3000,77020.179116
8182,3000,77043.324656
7620,3000,77052.35816
7768,3000,77061.51352
7900,3000,77070.959996
8054,3000,77080.134821
7938,3000,77089.04446
8074,3000,77098.695014
8232,3000,77107.974256
7874,3000,77117.743325
7890,3000,77127.375185
8260,3000,77136.530644
7818,3000,77145.672178
8202,3000,77155.165793
8134,3000,77164.998952
8062,3000,77174.137259
7644,3000,77183.126352
8162,3000,77192.313461
7900,3000,77201.657981
7582,3000,77211.200149
8030,3000,77220.754763
8040,3000,77229.885581
7864,3000,77239.027635
7692,3000,77248.133215
7930,3000,77257.434641
7926,3000,77266.300272
7960,3000,77275.246717
7854,3000,77284.607077
7768,3000,77294.194046
7956,3000,77303.602577
8094,3000,77312.961416
8144,3000,77322.235656
8308,3000,77331.958375
8108,3000,77340.92775
7794,3000,77350.266452
7828,3000,77359.731918
8082,3000,77369.027875
7720,3000,77377.630015
7962,3000,77387.359805
7982,3000,77396.208729
7842,3000,77405.411335
7842,3000,77414.411777
7752,3000,77423.12581
7740,3000,77432.130235
7724,3000,77441.256333
8328,3000,77449.893138
7638,3000,77459.474931
7886,3000,77468.604629
7946,3000,77477.839531
7772,3000,77487.253584
8194,3000,77496.244643
7890,3000,77505.888055
7738,3000,77514.958775
7796,3000,77524.493216
7954,3000,77533.746798
7892,3000,77542.946244
8152,3000,77552.099235
7774,3000,77560.967957
8028,3000,77570.223491
7680,3000,77579.255796
7776,3000,77588.097984
8148,3000,77597.620285
7830,3000,77606.762448
7896,3000,77616.010252
7796,3000,77624.532663
7978,3000,77633.990236
7914,3000,77643.399389
7958,3000,77666.508977
7758,3000,77675.758939
7904,3000,77684.7577
7714,3000,77693.766567
7746,3000,77703.043007
7958,3000,77712.288108
7864,3000,77721.622959
8090,3000,77730.962468
7918,3000,77740.436919
7910,3000,77749.672408
8224,3000,77758.984001
8214,3000,77768.084713
8166,3000,77777.300871
8200,3000,77786.177603
7858,3000,77795.5103
7946,3000,77805.040028
7910,3000,77814.332582
8252,3000,77823.238745
7954,3000,77832.684165
8068,3000,77842.404873
8078,3000,77852.027583
7432,3000,77860.899058
7878,3000,77870.357594
7894,3000,77879.48297
8032,3000,77888.835289
8076,3000,77898.482263
7806,3000,77907.926181
7894,3000,77917.093965
7776,3000,77925.956935
7884,3000,77935.350327
8118,3000,77944.502709
7932,3000,77953.634568
8060,3000,77962.735007
7878,3000,77971.582144
7966,3000,77980.281296
8022,3000,77989.89037
7842,3000,77999.357255
8158,3000,78009.016227
7800,3000,78018.14902
7928,3000,78027.865021
8078,3000,78037.721006
7742,3000,78046.692075
8040,3000,78056.524307
7652,3000,78065.755377
7862,3000,78074.961023
7922,3000,78084.103899
7954,3000,78093.481694
8128,3000,78102.856376
7976,3000,78112.473179
8032,3000,78121.508597
8018,3000,78130.722284
8030,3000,78140.181763
7996,3000,78149.178518
7798,3000,78158.531678
7994,3000,78167.867764
7810,3000,78177.16327
8170,3000,78186.33565
8128,3000,78195.513056
7894,3000,78204.551069
8070,3000,78213.198132
7722,3000,78221.944756
7880,3000,78231.04445
7970,3000,78240.279567
8344,3000,78249.642505
7586,3000,78259.113636
7874,3000,78268.327794
8016,3000,78277.775443
7832,3000,78300.288679
7958,3000,78309.772487
7574,3000,78319.451094
8036,3000,78328.713032
8102,3000,78338.344453
7860,3000,78347.395885
8136,3000,78356.177168
7596,3000,78365.25777
7914,3000,78374.497577
7614,3000,78384.071212
7702,3000,78393.669021
8078,3000,78402.836291
7886,3000,78412.315174
8124,3000,78421.155396
7966,3000,78430.265947
7720,3000,78439.271029
7856,3000,78448.286125
8052,3000,78457.693968
8004,3000,78466.856631
7770,3000,78476.090493
8018,3000,78485.129273
7802,3000,78494.355175
7960,3000,78503.752897
7998,3000,78512.65214
8024,3000,78521.710545
7632,3000,78530.680799
7786,3000,78539.963294
8102,3000,78549.246279
7740,3000,78558.58099
7654,3000,78567.945687
8012,3000,78577.038508
7842,3000,78586.559085
7984,3000,78596.117372
8018,3000,78605.004909
7978,3000,78614.396421
7770,3000,78623.749945
8104,3000,78633.408844
7674,3000,78642.089989
7648,3000,78651.325478
7826,3000,78660.703604
7990,3000,78670.139753
7896,3000,78679.670588
7806,3000,78689.011259
7730,3000,78697.901152
8176,3000,78707.022321
7780,3000,78716.013928
7726,3000,78725.375252
8146,3000,78734.763926
8086,3000,78744.046467
7660,3000,78753.227043
8012,3000,78762.780051
8260,3000,78772.150574
7978,3000,78781.141339
8112,3000,78790.419389
7858,3000,78799.577109
7846,3000,78808.632761
8034,3000,78818.027409
7698,3000,78827.191162
7990,3000,78836.675125
7874,3000,78845.977278
7968,3000,78854.909076
7876,3000,78864.307247
8028,3000,78873.174765
7870,3000,78882.885265
7532,3000,78892.18003
7866,3000,78901.748735
8084,3000,78911.109049
7976,3000,78933.656011
7908,3000,78942.674503
7942,3000,78951.972047
8064,3000,78961.092362
8086,3000,78970.398038
7878,3000,78979.588698
7930,3000,78988.951914
7934,3000,78997.878819
8106,3000,79006.742745
8224,3000,79015.64162
8008,3000,79024.878381
8314,3000,79034.318727
7894,3000,79043.43464
7958,3000,79052.818366
7754,3000,79062.243229
8274,3000,79071.39154
7866,3000,79080.569931
8032,3000,79089.838742
7880,3000,79098.998128
7864,3000,79108.291168
8184,3000,79117.249676
8136,3000,79126.593502
8104,3000,79135.835193
7826,3000,79144.768695
7694,3000,79154.174357
7958,3000,79163.229292
7790,3000,79172.823628
8200,3000,79182.533662
7712,3000,79191.866327
8210,3000,79200.899564
8160,3000,79209.893565
8052,3000,79219.015302
7880,3000,79228.150966
8200,3000,79237.032532
8002,3000,79246.318091
8070,3000,79255.39472
7870,3000,79264.166465
7872,3000,79273.296116
7904,3000,79283.060566
7962,3000,79292.008395
7730,3000,79301.114827
7798,3000,79310.450203
8016,3000,79319.346535
8414,3000,79328.381691
7758,3000,79337.337259
7946,3000,79346.569474
8150,3000,79355.39352
7966,3000,79364.436723
7968,3000,79373.420303
7754,3000,79382.165917
7976,3000,79391.383579
7962,3000,79400.086459
7962,3000,79409.724019
7744,3000,79418.842871
7846,3000,79428.25828
8436,3000,79437.495902
8110,3000,79446.991458
7698,3000,79455.709481
8480,3000,79465.654525
8224,3000,79474.782027
8062,3000,79484.052908
7688,3000,79492.642589
7964,3000,79502.162798
7824,3000,79510.972198
8100,3000,79519.963014
8178,3000,79528.928025
8084,3000,79551.467277
7962,3000,79560.199893
7848,3000,79569.759427
7858,3000,79579.070812
8208,3000,79588.564637
7904,3000,79597.64809
8086,3000,79606.68677
8050,3000,79615.500961
7868,3000,79624.859444
8024,3000,79633.951297
7786,3000,79643.084905
8228,3000,79652.100749
8250,3000,79660.646376
7830,3000,79669.781898
8326,3000,79678.714629
8150,3000,79687.62401
8120,3000,79697.03162
8022,3000,79705.811597
7888,3000,79714.346105
8094,3000,79723.247192
8102,3000,79732.709296
8004,3000,79742.282545
8024,3000,79750.889395
8316,3000,79759.922321
7972,3000,79768.379977
8050,3000,79777.659184
8002,3000,79786.855108
7844,3000,79796.005186
7914,3000,79805.111391
7926,3000,79814.195611
8052,3000,79823.695714
7910,3000,79832.238197
8222,3000,79841.204704
8152,3000,79851.294647
8184,3000,79860.748358
8022,3000,79869.526006
8032,3000,79878.016277
8182,3000,79887.323046
7914,3000,79896.814502
7828,3000,79906.210418
7502,3000,79915.476122
8204,3000,79924.478938
8108,3000,79933.246789
7880,3000,79942.494304
8234,3000,79951.596279
7868,3000,79960.469612
8220,3000,79969.644888
8134,3000,79978.561203
8014,3000,79987.845302
8006,3000,79996.905021
7918,3000,80005.828249
8078,3000,80015.654583
8124,3000,80024.782535
7950,3000,80034.18214
8064,3000,80043.232041
7946,3000,80052.255322
8176,3000,80060.906639
7904,3000,80069.890933
7998,3000,80078.886318
7972,3000,80088.028565
8066,3000,80097.091887
8196,3000,80106.122838
7922,3000,80115.240895
8002,3000,80124.771966
8308,3000,80133.877867
8090,3000,80142.635987
8260,3000,80152.104912
8248,3000,80174.670419
7864,3000,80183.730253
8304,3000,80193.126523
8108,3000,80202.212239
8094,3000,80211.205156
7822,3000,80220.06652
7940,3000,80229.595592
7790,3000,80238.669716
7884,3000,80247.740626
7884,3000,80257.023692
7988,3000,80266.458025
8134,3000,80276.048797
7976,3000,80284.773624
8168,3000,80293.864456
8160,3000,80302.93163
7958,3000,80311.854875
7808,3000,80321.45166
7998,3000,80330.906337
8186,3000,80339.637283
7906,3000,80348.313341
8194,3000,80357.460991
8010,3000,80366.849333
7752,3000,80375.386778
7670,3000,80384.657904
7826,3000,80393.767468
8224,3000,80403.380072
7904,3000,80412.198091
7992,3000,80421.505751
8166,3000,80430.295448
8338,3000,80439.357183
7820,3000,80448.205212
7886,3000,80456.606265
8222,3000,80466.142601
7548,3000,80474.941367
7866,3000,80483.935049
7996,3000,80492.975174
8238,3000,80501.904976
8058,3000,80511.468274
7924,3000,80520.345962
8176,3000,80529.451161
8124,3000,80538.430308
7920,3000,80547.480646
8074,3000,80557.15817
8144,3000,80566.364422
7526,3000,80575.630289
8068,3000,80584.816506
8228,3000,80593.638939
8232,3000,80602.84929
7984,3000,80611.787844
8010,3000,80620.86526
7886,3000,80630.165918
7976,3000,80639.11812
8114,3000,80649.126094
7900,3000,80658.249563
8210,3000,80667.219637
7904,3000,80676.625902
8140,3000,80685.891152
8248,3000,80694.643481
8164,3000,80703.647278
7814,3000,80712.64412
8234,3000,80721.935022
7840,3000,80730.728724
8008,3000,80740.003413
8012,3000,80748.728483
8020,3000,80757.895556
8296,3000,80766.472993
8314,3000,80775.621757
8088,3000,80797.581047
7986,3000,80806.639411
7954,3000,80815.788093
7790,3000,80825.772903
7894,3000,80834.6368
8028,3000,80843.634704
8140,3000,80852.271299
8084,3000,80860.871331
8034,3000,80869.81741
8170,3000,80878.213032
8164,3000,80887.372313
7958,3000,80896.53389
7800,3000,80905.615912
8042,3000,80914.736714
8050,3000,80923.634321
8028,3000,80932.267941
8146,3000,80941.315048
7932,3000,80950.484619
8200,3000,80959.212757
8252,3000,80967.814783
8092,3000,80977.049858
8044,3000,80986.347067
8012,3000,80995.34252
8134,3000,81004.309143
8186,3000,81013.187192
8154,3000,81022.314284
8072,3000,81031.273596
7936,3000,81040.06044
7726,3000,81048.778727
8364,3000,81058.238981
7556,3000,81066.657027
8112,3000,81075.576141
7854,3000,81084.906406
7924,3000,81094.101886
8398,3000,81103.239051
7642,3000,81112.399566
8050,3000,81121.373557
8322,3000,81130.79369
8094,3000,81140.028697
8258,3000,81148.719487
7892,3000,81157.532253
8104,3000,81166.596272
8412,3000,81175.764194
8052,3000,81184.800228
8188,3000,81193.479121
7898,3000,81202.655098
8044,3000,81211.640729
7838,3000,81221.455796
7928,3000,81230.768131
8276,3000,81240.005752
7842,3000,81248.874312
8070,3000,81257.300583
7936,3000,81266.561091
8250,3000,81275.400483
8254,3000,81284.11162
8236,3000,81292.832021
8238,3000,81301.836302
8322,3000,81310.987441
7916,3000,81319.978628
7868,3000,81329.059398
8068,3000,81338.018382
7848,3000,81346.799045
8236,3000,81356.011696
7990,3000,81364.935643
8272,3000,81373.569082
8194,3000,81382.706215
8096,3000,81404.760921
8138,3000,81413.648233
8218,3000,81422.646243
8042,3000,81431.396459
8212,3000,81440.411722
7976,3000,81449.522314
7886,3000,81458.444496
8356,3000,81467.816668
7942,3000,81476.954323
8166,3000,81486.091455
7810,3000,81494.766452
8002,3000,81503.698112
8082,3000,81513.495196
8114,3000,81522.533453
8090,3000,81531.895471
8082,3000,81540.906094
8196,3000,81550.014652
8430,3000,81559.22497
7952,3000,81568.153431
8144,3000,81577.264234
7922,3000,81585.731732
7804,3000,81594.546881
8202,3000,81603.869828
7860,3000,81612.861501
7788,3000,81621.990777
8210,3000,81630.991847
8058,3000,81640.315299
8146,3000,81649.45346
8170,3000,81658.263253
7878,3000,81667.211228
7910,3000,81676.421355
7896,3000,81685.314934
8144,3000,81694.138672
8052,3000,81703.154796
8438,3000,81712.445587
7820,3000,81721.057761
8164,3000,81730.031536
8336,3000,81739.189349
7924,3000,81747.71164
8172,3000,81756.379409
7856,3000,81765.470501
8356,3000,81774.599079
8244,3000,81783.684788
8118,3000,81792.447873
8116,3000,81801.504233
8130,3000,81810.021205
8004,3000,81818.655553
8278,3000,81827.689429
8078,3000,81836.78804
8342,3000,81845.627308
8162,3000,81854.247416
8172,3000,81862.944677
8080,3000,81871.435382
8080,3000,81880.748689
8330,3000,81890.344707
8132,3000,81899.183275
8024,3000,81908.245769
8314,3000,81917.15867
8066,3000,81926.272187
8742,3000,81935.461056
7930,3000,81944.235647
7980,3000,81952.845067
8214,3000,81962.049397
7906,3000,81971.323985
8082,3000,81980.037066
8282,3000,81989.129797
8012,3000,81998.083242
7938,3000,82019.857043
8124,3000,82029.005325
8474,3000,82038.372324
7788,3000,82047.010942
8306,3000,82056.229199
8172,3000,82064.964002
8298,3000,82073.749191
7974,3000,82082.024831
8078,3000,82090.815268
8148,3000,82099.614199
7628,3000,82108.312646
8298,3000,82117.29683
8212,3000,82126.701584
8320,3000,82135.597554
8088,3000,82144.317116
8210,3000,82153.155578
8006,3000,82161.763235
8086,3000,82171.353459
8190,3000,82179.89515
8320,3000,82188.507979
8308,3000,82197.483015
7980,3000,82206.147238
8192,3000,82215.105618
8184,3000,82224.30871
8334,3000,82233.767823
8368,3000,82242.964292
8004,3000,82251.803092
8034,3000,82260.528165
8548,3000,82269.816062
7902,3000,82278.805441
7914,3000,82287.812225
8116,3000,82296.923621
8330,3000,82305.590866
7898,3000,82314.531068
8056,3000,82323.479843
8120,3000,82332.678263
8186,3000,82341.715225
7800,3000,82350.609668
8340,3000,82359.497828
8404,3000,82368.780338
7944,3000,82377.473296
8370,3000,82386.731171
8166,3000,82395.791171
8124,3000,82404.749245
8190,3000,82414.207867
8070,3000,82423.179032
8148,3000,82432.222001
7910,3000,82440.946293
8236,3000,82449.704516
8000,3000,82458.338989
8420,3000,82467.068241
7918,3000,82476.287616
7852,3000,82484.885683
8140,3000,82493.902453
8400,3000,82502.797382
8276,3000,82511.621514
8266,3000,82520.602973
8034,3000,82529.474653
8078,3000,82538.641685
8026,3000,82547.680063
8082,3000,82556.385668
7988,3000,82564.711994
8082,3000,82573.374325
8264,3000,82581.7038
8010,3000,82590.686156
8162,3000,82600.104863
7970,3000,82609.075964
8178,3000,82631.179357
8182,3000,82639.787286
8058,3000,82649.063852
8068,3000,82657.982985
8196,3000,82666.926463
7882,3000,82675.614735
7798,3000,82684.739292
8164,3000,82693.361235
8342,3000,82702.54375
8306,3000,82711.017948
8172,3000,82720.333682
8196,3000,82729.062528
8166,3000,82737.794897
8148,3000,82746.983531
8444,3000,82756.198726
7930,3000,82765.366644
8144,3000,82774.370867
8288,3000,82783.256762
8324,3000,82792.748119
7964,3000,82801.312232
8182,3000,82810.290751
8188,3000,82819.266638
8002,3000,82827.998598
8216,3000,82836.970165
7964,3000,82845.778447
8276,3000,82854.741376
8146,3000,82863.911533
8162,3000,82872.854822
8158,3000,82881.750018
7904,3000,82890.787892
8284,3000,82899.950428
8020,3000,82908.842816
8134,3000,82917.506586
8358,3000,82926.579775
8184,3000,82935.307888
8162,3000,82943.905617
8210,3000,82952.69428
8204,3000,82961.85661
7980,3000,82970.861733
8316,3000,82979.668689
7974,3000,82988.5702
8014,3000,82997.459097
8386,3000,83006.020352
7970,3000,83014.937927
8044,3000,83023.716955
8302,3000,83032.414225
7908,3000,83041.141981
8032,3000,83049.633388
8018,3000,83058.53084
8212,3000,83067.173454
7692,3000,83075.829739
7850,3000,83084.930463
8262,3000,83094.121069
7752,3000,83103.419172
8246,3000,83112.250837
8054,3000,83120.461565
7798,3000,83129.425253
7986,3000,83138.322608
7872,3000,83146.709688
7674,3000,83155.617881
8204,3000,83164.207048
8006,3000,83172.885859
8012,3000,83181.33883
7914,3000,83190.181209
7960,3000,83198.661436
8028,3000,83207.336911
7702,3000,83229.189086
8192,3000,83238.111464
8118,3000,83247.347438
8160,3000,83256.144995
7924,3000,83265.148243
8010,3000,83273.680491
8004,3000,83282.555491
8378,3000,83291.606373
7954,3000,83300.054597
8050,3000,83309.082737
8082,3000,83317.614663
8040,3000,83326.466452
8310,3000,83335.528936
8120,3000,83344.628127
7724,3000,83353.756349
8324,3000,83362.320882
7864,3000,83370.851017
8252,3000,83380.010666
8006,3000,83389.16897
7716,3000,83397.920983
7760,3000,83406.541881
7984,3000,83415.213293
7896,3000,83424.207901
8176,3000,83433.05678
7952,3000,83442.357256
8204,3000,83451.462129
7894,3000,83460.376491
8396,3000,83469.641465
8054,3000,83478.432266
8146,3000,83487.371418
8156,3000,83496.12285
8330,3000,83504.985223
7924,3000,83514.231663
8094,3000,83523.068333
8414,3000,83532.159543
8088,3000,83541.063118
8350,3000,83550.021197
8148,3000,83558.793334
8124,3000,83567.682928
7918,3000,83576.389623
7800,3000,83585.253458
8346,3000,83594.173336
8086,3000,83603.283999
8080,3000,83612.66595
8408,3000,83621.753701
8262,3000,83630.802051
8690,3000,83639.490434
8066,3000,83648.471653
7930,3000,83657.423238
7830,3000,83666.36895
7708,3000,83674.826778
8198,3000,83683.162063
8152,3000,83691.791101
8286,3000,83700.377029
7958,3000,83709.276495
8138,3000,83717.725619
8068,3000,83726.421621
8048,3000,83735.234609
8236,3000,83744.083653
8092,3000,83753.194458
8274,3000,83762.260319
8408,3000,83771.25819
8068,3000,83779.986182
8230,3000,83788.452237
8002,3000,83796.775485
8430,3000,83805.403797
8526,3000,83814.968138
8006,3000,83836.33904
8188,3000,83845.411614
8044,3000,83854.196878
8208,3000,83863.254495
8136,3000,83871.936024
8484,3000,83880.969044
7916,3000,83889.90577
8164,3000,83898.590533
8126,3000,83906.926162
8126,3000,83915.622137
8072,3000,83924.269433
8192,3000,83933.21338
8130,3000,83942.079066
8192,3000,83950.926811
8072,3000,83959.69713
7836,3000,83967.823533
8210,3000,83977.064584
8138,3000,83985.825069
8120,3000,83994.685561
8342,3000,84003.703998
8180,3000,84012.755676
8278,3000,84021.451776
7936,3000,84030.443053
8050,3000,84039.136375
7718,3000,84047.943385
8060,3000,84057.127222
8258,3000,84065.780823
7898,3000,84074.745276
7948,3000,84083.456139
7876,3000,84092.281933
8096,3000,84101.491688
7776,3000,84110.253234
8188,3000,84119.051975
7846,3000,84128.262536
8102,3000,84137.042804
8304,3000,84146.42057
8020,3000,84155.169286
8152,3000,84164.53072
8142,3000,84173.336762
8028,3000,84182.217264
8332,3000,84191.360312
8266,3000,84200.316241
7956,3000,84209.417247
8222,3000,84218.292444
8322,3000,84228.030515
8160,3000,84236.896582
8096,3000,84245.477254
8078,3000,84254.337635
8094,3000,84263.53683
7868,3000,84272.366947
8028,3000,84281.170546
7878,3000,84290.194192
8090,3000,84299.026031
8240,3000,84307.821606
7992,3000,84316.582927
8254,3000,84325.858566
8242,3000,84334.731237
8418,3000,84343.676026
8170,3000,84352.878581
8112,3000,84362.110014
7786,3000,84370.591812
8096,3000,84379.628014
8254,3000,84388.742248
8168,3000,84397.677833
8072,3000,84406.654961
8152,3000,84415.943046
8396,3000,84425.238204
7874,3000,84447.221014
8342,3000,84456.175126
7880,3000,84465.157396
8084,3000,84473.937154
8246,3000,84483.400537
8068,3000,84492.900337
7728,3000,84501.530607
7980,3000,84510.864097
7992,3000,84519.678728
7946,3000,84528.521667
8110,3000,84537.311019
8232,3000,84546.358325
8026,3000,84555.503929
8322,3000,84564.612706
8128,3000,84573.323858
8090,3000,84581.700931
8086,3000,84590.575799
7694,3000,84599.605049
8210,3000,84608.751889
8052,3000,84617.423334
8288,3000,84626.335436
8272,3000,84635.257869
8090,3000,84644.122519
8020,3000,84653.087412
8232,3000,84661.593492
8210,3000,84670.438916
8032,3000,84679.569453
8306,3000,84688.542888
7742,3000,84697.605683
7850,3000,84706.4178
7934,3000,84715.462344
8476,3000,84724.456088
8124,3000,84733.769507
8112,3000,84742.545928
8044,3000,84751.317897
8016,3000,84760.222364
8184,3000,84769.060708
8288,3000,84778.135329
8218,3000,84787.097049
7932,3000,84796.256854
7828,3000,84805.337881
8132,3000,84814.252678
8226,3000,84823.296424
8060,3000,84832.405616
8246,3000,84841.356233
8028,3000,84850.526942
7828,3000,84859.258012
8596,3000,84868.022321
7954,3000,84877.125306
7782,3000,84886.065524
8108,3000,84894.938132
8246,3000,84903.920217
8312,3000,84912.922701
8256,3000,84921.817487
7916,3000,84931.293035
8430,3000,84940.259049
8318,3000,84949.591703
7972,3000,84958.678598
8224,3000,84967.359928
8002,3000,84975.914168
8044,3000,84985.039719
8028,3000,84994.075885
7924,3000,85002.91493
8076,3000,85011.878882
8060,3000,85020.310491
8342,3000,85029.020405
8152,3000,85050.602656
8414,3000,85059.190929
8332,3000,85068.530746
8412,3000,85077.576025
8270,3000,85086.658813
8242,3000,85094.805792
8132,3000,85103.410882
7868,3000,85112.18008
8296,3000,85120.864171
8430,3000,85129.641768
7854,3000,85138.307508
8232,3000,85147.566697
8244,3000,85156.75508
8132,3000,85165.678104
8300,3000,85174.685798
7868,3000,85183.447076
7914,3000,85191.822663
7922,3000,85200.675012
7662,3000,85209.334552
8398,3000,85218.48169
7884,3000,85227.468245
7862,3000,85236.635292
8082,3000,85245.493946
8158,3000,85253.871474
8128,3000,85262.793906
8146,3000,85271.439475
8314,3000,85280.515969
8196,3000,85288.949831
8354,3000,85298.240498
8234,3000,85307.226628
8050,3000,85316.3037
7854,3000,85325.390046
8202,3000,85334.441289
7988,3000,85343.464358
8402,3000,85352.507063
8012,3000,85361.192441
7680,3000,85369.372732
8200,3000,85378.052626
8134,3000,85387.102682
8026,3000,85396.093436
8072,3000,85404.801327
8038,3000,85413.988174
8252,3000,85422.993229
8184,3000,85431.864995
7878,3000,85441.150381
7860,3000,85450.096075
7788,3000,85458.954712
8236,3000,85467.786458
8210,3000,85476.478656
8176,3000,85486.363638
7780,3000,85494.580153
8068,3000,85503.548661
8034,3000,85512.604071
8042,3000,85521.223318
8106,3000,85530.770087
8074,3000,85539.49686
8290,3000,85548.062693
7876,3000,85556.687231
8232,3000,85565.575957
8116,3000,85574.573956
8030,3000,85583.496822
8004,3000,85591.890097
8168,3000,85600.798467
7964,3000,85609.456977
8332,3000,85618.261269
8116,3000,85627.329753
8324,3000,85636.6471
8096,3000,85658.411527
7862,3000,85667.200523
8164,3000,85676.093266
8010,3000,85684.753955
8298,3000,85693.644755
8130,3000,85702.40819
7906,3000,85711.112659
8174,3000,85720.108502
8040,3000,85729.056022
8370,3000,85737.866577
7898,3000,85746.483968
8220,3000,85755.405752
8150,3000,85763.992126
7846,3000,85772.448579
7902,3000,85781.323545
8174,3000,85790.190566
8258,3000,85799.116259
8040,3000,85807.68737
8130,3000,85816.55927
8162,3000,85825.442545
7866,3000,85834.275856
7888,3000,85843.317119
8320,3000,85852.012755
8180,3000,85861.308553
7872,3000,85870.052059
8300,3000,85879.386118
8046,3000,85888.357321
8306,3000,85897.830633
8016,3000,85906.969949
8188,3000,85915.849942
8058,3000,85924.735753
7888,3000,85933.438749
8080,3000,85942.328439
8074,3000,85951.321514
8354,3000,85960.157687
8066,3000,85968.765634
7916,3000,85977.797525
7984,3000,85986.75619
8436,3000,85995.927753
8022,3000,86004.868027
8540,3000,86013.711551
7866,3000,86022.538458
8254,3000,86031.153583
8032,3000,86040.507808
8208,3000,86049.266282
7856,3000,86058.073677
8090,3000,86066.712134
8548,3000,86075.682101
7860,3000,86084.369621
8136,3000,86093.207647
7924,3000,86101.717114
7892,3000,86110.245097
7982,3000,86118.763705
7896,3000,86127.344997
7842,3000,86136.455473
8118,3000,86144.929334
8394,3000,86153.446583
8070,3000,86161.849283
7966,3000,86170.986063
8382,3000,86179.976836
7752,3000,86189.067275
8286,3000,86197.653891
7968,3000,86206.217121
8244,3000,86214.9399
8272,3000,86224.031607
8508,3000,86233.212353
8238,3000,86242.001921
8322,3000,86263.857117
8012,3000,86272.844261
8034,3000,86281.911946
8320,3000,86290.669856
8082,3000,86299.42613
8114,3000,86308.321112
8222,3000,86317.471727
8272,3000,86326.583685
8168,3000,86335.698041
8276,3000,86344.623596
8352,3000,86352.868846
7994,3000,86361.950254
8070,3000,86370.937066
8288,3000,86380.185164
7726,3000,86389.016216
8152,3000,86397.358824
8364,3000,86406.456605
8088,3000,86415.2311
8276,3000,86424.642608
8520,3000,86433.947804
8186,3000,86442.797294
8122,3000,86451.779496
7874,3000,86460.58212
8332,3000,86469.518765
7944,3000,86478.285123
8048,3000,86486.678787
7990,3000,86495.884496
8232,3000,86505.039092
8262,3000,86514.158393
7870,3000,86523.473601
8278,3000,86532.581229
8182,3000,86541.074516
8104,3000,86549.619123
8702,3000,86558.729853
8102,3000,86567.509633
8090,3000,86576.320158
8170,3000,86584.748519
8218,3000,86593.616198
8160,3000,86602.556193
7958,3000,86611.330686
7864,3000,86620.308697
8138,3000,86629.312655
8114,3000,86638.329833
8120,3000,86647.020362
8100,3000,86655.929824
8246,3000,86665.314709
8226,3000,86674.061981
8236,3000,86682.881633
8024,3000,86691.896854
8150,3000,86700.900426
8150,3000,86709.621094
8558,3000,86718.398023
7750,3000,86726.99596
8102,3000,86735.726057
8008,3000,86744.42088
7950,3000,86753.115106
7914,3000,86761.583087
8284,3000,86770.810259
8154,3000,86779.285151
7954,3000,86787.960458
8270,3000,86796.897727
8280,3000,86805.65475
8034,3000,86814.673594
8034,3000,86823.267507
8240,3000,86832.375424
8100,3000,86840.974286
8162,3000,86862.445357
7944,3000,86871.36714
8242,3000,86880.039116
8174,3000,86888.846275
8262,3000,86897.644314
8384,3000,86906.626231
8214,3000,86915.258097
8056,3000,86924.140083
8012,3000,86932.902818
7952,3000,86941.315637
8076,3000,86950.025765
8424,3000,86959.054158
8274,3000,86967.775319
8270,3000,86976.221674
8062,3000,86985.018823
8074,3000,86993.65466
7886,3000,87002.469052
8280,3000,87010.91652
7908,3000,87019.827383
8268,3000,87028.310747
7992,3000,87037.228964
8094,3000,87045.961962
8098,3000,87054.93678
8272,3000,87063.392114
8376,3000,87072.485161
8198,3000,87081.499797
8686,3000,87090.261348
8180,3000,87099.042023
8046,3000,87108.101106
8580,3000,87117.579296
8290,3000,87126.187862
8084,3000,87134.886795
8492,3000,87143.704259
8012,3000,87152.425419
7924,3000,87161.120783
8524,3000,87169.612854
8110,3000,87178.384712
7942,3000,87187.274844
7738,3000,87196.204504
8252,3000,87205.210521
8404,3000,87213.69065
8172,3000,87222.551193
8270,3000,87231.845249
8136,3000,87240.58097
8244,3000,87249.250064
8342,3000,87258.114581
7524,3000,87266.957086
7912,3000,87275.771321
8452,3000,87284.605949
7928,3000,87293.107242
8226,3000,87302.206704
8316,3000,87310.633353
8052,3000,87319.177097
8022,3000,87327.999903
8158,3000,87336.806792
8014,3000,87345.235992
8118,3000,87354.072256
8490,3000,87362.652184
8170,3000,87371.64064
8010,3000,87380.119695
8096,3000,87388.62326
8178,3000,87397.53719
8368,3000,87406.375002
8466,3000,87415.555572
8046,3000,87424.446578
8422,3000,87433.483968
8250,3000,87442.581985
8058,3000,87464.046581
8100,3000,87473.404932
7610,3000,87481.961591
8200,3000,87490.601851
8154,3000,87499.234359
8386,3000,87507.979825
8482,3000,87517.246751
8284,3000,87526.489783
8078,3000,87535.37957
7956,3000,87543.887717
7914,3000,87552.458549
8328,3000,87561.224603
7846,3000,87569.918422
8122,3000,87578.47998
8026,3000,87586.801309
8238,3000,87596.029841
8164,3000,87605.032271
8260,3000,87613.720746
7968,3000,87622.231506
8034,3000,87630.981753
8292,3000,87640.209358
8286,3000,87649.328615
7826,3000,87658.353746
8302,3000,87667.157366
8154,3000,87676.225847
8408,3000,87684.884047
8142,3000,87693.325111
8074,3000,87702.225981
8178,3000,87710.745636
8108,3000,87719.463646
8152,3000,87728.2182
8302,3000,87737.238208
8034,3000,87745.956766
8090,3000,87754.947946
8206,3000,87763.602302
8168,3000,87772.263523
8178,3000,87781.13233
7778,3000,87789.217453
8078,3000,87797.728293
7910,3000,87806.411066
8196,3000,87815.283837
8000,3000,87823.639504
7826,3000,87832.310872
8286,3000,87841.372906
7884,3000,87849.721392
8236,3000,87858.264433
8240,3000,87867.238549
8200,3000,87876.0267
8178,3000,87885.084436
7956,3000,87893.781331
7926,3000,87902.173107
8164,3000,87911.314666
7920,3000,87920.043977
8104,3000,87929.187792
8282,3000,87938.063636
7790,3000,87946.621083
8234,3000,87955.38427
8416,3000,87964.153819
8056,3000,87973.135494
8128,3000,87981.558051
8262,3000,87990.375371
8092,3000,87998.996597
7926,3000,88007.626128
8342,3000,88016.283995
7990,3000,88024.69841
8144,3000,88033.631073
8140,3000,88042.803289
8088,3000,88064.091883
8254,3000,88072.588534
7908,3000,88081.181727
8384,3000,88090.537697
8062,3000,88098.985924
8196,3000,88107.832243
8224,3000,88116.940077
8462,3000,88125.795152
8266,3000,88134.424519
8170,3000,88142.797281
8308,3000,88151.437422
8486,3000,88160.284631
8450,3000,88169.65661
8552,3000,88178.460714
8384,3000,88186.990819
8014,3000,88195.725687
8124,3000,88204.31237
7840,3000,88213.01482
8126,3000,88222.137382
8206,3000,88230.80672
7932,3000,88239.698581
8224,3000,88249.060439
8004,3000,88257.988789
8218,3000,88266.550173
7974,3000,88275.247492
8146,3000,88284.120651
8282,3000,88293.49501
7926,3000,88302.474949
7954,3000,88311.405661
8430,3000,88320.295197
8496,3000,88329.349484
8176,3000,88338.172109
8556,3000,88346.892214
8096,3000,88355.867097
8360,3000,88364.38994
7996,3000,88373.277165
8220,3000,88381.577978
8128,3000,88390.364127
7894,3000,88399.151689
8152,3000,88407.850807
8048,3000,88416.650759
8258,3000,88425.663018
8452,3000,88434.520155
8474,3000,88443.465381
7994,3000,88452.390819
8164,3000,88461.280908
8216,3000,88470.091067
7886,3000,88479.09488
8108,3000,88487.914353
8132,3000,88496.964102
8278,3000,88506.105724
8238,3000,88515.167324
7890,3000,88524.264641
8152,3000,88533.067183
8092,3000,88541.858036
8230,3000,88550.957557
7930,3000,88559.894475
8190,3000,88568.934302
8232,3000,88577.473332
8294,3000,88586.137869
7948,3000,88594.766653
8382,3000,88603.452253
8324,3000,88612.172282
8364,3000,88621.294791
8308,3000,88630.182737
8082,3000,88638.901322
8200,3000,88661.090882
8146,3000,88669.552788
8354,3000,88678.159226
7760,3000,88686.776542
8556,3000,88695.598632
8172,3000,88704.745118
8056,3000,88713.252129
8332,3000,88721.88124
8168,3000,88730.409924
7996,3000,88739.124749
8124,3000,88747.726245
8248,3000,88756.717647
8246,3000,88765.467105
8140,3000,88774.548835
8332,3000,88783.355626
8162,3000,88792.196035
8096,3000,88800.76362
8158,3000,88809.950882
8120,3000,88819.065509
8132,3000,88827.960456
8038,3000,88837.023736
7938,3000,88845.624798
8334,3000,88854.576867
8344,3000,88863.388572
8664,3000,88872.176097
7710,3000,88880.585677
8342,3000,88889.532497
8060,3000,88898.408639
8238,3000,88907.199714
8456,3000,88915.889297
8286,3000,88924.665819
8326,3000,88932.921787
8206,3000,88941.634741
8384,3000,88950.325539
8504,3000,88958.702424
8096,3000,88967.163611
8026,3000,88975.588829
8328,3000,88984.124381
8354,3000,88993.243673
8158,3000,89001.932654
8192,3000,89010.524327
7936,3000,89019.091861
7930,3000,89027.986615
8260,3000,89037.095072
8190,3000,89046.233543
8170,3000,89055.25589
8188,3000,89063.662591
8302,3000,89072.431332
8130,3000,89080.974751
8004,3000,89090.106919
8148,3000,89098.923542
8336,3000,89107.481618
8188,3000,89116.310375
8320,3000,89124.880024
8324,3000,89133.202478
8038,3000,89142.140143
8088,3000,89151.448405
8296,3000,89159.803053
8126,3000,89169.285858
7970,3000,89178.159747
8286,3000,89187.202019
8422,3000,89196.776905
8184,3000,89205.440091
8280,3000,89214.370635
8022,3000,89222.521617
8416,3000,89231.687136
8408,3000,89240.5562
8148,3000,89261.732818
8406,3000,89270.560612
7926,3000,89279.33166
8130,3000,89288.241087
7794,3000,89297.526883
8202,3000,89306.298661
8162,3000,89314.917593
7920,3000,89323.616267
7830,3000,89332.358036
8060,3000,89340.925959
7936,3000,89349.573913
7952,3000,89358.680776
8004,3000,89367.920549
8088,3000,89376.779832
8288,3000,89385.889246
8320,3000,89394.3335
8418,3000,89403.059754
8330,3000,89411.912991
8126,3000,89420.514466
7988,3000,89429.023808
8018,3000,89437.36096
7938,3000,89446.109866
7972,3000,89454.923877
7812,3000,89463.695362
8496,3000,89472.635942
8018,3000,89481.613191
8318,3000,89489.906317
7932,3000,89498.599285
8296,3000,89507.294428
8376,3000,89516.005853
7750,3000,89524.779648
8562,3000,89534.006436
8408,3000,89543.093757
8134,3000,89551.924497
8064,3000,89560.68667
8306,3000,89569.305883
8012,3000,89578.33153
8124,3000,89587.014986
8206,3000,89595.276307
7986,3000,89603.615864
8402,3000,89612.558347
8334,3000,89621.400686
8052,3000,89630.260347
8624,3000,89639.202348
8082,3000,89648.013997
8068,3000,89656.731478
8160,3000,89665.275665
7796,3000,89674.232965
8166,3000,89683.023206
8606,3000,89692.413265
8168,3000,89700.696825
8174,3000,89709.58438
8198,3000,89718.163636
7996,3000,89726.693361
8000,3000,89735.83694
8094,3000,89744.321906
8330,3000,89753.216382
8374,3000,89762.342915
7934,3000,89771.124465
8182,3000,89779.837887
8134,3000,89788.615266
8390,3000,89797.456704
8024,3000,89806.105625
8182,3000,89814.930501
7952,3000,89823.526715
7730,3000,89832.560146
8316,3000,89841.751208
8596,3000,89863.491736
8086,3000,89872.060893
8230,3000,89880.879463
7840,3000,89889.400625
8198,3000,89898.340129
8244,3000,89906.625639
8358,3000,89915.660429
7988,3000,89924.570593
8050,3000,89933.18784
8252,3000,89942.490127
8224,3000,89951.324328
8264,3000,89959.841486
8164,3000,89968.652972
8196,3000,89977.208602
8288,3000,89986.090297
8148,3000,89995.038115
8298,3000,90003.394257
8200,3000,90012.16401
8070,3000,90021.012121
8006,3000,90029.839672
8474,3000,90039.221675
8366,3000,90047.773657
8054,3000,90056.508412
8146,3000,90064.997895
8270,3000,90073.672302
8406,3000,90082.53765
7900,3000,90091.668438
8248,3000,90100.509677
7964,3000,90109.327706
8296,3000,90117.882786
8062,3000,90126.205107
7926,3000,90135.089709
7998,3000,90144.082201
8400,3000,90152.864661
8008,3000,90161.624512
8040,3000,90170.585088
8526,3000,90179.275601
8220,3000,90187.700425
8304,3000,90196.470765
8106,3000,90205.139458
8210,3000,90214.200782
8472,3000,90222.883767
8610,3000,90232.368995
7908,3000,90241.176431
7882,3000,90249.546604
8148,3000,90258.419423
8208,3000,90267.017912
8000,3000,90276.123956
7940,3000,90284.666931
8244,3000,90293.749008
8038,3000,90302.508656
8200,3000,90311.312851
8178,3000,90320.068347
8126,3000,90328.806194
8120,3000,90337.191546
8176,3000,90345.870909
8308,3000,90354.64404
8046,3000,90363.358346
8380,3000,90372.029398
8200,3000,90380.78142
7864,3000,90389.49645
8060,3000,90398.304144
8332,3000,90407.186561
7956,3000,90416.077493
8128,3000,90424.734181
8046,3000,90433.271795
8244,3000,90454.683537
8308,3000,90463.45721
7828,3000,90472.242664
8074,3000,90480.849067
8082,3000,90489.374704
8070,3000,90498.297894
8282,3000,90506.9716
8010,3000,90515.87172
8362,3000,90524.783024
8054,3000,90533.28147
7868,3000,90541.759475
8158,3000,90550.363447
8238,3000,90559.461787
8004,3000,90568.513587
7928,3000,90577.207414
8166,3000,90585.921214
7974,3000,90594.873102
8292,3000,90603.506863
8184,3000,90612.213041
7912,3000,90620.741229
7790,3000,90629.651479
7970,3000,90638.226358
8206,3000,90647.074961
8244,3000,90655.979132
7842,3000,90664.535646
8342,3000,90673.419755
8214,3000,90682.402344
8224,3000,90691.105295
8340,3000,90699.280363
7762,3000,90708.069771
8130,3000,90716.73883
8038,3000,90725.015202
8216,3000,90734.077985
7946,3000,90742.303234
7942,3000,90751.191444
8238,3000,90759.858712
8278,3000,90768.669814
8056,3000,90777.180703
7982,3000,90786.258033
8264,3000,90794.861791
8058,3000,90803.198711
7792,3000,90811.868866
8072,3000,90820.550727
8256,3000,90829.25921
8348,3000,90838.173342
8274,3000,90846.74923
8166,3000,90855.27568
8330,3000,90864.061939
7898,3000,90872.48435
7760,3000,90881.799646
8148,3000,90890.489549
8134,3000,90899.34758
8100,3000,90907.880574
8210,3000,90916.432069
8112,3000,90924.679011
8372,3000,90933.631892
7980,3000,90942.61808
8002,3000,90950.967772
8352,3000,90959.577908
8206,3000,90968.602404
8432,3000,90977.432226
8212,3000,90986.256541
7692,3000,90994.750711
7988,3000,91003.587705
7826,3000,91012.033523
7950,3000,91020.325297
8214,3000,91028.974998
8158,3000,91050.985615
8196,3000,91059.932565
8314,3000,91068.66818
8294,3000,91077.317297
8314,3000,91086.367331
8098,3000,91094.698252
8136,3000,91103.501234
8130,3000,91112.78122
7960,3000,91121.290351
8504,3000,91130.446374
7922,3000,91138.964244
7956,3000,91147.308402
8106,3000,91156.290151
8086,3000,91164.93133
8114,3000,91173.459415
7842,3000,91181.952058
8072,3000,91190.37804
8068,3000,91199.163342
8084,3000,91207.873477
8092,3000,91216.588953
8136,3000,91225.122675
7998,3000,91234.026778
8032,3000,91242.673639
8086,3000,91251.185739
7874,3000,91259.994532
8104,3000,91268.583848
8444,3000,91277.525959
8370,3000,91286.518705
8036,3000,91295.367482
8352,3000,91304.167592
7994,3000,91312.763775
7582,3000,91321.125059
7988,3000,91329.853763
8080,3000,91338.937545
8256,3000,91347.217427
7882,3000,91355.951744
8232,3000,91364.424797
7984,3000,91372.997333
8046,3000,91381.447733
8172,3000,91390.160868
8124,3000,91399.220876
8154,3000,91407.645381
8004,3000,91416.266372
8130,3000,91425.101548
7968,3000,91433.640701
7746,3000,91442.408651
8028,3000,91451.127749
7902,3000,91459.842786
7934,3000,91468.276618
8120,3000,91477.400206
8006,3000,91486.012005
8006,3000,91494.892716
8084,3000,91503.703836
8290,3000,91512.644273
8026,3000,91520.983267
8378,3000,91529.5036
8004,3000,91538.645653
8088,3000,91547.479737
7912,3000,91556.143984
8420,3000,91564.902052
8202,3000,91573.207618
7814,3000,91581.646605
8330,3000,91590.447543
8224,3000,91599.166015
8142,3000,91607.607113
7894,3000,91616.123541
8136,3000,91624.573583
8122,3000,91646.029217
8180,3000,91654.829635
8380,3000,91663.748427
8250,3000,91672.169179
8032,3000,91680.209625
8188,3000,91688.826026
8056,3000,91697.761365
7968,3000,91706.592517
8118,3000,91714.938999
8224,3000,91724.054073
8282,3000,91732.846656
8256,3000,91741.091045
7910,3000,91749.67094
8144,3000,91758.000284
7806,3000,91766.204191
8118,3000,91774.905137
8332,3000,91783.586772
8050,3000,91792.21743
8112,3000,91800.839129
8050,3000,91809.37884
8202,3000,91817.982828
8118,3000,91826.458525
8240,3000,91835.480482
7950,3000,91844.05318
8486,3000,91852.439632
8318,3000,91861.016448
8200,3000,91869.647667
8038,3000,91878.73331
7868,3000,91887.295505
8060,3000,91895.800793
7950,3000,91904.180817
8116,3000,91912.582551
8354,3000,91921.348302
8324,3000,91930.549867
7866,3000,91939.670209
8066,3000,91948.239572
8042,3000,91956.669611
8182,3000,91965.63664
7956,3000,91973.948862
7600,3000,91982.781586
8032,3000,91991.421674
8158,3000,91999.984207
8174,3000,92008.618042
8218,3000,92017.343577
8186,3000,92025.797352
8084,3000,92034.102792
8268,3000,92042.636567
8308,3000,92051.268591
7998,3000,92059.634055
8066,3000,92068.798534
8242,3000,92077.665273
8054,3000,92086.725456
8072,3000,92095.427518
8190,3000,92103.919385
8256,3000,92112.45062
8158,3000,92121.179454
8264,3000,92129.669122
7832,3000,92138.614708
8168,3000,92147.425892
8088,3000,92155.983606
8274,3000,92164.719764
8306,3000,92173.327279
8258,3000,92181.957858
8208,3000,92191.065294
8214,3000,92200.299382
8250,3000,92209.036994
7900,3000,92230.271157
8256,3000,92238.829951
8236,3000,92247.529456
8162,3000,92256.175366
7936,3000,92264.594773
8118,3000,92273.148151
8096,3000,92282.077205
7666,3000,92290.246407
8082,3000,92299.157592
8316,3000,92307.959731
8290,3000,92316.517686
8242,3000,92325.744451
8220,3000,92334.705475
8020,3000,92343.282444
8306,3000,92352.180453
8238,3000,92360.742354
8078,3000,92369.045108
8300,3000,92377.390892
8110,3000,92386.341316
8226,3000,92394.871521
8322,3000,92403.127113
7862,3000,92411.77425
7940,3000,92420.817284
8414,3000,92429.861542
8246,3000,92438.685003
8448,3000,92447.409224
8440,3000,92456.616453
7950,3000,92465.429768
7928,3000,92474.135675
7926,3000,92482.591944
8188,3000,92491.206387
8288,3000,92499.963242
7772,3000,92508.521273
8196,3000,92517.291121
8428,3000,92525.675115
8164,3000,92534.190762
8128,3000,92543.159288
7942,3000,92551.914114
8090,3000,92560.584654
8108,3000,92568.965142
7834,3000,92577.391232
8610,3000,92585.66384
8220,3000,92594.927092
7904,3000,92603.289479
8168,3000,92612.085499
8252,3000,92620.625657
8134,3000,92629.29817
8340,3000,92638.039126
7882,3000,92646.385718
8628,3000,92655.735712
8102,3000,92664.691356
8404,3000,92673.238039
7984,3000,92681.536045
7920,3000,92690.485789
8124,3000,92698.667867
8182,3000,92706.943503
8152,3000,92714.886105
8172,3000,92723.039137
8390,3000,92731.431602
8098,3000,92739.517712
8330,3000,92747.902699
8048,3000,92756.133644
8046,3000,92764.291167
7940,3000,92772.796399
7948,3000,92780.825487
8104,3000,92789.462183
7662,3000,92797.663662
8240,3000,92817.681034
7992,3000,92826.011115
8014,3000,92834.005028
8240,3000,92842.30333
8100,3000,92850.444118
8076,3000,92858.198255
7924,3000,92866.216117
8216,3000,92874.278971
8102,3000,92882.429284
7862,3000,92890.818627
8166,3000,92899.03003
8058,3000,92907.128141
8250,3000,92915.558437
8498,3000,92923.707855
8006,3000,92932.097384
8404,3000,92940.585267
8306,3000,92948.740807
8332,3000,92957.260335
8162,3000,92965.584856
7976,3000,92974.053291
7962,3000,92981.945195
7790,3000,92990.339229
8364,3000,92998.766924
8198,3000,93007.139377
8164,3000,93015.244001
8290,3000,93023.69697
8282,3000,93032.17902
7928,3000,93040.527293
8648,3000,93048.903847
8060,3000,93056.887718
8236,3000,93065.464623
8188,3000,93073.787058
8168,3000,93082.06535
7944,3000,93090.322956
8150,3000,93098.742839
8042,3000,93106.775615
8264,3000,93115.152155
8064,3000,93123.171244
8354,3000,93131.510685
8010,3000,93139.743413
7914,3000,93148.441184
8458,3000,93156.850051
7876,3000,93164.583647
8190,3000,93172.681118
8130,3000,93180.799504
8416,3000,93189.698185
8140,3000,93197.633955
8012,3000,93206.168978
8166,3000,93213.994704
8232,3000,93222.251706
7812,3000,93230.531776
8130,3000,93238.944189
7992,3000,93246.94218
8046,3000,93255.083081
8206,3000,93263.316685
7928,3000,93271.584322
8038,3000,93279.580473
8308,3000,93287.810845
8282,3000,93295.720077
8272,3000,93304.086531
8082,3000,93312.021773
8128,3000,93320.28797
8248,3000,93328.953912
8282,3000,93337.166972
8288,3000,93345.346258
8188,3000,93353.742774
8216,3000,93361.964202
8266,3000,93382.123866
7854,3000,93390.200789
8110,3000,93398.178547
8052,3000,93406.259961
8416,3000,93414.314026
8146,3000,93422.582071
8100,3000,93430.485494
8166,3000,93438.684509
8054,3000,93446.4445
7974,3000,93454.715543
8090,3000,93463.262318
8360,3000,93471.335765
7958,3000,93479.261574
8112,3000,93487.38711
7824,3000,93495.241971
8396,3000,93503.510587
8060,3000,93511.603966
8156,3000,93519.824782
7892,3000,93527.992198
8354,3000,93536.240362
8092,3000,93544.304979
8118,3000,93552.454593
8308,3000,93560.88449
7776,3000,93568.747592
8084,3000,93576.902372
8056,3000,93585.468883
8128,3000,93593.76491
8082,3000,93602.142739
8042,3000,93610.446867
7902,3000,93618.482001
8026,3000,93626.509117
8094,3000,93634.483233
7932,3000,93642.763422
8256,3000,93650.956322
7824,3000,93659.231643
8058,3000,93667.536585
8016,3000,93675.744035
7998,3000,93683.945756
8400,3000,93692.369243
7994,3000,93700.650104
7922,3000,93708.481631
8046,3000,93717.022517
8232,3000,93725.189847
8348,3000,93733.373641
7942,3000,93741.66351
7932,3000,93749.757059
8194,3000,93758.416209
8438,3000,93766.694527
8184,3000,93774.410894
8274,3000,93782.372776
8212,3000,93790.631833
8040,3000,93799.280823
8262,3000,93807.608166
8108,3000,93816.034707
8066,3000,93824.024396
8138,3000,93832.177608
8140,3000,93840.192766
8192,3000,93848.459522
7874,3000,93856.952619
8276,3000,93865.464667
8042,3000,93873.239843
8096,3000,93881.617433
8320,3000,93889.997604
8098,3000,93898.113912
8404,3000,93906.32334
7908,3000,93914.33915
8122,3000,93934.352897
8516,3000,93943.050102
8176,3000,93951.16761
8026,3000,93959.397434
7884,3000,93967.380886
8062,3000,93975.55646
8232,3000,93983.805693
8468,3000,93992.408563
8124,3000,94000.522937
8438,3000,94008.935908
8476,3000,94017.372935
8148,3000,94025.650131
8018,3000,94033.835567
8242,3000,94042.270721
8202,3000,94050.339719
8124,3000,94058.34654
8024,3000,94066.398222
8058,3000,94074.610716
8758,3000,94083.180238
8014,3000,94091.613193
8648,3000,94100.179816
8230,3000,94108.271224
8322,3000,94116.840217
8264,3000,94124.984061
8006,3000,94133.199066
8114,3000,94141.43845
8030,3000,94149.553384
8044,3000,94157.496096
8028,3000,94165.783259
8204,3000,94173.956927
7998,3000,94182.458305
8078,3000,94190.814134
7780,3000,94198.921119
8274,3000,94207.17735
8084,3000,94214.998711
8168,3000,94223.032955
8468,3000,94231.775803
8178,3000,94240.027108
8264,3000,94248.686077
7906,3000,94257.076683
8146,3000,94264.896016
8178,3000,94273.139132
8098,3000,94281.155064
8074,3000,94289.292827
7984,3000,94297.318798
8182,3000,94305.284697
8318,3000,94313.45707
8152,3000,94321.436623
8010,3000,94329.552636
8412,3000,94337.689636
8272,3000,94345.997488
8140,3000,94354.200763
8052,3000,94362.66596
7964,3000,94371.339764
8286,3000,94379.724361
8028,3000,94387.684615
7820,3000,94396.065514
8254,3000,94404.179057
7818,3000,94412.162903
7782,3000,94420.510055
8362,3000,94428.97247
8004,3000,94437.018691
8050,3000,94445.468365
8180,3000,94454.111073
8250,3000,94462.286077
8094,3000,94470.117577
7882,3000,94478.053957
8274,3000,94498.170787
8224,3000,94506.389229
8030,3000,94514.902815
8372,3000,94523.132069
8186,3000,94531.781186
8290,3000,94539.94595
7930,3000,94548.423253
8254,3000,94556.752634
8344,3000,94565.415071
8050,3000,94573.405506
8198,3000,94581.533537
7980,3000,94589.585889
8114,3000,94597.555168
8230,3000,94605.908928
8230,3000,94613.926286
8128,3000,94621.910115
8324,3000,94630.046052
8144,3000,94638.296991
8256,3000,94646.767316
8102,3000,94655.213965
8328,3000,94663.919372
8462,3000,94672.050404
8156,3000,94680.410692
8094,3000,94688.662549
8142,3000,94696.989557
8074,3000,94705.45901
8130,3000,94713.551228
8072,3000,94722.255873
8028,3000,94730.219016
8130,3000,94738.458935
8126,3000,94746.486213
8342,3000,94754.405159
8258,3000,94762.407308
7722,3000,94770.771602
8328,3000,94779.165891
8096,3000,94786.907529
7956,3000,94795.01048
8094,3000,94803.47266
8436,3000,94811.576414
8006,3000,94820.011902
8024,3000,94828.213254
8094,3000,94836.104244
8244,3000,94844.470971
7988,3000,94852.8214
8022,3000,94860.887736
8410,3000,94869.276305
8266,3000,94877.466314
8132,3000,94885.516992
8544,3000,94893.506534
7922,3000,94901.599158
7800,3000,94910.114068
8210,3000,94918.195983
8362,3000,94926.583364
8126,3000,94934.737504
7962,3000,94942.557797
7808,3000,94950.534915
8026,3000,94958.511856
8344,3000,94966.858883
8116,3000,94975.128786
7806,3000,94983.438107
8154,3000,94991.604158
8408,3000,94999.766823
8446,3000,95007.956774
8242,3000,95016.256413
8000,3000,95024.426687
7846,3000,95032.713935
8120,3000,95041.171983
7902,3000,95061.343385
8282,3000,95069.544995
8192,3000,95078.101654
7856,3000,95086.211284
8272,3000,95094.362237
8042,3000,95102.461442
8252,3000,95110.326068
8130,3000,95118.671626
8238,3000,95126.894284
7786,3000,95134.80115
8300,3000,95143.015306
8090,3000,95151.479649
7948,3000,95159.274999
8244,3000,95167.475709
7818,3000,95175.947122
8218,3000,95184.028456
7850,3000,95192.065955
8036,3000,95200.38138
8362,3000,95208.483496
7996,3000,95216.6174
8278,3000,95224.904091
7966,3000,95233.282955
7900,3000,95241.668159
8082,3000,95249.84604
7832,3000,95258.208699
8052,3000,95266.281932
8276,3000,95274.867249
8214,3000,95283.147892
8212,3000,95291.500526
8338,3000,95299.802549
8200,3000,95307.72922
8150,3000,95315.602398
8326,3000,95324.310798
8268,3000,95332.526288
8188,3000,95340.919326
8062,3000,95349.095572
8072,3000,95357.02449
8052,3000,95364.707371
7570,3000,95372.859571
8106,3000,95381.020836
8122,3000,95389.050478
8146,3000,95397.200757
8134,3000,95405.660181
8098,3000,95413.530747
8200,3000,95421.999006
8148,3000,95430.280719
8382,3000,95438.125015
8016,3000,95446.233211
8216,3000,95454.454668
8124,3000,95462.644408
7892,3000,95471.042454
8168,3000,95479.028715
8488,3000,95487.506617
8566,3000,95495.935719
8546,3000,95504.147465
8392,3000,95512.434618
8292,3000,95520.520629
7858,3000,95529.024515
8350,3000,95537.443316
8138,3000,95545.932436
8256,3000,95554.110049
7978,3000,95562.339747
8528,3000,95570.255314
7716,3000,95578.566781
8282,3000,95586.831599
8198,3000,95594.748057
8080,3000,95615.080863
8030,3000,95623.70401
8318,3000,95632.063877
8094,3000,95640.049443
8190,3000,95648.457651
7908,3000,95656.376761
8056,3000,95664.939862
8288,3000,95673.041384
8110,3000,95681.432044
7994,3000,95690.120834
8300,3000,95698.642196
7902,3000,95706.637457
7770,3000,95714.428033
8022,3000,95722.495803
8222,3000,95730.930672
8320,3000,95739.140574
8130,3000,95747.322932
8278,3000,95755.571894
8190,3000,95764.210787
7806,3000,95772.541367
8238,3000,95780.980415
8156,3000,95788.987804
8470,3000,95797.495185
8248,3000,95805.499789
8012,3000,95813.330988
8278,3000,95821.282794
7894,3000,95829.199706
8110,3000,95837.51449
8236,3000,95845.824876
8530,3000,95854.107117
8556,3000,95862.290566
7974,3000,95870.400545
8422,3000,95879.019005
8050,3000,95887.13035
8078,3000,95895.007583
8146,3000,95903.057738
7964,3000,95911.290898
8336,3000,95919.405039
7996,3000,95927.294818
8008,3000,95935.42397
8202,3000,95943.271725
7974,3000,95951.362316
8280,3000,95959.758477
8236,3000,95968.136319
8370,3000,95976.567114
8498,3000,95984.676271
8398,3000,95993.081639
8232,3000,96001.113473
7996,3000,96009.062805
7994,3000,96017.246464
8228,3000,96025.107172
8096,3000,96033.387825
8500,3000,96041.771417
7998,3000,96049.47649
8598,3000,96057.631016
7938,3000,96065.832396
8324,3000,96073.954252
8254,3000,96082.238022
8342,3000,96090.433188
8054,3000,96098.284854
8142,3000,96106.061209
8184,3000,96114.587254
8436,3000,96122.829652
8130,3000,96131.135276
8102,3000,96139.115941
8202,3000,96147.585768
8248,3000,96155.934046
8198,3000,96175.919027
7976,3000,96183.976336
8190,3000,96191.925415
8132,3000,96200.122573
8114,3000,96208.017062
8024,3000,96216.165742
8462,3000,96224.524467
7924,3000,96232.665224
8006,3000,96241.333132
8174,3000,96249.463342
8126,3000,96257.580743
8458,3000,96265.307655
8312,3000,96273.394428
8112,3000,96281.338506
8112,3000,96289.370641
8358,3000,96297.876301
8116,3000,96305.879062
8216,3000,96314.052078
8024,3000,96322.08297
7838,3000,96330.187249
8342,3000,96338.433557
8326,3000,96346.591937
8230,3000,96354.708813
8460,3000,96362.549581
8306,3000,96370.673963
8050,3000,96378.579118
8280,3000,96387.045845
8282,3000,96395.441371
8178,3000,96403.672807
8034,3000,96412.03566
8004,3000,96420.303336
8166,3000,96428.367809
8478,3000,96436.782376
8318,3000,96444.902694
8296,3000,96452.888057
8194,3000,96461.06575
8178,3000,96469.286812
8472,3000,96477.838014
8304,3000,96486.235582
7744,3000,96494.051688
8226,3000,96502.271771
8232,3000,96510.477695
8138,3000,96519.005415
8416,3000,96527.089672
8138,3000,96535.199806
7822,3000,96542.952161
8274,3000,96551.379541
8222,3000,96559.736499
8142,3000,96567.946282
8182,3000,96575.850367
7798,3000,96584.019467
7976,3000,96592.076185
8094,3000,96600.523101
8210,3000,96608.184533
8298,3000,96616.314645
8202,3000,96624.931158
8212,3000,96632.778394
8158,3000,96640.782839
8278,3000,96649.337893
8108,3000,96657.071121
7544,3000,96665.41403
8386,3000,96673.466899
7906,3000,96681.65149
8406,3000,96690.335747
8058,3000,96698.627674
8026,3000,96706.345151
8094,3000,96714.842286
8132,3000,96734.812858
8296,3000,96743.025322
8210,3000,96751.255577
8198,3000,96759.123282
7996,3000,96767.448223
8038,3000,96775.697187
8256,3000,96783.956359
8188,3000,96791.947734
8160,3000,96799.890849
8038,3000,96808.367543
8326,3000,96816.467268
8046,3000,96824.662885
8230,3000,96832.63822
8244,3000,96840.403775
8138,3000,96848.237164
8158,3000,96856.257414
8346,3000,96863.795634
7974,3000,96871.897144
7950,3000,96880.124002
8310,3000,96888.268003
8448,3000,96896.687674
8168,3000,96904.795734
8284,3000,96913.040855
8028,3000,96920.80885
7978,3000,96928.298449
8372,3000,96936.410243
8118,3000,96944.472765
8492,3000,96952.634517
7650,3000,96960.568919
8170,3000,96968.685253
8134,3000,96977.240445
8060,3000,96984.994018
8000,3000,96993.088467
8090,3000,97001.163973
8072,3000,97009.237751
8052,3000,97017.675164
8276,3000,97025.780717
8030,3000,97033.826249
8352,3000,97042.262675
8200,3000,97050.320372
8004,3000,97058.47006
7794,3000,97066.111588
8134,3000,97074.158502
8028,3000,97082.236879
8126,3000,97090.46627
8134,3000,97098.757653
8234,3000,97106.790091
8474,3000,97114.966683
8336,3000,97123.302802
7924,3000,97131.671482
7800,3000,97140.153571
8120,3000,97148.172195
7784,3000,97156.45576
8238,3000,97164.913985
8282,3000,97173.059419
7756,3000,97181.494695
8040,3000,97189.510616
8190,3000,97197.583881
8342,3000,97205.810295
8122,3000,97213.675081
8444,3000,97221.934301
8236,3000,97230.331618
8042,3000,97238.322698
8150,3000,97246.73888
7946,3000,97254.965778
7994,3000,97263.133488
8296,3000,97283.341893
8236,3000,97291.670788
8228,3000,97300.355966
7948,3000,97308.814363
8136,3000,97316.910658
8092,3000,97325.0668
8108,3000,97333.520936
8172,3000,97341.926553
8120,3000,97350.407422
8138,3000,97358.482076
8390,3000,97367.06398
8160,3000,97375.203332
8362,3000,97383.34589
8066,3000,97391.500803
7928,3000,97399.497198
8040,3000,97407.749371
8598,3000,97416.467436
8056,3000,97424.767581
8350,3000,97432.672482
8100,3000,97441.140073
8214,3000,97448.990335
8156,3000,97457.065598
8082,3000,97465.354469
8144,3000,97473.528739
8438,3000,97481.66854
8358,3000,97489.764432
8400,3000,97497.575217
8224,3000,97506.076702
7928,3000,97514.250741
8338,3000,97522.377094
7972,3000,97530.055928
7978,3000,97538.39773
8142,3000,97546.99325
8394,3000,97555.069709
8228,3000,97563.587126
8136,3000,97572.079953
8122,3000,97579.860869
8178,3000,97588.245181
7908,3000,97596.379996
8368,3000,97604.578565
8192,3000,97612.688231
8334,3000,97620.966517
8166,3000,97629.355298
8204,3000,97637.564526
8044,3000,97646.249099
8428,3000,97654.369808
8418,3000,97662.989457
7782,3000,97670.934045
7760,3000,97679.080199
7836,3000,97686.797967
8334,3000,97694.70995
8102,3000,97702.607898
7880,3000,97711.038517
8090,3000,97719.193055
7886,3000,97727.385787
8156,3000,97735.115296
8458,3000,97743.38878
7890,3000,97751.584269
7984,3000,97759.771392
8248,3000,97767.826381
8228,3000,97776.326375
8230,3000,97784.227469
7964,3000,97792.536795
7982,3000,97800.444207
7626,3000,97808.770002
8236,3000,97817.04468
8122,3000,97825.07418
7990,3000,97845.313789
7954,3000,97853.432045
8044,3000,97861.500038
7872,3000,97869.986955
7964,3000,97877.750076
8140,3000,97885.715577
8078,3000,97894.084769
8140,3000,97902.353057
8104,3000,97910.726431
8098,3000,97919.097471
7976,3000,97927.181994
8162,3000,97935.505841
8122,3000,97943.921541
8280,3000,97952.236298
8182,3000,97960.549103
8554,3000,97969.138705
8268,3000,97977.631973
8012,3000,97986.240954
8076,3000,97994.569271
8402,3000,98002.998031
7962,3000,98011.330853
8166,3000,98019.588767
8296,3000,98027.715105
8152,3000,98035.974129
8174,3000,98044.163876
7720,3000,98052.588125
8020,3000,98060.803505
8120,3000,98068.855581
7866,3000,98076.855622
7882,3000,98085.033642
7864,3000,98093.118914
8182,3000,98101.08454
7998,3000,98109.216119
8448,3000,98117.467334
8130,3000,98125.651419
8064,3000,98133.503212
7870,3000,98141.597506
7910,3000,98149.759286
7946,3000,98158.164041
8080,3000,98166.423263
8088,3000,98174.586487
7886,3000,98182.867114
7952,3000,98191.112856
8504,3000,98199.629837
8438,3000,98207.865208
8400,3000,98216.091502
8122,3000,98224.764494
8424,3000,98233.420005
8118,3000,98241.386126
7914,3000,98249.652831
8250,3000,98257.536702
8348,3000,98265.585368
8310,3000,98273.520313
8366,3000,98281.888101
7998,3000,98290.148389
8034,3000,98298.194144
8156,3000,98306.620853
8160,3000,98314.958164
7960,3000,98323.352085
8176,3000,98331.50455
8196,3000,98339.888825
8098,3000,98348.164172
8214,3000,98356.311886
8266,3000,98364.568034
7932,3000,98372.609767
7996,3000,98380.504841
7916,3000,98388.753426
7954,3000,98408.739197
8154,3000,98416.86935
7970,3000,98424.922301
7654,3000,98433.21933
8138,3000,98441.726471
8292,3000,98449.516298
8402,3000,98457.608019
7960,3000,98465.452614
8132,3000,98473.423183
8014,3000,98481.442024
8376,3000,98489.622327
7958,3000,98497.742826
8140,3000,98505.769849
8476,3000,98513.774895
8104,3000,98521.959338
8124,3000,98530.293677
8172,3000,98538.598551
8196,3000,98547.239847
8332,3000,98555.695736
8386,3000,98563.839993
8158,3000,98572.028401
8158,3000,98579.983081
8126,3000,98588.456777
8358,3000,98596.584584
8066,3000,98605.07024
8378,3000,98613.338917
8488,3000,98621.801932
8050,3000,98630.290251
7992,3000,98638.54322
7846,3000,98646.479313
8076,3000,98654.755076
8204,3000,98662.784079
8020,3000,98670.84729
8126,3000,98678.941015
8160,3000,98687.334546
8282,3000,98695.71826
8158,3000,98703.746452
8088,3000,98711.980237
8250,3000,98720.269996
8006,3000,98728.147906
8348,3000,98736.759305
8048,3000,98744.785889
8032,3000,98753.011712
8150,3000,98761.154164
7948,3000,98768.764884
8466,3000,98776.740295
8314,3000,98784.835557
8036,3000,98792.693973
8178,3000,98800.988132
8108,3000,98809.462409
8156,3000,98817.280845
7940,3000,98825.510331
8420,3000,98833.347793
8262,3000,98841.524261
7854,3000,98849.779492
8220,3000,98857.581834
8010,3000,98865.819697
7974,3000,98873.774345
7726,3000,98881.730737
8246,3000,98890.345024
8086,3000,98898.493646
8342,3000,98906.737865
8136,3000,98914.776548
8254,3000,98923.149683
8082,3000,98931.320449
7848,3000,98939.383213
8070,3000,98959.787363
8438,3000,98968.297959
8236,3000,98976.595354
8094,3000,98985.33504
7998,3000,98993.463706
8148,3000,99002.078896
8302,3000,99010.211589
8034,3000,99018.519724
8462,3000,99026.71015
8058,3000,99035.14886
8302,3000,99043.313133
8150,3000,99051.411139
7912,3000,99059.480918
7988,3000,99068.038572
8096,3000,99076.190911
8272,3000,99084.495986
8248,3000,99093.014986
8308,3000,99101.140809
8176,3000,99109.333123
8108,3000,99117.424946
7998,3000,99125.458995
8094,3000,99133.602307
7968,3000,99141.928723
8250,3000,99150.330478
8014,3000,99158.570536
7822,3000,99166.948535
8094,3000,99175.177916
8038,3000,99183.258678
8038,3000,99191.514658
8342,3000,99199.92823
8012,3000,99208.334205
7966,3000,99216.163463
8070,3000,99224.216487
8074,3000,99232.392101
8306,3000,99241.034644
8170,3000,99249.097428
8006,3000,99257.494594
8078,3000,99265.670779
8042,3000,99273.56904
8000,3000,99282.032498
8594,3000,99290.076653
8384,3000,99298.079175
8252,3000,99307.146534
8224,3000,99315.536978
8018,3000,99323.654618
7770,3000,99331.838198
8206,3000,99340.36969
8316,3000,99348.79287
8194,3000,99357.072138
8186,3000,99365.418765
7954,3000,99373.474067
8340,3000,99381.861955
8072,3000,99390.332758
8196,3000,99398.471418
8306,3000,99406.895142
8472,3000,99415.105472
8084,3000,99423.10518
8234,3000,99431.150466
7924,3000,99439.799838
8082,3000,99447.849039
8204,3000,99456.131349
7914,3000,99464.437832
8430,3000,99472.9921
8008,3000,99481.139764
8208,3000,99489.798492
8278,3000,99498.334149
8336,3000,99506.800549
8024,3000,99526.965721
8202,3000,99535.152251
8012,3000,99543.362209
7966,3000,99551.763976
8052,3000,99559.82535
8356,3000,99568.074092
8124,3000,99576.323869
8016,3000,99584.693959
8074,3000,99593.249652
8028,3000,99601.60027
8236,3000,99609.572905
8190,3000,99617.462155
8338,3000,99625.865514
8344,3000,99634.272962
7940,3000,99642.394078
7828,3000,99650.546242
8182,3000,99658.429339
8154,3000,99666.426337
8404,3000,99674.785493
8148,3000,99682.95847
8210,3000,99691.054058
8430,3000,99699.36804
8178,3000,99707.649236
7984,3000,99715.914747
8048,3000,99724.10792
8002,3000,99732.413749
8264,3000,99740.651546
8068,3000,99748.834156
8312,3000,99756.902902
8164,3000,99764.999809
7866,3000,99772.956539
8186,3000,99781.0621
8408,3000,99789.387438
8180,3000,99797.659534
8670,3000,99806.039614
8184,3000,99814.327434
8166,3000,99822.305358
8018,3000,99830.109339
8214,3000,99838.109593
8194,3000,99846.314465
7796,3000,99854.429262
8320,3000,99862.442839
8112,3000,99870.723081
8050,3000,99878.722039
8114,3000,99886.922646
8294,3000,99894.869147
8200,3000,99902.810555
8122,3000,99911.133007
8174,3000,99919.077246
8108,3000,99927.219121
8204,3000,99935.879435
8094,3000,99944.017706
8488,3000,99951.964801
8240,3000,99960.440078
8046,3000,99968.025426
7750,3000,99975.781909
8410,3000,99984.140751
8246,3000,99992.298012
7918,3000,100000.411649
8206,3000,100008.352793
8380,3000,100016.445716
8142,3000,100024.767771
7840,3000,100032.978965
8292,3000,100041.221745
8226,3000,100049.371953
8000,3000,100057.710948
8042,3000,100066.056467
7816,3000,100085.699656
8084,3000,100093.594742
8004,3000,100101.469111
8128,3000,100109.57109
8134,3000,100118.008738
7814,3000,100125.871126
8188,3000,100134.214504
8190,3000,100142.374146
8370,3000,100150.648012
8062,3000,100158.673861
8308,3000,100167.266436
8202,3000,100175.799336
7998,3000,100184.551931
8008,3000,100193.006557
8058,3000,100200.960588
8236,3000,100209.136845
8110,3000,100216.802688
8152,3000,100224.807715
8142,3000,100232.725387
8204,3000,100240.600481
8216,3000,100248.57671
8202,3000,100256.901447
8216,3000,100265.679204
8084,3000,100273.786843
8140,3000,100281.900678
8198,3000,100290.175126
8206,3000,100298.226343
8204,3000,100306.310775
7854,3000,100314.599935
8392,3000,100323.15231
8050,3000,100330.91528
7918,3000,100338.906084
8202,3000,100347.205393
8264,3000,100356.000524
8230,3000,100364.051733
8142,3000,100372.311251
7954,3000,100380.437237
7962,3000,100388.548423
8210,3000,100396.783793
8110,3000,100404.821151
8208,3000,100413.199051
7974,3000,100421.330359
8260,3000,100429.19216
8254,3000,100437.304486
8100,3000,100445.201449
8164,3000,100453.384082
8052,3000,100461.365148
8320,3000,100469.494372
8106,3000,100477.950803
7954,3000,100486.328921
7992,3000,100494.472247
7982,3000,100502.523911
8174,3000,100510.832271
8114,3000,100519.021165
8056,3000,100527.120369
8010,3000,100534.835048
8010,3000,100543.380647
8196,3000,100551.347545
7878,3000,100559.80061
8280,3000,100567.9929
8046,3000,100576.032457
7984,3000,100584.261231
8520,3000,100592.653169
8316,3000,100601.397405
7858,3000,100609.463093
8104,3000,100617.434963
8424,3000,100638.199322
8262,3000,100646.390509
8260,3000,100655.087866
7808,3000,100663.313035
8180,3000,100671.797918
8360,3000,100679.886302
8048,3000,100688.155032
8056,3000,100696.356593
7824,3000,100704.520793
8314,3000,100712.511345
7808,3000,100720.29087
7828,3000,100728.554315
8388,3000,100736.815595
8156,3000,100745.125776
8248,3000,100753.116714
8256,3000,100761.712643
8308,3000,100769.976688
8078,3000,100777.984501
7982,3000,100786.051522
8380,3000,100794.582525
7844,3000,100802.99375
8088,3000,100811.214081
8152,3000,100819.257647
8332,3000,100827.3485
8136,3000,100835.591594
8024,3000,100843.761495
8100,3000,100851.936441
7778,3000,100860.126473
8170,3000,100868.761074
8100,3000,100876.550415
7924,3000,100884.849982
8304,3000,100892.794293
8294,3000,100900.527217
8136,3000,100908.591577
8144,3000,100916.51174
8192,3000,100925.079405
7932,3000,100933.288108
8214,3000,100941.10174
8192,3000,100949.019427
8190,3000,100957.411006
7952,3000,100966.00442
8144,3000,100974.162123
8048,3000,100981.732156
8188,3000,100989.754131
8266,3000,100997.787533
8206,3000,101005.833673
8048,3000,101013.862791
8358,3000,101022.37061
8172,3000,101030.706263
8086,3000,101038.826631
8510,3000,101046.896761
8210,3000,101054.938917
8250,3000,101063.032779
7960,3000,101071.299412
7894,3000,101079.070422
8050,3000,101087.071457
8450,3000,101095.128884
7928,3000,101103.456253
8210,3000,101111.726464
8438,3000,101120.577936
8062,3000,101128.944967
7930,3000,101136.763079
8058,3000,101144.931879
8532,3000,101153.277268
8174,3000,101161.445581
7904,3000,101169.032404
8324,3000,101177.073483
8108,3000,101197.197939
8144,3000,101205.307592
8044,3000,101213.419208
8012,3000,101221.313015
8426,3000,101229.581185
8060,3000,101237.869637
8608,3000,101246.172929
8056,3000,101254.448629
8072,3000,101262.453225
8164,3000,101270.706742
8130,3000,101278.516023
7988,3000,101286.807692
8674,3000,101295.191186
8202,3000,101303.378766
8312,3000,101311.640435
8220,3000,101319.881062
8278,3000,101328.208984
8258,3000,101336.222718
8154,3000,101344.499434
8088,3000,101352.536439
7908,3000,101360.517838
8454,3000,101368.768048
8230,3000,101377.228535
8128,3000,101385.566777
7974,3000,101393.565088
7932,3000,101401.413247
8174,3000,101409.771138
8304,3000,101417.671591
8124,3000,101425.858699
8212,3000,101434.225442
8028,3000,101442.215249
8046,3000,101450.366494
8122,3000,101458.296983
8386,3000,101466.718745
8254,3000,101475.147889
7894,3000,101483.359991
8038,3000,101491.223741
8292,3000,101499.579957
8066,3000,101507.832106
8218,3000,101516.228981
7888,3000,101524.253165
7930,3000,101532.201758
7954,3000,101540.571363
8056,3000,101548.772417
7904,3000,101556.903163
8068,3000,101564.657658
8130,3000,101572.611257
8240,3000,101580.793475
7836,3000,101588.935782
8112,3000,101597.19854
7746,3000,101604.951831
8148,3000,101613.216522
8126,3000,101621.640093
8248,3000,101629.765733
8236,3000,101638.288902
7906,3000,101646.63918
8102,3000,101654.990218
8242,3000,101663.234231
8180,3000,101671.562921
8280,3000,101679.629263
8392,3000,101687.547581
8290,3000,101695.935849
8446,3000,101703.935361
8384,3000,101711.865194
8278,3000,101720.416594
8022,3000,101728.546483
8286,3000,101736.891438
8448,3000,101756.569562
8588,3000,101763.698782
8612,3000,101771.21505
8332,3000,101778.217766
8448,3000,101785.346149
