---> Week : 0
--> Day : 0
-> Request 0
133
(2, 1, 1)
3
(46, 43)
-> Request 1
169
(2, 3, 2)
3
(51, 38)
-> Request 2
458
(2, 2, 2)
1
(47, 42)
-> Request 3
1199
(4, 2, 1)
1
(51, 44)
-> Request 4
1249
(3, 2, 2)
1
(56, 36)
-> Request 5
1259
(1, 2, 1)
2
(58, 38)
--> Day : 1
-> Request 0
1192
(2, 1, 2)
2
(48, 34)
-> Request 1
1363
(2, 1, 2)
1
(10, 20)
--> Day : 2
-> Request 0
89
(4, 3, 2)
2
(47, 42)
-> Request 1
923
(1, 1, 2)
1
(43, 39)
-> Request 2
1192
(4, 2, 2)
3
(16, 22)
-> Request 3
1298
(3, 1, 2)
2
(11, 26)
--> Day : 3
-> Request 0
1370
(4, 1, 1)
3
(65, 70)
-> Request 1
1428
(1, 2, 2)
1
(16, 29)
--> Day : 4
-> Request 0
417
(3, 2, 2)
2
(48, 29)
---> Week : 1
--> Day : 0
-> Request 0
233
(1, 1, 1)
2
(62, 69)
-> Request 1
811
(2, 1, 2)
1
(45, 35)
-> Request 2
953
(1, 1, 1)
1
(53, 39)
-> Request 3
1395
(4, 2, 2)
2
(60, 46)
--> Day : 1
-> Request 0
592
(2, 1, 2)
1
(64, 72)
-> Request 1
694
(3, 2, 2)
2
(47, 27)
-> Request 2
935
(2, 3, 1)
1
(12, 28)
--> Day : 2
-> Request 0
74
(3, 1, 1)
2
(60, 39)
-> Request 1
334
(1, 3, 1)
2
(61, 33)
-> Request 2
924
(3, 3, 2)
2
(62, 35)
-> Request 3
1073
(4, 1, 1)
2
(61, 39)
--> Day : 3
-> Request 0
111
(2, 2, 1)
2
(65, 75)
-> Request 1
1090
(1, 3, 2)
2
(61, 30)
--> Day : 4
-> Request 0
175
(2, 1, 2)
2
(10, 25)
-> Request 1
345
(4, 2, 2)
2
(10, 27)
---> Week : 2
--> Day : 0
-> Request 0
217
(1, 3, 2)
2
(43, 37)
-> Request 1
232
(2, 2, 2)
3
(62, 72)
-> Request 2
1178
(4, 3, 2)
3
(61, 39)
--> Day : 1
-> Request 0
163
(2, 2, 1)
3
(43, 40)
-> Request 1
844
(4, 1, 2)
2
(53, 76)
-> Request 2
1047
(2, 1, 1)
2
(44, 46)
--> Day : 2
-> Request 0
387
(4, 1, 1)
2
(16, 24)
-> Request 1
958
(2, 2, 2)
3
(53, 77)
--> Day : 3
-> Request 0
167
(1, 1, 1)
2
(64, 68)
-> Request 1
793
(4, 2, 1)
3
(58, 66)
-> Request 2
874
(3, 2, 2)
3
(53, 37)
-> Request 3
1196
(2, 3, 2)
1
(59, 36)
--> Day : 4
-> Request 0
221
(2, 1, 1)
2
(43, 33)
-> Request 1
984
(2, 2, 1)
2
(64, 67)
---> Week : 3
--> Day : 0
-> Request 0
295
(1, 1, 1)
1
(51, 36)
-> Request 1
764
(2, 2, 1)
1
(53, 30)
--> Day : 1
-> Request 0
796
(1, 3, 1)
3
(49, 33)
-> Request 1
1106
(1, 2, 2)
1
(54, 64)
--> Day : 2
-> Request 0
222
(4, 1, 2)
1
(58, 78)
--> Day : 3
-> Request 0
402
(3, 3, 2)
3
(58, 77)
-> Request 1
424
(2, 3, 1)
2
(57, 40)
-> Request 2
436
(3, 1, 2)
3
(55, 72)
-> Request 3
451
(3, 1, 2)
2
(61, 37)
-> Request 4
593
(1, 3, 1)
3
(11, 26)
-> Request 5
1032
(3, 1, 1)
3
(15, 24)
-> Request 6
1213
(3, 2, 2)
2
(54, 65)
--> Day : 4
-> Request 0
1439
(2, 3, 1)
2
(48, 29)
---> Week : 4
--> Day : 0
-> Request 0
245
(1, 3, 2)
1
(51, 31)
--> Day : 1
-> Request 0
225
(4, 2, 2)
2
(10, 22)
-> Request 1
410
(1, 3, 2)
3
(47, 32)
-> Request 2
532
(1, 1, 1)
1
(54, 27)
-> Request 3
550
(3, 3, 1)
1
(47, 30)
-> Request 4
808
(2, 3, 1)
3
(51, 46)
-> Request 5
846
(3, 2, 2)
1
(59, 30)
--> Day : 2
-> Request 0
71
(1, 1, 2)
2
(13, 21)
-> Request 1
1192
(3, 1, 1)
2
(45, 29)
-> Request 2
1410
(2, 3, 1)
1
(61, 32)
--> Day : 3
-> Request 0
379
(4, 2, 2)
2
(56, 45)
-> Request 1
968
(3, 2, 2)
1
(66, 69)
-> Request 2
1413
(4, 3, 1)
1
(47, 43)
--> Day : 4
-> Request 0
92
(3, 1, 2)
2
(14, 28)
---> Week : 5
--> Day : 0
-> Request 0
181
(2, 2, 1)
1
(44, 33)
-> Request 1
197
(2, 3, 2)
2
(50, 28)
-> Request 2
339
(2, 3, 1)
1
(43, 36)
-> Request 3
394
(1, 1, 2)
2
(58, 78)
-> Request 4
435
(4, 2, 2)
2
(65, 68)
-> Request 5
795
(1, 1, 2)
1
(47, 34)
-> Request 6
1190
(2, 2, 2)
2
(58, 33)
-> Request 7
1198
(1, 1, 2)
2
(48, 36)
-> Request 8
1402
(2, 3, 1)
2
(56, 75)
--> Day : 1
-> Request 0
333
(2, 2, 2)
3
(48, 42)
-> Request 1
569
(3, 1, 2)
1
(56, 75)
-> Request 2
774
(2, 1, 2)
2
(56, 70)
-> Request 3
980
(1, 2, 2)
3
(55, 73)
-> Request 4
1054
(2, 3, 2)
3
(14, 23)
-> Request 5
1431
(1, 2, 2)
2
(57, 65)
--> Day : 2
-> Request 0
497
(3, 2, 1)
3
(63, 64)
-> Request 1
1037
(3, 1, 2)
1
(51, 35)
-> Request 2
1359
(4, 1, 1)
2
(62, 46)
-> Request 3
1421
(2, 1, 1)
1
(50, 28)
--> Day : 3
-> Request 0
1303
(1, 3, 1)
3
(55, 77)
--> Day : 4
-> Request 0
193
(2, 1, 1)
3
(60, 27)
-> Request 1
698
(3, 3, 2)
3
(57, 33)
-> Request 2
709
(1, 2, 2)
3
(55, 32)
-> Request 3
757
(1, 3, 2)
2
(50, 28)
-> Request 4
1020
(1, 2, 1)
2
(47, 34)
---> Week : 6
--> Day : 0
-> Request 0
23
(4, 2, 1)
1
(59, 76)
-> Request 1
1029
(3, 3, 2)
1
(47, 27)
-> Request 2
1156
(2, 1, 1)
3
(52, 36)
-> Request 3
1158
(3, 2, 1)
3
(54, 73)
--> Day : 1
-> Request 0
26
(1, 2, 2)
2
(65, 74)
-> Request 1
462
(1, 1, 2)
2
(57, 78)
-> Request 2
573
(3, 2, 2)
3
(53, 27)
-> Request 3
633
(1, 2, 1)
3
(52, 71)
-> Request 4
1195
(4, 1, 1)
1
(55, 64)
-> Request 5
1199
(3, 2, 1)
2
(52, 77)
--> Day : 2
-> Request 0
362
(3, 1, 1)
3
(11, 21)
-> Request 1
539
(1, 2, 2)
3
(46, 38)
--> Day : 3
-> Request 0
201
(3, 1, 2)
3
(54, 32)
-> Request 1
446
(4, 3, 2)
2
(45, 29)
-> Request 2
1202
(3, 1, 1)
1
(58, 44)
--> Day : 4
-> Request 0
248
(1, 1, 2)
1
(49, 34)
-> Request 1
419
(1, 2, 2)
2
(56, 34)
-> Request 2
1064
(2, 1, 2)
1
(8, 28)
---> Week : 7
--> Day : 0
-> Request 0
967
(3, 2, 1)
3
(65, 68)
-> Request 1
1343
(2, 2, 1)
2
(58, 31)
--> Day : 1
-> Request 0
106
(2, 2, 1)
1
(8, 20)
-> Request 1
832
(2, 1, 1)
2
(12, 22)
--> Day : 2
-> Request 0
102
(4, 3, 1)
1
(66, 77)
-> Request 1
1275
(2, 1, 1)
2
(45, 39)
-> Request 2
1344
(1, 1, 1)
3
(16, 26)
--> Day : 3
-> Request 0
868
(3, 1, 2)
1
(48, 42)
-> Request 1
1140
(4, 3, 1)
3
(43, 36)
--> Day : 4
-> Request 0
494
(1, 1, 2)
3
(59, 42)
-> Request 1
646
(1, 1, 1)
1
(48, 34)
-> Request 2
733
(3, 2, 1)
1
(52, 78)
-> Request 3
798
(2, 3, 2)
1
(50, 37)
-> Request 4
818
(3, 3, 2)
1
(15, 28)
-> Request 5
858
(4, 3, 1)
1
(60, 28)
-> Request 6
1277
(4, 2, 2)
3
(46, 28)
-> Request 7
1278
(3, 1, 1)
1
(60, 72)
---> Week : 8
--> Day : 0
-> Request 0
277
(1, 2, 1)
3
(62, 67)
-> Request 1
623
(2, 1, 2)
3
(59, 72)
-> Request 2
697
(1, 2, 1)
1
(64, 77)
-> Request 3
932
(4, 2, 2)
1
(52, 31)
-> Request 4
1120
(4, 1, 1)
2
(64, 65)
-> Request 5
1200
(3, 1, 1)
2
(16, 25)
-> Request 6
1239
(1, 3, 1)
2
(59, 66)
--> Day : 1
-> Request 0
328
(4, 2, 1)
1
(54, 69)
-> Request 1
500
(1, 3, 2)
2
(12, 29)
-> Request 2
1288
(4, 1, 2)
2
(66, 76)
--> Day : 2
-> Request 0
133
(2, 3, 2)
3
(64, 73)
-> Request 1
868
(2, 1, 2)
3
(53, 29)
-> Request 2
1213
(2, 2, 1)
3
(15, 20)
-> Request 3
1251
(2, 2, 1)
3
(57, 69)
--> Day : 3
-> Request 0
6
(1, 1, 1)
1
(62, 34)
-> Request 1
279
(1, 2, 1)
1
(62, 42)
-> Request 2
360
(3, 2, 1)
2
(57, 38)
-> Request 3
671
(3, 3, 1)
3
(60, 77)
-> Request 4
952
(2, 3, 1)
3
(60, 78)
-> Request 5
1267
(3, 3, 2)
2
(10, 23)
--> Day : 4
-> Request 0
62
(2, 3, 2)
3
(13, 22)
-> Request 1
206
(3, 2, 2)
1
(56, 30)
-> Request 2
394
(4, 3, 1)
1
(54, 68)
-> Request 3
425
(2, 3, 2)
1
(60, 28)
-> Request 4
656
(2, 3, 2)
1
(63, 69)
---> Week : 9
--> Day : 0
-> Request 0
466
(2, 3, 2)
1
(62, 76)
--> Day : 1
-> Request 0
260
(2, 3, 1)
3
(56, 45)
-> Request 1
762
(4, 3, 2)
1
(63, 66)
-> Request 2
1348
(3, 3, 2)
2
(15, 22)
--> Day : 2
-> Request 0
97
(3, 3, 2)
3
(64, 66)
-> Request 1
943
(3, 3, 2)
1
(59, 69)
--> Day : 3
-> Request 0
423
(3, 2, 1)
1
(10, 27)
-> Request 1
910
(4, 3, 1)
3
(53, 73)
--> Day : 4
-> Request 0
222
(2, 1, 2)
2
(61, 70)
-> Request 1
667
(3, 1, 1)
2
(56, 45)
-> Request 2
997
(3, 2, 1)
1
(61, 64)
-> Request 3
1159
(4, 1, 1)
3
(55, 34)
---> Week : 10
--> Day : 0
-> Request 0
95
(2, 3, 1)
3
(44, 30)
-> Request 1
329
(1, 1, 2)
2
(57, 46)
-> Request 2
355
(1, 2, 1)
2
(51, 30)
--> Day : 1
-> Request 0
1259
(1, 2, 1)
1
(61, 75)
--> Day : 2
-> Request 0
2
(3, 2, 2)
1
(50, 45)
-> Request 1
488
(3, 3, 1)
3
(49, 44)
-> Request 2
692
(1, 3, 2)
2
(52, 41)
-> Request 3
937
(1, 1, 2)
3
(46, 42)
-> Request 4
980
(1, 1, 1)
2
(54, 73)
-> Request 5
1100
(3, 1, 1)
3
(54, 37)
-> Request 6
1344
(4, 2, 1)
1
(48, 46)
-> Request 7
1386
(4, 3, 1)
1
(56, 38)
--> Day : 3
-> Request 0
312
(4, 3, 1)
3
(48, 44)
-> Request 1
437
(2, 2, 2)
1
(43, 37)
--> Day : 4
---> Week : 11
--> Day : 0
-> Request 0
186
(2, 2, 1)
3
(55, 28)
-> Request 1
196
(2, 2, 1)
1
(61, 37)
-> Request 2
1203
(1, 2, 2)
3
(52, 44)
--> Day : 1
-> Request 0
264
(4, 1, 2)
1
(57, 42)
-> Request 1
1123
(4, 2, 2)
1
(16, 28)
--> Day : 2
-> Request 0
216
(4, 2, 2)
2
(49, 28)
-> Request 1
665
(2, 1, 2)
3
(44, 43)
-> Request 2
705
(4, 3, 1)
3
(47, 27)
-> Request 3
748
(1, 3, 1)
3
(9, 25)
-> Request 4
1425
(4, 3, 1)
1
(44, 43)
--> Day : 3
-> Request 0
328
(1, 3, 1)
1
(52, 45)
-> Request 1
420
(3, 2, 1)
1
(12, 26)
-> Request 2
663
(3, 3, 2)
3
(56, 42)
-> Request 3
947
(2, 1, 1)
3
(61, 78)
-> Request 4
1013
(4, 2, 2)
1
(9, 23)
-> Request 5
1083
(3, 3, 1)
1
(45, 34)
--> Day : 4
-> Request 0
118
(3, 2, 1)
2
(60, 33)
-> Request 1
504
(1, 3, 2)
3
(55, 76)
-> Request 2
1166
(1, 3, 1)
2
(61, 27)
---> Week : 12
--> Day : 0
-> Request 0
456
(1, 2, 2)
3
(11, 23)
-> Request 1
1297
(3, 1, 1)
2
(50, 40)
--> Day : 1
-> Request 0
68
(3, 2, 2)
1
(44, 41)
-> Request 1
221
(4, 3, 2)
1
(45, 43)
-> Request 2
325
(3, 2, 1)
1
(44, 30)
-> Request 3
553
(4, 2, 2)
1
(16, 22)
--> Day : 2
--> Day : 3
-> Request 0
108
(3, 1, 1)
2
(60, 32)
-> Request 1
181
(1, 1, 2)
3
(56, 72)
-> Request 2
185
(2, 2, 1)
2
(46, 46)
-> Request 3
580
(2, 3, 1)
1
(61, 43)
-> Request 4
695
(2, 2, 1)
1
(9, 23)
-> Request 5
805
(1, 3, 2)
3
(60, 45)
--> Day : 4
-> Request 0
639
(4, 1, 2)
1
(62, 35)
-> Request 1
702
(1, 1, 1)
2
(55, 38)
-> Request 2
1047
(2, 1, 2)
1
(45, 40)
---> Week : 13
--> Day : 0
-> Request 0
389
(2, 3, 1)
1
(47, 36)
-> Request 1
607
(4, 3, 1)
2
(13, 24)
-> Request 2
779
(2, 2, 1)
1
(43, 42)
-> Request 3
906
(1, 1, 1)
2
(66, 66)
-> Request 4
941
(1, 2, 1)
1
(13, 20)
-> Request 5
1189
(1, 1, 2)
3
(61, 69)
--> Day : 1
-> Request 0
381
(1, 2, 1)
2
(56, 77)
--> Day : 2
-> Request 0
163
(3, 3, 2)
2
(44, 32)
-> Request 1
650
(3, 2, 1)
3
(57, 37)
-> Request 2
964
(4, 2, 1)
3
(58, 28)
-> Request 3
1325
(1, 1, 2)
3
(9, 25)
-> Request 4
1358
(1, 3, 2)
3
(50, 32)
-> Request 5
1431
(4, 1, 1)
2
(60, 68)
--> Day : 3
-> Request 0
606
(2, 2, 2)
1
(57, 70)
-> Request 1
712
(2, 2, 1)
1
(51, 32)
-> Request 2
1031
(4, 3, 1)
3
(62, 43)
--> Day : 4
-> Request 0
1116
(2, 3, 1)
2
(61, 69)
-> Request 1
1184
(1, 2, 2)
2
(47, 29)
-> Request 2
1251
(3, 3, 2)
2
(47, 28)
-> Request 3
1430
(1, 3, 1)
3
(13, 26)
---> Week : 14
--> Day : 0
-> Request 0
290
(2, 1, 2)
3
(61, 28)
-> Request 1
293
(4, 2, 1)
2
(43, 38)
-> Request 2
402
(2, 2, 1)
1
(62, 36)
--> Day : 1
-> Request 0
186
(4, 3, 1)
2
(48, 36)
-> Request 1
1021
(3, 2, 2)
3
(17, 26)
-> Request 2
1163
(3, 2, 1)
2
(10, 20)
-> Request 3
1200
(2, 3, 2)
1
(59, 45)
--> Day : 2
-> Request 0
165
(3, 2, 1)
1
(53, 68)
-> Request 1
781
(1, 2, 2)
2
(54, 65)
-> Request 2
809
(2, 2, 1)
3
(13, 26)
-> Request 3
827
(4, 1, 2)
1
(13, 28)
-> Request 4
973
(1, 1, 2)
1
(48, 38)
-> Request 5
1100
(3, 3, 2)
3
(45, 44)
--> Day : 3
-> Request 0
16
(3, 2, 2)
1
(50, 31)
-> Request 1
755
(2, 3, 2)
2
(60, 71)
-> Request 2
1109
(4, 1, 1)
1
(61, 69)
--> Day : 4
-> Request 0
210
(1, 2, 2)
3
(52, 33)
-> Request 1
656
(3, 2, 2)
1
(46, 34)
-> Request 2
743
(3, 3, 1)
3
(61, 70)
---> Week : 15
--> Day : 0
-> Request 0
449
(2, 3, 1)
3
(64, 76)
-> Request 1
916
(1, 2, 1)
1
(57, 67)
-> Request 2
1049
(1, 2, 1)
3
(59, 74)
-> Request 3
1077
(3, 3, 1)
2
(61, 65)
--> Day : 1
-> Request 0
76
(3, 3, 2)
1
(56, 77)
-> Request 1
484
(2, 3, 1)
3
(53, 29)
-> Request 2
493
(3, 3, 1)
1
(62, 69)
-> Request 3
503
(3, 1, 1)
1
(52, 69)
-> Request 4
565
(3, 1, 2)
3
(12, 23)
-> Request 5
604
(2, 1, 1)
2
(60, 68)
-> Request 6
710
(2, 3, 2)
3
(62, 29)
-> Request 7
833
(3, 1, 1)
3
(55, 76)
--> Day : 2
-> Request 0
469
(3, 1, 1)
3
(51, 39)
-> Request 1
604
(3, 3, 1)
1
(58, 42)
-> Request 2
629
(3, 3, 2)
2
(61, 44)
-> Request 3
802
(2, 2, 1)
1
(12, 23)
-> Request 4
1110
(3, 1, 2)
1
(56, 67)
-> Request 5
1122
(3, 2, 2)
1
(53, 30)
-> Request 6
1127
(3, 2, 1)
3
(57, 40)
-> Request 7
1235
(2, 2, 2)
2
(62, 75)
-> Request 8
1426
(3, 2, 2)
1
(50, 45)
--> Day : 3
--> Day : 4
-> Request 0
108
(1, 3, 1)
3
(16, 22)
-> Request 1
153
(4, 1, 2)
2
(46, 36)
-> Request 2
616
(2, 3, 2)
1
(55, 30)
-> Request 3
993
(2, 1, 2)
1
(58, 29)
-> Request 4
1022
(3, 3, 2)
2
(60, 74)
-> Request 5
1153
(4, 2, 2)
3
(66, 68)
-> Request 6
1353
(4, 1, 1)
1
(57, 75)
---> Week : 16
--> Day : 0
-> Request 0
169
(2, 2, 2)
2
(58, 37)
-> Request 1
949
(1, 1, 2)
2
(16, 21)
-> Request 2
1211
(2, 1, 2)
3
(64, 77)
--> Day : 1
-> Request 0
653
(2, 3, 2)
2
(52, 64)
-> Request 1
1047
(1, 1, 2)
1
(45, 39)
-> Request 2
1087
(2, 3, 2)
3
(62, 40)
-> Request 3
1305
(3, 2, 2)
1
(56, 29)
--> Day : 2
-> Request 0
212
(4, 1, 1)
2
(53, 32)
-> Request 1
905
(4, 3, 2)
1
(62, 29)
-> Request 2
1291
(4, 3, 1)
2
(57, 75)
--> Day : 3
-> Request 0
288
(2, 2, 1)
2
(65, 72)
-> Request 1
915
(1, 3, 2)
3
(53, 41)
-> Request 2
1414
(2, 3, 1)
1
(45, 36)
--> Day : 4
-> Request 0
387
(1, 3, 1)
1
(60, 74)
-> Request 1
698
(3, 3, 2)
3
(44, 45)
---> Week : 17
--> Day : 0
-> Request 0
448
(2, 1, 1)
1
(49, 34)
--> Day : 1
-> Request 0
1061
(4, 1, 1)
3
(56, 68)
-> Request 1
1119
(1, 2, 2)
3
(60, 31)
-> Request 2
1439
(3, 2, 1)
1
(55, 29)
--> Day : 2
-> Request 0
197
(2, 3, 1)
1
(60, 36)
-> Request 1
605
(2, 3, 1)
2
(65, 64)
-> Request 2
924
(4, 2, 2)
1
(58, 33)
-> Request 3
1146
(1, 2, 2)
3
(56, 43)
--> Day : 3
-> Request 0
239
(2, 2, 1)
3
(51, 39)
-> Request 1
300
(1, 2, 1)
3
(54, 72)
-> Request 2
478
(3, 2, 1)
1
(47, 43)
-> Request 3
789
(2, 3, 2)
3
(12, 23)
-> Request 4
876
(4, 1, 1)
1
(63, 78)
--> Day : 4
-> Request 0
88
(1, 1, 2)
1
(47, 33)
-> Request 1
304
(1, 2, 1)
2
(16, 27)
-> Request 2
874
(2, 1, 2)
3
(44, 38)
-> Request 3
1276
(2, 1, 2)
3
(48, 32)
---> Week : 18
--> Day : 0
-> Request 0
542
(2, 1, 1)
3
(56, 69)
-> Request 1
1354
(4, 2, 1)
1
(46, 39)
--> Day : 1
-> Request 0
124
(1, 3, 2)
3
(54, 75)
-> Request 1
211
(3, 1, 2)
2
(66, 65)
-> Request 2
424
(4, 2, 1)
3
(53, 46)
-> Request 3
455
(1, 3, 2)
1
(10, 23)
-> Request 4
466
(1, 3, 2)
3
(54, 72)
-> Request 5
667
(2, 1, 2)
2
(54, 71)
-> Request 6
1178
(1, 3, 1)
1
(56, 35)
--> Day : 2
-> Request 0
75
(2, 2, 2)
1
(64, 68)
-> Request 1
958
(2, 3, 2)
2
(59, 64)
-> Request 2
968
(3, 3, 2)
3
(59, 64)
-> Request 3
1064
(3, 1, 1)
3
(45, 46)
-> Request 4
1225
(2, 1, 1)
1
(59, 76)
-> Request 5
1282
(1, 1, 1)
3
(13, 27)
-> Request 6
1375
(3, 3, 2)
1
(17, 20)
--> Day : 3
-> Request 0
98
(4, 2, 1)
1
(62, 34)
-> Request 1
464
(1, 3, 1)
1
(58, 76)
-> Request 2
532
(3, 1, 2)
1
(55, 74)
-> Request 3
559
(2, 2, 1)
1
(17, 28)
-> Request 4
1045
(1, 3, 2)
3
(60, 46)
-> Request 5
1129
(4, 2, 2)
3
(59, 70)
--> Day : 4
-> Request 0
45
(2, 2, 1)
1
(62, 77)
-> Request 1
549
(1, 3, 1)
3
(55, 39)
-> Request 2
549
(3, 1, 1)
2
(47, 30)
-> Request 3
948
(2, 1, 2)
2
(57, 29)
-> Request 4
963
(3, 3, 1)
3
(48, 38)
-> Request 5
983
(4, 2, 1)
2
(56, 34)
-> Request 6
1145
(2, 2, 1)
1
(49, 45)
---> Week : 19
--> Day : 0
-> Request 0
100
(3, 1, 2)
2
(15, 20)
-> Request 1
762
(4, 1, 1)
3
(54, 42)
-> Request 2
1006
(4, 2, 1)
3
(55, 30)
-> Request 3
1125
(4, 3, 1)
1
(49, 35)
-> Request 4
1174
(1, 2, 2)
3
(62, 42)
-> Request 5
1328
(2, 3, 1)
3
(64, 69)
--> Day : 1
-> Request 0
1063
(2, 3, 1)
3
(58, 39)
-> Request 1
1158
(2, 3, 1)
2
(59, 34)
--> Day : 2
-> Request 0
899
(3, 2, 1)
2
(44, 41)
-> Request 1
1034
(3, 1, 2)
2
(51, 27)
--> Day : 3
-> Request 0
33
(1, 1, 1)
3
(58, 67)
-> Request 1
82
(4, 3, 1)
3
(58, 39)
-> Request 2
85
(2, 1, 1)
3
(49, 29)
-> Request 3
321
(2, 3, 2)
1
(63, 67)
-> Request 4
713
(1, 3, 1)
2
(60, 39)
--> Day : 4
-> Request 0
721
(4, 2, 2)
1
(10, 25)
-> Request 1
757
(4, 3, 2)
3
(57, 64)
-> Request 2
899
(3, 3, 2)
1
(46, 42)
-> Request 3
1151
(3, 1, 2)
2
(12, 21)
-> Request 4
1333
(4, 3, 2)
2
(54, 31)
---> Week : 20
--> Day : 0
-> Request 0
18
(2, 2, 1)
3
(46, 32)
-> Request 1
44
(4, 1, 1)
1
(61, 76)
-> Request 2
435
(1, 2, 2)
3
(54, 44)
-> Request 3
452
(3, 2, 2)
1
(55, 78)
--> Day : 1
-> Request 0
256
(4, 2, 2)
3
(46, 28)
-> Request 1
583
(4, 1, 1)
3
(50, 40)
-> Request 2
1069
(2, 3, 1)
1
(13, 28)
-> Request 3
1117
(4, 1, 2)
2
(45, 34)
-> Request 4
1300
(4, 3, 1)
2
(58, 71)
-> Request 5
1409
(1, 3, 2)
1
(66, 70)
--> Day : 2
-> Request 0
552
(3, 3, 1)
2
(52, 41)
-> Request 1
1299
(4, 1, 1)
1
(65, 76)
--> Day : 3
-> Request 0
350
(1, 3, 1)
1
(60, 43)
-> Request 1
496
(1, 1, 2)
1
(52, 71)
-> Request 2
977
(2, 3, 2)
2
(58, 38)
-> Request 3
1116
(1, 1, 1)
1
(59, 38)
-> Request 4
1198
(1, 1, 2)
1
(49, 45)
--> Day : 4
-> Request 0
105
(1, 2, 1)
3
(10, 21)
-> Request 1
334
(2, 2, 1)
1
(46, 37)
-> Request 2
829
(3, 3, 2)
1
(62, 46)
-> Request 3
1007
(2, 3, 2)
2
(58, 42)
-> Request 4
1135
(1, 2, 2)
2
(43, 45)
-> Request 5
1206
(3, 3, 1)
1
(50, 44)
-> Request 6
1220
(2, 2, 2)
2
(12, 27)
-> Request 7
1356
(4, 2, 2)
2
(63, 66)
---> Week : 21
--> Day : 0
-> Request 0
950
(1, 2, 2)
3
(12, 29)
--> Day : 1
-> Request 0
377
(1, 2, 2)
1
(46, 29)
-> Request 1
812
(2, 3, 1)
3
(57, 28)
-> Request 2
1109
(4, 2, 2)
2
(59, 38)
--> Day : 2
-> Request 0
324
(3, 1, 1)
2
(47, 34)
-> Request 1
332
(4, 3, 1)
1
(60, 76)
-> Request 2
834
(1, 2, 1)
3
(44, 42)
-> Request 3
1159
(3, 2, 2)
2
(60, 45)
-> Request 4
1413
(3, 3, 1)
1
(58, 28)
--> Day : 3
-> Request 0
205
(2, 1, 1)
2
(49, 37)
-> Request 1
290
(3, 2, 2)
2
(55, 29)
-> Request 2
388
(4, 3, 1)
3
(55, 70)
-> Request 3
1001
(4, 3, 2)
1
(54, 71)
--> Day : 4
-> Request 0
26
(3, 2, 2)
3
(48, 28)
-> Request 1
253
(1, 1, 2)
1
(62, 27)
-> Request 2
951
(4, 3, 1)
1
(54, 66)
-> Request 3
1083
(4, 1, 2)
2
(60, 64)
---> Week : 22
--> Day : 0
-> Request 0
32
(1, 3, 2)
2
(59, 69)
-> Request 1
1376
(2, 3, 1)
1
(46, 27)
--> Day : 1
-> Request 0
339
(4, 3, 2)
3
(61, 45)
-> Request 1
457
(4, 2, 2)
1
(53, 33)
-> Request 2
602
(2, 2, 2)
1
(54, 40)
-> Request 3
665
(2, 3, 1)
2
(17, 25)
-> Request 4
1174
(3, 2, 1)
3
(57, 43)
--> Day : 2
-> Request 0
197
(4, 2, 2)
1
(59, 29)
-> Request 1
376
(1, 1, 2)
3
(64, 74)
-> Request 2
834
(1, 1, 2)
3
(15, 29)
-> Request 3
947
(4, 2, 2)
2
(56, 32)
--> Day : 3
-> Request 0
223
(4, 1, 2)
3
(50, 44)
-> Request 1
236
(1, 2, 2)
2
(57, 77)
-> Request 2
592
(1, 2, 1)
3
(60, 30)
--> Day : 4
-> Request 0
205
(2, 3, 2)
3
(65, 66)
-> Request 1
291
(1, 2, 1)
2
(66, 75)
-> Request 2
900
(4, 3, 2)
3
(59, 69)
-> Request 3
988
(4, 3, 2)
2
(66, 75)
-> Request 4
1282
(1, 2, 1)
3
(8, 21)
-> Request 5
1391
(2, 3, 2)
3
(53, 32)
-> Request 6
1415
(3, 3, 1)
3
(11, 20)
---> Week : 23
--> Day : 0
-> Request 0
53
(3, 3, 1)
3
(57, 42)
-> Request 1
90
(1, 2, 1)
3
(15, 27)
-> Request 2
105
(3, 2, 2)
1
(58, 35)
-> Request 3
625
(3, 2, 2)
2
(60, 28)
-> Request 4
1399
(1, 2, 1)
2
(60, 72)
--> Day : 1
-> Request 0
307
(1, 1, 1)
2
(43, 39)
-> Request 1
312
(4, 2, 1)
1
(17, 23)
-> Request 2
443
(2, 1, 2)
3
(55, 27)
--> Day : 2
-> Request 0
89
(4, 2, 2)
3
(53, 27)
-> Request 1
239
(4, 3, 2)
2
(52, 64)
-> Request 2
720
(1, 1, 2)
2
(61, 75)
-> Request 3
797
(4, 3, 1)
2
(52, 66)
--> Day : 3
-> Request 0
133
(2, 2, 1)
1
(54, 31)
-> Request 1
1326
(1, 3, 1)
1
(62, 44)
-> Request 2
1434
(1, 3, 1)
3
(50, 37)
--> Day : 4
-> Request 0
226
(1, 2, 2)
1
(55, 33)
-> Request 1
254
(3, 3, 2)
1
(45, 42)
-> Request 2
327
(4, 2, 1)
1
(65, 64)
-> Request 3
415
(2, 3, 1)
3
(62, 69)
-> Request 4
863
(4, 1, 1)
3
(56, 70)
-> Request 5
1011
(3, 3, 2)
1
(63, 72)
-> Request 6
1348
(4, 3, 2)
3
(56, 67)
---> Week : 24
--> Day : 0
-> Request 0
127
(4, 3, 1)
1
(66, 75)
-> Request 1
387
(1, 1, 1)
3
(55, 33)
-> Request 2
404
(2, 2, 2)
1
(52, 73)
-> Request 3
589
(4, 2, 2)
3
(16, 29)
-> Request 4
926
(1, 3, 2)
3
(14, 24)
--> Day : 1
-> Request 0
278
(2, 3, 1)
2
(10, 27)
-> Request 1
436
(2, 1, 2)
2
(53, 41)
-> Request 2
923
(2, 1, 1)
2
(62, 33)
-> Request 3
1001
(2, 2, 2)
3
(62, 67)
--> Day : 2
-> Request 0
239
(2, 2, 2)
3
(52, 31)
-> Request 1
863
(1, 1, 2)
2
(57, 44)
-> Request 2
1419
(1, 2, 1)
1
(55, 73)
--> Day : 3
-> Request 0
51
(1, 3, 1)
1
(46, 45)
-> Request 1
451
(1, 3, 1)
3
(13, 22)
-> Request 2
626
(4, 2, 1)
2
(62, 32)
-> Request 3
637
(3, 2, 2)
1
(56, 64)
-> Request 4
1311
(2, 2, 2)
1
(50, 31)
--> Day : 4
-> Request 0
30
(4, 1, 1)
1
(9, 20)
-> Request 1
681
(3, 2, 1)
3
(43, 39)
-> Request 2
1267
(1, 2, 2)
3
(61, 46)
-> Request 3
1379
(4, 1, 1)
1
(60, 78)
---> Week : 25
--> Day : 0
-> Request 0
1268
(4, 1, 2)
2
(54, 43)
-> Request 1
1334
(1, 3, 1)
2
(43, 29)
--> Day : 1
-> Request 0
397
(4, 3, 1)
2
(13, 25)
-> Request 1
600
(1, 3, 2)
3
(63, 74)
-> Request 2
1141
(3, 1, 1)
1
(59, 74)
-> Request 3
1309
(2, 3, 1)
3
(51, 40)
--> Day : 2
-> Request 0
524
(3, 1, 1)
1
(53, 65)
-> Request 1
652
(2, 3, 2)
2
(60, 29)
-> Request 2
852
(3, 3, 2)
2
(55, 76)
--> Day : 3
--> Day : 4
-> Request 0
482
(1, 3, 2)
2
(12, 20)
-> Request 1
577
(4, 1, 1)
2
(53, 69)
-> Request 2
820
(2, 1, 2)
3
(62, 29)
-> Request 3
1072
(4, 3, 2)
3
(63, 68)
-> Request 4
1145
(1, 2, 1)
2
(14, 21)
-> Request 5
1153
(4, 2, 2)
2
(62, 72)
---> Week : 26
--> Day : 0
-> Request 0
122
(4, 1, 2)
2
(55, 42)
-> Request 1
139
(2, 2, 1)
2
(52, 75)
-> Request 2
1018
(3, 1, 1)
3
(64, 65)
--> Day : 1
-> Request 0
74
(2, 1, 2)
1
(56, 46)
-> Request 1
133
(4, 2, 1)
1
(59, 27)
-> Request 2
175
(3, 2, 2)
1
(53, 29)
-> Request 3
254
(3, 1, 1)
3
(63, 67)
-> Request 4
977
(2, 3, 1)
1
(8, 21)
-> Request 5
1152
(2, 2, 1)
3
(53, 39)
-> Request 6
1194
(4, 1, 2)
1
(16, 25)
-> Request 7
1249
(1, 2, 1)
1
(62, 35)
--> Day : 2
-> Request 0
211
(2, 3, 1)
2
(12, 29)
-> Request 1
996
(3, 3, 2)
2
(43, 28)
--> Day : 3
-> Request 0
173
(4, 3, 2)
2
(44, 39)
-> Request 1
697
(3, 1, 1)
1
(47, 29)
--> Day : 4
-> Request 0
250
(2, 1, 1)
1
(48, 34)
-> Request 1
654
(2, 1, 2)
3
(9, 24)
-> Request 2
862
(1, 2, 2)
1
(44, 36)
---> Week : 27
--> Day : 0
-> Request 0
45
(3, 1, 1)
3
(60, 45)
--> Day : 1
-> Request 0
64
(1, 1, 2)
2
(60, 39)
-> Request 1
510
(4, 2, 2)
3
(55, 44)
-> Request 2
640
(2, 2, 2)
3
(57, 34)
-> Request 3
939
(1, 3, 2)
3
(49, 41)
-> Request 4
1012
(2, 2, 1)
2
(62, 73)
--> Day : 2
-> Request 0
1294
(4, 2, 1)
1
(10, 23)
-> Request 1
1320
(4, 3, 1)
3
(58, 46)
--> Day : 3
-> Request 0
164
(3, 2, 1)
3
(54, 46)
-> Request 1
251
(4, 2, 2)
3
(43, 35)
-> Request 2
340
(4, 1, 1)
1
(54, 64)
-> Request 3
358
(2, 1, 1)
3
(62, 75)
-> Request 4
796
(4, 1, 2)
3
(52, 69)
--> Day : 4
-> Request 0
401
(1, 3, 2)
3
(51, 43)
-> Request 1
946
(4, 1, 1)
1
(8, 27)
-> Request 2
1013
(1, 1, 1)
2
(52, 68)
-> Request 3
1106
(4, 3, 2)
2
(54, 70)
-> Request 4
1108
(2, 3, 1)
3
(45, 42)
-> Request 5
1161
(1, 2, 1)
3
(48, 36)
-> Request 6
1197
(1, 2, 2)
2
(11, 26)
-> Request 7
1313
(1, 3, 2)
1
(53, 68)
-> Request 8
1395
(1, 2, 1)
2
(48, 39)
---> Week : 28
--> Day : 0
-> Request 0
153
(3, 1, 1)
2
(60, 71)
-> Request 1
154
(4, 1, 2)
3
(61, 43)
-> Request 2
1006
(2, 2, 2)
1
(9, 26)
-> Request 3
1157
(4, 1, 2)
1
(43, 36)
-> Request 4
1198
(3, 1, 2)
1
(55, 73)
-> Request 5
1212
(1, 2, 2)
1
(54, 76)
--> Day : 1
-> Request 0
99
(3, 3, 1)
1
(47, 35)
-> Request 1
273
(3, 3, 2)
3
(60, 35)
-> Request 2
479
(2, 3, 2)
3
(60, 73)
-> Request 3
522
(2, 2, 2)
3
(14, 20)
-> Request 4
792
(2, 1, 1)
3
(49, 38)
--> Day : 2
-> Request 0
642
(1, 1, 1)
1
(64, 70)
-> Request 1
1362
(2, 3, 2)
3
(14, 25)
-> Request 2
1406
(1, 3, 2)
1
(13, 21)
--> Day : 3
-> Request 0
746
(1, 2, 1)
3
(60, 69)
-> Request 1
854
(4, 1, 2)
1
(12, 21)
--> Day : 4
-> Request 0
1122
(3, 1, 1)
3
(65, 67)
-> Request 1
1249
(2, 2, 1)
3
(58, 35)
---> Week : 29
--> Day : 0
-> Request 0
385
(1, 1, 1)
1
(63, 78)
-> Request 1
733
(1, 2, 1)
3
(65, 64)
-> Request 2
764
(2, 3, 1)
1
(63, 74)
-> Request 3
978
(1, 3, 1)
3
(49, 30)
-> Request 4
1187
(1, 1, 2)
3
(59, 42)
--> Day : 1
-> Request 0
251
(4, 1, 2)
1
(44, 29)
-> Request 1
400
(3, 1, 1)
1
(60, 37)
-> Request 2
439
(1, 3, 2)
2
(66, 78)
-> Request 3
847
(2, 3, 2)
1
(8, 22)
-> Request 4
921
(3, 2, 1)
2
(8, 26)
-> Request 5
1405
(1, 3, 2)
2
(59, 30)
--> Day : 2
-> Request 0
14
(4, 1, 2)
3
(43, 27)
-> Request 1
385
(2, 1, 1)
1
(56, 75)
-> Request 2
461
(4, 3, 2)
2
(55, 38)
-> Request 3
1080
(1, 3, 1)
1
(63, 70)
-> Request 4
1161
(3, 3, 1)
2
(60, 32)
-> Request 5
1197
(4, 1, 2)
1
(61, 35)
-> Request 6
1437
(3, 3, 1)
3
(43, 46)
--> Day : 3
-> Request 0
10
(2, 3, 2)
2
(56, 38)
-> Request 1
201
(1, 3, 1)
3
(60, 71)
-> Request 2
205
(1, 2, 1)
1
(59, 31)
-> Request 3
412
(2, 2, 2)
1
(44, 40)
-> Request 4
1427
(4, 1, 1)
3
(57, 44)
--> Day : 4
-> Request 0
1299
(3, 2, 2)
3
(51, 27)
---> Week : 30
--> Day : 0
--> Day : 1
-> Request 0
101
(1, 3, 1)
3
(57, 30)
-> Request 1
128
(2, 1, 1)
1
(10, 26)
-> Request 2
280
(1, 2, 1)
2
(52, 67)
-> Request 3
620
(2, 2, 1)
2
(55, 36)
-> Request 4
720
(4, 3, 2)
2
(49, 37)
-> Request 5
1009
(4, 3, 1)
3
(65, 77)
-> Request 6
1156
(4, 1, 2)
3
(58, 45)
--> Day : 2
-> Request 0
216
(3, 1, 1)
3
(48, 32)
-> Request 1
1282
(1, 3, 2)
2
(61, 38)
-> Request 2
1428
(4, 1, 1)
1
(64, 72)
--> Day : 3
-> Request 0
801
(4, 1, 1)
3
(17, 23)
-> Request 1
829
(4, 2, 1)
3
(9, 29)
-> Request 2
1030
(3, 3, 1)
3
(53, 37)
-> Request 3
1206
(4, 3, 1)
1
(58, 43)
--> Day : 4
-> Request 0
1035
(1, 2, 1)
3
(60, 34)
-> Request 1
1078
(1, 2, 1)
2
(56, 33)
---> Week : 31
--> Day : 0
-> Request 0
285
(1, 2, 2)
1
(65, 75)
-> Request 1
943
(4, 2, 1)
2
(47, 34)
-> Request 2
1110
(3, 2, 1)
2
(51, 37)
-> Request 3
1261
(1, 3, 1)
2
(62, 43)
--> Day : 1
-> Request 0
149
(4, 1, 1)
1
(52, 43)
-> Request 1
162
(1, 1, 1)
3
(65, 76)
-> Request 2
532
(2, 3, 1)
2
(50, 31)
-> Request 3
1023
(3, 1, 1)
1
(49, 39)
-> Request 4
1059
(1, 1, 1)
3
(57, 28)
-> Request 5
1066
(1, 3, 1)
1
(60, 78)
-> Request 6
1086
(4, 2, 2)
2
(54, 45)
-> Request 7
1290
(4, 3, 1)
3
(60, 69)
--> Day : 2
-> Request 0
1354
(3, 1, 1)
1
(51, 39)
-> Request 1
1377
(3, 3, 2)
2
(53, 40)
-> Request 2
1385
(1, 1, 2)
2
(52, 28)
--> Day : 3
-> Request 0
118
(2, 3, 1)
1
(53, 74)
-> Request 1
232
(2, 3, 2)
2
(52, 44)
-> Request 2
285
(3, 1, 1)
3
(66, 77)
-> Request 3
560
(2, 2, 2)
1
(48, 39)
-> Request 4
864
(3, 1, 1)
2
(8, 25)
-> Request 5
1398
(3, 1, 2)
2
(64, 72)
-> Request 6
1434
(4, 2, 1)
3
(44, 45)
--> Day : 4
-> Request 0
0
(4, 1, 1)
2
(54, 44)
-> Request 1
274
(4, 3, 2)
2
(61, 46)
-> Request 2
292
(4, 2, 1)
1
(16, 22)
-> Request 3
1031
(3, 3, 2)
2
(57, 28)
-> Request 4
1339
(4, 1, 1)
1
(60, 46)
---> Week : 32
--> Day : 0
-> Request 0
233
(2, 1, 1)
3
(15, 27)
-> Request 1
245
(3, 2, 2)
2
(53, 77)
-> Request 2
265
(1, 1, 1)
3
(62, 42)
-> Request 3
430
(2, 3, 1)
2
(11, 26)
--> Day : 1
-> Request 0
221
(4, 1, 1)
3
(55, 38)
-> Request 1
1232
(4, 2, 1)
1
(17, 20)
--> Day : 2
-> Request 0
54
(1, 1, 2)
2
(15, 22)
-> Request 1
418
(2, 2, 1)
3
(59, 40)
-> Request 2
469
(1, 3, 2)
3
(59, 28)
-> Request 3
814
(4, 1, 1)
2
(59, 78)
-> Request 4
1331
(4, 1, 2)
3
(62, 43)
-> Request 5
1344
(4, 1, 2)
3
(64, 73)
-> Request 6
1389
(1, 2, 1)
2
(53, 72)
--> Day : 3
-> Request 0
157
(2, 3, 1)
3
(59, 64)
-> Request 1
215
(2, 3, 1)
3
(54, 45)
-> Request 2
912
(4, 3, 1)
2
(52, 67)
--> Day : 4
-> Request 0
281
(3, 2, 1)
3
(47, 35)
-> Request 1
719
(1, 1, 2)
2
(46, 43)
-> Request 2
737
(2, 1, 2)
2
(59, 67)
-> Request 3
885
(4, 1, 1)
1
(55, 29)
-> Request 4
1216
(3, 1, 2)
2
(48, 38)
-> Request 5
1396
(3, 1, 1)
1
(56, 69)
---> Week : 33
--> Day : 0
-> Request 0
125
(1, 2, 1)
2
(65, 67)
-> Request 1
180
(1, 3, 2)
2
(51, 35)
-> Request 2
643
(4, 2, 1)
3
(52, 43)
-> Request 3
719
(2, 1, 2)
1
(45, 40)
-> Request 4
903
(3, 1, 1)
2
(63, 69)
--> Day : 1
-> Request 0
333
(1, 3, 2)
1
(61, 45)
-> Request 1
667
(3, 3, 1)
3
(11, 23)
-> Request 2
949
(1, 3, 1)
2
(57, 34)
-> Request 3
1130
(2, 2, 2)
2
(61, 77)
-> Request 4
1358
(4, 3, 2)
3
(52, 29)
--> Day : 2
-> Request 0
160
(3, 3, 1)
1
(12, 20)
-> Request 1
1217
(1, 2, 2)
3
(48, 40)
-> Request 2
1237
(4, 2, 1)
3
(14, 26)
-> Request 3
1350
(2, 3, 1)
2
(48, 36)
-> Request 4
1355
(4, 2, 1)
1
(50, 38)
--> Day : 3
-> Request 0
1215
(1, 2, 2)
3
(64, 75)
--> Day : 4
-> Request 0
84
(2, 1, 2)
1
(60, 30)
---> Week : 34
--> Day : 0
-> Request 0
95
(4, 3, 1)
3
(64, 68)
-> Request 1
1047
(3, 3, 2)
2
(43, 32)
-> Request 2
1377
(3, 1, 2)
1
(8, 26)
--> Day : 1
-> Request 0
118
(4, 3, 1)
3
(62, 37)
-> Request 1
574
(4, 3, 1)
2
(53, 40)
-> Request 2
615
(2, 3, 2)
2
(55, 77)
-> Request 3
619
(1, 2, 1)
1
(11, 29)
-> Request 4
898
(1, 3, 2)
1
(61, 65)
--> Day : 2
-> Request 0
218
(3, 3, 2)
1
(60, 76)
-> Request 1
501
(1, 1, 1)
2
(44, 38)
-> Request 2
775
(3, 1, 1)
1
(47, 38)
-> Request 3
822
(2, 1, 1)
2
(54, 30)
--> Day : 3
-> Request 0
190
(4, 3, 2)
2
(48, 41)
-> Request 1
313
(3, 2, 1)
2
(61, 44)
-> Request 2
656
(4, 2, 1)
2
(49, 34)
-> Request 3
854
(1, 3, 2)
3
(66, 65)
-> Request 4
1424
(1, 3, 2)
1
(58, 36)
--> Day : 4
-> Request 0
259
(1, 3, 2)
3
(62, 68)
-> Request 1
311
(3, 3, 1)
3
(62, 66)
-> Request 2
1040
(4, 3, 2)
1
(52, 78)
-> Request 3
1174
(2, 1, 1)
3
(15, 26)
---> Week : 35
--> Day : 0
-> Request 0
328
(1, 3, 2)
1
(65, 69)
--> Day : 1
-> Request 0
1031
(1, 1, 1)
1
(43, 39)
--> Day : 2
-> Request 0
12
(3, 1, 1)
2
(64, 75)
-> Request 1
871
(3, 3, 1)
1
(59, 77)
-> Request 2
958
(2, 1, 1)
3
(9, 21)
-> Request 3
1082
(2, 1, 1)
1
(56, 76)
-> Request 4
1219
(1, 3, 1)
1
(45, 32)
--> Day : 3
-> Request 0
52
(1, 3, 2)
1
(51, 31)
-> Request 1
521
(3, 1, 2)
3
(55, 36)
-> Request 2
694
(1, 3, 2)
2
(55, 34)
-> Request 3
1220
(2, 2, 2)
2
(47, 46)
-> Request 4
1346
(4, 1, 2)
1
(44, 42)
--> Day : 4
-> Request 0
1220
(2, 2, 1)
3
(58, 33)
-> Request 1
1273
(3, 2, 1)
1
(56, 31)
---> Week : 36
--> Day : 0
-> Request 0
71
(4, 2, 1)
2
(62, 32)
-> Request 1
201
(1, 3, 2)
1
(57, 44)
--> Day : 1
-> Request 0
151
(2, 2, 2)
3
(12, 25)
-> Request 1
175
(4, 3, 2)
2
(53, 37)
-> Request 2
175
(2, 3, 2)
1
(61, 30)
-> Request 3
648
(3, 1, 1)
3
(59, 76)
-> Request 4
823
(4, 3, 2)
3
(59, 43)
--> Day : 2
-> Request 0
688
(1, 2, 2)
3
(60, 28)
-> Request 1
1146
(1, 3, 2)
1
(57, 74)
-> Request 2
1301
(4, 2, 2)
1
(53, 77)
--> Day : 3
-> Request 0
177
(3, 2, 2)
2
(60, 68)
-> Request 1
265
(2, 2, 1)
3
(46, 38)
-> Request 2
848
(2, 1, 1)
2
(8, 24)
-> Request 3
979
(4, 1, 2)
2
(58, 36)
-> Request 4
1224
(1, 2, 2)
3
(59, 43)
--> Day : 4
-> Request 0
12
(4, 1, 1)
3
(60, 76)
-> Request 1
218
(3, 1, 1)
1
(53, 43)
-> Request 2
625
(4, 2, 2)
1
(61, 74)
-> Request 3
859
(2, 1, 2)
1
(49, 35)
-> Request 4
912
(2, 2, 2)
3
(64, 64)
-> Request 5
1134
(1, 2, 2)
1
(62, 29)
-> Request 6
1408
(2, 2, 1)
1
(61, 44)
---> Week : 37
--> Day : 0
-> Request 0
726
(2, 3, 1)
3
(50, 43)
-> Request 1
912
(4, 2, 2)
3
(55, 77)
-> Request 2
948
(2, 3, 1)
1
(57, 72)
-> Request 3
1122
(3, 1, 2)
1
(64, 72)
--> Day : 1
-> Request 0
130
(3, 3, 1)
2
(51, 29)
-> Request 1
625
(1, 2, 1)
2
(51, 35)
-> Request 2
732
(1, 3, 1)
3
(61, 43)
--> Day : 2
-> Request 0
377
(1, 2, 1)
1
(44, 34)
-> Request 1
636
(2, 3, 2)
2
(65, 72)
-> Request 2
739
(1, 1, 2)
2
(64, 67)
-> Request 3
889
(3, 2, 1)
2
(45, 29)
-> Request 4
1055
(1, 3, 2)
3
(64, 78)
-> Request 5
1239
(1, 3, 1)
2
(59, 72)
--> Day : 3
-> Request 0
656
(4, 2, 2)
3
(55, 69)
-> Request 1
942
(2, 2, 1)
2
(58, 42)
-> Request 2
1237
(4, 2, 2)
3
(58, 76)
-> Request 3
1344
(1, 3, 2)
1
(50, 34)
--> Day : 4
-> Request 0
1063
(2, 2, 1)
2
(61, 65)
-> Request 1
1186
(1, 1, 2)
3
(55, 34)
---> Week : 38
--> Day : 0
-> Request 0
666
(2, 1, 1)
3
(56, 42)
-> Request 1
728
(1, 2, 1)
2
(43, 46)
-> Request 2
1001
(1, 2, 1)
3
(48, 39)
-> Request 3
1331
(1, 3, 1)
2
(54, 78)
--> Day : 1
-> Request 0
613
(1, 1, 1)
2
(47, 27)
--> Day : 2
-> Request 0
248
(1, 2, 1)
1
(8, 26)
-> Request 1
601
(1, 2, 1)
3
(14, 27)
-> Request 2
741
(2, 3, 1)
2
(55, 68)
-> Request 3
830
(2, 1, 2)
1
(54, 43)
-> Request 4
843
(1, 2, 1)
1
(52, 70)
-> Request 5
974
(4, 1, 2)
2
(55, 71)
-> Request 6
1357
(4, 2, 2)
3
(63, 69)
--> Day : 3
-> Request 0
56
(1, 3, 1)
1
(49, 31)
-> Request 1
544
(3, 2, 2)
2
(49, 32)
--> Day : 4
-> Request 0
205
(3, 3, 1)
3
(44, 42)
-> Request 1
281
(2, 2, 2)
3
(8, 23)
-> Request 2
586
(4, 1, 2)
3
(51, 38)
-> Request 3
813
(2, 1, 1)
1
(51, 42)
-> Request 4
833
(4, 3, 1)
1
(62, 70)
-> Request 5
1208
(2, 1, 2)
3
(63, 71)
---> Week : 39
--> Day : 0
-> Request 0
407
(4, 1, 1)
1
(53, 69)
-> Request 1
594
(4, 3, 1)
1
(54, 31)
-> Request 2
650
(3, 1, 1)
2
(43, 42)
-> Request 3
1092
(3, 3, 1)
3
(51, 27)
-> Request 4
1188
(4, 3, 1)
1
(53, 67)
-> Request 5
1238
(1, 3, 2)
2
(49, 34)
-> Request 6
1269
(2, 1, 1)
2
(55, 69)
--> Day : 1
-> Request 0
326
(3, 3, 2)
2
(45, 40)
-> Request 1
356
(3, 2, 1)
3
(61, 75)
-> Request 2
358
(3, 3, 1)
3
(59, 78)
-> Request 3
704
(2, 2, 2)
1
(60, 28)
--> Day : 2
-> Request 0
103
(4, 2, 1)
1
(59, 66)
-> Request 1
108
(2, 3, 1)
2
(46, 46)
-> Request 2
114
(4, 2, 2)
3
(62, 35)
-> Request 3
168
(3, 3, 2)
3
(51, 35)
-> Request 4
724
(3, 1, 1)
1
(15, 20)
-> Request 5
814
(3, 1, 2)
2
(16, 21)
-> Request 6
1053
(4, 1, 2)
3
(11, 28)
-> Request 7
1088
(4, 2, 1)
2
(63, 76)
-> Request 8
1089
(1, 1, 2)
3
(63, 78)
--> Day : 3
-> Request 0
142
(1, 3, 2)
2
(49, 38)
-> Request 1
579
(3, 1, 1)
1
(55, 29)
-> Request 2
1023
(4, 2, 1)
3
(45, 44)
-> Request 3
1073
(1, 2, 1)
2
(46, 32)
--> Day : 4
-> Request 0
312
(4, 1, 1)
2
(66, 71)
-> Request 1
467
(2, 2, 1)
3
(61, 35)
-> Request 2
702
(2, 3, 1)
1
(8, 27)
-> Request 3
1022
(3, 3, 1)
2
(64, 64)
-> Request 4
1026
(1, 2, 2)
2
(46, 42)
---> Week : 40
--> Day : 0
-> Request 0
260
(3, 1, 1)
3
(50, 42)
-> Request 1
671
(3, 1, 2)
3
(12, 26)
-> Request 2
680
(3, 1, 2)
2
(44, 35)
--> Day : 1
-> Request 0
844
(1, 1, 2)
3
(9, 21)
-> Request 1
1417
(1, 2, 1)
3
(53, 28)
--> Day : 2
-> Request 0
502
(3, 3, 1)
3
(52, 38)
-> Request 1
730
(2, 2, 1)
1
(53, 30)
-> Request 2
756
(4, 1, 2)
1
(56, 67)
--> Day : 3
-> Request 0
613
(4, 2, 2)
2
(54, 73)
-> Request 1
773
(4, 2, 1)
3
(55, 71)
-> Request 2
1108
(4, 1, 1)
3
(17, 26)
-> Request 3
1307
(2, 3, 1)
3
(10, 26)
--> Day : 4
-> Request 0
854
(1, 2, 2)
1
(47, 38)
-> Request 1
949
(2, 1, 2)
1
(51, 38)
-> Request 2
1115
(3, 2, 2)
2
(16, 28)
-> Request 3
1328
(2, 2, 1)
2
(56, 40)
---> Week : 41
--> Day : 0
-> Request 0
22
(1, 2, 2)
2
(60, 67)
-> Request 1
940
(1, 2, 1)
2
(55, 39)
--> Day : 1
-> Request 0
261
(2, 1, 2)
3
(44, 33)
-> Request 1
709
(4, 3, 1)
1
(44, 39)
-> Request 2
727
(2, 2, 1)
1
(47, 28)
-> Request 3
762
(3, 1, 2)
3
(60, 65)
-> Request 4
764
(1, 1, 2)
1
(48, 38)
-> Request 5
957
(1, 3, 2)
1
(63, 71)
-> Request 6
1218
(1, 2, 1)
1
(63, 70)
--> Day : 2
-> Request 0
473
(3, 2, 1)
1
(54, 31)
-> Request 1
759
(2, 1, 1)
2
(56, 41)
-> Request 2
1052
(4, 2, 1)
2
(49, 43)
-> Request 3
1134
(2, 1, 1)
1
(11, 29)
-> Request 4
1381
(3, 2, 1)
3
(44, 38)
--> Day : 3
-> Request 0
63
(2, 2, 2)
3
(47, 32)
-> Request 1
129
(1, 3, 2)
2
(61, 43)
-> Request 2
541
(2, 1, 1)
2
(8, 26)
-> Request 3
560
(2, 1, 2)
3
(10, 25)
-> Request 4
1023
(3, 2, 1)
1
(17, 21)
-> Request 5
1251
(1, 1, 1)
3
(57, 64)
-> Request 6
1345
(3, 3, 2)
1
(55, 78)
-> Request 7
1425
(3, 1, 1)
2
(46, 44)
--> Day : 4
-> Request 0
183
(1, 3, 2)
3
(52, 44)
-> Request 1
419
(4, 2, 2)
1
(56, 27)
-> Request 2
613
(2, 2, 2)
3
(51, 27)
-> Request 3
683
(2, 3, 1)
2
(58, 46)
---> Week : 42
--> Day : 0
-> Request 0
231
(2, 2, 1)
2
(55, 28)
-> Request 1
308
(4, 2, 1)
1
(59, 65)
-> Request 2
605
(3, 3, 1)
2
(15, 28)
-> Request 3
1242
(2, 2, 1)
1
(52, 68)
--> Day : 1
-> Request 0
14
(4, 2, 2)
1
(63, 64)
-> Request 1
95
(4, 1, 1)
2
(58, 39)
-> Request 2
285
(3, 3, 1)
2
(49, 27)
-> Request 3
563
(1, 3, 2)
2
(47, 33)
-> Request 4
581
(4, 3, 1)
3
(52, 43)
-> Request 5
1145
(2, 1, 2)
3
(47, 34)
-> Request 6
1264
(3, 1, 2)
1
(48, 40)
-> Request 7
1285
(3, 2, 2)
3
(48, 34)
-> Request 8
1408
(4, 2, 1)
2
(17, 24)
--> Day : 2
-> Request 0
302
(3, 2, 1)
2
(57, 77)
-> Request 1
377
(2, 2, 1)
3
(43, 33)
-> Request 2
541
(1, 1, 2)
3
(49, 29)
-> Request 3
1095
(4, 1, 2)
1
(50, 29)
-> Request 4
1123
(4, 3, 1)
1
(61, 30)
--> Day : 3
-> Request 0
381
(1, 2, 2)
1
(61, 70)
-> Request 1
475
(1, 3, 1)
1
(45, 34)
-> Request 2
753
(2, 3, 1)
2
(50, 43)
--> Day : 4
-> Request 0
69
(4, 1, 2)
1
(48, 27)
-> Request 1
324
(2, 3, 2)
3
(60, 70)
-> Request 2
994
(2, 2, 1)
1
(53, 29)
---> Week : 43
--> Day : 0
-> Request 0
122
(2, 1, 2)
2
(60, 35)
-> Request 1
619
(3, 3, 2)
3
(59, 33)
-> Request 2
800
(2, 2, 2)
3
(59, 38)
-> Request 3
1249
(3, 1, 1)
2
(52, 38)
-> Request 4
1296
(2, 1, 2)
1
(59, 36)
-> Request 5
1414
(4, 3, 2)
2
(55, 40)
--> Day : 1
-> Request 0
377
(3, 3, 1)
1
(48, 43)
-> Request 1
473
(2, 3, 2)
2
(46, 33)
-> Request 2
554
(3, 3, 2)
1
(46, 46)
-> Request 3
822
(2, 3, 2)
3
(14, 20)
-> Request 4
946
(4, 3, 2)
3
(58, 41)
--> Day : 2
-> Request 0
80
(2, 2, 1)
2
(55, 40)
-> Request 1
326
(2, 2, 2)
1
(63, 77)
-> Request 2
794
(1, 1, 2)
2
(54, 40)
-> Request 3
1182
(3, 3, 1)
3
(52, 67)
-> Request 4
1224
(2, 3, 2)
2
(59, 41)
-> Request 5
1234
(1, 3, 1)
1
(45, 39)
--> Day : 3
-> Request 0
146
(4, 1, 1)
2
(16, 27)
-> Request 1
450
(1, 3, 1)
3
(17, 24)
-> Request 2
543
(3, 2, 2)
3
(43, 28)
-> Request 3
1341
(4, 1, 2)
2
(50, 42)
-> Request 4
1417
(2, 1, 1)
1
(44, 37)
--> Day : 4
-> Request 0
299
(2, 1, 2)
2
(46, 30)
-> Request 1
489
(1, 3, 1)
1
(62, 30)
-> Request 2
660
(4, 3, 1)
1
(61, 39)
-> Request 3
707
(3, 2, 2)
3
(55, 28)
-> Request 4
788
(2, 2, 1)
2
(44, 27)
---> Week : 44
--> Day : 0
-> Request 0
45
(1, 2, 1)
3
(55, 35)
-> Request 1
144
(1, 3, 2)
1
(12, 23)
-> Request 2
245
(2, 3, 1)
1
(50, 41)
-> Request 3
269
(2, 3, 2)
1
(13, 24)
--> Day : 1
-> Request 0
50
(3, 2, 2)
3
(65, 65)
-> Request 1
248
(1, 2, 2)
1
(44, 37)
-> Request 2
1057
(2, 3, 2)
1
(15, 27)
--> Day : 2
-> Request 0
142
(1, 2, 1)
3
(47, 37)
-> Request 1
544
(1, 2, 1)
3
(57, 36)
-> Request 2
1321
(4, 1, 2)
1
(56, 35)
--> Day : 3
-> Request 0
93
(3, 1, 1)
2
(49, 41)
-> Request 1
804
(1, 3, 2)
1
(54, 34)
-> Request 2
983
(2, 2, 2)
1
(55, 37)
-> Request 3
1128
(3, 3, 2)
1
(47, 45)
-> Request 4
1138
(1, 3, 1)
2
(53, 65)
--> Day : 4
-> Request 0
336
(1, 1, 1)
1
(53, 46)
-> Request 1
779
(3, 3, 1)
2
(64, 66)
---> Week : 45
--> Day : 0
-> Request 0
7
(3, 2, 1)
1
(14, 23)
-> Request 1
1430
(2, 2, 2)
1
(46, 27)
--> Day : 1
-> Request 0
9
(2, 1, 1)
1
(59, 35)
-> Request 1
208
(2, 1, 2)
2
(54, 72)
-> Request 2
347
(1, 3, 1)
2
(62, 73)
-> Request 3
957
(1, 1, 2)
3
(58, 44)
--> Day : 2
-> Request 0
408
(4, 3, 1)
2
(48, 30)
-> Request 1
1198
(4, 1, 1)
1
(60, 33)
-> Request 2
1308
(3, 1, 1)
3
(47, 32)
-> Request 3
1407
(2, 1, 2)
1
(66, 68)
--> Day : 3
-> Request 0
126
(2, 1, 2)
2
(52, 30)
-> Request 1
267
(4, 3, 2)
2
(55, 67)
-> Request 2
294
(1, 1, 1)
2
(55, 42)
-> Request 3
636
(4, 2, 2)
3
(16, 21)
-> Request 4
826
(1, 2, 1)
3
(66, 71)
-> Request 5
838
(1, 2, 1)
2
(53, 64)
-> Request 6
870
(3, 3, 2)
1
(55, 72)
--> Day : 4
-> Request 0
196
(3, 1, 1)
3
(47, 38)
-> Request 1
621
(2, 2, 2)
1
(47, 40)
-> Request 2
682
(4, 3, 1)
2
(60, 78)
-> Request 3
794
(3, 3, 2)
3
(15, 22)
-> Request 4
1069
(4, 2, 2)
1
(47, 32)
---> Week : 46
--> Day : 0
-> Request 0
814
(2, 1, 2)
3
(47, 29)
-> Request 1
1217
(3, 3, 2)
2
(52, 64)
--> Day : 1
-> Request 0
130
(4, 1, 2)
3
(60, 69)
-> Request 1
1001
(1, 2, 2)
2
(51, 40)
-> Request 2
1418
(3, 1, 1)
2
(52, 38)
--> Day : 2
-> Request 0
769
(3, 3, 2)
3
(59, 37)
-> Request 1
1055
(1, 3, 2)
3
(52, 46)
-> Request 2
1137
(4, 1, 1)
1
(52, 73)
--> Day : 3
-> Request 0
217
(3, 2, 1)
1
(14, 25)
-> Request 1
350
(2, 3, 1)
2
(16, 21)
-> Request 2
579
(2, 1, 2)
1
(10, 20)
-> Request 3
970
(4, 2, 2)
3
(62, 64)
--> Day : 4
-> Request 0
498
(4, 1, 2)
2
(51, 29)
-> Request 1
882
(1, 1, 1)
1
(13, 24)
-> Request 2
1107
(2, 2, 1)
1
(49, 32)
-> Request 3
1235
(1, 1, 1)
2
(56, 69)
---> Week : 47
--> Day : 0
-> Request 0
735
(2, 1, 2)
3
(50, 35)
-> Request 1
842
(4, 2, 1)
2
(13, 20)
--> Day : 1
-> Request 0
245
(2, 2, 1)
1
(52, 74)
-> Request 1
499
(2, 2, 2)
3
(11, 22)
-> Request 2
1008
(2, 3, 1)
3
(45, 38)
-> Request 3
1170
(4, 1, 1)
1
(61, 30)
-> Request 4
1376
(4, 3, 2)
3
(12, 29)
--> Day : 2
-> Request 0
277
(1, 3, 2)
2
(58, 38)
-> Request 1
881
(3, 2, 2)
3
(54, 27)
--> Day : 3
-> Request 0
26
(4, 3, 1)
1
(10, 22)
-> Request 1
1050
(1, 1, 1)
1
(59, 32)
--> Day : 4
-> Request 0
627
(1, 2, 1)
2
(62, 31)
-> Request 1
931
(2, 3, 1)
2
(8, 27)
-> Request 2
1134
(3, 2, 1)
3
(56, 68)
-> Request 3
1138
(4, 3, 2)
2
(55, 41)
---> Week : 48
--> Day : 0
-> Request 0
258
(3, 1, 2)
1
(8, 23)
-> Request 1
270
(1, 3, 2)
3
(55, 37)
-> Request 2
638
(3, 1, 1)
2
(11, 24)
-> Request 3
799
(2, 1, 1)
3
(58, 39)
-> Request 4
966
(3, 1, 1)
1
(14, 27)
--> Day : 1
-> Request 0
444
(2, 3, 2)
3
(64, 73)
-> Request 1
789
(3, 2, 2)
3
(62, 34)
-> Request 2
1430
(2, 2, 1)
3
(51, 45)
--> Day : 2
-> Request 0
163
(3, 1, 1)
1
(57, 34)
-> Request 1
346
(4, 2, 1)
3
(58, 40)
-> Request 2
368
(4, 2, 1)
3
(65, 76)
-> Request 3
514
(1, 3, 2)
3
(61, 75)
-> Request 4
541
(4, 2, 1)
3
(53, 75)
-> Request 5
1338
(2, 2, 1)
1
(49, 38)
--> Day : 3
-> Request 0
416
(2, 1, 2)
3
(55, 29)
-> Request 1
693
(4, 1, 2)
3
(44, 41)
-> Request 2
1121
(4, 1, 1)
2
(62, 65)
-> Request 3
1201
(1, 2, 1)
3
(50, 33)
-> Request 4
1298
(1, 2, 1)
3
(58, 71)
-> Request 5
1426
(2, 3, 2)
1
(48, 43)
--> Day : 4
-> Request 0
119
(4, 2, 2)
3
(54, 38)
-> Request 1
159
(2, 2, 2)
3
(12, 21)
-> Request 2
683
(1, 3, 2)
3
(54, 37)
-> Request 3
737
(2, 3, 2)
2
(55, 27)
---> Week : 49
--> Day : 0
-> Request 0
203
(3, 3, 2)
2
(54, 78)
-> Request 1
421
(2, 2, 2)
2
(61, 72)
-> Request 2
446
(4, 2, 2)
1
(49, 30)
-> Request 3
704
(2, 3, 1)
1
(10, 25)
-> Request 4
719
(3, 2, 2)
2
(55, 43)
-> Request 5
984
(4, 1, 1)
2
(57, 75)
-> Request 6
1091
(4, 2, 2)
1
(64, 68)
-> Request 7
1200
(3, 1, 2)
2
(46, 30)
--> Day : 1
-> Request 0
258
(2, 3, 2)
3
(57, 77)
-> Request 1
582
(1, 1, 2)
3
(17, 21)
-> Request 2
946
(1, 1, 2)
3
(56, 30)
-> Request 3
1355
(2, 3, 2)
3
(58, 32)
--> Day : 2
-> Request 0
474
(3, 1, 2)
2
(45, 37)
-> Request 1
612
(4, 3, 2)
1
(57, 46)
--> Day : 3
-> Request 0
543
(2, 2, 2)
1
(44, 29)
--> Day : 4
-> Request 0
430
(2, 3, 1)
1
(52, 33)
-> Request 1
642
(4, 1, 2)
3
(59, 75)
-> Request 2
865
(3, 3, 2)
3
(53, 31)
-> Request 3
958
(4, 1, 1)
1
(53, 65)
-> Request 4
1347
(3, 2, 1)
3
(51, 45)
---> Week : 50
--> Day : 0
-> Request 0
351
(1, 1, 2)
1
(52, 37)
-> Request 1
1009
(3, 2, 2)
1
(52, 42)
--> Day : 1
-> Request 0
993
(2, 3, 2)
3
(56, 77)
-> Request 1
1105
(2, 2, 2)
1
(56, 36)
-> Request 2
1218
(3, 1, 2)
2
(15, 23)
-> Request 3
1331
(2, 2, 2)
2
(55, 70)
--> Day : 2
-> Request 0
429
(1, 2, 2)
1
(44, 38)
-> Request 1
694
(3, 1, 1)
3
(55, 34)
-> Request 2
713
(4, 2, 2)
3
(10, 29)
-> Request 3
731
(3, 2, 1)
2
(9, 24)
-> Request 4
1264
(1, 2, 2)
1
(60, 77)
-> Request 5
1364
(3, 2, 2)
2
(61, 69)
--> Day : 3
-> Request 0
43
(4, 3, 1)
1
(57, 41)
-> Request 1
342
(1, 1, 1)
2
(62, 69)
-> Request 2
537
(3, 1, 1)
3
(49, 34)
-> Request 3
766
(1, 3, 1)
2
(52, 76)
-> Request 4
880
(1, 1, 1)
1
(50, 40)
-> Request 5
1193
(1, 3, 1)
1
(64, 71)
--> Day : 4
-> Request 0
362
(1, 2, 2)
2
(56, 45)
-> Request 1
478
(4, 2, 2)
1
(56, 66)
-> Request 2
900
(3, 1, 1)
2
(45, 38)
---> Week : 51
--> Day : 0
-> Request 0
854
(4, 3, 1)
2
(16, 21)
--> Day : 1
-> Request 0
39
(3, 2, 1)
1
(44, 34)
-> Request 1
266
(2, 1, 1)
1
(16, 22)
-> Request 2
302
(4, 1, 1)
1
(59, 43)
--> Day : 2
-> Request 0
1
(3, 1, 1)
3
(58, 78)
-> Request 1
294
(2, 2, 2)
1
(58, 29)
-> Request 2
527
(3, 2, 2)
3
(53, 38)
-> Request 3
690
(3, 2, 1)
1
(51, 39)
-> Request 4
919
(1, 2, 2)
1
(47, 30)
-> Request 5
1411
(3, 2, 2)
3
(48, 45)
--> Day : 3
-> Request 0
48
(4, 1, 1)
1
(17, 25)
-> Request 1
818
(2, 2, 1)
3
(58, 38)
-> Request 2
947
(1, 2, 1)
3
(45, 41)
--> Day : 4
-> Request 0
78
(2, 1, 2)
3
(58, 35)
-> Request 1
253
(2, 2, 1)
2
(44, 42)
-> Request 2
472
(4, 3, 1)
3
(54, 74)
-> Request 3
1160
(2, 1, 1)
2
(44, 42)
---> Week : 52
--> Day : 0
-> Request 0
222
(3, 2, 2)
1
(48, 29)
-> Request 1
321
(3, 1, 1)
3
(44, 35)
-> Request 2
636
(3, 2, 2)
3
(56, 30)
-> Request 3
779
(2, 2, 1)
1
(61, 30)
-> Request 4
1037
(3, 3, 2)
2
(52, 66)
-> Request 5
1338
(2, 1, 2)
2
(53, 68)
--> Day : 1
-> Request 0
143
(1, 3, 2)
3
(14, 29)
-> Request 1
351
(4, 1, 1)
3
(45, 37)
-> Request 2
559
(3, 2, 2)
3
(58, 46)
-> Request 3
1322
(2, 1, 1)
2
(50, 38)
--> Day : 2
-> Request 0
257
(1, 1, 2)
3
(13, 29)
-> Request 1
652
(3, 2, 1)
2
(11, 22)
-> Request 2
1134
(1, 3, 1)
3
(56, 67)
--> Day : 3
-> Request 0
29
(3, 1, 1)
2
(51, 44)
-> Request 1
142
(2, 3, 2)
3
(44, 44)
-> Request 2
617
(2, 2, 1)
2
(43, 36)
-> Request 3
629
(4, 2, 2)
3
(60, 44)
-> Request 4
1406
(4, 3, 2)
1
(52, 36)
--> Day : 4
-> Request 0
224
(3, 1, 1)
2
(56, 43)
-> Request 1
379
(3, 3, 2)
2
(17, 20)
---> Week : 53
--> Day : 0
-> Request 0
306
(2, 1, 2)
1
(54, 40)
-> Request 1
557
(3, 1, 2)
1
(52, 29)
-> Request 2
1124
(3, 2, 1)
1
(53, 37)
--> Day : 1
-> Request 0
65
(1, 1, 2)
1
(60, 66)
-> Request 1
347
(3, 1, 2)
2
(60, 70)
-> Request 2
1129
(3, 3, 1)
3
(50, 37)
--> Day : 2
-> Request 0
87
(4, 1, 1)
1
(66, 72)
-> Request 1
755
(3, 2, 1)
2
(44, 31)
-> Request 2
1253
(2, 2, 2)
1
(56, 76)
-> Request 3
1277
(1, 1, 1)
1
(61, 35)
--> Day : 3
-> Request 0
294
(4, 3, 2)
1
(44, 29)
-> Request 1
622
(3, 3, 2)
2
(57, 31)
-> Request 2
866
(1, 2, 2)
1
(56, 45)
-> Request 3
883
(3, 2, 1)
3
(57, 46)
-> Request 4
971
(2, 2, 1)
3
(59, 35)
-> Request 5
1231
(4, 1, 2)
1
(60, 39)
--> Day : 4
-> Request 0
384
(3, 3, 1)
3
(50, 34)
-> Request 1
570
(4, 1, 1)
2
(50, 41)
-> Request 2
1242
(3, 3, 2)
2
(53, 78)
-> Request 3
1311
(3, 2, 2)
2
(8, 24)
---> Week : 54
--> Day : 0
-> Request 0
279
(4, 3, 2)
2
(56, 42)
-> Request 1
1355
(2, 1, 2)
1
(54, 30)
--> Day : 1
-> Request 0
83
(1, 1, 1)
1
(62, 27)
-> Request 1
203
(4, 1, 1)
2
(52, 64)
-> Request 2
392
(1, 2, 2)
1
(66, 76)
-> Request 3
522
(1, 3, 1)
1
(56, 41)
-> Request 4
548
(4, 1, 1)
1
(11, 26)
-> Request 5
779
(2, 1, 1)
3
(57, 34)
-> Request 6
847
(2, 2, 2)
1
(49, 44)
-> Request 7
952
(2, 2, 1)
3
(54, 42)
-> Request 8
1058
(3, 1, 2)
3
(55, 30)
--> Day : 2
-> Request 0
110
(1, 1, 1)
2
(46, 46)
-> Request 1
846
(3, 1, 2)
2
(48, 43)
-> Request 2
1069
(2, 3, 2)
1
(55, 40)
-> Request 3
1167
(4, 1, 1)
2
(54, 35)
--> Day : 3
-> Request 0
524
(1, 2, 2)
2
(56, 65)
--> Day : 4
-> Request 0
306
(1, 3, 1)
1
(52, 32)
-> Request 1
366
(4, 2, 2)
3
(57, 65)
-> Request 2
695
(1, 1, 2)
2
(50, 38)
-> Request 3
1241
(4, 2, 1)
2
(56, 69)
-> Request 4
1354
(1, 1, 1)
1
(48, 28)
-> Request 5
1378
(4, 3, 2)
1
(48, 45)
---> Week : 55
--> Day : 0
-> Request 0
311
(2, 2, 2)
3
(60, 39)
-> Request 1
532
(3, 1, 1)
3
(48, 28)
--> Day : 1
-> Request 0
370
(2, 3, 2)
2
(49, 36)
-> Request 1
541
(3, 1, 1)
2
(65, 76)
-> Request 2
604
(1, 3, 1)
3
(54, 35)
-> Request 3
1028
(1, 1, 1)
3
(56, 39)
-> Request 4
1389
(4, 3, 2)
1
(60, 68)
--> Day : 2
-> Request 0
27
(2, 3, 1)
1
(58, 67)
-> Request 1
128
(2, 1, 2)
3
(50, 40)
-> Request 2
338
(1, 1, 1)
1
(52, 66)
-> Request 3
700
(2, 2, 1)
3
(54, 42)
-> Request 4
948
(1, 3, 2)
3
(10, 20)
-> Request 5
1120
(4, 2, 2)
2
(13, 23)
-> Request 6
1185
(1, 3, 1)
3
(11, 20)
--> Day : 3
-> Request 0
439
(1, 1, 1)
2
(58, 71)
-> Request 1
498
(2, 3, 2)
3
(66, 66)
-> Request 2
639
(3, 2, 2)
1
(44, 32)
-> Request 3
642
(4, 2, 1)
2
(55, 37)
-> Request 4
788
(3, 3, 1)
1
(60, 70)
-> Request 5
1311
(4, 1, 2)
1
(61, 74)
-> Request 6
1403
(4, 2, 1)
1
(14, 26)
--> Day : 4
-> Request 0
667
(3, 3, 2)
3
(17, 21)
-> Request 1
762
(2, 3, 1)
2
(54, 68)
-> Request 2
1192
(1, 1, 1)
3
(52, 69)
---> Week : 56
--> Day : 0
-> Request 0
92
(1, 2, 1)
2
(55, 74)
-> Request 1
473
(1, 1, 1)
3
(55, 36)
-> Request 2
586
(2, 2, 2)
1
(45, 46)
-> Request 3
773
(4, 1, 2)
2
(61, 38)
-> Request 4
779
(1, 1, 1)
1
(61, 68)
-> Request 5
1380
(1, 1, 2)
1
(45, 40)
--> Day : 1
-> Request 0
12
(2, 2, 2)
2
(60, 65)
-> Request 1
149
(2, 3, 2)
3
(12, 24)
-> Request 2
514
(1, 1, 1)
3
(54, 37)
-> Request 3
1386
(1, 3, 2)
3
(44, 41)
--> Day : 2
-> Request 0
174
(3, 2, 1)
2
(50, 42)
-> Request 1
636
(3, 2, 1)
2
(53, 38)
-> Request 2
658
(1, 3, 2)
2
(58, 38)
-> Request 3
738
(3, 1, 1)
3
(62, 35)
-> Request 4
956
(2, 2, 1)
1
(66, 78)
-> Request 5
1224
(1, 1, 2)
3
(50, 30)
--> Day : 3
-> Request 0
175
(2, 1, 2)
2
(57, 68)
-> Request 1
391
(1, 1, 1)
3
(48, 43)
-> Request 2
687
(4, 2, 2)
1
(47, 39)
-> Request 3
734
(3, 2, 1)
3
(56, 78)
-> Request 4
1204
(4, 3, 2)
1
(12, 20)
--> Day : 4
-> Request 0
603
(4, 3, 2)
2
(57, 64)
-> Request 1
723
(1, 2, 1)
2
(48, 27)
-> Request 2
789
(2, 2, 2)
2
(46, 38)
-> Request 3
1158
(1, 2, 1)
2
(8, 22)
-> Request 4
1351
(1, 1, 2)
3
(48, 28)
---> Week : 57
--> Day : 0
-> Request 0
165
(3, 3, 1)
3
(16, 28)
-> Request 1
200
(1, 1, 2)
1
(49, 35)
-> Request 2
422
(4, 2, 1)
2
(49, 33)
-> Request 3
820
(4, 2, 2)
3
(52, 46)
-> Request 4
978
(3, 1, 1)
3
(63, 68)
-> Request 5
1231
(2, 3, 2)
1
(47, 32)
--> Day : 1
-> Request 0
115
(4, 3, 1)
1
(45, 28)
-> Request 1
211
(1, 3, 1)
1
(53, 78)
-> Request 2
271
(4, 3, 1)
1
(64, 74)
-> Request 3
627
(3, 2, 2)
2
(17, 24)
-> Request 4
1026
(4, 3, 1)
2
(10, 27)
-> Request 5
1338
(3, 3, 1)
2
(46, 37)
--> Day : 2
-> Request 0
816
(1, 3, 1)
1
(54, 38)
-> Request 1
1425
(1, 2, 1)
3
(52, 46)
--> Day : 3
-> Request 0
93
(4, 1, 2)
1
(55, 31)
-> Request 1
301
(3, 2, 2)
3
(52, 78)
-> Request 2
1122
(4, 3, 1)
2
(12, 20)
-> Request 3
1139
(1, 1, 1)
2
(58, 35)
-> Request 4
1169
(3, 2, 2)
1
(59, 37)
--> Day : 4
-> Request 0
115
(4, 2, 1)
1
(9, 22)
-> Request 1
310
(3, 3, 1)
1
(13, 27)
-> Request 2
1021
(2, 2, 1)
1
(57, 46)
-> Request 3
1086
(3, 3, 2)
3
(60, 66)
-> Request 4
1105
(1, 2, 2)
3
(48, 34)
---> Week : 58
--> Day : 0
-> Request 0
53
(4, 2, 2)
1
(57, 68)
-> Request 1
192
(4, 3, 1)
2
(50, 42)
-> Request 2
918
(3, 1, 2)
2
(44, 27)
-> Request 3
1071
(3, 1, 1)
2
(61, 27)
-> Request 4
1198
(1, 2, 2)
1
(60, 65)
--> Day : 1
-> Request 0
623
(2, 3, 1)
3
(66, 69)
--> Day : 2
-> Request 0
696
(2, 1, 2)
1
(44, 27)
-> Request 1
1312
(1, 2, 2)
1
(45, 29)
--> Day : 3
-> Request 0
156
(3, 2, 2)
3
(64, 70)
-> Request 1
326
(1, 2, 1)
1
(61, 71)
-> Request 2
544
(4, 3, 2)
1
(44, 40)
-> Request 3
1282
(1, 1, 2)
2
(9, 28)
--> Day : 4
-> Request 0
36
(3, 1, 1)
3
(50, 36)
-> Request 1
72
(3, 1, 2)
1
(49, 37)
-> Request 2
145
(3, 3, 2)
1
(58, 34)
-> Request 3
396
(1, 3, 2)
1
(54, 33)
-> Request 4
819
(2, 1, 2)
3
(66, 71)
-> Request 5
956
(4, 2, 1)
3
(43, 27)
-> Request 6
1094
(4, 1, 1)
3
(13, 20)
---> Week : 59
--> Day : 0
-> Request 0
1167
(2, 2, 2)
3
(50, 41)
-> Request 1
1299
(3, 3, 2)
1
(50, 31)
-> Request 2
1405
(1, 3, 1)
2
(61, 39)
-> Request 3
1411
(2, 2, 1)
2
(63, 75)
--> Day : 1
-> Request 0
220
(1, 1, 2)
3
(50, 32)
-> Request 1
364
(2, 3, 2)
3
(62, 76)
-> Request 2
1152
(3, 2, 2)
2
(45, 28)
--> Day : 2
-> Request 0
493
(4, 3, 1)
3
(54, 28)
-> Request 1
1310
(3, 3, 1)
1
(63, 64)
--> Day : 3
-> Request 0
465
(1, 1, 1)
3
(46, 33)
-> Request 1
515
(2, 2, 1)
2
(47, 28)
-> Request 2
1246
(1, 2, 2)
1
(51, 32)
--> Day : 4
-> Request 0
313
(2, 2, 1)
1
(57, 41)
-> Request 1
829
(2, 1, 2)
1
(60, 28)
---> Week : 60
--> Day : 0
-> Request 0
114
(4, 2, 1)
3
(65, 70)
-> Request 1
139
(1, 1, 1)
1
(51, 41)
-> Request 2
157
(4, 1, 2)
2
(54, 76)
-> Request 3
968
(3, 2, 2)
1
(49, 29)
-> Request 4
1026
(2, 1, 2)
2
(56, 74)
-> Request 5
1252
(2, 3, 1)
2
(44, 31)
-> Request 6
1423
(1, 2, 1)
2
(66, 73)
--> Day : 1
-> Request 0
417
(2, 1, 2)
3
(55, 66)
--> Day : 2
-> Request 0
9
(4, 2, 1)
1
(53, 75)
-> Request 1
29
(1, 3, 2)
1
(56, 74)
-> Request 2
62
(3, 2, 2)
2
(62, 74)
-> Request 3
283
(2, 2, 2)
2
(57, 35)
-> Request 4
392
(4, 3, 2)
1
(61, 43)
-> Request 5
570
(1, 1, 2)
1
(60, 35)
-> Request 6
1196
(4, 1, 2)
3
(44, 37)
-> Request 7
1343
(3, 3, 2)
1
(61, 44)
--> Day : 3
-> Request 0
79
(2, 3, 1)
2
(54, 67)
-> Request 1
273
(1, 2, 2)
3
(55, 78)
-> Request 2
906
(3, 3, 2)
2
(47, 32)
--> Day : 4
-> Request 0
312
(4, 3, 1)
3
(58, 70)
-> Request 1
870
(1, 2, 1)
2
(66, 65)
-> Request 2
1241
(1, 2, 1)
2
(10, 29)
---> Week : 61
--> Day : 0
-> Request 0
298
(1, 3, 2)
2
(17, 26)
-> Request 1
652
(1, 1, 1)
3
(46, 39)
-> Request 2
1368
(3, 1, 2)
1
(46, 27)
--> Day : 1
-> Request 0
5
(2, 1, 1)
1
(47, 32)
-> Request 1
261
(1, 3, 1)
1
(16, 25)
-> Request 2
314
(4, 3, 2)
2
(10, 20)
-> Request 3
484
(4, 1, 2)
3
(50, 36)
-> Request 4
823
(4, 3, 2)
1
(45, 36)
-> Request 5
848
(3, 2, 2)
3
(11, 28)
-> Request 6
1029
(1, 1, 1)
1
(48, 40)
-> Request 7
1128
(4, 1, 1)
1
(53, 34)
-> Request 8
1349
(4, 2, 1)
1
(15, 28)
--> Day : 2
-> Request 0
128
(2, 1, 1)
2
(59, 44)
--> Day : 3
-> Request 0
768
(1, 3, 2)
1
(60, 32)
-> Request 1
1407
(4, 1, 2)
3
(58, 42)
--> Day : 4
-> Request 0
409
(1, 1, 1)
2
(52, 40)
-> Request 1
536
(4, 2, 2)
3
(53, 73)
-> Request 2
1077
(1, 2, 1)
2
(65, 64)
-> Request 3
1206
(1, 3, 2)
1
(17, 25)
---> Week : 62
--> Day : 0
-> Request 0
438
(2, 3, 2)
1
(52, 30)
-> Request 1
856
(1, 1, 1)
3
(61, 72)
-> Request 2
1132
(4, 1, 1)
3
(52, 39)
-> Request 3
1250
(1, 1, 2)
1
(47, 35)
--> Day : 1
-> Request 0
234
(2, 3, 1)
3
(58, 33)
-> Request 1
846
(3, 2, 2)
3
(58, 34)
-> Request 2
1325
(1, 3, 2)
1
(59, 65)
--> Day : 2
-> Request 0
172
(1, 1, 1)
3
(63, 73)
-> Request 1
473
(4, 1, 1)
3
(44, 41)
-> Request 2
849
(3, 3, 2)
3
(59, 76)
--> Day : 3
-> Request 0
168
(2, 1, 2)
2
(47, 27)
-> Request 1
551
(2, 2, 2)
2
(58, 70)
--> Day : 4
-> Request 0
470
(3, 2, 1)
1
(17, 29)
-> Request 1
884
(3, 3, 1)
2
(14, 25)
-> Request 2
1334
(4, 3, 1)
1
(59, 73)
---> Week : 63
--> Day : 0
-> Request 0
121
(4, 3, 2)
3
(54, 69)
-> Request 1
156
(3, 1, 2)
3
(66, 77)
-> Request 2
918
(1, 2, 2)
2
(51, 46)
-> Request 3
1242
(3, 2, 1)
1
(61, 70)
--> Day : 1
-> Request 0
26
(2, 1, 2)
3
(60, 77)
-> Request 1
384
(1, 3, 1)
3
(56, 32)
-> Request 2
598
(3, 2, 1)
3
(55, 42)
-> Request 3
684
(2, 1, 1)
3
(10, 28)
-> Request 4
1122
(4, 3, 2)
1
(44, 30)
--> Day : 2
-> Request 0
114
(4, 2, 1)
2
(44, 44)
-> Request 1
163
(2, 2, 2)
1
(53, 72)
-> Request 2
230
(1, 2, 2)
1
(47, 42)
-> Request 3
490
(2, 2, 1)
3
(10, 29)
--> Day : 3
-> Request 0
419
(1, 1, 1)
3
(52, 78)
-> Request 1
827
(1, 1, 2)
2
(63, 73)
-> Request 2
1069
(4, 2, 1)
1
(54, 73)
-> Request 3
1380
(3, 3, 2)
2
(46, 30)
--> Day : 4
-> Request 0
285
(1, 1, 2)
3
(57, 45)
-> Request 1
465
(3, 1, 2)
3
(53, 35)
-> Request 2
1004
(3, 3, 2)
2
(60, 70)
-> Request 3
1095
(3, 1, 1)
3
(48, 41)
-> Request 4
1401
(4, 3, 2)
1
(49, 46)
---> Week : 64
--> Day : 0
-> Request 0
785
(2, 3, 2)
2
(61, 37)
-> Request 1
973
(2, 2, 1)
3
(44, 31)
-> Request 2
1108
(2, 3, 1)
3
(61, 46)
-> Request 3
1246
(2, 3, 2)
1
(59, 65)
-> Request 4
1357
(4, 1, 2)
1
(58, 66)
--> Day : 1
-> Request 0
50
(1, 3, 2)
1
(61, 44)
-> Request 1
617
(4, 3, 2)
3
(57, 66)
--> Day : 2
-> Request 0
241
(2, 2, 2)
1
(55, 72)
-> Request 1
370
(4, 3, 2)
1
(48, 36)
-> Request 2
373
(1, 2, 2)
1
(50, 37)
-> Request 3
557
(3, 2, 1)
3
(60, 34)
--> Day : 3
-> Request 0
39
(2, 3, 1)
3
(56, 42)
-> Request 1
325
(3, 1, 1)
3
(44, 39)
-> Request 2
519
(2, 2, 2)
3
(62, 42)
--> Day : 4
-> Request 0
935
(1, 1, 1)
3
(58, 41)
---> Week : 65
--> Day : 0
-> Request 0
48
(2, 1, 2)
2
(58, 41)
-> Request 1
705
(3, 3, 2)
3
(55, 77)
-> Request 2
709
(3, 3, 2)
2
(50, 37)
-> Request 3
1213
(2, 2, 2)
3
(47, 34)
--> Day : 1
-> Request 0
337
(2, 1, 1)
3
(45, 40)
-> Request 1
999
(4, 2, 2)
3
(47, 46)
--> Day : 2
-> Request 0
125
(4, 1, 2)
2
(55, 30)
-> Request 1
653
(4, 3, 1)
2
(53, 67)
-> Request 2
1134
(3, 3, 2)
2
(58, 28)
--> Day : 3
-> Request 0
230
(1, 3, 1)
1
(16, 26)
-> Request 1
390
(4, 1, 1)
1
(55, 78)
-> Request 2
842
(3, 2, 2)
2
(58, 30)
-> Request 3
999
(3, 2, 2)
3
(60, 68)
--> Day : 4
-> Request 0
164
(4, 1, 2)
3
(59, 66)
-> Request 1
536
(2, 1, 2)
3
(55, 37)
-> Request 2
1115
(2, 1, 1)
1
(61, 45)
-> Request 3
1146
(1, 1, 2)
1
(49, 32)
---> Week : 66
--> Day : 0
-> Request 0
81
(2, 1, 2)
1
(57, 42)
-> Request 1
179
(1, 1, 2)
1
(43, 44)
-> Request 2
695
(2, 2, 2)
2
(17, 21)
-> Request 3
763
(1, 2, 2)
3
(59, 30)
--> Day : 1
-> Request 0
462
(2, 1, 2)
2
(47, 35)
-> Request 1
624
(2, 1, 1)
3
(65, 76)
-> Request 2
820
(1, 2, 1)
3
(56, 39)
-> Request 3
1276
(1, 3, 2)
2
(49, 27)
--> Day : 2
-> Request 0
274
(2, 2, 2)
1
(53, 66)
-> Request 1
534
(4, 1, 2)
1
(56, 33)
-> Request 2
961
(3, 3, 2)
1
(52, 36)
--> Day : 3
-> Request 0
246
(3, 3, 2)
1
(61, 45)
-> Request 1
1127
(4, 3, 1)
3
(59, 64)
--> Day : 4
-> Request 0
488
(1, 2, 1)
1
(46, 34)
-> Request 1
605
(3, 2, 2)
2
(56, 31)
-> Request 2
781
(4, 1, 2)
1
(57, 28)
-> Request 3
958
(3, 3, 1)
2
(66, 75)
-> Request 4
1142
(1, 1, 1)
3
(8, 26)
-> Request 5
1175
(1, 3, 1)
1
(58, 45)
---> Week : 67
--> Day : 0
-> Request 0
243
(4, 2, 2)
2
(15, 23)
-> Request 1
369
(3, 3, 1)
2
(58, 69)
-> Request 2
374
(3, 3, 2)
1
(54, 70)
-> Request 3
565
(2, 1, 2)
3
(43, 39)
-> Request 4
762
(2, 1, 2)
3
(45, 44)
-> Request 5
773
(4, 3, 2)
2
(54, 45)
-> Request 6
776
(1, 3, 1)
3
(62, 38)
-> Request 7
1054
(1, 2, 2)
2
(46, 38)
--> Day : 1
-> Request 0
285
(1, 3, 2)
1
(51, 45)
-> Request 1
294
(4, 1, 2)
1
(64, 71)
--> Day : 2
-> Request 0
12
(2, 3, 2)
1
(45, 38)
-> Request 1
55
(1, 1, 1)
1
(46, 39)
-> Request 2
236
(1, 3, 2)
1
(61, 45)
-> Request 3
324
(3, 1, 1)
3
(56, 41)
-> Request 4
769
(1, 1, 2)
1
(57, 29)
-> Request 5
778
(4, 2, 1)
1
(46, 36)
-> Request 6
1398
(1, 3, 1)
2
(59, 34)
-> Request 7
1407
(3, 2, 1)
1
(49, 38)
--> Day : 3
-> Request 0
389
(2, 1, 1)
1
(45, 39)
-> Request 1
1139
(3, 1, 2)
3
(65, 77)
-> Request 2
1412
(3, 1, 2)
2
(49, 34)
--> Day : 4
-> Request 0
216
(3, 3, 1)
3
(51, 46)
-> Request 1
640
(3, 1, 2)
2
(59, 34)
-> Request 2
778
(2, 3, 1)
3
(56, 36)
-> Request 3
1309
(1, 2, 1)
1
(58, 72)
---> Week : 68
--> Day : 0
--> Day : 1
-> Request 0
764
(4, 1, 1)
1
(64, 74)
-> Request 1
820
(1, 1, 1)
3
(50, 32)
--> Day : 2
-> Request 0
51
(3, 3, 2)
2
(57, 36)
-> Request 1
394
(1, 3, 2)
3
(11, 27)
-> Request 2
671
(3, 3, 1)
1
(16, 21)
-> Request 3
716
(1, 2, 1)
1
(48, 29)
-> Request 4
1403
(3, 3, 1)
3
(45, 40)
--> Day : 3
-> Request 0
306
(4, 2, 1)
3
(60, 77)
-> Request 1
371
(4, 2, 1)
3
(58, 65)
-> Request 2
838
(3, 2, 2)
2
(55, 36)
-> Request 3
1086
(4, 3, 1)
1
(10, 27)
-> Request 4
1221
(4, 3, 2)
2
(12, 24)
--> Day : 4
-> Request 0
60
(4, 2, 2)
2
(44, 46)
-> Request 1
142
(4, 2, 1)
2
(45, 40)
-> Request 2
164
(1, 3, 2)
1
(52, 45)
-> Request 3
285
(4, 3, 2)
2
(45, 46)
-> Request 4
589
(3, 1, 1)
3
(54, 31)
-> Request 5
1321
(1, 1, 2)
3
(59, 74)
-> Request 6
1374
(4, 3, 2)
1
(44, 43)
---> Week : 69
--> Day : 0
-> Request 0
69
(2, 1, 2)
2
(52, 28)
-> Request 1
224
(4, 3, 2)
1
(15, 28)
-> Request 2
505
(1, 2, 2)
1
(43, 31)
-> Request 3
786
(2, 2, 2)
1
(62, 65)
-> Request 4
1094
(1, 2, 2)
2
(13, 27)
-> Request 5
1305
(1, 3, 2)
2
(51, 39)
-> Request 6
1335
(3, 1, 1)
2
(58, 72)
--> Day : 1
-> Request 0
295
(3, 2, 2)
2
(63, 67)
-> Request 1
981
(1, 2, 2)
3
(61, 34)
-> Request 2
985
(4, 3, 1)
1
(47, 45)
--> Day : 2
-> Request 0
161
(4, 3, 1)
3
(12, 25)
-> Request 1
309
(2, 1, 1)
3
(58, 66)
-> Request 2
510
(4, 2, 1)
3
(54, 70)
-> Request 3
585
(1, 3, 2)
2
(46, 29)
-> Request 4
720
(4, 3, 2)
2
(62, 37)
-> Request 5
934
(1, 2, 2)
2
(43, 30)
-> Request 6
1192
(4, 3, 1)
3
(58, 33)
-> Request 7
1343
(4, 2, 1)
2
(56, 30)
--> Day : 3
-> Request 0
87
(3, 2, 1)
1
(55, 78)
-> Request 1
206
(3, 1, 2)
3
(48, 31)
-> Request 2
578
(2, 3, 2)
3
(44, 41)
-> Request 3
945
(4, 3, 1)
1
(43, 28)
-> Request 4
1326
(1, 1, 1)
3
(12, 25)
--> Day : 4
-> Request 0
512
(1, 2, 2)
3
(58, 35)
-> Request 1
1093
(4, 1, 2)
3
(52, 45)
-> Request 2
1225
(2, 2, 1)
3
(9, 21)
---> Week : 70
--> Day : 0
-> Request 0
574
(4, 3, 2)
2
(56, 66)
-> Request 1
958
(4, 1, 2)
2
(56, 44)
-> Request 2
1046
(3, 2, 2)
2
(52, 37)
-> Request 3
1211
(1, 1, 1)
1
(58, 44)
--> Day : 1
-> Request 0
694
(1, 3, 1)
2
(15, 26)
-> Request 1
735
(4, 3, 2)
2
(46, 30)
-> Request 2
1029
(4, 1, 2)
2
(54, 74)
-> Request 3
1064
(4, 1, 2)
1
(58, 64)
--> Day : 2
-> Request 0
129
(4, 3, 1)
3
(61, 66)
-> Request 1
427
(3, 2, 2)
1
(56, 68)
-> Request 2
1422
(3, 2, 1)
3
(48, 45)
--> Day : 3
-> Request 0
217
(4, 2, 2)
3
(60, 72)
-> Request 1
276
(4, 3, 1)
1
(51, 46)
-> Request 2
325
(2, 1, 2)
1
(50, 35)
-> Request 3
392
(3, 1, 2)
3
(58, 77)
-> Request 4
411
(4, 3, 1)
3
(56, 35)
--> Day : 4
-> Request 0
416
(2, 2, 2)
3
(53, 77)
---> Week : 71
--> Day : 0
-> Request 0
191
(1, 2, 2)
1
(51, 27)
-> Request 1
489
(2, 1, 2)
3
(52, 38)
-> Request 2
588
(2, 2, 1)
1
(43, 31)
-> Request 3
740
(2, 1, 1)
3
(57, 72)
-> Request 4
931
(4, 3, 1)
1
(48, 34)
-> Request 5
962
(2, 3, 1)
2
(46, 33)
-> Request 6
1105
(4, 3, 2)
1
(15, 23)
-> Request 7
1121
(1, 3, 2)
1
(45, 46)
--> Day : 1
-> Request 0
411
(3, 1, 1)
1
(61, 77)
-> Request 1
647
(3, 3, 1)
1
(58, 67)
-> Request 2
908
(1, 3, 1)
3
(43, 29)
--> Day : 2
-> Request 0
86
(1, 1, 1)
3
(65, 71)
-> Request 1
481
(1, 2, 1)
1
(55, 28)
-> Request 2
544
(4, 1, 2)
3
(43, 42)
-> Request 3
573
(4, 3, 1)
3
(58, 36)
-> Request 4
1089
(3, 2, 1)
3
(10, 20)
-> Request 5
1227
(3, 3, 2)
3
(8, 24)
--> Day : 3
-> Request 0
50
(3, 2, 2)
2
(57, 36)
-> Request 1
969
(2, 1, 2)
2
(48, 31)
--> Day : 4
-> Request 0
56
(4, 1, 1)
2
(57, 70)
-> Request 1
129
(4, 3, 2)
3
(12, 26)
-> Request 2
440
(4, 3, 2)
1
(60, 34)
-> Request 3
785
(1, 3, 2)
2
(54, 74)
-> Request 4
1334
(3, 2, 2)
2
(13, 26)
---> Week : 72
--> Day : 0
-> Request 0
230
(4, 2, 1)
2
(55, 34)
-> Request 1
405
(3, 1, 2)
1
(47, 43)
-> Request 2
619
(4, 2, 2)
3
(59, 73)
-> Request 3
731
(3, 2, 2)
2
(55, 71)
-> Request 4
985
(2, 1, 1)
1
(45, 44)
-> Request 5
1054
(3, 2, 1)
3
(49, 44)
--> Day : 1
-> Request 0
97
(4, 3, 2)
3
(53, 28)
-> Request 1
278
(4, 1, 2)
3
(52, 30)
-> Request 2
772
(3, 2, 1)
2
(46, 30)
-> Request 3
821
(3, 2, 2)
1
(46, 37)
-> Request 4
1276
(4, 2, 2)
1
(50, 43)
-> Request 5
1435
(2, 3, 2)
2
(52, 73)
--> Day : 2
-> Request 0
102
(1, 3, 1)
1
(11, 24)
--> Day : 3
-> Request 0
7
(4, 1, 1)
3
(55, 73)
-> Request 1
155
(2, 3, 1)
1
(59, 69)
-> Request 2
337
(1, 3, 1)
1
(66, 75)
-> Request 3
363
(1, 3, 2)
1
(66, 64)
-> Request 4
854
(2, 2, 2)
2
(16, 22)
-> Request 5
1023
(4, 2, 1)
2
(58, 65)
-> Request 6
1320
(1, 1, 1)
1
(52, 31)
--> Day : 4
-> Request 0
34
(2, 1, 1)
3
(49, 40)
-> Request 1
225
(4, 3, 1)
2
(56, 38)
-> Request 2
1201
(1, 2, 2)
2
(49, 34)
-> Request 3
1427
(3, 1, 1)
2
(65, 78)
---> Week : 73
--> Day : 0
-> Request 0
274
(1, 2, 1)
2
(49, 40)
-> Request 1
429
(3, 2, 1)
3
(59, 32)
-> Request 2
441
(3, 3, 1)
1
(56, 73)
-> Request 3
507
(2, 2, 1)
2
(60, 69)
-> Request 4
921
(4, 2, 2)
3
(62, 35)
-> Request 5
1144
(4, 2, 1)
2
(58, 27)
-> Request 6
1224
(3, 2, 1)
2
(13, 20)
--> Day : 1
-> Request 0
739
(3, 3, 2)
2
(47, 34)
-> Request 1
1137
(4, 2, 2)
3
(56, 31)
--> Day : 2
-> Request 0
243
(1, 1, 2)
2
(61, 29)
-> Request 1
624
(1, 2, 1)
1
(43, 44)
-> Request 2
1148
(4, 2, 2)
2
(52, 74)
-> Request 3
1209
(1, 1, 1)
1
(46, 42)
--> Day : 3
-> Request 0
247
(2, 1, 2)
2
(59, 70)
-> Request 1
345
(3, 3, 1)
3
(52, 36)
-> Request 2
493
(4, 1, 1)
3
(50, 35)
-> Request 3
1136
(3, 3, 1)
1
(51, 42)
-> Request 4
1160
(3, 2, 1)
3
(54, 35)
-> Request 5
1187
(2, 2, 1)
2
(60, 44)
-> Request 6
1321
(1, 3, 1)
1
(62, 38)
-> Request 7
1354
(1, 2, 2)
3
(57, 33)
--> Day : 4
-> Request 0
217
(3, 1, 2)
1
(61, 34)
-> Request 1
517
(3, 2, 1)
2
(46, 38)
-> Request 2
628
(1, 1, 2)
1
(47, 42)
-> Request 3
922
(2, 2, 1)
3
(50, 29)
---> Week : 74
--> Day : 0
-> Request 0
58
(3, 3, 2)
2
(48, 28)
-> Request 1
207
(1, 2, 2)
1
(52, 28)
-> Request 2
797
(2, 2, 2)
1
(17, 26)
-> Request 3
1236
(3, 2, 2)
2
(14, 27)
--> Day : 1
-> Request 0
98
(4, 2, 1)
3
(59, 68)
-> Request 1
901
(3, 3, 2)
3
(51, 31)
--> Day : 2
-> Request 0
138
(2, 2, 1)
2
(57, 68)
-> Request 1
504
(1, 1, 1)
3
(54, 31)
-> Request 2
540
(4, 2, 2)
2
(58, 33)
--> Day : 3
-> Request 0
760
(3, 2, 2)
1
(59, 44)
--> Day : 4
-> Request 0
289
(3, 3, 1)
3
(54, 42)
-> Request 1
670
(2, 1, 2)
2
(60, 43)
-> Request 2
1017
(1, 3, 2)
1
(53, 34)
-> Request 3
1258
(4, 1, 1)
2
(13, 20)
---> Week : 75
--> Day : 0
-> Request 0
564
(4, 2, 1)
3
(62, 35)
-> Request 1
1230
(1, 1, 2)
1
(59, 40)
--> Day : 1
-> Request 0
1415
(4, 2, 2)
2
(56, 39)
--> Day : 2
-> Request 0
250
(3, 2, 2)
2
(8, 25)
-> Request 1
1159
(2, 3, 2)
2
(62, 38)
-> Request 2
1160
(2, 1, 1)
3
(64, 78)
-> Request 3
1349
(2, 3, 2)
1
(64, 67)
--> Day : 3
-> Request 0
282
(4, 3, 2)
1
(49, 39)
-> Request 1
1284
(4, 1, 1)
3
(57, 70)
-> Request 2
1353
(3, 1, 1)
3
(16, 20)
--> Day : 4
-> Request 0
826
(1, 2, 2)
3
(62, 40)
---> Week : 76
--> Day : 0
-> Request 0
270
(2, 3, 2)
3
(60, 44)
-> Request 1
406
(1, 3, 1)
2
(15, 24)
-> Request 2
986
(4, 3, 1)
1
(64, 69)
--> Day : 1
-> Request 0
190
(4, 3, 1)
2
(43, 30)
-> Request 1
705
(3, 1, 2)
1
(62, 76)
--> Day : 2
-> Request 0
693
(4, 2, 1)
2
(44, 37)
--> Day : 3
-> Request 0
183
(1, 2, 2)
1
(54, 68)
-> Request 1
659
(4, 3, 2)
2
(66, 78)
-> Request 2
944
(4, 2, 2)
1
(61, 39)
-> Request 3
1031
(3, 3, 1)
2
(51, 29)
--> Day : 4
-> Request 0
548
(2, 2, 2)
3
(62, 76)
-> Request 1
1221
(1, 2, 1)
1
(51, 30)
---> Week : 77
--> Day : 0
-> Request 0
143
(4, 3, 2)
3
(62, 75)
--> Day : 1
-> Request 0
276
(4, 2, 1)
3
(57, 43)
-> Request 1
467
(3, 2, 2)
2
(66, 76)
-> Request 2
550
(4, 2, 2)
1
(58, 28)
-> Request 3
1218
(2, 3, 1)
2
(57, 69)
--> Day : 2
-> Request 0
175
(4, 2, 2)
2
(57, 68)
-> Request 1
1200
(1, 2, 2)
1
(51, 41)
--> Day : 3
-> Request 0
27
(2, 2, 2)
3
(57, 32)
-> Request 1
174
(4, 1, 2)
3
(8, 24)
-> Request 2
361
(2, 2, 1)
2
(56, 65)
-> Request 3
486
(1, 2, 2)
2
(65, 73)
-> Request 4
688
(3, 2, 2)
3
(60, 28)
-> Request 5
803
(1, 3, 2)
2
(52, 45)
-> Request 6
1194
(2, 3, 1)
3
(59, 75)
-> Request 7
1375
(1, 1, 2)
1
(60, 74)
--> Day : 4
-> Request 0
838
(4, 1, 2)
2
(62, 35)
---> Week : 78
--> Day : 0
-> Request 0
1060
(2, 1, 1)
3
(48, 37)
--> Day : 1
-> Request 0
478
(4, 2, 2)
1
(47, 31)
-> Request 1
719
(3, 1, 1)
2
(51, 44)
-> Request 2
883
(3, 1, 2)
1
(9, 29)
-> Request 3
978
(3, 3, 1)
1
(53, 70)
-> Request 4
980
(3, 1, 1)
2
(15, 23)
-> Request 5
1279
(4, 1, 1)
2
(58, 41)
--> Day : 2
-> Request 0
760
(2, 3, 2)
2
(15, 22)
--> Day : 3
-> Request 0
226
(4, 3, 1)
1
(55, 32)
-> Request 1
774
(3, 1, 1)
1
(53, 41)
-> Request 2
781
(1, 3, 2)
3
(47, 36)
-> Request 3
1366
(1, 2, 1)
1
(61, 30)
--> Day : 4
-> Request 0
199
(4, 3, 1)
3
(60, 38)
-> Request 1
409
(3, 2, 2)
2
(55, 41)
-> Request 2
843
(2, 1, 2)
2
(62, 39)
-> Request 3
1009
(1, 2, 2)
1
(47, 33)
-> Request 4
1097
(4, 1, 1)
2
(55, 44)
-> Request 5
1255
(4, 2, 1)
1
(59, 66)
---> Week : 79
--> Day : 0
-> Request 0
121
(1, 1, 1)
1
(43, 44)
-> Request 1
183
(3, 1, 2)
3
(11, 23)
-> Request 2
216
(4, 1, 2)
3
(53, 44)
-> Request 3
450
(4, 2, 2)
2
(47, 29)
-> Request 4
509
(4, 2, 1)
3
(59, 67)
-> Request 5
1020
(4, 3, 1)
1
(55, 34)
--> Day : 1
-> Request 0
104
(4, 1, 1)
2
(50, 40)
-> Request 1
141
(1, 2, 1)
2
(49, 29)
-> Request 2
418
(3, 2, 2)
1
(52, 78)
-> Request 3
514
(1, 2, 2)
2
(43, 35)
-> Request 4
770
(1, 2, 1)
3
(56, 65)
-> Request 5
837
(3, 3, 2)
1
(60, 38)
-> Request 6
1115
(1, 3, 2)
3
(53, 46)
-> Request 7
1138
(3, 1, 2)
3
(57, 70)
-> Request 8
1247
(2, 1, 1)
1
(14, 28)
--> Day : 2
-> Request 0
185
(3, 2, 2)
2
(11, 29)
-> Request 1
295
(3, 3, 1)
2
(66, 72)
-> Request 2
451
(2, 2, 2)
3
(17, 29)
-> Request 3
917
(3, 3, 1)
3
(43, 38)
-> Request 4
946
(3, 1, 2)
1
(55, 65)
-> Request 5
959
(3, 3, 2)
3
(55, 28)
-> Request 6
1168
(3, 2, 1)
2
(57, 33)
-> Request 7
1383
(4, 3, 1)
3
(48, 45)
--> Day : 3
-> Request 0
44
(1, 1, 1)
2
(53, 37)
-> Request 1
474
(3, 3, 2)
1
(45, 42)
-> Request 2
522
(1, 1, 1)
2
(56, 72)
-> Request 3
943
(3, 1, 2)
2
(53, 35)
-> Request 4
1034
(2, 2, 2)
3
(52, 74)
-> Request 5
1132
(4, 1, 1)
3
(51, 28)
--> Day : 4
-> Request 0
483
(1, 1, 1)
3
(8, 25)
-> Request 1
965
(2, 1, 1)
3
(46, 31)
-> Request 2
1152
(2, 3, 2)
1
(53, 43)
---> Week : 80
--> Day : 0
-> Request 0
739
(2, 1, 2)
3
(62, 36)
-> Request 1
951
(4, 3, 2)
3
(65, 66)
--> Day : 1
-> Request 0
20
(1, 3, 2)
2
(55, 69)
-> Request 1
387
(3, 3, 2)
2
(66, 74)
-> Request 2
677
(3, 3, 1)
1
(12, 23)
-> Request 3
1274
(4, 1, 2)
3
(17, 23)
--> Day : 2
-> Request 0
471
(4, 1, 1)
1
(44, 44)
-> Request 1
500
(3, 1, 2)
1
(43, 44)
-> Request 2
685
(3, 1, 2)
2
(47, 31)
-> Request 3
998
(3, 2, 1)
1
(56, 40)
-> Request 4
1097
(3, 1, 1)
3
(56, 66)
--> Day : 3
-> Request 0
507
(2, 1, 2)
3
(11, 25)
-> Request 1
888
(1, 3, 1)
3
(16, 23)
-> Request 2
1078
(3, 1, 2)
2
(59, 68)
--> Day : 4
-> Request 0
27
(2, 2, 1)
3
(14, 25)
-> Request 1
652
(4, 2, 1)
2
(58, 68)
-> Request 2
763
(2, 2, 1)
1
(43, 43)
-> Request 3
1329
(3, 3, 2)
3
(9, 22)
---> Week : 81
--> Day : 0
-> Request 0
97
(4, 3, 2)
2
(52, 31)
-> Request 1
142
(3, 1, 1)
3
(56, 68)
-> Request 2
662
(4, 1, 1)
1
(54, 30)
-> Request 3
1015
(4, 1, 2)
3
(46, 32)
-> Request 4
1415
(4, 2, 1)
1
(59, 42)
--> Day : 1
-> Request 0
71
(4, 3, 2)
1
(45, 39)
-> Request 1
751
(4, 2, 1)
1
(13, 29)
-> Request 2
1340
(4, 3, 2)
2
(62, 36)
-> Request 3
1350
(4, 3, 2)
2
(52, 66)
-> Request 4
1390
(3, 3, 2)
3
(56, 39)
--> Day : 2
-> Request 0
258
(3, 1, 2)
3
(9, 22)
-> Request 1
636
(4, 2, 2)
2
(63, 76)
-> Request 2
770
(1, 3, 1)
3
(60, 27)
-> Request 3
1301
(2, 2, 2)
3
(43, 40)
--> Day : 3
-> Request 0
276
(2, 3, 2)
1
(44, 35)
-> Request 1
486
(2, 1, 2)
3
(49, 45)
-> Request 2
765
(1, 3, 2)
3
(43, 44)
-> Request 3
1220
(2, 1, 1)
1
(13, 24)
-> Request 4
1308
(3, 3, 2)
3
(10, 22)
-> Request 5
1374
(2, 3, 2)
1
(59, 46)
--> Day : 4
-> Request 0
439
(3, 1, 2)
3
(66, 75)
-> Request 1
1246
(1, 2, 2)
2
(57, 77)
---> Week : 82
--> Day : 0
-> Request 0
630
(2, 1, 2)
3
(60, 40)
-> Request 1
793
(2, 2, 2)
2
(52, 42)
-> Request 2
873
(4, 3, 1)
1
(57, 67)
-> Request 3
1015
(4, 2, 2)
3
(8, 21)
-> Request 4
1054
(2, 2, 2)
3
(50, 40)
--> Day : 1
-> Request 0
178
(3, 2, 1)
1
(50, 44)
-> Request 1
677
(4, 2, 2)
1
(54, 38)
-> Request 2
1013
(2, 2, 2)
3
(50, 39)
-> Request 3
1223
(3, 1, 1)
2
(61, 33)
--> Day : 2
-> Request 0
105
(2, 3, 1)
3
(57, 36)
-> Request 1
371
(1, 3, 2)
2
(57, 64)
-> Request 2
419
(2, 1, 1)
1
(43, 39)
-> Request 3
844
(1, 1, 1)
1
(60, 33)
-> Request 4
1277
(3, 1, 1)
2
(58, 36)
-> Request 5
1321
(1, 3, 2)
2
(8, 23)
-> Request 6
1432
(4, 2, 2)
1
(8, 27)
--> Day : 3
-> Request 0
169
(2, 1, 1)
1
(47, 31)
-> Request 1
327
(4, 2, 1)
1
(47, 46)
-> Request 2
390
(3, 3, 2)
2
(60, 46)
-> Request 3
390
(4, 3, 2)
2
(63, 66)
-> Request 4
453
(3, 2, 2)
1
(53, 71)
-> Request 5
480
(1, 1, 1)
3
(46, 34)
-> Request 6
1048
(2, 1, 1)
1
(9, 29)
-> Request 7
1417
(3, 3, 2)
3
(62, 39)
--> Day : 4
-> Request 0
102
(1, 3, 2)
3
(12, 29)
-> Request 1
112
(3, 1, 1)
1
(44, 29)
-> Request 2
198
(4, 1, 2)
3
(62, 77)
-> Request 3
300
(3, 1, 1)
2
(52, 77)
-> Request 4
947
(3, 1, 1)
1
(55, 30)
-> Request 5
1011
(1, 3, 1)
2
(55, 32)
-> Request 6
1019
(3, 3, 2)
3
(58, 70)
---> Week : 83
--> Day : 0
-> Request 0
30
(3, 1, 2)
2
(55, 31)
-> Request 1
52
(3, 2, 1)
1
(49, 46)
-> Request 2
220
(1, 3, 2)
2
(66, 72)
-> Request 3
793
(3, 3, 2)
3
(55, 74)
-> Request 4
1046
(3, 3, 1)
2
(53, 71)
-> Request 5
1195
(1, 2, 1)
3
(60, 46)
--> Day : 1
-> Request 0
320
(2, 2, 2)
3
(8, 26)
-> Request 1
371
(2, 2, 1)
1
(49, 37)
-> Request 2
533
(1, 1, 1)
2
(64, 70)
-> Request 3
607
(3, 2, 2)
1
(45, 38)
-> Request 4
1330
(2, 2, 2)
2
(62, 71)
--> Day : 2
-> Request 0
260
(2, 2, 1)
3
(10, 28)
-> Request 1
572
(3, 3, 2)
2
(61, 68)
-> Request 2
655
(3, 3, 1)
2
(63, 64)
-> Request 3
684
(4, 1, 2)
2
(58, 69)
-> Request 4
1080
(2, 3, 2)
2
(53, 72)
--> Day : 3
-> Request 0
5
(3, 1, 1)
2
(66, 67)
-> Request 1
69
(4, 2, 1)
2
(52, 32)
-> Request 2
531
(3, 1, 1)
2
(52, 42)
-> Request 3
553
(1, 1, 2)
3
(55, 45)
-> Request 4
1102
(2, 2, 1)
1
(62, 36)
--> Day : 4
-> Request 0
10
(2, 1, 2)
2
(57, 28)
-> Request 1
360
(3, 3, 2)
2
(46, 32)
-> Request 2
474
(2, 1, 1)
1
(49, 44)
-> Request 3
597
(3, 1, 1)
2
(58, 30)
-> Request 4
1010
(2, 3, 2)
1
(57, 27)
-> Request 5
1072
(1, 1, 1)
3
(62, 64)
---> Week : 84
--> Day : 0
-> Request 0
170
(2, 3, 2)
2
(65, 76)
-> Request 1
586
(2, 2, 1)
1
(66, 70)
-> Request 2
622
(3, 1, 1)
1
(51, 37)
-> Request 3
841
(4, 3, 2)
3
(17, 22)
-> Request 4
1016
(4, 1, 2)
1
(17, 28)
-> Request 5
1038
(1, 1, 1)
1
(9, 23)
--> Day : 1
-> Request 0
32
(1, 1, 1)
3
(53, 76)
-> Request 1
105
(1, 3, 2)
1
(62, 72)
-> Request 2
109
(3, 3, 1)
1
(59, 43)
-> Request 3
140
(2, 3, 2)
1
(65, 76)
-> Request 4
496
(3, 3, 2)
2
(58, 32)
-> Request 5
529
(3, 2, 1)
2
(60, 76)
-> Request 6
733
(1, 1, 2)
1
(61, 28)
-> Request 7
1332
(2, 2, 2)
3
(50, 37)
--> Day : 2
-> Request 0
540
(4, 2, 2)
2
(64, 74)
-> Request 1
926
(4, 2, 2)
1
(58, 77)
--> Day : 3
-> Request 0
571
(4, 3, 1)
2
(60, 27)
-> Request 1
586
(2, 1, 1)
1
(66, 77)
-> Request 2
612
(3, 2, 2)
3
(49, 46)
-> Request 3
897
(4, 3, 2)
2
(45, 46)
-> Request 4
1114
(3, 3, 1)
2
(58, 37)
-> Request 5
1217
(4, 1, 1)
1
(62, 65)
--> Day : 4
-> Request 0
173
(2, 3, 1)
3
(60, 65)
-> Request 1
475
(1, 2, 2)
3
(55, 30)
-> Request 2
1019
(3, 2, 1)
1
(9, 20)
-> Request 3
1367
(3, 3, 2)
2
(58, 35)
---> Week : 85
--> Day : 0
-> Request 0
90
(1, 1, 1)
2
(14, 22)
-> Request 1
315
(4, 3, 2)
1
(60, 38)
-> Request 2
780
(1, 1, 2)
1
(56, 38)
-> Request 3
866
(1, 3, 2)
1
(11, 20)
--> Day : 1
-> Request 0
98
(1, 1, 1)
2
(48, 34)
-> Request 1
492
(3, 3, 2)
2
(64, 72)
-> Request 2
1011
(3, 1, 1)
1
(60, 64)
-> Request 3
1400
(3, 3, 2)
2
(55, 38)
--> Day : 2
--> Day : 3
-> Request 0
83
(3, 1, 2)
3
(59, 33)
-> Request 1
501
(1, 3, 1)
3
(43, 43)
-> Request 2
551
(1, 2, 1)
1
(55, 41)
-> Request 3
714
(2, 1, 2)
3
(53, 67)
-> Request 4
891
(3, 3, 2)
2
(43, 44)
--> Day : 4
-> Request 0
1153
(1, 1, 1)
3
(57, 39)
-> Request 1
1264
(2, 1, 1)
3
(43, 27)
-> Request 2
1354
(1, 2, 1)
1
(61, 71)
---> Week : 86
--> Day : 0
-> Request 0
300
(1, 3, 2)
2
(53, 66)
-> Request 1
618
(1, 3, 1)
2
(8, 27)
--> Day : 1
-> Request 0
25
(3, 1, 2)
2
(65, 77)
-> Request 1
1143
(3, 1, 2)
2
(43, 37)
-> Request 2
1274
(3, 1, 1)
1
(49, 42)
--> Day : 2
-> Request 0
1373
(1, 2, 1)
1
(10, 20)
--> Day : 3
-> Request 0
374
(1, 3, 1)
1
(53, 69)
-> Request 1
573
(1, 3, 1)
2
(44, 41)
-> Request 2
759
(2, 3, 2)
1
(10, 25)
-> Request 3
759
(2, 1, 1)
3
(57, 41)
-> Request 4
848
(3, 2, 2)
1
(58, 46)
--> Day : 4
-> Request 0
57
(1, 1, 1)
2
(10, 27)
-> Request 1
179
(3, 2, 2)
3
(62, 72)
-> Request 2
672
(2, 1, 2)
3
(61, 78)
-> Request 3
825
(1, 3, 1)
2
(64, 69)
-> Request 4
851
(2, 2, 1)
1
(59, 66)
-> Request 5
867
(4, 2, 2)
3
(60, 73)
-> Request 6
1374
(1, 3, 2)
3
(10, 21)
---> Week : 87
--> Day : 0
-> Request 0
173
(3, 3, 1)
3
(48, 28)
-> Request 1
235
(3, 3, 1)
1
(61, 44)
-> Request 2
504
(2, 3, 1)
3
(61, 69)
-> Request 3
706
(2, 2, 1)
2
(65, 67)
-> Request 4
823
(1, 3, 2)
2
(60, 38)
-> Request 5
908
(2, 1, 1)
1
(58, 46)
-> Request 6
997
(1, 1, 2)
3
(57, 44)
-> Request 7
1213
(4, 2, 1)
3
(45, 32)
--> Day : 1
-> Request 0
810
(3, 3, 2)
3
(8, 23)
-> Request 1
950
(4, 1, 2)
3
(54, 78)
-> Request 2
1323
(2, 2, 1)
2
(17, 23)
-> Request 3
1386
(2, 2, 1)
2
(46, 28)
--> Day : 2
-> Request 0
785
(2, 1, 1)
2
(65, 77)
--> Day : 3
-> Request 0
89
(2, 2, 1)
1
(44, 38)
-> Request 1
683
(3, 1, 1)
3
(47, 42)
-> Request 2
1116
(1, 2, 1)
1
(56, 38)
-> Request 3
1338
(4, 3, 2)
1
(59, 66)
--> Day : 4
-> Request 0
363
(4, 2, 1)
3
(14, 23)
-> Request 1
417
(2, 1, 1)
3
(57, 67)
-> Request 2
466
(3, 2, 2)
2
(60, 43)
-> Request 3
1005
(1, 2, 1)
3
(56, 64)
-> Request 4
1091
(2, 2, 1)
3
(60, 44)
-> Request 5
1311
(2, 3, 1)
1
(57, 36)
---> Week : 88
--> Day : 0
-> Request 0
148
(1, 1, 2)
3
(17, 26)
-> Request 1
348
(3, 1, 2)
2
(56, 73)
-> Request 2
807
(2, 1, 2)
1
(59, 69)
--> Day : 1
-> Request 0
104
(2, 1, 1)
2
(54, 44)
-> Request 1
1279
(2, 2, 1)
1
(43, 44)
--> Day : 2
-> Request 0
440
(2, 1, 2)
3
(45, 31)
-> Request 1
804
(1, 1, 2)
3
(55, 65)
-> Request 2
987
(1, 3, 2)
2
(52, 44)
-> Request 3
991
(4, 2, 2)
3
(55, 30)
--> Day : 3
-> Request 0
123
(3, 1, 1)
3
(17, 26)
-> Request 1
140
(4, 1, 2)
2
(62, 34)
-> Request 2
490
(1, 2, 1)
2
(55, 29)
-> Request 3
596
(1, 1, 1)
1
(43, 40)
--> Day : 4
-> Request 0
669
(4, 1, 1)
2
(49, 46)
-> Request 1
964
(1, 1, 2)
2
(44, 34)
-> Request 2
1047
(2, 3, 2)
2
(59, 76)
-> Request 3
1328
(2, 2, 2)
1
(64, 67)
-> Request 4
1375
(1, 3, 1)
2
(48, 28)
-> Request 5
1421
(2, 1, 2)
3
(49, 39)
---> Week : 89
--> Day : 0
-> Request 0
689
(3, 2, 2)
2
(62, 68)
-> Request 1
853
(3, 3, 2)
2
(56, 72)
--> Day : 1
-> Request 0
16
(4, 1, 2)
1
(55, 28)
-> Request 1
1200
(3, 2, 2)
3
(65, 72)
-> Request 2
1377
(1, 2, 2)
1
(53, 76)
-> Request 3
1396
(2, 3, 2)
3
(49, 36)
--> Day : 2
-> Request 0
1124
(1, 2, 2)
3
(47, 41)
-> Request 1
1169
(4, 3, 1)
2
(49, 34)
--> Day : 3
-> Request 0
413
(1, 2, 2)
1
(44, 38)
-> Request 1
687
(1, 2, 2)
1
(60, 33)
-> Request 2
806
(1, 3, 2)
3
(48, 29)
-> Request 3
877
(4, 1, 2)
1
(63, 71)
-> Request 4
1184
(2, 3, 2)
2
(45, 30)
-> Request 5
1256
(1, 3, 1)
1
(61, 29)
--> Day : 4
-> Request 0
67
(4, 3, 2)
3
(60, 44)
-> Request 1
557
(4, 2, 1)
1
(16, 22)
-> Request 2
1385
(1, 3, 1)
3
(52, 66)
---> Week : 90
--> Day : 0
-> Request 0
922
(3, 1, 1)
2
(59, 70)
-> Request 1
1264
(2, 3, 2)
1
(53, 71)
-> Request 2
1406
(1, 1, 2)
1
(15, 27)
--> Day : 1
-> Request 0
41
(2, 1, 1)
2
(56, 72)
-> Request 1
855
(4, 2, 2)
3
(12, 27)
-> Request 2
867
(2, 2, 2)
2
(17, 20)
-> Request 3
942
(3, 2, 2)
2
(56, 43)
-> Request 4
996
(1, 1, 2)
1
(45, 29)
-> Request 5
1003
(2, 2, 2)
1
(60, 31)
-> Request 6
1034
(1, 2, 1)
1
(63, 64)
--> Day : 2
-> Request 0
13
(1, 3, 2)
2
(53, 74)
-> Request 1
501
(3, 3, 1)
1
(61, 29)
-> Request 2
982
(2, 2, 2)
2
(60, 73)
--> Day : 3
-> Request 0
312
(1, 1, 2)
3
(51, 37)
-> Request 1
662
(4, 3, 2)
1
(62, 34)
-> Request 2
1005
(2, 1, 1)
3
(60, 29)
--> Day : 4
-> Request 0
370
(3, 1, 2)
2
(56, 65)
-> Request 1
716
(3, 1, 1)
3
(47, 29)
-> Request 2
788
(4, 2, 2)
3
(14, 21)
-> Request 3
1123
(4, 1, 2)
3
(17, 24)
-> Request 4
1123
(2, 1, 1)
2
(50, 29)
-> Request 5
1289
(1, 1, 2)
1
(59, 68)
---> Week : 91
--> Day : 0
-> Request 0
288
(2, 1, 2)
2
(46, 39)
-> Request 1
544
(4, 1, 2)
2
(48, 45)
-> Request 2
977
(4, 2, 1)
2
(9, 24)
-> Request 3
1365
(3, 1, 1)
2
(59, 27)
--> Day : 1
-> Request 0
48
(4, 1, 1)
1
(52, 37)
-> Request 1
253
(1, 2, 2)
3
(54, 41)
-> Request 2
600
(3, 1, 2)
3
(66, 66)
-> Request 3
880
(1, 3, 2)
1
(63, 75)
--> Day : 2
-> Request 0
225
(3, 3, 2)
2
(13, 25)
-> Request 1
419
(1, 1, 2)
3
(62, 65)
-> Request 2
710
(1, 3, 1)
2
(46, 45)
--> Day : 3
-> Request 0
245
(2, 2, 1)
3
(54, 43)
-> Request 1
523
(4, 2, 1)
3
(57, 33)
-> Request 2
1159
(1, 3, 2)
2
(54, 28)
--> Day : 4
-> Request 0
577
(4, 2, 2)
2
(59, 70)
-> Request 1
630
(2, 3, 1)
2
(44, 29)
-> Request 2
837
(2, 3, 2)
1
(53, 32)
---> Week : 92
--> Day : 0
-> Request 0
1107
(3, 3, 1)
3
(58, 37)
-> Request 1
1136
(1, 1, 1)
3
(57, 36)
-> Request 2
1164
(2, 3, 2)
3
(56, 43)
-> Request 3
1236
(4, 3, 1)
2
(58, 65)
--> Day : 1
-> Request 0
121
(4, 3, 2)
2
(50, 41)
-> Request 1
157
(4, 3, 2)
1
(56, 77)
-> Request 2
463
(4, 2, 1)
3
(8, 25)
-> Request 3
897
(1, 2, 1)
1
(56, 75)
-> Request 4
1171
(4, 2, 2)
1
(49, 31)
--> Day : 2
-> Request 0
733
(3, 1, 2)
2
(48, 36)
-> Request 1
893
(2, 1, 1)
1
(57, 32)
-> Request 2
1098
(3, 3, 1)
2
(16, 27)
--> Day : 3
-> Request 0
572
(2, 2, 1)
1
(46, 36)
-> Request 1
1320
(4, 2, 1)
3
(48, 41)
--> Day : 4
-> Request 0
1155
(1, 2, 1)
3
(57, 30)
-> Request 1
1202
(1, 2, 2)
2
(60, 64)
-> Request 2
1276
(4, 3, 2)
1
(49, 34)
---> Week : 93
--> Day : 0
-> Request 0
152
(1, 2, 1)
1
(43, 29)
-> Request 1
359
(3, 3, 1)
3
(53, 71)
-> Request 2
445
(1, 1, 2)
3
(53, 40)
-> Request 3
554
(1, 3, 1)
3
(52, 34)
-> Request 4
614
(1, 3, 2)
1
(15, 21)
--> Day : 1
-> Request 0
554
(1, 2, 1)
1
(58, 67)
-> Request 1
1056
(1, 3, 2)
2
(52, 69)
--> Day : 2
-> Request 0
372
(3, 2, 2)
3
(61, 43)
-> Request 1
1036
(4, 1, 2)
3
(56, 36)
--> Day : 3
-> Request 0
267
(3, 3, 1)
2
(49, 35)
-> Request 1
675
(4, 3, 1)
3
(52, 44)
-> Request 2
993
(2, 1, 2)
3
(52, 77)
-> Request 3
995
(2, 3, 1)
3
(49, 36)
-> Request 4
1024
(4, 1, 1)
1
(58, 64)
-> Request 5
1312
(2, 2, 2)
1
(64, 68)
--> Day : 4
-> Request 0
51
(3, 3, 2)
1
(55, 32)
-> Request 1
272
(4, 2, 2)
1
(54, 74)
-> Request 2
1370
(1, 3, 1)
2
(58, 41)
-> Request 3
1404
(1, 1, 2)
2
(60, 76)
---> Week : 94
--> Day : 0
-> Request 0
172
(2, 1, 1)
2
(56, 41)
-> Request 1
481
(3, 2, 1)
1
(61, 41)
-> Request 2
1285
(2, 3, 2)
3
(60, 77)
-> Request 3
1318
(4, 2, 2)
1
(54, 29)
--> Day : 1
-> Request 0
686
(4, 2, 2)
3
(46, 29)
-> Request 1
769
(3, 2, 1)
2
(55, 77)
-> Request 2
881
(3, 3, 2)
2
(61, 75)
--> Day : 2
-> Request 0
72
(2, 3, 2)
2
(53, 34)
-> Request 1
485
(3, 2, 2)
2
(47, 38)
--> Day : 3
-> Request 0
870
(4, 1, 1)
1
(8, 21)
-> Request 1
1113
(4, 2, 1)
1
(46, 41)
-> Request 2
1146
(3, 2, 2)
2
(54, 45)
-> Request 3
1250
(4, 1, 2)
1
(12, 27)
--> Day : 4
-> Request 0
47
(4, 1, 1)
1
(58, 32)
-> Request 1
322
(3, 1, 1)
2
(61, 69)
-> Request 2
329
(2, 3, 2)
3
(59, 76)
-> Request 3
463
(1, 1, 1)
2
(10, 24)
-> Request 4
1227
(1, 2, 2)
3
(57, 27)
-> Request 5
1429
(1, 1, 2)
3
(59, 37)
---> Week : 95
--> Day : 0
-> Request 0
970
(2, 1, 2)
2
(55, 34)
--> Day : 1
-> Request 0
43
(3, 3, 1)
1
(52, 31)
-> Request 1
327
(1, 3, 2)
2
(43, 30)
-> Request 2
1211
(4, 3, 2)
1
(63, 71)
--> Day : 2
-> Request 0
409
(2, 1, 2)
1
(57, 74)
-> Request 1
1321
(1, 3, 1)
1
(61, 37)
--> Day : 3
-> Request 0
304
(3, 1, 1)
2
(53, 69)
-> Request 1
414
(2, 2, 1)
1
(61, 66)
-> Request 2
1087
(4, 3, 2)
2
(44, 44)
--> Day : 4
-> Request 0
160
(3, 3, 1)
1
(47, 42)
-> Request 1
772
(3, 1, 1)
2
(43, 29)
-> Request 2
841
(1, 1, 2)
1
(11, 23)
---> Week : 96
--> Day : 0
-> Request 0
310
(3, 2, 2)
2
(55, 69)
-> Request 1
1112
(3, 2, 2)
3
(57, 67)
--> Day : 1
-> Request 0
268
(4, 2, 2)
1
(52, 65)
-> Request 1
682
(3, 1, 2)
3
(58, 45)
-> Request 2
690
(2, 2, 1)
2
(11, 24)
-> Request 3
796
(1, 3, 2)
3
(9, 29)
-> Request 4
803
(1, 3, 2)
2
(56, 64)
--> Day : 2
-> Request 0
113
(2, 2, 2)
3
(55, 41)
-> Request 1
200
(2, 3, 2)
2
(45, 29)
-> Request 2
331
(2, 2, 2)
1
(46, 38)
-> Request 3
663
(2, 3, 2)
2
(17, 25)
-> Request 4
833
(2, 1, 1)
3
(59, 38)
--> Day : 3
-> Request 0
225
(4, 3, 2)
1
(53, 32)
-> Request 1
559
(1, 1, 1)
2
(48, 46)
-> Request 2
714
(2, 2, 1)
3
(65, 64)
-> Request 3
1195
(2, 3, 1)
1
(12, 25)
--> Day : 4
-> Request 0
53
(1, 2, 1)
1
(52, 75)
-> Request 1
345
(3, 3, 2)
1
(56, 65)
-> Request 2
1366
(3, 1, 1)
2
(43, 34)
-> Request 3
1427
(4, 2, 2)
2
(55, 68)
---> Week : 97
--> Day : 0
-> Request 0
28
(1, 2, 1)
2
(57, 74)
-> Request 1
57
(3, 1, 1)
3
(60, 64)
-> Request 2
1015
(1, 1, 2)
1
(64, 66)
-> Request 3
1024
(3, 2, 1)
3
(63, 72)
-> Request 4
1124
(1, 3, 2)
1
(61, 38)
--> Day : 1
-> Request 0
35
(3, 1, 1)
3
(56, 77)
-> Request 1
956
(4, 2, 2)
3
(43, 45)
-> Request 2
1388
(1, 2, 2)
1
(52, 41)
--> Day : 2
-> Request 0
492
(3, 2, 1)
2
(66, 67)
-> Request 1
587
(3, 1, 1)
2
(50, 42)
-> Request 2
652
(2, 3, 2)
2
(59, 34)
-> Request 3
928
(2, 3, 1)
2
(45, 29)
-> Request 4
936
(4, 1, 1)
3
(60, 68)
-> Request 5
1026
(1, 1, 2)
2
(62, 78)
-> Request 6
1384
(2, 1, 1)
3
(53, 43)
-> Request 7
1387
(1, 3, 2)
3
(65, 66)
--> Day : 3
-> Request 0
388
(4, 3, 2)
1
(56, 69)
-> Request 1
1172
(3, 2, 1)
3
(57, 71)
-> Request 2
1330
(2, 2, 2)
2
(58, 38)
--> Day : 4
-> Request 0
102
(2, 3, 2)
2
(53, 68)
-> Request 1
1069
(4, 3, 1)
3
(62, 43)
---> Week : 98
--> Day : 0
-> Request 0
62
(3, 3, 1)
3
(60, 77)
-> Request 1
408
(3, 3, 2)
3
(57, 46)
-> Request 2
940
(1, 2, 2)
2
(17, 25)
-> Request 3
1128
(3, 3, 2)
1
(59, 28)
--> Day : 1
-> Request 0
323
(4, 3, 1)
1
(15, 25)
-> Request 1
1023
(1, 2, 1)
3
(57, 41)
-> Request 2
1044
(1, 1, 1)
3
(17, 23)
-> Request 3
1148
(4, 2, 1)
3
(9, 21)
-> Request 4
1325
(2, 1, 1)
3
(46, 32)
--> Day : 2
-> Request 0
565
(1, 2, 1)
3
(47, 29)
-> Request 1
1256
(3, 2, 1)
2
(55, 38)
-> Request 2
1303
(1, 3, 1)
2
(59, 38)
--> Day : 3
-> Request 0
159
(4, 3, 2)
2
(11, 21)
-> Request 1
225
(2, 1, 1)
3
(54, 70)
-> Request 2
397
(4, 2, 2)
3
(65, 64)
-> Request 3
1053
(3, 1, 2)
1
(17, 20)
-> Request 4
1117
(4, 3, 1)
2
(16, 25)
--> Day : 4
-> Request 0
132
(1, 1, 1)
1
(45, 32)
-> Request 1
377
(3, 3, 1)
3
(59, 39)
-> Request 2
729
(1, 3, 1)
3
(55, 40)
-> Request 3
808
(3, 2, 1)
2
(46, 27)
-> Request 4
1220
(4, 2, 2)
2
(52, 45)
---> Week : 99
--> Day : 0
-> Request 0
434
(1, 1, 2)
1
(49, 44)
-> Request 1
1250
(4, 1, 2)
3
(44, 29)
--> Day : 1
-> Request 0
686
(3, 3, 2)
2
(54, 43)
-> Request 1
801
(3, 1, 1)
2
(13, 26)
--> Day : 2
-> Request 0
25
(4, 2, 2)
3
(56, 43)
-> Request 1
54
(4, 2, 2)
3
(56, 77)
-> Request 2
254
(4, 2, 1)
1
(61, 69)
-> Request 3
577
(2, 2, 1)
3
(14, 20)
-> Request 4
616
(2, 3, 1)
2
(55, 75)
-> Request 5
863
(1, 3, 2)
3
(51, 39)
--> Day : 3
-> Request 0
543
(3, 1, 1)
2
(16, 23)
-> Request 1
1002
(1, 3, 2)
3
(48, 41)
-> Request 2
1119
(4, 1, 2)
3
(54, 42)
--> Day : 4
-> Request 0
146
(3, 2, 2)
2
(11, 22)
-> Request 1
150
(4, 3, 1)
2
(48, 31)
-> Request 2
1017
(3, 1, 2)
1
(51, 31)
---> Week : 100
--> Day : 0
-> Request 0
26
(3, 3, 2)
3
(60, 32)
-> Request 1
665
(4, 3, 2)
3
(62, 68)
-> Request 2
1111
(2, 2, 1)
1
(13, 28)
-> Request 3
1148
(4, 2, 1)
2
(66, 69)
-> Request 4
1407
(4, 2, 1)
3
(57, 71)
--> Day : 1
-> Request 0
353
(1, 1, 2)
3
(46, 36)
-> Request 1
363
(4, 2, 1)
2
(43, 28)
-> Request 2
789
(3, 2, 1)
1
(50, 41)
-> Request 3
1269
(1, 3, 1)
2
(54, 33)
-> Request 4
1307
(1, 3, 2)
2
(57, 44)
--> Day : 2
-> Request 0
152
(1, 3, 1)
2
(50, 33)
-> Request 1
625
(2, 2, 2)
1
(46, 35)
-> Request 2
1227
(2, 1, 2)
1
(53, 43)
-> Request 3
1292
(1, 3, 1)
1
(51, 36)
--> Day : 3
-> Request 0
153
(3, 2, 2)
1
(11, 25)
-> Request 1
489
(1, 1, 1)
1
(51, 29)
-> Request 2
707
(3, 2, 2)
3
(52, 30)
--> Day : 4
-> Request 0
943
(3, 2, 1)
1
(51, 46)
---> Week : 101
--> Day : 0
-> Request 0
116
(4, 3, 1)
2
(17, 27)
-> Request 1
184
(4, 3, 2)
1
(16, 24)
-> Request 2
338
(2, 2, 2)
2
(16, 20)
-> Request 3
898
(3, 2, 1)
1
(51, 28)
--> Day : 1
-> Request 0
477
(2, 2, 1)
1
(49, 30)
-> Request 1
493
(4, 3, 1)
1
(62, 64)
-> Request 2
552
(3, 2, 1)
1
(53, 32)
-> Request 3
581
(3, 2, 2)
2
(16, 20)
-> Request 4
691
(2, 3, 2)
3
(11, 28)
--> Day : 2
-> Request 0
25
(1, 2, 2)
3
(52, 67)
-> Request 1
1103
(3, 2, 1)
2
(56, 41)
--> Day : 3
-> Request 0
115
(3, 3, 2)
1
(43, 30)
-> Request 1
718
(2, 3, 1)
2
(59, 64)
-> Request 2
766
(4, 1, 2)
2
(62, 35)
--> Day : 4
-> Request 0
123
(3, 3, 2)
2
(15, 24)
-> Request 1
284
(1, 2, 2)
3
(55, 29)
-> Request 2
359
(2, 2, 2)
1
(46, 28)
-> Request 3
1107
(4, 2, 2)
1
(61, 40)
-> Request 4
1160
(1, 3, 2)
1
(65, 75)
---> Week : 102
--> Day : 0
-> Request 0
307
(4, 2, 1)
1
(61, 69)
-> Request 1
508
(1, 2, 1)
3
(62, 66)
-> Request 2
809
(3, 1, 1)
3
(53, 67)
-> Request 3
862
(3, 2, 2)
2
(10, 25)
-> Request 4
1137
(3, 3, 2)
1
(62, 72)
-> Request 5
1385
(2, 3, 1)
3
(53, 68)
--> Day : 1
-> Request 0
78
(3, 3, 2)
1
(10, 21)
-> Request 1
554
(3, 2, 2)
2
(61, 35)
-> Request 2
674
(3, 2, 1)
3
(17, 28)
-> Request 3
865
(3, 1, 1)
3
(43, 35)
-> Request 4
888
(4, 1, 1)
2
(60, 33)
-> Request 5
955
(1, 3, 2)
1
(56, 71)
-> Request 6
1248
(2, 2, 1)
2
(12, 24)
--> Day : 2
-> Request 0
186
(2, 2, 2)
1
(53, 32)
-> Request 1
455
(1, 1, 2)
3
(51, 31)
-> Request 2
615
(3, 3, 2)
2
(63, 76)
-> Request 3
893
(1, 1, 1)
2
(8, 24)
-> Request 4
1334
(4, 1, 2)
3
(52, 76)
--> Day : 3
-> Request 0
156
(3, 1, 2)
2
(58, 65)
-> Request 1
355
(1, 3, 2)
1
(62, 66)
-> Request 2
936
(2, 3, 2)
3
(43, 32)
-> Request 3
1161
(4, 2, 2)
2
(58, 33)
--> Day : 4
-> Request 0
888
(4, 3, 2)
1
(61, 46)
-> Request 1
984
(4, 1, 2)
3
(58, 37)
-> Request 2
1318
(1, 1, 2)
3
(61, 31)
-> Request 3
1427
(2, 3, 1)
2
(46, 41)
---> Week : 103
--> Day : 0
-> Request 0
803
(2, 3, 1)
1
(55, 30)
-> Request 1
1021
(3, 2, 1)
1
(14, 20)
-> Request 2
1373
(4, 3, 2)
3
(58, 65)
--> Day : 1
-> Request 0
68
(4, 1, 2)
2
(46, 43)
-> Request 1
145
(3, 2, 1)
1
(16, 26)
-> Request 2
225
(1, 3, 2)
3
(58, 74)
-> Request 3
894
(2, 2, 2)
1
(52, 75)
-> Request 4
1082
(2, 3, 1)
1
(55, 69)
-> Request 5
1295
(1, 1, 1)
3
(43, 29)
--> Day : 2
-> Request 0
1042
(4, 2, 2)
1
(54, 31)
--> Day : 3
-> Request 0
46
(2, 1, 1)
2
(63, 72)
-> Request 1
71
(3, 2, 1)
1
(44, 35)
-> Request 2
464
(2, 3, 2)
3
(46, 34)
-> Request 3
577
(3, 3, 2)
2
(54, 31)
-> Request 4
932
(1, 1, 1)
2
(52, 41)
-> Request 5
988
(3, 2, 1)
2
(16, 26)
--> Day : 4
-> Request 0
404
(2, 2, 1)
3
(15, 28)
-> Request 1
665
(4, 2, 1)
1
(55, 65)
-> Request 2
842
(1, 2, 2)
3
(49, 36)
---> Week : 104
--> Day : 0
-> Request 0
539
(4, 1, 2)
1
(44, 44)
-> Request 1
640
(2, 1, 2)
1
(50, 33)
-> Request 2
1408
(3, 2, 1)
2
(12, 29)
--> Day : 1
-> Request 0
19
(2, 2, 1)
2
(54, 31)
-> Request 1
171
(1, 2, 2)
3
(58, 32)
-> Request 2
295
(4, 3, 2)
1
(53, 71)
-> Request 3
437
(1, 1, 1)
3
(13, 28)
-> Request 4
638
(3, 2, 1)
3
(62, 66)
-> Request 5
890
(4, 1, 1)
1
(48, 38)
-> Request 6
1037
(3, 3, 1)
3
(57, 76)
-> Request 7
1252
(1, 1, 1)
2
(62, 37)
-> Request 8
1386
(2, 2, 2)
3
(56, 66)
--> Day : 2
-> Request 0
674
(2, 1, 1)
3
(49, 42)
-> Request 1
1313
(4, 3, 2)
1
(55, 39)
--> Day : 3
-> Request 0
275
(4, 3, 2)
1
(12, 27)
-> Request 1
1079
(4, 2, 1)
3
(53, 36)
-> Request 2
1083
(2, 3, 2)
1
(62, 43)
-> Request 3
1263
(2, 3, 1)
1
(52, 77)
--> Day : 4
-> Request 0
112
(2, 1, 1)
1
(61, 78)
-> Request 1
793
(1, 2, 1)
3
(57, 40)
-> Request 2
940
(2, 2, 1)
3
(47, 34)
-> Request 3
1219
(1, 2, 2)
1
(60, 43)
---> Week : 105
--> Day : 0
-> Request 0
1224
(3, 3, 2)
1
(14, 27)
-> Request 1
1371
(3, 3, 2)
1
(10, 26)
--> Day : 1
-> Request 0
502
(1, 1, 1)
1
(55, 73)
--> Day : 2
-> Request 0
382
(1, 3, 2)
1
(46, 27)
-> Request 1
930
(1, 1, 1)
2
(51, 34)
-> Request 2
995
(4, 3, 1)
3
(61, 31)
-> Request 3
1043
(1, 1, 1)
3
(54, 32)
-> Request 4
1348
(2, 1, 2)
1
(64, 71)
-> Request 5
1410
(1, 2, 1)
2
(54, 30)
--> Day : 3
-> Request 0
929
(4, 2, 1)
1
(46, 38)
-> Request 1
1050
(1, 1, 1)
1
(47, 46)
-> Request 2
1139
(3, 2, 2)
1
(47, 43)
-> Request 3
1331
(1, 3, 2)
2
(59, 27)
--> Day : 4
-> Request 0
267
(3, 2, 1)
1
(54, 78)
-> Request 1
510
(3, 1, 1)
3
(58, 67)
-> Request 2
570
(2, 1, 1)
3
(55, 29)
-> Request 3
670
(1, 2, 1)
3
(61, 30)
-> Request 4
1099
(3, 2, 1)
1
(51, 41)
-> Request 5
1370
(2, 2, 1)
3
(65, 72)
---> Week : 106
--> Day : 0
-> Request 0
172
(3, 3, 2)
2
(14, 22)
-> Request 1
1116
(1, 3, 2)
1
(58, 31)
--> Day : 1
-> Request 0
303
(1, 3, 1)
3
(17, 22)
-> Request 1
569
(2, 1, 1)
3
(61, 46)
-> Request 2
1082
(1, 3, 2)
1
(60, 45)
--> Day : 2
-> Request 0
477
(1, 1, 2)
2
(45, 34)
-> Request 1
627
(3, 1, 2)
2
(54, 38)
--> Day : 3
-> Request 0
36
(4, 3, 1)
2
(50, 28)
-> Request 1
165
(2, 2, 1)
1
(47, 27)
-> Request 2
308
(4, 2, 2)
1
(13, 27)
-> Request 3
676
(4, 1, 2)
2
(62, 72)
-> Request 4
920
(2, 1, 1)
1
(55, 31)
-> Request 5
978
(4, 1, 1)
3
(17, 20)
-> Request 6
997
(2, 1, 2)
2
(50, 33)
-> Request 7
1401
(1, 1, 2)
3
(54, 64)
--> Day : 4
-> Request 0
718
(1, 3, 1)
2
(44, 46)
-> Request 1
1120
(3, 1, 2)
3
(53, 36)
-> Request 2
1189
(3, 2, 2)
2
(52, 30)
-> Request 3
1282
(4, 2, 1)
3
(59, 72)
---> Week : 107
--> Day : 0
-> Request 0
169
(4, 2, 2)
1
(60, 41)
-> Request 1
608
(4, 2, 2)
2
(57, 66)
-> Request 2
946
(3, 3, 1)
1
(62, 65)
-> Request 3
964
(3, 3, 2)
2
(17, 25)
-> Request 4
1335
(4, 3, 2)
1
(59, 44)
--> Day : 1
-> Request 0
392
(2, 3, 1)
1
(56, 65)
-> Request 1
1071
(3, 3, 2)
1
(46, 39)
--> Day : 2
-> Request 0
213
(3, 2, 2)
1
(11, 25)
-> Request 1
246
(4, 1, 1)
1
(48, 42)
-> Request 2
530
(4, 3, 2)
2
(9, 24)
-> Request 3
1089
(1, 2, 2)
3
(55, 27)
--> Day : 3
-> Request 0
55
(1, 3, 2)
2
(9, 20)
-> Request 1
201
(1, 1, 2)
1
(60, 44)
-> Request 2
845
(4, 3, 1)
2
(54, 78)
-> Request 3
1095
(2, 3, 2)
3
(60, 40)
--> Day : 4
-> Request 0
169
(2, 3, 2)
2
(59, 28)
-> Request 1
244
(4, 1, 2)
3
(43, 44)
-> Request 2
331
(2, 1, 2)
2
(12, 20)
-> Request 3
781
(2, 2, 2)
1
(51, 30)
-> Request 4
796
(2, 2, 2)
3
(44, 40)
-> Request 5
855
(1, 1, 2)
3
(44, 45)
-> Request 6
863
(1, 3, 2)
1
(43, 32)
---> Week : 108
--> Day : 0
-> Request 0
59
(4, 3, 1)
3
(17, 21)
-> Request 1
472
(3, 3, 1)
3
(8, 29)
-> Request 2
1294
(2, 3, 1)
3
(55, 38)
-> Request 3
1296
(3, 3, 2)
1
(56, 32)
--> Day : 1
-> Request 0
523
(3, 3, 1)
3
(59, 38)
-> Request 1
919
(1, 1, 2)
1
(52, 42)
-> Request 2
1021
(3, 3, 2)
2
(45, 32)
-> Request 3
1067
(4, 1, 1)
1
(57, 39)
--> Day : 2
-> Request 0
376
(4, 1, 2)
1
(61, 77)
-> Request 1
875
(3, 2, 1)
2
(63, 67)
--> Day : 3
-> Request 0
802
(2, 3, 1)
3
(50, 37)
-> Request 1
980
(4, 3, 2)
2
(49, 28)
-> Request 2
1093
(1, 3, 2)
2
(56, 72)
-> Request 3
1205
(4, 1, 2)
1
(66, 76)
-> Request 4
1274
(3, 3, 2)
1
(65, 69)
--> Day : 4
-> Request 0
110
(2, 3, 1)
2
(44, 41)
-> Request 1
934
(2, 1, 1)
2
(58, 39)
-> Request 2
977
(1, 3, 2)
3
(16, 23)
---> Week : 109
--> Day : 0
-> Request 0
674
(1, 2, 2)
3
(57, 75)
--> Day : 1
-> Request 0
404
(2, 3, 1)
1
(66, 77)
-> Request 1
1061
(4, 1, 2)
3
(8, 28)
-> Request 2
1366
(4, 3, 1)
3
(15, 24)
--> Day : 2
-> Request 0
22
(1, 2, 2)
2
(14, 26)
-> Request 1
256
(4, 1, 2)
3
(56, 37)
-> Request 2
329
(3, 3, 1)
3
(57, 66)
-> Request 3
365
(4, 1, 1)
3
(13, 20)
-> Request 4
613
(2, 1, 1)
2
(56, 74)
-> Request 5
624
(2, 1, 2)
3
(46, 27)
-> Request 6
805
(3, 3, 2)
2
(50, 38)
-> Request 7
816
(3, 3, 2)
3
(54, 67)
-> Request 8
1161
(3, 1, 1)
2
(62, 41)
--> Day : 3
-> Request 0
184
(2, 2, 2)
1
(45, 44)
-> Request 1
630
(2, 2, 1)
3
(10, 27)
-> Request 2
706
(2, 3, 2)
1
(50, 31)
-> Request 3
751
(3, 3, 1)
2
(65, 64)
-> Request 4
1052
(1, 3, 2)
1
(62, 38)
-> Request 5
1439
(3, 1, 1)
2
(16, 23)
--> Day : 4
-> Request 0
196
(2, 1, 1)
1
(48, 31)
-> Request 1
430
(3, 1, 2)
1
(56, 36)
-> Request 2
1367
(4, 1, 2)
2
(66, 71)
---> Week : 110
--> Day : 0
-> Request 0
526
(2, 2, 1)
1
(56, 27)
-> Request 1
1035
(1, 3, 2)
1
(15, 23)
--> Day : 1
-> Request 0
352
(1, 2, 1)
3
(14, 28)
-> Request 1
431
(4, 3, 2)
2
(61, 76)
-> Request 2
500
(2, 2, 1)
2
(43, 40)
-> Request 3
840
(4, 2, 1)
2
(55, 33)
-> Request 4
871
(4, 2, 2)
1
(53, 71)
-> Request 5
1063
(3, 2, 1)
2
(57, 76)
-> Request 6
1120
(1, 2, 1)
1
(53, 75)
--> Day : 2
-> Request 0
182
(1, 3, 1)
1
(44, 31)
-> Request 1
199
(4, 1, 1)
2
(17, 20)
-> Request 2
873
(4, 3, 1)
1
(63, 64)
--> Day : 3
-> Request 0
244
(1, 1, 2)
1
(54, 74)
-> Request 1
389
(3, 1, 1)
3
(66, 71)
-> Request 2
455
(4, 2, 1)
1
(51, 38)
-> Request 3
778
(1, 2, 2)
3
(62, 38)
-> Request 4
940
(1, 1, 1)
2
(53, 32)
-> Request 5
1024
(3, 1, 2)
3
(59, 70)
-> Request 6
1108
(3, 2, 2)
3
(46, 40)
-> Request 7
1367
(1, 3, 2)
2
(64, 75)
--> Day : 4
-> Request 0
459
(2, 1, 1)
2
(52, 36)
-> Request 1
564
(3, 1, 2)
3
(11, 29)
-> Request 2
606
(1, 1, 2)
3
(52, 42)
-> Request 3
1016
(2, 2, 1)
2
(55, 46)
-> Request 4
1016
(2, 1, 2)
2
(57, 35)
-> Request 5
1040
(2, 2, 1)
2
(55, 73)
-> Request 6
1042
(4, 1, 1)
1
(54, 67)
-> Request 7
1054
(3, 1, 1)
3
(59, 45)
-> Request 8
1063
(1, 3, 1)
2
(45, 30)
---> Week : 111
--> Day : 0
-> Request 0
292
(3, 3, 2)
2
(46, 42)
-> Request 1
760
(2, 2, 1)
3
(64, 67)
-> Request 2
940
(4, 2, 2)
1
(47, 34)
-> Request 3
1392
(4, 3, 2)
1
(66, 66)
--> Day : 1
-> Request 0
17
(1, 3, 1)
3
(48, 38)
-> Request 1
304
(4, 2, 2)
2
(50, 42)
-> Request 2
1310
(3, 2, 2)
2
(62, 39)
-> Request 3
1346
(4, 3, 2)
2
(53, 45)
--> Day : 2
-> Request 0
270
(1, 3, 2)
1
(60, 72)
-> Request 1
431
(2, 2, 2)
3
(59, 72)
-> Request 2
712
(2, 3, 2)
2
(60, 30)
-> Request 3
816
(3, 2, 2)
2
(59, 44)
-> Request 4
1326
(1, 3, 2)
2
(11, 29)
-> Request 5
1374
(4, 3, 1)
3
(58, 35)
--> Day : 3
-> Request 0
238
(1, 1, 2)
3
(50, 33)
-> Request 1
362
(3, 2, 2)
3
(50, 37)
-> Request 2
505
(3, 3, 1)
2
(57, 67)
-> Request 3
869
(4, 1, 2)
1
(44, 33)
-> Request 4
1253
(1, 1, 2)
3
(53, 41)
-> Request 5
1300
(2, 2, 2)
3
(62, 42)
--> Day : 4
-> Request 0
193
(4, 3, 1)
2
(50, 28)
-> Request 1
546
(2, 2, 1)
1
(60, 74)
---> Week : 112
--> Day : 0
-> Request 0
468
(4, 3, 2)
3
(44, 41)
-> Request 1
941
(3, 2, 2)
1
(56, 71)
-> Request 2
958
(1, 2, 2)
1
(65, 65)
-> Request 3
1044
(1, 1, 1)
1
(53, 34)
-> Request 4
1227
(4, 1, 1)
1
(49, 39)
-> Request 5
1320
(4, 3, 1)
2
(64, 75)
--> Day : 1
-> Request 0
403
(2, 3, 2)
1
(43, 32)
-> Request 1
1413
(4, 1, 2)
2
(16, 20)
--> Day : 2
-> Request 0
377
(1, 1, 2)
2
(45, 28)
-> Request 1
542
(2, 1, 1)
3
(55, 28)
-> Request 2
663
(1, 3, 1)
1
(50, 31)
-> Request 3
809
(3, 1, 1)
2
(60, 72)
-> Request 4
930
(3, 2, 2)
3
(52, 73)
-> Request 5
1060
(3, 2, 1)
3
(48, 28)
-> Request 6
1089
(2, 2, 2)
2
(55, 71)
-> Request 7
1217
(4, 3, 2)
2
(53, 74)
-> Request 8
1387
(3, 1, 2)
3
(56, 38)
-> Request 9
1403
(1, 1, 2)
1
(15, 23)
-> Request 10
1404
(1, 2, 1)
3
(16, 23)
--> Day : 3
-> Request 0
65
(3, 1, 1)
3
(53, 70)
-> Request 1
138
(2, 2, 1)
2
(11, 24)
-> Request 2
307
(2, 3, 2)
2
(8, 27)
--> Day : 4
-> Request 0
18
(4, 1, 1)
2
(53, 36)
-> Request 1
96
(4, 1, 1)
1
(12, 29)
-> Request 2
146
(4, 1, 1)
1
(52, 65)
-> Request 3
634
(3, 3, 1)
1
(43, 37)
-> Request 4
686
(2, 2, 2)
3
(61, 28)
-> Request 5
750
(1, 1, 2)
1
(8, 27)
-> Request 6
1320
(1, 1, 1)
2
(53, 46)
---> Week : 113
--> Day : 0
-> Request 0
368
(4, 2, 2)
1
(44, 42)
-> Request 1
414
(3, 2, 1)
3
(58, 38)
-> Request 2
583
(1, 3, 1)
2
(53, 44)
-> Request 3
1343
(4, 3, 1)
3
(66, 72)
--> Day : 1
-> Request 0
1181
(2, 1, 2)
3
(58, 72)
-> Request 1
1345
(2, 3, 1)
1
(57, 38)
--> Day : 2
-> Request 0
47
(3, 1, 2)
1
(58, 33)
-> Request 1
310
(3, 3, 2)
3
(50, 27)
-> Request 2
437
(2, 1, 2)
3
(15, 25)
-> Request 3
495
(4, 1, 1)
1
(57, 27)
-> Request 4
549
(3, 3, 1)
1
(49, 35)
-> Request 5
1346
(1, 2, 2)
1
(57, 68)
--> Day : 3
-> Request 0
1075
(2, 1, 2)
3
(16, 26)
--> Day : 4
-> Request 0
395
(2, 1, 1)
1
(56, 71)
-> Request 1
564
(4, 1, 2)
1
(53, 32)
-> Request 2
973
(1, 2, 1)
1
(53, 44)
-> Request 3
1048
(4, 3, 1)
2
(57, 76)
---> Week : 114
--> Day : 0
-> Request 0
14
(1, 1, 1)
3
(59, 46)
--> Day : 1
-> Request 0
284
(4, 3, 2)
2
(55, 68)
-> Request 1
513
(4, 3, 2)
1
(10, 23)
--> Day : 2
-> Request 0
182
(2, 3, 2)
2
(44, 46)
-> Request 1
598
(1, 2, 2)
3
(53, 28)
-> Request 2
708
(2, 1, 2)
2
(62, 71)
--> Day : 3
-> Request 0
963
(2, 1, 2)
1
(13, 23)
--> Day : 4
-> Request 0
212
(4, 3, 2)
1
(58, 37)
-> Request 1
580
(2, 1, 1)
1
(53, 77)
-> Request 2
843
(4, 3, 1)
2
(56, 36)
-> Request 3
927
(3, 1, 1)
2
(52, 44)
-> Request 4
1148
(4, 2, 1)
3
(66, 69)
---> Week : 115
--> Day : 0
-> Request 0
176
(1, 2, 1)
2
(60, 36)
-> Request 1
639
(4, 3, 1)
1
(56, 38)
-> Request 2
693
(2, 2, 2)
1
(17, 27)
-> Request 3
845
(4, 1, 2)
1
(58, 39)
-> Request 4
882
(1, 3, 1)
3
(61, 42)
-> Request 5
1091
(4, 1, 1)
3
(63, 67)
--> Day : 1
-> Request 0
358
(4, 2, 2)
3
(45, 33)
-> Request 1
1003
(3, 1, 2)
3
(56, 37)
-> Request 2
1179
(3, 3, 2)
1
(58, 46)
--> Day : 2
-> Request 0
1050
(1, 2, 1)
2
(58, 41)
-> Request 1
1110
(2, 2, 1)
1
(50, 40)
-> Request 2
1239
(3, 3, 2)
3
(59, 45)
--> Day : 3
-> Request 0
1076
(3, 2, 1)
1
(45, 29)
--> Day : 4
-> Request 0
47
(2, 3, 1)
2
(44, 35)
-> Request 1
94
(4, 1, 2)
2
(60, 31)
-> Request 2
708
(3, 2, 2)
3
(62, 39)
-> Request 3
1343
(1, 1, 2)
1
(54, 40)
---> Week : 116
--> Day : 0
-> Request 0
252
(4, 2, 1)
3
(61, 31)
-> Request 1
319
(3, 2, 1)
1
(55, 29)
-> Request 2
328
(1, 2, 1)
3
(43, 32)
-> Request 3
1210
(4, 1, 1)
1
(53, 73)
-> Request 4
1348
(3, 3, 1)
1
(56, 68)
--> Day : 1
-> Request 0
20
(3, 3, 1)
1
(60, 37)
-> Request 1
514
(4, 1, 1)
1
(55, 43)
-> Request 2
1417
(3, 2, 2)
3
(53, 44)
--> Day : 2
-> Request 0
304
(3, 3, 1)
2
(60, 44)
-> Request 1
866
(3, 3, 1)
2
(45, 35)
-> Request 2
951
(3, 2, 1)
2
(50, 32)
--> Day : 3
-> Request 0
224
(1, 1, 2)
2
(13, 26)
-> Request 1
1010
(4, 2, 1)
2
(49, 32)
--> Day : 4
-> Request 0
18
(2, 3, 1)
2
(53, 46)
-> Request 1
441
(1, 2, 1)
2
(56, 38)
-> Request 2
791
(2, 1, 2)
2
(46, 45)
-> Request 3
962
(4, 2, 1)
2
(47, 34)
-> Request 4
1048
(1, 1, 1)
3
(62, 31)
---> Week : 117
--> Day : 0
-> Request 0
141
(2, 1, 1)
1
(55, 46)
-> Request 1
644
(4, 3, 2)
3
(44, 39)
-> Request 2
816
(3, 2, 1)
3
(9, 20)
-> Request 3
1366
(4, 1, 1)
1
(59, 45)
-> Request 4
1411
(1, 3, 1)
1
(59, 39)
--> Day : 1
-> Request 0
738
(3, 2, 2)
3
(53, 27)
-> Request 1
1082
(2, 2, 1)
3
(60, 28)
--> Day : 2
-> Request 0
93
(4, 1, 2)
2
(47, 35)
-> Request 1
422
(2, 1, 2)
2
(54, 74)
-> Request 2
1225
(3, 3, 2)
3
(51, 31)
-> Request 3
1369
(1, 2, 2)
2
(54, 40)
-> Request 4
1428
(3, 3, 1)
1
(46, 32)
--> Day : 3
-> Request 0
79
(2, 3, 2)
2
(10, 23)
-> Request 1
245
(1, 3, 1)
2
(60, 31)
-> Request 2
444
(1, 2, 2)
2
(47, 38)
-> Request 3
648
(3, 2, 2)
1
(60, 71)
-> Request 4
671
(4, 3, 1)
3
(53, 64)
--> Day : 4
-> Request 0
83
(2, 3, 1)
3
(43, 28)
---> Week : 118
--> Day : 0
-> Request 0
969
(1, 1, 1)
1
(15, 26)
--> Day : 1
-> Request 0
332
(3, 3, 2)
2
(62, 34)
-> Request 1
617
(3, 2, 2)
2
(55, 72)
-> Request 2
912
(1, 1, 2)
3
(14, 26)
-> Request 3
1201
(4, 2, 2)
1
(58, 30)
--> Day : 2
-> Request 0
389
(2, 2, 1)
1
(49, 33)
-> Request 1
458
(4, 1, 2)
3
(51, 33)
-> Request 2
770
(1, 1, 1)
2
(62, 67)
-> Request 3
926
(1, 3, 1)
3
(13, 25)
-> Request 4
940
(4, 2, 1)
3
(58, 75)
--> Day : 3
-> Request 0
1003
(1, 3, 1)
1
(61, 37)
--> Day : 4
-> Request 0
733
(1, 2, 2)
2
(53, 71)
---> Week : 119
--> Day : 0
-> Request 0
48
(3, 2, 2)
2
(57, 65)
-> Request 1
345
(1, 1, 1)
1
(55, 71)
-> Request 2
817
(3, 2, 1)
2
(61, 31)
-> Request 3
1434
(1, 2, 1)
3
(11, 25)
--> Day : 1
-> Request 0
280
(4, 1, 1)
2
(12, 29)
-> Request 1
1029
(1, 1, 2)
3
(13, 21)
-> Request 2
1103
(1, 3, 1)
2
(65, 77)
-> Request 3
1329
(1, 2, 2)
2
(61, 28)
--> Day : 2
-> Request 0
451
(1, 1, 2)
2
(57, 77)
-> Request 1
518
(1, 2, 1)
3
(10, 25)
-> Request 2
534
(3, 2, 2)
1
(9, 23)
-> Request 3
629
(4, 2, 2)
2
(62, 73)
-> Request 4
746
(3, 3, 2)
3
(59, 72)
-> Request 5
824
(3, 3, 1)
3
(57, 28)
--> Day : 3
-> Request 0
293
(3, 2, 2)
1
(53, 36)
-> Request 1
479
(1, 3, 2)
2
(53, 43)
-> Request 2
855
(1, 3, 1)
3
(43, 28)
-> Request 3
894
(2, 1, 2)
3
(64, 73)
-> Request 4
936
(4, 3, 2)
2
(55, 78)
-> Request 5
1360
(1, 3, 1)
1
(44, 31)
--> Day : 4
-> Request 0
55
(4, 2, 1)
3
(62, 30)
-> Request 1
489
(4, 3, 2)
1
(59, 77)
-> Request 2
533
(4, 1, 1)
2
(59, 36)
-> Request 3
691
(4, 1, 2)
2
(52, 42)
-> Request 4
1036
(4, 1, 1)
1
(60, 30)
-> Request 5
1307
(2, 3, 2)
3
(60, 42)
---> Week : 120
--> Day : 0
-> Request 0
30
(4, 1, 2)
1
(50, 41)
-> Request 1
38
(3, 1, 1)
2
(55, 44)
-> Request 2
455
(4, 2, 1)
2
(52, 44)
-> Request 3
742
(3, 1, 2)
2
(50, 33)
-> Request 4
894
(1, 1, 1)
2
(54, 78)
-> Request 5
916
(2, 3, 1)
2
(45, 36)
-> Request 6
1209
(4, 3, 1)
2
(49, 32)
--> Day : 1
-> Request 0
279
(3, 3, 1)
1
(54, 37)
-> Request 1
621
(3, 1, 1)
1
(43, 39)
-> Request 2
820
(4, 3, 1)
3
(54, 33)
--> Day : 2
-> Request 0
777
(3, 3, 1)
3
(57, 29)
-> Request 1
1122
(3, 1, 1)
2
(43, 46)
--> Day : 3
-> Request 0
519
(3, 2, 2)
1
(15, 28)
-> Request 1
592
(1, 3, 2)
2
(53, 39)
--> Day : 4
-> Request 0
608
(3, 3, 2)
1
(44, 44)
-> Request 1
1132
(1, 3, 2)
3
(11, 20)
-> Request 2
1236
(2, 3, 1)
1
(52, 27)
-> Request 3
1322
(4, 3, 2)
1
(58, 43)
---> Week : 121
--> Day : 0
-> Request 0
88
(4, 1, 1)
3
(51, 31)
-> Request 1
364
(1, 2, 2)
2
(48, 29)
-> Request 2
456
(1, 3, 2)
1
(47, 38)
-> Request 3
868
(2, 1, 2)
2
(8, 24)
-> Request 4
1118
(3, 2, 2)
1
(60, 78)
--> Day : 1
-> Request 0
291
(4, 3, 2)
3
(62, 45)
-> Request 1
401
(4, 1, 1)
2
(57, 65)
-> Request 2
488
(2, 2, 1)
2
(51, 31)
-> Request 3
610
(3, 1, 2)
1
(58, 70)
-> Request 4
1130
(2, 3, 2)
3
(52, 66)
--> Day : 2
-> Request 0
463
(3, 3, 1)
2
(47, 40)
-> Request 1
920
(2, 1, 1)
1
(62, 64)
-> Request 2
948
(4, 1, 1)
2
(56, 27)
-> Request 3
1125
(1, 1, 1)
1
(60, 66)
-> Request 4
1416
(4, 3, 1)
3
(48, 30)
--> Day : 3
-> Request 0
1084
(3, 3, 1)
2
(56, 38)
-> Request 1
1255
(4, 3, 1)
3
(58, 29)
-> Request 2
1352
(4, 3, 1)
2
(54, 33)
--> Day : 4
-> Request 0
213
(2, 2, 1)
2
(11, 22)
-> Request 1
561
(4, 1, 1)
3
(58, 69)
-> Request 2
656
(1, 1, 1)
1
(44, 39)
-> Request 3
662
(1, 3, 1)
2
(61, 32)
-> Request 4
884
(3, 2, 2)
3
(56, 44)
-> Request 5
1062
(3, 1, 1)
2
(60, 41)
-> Request 6
1081
(4, 3, 1)
2
(51, 37)
-> Request 7
1434
(3, 1, 2)
2
(54, 64)
---> Week : 122
--> Day : 0
-> Request 0
214
(1, 2, 1)
3
(8, 22)
-> Request 1
794
(3, 3, 2)
2
(43, 40)
-> Request 2
1006
(4, 2, 2)
3
(66, 72)
-> Request 3
1021
(2, 3, 2)
3
(54, 38)
-> Request 4
1078
(4, 3, 2)
2
(58, 34)
--> Day : 1
-> Request 0
149
(1, 1, 1)
1
(58, 42)
-> Request 1
178
(4, 2, 1)
1
(62, 75)
--> Day : 2
-> Request 0
467
(3, 2, 2)
3
(58, 32)
-> Request 1
829
(1, 2, 1)
3
(44, 30)
--> Day : 3
-> Request 0
31
(1, 1, 1)
2
(58, 39)
-> Request 1
500
(2, 2, 1)
3
(55, 46)
-> Request 2
535
(1, 3, 1)
3
(49, 35)
-> Request 3
644
(2, 2, 1)
1
(53, 39)
-> Request 4
750
(3, 3, 1)
3
(57, 36)
-> Request 5
1164
(2, 1, 2)
3
(57, 31)
-> Request 6
1284
(4, 1, 1)
2
(65, 67)
--> Day : 4
-> Request 0
251
(1, 2, 2)
3
(59, 46)
-> Request 1
552
(1, 2, 1)
1
(55, 76)
-> Request 2
971
(1, 1, 1)
1
(50, 46)
---> Week : 123
--> Day : 0
-> Request 0
157
(2, 3, 2)
3
(59, 64)
-> Request 1
447
(1, 3, 2)
1
(55, 30)
-> Request 2
873
(3, 3, 1)
3
(60, 33)
-> Request 3
1128
(3, 3, 2)
1
(46, 41)
--> Day : 1
-> Request 0
423
(1, 3, 1)
1
(56, 73)
-> Request 1
640
(4, 1, 1)
2
(66, 67)
-> Request 2
1024
(1, 3, 2)
1
(48, 43)
-> Request 3
1080
(3, 2, 1)
1
(65, 64)
-> Request 4
1318
(2, 2, 2)
1
(49, 43)
-> Request 5
1325
(3, 1, 1)
1
(58, 32)
--> Day : 2
-> Request 0
102
(2, 1, 1)
2
(44, 36)
-> Request 1
265
(3, 2, 2)
3
(62, 71)
-> Request 2
636
(1, 1, 2)
1
(61, 44)
-> Request 3
1062
(1, 1, 1)
1
(62, 35)
--> Day : 3
-> Request 0
821
(1, 1, 2)
2
(65, 76)
-> Request 1
1192
(4, 1, 1)
1
(66, 78)
-> Request 2
1408
(4, 3, 1)
3
(52, 46)
--> Day : 4
-> Request 0
814
(4, 3, 1)
1
(13, 20)
-> Request 1
1206
(4, 2, 2)
2
(61, 31)
---> Week : 124
--> Day : 0
-> Request 0
152
(3, 3, 1)
2
(45, 36)
-> Request 1
267
(2, 3, 1)
1
(51, 31)
-> Request 2
739
(1, 1, 1)
3
(51, 43)
-> Request 3
1288
(3, 1, 2)
2
(43, 33)
-> Request 4
1301
(1, 3, 1)
3
(47, 41)
--> Day : 1
-> Request 0
227
(4, 2, 1)
2
(56, 38)
-> Request 1
1218
(4, 1, 2)
3
(49, 28)
--> Day : 2
-> Request 0
35
(4, 2, 2)
2
(66, 75)
-> Request 1
610
(3, 2, 1)
3
(60, 30)
-> Request 2
792
(3, 1, 2)
1
(56, 38)
-> Request 3
1086
(4, 2, 1)
3
(60, 74)
-> Request 4
1346
(1, 1, 1)
1
(53, 75)
--> Day : 3
-> Request 0
133
(4, 2, 1)
2
(48, 39)
-> Request 1
549
(3, 3, 2)
2
(64, 67)
-> Request 2
1187
(2, 3, 2)
2
(17, 20)
--> Day : 4
-> Request 0
633
(2, 2, 2)
1
(10, 20)
-> Request 1
747
(4, 2, 1)
3
(65, 68)
---> Week : 125
--> Day : 0
-> Request 0
196
(1, 2, 1)
1
(59, 69)
-> Request 1
451
(3, 2, 2)
2
(55, 38)
-> Request 2
564
(1, 2, 2)
2
(58, 46)
--> Day : 1
-> Request 0
243
(3, 3, 1)
3
(58, 38)
-> Request 1
542
(2, 1, 2)
1
(54, 67)
-> Request 2
578
(4, 3, 1)
2
(11, 20)
-> Request 3
832
(4, 1, 1)
1
(9, 20)
-> Request 4
1102
(4, 3, 1)
2
(56, 67)
-> Request 5
1438
(2, 3, 1)
2
(61, 65)
--> Day : 2
-> Request 0
993
(1, 2, 1)
3
(56, 27)
--> Day : 3
--> Day : 4
-> Request 0
88
(2, 3, 1)
3
(52, 70)
-> Request 1
353
(4, 2, 2)
3
(56, 68)
-> Request 2
424
(1, 3, 2)
2
(57, 68)
-> Request 3
790
(1, 1, 2)
2
(56, 33)
-> Request 4
1031
(4, 3, 1)
2
(54, 69)
-> Request 5
1333
(3, 2, 2)
3
(52, 35)
---> Week : 126
--> Day : 0
-> Request 0
237
(2, 1, 2)
3
(13, 21)
-> Request 1
855
(1, 2, 2)
2
(54, 42)
--> Day : 1
-> Request 0
286
(1, 2, 2)
2
(62, 43)
-> Request 1
1328
(3, 1, 1)
1
(8, 28)
--> Day : 2
-> Request 0
911
(1, 1, 2)
1
(56, 35)
-> Request 1
1391
(4, 3, 2)
2
(58, 36)
--> Day : 3
-> Request 0
29
(1, 1, 2)
3
(54, 29)
-> Request 1
306
(2, 3, 1)
3
(54, 72)
-> Request 2
442
(4, 2, 2)
2
(60, 36)
-> Request 3
699
(2, 2, 1)
1
(60, 33)
-> Request 4
946
(3, 3, 1)
1
(17, 26)
-> Request 5
963
(1, 2, 2)
3
(44, 32)
-> Request 6
992
(4, 3, 1)
2
(62, 43)
-> Request 7
1337
(1, 3, 1)
3
(62, 78)
--> Day : 4
-> Request 0
271
(3, 3, 1)
2
(49, 31)
-> Request 1
668
(1, 3, 1)
2
(57, 68)
-> Request 2
995
(2, 1, 2)
3
(12, 27)
---> Week : 127
--> Day : 0
-> Request 0
109
(1, 2, 1)
3
(56, 30)
-> Request 1
572
(3, 1, 1)
3
(63, 72)
-> Request 2
599
(1, 3, 2)
1
(56, 65)
-> Request 3
1258
(1, 3, 2)
2
(50, 29)
--> Day : 1
-> Request 0
6
(2, 1, 2)
1
(62, 45)
-> Request 1
338
(3, 2, 2)
2
(14, 24)
-> Request 2
632
(1, 3, 2)
3
(59, 68)
-> Request 3
725
(3, 2, 1)
3
(64, 77)
-> Request 4
1085
(1, 3, 2)
3
(53, 44)
--> Day : 2
-> Request 0
241
(1, 2, 1)
2
(55, 44)
-> Request 1
531
(4, 3, 2)
2
(56, 35)
-> Request 2
1085
(4, 2, 2)
2
(56, 36)
-> Request 3
1108
(4, 2, 1)
2
(56, 43)
-> Request 4
1217
(1, 2, 1)
2
(12, 25)
--> Day : 3
-> Request 0
282
(4, 2, 1)
3
(44, 27)
-> Request 1
559
(3, 3, 2)
3
(56, 28)
-> Request 2
731
(4, 2, 2)
3
(11, 23)
-> Request 3
765
(4, 2, 1)
2
(56, 64)
-> Request 4
1322
(4, 2, 1)
2
(58, 27)
--> Day : 4
-> Request 0
537
(1, 3, 2)
2
(56, 35)
-> Request 1
802
(2, 3, 1)
1
(59, 33)
-> Request 2
940
(3, 1, 2)
2
(8, 22)
---> Week : 128
--> Day : 0
-> Request 0
239
(2, 1, 2)
3
(15, 29)
-> Request 1
397
(1, 1, 2)
3
(58, 35)
-> Request 2
614
(2, 3, 1)
1
(53, 43)
-> Request 3
979
(2, 1, 1)
2
(55, 28)
-> Request 4
1032
(2, 2, 1)
3
(62, 72)
-> Request 5
1286
(2, 1, 1)
1
(11, 25)
--> Day : 1
-> Request 0
1017
(2, 2, 1)
2
(56, 41)
--> Day : 2
-> Request 0
302
(1, 2, 2)
2
(50, 36)
-> Request 1
497
(3, 1, 2)
3
(56, 75)
-> Request 2
964
(2, 1, 1)
3
(52, 71)
-> Request 3
988
(1, 2, 1)
1
(52, 76)
--> Day : 3
-> Request 0
227
(1, 1, 1)
2
(49, 28)
-> Request 1
478
(3, 1, 1)
2
(10, 24)
-> Request 2
489
(3, 2, 1)
1
(17, 25)
-> Request 3
1135
(3, 1, 2)
2
(58, 71)
--> Day : 4
-> Request 0
283
(1, 2, 1)
2
(56, 65)
-> Request 1
493
(2, 1, 2)
1
(44, 39)
-> Request 2
801
(3, 2, 2)
2
(55, 73)
-> Request 3
1013
(1, 2, 1)
2
(52, 34)
-> Request 4
1193
(2, 2, 2)
1
(63, 78)
---> Week : 129
--> Day : 0
-> Request 0
648
(4, 3, 1)
1
(57, 75)
-> Request 1
680
(1, 2, 2)
1
(63, 67)
-> Request 2
1235
(1, 3, 1)
2
(53, 29)
--> Day : 1
-> Request 0
444
(1, 2, 1)
2
(53, 45)
-> Request 1
508
(2, 1, 1)
3
(51, 33)
-> Request 2
1042
(2, 2, 2)
2
(9, 25)
--> Day : 2
-> Request 0
97
(2, 2, 2)
3
(52, 76)
-> Request 1
181
(1, 3, 1)
3
(55, 76)
-> Request 2
676
(1, 2, 1)
1
(57, 65)
-> Request 3
902
(2, 3, 1)
3
(66, 65)
-> Request 4
982
(1, 3, 2)
3
(49, 32)
--> Day : 3
-> Request 0
1
(4, 3, 2)
1
(63, 72)
-> Request 1
63
(4, 1, 2)
1
(65, 76)
-> Request 2
335
(2, 2, 2)
1
(52, 33)
-> Request 3
1105
(3, 3, 1)
2
(52, 77)
-> Request 4
1166
(4, 2, 2)
3
(16, 21)
--> Day : 4
-> Request 0
15
(2, 1, 1)
2
(54, 35)
-> Request 1
245
(2, 2, 2)
1
(43, 35)
-> Request 2
1083
(4, 1, 2)
3
(60, 72)
---> Week : 130
--> Day : 0
-> Request 0
263
(2, 1, 2)
2
(65, 68)
-> Request 1
495
(3, 2, 2)
1
(43, 31)
-> Request 2
1157
(2, 2, 2)
3
(56, 74)
-> Request 3
1259
(1, 1, 2)
3
(48, 33)
--> Day : 1
-> Request 0
41
(2, 1, 2)
3
(65, 74)
-> Request 1
204
(4, 1, 1)
2
(56, 39)
-> Request 2
308
(4, 1, 2)
2
(9, 27)
-> Request 3
327
(4, 1, 2)
2
(61, 33)
-> Request 4
459
(1, 3, 1)
2
(52, 36)
-> Request 5
595
(2, 2, 2)
3
(62, 69)
-> Request 6
674
(1, 1, 1)
3
(56, 31)
-> Request 7
891
(4, 2, 2)
3
(60, 40)
-> Request 8
1431
(4, 1, 2)
2
(44, 38)
--> Day : 2
-> Request 0
90
(2, 3, 2)
1
(53, 42)
-> Request 1
224
(1, 3, 1)
1
(64, 75)
-> Request 2
597
(2, 1, 2)
2
(12, 20)
-> Request 3
653
(1, 1, 1)
3
(60, 46)
-> Request 4
702
(2, 3, 1)
2
(57, 70)
-> Request 5
1352
(1, 3, 2)
3
(8, 27)
-> Request 6
1367
(1, 1, 2)
2
(64, 66)
--> Day : 3
-> Request 0
44
(2, 3, 2)
3
(50, 31)
-> Request 1
477
(1, 3, 1)
3
(60, 35)
-> Request 2
896
(2, 2, 2)
2
(47, 44)
-> Request 3
920
(4, 3, 2)
1
(61, 36)
-> Request 4
1223
(4, 2, 2)
2
(61, 29)
--> Day : 4
-> Request 0
342
(1, 1, 1)
2
(17, 29)
---> Week : 131
--> Day : 0
-> Request 0
372
(1, 3, 1)
2
(17, 20)
-> Request 1
1176
(3, 1, 2)
3
(56, 45)
-> Request 2
1395
(3, 1, 2)
1
(52, 35)
--> Day : 1
-> Request 0
894
(3, 2, 2)
3
(45, 40)
-> Request 1
1009
(2, 3, 2)
3
(58, 40)
-> Request 2
1040
(3, 3, 1)
1
(45, 32)
-> Request 3
1062
(1, 1, 2)
2
(49, 43)
-> Request 4
1105
(4, 3, 2)
3
(46, 29)
-> Request 5
1287
(3, 3, 1)
1
(59, 41)
--> Day : 2
-> Request 0
65
(4, 2, 2)
1
(60, 72)
-> Request 1
241
(4, 1, 1)
2
(54, 38)
--> Day : 3
-> Request 0
71
(4, 2, 1)
2
(61, 69)
-> Request 1
135
(2, 2, 1)
1
(50, 41)
-> Request 2
190
(4, 3, 2)
3
(45, 43)
-> Request 3
362
(2, 2, 1)
2
(13, 29)
-> Request 4
601
(2, 3, 2)
2
(63, 73)
-> Request 5
666
(3, 1, 1)
1
(53, 64)
-> Request 6
954
(4, 3, 2)
2
(48, 37)
-> Request 7
1292
(1, 1, 2)
1
(63, 70)
--> Day : 4
-> Request 0
214
(4, 1, 2)
2
(60, 30)
-> Request 1
256
(1, 1, 1)
1
(45, 34)
-> Request 2
323
(4, 3, 1)
1
(48, 38)
-> Request 3
343
(3, 1, 2)
1
(44, 38)
---> Week : 132
--> Day : 0
-> Request 0
413
(3, 1, 1)
2
(60, 67)
-> Request 1
1207
(2, 2, 2)
3
(61, 28)
-> Request 2
1394
(3, 2, 2)
2
(60, 43)
--> Day : 1
-> Request 0
238
(3, 3, 1)
2
(17, 23)
-> Request 1
432
(1, 1, 2)
1
(51, 39)
-> Request 2
925
(1, 1, 2)
1
(58, 76)
-> Request 3
934
(2, 1, 1)
3
(54, 67)
-> Request 4
1290
(2, 3, 2)
3
(57, 73)
--> Day : 2
-> Request 0
682
(3, 3, 2)
1
(58, 69)
-> Request 1
1232
(3, 3, 2)
1
(49, 38)
--> Day : 3
-> Request 0
563
(4, 2, 1)
1
(51, 41)
-> Request 1
1278
(3, 1, 1)
1
(54, 74)
--> Day : 4
-> Request 0
612
(2, 1, 2)
1
(43, 44)
-> Request 1
1172
(3, 2, 2)
2
(62, 76)
-> Request 2
1200
(3, 2, 2)
1
(52, 39)
-> Request 3
1273
(2, 2, 2)
1
(58, 30)
---> Week : 133
--> Day : 0
--> Day : 1
-> Request 0
128
(2, 3, 2)
2
(59, 39)
-> Request 1
413
(2, 1, 1)
1
(58, 38)
-> Request 2
758
(3, 1, 2)
1
(43, 28)
-> Request 3
836
(2, 2, 2)
1
(55, 64)
-> Request 4
871
(1, 1, 1)
3
(53, 42)
-> Request 5
1053
(4, 3, 2)
2
(47, 27)
-> Request 6
1149
(3, 3, 1)
2
(56, 27)
-> Request 7
1277
(1, 1, 1)
3
(63, 65)
--> Day : 2
-> Request 0
269
(1, 2, 2)
3
(13, 20)
-> Request 1
622
(2, 3, 2)
2
(58, 29)
-> Request 2
676
(2, 3, 2)
1
(60, 70)
-> Request 3
1103
(4, 2, 2)
1
(16, 26)
-> Request 4
1315
(2, 3, 1)
2
(57, 65)
-> Request 5
1354
(3, 2, 1)
3
(62, 77)
--> Day : 3
-> Request 0
385
(4, 2, 2)
3
(57, 69)
-> Request 1
441
(2, 2, 2)
1
(60, 76)
-> Request 2
807
(4, 3, 1)
1
(10, 26)
--> Day : 4
-> Request 0
116
(1, 3, 2)
3
(47, 30)
-> Request 1
499
(3, 1, 1)
3
(53, 35)
-> Request 2
1057
(2, 1, 2)
1
(45, 34)
-> Request 3
1314
(3, 1, 1)
2
(55, 43)
---> Week : 134
--> Day : 0
-> Request 0
71
(1, 3, 2)
3
(58, 30)
-> Request 1
353
(2, 1, 2)
3
(59, 46)
-> Request 2
396
(1, 3, 2)
1
(48, 38)
-> Request 3
812
(4, 1, 1)
2
(55, 33)
-> Request 4
1302
(2, 1, 1)
1
(57, 43)
-> Request 5
1325
(4, 1, 2)
3
(53, 78)
--> Day : 1
-> Request 0
513
(3, 3, 2)
2
(11, 27)
-> Request 1
678
(4, 3, 2)
1
(55, 76)
-> Request 2
772
(2, 2, 2)
3
(46, 46)
-> Request 3
991
(3, 3, 2)
3
(54, 44)
-> Request 4
1037
(4, 2, 2)
2
(50, 27)
--> Day : 2
-> Request 0
125
(2, 2, 1)
3
(14, 20)
-> Request 1
175
(3, 1, 1)
2
(44, 29)
-> Request 2
570
(4, 1, 2)
1
(52, 27)
-> Request 3
653
(4, 3, 2)
3
(61, 37)
-> Request 4
1107
(3, 2, 1)
1
(10, 24)
-> Request 5
1332
(2, 3, 2)
2
(59, 68)
--> Day : 3
-> Request 0
154
(4, 3, 1)
1
(55, 42)
-> Request 1
335
(3, 1, 2)
2
(49, 33)
-> Request 2
702
(1, 1, 1)
2
(52, 66)
-> Request 3
972
(1, 2, 1)
3
(61, 78)
-> Request 4
1350
(4, 3, 2)
1
(54, 76)
-> Request 5
1362
(3, 1, 2)
1
(54, 75)
--> Day : 4
-> Request 0
204
(4, 1, 2)
2
(54, 32)
-> Request 1
260
(2, 2, 2)
2
(60, 66)
-> Request 2
421
(2, 3, 1)
3
(63, 75)
-> Request 3
1177
(3, 3, 2)
2
(50, 37)
-> Request 4
1193
(1, 3, 1)
1
(56, 33)
---> Week : 135
--> Day : 0
-> Request 0
191
(4, 2, 2)
3
(59, 65)
-> Request 1
819
(4, 1, 2)
3
(57, 65)
-> Request 2
1389
(3, 1, 1)
3
(61, 28)
--> Day : 1
-> Request 0
1420
(4, 3, 2)
1
(9, 28)
--> Day : 2
-> Request 0
79
(4, 2, 1)
2
(9, 20)
-> Request 1
468
(4, 3, 1)
3
(46, 45)
-> Request 2
1123
(1, 3, 2)
2
(61, 68)
--> Day : 3
-> Request 0
123
(4, 1, 2)
2
(60, 40)
-> Request 1
900
(4, 2, 1)
3
(14, 25)
-> Request 2
1312
(2, 3, 1)
3
(43, 45)
--> Day : 4
-> Request 0
23
(1, 1, 2)
3
(62, 31)
-> Request 1
184
(3, 2, 1)
1
(50, 42)
-> Request 2
467
(3, 2, 1)
2
(44, 38)
-> Request 3
865
(4, 1, 1)
2
(62, 42)
-> Request 4
1231
(4, 1, 2)
2
(15, 29)
-> Request 5
1300
(3, 3, 1)
3
(53, 73)
-> Request 6
1389
(4, 2, 2)
1
(66, 72)
-> Request 7
1435
(4, 1, 1)
1
(57, 35)
---> Week : 136
--> Day : 0
-> Request 0
596
(3, 2, 1)
1
(44, 38)
-> Request 1
808
(3, 2, 2)
1
(52, 35)
-> Request 2
970
(2, 3, 1)
3
(9, 26)
-> Request 3
1351
(1, 1, 2)
2
(57, 73)
--> Day : 1
-> Request 0
777
(2, 3, 2)
1
(43, 44)
-> Request 1
783
(3, 3, 2)
1
(57, 41)
-> Request 2
797
(2, 2, 1)
1
(60, 31)
--> Day : 2
-> Request 0
791
(1, 3, 1)
1
(47, 41)
-> Request 1
1272
(3, 1, 2)
2
(61, 74)
--> Day : 3
-> Request 0
98
(1, 2, 1)
2
(62, 28)
-> Request 1
461
(4, 3, 1)
2
(59, 40)
-> Request 2
508
(1, 3, 1)
1
(52, 64)
-> Request 3
672
(1, 1, 2)
2
(58, 33)
-> Request 4
954
(2, 3, 1)
1
(43, 31)
-> Request 5
1355
(3, 2, 2)
1
(55, 66)
--> Day : 4
-> Request 0
225
(4, 2, 1)
1
(43, 42)
-> Request 1
540
(4, 2, 2)
2
(66, 75)
-> Request 2
654
(4, 1, 2)
1
(13, 27)
---> Week : 137
--> Day : 0
-> Request 0
4
(3, 1, 1)
2
(62, 73)
-> Request 1
951
(4, 1, 2)
3
(14, 24)
-> Request 2
1417
(2, 1, 2)
1
(53, 74)
--> Day : 1
-> Request 0
367
(3, 2, 1)
2
(56, 37)
-> Request 1
514
(4, 1, 1)
1
(55, 46)
-> Request 2
929
(3, 1, 1)
2
(60, 78)
-> Request 3
1172
(2, 2, 1)
3
(65, 78)
-> Request 4
1359
(2, 3, 2)
1
(52, 43)
--> Day : 2
-> Request 0
435
(2, 1, 1)
2
(61, 67)
--> Day : 3
-> Request 0
1031
(4, 2, 1)
1
(53, 43)
-> Request 1
1206
(3, 3, 1)
1
(52, 78)
--> Day : 4
-> Request 0
194
(3, 3, 2)
1
(56, 69)
-> Request 1
1191
(1, 3, 1)
2
(61, 65)
-> Request 2
1435
(2, 2, 1)
3
(12, 23)
---> Week : 138
--> Day : 0
-> Request 0
905
(4, 3, 2)
2
(45, 42)
-> Request 1
977
(3, 2, 2)
1
(45, 29)
-> Request 2
1133
(2, 2, 1)
3
(53, 76)
-> Request 3
1319
(3, 1, 1)
2
(58, 78)
-> Request 4
1420
(1, 2, 2)
3
(62, 27)
--> Day : 1
-> Request 0
241
(3, 2, 1)
1
(62, 64)
-> Request 1
277
(2, 2, 2)
1
(60, 67)
-> Request 2
637
(2, 1, 2)
3
(49, 31)
-> Request 3
680
(2, 3, 1)
1
(52, 45)
-> Request 4
1393
(4, 2, 2)
3
(44, 28)
--> Day : 2
-> Request 0
64
(3, 2, 2)
2
(52, 67)
-> Request 1
159
(2, 2, 2)
1
(43, 31)
-> Request 2
787
(3, 1, 2)
3
(58, 69)
-> Request 3
1374
(1, 3, 2)
3
(53, 36)
--> Day : 3
-> Request 0
65
(4, 2, 1)
3
(59, 34)
-> Request 1
426
(4, 1, 2)
2
(46, 44)
-> Request 2
704
(1, 2, 2)
2
(61, 41)
-> Request 3
819
(3, 1, 2)
3
(50, 28)
-> Request 4
883
(3, 1, 2)
3
(52, 66)
-> Request 5
1398
(3, 1, 2)
3
(56, 42)
--> Day : 4
-> Request 0
679
(2, 3, 2)
1
(55, 46)
-> Request 1
684
(3, 3, 1)
1
(57, 36)
-> Request 2
743
(3, 3, 2)
2
(62, 70)
-> Request 3
936
(1, 2, 2)
1
(43, 41)
-> Request 4
1115
(2, 2, 1)
3
(58, 73)
-> Request 5
1175
(4, 2, 2)
2
(49, 44)
---> Week : 139
--> Day : 0
-> Request 0
227
(1, 2, 2)
2
(52, 66)
-> Request 1
296
(2, 1, 1)
2
(43, 41)
-> Request 2
311
(1, 2, 2)
2
(57, 67)
-> Request 3
829
(3, 2, 2)
1
(59, 72)
-> Request 4
1290
(2, 1, 1)
1
(17, 29)
--> Day : 1
-> Request 0
143
(3, 1, 1)
3
(60, 37)
-> Request 1
540
(1, 1, 2)
3
(53, 75)
-> Request 2
944
(1, 3, 1)
2
(10, 26)
-> Request 3
1096
(1, 1, 1)
1
(54, 45)
--> Day : 2
-> Request 0
341
(2, 2, 2)
2
(65, 70)
-> Request 1
748
(3, 3, 2)
2
(51, 28)
-> Request 2
799
(1, 3, 2)
1
(43, 39)
--> Day : 3
-> Request 0
713
(2, 2, 1)
2
(57, 36)
--> Day : 4
-> Request 0
34
(2, 1, 1)
3
(62, 31)
-> Request 1
149
(4, 1, 2)
1
(59, 27)
-> Request 2
839
(4, 2, 1)
2
(63, 64)
-> Request 3
841
(2, 2, 2)
3
(50, 44)
-> Request 4
1088
(1, 1, 1)
1
(48, 31)
---> Week : 140
--> Day : 0
-> Request 0
80
(4, 3, 2)
3
(44, 40)
-> Request 1
147
(4, 3, 1)
1
(44, 33)
-> Request 2
477
(4, 2, 1)
1
(13, 27)
--> Day : 1
-> Request 0
81
(1, 1, 1)
1
(58, 72)
-> Request 1
1261
(3, 2, 1)
3
(48, 40)
--> Day : 2
-> Request 0
734
(1, 3, 2)
3
(50, 37)
-> Request 1
1168
(1, 1, 2)
3
(55, 74)
-> Request 2
1432
(2, 1, 2)
1
(48, 29)
--> Day : 3
-> Request 0
286
(3, 3, 2)
2
(54, 30)
-> Request 1
445
(2, 2, 1)
1
(47, 44)
-> Request 2
488
(4, 1, 1)
1
(60, 45)
-> Request 3
703
(4, 1, 2)
2
(66, 74)
-> Request 4
1077
(3, 2, 2)
1
(63, 65)
-> Request 5
1121
(1, 1, 2)
2
(62, 65)
-> Request 6
1271
(2, 2, 2)
3
(45, 46)
--> Day : 4
-> Request 0
20
(4, 1, 2)
1
(57, 46)
-> Request 1
400
(4, 3, 1)
2
(56, 42)
-> Request 2
408
(3, 3, 1)
1
(54, 40)
-> Request 3
739
(4, 3, 2)
1
(11, 24)
-> Request 4
772
(2, 3, 1)
2
(56, 34)
-> Request 5
1223
(3, 2, 2)
3
(54, 43)
-> Request 6
1238
(1, 2, 2)
2
(54, 69)
---> Week : 141
--> Day : 0
-> Request 0
127
(3, 1, 1)
2
(64, 65)
-> Request 1
561
(4, 2, 1)
2
(48, 43)
-> Request 2
715
(4, 3, 1)
2
(63, 78)
-> Request 3
798
(1, 1, 2)
2
(52, 38)
-> Request 4
899
(1, 2, 2)
1
(62, 78)
--> Day : 1
-> Request 0
1342
(2, 3, 1)
2
(63, 75)
-> Request 1
1366
(2, 3, 1)
2
(47, 29)
--> Day : 2
-> Request 0
465
(3, 2, 1)
1
(46, 33)
--> Day : 3
-> Request 0
394
(2, 2, 2)
3
(46, 29)
-> Request 1
1033
(3, 1, 1)
1
(55, 78)
-> Request 2
1059
(3, 2, 1)
3
(49, 40)
--> Day : 4
-> Request 0
37
(1, 3, 1)
2
(53, 70)
-> Request 1
519
(1, 1, 2)
2
(47, 40)
-> Request 2
536
(4, 1, 1)
3
(12, 24)
-> Request 3
747
(3, 3, 2)
3
(55, 72)
-> Request 4
905
(2, 3, 1)
2
(45, 32)
-> Request 5
1285
(3, 2, 2)
3
(13, 24)
-> Request 6
1434
(3, 2, 1)
3
(8, 29)
---> Week : 142
--> Day : 0
-> Request 0
1
(2, 2, 2)
3
(50, 43)
-> Request 1
453
(2, 1, 1)
1
(52, 72)
-> Request 2
715
(4, 2, 2)
2
(55, 67)
-> Request 3
998
(1, 2, 1)
1
(57, 72)
-> Request 4
1028
(1, 2, 2)
2
(54, 43)
-> Request 5
1051
(2, 1, 2)
1
(48, 46)
--> Day : 1
-> Request 0
431
(4, 3, 1)
1
(62, 40)
-> Request 1
1041
(3, 3, 2)
2
(51, 41)
-> Request 2
1204
(1, 2, 1)
2
(55, 29)
--> Day : 2
-> Request 0
230
(4, 1, 1)
3
(10, 24)
-> Request 1
270
(4, 2, 2)
2
(57, 68)
-> Request 2
326
(4, 1, 1)
3
(46, 37)
--> Day : 3
-> Request 0
23
(3, 3, 2)
1
(61, 71)
-> Request 1
491
(3, 2, 1)
1
(56, 72)
-> Request 2
984
(1, 2, 1)
1
(57, 65)
--> Day : 4
-> Request 0
23
(3, 2, 2)
2
(62, 40)
-> Request 1
243
(1, 2, 1)
3
(56, 75)
-> Request 2
249
(4, 2, 1)
1
(59, 67)
-> Request 3
622
(1, 3, 1)
3
(52, 30)
---> Week : 143
--> Day : 0
-> Request 0
9
(4, 1, 1)
3
(53, 76)
-> Request 1
351
(4, 2, 1)
2
(66, 66)
-> Request 2
652
(1, 1, 1)
1
(8, 28)
-> Request 3
688
(2, 1, 1)
2
(64, 66)
-> Request 4
797
(1, 2, 1)
2
(52, 29)
-> Request 5
812
(3, 3, 1)
3
(11, 23)
-> Request 6
907
(3, 1, 2)
1
(55, 38)
-> Request 7
1125
(1, 3, 2)
3
(51, 29)
--> Day : 1
-> Request 0
133
(2, 3, 1)
1
(44, 40)
-> Request 1
279
(4, 2, 2)
3
(62, 35)
-> Request 2
321
(2, 1, 2)
2
(49, 31)
-> Request 3
971
(4, 3, 1)
1
(15, 21)
-> Request 4
1096
(4, 3, 2)
3
(61, 39)
-> Request 5
1293
(2, 1, 1)
1
(57, 46)
-> Request 6
1343
(1, 1, 1)
2
(56, 38)
--> Day : 2
-> Request 0
301
(2, 3, 2)
3
(54, 39)
-> Request 1
768
(1, 3, 1)
1
(54, 78)
-> Request 2
1279
(1, 1, 1)
3
(11, 26)
--> Day : 3
-> Request 0
45
(2, 3, 2)
3
(58, 36)
-> Request 1
999
(3, 2, 1)
1
(53, 46)
-> Request 2
1158
(2, 1, 2)
3
(57, 75)
--> Day : 4
-> Request 0
476
(1, 2, 1)
2
(45, 46)
-> Request 1
498
(4, 2, 1)
2
(16, 20)
-> Request 2
569
(1, 2, 2)
2
(17, 25)
-> Request 3
597
(2, 2, 1)
1
(14, 29)
-> Request 4
1203
(3, 2, 2)
3
(45, 44)
-> Request 5
1316
(2, 2, 2)
2
(43, 27)
---> Week : 144
--> Day : 0
-> Request 0
467
(3, 2, 1)
1
(55, 65)
-> Request 1
505
(1, 1, 2)
2
(53, 36)
-> Request 2
770
(1, 1, 1)
2
(66, 72)
-> Request 3
818
(4, 3, 1)
2
(55, 71)
-> Request 4
1171
(1, 2, 2)
3
(54, 37)
-> Request 5
1180
(2, 2, 2)
1
(15, 25)
--> Day : 1
-> Request 0
632
(3, 3, 1)
3
(43, 35)
-> Request 1
701
(4, 2, 2)
3
(61, 65)
-> Request 2
885
(4, 3, 1)
3
(43, 27)
--> Day : 2
-> Request 0
402
(4, 3, 2)
3
(49, 38)
-> Request 1
543
(4, 1, 1)
1
(65, 65)
-> Request 2
672
(1, 2, 1)
2
(56, 42)
-> Request 3
834
(1, 2, 2)
1
(11, 25)
-> Request 4
947
(1, 1, 1)
1
(47, 31)
-> Request 5
1154
(1, 2, 2)
1
(12, 28)
--> Day : 3
-> Request 0
267
(4, 3, 2)
2
(64, 74)
-> Request 1
1019
(4, 1, 2)
1
(16, 25)
-> Request 2
1035
(2, 2, 2)
3
(49, 43)
-> Request 3
1254
(3, 2, 1)
2
(59, 37)
-> Request 4
1340
(2, 1, 2)
2
(46, 44)
--> Day : 4
-> Request 0
410
(4, 3, 2)
2
(11, 29)
-> Request 1
674
(2, 1, 2)
2
(52, 71)
-> Request 2
1433
(1, 2, 2)
1
(58, 38)
---> Week : 145
--> Day : 0
-> Request 0
112
(3, 2, 2)
1
(9, 22)
-> Request 1
407
(4, 1, 2)
3
(63, 66)
-> Request 2
530
(4, 3, 2)
3
(52, 75)
-> Request 3
637
(4, 3, 1)
1
(54, 41)
-> Request 4
1209
(3, 2, 1)
2
(46, 33)
--> Day : 1
-> Request 0
93
(3, 3, 1)
3
(53, 70)
-> Request 1
284
(1, 1, 2)
2
(53, 32)
-> Request 2
1383
(4, 3, 2)
3
(47, 32)
--> Day : 2
-> Request 0
3
(4, 2, 1)
3
(58, 40)
-> Request 1
18
(4, 3, 1)
2
(63, 76)
-> Request 2
446
(2, 1, 2)
2
(63, 66)
-> Request 3
519
(1, 3, 2)
3
(60, 74)
-> Request 4
611
(1, 3, 1)
2
(60, 76)
-> Request 5
672
(4, 3, 1)
3
(52, 28)
-> Request 6
926
(1, 3, 2)
2
(55, 74)
-> Request 7
971
(1, 3, 1)
3
(46, 31)
--> Day : 3
-> Request 0
26
(1, 1, 2)
1
(58, 41)
-> Request 1
108
(3, 1, 1)
1
(52, 30)
-> Request 2
178
(3, 3, 2)
3
(55, 68)
-> Request 3
251
(4, 3, 2)
1
(43, 31)
-> Request 4
529
(3, 1, 1)
3
(58, 67)
-> Request 5
961
(1, 2, 2)
2
(14, 22)
-> Request 6
1023
(3, 3, 2)
2
(13, 24)
--> Day : 4
-> Request 0
98
(4, 2, 1)
2
(61, 27)
-> Request 1
260
(4, 3, 2)
3
(57, 40)
-> Request 2
525
(4, 1, 2)
1
(48, 33)
-> Request 3
545
(1, 2, 2)
2
(59, 35)
-> Request 4
627
(3, 2, 1)
2
(53, 76)
-> Request 5
669
(2, 2, 2)
3
(62, 66)
-> Request 6
1118
(1, 3, 1)
1
(60, 72)
---> Week : 146
--> Day : 0
-> Request 0
154
(3, 3, 2)
1
(45, 34)
-> Request 1
537
(2, 1, 2)
1
(64, 76)
-> Request 2
555
(4, 1, 2)
2
(48, 32)
-> Request 3
1069
(3, 3, 2)
1
(51, 34)
-> Request 4
1102
(2, 2, 2)
2
(53, 30)
-> Request 5
1173
(1, 3, 1)
3
(63, 67)
-> Request 6
1218
(2, 3, 1)
2
(59, 36)
--> Day : 1
-> Request 0
180
(3, 2, 2)
1
(57, 29)
--> Day : 2
-> Request 0
902
(1, 3, 1)
2
(62, 67)
-> Request 1
903
(1, 2, 2)
1
(53, 44)
-> Request 2
1306
(3, 1, 1)
1
(50, 37)
--> Day : 3
-> Request 0
251
(1, 3, 2)
3
(49, 29)
-> Request 1
315
(1, 1, 2)
3
(44, 29)
-> Request 2
949
(3, 1, 1)
1
(47, 44)
-> Request 3
1015
(3, 3, 1)
3
(43, 41)
-> Request 4
1264
(3, 3, 2)
1
(49, 45)
-> Request 5
1273
(1, 2, 2)
1
(46, 45)
--> Day : 4
-> Request 0
54
(4, 2, 2)
1
(64, 66)
-> Request 1
239
(3, 3, 1)
2
(44, 37)
-> Request 2
568
(4, 1, 1)
1
(53, 76)
---> Week : 147
--> Day : 0
-> Request 0
158
(1, 1, 1)
2
(46, 37)
-> Request 1
724
(2, 1, 2)
2
(44, 46)
-> Request 2
849
(3, 2, 2)
3
(58, 30)
-> Request 3
1311
(1, 1, 2)
2
(53, 45)
--> Day : 1
-> Request 0
103
(2, 2, 2)
2
(57, 32)
-> Request 1
766
(1, 1, 1)
3
(53, 27)
-> Request 2
888
(3, 1, 2)
3
(62, 75)
-> Request 3
1154
(2, 1, 1)
2
(59, 37)
-> Request 4
1314
(2, 1, 1)
1
(12, 25)
--> Day : 2
-> Request 0
286
(1, 2, 1)
2
(63, 64)
-> Request 1
692
(1, 2, 1)
2
(54, 34)
-> Request 2
1401
(2, 2, 1)
3
(8, 20)
--> Day : 3
-> Request 0
654
(3, 2, 2)
3
(52, 76)
-> Request 1
720
(2, 1, 1)
1
(46, 32)
-> Request 2
759
(3, 2, 1)
2
(47, 28)
-> Request 3
1196
(4, 3, 1)
1
(51, 45)
-> Request 4
1257
(3, 3, 2)
3
(53, 76)
-> Request 5
1416
(1, 2, 1)
1
(52, 35)
--> Day : 4
-> Request 0
769
(4, 2, 1)
3
(48, 34)
-> Request 1
956
(3, 2, 1)
2
(44, 43)
-> Request 2
1291
(2, 2, 1)
1
(62, 72)
---> Week : 148
--> Day : 0
-> Request 0
290
(1, 2, 1)
1
(51, 28)
-> Request 1
353
(2, 1, 2)
3
(56, 31)
-> Request 2
778
(4, 2, 1)
1
(46, 46)
-> Request 3
977
(3, 1, 1)
2
(66, 78)
-> Request 4
1072
(1, 1, 1)
3
(64, 67)
-> Request 5
1075
(1, 3, 2)
1
(48, 45)
--> Day : 1
-> Request 0
82
(1, 3, 2)
1
(66, 65)
-> Request 1
447
(2, 3, 1)
3
(54, 28)
-> Request 2
583
(2, 3, 2)
1
(46, 34)
-> Request 3
591
(3, 3, 1)
2
(51, 34)
-> Request 4
642
(2, 3, 1)
3
(56, 43)
-> Request 5
803
(3, 3, 1)
3
(45, 46)
-> Request 6
1420
(1, 3, 2)
1
(56, 39)
--> Day : 2
-> Request 0
882
(2, 1, 1)
3
(53, 64)
-> Request 1
1383
(1, 2, 1)
1
(65, 69)
-> Request 2
1426
(4, 3, 2)
3
(54, 67)
--> Day : 3
-> Request 0
343
(2, 3, 2)
3
(53, 75)
-> Request 1
753
(3, 1, 2)
2
(52, 72)
-> Request 2
810
(3, 1, 1)
3
(53, 38)
-> Request 3
1100
(4, 3, 2)
2
(47, 29)
--> Day : 4
-> Request 0
250
(1, 1, 2)
3
(56, 75)
-> Request 1
383
(4, 2, 2)
3
(10, 20)
-> Request 2
1308
(2, 1, 2)
2
(17, 24)
---> Week : 149
--> Day : 0
-> Request 0
457
(3, 1, 1)
1
(48, 41)
-> Request 1
545
(1, 2, 2)
3
(52, 45)
--> Day : 1
-> Request 0
478
(1, 2, 2)
3
(59, 29)
-> Request 1
515
(3, 2, 1)
3
(54, 43)
-> Request 2
846
(4, 2, 2)
3
(48, 35)
-> Request 3
1403
(3, 1, 2)
3
(53, 32)
--> Day : 2
-> Request 0
426
(3, 2, 1)
2
(16, 27)
-> Request 1
854
(3, 1, 2)
3
(54, 76)
-> Request 2
1381
(3, 3, 1)
1
(58, 34)
--> Day : 3
-> Request 0
553
(1, 2, 1)
3
(49, 32)
-> Request 1
770
(2, 3, 2)
2
(52, 78)
-> Request 2
1126
(2, 1, 2)
3
(54, 67)
-> Request 3
1326
(3, 2, 1)
1
(65, 69)
-> Request 4
1426
(4, 2, 1)
1
(54, 37)
--> Day : 4
-> Request 0
335
(4, 2, 1)
2
(57, 44)
-> Request 1
732
(1, 1, 2)
3
(51, 43)
-> Request 2
1197
(1, 3, 2)
2
(63, 77)
-> Request 3
1265
(3, 2, 1)
1
(57, 73)
