---> Week : 0
--> Day : 0
-> Request 0
237
(3, 1, 2)
2
(58, 35)
-> Request 1
928
(3, 3, 2)
3
(58, 42)
-> Request 2
978
(3, 2, 2)
1
(55, 75)
--> Day : 1
-> Request 0
191
(4, 1, 1)
2
(58, 31)
-> Request 1
438
(2, 1, 2)
2
(59, 73)
-> Request 2
447
(3, 1, 2)
1
(61, 34)
--> Day : 2
-> Request 0
599
(2, 2, 1)
1
(48, 41)
-> Request 1
601
(1, 3, 2)
1
(52, 68)
-> Request 2
678
(2, 3, 2)
1
(52, 65)
-> Request 3
689
(3, 1, 1)
1
(47, 35)
-> Request 4
1084
(4, 2, 2)
1
(65, 72)
-> Request 5
1143
(2, 3, 1)
3
(55, 73)
-> Request 6
1401
(2, 3, 1)
1
(46, 29)
--> Day : 3
-> Request 0
311
(2, 2, 1)
2
(46, 41)
-> Request 1
864
(2, 2, 1)
1
(10, 29)
--> Day : 4
-> Request 0
271
(3, 1, 1)
2
(58, 74)
-> Request 1
366
(1, 1, 1)
1
(50, 34)
-> Request 2
413
(2, 3, 2)
2
(45, 44)
-> Request 3
1369
(3, 1, 1)
2
(17, 22)
---> Week : 1
--> Day : 0
-> Request 0
358
(1, 1, 1)
2
(61, 66)
-> Request 1
489
(1, 1, 2)
2
(47, 41)
-> Request 2
506
(3, 3, 1)
3
(61, 32)
-> Request 3
777
(3, 2, 1)
2
(65, 73)
-> Request 4
830
(4, 3, 2)
3
(50, 30)
-> Request 5
1121
(3, 1, 2)
3
(58, 77)
--> Day : 1
-> Request 0
101
(2, 2, 2)
2
(61, 32)
-> Request 1
374
(1, 1, 1)
2
(60, 40)
-> Request 2
471
(1, 3, 1)
3
(52, 70)
-> Request 3
1268
(2, 3, 1)
3
(62, 36)
--> Day : 2
-> Request 0
361
(1, 1, 2)
3
(49, 43)
-> Request 1
779
(3, 1, 2)
3
(52, 66)
-> Request 2
813
(3, 2, 1)
2
(61, 38)
--> Day : 3
-> Request 0
354
(4, 1, 2)
1
(62, 40)
-> Request 1
608
(4, 2, 2)
2
(48, 34)
-> Request 2
1085
(2, 1, 2)
1
(53, 77)
-> Request 3
1273
(3, 3, 1)
2
(59, 77)
--> Day : 4
-> Request 0
51
(3, 3, 2)
3
(47, 32)
-> Request 1
192
(3, 2, 2)
2
(58, 44)
-> Request 2
637
(2, 3, 1)
3
(60, 46)
-> Request 3
1046
(4, 3, 1)
3
(49, 30)
-> Request 4
1236
(4, 2, 1)
2
(60, 70)
---> Week : 2
--> Day : 0
-> Request 0
12
(2, 2, 2)
2
(59, 36)
-> Request 1
242
(4, 2, 1)
1
(66, 77)
-> Request 2
556
(1, 3, 2)
3
(49, 45)
-> Request 3
594
(3, 2, 1)
2
(65, 69)
-> Request 4
601
(3, 1, 2)
3
(61, 46)
-> Request 5
1136
(3, 2, 1)
2
(63, 76)
-> Request 6
1138
(3, 2, 1)
1
(44, 29)
--> Day : 1
-> Request 0
508
(4, 1, 2)
2
(46, 29)
-> Request 1
628
(3, 1, 1)
3
(10, 29)
-> Request 2
703
(1, 3, 1)
3
(60, 41)
-> Request 3
1417
(2, 2, 1)
1
(52, 64)
--> Day : 2
-> Request 0
1116
(1, 3, 1)
2
(63, 72)
-> Request 1
1404
(3, 1, 1)
3
(54, 33)
--> Day : 3
-> Request 0
736
(2, 2, 2)
2
(49, 46)
--> Day : 4
-> Request 0
41
(3, 2, 1)
2
(57, 32)
-> Request 1
534
(3, 2, 1)
1
(58, 34)
-> Request 2
776
(3, 3, 2)
1
(56, 29)
---> Week : 3
--> Day : 0
-> Request 0
637
(1, 1, 1)
1
(54, 39)
-> Request 1
868
(1, 1, 2)
1
(10, 24)
--> Day : 1
-> Request 0
236
(2, 2, 1)
2
(49, 44)
-> Request 1
388
(2, 2, 2)
1
(11, 22)
-> Request 2
475
(4, 1, 1)
1
(53, 34)
-> Request 3
898
(2, 2, 2)
3
(65, 70)
-> Request 4
1085
(2, 2, 1)
2
(52, 31)
-> Request 5
1228
(2, 2, 1)
2
(52, 74)
--> Day : 2
-> Request 0
578
(4, 1, 1)
2
(13, 25)
-> Request 1
642
(2, 2, 2)
1
(50, 46)
-> Request 2
946
(1, 1, 1)
1
(57, 41)
-> Request 3
1174
(4, 2, 1)
3
(56, 73)
--> Day : 3
-> Request 0
1131
(4, 2, 1)
2
(62, 27)
--> Day : 4
-> Request 0
426
(3, 3, 2)
2
(43, 43)
-> Request 1
487
(4, 1, 2)
2
(60, 30)
-> Request 2
502
(4, 2, 2)
3
(51, 34)
-> Request 3
729
(4, 2, 1)
2
(55, 30)
-> Request 4
1374
(1, 2, 1)
3
(57, 36)
---> Week : 4
--> Day : 0
-> Request 0
77
(4, 1, 2)
2
(12, 27)
-> Request 1
172
(1, 3, 2)
2
(55, 77)
-> Request 2
592
(4, 3, 2)
2
(50, 37)
-> Request 3
1090
(4, 2, 2)
1
(43, 31)
-> Request 4
1091
(4, 2, 2)
2
(49, 32)
--> Day : 1
-> Request 0
179
(1, 3, 2)
2
(51, 35)
-> Request 1
561
(3, 1, 2)
1
(52, 67)
-> Request 2
1220
(2, 2, 2)
2
(61, 30)
-> Request 3
1253
(4, 1, 2)
3
(61, 68)
--> Day : 2
-> Request 0
623
(2, 3, 1)
1
(58, 33)
-> Request 1
818
(3, 3, 1)
2
(55, 43)
-> Request 2
1399
(3, 3, 1)
3
(66, 65)
--> Day : 3
-> Request 0
184
(1, 2, 2)
2
(64, 74)
-> Request 1
251
(2, 2, 2)
2
(16, 21)
-> Request 2
354
(2, 1, 2)
2
(57, 39)
-> Request 3
409
(1, 3, 1)
1
(46, 35)
-> Request 4
1333
(2, 3, 1)
1
(47, 46)
-> Request 5
1372
(3, 1, 1)
1
(57, 72)
--> Day : 4
-> Request 0
696
(1, 2, 2)
2
(62, 36)
---> Week : 5
--> Day : 0
-> Request 0
1386
(3, 3, 2)
1
(14, 20)
--> Day : 1
-> Request 0
808
(2, 3, 2)
2
(55, 33)
-> Request 1
1086
(3, 2, 1)
1
(59, 45)
-> Request 2
1182
(4, 2, 2)
1
(61, 35)
-> Request 3
1371
(1, 1, 2)
1
(58, 44)
--> Day : 2
-> Request 0
1054
(4, 3, 1)
2
(45, 37)
-> Request 1
1139
(4, 3, 1)
3
(58, 73)
-> Request 2
1415
(1, 3, 2)
1
(52, 70)
--> Day : 3
-> Request 0
74
(2, 2, 2)
2
(43, 44)
-> Request 1
435
(4, 1, 2)
1
(58, 41)
-> Request 2
635
(1, 1, 1)
1
(59, 46)
-> Request 3
685
(4, 3, 2)
2
(62, 29)
-> Request 4
758
(4, 2, 2)
3
(9, 23)
-> Request 5
1003
(4, 1, 2)
3
(58, 43)
-> Request 6
1132
(1, 2, 2)
1
(61, 30)
-> Request 7
1200
(2, 1, 1)
2
(65, 74)
-> Request 8
1260
(2, 3, 1)
3
(48, 45)
-> Request 9
1349
(2, 3, 1)
3
(55, 74)
--> Day : 4
-> Request 0
421
(2, 1, 1)
2
(65, 73)
-> Request 1
1346
(4, 1, 1)
2
(59, 77)
---> Week : 6
--> Day : 0
-> Request 0
176
(3, 1, 2)
3
(57, 44)
-> Request 1
275
(2, 3, 1)
2
(54, 73)
-> Request 2
277
(1, 3, 2)
2
(52, 33)
-> Request 3
308
(3, 2, 2)
3
(43, 36)
-> Request 4
844
(4, 1, 1)
2
(60, 72)
--> Day : 1
-> Request 0
77
(4, 1, 2)
1
(54, 31)
-> Request 1
335
(3, 3, 1)
2
(60, 34)
-> Request 2
435
(1, 1, 2)
3
(17, 28)
-> Request 3
786
(3, 1, 2)
2
(65, 74)
-> Request 4
843
(1, 1, 1)
3
(58, 28)
-> Request 5
1303
(4, 1, 1)
1
(59, 33)
--> Day : 2
--> Day : 3
-> Request 0
3
(4, 1, 2)
1
(8, 28)
-> Request 1
20
(1, 2, 1)
1
(62, 64)
-> Request 2
425
(2, 1, 1)
1
(60, 71)
-> Request 3
602
(4, 3, 2)
3
(49, 34)
-> Request 4
657
(4, 1, 1)
2
(61, 34)
--> Day : 4
-> Request 0
198
(2, 1, 2)
1
(52, 27)
-> Request 1
324
(3, 1, 1)
3
(53, 40)
-> Request 2
1128
(1, 1, 2)
1
(58, 42)
-> Request 3
1278
(3, 1, 2)
2
(45, 41)
---> Week : 7
--> Day : 0
-> Request 0
243
(1, 1, 1)
1
(59, 33)
-> Request 1
767
(1, 1, 2)
1
(44, 40)
-> Request 2
1021
(2, 1, 1)
1
(54, 73)
-> Request 3
1434
(2, 3, 1)
2
(57, 66)
--> Day : 1
-> Request 0
41
(1, 3, 2)
3
(53, 38)
--> Day : 2
-> Request 0
151
(4, 1, 1)
1
(46, 30)
-> Request 1
474
(2, 3, 1)
3
(66, 73)
-> Request 2
586
(2, 2, 1)
1
(60, 39)
-> Request 3
669
(4, 3, 2)
2
(60, 77)
-> Request 4
919
(3, 1, 2)
2
(59, 36)
--> Day : 3
-> Request 0
0
(2, 3, 2)
2
(52, 28)
-> Request 1
529
(3, 1, 1)
1
(64, 73)
-> Request 2
828
(2, 3, 1)
2
(62, 46)
-> Request 3
837
(2, 3, 2)
1
(60, 35)
--> Day : 4
-> Request 0
75
(1, 2, 1)
1
(55, 38)
-> Request 1
444
(3, 2, 2)
1
(56, 44)
-> Request 2
509
(3, 1, 2)
1
(61, 41)
-> Request 3
518
(4, 1, 2)
2
(17, 25)
-> Request 4
863
(3, 3, 2)
1
(58, 38)
-> Request 5
883
(4, 2, 1)
3
(43, 41)
-> Request 6
921
(1, 2, 2)
3
(45, 31)
-> Request 7
958
(4, 3, 1)
1
(47, 41)
-> Request 8
1080
(1, 2, 2)
1
(58, 44)
---> Week : 8
--> Day : 0
-> Request 0
420
(4, 2, 1)
2
(9, 26)
-> Request 1
637
(4, 1, 1)
1
(58, 33)
-> Request 2
857
(3, 3, 1)
3
(55, 46)
--> Day : 1
-> Request 0
616
(2, 2, 2)
1
(44, 36)
-> Request 1
699
(3, 2, 1)
3
(62, 45)
-> Request 2
967
(4, 2, 2)
1
(8, 25)
-> Request 3
1045
(2, 2, 1)
2
(54, 31)
-> Request 4
1219
(2, 1, 1)
3
(63, 72)
-> Request 5
1301
(4, 3, 1)
3
(16, 29)
--> Day : 2
-> Request 0
749
(2, 3, 2)
2
(47, 44)
-> Request 1
1023
(3, 3, 2)
2
(54, 78)
-> Request 2
1176
(4, 3, 2)
1
(61, 34)
-> Request 3
1350
(2, 2, 2)
2
(56, 72)
--> Day : 3
-> Request 0
198
(2, 3, 2)
2
(52, 65)
-> Request 1
343
(3, 2, 2)
2
(52, 67)
--> Day : 4
-> Request 0
223
(3, 1, 2)
1
(57, 66)
-> Request 1
229
(4, 1, 2)
2
(58, 44)
-> Request 2
363
(4, 1, 1)
1
(52, 30)
-> Request 3
471
(4, 2, 1)
3
(59, 73)
-> Request 4
1052
(3, 3, 2)
3
(47, 39)
-> Request 5
1394
(2, 1, 2)
1
(48, 39)
---> Week : 9
--> Day : 0
-> Request 0
215
(1, 1, 1)
3
(59, 29)
-> Request 1
281
(1, 2, 1)
3
(45, 30)
-> Request 2
516
(4, 3, 2)
2
(66, 78)
-> Request 3
618
(1, 1, 2)
3
(44, 34)
-> Request 4
1267
(4, 1, 1)
3
(46, 43)
--> Day : 1
-> Request 0
21
(1, 1, 1)
3
(62, 68)
-> Request 1
21
(2, 1, 2)
3
(62, 32)
-> Request 2
738
(3, 3, 1)
2
(54, 31)
-> Request 3
1081
(4, 3, 1)
2
(53, 40)
--> Day : 2
-> Request 0
204
(2, 2, 1)
2
(45, 45)
--> Day : 3
-> Request 0
36
(1, 1, 1)
2
(62, 31)
-> Request 1
58
(3, 3, 2)
1
(17, 28)
-> Request 2
424
(4, 3, 1)
1
(49, 28)
-> Request 3
614
(1, 3, 2)
3
(65, 66)
-> Request 4
670
(2, 3, 1)
2
(62, 34)
-> Request 5
710
(1, 1, 1)
2
(45, 46)
-> Request 6
883
(2, 3, 2)
2
(64, 75)
-> Request 7
1238
(4, 3, 2)
2
(55, 40)
--> Day : 4
-> Request 0
366
(2, 1, 1)
3
(63, 68)
-> Request 1
414
(2, 1, 1)
2
(56, 46)
-> Request 2
521
(3, 1, 2)
3
(60, 32)
-> Request 3
1087
(1, 2, 2)
3
(64, 77)
-> Request 4
1159
(3, 3, 2)
3
(53, 66)
-> Request 5
1340
(2, 3, 1)
1
(45, 27)
---> Week : 10
--> Day : 0
-> Request 0
251
(4, 3, 2)
2
(48, 35)
-> Request 1
548
(3, 1, 1)
3
(62, 38)
-> Request 2
1248
(2, 3, 1)
1
(45, 31)
--> Day : 1
-> Request 0
157
(2, 3, 2)
2
(66, 65)
-> Request 1
767
(2, 1, 1)
2
(13, 23)
-> Request 2
832
(4, 3, 2)
1
(10, 20)
-> Request 3
899
(4, 2, 2)
3
(62, 66)
-> Request 4
1199
(1, 3, 2)
3
(65, 77)
--> Day : 2
-> Request 0
199
(4, 3, 1)
1
(53, 33)
-> Request 1
355
(1, 1, 2)
3
(59, 73)
-> Request 2
961
(2, 1, 2)
2
(50, 42)
-> Request 3
1200
(2, 3, 2)
2
(63, 67)
--> Day : 3
-> Request 0
6
(1, 2, 1)
3
(54, 74)
-> Request 1
475
(2, 1, 1)
2
(59, 73)
-> Request 2
725
(2, 1, 1)
2
(62, 67)
-> Request 3
861
(3, 1, 2)
2
(46, 33)
-> Request 4
1353
(4, 3, 2)
3
(59, 70)
--> Day : 4
-> Request 0
107
(2, 1, 1)
3
(66, 66)
-> Request 1
929
(1, 1, 1)
1
(49, 28)
-> Request 2
1055
(1, 2, 1)
2
(60, 64)
-> Request 3
1419
(2, 3, 1)
1
(62, 31)
---> Week : 11
--> Day : 0
-> Request 0
523
(2, 2, 2)
2
(56, 39)
-> Request 1
1175
(3, 2, 2)
1
(10, 27)
--> Day : 1
-> Request 0
105
(1, 2, 2)
2
(51, 28)
-> Request 1
173
(2, 1, 2)
3
(48, 36)
-> Request 2
219
(4, 2, 2)
1
(62, 66)
-> Request 3
652
(4, 1, 1)
2
(65, 68)
-> Request 4
1021
(3, 1, 2)
2
(52, 71)
-> Request 5
1300
(4, 1, 2)
3
(11, 29)
--> Day : 2
-> Request 0
144
(4, 3, 2)
2
(53, 77)
-> Request 1
245
(2, 1, 2)
1
(54, 42)
-> Request 2
259
(4, 2, 1)
1
(46, 40)
-> Request 3
634
(3, 3, 2)
3
(43, 29)
-> Request 4
673
(2, 1, 2)
1
(17, 22)
-> Request 5
1272
(2, 2, 1)
1
(51, 37)
-> Request 6
1311
(4, 3, 1)
2
(52, 72)
--> Day : 3
-> Request 0
44
(1, 3, 2)
2
(56, 34)
-> Request 1
537
(3, 3, 2)
2
(64, 69)
-> Request 2
680
(1, 1, 1)
3
(47, 31)
-> Request 3
740
(3, 1, 1)
3
(48, 46)
-> Request 4
906
(4, 1, 2)
2
(47, 38)
-> Request 5
1028
(2, 2, 2)
3
(63, 64)
--> Day : 4
-> Request 0
759
(2, 1, 1)
3
(51, 32)
-> Request 1
1377
(3, 1, 2)
1
(56, 38)
---> Week : 12
--> Day : 0
-> Request 0
104
(1, 2, 2)
3
(55, 38)
-> Request 1
1072
(3, 2, 2)
2
(53, 68)
--> Day : 1
-> Request 0
42
(3, 3, 1)
2
(56, 32)
-> Request 1
164
(1, 2, 1)
3
(62, 68)
-> Request 2
680
(3, 2, 2)
3
(63, 66)
-> Request 3
942
(2, 3, 2)
3
(50, 30)
-> Request 4
1281
(1, 3, 1)
3
(66, 72)
--> Day : 2
-> Request 0
950
(3, 2, 2)
1
(47, 43)
-> Request 1
1280
(1, 3, 1)
1
(60, 71)
--> Day : 3
-> Request 0
379
(1, 2, 1)
2
(55, 42)
-> Request 1
494
(3, 3, 1)
1
(47, 39)
--> Day : 4
-> Request 0
39
(3, 3, 2)
3
(61, 46)
-> Request 1
117
(4, 2, 1)
3
(43, 34)
-> Request 2
286
(1, 2, 2)
3
(57, 32)
-> Request 3
303
(2, 1, 1)
1
(61, 40)
-> Request 4
648
(2, 3, 1)
3
(66, 73)
---> Week : 13
--> Day : 0
-> Request 0
13
(1, 2, 1)
1
(15, 27)
-> Request 1
565
(4, 2, 2)
3
(44, 28)
--> Day : 1
-> Request 0
132
(4, 2, 2)
3
(13, 27)
-> Request 1
132
(1, 3, 2)
1
(54, 69)
-> Request 2
238
(1, 3, 2)
2
(62, 37)
-> Request 3
271
(2, 2, 2)
3
(44, 36)
-> Request 4
402
(3, 1, 1)
3
(53, 65)
-> Request 5
556
(3, 3, 2)
1
(58, 36)
-> Request 6
646
(2, 2, 2)
1
(56, 30)
-> Request 7
787
(4, 1, 1)
3
(16, 22)
-> Request 8
810
(2, 3, 2)
2
(60, 70)
-> Request 9
998
(3, 1, 1)
3
(49, 45)
--> Day : 2
-> Request 0
122
(3, 3, 2)
2
(62, 28)
-> Request 1
539
(4, 2, 2)
2
(44, 43)
-> Request 2
1001
(4, 1, 1)
1
(44, 35)
--> Day : 3
-> Request 0
1
(3, 3, 2)
2
(62, 28)
-> Request 1
256
(2, 3, 1)
2
(53, 29)
-> Request 2
317
(3, 3, 2)
3
(65, 76)
-> Request 3
1017
(4, 2, 1)
1
(57, 37)
-> Request 4
1188
(3, 2, 1)
1
(16, 23)
--> Day : 4
-> Request 0
53
(2, 3, 1)
3
(54, 75)
-> Request 1
448
(3, 3, 1)
3
(60, 28)
-> Request 2
746
(4, 2, 1)
3
(13, 27)
-> Request 3
1064
(1, 3, 2)
3
(59, 37)
-> Request 4
1067
(3, 3, 1)
2
(45, 34)
-> Request 5
1389
(2, 3, 1)
1
(16, 24)
---> Week : 14
--> Day : 0
-> Request 0
370
(1, 2, 2)
3
(65, 78)
-> Request 1
679
(2, 2, 1)
2
(8, 23)
-> Request 2
756
(3, 2, 2)
3
(54, 67)
-> Request 3
1255
(4, 3, 1)
3
(49, 43)
--> Day : 1
-> Request 0
262
(2, 2, 1)
3
(66, 78)
-> Request 1
294
(4, 2, 2)
3
(58, 78)
-> Request 2
725
(1, 2, 2)
1
(58, 36)
--> Day : 2
-> Request 0
820
(3, 1, 2)
2
(44, 37)
--> Day : 3
-> Request 0
252
(2, 2, 2)
3
(59, 40)
-> Request 1
528
(3, 3, 1)
1
(62, 43)
-> Request 2
572
(3, 1, 1)
3
(64, 78)
-> Request 3
660
(4, 3, 1)
2
(61, 67)
-> Request 4
805
(1, 2, 2)
1
(58, 34)
-> Request 5
990
(3, 2, 2)
2
(57, 72)
--> Day : 4
-> Request 0
754
(2, 1, 2)
1
(57, 64)
-> Request 1
756
(3, 2, 1)
3
(13, 22)
-> Request 2
1218
(4, 3, 1)
2
(43, 45)
-> Request 3
1224
(1, 1, 1)
2
(13, 25)
-> Request 4
1263
(4, 3, 1)
3
(66, 71)
-> Request 5
1396
(1, 3, 2)
2
(55, 41)
-> Request 6
1397
(3, 1, 2)
2
(15, 22)
---> Week : 15
--> Day : 0
-> Request 0
161
(4, 2, 2)
1
(9, 23)
-> Request 1
468
(4, 3, 2)
2
(58, 67)
-> Request 2
615
(1, 2, 1)
2
(53, 46)
-> Request 3
1034
(2, 2, 1)
3
(53, 36)
--> Day : 1
-> Request 0
527
(3, 3, 1)
3
(55, 69)
-> Request 1
790
(3, 3, 1)
1
(43, 31)
-> Request 2
1088
(4, 3, 1)
3
(51, 31)
-> Request 3
1151
(3, 2, 1)
1
(53, 29)
--> Day : 2
-> Request 0
338
(4, 3, 1)
3
(61, 39)
-> Request 1
663
(4, 1, 2)
2
(14, 28)
-> Request 2
696
(3, 2, 2)
3
(9, 25)
-> Request 3
806
(2, 2, 2)
2
(48, 39)
-> Request 4
1041
(4, 1, 1)
2
(62, 38)
-> Request 5
1290
(4, 2, 2)
3
(16, 20)
--> Day : 3
-> Request 0
286
(1, 1, 1)
1
(49, 36)
-> Request 1
290
(2, 1, 1)
3
(44, 27)
-> Request 2
744
(2, 3, 1)
1
(55, 75)
-> Request 3
764
(3, 1, 2)
2
(9, 26)
-> Request 4
873
(2, 1, 2)
2
(55, 66)
--> Day : 4
-> Request 0
955
(1, 1, 2)
1
(15, 21)
---> Week : 16
--> Day : 0
-> Request 0
51
(4, 1, 2)
3
(57, 32)
-> Request 1
85
(2, 3, 2)
2
(44, 30)
-> Request 2
100
(3, 1, 2)
2
(47, 40)
-> Request 3
142
(4, 3, 2)
2
(52, 29)
-> Request 4
507
(3, 1, 2)
1
(59, 67)
-> Request 5
567
(1, 3, 2)
3
(62, 46)
-> Request 6
1368
(3, 3, 2)
3
(61, 37)
--> Day : 1
-> Request 0
15
(4, 3, 2)
3
(64, 75)
-> Request 1
327
(4, 1, 2)
2
(57, 64)
-> Request 2
1224
(3, 3, 2)
3
(45, 33)
--> Day : 2
-> Request 0
821
(2, 2, 1)
2
(16, 20)
--> Day : 3
-> Request 0
203
(3, 1, 1)
1
(60, 75)
-> Request 1
280
(2, 2, 2)
2
(53, 78)
-> Request 2
643
(1, 3, 2)
2
(62, 73)
-> Request 3
989
(2, 2, 2)
3
(61, 38)
--> Day : 4
-> Request 0
1310
(1, 2, 1)
1
(48, 29)
-> Request 1
1389
(3, 2, 2)
2
(56, 41)
---> Week : 17
--> Day : 0
-> Request 0
24
(1, 2, 1)
2
(53, 65)
-> Request 1
832
(3, 2, 2)
1
(63, 77)
--> Day : 1
-> Request 0
112
(4, 3, 2)
3
(58, 45)
-> Request 1
289
(4, 1, 1)
2
(56, 32)
-> Request 2
701
(2, 1, 1)
3
(48, 33)
-> Request 3
1128
(1, 3, 1)
2
(11, 23)
--> Day : 2
-> Request 0
192
(2, 3, 1)
3
(58, 34)
-> Request 1
618
(4, 2, 1)
2
(8, 28)
-> Request 2
662
(2, 3, 1)
3
(53, 70)
-> Request 3
811
(4, 1, 2)
1
(56, 41)
-> Request 4
922
(4, 2, 1)
3
(59, 68)
-> Request 5
922
(1, 2, 1)
2
(44, 36)
-> Request 6
1439
(2, 3, 1)
1
(11, 27)
--> Day : 3
-> Request 0
225
(2, 3, 2)
1
(53, 35)
-> Request 1
358
(3, 3, 2)
3
(53, 30)
-> Request 2
464
(4, 3, 2)
3
(47, 31)
-> Request 3
823
(2, 1, 2)
2
(57, 38)
-> Request 4
946
(3, 2, 2)
3
(61, 33)
-> Request 5
1032
(4, 2, 2)
2
(57, 65)
-> Request 6
1425
(1, 2, 2)
2
(60, 74)
--> Day : 4
-> Request 0
139
(4, 2, 2)
1
(44, 38)
-> Request 1
731
(2, 3, 1)
1
(48, 31)
-> Request 2
1037
(3, 2, 1)
1
(58, 74)
-> Request 3
1052
(2, 2, 2)
2
(57, 38)
---> Week : 18
--> Day : 0
-> Request 0
68
(1, 3, 2)
2
(54, 78)
-> Request 1
159
(2, 3, 2)
2
(57, 35)
-> Request 2
568
(2, 1, 1)
1
(45, 45)
-> Request 3
852
(2, 2, 2)
3
(48, 31)
-> Request 4
920
(1, 3, 1)
2
(52, 73)
-> Request 5
1036
(4, 2, 2)
3
(54, 67)
-> Request 6
1162
(4, 1, 1)
2
(58, 64)
-> Request 7
1316
(3, 1, 2)
3
(53, 46)
--> Day : 1
-> Request 0
20
(2, 2, 2)
1
(56, 66)
-> Request 1
35
(4, 3, 1)
2
(63, 72)
-> Request 2
343
(3, 1, 2)
3
(60, 45)
-> Request 3
1230
(1, 1, 2)
1
(55, 27)
-> Request 4
1302
(4, 1, 1)
2
(53, 27)
--> Day : 2
--> Day : 3
-> Request 0
8
(1, 2, 2)
1
(44, 44)
-> Request 1
304
(4, 3, 2)
3
(45, 34)
-> Request 2
620
(4, 2, 2)
3
(52, 39)
-> Request 3
1372
(3, 1, 2)
1
(43, 30)
-> Request 4
1407
(2, 2, 1)
1
(51, 45)
-> Request 5
1413
(1, 2, 2)
1
(64, 70)
--> Day : 4
-> Request 0
389
(4, 1, 2)
3
(45, 41)
-> Request 1
1371
(1, 3, 1)
3
(53, 34)
---> Week : 19
--> Day : 0
-> Request 0
183
(2, 2, 2)
1
(64, 71)
-> Request 1
778
(3, 2, 2)
1
(60, 33)
-> Request 2
852
(2, 2, 2)
2
(11, 26)
-> Request 3
1151
(4, 3, 2)
3
(53, 73)
-> Request 4
1207
(1, 2, 1)
1
(55, 35)
-> Request 5
1247
(2, 2, 1)
1
(52, 29)
--> Day : 1
-> Request 0
258
(1, 3, 2)
1
(63, 74)
-> Request 1
533
(1, 1, 1)
2
(56, 28)
-> Request 2
757
(3, 2, 1)
1
(51, 44)
--> Day : 2
--> Day : 3
-> Request 0
100
(4, 3, 1)
2
(59, 76)
-> Request 1
712
(3, 3, 1)
1
(59, 35)
-> Request 2
1189
(1, 3, 2)
2
(50, 38)
--> Day : 4
-> Request 0
16
(4, 1, 1)
2
(52, 34)
-> Request 1
345
(2, 1, 1)
3
(52, 77)
-> Request 2
593
(3, 2, 1)
2
(53, 34)
-> Request 3
964
(3, 2, 2)
1
(53, 37)
---> Week : 20
--> Day : 0
-> Request 0
277
(4, 3, 2)
1
(57, 32)
-> Request 1
413
(3, 1, 1)
2
(48, 35)
-> Request 2
566
(3, 3, 2)
3
(59, 40)
-> Request 3
1290
(4, 1, 2)
3
(61, 68)
--> Day : 1
-> Request 0
448
(4, 1, 2)
1
(59, 67)
-> Request 1
498
(3, 1, 1)
1
(54, 33)
-> Request 2
680
(1, 1, 2)
1
(14, 26)
-> Request 3
690
(4, 3, 2)
3
(62, 35)
-> Request 4
883
(3, 1, 1)
2
(43, 36)
-> Request 5
1415
(1, 2, 1)
3
(59, 78)
--> Day : 2
-> Request 0
640
(2, 3, 1)
1
(56, 45)
-> Request 1
662
(4, 2, 2)
2
(53, 35)
-> Request 2
977
(3, 1, 2)
2
(62, 42)
--> Day : 3
-> Request 0
90
(4, 1, 1)
3
(54, 75)
-> Request 1
265
(3, 3, 2)
3
(8, 25)
--> Day : 4
-> Request 0
1221
(2, 2, 2)
1
(53, 33)
---> Week : 21
--> Day : 0
-> Request 0
265
(1, 3, 2)
2
(53, 65)
-> Request 1
464
(2, 1, 2)
3
(55, 70)
-> Request 2
600
(3, 3, 2)
2
(58, 68)
-> Request 3
701
(2, 1, 2)
2
(48, 32)
-> Request 4
1150
(4, 1, 1)
2
(53, 75)
-> Request 5
1152
(4, 1, 2)
2
(46, 42)
--> Day : 1
-> Request 0
332
(1, 3, 1)
2
(16, 28)
-> Request 1
661
(1, 3, 1)
3
(50, 28)
-> Request 2
744
(1, 1, 2)
1
(55, 31)
-> Request 3
987
(3, 1, 1)
2
(58, 76)
-> Request 4
1236
(2, 3, 1)
1
(55, 45)
--> Day : 2
-> Request 0
104
(2, 1, 1)
1
(50, 37)
-> Request 1
382
(3, 3, 2)
1
(59, 43)
-> Request 2
962
(3, 3, 1)
3
(53, 75)
-> Request 3
1075
(1, 1, 2)
2
(58, 44)
-> Request 4
1200
(4, 2, 2)
2
(56, 43)
--> Day : 3
-> Request 0
385
(2, 3, 1)
3
(50, 42)
-> Request 1
820
(3, 1, 2)
1
(46, 37)
-> Request 2
949
(3, 2, 1)
1
(56, 32)
-> Request 3
1420
(1, 3, 2)
1
(56, 31)
--> Day : 4
-> Request 0
92
(4, 3, 2)
1
(55, 28)
-> Request 1
181
(2, 2, 2)
3
(49, 32)
-> Request 2
562
(2, 3, 2)
3
(59, 71)
-> Request 3
684
(1, 2, 2)
1
(60, 74)
-> Request 4
819
(4, 3, 1)
2
(52, 40)
-> Request 5
1032
(2, 3, 2)
1
(43, 42)
---> Week : 22
--> Day : 0
-> Request 0
209
(4, 2, 1)
2
(55, 42)
-> Request 1
233
(2, 1, 1)
3
(53, 75)
--> Day : 1
-> Request 0
45
(3, 2, 1)
2
(56, 64)
-> Request 1
96
(2, 1, 2)
1
(57, 29)
-> Request 2
178
(2, 2, 2)
1
(57, 76)
-> Request 3
274
(4, 3, 2)
1
(62, 31)
-> Request 4
539
(3, 1, 2)
1
(15, 26)
-> Request 5
1035
(4, 2, 2)
2
(51, 37)
--> Day : 2
-> Request 0
52
(1, 3, 2)
3
(48, 40)
-> Request 1
306
(4, 2, 2)
2
(62, 43)
-> Request 2
326
(3, 3, 1)
3
(56, 64)
-> Request 3
689
(2, 3, 2)
2
(62, 41)
-> Request 4
834
(3, 1, 2)
2
(51, 38)
-> Request 5
952
(2, 3, 1)
1
(48, 43)
--> Day : 3
-> Request 0
1314
(2, 1, 1)
3
(15, 26)
--> Day : 4
-> Request 0
73
(2, 2, 2)
3
(52, 29)
-> Request 1
984
(2, 3, 2)
2
(13, 23)
-> Request 2
1120
(1, 1, 1)
1
(54, 40)
-> Request 3
1266
(1, 1, 2)
2
(56, 27)
---> Week : 23
--> Day : 0
-> Request 0
87
(4, 3, 2)
2
(45, 33)
-> Request 1
150
(1, 2, 2)
3
(61, 31)
-> Request 2
358
(4, 3, 1)
3
(59, 65)
-> Request 3
583
(4, 3, 1)
3
(54, 42)
-> Request 4
776
(2, 2, 2)
1
(54, 42)
-> Request 5
1437
(1, 3, 1)
1
(63, 73)
--> Day : 1
--> Day : 2
-> Request 0
271
(4, 1, 1)
3
(45, 29)
-> Request 1
631
(2, 3, 2)
3
(58, 68)
-> Request 2
655
(1, 1, 2)
2
(52, 65)
-> Request 3
1023
(1, 1, 2)
1
(45, 41)
-> Request 4
1269
(4, 3, 1)
3
(62, 38)
-> Request 5
1278
(3, 1, 2)
3
(58, 67)
--> Day : 3
-> Request 0
379
(1, 2, 2)
1
(65, 66)
-> Request 1
854
(4, 1, 2)
3
(55, 65)
-> Request 2
953
(4, 3, 2)
3
(61, 45)
-> Request 3
1015
(3, 3, 1)
2
(14, 21)
-> Request 4
1188
(3, 3, 1)
1
(58, 35)
-> Request 5
1384
(3, 2, 1)
1
(54, 69)
--> Day : 4
-> Request 0
77
(1, 1, 1)
3
(52, 73)
---> Week : 24
--> Day : 0
-> Request 0
502
(2, 1, 2)
3
(54, 75)
-> Request 1
512
(4, 3, 2)
1
(57, 72)
-> Request 2
601
(3, 1, 2)
1
(65, 65)
-> Request 3
1029
(1, 1, 1)
3
(46, 42)
-> Request 4
1225
(4, 1, 1)
3
(46, 39)
--> Day : 1
-> Request 0
377
(3, 3, 1)
1
(56, 44)
-> Request 1
710
(3, 3, 1)
2
(59, 28)
-> Request 2
730
(3, 3, 2)
3
(56, 67)
-> Request 3
1241
(1, 2, 2)
1
(17, 22)
-> Request 4
1288
(4, 1, 2)
3
(58, 28)
--> Day : 2
-> Request 0
53
(2, 1, 1)
3
(66, 73)
-> Request 1
53
(2, 1, 1)
2
(53, 65)
-> Request 2
250
(4, 3, 1)
2
(45, 29)
-> Request 3
582
(2, 1, 1)
2
(45, 42)
-> Request 4
710
(1, 2, 1)
2
(58, 31)
-> Request 5
1059
(4, 1, 1)
1
(45, 33)
-> Request 6
1101
(2, 3, 1)
3
(53, 29)
--> Day : 3
-> Request 0
241
(2, 3, 2)
2
(50, 42)
-> Request 1
254
(4, 3, 1)
2
(52, 38)
-> Request 2
309
(1, 1, 2)
1
(51, 32)
-> Request 3
500
(3, 2, 2)
1
(43, 44)
-> Request 4
861
(3, 1, 2)
2
(11, 28)
-> Request 5
1173
(2, 1, 1)
1
(11, 25)
-> Request 6
1408
(1, 3, 1)
1
(45, 44)
--> Day : 4
-> Request 0
773
(1, 1, 2)
2
(59, 78)
-> Request 1
845
(2, 2, 2)
3
(53, 76)
-> Request 2
1426
(1, 1, 2)
3
(48, 38)
---> Week : 25
--> Day : 0
-> Request 0
8
(2, 3, 2)
1
(51, 29)
-> Request 1
173
(4, 3, 2)
2
(58, 31)
-> Request 2
630
(4, 1, 1)
3
(59, 33)
-> Request 3
720
(4, 3, 1)
3
(52, 40)
-> Request 4
816
(3, 3, 1)
2
(59, 68)
-> Request 5
849
(1, 1, 2)
1
(50, 32)
-> Request 6
899
(1, 1, 1)
1
(57, 35)
--> Day : 1
-> Request 0
97
(2, 2, 1)
3
(58, 43)
-> Request 1
108
(4, 1, 1)
3
(63, 75)
-> Request 2
146
(2, 2, 2)
1
(12, 28)
-> Request 3
1303
(2, 1, 1)
3
(50, 34)
--> Day : 2
-> Request 0
173
(1, 2, 2)
3
(43, 45)
-> Request 1
251
(1, 2, 2)
2
(60, 31)
-> Request 2
642
(1, 3, 1)
1
(50, 43)
-> Request 3
715
(2, 2, 1)
2
(50, 31)
-> Request 4
1265
(3, 3, 1)
1
(56, 77)
-> Request 5
1379
(4, 1, 2)
1
(45, 34)
--> Day : 3
-> Request 0
117
(2, 3, 1)
1
(52, 43)
-> Request 1
126
(1, 2, 1)
2
(59, 34)
-> Request 2
331
(1, 2, 1)
1
(50, 45)
-> Request 3
686
(3, 1, 1)
2
(57, 38)
-> Request 4
827
(3, 1, 1)
1
(45, 35)
-> Request 5
1161
(3, 3, 1)
1
(44, 27)
--> Day : 4
-> Request 0
1304
(1, 1, 2)
1
(47, 27)
---> Week : 26
--> Day : 0
-> Request 0
1274
(3, 2, 1)
1
(55, 27)
--> Day : 1
-> Request 0
260
(3, 3, 1)
1
(44, 40)
-> Request 1
396
(4, 1, 2)
1
(64, 75)
-> Request 2
896
(1, 1, 1)
1
(46, 33)
-> Request 3
1057
(3, 1, 2)
2
(13, 27)
-> Request 4
1130
(4, 2, 2)
3
(53, 71)
--> Day : 2
-> Request 0
109
(4, 2, 1)
1
(44, 44)
-> Request 1
471
(3, 2, 1)
2
(61, 29)
--> Day : 3
-> Request 0
50
(4, 1, 2)
2
(51, 41)
-> Request 1
79
(1, 2, 2)
1
(59, 78)
-> Request 2
1014
(4, 3, 2)
1
(56, 30)
--> Day : 4
-> Request 0
273
(4, 3, 1)
3
(48, 36)
-> Request 1
645
(4, 3, 1)
2
(58, 69)
---> Week : 27
--> Day : 0
-> Request 0
696
(3, 1, 1)
3
(60, 40)
-> Request 1
1093
(2, 1, 2)
1
(16, 26)
--> Day : 1
-> Request 0
3
(4, 2, 2)
3
(57, 31)
-> Request 1
417
(4, 1, 2)
3
(54, 44)
-> Request 2
857
(2, 3, 1)
1
(52, 40)
--> Day : 2
-> Request 0
622
(3, 3, 2)
2
(59, 43)
-> Request 1
867
(3, 3, 1)
1
(62, 73)
-> Request 2
1024
(4, 3, 2)
3
(13, 23)
--> Day : 3
-> Request 0
139
(4, 2, 2)
1
(57, 78)
-> Request 1
1054
(2, 2, 1)
3
(10, 29)
-> Request 2
1375
(2, 3, 2)
3
(60, 35)
--> Day : 4
---> Week : 28
--> Day : 0
-> Request 0
194
(3, 1, 1)
1
(52, 29)
-> Request 1
1097
(1, 1, 2)
2
(58, 44)
-> Request 2
1176
(1, 1, 1)
3
(54, 45)
-> Request 3
1255
(4, 3, 2)
2
(50, 32)
--> Day : 1
-> Request 0
356
(3, 1, 2)
3
(63, 65)
-> Request 1
1206
(1, 2, 1)
3
(54, 64)
-> Request 2
1353
(3, 2, 1)
3
(60, 75)
--> Day : 2
-> Request 0
189
(2, 3, 1)
1
(55, 33)
-> Request 1
1016
(1, 1, 2)
1
(58, 65)
-> Request 2
1327
(1, 2, 2)
2
(60, 70)
--> Day : 3
-> Request 0
19
(1, 3, 1)
1
(64, 69)
-> Request 1
238
(1, 2, 1)
1
(50, 43)
-> Request 2
457
(4, 3, 1)
2
(65, 65)
-> Request 3
501
(3, 1, 2)
2
(48, 32)
-> Request 4
613
(4, 2, 1)
3
(64, 72)
-> Request 5
625
(1, 2, 2)
1
(53, 34)
-> Request 6
917
(4, 1, 1)
1
(17, 22)
-> Request 7
1163
(1, 1, 1)
2
(55, 72)
-> Request 8
1321
(3, 3, 2)
3
(45, 44)
-> Request 9
1325
(2, 3, 1)
1
(15, 24)
--> Day : 4
-> Request 0
497
(1, 2, 2)
2
(60, 34)
-> Request 1
1400
(2, 2, 1)
2
(56, 35)
---> Week : 29
--> Day : 0
-> Request 0
847
(1, 2, 1)
2
(62, 78)
-> Request 1
1092
(3, 1, 1)
3
(49, 29)
-> Request 2
1120
(3, 1, 2)
1
(58, 71)
--> Day : 1
-> Request 0
177
(3, 2, 2)
3
(51, 46)
-> Request 1
490
(3, 2, 2)
2
(61, 78)
-> Request 2
852
(4, 1, 2)
3
(59, 69)
-> Request 3
1143
(4, 1, 2)
3
(60, 68)
-> Request 4
1334
(2, 1, 1)
3
(43, 42)
--> Day : 2
-> Request 0
546
(4, 2, 2)
2
(64, 73)
-> Request 1
982
(4, 1, 1)
1
(50, 46)
--> Day : 3
-> Request 0
514
(2, 2, 2)
2
(59, 30)
-> Request 1
838
(4, 1, 2)
3
(43, 45)
-> Request 2
1049
(3, 3, 1)
3
(52, 77)
-> Request 3
1050
(3, 3, 1)
3
(63, 75)
-> Request 4
1182
(1, 3, 1)
3
(14, 23)
--> Day : 4
-> Request 0
1040
(2, 3, 2)
3
(52, 27)
---> Week : 30
--> Day : 0
-> Request 0
396
(4, 2, 2)
3
(52, 76)
-> Request 1
401
(3, 2, 1)
1
(58, 64)
-> Request 2
1335
(3, 3, 2)
3
(60, 32)
-> Request 3
1369
(1, 3, 1)
1
(59, 35)
--> Day : 1
--> Day : 2
-> Request 0
175
(3, 3, 1)
3
(65, 69)
-> Request 1
435
(4, 2, 1)
1
(57, 31)
-> Request 2
764
(2, 2, 2)
3
(48, 27)
--> Day : 3
-> Request 0
469
(3, 2, 2)
1
(45, 39)
-> Request 1
613
(4, 2, 2)
3
(59, 76)
--> Day : 4
-> Request 0
1009
(4, 3, 2)
2
(52, 67)
-> Request 1
1025
(2, 3, 1)
3
(66, 70)
---> Week : 31
--> Day : 0
-> Request 0
593
(4, 1, 1)
1
(55, 30)
-> Request 1
735
(4, 3, 1)
3
(57, 42)
-> Request 2
1334
(2, 2, 2)
2
(52, 38)
--> Day : 1
-> Request 0
70
(3, 2, 1)
2
(58, 66)
-> Request 1
813
(1, 3, 1)
2
(58, 28)
-> Request 2
1040
(1, 3, 1)
2
(44, 38)
-> Request 3
1182
(1, 1, 2)
2
(45, 33)
-> Request 4
1426
(2, 1, 1)
3
(59, 32)
--> Day : 2
-> Request 0
1092
(1, 3, 2)
1
(56, 70)
-> Request 1
1333
(3, 3, 1)
2
(60, 35)
--> Day : 3
-> Request 0
607
(3, 2, 2)
3
(54, 29)
-> Request 1
661
(3, 3, 2)
1
(53, 74)
-> Request 2
673
(1, 2, 1)
2
(59, 27)
--> Day : 4
-> Request 0
304
(3, 2, 1)
3
(58, 37)
-> Request 1
1108
(4, 1, 1)
1
(57, 72)
-> Request 2
1262
(2, 1, 2)
3
(53, 45)
---> Week : 32
--> Day : 0
-> Request 0
137
(1, 2, 2)
3
(49, 39)
-> Request 1
657
(1, 3, 1)
1
(63, 66)
-> Request 2
709
(4, 3, 2)
3
(62, 76)
-> Request 3
757
(1, 3, 1)
2
(61, 43)
-> Request 4
1382
(2, 3, 1)
2
(50, 37)
--> Day : 1
-> Request 0
99
(3, 2, 1)
3
(56, 43)
-> Request 1
410
(4, 1, 1)
3
(54, 41)
-> Request 2
500
(4, 2, 1)
3
(48, 30)
-> Request 3
753
(3, 3, 1)
3
(55, 41)
-> Request 4
892
(2, 1, 2)
1
(58, 29)
-> Request 5
933
(2, 1, 2)
3
(49, 33)
--> Day : 2
-> Request 0
648
(4, 1, 2)
2
(56, 72)
-> Request 1
663
(3, 2, 2)
2
(56, 73)
-> Request 2
906
(1, 3, 2)
3
(53, 31)
-> Request 3
1108
(3, 2, 2)
1
(59, 44)
--> Day : 3
-> Request 0
267
(2, 3, 2)
1
(52, 28)
-> Request 1
395
(1, 1, 1)
2
(65, 66)
-> Request 2
598
(4, 1, 2)
1
(60, 41)
-> Request 3
760
(3, 3, 2)
2
(15, 23)
-> Request 4
1392
(3, 3, 2)
2
(15, 24)
--> Day : 4
-> Request 0
453
(3, 1, 2)
3
(58, 28)
-> Request 1
648
(4, 2, 1)
1
(61, 27)
-> Request 2
757
(1, 2, 1)
1
(45, 33)
-> Request 3
1161
(1, 1, 1)
3
(44, 46)
-> Request 4
1372
(1, 2, 1)
2
(64, 64)
---> Week : 33
--> Day : 0
-> Request 0
284
(1, 3, 2)
1
(54, 75)
-> Request 1
309
(3, 3, 1)
3
(62, 43)
-> Request 2
376
(1, 2, 1)
3
(58, 42)
-> Request 3
409
(4, 2, 1)
1
(53, 29)
-> Request 4
695
(1, 1, 1)
3
(55, 28)
-> Request 5
927
(2, 2, 1)
2
(48, 33)
-> Request 6
1194
(3, 1, 2)
1
(61, 32)
-> Request 7
1199
(1, 2, 2)
3
(16, 28)
-> Request 8
1224
(4, 2, 2)
2
(52, 27)
-> Request 9
1372
(1, 1, 2)
1
(55, 37)
--> Day : 1
-> Request 0
518
(3, 1, 1)
3
(63, 69)
-> Request 1
587
(2, 1, 2)
1
(9, 22)
--> Day : 2
-> Request 0
829
(1, 1, 1)
1
(62, 27)
-> Request 1
1049
(1, 1, 1)
3
(48, 29)
-> Request 2
1382
(3, 2, 1)
2
(53, 65)
--> Day : 3
-> Request 0
71
(3, 2, 2)
1
(47, 45)
-> Request 1
806
(4, 1, 2)
2
(54, 46)
-> Request 2
1112
(3, 3, 2)
2
(44, 28)
--> Day : 4
-> Request 0
100
(1, 3, 1)
2
(56, 70)
-> Request 1
709
(1, 1, 2)
2
(55, 76)
-> Request 2
802
(2, 2, 2)
2
(56, 45)
-> Request 3
1122
(3, 3, 2)
2
(47, 35)
-> Request 4
1172
(4, 2, 2)
2
(13, 29)
---> Week : 34
--> Day : 0
-> Request 0
734
(4, 1, 2)
2
(56, 43)
--> Day : 1
-> Request 0
89
(3, 2, 2)
1
(60, 30)
-> Request 1
394
(2, 2, 2)
3
(59, 77)
-> Request 2
483
(4, 3, 1)
2
(44, 31)
-> Request 3
771
(1, 2, 1)
1
(60, 78)
-> Request 4
877
(2, 3, 1)
1
(17, 20)
--> Day : 2
-> Request 0
0
(3, 3, 2)
1
(53, 71)
-> Request 1
53
(1, 2, 2)
1
(56, 28)
-> Request 2
269
(3, 3, 1)
2
(45, 35)
-> Request 3
279
(2, 1, 2)
1
(44, 36)
-> Request 4
786
(3, 2, 1)
1
(54, 31)
-> Request 5
1067
(2, 3, 2)
1
(61, 40)
-> Request 6
1288
(2, 2, 1)
3
(46, 39)
--> Day : 3
-> Request 0
136
(4, 1, 2)
3
(54, 64)
-> Request 1
180
(1, 1, 2)
2
(58, 75)
-> Request 2
194
(2, 3, 2)
1
(64, 64)
-> Request 3
607
(3, 3, 2)
3
(17, 27)
-> Request 4
971
(2, 1, 2)
3
(54, 71)
-> Request 5
1213
(4, 1, 2)
2
(55, 30)
-> Request 6
1379
(4, 1, 1)
3
(58, 28)
--> Day : 4
-> Request 0
646
(1, 2, 1)
2
(15, 22)
-> Request 1
1433
(1, 3, 1)
1
(61, 27)
---> Week : 35
--> Day : 0
-> Request 0
247
(1, 3, 1)
2
(62, 30)
-> Request 1
281
(3, 2, 2)
2
(48, 45)
-> Request 2
330
(2, 3, 1)
3
(61, 37)
-> Request 3
600
(4, 2, 1)
2
(52, 32)
-> Request 4
823
(2, 3, 2)
2
(56, 75)
-> Request 5
1170
(2, 2, 1)
3
(61, 39)
-> Request 6
1328
(1, 2, 2)
1
(53, 34)
--> Day : 1
-> Request 0
107
(4, 3, 2)
1
(58, 35)
-> Request 1
156
(3, 2, 1)
2
(47, 45)
-> Request 2
171
(1, 3, 1)
2
(50, 42)
-> Request 3
813
(1, 2, 1)
2
(52, 33)
--> Day : 2
-> Request 0
47
(3, 1, 1)
3
(14, 28)
-> Request 1
212
(2, 2, 1)
3
(55, 36)
-> Request 2
319
(3, 2, 2)
1
(47, 45)
-> Request 3
412
(3, 1, 1)
3
(44, 40)
-> Request 4
463
(3, 1, 2)
1
(62, 75)
-> Request 5
787
(4, 2, 2)
1
(53, 28)
-> Request 6
865
(4, 1, 2)
3
(52, 64)
-> Request 7
1282
(3, 1, 2)
3
(52, 46)
-> Request 8
1282
(2, 1, 2)
3
(60, 27)
--> Day : 3
-> Request 0
128
(4, 2, 2)
2
(58, 34)
-> Request 1
234
(3, 1, 1)
3
(50, 27)
-> Request 2
275
(4, 1, 1)
2
(54, 66)
-> Request 3
949
(4, 1, 1)
3
(64, 66)
-> Request 4
991
(3, 3, 2)
1
(11, 29)
--> Day : 4
-> Request 0
603
(1, 1, 1)
3
(58, 39)
-> Request 1
824
(4, 3, 1)
3
(52, 65)
-> Request 2
1035
(3, 2, 2)
1
(47, 44)
---> Week : 36
--> Day : 0
-> Request 0
42
(1, 1, 1)
1
(63, 75)
-> Request 1
588
(4, 3, 1)
2
(47, 32)
-> Request 2
676
(4, 2, 1)
2
(17, 21)
-> Request 3
899
(4, 2, 1)
3
(52, 77)
-> Request 4
1246
(1, 3, 1)
1
(58, 74)
-> Request 5
1293
(2, 2, 1)
2
(17, 22)
-> Request 6
1302
(3, 3, 2)
3
(53, 43)
--> Day : 1
-> Request 0
1099
(1, 2, 1)
3
(48, 32)
-> Request 1
1297
(1, 3, 2)
2
(45, 28)
--> Day : 2
-> Request 0
154
(2, 2, 2)
2
(59, 67)
-> Request 1
217
(4, 3, 1)
3
(66, 72)
-> Request 2
222
(3, 2, 2)
2
(10, 20)
-> Request 3
419
(4, 3, 1)
3
(43, 27)
-> Request 4
447
(1, 3, 1)
3
(50, 28)
-> Request 5
867
(3, 2, 2)
1
(54, 43)
-> Request 6
1013
(2, 2, 1)
2
(10, 22)
-> Request 7
1105
(1, 3, 1)
2
(52, 33)
--> Day : 3
-> Request 0
958
(4, 2, 2)
1
(55, 43)
-> Request 1
1009
(1, 2, 2)
2
(48, 45)
-> Request 2
1083
(3, 1, 1)
1
(53, 30)
-> Request 3
1327
(2, 2, 1)
2
(47, 39)
--> Day : 4
-> Request 0
930
(3, 2, 2)
2
(52, 36)
---> Week : 37
--> Day : 0
-> Request 0
128
(4, 1, 1)
1
(63, 72)
-> Request 1
565
(4, 3, 2)
2
(59, 67)
-> Request 2
1096
(2, 3, 2)
1
(13, 20)
--> Day : 1
-> Request 0
687
(3, 2, 1)
1
(56, 27)
-> Request 1
812
(3, 2, 2)
3
(54, 31)
-> Request 2
900
(3, 3, 2)
3
(51, 34)
-> Request 3
1015
(3, 2, 2)
1
(50, 28)
-> Request 4
1117
(3, 1, 1)
2
(55, 43)
--> Day : 2
-> Request 0
536
(1, 1, 1)
2
(47, 32)
-> Request 1
922
(1, 3, 1)
2
(56, 76)
-> Request 2
1015
(4, 2, 2)
2
(51, 30)
-> Request 3
1017
(2, 3, 1)
1
(50, 35)
--> Day : 3
-> Request 0
141
(3, 3, 1)
2
(15, 28)
-> Request 1
326
(1, 2, 1)
2
(56, 30)
-> Request 2
399
(4, 1, 2)
2
(60, 41)
-> Request 3
1269
(4, 1, 1)
1
(66, 64)
-> Request 4
1414
(1, 3, 1)
2
(56, 28)
--> Day : 4
-> Request 0
297
(3, 3, 2)
1
(52, 76)
-> Request 1
305
(3, 2, 1)
2
(57, 76)
-> Request 2
716
(3, 3, 2)
3
(59, 38)
-> Request 3
796
(2, 2, 1)
1
(55, 36)
-> Request 4
814
(3, 1, 2)
3
(13, 27)
-> Request 5
1272
(4, 1, 1)
2
(63, 68)
-> Request 6
1406
(1, 2, 2)
2
(10, 22)
---> Week : 38
--> Day : 0
-> Request 0
342
(4, 1, 2)
3
(54, 36)
-> Request 1
469
(2, 3, 2)
3
(57, 75)
-> Request 2
723
(1, 3, 2)
3
(62, 69)
-> Request 3
723
(3, 2, 2)
1
(48, 39)
-> Request 4
738
(4, 1, 1)
1
(55, 29)
--> Day : 1
-> Request 0
57
(2, 2, 1)
1
(50, 36)
-> Request 1
719
(3, 1, 1)
2
(60, 40)
--> Day : 2
-> Request 0
53
(4, 3, 2)
1
(59, 75)
-> Request 1
149
(3, 2, 1)
3
(61, 27)
-> Request 2
1156
(2, 2, 2)
2
(9, 29)
--> Day : 3
-> Request 0
113
(3, 3, 1)
1
(54, 38)
-> Request 1
484
(4, 3, 2)
1
(56, 34)
-> Request 2
612
(1, 3, 1)
1
(48, 46)
-> Request 3
722
(1, 3, 2)
3
(47, 38)
-> Request 4
1248
(2, 2, 2)
1
(51, 42)
--> Day : 4
-> Request 0
714
(2, 1, 2)
2
(55, 36)
-> Request 1
1012
(1, 1, 2)
2
(58, 44)
-> Request 2
1102
(3, 2, 1)
2
(9, 27)
---> Week : 39
--> Day : 0
-> Request 0
27
(1, 2, 1)
2
(49, 32)
-> Request 1
464
(4, 1, 1)
3
(52, 71)
-> Request 2
520
(3, 2, 2)
2
(10, 24)
-> Request 3
584
(1, 3, 2)
1
(48, 39)
-> Request 4
667
(4, 1, 2)
3
(45, 44)
-> Request 5
882
(4, 3, 1)
2
(50, 39)
-> Request 6
1345
(1, 1, 2)
1
(60, 69)
--> Day : 1
-> Request 0
1
(2, 2, 1)
3
(49, 41)
-> Request 1
205
(4, 1, 2)
2
(58, 43)
-> Request 2
1101
(4, 2, 2)
3
(54, 71)
-> Request 3
1276
(3, 1, 1)
3
(51, 42)
--> Day : 2
-> Request 0
284
(4, 2, 1)
2
(46, 45)
-> Request 1
1374
(4, 2, 1)
2
(59, 66)
-> Request 2
1439
(2, 3, 2)
2
(61, 32)
--> Day : 3
-> Request 0
155
(4, 3, 2)
3
(10, 20)
-> Request 1
605
(2, 2, 2)
3
(52, 30)
-> Request 2
643
(1, 1, 2)
1
(53, 29)
-> Request 3
1198
(2, 2, 2)
1
(48, 27)
--> Day : 4
-> Request 0
21
(2, 2, 2)
1
(66, 70)
-> Request 1
455
(1, 3, 2)
3
(60, 69)
-> Request 2
621
(4, 1, 1)
1
(8, 24)
-> Request 3
677
(1, 2, 1)
3
(61, 43)
-> Request 4
847
(2, 1, 1)
2
(50, 46)
-> Request 5
1113
(4, 1, 2)
2
(61, 31)
-> Request 6
1428
(2, 1, 2)
3
(54, 33)
---> Week : 40
--> Day : 0
-> Request 0
4
(2, 3, 2)
2
(54, 64)
-> Request 1
429
(1, 1, 2)
3
(44, 32)
-> Request 2
601
(2, 1, 2)
3
(59, 28)
--> Day : 1
-> Request 0
1100
(4, 3, 1)
2
(66, 68)
-> Request 1
1108
(4, 3, 2)
3
(48, 40)
--> Day : 2
-> Request 0
81
(2, 2, 2)
3
(55, 39)
-> Request 1
148
(2, 2, 2)
2
(57, 45)
-> Request 2
300
(4, 1, 2)
1
(64, 74)
-> Request 3
402
(3, 1, 2)
2
(53, 43)
-> Request 4
610
(4, 2, 1)
1
(52, 39)
--> Day : 3
-> Request 0
940
(4, 2, 1)
2
(56, 46)
--> Day : 4
---> Week : 41
--> Day : 0
-> Request 0
455
(2, 2, 2)
1
(49, 37)
-> Request 1
474
(3, 3, 1)
2
(58, 34)
-> Request 2
617
(3, 1, 1)
3
(50, 40)
-> Request 3
813
(1, 2, 1)
2
(58, 40)
-> Request 4
836
(4, 2, 1)
3
(47, 41)
-> Request 5
1130
(3, 2, 1)
1
(61, 38)
-> Request 6
1432
(4, 2, 2)
2
(53, 42)
--> Day : 1
-> Request 0
633
(1, 3, 1)
3
(43, 41)
--> Day : 2
-> Request 0
1282
(1, 3, 1)
1
(10, 29)
--> Day : 3
-> Request 0
1104
(2, 1, 1)
2
(59, 32)
-> Request 1
1230
(1, 2, 2)
3
(59, 30)
--> Day : 4
-> Request 0
103
(3, 3, 1)
2
(49, 31)
-> Request 1
559
(2, 1, 2)
3
(57, 37)
-> Request 2
570
(1, 3, 1)
3
(56, 34)
-> Request 3
1018
(3, 1, 1)
2
(10, 22)
-> Request 4
1159
(3, 2, 2)
1
(15, 27)
-> Request 5
1182
(3, 2, 1)
3
(49, 44)
-> Request 6
1239
(2, 1, 2)
2
(58, 27)
-> Request 7
1358
(3, 2, 1)
1
(49, 43)
---> Week : 42
--> Day : 0
-> Request 0
144
(4, 2, 1)
3
(48, 41)
-> Request 1
268
(2, 2, 1)
1
(58, 66)
-> Request 2
421
(2, 3, 2)
3
(66, 64)
-> Request 3
964
(3, 3, 2)
3
(62, 72)
-> Request 4
1148
(3, 1, 2)
2
(56, 64)
--> Day : 1
-> Request 0
372
(1, 2, 2)
2
(63, 76)
-> Request 1
395
(1, 3, 2)
1
(56, 74)
-> Request 2
1015
(1, 1, 1)
2
(62, 72)
--> Day : 2
-> Request 0
290
(2, 2, 2)
2
(52, 41)
-> Request 1
292
(3, 2, 1)
1
(48, 41)
-> Request 2
394
(2, 3, 2)
3
(57, 73)
-> Request 3
481
(4, 3, 2)
3
(57, 64)
-> Request 4
631
(2, 2, 2)
1
(46, 32)
-> Request 5
735
(3, 1, 2)
3
(50, 38)
-> Request 6
759
(3, 1, 1)
2
(51, 34)
-> Request 7
1056
(3, 1, 2)
2
(58, 73)
-> Request 8
1080
(3, 1, 2)
3
(62, 64)
--> Day : 3
-> Request 0
141
(3, 2, 2)
3
(59, 64)
-> Request 1
150
(4, 1, 1)
1
(61, 44)
-> Request 2
458
(1, 1, 1)
3
(12, 21)
-> Request 3
767
(1, 1, 2)
3
(64, 66)
-> Request 4
1252
(2, 3, 2)
3
(58, 76)
--> Day : 4
-> Request 0
1
(1, 3, 1)
2
(45, 39)
-> Request 1
369
(3, 1, 1)
1
(43, 29)
-> Request 2
668
(3, 2, 1)
2
(45, 34)
-> Request 3
762
(3, 2, 1)
3
(66, 64)
-> Request 4
772
(3, 1, 1)
1
(53, 73)
-> Request 5
1435
(2, 1, 2)
2
(57, 38)
---> Week : 43
--> Day : 0
-> Request 0
183
(1, 1, 1)
1
(17, 28)
-> Request 1
452
(1, 2, 1)
1
(53, 43)
-> Request 2
982
(4, 3, 1)
2
(60, 45)
--> Day : 1
-> Request 0
132
(2, 1, 2)
1
(56, 33)
-> Request 1
646
(4, 1, 2)
2
(61, 71)
-> Request 2
851
(4, 1, 2)
3
(51, 33)
-> Request 3
1312
(2, 1, 2)
1
(52, 45)
--> Day : 2
-> Request 0
137
(4, 2, 2)
1
(62, 35)
-> Request 1
161
(3, 2, 2)
2
(47, 35)
--> Day : 3
-> Request 0
230
(2, 1, 2)
3
(57, 71)
-> Request 1
737
(1, 3, 2)
3
(61, 44)
-> Request 2
984
(3, 3, 1)
2
(64, 74)
--> Day : 4
-> Request 0
29
(1, 3, 1)
2
(55, 70)
-> Request 1
357
(2, 3, 2)
2
(62, 69)
---> Week : 44
--> Day : 0
-> Request 0
60
(1, 1, 1)
3
(55, 38)
-> Request 1
297
(2, 2, 1)
3
(64, 78)
-> Request 2
412
(1, 3, 1)
2
(49, 43)
-> Request 3
681
(3, 3, 1)
2
(50, 35)
-> Request 4
798
(4, 2, 1)
3
(17, 23)
--> Day : 1
-> Request 0
528
(1, 3, 2)
1
(10, 24)
-> Request 1
909
(3, 3, 1)
3
(11, 25)
-> Request 2
967
(1, 3, 1)
2
(44, 39)
--> Day : 2
-> Request 0
1177
(3, 3, 2)
3
(60, 28)
-> Request 1
1191
(4, 1, 1)
2
(43, 28)
-> Request 2
1214
(4, 2, 1)
2
(59, 68)
-> Request 3
1327
(2, 2, 2)
3
(60, 35)
--> Day : 3
-> Request 0
60
(1, 2, 1)
2
(43, 38)
-> Request 1
585
(4, 3, 1)
3
(62, 28)
-> Request 2
644
(1, 3, 1)
3
(63, 69)
-> Request 3
1195
(1, 3, 1)
3
(58, 74)
--> Day : 4
-> Request 0
85
(4, 3, 1)
3
(59, 37)
-> Request 1
181
(4, 1, 2)
3
(64, 64)
-> Request 2
1244
(4, 3, 1)
1
(17, 24)
---> Week : 45
--> Day : 0
-> Request 0
618
(2, 1, 1)
1
(8, 28)
-> Request 1
893
(4, 3, 1)
3
(10, 25)
-> Request 2
1094
(4, 1, 1)
3
(62, 45)
-> Request 3
1255
(4, 2, 2)
2
(65, 67)
-> Request 4
1401
(3, 1, 2)
1
(53, 35)
--> Day : 1
-> Request 0
836
(3, 3, 1)
3
(58, 38)
--> Day : 2
-> Request 0
165
(2, 2, 1)
3
(58, 64)
-> Request 1
336
(2, 2, 2)
3
(46, 43)
-> Request 2
1114
(1, 2, 1)
2
(58, 64)
--> Day : 3
-> Request 0
67
(4, 1, 1)
1
(59, 45)
-> Request 1
591
(1, 3, 2)
3
(53, 70)
--> Day : 4
-> Request 0
578
(2, 3, 1)
3
(53, 41)
---> Week : 46
--> Day : 0
-> Request 0
634
(4, 2, 1)
2
(44, 33)
-> Request 1
795
(1, 2, 1)
3
(64, 69)
-> Request 2
876
(1, 2, 2)
2
(54, 72)
--> Day : 1
-> Request 0
172
(4, 1, 2)
2
(50, 33)
-> Request 1
291
(2, 1, 2)
1
(57, 28)
-> Request 2
1283
(3, 3, 2)
2
(52, 27)
--> Day : 2
-> Request 0
158
(2, 3, 2)
3
(66, 71)
-> Request 1
195
(2, 3, 1)
1
(58, 40)
-> Request 2
799
(2, 3, 2)
1
(56, 78)
-> Request 3
1029
(3, 3, 2)
1
(62, 30)
-> Request 4
1108
(2, 1, 2)
3
(16, 29)
-> Request 5
1354
(1, 2, 2)
3
(53, 32)
--> Day : 3
-> Request 0
37
(1, 3, 1)
3
(54, 75)
-> Request 1
217
(1, 1, 1)
3
(54, 73)
-> Request 2
252
(1, 3, 1)
3
(13, 27)
-> Request 3
280
(3, 1, 1)
1
(12, 25)
-> Request 4
639
(4, 3, 2)
3
(9, 29)
-> Request 5
663
(2, 1, 2)
2
(60, 73)
-> Request 6
822
(4, 1, 1)
1
(48, 29)
--> Day : 4
-> Request 0
18
(3, 3, 1)
1
(59, 41)
-> Request 1
257
(2, 1, 2)
3
(57, 42)
-> Request 2
287
(1, 1, 2)
2
(64, 67)
-> Request 3
482
(1, 2, 1)
1
(55, 74)
-> Request 4
1003
(2, 2, 1)
3
(56, 69)
-> Request 5
1007
(4, 2, 1)
1
(64, 69)
---> Week : 47
--> Day : 0
-> Request 0
196
(3, 3, 1)
2
(65, 72)
-> Request 1
1041
(3, 1, 2)
2
(60, 78)
-> Request 2
1306
(4, 2, 1)
2
(62, 66)
--> Day : 1
-> Request 0
418
(1, 3, 2)
1
(50, 27)
-> Request 1
734
(2, 1, 1)
3
(59, 37)
-> Request 2
882
(1, 2, 2)
3
(54, 69)
-> Request 3
897
(2, 3, 1)
3
(60, 43)
-> Request 4
1032
(1, 2, 1)
1
(54, 35)
-> Request 5
1136
(1, 3, 1)
2
(47, 41)
-> Request 6
1220
(2, 2, 1)
3
(52, 69)
-> Request 7
1353
(1, 3, 2)
2
(66, 64)
--> Day : 2
-> Request 0
1108
(1, 3, 1)
3
(16, 28)
-> Request 1
1121
(4, 2, 2)
2
(49, 43)
-> Request 2
1251
(4, 2, 1)
1
(17, 24)
-> Request 3
1297
(4, 1, 2)
3
(14, 22)
-> Request 4
1415
(1, 1, 2)
2
(60, 70)
--> Day : 3
-> Request 0
542
(1, 1, 2)
2
(61, 37)
-> Request 1
1207
(3, 2, 1)
2
(57, 38)
-> Request 2
1227
(3, 2, 1)
1
(43, 38)
-> Request 3
1371
(3, 3, 2)
3
(53, 32)
--> Day : 4
-> Request 0
0
(2, 3, 1)
2
(56, 31)
-> Request 1
101
(3, 3, 2)
1
(14, 29)
-> Request 2
193
(3, 2, 1)
2
(46, 29)
-> Request 3
300
(2, 3, 1)
1
(52, 43)
-> Request 4
1151
(1, 1, 2)
2
(53, 75)
---> Week : 48
--> Day : 0
--> Day : 1
-> Request 0
456
(2, 2, 1)
1
(10, 27)
-> Request 1
507
(1, 2, 1)
1
(48, 44)
-> Request 2
649
(1, 2, 1)
3
(43, 41)
-> Request 3
720
(1, 2, 1)
2
(46, 38)
--> Day : 2
-> Request 0
80
(2, 3, 1)
1
(59, 40)
-> Request 1
258
(3, 3, 2)
1
(58, 29)
-> Request 2
1215
(1, 3, 1)
2
(45, 30)
--> Day : 3
-> Request 0
219
(3, 3, 2)
3
(49, 28)
-> Request 1
431
(3, 1, 2)
2
(15, 27)
-> Request 2
1274
(2, 2, 1)
2
(61, 72)
--> Day : 4
-> Request 0
737
(2, 3, 2)
3
(58, 69)
-> Request 1
1135
(2, 2, 1)
1
(58, 45)
---> Week : 49
--> Day : 0
-> Request 0
1093
(3, 3, 2)
1
(57, 37)
--> Day : 1
-> Request 0
60
(2, 2, 2)
1
(56, 71)
-> Request 1
574
(3, 3, 1)
1
(62, 77)
-> Request 2
614
(3, 1, 1)
1
(52, 35)
-> Request 3
1341
(2, 3, 1)
3
(57, 41)
--> Day : 2
-> Request 0
250
(2, 3, 2)
3
(54, 67)
-> Request 1
319
(1, 1, 2)
1
(56, 73)
-> Request 2
622
(3, 2, 1)
3
(17, 26)
-> Request 3
1082
(2, 3, 2)
2
(45, 29)
-> Request 4
1413
(4, 3, 2)
2
(61, 37)
--> Day : 3
-> Request 0
740
(3, 1, 1)
3
(61, 27)
-> Request 1
970
(1, 3, 2)
3
(61, 77)
-> Request 2
1167
(3, 2, 2)
2
(46, 41)
--> Day : 4
-> Request 0
412
(2, 3, 1)
3
(17, 27)
-> Request 1
741
(3, 2, 1)
3
(60, 40)
-> Request 2
820
(2, 3, 2)
2
(14, 24)
---> Week : 50
--> Day : 0
-> Request 0
21
(4, 3, 2)
2
(58, 66)
-> Request 1
918
(2, 1, 2)
2
(54, 38)
-> Request 2
1345
(3, 1, 1)
3
(45, 36)
-> Request 3
1383
(2, 2, 2)
1
(43, 40)
--> Day : 1
-> Request 0
35
(3, 1, 2)
3
(48, 34)
-> Request 1
582
(1, 3, 1)
3
(59, 31)
-> Request 2
688
(4, 1, 1)
2
(57, 41)
-> Request 3
1257
(2, 3, 1)
1
(16, 20)
--> Day : 2
-> Request 0
21
(2, 1, 2)
3
(15, 21)
-> Request 1
121
(4, 2, 2)
2
(44, 42)
-> Request 2
877
(1, 1, 1)
2
(52, 40)
-> Request 3
951
(1, 1, 1)
1
(44, 35)
--> Day : 3
-> Request 0
279
(1, 1, 1)
3
(64, 72)
-> Request 1
747
(2, 2, 1)
3
(64, 68)
-> Request 2
766
(1, 1, 1)
3
(62, 40)
-> Request 3
1054
(4, 2, 1)
2
(62, 32)
-> Request 4
1131
(1, 2, 2)
2
(52, 46)
-> Request 5
1141
(4, 1, 2)
3
(56, 29)
--> Day : 4
-> Request 0
100
(3, 3, 2)
3
(17, 25)
-> Request 1
1113
(2, 3, 2)
2
(54, 44)
-> Request 2
1214
(3, 2, 1)
1
(59, 77)
---> Week : 51
--> Day : 0
-> Request 0
867
(1, 3, 2)
3
(46, 36)
-> Request 1
922
(4, 1, 2)
2
(55, 41)
-> Request 2
965
(4, 3, 2)
3
(45, 29)
-> Request 3
1129
(2, 2, 1)
3
(61, 34)
--> Day : 1
-> Request 0
70
(4, 3, 2)
3
(62, 27)
-> Request 1
875
(4, 2, 2)
1
(55, 66)
-> Request 2
1042
(2, 2, 1)
3
(54, 28)
-> Request 3
1051
(3, 1, 2)
3
(53, 33)
-> Request 4
1065
(3, 3, 2)
3
(52, 29)
--> Day : 2
-> Request 0
66
(3, 1, 1)
1
(43, 28)
-> Request 1
368
(3, 2, 1)
2
(53, 29)
-> Request 2
449
(2, 1, 2)
2
(52, 40)
-> Request 3
657
(4, 2, 1)
2
(64, 68)
-> Request 4
777
(4, 1, 1)
2
(64, 75)
--> Day : 3
-> Request 0
33
(4, 1, 1)
3
(46, 45)
-> Request 1
68
(3, 1, 2)
3
(8, 24)
-> Request 2
572
(3, 1, 2)
3
(59, 67)
-> Request 3
675
(1, 3, 1)
3
(53, 64)
-> Request 4
760
(4, 1, 2)
3
(60, 46)
-> Request 5
949
(2, 3, 2)
2
(45, 29)
-> Request 6
991
(1, 2, 1)
2
(43, 29)
-> Request 7
1078
(2, 3, 2)
2
(16, 26)
--> Day : 4
---> Week : 52
--> Day : 0
-> Request 0
558
(4, 3, 2)
2
(55, 33)
-> Request 1
1024
(3, 1, 1)
2
(52, 78)
-> Request 2
1043
(4, 2, 2)
3
(52, 34)
--> Day : 1
-> Request 0
523
(2, 3, 2)
2
(55, 40)
-> Request 1
1434
(3, 1, 1)
1
(58, 28)
--> Day : 2
-> Request 0
719
(4, 3, 1)
2
(61, 42)
-> Request 1
1278
(4, 2, 1)
1
(56, 68)
--> Day : 3
-> Request 0
647
(2, 2, 2)
2
(66, 76)
-> Request 1
896
(2, 1, 1)
3
(63, 72)
-> Request 2
1005
(1, 3, 1)
1
(54, 39)
-> Request 3
1019
(4, 1, 1)
1
(52, 45)
-> Request 4
1125
(3, 2, 2)
1
(11, 21)
--> Day : 4
-> Request 0
142
(4, 3, 1)
2
(56, 32)
-> Request 1
609
(2, 1, 1)
1
(57, 44)
-> Request 2
613
(3, 3, 1)
3
(53, 73)
-> Request 3
1025
(2, 1, 1)
3
(61, 28)
---> Week : 53
--> Day : 0
-> Request 0
108
(1, 2, 2)
3
(44, 43)
-> Request 1
154
(3, 1, 2)
1
(50, 42)
-> Request 2
201
(2, 3, 1)
3
(48, 28)
-> Request 3
207
(4, 1, 2)
2
(56, 46)
-> Request 4
1150
(1, 2, 1)
3
(61, 70)
--> Day : 1
-> Request 0
10
(1, 2, 2)
3
(59, 73)
-> Request 1
861
(1, 3, 2)
1
(13, 20)
-> Request 2
1125
(1, 3, 2)
2
(62, 28)
-> Request 3
1207
(1, 3, 1)
3
(11, 23)
--> Day : 2
-> Request 0
1244
(4, 3, 2)
2
(11, 22)
--> Day : 3
-> Request 0
687
(1, 3, 1)
3
(46, 45)
-> Request 1
931
(4, 2, 1)
1
(10, 25)
-> Request 2
955
(2, 1, 1)
2
(62, 38)
--> Day : 4
-> Request 0
118
(3, 3, 1)
2
(56, 27)
-> Request 1
144
(3, 2, 1)
1
(56, 71)
-> Request 2
839
(4, 1, 1)
3
(55, 37)
-> Request 3
1218
(4, 3, 2)
3
(44, 45)
-> Request 4
1255
(3, 3, 1)
3
(54, 33)
---> Week : 54
--> Day : 0
-> Request 0
106
(3, 1, 1)
2
(49, 44)
-> Request 1
170
(3, 2, 2)
3
(44, 44)
-> Request 2
438
(2, 2, 1)
1
(63, 74)
-> Request 3
438
(2, 1, 1)
3
(55, 75)
-> Request 4
890
(2, 3, 1)
3
(11, 25)
-> Request 5
957
(4, 1, 2)
3
(50, 29)
-> Request 6
971
(3, 2, 1)
3
(57, 44)
-> Request 7
997
(4, 2, 1)
3
(45, 37)
-> Request 8
1146
(2, 3, 2)
1
(44, 33)
-> Request 9
1268
(1, 1, 2)
3
(60, 28)
-> Request 10
1328
(4, 1, 2)
2
(61, 68)
--> Day : 1
-> Request 0
139
(3, 3, 1)
1
(50, 43)
-> Request 1
397
(4, 3, 2)
2
(61, 68)
-> Request 2
808
(3, 2, 1)
3
(54, 64)
-> Request 3
1152
(1, 3, 1)
3
(48, 46)
-> Request 4
1352
(4, 2, 2)
2
(54, 65)
--> Day : 2
-> Request 0
215
(2, 2, 1)
3
(58, 32)
-> Request 1
435
(2, 2, 1)
1
(49, 35)
-> Request 2
1212
(3, 2, 2)
2
(50, 46)
-> Request 3
1214
(1, 2, 2)
1
(54, 76)
--> Day : 3
-> Request 0
181
(4, 2, 1)
1
(56, 64)
-> Request 1
189
(1, 3, 1)
1
(55, 66)
-> Request 2
197
(3, 1, 2)
3
(12, 20)
-> Request 3
463
(4, 1, 2)
2
(45, 44)
-> Request 4
622
(3, 3, 1)
1
(49, 35)
-> Request 5
1187
(4, 2, 1)
1
(64, 64)
-> Request 6
1228
(1, 1, 1)
1
(66, 75)
--> Day : 4
-> Request 0
285
(2, 1, 1)
2
(49, 44)
-> Request 1
353
(2, 1, 1)
3
(44, 43)
-> Request 2
558
(2, 2, 1)
1
(63, 69)
-> Request 3
1130
(3, 1, 2)
2
(47, 36)
-> Request 4
1417
(2, 2, 2)
2
(14, 29)
---> Week : 55
--> Day : 0
-> Request 0
466
(2, 3, 1)
1
(51, 32)
-> Request 1
663
(2, 2, 2)
1
(56, 70)
-> Request 2
1265
(3, 1, 2)
2
(53, 68)
-> Request 3
1317
(1, 3, 1)
1
(61, 35)
--> Day : 1
-> Request 0
126
(4, 3, 1)
1
(59, 77)
-> Request 1
477
(4, 2, 1)
1
(57, 31)
-> Request 2
675
(1, 2, 1)
3
(64, 64)
-> Request 3
866
(2, 1, 2)
2
(60, 75)
-> Request 4
1062
(3, 3, 1)
1
(52, 29)
-> Request 5
1086
(1, 3, 1)
3
(59, 74)
--> Day : 2
-> Request 0
881
(2, 1, 1)
3
(9, 28)
-> Request 1
1089
(1, 2, 2)
1
(58, 40)
-> Request 2
1181
(1, 1, 2)
3
(44, 38)
--> Day : 3
-> Request 0
286
(3, 2, 2)
1
(55, 76)
-> Request 1
380
(3, 3, 1)
1
(54, 68)
-> Request 2
476
(3, 1, 1)
1
(49, 46)
-> Request 3
516
(4, 1, 2)
1
(56, 78)
-> Request 4
722
(3, 1, 2)
3
(52, 69)
--> Day : 4
-> Request 0
729
(3, 2, 1)
1
(63, 65)
-> Request 1
911
(4, 1, 2)
1
(56, 39)
---> Week : 56
--> Day : 0
-> Request 0
522
(1, 2, 1)
3
(47, 34)
-> Request 1
700
(2, 1, 1)
1
(46, 31)
-> Request 2
1058
(4, 1, 2)
3
(52, 72)
-> Request 3
1112
(3, 2, 1)
1
(58, 78)
--> Day : 1
-> Request 0
163
(3, 2, 2)
1
(65, 76)
--> Day : 2
-> Request 0
173
(1, 3, 1)
3
(53, 76)
-> Request 1
333
(3, 1, 1)
3
(52, 44)
-> Request 2
970
(1, 1, 2)
3
(56, 72)
-> Request 3
987
(2, 2, 1)
1
(15, 26)
-> Request 4
1368
(4, 2, 2)
3
(51, 46)
--> Day : 3
-> Request 0
1003
(1, 2, 2)
3
(45, 28)
--> Day : 4
-> Request 0
353
(1, 1, 1)
2
(56, 34)
-> Request 1
535
(3, 1, 2)
1
(48, 27)
-> Request 2
1060
(1, 2, 1)
1
(55, 67)
-> Request 3
1188
(3, 3, 1)
1
(55, 29)
-> Request 4
1299
(3, 3, 1)
2
(53, 66)
---> Week : 57
--> Day : 0
-> Request 0
49
(3, 2, 2)
3
(12, 22)
-> Request 1
192
(3, 1, 1)
2
(60, 37)
-> Request 2
281
(2, 2, 2)
1
(59, 67)
-> Request 3
327
(1, 2, 1)
2
(50, 44)
-> Request 4
338
(1, 2, 1)
3
(60, 70)
-> Request 5
445
(4, 2, 2)
3
(45, 45)
-> Request 6
1084
(2, 3, 1)
1
(53, 45)
-> Request 7
1090
(4, 3, 1)
2
(46, 41)
--> Day : 1
-> Request 0
97
(3, 2, 2)
3
(43, 40)
-> Request 1
112
(3, 3, 1)
2
(60, 72)
-> Request 2
791
(4, 3, 1)
3
(65, 78)
-> Request 3
947
(4, 2, 1)
3
(57, 36)
-> Request 4
968
(3, 1, 1)
1
(61, 41)
-> Request 5
1050
(2, 1, 1)
2
(46, 42)
-> Request 6
1063
(1, 2, 2)
1
(58, 31)
--> Day : 2
--> Day : 3
-> Request 0
237
(3, 3, 2)
1
(12, 27)
-> Request 1
319
(3, 1, 2)
2
(57, 64)
-> Request 2
528
(3, 1, 2)
3
(62, 38)
-> Request 3
932
(4, 3, 1)
2
(59, 42)
-> Request 4
1237
(3, 1, 1)
2
(59, 64)
-> Request 5
1439
(2, 3, 1)
3
(63, 73)
--> Day : 4
-> Request 0
359
(4, 2, 1)
2
(44, 38)
-> Request 1
526
(2, 3, 2)
1
(61, 37)
-> Request 2
702
(2, 3, 1)
2
(50, 28)
-> Request 3
1251
(1, 3, 2)
2
(60, 64)
-> Request 4
1258
(2, 1, 1)
3
(48, 30)
---> Week : 58
--> Day : 0
-> Request 0
354
(4, 2, 2)
3
(56, 73)
-> Request 1
361
(4, 1, 2)
2
(64, 70)
-> Request 2
708
(1, 3, 1)
2
(44, 31)
-> Request 3
1273
(1, 3, 2)
3
(60, 73)
--> Day : 1
-> Request 0
122
(1, 2, 2)
1
(45, 42)
-> Request 1
441
(3, 2, 1)
1
(48, 46)
--> Day : 2
-> Request 0
27
(1, 1, 1)
2
(56, 30)
-> Request 1
286
(1, 1, 1)
3
(64, 70)
-> Request 2
569
(4, 2, 1)
3
(52, 32)
-> Request 3
680
(4, 1, 2)
3
(65, 70)
-> Request 4
859
(3, 2, 2)
3
(58, 39)
--> Day : 3
-> Request 0
55
(4, 2, 1)
2
(60, 36)
-> Request 1
199
(2, 1, 2)
2
(57, 27)
-> Request 2
278
(3, 2, 2)
3
(10, 28)
-> Request 3
311
(1, 2, 2)
3
(62, 44)
-> Request 4
722
(1, 1, 1)
3
(55, 29)
-> Request 5
726
(2, 3, 1)
2
(54, 43)
-> Request 6
788
(2, 1, 1)
3
(63, 67)
-> Request 7
1383
(4, 1, 1)
2
(62, 46)
--> Day : 4
-> Request 0
74
(2, 3, 2)
3
(52, 35)
-> Request 1
627
(1, 3, 1)
3
(60, 72)
-> Request 2
943
(3, 3, 2)
1
(57, 68)
-> Request 3
1129
(1, 3, 2)
3
(54, 32)
---> Week : 59
--> Day : 0
-> Request 0
232
(4, 2, 1)
1
(64, 66)
-> Request 1
235
(1, 1, 1)
1
(57, 66)
--> Day : 1
-> Request 0
150
(1, 1, 1)
3
(65, 74)
-> Request 1
258
(4, 1, 2)
3
(49, 42)
-> Request 2
321
(2, 3, 1)
2
(59, 41)
-> Request 3
765
(4, 3, 2)
2
(46, 43)
-> Request 4
1038
(2, 3, 2)
3
(58, 75)
-> Request 5
1318
(4, 1, 2)
1
(56, 40)
-> Request 6
1371
(3, 1, 2)
1
(55, 75)
--> Day : 2
-> Request 0
293
(4, 3, 2)
3
(53, 41)
-> Request 1
343
(4, 3, 2)
2
(43, 29)
-> Request 2
617
(3, 2, 2)
3
(55, 38)
-> Request 3
1291
(4, 2, 1)
3
(60, 34)
--> Day : 3
-> Request 0
69
(2, 2, 2)
2
(48, 42)
-> Request 1
125
(1, 3, 1)
3
(66, 72)
-> Request 2
865
(2, 1, 2)
1
(12, 27)
-> Request 3
1210
(3, 2, 1)
3
(61, 78)
--> Day : 4
-> Request 0
111
(1, 3, 2)
1
(61, 77)
-> Request 1
354
(4, 1, 2)
1
(17, 28)
-> Request 2
688
(1, 2, 2)
1
(49, 41)
-> Request 3
711
(2, 2, 1)
3
(56, 43)
-> Request 4
1118
(3, 1, 1)
2
(59, 69)
-> Request 5
1239
(4, 2, 1)
1
(43, 45)
-> Request 6
1416
(2, 2, 2)
3
(64, 69)
---> Week : 60
--> Day : 0
-> Request 0
15
(3, 1, 1)
3
(66, 75)
-> Request 1
480
(3, 3, 1)
3
(45, 46)
-> Request 2
512
(2, 1, 1)
2
(46, 44)
-> Request 3
639
(4, 3, 1)
1
(47, 41)
-> Request 4
840
(2, 3, 2)
2
(59, 30)
-> Request 5
1236
(1, 1, 1)
3
(44, 31)
-> Request 6
1348
(3, 2, 2)
3
(52, 42)
-> Request 7
1439
(3, 3, 2)
1
(66, 72)
--> Day : 1
-> Request 0
419
(3, 1, 2)
1
(45, 44)
-> Request 1
420
(2, 1, 2)
2
(62, 74)
-> Request 2
619
(3, 3, 1)
3
(58, 77)
-> Request 3
836
(1, 1, 1)
1
(51, 30)
-> Request 4
880
(2, 2, 1)
3
(64, 78)
-> Request 5
1383
(1, 1, 2)
3
(59, 39)
--> Day : 2
-> Request 0
511
(1, 2, 2)
3
(57, 40)
-> Request 1
1227
(4, 2, 1)
2
(15, 20)
--> Day : 3
-> Request 0
83
(3, 2, 1)
2
(54, 39)
-> Request 1
454
(2, 1, 1)
3
(43, 45)
-> Request 2
821
(3, 1, 2)
1
(45, 36)
-> Request 3
1050
(1, 1, 1)
2
(49, 28)
--> Day : 4
-> Request 0
25
(4, 3, 1)
1
(11, 29)
-> Request 1
198
(4, 3, 2)
1
(15, 22)
-> Request 2
961
(3, 1, 2)
1
(60, 64)
---> Week : 61
--> Day : 0
-> Request 0
691
(1, 2, 2)
3
(46, 31)
--> Day : 1
-> Request 0
81
(4, 3, 2)
3
(11, 27)
-> Request 1
173
(3, 3, 2)
1
(57, 66)
-> Request 2
488
(4, 3, 2)
1
(58, 74)
--> Day : 2
-> Request 0
1098
(2, 3, 1)
3
(60, 37)
-> Request 1
1154
(1, 2, 1)
2
(48, 43)
--> Day : 3
-> Request 0
363
(4, 3, 2)
1
(61, 74)
-> Request 1
892
(1, 1, 1)
2
(55, 78)
-> Request 2
1423
(1, 3, 2)
3
(62, 40)
--> Day : 4
-> Request 0
1282
(2, 1, 2)
3
(57, 64)
-> Request 1
1302
(4, 3, 1)
1
(53, 74)
-> Request 2
1426
(1, 1, 2)
3
(53, 35)
---> Week : 62
--> Day : 0
-> Request 0
34
(1, 1, 2)
3
(53, 70)
-> Request 1
566
(3, 3, 1)
1
(56, 44)
-> Request 2
658
(1, 1, 2)
2
(45, 37)
-> Request 3
962
(1, 3, 1)
1
(58, 66)
-> Request 4
1011
(1, 1, 1)
1
(46, 27)
-> Request 5
1057
(4, 1, 2)
3
(44, 33)
--> Day : 1
-> Request 0
447
(3, 3, 1)
2
(46, 43)
-> Request 1
470
(3, 1, 1)
3
(57, 44)
-> Request 2
613
(3, 2, 1)
1
(12, 29)
-> Request 3
1013
(1, 2, 1)
2
(51, 36)
--> Day : 2
-> Request 0
173
(2, 1, 1)
2
(58, 40)
-> Request 1
652
(4, 1, 2)
2
(46, 31)
--> Day : 3
-> Request 0
910
(1, 2, 1)
1
(54, 36)
-> Request 1
949
(2, 3, 2)
3
(52, 36)
-> Request 2
1376
(1, 1, 1)
3
(52, 75)
--> Day : 4
-> Request 0
501
(3, 2, 2)
3
(45, 35)
-> Request 1
704
(3, 1, 1)
3
(48, 28)
---> Week : 63
--> Day : 0
-> Request 0
711
(3, 2, 1)
1
(52, 35)
-> Request 1
1156
(4, 2, 2)
3
(51, 33)
-> Request 2
1362
(2, 1, 2)
3
(61, 76)
--> Day : 1
-> Request 0
1036
(4, 1, 1)
3
(50, 32)
-> Request 1
1375
(1, 2, 2)
3
(60, 69)
-> Request 2
1438
(1, 3, 1)
2
(62, 67)
--> Day : 2
-> Request 0
690
(4, 2, 2)
2
(45, 44)
-> Request 1
1255
(2, 3, 1)
2
(8, 21)
--> Day : 3
-> Request 0
44
(3, 1, 2)
1
(52, 43)
-> Request 1
149
(3, 2, 2)
2
(57, 38)
-> Request 2
159
(1, 3, 1)
2
(63, 72)
-> Request 3
159
(3, 2, 2)
3
(56, 38)
-> Request 4
163
(1, 2, 2)
1
(62, 36)
-> Request 5
1083
(1, 3, 1)
2
(54, 73)
--> Day : 4
-> Request 0
101
(4, 1, 1)
3
(9, 26)
-> Request 1
432
(1, 1, 2)
2
(57, 38)
-> Request 2
620
(2, 2, 1)
1
(57, 66)
-> Request 3
1298
(1, 3, 2)
3
(63, 75)
-> Request 4
1301
(3, 2, 2)
3
(58, 71)
---> Week : 64
--> Day : 0
-> Request 0
342
(3, 3, 2)
3
(53, 41)
-> Request 1
766
(1, 1, 1)
2
(62, 39)
-> Request 2
983
(2, 3, 1)
1
(62, 39)
-> Request 3
983
(4, 2, 1)
1
(64, 77)
-> Request 4
1202
(1, 3, 2)
3
(57, 67)
--> Day : 1
-> Request 0
280
(1, 3, 1)
3
(11, 29)
-> Request 1
1359
(3, 3, 1)
2
(48, 42)
--> Day : 2
-> Request 0
553
(1, 2, 1)
1
(51, 31)
-> Request 1
725
(3, 1, 2)
3
(63, 76)
-> Request 2
792
(2, 3, 2)
2
(57, 73)
-> Request 3
892
(4, 1, 1)
2
(54, 43)
--> Day : 3
-> Request 0
648
(4, 1, 2)
1
(50, 40)
-> Request 1
1259
(1, 3, 1)
1
(59, 65)
--> Day : 4
-> Request 0
345
(1, 1, 1)
1
(58, 42)
-> Request 1
345
(1, 3, 2)
1
(58, 36)
-> Request 2
466
(1, 2, 2)
1
(64, 72)
-> Request 3
893
(3, 3, 1)
1
(51, 45)
---> Week : 65
--> Day : 0
-> Request 0
230
(1, 2, 1)
2
(61, 39)
-> Request 1
235
(3, 3, 1)
1
(44, 42)
-> Request 2
502
(1, 1, 1)
1
(62, 41)
-> Request 3
1047
(2, 1, 1)
3
(17, 27)
--> Day : 1
--> Day : 2
-> Request 0
1052
(4, 3, 1)
1
(59, 69)
-> Request 1
1143
(3, 3, 1)
2
(60, 34)
--> Day : 3
-> Request 0
13
(4, 3, 1)
3
(50, 34)
-> Request 1
16
(3, 2, 2)
2
(15, 26)
-> Request 2
128
(3, 2, 2)
2
(52, 73)
-> Request 3
232
(3, 2, 2)
3
(62, 68)
-> Request 4
433
(1, 2, 1)
2
(64, 73)
-> Request 5
737
(2, 2, 2)
1
(59, 31)
-> Request 6
1058
(3, 3, 2)
2
(62, 64)
--> Day : 4
-> Request 0
237
(2, 1, 2)
3
(63, 67)
-> Request 1
1076
(4, 3, 2)
1
(49, 44)
---> Week : 66
--> Day : 0
-> Request 0
51
(2, 2, 1)
3
(43, 27)
-> Request 1
229
(3, 1, 2)
2
(9, 21)
-> Request 2
652
(1, 1, 1)
1
(48, 37)
--> Day : 1
-> Request 0
262
(2, 2, 1)
3
(56, 73)
-> Request 1
941
(3, 2, 1)
1
(9, 23)
-> Request 2
1234
(1, 3, 1)
2
(48, 44)
--> Day : 2
-> Request 0
178
(2, 2, 1)
1
(8, 25)
-> Request 1
762
(3, 2, 2)
2
(55, 77)
-> Request 2
1051
(1, 2, 2)
2
(61, 72)
--> Day : 3
-> Request 0
84
(1, 2, 1)
3
(13, 28)
-> Request 1
237
(4, 1, 2)
1
(59, 42)
-> Request 2
386
(1, 3, 1)
1
(47, 28)
-> Request 3
438
(1, 3, 1)
3
(55, 27)
-> Request 4
453
(3, 3, 2)
1
(58, 29)
-> Request 5
808
(1, 3, 2)
2
(54, 41)
-> Request 6
904
(3, 3, 2)
3
(56, 64)
-> Request 7
1128
(3, 2, 1)
3
(60, 43)
-> Request 8
1182
(1, 2, 2)
1
(48, 36)
--> Day : 4
-> Request 0
27
(4, 1, 1)
3
(48, 41)
-> Request 1
352
(3, 3, 2)
1
(59, 71)
-> Request 2
594
(1, 1, 1)
3
(48, 33)
-> Request 3
883
(4, 2, 2)
1
(52, 34)
-> Request 4
1011
(4, 3, 2)
3
(56, 75)
---> Week : 67
--> Day : 0
-> Request 0
167
(4, 2, 2)
1
(58, 70)
-> Request 1
918
(4, 1, 1)
3
(55, 73)
--> Day : 1
-> Request 0
47
(4, 1, 1)
3
(43, 36)
-> Request 1
255
(2, 1, 2)
1
(58, 44)
-> Request 2
408
(4, 2, 2)
1
(52, 42)
-> Request 3
513
(2, 3, 2)
3
(47, 34)
-> Request 4
549
(4, 3, 1)
1
(54, 31)
--> Day : 2
-> Request 0
226
(3, 2, 2)
1
(56, 27)
-> Request 1
282
(2, 2, 2)
2
(55, 28)
-> Request 2
768
(1, 1, 2)
3
(56, 73)
-> Request 3
920
(1, 2, 2)
1
(11, 23)
-> Request 4
1350
(1, 1, 2)
1
(64, 64)
--> Day : 3
-> Request 0
1348
(2, 1, 2)
1
(57, 74)
--> Day : 4
-> Request 0
110
(1, 1, 2)
1
(48, 41)
---> Week : 68
--> Day : 0
-> Request 0
144
(2, 3, 1)
3
(63, 69)
-> Request 1
732
(4, 3, 2)
3
(43, 32)
-> Request 2
1165
(1, 3, 2)
3
(44, 38)
--> Day : 1
-> Request 0
60
(4, 1, 1)
1
(44, 33)
-> Request 1
582
(3, 2, 2)
3
(58, 71)
-> Request 2
822
(4, 2, 2)
3
(63, 65)
-> Request 3
977
(2, 3, 1)
1
(59, 31)
-> Request 4
1240
(2, 3, 1)
1
(52, 46)
-> Request 5
1275
(2, 2, 2)
3
(61, 40)
-> Request 6
1376
(1, 1, 2)
1
(51, 41)
--> Day : 2
-> Request 0
796
(4, 1, 2)
1
(47, 39)
-> Request 1
875
(1, 3, 1)
2
(52, 76)
-> Request 2
1073
(4, 1, 1)
2
(43, 38)
-> Request 3
1326
(1, 1, 2)
1
(8, 29)
-> Request 4
1422
(3, 2, 2)
1
(61, 37)
--> Day : 3
-> Request 0
313
(1, 3, 1)
2
(60, 73)
-> Request 1
814
(3, 2, 2)
3
(58, 44)
--> Day : 4
-> Request 0
144
(2, 2, 1)
1
(60, 76)
-> Request 1
271
(4, 1, 1)
1
(53, 39)
-> Request 2
569
(4, 3, 2)
3
(50, 40)
---> Week : 69
--> Day : 0
-> Request 0
77
(3, 3, 2)
1
(61, 40)
-> Request 1
363
(4, 3, 1)
2
(43, 43)
-> Request 2
1092
(4, 1, 1)
2
(54, 36)
--> Day : 1
-> Request 0
437
(4, 2, 1)
3
(60, 42)
-> Request 1
444
(1, 3, 1)
1
(53, 43)
-> Request 2
455
(3, 1, 1)
2
(17, 27)
-> Request 3
591
(4, 3, 2)
3
(49, 32)
-> Request 4
1408
(4, 1, 2)
3
(53, 39)
--> Day : 2
-> Request 0
55
(4, 2, 2)
3
(59, 71)
-> Request 1
322
(3, 1, 1)
1
(47, 36)
-> Request 2
391
(4, 2, 1)
3
(57, 68)
-> Request 3
902
(1, 2, 1)
3
(63, 69)
-> Request 4
950
(2, 3, 2)
3
(60, 40)
-> Request 5
1060
(3, 2, 2)
2
(55, 40)
-> Request 6
1227
(1, 1, 2)
3
(62, 27)
-> Request 7
1371
(4, 3, 2)
2
(43, 29)
--> Day : 3
-> Request 0
303
(2, 1, 2)
2
(53, 45)
-> Request 1
380
(1, 3, 1)
3
(63, 68)
-> Request 2
463
(3, 2, 2)
1
(60, 71)
-> Request 3
912
(2, 2, 1)
2
(45, 29)
-> Request 4
1294
(4, 1, 2)
1
(60, 43)
--> Day : 4
-> Request 0
324
(3, 3, 1)
3
(54, 68)
-> Request 1
871
(4, 1, 2)
1
(65, 74)
-> Request 2
940
(1, 1, 2)
2
(50, 33)
---> Week : 70
--> Day : 0
-> Request 0
336
(2, 3, 2)
3
(60, 33)
-> Request 1
950
(2, 1, 2)
2
(61, 76)
--> Day : 1
-> Request 0
225
(1, 3, 1)
1
(58, 44)
-> Request 1
481
(1, 1, 1)
1
(54, 36)
-> Request 2
680
(4, 3, 1)
3
(14, 27)
-> Request 3
786
(3, 3, 2)
1
(60, 77)
-> Request 4
1139
(3, 1, 2)
1
(55, 42)
--> Day : 2
-> Request 0
835
(1, 3, 1)
2
(60, 30)
-> Request 1
865
(3, 1, 1)
1
(50, 39)
-> Request 2
1059
(4, 3, 1)
1
(51, 35)
--> Day : 3
-> Request 0
403
(1, 3, 2)
1
(49, 42)
-> Request 1
1086
(1, 2, 2)
3
(54, 77)
-> Request 2
1336
(4, 3, 2)
1
(62, 38)
-> Request 3
1344
(3, 2, 2)
1
(58, 29)
--> Day : 4
-> Request 0
29
(4, 1, 1)
2
(54, 70)
-> Request 1
215
(4, 3, 1)
3
(60, 27)
-> Request 2
669
(4, 3, 2)
1
(10, 24)
-> Request 3
719
(2, 1, 2)
1
(52, 37)
-> Request 4
989
(3, 2, 2)
2
(47, 39)
-> Request 5
1235
(4, 3, 2)
1
(63, 67)
-> Request 6
1272
(1, 2, 1)
2
(60, 35)
---> Week : 71
--> Day : 0
-> Request 0
42
(4, 2, 2)
1
(55, 34)
-> Request 1
105
(2, 3, 2)
2
(55, 44)
-> Request 2
255
(3, 2, 2)
2
(44, 36)
-> Request 3
399
(1, 2, 1)
3
(49, 31)
-> Request 4
405
(1, 2, 2)
2
(15, 21)
-> Request 5
921
(3, 3, 1)
3
(50, 45)
-> Request 6
948
(3, 3, 2)
1
(62, 71)
-> Request 7
1017
(2, 2, 1)
3
(59, 30)
-> Request 8
1396
(4, 3, 1)
1
(45, 42)
--> Day : 1
-> Request 0
9
(2, 3, 1)
1
(59, 31)
-> Request 1
43
(2, 2, 2)
3
(52, 40)
-> Request 2
129
(1, 1, 2)
1
(57, 74)
-> Request 3
437
(1, 1, 1)
2
(47, 45)
-> Request 4
847
(4, 2, 2)
1
(61, 64)
-> Request 5
1011
(2, 2, 1)
1
(46, 34)
-> Request 6
1236
(3, 2, 2)
2
(47, 35)
-> Request 7
1281
(4, 3, 1)
1
(9, 28)
--> Day : 2
-> Request 0
229
(3, 3, 2)
3
(15, 23)
-> Request 1
419
(4, 2, 2)
3
(56, 39)
-> Request 2
722
(1, 2, 1)
1
(54, 43)
--> Day : 3
-> Request 0
753
(3, 2, 1)
3
(66, 69)
-> Request 1
818
(2, 2, 2)
1
(8, 29)
--> Day : 4
-> Request 0
263
(3, 2, 2)
2
(60, 34)
-> Request 1
331
(4, 3, 1)
2
(45, 31)
-> Request 2
1082
(4, 2, 2)
2
(57, 31)
-> Request 3
1199
(4, 1, 1)
1
(55, 34)
-> Request 4
1363
(4, 1, 1)
1
(52, 41)
---> Week : 72
--> Day : 0
-> Request 0
434
(4, 2, 2)
2
(55, 34)
-> Request 1
884
(2, 1, 1)
1
(48, 41)
--> Day : 1
-> Request 0
475
(4, 2, 2)
3
(52, 27)
-> Request 1
578
(3, 1, 2)
3
(9, 24)
-> Request 2
748
(3, 3, 2)
3
(54, 38)
-> Request 3
810
(1, 2, 1)
2
(48, 46)
-> Request 4
952
(2, 1, 1)
2
(58, 36)
--> Day : 2
-> Request 0
414
(3, 2, 2)
1
(59, 34)
-> Request 1
495
(3, 2, 1)
2
(52, 38)
-> Request 2
731
(1, 3, 1)
1
(57, 36)
-> Request 3
734
(3, 1, 1)
1
(62, 37)
-> Request 4
763
(2, 1, 2)
2
(58, 70)
-> Request 5
969
(4, 3, 1)
3
(59, 44)
-> Request 6
1286
(3, 3, 2)
2
(47, 35)
-> Request 7
1347
(1, 2, 2)
2
(58, 43)
--> Day : 3
-> Request 0
22
(2, 1, 2)
1
(47, 42)
-> Request 1
58
(2, 3, 1)
2
(62, 39)
-> Request 2
441
(3, 1, 1)
1
(52, 33)
-> Request 3
585
(1, 2, 1)
2
(45, 28)
-> Request 4
703
(4, 1, 2)
1
(58, 30)
-> Request 5
1169
(3, 1, 2)
2
(58, 29)
--> Day : 4
-> Request 0
6
(3, 2, 1)
2
(52, 70)
-> Request 1
1085
(2, 1, 2)
2
(48, 29)
-> Request 2
1140
(4, 2, 1)
1
(50, 32)
---> Week : 73
--> Day : 0
-> Request 0
190
(4, 2, 1)
2
(62, 34)
-> Request 1
294
(1, 1, 1)
2
(44, 46)
-> Request 2
549
(3, 3, 2)
2
(14, 29)
-> Request 3
819
(2, 2, 2)
3
(64, 78)
-> Request 4
969
(1, 2, 1)
3
(58, 77)
-> Request 5
1220
(3, 1, 2)
3
(58, 67)
-> Request 6
1342
(1, 3, 1)
3
(56, 76)
--> Day : 1
-> Request 0
151
(3, 2, 2)
3
(53, 42)
-> Request 1
688
(3, 3, 2)
2
(52, 37)
-> Request 2
807
(3, 3, 1)
2
(56, 32)
--> Day : 2
-> Request 0
813
(2, 3, 2)
3
(63, 64)
-> Request 1
825
(4, 3, 2)
3
(54, 30)
-> Request 2
984
(3, 2, 1)
2
(60, 41)
--> Day : 3
-> Request 0
440
(1, 3, 2)
2
(57, 73)
-> Request 1
478
(2, 3, 1)
2
(44, 33)
-> Request 2
529
(1, 1, 2)
2
(64, 77)
-> Request 3
741
(2, 2, 2)
3
(59, 76)
-> Request 4
1397
(3, 3, 1)
3
(53, 68)
-> Request 5
1434
(4, 2, 2)
3
(57, 31)
--> Day : 4
-> Request 0
5
(2, 1, 1)
3
(57, 71)
-> Request 1
61
(1, 1, 2)
1
(59, 45)
-> Request 2
490
(4, 2, 2)
3
(61, 35)
-> Request 3
736
(2, 1, 2)
2
(50, 31)
-> Request 4
765
(3, 2, 1)
3
(60, 65)
-> Request 5
890
(2, 2, 2)
2
(57, 72)
-> Request 6
928
(3, 2, 2)
3
(16, 25)
-> Request 7
966
(2, 1, 2)
3
(53, 46)
-> Request 8
1020
(1, 2, 2)
3
(50, 44)
-> Request 9
1308
(1, 2, 2)
1
(56, 28)
---> Week : 74
--> Day : 0
-> Request 0
268
(3, 3, 1)
3
(55, 36)
-> Request 1
405
(2, 3, 2)
3
(44, 42)
-> Request 2
576
(2, 2, 2)
1
(44, 38)
-> Request 3
1084
(3, 1, 2)
2
(57, 33)
-> Request 4
1297
(1, 2, 1)
3
(56, 35)
-> Request 5
1345
(1, 3, 1)
3
(47, 39)
--> Day : 1
-> Request 0
52
(2, 3, 2)
3
(9, 22)
-> Request 1
714
(3, 3, 2)
2
(51, 30)
-> Request 2
752
(1, 2, 1)
3
(50, 43)
--> Day : 2
-> Request 0
1285
(4, 2, 1)
2
(58, 78)
--> Day : 3
-> Request 0
371
(3, 3, 1)
1
(44, 43)
--> Day : 4
-> Request 0
426
(1, 1, 1)
1
(16, 27)
-> Request 1
615
(2, 2, 1)
1
(47, 36)
-> Request 2
649
(2, 1, 1)
1
(58, 64)
---> Week : 75
--> Day : 0
-> Request 0
202
(2, 2, 2)
1
(58, 74)
-> Request 1
715
(3, 2, 1)
2
(47, 36)
-> Request 2
1168
(3, 2, 1)
3
(13, 26)
-> Request 3
1426
(1, 1, 2)
1
(50, 34)
--> Day : 1
-> Request 0
404
(1, 1, 2)
3
(51, 43)
-> Request 1
462
(4, 1, 1)
2
(50, 29)
-> Request 2
537
(4, 3, 1)
3
(57, 27)
--> Day : 2
-> Request 0
316
(3, 2, 2)
1
(43, 45)
-> Request 1
359
(1, 3, 1)
3
(66, 78)
-> Request 2
509
(4, 3, 1)
2
(65, 74)
-> Request 3
1265
(1, 3, 2)
3
(62, 36)
--> Day : 3
-> Request 0
359
(4, 2, 2)
1
(8, 26)
-> Request 1
822
(2, 1, 2)
1
(62, 70)
--> Day : 4
-> Request 0
371
(4, 2, 2)
1
(44, 37)
-> Request 1
1075
(2, 3, 2)
3
(60, 30)
---> Week : 76
--> Day : 0
-> Request 0
326
(3, 1, 1)
3
(44, 35)
--> Day : 1
-> Request 0
181
(3, 3, 2)
3
(61, 41)
-> Request 1
824
(4, 2, 1)
2
(62, 35)
-> Request 2
1280
(4, 1, 1)
1
(55, 30)
--> Day : 2
-> Request 0
298
(3, 3, 1)
2
(49, 37)
-> Request 1
1258
(3, 1, 1)
2
(66, 73)
--> Day : 3
-> Request 0
166
(4, 1, 2)
3
(14, 21)
--> Day : 4
-> Request 0
1105
(1, 3, 1)
1
(56, 77)
-> Request 1
1162
(1, 2, 1)
3
(44, 31)
---> Week : 77
--> Day : 0
-> Request 0
265
(4, 3, 1)
3
(47, 44)
-> Request 1
741
(2, 1, 2)
1
(11, 28)
-> Request 2
976
(3, 2, 1)
2
(62, 68)
-> Request 3
1328
(2, 1, 2)
2
(62, 28)
--> Day : 1
-> Request 0
636
(3, 2, 2)
1
(45, 44)
-> Request 1
856
(2, 3, 1)
2
(60, 71)
--> Day : 2
-> Request 0
254
(3, 1, 2)
2
(56, 46)
-> Request 1
447
(2, 1, 1)
1
(8, 20)
-> Request 2
716
(4, 3, 2)
1
(57, 42)
-> Request 3
794
(1, 3, 2)
2
(11, 28)
-> Request 4
1053
(4, 2, 2)
1
(49, 42)
-> Request 5
1311
(3, 1, 1)
1
(56, 72)
--> Day : 3
-> Request 0
121
(1, 2, 2)
1
(54, 41)
-> Request 1
128
(3, 2, 1)
1
(57, 30)
-> Request 2
876
(4, 2, 1)
1
(48, 35)
-> Request 3
988
(2, 1, 1)
1
(58, 36)
-> Request 4
1169
(4, 2, 1)
3
(53, 30)
-> Request 5
1436
(1, 1, 1)
1
(45, 46)
--> Day : 4
-> Request 0
7
(2, 2, 1)
1
(56, 28)
-> Request 1
510
(1, 2, 2)
1
(8, 21)
-> Request 2
1181
(3, 1, 1)
2
(62, 29)
-> Request 3
1236
(2, 3, 1)
1
(59, 65)
---> Week : 78
--> Day : 0
-> Request 0
311
(4, 1, 1)
1
(16, 25)
-> Request 1
365
(4, 2, 1)
1
(63, 77)
-> Request 2
442
(3, 3, 1)
1
(51, 45)
-> Request 3
548
(3, 1, 1)
3
(60, 68)
-> Request 4
701
(2, 2, 2)
2
(66, 64)
-> Request 5
1040
(1, 3, 1)
1
(52, 39)
-> Request 6
1117
(2, 3, 1)
3
(51, 43)
--> Day : 1
--> Day : 2
-> Request 0
468
(2, 3, 1)
2
(45, 32)
-> Request 1
500
(4, 1, 2)
1
(63, 71)
-> Request 2
826
(4, 3, 2)
1
(43, 27)
-> Request 3
1153
(4, 2, 1)
1
(57, 66)
-> Request 4
1291
(2, 3, 1)
2
(50, 30)
-> Request 5
1319
(1, 1, 2)
2
(61, 68)
-> Request 6
1370
(2, 3, 1)
2
(61, 27)
--> Day : 3
-> Request 0
48
(2, 1, 2)
1
(61, 30)
-> Request 1
367
(3, 1, 1)
2
(45, 46)
--> Day : 4
-> Request 0
110
(1, 2, 2)
1
(55, 42)
-> Request 1
749
(4, 3, 1)
2
(45, 46)
-> Request 2
760
(3, 2, 2)
3
(52, 70)
-> Request 3
934
(3, 2, 2)
1
(49, 46)
-> Request 4
1157
(4, 1, 2)
3
(53, 65)
---> Week : 79
--> Day : 0
-> Request 0
409
(1, 2, 1)
1
(56, 78)
-> Request 1
429
(3, 3, 1)
1
(61, 30)
-> Request 2
633
(1, 3, 1)
3
(17, 27)
-> Request 3
942
(3, 3, 1)
3
(63, 71)
--> Day : 1
-> Request 0
158
(2, 3, 1)
2
(48, 42)
-> Request 1
271
(4, 2, 2)
2
(59, 40)
-> Request 2
399
(4, 1, 1)
2
(58, 33)
-> Request 3
941
(3, 3, 1)
3
(66, 70)
-> Request 4
1135
(4, 1, 1)
1
(52, 42)
--> Day : 2
-> Request 0
454
(4, 3, 2)
3
(10, 25)
-> Request 1
649
(1, 1, 1)
3
(61, 33)
-> Request 2
784
(1, 1, 2)
3
(64, 70)
-> Request 3
1090
(1, 2, 1)
1
(53, 42)
--> Day : 3
-> Request 0
239
(1, 3, 1)
1
(45, 29)
-> Request 1
546
(2, 1, 2)
1
(59, 78)
-> Request 2
1360
(3, 3, 1)
3
(43, 43)
--> Day : 4
-> Request 0
10
(1, 2, 2)
3
(46, 43)
-> Request 1
441
(3, 3, 1)
2
(58, 40)
-> Request 2
597
(3, 2, 1)
1
(53, 34)
-> Request 3
838
(3, 1, 1)
1
(52, 66)
-> Request 4
859
(2, 1, 1)
3
(44, 34)
-> Request 5
1114
(3, 2, 1)
1
(50, 41)
---> Week : 80
--> Day : 0
-> Request 0
749
(4, 1, 1)
2
(45, 29)
-> Request 1
854
(2, 2, 2)
2
(58, 72)
-> Request 2
1060
(1, 2, 1)
3
(46, 45)
--> Day : 1
-> Request 0
244
(4, 3, 2)
3
(54, 43)
-> Request 1
664
(4, 2, 1)
1
(13, 29)
-> Request 2
1089
(1, 2, 1)
3
(61, 35)
--> Day : 2
-> Request 0
167
(3, 2, 2)
1
(56, 41)
-> Request 1
217
(1, 1, 1)
1
(50, 38)
-> Request 2
397
(2, 1, 1)
1
(48, 32)
-> Request 3
433
(3, 1, 1)
1
(10, 24)
-> Request 4
771
(2, 2, 2)
1
(48, 34)
--> Day : 3
-> Request 0
95
(3, 2, 1)
1
(54, 44)
-> Request 1
643
(1, 1, 1)
2
(65, 77)
-> Request 2
1238
(4, 2, 1)
2
(54, 44)
--> Day : 4
-> Request 0
47
(3, 3, 1)
1
(59, 33)
-> Request 1
181
(3, 3, 2)
1
(61, 33)
-> Request 2
350
(4, 2, 1)
3
(52, 76)
-> Request 3
512
(2, 1, 1)
2
(59, 36)
-> Request 4
517
(1, 2, 2)
3
(46, 45)
-> Request 5
740
(1, 3, 1)
2
(66, 67)
-> Request 6
778
(1, 1, 1)
3
(60, 43)
-> Request 7
937
(1, 3, 1)
2
(53, 46)
-> Request 8
1129
(3, 1, 2)
2
(53, 27)
-> Request 9
1393
(1, 1, 1)
2
(44, 29)
---> Week : 81
--> Day : 0
-> Request 0
248
(4, 2, 2)
1
(50, 45)
-> Request 1
475
(4, 1, 1)
3
(14, 22)
-> Request 2
889
(1, 1, 1)
3
(53, 29)
-> Request 3
911
(3, 1, 1)
3
(55, 27)
-> Request 4
946
(2, 2, 1)
3
(15, 26)
--> Day : 1
-> Request 0
111
(2, 1, 2)
2
(66, 66)
-> Request 1
169
(3, 3, 1)
1
(66, 78)
-> Request 2
182
(3, 1, 2)
3
(14, 23)
-> Request 3
567
(1, 1, 2)
3
(44, 42)
-> Request 4
836
(2, 2, 2)
3
(58, 66)
-> Request 5
864
(4, 2, 2)
2
(51, 34)
-> Request 6
891
(2, 3, 1)
1
(55, 66)
-> Request 7
1128
(4, 1, 1)
3
(65, 72)
--> Day : 2
-> Request 0
93
(4, 1, 2)
2
(10, 25)
-> Request 1
191
(4, 1, 1)
2
(13, 20)
-> Request 2
529
(2, 3, 1)
1
(14, 28)
-> Request 3
539
(2, 2, 2)
3
(60, 30)
-> Request 4
1003
(3, 1, 2)
1
(63, 67)
-> Request 5
1044
(3, 1, 1)
2
(46, 44)
--> Day : 3
-> Request 0
747
(3, 1, 1)
3
(57, 45)
-> Request 1
1335
(4, 3, 1)
2
(53, 41)
--> Day : 4
-> Request 0
719
(2, 1, 1)
1
(50, 40)
-> Request 1
919
(3, 1, 2)
3
(49, 38)
-> Request 2
1056
(4, 2, 1)
1
(65, 77)
-> Request 3
1174
(3, 1, 1)
1
(45, 41)
-> Request 4
1341
(4, 3, 2)
1
(59, 41)
---> Week : 82
--> Day : 0
-> Request 0
590
(4, 2, 2)
1
(17, 23)
-> Request 1
657
(3, 2, 2)
2
(12, 22)
-> Request 2
800
(1, 2, 1)
1
(16, 28)
-> Request 3
828
(4, 1, 2)
3
(11, 24)
-> Request 4
1064
(2, 1, 1)
1
(54, 34)
--> Day : 1
-> Request 0
440
(2, 3, 2)
2
(56, 42)
-> Request 1
689
(4, 1, 1)
1
(62, 37)
-> Request 2
831
(2, 1, 2)
2
(54, 75)
--> Day : 2
--> Day : 3
-> Request 0
293
(4, 1, 1)
3
(16, 24)
-> Request 1
416
(3, 1, 2)
3
(46, 41)
-> Request 2
448
(3, 2, 2)
2
(63, 69)
-> Request 3
755
(3, 2, 2)
1
(45, 43)
-> Request 4
945
(3, 2, 1)
3
(63, 73)
-> Request 5
1261
(3, 2, 2)
1
(9, 21)
--> Day : 4
-> Request 0
247
(2, 2, 2)
2
(45, 31)
-> Request 1
363
(2, 2, 2)
3
(56, 68)
-> Request 2
373
(3, 3, 1)
1
(57, 33)
-> Request 3
473
(1, 1, 2)
1
(58, 65)
-> Request 4
841
(4, 2, 1)
1
(57, 75)
-> Request 5
1136
(4, 3, 2)
2
(56, 33)
-> Request 6
1178
(1, 1, 1)
2
(58, 65)
---> Week : 83
--> Day : 0
-> Request 0
427
(1, 3, 1)
2
(13, 28)
-> Request 1
492
(3, 3, 1)
3
(43, 41)
-> Request 2
867
(1, 3, 2)
1
(54, 40)
-> Request 3
1271
(4, 1, 2)
2
(50, 46)
--> Day : 1
-> Request 0
193
(2, 1, 1)
3
(14, 21)
-> Request 1
452
(3, 1, 2)
1
(44, 27)
-> Request 2
1421
(4, 2, 1)
3
(47, 27)
--> Day : 2
-> Request 0
75
(2, 3, 2)
3
(56, 36)
-> Request 1
108
(2, 2, 1)
3
(52, 28)
-> Request 2
420
(4, 1, 1)
2
(51, 41)
-> Request 3
823
(3, 1, 1)
2
(13, 28)
-> Request 4
1367
(3, 1, 1)
2
(52, 64)
--> Day : 3
-> Request 0
195
(4, 1, 2)
2
(45, 40)
-> Request 1
651
(2, 2, 2)
3
(48, 42)
--> Day : 4
-> Request 0
215
(2, 3, 2)
1
(54, 78)
-> Request 1
239
(2, 2, 2)
2
(56, 76)
-> Request 2
690
(2, 1, 1)
2
(61, 42)
-> Request 3
723
(1, 1, 2)
2
(58, 28)
-> Request 4
1029
(2, 3, 2)
3
(15, 28)
-> Request 5
1057
(2, 1, 1)
1
(49, 45)
---> Week : 84
--> Day : 0
-> Request 0
349
(4, 1, 2)
1
(62, 29)
-> Request 1
669
(3, 2, 2)
2
(51, 43)
-> Request 2
797
(1, 3, 2)
3
(58, 71)
-> Request 3
908
(2, 2, 2)
1
(16, 29)
-> Request 4
1095
(4, 2, 1)
1
(57, 36)
-> Request 5
1235
(4, 1, 2)
3
(60, 70)
--> Day : 1
-> Request 0
634
(2, 3, 2)
1
(49, 44)
--> Day : 2
-> Request 0
83
(1, 1, 1)
3
(56, 36)
-> Request 1
269
(1, 2, 1)
2
(8, 26)
-> Request 2
339
(3, 3, 1)
1
(61, 64)
-> Request 3
718
(2, 2, 1)
3
(17, 29)
-> Request 4
868
(2, 3, 1)
1
(47, 40)
-> Request 5
914
(1, 3, 1)
1
(61, 77)
-> Request 6
959
(4, 1, 2)
1
(54, 44)
-> Request 7
1362
(4, 3, 1)
2
(63, 67)
-> Request 8
1397
(1, 2, 1)
1
(60, 39)
--> Day : 3
-> Request 0
166
(3, 3, 2)
1
(59, 68)
-> Request 1
179
(3, 1, 1)
2
(60, 75)
-> Request 2
487
(4, 3, 1)
3
(66, 64)
-> Request 3
798
(4, 1, 2)
1
(60, 69)
-> Request 4
964
(4, 2, 2)
2
(53, 72)
-> Request 5
1015
(2, 3, 2)
1
(63, 66)
-> Request 6
1305
(1, 1, 1)
3
(55, 45)
--> Day : 4
-> Request 0
53
(3, 1, 2)
3
(58, 76)
-> Request 1
395
(2, 2, 2)
1
(56, 76)
-> Request 2
865
(3, 2, 2)
1
(65, 70)
-> Request 3
1053
(1, 1, 2)
2
(14, 25)
---> Week : 85
--> Day : 0
-> Request 0
1264
(1, 2, 1)
1
(61, 27)
-> Request 1
1330
(3, 1, 1)
1
(52, 71)
--> Day : 1
-> Request 0
521
(1, 2, 1)
3
(54, 43)
-> Request 1
540
(4, 2, 2)
1
(61, 34)
-> Request 2
1152
(3, 2, 2)
3
(43, 44)
--> Day : 2
-> Request 0
196
(1, 2, 2)
1
(62, 29)
-> Request 1
737
(3, 2, 1)
2
(56, 44)
-> Request 2
749
(4, 2, 1)
2
(10, 24)
-> Request 3
796
(4, 2, 2)
3
(54, 30)
-> Request 4
1294
(3, 1, 2)
1
(49, 37)
--> Day : 3
-> Request 0
299
(1, 2, 2)
1
(8, 20)
-> Request 1
524
(1, 3, 1)
2
(61, 74)
-> Request 2
659
(4, 3, 2)
2
(10, 29)
-> Request 3
1169
(2, 1, 1)
3
(47, 35)
--> Day : 4
-> Request 0
95
(2, 1, 1)
3
(55, 69)
-> Request 1
251
(3, 2, 1)
2
(53, 68)
-> Request 2
289
(3, 2, 2)
3
(58, 40)
-> Request 3
307
(2, 2, 1)
2
(46, 34)
-> Request 4
842
(1, 2, 1)
3
(59, 39)
-> Request 5
1027
(4, 3, 1)
1
(58, 38)
-> Request 6
1380
(2, 2, 2)
1
(44, 45)
---> Week : 86
--> Day : 0
-> Request 0
82
(2, 1, 1)
3
(57, 74)
-> Request 1
89
(2, 1, 1)
1
(47, 34)
-> Request 2
92
(1, 1, 2)
3
(43, 27)
-> Request 3
551
(2, 3, 2)
2
(9, 25)
-> Request 4
670
(1, 3, 1)
3
(61, 74)
-> Request 5
1238
(3, 3, 1)
2
(17, 20)
--> Day : 1
-> Request 0
661
(4, 3, 1)
1
(51, 28)
--> Day : 2
-> Request 0
838
(2, 3, 1)
2
(52, 30)
-> Request 1
1285
(2, 2, 2)
1
(48, 34)
--> Day : 3
-> Request 0
327
(3, 1, 2)
1
(53, 34)
-> Request 1
978
(4, 3, 2)
2
(64, 74)
-> Request 2
1247
(3, 1, 1)
3
(60, 28)
-> Request 3
1338
(3, 2, 1)
3
(60, 32)
--> Day : 4
-> Request 0
548
(2, 2, 1)
2
(56, 73)
-> Request 1
681
(3, 2, 2)
1
(45, 41)
-> Request 2
970
(4, 1, 2)
2
(61, 64)
---> Week : 87
--> Day : 0
-> Request 0
709
(1, 2, 2)
3
(58, 69)
-> Request 1
970
(1, 2, 2)
3
(65, 68)
--> Day : 1
-> Request 0
285
(3, 3, 2)
1
(60, 41)
-> Request 1
672
(4, 3, 1)
2
(62, 65)
-> Request 2
893
(1, 1, 1)
3
(47, 28)
-> Request 3
989
(2, 1, 2)
3
(43, 44)
-> Request 4
1283
(4, 2, 2)
1
(11, 23)
-> Request 5
1403
(4, 3, 2)
1
(62, 70)
--> Day : 2
-> Request 0
330
(2, 3, 2)
1
(53, 76)
-> Request 1
491
(1, 3, 2)
2
(60, 46)
-> Request 2
511
(2, 3, 2)
1
(58, 37)
-> Request 3
793
(3, 1, 2)
2
(48, 34)
-> Request 4
935
(4, 1, 2)
1
(48, 40)
--> Day : 3
-> Request 0
26
(1, 1, 1)
2
(12, 27)
-> Request 1
166
(3, 3, 2)
1
(52, 36)
-> Request 2
477
(4, 2, 1)
1
(61, 41)
-> Request 3
1033
(3, 1, 1)
3
(49, 43)
--> Day : 4
-> Request 0
40
(4, 1, 1)
3
(57, 43)
-> Request 1
152
(2, 2, 2)
2
(45, 36)
---> Week : 88
--> Day : 0
-> Request 0
958
(4, 1, 1)
3
(11, 29)
-> Request 1
1034
(2, 3, 2)
2
(9, 23)
--> Day : 1
-> Request 0
694
(2, 2, 1)
1
(66, 78)
-> Request 1
806
(1, 2, 2)
1
(53, 27)
--> Day : 2
-> Request 0
252
(4, 2, 2)
1
(60, 27)
-> Request 1
410
(2, 1, 2)
1
(61, 75)
-> Request 2
438
(4, 1, 2)
2
(58, 43)
-> Request 3
748
(4, 2, 1)
3
(60, 77)
-> Request 4
1105
(3, 2, 1)
3
(50, 44)
--> Day : 3
-> Request 0
5
(4, 1, 1)
2
(56, 44)
-> Request 1
524
(2, 2, 1)
2
(53, 30)
--> Day : 4
-> Request 0
110
(1, 2, 1)
1
(55, 44)
-> Request 1
982
(3, 2, 2)
3
(55, 34)
-> Request 2
1057
(3, 3, 1)
2
(11, 28)
-> Request 3
1093
(3, 1, 2)
1
(58, 40)
-> Request 4
1254
(1, 2, 2)
1
(58, 33)
-> Request 5
1436
(3, 2, 1)
3
(56, 71)
---> Week : 89
--> Day : 0
-> Request 0
47
(2, 3, 1)
1
(61, 35)
-> Request 1
343
(2, 1, 2)
3
(47, 34)
-> Request 2
436
(2, 1, 1)
2
(46, 42)
-> Request 3
498
(1, 3, 2)
3
(55, 68)
-> Request 4
764
(1, 1, 2)
2
(61, 27)
-> Request 5
935
(1, 3, 1)
1
(44, 31)
-> Request 6
1036
(2, 1, 2)
3
(53, 72)
-> Request 7
1366
(4, 1, 2)
1
(53, 37)
-> Request 8
1417
(1, 2, 1)
2
(59, 33)
--> Day : 1
-> Request 0
701
(3, 1, 2)
1
(13, 23)
-> Request 1
893
(4, 2, 2)
3
(13, 27)
-> Request 2
944
(1, 3, 1)
3
(53, 78)
--> Day : 2
-> Request 0
877
(4, 2, 1)
1
(57, 78)
-> Request 1
885
(1, 2, 2)
3
(45, 46)
-> Request 2
1203
(4, 1, 2)
3
(58, 39)
--> Day : 3
-> Request 0
76
(1, 3, 1)
1
(61, 38)
-> Request 1
308
(4, 1, 1)
1
(9, 20)
-> Request 2
398
(1, 3, 2)
1
(60, 74)
-> Request 3
723
(4, 3, 1)
3
(62, 30)
-> Request 4
939
(2, 3, 1)
1
(58, 43)
-> Request 5
1127
(1, 3, 2)
2
(53, 71)
--> Day : 4
-> Request 0
66
(3, 3, 2)
3
(56, 33)
-> Request 1
706
(4, 2, 2)
1
(48, 37)
-> Request 2
843
(2, 3, 2)
1
(57, 33)
-> Request 3
1276
(2, 2, 2)
2
(57, 27)
-> Request 4
1277
(1, 2, 2)
3
(56, 64)
---> Week : 90
--> Day : 0
-> Request 0
173
(3, 3, 1)
3
(47, 27)
-> Request 1
250
(1, 1, 1)
2
(43, 42)
-> Request 2
747
(1, 1, 1)
2
(59, 34)
-> Request 3
904
(3, 2, 1)
2
(11, 20)
-> Request 4
1109
(3, 1, 2)
2
(13, 21)
--> Day : 1
-> Request 0
467
(3, 2, 2)
1
(55, 66)
-> Request 1
877
(4, 1, 2)
1
(56, 38)
-> Request 2
932
(3, 3, 2)
3
(59, 71)
-> Request 3
1010
(2, 1, 2)
2
(43, 35)
--> Day : 2
-> Request 0
380
(2, 2, 2)
3
(52, 72)
-> Request 1
500
(4, 1, 1)
1
(50, 37)
-> Request 2
607
(4, 3, 2)
1
(45, 28)
--> Day : 3
-> Request 0
228
(1, 2, 2)
3
(61, 73)
-> Request 1
245
(3, 2, 2)
1
(54, 33)
-> Request 2
765
(2, 1, 2)
3
(14, 20)
-> Request 3
1161
(4, 2, 1)
2
(9, 28)
-> Request 4
1225
(4, 1, 1)
2
(62, 29)
-> Request 5
1274
(1, 3, 2)
1
(53, 64)
-> Request 6
1323
(1, 2, 1)
3
(62, 45)
--> Day : 4
-> Request 0
597
(2, 3, 2)
3
(13, 28)
---> Week : 91
--> Day : 0
-> Request 0
94
(3, 1, 2)
3
(44, 33)
-> Request 1
483
(1, 1, 1)
3
(46, 38)
-> Request 2
1148
(1, 3, 2)
2
(47, 36)
-> Request 3
1258
(2, 2, 1)
1
(43, 31)
-> Request 4
1319
(3, 3, 1)
3
(49, 32)
-> Request 5
1335
(2, 3, 1)
1
(58, 68)
--> Day : 1
-> Request 0
915
(1, 2, 1)
1
(59, 37)
-> Request 1
1278
(1, 2, 2)
2
(15, 24)
-> Request 2
1336
(1, 1, 2)
3
(66, 64)
--> Day : 2
-> Request 0
290
(3, 2, 2)
2
(59, 36)
-> Request 1
516
(4, 1, 1)
2
(47, 41)
-> Request 2
756
(4, 3, 2)
3
(66, 71)
-> Request 3
1139
(3, 1, 2)
2
(52, 30)
-> Request 4
1399
(3, 2, 2)
3
(58, 32)
--> Day : 3
-> Request 0
553
(2, 2, 1)
3
(44, 33)
-> Request 1
594
(3, 1, 2)
3
(57, 31)
-> Request 2
847
(4, 2, 1)
2
(60, 77)
-> Request 3
872
(2, 1, 2)
3
(50, 40)
-> Request 4
1212
(4, 1, 1)
3
(54, 77)
-> Request 5
1268
(1, 3, 2)
1
(61, 42)
--> Day : 4
-> Request 0
165
(2, 3, 1)
2
(43, 29)
-> Request 1
713
(2, 3, 2)
2
(60, 27)
-> Request 2
1206
(3, 1, 1)
3
(58, 74)
-> Request 3
1234
(2, 3, 1)
3
(43, 37)
---> Week : 92
--> Day : 0
-> Request 0
160
(2, 1, 1)
3
(56, 36)
-> Request 1
325
(4, 3, 1)
2
(50, 39)
-> Request 2
911
(3, 1, 1)
1
(53, 68)
-> Request 3
964
(1, 2, 1)
1
(51, 31)
-> Request 4
1409
(4, 1, 2)
1
(11, 25)
--> Day : 1
-> Request 0
291
(4, 3, 2)
3
(45, 42)
-> Request 1
313
(3, 2, 2)
2
(60, 77)
-> Request 2
436
(4, 1, 1)
3
(48, 43)
-> Request 3
492
(2, 3, 1)
3
(64, 67)
--> Day : 2
-> Request 0
301
(2, 1, 2)
3
(60, 42)
-> Request 1
348
(1, 3, 1)
3
(53, 71)
-> Request 2
467
(4, 2, 1)
3
(14, 21)
-> Request 3
511
(4, 3, 2)
1
(47, 27)
-> Request 4
521
(3, 2, 1)
2
(52, 31)
-> Request 5
1051
(1, 2, 1)
3
(66, 73)
-> Request 6
1170
(4, 2, 2)
1
(8, 25)
-> Request 7
1195
(1, 1, 2)
2
(63, 75)
--> Day : 3
-> Request 0
751
(4, 1, 1)
3
(57, 72)
-> Request 1
868
(3, 3, 1)
3
(55, 40)
-> Request 2
928
(1, 2, 2)
1
(56, 69)
--> Day : 4
-> Request 0
164
(4, 1, 2)
3
(44, 40)
-> Request 1
547
(1, 3, 1)
1
(60, 77)
-> Request 2
643
(1, 1, 1)
1
(52, 75)
-> Request 3
936
(1, 2, 2)
1
(60, 77)
-> Request 4
1041
(3, 3, 1)
1
(58, 33)
-> Request 5
1227
(3, 3, 2)
3
(46, 42)
-> Request 6
1331
(4, 1, 2)
1
(53, 46)
---> Week : 93
--> Day : 0
-> Request 0
123
(2, 1, 1)
2
(55, 76)
-> Request 1
515
(4, 3, 2)
3
(55, 70)
--> Day : 1
-> Request 0
668
(2, 3, 1)
2
(51, 38)
-> Request 1
1345
(3, 3, 1)
3
(55, 31)
--> Day : 2
-> Request 0
387
(3, 2, 1)
1
(48, 31)
-> Request 1
462
(2, 3, 1)
3
(53, 69)
-> Request 2
822
(4, 2, 1)
1
(53, 30)
-> Request 3
1204
(2, 1, 2)
3
(47, 36)
--> Day : 3
-> Request 0
257
(4, 1, 1)
2
(61, 66)
-> Request 1
311
(3, 2, 1)
3
(57, 33)
--> Day : 4
-> Request 0
213
(2, 1, 1)
1
(52, 73)
-> Request 1
245
(1, 2, 2)
1
(15, 26)
-> Request 2
301
(1, 1, 1)
3
(55, 35)
-> Request 3
350
(2, 1, 2)
1
(49, 36)
-> Request 4
513
(4, 3, 1)
3
(62, 34)
-> Request 5
662
(2, 3, 1)
2
(52, 46)
---> Week : 94
--> Day : 0
-> Request 0
145
(3, 3, 2)
3
(61, 35)
-> Request 1
1183
(2, 3, 2)
1
(62, 72)
--> Day : 1
-> Request 0
5
(3, 2, 1)
2
(45, 39)
-> Request 1
447
(1, 3, 2)
2
(60, 74)
-> Request 2
601
(2, 3, 1)
3
(52, 38)
-> Request 3
692
(1, 1, 1)
3
(48, 32)
-> Request 4
1202
(2, 1, 2)
1
(57, 28)
--> Day : 2
-> Request 0
1063
(4, 2, 2)
1
(62, 67)
-> Request 1
1332
(4, 1, 1)
1
(14, 28)
--> Day : 3
-> Request 0
29
(1, 3, 1)
1
(53, 42)
-> Request 1
777
(3, 1, 2)
2
(59, 28)
-> Request 2
1174
(4, 2, 2)
1
(62, 65)
--> Day : 4
-> Request 0
39
(2, 1, 1)
2
(12, 26)
-> Request 1
91
(4, 3, 2)
2
(62, 68)
-> Request 2
131
(3, 3, 1)
3
(46, 37)
-> Request 3
1075
(3, 1, 1)
3
(59, 66)
-> Request 4
1079
(2, 2, 2)
2
(61, 28)
---> Week : 95
--> Day : 0
-> Request 0
49
(4, 2, 2)
2
(50, 30)
-> Request 1
350
(3, 1, 2)
3
(57, 36)
-> Request 2
458
(2, 2, 1)
1
(44, 34)
-> Request 3
520
(2, 1, 1)
2
(60, 72)
-> Request 4
635
(4, 1, 2)
3
(54, 75)
-> Request 5
655
(4, 3, 2)
3
(60, 68)
-> Request 6
709
(2, 3, 1)
3
(63, 70)
-> Request 7
1260
(2, 2, 2)
1
(52, 27)
-> Request 8
1329
(1, 2, 2)
3
(46, 32)
--> Day : 1
-> Request 0
674
(4, 3, 2)
3
(50, 35)
-> Request 1
754
(4, 2, 2)
2
(58, 29)
-> Request 2
981
(3, 3, 2)
1
(64, 72)
-> Request 3
1433
(4, 2, 1)
3
(62, 77)
--> Day : 2
-> Request 0
63
(4, 2, 2)
3
(49, 39)
-> Request 1
137
(4, 3, 2)
2
(65, 70)
-> Request 2
158
(4, 1, 2)
1
(52, 44)
--> Day : 3
-> Request 0
1307
(3, 2, 2)
2
(50, 45)
--> Day : 4
-> Request 0
585
(4, 3, 1)
2
(54, 74)
-> Request 1
832
(4, 1, 1)
1
(54, 68)
-> Request 2
846
(2, 3, 1)
2
(45, 40)
---> Week : 96
--> Day : 0
-> Request 0
18
(1, 1, 2)
3
(17, 28)
-> Request 1
1402
(4, 2, 1)
3
(17, 22)
--> Day : 1
-> Request 0
664
(4, 2, 1)
2
(45, 35)
-> Request 1
809
(4, 3, 1)
2
(44, 28)
-> Request 2
1118
(2, 2, 2)
2
(56, 28)
--> Day : 2
-> Request 0
271
(3, 1, 1)
1
(47, 39)
-> Request 1
526
(2, 1, 2)
2
(52, 31)
-> Request 2
577
(3, 2, 1)
1
(45, 33)
--> Day : 3
-> Request 0
538
(2, 1, 2)
2
(56, 76)
-> Request 1
590
(1, 1, 1)
2
(53, 45)
-> Request 2
704
(2, 2, 2)
3
(45, 32)
-> Request 3
896
(4, 1, 2)
3
(55, 36)
-> Request 4
1415
(1, 2, 1)
1
(43, 39)
--> Day : 4
-> Request 0
1140
(3, 1, 1)
3
(11, 20)
---> Week : 97
--> Day : 0
-> Request 0
49
(2, 3, 2)
1
(61, 34)
-> Request 1
182
(4, 3, 1)
3
(65, 66)
-> Request 2
305
(1, 1, 1)
3
(45, 39)
-> Request 3
528
(4, 1, 1)
2
(64, 69)
-> Request 4
997
(3, 3, 2)
1
(61, 75)
-> Request 5
1248
(4, 2, 2)
2
(56, 37)
--> Day : 1
-> Request 0
946
(1, 1, 1)
2
(53, 27)
-> Request 1
1007
(1, 3, 2)
2
(60, 77)
-> Request 2
1030
(3, 2, 1)
2
(54, 73)
--> Day : 2
-> Request 0
41
(3, 2, 2)
1
(51, 44)
-> Request 1
849
(3, 3, 1)
2
(52, 74)
--> Day : 3
-> Request 0
407
(2, 3, 1)
2
(55, 36)
-> Request 1
1349
(3, 2, 2)
3
(53, 28)
--> Day : 4
-> Request 0
565
(3, 3, 2)
1
(45, 34)
-> Request 1
772
(2, 3, 1)
2
(52, 36)
-> Request 2
894
(2, 2, 1)
3
(57, 44)
-> Request 3
1000
(2, 2, 2)
2
(50, 40)
-> Request 4
1200
(4, 2, 1)
2
(43, 39)
---> Week : 98
--> Day : 0
-> Request 0
51
(1, 2, 2)
1
(61, 64)
-> Request 1
333
(3, 2, 2)
1
(61, 41)
-> Request 2
701
(4, 3, 1)
3
(62, 36)
-> Request 3
872
(2, 3, 2)
3
(14, 25)
-> Request 4
1016
(2, 1, 1)
3
(51, 39)
--> Day : 1
-> Request 0
149
(2, 1, 2)
2
(9, 25)
-> Request 1
224
(2, 3, 2)
3
(17, 24)
-> Request 2
453
(1, 1, 1)
2
(56, 27)
-> Request 3
603
(2, 1, 1)
2
(63, 75)
-> Request 4
750
(1, 1, 1)
1
(53, 76)
-> Request 5
1016
(4, 2, 1)
1
(58, 30)
-> Request 6
1279
(2, 1, 2)
3
(65, 65)
--> Day : 2
-> Request 0
658
(2, 2, 2)
2
(63, 77)
-> Request 1
713
(1, 2, 1)
3
(8, 22)
-> Request 2
909
(1, 2, 1)
2
(53, 72)
--> Day : 3
-> Request 0
28
(2, 3, 2)
3
(47, 40)
-> Request 1
124
(2, 1, 1)
3
(62, 46)
-> Request 2
573
(1, 3, 2)
2
(43, 39)
-> Request 3
703
(2, 3, 1)
2
(66, 72)
-> Request 4
804
(2, 3, 2)
3
(47, 42)
-> Request 5
1012
(3, 3, 2)
2
(60, 31)
-> Request 6
1013
(3, 1, 2)
1
(61, 36)
--> Day : 4
-> Request 0
61
(4, 2, 1)
3
(43, 45)
-> Request 1
452
(3, 3, 1)
3
(49, 37)
-> Request 2
1163
(1, 3, 2)
2
(8, 24)
---> Week : 99
--> Day : 0
-> Request 0
431
(1, 1, 1)
3
(43, 30)
-> Request 1
770
(3, 3, 2)
2
(62, 41)
--> Day : 1
-> Request 0
211
(1, 3, 2)
3
(57, 39)
-> Request 1
333
(2, 2, 2)
2
(59, 40)
-> Request 2
636
(2, 1, 2)
3
(62, 73)
-> Request 3
1186
(1, 1, 2)
1
(8, 27)
-> Request 4
1279
(3, 1, 1)
1
(53, 72)
--> Day : 2
-> Request 0
569
(4, 2, 2)
1
(15, 23)
-> Request 1
569
(3, 1, 1)
3
(50, 43)
-> Request 2
680
(1, 3, 1)
3
(54, 46)
-> Request 3
979
(4, 1, 1)
2
(61, 78)
-> Request 4
1159
(3, 3, 2)
1
(10, 29)
-> Request 5
1257
(2, 1, 1)
3
(57, 33)
--> Day : 3
-> Request 0
67
(2, 3, 2)
2
(15, 25)
-> Request 1
722
(4, 1, 1)
3
(44, 31)
-> Request 2
1423
(2, 1, 1)
2
(46, 31)
--> Day : 4
-> Request 0
403
(3, 1, 2)
2
(9, 27)
-> Request 1
526
(3, 3, 2)
1
(55, 66)
-> Request 2
892
(4, 2, 1)
3
(60, 74)
-> Request 3
1135
(2, 3, 1)
1
(45, 31)
---> Week : 100
--> Day : 0
-> Request 0
153
(2, 2, 1)
3
(52, 29)
-> Request 1
639
(3, 2, 2)
2
(54, 27)
--> Day : 1
-> Request 0
653
(4, 2, 1)
3
(50, 36)
-> Request 1
684
(2, 2, 2)
1
(10, 23)
-> Request 2
769
(3, 3, 1)
3
(49, 44)
-> Request 3
946
(1, 2, 1)
2
(13, 28)
-> Request 4
1107
(3, 1, 2)
1
(61, 29)
-> Request 5
1190
(1, 3, 2)
1
(50, 41)
--> Day : 2
-> Request 0
1154
(1, 2, 2)
2
(9, 20)
-> Request 1
1253
(3, 1, 1)
1
(47, 43)
-> Request 2
1421
(3, 3, 2)
1
(57, 73)
--> Day : 3
-> Request 0
121
(1, 2, 1)
3
(8, 23)
-> Request 1
866
(2, 2, 1)
2
(8, 22)
-> Request 2
1038
(3, 2, 1)
3
(61, 45)
-> Request 3
1286
(3, 3, 1)
2
(58, 68)
-> Request 4
1321
(3, 1, 1)
1
(54, 31)
-> Request 5
1393
(3, 1, 1)
1
(46, 38)
--> Day : 4
-> Request 0
289
(4, 2, 1)
1
(61, 71)
-> Request 1
1349
(3, 1, 2)
1
(14, 20)
---> Week : 101
--> Day : 0
-> Request 0
612
(3, 2, 2)
3
(62, 64)
-> Request 1
634
(1, 3, 2)
1
(52, 76)
--> Day : 1
-> Request 0
633
(4, 2, 2)
3
(54, 71)
-> Request 1
687
(1, 2, 2)
3
(14, 20)
-> Request 2
1309
(4, 2, 1)
3
(60, 75)
--> Day : 2
-> Request 0
654
(4, 1, 1)
3
(57, 35)
-> Request 1
694
(3, 3, 2)
3
(46, 28)
-> Request 2
1030
(2, 1, 2)
2
(45, 32)
--> Day : 3
-> Request 0
281
(1, 2, 2)
2
(12, 28)
-> Request 1
343
(2, 1, 2)
1
(52, 42)
--> Day : 4
-> Request 0
363
(4, 2, 2)
2
(46, 32)
-> Request 1
383
(3, 1, 1)
2
(65, 78)
-> Request 2
539
(1, 2, 2)
2
(17, 27)
-> Request 3
1047
(2, 2, 2)
3
(52, 37)
-> Request 4
1314
(4, 3, 2)
1
(10, 21)
---> Week : 102
--> Day : 0
-> Request 0
247
(3, 3, 1)
3
(61, 74)
-> Request 1
543
(2, 2, 1)
2
(46, 29)
-> Request 2
1125
(2, 3, 1)
2
(8, 22)
-> Request 3
1422
(4, 2, 1)
3
(46, 40)
--> Day : 1
-> Request 0
213
(2, 1, 2)
3
(44, 39)
-> Request 1
223
(3, 3, 1)
3
(9, 23)
-> Request 2
377
(4, 1, 2)
3
(62, 75)
-> Request 3
393
(4, 1, 1)
3
(45, 34)
-> Request 4
582
(2, 1, 2)
1
(49, 27)
--> Day : 2
-> Request 0
0
(4, 2, 1)
2
(53, 39)
-> Request 1
326
(3, 3, 1)
3
(54, 46)
-> Request 2
332
(4, 1, 1)
2
(14, 29)
-> Request 3
532
(4, 2, 2)
2
(57, 73)
-> Request 4
557
(3, 2, 1)
1
(60, 30)
-> Request 5
582
(2, 3, 1)
2
(59, 29)
-> Request 6
994
(4, 1, 2)
3
(45, 37)
-> Request 7
1149
(4, 3, 1)
3
(56, 45)
--> Day : 3
-> Request 0
319
(3, 2, 1)
1
(46, 28)
-> Request 1
452
(2, 1, 2)
1
(61, 40)
-> Request 2
983
(4, 2, 2)
3
(52, 69)
--> Day : 4
-> Request 0
35
(2, 3, 1)
3
(16, 23)
-> Request 1
732
(2, 2, 2)
1
(54, 42)
-> Request 2
1112
(4, 1, 2)
1
(54, 73)
-> Request 3
1166
(4, 2, 2)
3
(61, 46)
-> Request 4
1291
(1, 2, 2)
1
(53, 41)
---> Week : 103
--> Day : 0
-> Request 0
183
(2, 1, 2)
1
(49, 31)
-> Request 1
781
(2, 3, 2)
3
(56, 72)
-> Request 2
990
(2, 3, 2)
2
(57, 40)
-> Request 3
1210
(2, 1, 2)
1
(65, 67)
--> Day : 1
-> Request 0
29
(2, 1, 1)
2
(52, 64)
-> Request 1
323
(2, 3, 1)
1
(59, 46)
-> Request 2
592
(3, 3, 1)
2
(43, 33)
-> Request 3
596
(3, 1, 1)
2
(47, 37)
-> Request 4
973
(4, 2, 1)
2
(47, 34)
--> Day : 2
-> Request 0
1264
(2, 1, 2)
2
(50, 34)
-> Request 1
1268
(1, 3, 2)
2
(53, 71)
--> Day : 3
-> Request 0
517
(4, 2, 2)
3
(55, 27)
-> Request 1
848
(2, 3, 2)
1
(43, 33)
--> Day : 4
-> Request 0
60
(4, 3, 2)
3
(55, 66)
-> Request 1
712
(2, 3, 2)
1
(61, 34)
-> Request 2
800
(2, 3, 2)
3
(52, 38)
-> Request 3
1151
(4, 3, 1)
3
(15, 27)
-> Request 4
1389
(3, 1, 2)
2
(43, 42)
---> Week : 104
--> Day : 0
-> Request 0
5
(4, 1, 2)
1
(53, 36)
-> Request 1
99
(3, 2, 1)
3
(44, 40)
-> Request 2
452
(1, 3, 2)
2
(52, 41)
-> Request 3
1410
(2, 3, 1)
3
(15, 23)
--> Day : 1
-> Request 0
573
(1, 3, 2)
1
(62, 71)
-> Request 1
651
(4, 2, 1)
2
(59, 30)
--> Day : 2
-> Request 0
96
(4, 2, 2)
1
(52, 72)
-> Request 1
202
(4, 1, 1)
1
(55, 64)
-> Request 2
619
(1, 2, 1)
1
(51, 29)
-> Request 3
1175
(2, 3, 1)
1
(55, 65)
--> Day : 3
-> Request 0
272
(3, 3, 2)
1
(13, 23)
-> Request 1
517
(2, 3, 2)
1
(62, 34)
-> Request 2
540
(1, 3, 2)
2
(50, 38)
--> Day : 4
-> Request 0
466
(4, 3, 2)
3
(43, 33)
-> Request 1
696
(1, 2, 1)
3
(62, 36)
-> Request 2
727
(4, 1, 1)
3
(46, 45)
-> Request 3
923
(3, 2, 1)
1
(55, 42)
---> Week : 105
--> Day : 0
-> Request 0
248
(1, 2, 2)
1
(50, 43)
-> Request 1
692
(2, 3, 2)
1
(45, 32)
-> Request 2
786
(2, 3, 1)
2
(10, 21)
--> Day : 1
-> Request 0
365
(3, 3, 2)
1
(61, 44)
-> Request 1
602
(3, 2, 2)
2
(44, 45)
-> Request 2
678
(2, 1, 1)
3
(54, 38)
-> Request 3
792
(4, 1, 2)
1
(60, 30)
-> Request 4
1034
(4, 2, 1)
1
(44, 27)
-> Request 5
1124
(4, 2, 1)
2
(51, 45)
--> Day : 2
-> Request 0
23
(2, 1, 2)
3
(49, 44)
-> Request 1
129
(1, 2, 2)
2
(52, 66)
-> Request 2
268
(4, 3, 2)
2
(9, 26)
-> Request 3
644
(4, 2, 1)
3
(11, 29)
-> Request 4
922
(1, 3, 2)
3
(54, 42)
--> Day : 3
-> Request 0
946
(1, 2, 2)
3
(49, 42)
-> Request 1
949
(4, 2, 1)
1
(51, 31)
--> Day : 4
-> Request 0
242
(1, 1, 2)
2
(60, 71)
-> Request 1
678
(2, 2, 2)
1
(55, 40)
-> Request 2
860
(2, 3, 1)
2
(52, 37)
---> Week : 106
--> Day : 0
-> Request 0
371
(3, 2, 2)
2
(15, 23)
-> Request 1
667
(3, 2, 2)
2
(60, 77)
-> Request 2
773
(3, 3, 2)
1
(54, 78)
-> Request 3
826
(2, 1, 2)
1
(59, 65)
-> Request 4
1228
(2, 2, 1)
3
(66, 75)
--> Day : 1
-> Request 0
1085
(1, 1, 2)
1
(55, 77)
-> Request 1
1312
(2, 1, 2)
3
(52, 71)
--> Day : 2
-> Request 0
56
(2, 3, 2)
2
(10, 29)
-> Request 1
206
(1, 1, 1)
1
(59, 32)
-> Request 2
248
(3, 2, 1)
3
(48, 34)
-> Request 3
251
(3, 2, 1)
2
(52, 44)
-> Request 4
602
(4, 2, 1)
1
(56, 30)
--> Day : 3
-> Request 0
842
(1, 3, 1)
1
(11, 21)
-> Request 1
1338
(1, 3, 2)
3
(43, 46)
--> Day : 4
-> Request 0
353
(3, 1, 1)
2
(62, 42)
-> Request 1
774
(4, 2, 1)
1
(11, 22)
-> Request 2
973
(1, 1, 1)
3
(57, 28)
-> Request 3
1113
(4, 3, 2)
3
(60, 70)
---> Week : 107
--> Day : 0
-> Request 0
312
(3, 2, 2)
3
(62, 71)
-> Request 1
313
(1, 2, 1)
1
(48, 40)
-> Request 2
362
(2, 2, 2)
2
(47, 45)
-> Request 3
1118
(2, 1, 1)
3
(56, 32)
--> Day : 1
-> Request 0
206
(4, 3, 1)
1
(54, 73)
-> Request 1
373
(4, 3, 1)
3
(57, 75)
-> Request 2
568
(1, 1, 1)
1
(62, 30)
-> Request 3
816
(4, 3, 2)
1
(44, 28)
-> Request 4
959
(4, 1, 2)
1
(52, 64)
-> Request 5
1126
(3, 2, 1)
2
(56, 29)
-> Request 6
1147
(3, 3, 2)
1
(47, 46)
-> Request 7
1188
(3, 1, 2)
2
(66, 75)
--> Day : 2
-> Request 0
269
(1, 3, 2)
3
(60, 43)
--> Day : 3
-> Request 0
93
(4, 1, 2)
3
(48, 32)
-> Request 1
241
(3, 3, 2)
2
(45, 35)
-> Request 2
1048
(3, 2, 2)
2
(53, 68)
-> Request 3
1261
(4, 2, 2)
2
(44, 38)
--> Day : 4
-> Request 0
340
(2, 2, 1)
1
(48, 31)
-> Request 1
553
(4, 3, 1)
2
(58, 72)
-> Request 2
929
(1, 1, 2)
2
(58, 73)
---> Week : 108
--> Day : 0
-> Request 0
265
(4, 2, 1)
3
(64, 64)
-> Request 1
282
(2, 2, 1)
3
(53, 68)
-> Request 2
637
(1, 3, 1)
1
(55, 27)
-> Request 3
720
(4, 2, 1)
1
(59, 37)
-> Request 4
1125
(3, 2, 2)
3
(13, 26)
-> Request 5
1222
(3, 2, 2)
1
(60, 65)
--> Day : 1
-> Request 0
178
(3, 3, 2)
3
(43, 43)
-> Request 1
744
(3, 1, 1)
2
(62, 46)
-> Request 2
819
(3, 1, 2)
1
(11, 27)
-> Request 3
837
(1, 2, 1)
3
(53, 78)
--> Day : 2
-> Request 0
525
(4, 3, 1)
2
(46, 40)
-> Request 1
655
(2, 3, 2)
2
(44, 33)
--> Day : 3
-> Request 0
594
(3, 2, 2)
3
(45, 35)
-> Request 1
1200
(2, 3, 2)
2
(47, 44)
--> Day : 4
-> Request 0
483
(4, 3, 1)
1
(56, 72)
-> Request 1
1044
(2, 1, 1)
3
(17, 22)
-> Request 2
1126
(1, 1, 2)
1
(12, 24)
---> Week : 109
--> Day : 0
-> Request 0
889
(2, 2, 1)
2
(61, 36)
-> Request 1
1021
(3, 3, 1)
3
(62, 32)
--> Day : 1
-> Request 0
70
(4, 2, 1)
1
(52, 70)
-> Request 1
209
(4, 3, 2)
3
(62, 45)
-> Request 2
584
(4, 2, 1)
1
(60, 32)
-> Request 3
1064
(3, 3, 2)
2
(48, 37)
-> Request 4
1212
(2, 2, 2)
1
(11, 26)
--> Day : 2
-> Request 0
935
(4, 3, 2)
2
(52, 77)
-> Request 1
1002
(4, 2, 2)
1
(64, 70)
--> Day : 3
-> Request 0
365
(4, 1, 1)
2
(55, 78)
--> Day : 4
-> Request 0
157
(4, 3, 2)
1
(54, 64)
-> Request 1
546
(2, 3, 2)
2
(64, 72)
-> Request 2
646
(3, 3, 2)
1
(60, 37)
-> Request 3
724
(4, 1, 2)
3
(55, 42)
-> Request 4
1131
(2, 3, 1)
2
(64, 73)
---> Week : 110
--> Day : 0
-> Request 0
186
(3, 1, 1)
2
(66, 78)
-> Request 1
382
(4, 2, 2)
2
(44, 33)
-> Request 2
661
(3, 3, 2)
3
(43, 40)
-> Request 3
1018
(4, 1, 1)
3
(50, 35)
-> Request 4
1020
(4, 3, 2)
1
(54, 37)
-> Request 5
1131
(2, 3, 1)
2
(58, 42)
-> Request 6
1146
(1, 2, 2)
2
(56, 30)
--> Day : 1
-> Request 0
105
(1, 1, 2)
3
(59, 27)
-> Request 1
134
(1, 3, 1)
1
(51, 29)
-> Request 2
1201
(4, 2, 2)
1
(43, 33)
--> Day : 2
-> Request 0
502
(1, 1, 2)
1
(44, 42)
-> Request 1
1119
(3, 2, 1)
1
(54, 40)
--> Day : 3
-> Request 0
75
(1, 3, 2)
3
(62, 41)
-> Request 1
660
(4, 3, 2)
2
(52, 41)
-> Request 2
1149
(1, 1, 2)
2
(50, 43)
-> Request 3
1155
(1, 3, 1)
2
(61, 67)
-> Request 4
1428
(3, 3, 1)
2
(54, 75)
--> Day : 4
-> Request 0
759
(1, 3, 2)
1
(53, 33)
-> Request 1
1372
(3, 1, 2)
3
(51, 31)
-> Request 2
1432
(2, 1, 2)
3
(59, 77)
---> Week : 111
--> Day : 0
-> Request 0
10
(1, 1, 1)
1
(66, 67)
-> Request 1
585
(4, 1, 1)
3
(45, 46)
-> Request 2
1061
(2, 1, 2)
1
(43, 42)
--> Day : 1
-> Request 0
18
(4, 1, 2)
3
(65, 76)
-> Request 1
163
(3, 1, 2)
1
(65, 67)
-> Request 2
382
(4, 3, 1)
1
(61, 35)
-> Request 3
443
(2, 1, 1)
1
(60, 67)
-> Request 4
643
(4, 3, 2)
1
(56, 37)
-> Request 5
669
(3, 1, 1)
1
(52, 74)
-> Request 6
837
(3, 2, 1)
2
(13, 25)
-> Request 7
1322
(4, 2, 1)
2
(65, 69)
--> Day : 2
-> Request 0
856
(2, 1, 1)
1
(17, 27)
-> Request 1
1427
(3, 2, 1)
1
(60, 67)
--> Day : 3
-> Request 0
408
(3, 3, 2)
3
(44, 30)
-> Request 1
764
(2, 3, 2)
2
(54, 77)
-> Request 2
989
(2, 2, 2)
3
(50, 41)
--> Day : 4
-> Request 0
270
(4, 1, 1)
2
(59, 27)
-> Request 1
1213
(3, 3, 1)
1
(46, 43)
---> Week : 112
--> Day : 0
-> Request 0
182
(3, 1, 2)
2
(65, 72)
-> Request 1
404
(4, 3, 2)
2
(60, 43)
-> Request 2
689
(4, 3, 1)
2
(44, 43)
-> Request 3
851
(3, 1, 1)
1
(53, 71)
-> Request 4
1049
(4, 1, 1)
3
(43, 46)
-> Request 5
1069
(3, 3, 2)
1
(59, 28)
-> Request 6
1431
(3, 1, 1)
2
(51, 27)
--> Day : 1
-> Request 0
149
(2, 2, 2)
1
(66, 73)
-> Request 1
563
(3, 3, 1)
2
(54, 34)
-> Request 2
895
(4, 2, 1)
1
(56, 34)
--> Day : 2
-> Request 0
406
(3, 1, 2)
1
(53, 31)
-> Request 1
1139
(3, 1, 1)
1
(63, 77)
-> Request 2
1304
(4, 3, 2)
3
(51, 41)
--> Day : 3
-> Request 0
363
(4, 2, 2)
2
(60, 37)
-> Request 1
662
(3, 2, 1)
3
(44, 28)
--> Day : 4
-> Request 0
7
(4, 3, 2)
3
(60, 28)
-> Request 1
142
(2, 3, 2)
3
(54, 39)
-> Request 2
170
(3, 2, 2)
2
(59, 43)
-> Request 3
294
(1, 1, 2)
1
(57, 35)
-> Request 4
566
(4, 1, 1)
3
(9, 24)
---> Week : 113
--> Day : 0
-> Request 0
20
(1, 2, 1)
2
(58, 69)
-> Request 1
218
(2, 3, 1)
1
(50, 28)
-> Request 2
541
(2, 1, 1)
3
(59, 37)
-> Request 3
874
(1, 3, 2)
2
(63, 69)
-> Request 4
1086
(4, 1, 1)
1
(56, 70)
--> Day : 1
-> Request 0
233
(2, 3, 2)
3
(53, 67)
-> Request 1
1093
(4, 1, 1)
1
(54, 36)
--> Day : 2
-> Request 0
329
(3, 3, 2)
1
(50, 33)
-> Request 1
575
(3, 1, 1)
3
(54, 43)
-> Request 2
816
(1, 3, 2)
3
(59, 40)
-> Request 3
975
(4, 2, 2)
1
(55, 78)
--> Day : 3
-> Request 0
411
(2, 2, 2)
2
(45, 28)
-> Request 1
1367
(1, 2, 2)
1
(11, 26)
--> Day : 4
-> Request 0
7
(3, 1, 2)
1
(54, 37)
-> Request 1
305
(4, 3, 1)
3
(51, 46)
-> Request 2
481
(2, 1, 2)
1
(51, 30)
-> Request 3
800
(1, 2, 2)
3
(52, 78)
---> Week : 114
--> Day : 0
-> Request 0
274
(3, 1, 1)
1
(50, 29)
-> Request 1
970
(4, 3, 1)
1
(53, 35)
-> Request 2
1062
(4, 3, 1)
3
(59, 76)
-> Request 3
1205
(1, 3, 1)
1
(60, 69)
--> Day : 1
-> Request 0
902
(3, 2, 1)
1
(49, 32)
-> Request 1
917
(2, 2, 2)
3
(10, 25)
-> Request 2
917
(1, 2, 2)
2
(52, 44)
-> Request 3
1068
(1, 1, 2)
2
(62, 33)
--> Day : 2
-> Request 0
100
(1, 1, 2)
3
(45, 41)
-> Request 1
931
(3, 3, 1)
3
(49, 31)
--> Day : 3
-> Request 0
185
(3, 3, 2)
3
(11, 25)
-> Request 1
355
(2, 3, 2)
2
(43, 46)
-> Request 2
529
(4, 3, 1)
3
(55, 66)
-> Request 3
570
(2, 1, 1)
1
(54, 77)
-> Request 4
707
(4, 2, 1)
3
(58, 66)
--> Day : 4
-> Request 0
178
(3, 2, 2)
2
(58, 41)
-> Request 1
1013
(1, 2, 2)
3
(56, 37)
-> Request 2
1141
(1, 1, 2)
1
(56, 43)
---> Week : 115
--> Day : 0
-> Request 0
63
(2, 3, 2)
3
(60, 65)
-> Request 1
428
(4, 2, 2)
2
(53, 68)
-> Request 2
460
(4, 2, 1)
2
(57, 43)
-> Request 3
486
(3, 2, 1)
2
(10, 23)
-> Request 4
1045
(2, 3, 1)
1
(53, 27)
-> Request 5
1272
(3, 3, 1)
2
(44, 39)
--> Day : 1
-> Request 0
143
(3, 1, 1)
2
(53, 40)
-> Request 1
184
(2, 1, 2)
1
(53, 30)
-> Request 2
316
(3, 3, 2)
1
(56, 40)
-> Request 3
708
(2, 2, 2)
1
(60, 41)
-> Request 4
917
(3, 3, 2)
3
(47, 33)
-> Request 5
1363
(3, 3, 2)
2
(44, 33)
--> Day : 2
-> Request 0
735
(1, 3, 2)
1
(57, 78)
-> Request 1
922
(3, 3, 2)
1
(17, 23)
-> Request 2
1396
(2, 2, 2)
1
(57, 41)
--> Day : 3
-> Request 0
176
(1, 2, 2)
1
(49, 30)
-> Request 1
201
(1, 3, 2)
1
(59, 42)
-> Request 2
321
(4, 2, 1)
1
(65, 68)
-> Request 3
390
(1, 1, 2)
3
(58, 76)
-> Request 4
730
(3, 1, 2)
2
(52, 75)
-> Request 5
900
(1, 1, 1)
2
(66, 69)
-> Request 6
922
(1, 2, 1)
2
(58, 32)
-> Request 7
1136
(2, 1, 1)
2
(56, 27)
--> Day : 4
-> Request 0
91
(4, 1, 2)
2
(44, 34)
-> Request 1
432
(1, 1, 2)
2
(51, 46)
-> Request 2
687
(1, 3, 2)
3
(66, 72)
-> Request 3
1110
(3, 1, 2)
3
(54, 43)
-> Request 4
1276
(2, 3, 2)
2
(65, 71)
-> Request 5
1298
(2, 3, 1)
1
(59, 42)
---> Week : 116
--> Day : 0
-> Request 0
44
(4, 1, 1)
1
(54, 71)
-> Request 1
462
(3, 2, 2)
1
(62, 32)
-> Request 2
643
(3, 3, 1)
3
(62, 73)
-> Request 3
1137
(3, 1, 1)
1
(63, 76)
-> Request 4
1316
(1, 2, 2)
3
(57, 75)
--> Day : 1
-> Request 0
298
(4, 3, 2)
3
(53, 64)
-> Request 1
1219
(4, 1, 2)
2
(8, 21)
--> Day : 2
-> Request 0
669
(1, 3, 1)
3
(45, 31)
--> Day : 3
-> Request 0
380
(4, 2, 1)
1
(63, 73)
-> Request 1
571
(1, 2, 2)
1
(45, 37)
-> Request 2
1134
(2, 2, 2)
3
(8, 28)
--> Day : 4
-> Request 0
1313
(4, 1, 1)
1
(51, 43)
---> Week : 117
--> Day : 0
-> Request 0
145
(1, 3, 1)
3
(61, 43)
-> Request 1
306
(1, 1, 2)
1
(48, 30)
-> Request 2
583
(3, 2, 1)
1
(59, 28)
-> Request 3
994
(2, 2, 1)
1
(60, 29)
-> Request 4
1084
(1, 1, 1)
2
(60, 76)
-> Request 5
1217
(2, 2, 2)
1
(57, 67)
-> Request 6
1422
(2, 1, 1)
1
(52, 38)
--> Day : 1
-> Request 0
156
(2, 3, 2)
2
(55, 73)
-> Request 1
793
(4, 1, 1)
3
(61, 33)
-> Request 2
1159
(2, 2, 1)
3
(45, 44)
-> Request 3
1344
(1, 1, 2)
3
(46, 37)
--> Day : 2
-> Request 0
24
(2, 1, 2)
2
(56, 70)
-> Request 1
947
(2, 1, 1)
3
(52, 65)
-> Request 2
953
(4, 2, 1)
2
(53, 67)
-> Request 3
956
(1, 1, 2)
1
(47, 32)
-> Request 4
1322
(3, 2, 1)
2
(55, 31)
-> Request 5
1419
(2, 2, 2)
2
(17, 29)
--> Day : 3
-> Request 0
190
(3, 2, 2)
3
(47, 36)
-> Request 1
206
(2, 3, 1)
2
(54, 45)
-> Request 2
584
(2, 1, 1)
2
(57, 46)
-> Request 3
710
(1, 2, 1)
1
(44, 38)
-> Request 4
759
(1, 1, 1)
3
(58, 71)
--> Day : 4
-> Request 0
293
(1, 2, 2)
3
(17, 23)
-> Request 1
416
(3, 3, 2)
3
(66, 64)
-> Request 2
762
(3, 2, 2)
1
(53, 27)
-> Request 3
903
(2, 3, 1)
3
(47, 44)
---> Week : 118
--> Day : 0
-> Request 0
50
(2, 3, 1)
3
(55, 69)
-> Request 1
456
(4, 3, 2)
3
(57, 29)
--> Day : 1
-> Request 0
19
(3, 1, 1)
1
(61, 30)
-> Request 1
118
(1, 3, 1)
2
(43, 31)
-> Request 2
228
(4, 3, 1)
3
(59, 71)
-> Request 3
720
(4, 2, 1)
1
(61, 75)
-> Request 4
1284
(4, 3, 1)
3
(53, 40)
--> Day : 2
-> Request 0
915
(4, 1, 1)
2
(45, 31)
-> Request 1
946
(4, 3, 1)
2
(61, 28)
-> Request 2
956
(1, 2, 1)
1
(65, 74)
--> Day : 3
--> Day : 4
-> Request 0
855
(4, 3, 2)
3
(56, 37)
-> Request 1
1257
(3, 1, 1)
1
(50, 32)
---> Week : 119
--> Day : 0
--> Day : 1
-> Request 0
39
(3, 3, 2)
3
(52, 70)
-> Request 1
135
(2, 1, 1)
3
(58, 37)
-> Request 2
559
(1, 2, 1)
1
(57, 37)
-> Request 3
856
(1, 1, 2)
1
(56, 70)
--> Day : 2
-> Request 0
368
(4, 3, 2)
3
(61, 30)
-> Request 1
803
(2, 2, 2)
3
(55, 42)
-> Request 2
1032
(2, 1, 2)
1
(58, 32)
-> Request 3
1360
(2, 1, 1)
1
(60, 40)
--> Day : 3
-> Request 0
507
(1, 1, 2)
1
(45, 30)
-> Request 1
778
(1, 1, 1)
1
(43, 36)
-> Request 2
1121
(2, 2, 1)
2
(48, 41)
--> Day : 4
-> Request 0
204
(3, 1, 1)
3
(53, 39)
-> Request 1
890
(4, 3, 2)
1
(65, 76)
-> Request 2
1433
(2, 1, 1)
1
(57, 35)
---> Week : 120
--> Day : 0
-> Request 0
8
(3, 3, 1)
2
(57, 39)
-> Request 1
1184
(1, 3, 2)
1
(53, 64)
-> Request 2
1317
(1, 3, 1)
3
(58, 27)
-> Request 3
1371
(3, 2, 1)
2
(11, 23)
--> Day : 1
-> Request 0
6
(4, 3, 2)
1
(54, 27)
-> Request 1
79
(2, 1, 2)
2
(57, 36)
-> Request 2
86
(4, 1, 2)
2
(45, 36)
-> Request 3
210
(2, 1, 1)
1
(59, 70)
-> Request 4
514
(2, 1, 1)
1
(52, 73)
-> Request 5
560
(4, 1, 2)
1
(58, 33)
-> Request 6
984
(2, 2, 1)
3
(52, 35)
-> Request 7
1021
(2, 3, 1)
1
(49, 41)
-> Request 8
1072
(3, 3, 2)
2
(15, 22)
-> Request 9
1430
(3, 2, 2)
2
(49, 33)
-> Request 10
1430
(1, 3, 2)
3
(49, 42)
--> Day : 2
-> Request 0
364
(1, 2, 2)
1
(63, 75)
-> Request 1
710
(3, 3, 1)
2
(55, 66)
-> Request 2
985
(1, 1, 2)
2
(53, 37)
-> Request 3
1003
(3, 3, 1)
2
(52, 75)
-> Request 4
1084
(4, 1, 2)
2
(50, 28)
-> Request 5
1243
(1, 3, 1)
2
(61, 75)
--> Day : 3
-> Request 0
49
(1, 1, 2)
1
(63, 70)
-> Request 1
685
(4, 3, 1)
1
(58, 29)
-> Request 2
912
(4, 2, 2)
2
(62, 33)
-> Request 3
1264
(1, 2, 2)
2
(45, 46)
-> Request 4
1342
(3, 3, 2)
1
(43, 42)
--> Day : 4
-> Request 0
931
(2, 2, 1)
2
(56, 76)
-> Request 1
971
(4, 3, 2)
1
(45, 35)
-> Request 2
1109
(4, 1, 1)
1
(59, 70)
-> Request 3
1211
(3, 1, 1)
2
(45, 43)
-> Request 4
1385
(3, 2, 1)
3
(63, 67)
---> Week : 121
--> Day : 0
-> Request 0
173
(1, 1, 1)
1
(66, 69)
-> Request 1
561
(2, 3, 1)
3
(55, 29)
-> Request 2
566
(3, 1, 1)
1
(43, 40)
-> Request 3
1090
(4, 1, 2)
3
(57, 34)
-> Request 4
1167
(2, 1, 2)
2
(50, 29)
--> Day : 1
-> Request 0
405
(1, 1, 2)
3
(52, 39)
-> Request 1
502
(1, 2, 1)
2
(61, 33)
-> Request 2
821
(2, 1, 2)
3
(59, 68)
-> Request 3
1231
(1, 1, 1)
1
(51, 39)
-> Request 4
1250
(1, 1, 2)
3
(9, 28)
--> Day : 2
-> Request 0
540
(3, 3, 1)
1
(54, 72)
--> Day : 3
-> Request 0
1017
(4, 1, 1)
1
(57, 33)
-> Request 1
1420
(3, 2, 1)
3
(54, 29)
--> Day : 4
-> Request 0
669
(4, 1, 1)
1
(59, 69)
---> Week : 122
--> Day : 0
-> Request 0
91
(4, 2, 1)
3
(16, 21)
-> Request 1
283
(2, 2, 2)
2
(58, 30)
-> Request 2
443
(1, 3, 2)
3
(46, 42)
-> Request 3
474
(4, 2, 1)
1
(56, 36)
-> Request 4
975
(2, 3, 2)
3
(51, 33)
-> Request 5
1092
(3, 2, 2)
3
(62, 74)
-> Request 6
1211
(3, 3, 1)
2
(57, 64)
-> Request 7
1279
(3, 1, 1)
2
(61, 66)
--> Day : 1
-> Request 0
1
(1, 1, 1)
1
(63, 77)
-> Request 1
45
(1, 3, 2)
3
(57, 42)
-> Request 2
149
(3, 3, 1)
2
(62, 66)
-> Request 3
188
(4, 3, 1)
3
(60, 68)
-> Request 4
288
(2, 2, 2)
2
(59, 44)
-> Request 5
414
(4, 3, 1)
1
(62, 38)
-> Request 6
539
(1, 3, 1)
3
(56, 66)
-> Request 7
645
(2, 1, 1)
1
(59, 46)
-> Request 8
783
(3, 3, 2)
3
(10, 24)
-> Request 9
833
(4, 1, 1)
3
(17, 23)
-> Request 10
1287
(2, 2, 2)
3
(56, 45)
--> Day : 2
-> Request 0
256
(2, 3, 2)
2
(55, 64)
-> Request 1
669
(1, 1, 1)
3
(54, 39)
-> Request 2
843
(3, 1, 2)
3
(9, 27)
--> Day : 3
-> Request 0
217
(1, 2, 1)
2
(52, 42)
-> Request 1
275
(2, 2, 2)
3
(58, 66)
-> Request 2
1270
(1, 2, 2)
2
(15, 20)
--> Day : 4
---> Week : 123
--> Day : 0
-> Request 0
1128
(1, 3, 2)
2
(53, 67)
-> Request 1
1257
(2, 2, 1)
2
(43, 40)
-> Request 2
1351
(3, 1, 2)
1
(59, 67)
-> Request 3
1407
(2, 1, 1)
1
(62, 75)
-> Request 4
1423
(3, 1, 1)
1
(66, 75)
--> Day : 1
-> Request 0
0
(1, 2, 1)
2
(49, 45)
-> Request 1
174
(3, 3, 1)
2
(49, 30)
-> Request 2
227
(3, 3, 1)
2
(12, 23)
-> Request 3
814
(3, 3, 1)
2
(43, 43)
-> Request 4
906
(2, 2, 2)
2
(44, 40)
-> Request 5
1181
(1, 3, 1)
2
(15, 27)
--> Day : 2
-> Request 0
70
(3, 3, 1)
3
(60, 64)
-> Request 1
181
(1, 3, 1)
1
(55, 69)
-> Request 2
402
(1, 1, 2)
2
(44, 35)
-> Request 3
527
(2, 2, 2)
3
(13, 21)
-> Request 4
984
(2, 1, 2)
3
(43, 43)
-> Request 5
1019
(1, 2, 1)
3
(59, 39)
-> Request 6
1033
(1, 2, 2)
2
(56, 70)
-> Request 7
1144
(4, 1, 2)
1
(16, 25)
--> Day : 3
-> Request 0
238
(3, 1, 2)
1
(60, 31)
-> Request 1
332
(3, 2, 2)
3
(9, 29)
-> Request 2
488
(4, 1, 1)
1
(66, 64)
-> Request 3
620
(2, 3, 2)
3
(57, 28)
-> Request 4
842
(3, 1, 1)
3
(61, 33)
--> Day : 4
-> Request 0
202
(2, 2, 1)
2
(61, 64)
-> Request 1
218
(4, 3, 1)
1
(51, 40)
-> Request 2
292
(3, 1, 2)
1
(45, 32)
-> Request 3
630
(4, 1, 2)
3
(53, 74)
-> Request 4
677
(3, 3, 1)
2
(62, 34)
-> Request 5
1004
(3, 3, 1)
2
(44, 31)
-> Request 6
1081
(3, 3, 1)
1
(62, 68)
---> Week : 124
--> Day : 0
-> Request 0
1029
(3, 3, 1)
1
(13, 25)
-> Request 1
1226
(3, 3, 1)
1
(55, 45)
--> Day : 1
-> Request 0
641
(4, 3, 1)
2
(62, 39)
-> Request 1
644
(4, 1, 2)
2
(50, 30)
-> Request 2
673
(4, 2, 1)
3
(52, 46)
-> Request 3
1040
(4, 3, 2)
1
(43, 42)
--> Day : 2
-> Request 0
1273
(1, 2, 1)
1
(15, 22)
--> Day : 3
-> Request 0
696
(2, 3, 1)
1
(12, 25)
--> Day : 4
-> Request 0
284
(3, 3, 2)
1
(56, 74)
-> Request 1
351
(4, 2, 2)
3
(58, 38)
-> Request 2
723
(3, 2, 2)
3
(58, 34)
-> Request 3
817
(3, 1, 1)
1
(64, 69)
-> Request 4
901
(3, 2, 2)
2
(60, 27)
-> Request 5
1078
(1, 2, 2)
2
(65, 66)
---> Week : 125
--> Day : 0
-> Request 0
139
(2, 2, 2)
1
(12, 28)
-> Request 1
451
(2, 3, 2)
1
(16, 21)
-> Request 2
834
(2, 3, 2)
3
(48, 43)
-> Request 3
1054
(4, 3, 2)
2
(65, 74)
-> Request 4
1438
(3, 3, 1)
2
(62, 32)
--> Day : 1
-> Request 0
92
(4, 2, 2)
3
(55, 41)
-> Request 1
248
(4, 2, 2)
1
(47, 35)
-> Request 2
1035
(4, 3, 2)
2
(52, 38)
-> Request 3
1224
(2, 3, 2)
3
(43, 41)
--> Day : 2
-> Request 0
318
(2, 1, 2)
2
(62, 35)
-> Request 1
359
(1, 2, 2)
2
(56, 31)
-> Request 2
1205
(4, 3, 1)
3
(54, 33)
-> Request 3
1314
(2, 1, 1)
1
(43, 43)
--> Day : 3
-> Request 0
111
(3, 2, 1)
3
(49, 28)
-> Request 1
447
(4, 2, 2)
3
(11, 22)
-> Request 2
1024
(1, 2, 1)
3
(62, 75)
-> Request 3
1093
(3, 2, 2)
3
(51, 27)
--> Day : 4
-> Request 0
241
(4, 1, 1)
2
(58, 66)
-> Request 1
484
(3, 2, 2)
3
(13, 23)
-> Request 2
678
(1, 3, 1)
3
(52, 35)
---> Week : 126
--> Day : 0
-> Request 0
240
(2, 1, 2)
1
(56, 29)
-> Request 1
444
(2, 2, 2)
3
(55, 71)
-> Request 2
906
(4, 2, 1)
3
(52, 72)
-> Request 3
1046
(2, 1, 1)
2
(61, 41)
-> Request 4
1161
(4, 3, 2)
3
(56, 76)
-> Request 5
1430
(4, 1, 2)
2
(57, 42)
--> Day : 1
-> Request 0
30
(1, 1, 2)
3
(48, 30)
-> Request 1
43
(2, 1, 1)
1
(57, 72)
-> Request 2
676
(4, 3, 1)
2
(62, 32)
-> Request 3
840
(2, 1, 2)
1
(51, 41)
-> Request 4
1016
(1, 1, 1)
3
(64, 72)
-> Request 5
1201
(1, 2, 2)
2
(10, 28)
-> Request 6
1307
(1, 2, 1)
3
(58, 44)
--> Day : 2
-> Request 0
36
(2, 3, 2)
3
(66, 64)
-> Request 1
564
(3, 1, 1)
3
(49, 43)
-> Request 2
809
(3, 3, 2)
2
(59, 35)
--> Day : 3
-> Request 0
247
(1, 1, 1)
1
(59, 43)
-> Request 1
580
(1, 1, 2)
2
(66, 76)
-> Request 2
768
(3, 1, 1)
2
(62, 34)
-> Request 3
1381
(4, 2, 2)
3
(62, 31)
--> Day : 4
-> Request 0
179
(1, 1, 2)
1
(54, 31)
-> Request 1
195
(2, 1, 1)
1
(48, 39)
-> Request 2
311
(1, 1, 2)
2
(59, 68)
-> Request 3
606
(4, 1, 2)
2
(44, 43)
-> Request 4
1027
(4, 1, 2)
1
(13, 22)
-> Request 5
1032
(4, 3, 1)
1
(65, 78)
---> Week : 127
--> Day : 0
-> Request 0
84
(2, 3, 1)
3
(60, 35)
-> Request 1
154
(3, 3, 2)
1
(52, 75)
-> Request 2
166
(2, 3, 2)
1
(45, 45)
-> Request 3
393
(2, 2, 1)
1
(63, 69)
-> Request 4
522
(1, 3, 2)
1
(11, 21)
-> Request 5
833
(3, 2, 2)
3
(55, 34)
-> Request 6
939
(1, 2, 2)
1
(13, 25)
-> Request 7
950
(4, 2, 1)
2
(43, 33)
--> Day : 1
-> Request 0
375
(2, 3, 1)
1
(52, 78)
-> Request 1
428
(2, 2, 1)
2
(43, 33)
-> Request 2
545
(3, 2, 1)
3
(47, 44)
-> Request 3
1190
(1, 2, 1)
1
(58, 67)
-> Request 4
1348
(3, 2, 1)
3
(63, 68)
--> Day : 2
-> Request 0
81
(1, 3, 2)
3
(46, 36)
-> Request 1
394
(4, 3, 1)
2
(61, 69)
-> Request 2
607
(2, 1, 2)
2
(61, 45)
--> Day : 3
-> Request 0
163
(2, 2, 2)
2
(54, 77)
-> Request 1
329
(4, 2, 1)
3
(55, 37)
-> Request 2
814
(3, 1, 1)
3
(58, 64)
-> Request 3
937
(1, 3, 2)
3
(52, 43)
-> Request 4
1142
(3, 1, 1)
2
(46, 31)
-> Request 5
1341
(2, 1, 1)
2
(60, 41)
--> Day : 4
-> Request 0
51
(2, 2, 1)
1
(55, 64)
-> Request 1
378
(2, 3, 1)
2
(60, 30)
-> Request 2
390
(1, 1, 1)
1
(57, 44)
-> Request 3
730
(3, 2, 1)
3
(10, 27)
-> Request 4
1022
(1, 1, 1)
2
(53, 64)
-> Request 5
1301
(1, 1, 2)
3
(14, 21)
---> Week : 128
--> Day : 0
-> Request 0
292
(4, 3, 1)
3
(50, 36)
-> Request 1
343
(2, 1, 1)
1
(61, 71)
-> Request 2
579
(4, 1, 2)
3
(15, 21)
-> Request 3
1008
(2, 3, 1)
3
(56, 73)
-> Request 4
1122
(4, 2, 2)
3
(11, 28)
-> Request 5
1134
(2, 1, 1)
1
(65, 69)
-> Request 6
1394
(4, 1, 1)
1
(54, 39)
--> Day : 1
-> Request 0
198
(2, 3, 1)
3
(53, 72)
-> Request 1
233
(4, 1, 2)
1
(59, 75)
-> Request 2
296
(4, 1, 1)
3
(60, 68)
-> Request 3
638
(4, 1, 1)
2
(43, 38)
-> Request 4
1056
(1, 3, 1)
3
(47, 40)
--> Day : 2
-> Request 0
85
(3, 1, 2)
2
(53, 39)
-> Request 1
313
(3, 1, 2)
1
(11, 28)
-> Request 2
362
(3, 2, 1)
1
(62, 39)
-> Request 3
573
(1, 2, 1)
3
(59, 65)
-> Request 4
705
(2, 1, 2)
2
(43, 30)
-> Request 5
1003
(3, 1, 2)
3
(49, 39)
-> Request 6
1267
(4, 3, 1)
2
(55, 64)
-> Request 7
1353
(2, 2, 1)
1
(64, 69)
--> Day : 3
-> Request 0
248
(3, 1, 1)
2
(10, 23)
-> Request 1
325
(4, 3, 1)
3
(46, 28)
-> Request 2
510
(4, 3, 1)
1
(46, 39)
-> Request 3
586
(2, 1, 2)
3
(55, 34)
-> Request 4
977
(4, 2, 2)
1
(46, 30)
-> Request 5
1051
(4, 3, 2)
3
(55, 76)
-> Request 6
1198
(3, 1, 2)
2
(54, 33)
--> Day : 4
-> Request 0
475
(3, 2, 2)
3
(55, 45)
-> Request 1
713
(4, 2, 2)
3
(59, 31)
-> Request 2
1305
(1, 1, 2)
1
(50, 42)
-> Request 3
1348
(3, 1, 2)
1
(63, 74)
---> Week : 129
--> Day : 0
-> Request 0
253
(4, 3, 1)
2
(52, 27)
-> Request 1
461
(2, 1, 1)
2
(63, 65)
-> Request 2
1188
(1, 2, 1)
3
(54, 32)
--> Day : 1
-> Request 0
419
(4, 1, 2)
1
(57, 45)
-> Request 1
1192
(1, 3, 1)
1
(47, 37)
--> Day : 2
-> Request 0
166
(4, 1, 1)
2
(45, 42)
-> Request 1
186
(1, 2, 2)
2
(43, 45)
-> Request 2
935
(2, 1, 1)
1
(58, 33)
-> Request 3
1176
(2, 2, 2)
2
(56, 74)
-> Request 4
1287
(3, 1, 1)
1
(11, 29)
--> Day : 3
-> Request 0
20
(2, 3, 1)
3
(14, 20)
-> Request 1
693
(1, 2, 2)
2
(61, 74)
-> Request 2
1035
(1, 2, 2)
3
(52, 43)
-> Request 3
1077
(3, 1, 1)
2
(63, 71)
-> Request 4
1214
(4, 1, 2)
1
(57, 31)
--> Day : 4
-> Request 0
356
(3, 1, 1)
2
(45, 37)
-> Request 1
982
(2, 1, 2)
2
(64, 76)
-> Request 2
1095
(2, 3, 2)
1
(16, 29)
---> Week : 130
--> Day : 0
-> Request 0
42
(3, 2, 1)
3
(56, 30)
-> Request 1
272
(2, 3, 1)
3
(12, 21)
-> Request 2
487
(1, 1, 1)
3
(64, 70)
-> Request 3
508
(2, 1, 1)
1
(59, 71)
-> Request 4
531
(2, 2, 1)
2
(9, 24)
-> Request 5
587
(4, 3, 2)
3
(49, 40)
-> Request 6
592
(4, 2, 2)
2
(53, 34)
-> Request 7
718
(2, 1, 2)
3
(15, 26)
-> Request 8
718
(3, 1, 1)
1
(62, 65)
-> Request 9
776
(4, 3, 2)
2
(48, 41)
-> Request 10
1199
(3, 3, 2)
3
(50, 43)
--> Day : 1
-> Request 0
73
(3, 3, 1)
2
(56, 68)
-> Request 1
882
(2, 3, 2)
3
(13, 22)
-> Request 2
1034
(1, 1, 2)
2
(50, 32)
-> Request 3
1191
(3, 1, 2)
2
(57, 78)
--> Day : 2
-> Request 0
126
(2, 1, 1)
1
(45, 37)
-> Request 1
214
(2, 1, 2)
1
(56, 76)
-> Request 2
433
(4, 1, 2)
2
(45, 35)
-> Request 3
553
(1, 2, 1)
2
(62, 36)
-> Request 4
721
(1, 3, 1)
1
(53, 68)
--> Day : 3
-> Request 0
365
(4, 1, 2)
2
(53, 67)
--> Day : 4
-> Request 0
324
(1, 3, 2)
2
(60, 72)
-> Request 1
351
(4, 3, 2)
3
(62, 29)
-> Request 2
1195
(4, 2, 2)
2
(53, 67)
---> Week : 131
--> Day : 0
-> Request 0
210
(4, 3, 2)
3
(46, 41)
-> Request 1
436
(4, 3, 1)
3
(60, 35)
-> Request 2
481
(2, 2, 2)
3
(48, 33)
-> Request 3
795
(1, 1, 2)
3
(62, 42)
-> Request 4
841
(1, 2, 1)
1
(54, 28)
-> Request 5
938
(2, 1, 1)
3
(10, 22)
-> Request 6
1022
(2, 2, 1)
3
(9, 21)
-> Request 7
1308
(2, 3, 1)
2
(57, 40)
--> Day : 1
-> Request 0
528
(4, 2, 1)
2
(57, 45)
-> Request 1
1017
(1, 3, 1)
1
(47, 29)
-> Request 2
1044
(1, 3, 2)
3
(52, 28)
--> Day : 2
-> Request 0
37
(3, 2, 2)
3
(8, 27)
-> Request 1
38
(1, 3, 1)
3
(9, 22)
-> Request 2
63
(3, 2, 2)
1
(59, 31)
-> Request 3
219
(1, 1, 1)
1
(60, 69)
-> Request 4
1326
(1, 2, 1)
3
(53, 37)
--> Day : 3
-> Request 0
1130
(4, 1, 2)
2
(54, 74)
--> Day : 4
-> Request 0
263
(2, 3, 1)
3
(44, 27)
-> Request 1
383
(2, 2, 1)
2
(60, 70)
-> Request 2
611
(1, 2, 2)
3
(49, 33)
-> Request 3
1081
(1, 2, 2)
2
(66, 75)
---> Week : 132
--> Day : 0
-> Request 0
83
(1, 1, 2)
3
(60, 27)
-> Request 1
1193
(1, 2, 1)
3
(47, 42)
--> Day : 1
-> Request 0
202
(3, 1, 2)
3
(63, 74)
-> Request 1
211
(4, 3, 2)
1
(62, 75)
-> Request 2
270
(1, 1, 1)
1
(59, 65)
-> Request 3
598
(3, 2, 2)
3
(8, 20)
-> Request 4
1211
(2, 3, 1)
3
(63, 73)
-> Request 5
1224
(3, 3, 1)
3
(13, 25)
-> Request 6
1225
(3, 2, 1)
2
(59, 40)
-> Request 7
1428
(1, 2, 2)
2
(55, 27)
--> Day : 2
-> Request 0
42
(1, 2, 1)
1
(43, 42)
--> Day : 3
-> Request 0
35
(4, 3, 2)
1
(58, 75)
-> Request 1
187
(3, 1, 1)
2
(44, 40)
-> Request 2
204
(3, 3, 1)
3
(50, 32)
-> Request 3
688
(2, 2, 2)
3
(44, 29)
-> Request 4
792
(3, 1, 2)
3
(62, 36)
-> Request 5
936
(1, 2, 2)
3
(52, 31)
-> Request 6
1030
(4, 1, 2)
2
(58, 41)
--> Day : 4
-> Request 0
332
(4, 1, 2)
3
(51, 36)
-> Request 1
372
(4, 3, 2)
1
(58, 69)
-> Request 2
1307
(1, 3, 2)
1
(47, 34)
-> Request 3
1341
(1, 2, 2)
1
(59, 37)
---> Week : 133
--> Day : 0
-> Request 0
161
(2, 2, 2)
2
(15, 20)
-> Request 1
938
(3, 2, 1)
3
(43, 41)
-> Request 2
1040
(4, 2, 1)
3
(61, 27)
--> Day : 1
-> Request 0
248
(3, 3, 1)
3
(60, 65)
-> Request 1
334
(3, 3, 2)
2
(56, 35)
-> Request 2
574
(3, 1, 1)
1
(48, 36)
-> Request 3
1321
(2, 3, 1)
2
(66, 75)
--> Day : 2
-> Request 0
46
(3, 2, 2)
1
(56, 38)
-> Request 1
665
(2, 3, 2)
3
(59, 34)
-> Request 2
785
(3, 1, 2)
1
(51, 28)
--> Day : 3
-> Request 0
78
(1, 3, 2)
3
(57, 27)
-> Request 1
219
(1, 2, 1)
3
(53, 42)
-> Request 2
385
(1, 3, 2)
1
(58, 70)
-> Request 3
433
(2, 1, 2)
3
(55, 28)
-> Request 4
521
(4, 3, 2)
2
(51, 42)
-> Request 5
599
(2, 2, 2)
1
(50, 46)
-> Request 6
1300
(1, 3, 2)
3
(53, 75)
--> Day : 4
-> Request 0
119
(4, 3, 1)
1
(60, 43)
-> Request 1
268
(3, 2, 1)
2
(11, 26)
-> Request 2
979
(3, 3, 1)
3
(56, 46)
-> Request 3
1200
(4, 1, 1)
2
(49, 38)
-> Request 4
1421
(1, 1, 1)
2
(48, 44)
---> Week : 134
--> Day : 0
-> Request 0
30
(4, 2, 1)
3
(60, 36)
-> Request 1
110
(1, 2, 2)
3
(53, 40)
-> Request 2
356
(3, 3, 2)
2
(57, 39)
-> Request 3
624
(3, 3, 1)
1
(59, 37)
-> Request 4
634
(4, 2, 2)
1
(53, 70)
-> Request 5
1181
(3, 2, 1)
3
(43, 39)
--> Day : 1
-> Request 0
771
(1, 3, 2)
3
(51, 28)
-> Request 1
902
(3, 3, 2)
3
(62, 41)
-> Request 2
930
(3, 3, 1)
2
(59, 76)
-> Request 3
1168
(3, 3, 1)
2
(50, 43)
--> Day : 2
-> Request 0
471
(4, 2, 1)
2
(49, 39)
-> Request 1
728
(2, 2, 2)
2
(48, 43)
-> Request 2
779
(1, 3, 2)
3
(47, 35)
--> Day : 3
-> Request 0
253
(2, 2, 1)
1
(57, 36)
-> Request 1
907
(2, 3, 1)
3
(59, 67)
-> Request 2
939
(4, 2, 1)
3
(44, 31)
-> Request 3
1068
(3, 1, 1)
3
(14, 24)
-> Request 4
1289
(1, 3, 1)
1
(55, 70)
--> Day : 4
-> Request 0
565
(1, 2, 2)
1
(45, 39)
-> Request 1
605
(1, 2, 2)
2
(52, 76)
-> Request 2
1308
(2, 3, 2)
2
(49, 39)
-> Request 3
1338
(2, 1, 2)
3
(10, 24)
-> Request 4
1424
(2, 2, 1)
3
(59, 73)
---> Week : 135
--> Day : 0
-> Request 0
295
(3, 2, 1)
1
(57, 42)
-> Request 1
857
(3, 3, 2)
2
(8, 26)
-> Request 2
1320
(2, 3, 1)
2
(57, 31)
-> Request 3
1380
(3, 1, 1)
2
(58, 73)
--> Day : 1
-> Request 0
2
(3, 1, 1)
2
(61, 31)
-> Request 1
113
(1, 1, 2)
1
(61, 36)
-> Request 2
259
(2, 1, 1)
2
(57, 69)
-> Request 3
364
(2, 2, 2)
3
(14, 29)
-> Request 4
526
(1, 2, 1)
1
(54, 27)
-> Request 5
784
(3, 3, 2)
1
(45, 39)
-> Request 6
853
(3, 1, 2)
2
(14, 21)
-> Request 7
924
(3, 1, 2)
1
(44, 28)
-> Request 8
1217
(2, 1, 1)
1
(57, 34)
-> Request 9
1253
(1, 2, 1)
2
(65, 64)
-> Request 10
1298
(4, 2, 2)
2
(59, 46)
--> Day : 2
-> Request 0
122
(1, 2, 2)
2
(51, 36)
-> Request 1
259
(3, 2, 2)
3
(58, 32)
-> Request 2
310
(3, 2, 2)
3
(53, 42)
-> Request 3
1049
(2, 1, 1)
2
(53, 65)
-> Request 4
1242
(2, 2, 2)
1
(60, 31)
--> Day : 3
-> Request 0
78
(3, 3, 1)
3
(65, 78)
-> Request 1
131
(1, 2, 2)
1
(47, 29)
-> Request 2
348
(3, 3, 1)
3
(50, 43)
-> Request 3
465
(3, 1, 1)
3
(54, 29)
-> Request 4
560
(2, 3, 2)
2
(15, 26)
-> Request 5
579
(4, 2, 1)
3
(57, 66)
-> Request 6
936
(4, 3, 2)
3
(53, 35)
--> Day : 4
-> Request 0
363
(1, 1, 1)
1
(60, 31)
-> Request 1
625
(4, 3, 1)
1
(57, 66)
-> Request 2
805
(1, 3, 1)
1
(65, 67)
-> Request 3
807
(3, 2, 1)
1
(50, 38)
-> Request 4
1015
(1, 3, 1)
1
(53, 39)
-> Request 5
1284
(3, 1, 1)
3
(50, 30)
---> Week : 136
--> Day : 0
-> Request 0
319
(1, 2, 2)
2
(66, 64)
-> Request 1
439
(4, 2, 2)
1
(43, 35)
-> Request 2
961
(1, 1, 2)
1
(50, 42)
--> Day : 1
-> Request 0
578
(2, 3, 2)
1
(47, 29)
-> Request 1
632
(3, 3, 2)
1
(64, 72)
-> Request 2
802
(3, 1, 2)
3
(65, 67)
--> Day : 2
-> Request 0
67
(3, 3, 1)
1
(43, 31)
-> Request 1
495
(2, 3, 2)
2
(59, 66)
-> Request 2
1040
(2, 1, 1)
2
(52, 45)
-> Request 3
1242
(3, 1, 1)
1
(15, 27)
-> Request 4
1280
(3, 2, 2)
1
(47, 36)
--> Day : 3
-> Request 0
464
(2, 3, 1)
2
(66, 69)
-> Request 1
473
(3, 1, 1)
3
(57, 75)
-> Request 2
696
(2, 2, 1)
3
(13, 26)
--> Day : 4
-> Request 0
303
(1, 3, 1)
3
(16, 28)
-> Request 1
367
(4, 2, 1)
3
(54, 76)
-> Request 2
492
(2, 2, 2)
2
(64, 78)
-> Request 3
745
(1, 1, 1)
1
(14, 26)
-> Request 4
798
(2, 3, 2)
3
(13, 23)
-> Request 5
1438
(2, 3, 2)
3
(46, 40)
---> Week : 137
--> Day : 0
-> Request 0
273
(2, 3, 2)
3
(52, 42)
-> Request 1
319
(3, 3, 1)
1
(55, 27)
-> Request 2
590
(3, 1, 2)
3
(50, 33)
-> Request 3
1163
(3, 2, 2)
3
(62, 38)
--> Day : 1
-> Request 0
302
(2, 2, 2)
3
(55, 65)
-> Request 1
584
(3, 2, 2)
3
(58, 66)
-> Request 2
961
(4, 1, 1)
1
(59, 74)
--> Day : 2
-> Request 0
724
(2, 1, 1)
1
(62, 29)
-> Request 1
772
(3, 1, 2)
2
(54, 71)
-> Request 2
794
(3, 3, 2)
1
(12, 23)
-> Request 3
798
(4, 2, 1)
3
(55, 71)
--> Day : 3
-> Request 0
261
(1, 3, 2)
3
(59, 44)
-> Request 1
378
(2, 3, 1)
1
(61, 64)
--> Day : 4
-> Request 0
41
(1, 3, 1)
3
(65, 70)
-> Request 1
54
(2, 3, 1)
3
(11, 21)
-> Request 2
325
(3, 3, 1)
2
(44, 37)
-> Request 3
359
(2, 1, 2)
2
(54, 70)
-> Request 4
1021
(2, 3, 1)
2
(15, 29)
---> Week : 138
--> Day : 0
-> Request 0
31
(2, 3, 1)
2
(17, 27)
-> Request 1
854
(3, 3, 2)
2
(57, 64)
-> Request 2
1334
(1, 1, 2)
1
(52, 45)
--> Day : 1
-> Request 0
645
(4, 3, 2)
1
(52, 28)
-> Request 1
929
(4, 2, 2)
3
(53, 27)
-> Request 2
1384
(1, 1, 2)
3
(58, 70)
--> Day : 2
-> Request 0
216
(3, 1, 2)
2
(64, 70)
--> Day : 3
-> Request 0
263
(4, 1, 1)
2
(53, 71)
-> Request 1
318
(1, 1, 1)
2
(58, 73)
-> Request 2
436
(1, 3, 1)
2
(62, 30)
-> Request 3
528
(2, 1, 1)
3
(52, 42)
-> Request 4
622
(2, 2, 2)
3
(46, 45)
-> Request 5
1224
(4, 2, 1)
3
(59, 45)
--> Day : 4
-> Request 0
65
(4, 2, 2)
3
(55, 64)
-> Request 1
150
(2, 2, 2)
3
(62, 72)
-> Request 2
349
(4, 2, 2)
3
(11, 23)
-> Request 3
498
(1, 3, 1)
1
(54, 64)
-> Request 4
1064
(3, 2, 1)
1
(15, 29)
---> Week : 139
--> Day : 0
-> Request 0
3
(4, 2, 1)
3
(49, 30)
-> Request 1
249
(1, 1, 1)
2
(13, 23)
-> Request 2
1143
(4, 2, 1)
3
(45, 41)
-> Request 3
1369
(4, 2, 1)
3
(15, 21)
--> Day : 1
-> Request 0
251
(2, 2, 1)
3
(61, 69)
-> Request 1
1045
(4, 1, 2)
3
(53, 45)
-> Request 2
1177
(4, 3, 1)
3
(10, 28)
-> Request 3
1413
(3, 1, 2)
2
(55, 41)
--> Day : 2
-> Request 0
360
(1, 1, 1)
1
(47, 27)
-> Request 1
871
(4, 2, 2)
2
(52, 32)
-> Request 2
1025
(1, 2, 2)
3
(13, 21)
-> Request 3
1111
(1, 2, 1)
3
(16, 24)
--> Day : 3
-> Request 0
6
(4, 1, 1)
3
(47, 36)
-> Request 1
190
(3, 1, 2)
1
(57, 34)
-> Request 2
1051
(3, 2, 1)
1
(59, 64)
--> Day : 4
-> Request 0
98
(1, 2, 1)
2
(14, 22)
-> Request 1
183
(3, 2, 2)
2
(57, 43)
-> Request 2
398
(4, 2, 2)
1
(60, 70)
-> Request 3
430
(2, 1, 2)
3
(48, 38)
---> Week : 140
--> Day : 0
-> Request 0
839
(2, 1, 1)
3
(55, 36)
-> Request 1
898
(2, 1, 1)
1
(46, 42)
-> Request 2
961
(4, 3, 1)
3
(51, 45)
--> Day : 1
-> Request 0
92
(3, 1, 1)
3
(61, 76)
-> Request 1
252
(2, 3, 1)
2
(56, 71)
-> Request 2
391
(2, 1, 1)
3
(52, 45)
-> Request 3
768
(4, 2, 1)
2
(44, 39)
-> Request 4
851
(4, 3, 1)
1
(60, 36)
-> Request 5
940
(2, 1, 2)
2
(64, 77)
-> Request 6
1066
(1, 3, 2)
1
(53, 76)
-> Request 7
1192
(3, 3, 1)
2
(59, 38)
-> Request 8
1284
(1, 2, 2)
3
(47, 29)
--> Day : 2
-> Request 0
88
(3, 1, 1)
2
(58, 30)
-> Request 1
591
(1, 3, 2)
1
(49, 28)
-> Request 2
1073
(2, 1, 2)
1
(55, 64)
-> Request 3
1205
(1, 3, 2)
2
(59, 40)
-> Request 4
1226
(1, 3, 1)
2
(58, 75)
-> Request 5
1383
(1, 3, 1)
2
(15, 26)
--> Day : 3
-> Request 0
665
(1, 1, 2)
1
(52, 28)
-> Request 1
1179
(4, 3, 2)
1
(60, 30)
-> Request 2
1354
(4, 2, 1)
2
(17, 29)
--> Day : 4
-> Request 0
118
(1, 3, 2)
1
(61, 27)
-> Request 1
171
(2, 1, 1)
3
(57, 45)
-> Request 2
1174
(2, 1, 1)
3
(9, 26)
-> Request 3
1181
(1, 3, 1)
1
(61, 66)
-> Request 4
1325
(1, 1, 2)
3
(17, 26)
-> Request 5
1423
(4, 2, 2)
2
(55, 33)
---> Week : 141
--> Day : 0
-> Request 0
409
(4, 3, 2)
3
(8, 21)
-> Request 1
1039
(4, 1, 1)
3
(10, 20)
--> Day : 1
-> Request 0
525
(4, 3, 2)
3
(66, 73)
-> Request 1
946
(3, 3, 1)
3
(53, 34)
-> Request 2
1105
(3, 2, 1)
1
(46, 29)
--> Day : 2
-> Request 0
371
(4, 3, 2)
2
(54, 32)
-> Request 1
421
(2, 2, 2)
1
(54, 64)
-> Request 2
561
(1, 1, 1)
3
(15, 26)
-> Request 3
1257
(4, 1, 1)
3
(9, 20)
-> Request 4
1316
(2, 3, 1)
1
(53, 78)
--> Day : 3
-> Request 0
597
(1, 1, 1)
1
(15, 25)
-> Request 1
694
(1, 1, 1)
3
(57, 30)
-> Request 2
1024
(3, 3, 1)
3
(57, 69)
-> Request 3
1093
(1, 1, 1)
3
(51, 27)
--> Day : 4
-> Request 0
283
(1, 3, 1)
1
(58, 67)
-> Request 1
691
(3, 1, 1)
2
(60, 72)
-> Request 2
819
(4, 1, 2)
2
(49, 35)
-> Request 3
1236
(3, 3, 2)
1
(66, 76)
---> Week : 142
--> Day : 0
-> Request 0
296
(3, 2, 1)
2
(54, 70)
--> Day : 1
-> Request 0
444
(3, 2, 2)
1
(54, 38)
-> Request 1
686
(2, 2, 1)
2
(49, 36)
-> Request 2
1272
(2, 3, 2)
2
(59, 64)
--> Day : 2
-> Request 0
124
(4, 1, 1)
1
(54, 28)
-> Request 1
125
(2, 2, 2)
1
(54, 65)
-> Request 2
569
(4, 2, 1)
1
(43, 29)
-> Request 3
588
(2, 2, 2)
1
(57, 68)
-> Request 4
967
(2, 2, 2)
2
(58, 44)
-> Request 5
988
(4, 1, 2)
1
(57, 40)
-> Request 6
1002
(4, 2, 2)
1
(48, 46)
-> Request 7
1400
(2, 2, 1)
1
(50, 28)
--> Day : 3
-> Request 0
268
(2, 1, 1)
1
(50, 29)
-> Request 1
804
(2, 3, 1)
1
(63, 69)
--> Day : 4
-> Request 0
500
(2, 1, 1)
1
(52, 31)
-> Request 1
1351
(1, 2, 2)
2
(45, 35)
---> Week : 143
--> Day : 0
-> Request 0
265
(2, 2, 1)
3
(55, 76)
-> Request 1
265
(3, 3, 2)
2
(55, 37)
-> Request 2
285
(3, 2, 1)
2
(59, 74)
-> Request 3
759
(4, 1, 1)
1
(53, 73)
-> Request 4
939
(4, 1, 1)
1
(55, 34)
-> Request 5
1228
(2, 2, 2)
2
(49, 46)
--> Day : 1
-> Request 0
55
(4, 2, 1)
2
(65, 67)
-> Request 1
416
(1, 2, 1)
1
(65, 78)
--> Day : 2
-> Request 0
160
(2, 3, 1)
2
(53, 77)
-> Request 1
480
(4, 1, 1)
2
(63, 73)
-> Request 2
643
(1, 1, 1)
2
(61, 27)
-> Request 3
1066
(2, 1, 2)
1
(62, 42)
-> Request 4
1188
(4, 1, 2)
2
(50, 46)
-> Request 5
1284
(2, 2, 2)
3
(54, 71)
--> Day : 3
-> Request 0
798
(4, 3, 2)
2
(50, 45)
-> Request 1
821
(3, 3, 1)
1
(9, 27)
--> Day : 4
-> Request 0
118
(2, 3, 2)
3
(57, 70)
-> Request 1
808
(3, 3, 2)
2
(17, 25)
-> Request 2
812
(4, 2, 1)
3
(61, 36)
-> Request 3
907
(1, 3, 2)
1
(10, 29)
-> Request 4
923
(2, 2, 2)
3
(55, 77)
-> Request 5
1090
(2, 3, 1)
2
(47, 43)
---> Week : 144
--> Day : 0
-> Request 0
1
(4, 2, 2)
1
(61, 33)
-> Request 1
398
(2, 3, 2)
1
(56, 72)
-> Request 2
410
(2, 3, 1)
1
(56, 31)
-> Request 3
680
(3, 1, 2)
2
(57, 27)
-> Request 4
715
(2, 3, 1)
2
(45, 45)
-> Request 5
716
(1, 3, 2)
1
(58, 30)
-> Request 6
1100
(2, 2, 2)
2
(61, 46)
-> Request 7
1262
(3, 2, 2)
1
(9, 22)
--> Day : 1
-> Request 0
18
(4, 2, 1)
3
(60, 39)
-> Request 1
467
(2, 2, 2)
3
(48, 41)
-> Request 2
594
(2, 3, 2)
1
(57, 42)
-> Request 3
736
(4, 2, 2)
1
(59, 34)
-> Request 4
799
(2, 3, 2)
3
(47, 32)
--> Day : 2
-> Request 0
566
(2, 2, 1)
3
(66, 66)
-> Request 1
871
(1, 2, 1)
3
(60, 69)
-> Request 2
1181
(4, 3, 2)
2
(15, 25)
-> Request 3
1238
(2, 1, 2)
1
(46, 37)
--> Day : 3
-> Request 0
440
(4, 2, 1)
2
(60, 72)
--> Day : 4
-> Request 0
437
(1, 3, 2)
2
(63, 70)
-> Request 1
1014
(3, 1, 2)
2
(9, 26)
-> Request 2
1022
(4, 1, 1)
3
(45, 45)
---> Week : 145
--> Day : 0
-> Request 0
104
(1, 1, 2)
3
(17, 28)
-> Request 1
130
(1, 3, 2)
1
(54, 65)
-> Request 2
228
(4, 2, 1)
2
(13, 21)
-> Request 3
1029
(2, 2, 1)
2
(9, 21)
-> Request 4
1321
(3, 1, 1)
1
(52, 69)
-> Request 5
1342
(4, 2, 2)
1
(54, 67)
--> Day : 1
-> Request 0
227
(4, 2, 1)
1
(66, 65)
-> Request 1
284
(1, 1, 2)
2
(56, 72)
-> Request 2
633
(2, 1, 1)
1
(54, 45)
-> Request 3
646
(3, 3, 2)
2
(58, 44)
-> Request 4
724
(4, 3, 1)
2
(55, 65)
-> Request 5
1011
(1, 1, 2)
1
(50, 37)
-> Request 6
1066
(1, 1, 2)
2
(15, 29)
-> Request 7
1267
(1, 3, 2)
3
(9, 23)
--> Day : 2
-> Request 0
282
(1, 2, 1)
2
(60, 28)
-> Request 1
322
(2, 1, 1)
1
(43, 46)
-> Request 2
375
(1, 1, 2)
3
(13, 24)
-> Request 3
473
(4, 3, 1)
3
(51, 44)
-> Request 4
802
(4, 1, 2)
1
(52, 33)
-> Request 5
895
(1, 1, 1)
2
(60, 35)
-> Request 6
1360
(2, 3, 1)
1
(56, 36)
--> Day : 3
-> Request 0
29
(4, 3, 1)
3
(47, 38)
-> Request 1
503
(3, 2, 2)
3
(59, 28)
-> Request 2
740
(3, 1, 2)
1
(61, 32)
-> Request 3
833
(2, 1, 2)
3
(46, 34)
-> Request 4
1019
(2, 2, 2)
3
(12, 23)
--> Day : 4
-> Request 0
25
(1, 3, 1)
1
(8, 23)
-> Request 1
247
(1, 3, 2)
1
(9, 21)
-> Request 2
454
(4, 1, 1)
3
(13, 25)
-> Request 3
617
(3, 2, 1)
1
(57, 67)
---> Week : 146
--> Day : 0
-> Request 0
108
(4, 1, 1)
1
(56, 78)
-> Request 1
470
(4, 2, 1)
2
(17, 29)
-> Request 2
700
(4, 3, 2)
1
(62, 45)
--> Day : 1
-> Request 0
76
(1, 3, 1)
2
(57, 43)
-> Request 1
192
(1, 1, 2)
1
(47, 35)
-> Request 2
754
(3, 1, 1)
2
(55, 75)
-> Request 3
847
(3, 1, 1)
2
(66, 75)
-> Request 4
981
(3, 1, 2)
1
(8, 25)
-> Request 5
1063
(4, 1, 1)
1
(14, 21)
--> Day : 2
-> Request 0
105
(3, 2, 2)
3
(55, 31)
-> Request 1
917
(2, 1, 2)
2
(54, 72)
--> Day : 3
-> Request 0
119
(2, 2, 2)
1
(58, 31)
-> Request 1
380
(3, 2, 1)
2
(10, 24)
-> Request 2
852
(1, 3, 2)
3
(53, 77)
-> Request 3
951
(1, 2, 2)
1
(10, 23)
-> Request 4
1308
(2, 3, 1)
1
(52, 31)
--> Day : 4
-> Request 0
89
(4, 2, 2)
3
(50, 37)
-> Request 1
671
(2, 1, 1)
3
(60, 73)
-> Request 2
956
(1, 2, 2)
1
(60, 41)
-> Request 3
1100
(4, 2, 2)
3
(57, 78)
-> Request 4
1107
(4, 3, 1)
1
(9, 26)
---> Week : 147
--> Day : 0
-> Request 0
324
(4, 2, 1)
1
(60, 38)
-> Request 1
847
(4, 1, 1)
3
(54, 44)
-> Request 2
1120
(1, 2, 2)
1
(61, 73)
--> Day : 1
-> Request 0
63
(3, 2, 1)
3
(55, 73)
-> Request 1
313
(4, 2, 1)
2
(57, 74)
-> Request 2
469
(3, 3, 1)
3
(57, 73)
-> Request 3
805
(2, 2, 1)
1
(50, 30)
-> Request 4
1055
(3, 1, 1)
2
(61, 41)
--> Day : 2
-> Request 0
155
(1, 2, 1)
2
(53, 64)
-> Request 1
562
(4, 3, 2)
1
(51, 45)
--> Day : 3
-> Request 0
142
(1, 3, 1)
3
(63, 67)
-> Request 1
936
(2, 1, 2)
2
(43, 39)
--> Day : 4
-> Request 0
717
(1, 2, 2)
2
(66, 72)
-> Request 1
952
(4, 3, 2)
3
(52, 40)
-> Request 2
961
(4, 2, 1)
1
(48, 37)
-> Request 3
1002
(1, 1, 2)
1
(45, 29)
-> Request 4
1052
(1, 2, 2)
2
(46, 36)
-> Request 5
1081
(2, 2, 1)
3
(51, 38)
-> Request 6
1092
(1, 2, 2)
2
(14, 23)
-> Request 7
1258
(3, 2, 2)
2
(49, 32)
-> Request 8
1310
(4, 3, 2)
2
(45, 30)
---> Week : 148
--> Day : 0
-> Request 0
526
(2, 2, 2)
2
(44, 36)
-> Request 1
766
(1, 2, 1)
3
(58, 46)
-> Request 2
1091
(3, 1, 2)
1
(50, 30)
-> Request 3
1250
(3, 1, 1)
1
(55, 42)
--> Day : 1
-> Request 0
668
(2, 2, 1)
2
(66, 64)
-> Request 1
902
(4, 1, 2)
3
(9, 23)
-> Request 2
987
(3, 2, 1)
2
(62, 36)
-> Request 3
1179
(1, 3, 1)
3
(54, 77)
--> Day : 2
-> Request 0
368
(1, 2, 1)
3
(60, 28)
-> Request 1
676
(4, 3, 1)
1
(63, 71)
-> Request 2
693
(2, 1, 2)
1
(43, 43)
-> Request 3
725
(2, 1, 2)
3
(55, 39)
--> Day : 3
-> Request 0
240
(3, 3, 1)
3
(53, 28)
-> Request 1
417
(1, 3, 1)
2
(17, 25)
-> Request 2
519
(1, 3, 2)
3
(58, 74)
-> Request 3
1070
(2, 1, 1)
3
(55, 76)
-> Request 4
1147
(4, 2, 2)
2
(48, 29)
-> Request 5
1280
(1, 1, 1)
2
(16, 25)
--> Day : 4
-> Request 0
309
(1, 2, 2)
1
(57, 35)
-> Request 1
651
(4, 3, 1)
1
(56, 65)
-> Request 2
695
(1, 3, 1)
3
(57, 37)
-> Request 3
826
(3, 3, 1)
3
(10, 27)
-> Request 4
940
(3, 2, 2)
3
(9, 25)
-> Request 5
1157
(2, 1, 1)
2
(62, 67)
---> Week : 149
--> Day : 0
-> Request 0
36
(1, 3, 1)
3
(53, 68)
-> Request 1
163
(4, 2, 2)
3
(49, 29)
-> Request 2
257
(4, 2, 2)
3
(60, 69)
-> Request 3
1091
(1, 2, 1)
1
(61, 74)
-> Request 4
1114
(1, 2, 2)
3
(15, 23)
--> Day : 1
-> Request 0
628
(1, 2, 2)
2
(55, 46)
-> Request 1
1088
(4, 3, 1)
1
(61, 75)
-> Request 2
1288
(4, 1, 2)
1
(62, 45)
-> Request 3
1402
(1, 1, 2)
3
(48, 43)
--> Day : 2
-> Request 0
136
(4, 3, 2)
1
(60, 76)
-> Request 1
577
(3, 3, 1)
1
(16, 26)
-> Request 2
800
(1, 1, 1)
1
(62, 73)
-> Request 3
820
(4, 2, 1)
3
(49, 44)
-> Request 4
853
(1, 2, 1)
2
(50, 33)
-> Request 5
941
(1, 1, 1)
1
(43, 28)
-> Request 6
1248
(1, 1, 2)
1
(53, 65)
--> Day : 3
-> Request 0
127
(2, 1, 2)
3
(52, 67)
-> Request 1
247
(4, 1, 1)
2
(58, 42)
-> Request 2
564
(3, 1, 1)
1
(13, 23)
-> Request 3
737
(1, 2, 1)
2
(57, 77)
-> Request 4
795
(1, 3, 2)
1
(57, 32)
-> Request 5
816
(3, 2, 1)
2
(60, 39)
-> Request 6
965
(2, 1, 2)
1
(44, 45)
-> Request 7
1209
(4, 2, 2)
3
(59, 32)
--> Day : 4
